track_id,label,frame,outside,occluded,xtl,ytl,xbr,ybr,jersey_number
0,player,0,0,0,827.4,490.3,892.7,615.8,30
0,player,1,0,0,825.72,490.6,891.02,616.1,30
0,player,2,0,0,824.05,490.89,889.35,616.39,30
0,player,3,0,0,822.37,491.19,887.67,616.69,30
0,player,4,0,0,813.23,491.48,878.53,616.98,30
0,player,5,0,0,804.1,491.78,869.4,617.28,30
0,player,6,0,0,794.96,492.08,860.26,617.58,30
0,player,7,0,0,785.82,492.37,851.12,617.87,30
0,player,8,0,0,776.69,492.67,841.99,618.17,30
0,player,9,0,0,767.55,492.96,832.85,618.46,30
0,player,10,0,0,758.41,493.26,823.71,618.76,30
0,player,11,0,0,749.28,493.55,814.58,619.05,30
0,player,12,0,0,737.02,494.13,802.32,619.63,30
0,player,13,0,0,724.77,494.7,790.07,620.2,30
0,player,14,0,0,712.51,495.28,777.81,620.78,30
0,player,15,0,0,700.26,495.85,765.56,621.35,30
0,player,16,0,0,688.0,496.43,753.3,621.93,30
0,player,17,0,0,675.75,497.0,741.05,622.5,30
0,player,18,0,0,663.49,497.58,728.79,623.08,30
0,player,19,0,0,651.24,498.15,716.54,623.65,30
0,player,20,0,0,638.99,498.72,704.29,624.22,30
0,player,21,0,0,626.73,499.3,692.03,624.8,30
0,player,22,0,0,614.48,499.87,679.78,625.37,30
0,player,23,0,0,602.22,500.45,667.52,625.95,30
0,player,24,0,0,589.97,501.02,655.27,626.52,30
0,player,25,0,0,577.71,501.6,643.01,627.1,30
0,player,26,0,0,565.46,502.17,630.76,627.67,30
0,player,27,0,0,553.2,502.75,618.5,628.25,30
0,player,28,0,0,540.95,503.32,606.25,628.82,30
0,player,29,0,0,540.59,503.32,605.89,628.82,30
0,player,30,0,0,540.23,503.32,605.53,628.82,30
0,player,31,0,0,539.87,503.32,605.17,628.82,30
0,player,32,0,0,539.51,503.32,604.81,628.82,30
0,player,33,0,0,539.15,503.32,604.45,628.82,30
0,player,34,0,0,538.79,503.32,604.09,628.82,30
0,player,35,0,0,538.43,503.32,603.73,628.82,30
0,player,36,0,0,538.07,503.32,603.37,628.82,30
0,player,37,0,0,537.71,503.32,603.01,628.82,30
0,player,38,0,0,537.35,503.32,602.65,628.82,30
0,player,39,0,0,536.99,503.32,602.29,628.82,30
0,player,40,0,0,536.63,503.32,601.93,628.82,30
0,player,41,0,0,536.27,503.32,601.57,628.82,30
0,player,42,0,0,535.91,503.32,601.21,628.82,30
0,player,43,0,0,535.55,503.32,600.85,628.82,30
0,player,44,0,0,535.19,503.32,600.49,628.82,30
0,player,45,0,0,534.83,503.32,600.13,628.82,30
0,player,46,0,0,534.46,503.32,599.76,628.82,30
0,player,47,0,0,534.1,503.32,599.4,628.82,30
0,player,48,0,0,533.74,503.32,599.04,628.82,30
0,player,49,0,0,533.38,503.32,598.68,628.82,30
0,player,50,0,0,533.02,503.32,598.32,628.82,30
0,player,51,0,0,532.66,503.32,597.96,628.82,30
0,player,52,0,0,532.3,503.32,597.6,628.82,30
0,player,53,0,0,531.94,503.32,597.24,628.82,30
0,player,54,0,0,531.58,503.32,596.88,628.82,30
0,player,55,0,0,531.22,503.32,596.52,628.82,30
0,player,56,0,0,530.86,503.32,596.16,628.82,30
0,player,57,0,0,530.5,503.32,595.8,628.82,30
0,player,58,0,0,530.14,503.32,595.44,628.82,30
0,player,59,0,0,529.78,503.32,595.08,628.82,30
0,player,60,0,0,529.42,503.32,594.72,628.82,30
0,player,61,0,0,529.06,503.32,594.36,628.82,30
0,player,62,0,0,528.7,503.32,594.0,628.82,30
0,player,63,0,0,528.34,503.32,593.64,628.82,30
0,player,64,0,0,527.98,503.32,593.28,628.82,30
0,player,65,0,0,527.62,503.32,592.92,628.82,30
0,player,66,0,0,527.26,503.32,592.56,628.82,30
0,player,67,0,0,526.9,503.32,592.2,628.82,30
0,player,68,0,0,526.54,503.32,591.84,628.82,30
0,player,69,0,0,526.18,503.32,591.48,628.82,30
0,player,70,0,0,525.82,503.32,591.12,628.82,30
0,player,71,0,0,525.46,503.32,590.76,628.82,30
0,player,72,0,0,525.1,503.32,590.4,628.82,30
0,player,73,0,0,524.74,503.32,590.04,628.82,30
0,player,74,0,0,524.38,503.32,589.68,628.82,30
0,player,75,0,0,524.02,503.32,589.32,628.82,30
0,player,76,0,0,523.66,503.32,588.96,628.82,30
0,player,77,0,0,523.3,503.32,588.6,628.82,30
0,player,78,0,0,522.94,503.32,588.24,628.82,30
0,player,79,0,0,522.58,503.32,587.88,628.82,30
0,player,80,0,0,522.22,503.32,587.52,628.82,30
0,player,81,0,0,521.86,503.32,587.16,628.82,30
0,player,82,0,0,521.5,503.32,586.8,628.82,30
0,player,83,0,0,521.14,503.32,586.44,628.82,30
0,player,84,0,0,520.78,503.32,586.08,628.82,30
0,player,85,0,0,520.42,503.32,585.72,628.82,30
0,player,86,0,0,520.06,503.32,585.36,628.82,30
0,player,87,0,0,519.7,503.32,585.0,628.82,30
0,player,88,0,0,519.33,503.32,584.63,628.82,30
0,player,89,0,0,518.97,503.32,584.27,628.82,30
0,player,90,0,0,518.61,503.32,583.91,628.82,30
0,player,91,0,0,518.25,503.32,583.55,628.82,30
0,player,92,0,0,517.89,503.32,583.19,628.82,30
0,player,93,0,0,517.53,503.32,582.83,628.82,30
0,player,94,0,0,517.17,503.32,582.47,628.82,30
0,player,95,0,0,516.81,503.32,582.11,628.82,30
0,player,96,0,0,516.45,503.32,581.75,628.82,30
0,player,97,0,0,516.09,503.32,581.39,628.82,30
0,player,98,0,0,515.73,503.32,581.03,628.82,30
0,player,99,0,0,515.37,503.32,580.67,628.82,30
0,player,100,0,0,515.01,503.32,580.31,628.82,30
0,player,101,0,0,514.65,503.32,579.95,628.82,30
0,player,102,0,0,514.29,503.32,579.59,628.82,30
0,player,103,0,0,513.93,503.32,579.23,628.82,30
0,player,104,0,0,513.57,503.32,578.87,628.82,30
0,player,105,0,0,513.21,503.32,578.51,628.82,30
0,player,106,0,0,512.85,503.32,578.15,628.82,30
0,player,107,0,0,512.49,503.32,577.79,628.82,30
0,player,108,0,0,512.13,503.32,577.43,628.82,30
0,player,109,0,0,511.77,503.32,577.07,628.82,30
0,player,110,0,0,511.41,503.32,576.71,628.82,30
0,player,111,0,0,511.05,503.32,576.35,628.82,30
0,player,112,0,0,510.69,503.32,575.99,628.82,30
0,player,113,0,0,510.33,503.32,575.63,628.82,30
0,player,114,0,0,509.97,503.32,575.27,628.82,30
0,player,115,0,0,509.61,503.32,574.91,628.82,30
0,player,116,0,0,509.25,503.32,574.55,628.82,30
0,player,117,0,0,508.89,503.32,574.19,628.82,30
0,player,118,0,0,508.53,503.32,573.83,628.82,30
0,player,119,0,0,508.17,503.32,573.47,628.82,30
0,player,120,0,0,507.81,503.32,573.11,628.82,30
0,player,121,0,0,507.45,503.32,572.75,628.82,30
0,player,122,0,0,507.09,503.32,572.39,628.82,30
0,player,123,0,0,506.73,503.32,572.03,628.82,30
0,player,124,0,0,506.37,503.32,571.67,628.82,30
0,player,125,0,0,506.01,503.32,571.31,628.82,30
0,player,126,0,0,505.65,503.32,570.95,628.82,30
0,player,127,0,0,505.29,503.32,570.59,628.82,30
0,player,128,0,0,504.93,503.32,570.23,628.82,30
0,player,129,0,0,504.57,503.32,569.87,628.82,30
0,player,130,0,0,504.2,503.32,569.5,628.82,30
0,player,131,0,0,503.84,503.32,569.14,628.82,30
0,player,132,0,0,503.48,503.32,568.78,628.82,30
0,player,133,0,0,504.93,503.4,570.23,628.9,30
0,player,134,0,0,506.38,503.47,571.68,628.97,30
0,player,135,0,0,507.83,503.55,573.13,629.05,30
0,player,136,0,0,509.28,503.63,574.58,629.13,30
0,player,137,0,0,510.73,503.7,576.03,629.2,30
0,player,138,0,0,512.18,503.78,577.48,629.28,30
0,player,139,0,0,513.63,503.85,578.93,629.35,30
0,player,140,0,0,515.08,503.93,580.38,629.43,30
0,player,141,0,0,516.52,504.01,581.82,629.51,30
0,player,142,0,0,517.97,504.08,583.27,629.58,30
0,player,143,0,0,519.42,504.16,584.72,629.66,30
0,player,144,0,0,520.87,504.24,586.17,629.74,30
0,player,145,0,0,522.32,504.31,587.62,629.81,30
0,player,146,0,0,523.77,504.39,589.07,629.89,30
0,player,147,0,0,525.22,504.46,590.52,629.96,30
0,player,148,0,0,526.67,504.54,591.97,630.04,30
0,player,149,0,0,528.12,504.62,593.42,630.12,30
0,player,150,0,0,529.56,504.69,594.86,630.19,30
0,player,151,0,0,531.01,504.77,596.31,630.27,30
0,player,152,0,0,532.46,504.85,597.76,630.35,30
0,player,153,0,0,533.91,504.92,599.21,630.42,30
0,player,154,0,0,535.36,505.0,600.66,630.5,30
0,player,155,0,0,536.81,505.07,602.11,630.57,30
0,player,156,0,0,538.26,505.15,603.56,630.65,30
0,player,157,0,0,539.71,505.23,605.01,630.73,30
0,player,158,0,0,541.16,505.3,606.46,630.8,30
0,player,159,0,0,542.6,505.38,607.9,630.88,30
0,player,160,0,0,544.05,505.46,609.35,630.96,30
0,player,161,0,0,545.5,505.53,610.8,631.03,30
0,player,162,0,0,546.95,505.61,612.25,631.11,30
0,player,163,0,0,548.4,505.68,613.7,631.18,30
0,player,164,0,0,549.85,505.76,615.15,631.26,30
0,player,165,0,0,551.3,505.84,616.6,631.34,30
0,player,166,0,0,552.75,505.91,618.05,631.41,30
0,player,167,0,0,554.2,505.99,619.5,631.49,30
0,player,168,0,0,555.64,506.07,620.94,631.57,30
0,player,169,0,0,557.09,506.14,622.39,631.64,30
0,player,170,0,0,558.54,506.22,623.84,631.72,30
0,player,171,0,0,565.14,506.22,630.44,631.72,30
0,player,172,0,0,571.74,506.22,637.04,631.72,30
0,player,173,0,0,578.34,506.22,643.64,631.72,30
0,player,174,0,0,584.94,506.22,650.24,631.72,30
0,player,175,0,0,591.54,506.22,656.84,631.72,30
0,player,176,0,0,598.14,506.22,663.44,631.72,30
0,player,177,0,0,604.74,506.22,670.04,631.72,30
0,player,178,0,0,611.34,506.22,676.64,631.72,30
0,player,179,0,0,617.94,506.22,683.24,631.72,30
0,player,180,0,0,624.54,506.22,689.84,631.72,30
0,player,181,0,0,631.99,506.55,697.29,632.05,30
0,player,182,0,0,639.43,506.88,704.73,632.38,30
0,player,183,0,0,646.88,507.22,712.18,632.72,30
0,player,184,0,0,654.32,507.55,719.62,633.05,30
0,player,185,0,0,661.76,507.88,727.06,633.38,30
0,player,186,0,0,669.21,508.22,734.51,633.72,30
0,player,187,0,0,676.65,508.55,741.95,634.05,30
0,player,188,0,0,684.1,508.88,749.4,634.38,30
0,player,189,0,0,691.54,509.22,756.84,634.72,30
0,player,190,0,0,698.99,509.55,764.29,635.05,30
0,player,191,0,0,706.43,509.88,771.73,635.38,30
0,player,192,0,0,713.87,510.22,779.17,635.72,30
0,player,193,0,0,721.32,510.55,786.62,636.05,30
0,player,194,0,0,728.76,510.88,794.06,636.38,30
0,player,195,0,0,736.21,511.22,801.51,636.72,30
0,player,196,0,0,743.65,511.55,808.95,637.05,30
0,player,197,0,0,751.1,511.88,816.4,637.38,30
0,player,198,0,0,758.54,512.22,823.84,637.72,30
0,player,199,0,0,765.99,512.55,831.29,638.05,30
0,player,200,0,0,773.43,512.88,838.73,638.38,30
0,player,201,0,0,780.87,513.22,846.17,638.72,30
0,player,202,0,0,788.32,513.55,853.62,639.05,30
0,player,203,0,0,792.55,512.78,857.85,638.28,30
0,player,204,0,0,796.78,512.01,862.08,637.51,30
0,player,205,0,0,801.01,511.24,866.31,636.74,30
0,player,206,0,0,805.24,510.47,870.54,635.97,30
0,player,207,0,0,809.47,509.71,874.77,635.21,30
0,player,208,0,0,813.7,508.94,879.0,634.44,30
0,player,209,0,0,817.93,508.17,883.23,633.67,30
0,player,210,0,0,822.16,507.4,887.46,632.9,30
0,player,211,0,0,826.39,506.63,891.69,632.13,30
0,player,212,0,0,830.62,505.86,895.92,631.36,30
0,player,213,0,0,834.85,505.09,900.15,630.59,30
0,player,214,0,0,839.08,504.32,904.38,629.82,30
0,player,215,0,0,843.31,503.55,908.61,629.05,30
0,player,216,0,0,847.54,502.78,912.84,628.28,30
0,player,217,0,0,852.37,502.99,917.67,628.49,30
0,player,218,0,0,857.2,503.2,922.5,628.7,30
0,player,219,0,0,862.03,503.41,927.33,628.91,30
0,player,220,0,0,866.86,503.62,932.16,629.12,30
0,player,221,0,0,871.69,503.82,936.99,629.32,30
0,player,222,0,0,876.52,504.03,941.82,629.53,30
0,player,223,0,0,881.35,504.24,946.65,629.74,30
0,player,224,0,0,886.18,504.45,951.48,629.95,30
0,player,225,0,0,891.01,504.65,956.31,630.15,30
0,player,226,0,0,895.84,504.86,961.14,630.36,30
0,player,227,0,0,900.67,505.07,965.97,630.57,30
0,player,228,0,0,905.5,505.28,970.8,630.78,30
0,player,229,0,0,910.34,505.49,975.64,630.99,30
0,player,230,0,0,915.17,505.69,980.47,631.19,30
0,player,231,0,0,920.0,505.9,985.3,631.4,30
0,player,232,0,0,924.83,506.11,990.13,631.61,30
0,player,233,0,0,929.66,506.32,994.96,631.82,30
0,player,234,0,0,934.49,506.52,999.79,632.02,30
0,player,235,0,0,939.32,506.73,1004.62,632.23,30
0,player,236,0,0,944.15,506.94,1009.45,632.44,30
0,player,237,0,0,948.98,507.15,1014.28,632.65,30
0,player,238,0,0,953.81,507.36,1019.11,632.86,30
0,player,239,0,0,958.64,507.56,1023.94,633.06,30
0,player,240,0,0,963.47,507.77,1028.77,633.27,30
0,player,241,0,0,968.31,507.98,1033.61,633.48,30
0,player,242,0,0,973.14,508.19,1038.44,633.69,30
0,player,243,0,0,977.97,508.39,1043.27,633.89,30
0,player,244,0,0,982.8,508.6,1048.1,634.1,30
0,player,245,0,0,987.63,508.81,1052.93,634.31,30
0,player,246,0,0,992.46,509.02,1057.76,634.52,30
0,player,247,0,0,997.29,509.22,1062.59,634.73,30
0,player,248,0,0,1002.12,509.43,1067.42,634.93,30
0,player,249,0,0,1006.95,509.64,1072.25,635.14,30
0,player,250,0,0,1011.78,509.85,1077.08,635.35,30
0,player,251,0,0,1016.61,510.06,1081.91,635.56,30
0,player,252,0,0,1021.44,510.26,1086.74,635.76,30
0,player,253,0,0,1026.28,510.47,1091.58,635.97,30
0,player,254,0,0,1031.11,510.68,1096.41,636.18,30
0,player,255,0,0,1035.94,510.89,1101.24,636.39,30
0,player,256,0,0,1040.77,511.09,1106.07,636.6,30
0,player,257,0,0,1045.6,511.3,1110.9,636.8,30
0,player,258,0,0,1050.43,511.51,1115.73,637.01,30
0,player,259,0,0,1055.26,511.72,1120.56,637.22,30
0,player,260,0,0,1060.09,511.93,1125.39,637.43,30
0,player,261,0,0,1064.92,512.13,1130.22,637.63,30
0,player,262,0,0,1069.75,512.34,1135.05,637.84,30
0,player,263,0,0,1074.58,512.55,1139.88,638.05,30
0,player,264,0,0,1079.41,512.76,1144.71,638.26,30
0,player,265,0,0,1084.25,512.96,1149.55,638.47,30
0,player,266,0,0,1089.08,513.17,1154.38,638.67,30
0,player,267,0,0,1093.91,513.38,1159.21,638.88,30
0,player,268,0,0,1098.74,513.59,1164.04,639.09,30
0,player,269,0,0,1103.57,513.8,1168.87,639.3,30
0,player,270,0,0,1105.24,514.56,1170.54,640.06,30
0,player,271,0,0,1106.91,515.32,1172.21,640.82,30
0,player,272,0,0,1108.59,516.08,1173.89,641.58,30
0,player,273,0,0,1110.26,516.84,1175.56,642.34,30
0,player,274,0,0,1111.93,517.6,1177.23,643.1,30
0,player,275,0,0,1113.6,518.36,1178.9,643.86,30
0,player,276,0,0,1115.28,519.12,1180.58,644.62,30
0,player,277,0,0,1116.95,519.88,1182.25,645.38,30
0,player,278,0,0,1118.62,520.64,1183.92,646.14,30
0,player,279,0,0,1120.3,521.4,1185.6,646.9,30
0,player,280,0,0,1121.97,522.16,1187.27,647.66,30
0,player,281,0,0,1123.64,522.92,1188.94,648.42,30
0,player,282,0,0,1125.31,523.68,1190.61,649.18,30
0,player,283,0,0,1126.99,524.44,1192.29,649.94,30
0,player,284,0,0,1128.66,525.2,1193.96,650.7,30
0,player,285,0,0,1130.33,525.96,1195.63,651.46,30
0,player,286,0,0,1132.0,526.72,1197.3,652.22,30
0,player,287,0,0,1133.68,527.48,1198.98,652.98,30
0,player,288,0,0,1135.35,528.24,1200.65,653.74,30
0,player,289,0,0,1137.02,529.0,1202.32,654.5,30
0,player,290,0,0,1138.69,529.76,1203.99,655.26,30
0,player,291,0,0,1140.37,530.52,1205.67,656.02,30
0,player,292,0,0,1142.04,531.28,1207.34,656.78,30
0,player,293,0,0,1143.71,532.04,1209.01,657.54,30
0,player,294,0,0,1142.52,532.04,1207.82,657.54,30
0,player,295,0,0,1141.32,532.04,1206.62,657.54,30
0,player,296,0,0,1140.13,532.04,1205.43,657.54,30
0,player,297,0,0,1138.93,532.04,1204.23,657.54,30
0,player,298,0,0,1137.74,532.04,1203.04,657.54,30
0,player,299,0,0,1136.54,532.04,1201.84,657.54,30
0,player,300,0,0,1135.35,532.04,1200.65,657.54,30
0,player,301,0,0,1134.15,532.04,1199.45,657.54,30
0,player,302,0,0,1132.96,532.04,1198.26,657.54,30
0,player,303,0,0,1131.76,532.04,1197.06,657.54,30
0,player,304,0,0,1130.57,532.04,1195.87,657.54,30
0,player,305,0,0,1129.37,532.04,1194.67,657.54,30
0,player,306,0,0,1128.18,532.04,1193.48,657.54,30
0,player,307,0,0,1126.98,532.04,1192.28,657.54,30
0,player,308,0,0,1125.79,532.04,1191.09,657.54,30
0,player,309,0,0,1124.59,532.04,1189.89,657.54,30
0,player,310,0,0,1123.39,532.04,1188.69,657.54,30
0,player,311,0,0,1122.2,532.04,1187.5,657.54,30
0,player,312,0,0,1121.0,532.04,1186.3,657.54,30
0,player,313,0,0,1119.81,532.04,1185.11,657.54,30
0,player,314,0,0,1118.61,532.04,1183.91,657.54,30
0,player,315,0,0,1117.42,532.04,1182.72,657.54,30
0,player,316,0,0,1112.16,532.04,1177.46,657.54,30
0,player,317,0,0,1106.9,532.04,1172.2,657.54,30
0,player,318,0,0,1101.64,532.04,1166.94,657.54,30
0,player,319,0,0,1098.46,532.6,1163.76,658.1,30
0,player,320,0,0,1095.28,533.15,1160.58,658.65,30
0,player,321,0,0,1092.09,533.7,1157.39,659.2,30
0,player,322,0,0,1088.91,534.26,1154.21,659.76,30
0,player,323,0,0,1085.73,534.81,1151.03,660.31,30
0,player,324,0,0,1082.55,535.37,1147.85,660.87,30
0,player,325,0,0,1079.36,535.92,1144.66,661.42,30
0,player,326,0,0,1076.18,536.47,1141.48,661.97,30
0,player,327,0,0,1073.0,537.03,1138.3,662.53,30
0,player,328,0,0,1069.81,537.58,1135.11,663.08,30
0,player,329,0,0,1066.63,538.13,1131.93,663.63,30
0,player,330,0,0,1063.45,538.69,1128.75,664.19,30
0,player,331,0,0,1060.27,539.24,1125.57,664.74,30
0,player,332,0,0,1057.08,539.79,1122.38,665.29,30
0,player,333,0,0,1053.9,540.35,1119.2,665.85,30
0,player,334,0,0,1050.72,540.9,1116.02,666.4,30
0,player,335,0,0,1047.53,541.45,1112.83,666.95,30
0,player,336,0,0,1044.35,542.01,1109.65,667.51,30
0,player,337,0,0,1041.17,542.56,1106.47,668.06,30
0,player,338,0,0,1037.99,543.12,1103.29,668.62,30
0,player,339,0,0,1034.8,543.67,1100.1,669.17,30
0,player,340,0,0,1031.62,544.22,1096.92,669.72,30
0,player,341,0,0,1028.44,544.78,1093.74,670.28,30
0,player,342,0,0,1025.25,545.33,1090.55,670.83,30
0,player,343,0,0,1022.07,545.88,1087.37,671.38,30
0,player,344,0,0,1018.89,546.44,1084.19,671.94,30
0,player,345,0,0,1015.7,546.99,1081.0,672.49,30
0,player,346,0,0,1012.52,547.54,1077.82,673.04,30
0,player,347,0,0,1009.34,548.1,1074.64,673.6,30
0,player,348,0,0,1006.16,548.65,1071.46,674.15,30
0,player,349,0,0,1002.97,549.2,1068.27,674.7,30
0,player,350,0,0,999.79,549.76,1065.09,675.26,30
0,player,351,0,0,996.61,550.31,1061.91,675.81,30
0,player,352,0,0,993.42,550.86,1058.72,676.37,30
0,player,353,0,0,990.24,551.42,1055.54,676.92,30
0,player,354,0,0,987.06,551.97,1052.36,677.47,30
0,player,355,0,0,983.88,552.53,1049.18,678.03,30
0,player,356,0,0,980.69,553.08,1045.99,678.58,30
0,player,357,0,0,977.67,553.66,1042.97,679.16,30
0,player,358,0,0,974.65,554.25,1039.95,679.75,30
0,player,359,0,0,971.62,554.83,1036.92,680.33,30
0,player,360,0,0,968.6,555.42,1033.9,680.92,30
0,player,361,0,0,965.58,556.0,1030.88,681.5,30
0,player,362,0,0,962.56,556.59,1027.86,682.09,30
0,player,363,0,0,959.53,557.17,1024.83,682.67,30
0,player,364,0,0,956.51,557.76,1021.81,683.26,30
0,player,365,0,0,953.49,558.34,1018.79,683.84,30
0,player,366,0,0,950.46,558.93,1015.76,684.43,30
0,player,367,0,0,947.44,559.51,1012.74,685.01,30
0,player,368,0,0,944.42,560.1,1009.72,685.6,30
0,player,369,0,0,941.4,560.68,1006.7,686.18,30
0,player,370,0,0,938.37,561.27,1003.67,686.77,30
0,player,371,0,0,935.35,561.85,1000.65,687.35,30
0,player,372,0,0,932.33,562.44,997.63,687.94,30
0,player,373,0,0,929.31,563.02,994.61,688.52,30
0,player,374,0,0,926.28,563.61,991.58,689.11,30
0,player,375,0,0,923.26,564.19,988.56,689.69,30
0,player,376,0,0,920.24,564.78,985.54,690.28,30
0,player,377,0,0,917.21,565.36,982.51,690.87,30
0,player,378,0,0,914.19,565.95,979.49,691.45,30
0,player,379,0,0,911.17,566.53,976.47,692.04,30
0,player,380,0,0,908.15,567.12,973.45,692.62,30
0,player,381,0,0,905.12,567.71,970.42,693.21,30
0,player,382,0,0,902.1,568.29,967.4,693.79,30
0,player,383,0,0,893.8,568.36,959.1,693.86,30
0,player,384,0,0,885.49,568.43,950.79,693.93,30
0,player,385,0,0,877.19,568.5,942.49,694.0,30
0,player,386,0,0,868.89,568.57,934.19,694.07,30
0,player,387,0,0,860.58,568.64,925.88,694.14,30
0,player,388,0,0,852.28,568.71,917.58,694.21,30
0,player,389,0,0,843.98,568.77,909.28,694.27,30
0,player,390,0,0,835.67,568.84,900.97,694.34,30
0,player,391,0,0,827.37,568.91,892.67,694.41,30
0,player,392,0,0,819.07,568.98,884.37,694.48,30
0,player,393,0,0,810.76,569.05,876.06,694.55,30
0,player,394,0,0,802.46,569.12,867.76,694.62,30
0,player,395,0,0,794.16,569.19,859.46,694.69,30
0,player,396,0,0,785.86,569.26,851.16,694.76,30
0,player,397,0,0,777.55,569.33,842.85,694.83,30
0,player,398,0,0,769.25,569.4,834.55,694.9,30
0,player,399,0,0,760.95,569.47,826.25,694.97,30
0,player,400,0,0,752.64,569.54,817.94,695.04,30
0,player,401,0,0,744.34,569.6,809.64,695.1,30
0,player,402,0,0,736.04,569.67,801.34,695.17,30
0,player,403,0,0,727.73,569.74,793.03,695.24,30
0,player,404,0,0,719.43,569.81,784.73,695.31,30
0,player,405,0,0,711.13,569.88,776.43,695.38,30
0,player,406,0,0,702.82,569.95,768.12,695.45,30
0,player,407,0,0,694.52,570.02,759.82,695.52,30
0,player,408,0,0,686.22,570.09,751.52,695.59,30
0,player,409,0,0,677.91,570.16,743.21,695.66,30
0,player,410,0,0,669.61,570.23,734.91,695.73,30
0,player,411,0,0,661.31,570.3,726.61,695.8,30
0,player,412,0,0,653.0,570.37,718.3,695.87,30
0,player,413,0,0,644.7,570.43,710.0,695.93,30
0,player,414,0,0,636.4,570.5,701.7,696.0,30
0,player,415,0,0,628.09,570.57,693.39,696.07,30
0,player,416,0,0,619.79,570.64,685.09,696.14,30
0,player,417,0,0,611.49,570.71,676.79,696.21,30
0,player,418,0,0,603.18,570.78,668.48,696.28,30
0,player,419,0,0,594.88,570.85,660.18,696.35,30
0,player,420,0,0,586.58,570.92,651.88,696.42,30
0,player,421,0,0,585.3,570.98,650.6,696.48,30
0,player,422,0,0,584.03,571.05,649.33,696.55,30
0,player,423,0,0,582.76,571.11,648.06,696.61,30
0,player,424,0,0,581.49,571.17,646.79,696.67,30
0,player,425,0,0,580.21,571.24,645.51,696.74,30
0,player,426,0,0,578.94,571.3,644.24,696.8,30
0,player,427,0,0,577.67,571.36,642.97,696.86,30
0,player,428,0,0,576.4,571.43,641.7,696.93,30
0,player,429,0,0,575.12,571.49,640.42,696.99,30
0,player,430,0,0,573.85,571.56,639.15,697.06,30
0,player,431,0,0,572.58,571.62,637.88,697.12,30
0,player,432,0,0,571.31,571.68,636.61,697.18,30
0,player,433,0,0,570.03,571.75,635.33,697.25,30
0,player,434,0,0,568.76,571.81,634.06,697.31,30
0,player,435,0,0,567.49,571.87,632.79,697.37,30
0,player,436,0,0,566.22,571.94,631.52,697.44,30
0,player,437,0,0,564.94,572.0,630.24,697.5,30
0,player,438,0,0,563.67,572.06,628.97,697.56,30
0,player,439,0,0,562.4,572.13,627.7,697.63,30
0,player,440,0,0,561.13,572.19,626.43,697.69,30
0,player,441,0,0,559.85,572.25,625.15,697.76,30
0,player,442,0,0,558.58,572.32,623.88,697.82,30
0,player,443,0,0,557.31,572.38,622.61,697.88,30
0,player,444,0,0,556.03,572.45,621.33,697.95,30
0,player,445,0,0,554.76,572.51,620.06,698.01,30
0,player,446,0,0,553.49,572.57,618.79,698.07,30
0,player,447,0,0,552.22,572.64,617.52,698.14,30
0,player,448,0,0,550.94,572.7,616.24,698.2,30
0,player,449,0,0,549.67,572.76,614.97,698.26,30
0,player,450,0,0,548.4,572.83,613.7,698.33,30
0,player,451,0,0,547.13,572.89,612.43,698.39,30
0,player,452,0,0,545.85,572.95,611.15,698.45,30
0,player,453,0,0,544.58,573.02,609.88,698.52,30
0,player,454,0,0,543.31,573.08,608.61,698.58,30
0,player,455,0,0,542.04,573.15,607.34,698.65,30
0,player,456,0,0,540.76,573.21,606.06,698.71,30
0,player,457,0,0,539.49,573.27,604.79,698.77,30
0,player,458,0,0,538.22,573.34,603.52,698.84,30
0,player,459,0,0,536.95,573.4,602.25,698.9,30
0,player,460,0,0,535.67,573.46,600.97,698.96,30
0,player,461,0,0,534.4,573.53,599.7,699.03,30
0,player,462,0,0,533.13,573.59,598.43,699.09,30
0,player,463,0,0,535.95,574.32,601.25,699.82,30
0,player,464,0,0,538.77,575.04,604.07,700.54,30
0,player,465,0,0,541.59,575.77,606.89,701.27,30
0,player,466,0,0,544.41,576.49,609.71,701.99,30
0,player,467,0,0,547.23,577.22,612.53,702.72,30
0,player,468,0,0,550.05,577.94,615.35,703.44,30
0,player,469,0,0,552.88,578.67,618.18,704.17,30
0,player,470,0,0,555.7,579.39,621.0,704.89,30
0,player,471,0,0,558.52,580.12,623.82,705.62,30
0,player,472,0,0,561.34,580.85,626.64,706.35,30
0,player,473,0,0,564.16,581.57,629.46,707.07,30
0,player,474,0,0,566.98,582.3,632.28,707.8,30
0,player,475,0,0,569.8,583.02,635.1,708.52,30
0,player,476,0,0,572.62,583.75,637.92,709.25,30
0,player,477,0,0,575.45,584.47,640.75,709.97,30
0,player,478,0,0,578.27,585.2,643.57,710.7,30
0,player,479,0,0,581.09,585.92,646.39,711.42,30
0,player,480,0,0,583.91,586.65,649.21,712.15,30
0,player,481,0,0,586.73,587.37,652.03,712.87,30
0,player,482,0,0,589.55,588.1,654.85,713.6,30
0,player,483,0,0,592.37,588.82,657.67,714.33,30
0,player,484,0,0,595.19,589.55,660.49,715.05,30
0,player,485,0,0,598.01,590.28,663.31,715.78,30
0,player,486,0,0,600.84,591.0,666.14,716.5,30
0,player,487,0,0,603.66,591.73,668.96,717.23,30
0,player,488,0,0,606.48,592.45,671.78,717.95,30
0,player,489,0,0,609.3,593.18,674.6,718.68,30
0,player,490,0,0,612.12,593.9,677.42,719.4,30
0,player,491,0,0,614.94,594.63,680.24,720.13,30
0,player,492,0,0,617.76,595.35,683.06,720.85,30
0,player,493,0,0,620.58,596.08,685.88,721.58,30
0,player,494,0,0,623.41,596.8,688.71,722.3,30
0,player,495,0,0,626.23,597.53,691.53,723.03,30
0,player,496,0,0,629.05,598.26,694.35,723.76,30
0,player,497,0,0,631.87,598.98,697.17,724.48,30
0,player,498,0,0,634.69,599.71,699.99,725.21,30
0,player,499,0,0,637.51,600.43,702.81,725.93,30
0,player,500,0,0,640.33,601.16,705.63,726.66,30
0,player,501,0,0,643.15,601.88,708.45,727.38,30
0,player,502,0,0,644.87,603.6,710.17,729.1,30
0,player,503,0,0,646.58,605.31,711.88,730.81,30
0,player,504,0,0,648.3,607.03,713.6,732.53,30
0,player,505,0,0,650.01,608.74,715.31,734.24,30
0,player,506,0,0,651.73,610.46,717.03,735.96,30
0,player,507,0,0,653.44,612.17,718.74,737.67,30
0,player,508,0,0,655.16,613.89,720.46,739.39,30
0,player,509,0,0,656.87,615.6,722.17,741.1,30
0,player,510,0,0,658.59,617.31,723.89,742.82,30
0,player,511,0,0,660.3,619.03,725.6,744.53,30
0,player,512,0,0,662.01,620.74,727.31,746.24,30
0,player,513,0,0,666.57,622.59,731.87,748.09,30
0,player,514,0,0,671.12,624.43,736.42,749.93,30
0,player,515,0,0,675.67,626.27,740.97,751.77,30
0,player,516,0,0,680.23,628.12,745.53,753.62,30
0,player,517,0,0,684.78,629.96,750.08,755.46,30
0,player,518,0,0,689.33,631.8,754.63,757.3,30
0,player,519,0,0,693.88,633.64,759.18,759.14,30
0,player,520,0,0,698.44,635.49,763.74,760.99,30
0,player,521,0,0,702.99,637.33,768.29,762.83,30
0,player,522,0,0,707.54,639.17,772.84,764.67,30
0,player,523,0,0,712.09,641.02,777.39,766.52,30
0,player,524,0,0,716.65,642.86,781.95,768.36,30
0,player,525,0,0,721.2,644.7,786.5,770.2,30
0,player,526,0,0,725.75,646.54,791.05,772.04,30
0,player,527,0,0,730.31,648.39,795.61,773.89,30
0,player,528,0,0,734.86,650.23,800.16,775.73,30
0,player,529,0,0,739.41,652.07,804.71,777.57,30
0,player,530,0,0,743.96,653.91,809.26,779.41,30
0,player,531,0,0,748.52,655.76,813.82,781.26,30
0,player,532,0,0,753.07,657.6,818.37,783.1,30
0,player,533,0,0,757.62,659.44,822.92,784.94,30
0,player,534,0,0,762.17,661.29,827.47,786.79,30
0,player,535,0,0,766.73,663.13,832.03,788.63,30
0,player,536,0,0,771.28,664.97,836.58,790.47,30
0,player,537,0,0,775.83,666.81,841.13,792.31,30
0,player,538,0,0,780.39,668.66,845.69,794.16,30
0,player,539,0,0,784.94,670.5,850.24,796.0,30
0,player,540,0,0,789.49,672.34,854.79,797.84,30
0,player,541,0,0,794.04,674.19,859.34,799.69,30
0,player,542,0,0,798.61,676.4,863.91,801.9,30
0,player,543,0,0,803.17,678.61,868.47,804.11,30
0,player,544,0,0,807.74,680.83,873.04,806.33,30
0,player,545,0,0,812.31,683.04,877.61,808.54,30
0,player,546,0,0,816.87,685.25,882.17,810.75,30
0,player,547,0,0,821.44,687.47,886.74,812.97,30
0,player,548,0,0,826.0,689.68,891.3,815.18,30
0,player,549,0,0,830.57,691.89,895.87,817.39,30
0,player,550,0,0,835.13,694.11,900.43,819.61,30
0,player,551,0,0,839.7,696.32,905.0,821.82,30
0,player,552,0,0,844.26,698.53,909.56,824.03,30
0,player,553,0,0,848.83,700.75,914.13,826.25,30
0,player,554,0,0,853.39,702.96,918.69,828.46,30
0,player,555,0,0,857.96,705.18,923.26,830.68,30
0,player,556,0,0,862.52,707.39,927.82,832.89,30
0,player,557,0,0,867.09,709.6,932.39,835.1,30
0,player,558,0,0,871.66,711.82,936.96,837.32,30
0,player,559,0,0,876.22,714.03,941.52,839.53,30
0,player,560,0,0,880.79,716.24,946.09,841.74,30
0,player,561,0,0,885.35,718.46,950.65,843.96,30
0,player,562,0,0,889.92,720.67,955.22,846.17,30
0,player,563,0,0,894.48,722.88,959.78,848.38,30
0,player,564,0,0,899.05,725.1,964.35,850.6,30
0,player,565,0,0,903.61,727.31,968.91,852.81,30
0,player,566,0,0,911.48,728.53,976.78,854.03,30
0,player,567,0,0,919.34,729.76,984.64,855.26,30
0,player,568,0,0,927.2,730.98,992.5,856.48,30
0,player,569,0,0,935.07,732.2,1000.37,857.7,30
0,player,570,0,0,942.93,733.43,1008.23,858.93,30
0,player,571,0,0,950.8,734.65,1016.1,860.15,30
0,player,572,0,0,958.66,735.87,1023.96,861.37,30
0,player,573,0,0,966.52,737.1,1031.82,862.6,30
0,player,574,0,0,974.39,738.32,1039.69,863.82,30
0,player,575,0,0,982.25,739.54,1047.55,865.04,30
0,player,576,0,0,990.12,740.77,1055.42,866.27,30
0,player,577,0,0,997.98,741.99,1063.28,867.49,30
0,player,578,0,0,1005.84,743.21,1071.14,868.71,30
0,player,579,0,0,1013.71,744.44,1079.01,869.94,30
0,player,580,0,0,1021.57,745.66,1086.87,871.16,30
0,player,581,0,0,1029.44,746.88,1094.74,872.38,30
0,player,582,0,0,1037.3,748.11,1102.6,873.61,30
0,player,583,0,0,1045.16,749.33,1110.46,874.83,30
0,player,584,0,0,1053.03,750.55,1118.33,876.05,30
0,player,585,0,0,1063.29,752.06,1128.59,877.56,30
0,player,586,0,0,1073.55,753.57,1138.85,879.07,30
0,player,587,0,0,1083.82,755.08,1149.12,880.58,30
0,player,588,0,0,1094.08,756.59,1159.38,882.09,30
0,player,589,0,0,1104.34,758.1,1169.64,883.6,30
0,player,590,0,0,1114.6,759.61,1179.9,885.11,30
0,player,591,0,0,1124.87,761.12,1190.17,886.62,30
0,player,592,0,0,1135.13,762.63,1200.43,888.13,30
0,player,593,0,0,1145.39,764.14,1210.69,889.64,30
0,player,594,0,0,1155.66,765.65,1220.96,891.15,30
0,player,595,0,0,1165.92,767.15,1231.22,892.65,30
0,player,596,0,0,1178.46,768.63,1243.76,894.13,30
0,player,597,0,0,1191.0,770.11,1256.3,895.61,30
0,player,598,0,0,1203.55,771.58,1268.85,897.08,30
0,player,599,0,0,1216.09,773.06,1281.39,898.56,30
0,player,600,0,0,1228.63,774.53,1293.93,900.03,30
0,player,601,0,0,1241.18,776.01,1306.48,901.51,30
0,player,602,0,0,1253.72,777.48,1319.02,902.98,30
0,player,603,0,0,1266.26,778.96,1331.56,904.46,30
0,player,604,0,0,1278.81,780.44,1344.11,905.94,30
0,player,605,0,0,1289.69,781.72,1354.99,907.22,30
0,player,606,0,0,1300.58,783.0,1365.88,908.5,30
0,player,607,0,0,1311.46,784.28,1376.76,909.78,30
0,player,608,0,0,1322.35,785.56,1387.65,911.06,30
0,player,609,0,0,1333.23,786.84,1398.53,912.34,30
0,player,610,0,0,1344.12,788.12,1409.42,913.62,30
0,player,611,0,0,1353.45,789.49,1418.75,914.99,30
0,player,612,0,0,1362.78,790.86,1428.08,916.36,30
0,player,613,0,0,1372.11,792.23,1437.41,917.73,30
0,player,614,0,0,1381.44,793.61,1446.74,919.11,30
0,player,615,0,0,1390.77,794.98,1456.07,920.48,30
0,player,616,0,0,1400.1,796.35,1465.4,921.85,30
0,player,617,0,0,1409.42,797.72,1474.72,923.22,30
0,player,618,0,0,1418.75,799.09,1484.05,924.59,30
0,player,619,0,0,1428.08,800.47,1493.38,925.97,30
0,player,620,0,0,1437.41,801.84,1502.71,927.34,30
0,player,621,0,0,1446.74,803.21,1512.04,928.71,30
0,player,622,0,0,1456.07,804.58,1521.37,930.08,30
0,player,623,0,0,1465.4,805.96,1530.7,931.46,30
0,player,624,0,0,1474.73,807.33,1540.03,932.83,30
0,player,625,0,0,1476.54,806.91,1541.84,932.41,30
0,player,626,0,0,1478.35,806.48,1543.65,931.98,30
0,player,627,0,0,1480.16,806.06,1545.46,931.56,30
0,player,628,0,0,1481.97,805.64,1547.27,931.14,30
0,player,629,0,0,1483.77,805.22,1549.07,930.72,30
0,player,630,0,0,1485.58,804.8,1550.88,930.3,30
0,player,631,0,0,1487.39,804.37,1552.69,929.87,30
0,player,632,0,0,1489.2,803.95,1554.5,929.45,30
0,player,633,0,0,1491.01,803.53,1556.31,929.03,30
0,player,634,0,0,1492.81,803.11,1558.11,928.61,30
0,player,635,0,0,1494.62,802.69,1559.92,928.19,30
0,player,636,0,0,1496.43,802.26,1561.73,927.76,30
0,player,637,0,0,1498.24,801.84,1563.54,927.34,30
0,player,638,0,0,1500.05,801.42,1565.35,926.92,30
0,player,639,0,0,1501.85,801.0,1567.15,926.5,30
0,player,640,0,0,1503.66,800.58,1568.96,926.08,30
0,player,641,0,0,1505.47,800.16,1570.77,925.66,30
0,player,642,0,0,1507.28,799.73,1572.58,925.23,30
0,player,643,0,0,1509.09,799.31,1574.39,924.81,30
0,player,644,0,0,1510.89,798.89,1576.19,924.39,30
0,player,645,0,0,1512.7,798.47,1578.0,923.97,30
0,player,646,0,0,1514.51,798.05,1579.81,923.55,30
0,player,647,0,0,1516.32,797.62,1581.62,923.12,30
0,player,648,0,0,1518.13,797.2,1583.43,922.7,30
0,player,649,0,0,1519.93,796.78,1585.23,922.28,30
0,player,650,0,0,1521.74,796.36,1587.04,921.86,30
0,player,651,0,0,1523.55,795.94,1588.85,921.44,30
0,player,652,0,0,1525.36,795.51,1590.66,921.01,30
0,player,653,0,0,1527.17,795.09,1592.47,920.59,30
0,player,654,0,0,1528.97,794.67,1594.27,920.17,30
0,player,655,0,0,1530.78,794.25,1596.08,919.75,30
0,player,656,0,0,1532.59,793.83,1597.89,919.33,30
0,player,657,0,0,1534.4,793.41,1599.7,918.91,30
0,player,658,0,0,1536.21,792.98,1601.51,918.48,30
0,player,659,0,0,1538.02,792.56,1603.32,918.06,30
0,player,660,0,0,1539.82,792.14,1605.12,917.64,30
0,player,661,0,0,1541.63,791.72,1606.93,917.22,30
0,player,662,0,0,1543.44,791.3,1608.74,916.8,30
0,player,663,0,0,1545.25,790.87,1610.55,916.37,30
0,player,664,0,0,1547.06,790.45,1612.36,915.95,30
0,player,665,0,0,1548.86,790.03,1614.16,915.53,30
0,player,666,0,0,1550.67,789.61,1615.97,915.11,30
0,player,667,0,0,1552.48,789.19,1617.78,914.69,30
0,player,668,0,0,1554.29,788.76,1619.59,914.26,30
0,player,669,0,0,1556.1,788.34,1621.4,913.84,30
0,player,670,0,0,1557.9,787.92,1623.2,913.42,30
0,player,671,0,0,1559.71,787.5,1625.01,913.0,30
0,player,672,0,0,1561.52,787.08,1626.82,912.58,30
0,player,673,0,0,1563.33,786.66,1628.63,912.16,30
0,player,674,0,0,1565.14,786.23,1630.44,911.73,30
0,player,675,0,0,1574.34,786.23,1639.64,911.73,30
0,player,676,0,0,1583.54,786.23,1648.84,911.73,30
0,player,677,0,0,1592.74,786.23,1658.04,911.73,30
0,player,678,0,0,1601.94,786.23,1667.24,911.73,30
0,player,679,0,0,1611.14,786.23,1676.44,911.73,30
0,player,680,0,0,1620.34,786.23,1685.64,911.73,30
0,player,681,0,0,1629.54,786.23,1694.84,911.73,30
0,player,682,0,0,1638.74,786.23,1704.04,911.73,30
0,player,683,0,0,1647.94,786.23,1713.24,911.73,30
0,player,684,0,0,1657.14,786.23,1722.44,911.73,30
0,player,685,0,0,1666.34,786.23,1731.64,911.73,30
0,player,686,0,0,1674.23,786.23,1739.53,911.73,30
0,player,687,0,0,1682.11,786.23,1747.41,911.73,30
0,player,688,0,0,1690.0,786.23,1755.3,911.73,30
0,player,689,0,0,1697.89,786.23,1763.19,911.73,30
0,player,690,0,0,1705.78,786.23,1771.08,911.73,30
0,player,691,0,0,1713.66,786.23,1778.96,911.73,30
0,player,692,0,0,1721.55,786.23,1786.85,911.73,30
0,player,693,0,0,1729.44,786.23,1794.74,911.73,30
0,player,694,0,0,1737.33,786.23,1802.63,911.73,30
0,player,695,0,0,1744.61,786.87,1809.91,912.37,30
0,player,696,0,0,1751.9,787.5,1817.2,913.0,30
0,player,697,0,0,1759.19,788.13,1824.49,913.63,30
0,player,698,0,0,1766.48,788.77,1831.78,914.27,30
0,player,699,0,0,1773.77,789.4,1839.07,914.9,30
0,player,700,0,0,1781.06,790.04,1846.36,915.54,30
0,player,701,0,0,1788.35,790.67,1853.65,916.17,30
0,player,702,0,0,1795.64,791.3,1860.94,916.8,30
0,player,703,0,0,1795.64,791.3,1860.94,916.8,30
0,player,704,0,0,1795.64,791.3,1860.94,916.8,30
0,player,705,0,0,1795.64,791.3,1860.94,916.8,30
0,player,706,0,0,1795.64,791.3,1860.94,916.8,30
0,player,707,0,0,1795.64,791.3,1860.94,916.8,30
0,player,708,0,0,1795.64,791.3,1860.94,916.8,30
0,player,709,0,0,1795.64,791.3,1860.94,916.8,30
0,player,710,0,0,1795.64,791.3,1860.94,916.8,30
0,player,711,0,0,1795.64,791.3,1860.94,916.8,30
0,player,712,0,0,1795.64,791.3,1860.94,916.8,30
0,player,713,0,0,1795.64,791.3,1860.94,916.8,30
0,player,714,0,0,1795.64,791.3,1860.94,916.8,30
0,player,715,0,0,1795.64,791.3,1860.94,916.8,30
0,player,716,0,0,1795.64,791.3,1860.94,916.8,30
0,player,717,0,0,1795.64,791.3,1860.94,916.8,30
0,player,718,0,0,1795.64,791.3,1860.94,916.8,30
0,player,719,1,0,1795.64,791.3,1860.94,916.8,30
1,player,0,0,0,681.8,330.2,744.0,426.0,25
1,player,1,0,0,687.62,330.2,749.82,426.0,25
1,player,2,0,0,693.44,330.2,755.64,426.0,25
1,player,3,0,0,699.27,330.2,761.47,426.0,25
1,player,4,0,0,701.52,330.2,763.72,426.0,25
1,player,5,0,0,703.77,330.2,765.97,426.0,25
1,player,6,0,0,706.02,330.2,768.22,426.0,25
1,player,7,0,0,708.27,330.2,770.47,426.0,25
1,player,8,0,0,710.52,330.2,772.72,426.0,25
1,player,9,0,0,712.78,330.2,774.98,426.0,25
1,player,10,0,0,715.03,330.2,777.23,426.0,25
1,player,11,0,0,717.28,330.2,779.48,426.0,25
1,player,12,0,0,713.32,330.2,775.52,426.0,25
1,player,13,0,0,709.36,330.2,771.56,426.0,25
1,player,14,0,0,705.4,330.2,767.6,426.0,25
1,player,15,0,0,701.44,330.2,763.64,426.0,25
1,player,16,0,0,697.48,330.2,759.68,426.0,25
1,player,17,0,0,693.52,330.2,755.72,426.0,25
1,player,18,0,0,689.56,330.2,751.76,426.0,25
1,player,19,0,0,685.6,330.2,747.8,426.0,25
1,player,20,0,0,681.64,330.2,743.84,426.0,25
1,player,21,0,0,677.68,330.2,739.88,426.0,25
1,player,22,0,0,673.72,330.2,735.92,426.0,25
1,player,23,0,0,669.76,330.2,731.96,426.0,25
1,player,24,0,0,665.8,330.2,728.0,426.0,25
1,player,25,0,0,661.84,330.2,724.04,426.0,25
1,player,26,0,0,657.88,330.2,720.08,426.0,25
1,player,27,0,0,653.92,330.2,716.12,426.0,25
1,player,28,0,0,649.96,330.2,712.16,426.0,25
1,player,29,0,0,651.07,330.17,713.27,425.97,25
1,player,30,0,0,652.17,330.14,714.37,425.94,25
1,player,31,0,0,653.27,330.11,715.47,425.91,25
1,player,32,0,0,654.38,330.08,716.58,425.88,25
1,player,33,0,0,655.48,330.06,717.68,425.85,25
1,player,34,0,0,656.58,330.03,718.78,425.83,25
1,player,35,0,0,657.69,330.0,719.89,425.8,25
1,player,36,0,0,658.79,329.97,720.99,425.77,25
1,player,37,0,0,659.89,329.94,722.09,425.74,25
1,player,38,0,0,661.0,329.91,723.2,425.71,25
1,player,39,0,0,662.1,329.88,724.3,425.68,25
1,player,40,0,0,663.2,329.85,725.4,425.65,25
1,player,41,0,0,664.31,329.82,726.51,425.62,25
1,player,42,0,0,665.41,329.79,727.61,425.59,25
1,player,43,0,0,666.51,329.76,728.71,425.56,25
1,player,44,0,0,667.62,329.74,729.82,425.54,25
1,player,45,0,0,668.72,329.71,730.92,425.51,25
1,player,46,0,0,669.82,329.68,732.02,425.48,25
1,player,47,0,0,670.93,329.65,733.13,425.45,25
1,player,48,0,0,672.03,329.62,734.23,425.42,25
1,player,49,0,0,673.13,329.59,735.33,425.39,25
1,player,50,0,0,674.24,329.56,736.44,425.36,25
1,player,51,0,0,675.34,329.53,737.54,425.33,25
1,player,52,0,0,676.44,329.5,738.64,425.3,25
1,player,53,0,0,677.55,329.47,739.75,425.27,25
1,player,54,0,0,678.65,329.45,740.85,425.25,25
1,player,55,0,0,679.75,329.42,741.95,425.22,25
1,player,56,0,0,680.86,329.39,743.06,425.19,25
1,player,57,0,0,681.96,329.36,744.16,425.16,25
1,player,58,0,0,683.06,329.33,745.26,425.13,25
1,player,59,0,0,684.17,329.3,746.37,425.1,25
1,player,60,0,0,685.27,329.27,747.47,425.07,25
1,player,61,0,0,686.37,329.24,748.57,425.04,25
1,player,62,0,0,687.48,329.21,749.68,425.01,25
1,player,63,0,0,688.58,329.18,750.78,424.98,25
1,player,64,0,0,689.69,329.15,751.88,424.95,25
1,player,65,0,0,690.79,329.13,752.99,424.93,25
1,player,66,0,0,691.89,329.1,754.09,424.9,25
1,player,67,0,0,693.0,329.07,755.19,424.87,25
1,player,68,0,0,694.1,329.04,756.3,424.84,25
1,player,69,0,0,695.2,329.01,757.4,424.81,25
1,player,70,0,0,696.31,328.98,758.5,424.78,25
1,player,71,0,0,697.41,328.95,759.61,424.75,25
1,player,72,0,0,698.51,328.92,760.71,424.72,25
1,player,73,0,0,699.62,328.89,761.81,424.69,25
1,player,74,0,0,700.72,328.86,762.92,424.66,25
1,player,75,0,0,701.82,328.84,764.02,424.64,25
1,player,76,0,0,702.93,328.81,765.12,424.61,25
1,player,77,0,0,704.03,328.78,766.23,424.58,25
1,player,78,0,0,705.13,328.75,767.33,424.55,25
1,player,79,0,0,706.24,328.72,768.43,424.52,25
1,player,80,0,0,707.34,328.69,769.54,424.49,25
1,player,81,0,0,708.44,328.66,770.64,424.46,25
1,player,82,0,0,709.55,328.63,771.75,424.43,25
1,player,83,0,0,710.65,328.6,772.85,424.4,25
1,player,84,0,0,711.75,328.57,773.95,424.37,25
1,player,85,0,0,712.86,328.55,775.06,424.35,25
1,player,86,0,0,713.96,328.52,776.16,424.32,25
1,player,87,0,0,715.06,328.49,777.26,424.29,25
1,player,88,0,0,716.17,328.46,778.37,424.26,25
1,player,89,0,0,717.27,328.43,779.47,424.23,25
1,player,90,0,0,718.37,328.4,780.57,424.2,25
1,player,91,0,0,719.48,328.37,781.68,424.17,25
1,player,92,0,0,720.58,328.34,782.78,424.14,25
1,player,93,0,0,721.68,328.31,783.88,424.11,25
1,player,94,0,0,722.79,328.28,784.99,424.08,25
1,player,95,0,0,723.89,328.25,786.09,424.05,25
1,player,96,0,0,724.99,328.23,787.19,424.03,25
1,player,97,0,0,726.1,328.2,788.3,424.0,25
1,player,98,0,0,727.2,328.17,789.4,423.97,25
1,player,99,0,0,728.3,328.14,790.5,423.94,25
1,player,100,0,0,729.41,328.11,791.61,423.91,25
1,player,101,0,0,730.51,328.08,792.71,423.88,25
1,player,102,0,0,731.61,328.05,793.81,423.85,25
1,player,103,0,0,732.72,328.02,794.92,423.82,25
1,player,104,0,0,733.82,327.99,796.02,423.79,25
1,player,105,0,0,734.92,327.96,797.12,423.76,25
1,player,106,0,0,736.03,327.94,798.23,423.74,25
1,player,107,0,0,737.13,327.91,799.33,423.71,25
1,player,108,0,0,738.23,327.88,800.43,423.68,25
1,player,109,0,0,739.34,327.85,801.54,423.65,25
1,player,110,0,0,740.44,327.82,802.64,423.62,25
1,player,111,0,0,741.54,327.79,803.74,423.59,25
1,player,112,0,0,742.65,327.76,804.85,423.56,25
1,player,113,0,0,743.75,327.73,805.95,423.53,25
1,player,114,0,0,744.85,327.7,807.05,423.5,25
1,player,115,0,0,745.96,327.67,808.16,423.47,25
1,player,116,0,0,747.06,327.65,809.26,423.45,25
1,player,117,0,0,748.16,327.62,810.36,423.42,25
1,player,118,0,0,749.27,327.59,811.47,423.39,25
1,player,119,0,0,750.37,327.56,812.57,423.36,25
1,player,120,0,0,751.47,327.53,813.67,423.33,25
1,player,121,0,0,752.58,327.5,814.78,423.3,25
1,player,122,0,0,753.68,327.47,815.88,423.27,25
1,player,123,0,0,754.78,327.44,816.98,423.24,25
1,player,124,0,0,755.89,327.41,818.09,423.21,25
1,player,125,0,0,756.99,327.38,819.19,423.18,25
1,player,126,0,0,758.09,327.35,820.29,423.15,25
1,player,127,0,0,759.2,327.33,821.4,423.13,25
1,player,128,0,0,760.3,327.3,822.5,423.1,25
1,player,129,0,0,761.4,327.27,823.6,423.07,25
1,player,130,0,0,762.51,327.24,824.71,423.04,25
1,player,131,0,0,763.61,327.21,825.81,423.01,25
1,player,132,0,0,764.71,327.18,826.91,422.98,25
1,player,133,0,0,764.2,327.18,826.23,422.98,25
1,player,134,0,0,763.68,327.18,825.54,422.98,25
1,player,135,0,0,763.16,327.18,824.85,422.98,25
1,player,136,0,0,762.64,327.18,824.17,422.98,25
1,player,137,0,0,762.12,327.18,823.48,422.98,25
1,player,138,0,0,761.6,327.18,822.8,422.98,25
1,player,139,0,0,761.08,327.18,822.11,422.98,25
1,player,140,0,0,760.56,327.18,821.42,422.98,25
1,player,141,0,0,760.04,327.18,820.74,422.98,25
1,player,142,0,0,759.53,327.18,820.05,422.98,25
1,player,143,0,0,759.01,327.18,819.36,422.98,25
1,player,144,0,0,758.49,327.18,818.68,422.98,25
1,player,145,0,0,757.97,327.18,817.99,422.98,25
1,player,146,0,0,757.45,327.18,817.3,422.98,25
1,player,147,0,0,756.93,327.18,816.62,422.98,25
1,player,148,0,0,756.41,327.18,815.93,422.98,25
1,player,149,0,0,755.89,327.18,815.25,422.98,25
1,player,150,0,0,755.38,327.18,814.56,422.98,25
1,player,151,0,0,754.86,327.18,813.87,422.98,25
1,player,152,0,0,754.34,327.18,813.19,422.98,25
1,player,153,0,0,753.82,327.18,812.5,422.98,25
1,player,154,0,0,753.3,327.18,811.81,422.98,25
1,player,155,0,0,752.78,327.18,811.13,422.98,25
1,player,156,0,0,752.26,327.18,810.44,422.98,25
1,player,157,0,0,751.74,327.18,809.76,422.98,25
1,player,158,0,0,751.23,327.18,809.07,422.98,25
1,player,159,0,0,750.71,327.18,808.38,422.98,25
1,player,160,0,0,750.19,327.18,807.7,422.98,25
1,player,161,0,0,749.67,327.18,807.01,422.98,25
1,player,162,0,0,749.15,327.18,806.32,422.98,25
1,player,163,0,0,748.63,327.18,805.64,422.98,25
1,player,164,0,0,748.11,327.18,804.95,422.98,25
1,player,165,0,0,747.59,327.18,804.26,422.98,25
1,player,166,0,0,747.08,327.18,803.58,422.98,25
1,player,167,0,0,746.56,327.18,802.89,422.98,25
1,player,168,0,0,746.04,327.18,802.21,422.98,25
1,player,169,0,0,745.52,327.18,801.52,422.98,25
1,player,170,0,0,745.0,327.18,800.83,422.98,25
1,player,171,0,0,751.36,327.43,807.19,423.22,25
1,player,172,0,0,757.71,327.67,813.54,423.47,25
1,player,173,0,0,764.07,327.91,819.9,423.71,25
1,player,174,0,0,770.42,328.16,826.26,423.96,25
1,player,175,0,0,776.78,328.4,832.61,424.2,25
1,player,176,0,0,783.13,328.65,838.97,424.45,25
1,player,177,0,0,789.49,328.89,845.32,424.69,25
1,player,178,0,0,795.84,329.14,851.68,424.94,25
1,player,179,0,0,802.2,329.38,858.03,425.18,25
1,player,180,0,0,808.55,329.62,864.39,425.42,25
1,player,181,0,0,815.55,329.4,871.39,425.2,25
1,player,182,0,0,822.55,329.18,878.39,424.98,25
1,player,183,0,0,829.55,328.96,885.39,424.76,25
1,player,184,0,0,836.55,328.74,892.39,424.54,25
1,player,185,0,0,843.55,328.51,899.39,424.31,25
1,player,186,0,0,850.55,328.29,906.39,424.09,25
1,player,187,0,0,857.55,328.07,913.39,423.87,25
1,player,188,0,0,864.55,327.85,920.39,423.65,25
1,player,189,0,0,871.55,327.63,927.39,423.42,25
1,player,190,0,0,878.55,327.4,934.39,423.2,25
1,player,191,0,0,885.55,327.18,941.39,422.98,25
1,player,192,0,0,892.55,326.96,948.39,422.76,25
1,player,193,0,0,899.55,326.74,955.39,422.54,25
1,player,194,0,0,906.55,326.51,962.39,422.31,25
1,player,195,0,0,913.55,326.29,969.39,422.09,25
1,player,196,0,0,920.55,326.07,976.39,421.87,25
1,player,197,0,0,927.55,325.85,983.39,421.65,25
1,player,198,0,0,934.55,325.63,990.39,421.42,25
1,player,199,0,0,941.55,325.4,997.39,421.2,25
1,player,200,0,0,948.55,325.18,1004.39,420.98,25
1,player,201,0,0,955.55,324.96,1011.39,420.76,25
1,player,202,0,0,962.55,324.74,1018.39,420.54,25
1,player,203,0,0,967.94,325.51,1023.77,421.31,25
1,player,204,0,0,973.32,326.27,1029.15,422.07,25
1,player,205,0,0,978.7,327.04,1034.54,422.84,25
1,player,206,0,0,984.09,327.81,1039.92,423.61,25
1,player,207,0,0,989.47,328.58,1045.3,424.38,25
1,player,208,0,0,994.85,329.35,1050.69,425.15,25
1,player,209,0,0,1000.24,330.12,1056.07,425.92,25
1,player,210,0,0,1005.62,330.89,1061.45,426.69,25
1,player,211,0,0,1011.0,331.66,1066.84,427.46,25
1,player,212,0,0,1016.39,332.43,1072.22,428.23,25
1,player,213,0,0,1021.77,333.2,1077.6,429.0,25
1,player,214,0,0,1027.15,333.96,1082.99,429.76,25
1,player,215,0,0,1032.54,334.73,1088.37,430.53,25
1,player,216,0,0,1037.92,335.5,1093.75,431.3,25
1,player,217,0,0,1042.02,335.97,1097.86,431.77,25
1,player,218,0,0,1046.13,336.44,1101.96,432.24,25
1,player,219,0,0,1050.23,336.91,1106.06,432.71,25
1,player,220,0,0,1054.34,337.37,1110.17,433.17,25
1,player,221,0,0,1058.44,337.84,1114.27,433.64,25
1,player,222,0,0,1062.54,338.31,1118.38,434.11,25
1,player,223,0,0,1066.65,338.78,1122.48,434.58,25
1,player,224,0,0,1070.75,339.24,1126.58,435.04,25
1,player,225,0,0,1074.85,339.71,1130.69,435.51,25
1,player,226,0,0,1078.96,340.18,1134.79,435.98,25
1,player,227,0,0,1083.06,340.65,1138.89,436.45,25
1,player,228,0,0,1087.16,341.11,1143.0,436.91,25
1,player,229,0,0,1091.27,341.58,1147.1,437.38,25
1,player,230,0,0,1095.37,342.05,1151.2,437.85,25
1,player,231,0,0,1099.47,342.52,1155.31,438.32,25
1,player,232,0,0,1103.58,342.98,1159.41,438.78,25
1,player,233,0,0,1107.68,343.45,1163.52,439.25,25
1,player,234,0,0,1111.79,343.92,1167.62,439.72,25
1,player,235,0,0,1115.89,344.39,1171.72,440.19,25
1,player,236,0,0,1119.99,344.85,1175.83,440.65,25
1,player,237,0,0,1124.1,345.32,1179.93,441.12,25
1,player,238,0,0,1128.2,345.79,1184.03,441.59,25
1,player,239,0,0,1132.3,346.26,1188.14,442.06,25
1,player,240,0,0,1136.41,346.72,1192.24,442.52,25
1,player,241,0,0,1140.51,347.19,1196.34,442.99,25
1,player,242,0,0,1144.61,347.66,1200.45,443.46,25
1,player,243,0,0,1148.72,348.13,1204.55,443.93,25
1,player,244,0,0,1152.82,348.59,1208.65,444.39,25
1,player,245,0,0,1156.92,349.06,1212.76,444.86,25
1,player,246,0,0,1161.03,349.53,1216.86,445.33,25
1,player,247,0,0,1165.13,350.0,1220.97,445.8,25
1,player,248,0,0,1169.24,350.46,1225.07,446.26,25
1,player,249,0,0,1173.34,350.93,1229.17,446.73,25
1,player,250,0,0,1177.44,351.4,1233.28,447.2,25
1,player,251,0,0,1181.55,351.87,1237.38,447.67,25
1,player,252,0,0,1185.65,352.33,1241.48,448.13,25
1,player,253,0,0,1189.75,352.8,1245.59,448.6,25
1,player,254,0,0,1193.86,353.27,1249.69,449.07,25
1,player,255,0,0,1197.96,353.74,1253.79,449.54,25
1,player,256,0,0,1202.06,354.2,1257.9,450.0,25
1,player,257,0,0,1206.17,354.67,1262.0,450.47,25
1,player,258,0,0,1210.27,355.14,1266.1,450.94,25
1,player,259,0,0,1214.38,355.61,1270.21,451.41,25
1,player,260,0,0,1218.48,356.07,1274.31,451.87,25
1,player,261,0,0,1222.58,356.54,1278.42,452.34,25
1,player,262,0,0,1226.69,357.01,1282.52,452.81,25
1,player,263,0,0,1230.79,357.48,1286.62,453.28,25
1,player,264,0,0,1234.89,357.94,1290.73,453.74,25
1,player,265,0,0,1239.0,358.41,1294.83,454.21,25
1,player,266,0,0,1243.1,358.88,1298.93,454.68,25
1,player,267,0,0,1247.2,359.35,1303.04,455.15,25
1,player,268,0,0,1251.31,359.81,1307.14,455.61,25
1,player,269,0,0,1255.41,360.28,1311.24,456.08,25
1,player,270,0,0,1256.93,360.28,1312.76,456.08,25
1,player,271,0,0,1258.45,360.28,1314.29,456.08,25
1,player,272,0,0,1259.97,360.28,1315.81,456.08,25
1,player,273,0,0,1261.49,360.28,1317.33,456.08,25
1,player,274,0,0,1263.01,360.28,1318.85,456.08,25
1,player,275,0,0,1264.53,360.28,1320.37,456.08,25
1,player,276,0,0,1266.06,360.28,1321.89,456.08,25
1,player,277,0,0,1267.58,360.28,1323.41,456.08,25
1,player,278,0,0,1269.1,360.28,1324.93,456.08,25
1,player,279,0,0,1270.62,360.28,1326.45,456.08,25
1,player,280,0,0,1272.14,360.28,1327.97,456.08,25
1,player,281,0,0,1273.66,360.28,1329.49,456.08,25
1,player,282,0,0,1275.18,360.28,1331.01,456.08,25
1,player,283,0,0,1276.7,360.28,1332.53,456.08,25
1,player,284,0,0,1278.22,360.28,1334.05,456.08,25
1,player,285,0,0,1279.74,360.28,1335.57,456.08,25
1,player,286,0,0,1281.26,360.28,1337.1,456.08,25
1,player,287,0,0,1282.78,360.28,1338.62,456.08,25
1,player,288,0,0,1284.3,360.28,1340.14,456.08,25
1,player,289,0,0,1285.82,360.28,1341.66,456.08,25
1,player,290,0,0,1287.34,360.28,1343.18,456.08,25
1,player,291,0,0,1288.86,360.28,1344.7,456.08,25
1,player,292,0,0,1290.39,360.28,1346.22,456.08,25
1,player,293,0,0,1291.91,360.28,1347.74,456.08,25
1,player,294,0,0,1290.95,360.28,1346.78,456.08,25
1,player,295,0,0,1289.99,360.28,1345.83,456.08,25
1,player,296,0,0,1289.04,360.28,1344.87,456.08,25
1,player,297,0,0,1288.08,360.28,1343.91,456.08,25
1,player,298,0,0,1287.13,360.28,1342.96,456.08,25
1,player,299,0,0,1286.17,360.28,1342.0,456.08,25
1,player,300,0,0,1285.21,360.28,1341.05,456.08,25
1,player,301,0,0,1284.26,360.28,1340.09,456.08,25
1,player,302,0,0,1283.3,360.28,1339.13,456.08,25
1,player,303,0,0,1282.34,360.28,1338.18,456.08,25
1,player,304,0,0,1281.39,360.28,1337.22,456.08,25
1,player,305,0,0,1280.43,360.28,1336.27,456.08,25
1,player,306,0,0,1279.48,360.28,1335.31,456.08,25
1,player,307,0,0,1278.52,360.28,1334.35,456.08,25
1,player,308,0,0,1277.56,360.28,1333.4,456.08,25
1,player,309,0,0,1276.61,360.28,1332.44,456.08,25
1,player,310,0,0,1275.65,360.28,1331.49,456.08,25
1,player,311,0,0,1274.7,360.28,1330.53,456.08,25
1,player,312,0,0,1273.74,360.28,1329.57,456.08,25
1,player,313,0,0,1272.78,360.28,1328.62,456.08,25
1,player,314,0,0,1271.83,360.28,1327.66,456.08,25
1,player,315,0,0,1270.87,360.28,1326.7,456.08,25
1,player,316,0,0,1265.61,359.4,1321.45,455.2,25
1,player,317,0,0,1260.35,358.53,1316.19,454.33,25
1,player,318,0,0,1255.1,357.65,1310.93,453.45,25
1,player,319,0,0,1250.94,357.93,1306.78,453.73,25
1,player,320,0,0,1246.79,358.2,1302.63,454.0,25
1,player,321,0,0,1242.64,358.48,1298.47,454.28,25
1,player,322,0,0,1238.49,358.76,1294.32,454.56,25
1,player,323,0,0,1234.34,359.04,1290.17,454.84,25
1,player,324,0,0,1230.19,359.31,1286.02,455.11,25
1,player,325,0,0,1226.03,359.59,1281.87,455.39,25
1,player,326,0,0,1221.88,359.87,1277.72,455.67,25
1,player,327,0,0,1217.73,360.14,1273.56,455.94,25
1,player,328,0,0,1213.58,360.42,1269.41,456.22,25
1,player,329,0,0,1209.43,360.7,1265.26,456.5,25
1,player,330,0,0,1205.28,360.97,1261.11,456.77,25
1,player,331,0,0,1201.12,361.25,1256.96,457.05,25
1,player,332,0,0,1196.97,361.53,1252.81,457.33,25
1,player,333,0,0,1192.82,361.8,1248.65,457.6,25
1,player,334,0,0,1188.67,362.08,1244.5,457.88,25
1,player,335,0,0,1184.52,362.36,1240.35,458.16,25
1,player,336,0,0,1180.37,362.63,1236.2,458.43,25
1,player,337,0,0,1176.21,362.91,1232.05,458.71,25
1,player,338,0,0,1172.06,363.19,1227.9,458.99,25
1,player,339,0,0,1167.91,363.46,1223.74,459.26,25
1,player,340,0,0,1163.76,363.74,1219.59,459.54,25
1,player,341,0,0,1159.61,364.02,1215.44,459.82,25
1,player,342,0,0,1155.46,364.29,1211.29,460.09,25
1,player,343,0,0,1151.31,364.57,1207.14,460.37,25
1,player,344,0,0,1147.15,364.85,1202.99,460.65,25
1,player,345,0,0,1143.0,365.12,1198.84,460.92,25
1,player,346,0,0,1138.85,365.4,1194.68,461.2,25
1,player,347,0,0,1134.7,365.68,1190.53,461.48,25
1,player,348,0,0,1130.55,365.95,1186.38,461.75,25
1,player,349,0,0,1126.4,366.23,1182.23,462.03,25
1,player,350,0,0,1122.24,366.51,1178.08,462.31,25
1,player,351,0,0,1118.09,366.79,1173.93,462.58,25
1,player,352,0,0,1113.94,367.06,1169.77,462.86,25
1,player,353,0,0,1109.79,367.34,1165.62,463.14,25
1,player,354,0,0,1105.64,367.62,1161.47,463.42,25
1,player,355,0,0,1101.49,367.89,1157.32,463.69,25
1,player,356,0,0,1097.33,368.17,1153.17,463.97,25
1,player,357,0,0,1092.99,367.26,1148.82,463.06,25
1,player,358,0,0,1088.64,366.35,1144.47,462.15,25
1,player,359,0,0,1084.29,365.44,1140.12,461.24,25
1,player,360,0,0,1079.94,364.53,1135.77,460.33,25
1,player,361,0,0,1075.59,363.62,1131.42,459.42,25
1,player,362,0,0,1071.24,362.71,1127.08,458.51,25
1,player,363,0,0,1066.89,361.8,1122.73,457.6,25
1,player,364,0,0,1062.55,360.89,1118.38,456.69,25
1,player,365,0,0,1058.2,359.98,1114.03,455.78,25
1,player,366,0,0,1053.85,359.07,1109.68,454.87,25
1,player,367,0,0,1049.5,358.16,1105.33,453.96,25
1,player,368,0,0,1045.15,357.25,1100.98,453.05,25
1,player,369,0,0,1040.8,356.34,1096.64,452.14,25
1,player,370,0,0,1036.45,355.43,1092.29,451.23,25
1,player,371,0,0,1032.11,354.52,1087.94,450.32,25
1,player,372,0,0,1027.76,353.61,1083.59,449.41,25
1,player,373,0,0,1023.41,352.7,1079.24,448.5,25
1,player,374,0,0,1019.06,351.79,1074.89,447.59,25
1,player,375,0,0,1014.71,350.88,1070.54,446.68,25
1,player,376,0,0,1010.36,349.97,1066.2,445.77,25
1,player,377,0,0,1006.01,349.06,1061.85,444.86,25
1,player,378,0,0,1001.67,348.15,1057.5,443.95,25
1,player,379,0,0,997.32,347.24,1053.15,443.04,25
1,player,380,0,0,992.97,346.33,1048.8,442.12,25
1,player,381,0,0,988.62,345.42,1044.45,441.21,25
1,player,382,0,0,984.27,344.5,1040.1,440.3,25
1,player,383,0,0,976.59,344.65,1032.42,440.45,25
1,player,384,0,0,968.91,344.79,1024.74,440.59,25
1,player,385,0,0,961.23,344.93,1017.06,440.73,25
1,player,386,0,0,953.55,345.07,1009.38,440.87,25
1,player,387,0,0,945.87,345.21,1001.7,441.01,25
1,player,388,0,0,938.19,345.35,994.02,441.15,25
1,player,389,0,0,930.51,345.49,986.34,441.29,25
1,player,390,0,0,922.82,345.63,978.66,441.43,25
1,player,391,0,0,915.14,345.77,970.98,441.57,25
1,player,392,0,0,907.46,345.91,963.3,441.71,25
1,player,393,0,0,899.78,346.06,955.61,441.85,25
1,player,394,0,0,892.1,346.2,947.93,442.0,25
1,player,395,0,0,884.42,346.34,940.25,442.14,25
1,player,396,0,0,876.74,346.48,932.57,442.28,25
1,player,397,0,0,869.06,346.62,924.89,442.42,25
1,player,398,0,0,861.38,346.76,917.21,442.56,25
1,player,399,0,0,853.7,346.9,909.53,442.7,25
1,player,400,0,0,846.02,347.04,901.85,442.84,25
1,player,401,0,0,838.33,347.18,894.17,442.98,25
1,player,402,0,0,830.65,347.32,886.49,443.12,25
1,player,403,0,0,822.97,347.46,878.81,443.26,25
1,player,404,0,0,815.29,347.61,871.12,443.41,25
1,player,405,0,0,807.61,347.75,863.44,443.55,25
1,player,406,0,0,799.93,347.89,855.76,443.69,25
1,player,407,0,0,792.25,348.03,848.08,443.83,25
1,player,408,0,0,784.57,348.17,840.4,443.97,25
1,player,409,0,0,776.89,348.31,832.72,444.11,25
1,player,410,0,0,769.21,348.45,825.04,444.25,25
1,player,411,0,0,761.53,348.59,817.36,444.39,25
1,player,412,0,0,753.84,348.73,809.68,444.53,25
1,player,413,0,0,746.16,348.87,802.0,444.67,25
1,player,414,0,0,738.48,349.01,794.32,444.81,25
1,player,415,0,0,730.8,349.16,786.64,444.96,25
1,player,416,0,0,723.12,349.3,778.95,445.1,25
1,player,417,0,0,715.44,349.44,771.27,445.24,25
1,player,418,0,0,707.76,349.58,763.59,445.38,25
1,player,419,0,0,700.08,349.72,755.91,445.52,25
1,player,420,0,0,692.4,349.86,748.23,445.66,25
1,player,421,0,0,688.39,350.31,744.22,446.11,25
1,player,422,0,0,684.38,350.75,740.21,446.55,25
1,player,423,0,0,680.37,351.2,736.2,447.0,25
1,player,424,0,0,676.36,351.64,732.2,447.44,25
1,player,425,0,0,672.35,352.09,728.19,447.89,25
1,player,426,0,0,668.35,352.53,724.18,448.33,25
1,player,427,0,0,664.34,352.98,720.17,448.78,25
1,player,428,0,0,660.33,353.42,716.16,449.22,25
1,player,429,0,0,656.32,353.87,712.15,449.67,25
1,player,430,0,0,652.31,354.31,708.14,450.11,25
1,player,431,0,0,648.3,354.76,704.14,450.56,25
1,player,432,0,0,644.29,355.21,700.13,451.01,25
1,player,433,0,0,640.28,355.65,696.12,451.45,25
1,player,434,0,0,636.28,356.1,692.11,451.9,25
1,player,435,0,0,632.27,356.54,688.1,452.34,25
1,player,436,0,0,628.26,356.99,684.09,452.79,25
1,player,437,0,0,624.25,357.43,680.08,453.23,25
1,player,438,0,0,620.24,357.88,676.07,453.68,25
1,player,439,0,0,616.23,358.32,672.07,454.12,25
1,player,440,0,0,612.22,358.77,668.06,454.57,25
1,player,441,0,0,608.22,359.21,664.05,455.01,25
1,player,442,0,0,604.21,359.66,660.04,455.46,25
1,player,443,0,0,600.2,360.1,656.03,455.9,25
1,player,444,0,0,596.19,360.55,652.02,456.35,25
1,player,445,0,0,592.18,361.0,648.01,456.8,25
1,player,446,0,0,588.17,361.44,644.01,457.24,25
1,player,447,0,0,584.16,361.89,640.0,457.69,25
1,player,448,0,0,580.15,362.33,635.99,458.13,25
1,player,449,0,0,576.15,362.78,631.98,458.58,25
1,player,450,0,0,572.14,363.22,627.97,459.02,25
1,player,451,0,0,568.13,363.67,623.96,459.47,25
1,player,452,0,0,564.12,364.11,619.95,459.91,25
1,player,453,0,0,560.11,364.56,615.94,460.36,25
1,player,454,0,0,556.1,365.0,611.94,460.8,25
1,player,455,0,0,552.09,365.45,607.93,461.25,25
1,player,456,0,0,548.09,365.89,603.92,461.69,25
1,player,457,0,0,544.08,366.34,599.91,462.14,25
1,player,458,0,0,540.07,366.79,595.9,462.59,25
1,player,459,0,0,536.06,367.23,591.89,463.03,25
1,player,460,0,0,532.05,367.68,587.88,463.48,25
1,player,461,0,0,528.04,368.12,583.88,463.92,25
1,player,462,0,0,524.03,368.57,579.87,464.37,25
1,player,463,0,0,523.63,368.65,579.46,464.45,25
1,player,464,0,0,523.23,368.73,579.06,464.53,25
1,player,465,0,0,522.82,368.81,578.66,464.61,25
1,player,466,0,0,522.42,368.89,578.25,464.69,25
1,player,467,0,0,522.02,368.97,577.85,464.77,25
1,player,468,0,0,521.62,369.05,577.45,464.85,25
1,player,469,0,0,521.21,369.13,577.05,464.93,25
1,player,470,0,0,520.81,369.21,576.64,465.01,25
1,player,471,0,0,520.41,369.29,576.24,465.09,25
1,player,472,0,0,520.0,369.37,575.84,465.17,25
1,player,473,0,0,519.6,369.45,575.43,465.25,25
1,player,474,0,0,519.2,369.53,575.03,465.33,25
1,player,475,0,0,518.79,369.62,574.63,465.42,25
1,player,476,0,0,518.39,369.7,574.22,465.5,25
1,player,477,0,0,517.99,369.78,573.82,465.58,25
1,player,478,0,0,517.58,369.86,573.42,465.66,25
1,player,479,0,0,517.18,369.94,573.02,465.74,25
1,player,480,0,0,516.78,370.02,572.61,465.82,25
1,player,481,0,0,516.38,370.1,572.21,465.9,25
1,player,482,0,0,515.97,370.18,571.81,465.98,25
1,player,483,0,0,515.57,370.26,571.4,466.06,25
1,player,484,0,0,515.17,370.34,571.0,466.14,25
1,player,485,0,0,514.76,370.42,570.6,466.22,25
1,player,486,0,0,514.36,370.5,570.19,466.3,25
1,player,487,0,0,513.96,370.58,569.79,466.38,25
1,player,488,0,0,513.55,370.66,569.39,466.46,25
1,player,489,0,0,513.15,370.74,568.98,466.54,25
1,player,490,0,0,512.75,370.82,568.58,466.62,25
1,player,491,0,0,512.35,370.9,568.18,466.7,25
1,player,492,0,0,511.94,370.99,567.78,466.79,25
1,player,493,0,0,511.54,371.07,567.37,466.87,25
1,player,494,0,0,511.14,371.15,566.97,466.95,25
1,player,495,0,0,510.73,371.23,566.57,467.03,25
1,player,496,0,0,510.33,371.31,566.16,467.11,25
1,player,497,0,0,509.93,371.39,565.76,467.19,25
1,player,498,0,0,509.52,371.47,565.36,467.27,25
1,player,499,0,0,509.12,371.55,564.95,467.35,25
1,player,500,0,0,508.72,371.63,564.55,467.43,25
1,player,501,0,0,508.32,371.71,564.15,467.51,25
1,player,502,0,0,508.87,372.5,564.7,468.3,25
1,player,503,0,0,509.42,373.28,565.25,469.08,25
1,player,504,0,0,509.97,374.07,565.8,469.87,25
1,player,505,0,0,510.52,374.85,566.35,470.65,25
1,player,506,0,0,511.07,375.64,566.9,471.44,25
1,player,507,0,0,511.62,376.43,567.45,472.23,25
1,player,508,0,0,512.17,377.21,568.0,473.01,25
1,player,509,0,0,512.72,378.0,568.55,473.8,25
1,player,510,0,0,513.27,378.78,569.1,474.58,25
1,player,511,0,0,513.82,379.57,569.65,475.37,25
1,player,512,0,0,514.37,380.36,570.2,476.16,25
1,player,513,0,0,514.92,381.14,570.75,476.94,25
1,player,514,0,0,515.47,381.93,571.3,477.73,25
1,player,515,0,0,516.02,382.71,571.85,478.51,25
1,player,516,0,0,516.57,383.5,572.4,479.3,25
1,player,517,0,0,517.12,384.29,572.95,480.08,25
1,player,518,0,0,517.67,385.07,573.5,480.87,25
1,player,519,0,0,518.22,385.86,574.05,481.66,25
1,player,520,0,0,518.77,386.64,574.6,482.44,25
1,player,521,0,0,519.32,387.43,575.15,483.23,25
1,player,522,0,0,519.87,388.21,575.7,484.01,25
1,player,523,0,0,520.42,389.0,576.25,484.8,25
1,player,524,0,0,520.97,389.79,576.8,485.59,25
1,player,525,0,0,521.52,390.57,577.35,486.37,25
1,player,526,0,0,522.07,391.36,577.9,487.16,25
1,player,527,0,0,522.62,392.14,578.45,487.94,25
1,player,528,0,0,523.17,392.93,579.0,488.73,25
1,player,529,0,0,523.72,393.72,579.55,489.52,25
1,player,530,0,0,524.27,394.5,580.1,490.3,25
1,player,531,0,0,524.82,395.29,580.65,491.09,25
1,player,532,0,0,525.37,396.07,581.2,491.87,25
1,player,533,0,0,525.92,396.86,581.75,492.66,25
1,player,534,0,0,526.47,397.65,582.3,493.45,25
1,player,535,0,0,527.02,398.43,582.85,494.23,25
1,player,536,0,0,527.57,399.22,583.4,495.02,25
1,player,537,0,0,528.12,400.0,583.95,495.8,25
1,player,538,0,0,528.67,400.79,584.5,496.59,25
1,player,539,0,0,529.22,401.57,585.05,497.37,25
1,player,540,0,0,529.77,402.36,585.6,498.16,25
1,player,541,0,0,530.32,403.15,586.15,498.95,25
1,player,542,0,0,531.57,404.39,587.4,500.19,25
1,player,543,0,0,532.81,405.64,588.64,501.44,25
1,player,544,0,0,534.06,406.88,589.89,502.68,25
1,player,545,0,0,535.3,408.13,591.13,503.93,25
1,player,546,0,0,536.55,409.37,592.38,505.17,25
1,player,547,0,0,537.79,410.62,593.62,506.42,25
1,player,548,0,0,539.04,411.86,594.87,507.66,25
1,player,549,0,0,540.28,413.11,596.11,508.91,25
1,player,550,0,0,541.53,414.35,597.36,510.15,25
1,player,551,0,0,542.77,415.6,598.6,511.4,25
1,player,552,0,0,544.02,416.84,599.85,512.64,25
1,player,553,0,0,545.26,418.09,601.09,513.89,25
1,player,554,0,0,546.51,419.33,602.34,515.13,25
1,player,555,0,0,547.75,420.58,603.59,516.38,25
1,player,556,0,0,549.0,421.82,604.83,517.62,25
1,player,557,0,0,550.24,423.07,606.08,518.87,25
1,player,558,0,0,551.49,424.31,607.32,520.11,25
1,player,559,0,0,552.73,425.56,608.57,521.36,25
1,player,560,0,0,553.98,426.8,609.81,522.6,25
1,player,561,0,0,555.22,428.05,611.06,523.85,25
1,player,562,0,0,556.47,429.29,612.3,525.09,25
1,player,563,0,0,557.71,430.54,613.55,526.34,25
1,player,564,0,0,558.96,431.78,614.79,527.58,25
1,player,565,0,0,560.2,433.03,616.04,528.83,25
1,player,566,0,0,561.95,433.38,617.78,529.18,25
1,player,567,0,0,563.7,433.73,619.53,529.53,25
1,player,568,0,0,565.45,434.08,621.28,529.88,25
1,player,569,0,0,567.19,434.43,623.03,530.23,25
1,player,570,0,0,568.94,434.78,624.77,530.58,25
1,player,571,0,0,570.69,435.13,626.52,530.93,25
1,player,572,0,0,572.44,435.48,628.27,531.28,25
1,player,573,0,0,574.18,435.83,630.02,531.63,25
1,player,574,0,0,575.93,436.17,631.76,531.97,25
1,player,575,0,0,577.68,436.52,633.51,532.32,25
1,player,576,0,0,579.43,436.87,635.26,532.67,25
1,player,577,0,0,581.17,437.22,637.01,533.02,25
1,player,578,0,0,582.92,437.57,638.75,533.37,25
1,player,579,0,0,584.67,437.92,640.5,533.72,25
1,player,580,0,0,586.42,438.27,642.25,534.07,25
1,player,581,0,0,588.16,438.62,644.0,534.42,25
1,player,582,0,0,589.91,438.97,645.74,534.77,25
1,player,583,0,0,591.66,439.32,647.49,535.12,25
1,player,584,0,0,593.41,439.67,649.24,535.47,25
1,player,585,0,0,594.61,439.97,650.45,535.77,25
1,player,586,0,0,595.82,440.27,651.65,536.07,25
1,player,587,0,0,597.03,440.58,652.86,536.38,25
1,player,588,0,0,598.24,440.88,654.07,536.68,25
1,player,589,0,0,599.44,441.18,655.28,536.98,25
1,player,590,0,0,600.65,441.48,656.48,537.28,25
1,player,591,0,0,601.86,441.78,657.69,537.58,25
1,player,592,0,0,603.07,442.08,658.9,537.88,25
1,player,593,0,0,604.27,442.39,660.11,538.19,25
1,player,594,0,0,605.48,442.69,661.31,538.49,25
1,player,595,0,0,606.69,442.99,662.52,538.79,25
1,player,596,0,0,607.54,445.55,663.37,541.35,25
1,player,597,0,0,608.39,448.11,664.23,543.91,25
1,player,598,0,0,609.25,450.67,665.08,546.47,25
1,player,599,0,0,610.1,453.24,665.94,549.03,25
1,player,600,0,0,610.96,455.8,666.79,551.6,25
1,player,601,0,0,611.81,458.36,667.64,554.16,25
1,player,602,0,0,612.66,460.92,668.5,556.72,25
1,player,603,0,0,613.52,463.48,669.35,559.28,25
1,player,604,0,0,614.37,466.04,670.2,561.84,25
1,player,605,0,0,612.45,466.04,668.28,561.84,25
1,player,606,0,0,610.53,466.04,666.36,561.84,25
1,player,607,0,0,608.61,466.04,664.44,561.84,25
1,player,608,0,0,606.69,466.04,662.52,561.84,25
1,player,609,0,0,604.77,466.04,660.6,561.84,25
1,player,610,0,0,602.85,466.04,658.68,561.84,25
1,player,611,0,0,601.77,466.47,657.6,562.27,25
1,player,612,0,0,600.69,466.9,656.53,562.7,25
1,player,613,0,0,599.62,467.33,655.45,563.13,25
1,player,614,0,0,598.54,467.76,654.37,563.56,25
1,player,615,0,0,597.47,468.19,653.3,563.99,25
1,player,616,0,0,596.39,468.62,652.22,564.42,25
1,player,617,0,0,595.31,469.05,651.15,564.85,25
1,player,618,0,0,594.24,469.49,650.07,565.29,25
1,player,619,0,0,593.16,469.92,648.99,565.72,25
1,player,620,0,0,592.08,470.35,647.92,566.15,25
1,player,621,0,0,591.01,470.78,646.84,566.58,25
1,player,622,0,0,589.93,471.21,645.76,567.01,25
1,player,623,0,0,588.85,471.64,644.69,567.44,25
1,player,624,0,0,587.78,472.07,643.61,567.87,25
1,player,625,0,0,587.54,473.15,643.37,568.95,25
1,player,626,0,0,587.3,474.24,643.13,570.04,25
1,player,627,0,0,587.06,475.32,642.89,571.12,25
1,player,628,0,0,586.81,476.41,642.65,572.21,25
1,player,629,0,0,586.57,477.49,642.41,573.29,25
1,player,630,0,0,586.33,478.58,642.17,574.38,25
1,player,631,0,0,586.09,479.66,641.92,575.46,25
1,player,632,0,0,585.85,480.75,641.68,576.55,25
1,player,633,0,0,585.61,481.83,641.44,577.63,25
1,player,634,0,0,585.37,482.92,641.2,578.72,25
1,player,635,0,0,585.13,484.0,640.96,579.8,25
1,player,636,0,0,584.89,485.09,640.72,580.89,25
1,player,637,0,0,584.64,486.17,640.48,581.97,25
1,player,638,0,0,584.4,487.26,640.24,583.06,25
1,player,639,0,0,584.16,488.34,640.0,584.14,25
1,player,640,0,0,583.92,489.43,639.75,585.23,25
1,player,641,0,0,583.68,490.51,639.51,586.31,25
1,player,642,0,0,583.44,491.6,639.27,587.39,25
1,player,643,0,0,583.2,492.68,639.03,588.48,25
1,player,644,0,0,582.96,493.76,638.79,589.56,25
1,player,645,0,0,582.72,494.85,638.55,590.65,25
1,player,646,0,0,582.47,495.93,638.31,591.73,25
1,player,647,0,0,582.23,497.02,638.07,592.82,25
1,player,648,0,0,581.99,498.1,637.83,593.9,25
1,player,649,0,0,581.75,499.19,637.58,594.99,25
1,player,650,0,0,581.51,500.27,637.34,596.07,25
1,player,651,0,0,581.27,501.36,637.1,597.16,25
1,player,652,0,0,581.03,502.44,636.86,598.24,25
1,player,653,0,0,580.79,503.53,636.62,599.33,25
1,player,654,0,0,580.55,504.61,636.38,600.41,25
1,player,655,0,0,580.31,505.7,636.14,601.5,25
1,player,656,0,0,580.06,506.78,635.9,602.58,25
1,player,657,0,0,579.82,507.87,635.66,603.67,25
1,player,658,0,0,579.58,508.95,635.41,604.75,25
1,player,659,0,0,579.34,510.04,635.17,605.84,25
1,player,660,0,0,579.1,511.12,634.93,606.92,25
1,player,661,0,0,578.86,512.21,634.69,608.01,25
1,player,662,0,0,578.62,513.29,634.45,609.09,25
1,player,663,0,0,578.38,514.38,634.21,610.18,25
1,player,664,0,0,578.14,515.46,633.97,611.26,25
1,player,665,0,0,577.89,516.55,633.73,612.35,25
1,player,666,0,0,577.65,517.63,633.49,613.43,25
1,player,667,0,0,577.41,518.72,633.25,614.52,25
1,player,668,0,0,577.17,519.8,633.0,615.6,25
1,player,669,0,0,576.93,520.89,632.76,616.69,25
1,player,670,0,0,576.69,521.97,632.52,617.77,25
1,player,671,0,0,576.45,523.06,632.28,618.85,25
1,player,672,0,0,576.21,524.14,632.04,619.94,25
1,player,673,0,0,575.97,525.22,631.8,621.02,25
1,player,674,0,0,575.72,526.31,631.56,622.11,25
1,player,675,0,0,580.56,527.69,636.4,623.49,25
1,player,676,0,0,585.4,529.08,641.24,624.88,25
1,player,677,0,0,590.24,530.46,646.08,626.26,25
1,player,678,0,0,595.08,531.84,650.92,627.64,25
1,player,679,0,0,599.92,533.22,655.76,629.02,25
1,player,680,0,0,604.76,534.61,660.6,630.41,25
1,player,681,0,0,609.6,535.99,665.44,631.79,25
1,player,682,0,0,614.44,537.37,670.28,633.17,25
1,player,683,0,0,619.28,538.76,675.12,634.56,25
1,player,684,0,0,624.12,540.14,679.96,635.94,25
1,player,685,0,0,628.96,541.52,684.8,637.32,25
1,player,686,0,0,632.34,541.8,688.18,637.6,25
1,player,687,0,0,635.72,542.09,691.56,637.89,25
1,player,688,0,0,639.1,542.37,694.94,638.17,25
1,player,689,0,0,642.49,542.65,698.32,638.45,25
1,player,690,0,0,645.87,542.93,701.7,638.73,25
1,player,691,0,0,649.25,543.21,705.08,639.01,25
1,player,692,0,0,652.63,543.49,708.46,639.29,25
1,player,693,0,0,656.01,543.78,711.84,639.58,25
1,player,694,0,0,659.39,544.06,715.22,639.86,25
1,player,695,0,0,663.82,545.01,719.66,640.81,25
1,player,696,0,0,668.26,545.96,724.09,641.76,25
1,player,697,0,0,672.7,546.91,728.53,642.71,25
1,player,698,0,0,677.13,547.86,732.97,643.66,25
1,player,699,0,0,681.57,548.81,737.4,644.61,25
1,player,700,0,0,686.01,549.76,741.84,645.56,25
1,player,701,0,0,690.44,550.71,746.28,646.51,25
1,player,702,0,0,694.88,551.66,750.71,647.46,25
1,player,703,0,0,700.99,551.96,756.83,647.76,25
1,player,704,0,0,707.11,552.26,762.94,648.06,25
1,player,705,0,0,713.22,552.56,769.06,648.36,25
1,player,706,0,0,719.34,552.86,775.17,648.66,25
1,player,707,0,0,725.45,553.15,781.28,648.95,25
1,player,708,0,0,731.57,553.45,787.4,649.25,25
1,player,709,0,0,737.68,553.75,793.51,649.55,25
1,player,710,0,0,743.79,554.05,799.63,649.85,25
1,player,711,0,0,749.91,554.35,805.74,650.15,25
1,player,712,0,0,756.02,554.65,811.86,650.45,25
1,player,713,0,0,762.14,554.94,817.97,650.74,25
1,player,714,0,0,768.25,555.24,824.09,651.04,25
1,player,715,0,0,774.37,555.54,830.2,651.34,25
1,player,716,0,0,780.48,555.84,836.31,651.64,25
1,player,717,0,0,786.6,556.14,842.43,651.94,25
1,player,718,0,0,792.71,556.44,848.54,652.23,25
1,player,719,0,0,798.82,556.73,854.66,652.53,25
1,player,720,0,0,806.06,558.18,861.89,653.98,25
1,player,721,0,0,813.29,559.63,869.12,655.43,25
1,player,722,0,0,820.52,561.07,876.35,656.87,25
1,player,723,0,0,827.75,562.52,883.58,658.32,25
1,player,724,0,0,834.98,563.96,890.81,659.76,25
1,player,725,0,0,842.21,565.41,898.05,661.21,25
1,player,726,0,0,849.44,566.86,905.28,662.66,25
1,player,727,0,0,856.68,568.3,912.51,664.1,25
1,player,728,0,0,863.91,569.75,919.74,665.55,25
1,player,729,0,0,871.14,571.2,926.97,667.0,25
1,player,730,0,0,878.37,572.64,934.2,668.44,25
1,player,731,0,0,885.6,574.09,941.43,669.89,25
1,player,732,0,0,892.83,575.54,948.67,671.33,25
1,player,733,0,0,900.06,576.98,955.9,672.78,25
1,player,734,0,0,907.3,578.43,963.13,674.23,25
1,player,735,0,0,914.53,579.87,970.36,675.67,25
1,player,736,0,0,923.78,581.86,979.62,677.66,25
1,player,737,0,0,933.04,583.84,988.87,679.64,25
1,player,738,0,0,942.3,585.82,998.13,681.62,25
1,player,739,0,0,951.55,587.81,1007.39,683.61,25
1,player,740,0,0,960.81,589.79,1016.64,685.59,25
1,player,741,0,0,969.82,591.6,1025.66,687.39,25
1,player,742,0,0,978.84,593.4,1034.67,689.2,25
1,player,743,0,0,987.86,595.2,1043.69,691.0,25
1,player,744,0,0,996.87,597.0,1052.71,692.8,25
1,player,745,0,0,1005.89,598.81,1061.72,694.61,25
1,player,746,0,0,1014.9,600.61,1070.74,696.41,25
1,player,747,0,0,1023.92,602.41,1079.75,698.21,25
1,player,748,0,0,1032.94,604.22,1088.77,700.02,25
1,player,749,0,0,1041.95,606.02,1097.78,701.82,25
1,player,750,0,0,1050.97,607.82,1106.8,703.62,25
1,player,751,0,0,1059.98,609.63,1115.82,705.43,25
1,player,752,0,0,1066.59,609.63,1122.43,705.43,25
1,player,753,0,0,1073.21,609.63,1129.04,705.43,25
1,player,754,0,0,1079.82,609.63,1135.65,705.43,25
1,player,755,0,0,1086.43,609.63,1142.26,705.43,25
1,player,756,0,0,1093.04,609.63,1148.87,705.43,25
1,player,757,0,0,1099.65,609.63,1155.49,705.43,25
1,player,758,0,0,1106.26,609.63,1162.1,705.43,25
1,player,759,0,0,1112.88,609.63,1168.71,705.43,25
1,player,760,0,0,1119.49,609.63,1175.32,705.43,25
1,player,761,0,0,1126.1,609.63,1181.93,705.43,25
1,player,762,0,0,1132.71,609.63,1188.54,705.43,25
1,player,763,0,0,1139.13,608.85,1194.96,704.65,25
1,player,764,0,0,1145.54,608.07,1201.38,703.87,25
1,player,765,0,0,1151.96,607.29,1207.79,703.09,25
1,player,766,0,0,1158.38,606.52,1214.21,702.32,25
1,player,767,0,0,1164.8,605.74,1220.63,701.54,25
1,player,768,0,0,1171.21,604.96,1227.05,700.76,25
1,player,769,0,0,1177.63,604.18,1233.46,699.98,25
1,player,770,0,0,1184.05,603.4,1239.88,699.2,25
1,player,771,0,0,1190.46,602.63,1246.3,698.43,25
1,player,772,0,0,1196.88,601.85,1252.71,697.65,25
1,player,773,0,0,1203.3,601.07,1259.13,696.87,25
1,player,774,0,0,1209.72,600.29,1265.55,696.09,25
1,player,775,0,0,1216.13,599.52,1271.97,695.31,25
1,player,776,0,0,1222.55,598.74,1278.38,694.54,25
1,player,777,0,0,1228.97,597.96,1284.8,693.76,25
1,player,778,0,0,1235.38,597.18,1291.22,692.98,25
1,player,779,0,0,1241.8,596.4,1297.63,692.2,25
1,player,780,0,0,1248.22,595.63,1304.05,691.43,25
1,player,781,0,0,1254.64,594.85,1310.47,690.65,25
1,player,782,0,0,1261.05,594.07,1316.89,689.87,25
1,player,783,0,0,1267.47,593.29,1323.3,689.09,25
1,player,784,0,0,1273.89,592.51,1329.72,688.31,25
1,player,785,0,0,1280.3,591.74,1336.14,687.54,25
1,player,786,0,0,1286.72,590.96,1342.56,686.76,25
1,player,787,0,0,1293.14,590.18,1348.97,685.98,25
1,player,788,0,0,1299.56,589.4,1355.39,685.2,25
1,player,789,0,0,1305.97,588.63,1361.81,684.43,25
1,player,790,0,0,1312.39,587.85,1368.22,683.65,25
1,player,791,0,0,1318.81,587.07,1374.64,682.87,25
1,player,792,0,0,1325.22,586.29,1381.06,682.09,25
1,player,793,0,0,1331.64,585.51,1387.48,681.31,25
1,player,794,0,0,1338.06,584.74,1393.89,680.54,25
1,player,795,0,0,1344.48,583.96,1400.31,679.76,25
1,player,796,0,0,1350.89,583.18,1406.73,678.98,25
1,player,797,0,0,1354.75,582.35,1410.58,679.26,25
1,player,798,0,0,1358.61,581.53,1414.44,679.53,25
1,player,799,0,0,1362.46,580.7,1418.3,679.81,25
1,player,800,0,0,1366.32,579.87,1422.15,680.08,25
1,player,801,0,0,1370.18,579.05,1426.01,680.36,25
1,player,802,0,0,1374.03,578.22,1429.87,680.63,25
1,player,803,0,0,1377.89,577.4,1433.72,680.91,25
1,player,804,0,0,1381.75,576.57,1437.58,681.18,25
1,player,805,0,0,1385.6,575.74,1441.44,681.46,25
1,player,806,0,0,1389.46,574.92,1445.29,681.73,25
1,player,807,0,0,1393.32,574.09,1449.15,682.01,25
1,player,808,0,0,1397.17,573.26,1453.01,682.28,25
1,player,809,0,0,1399.4,571.04,1455.23,680.06,25
1,player,810,0,0,1401.62,568.82,1457.46,677.83,25
1,player,811,0,0,1403.85,566.59,1459.68,675.61,25
1,player,812,0,0,1406.07,564.37,1461.9,673.39,25
1,player,813,0,0,1406.54,562.96,1462.37,671.98,25
1,player,814,0,0,1407.01,561.56,1462.84,670.58,25
1,player,815,0,0,1407.47,560.15,1463.31,669.17,25
1,player,816,0,0,1407.94,558.75,1463.78,667.77,25
1,player,817,0,0,1408.41,557.34,1464.24,666.36,25
1,player,818,0,0,1408.88,555.94,1464.71,664.96,25
1,player,819,0,0,1409.35,554.53,1465.18,663.55,25
1,player,820,0,0,1409.82,553.13,1465.65,662.14,25
1,player,821,0,0,1410.29,551.72,1466.12,660.74,25
1,player,822,0,0,1410.75,550.31,1466.59,659.33,25
1,player,823,0,0,1411.22,548.91,1467.06,657.93,25
1,player,824,0,0,1411.69,547.5,1467.52,656.52,25
1,player,825,0,0,1412.16,546.1,1467.99,655.12,25
1,player,826,0,0,1412.63,544.69,1468.46,653.71,25
1,player,827,0,0,1413.1,543.29,1468.93,652.31,25
1,player,828,0,0,1413.56,541.88,1469.4,650.9,25
1,player,829,0,0,1414.03,540.48,1469.87,649.5,25
1,player,830,0,0,1414.5,539.07,1470.33,648.09,25
1,player,831,0,0,1414.97,537.67,1470.8,646.69,25
1,player,832,0,0,1413.6,536.07,1469.43,645.09,25
1,player,833,0,0,1412.23,534.47,1468.06,643.49,25
1,player,834,0,0,1410.86,532.87,1466.7,641.89,25
1,player,835,0,0,1409.49,531.28,1465.33,640.3,25
1,player,836,0,0,1408.12,529.68,1463.96,638.7,25
1,player,837,0,0,1406.75,528.08,1462.59,637.1,25
1,player,838,0,0,1405.38,526.48,1461.22,635.5,25
1,player,839,0,0,1404.02,524.89,1459.85,633.91,25
1,player,840,0,0,1402.65,523.29,1458.48,632.31,25
1,player,841,0,0,1401.28,521.69,1457.11,630.71,25
1,player,842,0,0,1399.91,520.09,1455.74,629.11,25
1,player,843,0,0,1398.54,518.5,1454.37,627.52,25
1,player,844,0,0,1397.17,516.9,1453.0,625.92,25
1,player,845,0,0,1395.39,515.86,1450.93,624.88,25
1,player,846,0,0,1393.61,514.82,1448.85,623.84,25
1,player,847,0,0,1391.83,513.78,1446.78,622.8,25
1,player,848,0,0,1390.05,512.74,1444.7,621.76,25
1,player,849,0,0,1388.27,511.71,1442.63,620.73,25
1,player,850,0,0,1386.49,510.67,1440.55,619.69,25
1,player,851,0,0,1384.71,509.63,1438.48,618.65,25
1,player,852,0,0,1382.93,508.59,1436.4,617.61,25
1,player,853,0,0,1381.15,507.55,1434.33,616.57,25
1,player,854,0,0,1379.37,506.51,1432.25,615.53,25
1,player,855,0,0,1377.59,505.48,1430.17,614.5,25
1,player,856,0,0,1375.81,504.44,1428.1,613.46,25
1,player,857,0,0,1374.03,503.4,1426.02,612.42,25
1,player,858,0,0,1372.25,502.36,1423.95,611.38,25
1,player,859,0,0,1370.47,501.32,1421.87,610.34,25
1,player,860,0,0,1368.69,500.28,1419.8,609.3,25
1,player,861,0,0,1366.91,499.25,1417.72,608.27,25
1,player,862,0,0,1365.13,498.21,1415.65,607.23,25
1,player,863,0,0,1363.35,497.17,1413.57,606.19,25
1,player,864,0,0,1361.57,496.13,1411.5,605.15,25
1,player,865,0,0,1361.57,496.13,1411.5,605.15,25
1,player,866,0,0,1361.57,496.13,1411.5,605.15,25
1,player,867,0,0,1361.57,496.13,1411.5,605.15,25
1,player,868,0,0,1361.57,496.13,1411.5,605.15,25
1,player,869,0,0,1361.57,496.13,1411.5,605.15,25
1,player,870,0,0,1361.57,496.13,1411.5,605.15,25
1,player,871,0,0,1361.57,496.13,1411.5,605.15,25
1,player,872,0,0,1361.57,496.13,1411.5,605.15,25
1,player,873,0,0,1361.57,496.13,1411.5,605.15,25
1,player,874,0,0,1361.57,496.13,1411.5,605.15,25
1,player,875,0,0,1361.57,496.13,1411.5,605.15,25
1,player,876,0,0,1361.57,496.13,1411.5,605.15,25
1,player,877,0,0,1361.57,496.13,1411.5,605.15,25
1,player,878,0,0,1361.57,496.13,1411.5,605.15,25
1,player,879,0,0,1361.57,496.13,1411.5,605.15,25
1,player,880,0,0,1361.57,496.13,1411.5,605.15,25
1,player,881,0,0,1361.57,496.13,1411.5,605.15,25
1,player,882,0,0,1361.57,496.13,1411.5,605.15,25
1,player,883,0,0,1361.57,496.13,1411.5,605.15,25
1,player,884,0,0,1361.57,496.13,1411.5,605.15,25
1,player,885,0,0,1361.57,496.13,1411.5,605.15,25
1,player,886,0,0,1361.57,496.13,1411.5,605.15,25
1,player,887,0,0,1361.57,496.13,1411.5,605.15,25
1,player,888,0,0,1361.57,496.13,1411.5,605.15,25
1,player,889,0,0,1361.57,496.13,1411.5,605.15,25
1,player,890,0,0,1361.57,496.13,1411.5,605.15,25
1,player,891,0,0,1361.57,496.13,1411.5,605.15,25
1,player,892,0,0,1361.57,496.13,1411.5,605.15,25
1,player,893,0,0,1361.57,496.13,1411.5,605.15,25
1,player,894,0,0,1361.57,496.13,1411.5,605.15,25
1,player,895,0,0,1361.57,496.13,1411.5,605.15,25
1,player,896,0,0,1361.57,496.13,1411.5,605.15,25
1,player,897,0,0,1361.57,496.13,1411.5,605.15,25
1,player,898,0,0,1361.57,496.13,1411.5,605.15,25
1,player,899,0,0,1361.57,496.13,1411.5,605.15,25
2,player,0,0,0,978.36,380.47,1035.76,476.13,22
2,player,1,0,0,986.68,379.64,1044.07,475.3,22
2,player,2,0,0,994.99,378.8,1052.39,474.47,22
2,player,3,0,0,1003.31,377.97,1060.71,473.63,22
2,player,4,0,0,1001.28,374.72,1058.67,470.38,22
2,player,5,0,0,999.24,371.46,1056.64,467.12,22
2,player,6,0,0,997.21,368.21,1054.6,463.87,22
2,player,7,0,0,995.17,364.95,1052.57,460.61,22
2,player,8,0,0,993.14,361.7,1050.54,457.36,22
2,player,9,0,0,991.1,358.44,1048.5,454.1,22
2,player,10,0,0,989.07,355.19,1046.47,450.85,22
2,player,11,0,0,987.04,351.93,1044.43,447.59,22
2,player,12,0,0,980.66,351.74,1038.06,447.41,22
2,player,13,0,0,974.29,351.56,1031.68,447.22,22
2,player,14,0,0,967.91,351.37,1025.31,447.03,22
2,player,15,0,0,961.54,351.18,1018.94,446.84,22
2,player,16,0,0,955.17,350.99,1012.56,446.66,22
2,player,17,0,0,948.79,350.81,1006.19,446.47,22
2,player,18,0,0,942.42,350.62,999.82,446.28,22
2,player,19,0,0,936.04,350.43,993.44,446.09,22
2,player,20,0,0,929.67,350.24,987.07,445.91,22
2,player,21,0,0,923.3,350.06,980.69,445.72,22
2,player,22,0,0,916.92,349.87,974.32,445.53,22
2,player,23,0,0,910.55,349.68,967.95,445.34,22
2,player,24,0,0,904.17,349.49,961.57,445.16,22
2,player,25,0,0,897.8,349.31,955.2,444.97,22
2,player,26,0,0,891.43,349.12,948.82,444.78,22
2,player,27,0,0,885.05,348.93,942.45,444.59,22
2,player,28,0,0,878.68,348.74,936.08,444.41,22
2,player,29,0,0,879.62,348.56,936.92,444.23,22
2,player,30,0,0,880.55,348.38,937.76,444.05,22
2,player,31,0,0,881.49,348.2,938.6,443.87,22
2,player,32,0,0,882.43,348.02,939.44,443.69,22
2,player,33,0,0,883.37,347.84,940.28,443.51,22
2,player,34,0,0,884.3,347.66,941.12,443.33,22
2,player,35,0,0,885.24,347.48,941.96,443.15,22
2,player,36,0,0,886.18,347.3,942.8,442.97,22
2,player,37,0,0,887.12,347.12,943.64,442.79,22
2,player,38,0,0,888.06,346.94,944.48,442.61,22
2,player,39,0,0,888.99,346.76,945.32,442.42,22
2,player,40,0,0,889.93,346.58,946.16,442.24,22
2,player,41,0,0,890.87,346.4,947.0,442.06,22
2,player,42,0,0,891.81,346.22,947.84,441.88,22
2,player,43,0,0,892.74,346.04,948.68,441.7,22
2,player,44,0,0,893.68,345.86,949.53,441.52,22
2,player,45,0,0,894.62,345.68,950.37,441.34,22
2,player,46,0,0,895.56,345.5,951.21,441.16,22
2,player,47,0,0,896.5,345.32,952.05,440.98,22
2,player,48,0,0,897.43,345.14,952.89,440.8,22
2,player,49,0,0,898.37,344.96,953.73,440.62,22
2,player,50,0,0,899.31,344.78,954.57,440.44,22
2,player,51,0,0,900.25,344.6,955.41,440.26,22
2,player,52,0,0,901.18,344.42,956.25,440.08,22
2,player,53,0,0,902.12,344.24,957.09,439.9,22
2,player,54,0,0,903.06,344.06,957.93,439.72,22
2,player,55,0,0,904.0,343.88,958.77,439.54,22
2,player,56,0,0,904.93,343.7,959.61,439.36,22
2,player,57,0,0,905.87,343.52,960.45,439.18,22
2,player,58,0,0,906.81,343.34,961.29,439.0,22
2,player,59,0,0,907.75,343.16,962.13,438.82,22
2,player,60,0,0,908.69,342.98,962.97,438.64,22
2,player,61,0,0,909.62,342.8,963.81,438.46,22
2,player,62,0,0,910.56,342.62,964.66,438.28,22
2,player,63,0,0,911.5,342.44,965.5,438.1,22
2,player,64,0,0,912.44,342.26,966.34,437.92,22
2,player,65,0,0,913.37,342.08,967.18,437.74,22
2,player,66,0,0,914.31,341.9,968.02,437.56,22
2,player,67,0,0,915.25,341.72,968.86,437.38,22
2,player,68,0,0,916.19,341.54,969.7,437.2,22
2,player,69,0,0,917.12,341.36,970.54,437.02,22
2,player,70,0,0,918.06,341.18,971.38,436.84,22
2,player,71,0,0,919.0,341.0,972.22,436.66,22
2,player,72,0,0,919.94,340.82,973.06,436.48,22
2,player,73,0,0,920.88,340.64,973.9,436.3,22
2,player,74,0,0,921.81,340.46,974.74,436.12,22
2,player,75,0,0,922.75,340.28,975.58,435.94,22
2,player,76,0,0,923.69,340.1,976.42,435.76,22
2,player,77,0,0,924.63,339.92,977.26,435.58,22
2,player,78,0,0,925.56,339.74,978.1,435.4,22
2,player,79,0,0,926.5,339.56,978.94,435.22,22
2,player,80,0,0,927.44,339.38,979.79,435.04,22
2,player,81,0,0,928.38,339.2,980.63,434.86,22
2,player,82,0,0,929.31,339.02,981.47,434.68,22
2,player,83,0,0,930.25,338.84,982.31,434.5,22
2,player,84,0,0,931.19,338.66,983.15,434.32,22
2,player,85,0,0,932.13,338.48,983.99,434.14,22
2,player,86,0,0,933.07,338.3,984.83,433.96,22
2,player,87,0,0,934.0,338.12,985.67,433.78,22
2,player,88,0,0,934.94,337.94,986.51,433.6,22
2,player,89,0,0,935.88,337.76,987.35,433.42,22
2,player,90,0,0,936.82,337.58,988.19,433.24,22
2,player,91,0,0,937.75,337.4,989.03,433.06,22
2,player,92,0,0,938.69,337.22,989.87,432.88,22
2,player,93,0,0,939.63,337.04,990.71,432.7,22
2,player,94,0,0,940.57,336.86,991.55,432.52,22
2,player,95,0,0,941.5,336.68,992.39,432.34,22
2,player,96,0,0,942.44,336.5,993.23,432.16,22
2,player,97,0,0,943.38,336.32,994.07,431.98,22
2,player,98,0,0,944.32,336.14,994.92,431.8,22
2,player,99,0,0,945.26,335.96,995.76,431.62,22
2,player,100,0,0,946.19,335.78,996.6,431.44,22
2,player,101,0,0,947.13,335.6,997.44,431.26,22
2,player,102,0,0,948.07,335.42,998.28,431.08,22
2,player,103,0,0,949.01,335.24,999.12,430.9,22
2,player,104,0,0,949.94,335.06,999.96,430.72,22
2,player,105,0,0,950.88,334.87,1000.8,430.54,22
2,player,106,0,0,951.82,334.69,1001.64,430.36,22
2,player,107,0,0,952.76,334.51,1002.48,430.18,22
2,player,108,0,0,953.7,334.33,1003.32,430.0,22
2,player,109,0,0,954.63,334.15,1004.16,429.82,22
2,player,110,0,0,955.57,333.97,1005.0,429.64,22
2,player,111,0,0,956.51,333.79,1005.84,429.46,22
2,player,112,0,0,957.45,333.61,1006.68,429.28,22
2,player,113,0,0,958.38,333.43,1007.52,429.1,22
2,player,114,0,0,959.32,333.25,1008.36,428.92,22
2,player,115,0,0,960.26,333.07,1009.2,428.74,22
2,player,116,0,0,961.2,332.89,1010.05,428.56,22
2,player,117,0,0,962.13,332.71,1010.89,428.38,22
2,player,118,0,0,963.07,332.53,1011.73,428.2,22
2,player,119,0,0,964.01,332.35,1012.57,428.02,22
2,player,120,0,0,964.95,332.17,1013.41,427.84,22
2,player,121,0,0,965.89,331.99,1014.25,427.66,22
2,player,122,0,0,966.82,331.81,1015.09,427.48,22
2,player,123,0,0,967.76,331.63,1015.93,427.29,22
2,player,124,0,0,968.7,331.45,1016.77,427.11,22
2,player,125,0,0,969.64,331.27,1017.61,426.93,22
2,player,126,0,0,970.57,331.09,1018.45,426.75,22
2,player,127,0,0,971.51,330.91,1019.29,426.57,22
2,player,128,0,0,972.45,330.73,1020.13,426.39,22
2,player,129,0,0,973.39,330.55,1020.97,426.21,22
2,player,130,0,0,974.32,330.37,1021.81,426.03,22
2,player,131,0,0,975.26,330.19,1022.65,425.85,22
2,player,132,0,0,976.2,330.01,1023.49,425.67,22
2,player,133,0,0,977.34,330.09,1024.64,425.75,22
2,player,134,0,0,978.49,330.16,1025.78,425.83,22
2,player,135,0,0,979.63,330.24,1026.93,425.9,22
2,player,136,0,0,980.78,330.32,1028.07,425.98,22
2,player,137,0,0,981.92,330.39,1029.21,426.06,22
2,player,138,0,0,983.06,330.47,1030.36,426.13,22
2,player,139,0,0,984.21,330.55,1031.5,426.21,22
2,player,140,0,0,985.35,330.62,1032.65,426.28,22
2,player,141,0,0,986.49,330.7,1033.79,426.36,22
2,player,142,0,0,987.64,330.77,1034.93,426.44,22
2,player,143,0,0,988.78,330.85,1036.08,426.51,22
2,player,144,0,0,989.93,330.93,1037.22,426.59,22
2,player,145,0,0,991.07,331.0,1038.36,426.67,22
2,player,146,0,0,992.21,331.08,1039.51,426.74,22
2,player,147,0,0,993.36,331.16,1040.65,426.82,22
2,player,148,0,0,994.5,331.23,1041.8,426.89,22
2,player,149,0,0,995.65,331.31,1042.94,426.97,22
2,player,150,0,0,996.79,331.38,1044.08,427.05,22
2,player,151,0,0,997.93,331.46,1045.23,427.12,22
2,player,152,0,0,999.08,331.54,1046.37,427.2,22
2,player,153,0,0,1000.22,331.61,1047.52,427.28,22
2,player,154,0,0,1001.37,331.69,1048.66,427.35,22
2,player,155,0,0,1002.51,331.77,1049.8,427.43,22
2,player,156,0,0,1003.65,331.84,1050.95,427.5,22
2,player,157,0,0,1004.8,331.92,1052.09,427.58,22
2,player,158,0,0,1005.94,331.99,1053.23,427.66,22
2,player,159,0,0,1007.08,332.07,1054.38,427.73,22
2,player,160,0,0,1008.23,332.15,1055.52,427.81,22
2,player,161,0,0,1009.37,332.22,1056.67,427.89,22
2,player,162,0,0,1010.52,332.3,1057.81,427.96,22
2,player,163,0,0,1011.66,332.38,1058.95,428.04,22
2,player,164,0,0,1012.8,332.45,1060.1,428.11,22
2,player,165,0,0,1013.95,332.53,1061.24,428.19,22
2,player,166,0,0,1015.09,332.6,1062.39,428.27,22
2,player,167,0,0,1016.24,332.68,1063.53,428.34,22
2,player,168,0,0,1017.38,332.76,1064.67,428.42,22
2,player,169,0,0,1018.52,332.83,1065.82,428.5,22
2,player,170,0,0,1019.67,332.91,1066.96,428.57,22
2,player,171,0,0,1026.26,332.91,1073.55,428.57,22
2,player,172,0,0,1032.85,332.91,1080.14,428.57,22
2,player,173,0,0,1039.44,332.91,1086.74,428.57,22
2,player,174,0,0,1046.03,332.91,1093.33,428.57,22
2,player,175,0,0,1052.62,332.91,1099.92,428.57,22
2,player,176,0,0,1059.22,332.91,1106.51,428.57,22
2,player,177,0,0,1065.81,332.91,1113.1,428.57,22
2,player,178,0,0,1072.4,332.91,1119.69,428.57,22
2,player,179,0,0,1078.99,332.91,1126.28,428.57,22
2,player,180,0,0,1085.58,332.91,1132.88,428.57,22
2,player,181,0,0,1092.8,333.77,1140.09,429.43,22
2,player,182,0,0,1100.02,334.62,1147.31,430.28,22
2,player,183,0,0,1107.24,335.48,1154.53,431.14,22
2,player,184,0,0,1114.46,336.33,1161.75,432.0,22
2,player,185,0,0,1121.68,337.19,1168.97,432.85,22
2,player,186,0,0,1128.89,338.05,1176.19,433.71,22
2,player,187,0,0,1136.11,338.9,1183.41,434.57,22
2,player,188,0,0,1143.33,339.76,1190.63,435.42,22
2,player,189,0,0,1150.55,340.62,1197.84,436.28,22
2,player,190,0,0,1157.77,341.47,1205.06,437.14,22
2,player,191,0,0,1164.99,342.33,1212.28,437.99,22
2,player,192,0,0,1172.21,343.19,1219.5,438.85,22
2,player,193,0,0,1179.42,344.04,1226.72,439.71,22
2,player,194,0,0,1186.64,344.9,1233.94,440.56,22
2,player,195,0,0,1193.86,345.76,1241.16,441.42,22
2,player,196,0,0,1201.08,346.61,1248.37,442.27,22
2,player,197,0,0,1208.3,347.47,1255.59,443.13,22
2,player,198,0,0,1215.52,348.33,1262.81,443.99,22
2,player,199,0,0,1222.74,349.18,1270.03,444.84,22
2,player,200,0,0,1229.95,350.04,1277.25,445.7,22
2,player,201,0,0,1237.17,350.89,1284.47,446.56,22
2,player,202,0,0,1244.39,351.75,1291.69,447.41,22
2,player,203,0,0,1248.56,351.93,1295.85,447.59,22
2,player,204,0,0,1252.72,352.11,1300.02,447.78,22
2,player,205,0,0,1256.89,352.29,1304.18,447.96,22
2,player,206,0,0,1261.05,352.48,1308.35,448.14,22
2,player,207,0,0,1265.22,352.66,1312.51,448.32,22
2,player,208,0,0,1269.38,352.84,1316.68,448.5,22
2,player,209,0,0,1273.55,353.02,1320.84,448.68,22
2,player,210,0,0,1277.71,353.2,1325.01,448.86,22
2,player,211,0,0,1281.88,353.38,1329.17,449.04,22
2,player,212,0,0,1286.04,353.56,1333.34,449.22,22
2,player,213,0,0,1290.21,353.74,1337.5,449.4,22
2,player,214,0,0,1294.37,353.92,1341.67,449.59,22
2,player,215,0,0,1298.54,354.11,1345.83,449.77,22
2,player,216,0,0,1302.7,354.29,1350.0,449.95,22
2,player,217,0,0,1305.87,354.91,1353.16,450.57,22
2,player,218,0,0,1309.04,355.53,1356.33,451.19,22
2,player,219,0,0,1312.21,356.16,1359.5,451.82,22
2,player,220,0,0,1315.38,356.78,1362.67,452.44,22
2,player,221,0,0,1318.54,357.4,1365.84,453.06,22
2,player,222,0,0,1321.71,358.03,1369.01,453.69,22
2,player,223,0,0,1324.88,358.65,1372.18,454.31,22
2,player,224,0,0,1328.05,359.27,1375.34,454.93,22
2,player,225,0,0,1331.22,359.9,1378.51,455.56,22
2,player,226,0,0,1334.39,360.52,1381.68,456.18,22
2,player,227,0,0,1337.56,361.14,1384.85,456.81,22
2,player,228,0,0,1340.72,361.77,1388.02,457.43,22
2,player,229,0,0,1343.89,362.39,1391.19,458.05,22
2,player,230,0,0,1347.06,363.01,1394.36,458.68,22
2,player,231,0,0,1350.23,363.64,1397.52,459.3,22
2,player,232,0,0,1353.4,364.26,1400.69,459.92,22
2,player,233,0,0,1356.57,364.88,1403.86,460.55,22
2,player,234,0,0,1359.74,365.51,1407.03,461.17,22
2,player,235,0,0,1362.9,366.13,1410.2,461.79,22
2,player,236,0,0,1366.07,366.75,1413.37,462.42,22
2,player,237,0,0,1369.24,367.38,1416.54,463.04,22
2,player,238,0,0,1372.41,368.0,1419.7,463.66,22
2,player,239,0,0,1375.58,368.62,1422.87,464.29,22
2,player,240,0,0,1378.75,369.25,1426.04,464.91,22
2,player,241,0,0,1381.92,369.87,1429.21,465.53,22
2,player,242,0,0,1385.08,370.49,1432.38,466.16,22
2,player,243,0,0,1388.25,371.12,1435.55,466.78,22
2,player,244,0,0,1391.42,371.74,1438.72,467.4,22
2,player,245,0,0,1394.59,372.36,1441.88,468.03,22
2,player,246,0,0,1397.76,372.99,1445.05,468.65,22
2,player,247,0,0,1400.93,373.61,1448.22,469.27,22
2,player,248,0,0,1404.1,374.23,1451.39,469.9,22
2,player,249,0,0,1407.26,374.86,1454.56,470.52,22
2,player,250,0,0,1410.43,375.48,1457.73,471.14,22
2,player,251,0,0,1413.6,376.1,1460.9,471.77,22
2,player,252,0,0,1416.77,376.73,1464.06,472.39,22
2,player,253,0,0,1419.94,377.35,1467.23,473.01,22
2,player,254,0,0,1423.11,377.97,1470.4,473.64,22
2,player,255,0,0,1426.28,378.6,1473.57,474.26,22
2,player,256,0,0,1429.44,379.22,1476.74,474.88,22
2,player,257,0,0,1432.61,379.84,1479.91,475.51,22
2,player,258,0,0,1435.78,380.47,1483.08,476.13,22
2,player,259,0,0,1438.95,381.09,1486.24,476.75,22
2,player,260,0,0,1442.12,381.71,1489.41,477.38,22
2,player,261,0,0,1445.29,382.34,1492.58,478.0,22
2,player,262,0,0,1448.46,382.96,1495.75,478.62,22
2,player,263,0,0,1451.62,383.58,1498.92,479.25,22
2,player,264,0,0,1454.79,384.21,1502.09,479.87,22
2,player,265,0,0,1457.96,384.83,1505.26,480.49,22
2,player,266,0,0,1461.13,385.45,1508.42,481.12,22
2,player,267,0,0,1464.3,386.08,1511.59,481.74,22
2,player,268,0,0,1467.47,386.7,1514.76,482.36,22
2,player,269,0,0,1470.64,387.32,1517.93,482.99,22
2,player,270,0,0,1471.85,387.48,1519.15,483.14,22
2,player,271,0,0,1473.07,387.63,1520.36,483.29,22
2,player,272,0,0,1474.29,387.78,1521.58,483.44,22
2,player,273,0,0,1475.5,387.93,1522.8,483.59,22
2,player,274,0,0,1476.72,388.08,1524.01,483.75,22
2,player,275,0,0,1477.93,388.24,1525.23,483.9,22
2,player,276,0,0,1479.15,388.39,1526.45,484.05,22
2,player,277,0,0,1480.37,388.54,1527.66,484.2,22
2,player,278,0,0,1481.58,388.69,1528.88,484.35,22
2,player,279,0,0,1482.8,388.84,1530.09,484.51,22
2,player,280,0,0,1484.02,389.0,1531.31,484.66,22
2,player,281,0,0,1485.23,389.15,1532.53,484.81,22
2,player,282,0,0,1486.45,389.3,1533.74,484.96,22
2,player,283,0,0,1487.67,389.45,1534.96,485.11,22
2,player,284,0,0,1488.88,389.6,1536.18,485.27,22
2,player,285,0,0,1490.1,389.76,1537.39,485.42,22
2,player,286,0,0,1491.32,389.91,1538.61,485.57,22
2,player,287,0,0,1492.53,390.06,1539.83,485.72,22
2,player,288,0,0,1493.75,390.21,1541.04,485.87,22
2,player,289,0,0,1494.97,390.36,1542.26,486.03,22
2,player,290,0,0,1496.18,390.52,1543.48,486.18,22
2,player,291,0,0,1497.4,390.67,1544.69,486.33,22
2,player,292,0,0,1498.61,390.82,1545.91,486.48,22
2,player,293,0,0,1499.83,390.97,1547.13,486.63,22
2,player,294,0,0,1499.11,391.21,1546.41,486.87,22
2,player,295,0,0,1498.4,391.45,1545.69,487.11,22
2,player,296,0,0,1497.68,391.69,1544.97,487.35,22
2,player,297,0,0,1496.96,391.93,1544.26,487.59,22
2,player,298,0,0,1496.25,392.17,1543.54,487.83,22
2,player,299,0,0,1495.53,392.41,1542.82,488.07,22
2,player,300,0,0,1494.81,392.65,1542.11,488.31,22
2,player,301,0,0,1494.09,392.88,1541.39,488.55,22
2,player,302,0,0,1493.38,393.12,1540.67,488.79,22
2,player,303,0,0,1492.66,393.36,1539.95,489.03,22
2,player,304,0,0,1491.94,393.6,1539.24,489.26,22
2,player,305,0,0,1491.23,393.84,1538.52,489.5,22
2,player,306,0,0,1490.51,394.08,1537.8,489.74,22
2,player,307,0,0,1489.79,394.32,1537.09,489.98,22
2,player,308,0,0,1489.07,394.56,1536.37,490.22,22
2,player,309,0,0,1488.36,394.8,1535.65,490.46,22
2,player,310,0,0,1487.64,395.04,1534.93,490.7,22
2,player,311,0,0,1486.92,395.28,1534.22,490.94,22
2,player,312,0,0,1486.21,395.51,1533.5,491.18,22
2,player,313,0,0,1485.49,395.75,1532.78,491.42,22
2,player,314,0,0,1484.77,395.99,1532.07,491.65,22
2,player,315,0,0,1484.05,396.23,1531.35,491.89,22
2,player,316,0,0,1478.8,396.23,1526.09,491.89,22
2,player,317,0,0,1473.54,396.23,1520.83,491.89,22
2,player,318,0,0,1468.28,396.23,1515.57,491.89,22
2,player,319,0,0,1464.33,395.95,1511.63,491.62,22
2,player,320,0,0,1460.39,395.68,1507.68,491.34,22
2,player,321,0,0,1456.45,395.4,1503.74,491.06,22
2,player,322,0,0,1452.5,395.12,1499.8,490.79,22
2,player,323,0,0,1448.56,394.85,1495.85,490.51,22
2,player,324,0,0,1444.61,394.57,1491.91,490.23,22
2,player,325,0,0,1440.67,394.29,1487.96,489.96,22
2,player,326,0,0,1436.73,394.02,1484.02,489.68,22
2,player,327,0,0,1432.78,393.74,1480.08,489.4,22
2,player,328,0,0,1428.84,393.46,1476.13,489.13,22
2,player,329,0,0,1424.89,393.19,1472.19,488.85,22
2,player,330,0,0,1420.95,392.91,1468.24,488.57,22
2,player,331,0,0,1417.01,392.63,1464.3,488.3,22
2,player,332,0,0,1413.06,392.36,1460.36,488.02,22
2,player,333,0,0,1409.12,392.08,1456.41,487.74,22
2,player,334,0,0,1405.17,391.8,1452.47,487.47,22
2,player,335,0,0,1401.23,391.53,1448.52,487.19,22
2,player,336,0,0,1397.29,391.25,1444.58,486.91,22
2,player,337,0,0,1393.34,390.97,1440.64,486.63,22
2,player,338,0,0,1389.4,390.7,1436.69,486.36,22
2,player,339,0,0,1385.45,390.42,1432.75,486.08,22
2,player,340,0,0,1381.51,390.14,1428.8,485.8,22
2,player,341,0,0,1377.57,389.87,1424.86,485.53,22
2,player,342,0,0,1373.62,389.59,1420.92,485.25,22
2,player,343,0,0,1369.68,389.31,1416.97,484.97,22
2,player,344,0,0,1365.73,389.04,1413.03,484.7,22
2,player,345,0,0,1361.79,388.76,1409.08,484.42,22
2,player,346,0,0,1357.84,388.48,1405.14,484.14,22
2,player,347,0,0,1353.9,388.2,1401.19,483.87,22
2,player,348,0,0,1349.96,387.93,1397.25,483.59,22
2,player,349,0,0,1346.01,387.65,1393.31,483.31,22
2,player,350,0,0,1342.07,387.37,1389.36,483.04,22
2,player,351,0,0,1338.12,387.1,1385.42,482.76,22
2,player,352,0,0,1334.18,386.82,1381.47,482.48,22
2,player,353,0,0,1330.24,386.54,1377.53,482.21,22
2,player,354,0,0,1326.29,386.27,1373.59,481.93,22
2,player,355,0,0,1322.35,385.99,1369.64,481.65,22
2,player,356,0,0,1318.4,385.71,1365.7,481.38,22
2,player,357,0,0,1315.19,385.23,1362.48,480.89,22
2,player,358,0,0,1311.97,384.74,1359.26,480.4,22
2,player,359,0,0,1308.75,384.25,1356.05,479.91,22
2,player,360,0,0,1305.53,383.76,1352.83,479.43,22
2,player,361,0,0,1302.32,383.28,1349.61,478.94,22
2,player,362,0,0,1299.1,382.79,1346.39,478.45,22
2,player,363,0,0,1295.88,382.3,1343.17,477.96,22
2,player,364,0,0,1292.66,381.81,1339.96,477.48,22
2,player,365,0,0,1289.44,381.33,1336.74,476.99,22
2,player,366,0,0,1286.23,380.84,1333.52,476.5,22
2,player,367,0,0,1283.01,380.35,1330.3,476.01,22
2,player,368,0,0,1279.79,379.86,1327.09,475.53,22
2,player,369,0,0,1276.57,379.38,1323.87,475.04,22
2,player,370,0,0,1273.36,378.89,1320.65,474.55,22
2,player,371,0,0,1270.14,378.4,1317.43,474.06,22
2,player,372,0,0,1266.92,377.91,1314.21,473.57,22
2,player,373,0,0,1263.7,377.43,1311.0,473.09,22
2,player,374,0,0,1260.48,376.94,1307.78,472.6,22
2,player,375,0,0,1257.27,376.45,1304.56,472.11,22
2,player,376,0,0,1254.05,375.96,1301.34,471.62,22
2,player,377,0,0,1250.83,375.47,1298.13,471.14,22
2,player,378,0,0,1247.61,374.99,1294.91,470.65,22
2,player,379,0,0,1244.4,374.5,1291.69,470.16,22
2,player,380,0,0,1241.18,374.01,1288.47,469.67,22
2,player,381,0,0,1237.96,373.52,1285.25,469.19,22
2,player,382,0,0,1234.74,373.04,1282.04,468.7,22
2,player,383,0,0,1230.54,372.5,1277.83,468.17,22
2,player,384,0,0,1226.34,371.97,1273.63,467.63,22
2,player,385,0,0,1222.13,371.44,1269.43,467.1,22
2,player,386,0,0,1217.93,370.9,1265.22,466.56,22
2,player,387,0,0,1213.73,370.37,1261.02,466.03,22
2,player,388,0,0,1209.52,369.83,1256.82,465.5,22
2,player,389,0,0,1205.32,369.3,1252.61,464.96,22
2,player,390,0,0,1201.12,368.77,1248.41,464.43,22
2,player,391,0,0,1196.91,368.23,1244.21,463.9,22
2,player,392,0,0,1192.71,367.7,1240.01,463.36,22
2,player,393,0,0,1188.51,367.17,1235.8,462.83,22
2,player,394,0,0,1184.3,366.63,1231.6,462.29,22
2,player,395,0,0,1180.1,366.1,1227.4,461.76,22
2,player,396,0,0,1175.9,365.57,1223.19,461.23,22
2,player,397,0,0,1171.7,365.03,1218.99,460.69,22
2,player,398,0,0,1167.49,364.5,1214.79,460.16,22
2,player,399,0,0,1163.29,363.96,1210.58,459.63,22
2,player,400,0,0,1159.09,363.43,1206.38,459.09,22
2,player,401,0,0,1154.88,362.9,1202.18,458.56,22
2,player,402,0,0,1150.68,362.36,1197.97,458.02,22
2,player,403,0,0,1146.48,361.83,1193.77,457.49,22
2,player,404,0,0,1142.27,361.3,1189.57,456.96,22
2,player,405,0,0,1138.07,360.76,1185.36,456.42,22
2,player,406,0,0,1133.87,360.23,1181.16,455.89,22
2,player,407,0,0,1129.66,359.69,1176.96,455.36,22
2,player,408,0,0,1125.46,359.16,1172.76,454.82,22
2,player,409,0,0,1121.26,358.63,1168.55,454.29,22
2,player,410,0,0,1117.05,358.09,1164.35,453.76,22
2,player,411,0,0,1112.85,357.56,1160.15,453.22,22
2,player,412,0,0,1108.65,357.03,1155.94,452.69,22
2,player,413,0,0,1104.45,356.49,1151.74,452.15,22
2,player,414,0,0,1100.24,355.96,1147.54,451.62,22
2,player,415,0,0,1096.04,355.42,1143.33,451.09,22
2,player,416,0,0,1091.84,354.89,1139.13,450.55,22
2,player,417,0,0,1087.63,354.36,1134.93,450.02,22
2,player,418,0,0,1083.43,353.82,1130.72,449.49,22
2,player,419,0,0,1079.23,353.29,1126.52,448.95,22
2,player,420,0,0,1075.02,352.76,1122.32,448.42,22
2,player,421,0,0,1077.31,353.14,1124.61,448.8,22
2,player,422,0,0,1079.6,353.52,1126.9,449.18,22
2,player,423,0,0,1081.9,353.9,1129.19,449.56,22
2,player,424,0,0,1084.19,354.28,1131.48,449.95,22
2,player,425,0,0,1086.48,354.66,1133.77,450.33,22
2,player,426,0,0,1088.77,355.05,1136.06,450.71,22
2,player,427,0,0,1091.06,355.43,1138.35,451.09,22
2,player,428,0,0,1093.35,355.81,1140.64,451.47,22
2,player,429,0,0,1095.64,356.19,1142.93,451.85,22
2,player,430,0,0,1097.93,356.57,1145.22,452.24,22
2,player,431,0,0,1100.22,356.96,1147.52,452.62,22
2,player,432,0,0,1102.51,357.34,1149.81,453.0,22
2,player,433,0,0,1104.8,357.72,1152.1,453.38,22
2,player,434,0,0,1107.09,358.1,1154.39,453.76,22
2,player,435,0,0,1109.38,358.48,1156.68,454.14,22
2,player,436,0,0,1111.67,358.86,1158.97,454.53,22
2,player,437,0,0,1113.97,359.25,1161.26,454.91,22
2,player,438,0,0,1116.26,359.63,1163.55,455.29,22
2,player,439,0,0,1118.55,360.01,1165.84,455.67,22
2,player,440,0,0,1120.84,360.39,1168.13,456.05,22
2,player,441,0,0,1123.13,360.77,1170.42,456.44,22
2,player,442,0,0,1125.42,361.15,1172.71,456.82,22
2,player,443,0,0,1127.71,361.54,1175.0,457.2,22
2,player,444,0,0,1130.0,361.92,1177.29,457.58,22
2,player,445,0,0,1132.29,362.3,1179.58,457.96,22
2,player,446,0,0,1134.58,362.68,1181.88,458.34,22
2,player,447,0,0,1136.87,363.06,1184.17,458.73,22
2,player,448,0,0,1139.16,363.45,1186.46,459.11,22
2,player,449,0,0,1141.45,363.83,1188.75,459.49,22
2,player,450,0,0,1143.74,364.21,1191.04,459.87,22
2,player,451,0,0,1146.03,364.59,1193.33,460.25,22
2,player,452,0,0,1148.33,364.97,1195.62,460.63,22
2,player,453,0,0,1150.62,365.35,1197.91,461.02,22
2,player,454,0,0,1152.91,365.74,1200.2,461.4,22
2,player,455,0,0,1155.2,366.12,1202.49,461.78,22
2,player,456,0,0,1157.49,366.5,1204.78,462.16,22
2,player,457,0,0,1159.78,366.88,1207.07,462.54,22
2,player,458,0,0,1162.07,367.26,1209.36,462.93,22
2,player,459,0,0,1164.36,367.64,1211.65,463.31,22
2,player,460,0,0,1166.65,368.03,1213.95,463.69,22
2,player,461,0,0,1168.94,368.41,1216.24,464.07,22
2,player,462,0,0,1171.23,368.79,1218.53,464.45,22
2,player,463,0,0,1171.88,369.68,1219.17,465.34,22
2,player,464,0,0,1172.52,370.56,1219.82,466.23,22
2,player,465,0,0,1173.17,371.45,1220.46,467.11,22
2,player,466,0,0,1173.81,372.34,1221.11,468.0,22
2,player,467,0,0,1174.46,373.22,1221.75,468.89,22
2,player,468,0,0,1175.1,374.11,1222.4,469.77,22
2,player,469,0,0,1175.75,375.0,1223.04,470.66,22
2,player,470,0,0,1176.39,375.88,1223.69,471.55,22
2,player,471,0,0,1177.04,376.77,1224.33,472.43,22
2,player,472,0,0,1177.68,377.66,1224.97,473.32,22
2,player,473,0,0,1178.33,378.54,1225.62,474.21,22
2,player,474,0,0,1178.97,379.43,1226.26,475.09,22
2,player,475,0,0,1179.62,380.32,1226.91,475.98,22
2,player,476,0,0,1180.26,381.2,1227.55,476.87,22
2,player,477,0,0,1180.9,382.09,1228.2,477.75,22
2,player,478,0,0,1181.55,382.98,1228.84,478.64,22
2,player,479,0,0,1182.19,383.86,1229.49,479.53,22
2,player,480,0,0,1182.84,384.75,1230.13,480.41,22
2,player,481,0,0,1183.48,385.64,1230.78,481.3,22
2,player,482,0,0,1184.13,386.52,1231.42,482.19,22
2,player,483,0,0,1184.77,387.41,1232.07,483.07,22
2,player,484,0,0,1185.42,388.3,1232.71,483.96,22
2,player,485,0,0,1186.06,389.18,1233.36,484.84,22
2,player,486,0,0,1186.71,390.07,1234.0,485.73,22
2,player,487,0,0,1187.35,390.96,1234.65,486.62,22
2,player,488,0,0,1188.0,391.84,1235.29,487.5,22
2,player,489,0,0,1188.64,392.73,1235.94,488.39,22
2,player,490,0,0,1189.29,393.62,1236.58,489.28,22
2,player,491,0,0,1189.93,394.5,1237.23,490.16,22
2,player,492,0,0,1190.58,395.39,1237.87,491.05,22
2,player,493,0,0,1191.22,396.28,1238.52,491.94,22
2,player,494,0,0,1191.87,397.16,1239.16,492.82,22
2,player,495,0,0,1192.51,398.05,1239.81,493.71,22
2,player,496,0,0,1193.16,398.94,1240.45,494.6,22
2,player,497,0,0,1193.8,399.82,1241.1,495.48,22
2,player,498,0,0,1194.45,400.71,1241.74,496.37,22
2,player,499,0,0,1195.09,401.6,1242.39,497.26,22
2,player,500,0,0,1195.74,402.48,1243.03,498.14,22
2,player,501,0,0,1196.38,403.37,1243.67,499.03,22
2,player,502,0,0,1194.29,403.37,1241.58,499.03,22
2,player,503,0,0,1192.19,403.37,1239.48,499.03,22
2,player,504,0,0,1190.09,403.37,1237.39,499.03,22
2,player,505,0,0,1188.0,403.37,1235.29,499.03,22
2,player,506,0,0,1185.9,403.37,1233.2,499.03,22
2,player,507,0,0,1183.81,403.37,1231.1,499.03,22
2,player,508,0,0,1181.92,405.26,1228.59,500.92,22
2,player,509,0,0,1180.03,407.14,1226.09,502.8,22
2,player,510,0,0,1178.15,409.03,1223.58,504.69,22
2,player,511,0,0,1176.26,410.91,1221.08,506.58,22
2,player,512,0,0,1174.38,412.8,1218.57,508.46,22
2,player,513,0,0,1173.08,414.32,1217.27,509.98,22
2,player,514,0,0,1171.77,415.83,1215.97,511.5,22
2,player,515,0,0,1170.47,417.35,1214.67,513.01,22
2,player,516,0,0,1169.17,418.87,1213.37,514.53,22
2,player,517,0,0,1167.87,420.39,1212.07,516.05,22
2,player,518,0,0,1166.57,421.91,1210.76,517.57,22
2,player,519,0,0,1165.27,423.42,1209.46,519.08,22
2,player,520,0,0,1163.97,424.94,1208.16,520.6,22
2,player,521,0,0,1162.67,426.46,1206.86,522.12,22
2,player,522,0,0,1161.37,427.98,1205.56,523.64,22
2,player,523,0,0,1160.07,429.49,1204.26,525.16,22
2,player,524,0,0,1158.77,431.01,1202.96,526.67,22
2,player,525,0,0,1157.47,432.53,1201.66,528.19,22
2,player,526,0,0,1156.16,434.05,1200.36,529.71,22
2,player,527,0,0,1154.86,435.56,1199.06,531.23,22
2,player,528,0,0,1153.56,437.08,1197.76,532.74,22
2,player,529,0,0,1152.26,438.6,1196.46,534.26,22
2,player,530,0,0,1150.96,440.12,1195.15,535.78,22
2,player,531,0,0,1149.66,441.63,1193.85,537.3,22
2,player,532,0,0,1148.36,443.15,1192.55,538.81,22
2,player,533,0,0,1147.06,444.67,1191.25,540.33,22
2,player,534,0,0,1145.76,446.19,1189.95,541.85,22
2,player,535,0,0,1144.46,447.7,1188.65,543.37,22
2,player,536,0,0,1143.16,449.22,1187.35,544.88,22
2,player,537,0,0,1141.86,450.74,1186.05,546.4,22
2,player,538,0,0,1140.55,452.26,1184.75,547.92,22
2,player,539,0,0,1139.25,453.77,1183.45,549.44,22
2,player,540,0,0,1137.95,455.29,1182.15,550.95,22
2,player,541,0,0,1136.65,456.81,1180.85,552.47,22
2,player,542,0,0,1134.72,458.19,1179.46,553.86,22
2,player,543,0,0,1132.78,459.58,1178.08,555.24,22
2,player,544,0,0,1130.84,460.96,1176.69,556.62,22
2,player,545,0,0,1128.9,462.34,1175.31,558.01,22
2,player,546,0,0,1126.97,463.73,1173.92,559.39,22
2,player,547,0,0,1125.03,465.11,1172.54,560.77,22
2,player,548,0,0,1123.09,466.49,1171.15,562.16,22
2,player,549,0,0,1121.16,467.88,1169.77,563.54,22
2,player,550,0,0,1119.22,469.26,1168.38,564.92,22
2,player,551,0,0,1117.28,470.64,1167.0,566.31,22
2,player,552,0,0,1115.35,472.03,1165.62,567.69,22
2,player,553,0,0,1113.41,473.41,1164.23,569.07,22
2,player,554,0,0,1111.47,474.79,1162.85,570.46,22
2,player,555,0,0,1109.54,476.18,1161.46,571.84,22
2,player,556,0,0,1107.6,477.56,1160.08,573.22,22
2,player,557,0,0,1105.66,478.94,1158.69,574.61,22
2,player,558,0,0,1103.73,480.33,1157.31,575.99,22
2,player,559,0,0,1101.79,481.71,1155.92,577.37,22
2,player,560,0,0,1099.85,483.1,1154.54,578.76,22
2,player,561,0,0,1097.92,484.48,1153.15,580.14,22
2,player,562,0,0,1095.98,485.86,1151.77,581.52,22
2,player,563,0,0,1094.04,487.25,1150.38,582.91,22
2,player,564,0,0,1092.1,488.63,1149.0,584.29,22
2,player,565,0,0,1090.17,490.01,1147.62,585.67,22
2,player,566,0,0,1089.29,491.24,1146.74,586.9,22
2,player,567,0,0,1088.42,492.46,1145.87,588.12,22
2,player,568,0,0,1087.55,493.68,1144.99,589.34,22
2,player,569,0,0,1086.67,494.91,1144.12,590.57,22
2,player,570,0,0,1085.8,496.13,1143.25,591.79,22
2,player,571,0,0,1084.93,497.35,1142.37,593.01,22
2,player,572,0,0,1084.05,498.58,1141.5,594.24,22
2,player,573,0,0,1083.18,499.8,1140.63,595.46,22
2,player,574,0,0,1082.3,501.02,1139.75,596.68,22
2,player,575,0,0,1081.43,502.25,1138.88,597.91,22
2,player,576,0,0,1080.56,503.47,1138.0,599.13,22
2,player,577,0,0,1079.68,504.69,1137.13,600.35,22
2,player,578,0,0,1078.81,505.92,1136.26,601.58,22
2,player,579,0,0,1077.94,507.14,1135.38,602.8,22
2,player,580,0,0,1077.06,508.36,1134.51,604.02,22
2,player,581,0,0,1076.19,509.59,1133.64,605.25,22
2,player,582,0,0,1075.31,510.81,1132.76,606.47,22
2,player,583,0,0,1074.44,512.03,1131.89,607.69,22
2,player,584,0,0,1073.57,513.25,1131.01,608.92,22
2,player,585,0,0,1074.17,515.07,1131.62,610.73,22
2,player,586,0,0,1074.77,516.88,1132.22,612.54,22
2,player,587,0,0,1075.38,518.69,1132.83,614.35,22
2,player,588,0,0,1075.98,520.5,1133.43,616.16,22
2,player,589,0,0,1076.58,522.31,1134.03,617.97,22
2,player,590,0,0,1077.19,524.12,1134.64,619.78,22
2,player,591,0,0,1077.79,525.93,1135.24,621.59,22
2,player,592,0,0,1078.4,527.74,1135.84,623.41,22
2,player,593,0,0,1079.0,529.55,1136.45,625.22,22
2,player,594,0,0,1079.6,531.37,1137.05,627.03,22
2,player,595,0,0,1080.21,533.18,1137.65,628.84,22
2,player,596,0,0,1078.5,534.03,1135.95,629.69,22
2,player,597,0,0,1076.79,534.88,1134.24,630.55,22
2,player,598,0,0,1075.08,535.74,1132.53,631.4,22
2,player,599,0,0,1073.38,536.59,1130.82,632.25,22
2,player,600,0,0,1071.67,537.45,1129.12,633.11,22
2,player,601,0,0,1069.96,538.3,1127.41,633.96,22
2,player,602,0,0,1068.25,539.15,1125.7,634.81,22
2,player,603,0,0,1066.55,540.01,1123.99,635.67,22
2,player,604,0,0,1064.84,540.86,1122.29,636.52,22
2,player,605,0,0,1061.0,542.13,1118.45,639.72,22
2,player,606,0,0,1057.16,543.41,1114.6,642.93,22
2,player,607,0,0,1053.31,544.68,1110.76,646.13,22
2,player,608,0,0,1049.47,545.95,1106.92,649.33,22
2,player,609,0,0,1045.63,547.23,1103.08,652.53,22
2,player,610,0,0,1041.79,548.5,1099.24,655.73,22
2,player,611,0,0,1037.95,549.6,1095.4,656.83,22
2,player,612,0,0,1034.11,550.7,1091.55,657.93,22
2,player,613,0,0,1030.27,551.79,1087.71,659.02,22
2,player,614,0,0,1026.42,552.89,1083.87,660.12,22
2,player,615,0,0,1022.58,553.99,1080.03,661.22,22
2,player,616,0,0,1018.74,555.09,1076.19,662.32,22
2,player,617,0,0,1014.9,556.18,1072.35,663.41,22
2,player,618,0,0,1011.06,557.28,1068.5,664.51,22
2,player,619,0,0,1007.22,558.38,1064.66,665.61,22
2,player,620,0,0,1003.37,559.48,1060.82,666.71,22
2,player,621,0,0,999.53,560.57,1056.98,667.8,22
2,player,622,0,0,995.69,561.67,1053.14,668.9,22
2,player,623,0,0,991.85,562.77,1049.3,670.0,22
2,player,624,0,0,988.01,563.87,1045.45,671.1,22
2,player,625,0,0,982.88,563.69,1040.33,670.92,22
2,player,626,0,0,977.76,563.51,1035.21,670.74,22
2,player,627,0,0,972.64,563.32,1030.09,670.56,22
2,player,628,0,0,967.52,563.14,1024.96,670.37,22
2,player,629,0,0,962.39,562.96,1019.84,670.19,22
2,player,630,0,0,957.27,562.78,1014.72,670.01,22
2,player,631,0,0,952.15,562.6,1009.59,669.83,22
2,player,632,0,0,947.02,562.42,1004.47,669.65,22
2,player,633,0,0,941.9,562.24,999.35,669.47,22
2,player,634,0,0,936.78,562.06,994.23,669.29,22
2,player,635,0,0,931.66,561.88,989.1,669.11,22
2,player,636,0,0,926.53,561.7,983.98,668.93,22
2,player,637,0,0,921.41,561.52,978.86,668.75,22
2,player,638,0,0,916.29,561.34,973.74,668.57,22
2,player,639,0,0,911.16,561.16,968.61,668.39,22
2,player,640,0,0,906.04,560.97,963.49,668.2,22
2,player,641,0,0,900.92,560.79,958.37,668.02,22
2,player,642,0,0,895.8,560.61,953.24,667.84,22
2,player,643,0,0,890.67,560.43,948.12,667.66,22
2,player,644,0,0,885.55,560.25,943.0,667.48,22
2,player,645,0,0,880.43,560.07,937.88,667.3,22
2,player,646,0,0,875.31,559.89,932.75,667.12,22
2,player,647,0,0,870.18,559.71,927.63,666.94,22
2,player,648,0,0,865.06,559.53,922.51,666.76,22
2,player,649,0,0,859.94,559.35,917.38,666.58,22
2,player,650,0,0,854.81,559.17,912.26,666.4,22
2,player,651,0,0,849.69,558.99,907.14,666.22,22
2,player,652,0,0,844.57,558.8,902.02,666.04,22
2,player,653,0,0,839.45,558.62,896.89,665.85,22
2,player,654,0,0,834.32,558.44,891.77,665.67,22
2,player,655,0,0,829.2,558.26,886.65,665.49,22
2,player,656,0,0,824.08,558.08,881.53,665.31,22
2,player,657,0,0,818.95,557.9,876.4,665.13,22
2,player,658,0,0,813.83,557.72,871.28,664.95,22
2,player,659,0,0,808.71,557.54,866.16,664.77,22
2,player,660,0,0,803.59,557.36,861.03,664.59,22
2,player,661,0,0,798.46,557.18,855.91,664.41,22
2,player,662,0,0,793.34,557.0,850.79,664.23,22
2,player,663,0,0,788.22,556.82,845.67,664.05,22
2,player,664,0,0,783.1,556.64,840.54,663.87,22
2,player,665,0,0,777.97,556.45,835.42,663.68,22
2,player,666,0,0,772.85,556.27,830.3,663.5,22
2,player,667,0,0,767.73,556.09,825.17,663.32,22
2,player,668,0,0,762.6,555.91,820.05,663.14,22
2,player,669,0,0,757.48,555.73,814.93,662.96,22
2,player,670,0,0,752.36,555.55,809.81,662.78,22
2,player,671,0,0,747.24,555.37,804.68,662.6,22
2,player,672,0,0,742.11,555.19,799.56,662.42,22
2,player,673,0,0,736.99,555.01,794.44,662.24,22
2,player,674,0,0,731.87,554.83,789.31,662.06,22
2,player,675,0,0,731.99,556.22,789.44,663.45,22
2,player,676,0,0,732.12,557.62,789.57,664.85,22
2,player,677,0,0,732.25,559.01,789.7,666.24,22
2,player,678,0,0,732.37,560.4,789.82,667.64,22
2,player,679,0,0,732.5,561.8,789.95,669.03,22
2,player,680,0,0,732.63,563.19,790.08,670.42,22
2,player,681,0,0,732.75,564.59,790.2,671.82,22
2,player,682,0,0,732.88,565.98,790.33,673.21,22
2,player,683,0,0,733.01,567.38,790.46,674.61,22
2,player,684,0,0,733.13,568.77,790.58,676.0,22
2,player,685,0,0,733.26,570.17,790.71,677.4,22
2,player,686,0,0,733.39,571.56,790.84,678.79,22
2,player,687,0,0,733.52,572.95,790.96,680.18,22
2,player,688,0,0,733.64,574.35,791.09,681.58,22
2,player,689,0,0,733.77,575.74,791.22,682.97,22
2,player,690,0,0,733.9,577.14,791.34,684.37,22
2,player,691,0,0,734.02,578.53,791.47,685.76,22
2,player,692,0,0,734.15,579.93,791.6,687.16,22
2,player,693,0,0,734.28,581.32,791.72,688.55,22
2,player,694,0,0,734.4,582.71,791.85,689.95,22
2,player,695,0,0,736.3,586.52,793.75,693.75,22
2,player,696,0,0,738.21,590.32,795.65,697.55,22
2,player,697,0,0,740.11,594.12,797.55,701.35,22
2,player,698,0,0,742.01,597.93,799.46,705.16,22
2,player,699,0,0,743.91,601.73,801.36,708.96,22
2,player,700,0,0,745.81,605.53,803.26,712.76,22
2,player,701,0,0,747.71,609.33,805.16,716.57,22
2,player,702,0,0,749.61,613.14,807.06,720.37,22
2,player,703,0,0,752.9,615.52,810.34,722.75,22
2,player,704,0,0,756.18,617.91,813.62,725.14,22
2,player,705,0,0,759.46,620.3,816.9,727.53,22
2,player,706,0,0,762.74,622.68,820.19,729.91,22
2,player,707,0,0,766.02,625.07,823.47,732.3,22
2,player,708,0,0,769.3,627.45,826.75,734.68,22
2,player,709,0,0,772.58,629.84,830.03,737.07,22
2,player,710,0,0,775.86,632.23,833.31,739.46,22
2,player,711,0,0,779.14,634.61,836.59,741.84,22
2,player,712,0,0,782.42,637.0,839.87,744.23,22
2,player,713,0,0,785.7,639.38,843.15,746.62,22
2,player,714,0,0,788.98,641.77,846.43,749.0,22
2,player,715,0,0,792.27,644.16,849.71,751.39,22
2,player,716,0,0,795.55,646.54,852.99,753.77,22
2,player,717,0,0,798.83,648.93,856.27,756.16,22
2,player,718,0,0,802.11,651.32,859.56,758.55,22
2,player,719,0,0,805.39,653.7,862.84,760.93,22
2,player,720,0,0,807.87,655.97,865.32,763.2,22
2,player,721,0,0,810.35,658.25,867.8,765.48,22
2,player,722,0,0,812.83,660.52,870.27,767.75,22
2,player,723,0,0,815.31,662.79,872.75,770.02,22
2,player,724,0,0,817.79,665.06,875.23,772.3,22
2,player,725,0,0,820.26,667.34,877.71,774.57,22
2,player,726,0,0,822.74,669.61,880.19,776.84,22
2,player,727,0,0,825.22,671.88,882.67,779.11,22
2,player,728,0,0,827.7,674.16,885.15,781.39,22
2,player,729,0,0,830.18,676.43,887.63,783.66,22
2,player,730,0,0,832.66,678.7,890.11,785.93,22
2,player,731,0,0,835.14,680.97,892.59,788.2,22
2,player,732,0,0,837.62,683.25,895.07,790.48,22
2,player,733,0,0,840.1,685.52,897.55,792.75,22
2,player,734,0,0,842.58,687.79,900.03,795.02,22
2,player,735,0,0,845.06,690.06,902.51,797.29,22
2,player,736,0,0,850.35,692.05,907.8,799.28,22
2,player,737,0,0,855.64,694.03,913.09,801.26,22
2,player,738,0,0,860.93,696.02,918.37,803.25,22
2,player,739,0,0,866.22,698.0,923.66,805.23,22
2,player,740,0,0,871.51,699.98,928.95,807.21,22
2,player,741,0,0,875.71,700.28,933.16,807.51,22
2,player,742,0,0,879.92,700.58,937.37,807.81,22
2,player,743,0,0,884.13,700.88,941.58,808.11,22
2,player,744,0,0,888.34,701.18,945.78,808.41,22
2,player,745,0,0,892.54,701.48,949.99,808.72,22
2,player,746,0,0,896.75,701.79,954.2,809.02,22
2,player,747,0,0,900.96,702.09,958.41,809.32,22
2,player,748,0,0,905.16,702.39,962.61,809.62,22
2,player,749,0,0,909.37,702.69,966.82,809.92,22
2,player,750,0,0,913.58,702.99,971.03,810.22,22
2,player,751,0,0,917.79,703.29,975.23,810.52,22
2,player,752,0,0,917.49,703.89,974.93,811.12,22
2,player,753,0,0,917.19,704.49,974.63,811.72,22
2,player,754,0,0,916.89,705.09,974.33,812.32,22
2,player,755,0,0,916.59,705.69,974.03,812.92,22
2,player,756,0,0,916.28,706.29,973.73,813.52,22
2,player,757,0,0,915.98,706.89,973.43,814.12,22
2,player,758,0,0,915.68,707.5,973.13,814.73,22
2,player,759,0,0,915.38,708.1,972.83,815.33,22
2,player,760,0,0,915.08,708.7,972.53,815.93,22
2,player,761,0,0,914.78,709.3,972.23,816.53,22
2,player,762,0,0,914.48,709.9,971.93,817.13,22
2,player,763,0,0,918.76,709.12,976.21,816.35,22
2,player,764,0,0,923.04,708.34,980.49,815.57,22
2,player,765,0,0,927.32,707.57,984.76,814.8,22
2,player,766,0,0,931.59,706.79,989.04,814.02,22
2,player,767,0,0,935.87,706.01,993.32,813.24,22
2,player,768,0,0,940.15,705.23,997.6,812.46,22
2,player,769,0,0,944.43,704.45,1001.88,811.69,22
2,player,770,0,0,948.71,703.68,1006.15,810.91,22
2,player,771,0,0,952.98,702.9,1010.43,810.13,22
2,player,772,0,0,957.26,702.12,1014.71,809.35,22
2,player,773,0,0,961.54,701.34,1018.99,808.57,22
2,player,774,0,0,965.82,700.57,1023.27,807.8,22
2,player,775,0,0,970.1,699.79,1027.54,807.02,22
2,player,776,0,0,974.37,699.01,1031.82,806.24,22
2,player,777,0,0,978.65,698.23,1036.1,805.46,22
2,player,778,0,0,982.93,697.45,1040.38,804.68,22
2,player,779,0,0,987.21,696.68,1044.66,803.91,22
2,player,780,0,0,991.49,695.9,1048.93,803.13,22
2,player,781,0,0,995.77,695.12,1053.21,802.35,22
2,player,782,0,0,1000.04,694.34,1057.49,801.57,22
2,player,783,0,0,1004.32,693.56,1061.77,800.8,22
2,player,784,0,0,1008.6,692.79,1066.05,800.02,22
2,player,785,0,0,1012.88,692.01,1070.33,799.24,22
2,player,786,0,0,1017.16,691.23,1074.6,798.46,22
2,player,787,0,0,1021.43,690.45,1078.88,797.68,22
2,player,788,0,0,1025.71,689.68,1083.16,796.91,22
2,player,789,0,0,1029.99,688.9,1087.44,796.13,22
2,player,790,0,0,1034.27,688.12,1091.72,795.35,22
2,player,791,0,0,1038.55,687.34,1095.99,794.57,22
2,player,792,0,0,1042.82,686.56,1100.27,793.79,22
2,player,793,0,0,1047.1,685.79,1104.55,793.02,22
2,player,794,0,0,1051.38,685.01,1108.83,792.24,22
2,player,795,0,0,1055.66,684.23,1113.11,791.46,22
2,player,796,0,0,1059.94,683.45,1117.38,790.68,22
2,player,797,0,0,1067.37,681.52,1124.82,788.76,22
2,player,798,0,0,1074.81,679.6,1132.26,786.83,22
2,player,799,0,0,1082.25,677.67,1139.7,784.9,22
2,player,800,0,0,1089.69,675.74,1147.14,782.97,22
2,player,801,0,0,1097.13,673.81,1154.57,781.04,22
2,player,802,0,0,1104.56,671.88,1162.01,779.11,22
2,player,803,0,0,1112.0,669.95,1169.45,777.18,22
2,player,804,0,0,1119.44,668.03,1176.89,775.26,22
2,player,805,0,0,1126.88,666.1,1184.33,773.33,22
2,player,806,0,0,1134.32,664.17,1191.76,771.4,22
2,player,807,0,0,1141.76,662.24,1199.2,769.47,22
2,player,808,0,0,1149.19,660.31,1206.64,767.54,22
2,player,809,0,0,1155.12,658.09,1212.57,765.32,22
2,player,810,0,0,1161.05,655.87,1218.5,763.1,22
2,player,811,0,0,1166.98,653.64,1224.43,760.87,22
2,player,812,0,0,1172.91,651.42,1230.36,758.65,22
2,player,813,0,0,1179.0,650.01,1236.45,757.24,22
2,player,814,0,0,1185.09,648.61,1242.54,755.84,22
2,player,815,0,0,1191.18,647.2,1248.63,754.43,22
2,player,816,0,0,1197.27,645.8,1254.72,753.03,22
2,player,817,0,0,1203.36,644.39,1260.81,751.62,22
2,player,818,0,0,1209.45,642.99,1266.9,750.22,22
2,player,819,0,0,1215.54,641.58,1272.99,748.81,22
2,player,820,0,0,1221.63,640.17,1279.08,747.41,22
2,player,821,0,0,1227.72,638.77,1285.17,746.0,22
2,player,822,0,0,1233.81,637.36,1291.26,744.59,22
2,player,823,0,0,1239.9,635.96,1297.35,743.19,22
2,player,824,0,0,1245.99,634.55,1303.44,741.78,22
2,player,825,0,0,1252.08,633.15,1309.53,740.38,22
2,player,826,0,0,1258.17,631.74,1315.62,738.97,22
2,player,827,0,0,1264.26,630.34,1321.71,737.57,22
2,player,828,0,0,1270.35,628.93,1327.8,736.16,22
2,player,829,0,0,1276.44,627.53,1333.89,734.76,22
2,player,830,0,0,1282.53,626.12,1339.98,733.35,22
2,player,831,0,0,1288.62,624.72,1346.07,731.95,22
2,player,832,0,0,1292.27,623.12,1349.72,730.35,22
2,player,833,0,0,1295.92,621.52,1353.37,728.75,22
2,player,834,0,0,1299.57,619.92,1357.02,727.15,22
2,player,835,0,0,1303.23,618.33,1360.67,725.56,22
2,player,836,0,0,1306.88,616.73,1364.32,723.96,22
2,player,837,0,0,1310.53,615.13,1367.98,722.36,22
2,player,838,0,0,1314.18,613.53,1371.63,720.76,22
2,player,839,0,0,1317.83,611.94,1375.28,719.17,22
2,player,840,0,0,1321.48,610.34,1378.93,717.57,22
2,player,841,0,0,1325.13,608.74,1382.58,715.97,22
2,player,842,0,0,1328.79,607.14,1386.23,714.37,22
2,player,843,0,0,1332.44,605.55,1389.89,712.78,22
2,player,844,0,0,1336.09,603.95,1393.54,711.18,22
2,player,845,0,0,1336.83,602.76,1394.28,709.99,22
2,player,846,0,0,1337.57,601.57,1395.02,708.81,22
2,player,847,0,0,1338.31,600.39,1395.76,707.62,22
2,player,848,0,0,1339.06,599.2,1396.5,706.43,22
2,player,849,0,0,1339.8,598.01,1397.25,705.24,22
2,player,850,0,0,1340.54,596.83,1397.99,704.06,22
2,player,851,0,0,1341.28,595.64,1398.73,702.87,22
2,player,852,0,0,1342.02,594.45,1399.47,701.68,22
2,player,853,0,0,1342.76,593.27,1400.21,700.5,22
2,player,854,0,0,1343.51,592.08,1400.95,699.31,22
2,player,855,0,0,1344.25,590.89,1401.7,698.12,22
2,player,856,0,0,1344.99,589.71,1402.44,696.94,22
2,player,857,0,0,1345.73,588.52,1403.18,695.75,22
2,player,858,0,0,1346.47,587.33,1403.92,694.56,22
2,player,859,0,0,1347.22,586.15,1404.66,693.38,22
2,player,860,0,0,1347.96,584.96,1405.4,692.19,22
2,player,861,0,0,1348.7,583.77,1406.15,691.0,22
2,player,862,0,0,1349.44,582.59,1406.89,689.82,22
2,player,863,0,0,1350.18,581.4,1407.63,688.63,22
2,player,864,0,0,1350.92,580.21,1408.37,687.44,22
2,player,865,0,0,1350.92,580.21,1408.37,687.44,22
2,player,866,0,0,1350.92,580.21,1408.37,687.44,22
2,player,867,0,0,1350.92,580.21,1408.37,687.44,22
2,player,868,0,0,1350.92,580.21,1408.37,687.44,22
2,player,869,0,0,1350.92,580.21,1408.37,687.44,22
2,player,870,0,0,1350.92,580.21,1408.37,687.44,22
2,player,871,0,0,1350.92,580.21,1408.37,687.44,22
2,player,872,0,0,1350.92,580.21,1408.37,687.44,22
2,player,873,0,0,1350.92,580.21,1408.37,687.44,22
2,player,874,0,0,1350.92,580.21,1408.37,687.44,22
2,player,875,0,0,1350.92,580.21,1408.37,687.44,22
2,player,876,0,0,1350.92,580.21,1408.37,687.44,22
2,player,877,0,0,1350.92,580.21,1408.37,687.44,22
2,player,878,0,0,1350.92,580.21,1408.37,687.44,22
2,player,879,0,0,1350.92,580.21,1408.37,687.44,22
2,player,880,0,0,1350.92,580.21,1408.37,687.44,22
2,player,881,0,0,1350.92,580.21,1408.37,687.44,22
2,player,882,0,0,1350.92,580.21,1408.37,687.44,22
2,player,883,0,0,1350.92,580.21,1408.37,687.44,22
2,player,884,0,0,1350.92,580.21,1408.37,687.44,22
2,player,885,0,0,1350.92,580.21,1408.37,687.44,22
2,player,886,0,0,1350.92,580.21,1408.37,687.44,22
2,player,887,0,0,1350.92,580.21,1408.37,687.44,22
2,player,888,0,0,1350.92,580.21,1408.37,687.44,22
2,player,889,0,0,1350.92,580.21,1408.37,687.44,22
2,player,890,0,0,1350.92,580.21,1408.37,687.44,22
2,player,891,0,0,1350.92,580.21,1408.37,687.44,22
2,player,892,0,0,1350.92,580.21,1408.37,687.44,22
2,player,893,0,0,1350.92,580.21,1408.37,687.44,22
2,player,894,0,0,1350.92,580.21,1408.37,687.44,22
2,player,895,0,0,1350.92,580.21,1408.37,687.44,22
2,player,896,0,0,1350.92,580.21,1408.37,687.44,22
2,player,897,0,0,1350.92,580.21,1408.37,687.44,22
2,player,898,0,0,1350.92,580.21,1408.37,687.44,22
2,player,899,0,0,1350.92,580.21,1408.37,687.44,22
3,player,0,0,0,1503.1,773.28,1574.1,908.48,37
3,player,1,0,0,1507.26,772.45,1578.26,907.65,37
3,player,2,0,0,1511.42,771.62,1582.42,906.82,37
3,player,3,0,0,1515.58,770.79,1586.58,905.99,37
3,player,4,0,0,1510.29,770.79,1581.29,905.99,37
3,player,5,0,0,1505.0,770.79,1576.0,905.99,37
3,player,6,0,0,1499.71,770.79,1570.71,905.99,37
3,player,7,0,0,1494.42,770.79,1565.42,905.99,37
3,player,8,0,0,1489.13,770.79,1560.13,905.99,37
3,player,9,0,0,1483.84,770.79,1554.84,905.99,37
3,player,10,0,0,1478.55,770.79,1549.55,905.99,37
3,player,11,0,0,1473.26,770.79,1544.26,905.99,37
3,player,12,0,0,1463.3,769.64,1534.3,904.84,37
3,player,13,0,0,1453.35,768.49,1524.35,903.69,37
3,player,14,0,0,1443.39,767.34,1514.39,902.54,37
3,player,15,0,0,1433.43,766.19,1504.43,901.39,37
3,player,16,0,0,1423.48,765.04,1494.48,900.24,37
3,player,17,0,0,1413.52,763.89,1484.52,899.09,37
3,player,18,0,0,1403.56,762.74,1474.56,897.94,37
3,player,19,0,0,1393.61,761.59,1464.61,896.79,37
3,player,20,0,0,1383.65,760.45,1454.65,895.65,37
3,player,21,0,0,1373.69,759.3,1444.69,894.5,37
3,player,22,0,0,1363.74,758.15,1434.74,893.35,37
3,player,23,0,0,1353.78,757.0,1424.78,892.2,37
3,player,24,0,0,1343.82,755.85,1414.82,891.05,37
3,player,25,0,0,1333.87,754.7,1404.86,889.9,37
3,player,26,0,0,1323.91,753.55,1394.91,888.75,37
3,player,27,0,0,1313.95,752.4,1384.95,887.6,37
3,player,28,0,0,1304.0,751.25,1374.99,886.45,37
3,player,29,0,0,1304.66,750.44,1375.65,885.64,37
3,player,30,0,0,1305.32,749.63,1376.32,884.83,37
3,player,31,0,0,1305.98,748.82,1376.98,884.02,37
3,player,32,0,0,1306.64,748.01,1377.64,883.21,37
3,player,33,0,0,1307.3,747.2,1378.3,882.4,37
3,player,34,0,0,1307.96,746.39,1378.96,881.59,37
3,player,35,0,0,1308.62,745.58,1379.62,880.78,37
3,player,36,0,0,1309.28,744.77,1380.28,879.97,37
3,player,37,0,0,1309.94,743.96,1380.94,879.16,37
3,player,38,0,0,1310.6,743.15,1381.6,878.35,37
3,player,39,0,0,1311.26,742.34,1382.26,877.54,37
3,player,40,0,0,1311.92,741.53,1382.92,876.73,37
3,player,41,0,0,1312.58,740.72,1383.58,875.92,37
3,player,42,0,0,1313.24,739.91,1384.24,875.11,37
3,player,43,0,0,1313.9,739.1,1384.9,874.3,37
3,player,44,0,0,1314.56,738.29,1385.56,873.49,37
3,player,45,0,0,1315.22,737.48,1386.22,872.68,37
3,player,46,0,0,1315.88,736.67,1386.88,871.87,37
3,player,47,0,0,1316.54,735.85,1387.54,871.05,37
3,player,48,0,0,1317.2,735.04,1388.2,870.24,37
3,player,49,0,0,1317.86,734.23,1388.86,869.43,37
3,player,50,0,0,1318.52,733.42,1389.52,868.62,37
3,player,51,0,0,1319.19,732.61,1390.18,867.81,37
3,player,52,0,0,1319.85,731.8,1390.85,867.0,37
3,player,53,0,0,1320.51,730.99,1391.51,866.19,37
3,player,54,0,0,1321.17,730.18,1392.17,865.38,37
3,player,55,0,0,1321.83,729.37,1392.83,864.57,37
3,player,56,0,0,1322.49,728.56,1393.49,863.76,37
3,player,57,0,0,1323.15,727.75,1394.15,862.95,37
3,player,58,0,0,1323.81,726.94,1394.81,862.14,37
3,player,59,0,0,1324.47,726.13,1395.47,861.33,37
3,player,60,0,0,1325.13,725.32,1396.13,860.52,37
3,player,61,0,0,1325.79,724.51,1396.79,859.71,37
3,player,62,0,0,1326.45,723.7,1397.45,858.9,37
3,player,63,0,0,1327.11,722.89,1398.11,858.09,37
3,player,64,0,0,1327.77,722.08,1398.77,857.28,37
3,player,65,0,0,1328.43,721.26,1399.43,856.46,37
3,player,66,0,0,1329.09,720.45,1400.09,855.65,37
3,player,67,0,0,1329.75,719.64,1400.75,854.84,37
3,player,68,0,0,1330.41,718.83,1401.41,854.03,37
3,player,69,0,0,1331.07,718.02,1402.07,853.22,37
3,player,70,0,0,1331.73,717.21,1402.73,852.41,37
3,player,71,0,0,1332.39,716.4,1403.39,851.6,37
3,player,72,0,0,1333.05,715.59,1404.05,850.79,37
3,player,73,0,0,1333.71,714.78,1404.71,849.98,37
3,player,74,0,0,1334.38,713.97,1405.37,849.17,37
3,player,75,0,0,1335.04,713.16,1406.04,848.36,37
3,player,76,0,0,1335.7,712.35,1406.7,847.55,37
3,player,77,0,0,1336.36,711.54,1407.36,846.74,37
3,player,78,0,0,1337.02,710.73,1408.02,845.93,37
3,player,79,0,0,1337.68,709.92,1408.68,845.12,37
3,player,80,0,0,1338.34,709.11,1409.34,844.31,37
3,player,81,0,0,1339.0,708.3,1410.0,843.5,37
3,player,82,0,0,1339.66,707.49,1410.66,842.69,37
3,player,83,0,0,1340.32,706.68,1411.32,841.88,37
3,player,84,0,0,1340.98,705.86,1411.98,841.06,37
3,player,85,0,0,1341.64,705.05,1412.64,840.25,37
3,player,86,0,0,1342.3,704.24,1413.3,839.44,37
3,player,87,0,0,1342.96,703.43,1413.96,838.63,37
3,player,88,0,0,1343.62,702.62,1414.62,837.82,37
3,player,89,0,0,1344.28,701.81,1415.28,837.01,37
3,player,90,0,0,1344.94,701.0,1415.94,836.2,37
3,player,91,0,0,1345.6,700.19,1416.6,835.39,37
3,player,92,0,0,1346.26,699.38,1417.26,834.58,37
3,player,93,0,0,1346.92,698.57,1417.92,833.77,37
3,player,94,0,0,1347.58,697.76,1418.58,832.96,37
3,player,95,0,0,1348.24,696.95,1419.24,832.15,37
3,player,96,0,0,1348.9,696.14,1419.9,831.34,37
3,player,97,0,0,1349.57,695.33,1420.56,830.53,37
3,player,98,0,0,1350.23,694.52,1421.23,829.72,37
3,player,99,0,0,1350.89,693.71,1421.89,828.91,37
3,player,100,0,0,1351.55,692.9,1422.55,828.1,37
3,player,101,0,0,1352.21,692.09,1423.21,827.29,37
3,player,102,0,0,1352.87,691.28,1423.87,826.48,37
3,player,103,0,0,1353.53,690.46,1424.53,825.66,37
3,player,104,0,0,1354.19,689.65,1425.19,824.85,37
3,player,105,0,0,1354.85,688.84,1425.85,824.04,37
3,player,106,0,0,1355.51,688.03,1426.51,823.23,37
3,player,107,0,0,1356.17,687.22,1427.17,822.42,37
3,player,108,0,0,1356.83,686.41,1427.83,821.61,37
3,player,109,0,0,1357.49,685.6,1428.49,820.8,37
3,player,110,0,0,1358.15,684.79,1429.15,819.99,37
3,player,111,0,0,1358.81,683.98,1429.81,819.18,37
3,player,112,0,0,1359.47,683.17,1430.47,818.37,37
3,player,113,0,0,1360.13,682.36,1431.13,817.56,37
3,player,114,0,0,1360.79,681.55,1431.79,816.75,37
3,player,115,0,0,1361.45,680.74,1432.45,815.94,37
3,player,116,0,0,1362.11,679.93,1433.11,815.13,37
3,player,117,0,0,1362.77,679.12,1433.77,814.32,37
3,player,118,0,0,1363.43,678.31,1434.43,813.51,37
3,player,119,0,0,1364.09,677.5,1435.09,812.7,37
3,player,120,0,0,1364.76,676.69,1435.75,811.89,37
3,player,121,0,0,1365.42,675.87,1436.42,811.07,37
3,player,122,0,0,1366.08,675.06,1437.08,810.26,37
3,player,123,0,0,1366.74,674.25,1437.74,809.45,37
3,player,124,0,0,1367.4,673.44,1438.4,808.64,37
3,player,125,0,0,1368.06,672.63,1439.06,807.83,37
3,player,126,0,0,1368.72,671.82,1439.72,807.02,37
3,player,127,0,0,1369.38,671.01,1440.38,806.21,37
3,player,128,0,0,1370.04,670.2,1441.04,805.4,37
3,player,129,0,0,1370.7,669.39,1441.7,804.59,37
3,player,130,0,0,1371.36,668.58,1442.36,803.78,37
3,player,131,0,0,1372.02,667.77,1443.02,802.97,37
3,player,132,0,0,1372.68,666.96,1443.68,802.16,37
3,player,133,0,0,1375.81,666.35,1446.81,801.55,37
3,player,134,0,0,1378.93,665.74,1449.93,800.94,37
3,player,135,0,0,1382.06,665.13,1453.06,800.33,37
3,player,136,0,0,1385.19,664.52,1456.19,799.72,37
3,player,137,0,0,1388.31,663.91,1459.31,799.11,37
3,player,138,0,0,1391.44,663.3,1462.44,798.5,37
3,player,139,0,0,1394.57,662.69,1465.57,797.89,37
3,player,140,0,0,1397.69,662.08,1468.69,797.28,37
3,player,141,0,0,1400.82,661.47,1471.82,796.67,37
3,player,142,0,0,1403.95,660.86,1474.95,796.06,37
3,player,143,0,0,1407.07,660.25,1478.07,795.45,37
3,player,144,0,0,1410.2,659.64,1481.2,794.84,37
3,player,145,0,0,1413.33,659.03,1484.33,794.23,37
3,player,146,0,0,1416.45,658.42,1487.45,793.62,37
3,player,147,0,0,1419.58,657.81,1490.58,793.01,37
3,player,148,0,0,1422.71,657.2,1493.7,792.4,37
3,player,149,0,0,1425.83,656.59,1496.83,791.79,37
3,player,150,0,0,1428.96,655.98,1499.96,791.18,37
3,player,151,0,0,1432.08,655.37,1503.08,790.57,37
3,player,152,0,0,1435.21,654.76,1506.21,789.96,37
3,player,153,0,0,1438.34,654.15,1509.34,789.35,37
3,player,154,0,0,1441.46,653.54,1512.46,788.74,37
3,player,155,0,0,1444.59,652.93,1515.59,788.13,37
3,player,156,0,0,1447.72,652.32,1518.72,787.52,37
3,player,157,0,0,1450.84,651.71,1521.84,786.91,37
3,player,158,0,0,1453.97,651.1,1524.97,786.3,37
3,player,159,0,0,1457.1,650.49,1528.1,785.69,37
3,player,160,0,0,1460.22,649.88,1531.22,785.08,37
3,player,161,0,0,1463.35,649.27,1534.35,784.47,37
3,player,162,0,0,1466.48,648.66,1537.48,783.86,37
3,player,163,0,0,1469.6,648.05,1540.6,783.25,37
3,player,164,0,0,1472.73,647.44,1543.73,782.64,37
3,player,165,0,0,1475.86,646.83,1546.86,782.03,37
3,player,166,0,0,1478.98,646.22,1549.98,781.42,37
3,player,167,0,0,1482.11,645.61,1553.11,780.81,37
3,player,168,0,0,1485.24,645.0,1556.24,780.2,37
3,player,169,0,0,1488.36,644.39,1559.36,779.59,37
3,player,170,0,0,1491.49,643.78,1562.49,778.98,37
3,player,171,0,0,1501.63,643.52,1572.63,778.72,37
3,player,172,0,0,1511.77,643.27,1582.77,778.47,37
3,player,173,0,0,1521.91,643.02,1592.91,778.22,37
3,player,174,0,0,1532.05,642.76,1603.05,777.96,37
3,player,175,0,0,1542.19,642.51,1613.19,777.71,37
3,player,176,0,0,1552.33,642.26,1623.33,777.46,37
3,player,177,0,0,1562.48,642.0,1633.48,777.2,37
3,player,178,0,0,1572.62,641.75,1643.62,776.95,37
3,player,179,0,0,1582.76,641.5,1653.76,776.7,37
3,player,180,0,0,1592.9,641.24,1663.9,776.44,37
3,player,181,0,0,1602.68,641.8,1673.68,777.0,37
3,player,182,0,0,1612.45,642.35,1683.45,777.55,37
3,player,183,0,0,1622.23,642.91,1693.23,778.11,37
3,player,184,0,0,1632.01,643.46,1703.01,778.66,37
3,player,185,0,0,1641.79,644.02,1712.79,779.22,37
3,player,186,0,0,1651.56,644.58,1722.56,779.78,37
3,player,187,0,0,1661.34,645.13,1732.34,780.33,37
3,player,188,0,0,1671.12,645.69,1742.12,780.89,37
3,player,189,0,0,1680.9,646.24,1751.9,781.44,37
3,player,190,0,0,1690.68,646.8,1761.68,782.0,37
3,player,191,0,0,1700.45,647.35,1771.45,782.55,37
3,player,192,0,0,1710.23,647.91,1781.23,783.11,37
3,player,193,0,0,1720.01,648.46,1791.01,783.66,37
3,player,194,0,0,1729.79,649.02,1800.79,784.22,37
3,player,195,0,0,1739.56,649.58,1810.56,784.78,37
3,player,196,0,0,1749.34,650.13,1820.34,785.33,37
3,player,197,0,0,1759.12,650.69,1830.12,785.89,37
3,player,198,0,0,1768.9,651.24,1839.9,786.44,37
3,player,199,0,0,1778.68,651.8,1849.67,787.0,37
3,player,200,0,0,1788.45,652.35,1859.45,787.55,37
3,player,201,0,0,1798.23,652.91,1869.23,788.11,37
3,player,202,0,0,1808.01,653.46,1879.01,788.66,37
3,player,203,0,0,1808.01,653.46,1879.01,788.66,37
3,player,204,0,0,1808.01,653.46,1879.01,788.66,37
3,player,205,0,0,1808.01,653.46,1879.01,788.66,37
3,player,206,0,0,1808.01,653.46,1879.01,788.66,37
3,player,207,0,0,1808.01,653.46,1879.01,788.66,37
3,player,208,0,0,1808.01,653.46,1879.01,788.66,37
3,player,209,0,0,1808.01,653.46,1879.01,788.66,37
3,player,210,0,0,1808.01,653.46,1879.01,788.66,37
3,player,211,0,0,1808.01,653.46,1879.01,788.66,37
3,player,212,0,0,1808.01,653.46,1879.01,788.66,37
3,player,213,0,0,1808.01,653.46,1879.01,788.66,37
3,player,214,0,0,1808.01,653.46,1879.01,788.66,37
3,player,215,0,0,1808.01,653.46,1879.01,788.66,37
3,player,216,1,0,1808.01,653.46,1879.01,788.66,37
4,player,0,0,0,516.7,329.6,570.3,422.6,92
4,player,1,0,0,530.84,334.59,584.44,427.59,92
4,player,2,0,0,544.98,339.58,598.58,432.58,92
4,player,3,0,0,559.12,344.57,612.72,437.57,92
4,player,4,0,0,562.12,344.95,615.72,437.95,92
4,player,5,0,0,565.12,345.32,618.72,438.32,92
4,player,6,0,0,568.13,345.7,621.73,438.7,92
4,player,7,0,0,571.13,346.07,624.73,439.07,92
4,player,8,0,0,574.13,346.45,627.73,439.45,92
4,player,9,0,0,577.13,346.82,630.73,439.82,92
4,player,10,0,0,580.14,347.2,633.74,440.2,92
4,player,11,0,0,583.14,347.57,636.74,440.57,92
4,player,12,0,0,579.0,347.39,632.6,440.39,92
4,player,13,0,0,574.86,347.21,628.46,440.21,92
4,player,14,0,0,570.72,347.03,624.32,440.03,92
4,player,15,0,0,566.58,346.85,620.18,439.85,92
4,player,16,0,0,562.44,346.67,616.04,439.67,92
4,player,17,0,0,558.3,346.49,611.9,439.49,92
4,player,18,0,0,554.16,346.31,607.76,439.31,92
4,player,19,0,0,550.02,346.13,603.62,439.14,92
4,player,20,0,0,545.88,345.95,599.48,438.96,92
4,player,21,0,0,541.74,345.77,595.34,438.78,92
4,player,22,0,0,537.6,345.59,591.2,438.6,92
4,player,23,0,0,533.46,345.41,587.06,438.42,92
4,player,24,0,0,529.32,345.23,582.92,438.24,92
4,player,25,0,0,525.18,345.05,578.78,438.06,92
4,player,26,0,0,521.04,344.87,574.64,437.88,92
4,player,27,0,0,516.9,344.69,570.5,437.7,92
4,player,28,0,0,512.76,344.51,566.36,437.52,92
4,player,29,0,0,510.59,344.55,564.19,437.55,92
4,player,30,0,0,508.42,344.58,562.02,437.58,92
4,player,31,0,0,506.25,344.61,559.85,437.61,92
4,player,32,0,0,504.08,344.64,557.68,437.64,92
4,player,33,0,0,501.91,344.68,555.51,437.68,92
4,player,34,0,0,499.74,344.71,553.34,437.71,92
4,player,35,0,0,497.57,344.74,551.17,437.74,92
4,player,36,0,0,495.4,344.77,549.0,437.77,92
4,player,37,0,0,493.23,344.81,546.83,437.81,92
4,player,38,0,0,491.06,344.84,544.66,437.84,92
4,player,39,0,0,488.89,344.87,542.49,437.87,92
4,player,40,0,0,486.72,344.9,540.32,437.9,92
4,player,41,0,0,484.55,344.94,538.15,437.94,92
4,player,42,0,0,482.38,344.97,535.98,437.97,92
4,player,43,0,0,480.21,345.0,533.81,438.0,92
4,player,44,0,0,478.04,345.03,531.64,438.03,92
4,player,45,0,0,475.87,345.07,529.47,438.07,92
4,player,46,0,0,473.7,345.1,527.3,438.1,92
4,player,47,0,0,471.53,345.13,525.13,438.13,92
4,player,48,0,0,469.36,345.16,522.96,438.16,92
4,player,49,0,0,467.19,345.19,520.79,438.2,92
4,player,50,0,0,465.02,345.23,518.62,438.23,92
4,player,51,0,0,462.85,345.26,516.45,438.26,92
4,player,52,0,0,460.68,345.29,514.28,438.29,92
4,player,53,0,0,458.51,345.32,512.11,438.32,92
4,player,54,0,0,456.34,345.36,509.94,438.36,92
4,player,55,0,0,454.17,345.39,507.77,438.39,92
4,player,56,0,0,452.0,345.42,505.6,438.42,92
4,player,57,0,0,449.83,345.45,503.43,438.45,92
4,player,58,0,0,447.66,345.49,501.26,438.49,92
4,player,59,0,0,445.49,345.52,499.09,438.52,92
4,player,60,0,0,443.32,345.55,496.92,438.55,92
4,player,61,0,0,441.15,345.58,494.75,438.58,92
4,player,62,0,0,438.98,345.62,492.58,438.62,92
4,player,63,0,0,436.81,345.65,490.41,438.65,92
4,player,64,0,0,434.64,345.68,488.24,438.68,92
4,player,65,0,0,432.47,345.71,486.07,438.71,92
4,player,66,0,0,430.3,345.75,483.9,438.75,92
4,player,67,0,0,428.13,345.78,481.73,438.78,92
4,player,68,0,0,425.96,345.81,479.56,438.81,92
4,player,69,0,0,423.79,345.84,477.39,438.84,92
4,player,70,0,0,421.62,345.87,475.22,438.88,92
4,player,71,0,0,419.45,345.91,473.05,438.91,92
4,player,72,0,0,417.28,345.94,470.88,438.94,92
4,player,73,0,0,415.11,345.97,468.71,438.97,92
4,player,74,0,0,412.94,346.0,466.54,439.0,92
4,player,75,0,0,410.77,346.04,464.37,439.04,92
4,player,76,0,0,408.6,346.07,462.2,439.07,92
4,player,77,0,0,406.43,346.1,460.03,439.1,92
4,player,78,0,0,404.26,346.13,457.86,439.13,92
4,player,79,0,0,402.09,346.17,455.69,439.17,92
4,player,80,0,0,399.92,346.2,453.52,439.2,92
4,player,81,0,0,397.75,346.23,451.35,439.23,92
4,player,82,0,0,395.58,346.26,449.18,439.26,92
4,player,83,0,0,393.41,346.3,447.01,439.3,92
4,player,84,0,0,391.24,346.33,444.84,439.33,92
4,player,85,0,0,389.07,346.36,442.67,439.36,92
4,player,86,0,0,386.9,346.39,440.5,439.39,92
4,player,87,0,0,384.73,346.43,438.33,439.43,92
4,player,88,0,0,382.56,346.46,436.16,439.46,92
4,player,89,0,0,380.39,346.49,433.99,439.49,92
4,player,90,0,0,378.23,346.52,431.82,439.52,92
4,player,91,0,0,376.06,346.55,429.65,439.56,92
4,player,92,0,0,373.89,346.59,427.48,439.59,92
4,player,93,0,0,371.72,346.62,425.32,439.62,92
4,player,94,0,0,369.55,346.65,423.15,439.65,92
4,player,95,0,0,367.38,346.68,420.98,439.69,92
4,player,96,0,0,365.21,346.72,418.81,439.72,92
4,player,97,0,0,363.04,346.75,416.64,439.75,92
4,player,98,0,0,360.87,346.78,414.47,439.78,92
4,player,99,0,0,358.7,346.81,412.3,439.81,92
4,player,100,0,0,356.53,346.85,410.13,439.85,92
4,player,101,0,0,354.36,346.88,407.96,439.88,92
4,player,102,0,0,352.19,346.91,405.79,439.91,92
4,player,103,0,0,350.02,346.94,403.62,439.94,92
4,player,104,0,0,347.85,346.98,401.45,439.98,92
4,player,105,0,0,345.68,347.01,399.28,440.01,92
4,player,106,0,0,343.51,347.04,397.11,440.04,92
4,player,107,0,0,341.34,347.07,394.94,440.07,92
4,player,108,0,0,339.17,347.11,392.77,440.11,92
4,player,109,0,0,337.0,347.14,390.6,440.14,92
4,player,110,0,0,334.83,347.17,388.43,440.17,92
4,player,111,0,0,332.66,347.2,386.26,440.2,92
4,player,112,0,0,330.49,347.24,384.09,440.24,92
4,player,113,0,0,328.32,347.27,381.92,440.27,92
4,player,114,0,0,326.15,347.3,379.75,440.3,92
4,player,115,0,0,323.98,347.33,377.58,440.33,92
4,player,116,0,0,321.81,347.36,375.41,440.37,92
4,player,117,0,0,319.64,347.4,373.24,440.4,92
4,player,118,0,0,317.47,347.43,371.07,440.43,92
4,player,119,0,0,315.3,347.46,368.9,440.46,92
4,player,120,0,0,313.13,347.49,366.73,440.49,92
4,player,121,0,0,310.96,347.53,364.56,440.53,92
4,player,122,0,0,308.79,347.56,362.39,440.56,92
4,player,123,0,0,306.62,347.59,360.22,440.59,92
4,player,124,0,0,304.45,347.62,358.05,440.62,92
4,player,125,0,0,302.28,347.66,355.88,440.66,92
4,player,126,0,0,300.11,347.69,353.71,440.69,92
4,player,127,0,0,297.94,347.72,351.54,440.72,92
4,player,128,0,0,295.77,347.75,349.37,440.75,92
4,player,129,0,0,293.6,347.79,347.2,440.79,92
4,player,130,0,0,291.43,347.82,345.03,440.82,92
4,player,131,0,0,289.26,347.85,342.86,440.85,92
4,player,132,0,0,287.09,347.88,340.69,440.88,92
4,player,133,0,0,285.72,347.88,339.32,440.88,92
4,player,134,0,0,284.34,347.88,337.94,440.88,92
4,player,135,0,0,282.97,347.88,336.57,440.88,92
4,player,136,0,0,281.6,347.88,335.2,440.88,92
4,player,137,0,0,280.22,347.88,333.82,440.88,92
4,player,138,0,0,278.85,347.88,332.45,440.88,92
4,player,139,0,0,277.48,347.88,331.08,440.88,92
4,player,140,0,0,276.11,347.88,329.71,440.88,92
4,player,141,0,0,274.73,347.88,328.33,440.88,92
4,player,142,0,0,273.36,347.88,326.96,440.88,92
4,player,143,0,0,271.99,347.88,325.59,440.88,92
4,player,144,0,0,270.62,347.88,324.22,440.88,92
4,player,145,0,0,269.24,347.88,322.84,440.88,92
4,player,146,0,0,267.87,347.88,321.47,440.88,92
4,player,147,0,0,266.5,347.88,320.1,440.88,92
4,player,148,0,0,265.13,347.88,318.73,440.88,92
4,player,149,0,0,263.75,347.88,317.35,440.88,92
4,player,150,0,0,262.38,347.88,315.98,440.88,92
4,player,151,0,0,261.01,347.88,314.61,440.88,92
4,player,152,0,0,259.64,347.88,313.23,440.88,92
4,player,153,0,0,258.26,347.88,311.86,440.88,92
4,player,154,0,0,256.89,347.88,310.49,440.88,92
4,player,155,0,0,255.52,347.88,309.12,440.88,92
4,player,156,0,0,254.14,347.88,307.74,440.88,92
4,player,157,0,0,252.77,347.88,306.37,440.88,92
4,player,158,0,0,251.4,347.88,305.0,440.88,92
4,player,159,0,0,250.03,347.88,303.63,440.88,92
4,player,160,0,0,248.65,347.88,302.25,440.88,92
4,player,161,0,0,247.28,347.88,300.88,440.88,92
4,player,162,0,0,245.91,347.88,299.51,440.88,92
4,player,163,0,0,244.54,347.88,298.14,440.88,92
4,player,164,0,0,243.16,347.88,296.76,440.88,92
4,player,165,0,0,241.79,347.88,295.39,440.88,92
4,player,166,0,0,240.42,347.88,294.02,440.88,92
4,player,167,0,0,239.05,347.88,292.65,440.88,92
4,player,168,0,0,237.67,347.88,291.27,440.88,92
4,player,169,0,0,236.3,347.88,289.9,440.88,92
4,player,170,0,0,234.93,347.88,288.53,440.88,92
4,player,171,0,0,239.08,346.42,292.68,439.42,92
4,player,172,0,0,243.24,344.95,296.84,437.95,92
4,player,173,0,0,247.39,343.48,300.99,436.48,92
4,player,174,0,0,251.55,342.02,305.15,435.02,92
4,player,175,0,0,255.71,340.55,309.31,433.55,92
4,player,176,0,0,259.86,339.08,313.46,432.08,92
4,player,177,0,0,264.02,337.62,317.62,430.62,92
4,player,178,0,0,268.17,336.15,321.77,429.15,92
4,player,179,0,0,272.33,334.68,325.93,427.68,92
4,player,180,0,0,276.48,333.22,330.08,426.22,92
4,player,181,0,0,283.86,332.87,337.46,425.87,92
4,player,182,0,0,291.23,332.52,344.83,425.52,92
4,player,183,0,0,298.61,332.18,352.21,425.18,92
4,player,184,0,0,305.98,331.83,359.58,424.83,92
4,player,185,0,0,313.36,331.49,366.96,424.49,92
4,player,186,0,0,320.73,331.14,374.33,424.14,92
4,player,187,0,0,328.11,330.8,381.71,423.8,92
4,player,188,0,0,335.48,330.45,389.08,423.45,92
4,player,189,0,0,342.86,330.1,396.46,423.11,92
4,player,190,0,0,350.23,329.76,403.83,422.76,92
4,player,191,0,0,357.61,329.41,411.21,422.41,92
4,player,192,0,0,364.98,329.07,418.58,422.07,92
4,player,193,0,0,372.36,328.72,425.96,421.72,92
4,player,194,0,0,379.74,328.38,433.34,421.38,92
4,player,195,0,0,387.11,328.03,440.71,421.03,92
4,player,196,0,0,394.49,327.68,448.09,420.69,92
4,player,197,0,0,401.86,327.34,455.46,420.34,92
4,player,198,0,0,409.24,326.99,462.84,419.99,92
4,player,199,0,0,416.61,326.65,470.21,419.65,92
4,player,200,0,0,423.99,326.3,477.59,419.3,92
4,player,201,0,0,431.36,325.96,484.96,418.96,92
4,player,202,0,0,438.74,325.61,492.34,418.61,92
4,player,203,0,0,444.18,325.23,497.78,418.23,92
4,player,204,0,0,449.63,324.84,503.23,417.84,92
4,player,205,0,0,455.07,324.46,508.67,417.46,92
4,player,206,0,0,460.52,324.07,514.12,417.07,92
4,player,207,0,0,465.97,323.69,519.57,416.69,92
4,player,208,0,0,471.41,323.3,525.01,416.3,92
4,player,209,0,0,476.86,322.92,530.46,415.92,92
4,player,210,0,0,482.31,322.53,535.91,415.53,92
4,player,211,0,0,487.75,322.15,541.35,415.15,92
4,player,212,0,0,493.2,321.76,546.8,414.77,92
4,player,213,0,0,498.64,321.38,552.24,414.38,92
4,player,214,0,0,504.09,321.0,557.69,414.0,92
4,player,215,0,0,509.54,320.61,563.14,413.61,92
4,player,216,0,0,514.98,320.23,568.58,413.23,92
4,player,217,0,0,517.48,319.5,571.08,412.5,92
4,player,218,0,0,519.97,318.77,573.57,411.77,92
4,player,219,0,0,522.46,318.04,576.06,411.05,92
4,player,220,0,0,524.96,317.32,578.56,410.32,92
4,player,221,0,0,527.45,316.59,581.05,409.59,92
4,player,222,0,0,529.94,315.86,583.54,408.86,92
4,player,223,0,0,532.44,315.14,586.04,408.14,92
4,player,224,0,0,534.93,314.41,588.53,407.41,92
4,player,225,0,0,537.42,313.68,591.02,406.68,92
4,player,226,0,0,539.92,312.95,593.52,405.96,92
4,player,227,0,0,542.41,312.23,596.01,405.23,92
4,player,228,0,0,544.9,311.5,598.5,404.5,92
4,player,229,0,0,547.4,310.77,601.0,403.77,92
4,player,230,0,0,549.89,310.05,603.49,403.05,92
4,player,231,0,0,552.38,309.32,605.98,402.32,92
4,player,232,0,0,554.88,308.59,608.48,401.59,92
4,player,233,0,0,557.37,307.86,610.97,400.86,92
4,player,234,0,0,559.86,307.14,613.46,400.14,92
4,player,235,0,0,562.36,306.41,615.96,399.41,92
4,player,236,0,0,564.85,305.68,618.45,398.68,92
4,player,237,0,0,567.34,304.96,620.94,397.96,92
4,player,238,0,0,569.84,304.23,623.44,397.23,92
4,player,239,0,0,572.33,303.5,625.93,396.5,92
4,player,240,0,0,574.82,302.77,628.42,395.77,92
4,player,241,0,0,577.32,302.05,630.92,395.05,92
4,player,242,0,0,579.81,301.32,633.41,394.32,92
4,player,243,0,0,582.3,300.59,635.9,393.59,92
4,player,244,0,0,584.8,299.86,638.4,392.87,92
4,player,245,0,0,587.29,299.14,640.89,392.14,92
4,player,246,0,0,589.78,298.41,643.38,391.41,92
4,player,247,0,0,592.28,297.68,645.88,390.68,92
4,player,248,0,0,594.77,296.96,648.37,389.96,92
4,player,249,0,0,597.26,296.23,650.86,389.23,92
4,player,250,0,0,599.76,295.5,653.36,388.5,92
4,player,251,0,0,602.25,294.77,655.85,387.77,92
4,player,252,0,0,604.74,294.05,658.34,387.05,92
4,player,253,0,0,607.24,293.32,660.84,386.32,92
4,player,254,0,0,609.73,292.59,663.33,385.59,92
4,player,255,0,0,612.22,291.87,665.82,384.87,92
4,player,256,0,0,614.72,291.14,668.32,384.14,92
4,player,257,0,0,617.21,290.41,670.81,383.41,92
4,player,258,0,0,619.7,289.68,673.3,382.68,92
4,player,259,0,0,622.2,288.96,675.8,381.96,92
4,player,260,0,0,624.69,288.23,678.29,381.23,92
4,player,261,0,0,627.18,287.5,680.78,380.5,92
4,player,262,0,0,629.68,286.78,683.28,379.78,92
4,player,263,0,0,632.17,286.05,685.77,379.05,92
4,player,264,0,0,634.66,285.32,688.26,378.32,92
4,player,265,0,0,637.16,284.59,690.76,377.59,92
4,player,266,0,0,639.65,283.87,693.25,376.87,92
4,player,267,0,0,642.14,283.14,695.74,376.14,92
4,player,268,0,0,644.64,282.41,698.24,375.41,92
4,player,269,0,0,647.13,281.68,700.73,374.69,92
4,player,270,0,0,647.59,280.32,701.18,373.32,92
4,player,271,0,0,648.04,278.95,701.64,371.95,92
4,player,272,0,0,648.5,277.58,702.1,370.58,92
4,player,273,0,0,648.95,276.21,702.55,369.21,92
4,player,274,0,0,649.41,274.84,703.01,367.84,92
4,player,275,0,0,649.87,273.47,703.47,366.47,92
4,player,276,0,0,650.32,272.1,703.92,365.11,92
4,player,277,0,0,650.78,270.74,704.38,363.74,92
4,player,278,0,0,651.23,269.37,704.83,362.37,92
4,player,279,0,0,651.69,268.0,705.29,361.0,92
4,player,280,0,0,652.15,266.63,705.75,359.63,92
4,player,281,0,0,652.6,265.26,706.2,358.26,92
4,player,282,0,0,653.06,263.89,706.66,356.89,92
4,player,283,0,0,653.52,262.52,707.12,355.53,92
4,player,284,0,0,653.97,261.16,707.57,354.16,92
4,player,285,0,0,654.43,259.79,708.03,352.79,92
4,player,286,0,0,654.88,258.42,708.48,351.42,92
4,player,287,0,0,655.34,257.05,708.94,350.05,92
4,player,288,0,0,655.8,255.68,709.4,348.68,92
4,player,289,0,0,656.25,254.31,709.85,347.31,92
4,player,290,0,0,656.71,252.94,710.31,345.95,92
4,player,291,0,0,657.16,251.58,710.76,344.58,92
4,player,292,0,0,657.62,250.21,711.22,343.21,92
4,player,293,0,0,658.08,248.84,711.68,341.84,92
4,player,294,0,0,657.87,248.1,711.47,341.1,92
4,player,295,0,0,657.66,247.37,711.26,340.37,92
4,player,296,0,0,657.45,246.63,711.05,339.63,92
4,player,297,0,0,657.24,245.89,710.84,338.89,92
4,player,298,0,0,657.03,245.16,710.63,338.16,92
4,player,299,0,0,656.82,244.42,710.41,337.42,92
4,player,300,0,0,656.6,243.69,710.2,336.69,92
4,player,301,0,0,656.39,242.95,709.99,335.95,92
4,player,302,0,0,656.18,242.21,709.78,335.21,92
4,player,303,0,0,655.97,241.48,709.57,334.48,92
4,player,304,0,0,655.76,240.74,709.36,333.74,92
4,player,305,0,0,655.55,240.0,709.15,333.0,92
4,player,306,0,0,655.34,239.27,708.94,332.27,92
4,player,307,0,0,655.13,238.53,708.73,331.53,92
4,player,308,0,0,654.92,237.8,708.52,330.8,92
4,player,309,0,0,654.71,237.06,708.31,330.06,92
4,player,310,0,0,654.5,236.32,708.1,329.32,92
4,player,311,0,0,654.29,235.59,707.89,328.59,92
4,player,312,0,0,654.08,234.85,707.68,327.85,92
4,player,313,0,0,653.87,234.11,707.47,327.12,92
4,player,314,0,0,653.66,233.38,707.26,326.38,92
4,player,315,0,0,653.45,232.64,707.05,325.64,92
4,player,316,0,0,653.24,231.91,706.84,324.91,92
4,player,317,0,0,653.03,231.17,706.63,324.17,92
4,player,318,0,0,652.82,230.43,706.42,323.43,92
4,player,319,0,0,651.85,230.36,705.45,323.36,92
4,player,320,0,0,650.88,230.3,704.48,323.3,92
4,player,321,0,0,649.91,230.23,703.51,323.23,92
4,player,322,0,0,648.94,230.16,702.54,323.16,92
4,player,323,0,0,647.97,230.09,701.57,323.09,92
4,player,324,0,0,647.01,230.02,700.61,323.02,92
4,player,325,0,0,646.04,229.95,699.64,322.95,92
4,player,326,0,0,645.07,229.88,698.67,322.88,92
4,player,327,0,0,644.1,229.81,697.7,322.81,92
4,player,328,0,0,643.13,229.74,696.73,322.74,92
4,player,329,0,0,642.16,229.67,695.76,322.67,92
4,player,330,0,0,641.19,229.6,694.79,322.6,92
4,player,331,0,0,640.23,229.53,693.83,322.53,92
4,player,332,0,0,639.26,229.47,692.86,322.47,92
4,player,333,0,0,638.29,229.4,691.89,322.4,92
4,player,334,0,0,637.32,229.33,690.92,322.33,92
4,player,335,0,0,636.35,229.26,689.95,322.26,92
4,player,336,0,0,635.38,229.19,688.98,322.19,92
4,player,337,0,0,634.41,229.12,688.01,322.12,92
4,player,338,0,0,633.44,229.05,687.04,322.05,92
4,player,339,0,0,632.48,228.98,686.08,321.98,92
4,player,340,0,0,631.51,228.91,685.11,321.91,92
4,player,341,0,0,630.54,228.84,684.14,321.84,92
4,player,342,0,0,629.57,228.77,683.17,321.77,92
4,player,343,0,0,628.6,228.7,682.2,321.7,92
4,player,344,0,0,627.63,228.63,681.23,321.64,92
4,player,345,0,0,626.66,228.57,680.26,321.57,92
4,player,346,0,0,625.69,228.5,679.29,321.5,92
4,player,347,0,0,624.73,228.43,678.33,321.43,92
4,player,348,0,0,623.76,228.36,677.36,321.36,92
4,player,349,0,0,622.79,228.29,676.39,321.29,92
4,player,350,0,0,621.82,228.22,675.42,321.22,92
4,player,351,0,0,620.85,228.15,674.45,321.15,92
4,player,352,0,0,619.88,228.08,673.48,321.08,92
4,player,353,0,0,618.91,228.01,672.51,321.01,92
4,player,354,0,0,617.95,227.94,671.55,320.94,92
4,player,355,0,0,616.98,227.87,670.58,320.87,92
4,player,356,0,0,616.01,227.8,669.61,320.81,92
4,player,357,0,0,610.94,227.9,664.54,320.9,92
4,player,358,0,0,605.87,228.0,659.47,321.0,92
4,player,359,0,0,600.8,228.1,654.4,321.1,92
4,player,360,0,0,595.73,228.19,649.33,321.2,92
4,player,361,0,0,590.66,228.29,644.26,321.29,92
4,player,362,0,0,585.59,228.39,639.19,321.39,92
4,player,363,0,0,580.51,228.49,634.11,321.49,92
4,player,364,0,0,575.44,228.58,629.04,321.59,92
4,player,365,0,0,570.37,228.68,623.97,321.68,92
4,player,366,0,0,565.3,228.78,618.9,321.78,92
4,player,367,0,0,560.23,228.88,613.83,321.88,92
4,player,368,0,0,555.16,228.97,608.76,321.98,92
4,player,369,0,0,550.09,229.07,603.69,322.07,92
4,player,370,0,0,545.02,229.17,598.62,322.17,92
4,player,371,0,0,539.95,229.27,593.55,322.27,92
4,player,372,0,0,534.88,229.36,588.48,322.37,92
4,player,373,0,0,529.81,229.46,583.41,322.46,92
4,player,374,0,0,524.74,229.56,578.34,322.56,92
4,player,375,0,0,519.67,229.66,573.27,322.66,92
4,player,376,0,0,514.6,229.75,568.2,322.76,92
4,player,377,0,0,509.53,229.85,563.13,322.85,92
4,player,378,0,0,504.46,229.95,558.06,322.95,92
4,player,379,0,0,499.39,230.05,552.99,323.05,92
4,player,380,0,0,494.32,230.14,547.92,323.15,92
4,player,381,0,0,489.25,230.24,542.85,323.24,92
4,player,382,0,0,484.18,230.34,537.78,323.34,92
4,player,383,0,0,474.42,230.54,528.02,323.54,92
4,player,384,0,0,464.65,230.73,518.25,323.73,92
4,player,385,0,0,454.89,230.93,508.49,323.93,92
4,player,386,0,0,445.13,231.13,498.73,324.13,92
4,player,387,0,0,435.37,231.32,488.97,324.32,92
4,player,388,0,0,425.61,231.52,479.21,324.52,92
4,player,389,0,0,415.85,231.72,469.45,324.72,92
4,player,390,0,0,406.09,231.91,459.69,324.91,92
4,player,391,0,0,396.33,232.11,449.93,325.11,92
4,player,392,0,0,386.57,232.31,440.17,325.31,92
4,player,393,0,0,376.8,232.5,430.4,325.5,92
4,player,394,0,0,367.04,232.7,420.64,325.7,92
4,player,395,0,0,357.28,232.89,410.88,325.9,92
4,player,396,0,0,347.52,233.09,401.12,326.09,92
4,player,397,0,0,337.76,233.29,391.36,326.29,92
4,player,398,0,0,328.0,233.48,381.6,326.48,92
4,player,399,0,0,318.24,233.68,371.84,326.68,92
4,player,400,0,0,308.48,233.88,362.08,326.88,92
4,player,401,0,0,298.72,234.07,352.32,327.07,92
4,player,402,0,0,288.95,234.27,342.55,327.27,92
4,player,403,0,0,279.19,234.47,332.79,327.47,92
4,player,404,0,0,269.43,234.66,323.03,327.66,92
4,player,405,0,0,259.67,234.86,313.27,327.86,92
4,player,406,0,0,249.91,235.06,303.51,328.06,92
4,player,407,0,0,240.15,235.25,293.75,328.25,92
4,player,408,0,0,230.39,235.45,283.99,328.45,92
4,player,409,0,0,220.63,235.65,274.23,328.65,92
4,player,410,0,0,210.87,235.84,264.47,328.84,92
4,player,411,0,0,201.1,236.04,254.7,329.04,92
4,player,412,0,0,191.34,236.24,244.94,329.24,92
4,player,413,0,0,181.58,236.43,235.18,329.43,92
4,player,414,0,0,171.82,236.63,225.42,329.63,92
4,player,415,0,0,162.06,236.83,215.66,329.83,92
4,player,416,0,0,152.3,237.02,205.9,330.02,92
4,player,417,0,0,142.54,237.22,196.14,330.22,92
4,player,418,0,0,132.78,237.41,186.38,330.42,92
4,player,419,0,0,123.02,237.61,176.62,330.61,92
4,player,420,0,0,113.25,237.81,166.85,330.81,92
4,player,421,0,0,111.16,238.51,164.75,331.51,92
4,player,422,0,0,109.06,239.21,162.66,332.21,92
4,player,423,0,0,106.96,239.91,160.56,332.91,92
4,player,424,0,0,104.86,240.61,158.46,333.61,92
4,player,425,0,0,102.76,241.31,156.36,334.31,92
4,player,426,0,0,100.66,242.01,154.26,335.01,92
4,player,427,0,0,98.56,242.71,152.16,335.71,92
4,player,428,0,0,96.46,243.41,150.06,336.41,92
4,player,429,0,0,94.36,244.11,147.96,337.11,92
4,player,430,0,0,92.26,244.81,145.86,337.81,92
4,player,431,0,0,90.16,245.51,143.76,338.51,92
4,player,432,0,0,88.06,246.21,141.66,339.21,92
4,player,433,0,0,85.96,246.91,139.56,339.91,92
4,player,434,0,0,83.86,247.61,137.46,340.61,92
4,player,435,0,0,81.76,248.31,135.36,341.31,92
4,player,436,0,0,79.66,249.01,133.26,342.01,92
4,player,437,0,0,77.56,249.71,131.16,342.71,92
4,player,438,0,0,75.46,250.41,129.06,343.41,92
4,player,439,0,0,73.36,251.11,126.96,344.11,92
4,player,440,0,0,71.26,251.81,124.86,344.81,92
4,player,441,0,0,69.16,252.51,122.76,345.51,92
4,player,442,0,0,67.06,253.21,120.66,346.21,92
4,player,443,0,0,64.96,253.91,118.56,346.91,92
4,player,444,0,0,62.86,254.61,116.46,347.61,92
4,player,445,0,0,60.76,255.31,114.36,348.31,92
4,player,446,0,0,58.66,256.01,112.26,349.01,92
4,player,447,0,0,56.56,256.71,110.16,349.71,92
4,player,448,0,0,54.46,257.41,108.06,350.41,92
4,player,449,0,0,52.36,258.11,105.96,351.11,92
4,player,450,0,0,50.26,258.81,103.86,351.81,92
4,player,451,0,0,48.16,259.51,101.76,352.51,92
4,player,452,0,0,46.06,260.21,99.66,353.21,92
4,player,453,0,0,43.96,260.91,97.56,353.91,92
4,player,454,0,0,41.86,261.61,95.46,354.61,92
4,player,455,0,0,39.76,262.31,93.36,355.31,92
4,player,456,0,0,37.66,263.01,91.26,356.01,92
4,player,457,0,0,35.56,263.71,89.16,356.71,92
4,player,458,0,0,33.46,264.41,87.06,357.41,92
4,player,459,0,0,31.36,265.11,84.96,358.11,92
4,player,460,0,0,29.26,265.81,82.86,358.81,92
4,player,461,0,0,27.16,266.51,80.76,359.51,92
4,player,462,0,0,25.06,267.21,78.66,360.21,92
4,player,463,0,0,28.69,268.01,82.29,361.01,92
4,player,464,0,0,32.32,268.82,85.92,361.82,92
4,player,465,0,0,35.95,269.62,89.55,362.62,92
4,player,466,0,0,39.57,270.43,93.17,363.43,92
4,player,467,0,0,43.2,271.24,96.8,364.24,92
4,player,468,0,0,46.83,272.04,100.43,365.04,92
4,player,469,0,0,50.45,272.85,104.05,365.85,92
4,player,470,0,0,54.08,273.65,107.68,366.65,92
4,player,471,0,0,57.71,274.46,111.31,367.46,92
4,player,472,0,0,61.34,275.27,114.94,368.27,92
4,player,473,0,0,64.96,276.07,118.56,369.07,92
4,player,474,0,0,68.59,276.88,122.19,369.88,92
4,player,475,0,0,72.22,277.68,125.82,370.68,92
4,player,476,0,0,75.85,278.49,129.45,371.49,92
4,player,477,0,0,79.47,279.3,133.07,372.3,92
4,player,478,0,0,83.1,280.1,136.7,373.1,92
4,player,479,0,0,86.73,280.91,140.33,373.91,92
4,player,480,0,0,90.35,281.71,143.95,374.71,92
4,player,481,0,0,93.98,282.52,147.58,375.52,92
4,player,482,0,0,97.61,283.33,151.21,376.33,92
4,player,483,0,0,101.24,284.13,154.84,377.13,92
4,player,484,0,0,104.86,284.94,158.46,377.94,92
4,player,485,0,0,108.49,285.74,162.09,378.74,92
4,player,486,0,0,112.12,286.55,165.72,379.55,92
4,player,487,0,0,115.74,287.36,169.34,380.36,92
4,player,488,0,0,119.37,288.16,172.97,381.16,92
4,player,489,0,0,123.0,288.97,176.6,381.97,92
4,player,490,0,0,126.63,289.77,180.23,382.77,92
4,player,491,0,0,130.25,290.58,183.85,383.58,92
4,player,492,0,0,133.88,291.39,187.48,384.39,92
4,player,493,0,0,137.51,292.19,191.11,385.19,92
4,player,494,0,0,141.13,293.0,194.73,386.0,92
4,player,495,0,0,144.76,293.8,198.36,386.8,92
4,player,496,0,0,148.39,294.61,201.99,387.61,92
4,player,497,0,0,152.02,295.42,205.62,388.42,92
4,player,498,0,0,155.64,296.22,209.24,389.22,92
4,player,499,0,0,159.27,297.03,212.87,390.03,92
4,player,500,0,0,162.9,297.83,216.5,390.84,92
4,player,501,0,0,166.53,298.64,220.13,391.64,92
4,player,502,0,0,167.38,300.36,220.98,393.36,92
4,player,503,0,0,168.24,302.07,221.84,395.07,92
4,player,504,0,0,169.1,303.78,222.7,396.79,92
4,player,505,0,0,169.95,305.5,223.55,398.5,92
4,player,506,0,0,170.81,307.21,224.41,400.21,92
4,player,507,0,0,171.67,308.93,225.27,401.93,92
4,player,508,0,0,172.53,310.64,226.13,403.64,92
4,player,509,0,0,173.38,312.36,226.98,405.36,92
4,player,510,0,0,174.24,314.07,227.84,407.07,92
4,player,511,0,0,175.1,315.79,228.7,408.79,92
4,player,512,0,0,175.96,317.5,229.56,410.5,92
4,player,513,0,0,178.99,318.48,232.59,411.48,92
4,player,514,0,0,182.03,319.45,235.63,412.45,92
4,player,515,0,0,185.06,320.43,238.66,413.43,92
4,player,516,0,0,188.1,321.4,241.7,414.41,92
4,player,517,0,0,191.13,322.38,244.73,415.38,92
4,player,518,0,0,194.17,323.36,247.77,416.36,92
4,player,519,0,0,197.2,324.33,250.8,417.33,92
4,player,520,0,0,200.24,325.31,253.84,418.31,92
4,player,521,0,0,203.27,326.28,256.87,419.28,92
4,player,522,0,0,206.31,327.26,259.91,420.26,92
4,player,523,0,0,209.34,328.23,262.94,421.23,92
4,player,524,0,0,212.38,329.21,265.98,422.21,92
4,player,525,0,0,215.41,330.19,269.01,423.19,92
4,player,526,0,0,218.45,331.16,272.05,424.16,92
4,player,527,0,0,221.48,332.14,275.08,425.14,92
4,player,528,0,0,224.52,333.11,278.12,426.11,92
4,player,529,0,0,227.55,334.09,281.15,427.09,92
4,player,530,0,0,230.59,335.06,284.19,428.06,92
4,player,531,0,0,233.62,336.04,287.22,429.04,92
4,player,532,0,0,236.66,337.01,290.26,430.01,92
4,player,533,0,0,239.69,337.99,293.29,430.99,92
4,player,534,0,0,242.73,338.97,296.33,431.97,92
4,player,535,0,0,245.76,339.94,299.36,432.94,92
4,player,536,0,0,248.8,340.92,302.4,433.92,92
4,player,537,0,0,251.83,341.89,305.43,434.89,92
4,player,538,0,0,254.87,342.87,308.47,435.87,92
4,player,539,0,0,257.91,343.84,311.51,436.84,92
4,player,540,0,0,260.94,344.82,314.54,437.82,92
4,player,541,0,0,263.98,345.79,317.58,438.8,92
4,player,542,0,0,265.77,346.49,319.37,439.49,92
4,player,543,0,0,267.57,347.18,321.17,440.18,92
4,player,544,0,0,269.37,347.87,322.97,440.87,92
4,player,545,0,0,271.17,348.56,324.77,441.56,92
4,player,546,0,0,272.97,349.25,326.57,442.25,92
4,player,547,0,0,274.77,349.95,328.37,442.95,92
4,player,548,0,0,276.57,350.64,330.16,443.64,92
4,player,549,0,0,278.36,351.33,331.96,444.33,92
4,player,550,0,0,280.16,352.02,333.76,445.02,92
4,player,551,0,0,281.96,352.71,335.56,445.71,92
4,player,552,0,0,283.76,353.4,337.36,446.4,92
4,player,553,0,0,285.56,354.1,339.16,447.1,92
4,player,554,0,0,287.36,354.79,340.96,447.79,92
4,player,555,0,0,289.15,355.48,342.75,448.48,92
4,player,556,0,0,290.95,356.17,344.55,449.17,92
4,player,557,0,0,292.75,356.86,346.35,449.86,92
4,player,558,0,0,294.55,357.55,348.15,450.55,92
4,player,559,0,0,296.35,358.25,349.95,451.25,92
4,player,560,0,0,298.15,358.94,351.75,451.94,92
4,player,561,0,0,299.95,359.63,353.55,452.63,92
4,player,562,0,0,301.74,360.32,355.34,453.32,92
4,player,563,0,0,303.54,361.01,357.14,454.01,92
4,player,564,0,0,305.34,361.7,358.94,454.71,92
4,player,565,0,0,307.14,362.4,360.74,455.4,92
4,player,566,0,0,308.54,362.92,362.14,455.92,92
4,player,567,0,0,309.94,363.45,363.54,456.45,92
4,player,568,0,0,311.33,363.97,364.93,456.97,92
4,player,569,0,0,312.73,364.49,366.33,457.49,92
4,player,570,0,0,314.13,365.02,367.73,458.02,92
4,player,571,0,0,315.53,365.54,369.13,458.54,92
4,player,572,0,0,316.93,366.07,370.53,459.07,92
4,player,573,0,0,318.32,366.59,371.92,459.59,92
4,player,574,0,0,319.72,367.11,373.32,460.12,92
4,player,575,0,0,321.12,367.64,374.72,460.64,92
4,player,576,0,0,322.52,368.16,376.12,461.16,92
4,player,577,0,0,323.92,368.69,377.52,461.69,92
4,player,578,0,0,325.31,369.21,378.91,462.21,92
4,player,579,0,0,326.71,369.74,380.31,462.74,92
4,player,580,0,0,328.11,370.26,381.71,463.26,92
4,player,581,0,0,329.51,370.78,383.11,463.79,92
4,player,582,0,0,330.91,371.31,384.51,464.31,92
4,player,583,0,0,332.3,371.83,385.9,464.83,92
4,player,584,0,0,333.7,372.36,387.3,465.36,92
4,player,585,0,0,335.51,372.96,389.11,465.96,92
4,player,586,0,0,337.32,373.56,390.92,466.57,92
4,player,587,0,0,339.14,374.17,392.74,467.17,92
4,player,588,0,0,340.95,374.77,394.55,467.77,92
4,player,589,0,0,342.76,375.38,396.36,468.38,92
4,player,590,0,0,344.57,375.98,398.17,468.98,92
4,player,591,0,0,346.38,376.58,399.98,469.58,92
4,player,592,0,0,348.19,377.19,401.79,470.19,92
4,player,593,0,0,350.0,377.79,403.6,470.79,92
4,player,594,0,0,351.81,378.39,405.41,471.39,92
4,player,595,0,0,353.62,379.0,407.22,472.0,92
4,player,596,0,0,354.05,380.28,408.08,473.28,92
4,player,597,0,0,354.48,381.56,408.94,474.56,92
4,player,598,0,0,354.9,382.84,409.8,475.84,92
4,player,599,0,0,355.33,384.12,410.65,477.12,92
4,player,600,0,0,355.76,385.4,411.51,478.4,92
4,player,601,0,0,356.19,386.68,412.37,479.68,92
4,player,602,0,0,356.61,387.96,413.23,480.96,92
4,player,603,0,0,357.04,389.24,414.08,482.24,92
4,player,604,0,0,357.47,390.52,414.94,483.52,92
4,player,605,0,0,357.47,392.44,414.94,485.44,92
4,player,606,0,0,357.47,394.37,414.94,487.37,92
4,player,607,0,0,357.47,396.29,414.94,489.29,92
4,player,608,0,0,357.47,398.21,414.94,491.21,92
4,player,609,0,0,357.47,400.13,414.94,493.13,92
4,player,610,0,0,357.47,402.05,414.94,495.05,92
4,player,611,0,0,358.76,402.91,416.23,495.91,92
4,player,612,0,0,360.05,403.77,417.52,496.77,92
4,player,613,0,0,361.34,404.63,418.82,497.63,92
4,player,614,0,0,362.63,405.49,420.11,498.49,92
4,player,615,0,0,363.92,406.35,421.4,499.35,92
4,player,616,0,0,365.21,407.21,422.69,500.22,92
4,player,617,0,0,366.51,408.08,423.98,501.08,92
4,player,618,0,0,367.8,408.94,425.27,501.94,92
4,player,619,0,0,369.09,409.8,426.56,502.8,92
4,player,620,0,0,370.38,410.66,427.86,503.66,92
4,player,621,0,0,371.67,411.52,429.15,504.52,92
4,player,622,0,0,372.96,412.38,430.44,505.38,92
4,player,623,0,0,374.25,413.24,431.73,506.24,92
4,player,624,0,0,375.55,414.1,433.02,507.1,92
4,player,625,0,0,378.5,415.61,435.98,508.61,92
4,player,626,0,0,381.45,417.12,438.93,510.12,92
4,player,627,0,0,384.41,418.62,441.88,511.62,92
4,player,628,0,0,387.36,420.13,444.83,513.13,92
4,player,629,0,0,390.31,421.64,447.79,514.64,92
4,player,630,0,0,393.26,423.14,450.74,516.14,92
4,player,631,0,0,396.22,424.65,453.69,517.65,92
4,player,632,0,0,399.17,426.16,456.65,519.16,92
4,player,633,0,0,402.12,427.66,459.6,520.66,92
4,player,634,0,0,405.08,429.17,462.55,522.17,92
4,player,635,0,0,408.03,430.68,465.51,523.68,92
4,player,636,0,0,410.98,432.18,468.46,525.18,92
4,player,637,0,0,413.94,433.69,471.41,526.69,92
4,player,638,0,0,416.89,435.2,474.37,528.2,92
4,player,639,0,0,419.84,436.7,477.32,529.7,92
4,player,640,0,0,422.8,438.21,480.27,531.21,92
4,player,641,0,0,425.75,439.72,483.23,532.72,92
4,player,642,0,0,428.7,441.22,486.18,534.22,92
4,player,643,0,0,431.66,442.73,489.13,535.73,92
4,player,644,0,0,434.61,444.24,492.08,537.24,92
4,player,645,0,0,437.56,445.74,495.04,538.74,92
4,player,646,0,0,440.51,447.25,497.99,540.25,92
4,player,647,0,0,443.47,448.76,500.94,541.76,92
4,player,648,0,0,446.42,450.26,503.9,543.26,92
4,player,649,0,0,449.37,451.77,506.85,544.77,92
4,player,650,0,0,452.33,453.28,509.8,546.28,92
4,player,651,0,0,455.28,454.78,512.76,547.78,92
4,player,652,0,0,458.23,456.29,515.71,549.29,92
4,player,653,0,0,461.19,457.8,518.66,550.8,92
4,player,654,0,0,464.14,459.3,521.62,552.3,92
4,player,655,0,0,467.09,460.81,524.57,553.81,92
4,player,656,0,0,470.05,462.32,527.52,555.32,92
4,player,657,0,0,473.0,463.82,530.48,556.82,92
4,player,658,0,0,475.95,465.33,533.43,558.33,92
4,player,659,0,0,478.91,466.84,536.38,559.84,92
4,player,660,0,0,481.86,468.34,539.33,561.34,92
4,player,661,0,0,484.81,469.85,542.29,562.85,92
4,player,662,0,0,487.76,471.36,545.24,564.36,92
4,player,663,0,0,490.72,472.86,548.19,565.86,92
4,player,664,0,0,493.67,474.37,551.15,567.37,92
4,player,665,0,0,496.62,475.88,554.1,568.88,92
4,player,666,0,0,499.58,477.38,557.05,570.38,92
4,player,667,0,0,502.53,478.89,560.01,571.89,92
4,player,668,0,0,505.48,480.4,562.96,573.4,92
4,player,669,0,0,508.44,481.9,565.91,574.9,92
4,player,670,0,0,511.39,483.41,568.87,576.41,92
4,player,671,0,0,514.34,484.92,571.82,577.92,92
4,player,672,0,0,517.3,486.42,574.77,579.42,92
4,player,673,0,0,520.25,487.93,577.73,580.93,92
4,player,674,0,0,523.2,489.44,580.68,582.44,92
4,player,675,0,0,525.28,491.05,582.75,584.05,92
4,player,676,0,0,527.35,492.66,584.83,585.66,92
4,player,677,0,0,529.42,494.28,586.9,587.28,92
4,player,678,0,0,531.5,495.89,588.98,588.89,92
4,player,679,0,0,533.57,497.5,591.05,590.5,92
4,player,680,0,0,535.65,499.12,593.12,592.12,92
4,player,681,0,0,537.72,500.73,595.2,593.73,92
4,player,682,0,0,539.8,502.34,597.27,595.34,92
4,player,683,0,0,541.87,503.96,599.35,596.96,92
4,player,684,0,0,543.94,505.57,601.42,598.57,92
4,player,685,0,0,546.02,507.18,603.49,600.18,92
4,player,686,0,0,546.58,508.31,604.06,601.31,92
4,player,687,0,0,547.15,509.44,604.62,602.44,92
4,player,688,0,0,547.71,510.56,605.18,603.56,92
4,player,689,0,0,548.27,511.69,605.75,604.69,92
4,player,690,0,0,548.84,512.82,606.31,605.82,92
4,player,691,0,0,549.4,513.94,606.88,606.94,92
4,player,692,0,0,549.96,515.07,607.44,608.07,92
4,player,693,0,0,550.53,516.2,608.0,609.2,92
4,player,694,0,0,551.09,517.32,608.57,610.32,92
4,player,695,0,0,549.19,519.23,606.66,612.23,92
4,player,696,0,0,547.29,521.13,604.76,614.13,92
4,player,697,0,0,545.39,523.03,602.86,616.03,92
4,player,698,0,0,543.48,524.93,600.96,617.93,92
4,player,699,0,0,541.58,526.83,599.06,619.83,92
4,player,700,0,0,539.68,528.73,597.16,621.73,92
4,player,701,0,0,537.78,530.63,595.26,623.64,92
4,player,702,0,0,535.88,532.54,593.35,625.54,92
4,player,703,0,0,536.62,533.73,594.1,626.73,92
4,player,704,0,0,537.37,534.92,594.85,627.92,92
4,player,705,0,0,538.12,536.12,595.59,629.12,92
4,player,706,0,0,538.86,537.31,596.34,630.31,92
4,player,707,0,0,539.61,538.5,597.08,631.5,92
4,player,708,0,0,540.35,539.69,597.83,632.7,92
4,player,709,0,0,541.1,540.89,598.57,633.89,92
4,player,710,0,0,541.84,542.08,599.32,635.08,92
4,player,711,0,0,542.59,543.27,600.07,636.27,92
4,player,712,0,0,543.34,544.47,600.81,637.47,92
4,player,713,0,0,544.08,545.66,601.56,638.66,92
4,player,714,0,0,544.83,546.85,602.3,639.85,92
4,player,715,0,0,545.57,548.05,603.05,641.05,92
4,player,716,0,0,546.32,549.24,603.79,642.24,92
4,player,717,0,0,547.06,550.43,604.54,643.43,92
4,player,718,0,0,547.81,551.63,605.29,644.63,92
4,player,719,0,0,548.55,552.82,606.03,645.82,92
4,player,720,0,0,551.65,554.47,609.13,647.89,92
4,player,721,0,0,554.75,556.13,612.23,649.95,92
4,player,722,0,0,557.85,557.78,615.33,652.02,92
4,player,723,0,0,560.95,559.44,618.43,654.08,92
4,player,724,0,0,564.05,561.09,621.53,656.15,92
4,player,725,0,0,567.15,562.75,624.63,658.22,92
4,player,726,0,0,570.25,564.4,627.72,660.28,92
4,player,727,0,0,573.35,566.06,630.82,662.35,92
4,player,728,0,0,576.45,567.71,633.92,664.41,92
4,player,729,0,0,579.55,569.37,637.02,666.48,92
4,player,730,0,0,582.65,571.02,640.12,668.55,92
4,player,731,0,0,585.74,572.68,643.22,670.61,92
4,player,732,0,0,588.84,574.33,646.32,672.68,92
4,player,733,0,0,591.94,575.99,649.42,674.74,92
4,player,734,0,0,595.04,577.64,652.52,676.81,92
4,player,735,0,0,598.14,579.3,655.62,678.88,92
4,player,736,0,0,603.43,577.32,660.91,676.89,92
4,player,737,0,0,608.72,575.33,666.2,674.91,92
4,player,738,0,0,614.01,573.35,671.49,672.93,92
4,player,739,0,0,619.3,571.36,676.77,670.94,92
4,player,740,0,0,624.59,569.38,682.06,668.96,92
4,player,741,0,0,631.5,572.69,688.98,672.26,92
4,player,742,0,0,638.41,575.99,695.89,675.57,92
4,player,743,0,0,645.32,579.3,702.8,678.87,92
4,player,744,0,0,652.24,582.6,709.71,682.18,92
4,player,745,0,0,659.15,585.91,716.62,685.49,92
4,player,746,0,0,666.06,589.22,723.54,688.79,92
4,player,747,0,0,672.97,592.52,730.45,692.1,92
4,player,748,0,0,679.89,595.83,737.36,695.4,92
4,player,749,0,0,686.8,599.13,744.27,698.71,92
4,player,750,0,0,693.71,602.44,751.19,702.02,92
4,player,751,0,0,700.62,605.75,758.1,705.32,92
4,player,752,0,0,701.5,605.6,758.98,705.17,92
4,player,753,0,0,702.39,605.45,759.86,705.03,92
4,player,754,0,0,703.27,605.3,760.74,704.88,92
4,player,755,0,0,704.15,605.16,761.62,704.73,92
4,player,756,0,0,705.03,605.01,762.51,704.59,92
4,player,757,0,0,705.91,604.86,763.39,704.44,92
4,player,758,0,0,706.79,604.72,764.27,704.29,92
4,player,759,0,0,707.67,604.57,765.15,704.15,92
4,player,760,0,0,708.56,604.42,766.03,704.0,92
4,player,761,0,0,709.44,604.28,766.91,703.85,92
4,player,762,0,0,710.32,604.13,767.8,703.71,92
4,player,763,0,0,711.2,603.98,768.68,703.56,92
4,player,764,0,0,712.08,603.84,769.56,703.41,92
4,player,765,0,0,712.96,603.69,770.44,703.26,92
4,player,766,0,0,713.85,603.54,771.32,703.12,92
4,player,767,0,0,714.73,603.39,772.2,702.97,92
4,player,768,0,0,715.61,603.25,773.08,702.82,92
4,player,769,0,0,716.49,603.1,773.97,702.68,92
4,player,770,0,0,717.37,602.95,774.85,702.53,92
4,player,771,0,0,718.25,602.81,775.73,702.38,92
4,player,772,0,0,719.13,602.66,776.61,702.24,92
4,player,773,0,0,720.02,602.51,777.49,702.09,92
4,player,774,0,0,720.9,602.37,778.37,701.94,92
4,player,775,0,0,721.78,602.22,779.26,701.8,92
4,player,776,0,0,722.66,602.07,780.14,701.65,92
4,player,777,0,0,723.54,601.93,781.02,701.5,92
4,player,778,0,0,724.42,601.78,781.9,701.35,92
4,player,779,0,0,725.31,601.63,782.78,701.21,92
4,player,780,0,0,726.19,601.48,783.66,701.06,92
4,player,781,0,0,727.07,601.34,784.54,700.91,92
4,player,782,0,0,727.95,601.19,785.43,700.77,92
4,player,783,0,0,728.83,601.04,786.31,700.62,92
4,player,784,0,0,729.71,600.9,787.19,700.47,92
4,player,785,0,0,730.59,600.75,788.07,700.33,92
4,player,786,0,0,731.48,600.6,788.95,700.18,92
4,player,787,0,0,732.36,600.46,789.83,700.03,92
4,player,788,0,0,733.24,600.31,790.72,699.89,92
4,player,789,0,0,734.12,600.16,791.6,699.74,92
4,player,790,0,0,735.0,600.02,792.48,699.59,92
4,player,791,0,0,735.88,599.87,793.36,699.44,92
4,player,792,0,0,736.77,599.72,794.24,699.3,92
4,player,793,0,0,737.65,599.57,795.12,699.15,92
4,player,794,0,0,738.53,599.43,796.0,699.0,92
4,player,795,0,0,739.41,599.28,796.89,698.86,92
4,player,796,0,0,740.29,599.13,797.77,698.71,92
4,player,797,0,0,741.94,598.03,799.42,697.61,92
4,player,798,0,0,743.6,596.93,801.07,696.51,92
4,player,799,0,0,745.25,595.83,802.73,695.4,92
4,player,800,0,0,746.9,594.73,804.38,694.3,92
4,player,801,0,0,748.56,593.62,806.03,693.2,92
4,player,802,0,0,750.21,592.52,807.69,692.1,92
4,player,803,0,0,751.86,591.42,809.34,691.0,92
4,player,804,0,0,753.52,590.32,810.99,689.89,92
4,player,805,0,0,755.17,589.22,812.64,688.79,92
4,player,806,0,0,756.82,588.11,814.3,687.69,92
4,player,807,0,0,758.47,587.01,815.95,686.59,92
4,player,808,0,0,760.13,585.91,817.6,685.49,92
4,player,809,0,0,760.0,584.36,817.47,683.94,92
4,player,810,0,0,759.87,582.81,817.34,682.39,92
4,player,811,0,0,759.74,581.27,817.22,680.84,92
4,player,812,0,0,759.61,579.72,817.09,679.29,92
4,player,813,0,0,759.48,578.17,816.96,677.75,92
4,player,814,0,0,759.35,576.62,816.83,676.2,92
4,player,815,0,0,759.22,575.07,816.7,674.65,92
4,player,816,0,0,759.1,573.53,816.57,673.1,92
4,player,817,0,0,758.97,571.98,816.44,671.56,92
4,player,818,0,0,758.84,570.43,816.31,670.01,92
4,player,819,0,0,758.71,568.88,816.18,668.46,92
4,player,820,0,0,758.58,567.33,816.06,666.91,92
4,player,821,0,0,758.45,565.79,815.93,665.36,92
4,player,822,0,0,758.32,564.24,815.8,663.82,92
4,player,823,0,0,758.19,562.69,815.67,662.27,92
4,player,824,0,0,758.06,561.14,815.54,660.72,92
4,player,825,0,0,757.93,559.6,815.41,659.17,92
4,player,826,0,0,757.81,558.05,815.28,657.62,92
4,player,827,0,0,757.68,556.5,815.15,656.08,92
4,player,828,0,0,757.55,554.95,815.02,654.53,92
4,player,829,0,0,757.42,553.4,814.89,652.98,92
4,player,830,0,0,757.29,551.86,814.77,651.43,92
4,player,831,0,0,757.16,550.31,814.64,649.88,92
4,player,832,0,0,756.25,548.48,813.72,648.06,92
4,player,833,0,0,755.33,546.66,812.81,646.23,92
4,player,834,0,0,754.42,544.83,811.9,644.41,92
4,player,835,0,0,753.51,543.0,810.98,642.58,92
4,player,836,0,0,752.6,541.18,810.07,640.76,92
4,player,837,0,0,751.68,539.35,809.16,638.93,92
4,player,838,0,0,750.77,537.53,808.25,637.1,92
4,player,839,0,0,749.86,535.7,807.33,635.28,92
4,player,840,0,0,748.94,533.88,806.42,633.45,92
4,player,841,0,0,748.03,532.05,805.51,631.63,92
4,player,842,0,0,747.12,530.22,804.59,629.8,92
4,player,843,0,0,746.21,528.4,803.68,627.98,92
4,player,844,0,0,745.29,526.57,802.77,626.15,92
4,player,845,0,0,744.7,525.09,802.18,624.67,92
4,player,846,0,0,744.11,523.61,801.58,623.18,92
4,player,847,0,0,743.51,522.12,800.99,621.7,92
4,player,848,0,0,742.92,520.64,800.4,620.22,92
4,player,849,0,0,742.33,519.16,799.8,618.73,92
4,player,850,0,0,741.73,517.67,799.21,617.25,92
4,player,851,0,0,741.14,516.19,798.62,615.77,92
4,player,852,0,0,740.55,514.71,798.02,614.28,92
4,player,853,0,0,739.95,513.22,797.43,612.8,92
4,player,854,0,0,739.36,511.74,796.84,611.32,92
4,player,855,0,0,738.77,510.26,796.24,609.83,92
4,player,856,0,0,738.17,508.77,795.65,608.35,92
4,player,857,0,0,737.58,507.29,795.06,606.86,92
4,player,858,0,0,736.99,505.8,794.46,605.38,92
4,player,859,0,0,736.39,504.32,793.87,603.9,92
4,player,860,0,0,735.8,502.84,793.28,602.41,92
4,player,861,0,0,735.21,501.35,792.68,600.93,92
4,player,862,0,0,734.61,499.87,792.09,599.45,92
4,player,863,0,0,734.02,498.39,791.5,597.96,92
4,player,864,0,0,733.43,496.9,790.9,596.48,92
4,player,865,0,0,733.43,496.9,790.9,596.48,92
4,player,866,0,0,733.43,496.9,790.9,596.48,92
4,player,867,0,0,733.43,496.9,790.9,596.48,92
4,player,868,0,0,733.43,496.9,790.9,596.48,92
4,player,869,0,0,733.43,496.9,790.9,596.48,92
4,player,870,0,0,733.43,496.9,790.9,596.48,92
4,player,871,0,0,733.43,496.9,790.9,596.48,92
4,player,872,0,0,733.43,496.9,790.9,596.48,92
4,player,873,0,0,733.43,496.9,790.9,596.48,92
4,player,874,0,0,733.43,496.9,790.9,596.48,92
4,player,875,0,0,733.43,496.9,790.9,596.48,92
4,player,876,0,0,733.43,496.9,790.9,596.48,92
4,player,877,0,0,733.43,496.9,790.9,596.48,92
4,player,878,0,0,733.43,496.9,790.9,596.48,92
4,player,879,0,0,733.43,496.9,790.9,596.48,92
4,player,880,0,0,733.43,496.9,790.9,596.48,92
4,player,881,0,0,733.43,496.9,790.9,596.48,92
4,player,882,0,0,733.43,496.9,790.9,596.48,92
4,player,883,0,0,733.43,496.9,790.9,596.48,92
4,player,884,0,0,733.43,496.9,790.9,596.48,92
4,player,885,0,0,733.43,496.9,790.9,596.48,92
4,player,886,0,0,733.43,496.9,790.9,596.48,92
4,player,887,0,0,733.43,496.9,790.9,596.48,92
4,player,888,0,0,733.43,496.9,790.9,596.48,92
4,player,889,0,0,733.43,496.9,790.9,596.48,92
4,player,890,0,0,733.43,496.9,790.9,596.48,92
4,player,891,0,0,733.43,496.9,790.9,596.48,92
4,player,892,0,0,733.43,496.9,790.9,596.48,92
4,player,893,0,0,733.43,496.9,790.9,596.48,92
4,player,894,0,0,733.43,496.9,790.9,596.48,92
4,player,895,0,0,733.43,496.9,790.9,596.48,92
4,player,896,0,0,733.43,496.9,790.9,596.48,92
4,player,897,0,0,733.43,496.9,790.9,596.48,92
4,player,898,0,0,733.43,496.9,790.9,596.48,92
4,player,899,0,0,733.43,496.9,790.9,596.48,92
5,player,0,0,0,1505.1,305.5,1575.9,411.0,20
5,player,1,0,0,1507.18,308.62,1577.98,414.12,20
5,player,2,0,0,1509.27,311.75,1580.07,417.25,20
5,player,3,0,0,1511.35,314.87,1582.15,420.37,20
5,player,4,0,0,1504.96,315.57,1574.47,421.07,20
5,player,5,0,0,1498.56,316.27,1566.79,421.77,20
5,player,6,0,0,1492.16,316.97,1559.11,422.47,20
5,player,7,0,0,1485.77,317.67,1551.43,423.17,20
5,player,8,0,0,1479.37,318.37,1543.74,423.87,20
5,player,9,0,0,1472.98,319.07,1536.06,424.57,20
5,player,10,0,0,1466.58,319.77,1528.38,425.27,20
5,player,11,0,0,1460.19,320.47,1520.7,425.97,20
5,player,12,0,0,1450.47,319.21,1510.48,424.71,20
5,player,13,0,0,1440.75,317.95,1500.25,423.45,20
5,player,14,0,0,1431.03,316.69,1490.03,422.19,20
5,player,15,0,0,1421.31,315.43,1479.81,420.93,20
5,player,16,0,0,1411.59,314.17,1469.58,419.67,20
5,player,17,0,0,1401.87,312.91,1459.36,418.41,20
5,player,18,0,0,1392.15,311.65,1449.14,417.15,20
5,player,19,0,0,1382.43,310.39,1438.91,415.89,20
5,player,20,0,0,1372.71,309.13,1428.69,414.63,20
5,player,21,0,0,1362.99,307.87,1418.46,413.37,20
5,player,22,0,0,1353.27,306.61,1408.24,412.11,20
5,player,23,0,0,1343.55,305.35,1398.02,410.85,20
5,player,24,0,0,1333.83,304.09,1387.79,409.59,20
5,player,25,0,0,1324.11,302.83,1377.57,408.33,20
5,player,26,0,0,1314.4,301.57,1367.35,407.07,20
5,player,27,0,0,1304.68,300.31,1357.12,405.81,20
5,player,28,0,0,1294.96,299.05,1346.9,404.55,20
5,player,29,0,0,1293.51,298.88,1345.46,404.38,20
5,player,30,0,0,1292.07,298.7,1344.02,404.2,20
5,player,31,0,0,1290.63,298.52,1342.58,404.02,20
5,player,32,0,0,1289.19,298.34,1341.13,403.84,20
5,player,33,0,0,1287.75,298.17,1339.69,403.67,20
5,player,34,0,0,1286.31,297.99,1338.25,403.49,20
5,player,35,0,0,1284.86,297.81,1336.81,403.31,20
5,player,36,0,0,1283.42,297.64,1335.37,403.14,20
5,player,37,0,0,1281.98,297.46,1333.93,402.96,20
5,player,38,0,0,1280.54,297.28,1332.48,402.78,20
5,player,39,0,0,1279.1,297.11,1331.04,402.61,20
5,player,40,0,0,1277.66,296.93,1329.6,402.43,20
5,player,41,0,0,1276.22,296.75,1328.16,402.25,20
5,player,42,0,0,1274.77,296.57,1326.72,402.07,20
5,player,43,0,0,1273.33,296.4,1325.28,401.9,20
5,player,44,0,0,1271.89,296.22,1323.83,401.72,20
5,player,45,0,0,1270.45,296.04,1322.39,401.54,20
5,player,46,0,0,1269.01,295.87,1320.95,401.37,20
5,player,47,0,0,1267.57,295.69,1319.51,401.19,20
5,player,48,0,0,1266.12,295.51,1318.07,401.01,20
5,player,49,0,0,1264.68,295.33,1316.63,400.83,20
5,player,50,0,0,1263.24,295.16,1315.18,400.66,20
5,player,51,0,0,1261.8,294.98,1313.74,400.48,20
5,player,52,0,0,1260.36,294.8,1312.3,400.3,20
5,player,53,0,0,1258.92,294.63,1310.86,400.13,20
5,player,54,0,0,1257.47,294.45,1309.42,399.95,20
5,player,55,0,0,1256.03,294.27,1307.98,399.77,20
5,player,56,0,0,1254.59,294.1,1306.54,399.6,20
5,player,57,0,0,1253.15,293.92,1305.09,399.42,20
5,player,58,0,0,1251.71,293.74,1303.65,399.24,20
5,player,59,0,0,1250.27,293.56,1302.21,399.06,20
5,player,60,0,0,1248.83,293.39,1300.77,398.89,20
5,player,61,0,0,1247.38,293.21,1299.33,398.71,20
5,player,62,0,0,1245.94,293.03,1297.89,398.53,20
5,player,63,0,0,1244.5,292.86,1296.44,398.36,20
5,player,64,0,0,1243.06,292.68,1295.0,398.18,20
5,player,65,0,0,1241.62,292.5,1293.56,398.0,20
5,player,66,0,0,1240.18,292.33,1292.12,397.83,20
5,player,67,0,0,1238.73,292.15,1290.68,397.65,20
5,player,68,0,0,1237.29,291.97,1289.24,397.47,20
5,player,69,0,0,1235.85,291.79,1287.79,397.29,20
5,player,70,0,0,1234.41,291.62,1286.35,397.12,20
5,player,71,0,0,1232.97,291.44,1284.91,396.94,20
5,player,72,0,0,1231.53,291.26,1283.47,396.76,20
5,player,73,0,0,1230.08,291.09,1282.03,396.59,20
5,player,74,0,0,1228.64,290.91,1280.59,396.41,20
5,player,75,0,0,1227.2,290.73,1279.15,396.23,20
5,player,76,0,0,1225.76,290.55,1277.7,396.05,20
5,player,77,0,0,1224.32,290.38,1276.26,395.88,20
5,player,78,0,0,1222.88,290.2,1274.82,395.7,20
5,player,79,0,0,1221.43,290.02,1273.38,395.52,20
5,player,80,0,0,1219.99,289.85,1271.94,395.35,20
5,player,81,0,0,1218.55,289.67,1270.5,395.17,20
5,player,82,0,0,1217.11,289.49,1269.05,394.99,20
5,player,83,0,0,1215.67,289.32,1267.61,394.82,20
5,player,84,0,0,1214.23,289.14,1266.17,394.64,20
5,player,85,0,0,1212.79,288.96,1264.73,394.46,20
5,player,86,0,0,1211.34,288.78,1263.29,394.28,20
5,player,87,0,0,1209.9,288.61,1261.85,394.11,20
5,player,88,0,0,1208.46,288.43,1260.4,393.93,20
5,player,89,0,0,1207.02,288.25,1258.96,393.75,20
5,player,90,0,0,1205.58,288.08,1257.52,393.58,20
5,player,91,0,0,1204.14,287.9,1256.08,393.4,20
5,player,92,0,0,1202.69,287.72,1254.64,393.22,20
5,player,93,0,0,1201.25,287.55,1253.2,393.05,20
5,player,94,0,0,1199.81,287.37,1251.75,392.87,20
5,player,95,0,0,1198.37,287.19,1250.31,392.69,20
5,player,96,0,0,1196.93,287.01,1248.87,392.51,20
5,player,97,0,0,1195.49,286.84,1247.43,392.34,20
5,player,98,0,0,1194.04,286.66,1245.99,392.16,20
5,player,99,0,0,1192.6,286.48,1244.55,391.98,20
5,player,100,0,0,1191.16,286.31,1243.11,391.81,20
5,player,101,0,0,1189.72,286.13,1241.66,391.63,20
5,player,102,0,0,1188.28,285.95,1240.22,391.45,20
5,player,103,0,0,1186.84,285.77,1238.78,391.27,20
5,player,104,0,0,1185.39,285.6,1237.34,391.1,20
5,player,105,0,0,1183.95,285.42,1235.9,390.92,20
5,player,106,0,0,1182.51,285.24,1234.46,390.74,20
5,player,107,0,0,1181.07,285.07,1233.01,390.57,20
5,player,108,0,0,1179.63,284.89,1231.57,390.39,20
5,player,109,0,0,1178.19,284.71,1230.13,390.21,20
5,player,110,0,0,1176.75,284.54,1228.69,390.04,20
5,player,111,0,0,1175.3,284.36,1227.25,389.86,20
5,player,112,0,0,1173.86,284.18,1225.81,389.68,20
5,player,113,0,0,1172.42,284.0,1224.36,389.5,20
5,player,114,0,0,1170.98,283.83,1222.92,389.33,20
5,player,115,0,0,1169.54,283.65,1221.48,389.15,20
5,player,116,0,0,1168.1,283.47,1220.04,388.97,20
5,player,117,0,0,1166.65,283.3,1218.6,388.8,20
5,player,118,0,0,1165.21,283.12,1217.16,388.62,20
5,player,119,0,0,1163.77,282.94,1215.71,388.44,20
5,player,120,0,0,1162.33,282.77,1214.27,388.27,20
5,player,121,0,0,1160.89,282.59,1212.83,388.09,20
5,player,122,0,0,1159.45,282.41,1211.39,387.91,20
5,player,123,0,0,1158.0,282.23,1209.95,387.73,20
5,player,124,0,0,1156.56,282.06,1208.51,387.56,20
5,player,125,0,0,1155.12,281.88,1207.07,387.38,20
5,player,126,0,0,1153.68,281.7,1205.62,387.2,20
5,player,127,0,0,1152.24,281.53,1204.18,387.03,20
5,player,128,0,0,1150.8,281.35,1202.74,386.85,20
5,player,129,0,0,1149.36,281.17,1201.3,386.67,20
5,player,130,0,0,1147.91,280.99,1199.86,386.49,20
5,player,131,0,0,1146.47,280.82,1198.42,386.32,20
5,player,132,0,0,1145.03,280.64,1196.97,386.14,20
5,player,133,0,0,1145.03,280.64,1196.82,386.14,20
5,player,134,0,0,1145.03,280.64,1196.67,386.14,20
5,player,135,0,0,1145.03,280.64,1196.52,386.14,20
5,player,136,0,0,1145.03,280.64,1196.37,386.14,20
5,player,137,0,0,1145.03,280.64,1196.21,386.14,20
5,player,138,0,0,1145.03,280.63,1196.06,386.14,20
5,player,139,0,0,1145.03,280.63,1195.91,386.14,20
5,player,140,0,0,1145.03,280.63,1195.76,386.14,20
5,player,141,0,0,1145.03,280.63,1195.61,386.14,20
5,player,142,0,0,1145.03,280.63,1195.45,386.14,20
5,player,143,0,0,1145.03,280.63,1195.3,386.14,20
5,player,144,0,0,1145.03,280.63,1195.15,386.14,20
5,player,145,0,0,1145.03,280.63,1195.0,386.14,20
5,player,146,0,0,1145.03,280.63,1194.85,386.14,20
5,player,147,0,0,1145.03,280.62,1194.69,386.14,20
5,player,148,0,0,1145.03,280.62,1194.54,386.14,20
5,player,149,0,0,1145.03,280.62,1194.39,386.14,20
5,player,150,0,0,1145.03,280.62,1194.24,386.14,20
5,player,151,0,0,1145.03,280.62,1194.09,386.14,20
5,player,152,0,0,1145.03,280.62,1193.94,386.14,20
5,player,153,0,0,1145.03,280.62,1193.78,386.14,20
5,player,154,0,0,1145.03,280.62,1193.63,386.14,20
5,player,155,0,0,1145.03,280.62,1193.48,386.14,20
5,player,156,0,0,1145.03,280.61,1193.33,386.14,20
5,player,157,0,0,1145.03,280.61,1193.18,386.14,20
5,player,158,0,0,1145.03,280.61,1193.02,386.14,20
5,player,159,0,0,1145.03,280.61,1192.87,386.14,20
5,player,160,0,0,1145.03,280.61,1192.72,386.14,20
5,player,161,0,0,1145.03,280.61,1192.57,386.14,20
5,player,162,0,0,1145.03,280.61,1192.42,386.14,20
5,player,163,0,0,1145.03,280.61,1192.26,386.14,20
5,player,164,0,0,1145.03,280.61,1192.11,386.14,20
5,player,165,0,0,1145.03,280.61,1191.96,386.14,20
5,player,166,0,0,1145.03,280.6,1191.81,386.14,20
5,player,167,0,0,1145.03,280.6,1191.66,386.14,20
5,player,168,0,0,1145.03,280.6,1191.5,386.14,20
5,player,169,0,0,1145.03,280.6,1191.35,386.14,20
5,player,170,0,0,1145.03,280.6,1191.2,386.14,20
5,player,171,0,0,1152.64,281.36,1198.81,386.9,20
5,player,172,0,0,1160.24,282.12,1206.41,387.66,20
5,player,173,0,0,1167.85,282.88,1214.02,388.42,20
5,player,174,0,0,1175.45,283.64,1221.62,389.18,20
5,player,175,0,0,1183.06,284.4,1229.23,389.94,20
5,player,176,0,0,1190.66,285.16,1236.83,390.7,20
5,player,177,0,0,1198.27,285.92,1244.44,391.47,20
5,player,178,0,0,1205.88,286.68,1252.05,392.23,20
5,player,179,0,0,1213.48,287.45,1259.65,392.99,20
5,player,180,0,0,1221.09,288.21,1267.26,393.75,20
5,player,181,0,0,1229.87,289.24,1276.04,394.78,20
5,player,182,0,0,1238.65,290.27,1284.82,395.81,20
5,player,183,0,0,1247.43,291.3,1293.6,396.85,20
5,player,184,0,0,1256.21,292.34,1302.38,397.88,20
5,player,185,0,0,1264.99,293.37,1311.16,398.91,20
5,player,186,0,0,1273.77,294.4,1319.94,399.94,20
5,player,187,0,0,1282.55,295.44,1328.72,400.98,20
5,player,188,0,0,1291.33,296.47,1337.5,402.01,20
5,player,189,0,0,1300.11,297.5,1346.28,403.04,20
5,player,190,0,0,1308.89,298.54,1355.06,404.08,20
5,player,191,0,0,1317.67,299.57,1363.84,405.11,20
5,player,192,0,0,1326.45,300.6,1372.62,406.14,20
5,player,193,0,0,1335.23,301.63,1381.4,407.18,20
5,player,194,0,0,1344.01,302.67,1390.18,408.21,20
5,player,195,0,0,1352.79,303.7,1398.96,409.24,20
5,player,196,0,0,1361.57,304.73,1407.74,410.27,20
5,player,197,0,0,1370.35,305.77,1416.52,411.31,20
5,player,198,0,0,1379.13,306.8,1425.3,412.34,20
5,player,199,0,0,1387.91,307.83,1434.08,413.37,20
5,player,200,0,0,1396.69,308.87,1442.86,414.41,20
5,player,201,0,0,1405.47,309.9,1451.64,415.44,20
5,player,202,0,0,1414.25,310.93,1460.42,416.47,20
5,player,203,0,0,1421.13,310.93,1467.3,416.47,20
5,player,204,0,0,1428.01,310.93,1474.18,416.47,20
5,player,205,0,0,1434.89,310.93,1481.06,416.47,20
5,player,206,0,0,1441.78,310.93,1487.95,416.47,20
5,player,207,0,0,1448.66,310.93,1494.83,416.47,20
5,player,208,0,0,1455.54,310.93,1501.71,416.47,20
5,player,209,0,0,1462.42,310.93,1508.59,416.47,20
5,player,210,0,0,1469.3,310.93,1515.47,416.47,20
5,player,211,0,0,1476.18,310.93,1522.35,416.47,20
5,player,212,0,0,1483.06,310.93,1529.23,416.47,20
5,player,213,0,0,1489.94,310.93,1536.11,416.47,20
5,player,214,0,0,1496.83,310.93,1543.0,416.47,20
5,player,215,0,0,1503.71,310.93,1549.88,416.47,20
5,player,216,0,0,1510.59,310.93,1556.76,416.47,20
5,player,217,0,0,1517.5,311.55,1563.61,417.1,20
5,player,218,0,0,1524.41,312.18,1570.47,417.72,20
5,player,219,0,0,1531.31,312.8,1577.32,418.34,20
5,player,220,0,0,1538.22,313.42,1584.17,418.97,20
5,player,221,0,0,1545.13,314.05,1591.03,419.59,20
5,player,222,0,0,1552.04,314.67,1597.88,420.21,20
5,player,223,0,0,1558.95,315.29,1604.73,420.84,20
5,player,224,0,0,1565.86,315.92,1611.59,421.46,20
5,player,225,0,0,1572.77,316.54,1618.44,422.08,20
5,player,226,0,0,1579.67,317.16,1625.29,422.71,20
5,player,227,0,0,1586.58,317.79,1632.15,423.33,20
5,player,228,0,0,1593.49,318.41,1639.0,423.95,20
5,player,229,0,0,1600.4,319.03,1645.86,424.58,20
5,player,230,0,0,1607.31,319.66,1652.71,425.2,20
5,player,231,0,0,1614.22,320.28,1659.56,425.82,20
5,player,232,0,0,1621.13,320.9,1666.42,426.45,20
5,player,233,0,0,1628.03,321.53,1673.27,427.07,20
5,player,234,0,0,1634.94,322.15,1680.12,427.69,20
5,player,235,0,0,1641.85,322.77,1686.98,428.32,20
5,player,236,0,0,1648.76,323.4,1693.83,428.94,20
5,player,237,0,0,1655.67,324.02,1700.68,429.56,20
5,player,238,0,0,1662.58,324.64,1707.54,430.19,20
5,player,239,0,0,1669.49,325.27,1714.39,430.81,20
5,player,240,0,0,1676.4,325.89,1721.25,431.43,20
5,player,241,0,0,1683.3,326.51,1728.1,432.06,20
5,player,242,0,0,1690.21,327.14,1734.95,432.68,20
5,player,243,0,0,1697.12,327.76,1741.81,433.3,20
5,player,244,0,0,1704.03,328.38,1748.66,433.93,20
5,player,245,0,0,1710.94,329.01,1755.51,434.55,20
5,player,246,0,0,1717.85,329.63,1762.37,435.17,20
5,player,247,0,0,1724.76,330.25,1769.22,435.8,20
5,player,248,0,0,1731.66,330.88,1776.07,436.42,20
5,player,249,0,0,1738.57,331.5,1782.93,437.04,20
5,player,250,0,0,1745.48,332.12,1789.78,437.67,20
5,player,251,0,0,1752.39,332.75,1796.63,438.29,20
5,player,252,0,0,1759.3,333.37,1803.49,438.91,20
5,player,253,0,0,1766.21,333.99,1810.34,439.54,20
5,player,254,0,0,1773.12,334.62,1817.2,440.16,20
5,player,255,0,0,1780.02,335.24,1824.05,440.78,20
5,player,256,0,0,1786.93,335.86,1830.9,441.41,20
5,player,257,0,0,1793.84,336.49,1837.76,442.03,20
5,player,258,0,0,1800.75,337.11,1844.61,442.65,20
5,player,259,0,0,1807.66,337.73,1851.46,443.28,20
5,player,260,0,0,1814.57,338.36,1858.32,443.9,20
5,player,261,0,0,1821.48,338.98,1865.17,444.52,20
5,player,262,0,0,1828.38,339.6,1872.02,445.15,20
5,player,263,0,0,1835.29,340.23,1878.88,445.77,20
5,player,264,0,0,1842.2,340.85,1885.73,446.39,20
5,player,265,0,0,1849.11,341.47,1892.59,447.02,20
5,player,266,0,0,1856.02,342.1,1899.44,447.64,20
5,player,267,0,0,1862.93,342.72,1906.29,448.26,20
5,player,268,0,0,1869.84,343.34,1913.15,448.89,20
5,player,269,0,0,1876.74,343.97,1920.0,449.51,20
5,player,270,0,0,1876.74,343.97,1920.0,449.51,20
5,player,271,0,0,1876.74,343.97,1920.0,449.51,20
5,player,272,0,0,1876.74,343.97,1920.0,449.51,20
5,player,273,0,0,1876.74,343.97,1920.0,449.51,20
5,player,274,0,0,1876.74,343.97,1920.0,449.51,20
5,player,275,0,0,1876.74,343.97,1920.0,449.51,20
5,player,276,0,0,1876.74,343.97,1920.0,449.51,20
5,player,277,0,0,1876.74,343.97,1920.0,449.51,20
5,player,278,0,0,1876.74,343.97,1920.0,449.51,20
5,player,279,0,0,1876.74,343.97,1920.0,449.51,20
5,player,280,0,0,1876.74,343.97,1920.0,449.51,20
5,player,281,0,0,1876.74,343.97,1920.0,449.51,20
5,player,282,0,0,1876.74,343.97,1920.0,449.51,20
5,player,283,0,0,1876.74,343.97,1920.0,449.51,20
5,player,284,0,0,1876.74,343.97,1920.0,449.51,20
5,player,285,0,0,1876.74,343.97,1920.0,449.51,20
5,player,286,0,0,1876.74,343.97,1920.0,449.51,20
5,player,287,0,0,1876.74,343.97,1920.0,449.51,20
5,player,288,0,0,1876.74,343.97,1920.0,449.51,20
5,player,289,0,0,1876.74,343.97,1920.0,449.51,20
5,player,290,0,0,1876.74,343.97,1920.0,449.51,20
5,player,291,0,0,1876.74,343.97,1920.0,449.51,20
5,player,292,0,0,1876.74,343.97,1920.0,449.51,20
5,player,293,1,0,1876.74,343.97,1920.0,449.51,20
6,player,0,0,0,1741.49,261.6,1802.3,400.16,4
6,player,1,0,0,1739.52,262.08,1799.65,400.18,4
6,player,2,0,0,1737.54,262.57,1797.0,400.21,4
6,player,3,0,0,1735.57,263.05,1794.35,400.24,4
6,player,4,0,0,1726.33,266.03,1784.43,399.86,4
6,player,5,0,0,1717.09,269.01,1774.51,399.48,4
6,player,6,0,0,1707.85,271.99,1764.59,399.1,4
6,player,7,0,0,1698.61,274.97,1754.67,398.72,4
6,player,8,0,0,1689.37,277.96,1744.76,398.34,4
6,player,9,0,0,1680.13,280.94,1734.84,397.96,4
6,player,10,0,0,1670.89,283.92,1724.92,397.58,4
6,player,11,0,0,1661.64,286.9,1715.0,397.2,4
6,player,12,0,0,1649.64,285.84,1703.0,396.29,4
6,player,13,0,0,1637.64,284.77,1691.0,395.38,4
6,player,14,0,0,1625.64,283.71,1678.99,394.47,4
6,player,15,0,0,1613.64,282.65,1666.99,393.56,4
6,player,16,0,0,1601.64,281.59,1654.99,392.65,4
6,player,17,0,0,1589.63,280.52,1642.99,391.74,4
6,player,18,0,0,1577.63,279.46,1630.99,390.83,4
6,player,19,0,0,1565.63,278.4,1618.99,389.92,4
6,player,20,0,0,1553.63,277.34,1606.98,389.01,4
6,player,21,0,0,1541.63,276.27,1594.98,388.1,4
6,player,22,0,0,1529.62,275.21,1582.98,387.19,4
6,player,23,0,0,1517.62,274.15,1570.98,386.28,4
6,player,24,0,0,1505.62,273.08,1558.98,385.37,4
6,player,25,0,0,1493.62,272.02,1546.97,384.46,4
6,player,26,0,0,1481.62,270.96,1534.97,383.55,4
6,player,27,0,0,1469.62,269.9,1522.97,382.64,4
6,player,28,0,0,1457.61,268.83,1510.97,381.73,4
6,player,29,0,0,1455.81,268.72,1509.16,381.62,4
6,player,30,0,0,1454.0,268.61,1507.35,381.51,4
6,player,31,0,0,1452.19,268.49,1505.54,381.39,4
6,player,32,0,0,1450.38,268.38,1503.74,381.28,4
6,player,33,0,0,1448.57,268.26,1501.93,381.16,4
6,player,34,0,0,1446.76,268.15,1500.12,381.05,4
6,player,35,0,0,1444.96,268.03,1498.31,380.93,4
6,player,36,0,0,1443.15,267.92,1496.5,380.82,4
6,player,37,0,0,1441.34,267.8,1494.69,380.7,4
6,player,38,0,0,1439.53,267.69,1492.89,380.59,4
6,player,39,0,0,1437.72,267.58,1491.08,380.48,4
6,player,40,0,0,1435.91,267.46,1489.27,380.36,4
6,player,41,0,0,1434.11,267.35,1487.46,380.25,4
6,player,42,0,0,1432.3,267.23,1485.65,380.13,4
6,player,43,0,0,1430.49,267.12,1483.85,380.02,4
6,player,44,0,0,1428.68,267.0,1482.04,379.9,4
6,player,45,0,0,1426.87,266.89,1480.23,379.79,4
6,player,46,0,0,1425.07,266.77,1478.42,379.67,4
6,player,47,0,0,1423.26,266.66,1476.61,379.56,4
6,player,48,0,0,1421.45,266.55,1474.8,379.45,4
6,player,49,0,0,1419.64,266.43,1473.0,379.33,4
6,player,50,0,0,1417.83,266.32,1471.19,379.22,4
6,player,51,0,0,1416.02,266.2,1469.38,379.1,4
6,player,52,0,0,1414.22,266.09,1467.57,378.99,4
6,player,53,0,0,1412.41,265.97,1465.76,378.87,4
6,player,54,0,0,1410.6,265.86,1463.96,378.76,4
6,player,55,0,0,1408.79,265.74,1462.15,378.64,4
6,player,56,0,0,1406.98,265.63,1460.34,378.53,4
6,player,57,0,0,1405.17,265.52,1458.53,378.42,4
6,player,58,0,0,1403.37,265.4,1456.72,378.3,4
6,player,59,0,0,1401.56,265.29,1454.91,378.19,4
6,player,60,0,0,1399.75,265.17,1453.11,378.07,4
6,player,61,0,0,1397.94,265.06,1451.3,377.96,4
6,player,62,0,0,1396.13,264.94,1449.49,377.84,4
6,player,63,0,0,1394.33,264.83,1447.68,377.73,4
6,player,64,0,0,1392.52,264.71,1445.87,377.61,4
6,player,65,0,0,1390.71,264.6,1444.06,377.5,4
6,player,66,0,0,1388.9,264.49,1442.26,377.39,4
6,player,67,0,0,1387.09,264.37,1440.45,377.27,4
6,player,68,0,0,1385.28,264.26,1438.64,377.16,4
6,player,69,0,0,1383.48,264.14,1436.83,377.04,4
6,player,70,0,0,1381.67,264.03,1435.02,376.93,4
6,player,71,0,0,1379.86,263.91,1433.22,376.81,4
6,player,72,0,0,1378.05,263.8,1431.41,376.7,4
6,player,73,0,0,1376.24,263.68,1429.6,376.58,4
6,player,74,0,0,1374.44,263.57,1427.79,376.47,4
6,player,75,0,0,1372.63,263.46,1425.98,376.36,4
6,player,76,0,0,1370.82,263.34,1424.17,376.24,4
6,player,77,0,0,1369.01,263.23,1422.37,376.13,4
6,player,78,0,0,1367.2,263.11,1420.56,376.01,4
6,player,79,0,0,1365.39,263.0,1418.75,375.9,4
6,player,80,0,0,1363.59,262.88,1416.94,375.78,4
6,player,81,0,0,1361.78,262.77,1415.13,375.67,4
6,player,82,0,0,1359.97,262.65,1413.32,375.55,4
6,player,83,0,0,1358.16,262.54,1411.52,375.44,4
6,player,84,0,0,1356.35,262.43,1409.71,375.33,4
6,player,85,0,0,1354.54,262.31,1407.9,375.21,4
6,player,86,0,0,1352.74,262.2,1406.09,375.1,4
6,player,87,0,0,1350.93,262.08,1404.28,374.98,4
6,player,88,0,0,1349.12,261.97,1402.48,374.87,4
6,player,89,0,0,1347.31,261.85,1400.67,374.75,4
6,player,90,0,0,1345.5,261.74,1398.86,374.64,4
6,player,91,0,0,1343.7,261.62,1397.05,374.52,4
6,player,92,0,0,1341.89,261.51,1395.24,374.41,4
6,player,93,0,0,1340.08,261.4,1393.43,374.3,4
6,player,94,0,0,1338.27,261.28,1391.63,374.18,4
6,player,95,0,0,1336.46,261.17,1389.82,374.07,4
6,player,96,0,0,1334.65,261.05,1388.01,373.95,4
6,player,97,0,0,1332.85,260.94,1386.2,373.84,4
6,player,98,0,0,1331.04,260.82,1384.39,373.72,4
6,player,99,0,0,1329.23,260.71,1382.59,373.61,4
6,player,100,0,0,1327.42,260.59,1380.78,373.49,4
6,player,101,0,0,1325.61,260.48,1378.97,373.38,4
6,player,102,0,0,1323.81,260.37,1377.16,373.27,4
6,player,103,0,0,1322.0,260.25,1375.35,373.15,4
6,player,104,0,0,1320.19,260.14,1373.54,373.04,4
6,player,105,0,0,1318.38,260.02,1371.74,372.92,4
6,player,106,0,0,1316.57,259.91,1369.93,372.81,4
6,player,107,0,0,1314.76,259.79,1368.12,372.69,4
6,player,108,0,0,1312.96,259.68,1366.31,372.58,4
6,player,109,0,0,1311.15,259.56,1364.5,372.46,4
6,player,110,0,0,1309.34,259.45,1362.69,372.35,4
6,player,111,0,0,1307.53,259.33,1360.89,372.23,4
6,player,112,0,0,1305.72,259.22,1359.08,372.12,4
6,player,113,0,0,1303.91,259.11,1357.27,372.01,4
6,player,114,0,0,1302.11,258.99,1355.46,371.89,4
6,player,115,0,0,1300.3,258.88,1353.65,371.78,4
6,player,116,0,0,1298.49,258.76,1351.85,371.66,4
6,player,117,0,0,1296.68,258.65,1350.04,371.55,4
6,player,118,0,0,1294.87,258.53,1348.23,371.43,4
6,player,119,0,0,1293.07,258.42,1346.42,371.32,4
6,player,120,0,0,1291.26,258.3,1344.61,371.2,4
6,player,121,0,0,1289.45,258.19,1342.8,371.09,4
6,player,122,0,0,1287.64,258.08,1341.0,370.98,4
6,player,123,0,0,1285.83,257.96,1339.19,370.86,4
6,player,124,0,0,1284.02,257.85,1337.38,370.75,4
6,player,125,0,0,1282.22,257.73,1335.57,370.63,4
6,player,126,0,0,1280.41,257.62,1333.76,370.52,4
6,player,127,0,0,1278.6,257.5,1331.96,370.4,4
6,player,128,0,0,1276.79,257.39,1330.15,370.29,4
6,player,129,0,0,1274.98,257.27,1328.34,370.17,4
6,player,130,0,0,1273.18,257.16,1326.53,370.06,4
6,player,131,0,0,1271.37,257.05,1324.72,369.95,4
6,player,132,0,0,1269.56,256.93,1322.91,369.83,4
6,player,133,0,0,1271.62,256.78,1324.97,369.22,4
6,player,134,0,0,1273.68,256.63,1327.03,368.61,4
6,player,135,0,0,1275.74,256.47,1329.09,368.01,4
6,player,136,0,0,1277.79,256.32,1331.15,367.4,4
6,player,137,0,0,1279.85,256.17,1333.21,366.79,4
6,player,138,0,0,1281.91,256.02,1335.27,366.18,4
6,player,139,0,0,1283.97,255.86,1337.33,365.57,4
6,player,140,0,0,1286.03,255.71,1339.39,364.96,4
6,player,141,0,0,1288.09,255.56,1341.44,364.35,4
6,player,142,0,0,1290.15,255.41,1343.5,363.74,4
6,player,143,0,0,1292.21,255.25,1345.56,363.14,4
6,player,144,0,0,1294.27,255.1,1347.62,362.53,4
6,player,145,0,0,1296.32,254.95,1349.68,361.92,4
6,player,146,0,0,1298.38,254.8,1351.74,361.31,4
6,player,147,0,0,1300.44,254.64,1353.8,360.7,4
6,player,148,0,0,1302.5,254.49,1355.86,360.09,4
6,player,149,0,0,1304.56,254.34,1357.92,359.48,4
6,player,150,0,0,1306.62,254.19,1359.98,358.87,4
6,player,151,0,0,1308.68,254.03,1362.03,358.27,4
6,player,152,0,0,1310.74,253.88,1364.09,357.66,4
6,player,153,0,0,1312.8,253.73,1366.15,357.05,4
6,player,154,0,0,1314.86,253.58,1368.21,356.44,4
6,player,155,0,0,1316.91,253.42,1370.27,355.83,4
6,player,156,0,0,1318.97,253.27,1372.33,355.22,4
6,player,157,0,0,1321.03,253.12,1374.39,354.61,4
6,player,158,0,0,1323.09,252.97,1376.45,354.0,4
6,player,159,0,0,1325.15,252.81,1378.51,353.4,4
6,player,160,0,0,1327.21,252.66,1380.56,352.79,4
6,player,161,0,0,1329.27,252.51,1382.62,352.18,4
6,player,162,0,0,1331.33,252.36,1384.68,351.57,4
6,player,163,0,0,1333.39,252.2,1386.74,350.96,4
6,player,164,0,0,1335.45,252.05,1388.8,350.35,4
6,player,165,0,0,1337.5,251.9,1390.86,349.74,4
6,player,166,0,0,1339.56,251.75,1392.92,349.13,4
6,player,167,0,0,1341.62,251.59,1394.98,348.53,4
6,player,168,0,0,1343.68,251.44,1397.04,347.92,4
6,player,169,0,0,1345.74,251.29,1399.1,347.31,4
6,player,170,0,0,1347.8,251.14,1401.15,346.7,4
6,player,171,0,0,1357.94,251.14,1411.3,346.7,4
6,player,172,0,0,1368.08,251.14,1421.44,346.7,4
6,player,173,0,0,1378.22,251.14,1431.58,346.7,4
6,player,174,0,0,1388.36,251.14,1441.72,346.7,4
6,player,175,0,0,1398.5,251.14,1451.86,346.7,4
6,player,176,0,0,1408.64,251.14,1462.0,346.7,4
6,player,177,0,0,1418.78,251.14,1472.14,346.7,4
6,player,178,0,0,1428.93,251.14,1482.28,346.7,4
6,player,179,0,0,1439.07,251.14,1492.42,346.7,4
6,player,180,0,0,1449.21,251.14,1502.56,346.7,4
6,player,181,0,0,1449.1,250.89,1502.45,346.45,4
6,player,182,0,0,1459.61,250.65,1512.97,346.21,4
6,player,183,0,0,1470.13,250.4,1523.48,345.97,4
6,player,184,0,0,1480.64,250.16,1534.0,345.72,4
6,player,185,0,0,1491.16,249.91,1544.52,345.48,4
6,player,186,0,0,1501.68,249.67,1555.03,345.23,4
6,player,187,0,0,1512.19,249.42,1565.55,344.99,4
6,player,188,0,0,1522.71,249.18,1576.06,344.74,4
6,player,189,0,0,1533.22,248.93,1586.58,344.5,4
6,player,190,0,0,1543.74,248.69,1597.09,344.25,4
6,player,191,0,0,1554.25,248.44,1607.61,344.01,4
6,player,192,0,0,1564.77,248.2,1618.12,343.76,4
6,player,193,0,0,1575.29,247.96,1628.64,343.52,4
6,player,194,0,0,1585.8,247.71,1639.16,343.27,4
6,player,195,0,0,1596.32,247.47,1649.67,343.03,4
6,player,196,0,0,1606.83,247.22,1660.19,342.78,4
6,player,197,0,0,1617.35,246.98,1670.7,342.54,4
6,player,198,0,0,1627.86,246.73,1681.22,342.3,4
6,player,199,0,0,1638.38,246.49,1691.73,342.05,4
6,player,200,0,0,1648.89,246.24,1702.25,341.81,4
6,player,201,0,0,1659.41,246.0,1712.77,341.56,4
6,player,202,0,0,1669.93,245.75,1723.28,341.32,4
6,player,203,0,0,1677.0,246.5,1730.36,342.06,4
6,player,204,0,0,1684.08,247.24,1737.43,342.81,4
6,player,205,0,0,1691.15,247.99,1744.51,343.55,4
6,player,206,0,0,1698.22,248.73,1751.58,344.3,4
6,player,207,0,0,1705.3,249.48,1758.66,345.04,4
6,player,208,0,0,1712.37,250.22,1765.73,345.78,4
6,player,209,0,0,1719.45,250.97,1772.8,346.53,4
6,player,210,0,0,1726.52,251.71,1779.88,347.27,4
6,player,211,0,0,1733.6,252.46,1786.95,348.02,4
6,player,212,0,0,1740.67,253.2,1794.03,348.76,4
6,player,213,0,0,1747.75,253.94,1801.1,349.51,4
6,player,214,0,0,1754.82,254.69,1808.18,350.25,4
6,player,215,0,0,1761.9,255.43,1815.25,351.0,4
6,player,216,0,0,1768.97,256.18,1822.33,351.74,4
6,player,217,0,0,1766.53,257.58,1819.89,353.14,4
6,player,218,0,0,1764.09,258.98,1817.45,354.55,4
6,player,219,0,0,1761.65,260.39,1815.0,355.95,4
6,player,220,0,0,1759.21,261.79,1812.56,357.35,4
6,player,221,0,0,1756.77,263.19,1810.12,358.75,4
6,player,222,0,0,1754.32,264.59,1807.68,360.16,4
6,player,223,0,0,1751.88,266.0,1805.24,361.56,4
6,player,224,0,0,1749.44,267.4,1802.8,362.96,4
6,player,225,0,0,1747.0,268.8,1800.36,364.36,4
6,player,226,0,0,1744.56,270.2,1797.91,365.77,4
6,player,227,0,0,1742.12,271.61,1795.47,367.17,4
6,player,228,0,0,1739.68,273.01,1793.03,368.57,4
6,player,229,0,0,1737.23,274.41,1790.59,369.97,4
6,player,230,0,0,1734.79,275.81,1788.15,371.38,4
6,player,231,0,0,1732.35,277.22,1785.71,372.78,4
6,player,232,0,0,1729.91,278.62,1783.27,374.18,4
6,player,233,0,0,1727.47,280.02,1780.82,375.58,4
6,player,234,0,0,1725.03,281.42,1778.38,376.99,4
6,player,235,0,0,1722.59,282.83,1775.94,378.39,4
6,player,236,0,0,1720.14,284.23,1773.5,379.79,4
6,player,237,0,0,1717.7,285.63,1771.06,381.19,4
6,player,238,0,0,1715.26,287.03,1768.62,382.6,4
6,player,239,0,0,1712.82,288.44,1766.18,384.0,4
6,player,240,0,0,1710.38,289.84,1763.73,385.4,4
6,player,241,0,0,1707.94,291.24,1761.29,386.8,4
6,player,242,0,0,1705.5,292.64,1758.85,388.21,4
6,player,243,0,0,1703.06,294.05,1756.41,389.61,4
6,player,244,0,0,1700.61,295.45,1753.97,391.01,4
6,player,245,0,0,1698.17,296.85,1751.53,392.41,4
6,player,246,0,0,1695.73,298.25,1749.09,393.82,4
6,player,247,0,0,1693.29,299.66,1746.65,395.22,4
6,player,248,0,0,1690.85,301.06,1744.2,396.62,4
6,player,249,0,0,1688.41,302.46,1741.76,398.02,4
6,player,250,0,0,1685.97,303.86,1739.32,399.43,4
6,player,251,0,0,1683.52,305.27,1736.88,400.83,4
6,player,252,0,0,1681.08,306.67,1734.44,402.23,4
6,player,253,0,0,1678.64,308.07,1732.0,403.63,4
6,player,254,0,0,1676.2,309.47,1729.56,405.04,4
6,player,255,0,0,1673.76,310.88,1727.11,406.44,4
6,player,256,0,0,1671.32,312.28,1724.67,407.84,4
6,player,257,0,0,1668.88,313.68,1722.23,409.24,4
6,player,258,0,0,1666.43,315.08,1719.79,410.65,4
6,player,259,0,0,1663.99,316.49,1717.35,412.05,4
6,player,260,0,0,1661.55,317.89,1714.91,413.45,4
6,player,261,0,0,1659.11,319.29,1712.47,414.85,4
6,player,262,0,0,1656.67,320.69,1710.02,416.26,4
6,player,263,0,0,1654.23,322.1,1707.58,417.66,4
6,player,264,0,0,1651.79,323.5,1705.14,419.06,4
6,player,265,0,0,1649.34,324.9,1702.7,420.46,4
6,player,266,0,0,1646.9,326.3,1700.26,421.87,4
6,player,267,0,0,1644.46,327.71,1697.82,423.27,4
6,player,268,0,0,1642.02,329.11,1695.38,424.67,4
6,player,269,1,0,1639.58,330.51,1692.93,426.07,4
7,player,0,0,0,1227.5,213.0,1285.2,304.34,18
7,player,1,0,0,1224.54,213.59,1282.24,304.93,18
7,player,2,0,0,1221.58,214.18,1279.28,305.52,18
7,player,3,0,0,1218.62,214.78,1276.32,306.11,18
7,player,4,0,0,1215.66,215.37,1273.36,306.71,18
7,player,5,0,0,1212.7,215.96,1270.4,307.3,18
7,player,6,0,0,1209.75,216.55,1267.45,307.89,18
7,player,7,0,0,1206.79,217.14,1264.49,308.48,18
7,player,8,0,0,1203.83,217.73,1261.53,309.07,18
7,player,9,0,0,1200.87,218.33,1258.57,309.67,18
7,player,10,0,0,1197.91,218.92,1255.61,310.26,18
7,player,11,0,0,1194.95,219.51,1252.65,310.85,18
7,player,12,0,0,1184.69,219.87,1242.39,311.21,18
7,player,13,0,0,1174.43,220.23,1232.13,311.57,18
7,player,14,0,0,1164.17,220.59,1221.87,311.93,18
7,player,15,0,0,1153.91,220.95,1211.61,312.29,18
7,player,16,0,0,1143.65,221.31,1201.35,312.65,18
7,player,17,0,0,1133.39,221.67,1191.09,313.01,18
7,player,18,0,0,1123.13,222.03,1180.83,313.37,18
7,player,19,0,0,1112.87,222.39,1170.57,313.73,18
7,player,20,0,0,1102.61,222.75,1160.31,314.09,18
7,player,21,0,0,1092.35,223.11,1150.05,314.45,18
7,player,22,0,0,1082.09,223.47,1139.79,314.81,18
7,player,23,0,0,1071.84,223.83,1129.54,315.17,18
7,player,24,0,0,1061.58,224.19,1119.28,315.53,18
7,player,25,0,0,1051.32,224.55,1109.02,315.89,18
7,player,26,0,0,1041.06,224.91,1098.76,316.25,18
7,player,27,0,0,1030.8,225.27,1088.5,316.61,18
7,player,28,0,0,1020.54,225.63,1078.24,316.97,18
7,player,29,0,0,1019.4,226.03,1077.1,317.37,18
7,player,30,0,0,1018.26,226.44,1075.96,317.78,18
7,player,31,0,0,1017.12,226.84,1074.82,318.18,18
7,player,32,0,0,1015.99,227.25,1073.69,318.59,18
7,player,33,0,0,1014.85,227.65,1072.55,318.99,18
7,player,34,0,0,1013.71,228.06,1071.41,319.4,18
7,player,35,0,0,1012.57,228.46,1070.27,319.8,18
7,player,36,0,0,1011.43,228.87,1069.13,320.21,18
7,player,37,0,0,1010.3,229.27,1068.0,320.61,18
7,player,38,0,0,1009.16,229.68,1066.86,321.02,18
7,player,39,0,0,1008.02,230.08,1065.72,321.42,18
7,player,40,0,0,1006.88,230.49,1064.58,321.83,18
7,player,41,0,0,1005.74,230.89,1063.44,322.23,18
7,player,42,0,0,1004.6,231.3,1062.3,322.63,18
7,player,43,0,0,1003.47,231.7,1061.17,323.04,18
7,player,44,0,0,1002.33,232.1,1060.03,323.44,18
7,player,45,0,0,1001.19,232.51,1058.89,323.85,18
7,player,46,0,0,1000.05,232.91,1057.75,324.25,18
7,player,47,0,0,998.91,233.32,1056.61,324.66,18
7,player,48,0,0,997.78,233.72,1055.48,325.06,18
7,player,49,0,0,996.64,234.13,1054.34,325.47,18
7,player,50,0,0,995.5,234.53,1053.2,325.87,18
7,player,51,0,0,994.36,234.94,1052.06,326.28,18
7,player,52,0,0,993.22,235.34,1050.92,326.68,18
7,player,53,0,0,992.09,235.75,1049.79,327.09,18
7,player,54,0,0,990.95,236.15,1048.65,327.49,18
7,player,55,0,0,989.81,236.56,1047.51,327.9,18
7,player,56,0,0,988.67,236.96,1046.37,328.3,18
7,player,57,0,0,987.53,237.37,1045.23,328.7,18
7,player,58,0,0,986.39,237.77,1044.09,329.11,18
7,player,59,0,0,985.26,238.17,1042.96,329.51,18
7,player,60,0,0,984.12,238.58,1041.82,329.92,18
7,player,61,0,0,982.98,238.98,1040.68,330.32,18
7,player,62,0,0,981.84,239.39,1039.54,330.73,18
7,player,63,0,0,980.7,239.79,1038.4,331.13,18
7,player,64,0,0,979.57,240.2,1037.27,331.54,18
7,player,65,0,0,978.43,240.6,1036.13,331.94,18
7,player,66,0,0,977.29,241.01,1034.99,332.35,18
7,player,67,0,0,976.15,241.41,1033.85,332.75,18
7,player,68,0,0,975.01,241.82,1032.71,333.16,18
7,player,69,0,0,973.88,242.22,1031.58,333.56,18
7,player,70,0,0,972.74,242.63,1030.44,333.96,18
7,player,71,0,0,971.6,243.03,1029.3,334.37,18
7,player,72,0,0,970.46,243.44,1028.16,334.77,18
7,player,73,0,0,969.32,243.84,1027.02,335.18,18
7,player,74,0,0,968.19,244.24,1025.89,335.58,18
7,player,75,0,0,967.05,244.65,1024.75,335.99,18
7,player,76,0,0,965.91,245.05,1023.61,336.39,18
7,player,77,0,0,964.77,245.46,1022.47,336.8,18
7,player,78,0,0,963.63,245.86,1021.33,337.2,18
7,player,79,0,0,962.49,246.27,1020.19,337.61,18
7,player,80,0,0,961.36,246.67,1019.06,338.01,18
7,player,81,0,0,960.22,247.08,1017.92,338.42,18
7,player,82,0,0,959.08,247.48,1016.78,338.82,18
7,player,83,0,0,957.94,247.89,1015.64,339.23,18
7,player,84,0,0,956.8,248.29,1014.5,339.63,18
7,player,85,0,0,955.67,248.7,1013.37,340.03,18
7,player,86,0,0,954.53,249.1,1012.23,340.44,18
7,player,87,0,0,953.39,249.51,1011.09,340.84,18
7,player,88,0,0,952.25,249.91,1009.95,341.25,18
7,player,89,0,0,951.11,250.31,1008.81,341.65,18
7,player,90,0,0,949.98,250.72,1007.68,342.06,18
7,player,91,0,0,948.84,251.12,1006.54,342.46,18
7,player,92,0,0,947.7,251.53,1005.4,342.87,18
7,player,93,0,0,946.56,251.93,1004.26,343.27,18
7,player,94,0,0,945.42,252.34,1003.12,343.68,18
7,player,95,0,0,944.28,252.74,1001.98,344.08,18
7,player,96,0,0,943.15,253.15,1000.85,344.49,18
7,player,97,0,0,942.01,253.55,999.71,344.89,18
7,player,98,0,0,940.87,253.96,998.57,345.3,18
7,player,99,0,0,939.73,254.36,997.43,345.7,18
7,player,100,0,0,938.59,254.77,996.29,346.1,18
7,player,101,0,0,937.46,255.17,995.16,346.51,18
7,player,102,0,0,936.32,255.57,994.02,346.91,18
7,player,103,0,0,935.18,255.98,992.88,347.32,18
7,player,104,0,0,934.04,256.38,991.74,347.72,18
7,player,105,0,0,932.9,256.79,990.6,348.13,18
7,player,106,0,0,931.77,257.19,989.47,348.53,18
7,player,107,0,0,930.63,257.6,988.33,348.94,18
7,player,108,0,0,929.49,258.0,987.19,349.34,18
7,player,109,0,0,928.35,258.41,986.05,349.75,18
7,player,110,0,0,927.21,258.81,984.91,350.15,18
7,player,111,0,0,926.08,259.22,983.78,350.56,18
7,player,112,0,0,924.94,259.62,982.64,350.96,18
7,player,113,0,0,923.8,260.03,981.5,351.37,18
7,player,114,0,0,922.66,260.43,980.36,351.77,18
7,player,115,0,0,921.52,260.84,979.22,352.17,18
7,player,116,0,0,920.38,261.24,978.08,352.58,18
7,player,117,0,0,919.25,261.64,976.95,352.98,18
7,player,118,0,0,918.11,262.05,975.81,353.39,18
7,player,119,0,0,916.97,262.45,974.67,353.79,18
7,player,120,0,0,915.83,262.86,973.53,354.2,18
7,player,121,0,0,914.69,263.26,972.39,354.6,18
7,player,122,0,0,913.56,263.67,971.26,355.01,18
7,player,123,0,0,912.42,264.07,970.12,355.41,18
7,player,124,0,0,911.28,264.48,968.98,355.82,18
7,player,125,0,0,910.14,264.88,967.84,356.22,18
7,player,126,0,0,909.0,265.29,966.7,356.63,18
7,player,127,0,0,907.87,265.69,965.57,357.03,18
7,player,128,0,0,906.73,266.1,964.43,357.44,18
7,player,129,0,0,905.59,266.5,963.29,357.84,18
7,player,130,0,0,904.45,266.91,962.15,358.24,18
7,player,131,0,0,903.31,267.31,961.01,358.65,18
7,player,132,0,0,902.17,267.71,959.87,359.05,18
7,player,133,0,0,903.52,267.19,961.22,358.53,18
7,player,134,0,0,904.86,266.66,962.56,358.0,18
7,player,135,0,0,906.21,266.14,963.91,357.48,18
7,player,136,0,0,907.55,265.61,965.25,356.95,18
7,player,137,0,0,908.9,265.09,966.6,356.43,18
7,player,138,0,0,910.25,264.56,967.95,355.9,18
7,player,139,0,0,911.59,264.04,969.29,355.38,18
7,player,140,0,0,912.94,263.51,970.64,354.85,18
7,player,141,0,0,914.28,262.99,971.98,354.33,18
7,player,142,0,0,915.63,262.46,973.33,353.8,18
7,player,143,0,0,916.97,261.94,974.67,353.28,18
7,player,144,0,0,918.32,261.41,976.02,352.75,18
7,player,145,0,0,919.66,260.89,977.36,352.22,18
7,player,146,0,0,921.01,260.36,978.71,351.7,18
7,player,147,0,0,922.35,259.83,980.05,351.17,18
7,player,148,0,0,923.7,259.31,981.4,350.65,18
7,player,149,0,0,925.04,258.78,982.74,350.12,18
7,player,150,0,0,926.39,258.26,984.09,349.6,18
7,player,151,0,0,927.73,257.73,985.43,349.07,18
7,player,152,0,0,929.08,257.21,986.78,348.55,18
7,player,153,0,0,930.42,256.68,988.12,348.02,18
7,player,154,0,0,931.77,256.16,989.47,347.5,18
7,player,155,0,0,933.11,255.63,990.81,346.97,18
7,player,156,0,0,934.46,255.11,992.16,346.45,18
7,player,157,0,0,935.8,254.58,993.5,345.92,18
7,player,158,0,0,937.15,254.06,994.85,345.39,18
7,player,159,0,0,938.49,253.53,996.19,344.87,18
7,player,160,0,0,939.84,253.0,997.54,344.34,18
7,player,161,0,0,941.18,252.48,998.88,343.82,18
7,player,162,0,0,942.53,251.95,1000.23,343.29,18
7,player,163,0,0,943.87,251.43,1001.57,342.77,18
7,player,164,0,0,945.22,250.9,1002.92,342.24,18
7,player,165,0,0,946.56,250.38,1004.26,341.72,18
7,player,166,0,0,947.91,249.85,1005.61,341.19,18
7,player,167,0,0,949.25,249.33,1006.95,340.67,18
7,player,168,0,0,950.6,248.8,1008.3,340.14,18
7,player,169,0,0,951.94,248.28,1009.64,339.62,18
7,player,170,0,0,953.29,247.75,1010.99,339.09,18
7,player,171,0,0,959.64,247.51,1017.34,338.85,18
7,player,172,0,0,966.0,247.26,1023.7,338.6,18
7,player,173,0,0,972.35,247.02,1030.05,338.36,18
7,player,174,0,0,978.71,246.77,1036.41,338.11,18
7,player,175,0,0,985.06,246.53,1042.76,337.87,18
7,player,176,0,0,991.42,246.28,1049.12,337.62,18
7,player,177,0,0,997.77,246.04,1055.47,337.38,18
7,player,178,0,0,1004.13,245.8,1061.83,337.13,18
7,player,179,0,0,1010.49,245.55,1068.19,336.89,18
7,player,180,0,0,1016.84,245.31,1074.54,336.65,18
7,player,181,0,0,1022.95,245.31,1080.65,336.65,18
7,player,182,0,0,1029.06,245.31,1086.76,336.65,18
7,player,183,0,0,1035.16,245.31,1092.86,336.65,18
7,player,184,0,0,1041.27,245.31,1098.97,336.65,18
7,player,185,0,0,1047.38,245.31,1105.08,336.65,18
7,player,186,0,0,1053.49,245.31,1111.19,336.65,18
7,player,187,0,0,1059.59,245.31,1117.29,336.65,18
7,player,188,0,0,1065.7,245.31,1123.4,336.65,18
7,player,189,0,0,1071.81,245.31,1129.51,336.65,18
7,player,190,0,0,1077.92,245.31,1135.62,336.65,18
7,player,191,0,0,1084.02,245.31,1141.72,336.65,18
7,player,192,0,0,1090.13,245.31,1147.83,336.65,18
7,player,193,0,0,1096.24,245.31,1153.94,336.65,18
7,player,194,0,0,1102.35,245.31,1160.05,336.65,18
7,player,195,0,0,1108.45,245.31,1166.15,336.65,18
7,player,196,0,0,1114.56,245.31,1172.26,336.65,18
7,player,197,0,0,1120.67,245.31,1178.37,336.65,18
7,player,198,0,0,1126.78,245.31,1184.48,336.65,18
7,player,199,0,0,1132.88,245.31,1190.58,336.65,18
7,player,200,0,0,1138.99,245.31,1196.69,336.65,18
7,player,201,0,0,1145.1,245.31,1202.8,336.65,18
7,player,202,0,0,1151.21,245.31,1208.91,336.65,18
7,player,203,0,0,1154.83,245.13,1212.53,336.46,18
7,player,204,0,0,1158.45,244.94,1216.15,336.28,18
7,player,205,0,0,1162.07,244.76,1219.77,336.1,18
7,player,206,0,0,1165.69,244.58,1223.39,335.92,18
7,player,207,0,0,1169.32,244.4,1227.02,335.74,18
7,player,208,0,0,1172.94,244.22,1230.64,335.56,18
7,player,209,0,0,1176.56,244.04,1234.26,335.38,18
7,player,210,0,0,1180.18,243.86,1237.88,335.2,18
7,player,211,0,0,1183.8,243.68,1241.5,335.02,18
7,player,212,0,0,1187.42,243.5,1245.12,334.83,18
7,player,213,0,0,1191.05,243.31,1248.75,334.65,18
7,player,214,0,0,1194.67,243.13,1252.37,334.47,18
7,player,215,0,0,1198.29,242.95,1255.99,334.29,18
7,player,216,0,0,1201.91,242.77,1259.61,334.11,18
7,player,217,0,0,1206.48,243.24,1264.03,334.58,18
7,player,218,0,0,1211.05,243.71,1268.44,335.04,18
7,player,219,0,0,1215.62,244.17,1272.86,335.51,18
7,player,220,0,0,1220.2,244.64,1277.28,335.98,18
7,player,221,0,0,1224.77,245.11,1281.69,336.45,18
7,player,222,0,0,1229.34,245.58,1286.11,336.91,18
7,player,223,0,0,1233.91,246.04,1290.53,337.38,18
7,player,224,0,0,1238.48,246.51,1294.95,337.85,18
7,player,225,0,0,1243.05,246.98,1299.36,338.32,18
7,player,226,0,0,1247.62,247.45,1303.78,338.78,18
7,player,227,0,0,1252.19,247.91,1308.2,339.25,18
7,player,228,0,0,1256.76,248.38,1312.61,339.72,18
7,player,229,0,0,1261.34,248.85,1317.03,340.19,18
7,player,230,0,0,1265.91,249.32,1321.45,340.65,18
7,player,231,0,0,1270.48,249.78,1325.86,341.12,18
7,player,232,0,0,1275.05,250.25,1330.28,341.59,18
7,player,233,0,0,1279.62,250.72,1334.7,342.06,18
7,player,234,0,0,1284.19,251.19,1339.11,342.52,18
7,player,235,0,0,1288.76,251.65,1343.53,342.99,18
7,player,236,0,0,1293.33,252.12,1347.95,343.46,18
7,player,237,0,0,1297.9,252.59,1352.36,343.93,18
7,player,238,0,0,1302.48,253.06,1356.78,344.39,18
7,player,239,0,0,1307.05,253.52,1361.2,344.86,18
7,player,240,0,0,1311.62,253.99,1365.61,345.33,18
7,player,241,0,0,1316.19,254.46,1370.03,345.8,18
7,player,242,0,0,1320.76,254.93,1374.45,346.26,18
7,player,243,0,0,1325.33,255.39,1378.86,346.73,18
7,player,244,0,0,1329.9,255.86,1383.28,347.2,18
7,player,245,0,0,1334.47,256.33,1387.7,347.67,18
7,player,246,0,0,1339.04,256.8,1392.11,348.13,18
7,player,247,0,0,1343.61,257.26,1396.53,348.6,18
7,player,248,0,0,1348.19,257.73,1400.95,349.07,18
7,player,249,0,0,1352.76,258.2,1405.36,349.54,18
7,player,250,0,0,1357.33,258.67,1409.78,350.0,18
7,player,251,0,0,1361.9,259.13,1414.2,350.47,18
7,player,252,0,0,1366.47,259.6,1418.61,350.94,18
7,player,253,0,0,1371.04,260.07,1423.03,351.41,18
7,player,254,0,0,1375.61,260.54,1427.45,351.87,18
7,player,255,0,0,1380.18,261.0,1431.87,352.34,18
7,player,256,0,0,1384.75,261.47,1436.28,352.81,18
7,player,257,0,0,1389.33,261.94,1440.7,353.28,18
7,player,258,0,0,1393.9,262.41,1445.12,353.74,18
7,player,259,0,0,1398.47,262.87,1449.53,354.21,18
7,player,260,0,0,1403.04,263.34,1453.95,354.68,18
7,player,261,0,0,1407.61,263.81,1458.37,355.15,18
7,player,262,0,0,1412.18,264.28,1462.78,355.61,18
7,player,263,0,0,1416.75,264.74,1467.2,356.08,18
7,player,264,0,0,1421.32,265.21,1471.62,356.55,18
7,player,265,0,0,1425.89,265.68,1476.03,357.02,18
7,player,266,0,0,1430.47,266.15,1480.45,357.48,18
7,player,267,0,0,1435.04,266.61,1484.87,357.95,18
7,player,268,0,0,1439.61,267.08,1489.28,358.42,18
7,player,269,0,0,1444.18,267.55,1493.7,358.89,18
7,player,270,0,0,1447.37,267.85,1496.89,359.19,18
7,player,271,0,0,1450.57,268.16,1500.09,359.5,18
7,player,272,0,0,1453.76,268.46,1503.28,359.8,18
7,player,273,0,0,1456.95,268.76,1506.47,360.1,18
7,player,274,0,0,1460.15,269.07,1509.67,360.41,18
7,player,275,0,0,1463.34,269.37,1512.86,360.71,18
7,player,276,0,0,1466.53,269.68,1516.05,361.02,18
7,player,277,0,0,1469.73,269.98,1519.25,361.32,18
7,player,278,0,0,1472.92,270.28,1522.44,361.62,18
7,player,279,0,0,1476.11,270.59,1525.63,361.93,18
7,player,280,0,0,1479.31,270.89,1528.83,362.23,18
7,player,281,0,0,1482.5,271.2,1532.02,362.54,18
7,player,282,0,0,1485.69,271.5,1535.21,362.84,18
7,player,283,0,0,1488.89,271.81,1538.41,363.14,18
7,player,284,0,0,1492.08,272.11,1541.6,363.45,18
7,player,285,0,0,1495.27,272.41,1544.79,363.75,18
7,player,286,0,0,1498.47,272.72,1547.99,364.06,18
7,player,287,0,0,1501.66,273.02,1551.18,364.36,18
7,player,288,0,0,1504.85,273.33,1554.37,364.67,18
7,player,289,0,0,1508.05,273.63,1557.57,364.97,18
7,player,290,0,0,1511.24,273.93,1560.76,365.27,18
7,player,291,0,0,1514.43,274.24,1563.95,365.58,18
7,player,292,0,0,1517.63,274.54,1567.15,365.88,18
7,player,293,0,0,1520.82,274.85,1570.34,366.19,18
7,player,294,0,0,1521.3,275.32,1570.82,366.66,18
7,player,295,0,0,1521.77,275.8,1571.3,367.14,18
7,player,296,0,0,1522.25,276.28,1571.77,367.62,18
7,player,297,0,0,1522.73,276.76,1572.25,368.1,18
7,player,298,0,0,1523.21,277.24,1572.73,368.58,18
7,player,299,0,0,1523.69,277.72,1573.21,369.05,18
7,player,300,0,0,1524.16,278.19,1573.69,369.53,18
7,player,301,0,0,1524.64,278.67,1574.16,370.01,18
7,player,302,0,0,1525.12,279.15,1574.64,370.49,18
7,player,303,0,0,1525.6,279.63,1575.12,370.97,18
7,player,304,0,0,1526.08,280.11,1575.6,371.44,18
7,player,305,0,0,1526.56,280.58,1576.08,371.92,18
7,player,306,0,0,1527.03,281.06,1576.55,372.4,18
7,player,307,0,0,1527.51,281.54,1577.03,372.88,18
7,player,308,0,0,1527.99,282.02,1577.51,373.36,18
7,player,309,0,0,1528.47,282.5,1577.99,373.84,18
7,player,310,0,0,1528.95,282.97,1578.47,374.31,18
7,player,311,0,0,1529.42,283.45,1578.94,374.79,18
7,player,312,0,0,1529.9,283.93,1579.42,375.27,18
7,player,313,0,0,1530.38,284.41,1579.9,375.75,18
7,player,314,0,0,1530.86,284.89,1580.38,376.23,18
7,player,315,0,0,1531.34,285.36,1580.86,376.7,18
7,player,316,0,0,1526.08,284.49,1575.6,375.83,18
7,player,317,0,0,1520.82,283.61,1570.34,374.95,18
7,player,318,0,0,1515.56,282.73,1565.08,374.07,18
7,player,319,0,0,1512.65,282.87,1562.18,374.21,18
7,player,320,0,0,1509.75,283.01,1559.27,374.35,18
7,player,321,0,0,1506.84,283.15,1556.36,374.49,18
7,player,322,0,0,1503.94,283.29,1553.46,374.63,18
7,player,323,0,0,1501.03,283.43,1550.55,374.77,18
7,player,324,0,0,1498.12,283.56,1547.64,374.9,18
7,player,325,0,0,1495.22,283.7,1544.74,375.04,18
7,player,326,0,0,1492.31,283.84,1541.83,375.18,18
7,player,327,0,0,1489.41,283.98,1538.93,375.32,18
7,player,328,0,0,1486.5,284.12,1536.02,375.46,18
7,player,329,0,0,1483.59,284.26,1533.11,375.6,18
7,player,330,0,0,1480.69,284.4,1530.21,375.73,18
7,player,331,0,0,1477.78,284.53,1527.3,375.87,18
7,player,332,0,0,1474.87,284.67,1524.4,376.01,18
7,player,333,0,0,1471.97,284.81,1521.49,376.15,18
7,player,334,0,0,1469.06,284.95,1518.58,376.29,18
7,player,335,0,0,1466.16,285.09,1515.68,376.43,18
7,player,336,0,0,1463.25,285.23,1512.77,376.56,18
7,player,337,0,0,1460.34,285.36,1509.87,376.7,18
7,player,338,0,0,1457.44,285.5,1506.96,376.84,18
7,player,339,0,0,1454.53,285.64,1504.05,376.98,18
7,player,340,0,0,1451.63,285.78,1501.15,377.12,18
7,player,341,0,0,1448.72,285.92,1498.24,377.26,18
7,player,342,0,0,1445.81,286.06,1495.33,377.39,18
7,player,343,0,0,1442.91,286.19,1492.43,377.53,18
7,player,344,0,0,1440.0,286.33,1489.52,377.67,18
7,player,345,0,0,1437.09,286.47,1486.62,377.81,18
7,player,346,0,0,1434.19,286.61,1483.71,377.95,18
7,player,347,0,0,1431.28,286.75,1480.8,378.09,18
7,player,348,0,0,1428.38,286.89,1477.9,378.23,18
7,player,349,0,0,1425.47,287.02,1474.99,378.36,18
7,player,350,0,0,1422.56,287.16,1472.09,378.5,18
7,player,351,0,0,1419.66,287.3,1469.18,378.64,18
7,player,352,0,0,1416.75,287.44,1466.27,378.78,18
7,player,353,0,0,1413.85,287.58,1463.37,378.92,18
7,player,354,0,0,1410.94,287.72,1460.46,379.06,18
7,player,355,0,0,1408.03,287.85,1457.55,379.19,18
7,player,356,0,0,1405.13,287.99,1454.65,379.33,18
7,player,357,0,0,1399.26,287.49,1448.78,378.83,18
7,player,358,0,0,1393.4,286.98,1442.92,378.32,18
7,player,359,0,0,1387.53,286.48,1437.05,377.82,18
7,player,360,0,0,1381.66,285.97,1431.19,377.31,18
7,player,361,0,0,1375.8,285.46,1425.32,376.8,18
7,player,362,0,0,1369.93,284.96,1419.46,376.3,18
7,player,363,0,0,1364.07,284.45,1413.59,375.79,18
7,player,364,0,0,1358.2,283.95,1407.72,375.29,18
7,player,365,0,0,1352.34,283.44,1401.86,374.78,18
7,player,366,0,0,1346.47,282.94,1395.99,374.28,18
7,player,367,0,0,1340.61,282.43,1390.13,373.77,18
7,player,368,0,0,1334.74,281.93,1384.26,373.26,18
7,player,369,0,0,1328.88,281.42,1378.4,372.76,18
7,player,370,0,0,1323.01,280.91,1372.53,372.25,18
7,player,371,0,0,1317.14,280.41,1366.67,371.75,18
7,player,372,0,0,1311.28,279.9,1360.8,371.24,18
7,player,373,0,0,1305.41,279.4,1354.93,370.74,18
7,player,374,0,0,1299.55,278.89,1349.07,370.23,18
7,player,375,0,0,1293.68,278.39,1343.2,369.73,18
7,player,376,0,0,1287.82,277.88,1337.34,369.22,18
7,player,377,0,0,1281.95,277.37,1331.47,368.71,18
7,player,378,0,0,1276.09,276.87,1325.61,368.21,18
7,player,379,0,0,1270.22,276.36,1319.74,367.7,18
7,player,380,0,0,1264.36,275.86,1313.88,367.2,18
7,player,381,0,0,1258.49,275.35,1308.01,366.69,18
7,player,382,0,0,1252.62,274.85,1302.15,366.19,18
7,player,383,0,0,1245.16,275.06,1294.68,366.4,18
7,player,384,0,0,1237.7,275.28,1287.22,366.62,18
7,player,385,0,0,1230.23,275.49,1279.76,366.83,18
7,player,386,0,0,1222.77,275.71,1272.29,367.05,18
7,player,387,0,0,1215.31,275.92,1264.83,367.26,18
7,player,388,0,0,1207.84,276.14,1257.36,367.48,18
7,player,389,0,0,1200.38,276.35,1249.9,367.69,18
7,player,390,0,0,1192.92,276.57,1242.44,367.91,18
7,player,391,0,0,1185.45,276.78,1234.97,368.12,18
7,player,392,0,0,1177.99,277.0,1227.51,368.34,18
7,player,393,0,0,1170.53,277.22,1220.05,368.55,18
7,player,394,0,0,1163.06,277.43,1212.58,368.77,18
7,player,395,0,0,1155.6,277.65,1205.12,368.98,18
7,player,396,0,0,1148.14,277.86,1197.66,369.2,18
7,player,397,0,0,1140.67,278.08,1190.19,369.42,18
7,player,398,0,0,1133.21,278.29,1182.73,369.63,18
7,player,399,0,0,1125.75,278.51,1175.27,369.85,18
7,player,400,0,0,1118.28,278.72,1167.8,370.06,18
7,player,401,0,0,1110.82,278.94,1160.34,370.28,18
7,player,402,0,0,1103.36,279.15,1152.88,370.49,18
7,player,403,0,0,1095.89,279.37,1145.41,370.71,18
7,player,404,0,0,1088.43,279.58,1137.95,370.92,18
7,player,405,0,0,1080.97,279.8,1130.49,371.14,18
7,player,406,0,0,1073.5,280.01,1123.02,371.35,18
7,player,407,0,0,1066.04,280.23,1115.56,371.57,18
7,player,408,0,0,1058.58,280.44,1108.1,371.78,18
7,player,409,0,0,1051.11,280.66,1100.63,372.0,18
7,player,410,0,0,1043.65,280.88,1093.17,372.21,18
7,player,411,0,0,1036.19,281.09,1085.71,372.43,18
7,player,412,0,0,1028.72,281.31,1078.24,372.65,18
7,player,413,0,0,1021.26,281.52,1070.78,372.86,18
7,player,414,0,0,1013.8,281.74,1063.32,373.08,18
7,player,415,0,0,1006.33,281.95,1055.85,373.29,18
7,player,416,0,0,998.87,282.17,1048.39,373.51,18
7,player,417,0,0,991.4,282.38,1040.93,373.72,18
7,player,418,0,0,983.94,282.6,1033.46,373.94,18
7,player,419,0,0,976.48,282.81,1026.0,374.15,18
7,player,420,0,0,969.01,283.03,1018.54,374.37,18
7,player,421,0,0,968.81,282.88,1018.33,374.22,18
7,player,422,0,0,968.61,282.73,1018.13,374.07,18
7,player,423,0,0,968.41,282.58,1017.93,373.92,18
7,player,424,0,0,968.21,282.43,1017.73,373.77,18
7,player,425,0,0,968.0,282.28,1017.52,373.62,18
7,player,426,0,0,967.8,282.13,1017.32,373.47,18
7,player,427,0,0,967.6,281.98,1017.12,373.32,18
7,player,428,0,0,967.4,281.83,1016.92,373.17,18
7,player,429,0,0,967.19,281.68,1016.71,373.02,18
7,player,430,0,0,966.99,281.53,1016.51,372.87,18
7,player,431,0,0,966.79,281.38,1016.31,372.72,18
7,player,432,0,0,966.59,281.23,1016.11,372.57,18
7,player,433,0,0,966.38,281.08,1015.9,372.42,18
7,player,434,0,0,966.18,280.93,1015.7,372.27,18
7,player,435,0,0,965.98,280.78,1015.5,372.12,18
7,player,436,0,0,965.78,280.63,1015.3,371.97,18
7,player,437,0,0,965.57,280.48,1015.1,371.82,18
7,player,438,0,0,965.37,280.33,1014.89,371.67,18
7,player,439,0,0,965.17,280.18,1014.69,371.52,18
7,player,440,0,0,964.97,280.03,1014.49,371.37,18
7,player,441,0,0,964.76,279.88,1014.29,371.22,18
7,player,442,0,0,964.56,279.74,1014.08,371.07,18
7,player,443,0,0,964.36,279.59,1013.88,370.92,18
7,player,444,0,0,964.16,279.44,1013.68,370.77,18
7,player,445,0,0,963.96,279.29,1013.48,370.63,18
7,player,446,0,0,963.75,279.14,1013.27,370.48,18
7,player,447,0,0,963.55,278.99,1013.07,370.33,18
7,player,448,0,0,963.35,278.84,1012.87,370.18,18
7,player,449,0,0,963.15,278.69,1012.67,370.03,18
7,player,450,0,0,962.94,278.54,1012.46,369.88,18
7,player,451,0,0,962.74,278.39,1012.26,369.73,18
7,player,452,0,0,962.54,278.24,1012.06,369.58,18
7,player,453,0,0,962.34,278.09,1011.86,369.43,18
7,player,454,0,0,962.13,277.94,1011.65,369.28,18
7,player,455,0,0,961.93,277.79,1011.45,369.13,18
7,player,456,0,0,961.73,277.64,1011.25,368.98,18
7,player,457,0,0,961.53,277.49,1011.05,368.83,18
7,player,458,0,0,961.32,277.34,1010.85,368.68,18
7,player,459,0,0,961.12,277.19,1010.64,368.53,18
7,player,460,0,0,960.92,277.04,1010.44,368.38,18
7,player,461,0,0,960.72,276.89,1010.24,368.23,18
7,player,462,0,0,960.51,276.74,1010.04,368.08,18
7,player,463,0,0,962.02,276.9,1011.54,368.24,18
7,player,464,0,0,963.53,277.06,1013.05,368.4,18
7,player,465,0,0,965.04,277.22,1014.56,368.56,18
7,player,466,0,0,966.55,277.39,1016.07,368.73,18
7,player,467,0,0,968.05,277.55,1017.57,368.89,18
7,player,468,0,0,969.56,277.71,1019.08,369.05,18
7,player,469,0,0,971.07,277.87,1020.59,369.21,18
7,player,470,0,0,972.58,278.03,1022.1,369.37,18
7,player,471,0,0,974.08,278.19,1023.6,369.53,18
7,player,472,0,0,975.59,278.35,1025.11,369.69,18
7,player,473,0,0,977.1,278.51,1026.62,369.85,18
7,player,474,0,0,978.61,278.68,1028.13,370.01,18
7,player,475,0,0,980.11,278.84,1029.64,370.18,18
7,player,476,0,0,981.62,279.0,1031.14,370.34,18
7,player,477,0,0,983.13,279.16,1032.65,370.5,18
7,player,478,0,0,984.64,279.32,1034.16,370.66,18
7,player,479,0,0,986.14,279.48,1035.67,370.82,18
7,player,480,0,0,987.65,279.64,1037.17,370.98,18
7,player,481,0,0,989.16,279.8,1038.68,371.14,18
7,player,482,0,0,990.67,279.97,1040.19,371.3,18
7,player,483,0,0,992.18,280.13,1041.7,371.47,18
7,player,484,0,0,993.68,280.29,1043.2,371.63,18
7,player,485,0,0,995.19,280.45,1044.71,371.79,18
7,player,486,0,0,996.7,280.61,1046.22,371.95,18
7,player,487,0,0,998.21,280.77,1047.73,372.11,18
7,player,488,0,0,999.71,280.93,1049.23,372.27,18
7,player,489,0,0,1001.22,281.09,1050.74,372.43,18
7,player,490,0,0,1002.73,281.26,1052.25,372.59,18
7,player,491,0,0,1004.24,281.42,1053.76,372.76,18
7,player,492,0,0,1005.74,281.58,1055.27,372.92,18
7,player,493,0,0,1007.25,281.74,1056.77,373.08,18
7,player,494,0,0,1008.76,281.9,1058.28,373.24,18
7,player,495,0,0,1010.27,282.06,1059.79,373.4,18
7,player,496,0,0,1011.77,282.22,1061.3,373.56,18
7,player,497,0,0,1013.28,282.38,1062.8,373.72,18
7,player,498,0,0,1014.79,282.54,1064.31,373.88,18
7,player,499,0,0,1016.3,282.71,1065.82,374.05,18
7,player,500,0,0,1017.8,282.87,1067.33,374.21,18
7,player,501,0,0,1019.31,283.03,1068.83,374.37,18
7,player,502,0,0,1020.18,284.13,1069.7,375.47,18
7,player,503,0,0,1021.04,285.23,1070.56,376.57,18
7,player,504,0,0,1021.91,286.33,1071.43,377.67,18
7,player,505,0,0,1022.77,287.43,1072.29,378.77,18
7,player,506,0,0,1023.63,288.53,1073.16,379.87,18
7,player,507,0,0,1024.5,289.63,1074.02,380.97,18
7,player,508,0,0,1025.36,290.73,1074.89,382.07,18
7,player,509,0,0,1026.23,291.83,1075.75,383.17,18
7,player,510,0,0,1027.09,292.93,1076.61,384.27,18
7,player,511,0,0,1027.96,294.03,1077.48,385.37,18
7,player,512,0,0,1028.82,295.13,1078.34,386.47,18
7,player,513,0,0,1029.69,296.23,1079.21,387.57,18
7,player,514,0,0,1030.55,297.33,1080.07,388.67,18
7,player,515,0,0,1031.42,298.43,1080.94,389.77,18
7,player,516,0,0,1032.28,299.53,1081.8,390.87,18
7,player,517,0,0,1033.14,300.63,1082.67,391.97,18
7,player,518,0,0,1034.01,301.73,1083.53,393.07,18
7,player,519,0,0,1034.87,302.83,1084.39,394.17,18
7,player,520,0,0,1035.74,303.93,1085.26,395.27,18
7,player,521,0,0,1036.6,305.03,1086.12,396.37,18
7,player,522,0,0,1037.47,306.13,1086.99,397.47,18
7,player,523,0,0,1038.33,307.23,1087.85,398.57,18
7,player,524,0,0,1039.2,308.33,1088.72,399.67,18
7,player,525,0,0,1040.06,309.43,1089.58,400.77,18
7,player,526,0,0,1040.92,310.53,1090.45,401.87,18
7,player,527,0,0,1041.79,311.63,1091.31,402.97,18
7,player,528,0,0,1042.65,312.73,1092.17,404.07,18
7,player,529,0,0,1043.52,313.84,1093.04,405.17,18
7,player,530,0,0,1044.38,314.94,1093.9,406.27,18
7,player,531,0,0,1045.25,316.04,1094.77,407.37,18
7,player,532,0,0,1046.11,317.14,1095.63,408.48,18
7,player,533,0,0,1046.98,318.24,1096.5,409.58,18
7,player,534,0,0,1047.84,319.34,1097.36,410.68,18
7,player,535,0,0,1048.7,320.44,1098.23,411.78,18
7,player,536,0,0,1049.57,321.54,1099.09,412.88,18
7,player,537,0,0,1050.43,322.64,1099.95,413.98,18
7,player,538,0,0,1051.3,323.74,1100.82,415.08,18
7,player,539,0,0,1052.16,324.84,1101.68,416.18,18
7,player,540,0,0,1053.03,325.94,1102.55,417.28,18
7,player,541,0,0,1053.89,327.04,1103.41,418.38,18
7,player,542,0,0,1054.31,327.31,1103.83,418.65,18
7,player,543,0,0,1054.72,327.59,1104.24,418.93,18
7,player,544,0,0,1055.14,327.87,1104.66,419.21,18
7,player,545,0,0,1055.55,328.14,1105.07,419.48,18
7,player,546,0,0,1055.97,328.42,1105.49,419.76,18
7,player,547,0,0,1056.38,328.7,1105.9,420.04,18
7,player,548,0,0,1056.8,328.97,1106.32,420.31,18
7,player,549,0,0,1057.21,329.25,1106.73,420.59,18
7,player,550,0,0,1057.63,329.53,1107.15,420.87,18
7,player,551,0,0,1058.04,329.81,1107.56,421.14,18
7,player,552,0,0,1058.46,330.08,1107.98,421.42,18
7,player,553,0,0,1058.87,330.36,1108.39,421.7,18
7,player,554,0,0,1059.29,330.64,1108.81,421.97,18
7,player,555,0,0,1059.7,330.91,1109.22,422.25,18
7,player,556,0,0,1060.12,331.19,1109.64,422.53,18
7,player,557,0,0,1060.53,331.47,1110.05,422.8,18
7,player,558,0,0,1060.95,331.74,1110.47,423.08,18
7,player,559,0,0,1061.36,332.02,1110.88,423.36,18
7,player,560,0,0,1061.78,332.3,1111.3,423.63,18
7,player,561,0,0,1062.19,332.57,1111.71,423.91,18
7,player,562,0,0,1062.61,332.85,1112.13,424.19,18
7,player,563,0,0,1063.02,333.13,1112.54,424.46,18
7,player,564,0,0,1063.44,333.4,1112.96,424.74,18
7,player,565,0,0,1063.85,333.68,1113.37,425.02,18
7,player,566,0,0,1065.08,333.68,1114.6,425.02,18
7,player,567,0,0,1066.3,333.68,1115.82,425.02,18
7,player,568,0,0,1067.52,333.68,1117.04,425.02,18
7,player,569,0,0,1068.75,333.68,1118.27,425.02,18
7,player,570,0,0,1069.97,333.68,1119.49,425.02,18
7,player,571,0,0,1071.19,333.68,1120.71,425.02,18
7,player,572,0,0,1072.42,333.68,1121.94,425.02,18
7,player,573,0,0,1073.64,333.68,1123.16,425.02,18
7,player,574,0,0,1074.86,333.68,1124.38,425.02,18
7,player,575,0,0,1076.09,333.68,1125.61,425.02,18
7,player,576,0,0,1077.31,333.68,1126.83,425.02,18
7,player,577,0,0,1078.53,333.68,1128.05,425.02,18
7,player,578,0,0,1079.76,333.68,1129.28,425.02,18
7,player,579,0,0,1080.98,333.68,1130.5,425.02,18
7,player,580,0,0,1082.2,333.68,1131.72,425.02,18
7,player,581,0,0,1083.42,333.68,1132.95,425.02,18
7,player,582,0,0,1084.65,333.68,1134.17,425.02,18
7,player,583,0,0,1085.87,333.68,1135.39,425.02,18
7,player,584,0,0,1087.09,333.68,1136.62,425.02,18
7,player,585,0,0,1086.64,333.9,1136.16,425.24,18
7,player,586,0,0,1086.19,334.13,1135.71,425.47,18
7,player,587,0,0,1085.74,334.36,1135.26,425.7,18
7,player,588,0,0,1085.29,334.58,1134.81,425.92,18
7,player,589,0,0,1084.83,334.81,1134.36,426.15,18
7,player,590,0,0,1084.38,335.03,1133.9,426.37,18
7,player,591,0,0,1083.93,335.26,1133.45,426.6,18
7,player,592,0,0,1083.48,335.49,1133.0,426.83,18
7,player,593,0,0,1083.03,335.71,1132.55,427.05,18
7,player,594,0,0,1082.57,335.94,1132.1,427.28,18
7,player,595,0,0,1082.12,336.16,1131.64,427.5,18
7,player,596,0,0,1081.67,336.39,1131.19,427.73,18
7,player,597,0,0,1081.22,336.62,1130.74,427.96,18
7,player,598,0,0,1080.77,336.84,1130.29,428.18,18
7,player,599,0,0,1080.31,337.07,1129.84,428.41,18
7,player,600,0,0,1079.86,337.29,1129.38,428.63,18
7,player,601,0,0,1079.41,337.52,1128.93,428.86,18
7,player,602,0,0,1078.96,337.75,1128.48,429.09,18
7,player,603,0,0,1078.51,337.97,1128.03,429.31,18
7,player,604,0,0,1078.05,338.2,1127.58,429.54,18
7,player,605,0,0,1077.6,338.42,1127.12,429.76,18
7,player,606,0,0,1077.15,338.65,1126.67,429.99,18
7,player,607,0,0,1076.7,338.88,1126.22,430.22,18
7,player,608,0,0,1076.25,339.1,1125.77,430.44,18
7,player,609,0,0,1075.79,339.33,1125.32,430.67,18
7,player,610,0,0,1075.34,339.55,1124.86,430.89,18
7,player,611,0,0,1074.89,339.78,1124.41,431.12,18
7,player,612,0,0,1074.44,340.01,1123.96,431.35,18
7,player,613,0,0,1073.99,340.23,1123.51,431.57,18
7,player,614,0,0,1073.53,340.46,1123.06,431.8,18
7,player,615,0,0,1073.08,340.68,1122.6,432.02,18
7,player,616,0,0,1072.63,340.91,1122.15,432.25,18
7,player,617,0,0,1072.18,341.14,1121.7,432.48,18
7,player,618,0,0,1071.73,341.36,1121.25,432.7,18
7,player,619,0,0,1071.27,341.59,1120.8,432.93,18
7,player,620,0,0,1070.82,341.81,1120.34,433.15,18
7,player,621,0,0,1070.37,342.04,1119.89,433.38,18
7,player,622,0,0,1069.92,342.27,1119.44,433.61,18
7,player,623,0,0,1069.47,342.49,1118.99,433.83,18
7,player,624,0,0,1069.01,342.72,1118.54,434.06,18
7,player,625,0,0,1070.1,342.96,1119.62,434.3,18
7,player,626,0,0,1071.18,343.2,1120.71,434.54,18
7,player,627,0,0,1072.27,343.44,1121.79,434.78,18
7,player,628,0,0,1073.35,343.68,1122.88,435.02,18
7,player,629,0,0,1074.44,343.92,1123.96,435.26,18
7,player,630,0,0,1075.52,344.17,1125.04,435.5,18
7,player,631,0,0,1076.61,344.41,1126.13,435.75,18
7,player,632,0,0,1077.69,344.65,1127.21,435.99,18
7,player,633,0,0,1078.78,344.89,1128.3,436.23,18
7,player,634,0,0,1079.86,345.13,1129.38,436.47,18
7,player,635,0,0,1080.95,345.37,1130.47,436.71,18
7,player,636,0,0,1082.03,345.61,1131.55,436.95,18
7,player,637,0,0,1083.12,345.85,1132.64,437.19,18
7,player,638,0,0,1084.2,346.09,1133.72,437.43,18
7,player,639,0,0,1085.29,346.33,1134.81,437.67,18
7,player,640,0,0,1086.37,346.58,1135.89,437.92,18
7,player,641,0,0,1087.46,346.82,1136.98,438.16,18
7,player,642,0,0,1088.54,347.06,1138.06,438.4,18
7,player,643,0,0,1089.63,347.3,1139.15,438.64,18
7,player,644,0,0,1090.71,347.54,1140.23,438.88,18
7,player,645,0,0,1091.8,347.78,1141.32,439.12,18
7,player,646,0,0,1092.88,348.02,1142.4,439.36,18
7,player,647,0,0,1093.97,348.26,1143.49,439.6,18
7,player,648,0,0,1095.05,348.5,1144.57,439.84,18
7,player,649,0,0,1096.14,348.75,1145.66,440.08,18
7,player,650,0,0,1097.22,348.99,1146.74,440.33,18
7,player,651,0,0,1098.3,349.23,1147.83,440.57,18
7,player,652,0,0,1099.39,349.47,1148.91,440.81,18
7,player,653,0,0,1100.47,349.71,1150.0,441.05,18
7,player,654,0,0,1101.56,349.95,1151.08,441.29,18
7,player,655,0,0,1102.64,350.19,1152.17,441.53,18
7,player,656,0,0,1103.73,350.43,1153.25,441.77,18
7,player,657,0,0,1104.81,350.67,1154.34,442.01,18
7,player,658,0,0,1105.9,350.92,1155.42,442.25,18
7,player,659,0,0,1106.98,351.16,1156.5,442.5,18
7,player,660,0,0,1108.07,351.4,1157.59,442.74,18
7,player,661,0,0,1109.15,351.64,1158.67,442.98,18
7,player,662,0,0,1110.24,351.88,1159.76,443.22,18
7,player,663,0,0,1111.32,352.12,1160.84,443.46,18
7,player,664,0,0,1112.41,352.36,1161.93,443.7,18
7,player,665,0,0,1113.49,352.6,1163.01,443.94,18
7,player,666,0,0,1114.58,352.84,1164.1,444.18,18
7,player,667,0,0,1115.66,353.08,1165.18,444.42,18
7,player,668,0,0,1116.75,353.33,1166.27,444.67,18
7,player,669,0,0,1117.83,353.57,1167.35,444.91,18
7,player,670,0,0,1118.92,353.81,1168.44,445.15,18
7,player,671,0,0,1120.0,354.05,1169.52,445.39,18
7,player,672,0,0,1121.09,354.29,1170.61,445.63,18
7,player,673,0,0,1122.17,354.53,1171.69,445.87,18
7,player,674,0,0,1123.26,354.77,1172.78,446.11,18
7,player,675,0,0,1126.48,354.54,1176.0,445.88,18
7,player,676,0,0,1129.71,354.31,1179.23,445.65,18
7,player,677,0,0,1132.94,354.08,1182.46,445.42,18
7,player,678,0,0,1136.16,353.85,1185.68,445.19,18
7,player,679,0,0,1139.39,353.62,1188.91,444.96,18
7,player,680,0,0,1142.62,353.39,1192.14,444.73,18
7,player,681,0,0,1145.84,353.16,1195.36,444.5,18
7,player,682,0,0,1149.07,352.93,1198.59,444.27,18
7,player,683,0,0,1152.3,352.7,1201.82,444.04,18
7,player,684,0,0,1155.52,352.47,1205.04,443.81,18
7,player,685,0,0,1158.75,352.24,1208.27,443.58,18
7,player,686,0,0,1158.75,352.8,1208.27,444.14,18
7,player,687,0,0,1158.75,353.36,1208.27,444.7,18
7,player,688,0,0,1158.75,353.93,1208.27,445.27,18
7,player,689,0,0,1158.75,354.49,1208.27,445.83,18
7,player,690,0,0,1158.75,355.05,1208.27,446.39,18
7,player,691,0,0,1158.75,355.62,1208.27,446.96,18
7,player,692,0,0,1158.75,356.18,1208.27,447.52,18
7,player,693,0,0,1158.75,356.74,1208.27,448.08,18
7,player,694,0,0,1158.75,357.31,1208.27,448.65,18
7,player,695,0,0,1158.95,357.81,1208.47,449.15,18
7,player,696,0,0,1159.15,358.32,1208.68,449.66,18
7,player,697,0,0,1159.36,358.83,1208.88,450.17,18
7,player,698,0,0,1159.56,359.34,1209.08,450.67,18
7,player,699,0,0,1159.76,359.84,1209.28,451.18,18
7,player,700,0,0,1159.97,360.35,1209.49,451.69,18
7,player,701,0,0,1160.17,360.86,1209.69,452.2,18
7,player,702,0,0,1160.37,361.36,1209.89,452.7,18
7,player,703,0,0,1160.57,361.87,1210.1,453.21,18
7,player,704,0,0,1160.78,362.38,1210.3,453.72,18
7,player,705,0,0,1160.98,362.88,1210.5,454.22,18
7,player,706,0,0,1161.18,363.39,1210.7,454.73,18
7,player,707,0,0,1161.39,363.9,1210.91,455.24,18
7,player,708,0,0,1161.59,364.41,1211.11,455.75,18
7,player,709,0,0,1161.79,364.91,1211.31,456.25,18
7,player,710,0,0,1161.99,365.42,1211.52,456.76,18
7,player,711,0,0,1162.2,365.93,1211.72,457.27,18
7,player,712,0,0,1162.4,366.43,1211.92,457.77,18
7,player,713,0,0,1162.6,366.94,1212.12,458.28,18
7,player,714,0,0,1162.81,367.45,1212.33,458.79,18
7,player,715,0,0,1163.01,367.96,1212.53,459.29,18
7,player,716,0,0,1163.21,368.46,1212.73,459.8,18
7,player,717,0,0,1163.41,368.97,1212.94,460.31,18
7,player,718,0,0,1163.62,369.48,1213.14,460.82,18
7,player,719,0,0,1163.82,369.98,1213.34,461.32,18
7,player,720,0,0,1165.47,369.98,1214.99,461.32,18
7,player,721,0,0,1167.13,369.98,1216.65,461.32,18
7,player,722,0,0,1168.78,369.98,1218.3,461.32,18
7,player,723,0,0,1170.43,369.98,1219.95,461.32,18
7,player,724,0,0,1172.08,369.98,1221.61,461.32,18
7,player,725,0,0,1173.74,369.98,1223.26,461.32,18
7,player,726,0,0,1175.39,369.98,1224.91,461.32,18
7,player,727,0,0,1177.04,369.98,1226.56,461.32,18
7,player,728,0,0,1178.7,369.98,1228.22,461.32,18
7,player,729,0,0,1180.35,369.98,1229.87,461.32,18
7,player,730,0,0,1182.0,369.98,1231.52,461.32,18
7,player,731,0,0,1183.65,369.98,1233.18,461.32,18
7,player,732,0,0,1185.31,369.98,1234.83,461.32,18
7,player,733,0,0,1186.96,369.98,1236.48,461.32,18
7,player,734,0,0,1188.61,369.98,1238.13,461.32,18
7,player,735,0,0,1190.27,369.98,1239.79,461.32,18
7,player,736,0,0,1191.59,371.31,1241.11,462.65,18
7,player,737,0,0,1192.92,372.63,1242.43,463.97,18
7,player,738,0,0,1194.25,373.95,1243.75,465.29,18
7,player,739,0,0,1195.58,375.27,1245.08,466.61,18
7,player,740,0,0,1196.91,376.6,1246.4,467.93,18
7,player,741,0,0,1202.32,377.2,1251.81,468.54,18
7,player,742,0,0,1207.73,377.8,1257.22,469.14,18
7,player,743,0,0,1213.14,378.4,1262.63,469.74,18
7,player,744,0,0,1218.55,379.0,1268.04,470.34,18
7,player,745,0,0,1223.96,379.6,1273.45,470.94,18
7,player,746,0,0,1229.37,380.2,1278.85,471.54,18
7,player,747,0,0,1234.78,380.8,1284.26,472.14,18
7,player,748,0,0,1240.19,381.4,1289.67,472.74,18
7,player,749,0,0,1245.6,382.01,1295.08,473.35,18
7,player,750,0,0,1251.01,382.61,1300.49,473.95,18
7,player,751,0,0,1256.42,383.21,1305.9,474.55,18
7,player,752,0,0,1260.62,383.81,1310.11,475.15,18
7,player,753,0,0,1264.83,384.41,1314.32,475.75,18
7,player,754,0,0,1269.04,385.01,1318.52,476.35,18
7,player,755,0,0,1273.25,385.61,1322.73,476.95,18
7,player,756,0,0,1277.45,386.21,1326.94,477.55,18
7,player,757,0,0,1281.66,386.81,1331.15,478.15,18
7,player,758,0,0,1285.87,387.42,1335.35,478.75,18
7,player,759,0,0,1290.08,388.02,1339.56,479.36,18
7,player,760,0,0,1294.28,388.62,1343.77,479.96,18
7,player,761,0,0,1298.49,389.22,1347.98,480.56,18
7,player,762,0,0,1302.7,389.82,1352.18,481.16,18
7,player,763,0,0,1309.89,390.31,1359.38,481.64,18
7,player,764,0,0,1317.09,390.79,1366.57,482.13,18
7,player,765,0,0,1324.28,391.28,1373.77,482.62,18
7,player,766,0,0,1331.48,391.76,1380.96,483.1,18
7,player,767,0,0,1338.67,392.25,1388.16,483.59,18
7,player,768,0,0,1345.87,392.74,1395.35,484.08,18
7,player,769,0,0,1353.06,393.22,1402.55,484.56,18
7,player,770,0,0,1360.26,393.71,1409.74,485.05,18
7,player,771,0,0,1367.45,394.19,1416.94,485.53,18
7,player,772,0,0,1374.65,394.68,1424.13,486.02,18
7,player,773,0,0,1381.84,395.17,1431.33,486.51,18
7,player,774,0,0,1389.04,395.65,1438.52,486.99,18
7,player,775,0,0,1396.23,396.14,1445.72,487.48,18
7,player,776,0,0,1403.43,396.63,1452.91,487.96,18
7,player,777,0,0,1410.62,397.11,1460.11,488.45,18
7,player,778,0,0,1417.82,397.6,1467.3,488.94,18
7,player,779,0,0,1425.01,398.08,1474.5,489.42,18
7,player,780,0,0,1432.21,398.57,1481.69,489.91,18
7,player,781,0,0,1439.4,399.06,1488.89,490.4,18
7,player,782,0,0,1446.6,399.54,1496.08,490.88,18
7,player,783,0,0,1453.79,400.03,1503.28,491.37,18
7,player,784,0,0,1460.99,400.51,1510.47,491.85,18
7,player,785,0,0,1468.18,401.0,1517.67,492.34,18
7,player,786,0,0,1475.38,401.49,1524.86,492.83,18
7,player,787,0,0,1482.57,401.97,1532.06,493.31,18
7,player,788,0,0,1489.77,402.46,1539.25,493.8,18
7,player,789,0,0,1496.96,402.95,1546.45,494.28,18
7,player,790,0,0,1504.16,403.43,1553.64,494.77,18
7,player,791,0,0,1511.35,403.92,1560.84,495.26,18
7,player,792,0,0,1518.55,404.4,1568.03,495.74,18
7,player,793,0,0,1525.74,404.89,1575.23,496.23,18
7,player,794,0,0,1532.94,405.38,1582.42,496.72,18
7,player,795,0,0,1540.13,405.86,1589.62,497.2,18
7,player,796,0,0,1547.33,406.35,1596.81,497.69,18
7,player,797,0,0,1553.5,406.1,1602.99,497.44,18
7,player,798,0,0,1559.68,405.85,1609.17,497.19,18
7,player,799,0,0,1565.86,405.61,1615.34,496.95,18
7,player,800,0,0,1572.03,405.36,1621.52,496.7,18
7,player,801,0,0,1578.21,405.11,1627.7,496.45,18
7,player,802,0,0,1584.39,404.87,1633.87,496.21,18
7,player,803,0,0,1590.56,404.62,1640.05,495.96,18
7,player,804,0,0,1596.74,404.37,1646.23,495.71,18
7,player,805,0,0,1602.92,404.12,1652.4,495.46,18
7,player,806,0,0,1609.09,403.88,1658.58,495.22,18
7,player,807,0,0,1615.27,403.63,1664.76,494.97,18
7,player,808,0,0,1621.45,403.38,1670.93,494.72,18
7,player,809,0,0,1626.52,402.12,1676.0,493.46,18
7,player,810,0,0,1631.59,400.85,1681.07,492.19,18
7,player,811,0,0,1636.66,399.58,1686.14,490.92,18
7,player,812,0,0,1641.73,398.31,1691.21,489.65,18
7,player,813,0,0,1645.32,398.31,1694.81,489.65,18
7,player,814,0,0,1648.91,398.31,1698.4,489.65,18
7,player,815,0,0,1652.5,398.31,1701.99,489.65,18
7,player,816,0,0,1656.09,398.31,1705.58,489.65,18
7,player,817,0,0,1659.69,398.31,1709.17,489.65,18
7,player,818,0,0,1663.28,398.31,1712.76,489.65,18
7,player,819,0,0,1666.87,398.31,1716.36,489.65,18
7,player,820,0,0,1670.46,398.31,1719.95,489.65,18
7,player,821,0,0,1674.05,398.31,1723.54,489.65,18
7,player,822,0,0,1677.64,398.31,1727.13,489.65,18
7,player,823,0,0,1681.23,398.31,1730.72,489.65,18
7,player,824,0,0,1684.83,398.31,1734.31,489.65,18
7,player,825,0,0,1688.42,398.31,1737.9,489.65,18
7,player,826,0,0,1692.01,398.31,1741.5,489.65,18
7,player,827,0,0,1695.6,398.31,1745.09,489.65,18
7,player,828,0,0,1699.19,398.31,1748.68,489.65,18
7,player,829,0,0,1702.78,398.31,1752.27,489.65,18
7,player,830,0,0,1706.38,398.31,1755.86,489.65,18
7,player,831,0,0,1709.97,398.31,1759.45,489.65,18
7,player,832,0,0,1713.16,398.09,1762.65,489.42,18
7,player,833,0,0,1716.36,397.86,1765.84,489.2,18
7,player,834,0,0,1719.55,397.63,1769.04,488.97,18
7,player,835,0,0,1722.75,397.4,1772.23,488.74,18
7,player,836,0,0,1725.94,397.17,1775.43,488.51,18
7,player,837,0,0,1729.14,396.94,1778.62,488.28,18
7,player,838,0,0,1732.33,396.72,1781.82,488.05,18
7,player,839,0,0,1735.53,396.49,1785.01,487.83,18
7,player,840,0,0,1738.72,396.26,1788.21,487.6,18
7,player,841,0,0,1741.92,396.03,1791.4,487.37,18
7,player,842,0,0,1745.11,395.8,1794.6,487.14,18
7,player,843,0,0,1748.31,395.57,1797.79,486.91,18
7,player,844,0,0,1751.5,395.35,1800.99,486.68,18
7,player,845,0,0,1751.5,395.35,1800.99,486.68,18
7,player,846,0,0,1751.5,395.35,1800.99,486.68,18
7,player,847,0,0,1751.5,395.35,1800.99,486.68,18
7,player,848,0,0,1751.5,395.35,1800.99,486.68,18
7,player,849,0,0,1751.5,395.35,1800.99,486.68,18
7,player,850,0,0,1751.5,395.35,1800.99,486.68,18
7,player,851,0,0,1751.5,395.35,1800.99,486.68,18
7,player,852,0,0,1751.5,395.35,1800.99,486.68,18
7,player,853,0,0,1751.5,395.35,1800.99,486.68,18
7,player,854,0,0,1751.5,395.35,1800.99,486.68,18
7,player,855,0,0,1751.5,395.35,1800.99,486.68,18
7,player,856,0,0,1751.5,395.35,1800.99,486.68,18
7,player,857,0,0,1751.5,395.35,1800.99,486.68,18
7,player,858,0,0,1751.5,395.35,1800.99,486.68,18
7,player,859,0,0,1751.5,395.35,1800.99,486.68,18
7,player,860,0,0,1751.5,395.35,1800.99,486.68,18
7,player,861,0,0,1751.5,395.35,1800.99,486.68,18
7,player,862,0,0,1751.5,395.35,1800.99,486.68,18
7,player,863,0,0,1751.5,395.35,1800.99,486.68,18
7,player,864,0,0,1751.5,395.35,1800.99,486.68,18
7,player,865,0,0,1751.5,395.35,1800.99,486.68,18
7,player,866,0,0,1751.5,395.35,1800.99,486.68,18
7,player,867,0,0,1751.5,395.35,1800.99,486.68,18
7,player,868,0,0,1751.5,395.35,1800.99,486.68,18
7,player,869,0,0,1751.5,395.35,1800.99,486.68,18
7,player,870,0,0,1751.5,395.35,1800.99,486.68,18
7,player,871,0,0,1751.5,395.35,1800.99,486.68,18
7,player,872,0,0,1751.5,395.35,1800.99,486.68,18
7,player,873,0,0,1751.5,395.35,1800.99,486.68,18
7,player,874,0,0,1751.5,395.35,1800.99,486.68,18
7,player,875,0,0,1751.5,395.35,1800.99,486.68,18
7,player,876,0,0,1751.5,395.35,1800.99,486.68,18
7,player,877,0,0,1751.5,395.35,1800.99,486.68,18
7,player,878,0,0,1751.5,395.35,1800.99,486.68,18
7,player,879,0,0,1751.5,395.35,1800.99,486.68,18
7,player,880,0,0,1751.5,395.35,1800.99,486.68,18
7,player,881,0,0,1751.5,395.35,1800.99,486.68,18
7,player,882,0,0,1751.5,395.35,1800.99,486.68,18
7,player,883,0,0,1751.5,395.35,1800.99,486.68,18
7,player,884,0,0,1751.5,395.35,1800.99,486.68,18
7,player,885,0,0,1751.5,395.35,1800.99,486.68,18
7,player,886,0,0,1751.5,395.35,1800.99,486.68,18
7,player,887,0,0,1751.5,395.35,1800.99,486.68,18
7,player,888,0,0,1751.5,395.35,1800.99,486.68,18
7,player,889,0,0,1751.5,395.35,1800.99,486.68,18
7,player,890,0,0,1751.5,395.35,1800.99,486.68,18
7,player,891,0,0,1751.5,395.35,1800.99,486.68,18
7,player,892,0,0,1751.5,395.35,1800.99,486.68,18
7,player,893,0,0,1751.5,395.35,1800.99,486.68,18
7,player,894,0,0,1751.5,395.35,1800.99,486.68,18
7,player,895,0,0,1751.5,395.35,1800.99,486.68,18
7,player,896,0,0,1751.5,395.35,1800.99,486.68,18
7,player,897,0,0,1751.5,395.35,1800.99,486.68,18
7,player,898,0,0,1751.5,395.35,1800.99,486.68,18
7,player,899,0,0,1751.5,395.35,1800.99,486.68,18
8,player,0,0,0,1342.59,219.9,1393.3,311.16,52
8,player,1,0,0,1338.96,221.49,1389.67,312.75,52
8,player,2,0,0,1335.33,223.08,1386.04,314.34,52
8,player,3,0,0,1331.7,224.66,1382.41,315.92,52
8,player,4,0,0,1328.07,226.25,1378.78,317.51,52
8,player,5,0,0,1324.44,227.84,1375.15,319.1,52
8,player,6,0,0,1320.81,229.43,1371.52,320.69,52
8,player,7,0,0,1317.19,231.01,1367.89,322.27,52
8,player,8,0,0,1313.56,232.6,1364.27,323.86,52
8,player,9,0,0,1309.93,234.19,1360.64,325.45,52
8,player,10,0,0,1306.3,235.78,1357.01,327.04,52
8,player,11,0,0,1302.67,237.37,1353.38,328.63,52
8,player,12,0,0,1294.19,238.44,1344.9,329.7,52
8,player,13,0,0,1285.7,239.51,1336.41,330.77,52
8,player,14,0,0,1277.22,240.58,1327.93,331.84,52
8,player,15,0,0,1268.74,241.65,1319.45,332.91,52
8,player,16,0,0,1260.26,242.72,1310.97,333.99,52
8,player,17,0,0,1251.78,243.8,1302.49,335.06,52
8,player,18,0,0,1243.29,244.87,1294.0,336.13,52
8,player,19,0,0,1234.81,245.94,1285.52,337.2,52
8,player,20,0,0,1226.33,247.01,1277.04,338.27,52
8,player,21,0,0,1217.85,248.08,1268.56,339.34,52
8,player,22,0,0,1209.37,249.16,1260.07,340.42,52
8,player,23,0,0,1200.88,250.23,1251.59,341.49,52
8,player,24,0,0,1192.4,251.3,1243.11,342.56,52
8,player,25,0,0,1183.92,252.37,1234.63,343.63,52
8,player,26,0,0,1175.44,253.44,1226.15,344.7,52
8,player,27,0,0,1166.96,254.52,1217.66,345.78,52
8,player,28,0,0,1158.47,255.59,1209.18,346.85,52
8,player,29,0,0,1156.73,255.44,1207.44,346.7,52
8,player,30,0,0,1154.98,255.28,1205.69,346.54,52
8,player,31,0,0,1153.24,255.13,1203.95,346.39,52
8,player,32,0,0,1151.49,254.98,1202.2,346.24,52
8,player,33,0,0,1149.75,254.83,1200.46,346.09,52
8,player,34,0,0,1148.0,254.68,1198.71,345.94,52
8,player,35,0,0,1146.26,254.52,1196.97,345.79,52
8,player,36,0,0,1144.51,254.37,1195.22,345.63,52
8,player,37,0,0,1142.77,254.22,1193.48,345.48,52
8,player,38,0,0,1141.02,254.07,1191.73,345.33,52
8,player,39,0,0,1139.28,253.92,1189.99,345.18,52
8,player,40,0,0,1137.53,253.77,1188.24,345.03,52
8,player,41,0,0,1135.79,253.61,1186.5,344.87,52
8,player,42,0,0,1134.04,253.46,1184.75,344.72,52
8,player,43,0,0,1132.3,253.31,1183.01,344.57,52
8,player,44,0,0,1130.55,253.16,1181.26,344.42,52
8,player,45,0,0,1128.81,253.01,1179.52,344.27,52
8,player,46,0,0,1127.06,252.86,1177.77,344.12,52
8,player,47,0,0,1125.32,252.7,1176.03,343.96,52
8,player,48,0,0,1123.57,252.55,1174.28,343.81,52
8,player,49,0,0,1121.83,252.4,1172.54,343.66,52
8,player,50,0,0,1120.08,252.25,1170.79,343.51,52
8,player,51,0,0,1118.34,252.1,1169.05,343.36,52
8,player,52,0,0,1116.59,251.94,1167.3,343.21,52
8,player,53,0,0,1114.85,251.79,1165.56,343.05,52
8,player,54,0,0,1113.1,251.64,1163.81,342.9,52
8,player,55,0,0,1111.36,251.49,1162.07,342.75,52
8,player,56,0,0,1109.61,251.34,1160.32,342.6,52
8,player,57,0,0,1107.87,251.19,1158.58,342.45,52
8,player,58,0,0,1106.12,251.03,1156.83,342.3,52
8,player,59,0,0,1104.38,250.88,1155.09,342.14,52
8,player,60,0,0,1102.63,250.73,1153.34,341.99,52
8,player,61,0,0,1100.89,250.58,1151.59,341.84,52
8,player,62,0,0,1099.14,250.43,1149.85,341.69,52
8,player,63,0,0,1097.4,250.28,1148.1,341.54,52
8,player,64,0,0,1095.65,250.12,1146.36,341.38,52
8,player,65,0,0,1093.91,249.97,1144.61,341.23,52
8,player,66,0,0,1092.16,249.82,1142.87,341.08,52
8,player,67,0,0,1090.42,249.67,1141.12,340.93,52
8,player,68,0,0,1088.67,249.52,1139.38,340.78,52
8,player,69,0,0,1086.92,249.37,1137.63,340.63,52
8,player,70,0,0,1085.18,249.21,1135.89,340.47,52
8,player,71,0,0,1083.43,249.06,1134.14,340.32,52
8,player,72,0,0,1081.69,248.91,1132.4,340.17,52
8,player,73,0,0,1079.94,248.76,1130.65,340.02,52
8,player,74,0,0,1078.2,248.61,1128.91,339.87,52
8,player,75,0,0,1076.45,248.45,1127.16,339.72,52
8,player,76,0,0,1074.71,248.3,1125.42,339.56,52
8,player,77,0,0,1072.96,248.15,1123.67,339.41,52
8,player,78,0,0,1071.22,248.0,1121.93,339.26,52
8,player,79,0,0,1069.47,247.85,1120.18,339.11,52
8,player,80,0,0,1067.73,247.7,1118.44,338.96,52
8,player,81,0,0,1065.98,247.54,1116.69,338.8,52
8,player,82,0,0,1064.24,247.39,1114.95,338.65,52
8,player,83,0,0,1062.49,247.24,1113.2,338.5,52
8,player,84,0,0,1060.75,247.09,1111.46,338.35,52
8,player,85,0,0,1059.0,246.94,1109.71,338.2,52
8,player,86,0,0,1057.26,246.79,1107.97,338.05,52
8,player,87,0,0,1055.51,246.63,1106.22,337.89,52
8,player,88,0,0,1053.77,246.48,1104.48,337.74,52
8,player,89,0,0,1052.02,246.33,1102.73,337.59,52
8,player,90,0,0,1050.28,246.18,1100.99,337.44,52
8,player,91,0,0,1048.53,246.03,1099.24,337.29,52
8,player,92,0,0,1046.79,245.87,1097.5,337.14,52
8,player,93,0,0,1045.04,245.72,1095.75,336.98,52
8,player,94,0,0,1043.3,245.57,1094.01,336.83,52
8,player,95,0,0,1041.55,245.42,1092.26,336.68,52
8,player,96,0,0,1039.81,245.27,1090.52,336.53,52
8,player,97,0,0,1038.06,245.12,1088.77,336.38,52
8,player,98,0,0,1036.32,244.96,1087.03,336.23,52
8,player,99,0,0,1034.57,244.81,1085.28,336.07,52
8,player,100,0,0,1032.83,244.66,1083.54,335.92,52
8,player,101,0,0,1031.08,244.51,1081.79,335.77,52
8,player,102,0,0,1029.34,244.36,1080.05,335.62,52
8,player,103,0,0,1027.59,244.21,1078.3,335.47,52
8,player,104,0,0,1025.85,244.05,1076.56,335.31,52
8,player,105,0,0,1024.1,243.9,1074.81,335.16,52
8,player,106,0,0,1022.36,243.75,1073.07,335.01,52
8,player,107,0,0,1020.61,243.6,1071.32,334.86,52
8,player,108,0,0,1018.87,243.45,1069.58,334.71,52
8,player,109,0,0,1017.12,243.29,1067.83,334.56,52
8,player,110,0,0,1015.38,243.14,1066.09,334.4,52
8,player,111,0,0,1013.63,242.99,1064.34,334.25,52
8,player,112,0,0,1011.89,242.84,1062.6,334.1,52
8,player,113,0,0,1010.14,242.69,1060.85,333.95,52
8,player,114,0,0,1008.4,242.54,1059.11,333.8,52
8,player,115,0,0,1006.65,242.38,1057.36,333.65,52
8,player,116,0,0,1004.91,242.23,1055.61,333.49,52
8,player,117,0,0,1003.16,242.08,1053.87,333.34,52
8,player,118,0,0,1001.42,241.93,1052.12,333.19,52
8,player,119,0,0,999.67,241.78,1050.38,333.04,52
8,player,120,0,0,997.93,241.63,1048.63,332.89,52
8,player,121,0,0,996.18,241.47,1046.89,332.73,52
8,player,122,0,0,994.44,241.32,1045.14,332.58,52
8,player,123,0,0,992.69,241.17,1043.4,332.43,52
8,player,124,0,0,990.95,241.02,1041.65,332.28,52
8,player,125,0,0,989.2,240.87,1039.91,332.13,52
8,player,126,0,0,987.45,240.72,1038.16,331.98,52
8,player,127,0,0,985.71,240.56,1036.42,331.82,52
8,player,128,0,0,983.96,240.41,1034.67,331.67,52
8,player,129,0,0,982.22,240.26,1032.93,331.52,52
8,player,130,0,0,980.47,240.11,1031.18,331.37,52
8,player,131,0,0,978.73,239.96,1029.44,331.22,52
8,player,132,0,0,976.98,239.8,1027.69,331.07,52
8,player,133,0,0,978.41,239.3,1029.12,330.56,52
8,player,134,0,0,979.84,238.8,1030.55,330.06,52
8,player,135,0,0,981.27,238.29,1031.98,329.55,52
8,player,136,0,0,982.7,237.79,1033.41,329.05,52
8,player,137,0,0,984.13,237.28,1034.84,328.54,52
8,player,138,0,0,985.56,236.78,1036.27,328.04,52
8,player,139,0,0,986.99,236.27,1037.7,327.53,52
8,player,140,0,0,988.42,235.77,1039.13,327.03,52
8,player,141,0,0,989.85,235.27,1040.56,326.53,52
8,player,142,0,0,991.28,234.76,1041.98,326.02,52
8,player,143,0,0,992.7,234.26,1043.41,325.52,52
8,player,144,0,0,994.13,233.75,1044.84,325.01,52
8,player,145,0,0,995.56,233.25,1046.27,324.51,52
8,player,146,0,0,996.99,232.74,1047.7,324.0,52
8,player,147,0,0,998.42,232.24,1049.13,323.5,52
8,player,148,0,0,999.85,231.73,1050.56,323.0,52
8,player,149,0,0,1001.28,231.23,1051.99,322.49,52
8,player,150,0,0,1002.71,230.73,1053.42,321.99,52
8,player,151,0,0,1004.14,230.22,1054.85,321.48,52
8,player,152,0,0,1005.57,229.72,1056.28,320.98,52
8,player,153,0,0,1007.0,229.21,1057.7,320.47,52
8,player,154,0,0,1008.42,228.71,1059.13,319.97,52
8,player,155,0,0,1009.85,228.2,1060.56,319.46,52
8,player,156,0,0,1011.28,227.7,1061.99,318.96,52
8,player,157,0,0,1012.71,227.2,1063.42,318.46,52
8,player,158,0,0,1014.14,226.69,1064.85,317.95,52
8,player,159,0,0,1015.57,226.19,1066.28,317.45,52
8,player,160,0,0,1017.0,225.68,1067.71,316.94,52
8,player,161,0,0,1018.43,225.18,1069.14,316.44,52
8,player,162,0,0,1019.86,224.67,1070.57,315.93,52
8,player,163,0,0,1021.29,224.17,1072.0,315.43,52
8,player,164,0,0,1022.72,223.66,1073.42,314.93,52
8,player,165,0,0,1024.14,223.16,1074.85,314.42,52
8,player,166,0,0,1025.57,222.66,1076.28,313.92,52
8,player,167,0,0,1027.0,222.15,1077.71,313.41,52
8,player,168,0,0,1028.43,221.65,1079.14,312.91,52
8,player,169,0,0,1029.86,221.14,1080.57,312.4,52
8,player,170,0,0,1031.29,220.64,1082.0,311.9,52
8,player,171,0,0,1037.65,220.39,1088.35,311.65,52
8,player,172,0,0,1044.0,220.15,1094.71,311.41,52
8,player,173,0,0,1050.36,219.91,1101.07,311.17,52
8,player,174,0,0,1056.71,219.66,1107.42,310.92,52
8,player,175,0,0,1063.07,219.42,1113.78,310.68,52
8,player,176,0,0,1069.42,219.17,1120.13,310.43,52
8,player,177,0,0,1075.78,218.93,1126.49,310.19,52
8,player,178,0,0,1082.13,218.68,1132.84,309.94,52
8,player,179,0,0,1088.49,218.44,1139.2,309.7,52
8,player,180,0,0,1094.85,218.19,1145.55,309.46,52
8,player,181,0,0,1099.85,218.32,1150.56,309.58,52
8,player,182,0,0,1104.85,218.44,1155.56,309.7,52
8,player,183,0,0,1109.85,218.56,1160.56,309.82,52
8,player,184,0,0,1114.85,218.68,1165.56,309.94,52
8,player,185,0,0,1119.86,218.81,1170.57,310.07,52
8,player,186,0,0,1124.86,218.93,1175.57,310.19,52
8,player,187,0,0,1129.86,219.05,1180.57,310.31,52
8,player,188,0,0,1134.86,219.17,1185.57,310.43,52
8,player,189,0,0,1139.86,219.3,1190.57,310.56,52
8,player,190,0,0,1144.87,219.42,1195.58,310.68,52
8,player,191,0,0,1149.87,219.54,1200.58,310.8,52
8,player,192,0,0,1154.87,219.66,1205.58,310.92,52
8,player,193,0,0,1159.87,219.79,1210.58,311.05,52
8,player,194,0,0,1164.88,219.91,1215.58,311.17,52
8,player,195,0,0,1169.88,220.03,1220.59,311.29,52
8,player,196,0,0,1174.88,220.15,1225.59,311.41,52
8,player,197,0,0,1179.88,220.27,1230.59,311.54,52
8,player,198,0,0,1184.88,220.4,1235.59,311.66,52
8,player,199,0,0,1189.89,220.52,1240.6,311.78,52
8,player,200,0,0,1194.89,220.64,1245.6,311.9,52
8,player,201,0,0,1199.89,220.76,1250.6,312.03,52
8,player,202,0,0,1204.89,220.89,1255.6,312.15,52
8,player,203,0,0,1206.7,221.25,1257.41,312.51,52
8,player,204,0,0,1208.51,221.61,1259.22,312.87,52
8,player,205,0,0,1210.33,221.97,1261.03,313.23,52
8,player,206,0,0,1212.14,222.34,1262.85,313.6,52
8,player,207,0,0,1213.95,222.7,1264.66,313.96,52
8,player,208,0,0,1215.76,223.06,1266.47,314.32,52
8,player,209,0,0,1217.57,223.42,1268.28,314.68,52
8,player,210,0,0,1219.38,223.78,1270.09,315.04,52
8,player,211,0,0,1221.19,224.15,1271.9,315.41,52
8,player,212,0,0,1223.0,224.51,1273.71,315.77,52
8,player,213,0,0,1224.81,224.87,1275.52,316.13,52
8,player,214,0,0,1226.62,225.23,1277.33,316.49,52
8,player,215,0,0,1228.43,225.59,1279.14,316.86,52
8,player,216,0,0,1230.24,225.96,1280.95,317.22,52
8,player,217,0,0,1233.0,226.37,1283.71,317.63,52
8,player,218,0,0,1235.75,226.79,1286.46,318.05,52
8,player,219,0,0,1238.5,227.2,1289.21,318.46,52
8,player,220,0,0,1241.26,227.62,1291.97,318.88,52
8,player,221,0,0,1244.01,228.03,1294.72,319.3,52
8,player,222,0,0,1246.76,228.45,1297.47,319.71,52
8,player,223,0,0,1249.52,228.87,1300.22,320.13,52
8,player,224,0,0,1252.27,229.28,1302.98,320.54,52
8,player,225,0,0,1255.02,229.7,1305.73,320.96,52
8,player,226,0,0,1257.77,230.11,1308.48,321.37,52
8,player,227,0,0,1260.53,230.53,1311.24,321.79,52
8,player,228,0,0,1263.28,230.94,1313.99,322.2,52
8,player,229,0,0,1266.03,231.36,1316.74,322.62,52
8,player,230,0,0,1268.79,231.77,1319.5,323.04,52
8,player,231,0,0,1271.54,232.19,1322.25,323.45,52
8,player,232,0,0,1274.29,232.61,1325.0,323.87,52
8,player,233,0,0,1277.05,233.02,1327.76,324.28,52
8,player,234,0,0,1279.8,233.44,1330.51,324.7,52
8,player,235,0,0,1282.55,233.85,1333.26,325.11,52
8,player,236,0,0,1285.31,234.27,1336.01,325.53,52
8,player,237,0,0,1288.06,234.68,1338.77,325.94,52
8,player,238,0,0,1290.81,235.1,1341.52,326.36,52
8,player,239,0,0,1293.56,235.51,1344.27,326.78,52
8,player,240,0,0,1296.32,235.93,1347.03,327.19,52
8,player,241,0,0,1299.07,236.35,1349.78,327.61,52
8,player,242,0,0,1301.82,236.76,1352.53,328.02,52
8,player,243,0,0,1304.58,237.18,1355.29,328.44,52
8,player,244,0,0,1307.33,237.59,1358.04,328.85,52
8,player,245,0,0,1310.08,238.01,1360.79,329.27,52
8,player,246,0,0,1312.84,238.42,1363.55,329.68,52
8,player,247,0,0,1315.59,238.84,1366.3,330.1,52
8,player,248,0,0,1318.34,239.25,1369.05,330.52,52
8,player,249,0,0,1321.1,239.67,1371.8,330.93,52
8,player,250,0,0,1323.85,240.09,1374.56,331.35,52
8,player,251,0,0,1326.6,240.5,1377.31,331.76,52
8,player,252,0,0,1329.35,240.92,1380.06,332.18,52
8,player,253,0,0,1332.11,241.33,1382.82,332.59,52
8,player,254,0,0,1334.86,241.75,1385.57,333.01,52
8,player,255,0,0,1337.61,242.16,1388.32,333.42,52
8,player,256,0,0,1340.37,242.58,1391.08,333.84,52
8,player,257,0,0,1343.12,242.99,1393.83,334.26,52
8,player,258,0,0,1345.87,243.41,1396.58,334.67,52
8,player,259,0,0,1348.63,243.83,1399.33,335.09,52
8,player,260,0,0,1351.38,244.24,1402.09,335.5,52
8,player,261,0,0,1354.13,244.66,1404.84,335.92,52
8,player,262,0,0,1356.88,245.07,1407.59,336.33,52
8,player,263,0,0,1359.64,245.49,1410.35,336.75,52
8,player,264,0,0,1362.39,245.9,1413.1,337.16,52
8,player,265,0,0,1365.14,246.32,1415.85,337.58,52
8,player,266,0,0,1367.9,246.73,1418.61,338.0,52
8,player,267,0,0,1370.65,247.15,1421.36,338.41,52
8,player,268,0,0,1373.4,247.57,1424.11,338.83,52
8,player,269,0,0,1376.16,247.98,1426.87,339.24,52
8,player,270,0,0,1376.5,248.15,1427.21,339.41,52
8,player,271,0,0,1376.84,248.32,1427.55,339.59,52
8,player,272,0,0,1377.19,248.5,1427.89,339.76,52
8,player,273,0,0,1377.53,248.67,1428.24,339.93,52
8,player,274,0,0,1377.87,248.84,1428.58,340.1,52
8,player,275,0,0,1378.21,249.01,1428.92,340.27,52
8,player,276,0,0,1378.56,249.18,1429.27,340.44,52
8,player,277,0,0,1378.9,249.35,1429.61,340.61,52
8,player,278,0,0,1379.24,249.52,1429.95,340.79,52
8,player,279,0,0,1379.59,249.7,1430.3,340.96,52
8,player,280,0,0,1379.93,249.87,1430.64,341.13,52
8,player,281,0,0,1380.27,250.04,1430.98,341.3,52
8,player,282,0,0,1380.61,250.21,1431.32,341.47,52
8,player,283,0,0,1380.96,250.38,1431.67,341.64,52
8,player,284,0,0,1381.3,250.55,1432.01,341.81,52
8,player,285,0,0,1381.64,250.72,1432.35,341.99,52
8,player,286,0,0,1381.99,250.9,1432.7,342.16,52
8,player,287,0,0,1382.33,251.07,1433.04,342.33,52
8,player,288,0,0,1382.67,251.24,1433.38,342.5,52
8,player,289,0,0,1383.02,251.41,1433.72,342.67,52
8,player,290,0,0,1383.36,251.58,1434.07,342.84,52
8,player,291,0,0,1383.7,251.75,1434.41,343.01,52
8,player,292,0,0,1384.04,251.93,1434.75,343.19,52
8,player,293,0,0,1384.39,252.1,1435.1,343.36,52
8,player,294,0,0,1381.98,252.27,1432.69,343.53,52
8,player,295,0,0,1379.58,252.44,1430.28,343.7,52
8,player,296,0,0,1377.17,252.61,1427.88,343.87,52
8,player,297,0,0,1374.76,252.78,1425.47,344.04,52
8,player,298,0,0,1372.36,252.95,1423.07,344.21,52
8,player,299,0,0,1369.95,253.13,1420.66,344.39,52
8,player,300,0,0,1367.55,253.3,1418.26,344.56,52
8,player,301,0,0,1365.14,253.47,1415.85,344.73,52
8,player,302,0,0,1362.73,253.64,1413.44,344.9,52
8,player,303,0,0,1360.33,253.81,1411.04,345.07,52
8,player,304,0,0,1357.92,253.98,1408.63,345.24,52
8,player,305,0,0,1355.52,254.15,1406.23,345.42,52
8,player,306,0,0,1353.11,254.33,1403.82,345.59,52
8,player,307,0,0,1350.7,254.5,1401.41,345.76,52
8,player,308,0,0,1348.3,254.67,1399.01,345.93,52
8,player,309,0,0,1345.89,254.84,1396.6,346.1,52
8,player,310,0,0,1343.49,255.01,1394.2,346.27,52
8,player,311,0,0,1341.08,255.18,1391.79,346.44,52
8,player,312,0,0,1338.67,255.35,1389.38,346.62,52
8,player,313,0,0,1336.27,255.53,1386.98,346.79,52
8,player,314,0,0,1333.86,255.7,1384.57,346.96,52
8,player,315,0,0,1331.46,255.87,1382.17,347.13,52
8,player,316,0,0,1324.45,255.87,1375.15,347.13,52
8,player,317,0,0,1317.43,255.87,1368.14,347.13,52
8,player,318,0,0,1310.42,255.87,1361.13,347.13,52
8,player,319,0,0,1308.0,255.66,1358.71,346.92,52
8,player,320,0,0,1305.58,255.45,1356.29,346.71,52
8,player,321,0,0,1303.16,255.25,1353.87,346.51,52
8,player,322,0,0,1300.74,255.04,1351.44,346.3,52
8,player,323,0,0,1298.31,254.83,1349.02,346.09,52
8,player,324,0,0,1295.89,254.62,1346.6,345.88,52
8,player,325,0,0,1293.47,254.42,1344.18,345.68,52
8,player,326,0,0,1291.05,254.21,1341.76,345.47,52
8,player,327,0,0,1288.63,254.0,1339.34,345.26,52
8,player,328,0,0,1286.21,253.79,1336.91,345.05,52
8,player,329,0,0,1283.78,253.59,1334.49,344.85,52
8,player,330,0,0,1281.36,253.38,1332.07,344.64,52
8,player,331,0,0,1278.94,253.17,1329.65,344.43,52
8,player,332,0,0,1276.52,252.96,1327.23,344.22,52
8,player,333,0,0,1274.1,252.76,1324.81,344.02,52
8,player,334,0,0,1271.67,252.55,1322.38,343.81,52
8,player,335,0,0,1269.25,252.34,1319.96,343.6,52
8,player,336,0,0,1266.83,252.13,1317.54,343.39,52
8,player,337,0,0,1264.41,251.93,1315.12,343.19,52
8,player,338,0,0,1261.99,251.72,1312.7,342.98,52
8,player,339,0,0,1259.57,251.51,1310.27,342.77,52
8,player,340,0,0,1257.14,251.3,1307.85,342.56,52
8,player,341,0,0,1254.72,251.1,1305.43,342.36,52
8,player,342,0,0,1252.3,250.89,1303.01,342.15,52
8,player,343,0,0,1249.88,250.68,1300.59,341.94,52
8,player,344,0,0,1247.46,250.47,1298.17,341.73,52
8,player,345,0,0,1245.04,250.26,1295.74,341.53,52
8,player,346,0,0,1242.61,250.06,1293.32,341.32,52
8,player,347,0,0,1240.19,249.85,1290.9,341.11,52
8,player,348,0,0,1237.77,249.64,1288.48,340.9,52
8,player,349,0,0,1235.35,249.43,1286.06,340.7,52
8,player,350,0,0,1232.93,249.23,1283.64,340.49,52
8,player,351,0,0,1230.5,249.02,1281.21,340.28,52
8,player,352,0,0,1228.08,248.81,1278.79,340.07,52
8,player,353,0,0,1225.66,248.6,1276.37,339.86,52
8,player,354,0,0,1223.24,248.4,1273.95,339.66,52
8,player,355,0,0,1220.82,248.19,1271.53,339.45,52
8,player,356,0,0,1218.4,247.98,1269.1,339.24,52
8,player,357,0,0,1208.25,247.98,1258.96,339.24,52
8,player,358,0,0,1205.84,247.98,1256.55,339.24,52
8,player,359,0,0,1203.42,247.98,1254.13,339.24,52
8,player,360,0,0,1201.0,247.98,1251.71,339.24,52
8,player,361,0,0,1198.58,247.98,1249.29,339.24,52
8,player,362,0,0,1196.16,247.98,1246.87,339.24,52
8,player,363,0,0,1193.74,247.98,1244.45,339.24,52
8,player,364,0,0,1191.32,247.98,1242.03,339.24,52
8,player,365,0,0,1188.9,247.98,1239.61,339.24,52
8,player,366,0,0,1186.48,247.98,1237.19,339.24,52
8,player,367,0,0,1184.06,247.98,1234.77,339.24,52
8,player,368,0,0,1181.65,247.98,1232.35,339.24,52
8,player,369,0,0,1179.23,247.98,1229.94,339.24,52
8,player,370,0,0,1176.81,247.98,1227.52,339.24,52
8,player,371,0,0,1174.39,247.98,1225.1,339.24,52
8,player,372,0,0,1171.97,247.98,1222.68,339.24,52
8,player,373,0,0,1169.55,247.98,1220.26,339.24,52
8,player,374,0,0,1167.13,247.98,1217.84,339.24,52
8,player,375,0,0,1164.71,247.98,1215.42,339.24,52
8,player,376,0,0,1162.29,247.98,1213.0,339.24,52
8,player,377,0,0,1159.87,247.98,1210.58,339.24,52
8,player,378,0,0,1157.46,247.98,1208.16,339.24,52
8,player,379,0,0,1155.04,247.98,1205.75,339.24,52
8,player,380,0,0,1152.62,247.98,1203.33,339.24,52
8,player,381,0,0,1150.2,247.98,1200.91,339.24,52
8,player,382,0,0,1147.78,247.98,1198.49,339.24,52
8,player,383,0,0,1142.38,247.91,1193.08,339.18,52
8,player,384,0,0,1136.97,247.85,1187.68,339.11,52
8,player,385,0,0,1131.57,247.78,1182.28,339.04,52
8,player,386,0,0,1126.16,247.71,1176.87,338.98,52
8,player,387,0,0,1120.76,247.65,1171.47,338.91,52
8,player,388,0,0,1115.36,247.58,1166.06,338.84,52
8,player,389,0,0,1109.95,247.51,1160.66,338.78,52
8,player,390,0,0,1104.55,247.45,1155.26,338.71,52
8,player,391,0,0,1099.14,247.38,1149.85,338.64,52
8,player,392,0,0,1093.74,247.31,1144.45,338.58,52
8,player,393,0,0,1088.34,247.25,1139.04,338.51,52
8,player,394,0,0,1082.93,247.18,1133.64,338.44,52
8,player,395,0,0,1077.53,247.11,1128.24,338.37,52
8,player,396,0,0,1072.12,247.05,1122.83,338.31,52
8,player,397,0,0,1066.72,246.98,1117.43,338.24,52
8,player,398,0,0,1061.32,246.91,1112.02,338.17,52
8,player,399,0,0,1055.91,246.85,1106.62,338.11,52
8,player,400,0,0,1050.51,246.78,1101.22,338.04,52
8,player,401,0,0,1045.1,246.71,1095.81,337.97,52
8,player,402,0,0,1039.7,246.65,1090.41,337.91,52
8,player,403,0,0,1034.3,246.58,1085.0,337.84,52
8,player,404,0,0,1028.89,246.51,1079.6,337.77,52
8,player,405,0,0,1023.49,246.45,1074.2,337.71,52
8,player,406,0,0,1018.08,246.38,1068.79,337.64,52
8,player,407,0,0,1012.68,246.31,1063.39,337.57,52
8,player,408,0,0,1007.28,246.25,1057.98,337.51,52
8,player,409,0,0,1001.87,246.18,1052.58,337.44,52
8,player,410,0,0,996.47,246.11,1047.18,337.37,52
8,player,411,0,0,991.06,246.05,1041.77,337.31,52
8,player,412,0,0,985.66,245.98,1036.37,337.24,52
8,player,413,0,0,980.26,245.91,1030.96,337.17,52
8,player,414,0,0,974.85,245.85,1025.56,337.11,52
8,player,415,0,0,969.45,245.78,1020.16,337.04,52
8,player,416,0,0,964.04,245.71,1014.75,336.97,52
8,player,417,0,0,958.64,245.65,1009.35,336.91,52
8,player,418,0,0,953.24,245.58,1003.94,336.84,52
8,player,419,0,0,947.83,245.51,998.54,336.77,52
8,player,420,0,0,942.43,245.45,993.14,336.71,52
8,player,421,0,0,941.47,246.4,992.18,337.66,52
8,player,422,0,0,940.52,247.36,991.23,338.62,52
8,player,423,0,0,939.56,248.31,990.27,339.57,52
8,player,424,0,0,938.61,249.26,989.32,340.52,52
8,player,425,0,0,937.66,250.22,988.36,341.48,52
8,player,426,0,0,936.7,251.17,987.41,342.43,52
8,player,427,0,0,935.75,252.13,986.46,343.39,52
8,player,428,0,0,934.79,253.08,985.5,344.34,52
8,player,429,0,0,933.84,254.04,984.55,345.3,52
8,player,430,0,0,932.88,254.99,983.59,346.25,52
8,player,431,0,0,931.93,255.94,982.64,347.21,52
8,player,432,0,0,930.97,256.9,981.68,348.16,52
8,player,433,0,0,930.02,257.85,980.73,349.11,52
8,player,434,0,0,929.07,258.81,979.77,350.07,52
8,player,435,0,0,928.11,259.76,978.82,351.02,52
8,player,436,0,0,927.16,260.72,977.87,351.98,52
8,player,437,0,0,926.2,261.67,976.91,352.93,52
8,player,438,0,0,925.25,262.63,975.96,353.89,52
8,player,439,0,0,924.29,263.58,975.0,354.84,52
8,player,440,0,0,923.34,264.53,974.05,355.8,52
8,player,441,0,0,922.38,265.49,973.09,356.75,52
8,player,442,0,0,921.43,266.44,972.14,357.7,52
8,player,443,0,0,920.48,267.4,971.18,358.66,52
8,player,444,0,0,919.52,268.35,970.23,359.61,52
8,player,445,0,0,918.57,269.31,969.28,360.57,52
8,player,446,0,0,917.61,270.26,968.32,361.52,52
8,player,447,0,0,916.66,271.22,967.37,362.48,52
8,player,448,0,0,915.7,272.17,966.41,363.43,52
8,player,449,0,0,914.75,273.12,965.46,364.39,52
8,player,450,0,0,913.79,274.08,964.5,365.34,52
8,player,451,0,0,912.84,275.03,963.55,366.29,52
8,player,452,0,0,911.89,275.99,962.59,367.25,52
8,player,453,0,0,910.93,276.94,961.64,368.2,52
8,player,454,0,0,909.98,277.9,960.69,369.16,52
8,player,455,0,0,909.02,278.85,959.73,370.11,52
8,player,456,0,0,908.07,279.81,958.78,371.07,52
8,player,457,0,0,907.11,280.76,957.82,372.02,52
8,player,458,0,0,906.16,281.71,956.87,372.98,52
8,player,459,0,0,905.2,282.67,955.91,373.93,52
8,player,460,0,0,904.25,283.62,954.96,374.88,52
8,player,461,0,0,903.3,284.58,954.0,375.84,52
8,player,462,0,0,902.34,285.53,953.05,376.79,52
8,player,463,0,0,905.16,286.18,955.87,377.44,52
8,player,464,0,0,907.98,286.82,958.69,378.08,52
8,player,465,0,0,910.8,287.47,961.51,378.73,52
8,player,466,0,0,913.63,288.11,964.33,379.37,52
8,player,467,0,0,916.45,288.76,967.16,380.02,52
8,player,468,0,0,919.27,289.4,969.98,380.66,52
8,player,469,0,0,922.09,290.05,972.8,381.31,52
8,player,470,0,0,924.91,290.69,975.62,381.95,52
8,player,471,0,0,927.73,291.34,978.44,382.6,52
8,player,472,0,0,930.55,291.98,981.26,383.24,52
8,player,473,0,0,933.37,292.63,984.08,383.89,52
8,player,474,0,0,936.19,293.27,986.9,384.53,52
8,player,475,0,0,939.02,293.92,989.73,385.18,52
8,player,476,0,0,941.84,294.56,992.55,385.82,52
8,player,477,0,0,944.66,295.2,995.37,386.47,52
8,player,478,0,0,947.48,295.85,998.19,387.11,52
8,player,479,0,0,950.3,296.49,1001.01,387.76,52
8,player,480,0,0,953.12,297.14,1003.83,388.4,52
8,player,481,0,0,955.94,297.78,1006.65,389.04,52
8,player,482,0,0,958.76,298.43,1009.47,389.69,52
8,player,483,0,0,961.59,299.07,1012.29,390.33,52
8,player,484,0,0,964.41,299.72,1015.12,390.98,52
8,player,485,0,0,967.23,300.36,1017.94,391.62,52
8,player,486,0,0,970.05,301.01,1020.76,392.27,52
8,player,487,0,0,972.87,301.65,1023.58,392.91,52
8,player,488,0,0,975.69,302.3,1026.4,393.56,52
8,player,489,0,0,978.51,302.94,1029.22,394.2,52
8,player,490,0,0,981.33,303.59,1032.04,394.85,52
8,player,491,0,0,984.15,304.23,1034.86,395.49,52
8,player,492,0,0,986.98,304.88,1037.68,396.14,52
8,player,493,0,0,989.8,305.52,1040.51,396.78,52
8,player,494,0,0,992.62,306.17,1043.33,397.43,52
8,player,495,0,0,995.44,306.81,1046.15,398.07,52
8,player,496,0,0,998.26,307.46,1048.97,398.72,52
8,player,497,0,0,1001.08,308.1,1051.79,399.36,52
8,player,498,0,0,1003.9,308.75,1054.61,400.01,52
8,player,499,0,0,1006.72,309.39,1057.43,400.65,52
8,player,500,0,0,1009.55,310.04,1060.25,401.3,52
8,player,501,0,0,1012.37,310.68,1063.08,401.94,52
8,player,502,0,0,1016.14,310.76,1066.85,402.02,52
8,player,503,0,0,1019.91,310.84,1070.62,402.1,52
8,player,504,0,0,1023.68,310.92,1074.39,402.18,52
8,player,505,0,0,1027.46,311.0,1078.16,402.26,52
8,player,506,0,0,1031.23,311.07,1081.94,402.33,52
8,player,507,0,0,1035.0,311.15,1085.71,402.41,52
8,player,508,0,0,1038.77,311.23,1089.48,402.49,52
8,player,509,0,0,1042.54,311.31,1093.25,402.57,52
8,player,510,0,0,1046.32,311.39,1097.03,402.65,52
8,player,511,0,0,1050.09,311.47,1100.8,402.73,52
8,player,512,0,0,1053.86,311.55,1104.57,402.81,52
8,player,513,0,0,1057.63,311.62,1108.34,402.88,52
8,player,514,0,0,1061.41,311.7,1112.12,402.96,52
8,player,515,0,0,1065.18,311.78,1115.89,403.04,52
8,player,516,0,0,1068.95,311.86,1119.66,403.12,52
8,player,517,0,0,1072.72,311.94,1123.43,403.2,52
8,player,518,0,0,1076.5,312.02,1127.2,403.28,52
8,player,519,0,0,1080.27,312.1,1130.98,403.36,52
8,player,520,0,0,1084.04,312.17,1134.75,403.43,52
8,player,521,0,0,1087.81,312.25,1138.52,403.51,52
8,player,522,0,0,1091.58,312.33,1142.29,403.59,52
8,player,523,0,0,1095.36,312.41,1146.07,403.67,52
8,player,524,0,0,1099.13,312.49,1149.84,403.75,52
8,player,525,0,0,1102.9,312.57,1153.61,403.83,52
8,player,526,0,0,1106.67,312.65,1157.38,403.91,52
8,player,527,0,0,1110.45,312.72,1161.15,403.98,52
8,player,528,0,0,1114.22,312.8,1164.93,404.06,52
8,player,529,0,0,1117.99,312.88,1168.7,404.14,52
8,player,530,0,0,1121.76,312.96,1172.47,404.22,52
8,player,531,0,0,1125.53,313.04,1176.24,404.3,52
8,player,532,0,0,1129.31,313.12,1180.02,404.38,52
8,player,533,0,0,1133.08,313.2,1183.79,404.46,52
8,player,534,0,0,1136.85,313.27,1187.56,404.53,52
8,player,535,0,0,1140.62,313.35,1191.33,404.61,52
8,player,536,0,0,1144.4,313.43,1195.11,404.69,52
8,player,537,0,0,1148.17,313.51,1198.88,404.77,52
8,player,538,0,0,1151.94,313.59,1202.65,404.85,52
8,player,539,0,0,1155.71,313.67,1206.42,404.93,52
8,player,540,0,0,1159.49,313.75,1210.19,405.01,52
8,player,541,0,0,1163.26,313.82,1213.97,405.08,52
8,player,542,0,0,1166.3,313.82,1217.01,405.08,52
8,player,543,0,0,1169.34,313.82,1220.05,405.08,52
8,player,544,0,0,1172.39,313.82,1223.1,405.08,52
8,player,545,0,0,1175.43,313.82,1226.14,405.08,52
8,player,546,0,0,1178.48,313.82,1229.18,405.08,52
8,player,547,0,0,1181.52,313.82,1232.23,405.08,52
8,player,548,0,0,1184.56,313.82,1235.27,405.08,52
8,player,549,0,0,1187.61,313.82,1238.32,405.08,52
8,player,550,0,0,1190.65,313.82,1241.36,405.08,52
8,player,551,0,0,1193.69,313.82,1244.4,405.08,52
8,player,552,0,0,1196.74,313.82,1247.45,405.08,52
8,player,553,0,0,1199.78,313.82,1250.49,405.08,52
8,player,554,0,0,1202.82,313.82,1253.53,405.08,52
8,player,555,0,0,1205.87,313.82,1256.58,405.08,52
8,player,556,0,0,1208.91,313.82,1259.62,405.08,52
8,player,557,0,0,1211.96,313.82,1262.66,405.08,52
8,player,558,0,0,1215.0,313.82,1265.71,405.08,52
8,player,559,0,0,1218.04,313.82,1268.75,405.08,52
8,player,560,0,0,1221.09,313.82,1271.79,405.08,52
8,player,561,0,0,1224.13,313.82,1274.84,405.08,52
8,player,562,0,0,1227.17,313.82,1277.88,405.08,52
8,player,563,0,0,1230.22,313.82,1280.93,405.08,52
8,player,564,0,0,1233.26,313.82,1283.97,405.08,52
8,player,565,0,0,1236.3,313.82,1287.01,405.08,52
8,player,566,0,0,1237.7,313.82,1288.41,405.08,52
8,player,567,0,0,1239.1,313.82,1289.81,405.08,52
8,player,568,0,0,1240.5,313.82,1291.21,405.08,52
8,player,569,0,0,1241.9,313.82,1292.6,405.08,52
8,player,570,0,0,1243.29,313.82,1294.0,405.08,52
8,player,571,0,0,1244.69,313.82,1295.4,405.08,52
8,player,572,0,0,1246.09,313.82,1296.8,405.08,52
8,player,573,0,0,1247.49,313.82,1298.2,405.08,52
8,player,574,0,0,1248.89,313.82,1299.6,405.08,52
8,player,575,0,0,1250.28,313.82,1300.99,405.08,52
8,player,576,0,0,1251.68,313.82,1302.39,405.08,52
8,player,577,0,0,1253.08,313.82,1303.79,405.08,52
8,player,578,0,0,1254.48,313.82,1305.19,405.08,52
8,player,579,0,0,1255.88,313.82,1306.59,405.08,52
8,player,580,0,0,1257.27,313.82,1307.98,405.08,52
8,player,581,0,0,1258.67,313.82,1309.38,405.08,52
8,player,582,0,0,1260.07,313.82,1310.78,405.08,52
8,player,583,0,0,1261.47,313.82,1312.18,405.08,52
8,player,584,0,0,1262.87,313.82,1313.58,405.08,52
8,player,585,0,0,1264.38,314.43,1315.08,405.69,52
8,player,586,0,0,1265.88,315.03,1316.59,406.29,52
8,player,587,0,0,1267.39,315.64,1318.1,406.9,52
8,player,588,0,0,1268.9,316.24,1319.61,407.5,52
8,player,589,0,0,1270.41,316.84,1321.12,408.1,52
8,player,590,0,0,1271.92,317.45,1322.63,408.71,52
8,player,591,0,0,1273.43,318.05,1324.14,409.31,52
8,player,592,0,0,1274.94,318.65,1325.65,409.91,52
8,player,593,0,0,1276.45,319.26,1327.16,410.52,52
8,player,594,0,0,1277.96,319.86,1328.67,411.12,52
8,player,595,0,0,1279.47,320.46,1330.18,411.73,52
8,player,596,0,0,1278.01,320.67,1328.72,411.93,52
8,player,597,0,0,1276.56,320.88,1327.27,412.14,52
8,player,598,0,0,1275.1,321.09,1325.81,412.35,52
8,player,599,0,0,1273.65,321.3,1324.36,412.56,52
8,player,600,0,0,1272.19,321.5,1322.9,412.76,52
8,player,601,0,0,1270.74,321.71,1321.45,412.97,52
8,player,602,0,0,1269.28,321.92,1319.99,413.18,52
8,player,603,0,0,1267.83,322.13,1318.54,413.39,52
8,player,604,0,0,1266.38,322.34,1317.08,413.6,52
8,player,605,0,0,1264.92,322.54,1315.63,413.8,52
8,player,606,0,0,1263.47,322.75,1314.17,414.01,52
8,player,607,0,0,1262.01,322.96,1312.72,414.22,52
8,player,608,0,0,1260.56,323.17,1311.27,414.43,52
8,player,609,0,0,1259.1,323.37,1309.81,414.64,52
8,player,610,0,0,1257.65,323.58,1308.36,414.84,52
8,player,611,0,0,1256.19,323.79,1306.9,415.05,52
8,player,612,0,0,1254.74,324.0,1305.45,415.26,52
8,player,613,0,0,1253.28,324.21,1303.99,415.47,52
8,player,614,0,0,1251.83,324.41,1302.54,415.67,52
8,player,615,0,0,1250.37,324.62,1301.08,415.88,52
8,player,616,0,0,1248.92,324.83,1299.63,416.09,52
8,player,617,0,0,1247.46,325.04,1298.17,416.3,52
8,player,618,0,0,1246.01,325.25,1296.72,416.51,52
8,player,619,0,0,1244.55,325.45,1295.26,416.71,52
8,player,620,0,0,1243.1,325.66,1293.81,416.92,52
8,player,621,0,0,1241.64,325.87,1292.35,417.13,52
8,player,622,0,0,1240.19,326.08,1290.9,417.34,52
8,player,623,0,0,1238.74,326.28,1289.44,417.55,52
8,player,624,0,0,1237.28,326.49,1287.99,417.75,52
8,player,625,0,0,1237.04,327.03,1287.75,418.3,52
8,player,626,0,0,1236.8,327.58,1287.51,418.84,52
8,player,627,0,0,1236.56,328.12,1287.27,419.38,52
8,player,628,0,0,1236.32,328.66,1287.03,419.92,52
8,player,629,0,0,1236.07,329.2,1286.78,420.47,52
8,player,630,0,0,1235.83,329.75,1286.54,421.01,52
8,player,631,0,0,1235.59,330.29,1286.3,421.55,52
8,player,632,0,0,1235.35,330.83,1286.06,422.09,52
8,player,633,0,0,1235.11,331.37,1285.82,422.63,52
8,player,634,0,0,1234.87,331.92,1285.58,423.18,52
8,player,635,0,0,1234.63,332.46,1285.34,423.72,52
8,player,636,0,0,1234.39,333.0,1285.1,424.26,52
8,player,637,0,0,1234.15,333.54,1284.86,424.8,52
8,player,638,0,0,1233.91,334.09,1284.61,425.35,52
8,player,639,0,0,1233.66,334.63,1284.37,425.89,52
8,player,640,0,0,1233.42,335.17,1284.13,426.43,52
8,player,641,0,0,1233.18,335.71,1283.89,426.97,52
8,player,642,0,0,1232.94,336.26,1283.65,427.52,52
8,player,643,0,0,1232.7,336.8,1283.41,428.06,52
8,player,644,0,0,1232.46,337.34,1283.17,428.6,52
8,player,645,0,0,1232.22,337.88,1282.93,429.14,52
8,player,646,0,0,1231.98,338.43,1282.69,429.69,52
8,player,647,0,0,1231.74,338.97,1282.44,430.23,52
8,player,648,0,0,1231.49,339.51,1282.2,430.77,52
8,player,649,0,0,1231.25,340.05,1281.96,431.31,52
8,player,650,0,0,1231.01,340.6,1281.72,431.86,52
8,player,651,0,0,1230.77,341.14,1281.48,432.4,52
8,player,652,0,0,1230.53,341.68,1281.24,432.94,52
8,player,653,0,0,1230.29,342.22,1281.0,433.48,52
8,player,654,0,0,1230.05,342.76,1280.76,434.03,52
8,player,655,0,0,1229.81,343.31,1280.52,434.57,52
8,player,656,0,0,1229.57,343.85,1280.28,435.11,52
8,player,657,0,0,1229.32,344.39,1280.03,435.65,52
8,player,658,0,0,1229.08,344.93,1279.79,436.2,52
8,player,659,0,0,1228.84,345.48,1279.55,436.74,52
8,player,660,0,0,1228.6,346.02,1279.31,437.28,52
8,player,661,0,0,1228.36,346.56,1279.07,437.82,52
8,player,662,0,0,1228.12,347.1,1278.83,438.36,52
8,player,663,0,0,1227.88,347.65,1278.59,438.91,52
8,player,664,0,0,1227.64,348.19,1278.35,439.45,52
8,player,665,0,0,1227.4,348.73,1278.11,439.99,52
8,player,666,0,0,1227.16,349.27,1277.86,440.53,52
8,player,667,0,0,1226.91,349.82,1277.62,441.08,52
8,player,668,0,0,1226.67,350.36,1277.38,441.62,52
8,player,669,0,0,1226.43,350.9,1277.14,442.16,52
8,player,670,0,0,1226.19,351.44,1276.9,442.7,52
8,player,671,0,0,1225.95,351.99,1276.66,443.25,52
8,player,672,0,0,1225.71,352.53,1276.42,443.79,52
8,player,673,0,0,1225.47,353.07,1276.18,444.33,52
8,player,674,0,0,1225.23,353.61,1275.94,444.87,52
8,player,675,0,0,1227.76,353.61,1278.47,444.87,52
8,player,676,0,0,1230.3,353.61,1281.01,444.87,52
8,player,677,0,0,1232.83,353.61,1283.54,444.87,52
8,player,678,0,0,1235.37,353.61,1286.08,444.87,52
8,player,679,0,0,1237.9,353.61,1288.61,444.87,52
8,player,680,0,0,1240.44,353.61,1291.15,444.87,52
8,player,681,0,0,1242.97,353.61,1293.68,444.87,52
8,player,682,0,0,1245.51,353.61,1296.22,444.87,52
8,player,683,0,0,1248.04,353.61,1298.75,444.87,52
8,player,684,0,0,1250.58,353.61,1301.29,444.87,52
8,player,685,0,0,1253.11,353.61,1303.82,444.87,52
8,player,686,0,0,1254.8,354.46,1305.51,445.72,52
8,player,687,0,0,1256.49,355.3,1307.2,446.56,52
8,player,688,0,0,1258.18,356.15,1308.89,447.41,52
8,player,689,0,0,1259.87,356.99,1310.58,448.25,52
8,player,690,0,0,1261.56,357.84,1312.27,449.1,52
8,player,691,0,0,1263.25,358.68,1313.96,449.94,52
8,player,692,0,0,1264.94,359.53,1315.65,450.79,52
8,player,693,0,0,1266.64,360.37,1317.34,451.63,52
8,player,694,0,0,1268.33,361.22,1319.03,452.48,52
8,player,695,0,0,1268.65,361.62,1319.36,452.88,52
8,player,696,0,0,1268.97,362.03,1319.68,453.29,52
8,player,697,0,0,1269.29,362.43,1320.0,453.69,52
8,player,698,0,0,1269.62,362.83,1320.32,454.09,52
8,player,699,0,0,1269.94,363.23,1320.65,454.5,52
8,player,700,0,0,1270.26,363.64,1320.97,454.9,52
8,player,701,0,0,1270.58,364.04,1321.29,455.3,52
8,player,702,0,0,1270.91,364.44,1321.61,455.7,52
8,player,703,0,0,1271.23,364.85,1321.94,456.11,52
8,player,704,0,0,1271.55,365.25,1322.26,456.51,52
8,player,705,0,0,1271.87,365.65,1322.58,456.91,52
8,player,706,0,0,1272.2,366.06,1322.9,457.32,52
8,player,707,0,0,1272.52,366.46,1323.23,457.72,52
8,player,708,0,0,1272.84,366.86,1323.55,458.12,52
8,player,709,0,0,1273.16,367.27,1323.87,458.53,52
8,player,710,0,0,1273.49,367.67,1324.19,458.93,52
8,player,711,0,0,1273.81,368.07,1324.52,459.33,52
8,player,712,0,0,1274.13,368.48,1324.84,459.74,52
8,player,713,0,0,1274.45,368.88,1325.16,460.14,52
8,player,714,0,0,1274.78,369.28,1325.48,460.54,52
8,player,715,0,0,1275.1,369.68,1325.81,460.95,52
8,player,716,0,0,1275.42,370.09,1326.13,461.35,52
8,player,717,0,0,1275.74,370.49,1326.45,461.75,52
8,player,718,0,0,1276.07,370.89,1326.78,462.16,52
8,player,719,0,0,1276.39,371.3,1327.1,462.56,52
8,player,720,0,0,1276.71,371.7,1327.42,462.96,52
8,player,721,0,0,1277.03,372.1,1327.74,463.36,52
8,player,722,0,0,1277.36,372.51,1328.07,463.77,52
8,player,723,0,0,1277.68,372.91,1328.39,464.17,52
8,player,724,0,0,1278.0,373.31,1328.71,464.57,52
8,player,725,0,0,1278.32,373.72,1329.03,464.98,52
8,player,726,0,0,1278.65,374.12,1329.36,465.38,52
8,player,727,0,0,1278.97,374.52,1329.68,465.78,52
8,player,728,0,0,1279.29,374.93,1330.0,466.19,52
8,player,729,0,0,1279.61,375.33,1330.32,466.59,52
8,player,730,0,0,1279.94,375.73,1330.65,466.99,52
8,player,731,0,0,1280.26,376.14,1330.97,467.4,52
8,player,732,0,0,1280.58,376.54,1331.29,467.8,52
8,player,733,0,0,1280.9,376.94,1331.61,468.2,52
8,player,734,0,0,1281.23,377.34,1331.94,468.61,52
8,player,735,0,0,1281.55,377.75,1332.26,469.01,52
8,player,736,0,0,1286.84,379.07,1337.55,470.33,52
8,player,737,0,0,1292.13,380.39,1342.84,471.65,52
8,player,738,0,0,1297.42,381.71,1348.13,472.98,52
8,player,739,0,0,1302.71,383.04,1353.42,474.3,52
8,player,740,0,0,1308.0,384.36,1358.7,475.62,52
8,player,741,0,0,1313.71,385.26,1364.41,476.52,52
8,player,742,0,0,1319.42,386.16,1370.12,477.42,52
8,player,743,0,0,1325.12,387.06,1375.83,478.32,52
8,player,744,0,0,1330.83,387.97,1381.54,479.23,52
8,player,745,0,0,1336.54,388.87,1387.25,480.13,52
8,player,746,0,0,1342.25,389.77,1392.96,481.03,52
8,player,747,0,0,1347.96,390.67,1398.67,481.93,52
8,player,748,0,0,1353.67,391.57,1404.38,482.83,52
8,player,749,0,0,1359.38,392.47,1410.09,483.73,52
8,player,750,0,0,1365.09,393.37,1415.8,484.64,52
8,player,751,0,0,1370.8,394.28,1421.51,485.54,52
8,player,752,0,0,1373.51,394.88,1424.22,486.14,52
8,player,753,0,0,1376.21,395.48,1426.92,486.74,52
8,player,754,0,0,1378.92,396.08,1429.63,487.34,52
8,player,755,0,0,1381.62,396.68,1432.33,487.94,52
8,player,756,0,0,1384.33,397.28,1435.04,488.54,52
8,player,757,0,0,1387.03,397.88,1437.74,489.14,52
8,player,758,0,0,1389.74,398.48,1440.45,489.74,52
8,player,759,0,0,1392.44,399.09,1443.15,490.35,52
8,player,760,0,0,1395.15,399.69,1445.86,490.95,52
8,player,761,0,0,1397.85,400.29,1448.56,491.55,52
8,player,762,0,0,1400.56,400.89,1451.27,492.15,52
8,player,763,0,0,1406.29,400.89,1457.0,492.15,52
8,player,764,0,0,1412.03,400.89,1462.74,492.15,52
8,player,765,0,0,1417.77,400.89,1468.48,492.15,52
8,player,766,0,0,1423.5,400.89,1474.21,492.15,52
8,player,767,0,0,1429.24,400.89,1479.95,492.15,52
8,player,768,0,0,1434.98,400.89,1485.68,492.15,52
8,player,769,0,0,1440.71,400.89,1491.42,492.15,52
8,player,770,0,0,1446.45,400.89,1497.16,492.15,52
8,player,771,0,0,1452.19,400.89,1502.89,492.15,52
8,player,772,0,0,1457.92,400.89,1508.63,492.15,52
8,player,773,0,0,1463.66,400.89,1514.37,492.15,52
8,player,774,0,0,1469.39,400.89,1520.1,492.15,52
8,player,775,0,0,1475.13,400.89,1525.84,492.15,52
8,player,776,0,0,1480.87,400.89,1531.58,492.15,52
8,player,777,0,0,1486.6,400.89,1537.31,492.15,52
8,player,778,0,0,1492.34,400.89,1543.05,492.15,52
8,player,779,0,0,1498.08,400.89,1548.79,492.15,52
8,player,780,0,0,1503.81,400.89,1554.52,492.15,52
8,player,781,0,0,1509.55,400.89,1560.26,492.15,52
8,player,782,0,0,1515.29,400.89,1566.0,492.15,52
8,player,783,0,0,1521.02,400.89,1571.73,492.15,52
8,player,784,0,0,1526.76,400.89,1577.47,492.15,52
8,player,785,0,0,1532.5,400.89,1583.21,492.15,52
8,player,786,0,0,1538.23,400.89,1588.94,492.15,52
8,player,787,0,0,1543.97,400.89,1594.68,492.15,52
8,player,788,0,0,1549.71,400.89,1600.42,492.15,52
8,player,789,0,0,1555.44,400.89,1606.15,492.15,52
8,player,790,0,0,1561.18,400.89,1611.89,492.15,52
8,player,791,0,0,1566.92,400.89,1617.63,492.15,52
8,player,792,0,0,1572.65,400.89,1623.36,492.15,52
8,player,793,0,0,1578.39,400.89,1629.1,492.15,52
8,player,794,0,0,1584.13,400.89,1634.83,492.15,52
8,player,795,0,0,1589.86,400.89,1640.57,492.15,52
8,player,796,0,0,1595.6,400.89,1646.31,492.15,52
8,player,797,0,0,1601.28,400.39,1651.99,491.66,52
8,player,798,0,0,1606.96,399.9,1657.67,491.16,52
8,player,799,0,0,1612.65,399.41,1663.36,490.67,52
8,player,800,0,0,1618.33,398.91,1669.04,490.17,52
8,player,801,0,0,1624.01,398.42,1674.72,489.68,52
8,player,802,0,0,1629.69,397.92,1680.4,489.18,52
8,player,803,0,0,1635.38,397.43,1686.09,488.69,52
8,player,804,0,0,1641.06,396.94,1691.77,488.2,52
8,player,805,0,0,1646.74,396.44,1697.45,487.7,52
8,player,806,0,0,1652.42,395.95,1703.13,487.21,52
8,player,807,0,0,1658.11,395.45,1708.82,486.71,52
8,player,808,0,0,1663.79,394.96,1714.5,486.22,52
8,player,809,0,0,1666.96,394.33,1717.67,485.59,52
8,player,810,0,0,1670.13,393.69,1720.84,484.95,52
8,player,811,0,0,1673.3,393.06,1724.01,484.32,52
8,player,812,0,0,1676.46,392.42,1727.17,483.68,52
8,player,813,0,0,1680.21,391.96,1730.92,483.22,52
8,player,814,0,0,1683.96,391.49,1734.67,482.75,52
8,player,815,0,0,1687.71,391.02,1738.42,482.28,52
8,player,816,0,0,1691.46,390.55,1742.16,481.81,52
8,player,817,0,0,1695.2,390.08,1745.91,481.34,52
8,player,818,0,0,1698.95,389.61,1749.66,480.87,52
8,player,819,0,0,1702.7,389.14,1753.41,480.41,52
8,player,820,0,0,1706.45,388.68,1757.16,479.94,52
8,player,821,0,0,1710.19,388.21,1760.9,479.47,52
8,player,822,0,0,1713.94,387.74,1764.65,479.0,52
8,player,823,0,0,1717.69,387.27,1768.4,478.53,52
8,player,824,0,0,1721.44,386.8,1772.15,478.06,52
8,player,825,0,0,1725.18,386.33,1775.89,477.59,52
8,player,826,0,0,1728.93,385.87,1779.64,477.13,52
8,player,827,0,0,1732.68,385.4,1783.39,476.66,52
8,player,828,0,0,1736.43,384.93,1787.14,476.19,52
8,player,829,0,0,1740.17,384.46,1790.88,475.72,52
8,player,830,0,0,1743.92,383.99,1794.63,475.25,52
8,player,831,0,0,1747.67,383.52,1798.38,474.78,52
8,player,832,0,0,1749.04,383.3,1799.75,474.56,52
8,player,833,0,0,1750.41,383.07,1801.12,474.33,52
8,player,834,0,0,1751.78,382.84,1802.49,474.1,52
8,player,835,0,0,1753.15,382.61,1803.86,473.87,52
8,player,836,0,0,1754.52,382.38,1805.23,473.64,52
8,player,837,0,0,1755.89,382.15,1806.59,473.41,52
8,player,838,0,0,1757.25,381.93,1807.96,473.19,52
8,player,839,0,0,1758.62,381.7,1809.33,472.96,52
8,player,840,0,0,1759.99,381.47,1810.7,472.73,52
8,player,841,0,0,1761.36,381.24,1812.07,472.5,52
8,player,842,0,0,1762.73,381.01,1813.44,472.27,52
8,player,843,0,0,1764.1,380.78,1814.81,472.05,52
8,player,844,0,0,1765.47,380.56,1816.18,471.82,52
8,player,845,0,0,1765.47,380.56,1816.18,471.82,52
8,player,846,0,0,1765.47,380.56,1816.18,471.82,52
8,player,847,0,0,1765.47,380.56,1816.18,471.82,52
8,player,848,0,0,1765.47,380.56,1816.18,471.82,52
8,player,849,0,0,1765.47,380.56,1816.18,471.82,52
8,player,850,0,0,1765.47,380.56,1816.18,471.82,52
8,player,851,0,0,1765.47,380.56,1816.18,471.82,52
8,player,852,0,0,1765.47,380.56,1816.18,471.82,52
8,player,853,0,0,1765.47,380.56,1816.18,471.82,52
8,player,854,0,0,1765.47,380.56,1816.18,471.82,52
8,player,855,0,0,1765.47,380.56,1816.18,471.82,52
8,player,856,0,0,1765.47,380.56,1816.18,471.82,52
8,player,857,0,0,1765.47,380.56,1816.18,471.82,52
8,player,858,0,0,1765.47,380.56,1816.18,471.82,52
8,player,859,0,0,1765.47,380.56,1816.18,471.82,52
8,player,860,0,0,1765.47,380.56,1816.18,471.82,52
8,player,861,0,0,1765.47,380.56,1816.18,471.82,52
8,player,862,0,0,1765.47,380.56,1816.18,471.82,52
8,player,863,0,0,1765.47,380.56,1816.18,471.82,52
8,player,864,0,0,1765.47,380.56,1816.18,471.82,52
8,player,865,0,0,1765.47,380.56,1816.18,471.82,52
8,player,866,0,0,1765.47,380.56,1816.18,471.82,52
8,player,867,0,0,1765.47,380.56,1816.18,471.82,52
8,player,868,0,0,1765.47,380.56,1816.18,471.82,52
8,player,869,0,0,1765.47,380.56,1816.18,471.82,52
8,player,870,0,0,1765.47,380.56,1816.18,471.82,52
8,player,871,0,0,1765.47,380.56,1816.18,471.82,52
8,player,872,0,0,1765.47,380.56,1816.18,471.82,52
8,player,873,0,0,1765.47,380.56,1816.18,471.82,52
8,player,874,0,0,1765.47,380.56,1816.18,471.82,52
8,player,875,0,0,1765.47,380.56,1816.18,471.82,52
8,player,876,0,0,1765.47,380.56,1816.18,471.82,52
8,player,877,0,0,1765.47,380.56,1816.18,471.82,52
8,player,878,0,0,1765.47,380.56,1816.18,471.82,52
8,player,879,0,0,1765.47,380.56,1816.18,471.82,52
8,player,880,0,0,1765.47,380.56,1816.18,471.82,52
8,player,881,0,0,1765.47,380.56,1816.18,471.82,52
8,player,882,0,0,1765.47,380.56,1816.18,471.82,52
8,player,883,0,0,1765.47,380.56,1816.18,471.82,52
8,player,884,0,0,1765.47,380.56,1816.18,471.82,52
8,player,885,0,0,1765.47,380.56,1816.18,471.82,52
8,player,886,0,0,1765.47,380.56,1816.18,471.82,52
8,player,887,0,0,1765.47,380.56,1816.18,471.82,52
8,player,888,0,0,1765.47,380.56,1816.18,471.82,52
8,player,889,0,0,1765.47,380.56,1816.18,471.82,52
8,player,890,0,0,1765.47,380.56,1816.18,471.82,52
8,player,891,0,0,1765.47,380.56,1816.18,471.82,52
8,player,892,0,0,1765.47,380.56,1816.18,471.82,52
8,player,893,0,0,1765.47,380.56,1816.18,471.82,52
8,player,894,0,0,1765.47,380.56,1816.18,471.82,52
8,player,895,0,0,1765.47,380.56,1816.18,471.82,52
8,player,896,0,0,1765.47,380.56,1816.18,471.82,52
8,player,897,0,0,1765.47,380.56,1816.18,471.82,52
8,player,898,0,0,1765.47,380.56,1816.18,471.82,52
8,player,899,0,0,1765.47,380.56,1816.18,471.82,52
9,player,0,0,0,1555.56,209.7,1602.9,304.4,87
9,player,1,0,0,1557.23,210.53,1604.56,305.23,87
9,player,2,0,0,1558.89,211.36,1606.23,306.06,87
9,player,3,0,0,1560.55,212.2,1607.89,306.9,87
9,player,4,0,0,1556.5,212.82,1603.84,307.52,87
9,player,5,0,0,1552.44,213.44,1599.78,308.14,87
9,player,6,0,0,1548.39,214.07,1595.73,308.77,87
9,player,7,0,0,1544.33,214.69,1591.67,309.39,87
9,player,8,0,0,1540.28,215.31,1587.62,310.01,87
9,player,9,0,0,1536.22,215.94,1583.56,310.64,87
9,player,10,0,0,1532.17,216.56,1579.51,311.26,87
9,player,11,0,0,1528.12,217.19,1575.45,311.89,87
9,player,12,0,0,1518.85,218.55,1566.19,313.25,87
9,player,13,0,0,1509.58,219.92,1556.92,314.62,87
9,player,14,0,0,1500.31,221.29,1547.65,315.99,87
9,player,15,0,0,1491.05,222.65,1538.38,317.35,87
9,player,16,0,0,1481.78,224.02,1529.12,318.72,87
9,player,17,0,0,1472.51,225.39,1519.85,320.09,87
9,player,18,0,0,1463.24,226.76,1510.58,321.46,87
9,player,19,0,0,1453.98,228.12,1501.31,322.82,87
9,player,20,0,0,1444.71,229.49,1492.05,324.19,87
9,player,21,0,0,1435.44,230.86,1482.78,325.56,87
9,player,22,0,0,1426.18,232.23,1473.51,326.93,87
9,player,23,0,0,1416.91,233.59,1464.25,328.29,87
9,player,24,0,0,1407.64,234.96,1454.98,329.66,87
9,player,25,0,0,1398.37,236.33,1445.71,331.03,87
9,player,26,0,0,1389.11,237.7,1436.44,332.39,87
9,player,27,0,0,1379.84,239.06,1427.18,333.76,87
9,player,28,0,0,1370.57,240.43,1417.91,335.13,87
9,player,29,0,0,1369.4,240.25,1416.74,334.95,87
9,player,30,0,0,1368.24,240.06,1415.57,334.76,87
9,player,31,0,0,1367.07,239.88,1414.41,334.58,87
9,player,32,0,0,1365.9,239.7,1413.24,334.4,87
9,player,33,0,0,1364.73,239.51,1412.07,334.21,87
9,player,34,0,0,1363.57,239.33,1410.9,334.03,87
9,player,35,0,0,1362.4,239.15,1409.74,333.85,87
9,player,36,0,0,1361.23,238.96,1408.57,333.66,87
9,player,37,0,0,1360.07,238.78,1407.4,333.48,87
9,player,38,0,0,1358.9,238.6,1406.24,333.3,87
9,player,39,0,0,1357.73,238.42,1405.07,333.12,87
9,player,40,0,0,1356.56,238.23,1403.9,332.93,87
9,player,41,0,0,1355.4,238.05,1402.73,332.75,87
9,player,42,0,0,1354.23,237.87,1401.57,332.57,87
9,player,43,0,0,1353.06,237.68,1400.4,332.38,87
9,player,44,0,0,1351.89,237.5,1399.23,332.2,87
9,player,45,0,0,1350.73,237.32,1398.06,332.02,87
9,player,46,0,0,1349.56,237.13,1396.9,331.83,87
9,player,47,0,0,1348.39,236.95,1395.73,331.65,87
9,player,48,0,0,1347.22,236.77,1394.56,331.47,87
9,player,49,0,0,1346.06,236.58,1393.39,331.28,87
9,player,50,0,0,1344.89,236.4,1392.23,331.1,87
9,player,51,0,0,1343.72,236.22,1391.06,330.92,87
9,player,52,0,0,1342.56,236.04,1389.89,330.73,87
9,player,53,0,0,1341.39,235.85,1388.73,330.55,87
9,player,54,0,0,1340.22,235.67,1387.56,330.37,87
9,player,55,0,0,1339.05,235.49,1386.39,330.19,87
9,player,56,0,0,1337.89,235.3,1385.22,330.0,87
9,player,57,0,0,1336.72,235.12,1384.06,329.82,87
9,player,58,0,0,1335.55,234.94,1382.89,329.64,87
9,player,59,0,0,1334.38,234.75,1381.72,329.45,87
9,player,60,0,0,1333.22,234.57,1380.55,329.27,87
9,player,61,0,0,1332.05,234.39,1379.39,329.09,87
9,player,62,0,0,1330.88,234.2,1378.22,328.9,87
9,player,63,0,0,1329.71,234.02,1377.05,328.72,87
9,player,64,0,0,1328.55,233.84,1375.88,328.54,87
9,player,65,0,0,1327.38,233.65,1374.72,328.35,87
9,player,66,0,0,1326.21,233.47,1373.55,328.17,87
9,player,67,0,0,1325.05,233.29,1372.38,327.99,87
9,player,68,0,0,1323.88,233.11,1371.22,327.81,87
9,player,69,0,0,1322.71,232.92,1370.05,327.62,87
9,player,70,0,0,1321.54,232.74,1368.88,327.44,87
9,player,71,0,0,1320.38,232.56,1367.71,327.26,87
9,player,72,0,0,1319.21,232.37,1366.55,327.07,87
9,player,73,0,0,1318.04,232.19,1365.38,326.89,87
9,player,74,0,0,1316.87,232.01,1364.21,326.71,87
9,player,75,0,0,1315.71,231.82,1363.04,326.52,87
9,player,76,0,0,1314.54,231.64,1361.88,326.34,87
9,player,77,0,0,1313.37,231.46,1360.71,326.16,87
9,player,78,0,0,1312.2,231.27,1359.54,325.97,87
9,player,79,0,0,1311.04,231.09,1358.37,325.79,87
9,player,80,0,0,1309.87,230.91,1357.21,325.61,87
9,player,81,0,0,1308.7,230.73,1356.04,325.42,87
9,player,82,0,0,1307.54,230.54,1354.87,325.24,87
9,player,83,0,0,1306.37,230.36,1353.71,325.06,87
9,player,84,0,0,1305.2,230.18,1352.54,324.88,87
9,player,85,0,0,1304.03,229.99,1351.37,324.69,87
9,player,86,0,0,1302.87,229.81,1350.2,324.51,87
9,player,87,0,0,1301.7,229.63,1349.04,324.33,87
9,player,88,0,0,1300.53,229.44,1347.87,324.14,87
9,player,89,0,0,1299.36,229.26,1346.7,323.96,87
9,player,90,0,0,1298.2,229.08,1345.53,323.78,87
9,player,91,0,0,1297.03,228.89,1344.37,323.59,87
9,player,92,0,0,1295.86,228.71,1343.2,323.41,87
9,player,93,0,0,1294.69,228.53,1342.03,323.23,87
9,player,94,0,0,1293.53,228.34,1340.86,323.04,87
9,player,95,0,0,1292.36,228.16,1339.7,322.86,87
9,player,96,0,0,1291.19,227.98,1338.53,322.68,87
9,player,97,0,0,1290.03,227.8,1337.36,322.5,87
9,player,98,0,0,1288.86,227.61,1336.2,322.31,87
9,player,99,0,0,1287.69,227.43,1335.03,322.13,87
9,player,100,0,0,1286.52,227.25,1333.86,321.95,87
9,player,101,0,0,1285.36,227.06,1332.69,321.76,87
9,player,102,0,0,1284.19,226.88,1331.53,321.58,87
9,player,103,0,0,1283.02,226.7,1330.36,321.4,87
9,player,104,0,0,1281.85,226.51,1329.19,321.21,87
9,player,105,0,0,1280.69,226.33,1328.02,321.03,87
9,player,106,0,0,1279.52,226.15,1326.86,320.85,87
9,player,107,0,0,1278.35,225.96,1325.69,320.66,87
9,player,108,0,0,1277.18,225.78,1324.52,320.48,87
9,player,109,0,0,1276.02,225.6,1323.36,320.3,87
9,player,110,0,0,1274.85,225.42,1322.19,320.11,87
9,player,111,0,0,1273.68,225.23,1321.02,319.93,87
9,player,112,0,0,1272.52,225.05,1319.85,319.75,87
9,player,113,0,0,1271.35,224.87,1318.69,319.57,87
9,player,114,0,0,1270.18,224.68,1317.52,319.38,87
9,player,115,0,0,1269.01,224.5,1316.35,319.2,87
9,player,116,0,0,1267.85,224.32,1315.18,319.02,87
9,player,117,0,0,1266.68,224.13,1314.02,318.83,87
9,player,118,0,0,1265.51,223.95,1312.85,318.65,87
9,player,119,0,0,1264.34,223.77,1311.68,318.47,87
9,player,120,0,0,1263.18,223.58,1310.51,318.28,87
9,player,121,0,0,1262.01,223.4,1309.35,318.1,87
9,player,122,0,0,1260.84,223.22,1308.18,317.92,87
9,player,123,0,0,1259.67,223.03,1307.01,317.73,87
9,player,124,0,0,1258.51,222.85,1305.85,317.55,87
9,player,125,0,0,1257.34,222.67,1304.68,317.37,87
9,player,126,0,0,1256.17,222.49,1303.51,317.19,87
9,player,127,0,0,1255.01,222.3,1302.34,317.0,87
9,player,128,0,0,1253.84,222.12,1301.18,316.82,87
9,player,129,0,0,1252.67,221.94,1300.01,316.64,87
9,player,130,0,0,1251.5,221.75,1298.84,316.45,87
9,player,131,0,0,1250.34,221.57,1297.67,316.27,87
9,player,132,0,0,1249.17,221.39,1296.51,316.09,87
9,player,133,0,0,1247.17,221.05,1294.5,315.75,87
9,player,134,0,0,1245.17,220.72,1292.5,315.42,87
9,player,135,0,0,1243.16,220.39,1290.5,315.09,87
9,player,136,0,0,1241.16,220.05,1288.5,314.75,87
9,player,137,0,0,1239.16,219.72,1286.5,314.42,87
9,player,138,0,0,1237.16,219.39,1284.5,314.09,87
9,player,139,0,0,1235.16,219.05,1282.5,313.75,87
9,player,140,0,0,1233.16,218.72,1280.49,313.42,87
9,player,141,0,0,1231.16,218.38,1278.49,313.08,87
9,player,142,0,0,1229.15,218.05,1276.49,312.75,87
9,player,143,0,0,1227.15,217.72,1274.49,312.42,87
9,player,144,0,0,1225.15,217.38,1272.49,312.08,87
9,player,145,0,0,1223.15,217.05,1270.49,311.75,87
9,player,146,0,0,1221.15,216.72,1268.49,311.42,87
9,player,147,0,0,1219.15,216.38,1266.48,311.08,87
9,player,148,0,0,1217.15,216.05,1264.48,310.75,87
9,player,149,0,0,1215.14,215.72,1262.48,310.42,87
9,player,150,0,0,1213.14,215.38,1260.48,310.08,87
9,player,151,0,0,1211.14,215.05,1258.48,309.75,87
9,player,152,0,0,1209.14,214.72,1256.48,309.42,87
9,player,153,0,0,1207.14,214.38,1254.48,309.08,87
9,player,154,0,0,1205.14,214.05,1252.47,308.75,87
9,player,155,0,0,1203.13,213.71,1250.47,308.41,87
9,player,156,0,0,1201.13,213.38,1248.47,308.08,87
9,player,157,0,0,1199.13,213.05,1246.47,307.75,87
9,player,158,0,0,1197.13,212.71,1244.47,307.41,87
9,player,159,0,0,1195.13,212.38,1242.47,307.08,87
9,player,160,0,0,1193.13,212.05,1240.46,306.75,87
9,player,161,0,0,1191.13,211.71,1238.46,306.41,87
9,player,162,0,0,1189.12,211.38,1236.46,306.08,87
9,player,163,0,0,1187.12,211.05,1234.46,305.75,87
9,player,164,0,0,1185.12,210.71,1232.46,305.41,87
9,player,165,0,0,1183.12,210.38,1230.46,305.08,87
9,player,166,0,0,1181.12,210.05,1228.46,304.75,87
9,player,167,0,0,1179.12,209.71,1226.45,304.41,87
9,player,168,0,0,1177.12,209.38,1224.45,304.08,87
9,player,169,0,0,1175.11,209.04,1222.45,303.74,87
9,player,170,0,0,1173.11,208.71,1220.45,303.41,87
9,player,171,0,0,1177.17,208.2,1224.51,302.9,87
9,player,172,0,0,1181.22,207.7,1228.56,302.4,87
9,player,173,0,0,1185.28,207.19,1232.62,301.89,87
9,player,174,0,0,1189.34,206.68,1236.68,301.38,87
9,player,175,0,0,1193.39,206.18,1240.73,300.88,87
9,player,176,0,0,1197.45,205.67,1244.79,300.37,87
9,player,177,0,0,1201.51,205.16,1248.84,299.86,87
9,player,178,0,0,1205.56,204.65,1252.9,299.35,87
9,player,179,0,0,1209.62,204.15,1256.96,298.85,87
9,player,180,0,0,1213.68,203.64,1261.01,298.34,87
9,player,181,0,0,1220.24,204.1,1267.58,298.8,87
9,player,182,0,0,1226.81,204.56,1274.15,299.26,87
9,player,183,0,0,1233.38,205.02,1280.72,299.72,87
9,player,184,0,0,1239.95,205.48,1287.29,300.18,87
9,player,185,0,0,1246.52,205.95,1293.86,300.65,87
9,player,186,0,0,1253.09,206.41,1300.42,301.11,87
9,player,187,0,0,1259.66,206.87,1306.99,301.57,87
9,player,188,0,0,1266.22,207.33,1313.56,302.03,87
9,player,189,0,0,1272.79,207.79,1320.13,302.49,87
9,player,190,0,0,1279.36,208.25,1326.7,302.95,87
9,player,191,0,0,1285.93,208.71,1333.27,303.41,87
9,player,192,0,0,1292.5,209.17,1339.84,303.87,87
9,player,193,0,0,1299.07,209.63,1346.4,304.33,87
9,player,194,0,0,1305.63,210.09,1352.97,304.79,87
9,player,195,0,0,1312.2,210.55,1359.54,305.25,87
9,player,196,0,0,1318.77,211.02,1366.11,305.72,87
9,player,197,0,0,1325.34,211.48,1372.68,306.18,87
9,player,198,0,0,1331.91,211.94,1379.25,306.64,87
9,player,199,0,0,1338.48,212.4,1385.81,307.1,87
9,player,200,0,0,1345.05,212.86,1392.38,307.56,87
9,player,201,0,0,1351.61,213.32,1398.95,308.02,87
9,player,202,0,0,1358.18,213.78,1405.52,308.48,87
9,player,203,0,0,1363.8,213.78,1411.13,308.48,87
9,player,204,0,0,1369.41,213.78,1416.75,308.48,87
9,player,205,0,0,1375.02,213.78,1422.36,308.48,87
9,player,206,0,0,1380.64,213.78,1427.97,308.48,87
9,player,207,0,0,1386.25,213.78,1433.59,308.48,87
9,player,208,0,0,1391.86,213.78,1439.2,308.48,87
9,player,209,0,0,1397.48,213.78,1444.82,308.48,87
9,player,210,0,0,1403.09,213.78,1450.43,308.48,87
9,player,211,0,0,1408.71,213.78,1456.04,308.48,87
9,player,212,0,0,1414.32,213.78,1461.66,308.48,87
9,player,213,0,0,1419.93,213.78,1467.27,308.48,87
9,player,214,0,0,1425.55,213.78,1472.88,308.48,87
9,player,215,0,0,1431.16,213.78,1478.5,308.48,87
9,player,216,0,0,1436.77,213.78,1484.11,308.48,87
9,player,217,0,0,1443.42,214.3,1490.76,309.0,87
9,player,218,0,0,1450.07,214.82,1497.41,309.52,87
9,player,219,0,0,1456.72,215.34,1504.06,310.04,87
9,player,220,0,0,1463.37,215.86,1510.71,310.56,87
9,player,221,0,0,1470.02,216.38,1517.36,311.08,87
9,player,222,0,0,1476.67,216.9,1524.01,311.6,87
9,player,223,0,0,1483.32,217.42,1530.65,312.12,87
9,player,224,0,0,1489.97,217.94,1537.3,312.64,87
9,player,225,0,0,1496.61,218.46,1543.95,313.16,87
9,player,226,0,0,1503.26,218.98,1550.6,313.68,87
9,player,227,0,0,1509.91,219.5,1557.25,314.19,87
9,player,228,0,0,1516.56,220.01,1563.9,314.71,87
9,player,229,0,0,1523.21,220.53,1570.55,315.23,87
9,player,230,0,0,1529.86,221.05,1577.2,315.75,87
9,player,231,0,0,1536.51,221.57,1583.84,316.27,87
9,player,232,0,0,1543.16,222.09,1590.49,316.79,87
9,player,233,0,0,1549.81,222.61,1597.14,317.31,87
9,player,234,0,0,1556.45,223.13,1603.79,317.83,87
9,player,235,0,0,1563.1,223.65,1610.44,318.35,87
9,player,236,0,0,1569.75,224.17,1617.09,318.87,87
9,player,237,0,0,1576.4,224.69,1623.74,319.39,87
9,player,238,0,0,1583.05,225.21,1630.39,319.91,87
9,player,239,0,0,1589.7,225.73,1637.04,320.43,87
9,player,240,0,0,1596.35,226.25,1643.68,320.95,87
9,player,241,0,0,1603.0,226.77,1650.33,321.47,87
9,player,242,0,0,1609.64,227.29,1656.98,321.99,87
9,player,243,0,0,1616.29,227.81,1663.63,322.51,87
9,player,244,0,0,1622.94,228.33,1670.28,323.03,87
9,player,245,0,0,1629.59,228.84,1676.93,323.54,87
9,player,246,0,0,1636.24,229.36,1683.58,324.06,87
9,player,247,0,0,1642.89,229.88,1690.23,324.58,87
9,player,248,0,0,1649.54,230.4,1696.88,325.1,87
9,player,249,0,0,1656.19,230.92,1703.52,325.62,87
9,player,250,0,0,1662.84,231.44,1710.17,326.14,87
9,player,251,0,0,1669.48,231.96,1716.82,326.66,87
9,player,252,0,0,1676.13,232.48,1723.47,327.18,87
9,player,253,0,0,1682.78,233.0,1730.12,327.7,87
9,player,254,0,0,1689.43,233.52,1736.77,328.22,87
9,player,255,0,0,1696.08,234.04,1743.42,328.74,87
9,player,256,0,0,1702.73,234.56,1750.07,329.26,87
9,player,257,0,0,1709.38,235.08,1756.72,329.78,87
9,player,258,0,0,1716.03,235.6,1763.36,330.3,87
9,player,259,0,0,1722.68,236.12,1770.01,330.82,87
9,player,260,0,0,1729.32,236.64,1776.66,331.34,87
9,player,261,0,0,1735.97,237.16,1783.31,331.86,87
9,player,262,0,0,1742.62,237.68,1789.96,332.38,87
9,player,263,0,0,1749.27,238.19,1796.61,332.89,87
9,player,264,0,0,1755.92,238.71,1803.26,333.41,87
9,player,265,0,0,1762.57,239.23,1809.91,333.93,87
9,player,266,0,0,1769.22,239.75,1816.55,334.45,87
9,player,267,0,0,1775.87,240.27,1823.2,334.97,87
9,player,268,0,0,1782.52,240.79,1829.85,335.49,87
9,player,269,0,0,1789.16,241.31,1836.5,336.01,87
9,player,270,0,0,1792.66,241.31,1839.98,336.01,87
9,player,271,0,0,1796.16,241.31,1843.46,336.01,87
9,player,272,0,0,1799.66,241.31,1846.94,336.01,87
9,player,273,0,0,1803.15,241.31,1850.42,336.01,87
9,player,274,0,0,1806.65,241.31,1853.9,336.01,87
9,player,275,0,0,1810.15,241.31,1857.38,336.01,87
9,player,276,0,0,1813.65,241.31,1860.86,336.01,87
9,player,277,0,0,1817.14,241.31,1864.33,336.01,87
9,player,278,0,0,1820.64,241.31,1867.81,336.01,87
9,player,279,0,0,1824.14,241.31,1871.29,336.01,87
9,player,280,0,0,1827.64,241.31,1874.77,336.01,87
9,player,281,0,0,1831.13,241.31,1878.25,336.01,87
9,player,282,0,0,1834.63,241.31,1881.73,336.01,87
9,player,283,0,0,1838.13,241.31,1885.21,336.01,87
9,player,284,0,0,1841.63,241.31,1888.69,336.01,87
9,player,285,0,0,1845.12,241.31,1892.17,336.01,87
9,player,286,0,0,1848.62,241.31,1895.65,336.01,87
9,player,287,0,0,1852.12,241.31,1899.13,336.01,87
9,player,288,0,0,1855.62,241.31,1902.6,336.01,87
9,player,289,0,0,1859.11,241.31,1906.08,336.01,87
9,player,290,0,0,1862.61,241.31,1909.56,336.01,87
9,player,291,0,0,1866.11,241.31,1913.04,336.01,87
9,player,292,0,0,1869.61,241.31,1916.52,336.01,87
9,player,293,0,0,1873.1,241.31,1920.0,336.01,87
9,player,294,0,0,1872.39,241.79,1919.28,336.49,87
9,player,295,0,0,1871.67,242.27,1918.57,336.97,87
9,player,296,0,0,1870.95,242.75,1917.85,337.45,87
9,player,297,0,0,1870.23,243.22,1917.13,337.92,87
9,player,298,0,0,1869.52,243.7,1916.41,338.4,87
9,player,299,0,0,1868.8,244.18,1915.7,338.88,87
9,player,300,0,0,1868.08,244.66,1914.98,339.36,87
9,player,301,0,0,1867.37,245.14,1914.26,339.84,87
9,player,302,0,0,1866.65,245.61,1913.55,340.31,87
9,player,303,0,0,1865.93,246.09,1912.83,340.79,87
9,player,304,0,0,1865.21,246.57,1912.11,341.27,87
9,player,305,0,0,1864.5,247.05,1911.39,341.75,87
9,player,306,0,0,1863.78,247.53,1910.68,342.23,87
9,player,307,0,0,1863.06,248.0,1909.96,342.7,87
9,player,308,0,0,1862.35,248.48,1909.24,343.18,87
9,player,309,0,0,1861.63,248.96,1908.53,343.66,87
9,player,310,0,0,1860.91,249.44,1907.81,344.14,87
9,player,311,0,0,1860.19,249.92,1907.09,344.62,87
9,player,312,0,0,1859.48,250.39,1906.37,345.09,87
9,player,313,0,0,1858.76,250.87,1905.66,345.57,87
9,player,314,0,0,1858.04,251.35,1904.94,346.05,87
9,player,315,0,0,1857.33,251.83,1904.22,346.53,87
9,player,316,0,0,1850.31,251.83,1897.21,346.53,87
9,player,317,0,0,1843.3,251.83,1890.2,346.53,87
9,player,318,0,0,1836.29,251.83,1883.19,346.53,87
9,player,319,0,0,1831.95,251.23,1878.85,345.93,87
9,player,320,0,0,1827.62,250.63,1874.52,345.33,87
9,player,321,0,0,1823.28,250.03,1870.18,344.73,87
9,player,322,0,0,1818.94,249.43,1865.84,344.13,87
9,player,323,0,0,1814.61,248.83,1861.51,343.53,87
9,player,324,0,0,1810.27,248.23,1857.17,342.93,87
9,player,325,0,0,1805.94,247.63,1852.83,342.33,87
9,player,326,0,0,1801.6,247.03,1848.5,341.73,87
9,player,327,0,0,1797.26,246.42,1844.16,341.12,87
9,player,328,0,0,1792.93,245.82,1839.82,340.52,87
9,player,329,0,0,1788.59,245.22,1835.49,339.92,87
9,player,330,0,0,1784.25,244.62,1831.15,339.32,87
9,player,331,0,0,1779.92,244.02,1826.81,338.72,87
9,player,332,0,0,1775.58,243.42,1822.48,338.12,87
9,player,333,0,0,1771.24,242.82,1818.14,337.52,87
9,player,334,0,0,1766.91,242.22,1813.8,336.92,87
9,player,335,0,0,1762.57,241.62,1809.47,336.32,87
9,player,336,0,0,1758.23,241.02,1805.13,335.72,87
9,player,337,0,0,1753.9,240.42,1800.79,335.12,87
9,player,338,0,0,1749.56,239.82,1796.46,334.52,87
9,player,339,0,0,1745.22,239.22,1792.12,333.92,87
9,player,340,0,0,1740.89,238.62,1787.78,333.32,87
9,player,341,0,0,1736.55,238.02,1783.45,332.72,87
9,player,342,0,0,1732.21,237.42,1779.11,332.12,87
9,player,343,0,0,1727.88,236.82,1774.77,331.52,87
9,player,344,0,0,1723.54,236.22,1770.44,330.92,87
9,player,345,0,0,1719.2,235.62,1766.1,330.32,87
9,player,346,0,0,1714.87,235.02,1761.76,329.72,87
9,player,347,0,0,1710.53,234.42,1757.43,329.11,87
9,player,348,0,0,1706.19,233.81,1753.09,328.51,87
9,player,349,0,0,1701.86,233.21,1748.76,327.91,87
9,player,350,0,0,1697.52,232.61,1744.42,327.31,87
9,player,351,0,0,1693.18,232.01,1740.08,326.71,87
9,player,352,0,0,1688.85,231.41,1735.75,326.11,87
9,player,353,0,0,1684.51,230.81,1731.41,325.51,87
9,player,354,0,0,1680.18,230.21,1727.07,324.91,87
9,player,355,0,0,1675.84,229.61,1722.74,324.31,87
9,player,356,0,0,1671.5,229.01,1718.4,323.71,87
9,player,357,0,0,1664.22,228.91,1711.12,323.61,87
9,player,358,0,0,1656.94,228.81,1703.84,323.51,87
9,player,359,0,0,1649.66,228.71,1696.56,323.41,87
9,player,360,0,0,1642.38,228.61,1689.27,323.31,87
9,player,361,0,0,1635.1,228.5,1681.99,323.2,87
9,player,362,0,0,1627.81,228.4,1674.71,323.1,87
9,player,363,0,0,1620.53,228.3,1667.43,323.0,87
9,player,364,0,0,1613.25,228.2,1660.15,322.9,87
9,player,365,0,0,1605.97,228.1,1652.87,322.8,87
9,player,366,0,0,1598.69,228.0,1645.59,322.7,87
9,player,367,0,0,1591.41,227.9,1638.3,322.6,87
9,player,368,0,0,1584.13,227.8,1631.02,322.5,87
9,player,369,0,0,1576.84,227.7,1623.74,322.4,87
9,player,370,0,0,1569.56,227.59,1616.46,322.29,87
9,player,371,0,0,1562.28,227.49,1609.18,322.19,87
9,player,372,0,0,1555.0,227.39,1601.9,322.09,87
9,player,373,0,0,1547.72,227.29,1594.62,321.99,87
9,player,374,0,0,1540.44,227.19,1587.34,321.89,87
9,player,375,0,0,1533.16,227.09,1580.05,321.79,87
9,player,376,0,0,1525.88,226.99,1572.77,321.69,87
9,player,377,0,0,1518.59,226.89,1565.49,321.59,87
9,player,378,0,0,1511.31,226.79,1558.21,321.49,87
9,player,379,0,0,1504.03,226.68,1550.93,321.38,87
9,player,380,0,0,1496.75,226.58,1543.65,321.28,87
9,player,381,0,0,1489.47,226.48,1536.37,321.18,87
9,player,382,0,0,1482.19,226.38,1529.08,321.08,87
9,player,383,0,0,1475.12,225.78,1522.01,320.48,87
9,player,384,0,0,1468.04,225.18,1514.94,319.88,87
9,player,385,0,0,1460.97,224.58,1507.87,319.28,87
9,player,386,0,0,1453.9,223.98,1500.8,318.68,87
9,player,387,0,0,1446.83,223.38,1493.73,318.08,87
9,player,388,0,0,1439.76,222.78,1486.65,317.48,87
9,player,389,0,0,1432.68,222.18,1479.58,316.88,87
9,player,390,0,0,1425.61,221.58,1472.51,316.28,87
9,player,391,0,0,1418.54,220.98,1465.44,315.68,87
9,player,392,0,0,1411.47,220.38,1458.37,315.08,87
9,player,393,0,0,1404.4,219.78,1451.29,314.48,87
9,player,394,0,0,1397.32,219.18,1444.22,313.87,87
9,player,395,0,0,1390.25,218.57,1437.15,313.27,87
9,player,396,0,0,1383.18,217.97,1430.08,312.67,87
9,player,397,0,0,1376.11,217.37,1423.01,312.07,87
9,player,398,0,0,1369.04,216.77,1415.93,311.47,87
9,player,399,0,0,1361.97,216.17,1408.86,310.87,87
9,player,400,0,0,1354.89,215.57,1401.79,310.27,87
9,player,401,0,0,1347.82,214.97,1394.72,309.67,87
9,player,402,0,0,1340.75,214.37,1387.65,309.07,87
9,player,403,0,0,1333.68,213.77,1380.57,308.47,87
9,player,404,0,0,1326.61,213.17,1373.5,307.87,87
9,player,405,0,0,1319.53,212.57,1366.43,307.27,87
9,player,406,0,0,1312.46,211.97,1359.36,306.67,87
9,player,407,0,0,1305.39,211.37,1352.29,306.07,87
9,player,408,0,0,1298.32,210.77,1345.22,305.47,87
9,player,409,0,0,1291.25,210.17,1338.14,304.87,87
9,player,410,0,0,1284.17,209.57,1331.07,304.27,87
9,player,411,0,0,1277.1,208.97,1324.0,303.67,87
9,player,412,0,0,1270.03,208.37,1316.93,303.07,87
9,player,413,0,0,1262.96,207.77,1309.86,302.47,87
9,player,414,0,0,1255.89,207.17,1302.78,301.87,87
9,player,415,0,0,1248.81,206.56,1295.71,301.26,87
9,player,416,0,0,1241.74,205.96,1288.64,300.66,87
9,player,417,0,0,1234.67,205.36,1281.57,300.06,87
9,player,418,0,0,1227.6,204.76,1274.5,299.46,87
9,player,419,0,0,1220.53,204.16,1267.42,298.86,87
9,player,420,0,0,1213.46,203.56,1260.35,298.26,87
9,player,421,0,0,1215.27,204.0,1262.16,298.7,87
9,player,422,0,0,1217.08,204.44,1263.98,299.14,87
9,player,423,0,0,1218.89,204.87,1265.79,299.57,87
9,player,424,0,0,1220.7,205.31,1267.6,300.01,87
9,player,425,0,0,1222.51,205.75,1269.41,300.45,87
9,player,426,0,0,1224.33,206.19,1271.22,300.89,87
9,player,427,0,0,1226.14,206.62,1273.04,301.32,87
9,player,428,0,0,1227.95,207.06,1274.85,301.76,87
9,player,429,0,0,1229.76,207.5,1276.66,302.2,87
9,player,430,0,0,1231.57,207.94,1278.47,302.64,87
9,player,431,0,0,1233.39,208.37,1280.28,303.07,87
9,player,432,0,0,1235.2,208.81,1282.1,303.51,87
9,player,433,0,0,1237.01,209.25,1283.91,303.95,87
9,player,434,0,0,1238.82,209.69,1285.72,304.39,87
9,player,435,0,0,1240.63,210.12,1287.53,304.82,87
9,player,436,0,0,1242.45,210.56,1289.34,305.26,87
9,player,437,0,0,1244.26,211.0,1291.16,305.7,87
9,player,438,0,0,1246.07,211.43,1292.97,306.13,87
9,player,439,0,0,1247.88,211.87,1294.78,306.57,87
9,player,440,0,0,1249.69,212.31,1296.59,307.01,87
9,player,441,0,0,1251.51,212.75,1298.4,307.45,87
9,player,442,0,0,1253.32,213.18,1300.21,307.88,87
9,player,443,0,0,1255.13,213.62,1302.03,308.32,87
9,player,444,0,0,1256.94,214.06,1303.84,308.76,87
9,player,445,0,0,1258.75,214.5,1305.65,309.2,87
9,player,446,0,0,1260.56,214.93,1307.46,309.63,87
9,player,447,0,0,1262.38,215.37,1309.27,310.07,87
9,player,448,0,0,1264.19,215.81,1311.09,310.51,87
9,player,449,0,0,1266.0,216.25,1312.9,310.95,87
9,player,450,0,0,1267.81,216.68,1314.71,311.38,87
9,player,451,0,0,1269.62,217.12,1316.52,311.82,87
9,player,452,0,0,1271.44,217.56,1318.33,312.26,87
9,player,453,0,0,1273.25,218.0,1320.15,312.7,87
9,player,454,0,0,1275.06,218.43,1321.96,313.13,87
9,player,455,0,0,1276.87,218.87,1323.77,313.57,87
9,player,456,0,0,1278.68,219.31,1325.58,314.01,87
9,player,457,0,0,1280.5,219.74,1327.39,314.44,87
9,player,458,0,0,1282.31,220.18,1329.21,314.88,87
9,player,459,0,0,1284.12,220.62,1331.02,315.32,87
9,player,460,0,0,1285.93,221.06,1332.83,315.76,87
9,player,461,0,0,1287.74,221.49,1334.64,316.19,87
9,player,462,0,0,1289.56,221.93,1336.45,316.63,87
9,player,463,0,0,1293.26,222.42,1340.16,317.12,87
9,player,464,0,0,1296.97,222.9,1343.87,317.6,87
9,player,465,0,0,1300.68,223.38,1347.58,318.08,87
9,player,466,0,0,1304.39,223.87,1351.28,318.57,87
9,player,467,0,0,1308.09,224.35,1354.99,319.05,87
9,player,468,0,0,1311.8,224.83,1358.7,319.53,87
9,player,469,0,0,1315.51,225.32,1362.41,320.02,87
9,player,470,0,0,1319.22,225.8,1366.12,320.5,87
9,player,471,0,0,1322.93,226.28,1369.82,320.98,87
9,player,472,0,0,1326.63,226.77,1373.53,321.47,87
9,player,473,0,0,1330.34,227.25,1377.24,321.95,87
9,player,474,0,0,1334.05,227.74,1380.95,322.43,87
9,player,475,0,0,1337.76,228.22,1384.65,322.92,87
9,player,476,0,0,1341.46,228.7,1388.36,323.4,87
9,player,477,0,0,1345.17,229.19,1392.07,323.89,87
9,player,478,0,0,1348.88,229.67,1395.78,324.37,87
9,player,479,0,0,1352.59,230.15,1399.49,324.85,87
9,player,480,0,0,1356.3,230.64,1403.19,325.34,87
9,player,481,0,0,1360.0,231.12,1406.9,325.82,87
9,player,482,0,0,1363.71,231.6,1410.61,326.3,87
9,player,483,0,0,1367.42,232.09,1414.32,326.79,87
9,player,484,0,0,1371.13,232.57,1418.02,327.27,87
9,player,485,0,0,1374.84,233.05,1421.73,327.75,87
9,player,486,0,0,1378.54,233.54,1425.44,328.24,87
9,player,487,0,0,1382.25,234.02,1429.15,328.72,87
9,player,488,0,0,1385.96,234.51,1432.86,329.21,87
9,player,489,0,0,1389.67,234.99,1436.56,329.69,87
9,player,490,0,0,1393.37,235.47,1440.27,330.17,87
9,player,491,0,0,1397.08,235.96,1443.98,330.66,87
9,player,492,0,0,1400.79,236.44,1447.69,331.14,87
9,player,493,0,0,1404.5,236.92,1451.4,331.62,87
9,player,494,0,0,1408.21,237.41,1455.1,332.11,87
9,player,495,0,0,1411.91,237.89,1458.81,332.59,87
9,player,496,0,0,1415.62,238.37,1462.52,333.07,87
9,player,497,0,0,1419.33,238.86,1466.23,333.56,87
9,player,498,0,0,1423.04,239.34,1469.93,334.04,87
9,player,499,0,0,1426.74,239.83,1473.64,334.53,87
9,player,500,0,0,1430.45,240.31,1477.35,335.01,87
9,player,501,0,0,1434.16,240.79,1481.06,335.49,87
9,player,502,0,0,1437.3,240.79,1484.99,335.49,87
9,player,503,0,0,1440.45,240.79,1488.92,335.49,87
9,player,504,0,0,1443.59,240.79,1492.85,335.49,87
9,player,505,0,0,1446.73,240.79,1496.77,335.49,87
9,player,506,0,0,1448.98,242.14,1499.02,336.84,87
9,player,507,0,0,1451.23,243.49,1501.27,338.19,87
9,player,508,0,0,1453.47,244.83,1503.51,339.53,87
9,player,509,0,0,1455.72,246.18,1505.76,340.88,87
9,player,510,0,0,1457.96,247.53,1508.0,342.23,87
9,player,511,0,0,1460.21,248.88,1510.25,343.58,87
9,player,512,0,0,1462.45,250.22,1512.49,344.92,87
9,player,513,0,0,1465.54,251.14,1515.58,345.84,87
9,player,514,0,0,1468.63,252.06,1518.67,346.76,87
9,player,515,0,0,1471.73,252.97,1521.77,347.67,87
9,player,516,0,0,1474.82,253.89,1524.86,348.59,87
9,player,517,0,0,1477.91,254.8,1527.95,349.5,87
9,player,518,0,0,1481.0,255.72,1531.04,350.42,87
9,player,519,0,0,1484.09,256.64,1534.13,351.34,87
9,player,520,0,0,1487.18,257.55,1537.22,352.25,87
9,player,521,0,0,1490.27,258.47,1540.31,353.17,87
9,player,522,0,0,1493.37,259.38,1543.41,354.08,87
9,player,523,0,0,1496.46,260.3,1546.5,355.0,87
9,player,524,0,0,1499.55,261.22,1549.59,355.91,87
9,player,525,0,0,1502.64,262.13,1552.68,356.83,87
9,player,526,0,0,1505.73,263.05,1555.77,357.75,87
9,player,527,0,0,1508.82,263.96,1558.86,358.66,87
9,player,528,0,0,1511.91,264.88,1561.95,359.58,87
9,player,529,0,0,1515.0,265.79,1565.04,360.49,87
9,player,530,0,0,1518.1,266.71,1568.14,361.41,87
9,player,531,0,0,1521.19,267.63,1571.23,362.33,87
9,player,532,0,0,1524.28,268.54,1574.32,363.24,87
9,player,533,0,0,1527.37,269.46,1577.41,364.16,87
9,player,534,0,0,1530.46,270.37,1580.5,365.07,87
9,player,535,0,0,1533.55,271.29,1583.59,365.99,87
9,player,536,0,0,1536.64,272.21,1586.68,366.91,87
9,player,537,0,0,1539.74,273.12,1589.78,367.82,87
9,player,538,0,0,1542.83,274.04,1592.87,368.74,87
9,player,539,0,0,1545.92,274.95,1595.96,369.65,87
9,player,540,0,0,1549.01,275.87,1599.05,370.57,87
9,player,541,0,0,1552.1,276.79,1602.14,371.49,87
9,player,542,0,0,1553.07,277.34,1603.11,372.04,87
9,player,543,0,0,1554.04,277.89,1604.08,372.59,87
9,player,544,0,0,1555.01,278.45,1605.05,373.15,87
9,player,545,0,0,1555.97,279.0,1606.01,373.7,87
9,player,546,0,0,1556.94,279.55,1606.98,374.25,87
9,player,547,0,0,1557.91,280.11,1607.95,374.81,87
9,player,548,0,0,1558.88,280.66,1608.92,375.36,87
9,player,549,0,0,1559.85,281.21,1609.89,375.91,87
9,player,550,0,0,1560.82,281.77,1610.86,376.47,87
9,player,551,0,0,1561.78,282.32,1611.82,377.02,87
9,player,552,0,0,1562.75,282.87,1612.79,377.57,87
9,player,553,0,0,1563.72,283.43,1613.76,378.13,87
9,player,554,0,0,1564.69,283.98,1614.73,378.68,87
9,player,555,0,0,1565.66,284.53,1615.7,379.23,87
9,player,556,0,0,1566.63,285.09,1616.67,379.79,87
9,player,557,0,0,1567.6,285.64,1617.64,380.34,87
9,player,558,0,0,1568.56,286.19,1618.6,380.89,87
9,player,559,0,0,1569.53,286.75,1619.57,381.45,87
9,player,560,0,0,1570.5,287.3,1620.54,382.0,87
9,player,561,0,0,1571.47,287.85,1621.51,382.55,87
9,player,562,0,0,1572.44,288.41,1622.48,383.11,87
9,player,563,0,0,1573.41,288.96,1623.45,383.66,87
9,player,564,0,0,1574.37,289.51,1624.41,384.21,87
9,player,565,0,0,1575.34,290.07,1625.38,384.77,87
9,player,566,0,0,1575.34,290.36,1625.38,385.06,87
9,player,567,0,0,1575.34,290.66,1625.38,385.36,87
9,player,568,0,0,1575.34,290.95,1625.38,385.65,87
9,player,569,0,0,1575.34,291.25,1625.38,385.95,87
9,player,570,0,0,1575.34,291.54,1625.38,386.24,87
9,player,571,0,0,1575.34,291.84,1625.38,386.54,87
9,player,572,0,0,1575.34,292.14,1625.38,386.84,87
9,player,573,0,0,1575.34,292.43,1625.38,387.13,87
9,player,574,0,0,1575.34,292.73,1625.38,387.43,87
9,player,575,0,0,1575.34,293.02,1625.38,387.72,87
9,player,576,0,0,1575.34,293.32,1625.38,388.02,87
9,player,577,0,0,1575.34,293.61,1625.38,388.31,87
9,player,578,0,0,1575.34,293.91,1625.38,388.61,87
9,player,579,0,0,1575.34,294.2,1625.38,388.9,87
9,player,580,0,0,1575.34,294.5,1625.38,389.2,87
9,player,581,0,0,1575.34,294.8,1625.38,389.5,87
9,player,582,0,0,1575.34,295.09,1625.38,389.79,87
9,player,583,0,0,1575.34,295.39,1625.38,390.09,87
9,player,584,0,0,1575.34,295.68,1625.38,390.38,87
9,player,585,0,0,1575.34,295.98,1625.38,390.68,87
9,player,586,0,0,1575.34,296.27,1625.38,390.97,87
9,player,587,0,0,1575.34,296.57,1625.38,391.27,87
9,player,588,0,0,1575.34,296.86,1625.38,391.56,87
9,player,589,0,0,1575.34,297.16,1625.38,391.86,87
9,player,590,0,0,1575.34,297.45,1625.38,392.15,87
9,player,591,0,0,1575.34,297.75,1625.38,392.45,87
9,player,592,0,0,1575.34,298.05,1625.38,392.75,87
9,player,593,0,0,1575.34,298.34,1625.38,393.04,87
9,player,594,0,0,1575.34,298.64,1625.38,393.34,87
9,player,595,0,0,1575.34,298.93,1625.38,393.63,87
9,player,596,0,0,1575.34,299.23,1625.38,393.93,87
9,player,597,0,0,1575.34,299.52,1625.38,394.22,87
9,player,598,0,0,1575.34,299.82,1625.38,394.52,87
9,player,599,0,0,1575.34,300.11,1625.38,394.81,87
9,player,600,0,0,1575.34,300.41,1625.38,395.11,87
9,player,601,0,0,1575.34,300.71,1625.38,395.41,87
9,player,602,0,0,1575.34,301.0,1625.38,395.7,87
9,player,603,0,0,1575.34,301.3,1625.38,396.0,87
9,player,604,0,0,1575.34,301.59,1625.38,396.29,87
9,player,605,0,0,1574.07,303.51,1624.74,398.21,87
9,player,606,0,0,1572.8,305.43,1624.1,400.13,87
9,player,607,0,0,1571.52,307.35,1623.46,402.05,87
9,player,608,0,0,1570.25,309.28,1622.82,403.98,87
9,player,609,0,0,1568.97,311.2,1622.18,405.9,87
9,player,610,0,0,1567.7,313.12,1621.54,407.82,87
9,player,611,0,0,1565.23,314.21,1619.07,408.91,87
9,player,612,0,0,1562.76,315.31,1616.6,410.01,87
9,player,613,0,0,1560.29,316.41,1614.13,411.11,87
9,player,614,0,0,1557.82,317.51,1611.66,412.21,87
9,player,615,0,0,1555.35,318.61,1609.19,413.3,87
9,player,616,0,0,1552.88,319.7,1606.72,414.4,87
9,player,617,0,0,1550.41,320.8,1604.25,415.5,87
9,player,618,0,0,1547.94,321.9,1601.78,416.6,87
9,player,619,0,0,1545.47,323.0,1599.31,417.7,87
9,player,620,0,0,1543.0,324.09,1596.84,418.79,87
9,player,621,0,0,1540.53,325.19,1594.37,419.89,87
9,player,622,0,0,1538.06,326.29,1591.91,420.99,87
9,player,623,0,0,1535.59,327.39,1589.44,422.09,87
9,player,624,0,0,1533.12,328.48,1586.97,423.18,87
9,player,625,0,0,1532.18,329.31,1586.02,424.01,87
9,player,626,0,0,1531.23,330.13,1585.07,424.83,87
9,player,627,0,0,1530.28,330.95,1584.12,425.65,87
9,player,628,0,0,1529.33,331.77,1583.17,426.47,87
9,player,629,0,0,1528.38,332.59,1582.22,427.29,87
9,player,630,0,0,1527.43,333.42,1581.27,428.12,87
9,player,631,0,0,1526.48,334.24,1580.32,428.94,87
9,player,632,0,0,1525.53,335.06,1579.38,429.76,87
9,player,633,0,0,1524.59,335.88,1578.43,430.58,87
9,player,634,0,0,1523.64,336.71,1577.48,431.41,87
9,player,635,0,0,1522.69,337.53,1576.53,432.23,87
9,player,636,0,0,1521.74,338.35,1575.58,433.05,87
9,player,637,0,0,1520.79,339.17,1574.63,433.87,87
9,player,638,0,0,1519.84,340.0,1573.68,434.7,87
9,player,639,0,0,1518.89,340.82,1572.73,435.52,87
9,player,640,0,0,1517.94,341.64,1571.78,436.34,87
9,player,641,0,0,1517.0,342.46,1570.84,437.16,87
9,player,642,0,0,1516.05,343.28,1569.89,437.98,87
9,player,643,0,0,1515.1,344.11,1568.94,438.81,87
9,player,644,0,0,1514.15,344.93,1567.99,439.63,87
9,player,645,0,0,1513.2,345.75,1567.04,440.45,87
9,player,646,0,0,1512.25,346.57,1566.09,441.27,87
9,player,647,0,0,1511.3,347.4,1565.14,442.1,87
9,player,648,0,0,1510.35,348.22,1564.19,442.92,87
9,player,649,0,0,1509.4,349.04,1563.25,443.74,87
9,player,650,0,0,1508.46,349.86,1562.3,444.56,87
9,player,651,0,0,1507.51,350.69,1561.35,445.38,87
9,player,652,0,0,1506.56,351.51,1560.4,446.21,87
9,player,653,0,0,1505.61,352.33,1559.45,447.03,87
9,player,654,0,0,1504.66,353.15,1558.5,447.85,87
9,player,655,0,0,1503.71,353.97,1557.55,448.67,87
9,player,656,0,0,1502.76,354.8,1556.6,449.5,87
9,player,657,0,0,1501.81,355.62,1555.66,450.32,87
9,player,658,0,0,1500.87,356.44,1554.71,451.14,87
9,player,659,0,0,1499.92,357.26,1553.76,451.96,87
9,player,660,0,0,1498.97,358.09,1552.81,452.79,87
9,player,661,0,0,1498.02,358.91,1551.86,453.61,87
9,player,662,0,0,1497.07,359.73,1550.91,454.43,87
9,player,663,0,0,1496.12,360.55,1549.96,455.25,87
9,player,664,0,0,1495.17,361.37,1549.01,456.07,87
9,player,665,0,0,1494.22,362.2,1548.06,456.9,87
9,player,666,0,0,1493.28,363.02,1547.12,457.72,87
9,player,667,0,0,1492.33,363.84,1546.17,458.54,87
9,player,668,0,0,1491.38,364.66,1545.22,459.36,87
9,player,669,0,0,1490.43,365.49,1544.27,460.19,87
9,player,670,0,0,1489.48,366.31,1543.32,461.01,87
9,player,671,0,0,1488.53,367.13,1542.37,461.83,87
9,player,672,0,0,1487.58,367.95,1541.42,462.65,87
9,player,673,0,0,1486.63,368.78,1540.47,463.48,87
9,player,674,0,0,1485.68,369.6,1539.53,464.3,87
9,player,675,0,0,1488.22,370.06,1542.06,464.76,87
9,player,676,0,0,1490.76,370.52,1544.6,465.22,87
9,player,677,0,0,1493.29,370.98,1547.13,465.68,87
9,player,678,0,0,1495.83,371.44,1549.67,466.14,87
9,player,679,0,0,1498.36,371.9,1552.2,466.6,87
9,player,680,0,0,1500.9,372.36,1554.74,467.06,87
9,player,681,0,0,1503.43,372.82,1557.27,467.52,87
9,player,682,0,0,1505.97,373.29,1559.81,467.98,87
9,player,683,0,0,1508.5,373.75,1562.34,468.45,87
9,player,684,0,0,1511.04,374.21,1564.88,468.91,87
9,player,685,0,0,1513.57,374.67,1567.41,469.37,87
9,player,686,0,0,1513.29,376.08,1567.13,470.78,87
9,player,687,0,0,1513.01,377.48,1566.85,472.18,87
9,player,688,0,0,1512.73,378.89,1566.57,473.59,87
9,player,689,0,0,1512.45,380.3,1566.29,475.0,87
9,player,690,0,0,1512.16,381.71,1566.0,476.41,87
9,player,691,0,0,1511.88,383.12,1565.72,477.82,87
9,player,692,0,0,1511.6,384.53,1565.44,479.23,87
9,player,693,0,0,1511.32,385.94,1565.16,480.64,87
9,player,694,0,0,1511.04,387.34,1564.88,482.04,87
9,player,695,0,0,1509.77,388.93,1563.61,483.63,87
9,player,696,0,0,1508.5,390.51,1562.34,485.21,87
9,player,697,0,0,1507.23,392.1,1561.07,486.8,87
9,player,698,0,0,1505.97,393.68,1559.81,488.38,87
9,player,699,0,0,1504.7,395.27,1558.54,489.97,87
9,player,700,0,0,1503.43,396.85,1557.27,491.55,87
9,player,701,0,0,1502.16,398.44,1556.0,493.14,87
9,player,702,0,0,1500.9,400.02,1554.74,494.72,87
9,player,703,0,0,1501.48,400.8,1555.32,495.5,87
9,player,704,0,0,1502.06,401.58,1555.9,496.28,87
9,player,705,0,0,1502.65,402.35,1556.49,497.05,87
9,player,706,0,0,1503.23,403.13,1557.07,497.83,87
9,player,707,0,0,1503.81,403.91,1557.65,498.61,87
9,player,708,0,0,1504.4,404.69,1558.24,499.39,87
9,player,709,0,0,1504.98,405.47,1558.82,500.17,87
9,player,710,0,0,1505.56,406.24,1559.4,500.94,87
9,player,711,0,0,1506.15,407.02,1559.99,501.72,87
9,player,712,0,0,1506.73,407.8,1560.57,502.5,87
9,player,713,0,0,1507.31,408.58,1561.15,503.28,87
9,player,714,0,0,1507.9,409.35,1561.74,504.05,87
9,player,715,0,0,1508.48,410.13,1562.32,504.83,87
9,player,716,0,0,1509.06,410.91,1562.9,505.61,87
9,player,717,0,0,1509.65,411.69,1563.49,506.39,87
9,player,718,0,0,1510.23,412.47,1564.07,507.17,87
9,player,719,0,0,1510.81,413.24,1564.65,507.94,87
9,player,720,0,0,1513.5,414.28,1567.34,508.98,87
9,player,721,0,0,1516.19,415.31,1570.03,510.01,87
9,player,722,0,0,1518.87,416.34,1572.71,511.04,87
9,player,723,0,0,1521.56,417.38,1575.4,512.08,87
9,player,724,0,0,1524.24,418.41,1578.08,513.11,87
9,player,725,0,0,1526.93,419.44,1580.77,514.14,87
9,player,726,0,0,1529.62,420.48,1583.46,515.18,87
9,player,727,0,0,1532.3,421.51,1586.14,516.21,87
9,player,728,0,0,1534.99,422.54,1588.83,517.24,87
9,player,729,0,0,1537.67,423.57,1591.51,518.27,87
9,player,730,0,0,1540.36,424.61,1594.2,519.31,87
9,player,731,0,0,1543.05,425.64,1596.89,520.34,87
9,player,732,0,0,1545.73,426.67,1599.57,521.37,87
9,player,733,0,0,1548.42,427.71,1602.26,522.41,87
9,player,734,0,0,1551.1,428.74,1604.94,523.44,87
9,player,735,0,0,1553.79,429.77,1607.63,524.47,87
9,player,736,0,0,1557.09,431.09,1610.94,525.79,87
9,player,737,0,0,1560.4,432.42,1614.24,527.12,87
9,player,738,0,0,1563.71,433.74,1617.55,528.44,87
9,player,739,0,0,1567.01,435.06,1620.85,529.76,87
9,player,740,0,0,1570.32,436.38,1624.16,531.08,87
9,player,741,0,0,1575.73,436.98,1629.57,531.68,87
9,player,742,0,0,1581.14,437.59,1634.98,532.29,87
9,player,743,0,0,1586.55,438.19,1640.39,532.89,87
9,player,744,0,0,1591.96,438.79,1645.8,533.49,87
9,player,745,0,0,1597.37,439.39,1651.21,534.09,87
9,player,746,0,0,1602.78,439.99,1656.62,534.69,87
9,player,747,0,0,1608.19,440.59,1662.03,535.29,87
9,player,748,0,0,1613.6,441.19,1667.44,535.89,87
9,player,749,0,0,1619.0,441.79,1672.85,536.49,87
9,player,750,0,0,1624.41,442.39,1678.26,537.09,87
9,player,751,0,0,1629.82,443.0,1683.67,537.7,87
9,player,752,0,0,1632.23,443.6,1686.07,538.3,87
9,player,753,0,0,1634.63,444.2,1688.47,538.9,87
9,player,754,0,0,1637.04,444.8,1690.88,539.5,87
9,player,755,0,0,1639.44,445.4,1693.28,540.1,87
9,player,756,0,0,1641.85,446.0,1695.69,540.7,87
9,player,757,0,0,1644.25,446.6,1698.09,541.3,87
9,player,758,0,0,1646.65,447.2,1700.49,541.9,87
9,player,759,0,0,1649.06,447.8,1702.9,542.5,87
9,player,760,0,0,1651.46,448.41,1705.3,543.11,87
9,player,761,0,0,1653.87,449.01,1707.71,543.71,87
9,player,762,0,0,1656.27,449.61,1710.11,544.31,87
9,player,763,0,0,1662.88,450.0,1716.28,544.7,87
9,player,764,0,0,1669.49,450.39,1722.46,545.09,87
9,player,765,0,0,1676.11,450.77,1728.63,545.47,87
9,player,766,0,0,1682.72,451.16,1734.8,545.86,87
9,player,767,0,0,1689.33,451.55,1740.98,546.25,87
9,player,768,0,0,1695.94,451.94,1747.15,546.64,87
9,player,769,0,0,1702.55,452.33,1753.32,547.03,87
9,player,770,0,0,1709.16,452.72,1759.5,547.42,87
9,player,771,0,0,1715.77,453.11,1765.67,547.81,87
9,player,772,0,0,1722.39,453.5,1771.84,548.2,87
9,player,773,0,0,1729.0,453.89,1778.02,548.59,87
9,player,774,0,0,1735.61,454.27,1784.19,548.97,87
9,player,775,0,0,1742.22,454.66,1790.36,549.36,87
9,player,776,0,0,1748.83,455.05,1796.54,549.75,87
9,player,777,0,0,1755.44,455.44,1802.71,550.14,87
9,player,778,0,0,1762.06,455.83,1808.88,550.53,87
9,player,779,0,0,1768.67,456.22,1815.06,550.92,87
9,player,780,0,0,1775.28,456.61,1821.23,551.31,87
9,player,781,0,0,1781.89,457.0,1827.4,551.7,87
9,player,782,0,0,1788.5,457.39,1833.58,552.09,87
9,player,783,0,0,1795.11,457.77,1839.75,552.47,87
9,player,784,0,0,1801.73,458.16,1845.92,552.86,87
9,player,785,0,0,1808.34,458.55,1852.09,553.25,87
9,player,786,0,0,1814.95,458.94,1858.27,553.64,87
9,player,787,0,0,1821.56,459.33,1864.44,554.03,87
9,player,788,0,0,1828.17,459.72,1870.61,554.42,87
9,player,789,0,0,1834.78,460.11,1876.79,554.81,87
9,player,790,0,0,1841.39,460.5,1882.96,555.2,87
9,player,791,0,0,1848.01,460.89,1889.13,555.59,87
9,player,792,0,0,1854.62,461.28,1895.31,555.98,87
9,player,793,0,0,1861.23,461.66,1901.48,556.36,87
9,player,794,0,0,1867.84,462.05,1907.65,556.75,87
9,player,795,0,0,1874.45,462.44,1913.83,557.14,87
9,player,796,0,0,1881.06,462.83,1920.0,557.53,87
9,player,797,0,0,1881.06,462.83,1920.0,557.53,87
9,player,798,0,0,1881.06,462.83,1920.0,557.53,87
9,player,799,0,0,1881.06,462.83,1920.0,557.53,87
9,player,800,0,0,1881.06,462.83,1920.0,557.53,87
9,player,801,0,0,1881.06,462.83,1920.0,557.53,87
9,player,802,0,0,1881.06,462.83,1920.0,557.53,87
9,player,803,0,0,1881.06,462.83,1920.0,557.53,87
9,player,804,0,0,1881.06,462.83,1920.0,557.53,87
9,player,805,0,0,1881.06,462.83,1920.0,557.53,87
9,player,806,0,0,1881.06,462.83,1920.0,557.53,87
9,player,807,0,0,1881.06,462.83,1920.0,557.53,87
9,player,808,1,0,1881.06,462.83,1920.0,557.53,87
10,player,0,0,0,957.21,199.6,1004.5,294.2,-1
10,player,1,0,0,952.48,199.3,999.77,293.9,-1
10,player,2,0,0,947.74,199.01,995.03,293.61,-1
10,player,3,0,0,943.01,198.71,990.3,293.31,-1
10,player,4,0,0,938.27,198.42,985.56,293.02,-1
10,player,5,0,0,933.54,198.12,980.83,292.72,-1
10,player,6,0,0,928.8,197.83,976.09,292.42,-1
10,player,7,0,0,924.07,197.53,971.36,292.13,-1
10,player,8,0,0,919.34,197.23,966.62,291.83,-1
10,player,9,0,0,914.6,196.94,961.89,291.54,-1
10,player,10,0,0,909.87,196.64,957.15,291.24,-1
10,player,11,0,0,905.13,196.35,952.42,290.95,-1
10,player,12,0,0,892.53,196.89,939.82,291.49,-1
10,player,13,0,0,879.93,197.43,927.22,292.03,-1
10,player,14,0,0,867.33,197.97,914.62,292.57,-1
10,player,15,0,0,854.73,198.51,902.02,293.11,-1
10,player,16,0,0,842.13,199.05,889.42,293.65,-1
10,player,17,0,0,829.53,199.59,876.82,294.19,-1
10,player,18,0,0,816.94,200.13,864.22,294.72,-1
10,player,19,0,0,804.34,200.67,851.62,295.26,-1
10,player,20,0,0,791.74,201.21,839.02,295.8,-1
10,player,21,0,0,779.14,201.75,826.42,296.34,-1
10,player,22,0,0,766.54,202.29,813.82,296.88,-1
10,player,23,0,0,753.94,202.83,801.23,297.42,-1
10,player,24,0,0,741.34,203.37,788.63,297.96,-1
10,player,25,0,0,728.74,203.91,776.03,298.5,-1
10,player,26,0,0,716.14,204.45,763.43,299.04,-1
10,player,27,0,0,703.54,204.99,750.83,299.58,-1
10,player,28,0,0,690.94,205.53,738.23,300.12,-1
10,player,29,0,0,690.7,205.67,737.98,300.27,-1
10,player,30,0,0,690.45,205.82,737.74,300.42,-1
10,player,31,0,0,690.21,205.96,737.5,300.56,-1
10,player,32,0,0,689.97,206.11,737.25,300.71,-1
10,player,33,0,0,689.72,206.26,737.01,300.86,-1
10,player,34,0,0,689.48,206.4,736.77,301.0,-1
10,player,35,0,0,689.24,206.55,736.52,301.15,-1
10,player,36,0,0,688.99,206.7,736.28,301.29,-1
10,player,37,0,0,688.75,206.84,736.03,301.44,-1
10,player,38,0,0,688.5,206.99,735.79,301.59,-1
10,player,39,0,0,688.26,207.13,735.55,301.73,-1
10,player,40,0,0,688.02,207.28,735.3,301.88,-1
10,player,41,0,0,687.77,207.43,735.06,302.03,-1
10,player,42,0,0,687.53,207.57,734.82,302.17,-1
10,player,43,0,0,687.28,207.72,734.57,302.32,-1
10,player,44,0,0,687.04,207.87,734.33,302.46,-1
10,player,45,0,0,686.8,208.01,734.08,302.61,-1
10,player,46,0,0,686.55,208.16,733.84,302.76,-1
10,player,47,0,0,686.31,208.3,733.6,302.9,-1
10,player,48,0,0,686.07,208.45,733.35,303.05,-1
10,player,49,0,0,685.82,208.6,733.11,303.2,-1
10,player,50,0,0,685.58,208.74,732.87,303.34,-1
10,player,51,0,0,685.33,208.89,732.62,303.49,-1
10,player,52,0,0,685.09,209.04,732.38,303.64,-1
10,player,53,0,0,684.85,209.18,732.13,303.78,-1
10,player,54,0,0,684.6,209.33,731.89,303.93,-1
10,player,55,0,0,684.36,209.47,731.65,304.07,-1
10,player,56,0,0,684.12,209.62,731.4,304.22,-1
10,player,57,0,0,683.87,209.77,731.16,304.37,-1
10,player,58,0,0,683.63,209.91,730.92,304.51,-1
10,player,59,0,0,683.38,210.06,730.67,304.66,-1
10,player,60,0,0,683.14,210.21,730.43,304.81,-1
10,player,61,0,0,682.9,210.35,730.18,304.95,-1
10,player,62,0,0,682.65,210.5,729.94,305.1,-1
10,player,63,0,0,682.41,210.64,729.7,305.24,-1
10,player,64,0,0,682.17,210.79,729.45,305.39,-1
10,player,65,0,0,681.92,210.94,729.21,305.54,-1
10,player,66,0,0,681.68,211.08,728.97,305.68,-1
10,player,67,0,0,681.43,211.23,728.72,305.83,-1
10,player,68,0,0,681.19,211.38,728.48,305.98,-1
10,player,69,0,0,680.95,211.52,728.23,306.12,-1
10,player,70,0,0,680.7,211.67,727.99,306.27,-1
10,player,71,0,0,680.46,211.81,727.75,306.41,-1
10,player,72,0,0,680.22,211.96,727.5,306.56,-1
10,player,73,0,0,679.97,212.11,727.26,306.71,-1
10,player,74,0,0,679.73,212.25,727.02,306.85,-1
10,player,75,0,0,679.48,212.4,726.77,307.0,-1
10,player,76,0,0,679.24,212.55,726.53,307.15,-1
10,player,77,0,0,679.0,212.69,726.28,307.29,-1
10,player,78,0,0,678.75,212.84,726.04,307.44,-1
10,player,79,0,0,678.51,212.98,725.8,307.58,-1
10,player,80,0,0,678.27,213.13,725.55,307.73,-1
10,player,81,0,0,678.02,213.28,725.31,307.88,-1
10,player,82,0,0,677.78,213.42,725.07,308.02,-1
10,player,83,0,0,677.53,213.57,724.82,308.17,-1
10,player,84,0,0,677.29,213.72,724.58,308.32,-1
10,player,85,0,0,677.05,213.86,724.33,308.46,-1
10,player,86,0,0,676.8,214.01,724.09,308.61,-1
10,player,87,0,0,676.56,214.15,723.85,308.75,-1
10,player,88,0,0,676.32,214.3,723.6,308.9,-1
10,player,89,0,0,676.07,214.45,723.36,309.05,-1
10,player,90,0,0,675.83,214.59,723.12,309.19,-1
10,player,91,0,0,675.58,214.74,722.87,309.34,-1
10,player,92,0,0,675.34,214.89,722.63,309.49,-1
10,player,93,0,0,675.1,215.03,722.38,309.63,-1
10,player,94,0,0,674.85,215.18,722.14,309.78,-1
10,player,95,0,0,674.61,215.32,721.9,309.92,-1
10,player,96,0,0,674.37,215.47,721.65,310.07,-1
10,player,97,0,0,674.12,215.62,721.41,310.22,-1
10,player,98,0,0,673.88,215.76,721.16,310.36,-1
10,player,99,0,0,673.63,215.91,720.92,310.51,-1
10,player,100,0,0,673.39,216.06,720.68,310.66,-1
10,player,101,0,0,673.15,216.2,720.43,310.8,-1
10,player,102,0,0,672.9,216.35,720.19,310.95,-1
10,player,103,0,0,672.66,216.49,719.95,311.09,-1
10,player,104,0,0,672.42,216.64,719.7,311.24,-1
10,player,105,0,0,672.17,216.79,719.46,311.39,-1
10,player,106,0,0,671.93,216.93,719.21,311.53,-1
10,player,107,0,0,671.68,217.08,718.97,311.68,-1
10,player,108,0,0,671.44,217.23,718.73,311.83,-1
10,player,109,0,0,671.2,217.37,718.48,311.97,-1
10,player,110,0,0,670.95,217.52,718.24,312.12,-1
10,player,111,0,0,670.71,217.66,718.0,312.26,-1
10,player,112,0,0,670.47,217.81,717.75,312.41,-1
10,player,113,0,0,670.22,217.96,717.51,312.56,-1
10,player,114,0,0,669.98,218.1,717.26,312.7,-1
10,player,115,0,0,669.73,218.25,717.02,312.85,-1
10,player,116,0,0,669.49,218.4,716.78,313.0,-1
10,player,117,0,0,669.25,218.54,716.53,313.14,-1
10,player,118,0,0,669.0,218.69,716.29,313.29,-1
10,player,119,0,0,668.76,218.83,716.05,313.43,-1
10,player,120,0,0,668.52,218.98,715.8,313.58,-1
10,player,121,0,0,668.27,219.13,715.56,313.73,-1
10,player,122,0,0,668.03,219.27,715.31,313.87,-1
10,player,123,0,0,667.78,219.42,715.07,314.02,-1
10,player,124,0,0,667.54,219.57,714.83,314.17,-1
10,player,125,0,0,667.3,219.71,714.58,314.31,-1
10,player,126,0,0,667.05,219.86,714.34,314.46,-1
10,player,127,0,0,666.81,220.01,714.1,314.6,-1
10,player,128,0,0,666.56,220.15,713.85,314.75,-1
10,player,129,0,0,666.32,220.3,713.61,314.9,-1
10,player,130,0,0,666.08,220.44,713.36,315.04,-1
10,player,131,0,0,665.83,220.59,713.12,315.19,-1
10,player,132,0,0,665.59,220.74,712.88,315.34,-1
10,player,133,0,0,668.59,220.09,715.88,314.69,-1
10,player,134,0,0,671.59,219.44,718.87,314.04,-1
10,player,135,0,0,674.59,218.79,721.87,313.39,-1
10,player,136,0,0,677.59,218.14,724.87,312.74,-1
10,player,137,0,0,680.58,217.49,727.87,312.09,-1
10,player,138,0,0,683.58,216.85,730.87,311.45,-1
10,player,139,0,0,686.58,216.2,733.87,310.8,-1
10,player,140,0,0,689.58,215.55,736.87,310.15,-1
10,player,141,0,0,692.58,214.9,739.87,309.5,-1
10,player,142,0,0,695.58,214.25,742.87,308.85,-1
10,player,143,0,0,698.58,213.6,745.87,308.2,-1
10,player,144,0,0,701.58,212.96,748.86,307.55,-1
10,player,145,0,0,704.58,212.31,751.86,306.91,-1
10,player,146,0,0,707.58,211.66,754.86,306.26,-1
10,player,147,0,0,710.57,211.01,757.86,305.61,-1
10,player,148,0,0,713.57,210.36,760.86,304.96,-1
10,player,149,0,0,716.57,209.71,763.86,304.31,-1
10,player,150,0,0,719.57,209.06,766.86,303.66,-1
10,player,151,0,0,722.57,208.42,769.86,303.02,-1
10,player,152,0,0,725.57,207.77,772.86,302.37,-1
10,player,153,0,0,728.57,207.12,775.86,301.72,-1
10,player,154,0,0,731.57,206.47,778.85,301.07,-1
10,player,155,0,0,734.57,205.82,781.85,300.42,-1
10,player,156,0,0,737.57,205.17,784.85,299.77,-1
10,player,157,0,0,740.56,204.53,787.85,299.12,-1
10,player,158,0,0,743.56,203.88,790.85,298.48,-1
10,player,159,0,0,746.56,203.23,793.85,297.83,-1
10,player,160,0,0,749.56,202.58,796.85,297.18,-1
10,player,161,0,0,752.56,201.93,799.85,296.53,-1
10,player,162,0,0,755.56,201.28,802.85,295.88,-1
10,player,163,0,0,758.56,200.63,805.85,295.23,-1
10,player,164,0,0,761.56,199.99,808.84,294.59,-1
10,player,165,0,0,764.56,199.34,811.84,293.94,-1
10,player,166,0,0,767.56,198.69,814.84,293.29,-1
10,player,167,0,0,770.55,198.04,817.84,292.64,-1
10,player,168,0,0,773.55,197.39,820.84,291.99,-1
10,player,169,0,0,776.55,196.74,823.84,291.34,-1
10,player,170,0,0,779.55,196.1,826.84,290.7,-1
10,player,171,0,0,786.15,197.07,833.44,291.67,-1
10,player,172,0,0,792.75,198.05,840.04,292.65,-1
10,player,173,0,0,799.35,199.03,846.64,293.63,-1
10,player,174,0,0,805.95,200.01,853.24,294.61,-1
10,player,175,0,0,812.55,200.98,859.84,295.58,-1
10,player,176,0,0,819.15,201.96,866.44,296.56,-1
10,player,177,0,0,825.75,202.94,873.04,297.54,-1
10,player,178,0,0,832.35,203.92,879.64,298.52,-1
10,player,179,0,0,838.95,204.9,886.24,299.5,-1
10,player,180,0,0,845.55,205.87,892.84,300.47,-1
10,player,181,0,0,852.23,205.41,899.52,300.01,-1
10,player,182,0,0,858.92,204.95,906.21,299.55,-1
10,player,183,0,0,865.6,204.49,912.89,299.09,-1
10,player,184,0,0,872.29,204.03,919.57,298.63,-1
10,player,185,0,0,878.97,203.57,926.26,298.17,-1
10,player,186,0,0,885.65,203.11,932.94,297.71,-1
10,player,187,0,0,892.34,202.65,939.62,297.25,-1
10,player,188,0,0,899.02,202.19,946.31,296.79,-1
10,player,189,0,0,905.7,201.73,952.99,296.32,-1
10,player,190,0,0,912.39,201.26,959.68,295.86,-1
10,player,191,0,0,919.07,200.8,966.36,295.4,-1
10,player,192,0,0,925.76,200.34,973.04,294.94,-1
10,player,193,0,0,932.44,199.88,979.73,294.48,-1
10,player,194,0,0,939.12,199.42,986.41,294.02,-1
10,player,195,0,0,945.81,198.96,993.09,293.56,-1
10,player,196,0,0,952.49,198.5,999.78,293.1,-1
10,player,197,0,0,959.17,198.04,1006.46,292.64,-1
10,player,198,0,0,965.86,197.58,1013.14,292.18,-1
10,player,199,0,0,972.54,197.12,1019.83,291.71,-1
10,player,200,0,0,979.23,196.65,1026.51,291.25,-1
10,player,201,0,0,985.91,196.19,1033.2,290.79,-1
10,player,202,0,0,992.59,195.73,1039.88,290.33,-1
10,player,203,0,0,996.58,196.09,1043.86,290.69,-1
10,player,204,0,0,1000.56,196.46,1047.85,291.06,-1
10,player,205,0,0,1004.54,196.82,1051.83,291.42,-1
10,player,206,0,0,1008.53,197.18,1055.82,291.78,-1
10,player,207,0,0,1012.51,197.54,1059.8,292.14,-1
10,player,208,0,0,1016.5,197.91,1063.78,292.5,-1
10,player,209,0,0,1020.48,198.27,1067.77,292.87,-1
10,player,210,0,0,1024.46,198.63,1071.75,293.23,-1
10,player,211,0,0,1028.45,198.99,1075.73,293.59,-1
10,player,212,0,0,1032.43,199.35,1079.72,293.95,-1
10,player,213,0,0,1036.42,199.72,1083.7,294.32,-1
10,player,214,0,0,1040.4,200.08,1087.69,294.68,-1
10,player,215,0,0,1044.38,200.44,1091.67,295.04,-1
10,player,216,0,0,1048.37,200.8,1095.65,295.4,-1
10,player,217,0,0,1051.17,200.7,1098.46,295.3,-1
10,player,218,0,0,1053.98,200.59,1101.26,295.19,-1
10,player,219,0,0,1056.78,200.49,1104.07,295.09,-1
10,player,220,0,0,1059.59,200.39,1106.87,294.99,-1
10,player,221,0,0,1062.39,200.28,1109.68,294.88,-1
10,player,222,0,0,1065.2,200.18,1112.48,294.78,-1
10,player,223,0,0,1068.0,200.08,1115.29,294.67,-1
10,player,224,0,0,1070.81,199.97,1118.09,294.57,-1
10,player,225,0,0,1073.61,199.87,1120.9,294.47,-1
10,player,226,0,0,1076.42,199.76,1123.7,294.36,-1
10,player,227,0,0,1079.22,199.66,1126.51,294.26,-1
10,player,228,0,0,1082.03,199.56,1129.31,294.16,-1
10,player,229,0,0,1084.83,199.45,1132.12,294.05,-1
10,player,230,0,0,1087.64,199.35,1134.92,293.95,-1
10,player,231,0,0,1090.44,199.24,1137.73,293.84,-1
10,player,232,0,0,1093.25,199.14,1140.53,293.74,-1
10,player,233,0,0,1096.05,199.04,1143.34,293.64,-1
10,player,234,0,0,1098.86,198.93,1146.14,293.53,-1
10,player,235,0,0,1101.66,198.83,1148.95,293.43,-1
10,player,236,0,0,1104.47,198.72,1151.75,293.32,-1
10,player,237,0,0,1107.27,198.62,1154.56,293.22,-1
10,player,238,0,0,1110.08,198.52,1157.36,293.12,-1
10,player,239,0,0,1112.88,198.41,1160.17,293.01,-1
10,player,240,0,0,1115.69,198.31,1162.97,292.91,-1
10,player,241,0,0,1118.49,198.21,1165.78,292.8,-1
10,player,242,0,0,1121.3,198.1,1168.58,292.7,-1
10,player,243,0,0,1124.1,198.0,1171.39,292.6,-1
10,player,244,0,0,1126.91,197.89,1174.19,292.49,-1
10,player,245,0,0,1129.71,197.79,1177.0,292.39,-1
10,player,246,0,0,1132.52,197.69,1179.8,292.29,-1
10,player,247,0,0,1135.32,197.58,1182.61,292.18,-1
10,player,248,0,0,1138.13,197.48,1185.41,292.08,-1
10,player,249,0,0,1140.93,197.37,1188.22,291.97,-1
10,player,250,0,0,1143.74,197.27,1191.02,291.87,-1
10,player,251,0,0,1146.54,197.17,1193.83,291.77,-1
10,player,252,0,0,1149.35,197.06,1196.63,291.66,-1
10,player,253,0,0,1152.15,196.96,1199.44,291.56,-1
10,player,254,0,0,1154.96,196.85,1202.24,291.45,-1
10,player,255,0,0,1157.76,196.75,1205.05,291.35,-1
10,player,256,0,0,1160.57,196.65,1207.85,291.25,-1
10,player,257,0,0,1163.37,196.54,1210.66,291.14,-1
10,player,258,0,0,1166.18,196.44,1213.46,291.04,-1
10,player,259,0,0,1168.98,196.33,1216.27,290.93,-1
10,player,260,0,0,1171.79,196.23,1219.07,290.83,-1
10,player,261,0,0,1174.59,196.13,1221.88,290.73,-1
10,player,262,0,0,1177.4,196.02,1224.68,290.62,-1
10,player,263,0,0,1180.2,195.92,1227.49,290.52,-1
10,player,264,0,0,1183.01,195.82,1230.29,290.41,-1
10,player,265,0,0,1185.81,195.71,1233.1,290.31,-1
10,player,266,0,0,1188.62,195.61,1235.9,290.21,-1
10,player,267,0,0,1191.42,195.5,1238.71,290.1,-1
10,player,268,0,0,1194.23,195.4,1241.51,290.0,-1
10,player,269,0,0,1197.03,195.3,1244.32,289.9,-1
10,player,270,0,0,1196.64,195.12,1243.93,289.72,-1
10,player,271,0,0,1196.25,194.94,1243.54,289.54,-1
10,player,272,0,0,1195.86,194.77,1243.15,289.37,-1
10,player,273,0,0,1195.47,194.59,1242.76,289.19,-1
10,player,274,0,0,1195.09,194.41,1242.37,289.01,-1
10,player,275,0,0,1194.7,194.24,1241.98,288.84,-1
10,player,276,0,0,1194.31,194.06,1241.59,288.66,-1
10,player,277,0,0,1193.92,193.88,1241.21,288.48,-1
10,player,278,0,0,1193.53,193.71,1240.82,288.31,-1
10,player,279,0,0,1193.14,193.53,1240.43,288.13,-1
10,player,280,0,0,1192.75,193.35,1240.04,287.95,-1
10,player,281,0,0,1192.36,193.18,1239.65,287.78,-1
10,player,282,0,0,1191.97,193.0,1239.26,287.6,-1
10,player,283,0,0,1191.58,192.82,1238.87,287.42,-1
10,player,284,0,0,1191.19,192.65,1238.48,287.25,-1
10,player,285,0,0,1190.81,192.47,1238.09,287.07,-1
10,player,286,0,0,1190.42,192.29,1237.7,286.89,-1
10,player,287,0,0,1190.03,192.12,1237.31,286.72,-1
10,player,288,0,0,1189.64,191.94,1236.93,286.54,-1
10,player,289,0,0,1189.25,191.76,1236.54,286.36,-1
10,player,290,0,0,1188.86,191.59,1236.15,286.19,-1
10,player,291,0,0,1188.47,191.41,1235.76,286.01,-1
10,player,292,0,0,1188.08,191.23,1235.37,285.83,-1
10,player,293,0,0,1187.69,191.06,1234.98,285.66,-1
10,player,294,0,0,1184.35,190.94,1231.63,285.54,-1
10,player,295,0,0,1181.0,190.82,1228.29,285.42,-1
10,player,296,0,0,1177.65,190.7,1224.94,285.3,-1
10,player,297,0,0,1174.31,190.58,1221.59,285.18,-1
10,player,298,0,0,1170.96,190.46,1218.25,285.06,-1
10,player,299,0,0,1167.61,190.34,1214.9,284.94,-1
10,player,300,0,0,1164.27,190.22,1211.55,284.82,-1
10,player,301,0,0,1160.92,190.1,1208.21,284.7,-1
10,player,302,0,0,1157.57,189.98,1204.86,284.58,-1
10,player,303,0,0,1154.23,189.86,1201.51,284.46,-1
10,player,304,0,0,1150.88,189.74,1198.17,284.34,-1
10,player,305,0,0,1147.53,189.62,1194.82,284.22,-1
10,player,306,0,0,1144.19,189.5,1191.47,284.1,-1
10,player,307,0,0,1140.84,189.38,1188.13,283.98,-1
10,player,308,0,0,1137.49,189.26,1184.78,283.86,-1
10,player,309,0,0,1134.15,189.14,1181.44,283.74,-1
10,player,310,0,0,1130.8,189.03,1178.09,283.62,-1
10,player,311,0,0,1127.46,188.91,1174.74,283.51,-1
10,player,312,0,0,1124.11,188.79,1171.4,283.39,-1
10,player,313,0,0,1120.76,188.67,1168.05,283.27,-1
10,player,314,0,0,1117.42,188.55,1164.7,283.15,-1
10,player,315,0,0,1114.07,188.43,1161.36,283.03,-1
10,player,316,0,0,1107.06,188.43,1154.34,283.03,-1
10,player,317,0,0,1100.05,188.43,1147.33,283.03,-1
10,player,318,0,0,1093.03,188.43,1140.32,283.03,-1
10,player,319,0,0,1092.22,188.83,1139.51,283.43,-1
10,player,320,0,0,1091.41,189.24,1138.7,283.84,-1
10,player,321,0,0,1090.6,189.65,1137.89,284.24,-1
10,player,322,0,0,1089.79,190.05,1137.07,284.65,-1
10,player,323,0,0,1088.98,190.46,1136.26,285.06,-1
10,player,324,0,0,1088.16,190.86,1135.45,285.46,-1
10,player,325,0,0,1087.35,191.27,1134.64,285.87,-1
10,player,326,0,0,1086.54,191.67,1133.83,286.27,-1
10,player,327,0,0,1085.73,192.08,1133.02,286.68,-1
10,player,328,0,0,1084.92,192.49,1132.2,287.09,-1
10,player,329,0,0,1084.1,192.89,1131.39,287.49,-1
10,player,330,0,0,1083.29,193.3,1130.58,287.9,-1
10,player,331,0,0,1082.48,193.7,1129.77,288.3,-1
10,player,332,0,0,1081.67,194.11,1128.96,288.71,-1
10,player,333,0,0,1080.86,194.52,1128.14,289.12,-1
10,player,334,0,0,1080.05,194.92,1127.33,289.52,-1
10,player,335,0,0,1079.23,195.33,1126.52,289.93,-1
10,player,336,0,0,1078.42,195.73,1125.71,290.33,-1
10,player,337,0,0,1077.61,196.14,1124.9,290.74,-1
10,player,338,0,0,1076.8,196.55,1124.09,291.14,-1
10,player,339,0,0,1075.99,196.95,1123.27,291.55,-1
10,player,340,0,0,1075.18,197.36,1122.46,291.96,-1
10,player,341,0,0,1074.36,197.76,1121.65,292.36,-1
10,player,342,0,0,1073.55,198.17,1120.84,292.77,-1
10,player,343,0,0,1072.74,198.57,1120.03,293.17,-1
10,player,344,0,0,1071.93,198.98,1119.21,293.58,-1
10,player,345,0,0,1071.12,199.39,1118.4,293.99,-1
10,player,346,0,0,1070.3,199.79,1117.59,294.39,-1
10,player,347,0,0,1069.49,200.2,1116.78,294.8,-1
10,player,348,0,0,1068.68,200.6,1115.97,295.2,-1
10,player,349,0,0,1067.87,201.01,1115.16,295.61,-1
10,player,350,0,0,1067.06,201.42,1114.34,296.02,-1
10,player,351,0,0,1066.25,201.82,1113.53,296.42,-1
10,player,352,0,0,1065.43,202.23,1112.72,296.83,-1
10,player,353,0,0,1064.62,202.63,1111.91,297.23,-1
10,player,354,0,0,1063.81,203.04,1111.1,297.64,-1
10,player,355,0,0,1063.0,203.45,1110.29,298.05,-1
10,player,356,0,0,1062.19,203.85,1109.47,298.45,-1
10,player,357,0,0,1060.16,203.75,1107.45,298.35,-1
10,player,358,0,0,1058.14,203.65,1105.43,298.25,-1
10,player,359,0,0,1056.12,203.55,1103.41,298.15,-1
10,player,360,0,0,1054.1,203.45,1101.38,298.05,-1
10,player,361,0,0,1052.07,203.35,1099.36,297.95,-1
10,player,362,0,0,1050.05,203.24,1097.34,297.84,-1
10,player,363,0,0,1048.03,203.14,1095.32,297.74,-1
10,player,364,0,0,1046.01,203.04,1093.29,297.64,-1
10,player,365,0,0,1043.98,202.94,1091.27,297.54,-1
10,player,366,0,0,1041.96,202.84,1089.25,297.44,-1
10,player,367,0,0,1039.94,202.74,1087.23,297.34,-1
10,player,368,0,0,1037.92,202.64,1085.2,297.24,-1
10,player,369,0,0,1035.89,202.54,1083.18,297.14,-1
10,player,370,0,0,1033.87,202.44,1081.16,297.03,-1
10,player,371,0,0,1031.85,202.33,1079.14,296.93,-1
10,player,372,0,0,1029.83,202.23,1077.11,296.83,-1
10,player,373,0,0,1027.8,202.13,1075.09,296.73,-1
10,player,374,0,0,1025.78,202.03,1073.07,296.63,-1
10,player,375,0,0,1023.76,201.93,1071.04,296.53,-1
10,player,376,0,0,1021.74,201.83,1069.02,296.43,-1
10,player,377,0,0,1019.71,201.73,1067.0,296.33,-1
10,player,378,0,0,1017.69,201.63,1064.98,296.23,-1
10,player,379,0,0,1015.67,201.53,1062.95,296.12,-1
10,player,380,0,0,1013.64,201.42,1060.93,296.02,-1
10,player,381,0,0,1011.62,201.32,1058.91,295.92,-1
10,player,382,0,0,1009.6,201.22,1056.89,295.82,-1
10,player,383,0,0,1003.26,200.89,1050.55,295.49,-1
10,player,384,0,0,996.92,200.55,1044.21,295.15,-1
10,player,385,0,0,990.59,200.22,1037.87,294.82,-1
10,player,386,0,0,984.25,199.89,1031.53,294.49,-1
10,player,387,0,0,977.91,199.55,1025.2,294.15,-1
10,player,388,0,0,971.57,199.22,1018.86,293.82,-1
10,player,389,0,0,965.23,198.89,1012.52,293.49,-1
10,player,390,0,0,958.9,198.55,1006.18,293.15,-1
10,player,391,0,0,952.56,198.22,999.84,292.82,-1
10,player,392,0,0,946.22,197.89,993.51,292.49,-1
10,player,393,0,0,939.88,197.55,987.17,292.15,-1
10,player,394,0,0,933.54,197.22,980.83,291.82,-1
10,player,395,0,0,927.21,196.88,974.49,291.48,-1
10,player,396,0,0,920.87,196.55,968.15,291.15,-1
10,player,397,0,0,914.53,196.22,961.82,290.82,-1
10,player,398,0,0,908.19,195.88,955.48,290.48,-1
10,player,399,0,0,901.85,195.55,949.14,290.15,-1
10,player,400,0,0,895.51,195.22,942.8,289.82,-1
10,player,401,0,0,889.18,194.88,936.46,289.48,-1
10,player,402,0,0,882.84,194.55,930.13,289.15,-1
10,player,403,0,0,876.5,194.22,923.79,288.82,-1
10,player,404,0,0,870.16,193.88,917.45,288.48,-1
10,player,405,0,0,863.82,193.55,911.11,288.15,-1
10,player,406,0,0,857.49,193.22,904.77,287.81,-1
10,player,407,0,0,851.15,192.88,898.44,287.48,-1
10,player,408,0,0,844.81,192.55,892.1,287.15,-1
10,player,409,0,0,838.47,192.21,885.76,286.81,-1
10,player,410,0,0,832.13,191.88,879.42,286.48,-1
10,player,411,0,0,825.8,191.55,873.08,286.15,-1
10,player,412,0,0,819.46,191.21,866.75,285.81,-1
10,player,413,0,0,813.12,190.88,860.41,285.48,-1
10,player,414,0,0,806.78,190.55,854.07,285.15,-1
10,player,415,0,0,800.44,190.21,847.73,284.81,-1
10,player,416,0,0,794.11,189.88,841.39,284.48,-1
10,player,417,0,0,787.77,189.55,835.06,284.15,-1
10,player,418,0,0,781.43,189.21,828.72,283.81,-1
10,player,419,0,0,775.09,188.88,822.38,283.48,-1
10,player,420,0,0,768.75,188.54,816.04,283.14,-1
10,player,421,0,0,768.94,188.86,816.23,283.46,-1
10,player,422,0,0,769.13,189.17,816.42,283.77,-1
10,player,423,0,0,769.32,189.48,816.6,284.08,-1
10,player,424,0,0,769.5,189.79,816.79,284.39,-1
10,player,425,0,0,769.69,190.11,816.98,284.71,-1
10,player,426,0,0,769.88,190.42,817.17,285.02,-1
10,player,427,0,0,770.07,190.73,817.35,285.33,-1
10,player,428,0,0,770.25,191.04,817.54,285.64,-1
10,player,429,0,0,770.44,191.36,817.73,285.96,-1
10,player,430,0,0,770.63,191.67,817.92,286.27,-1
10,player,431,0,0,770.82,191.98,818.1,286.58,-1
10,player,432,0,0,771.0,192.29,818.29,286.89,-1
10,player,433,0,0,771.19,192.61,818.48,287.21,-1
10,player,434,0,0,771.38,192.92,818.67,287.52,-1
10,player,435,0,0,771.57,193.23,818.85,287.83,-1
10,player,436,0,0,771.75,193.54,819.04,288.14,-1
10,player,437,0,0,771.94,193.86,819.23,288.46,-1
10,player,438,0,0,772.13,194.17,819.42,288.77,-1
10,player,439,0,0,772.32,194.48,819.6,289.08,-1
10,player,440,0,0,772.5,194.79,819.79,289.39,-1
10,player,441,0,0,772.69,195.11,819.98,289.7,-1
10,player,442,0,0,772.88,195.42,820.16,290.02,-1
10,player,443,0,0,773.07,195.73,820.35,290.33,-1
10,player,444,0,0,773.25,196.04,820.54,290.64,-1
10,player,445,0,0,773.44,196.36,820.73,290.95,-1
10,player,446,0,0,773.63,196.67,820.91,291.27,-1
10,player,447,0,0,773.82,196.98,821.1,291.58,-1
10,player,448,0,0,774.0,197.29,821.29,291.89,-1
10,player,449,0,0,774.19,197.6,821.48,292.2,-1
10,player,450,0,0,774.38,197.92,821.66,292.52,-1
10,player,451,0,0,774.56,198.23,821.85,292.83,-1
10,player,452,0,0,774.75,198.54,822.04,293.14,-1
10,player,453,0,0,774.94,198.85,822.23,293.45,-1
10,player,454,0,0,775.13,199.17,822.41,293.77,-1
10,player,455,0,0,775.31,199.48,822.6,294.08,-1
10,player,456,0,0,775.5,199.79,822.79,294.39,-1
10,player,457,0,0,775.69,200.1,822.98,294.7,-1
10,player,458,0,0,775.88,200.42,823.16,295.02,-1
10,player,459,0,0,776.06,200.73,823.35,295.33,-1
10,player,460,0,0,776.25,201.04,823.54,295.64,-1
10,player,461,0,0,776.44,201.35,823.73,295.95,-1
10,player,462,0,0,776.63,201.67,823.91,296.27,-1
10,player,463,0,0,780.74,202.15,828.02,296.75,-1
10,player,464,0,0,784.85,202.63,832.14,297.23,-1
10,player,465,0,0,788.96,203.12,836.25,297.72,-1
10,player,466,0,0,793.07,203.6,840.36,298.2,-1
10,player,467,0,0,797.18,204.08,844.47,298.68,-1
10,player,468,0,0,801.29,204.57,848.58,299.17,-1
10,player,469,0,0,805.4,205.05,852.69,299.65,-1
10,player,470,0,0,809.51,205.54,856.8,300.13,-1
10,player,471,0,0,813.62,206.02,860.91,300.62,-1
10,player,472,0,0,817.74,206.5,865.02,301.1,-1
10,player,473,0,0,821.85,206.99,869.13,301.59,-1
10,player,474,0,0,825.96,207.47,873.24,302.07,-1
10,player,475,0,0,830.07,207.95,877.35,302.55,-1
10,player,476,0,0,834.18,208.44,881.47,303.04,-1
10,player,477,0,0,838.29,208.92,885.58,303.52,-1
10,player,478,0,0,842.4,209.4,889.69,304.0,-1
10,player,479,0,0,846.51,209.89,893.8,304.49,-1
10,player,480,0,0,850.62,210.37,897.91,304.97,-1
10,player,481,0,0,854.73,210.85,902.02,305.45,-1
10,player,482,0,0,858.84,211.34,906.13,305.94,-1
10,player,483,0,0,862.95,211.82,910.24,306.42,-1
10,player,484,0,0,867.07,212.31,914.35,306.91,-1
10,player,485,0,0,871.18,212.79,918.46,307.39,-1
10,player,486,0,0,875.29,213.27,922.57,307.87,-1
10,player,487,0,0,879.4,213.76,926.68,308.36,-1
10,player,488,0,0,883.51,214.24,930.8,308.84,-1
10,player,489,0,0,887.62,214.72,934.91,309.32,-1
10,player,490,0,0,891.73,215.21,939.02,309.81,-1
10,player,491,0,0,895.84,215.69,943.13,310.29,-1
10,player,492,0,0,899.95,216.17,947.24,310.77,-1
10,player,493,0,0,904.06,216.66,951.35,311.26,-1
10,player,494,0,0,908.17,217.14,955.46,311.74,-1
10,player,495,0,0,912.28,217.63,959.57,312.23,-1
10,player,496,0,0,916.4,218.11,963.68,312.71,-1
10,player,497,0,0,920.51,218.59,967.79,313.19,-1
10,player,498,0,0,924.62,219.08,971.9,313.68,-1
10,player,499,0,0,928.73,219.56,976.01,314.16,-1
10,player,500,0,0,932.84,220.04,980.13,314.64,-1
10,player,501,0,0,936.95,220.53,984.24,315.13,-1
10,player,502,0,0,938.66,221.1,985.95,315.7,-1
10,player,503,0,0,940.38,221.67,987.67,316.27,-1
10,player,504,0,0,942.09,222.24,989.38,316.84,-1
10,player,505,0,0,943.81,222.81,991.09,317.41,-1
10,player,506,0,0,945.52,223.39,992.81,317.98,-1
10,player,507,0,0,947.24,223.96,994.52,318.56,-1
10,player,508,0,0,948.95,224.53,996.24,319.13,-1
10,player,509,0,0,950.67,225.1,997.95,319.7,-1
10,player,510,0,0,952.38,225.67,999.67,320.27,-1
10,player,511,0,0,954.1,226.24,1001.38,320.84,-1
10,player,512,0,0,955.81,226.81,1003.1,321.41,-1
10,player,513,0,0,959.82,227.03,1007.11,321.63,-1
10,player,514,0,0,963.83,227.25,1011.12,321.85,-1
10,player,515,0,0,967.84,227.46,1015.13,322.06,-1
10,player,516,0,0,971.85,227.68,1019.14,322.28,-1
10,player,517,0,0,975.86,227.9,1023.15,322.5,-1
10,player,518,0,0,979.88,228.12,1027.16,322.71,-1
10,player,519,0,0,983.89,228.33,1031.17,322.93,-1
10,player,520,0,0,987.9,228.55,1035.18,323.15,-1
10,player,521,0,0,991.91,228.77,1039.19,323.37,-1
10,player,522,0,0,995.92,228.98,1043.21,323.58,-1
10,player,523,0,0,999.93,229.2,1047.22,323.8,-1
10,player,524,0,0,1003.94,229.42,1051.23,324.02,-1
10,player,525,0,0,1007.95,229.63,1055.24,324.23,-1
10,player,526,0,0,1011.96,229.85,1059.25,324.45,-1
10,player,527,0,0,1015.97,230.07,1063.26,324.67,-1
10,player,528,0,0,1019.98,230.28,1067.27,324.88,-1
10,player,529,0,0,1023.99,230.5,1071.28,325.1,-1
10,player,530,0,0,1028.0,230.72,1075.29,325.32,-1
10,player,531,0,0,1032.02,230.93,1079.3,325.53,-1
10,player,532,0,0,1036.03,231.15,1083.31,325.75,-1
10,player,533,0,0,1040.04,231.37,1087.32,325.97,-1
10,player,534,0,0,1044.05,231.58,1091.33,326.18,-1
10,player,535,0,0,1048.06,231.8,1095.35,326.4,-1
10,player,536,0,0,1052.07,232.02,1099.36,326.62,-1
10,player,537,0,0,1056.08,232.23,1103.37,326.83,-1
10,player,538,0,0,1060.09,232.45,1107.38,327.05,-1
10,player,539,0,0,1064.1,232.67,1111.39,327.27,-1
10,player,540,0,0,1068.11,232.88,1115.4,327.48,-1
10,player,541,0,0,1072.12,233.1,1119.41,327.7,-1
10,player,542,0,0,1074.75,233.79,1122.04,328.39,-1
10,player,543,0,0,1077.38,234.49,1124.67,329.08,-1
10,player,544,0,0,1080.01,235.18,1127.3,329.78,-1
10,player,545,0,0,1082.64,235.87,1129.92,330.47,-1
10,player,546,0,0,1085.27,236.56,1132.55,331.16,-1
10,player,547,0,0,1087.89,237.25,1135.18,331.85,-1
10,player,548,0,0,1090.52,237.94,1137.81,332.54,-1
10,player,549,0,0,1093.15,238.64,1140.44,333.23,-1
10,player,550,0,0,1095.78,239.33,1143.07,333.93,-1
10,player,551,0,0,1098.41,240.02,1145.7,334.62,-1
10,player,552,0,0,1101.04,240.71,1148.32,335.31,-1
10,player,553,0,0,1103.67,241.4,1150.95,336.0,-1
10,player,554,0,0,1106.29,242.09,1153.58,336.69,-1
10,player,555,0,0,1108.92,242.79,1156.21,337.39,-1
10,player,556,0,0,1111.55,243.48,1158.84,338.08,-1
10,player,557,0,0,1114.18,244.17,1161.47,338.77,-1
10,player,558,0,0,1116.81,244.86,1164.1,339.46,-1
10,player,559,0,0,1119.44,245.55,1166.72,340.15,-1
10,player,560,0,0,1122.07,246.24,1169.35,340.84,-1
10,player,561,0,0,1124.69,246.94,1171.98,341.54,-1
10,player,562,0,0,1127.32,247.63,1174.61,342.23,-1
10,player,563,0,0,1129.95,248.32,1177.24,342.92,-1
10,player,564,0,0,1132.58,249.01,1179.87,343.61,-1
10,player,565,0,0,1135.21,249.7,1182.5,344.3,-1
10,player,566,0,0,1136.43,249.7,1183.72,344.3,-1
10,player,567,0,0,1137.66,249.7,1184.94,344.3,-1
10,player,568,0,0,1138.88,249.7,1186.17,344.3,-1
10,player,569,0,0,1140.1,249.7,1187.39,344.3,-1
10,player,570,0,0,1141.33,249.7,1188.61,344.3,-1
10,player,571,0,0,1142.55,249.7,1189.84,344.3,-1
10,player,572,0,0,1143.77,249.7,1191.06,344.3,-1
10,player,573,0,0,1145.0,249.7,1192.28,344.3,-1
10,player,574,0,0,1146.22,249.7,1193.51,344.3,-1
10,player,575,0,0,1147.44,249.7,1194.73,344.3,-1
10,player,576,0,0,1148.66,249.7,1195.95,344.3,-1
10,player,577,0,0,1149.89,249.7,1197.18,344.3,-1
10,player,578,0,0,1151.11,249.7,1198.4,344.3,-1
10,player,579,0,0,1152.33,249.7,1199.62,344.3,-1
10,player,580,0,0,1153.56,249.7,1200.85,344.3,-1
10,player,581,0,0,1154.78,249.7,1202.07,344.3,-1
10,player,582,0,0,1156.0,249.7,1203.29,344.3,-1
10,player,583,0,0,1157.23,249.7,1204.52,344.3,-1
10,player,584,0,0,1158.45,249.7,1205.74,344.3,-1
10,player,585,0,0,1160.26,250.0,1207.55,344.6,-1
10,player,586,0,0,1162.07,250.31,1209.36,344.91,-1
10,player,587,0,0,1163.88,250.61,1211.17,345.21,-1
10,player,588,0,0,1165.7,250.91,1212.98,345.51,-1
10,player,589,0,0,1167.51,251.21,1214.79,345.81,-1
10,player,590,0,0,1169.32,251.51,1216.6,346.11,-1
10,player,591,0,0,1171.13,251.82,1218.42,346.42,-1
10,player,592,0,0,1172.94,252.12,1220.23,346.72,-1
10,player,593,0,0,1174.75,252.42,1222.04,347.02,-1
10,player,594,0,0,1176.56,252.72,1223.85,347.32,-1
10,player,595,0,0,1178.37,253.02,1225.66,347.62,-1
10,player,596,0,0,1177.09,253.28,1224.38,347.88,-1
10,player,597,0,0,1175.81,253.54,1223.1,348.14,-1
10,player,598,0,0,1174.53,253.79,1221.82,348.39,-1
10,player,599,0,0,1173.25,254.05,1220.54,348.65,-1
10,player,600,0,0,1171.97,254.3,1219.26,348.9,-1
10,player,601,0,0,1170.69,254.56,1217.98,349.16,-1
10,player,602,0,0,1169.41,254.82,1216.7,349.42,-1
10,player,603,0,0,1168.13,255.07,1215.42,349.67,-1
10,player,604,0,0,1166.85,255.33,1214.13,349.93,-1
10,player,605,0,0,1165.57,255.58,1212.85,350.18,-1
10,player,606,0,0,1164.29,255.84,1211.57,350.44,-1
10,player,607,0,0,1163.01,256.1,1210.29,350.7,-1
10,player,608,0,0,1161.73,256.35,1209.01,350.95,-1
10,player,609,0,0,1160.44,256.61,1207.73,351.21,-1
10,player,610,0,0,1159.16,256.87,1206.45,351.46,-1
10,player,611,0,0,1157.23,256.65,1204.51,351.25,-1
10,player,612,0,0,1155.29,256.43,1202.58,351.03,-1
10,player,613,0,0,1153.35,256.22,1200.64,350.82,-1
10,player,614,0,0,1151.42,256.0,1198.7,350.6,-1
10,player,615,0,0,1149.48,255.79,1196.77,350.39,-1
10,player,616,0,0,1147.54,255.57,1194.83,350.17,-1
10,player,617,0,0,1145.6,255.36,1192.89,349.96,-1
10,player,618,0,0,1143.67,255.14,1190.95,349.74,-1
10,player,619,0,0,1141.73,254.93,1189.02,349.53,-1
10,player,620,0,0,1139.79,254.71,1187.08,349.31,-1
10,player,621,0,0,1137.86,254.5,1185.14,349.1,-1
10,player,622,0,0,1135.92,254.28,1183.21,348.88,-1
10,player,623,0,0,1133.98,254.07,1181.27,348.67,-1
10,player,624,0,0,1132.04,253.85,1179.33,348.45,-1
10,player,625,0,0,1132.04,253.97,1179.33,348.57,-1
10,player,626,0,0,1132.04,254.09,1179.33,348.69,-1
10,player,627,0,0,1132.04,254.21,1179.33,348.81,-1
10,player,628,0,0,1132.04,254.33,1179.33,348.93,-1
10,player,629,0,0,1132.04,254.45,1179.33,349.05,-1
10,player,630,0,0,1132.04,254.57,1179.33,349.17,-1
10,player,631,0,0,1132.04,254.7,1179.33,349.29,-1
10,player,632,0,0,1132.04,254.82,1179.33,349.42,-1
10,player,633,0,0,1132.04,254.94,1179.33,349.54,-1
10,player,634,0,0,1132.04,255.06,1179.33,349.66,-1
10,player,635,0,0,1132.04,255.18,1179.33,349.78,-1
10,player,636,0,0,1132.04,255.3,1179.33,349.9,-1
10,player,637,0,0,1132.04,255.42,1179.33,350.02,-1
10,player,638,0,0,1132.04,255.54,1179.33,350.14,-1
10,player,639,0,0,1132.04,255.66,1179.33,350.26,-1
10,player,640,0,0,1132.04,255.78,1179.33,350.38,-1
10,player,641,0,0,1132.04,255.9,1179.33,350.5,-1
10,player,642,0,0,1132.04,256.02,1179.33,350.62,-1
10,player,643,0,0,1132.04,256.14,1179.33,350.74,-1
10,player,644,0,0,1132.04,256.26,1179.33,350.86,-1
10,player,645,0,0,1132.04,256.38,1179.33,350.98,-1
10,player,646,0,0,1132.04,256.5,1179.33,351.1,-1
10,player,647,0,0,1132.04,256.62,1179.33,351.22,-1
10,player,648,0,0,1132.04,256.74,1179.33,351.34,-1
10,player,649,0,0,1132.04,256.86,1179.33,351.46,-1
10,player,650,0,0,1132.04,256.99,1179.33,351.58,-1
10,player,651,0,0,1132.04,257.11,1179.33,351.71,-1
10,player,652,0,0,1132.04,257.23,1179.33,351.83,-1
10,player,653,0,0,1132.04,257.35,1179.33,351.95,-1
10,player,654,0,0,1132.04,257.47,1179.33,352.07,-1
10,player,655,0,0,1132.04,257.59,1179.33,352.19,-1
10,player,656,0,0,1132.04,257.71,1179.33,352.31,-1
10,player,657,0,0,1132.04,257.83,1179.33,352.43,-1
10,player,658,0,0,1132.04,257.95,1179.33,352.55,-1
10,player,659,0,0,1132.04,258.07,1179.33,352.67,-1
10,player,660,0,0,1132.04,258.19,1179.33,352.79,-1
10,player,661,0,0,1132.04,258.31,1179.33,352.91,-1
10,player,662,0,0,1132.04,258.43,1179.33,353.03,-1
10,player,663,0,0,1132.04,258.55,1179.33,353.15,-1
10,player,664,0,0,1132.04,258.67,1179.33,353.27,-1
10,player,665,0,0,1132.04,258.79,1179.33,353.39,-1
10,player,666,0,0,1132.04,258.91,1179.33,353.51,-1
10,player,667,0,0,1132.04,259.03,1179.33,353.63,-1
10,player,668,0,0,1132.04,259.15,1179.33,353.75,-1
10,player,669,0,0,1132.04,259.28,1179.33,353.87,-1
10,player,670,0,0,1132.04,259.4,1179.33,354.0,-1
10,player,671,0,0,1132.04,259.52,1179.33,354.12,-1
10,player,672,0,0,1132.04,259.64,1179.33,354.24,-1
10,player,673,0,0,1132.04,259.76,1179.33,354.36,-1
10,player,674,0,0,1132.04,259.88,1179.33,354.48,-1
10,player,675,0,0,1133.66,259.88,1180.94,354.48,-1
10,player,676,0,0,1135.27,259.88,1182.56,354.48,-1
10,player,677,0,0,1136.88,259.88,1184.17,354.48,-1
10,player,678,0,0,1138.5,259.88,1185.78,354.48,-1
10,player,679,0,0,1140.11,259.88,1187.4,354.48,-1
10,player,680,0,0,1141.72,259.88,1189.01,354.48,-1
10,player,681,0,0,1143.34,259.88,1190.63,354.48,-1
10,player,682,0,0,1144.95,259.88,1192.24,354.48,-1
10,player,683,0,0,1146.57,259.88,1193.85,354.48,-1
10,player,684,0,0,1148.18,259.88,1195.47,354.48,-1
10,player,685,0,0,1149.79,259.88,1197.08,354.48,-1
10,player,686,0,0,1149.05,259.73,1196.33,354.33,-1
10,player,687,0,0,1148.3,259.58,1195.59,354.18,-1
10,player,688,0,0,1147.55,259.43,1194.84,354.03,-1
10,player,689,0,0,1146.81,259.28,1194.1,353.88,-1
10,player,690,0,0,1146.06,259.13,1193.35,353.73,-1
10,player,691,0,0,1145.32,258.98,1192.6,353.58,-1
10,player,692,0,0,1144.57,258.83,1191.86,353.43,-1
10,player,693,0,0,1143.83,258.68,1191.11,353.28,-1
10,player,694,0,0,1143.08,258.54,1190.37,353.14,-1
10,player,695,0,0,1142.34,258.39,1189.62,352.99,-1
10,player,696,0,0,1141.59,258.24,1188.88,352.84,-1
10,player,697,0,0,1140.84,258.09,1188.13,352.69,-1
10,player,698,0,0,1140.1,257.94,1187.39,352.54,-1
10,player,699,0,0,1139.35,257.79,1186.64,352.39,-1
10,player,700,0,0,1138.61,257.64,1185.89,352.24,-1
10,player,701,0,0,1137.86,257.49,1185.15,352.09,-1
10,player,702,0,0,1137.12,257.34,1184.4,351.94,-1
10,player,703,0,0,1137.55,257.34,1184.84,351.94,-1
10,player,704,0,0,1137.99,257.34,1185.27,351.94,-1
10,player,705,0,0,1138.42,257.34,1185.71,351.94,-1
10,player,706,0,0,1138.86,257.34,1186.14,351.94,-1
10,player,707,0,0,1139.29,257.34,1186.58,351.94,-1
10,player,708,0,0,1139.73,257.34,1187.01,351.94,-1
10,player,709,0,0,1140.16,257.34,1187.45,351.94,-1
10,player,710,0,0,1140.6,257.34,1187.88,351.94,-1
10,player,711,0,0,1141.03,257.34,1188.32,351.94,-1
10,player,712,0,0,1141.47,257.34,1188.75,351.94,-1
10,player,713,0,0,1141.9,257.34,1189.19,351.94,-1
10,player,714,0,0,1142.34,257.34,1189.62,351.94,-1
10,player,715,0,0,1142.77,257.34,1190.06,351.94,-1
10,player,716,0,0,1143.2,257.34,1190.49,351.94,-1
10,player,717,0,0,1143.64,257.34,1190.93,351.94,-1
10,player,718,0,0,1144.07,257.34,1191.36,351.94,-1
10,player,719,0,0,1144.51,257.34,1191.8,351.94,-1
10,player,720,0,0,1144.94,257.34,1192.23,351.94,-1
10,player,721,0,0,1145.38,257.34,1192.67,351.94,-1
10,player,722,0,0,1145.81,257.34,1193.1,351.94,-1
10,player,723,0,0,1146.25,257.34,1193.54,351.94,-1
10,player,724,0,0,1146.68,257.34,1193.97,351.94,-1
10,player,725,0,0,1147.12,257.34,1194.41,351.94,-1
10,player,726,0,0,1147.55,257.34,1194.84,351.94,-1
10,player,727,0,0,1147.99,257.34,1195.28,351.94,-1
10,player,728,0,0,1148.42,257.34,1195.71,351.94,-1
10,player,729,0,0,1148.86,257.34,1196.15,351.94,-1
10,player,730,0,0,1149.29,257.34,1196.58,351.94,-1
10,player,731,0,0,1149.73,257.34,1197.02,351.94,-1
10,player,732,0,0,1150.16,257.34,1197.45,351.94,-1
10,player,733,0,0,1150.6,257.34,1197.89,351.94,-1
10,player,734,0,0,1151.03,257.34,1198.32,351.94,-1
10,player,735,0,0,1151.47,257.34,1198.76,351.94,-1
10,player,736,0,0,1151.9,257.34,1199.19,351.94,-1
10,player,737,0,0,1152.34,257.34,1199.63,351.94,-1
10,player,738,0,0,1152.77,257.34,1200.06,351.94,-1
10,player,739,0,0,1153.21,257.34,1200.5,351.94,-1
10,player,740,0,0,1153.64,257.34,1200.93,351.94,-1
10,player,741,0,0,1159.05,257.34,1206.34,351.94,-1
10,player,742,0,0,1164.46,257.34,1211.75,351.94,-1
10,player,743,0,0,1169.87,257.34,1217.16,351.94,-1
10,player,744,0,0,1175.28,257.34,1222.57,351.94,-1
10,player,745,0,0,1180.69,257.34,1227.98,351.94,-1
10,player,746,0,0,1186.1,257.34,1233.39,351.94,-1
10,player,747,0,0,1191.51,257.34,1238.8,351.94,-1
10,player,748,0,0,1196.92,257.34,1244.21,351.94,-1
10,player,749,0,0,1202.33,257.34,1249.62,351.94,-1
10,player,750,0,0,1207.74,257.34,1255.03,351.94,-1
10,player,751,0,0,1213.15,257.34,1260.44,351.94,-1
10,player,752,0,0,1216.15,257.94,1264.65,353.14,-1
10,player,753,0,0,1219.16,258.54,1268.86,354.35,-1
10,player,754,0,0,1222.16,259.14,1273.07,355.55,-1
10,player,755,0,0,1225.17,259.74,1277.28,356.75,-1
10,player,756,0,0,1228.18,260.33,1281.49,357.95,-1
10,player,757,0,0,1231.18,260.93,1285.7,359.16,-1
10,player,758,0,0,1234.19,261.53,1289.91,360.36,-1
10,player,759,0,0,1237.19,262.13,1294.13,361.56,-1
10,player,760,0,0,1240.2,262.73,1298.34,362.76,-1
10,player,761,0,0,1243.2,263.33,1302.55,363.96,-1
10,player,762,0,0,1246.21,263.92,1306.76,365.17,-1
10,player,763,0,0,1254.96,263.92,1315.51,365.17,-1
10,player,764,0,0,1263.71,263.92,1324.26,365.17,-1
10,player,765,0,0,1272.46,263.92,1333.01,365.17,-1
10,player,766,0,0,1281.21,263.92,1341.76,365.17,-1
10,player,767,0,0,1289.96,263.92,1350.51,365.17,-1
10,player,768,0,0,1298.71,263.92,1359.26,365.17,-1
10,player,769,0,0,1307.46,263.92,1368.01,365.17,-1
10,player,770,0,0,1316.21,263.92,1376.76,365.17,-1
10,player,771,0,0,1324.96,263.92,1385.51,365.17,-1
10,player,772,0,0,1333.71,263.92,1394.26,365.17,-1
10,player,773,0,0,1342.46,263.92,1403.02,365.17,-1
10,player,774,0,0,1351.21,263.92,1411.77,365.17,-1
10,player,775,0,0,1359.97,263.92,1420.52,365.17,-1
10,player,776,0,0,1368.72,263.92,1429.27,365.17,-1
10,player,777,0,0,1377.47,263.92,1438.02,365.17,-1
10,player,778,0,0,1386.22,263.92,1446.77,365.17,-1
10,player,779,0,0,1394.97,263.92,1455.52,365.17,-1
10,player,780,0,0,1403.72,263.92,1464.27,365.17,-1
10,player,781,0,0,1412.47,263.92,1473.02,365.17,-1
10,player,782,0,0,1421.22,263.92,1481.77,365.17,-1
10,player,783,0,0,1429.97,263.92,1490.52,365.17,-1
10,player,784,0,0,1438.72,263.92,1499.27,365.17,-1
10,player,785,0,0,1447.47,263.92,1508.02,365.17,-1
10,player,786,0,0,1456.22,263.92,1516.77,365.17,-1
10,player,787,0,0,1464.97,263.92,1525.52,365.17,-1
10,player,788,0,0,1473.72,263.92,1534.28,365.17,-1
10,player,789,0,0,1482.47,263.92,1543.03,365.17,-1
10,player,790,0,0,1491.22,263.92,1551.78,365.17,-1
10,player,791,0,0,1499.98,263.92,1560.53,365.17,-1
10,player,792,0,0,1508.73,263.92,1569.28,365.17,-1
10,player,793,0,0,1517.48,263.92,1578.03,365.17,-1
10,player,794,0,0,1526.23,263.92,1586.78,365.17,-1
10,player,795,0,0,1534.98,263.92,1595.53,365.17,-1
10,player,796,0,0,1543.73,263.92,1604.28,365.17,-1
10,player,797,0,0,1551.63,263.92,1612.19,365.17,-1
10,player,798,0,0,1559.54,263.92,1620.09,365.17,-1
10,player,799,0,0,1567.45,263.92,1628.0,365.17,-1
10,player,800,0,0,1575.35,263.92,1635.9,365.17,-1
10,player,801,0,0,1583.26,263.92,1643.81,365.17,-1
10,player,802,0,0,1591.17,263.92,1651.72,365.17,-1
10,player,803,0,0,1599.07,263.92,1659.62,365.17,-1
10,player,804,0,0,1606.98,263.92,1667.53,365.17,-1
10,player,805,0,0,1614.88,263.92,1675.43,365.17,-1
10,player,806,0,0,1622.79,263.92,1683.34,365.17,-1
10,player,807,0,0,1630.7,263.92,1691.25,365.17,-1
10,player,808,0,0,1638.6,263.92,1699.15,365.17,-1
10,player,809,0,0,1644.54,263.92,1705.09,365.17,-1
10,player,810,0,0,1650.47,263.92,1711.02,365.17,-1
10,player,811,0,0,1656.4,263.92,1716.95,365.17,-1
10,player,812,0,0,1662.34,263.92,1722.89,365.17,-1
10,player,813,0,0,1667.65,263.3,1728.2,364.54,-1
10,player,814,0,0,1672.95,262.67,1733.51,363.92,-1
10,player,815,0,0,1678.26,262.05,1738.81,363.29,-1
10,player,816,0,0,1683.57,261.43,1744.12,362.67,-1
10,player,817,0,0,1688.88,260.8,1749.43,362.04,-1
10,player,818,0,0,1694.19,260.18,1754.74,361.42,-1
10,player,819,0,0,1699.5,259.55,1760.05,360.79,-1
10,player,820,0,0,1704.81,258.93,1765.36,360.17,-1
10,player,821,0,0,1710.12,258.3,1770.67,359.54,-1
10,player,822,0,0,1715.43,257.68,1775.98,358.92,-1
10,player,823,0,0,1720.74,257.05,1781.29,358.29,-1
10,player,824,0,0,1726.05,256.43,1786.6,357.67,-1
10,player,825,0,0,1731.35,255.8,1791.91,357.05,-1
10,player,826,0,0,1736.66,255.18,1797.22,356.42,-1
10,player,827,0,0,1741.97,254.55,1802.52,355.8,-1
10,player,828,0,0,1747.28,253.93,1807.83,355.17,-1
10,player,829,0,0,1752.59,253.3,1813.14,354.55,-1
10,player,830,0,0,1757.9,252.68,1818.45,353.92,-1
10,player,831,0,0,1763.21,252.06,1823.76,353.3,-1
10,player,832,0,0,1766.63,252.06,1827.18,353.3,-1
10,player,833,0,0,1770.06,252.06,1830.61,353.3,-1
10,player,834,0,0,1773.48,252.06,1834.03,353.3,-1
10,player,835,0,0,1776.9,252.06,1837.45,353.3,-1
10,player,836,0,0,1780.33,252.06,1840.88,353.3,-1
10,player,837,0,0,1783.75,252.06,1844.3,353.3,-1
10,player,838,0,0,1787.17,252.06,1847.72,353.3,-1
10,player,839,0,0,1790.6,252.06,1851.15,353.3,-1
10,player,840,0,0,1794.02,252.06,1854.57,353.3,-1
10,player,841,0,0,1797.44,252.06,1857.99,353.3,-1
10,player,842,0,0,1800.87,252.06,1861.42,353.3,-1
10,player,843,0,0,1804.29,252.06,1864.84,353.3,-1
10,player,844,0,0,1807.71,252.06,1868.26,353.3,-1
10,player,845,0,0,1807.71,252.06,1868.26,353.3,-1
10,player,846,0,0,1807.71,252.06,1868.26,353.3,-1
10,player,847,0,0,1807.71,252.06,1868.26,353.3,-1
10,player,848,0,0,1807.71,252.06,1868.26,353.3,-1
10,player,849,0,0,1807.71,252.06,1868.26,353.3,-1
10,player,850,0,0,1807.71,252.06,1868.26,353.3,-1
10,player,851,0,0,1807.71,252.06,1868.26,353.3,-1
10,player,852,0,0,1807.71,252.06,1868.26,353.3,-1
10,player,853,0,0,1807.71,252.06,1868.26,353.3,-1
10,player,854,0,0,1807.71,252.06,1868.26,353.3,-1
10,player,855,0,0,1807.71,252.06,1868.26,353.3,-1
10,player,856,0,0,1807.71,252.06,1868.26,353.3,-1
10,player,857,0,0,1807.71,252.06,1868.26,353.3,-1
10,player,858,0,0,1807.71,252.06,1868.26,353.3,-1
10,player,859,0,0,1807.71,252.06,1868.26,353.3,-1
10,player,860,0,0,1807.71,252.06,1868.26,353.3,-1
10,player,861,0,0,1807.71,252.06,1868.26,353.3,-1
10,player,862,0,0,1807.71,252.06,1868.26,353.3,-1
10,player,863,0,0,1807.71,252.06,1868.26,353.3,-1
10,player,864,0,0,1807.71,252.06,1868.26,353.3,-1
10,player,865,0,0,1807.71,252.06,1868.26,353.3,-1
10,player,866,0,0,1807.71,252.06,1868.26,353.3,-1
10,player,867,0,0,1807.71,252.06,1868.26,353.3,-1
10,player,868,0,0,1807.71,252.06,1868.26,353.3,-1
10,player,869,0,0,1807.71,252.06,1868.26,353.3,-1
10,player,870,0,0,1807.71,252.06,1868.26,353.3,-1
10,player,871,0,0,1807.71,252.06,1868.26,353.3,-1
10,player,872,0,0,1807.71,252.06,1868.26,353.3,-1
10,player,873,0,0,1807.71,252.06,1868.26,353.3,-1
10,player,874,0,0,1807.71,252.06,1868.26,353.3,-1
10,player,875,0,0,1807.71,252.06,1868.26,353.3,-1
10,player,876,0,0,1807.71,252.06,1868.26,353.3,-1
10,player,877,0,0,1807.71,252.06,1868.26,353.3,-1
10,player,878,0,0,1807.71,252.06,1868.26,353.3,-1
10,player,879,0,0,1807.71,252.06,1868.26,353.3,-1
10,player,880,0,0,1807.71,252.06,1868.26,353.3,-1
10,player,881,0,0,1807.71,252.06,1868.26,353.3,-1
10,player,882,0,0,1807.71,252.06,1868.26,353.3,-1
10,player,883,0,0,1807.71,252.06,1868.26,353.3,-1
10,player,884,0,0,1807.71,252.06,1868.26,353.3,-1
10,player,885,0,0,1807.71,252.06,1868.26,353.3,-1
10,player,886,0,0,1807.71,252.06,1868.26,353.3,-1
10,player,887,0,0,1807.71,252.06,1868.26,353.3,-1
10,player,888,0,0,1807.71,252.06,1868.26,353.3,-1
10,player,889,0,0,1807.71,252.06,1868.26,353.3,-1
10,player,890,0,0,1807.71,252.06,1868.26,353.3,-1
10,player,891,0,0,1807.71,252.06,1868.26,353.3,-1
10,player,892,0,0,1807.71,252.06,1868.26,353.3,-1
10,player,893,0,0,1807.71,252.06,1868.26,353.3,-1
10,player,894,0,0,1807.71,252.06,1868.26,353.3,-1
10,player,895,0,0,1807.71,252.06,1868.26,353.3,-1
10,player,896,0,0,1807.71,252.06,1868.26,353.3,-1
10,player,897,0,0,1807.71,252.06,1868.26,353.3,-1
10,player,898,0,0,1807.71,252.06,1868.26,353.3,-1
10,player,899,0,0,1807.71,252.06,1868.26,353.3,-1
11,player,0,0,0,735.4,272.7,806.4,376.5,17
11,player,1,0,0,730.21,271.88,801.21,375.68,17
11,player,2,0,0,725.03,271.06,796.03,374.86,17
11,player,3,0,0,719.84,270.24,790.84,374.04,17
11,player,4,0,0,714.65,269.42,785.66,373.22,17
11,player,5,0,0,709.47,268.61,780.47,372.41,17
11,player,6,0,0,704.28,267.79,775.28,371.59,17
11,player,7,0,0,699.1,266.97,770.1,370.77,17
11,player,8,0,0,693.91,266.15,764.91,369.95,17
11,player,9,0,0,688.72,265.33,759.72,369.13,17
11,player,10,0,0,683.54,264.51,754.54,368.31,17
11,player,11,0,0,678.35,263.69,749.35,367.49,17
11,player,12,0,0,666.47,263.69,737.47,367.49,17
11,player,13,0,0,654.59,263.69,725.59,367.49,17
11,player,14,0,0,642.71,263.69,713.71,367.49,17
11,player,15,0,0,630.83,263.69,701.83,367.49,17
11,player,16,0,0,618.95,263.69,689.96,367.49,17
11,player,17,0,0,607.08,263.69,678.08,367.49,17
11,player,18,0,0,595.2,263.69,666.2,367.49,17
11,player,19,0,0,583.32,263.69,654.32,367.49,17
11,player,20,0,0,571.44,263.69,642.44,367.49,17
11,player,21,0,0,559.56,263.69,630.56,367.49,17
11,player,22,0,0,547.68,263.69,618.68,367.49,17
11,player,23,0,0,535.8,263.69,606.8,367.49,17
11,player,24,0,0,523.92,263.69,594.92,367.49,17
11,player,25,0,0,512.04,263.69,583.04,367.49,17
11,player,26,0,0,500.16,263.69,571.16,367.49,17
11,player,27,0,0,488.28,263.69,559.28,367.49,17
11,player,28,0,0,476.4,263.69,547.4,367.49,17
11,player,29,0,0,475.62,263.43,546.43,367.23,17
11,player,30,0,0,474.84,263.16,545.45,366.96,17
11,player,31,0,0,474.06,262.89,544.48,366.69,17
11,player,32,0,0,473.28,262.62,543.5,366.42,17
11,player,33,0,0,472.5,262.35,542.53,366.15,17
11,player,34,0,0,471.72,262.08,541.55,365.88,17
11,player,35,0,0,470.94,261.82,540.58,365.62,17
11,player,36,0,0,470.16,261.55,539.6,365.35,17
11,player,37,0,0,469.38,261.28,538.63,365.08,17
11,player,38,0,0,468.6,261.01,537.65,364.81,17
11,player,39,0,0,467.82,260.74,536.68,364.54,17
11,player,40,0,0,467.04,260.48,535.7,364.28,17
11,player,41,0,0,466.26,260.21,534.73,364.01,17
11,player,42,0,0,465.48,259.94,533.75,363.74,17
11,player,43,0,0,464.7,259.67,532.78,363.47,17
11,player,44,0,0,463.93,259.4,531.8,363.2,17
11,player,45,0,0,463.15,259.13,530.83,362.93,17
11,player,46,0,0,462.37,258.87,529.85,362.67,17
11,player,47,0,0,461.59,258.6,528.88,362.4,17
11,player,48,0,0,460.81,258.33,527.9,362.13,17
11,player,49,0,0,460.03,258.06,526.93,361.86,17
11,player,50,0,0,459.25,257.79,525.95,361.59,17
11,player,51,0,0,458.47,257.53,524.98,361.33,17
11,player,52,0,0,457.69,257.26,524.0,361.06,17
11,player,53,0,0,456.91,256.99,523.03,360.79,17
11,player,54,0,0,456.13,256.72,522.05,360.52,17
11,player,55,0,0,455.35,256.45,521.08,360.25,17
11,player,56,0,0,454.57,256.19,520.1,359.99,17
11,player,57,0,0,453.79,255.92,519.13,359.72,17
11,player,58,0,0,453.01,255.65,518.15,359.45,17
11,player,59,0,0,452.23,255.38,517.18,359.18,17
11,player,60,0,0,451.45,255.11,516.2,358.91,17
11,player,61,0,0,450.67,254.84,515.23,358.64,17
11,player,62,0,0,449.89,254.58,514.25,358.38,17
11,player,63,0,0,449.11,254.31,513.28,358.11,17
11,player,64,0,0,448.33,254.04,512.3,357.84,17
11,player,65,0,0,447.55,253.77,511.33,357.57,17
11,player,66,0,0,446.77,253.5,510.35,357.3,17
11,player,67,0,0,445.99,253.24,509.38,357.04,17
11,player,68,0,0,445.21,252.97,508.4,356.77,17
11,player,69,0,0,444.43,252.7,507.43,356.5,17
11,player,70,0,0,443.65,252.43,506.45,356.23,17
11,player,71,0,0,442.87,252.16,505.48,355.96,17
11,player,72,0,0,442.09,251.9,504.5,355.7,17
11,player,73,0,0,441.31,251.63,503.53,355.43,17
11,player,74,0,0,440.53,251.36,502.55,355.16,17
11,player,75,0,0,439.75,251.09,501.58,354.89,17
11,player,76,0,0,438.97,250.82,500.6,354.62,17
11,player,77,0,0,438.19,250.55,499.63,354.35,17
11,player,78,0,0,437.41,250.29,498.65,354.09,17
11,player,79,0,0,436.63,250.02,497.68,353.82,17
11,player,80,0,0,435.85,249.75,496.7,353.55,17
11,player,81,0,0,435.07,249.48,495.73,353.28,17
11,player,82,0,0,434.29,249.21,494.75,353.01,17
11,player,83,0,0,433.51,248.95,493.78,352.75,17
11,player,84,0,0,432.73,248.68,492.8,352.48,17
11,player,85,0,0,431.95,248.41,491.83,352.21,17
11,player,86,0,0,431.17,248.14,490.85,351.94,17
11,player,87,0,0,430.39,247.87,489.88,351.67,17
11,player,88,0,0,429.61,247.6,488.9,351.4,17
11,player,89,0,0,428.83,247.34,487.93,351.14,17
11,player,90,0,0,428.05,247.07,486.95,350.87,17
11,player,91,0,0,427.27,246.8,485.98,350.6,17
11,player,92,0,0,426.49,246.53,485.0,350.33,17
11,player,93,0,0,425.71,246.26,484.03,350.06,17
11,player,94,0,0,424.93,246.0,483.05,349.8,17
11,player,95,0,0,424.15,245.73,482.08,349.53,17
11,player,96,0,0,423.37,245.46,481.1,349.26,17
11,player,97,0,0,422.59,245.19,480.13,348.99,17
11,player,98,0,0,421.81,244.92,479.15,348.72,17
11,player,99,0,0,421.03,244.66,478.18,348.46,17
11,player,100,0,0,420.25,244.39,477.2,348.19,17
11,player,101,0,0,419.47,244.12,476.23,347.92,17
11,player,102,0,0,418.69,243.85,475.25,347.65,17
11,player,103,0,0,417.92,243.58,474.28,347.38,17
11,player,104,0,0,417.14,243.31,473.3,347.11,17
11,player,105,0,0,416.36,243.05,472.33,346.85,17
11,player,106,0,0,415.58,242.78,471.35,346.58,17
11,player,107,0,0,414.8,242.51,470.38,346.31,17
11,player,108,0,0,414.02,242.24,469.4,346.04,17
11,player,109,0,0,413.24,241.97,468.43,345.77,17
11,player,110,0,0,412.46,241.71,467.45,345.51,17
11,player,111,0,0,411.68,241.44,466.48,345.24,17
11,player,112,0,0,410.9,241.17,465.5,344.97,17
11,player,113,0,0,410.12,240.9,464.53,344.7,17
11,player,114,0,0,409.34,240.63,463.55,344.43,17
11,player,115,0,0,408.56,240.37,462.58,344.17,17
11,player,116,0,0,407.78,240.1,461.6,343.9,17
11,player,117,0,0,407.0,239.83,460.63,343.63,17
11,player,118,0,0,406.22,239.56,459.65,343.36,17
11,player,119,0,0,405.44,239.29,458.68,343.09,17
11,player,120,0,0,404.66,239.02,457.7,342.82,17
11,player,121,0,0,403.88,238.76,456.73,342.56,17
11,player,122,0,0,403.1,238.49,455.75,342.29,17
11,player,123,0,0,402.32,238.22,454.78,342.02,17
11,player,124,0,0,401.54,237.95,453.8,341.75,17
11,player,125,0,0,400.76,237.68,452.83,341.48,17
11,player,126,0,0,399.98,237.42,451.85,341.22,17
11,player,127,0,0,399.2,237.15,450.88,340.95,17
11,player,128,0,0,398.42,236.88,449.9,340.68,17
11,player,129,0,0,397.64,236.61,448.93,340.41,17
11,player,130,0,0,396.86,236.34,447.95,340.14,17
11,player,131,0,0,396.08,236.07,446.98,339.87,17
11,player,132,0,0,395.3,235.81,446.0,339.61,17
11,player,133,0,0,394.29,235.55,444.99,339.35,17
11,player,134,0,0,393.28,235.3,443.98,339.1,17
11,player,135,0,0,392.27,235.05,442.97,338.85,17
11,player,136,0,0,391.26,234.8,441.96,338.6,17
11,player,137,0,0,390.26,234.55,440.96,338.35,17
11,player,138,0,0,389.25,234.29,439.95,338.09,17
11,player,139,0,0,388.24,234.04,438.94,337.84,17
11,player,140,0,0,387.23,233.79,437.93,337.59,17
11,player,141,0,0,386.22,233.54,436.92,337.34,17
11,player,142,0,0,385.21,233.28,435.91,337.08,17
11,player,143,0,0,384.2,233.03,434.9,336.83,17
11,player,144,0,0,383.19,232.78,433.89,336.58,17
11,player,145,0,0,382.19,232.53,432.89,336.33,17
11,player,146,0,0,381.18,232.28,431.88,336.08,17
11,player,147,0,0,380.17,232.02,430.87,335.82,17
11,player,148,0,0,379.16,231.77,429.86,335.57,17
11,player,149,0,0,378.15,231.52,428.85,335.32,17
11,player,150,0,0,377.14,231.27,427.84,335.07,17
11,player,151,0,0,376.13,231.01,426.83,334.81,17
11,player,152,0,0,375.12,230.76,425.82,334.56,17
11,player,153,0,0,374.12,230.51,424.82,334.31,17
11,player,154,0,0,373.11,230.26,423.81,334.06,17
11,player,155,0,0,372.1,230.01,422.8,333.81,17
11,player,156,0,0,371.09,229.75,421.79,333.55,17
11,player,157,0,0,370.08,229.5,420.78,333.3,17
11,player,158,0,0,369.07,229.25,419.77,333.05,17
11,player,159,0,0,368.06,229.0,418.76,332.8,17
11,player,160,0,0,367.05,228.74,417.75,332.54,17
11,player,161,0,0,366.05,228.49,416.75,332.29,17
11,player,162,0,0,365.04,228.24,415.74,332.04,17
11,player,163,0,0,364.03,227.99,414.73,331.79,17
11,player,164,0,0,363.02,227.74,413.72,331.54,17
11,player,165,0,0,362.01,227.48,412.71,331.28,17
11,player,166,0,0,361.0,227.23,411.7,331.03,17
11,player,167,0,0,359.99,226.98,410.69,330.78,17
11,player,168,0,0,358.98,226.73,409.68,330.53,17
11,player,169,0,0,357.98,226.47,408.68,330.27,17
11,player,170,0,0,356.97,226.22,407.67,330.02,17
11,player,171,0,0,365.28,226.71,415.98,330.51,17
11,player,172,0,0,373.59,227.2,424.29,331.0,17
11,player,173,0,0,381.9,227.69,432.6,331.49,17
11,player,174,0,0,390.21,228.18,440.91,331.98,17
11,player,175,0,0,398.52,228.67,449.22,332.47,17
11,player,176,0,0,406.83,229.16,457.53,332.96,17
11,player,177,0,0,415.14,229.65,465.84,333.45,17
11,player,178,0,0,423.46,230.13,474.16,333.93,17
11,player,179,0,0,431.77,230.62,482.47,334.42,17
11,player,180,0,0,440.08,231.11,490.78,334.91,17
11,player,181,0,0,449.3,230.88,500.0,334.68,17
11,player,182,0,0,458.52,230.65,509.22,334.45,17
11,player,183,0,0,467.73,230.42,518.43,334.22,17
11,player,184,0,0,476.95,230.19,527.65,333.99,17
11,player,185,0,0,486.17,229.96,536.87,333.76,17
11,player,186,0,0,495.39,229.73,546.09,333.53,17
11,player,187,0,0,504.61,229.5,555.31,333.3,17
11,player,188,0,0,513.83,229.27,564.53,333.07,17
11,player,189,0,0,523.05,229.04,573.75,332.84,17
11,player,190,0,0,532.27,228.81,582.97,332.61,17
11,player,191,0,0,541.49,228.58,592.19,332.38,17
11,player,192,0,0,550.71,228.35,601.41,332.15,17
11,player,193,0,0,559.92,228.12,610.62,331.92,17
11,player,194,0,0,569.14,227.89,619.84,331.69,17
11,player,195,0,0,578.36,227.66,629.06,331.46,17
11,player,196,0,0,587.58,227.42,638.28,331.22,17
11,player,197,0,0,596.8,227.19,647.5,330.99,17
11,player,198,0,0,606.02,226.96,656.72,330.76,17
11,player,199,0,0,615.24,226.73,665.94,330.53,17
11,player,200,0,0,624.46,226.5,675.16,330.3,17
11,player,201,0,0,633.68,226.27,684.38,330.07,17
11,player,202,0,0,642.89,226.04,693.59,329.84,17
11,player,203,0,0,653.4,225.68,704.1,329.48,17
11,player,204,0,0,663.9,225.32,714.6,329.12,17
11,player,205,0,0,674.4,224.96,725.1,328.76,17
11,player,206,0,0,684.91,224.59,735.61,328.39,17
11,player,207,0,0,695.41,224.23,746.11,328.03,17
11,player,208,0,0,705.91,223.87,756.61,327.67,17
11,player,209,0,0,716.42,223.51,767.12,327.31,17
11,player,210,0,0,726.92,223.14,777.62,326.94,17
11,player,211,0,0,737.42,222.78,788.12,326.58,17
11,player,212,0,0,747.92,222.42,798.62,326.22,17
11,player,213,0,0,758.43,222.06,809.13,325.86,17
11,player,214,0,0,768.93,221.7,819.63,325.5,17
11,player,215,0,0,779.43,221.33,830.13,325.13,17
11,player,216,0,0,789.94,220.97,840.64,324.77,17
11,player,217,0,0,794.51,221.13,845.21,324.93,17
11,player,218,0,0,799.08,221.28,849.78,325.08,17
11,player,219,0,0,803.65,221.44,854.35,325.24,17
11,player,220,0,0,808.22,221.59,858.92,325.39,17
11,player,221,0,0,812.79,221.75,863.49,325.55,17
11,player,222,0,0,817.36,221.91,868.06,325.71,17
11,player,223,0,0,821.93,222.06,872.63,325.86,17
11,player,224,0,0,826.51,222.22,877.21,326.02,17
11,player,225,0,0,831.08,222.37,881.78,326.17,17
11,player,226,0,0,835.65,222.53,886.35,326.33,17
11,player,227,0,0,840.22,222.69,890.92,326.49,17
11,player,228,0,0,844.79,222.84,895.49,326.64,17
11,player,229,0,0,849.36,223.0,900.06,326.8,17
11,player,230,0,0,853.93,223.15,904.63,326.95,17
11,player,231,0,0,858.5,223.31,909.2,327.11,17
11,player,232,0,0,863.07,223.46,913.77,327.26,17
11,player,233,0,0,867.65,223.62,918.35,327.42,17
11,player,234,0,0,872.22,223.78,922.92,327.58,17
11,player,235,0,0,876.79,223.93,927.49,327.73,17
11,player,236,0,0,881.36,224.09,932.06,327.89,17
11,player,237,0,0,885.93,224.24,936.63,328.04,17
11,player,238,0,0,890.5,224.4,941.2,328.2,17
11,player,239,0,0,895.07,224.56,945.77,328.36,17
11,player,240,0,0,899.64,224.71,950.34,328.51,17
11,player,241,0,0,904.21,224.87,954.91,328.67,17
11,player,242,0,0,908.79,225.02,959.49,328.82,17
11,player,243,0,0,913.36,225.18,964.06,328.98,17
11,player,244,0,0,917.93,225.33,968.63,329.13,17
11,player,245,0,0,922.5,225.49,973.2,329.29,17
11,player,246,0,0,927.07,225.65,977.77,329.45,17
11,player,247,0,0,931.64,225.8,982.34,329.6,17
11,player,248,0,0,936.21,225.96,986.91,329.76,17
11,player,249,0,0,940.78,226.11,991.48,329.91,17
11,player,250,0,0,945.35,226.27,996.05,330.07,17
11,player,251,0,0,949.93,226.43,1000.63,330.23,17
11,player,252,0,0,954.5,226.58,1005.2,330.38,17
11,player,253,0,0,959.07,226.74,1009.77,330.54,17
11,player,254,0,0,963.64,226.89,1014.34,330.69,17
11,player,255,0,0,968.21,227.05,1018.91,330.85,17
11,player,256,0,0,972.78,227.2,1023.48,331.0,17
11,player,257,0,0,977.35,227.36,1028.05,331.16,17
11,player,258,0,0,981.92,227.52,1032.62,331.32,17
11,player,259,0,0,986.49,227.67,1037.19,331.47,17
11,player,260,0,0,991.07,227.83,1041.77,331.63,17
11,player,261,0,0,995.64,227.98,1046.34,331.78,17
11,player,262,0,0,1000.21,228.14,1050.91,331.94,17
11,player,263,0,0,1004.78,228.3,1055.48,332.1,17
11,player,264,0,0,1009.35,228.45,1060.05,332.25,17
11,player,265,0,0,1013.92,228.61,1064.62,332.41,17
11,player,266,0,0,1018.49,228.76,1069.19,332.56,17
11,player,267,0,0,1023.06,228.92,1073.76,332.72,17
11,player,268,0,0,1027.63,229.07,1078.33,332.87,17
11,player,269,0,0,1032.21,229.23,1082.91,333.03,17
11,player,270,0,0,1033.73,229.38,1084.43,333.18,17
11,player,271,0,0,1035.25,229.53,1085.95,333.33,17
11,player,272,0,0,1036.77,229.69,1087.47,333.49,17
11,player,273,0,0,1038.29,229.84,1088.99,333.64,17
11,player,274,0,0,1039.81,229.99,1090.51,333.79,17
11,player,275,0,0,1041.33,230.14,1092.03,333.94,17
11,player,276,0,0,1042.85,230.29,1093.55,334.09,17
11,player,277,0,0,1044.37,230.45,1095.07,334.25,17
11,player,278,0,0,1045.89,230.6,1096.59,334.4,17
11,player,279,0,0,1047.41,230.75,1098.11,334.55,17
11,player,280,0,0,1048.93,230.9,1099.63,334.7,17
11,player,281,0,0,1050.45,231.06,1101.15,334.86,17
11,player,282,0,0,1051.97,231.21,1102.67,335.01,17
11,player,283,0,0,1053.49,231.36,1104.19,335.16,17
11,player,284,0,0,1055.01,231.51,1105.71,335.31,17
11,player,285,0,0,1056.54,231.66,1107.24,335.46,17
11,player,286,0,0,1058.06,231.82,1108.76,335.62,17
11,player,287,0,0,1059.58,231.97,1110.28,335.77,17
11,player,288,0,0,1061.1,232.12,1111.8,335.92,17
11,player,289,0,0,1062.62,232.27,1113.32,336.07,17
11,player,290,0,0,1064.14,232.42,1114.84,336.22,17
11,player,291,0,0,1065.66,232.58,1116.36,336.38,17
11,player,292,0,0,1067.18,232.73,1117.88,336.53,17
11,player,293,0,0,1068.7,232.88,1119.4,336.68,17
11,player,294,0,0,1067.86,232.88,1118.56,336.68,17
11,player,295,0,0,1067.03,232.88,1117.73,336.68,17
11,player,296,0,0,1066.19,232.88,1116.89,336.68,17
11,player,297,0,0,1065.35,232.88,1116.05,336.68,17
11,player,298,0,0,1064.52,232.88,1115.22,336.68,17
11,player,299,0,0,1063.68,232.88,1114.38,336.68,17
11,player,300,0,0,1062.84,232.88,1113.54,336.68,17
11,player,301,0,0,1062.01,232.88,1112.71,336.68,17
11,player,302,0,0,1061.17,232.88,1111.87,336.68,17
11,player,303,0,0,1060.33,232.88,1111.03,336.68,17
11,player,304,0,0,1059.5,232.88,1110.2,336.68,17
11,player,305,0,0,1058.66,232.88,1109.36,336.68,17
11,player,306,0,0,1057.82,232.88,1108.52,336.68,17
11,player,307,0,0,1056.99,232.88,1107.69,336.68,17
11,player,308,0,0,1056.15,232.88,1106.85,336.68,17
11,player,309,0,0,1055.31,232.88,1106.01,336.68,17
11,player,310,0,0,1054.48,232.88,1105.18,336.68,17
11,player,311,0,0,1053.64,232.88,1104.34,336.68,17
11,player,312,0,0,1052.8,232.88,1103.5,336.68,17
11,player,313,0,0,1051.97,232.88,1102.67,336.68,17
11,player,314,0,0,1051.13,232.88,1101.83,336.68,17
11,player,315,0,0,1050.29,232.88,1100.99,336.68,17
11,player,316,0,0,1045.91,232.88,1096.61,336.68,17
11,player,317,0,0,1041.53,232.88,1092.23,336.68,17
11,player,318,0,0,1037.15,232.88,1087.85,336.68,17
11,player,319,0,0,1034.52,232.67,1085.22,336.47,17
11,player,320,0,0,1031.89,232.46,1082.59,336.26,17
11,player,321,0,0,1029.26,232.26,1079.96,336.06,17
11,player,322,0,0,1026.63,232.05,1077.33,335.85,17
11,player,323,0,0,1024.0,231.84,1074.7,335.64,17
11,player,324,0,0,1021.37,231.63,1072.07,335.43,17
11,player,325,0,0,1018.74,231.43,1069.44,335.23,17
11,player,326,0,0,1016.11,231.22,1066.81,335.02,17
11,player,327,0,0,1013.48,231.01,1064.18,334.81,17
11,player,328,0,0,1010.85,230.8,1061.55,334.6,17
11,player,329,0,0,1008.23,230.6,1058.93,334.4,17
11,player,330,0,0,1005.6,230.39,1056.3,334.19,17
11,player,331,0,0,1002.97,230.18,1053.67,333.98,17
11,player,332,0,0,1000.34,229.97,1051.04,333.77,17
11,player,333,0,0,997.71,229.77,1048.41,333.57,17
11,player,334,0,0,995.08,229.56,1045.78,333.36,17
11,player,335,0,0,992.45,229.35,1043.15,333.15,17
11,player,336,0,0,989.82,229.14,1040.52,332.94,17
11,player,337,0,0,987.19,228.94,1037.89,332.74,17
11,player,338,0,0,984.56,228.73,1035.26,332.53,17
11,player,339,0,0,981.93,228.52,1032.63,332.32,17
11,player,340,0,0,979.3,228.31,1030.0,332.11,17
11,player,341,0,0,976.67,228.11,1027.37,331.91,17
11,player,342,0,0,974.04,227.9,1024.74,331.7,17
11,player,343,0,0,971.41,227.69,1022.11,331.49,17
11,player,344,0,0,968.78,227.48,1019.48,331.28,17
11,player,345,0,0,966.16,227.28,1016.86,331.08,17
11,player,346,0,0,963.53,227.07,1014.23,330.87,17
11,player,347,0,0,960.9,226.86,1011.6,330.66,17
11,player,348,0,0,958.27,226.65,1008.97,330.45,17
11,player,349,0,0,955.64,226.45,1006.34,330.25,17
11,player,350,0,0,953.01,226.24,1003.71,330.04,17
11,player,351,0,0,950.38,226.03,1001.08,329.83,17
11,player,352,0,0,947.75,225.82,998.45,329.62,17
11,player,353,0,0,945.12,225.61,995.82,329.41,17
11,player,354,0,0,942.49,225.41,993.19,329.21,17
11,player,355,0,0,939.86,225.2,990.56,329.0,17
11,player,356,0,0,937.23,224.99,987.93,328.79,17
11,player,357,0,0,931.77,224.89,982.47,328.69,17
11,player,358,0,0,926.31,224.8,977.01,328.6,17
11,player,359,0,0,920.85,224.7,971.55,328.5,17
11,player,360,0,0,915.39,224.6,966.09,328.4,17
11,player,361,0,0,909.93,224.5,960.63,328.3,17
11,player,362,0,0,904.47,224.41,955.17,328.21,17
11,player,363,0,0,899.01,224.31,949.71,328.11,17
11,player,364,0,0,893.55,224.21,944.25,328.01,17
11,player,365,0,0,888.09,224.11,938.79,327.91,17
11,player,366,0,0,882.63,224.02,933.33,327.82,17
11,player,367,0,0,877.17,223.92,927.87,327.72,17
11,player,368,0,0,871.71,223.82,922.41,327.62,17
11,player,369,0,0,866.25,223.72,916.95,327.52,17
11,player,370,0,0,860.79,223.63,911.49,327.43,17
11,player,371,0,0,855.33,223.53,906.03,327.33,17
11,player,372,0,0,849.87,223.43,900.57,327.23,17
11,player,373,0,0,844.4,223.33,895.1,327.13,17
11,player,374,0,0,838.94,223.24,889.64,327.04,17
11,player,375,0,0,833.48,223.14,884.18,326.94,17
11,player,376,0,0,828.02,223.04,878.72,326.84,17
11,player,377,0,0,822.56,222.94,873.26,326.74,17
11,player,378,0,0,817.1,222.85,867.8,326.65,17
11,player,379,0,0,811.64,222.75,862.34,326.55,17
11,player,380,0,0,806.18,222.65,856.88,326.45,17
11,player,381,0,0,800.72,222.55,851.42,326.35,17
11,player,382,0,0,795.26,222.46,845.96,326.26,17
11,player,383,0,0,784.84,222.49,835.54,326.19,17
11,player,384,0,0,774.43,222.53,825.13,326.13,17
11,player,385,0,0,764.01,222.56,814.71,326.06,17
11,player,386,0,0,753.6,222.6,804.29,326.0,17
11,player,387,0,0,743.18,222.63,793.87,325.93,17
11,player,388,0,0,732.76,222.67,783.46,325.86,17
11,player,389,0,0,722.35,222.7,773.04,325.8,17
11,player,390,0,0,711.93,222.74,762.62,325.73,17
11,player,391,0,0,701.51,222.78,752.2,325.67,17
11,player,392,0,0,691.1,222.81,741.79,325.6,17
11,player,393,0,0,680.68,222.85,731.37,325.54,17
11,player,394,0,0,670.27,222.88,720.95,325.47,17
11,player,395,0,0,659.85,222.92,710.53,325.41,17
11,player,396,0,0,649.43,222.95,700.12,325.34,17
11,player,397,0,0,639.02,222.99,689.7,325.27,17
11,player,398,0,0,628.6,223.02,679.28,325.21,17
11,player,399,0,0,618.19,223.06,668.87,325.14,17
11,player,400,0,0,607.77,223.09,658.45,325.08,17
11,player,401,0,0,597.35,223.13,648.03,325.01,17
11,player,402,0,0,586.94,223.16,637.61,324.95,17
11,player,403,0,0,576.52,223.2,627.2,324.88,17
11,player,404,0,0,566.1,223.23,616.78,324.82,17
11,player,405,0,0,555.69,223.27,606.36,324.75,17
11,player,406,0,0,545.27,223.31,595.94,324.68,17
11,player,407,0,0,534.86,223.34,585.53,324.62,17
11,player,408,0,0,524.44,223.38,575.11,324.55,17
11,player,409,0,0,514.02,223.41,564.69,324.49,17
11,player,410,0,0,503.61,223.45,554.27,324.42,17
11,player,411,0,0,493.19,223.48,543.86,324.36,17
11,player,412,0,0,482.77,223.52,533.44,324.29,17
11,player,413,0,0,472.36,223.55,523.02,324.23,17
11,player,414,0,0,461.94,223.59,512.6,324.16,17
11,player,415,0,0,451.53,223.62,502.19,324.1,17
11,player,416,0,0,441.11,223.66,491.77,324.03,17
11,player,417,0,0,430.69,223.69,481.35,323.96,17
11,player,418,0,0,420.28,223.73,470.93,323.9,17
11,player,419,0,0,409.86,223.76,460.52,323.83,17
11,player,420,0,0,399.45,223.8,450.1,323.77,17
11,player,421,0,0,396.01,224.18,446.41,324.15,17
11,player,422,0,0,392.57,224.56,442.72,324.53,17
11,player,423,0,0,389.13,224.95,439.03,324.91,17
11,player,424,0,0,385.7,225.33,435.34,325.29,17
11,player,425,0,0,382.26,225.71,431.65,325.68,17
11,player,426,0,0,378.82,226.09,427.96,326.06,17
11,player,427,0,0,375.39,226.47,424.27,326.44,17
11,player,428,0,0,371.95,226.85,420.58,326.82,17
11,player,429,0,0,368.51,227.24,416.89,327.2,17
11,player,430,0,0,365.08,227.62,413.2,327.59,17
11,player,431,0,0,361.64,228.0,409.5,327.97,17
11,player,432,0,0,358.2,228.38,405.81,328.35,17
11,player,433,0,0,354.77,228.76,402.12,328.73,17
11,player,434,0,0,351.33,229.14,398.43,329.11,17
11,player,435,0,0,347.89,229.53,394.74,329.49,17
11,player,436,0,0,344.46,229.91,391.05,329.88,17
11,player,437,0,0,341.02,230.29,387.36,330.26,17
11,player,438,0,0,337.58,230.67,383.67,330.64,17
11,player,439,0,0,334.15,231.05,379.98,331.02,17
11,player,440,0,0,330.71,231.44,376.29,331.4,17
11,player,441,0,0,327.27,231.82,372.6,331.78,17
11,player,442,0,0,323.84,232.2,368.91,332.17,17
11,player,443,0,0,320.4,232.58,365.22,332.55,17
11,player,444,0,0,316.96,232.96,361.53,332.93,17
11,player,445,0,0,313.53,233.34,357.84,333.31,17
11,player,446,0,0,310.09,233.73,354.15,333.69,17
11,player,447,0,0,306.65,234.11,350.46,334.08,17
11,player,448,0,0,303.22,234.49,346.77,334.46,17
11,player,449,0,0,299.78,234.87,343.08,334.84,17
11,player,450,0,0,296.34,235.25,339.39,335.22,17
11,player,451,0,0,292.91,235.63,335.7,335.6,17
11,player,452,0,0,289.47,236.02,332.0,335.98,17
11,player,453,0,0,286.03,236.4,328.31,336.37,17
11,player,454,0,0,282.59,236.78,324.62,336.75,17
11,player,455,0,0,279.16,237.16,320.93,337.13,17
11,player,456,0,0,275.72,237.54,317.24,337.51,17
11,player,457,0,0,272.28,237.93,313.55,337.89,17
11,player,458,0,0,268.85,238.31,309.86,338.27,17
11,player,459,0,0,265.41,238.69,306.17,338.66,17
11,player,460,0,0,261.97,239.07,302.48,339.04,17
11,player,461,0,0,258.54,239.45,298.79,339.42,17
11,player,462,0,0,255.1,239.83,295.1,339.8,17
11,player,463,0,0,256.63,240.48,296.63,340.45,17
11,player,464,0,0,258.16,241.12,298.16,341.09,17
11,player,465,0,0,259.7,241.77,299.69,341.74,17
11,player,466,0,0,261.23,242.41,301.23,342.38,17
11,player,467,0,0,262.76,243.06,302.76,343.03,17
11,player,468,0,0,264.29,243.7,304.29,343.67,17
11,player,469,0,0,265.82,244.35,305.82,344.32,17
11,player,470,0,0,267.35,244.99,307.35,344.96,17
11,player,471,0,0,268.88,245.64,308.88,345.61,17
11,player,472,0,0,270.42,246.28,310.41,346.25,17
11,player,473,0,0,271.95,246.93,311.95,346.9,17
11,player,474,0,0,273.48,247.57,313.48,347.54,17
11,player,475,0,0,275.01,248.22,315.01,348.18,17
11,player,476,0,0,276.54,248.86,316.54,348.83,17
11,player,477,0,0,278.07,249.51,318.07,349.47,17
11,player,478,0,0,279.6,250.15,319.6,350.12,17
11,player,479,0,0,281.14,250.8,321.14,350.76,17
11,player,480,0,0,282.67,251.44,322.67,351.41,17
11,player,481,0,0,284.2,252.09,324.2,352.05,17
11,player,482,0,0,285.73,252.73,325.73,352.7,17
11,player,483,0,0,287.26,253.38,327.26,353.34,17
11,player,484,0,0,288.79,254.02,328.79,353.99,17
11,player,485,0,0,290.32,254.67,330.32,354.63,17
11,player,486,0,0,291.86,255.31,331.86,355.28,17
11,player,487,0,0,293.39,255.96,333.39,355.92,17
11,player,488,0,0,294.92,256.6,334.92,356.57,17
11,player,489,0,0,296.45,257.25,336.45,357.21,17
11,player,490,0,0,297.98,257.89,337.98,357.86,17
11,player,491,0,0,299.51,258.53,339.51,358.5,17
11,player,492,0,0,301.04,259.18,341.04,359.15,17
11,player,493,0,0,302.58,259.82,342.58,359.79,17
11,player,494,0,0,304.11,260.47,344.11,360.44,17
11,player,495,0,0,305.64,261.11,345.64,361.08,17
11,player,496,0,0,307.17,261.76,347.17,361.73,17
11,player,497,0,0,308.7,262.4,348.7,362.37,17
11,player,498,0,0,310.23,263.05,350.23,363.02,17
11,player,499,0,0,311.77,263.69,351.76,363.66,17
11,player,500,0,0,313.3,264.34,353.3,364.31,17
11,player,501,0,0,314.83,264.98,354.83,364.95,17
11,player,502,0,0,316.79,265.22,356.79,365.19,17
11,player,503,0,0,318.76,265.45,358.76,365.42,17
11,player,504,0,0,320.72,265.69,360.72,365.66,17
11,player,505,0,0,322.69,265.93,362.69,365.89,17
11,player,506,0,0,324.65,266.16,364.65,366.13,17
11,player,507,0,0,326.62,266.4,366.62,366.37,17
11,player,508,0,0,328.58,266.63,368.58,366.6,17
11,player,509,0,0,330.55,266.87,370.55,366.84,17
11,player,510,0,0,332.51,267.11,372.51,367.07,17
11,player,511,0,0,334.48,267.34,374.48,367.31,17
11,player,512,0,0,336.44,267.58,376.44,367.54,17
11,player,513,0,0,338.41,267.81,378.4,367.78,17
11,player,514,0,0,340.37,268.05,380.37,368.02,17
11,player,515,0,0,342.33,268.28,382.33,368.25,17
11,player,516,0,0,344.3,268.52,384.3,368.49,17
11,player,517,0,0,346.26,268.76,386.26,368.72,17
11,player,518,0,0,348.23,268.99,388.23,368.96,17
11,player,519,0,0,350.19,269.23,390.19,369.19,17
11,player,520,0,0,352.16,269.46,392.16,369.43,17
11,player,521,0,0,354.12,269.7,394.12,369.67,17
11,player,522,0,0,356.09,269.93,396.09,369.9,17
11,player,523,0,0,358.05,270.17,398.05,370.14,17
11,player,524,0,0,360.02,270.41,400.02,370.37,17
11,player,525,0,0,361.98,270.64,401.98,370.61,17
11,player,526,0,0,363.95,270.88,403.95,370.85,17
11,player,527,0,0,365.91,271.11,405.91,371.08,17
11,player,528,0,0,367.88,271.35,407.88,371.32,17
11,player,529,0,0,369.84,271.58,409.84,371.55,17
11,player,530,0,0,371.81,271.82,411.81,371.79,17
11,player,531,0,0,373.77,272.06,413.77,372.02,17
11,player,532,0,0,375.74,272.29,415.73,372.26,17
11,player,533,0,0,377.7,272.53,417.7,372.5,17
11,player,534,0,0,379.66,272.76,419.66,372.73,17
11,player,535,0,0,381.63,273.0,421.63,372.97,17
11,player,536,0,0,383.59,273.24,423.59,373.2,17
11,player,537,0,0,385.56,273.47,425.56,373.44,17
11,player,538,0,0,387.52,273.71,427.52,373.67,17
11,player,539,0,0,389.49,273.94,429.49,373.91,17
11,player,540,0,0,391.45,274.18,431.45,374.15,17
11,player,541,0,0,393.42,274.41,433.42,374.38,17
11,player,542,0,0,395.49,274.83,435.49,374.8,17
11,player,543,0,0,397.57,275.24,437.57,375.21,17
11,player,544,0,0,399.64,275.66,439.64,375.63,17
11,player,545,0,0,401.72,276.07,441.72,376.04,17
11,player,546,0,0,403.79,276.49,443.79,376.46,17
11,player,547,0,0,405.87,276.9,445.87,376.87,17
11,player,548,0,0,407.94,277.32,447.94,377.29,17
11,player,549,0,0,410.02,277.73,450.02,377.7,17
11,player,550,0,0,412.09,278.15,452.09,378.12,17
11,player,551,0,0,414.17,278.56,454.17,378.53,17
11,player,552,0,0,416.25,278.98,456.24,378.95,17
11,player,553,0,0,418.32,279.39,458.32,379.36,17
11,player,554,0,0,420.4,279.81,460.39,379.78,17
11,player,555,0,0,422.47,280.22,462.47,380.19,17
11,player,556,0,0,424.55,280.64,464.55,380.61,17
11,player,557,0,0,426.62,281.05,466.62,381.02,17
11,player,558,0,0,428.7,281.47,468.7,381.44,17
11,player,559,0,0,430.77,281.88,470.77,381.85,17
11,player,560,0,0,432.85,282.3,472.85,382.27,17
11,player,561,0,0,434.92,282.71,474.92,382.68,17
11,player,562,0,0,437.0,283.13,477.0,383.1,17
11,player,563,0,0,439.07,283.54,479.07,383.51,17
11,player,564,0,0,441.15,283.96,481.15,383.93,17
11,player,565,0,0,443.22,284.38,483.22,384.34,17
11,player,566,0,0,443.75,284.38,483.75,384.34,17
11,player,567,0,0,444.27,284.38,484.27,384.34,17
11,player,568,0,0,444.8,284.38,484.79,384.34,17
11,player,569,0,0,445.32,284.38,485.32,384.34,17
11,player,570,0,0,445.84,284.38,485.84,384.34,17
11,player,571,0,0,446.37,284.38,486.37,384.34,17
11,player,572,0,0,446.89,284.38,486.89,384.34,17
11,player,573,0,0,447.42,284.38,487.42,384.34,17
11,player,574,0,0,447.94,284.38,487.94,384.34,17
11,player,575,0,0,448.47,284.38,488.46,384.34,17
11,player,576,0,0,448.99,284.38,488.99,384.34,17
11,player,577,0,0,449.51,284.38,489.51,384.34,17
11,player,578,0,0,450.04,284.38,490.04,384.34,17
11,player,579,0,0,450.56,284.38,490.56,384.34,17
11,player,580,0,0,451.09,284.38,491.09,384.34,17
11,player,581,0,0,451.61,284.38,491.61,384.34,17
11,player,582,0,0,452.14,284.38,492.13,384.34,17
11,player,583,0,0,452.66,284.38,492.66,384.34,17
11,player,584,0,0,453.18,284.38,493.18,384.34,17
11,player,585,0,0,452.59,284.67,492.59,384.64,17
11,player,586,0,0,452.0,284.97,492.0,384.93,17
11,player,587,0,0,451.41,285.26,491.41,385.23,17
11,player,588,0,0,450.82,285.56,490.82,385.52,17
11,player,589,0,0,450.23,285.85,490.23,385.82,17
11,player,590,0,0,449.64,286.15,489.64,386.12,17
11,player,591,0,0,449.05,286.44,489.05,386.41,17
11,player,592,0,0,448.46,286.74,488.45,386.71,17
11,player,593,0,0,447.86,287.03,487.86,387.0,17
11,player,594,0,0,447.27,287.33,487.27,387.3,17
11,player,595,0,0,446.68,287.63,486.68,387.59,17
11,player,596,0,0,446.09,287.92,486.09,387.89,17
11,player,597,0,0,445.5,288.22,485.5,388.18,17
11,player,598,0,0,444.91,288.51,484.91,388.48,17
11,player,599,0,0,444.32,288.81,484.32,388.78,17
11,player,600,0,0,443.73,289.1,483.73,389.07,17
11,player,601,0,0,443.14,289.4,483.14,389.37,17
11,player,602,0,0,442.55,289.69,482.54,389.66,17
11,player,603,0,0,441.95,289.99,481.95,389.96,17
11,player,604,0,0,441.36,290.29,481.36,390.25,17
11,player,605,0,0,440.77,290.58,480.77,390.55,17
11,player,606,0,0,440.18,290.88,480.18,390.84,17
11,player,607,0,0,439.59,291.17,479.59,391.14,17
11,player,608,0,0,439.0,291.47,479.0,391.44,17
11,player,609,0,0,438.41,291.76,478.41,391.73,17
11,player,610,0,0,437.82,292.06,477.82,392.03,17
11,player,611,0,0,434.8,292.06,474.8,392.03,17
11,player,612,0,0,431.79,292.06,471.79,392.03,17
11,player,613,0,0,428.78,292.06,468.78,392.03,17
11,player,614,0,0,425.76,292.06,465.76,392.03,17
11,player,615,0,0,422.75,292.06,462.75,392.03,17
11,player,616,0,0,419.74,292.06,459.74,392.03,17
11,player,617,0,0,416.72,292.06,456.72,392.03,17
11,player,618,0,0,413.71,292.06,453.71,392.03,17
11,player,619,0,0,410.7,292.06,450.7,392.03,17
11,player,620,0,0,407.68,292.06,447.68,392.03,17
11,player,621,0,0,404.67,292.06,444.67,392.03,17
11,player,622,0,0,401.66,292.06,441.66,392.03,17
11,player,623,0,0,398.64,292.06,438.64,392.03,17
11,player,624,0,0,395.63,292.06,435.63,392.03,17
11,player,625,0,0,395.63,292.42,435.63,392.39,17
11,player,626,0,0,395.63,292.78,435.63,392.75,17
11,player,627,0,0,395.63,293.14,435.63,393.11,17
11,player,628,0,0,395.63,293.5,435.63,393.47,17
11,player,629,0,0,395.63,293.87,435.63,393.83,17
11,player,630,0,0,395.63,294.23,435.63,394.2,17
11,player,631,0,0,395.63,294.59,435.63,394.56,17
11,player,632,0,0,395.63,294.95,435.63,394.92,17
11,player,633,0,0,395.63,295.31,435.63,395.28,17
11,player,634,0,0,395.63,295.67,435.63,395.64,17
11,player,635,0,0,395.63,296.04,435.63,396.0,17
11,player,636,0,0,395.63,296.4,435.63,396.37,17
11,player,637,0,0,395.63,296.76,435.63,396.73,17
11,player,638,0,0,395.63,297.12,435.63,397.09,17
11,player,639,0,0,395.63,297.48,435.63,397.45,17
11,player,640,0,0,395.63,297.84,435.63,397.81,17
11,player,641,0,0,395.63,298.21,435.63,398.17,17
11,player,642,0,0,395.63,298.57,435.63,398.54,17
11,player,643,0,0,395.63,298.93,435.63,398.9,17
11,player,644,0,0,395.63,299.29,435.63,399.26,17
11,player,645,0,0,395.63,299.65,435.63,399.62,17
11,player,646,0,0,395.63,300.01,435.63,399.98,17
11,player,647,0,0,395.63,300.38,435.63,400.34,17
11,player,648,0,0,395.63,300.74,435.63,400.7,17
11,player,649,0,0,395.63,301.1,435.63,401.07,17
11,player,650,0,0,395.63,301.46,435.63,401.43,17
11,player,651,0,0,395.63,301.82,435.63,401.79,17
11,player,652,0,0,395.63,302.18,435.63,402.15,17
11,player,653,0,0,395.63,302.55,435.63,402.51,17
11,player,654,0,0,395.63,302.91,435.63,402.87,17
11,player,655,0,0,395.63,303.27,435.63,403.24,17
11,player,656,0,0,395.63,303.63,435.63,403.6,17
11,player,657,0,0,395.63,303.99,435.63,403.96,17
11,player,658,0,0,395.63,304.35,435.63,404.32,17
11,player,659,0,0,395.63,304.71,435.63,404.68,17
11,player,660,0,0,395.63,305.08,435.63,405.04,17
11,player,661,0,0,395.63,305.44,435.63,405.41,17
11,player,662,0,0,395.63,305.8,435.63,405.77,17
11,player,663,0,0,395.63,306.16,435.63,406.13,17
11,player,664,0,0,395.63,306.52,435.63,406.49,17
11,player,665,0,0,395.63,306.88,435.63,406.85,17
11,player,666,0,0,395.63,307.25,435.63,407.21,17
11,player,667,0,0,395.63,307.61,435.63,407.58,17
11,player,668,0,0,395.63,307.97,435.63,407.94,17
11,player,669,0,0,395.63,308.33,435.63,408.3,17
11,player,670,0,0,395.63,308.69,435.63,408.66,17
11,player,671,0,0,395.63,309.05,435.63,409.02,17
11,player,672,0,0,395.63,309.42,435.63,409.38,17
11,player,673,0,0,395.63,309.78,435.63,409.74,17
11,player,674,0,0,395.63,310.14,435.63,410.11,17
11,player,675,0,0,397.01,311.29,437.01,411.26,17
11,player,676,0,0,398.4,312.44,438.39,412.41,17
11,player,677,0,0,399.78,313.6,439.78,413.56,17
11,player,678,0,0,401.16,314.75,441.16,414.72,17
11,player,679,0,0,402.54,315.9,442.54,415.87,17
11,player,680,0,0,403.93,317.05,443.93,417.02,17
11,player,681,0,0,405.31,318.21,445.31,418.17,17
11,player,682,0,0,406.69,319.36,446.69,419.33,17
11,player,683,0,0,408.08,320.51,448.07,420.48,17
11,player,684,0,0,409.46,321.66,449.46,421.63,17
11,player,685,0,0,410.84,322.81,450.84,422.78,17
11,player,686,0,0,409.15,322.53,449.15,422.5,17
11,player,687,0,0,407.46,322.25,447.46,422.22,17
11,player,688,0,0,405.77,321.97,445.77,421.94,17
11,player,689,0,0,404.08,321.69,444.08,421.66,17
11,player,690,0,0,402.39,321.41,442.39,421.37,17
11,player,691,0,0,400.7,321.12,440.7,421.09,17
11,player,692,0,0,399.01,320.84,439.01,420.81,17
11,player,693,0,0,397.32,320.56,437.32,420.53,17
11,player,694,0,0,395.63,320.28,435.63,420.25,17
11,player,695,0,0,393.41,320.28,433.41,420.25,17
11,player,696,0,0,391.19,320.28,431.19,420.25,17
11,player,697,0,0,388.97,320.28,428.97,420.25,17
11,player,698,0,0,386.76,320.28,426.76,420.25,17
11,player,699,0,0,384.54,320.28,424.54,420.25,17
11,player,700,0,0,382.32,320.28,422.32,420.25,17
11,player,701,0,0,380.1,320.28,420.1,420.25,17
11,player,702,0,0,377.88,320.28,417.88,420.25,17
11,player,703,0,0,376.99,320.28,416.99,420.25,17
11,player,704,0,0,376.09,320.28,416.09,420.25,17
11,player,705,0,0,375.2,320.28,415.2,420.25,17
11,player,706,0,0,374.3,320.28,414.3,420.25,17
11,player,707,0,0,373.41,320.28,413.41,420.25,17
11,player,708,0,0,372.51,320.28,412.51,420.25,17
11,player,709,0,0,371.62,320.28,411.62,420.25,17
11,player,710,0,0,370.72,320.28,410.72,420.25,17
11,player,711,0,0,369.83,320.28,409.83,420.25,17
11,player,712,0,0,368.94,320.28,408.93,420.25,17
11,player,713,0,0,368.04,320.28,408.04,420.25,17
11,player,714,0,0,367.15,320.28,407.15,420.25,17
11,player,715,0,0,366.25,320.28,406.25,420.25,17
11,player,716,0,0,365.36,320.28,405.36,420.25,17
11,player,717,0,0,364.46,320.28,404.46,420.25,17
11,player,718,0,0,363.57,320.28,403.57,420.25,17
11,player,719,0,0,362.67,320.28,402.67,420.25,17
11,player,720,0,0,363.62,320.91,403.62,420.88,17
11,player,721,0,0,364.56,321.54,404.56,421.51,17
11,player,722,0,0,365.51,322.17,405.5,422.14,17
11,player,723,0,0,366.45,322.8,406.45,422.77,17
11,player,724,0,0,367.39,323.43,407.39,423.4,17
11,player,725,0,0,368.34,324.06,408.34,424.03,17
11,player,726,0,0,369.28,324.69,409.28,424.65,17
11,player,727,0,0,370.23,325.32,410.23,425.28,17
11,player,728,0,0,371.17,325.95,411.17,425.91,17
11,player,729,0,0,372.12,326.58,412.12,426.54,17
11,player,730,0,0,373.06,327.21,413.06,427.17,17
11,player,731,0,0,374.01,327.84,414.01,427.8,17
11,player,732,0,0,374.95,328.47,414.95,428.43,17
11,player,733,0,0,375.9,329.1,415.89,429.06,17
11,player,734,0,0,376.84,329.72,416.84,429.69,17
11,player,735,0,0,377.78,330.35,417.78,430.32,17
11,player,736,0,0,378.73,330.98,418.73,430.95,17
11,player,737,0,0,379.67,331.61,419.67,431.58,17
11,player,738,0,0,380.62,332.24,420.62,432.21,17
11,player,739,0,0,381.56,332.87,421.56,432.84,17
11,player,740,0,0,382.51,333.5,422.51,433.47,17
11,player,741,0,0,386.11,333.8,426.11,433.77,17
11,player,742,0,0,389.72,334.1,429.72,434.07,17
11,player,743,0,0,393.33,334.4,433.33,434.37,17
11,player,744,0,0,396.93,334.7,436.93,434.67,17
11,player,745,0,0,400.54,335.01,440.54,434.97,17
11,player,746,0,0,404.14,335.31,444.14,435.27,17
11,player,747,0,0,407.75,335.61,447.75,435.57,17
11,player,748,0,0,411.36,335.91,451.36,435.87,17
11,player,749,0,0,414.96,336.21,454.96,436.18,17
11,player,750,0,0,418.57,336.51,458.57,436.48,17
11,player,751,0,0,422.18,336.81,462.18,436.78,17
11,player,752,0,0,424.88,337.11,465.18,437.08,17
11,player,753,0,0,427.59,337.41,468.18,437.38,17
11,player,754,0,0,430.29,337.71,471.18,437.68,17
11,player,755,0,0,432.99,338.01,474.18,437.98,17
11,player,756,0,0,435.7,338.31,477.19,438.28,17
11,player,757,0,0,438.4,338.61,480.19,438.58,17
11,player,758,0,0,441.11,338.91,483.19,438.88,17
11,player,759,0,0,443.81,339.21,486.19,439.18,17
11,player,760,0,0,446.52,339.51,489.2,439.48,17
11,player,761,0,0,449.22,339.81,492.2,439.78,17
11,player,762,0,0,451.93,340.11,495.2,440.08,17
11,player,763,0,0,458.73,340.02,502.01,439.98,17
11,player,764,0,0,465.54,339.92,508.81,439.89,17
11,player,765,0,0,472.35,339.82,515.62,439.79,17
11,player,766,0,0,479.15,339.73,522.42,439.69,17
11,player,767,0,0,485.96,339.63,529.23,439.6,17
11,player,768,0,0,492.76,339.53,536.04,439.5,17
11,player,769,0,0,499.57,339.43,542.84,439.4,17
11,player,770,0,0,506.38,339.34,549.65,439.3,17
11,player,771,0,0,513.18,339.24,556.45,439.21,17
11,player,772,0,0,519.99,339.14,563.26,439.11,17
11,player,773,0,0,526.79,339.04,570.07,439.01,17
11,player,774,0,0,533.6,338.95,576.87,438.92,17
11,player,775,0,0,540.41,338.85,583.68,438.82,17
11,player,776,0,0,547.21,338.75,590.48,438.72,17
11,player,777,0,0,554.02,338.66,597.29,438.62,17
11,player,778,0,0,560.82,338.56,604.1,438.53,17
11,player,779,0,0,567.63,338.46,610.9,438.43,17
11,player,780,0,0,574.44,338.36,617.71,438.33,17
11,player,781,0,0,581.24,338.27,624.51,438.23,17
11,player,782,0,0,588.05,338.17,631.32,438.14,17
11,player,783,0,0,594.85,338.07,638.13,438.04,17
11,player,784,0,0,601.66,337.98,644.93,437.94,17
11,player,785,0,0,608.47,337.88,651.74,437.85,17
11,player,786,0,0,615.27,337.78,658.54,437.75,17
11,player,787,0,0,622.08,337.68,665.35,437.65,17
11,player,788,0,0,628.88,337.59,672.16,437.55,17
11,player,789,0,0,635.69,337.49,678.96,437.46,17
11,player,790,0,0,642.5,337.39,685.77,437.36,17
11,player,791,0,0,649.3,337.29,692.58,437.26,17
11,player,792,0,0,656.11,337.2,699.38,437.17,17
11,player,793,0,0,662.91,337.1,706.19,437.07,17
11,player,794,0,0,669.72,337.0,712.99,436.97,17
11,player,795,0,0,676.53,336.91,719.8,436.87,17
11,player,796,0,0,683.33,336.81,726.61,436.78,17
11,player,797,0,0,687.98,336.39,731.25,436.35,17
11,player,798,0,0,692.63,335.96,735.9,435.93,17
11,player,799,0,0,697.28,335.54,740.55,435.51,17
11,player,800,0,0,701.92,335.12,745.2,435.09,17
11,player,801,0,0,706.57,334.7,749.84,434.66,17
11,player,802,0,0,711.22,334.27,754.49,434.24,17
11,player,803,0,0,715.87,333.85,759.14,433.82,17
11,player,804,0,0,720.52,333.43,763.79,433.4,17
11,player,805,0,0,725.16,333.01,768.44,432.97,17
11,player,806,0,0,729.81,332.58,773.08,432.55,17
11,player,807,0,0,734.46,332.16,777.73,432.13,17
11,player,808,0,0,739.11,331.74,782.38,431.71,17
11,player,809,0,0,739.75,331.61,783.02,431.58,17
11,player,810,0,0,740.4,331.48,783.67,431.45,17
11,player,811,0,0,741.04,331.35,784.31,431.32,17
11,player,812,0,0,741.69,331.22,784.96,431.19,17
11,player,813,0,0,742.33,331.09,785.6,431.06,17
11,player,814,0,0,742.98,330.96,786.25,430.93,17
11,player,815,0,0,743.62,330.84,786.89,430.8,17
11,player,816,0,0,744.27,330.71,787.54,430.67,17
11,player,817,0,0,744.91,330.58,788.18,430.55,17
11,player,818,0,0,745.56,330.45,788.83,430.42,17
11,player,819,0,0,746.2,330.32,789.47,430.29,17
11,player,820,0,0,746.85,330.19,790.12,430.16,17
11,player,821,0,0,747.49,330.06,790.76,430.03,17
11,player,822,0,0,748.14,329.93,791.41,429.9,17
11,player,823,0,0,748.78,329.8,792.05,429.77,17
11,player,824,0,0,749.43,329.67,792.7,429.64,17
11,player,825,0,0,750.07,329.55,793.34,429.51,17
11,player,826,0,0,750.72,329.42,793.99,429.38,17
11,player,827,0,0,751.36,329.29,794.63,429.26,17
11,player,828,0,0,752.01,329.16,795.28,429.13,17
11,player,829,0,0,752.65,329.03,795.92,429.0,17
11,player,830,0,0,753.3,328.9,796.57,428.87,17
11,player,831,0,0,753.94,328.77,797.21,428.74,17
11,player,832,0,0,753.94,327.4,797.21,427.37,17
11,player,833,0,0,753.94,326.03,797.21,426.0,17
11,player,834,0,0,753.94,324.66,797.21,424.63,17
11,player,835,0,0,753.94,323.29,797.21,423.26,17
11,player,836,0,0,753.94,321.92,797.21,421.89,17
11,player,837,0,0,753.94,320.56,797.21,420.52,17
11,player,838,0,0,753.94,319.19,797.21,419.15,17
11,player,839,0,0,753.94,317.82,797.21,417.78,17
11,player,840,0,0,753.94,316.45,797.21,416.41,17
11,player,841,0,0,753.94,315.08,797.21,415.05,17
11,player,842,0,0,753.94,313.71,797.21,413.68,17
11,player,843,0,0,753.94,312.34,797.21,412.31,17
11,player,844,0,0,753.94,310.97,797.21,410.94,17
11,player,845,0,0,751.72,311.12,794.99,411.09,17
11,player,846,0,0,749.49,311.27,792.76,411.23,17
11,player,847,0,0,747.27,311.41,790.54,411.38,17
11,player,848,0,0,745.04,311.56,788.31,411.53,17
11,player,849,0,0,742.82,311.71,786.09,411.68,17
11,player,850,0,0,740.59,311.86,783.86,411.83,17
11,player,851,0,0,738.37,312.01,781.64,411.98,17
11,player,852,0,0,736.14,312.16,779.41,412.12,17
11,player,853,0,0,733.92,312.3,777.19,412.27,17
11,player,854,0,0,731.69,312.45,774.96,412.42,17
11,player,855,0,0,729.46,312.6,772.74,412.57,17
11,player,856,0,0,727.24,312.75,770.51,412.72,17
11,player,857,0,0,725.01,312.9,768.29,412.87,17
11,player,858,0,0,722.79,313.05,766.06,413.01,17
11,player,859,0,0,720.56,313.19,763.84,413.16,17
11,player,860,0,0,718.34,313.34,761.61,413.31,17
11,player,861,0,0,716.11,313.49,759.39,413.46,17
11,player,862,0,0,713.89,313.64,757.16,413.61,17
11,player,863,0,0,711.66,313.79,754.94,413.76,17
11,player,864,0,0,709.44,313.94,752.71,413.9,17
11,player,865,0,0,709.44,313.94,752.71,413.9,17
11,player,866,0,0,709.44,313.94,752.71,413.9,17
11,player,867,0,0,709.44,313.94,752.71,413.9,17
11,player,868,0,0,709.44,313.94,752.71,413.9,17
11,player,869,0,0,709.44,313.94,752.71,413.9,17
11,player,870,0,0,709.44,313.94,752.71,413.9,17
11,player,871,0,0,709.44,313.94,752.71,413.9,17
11,player,872,0,0,709.44,313.94,752.71,413.9,17
11,player,873,0,0,709.44,313.94,752.71,413.9,17
11,player,874,0,0,709.44,313.94,752.71,413.9,17
11,player,875,0,0,709.44,313.94,752.71,413.9,17
11,player,876,0,0,709.44,313.94,752.71,413.9,17
11,player,877,0,0,709.44,313.94,752.71,413.9,17
11,player,878,0,0,709.44,313.94,752.71,413.9,17
11,player,879,0,0,709.44,313.94,752.71,413.9,17
11,player,880,0,0,709.44,313.94,752.71,413.9,17
11,player,881,0,0,709.44,313.94,752.71,413.9,17
11,player,882,0,0,709.44,313.94,752.71,413.9,17
11,player,883,0,0,709.44,313.94,752.71,413.9,17
11,player,884,0,0,709.44,313.94,752.71,413.9,17
11,player,885,0,0,709.44,313.94,752.71,413.9,17
11,player,886,0,0,709.44,313.94,752.71,413.9,17
11,player,887,0,0,709.44,313.94,752.71,413.9,17
11,player,888,0,0,709.44,313.94,752.71,413.9,17
11,player,889,0,0,709.44,313.94,752.71,413.9,17
11,player,890,0,0,709.44,313.94,752.71,413.9,17
11,player,891,0,0,709.44,313.94,752.71,413.9,17
11,player,892,0,0,709.44,313.94,752.71,413.9,17
11,player,893,0,0,709.44,313.94,752.71,413.9,17
11,player,894,0,0,709.44,313.94,752.71,413.9,17
11,player,895,0,0,709.44,313.94,752.71,413.9,17
11,player,896,0,0,709.44,313.94,752.71,413.9,17
11,player,897,0,0,709.44,313.94,752.71,413.9,17
11,player,898,0,0,709.44,313.94,752.71,413.9,17
11,player,899,0,0,709.44,313.94,752.71,413.9,17
12,player,0,0,0,714.5,249.1,759.3,334.6,-1
12,player,1,0,0,706.58,248.55,751.38,334.05,-1
12,player,2,0,0,698.67,248.01,743.47,333.51,-1
12,player,3,0,0,690.75,247.46,735.55,332.96,-1
12,player,4,0,0,682.84,246.92,727.64,332.42,-1
12,player,5,0,0,674.92,246.37,719.72,331.87,-1
12,player,6,0,0,667.01,245.83,711.81,331.32,-1
12,player,7,0,0,659.09,245.28,703.89,330.78,-1
12,player,8,0,0,651.17,244.73,695.97,330.23,-1
12,player,9,0,0,643.26,244.19,688.06,329.69,-1
12,player,10,0,0,635.34,243.64,680.14,329.14,-1
12,player,11,0,0,627.43,243.1,672.23,328.6,-1
12,player,12,0,0,611.87,242.91,656.67,328.41,-1
12,player,13,0,0,596.31,242.72,641.11,328.22,-1
12,player,14,0,0,580.75,242.53,625.55,328.03,-1
12,player,15,0,0,565.19,242.35,609.99,327.85,-1
12,player,16,0,0,549.63,242.16,594.43,327.66,-1
12,player,17,0,0,534.07,241.97,578.87,327.47,-1
12,player,18,0,0,518.51,241.78,563.31,327.28,-1
12,player,19,0,0,502.95,241.6,547.75,327.1,-1
12,player,20,0,0,487.39,241.41,532.19,326.91,-1
12,player,21,0,0,471.83,241.22,516.63,326.72,-1
12,player,22,0,0,456.27,241.03,501.07,326.53,-1
12,player,23,0,0,440.71,240.85,485.51,326.35,-1
12,player,24,0,0,425.15,240.66,469.95,326.16,-1
12,player,25,0,0,409.59,240.47,454.39,325.97,-1
12,player,26,0,0,394.03,240.28,438.83,325.78,-1
12,player,27,0,0,378.47,240.1,423.27,325.6,-1
12,player,28,0,0,362.91,239.91,407.71,325.41,-1
12,player,29,0,0,362.59,239.91,407.39,325.41,-1
12,player,30,0,0,362.28,239.91,407.08,325.41,-1
12,player,31,0,0,361.96,239.91,406.76,325.41,-1
12,player,32,0,0,361.64,239.91,406.44,325.41,-1
12,player,33,0,0,361.33,239.91,406.13,325.41,-1
12,player,34,0,0,361.01,239.91,405.81,325.41,-1
12,player,35,0,0,360.69,239.91,405.49,325.41,-1
12,player,36,0,0,360.38,239.91,405.18,325.41,-1
12,player,37,0,0,360.06,239.91,404.86,325.41,-1
12,player,38,0,0,359.74,239.91,404.54,325.41,-1
12,player,39,0,0,359.43,239.91,404.23,325.41,-1
12,player,40,0,0,359.11,239.91,403.91,325.41,-1
12,player,41,0,0,358.79,239.91,403.59,325.41,-1
12,player,42,0,0,358.47,239.91,403.27,325.41,-1
12,player,43,0,0,358.16,239.91,402.96,325.41,-1
12,player,44,0,0,357.84,239.91,402.64,325.41,-1
12,player,45,0,0,357.52,239.91,402.32,325.41,-1
12,player,46,0,0,357.21,239.91,402.01,325.41,-1
12,player,47,0,0,356.89,239.91,401.69,325.41,-1
12,player,48,0,0,356.57,239.91,401.37,325.41,-1
12,player,49,0,0,356.26,239.91,401.06,325.41,-1
12,player,50,0,0,355.94,239.91,400.74,325.41,-1
12,player,51,0,0,355.62,239.91,400.42,325.41,-1
12,player,52,0,0,355.31,239.91,400.11,325.41,-1
12,player,53,0,0,354.99,239.91,399.79,325.41,-1
12,player,54,0,0,354.67,239.91,399.47,325.41,-1
12,player,55,0,0,354.35,239.91,399.15,325.41,-1
12,player,56,0,0,354.04,239.91,398.84,325.41,-1
12,player,57,0,0,353.72,239.91,398.52,325.41,-1
12,player,58,0,0,353.4,239.91,398.2,325.41,-1
12,player,59,0,0,353.09,239.91,397.89,325.41,-1
12,player,60,0,0,352.77,239.91,397.57,325.41,-1
12,player,61,0,0,352.45,239.91,397.25,325.41,-1
12,player,62,0,0,352.14,239.91,396.94,325.41,-1
12,player,63,0,0,351.82,239.91,396.62,325.41,-1
12,player,64,0,0,351.5,239.91,396.3,325.41,-1
12,player,65,0,0,351.19,239.91,395.99,325.41,-1
12,player,66,0,0,350.87,239.91,395.67,325.41,-1
12,player,67,0,0,350.55,239.91,395.35,325.41,-1
12,player,68,0,0,350.23,239.91,395.03,325.41,-1
12,player,69,0,0,349.92,239.91,394.72,325.41,-1
12,player,70,0,0,349.6,239.91,394.4,325.41,-1
12,player,71,0,0,349.28,239.91,394.08,325.41,-1
12,player,72,0,0,348.97,239.91,393.77,325.41,-1
12,player,73,0,0,348.65,239.91,393.45,325.41,-1
12,player,74,0,0,348.33,239.91,393.13,325.41,-1
12,player,75,0,0,348.02,239.91,392.82,325.41,-1
12,player,76,0,0,347.7,239.91,392.5,325.41,-1
12,player,77,0,0,347.38,239.91,392.18,325.41,-1
12,player,78,0,0,347.07,239.91,391.87,325.41,-1
12,player,79,0,0,346.75,239.91,391.55,325.41,-1
12,player,80,0,0,346.43,239.91,391.23,325.41,-1
12,player,81,0,0,346.12,239.91,390.92,325.41,-1
12,player,82,0,0,345.8,239.91,390.6,325.41,-1
12,player,83,0,0,345.48,239.91,390.28,325.41,-1
12,player,84,0,0,345.16,239.91,389.96,325.41,-1
12,player,85,0,0,344.85,239.91,389.65,325.41,-1
12,player,86,0,0,344.53,239.91,389.33,325.41,-1
12,player,87,0,0,344.21,239.91,389.01,325.41,-1
12,player,88,0,0,343.9,239.91,388.7,325.41,-1
12,player,89,0,0,343.58,239.91,388.38,325.41,-1
12,player,90,0,0,343.26,239.91,388.06,325.41,-1
12,player,91,0,0,342.95,239.91,387.75,325.41,-1
12,player,92,0,0,342.63,239.91,387.43,325.41,-1
12,player,93,0,0,342.31,239.91,387.11,325.41,-1
12,player,94,0,0,342.0,239.91,386.8,325.41,-1
12,player,95,0,0,341.68,239.91,386.48,325.41,-1
12,player,96,0,0,341.36,239.91,386.16,325.41,-1
12,player,97,0,0,341.04,239.91,385.84,325.41,-1
12,player,98,0,0,340.73,239.91,385.53,325.41,-1
12,player,99,0,0,340.41,239.91,385.21,325.41,-1
12,player,100,0,0,340.09,239.91,384.89,325.41,-1
12,player,101,0,0,339.78,239.91,384.58,325.41,-1
12,player,102,0,0,339.46,239.91,384.26,325.41,-1
12,player,103,0,0,339.14,239.91,383.94,325.41,-1
12,player,104,0,0,338.83,239.91,383.63,325.41,-1
12,player,105,0,0,338.51,239.91,383.31,325.41,-1
12,player,106,0,0,338.19,239.91,382.99,325.41,-1
12,player,107,0,0,337.88,239.91,382.68,325.41,-1
12,player,108,0,0,337.56,239.91,382.36,325.41,-1
12,player,109,0,0,337.24,239.91,382.04,325.41,-1
12,player,110,0,0,336.93,239.91,381.73,325.41,-1
12,player,111,0,0,336.61,239.91,381.41,325.41,-1
12,player,112,0,0,336.29,239.91,381.09,325.41,-1
12,player,113,0,0,335.97,239.91,380.77,325.41,-1
12,player,114,0,0,335.66,239.91,380.46,325.41,-1
12,player,115,0,0,335.34,239.91,380.14,325.41,-1
12,player,116,0,0,335.02,239.91,379.82,325.41,-1
12,player,117,0,0,334.71,239.91,379.51,325.41,-1
12,player,118,0,0,334.39,239.91,379.19,325.41,-1
12,player,119,0,0,334.07,239.91,378.87,325.41,-1
12,player,120,0,0,333.76,239.91,378.56,325.41,-1
12,player,121,0,0,333.44,239.91,378.24,325.41,-1
12,player,122,0,0,333.12,239.91,377.92,325.41,-1
12,player,123,0,0,332.81,239.91,377.61,325.41,-1
12,player,124,0,0,332.49,239.91,377.29,325.41,-1
12,player,125,0,0,332.17,239.91,376.97,325.41,-1
12,player,126,0,0,331.85,239.91,376.65,325.41,-1
12,player,127,0,0,331.54,239.91,376.34,325.41,-1
12,player,128,0,0,331.22,239.91,376.02,325.41,-1
12,player,129,0,0,330.9,239.91,375.7,325.41,-1
12,player,130,0,0,330.59,239.91,375.39,325.41,-1
12,player,131,0,0,330.27,239.91,375.07,325.41,-1
12,player,132,0,0,329.95,239.91,374.75,325.41,-1
12,player,133,0,0,332.9,239.99,377.7,325.49,-1
12,player,134,0,0,335.84,240.08,380.64,325.58,-1
12,player,135,0,0,338.78,240.16,383.58,325.66,-1
12,player,136,0,0,341.72,240.25,386.52,325.74,-1
12,player,137,0,0,344.66,240.33,389.46,325.83,-1
12,player,138,0,0,347.61,240.41,392.41,325.91,-1
12,player,139,0,0,350.55,240.5,395.35,326.0,-1
12,player,140,0,0,353.49,240.58,398.29,326.08,-1
12,player,141,0,0,356.43,240.67,401.23,326.17,-1
12,player,142,0,0,359.38,240.75,404.18,326.25,-1
12,player,143,0,0,362.32,240.83,407.12,326.33,-1
12,player,144,0,0,365.26,240.92,410.06,326.42,-1
12,player,145,0,0,368.2,241.0,413.0,326.5,-1
12,player,146,0,0,371.14,241.09,415.94,326.59,-1
12,player,147,0,0,374.09,241.17,418.89,326.67,-1
12,player,148,0,0,377.03,241.25,421.83,326.75,-1
12,player,149,0,0,379.97,241.34,424.77,326.84,-1
12,player,150,0,0,382.91,241.42,427.71,326.92,-1
12,player,151,0,0,385.86,241.51,430.66,327.01,-1
12,player,152,0,0,388.8,241.59,433.6,327.09,-1
12,player,153,0,0,391.74,241.67,436.54,327.17,-1
12,player,154,0,0,394.68,241.76,439.48,327.26,-1
12,player,155,0,0,397.62,241.84,442.42,327.34,-1
12,player,156,0,0,400.57,241.93,445.37,327.43,-1
12,player,157,0,0,403.51,242.01,448.31,327.51,-1
12,player,158,0,0,406.45,242.09,451.25,327.59,-1
12,player,159,0,0,409.39,242.18,454.19,327.68,-1
12,player,160,0,0,412.34,242.26,457.14,327.76,-1
12,player,161,0,0,415.28,242.35,460.08,327.85,-1
12,player,162,0,0,418.22,242.43,463.02,327.93,-1
12,player,163,0,0,421.16,242.52,465.96,328.01,-1
12,player,164,0,0,424.1,242.6,468.9,328.1,-1
12,player,165,0,0,427.05,242.68,471.85,328.18,-1
12,player,166,0,0,429.99,242.77,474.79,328.27,-1
12,player,167,0,0,432.93,242.85,477.73,328.35,-1
12,player,168,0,0,435.87,242.94,480.67,328.43,-1
12,player,169,0,0,438.82,243.02,483.62,328.52,-1
12,player,170,0,0,441.76,243.1,486.56,328.6,-1
12,player,171,0,0,451.29,242.86,496.09,328.36,-1
12,player,172,0,0,460.82,242.61,505.62,328.11,-1
12,player,173,0,0,470.36,242.37,515.16,327.87,-1
12,player,174,0,0,479.89,242.13,524.69,327.63,-1
12,player,175,0,0,489.42,241.88,534.22,327.38,-1
12,player,176,0,0,498.96,241.64,543.76,327.14,-1
12,player,177,0,0,508.49,241.39,553.29,326.89,-1
12,player,178,0,0,518.02,241.15,562.82,326.65,-1
12,player,179,0,0,527.56,240.9,572.36,326.4,-1
12,player,180,0,0,537.09,240.66,581.89,326.16,-1
12,player,181,0,0,546.66,240.31,591.46,325.81,-1
12,player,182,0,0,556.22,239.97,601.02,325.47,-1
12,player,183,0,0,565.78,239.62,610.58,325.12,-1
12,player,184,0,0,575.35,239.28,620.15,324.78,-1
12,player,185,0,0,584.91,238.93,629.71,324.43,-1
12,player,186,0,0,594.48,238.58,639.28,324.08,-1
12,player,187,0,0,604.04,238.24,648.84,323.74,-1
12,player,188,0,0,613.61,237.89,658.41,323.39,-1
12,player,189,0,0,623.17,237.55,667.97,323.05,-1
12,player,190,0,0,632.74,237.2,677.54,322.7,-1
12,player,191,0,0,642.3,236.86,687.1,322.36,-1
12,player,192,0,0,651.87,236.51,696.67,322.01,-1
12,player,193,0,0,661.43,236.17,706.23,321.66,-1
12,player,194,0,0,671.0,235.82,715.8,321.32,-1
12,player,195,0,0,680.56,235.47,725.36,320.97,-1
12,player,196,0,0,690.13,235.13,734.93,320.63,-1
12,player,197,0,0,699.69,234.78,744.49,320.28,-1
12,player,198,0,0,709.25,234.44,754.05,319.94,-1
12,player,199,0,0,718.82,234.09,763.62,319.59,-1
12,player,200,0,0,728.38,233.75,773.18,319.24,-1
12,player,201,0,0,737.95,233.4,782.75,318.9,-1
12,player,202,0,0,747.51,233.05,792.31,318.55,-1
12,player,203,0,0,754.21,234.5,799.01,320.0,-1
12,player,204,0,0,760.91,235.95,805.71,321.45,-1
12,player,205,0,0,767.61,237.4,812.41,322.9,-1
12,player,206,0,0,774.31,238.85,819.11,324.35,-1
12,player,207,0,0,781.01,240.3,825.81,325.8,-1
12,player,208,0,0,787.71,241.75,832.51,327.25,-1
12,player,209,0,0,794.42,243.19,839.22,328.69,-1
12,player,210,0,0,801.12,244.64,845.92,330.14,-1
12,player,211,0,0,807.82,246.09,852.62,331.59,-1
12,player,212,0,0,814.52,247.54,859.32,333.04,-1
12,player,213,0,0,821.22,248.99,866.02,334.49,-1
12,player,214,0,0,827.92,250.44,872.72,335.94,-1
12,player,215,0,0,834.62,251.89,879.42,337.39,-1
12,player,216,0,0,841.32,253.33,886.12,338.83,-1
12,player,217,0,0,847.91,253.65,892.71,339.15,-1
12,player,218,0,0,854.51,253.97,899.31,339.47,-1
12,player,219,0,0,861.11,254.28,905.91,339.78,-1
12,player,220,0,0,867.7,254.6,912.5,340.1,-1
12,player,221,0,0,874.3,254.92,919.1,340.42,-1
12,player,222,0,0,880.9,255.23,925.7,340.73,-1
12,player,223,0,0,887.49,255.55,932.29,341.05,-1
12,player,224,0,0,894.09,255.87,938.89,341.37,-1
12,player,225,0,0,900.69,256.18,945.49,341.68,-1
12,player,226,0,0,907.29,256.5,952.09,342.0,-1
12,player,227,0,0,913.88,256.81,958.68,342.31,-1
12,player,228,0,0,920.48,257.13,965.28,342.63,-1
12,player,229,0,0,927.08,257.45,971.88,342.95,-1
12,player,230,0,0,933.67,257.76,978.47,343.26,-1
12,player,231,0,0,940.27,258.08,985.07,343.58,-1
12,player,232,0,0,946.87,258.4,991.67,343.9,-1
12,player,233,0,0,953.46,258.71,998.26,344.21,-1
12,player,234,0,0,960.06,259.03,1004.86,344.53,-1
12,player,235,0,0,966.66,259.35,1011.46,344.84,-1
12,player,236,0,0,973.26,259.66,1018.06,345.16,-1
12,player,237,0,0,979.85,259.98,1024.65,345.48,-1
12,player,238,0,0,986.45,260.29,1031.25,345.79,-1
12,player,239,0,0,993.05,260.61,1037.85,346.11,-1
12,player,240,0,0,999.64,260.93,1044.44,346.43,-1
12,player,241,0,0,1006.24,261.24,1051.04,346.74,-1
12,player,242,0,0,1012.84,261.56,1057.64,347.06,-1
12,player,243,0,0,1019.43,261.88,1064.23,347.38,-1
12,player,244,0,0,1026.03,262.19,1070.83,347.69,-1
12,player,245,0,0,1032.63,262.51,1077.43,348.01,-1
12,player,246,0,0,1039.22,262.82,1084.02,348.32,-1
12,player,247,0,0,1045.82,263.14,1090.62,348.64,-1
12,player,248,0,0,1052.42,263.46,1097.22,348.96,-1
12,player,249,0,0,1059.02,263.77,1103.82,349.27,-1
12,player,250,0,0,1065.61,264.09,1110.41,349.59,-1
12,player,251,0,0,1072.21,264.41,1117.01,349.91,-1
12,player,252,0,0,1078.81,264.72,1123.61,350.22,-1
12,player,253,0,0,1085.4,265.04,1130.2,350.54,-1
12,player,254,0,0,1092.0,265.36,1136.8,350.86,-1
12,player,255,0,0,1098.6,265.67,1143.4,351.17,-1
12,player,256,0,0,1105.19,265.99,1149.99,351.49,-1
12,player,257,0,0,1111.79,266.3,1156.59,351.8,-1
12,player,258,0,0,1118.39,266.62,1163.19,352.12,-1
12,player,259,0,0,1124.98,266.94,1169.78,352.44,-1
12,player,260,0,0,1131.58,267.25,1176.38,352.75,-1
12,player,261,0,0,1138.18,267.57,1182.98,353.07,-1
12,player,262,0,0,1144.78,267.89,1189.58,353.39,-1
12,player,263,0,0,1151.37,268.2,1196.17,353.7,-1
12,player,264,0,0,1157.97,268.52,1202.77,354.02,-1
12,player,265,0,0,1164.57,268.84,1209.37,354.33,-1
12,player,266,0,0,1171.16,269.15,1215.96,354.65,-1
12,player,267,0,0,1177.76,269.47,1222.56,354.97,-1
12,player,268,0,0,1184.36,269.78,1229.16,355.28,-1
12,player,269,0,0,1190.95,270.1,1235.75,355.6,-1
12,player,270,0,0,1192.17,270.02,1236.97,355.51,-1
12,player,271,0,0,1193.39,269.93,1238.19,355.43,-1
12,player,272,0,0,1194.6,269.85,1239.4,355.34,-1
12,player,273,0,0,1195.82,269.76,1240.62,355.26,-1
12,player,274,0,0,1197.04,269.68,1241.84,355.17,-1
12,player,275,0,0,1198.25,269.59,1243.05,355.09,-1
12,player,276,0,0,1199.47,269.51,1244.27,355.0,-1
12,player,277,0,0,1200.69,269.42,1245.49,354.92,-1
12,player,278,0,0,1201.9,269.34,1246.7,354.83,-1
12,player,279,0,0,1203.12,269.25,1247.92,354.75,-1
12,player,280,0,0,1204.34,269.17,1249.14,354.66,-1
12,player,281,0,0,1205.55,269.08,1250.35,354.58,-1
12,player,282,0,0,1206.77,269.0,1251.57,354.49,-1
12,player,283,0,0,1207.99,268.91,1252.79,354.41,-1
12,player,284,0,0,1209.2,268.82,1254.0,354.32,-1
12,player,285,0,0,1210.42,268.74,1255.22,354.24,-1
12,player,286,0,0,1211.63,268.65,1256.43,354.15,-1
12,player,287,0,0,1212.85,268.57,1257.65,354.07,-1
12,player,288,0,0,1214.07,268.48,1258.87,353.98,-1
12,player,289,0,0,1215.28,268.4,1260.08,353.9,-1
12,player,290,0,0,1216.5,268.31,1261.3,353.81,-1
12,player,291,0,0,1217.72,268.23,1262.52,353.73,-1
12,player,292,0,0,1218.93,268.14,1263.73,353.64,-1
12,player,293,0,0,1220.15,268.06,1264.95,353.56,-1
12,player,294,0,0,1217.76,267.7,1262.56,353.2,-1
12,player,295,0,0,1215.37,267.34,1260.17,352.84,-1
12,player,296,0,0,1212.98,266.98,1257.78,352.48,-1
12,player,297,0,0,1210.59,266.63,1255.39,352.12,-1
12,player,298,0,0,1208.2,266.27,1253.0,351.77,-1
12,player,299,0,0,1205.81,265.91,1250.61,351.41,-1
12,player,300,0,0,1203.42,265.55,1248.22,351.05,-1
12,player,301,0,0,1201.03,265.19,1245.83,350.69,-1
12,player,302,0,0,1198.64,264.83,1243.44,350.33,-1
12,player,303,0,0,1196.25,264.47,1241.05,349.97,-1
12,player,304,0,0,1193.86,264.12,1238.66,349.61,-1
12,player,305,0,0,1191.47,263.76,1236.27,349.26,-1
12,player,306,0,0,1189.08,263.4,1233.88,348.9,-1
12,player,307,0,0,1186.69,263.04,1231.49,348.54,-1
12,player,308,0,0,1184.3,262.68,1229.1,348.18,-1
12,player,309,0,0,1181.91,262.32,1226.71,347.82,-1
12,player,310,0,0,1179.52,261.96,1224.32,347.46,-1
12,player,311,0,0,1177.12,261.61,1221.92,347.1,-1
12,player,312,0,0,1174.73,261.25,1219.53,346.75,-1
12,player,313,0,0,1172.34,260.89,1217.14,346.39,-1
12,player,314,0,0,1169.95,260.53,1214.75,346.03,-1
12,player,315,0,0,1167.56,260.17,1212.36,345.67,-1
12,player,316,0,0,1160.55,260.17,1205.35,345.67,-1
12,player,317,0,0,1153.54,260.17,1198.34,345.67,-1
12,player,318,0,0,1146.53,260.17,1191.33,345.67,-1
12,player,319,0,0,1142.71,259.52,1187.51,345.02,-1
12,player,320,0,0,1138.9,258.87,1183.7,344.37,-1
12,player,321,0,0,1135.08,258.22,1179.88,343.72,-1
12,player,322,0,0,1131.27,257.57,1176.07,343.07,-1
12,player,323,0,0,1127.45,256.92,1172.25,342.42,-1
12,player,324,0,0,1123.64,256.27,1168.44,341.77,-1
12,player,325,0,0,1119.82,255.62,1164.62,341.12,-1
12,player,326,0,0,1116.01,254.98,1160.81,340.48,-1
12,player,327,0,0,1112.19,254.33,1156.99,339.83,-1
12,player,328,0,0,1108.38,253.68,1153.18,339.18,-1
12,player,329,0,0,1104.56,253.03,1149.36,338.53,-1
12,player,330,0,0,1100.74,252.38,1145.54,337.88,-1
12,player,331,0,0,1096.93,251.73,1141.73,337.23,-1
12,player,332,0,0,1093.11,251.08,1137.91,336.58,-1
12,player,333,0,0,1089.3,250.43,1134.1,335.93,-1
12,player,334,0,0,1085.48,249.78,1130.28,335.28,-1
12,player,335,0,0,1081.67,249.13,1126.47,334.63,-1
12,player,336,0,0,1077.85,248.48,1122.65,333.98,-1
12,player,337,0,0,1074.04,247.83,1118.84,333.33,-1
12,player,338,0,0,1070.22,247.18,1115.02,332.68,-1
12,player,339,0,0,1066.41,246.53,1111.21,332.03,-1
12,player,340,0,0,1062.59,245.88,1107.39,331.38,-1
12,player,341,0,0,1058.78,245.23,1103.58,330.73,-1
12,player,342,0,0,1054.96,244.58,1099.76,330.08,-1
12,player,343,0,0,1051.15,243.94,1095.95,329.43,-1
12,player,344,0,0,1047.33,243.29,1092.13,328.79,-1
12,player,345,0,0,1043.52,242.64,1088.32,328.14,-1
12,player,346,0,0,1039.7,241.99,1084.5,327.49,-1
12,player,347,0,0,1035.88,241.34,1080.68,326.84,-1
12,player,348,0,0,1032.07,240.69,1076.87,326.19,-1
12,player,349,0,0,1028.25,240.04,1073.05,325.54,-1
12,player,350,0,0,1024.44,239.39,1069.24,324.89,-1
12,player,351,0,0,1020.62,238.74,1065.42,324.24,-1
12,player,352,0,0,1016.81,238.09,1061.61,323.59,-1
12,player,353,0,0,1012.99,237.44,1057.79,322.94,-1
12,player,354,0,0,1009.18,236.79,1053.98,322.29,-1
12,player,355,0,0,1005.36,236.14,1050.16,321.64,-1
12,player,356,0,0,1001.55,235.49,1046.35,320.99,-1
12,player,357,0,0,996.59,235.09,1041.39,320.59,-1
12,player,358,0,0,991.64,234.68,1036.44,320.18,-1
12,player,359,0,0,986.68,234.28,1031.48,319.78,-1
12,player,360,0,0,981.73,233.88,1026.53,319.37,-1
12,player,361,0,0,976.77,233.47,1021.57,318.97,-1
12,player,362,0,0,971.81,233.07,1016.61,318.57,-1
12,player,363,0,0,966.86,232.66,1011.66,318.16,-1
12,player,364,0,0,961.9,232.26,1006.7,317.76,-1
12,player,365,0,0,956.95,231.85,1001.75,317.35,-1
12,player,366,0,0,951.99,231.45,996.79,316.95,-1
12,player,367,0,0,947.04,231.04,991.84,316.54,-1
12,player,368,0,0,942.08,230.64,986.88,316.14,-1
12,player,369,0,0,937.13,230.23,981.93,315.73,-1
12,player,370,0,0,932.17,229.83,976.97,315.33,-1
12,player,371,0,0,927.22,229.43,972.02,314.92,-1
12,player,372,0,0,922.26,229.02,967.06,314.52,-1
12,player,373,0,0,917.31,228.62,962.11,314.12,-1
12,player,374,0,0,912.35,228.21,957.15,313.71,-1
12,player,375,0,0,907.4,227.81,952.2,313.31,-1
12,player,376,0,0,902.44,227.4,947.24,312.9,-1
12,player,377,0,0,897.48,227.0,942.28,312.5,-1
12,player,378,0,0,892.53,226.59,937.33,312.09,-1
12,player,379,0,0,887.57,226.19,932.37,311.69,-1
12,player,380,0,0,882.62,225.78,927.42,311.28,-1
12,player,381,0,0,877.66,225.38,922.46,310.88,-1
12,player,382,0,0,872.71,224.98,917.51,310.48,-1
12,player,383,0,0,861.57,225.12,906.37,310.62,-1
12,player,384,0,0,850.44,225.26,895.24,310.76,-1
12,player,385,0,0,839.31,225.4,884.11,310.9,-1
12,player,386,0,0,828.17,225.54,872.97,311.04,-1
12,player,387,0,0,817.04,225.68,861.84,311.18,-1
12,player,388,0,0,805.91,225.82,850.71,311.32,-1
12,player,389,0,0,794.77,225.96,839.57,311.46,-1
12,player,390,0,0,783.64,226.1,828.44,311.6,-1
12,player,391,0,0,772.5,226.24,817.3,311.74,-1
12,player,392,0,0,761.37,226.38,806.17,311.88,-1
12,player,393,0,0,750.24,226.53,795.04,312.03,-1
12,player,394,0,0,739.1,226.67,783.9,312.17,-1
12,player,395,0,0,727.97,226.81,772.77,312.31,-1
12,player,396,0,0,716.84,226.95,761.64,312.45,-1
12,player,397,0,0,705.7,227.09,750.5,312.59,-1
12,player,398,0,0,694.57,227.23,739.37,312.73,-1
12,player,399,0,0,683.43,227.37,728.23,312.87,-1
12,player,400,0,0,672.3,227.51,717.1,313.01,-1
12,player,401,0,0,661.17,227.65,705.97,313.15,-1
12,player,402,0,0,650.03,227.79,694.83,313.29,-1
12,player,403,0,0,638.9,227.94,683.7,313.43,-1
12,player,404,0,0,627.77,228.08,672.57,313.58,-1
12,player,405,0,0,616.63,228.22,661.43,313.72,-1
12,player,406,0,0,605.5,228.36,650.3,313.86,-1
12,player,407,0,0,594.36,228.5,639.16,314.0,-1
12,player,408,0,0,583.23,228.64,628.03,314.14,-1
12,player,409,0,0,572.1,228.78,616.9,314.28,-1
12,player,410,0,0,560.96,228.92,605.76,314.42,-1
12,player,411,0,0,549.83,229.06,594.63,314.56,-1
12,player,412,0,0,538.7,229.2,583.5,314.7,-1
12,player,413,0,0,527.56,229.34,572.36,314.84,-1
12,player,414,0,0,516.43,229.49,561.23,314.98,-1
12,player,415,0,0,505.29,229.63,550.09,315.13,-1
12,player,416,0,0,494.16,229.77,538.96,315.27,-1
12,player,417,0,0,483.03,229.91,527.83,315.41,-1
12,player,418,0,0,471.89,230.05,516.69,315.55,-1
12,player,419,0,0,460.76,230.19,505.56,315.69,-1
12,player,420,0,0,449.62,230.33,494.43,315.83,-1
12,player,421,0,0,444.73,230.78,489.53,316.28,-1
12,player,422,0,0,439.83,231.22,484.63,316.72,-1
12,player,423,0,0,434.93,231.67,479.73,317.17,-1
12,player,424,0,0,430.03,232.11,474.83,317.61,-1
12,player,425,0,0,425.13,232.56,469.93,318.06,-1
12,player,426,0,0,420.23,233.0,465.03,318.5,-1
12,player,427,0,0,415.33,233.45,460.13,318.95,-1
12,player,428,0,0,410.43,233.89,455.23,319.39,-1
12,player,429,0,0,405.53,234.34,450.33,319.84,-1
12,player,430,0,0,400.63,234.79,445.43,320.28,-1
12,player,431,0,0,395.73,235.23,440.53,320.73,-1
12,player,432,0,0,390.83,235.68,435.63,321.18,-1
12,player,433,0,0,385.93,236.12,430.73,321.62,-1
12,player,434,0,0,381.03,236.57,425.83,322.07,-1
12,player,435,0,0,376.13,237.01,420.93,322.51,-1
12,player,436,0,0,371.23,237.46,416.03,322.96,-1
12,player,437,0,0,366.33,237.9,411.13,323.4,-1
12,player,438,0,0,361.43,238.35,406.23,323.85,-1
12,player,439,0,0,356.53,238.79,401.33,324.29,-1
12,player,440,0,0,351.64,239.24,396.44,324.74,-1
12,player,441,0,0,346.74,239.68,391.54,325.18,-1
12,player,442,0,0,341.84,240.13,386.64,325.63,-1
12,player,443,0,0,336.94,240.58,381.74,326.07,-1
12,player,444,0,0,332.04,241.02,376.84,326.52,-1
12,player,445,0,0,327.14,241.47,371.94,326.97,-1
12,player,446,0,0,322.24,241.91,367.04,327.41,-1
12,player,447,0,0,317.34,242.36,362.14,327.86,-1
12,player,448,0,0,312.44,242.8,357.24,328.3,-1
12,player,449,0,0,307.54,243.25,352.34,328.75,-1
12,player,450,0,0,302.64,243.69,347.44,329.19,-1
12,player,451,0,0,297.74,244.14,342.54,329.64,-1
12,player,452,0,0,292.84,244.58,337.64,330.08,-1
12,player,453,0,0,287.94,245.03,332.74,330.53,-1
12,player,454,0,0,283.04,245.47,327.84,330.97,-1
12,player,455,0,0,278.14,245.92,322.94,331.42,-1
12,player,456,0,0,273.24,246.37,318.04,331.87,-1
12,player,457,0,0,268.34,246.81,313.14,332.31,-1
12,player,458,0,0,263.44,247.26,308.24,332.76,-1
12,player,459,0,0,258.55,247.7,303.35,333.2,-1
12,player,460,0,0,253.65,248.15,298.45,333.65,-1
12,player,461,0,0,248.75,248.59,293.55,334.09,-1
12,player,462,0,0,243.85,249.04,288.65,334.54,-1
12,player,463,0,0,246.26,249.44,291.06,334.94,-1
12,player,464,0,0,248.68,249.84,293.48,335.34,-1
12,player,465,0,0,251.1,250.25,295.9,335.75,-1
12,player,466,0,0,253.52,250.65,298.32,336.15,-1
12,player,467,0,0,255.94,251.05,300.74,336.55,-1
12,player,468,0,0,258.36,251.46,303.16,336.96,-1
12,player,469,0,0,260.77,251.86,305.57,337.36,-1
12,player,470,0,0,263.19,252.26,307.99,337.76,-1
12,player,471,0,0,265.61,252.67,310.41,338.16,-1
12,player,472,0,0,268.03,253.07,312.83,338.57,-1
12,player,473,0,0,270.45,253.47,315.25,338.97,-1
12,player,474,0,0,272.86,253.87,317.66,339.37,-1
12,player,475,0,0,275.28,254.28,320.08,339.78,-1
12,player,476,0,0,277.7,254.68,322.5,340.18,-1
12,player,477,0,0,280.12,255.08,324.92,340.58,-1
12,player,478,0,0,282.54,255.49,327.34,340.99,-1
12,player,479,0,0,284.96,255.89,329.76,341.39,-1
12,player,480,0,0,287.37,256.29,332.17,341.79,-1
12,player,481,0,0,289.79,256.7,334.59,342.2,-1
12,player,482,0,0,292.21,257.1,337.01,342.6,-1
12,player,483,0,0,294.63,257.5,339.43,343.0,-1
12,player,484,0,0,297.05,257.91,341.85,343.4,-1
12,player,485,0,0,299.46,258.31,344.26,343.81,-1
12,player,486,0,0,301.88,258.71,346.68,344.21,-1
12,player,487,0,0,304.3,259.11,349.1,344.61,-1
12,player,488,0,0,306.72,259.52,351.52,345.02,-1
12,player,489,0,0,309.14,259.92,353.94,345.42,-1
12,player,490,0,0,311.55,260.32,356.35,345.82,-1
12,player,491,0,0,313.97,260.73,358.77,346.23,-1
12,player,492,0,0,316.39,261.13,361.19,346.63,-1
12,player,493,0,0,318.81,261.53,363.61,347.03,-1
12,player,494,0,0,321.23,261.94,366.03,347.43,-1
12,player,495,0,0,323.65,262.34,368.45,347.84,-1
12,player,496,0,0,326.06,262.74,370.86,348.24,-1
12,player,497,0,0,328.48,263.14,373.28,348.64,-1
12,player,498,0,0,330.9,263.55,375.7,349.05,-1
12,player,499,0,0,333.32,263.95,378.12,349.45,-1
12,player,500,0,0,335.74,264.35,380.54,349.85,-1
12,player,501,0,0,338.15,264.76,382.95,350.26,-1
12,player,502,0,0,340.28,265.15,385.08,350.65,-1
12,player,503,0,0,342.4,265.54,387.2,351.04,-1
12,player,504,0,0,344.52,265.94,389.32,351.44,-1
12,player,505,0,0,346.64,266.33,391.44,351.83,-1
12,player,506,0,0,348.76,266.72,393.56,352.22,-1
12,player,507,0,0,350.89,267.11,395.69,352.61,-1
12,player,508,0,0,353.01,267.51,397.81,353.01,-1
12,player,509,0,0,355.13,267.9,399.93,353.4,-1
12,player,510,0,0,357.25,268.29,402.05,353.79,-1
12,player,511,0,0,359.37,268.69,404.17,354.19,-1
12,player,512,0,0,361.5,269.08,406.3,354.58,-1
12,player,513,0,0,363.62,269.47,408.42,354.97,-1
12,player,514,0,0,365.74,269.87,410.54,355.36,-1
12,player,515,0,0,367.86,270.26,412.66,355.76,-1
12,player,516,0,0,369.98,270.65,414.78,356.15,-1
12,player,517,0,0,372.1,271.04,416.9,356.54,-1
12,player,518,0,0,374.23,271.44,419.03,356.94,-1
12,player,519,0,0,376.35,271.83,421.15,357.33,-1
12,player,520,0,0,378.47,272.22,423.27,357.72,-1
12,player,521,0,0,380.59,272.62,425.39,358.12,-1
12,player,522,0,0,382.71,273.01,427.51,358.51,-1
12,player,523,0,0,384.84,273.4,429.64,358.9,-1
12,player,524,0,0,386.96,273.79,431.76,359.29,-1
12,player,525,0,0,389.08,274.19,433.88,359.69,-1
12,player,526,0,0,391.2,274.58,436.0,360.08,-1
12,player,527,0,0,393.32,274.97,438.12,360.47,-1
12,player,528,0,0,395.45,275.37,440.25,360.87,-1
12,player,529,0,0,397.57,275.76,442.37,361.26,-1
12,player,530,0,0,399.69,276.15,444.49,361.65,-1
12,player,531,0,0,401.81,276.55,446.61,362.04,-1
12,player,532,0,0,403.93,276.94,448.73,362.44,-1
12,player,533,0,0,406.06,277.33,450.86,362.83,-1
12,player,534,0,0,408.18,277.72,452.98,363.22,-1
12,player,535,0,0,410.3,278.12,455.1,363.62,-1
12,player,536,0,0,412.42,278.51,457.22,364.01,-1
12,player,537,0,0,414.54,278.9,459.34,364.4,-1
12,player,538,0,0,416.66,279.3,461.46,364.8,-1
12,player,539,0,0,418.79,279.69,463.59,365.19,-1
12,player,540,0,0,420.91,280.08,465.71,365.58,-1
12,player,541,0,0,423.03,280.47,467.83,365.97,-1
12,player,542,0,0,424.83,281.3,469.63,366.8,-1
12,player,543,0,0,426.63,282.13,471.43,367.63,-1
12,player,544,0,0,428.43,282.96,473.23,368.46,-1
12,player,545,0,0,430.22,283.79,475.02,369.29,-1
12,player,546,0,0,432.02,284.62,476.82,370.12,-1
12,player,547,0,0,433.82,285.46,478.62,370.95,-1
12,player,548,0,0,435.62,286.29,480.42,371.78,-1
12,player,549,0,0,437.42,287.12,482.22,372.61,-1
12,player,550,0,0,439.22,287.95,484.02,373.44,-1
12,player,551,0,0,441.02,288.78,485.82,374.27,-1
12,player,552,0,0,442.81,289.61,487.61,375.1,-1
12,player,553,0,0,444.61,290.44,489.41,375.93,-1
12,player,554,0,0,446.41,291.27,491.21,376.77,-1
12,player,555,0,0,448.21,292.1,493.01,377.6,-1
12,player,556,0,0,450.01,292.93,494.81,378.43,-1
12,player,557,0,0,451.81,293.76,496.61,379.26,-1
12,player,558,0,0,453.6,294.59,498.4,380.09,-1
12,player,559,0,0,455.4,295.42,500.2,380.92,-1
12,player,560,0,0,457.2,296.25,502.0,381.75,-1
12,player,561,0,0,459.0,297.08,503.8,382.58,-1
12,player,562,0,0,460.8,297.91,505.6,383.41,-1
12,player,563,0,0,462.6,298.74,507.4,384.24,-1
12,player,564,0,0,464.4,299.57,509.2,385.07,-1
12,player,565,0,0,466.19,300.4,510.99,385.9,-1
12,player,566,0,0,467.77,299.87,512.57,385.37,-1
12,player,567,0,0,469.34,299.35,514.14,384.85,-1
12,player,568,0,0,470.91,298.82,515.71,384.32,-1
12,player,569,0,0,472.49,298.3,517.29,383.8,-1
12,player,570,0,0,474.06,297.78,518.86,383.27,-1
12,player,571,0,0,475.63,297.25,520.43,382.75,-1
12,player,572,0,0,477.2,296.73,522.0,382.23,-1
12,player,573,0,0,478.78,296.2,523.58,381.7,-1
12,player,574,0,0,480.35,295.68,525.15,381.18,-1
12,player,575,0,0,481.92,295.15,526.72,380.65,-1
12,player,576,0,0,483.49,294.63,528.29,380.13,-1
12,player,577,0,0,485.07,294.11,529.87,379.6,-1
12,player,578,0,0,486.64,293.58,531.44,379.08,-1
12,player,579,0,0,488.21,293.06,533.01,378.56,-1
12,player,580,0,0,489.79,292.53,534.59,378.03,-1
12,player,581,0,0,491.36,292.01,536.16,377.51,-1
12,player,582,0,0,492.93,291.48,537.73,376.98,-1
12,player,583,0,0,494.5,290.96,539.3,376.46,-1
12,player,584,0,0,496.08,290.44,540.88,375.93,-1
12,player,585,0,0,497.59,291.04,542.39,376.54,-1
12,player,586,0,0,499.1,291.64,543.9,377.14,-1
12,player,587,0,0,500.6,292.25,545.4,377.75,-1
12,player,588,0,0,502.11,292.85,546.91,378.35,-1
12,player,589,0,0,503.62,293.45,548.42,378.95,-1
12,player,590,0,0,505.13,294.06,549.93,379.56,-1
12,player,591,0,0,506.64,294.66,551.44,380.16,-1
12,player,592,0,0,508.15,295.27,552.95,380.76,-1
12,player,593,0,0,509.66,295.87,554.46,381.37,-1
12,player,594,0,0,511.17,296.47,555.97,381.97,-1
12,player,595,0,0,512.68,297.08,557.48,382.58,-1
12,player,596,0,0,512.06,297.18,556.86,382.68,-1
12,player,597,0,0,511.43,297.28,556.23,382.78,-1
12,player,598,0,0,510.81,297.39,555.61,382.89,-1
12,player,599,0,0,510.18,297.49,554.98,382.99,-1
12,player,600,0,0,509.56,297.6,554.36,383.1,-1
12,player,601,0,0,508.94,297.7,553.74,383.2,-1
12,player,602,0,0,508.31,297.8,553.11,383.3,-1
12,player,603,0,0,507.69,297.91,552.49,383.41,-1
12,player,604,0,0,507.07,298.01,551.87,383.51,-1
12,player,605,0,0,506.44,298.12,551.24,383.61,-1
12,player,606,0,0,505.82,298.22,550.62,383.72,-1
12,player,607,0,0,505.2,298.32,550.0,383.82,-1
12,player,608,0,0,504.57,298.43,549.37,383.93,-1
12,player,609,0,0,503.95,298.53,548.75,384.03,-1
12,player,610,0,0,503.33,298.63,548.13,384.13,-1
12,player,611,0,0,502.7,298.74,547.5,384.24,-1
12,player,612,0,0,502.08,298.84,546.88,384.34,-1
12,player,613,0,0,501.46,298.95,546.26,384.45,-1
12,player,614,0,0,500.83,299.05,545.63,384.55,-1
12,player,615,0,0,500.21,299.15,545.01,384.65,-1
12,player,616,0,0,499.59,299.26,544.39,384.76,-1
12,player,617,0,0,498.96,299.36,543.76,384.86,-1
12,player,618,0,0,498.34,299.47,543.14,384.97,-1
12,player,619,0,0,497.72,299.57,542.52,385.07,-1
12,player,620,0,0,497.09,299.67,541.89,385.17,-1
12,player,621,0,0,496.47,299.78,541.27,385.28,-1
12,player,622,0,0,495.85,299.88,540.65,385.38,-1
12,player,623,0,0,495.22,299.99,540.02,385.49,-1
12,player,624,0,0,494.6,300.09,539.4,385.59,-1
12,player,625,0,0,495.92,300.63,540.72,386.37,-1
12,player,626,0,0,497.25,301.17,542.05,387.16,-1
12,player,627,0,0,498.58,301.72,543.38,387.94,-1
12,player,628,0,0,499.9,302.26,544.7,388.72,-1
12,player,629,0,0,501.23,302.8,546.03,389.51,-1
12,player,630,0,0,502.55,303.34,547.35,390.29,-1
12,player,631,0,0,503.88,303.89,548.68,391.07,-1
12,player,632,0,0,505.21,304.43,550.01,391.86,-1
12,player,633,0,0,506.53,304.97,551.33,392.64,-1
12,player,634,0,0,507.86,305.51,552.66,393.42,-1
12,player,635,0,0,509.18,306.05,553.98,394.21,-1
12,player,636,0,0,510.51,306.6,555.31,394.99,-1
12,player,637,0,0,511.84,307.14,556.64,395.77,-1
12,player,638,0,0,513.16,307.68,557.96,396.56,-1
12,player,639,0,0,514.49,308.22,559.29,397.34,-1
12,player,640,0,0,515.81,308.77,560.61,398.12,-1
12,player,641,0,0,517.14,309.31,561.94,398.91,-1
12,player,642,0,0,518.46,309.85,563.26,399.69,-1
12,player,643,0,0,519.79,310.39,564.59,400.48,-1
12,player,644,0,0,521.12,310.93,565.92,401.26,-1
12,player,645,0,0,522.44,311.48,567.24,402.04,-1
12,player,646,0,0,523.77,312.02,568.57,402.83,-1
12,player,647,0,0,525.09,312.56,569.89,403.61,-1
12,player,648,0,0,526.42,313.1,571.22,404.39,-1
12,player,649,0,0,527.75,313.64,572.55,405.18,-1
12,player,650,0,0,529.07,314.19,573.87,405.96,-1
12,player,651,0,0,530.4,314.73,575.2,406.74,-1
12,player,652,0,0,531.72,315.27,576.52,407.53,-1
12,player,653,0,0,533.05,315.81,577.85,408.31,-1
12,player,654,0,0,534.38,316.36,579.18,409.09,-1
12,player,655,0,0,535.7,316.9,580.5,409.88,-1
12,player,656,0,0,537.03,317.44,581.83,410.66,-1
12,player,657,0,0,538.35,317.98,583.15,411.44,-1
12,player,658,0,0,539.68,318.52,584.48,412.23,-1
12,player,659,0,0,541.01,319.07,585.81,413.01,-1
12,player,660,0,0,542.33,319.61,587.13,413.79,-1
12,player,661,0,0,543.66,320.15,588.46,414.58,-1
12,player,662,0,0,544.98,320.69,589.78,415.36,-1
12,player,663,0,0,546.31,321.24,591.11,416.14,-1
12,player,664,0,0,547.63,321.78,592.43,416.93,-1
12,player,665,0,0,548.96,322.32,593.76,417.71,-1
12,player,666,0,0,550.29,322.86,595.09,418.5,-1
12,player,667,0,0,551.61,323.4,596.41,419.28,-1
12,player,668,0,0,552.94,323.95,597.74,420.06,-1
12,player,669,0,0,554.26,324.49,599.06,420.85,-1
12,player,670,0,0,555.59,325.03,600.39,421.63,-1
12,player,671,0,0,556.92,325.57,601.72,422.41,-1
12,player,672,0,0,558.24,326.12,603.04,423.2,-1
12,player,673,0,0,559.57,326.66,604.37,423.98,-1
12,player,674,0,0,560.89,327.2,605.69,424.76,-1
12,player,675,0,0,564.12,327.66,608.92,425.22,-1
12,player,676,0,0,567.35,328.12,612.15,425.68,-1
12,player,677,0,0,570.57,328.58,615.37,426.15,-1
12,player,678,0,0,573.8,329.04,618.6,426.61,-1
12,player,679,0,0,577.03,329.5,621.83,427.07,-1
12,player,680,0,0,580.25,329.97,625.05,427.53,-1
12,player,681,0,0,583.48,330.43,628.28,427.99,-1
12,player,682,0,0,586.71,330.89,631.51,428.45,-1
12,player,683,0,0,589.93,331.35,634.73,428.91,-1
12,player,684,0,0,593.16,331.81,637.96,429.37,-1
12,player,685,0,0,596.39,332.27,641.19,429.83,-1
12,player,686,0,0,597.23,332.83,642.03,430.4,-1
12,player,687,0,0,598.08,333.4,642.88,430.96,-1
12,player,688,0,0,598.92,333.96,643.72,431.52,-1
12,player,689,0,0,599.77,334.52,644.57,432.09,-1
12,player,690,0,0,600.61,335.09,645.41,432.65,-1
12,player,691,0,0,601.46,335.65,646.26,433.21,-1
12,player,692,0,0,602.3,336.21,647.1,433.78,-1
12,player,693,0,0,603.15,336.78,647.95,434.34,-1
12,player,694,0,0,603.99,337.34,648.79,434.9,-1
12,player,695,0,0,603.99,337.85,648.79,435.41,-1
12,player,696,0,0,603.99,338.35,648.79,435.92,-1
12,player,697,0,0,603.99,338.86,648.79,436.42,-1
12,player,698,0,0,603.99,339.37,648.79,436.93,-1
12,player,699,0,0,603.99,339.88,648.79,437.44,-1
12,player,700,0,0,603.99,340.38,648.79,437.95,-1
12,player,701,0,0,603.99,340.89,648.79,438.45,-1
12,player,702,0,0,603.99,341.4,648.79,438.96,-1
12,player,703,0,0,603.99,341.9,648.79,439.47,-1
12,player,704,0,0,603.99,342.41,648.79,439.97,-1
12,player,705,0,0,603.99,342.92,648.79,440.48,-1
12,player,706,0,0,603.99,343.43,648.79,440.99,-1
12,player,707,0,0,603.99,343.93,648.79,441.5,-1
12,player,708,0,0,603.99,344.44,648.79,442.0,-1
12,player,709,0,0,603.99,344.95,648.79,442.51,-1
12,player,710,0,0,603.99,345.45,648.79,443.02,-1
12,player,711,0,0,603.99,345.96,648.79,443.52,-1
12,player,712,0,0,603.99,346.47,648.79,444.03,-1
12,player,713,0,0,603.99,346.97,648.79,444.54,-1
12,player,714,0,0,603.99,347.48,648.79,445.04,-1
12,player,715,0,0,603.99,347.99,648.79,445.55,-1
12,player,716,0,0,603.99,348.5,648.79,446.06,-1
12,player,717,0,0,603.99,349.0,648.79,446.57,-1
12,player,718,0,0,603.99,349.51,648.79,447.07,-1
12,player,719,0,0,603.99,350.02,648.79,447.58,-1
12,player,720,0,0,605.65,351.05,650.45,448.61,-1
12,player,721,0,0,607.3,352.08,652.1,449.65,-1
12,player,722,0,0,608.95,353.12,653.75,450.68,-1
12,player,723,0,0,610.6,354.15,655.4,451.71,-1
12,player,724,0,0,612.26,355.18,657.06,452.74,-1
12,player,725,0,0,613.91,356.21,658.71,453.78,-1
12,player,726,0,0,615.56,357.25,660.36,454.81,-1
12,player,727,0,0,617.22,358.28,662.02,455.84,-1
12,player,728,0,0,618.87,359.31,663.67,456.88,-1
12,player,729,0,0,620.52,360.35,665.32,457.91,-1
12,player,730,0,0,622.17,361.38,666.97,458.94,-1
12,player,731,0,0,623.83,362.41,668.63,459.98,-1
12,player,732,0,0,625.48,363.45,670.28,461.01,-1
12,player,733,0,0,627.13,364.48,671.93,462.04,-1
12,player,734,0,0,628.79,365.51,673.59,463.07,-1
12,player,735,0,0,630.44,366.54,675.24,464.11,-1
12,player,736,0,0,632.42,366.54,677.22,464.11,-1
12,player,737,0,0,634.41,366.54,679.21,464.11,-1
12,player,738,0,0,636.39,366.54,681.19,464.11,-1
12,player,739,0,0,638.37,366.54,683.17,464.11,-1
12,player,740,0,0,640.36,366.54,685.16,464.11,-1
12,player,741,0,0,645.47,366.85,690.27,464.41,-1
12,player,742,0,0,650.57,367.15,695.37,464.71,-1
12,player,743,0,0,655.68,367.45,700.48,465.01,-1
12,player,744,0,0,660.79,367.75,705.59,465.31,-1
12,player,745,0,0,665.9,368.05,710.7,465.61,-1
12,player,746,0,0,671.01,368.35,715.81,465.91,-1
12,player,747,0,0,676.12,368.65,720.92,466.21,-1
12,player,748,0,0,681.23,368.95,726.03,466.51,-1
12,player,749,0,0,686.34,369.25,731.14,466.81,-1
12,player,750,0,0,691.45,369.55,736.25,467.11,-1
12,player,751,0,0,696.55,369.85,741.35,467.41,-1
12,player,752,0,0,701.36,370.75,746.16,468.32,-1
12,player,753,0,0,706.17,371.65,750.97,469.22,-1
12,player,754,0,0,710.98,372.56,755.78,470.12,-1
12,player,755,0,0,715.79,373.46,760.59,471.02,-1
12,player,756,0,0,720.6,374.36,765.4,471.92,-1
12,player,757,0,0,725.41,375.26,770.21,472.82,-1
12,player,758,0,0,730.21,376.16,775.01,473.73,-1
12,player,759,0,0,735.02,377.06,779.82,474.63,-1
12,player,760,0,0,739.83,377.97,784.63,475.53,-1
12,player,761,0,0,744.64,378.87,789.44,476.43,-1
12,player,762,0,0,749.45,379.77,794.25,477.33,-1
12,player,763,0,0,757.32,380.06,802.12,477.62,-1
12,player,764,0,0,765.2,380.35,810.0,477.92,-1
12,player,765,0,0,773.07,380.64,817.87,478.21,-1
12,player,766,0,0,780.95,380.94,825.75,478.5,-1
12,player,767,0,0,788.83,381.23,833.63,478.79,-1
12,player,768,0,0,796.7,381.52,841.5,479.08,-1
12,player,769,0,0,804.58,381.81,849.38,479.37,-1
12,player,770,0,0,812.45,382.1,857.25,479.67,-1
12,player,771,0,0,820.33,382.39,865.13,479.96,-1
12,player,772,0,0,828.2,382.69,873.0,480.25,-1
12,player,773,0,0,836.08,382.98,880.88,480.54,-1
12,player,774,0,0,843.95,383.27,888.75,480.83,-1
12,player,775,0,0,851.83,383.56,896.63,481.12,-1
12,player,776,0,0,859.71,383.85,904.51,481.42,-1
12,player,777,0,0,867.58,384.14,912.38,481.71,-1
12,player,778,0,0,875.46,384.44,920.26,482.0,-1
12,player,779,0,0,883.33,384.73,928.13,482.29,-1
12,player,780,0,0,891.21,385.02,936.01,482.58,-1
12,player,781,0,0,899.08,385.31,943.88,482.87,-1
12,player,782,0,0,906.96,385.6,951.76,483.17,-1
12,player,783,0,0,914.83,385.89,959.63,483.46,-1
12,player,784,0,0,922.71,386.19,967.51,483.75,-1
12,player,785,0,0,930.59,386.48,975.39,484.04,-1
12,player,786,0,0,938.46,386.77,983.26,484.33,-1
12,player,787,0,0,946.34,387.06,991.14,484.62,-1
12,player,788,0,0,954.21,387.35,999.01,484.92,-1
12,player,789,0,0,962.09,387.64,1006.89,485.21,-1
12,player,790,0,0,969.96,387.94,1014.76,485.5,-1
12,player,791,0,0,977.84,388.23,1022.64,485.79,-1
12,player,792,0,0,985.72,388.52,1030.52,486.08,-1
12,player,793,0,0,993.59,388.81,1038.39,486.37,-1
12,player,794,0,0,1001.47,389.1,1046.27,486.67,-1
12,player,795,0,0,1009.34,389.39,1054.14,486.96,-1
12,player,796,0,0,1017.22,389.69,1062.02,487.25,-1
12,player,797,0,0,1022.08,390.74,1066.88,488.31,-1
12,player,798,0,0,1026.94,391.8,1071.74,489.36,-1
12,player,799,0,0,1031.8,392.86,1076.6,490.42,-1
12,player,800,0,0,1036.65,393.91,1081.45,491.47,-1
12,player,801,0,0,1041.51,394.97,1086.31,492.53,-1
12,player,802,0,0,1046.37,396.02,1091.17,493.59,-1
12,player,803,0,0,1051.23,397.08,1096.03,494.64,-1
12,player,804,0,0,1056.09,398.14,1100.89,495.7,-1
12,player,805,0,0,1060.95,399.19,1105.75,496.76,-1
12,player,806,0,0,1065.81,400.25,1110.61,497.81,-1
12,player,807,0,0,1070.67,401.31,1115.47,498.87,-1
12,player,808,0,0,1075.53,402.36,1120.33,499.93,-1
12,player,809,0,0,1078.49,402.36,1123.29,499.93,-1
12,player,810,0,0,1081.46,402.36,1126.26,499.93,-1
12,player,811,0,0,1084.43,402.36,1129.23,499.93,-1
12,player,812,0,0,1087.39,402.36,1132.19,499.93,-1
12,player,813,0,0,1088.96,402.05,1133.76,499.61,-1
12,player,814,0,0,1090.52,401.74,1135.32,499.3,-1
12,player,815,0,0,1092.08,401.43,1136.88,498.99,-1
12,player,816,0,0,1093.64,401.11,1138.44,498.68,-1
12,player,817,0,0,1095.2,400.8,1140.0,498.36,-1
12,player,818,0,0,1096.76,400.49,1141.56,498.05,-1
12,player,819,0,0,1098.33,400.18,1143.13,497.74,-1
12,player,820,0,0,1099.89,399.86,1144.69,497.43,-1
12,player,821,0,0,1101.45,399.55,1146.25,497.11,-1
12,player,822,0,0,1103.01,399.24,1147.81,496.8,-1
12,player,823,0,0,1104.57,398.93,1149.37,496.49,-1
12,player,824,0,0,1106.13,398.61,1150.93,496.18,-1
12,player,825,0,0,1107.69,398.3,1152.49,495.87,-1
12,player,826,0,0,1109.26,397.99,1154.06,495.55,-1
12,player,827,0,0,1110.82,397.68,1155.62,495.24,-1
12,player,828,0,0,1112.38,397.37,1157.18,494.93,-1
12,player,829,0,0,1113.94,397.05,1158.74,494.62,-1
12,player,830,0,0,1115.5,396.74,1160.3,494.3,-1
12,player,831,0,0,1117.06,396.43,1161.86,493.99,-1
12,player,832,0,0,1116.38,396.2,1161.18,493.76,-1
12,player,833,0,0,1115.69,395.97,1160.49,493.54,-1
12,player,834,0,0,1115.01,395.74,1159.81,493.31,-1
12,player,835,0,0,1114.32,395.52,1159.12,493.08,-1
12,player,836,0,0,1113.64,395.29,1158.44,492.85,-1
12,player,837,0,0,1112.96,395.06,1157.76,492.62,-1
12,player,838,0,0,1112.27,394.83,1157.07,492.39,-1
12,player,839,0,0,1111.59,394.6,1156.39,492.17,-1
12,player,840,0,0,1110.9,394.37,1155.7,491.94,-1
12,player,841,0,0,1110.22,394.15,1155.02,491.71,-1
12,player,842,0,0,1109.53,393.92,1154.33,491.48,-1
12,player,843,0,0,1108.85,393.69,1153.65,491.25,-1
12,player,844,0,0,1108.16,393.46,1152.96,491.02,-1
12,player,845,0,0,1105.34,393.02,1150.14,490.58,-1
12,player,846,0,0,1102.53,392.57,1147.33,490.13,-1
12,player,847,0,0,1099.71,392.13,1144.51,489.69,-1
12,player,848,0,0,1096.89,391.68,1141.69,489.24,-1
12,player,849,0,0,1094.07,391.24,1138.87,488.8,-1
12,player,850,0,0,1091.25,390.79,1136.05,488.35,-1
12,player,851,0,0,1088.43,390.35,1133.23,487.91,-1
12,player,852,0,0,1085.61,389.9,1130.41,487.46,-1
12,player,853,0,0,1082.8,389.46,1127.6,487.02,-1
12,player,854,0,0,1079.98,389.01,1124.78,486.57,-1
12,player,855,0,0,1077.16,388.57,1121.96,486.13,-1
12,player,856,0,0,1074.34,388.12,1119.14,485.68,-1
12,player,857,0,0,1071.52,387.68,1116.32,485.24,-1
12,player,858,0,0,1068.7,387.23,1113.5,484.79,-1
12,player,859,0,0,1065.88,386.79,1110.68,484.35,-1
12,player,860,0,0,1063.07,386.34,1107.87,483.9,-1
12,player,861,0,0,1060.25,385.9,1105.05,483.46,-1
12,player,862,0,0,1057.43,385.45,1102.23,483.01,-1
12,player,863,0,0,1054.61,385.01,1099.41,482.57,-1
12,player,864,0,0,1051.79,384.56,1096.59,482.12,-1
12,player,865,0,0,1051.79,384.56,1096.59,482.12,-1
12,player,866,0,0,1051.79,384.56,1096.59,482.12,-1
12,player,867,0,0,1051.79,384.56,1096.59,482.12,-1
12,player,868,0,0,1051.79,384.56,1096.59,482.12,-1
12,player,869,0,0,1051.79,384.56,1096.59,482.12,-1
12,player,870,0,0,1051.79,384.56,1096.59,482.12,-1
12,player,871,0,0,1051.79,384.56,1096.59,482.12,-1
12,player,872,0,0,1051.79,384.56,1096.59,482.12,-1
12,player,873,0,0,1051.79,384.56,1096.59,482.12,-1
12,player,874,0,0,1051.79,384.56,1096.59,482.12,-1
12,player,875,0,0,1051.79,384.56,1096.59,482.12,-1
12,player,876,0,0,1051.79,384.56,1096.59,482.12,-1
12,player,877,0,0,1051.79,384.56,1096.59,482.12,-1
12,player,878,0,0,1051.79,384.56,1096.59,482.12,-1
12,player,879,0,0,1051.79,384.56,1096.59,482.12,-1
12,player,880,0,0,1051.79,384.56,1096.59,482.12,-1
12,player,881,0,0,1051.79,384.56,1096.59,482.12,-1
12,player,882,0,0,1051.79,384.56,1096.59,482.12,-1
12,player,883,0,0,1051.79,384.56,1096.59,482.12,-1
12,player,884,0,0,1051.79,384.56,1096.59,482.12,-1
12,player,885,0,0,1051.79,384.56,1096.59,482.12,-1
12,player,886,0,0,1051.79,384.56,1096.59,482.12,-1
12,player,887,0,0,1051.79,384.56,1096.59,482.12,-1
12,player,888,0,0,1051.79,384.56,1096.59,482.12,-1
12,player,889,0,0,1051.79,384.56,1096.59,482.12,-1
12,player,890,0,0,1051.79,384.56,1096.59,482.12,-1
12,player,891,0,0,1051.79,384.56,1096.59,482.12,-1
12,player,892,0,0,1051.79,384.56,1096.59,482.12,-1
12,player,893,0,0,1051.79,384.56,1096.59,482.12,-1
12,player,894,0,0,1051.79,384.56,1096.59,482.12,-1
12,player,895,0,0,1051.79,384.56,1096.59,482.12,-1
12,player,896,0,0,1051.79,384.56,1096.59,482.12,-1
12,player,897,0,0,1051.79,384.56,1096.59,482.12,-1
12,player,898,0,0,1051.79,384.56,1096.59,482.12,-1
12,player,899,0,0,1051.79,384.56,1096.59,482.12,-1
13,player,0,0,0,1362.68,181.7,1414.9,269.9,-1
13,player,1,0,0,1366.0,181.7,1418.23,269.9,-1
13,player,2,0,0,1369.33,181.7,1421.55,269.9,-1
13,player,3,0,0,1372.66,181.7,1424.88,269.9,-1
13,player,4,0,0,1370.62,182.92,1422.85,271.12,-1
13,player,5,0,0,1368.59,184.14,1420.81,272.34,-1
13,player,6,0,0,1366.55,185.36,1418.78,273.56,-1
13,player,7,0,0,1364.52,186.58,1416.74,274.78,-1
13,player,8,0,0,1362.48,187.8,1414.71,276.0,-1
13,player,9,0,0,1360.45,189.02,1412.67,277.22,-1
13,player,10,0,0,1358.42,190.25,1410.64,278.44,-1
13,player,11,0,0,1356.38,191.47,1408.61,279.67,-1
13,player,12,0,0,1348.84,191.79,1401.06,279.99,-1
13,player,13,0,0,1341.3,192.11,1393.52,280.31,-1
13,player,14,0,0,1333.76,192.43,1385.98,280.63,-1
13,player,15,0,0,1326.21,192.75,1378.44,280.95,-1
13,player,16,0,0,1318.67,193.07,1370.9,281.27,-1
13,player,17,0,0,1311.13,193.39,1363.35,281.59,-1
13,player,18,0,0,1303.59,193.71,1355.81,281.91,-1
13,player,19,0,0,1296.05,194.03,1348.27,282.23,-1
13,player,20,0,0,1288.5,194.35,1340.73,282.55,-1
13,player,21,0,0,1280.96,194.68,1333.19,282.88,-1
13,player,22,0,0,1273.42,195.0,1325.65,283.2,-1
13,player,23,0,0,1265.88,195.32,1318.1,283.52,-1
13,player,24,0,0,1258.34,195.64,1310.56,283.84,-1
13,player,25,0,0,1250.8,195.96,1303.02,284.16,-1
13,player,26,0,0,1243.25,196.28,1295.48,284.48,-1
13,player,27,0,0,1235.71,196.6,1287.94,284.8,-1
13,player,28,0,0,1228.17,196.92,1280.4,285.12,-1
13,player,29,0,0,1228.83,196.94,1281.06,285.14,-1
13,player,30,0,0,1229.5,196.97,1281.72,285.17,-1
13,player,31,0,0,1230.16,196.99,1282.39,285.19,-1
13,player,32,0,0,1230.83,197.01,1283.05,285.21,-1
13,player,33,0,0,1231.49,197.04,1283.71,285.24,-1
13,player,34,0,0,1232.15,197.06,1284.38,285.26,-1
13,player,35,0,0,1232.82,197.08,1285.04,285.28,-1
13,player,36,0,0,1233.48,197.1,1285.71,285.3,-1
13,player,37,0,0,1234.14,197.13,1286.37,285.33,-1
13,player,38,0,0,1234.81,197.15,1287.03,285.35,-1
13,player,39,0,0,1235.47,197.17,1287.7,285.37,-1
13,player,40,0,0,1236.14,197.2,1288.36,285.4,-1
13,player,41,0,0,1236.8,197.22,1289.02,285.42,-1
13,player,42,0,0,1237.46,197.24,1289.69,285.44,-1
13,player,43,0,0,1238.13,197.27,1290.35,285.46,-1
13,player,44,0,0,1238.79,197.29,1291.02,285.49,-1
13,player,45,0,0,1239.46,197.31,1291.68,285.51,-1
13,player,46,0,0,1240.12,197.33,1292.34,285.53,-1
13,player,47,0,0,1240.78,197.36,1293.01,285.56,-1
13,player,48,0,0,1241.45,197.38,1293.67,285.58,-1
13,player,49,0,0,1242.11,197.4,1294.33,285.6,-1
13,player,50,0,0,1242.77,197.43,1295.0,285.63,-1
13,player,51,0,0,1243.44,197.45,1295.66,285.65,-1
13,player,52,0,0,1244.1,197.47,1296.33,285.67,-1
13,player,53,0,0,1244.77,197.49,1296.99,285.69,-1
13,player,54,0,0,1245.43,197.52,1297.65,285.72,-1
13,player,55,0,0,1246.09,197.54,1298.32,285.74,-1
13,player,56,0,0,1246.76,197.56,1298.98,285.76,-1
13,player,57,0,0,1247.42,197.59,1299.64,285.79,-1
13,player,58,0,0,1248.08,197.61,1300.31,285.81,-1
13,player,59,0,0,1248.75,197.63,1300.97,285.83,-1
13,player,60,0,0,1249.41,197.65,1301.64,285.85,-1
13,player,61,0,0,1250.08,197.68,1302.3,285.88,-1
13,player,62,0,0,1250.74,197.7,1302.96,285.9,-1
13,player,63,0,0,1251.4,197.72,1303.63,285.92,-1
13,player,64,0,0,1252.07,197.75,1304.29,285.95,-1
13,player,65,0,0,1252.73,197.77,1304.95,285.97,-1
13,player,66,0,0,1253.39,197.79,1305.62,285.99,-1
13,player,67,0,0,1254.06,197.81,1306.28,286.01,-1
13,player,68,0,0,1254.72,197.84,1306.95,286.04,-1
13,player,69,0,0,1255.39,197.86,1307.61,286.06,-1
13,player,70,0,0,1256.05,197.88,1308.27,286.08,-1
13,player,71,0,0,1256.71,197.91,1308.94,286.11,-1
13,player,72,0,0,1257.38,197.93,1309.6,286.13,-1
13,player,73,0,0,1258.04,197.95,1310.26,286.15,-1
13,player,74,0,0,1258.7,197.97,1310.93,286.17,-1
13,player,75,0,0,1259.37,198.0,1311.59,286.2,-1
13,player,76,0,0,1260.03,198.02,1312.26,286.22,-1
13,player,77,0,0,1260.7,198.04,1312.92,286.24,-1
13,player,78,0,0,1261.36,198.07,1313.58,286.27,-1
13,player,79,0,0,1262.02,198.09,1314.25,286.29,-1
13,player,80,0,0,1262.69,198.11,1314.91,286.31,-1
13,player,81,0,0,1263.35,198.13,1315.58,286.33,-1
13,player,82,0,0,1264.01,198.16,1316.24,286.36,-1
13,player,83,0,0,1264.68,198.18,1316.9,286.38,-1
13,player,84,0,0,1265.34,198.2,1317.57,286.4,-1
13,player,85,0,0,1266.01,198.23,1318.23,286.43,-1
13,player,86,0,0,1266.67,198.25,1318.89,286.45,-1
13,player,87,0,0,1267.33,198.27,1319.56,286.47,-1
13,player,88,0,0,1268.0,198.29,1320.22,286.49,-1
13,player,89,0,0,1268.66,198.32,1320.89,286.52,-1
13,player,90,0,0,1269.32,198.34,1321.55,286.54,-1
13,player,91,0,0,1269.99,198.36,1322.21,286.56,-1
13,player,92,0,0,1270.65,198.39,1322.88,286.59,-1
13,player,93,0,0,1271.32,198.41,1323.54,286.61,-1
13,player,94,0,0,1271.98,198.43,1324.2,286.63,-1
13,player,95,0,0,1272.64,198.46,1324.87,286.65,-1
13,player,96,0,0,1273.31,198.48,1325.53,286.68,-1
13,player,97,0,0,1273.97,198.5,1326.2,286.7,-1
13,player,98,0,0,1274.63,198.52,1326.86,286.72,-1
13,player,99,0,0,1275.3,198.55,1327.52,286.75,-1
13,player,100,0,0,1275.96,198.57,1328.19,286.77,-1
13,player,101,0,0,1276.63,198.59,1328.85,286.79,-1
13,player,102,0,0,1277.29,198.62,1329.51,286.82,-1
13,player,103,0,0,1277.95,198.64,1330.18,286.84,-1
13,player,104,0,0,1278.62,198.66,1330.84,286.86,-1
13,player,105,0,0,1279.28,198.68,1331.51,286.88,-1
13,player,106,0,0,1279.95,198.71,1332.17,286.91,-1
13,player,107,0,0,1280.61,198.73,1332.83,286.93,-1
13,player,108,0,0,1281.27,198.75,1333.5,286.95,-1
13,player,109,0,0,1281.94,198.78,1334.16,286.98,-1
13,player,110,0,0,1282.6,198.8,1334.82,287.0,-1
13,player,111,0,0,1283.26,198.82,1335.49,287.02,-1
13,player,112,0,0,1283.93,198.84,1336.15,287.04,-1
13,player,113,0,0,1284.59,198.87,1336.82,287.07,-1
13,player,114,0,0,1285.26,198.89,1337.48,287.09,-1
13,player,115,0,0,1285.92,198.91,1338.14,287.11,-1
13,player,116,0,0,1286.58,198.94,1338.81,287.14,-1
13,player,117,0,0,1287.25,198.96,1339.47,287.16,-1
13,player,118,0,0,1287.91,198.98,1340.13,287.18,-1
13,player,119,0,0,1288.57,199.0,1340.8,287.2,-1
13,player,120,0,0,1289.24,199.03,1341.46,287.23,-1
13,player,121,0,0,1289.9,199.05,1342.13,287.25,-1
13,player,122,0,0,1290.57,199.07,1342.79,287.27,-1
13,player,123,0,0,1291.23,199.1,1343.45,287.3,-1
13,player,124,0,0,1291.89,199.12,1344.12,287.32,-1
13,player,125,0,0,1292.56,199.14,1344.78,287.34,-1
13,player,126,0,0,1293.22,199.16,1345.44,287.36,-1
13,player,127,0,0,1293.88,199.19,1346.11,287.39,-1
13,player,128,0,0,1294.55,199.21,1346.77,287.41,-1
13,player,129,0,0,1295.21,199.23,1347.44,287.43,-1
13,player,130,0,0,1295.88,199.26,1348.1,287.46,-1
13,player,131,0,0,1296.54,199.28,1348.76,287.48,-1
13,player,132,0,0,1297.2,199.3,1349.43,287.5,-1
13,player,133,0,0,1296.0,198.9,1348.23,287.1,-1
13,player,134,0,0,1294.8,198.5,1347.03,286.7,-1
13,player,135,0,0,1293.6,198.1,1345.82,286.3,-1
13,player,136,0,0,1292.4,197.7,1344.62,285.9,-1
13,player,137,0,0,1291.2,197.3,1343.42,285.5,-1
13,player,138,0,0,1290.0,196.9,1342.22,285.1,-1
13,player,139,0,0,1288.8,196.5,1341.02,284.7,-1
13,player,140,0,0,1287.6,196.1,1339.82,284.3,-1
13,player,141,0,0,1286.4,195.7,1338.62,283.9,-1
13,player,142,0,0,1285.19,195.3,1337.42,283.5,-1
13,player,143,0,0,1283.99,194.9,1336.22,283.1,-1
13,player,144,0,0,1282.79,194.5,1335.02,282.7,-1
13,player,145,0,0,1281.59,194.1,1333.82,282.3,-1
13,player,146,0,0,1280.39,193.7,1332.61,281.9,-1
13,player,147,0,0,1279.19,193.3,1331.41,281.5,-1
13,player,148,0,0,1277.99,192.9,1330.21,281.1,-1
13,player,149,0,0,1276.79,192.5,1329.01,280.7,-1
13,player,150,0,0,1275.59,192.1,1327.81,280.3,-1
13,player,151,0,0,1274.39,191.7,1326.61,279.9,-1
13,player,152,0,0,1273.19,191.3,1325.41,279.5,-1
13,player,153,0,0,1271.98,190.9,1324.21,279.09,-1
13,player,154,0,0,1270.78,190.49,1323.01,278.69,-1
13,player,155,0,0,1269.58,190.09,1321.81,278.29,-1
13,player,156,0,0,1268.38,189.69,1320.61,277.89,-1
13,player,157,0,0,1267.18,189.29,1319.41,277.49,-1
13,player,158,0,0,1265.98,188.89,1318.2,277.09,-1
13,player,159,0,0,1264.78,188.49,1317.0,276.69,-1
13,player,160,0,0,1263.58,188.09,1315.8,276.29,-1
13,player,161,0,0,1262.38,187.69,1314.6,275.89,-1
13,player,162,0,0,1261.18,187.29,1313.4,275.49,-1
13,player,163,0,0,1259.98,186.89,1312.2,275.09,-1
13,player,164,0,0,1258.77,186.49,1311.0,274.69,-1
13,player,165,0,0,1257.57,186.09,1309.8,274.29,-1
13,player,166,0,0,1256.37,185.69,1308.6,273.89,-1
13,player,167,0,0,1255.17,185.29,1307.4,273.49,-1
13,player,168,0,0,1253.97,184.89,1306.2,273.09,-1
13,player,169,0,0,1252.77,184.49,1304.99,272.69,-1
13,player,170,0,0,1251.57,184.09,1303.79,272.29,-1
13,player,171,0,0,1254.61,184.09,1306.84,272.29,-1
13,player,172,0,0,1257.65,184.09,1309.88,272.29,-1
13,player,173,0,0,1260.7,184.09,1312.92,272.29,-1
13,player,174,0,0,1263.74,184.09,1315.96,272.29,-1
13,player,175,0,0,1266.78,184.09,1319.0,272.29,-1
13,player,176,0,0,1269.82,184.09,1322.05,272.29,-1
13,player,177,0,0,1272.87,184.09,1325.09,272.29,-1
13,player,178,0,0,1275.91,184.09,1328.13,272.29,-1
13,player,179,0,0,1278.95,184.09,1331.17,272.29,-1
13,player,180,0,0,1281.99,184.09,1334.22,272.29,-1
13,player,181,0,0,1286.83,183.51,1339.06,271.71,-1
13,player,182,0,0,1291.67,182.94,1343.9,271.14,-1
13,player,183,0,0,1296.51,182.36,1348.74,270.56,-1
13,player,184,0,0,1301.35,181.78,1353.58,269.98,-1
13,player,185,0,0,1306.19,181.21,1358.42,269.41,-1
13,player,186,0,0,1311.03,180.63,1363.26,268.83,-1
13,player,187,0,0,1315.87,180.06,1368.1,268.26,-1
13,player,188,0,0,1320.71,179.48,1372.94,267.68,-1
13,player,189,0,0,1325.55,178.9,1377.78,267.1,-1
13,player,190,0,0,1330.39,178.33,1382.62,266.53,-1
13,player,191,0,0,1335.23,177.75,1387.46,265.95,-1
13,player,192,0,0,1340.07,177.18,1392.3,265.38,-1
13,player,193,0,0,1344.91,176.6,1397.14,264.8,-1
13,player,194,0,0,1349.75,176.02,1401.98,264.22,-1
13,player,195,0,0,1354.59,175.45,1406.82,263.65,-1
13,player,196,0,0,1359.43,174.87,1411.66,263.07,-1
13,player,197,0,0,1364.27,174.29,1416.5,262.49,-1
13,player,198,0,0,1369.11,173.72,1421.34,261.92,-1
13,player,199,0,0,1373.95,173.14,1426.18,261.34,-1
13,player,200,0,0,1378.79,172.57,1431.02,260.77,-1
13,player,201,0,0,1383.63,171.99,1435.86,260.19,-1
13,player,202,0,0,1388.47,171.41,1440.7,259.61,-1
13,player,203,0,0,1391.19,172.14,1443.41,260.34,-1
13,player,204,0,0,1393.9,172.86,1446.13,261.06,-1
13,player,205,0,0,1396.62,173.59,1448.84,261.79,-1
13,player,206,0,0,1399.34,174.31,1451.56,262.51,-1
13,player,207,0,0,1402.05,175.03,1454.28,263.23,-1
13,player,208,0,0,1404.77,175.76,1456.99,263.96,-1
13,player,209,0,0,1407.49,176.48,1459.71,264.68,-1
13,player,210,0,0,1410.2,177.21,1462.43,265.41,-1
13,player,211,0,0,1412.92,177.93,1465.14,266.13,-1
13,player,212,0,0,1415.63,178.66,1467.86,266.86,-1
13,player,213,0,0,1418.35,179.38,1470.58,267.58,-1
13,player,214,0,0,1421.07,180.11,1473.29,268.3,-1
13,player,215,0,0,1423.78,180.83,1476.01,269.03,-1
13,player,216,0,0,1426.5,181.55,1478.72,269.75,-1
13,player,217,0,0,1429.98,182.07,1482.2,270.27,-1
13,player,218,0,0,1433.46,182.59,1485.68,270.79,-1
13,player,219,0,0,1436.94,183.11,1489.17,271.31,-1
13,player,220,0,0,1440.42,183.63,1492.65,271.83,-1
13,player,221,0,0,1443.9,184.15,1496.13,272.35,-1
13,player,222,0,0,1447.38,184.67,1499.61,272.87,-1
13,player,223,0,0,1450.86,185.19,1503.09,273.39,-1
13,player,224,0,0,1454.34,185.71,1506.57,273.91,-1
13,player,225,0,0,1457.82,186.23,1510.05,274.43,-1
13,player,226,0,0,1461.3,186.75,1513.53,274.95,-1
13,player,227,0,0,1464.78,187.27,1517.01,275.47,-1
13,player,228,0,0,1468.26,187.79,1520.49,275.99,-1
13,player,229,0,0,1471.74,188.31,1523.97,276.51,-1
13,player,230,0,0,1475.22,188.83,1527.45,277.03,-1
13,player,231,0,0,1478.7,189.35,1530.93,277.55,-1
13,player,232,0,0,1482.18,189.86,1534.41,278.06,-1
13,player,233,0,0,1485.66,190.38,1537.89,278.58,-1
13,player,234,0,0,1489.14,190.9,1541.37,279.1,-1
13,player,235,0,0,1492.63,191.42,1544.85,279.62,-1
13,player,236,0,0,1496.11,191.94,1548.33,280.14,-1
13,player,237,0,0,1499.59,192.46,1551.81,280.66,-1
13,player,238,0,0,1503.07,192.98,1555.29,281.18,-1
13,player,239,0,0,1506.55,193.5,1558.77,281.7,-1
13,player,240,0,0,1510.03,194.02,1562.25,282.22,-1
13,player,241,0,0,1513.51,194.54,1565.73,282.74,-1
13,player,242,0,0,1516.99,195.06,1569.21,283.26,-1
13,player,243,0,0,1520.47,195.58,1572.69,283.78,-1
13,player,244,0,0,1523.95,196.1,1576.17,284.3,-1
13,player,245,0,0,1527.43,196.62,1579.65,284.82,-1
13,player,246,0,0,1530.91,197.14,1583.13,285.34,-1
13,player,247,0,0,1534.39,197.66,1586.61,285.86,-1
13,player,248,0,0,1537.87,198.18,1590.09,286.38,-1
13,player,249,0,0,1541.35,198.7,1593.57,286.9,-1
13,player,250,0,0,1544.83,199.21,1597.05,287.41,-1
13,player,251,0,0,1548.31,199.73,1600.53,287.93,-1
13,player,252,0,0,1551.79,200.25,1604.01,288.45,-1
13,player,253,0,0,1555.27,200.77,1607.49,288.97,-1
13,player,254,0,0,1558.75,201.29,1610.97,289.49,-1
13,player,255,0,0,1562.23,201.81,1614.45,290.01,-1
13,player,256,0,0,1565.71,202.33,1617.93,290.53,-1
13,player,257,0,0,1569.19,202.85,1621.42,291.05,-1
13,player,258,0,0,1572.67,203.37,1624.9,291.57,-1
13,player,259,0,0,1576.15,203.89,1628.38,292.09,-1
13,player,260,0,0,1579.63,204.41,1631.86,292.61,-1
13,player,261,0,0,1583.11,204.93,1635.34,293.13,-1
13,player,262,0,0,1586.59,205.45,1638.82,293.65,-1
13,player,263,0,0,1590.07,205.97,1642.3,294.17,-1
13,player,264,0,0,1593.55,206.49,1645.78,294.69,-1
13,player,265,0,0,1597.03,207.01,1649.26,295.21,-1
13,player,266,0,0,1600.51,207.53,1652.74,295.73,-1
13,player,267,0,0,1603.99,208.05,1656.22,296.24,-1
13,player,268,0,0,1607.47,208.56,1659.7,296.76,-1
13,player,269,0,0,1610.95,209.08,1663.18,297.28,-1
13,player,270,0,0,1611.24,209.41,1663.47,297.61,-1
13,player,271,0,0,1611.54,209.74,1663.76,297.94,-1
13,player,272,0,0,1611.83,210.07,1664.05,298.27,-1
13,player,273,0,0,1612.12,210.4,1664.34,298.6,-1
13,player,274,0,0,1612.41,210.73,1664.63,298.93,-1
13,player,275,0,0,1612.7,211.06,1664.92,299.26,-1
13,player,276,0,0,1612.99,211.38,1665.21,299.58,-1
13,player,277,0,0,1613.28,211.71,1665.5,299.91,-1
13,player,278,0,0,1613.57,212.04,1665.79,300.24,-1
13,player,279,0,0,1613.86,212.37,1666.08,300.57,-1
13,player,280,0,0,1614.15,212.7,1666.37,300.9,-1
13,player,281,0,0,1614.44,213.03,1666.66,301.23,-1
13,player,282,0,0,1614.73,213.36,1666.96,301.56,-1
13,player,283,0,0,1615.02,213.69,1667.25,301.88,-1
13,player,284,0,0,1615.31,214.01,1667.54,302.21,-1
13,player,285,0,0,1615.6,214.34,1667.83,302.54,-1
13,player,286,0,0,1615.89,214.67,1668.12,302.87,-1
13,player,287,0,0,1616.18,215.0,1668.41,303.2,-1
13,player,288,0,0,1616.47,215.33,1668.7,303.53,-1
13,player,289,0,0,1616.76,215.66,1668.99,303.86,-1
13,player,290,0,0,1617.06,215.99,1669.28,304.19,-1
13,player,291,0,0,1617.35,216.31,1669.57,304.51,-1
13,player,292,0,0,1617.64,216.64,1669.86,304.84,-1
13,player,293,0,0,1617.93,216.97,1670.15,305.17,-1
13,player,294,0,0,1612.95,216.61,1665.17,304.81,-1
13,player,295,0,0,1607.97,216.25,1660.19,304.45,-1
13,player,296,0,0,1602.99,215.9,1655.22,304.1,-1
13,player,297,0,0,1598.01,215.54,1650.24,303.74,-1
13,player,298,0,0,1593.04,215.18,1645.26,303.38,-1
13,player,299,0,0,1588.06,214.82,1640.28,303.02,-1
13,player,300,0,0,1583.08,214.46,1635.3,302.66,-1
13,player,301,0,0,1578.1,214.1,1630.33,302.3,-1
13,player,302,0,0,1573.12,213.74,1625.35,301.94,-1
13,player,303,0,0,1568.15,213.39,1620.37,301.59,-1
13,player,304,0,0,1563.17,213.03,1615.39,301.23,-1
13,player,305,0,0,1558.19,212.67,1610.41,300.87,-1
13,player,306,0,0,1553.21,212.31,1605.44,300.51,-1
13,player,307,0,0,1548.23,211.95,1600.46,300.15,-1
13,player,308,0,0,1543.26,211.59,1595.48,299.79,-1
13,player,309,0,0,1538.28,211.24,1590.5,299.43,-1
13,player,310,0,0,1533.3,210.88,1585.52,299.08,-1
13,player,311,0,0,1528.32,210.52,1580.55,298.72,-1
13,player,312,0,0,1523.34,210.16,1575.57,298.36,-1
13,player,313,0,0,1518.37,209.8,1570.59,298.0,-1
13,player,314,0,0,1513.39,209.44,1565.61,297.64,-1
13,player,315,0,0,1508.41,209.08,1560.63,297.28,-1
13,player,316,0,0,1496.14,209.08,1548.36,297.28,-1
13,player,317,0,0,1483.87,209.08,1536.09,297.28,-1
13,player,318,0,0,1471.6,209.08,1523.82,297.28,-1
13,player,319,0,0,1462.73,209.02,1514.95,297.22,-1
13,player,320,0,0,1453.85,208.95,1506.08,297.15,-1
13,player,321,0,0,1444.98,208.88,1497.2,297.08,-1
13,player,322,0,0,1436.11,208.82,1488.33,297.02,-1
13,player,323,0,0,1427.23,208.75,1479.46,296.95,-1
13,player,324,0,0,1418.36,208.68,1470.58,296.88,-1
13,player,325,0,0,1409.49,208.62,1461.71,296.82,-1
13,player,326,0,0,1400.61,208.55,1452.84,296.75,-1
13,player,327,0,0,1391.74,208.48,1443.96,296.68,-1
13,player,328,0,0,1382.87,208.42,1435.09,296.62,-1
13,player,329,0,0,1373.99,208.35,1426.22,296.55,-1
13,player,330,0,0,1365.12,208.28,1417.34,296.48,-1
13,player,331,0,0,1356.25,208.22,1408.47,296.42,-1
13,player,332,0,0,1347.37,208.15,1399.6,296.35,-1
13,player,333,0,0,1338.5,208.08,1390.72,296.28,-1
13,player,334,0,0,1329.63,208.02,1381.85,296.22,-1
13,player,335,0,0,1320.75,207.95,1372.98,296.15,-1
13,player,336,0,0,1311.88,207.88,1364.1,296.08,-1
13,player,337,0,0,1303.01,207.82,1355.23,296.02,-1
13,player,338,0,0,1294.13,207.75,1346.36,295.95,-1
13,player,339,0,0,1285.26,207.68,1337.48,295.88,-1
13,player,340,0,0,1276.39,207.62,1328.61,295.82,-1
13,player,341,0,0,1267.51,207.55,1319.74,295.75,-1
13,player,342,0,0,1258.64,207.48,1310.86,295.68,-1
13,player,343,0,0,1249.77,207.42,1301.99,295.62,-1
13,player,344,0,0,1240.89,207.35,1293.12,295.55,-1
13,player,345,0,0,1232.02,207.28,1284.25,295.48,-1
13,player,346,0,0,1223.15,207.22,1275.37,295.42,-1
13,player,347,0,0,1214.27,207.15,1266.5,295.35,-1
13,player,348,0,0,1205.4,207.08,1257.63,295.28,-1
13,player,349,0,0,1196.53,207.02,1248.75,295.22,-1
13,player,350,0,0,1187.65,206.95,1239.88,295.15,-1
13,player,351,0,0,1178.78,206.88,1231.01,295.08,-1
13,player,352,0,0,1169.91,206.82,1222.13,295.02,-1
13,player,353,0,0,1161.03,206.75,1213.26,294.95,-1
13,player,354,0,0,1152.16,206.68,1204.39,294.88,-1
13,player,355,0,0,1143.29,206.62,1195.51,294.82,-1
13,player,356,0,0,1134.42,206.55,1186.64,294.75,-1
13,player,357,0,0,1128.35,206.95,1180.57,295.15,-1
13,player,358,0,0,1122.28,207.36,1174.5,295.56,-1
13,player,359,0,0,1116.21,207.76,1168.44,295.96,-1
13,player,360,0,0,1110.14,208.17,1162.37,296.37,-1
13,player,361,0,0,1104.08,208.57,1156.3,296.77,-1
13,player,362,0,0,1098.01,208.98,1150.23,297.18,-1
13,player,363,0,0,1091.94,209.38,1144.16,297.58,-1
13,player,364,0,0,1085.87,209.79,1138.1,297.98,-1
13,player,365,0,0,1079.81,210.19,1132.03,298.39,-1
13,player,366,0,0,1073.74,210.59,1125.96,298.79,-1
13,player,367,0,0,1067.67,211.0,1119.89,299.2,-1
13,player,368,0,0,1061.6,211.4,1113.83,299.6,-1
13,player,369,0,0,1055.53,211.81,1107.76,300.01,-1
13,player,370,0,0,1049.47,212.21,1101.69,300.41,-1
13,player,371,0,0,1043.4,212.62,1095.62,300.82,-1
13,player,372,0,0,1037.33,213.02,1089.56,301.22,-1
13,player,373,0,0,1031.26,213.43,1083.49,301.63,-1
13,player,374,0,0,1025.2,213.83,1077.42,302.03,-1
13,player,375,0,0,1019.13,214.23,1071.35,302.43,-1
13,player,376,0,0,1013.06,214.64,1065.28,302.84,-1
13,player,377,0,0,1006.99,215.04,1059.22,303.24,-1
13,player,378,0,0,1000.92,215.45,1053.15,303.65,-1
13,player,379,0,0,994.86,215.85,1047.08,304.05,-1
13,player,380,0,0,988.79,216.26,1041.01,304.46,-1
13,player,381,0,0,982.72,216.66,1034.95,304.86,-1
13,player,382,0,0,976.65,217.07,1028.88,305.27,-1
13,player,383,0,0,970.38,217.07,1022.61,305.27,-1
13,player,384,0,0,964.11,217.07,1016.33,305.27,-1
13,player,385,0,0,957.84,217.07,1010.06,305.27,-1
13,player,386,0,0,951.57,217.07,1003.79,305.27,-1
13,player,387,0,0,945.3,217.07,997.52,305.27,-1
13,player,388,0,0,939.02,217.07,991.25,305.27,-1
13,player,389,0,0,932.75,217.07,984.98,305.27,-1
13,player,390,0,0,926.48,217.07,978.71,305.27,-1
13,player,391,0,0,920.21,217.07,972.43,305.27,-1
13,player,392,0,0,913.94,217.07,966.16,305.27,-1
13,player,393,0,0,907.67,217.07,959.89,305.27,-1
13,player,394,0,0,901.39,217.07,953.62,305.27,-1
13,player,395,0,0,895.12,217.07,947.35,305.27,-1
13,player,396,0,0,888.85,217.07,941.08,305.27,-1
13,player,397,0,0,882.58,217.07,934.8,305.27,-1
13,player,398,0,0,876.31,217.07,928.53,305.27,-1
13,player,399,0,0,870.04,217.07,922.26,305.27,-1
13,player,400,0,0,863.77,217.07,915.99,305.27,-1
13,player,401,0,0,857.49,217.07,909.72,305.27,-1
13,player,402,0,0,851.22,217.07,903.45,305.27,-1
13,player,403,0,0,844.95,217.07,897.17,305.27,-1
13,player,404,0,0,838.68,217.07,890.9,305.27,-1
13,player,405,0,0,832.41,217.07,884.63,305.27,-1
13,player,406,0,0,826.14,217.07,878.36,305.27,-1
13,player,407,0,0,819.86,217.07,872.09,305.27,-1
13,player,408,0,0,813.59,217.07,865.82,305.27,-1
13,player,409,0,0,807.32,217.07,859.55,305.27,-1
13,player,410,0,0,801.05,217.07,853.27,305.27,-1
13,player,411,0,0,794.78,217.07,847.0,305.27,-1
13,player,412,0,0,788.51,217.07,840.73,305.27,-1
13,player,413,0,0,782.23,217.07,834.46,305.27,-1
13,player,414,0,0,775.96,217.07,828.19,305.27,-1
13,player,415,0,0,769.69,217.07,821.92,305.27,-1
13,player,416,0,0,763.42,217.07,815.64,305.27,-1
13,player,417,0,0,757.15,217.07,809.37,305.27,-1
13,player,418,0,0,750.88,217.07,803.1,305.27,-1
13,player,419,0,0,744.61,217.07,796.83,305.27,-1
13,player,420,0,0,738.33,217.07,790.56,305.27,-1
13,player,421,0,0,740.88,216.94,793.1,305.14,-1
13,player,422,0,0,743.42,216.81,795.65,305.01,-1
13,player,423,0,0,745.97,216.68,798.19,304.88,-1
13,player,424,0,0,748.51,216.56,800.74,304.76,-1
13,player,425,0,0,751.06,216.43,803.28,304.63,-1
13,player,426,0,0,753.61,216.3,805.83,304.5,-1
13,player,427,0,0,756.15,216.18,808.37,304.38,-1
13,player,428,0,0,758.7,216.05,810.92,304.25,-1
13,player,429,0,0,761.24,215.92,813.47,304.12,-1
13,player,430,0,0,763.79,215.79,816.01,303.99,-1
13,player,431,0,0,766.33,215.67,818.56,303.87,-1
13,player,432,0,0,768.88,215.54,821.1,303.74,-1
13,player,433,0,0,771.42,215.41,823.65,303.61,-1
13,player,434,0,0,773.97,215.28,826.19,303.48,-1
13,player,435,0,0,776.51,215.16,828.74,303.36,-1
13,player,436,0,0,779.06,215.03,831.28,303.23,-1
13,player,437,0,0,781.6,214.9,833.83,303.1,-1
13,player,438,0,0,784.15,214.78,836.37,302.98,-1
13,player,439,0,0,786.69,214.65,838.92,302.85,-1
13,player,440,0,0,789.24,214.52,841.46,302.72,-1
13,player,441,0,0,791.78,214.39,844.01,302.59,-1
13,player,442,0,0,794.33,214.27,846.55,302.47,-1
13,player,443,0,0,796.87,214.14,849.1,302.34,-1
13,player,444,0,0,799.42,214.01,851.64,302.21,-1
13,player,445,0,0,801.96,213.89,854.19,302.08,-1
13,player,446,0,0,804.51,213.76,856.73,301.96,-1
13,player,447,0,0,807.05,213.63,859.28,301.83,-1
13,player,448,0,0,809.6,213.5,861.82,301.7,-1
13,player,449,0,0,812.14,213.38,864.37,301.58,-1
13,player,450,0,0,814.69,213.25,866.91,301.45,-1
13,player,451,0,0,817.24,213.12,869.46,301.32,-1
13,player,452,0,0,819.78,212.99,872.0,301.19,-1
13,player,453,0,0,822.33,212.87,874.55,301.07,-1
13,player,454,0,0,824.87,212.74,877.1,300.94,-1
13,player,455,0,0,827.42,212.61,879.64,300.81,-1
13,player,456,0,0,829.96,212.49,882.19,300.69,-1
13,player,457,0,0,832.51,212.36,884.73,300.56,-1
13,player,458,0,0,835.05,212.23,887.28,300.43,-1
13,player,459,0,0,837.6,212.1,889.82,300.3,-1
13,player,460,0,0,840.14,211.98,892.37,300.18,-1
13,player,461,0,0,842.69,211.85,894.91,300.05,-1
13,player,462,0,0,845.23,211.72,897.46,299.92,-1
13,player,463,0,0,850.47,212.12,902.7,300.32,-1
13,player,464,0,0,855.71,212.53,907.94,300.73,-1
13,player,465,0,0,860.95,212.93,913.17,301.13,-1
13,player,466,0,0,866.19,213.33,918.41,301.53,-1
13,player,467,0,0,871.43,213.74,923.65,301.94,-1
13,player,468,0,0,876.67,214.14,928.89,302.34,-1
13,player,469,0,0,881.91,214.54,934.13,302.74,-1
13,player,470,0,0,887.15,214.95,939.37,303.15,-1
13,player,471,0,0,892.39,215.35,944.61,303.55,-1
13,player,472,0,0,897.63,215.75,949.85,303.95,-1
13,player,473,0,0,902.86,216.15,955.09,304.35,-1
13,player,474,0,0,908.1,216.56,960.33,304.76,-1
13,player,475,0,0,913.34,216.96,965.57,305.16,-1
13,player,476,0,0,918.58,217.36,970.81,305.56,-1
13,player,477,0,0,923.82,217.77,976.05,305.97,-1
13,player,478,0,0,929.06,218.17,981.29,306.37,-1
13,player,479,0,0,934.3,218.57,986.52,306.77,-1
13,player,480,0,0,939.54,218.98,991.76,307.18,-1
13,player,481,0,0,944.78,219.38,997.0,307.58,-1
13,player,482,0,0,950.02,219.78,1002.24,307.98,-1
13,player,483,0,0,955.26,220.19,1007.48,308.38,-1
13,player,484,0,0,960.5,220.59,1012.72,308.79,-1
13,player,485,0,0,965.74,220.99,1017.96,309.19,-1
13,player,486,0,0,970.98,221.39,1023.2,309.59,-1
13,player,487,0,0,976.21,221.8,1028.44,310.0,-1
13,player,488,0,0,981.45,222.2,1033.68,310.4,-1
13,player,489,0,0,986.69,222.6,1038.92,310.8,-1
13,player,490,0,0,991.93,223.01,1044.16,311.21,-1
13,player,491,0,0,997.17,223.41,1049.4,311.61,-1
13,player,492,0,0,1002.41,223.81,1054.64,312.01,-1
13,player,493,0,0,1007.65,224.22,1059.87,312.42,-1
13,player,494,0,0,1012.89,224.62,1065.11,312.82,-1
13,player,495,0,0,1018.13,225.02,1070.35,313.22,-1
13,player,496,0,0,1023.37,225.42,1075.59,313.62,-1
13,player,497,0,0,1028.61,225.83,1080.83,314.03,-1
13,player,498,0,0,1033.85,226.23,1086.07,314.43,-1
13,player,499,0,0,1039.09,226.63,1091.31,314.83,-1
13,player,500,0,0,1044.33,227.04,1096.55,315.24,-1
13,player,501,0,0,1049.56,227.44,1101.79,315.64,-1
13,player,502,0,0,1052.71,227.96,1104.93,316.16,-1
13,player,503,0,0,1055.85,228.49,1108.08,316.69,-1
13,player,504,0,0,1059.0,229.01,1111.22,317.21,-1
13,player,505,0,0,1062.14,229.54,1114.36,317.73,-1
13,player,506,0,0,1065.28,230.06,1117.51,318.26,-1
13,player,507,0,0,1068.43,230.58,1120.65,318.78,-1
13,player,508,0,0,1073.46,232.47,1125.68,320.67,-1
13,player,509,0,0,1078.49,234.36,1130.71,322.56,-1
13,player,510,0,0,1083.51,236.24,1135.74,324.44,-1
13,player,511,0,0,1088.54,238.13,1140.77,326.33,-1
13,player,512,0,0,1093.57,240.01,1145.8,328.21,-1
13,player,513,0,0,1098.67,239.8,1150.89,328.0,-1
13,player,514,0,0,1103.76,239.58,1155.99,327.78,-1
13,player,515,0,0,1108.86,239.36,1161.08,327.56,-1
13,player,516,0,0,1113.95,239.15,1166.18,327.35,-1
13,player,517,0,0,1119.05,238.93,1171.27,327.13,-1
13,player,518,0,0,1124.14,238.71,1176.37,326.91,-1
13,player,519,0,0,1129.24,238.5,1181.46,326.7,-1
13,player,520,0,0,1134.33,238.28,1186.56,326.48,-1
13,player,521,0,0,1139.43,238.06,1191.65,326.26,-1
13,player,522,0,0,1144.52,237.85,1196.75,326.05,-1
13,player,523,0,0,1149.62,237.63,1201.84,325.83,-1
13,player,524,0,0,1154.71,237.41,1206.94,325.61,-1
13,player,525,0,0,1159.81,237.2,1212.03,325.4,-1
13,player,526,0,0,1164.9,236.98,1217.13,325.18,-1
13,player,527,0,0,1170.0,236.76,1222.22,324.96,-1
13,player,528,0,0,1175.09,236.54,1227.31,324.74,-1
13,player,529,0,0,1180.19,236.33,1232.41,324.53,-1
13,player,530,0,0,1185.28,236.11,1237.5,324.31,-1
13,player,531,0,0,1190.37,235.89,1242.6,324.09,-1
13,player,532,0,0,1195.47,235.68,1247.69,323.88,-1
13,player,533,0,0,1200.56,235.46,1252.79,323.66,-1
13,player,534,0,0,1205.66,235.24,1257.88,323.44,-1
13,player,535,0,0,1210.75,235.03,1262.98,323.23,-1
13,player,536,0,0,1215.85,234.81,1268.07,323.01,-1
13,player,537,0,0,1220.94,234.59,1273.17,322.79,-1
13,player,538,0,0,1226.04,234.38,1278.26,322.58,-1
13,player,539,0,0,1231.13,234.16,1283.36,322.36,-1
13,player,540,0,0,1236.23,233.94,1288.45,322.14,-1
13,player,541,0,0,1241.32,233.73,1293.55,321.93,-1
13,player,542,0,0,1244.78,234.42,1297.01,322.62,-1
13,player,543,0,0,1248.24,235.11,1300.46,323.31,-1
13,player,544,0,0,1251.7,235.8,1303.92,324.0,-1
13,player,545,0,0,1255.16,236.49,1307.38,324.69,-1
13,player,546,0,0,1258.62,237.19,1310.84,325.39,-1
13,player,547,0,0,1262.07,237.88,1314.3,326.08,-1
13,player,548,0,0,1265.53,238.57,1317.76,326.77,-1
13,player,549,0,0,1268.99,239.26,1321.22,327.46,-1
13,player,550,0,0,1272.45,239.95,1324.67,328.15,-1
13,player,551,0,0,1275.91,240.64,1328.13,328.84,-1
13,player,552,0,0,1279.37,241.34,1331.59,329.54,-1
13,player,553,0,0,1282.83,242.03,1335.05,330.23,-1
13,player,554,0,0,1286.28,242.72,1338.51,330.92,-1
13,player,555,0,0,1289.74,243.41,1341.97,331.61,-1
13,player,556,0,0,1293.2,244.1,1345.43,332.3,-1
13,player,557,0,0,1296.66,244.79,1348.89,332.99,-1
13,player,558,0,0,1300.12,245.49,1352.34,333.69,-1
13,player,559,0,0,1303.58,246.18,1355.8,334.38,-1
13,player,560,0,0,1307.04,246.87,1359.26,335.07,-1
13,player,561,0,0,1310.5,247.56,1362.72,335.76,-1
13,player,562,0,0,1313.95,248.25,1366.18,336.45,-1
13,player,563,0,0,1317.41,248.94,1369.64,337.14,-1
13,player,564,0,0,1320.87,249.64,1373.1,337.84,-1
13,player,565,0,0,1324.33,250.33,1376.55,338.53,-1
13,player,566,0,0,1327.13,250.68,1379.35,338.88,-1
13,player,567,0,0,1329.92,251.03,1382.15,339.23,-1
13,player,568,0,0,1332.72,251.38,1384.94,339.58,-1
13,player,569,0,0,1335.51,251.73,1387.74,339.93,-1
13,player,570,0,0,1338.31,252.08,1390.53,340.28,-1
13,player,571,0,0,1341.11,252.43,1393.33,340.62,-1
13,player,572,0,0,1343.9,252.77,1396.13,340.97,-1
13,player,573,0,0,1346.7,253.12,1398.92,341.32,-1
13,player,574,0,0,1349.49,253.47,1401.72,341.67,-1
13,player,575,0,0,1352.29,253.82,1404.51,342.02,-1
13,player,576,0,0,1355.09,254.17,1407.31,342.37,-1
13,player,577,0,0,1357.88,254.52,1410.11,342.72,-1
13,player,578,0,0,1360.68,254.87,1412.9,343.07,-1
13,player,579,0,0,1363.47,255.22,1415.7,343.42,-1
13,player,580,0,0,1366.27,255.57,1418.5,343.77,-1
13,player,581,0,0,1369.07,255.92,1421.29,344.12,-1
13,player,582,0,0,1371.86,256.27,1424.09,344.47,-1
13,player,583,0,0,1374.66,256.62,1426.88,344.82,-1
13,player,584,0,0,1377.46,256.97,1429.68,345.17,-1
13,player,585,0,0,1380.47,256.97,1432.7,345.17,-1
13,player,586,0,0,1383.49,256.97,1435.72,345.17,-1
13,player,587,0,0,1386.51,256.97,1438.73,345.17,-1
13,player,588,0,0,1389.53,256.97,1441.75,345.17,-1
13,player,589,0,0,1392.55,256.97,1444.77,345.17,-1
13,player,590,0,0,1395.57,256.97,1447.79,345.17,-1
13,player,591,0,0,1398.58,256.97,1450.81,345.17,-1
13,player,592,0,0,1401.6,256.97,1453.83,345.17,-1
13,player,593,0,0,1404.62,256.97,1456.85,345.17,-1
13,player,594,0,0,1407.64,256.97,1459.86,345.17,-1
13,player,595,0,0,1410.66,256.97,1462.88,345.17,-1
13,player,596,0,0,1412.22,257.09,1464.44,345.29,-1
13,player,597,0,0,1413.78,257.21,1466.01,345.41,-1
13,player,598,0,0,1415.34,257.33,1467.57,345.53,-1
13,player,599,0,0,1416.9,257.45,1469.13,345.65,-1
13,player,600,0,0,1418.46,257.57,1470.69,345.77,-1
13,player,601,0,0,1420.03,257.69,1472.25,345.89,-1
13,player,602,0,0,1421.59,257.81,1473.81,346.01,-1
13,player,603,0,0,1423.15,257.93,1475.37,346.13,-1
13,player,604,0,0,1424.71,258.05,1476.93,346.25,-1
13,player,605,0,0,1426.27,258.17,1478.5,346.37,-1
13,player,606,0,0,1427.83,258.29,1480.06,346.49,-1
13,player,607,0,0,1429.39,258.41,1481.62,346.61,-1
13,player,608,0,0,1430.96,258.53,1483.18,346.73,-1
13,player,609,0,0,1432.52,258.65,1484.74,346.85,-1
13,player,610,0,0,1434.08,258.77,1486.3,346.97,-1
13,player,611,0,0,1435.64,258.89,1487.86,347.09,-1
13,player,612,0,0,1437.2,259.01,1489.42,347.21,-1
13,player,613,0,0,1438.76,259.13,1490.99,347.33,-1
13,player,614,0,0,1440.32,259.25,1492.55,347.45,-1
13,player,615,0,0,1441.88,259.37,1494.11,347.57,-1
13,player,616,0,0,1443.45,259.49,1495.67,347.69,-1
13,player,617,0,0,1445.01,259.61,1497.23,347.81,-1
13,player,618,0,0,1446.57,259.73,1498.79,347.93,-1
13,player,619,0,0,1448.13,259.85,1500.35,348.05,-1
13,player,620,0,0,1449.69,259.97,1501.91,348.17,-1
13,player,621,0,0,1451.25,260.09,1503.48,348.29,-1
13,player,622,0,0,1452.81,260.21,1505.04,348.41,-1
13,player,623,0,0,1454.37,260.33,1506.6,348.53,-1
13,player,624,0,0,1455.94,260.45,1508.16,348.65,-1
13,player,625,0,0,1457.5,260.57,1509.72,348.77,-1
13,player,626,0,0,1459.06,260.69,1511.28,348.89,-1
13,player,627,0,0,1460.62,260.81,1512.84,349.01,-1
13,player,628,0,0,1462.18,260.93,1514.41,349.13,-1
13,player,629,0,0,1463.74,261.05,1515.97,349.25,-1
13,player,630,0,0,1465.3,261.17,1517.53,349.37,-1
13,player,631,0,0,1466.87,261.29,1519.09,349.49,-1
13,player,632,0,0,1468.43,261.41,1520.65,349.61,-1
13,player,633,0,0,1469.99,261.53,1522.21,349.73,-1
13,player,634,0,0,1471.55,261.65,1523.77,349.85,-1
13,player,635,0,0,1473.11,261.77,1525.33,349.97,-1
13,player,636,0,0,1474.67,261.89,1526.9,350.09,-1
13,player,637,0,0,1476.23,262.01,1528.46,350.21,-1
13,player,638,0,0,1477.79,262.13,1530.02,350.33,-1
13,player,639,0,0,1479.36,262.25,1531.58,350.45,-1
13,player,640,0,0,1480.92,262.37,1533.14,350.57,-1
13,player,641,0,0,1482.48,262.49,1534.7,350.69,-1
13,player,642,0,0,1484.04,262.61,1536.26,350.81,-1
13,player,643,0,0,1485.6,262.73,1537.82,350.93,-1
13,player,644,0,0,1487.16,262.85,1539.39,351.05,-1
13,player,645,0,0,1488.72,262.97,1540.95,351.17,-1
13,player,646,0,0,1490.28,263.09,1542.51,351.29,-1
13,player,647,0,0,1491.85,263.21,1544.07,351.41,-1
13,player,648,0,0,1493.41,263.33,1545.63,351.53,-1
13,player,649,0,0,1494.97,263.45,1547.19,351.65,-1
13,player,650,0,0,1496.53,263.57,1548.75,351.77,-1
13,player,651,0,0,1498.09,263.69,1550.32,351.89,-1
13,player,652,0,0,1499.65,263.81,1551.88,352.01,-1
13,player,653,0,0,1501.21,263.93,1553.44,352.13,-1
13,player,654,0,0,1502.77,264.05,1555.0,352.25,-1
13,player,655,0,0,1504.34,264.18,1556.56,352.37,-1
13,player,656,0,0,1505.9,264.3,1558.12,352.49,-1
13,player,657,0,0,1507.46,264.42,1559.68,352.62,-1
13,player,658,0,0,1509.02,264.54,1561.24,352.74,-1
13,player,659,0,0,1510.58,264.66,1562.81,352.86,-1
13,player,660,0,0,1512.14,264.78,1564.37,352.98,-1
13,player,661,0,0,1513.7,264.9,1565.93,353.1,-1
13,player,662,0,0,1515.27,265.02,1567.49,353.22,-1
13,player,663,0,0,1516.83,265.14,1569.05,353.34,-1
13,player,664,0,0,1518.39,265.26,1570.61,353.46,-1
13,player,665,0,0,1519.95,265.38,1572.17,353.58,-1
13,player,666,0,0,1521.51,265.5,1573.73,353.7,-1
13,player,667,0,0,1523.07,265.62,1575.3,353.82,-1
13,player,668,0,0,1524.63,265.74,1576.86,353.94,-1
13,player,669,0,0,1526.19,265.86,1578.42,354.06,-1
13,player,670,0,0,1527.76,265.98,1579.98,354.18,-1
13,player,671,0,0,1529.32,266.1,1581.54,354.3,-1
13,player,672,0,0,1530.88,266.22,1583.1,354.42,-1
13,player,673,0,0,1532.44,266.34,1584.66,354.54,-1
13,player,674,0,0,1534.0,266.46,1586.23,354.66,-1
13,player,675,0,0,1538.38,267.61,1590.6,355.81,-1
13,player,676,0,0,1542.76,268.76,1594.98,356.96,-1
13,player,677,0,0,1547.14,269.91,1599.36,358.11,-1
13,player,678,0,0,1551.52,271.07,1603.74,359.27,-1
13,player,679,0,0,1555.9,272.22,1608.12,360.42,-1
13,player,680,0,0,1560.27,273.37,1612.5,361.57,-1
13,player,681,0,0,1564.65,274.52,1616.88,362.72,-1
13,player,682,0,0,1569.03,275.68,1621.26,363.88,-1
13,player,683,0,0,1573.41,276.83,1625.64,365.03,-1
13,player,684,0,0,1577.79,277.98,1630.02,366.18,-1
13,player,685,0,0,1582.17,279.13,1634.39,367.33,-1
13,player,686,0,0,1583.3,279.41,1635.52,367.61,-1
13,player,687,0,0,1584.42,279.7,1636.65,367.9,-1
13,player,688,0,0,1585.55,279.98,1637.77,368.18,-1
13,player,689,0,0,1586.68,280.26,1638.9,368.46,-1
13,player,690,0,0,1587.8,280.54,1640.03,368.74,-1
13,player,691,0,0,1588.93,280.82,1641.15,369.02,-1
13,player,692,0,0,1590.06,281.1,1642.28,369.3,-1
13,player,693,0,0,1591.18,281.39,1643.41,369.59,-1
13,player,694,0,0,1592.31,281.67,1644.53,369.87,-1
13,player,695,0,0,1593.37,282.2,1645.59,370.4,-1
13,player,696,0,0,1594.43,282.73,1646.65,370.93,-1
13,player,697,0,0,1595.48,283.25,1647.71,371.45,-1
13,player,698,0,0,1596.54,283.78,1648.77,371.98,-1
13,player,699,0,0,1597.6,284.31,1649.82,372.51,-1
13,player,700,0,0,1598.66,284.84,1650.88,373.04,-1
13,player,701,0,0,1599.72,285.37,1651.94,373.57,-1
13,player,702,0,0,1600.77,285.9,1653.0,374.1,-1
13,player,703,0,0,1601.83,286.43,1654.06,374.63,-1
13,player,704,0,0,1602.89,286.96,1655.11,375.16,-1
13,player,705,0,0,1603.95,287.49,1656.17,375.69,-1
13,player,706,0,0,1605.0,288.01,1657.23,376.21,-1
13,player,707,0,0,1606.06,288.54,1658.29,376.74,-1
13,player,708,0,0,1607.12,289.07,1659.34,377.27,-1
13,player,709,0,0,1608.18,289.6,1660.4,377.8,-1
13,player,710,0,0,1609.24,290.13,1661.46,378.33,-1
13,player,711,0,0,1610.29,290.66,1662.52,378.86,-1
13,player,712,0,0,1611.35,291.19,1663.58,379.39,-1
13,player,713,0,0,1612.41,291.72,1664.63,379.92,-1
13,player,714,0,0,1613.47,292.25,1665.69,380.45,-1
13,player,715,0,0,1614.53,292.77,1666.75,380.97,-1
13,player,716,0,0,1615.58,293.3,1667.81,381.5,-1
13,player,717,0,0,1616.64,293.83,1668.87,382.03,-1
13,player,718,0,0,1617.7,294.36,1669.92,382.56,-1
13,player,719,0,0,1618.76,294.89,1670.98,383.09,-1
13,player,720,0,0,1621.03,295.3,1673.25,383.71,-1
13,player,721,0,0,1623.3,295.72,1675.53,384.33,-1
13,player,722,0,0,1625.58,296.13,1677.8,384.95,-1
13,player,723,0,0,1627.85,296.54,1680.07,385.57,-1
13,player,724,0,0,1630.12,296.96,1682.34,386.19,-1
13,player,725,0,0,1632.39,297.37,1684.62,386.81,-1
13,player,726,0,0,1634.67,297.78,1686.89,387.43,-1
13,player,727,0,0,1636.94,298.2,1689.16,388.05,-1
13,player,728,0,0,1639.21,298.61,1691.44,388.67,-1
13,player,729,0,0,1641.48,299.02,1693.71,389.29,-1
13,player,730,0,0,1643.76,299.43,1695.98,389.91,-1
13,player,731,0,0,1646.03,299.85,1698.25,390.53,-1
13,player,732,0,0,1648.3,300.26,1700.53,391.15,-1
13,player,733,0,0,1650.58,300.67,1702.8,391.77,-1
13,player,734,0,0,1652.85,301.09,1705.07,392.39,-1
13,player,735,0,0,1655.12,301.5,1707.35,393.01,-1
13,player,736,0,0,1659.09,302.82,1711.31,394.33,-1
13,player,737,0,0,1663.06,304.14,1715.28,395.65,-1
13,player,738,0,0,1667.02,305.47,1719.25,396.97,-1
13,player,739,0,0,1670.99,306.79,1723.21,398.3,-1
13,player,740,0,0,1674.96,308.11,1727.18,399.62,-1
13,player,741,0,0,1681.27,307.81,1733.49,399.32,-1
13,player,742,0,0,1687.58,307.51,1739.8,399.02,-1
13,player,743,0,0,1693.89,307.21,1746.11,398.72,-1
13,player,744,0,0,1700.2,306.91,1752.42,398.42,-1
13,player,745,0,0,1706.51,306.61,1758.74,398.12,-1
13,player,746,0,0,1712.82,306.31,1765.05,397.82,-1
13,player,747,0,0,1719.13,306.01,1771.36,397.52,-1
13,player,748,0,0,1725.44,305.71,1777.67,397.21,-1
13,player,749,0,0,1731.76,305.41,1783.98,396.91,-1
13,player,750,0,0,1738.07,305.11,1790.29,396.61,-1
13,player,751,0,0,1744.38,304.81,1796.6,396.31,-1
13,player,752,0,0,1748.59,305.11,1800.81,396.61,-1
13,player,753,0,0,1752.79,305.41,1805.02,396.91,-1
13,player,754,0,0,1757.0,305.71,1809.22,397.21,-1
13,player,755,0,0,1761.21,306.01,1813.43,397.52,-1
13,player,756,0,0,1765.41,306.31,1817.64,397.82,-1
13,player,757,0,0,1769.62,306.61,1821.85,398.12,-1
13,player,758,0,0,1773.83,306.91,1826.05,398.42,-1
13,player,759,0,0,1778.04,307.21,1830.26,398.72,-1
13,player,760,0,0,1782.24,307.51,1834.47,399.02,-1
13,player,761,0,0,1786.45,307.81,1838.68,399.32,-1
13,player,762,0,0,1790.66,308.11,1842.88,399.62,-1
13,player,763,0,0,1790.66,308.11,1842.88,399.62,-1
13,player,764,0,0,1790.66,308.11,1842.88,399.62,-1
13,player,765,0,0,1790.66,308.11,1842.88,399.62,-1
13,player,766,0,0,1790.66,308.11,1842.88,399.62,-1
13,player,767,0,0,1790.66,308.11,1842.88,399.62,-1
13,player,768,0,0,1790.66,308.11,1842.88,399.62,-1
13,player,769,0,0,1790.66,308.11,1842.88,399.62,-1
13,player,770,0,0,1790.66,308.11,1842.88,399.62,-1
13,player,771,0,0,1790.66,308.11,1842.88,399.62,-1
13,player,772,0,0,1790.66,308.11,1842.88,399.62,-1
13,player,773,0,0,1790.66,308.11,1842.88,399.62,-1
13,player,774,0,0,1790.66,308.11,1842.88,399.62,-1
13,player,775,0,0,1790.66,308.11,1842.88,399.62,-1
13,player,776,0,0,1790.66,308.11,1842.88,399.62,-1
13,player,777,0,0,1790.66,308.11,1842.88,399.62,-1
13,player,778,0,0,1790.66,308.11,1842.88,399.62,-1
13,player,779,0,0,1790.66,308.11,1842.88,399.62,-1
13,player,780,0,0,1790.66,308.11,1842.88,399.62,-1
13,player,781,0,0,1790.66,308.11,1842.88,399.62,-1
13,player,782,0,0,1790.66,308.11,1842.88,399.62,-1
13,player,783,0,0,1790.66,308.11,1842.88,399.62,-1
13,player,784,0,0,1790.66,308.11,1842.88,399.62,-1
13,player,785,0,0,1790.66,308.11,1842.88,399.62,-1
13,player,786,0,0,1790.66,308.11,1842.88,399.62,-1
13,player,787,0,0,1790.66,308.11,1842.88,399.62,-1
13,player,788,0,0,1790.66,308.11,1842.88,399.62,-1
13,player,789,0,0,1790.66,308.11,1842.88,399.62,-1
13,player,790,0,0,1790.66,308.11,1842.88,399.62,-1
13,player,791,0,0,1790.66,308.11,1842.88,399.62,-1
13,player,792,0,0,1790.66,308.11,1842.88,399.62,-1
13,player,793,0,0,1790.66,308.11,1842.88,399.62,-1
13,player,794,0,0,1790.66,308.11,1842.88,399.62,-1
13,player,795,0,0,1790.66,308.11,1842.88,399.62,-1
13,player,796,1,0,1790.66,308.11,1842.88,399.62,-1
14,player,11,0,0,531.9,323.56,584.58,428.2,23
14,player,12,0,0,520.38,323.56,573.06,428.2,23
14,player,13,0,0,508.86,323.56,561.54,428.2,23
14,player,14,0,0,497.34,323.56,550.02,428.2,23
14,player,15,0,0,485.82,323.56,538.5,428.2,23
14,player,16,0,0,474.3,323.56,526.98,428.2,23
14,player,17,0,0,462.78,323.56,515.46,428.2,23
14,player,18,0,0,451.26,323.56,503.94,428.2,23
14,player,19,0,0,439.74,323.56,492.42,428.2,23
14,player,20,0,0,428.22,323.56,480.9,428.2,23
14,player,21,0,0,416.7,323.56,469.39,428.2,23
14,player,22,0,0,405.19,323.56,457.87,428.2,23
14,player,23,0,0,393.67,323.56,446.35,428.2,23
14,player,24,0,0,382.15,323.56,434.83,428.2,23
14,player,25,0,0,370.63,323.56,423.31,428.2,23
14,player,26,0,0,359.11,323.56,411.79,428.2,23
14,player,27,0,0,347.59,323.56,400.27,428.2,23
14,player,28,0,0,336.07,323.56,388.75,428.2,23
14,player,29,0,0,333.8,323.44,386.48,428.08,23
14,player,30,0,0,331.53,323.31,384.21,427.96,23
14,player,31,0,0,329.27,323.19,381.95,427.83,23
14,player,32,0,0,327.0,323.07,379.68,427.71,23
14,player,33,0,0,324.73,322.95,377.41,427.59,23
14,player,34,0,0,322.47,322.83,375.15,427.47,23
14,player,35,0,0,320.2,322.7,372.88,427.35,23
14,player,36,0,0,317.93,322.58,370.61,427.22,23
14,player,37,0,0,315.66,322.46,368.35,427.1,23
14,player,38,0,0,313.4,322.34,366.08,426.98,23
14,player,39,0,0,311.13,322.22,363.81,426.86,23
14,player,40,0,0,308.86,322.1,361.54,426.74,23
14,player,41,0,0,306.6,321.97,359.28,426.62,23
14,player,42,0,0,304.33,321.85,357.01,426.49,23
14,player,43,0,0,302.06,321.73,354.74,426.37,23
14,player,44,0,0,299.8,321.61,352.48,426.25,23
14,player,45,0,0,297.53,321.49,350.21,426.13,23
14,player,46,0,0,295.26,321.36,347.94,426.01,23
14,player,47,0,0,292.99,321.24,345.67,425.88,23
14,player,48,0,0,290.73,321.12,343.41,425.76,23
14,player,49,0,0,288.46,321.0,341.14,425.64,23
14,player,50,0,0,286.19,320.88,338.87,425.52,23
14,player,51,0,0,283.93,320.75,336.61,425.4,23
14,player,52,0,0,281.66,320.63,334.34,425.27,23
14,player,53,0,0,279.39,320.51,332.07,425.15,23
14,player,54,0,0,277.12,320.39,329.8,425.03,23
14,player,55,0,0,274.86,320.27,327.54,424.91,23
14,player,56,0,0,272.59,320.14,325.27,424.79,23
14,player,57,0,0,270.32,320.02,323.0,424.67,23
14,player,58,0,0,268.06,319.9,320.74,424.54,23
14,player,59,0,0,265.79,319.78,318.47,424.42,23
14,player,60,0,0,263.52,319.66,316.2,424.3,23
14,player,61,0,0,261.26,319.54,313.94,424.18,23
14,player,62,0,0,258.99,319.41,311.67,424.06,23
14,player,63,0,0,256.72,319.29,309.4,423.93,23
14,player,64,0,0,254.45,319.17,307.13,423.81,23
14,player,65,0,0,252.19,319.05,304.87,423.69,23
14,player,66,0,0,249.92,318.93,302.6,423.57,23
14,player,67,0,0,247.65,318.8,300.33,423.45,23
14,player,68,0,0,245.39,318.68,298.07,423.32,23
14,player,69,0,0,243.12,318.56,295.8,423.2,23
14,player,70,0,0,240.85,318.44,293.53,423.08,23
14,player,71,0,0,238.58,318.32,291.26,422.96,23
14,player,72,0,0,236.32,318.19,289.0,422.84,23
14,player,73,0,0,234.05,318.07,286.73,422.72,23
14,player,74,0,0,231.78,317.95,284.46,422.59,23
14,player,75,0,0,229.52,317.83,282.2,422.47,23
14,player,76,0,0,227.25,317.71,279.93,422.35,23
14,player,77,0,0,224.98,317.59,277.66,422.23,23
14,player,78,0,0,222.71,317.46,275.4,422.11,23
14,player,79,0,0,220.45,317.34,273.13,421.98,23
14,player,80,0,0,218.18,317.22,270.86,421.86,23
14,player,81,0,0,215.91,317.1,268.59,421.74,23
14,player,82,0,0,213.65,316.98,266.33,421.62,23
14,player,83,0,0,211.38,316.85,264.06,421.5,23
14,player,84,0,0,209.11,316.73,261.79,421.37,23
14,player,85,0,0,206.85,316.61,259.53,421.25,23
14,player,86,0,0,204.58,316.49,257.26,421.13,23
14,player,87,0,0,202.31,316.37,254.99,421.01,23
14,player,88,0,0,200.04,316.24,252.72,420.89,23
14,player,89,0,0,197.78,316.12,250.46,420.77,23
14,player,90,0,0,195.51,316.0,248.19,420.64,23
14,player,91,0,0,193.24,315.88,245.92,420.52,23
14,player,92,0,0,190.98,315.76,243.66,420.4,23
14,player,93,0,0,188.71,315.64,241.39,420.28,23
14,player,94,0,0,186.44,315.51,239.12,420.16,23
14,player,95,0,0,184.17,315.39,236.86,420.03,23
14,player,96,0,0,181.91,315.27,234.59,419.91,23
14,player,97,0,0,179.64,315.15,232.32,419.79,23
14,player,98,0,0,177.37,315.03,230.05,419.67,23
14,player,99,0,0,175.11,314.9,227.79,419.55,23
14,player,100,0,0,172.84,314.78,225.52,419.42,23
14,player,101,0,0,170.57,314.66,223.25,419.3,23
14,player,102,0,0,168.31,314.54,220.99,419.18,23
14,player,103,0,0,166.04,314.42,218.72,419.06,23
14,player,104,0,0,163.77,314.29,216.45,418.94,23
14,player,105,0,0,161.5,314.17,214.18,418.82,23
14,player,106,0,0,159.24,314.05,211.92,418.69,23
14,player,107,0,0,156.97,313.93,209.65,418.57,23
14,player,108,0,0,154.7,313.81,207.38,418.45,23
14,player,109,0,0,152.44,313.69,205.12,418.33,23
14,player,110,0,0,150.17,313.56,202.85,418.21,23
14,player,111,0,0,147.9,313.44,200.58,418.08,23
14,player,112,0,0,145.63,313.32,198.31,417.96,23
14,player,113,0,0,143.37,313.2,196.05,417.84,23
14,player,114,0,0,141.1,313.08,193.78,417.72,23
14,player,115,0,0,138.83,312.95,191.51,417.6,23
14,player,116,0,0,136.57,312.83,189.25,417.47,23
14,player,117,0,0,134.3,312.71,186.98,417.35,23
14,player,118,0,0,132.03,312.59,184.71,417.23,23
14,player,119,0,0,129.76,312.47,182.45,417.11,23
14,player,120,0,0,127.5,312.34,180.18,416.99,23
14,player,121,0,0,125.23,312.22,177.91,416.86,23
14,player,122,0,0,122.96,312.1,175.64,416.74,23
14,player,123,0,0,120.7,311.98,173.38,416.62,23
14,player,124,0,0,118.43,311.86,171.11,416.5,23
14,player,125,0,0,116.16,311.74,168.84,416.38,23
14,player,126,0,0,113.9,311.61,166.58,416.26,23
14,player,127,0,0,111.63,311.49,164.31,416.13,23
14,player,128,0,0,109.36,311.37,162.04,416.01,23
14,player,129,0,0,107.09,311.25,159.77,415.89,23
14,player,130,0,0,104.83,311.13,157.51,415.77,23
14,player,131,0,0,102.56,311.0,155.24,415.65,23
14,player,132,0,0,100.29,310.88,152.97,415.52,23
14,player,133,0,0,97.65,310.65,150.3,415.3,23
14,player,134,0,0,95.01,310.42,147.64,415.07,23
14,player,135,0,0,92.38,310.2,144.97,414.84,23
14,player,136,0,0,89.74,309.97,142.3,414.61,23
14,player,137,0,0,87.1,309.74,139.63,414.38,23
14,player,138,0,0,84.46,309.51,136.96,414.15,23
14,player,139,0,0,81.82,309.28,134.29,413.92,23
14,player,140,0,0,79.18,309.05,131.62,413.69,23
14,player,141,0,0,76.54,308.82,128.95,413.47,23
14,player,142,0,0,73.9,308.59,126.28,413.24,23
14,player,143,0,0,71.26,308.37,123.61,413.01,23
14,player,144,0,0,68.62,308.14,120.95,412.78,23
14,player,145,0,0,65.98,307.91,118.28,412.55,23
14,player,146,0,0,63.34,307.68,115.61,412.32,23
14,player,147,0,0,60.7,307.45,112.94,412.09,23
14,player,148,0,0,58.06,307.22,110.27,411.86,23
14,player,149,0,0,55.43,306.99,107.6,411.64,23
14,player,150,0,0,52.79,306.76,104.93,411.41,23
14,player,151,0,0,50.15,306.54,102.26,411.18,23
14,player,152,0,0,47.51,306.31,99.59,410.95,23
14,player,153,0,0,44.87,306.08,96.92,410.72,23
14,player,154,0,0,42.23,305.85,94.26,410.49,23
14,player,155,0,0,39.59,305.62,91.59,410.26,23
14,player,156,0,0,36.95,305.39,88.92,410.03,23
14,player,157,0,0,34.31,305.16,86.25,409.8,23
14,player,158,0,0,31.67,304.93,83.58,409.58,23
14,player,159,0,0,29.03,304.7,80.91,409.35,23
14,player,160,0,0,26.39,304.48,78.24,409.12,23
14,player,161,0,0,23.75,304.25,75.57,408.89,23
14,player,162,0,0,21.11,304.02,72.9,408.66,23
14,player,163,0,0,18.48,303.79,70.23,408.43,23
14,player,164,0,0,15.84,303.56,67.57,408.2,23
14,player,165,0,0,13.2,303.33,64.9,407.97,23
14,player,166,0,0,10.56,303.1,62.23,407.75,23
14,player,167,0,0,7.92,302.87,59.56,407.52,23
14,player,168,0,0,5.28,302.65,56.89,407.29,23
14,player,169,0,0,2.64,302.42,54.22,407.06,23
14,player,170,0,0,0.0,302.19,51.55,406.83,23
14,player,171,0,0,1.71,302.68,53.26,407.32,23
14,player,172,0,0,3.42,303.17,54.97,407.81,23
14,player,173,0,0,5.13,303.66,56.68,408.3,23
14,player,174,0,0,6.84,304.14,58.4,408.79,23
14,player,175,0,0,8.56,304.63,60.11,409.28,23
14,player,176,0,0,10.27,305.12,61.82,409.76,23
14,player,177,0,0,11.98,305.61,63.53,410.25,23
14,player,178,0,0,13.69,306.1,65.24,410.74,23
14,player,179,0,0,15.4,306.59,66.95,411.23,23
14,player,180,0,0,17.11,307.08,68.66,411.72,23
14,player,181,0,0,23.44,307.19,75.0,411.83,23
14,player,182,0,0,29.78,307.3,81.33,411.94,23
14,player,183,0,0,36.11,307.41,87.66,412.05,23
14,player,184,0,0,42.44,307.52,94.0,412.16,23
14,player,185,0,0,48.78,307.63,100.33,412.28,23
14,player,186,0,0,55.11,307.74,106.66,412.39,23
14,player,187,0,0,61.44,307.85,113.0,412.5,23
14,player,188,0,0,67.78,307.97,119.33,412.61,23
14,player,189,0,0,74.11,308.08,125.66,412.72,23
14,player,190,0,0,80.44,308.19,132.0,412.83,23
14,player,191,0,0,86.78,308.3,138.33,412.94,23
14,player,192,0,0,93.11,308.41,144.66,413.05,23
14,player,193,0,0,99.44,308.52,151.0,413.16,23
14,player,194,0,0,105.78,308.63,157.33,413.28,23
14,player,195,0,0,112.11,308.74,163.66,413.39,23
14,player,196,0,0,118.44,308.85,170.0,413.5,23
14,player,197,0,0,124.78,308.97,176.33,413.61,23
14,player,198,0,0,131.11,309.08,182.66,413.72,23
14,player,199,0,0,137.44,309.19,189.0,413.83,23
14,player,200,0,0,143.78,309.3,195.33,413.94,23
14,player,201,0,0,150.11,309.41,201.66,414.05,23
14,player,202,0,0,156.44,309.52,207.99,414.16,23
14,player,203,0,0,163.17,308.75,214.72,413.39,23
14,player,204,0,0,169.9,307.98,221.45,412.63,23
14,player,205,0,0,176.63,307.21,228.18,411.86,23
14,player,206,0,0,183.36,306.45,234.91,411.09,23
14,player,207,0,0,190.09,305.68,241.64,410.32,23
14,player,208,0,0,196.82,304.91,248.37,409.55,23
14,player,209,0,0,203.55,304.14,255.1,408.78,23
14,player,210,0,0,210.28,303.37,261.83,408.01,23
14,player,211,0,0,217.01,302.6,268.56,407.24,23
14,player,212,0,0,223.74,301.83,275.29,406.47,23
14,player,213,0,0,230.46,301.06,282.02,405.7,23
14,player,214,0,0,237.19,300.29,288.75,404.93,23
14,player,215,0,0,243.92,299.52,295.47,404.17,23
14,player,216,0,0,250.65,298.75,302.2,403.4,23
14,player,217,0,0,254.98,297.72,306.53,402.36,23
14,player,218,0,0,259.31,296.69,310.86,401.33,23
14,player,219,0,0,263.64,295.66,315.19,400.3,23
14,player,220,0,0,267.96,294.62,319.52,399.27,23
14,player,221,0,0,272.29,293.59,323.84,398.23,23
14,player,222,0,0,276.62,292.56,328.17,397.2,23
14,player,223,0,0,280.95,291.52,332.5,396.17,23
14,player,224,0,0,285.27,290.49,336.83,395.13,23
14,player,225,0,0,289.6,289.46,341.15,394.1,23
14,player,226,0,0,293.93,288.43,345.48,393.07,23
14,player,227,0,0,298.26,287.39,349.81,392.04,23
14,player,228,0,0,302.59,286.36,354.14,391.0,23
14,player,229,0,0,306.91,285.33,358.47,389.97,23
14,player,230,0,0,311.24,284.3,362.79,388.94,23
14,player,231,0,0,315.57,283.26,367.12,387.9,23
14,player,232,0,0,319.9,282.23,371.45,386.87,23
14,player,233,0,0,324.22,281.2,375.78,385.84,23
14,player,234,0,0,328.55,280.16,380.1,384.81,23
14,player,235,0,0,332.88,279.13,384.43,383.77,23
14,player,236,0,0,337.21,278.1,388.76,382.74,23
14,player,237,0,0,341.54,277.07,393.09,381.71,23
14,player,238,0,0,345.86,276.03,397.42,380.68,23
14,player,239,0,0,350.19,275.0,401.74,379.64,23
14,player,240,0,0,354.52,273.97,406.07,378.61,23
14,player,241,0,0,358.85,272.93,410.4,377.58,23
14,player,242,0,0,363.17,271.9,414.73,376.54,23
14,player,243,0,0,367.5,270.87,419.05,375.51,23
14,player,244,0,0,371.83,269.84,423.38,374.48,23
14,player,245,0,0,376.16,268.8,427.71,373.45,23
14,player,246,0,0,380.49,267.77,432.04,372.41,23
14,player,247,0,0,384.81,266.74,436.37,371.38,23
14,player,248,0,0,389.14,265.71,440.69,370.35,23
14,player,249,0,0,393.47,264.67,445.02,369.32,23
14,player,250,0,0,397.8,263.64,449.35,368.28,23
14,player,251,0,0,402.13,262.61,453.68,367.25,23
14,player,252,0,0,406.45,261.57,458.0,366.22,23
14,player,253,0,0,410.78,260.54,462.33,365.18,23
14,player,254,0,0,415.11,259.51,466.66,364.15,23
14,player,255,0,0,419.44,258.48,470.99,363.12,23
14,player,256,0,0,423.76,257.44,475.32,362.09,23
14,player,257,0,0,428.09,256.41,479.64,361.05,23
14,player,258,0,0,432.42,255.38,483.97,360.02,23
14,player,259,0,0,436.75,254.35,488.3,358.99,23
14,player,260,0,0,441.08,253.31,492.63,357.95,23
14,player,261,0,0,445.4,252.28,496.95,356.92,23
14,player,262,0,0,449.73,251.25,501.28,355.89,23
14,player,263,0,0,454.06,250.21,505.61,354.86,23
14,player,264,0,0,458.39,249.18,509.94,353.82,23
14,player,265,0,0,462.71,248.15,514.27,352.79,23
14,player,266,0,0,467.04,247.12,518.59,351.76,23
14,player,267,0,0,471.37,246.08,522.92,350.73,23
14,player,268,0,0,475.7,245.05,527.25,349.69,23
14,player,269,0,0,480.03,244.02,531.58,348.66,23
14,player,270,0,0,482.0,243.71,533.55,348.36,23
14,player,271,0,0,483.98,243.41,535.53,348.05,23
14,player,272,0,0,485.96,243.11,537.51,347.75,23
14,player,273,0,0,487.93,242.8,539.48,347.44,23
14,player,274,0,0,489.91,242.5,541.46,347.14,23
14,player,275,0,0,491.89,242.19,543.44,346.84,23
14,player,276,0,0,493.86,241.89,545.41,346.53,23
14,player,277,0,0,495.84,241.58,547.39,346.23,23
14,player,278,0,0,497.82,241.28,549.37,345.92,23
14,player,279,0,0,499.79,240.98,551.35,345.62,23
14,player,280,0,0,501.77,240.67,553.32,345.31,23
14,player,281,0,0,503.75,240.37,555.3,345.01,23
14,player,282,0,0,505.72,240.06,557.28,344.71,23
14,player,283,0,0,507.7,239.76,559.25,344.4,23
14,player,284,0,0,509.68,239.46,561.23,344.1,23
14,player,285,0,0,511.65,239.15,563.21,343.79,23
14,player,286,0,0,513.63,238.85,565.18,343.49,23
14,player,287,0,0,515.61,238.54,567.16,343.19,23
14,player,288,0,0,517.58,238.24,569.14,342.88,23
14,player,289,0,0,519.56,237.94,571.11,342.58,23
14,player,290,0,0,521.54,237.63,573.09,342.27,23
14,player,291,0,0,523.52,237.33,575.07,341.97,23
14,player,292,0,0,525.49,237.02,577.04,341.67,23
14,player,293,0,0,527.47,236.72,579.02,341.36,23
14,player,294,0,0,527.15,236.09,578.7,340.73,23
14,player,295,0,0,526.84,235.46,578.39,340.1,23
14,player,296,0,0,526.52,234.83,578.07,339.47,23
14,player,297,0,0,526.21,234.19,577.76,338.84,23
14,player,298,0,0,525.89,233.56,577.44,338.21,23
14,player,299,0,0,525.58,232.93,577.13,337.57,23
14,player,300,0,0,525.26,232.3,576.81,336.94,23
14,player,301,0,0,524.94,231.67,576.5,336.31,23
14,player,302,0,0,524.63,231.04,576.18,335.68,23
14,player,303,0,0,524.31,230.41,575.87,335.05,23
14,player,304,0,0,524.0,229.78,575.55,334.42,23
14,player,305,0,0,523.68,229.15,575.23,333.79,23
14,player,306,0,0,523.37,228.52,574.92,333.16,23
14,player,307,0,0,523.05,227.88,574.6,332.53,23
14,player,308,0,0,522.74,227.25,574.29,331.9,23
14,player,309,0,0,522.42,226.62,573.97,331.26,23
14,player,310,0,0,522.11,225.99,573.66,330.63,23
14,player,311,0,0,521.79,225.36,573.34,330.0,23
14,player,312,0,0,521.47,224.73,573.03,329.37,23
14,player,313,0,0,521.16,224.1,572.71,328.74,23
14,player,314,0,0,520.84,223.47,572.39,328.11,23
14,player,315,0,0,520.53,222.84,572.08,327.48,23
14,player,316,0,0,520.21,222.2,571.76,326.85,23
14,player,317,0,0,519.9,221.57,571.45,326.22,23
14,player,318,0,0,519.58,220.94,571.13,325.58,23
14,player,319,0,0,515.15,220.94,566.7,325.58,23
14,player,320,0,0,510.72,220.94,562.28,325.58,23
14,player,321,0,0,506.3,220.94,557.85,325.58,23
14,player,322,0,0,501.87,220.94,553.42,325.58,23
14,player,323,0,0,497.44,220.94,548.99,325.58,23
14,player,324,0,0,493.01,220.94,544.56,325.58,23
14,player,325,0,0,488.58,220.94,540.13,325.58,23
14,player,326,0,0,484.15,220.94,535.71,325.58,23
14,player,327,0,0,479.73,220.94,531.28,325.58,23
14,player,328,0,0,475.3,220.94,526.85,325.58,23
14,player,329,0,0,470.87,220.94,522.42,325.58,23
14,player,330,0,0,466.44,220.94,517.99,325.58,23
14,player,331,0,0,462.01,220.94,513.56,325.58,23
14,player,332,0,0,457.58,220.94,509.13,325.58,23
14,player,333,0,0,453.16,220.94,504.71,325.58,23
14,player,334,0,0,448.73,220.94,500.28,325.58,23
14,player,335,0,0,444.3,220.94,495.85,325.58,23
14,player,336,0,0,439.87,220.94,491.42,325.58,23
14,player,337,0,0,435.44,220.94,486.99,325.58,23
14,player,338,0,0,431.01,220.94,482.56,325.58,23
14,player,339,0,0,426.58,220.94,478.14,325.58,23
14,player,340,0,0,422.16,220.94,473.71,325.58,23
14,player,341,0,0,417.73,220.94,469.28,325.58,23
14,player,342,0,0,413.3,220.94,464.85,325.58,23
14,player,343,0,0,408.87,220.94,460.42,325.58,23
14,player,344,0,0,404.44,220.94,455.99,325.58,23
14,player,345,0,0,400.01,220.94,451.57,325.58,23
14,player,346,0,0,395.59,220.94,447.14,325.58,23
14,player,347,0,0,391.16,220.94,442.71,325.58,23
14,player,348,0,0,386.73,220.94,438.28,325.58,23
14,player,349,0,0,382.3,220.94,433.85,325.58,23
14,player,350,0,0,377.87,220.94,429.42,325.58,23
14,player,351,0,0,373.44,220.94,425.0,325.58,23
14,player,352,0,0,369.02,220.94,420.57,325.58,23
14,player,353,0,0,364.59,220.94,416.14,325.58,23
14,player,354,0,0,360.16,220.94,411.71,325.58,23
14,player,355,0,0,355.73,220.94,407.28,325.58,23
14,player,356,0,0,351.3,220.94,402.85,325.58,23
14,player,357,0,0,345.65,221.33,397.2,325.97,23
14,player,358,0,0,339.99,221.72,391.54,326.36,23
14,player,359,0,0,334.34,222.11,385.89,326.75,23
14,player,360,0,0,328.68,222.5,380.23,327.15,23
14,player,361,0,0,323.02,222.89,374.58,327.54,23
14,player,362,0,0,317.37,223.28,368.92,327.93,23
14,player,363,0,0,311.71,223.67,363.27,328.32,23
14,player,364,0,0,306.06,224.06,357.61,328.71,23
14,player,365,0,0,300.4,224.45,351.95,329.1,23
14,player,366,0,0,294.75,224.84,346.3,329.49,23
14,player,367,0,0,289.09,225.23,340.64,329.88,23
14,player,368,0,0,283.44,225.62,334.99,330.27,23
14,player,369,0,0,277.78,226.01,329.33,330.66,23
14,player,370,0,0,272.13,226.4,323.68,331.05,23
14,player,371,0,0,266.47,226.79,318.02,331.44,23
14,player,372,0,0,260.81,227.18,312.37,331.83,23
14,player,373,0,0,255.16,227.57,306.71,332.22,23
14,player,374,0,0,249.5,227.96,301.06,332.61,23
14,player,375,0,0,243.85,228.35,295.4,333.0,23
14,player,376,0,0,238.19,228.74,289.74,333.39,23
14,player,377,0,0,232.54,229.13,284.09,333.78,23
14,player,378,0,0,226.88,229.52,278.43,334.17,23
14,player,379,0,0,221.23,229.91,272.78,334.56,23
14,player,380,0,0,215.57,230.3,267.12,334.95,23
14,player,381,0,0,209.92,230.69,261.47,335.34,23
14,player,382,0,0,204.26,231.08,255.81,335.73,23
14,player,383,0,0,204.26,231.08,255.81,335.73,23
14,player,384,0,0,204.26,231.08,255.81,335.73,23
14,player,385,0,0,204.26,231.08,255.81,335.73,23
14,player,386,0,0,204.26,231.08,255.81,335.73,23
14,player,387,0,0,204.26,231.08,255.81,335.73,23
14,player,388,0,0,204.26,231.08,255.81,335.73,23
14,player,389,0,0,204.26,231.08,255.81,335.73,23
14,player,390,0,0,204.26,231.08,255.81,335.73,23
14,player,391,0,0,204.26,231.08,255.81,335.73,23
14,player,392,0,0,204.26,231.08,255.81,335.73,23
14,player,393,0,0,204.26,231.08,255.81,335.73,23
14,player,394,0,0,204.26,231.08,255.81,335.73,23
14,player,395,0,0,204.26,231.08,255.81,335.73,23
14,player,396,0,0,204.26,231.08,255.81,335.73,23
14,player,397,0,0,204.26,231.08,255.81,335.73,23
14,player,398,0,0,204.26,231.08,255.81,335.73,23
14,player,399,0,0,204.26,231.08,255.81,335.73,23
14,player,400,0,0,204.26,231.08,255.81,335.73,23
14,player,401,0,0,204.26,231.08,255.81,335.73,23
14,player,402,0,0,204.26,231.08,255.81,335.73,23
14,player,403,0,0,204.26,231.08,255.81,335.73,23
14,player,404,0,0,204.26,231.08,255.81,335.73,23
14,player,405,0,0,204.26,231.08,255.81,335.73,23
14,player,406,0,0,204.26,231.08,255.81,335.73,23
14,player,407,0,0,204.26,231.08,255.81,335.73,23
14,player,408,0,0,204.26,231.08,255.81,335.73,23
14,player,409,0,0,204.26,231.08,255.81,335.73,23
14,player,410,0,0,204.26,231.08,255.81,335.73,23
14,player,411,0,0,204.26,231.08,255.81,335.73,23
14,player,412,0,0,204.26,231.08,255.81,335.73,23
14,player,413,0,0,204.26,231.08,255.81,335.73,23
14,player,414,0,0,204.26,231.08,255.81,335.73,23
14,player,415,0,0,204.26,231.08,255.81,335.73,23
14,player,416,0,0,204.26,231.08,255.81,335.73,23
14,player,417,0,0,204.26,231.08,255.81,335.73,23
14,player,418,0,0,204.26,231.08,255.81,335.73,23
14,player,419,0,0,204.26,231.08,255.81,335.73,23
14,player,420,1,0,204.26,231.08,255.81,335.73,23
15,player,28,0,0,1697.12,289.15,1765.49,403.65,11
15,player,29,0,0,1695.58,289.11,1763.88,403.6,11
15,player,30,0,0,1694.05,289.06,1762.28,403.56,11
15,player,31,0,0,1692.52,289.01,1760.68,403.51,11
15,player,32,0,0,1690.98,288.97,1759.08,403.46,11
15,player,33,0,0,1689.45,288.92,1757.48,403.42,11
15,player,34,0,0,1687.92,288.87,1755.88,403.37,11
15,player,35,0,0,1686.38,288.83,1754.27,403.33,11
15,player,36,0,0,1684.85,288.78,1752.67,403.28,11
15,player,37,0,0,1683.32,288.74,1751.07,403.24,11
15,player,38,0,0,1681.78,288.69,1749.47,403.19,11
15,player,39,0,0,1680.25,288.64,1747.87,403.14,11
15,player,40,0,0,1678.71,288.6,1746.26,403.1,11
15,player,41,0,0,1677.18,288.55,1744.66,403.05,11
15,player,42,0,0,1675.65,288.5,1743.06,403.01,11
15,player,43,0,0,1674.11,288.46,1741.46,402.96,11
15,player,44,0,0,1672.58,288.41,1739.86,402.92,11
15,player,45,0,0,1671.05,288.37,1738.26,402.87,11
15,player,46,0,0,1669.51,288.32,1736.65,402.82,11
15,player,47,0,0,1667.98,288.27,1735.05,402.78,11
15,player,48,0,0,1666.45,288.23,1733.45,402.73,11
15,player,49,0,0,1664.91,288.18,1731.85,402.69,11
15,player,50,0,0,1663.38,288.13,1730.25,402.64,11
15,player,51,0,0,1661.85,288.09,1728.64,402.59,11
15,player,52,0,0,1660.31,288.04,1727.04,402.55,11
15,player,53,0,0,1658.78,287.99,1725.44,402.5,11
15,player,54,0,0,1657.24,287.95,1723.84,402.46,11
15,player,55,0,0,1655.71,287.9,1722.24,402.41,11
15,player,56,0,0,1654.18,287.86,1720.64,402.37,11
15,player,57,0,0,1652.64,287.81,1719.03,402.32,11
15,player,58,0,0,1651.11,287.76,1717.43,402.27,11
15,player,59,0,0,1649.58,287.72,1715.83,402.23,11
15,player,60,0,0,1648.04,287.67,1714.23,402.18,11
15,player,61,0,0,1646.51,287.62,1712.63,402.14,11
15,player,62,0,0,1644.98,287.58,1711.03,402.09,11
15,player,63,0,0,1643.44,287.53,1709.42,402.05,11
15,player,64,0,0,1641.91,287.49,1707.82,402.0,11
15,player,65,0,0,1640.38,287.44,1706.22,401.95,11
15,player,66,0,0,1638.84,287.39,1704.62,401.91,11
15,player,67,0,0,1637.31,287.35,1703.02,401.86,11
15,player,68,0,0,1635.78,287.3,1701.41,401.82,11
15,player,69,0,0,1634.24,287.25,1699.81,401.77,11
15,player,70,0,0,1632.71,287.21,1698.21,401.72,11
15,player,71,0,0,1631.17,287.16,1696.61,401.68,11
15,player,72,0,0,1629.64,287.12,1695.01,401.63,11
15,player,73,0,0,1628.11,287.07,1693.41,401.59,11
15,player,74,0,0,1626.57,287.02,1691.8,401.54,11
15,player,75,0,0,1625.04,286.98,1690.2,401.5,11
15,player,76,0,0,1623.51,286.93,1688.6,401.45,11
15,player,77,0,0,1621.97,286.88,1687.0,401.4,11
15,player,78,0,0,1620.44,286.84,1685.4,401.36,11
15,player,79,0,0,1618.91,286.79,1683.79,401.31,11
15,player,80,0,0,1617.37,286.75,1682.19,401.27,11
15,player,81,0,0,1615.84,286.7,1680.59,401.22,11
15,player,82,0,0,1614.31,286.65,1678.99,401.18,11
15,player,83,0,0,1612.77,286.61,1677.39,401.13,11
15,player,84,0,0,1611.24,286.56,1675.79,401.08,11
15,player,85,0,0,1609.7,286.51,1674.18,401.04,11
15,player,86,0,0,1608.17,286.47,1672.58,400.99,11
15,player,87,0,0,1606.64,286.42,1670.98,400.95,11
15,player,88,0,0,1605.1,286.38,1669.38,400.9,11
15,player,89,0,0,1603.57,286.33,1667.78,400.85,11
15,player,90,0,0,1602.04,286.28,1666.18,400.81,11
15,player,91,0,0,1600.5,286.24,1664.57,400.76,11
15,player,92,0,0,1598.97,286.19,1662.97,400.72,11
15,player,93,0,0,1597.44,286.14,1661.37,400.67,11
15,player,94,0,0,1595.9,286.1,1659.77,400.63,11
15,player,95,0,0,1594.37,286.05,1658.17,400.58,11
15,player,96,0,0,1592.84,286.01,1656.56,400.53,11
15,player,97,0,0,1591.3,285.96,1654.96,400.49,11
15,player,98,0,0,1589.77,285.91,1653.36,400.44,11
15,player,99,0,0,1588.24,285.87,1651.76,400.4,11
15,player,100,0,0,1586.7,285.82,1650.16,400.35,11
15,player,101,0,0,1585.17,285.77,1648.56,400.31,11
15,player,102,0,0,1583.63,285.73,1646.95,400.26,11
15,player,103,0,0,1582.1,285.68,1645.35,400.21,11
15,player,104,0,0,1580.57,285.64,1643.75,400.17,11
15,player,105,0,0,1579.03,285.59,1642.15,400.12,11
15,player,106,0,0,1577.5,285.54,1640.55,400.08,11
15,player,107,0,0,1575.97,285.5,1638.94,400.03,11
15,player,108,0,0,1574.43,285.45,1637.34,399.98,11
15,player,109,0,0,1572.9,285.4,1635.74,399.94,11
15,player,110,0,0,1571.37,285.36,1634.14,399.89,11
15,player,111,0,0,1569.83,285.31,1632.54,399.85,11
15,player,112,0,0,1568.3,285.27,1630.94,399.8,11
15,player,113,0,0,1566.77,285.22,1629.33,399.76,11
15,player,114,0,0,1565.23,285.17,1627.73,399.71,11
15,player,115,0,0,1563.7,285.13,1626.13,399.66,11
15,player,116,0,0,1562.16,285.08,1624.53,399.62,11
15,player,117,0,0,1560.63,285.03,1622.93,399.57,11
15,player,118,0,0,1559.1,284.99,1621.33,399.53,11
15,player,119,0,0,1557.56,284.94,1619.72,399.48,11
15,player,120,0,0,1556.03,284.9,1618.12,399.44,11
15,player,121,0,0,1554.5,284.85,1616.52,399.39,11
15,player,122,0,0,1552.96,284.8,1614.92,399.34,11
15,player,123,0,0,1551.43,284.76,1613.32,399.3,11
15,player,124,0,0,1549.9,284.71,1611.71,399.25,11
15,player,125,0,0,1548.36,284.66,1610.11,399.21,11
15,player,126,0,0,1546.83,284.62,1608.51,399.16,11
15,player,127,0,0,1545.3,284.57,1606.91,399.12,11
15,player,128,0,0,1543.76,284.53,1605.31,399.07,11
15,player,129,0,0,1542.23,284.48,1603.71,399.02,11
15,player,130,0,0,1540.7,284.43,1602.1,398.98,11
15,player,131,0,0,1539.16,284.39,1600.5,398.93,11
15,player,132,0,0,1537.63,284.34,1598.9,398.89,11
15,player,133,0,0,1538.85,283.96,1600.12,398.5,11
15,player,134,0,0,1540.07,283.58,1601.34,398.12,11
15,player,135,0,0,1541.29,283.2,1602.56,397.74,11
15,player,136,0,0,1542.51,282.82,1603.78,397.36,11
15,player,137,0,0,1543.73,282.43,1605.0,396.98,11
15,player,138,0,0,1544.95,282.05,1606.22,396.6,11
15,player,139,0,0,1546.17,281.67,1607.44,396.22,11
15,player,140,0,0,1547.39,281.29,1608.66,395.84,11
15,player,141,0,0,1548.61,280.91,1609.88,395.45,11
15,player,142,0,0,1549.83,280.53,1611.1,395.07,11
15,player,143,0,0,1551.05,280.15,1612.32,394.69,11
15,player,144,0,0,1552.27,279.77,1613.54,394.31,11
15,player,145,0,0,1553.49,279.38,1614.76,393.93,11
15,player,146,0,0,1554.71,279.0,1615.98,393.55,11
15,player,147,0,0,1555.93,278.62,1617.2,393.17,11
15,player,148,0,0,1557.15,278.24,1618.42,392.79,11
15,player,149,0,0,1558.37,277.86,1619.64,392.4,11
15,player,150,0,0,1559.59,277.48,1620.86,392.02,11
15,player,151,0,0,1560.81,277.1,1622.08,391.64,11
15,player,152,0,0,1562.03,276.72,1623.3,391.26,11
15,player,153,0,0,1563.25,276.33,1624.52,390.88,11
15,player,154,0,0,1564.47,275.95,1625.74,390.5,11
15,player,155,0,0,1565.69,275.57,1626.96,390.12,11
15,player,156,0,0,1566.91,275.19,1628.18,389.74,11
15,player,157,0,0,1568.13,274.81,1629.4,389.35,11
15,player,158,0,0,1569.35,274.43,1630.62,388.97,11
15,player,159,0,0,1570.57,274.05,1631.84,388.59,11
15,player,160,0,0,1571.79,273.67,1633.06,388.21,11
15,player,161,0,0,1573.01,273.28,1634.28,387.83,11
15,player,162,0,0,1574.23,272.9,1635.5,387.45,11
15,player,163,0,0,1575.45,272.52,1636.72,387.07,11
15,player,164,0,0,1576.67,272.14,1637.94,386.69,11
15,player,165,0,0,1577.89,271.76,1639.16,386.3,11
15,player,166,0,0,1579.11,271.38,1640.38,385.92,11
15,player,167,0,0,1580.33,271.0,1641.6,385.54,11
15,player,168,0,0,1581.55,270.62,1642.82,385.16,11
15,player,169,0,0,1582.77,270.23,1644.04,384.78,11
15,player,170,0,0,1583.99,269.85,1645.26,384.4,11
15,player,171,0,0,1591.85,269.85,1653.12,384.4,11
15,player,172,0,0,1599.71,269.85,1660.98,384.4,11
15,player,173,0,0,1607.57,269.85,1668.84,384.4,11
15,player,174,0,0,1615.43,269.85,1676.7,384.4,11
15,player,175,0,0,1623.29,269.85,1684.56,384.4,11
15,player,176,0,0,1631.15,269.85,1692.42,384.4,11
15,player,177,0,0,1639.01,269.85,1700.28,384.4,11
15,player,178,0,0,1646.87,269.85,1708.14,384.4,11
15,player,179,0,0,1654.72,269.85,1716.0,384.4,11
15,player,180,0,0,1662.58,269.85,1723.86,384.4,11
15,player,181,0,0,1671.39,269.97,1732.67,384.52,11
15,player,182,0,0,1680.2,270.1,1741.47,384.64,11
15,player,183,0,0,1689.01,270.22,1750.28,384.76,11
15,player,184,0,0,1697.82,270.34,1759.09,384.89,11
15,player,185,0,0,1706.63,270.46,1767.9,385.01,11
15,player,186,0,0,1715.44,270.59,1776.71,385.13,11
15,player,187,0,0,1724.25,270.71,1785.52,385.25,11
15,player,188,0,0,1733.06,270.83,1794.33,385.38,11
15,player,189,0,0,1741.87,270.95,1803.14,385.5,11
15,player,190,0,0,1750.68,271.08,1811.95,385.62,11
15,player,191,0,0,1759.48,271.2,1820.76,385.74,11
15,player,192,0,0,1768.29,271.32,1829.57,385.87,11
15,player,193,0,0,1777.1,271.44,1838.37,385.99,11
15,player,194,0,0,1785.91,271.57,1847.18,386.11,11
15,player,195,0,0,1794.72,271.69,1855.99,386.23,11
15,player,196,0,0,1803.53,271.81,1864.8,386.36,11
15,player,197,0,0,1812.34,271.93,1873.61,386.48,11
15,player,198,0,0,1821.15,272.05,1882.42,386.6,11
15,player,199,0,0,1829.96,272.18,1891.23,386.72,11
15,player,200,0,0,1838.77,272.3,1900.04,386.84,11
15,player,201,0,0,1847.58,272.42,1908.85,386.97,11
15,player,202,0,0,1856.38,272.54,1917.66,387.09,11
15,player,203,0,0,1856.38,272.54,1917.66,387.09,11
15,player,204,0,0,1856.38,272.54,1917.66,387.09,11
15,player,205,0,0,1856.38,272.54,1917.66,387.09,11
15,player,206,0,0,1856.38,272.54,1917.66,387.09,11
15,player,207,0,0,1856.38,272.54,1917.66,387.09,11
15,player,208,0,0,1856.38,272.54,1917.66,387.09,11
15,player,209,0,0,1856.38,272.54,1917.66,387.09,11
15,player,210,0,0,1856.38,272.54,1917.66,387.09,11
15,player,211,0,0,1856.38,272.54,1917.66,387.09,11
15,player,212,0,0,1856.38,272.54,1917.66,387.09,11
15,player,213,0,0,1856.38,272.54,1917.66,387.09,11
15,player,214,0,0,1856.38,272.54,1917.66,387.09,11
15,player,215,0,0,1856.38,272.54,1917.66,387.09,11
15,player,216,1,0,1856.38,272.54,1917.66,387.09,11
16,player,28,0,0,1764.4,194.5,1819.79,306.39,-1
16,player,29,0,0,1764.78,194.91,1820.17,306.81,-1
16,player,30,0,0,1765.17,195.32,1820.56,307.22,-1
16,player,31,0,0,1765.55,195.74,1820.94,307.63,-1
16,player,32,0,0,1765.94,196.15,1821.32,308.04,-1
16,player,33,0,0,1766.32,196.56,1821.71,308.45,-1
16,player,34,0,0,1766.71,196.97,1822.09,308.86,-1
16,player,35,0,0,1767.09,197.38,1822.48,309.28,-1
16,player,36,0,0,1767.47,197.79,1822.86,309.69,-1
16,player,37,0,0,1767.86,198.21,1823.24,310.1,-1
16,player,38,0,0,1768.24,198.62,1823.63,310.51,-1
16,player,39,0,0,1768.63,199.03,1824.01,310.92,-1
16,player,40,0,0,1769.01,199.44,1824.4,311.33,-1
16,player,41,0,0,1769.39,199.85,1824.78,311.75,-1
16,player,42,0,0,1769.78,200.26,1825.17,312.16,-1
16,player,43,0,0,1770.16,200.68,1825.55,312.57,-1
16,player,44,0,0,1770.55,201.09,1825.93,312.98,-1
16,player,45,0,0,1770.93,201.5,1826.32,313.39,-1
16,player,46,0,0,1771.32,201.91,1826.7,313.8,-1
16,player,47,0,0,1771.7,202.32,1827.09,314.22,-1
16,player,48,0,0,1772.08,202.73,1827.47,314.63,-1
16,player,49,0,0,1772.47,203.15,1827.86,315.04,-1
16,player,50,0,0,1772.85,203.56,1828.24,315.45,-1
16,player,51,0,0,1773.24,203.97,1828.62,315.86,-1
16,player,52,0,0,1773.62,204.38,1829.01,316.27,-1
16,player,53,0,0,1774.01,204.79,1829.39,316.69,-1
16,player,54,0,0,1774.39,205.2,1829.78,317.1,-1
16,player,55,0,0,1774.77,205.62,1830.16,317.51,-1
16,player,56,0,0,1775.16,206.03,1830.54,317.92,-1
16,player,57,0,0,1775.54,206.44,1830.93,318.33,-1
16,player,58,0,0,1775.93,206.85,1831.31,318.74,-1
16,player,59,0,0,1776.31,207.26,1831.7,319.16,-1
16,player,60,0,0,1776.69,207.67,1832.08,319.57,-1
16,player,61,0,0,1777.08,208.09,1832.47,319.98,-1
16,player,62,0,0,1777.46,208.5,1832.85,320.39,-1
16,player,63,0,0,1777.85,208.91,1833.23,320.8,-1
16,player,64,0,0,1778.23,209.32,1833.62,321.21,-1
16,player,65,0,0,1778.62,209.73,1834.0,321.63,-1
16,player,66,0,0,1779.0,210.14,1834.39,322.04,-1
16,player,67,0,0,1779.38,210.56,1834.77,322.45,-1
16,player,68,0,0,1779.77,210.97,1835.15,322.86,-1
16,player,69,0,0,1780.15,211.38,1835.54,323.27,-1
16,player,70,0,0,1780.54,211.79,1835.92,323.68,-1
16,player,71,0,0,1780.92,212.2,1836.31,324.1,-1
16,player,72,0,0,1781.31,212.61,1836.69,324.51,-1
16,player,73,0,0,1781.69,213.03,1837.08,324.92,-1
16,player,74,0,0,1782.07,213.44,1837.46,325.33,-1
16,player,75,0,0,1782.46,213.85,1837.84,325.74,-1
16,player,76,0,0,1782.84,214.26,1838.23,326.15,-1
16,player,77,0,0,1783.23,214.67,1838.61,326.57,-1
16,player,78,0,0,1783.61,215.08,1839.0,326.98,-1
16,player,79,0,0,1783.99,215.5,1839.38,327.39,-1
16,player,80,0,0,1784.38,215.91,1839.77,327.8,-1
16,player,81,0,0,1784.76,216.32,1840.15,328.21,-1
16,player,82,0,0,1785.15,216.73,1840.53,328.62,-1
16,player,83,0,0,1785.53,217.14,1840.92,329.04,-1
16,player,84,0,0,1785.92,217.55,1841.3,329.45,-1
16,player,85,0,0,1786.3,217.97,1841.69,329.86,-1
16,player,86,0,0,1786.68,218.38,1842.07,330.27,-1
16,player,87,0,0,1787.07,218.79,1842.45,330.68,-1
16,player,88,0,0,1787.45,219.2,1842.84,331.09,-1
16,player,89,0,0,1787.84,219.61,1843.22,331.51,-1
16,player,90,0,0,1788.22,220.02,1843.61,331.92,-1
16,player,91,0,0,1788.6,220.44,1843.99,332.33,-1
16,player,92,0,0,1788.99,220.85,1844.38,332.74,-1
16,player,93,0,0,1789.37,221.26,1844.76,333.15,-1
16,player,94,0,0,1789.76,221.67,1845.14,333.56,-1
16,player,95,0,0,1790.14,222.08,1845.53,333.98,-1
16,player,96,0,0,1790.53,222.49,1845.91,334.39,-1
16,player,97,0,0,1790.91,222.91,1846.3,334.8,-1
16,player,98,0,0,1791.29,223.32,1846.68,335.21,-1
16,player,99,0,0,1791.68,223.73,1847.07,335.62,-1
16,player,100,0,0,1792.06,224.14,1847.45,336.03,-1
16,player,101,0,0,1792.45,224.55,1847.83,336.45,-1
16,player,102,0,0,1792.83,224.96,1848.22,336.86,-1
16,player,103,0,0,1793.22,225.38,1848.6,337.27,-1
16,player,104,0,0,1793.6,225.79,1848.99,337.68,-1
16,player,105,0,0,1793.98,226.2,1849.37,338.09,-1
16,player,106,0,0,1794.37,226.61,1849.75,338.5,-1
16,player,107,0,0,1794.75,227.02,1850.14,338.92,-1
16,player,108,0,0,1795.14,227.43,1850.52,339.33,-1
16,player,109,0,0,1795.52,227.85,1850.91,339.74,-1
16,player,110,0,0,1795.9,228.26,1851.29,340.15,-1
16,player,111,0,0,1796.29,228.67,1851.68,340.56,-1
16,player,112,0,0,1796.67,229.08,1852.06,340.97,-1
16,player,113,0,0,1797.06,229.49,1852.44,341.39,-1
16,player,114,0,0,1797.44,229.9,1852.83,341.8,-1
16,player,115,0,0,1797.83,230.32,1853.21,342.21,-1
16,player,116,0,0,1798.21,230.73,1853.6,342.62,-1
16,player,117,0,0,1798.59,231.14,1853.98,343.03,-1
16,player,118,0,0,1798.98,231.55,1854.37,343.44,-1
16,player,119,0,0,1799.36,231.96,1854.75,343.86,-1
16,player,120,0,0,1799.75,232.37,1855.13,344.27,-1
16,player,121,0,0,1800.13,232.79,1855.52,344.68,-1
16,player,122,0,0,1800.52,233.2,1855.9,345.09,-1
16,player,123,0,0,1800.9,233.61,1856.29,345.5,-1
16,player,124,0,0,1801.28,234.02,1856.67,345.91,-1
16,player,125,0,0,1801.67,234.43,1857.05,346.33,-1
16,player,126,0,0,1802.05,234.84,1857.44,346.74,-1
16,player,127,0,0,1802.44,235.26,1857.82,347.15,-1
16,player,128,0,0,1802.82,235.67,1858.21,347.56,-1
16,player,129,0,0,1803.2,236.08,1858.59,347.97,-1
16,player,130,0,0,1803.59,236.49,1858.98,348.38,-1
16,player,131,0,0,1803.97,236.9,1859.36,348.8,-1
16,player,132,0,0,1804.36,237.31,1859.74,349.21,-1
16,player,133,0,0,1804.36,237.31,1859.74,349.21,-1
16,player,134,0,0,1804.36,237.31,1859.74,349.21,-1
16,player,135,0,0,1804.36,237.31,1859.74,349.21,-1
16,player,136,0,0,1804.36,237.31,1859.74,349.21,-1
16,player,137,0,0,1804.36,237.31,1859.74,349.21,-1
16,player,138,0,0,1804.36,237.31,1859.74,349.21,-1
16,player,139,0,0,1804.36,237.31,1859.74,349.21,-1
16,player,140,0,0,1804.36,237.31,1859.74,349.21,-1
16,player,141,0,0,1804.36,237.31,1859.74,349.21,-1
16,player,142,0,0,1804.36,237.31,1859.74,349.21,-1
16,player,143,0,0,1804.36,237.31,1859.74,349.21,-1
16,player,144,0,0,1804.36,237.31,1859.74,349.21,-1
16,player,145,0,0,1804.36,237.31,1859.74,349.21,-1
16,player,146,0,0,1804.36,237.31,1859.74,349.21,-1
16,player,147,0,0,1804.36,237.31,1859.74,349.21,-1
16,player,148,0,0,1804.36,237.31,1859.74,349.21,-1
16,player,149,0,0,1804.36,237.31,1859.74,349.21,-1
16,player,150,0,0,1804.36,237.31,1859.74,349.21,-1
16,player,151,0,0,1804.36,237.31,1859.74,349.21,-1
16,player,152,0,0,1804.36,237.31,1859.74,349.21,-1
16,player,153,0,0,1804.36,237.31,1859.74,349.21,-1
16,player,154,0,0,1804.36,237.31,1859.74,349.21,-1
16,player,155,0,0,1804.36,237.31,1859.74,349.21,-1
16,player,156,0,0,1804.36,237.31,1859.74,349.21,-1
16,player,157,0,0,1804.36,237.31,1859.74,349.21,-1
16,player,158,0,0,1804.36,237.31,1859.74,349.21,-1
16,player,159,0,0,1804.36,237.31,1859.74,349.21,-1
16,player,160,0,0,1804.36,237.31,1859.74,349.21,-1
16,player,161,0,0,1804.36,237.31,1859.74,349.21,-1
16,player,162,0,0,1804.36,237.31,1859.74,349.21,-1
16,player,163,0,0,1804.36,237.31,1859.74,349.21,-1
16,player,164,0,0,1804.36,237.31,1859.74,349.21,-1
16,player,165,0,0,1804.36,237.31,1859.74,349.21,-1
16,player,166,0,0,1804.36,237.31,1859.74,349.21,-1
16,player,167,0,0,1804.36,237.31,1859.74,349.21,-1
16,player,168,0,0,1804.36,237.31,1859.74,349.21,-1
16,player,169,0,0,1804.36,237.31,1859.74,349.21,-1
16,player,170,1,0,1804.36,237.31,1859.74,349.21,-1
17,player,356,0,0,1854.97,236.84,1920.0,351.33,4
17,player,357,0,0,1849.9,252.0,1904.8,353.9,4
17,player,358,0,0,1840.22,252.32,1895.12,354.22,4
17,player,359,0,0,1830.55,252.63,1885.45,354.53,4
17,player,360,0,0,1820.87,252.95,1875.77,354.85,4
17,player,361,0,0,1811.2,253.26,1866.1,355.16,4
17,player,362,0,0,1801.52,253.58,1856.42,355.48,4
17,player,363,0,0,1791.84,253.89,1846.74,355.79,4
17,player,364,0,0,1782.17,254.21,1837.07,356.11,4
17,player,365,0,0,1772.49,254.52,1827.39,356.42,4
17,player,366,0,0,1762.82,254.84,1817.72,356.74,4
17,player,367,0,0,1753.14,255.16,1808.04,357.06,4
17,player,368,0,0,1743.46,255.47,1798.36,357.37,4
17,player,369,0,0,1733.79,255.79,1788.69,357.69,4
17,player,370,0,0,1724.11,256.1,1779.01,358.0,4
17,player,371,0,0,1714.43,256.42,1769.33,358.32,4
17,player,372,0,0,1704.76,256.73,1759.66,358.63,4
17,player,373,0,0,1695.08,257.05,1749.98,358.95,4
17,player,374,0,0,1685.41,257.36,1740.31,359.26,4
17,player,375,0,0,1675.73,257.68,1730.63,359.58,4
17,player,376,0,0,1666.05,257.99,1720.95,359.89,4
17,player,377,0,0,1656.38,258.31,1711.28,360.21,4
17,player,378,0,0,1646.7,258.63,1701.6,360.53,4
17,player,379,0,0,1637.03,258.94,1691.93,360.84,4
17,player,380,0,0,1627.35,259.26,1682.25,361.16,4
17,player,381,0,0,1617.67,259.57,1672.57,361.47,4
17,player,382,0,0,1608.0,259.89,1662.9,361.79,4
17,player,383,0,0,1598.06,259.42,1652.96,361.32,4
17,player,384,0,0,1588.12,258.95,1643.02,360.85,4
17,player,385,0,0,1578.18,258.49,1633.08,360.39,4
17,player,386,0,0,1568.24,258.02,1623.14,359.92,4
17,player,387,0,0,1558.29,257.55,1613.19,359.45,4
17,player,388,0,0,1548.35,257.09,1603.25,358.99,4
17,player,389,0,0,1538.41,256.62,1593.31,358.52,4
17,player,390,0,0,1528.47,256.15,1583.37,358.05,4
17,player,391,0,0,1518.53,255.68,1573.43,357.58,4
17,player,392,0,0,1508.59,255.22,1563.49,357.12,4
17,player,393,0,0,1498.65,254.75,1553.55,356.65,4
17,player,394,0,0,1488.71,254.28,1543.61,356.18,4
17,player,395,0,0,1478.77,253.82,1533.67,355.72,4
17,player,396,0,0,1468.83,253.35,1523.73,355.25,4
17,player,397,0,0,1458.89,252.88,1513.79,354.78,4
17,player,398,0,0,1448.95,252.42,1503.85,354.32,4
17,player,399,0,0,1439.01,251.95,1493.91,353.85,4
17,player,400,0,0,1429.07,251.48,1483.97,353.38,4
17,player,401,0,0,1419.12,251.01,1474.02,352.91,4
17,player,402,0,0,1409.18,250.55,1464.08,352.45,4
17,player,403,0,0,1399.24,250.08,1454.14,351.98,4
17,player,404,0,0,1389.3,249.61,1444.2,351.51,4
17,player,405,0,0,1379.36,249.15,1434.26,351.05,4
17,player,406,0,0,1369.42,248.68,1424.32,350.58,4
17,player,407,0,0,1359.48,248.21,1414.38,350.11,4
17,player,408,0,0,1349.54,247.75,1404.44,349.65,4
17,player,409,0,0,1339.6,247.28,1394.5,349.18,4
17,player,410,0,0,1329.66,246.81,1384.56,348.71,4
17,player,411,0,0,1319.72,246.34,1374.62,348.24,4
17,player,412,0,0,1309.78,245.88,1364.68,347.78,4
17,player,413,0,0,1299.84,245.41,1354.74,347.31,4
17,player,414,0,0,1289.9,244.94,1344.8,346.84,4
17,player,415,0,0,1279.96,244.48,1334.86,346.38,4
17,player,416,0,0,1270.01,244.01,1324.91,345.91,4
17,player,417,0,0,1260.07,243.54,1314.97,345.44,4
17,player,418,0,0,1250.13,243.08,1305.03,344.98,4
17,player,419,0,0,1240.19,242.61,1295.09,344.51,4
17,player,420,0,0,1230.25,242.14,1285.15,344.04,4
17,player,421,0,0,1228.75,242.39,1283.65,344.29,4
17,player,422,0,0,1227.25,242.64,1282.15,344.54,4
17,player,423,0,0,1225.75,242.89,1280.65,344.79,4
17,player,424,0,0,1224.25,243.14,1279.15,345.04,4
17,player,425,0,0,1222.75,243.39,1277.65,345.29,4
17,player,426,0,0,1221.25,243.64,1276.15,345.54,4
17,player,427,0,0,1219.76,243.89,1274.66,345.79,4
17,player,428,0,0,1218.26,244.14,1273.16,346.04,4
17,player,429,0,0,1216.76,244.39,1271.66,346.29,4
17,player,430,0,0,1215.26,244.64,1270.16,346.54,4
17,player,431,0,0,1213.76,244.89,1268.66,346.79,4
17,player,432,0,0,1212.26,245.14,1267.16,347.04,4
17,player,433,0,0,1210.76,245.39,1265.66,347.29,4
17,player,434,0,0,1209.26,245.64,1264.16,347.54,4
17,player,435,0,0,1207.76,245.89,1262.66,347.79,4
17,player,436,0,0,1206.26,246.14,1261.16,348.04,4
17,player,437,0,0,1204.76,246.39,1259.66,348.29,4
17,player,438,0,0,1203.26,246.64,1258.16,348.54,4
17,player,439,0,0,1201.76,246.89,1256.66,348.79,4
17,player,440,0,0,1200.26,247.14,1255.16,349.04,4
17,player,441,0,0,1198.76,247.39,1253.66,349.29,4
17,player,442,0,0,1197.26,247.64,1252.16,349.54,4
17,player,443,0,0,1195.76,247.89,1250.66,349.79,4
17,player,444,0,0,1194.26,248.14,1249.16,350.04,4
17,player,445,0,0,1192.76,248.39,1247.66,350.29,4
17,player,446,0,0,1191.26,248.64,1246.16,350.54,4
17,player,447,0,0,1189.77,248.89,1244.67,350.79,4
17,player,448,0,0,1188.27,249.14,1243.17,351.04,4
17,player,449,0,0,1186.77,249.39,1241.67,351.29,4
17,player,450,0,0,1185.27,249.64,1240.17,351.54,4
17,player,451,0,0,1183.77,249.89,1238.67,351.79,4
17,player,452,0,0,1182.27,250.14,1237.17,352.04,4
17,player,453,0,0,1180.77,250.39,1235.67,352.29,4
17,player,454,0,0,1179.27,250.64,1234.17,352.54,4
17,player,455,0,0,1177.77,250.89,1232.67,352.79,4
17,player,456,0,0,1176.27,251.14,1231.17,353.04,4
17,player,457,0,0,1174.77,251.39,1229.67,353.29,4
17,player,458,0,0,1173.27,251.64,1228.17,353.54,4
17,player,459,0,0,1171.77,251.89,1226.67,353.79,4
17,player,460,0,0,1170.27,252.14,1225.17,354.04,4
17,player,461,0,0,1168.77,252.39,1223.67,354.29,4
17,player,462,0,0,1167.27,252.64,1222.17,354.54,4
17,player,463,0,0,1168.72,253.52,1223.62,355.42,4
17,player,464,0,0,1170.17,254.41,1225.07,356.31,4
17,player,465,0,0,1171.63,255.3,1226.53,357.2,4
17,player,466,0,0,1173.08,256.18,1227.98,358.08,4
17,player,467,0,0,1174.53,257.07,1229.43,358.97,4
17,player,468,0,0,1175.98,257.96,1230.88,359.86,4
17,player,469,0,0,1177.43,258.84,1232.33,360.74,4
17,player,470,0,0,1178.88,259.73,1233.78,361.63,4
17,player,471,0,0,1180.33,260.62,1235.23,362.52,4
17,player,472,0,0,1181.78,261.5,1236.68,363.4,4
17,player,473,0,0,1183.23,262.39,1238.13,364.29,4
17,player,474,0,0,1184.68,263.28,1239.58,365.18,4
17,player,475,0,0,1186.13,264.16,1241.03,366.06,4
17,player,476,0,0,1187.58,265.05,1242.48,366.95,4
17,player,477,0,0,1189.04,265.94,1243.94,367.84,4
17,player,478,0,0,1190.49,266.82,1245.39,368.72,4
17,player,479,0,0,1191.94,267.71,1246.84,369.61,4
17,player,480,0,0,1193.39,268.6,1248.29,370.5,4
17,player,481,0,0,1194.84,269.48,1249.74,371.38,4
17,player,482,0,0,1196.29,270.37,1251.19,372.27,4
17,player,483,0,0,1197.74,271.26,1252.64,373.16,4
17,player,484,0,0,1199.19,272.14,1254.09,374.04,4
17,player,485,0,0,1200.64,273.03,1255.54,374.93,4
17,player,486,0,0,1202.09,273.92,1256.99,375.82,4
17,player,487,0,0,1203.54,274.8,1258.44,376.7,4
17,player,488,0,0,1205.0,275.69,1259.9,377.59,4
17,player,489,0,0,1206.45,276.58,1261.35,378.48,4
17,player,490,0,0,1207.9,277.46,1262.8,379.36,4
17,player,491,0,0,1209.35,278.35,1264.25,380.25,4
17,player,492,0,0,1210.8,279.24,1265.7,381.14,4
17,player,493,0,0,1212.25,280.12,1267.15,382.02,4
17,player,494,0,0,1213.7,281.01,1268.6,382.91,4
17,player,495,0,0,1215.15,281.9,1270.05,383.8,4
17,player,496,0,0,1216.6,282.78,1271.5,384.68,4
17,player,497,0,0,1218.05,283.67,1272.95,385.57,4
17,player,498,0,0,1219.5,284.56,1274.4,386.46,4
17,player,499,0,0,1220.95,285.44,1275.85,387.34,4
17,player,500,0,0,1222.41,286.33,1277.31,388.23,4
17,player,501,0,0,1223.86,287.22,1278.76,389.12,4
17,player,502,0,0,1225.27,288.05,1280.17,389.95,4
17,player,503,0,0,1226.68,288.88,1281.58,390.78,4
17,player,504,0,0,1228.09,289.71,1282.99,391.61,4
17,player,505,0,0,1229.5,290.54,1284.4,392.44,4
17,player,506,0,0,1230.91,291.37,1285.81,393.27,4
17,player,507,0,0,1232.32,292.2,1287.22,394.1,4
17,player,508,0,0,1233.73,293.03,1288.63,394.93,4
17,player,509,0,0,1235.15,293.86,1290.05,395.76,4
17,player,510,0,0,1236.56,294.69,1291.46,396.59,4
17,player,511,0,0,1237.97,295.52,1292.87,397.42,4
17,player,512,0,0,1239.38,296.35,1294.28,398.25,4
17,player,513,0,0,1240.79,297.18,1295.69,399.08,4
17,player,514,0,0,1242.2,298.01,1297.1,399.91,4
17,player,515,0,0,1243.61,298.84,1298.51,400.74,4
17,player,516,0,0,1245.02,299.67,1299.92,401.57,4
17,player,517,0,0,1246.43,300.5,1301.33,402.4,4
17,player,518,0,0,1247.85,301.33,1302.75,403.23,4
17,player,519,0,0,1249.26,302.16,1304.16,404.06,4
17,player,520,0,0,1250.67,302.99,1305.57,404.89,4
17,player,521,0,0,1252.08,303.82,1306.98,405.72,4
17,player,522,0,0,1253.49,304.65,1308.39,406.55,4
17,player,523,0,0,1254.9,305.48,1309.8,407.38,4
17,player,524,0,0,1256.31,306.31,1311.21,408.21,4
17,player,525,0,0,1257.72,307.14,1312.62,409.04,4
17,player,526,0,0,1259.13,307.97,1314.03,409.87,4
17,player,527,0,0,1260.55,308.8,1315.45,410.7,4
17,player,528,0,0,1261.96,309.63,1316.86,411.53,4
17,player,529,0,0,1263.37,310.46,1318.27,412.36,4
17,player,530,0,0,1264.78,311.29,1319.68,413.19,4
17,player,531,0,0,1266.19,312.12,1321.09,414.02,4
17,player,532,0,0,1267.6,312.95,1322.5,414.85,4
17,player,533,0,0,1269.01,313.78,1323.91,415.68,4
17,player,534,0,0,1270.42,314.61,1325.32,416.51,4
17,player,535,0,0,1271.83,315.44,1326.73,417.34,4
17,player,536,0,0,1273.25,316.27,1328.15,418.17,4
17,player,537,0,0,1274.66,317.1,1329.56,419.0,4
17,player,538,0,0,1276.07,317.93,1330.97,419.83,4
17,player,539,0,0,1277.48,318.76,1332.38,420.66,4
17,player,540,0,0,1278.89,319.59,1333.79,421.49,4
17,player,541,0,0,1280.3,320.42,1335.2,422.32,4
17,player,542,0,0,1281.41,321.25,1336.31,423.15,4
17,player,543,0,0,1282.52,322.08,1337.42,423.98,4
17,player,544,0,0,1283.62,322.91,1338.52,424.81,4
17,player,545,0,0,1284.73,323.74,1339.63,425.64,4
17,player,546,0,0,1285.84,324.57,1340.74,426.47,4
17,player,547,0,0,1286.94,325.4,1341.84,427.3,4
17,player,548,0,0,1288.05,326.23,1342.95,428.13,4
17,player,549,0,0,1289.16,327.06,1344.06,428.96,4
17,player,550,0,0,1290.26,327.89,1345.16,429.79,4
17,player,551,0,0,1291.37,328.72,1346.27,430.62,4
17,player,552,0,0,1292.48,329.55,1347.38,431.45,4
17,player,553,0,0,1293.58,330.38,1348.48,432.28,4
17,player,554,0,0,1294.69,331.21,1349.59,433.11,4
17,player,555,0,0,1295.8,332.04,1350.7,433.94,4
17,player,556,0,0,1296.9,332.87,1351.8,434.77,4
17,player,557,0,0,1298.01,333.7,1352.91,435.6,4
17,player,558,0,0,1299.12,334.53,1354.02,436.43,4
17,player,559,0,0,1300.22,335.36,1355.12,437.26,4
17,player,560,0,0,1301.33,336.19,1356.23,438.09,4
17,player,561,0,0,1302.44,337.02,1357.34,438.92,4
17,player,562,0,0,1303.54,337.85,1358.44,439.75,4
17,player,563,0,0,1304.65,338.68,1359.55,440.58,4
17,player,564,0,0,1305.76,339.51,1360.66,441.41,4
17,player,565,0,0,1306.86,340.34,1361.76,442.24,4
17,player,566,0,0,1307.04,341.57,1361.94,443.47,4
17,player,567,0,0,1307.21,342.79,1362.11,444.69,4
17,player,568,0,0,1307.39,344.01,1362.29,445.91,4
17,player,569,0,0,1307.56,345.23,1362.46,447.13,4
17,player,570,0,0,1307.74,346.46,1362.64,448.36,4
17,player,571,0,0,1307.91,347.68,1362.81,449.58,4
17,player,572,0,0,1308.09,348.9,1362.99,450.8,4
17,player,573,0,0,1308.26,350.13,1363.16,452.03,4
17,player,574,0,0,1308.44,351.35,1363.34,453.25,4
17,player,575,0,0,1308.61,352.57,1363.51,454.47,4
17,player,576,0,0,1308.79,353.8,1363.69,455.7,4
17,player,577,0,0,1308.96,355.02,1363.86,456.92,4
17,player,578,0,0,1309.14,356.24,1364.04,458.14,4
17,player,579,0,0,1309.31,357.47,1364.21,459.37,4
17,player,580,0,0,1309.49,358.69,1364.39,460.59,4
17,player,581,0,0,1309.66,359.91,1364.56,461.81,4
17,player,582,0,0,1309.84,361.14,1364.74,463.04,4
17,player,583,0,0,1310.01,362.36,1364.91,464.26,4
17,player,584,0,0,1310.18,363.58,1365.08,465.48,4
17,player,585,0,0,1309.58,365.09,1364.48,466.99,4
17,player,586,0,0,1308.98,366.6,1363.88,468.5,4
17,player,587,0,0,1308.37,368.11,1363.27,470.01,4
17,player,588,0,0,1307.77,369.62,1362.67,471.52,4
17,player,589,0,0,1307.17,371.13,1362.07,473.03,4
17,player,590,0,0,1306.56,372.64,1361.46,474.54,4
17,player,591,0,0,1305.96,374.15,1360.86,476.05,4
17,player,592,0,0,1305.36,375.66,1360.26,477.56,4
17,player,593,0,0,1304.75,377.17,1359.65,479.07,4
17,player,594,0,0,1304.15,378.68,1359.05,480.58,4
17,player,595,0,0,1303.54,380.19,1358.44,482.09,4
17,player,596,0,0,1302.26,381.47,1357.16,483.37,4
17,player,597,0,0,1300.98,382.75,1355.88,484.65,4
17,player,598,0,0,1299.7,384.03,1354.6,485.93,4
17,player,599,0,0,1298.42,385.31,1353.32,487.21,4
17,player,600,0,0,1297.14,386.59,1352.04,488.49,4
17,player,601,0,0,1295.86,387.87,1350.76,489.77,4
17,player,602,0,0,1294.58,389.15,1349.48,491.05,4
17,player,603,0,0,1293.3,390.43,1348.2,492.33,4
17,player,604,0,0,1292.02,391.71,1346.92,493.61,4
17,player,605,0,0,1288.18,392.99,1343.08,494.89,4
17,player,606,0,0,1284.34,394.27,1339.24,496.17,4
17,player,607,0,0,1280.49,395.55,1335.39,497.45,4
17,player,608,0,0,1276.65,396.83,1331.55,498.73,4
17,player,609,0,0,1272.81,398.11,1327.71,500.01,4
17,player,610,0,0,1268.97,399.39,1323.87,501.29,4
17,player,611,0,0,1264.66,399.39,1319.56,501.29,4
17,player,612,0,0,1260.36,399.39,1315.26,501.29,4
17,player,613,0,0,1256.06,399.39,1310.96,501.29,4
17,player,614,0,0,1251.75,399.39,1306.65,501.29,4
17,player,615,0,0,1247.45,399.39,1302.35,501.29,4
17,player,616,0,0,1243.14,399.39,1298.04,501.29,4
17,player,617,0,0,1238.84,399.39,1293.74,501.29,4
17,player,618,0,0,1234.53,399.39,1289.43,501.29,4
17,player,619,0,0,1230.23,399.39,1285.13,501.29,4
17,player,620,0,0,1225.92,399.39,1280.82,501.29,4
17,player,621,0,0,1221.62,399.39,1276.52,501.29,4
17,player,622,0,0,1217.31,399.39,1272.21,501.29,4
17,player,623,0,0,1213.01,399.39,1267.91,501.29,4
17,player,624,0,0,1208.7,399.39,1263.6,501.29,4
17,player,625,0,0,1208.04,400.48,1262.94,502.38,4
17,player,626,0,0,1207.38,401.56,1262.28,503.46,4
17,player,627,0,0,1206.71,402.65,1261.61,504.55,4
17,player,628,0,0,1206.05,403.73,1260.95,505.63,4
17,player,629,0,0,1205.39,404.82,1260.29,506.72,4
17,player,630,0,0,1204.72,405.9,1259.62,507.8,4
17,player,631,0,0,1204.06,406.99,1258.96,508.89,4
17,player,632,0,0,1203.4,408.07,1258.3,509.97,4
17,player,633,0,0,1202.73,409.16,1257.63,511.06,4
17,player,634,0,0,1202.07,410.24,1256.97,512.14,4
17,player,635,0,0,1201.41,411.33,1256.31,513.23,4
17,player,636,0,0,1200.75,412.41,1255.65,514.31,4
17,player,637,0,0,1200.08,413.5,1254.98,515.4,4
17,player,638,0,0,1199.42,414.58,1254.32,516.48,4
17,player,639,0,0,1198.76,415.66,1253.66,517.56,4
17,player,640,0,0,1198.09,416.75,1252.99,518.65,4
17,player,641,0,0,1197.43,417.83,1252.33,519.73,4
17,player,642,0,0,1196.77,418.92,1251.67,520.82,4
17,player,643,0,0,1196.11,420.0,1251.01,521.9,4
17,player,644,0,0,1195.44,421.09,1250.34,522.99,4
17,player,645,0,0,1194.78,422.17,1249.68,524.07,4
17,player,646,0,0,1194.12,423.26,1249.02,525.16,4
17,player,647,0,0,1193.45,424.34,1248.35,526.24,4
17,player,648,0,0,1192.79,425.43,1247.69,527.33,4
17,player,649,0,0,1192.13,426.51,1247.03,528.41,4
17,player,650,0,0,1191.46,427.6,1246.36,529.5,4
17,player,651,0,0,1190.8,428.68,1245.7,530.58,4
17,player,652,0,0,1190.14,429.77,1245.04,531.67,4
17,player,653,0,0,1189.48,430.85,1244.38,532.75,4
17,player,654,0,0,1188.81,431.94,1243.71,533.84,4
17,player,655,0,0,1188.15,433.02,1243.05,534.92,4
17,player,656,0,0,1187.49,434.11,1242.39,536.01,4
17,player,657,0,0,1186.82,435.19,1241.72,537.09,4
17,player,658,0,0,1186.16,436.28,1241.06,538.18,4
17,player,659,0,0,1185.5,437.36,1240.4,539.26,4
17,player,660,0,0,1184.84,438.45,1239.73,540.35,4
17,player,661,0,0,1184.17,439.53,1239.07,541.43,4
17,player,662,0,0,1183.51,440.62,1238.41,542.52,4
17,player,663,0,0,1182.85,441.7,1237.75,543.6,4
17,player,664,0,0,1182.18,442.79,1237.08,544.69,4
17,player,665,0,0,1181.52,443.87,1236.42,545.77,4
17,player,666,0,0,1180.86,444.96,1235.76,546.86,4
17,player,667,0,0,1180.19,446.04,1235.09,547.94,4
17,player,668,0,0,1179.53,447.12,1234.43,549.02,4
17,player,669,0,0,1178.87,448.21,1233.77,550.11,4
17,player,670,0,0,1178.21,449.29,1233.11,551.19,4
17,player,671,0,0,1177.54,450.38,1232.44,552.28,4
17,player,672,0,0,1176.88,451.46,1231.78,553.36,4
17,player,673,0,0,1176.22,452.55,1231.12,554.45,4
17,player,674,0,0,1175.55,453.63,1230.45,555.53,4
17,player,675,0,0,1177.63,454.79,1232.53,556.69,4
17,player,676,0,0,1179.7,455.94,1234.6,557.84,4
17,player,677,0,0,1181.78,457.09,1236.68,558.99,4
17,player,678,0,0,1183.85,458.24,1238.75,560.14,4
17,player,679,0,0,1185.93,459.4,1240.83,561.3,4
17,player,680,0,0,1188.0,460.55,1242.9,562.45,4
17,player,681,0,0,1190.07,461.7,1244.97,563.6,4
17,player,682,0,0,1192.15,462.85,1247.05,564.75,4
17,player,683,0,0,1194.22,464.0,1249.12,565.9,4
17,player,684,0,0,1196.3,465.16,1251.2,567.06,4
17,player,685,0,0,1198.37,466.31,1253.27,568.21,4
17,player,686,0,0,1198.65,467.15,1253.55,569.05,4
17,player,687,0,0,1198.93,468.0,1253.83,569.9,4
17,player,688,0,0,1199.22,468.84,1254.12,570.74,4
17,player,689,0,0,1199.5,469.69,1254.4,571.59,4
17,player,690,0,0,1199.78,470.53,1254.68,572.43,4
17,player,691,0,0,1200.06,471.38,1254.96,573.28,4
17,player,692,0,0,1200.34,472.22,1255.24,574.12,4
17,player,693,0,0,1200.62,473.07,1255.52,574.97,4
17,player,694,0,0,1200.91,473.92,1255.81,575.82,4
17,player,695,0,0,1201.31,475.13,1256.21,577.03,4
17,player,696,0,0,1201.72,476.35,1256.62,578.25,4
17,player,697,0,0,1202.12,477.57,1257.02,579.47,4
17,player,698,0,0,1202.53,478.78,1257.43,580.68,4
17,player,699,0,0,1202.93,480.0,1257.83,581.9,4
17,player,700,0,0,1203.34,481.22,1258.24,583.12,4
17,player,701,0,0,1203.75,482.43,1258.65,584.33,4
17,player,702,0,0,1204.15,483.65,1259.05,585.55,4
17,player,703,0,0,1204.56,484.87,1259.46,586.77,4
17,player,704,0,0,1204.96,486.08,1259.86,587.98,4
17,player,705,0,0,1205.37,487.3,1260.27,589.2,4
17,player,706,0,0,1205.77,488.52,1260.67,590.42,4
17,player,707,0,0,1206.18,489.73,1261.08,591.63,4
17,player,708,0,0,1206.59,490.95,1261.48,592.85,4
17,player,709,0,0,1206.99,492.17,1261.89,594.07,4
17,player,710,0,0,1207.4,493.39,1262.3,595.29,4
17,player,711,0,0,1207.8,494.6,1262.7,596.5,4
17,player,712,0,0,1208.21,495.82,1263.11,597.72,4
17,player,713,0,0,1208.61,497.04,1263.51,598.94,4
17,player,714,0,0,1209.02,498.25,1263.92,600.15,4
17,player,715,0,0,1209.42,499.47,1264.32,601.37,4
17,player,716,0,0,1209.83,500.69,1264.73,602.59,4
17,player,717,0,0,1210.24,501.9,1265.14,603.8,4
17,player,718,0,0,1210.64,503.12,1265.54,605.02,4
17,player,719,0,0,1211.05,504.34,1265.95,606.24,4
17,player,720,0,0,1212.7,505.37,1267.6,607.27,4
17,player,721,0,0,1214.35,506.4,1269.25,608.3,4
17,player,722,0,0,1216.01,507.44,1270.91,609.34,4
17,player,723,0,0,1217.66,508.47,1272.56,610.37,4
17,player,724,0,0,1219.31,509.5,1274.21,611.4,4
17,player,725,0,0,1220.96,510.54,1275.86,612.44,4
17,player,726,0,0,1222.62,511.57,1277.52,613.47,4
17,player,727,0,0,1224.27,512.6,1279.17,614.5,4
17,player,728,0,0,1225.92,513.64,1280.82,615.54,4
17,player,729,0,0,1227.58,514.67,1282.48,616.57,4
17,player,730,0,0,1229.23,515.7,1284.13,617.6,4
17,player,731,0,0,1230.88,516.73,1285.78,618.63,4
17,player,732,0,0,1232.53,517.77,1287.43,619.67,4
17,player,733,0,0,1234.19,518.8,1289.09,620.7,4
17,player,734,0,0,1235.84,519.83,1290.74,621.73,4
17,player,735,0,0,1237.49,520.87,1292.39,622.77,4
17,player,736,0,0,1242.78,522.19,1297.68,624.09,4
17,player,737,0,0,1248.07,523.51,1302.97,625.41,4
17,player,738,0,0,1253.36,524.83,1308.26,626.73,4
17,player,739,0,0,1258.65,526.16,1313.55,628.06,4
17,player,740,0,0,1263.94,527.48,1318.84,629.38,4
17,player,741,0,0,1268.15,528.38,1323.05,631.18,4
17,player,742,0,0,1272.35,529.28,1327.25,632.98,4
17,player,743,0,0,1276.56,530.18,1331.46,634.79,4
17,player,744,0,0,1280.77,531.09,1335.67,636.59,4
17,player,745,0,0,1284.98,531.99,1339.88,638.39,4
17,player,746,0,0,1289.18,532.89,1344.08,640.2,4
17,player,747,0,0,1293.39,533.79,1348.29,642.0,4
17,player,748,0,0,1297.6,534.69,1352.5,643.8,4
17,player,749,0,0,1301.81,535.6,1356.71,645.61,4
17,player,750,0,0,1306.01,536.5,1360.91,647.41,4
17,player,751,0,0,1310.22,537.4,1365.12,649.21,4
17,player,752,0,0,1315.33,537.7,1370.23,649.51,4
17,player,753,0,0,1320.44,538.0,1375.34,649.81,4
17,player,754,0,0,1325.55,538.3,1380.45,650.12,4
17,player,755,0,0,1330.66,538.6,1385.56,650.42,4
17,player,756,0,0,1335.77,538.9,1390.67,650.72,4
17,player,757,0,0,1340.87,539.2,1395.77,651.02,4
17,player,758,0,0,1345.98,539.5,1400.88,651.32,4
17,player,759,0,0,1351.09,539.8,1405.99,651.62,4
17,player,760,0,0,1356.2,540.1,1411.1,651.92,4
17,player,761,0,0,1361.31,540.41,1416.21,652.22,4
17,player,762,0,0,1366.42,540.71,1421.32,652.52,4
17,player,763,0,0,1371.67,541.78,1426.57,653.59,4
17,player,764,0,0,1376.92,542.85,1431.82,654.66,4
17,player,765,0,0,1382.17,543.91,1437.07,655.73,4
17,player,766,0,0,1387.42,544.98,1442.32,656.8,4
17,player,767,0,0,1392.67,546.05,1447.57,657.87,4
17,player,768,0,0,1397.92,547.12,1452.82,658.94,4
17,player,769,0,0,1403.17,548.19,1458.07,660.01,4
17,player,770,0,0,1408.42,549.26,1463.32,661.08,4
17,player,771,0,0,1413.67,550.33,1468.57,662.15,4
17,player,772,0,0,1418.92,551.4,1473.82,663.21,4
17,player,773,0,0,1424.17,552.47,1479.07,664.28,4
17,player,774,0,0,1429.42,553.54,1484.32,665.35,4
17,player,775,0,0,1434.67,554.61,1489.57,666.42,4
17,player,776,0,0,1439.92,555.68,1494.82,667.49,4
17,player,777,0,0,1445.17,556.75,1500.07,668.56,4
17,player,778,0,0,1450.43,557.82,1505.33,669.63,4
17,player,779,0,0,1455.68,558.89,1510.58,670.7,4
17,player,780,0,0,1460.93,559.96,1515.83,671.77,4
17,player,781,0,0,1466.18,561.03,1521.08,672.84,4
17,player,782,0,0,1471.43,562.1,1526.33,673.91,4
17,player,783,0,0,1476.68,563.17,1531.58,674.98,4
17,player,784,0,0,1481.93,564.24,1536.83,676.05,4
17,player,785,0,0,1487.18,565.31,1542.08,677.12,4
17,player,786,0,0,1492.43,566.37,1547.33,678.19,4
17,player,787,0,0,1497.68,567.44,1552.58,679.26,4
17,player,788,0,0,1502.93,568.51,1557.83,680.33,4
17,player,789,0,0,1508.18,569.58,1563.08,681.4,4
17,player,790,0,0,1513.43,570.65,1568.33,682.47,4
17,player,791,0,0,1518.68,571.72,1573.58,683.54,4
17,player,792,0,0,1523.93,572.79,1578.83,684.61,4
17,player,793,0,0,1529.18,573.86,1584.08,685.68,4
17,player,794,0,0,1534.43,574.93,1589.33,686.74,4
17,player,795,0,0,1539.68,576.0,1594.58,687.81,4
17,player,796,0,0,1544.93,577.07,1599.83,688.88,4
17,player,797,0,0,1548.24,576.52,1603.14,688.33,4
17,player,798,0,0,1551.54,575.97,1606.44,687.78,4
17,player,799,0,0,1554.85,575.42,1609.75,687.23,4
17,player,800,0,0,1558.16,574.87,1613.06,686.68,4
17,player,801,0,0,1561.46,574.32,1616.36,686.13,4
17,player,802,0,0,1564.77,573.76,1619.67,685.58,4
17,player,803,0,0,1568.07,573.21,1622.97,685.03,4
17,player,804,0,0,1571.38,572.66,1626.28,684.48,4
17,player,805,0,0,1574.69,572.11,1629.59,683.93,4
17,player,806,0,0,1577.99,571.56,1632.89,683.37,4
17,player,807,0,0,1581.3,571.01,1636.2,682.82,4
17,player,808,0,0,1584.6,570.46,1639.5,682.27,4
17,player,809,0,0,1585.97,570.46,1640.87,682.27,4
17,player,810,0,0,1587.34,570.46,1642.24,682.27,4
17,player,811,0,0,1588.7,570.46,1643.6,682.27,4
17,player,812,0,0,1590.07,570.46,1644.97,682.27,4
17,player,813,0,0,1591.48,569.21,1646.38,681.02,4
17,player,814,0,0,1592.88,567.96,1647.78,679.77,4
17,player,815,0,0,1594.29,566.71,1649.19,678.52,4
17,player,816,0,0,1595.69,565.46,1650.59,677.28,4
17,player,817,0,0,1597.1,564.21,1652.0,676.03,4
17,player,818,0,0,1598.5,562.96,1653.4,674.78,4
17,player,819,0,0,1599.91,561.71,1654.81,673.53,4
17,player,820,0,0,1601.31,560.47,1656.21,672.28,4
17,player,821,0,0,1602.72,559.22,1657.62,671.03,4
17,player,822,0,0,1604.13,557.97,1659.03,669.78,4
17,player,823,0,0,1605.53,556.72,1660.43,668.53,4
17,player,824,0,0,1606.94,555.47,1661.84,667.28,4
17,player,825,0,0,1608.34,554.22,1663.24,666.03,4
17,player,826,0,0,1609.75,552.97,1664.65,664.78,4
17,player,827,0,0,1611.15,551.72,1666.05,663.53,4
17,player,828,0,0,1612.56,550.47,1667.46,662.28,4
17,player,829,0,0,1613.96,549.22,1668.86,661.04,4
17,player,830,0,0,1615.37,547.97,1670.27,659.79,4
17,player,831,0,0,1616.77,546.72,1671.67,658.54,4
17,player,832,0,0,1617.23,545.58,1671.9,657.4,4
17,player,833,0,0,1617.69,544.44,1672.13,656.25,4
17,player,834,0,0,1618.14,543.3,1672.36,655.11,4
17,player,835,0,0,1618.6,542.16,1672.58,653.97,4
17,player,836,0,0,1619.06,541.02,1672.81,652.83,4
17,player,837,0,0,1619.51,539.88,1673.04,651.69,4
17,player,838,0,0,1619.97,538.74,1673.27,650.55,4
17,player,839,0,0,1620.42,537.59,1673.5,649.41,4
17,player,840,0,0,1620.88,536.45,1673.72,648.27,4
17,player,841,0,0,1621.34,535.31,1673.95,647.13,4
17,player,842,0,0,1621.79,534.17,1674.18,645.98,4
17,player,843,0,0,1622.25,533.03,1674.41,644.84,4
17,player,844,0,0,1622.71,531.89,1674.63,643.7,4
17,player,845,0,0,1622.11,529.96,1674.04,641.77,4
17,player,846,0,0,1621.52,528.03,1673.45,639.85,4
17,player,847,0,0,1620.93,526.1,1672.85,637.92,4
17,player,848,0,0,1620.33,524.17,1672.26,635.99,4
17,player,849,0,0,1619.74,522.25,1671.67,634.06,4
17,player,850,0,0,1619.15,520.32,1671.07,632.13,4
17,player,851,0,0,1618.55,518.39,1670.48,630.2,4
17,player,852,0,0,1617.96,516.46,1669.89,628.27,4
17,player,853,0,0,1617.37,514.53,1669.29,626.35,4
17,player,854,0,0,1616.77,512.6,1668.7,624.42,4
17,player,855,0,0,1616.18,510.68,1668.11,622.49,4
17,player,856,0,0,1615.59,508.75,1667.51,620.56,4
17,player,857,0,0,1614.99,506.82,1666.92,618.63,4
17,player,858,0,0,1614.4,504.89,1666.33,616.7,4
17,player,859,0,0,1613.81,502.96,1665.73,614.78,4
17,player,860,0,0,1613.21,501.03,1665.14,612.85,4
17,player,861,0,0,1612.62,499.1,1664.55,610.92,4
17,player,862,0,0,1612.03,497.18,1663.95,608.99,4
17,player,863,0,0,1611.43,495.25,1663.36,607.06,4
17,player,864,0,0,1610.84,493.32,1662.77,605.13,4
17,player,865,0,0,1610.84,493.32,1662.77,605.13,4
17,player,866,0,0,1610.84,493.32,1662.77,605.13,4
17,player,867,0,0,1610.84,493.32,1662.77,605.13,4
17,player,868,0,0,1610.84,493.32,1662.77,605.13,4
17,player,869,0,0,1610.84,493.32,1662.77,605.13,4
17,player,870,0,0,1610.84,493.32,1662.77,605.13,4
17,player,871,0,0,1610.84,493.32,1662.77,605.13,4
17,player,872,0,0,1610.84,493.32,1662.77,605.13,4
17,player,873,0,0,1610.84,493.32,1662.77,605.13,4
17,player,874,0,0,1610.84,493.32,1662.77,605.13,4
17,player,875,0,0,1610.84,493.32,1662.77,605.13,4
17,player,876,0,0,1610.84,493.32,1662.77,605.13,4
17,player,877,0,0,1610.84,493.32,1662.77,605.13,4
17,player,878,0,0,1610.84,493.32,1662.77,605.13,4
17,player,879,0,0,1610.84,493.32,1662.77,605.13,4
17,player,880,0,0,1610.84,493.32,1662.77,605.13,4
17,player,881,0,0,1610.84,493.32,1662.77,605.13,4
17,player,882,0,0,1610.84,493.32,1662.77,605.13,4
17,player,883,0,0,1610.84,493.32,1662.77,605.13,4
17,player,884,0,0,1610.84,493.32,1662.77,605.13,4
17,player,885,0,0,1610.84,493.32,1662.77,605.13,4
17,player,886,0,0,1610.84,493.32,1662.77,605.13,4
17,player,887,0,0,1610.84,493.32,1662.77,605.13,4
17,player,888,0,0,1610.84,493.32,1662.77,605.13,4
17,player,889,0,0,1610.84,493.32,1662.77,605.13,4
17,player,890,0,0,1610.84,493.32,1662.77,605.13,4
17,player,891,0,0,1610.84,493.32,1662.77,605.13,4
17,player,892,0,0,1610.84,493.32,1662.77,605.13,4
17,player,893,0,0,1610.84,493.32,1662.77,605.13,4
17,player,894,0,0,1610.84,493.32,1662.77,605.13,4
17,player,895,0,0,1610.84,493.32,1662.77,605.13,4
17,player,896,0,0,1610.84,493.32,1662.77,605.13,4
17,player,897,0,0,1610.84,493.32,1662.77,605.13,4
17,player,898,0,0,1610.84,493.32,1662.77,605.13,4
17,player,899,0,0,1610.84,493.32,1662.77,605.13,4
18,player,356,0,0,1860.04,380.5,1920.0,495.0,20
18,player,357,0,0,1854.29,380.6,1914.25,495.09,20
18,player,358,0,0,1848.54,380.69,1908.49,495.19,20
18,player,359,0,0,1842.78,380.79,1902.74,495.29,20
18,player,360,0,0,1837.03,380.89,1896.99,495.39,20
18,player,361,0,0,1831.28,380.99,1891.23,495.48,20
18,player,362,0,0,1825.52,381.08,1885.48,495.58,20
18,player,363,0,0,1819.77,381.18,1879.73,495.68,20
18,player,364,0,0,1814.02,381.28,1873.98,495.78,20
18,player,365,0,0,1808.26,381.38,1868.22,495.87,20
18,player,366,0,0,1802.51,381.47,1862.47,495.97,20
18,player,367,0,0,1796.76,381.57,1856.72,496.07,20
18,player,368,0,0,1791.01,381.67,1850.96,496.17,20
18,player,369,0,0,1785.25,381.77,1845.21,496.26,20
18,player,370,0,0,1779.5,381.86,1839.46,496.36,20
18,player,371,0,0,1773.75,381.96,1833.71,496.46,20
18,player,372,0,0,1767.99,382.06,1827.95,496.56,20
18,player,373,0,0,1762.24,382.16,1822.2,496.65,20
18,player,374,0,0,1756.49,382.25,1816.45,496.75,20
18,player,375,0,0,1750.73,382.35,1810.69,496.85,20
18,player,376,0,0,1744.98,382.45,1804.94,496.95,20
18,player,377,0,0,1739.23,382.55,1799.19,497.04,20
18,player,378,0,0,1733.48,382.64,1793.43,497.14,20
18,player,379,0,0,1727.72,382.74,1787.68,497.24,20
18,player,380,0,0,1721.97,382.84,1781.93,497.34,20
18,player,381,0,0,1716.22,382.94,1776.18,497.43,20
18,player,382,0,0,1710.46,383.04,1770.42,497.53,20
18,player,383,0,0,1699.92,383.04,1759.88,497.0,20
18,player,384,0,0,1689.38,383.04,1749.34,496.46,20
18,player,385,0,0,1678.84,383.04,1738.8,495.93,20
18,player,386,0,0,1668.3,383.04,1728.26,495.39,20
18,player,387,0,0,1657.76,383.04,1717.72,494.86,20
18,player,388,0,0,1647.22,383.04,1707.18,494.32,20
18,player,389,0,0,1636.68,383.04,1696.63,493.79,20
18,player,390,0,0,1626.13,383.04,1686.09,493.25,20
18,player,391,0,0,1615.59,383.04,1675.55,492.72,20
18,player,392,0,0,1605.05,383.04,1665.01,492.18,20
18,player,393,0,0,1594.51,383.04,1654.47,491.65,20
18,player,394,0,0,1583.97,383.04,1643.93,491.11,20
18,player,395,0,0,1573.43,383.04,1633.39,490.58,20
18,player,396,0,0,1562.89,383.04,1622.85,490.04,20
18,player,397,0,0,1552.35,383.04,1612.31,489.51,20
18,player,398,0,0,1541.81,383.04,1601.76,488.97,20
18,player,399,0,0,1531.26,383.04,1591.22,488.44,20
18,player,400,0,0,1520.72,383.04,1580.68,487.9,20
18,player,401,0,0,1510.18,383.04,1570.14,487.37,20
18,player,402,0,0,1499.64,383.04,1559.6,486.83,20
18,player,403,0,0,1489.1,383.04,1549.06,486.3,20
18,player,404,0,0,1478.56,383.04,1538.52,485.76,20
18,player,405,0,0,1468.02,383.04,1527.98,485.23,20
18,player,406,0,0,1457.48,383.04,1517.44,484.69,20
18,player,407,0,0,1446.94,383.04,1506.89,484.16,20
18,player,408,0,0,1436.39,383.04,1496.35,483.62,20
18,player,409,0,0,1425.85,383.04,1485.81,483.09,20
18,player,410,0,0,1415.31,383.04,1475.27,482.55,20
18,player,411,0,0,1404.77,383.04,1464.73,482.02,20
18,player,412,0,0,1394.23,383.04,1454.19,481.48,20
18,player,413,0,0,1383.69,383.04,1443.65,480.95,20
18,player,414,0,0,1373.15,383.04,1433.11,480.41,20
18,player,415,0,0,1362.61,383.04,1422.57,479.88,20
18,player,416,0,0,1352.07,383.04,1412.02,479.34,20
18,player,417,0,0,1341.52,383.04,1401.48,478.81,20
18,player,418,0,0,1330.98,383.04,1390.94,478.27,20
18,player,419,0,0,1320.44,383.04,1380.4,477.74,20
18,player,420,0,0,1309.9,383.04,1369.86,477.2,20
18,player,421,0,0,1308.82,382.81,1368.78,476.98,20
18,player,422,0,0,1307.74,382.59,1367.7,476.75,20
18,player,423,0,0,1306.66,382.36,1366.62,476.53,20
18,player,424,0,0,1305.57,382.14,1365.53,476.3,20
18,player,425,0,0,1304.49,381.91,1364.45,476.08,20
18,player,426,0,0,1303.41,381.69,1363.37,475.85,20
18,player,427,0,0,1302.33,381.46,1362.29,475.63,20
18,player,428,0,0,1301.25,381.24,1361.21,475.4,20
18,player,429,0,0,1300.17,381.01,1360.12,475.18,20
18,player,430,0,0,1299.08,380.79,1359.04,474.95,20
18,player,431,0,0,1298.0,380.57,1357.96,474.73,20
18,player,432,0,0,1296.92,380.34,1356.88,474.51,20
18,player,433,0,0,1295.84,380.12,1355.8,474.28,20
18,player,434,0,0,1294.76,379.89,1354.72,474.06,20
18,player,435,0,0,1293.68,379.67,1353.63,473.83,20
18,player,436,0,0,1292.59,379.44,1352.55,473.61,20
18,player,437,0,0,1291.51,379.22,1351.47,473.38,20
18,player,438,0,0,1290.43,378.99,1350.39,473.16,20
18,player,439,0,0,1289.35,378.77,1349.31,472.93,20
18,player,440,0,0,1288.27,378.54,1348.23,472.71,20
18,player,441,0,0,1287.19,378.32,1347.14,472.48,20
18,player,442,0,0,1286.1,378.1,1346.06,472.26,20
18,player,443,0,0,1285.02,377.87,1344.98,472.04,20
18,player,444,0,0,1283.94,377.65,1343.9,471.81,20
18,player,445,0,0,1282.86,377.42,1342.82,471.59,20
18,player,446,0,0,1281.78,377.2,1341.74,471.36,20
18,player,447,0,0,1280.7,376.97,1340.65,471.14,20
18,player,448,0,0,1279.61,376.75,1339.57,470.91,20
18,player,449,0,0,1278.53,376.52,1338.49,470.69,20
18,player,450,0,0,1277.45,376.3,1337.41,470.46,20
18,player,451,0,0,1276.37,376.07,1336.33,470.24,20
18,player,452,0,0,1275.29,375.85,1335.25,470.01,20
18,player,453,0,0,1274.21,375.63,1334.16,469.79,20
18,player,454,0,0,1273.12,375.4,1333.08,469.57,20
18,player,455,0,0,1272.04,375.18,1332.0,469.34,20
18,player,456,0,0,1270.96,374.95,1330.92,469.12,20
18,player,457,0,0,1269.88,374.73,1329.84,468.89,20
18,player,458,0,0,1268.8,374.5,1328.76,468.67,20
18,player,459,0,0,1267.71,374.28,1327.67,468.44,20
18,player,460,0,0,1266.63,374.05,1326.59,468.22,20
18,player,461,0,0,1265.55,373.83,1325.51,467.99,20
18,player,462,0,0,1264.47,373.6,1324.43,467.77,20
18,player,463,0,0,1264.71,374.49,1324.67,468.66,20
18,player,464,0,0,1264.95,375.38,1324.91,469.54,20
18,player,465,0,0,1265.2,376.26,1325.15,470.43,20
18,player,466,0,0,1265.44,377.15,1325.4,471.32,20
18,player,467,0,0,1265.68,378.04,1325.64,472.2,20
18,player,468,0,0,1265.92,378.92,1325.88,473.09,20
18,player,469,0,0,1266.16,379.81,1326.12,473.98,20
18,player,470,0,0,1266.4,380.7,1326.36,474.86,20
18,player,471,0,0,1266.65,381.58,1326.6,475.75,20
18,player,472,0,0,1266.89,382.47,1326.85,476.64,20
18,player,473,0,0,1267.13,383.36,1327.09,477.52,20
18,player,474,0,0,1267.37,384.24,1327.33,478.41,20
18,player,475,0,0,1267.61,385.13,1327.57,479.3,20
18,player,476,0,0,1267.86,386.02,1327.81,480.18,20
18,player,477,0,0,1268.1,386.9,1328.06,481.07,20
18,player,478,0,0,1268.34,387.79,1328.3,481.96,20
18,player,479,0,0,1268.58,388.68,1328.54,482.84,20
18,player,480,0,0,1268.82,389.56,1328.78,483.73,20
18,player,481,0,0,1269.06,390.45,1329.02,484.62,20
18,player,482,0,0,1269.31,391.34,1329.26,485.5,20
18,player,483,0,0,1269.55,392.22,1329.51,486.39,20
18,player,484,0,0,1269.79,393.11,1329.75,487.28,20
18,player,485,0,0,1270.03,394.0,1329.99,488.16,20
18,player,486,0,0,1270.27,394.88,1330.23,489.05,20
18,player,487,0,0,1270.52,395.77,1330.47,489.94,20
18,player,488,0,0,1270.76,396.66,1330.72,490.82,20
18,player,489,0,0,1271.0,397.54,1330.96,491.71,20
18,player,490,0,0,1271.24,398.43,1331.2,492.6,20
18,player,491,0,0,1271.48,399.32,1331.44,493.48,20
18,player,492,0,0,1271.72,400.2,1331.68,494.37,20
18,player,493,0,0,1271.97,401.09,1331.92,495.26,20
18,player,494,0,0,1272.21,401.98,1332.17,496.14,20
18,player,495,0,0,1272.45,402.86,1332.41,497.03,20
18,player,496,0,0,1272.69,403.75,1332.65,497.92,20
18,player,497,0,0,1272.93,404.64,1332.89,498.8,20
18,player,498,0,0,1273.17,405.52,1333.13,499.69,20
18,player,499,0,0,1273.42,406.41,1333.38,500.58,20
18,player,500,0,0,1273.66,407.3,1333.62,501.46,20
18,player,501,0,0,1273.9,408.18,1333.86,502.35,20
18,player,502,0,0,1273.78,409.26,1333.74,503.42,20
18,player,503,0,0,1273.66,410.33,1333.62,504.49,20
18,player,504,0,0,1273.54,411.4,1333.49,505.56,20
18,player,505,0,0,1273.41,412.47,1333.37,506.64,20
18,player,506,0,0,1273.29,413.54,1333.25,507.71,20
18,player,507,0,0,1273.17,414.61,1333.13,508.78,20
18,player,508,0,0,1273.05,415.69,1333.01,509.85,20
18,player,509,0,0,1272.93,416.76,1332.89,510.92,20
18,player,510,0,0,1272.81,417.83,1332.77,511.99,20
18,player,511,0,0,1272.69,418.9,1332.64,513.07,20
18,player,512,0,0,1272.56,419.97,1332.52,514.14,20
18,player,513,0,0,1274.02,420.65,1333.98,514.81,20
18,player,514,0,0,1275.48,421.33,1335.43,515.49,20
18,player,515,0,0,1276.93,422.01,1336.89,516.17,20
18,player,516,0,0,1278.39,422.68,1338.34,516.85,20
18,player,517,0,0,1279.84,423.36,1339.8,517.52,20
18,player,518,0,0,1281.3,424.04,1341.25,518.2,20
18,player,519,0,0,1282.75,424.72,1342.71,518.88,20
18,player,520,0,0,1284.21,425.39,1344.17,519.56,20
18,player,521,0,0,1285.66,426.07,1345.62,520.23,20
18,player,522,0,0,1287.12,426.75,1347.08,520.91,20
18,player,523,0,0,1288.57,427.43,1348.53,521.59,20
18,player,524,0,0,1290.03,428.1,1349.99,522.27,20
18,player,525,0,0,1291.48,428.78,1351.44,522.94,20
18,player,526,0,0,1292.94,429.46,1352.9,523.62,20
18,player,527,0,0,1294.39,430.14,1354.35,524.3,20
18,player,528,0,0,1295.85,430.81,1355.81,524.98,20
18,player,529,0,0,1297.3,431.49,1357.26,525.65,20
18,player,530,0,0,1298.76,432.17,1358.72,526.33,20
18,player,531,0,0,1300.21,432.85,1360.17,527.01,20
18,player,532,0,0,1301.67,433.52,1361.63,527.69,20
18,player,533,0,0,1303.13,434.2,1363.08,528.36,20
18,player,534,0,0,1304.58,434.88,1364.54,529.04,20
18,player,535,0,0,1306.04,435.56,1365.99,529.72,20
18,player,536,0,0,1307.49,436.23,1367.45,530.4,20
18,player,537,0,0,1308.95,436.91,1368.91,531.07,20
18,player,538,0,0,1310.4,437.59,1370.36,531.75,20
18,player,539,0,0,1311.86,438.27,1371.82,532.43,20
18,player,540,0,0,1313.31,438.94,1373.27,533.11,20
18,player,541,0,0,1314.77,439.62,1374.73,533.78,20
18,player,542,0,0,1315.74,440.73,1375.69,534.89,20
18,player,543,0,0,1316.7,441.83,1376.66,536.0,20
18,player,544,0,0,1317.67,442.94,1377.63,537.11,20
18,player,545,0,0,1318.64,444.05,1378.6,538.21,20
18,player,546,0,0,1319.61,445.15,1379.57,539.32,20
18,player,547,0,0,1320.58,446.26,1380.54,540.43,20
18,player,548,0,0,1321.55,447.37,1381.51,541.53,20
18,player,549,0,0,1322.51,448.47,1382.47,542.64,20
18,player,550,0,0,1323.48,449.58,1383.44,543.75,20
18,player,551,0,0,1324.45,450.69,1384.41,544.85,20
18,player,552,0,0,1325.42,451.79,1385.38,545.96,20
18,player,553,0,0,1326.39,452.9,1386.35,547.07,20
18,player,554,0,0,1327.36,454.01,1387.32,548.17,20
18,player,555,0,0,1328.33,455.11,1388.28,549.28,20
18,player,556,0,0,1329.29,456.22,1389.25,550.39,20
18,player,557,0,0,1330.26,457.33,1390.22,551.49,20
18,player,558,0,0,1331.23,458.43,1391.19,552.6,20
18,player,559,0,0,1332.2,459.54,1392.16,553.71,20
18,player,560,0,0,1333.17,460.65,1393.13,554.81,20
18,player,561,0,0,1334.14,461.75,1394.09,555.92,20
18,player,562,0,0,1335.1,462.86,1395.06,557.03,20
18,player,563,0,0,1336.07,463.97,1396.03,558.13,20
18,player,564,0,0,1337.04,465.07,1397.0,559.24,20
18,player,565,0,0,1338.01,466.18,1397.97,560.35,20
18,player,566,0,0,1338.53,467.23,1398.49,561.4,20
18,player,567,0,0,1339.06,468.28,1399.02,562.44,20
18,player,568,0,0,1339.58,469.33,1399.54,563.49,20
18,player,569,0,0,1340.11,470.38,1400.07,564.54,20
18,player,570,0,0,1340.63,471.42,1400.59,565.59,20
18,player,571,0,0,1341.16,472.47,1401.11,566.64,20
18,player,572,0,0,1341.68,473.52,1401.64,567.69,20
18,player,573,0,0,1342.2,474.57,1402.16,568.73,20
18,player,574,0,0,1342.73,475.62,1402.69,569.78,20
18,player,575,0,0,1343.25,476.67,1403.21,570.83,20
18,player,576,0,0,1343.78,477.72,1403.74,571.88,20
18,player,577,0,0,1344.3,478.76,1404.26,572.93,20
18,player,578,0,0,1344.83,479.81,1404.78,573.98,20
18,player,579,0,0,1345.35,480.86,1405.31,575.03,20
18,player,580,0,0,1345.87,481.91,1405.83,576.07,20
18,player,581,0,0,1346.4,482.96,1406.36,577.12,20
18,player,582,0,0,1346.92,484.01,1406.88,578.17,20
18,player,583,0,0,1347.45,485.05,1407.41,579.22,20
18,player,584,0,0,1347.97,486.1,1407.93,580.27,20
18,player,585,0,0,1348.57,487.91,1408.53,582.08,20
18,player,586,0,0,1349.18,489.73,1409.14,583.89,20
18,player,587,0,0,1349.78,491.54,1409.74,585.7,20
18,player,588,0,0,1350.39,493.35,1410.34,587.51,20
18,player,589,0,0,1350.99,495.16,1410.95,589.32,20
18,player,590,0,0,1351.59,496.97,1411.55,591.13,20
18,player,591,0,0,1352.2,498.78,1412.16,592.95,20
18,player,592,0,0,1352.8,500.59,1412.76,594.76,20
18,player,593,0,0,1353.4,502.4,1413.36,596.57,20
18,player,594,0,0,1354.01,504.21,1413.97,598.38,20
18,player,595,0,0,1354.61,506.03,1414.57,600.19,20
18,player,596,0,0,1353.14,507.5,1413.09,601.67,20
18,player,597,0,0,1351.66,508.98,1411.62,603.14,20
18,player,598,0,0,1350.18,510.45,1410.14,604.62,20
18,player,599,0,0,1348.71,511.93,1408.67,606.09,20
18,player,600,0,0,1347.23,513.4,1407.19,607.57,20
18,player,601,0,0,1345.76,514.88,1405.72,609.04,20
18,player,602,0,0,1344.28,516.36,1404.24,610.52,20
18,player,603,0,0,1342.81,517.83,1402.76,612.0,20
18,player,604,0,0,1341.33,519.31,1401.29,613.47,20
18,player,605,0,0,1337.49,520.59,1397.45,614.75,20
18,player,606,0,0,1333.65,521.87,1393.61,616.03,20
18,player,607,0,0,1329.81,523.15,1389.76,617.31,20
18,player,608,0,0,1325.96,524.43,1385.92,618.59,20
18,player,609,0,0,1322.12,525.71,1382.08,619.87,20
18,player,610,0,0,1318.28,526.99,1378.24,621.16,20
18,player,611,0,0,1315.26,528.36,1375.22,622.53,20
18,player,612,0,0,1312.24,529.73,1372.2,623.9,20
18,player,613,0,0,1309.22,531.11,1369.18,625.27,20
18,player,614,0,0,1306.21,532.48,1366.17,626.64,20
18,player,615,0,0,1303.19,533.85,1363.15,628.02,20
18,player,616,0,0,1300.17,535.22,1360.13,629.39,20
18,player,617,0,0,1297.15,536.59,1357.11,630.76,20
18,player,618,0,0,1294.13,537.97,1354.09,632.13,20
18,player,619,0,0,1291.11,539.34,1351.07,633.5,20
18,player,620,0,0,1288.1,540.71,1348.05,634.88,20
18,player,621,0,0,1285.08,542.08,1345.04,636.25,20
18,player,622,0,0,1282.06,543.45,1342.02,637.62,20
18,player,623,0,0,1279.04,544.83,1339.0,638.99,20
18,player,624,0,0,1276.02,546.2,1335.98,640.36,20
18,player,625,0,0,1276.62,547.95,1336.58,642.83,20
18,player,626,0,0,1277.23,549.69,1337.19,645.3,20
18,player,627,0,0,1277.83,551.44,1337.79,647.78,20
18,player,628,0,0,1278.43,553.19,1338.39,650.25,20
18,player,629,0,0,1279.03,554.94,1338.99,652.72,20
18,player,630,0,0,1279.64,556.68,1339.6,655.19,20
18,player,631,0,0,1280.24,558.43,1340.2,657.66,20
18,player,632,0,0,1280.84,560.18,1340.8,660.13,20
18,player,633,0,0,1281.45,561.93,1341.4,662.6,20
18,player,634,0,0,1282.05,563.68,1342.01,665.07,20
18,player,635,0,0,1282.65,565.42,1342.61,667.54,20
18,player,636,0,0,1283.25,567.17,1343.21,670.01,20
18,player,637,0,0,1283.86,568.92,1343.82,672.48,20
18,player,638,0,0,1284.46,570.67,1344.42,674.95,20
18,player,639,0,0,1285.06,572.41,1345.02,677.42,20
18,player,640,0,0,1285.66,574.16,1345.62,679.89,20
18,player,641,0,0,1286.27,575.91,1346.23,682.37,20
18,player,642,0,0,1286.87,577.66,1346.83,684.84,20
18,player,643,0,0,1287.47,579.41,1347.43,687.31,20
18,player,644,0,0,1288.08,581.15,1348.03,689.78,20
18,player,645,0,0,1288.68,582.9,1348.64,692.25,20
18,player,646,0,0,1289.28,584.65,1349.24,694.72,20
18,player,647,0,0,1289.88,586.4,1349.84,697.19,20
18,player,648,0,0,1290.49,588.14,1350.44,699.66,20
18,player,649,0,0,1291.09,589.89,1351.05,702.13,20
18,player,650,0,0,1291.69,591.64,1351.65,704.6,20
18,player,651,0,0,1292.29,593.39,1352.25,707.07,20
18,player,652,0,0,1292.9,595.14,1352.86,709.54,20
18,player,653,0,0,1293.5,596.88,1353.46,712.01,20
18,player,654,0,0,1294.1,598.63,1354.06,714.49,20
18,player,655,0,0,1294.7,600.38,1354.66,716.96,20
18,player,656,0,0,1295.31,602.13,1355.27,719.43,20
18,player,657,0,0,1295.91,603.87,1355.87,721.9,20
18,player,658,0,0,1296.51,605.62,1356.47,724.37,20
18,player,659,0,0,1297.12,607.37,1357.07,726.84,20
18,player,660,0,0,1297.72,609.12,1357.68,729.31,20
18,player,661,0,0,1298.32,610.87,1358.28,731.78,20
18,player,662,0,0,1298.92,612.61,1358.88,734.25,20
18,player,663,0,0,1299.53,614.36,1359.48,736.72,20
18,player,664,0,0,1300.13,616.11,1360.09,739.19,20
18,player,665,0,0,1300.73,617.86,1360.69,741.66,20
18,player,666,0,0,1301.33,619.6,1361.29,744.13,20
18,player,667,0,0,1301.94,621.35,1361.9,746.6,20
18,player,668,0,0,1302.54,623.1,1362.5,749.08,20
18,player,669,0,0,1303.14,624.85,1363.1,751.55,20
18,player,670,0,0,1303.74,626.6,1363.7,754.02,20
18,player,671,0,0,1304.35,628.34,1364.31,756.49,20
18,player,672,0,0,1304.95,630.09,1364.91,758.96,20
18,player,673,0,0,1305.55,631.84,1365.51,761.43,20
18,player,674,0,0,1306.16,633.59,1366.11,763.9,20
18,player,675,0,0,1309.32,635.31,1369.28,765.63,20
18,player,676,0,0,1312.48,637.04,1372.44,767.35,20
18,player,677,0,0,1315.64,638.76,1375.6,769.08,20
18,player,678,0,0,1318.81,640.49,1378.76,770.8,20
18,player,679,0,0,1321.97,642.21,1381.93,772.53,20
18,player,680,0,0,1325.13,643.94,1385.09,774.25,20
18,player,681,0,0,1328.29,645.66,1388.25,775.98,20
18,player,682,0,0,1331.46,647.39,1391.42,777.7,20
18,player,683,0,0,1334.62,649.11,1394.58,779.43,20
18,player,684,0,0,1337.78,650.84,1397.74,781.15,20
18,player,685,0,0,1340.94,652.56,1400.9,782.88,20
18,player,686,0,0,1341.23,655.1,1401.18,785.41,20
18,player,687,0,0,1341.51,657.63,1401.47,787.95,20
18,player,688,0,0,1341.79,660.17,1401.75,790.48,20
18,player,689,0,0,1342.07,662.7,1402.03,793.02,20
18,player,690,0,0,1342.35,665.24,1402.31,795.55,20
18,player,691,0,0,1342.63,667.78,1402.59,798.09,20
18,player,692,0,0,1342.92,670.31,1402.87,800.62,20
18,player,693,0,0,1343.2,672.85,1403.16,803.16,20
18,player,694,0,0,1343.48,675.38,1403.44,805.69,20
18,player,695,0,0,1340.31,677.28,1400.27,807.6,20
18,player,696,0,0,1337.14,679.18,1397.1,809.5,20
18,player,697,0,0,1333.97,681.08,1393.93,811.4,20
18,player,698,0,0,1330.8,682.99,1390.76,813.3,20
18,player,699,0,0,1327.63,684.89,1387.59,815.2,20
18,player,700,0,0,1324.47,686.79,1384.42,817.1,20
18,player,701,0,0,1321.3,688.69,1381.25,819.0,20
18,player,702,0,0,1318.13,690.59,1378.09,820.9,20
18,player,703,0,0,1315.74,692.83,1375.7,823.14,20
18,player,704,0,0,1313.35,695.07,1373.31,825.38,20
18,player,705,0,0,1310.97,697.3,1370.93,827.62,20
18,player,706,0,0,1308.58,699.54,1368.54,829.85,20
18,player,707,0,0,1306.2,701.78,1366.16,832.09,20
18,player,708,0,0,1303.81,704.01,1363.77,834.33,20
18,player,709,0,0,1301.42,706.25,1361.38,836.56,20
18,player,710,0,0,1299.04,708.49,1359.0,838.8,20
18,player,711,0,0,1296.65,710.72,1356.61,841.04,20
18,player,712,0,0,1294.27,712.96,1354.22,843.27,20
18,player,713,0,0,1291.88,715.2,1351.84,845.51,20
18,player,714,0,0,1289.49,717.44,1349.45,847.75,20
18,player,715,0,0,1287.11,719.67,1347.07,849.99,20
18,player,716,0,0,1284.72,721.91,1344.68,852.22,20
18,player,717,0,0,1282.34,724.15,1342.29,854.46,20
18,player,718,0,0,1279.95,726.38,1339.91,856.7,20
18,player,719,0,0,1277.56,728.62,1337.52,858.93,20
18,player,720,0,0,1276.74,730.89,1336.7,861.21,20
18,player,721,0,0,1275.91,733.17,1335.87,863.48,20
18,player,722,0,0,1275.08,735.44,1335.04,865.75,20
18,player,723,0,0,1274.26,737.71,1334.22,868.02,20
18,player,724,0,0,1273.43,739.98,1333.39,870.3,20
18,player,725,0,0,1272.6,742.26,1332.56,872.57,20
18,player,726,0,0,1271.78,744.53,1331.74,874.84,20
18,player,727,0,0,1270.95,746.8,1330.91,877.12,20
18,player,728,0,0,1270.13,749.08,1330.08,879.39,20
18,player,729,0,0,1269.3,751.35,1329.26,881.66,20
18,player,730,0,0,1268.47,753.62,1328.43,883.93,20
18,player,731,0,0,1267.65,755.89,1327.61,886.21,20
18,player,732,0,0,1266.82,758.17,1326.78,888.48,20
18,player,733,0,0,1265.99,760.44,1325.95,890.75,20
18,player,734,0,0,1265.17,762.71,1325.13,893.02,20
18,player,735,0,0,1264.34,764.98,1324.3,895.3,20
18,player,736,0,0,1270.95,764.32,1330.91,894.64,20
18,player,737,0,0,1277.56,763.66,1337.52,893.98,20
18,player,738,0,0,1284.18,763.0,1344.13,893.31,20
18,player,739,0,0,1290.79,762.34,1350.75,892.65,20
18,player,740,0,0,1297.4,761.68,1357.36,891.99,20
18,player,741,0,0,1303.71,765.29,1363.67,895.6,20
18,player,742,0,0,1310.02,768.89,1369.98,899.2,20
18,player,743,0,0,1316.33,772.5,1376.29,902.81,20
18,player,744,0,0,1322.64,776.1,1382.6,906.42,20
18,player,745,0,0,1328.95,779.71,1388.91,910.02,20
18,player,746,0,0,1335.26,783.32,1395.22,913.63,20
18,player,747,0,0,1341.58,786.92,1401.53,917.24,20
18,player,748,0,0,1347.89,790.53,1407.85,920.84,20
18,player,749,0,0,1354.2,794.14,1414.16,924.45,20
18,player,750,0,0,1360.51,797.74,1420.47,928.06,20
18,player,751,0,0,1366.82,801.35,1426.78,931.66,20
18,player,752,0,0,1370.73,801.35,1430.69,931.66,20
18,player,753,0,0,1374.63,801.35,1434.59,931.66,20
18,player,754,0,0,1378.54,801.35,1438.5,931.66,20
18,player,755,0,0,1382.45,801.35,1442.41,931.66,20
18,player,756,0,0,1386.35,801.35,1446.31,931.66,20
18,player,757,0,0,1390.26,801.35,1450.22,931.66,20
18,player,758,0,0,1394.17,801.35,1454.13,931.66,20
18,player,759,0,0,1398.08,801.35,1458.03,931.66,20
18,player,760,0,0,1401.98,801.35,1461.94,931.66,20
18,player,761,0,0,1405.89,801.35,1465.85,931.66,20
18,player,762,0,0,1409.8,801.35,1469.75,931.66,20
18,player,763,0,0,1414.27,802.03,1474.23,932.34,20
18,player,764,0,0,1418.74,802.71,1478.7,933.02,20
18,player,765,0,0,1423.21,803.39,1483.17,933.7,20
18,player,766,0,0,1427.69,804.07,1487.64,934.38,20
18,player,767,0,0,1432.16,804.75,1492.12,935.06,20
18,player,768,0,0,1436.63,805.43,1496.59,935.75,20
18,player,769,0,0,1441.1,806.11,1501.06,936.43,20
18,player,770,0,0,1445.58,806.79,1505.54,937.11,20
18,player,771,0,0,1450.05,807.47,1510.01,937.79,20
18,player,772,0,0,1454.52,808.15,1514.48,938.47,20
18,player,773,0,0,1458.99,808.84,1518.95,939.15,20
18,player,774,0,0,1463.47,809.52,1523.43,939.83,20
18,player,775,0,0,1467.94,810.2,1527.9,940.51,20
18,player,776,0,0,1472.41,810.88,1532.37,941.19,20
18,player,777,0,0,1476.88,811.56,1536.84,941.87,20
18,player,778,0,0,1481.36,812.24,1541.32,942.55,20
18,player,779,0,0,1485.83,812.92,1545.79,943.23,20
18,player,780,0,0,1490.3,813.6,1550.26,943.91,20
18,player,781,0,0,1494.77,814.28,1554.73,944.59,20
18,player,782,0,0,1499.25,814.96,1559.21,945.27,20
18,player,783,0,0,1503.72,815.64,1563.68,945.95,20
18,player,784,0,0,1508.19,816.32,1568.15,946.64,20
18,player,785,0,0,1512.67,817.0,1572.62,947.32,20
18,player,786,0,0,1517.14,817.68,1577.1,948.0,20
18,player,787,0,0,1521.61,818.36,1581.57,948.68,20
18,player,788,0,0,1526.08,819.04,1586.04,949.36,20
18,player,789,0,0,1530.56,819.73,1590.51,950.04,20
18,player,790,0,0,1535.03,820.41,1594.99,950.72,20
18,player,791,0,0,1539.5,821.09,1599.46,951.4,20
18,player,792,0,0,1543.97,821.77,1603.93,952.08,20
18,player,793,0,0,1548.45,822.45,1608.4,952.76,20
18,player,794,0,0,1552.92,823.13,1612.88,953.44,20
18,player,795,0,0,1557.39,823.81,1617.35,954.12,20
18,player,796,0,0,1561.86,824.49,1621.82,954.8,20
18,player,797,0,0,1567.1,824.49,1627.06,954.8,20
18,player,798,0,0,1572.33,824.49,1632.29,954.8,20
18,player,799,0,0,1577.57,824.49,1637.52,954.8,20
18,player,800,0,0,1582.8,824.49,1642.76,954.8,20
18,player,801,0,0,1588.03,824.49,1647.99,954.8,20
18,player,802,0,0,1593.27,824.49,1653.23,954.8,20
18,player,803,0,0,1598.5,824.49,1658.46,954.8,20
18,player,804,0,0,1603.74,824.49,1663.7,954.8,20
18,player,805,0,0,1608.97,824.49,1668.93,954.8,20
18,player,806,0,0,1614.21,824.49,1674.16,954.8,20
18,player,807,0,0,1619.44,824.49,1679.4,954.8,20
18,player,808,0,0,1624.67,824.49,1684.63,954.8,20
18,player,809,0,0,1628.38,824.49,1688.34,954.8,20
18,player,810,0,0,1632.09,824.49,1692.04,954.8,20
18,player,811,0,0,1635.79,824.49,1695.75,954.8,20
18,player,812,0,0,1639.5,824.49,1699.46,954.8,20
18,player,813,0,0,1642.78,823.55,1702.74,953.87,20
18,player,814,0,0,1646.06,822.62,1706.02,952.93,20
18,player,815,0,0,1649.34,821.68,1709.29,951.99,20
18,player,816,0,0,1652.61,820.74,1712.57,951.05,20
18,player,817,0,0,1655.89,819.8,1715.85,950.12,20
18,player,818,0,0,1659.17,818.87,1719.13,949.18,20
18,player,819,0,0,1662.45,817.93,1722.41,948.24,20
18,player,820,0,0,1665.73,816.99,1725.69,947.31,20
18,player,821,0,0,1669.01,816.06,1728.97,946.37,20
18,player,822,0,0,1672.29,815.12,1732.25,945.43,20
18,player,823,0,0,1675.57,814.18,1735.53,944.5,20
18,player,824,0,0,1678.85,813.25,1738.81,943.56,20
18,player,825,0,0,1682.13,812.31,1742.09,942.62,20
18,player,826,0,0,1685.41,811.37,1745.37,941.69,20
18,player,827,0,0,1688.69,810.44,1748.64,940.75,20
18,player,828,0,0,1691.97,809.5,1751.92,939.81,20
18,player,829,0,0,1695.24,808.56,1755.2,938.87,20
18,player,830,0,0,1698.52,807.62,1758.48,937.94,20
18,player,831,0,0,1701.8,806.69,1761.76,937.0,20
18,player,832,0,0,1703.86,805.55,1763.82,935.86,20
18,player,833,0,0,1705.91,804.41,1765.87,934.72,20
18,player,834,0,0,1707.96,803.26,1767.92,933.58,20
18,player,835,0,0,1710.02,802.12,1769.98,932.44,20
18,player,836,0,0,1712.07,800.98,1772.03,931.3,20
18,player,837,0,0,1714.13,799.84,1774.09,930.15,20
18,player,838,0,0,1716.18,798.7,1776.14,929.01,20
18,player,839,0,0,1718.23,797.56,1778.19,927.87,20
18,player,840,0,0,1720.29,796.42,1780.25,926.73,20
18,player,841,0,0,1722.34,795.28,1782.3,925.59,20
18,player,842,0,0,1724.4,794.14,1784.36,924.45,20
18,player,843,0,0,1726.45,792.99,1786.41,923.31,20
18,player,844,0,0,1728.5,791.85,1788.46,922.17,20
18,player,845,0,0,1730.14,790.67,1790.1,920.98,20
18,player,846,0,0,1731.77,789.48,1791.73,919.79,20
18,player,847,0,0,1733.4,788.29,1793.36,918.61,20
18,player,848,0,0,1735.03,787.11,1794.99,917.42,20
18,player,849,0,0,1736.66,785.92,1796.62,916.23,20
18,player,850,0,0,1738.3,784.73,1798.25,915.05,20
18,player,851,0,0,1739.93,783.55,1799.89,913.86,20
18,player,852,0,0,1741.56,782.36,1801.52,912.67,20
18,player,853,0,0,1743.19,781.17,1803.15,911.49,20
18,player,854,0,0,1744.82,779.99,1804.78,910.3,20
18,player,855,0,0,1746.45,778.8,1806.41,909.11,20
18,player,856,0,0,1748.09,777.61,1808.05,907.93,20
18,player,857,0,0,1749.72,776.43,1809.68,906.74,20
18,player,858,0,0,1751.35,775.24,1811.31,905.55,20
18,player,859,0,0,1752.98,774.05,1812.94,904.37,20
18,player,860,0,0,1754.61,772.87,1814.57,903.18,20
18,player,861,0,0,1756.25,771.68,1816.2,901.99,20
18,player,862,0,0,1757.88,770.49,1817.84,900.8,20
18,player,863,0,0,1759.51,769.3,1819.47,899.62,20
18,player,864,0,0,1761.14,768.12,1821.1,898.43,20
18,player,865,0,0,1761.14,768.12,1821.1,898.43,20
18,player,866,0,0,1761.14,768.12,1821.1,898.43,20
18,player,867,0,0,1761.14,768.12,1821.1,898.43,20
18,player,868,0,0,1761.14,768.12,1821.1,898.43,20
18,player,869,0,0,1761.14,768.12,1821.1,898.43,20
18,player,870,0,0,1761.14,768.12,1821.1,898.43,20
18,player,871,0,0,1761.14,768.12,1821.1,898.43,20
18,player,872,0,0,1761.14,768.12,1821.1,898.43,20
18,player,873,0,0,1761.14,768.12,1821.1,898.43,20
18,player,874,0,0,1761.14,768.12,1821.1,898.43,20
18,player,875,0,0,1761.14,768.12,1821.1,898.43,20
18,player,876,0,0,1761.14,768.12,1821.1,898.43,20
18,player,877,0,0,1761.14,768.12,1821.1,898.43,20
18,player,878,0,0,1761.14,768.12,1821.1,898.43,20
18,player,879,0,0,1761.14,768.12,1821.1,898.43,20
18,player,880,0,0,1761.14,768.12,1821.1,898.43,20
18,player,881,0,0,1761.14,768.12,1821.1,898.43,20
18,player,882,0,0,1761.14,768.12,1821.1,898.43,20
18,player,883,0,0,1761.14,768.12,1821.1,898.43,20
18,player,884,0,0,1761.14,768.12,1821.1,898.43,20
18,player,885,0,0,1761.14,768.12,1821.1,898.43,20
18,player,886,0,0,1761.14,768.12,1821.1,898.43,20
18,player,887,0,0,1761.14,768.12,1821.1,898.43,20
18,player,888,0,0,1761.14,768.12,1821.1,898.43,20
18,player,889,0,0,1761.14,768.12,1821.1,898.43,20
18,player,890,0,0,1761.14,768.12,1821.1,898.43,20
18,player,891,0,0,1761.14,768.12,1821.1,898.43,20
18,player,892,0,0,1761.14,768.12,1821.1,898.43,20
18,player,893,0,0,1761.14,768.12,1821.1,898.43,20
18,player,894,0,0,1761.14,768.12,1821.1,898.43,20
18,player,895,0,0,1761.14,768.12,1821.1,898.43,20
18,player,896,0,0,1761.14,768.12,1821.1,898.43,20
18,player,897,0,0,1761.14,768.12,1821.1,898.43,20
18,player,898,0,0,1761.14,768.12,1821.1,898.43,20
18,player,899,0,0,1761.14,768.12,1821.1,898.43,20
19,player,356,0,0,1875.3,624.72,1920.0,767.1,37
19,player,357,0,0,1868.86,624.43,1913.95,766.61,37
19,player,358,0,0,1862.43,624.14,1907.91,766.12,37
19,player,359,0,0,1855.99,623.85,1901.86,765.63,37
19,player,360,0,0,1849.56,623.55,1895.82,765.15,37
19,player,361,0,0,1843.12,623.26,1889.77,764.66,37
19,player,362,0,0,1836.69,622.97,1883.72,764.17,37
19,player,363,0,0,1830.25,622.68,1877.68,763.68,37
19,player,364,0,0,1823.82,622.38,1871.63,763.19,37
19,player,365,0,0,1817.38,622.09,1865.58,762.7,37
19,player,366,0,0,1810.94,621.8,1859.54,762.22,37
19,player,367,0,0,1804.51,621.51,1853.49,761.73,37
19,player,368,0,0,1798.07,621.21,1847.45,761.24,37
19,player,369,0,0,1791.64,620.92,1841.4,760.75,37
19,player,370,0,0,1785.2,620.63,1835.35,760.26,37
19,player,371,0,0,1778.77,620.34,1829.31,759.77,37
19,player,372,0,0,1772.33,620.04,1823.26,759.28,37
19,player,373,0,0,1765.9,619.75,1817.22,758.8,37
19,player,374,0,0,1759.46,619.46,1811.17,758.31,37
19,player,375,0,0,1753.02,619.17,1805.12,757.82,37
19,player,376,0,0,1746.59,618.87,1799.08,757.33,37
19,player,377,0,0,1740.15,618.58,1793.03,756.84,37
19,player,378,0,0,1733.72,618.29,1786.98,756.35,37
19,player,379,0,0,1727.28,618.0,1780.94,755.87,37
19,player,380,0,0,1720.85,617.7,1774.89,755.38,37
19,player,381,0,0,1714.41,617.41,1768.85,754.89,37
19,player,382,0,0,1707.98,617.12,1762.8,754.4,37
19,player,383,0,0,1697.6,616.36,1752.42,753.57,37
19,player,384,0,0,1687.22,615.6,1742.04,752.74,37
19,player,385,0,0,1676.84,614.83,1731.66,751.91,37
19,player,386,0,0,1666.46,614.07,1721.28,751.08,37
19,player,387,0,0,1656.08,613.31,1710.9,750.25,37
19,player,388,0,0,1645.7,612.55,1700.53,749.42,37
19,player,389,0,0,1635.32,611.79,1690.15,748.58,37
19,player,390,0,0,1624.94,611.03,1679.77,747.75,37
19,player,391,0,0,1614.56,610.27,1669.39,746.92,37
19,player,392,0,0,1604.18,609.51,1659.01,746.09,37
19,player,393,0,0,1593.81,608.75,1648.63,745.26,37
19,player,394,0,0,1583.43,607.98,1638.25,744.43,37
19,player,395,0,0,1573.05,607.22,1627.87,743.6,37
19,player,396,0,0,1562.67,606.46,1617.49,742.77,37
19,player,397,0,0,1552.29,605.7,1607.11,741.94,37
19,player,398,0,0,1541.91,604.94,1596.74,741.11,37
19,player,399,0,0,1531.53,604.18,1586.36,740.28,37
19,player,400,0,0,1521.15,603.42,1575.98,739.45,37
19,player,401,0,0,1510.77,602.66,1565.6,738.61,37
19,player,402,0,0,1500.39,601.9,1555.22,737.78,37
19,player,403,0,0,1490.02,601.13,1544.84,736.95,37
19,player,404,0,0,1479.64,600.37,1534.46,736.12,37
19,player,405,0,0,1469.26,599.61,1524.08,735.29,37
19,player,406,0,0,1458.88,598.85,1513.7,734.46,37
19,player,407,0,0,1448.5,598.09,1503.32,733.63,37
19,player,408,0,0,1438.12,597.33,1492.94,732.8,37
19,player,409,0,0,1427.74,596.57,1482.57,731.97,37
19,player,410,0,0,1417.36,595.81,1472.19,731.14,37
19,player,411,0,0,1406.98,595.05,1461.81,730.31,37
19,player,412,0,0,1396.6,594.28,1451.43,729.48,37
19,player,413,0,0,1386.22,593.52,1441.05,728.65,37
19,player,414,0,0,1375.85,592.76,1430.67,727.81,37
19,player,415,0,0,1365.47,592.0,1420.29,726.98,37
19,player,416,0,0,1355.09,591.24,1409.91,726.15,37
19,player,417,0,0,1344.71,590.48,1399.53,725.32,37
19,player,418,0,0,1334.33,589.72,1389.15,724.49,37
19,player,419,0,0,1323.95,588.96,1378.77,723.66,37
19,player,420,0,0,1313.57,588.2,1368.4,722.83,37
19,player,421,0,0,1308.67,588.13,1363.5,722.77,37
19,player,422,0,0,1303.77,588.07,1358.6,722.7,37
19,player,423,0,0,1298.87,588.0,1353.7,722.64,37
19,player,424,0,0,1293.97,587.94,1348.8,722.58,37
19,player,425,0,0,1289.07,587.88,1343.9,722.51,37
19,player,426,0,0,1284.17,587.81,1339.0,722.45,37
19,player,427,0,0,1279.27,587.75,1334.1,722.38,37
19,player,428,0,0,1274.38,587.69,1329.2,722.32,37
19,player,429,0,0,1269.48,587.62,1324.3,722.26,37
19,player,430,0,0,1264.58,587.56,1319.4,722.19,37
19,player,431,0,0,1259.68,587.5,1314.5,722.13,37
19,player,432,0,0,1254.78,587.43,1309.6,722.07,37
19,player,433,0,0,1249.88,587.37,1304.7,722.0,37
19,player,434,0,0,1244.98,587.3,1299.8,721.94,37
19,player,435,0,0,1240.08,587.24,1294.9,721.88,37
19,player,436,0,0,1235.18,587.18,1290.0,721.81,37
19,player,437,0,0,1230.28,587.11,1285.1,721.75,37
19,player,438,0,0,1225.38,587.05,1280.2,721.68,37
19,player,439,0,0,1220.48,586.99,1275.31,721.62,37
19,player,440,0,0,1215.58,586.92,1270.41,721.56,37
19,player,441,0,0,1210.68,586.86,1265.51,721.49,37
19,player,442,0,0,1205.78,586.8,1260.61,721.43,37
19,player,443,0,0,1200.88,586.73,1255.71,721.37,37
19,player,444,0,0,1195.98,586.67,1250.81,721.3,37
19,player,445,0,0,1191.08,586.6,1245.91,721.24,37
19,player,446,0,0,1186.18,586.54,1241.01,721.18,37
19,player,447,0,0,1181.29,586.48,1236.11,721.11,37
19,player,448,0,0,1176.39,586.41,1231.21,721.05,37
19,player,449,0,0,1171.49,586.35,1226.31,720.98,37
19,player,450,0,0,1166.59,586.29,1221.41,720.92,37
19,player,451,0,0,1161.69,586.22,1216.51,720.86,37
19,player,452,0,0,1156.79,586.16,1211.61,720.79,37
19,player,453,0,0,1151.89,586.1,1206.71,720.73,37
19,player,454,0,0,1146.99,586.03,1201.81,720.67,37
19,player,455,0,0,1142.09,585.97,1196.91,720.6,37
19,player,456,0,0,1137.19,585.9,1192.01,720.54,37
19,player,457,0,0,1132.29,585.84,1187.11,720.48,37
19,player,458,0,0,1127.39,585.78,1182.22,720.41,37
19,player,459,0,0,1122.49,585.71,1177.32,720.35,37
19,player,460,0,0,1117.59,585.65,1172.42,720.28,37
19,player,461,0,0,1112.69,585.59,1167.52,720.22,37
19,player,462,0,0,1107.79,585.52,1162.62,720.16,37
19,player,463,0,0,1110.45,585.04,1165.28,719.67,37
19,player,464,0,0,1113.11,584.56,1167.94,719.19,37
19,player,465,0,0,1115.77,584.07,1170.6,718.71,37
19,player,466,0,0,1118.43,583.59,1173.26,718.22,37
19,player,467,0,0,1121.09,583.1,1175.92,717.74,37
19,player,468,0,0,1123.75,582.62,1178.58,717.26,37
19,player,469,0,0,1126.41,582.14,1181.24,716.77,37
19,player,470,0,0,1129.07,581.65,1183.9,716.29,37
19,player,471,0,0,1131.73,581.17,1186.56,715.8,37
19,player,472,0,0,1134.39,580.69,1189.22,715.32,37
19,player,473,0,0,1137.05,580.2,1191.88,714.84,37
19,player,474,0,0,1139.71,579.72,1194.54,714.35,37
19,player,475,0,0,1142.37,579.24,1197.2,713.87,37
19,player,476,0,0,1145.03,578.75,1199.86,713.39,37
19,player,477,0,0,1147.69,578.27,1202.52,712.9,37
19,player,478,0,0,1150.35,577.78,1205.18,712.42,37
19,player,479,0,0,1153.01,577.3,1207.84,711.94,37
19,player,480,0,0,1155.67,576.82,1210.5,711.45,37
19,player,481,0,0,1158.33,576.33,1213.16,710.97,37
19,player,482,0,0,1160.99,575.85,1215.82,710.48,37
19,player,483,0,0,1163.65,575.37,1218.48,710.0,37
19,player,484,0,0,1166.31,574.88,1221.14,709.52,37
19,player,485,0,0,1168.97,574.4,1223.8,709.03,37
19,player,486,0,0,1171.63,573.92,1226.46,708.55,37
19,player,487,0,0,1174.29,573.43,1229.12,708.07,37
19,player,488,0,0,1176.95,572.95,1231.78,707.58,37
19,player,489,0,0,1179.61,572.46,1234.44,707.1,37
19,player,490,0,0,1182.27,571.98,1237.1,706.62,37
19,player,491,0,0,1184.93,571.5,1239.76,706.13,37
19,player,492,0,0,1187.59,571.01,1242.42,705.65,37
19,player,493,0,0,1190.25,570.53,1245.08,705.16,37
19,player,494,0,0,1192.91,570.05,1247.74,704.68,37
19,player,495,0,0,1195.57,569.56,1250.4,704.2,37
19,player,496,0,0,1198.23,569.08,1253.06,703.71,37
19,player,497,0,0,1200.89,568.6,1255.72,703.23,37
19,player,498,0,0,1203.55,568.11,1258.38,702.75,37
19,player,499,0,0,1206.21,567.63,1261.04,702.26,37
19,player,500,0,0,1208.87,567.14,1263.7,701.78,37
19,player,501,0,0,1211.53,566.66,1266.36,701.3,37
19,player,502,0,0,1217.03,565.88,1271.86,700.51,37
19,player,503,0,0,1222.53,565.09,1277.36,699.72,37
19,player,504,0,0,1228.03,564.3,1282.86,698.94,37
19,player,505,0,0,1233.54,563.52,1288.36,698.15,37
19,player,506,0,0,1238.93,563.52,1293.75,698.15,37
19,player,507,0,0,1244.31,563.52,1299.14,698.15,37
19,player,508,0,0,1249.7,563.52,1304.53,698.15,37
19,player,509,0,0,1255.09,563.52,1309.92,698.15,37
19,player,510,0,0,1260.48,563.52,1315.31,698.15,37
19,player,511,0,0,1265.87,563.52,1320.69,698.15,37
19,player,512,0,0,1271.26,563.52,1326.08,698.15,37
19,player,513,0,0,1276.14,564.6,1330.96,699.24,37
19,player,514,0,0,1281.01,565.69,1335.84,700.32,37
19,player,515,0,0,1285.89,566.77,1340.72,701.4,37
19,player,516,0,0,1290.77,567.85,1345.6,702.49,37
19,player,517,0,0,1295.65,568.94,1350.47,703.57,37
19,player,518,0,0,1300.53,570.02,1355.35,704.66,37
19,player,519,0,0,1305.4,571.11,1360.23,705.74,37
19,player,520,0,0,1310.28,572.19,1365.11,706.82,37
19,player,521,0,0,1315.16,573.27,1369.98,707.91,37
19,player,522,0,0,1320.04,574.36,1374.86,708.99,37
19,player,523,0,0,1324.92,575.44,1379.74,710.08,37
19,player,524,0,0,1329.79,576.53,1384.62,711.16,37
19,player,525,0,0,1334.67,577.61,1389.5,712.24,37
19,player,526,0,0,1339.55,578.69,1394.37,713.33,37
19,player,527,0,0,1344.43,579.78,1399.25,714.41,37
19,player,528,0,0,1349.31,580.86,1404.13,715.5,37
19,player,529,0,0,1354.18,581.95,1409.01,716.58,37
19,player,530,0,0,1359.06,583.03,1413.89,717.66,37
19,player,531,0,0,1363.94,584.11,1418.76,718.75,37
19,player,532,0,0,1368.82,585.2,1423.64,719.83,37
19,player,533,0,0,1373.7,586.28,1428.52,720.92,37
19,player,534,0,0,1378.57,587.37,1433.4,722.0,37
19,player,535,0,0,1383.45,588.45,1438.28,723.08,37
19,player,536,0,0,1388.33,589.53,1443.15,724.17,37
19,player,537,0,0,1393.21,590.62,1448.03,725.25,37
19,player,538,0,0,1398.09,591.7,1452.91,726.34,37
19,player,539,0,0,1402.96,592.79,1457.79,727.42,37
19,player,540,0,0,1407.84,593.87,1462.67,728.5,37
19,player,541,0,0,1412.72,594.95,1467.54,729.59,37
19,player,542,0,0,1414.24,596.2,1469.07,730.83,37
19,player,543,0,0,1415.76,597.44,1470.59,732.08,37
19,player,544,0,0,1417.29,598.69,1472.11,733.32,37
19,player,545,0,0,1418.81,599.93,1473.63,734.57,37
19,player,546,0,0,1420.33,601.18,1475.15,735.81,37
19,player,547,0,0,1421.85,602.42,1476.68,737.06,37
19,player,548,0,0,1423.37,603.67,1478.2,738.3,37
19,player,549,0,0,1424.89,604.91,1479.72,739.55,37
19,player,550,0,0,1426.42,606.16,1481.24,740.79,37
19,player,551,0,0,1427.94,607.4,1482.76,742.04,37
19,player,552,0,0,1429.46,608.65,1484.28,743.28,37
19,player,553,0,0,1430.98,609.89,1485.81,744.53,37
19,player,554,0,0,1432.5,611.14,1487.33,745.77,37
19,player,555,0,0,1434.03,612.38,1488.85,747.02,37
19,player,556,0,0,1435.55,613.63,1490.37,748.26,37
19,player,557,0,0,1437.07,614.88,1491.89,749.51,37
19,player,558,0,0,1438.59,616.12,1493.41,750.75,37
19,player,559,0,0,1440.11,617.37,1494.94,752.0,37
19,player,560,0,0,1441.63,618.61,1496.46,753.24,37
19,player,561,0,0,1443.16,619.86,1497.98,754.49,37
19,player,562,0,0,1444.68,621.1,1499.5,755.74,37
19,player,563,0,0,1446.2,622.35,1501.02,756.98,37
19,player,564,0,0,1447.72,623.59,1502.55,758.23,37
19,player,565,0,0,1449.24,624.84,1504.07,759.47,37
19,player,566,0,0,1450.82,626.41,1505.64,761.04,37
19,player,567,0,0,1452.39,627.98,1507.21,762.62,37
19,player,568,0,0,1453.96,629.55,1508.79,764.19,37
19,player,569,0,0,1455.53,631.13,1510.36,765.76,37
19,player,570,0,0,1457.11,632.7,1511.93,767.33,37
19,player,571,0,0,1458.68,634.27,1513.5,768.91,37
19,player,572,0,0,1460.25,635.85,1515.08,770.48,37
19,player,573,0,0,1461.83,637.42,1516.65,772.05,37
19,player,574,0,0,1463.4,638.99,1518.22,773.63,37
19,player,575,0,0,1464.97,640.56,1519.8,775.2,37
19,player,576,0,0,1466.54,642.14,1521.37,776.77,37
19,player,577,0,0,1468.12,643.71,1522.94,778.34,37
19,player,578,0,0,1469.69,645.28,1524.51,779.92,37
19,player,579,0,0,1471.26,646.85,1526.09,781.49,37
19,player,580,0,0,1472.83,648.43,1527.66,783.06,37
19,player,581,0,0,1474.41,650.0,1529.23,784.63,37
19,player,582,0,0,1475.98,651.57,1530.8,786.21,37
19,player,583,0,0,1477.55,653.15,1532.38,787.78,37
19,player,584,0,0,1479.13,654.72,1533.95,789.35,37
19,player,585,0,0,1484.86,656.83,1539.69,791.47,37
19,player,586,0,0,1490.6,658.94,1545.42,793.58,37
19,player,587,0,0,1496.33,661.06,1551.16,795.69,37
19,player,588,0,0,1502.07,663.17,1556.89,797.81,37
19,player,589,0,0,1507.8,665.28,1562.63,799.92,37
19,player,590,0,0,1513.54,667.4,1568.36,802.03,37
19,player,591,0,0,1519.27,669.51,1574.1,804.14,37
19,player,592,0,0,1525.01,671.62,1579.83,806.26,37
19,player,593,0,0,1530.74,673.74,1585.57,808.37,37
19,player,594,0,0,1536.48,675.85,1591.3,810.48,37
19,player,595,0,0,1542.21,677.96,1597.04,812.6,37
19,player,596,0,0,1547.75,678.7,1602.57,813.33,37
19,player,597,0,0,1553.28,679.44,1608.1,814.07,37
19,player,598,0,0,1558.81,680.17,1613.64,814.81,37
19,player,599,0,0,1564.35,680.91,1619.17,815.55,37
19,player,600,0,0,1569.88,681.65,1624.71,816.28,37
19,player,601,0,0,1575.42,682.39,1630.24,817.02,37
19,player,602,0,0,1580.95,683.13,1635.77,817.76,37
19,player,603,0,0,1586.48,683.86,1641.31,818.5,37
19,player,604,0,0,1592.02,684.6,1646.84,819.24,37
19,player,605,0,0,1596.5,685.88,1653.88,820.52,37
19,player,606,0,0,1600.98,687.16,1660.92,821.8,37
19,player,607,0,0,1605.46,688.44,1667.97,823.08,37
19,player,608,0,0,1609.94,689.72,1675.01,824.36,37
19,player,609,0,0,1614.43,691.0,1682.05,825.64,37
19,player,610,0,0,1618.91,692.29,1689.09,826.92,37
19,player,611,0,0,1624.4,692.56,1694.58,827.19,37
19,player,612,0,0,1629.88,692.83,1700.07,827.47,37
19,player,613,0,0,1635.37,693.11,1705.56,827.74,37
19,player,614,0,0,1640.86,693.38,1711.04,828.02,37
19,player,615,0,0,1646.35,693.66,1716.53,828.29,37
19,player,616,0,0,1651.84,693.93,1722.02,828.57,37
19,player,617,0,0,1657.32,694.21,1727.51,828.84,37
19,player,618,0,0,1662.81,694.48,1733.0,829.12,37
19,player,619,0,0,1668.3,694.75,1738.48,829.39,37
19,player,620,0,0,1673.79,695.03,1743.97,829.66,37
19,player,621,0,0,1679.28,695.3,1749.46,829.94,37
19,player,622,0,0,1684.77,695.58,1754.95,830.21,37
19,player,623,0,0,1690.25,695.85,1760.44,830.49,37
19,player,624,0,0,1695.74,696.13,1765.92,830.76,37
19,player,625,0,0,1699.3,696.13,1769.01,830.76,37
19,player,626,0,0,1702.85,696.13,1772.09,830.76,37
19,player,627,0,0,1706.41,696.13,1775.17,830.76,37
19,player,628,0,0,1709.96,696.13,1778.25,830.76,37
19,player,629,0,0,1713.52,696.13,1781.33,830.76,37
19,player,630,0,0,1717.08,696.13,1784.41,830.76,37
19,player,631,0,0,1720.63,696.13,1787.5,830.76,37
19,player,632,0,0,1724.19,696.13,1790.58,830.76,37
19,player,633,0,0,1727.74,696.13,1793.66,830.76,37
19,player,634,0,0,1731.3,696.13,1796.74,830.76,37
19,player,635,0,0,1734.86,696.13,1799.82,830.76,37
19,player,636,0,0,1738.41,696.13,1802.9,830.76,37
19,player,637,0,0,1741.97,696.13,1805.98,830.76,37
19,player,638,0,0,1745.52,696.13,1809.07,830.76,37
19,player,639,0,0,1749.08,696.13,1812.15,830.76,37
19,player,640,0,0,1752.63,696.13,1815.23,830.76,37
19,player,641,0,0,1756.19,696.13,1818.31,830.76,37
19,player,642,0,0,1759.75,696.13,1821.39,830.76,37
19,player,643,0,0,1763.3,696.13,1824.47,830.76,37
19,player,644,0,0,1766.86,696.13,1827.55,830.76,37
19,player,645,0,0,1770.41,696.13,1830.64,830.76,37
19,player,646,0,0,1773.97,696.13,1833.72,830.76,37
19,player,647,0,0,1777.52,696.13,1836.8,830.76,37
19,player,648,0,0,1781.08,696.13,1839.88,830.76,37
19,player,649,0,0,1784.64,696.13,1842.96,830.76,37
19,player,650,0,0,1788.19,696.13,1846.04,830.76,37
19,player,651,0,0,1791.75,696.13,1849.13,830.76,37
19,player,652,0,0,1795.3,696.13,1852.21,830.76,37
19,player,653,0,0,1798.86,696.13,1855.29,830.76,37
19,player,654,0,0,1802.42,696.13,1858.37,830.76,37
19,player,655,0,0,1805.97,696.13,1861.45,830.76,37
19,player,656,0,0,1809.53,696.13,1864.53,830.76,37
19,player,657,0,0,1813.08,696.13,1867.61,830.76,37
19,player,658,0,0,1816.64,696.13,1870.7,830.76,37
19,player,659,0,0,1820.19,696.13,1873.78,830.76,37
19,player,660,0,0,1823.75,696.13,1876.86,830.76,37
19,player,661,0,0,1827.31,696.13,1879.94,830.76,37
19,player,662,0,0,1830.86,696.13,1883.02,830.76,37
19,player,663,0,0,1834.42,696.13,1886.1,830.76,37
19,player,664,0,0,1837.97,696.13,1889.18,830.76,37
19,player,665,0,0,1841.53,696.13,1892.27,830.76,37
19,player,666,0,0,1845.08,696.13,1895.35,830.76,37
19,player,667,0,0,1848.64,696.13,1898.43,830.76,37
19,player,668,0,0,1852.2,696.13,1901.51,830.76,37
19,player,669,0,0,1855.75,696.13,1904.59,830.76,37
19,player,670,0,0,1859.31,696.13,1907.67,830.76,37
19,player,671,0,0,1862.86,696.13,1910.76,830.76,37
19,player,672,0,0,1866.42,696.13,1913.84,830.76,37
19,player,673,0,0,1869.98,696.13,1916.92,830.76,37
19,player,674,0,0,1873.53,696.13,1920.0,830.76,37
19,player,675,0,0,1873.53,697.28,1920.0,831.91,37
19,player,676,0,0,1873.53,698.43,1920.0,833.07,37
19,player,677,0,0,1873.53,699.58,1920.0,834.22,37
19,player,678,0,0,1873.53,700.74,1920.0,835.37,37
19,player,679,0,0,1873.53,701.89,1920.0,836.52,37
19,player,680,0,0,1873.53,703.04,1920.0,837.68,37
19,player,681,0,0,1873.53,704.19,1920.0,838.83,37
19,player,682,0,0,1873.53,705.35,1920.0,839.98,37
19,player,683,0,0,1873.53,706.5,1920.0,841.13,37
19,player,684,0,0,1873.53,707.65,1920.0,842.28,37
19,player,685,0,0,1873.53,708.8,1920.0,843.44,37
19,player,686,0,0,1868.18,709.08,1916.06,843.72,37
19,player,687,0,0,1862.83,709.37,1912.11,844.0,37
19,player,688,0,0,1857.47,709.65,1908.17,844.28,37
19,player,689,0,0,1852.12,709.93,1904.22,844.56,37
19,player,690,0,0,1846.77,710.21,1900.28,844.85,37
19,player,691,0,0,1841.42,710.49,1896.33,845.13,37
19,player,692,0,0,1836.07,710.77,1892.39,845.41,37
19,player,693,0,0,1830.71,711.06,1888.44,845.69,37
19,player,694,0,0,1825.36,711.34,1884.5,845.97,37
19,player,695,0,0,1815.54,711.34,1874.68,845.97,37
19,player,696,0,0,1805.71,711.34,1864.85,845.97,37
19,player,697,0,0,1795.89,711.34,1855.03,845.97,37
19,player,698,0,0,1786.07,711.34,1845.2,845.97,37
19,player,699,0,0,1776.24,711.34,1835.38,845.97,37
19,player,700,0,0,1766.42,711.34,1825.56,845.97,37
19,player,701,0,0,1756.59,711.34,1815.73,845.97,37
19,player,702,0,0,1746.77,711.34,1805.91,845.97,37
19,player,703,0,0,1738.42,712.23,1797.56,846.87,37
19,player,704,0,0,1730.07,713.13,1789.21,847.76,37
19,player,705,0,0,1721.72,714.02,1780.85,848.66,37
19,player,706,0,0,1713.37,714.92,1772.5,849.55,37
19,player,707,0,0,1705.01,715.81,1764.15,850.45,37
19,player,708,0,0,1696.66,716.71,1755.8,851.34,37
19,player,709,0,0,1688.31,717.6,1747.45,852.24,37
19,player,710,0,0,1679.96,718.5,1739.1,853.13,37
19,player,711,0,0,1671.61,719.39,1730.75,854.03,37
19,player,712,0,0,1663.26,720.29,1722.39,854.92,37
19,player,713,0,0,1654.91,721.18,1714.04,855.82,37
19,player,714,0,0,1646.55,722.08,1705.69,856.71,37
19,player,715,0,0,1638.2,722.97,1697.34,857.61,37
19,player,716,0,0,1629.85,723.87,1688.99,858.5,37
19,player,717,0,0,1621.5,724.76,1680.64,859.39,37
19,player,718,0,0,1613.15,725.65,1672.29,860.29,37
19,player,719,0,0,1604.8,726.55,1663.94,861.18,37
19,player,720,0,0,1597.57,728.0,1656.7,862.63,37
19,player,721,0,0,1590.33,729.44,1649.47,864.08,37
19,player,722,0,0,1583.1,730.89,1642.24,865.52,37
19,player,723,0,0,1575.87,732.33,1635.01,866.97,37
19,player,724,0,0,1568.64,733.78,1627.78,868.42,37
19,player,725,0,0,1561.41,735.23,1620.55,869.86,37
19,player,726,0,0,1554.18,736.67,1613.32,871.31,37
19,player,727,0,0,1546.95,738.12,1606.08,872.75,37
19,player,728,0,0,1539.71,739.57,1598.85,874.2,37
19,player,729,0,0,1532.48,741.01,1591.62,875.65,37
19,player,730,0,0,1525.25,742.46,1584.39,877.09,37
19,player,731,0,0,1518.02,743.91,1577.16,878.54,37
19,player,732,0,0,1510.79,745.35,1569.93,879.99,37
19,player,733,0,0,1503.56,746.8,1562.7,881.43,37
19,player,734,0,0,1496.33,748.24,1555.46,882.88,37
19,player,735,0,0,1489.09,749.69,1548.23,884.33,37
19,player,736,0,0,1487.11,749.69,1546.25,884.33,37
19,player,737,0,0,1485.13,749.69,1544.27,884.33,37
19,player,738,0,0,1483.14,749.69,1542.28,884.33,37
19,player,739,0,0,1481.16,749.69,1540.3,884.33,37
19,player,740,0,0,1479.18,749.69,1538.31,884.33,37
19,player,741,0,0,1480.08,751.19,1539.81,885.83,37
19,player,742,0,0,1480.98,752.7,1541.32,887.33,37
19,player,743,0,0,1481.88,754.2,1542.82,888.83,37
19,player,744,0,0,1482.78,755.7,1544.32,890.34,37
19,player,745,0,0,1483.68,757.2,1545.82,891.84,37
19,player,746,0,0,1484.59,758.71,1547.32,893.34,37
19,player,747,0,0,1485.49,760.21,1548.82,894.84,37
19,player,748,0,0,1486.39,761.71,1550.32,896.35,37
19,player,749,0,0,1487.29,763.21,1551.82,897.85,37
19,player,750,0,0,1488.19,764.72,1553.32,899.35,37
19,player,751,0,0,1489.09,766.22,1554.82,900.85,37
19,player,752,0,0,1493.0,765.32,1558.72,899.95,37
19,player,753,0,0,1496.91,764.42,1562.63,899.05,37
19,player,754,0,0,1500.82,763.51,1566.54,898.15,37
19,player,755,0,0,1504.72,762.61,1570.45,897.25,37
19,player,756,0,0,1508.63,761.71,1574.35,896.35,37
19,player,757,0,0,1512.54,760.81,1578.26,895.44,37
19,player,758,0,0,1516.44,759.91,1582.17,894.54,37
19,player,759,0,0,1520.35,759.01,1586.07,893.64,37
19,player,760,0,0,1524.26,758.1,1589.98,892.74,37
19,player,761,0,0,1528.16,757.2,1593.89,891.84,37
19,player,762,0,0,1532.07,756.3,1597.79,890.94,37
19,player,763,0,0,1540.72,756.2,1606.45,890.84,37
19,player,764,0,0,1549.38,756.11,1615.1,890.74,37
19,player,765,0,0,1558.03,756.01,1623.75,890.64,37
19,player,766,0,0,1566.68,755.91,1632.41,890.55,37
19,player,767,0,0,1575.34,755.81,1641.06,890.45,37
19,player,768,0,0,1583.99,755.72,1649.71,890.35,37
19,player,769,0,0,1592.64,755.62,1658.37,890.25,37
19,player,770,0,0,1601.3,755.52,1667.02,890.16,37
19,player,771,0,0,1609.95,755.43,1675.67,890.06,37
19,player,772,0,0,1618.6,755.33,1684.33,889.96,37
19,player,773,0,0,1627.26,755.23,1692.98,889.87,37
19,player,774,0,0,1635.91,755.13,1701.63,889.77,37
19,player,775,0,0,1644.56,755.04,1710.29,889.67,37
19,player,776,0,0,1653.22,754.94,1718.94,889.57,37
19,player,777,0,0,1661.87,754.84,1727.59,889.48,37
19,player,778,0,0,1670.52,754.74,1736.25,889.38,37
19,player,779,0,0,1679.18,754.65,1744.9,889.28,37
19,player,780,0,0,1687.83,754.55,1753.55,889.18,37
19,player,781,0,0,1696.49,754.45,1762.21,889.09,37
19,player,782,0,0,1705.14,754.36,1770.86,888.99,37
19,player,783,0,0,1713.79,754.26,1779.52,888.89,37
19,player,784,0,0,1722.45,754.16,1788.17,888.8,37
19,player,785,0,0,1731.1,754.06,1796.82,888.7,37
19,player,786,0,0,1739.75,753.97,1805.48,888.6,37
19,player,787,0,0,1748.41,753.87,1814.13,888.5,37
19,player,788,0,0,1757.06,753.77,1822.78,888.41,37
19,player,789,0,0,1765.71,753.67,1831.44,888.31,37
19,player,790,0,0,1774.37,753.58,1840.09,888.21,37
19,player,791,0,0,1783.02,753.48,1848.74,888.11,37
19,player,792,0,0,1791.67,753.38,1857.4,888.02,37
19,player,793,0,0,1800.33,753.29,1866.05,887.92,37
19,player,794,0,0,1808.98,753.19,1874.7,887.82,37
19,player,795,0,0,1817.63,753.09,1883.36,887.73,37
19,player,796,0,0,1826.29,752.99,1892.01,887.63,37
19,player,797,0,0,1826.29,752.99,1892.01,887.63,37
19,player,798,0,0,1826.29,752.99,1892.01,887.63,37
19,player,799,0,0,1826.29,752.99,1892.01,887.63,37
19,player,800,0,0,1826.29,752.99,1892.01,887.63,37
19,player,801,0,0,1826.29,752.99,1892.01,887.63,37
19,player,802,0,0,1826.29,752.99,1892.01,887.63,37
19,player,803,0,0,1826.29,752.99,1892.01,887.63,37
19,player,804,0,0,1826.29,752.99,1892.01,887.63,37
19,player,805,0,0,1826.29,752.99,1892.01,887.63,37
19,player,806,0,0,1826.29,752.99,1892.01,887.63,37
19,player,807,0,0,1826.29,752.99,1892.01,887.63,37
19,player,808,1,0,1826.29,752.99,1892.01,887.63,37
20,player,420,0,0,1408.94,279.9,1472.0,391.69,-1
20,player,421,0,0,1397.94,280.87,1461.0,392.22,-1
20,player,422,0,0,1386.94,281.85,1449.99,392.74,-1
20,player,423,0,0,1375.93,282.82,1438.99,393.26,-1
20,player,424,0,0,1364.93,283.79,1427.99,393.79,-1
20,player,425,0,0,1353.93,284.76,1416.99,394.31,-1
20,player,426,0,0,1342.92,285.74,1405.98,394.84,-1
20,player,427,0,0,1331.92,286.71,1394.98,395.36,-1
20,player,428,0,0,1320.92,287.68,1383.98,395.88,-1
20,player,429,0,0,1309.91,288.66,1372.98,396.41,-1
20,player,430,0,0,1298.91,289.63,1361.97,396.93,-1
20,player,431,0,0,1287.91,290.6,1350.97,397.46,-1
20,player,432,0,0,1276.9,291.58,1339.97,397.98,-1
20,player,433,0,0,1265.9,292.55,1328.97,398.5,-1
20,player,434,0,0,1254.9,293.52,1317.96,399.03,-1
20,player,435,0,0,1243.89,294.49,1306.96,399.55,-1
20,player,436,0,0,1232.89,295.47,1295.96,400.08,-1
20,player,437,0,0,1221.89,296.44,1284.96,400.6,-1
20,player,438,0,0,1210.88,297.41,1273.95,401.12,-1
20,player,439,0,0,1199.88,298.39,1262.95,401.65,-1
20,player,440,0,0,1188.88,299.36,1251.95,402.17,-1
20,player,441,0,0,1177.87,300.33,1240.95,402.7,-1
20,player,442,0,0,1166.87,301.31,1229.94,403.22,-1
20,player,443,0,0,1155.86,302.28,1218.94,403.74,-1
20,player,444,0,0,1144.86,303.25,1207.94,404.27,-1
20,player,445,0,0,1133.86,304.22,1196.94,404.79,-1
20,player,446,0,0,1122.85,305.2,1185.93,405.32,-1
20,player,447,0,0,1111.85,306.17,1174.93,405.84,-1
20,player,448,0,0,1100.85,307.14,1163.93,406.36,-1
20,player,449,0,0,1089.84,308.12,1152.93,406.89,-1
20,player,450,0,0,1078.84,309.09,1141.92,407.41,-1
20,player,451,0,0,1067.84,310.06,1130.92,407.94,-1
20,player,452,0,0,1056.83,311.04,1119.92,408.46,-1
20,player,453,0,0,1045.83,312.01,1108.92,408.98,-1
20,player,454,0,0,1034.83,312.98,1097.91,409.51,-1
20,player,455,0,0,1023.82,313.95,1086.91,410.03,-1
20,player,456,0,0,1012.82,314.93,1075.91,410.56,-1
20,player,457,0,0,1001.82,315.9,1064.91,411.08,-1
20,player,458,0,0,990.81,316.87,1053.9,411.6,-1
20,player,459,0,0,979.81,317.85,1042.9,412.13,-1
20,player,460,0,0,968.81,318.82,1031.9,412.65,-1
20,player,461,0,0,957.8,319.79,1020.9,413.18,-1
20,player,462,0,0,946.8,320.77,1009.89,413.7,-1
20,player,463,0,0,947.04,321.57,1010.14,414.51,-1
20,player,464,0,0,947.28,322.38,1010.38,415.31,-1
20,player,465,0,0,947.53,323.18,1010.62,416.12,-1
20,player,466,0,0,947.77,323.99,1010.86,416.92,-1
20,player,467,0,0,948.01,324.8,1011.1,417.73,-1
20,player,468,0,0,948.25,325.6,1011.35,418.54,-1
20,player,469,0,0,948.49,326.41,1011.59,419.34,-1
20,player,470,0,0,948.73,327.21,1011.83,420.15,-1
20,player,471,0,0,948.98,328.02,1012.07,420.95,-1
20,player,472,0,0,949.22,328.83,1012.31,421.76,-1
20,player,473,0,0,949.46,329.63,1012.55,422.57,-1
20,player,474,0,0,949.7,330.44,1012.8,423.37,-1
20,player,475,0,0,949.94,331.24,1013.04,424.18,-1
20,player,476,0,0,950.19,332.05,1013.28,424.98,-1
20,player,477,0,0,950.43,332.86,1013.52,425.79,-1
20,player,478,0,0,950.67,333.66,1013.76,426.6,-1
20,player,479,0,0,950.91,334.47,1014.01,427.4,-1
20,player,480,0,0,951.15,335.27,1014.25,428.21,-1
20,player,481,0,0,951.39,336.08,1014.49,429.01,-1
20,player,482,0,0,951.64,336.89,1014.73,429.82,-1
20,player,483,0,0,951.88,337.69,1014.97,430.63,-1
20,player,484,0,0,952.12,338.5,1015.21,431.43,-1
20,player,485,0,0,952.36,339.3,1015.46,432.24,-1
20,player,486,0,0,952.6,340.11,1015.7,433.04,-1
20,player,487,0,0,952.85,340.92,1015.94,433.85,-1
20,player,488,0,0,953.09,341.72,1016.18,434.66,-1
20,player,489,0,0,953.33,342.53,1016.42,435.46,-1
20,player,490,0,0,953.57,343.33,1016.67,436.27,-1
20,player,491,0,0,953.81,344.14,1016.91,437.08,-1
20,player,492,0,0,954.05,344.95,1017.15,437.88,-1
20,player,493,0,0,954.3,345.75,1017.39,438.69,-1
20,player,494,0,0,954.54,346.56,1017.63,439.49,-1
20,player,495,0,0,954.78,347.36,1017.87,440.3,-1
20,player,496,0,0,955.02,348.17,1018.12,441.11,-1
20,player,497,0,0,955.26,348.98,1018.36,441.91,-1
20,player,498,0,0,955.51,349.78,1018.6,442.72,-1
20,player,499,0,0,955.75,350.59,1018.84,443.52,-1
20,player,500,0,0,955.99,351.4,1019.08,444.33,-1
20,player,501,0,0,956.23,352.2,1019.32,445.14,-1
20,player,502,0,0,959.37,353.77,1022.47,446.71,-1
20,player,503,0,0,962.52,355.34,1025.61,448.28,-1
20,player,504,0,0,965.66,356.92,1028.76,449.85,-1
20,player,505,0,0,968.8,358.49,1031.9,451.42,-1
20,player,506,0,0,971.95,360.06,1035.04,452.99,-1
20,player,507,0,0,975.09,361.63,1038.19,454.57,-1
20,player,508,0,0,978.24,361.63,1041.33,454.57,-1
20,player,509,0,0,981.38,361.63,1044.47,454.57,-1
20,player,510,0,0,984.52,361.63,1047.62,454.57,-1
20,player,511,0,0,987.67,361.63,1050.76,454.57,-1
20,player,512,0,0,990.81,361.63,1053.91,454.57,-1
20,player,513,0,0,996.88,361.74,1059.98,454.67,-1
20,player,514,0,0,1002.95,361.85,1066.05,454.78,-1
20,player,515,0,0,1009.02,361.96,1072.12,454.89,-1
20,player,516,0,0,1015.09,362.07,1078.19,455.0,-1
20,player,517,0,0,1021.16,362.17,1084.26,455.11,-1
20,player,518,0,0,1027.23,362.28,1090.33,455.22,-1
20,player,519,0,0,1033.3,362.39,1096.4,455.33,-1
20,player,520,0,0,1039.37,362.5,1102.47,455.43,-1
20,player,521,0,0,1045.44,362.61,1108.54,455.54,-1
20,player,522,0,0,1051.51,362.72,1114.61,455.65,-1
20,player,523,0,0,1057.58,362.82,1120.68,455.76,-1
20,player,524,0,0,1063.65,362.93,1126.75,455.87,-1
20,player,525,0,0,1069.73,363.04,1132.82,455.98,-1
20,player,526,0,0,1075.8,363.15,1138.89,456.08,-1
20,player,527,0,0,1081.87,363.26,1144.96,456.19,-1
20,player,528,0,0,1087.94,363.37,1151.03,456.3,-1
20,player,529,0,0,1094.01,363.47,1157.1,456.41,-1
20,player,530,0,0,1100.08,363.58,1163.17,456.52,-1
20,player,531,0,0,1106.15,363.69,1169.24,456.63,-1
20,player,532,0,0,1112.22,363.8,1175.31,456.73,-1
20,player,533,0,0,1118.29,363.91,1181.38,456.84,-1
20,player,534,0,0,1124.36,364.02,1187.45,456.95,-1
20,player,535,0,0,1130.43,364.12,1193.52,457.06,-1
20,player,536,0,0,1136.5,364.23,1199.59,457.17,-1
20,player,537,0,0,1142.57,364.34,1205.66,457.28,-1
20,player,538,0,0,1148.64,364.45,1211.73,457.38,-1
20,player,539,0,0,1154.71,364.56,1217.8,457.49,-1
20,player,540,0,0,1160.78,364.67,1223.87,457.6,-1
20,player,541,0,0,1166.85,364.78,1229.95,457.71,-1
20,player,542,0,0,1172.38,365.33,1235.48,458.26,-1
20,player,543,0,0,1177.92,365.88,1241.01,458.82,-1
20,player,544,0,0,1183.45,366.44,1246.55,459.37,-1
20,player,545,0,0,1188.99,366.99,1252.08,459.92,-1
20,player,546,0,0,1194.52,367.54,1257.61,460.48,-1
20,player,547,0,0,1200.05,368.1,1263.15,461.03,-1
20,player,548,0,0,1205.59,368.65,1268.68,461.58,-1
20,player,549,0,0,1211.12,369.2,1274.22,462.14,-1
20,player,550,0,0,1216.65,369.76,1279.75,462.69,-1
20,player,551,0,0,1222.19,370.31,1285.28,463.24,-1
20,player,552,0,0,1227.72,370.86,1290.82,463.8,-1
20,player,553,0,0,1233.26,371.42,1296.35,464.35,-1
20,player,554,0,0,1238.79,371.97,1301.88,464.9,-1
20,player,555,0,0,1244.32,372.52,1307.42,465.46,-1
20,player,556,0,0,1249.86,373.08,1312.95,466.01,-1
20,player,557,0,0,1255.39,373.63,1318.49,466.56,-1
20,player,558,0,0,1260.93,374.18,1324.02,467.12,-1
20,player,559,0,0,1266.46,374.74,1329.55,467.67,-1
20,player,560,0,0,1271.99,375.29,1335.09,468.22,-1
20,player,561,0,0,1277.53,375.84,1340.62,468.78,-1
20,player,562,0,0,1283.06,376.4,1346.16,469.33,-1
20,player,563,0,0,1288.59,376.95,1351.69,469.88,-1
20,player,564,0,0,1294.13,377.5,1357.22,470.44,-1
20,player,565,0,0,1299.66,378.06,1362.76,470.99,-1
20,player,566,0,0,1304.38,378.06,1367.47,470.99,-1
20,player,567,0,0,1309.1,378.06,1372.19,470.99,-1
20,player,568,0,0,1313.82,378.06,1376.91,470.99,-1
20,player,569,0,0,1318.54,378.06,1381.63,470.99,-1
20,player,570,0,0,1323.25,378.06,1386.35,470.99,-1
20,player,571,0,0,1327.97,378.06,1391.07,470.99,-1
20,player,572,0,0,1332.69,378.06,1395.79,470.99,-1
20,player,573,0,0,1337.41,378.06,1400.5,470.99,-1
20,player,574,0,0,1342.13,378.06,1405.22,470.99,-1
20,player,575,0,0,1346.85,378.06,1409.94,470.99,-1
20,player,576,0,0,1351.56,378.06,1414.66,470.99,-1
20,player,577,0,0,1356.28,378.06,1419.38,470.99,-1
20,player,578,0,0,1361.0,378.06,1424.1,470.99,-1
20,player,579,0,0,1365.72,378.06,1428.81,470.99,-1
20,player,580,0,0,1370.44,378.06,1433.53,470.99,-1
20,player,581,0,0,1375.16,378.06,1438.25,470.99,-1
20,player,582,0,0,1379.87,378.06,1442.97,470.99,-1
20,player,583,0,0,1384.59,378.06,1447.69,470.99,-1
20,player,584,0,0,1389.31,378.06,1452.41,470.99,-1
20,player,585,0,0,1392.93,378.66,1456.03,471.59,-1
20,player,586,0,0,1396.55,379.26,1459.65,472.2,-1
20,player,587,0,0,1400.18,379.87,1463.27,472.8,-1
20,player,588,0,0,1403.8,380.47,1466.89,473.41,-1
20,player,589,0,0,1407.42,381.08,1470.52,474.01,-1
20,player,590,0,0,1411.04,381.68,1474.14,474.61,-1
20,player,591,0,0,1414.67,382.28,1477.76,475.22,-1
20,player,592,0,0,1418.29,382.89,1481.38,475.82,-1
20,player,593,0,0,1421.91,383.49,1485.0,476.42,-1
20,player,594,0,0,1425.53,384.09,1488.63,477.03,-1
20,player,595,0,0,1429.15,384.7,1492.25,477.63,-1
20,player,596,0,0,1432.57,384.7,1495.66,477.63,-1
20,player,597,0,0,1435.98,384.7,1499.08,477.63,-1
20,player,598,0,0,1439.4,384.7,1502.49,477.63,-1
20,player,599,0,0,1442.81,384.7,1505.91,477.63,-1
20,player,600,0,0,1446.23,384.7,1509.32,477.63,-1
20,player,601,0,0,1449.64,384.7,1512.74,477.63,-1
20,player,602,0,0,1453.06,384.7,1516.15,477.63,-1
20,player,603,0,0,1456.47,384.7,1519.57,477.63,-1
20,player,604,0,0,1459.89,384.7,1522.98,477.63,-1
20,player,605,0,0,1461.17,384.7,1524.26,477.63,-1
20,player,606,0,0,1462.45,384.7,1525.54,477.63,-1
20,player,607,0,0,1463.73,384.7,1526.82,477.63,-1
20,player,608,0,0,1465.01,384.7,1528.1,477.63,-1
20,player,609,0,0,1466.29,384.7,1529.39,477.63,-1
20,player,610,0,0,1467.57,384.7,1530.67,477.63,-1
20,player,611,0,0,1468.86,384.91,1531.96,477.85,-1
20,player,612,0,0,1470.15,385.13,1533.25,478.06,-1
20,player,613,0,0,1471.45,385.34,1534.54,478.28,-1
20,player,614,0,0,1472.74,385.56,1535.83,478.49,-1
20,player,615,0,0,1474.03,385.77,1537.12,478.71,-1
20,player,616,0,0,1475.32,385.99,1538.41,478.92,-1
20,player,617,0,0,1476.61,386.2,1539.71,479.14,-1
20,player,618,0,0,1477.9,386.42,1541.0,479.35,-1
20,player,619,0,0,1479.19,386.63,1542.29,479.57,-1
20,player,620,0,0,1480.49,386.85,1543.58,479.78,-1
20,player,621,0,0,1481.78,387.06,1544.87,480.0,-1
20,player,622,0,0,1483.07,387.28,1546.16,480.21,-1
20,player,623,0,0,1484.36,387.49,1547.45,480.43,-1
20,player,624,0,0,1485.65,387.71,1548.75,480.64,-1
20,player,625,0,0,1489.19,388.03,1552.29,481.28,-1
20,player,626,0,0,1492.74,388.34,1555.83,481.91,-1
20,player,627,0,0,1496.28,388.66,1559.37,482.54,-1
20,player,628,0,0,1499.82,388.98,1562.91,483.18,-1
20,player,629,0,0,1503.36,389.29,1566.46,483.81,-1
20,player,630,0,0,1506.9,389.61,1570.0,484.44,-1
20,player,631,0,0,1510.45,389.92,1573.54,485.08,-1
20,player,632,0,0,1513.99,390.24,1577.08,485.71,-1
20,player,633,0,0,1517.53,390.56,1580.63,486.34,-1
20,player,634,0,0,1521.07,390.87,1584.17,486.98,-1
20,player,635,0,0,1524.62,391.19,1587.71,487.61,-1
20,player,636,0,0,1528.16,391.51,1591.25,488.24,-1
20,player,637,0,0,1531.7,391.82,1594.79,488.87,-1
20,player,638,0,0,1535.24,392.14,1598.34,489.51,-1
20,player,639,0,0,1538.78,392.45,1601.88,490.14,-1
20,player,640,0,0,1542.33,392.77,1605.42,490.77,-1
20,player,641,0,0,1545.87,393.09,1608.96,491.41,-1
20,player,642,0,0,1549.41,393.4,1612.5,492.04,-1
20,player,643,0,0,1552.95,393.72,1616.05,492.67,-1
20,player,644,0,0,1556.49,394.04,1619.59,493.31,-1
20,player,645,0,0,1560.04,394.35,1623.13,493.94,-1
20,player,646,0,0,1563.58,394.67,1626.67,494.57,-1
20,player,647,0,0,1567.12,394.98,1630.22,495.21,-1
20,player,648,0,0,1570.66,395.3,1633.76,495.84,-1
20,player,649,0,0,1574.21,395.62,1637.3,496.47,-1
20,player,650,0,0,1577.75,395.93,1640.84,497.11,-1
20,player,651,0,0,1581.29,396.25,1644.38,497.74,-1
20,player,652,0,0,1584.83,396.57,1647.93,498.37,-1
20,player,653,0,0,1588.37,396.88,1651.47,499.0,-1
20,player,654,0,0,1591.92,397.2,1655.01,499.64,-1
20,player,655,0,0,1595.46,397.51,1658.55,500.27,-1
20,player,656,0,0,1599.0,397.83,1662.09,500.9,-1
20,player,657,0,0,1602.54,398.15,1665.64,501.54,-1
20,player,658,0,0,1606.08,398.46,1669.18,502.17,-1
20,player,659,0,0,1609.63,398.78,1672.72,502.8,-1
20,player,660,0,0,1613.17,399.1,1676.26,503.44,-1
20,player,661,0,0,1616.71,399.41,1679.81,504.07,-1
20,player,662,0,0,1620.25,399.73,1683.35,504.7,-1
20,player,663,0,0,1623.8,400.04,1686.89,505.34,-1
20,player,664,0,0,1627.34,400.36,1690.43,505.97,-1
20,player,665,0,0,1630.88,400.68,1693.97,506.6,-1
20,player,666,0,0,1634.42,400.99,1697.52,507.24,-1
20,player,667,0,0,1637.96,401.31,1701.06,507.87,-1
20,player,668,0,0,1641.51,401.63,1704.6,508.5,-1
20,player,669,0,0,1645.05,401.94,1708.14,509.13,-1
20,player,670,0,0,1648.59,402.26,1711.68,509.77,-1
20,player,671,0,0,1652.13,402.57,1715.23,510.4,-1
20,player,672,0,0,1655.67,402.89,1718.77,511.03,-1
20,player,673,0,0,1659.22,403.21,1722.31,511.67,-1
20,player,674,0,0,1662.76,403.52,1725.85,512.3,-1
20,player,675,0,0,1669.21,403.52,1732.31,512.3,-1
20,player,676,0,0,1675.67,403.52,1738.76,512.3,-1
20,player,677,0,0,1682.12,403.52,1745.21,512.3,-1
20,player,678,0,0,1688.57,403.52,1751.67,512.3,-1
20,player,679,0,0,1695.03,403.52,1758.12,512.3,-1
20,player,680,0,0,1701.48,403.52,1764.57,512.3,-1
20,player,681,0,0,1707.93,403.52,1771.03,512.3,-1
20,player,682,0,0,1714.39,403.52,1777.48,512.3,-1
20,player,683,0,0,1720.84,403.52,1783.93,512.3,-1
20,player,684,0,0,1727.29,403.52,1790.39,512.3,-1
20,player,685,0,0,1733.75,403.52,1796.84,512.3,-1
20,player,686,0,0,1737.41,403.52,1800.5,512.3,-1
20,player,687,0,0,1741.07,403.52,1804.16,512.3,-1
20,player,688,0,0,1744.73,403.52,1807.83,512.3,-1
20,player,689,0,0,1748.39,403.52,1811.49,512.3,-1
20,player,690,0,0,1752.05,403.52,1815.15,512.3,-1
20,player,691,0,0,1755.72,403.52,1818.81,512.3,-1
20,player,692,0,0,1759.38,403.52,1822.47,512.3,-1
20,player,693,0,0,1763.04,403.52,1826.13,512.3,-1
20,player,694,0,0,1766.7,403.52,1829.8,512.3,-1
20,player,695,0,0,1769.35,404.05,1832.44,512.83,-1
20,player,696,0,0,1771.99,404.58,1835.09,513.36,-1
20,player,697,0,0,1774.64,405.11,1837.73,513.89,-1
20,player,698,0,0,1777.28,405.64,1840.38,514.42,-1
20,player,699,0,0,1779.93,406.17,1843.02,514.94,-1
20,player,700,0,0,1782.57,406.7,1845.66,515.47,-1
20,player,701,0,0,1785.21,407.23,1848.31,516.0,-1
20,player,702,0,0,1787.86,407.75,1850.95,516.53,-1
20,player,703,0,0,1790.5,408.28,1853.6,517.06,-1
20,player,704,0,0,1793.15,408.81,1856.24,517.59,-1
20,player,705,0,0,1795.79,409.34,1858.89,518.12,-1
20,player,706,0,0,1798.44,409.87,1861.53,518.65,-1
20,player,707,0,0,1801.08,410.4,1864.18,519.18,-1
20,player,708,0,0,1803.73,410.93,1866.82,519.7,-1
20,player,709,0,0,1806.37,411.46,1869.47,520.23,-1
20,player,710,0,0,1809.02,411.99,1872.11,520.76,-1
20,player,711,0,0,1811.66,412.51,1874.76,521.29,-1
20,player,712,0,0,1814.31,413.04,1877.4,521.82,-1
20,player,713,0,0,1816.95,413.57,1880.04,522.35,-1
20,player,714,0,0,1819.6,414.1,1882.69,522.88,-1
20,player,715,0,0,1822.24,414.63,1885.33,523.41,-1
20,player,716,0,0,1824.88,415.16,1887.98,523.94,-1
20,player,717,0,0,1827.53,415.69,1890.62,524.46,-1
20,player,718,0,0,1830.17,416.22,1893.27,524.99,-1
20,player,719,0,0,1832.82,416.75,1895.91,525.52,-1
20,player,720,0,0,1835.3,416.75,1897.42,525.52,-1
20,player,721,0,0,1837.78,416.75,1898.92,525.52,-1
20,player,722,0,0,1840.26,416.75,1900.43,525.52,-1
20,player,723,0,0,1842.74,416.75,1901.93,525.52,-1
20,player,724,0,0,1845.22,416.75,1903.44,525.52,-1
20,player,725,0,0,1847.69,416.75,1904.95,525.52,-1
20,player,726,0,0,1850.17,416.75,1906.45,525.52,-1
20,player,727,0,0,1852.65,416.75,1907.96,525.52,-1
20,player,728,0,0,1855.13,416.75,1909.46,525.52,-1
20,player,729,0,0,1857.61,416.75,1910.97,525.52,-1
20,player,730,0,0,1860.09,416.75,1912.47,525.52,-1
20,player,731,0,0,1862.57,416.75,1913.98,525.52,-1
20,player,732,0,0,1865.05,416.75,1915.48,525.52,-1
20,player,733,0,0,1867.53,416.75,1916.99,525.52,-1
20,player,734,0,0,1870.01,416.75,1918.49,525.52,-1
20,player,735,0,0,1872.49,416.75,1920.0,525.52,-1
20,player,736,0,0,1874.47,418.07,1920.0,526.84,-1
20,player,737,0,0,1876.46,419.39,1920.0,528.17,-1
20,player,738,0,0,1878.44,420.71,1920.0,529.49,-1
20,player,739,0,0,1880.42,422.04,1920.0,530.81,-1
20,player,740,0,0,1882.41,423.36,1920.0,532.13,-1
20,player,741,0,0,1882.41,423.36,1920.0,532.13,-1
20,player,742,0,0,1882.41,423.36,1920.0,532.13,-1
20,player,743,0,0,1882.41,423.36,1920.0,532.13,-1
20,player,744,0,0,1882.41,423.36,1920.0,532.13,-1
20,player,745,0,0,1882.41,423.36,1920.0,532.13,-1
20,player,746,0,0,1882.41,423.36,1920.0,532.13,-1
20,player,747,0,0,1882.41,423.36,1920.0,532.13,-1
20,player,748,0,0,1882.41,423.36,1920.0,532.13,-1
20,player,749,0,0,1882.41,423.36,1920.0,532.13,-1
20,player,750,0,0,1882.41,423.36,1920.0,532.13,-1
20,player,751,1,0,1882.41,423.36,1920.0,532.13,-1
21,player,420,0,0,1724.3,384.09,1781.97,493.2,-1
21,player,421,0,0,1721.08,384.09,1778.75,493.2,-1
21,player,422,0,0,1717.86,384.09,1775.53,493.2,-1
21,player,423,0,0,1714.64,384.09,1772.32,493.2,-1
21,player,424,0,0,1711.43,384.09,1769.1,493.2,-1
21,player,425,0,0,1708.21,384.09,1765.88,493.2,-1
21,player,426,0,0,1704.99,384.09,1762.66,493.2,-1
21,player,427,0,0,1701.77,384.09,1759.44,493.2,-1
21,player,428,0,0,1698.55,384.09,1756.22,493.2,-1
21,player,429,0,0,1695.33,384.09,1753.01,493.2,-1
21,player,430,0,0,1692.12,384.09,1749.79,493.2,-1
21,player,431,0,0,1688.9,384.09,1746.57,493.2,-1
21,player,432,0,0,1685.68,384.09,1743.35,493.2,-1
21,player,433,0,0,1682.46,384.09,1740.13,493.2,-1
21,player,434,0,0,1679.24,384.09,1736.91,493.2,-1
21,player,435,0,0,1676.02,384.09,1733.69,493.2,-1
21,player,436,0,0,1672.81,384.09,1730.48,493.2,-1
21,player,437,0,0,1669.59,384.09,1727.26,493.2,-1
21,player,438,0,0,1666.37,384.09,1724.04,493.2,-1
21,player,439,0,0,1663.15,384.09,1720.82,493.2,-1
21,player,440,0,0,1659.93,384.09,1717.6,493.2,-1
21,player,441,0,0,1656.71,384.09,1714.38,493.2,-1
21,player,442,0,0,1653.49,384.09,1711.17,493.2,-1
21,player,443,0,0,1650.28,384.09,1707.95,493.2,-1
21,player,444,0,0,1647.06,384.09,1704.73,493.2,-1
21,player,445,0,0,1643.84,384.09,1701.51,493.2,-1
21,player,446,0,0,1640.62,384.09,1698.29,493.2,-1
21,player,447,0,0,1637.4,384.09,1695.07,493.2,-1
21,player,448,0,0,1634.18,384.09,1691.86,493.2,-1
21,player,449,0,0,1630.97,384.09,1688.64,493.2,-1
21,player,450,0,0,1627.75,384.09,1685.42,493.2,-1
21,player,451,0,0,1624.53,384.09,1682.2,493.2,-1
21,player,452,0,0,1621.31,384.09,1678.98,493.2,-1
21,player,453,0,0,1618.09,384.09,1675.76,493.2,-1
21,player,454,0,0,1614.87,384.09,1672.54,493.2,-1
21,player,455,0,0,1611.65,384.09,1669.33,493.2,-1
21,player,456,0,0,1608.44,384.09,1666.11,493.2,-1
21,player,457,0,0,1605.22,384.09,1662.89,493.2,-1
21,player,458,0,0,1602.0,384.09,1659.67,493.2,-1
21,player,459,0,0,1598.78,384.09,1656.45,493.2,-1
21,player,460,0,0,1595.56,384.09,1653.23,493.2,-1
21,player,461,0,0,1592.34,384.09,1650.02,493.2,-1
21,player,462,0,0,1589.13,384.09,1646.8,493.2,-1
21,player,463,0,0,1588.08,384.26,1645.75,493.36,-1
21,player,464,0,0,1587.03,384.42,1644.7,493.52,-1
21,player,465,0,0,1585.98,384.58,1643.65,493.68,-1
21,player,466,0,0,1584.93,384.74,1642.61,493.84,-1
21,player,467,0,0,1583.89,384.9,1641.56,494.01,-1
21,player,468,0,0,1582.84,385.06,1640.51,494.17,-1
21,player,469,0,0,1581.79,385.22,1639.46,494.33,-1
21,player,470,0,0,1580.74,385.38,1638.41,494.49,-1
21,player,471,0,0,1579.7,385.55,1637.37,494.65,-1
21,player,472,0,0,1578.65,385.71,1636.32,494.81,-1
21,player,473,0,0,1577.6,385.87,1635.27,494.97,-1
21,player,474,0,0,1576.55,386.03,1634.22,495.13,-1
21,player,475,0,0,1575.5,386.19,1633.18,495.3,-1
21,player,476,0,0,1574.46,386.35,1632.13,495.46,-1
21,player,477,0,0,1573.41,386.51,1631.08,495.62,-1
21,player,478,0,0,1572.36,386.67,1630.03,495.78,-1
21,player,479,0,0,1571.31,386.84,1628.98,495.94,-1
21,player,480,0,0,1570.26,387.0,1627.94,496.1,-1
21,player,481,0,0,1569.22,387.16,1626.89,496.26,-1
21,player,482,0,0,1568.17,387.32,1625.84,496.42,-1
21,player,483,0,0,1567.12,387.48,1624.79,496.59,-1
21,player,484,0,0,1566.07,387.64,1623.74,496.75,-1
21,player,485,0,0,1565.03,387.8,1622.7,496.91,-1
21,player,486,0,0,1563.98,387.96,1621.65,497.07,-1
21,player,487,0,0,1562.93,388.12,1620.6,497.23,-1
21,player,488,0,0,1561.88,388.29,1619.55,497.39,-1
21,player,489,0,0,1560.83,388.45,1618.51,497.55,-1
21,player,490,0,0,1559.79,388.61,1617.46,497.71,-1
21,player,491,0,0,1558.74,388.77,1616.41,497.88,-1
21,player,492,0,0,1557.69,388.93,1615.36,498.04,-1
21,player,493,0,0,1556.64,389.09,1614.31,498.2,-1
21,player,494,0,0,1555.59,389.25,1613.27,498.36,-1
21,player,495,0,0,1554.55,389.41,1612.22,498.52,-1
21,player,496,0,0,1553.5,389.58,1611.17,498.68,-1
21,player,497,0,0,1552.45,389.74,1610.12,498.84,-1
21,player,498,0,0,1551.4,389.9,1609.07,499.0,-1
21,player,499,0,0,1550.36,390.06,1608.03,499.16,-1
21,player,500,0,0,1549.31,390.22,1606.98,499.33,-1
21,player,501,0,0,1548.26,390.38,1605.93,499.49,-1
21,player,502,0,0,1546.69,394.05,1604.36,503.15,-1
21,player,503,0,0,1545.12,397.72,1602.79,506.82,-1
21,player,504,0,0,1543.54,401.38,1601.22,510.49,-1
21,player,505,0,0,1541.97,405.05,1599.64,514.16,-1
21,player,506,0,0,1540.4,408.72,1598.07,517.82,-1
21,player,507,0,0,1538.83,412.39,1596.5,521.49,-1
21,player,508,0,0,1539.71,413.07,1597.38,522.18,-1
21,player,509,0,0,1540.59,413.75,1598.26,522.86,-1
21,player,510,0,0,1541.47,414.44,1599.14,523.54,-1
21,player,511,0,0,1542.34,415.12,1600.02,524.23,-1
21,player,512,0,0,1543.22,415.8,1600.89,524.91,-1
21,player,513,0,0,1544.1,416.49,1601.77,525.59,-1
21,player,514,0,0,1544.98,417.17,1602.65,526.28,-1
21,player,515,0,0,1545.86,417.86,1603.53,526.96,-1
21,player,516,0,0,1546.74,418.54,1604.41,527.64,-1
21,player,517,0,0,1547.62,419.22,1605.29,528.33,-1
21,player,518,0,0,1548.5,419.91,1606.17,529.01,-1
21,player,519,0,0,1549.38,420.59,1607.05,529.7,-1
21,player,520,0,0,1550.25,421.27,1607.93,530.38,-1
21,player,521,0,0,1551.13,421.96,1608.81,531.06,-1
21,player,522,0,0,1552.01,422.64,1609.68,531.75,-1
21,player,523,0,0,1552.89,423.32,1610.56,532.43,-1
21,player,524,0,0,1553.77,424.01,1611.44,533.11,-1
21,player,525,0,0,1554.65,424.69,1612.32,533.8,-1
21,player,526,0,0,1555.53,425.38,1613.2,534.48,-1
21,player,527,0,0,1556.41,426.06,1614.08,535.16,-1
21,player,528,0,0,1557.29,426.74,1614.96,535.85,-1
21,player,529,0,0,1558.17,427.43,1615.84,536.53,-1
21,player,530,0,0,1559.04,428.11,1616.72,537.21,-1
21,player,531,0,0,1559.92,428.79,1617.59,537.9,-1
21,player,532,0,0,1560.8,429.48,1618.47,538.58,-1
21,player,533,0,0,1561.68,430.16,1619.35,539.27,-1
21,player,534,0,0,1562.56,430.84,1620.23,539.95,-1
21,player,535,0,0,1563.44,431.53,1621.11,540.63,-1
21,player,536,0,0,1564.32,432.21,1621.99,541.32,-1
21,player,537,0,0,1565.2,432.89,1622.87,542.0,-1
21,player,538,0,0,1566.08,433.58,1623.75,542.68,-1
21,player,539,0,0,1566.95,434.26,1624.63,543.37,-1
21,player,540,0,0,1567.83,434.95,1625.5,544.05,-1
21,player,541,0,0,1568.71,435.63,1626.38,544.73,-1
21,player,542,0,0,1571.48,437.15,1629.15,546.26,-1
21,player,543,0,0,1574.25,438.67,1631.92,547.78,-1
21,player,544,0,0,1577.01,440.19,1634.68,549.3,-1
21,player,545,0,0,1579.78,441.72,1637.45,550.82,-1
21,player,546,0,0,1582.55,443.24,1640.22,552.34,-1
21,player,547,0,0,1585.31,444.76,1642.98,553.87,-1
21,player,548,0,0,1588.08,446.28,1645.75,555.39,-1
21,player,549,0,0,1590.85,447.8,1648.52,556.91,-1
21,player,550,0,0,1593.61,449.33,1651.29,558.43,-1
21,player,551,0,0,1596.38,450.85,1654.05,559.95,-1
21,player,552,0,0,1599.15,452.37,1656.82,561.47,-1
21,player,553,0,0,1601.91,453.89,1659.59,563.0,-1
21,player,554,0,0,1604.68,455.41,1662.35,564.52,-1
21,player,555,0,0,1607.45,456.93,1665.12,566.04,-1
21,player,556,0,0,1610.22,458.46,1667.89,567.56,-1
21,player,557,0,0,1612.98,459.98,1670.65,569.08,-1
21,player,558,0,0,1615.75,461.5,1673.42,570.6,-1
21,player,559,0,0,1618.52,463.02,1676.19,572.13,-1
21,player,560,0,0,1621.28,464.54,1678.95,573.65,-1
21,player,561,0,0,1624.05,466.07,1681.72,575.17,-1
21,player,562,0,0,1626.82,467.59,1684.49,576.69,-1
21,player,563,0,0,1629.58,469.11,1687.25,578.21,-1
21,player,564,0,0,1632.35,470.63,1690.02,579.74,-1
21,player,565,0,0,1635.12,472.15,1692.79,581.26,-1
21,player,566,0,0,1636.86,472.85,1694.54,581.96,-1
21,player,567,0,0,1638.61,473.55,1696.28,582.66,-1
21,player,568,0,0,1640.36,474.25,1698.03,583.35,-1
21,player,569,0,0,1642.11,474.95,1699.78,584.05,-1
21,player,570,0,0,1643.85,475.65,1701.53,584.75,-1
21,player,571,0,0,1645.6,476.35,1703.27,585.45,-1
21,player,572,0,0,1647.35,477.05,1705.02,586.15,-1
21,player,573,0,0,1649.1,477.74,1706.77,586.85,-1
21,player,574,0,0,1650.84,478.44,1708.52,587.55,-1
21,player,575,0,0,1652.59,479.14,1710.26,588.25,-1
21,player,576,0,0,1654.34,479.84,1712.01,588.95,-1
21,player,577,0,0,1656.09,480.54,1713.76,589.65,-1
21,player,578,0,0,1657.84,481.24,1715.51,590.34,-1
21,player,579,0,0,1659.58,481.94,1717.25,591.04,-1
21,player,580,0,0,1661.33,482.64,1719.0,591.74,-1
21,player,581,0,0,1663.08,483.34,1720.75,592.44,-1
21,player,582,0,0,1664.83,484.04,1722.5,593.14,-1
21,player,583,0,0,1666.57,484.73,1724.24,593.84,-1
21,player,584,0,0,1668.32,485.43,1725.99,594.54,-1
21,player,585,0,0,1669.23,486.04,1726.9,595.14,-1
21,player,586,0,0,1670.13,486.64,1727.8,595.75,-1
21,player,587,0,0,1671.04,487.24,1728.71,596.35,-1
21,player,588,0,0,1671.94,487.85,1729.61,596.95,-1
21,player,589,0,0,1672.85,488.45,1730.52,597.56,-1
21,player,590,0,0,1673.75,489.06,1731.42,598.16,-1
21,player,591,0,0,1674.66,489.66,1732.33,598.76,-1
21,player,592,0,0,1675.56,490.26,1733.24,599.37,-1
21,player,593,0,0,1676.47,490.87,1734.14,599.97,-1
21,player,594,0,0,1677.38,491.47,1735.05,600.58,-1
21,player,595,0,0,1678.28,492.07,1735.95,601.18,-1
21,player,596,0,0,1677.17,493.55,1735.22,602.66,-1
21,player,597,0,0,1676.07,495.03,1734.48,604.13,-1
21,player,598,0,0,1674.96,496.5,1733.75,605.61,-1
21,player,599,0,0,1673.85,497.98,1733.01,607.08,-1
21,player,600,0,0,1672.75,499.45,1732.28,608.56,-1
21,player,601,0,0,1671.64,500.93,1731.54,610.03,-1
21,player,602,0,0,1670.53,502.4,1730.81,611.51,-1
21,player,603,0,0,1669.43,503.88,1730.07,612.99,-1
21,player,604,0,0,1668.32,505.36,1729.34,614.46,-1
21,player,605,0,0,1664.48,505.36,1725.5,614.46,-1
21,player,606,0,0,1660.64,505.36,1721.66,614.46,-1
21,player,607,0,0,1656.8,505.36,1717.81,614.46,-1
21,player,608,0,0,1652.95,505.36,1713.97,614.46,-1
21,player,609,0,0,1649.11,505.36,1710.13,614.46,-1
21,player,610,0,0,1645.27,505.36,1706.29,614.46,-1
21,player,611,0,0,1642.25,507.0,1703.27,616.11,-1
21,player,612,0,0,1639.23,508.65,1700.25,617.75,-1
21,player,613,0,0,1636.22,510.29,1697.23,619.4,-1
21,player,614,0,0,1633.2,511.94,1694.22,621.05,-1
21,player,615,0,0,1630.18,513.59,1691.2,622.69,-1
21,player,616,0,0,1627.16,515.23,1688.18,624.34,-1
21,player,617,0,0,1624.14,516.88,1685.16,625.99,-1
21,player,618,0,0,1621.12,518.53,1682.14,627.63,-1
21,player,619,0,0,1618.1,520.17,1679.12,629.28,-1
21,player,620,0,0,1615.09,521.82,1676.1,630.92,-1
21,player,621,0,0,1612.07,523.47,1673.09,632.57,-1
21,player,622,0,0,1609.05,525.11,1670.07,634.22,-1
21,player,623,0,0,1606.03,526.76,1667.05,635.86,-1
21,player,624,0,0,1603.01,528.41,1664.03,637.51,-1
21,player,625,0,0,1604.4,529.43,1665.42,638.54,-1
21,player,626,0,0,1605.78,530.45,1666.8,639.56,-1
21,player,627,0,0,1607.17,531.48,1668.19,640.58,-1
21,player,628,0,0,1608.56,532.5,1669.58,641.61,-1
21,player,629,0,0,1609.94,533.53,1670.96,642.63,-1
21,player,630,0,0,1611.33,534.55,1672.35,643.66,-1
21,player,631,0,0,1612.71,535.58,1673.73,644.68,-1
21,player,632,0,0,1614.1,536.6,1675.12,645.71,-1
21,player,633,0,0,1615.49,537.63,1676.51,646.73,-1
21,player,634,0,0,1616.87,538.65,1677.89,647.76,-1
21,player,635,0,0,1618.26,539.68,1679.28,648.78,-1
21,player,636,0,0,1619.65,540.7,1680.66,649.81,-1
21,player,637,0,0,1621.03,541.72,1682.05,650.83,-1
21,player,638,0,0,1622.42,542.75,1683.44,651.85,-1
21,player,639,0,0,1623.8,543.77,1684.82,652.88,-1
21,player,640,0,0,1625.19,544.8,1686.21,653.9,-1
21,player,641,0,0,1626.58,545.82,1687.6,654.93,-1
21,player,642,0,0,1627.96,546.85,1688.98,655.95,-1
21,player,643,0,0,1629.35,547.87,1690.37,656.98,-1
21,player,644,0,0,1630.74,548.9,1691.75,658.0,-1
21,player,645,0,0,1632.12,549.92,1693.14,659.03,-1
21,player,646,0,0,1633.51,550.95,1694.53,660.05,-1
21,player,647,0,0,1634.89,551.97,1695.91,661.08,-1
21,player,648,0,0,1636.28,552.99,1697.3,662.1,-1
21,player,649,0,0,1637.67,554.02,1698.68,663.12,-1
21,player,650,0,0,1639.05,555.04,1700.07,664.15,-1
21,player,651,0,0,1640.44,556.07,1701.46,665.17,-1
21,player,652,0,0,1641.82,557.09,1702.84,666.2,-1
21,player,653,0,0,1643.21,558.12,1704.23,667.22,-1
21,player,654,0,0,1644.6,559.14,1705.62,668.25,-1
21,player,655,0,0,1645.98,560.17,1707.0,669.27,-1
21,player,656,0,0,1647.37,561.19,1708.39,670.3,-1
21,player,657,0,0,1648.76,562.22,1709.77,671.32,-1
21,player,658,0,0,1650.14,563.24,1711.16,672.35,-1
21,player,659,0,0,1651.53,564.27,1712.55,673.37,-1
21,player,660,0,0,1652.91,565.29,1713.93,674.4,-1
21,player,661,0,0,1654.3,566.31,1715.32,675.42,-1
21,player,662,0,0,1655.69,567.34,1716.71,676.44,-1
21,player,663,0,0,1657.07,568.36,1718.09,677.47,-1
21,player,664,0,0,1658.46,569.39,1719.48,678.49,-1
21,player,665,0,0,1659.84,570.41,1720.86,679.52,-1
21,player,666,0,0,1661.23,571.44,1722.25,680.54,-1
21,player,667,0,0,1662.62,572.46,1723.64,681.57,-1
21,player,668,0,0,1664.0,573.49,1725.02,682.59,-1
21,player,669,0,0,1665.39,574.51,1726.41,683.62,-1
21,player,670,0,0,1666.78,575.54,1727.79,684.64,-1
21,player,671,0,0,1668.16,576.56,1729.18,685.67,-1
21,player,672,0,0,1669.55,577.58,1730.57,686.69,-1
21,player,673,0,0,1670.93,578.61,1731.95,687.71,-1
21,player,674,0,0,1672.32,579.63,1733.34,688.74,-1
21,player,675,0,0,1679.0,581.48,1740.02,690.58,-1
21,player,676,0,0,1685.69,583.32,1746.71,692.43,-1
21,player,677,0,0,1692.37,585.17,1753.39,694.27,-1
21,player,678,0,0,1699.06,587.01,1760.07,696.11,-1
21,player,679,0,0,1705.74,588.85,1766.76,697.96,-1
21,player,680,0,0,1712.42,590.7,1773.44,699.8,-1
21,player,681,0,0,1719.11,592.54,1780.13,701.65,-1
21,player,682,0,0,1725.79,594.38,1786.81,703.49,-1
21,player,683,0,0,1732.47,596.23,1793.49,705.33,-1
21,player,684,0,0,1739.16,598.07,1800.18,707.18,-1
21,player,685,0,0,1745.84,599.92,1806.86,709.02,-1
21,player,686,0,0,1751.76,601.04,1812.78,710.15,-1
21,player,687,0,0,1757.67,602.17,1818.69,711.27,-1
21,player,688,0,0,1763.59,603.3,1824.61,712.4,-1
21,player,689,0,0,1769.5,604.42,1830.52,713.53,-1
21,player,690,0,0,1775.42,605.55,1836.44,714.65,-1
21,player,691,0,0,1781.33,606.68,1842.35,715.78,-1
21,player,692,0,0,1787.25,607.8,1848.27,716.91,-1
21,player,693,0,0,1793.17,608.93,1854.18,718.04,-1
21,player,694,0,0,1799.08,610.06,1860.1,719.16,-1
21,player,695,0,0,1804.15,610.69,1865.17,719.8,-1
21,player,696,0,0,1809.22,611.32,1870.24,720.43,-1
21,player,697,0,0,1814.29,611.96,1875.31,721.06,-1
21,player,698,0,0,1819.36,612.59,1880.38,721.7,-1
21,player,699,0,0,1824.43,613.23,1885.45,722.33,-1
21,player,700,0,0,1829.5,613.86,1890.52,722.96,-1
21,player,701,0,0,1834.57,614.49,1895.59,723.6,-1
21,player,702,0,0,1839.64,615.13,1900.66,724.23,-1
21,player,703,0,0,1839.64,615.13,1900.66,724.23,-1
21,player,704,0,0,1839.64,615.13,1900.66,724.23,-1
21,player,705,0,0,1839.64,615.13,1900.66,724.23,-1
21,player,706,0,0,1839.64,615.13,1900.66,724.23,-1
21,player,707,0,0,1839.64,615.13,1900.66,724.23,-1
21,player,708,0,0,1839.64,615.13,1900.66,724.23,-1
21,player,709,0,0,1839.64,615.13,1900.66,724.23,-1
21,player,710,0,0,1839.64,615.13,1900.66,724.23,-1
21,player,711,0,0,1839.64,615.13,1900.66,724.23,-1
21,player,712,0,0,1839.64,615.13,1900.66,724.23,-1
21,player,713,0,0,1839.64,615.13,1900.66,724.23,-1
21,player,714,0,0,1839.64,615.13,1900.66,724.23,-1
21,player,715,0,0,1839.64,615.13,1900.66,724.23,-1
21,player,716,0,0,1839.64,615.13,1900.66,724.23,-1
21,player,717,0,0,1839.64,615.13,1900.66,724.23,-1
21,player,718,0,0,1839.64,615.13,1900.66,724.23,-1
21,player,719,1,0,1839.64,615.13,1900.66,724.23,-1
22,player,420,0,0,1670.84,306.63,1731.16,413.07,-1
22,player,421,0,0,1668.45,306.7,1728.76,413.15,-1
22,player,422,0,0,1666.05,306.78,1726.37,413.22,-1
22,player,423,0,0,1663.66,306.85,1723.97,413.3,-1
22,player,424,0,0,1661.26,306.93,1721.57,413.37,-1
22,player,425,0,0,1658.87,307.0,1719.18,413.45,-1
22,player,426,0,0,1656.47,307.08,1716.78,413.52,-1
22,player,427,0,0,1654.08,307.15,1714.39,413.6,-1
22,player,428,0,0,1651.68,307.23,1711.99,413.67,-1
22,player,429,0,0,1649.29,307.3,1709.6,413.74,-1
22,player,430,0,0,1646.89,307.38,1707.2,413.82,-1
22,player,431,0,0,1644.5,307.45,1704.81,413.89,-1
22,player,432,0,0,1642.1,307.53,1702.41,413.97,-1
22,player,433,0,0,1639.71,307.6,1700.02,414.04,-1
22,player,434,0,0,1637.31,307.67,1697.62,414.12,-1
22,player,435,0,0,1634.92,307.75,1695.23,414.19,-1
22,player,436,0,0,1632.52,307.82,1692.83,414.27,-1
22,player,437,0,0,1630.13,307.9,1690.44,414.34,-1
22,player,438,0,0,1627.73,307.97,1688.04,414.42,-1
22,player,439,0,0,1625.34,308.05,1685.65,414.49,-1
22,player,440,0,0,1622.94,308.12,1683.25,414.57,-1
22,player,441,0,0,1620.55,308.2,1680.86,414.64,-1
22,player,442,0,0,1618.15,308.27,1678.46,414.72,-1
22,player,443,0,0,1615.76,308.35,1676.07,414.79,-1
22,player,444,0,0,1613.36,308.42,1673.67,414.87,-1
22,player,445,0,0,1610.96,308.5,1671.28,414.94,-1
22,player,446,0,0,1608.57,308.57,1668.88,415.02,-1
22,player,447,0,0,1606.17,308.65,1666.49,415.09,-1
22,player,448,0,0,1603.78,308.72,1664.09,415.17,-1
22,player,449,0,0,1601.38,308.8,1661.7,415.24,-1
22,player,450,0,0,1598.99,308.87,1659.3,415.32,-1
22,player,451,0,0,1596.59,308.95,1656.91,415.39,-1
22,player,452,0,0,1594.2,309.02,1654.51,415.47,-1
22,player,453,0,0,1591.8,309.1,1652.12,415.54,-1
22,player,454,0,0,1589.41,309.17,1649.72,415.62,-1
22,player,455,0,0,1587.01,309.25,1647.33,415.69,-1
22,player,456,0,0,1584.62,309.32,1644.93,415.77,-1
22,player,457,0,0,1582.22,309.4,1642.54,415.84,-1
22,player,458,0,0,1579.83,309.47,1640.14,415.92,-1
22,player,459,0,0,1577.43,309.55,1637.75,415.99,-1
22,player,460,0,0,1575.04,309.62,1635.35,416.07,-1
22,player,461,0,0,1572.64,309.7,1632.96,416.14,-1
22,player,462,0,0,1570.25,309.77,1630.56,416.21,-1
22,player,463,0,0,1570.81,310.58,1631.12,417.02,-1
22,player,464,0,0,1571.38,311.38,1631.69,417.83,-1
22,player,465,0,0,1571.94,312.19,1632.25,418.63,-1
22,player,466,0,0,1572.5,312.99,1632.82,419.44,-1
22,player,467,0,0,1573.07,313.8,1633.38,420.25,-1
22,player,468,0,0,1573.63,314.61,1633.95,421.05,-1
22,player,469,0,0,1574.2,315.41,1634.51,421.86,-1
22,player,470,0,0,1574.76,316.22,1635.07,422.66,-1
22,player,471,0,0,1575.33,317.02,1635.64,423.47,-1
22,player,472,0,0,1575.89,317.83,1636.2,424.28,-1
22,player,473,0,0,1576.45,318.64,1636.77,425.08,-1
22,player,474,0,0,1577.02,319.44,1637.33,425.89,-1
22,player,475,0,0,1577.58,320.25,1637.9,426.69,-1
22,player,476,0,0,1578.15,321.06,1638.46,427.5,-1
22,player,477,0,0,1578.71,321.86,1639.02,428.31,-1
22,player,478,0,0,1579.28,322.67,1639.59,429.11,-1
22,player,479,0,0,1579.84,323.47,1640.15,429.92,-1
22,player,480,0,0,1580.4,324.28,1640.72,430.72,-1
22,player,481,0,0,1580.97,325.09,1641.28,431.53,-1
22,player,482,0,0,1581.53,325.89,1641.85,432.34,-1
22,player,483,0,0,1582.1,326.7,1642.41,433.14,-1
22,player,484,0,0,1582.66,327.5,1642.97,433.95,-1
22,player,485,0,0,1583.23,328.31,1643.54,434.75,-1
22,player,486,0,0,1583.79,329.12,1644.1,435.56,-1
22,player,487,0,0,1584.35,329.92,1644.67,436.37,-1
22,player,488,0,0,1584.92,330.73,1645.23,437.17,-1
22,player,489,0,0,1585.48,331.53,1645.79,437.98,-1
22,player,490,0,0,1586.05,332.34,1646.36,438.78,-1
22,player,491,0,0,1586.61,333.15,1646.92,439.59,-1
22,player,492,0,0,1587.17,333.95,1647.49,440.4,-1
22,player,493,0,0,1587.74,334.76,1648.05,441.2,-1
22,player,494,0,0,1588.3,335.56,1648.62,442.01,-1
22,player,495,0,0,1588.87,336.37,1649.18,442.81,-1
22,player,496,0,0,1589.43,337.18,1649.74,443.62,-1
22,player,497,0,0,1590.0,337.98,1650.31,444.43,-1
22,player,498,0,0,1590.56,338.79,1650.87,445.23,-1
22,player,499,0,0,1591.12,339.59,1651.44,446.04,-1
22,player,500,0,0,1591.69,340.4,1652.0,446.84,-1
22,player,501,0,0,1592.25,341.21,1652.57,447.65,-1
22,player,502,0,0,1594.87,342.25,1655.19,448.7,-1
22,player,503,0,0,1597.49,343.3,1657.8,449.75,-1
22,player,504,0,0,1600.11,344.35,1660.42,450.79,-1
22,player,505,0,0,1602.73,345.4,1663.04,451.84,-1
22,player,506,0,0,1605.35,346.45,1665.66,452.89,-1
22,player,507,0,0,1607.97,347.49,1668.28,453.94,-1
22,player,508,0,0,1610.22,348.47,1670.33,454.91,-1
22,player,509,0,0,1612.46,349.45,1672.38,455.89,-1
22,player,510,0,0,1614.71,350.42,1674.44,456.87,-1
22,player,511,0,0,1616.95,351.4,1676.49,457.84,-1
22,player,512,0,0,1619.2,352.38,1678.54,458.82,-1
22,player,513,0,0,1621.45,353.35,1680.59,459.8,-1
22,player,514,0,0,1623.69,354.33,1682.64,460.77,-1
22,player,515,0,0,1625.94,355.31,1684.69,461.75,-1
22,player,516,0,0,1628.18,356.28,1686.74,462.73,-1
22,player,517,0,0,1630.43,357.26,1688.79,463.7,-1
22,player,518,0,0,1632.67,358.24,1690.84,464.68,-1
22,player,519,0,0,1634.92,359.21,1692.89,465.66,-1
22,player,520,0,0,1637.17,360.19,1694.94,466.63,-1
22,player,521,0,0,1639.41,361.17,1696.99,467.61,-1
22,player,522,0,0,1641.66,362.14,1699.04,468.59,-1
22,player,523,0,0,1643.9,363.12,1701.1,469.56,-1
22,player,524,0,0,1646.15,364.09,1703.15,470.54,-1
22,player,525,0,0,1648.39,365.07,1705.2,471.52,-1
22,player,526,0,0,1650.64,366.05,1707.25,472.49,-1
22,player,527,0,0,1652.89,367.02,1709.3,473.47,-1
22,player,528,0,0,1655.13,368.0,1711.35,474.45,-1
22,player,529,0,0,1657.38,368.98,1713.4,475.42,-1
22,player,530,0,0,1659.62,369.95,1715.45,476.4,-1
22,player,531,0,0,1661.87,370.93,1717.5,477.37,-1
22,player,532,0,0,1664.11,371.91,1719.55,478.35,-1
22,player,533,0,0,1666.36,372.88,1721.6,479.33,-1
22,player,534,0,0,1668.61,373.86,1723.65,480.3,-1
22,player,535,0,0,1670.85,374.84,1725.7,481.28,-1
22,player,536,0,0,1673.1,375.81,1727.76,482.26,-1
22,player,537,0,0,1675.34,376.79,1729.81,483.23,-1
22,player,538,0,0,1677.59,377.77,1731.86,484.21,-1
22,player,539,0,0,1679.83,378.74,1733.91,485.19,-1
22,player,540,0,0,1682.08,379.72,1735.96,486.16,-1
22,player,541,0,0,1684.33,380.7,1738.01,487.14,-1
22,player,542,0,0,1686.68,381.39,1740.36,487.83,-1
22,player,543,0,0,1689.03,382.08,1742.71,488.52,-1
22,player,544,0,0,1691.38,382.77,1745.07,489.22,-1
22,player,545,0,0,1693.73,383.46,1747.42,489.91,-1
22,player,546,0,0,1696.09,384.15,1749.77,490.6,-1
22,player,547,0,0,1698.44,384.85,1752.12,491.29,-1
22,player,548,0,0,1700.79,385.54,1754.47,491.98,-1
22,player,549,0,0,1703.14,386.23,1756.82,492.67,-1
22,player,550,0,0,1705.49,386.92,1759.18,493.37,-1
22,player,551,0,0,1707.85,387.61,1761.53,494.06,-1
22,player,552,0,0,1710.2,388.31,1763.88,494.75,-1
22,player,553,0,0,1712.55,389.0,1766.23,495.44,-1
22,player,554,0,0,1714.9,389.69,1768.58,496.13,-1
22,player,555,0,0,1717.25,390.38,1770.94,496.82,-1
22,player,556,0,0,1719.6,391.07,1773.29,497.52,-1
22,player,557,0,0,1721.96,391.76,1775.64,498.21,-1
22,player,558,0,0,1724.31,392.46,1777.99,498.9,-1
22,player,559,0,0,1726.66,393.15,1780.34,499.59,-1
22,player,560,0,0,1729.01,393.84,1782.7,500.28,-1
22,player,561,0,0,1731.36,394.53,1785.05,500.98,-1
22,player,562,0,0,1733.72,395.22,1787.4,501.67,-1
22,player,563,0,0,1736.07,395.91,1789.75,502.36,-1
22,player,564,0,0,1738.42,396.61,1792.1,503.05,-1
22,player,565,0,0,1740.77,397.3,1794.45,503.74,-1
22,player,566,0,0,1742.69,397.47,1796.38,503.92,-1
22,player,567,0,0,1744.62,397.65,1798.3,504.09,-1
22,player,568,0,0,1746.54,397.82,1800.22,504.27,-1
22,player,569,0,0,1748.46,398.0,1802.14,504.44,-1
22,player,570,0,0,1750.38,398.17,1804.07,504.62,-1
22,player,571,0,0,1752.31,398.35,1805.99,504.79,-1
22,player,572,0,0,1754.23,398.52,1807.91,504.97,-1
22,player,573,0,0,1756.15,398.7,1809.83,505.14,-1
22,player,574,0,0,1758.07,398.87,1811.76,505.31,-1
22,player,575,0,0,1759.99,399.05,1813.68,505.49,-1
22,player,576,0,0,1761.92,399.22,1815.6,505.66,-1
22,player,577,0,0,1763.84,399.39,1817.52,505.84,-1
22,player,578,0,0,1765.76,399.57,1819.44,506.01,-1
22,player,579,0,0,1767.68,399.74,1821.37,506.19,-1
22,player,580,0,0,1769.61,399.92,1823.29,506.36,-1
22,player,581,0,0,1771.53,400.09,1825.21,506.54,-1
22,player,582,0,0,1773.45,400.27,1827.13,506.71,-1
22,player,583,0,0,1775.37,400.44,1829.06,506.89,-1
22,player,584,0,0,1777.29,400.62,1830.98,507.06,-1
22,player,585,0,0,1779.41,402.13,1833.09,508.57,-1
22,player,586,0,0,1781.52,403.64,1835.2,510.08,-1
22,player,587,0,0,1783.63,405.15,1837.32,511.59,-1
22,player,588,0,0,1785.75,406.66,1839.43,513.1,-1
22,player,589,0,0,1787.86,408.16,1841.54,514.61,-1
22,player,590,0,0,1789.97,409.67,1843.66,516.12,-1
22,player,591,0,0,1792.09,411.18,1845.77,517.63,-1
22,player,592,0,0,1794.2,412.69,1847.88,519.14,-1
22,player,593,0,0,1796.31,414.2,1849.99,520.65,-1
22,player,594,0,0,1798.42,415.71,1852.11,522.15,-1
22,player,595,0,0,1800.54,417.22,1854.22,523.66,-1
22,player,596,0,0,1799.48,417.09,1853.69,523.53,-1
22,player,597,0,0,1798.42,416.95,1853.16,523.4,-1
22,player,598,0,0,1797.36,416.82,1852.63,523.27,-1
22,player,599,0,0,1796.3,416.69,1852.1,523.13,-1
22,player,600,0,0,1795.24,416.56,1851.57,523.0,-1
22,player,601,0,0,1794.18,416.42,1851.04,522.87,-1
22,player,602,0,0,1793.13,416.29,1850.51,522.74,-1
22,player,603,0,0,1792.07,416.16,1849.98,522.6,-1
22,player,604,0,0,1791.01,416.03,1849.45,522.47,-1
22,player,605,0,0,1789.95,415.89,1848.92,522.34,-1
22,player,606,0,0,1788.89,415.76,1848.39,522.21,-1
22,player,607,0,0,1787.83,415.63,1847.86,522.07,-1
22,player,608,0,0,1786.77,415.5,1847.33,521.94,-1
22,player,609,0,0,1785.71,415.37,1846.8,521.81,-1
22,player,610,0,0,1784.66,415.23,1846.27,521.68,-1
22,player,611,0,0,1783.6,415.1,1845.74,521.54,-1
22,player,612,0,0,1782.54,414.97,1845.21,521.41,-1
22,player,613,0,0,1781.48,414.84,1844.68,521.28,-1
22,player,614,0,0,1780.42,414.7,1844.15,521.15,-1
22,player,615,0,0,1779.36,414.57,1843.62,521.01,-1
22,player,616,0,0,1778.3,414.44,1843.09,520.88,-1
22,player,617,0,0,1777.25,414.31,1842.56,520.75,-1
22,player,618,0,0,1776.19,414.17,1842.03,520.62,-1
22,player,619,0,0,1775.13,414.04,1841.5,520.48,-1
22,player,620,0,0,1774.07,413.91,1840.97,520.35,-1
22,player,621,0,0,1773.01,413.78,1840.44,520.22,-1
22,player,622,0,0,1771.95,413.64,1839.91,520.09,-1
22,player,623,0,0,1770.89,413.51,1839.38,519.95,-1
22,player,624,0,0,1769.83,413.38,1838.85,519.82,-1
22,player,625,0,0,1771.04,413.76,1840.06,520.2,-1
22,player,626,0,0,1772.24,414.14,1841.26,520.58,-1
22,player,627,0,0,1773.44,414.52,1842.46,520.96,-1
22,player,628,0,0,1774.64,414.9,1843.66,521.34,-1
22,player,629,0,0,1775.84,415.28,1844.86,521.72,-1
22,player,630,0,0,1777.04,415.65,1846.07,522.1,-1
22,player,631,0,0,1778.25,416.03,1847.27,522.48,-1
22,player,632,0,0,1779.45,416.41,1848.47,522.86,-1
22,player,633,0,0,1780.65,416.79,1849.67,523.24,-1
22,player,634,0,0,1781.85,417.17,1850.87,523.62,-1
22,player,635,0,0,1783.05,417.55,1852.07,524.0,-1
22,player,636,0,0,1784.26,417.93,1853.28,524.38,-1
22,player,637,0,0,1785.46,418.31,1854.48,524.76,-1
22,player,638,0,0,1786.66,418.69,1855.68,525.14,-1
22,player,639,0,0,1787.86,419.07,1856.88,525.51,-1
22,player,640,0,0,1789.06,419.45,1858.08,525.89,-1
22,player,641,0,0,1790.26,419.83,1859.28,526.27,-1
22,player,642,0,0,1791.47,420.21,1860.49,526.65,-1
22,player,643,0,0,1792.67,420.59,1861.69,527.03,-1
22,player,644,0,0,1793.87,420.97,1862.89,527.41,-1
22,player,645,0,0,1795.07,421.35,1864.09,527.79,-1
22,player,646,0,0,1796.27,421.73,1865.29,528.17,-1
22,player,647,0,0,1797.48,422.11,1866.5,528.55,-1
22,player,648,0,0,1798.68,422.49,1867.7,528.93,-1
22,player,649,0,0,1799.88,422.87,1868.9,529.31,-1
22,player,650,0,0,1801.08,423.25,1870.1,529.69,-1
22,player,651,0,0,1802.28,423.62,1871.3,530.07,-1
22,player,652,0,0,1803.48,424.0,1872.5,530.45,-1
22,player,653,0,0,1804.69,424.38,1873.71,530.83,-1
22,player,654,0,0,1805.89,424.76,1874.91,531.21,-1
22,player,655,0,0,1807.09,425.14,1876.11,531.59,-1
22,player,656,0,0,1808.29,425.52,1877.31,531.97,-1
22,player,657,0,0,1809.49,425.9,1878.51,532.35,-1
22,player,658,0,0,1810.7,426.28,1879.72,532.73,-1
22,player,659,0,0,1811.9,426.66,1880.92,533.11,-1
22,player,660,0,0,1813.1,427.04,1882.12,533.48,-1
22,player,661,0,0,1814.3,427.42,1883.32,533.86,-1
22,player,662,0,0,1815.5,427.8,1884.52,534.24,-1
22,player,663,0,0,1816.7,428.18,1885.72,534.62,-1
22,player,664,0,0,1817.91,428.56,1886.93,535.0,-1
22,player,665,0,0,1819.11,428.94,1888.13,535.38,-1
22,player,666,0,0,1820.31,429.32,1889.33,535.76,-1
22,player,667,0,0,1821.51,429.7,1890.53,536.14,-1
22,player,668,0,0,1822.71,430.08,1891.73,536.52,-1
22,player,669,0,0,1823.91,430.46,1892.94,536.9,-1
22,player,670,0,0,1825.12,430.84,1894.14,537.28,-1
22,player,671,0,0,1826.32,431.21,1895.34,537.66,-1
22,player,672,0,0,1827.52,431.59,1896.54,538.04,-1
22,player,673,0,0,1828.72,431.97,1897.74,538.42,-1
22,player,674,0,0,1829.92,432.35,1898.94,538.8,-1
22,player,675,0,0,1833.38,433.05,1900.86,539.49,-1
22,player,676,0,0,1836.84,433.74,1902.77,540.18,-1
22,player,677,0,0,1840.3,434.43,1904.69,540.87,-1
22,player,678,0,0,1843.75,435.12,1906.6,541.56,-1
22,player,679,0,0,1847.21,435.81,1908.51,542.26,-1
22,player,680,0,0,1850.67,436.5,1910.43,542.95,-1
22,player,681,0,0,1854.12,437.19,1912.34,543.64,-1
22,player,682,0,0,1857.58,437.89,1914.26,544.33,-1
22,player,683,0,0,1861.04,438.58,1916.17,545.02,-1
22,player,684,0,0,1864.5,439.27,1918.09,545.71,-1
22,player,685,0,0,1867.95,439.96,1920.0,546.4,-1
22,player,686,0,0,1869.64,439.96,1920.0,546.4,-1
22,player,687,0,0,1871.33,439.96,1920.0,546.4,-1
22,player,688,0,0,1873.02,439.96,1920.0,546.4,-1
22,player,689,0,0,1874.71,439.96,1920.0,546.4,-1
22,player,690,0,0,1876.4,439.96,1920.0,546.4,-1
22,player,691,0,0,1878.09,439.96,1920.0,546.4,-1
22,player,692,0,0,1879.78,439.96,1920.0,546.4,-1
22,player,693,0,0,1881.47,439.96,1920.0,546.4,-1
22,player,694,0,0,1883.16,439.96,1920.0,546.4,-1
22,player,695,0,0,1884.75,440.59,1920.0,547.04,-1
22,player,696,0,0,1886.33,441.23,1920.0,547.67,-1
22,player,697,0,0,1887.92,441.86,1920.0,548.31,-1
22,player,698,0,0,1889.5,442.5,1920.0,548.94,-1
22,player,699,0,0,1891.09,443.13,1920.0,549.57,-1
22,player,700,0,0,1892.67,443.76,1920.0,550.21,-1
22,player,701,0,0,1894.26,444.4,1920.0,550.84,-1
22,player,702,0,0,1895.84,445.03,1920.0,551.47,-1
22,player,703,0,0,1895.84,445.03,1920.0,551.47,-1
22,player,704,0,0,1895.84,445.03,1920.0,551.47,-1
22,player,705,0,0,1895.84,445.03,1920.0,551.47,-1
22,player,706,0,0,1895.84,445.03,1920.0,551.47,-1
22,player,707,0,0,1895.84,445.03,1920.0,551.47,-1
22,player,708,0,0,1895.84,445.03,1920.0,551.47,-1
22,player,709,0,0,1895.84,445.03,1920.0,551.47,-1
22,player,710,0,0,1895.84,445.03,1920.0,551.47,-1
22,player,711,0,0,1895.84,445.03,1920.0,551.47,-1
22,player,712,0,0,1895.84,445.03,1920.0,551.47,-1
22,player,713,0,0,1895.84,445.03,1920.0,551.47,-1
22,player,714,0,0,1895.84,445.03,1920.0,551.47,-1
22,player,715,0,0,1895.84,445.03,1920.0,551.47,-1
22,player,716,0,0,1895.84,445.03,1920.0,551.47,-1
22,player,717,0,0,1895.84,445.03,1920.0,551.47,-1
22,player,718,0,0,1895.84,445.03,1920.0,551.47,-1
22,player,719,1,0,1895.84,445.03,1920.0,551.47,-1
23,player,420,0,0,1705.58,255.8,1765.9,359.62,-1
23,player,421,0,0,1703.79,255.8,1764.1,359.62,-1
23,player,422,0,0,1701.99,255.8,1762.31,359.62,-1
23,player,423,0,0,1700.2,255.8,1760.51,359.62,-1
23,player,424,0,0,1698.4,255.8,1758.71,359.62,-1
23,player,425,0,0,1696.6,255.8,1756.92,359.62,-1
23,player,426,0,0,1694.81,255.8,1755.12,359.62,-1
23,player,427,0,0,1693.01,255.8,1753.33,359.62,-1
23,player,428,0,0,1691.21,255.8,1751.53,359.62,-1
23,player,429,0,0,1689.42,255.8,1749.73,359.62,-1
23,player,430,0,0,1687.62,255.8,1747.94,359.62,-1
23,player,431,0,0,1685.83,255.8,1746.14,359.62,-1
23,player,432,0,0,1684.03,255.8,1744.34,359.62,-1
23,player,433,0,0,1682.23,255.8,1742.55,359.62,-1
23,player,434,0,0,1680.44,255.8,1740.75,359.62,-1
23,player,435,0,0,1678.64,255.8,1738.96,359.62,-1
23,player,436,0,0,1676.84,255.8,1737.16,359.62,-1
23,player,437,0,0,1675.05,255.8,1735.36,359.62,-1
23,player,438,0,0,1673.25,255.8,1733.57,359.62,-1
23,player,439,0,0,1671.45,255.8,1731.77,359.62,-1
23,player,440,0,0,1669.66,255.8,1729.97,359.62,-1
23,player,441,0,0,1667.86,255.8,1728.18,359.62,-1
23,player,442,0,0,1666.07,255.8,1726.38,359.62,-1
23,player,443,0,0,1664.27,255.8,1724.58,359.62,-1
23,player,444,0,0,1662.47,255.8,1722.79,359.62,-1
23,player,445,0,0,1660.68,255.8,1720.99,359.62,-1
23,player,446,0,0,1658.88,255.8,1719.2,359.62,-1
23,player,447,0,0,1657.08,255.8,1717.4,359.62,-1
23,player,448,0,0,1655.29,255.8,1715.6,359.62,-1
23,player,449,0,0,1653.49,255.8,1713.81,359.62,-1
23,player,450,0,0,1651.7,255.8,1712.01,359.62,-1
23,player,451,0,0,1649.9,255.8,1710.21,359.62,-1
23,player,452,0,0,1648.1,255.8,1708.42,359.62,-1
23,player,453,0,0,1646.31,255.8,1706.62,359.62,-1
23,player,454,0,0,1644.51,255.8,1704.83,359.62,-1
23,player,455,0,0,1642.71,255.8,1703.03,359.62,-1
23,player,456,0,0,1640.92,255.8,1701.23,359.62,-1
23,player,457,0,0,1639.12,255.8,1699.44,359.62,-1
23,player,458,0,0,1637.32,255.8,1697.64,359.62,-1
23,player,459,0,0,1635.53,255.8,1695.84,359.62,-1
23,player,460,0,0,1633.73,255.8,1694.05,359.62,-1
23,player,461,0,0,1631.94,255.8,1692.25,359.62,-1
23,player,462,0,0,1630.14,255.8,1690.45,359.62,-1
23,player,463,0,0,1631.75,256.12,1692.07,359.95,-1
23,player,464,0,0,1633.36,256.44,1693.68,360.27,-1
23,player,465,0,0,1634.98,256.77,1695.29,360.59,-1
23,player,466,0,0,1636.59,257.09,1696.9,360.91,-1
23,player,467,0,0,1638.2,257.41,1698.52,361.24,-1
23,player,468,0,0,1639.81,257.73,1700.13,361.56,-1
23,player,469,0,0,1641.42,258.06,1701.74,361.88,-1
23,player,470,0,0,1643.04,258.38,1703.35,362.2,-1
23,player,471,0,0,1644.65,258.7,1704.96,362.52,-1
23,player,472,0,0,1646.26,259.02,1706.58,362.85,-1
23,player,473,0,0,1647.87,259.35,1708.19,363.17,-1
23,player,474,0,0,1649.48,259.67,1709.8,363.49,-1
23,player,475,0,0,1651.1,259.99,1711.41,363.81,-1
23,player,476,0,0,1652.71,260.31,1713.02,364.14,-1
23,player,477,0,0,1654.32,260.64,1714.64,364.46,-1
23,player,478,0,0,1655.93,260.96,1716.25,364.78,-1
23,player,479,0,0,1657.55,261.28,1717.86,365.1,-1
23,player,480,0,0,1659.16,261.6,1719.47,365.43,-1
23,player,481,0,0,1660.77,261.93,1721.08,365.75,-1
23,player,482,0,0,1662.38,262.25,1722.7,366.07,-1
23,player,483,0,0,1663.99,262.57,1724.31,366.39,-1
23,player,484,0,0,1665.61,262.89,1725.92,366.72,-1
23,player,485,0,0,1667.22,263.22,1727.53,367.04,-1
23,player,486,0,0,1668.83,263.54,1729.15,367.36,-1
23,player,487,0,0,1670.44,263.86,1730.76,367.68,-1
23,player,488,0,0,1672.05,264.18,1732.37,368.01,-1
23,player,489,0,0,1673.67,264.51,1733.98,368.33,-1
23,player,490,0,0,1675.28,264.83,1735.59,368.65,-1
23,player,491,0,0,1676.89,265.15,1737.21,368.97,-1
23,player,492,0,0,1678.5,265.47,1738.82,369.3,-1
23,player,493,0,0,1680.11,265.79,1740.43,369.62,-1
23,player,494,0,0,1681.73,266.12,1742.04,369.94,-1
23,player,495,0,0,1683.34,266.44,1743.65,370.26,-1
23,player,496,0,0,1684.95,266.76,1745.27,370.59,-1
23,player,497,0,0,1686.56,267.08,1746.88,370.91,-1
23,player,498,0,0,1688.18,267.41,1748.49,371.23,-1
23,player,499,0,0,1689.79,267.73,1750.1,371.55,-1
23,player,500,0,0,1691.4,268.05,1751.71,371.87,-1
23,player,501,0,0,1693.01,268.37,1753.33,372.2,-1
23,player,502,0,0,1694.44,268.37,1754.76,372.2,-1
23,player,503,0,0,1695.87,268.37,1756.18,372.2,-1
23,player,504,0,0,1697.3,268.37,1757.61,372.2,-1
23,player,505,0,0,1698.73,268.37,1759.04,372.2,-1
23,player,506,0,0,1700.16,268.37,1760.47,372.2,-1
23,player,507,0,0,1701.59,268.37,1761.9,372.2,-1
23,player,508,0,0,1703.01,268.37,1763.33,372.2,-1
23,player,509,0,0,1704.44,268.37,1764.76,372.2,-1
23,player,510,0,0,1705.87,268.37,1766.19,372.2,-1
23,player,511,0,0,1707.3,268.37,1767.62,372.2,-1
23,player,512,0,0,1708.73,268.37,1769.04,372.2,-1
23,player,513,0,0,1711.36,269.4,1771.68,373.23,-1
23,player,514,0,0,1714.0,270.43,1774.31,374.26,-1
23,player,515,0,0,1716.63,271.47,1776.94,375.29,-1
23,player,516,0,0,1719.26,272.5,1779.58,376.32,-1
23,player,517,0,0,1721.9,273.53,1782.21,377.35,-1
23,player,518,0,0,1724.53,274.56,1784.84,378.38,-1
23,player,519,0,0,1727.16,275.59,1787.48,379.41,-1
23,player,520,0,0,1729.8,276.62,1790.11,380.44,-1
23,player,521,0,0,1732.43,277.65,1792.74,381.47,-1
23,player,522,0,0,1735.06,278.68,1795.38,382.5,-1
23,player,523,0,0,1737.7,279.71,1798.01,383.53,-1
23,player,524,0,0,1740.33,280.74,1800.64,384.56,-1
23,player,525,0,0,1742.96,281.77,1803.28,385.59,-1
23,player,526,0,0,1745.6,282.8,1805.91,386.62,-1
23,player,527,0,0,1748.23,283.83,1808.54,387.65,-1
23,player,528,0,0,1750.86,284.86,1811.18,388.68,-1
23,player,529,0,0,1753.5,285.89,1813.81,389.71,-1
23,player,530,0,0,1756.13,286.92,1816.44,390.75,-1
23,player,531,0,0,1758.76,287.95,1819.08,391.78,-1
23,player,532,0,0,1761.4,288.98,1821.71,392.81,-1
23,player,533,0,0,1764.03,290.01,1824.34,393.84,-1
23,player,534,0,0,1766.66,291.04,1826.98,394.87,-1
23,player,535,0,0,1769.3,292.07,1829.61,395.9,-1
23,player,536,0,0,1771.93,293.1,1832.24,396.93,-1
23,player,537,0,0,1774.56,294.14,1834.88,397.96,-1
23,player,538,0,0,1777.2,295.17,1837.51,398.99,-1
23,player,539,0,0,1779.83,296.2,1840.15,400.02,-1
23,player,540,0,0,1782.46,297.23,1842.78,401.05,-1
23,player,541,0,0,1785.1,298.26,1845.41,402.08,-1
23,player,542,0,0,1786.9,298.81,1847.21,402.63,-1
23,player,543,0,0,1788.69,299.36,1849.01,403.19,-1
23,player,544,0,0,1790.49,299.92,1850.81,403.74,-1
23,player,545,0,0,1792.29,300.47,1852.61,404.29,-1
23,player,546,0,0,1794.09,301.02,1854.4,404.85,-1
23,player,547,0,0,1795.89,301.58,1856.2,405.4,-1
23,player,548,0,0,1797.69,302.13,1858.0,405.95,-1
23,player,549,0,0,1799.48,302.68,1859.8,406.51,-1
23,player,550,0,0,1801.28,303.24,1861.6,407.06,-1
23,player,551,0,0,1803.08,303.79,1863.4,407.61,-1
23,player,552,0,0,1804.88,304.34,1865.2,408.17,-1
23,player,553,0,0,1806.68,304.9,1866.99,408.72,-1
23,player,554,0,0,1808.48,305.45,1868.79,409.27,-1
23,player,555,0,0,1810.28,306.0,1870.59,409.83,-1
23,player,556,0,0,1812.07,306.56,1872.39,410.38,-1
23,player,557,0,0,1813.87,307.11,1874.19,410.93,-1
23,player,558,0,0,1815.67,307.66,1875.99,411.49,-1
23,player,559,0,0,1817.47,308.22,1877.78,412.04,-1
23,player,560,0,0,1819.27,308.77,1879.58,412.59,-1
23,player,561,0,0,1821.07,309.32,1881.38,413.15,-1
23,player,562,0,0,1822.87,309.88,1883.18,413.7,-1
23,player,563,0,0,1824.66,310.43,1884.98,414.25,-1
23,player,564,0,0,1826.46,310.98,1886.78,414.81,-1
23,player,565,0,0,1828.26,311.54,1888.58,415.36,-1
23,player,566,0,0,1828.96,311.54,1889.27,415.36,-1
23,player,567,0,0,1829.66,311.54,1889.97,415.36,-1
23,player,568,0,0,1830.36,311.54,1890.67,415.36,-1
23,player,569,0,0,1831.06,311.54,1891.37,415.36,-1
23,player,570,0,0,1831.76,311.54,1892.07,415.36,-1
23,player,571,0,0,1832.45,311.54,1892.77,415.36,-1
23,player,572,0,0,1833.15,311.54,1893.47,415.36,-1
23,player,573,0,0,1833.85,311.54,1894.17,415.36,-1
23,player,574,0,0,1834.55,311.54,1894.87,415.36,-1
23,player,575,0,0,1835.25,311.54,1895.57,415.36,-1
23,player,576,0,0,1835.95,311.54,1896.26,415.36,-1
23,player,577,0,0,1836.65,311.54,1896.96,415.36,-1
23,player,578,0,0,1837.35,311.54,1897.66,415.36,-1
23,player,579,0,0,1838.05,311.54,1898.36,415.36,-1
23,player,580,0,0,1838.75,311.54,1899.06,415.36,-1
23,player,581,0,0,1839.44,311.54,1899.76,415.36,-1
23,player,582,0,0,1840.14,311.54,1900.46,415.36,-1
23,player,583,0,0,1840.84,311.54,1901.16,415.36,-1
23,player,584,0,0,1841.54,311.54,1901.86,415.36,-1
23,player,585,0,0,1840.68,311.63,1900.99,415.46,-1
23,player,586,0,0,1839.81,311.73,1900.13,415.55,-1
23,player,587,0,0,1838.95,311.83,1899.26,415.65,-1
23,player,588,0,0,1838.08,311.92,1898.4,415.75,-1
23,player,589,0,0,1837.22,312.02,1897.54,415.84,-1
23,player,590,0,0,1836.36,312.11,1896.67,415.94,-1
23,player,591,0,0,1835.49,312.21,1895.81,416.03,-1
23,player,592,0,0,1834.63,312.31,1894.94,416.13,-1
23,player,593,0,0,1833.76,312.4,1894.08,416.23,-1
23,player,594,0,0,1832.9,312.5,1893.21,416.32,-1
23,player,595,0,0,1832.03,312.59,1892.35,416.42,-1
23,player,596,0,0,1831.17,312.69,1891.48,416.51,-1
23,player,597,0,0,1830.31,312.79,1890.62,416.61,-1
23,player,598,0,0,1829.44,312.88,1889.76,416.71,-1
23,player,599,0,0,1828.58,312.98,1888.89,416.8,-1
23,player,600,0,0,1827.71,313.07,1888.03,416.9,-1
23,player,601,0,0,1826.85,313.17,1887.16,416.99,-1
23,player,602,0,0,1825.98,313.27,1886.3,417.09,-1
23,player,603,0,0,1825.12,313.36,1885.43,417.19,-1
23,player,604,0,0,1824.25,313.46,1884.57,417.28,-1
23,player,605,0,0,1823.39,313.56,1883.71,417.38,-1
23,player,606,0,0,1822.53,313.65,1882.84,417.47,-1
23,player,607,0,0,1821.66,313.75,1881.98,417.57,-1
23,player,608,0,0,1820.8,313.84,1881.11,417.67,-1
23,player,609,0,0,1819.93,313.94,1880.25,417.76,-1
23,player,610,0,0,1819.07,314.04,1879.38,417.86,-1
23,player,611,0,0,1818.2,314.13,1878.52,417.95,-1
23,player,612,0,0,1817.34,314.23,1877.65,418.05,-1
23,player,613,0,0,1816.47,314.32,1876.79,418.15,-1
23,player,614,0,0,1815.61,314.42,1875.93,418.24,-1
23,player,615,0,0,1814.75,314.52,1875.06,418.34,-1
23,player,616,0,0,1813.88,314.61,1874.2,418.43,-1
23,player,617,0,0,1813.02,314.71,1873.33,418.53,-1
23,player,618,0,0,1812.15,314.8,1872.47,418.63,-1
23,player,619,0,0,1811.29,314.9,1871.6,418.72,-1
23,player,620,0,0,1810.42,315.0,1870.74,418.82,-1
23,player,621,0,0,1809.56,315.09,1869.87,418.91,-1
23,player,622,0,0,1808.7,315.19,1869.01,419.01,-1
23,player,623,0,0,1807.83,315.28,1868.15,419.11,-1
23,player,624,0,0,1806.97,315.38,1867.28,419.2,-1
23,player,625,0,0,1807.66,315.89,1867.98,419.71,-1
23,player,626,0,0,1808.36,316.39,1868.67,420.22,-1
23,player,627,0,0,1809.05,316.9,1869.37,420.72,-1
23,player,628,0,0,1809.75,317.4,1870.06,421.23,-1
23,player,629,0,0,1810.45,317.91,1870.76,421.73,-1
23,player,630,0,0,1811.14,318.42,1871.46,422.24,-1
23,player,631,0,0,1811.84,318.92,1872.15,422.75,-1
23,player,632,0,0,1812.53,319.43,1872.85,423.25,-1
23,player,633,0,0,1813.23,319.93,1873.54,423.76,-1
23,player,634,0,0,1813.92,320.44,1874.24,424.26,-1
23,player,635,0,0,1814.62,320.95,1874.94,424.77,-1
23,player,636,0,0,1815.32,321.45,1875.63,425.28,-1
23,player,637,0,0,1816.01,321.96,1876.33,425.78,-1
23,player,638,0,0,1816.71,322.46,1877.02,426.29,-1
23,player,639,0,0,1817.4,322.97,1877.72,426.79,-1
23,player,640,0,0,1818.1,323.48,1878.41,427.3,-1
23,player,641,0,0,1818.8,323.98,1879.11,427.81,-1
23,player,642,0,0,1819.49,324.49,1879.81,428.31,-1
23,player,643,0,0,1820.19,324.99,1880.5,428.82,-1
23,player,644,0,0,1820.88,325.5,1881.2,429.32,-1
23,player,645,0,0,1821.58,326.01,1881.89,429.83,-1
23,player,646,0,0,1822.27,326.51,1882.59,430.34,-1
23,player,647,0,0,1822.97,327.02,1883.28,430.84,-1
23,player,648,0,0,1823.67,327.52,1883.98,431.35,-1
23,player,649,0,0,1824.36,328.03,1884.68,431.85,-1
23,player,650,0,0,1825.06,328.54,1885.37,432.36,-1
23,player,651,0,0,1825.75,329.04,1886.07,432.87,-1
23,player,652,0,0,1826.45,329.55,1886.76,433.37,-1
23,player,653,0,0,1827.14,330.05,1887.46,433.88,-1
23,player,654,0,0,1827.84,330.56,1888.16,434.38,-1
23,player,655,0,0,1828.54,331.07,1888.85,434.89,-1
23,player,656,0,0,1829.23,331.57,1889.55,435.4,-1
23,player,657,0,0,1829.93,332.08,1890.24,435.9,-1
23,player,658,0,0,1830.62,332.58,1890.94,436.41,-1
23,player,659,0,0,1831.32,333.09,1891.63,436.91,-1
23,player,660,0,0,1832.01,333.6,1892.33,437.42,-1
23,player,661,0,0,1832.71,334.1,1893.03,437.93,-1
23,player,662,0,0,1833.41,334.61,1893.72,438.43,-1
23,player,663,0,0,1834.1,335.11,1894.42,438.94,-1
23,player,664,0,0,1834.8,335.62,1895.11,439.44,-1
23,player,665,0,0,1835.49,336.13,1895.81,439.95,-1
23,player,666,0,0,1836.19,336.63,1896.5,440.46,-1
23,player,667,0,0,1836.89,337.14,1897.2,440.96,-1
23,player,668,0,0,1837.58,337.64,1897.9,441.47,-1
23,player,669,0,0,1838.28,338.15,1898.59,441.97,-1
23,player,670,0,0,1838.97,338.66,1899.29,442.48,-1
23,player,671,0,0,1839.67,339.16,1899.98,442.99,-1
23,player,672,0,0,1840.36,339.67,1900.68,443.49,-1
23,player,673,0,0,1841.06,340.17,1901.38,444.0,-1
23,player,674,0,0,1841.76,340.68,1902.07,444.5,-1
23,player,675,0,0,1844.29,341.37,1903.7,445.2,-1
23,player,676,0,0,1846.83,342.06,1905.33,445.89,-1
23,player,677,0,0,1849.36,342.75,1906.96,446.58,-1
23,player,678,0,0,1851.9,343.45,1908.59,447.27,-1
23,player,679,0,0,1854.43,344.14,1910.22,447.96,-1
23,player,680,0,0,1856.97,344.83,1911.85,448.65,-1
23,player,681,0,0,1859.5,345.52,1913.48,449.34,-1
23,player,682,0,0,1862.04,346.21,1915.11,450.04,-1
23,player,683,0,0,1864.57,346.9,1916.74,450.73,-1
23,player,684,0,0,1867.11,347.59,1918.37,451.42,-1
23,player,685,0,0,1869.64,348.29,1920.0,452.11,-1
23,player,686,0,0,1871.05,349.41,1920.0,453.24,-1
23,player,687,0,0,1872.46,350.54,1920.0,454.36,-1
23,player,688,0,0,1873.87,351.67,1920.0,455.49,-1
23,player,689,0,0,1875.28,352.79,1920.0,456.62,-1
23,player,690,0,0,1876.69,353.92,1920.0,457.74,-1
23,player,691,0,0,1878.09,355.05,1920.0,458.87,-1
23,player,692,0,0,1879.5,356.17,1920.0,460.0,-1
23,player,693,0,0,1880.91,357.3,1920.0,461.12,-1
23,player,694,0,0,1882.32,358.43,1920.0,462.25,-1
23,player,695,0,0,1882.32,358.43,1920.0,462.25,-1
23,player,696,0,0,1882.32,358.43,1920.0,462.25,-1
23,player,697,0,0,1882.32,358.43,1920.0,462.25,-1
23,player,698,0,0,1882.32,358.43,1920.0,462.25,-1
23,player,699,0,0,1882.32,358.43,1920.0,462.25,-1
23,player,700,0,0,1882.32,358.43,1920.0,462.25,-1
23,player,701,0,0,1882.32,358.43,1920.0,462.25,-1
23,player,702,0,0,1882.32,358.43,1920.0,462.25,-1
23,player,703,0,0,1882.32,358.43,1920.0,462.25,-1
23,player,704,0,0,1882.32,358.43,1920.0,462.25,-1
23,player,705,0,0,1882.32,358.43,1920.0,462.25,-1
23,player,706,0,0,1882.32,358.43,1920.0,462.25,-1
23,player,707,0,0,1882.32,358.43,1920.0,462.25,-1
23,player,708,0,0,1882.32,358.43,1920.0,462.25,-1
23,player,709,0,0,1882.32,358.43,1920.0,462.25,-1
23,player,710,0,0,1882.32,358.43,1920.0,462.25,-1
23,player,711,0,0,1882.32,358.43,1920.0,462.25,-1
23,player,712,0,0,1882.32,358.43,1920.0,462.25,-1
23,player,713,0,0,1882.32,358.43,1920.0,462.25,-1
23,player,714,0,0,1882.32,358.43,1920.0,462.25,-1
23,player,715,0,0,1882.32,358.43,1920.0,462.25,-1
23,player,716,0,0,1882.32,358.43,1920.0,462.25,-1
23,player,717,0,0,1882.32,358.43,1920.0,462.25,-1
23,player,718,0,0,1882.32,358.43,1920.0,462.25,-1
23,player,719,1,0,1882.32,358.43,1920.0,462.25,-1
24,player,501,0,0,39.03,311.89,107.4,426.38,-1
24,player,502,0,0,39.88,312.49,108.25,426.99,-1
24,player,503,0,0,40.73,313.1,109.1,427.6,-1
24,player,504,0,0,41.58,313.71,109.95,428.2,-1
24,player,505,0,0,42.43,314.32,110.8,428.81,-1
24,player,506,0,0,43.28,314.92,111.65,429.42,-1
24,player,507,0,0,44.13,315.53,112.5,430.03,-1
24,player,508,0,0,44.98,316.14,113.35,430.63,-1
24,player,509,0,0,45.83,316.74,114.2,431.24,-1
24,player,510,0,0,46.68,317.35,115.05,431.85,-1
24,player,511,0,0,47.53,317.96,115.9,432.46,-1
24,player,512,0,0,48.38,318.57,116.75,433.06,-1
24,player,513,0,0,51.21,319.96,119.57,434.46,-1
24,player,514,0,0,54.03,321.36,122.4,435.85,-1
24,player,515,0,0,56.85,322.75,125.22,437.25,-1
24,player,516,0,0,59.67,324.15,128.04,438.65,-1
24,player,517,0,0,62.49,325.54,130.86,440.04,-1
24,player,518,0,0,65.31,326.94,133.68,441.44,-1
24,player,519,0,0,68.13,328.34,136.5,442.83,-1
24,player,520,0,0,70.95,329.73,139.32,444.23,-1
24,player,521,0,0,73.77,331.13,142.14,445.62,-1
24,player,522,0,0,76.6,332.52,144.96,447.02,-1
24,player,523,0,0,79.42,333.92,147.79,448.41,-1
24,player,524,0,0,82.24,335.31,150.61,449.81,-1
24,player,525,0,0,85.06,336.71,153.43,451.21,-1
24,player,526,0,0,87.88,338.11,156.25,452.6,-1
24,player,527,0,0,90.7,339.5,159.07,454.0,-1
24,player,528,0,0,93.52,340.9,161.89,455.39,-1
24,player,529,0,0,96.34,342.29,164.71,456.79,-1
24,player,530,0,0,99.16,343.69,167.53,458.18,-1
24,player,531,0,0,101.98,345.08,170.35,459.58,-1
24,player,532,0,0,104.81,346.48,173.17,460.98,-1
24,player,533,0,0,107.63,347.87,176.0,462.37,-1
24,player,534,0,0,110.45,349.27,178.82,463.77,-1
24,player,535,0,0,113.27,350.67,181.64,465.16,-1
24,player,536,0,0,116.09,352.06,184.46,466.56,-1
24,player,537,0,0,118.91,353.46,187.28,467.95,-1
24,player,538,0,0,121.73,354.85,190.1,469.35,-1
24,player,539,0,0,124.55,356.25,192.92,470.75,-1
24,player,540,0,0,127.37,357.64,195.74,472.14,-1
24,player,541,0,0,130.2,359.04,198.56,473.54,-1
24,player,542,0,0,131.72,359.87,200.09,474.37,-1
24,player,543,0,0,133.24,360.7,201.61,475.2,-1
24,player,544,0,0,134.76,361.53,203.13,476.03,-1
24,player,545,0,0,136.28,362.36,204.65,476.86,-1
24,player,546,0,0,137.8,363.19,206.17,477.69,-1
24,player,547,0,0,139.33,364.02,207.69,478.52,-1
24,player,548,0,0,140.85,364.85,209.22,479.35,-1
24,player,549,0,0,142.37,365.68,210.74,480.18,-1
24,player,550,0,0,143.89,366.51,212.26,481.01,-1
24,player,551,0,0,145.41,367.34,213.78,481.84,-1
24,player,552,0,0,146.94,368.17,215.3,482.67,-1
24,player,553,0,0,148.46,369.0,216.83,483.5,-1
24,player,554,0,0,149.98,369.83,218.35,484.33,-1
24,player,555,0,0,151.5,370.66,219.87,485.16,-1
24,player,556,0,0,153.02,371.49,221.39,485.99,-1
24,player,557,0,0,154.54,372.32,222.91,486.82,-1
24,player,558,0,0,156.07,373.15,224.43,487.65,-1
24,player,559,0,0,157.59,373.98,225.96,488.48,-1
24,player,560,0,0,159.11,374.81,227.48,489.31,-1
24,player,561,0,0,160.63,375.64,229.0,490.14,-1
24,player,562,0,0,162.15,376.47,230.52,490.97,-1
24,player,563,0,0,163.68,377.3,232.04,491.8,-1
24,player,564,0,0,165.2,378.13,233.57,492.63,-1
24,player,565,0,0,166.72,378.96,235.09,493.46,-1
24,player,566,0,0,167.59,379.66,235.96,494.16,-1
24,player,567,0,0,168.47,380.36,236.84,494.86,-1
24,player,568,0,0,169.34,381.06,237.71,495.56,-1
24,player,569,0,0,170.21,381.76,238.58,496.25,-1
24,player,570,0,0,171.09,382.46,239.46,496.95,-1
24,player,571,0,0,171.96,383.16,240.33,497.65,-1
24,player,572,0,0,172.84,383.86,241.2,498.35,-1
24,player,573,0,0,173.71,384.55,242.08,499.05,-1
24,player,574,0,0,174.58,385.25,242.95,499.75,-1
24,player,575,0,0,175.46,385.95,243.83,500.45,-1
24,player,576,0,0,176.33,386.65,244.7,501.15,-1
24,player,577,0,0,177.2,387.35,245.57,501.85,-1
24,player,578,0,0,178.08,388.05,246.45,502.55,-1
24,player,579,0,0,178.95,388.75,247.32,503.24,-1
24,player,580,0,0,179.83,389.45,248.19,503.94,-1
24,player,581,0,0,180.7,390.15,249.07,504.64,-1
24,player,582,0,0,181.57,390.85,249.94,505.34,-1
24,player,583,0,0,182.45,391.54,250.82,506.04,-1
24,player,584,0,0,183.32,392.24,251.69,506.74,-1
24,player,585,0,0,182.58,392.69,250.95,507.18,-1
24,player,586,0,0,181.84,393.13,250.21,507.63,-1
24,player,587,0,0,181.1,393.57,249.47,508.07,-1
24,player,588,0,0,180.37,394.02,248.73,508.51,-1
24,player,589,0,0,179.63,394.46,248.0,508.96,-1
24,player,590,0,0,178.89,394.9,247.26,509.4,-1
24,player,591,0,0,178.15,395.35,246.52,509.84,-1
24,player,592,0,0,177.41,395.79,245.78,510.29,-1
24,player,593,0,0,176.67,396.23,245.04,510.73,-1
24,player,594,0,0,175.93,396.68,244.3,511.17,-1
24,player,595,0,0,175.19,397.12,243.56,511.62,-1
24,player,596,0,0,174.46,397.56,242.82,512.06,-1
24,player,597,0,0,173.72,398.01,242.09,512.5,-1
24,player,598,0,0,172.98,398.45,241.35,512.95,-1
24,player,599,0,0,172.24,398.89,240.61,513.39,-1
24,player,600,0,0,171.5,399.34,239.87,513.83,-1
24,player,601,0,0,170.76,399.78,239.13,514.28,-1
24,player,602,0,0,170.02,400.22,238.39,514.72,-1
24,player,603,0,0,169.28,400.67,237.65,515.16,-1
24,player,604,0,0,168.54,401.11,236.91,515.61,-1
24,player,605,0,0,167.81,401.55,236.17,516.05,-1
24,player,606,0,0,167.07,402.0,235.44,516.49,-1
24,player,607,0,0,166.33,402.44,234.7,516.93,-1
24,player,608,0,0,165.59,402.88,233.96,517.38,-1
24,player,609,0,0,164.85,403.33,233.22,517.82,-1
24,player,610,0,0,164.11,403.77,232.48,518.26,-1
24,player,611,0,0,161.53,405.06,229.9,519.56,-1
24,player,612,0,0,158.95,406.35,227.32,520.85,-1
24,player,613,0,0,156.36,407.64,224.73,522.14,-1
24,player,614,0,0,153.78,408.93,222.15,523.43,-1
24,player,615,0,0,151.2,410.23,219.57,524.72,-1
24,player,616,0,0,148.61,411.52,216.98,526.01,-1
24,player,617,0,0,146.03,412.81,214.4,527.31,-1
24,player,618,0,0,143.45,414.1,211.82,528.6,-1
24,player,619,0,0,140.87,415.39,209.23,529.89,-1
24,player,620,0,0,138.28,416.68,206.65,531.18,-1
24,player,621,0,0,135.7,417.98,204.07,532.47,-1
24,player,622,0,0,133.12,419.27,201.49,533.76,-1
24,player,623,0,0,130.53,420.56,198.9,535.05,-1
24,player,624,0,0,127.95,421.85,196.32,536.35,-1
24,player,625,0,0,125.39,422.81,193.67,537.31,-1
24,player,626,0,0,122.83,423.78,191.02,538.27,-1
24,player,627,0,0,120.27,424.74,188.36,539.24,-1
24,player,628,0,0,117.72,425.71,185.71,540.2,-1
24,player,629,0,0,115.16,426.67,183.06,541.17,-1
24,player,630,0,0,112.6,427.64,180.41,542.13,-1
24,player,631,0,0,110.04,428.6,177.76,543.1,-1
24,player,632,0,0,107.48,429.56,175.11,544.06,-1
24,player,633,0,0,104.92,430.53,172.45,545.02,-1
24,player,634,0,0,102.36,431.49,169.8,545.99,-1
24,player,635,0,0,99.8,432.46,167.15,546.95,-1
24,player,636,0,0,97.24,433.42,164.5,547.92,-1
24,player,637,0,0,94.68,434.39,161.85,548.88,-1
24,player,638,0,0,92.12,435.35,159.19,549.85,-1
24,player,639,0,0,89.57,436.31,156.54,550.81,-1
24,player,640,0,0,87.01,437.28,153.89,551.77,-1
24,player,641,0,0,84.45,438.24,151.24,552.74,-1
24,player,642,0,0,81.89,439.21,148.59,553.7,-1
24,player,643,0,0,79.33,440.17,145.94,554.67,-1
24,player,644,0,0,76.77,441.14,143.28,555.63,-1
24,player,645,0,0,74.21,442.1,140.63,556.6,-1
24,player,646,0,0,71.65,443.06,137.98,557.56,-1
24,player,647,0,0,69.09,444.03,135.33,558.52,-1
24,player,648,0,0,66.53,444.99,132.68,559.49,-1
24,player,649,0,0,63.98,445.96,130.02,560.45,-1
24,player,650,0,0,61.42,446.92,127.37,561.42,-1
24,player,651,0,0,58.86,447.89,124.72,562.38,-1
24,player,652,0,0,56.3,448.85,122.07,563.35,-1
24,player,653,0,0,53.74,449.81,119.42,564.31,-1
24,player,654,0,0,51.18,450.78,116.77,565.27,-1
24,player,655,0,0,48.62,451.74,114.11,566.24,-1
24,player,656,0,0,46.06,452.71,111.46,567.2,-1
24,player,657,0,0,43.5,453.67,108.81,568.17,-1
24,player,658,0,0,40.94,454.64,106.16,569.13,-1
24,player,659,0,0,38.39,455.6,103.51,570.1,-1
24,player,660,0,0,35.83,456.56,100.86,571.06,-1
24,player,661,0,0,33.27,457.53,98.2,572.02,-1
24,player,662,0,0,30.71,458.49,95.55,572.99,-1
24,player,663,0,0,28.15,459.46,92.9,573.95,-1
24,player,664,0,0,25.59,460.42,90.25,574.92,-1
24,player,665,0,0,23.03,461.39,87.6,575.88,-1
24,player,666,0,0,20.47,462.35,84.94,576.85,-1
24,player,667,0,0,17.91,463.31,82.29,577.81,-1
24,player,668,0,0,15.35,464.28,79.64,578.77,-1
24,player,669,0,0,12.8,465.24,76.99,579.74,-1
24,player,670,0,0,10.24,466.21,74.34,580.7,-1
24,player,671,0,0,7.68,467.17,71.69,581.67,-1
24,player,672,0,0,5.12,468.14,69.03,582.63,-1
24,player,673,0,0,2.56,469.1,66.38,583.6,-1
24,player,674,0,0,0.0,470.06,63.73,584.56,-1
24,player,675,0,0,0.0,470.29,63.27,584.79,-1
24,player,676,0,0,0.0,470.53,62.81,585.02,-1
24,player,677,0,0,0.0,470.76,62.35,585.25,-1
24,player,678,0,0,0.0,470.99,61.89,585.48,-1
24,player,679,0,0,0.0,471.22,61.43,585.71,-1
24,player,680,0,0,0.0,471.45,60.96,585.94,-1
24,player,681,0,0,0.0,471.68,60.5,586.17,-1
24,player,682,0,0,0.0,471.91,60.04,586.4,-1
24,player,683,0,0,0.0,472.14,59.58,586.63,-1
24,player,684,0,0,0.0,472.37,59.12,586.87,-1
24,player,685,0,0,0.0,472.6,58.66,587.1,-1
24,player,686,0,0,0.0,476.82,56.97,591.32,-1
24,player,687,0,0,0.0,481.05,55.28,595.55,-1
24,player,688,0,0,0.0,485.28,53.59,599.77,-1
24,player,689,0,0,0.0,489.5,51.9,604.0,-1
24,player,690,0,0,0.0,493.73,50.21,608.22,-1
24,player,691,0,0,0.0,497.95,48.52,612.45,-1
24,player,692,0,0,0.0,502.18,46.83,616.67,-1
24,player,693,0,0,0.0,506.4,45.14,620.9,-1
24,player,694,0,0,0.0,510.63,43.45,625.12,-1
24,player,695,0,0,0.0,510.63,43.45,625.12,-1
24,player,696,0,0,0.0,510.63,43.45,625.12,-1
24,player,697,0,0,0.0,510.63,43.45,625.12,-1
24,player,698,0,0,0.0,510.63,43.45,625.12,-1
24,player,699,0,0,0.0,510.63,43.45,625.12,-1
24,player,700,0,0,0.0,510.63,43.45,625.12,-1
24,player,701,0,0,0.0,510.63,43.45,625.12,-1
24,player,702,1,0,0.0,510.63,43.45,625.12,-1
25,player,796,0,0,68.65,534.92,137.02,649.42,23
25,player,797,0,0,73.06,532.99,141.43,647.49,23
25,player,798,0,0,77.47,531.07,145.83,645.56,23
25,player,799,0,0,81.87,529.14,150.24,643.63,23
25,player,800,0,0,86.28,527.21,154.65,641.71,23
25,player,801,0,0,90.69,525.28,159.06,639.78,23
25,player,802,0,0,95.1,523.35,163.47,637.85,23
25,player,803,0,0,99.5,521.42,167.87,635.92,23
25,player,804,0,0,103.91,519.5,172.28,633.99,23
25,player,805,0,0,108.32,517.57,176.69,632.06,23
25,player,806,0,0,112.73,515.64,181.1,630.14,23
25,player,807,0,0,117.14,513.71,185.5,628.21,23
25,player,808,0,0,121.54,511.78,189.91,626.28,23
25,player,809,0,0,123.22,510.88,191.59,625.38,23
25,player,810,0,0,124.9,509.98,193.27,624.47,23
25,player,811,0,0,126.57,509.07,194.94,623.57,23
25,player,812,0,0,128.25,508.17,196.62,622.67,23
25,player,813,0,0,129.93,507.27,198.3,621.76,23
25,player,814,0,0,131.6,506.36,199.97,620.86,23
25,player,815,0,0,133.28,505.46,201.65,619.96,23
25,player,816,0,0,134.96,504.56,203.33,619.05,23
25,player,817,0,0,136.64,503.66,205.0,618.15,23
25,player,818,0,0,138.31,502.75,206.68,617.25,23
25,player,819,0,0,139.99,501.85,208.36,616.35,23
25,player,820,0,0,141.67,500.95,210.03,615.44,23
25,player,821,0,0,143.34,500.04,211.71,614.54,23
25,player,822,0,0,145.02,499.14,213.39,613.64,23
25,player,823,0,0,146.7,498.24,215.07,612.73,23
25,player,824,0,0,148.37,497.33,216.74,611.83,23
25,player,825,0,0,150.05,496.43,218.42,610.93,23
25,player,826,0,0,151.73,495.53,220.1,610.02,23
25,player,827,0,0,153.4,494.63,221.77,609.12,23
25,player,828,0,0,155.08,493.72,223.45,608.22,23
25,player,829,0,0,156.76,492.82,225.13,607.32,23
25,player,830,0,0,158.44,491.92,226.8,606.41,23
25,player,831,0,0,160.11,491.01,228.48,605.51,23
25,player,832,0,0,162.85,488.96,231.22,603.46,23
25,player,833,0,0,165.59,486.91,233.96,601.4,23
25,player,834,0,0,168.33,484.85,236.7,599.35,23
25,player,835,0,0,171.07,482.8,239.44,597.29,23
25,player,836,0,0,173.81,480.74,242.17,595.24,23
25,player,837,0,0,176.54,478.69,244.91,593.19,23
25,player,838,0,0,179.28,476.64,247.65,591.13,23
25,player,839,0,0,182.02,474.58,250.39,589.08,23
25,player,840,0,0,184.76,472.53,253.13,587.02,23
25,player,841,0,0,187.5,470.47,255.87,584.97,23
25,player,842,0,0,190.24,468.42,258.61,582.92,23
25,player,843,0,0,192.98,466.37,261.34,580.86,23
25,player,844,0,0,195.71,464.31,264.08,578.81,23
25,player,845,0,0,196.6,462.83,264.97,577.33,23
25,player,846,0,0,197.49,461.35,265.86,575.84,23
25,player,847,0,0,198.38,459.86,266.75,574.36,23
25,player,848,0,0,199.28,458.38,267.64,572.87,23
25,player,849,0,0,200.17,456.9,268.53,571.39,23
25,player,850,0,0,201.06,455.41,269.42,569.91,23
25,player,851,0,0,201.95,453.93,270.31,568.42,23
25,player,852,0,0,202.84,452.44,271.2,566.94,23
25,player,853,0,0,203.73,450.96,272.09,565.46,23
25,player,854,0,0,204.62,449.48,272.98,563.97,23
25,player,855,0,0,205.51,447.99,273.87,562.49,23
25,player,856,0,0,206.4,446.51,274.76,561.01,23
25,player,857,0,0,207.29,445.03,275.65,559.52,23
25,player,858,0,0,208.18,443.54,276.54,558.04,23
25,player,859,0,0,209.07,442.06,277.43,556.56,23
25,player,860,0,0,209.96,440.58,278.32,555.07,23
25,player,861,0,0,210.85,439.09,279.21,553.59,23
25,player,862,0,0,211.74,437.61,280.1,552.11,23
25,player,863,0,0,212.63,436.13,280.99,550.62,23
25,player,864,0,0,213.52,434.64,281.88,549.14,23
25,player,865,0,0,213.52,434.64,281.88,549.14,23
25,player,866,0,0,213.52,434.64,281.88,549.14,23
25,player,867,0,0,213.52,434.64,281.88,549.14,23
25,player,868,0,0,213.52,434.64,281.88,549.14,23
25,player,869,0,0,213.52,434.64,281.88,549.14,23
25,player,870,0,0,213.52,434.64,281.88,549.14,23
25,player,871,0,0,213.52,434.64,281.88,549.14,23
25,player,872,0,0,213.52,434.64,281.88,549.14,23
25,player,873,0,0,213.52,434.64,281.88,549.14,23
25,player,874,0,0,213.52,434.64,281.88,549.14,23
25,player,875,0,0,213.52,434.64,281.88,549.14,23
25,player,876,0,0,213.52,434.64,281.88,549.14,23
25,player,877,0,0,213.52,434.64,281.88,549.14,23
25,player,878,0,0,213.52,434.64,281.88,549.14,23
25,player,879,0,0,213.52,434.64,281.88,549.14,23
25,player,880,0,0,213.52,434.64,281.88,549.14,23
25,player,881,0,0,213.52,434.64,281.88,549.14,23
25,player,882,0,0,213.52,434.64,281.88,549.14,23
25,player,883,0,0,213.52,434.64,281.88,549.14,23
25,player,884,0,0,213.52,434.64,281.88,549.14,23
25,player,885,0,0,213.52,434.64,281.88,549.14,23
25,player,886,0,0,213.52,434.64,281.88,549.14,23
25,player,887,0,0,213.52,434.64,281.88,549.14,23
25,player,888,0,0,213.52,434.64,281.88,549.14,23
25,player,889,0,0,213.52,434.64,281.88,549.14,23
25,player,890,0,0,213.52,434.64,281.88,549.14,23
25,player,891,0,0,213.52,434.64,281.88,549.14,23
25,player,892,0,0,213.52,434.64,281.88,549.14,23
25,player,893,0,0,213.52,434.64,281.88,549.14,23
25,player,894,0,0,213.52,434.64,281.88,549.14,23
25,player,895,0,0,213.52,434.64,281.88,549.14,23
25,player,896,0,0,213.52,434.64,281.88,549.14,23
25,player,897,0,0,213.52,434.64,281.88,549.14,23
25,player,898,0,0,213.52,434.64,281.88,549.14,23
25,player,899,0,0,213.52,434.64,281.88,549.14,23
26,player,0,0,0,101.29,375.07,169.07,469.38,66
26,player,1,0,0,108.78,375.07,176.56,469.38,66
26,player,2,0,0,116.26,375.07,184.04,469.38,66
26,player,3,0,0,123.75,375.07,191.53,469.38,66
26,player,4,0,0,123.43,374.8,191.21,469.11,66
26,player,5,0,0,123.11,374.53,190.89,468.84,66
26,player,6,0,0,122.79,374.27,190.57,468.57,66
26,player,7,0,0,122.47,374.0,190.25,468.3,66
26,player,8,0,0,122.15,373.73,189.93,468.04,66
26,player,9,0,0,121.82,373.46,189.61,467.77,66
26,player,10,0,0,121.5,373.19,189.28,467.5,66
26,player,11,0,0,121.18,372.93,188.96,467.23,66
26,player,12,0,0,115.59,373.24,183.37,467.55,66
26,player,13,0,0,110.0,373.56,177.78,467.87,66
26,player,14,0,0,104.4,373.88,172.18,468.18,66
26,player,15,0,0,98.81,374.2,166.59,468.5,66
26,player,16,0,0,93.22,374.51,161.0,468.82,66
26,player,17,0,0,87.62,374.83,155.4,469.14,66
26,player,18,0,0,82.03,375.15,149.81,469.45,66
26,player,19,0,0,76.44,375.47,144.22,469.77,66
26,player,20,0,0,70.84,375.78,138.62,470.09,66
26,player,21,0,0,65.25,376.1,133.03,470.41,66
26,player,22,0,0,59.66,376.42,127.44,470.72,66
26,player,23,0,0,54.06,376.74,121.84,471.04,66
26,player,24,0,0,48.47,377.06,116.25,471.36,66
26,player,25,0,0,42.88,377.37,110.66,471.68,66
26,player,26,0,0,37.28,377.69,105.06,472.0,66
26,player,27,0,0,31.69,378.01,99.47,472.31,66
26,player,28,0,0,26.1,378.33,93.88,472.63,66
26,player,29,0,0,26.88,378.57,94.57,472.87,66
26,player,30,0,0,27.66,378.81,95.26,473.11,66
26,player,31,0,0,28.44,379.05,95.95,473.35,66
26,player,32,0,0,29.22,379.29,96.64,473.59,66
26,player,33,0,0,30.0,379.53,97.33,473.83,66
26,player,34,0,0,30.78,379.77,98.02,474.07,66
26,player,35,0,0,31.56,380.01,98.71,474.31,66
26,player,36,0,0,32.34,380.25,99.4,474.55,66
26,player,37,0,0,33.12,380.49,100.09,474.79,66
26,player,38,0,0,33.9,380.73,100.78,475.03,66
26,player,39,0,0,34.68,380.97,101.47,475.27,66
26,player,40,0,0,35.47,381.21,102.16,475.51,66
26,player,41,0,0,36.25,381.45,102.85,475.75,66
26,player,42,0,0,37.03,381.69,103.55,475.99,66
26,player,43,0,0,37.81,381.93,104.24,476.23,66
26,player,44,0,0,38.59,382.17,104.93,476.47,66
26,player,45,0,0,39.37,382.41,105.62,476.71,66
26,player,46,0,0,40.15,382.65,106.31,476.95,66
26,player,47,0,0,40.93,382.89,107.0,477.19,66
26,player,48,0,0,41.71,383.13,107.69,477.43,66
26,player,49,0,0,42.49,383.37,108.38,477.67,66
26,player,50,0,0,43.27,383.61,109.07,477.91,66
26,player,51,0,0,44.05,383.85,109.76,478.15,66
26,player,52,0,0,44.84,384.09,110.45,478.39,66
26,player,53,0,0,45.62,384.33,111.14,478.63,66
26,player,54,0,0,46.4,384.57,111.83,478.88,66
26,player,55,0,0,47.18,384.81,112.52,479.12,66
26,player,56,0,0,47.96,385.05,113.21,479.36,66
26,player,57,0,0,48.74,385.29,113.9,479.6,66
26,player,58,0,0,49.52,385.53,114.6,479.84,66
26,player,59,0,0,50.3,385.77,115.29,480.08,66
26,player,60,0,0,51.08,386.01,115.98,480.32,66
26,player,61,0,0,51.86,386.25,116.67,480.56,66
26,player,62,0,0,52.64,386.49,117.36,480.8,66
26,player,63,0,0,53.42,386.73,118.05,481.04,66
26,player,64,0,0,54.2,386.97,118.74,481.28,66
26,player,65,0,0,54.99,387.21,119.43,481.52,66
26,player,66,0,0,55.77,387.45,120.12,481.76,66
26,player,67,0,0,56.55,387.69,120.81,482.0,66
26,player,68,0,0,57.33,387.93,121.5,482.24,66
26,player,69,0,0,58.11,388.17,122.19,482.48,66
26,player,70,0,0,58.89,388.41,122.88,482.72,66
26,player,71,0,0,59.67,388.65,123.57,482.96,66
26,player,72,0,0,60.45,388.89,124.26,483.2,66
26,player,73,0,0,61.23,389.13,124.95,483.44,66
26,player,74,0,0,62.01,389.37,125.64,483.68,66
26,player,75,0,0,62.79,389.61,126.34,483.92,66
26,player,76,0,0,63.57,389.85,127.03,484.16,66
26,player,77,0,0,64.36,390.09,127.72,484.4,66
26,player,78,0,0,65.14,390.33,128.41,484.64,66
26,player,79,0,0,65.92,390.57,129.1,484.88,66
26,player,80,0,0,66.7,390.81,129.79,485.12,66
26,player,81,0,0,67.48,391.05,130.48,485.36,66
26,player,82,0,0,68.26,391.29,131.17,485.6,66
26,player,83,0,0,69.04,391.53,131.86,485.84,66
26,player,84,0,0,69.82,391.78,132.55,486.08,66
26,player,85,0,0,70.6,392.02,133.24,486.32,66
26,player,86,0,0,71.38,392.26,133.93,486.56,66
26,player,87,0,0,72.16,392.5,134.62,486.8,66
26,player,88,0,0,72.94,392.74,135.31,487.04,66
26,player,89,0,0,73.73,392.98,136.0,487.28,66
26,player,90,0,0,74.51,393.22,136.69,487.52,66
26,player,91,0,0,75.29,393.46,137.39,487.76,66
26,player,92,0,0,76.07,393.7,138.08,488.0,66
26,player,93,0,0,76.85,393.94,138.77,488.24,66
26,player,94,0,0,77.63,394.18,139.46,488.48,66
26,player,95,0,0,78.41,394.42,140.15,488.72,66
26,player,96,0,0,79.19,394.66,140.84,488.96,66
26,player,97,0,0,79.97,394.9,141.53,489.2,66
26,player,98,0,0,80.75,395.14,142.22,489.44,66
26,player,99,0,0,81.53,395.38,142.91,489.68,66
26,player,100,0,0,82.31,395.62,143.6,489.92,66
26,player,101,0,0,83.09,395.86,144.29,490.16,66
26,player,102,0,0,83.88,396.1,144.98,490.4,66
26,player,103,0,0,84.66,396.34,145.67,490.64,66
26,player,104,0,0,85.44,396.58,146.36,490.88,66
26,player,105,0,0,86.22,396.82,147.05,491.12,66
26,player,106,0,0,87.0,397.06,147.74,491.36,66
26,player,107,0,0,87.78,397.3,148.43,491.6,66
26,player,108,0,0,88.56,397.54,149.13,491.84,66
26,player,109,0,0,89.34,397.78,149.82,492.08,66
26,player,110,0,0,90.12,398.02,150.51,492.32,66
26,player,111,0,0,90.9,398.26,151.2,492.56,66
26,player,112,0,0,91.68,398.5,151.89,492.8,66
26,player,113,0,0,92.46,398.74,152.58,493.04,66
26,player,114,0,0,93.25,398.98,153.27,493.28,66
26,player,115,0,0,94.03,399.22,153.96,493.52,66
26,player,116,0,0,94.81,399.46,154.65,493.76,66
26,player,117,0,0,95.59,399.7,155.34,494.01,66
26,player,118,0,0,96.37,399.94,156.03,494.25,66
26,player,119,0,0,97.15,400.18,156.72,494.49,66
26,player,120,0,0,97.93,400.42,157.41,494.73,66
26,player,121,0,0,98.71,400.66,158.1,494.97,66
26,player,122,0,0,99.49,400.9,158.79,495.21,66
26,player,123,0,0,100.27,401.14,159.48,495.45,66
26,player,124,0,0,101.05,401.38,160.18,495.69,66
26,player,125,0,0,101.83,401.62,160.87,495.93,66
26,player,126,0,0,102.61,401.86,161.56,496.17,66
26,player,127,0,0,103.4,402.1,162.25,496.41,66
26,player,128,0,0,104.18,402.34,162.94,496.65,66
26,player,129,0,0,104.96,402.58,163.63,496.89,66
26,player,130,0,0,105.74,402.82,164.32,497.13,66
26,player,131,0,0,106.52,403.06,165.01,497.37,66
26,player,132,0,0,107.3,403.3,165.7,497.61,66
26,player,133,0,0,106.23,403.07,164.63,497.38,66
26,player,134,0,0,105.16,402.85,163.56,497.15,66
26,player,135,0,0,104.1,402.62,162.5,496.92,66
26,player,136,0,0,103.03,402.39,161.43,496.69,66
26,player,137,0,0,101.96,402.16,160.36,496.46,66
26,player,138,0,0,100.89,401.93,159.29,496.23,66
26,player,139,0,0,99.83,401.7,158.23,496.01,66
26,player,140,0,0,98.76,401.47,157.16,495.78,66
26,player,141,0,0,97.69,401.24,156.09,495.55,66
26,player,142,0,0,96.62,401.02,155.02,495.32,66
26,player,143,0,0,95.56,400.79,153.96,495.09,66
26,player,144,0,0,94.49,400.56,152.89,494.86,66
26,player,145,0,0,93.42,400.33,151.82,494.63,66
26,player,146,0,0,92.35,400.1,150.75,494.4,66
26,player,147,0,0,91.29,399.87,149.69,494.18,66
26,player,148,0,0,90.22,399.64,148.62,493.95,66
26,player,149,0,0,89.15,399.41,147.55,493.72,66
26,player,150,0,0,88.08,399.18,146.48,493.49,66
26,player,151,0,0,87.02,398.96,145.42,493.26,66
26,player,152,0,0,85.95,398.73,144.35,493.03,66
26,player,153,0,0,84.88,398.5,143.28,492.8,66
26,player,154,0,0,83.81,398.27,142.21,492.57,66
26,player,155,0,0,82.75,398.04,141.15,492.35,66
26,player,156,0,0,81.68,397.81,140.08,492.12,66
26,player,157,0,0,80.61,397.58,139.01,491.89,66
26,player,158,0,0,79.54,397.35,137.94,491.66,66
26,player,159,0,0,78.47,397.13,136.88,491.43,66
26,player,160,0,0,77.41,396.9,135.81,491.2,66
26,player,161,0,0,76.34,396.67,134.74,490.97,66
26,player,162,0,0,75.27,396.44,133.67,490.74,66
26,player,163,0,0,74.2,396.21,132.6,490.52,66
26,player,164,0,0,73.14,395.98,131.54,490.29,66
26,player,165,0,0,72.07,395.75,130.47,490.06,66
26,player,166,0,0,71.0,395.52,129.4,489.83,66
26,player,167,0,0,69.93,395.3,128.33,489.6,66
26,player,168,0,0,68.87,395.07,127.27,489.37,66
26,player,169,0,0,67.8,394.84,126.2,489.14,66
26,player,170,0,0,66.73,394.61,125.13,488.91,66
26,player,171,0,0,70.15,392.9,128.55,488.18,66
26,player,172,0,0,73.58,391.19,131.98,487.45,66
26,player,173,0,0,77.0,389.48,135.4,486.71,66
26,player,174,0,0,80.42,387.77,138.82,485.98,66
26,player,175,0,0,83.84,386.05,142.24,485.25,66
26,player,176,0,0,87.26,384.34,145.66,484.51,66
26,player,177,0,0,90.69,382.63,149.09,483.78,66
26,player,178,0,0,94.11,380.92,152.51,483.05,66
26,player,179,0,0,97.53,379.21,155.93,482.31,66
26,player,180,0,0,100.95,377.5,159.35,481.58,66
26,player,181,0,0,106.29,377.83,164.69,481.91,66
26,player,182,0,0,111.62,378.17,170.02,482.25,66
26,player,183,0,0,116.95,378.5,175.35,482.58,66
26,player,184,0,0,122.29,378.83,180.69,482.91,66
26,player,185,0,0,127.62,379.17,186.02,483.25,66
26,player,186,0,0,132.95,379.5,191.35,483.58,66
26,player,187,0,0,138.29,379.83,196.69,483.91,66
26,player,188,0,0,143.62,380.17,202.02,484.25,66
26,player,189,0,0,148.95,380.5,207.35,484.58,66
26,player,190,0,0,154.29,380.83,212.69,484.91,66
26,player,191,0,0,159.62,381.17,218.02,485.25,66
26,player,192,0,0,164.95,381.5,223.35,485.58,66
26,player,193,0,0,170.29,381.83,228.69,485.91,66
26,player,194,0,0,175.62,382.17,234.02,486.25,66
26,player,195,0,0,180.95,382.5,239.35,486.58,66
26,player,196,0,0,186.29,382.83,244.69,486.91,66
26,player,197,0,0,191.62,383.17,250.02,487.25,66
26,player,198,0,0,196.95,383.5,255.35,487.58,66
26,player,199,0,0,202.29,383.83,260.69,487.91,66
26,player,200,0,0,207.62,384.17,266.02,488.25,66
26,player,201,0,0,212.95,384.5,271.35,488.58,66
26,player,202,0,0,218.29,384.83,276.69,488.92,66
26,player,203,0,0,222.13,384.45,280.53,488.53,66
26,player,204,0,0,225.98,384.06,284.38,488.15,66
26,player,205,0,0,229.82,383.68,288.22,487.76,66
26,player,206,0,0,233.67,383.3,292.07,487.38,66
26,player,207,0,0,237.51,382.91,295.91,486.99,66
26,player,208,0,0,241.36,382.53,299.76,486.61,66
26,player,209,0,0,245.2,382.14,303.6,486.22,66
26,player,210,0,0,249.05,381.76,307.45,485.84,66
26,player,211,0,0,252.89,381.37,311.29,485.45,66
26,player,212,0,0,256.74,380.99,315.14,485.07,66
26,player,213,0,0,260.58,380.6,318.98,484.68,66
26,player,214,0,0,264.43,380.22,322.83,484.3,66
26,player,215,0,0,268.27,379.83,326.67,483.92,66
26,player,216,0,0,272.12,379.45,330.52,483.53,66
26,player,217,0,0,275.61,379.45,334.01,483.53,66
26,player,218,0,0,279.1,379.45,337.5,483.53,66
26,player,219,0,0,282.59,379.45,340.99,483.53,66
26,player,220,0,0,286.09,379.45,344.49,483.53,66
26,player,221,0,0,289.58,379.45,347.98,483.53,66
26,player,222,0,0,293.07,379.45,351.47,483.53,66
26,player,223,0,0,296.56,379.45,354.96,483.53,66
26,player,224,0,0,300.05,379.45,358.45,483.53,66
26,player,225,0,0,303.54,379.45,361.94,483.53,66
26,player,226,0,0,307.04,379.45,365.44,483.53,66
26,player,227,0,0,310.53,379.45,368.93,483.53,66
26,player,228,0,0,314.02,379.45,372.42,483.53,66
26,player,229,0,0,317.51,379.45,375.91,483.53,66
26,player,230,0,0,321.0,379.45,379.4,483.53,66
26,player,231,0,0,324.5,379.45,382.9,483.53,66
26,player,232,0,0,327.99,379.45,386.39,483.53,66
26,player,233,0,0,331.48,379.45,389.88,483.53,66
26,player,234,0,0,334.97,379.45,393.37,483.53,66
26,player,235,0,0,338.46,379.45,396.86,483.53,66
26,player,236,0,0,341.95,379.45,400.35,483.53,66
26,player,237,0,0,345.45,379.45,403.85,483.53,66
26,player,238,0,0,348.94,379.45,407.34,483.53,66
26,player,239,0,0,352.43,379.45,410.83,483.53,66
26,player,240,0,0,355.92,379.45,414.32,483.53,66
26,player,241,0,0,359.41,379.45,417.81,483.53,66
26,player,242,0,0,362.9,379.45,421.3,483.53,66
26,player,243,0,0,366.4,379.45,424.8,483.53,66
26,player,244,0,0,369.89,379.45,428.29,483.53,66
26,player,245,0,0,373.38,379.45,431.78,483.53,66
26,player,246,0,0,376.87,379.45,435.27,483.53,66
26,player,247,0,0,380.36,379.45,438.76,483.53,66
26,player,248,0,0,383.85,379.45,442.25,483.53,66
26,player,249,0,0,387.35,379.45,445.75,483.53,66
26,player,250,0,0,390.84,379.45,449.24,483.53,66
26,player,251,0,0,394.33,379.45,452.73,483.53,66
26,player,252,0,0,397.82,379.45,456.22,483.53,66
26,player,253,0,0,401.31,379.45,459.71,483.53,66
26,player,254,0,0,404.8,379.45,463.2,483.53,66
26,player,255,0,0,408.3,379.45,466.7,483.53,66
26,player,256,0,0,411.79,379.45,470.19,483.53,66
26,player,257,0,0,415.28,379.45,473.68,483.53,66
26,player,258,0,0,418.77,379.45,477.17,483.53,66
26,player,259,0,0,422.26,379.45,480.66,483.53,66
26,player,260,0,0,425.76,379.45,484.16,483.53,66
26,player,261,0,0,429.25,379.45,487.65,483.53,66
26,player,262,0,0,432.74,379.45,491.14,483.53,66
26,player,263,0,0,436.23,379.45,494.63,483.53,66
26,player,264,0,0,439.72,379.45,498.12,483.53,66
26,player,265,0,0,443.21,379.45,501.61,483.53,66
26,player,266,0,0,446.71,379.45,505.11,483.53,66
26,player,267,0,0,450.2,379.45,508.6,483.53,66
26,player,268,0,0,453.69,379.45,512.09,483.53,66
26,player,269,0,0,457.18,379.45,515.58,483.53,66
26,player,270,0,0,457.59,379.62,515.99,483.7,66
26,player,271,0,0,458.0,379.78,516.4,483.86,66
26,player,272,0,0,458.41,379.95,516.81,484.03,66
26,player,273,0,0,458.82,380.12,517.22,484.2,66
26,player,274,0,0,459.23,380.28,517.63,484.36,66
26,player,275,0,0,459.64,380.45,518.04,484.53,66
26,player,276,0,0,460.05,380.62,518.45,484.7,66
26,player,277,0,0,460.46,380.78,518.86,484.86,66
26,player,278,0,0,460.87,380.95,519.27,485.03,66
26,player,279,0,0,461.28,381.12,519.68,485.2,66
26,player,280,0,0,461.69,381.28,520.09,485.36,66
26,player,281,0,0,462.1,381.45,520.5,485.53,66
26,player,282,0,0,462.51,381.62,520.91,485.7,66
26,player,283,0,0,462.92,381.78,521.32,485.86,66
26,player,284,0,0,463.33,381.95,521.73,486.03,66
26,player,285,0,0,463.73,382.12,522.13,486.2,66
26,player,286,0,0,464.14,382.28,522.54,486.36,66
26,player,287,0,0,464.55,382.45,522.95,486.53,66
26,player,288,0,0,464.96,382.62,523.36,486.7,66
26,player,289,0,0,465.37,382.78,523.77,486.86,66
26,player,290,0,0,465.78,382.95,524.18,487.03,66
26,player,291,0,0,466.19,383.12,524.59,487.2,66
26,player,292,0,0,466.6,383.28,525.0,487.36,66
26,player,293,0,0,467.01,383.45,525.41,487.53,66
26,player,294,0,0,465.13,383.39,523.53,487.47,66
26,player,295,0,0,463.25,383.33,521.65,487.41,66
26,player,296,0,0,461.37,383.26,519.77,487.34,66
26,player,297,0,0,459.49,383.2,517.89,487.28,66
26,player,298,0,0,457.61,383.14,516.01,487.22,66
26,player,299,0,0,455.73,383.08,514.13,487.16,66
26,player,300,0,0,453.84,383.01,512.24,487.09,66
26,player,301,0,0,451.96,382.95,510.36,487.03,66
26,player,302,0,0,450.08,382.89,508.48,486.97,66
26,player,303,0,0,448.2,382.83,506.6,486.91,66
26,player,304,0,0,446.32,382.76,504.72,486.85,66
26,player,305,0,0,444.44,382.7,502.84,486.78,66
26,player,306,0,0,442.56,382.64,500.96,486.72,66
26,player,307,0,0,440.68,382.58,499.08,486.66,66
26,player,308,0,0,438.8,382.52,497.2,486.6,66
26,player,309,0,0,436.91,382.45,495.31,486.53,66
26,player,310,0,0,435.03,382.39,493.43,486.47,66
26,player,311,0,0,433.15,382.33,491.55,486.41,66
26,player,312,0,0,431.27,382.27,489.67,486.35,66
26,player,313,0,0,429.39,382.2,487.79,486.28,66
26,player,314,0,0,427.51,382.14,485.91,486.22,66
26,player,315,0,0,425.63,382.08,484.03,486.16,66
26,player,316,0,0,418.62,381.2,477.02,485.28,66
26,player,317,0,0,411.6,380.33,470.0,484.41,66
26,player,318,0,0,404.59,379.45,462.99,483.53,66
26,player,319,0,0,400.86,379.87,459.26,483.95,66
26,player,320,0,0,397.12,380.28,455.52,484.36,66
26,player,321,0,0,393.38,380.7,451.78,484.78,66
26,player,322,0,0,389.65,381.11,448.05,485.19,66
26,player,323,0,0,385.91,381.53,444.31,485.61,66
26,player,324,0,0,382.17,381.94,440.57,486.02,66
26,player,325,0,0,378.44,382.36,436.84,486.44,66
26,player,326,0,0,374.7,382.77,433.1,486.85,66
26,player,327,0,0,370.96,383.19,429.36,487.27,66
26,player,328,0,0,367.23,383.6,425.63,487.68,66
26,player,329,0,0,363.49,384.02,421.89,488.1,66
26,player,330,0,0,359.76,384.43,418.16,488.51,66
26,player,331,0,0,356.02,384.85,414.42,488.93,66
26,player,332,0,0,352.28,385.26,410.68,489.34,66
26,player,333,0,0,348.55,385.68,406.95,489.76,66
26,player,334,0,0,344.81,386.09,403.21,490.17,66
26,player,335,0,0,341.07,386.51,399.47,490.59,66
26,player,336,0,0,337.34,386.92,395.74,491.0,66
26,player,337,0,0,333.6,387.34,392.0,491.42,66
26,player,338,0,0,329.86,387.75,388.26,491.83,66
26,player,339,0,0,326.13,388.17,384.53,492.25,66
26,player,340,0,0,322.39,388.58,380.79,492.66,66
26,player,341,0,0,318.65,389.0,377.05,493.08,66
26,player,342,0,0,314.92,389.41,373.32,493.5,66
26,player,343,0,0,311.18,389.83,369.58,493.91,66
26,player,344,0,0,307.44,390.24,365.85,494.33,66
26,player,345,0,0,303.71,390.66,362.11,494.74,66
26,player,346,0,0,299.97,391.07,358.37,495.16,66
26,player,347,0,0,296.24,391.49,354.64,495.57,66
26,player,348,0,0,292.5,391.91,350.9,495.99,66
26,player,349,0,0,288.76,392.32,347.16,496.4,66
26,player,350,0,0,285.03,392.74,343.43,496.82,66
26,player,351,0,0,281.29,393.15,339.69,497.23,66
26,player,352,0,0,277.55,393.57,335.95,497.65,66
26,player,353,0,0,273.82,393.98,332.22,498.06,66
26,player,354,0,0,270.08,394.4,328.48,498.48,66
26,player,355,0,0,266.34,394.81,324.74,498.89,66
26,player,356,0,0,262.61,395.23,321.01,499.31,66
26,player,357,0,0,257.83,395.23,316.23,499.31,66
26,player,358,0,0,253.05,395.23,311.45,499.31,66
26,player,359,0,0,248.27,395.23,306.67,499.31,66
26,player,360,0,0,243.5,395.23,301.9,499.31,66
26,player,361,0,0,238.72,395.23,297.12,499.31,66
26,player,362,0,0,233.94,395.23,292.34,499.31,66
26,player,363,0,0,229.16,395.23,287.56,499.31,66
26,player,364,0,0,224.38,395.23,282.78,499.31,66
26,player,365,0,0,219.61,395.23,278.01,499.31,66
26,player,366,0,0,214.83,395.23,273.23,499.31,66
26,player,367,0,0,210.05,395.23,268.45,499.31,66
26,player,368,0,0,205.27,395.23,263.67,499.31,66
26,player,369,0,0,200.49,395.23,258.89,499.31,66
26,player,370,0,0,195.72,395.23,254.12,499.31,66
26,player,371,0,0,190.94,395.23,249.34,499.31,66
26,player,372,0,0,186.16,395.23,244.56,499.31,66
26,player,373,0,0,181.38,395.23,239.78,499.31,66
26,player,374,0,0,176.61,395.23,235.01,499.31,66
26,player,375,0,0,171.83,395.23,230.23,499.31,66
26,player,376,0,0,167.05,395.23,225.45,499.31,66
26,player,377,0,0,162.27,395.23,220.67,499.31,66
26,player,378,0,0,157.49,395.23,215.89,499.31,66
26,player,379,0,0,152.72,395.23,211.12,499.31,66
26,player,380,0,0,147.94,395.23,206.34,499.31,66
26,player,381,0,0,143.16,395.23,201.56,499.31,66
26,player,382,0,0,138.38,395.23,196.78,499.31,66
26,player,383,0,0,138.38,395.23,196.78,499.31,66
26,player,384,0,0,138.38,395.23,196.78,499.31,66
26,player,385,0,0,138.38,395.23,196.78,499.31,66
26,player,386,0,0,138.38,395.23,196.78,499.31,66
26,player,387,0,0,138.38,395.23,196.78,499.31,66
26,player,388,0,0,138.38,395.23,196.78,499.31,66
26,player,389,0,0,138.38,395.23,196.78,499.31,66
26,player,390,0,0,138.38,395.23,196.78,499.31,66
26,player,391,0,0,138.38,395.23,196.78,499.31,66
26,player,392,0,0,138.38,395.23,196.78,499.31,66
26,player,393,0,0,138.38,395.23,196.78,499.31,66
26,player,394,0,0,138.38,395.23,196.78,499.31,66
26,player,395,0,0,138.38,395.23,196.78,499.31,66
26,player,396,0,0,138.38,395.23,196.78,499.31,66
26,player,397,0,0,138.38,395.23,196.78,499.31,66
26,player,398,0,0,138.38,395.23,196.78,499.31,66
26,player,399,0,0,138.38,395.23,196.78,499.31,66
26,player,400,0,0,138.38,395.23,196.78,499.31,66
26,player,401,0,0,138.38,395.23,196.78,499.31,66
26,player,402,0,0,138.38,395.23,196.78,499.31,66
26,player,403,0,0,138.38,395.23,196.78,499.31,66
26,player,404,0,0,138.38,395.23,196.78,499.31,66
26,player,405,0,0,138.38,395.23,196.78,499.31,66
26,player,406,0,0,138.38,395.23,196.78,499.31,66
26,player,407,0,0,138.38,395.23,196.78,499.31,66
26,player,408,0,0,138.38,395.23,196.78,499.31,66
26,player,409,0,0,138.38,395.23,196.78,499.31,66
26,player,410,0,0,138.38,395.23,196.78,499.31,66
26,player,411,0,0,138.38,395.23,196.78,499.31,66
26,player,412,0,0,138.38,395.23,196.78,499.31,66
26,player,413,0,0,138.38,395.23,196.78,499.31,66
26,player,414,0,0,138.38,395.23,196.78,499.31,66
26,player,415,0,0,138.38,395.23,196.78,499.31,66
26,player,416,0,0,138.38,395.23,196.78,499.31,66
26,player,417,0,0,138.38,395.23,196.78,499.31,66
26,player,418,0,0,138.38,395.23,196.78,499.31,66
26,player,419,0,0,138.38,395.23,196.78,499.31,66
26,player,420,1,0,138.38,395.23,196.78,499.31,66
27,player,501,0,0,17.03,459.63,85.4,574.13,66
27,player,502,0,0,20.69,460.16,89.06,574.65,66
27,player,503,0,0,24.36,460.68,92.73,575.18,66
27,player,504,0,0,28.03,461.21,96.4,575.7,66
27,player,505,0,0,31.7,461.73,100.07,576.23,66
27,player,506,0,0,35.36,462.25,103.73,576.75,66
27,player,507,0,0,39.03,462.78,107.4,577.27,66
27,player,508,0,0,43.29,464.07,111.65,578.57,66
27,player,509,0,0,47.54,465.37,115.91,579.86,66
27,player,510,0,0,51.79,466.66,120.16,581.16,66
27,player,511,0,0,56.04,467.96,124.41,582.45,66
27,player,512,0,0,60.3,469.25,128.67,583.75,66
27,player,513,0,0,64.55,470.54,132.92,585.04,66
27,player,514,0,0,68.8,471.84,137.17,586.34,66
27,player,515,0,0,73.06,473.13,141.43,587.63,66
27,player,516,0,0,77.31,474.43,145.68,588.92,66
27,player,517,0,0,81.56,475.72,149.93,590.22,66
27,player,518,0,0,85.82,477.02,154.18,591.51,66
27,player,519,0,0,90.07,478.31,158.44,592.81,66
27,player,520,0,0,94.32,479.61,162.69,594.1,66
27,player,521,0,0,98.58,480.9,166.94,595.4,66
27,player,522,0,0,102.83,482.19,171.2,596.69,66
27,player,523,0,0,107.08,483.49,175.45,597.99,66
27,player,524,0,0,111.33,484.78,179.7,599.28,66
27,player,525,0,0,115.59,486.08,183.96,600.57,66
27,player,526,0,0,119.84,487.37,188.21,601.87,66
27,player,527,0,0,124.09,488.67,192.46,603.16,66
27,player,528,0,0,128.35,489.96,196.72,604.46,66
27,player,529,0,0,132.6,491.26,200.97,605.75,66
27,player,530,0,0,136.85,492.55,205.22,607.05,66
27,player,531,0,0,141.11,493.84,209.47,608.34,66
27,player,532,0,0,145.36,495.14,213.73,609.64,66
27,player,533,0,0,149.61,496.43,217.98,610.93,66
27,player,534,0,0,153.87,497.73,222.23,612.22,66
27,player,535,0,0,158.12,499.02,226.49,613.52,66
27,player,536,0,0,162.37,500.32,230.74,614.81,66
27,player,537,0,0,166.62,501.61,234.99,616.11,66
27,player,538,0,0,170.88,502.91,239.25,617.4,66
27,player,539,0,0,175.13,504.2,243.5,618.7,66
27,player,540,0,0,179.38,505.49,247.75,619.99,66
27,player,541,0,0,183.64,506.79,252.01,621.29,66
27,player,542,0,0,186.4,508.45,254.77,622.95,66
27,player,543,0,0,189.17,510.11,257.54,624.61,66
27,player,544,0,0,191.94,511.77,260.31,626.27,66
27,player,545,0,0,194.7,513.43,263.07,627.93,66
27,player,546,0,0,197.47,515.09,265.84,629.59,66
27,player,547,0,0,200.24,516.75,268.61,631.25,66
27,player,548,0,0,203.01,518.41,271.37,632.91,66
27,player,549,0,0,205.77,520.07,274.14,634.57,66
27,player,550,0,0,208.54,521.73,276.91,636.23,66
27,player,551,0,0,211.31,523.39,279.67,637.89,66
27,player,552,0,0,214.07,525.05,282.44,639.55,66
27,player,553,0,0,216.84,526.71,285.21,641.21,66
27,player,554,0,0,219.61,528.37,287.98,642.87,66
27,player,555,0,0,222.37,530.03,290.74,644.53,66
27,player,556,0,0,225.14,531.69,293.51,646.19,66
27,player,557,0,0,227.91,533.35,296.28,647.85,66
27,player,558,0,0,230.67,535.01,299.04,649.51,66
27,player,559,0,0,233.44,536.67,301.81,651.17,66
27,player,560,0,0,236.21,538.33,304.58,652.83,66
27,player,561,0,0,238.98,539.99,307.34,654.49,66
27,player,562,0,0,241.74,541.65,310.11,656.15,66
27,player,563,0,0,244.51,543.31,312.88,657.81,66
27,player,564,0,0,247.28,544.97,315.64,659.47,66
27,player,565,0,0,250.04,546.63,318.41,661.13,66
27,player,566,0,0,252.31,547.51,320.68,662.0,66
27,player,567,0,0,254.59,548.38,322.96,662.88,66
27,player,568,0,0,256.86,549.25,325.23,663.75,66
27,player,569,0,0,259.13,550.13,327.5,664.62,66
27,player,570,0,0,261.4,551.0,329.77,665.5,66
27,player,571,0,0,263.67,551.88,332.04,666.37,66
27,player,572,0,0,265.95,552.75,334.31,667.25,66
27,player,573,0,0,268.22,553.62,336.59,668.12,66
27,player,574,0,0,270.49,554.5,338.86,668.99,66
27,player,575,0,0,272.76,555.37,341.13,669.87,66
27,player,576,0,0,275.03,556.24,343.4,670.74,66
27,player,577,0,0,277.3,557.12,345.67,671.61,66
27,player,578,0,0,279.58,557.99,347.95,672.49,66
27,player,579,0,0,281.85,558.87,350.22,673.36,66
27,player,580,0,0,284.12,559.74,352.49,674.24,66
27,player,581,0,0,286.39,560.61,354.76,675.11,66
27,player,582,0,0,288.66,561.49,357.03,675.98,66
27,player,583,0,0,290.94,562.36,359.3,676.86,66
27,player,584,0,0,293.21,563.23,361.58,677.73,66
27,player,585,0,0,296.23,565.05,364.59,679.54,66
27,player,586,0,0,299.24,566.86,367.61,681.35,66
27,player,587,0,0,302.26,568.67,370.63,683.16,66
27,player,588,0,0,305.28,570.48,373.65,684.97,66
27,player,589,0,0,308.3,572.29,376.67,686.79,66
27,player,590,0,0,311.32,574.1,379.69,688.6,66
27,player,591,0,0,314.34,575.91,382.71,690.41,66
27,player,592,0,0,317.35,577.72,385.72,692.22,66
27,player,593,0,0,320.37,579.53,388.74,694.03,66
27,player,594,0,0,323.39,581.35,391.76,695.84,66
27,player,595,0,0,326.41,583.16,394.78,697.65,66
27,player,596,0,0,330.47,585.0,398.84,699.5,66
27,player,597,0,0,334.53,586.85,402.9,701.34,66
27,player,598,0,0,338.58,588.69,406.95,703.19,66
27,player,599,0,0,342.64,590.53,411.01,705.03,66
27,player,600,0,0,346.7,592.38,415.07,706.88,66
27,player,601,0,0,350.76,594.22,419.13,708.72,66
27,player,602,0,0,354.82,596.07,423.19,710.56,66
27,player,603,0,0,358.88,597.91,427.24,712.41,66
27,player,604,0,0,362.93,599.76,431.3,714.25,66
27,player,605,0,0,362.93,599.11,431.3,714.25,66
27,player,606,0,0,362.93,598.47,431.3,714.25,66
27,player,607,0,0,362.93,597.83,431.3,714.25,66
27,player,608,0,0,362.93,597.19,431.3,714.25,66
27,player,609,0,0,362.93,596.54,431.3,714.25,66
27,player,610,0,0,362.93,595.9,431.3,714.25,66
27,player,611,0,0,366.5,596.45,434.87,714.8,66
27,player,612,0,0,370.07,597.0,438.44,715.35,66
27,player,613,0,0,373.64,597.55,442.0,715.9,66
27,player,614,0,0,377.2,598.1,445.57,716.45,66
27,player,615,0,0,380.77,598.64,449.14,717.0,66
27,player,616,0,0,384.34,599.19,452.71,717.55,66
27,player,617,0,0,387.9,599.74,456.27,718.1,66
27,player,618,0,0,391.47,600.29,459.84,718.64,66
27,player,619,0,0,395.04,600.84,463.41,719.19,66
27,player,620,0,0,398.61,601.39,466.98,719.74,66
27,player,621,0,0,402.17,601.94,470.54,720.29,66
27,player,622,0,0,405.74,602.49,474.11,720.84,66
27,player,623,0,0,409.31,603.03,477.68,721.39,66
27,player,624,0,0,412.88,603.58,481.25,721.94,66
27,player,625,0,0,413.48,604.67,481.85,723.02,66
27,player,626,0,0,414.08,605.75,482.45,724.11,66
27,player,627,0,0,414.68,606.84,483.05,725.19,66
27,player,628,0,0,415.29,607.92,483.66,726.28,66
27,player,629,0,0,415.89,609.01,484.26,727.36,66
27,player,630,0,0,416.49,610.09,484.86,728.45,66
27,player,631,0,0,417.09,611.18,485.46,729.53,66
27,player,632,0,0,417.7,612.26,486.07,730.62,66
27,player,633,0,0,418.3,613.35,486.67,731.7,66
27,player,634,0,0,418.9,614.43,487.27,732.79,66
27,player,635,0,0,419.51,615.52,487.87,733.87,66
27,player,636,0,0,420.11,616.6,488.48,734.96,66
27,player,637,0,0,420.71,617.69,489.08,736.04,66
27,player,638,0,0,421.31,618.77,489.68,737.13,66
27,player,639,0,0,421.92,619.86,490.29,738.21,66
27,player,640,0,0,422.52,620.94,490.89,739.29,66
27,player,641,0,0,423.12,622.03,491.49,740.38,66
27,player,642,0,0,423.72,623.11,492.09,741.46,66
27,player,643,0,0,424.33,624.2,492.7,742.55,66
27,player,644,0,0,424.93,625.28,493.3,743.63,66
27,player,645,0,0,425.53,626.36,493.9,744.72,66
27,player,646,0,0,426.13,627.45,494.5,745.8,66
27,player,647,0,0,426.74,628.53,495.11,746.89,66
27,player,648,0,0,427.34,629.62,495.71,747.97,66
27,player,649,0,0,427.94,630.7,496.31,749.06,66
27,player,650,0,0,428.55,631.79,496.91,750.14,66
27,player,651,0,0,429.15,632.87,497.52,751.23,66
27,player,652,0,0,429.75,633.96,498.12,752.31,66
27,player,653,0,0,430.35,635.04,498.72,753.4,66
27,player,654,0,0,430.96,636.13,499.33,754.48,66
27,player,655,0,0,431.56,637.21,499.93,755.57,66
27,player,656,0,0,432.16,638.3,500.53,756.65,66
27,player,657,0,0,432.76,639.38,501.13,757.74,66
27,player,658,0,0,433.37,640.47,501.74,758.82,66
27,player,659,0,0,433.97,641.55,502.34,759.91,66
27,player,660,0,0,434.57,642.64,502.94,760.99,66
27,player,661,0,0,435.17,643.72,503.54,762.08,66
27,player,662,0,0,435.78,644.81,504.15,763.16,66
27,player,663,0,0,436.38,645.89,504.75,764.25,66
27,player,664,0,0,436.98,646.98,505.35,765.33,66
27,player,665,0,0,437.59,648.06,505.95,766.42,66
27,player,666,0,0,438.19,649.15,506.56,767.5,66
27,player,667,0,0,438.79,650.23,507.16,768.59,66
27,player,668,0,0,439.39,651.32,507.76,769.67,66
27,player,669,0,0,440.0,652.4,508.37,770.76,66
27,player,670,0,0,440.6,653.49,508.97,771.84,66
27,player,671,0,0,441.2,654.57,509.57,772.93,66
27,player,672,0,0,441.8,655.66,510.17,774.01,66
27,player,673,0,0,442.41,656.74,510.78,775.09,66
27,player,674,0,0,443.01,657.83,511.38,776.18,66
27,player,675,0,0,444.39,660.47,512.76,778.82,66
27,player,676,0,0,445.77,663.11,514.14,781.47,66
27,player,677,0,0,447.14,665.76,515.51,784.11,66
27,player,678,0,0,448.52,668.4,516.89,786.76,66
27,player,679,0,0,449.9,671.05,518.27,789.4,66
27,player,680,0,0,451.28,673.69,519.65,792.05,66
27,player,681,0,0,452.66,676.34,521.03,794.69,66
27,player,682,0,0,454.03,678.98,522.4,797.34,66
27,player,683,0,0,455.41,681.63,523.78,799.98,66
27,player,684,0,0,456.79,684.27,525.16,802.63,66
27,player,685,0,0,458.17,686.92,526.54,805.27,66
27,player,686,0,0,458.17,686.92,526.54,805.27,66
27,player,687,0,0,458.17,686.92,526.54,805.27,66
27,player,688,0,0,458.17,686.92,526.54,805.27,66
27,player,689,0,0,458.17,686.92,526.54,805.27,66
27,player,690,0,0,458.17,686.92,526.54,805.27,66
27,player,691,0,0,458.17,686.92,526.54,805.27,66
27,player,692,0,0,458.17,686.92,526.54,805.27,66
27,player,693,0,0,458.17,686.92,526.54,805.27,66
27,player,694,0,0,458.17,686.92,526.54,805.27,66
27,player,695,0,0,460.7,686.92,529.07,805.27,66
27,player,696,0,0,463.24,686.92,531.61,805.27,66
27,player,697,0,0,465.77,686.92,534.14,805.27,66
27,player,698,0,0,468.31,686.92,536.68,805.27,66
27,player,699,0,0,470.85,686.92,539.21,805.27,66
27,player,700,0,0,473.38,686.92,541.75,805.27,66
27,player,701,0,0,475.92,686.92,544.29,805.27,66
27,player,702,0,0,478.45,686.92,546.82,805.27,66
27,player,703,0,0,479.79,688.11,548.16,806.47,66
27,player,704,0,0,481.14,689.3,549.5,807.66,66
27,player,705,0,0,482.48,690.5,550.85,808.85,66
27,player,706,0,0,483.82,691.69,552.19,810.04,66
27,player,707,0,0,485.16,692.88,553.53,811.24,66
27,player,708,0,0,486.5,694.08,554.87,812.43,66
27,player,709,0,0,487.85,695.27,556.22,813.62,66
27,player,710,0,0,489.19,696.46,557.56,814.82,66
27,player,711,0,0,490.53,697.66,558.9,816.01,66
27,player,712,0,0,491.87,698.85,560.24,817.2,66
27,player,713,0,0,493.21,700.04,561.58,818.4,66
27,player,714,0,0,494.56,701.23,562.93,819.59,66
27,player,715,0,0,495.9,702.43,564.27,820.78,66
27,player,716,0,0,497.24,703.62,565.61,821.98,66
27,player,717,0,0,498.58,704.81,566.95,823.17,66
27,player,718,0,0,499.93,706.01,568.29,824.36,66
27,player,719,0,0,501.27,707.2,569.64,825.55,66
27,player,720,0,0,502.3,707.82,570.67,826.17,66
27,player,721,0,0,503.33,708.44,571.7,826.79,66
27,player,722,0,0,504.37,709.06,572.74,827.41,66
27,player,723,0,0,505.4,709.68,573.77,828.03,66
27,player,724,0,0,506.43,710.3,574.8,828.65,66
27,player,725,0,0,507.47,710.92,575.83,829.27,66
27,player,726,0,0,508.5,711.54,576.87,829.89,66
27,player,727,0,0,509.53,712.16,577.9,830.51,66
27,player,728,0,0,510.56,712.78,578.93,831.13,66
27,player,729,0,0,511.6,713.4,579.97,831.75,66
27,player,730,0,0,512.63,714.02,581.0,832.37,66
27,player,731,0,0,513.66,714.64,582.03,832.99,66
27,player,732,0,0,514.7,715.26,583.07,833.61,66
27,player,733,0,0,515.73,715.88,584.1,834.23,66
27,player,734,0,0,516.76,716.5,585.13,834.85,66
27,player,735,0,0,517.8,717.12,586.17,835.47,66
27,player,736,0,0,521.72,717.74,590.09,836.09,66
27,player,737,0,0,525.65,718.36,594.02,836.71,66
27,player,738,0,0,529.57,718.98,597.94,837.33,66
27,player,739,0,0,533.5,719.6,601.87,837.95,66
27,player,740,0,0,537.42,720.22,605.79,838.57,66
27,player,741,0,0,541.35,720.84,609.72,839.19,66
27,player,742,0,0,545.28,721.46,613.64,839.81,66
27,player,743,0,0,549.2,722.08,617.57,840.43,66
27,player,744,0,0,553.13,722.7,621.5,841.05,66
27,player,745,0,0,557.05,723.32,625.42,841.67,66
27,player,746,0,0,560.98,723.94,629.35,842.29,66
27,player,747,0,0,564.9,724.56,633.27,842.91,66
27,player,748,0,0,568.83,725.18,637.2,843.53,66
27,player,749,0,0,572.76,725.8,641.12,844.15,66
27,player,750,0,0,576.68,726.42,645.05,844.77,66
27,player,751,0,0,580.61,727.04,648.98,845.39,66
27,player,752,0,0,585.41,728.24,653.78,846.59,66
27,player,753,0,0,590.22,729.44,658.59,847.79,66
27,player,754,0,0,595.03,730.64,663.4,849.0,66
27,player,755,0,0,599.84,731.84,668.21,850.2,66
27,player,756,0,0,604.65,733.05,673.02,851.4,66
27,player,757,0,0,609.46,734.25,677.83,852.6,66
27,player,758,0,0,614.27,735.45,682.64,853.81,66
27,player,759,0,0,619.07,736.65,687.44,855.01,66
27,player,760,0,0,623.88,737.85,692.25,856.21,66
27,player,761,0,0,628.69,739.06,697.06,857.41,66
27,player,762,0,0,633.5,740.26,701.87,858.61,66
27,player,763,0,0,639.53,740.45,707.9,858.81,66
27,player,764,0,0,645.56,740.65,713.93,859.0,66
27,player,765,0,0,651.58,740.84,719.95,859.2,66
27,player,766,0,0,657.61,741.04,725.98,859.39,66
27,player,767,0,0,663.64,741.23,732.01,859.59,66
27,player,768,0,0,669.67,741.43,738.04,859.78,66
27,player,769,0,0,675.7,741.62,744.07,859.97,66
27,player,770,0,0,681.73,741.81,750.09,860.17,66
27,player,771,0,0,687.75,742.01,756.12,860.36,66
27,player,772,0,0,693.78,742.2,762.15,860.56,66
27,player,773,0,0,699.81,742.4,768.18,860.75,66
27,player,774,0,0,705.84,742.59,774.21,860.95,66
27,player,775,0,0,711.87,742.79,780.24,861.14,66
27,player,776,0,0,717.89,742.98,786.26,861.34,66
27,player,777,0,0,723.92,743.18,792.29,861.53,66
27,player,778,0,0,729.95,743.37,798.32,861.72,66
27,player,779,0,0,735.98,743.56,804.35,861.92,66
27,player,780,0,0,742.01,743.76,810.38,862.11,66
27,player,781,0,0,748.04,743.95,816.41,862.31,66
27,player,782,0,0,754.06,744.15,822.43,862.5,66
27,player,783,0,0,760.09,744.34,828.46,862.7,66
27,player,784,0,0,766.12,744.54,834.49,862.89,66
27,player,785,0,0,772.15,744.73,840.52,863.09,66
27,player,786,0,0,778.18,744.93,846.55,863.28,66
27,player,787,0,0,784.21,745.12,852.57,863.48,66
27,player,788,0,0,790.23,745.32,858.6,863.67,66
27,player,789,0,0,796.26,745.51,864.63,863.86,66
27,player,790,0,0,802.29,745.7,870.66,864.06,66
27,player,791,0,0,808.32,745.9,876.69,864.25,66
27,player,792,0,0,814.35,746.09,882.72,864.45,66
27,player,793,0,0,820.37,746.29,888.74,864.64,66
27,player,794,0,0,826.4,746.48,894.77,864.84,66
27,player,795,0,0,832.43,746.68,900.8,865.03,66
27,player,796,0,0,838.46,746.87,906.83,865.23,66
27,player,797,0,0,841.21,747.7,909.58,866.05,66
27,player,798,0,0,843.97,748.52,912.34,866.88,66
27,player,799,0,0,846.72,749.35,915.09,867.7,66
27,player,800,0,0,849.48,750.18,917.85,868.53,66
27,player,801,0,0,852.23,751.0,920.6,869.36,66
27,player,802,0,0,854.99,751.83,923.36,870.18,66
27,player,803,0,0,857.74,752.66,926.11,871.01,66
27,player,804,0,0,860.5,753.48,928.87,871.84,66
27,player,805,0,0,863.25,754.31,931.62,872.66,66
27,player,806,0,0,866.01,755.14,934.38,873.49,66
27,player,807,0,0,868.76,755.96,937.13,874.32,66
27,player,808,0,0,871.52,756.79,939.89,875.14,66
27,player,809,0,0,870.49,756.79,938.85,875.14,66
27,player,810,0,0,869.45,756.79,937.82,875.14,66
27,player,811,0,0,868.42,756.79,936.79,875.14,66
27,player,812,0,0,867.39,756.79,935.76,875.14,66
27,player,813,0,0,866.36,756.79,934.73,875.14,66
27,player,814,0,0,865.33,756.79,933.69,875.14,66
27,player,815,0,0,864.29,756.79,932.66,875.14,66
27,player,816,0,0,863.26,756.79,931.63,875.14,66
27,player,817,0,0,862.23,756.79,930.6,875.14,66
27,player,818,0,0,861.2,756.79,929.57,875.14,66
27,player,819,0,0,860.17,756.79,928.54,875.14,66
27,player,820,0,0,859.13,756.79,927.5,875.14,66
27,player,821,0,0,858.1,756.79,926.47,875.14,66
27,player,822,0,0,857.07,756.79,925.44,875.14,66
27,player,823,0,0,856.04,756.79,924.41,875.14,66
27,player,824,0,0,855.01,756.79,923.38,875.14,66
27,player,825,0,0,853.97,756.79,922.34,875.14,66
27,player,826,0,0,852.94,756.79,921.31,875.14,66
27,player,827,0,0,851.91,756.79,920.28,875.14,66
27,player,828,0,0,850.88,756.79,919.25,875.14,66
27,player,829,0,0,849.85,756.79,918.22,875.14,66
27,player,830,0,0,848.81,756.79,917.18,875.14,66
27,player,831,0,0,847.78,756.79,916.15,875.14,66
27,player,832,0,0,843.45,756.33,911.82,874.69,66
27,player,833,0,0,839.11,755.88,907.48,874.23,66
27,player,834,0,0,834.77,755.42,903.14,873.77,66
27,player,835,0,0,830.44,754.96,898.81,873.32,66
27,player,836,0,0,826.1,754.51,894.47,872.86,66
27,player,837,0,0,821.77,754.05,890.13,872.4,66
27,player,838,0,0,817.43,753.59,885.8,871.95,66
27,player,839,0,0,813.09,753.14,881.46,871.49,66
27,player,840,0,0,808.76,752.68,877.13,871.03,66
27,player,841,0,0,804.42,752.22,872.79,870.58,66
27,player,842,0,0,800.08,751.77,868.45,870.12,66
27,player,843,0,0,795.75,751.31,864.12,869.67,66
27,player,844,0,0,791.41,750.85,859.78,869.21,66
27,player,845,0,0,785.78,750.41,854.14,868.76,66
27,player,846,0,0,780.14,749.96,848.51,868.32,66
27,player,847,0,0,774.5,749.52,842.87,867.87,66
27,player,848,0,0,768.86,749.07,837.23,867.43,66
27,player,849,0,0,763.23,748.63,831.6,866.98,66
27,player,850,0,0,757.59,748.18,825.96,866.54,66
27,player,851,0,0,751.95,747.74,820.32,866.09,66
27,player,852,0,0,746.32,747.29,814.68,865.65,66
27,player,853,0,0,740.68,746.85,809.05,865.2,66
27,player,854,0,0,735.04,746.4,803.41,864.76,66
27,player,855,0,0,729.4,745.96,797.77,864.31,66
27,player,856,0,0,723.77,745.51,792.14,863.87,66
27,player,857,0,0,718.13,745.07,786.5,863.42,66
27,player,858,0,0,712.49,744.62,780.86,862.98,66
27,player,859,0,0,706.86,744.18,775.23,862.53,66
27,player,860,0,0,701.22,743.73,769.59,862.09,66
27,player,861,0,0,695.58,743.29,763.95,861.64,66
27,player,862,0,0,689.95,742.84,758.31,861.2,66
27,player,863,0,0,684.31,742.4,752.68,860.75,66
27,player,864,0,0,678.67,741.95,747.04,860.31,66
27,player,865,0,0,678.67,741.95,747.04,860.31,66
27,player,866,0,0,678.67,741.95,747.04,860.31,66
27,player,867,0,0,678.67,741.95,747.04,860.31,66
27,player,868,0,0,678.67,741.95,747.04,860.31,66
27,player,869,0,0,678.67,741.95,747.04,860.31,66
27,player,870,0,0,678.67,741.95,747.04,860.31,66
27,player,871,0,0,678.67,741.95,747.04,860.31,66
27,player,872,0,0,678.67,741.95,747.04,860.31,66
27,player,873,0,0,678.67,741.95,747.04,860.31,66
27,player,874,0,0,678.67,741.95,747.04,860.31,66
27,player,875,0,0,678.67,741.95,747.04,860.31,66
27,player,876,0,0,678.67,741.95,747.04,860.31,66
27,player,877,0,0,678.67,741.95,747.04,860.31,66
27,player,878,0,0,678.67,741.95,747.04,860.31,66
27,player,879,0,0,678.67,741.95,747.04,860.31,66
27,player,880,0,0,678.67,741.95,747.04,860.31,66
27,player,881,0,0,678.67,741.95,747.04,860.31,66
27,player,882,0,0,678.67,741.95,747.04,860.31,66
27,player,883,0,0,678.67,741.95,747.04,860.31,66
27,player,884,0,0,678.67,741.95,747.04,860.31,66
27,player,885,0,0,678.67,741.95,747.04,860.31,66
27,player,886,0,0,678.67,741.95,747.04,860.31,66
27,player,887,0,0,678.67,741.95,747.04,860.31,66
27,player,888,0,0,678.67,741.95,747.04,860.31,66
27,player,889,0,0,678.67,741.95,747.04,860.31,66
27,player,890,0,0,678.67,741.95,747.04,860.31,66
27,player,891,0,0,678.67,741.95,747.04,860.31,66
27,player,892,0,0,678.67,741.95,747.04,860.31,66
27,player,893,0,0,678.67,741.95,747.04,860.31,66
27,player,894,0,0,678.67,741.95,747.04,860.31,66
27,player,895,0,0,678.67,741.95,747.04,860.31,66
27,player,896,0,0,678.67,741.95,747.04,860.31,66
27,player,897,0,0,678.67,741.95,747.04,860.31,66
27,player,898,0,0,678.67,741.95,747.04,860.31,66
27,player,899,0,0,678.67,741.95,747.04,860.31,66
