track_id,label,frame,outside,occluded,xtl,ytl,xbr,ybr,jersey_number
0,player,18,0,0,348.82,672.24,440.85,806.33,3
0,player,19,0,0,351.19,672.4,443.22,806.5,3
0,player,20,0,0,353.56,672.57,445.58,806.67,3
0,player,21,0,0,355.92,672.74,447.95,806.84,3
0,player,22,0,0,358.29,672.91,450.32,807.01,3
0,player,23,0,0,360.66,673.08,452.68,807.18,3
0,player,24,0,0,363.02,673.25,455.05,807.35,3
0,player,25,0,0,365.39,673.42,457.42,807.52,3
0,player,26,0,0,367.75,673.59,459.78,807.69,3
0,player,27,0,0,370.12,673.76,462.15,807.85,3
0,player,28,0,0,372.49,673.93,464.51,808.02,3
0,player,29,0,0,374.85,674.09,466.88,808.19,3
0,player,30,0,0,377.22,674.26,469.25,808.36,3
0,player,31,0,0,379.58,674.43,471.61,808.53,3
0,player,32,0,0,381.95,674.6,473.98,808.7,3
0,player,33,0,0,384.32,674.77,476.34,808.87,3
0,player,34,0,0,392.43,675.95,484.46,810.05,3
0,player,35,0,0,400.54,677.14,492.57,811.23,3
0,player,36,0,0,408.66,678.32,500.68,812.42,3
0,player,37,0,0,416.77,679.5,508.8,813.6,3
0,player,38,0,0,424.88,680.69,516.91,814.78,3
0,player,39,0,0,432.99,681.87,525.02,815.97,3
0,player,40,0,0,441.11,683.05,533.13,817.15,3
0,player,41,0,0,449.22,684.24,541.25,818.33,3
0,player,42,0,0,457.33,685.42,549.36,819.52,3
0,player,43,0,0,465.44,686.6,557.47,820.7,3
0,player,44,0,0,473.56,687.79,565.58,821.88,3
0,player,45,0,0,481.67,688.97,573.7,823.07,3
0,player,46,0,0,489.78,690.15,581.81,824.25,3
0,player,47,0,0,497.9,691.33,589.92,825.43,3
0,player,48,0,0,506.01,692.52,598.04,826.62,3
0,player,49,0,0,514.63,691.67,606.65,825.77,3
0,player,50,0,0,523.25,690.83,615.27,824.92,3
0,player,51,0,0,531.87,689.98,623.89,824.08,3
0,player,52,0,0,540.49,689.14,632.51,823.23,3
0,player,53,0,0,549.11,688.29,641.13,822.39,3
0,player,54,0,0,557.73,687.45,649.75,821.54,3
0,player,55,0,0,566.35,686.6,658.37,820.7,3
0,player,56,0,0,574.97,685.76,666.99,819.85,3
0,player,57,0,0,583.59,684.91,675.61,819.01,3
0,player,58,0,0,592.21,684.07,684.23,818.16,3
0,player,59,0,0,600.82,683.22,692.85,817.32,3
0,player,60,0,0,609.44,682.38,701.47,816.47,3
0,player,61,0,0,618.06,681.53,710.09,815.63,3
0,player,62,0,0,626.68,680.69,718.71,814.78,3
0,player,63,0,0,635.3,679.84,727.33,813.94,3
0,player,64,0,0,649.07,679.48,741.09,813.58,3
0,player,65,0,0,662.83,679.12,754.86,813.21,3
0,player,66,0,0,676.59,678.75,768.62,812.85,3
0,player,67,0,0,690.35,678.39,782.38,812.49,3
0,player,68,0,0,704.12,678.03,796.14,812.13,3
0,player,69,0,0,717.88,677.67,809.91,811.76,3
0,player,70,0,0,731.64,677.3,823.67,811.4,3
0,player,71,0,0,743.4,677.3,835.42,811.4,3
0,player,72,0,0,755.15,677.3,847.18,811.4,3
0,player,73,0,0,766.9,677.3,858.93,811.4,3
0,player,74,0,0,778.66,677.3,870.69,811.4,3
0,player,75,0,0,790.41,677.3,882.44,811.4,3
0,player,76,0,0,802.17,677.3,894.19,811.4,3
0,player,77,0,0,813.92,677.3,905.95,811.4,3
0,player,78,0,0,825.67,677.3,917.7,811.4,3
0,player,79,0,0,837.43,677.3,929.46,811.4,3
0,player,80,0,0,849.18,677.3,941.21,811.4,3
0,player,81,0,0,860.94,677.3,952.96,811.4,3
0,player,82,0,0,871.08,678.83,963.11,812.92,3
0,player,83,0,0,881.22,680.35,973.25,814.44,3
0,player,84,0,0,891.36,681.87,983.39,815.97,3
0,player,85,0,0,901.5,683.39,993.53,817.49,3
0,player,86,0,0,911.64,684.91,1003.67,819.01,3
0,player,87,0,0,923.63,685.95,1015.65,820.04,3
0,player,88,0,0,935.61,686.98,1027.64,821.08,3
0,player,89,0,0,947.6,688.02,1039.62,822.12,3
0,player,90,0,0,959.58,689.06,1051.61,823.16,3
0,player,91,0,0,971.56,690.1,1063.59,824.19,3
0,player,92,0,0,983.55,691.13,1075.58,825.23,3
0,player,93,0,0,995.53,692.17,1087.56,826.27,3
0,player,94,0,0,1007.52,693.21,1099.55,827.31,3
0,player,95,0,0,1019.5,694.24,1111.53,828.34,3
0,player,96,0,0,1031.49,695.28,1123.51,829.38,3
0,player,97,0,0,1043.47,696.32,1135.5,830.42,3
0,player,98,0,0,1055.46,697.36,1147.48,831.45,3
0,player,99,0,0,1067.44,698.39,1159.47,832.49,3
0,player,100,0,0,1079.43,699.43,1171.45,833.53,3
0,player,101,0,0,1091.41,700.47,1183.44,834.57,3
0,player,102,0,0,1103.4,701.5,1195.42,835.6,3
0,player,103,0,0,1115.38,702.54,1207.41,836.64,3
0,player,104,0,0,1127.36,703.58,1219.39,837.68,3
0,player,105,0,0,1139.35,704.62,1231.38,838.71,3
0,player,106,0,0,1151.33,705.65,1243.36,839.75,3
0,player,107,0,0,1163.32,706.69,1255.35,840.79,3
0,player,108,0,0,1175.3,707.73,1267.33,841.83,3
0,player,109,0,0,1189.04,707.94,1281.06,842.04,3
0,player,110,0,0,1202.77,708.15,1294.79,842.25,3
0,player,111,0,0,1216.5,708.36,1308.53,842.46,3
0,player,112,0,0,1230.23,708.57,1322.26,842.67,3
0,player,113,0,0,1243.96,708.78,1335.99,842.88,3
0,player,114,0,0,1257.7,709.0,1349.72,843.09,3
0,player,115,0,0,1271.43,709.21,1363.46,843.3,3
0,player,116,0,0,1285.16,709.42,1377.19,843.52,3
0,player,117,0,0,1298.89,709.63,1390.92,843.73,3
0,player,118,0,0,1312.63,709.84,1404.65,843.94,3
0,player,119,0,0,1326.36,710.05,1418.39,844.15,3
0,player,120,0,0,1340.09,710.26,1432.12,844.36,3
0,player,121,0,0,1353.03,710.93,1445.06,845.03,3
0,player,122,0,0,1365.98,711.6,1458.01,845.69,3
0,player,123,0,0,1378.92,712.26,1470.95,846.36,3
0,player,124,0,0,1391.86,712.93,1483.89,847.03,3
0,player,125,0,0,1404.81,713.6,1496.83,847.7,3
0,player,126,0,0,1417.75,714.27,1509.78,848.36,3
0,player,127,0,0,1430.69,714.93,1522.72,849.03,3
0,player,128,0,0,1443.64,715.6,1535.66,849.7,3
0,player,129,0,0,1456.58,716.27,1548.61,850.37,3
0,player,130,0,0,1469.52,716.93,1561.55,851.03,3
0,player,131,0,0,1482.46,717.6,1574.49,851.7,3
0,player,132,0,0,1495.41,718.27,1587.43,852.37,3
0,player,133,0,0,1508.35,718.94,1600.38,853.03,3
0,player,134,0,0,1521.29,719.6,1613.32,853.7,3
0,player,135,0,0,1534.24,720.27,1626.26,854.37,3
0,player,136,0,0,1547.18,720.94,1639.21,855.04,3
0,player,137,0,0,1560.12,721.61,1652.15,855.7,3
0,player,138,0,0,1573.06,722.27,1665.09,856.37,3
0,player,139,0,0,1586.01,722.94,1678.04,857.04,3
0,player,140,0,0,1602.06,721.19,1694.09,856.76,3
0,player,141,0,0,1618.12,719.44,1710.15,856.47,3
0,player,142,0,0,1634.18,717.69,1726.2,856.19,3
0,player,143,0,0,1650.23,715.94,1742.26,855.91,3
0,player,144,0,0,1666.29,714.2,1758.32,855.63,3
0,player,145,0,0,1682.35,712.45,1774.37,855.35,3
0,player,146,0,0,1698.4,710.7,1790.43,855.07,3
0,player,147,0,0,1714.46,708.95,1806.49,854.78,3
0,player,148,0,0,1730.51,707.2,1822.54,854.5,3
0,player,149,0,0,1730.51,707.2,1822.54,854.5,3
0,player,150,0,0,1730.51,707.2,1822.54,854.5,3
0,player,151,0,0,1730.51,707.2,1822.54,854.5,3
0,player,152,0,0,1730.51,707.2,1822.54,854.5,3
0,player,153,0,0,1730.51,707.2,1822.54,854.5,3
0,player,154,0,0,1730.51,707.2,1822.54,854.5,3
0,player,155,0,0,1730.51,707.2,1822.54,854.5,3
0,player,156,0,0,1730.51,707.2,1822.54,854.5,3
0,player,157,0,0,1730.51,707.2,1822.54,854.5,3
0,player,158,0,0,1730.51,707.2,1822.54,854.5,3
0,player,159,0,0,1730.51,707.2,1822.54,854.5,3
0,player,160,0,0,1730.51,707.2,1822.54,854.5,3
0,player,161,0,0,1730.51,707.2,1822.54,854.5,3
0,player,162,0,0,1730.51,707.2,1822.54,854.5,3
0,player,163,0,0,1730.51,707.2,1822.54,854.5,3
0,player,164,0,0,1730.51,707.2,1822.54,854.5,3
0,player,165,0,0,1730.51,707.2,1822.54,854.5,3
0,player,166,0,0,1730.51,707.2,1822.54,854.5,3
0,player,167,0,0,1730.51,707.2,1822.54,854.5,3
0,player,168,0,0,1730.51,707.2,1822.54,854.5,3
0,player,169,0,0,1730.51,707.2,1822.54,854.5,3
0,player,170,0,0,1730.51,707.2,1822.54,854.5,3
0,player,171,0,0,1730.51,707.2,1822.54,854.5,3
0,player,172,0,0,1730.51,707.2,1822.54,854.5,3
0,player,173,0,0,1730.51,707.2,1822.54,854.5,3
0,player,174,1,0,1730.51,707.2,1822.54,854.5,3
1,player,18,0,0,584.22,615.79,676.25,749.88,4
1,player,19,0,0,583.32,615.9,675.35,750.0,4
1,player,20,0,0,582.42,616.01,674.44,750.11,4
1,player,21,0,0,581.52,616.12,673.54,750.22,4
1,player,22,0,0,580.61,616.24,672.64,750.33,4
1,player,23,0,0,579.71,616.35,671.74,750.45,4
1,player,24,0,0,578.81,616.46,670.84,750.56,4
1,player,25,0,0,577.91,616.57,669.94,750.67,4
1,player,26,0,0,577.01,616.69,669.04,750.78,4
1,player,27,0,0,576.11,616.8,668.13,750.9,4
1,player,28,0,0,580.84,616.21,672.87,750.31,4
1,player,29,0,0,585.57,615.62,677.6,749.71,4
1,player,30,0,0,590.3,615.02,682.33,749.12,4
1,player,31,0,0,595.04,614.43,687.06,748.53,4
1,player,32,0,0,599.77,613.84,691.8,747.94,4
1,player,33,0,0,604.5,613.25,696.53,747.35,4
1,player,34,0,0,610.25,614.26,702.28,748.36,4
1,player,35,0,0,615.99,615.28,708.02,749.38,4
1,player,36,0,0,621.74,616.29,713.77,750.39,4
1,player,37,0,0,627.49,617.31,719.52,751.4,4
1,player,38,0,0,633.23,618.32,725.26,752.42,4
1,player,39,0,0,638.98,619.33,731.01,753.43,4
1,player,40,0,0,644.73,620.35,736.75,754.45,4
1,player,41,0,0,650.47,621.36,742.5,755.46,4
1,player,42,0,0,656.22,622.38,748.25,756.47,4
1,player,43,0,0,661.97,623.39,753.99,757.49,4
1,player,44,0,0,667.71,624.4,759.74,758.5,4
1,player,45,0,0,673.46,625.42,765.49,759.52,4
1,player,46,0,0,679.21,626.43,771.23,760.53,4
1,player,47,0,0,684.95,627.45,776.98,761.54,4
1,player,48,0,0,690.7,628.46,782.73,762.56,4
1,player,49,0,0,697.8,628.29,789.83,762.39,4
1,player,50,0,0,704.9,628.12,796.92,762.22,4
1,player,51,0,0,712.0,627.95,804.02,762.05,4
1,player,52,0,0,719.09,627.78,811.12,761.88,4
1,player,53,0,0,726.19,627.62,818.22,761.71,4
1,player,54,0,0,733.29,627.45,825.32,761.54,4
1,player,55,0,0,740.39,627.28,832.42,761.38,4
1,player,56,0,0,747.49,627.11,839.52,761.21,4
1,player,57,0,0,754.59,626.94,846.61,761.04,4
1,player,58,0,0,761.69,626.77,853.71,760.87,4
1,player,59,0,0,768.78,626.6,860.81,760.7,4
1,player,60,0,0,775.88,626.43,867.91,760.53,4
1,player,61,0,0,782.98,626.26,875.01,760.36,4
1,player,62,0,0,790.08,626.09,882.11,760.19,4
1,player,63,0,0,797.18,625.93,889.21,760.02,4
1,player,64,0,0,806.23,624.11,898.26,758.21,4
1,player,65,0,0,815.29,622.3,907.31,756.4,4
1,player,66,0,0,824.34,620.49,916.37,754.59,4
1,player,67,0,0,833.4,618.68,925.42,752.78,4
1,player,68,0,0,842.45,616.87,934.48,750.97,4
1,player,69,0,0,851.51,615.06,943.53,749.16,4
1,player,70,0,0,860.56,613.25,952.59,747.35,4
1,player,71,0,0,868.86,612.56,960.88,746.66,4
1,player,72,0,0,877.15,611.87,969.18,745.96,4
1,player,73,0,0,885.45,611.18,977.48,745.27,4
1,player,74,0,0,893.75,610.48,985.78,744.58,4
1,player,75,0,0,902.04,609.79,994.07,743.89,4
1,player,76,0,0,910.34,609.1,1002.37,743.2,4
1,player,77,0,0,918.64,608.41,1010.67,742.51,4
1,player,78,0,0,926.94,607.72,1018.96,741.82,4
1,player,79,0,0,935.23,607.03,1027.26,741.12,4
1,player,80,0,0,943.53,606.34,1035.56,740.43,4
1,player,81,0,0,951.83,605.64,1043.85,739.74,4
1,player,82,0,0,963.49,606.66,1055.52,740.76,4
1,player,83,0,0,975.15,607.67,1067.18,741.77,4
1,player,84,0,0,986.81,608.69,1078.84,742.78,4
1,player,85,0,0,998.47,609.7,1090.5,743.8,4
1,player,86,0,0,1010.14,610.71,1102.16,744.81,4
1,player,87,0,0,1020.97,611.18,1113.0,745.27,4
1,player,88,0,0,1031.8,611.64,1123.83,745.73,4
1,player,89,0,0,1042.63,612.1,1134.66,746.2,4
1,player,90,0,0,1053.47,612.56,1145.49,746.66,4
1,player,91,0,0,1064.3,613.02,1156.33,747.12,4
1,player,92,0,0,1075.13,613.48,1167.16,747.58,4
1,player,93,0,0,1085.96,613.94,1177.99,748.04,4
1,player,94,0,0,1096.8,614.4,1188.82,748.5,4
1,player,95,0,0,1107.63,614.86,1199.65,748.96,4
1,player,96,0,0,1118.46,615.32,1210.49,749.42,4
1,player,97,0,0,1129.29,615.79,1221.32,749.88,4
1,player,98,0,0,1140.12,616.25,1232.15,750.34,4
1,player,99,0,0,1150.96,616.71,1242.98,750.8,4
1,player,100,0,0,1161.79,617.17,1253.82,751.27,4
1,player,101,0,0,1172.62,617.63,1264.65,751.73,4
1,player,102,0,0,1183.45,618.09,1275.48,752.19,4
1,player,103,0,0,1194.29,618.55,1286.31,752.65,4
1,player,104,0,0,1205.12,619.01,1297.15,753.11,4
1,player,105,0,0,1215.95,619.47,1307.98,753.57,4
1,player,106,0,0,1226.78,619.93,1318.81,754.03,4
1,player,107,0,0,1237.61,620.39,1329.64,754.49,4
1,player,108,0,0,1248.45,620.86,1340.47,754.95,4
1,player,109,0,0,1258.59,620.43,1350.62,754.53,4
1,player,110,0,0,1268.73,620.01,1360.76,754.11,4
1,player,111,0,0,1278.87,619.59,1370.9,753.69,4
1,player,112,0,0,1289.01,619.17,1381.04,753.26,4
1,player,113,0,0,1299.15,618.74,1391.18,752.84,4
1,player,114,0,0,1309.29,618.32,1401.32,752.42,4
1,player,115,0,0,1319.43,617.9,1411.46,752.0,4
1,player,116,0,0,1329.57,617.48,1421.6,751.57,4
1,player,117,0,0,1339.72,617.05,1431.74,751.15,4
1,player,118,0,0,1349.86,616.63,1441.88,750.73,4
1,player,119,0,0,1360.0,616.21,1452.02,750.31,4
1,player,120,0,0,1370.14,615.79,1462.17,749.88,4
1,player,121,0,0,1380.28,615.25,1472.31,749.35,4
1,player,122,0,0,1390.42,614.72,1482.45,748.82,4
1,player,123,0,0,1400.56,614.18,1492.59,748.28,4
1,player,124,0,0,1410.7,613.65,1502.73,747.75,4
1,player,125,0,0,1420.84,613.12,1512.87,747.21,4
1,player,126,0,0,1430.98,612.58,1523.01,746.68,4
1,player,127,0,0,1441.12,612.05,1533.15,746.15,4
1,player,128,0,0,1451.26,611.52,1543.29,745.61,4
1,player,129,0,0,1461.41,610.98,1553.43,745.08,4
1,player,130,0,0,1471.55,610.45,1563.57,744.55,4
1,player,131,0,0,1481.69,609.91,1573.71,744.01,4
1,player,132,0,0,1491.83,609.38,1583.86,743.48,4
1,player,133,0,0,1501.97,608.85,1594.0,742.94,4
1,player,134,0,0,1512.11,608.31,1604.14,742.41,4
1,player,135,0,0,1522.25,607.78,1614.28,741.88,4
1,player,136,0,0,1532.39,607.24,1624.42,741.34,4
1,player,137,0,0,1542.53,606.71,1634.56,740.81,4
1,player,138,0,0,1552.67,606.18,1644.7,740.27,4
1,player,139,0,0,1562.81,605.64,1654.84,739.74,4
1,player,140,0,0,1573.8,603.95,1665.83,738.05,4
1,player,141,0,0,1584.79,602.26,1676.81,736.36,4
1,player,142,0,0,1595.77,600.57,1687.8,734.67,4
1,player,143,0,0,1606.76,598.88,1698.78,732.98,4
1,player,144,0,0,1617.74,597.19,1709.77,731.29,4
1,player,145,0,0,1628.73,595.5,1720.76,729.6,4
1,player,146,0,0,1639.72,593.81,1731.74,727.91,4
1,player,147,0,0,1650.7,592.12,1742.73,726.22,4
1,player,148,0,0,1661.69,590.43,1753.71,724.53,4
1,player,149,0,0,1667.64,589.17,1759.66,723.26,4
1,player,150,0,0,1673.58,587.9,1765.61,722.0,4
1,player,151,0,0,1679.53,586.63,1771.56,720.73,4
1,player,152,0,0,1685.48,585.36,1777.51,719.46,4
1,player,153,0,0,1691.43,584.09,1783.45,718.19,4
1,player,154,0,0,1697.38,582.83,1789.4,716.92,4
1,player,155,0,0,1703.32,581.56,1795.35,715.66,4
1,player,156,0,0,1709.27,580.29,1801.3,714.39,4
1,player,157,0,0,1715.22,579.02,1807.25,713.12,4
1,player,158,0,0,1721.17,577.76,1813.19,711.85,4
1,player,159,0,0,1727.12,576.49,1819.14,710.59,4
1,player,160,0,0,1733.06,575.22,1825.09,709.32,4
1,player,161,0,0,1739.01,573.95,1831.04,708.05,4
1,player,162,0,0,1744.96,572.69,1836.99,706.78,4
1,player,163,0,0,1750.91,571.42,1842.93,705.52,4
1,player,164,0,0,1756.86,570.15,1848.88,704.25,4
1,player,165,0,0,1762.8,568.88,1854.83,702.98,4
1,player,166,0,0,1768.75,567.62,1860.78,701.71,4
1,player,167,0,0,1774.7,566.35,1866.73,700.45,4
1,player,168,0,0,1780.65,565.08,1872.67,699.18,4
1,player,169,0,0,1786.6,563.81,1878.62,697.91,4
1,player,170,0,0,1792.54,562.55,1884.57,696.64,4
1,player,171,0,0,1798.49,561.28,1890.52,695.38,4
1,player,172,0,0,1804.44,560.01,1896.47,694.11,4
1,player,173,0,0,1810.39,558.74,1902.41,692.84,4
1,player,174,0,0,1816.33,557.47,1908.36,691.57,4
1,player,175,0,0,1816.33,557.47,1908.36,691.57,4
1,player,176,0,0,1816.33,557.47,1908.36,691.57,4
1,player,177,0,0,1816.33,557.47,1908.36,691.57,4
1,player,178,0,0,1816.33,557.47,1908.36,691.57,4
1,player,179,0,0,1816.33,557.47,1908.36,691.57,4
1,player,180,0,0,1816.33,557.47,1908.36,691.57,4
1,player,181,0,0,1816.33,557.47,1908.36,691.57,4
1,player,182,0,0,1816.33,557.47,1908.36,691.57,4
1,player,183,0,0,1816.33,557.47,1908.36,691.57,4
1,player,184,0,0,1816.33,557.47,1908.36,691.57,4
1,player,185,0,0,1816.33,557.47,1908.36,691.57,4
1,player,186,0,0,1816.33,557.47,1908.36,691.57,4
1,player,187,1,0,1816.33,557.47,1908.36,691.57,4
2,player,18,0,0,147.75,497.46,239.77,631.56,90
2,player,19,0,0,145.21,497.46,237.24,631.56,90
2,player,20,0,0,142.68,497.46,234.7,631.56,90
2,player,21,0,0,140.14,497.46,232.17,631.56,90
2,player,22,0,0,137.61,497.46,229.63,631.56,90
2,player,23,0,0,135.07,497.46,227.1,631.56,90
2,player,24,0,0,132.53,497.46,224.56,631.56,90
2,player,25,0,0,130.0,497.46,222.03,631.56,90
2,player,26,0,0,127.46,497.46,219.49,631.56,90
2,player,27,0,0,124.93,497.46,216.96,631.56,90
2,player,28,0,0,126.83,497.32,218.86,631.42,90
2,player,29,0,0,128.73,497.18,220.76,631.28,90
2,player,30,0,0,130.63,497.04,222.66,631.14,90
2,player,31,0,0,132.53,496.9,224.56,631.0,90
2,player,32,0,0,134.44,496.76,226.46,630.86,90
2,player,33,0,0,136.34,496.62,228.36,630.72,90
2,player,34,0,0,138.24,496.48,230.27,630.58,90
2,player,35,0,0,140.14,496.34,232.17,630.43,90
2,player,36,0,0,142.04,496.2,234.07,630.29,90
2,player,37,0,0,143.94,496.06,235.97,630.15,90
2,player,38,0,0,145.84,495.91,237.87,630.01,90
2,player,39,0,0,147.75,495.77,239.77,629.87,90
2,player,40,0,0,149.65,495.63,241.67,629.73,90
2,player,41,0,0,151.55,495.49,243.58,629.59,90
2,player,42,0,0,153.45,495.35,245.48,629.45,90
2,player,43,0,0,155.35,495.21,247.38,629.31,90
2,player,44,0,0,157.25,495.07,249.28,629.17,90
2,player,45,0,0,159.15,494.93,251.18,629.03,90
2,player,46,0,0,161.06,494.79,253.08,628.89,90
2,player,47,0,0,162.96,494.65,254.98,628.74,90
2,player,48,0,0,164.86,494.51,256.89,628.6,90
2,player,49,0,0,166.76,494.37,258.79,628.46,90
2,player,50,0,0,168.66,494.22,260.69,628.32,90
2,player,51,0,0,170.56,494.08,262.59,628.18,90
2,player,52,0,0,172.46,493.94,264.49,628.04,90
2,player,53,0,0,174.37,493.8,266.39,627.9,90
2,player,54,0,0,176.27,493.66,268.29,627.76,90
2,player,55,0,0,178.17,493.52,270.2,627.62,90
2,player,56,0,0,180.07,493.38,272.1,627.48,90
2,player,57,0,0,181.97,493.24,274.0,627.34,90
2,player,58,0,0,183.87,493.1,275.9,627.2,90
2,player,59,0,0,185.77,492.96,277.8,627.05,90
2,player,60,0,0,187.68,492.82,279.7,626.91,90
2,player,61,0,0,189.58,492.68,281.6,626.77,90
2,player,62,0,0,191.48,492.53,283.51,626.63,90
2,player,63,0,0,193.38,492.39,285.41,626.49,90
2,player,64,0,0,199.9,492.39,291.93,626.49,90
2,player,65,0,0,206.42,492.39,298.45,626.49,90
2,player,66,0,0,212.94,492.39,304.96,626.49,90
2,player,67,0,0,219.46,492.39,311.48,626.49,90
2,player,68,0,0,225.98,492.39,318.0,626.49,90
2,player,69,0,0,232.49,492.39,324.52,626.49,90
2,player,70,0,0,239.01,492.39,331.04,626.49,90
2,player,71,0,0,245.24,492.39,337.26,626.49,90
2,player,72,0,0,251.46,492.39,343.49,626.49,90
2,player,73,0,0,257.68,492.39,349.71,626.49,90
2,player,74,0,0,263.9,492.39,355.93,626.49,90
2,player,75,0,0,270.13,492.39,362.15,626.49,90
2,player,76,0,0,276.35,492.39,368.38,626.49,90
2,player,77,0,0,282.57,492.39,374.6,626.49,90
2,player,78,0,0,288.8,492.39,380.82,626.49,90
2,player,79,0,0,295.02,492.39,387.05,626.49,90
2,player,80,0,0,301.24,492.39,393.27,626.49,90
2,player,81,0,0,307.46,492.39,399.49,626.49,90
2,player,82,0,0,312.53,492.39,404.56,626.49,90
2,player,83,0,0,317.6,492.39,409.63,626.49,90
2,player,84,0,0,322.68,492.39,414.7,626.49,90
2,player,85,0,0,327.75,492.39,419.77,626.49,90
2,player,86,0,0,332.82,492.39,424.84,626.49,90
2,player,87,0,0,337.77,493.2,429.8,627.3,90
2,player,88,0,0,342.73,494.01,434.75,628.1,90
2,player,89,0,0,347.68,494.81,439.71,628.91,90
2,player,90,0,0,352.64,495.62,444.66,629.72,90
2,player,91,0,0,357.59,496.43,449.62,630.52,90
2,player,92,0,0,362.55,497.23,454.57,631.33,90
2,player,93,0,0,367.5,498.04,459.53,632.14,90
2,player,94,0,0,372.46,498.85,464.49,632.94,90
2,player,95,0,0,377.41,499.65,469.44,633.75,90
2,player,96,0,0,382.37,500.46,474.4,634.56,90
2,player,97,0,0,387.32,501.27,479.35,635.36,90
2,player,98,0,0,392.28,502.07,484.31,636.17,90
2,player,99,0,0,397.23,502.88,489.26,636.98,90
2,player,100,0,0,402.19,503.69,494.22,637.78,90
2,player,101,0,0,407.14,504.49,499.17,638.59,90
2,player,102,0,0,412.1,505.3,504.13,639.4,90
2,player,103,0,0,417.05,506.11,509.08,640.2,90
2,player,104,0,0,422.01,506.91,514.04,641.01,90
2,player,105,0,0,426.96,507.72,518.99,641.82,90
2,player,106,0,0,431.92,508.53,523.95,642.62,90
2,player,107,0,0,436.87,509.33,528.9,643.43,90
2,player,108,0,0,441.83,510.14,533.86,644.24,90
2,player,109,0,0,446.06,510.14,538.08,644.24,90
2,player,110,0,0,450.28,510.14,542.31,644.24,90
2,player,111,0,0,454.51,510.14,546.53,644.24,90
2,player,112,0,0,458.73,510.14,550.76,644.24,90
2,player,113,0,0,462.96,510.14,554.98,644.24,90
2,player,114,0,0,467.18,510.14,559.21,644.24,90
2,player,115,0,0,471.41,510.14,563.44,644.24,90
2,player,116,0,0,475.63,510.14,567.66,644.24,90
2,player,117,0,0,479.86,510.14,571.89,644.24,90
2,player,118,0,0,484.08,510.14,576.11,644.24,90
2,player,119,0,0,488.31,510.14,580.34,644.24,90
2,player,120,0,0,492.54,510.14,584.56,644.24,90
2,player,121,0,0,496.27,509.87,588.3,643.97,90
2,player,122,0,0,500.01,509.61,592.03,643.7,90
2,player,123,0,0,503.74,509.34,595.77,643.44,90
2,player,124,0,0,507.48,509.07,599.51,643.17,90
2,player,125,0,0,511.22,508.81,603.24,642.9,90
2,player,126,0,0,514.95,508.54,606.98,642.64,90
2,player,127,0,0,518.69,508.27,610.71,642.37,90
2,player,128,0,0,522.42,508.01,614.45,642.1,90
2,player,129,0,0,526.16,507.74,618.19,641.84,90
2,player,130,0,0,529.9,507.47,621.92,641.57,90
2,player,131,0,0,533.63,507.21,625.66,641.3,90
2,player,132,0,0,537.37,506.94,629.4,641.04,90
2,player,133,0,0,541.1,506.67,633.13,640.77,90
2,player,134,0,0,544.84,506.4,636.87,640.5,90
2,player,135,0,0,548.58,506.14,640.6,640.24,90
2,player,136,0,0,552.31,505.87,644.34,639.97,90
2,player,137,0,0,556.05,505.6,648.08,639.7,90
2,player,138,0,0,559.78,505.34,651.81,639.43,90
2,player,139,0,0,563.52,505.07,655.55,639.17,90
2,player,140,0,0,571.69,503.38,663.72,637.48,90
2,player,141,0,0,579.86,501.69,671.89,635.79,90
2,player,142,0,0,588.03,500.0,680.05,634.1,90
2,player,143,0,0,596.2,498.31,688.22,632.41,90
2,player,144,0,0,604.37,496.62,696.39,630.72,90
2,player,145,0,0,612.53,494.93,704.56,629.03,90
2,player,146,0,0,620.7,493.24,712.73,627.34,90
2,player,147,0,0,628.87,491.55,720.9,625.65,90
2,player,148,0,0,637.04,489.86,729.07,623.96,90
2,player,149,0,0,643.48,489.37,735.5,623.47,90
2,player,150,0,0,649.91,488.88,741.94,622.98,90
2,player,151,0,0,656.35,488.4,748.38,622.49,90
2,player,152,0,0,662.78,487.91,754.81,622.01,90
2,player,153,0,0,669.22,487.42,761.25,621.52,90
2,player,154,0,0,675.65,486.93,767.68,621.03,90
2,player,155,0,0,682.09,486.45,774.12,620.54,90
2,player,156,0,0,688.53,485.96,780.55,620.06,90
2,player,157,0,0,694.96,485.47,786.99,619.57,90
2,player,158,0,0,701.4,484.98,793.42,619.08,90
2,player,159,0,0,707.83,484.5,799.86,618.59,90
2,player,160,0,0,714.27,484.01,806.29,618.11,90
2,player,161,0,0,720.7,483.52,812.73,617.62,90
2,player,162,0,0,727.14,483.03,819.17,617.13,90
2,player,163,0,0,733.57,482.55,825.6,616.64,90
2,player,164,0,0,740.01,482.06,832.04,616.16,90
2,player,165,0,0,746.45,481.57,838.47,615.67,90
2,player,166,0,0,752.88,481.08,844.91,615.18,90
2,player,167,0,0,759.32,480.6,851.34,614.69,90
2,player,168,0,0,765.75,480.11,857.78,614.21,90
2,player,169,0,0,772.19,479.62,864.21,613.72,90
2,player,170,0,0,778.62,479.13,870.65,613.23,90
2,player,171,0,0,785.06,478.65,877.09,612.74,90
2,player,172,0,0,791.49,478.16,883.52,612.26,90
2,player,173,0,0,797.93,477.67,889.96,611.77,90
2,player,174,0,0,804.37,477.18,896.39,611.28,90
2,player,175,0,0,817.82,477.38,909.85,611.48,90
2,player,176,0,0,831.28,477.57,923.3,611.67,90
2,player,177,0,0,844.73,477.77,936.76,611.87,90
2,player,178,0,0,858.19,477.96,950.22,612.06,90
2,player,179,0,0,871.65,478.16,963.67,612.26,90
2,player,180,0,0,885.1,478.35,977.13,612.45,90
2,player,181,0,0,898.56,478.55,990.59,612.65,90
2,player,182,0,0,912.01,478.74,1004.04,612.84,90
2,player,183,0,0,925.47,478.94,1017.5,613.04,90
2,player,184,0,0,938.93,479.13,1030.95,613.23,90
2,player,185,0,0,952.38,479.33,1044.41,613.43,90
2,player,186,0,0,965.84,479.52,1057.87,613.62,90
2,player,187,0,0,979.29,479.72,1071.32,613.82,90
2,player,188,0,0,1004.65,477.18,1096.67,611.28,90
2,player,189,0,0,1030.0,474.65,1122.03,608.75,90
2,player,190,0,0,1040.99,473.8,1133.01,607.9,90
2,player,191,0,0,1051.97,472.96,1144.0,607.06,90
2,player,192,0,0,1062.96,472.11,1154.98,606.21,90
2,player,193,0,0,1073.94,471.27,1165.97,605.37,90
2,player,194,0,0,1084.93,470.42,1176.96,604.52,90
2,player,195,0,0,1095.92,469.58,1187.94,603.68,90
2,player,196,0,0,1103.04,468.13,1195.07,602.23,90
2,player,197,0,0,1110.17,466.69,1202.19,600.79,90
2,player,198,0,0,1117.29,465.24,1209.32,599.34,90
2,player,199,0,0,1124.42,463.8,1216.45,597.89,90
2,player,200,0,0,1131.54,462.35,1223.57,596.45,90
2,player,201,0,0,1138.67,460.9,1230.7,595.0,90
2,player,202,0,0,1145.8,459.46,1237.82,593.56,90
2,player,203,0,0,1152.92,458.01,1244.95,592.11,90
2,player,204,0,0,1160.05,456.57,1252.08,590.66,90
2,player,205,0,0,1167.17,455.12,1259.2,589.22,90
2,player,206,0,0,1174.3,453.67,1266.33,587.77,90
2,player,207,0,0,1181.43,452.23,1273.45,586.33,90
2,player,208,0,0,1188.55,450.78,1280.58,584.88,90
2,player,209,0,0,1195.68,449.34,1287.71,583.43,90
2,player,210,0,0,1202.8,447.89,1294.83,581.99,90
2,player,211,0,0,1209.93,446.45,1301.96,580.54,90
2,player,212,0,0,1217.06,445.0,1309.08,579.1,90
2,player,213,0,0,1224.18,443.55,1316.21,577.65,90
2,player,214,0,0,1231.31,442.11,1323.34,576.21,90
2,player,215,0,0,1238.43,440.66,1330.46,574.76,90
2,player,216,0,0,1245.56,439.22,1337.59,573.31,90
2,player,217,0,0,1252.69,437.77,1344.71,571.87,90
2,player,218,0,0,1259.81,436.32,1351.84,570.42,90
2,player,219,0,0,1266.94,434.88,1358.96,568.98,90
2,player,220,0,0,1274.06,433.43,1366.09,567.53,90
2,player,221,0,0,1274.29,432.05,1366.32,566.15,90
2,player,222,0,0,1274.52,430.67,1366.55,564.76,90
2,player,223,0,0,1274.75,429.28,1366.78,563.38,90
2,player,224,0,0,1274.99,427.9,1367.01,562.0,90
2,player,225,0,0,1275.22,426.52,1367.24,560.62,90
2,player,226,0,0,1275.45,425.14,1367.47,559.23,90
2,player,227,0,0,1275.68,423.75,1367.7,557.85,90
2,player,228,0,0,1275.91,422.37,1367.93,556.47,90
2,player,229,0,0,1276.14,420.99,1368.17,555.08,90
2,player,230,0,0,1276.37,419.6,1368.4,553.7,90
2,player,231,0,0,1276.6,418.22,1368.63,552.32,90
2,player,232,0,0,1276.83,416.84,1368.86,550.94,90
2,player,233,0,0,1277.06,415.46,1369.09,549.55,90
2,player,234,0,0,1277.29,414.07,1369.32,548.17,90
2,player,235,0,0,1277.52,412.69,1369.55,546.79,90
2,player,236,0,0,1277.75,411.31,1369.78,545.4,90
2,player,237,0,0,1277.98,409.92,1370.01,544.02,90
2,player,238,0,0,1278.21,408.54,1370.24,542.64,90
2,player,239,0,0,1278.44,407.16,1370.47,541.26,90
2,player,240,0,0,1278.67,405.78,1370.7,539.87,90
2,player,241,0,0,1278.9,404.39,1370.93,538.49,90
2,player,242,0,0,1279.13,403.01,1371.16,537.11,90
2,player,243,0,0,1278.05,400.84,1370.07,534.93,90
2,player,244,0,0,1276.96,398.66,1368.99,532.76,90
2,player,245,0,0,1275.87,396.49,1367.9,530.59,90
2,player,246,0,0,1274.79,394.32,1366.82,528.41,90
2,player,247,0,0,1273.7,392.14,1365.73,526.24,90
2,player,248,0,0,1272.61,389.97,1364.64,524.07,90
2,player,249,0,0,1271.53,387.8,1363.56,521.9,90
2,player,250,0,0,1265.49,386.83,1357.52,520.93,90
2,player,251,0,0,1259.46,385.87,1351.48,519.96,90
2,player,252,0,0,1253.42,384.9,1345.45,519.0,90
2,player,253,0,0,1247.38,383.93,1339.41,518.03,90
2,player,254,0,0,1241.35,382.97,1333.37,517.07,90
2,player,255,0,0,1235.31,382.0,1327.34,516.1,90
2,player,256,0,0,1229.28,381.04,1321.3,515.14,90
2,player,257,0,0,1223.24,380.07,1315.27,514.17,90
2,player,258,0,0,1217.2,379.11,1309.23,513.2,90
2,player,259,0,0,1211.17,378.14,1303.19,512.24,90
2,player,260,0,0,1205.13,377.17,1297.16,511.27,90
2,player,261,0,0,1199.09,376.21,1291.12,510.31,90
2,player,262,0,0,1193.06,375.24,1285.09,509.34,90
2,player,263,0,0,1187.02,374.28,1279.05,508.37,90
2,player,264,0,0,1180.99,373.31,1273.01,507.41,90
2,player,265,0,0,1174.95,372.35,1266.98,506.44,90
2,player,266,0,0,1168.91,371.38,1260.94,505.48,90
2,player,267,0,0,1162.88,370.41,1254.9,504.51,90
2,player,268,0,0,1156.84,369.45,1248.87,503.55,90
2,player,269,0,0,1150.8,368.48,1242.83,502.58,90
2,player,270,0,0,1144.77,367.52,1236.8,501.61,90
2,player,271,0,0,1138.18,367.35,1230.2,501.45,90
2,player,272,0,0,1131.59,367.18,1223.61,501.28,90
2,player,273,0,0,1124.99,367.01,1217.02,501.11,90
2,player,274,0,0,1118.4,366.84,1210.43,500.94,90
2,player,275,0,0,1111.81,366.67,1203.84,500.77,90
2,player,276,0,0,1105.22,366.5,1197.25,500.6,90
2,player,277,0,0,1098.63,366.33,1190.66,500.43,90
2,player,278,0,0,1092.04,366.16,1184.06,500.26,90
2,player,279,0,0,1085.44,366.0,1177.47,500.09,90
2,player,280,0,0,1078.85,365.83,1170.88,499.92,90
2,player,281,0,0,1072.26,365.66,1164.29,499.76,90
2,player,282,0,0,1065.67,365.49,1157.7,499.59,90
2,player,283,0,0,1059.08,365.32,1151.11,499.42,90
2,player,284,0,0,1052.49,365.15,1144.51,499.25,90
2,player,285,0,0,1045.9,364.98,1137.92,499.08,90
2,player,286,0,0,1042.07,365.44,1134.1,499.54,90
2,player,287,0,0,1038.24,365.9,1130.27,500.0,90
2,player,288,0,0,1034.42,366.36,1126.45,500.46,90
2,player,289,0,0,1030.59,366.83,1122.62,500.92,90
2,player,290,0,0,1026.77,367.29,1118.79,501.38,90
2,player,291,0,0,1022.94,367.75,1114.97,501.84,90
2,player,292,0,0,1019.11,368.21,1111.14,502.31,90
2,player,293,0,0,1015.29,368.67,1107.32,502.77,90
2,player,294,0,0,1011.46,369.13,1103.49,503.23,90
2,player,295,0,0,1007.64,369.59,1099.66,503.69,90
2,player,296,0,0,1003.81,370.05,1095.84,504.15,90
2,player,297,0,0,999.99,370.51,1092.01,504.61,90
2,player,298,0,0,996.16,370.97,1088.19,505.07,90
2,player,299,0,0,992.33,371.43,1084.36,505.53,90
2,player,300,0,0,988.51,371.9,1080.53,505.99,90
2,player,301,0,0,984.68,372.36,1076.71,506.45,90
2,player,302,0,0,980.86,372.82,1072.88,506.92,90
2,player,303,0,0,977.03,373.28,1069.06,507.38,90
2,player,304,0,0,973.2,373.74,1065.23,507.84,90
2,player,305,0,0,969.38,374.2,1061.41,508.3,90
2,player,306,0,0,965.55,374.66,1057.58,508.76,90
2,player,307,0,0,961.73,375.12,1053.75,509.22,90
2,player,308,0,0,957.9,375.58,1049.93,509.68,90
2,player,309,0,0,954.07,376.04,1046.1,510.14,90
2,player,310,0,0,950.25,376.51,1042.28,510.6,90
2,player,311,0,0,946.42,376.97,1038.45,511.06,90
2,player,312,0,0,942.6,377.43,1034.62,511.52,90
2,player,313,0,0,938.77,377.89,1030.8,511.99,90
2,player,314,0,0,934.95,378.35,1026.97,512.45,90
2,player,315,0,0,931.12,378.81,1023.15,512.91,90
2,player,316,0,0,927.29,379.27,1019.32,513.37,90
2,player,317,0,0,923.47,379.73,1015.5,513.83,90
2,player,318,0,0,919.64,380.19,1011.67,514.29,90
2,player,319,0,0,915.82,380.65,1007.84,514.75,90
2,player,320,0,0,911.99,381.11,1004.02,515.21,90
2,player,321,0,0,908.16,381.58,1000.19,515.67,90
2,player,322,0,0,904.34,382.04,996.37,516.13,90
2,player,323,0,0,900.51,382.5,992.54,516.6,90
2,player,324,0,0,896.69,382.96,988.71,517.06,90
2,player,325,0,0,892.86,383.42,984.89,517.52,90
2,player,326,0,0,889.03,383.88,981.06,517.98,90
2,player,327,0,0,885.21,384.34,977.24,518.44,90
2,player,328,0,0,881.38,384.8,973.41,518.9,90
2,player,329,0,0,877.56,385.26,969.58,519.36,90
2,player,330,0,0,873.73,385.72,965.76,519.82,90
2,player,331,0,0,869.91,386.19,961.93,520.28,90
2,player,332,0,0,866.08,386.65,958.11,520.74,90
2,player,333,0,0,862.25,387.11,954.28,521.2,90
2,player,334,0,0,858.43,387.57,950.46,521.67,90
2,player,335,0,0,854.6,388.03,946.63,522.13,90
2,player,336,0,0,850.78,388.49,942.8,522.59,90
2,player,337,0,0,846.95,388.95,938.98,523.05,90
2,player,338,0,0,843.12,389.41,935.15,523.51,90
2,player,339,0,0,839.3,389.87,931.33,523.97,90
2,player,340,0,0,835.47,390.33,927.5,524.43,90
2,player,341,0,0,834.21,390.44,926.23,524.54,90
2,player,342,0,0,832.94,390.55,924.96,524.64,90
2,player,343,0,0,831.67,390.65,923.7,524.75,90
2,player,344,0,0,830.4,390.76,922.43,524.85,90
2,player,345,0,0,829.13,390.86,921.16,524.96,90
2,player,346,0,0,827.87,390.97,919.89,525.07,90
2,player,347,0,0,826.6,391.07,918.63,525.17,90
2,player,348,0,0,825.33,391.18,917.36,525.28,90
2,player,349,0,0,824.06,391.28,916.09,525.38,90
2,player,350,0,0,822.8,391.39,914.82,525.49,90
2,player,351,0,0,821.53,391.5,913.56,525.59,90
2,player,352,0,0,820.26,391.6,912.29,525.7,90
2,player,353,0,0,818.99,391.71,911.02,525.8,90
2,player,354,0,0,817.73,391.81,909.75,525.91,90
2,player,355,0,0,816.46,391.92,908.49,526.02,90
2,player,356,0,0,815.19,392.02,907.22,526.12,90
2,player,357,0,0,813.92,392.13,905.95,526.23,90
2,player,358,0,0,812.66,392.24,904.68,526.33,90
2,player,359,0,0,811.39,392.34,903.42,526.44,90
2,player,360,0,0,810.12,392.45,902.15,526.54,90
2,player,361,0,0,808.85,392.55,900.88,526.65,90
2,player,362,0,0,807.59,392.66,899.61,526.76,90
2,player,363,0,0,806.32,392.76,898.34,526.86,90
2,player,364,0,0,805.05,392.87,897.08,526.97,90
2,player,365,0,0,800.74,393.8,892.77,527.9,90
2,player,366,0,0,796.43,394.73,888.46,528.83,90
2,player,367,0,0,792.12,395.66,884.15,529.76,90
2,player,368,0,0,787.81,396.59,879.84,530.69,90
2,player,369,0,0,783.5,397.52,875.53,531.61,90
2,player,370,0,0,779.19,398.45,871.22,532.54,90
2,player,371,0,0,774.88,399.38,866.91,533.47,90
2,player,372,0,0,770.57,400.31,862.6,534.4,90
2,player,373,0,0,766.26,401.24,858.29,535.33,90
2,player,374,0,0,761.95,402.17,853.98,536.26,90
2,player,375,0,0,757.64,403.09,849.67,537.19,90
2,player,376,0,0,753.33,404.02,845.36,538.12,90
2,player,377,0,0,749.02,404.95,841.05,539.05,90
2,player,378,0,0,744.71,405.88,836.74,539.98,90
2,player,379,0,0,740.4,406.81,832.43,540.91,90
2,player,380,0,0,736.09,407.74,828.12,541.84,90
2,player,381,0,0,731.78,408.67,823.81,542.77,90
2,player,382,0,0,727.47,409.6,819.5,543.7,90
2,player,383,0,0,723.16,410.53,815.19,544.63,90
2,player,384,0,0,718.85,411.46,810.88,545.56,90
2,player,385,0,0,714.54,412.39,806.57,546.49,90
2,player,386,0,0,710.23,413.32,802.26,547.42,90
2,player,387,0,0,705.92,414.25,797.95,548.35,90
2,player,388,0,0,701.61,415.18,793.64,549.28,90
2,player,389,0,0,697.3,416.11,789.33,550.21,90
2,player,390,0,0,692.99,417.04,785.02,551.14,90
2,player,391,0,0,688.68,417.97,780.71,552.07,90
2,player,392,0,0,684.37,418.9,776.4,553.0,90
2,player,393,0,0,680.06,419.83,772.09,553.92,90
2,player,394,0,0,675.75,420.76,767.78,554.85,90
2,player,395,0,0,668.78,421.07,760.81,555.17,90
2,player,396,0,0,661.81,421.39,753.84,555.49,90
2,player,397,0,0,654.84,421.71,746.87,555.81,90
2,player,398,0,0,647.87,422.02,739.89,556.12,90
2,player,399,0,0,640.89,422.34,732.92,556.44,90
2,player,400,0,0,633.92,422.66,725.95,556.76,90
2,player,401,0,0,626.95,422.98,718.98,557.07,90
2,player,402,0,0,619.98,423.29,712.01,557.39,90
2,player,403,0,0,617.31,424.23,709.34,558.32,90
2,player,404,0,0,614.64,425.16,706.67,559.26,90
2,player,405,0,0,611.97,426.09,704.0,560.19,90
2,player,406,0,0,609.3,427.03,701.33,561.13,90
2,player,407,0,0,606.64,427.96,698.66,562.06,90
2,player,408,0,0,603.97,428.9,696.0,562.99,90
2,player,409,0,0,601.3,429.83,693.33,563.93,90
2,player,410,0,0,598.63,430.76,690.66,564.86,90
2,player,411,0,0,595.96,431.7,687.99,565.8,90
2,player,412,0,0,593.29,432.63,685.32,566.73,90
2,player,413,0,0,590.62,433.57,682.65,567.66,90
2,player,414,0,0,587.96,434.5,679.98,568.6,90
2,player,415,0,0,585.29,435.43,677.31,569.53,90
2,player,416,0,0,582.62,436.37,674.65,570.47,90
2,player,417,0,0,579.95,437.3,671.98,571.4,90
2,player,418,0,0,577.28,438.24,669.31,572.33,90
2,player,419,0,0,574.61,439.17,666.64,573.27,90
2,player,420,0,0,571.94,440.1,663.97,574.2,90
2,player,421,0,0,569.28,441.04,661.3,575.14,90
2,player,422,0,0,573.6,441.52,665.62,575.62,90
2,player,423,0,0,577.92,442.0,669.94,576.1,90
2,player,424,0,0,582.24,442.48,674.26,576.58,90
2,player,425,0,0,586.56,442.96,678.58,577.06,90
2,player,426,0,0,590.88,443.44,682.91,577.54,90
2,player,427,0,0,595.2,443.92,687.23,578.02,90
2,player,428,0,0,599.52,444.4,691.55,578.5,90
2,player,429,0,0,603.84,444.88,695.87,578.98,90
2,player,430,0,0,608.16,445.36,700.19,579.46,90
2,player,431,0,0,612.48,445.84,704.51,579.94,90
2,player,432,0,0,616.8,446.32,708.83,580.42,90
2,player,433,0,0,621.12,446.8,713.15,580.9,90
2,player,434,0,0,625.57,446.26,717.6,580.36,90
2,player,435,0,0,630.02,445.73,722.04,579.83,90
2,player,436,0,0,634.46,445.2,726.49,579.29,90
2,player,437,0,0,638.91,444.66,730.94,578.76,90
2,player,438,0,0,643.36,444.13,735.39,578.23,90
2,player,439,0,0,647.81,443.6,739.83,577.69,90
2,player,440,0,0,652.26,443.06,744.28,577.16,90
2,player,441,0,0,656.7,442.53,748.73,576.63,90
2,player,442,0,0,661.15,441.99,753.18,576.09,90
2,player,443,0,0,665.6,441.46,757.63,575.56,90
2,player,444,0,0,670.05,440.93,762.07,575.02,90
2,player,445,0,0,674.49,440.39,766.52,574.49,90
2,player,446,0,0,678.94,439.86,770.97,573.96,90
2,player,447,0,0,683.39,439.33,775.42,573.42,90
2,player,448,0,0,687.84,438.79,779.86,572.89,90
2,player,449,0,0,692.29,438.26,784.31,572.36,90
2,player,450,0,0,696.73,437.72,788.76,571.82,90
2,player,451,0,0,701.18,437.19,793.21,571.29,90
2,player,452,0,0,705.63,436.66,797.66,570.75,90
2,player,453,0,0,710.08,436.12,802.1,570.22,90
2,player,454,0,0,714.52,435.59,806.55,569.69,90
2,player,455,0,0,718.97,435.06,811.0,569.15,90
2,player,456,0,0,723.42,434.52,815.45,568.62,90
2,player,457,0,0,727.87,433.99,819.89,568.09,90
2,player,458,0,0,732.31,433.45,824.34,567.55,90
2,player,459,0,0,736.76,432.92,828.79,567.02,90
2,player,460,0,0,741.21,432.39,833.24,566.49,90
2,player,461,0,0,745.66,431.85,837.69,565.95,90
2,player,462,0,0,750.11,431.32,842.13,565.42,90
2,player,463,0,0,754.55,430.79,846.58,564.88,90
2,player,464,0,0,759.0,430.25,851.03,564.35,90
2,player,465,0,0,763.45,429.72,855.48,563.82,90
2,player,466,0,0,767.9,429.19,859.92,563.28,90
2,player,467,0,0,772.34,428.65,864.37,562.75,90
2,player,468,0,0,776.79,428.12,868.82,562.22,90
2,player,469,0,0,781.24,427.58,873.27,561.68,90
2,player,470,0,0,785.69,427.05,877.72,561.15,90
2,player,471,0,0,790.14,426.52,882.16,560.61,90
2,player,472,0,0,794.58,425.98,886.61,560.08,90
2,player,473,0,0,799.03,425.45,891.06,559.55,90
2,player,474,0,0,803.48,424.92,895.51,559.01,90
2,player,475,0,0,807.93,424.38,899.95,558.48,90
2,player,476,0,0,812.37,423.85,904.4,557.95,90
2,player,477,0,0,816.82,423.31,908.85,557.41,90
2,player,478,0,0,821.27,422.78,913.3,556.88,90
2,player,479,0,0,825.72,422.25,917.74,556.34,90
2,player,480,0,0,830.17,421.71,922.19,555.81,90
2,player,481,0,0,834.61,421.18,926.64,555.28,90
2,player,482,0,0,839.06,420.65,931.09,554.74,90
2,player,483,0,0,843.51,420.11,935.54,554.21,90
2,player,484,0,0,847.96,419.58,939.98,553.68,90
2,player,485,0,0,852.4,419.04,944.43,553.14,90
2,player,486,0,0,856.85,418.51,948.88,552.61,90
2,player,487,0,0,861.3,417.98,953.33,552.07,90
2,player,488,0,0,865.75,417.44,957.77,551.54,90
2,player,489,0,0,870.19,416.91,962.22,551.01,90
2,player,490,0,0,874.64,416.38,966.67,550.47,90
2,player,491,0,0,877.37,415.42,969.4,549.52,90
2,player,492,0,0,880.1,414.46,972.13,548.56,90
2,player,493,0,0,882.83,413.5,974.85,547.6,90
2,player,494,0,0,885.55,412.54,977.58,546.64,90
2,player,495,0,0,888.28,411.58,980.31,545.68,90
2,player,496,0,0,891.01,410.63,983.04,544.72,90
2,player,497,0,0,893.74,409.67,985.77,543.76,90
2,player,498,0,0,896.47,408.71,988.49,542.81,90
2,player,499,0,0,899.19,407.75,991.22,541.85,90
2,player,500,0,0,901.92,406.79,993.95,540.89,90
2,player,501,0,0,904.65,405.83,996.68,539.93,90
2,player,502,0,0,907.38,404.87,999.4,538.97,90
2,player,503,0,0,910.11,403.92,1002.13,538.01,90
2,player,504,0,0,912.83,402.96,1004.86,537.06,90
2,player,505,0,0,915.56,402.0,1007.59,536.1,90
2,player,506,0,0,918.29,401.04,1010.32,535.14,90
2,player,507,0,0,921.02,400.08,1013.04,534.18,90
2,player,508,0,0,923.74,399.12,1015.77,533.22,90
2,player,509,0,0,926.47,398.17,1018.5,532.26,90
2,player,510,0,0,929.2,397.21,1021.23,531.3,90
2,player,511,0,0,931.93,396.25,1023.96,530.35,90
2,player,512,0,0,934.66,395.29,1026.68,529.39,90
2,player,513,0,0,937.38,394.33,1029.41,528.43,90
2,player,514,0,0,940.11,393.37,1032.14,527.47,90
2,player,515,0,0,942.84,392.41,1034.87,526.51,90
2,player,516,0,0,945.57,391.46,1037.6,525.55,90
2,player,517,0,0,948.3,390.5,1040.32,524.6,90
2,player,518,0,0,951.02,389.54,1043.05,523.64,90
2,player,519,0,0,953.75,388.58,1045.78,522.68,90
2,player,520,0,0,954.7,388.46,1046.73,522.56,90
2,player,521,0,0,955.65,388.34,1047.68,522.44,90
2,player,522,0,0,956.6,388.22,1048.63,522.32,90
2,player,523,0,0,957.55,388.11,1049.58,522.2,90
2,player,524,0,0,958.5,387.99,1050.53,522.08,90
2,player,525,0,0,959.45,387.87,1051.48,521.97,90
2,player,526,0,0,960.4,387.75,1052.43,521.85,90
2,player,527,0,0,961.35,387.63,1053.38,521.73,90
2,player,528,0,0,962.3,387.51,1054.33,521.61,90
2,player,529,0,0,963.25,387.39,1055.28,521.49,90
2,player,530,0,0,964.2,387.27,1056.23,521.37,90
2,player,531,0,0,965.15,387.16,1057.18,521.25,90
2,player,532,0,0,966.11,387.04,1058.13,521.13,90
2,player,533,0,0,967.06,386.92,1059.08,521.02,90
2,player,534,0,0,968.01,386.8,1060.03,520.9,90
2,player,535,0,0,968.96,386.68,1060.98,520.78,90
2,player,536,0,0,969.91,386.56,1061.93,520.66,90
2,player,537,0,0,970.86,386.44,1062.88,520.54,90
2,player,538,0,0,971.57,385.37,1063.6,519.47,90
2,player,539,0,0,972.28,384.31,1064.31,518.4,90
2,player,540,0,0,972.99,383.24,1065.02,517.33,90
2,player,541,0,0,973.71,382.17,1065.73,516.26,90
2,player,542,0,0,974.42,381.1,1066.45,515.2,90
2,player,543,0,0,975.13,380.03,1067.16,514.13,90
2,player,544,0,0,974.29,379.03,1066.31,513.13,90
2,player,545,0,0,973.44,378.04,1065.47,512.14,90
2,player,546,0,0,972.6,377.05,1064.62,511.14,90
2,player,547,0,0,971.75,376.05,1063.78,510.15,90
2,player,548,0,0,970.91,375.06,1062.93,509.15,90
2,player,549,0,0,970.06,374.06,1062.09,508.16,90
2,player,550,0,0,969.22,373.07,1061.24,507.17,90
2,player,551,0,0,968.37,372.07,1060.4,506.17,90
2,player,552,0,0,967.53,371.08,1059.55,505.18,90
2,player,553,0,0,966.68,370.08,1058.71,504.18,90
2,player,554,0,0,965.83,369.09,1057.86,503.19,90
2,player,555,0,0,964.99,368.1,1057.02,502.19,90
2,player,556,0,0,964.14,367.1,1056.17,501.2,90
2,player,557,0,0,963.3,366.11,1055.33,500.2,90
2,player,558,0,0,962.45,365.11,1054.48,499.21,90
2,player,559,0,0,961.61,364.12,1053.64,498.22,90
2,player,560,0,0,960.76,363.12,1052.79,497.22,90
2,player,561,0,0,959.92,362.13,1051.94,496.23,90
2,player,562,0,0,959.07,361.13,1051.1,495.23,90
2,player,563,0,0,958.23,360.14,1050.25,494.24,90
2,player,564,0,0,957.38,359.15,1049.41,493.24,90
2,player,565,0,0,956.54,358.15,1048.56,492.25,90
2,player,566,0,0,955.69,357.16,1047.72,491.25,90
2,player,567,0,0,954.85,356.16,1046.87,490.26,90
2,player,568,0,0,954.0,355.17,1046.03,489.27,90
2,player,569,0,0,953.16,354.17,1045.18,488.27,90
2,player,570,0,0,952.31,353.18,1044.34,487.28,90
2,player,571,0,0,951.46,352.18,1043.49,486.28,90
2,player,572,0,0,950.62,351.19,1042.65,485.29,90
2,player,573,0,0,949.77,350.2,1041.8,484.29,90
2,player,574,0,0,948.93,349.2,1040.96,483.3,90
2,player,575,0,0,948.08,348.21,1040.11,482.3,90
2,player,576,0,0,947.24,347.21,1039.27,481.31,90
2,player,577,0,0,946.39,346.22,1038.42,480.32,90
2,player,578,0,0,945.55,345.22,1037.57,479.32,90
2,player,579,0,0,944.7,344.23,1036.73,478.33,90
2,player,580,0,0,943.86,343.23,1035.88,477.33,90
2,player,581,0,0,943.01,342.24,1035.04,476.34,90
2,player,582,0,0,942.17,341.25,1034.19,475.34,90
2,player,583,0,0,941.32,340.25,1033.35,474.35,90
2,player,584,0,0,940.48,339.26,1032.5,473.35,90
2,player,585,0,0,939.63,338.26,1031.66,472.36,90
2,player,586,0,0,938.79,337.27,1030.81,471.37,90
2,player,587,0,0,939.38,337.1,1031.41,471.2,90
2,player,588,0,0,939.98,336.93,1032.0,471.03,90
2,player,589,0,0,940.57,336.77,1032.6,470.86,90
2,player,590,0,0,941.16,336.6,1033.19,470.7,90
2,player,591,0,0,941.76,336.43,1033.79,470.53,90
2,player,592,0,0,942.35,336.26,1034.38,470.36,90
2,player,593,0,0,942.95,336.1,1034.98,470.19,90
2,player,594,0,0,943.54,335.93,1035.57,470.03,90
2,player,595,0,0,944.14,335.76,1036.17,469.86,90
2,player,596,0,0,944.73,335.59,1036.76,469.69,90
2,player,597,0,0,945.33,335.43,1037.36,469.52,90
2,player,598,0,0,945.92,335.26,1037.95,469.36,90
2,player,599,0,0,946.52,335.09,1038.55,469.19,90
2,player,600,0,0,947.11,334.93,1039.14,469.02,90
2,player,601,0,0,947.71,334.76,1039.74,468.86,90
2,player,602,0,0,948.3,334.59,1040.33,468.69,90
2,player,603,0,0,948.9,334.42,1040.93,468.52,90
2,player,604,0,0,949.49,334.26,1041.52,468.35,90
2,player,605,0,0,950.09,334.09,1042.12,468.19,90
2,player,606,0,0,950.68,333.92,1042.71,468.02,90
2,player,607,0,0,951.28,333.75,1043.31,467.85,90
2,player,608,0,0,951.87,333.59,1043.9,467.68,90
2,player,609,0,0,952.47,333.42,1044.5,467.52,90
2,player,610,0,0,953.06,333.25,1045.09,467.35,90
2,player,611,0,0,953.66,333.08,1045.69,467.18,90
2,player,612,0,0,954.25,332.92,1046.28,467.01,90
2,player,613,0,0,954.85,332.75,1046.88,466.85,90
2,player,614,0,0,955.44,332.58,1047.47,466.68,90
2,player,615,0,0,956.04,332.42,1048.07,466.51,90
2,player,616,0,0,956.63,332.25,1048.66,466.35,90
2,player,617,0,0,957.23,332.08,1049.26,466.18,90
2,player,618,0,0,957.82,331.91,1049.85,466.01,90
2,player,619,0,0,958.42,331.75,1050.45,465.84,90
2,player,620,0,0,959.01,331.58,1051.04,465.68,90
2,player,621,0,0,959.61,331.41,1051.64,465.51,90
2,player,622,0,0,960.2,331.24,1052.23,465.34,90
2,player,623,0,0,960.8,331.08,1052.83,465.17,90
2,player,624,0,0,961.39,330.91,1053.42,465.01,90
2,player,625,0,0,961.99,330.74,1054.02,464.84,90
2,player,626,0,0,962.58,330.57,1054.61,464.67,90
2,player,627,0,0,963.18,330.41,1055.21,464.5,90
2,player,628,0,0,963.77,330.24,1055.8,464.34,90
2,player,629,0,0,964.37,330.07,1056.4,464.17,90
2,player,630,0,0,964.96,329.91,1056.99,464.0,90
2,player,631,0,0,965.56,329.74,1057.59,463.84,90
2,player,632,0,0,966.15,329.57,1058.18,463.67,90
2,player,633,0,0,966.75,329.4,1058.78,463.5,90
2,player,634,0,0,967.34,329.24,1059.37,463.33,90
2,player,635,0,0,967.94,329.07,1059.96,463.17,90
2,player,636,0,0,968.53,328.9,1060.56,463.0,90
2,player,637,0,0,969.13,328.73,1061.15,462.83,90
2,player,638,0,0,969.72,328.57,1061.75,462.66,90
2,player,639,0,0,970.32,328.4,1062.34,462.5,90
2,player,640,0,0,970.91,328.23,1062.94,462.33,90
2,player,641,0,0,971.51,328.06,1063.53,462.16,90
2,player,642,0,0,972.1,327.9,1064.13,462.0,90
2,player,643,0,0,972.7,327.73,1064.72,461.83,90
2,player,644,0,0,973.29,327.56,1065.32,461.66,90
2,player,645,0,0,973.89,327.4,1065.91,461.49,90
2,player,646,0,0,974.48,327.23,1066.51,461.33,90
2,player,647,0,0,975.08,327.06,1067.1,461.16,90
2,player,648,0,0,975.67,326.89,1067.7,460.99,90
2,player,649,0,0,976.27,326.73,1068.29,460.82,90
2,player,650,0,0,976.86,326.56,1068.89,460.66,90
2,player,651,0,0,977.46,326.39,1069.48,460.49,90
2,player,652,0,0,978.05,326.22,1070.08,460.32,90
2,player,653,0,0,978.65,326.06,1070.67,460.15,90
2,player,654,0,0,979.24,325.89,1071.27,459.99,90
2,player,655,0,0,979.84,325.72,1071.86,459.82,90
2,player,656,0,0,980.43,325.55,1072.46,459.65,90
2,player,657,0,0,981.03,325.39,1073.05,459.49,90
2,player,658,0,0,981.62,325.22,1073.65,459.32,90
2,player,659,0,0,982.22,325.05,1074.24,459.15,90
2,player,660,0,0,982.81,324.89,1074.84,458.98,90
2,player,661,0,0,983.41,324.72,1075.43,458.82,90
2,player,662,0,0,984.0,324.55,1076.03,458.65,90
2,player,663,0,0,984.6,324.38,1076.62,458.48,90
2,player,664,0,0,985.19,324.22,1077.22,458.31,90
2,player,665,0,0,985.79,324.05,1077.81,458.15,90
2,player,666,0,0,986.38,323.88,1078.41,457.98,90
2,player,667,0,0,986.98,323.71,1079.0,457.81,90
2,player,668,0,0,987.57,323.55,1079.6,457.64,90
2,player,669,0,0,988.17,323.38,1080.19,457.48,90
2,player,670,0,0,988.76,323.21,1080.79,457.31,90
2,player,671,0,0,989.36,323.05,1081.38,457.14,90
2,player,672,0,0,989.95,322.88,1081.98,456.98,90
2,player,673,0,0,990.55,322.71,1082.57,456.81,90
2,player,674,0,0,991.14,322.54,1083.17,456.64,90
2,player,675,0,0,991.74,322.38,1083.76,456.47,90
2,player,676,0,0,992.33,322.21,1084.36,456.31,90
2,player,677,0,0,992.93,322.04,1084.95,456.14,90
2,player,678,0,0,993.52,321.87,1085.55,455.97,90
2,player,679,0,0,994.12,321.71,1086.14,455.8,90
2,player,680,0,0,994.71,321.54,1086.74,455.64,90
2,player,681,0,0,995.31,321.37,1087.33,455.47,90
2,player,682,0,0,995.9,321.2,1087.93,455.3,90
2,player,683,0,0,996.5,321.04,1088.52,455.13,90
2,player,684,0,0,997.09,320.87,1089.12,454.97,90
2,player,685,0,0,997.68,320.7,1089.71,454.8,90
2,player,686,0,0,998.28,320.54,1090.31,454.63,90
2,player,687,0,0,998.87,320.37,1090.9,454.47,90
2,player,688,0,0,999.47,320.2,1091.5,454.3,90
2,player,689,0,0,1000.06,320.03,1092.09,454.13,90
2,player,690,0,0,1000.66,319.87,1092.69,453.96,90
2,player,691,0,0,1001.25,319.7,1093.28,453.8,90
2,player,692,0,0,1001.85,319.53,1093.88,453.63,90
2,player,693,0,0,1002.44,319.36,1094.47,453.46,90
2,player,694,0,0,1003.04,319.2,1095.07,453.29,90
2,player,695,0,0,1003.63,319.03,1095.66,453.13,90
2,player,696,0,0,1004.23,318.86,1096.26,452.96,90
2,player,697,0,0,1004.82,318.69,1096.85,452.79,90
2,player,698,0,0,1005.42,318.53,1097.45,452.63,90
2,player,699,0,0,1006.01,318.36,1098.04,452.46,90
2,player,700,0,0,1006.61,318.19,1098.64,452.29,90
2,player,701,0,0,1007.2,318.03,1099.23,452.12,90
2,player,702,0,0,997.23,319.45,1089.25,453.55,90
2,player,703,0,0,987.25,320.88,1079.28,454.97,90
2,player,704,0,0,977.27,322.3,1069.3,456.4,90
2,player,705,0,0,967.29,323.73,1059.32,457.82,90
2,player,706,0,0,957.32,325.15,1049.34,459.25,90
2,player,707,0,0,947.34,326.58,1039.37,460.68,90
2,player,708,0,0,937.36,328.0,1029.39,462.1,90
2,player,709,0,0,927.38,329.43,1019.41,463.53,90
2,player,710,0,0,917.4,330.85,1009.43,464.95,90
2,player,711,0,0,907.43,332.28,999.45,466.38,90
2,player,712,0,0,897.45,333.7,989.48,467.8,90
2,player,713,0,0,887.47,335.13,979.5,469.23,90
2,player,714,0,0,877.42,337.48,969.45,471.58,90
2,player,715,0,0,867.37,339.83,959.4,473.93,90
2,player,716,0,0,857.32,342.19,949.35,476.28,90
2,player,717,0,0,847.28,344.54,939.3,478.63,90
2,player,718,0,0,837.23,346.89,929.25,480.99,90
2,player,719,0,0,827.18,349.24,919.2,483.34,90
2,player,720,0,0,817.13,351.59,909.16,485.69,90
2,player,721,0,0,807.08,353.94,899.11,488.04,90
2,player,722,0,0,797.03,356.3,889.06,490.39,90
2,player,723,0,0,786.98,358.65,879.01,492.75,90
2,player,724,0,0,779.2,360.33,871.23,494.43,90
2,player,725,0,0,771.42,362.01,863.45,496.11,90
2,player,726,0,0,763.64,363.7,855.67,497.8,90
2,player,727,0,0,755.87,365.38,847.89,499.48,90
2,player,728,0,0,748.09,367.06,840.11,501.16,90
2,player,729,0,0,740.31,368.75,832.33,502.85,90
2,player,730,0,0,732.53,370.43,824.56,504.53,90
2,player,731,0,0,724.75,372.11,816.78,506.21,90
2,player,732,0,0,716.97,373.8,809.0,507.89,90
2,player,733,0,0,709.19,375.48,801.22,509.58,90
2,player,734,0,0,701.41,377.16,793.44,511.26,90
2,player,735,0,0,693.63,378.85,785.66,512.94,90
2,player,736,0,0,685.85,380.53,777.88,514.63,90
2,player,737,0,0,678.08,382.21,770.1,516.31,90
2,player,738,0,0,670.3,383.9,762.32,517.99,90
2,player,739,0,0,662.52,385.58,754.55,519.68,90
2,player,740,0,0,654.74,387.26,746.77,521.36,90
2,player,741,0,0,646.96,388.95,738.99,523.04,90
2,player,742,0,0,639.18,390.63,731.21,524.73,90
2,player,743,0,0,631.4,392.31,723.43,526.41,90
2,player,744,0,0,623.62,394.0,715.65,528.09,90
2,player,745,0,0,615.84,395.68,707.87,529.78,90
2,player,746,0,0,608.06,397.36,700.09,531.46,90
2,player,747,0,0,600.29,399.04,692.31,533.14,90
2,player,748,0,0,592.51,400.73,684.53,534.83,90
2,player,749,0,0,584.73,402.41,676.76,536.51,90
2,player,750,0,0,576.95,404.09,668.98,538.19,90
2,player,751,0,0,569.17,405.78,661.2,539.88,90
2,player,752,0,0,561.39,407.46,653.42,541.56,90
2,player,753,0,0,553.61,409.14,645.64,543.24,90
2,player,754,0,0,545.83,410.83,637.86,544.92,90
2,player,755,0,0,538.05,412.51,630.08,546.61,90
2,player,756,0,0,530.27,414.19,622.3,548.29,90
2,player,757,0,0,522.5,415.88,614.52,549.97,90
2,player,758,0,0,514.72,417.56,606.74,551.66,90
2,player,759,0,0,506.94,419.24,598.97,553.34,90
2,player,760,0,0,499.16,420.93,591.19,555.02,90
2,player,761,0,0,491.38,422.61,583.41,556.71,90
2,player,762,0,0,483.6,424.29,575.63,558.39,90
2,player,763,0,0,475.82,425.98,567.85,560.07,90
2,player,764,0,0,468.04,427.66,560.07,561.76,90
2,player,765,0,0,460.26,429.34,552.29,563.44,90
2,player,766,0,0,452.49,431.03,544.51,565.12,90
2,player,767,0,0,444.71,432.71,536.73,566.81,90
2,player,768,0,0,436.93,434.39,528.95,568.49,90
2,player,769,0,0,429.15,436.07,521.18,570.17,90
2,player,770,0,0,421.37,437.76,513.4,571.86,90
2,player,771,0,0,415.38,441.89,507.41,575.99,90
2,player,772,0,0,409.4,446.03,501.42,580.12,90
2,player,773,0,0,403.41,450.16,495.44,584.26,90
2,player,774,0,0,397.42,454.29,489.45,588.39,90
2,player,775,0,0,391.44,458.43,483.46,592.52,90
2,player,776,0,0,385.45,462.56,477.48,596.66,90
2,player,777,0,0,379.46,466.69,471.49,600.79,90
2,player,778,0,0,373.48,470.83,465.5,604.92,90
2,player,779,0,0,367.49,474.96,459.52,609.06,90
2,player,780,0,0,361.5,479.09,453.53,613.19,90
2,player,781,0,0,355.52,483.23,447.54,617.33,90
2,player,782,0,0,349.53,487.36,441.56,621.46,90
2,player,783,0,0,343.54,491.5,435.57,625.59,90
2,player,784,0,0,337.56,495.63,429.58,629.73,90
2,player,785,0,0,331.57,499.76,423.6,633.86,90
2,player,786,0,0,336.61,499.76,428.17,634.2,90
2,player,787,0,0,341.66,499.76,432.75,634.54,90
2,player,788,0,0,346.7,499.76,437.32,634.89,90
2,player,789,0,0,351.75,499.77,441.9,635.23,90
2,player,790,0,0,356.79,499.77,446.47,635.57,90
2,player,791,0,0,361.84,499.77,451.05,635.91,90
2,player,792,0,0,366.88,499.77,455.63,636.25,90
2,player,793,0,0,371.93,499.77,460.2,636.6,90
2,player,794,0,0,376.97,499.77,464.78,636.94,90
2,player,795,0,0,382.02,499.77,469.35,637.28,90
2,player,796,0,0,387.06,499.77,473.93,637.62,90
2,player,797,0,0,392.1,499.77,478.5,637.97,90
2,player,798,0,0,397.15,499.77,483.08,638.31,90
2,player,799,0,0,402.19,499.77,487.65,638.65,90
2,player,800,0,0,407.24,499.77,492.23,638.99,90
2,player,801,0,0,412.28,499.77,496.8,639.33,90
2,player,802,0,0,417.33,499.78,501.38,639.68,90
2,player,803,0,0,422.37,499.78,505.96,640.02,90
2,player,804,0,0,427.42,499.78,510.53,640.36,90
2,player,805,0,0,432.46,499.78,515.11,640.7,90
2,player,806,0,0,437.51,499.78,519.68,641.04,90
2,player,807,0,0,442.55,499.78,524.26,641.39,90
2,player,808,0,0,447.6,499.78,528.83,641.73,90
2,player,809,0,0,452.64,499.78,533.41,642.07,90
2,player,810,0,0,457.68,499.78,537.98,642.41,90
2,player,811,0,0,462.73,499.78,542.56,642.75,90
2,player,812,0,0,467.77,499.78,547.14,643.1,90
2,player,813,0,0,472.82,499.78,551.71,643.44,90
2,player,814,0,0,477.86,499.78,556.29,643.78,90
2,player,815,0,0,482.91,499.79,560.86,644.12,90
2,player,816,0,0,487.95,499.79,565.44,644.47,90
2,player,817,0,0,493.0,499.79,570.01,644.81,90
2,player,818,0,0,498.04,499.79,574.59,645.15,90
2,player,819,0,0,503.09,499.79,579.16,645.49,90
2,player,820,0,0,508.13,499.79,583.74,645.83,90
2,player,821,0,0,513.18,499.79,588.32,646.18,90
2,player,822,0,0,518.22,499.79,592.89,646.52,90
2,player,823,0,0,523.26,499.79,597.47,646.86,90
2,player,824,0,0,528.31,499.79,602.04,647.2,90
2,player,825,0,0,533.35,499.79,606.62,647.54,90
2,player,826,0,0,538.4,499.79,611.19,647.89,90
2,player,827,0,0,543.44,499.79,615.77,648.23,90
2,player,828,0,0,548.49,499.79,620.34,648.57,90
2,player,829,0,0,553.53,499.8,624.92,648.91,90
2,player,830,0,0,558.58,499.8,629.5,649.25,90
2,player,831,0,0,563.62,499.8,634.07,649.6,90
2,player,832,0,0,568.67,499.8,638.65,649.94,90
2,player,833,0,0,573.71,499.8,643.22,650.28,90
2,player,834,0,0,578.76,499.8,647.8,650.62,90
2,player,835,0,0,583.8,499.8,652.37,650.96,90
2,player,836,0,0,592.24,499.8,660.81,650.96,90
2,player,837,0,0,600.68,499.8,669.25,650.96,90
2,player,838,0,0,609.12,499.8,677.69,650.96,90
2,player,839,0,0,617.56,499.8,686.13,650.96,90
2,player,840,0,0,626.0,499.8,694.57,650.96,90
2,player,841,0,0,634.44,499.8,703.01,650.96,90
2,player,842,0,0,642.88,499.8,711.45,650.96,90
2,player,843,0,0,651.32,499.8,719.89,650.96,90
2,player,844,0,0,659.76,499.8,728.33,650.96,90
2,player,845,0,0,668.2,499.8,736.77,650.96,90
2,player,846,0,0,676.64,499.8,745.21,650.96,90
2,player,847,0,0,685.08,499.8,753.65,650.96,90
2,player,848,0,0,693.52,499.8,762.09,650.96,90
2,player,849,0,0,701.96,499.8,770.53,650.96,90
2,player,850,0,0,710.4,499.8,778.97,650.96,90
2,player,851,0,0,718.84,499.8,787.41,650.96,90
2,player,852,0,0,727.28,499.8,795.85,650.96,90
2,player,853,0,0,735.72,499.8,804.29,650.96,90
2,player,854,0,0,744.16,499.8,812.73,650.96,90
2,player,855,0,0,749.2,498.73,817.77,649.9,90
2,player,856,0,0,754.24,497.66,822.81,648.83,90
2,player,857,0,0,759.28,496.59,827.85,647.76,90
2,player,858,0,0,764.32,495.52,832.89,646.69,90
2,player,859,0,0,769.36,494.45,837.93,645.62,90
2,player,860,0,0,774.39,493.39,842.97,644.55,90
2,player,861,0,0,779.43,492.32,848.01,643.48,90
2,player,862,0,0,784.47,491.25,853.05,642.41,90
2,player,863,0,0,789.51,490.18,858.09,641.34,90
2,player,864,0,0,794.55,489.11,863.13,640.27,90
2,player,865,0,0,799.59,488.04,868.17,639.21,90
2,player,866,0,0,804.63,486.97,873.21,638.14,90
2,player,867,0,0,809.67,485.9,878.25,637.07,90
2,player,868,0,0,814.71,484.83,883.29,636.0,90
2,player,869,0,0,825.4,480.56,893.98,631.72,90
2,player,870,0,0,825.4,480.56,893.98,631.72,90
2,player,871,0,0,825.4,480.56,893.98,631.72,90
2,player,872,0,0,825.4,480.56,893.98,631.72,90
2,player,873,0,0,825.4,480.56,893.98,631.72,90
2,player,874,0,0,825.4,480.56,893.98,631.72,90
2,player,875,0,0,825.4,480.56,893.98,631.72,90
2,player,876,0,0,825.4,480.56,893.98,631.72,90
2,player,877,0,0,825.4,480.56,893.98,631.72,90
2,player,878,0,0,825.4,480.56,893.98,631.72,90
2,player,879,0,0,825.4,480.56,893.98,631.72,90
2,player,880,0,0,825.4,480.56,893.98,631.72,90
2,player,881,0,0,825.4,480.56,893.98,631.72,90
2,player,882,0,0,825.4,480.56,893.98,631.72,90
2,player,883,0,0,825.4,480.56,893.98,631.72,90
2,player,884,0,0,825.4,480.56,893.98,631.72,90
2,player,885,0,0,825.4,480.56,893.98,631.72,90
2,player,886,0,0,825.4,480.56,893.98,631.72,90
2,player,887,0,0,825.4,480.56,893.98,631.72,90
2,player,888,0,0,825.4,480.56,893.98,631.72,90
2,player,889,0,0,825.4,480.56,893.98,631.72,90
2,player,890,0,0,825.4,480.56,893.98,631.72,90
2,player,891,0,0,825.4,480.56,893.98,631.72,90
2,player,892,0,0,825.4,480.56,893.98,631.72,90
2,player,893,0,0,825.4,480.56,893.98,631.72,90
2,player,894,0,0,825.4,480.56,893.98,631.72,90
2,player,895,0,0,825.4,480.56,893.98,631.72,90
2,player,896,0,0,825.4,480.56,893.98,631.72,90
2,player,897,0,0,825.4,480.56,893.98,631.72,90
2,player,898,0,0,825.4,480.56,893.98,631.72,90
2,player,899,0,0,825.4,480.56,893.98,631.72,90
3,player,18,0,0,5.76,384.4,97.79,518.5,11
3,player,19,0,0,5.38,384.57,95.42,518.67,11
3,player,20,0,0,4.99,384.74,93.06,518.84,11
3,player,21,0,0,4.61,384.91,90.69,519.01,11
3,player,22,0,0,4.22,385.08,88.32,519.18,11
3,player,23,0,0,3.84,385.25,85.96,519.34,11
3,player,24,0,0,3.46,385.42,83.59,519.51,11
3,player,25,0,0,3.07,385.58,81.23,519.68,11
3,player,26,0,0,2.69,385.75,78.86,519.85,11
3,player,27,0,0,2.3,385.92,76.49,520.02,11
3,player,28,0,0,1.92,386.09,74.13,520.19,11
3,player,29,0,0,1.54,386.26,71.76,520.36,11
3,player,30,0,0,1.15,386.43,69.39,520.53,11
3,player,31,0,0,0.77,386.6,67.03,520.7,11
3,player,32,0,0,0.38,386.77,64.66,520.87,11
3,player,33,0,0,0.0,386.94,62.3,521.03,11
3,player,34,0,0,0.37,386.71,62.67,520.81,11
3,player,35,0,0,0.74,386.48,63.04,520.58,11
3,player,36,0,0,1.11,386.26,63.41,520.35,11
3,player,37,0,0,1.48,386.03,63.78,520.13,11
3,player,38,0,0,1.85,385.8,64.15,519.9,11
3,player,39,0,0,2.22,385.57,64.52,519.67,11
3,player,40,0,0,2.59,385.35,64.89,519.44,11
3,player,41,0,0,2.97,385.12,65.26,519.22,11
3,player,42,0,0,3.34,384.89,65.63,518.99,11
3,player,43,0,0,3.71,384.67,66.0,518.76,11
3,player,44,0,0,4.08,384.44,66.37,518.54,11
3,player,45,0,0,4.45,384.21,66.74,518.31,11
3,player,46,0,0,4.82,383.98,67.12,518.08,11
3,player,47,0,0,5.19,383.76,67.49,517.86,11
3,player,48,0,0,5.56,383.53,67.86,517.63,11
3,player,49,0,0,9.92,383.59,72.22,517.69,11
3,player,50,0,0,14.28,383.65,76.58,517.74,11
3,player,51,0,0,18.65,383.7,80.94,517.8,11
3,player,52,0,0,23.01,383.76,85.3,517.86,11
3,player,53,0,0,27.37,383.82,89.67,517.92,11
3,player,54,0,0,31.73,383.88,94.03,517.98,11
3,player,55,0,0,36.09,383.94,98.39,518.03,11
3,player,56,0,0,40.45,383.99,102.75,518.09,11
3,player,57,0,0,44.82,384.05,107.11,518.15,11
3,player,58,0,0,49.18,384.11,111.47,518.21,11
3,player,59,0,0,53.54,384.17,115.84,518.27,11
3,player,60,0,0,57.9,384.23,120.2,518.32,11
3,player,61,0,0,62.26,384.29,124.56,518.38,11
3,player,62,0,0,66.62,384.34,128.92,518.44,11
3,player,63,0,0,70.99,384.4,133.28,518.5,11
3,player,64,0,0,77.87,382.23,140.16,516.33,11
3,player,65,0,0,84.75,380.06,147.04,514.15,11
3,player,66,0,0,91.63,377.88,153.93,511.98,11
3,player,67,0,0,98.51,375.71,160.81,509.81,11
3,player,68,0,0,105.39,373.54,167.69,507.63,11
3,player,69,0,0,112.27,371.36,174.57,505.46,11
3,player,70,0,0,119.16,369.19,181.45,503.29,11
3,player,71,0,0,124.92,369.19,187.21,503.29,11
3,player,72,0,0,130.68,369.19,192.97,503.29,11
3,player,73,0,0,136.44,369.19,198.74,503.29,11
3,player,74,0,0,142.2,369.19,204.5,503.29,11
3,player,75,0,0,147.96,369.19,210.26,503.29,11
3,player,76,0,0,153.73,369.19,216.02,503.29,11
3,player,77,0,0,159.49,369.19,221.78,503.29,11
3,player,78,0,0,165.25,369.19,227.55,503.29,11
3,player,79,0,0,171.01,369.19,233.31,503.29,11
3,player,80,0,0,176.77,369.19,239.07,503.29,11
3,player,81,0,0,182.54,369.19,244.83,503.29,11
3,player,82,0,0,190.14,371.22,252.44,505.32,11
3,player,83,0,0,197.75,373.25,260.04,507.34,11
3,player,84,0,0,205.35,375.28,267.65,509.37,11
3,player,85,0,0,212.96,377.3,275.25,511.4,11
3,player,86,0,0,220.56,379.33,282.86,513.43,11
3,player,87,0,0,226.67,379.22,288.97,513.31,11
3,player,88,0,0,232.78,379.1,295.07,513.2,11
3,player,89,0,0,238.89,378.99,301.18,513.08,11
3,player,90,0,0,244.99,378.87,307.29,512.97,11
3,player,91,0,0,251.1,378.76,313.4,512.85,11
3,player,92,0,0,257.21,378.64,319.5,512.74,11
3,player,93,0,0,263.32,378.53,325.61,512.62,11
3,player,94,0,0,269.42,378.41,331.72,512.51,11
3,player,95,0,0,275.53,378.29,337.83,512.39,11
3,player,96,0,0,281.64,378.18,343.93,512.28,11
3,player,97,0,0,287.75,378.06,350.04,512.16,11
3,player,98,0,0,293.85,377.95,356.15,512.05,11
3,player,99,0,0,299.96,377.83,362.26,511.93,11
3,player,100,0,0,306.07,377.72,368.37,511.82,11
3,player,101,0,0,312.18,377.6,374.47,511.7,11
3,player,102,0,0,318.28,377.49,380.58,511.59,11
3,player,103,0,0,324.39,377.37,386.69,511.47,11
3,player,104,0,0,330.5,377.26,392.8,511.36,11
3,player,105,0,0,336.61,377.14,398.9,511.24,11
3,player,106,0,0,342.71,377.03,405.01,511.12,11
3,player,107,0,0,348.82,376.91,411.12,511.01,11
3,player,108,0,0,354.93,376.8,417.23,510.89,11
3,player,109,0,0,360.21,377.22,422.51,511.32,11
3,player,110,0,0,365.49,377.64,427.79,511.74,11
3,player,111,0,0,370.77,378.06,433.07,512.16,11
3,player,112,0,0,376.06,378.49,438.35,512.58,11
3,player,113,0,0,381.34,378.91,443.63,513.01,11
3,player,114,0,0,386.62,379.33,448.92,513.43,11
3,player,115,0,0,391.9,379.75,454.2,513.85,11
3,player,116,0,0,397.18,380.18,459.48,514.27,11
3,player,117,0,0,402.46,380.6,464.76,514.7,11
3,player,118,0,0,407.75,381.02,470.04,515.12,11
3,player,119,0,0,413.03,381.44,475.32,515.54,11
3,player,120,0,0,418.31,381.87,480.61,515.96,11
3,player,121,0,0,422.58,381.73,484.88,515.83,11
3,player,122,0,0,426.85,381.6,489.15,515.7,11
3,player,123,0,0,431.12,381.47,493.41,515.56,11
3,player,124,0,0,435.39,381.33,497.68,515.43,11
3,player,125,0,0,439.66,381.2,501.95,515.3,11
3,player,126,0,0,443.93,381.07,506.22,515.16,11
3,player,127,0,0,448.2,380.93,510.49,515.03,11
3,player,128,0,0,452.47,380.8,514.76,514.9,11
3,player,129,0,0,456.74,380.67,519.03,514.76,11
3,player,130,0,0,461.01,380.53,523.3,514.63,11
3,player,131,0,0,465.28,380.4,527.57,514.5,11
3,player,132,0,0,469.55,380.27,531.84,514.36,11
3,player,133,0,0,473.82,380.13,536.11,514.23,11
3,player,134,0,0,478.09,380.0,540.38,514.1,11
3,player,135,0,0,482.36,379.87,544.65,513.96,11
3,player,136,0,0,486.63,379.73,548.92,513.83,11
3,player,137,0,0,490.9,379.6,553.19,513.7,11
3,player,138,0,0,495.17,379.47,557.46,513.56,11
3,player,139,0,0,499.44,379.33,561.73,513.43,11
3,player,140,0,0,507.32,378.21,569.62,512.3,11
3,player,141,0,0,515.21,377.08,577.51,511.18,11
3,player,142,0,0,523.1,375.95,585.39,510.05,11
3,player,143,0,0,530.99,374.83,593.28,508.92,11
3,player,144,0,0,538.87,373.7,601.17,507.8,11
3,player,145,0,0,546.76,372.57,609.06,506.67,11
3,player,146,0,0,554.65,371.44,616.94,505.54,11
3,player,147,0,0,562.54,370.32,624.83,504.42,11
3,player,148,0,0,570.42,369.19,632.72,503.29,11
3,player,149,0,0,575.98,367.92,638.28,502.02,11
3,player,150,0,0,581.54,366.66,643.83,500.75,11
3,player,151,0,0,587.1,365.39,649.39,499.49,11
3,player,152,0,0,592.65,364.12,654.95,498.22,11
3,player,153,0,0,598.21,362.85,660.51,496.95,11
3,player,154,0,0,603.77,361.59,666.07,495.68,11
3,player,155,0,0,609.33,360.32,671.62,494.42,11
3,player,156,0,0,614.89,359.05,677.18,493.15,11
3,player,157,0,0,620.44,357.78,682.74,491.88,11
3,player,158,0,0,626.0,356.52,688.3,490.61,11
3,player,159,0,0,631.56,355.25,693.86,489.35,11
3,player,160,0,0,637.12,353.98,699.41,488.08,11
3,player,161,0,0,642.68,352.71,704.97,486.81,11
3,player,162,0,0,648.23,351.44,710.53,485.54,11
3,player,163,0,0,653.79,350.18,716.09,484.27,11
3,player,164,0,0,659.35,348.91,721.65,483.01,11
3,player,165,0,0,664.91,347.64,727.2,481.74,11
3,player,166,0,0,670.47,346.37,732.76,480.47,11
3,player,167,0,0,676.02,345.11,738.32,479.2,11
3,player,168,0,0,681.58,343.84,743.88,477.94,11
3,player,169,0,0,687.14,342.57,749.44,476.67,11
3,player,170,0,0,692.7,341.3,754.99,475.4,11
3,player,171,0,0,698.26,340.04,760.55,474.13,11
3,player,172,0,0,703.81,338.77,766.11,472.87,11
3,player,173,0,0,709.37,337.5,771.67,471.6,11
3,player,174,0,0,714.93,336.23,777.23,470.33,11
3,player,175,0,0,725.66,335.84,787.95,469.94,11
3,player,176,0,0,736.38,335.45,798.68,469.55,11
3,player,177,0,0,747.11,335.06,809.4,469.16,11
3,player,178,0,0,757.83,334.67,820.13,468.77,11
3,player,179,0,0,768.56,334.28,830.86,468.38,11
3,player,180,0,0,779.29,333.89,841.58,467.99,11
3,player,181,0,0,790.01,333.5,852.31,467.6,11
3,player,182,0,0,800.74,333.11,863.03,467.21,11
3,player,183,0,0,811.46,332.72,873.76,466.82,11
3,player,184,0,0,822.19,332.33,884.48,466.43,11
3,player,185,0,0,832.91,331.94,895.21,466.04,11
3,player,186,0,0,843.64,331.55,905.94,465.65,11
3,player,187,0,0,854.37,331.16,916.66,465.26,11
3,player,188,0,0,872.11,328.63,934.41,462.72,11
3,player,189,0,0,892.39,326.09,954.69,460.19,11
3,player,190,0,0,915.21,315.95,977.51,450.05,11
3,player,191,0,0,923.32,315.44,985.62,449.54,11
3,player,192,0,0,931.44,314.94,993.73,449.03,11
3,player,193,0,0,939.55,314.43,1001.85,448.53,11
3,player,194,0,0,947.66,313.92,1009.96,448.02,11
3,player,195,0,0,955.78,313.41,1018.07,447.51,11
3,player,196,0,0,959.22,313.01,1021.52,447.11,11
3,player,197,0,0,962.67,312.6,1024.97,446.7,11
3,player,198,0,0,966.12,312.2,1028.41,446.29,11
3,player,199,0,0,969.57,311.79,1031.86,445.89,11
3,player,200,0,0,973.01,311.39,1035.31,445.48,11
3,player,201,0,0,976.46,310.98,1038.76,445.08,11
3,player,202,0,0,979.91,310.57,1042.21,444.67,11
3,player,203,0,0,983.36,310.17,1045.65,444.27,11
3,player,204,0,0,986.81,309.76,1049.1,443.86,11
3,player,205,0,0,990.25,309.36,1052.55,443.46,11
3,player,206,0,0,993.7,308.95,1056.0,443.05,11
3,player,207,0,0,997.15,308.55,1059.45,442.64,11
3,player,208,0,0,1000.6,308.14,1062.89,442.24,11
3,player,209,0,0,1004.05,307.74,1066.34,441.83,11
3,player,210,0,0,1007.49,307.33,1069.79,441.43,11
3,player,211,0,0,1010.94,306.92,1073.24,441.02,11
3,player,212,0,0,1014.39,306.52,1076.68,440.62,11
3,player,213,0,0,1017.84,306.11,1080.13,440.21,11
3,player,214,0,0,1021.28,305.71,1083.58,439.8,11
3,player,215,0,0,1024.73,305.3,1087.03,439.4,11
3,player,216,0,0,1028.18,304.9,1090.48,438.99,11
3,player,217,0,0,1031.63,304.49,1093.92,438.59,11
3,player,218,0,0,1035.08,304.08,1097.37,438.18,11
3,player,219,0,0,1038.52,303.68,1100.82,437.78,11
3,player,220,0,0,1041.97,303.27,1104.27,437.37,11
3,player,221,0,0,1040.01,301.31,1102.31,435.41,11
3,player,222,0,0,1038.05,299.36,1100.35,433.45,11
3,player,223,0,0,1036.09,297.4,1098.39,431.49,11
3,player,224,0,0,1034.14,295.44,1096.43,429.53,11
3,player,225,0,0,1032.18,293.48,1094.47,427.58,11
3,player,226,0,0,1030.22,291.52,1092.51,425.62,11
3,player,227,0,0,1028.26,289.56,1090.55,423.66,11
3,player,228,0,0,1026.3,287.6,1088.6,421.7,11
3,player,229,0,0,1024.34,285.64,1086.64,419.74,11
3,player,230,0,0,1022.38,283.68,1084.68,417.78,11
3,player,231,0,0,1020.42,281.72,1082.72,415.82,11
3,player,232,0,0,1018.46,279.77,1080.76,413.86,11
3,player,233,0,0,1016.5,277.81,1078.8,411.9,11
3,player,234,0,0,1014.55,275.85,1076.84,409.94,11
3,player,235,0,0,1012.59,273.89,1074.88,407.99,11
3,player,236,0,0,1010.63,271.93,1072.92,406.03,11
3,player,237,0,0,1008.67,269.97,1070.96,404.07,11
3,player,238,0,0,1006.71,268.01,1069.01,402.11,11
3,player,239,0,0,1004.75,266.05,1067.05,400.15,11
3,player,240,0,0,1002.79,264.09,1065.09,398.19,11
3,player,241,0,0,1000.83,262.13,1063.13,396.23,11
3,player,242,0,0,998.87,260.17,1061.17,394.27,11
3,player,243,0,0,994.98,259.63,1057.28,393.73,11
3,player,244,0,0,991.09,259.09,1053.38,393.19,11
3,player,245,0,0,987.19,258.54,1049.49,392.64,11
3,player,246,0,0,983.3,258.0,1045.6,392.1,11
3,player,247,0,0,979.41,257.46,1041.7,391.56,11
3,player,248,0,0,975.51,256.92,1037.81,391.01,11
3,player,249,0,0,971.62,256.37,1033.92,390.47,11
3,player,250,0,0,967.73,255.83,1030.02,389.93,11
3,player,251,0,0,963.83,255.29,1026.13,389.38,11
3,player,252,0,0,959.94,254.74,1022.24,388.84,11
3,player,253,0,0,956.05,254.2,1018.34,388.3,11
3,player,254,0,0,952.15,253.66,1014.45,387.75,11
3,player,255,0,0,948.26,253.11,1010.56,387.21,11
3,player,256,0,0,944.37,252.57,1006.66,386.67,11
3,player,257,0,0,940.47,252.03,1002.77,386.12,11
3,player,258,0,0,936.58,251.48,998.87,385.58,11
3,player,259,0,0,932.69,250.94,994.98,385.04,11
3,player,260,0,0,928.79,250.4,991.09,384.49,11
3,player,261,0,0,924.9,249.85,987.19,383.95,11
3,player,262,0,0,921.01,249.31,983.3,383.41,11
3,player,263,0,0,917.11,248.77,979.41,382.86,11
3,player,264,0,0,913.22,248.22,975.51,382.32,11
3,player,265,0,0,909.33,247.68,971.62,381.78,11
3,player,266,0,0,905.43,247.14,967.73,381.23,11
3,player,267,0,0,901.54,246.59,963.83,380.69,11
3,player,268,0,0,897.65,246.05,959.94,380.15,11
3,player,269,0,0,893.75,245.51,956.05,379.6,11
3,player,270,0,0,889.86,244.96,952.15,379.06,11
3,player,271,0,0,883.6,245.98,945.9,380.07,11
3,player,272,0,0,877.35,246.99,939.65,381.09,11
3,player,273,0,0,871.1,248.01,933.39,382.1,11
3,player,274,0,0,864.84,249.02,927.14,383.12,11
3,player,275,0,0,858.59,250.03,920.89,384.13,11
3,player,276,0,0,852.34,251.05,914.63,385.14,11
3,player,277,0,0,846.08,252.06,908.38,386.16,11
3,player,278,0,0,839.83,253.08,902.13,387.17,11
3,player,279,0,0,833.58,254.09,895.87,388.19,11
3,player,280,0,0,827.32,255.1,889.62,389.2,11
3,player,281,0,0,821.07,256.12,883.37,390.22,11
3,player,282,0,0,814.82,257.13,877.11,391.23,11
3,player,283,0,0,808.56,258.15,870.86,392.24,11
3,player,284,0,0,802.31,259.16,864.61,393.26,11
3,player,285,0,0,796.06,260.17,858.35,394.27,11
3,player,286,0,0,792.83,261.05,855.12,395.15,11
3,player,287,0,0,789.6,261.93,851.9,396.02,11
3,player,288,0,0,786.38,262.8,848.67,396.9,11
3,player,289,0,0,783.15,263.68,845.45,397.77,11
3,player,290,0,0,779.92,264.55,842.22,398.65,11
3,player,291,0,0,776.7,265.43,838.99,399.53,11
3,player,292,0,0,773.47,266.3,835.77,400.4,11
3,player,293,0,0,770.24,267.18,832.54,401.28,11
3,player,294,0,0,767.02,268.06,829.31,402.15,11
3,player,295,0,0,763.79,268.93,826.09,403.03,11
3,player,296,0,0,760.56,269.81,822.86,403.91,11
3,player,297,0,0,757.34,270.68,819.63,404.78,11
3,player,298,0,0,754.11,271.56,816.41,405.66,11
3,player,299,0,0,750.88,272.44,813.18,406.53,11
3,player,300,0,0,747.66,273.31,809.95,407.41,11
3,player,301,0,0,744.43,274.19,806.73,408.28,11
3,player,302,0,0,741.2,275.06,803.5,409.16,11
3,player,303,0,0,737.98,275.94,800.27,410.04,11
3,player,304,0,0,734.75,276.81,797.05,410.91,11
3,player,305,0,0,731.52,277.69,793.82,411.79,11
3,player,306,0,0,728.3,278.57,790.59,412.66,11
3,player,307,0,0,725.07,279.44,787.37,413.54,11
3,player,308,0,0,721.84,280.32,784.14,414.41,11
3,player,309,0,0,718.62,281.19,780.91,415.29,11
3,player,310,0,0,715.39,282.07,777.69,416.17,11
3,player,311,0,0,712.16,282.94,774.46,417.04,11
3,player,312,0,0,708.94,283.82,771.23,417.92,11
3,player,313,0,0,705.71,284.7,768.01,418.79,11
3,player,314,0,0,702.48,285.57,764.78,419.67,11
3,player,315,0,0,699.26,286.45,761.55,420.55,11
3,player,316,0,0,696.03,287.32,758.33,421.42,11
3,player,317,0,0,692.8,288.2,755.1,422.3,11
3,player,318,0,0,689.58,289.08,751.87,423.17,11
3,player,319,0,0,686.35,289.95,748.65,424.05,11
3,player,320,0,0,683.12,290.83,745.42,424.92,11
3,player,321,0,0,679.9,291.7,742.19,425.8,11
3,player,322,0,0,676.67,292.58,738.97,426.68,11
3,player,323,0,0,673.44,293.45,735.74,427.55,11
3,player,324,0,0,670.22,294.33,732.51,428.43,11
3,player,325,0,0,666.99,295.21,729.29,429.3,11
3,player,326,0,0,663.76,296.08,726.06,430.18,11
3,player,327,0,0,660.54,296.96,722.83,431.06,11
3,player,328,0,0,657.31,297.83,719.61,431.93,11
3,player,329,0,0,654.08,298.71,716.38,432.81,11
3,player,330,0,0,650.86,299.58,713.15,433.68,11
3,player,331,0,0,647.63,300.46,709.93,434.56,11
3,player,332,0,0,644.4,301.34,706.7,435.43,11
3,player,333,0,0,641.18,302.21,703.47,436.31,11
3,player,334,0,0,637.95,303.09,700.25,437.19,11
3,player,335,0,0,634.72,303.96,697.02,438.06,11
3,player,336,0,0,631.5,304.84,693.79,438.94,11
3,player,337,0,0,628.27,305.72,690.57,439.81,11
3,player,338,0,0,625.04,306.59,687.34,440.69,11
3,player,339,0,0,621.82,307.47,684.11,441.56,11
3,player,340,0,0,618.59,308.34,680.89,442.44,11
3,player,341,0,0,615.74,308.66,678.03,442.76,11
3,player,342,0,0,612.89,308.98,675.18,443.07,11
3,player,343,0,0,610.03,309.29,672.33,443.39,11
3,player,344,0,0,607.18,309.61,669.48,443.71,11
3,player,345,0,0,604.33,309.93,666.63,444.02,11
3,player,346,0,0,601.48,310.24,663.77,444.34,11
3,player,347,0,0,598.63,310.56,660.92,444.66,11
3,player,348,0,0,595.77,310.88,658.07,444.98,11
3,player,349,0,0,592.92,311.19,655.22,445.29,11
3,player,350,0,0,590.07,311.51,652.37,445.61,11
3,player,351,0,0,587.22,311.83,649.51,445.93,11
3,player,352,0,0,584.37,312.15,646.66,446.24,11
3,player,353,0,0,581.51,312.46,643.81,446.56,11
3,player,354,0,0,578.66,312.78,640.96,446.88,11
3,player,355,0,0,575.81,313.1,638.1,447.19,11
3,player,356,0,0,572.96,313.41,635.25,447.51,11
3,player,357,0,0,570.1,313.73,632.4,447.83,11
3,player,358,0,0,567.25,314.05,629.55,448.14,11
3,player,359,0,0,564.4,314.36,626.7,448.46,11
3,player,360,0,0,561.55,314.68,623.84,448.78,11
3,player,361,0,0,558.7,315.0,620.99,449.1,11
3,player,362,0,0,555.84,315.31,618.14,449.41,11
3,player,363,0,0,552.99,315.63,615.29,449.73,11
3,player,364,0,0,550.14,315.95,612.44,450.05,11
3,player,365,0,0,549.97,316.79,612.27,450.89,11
3,player,366,0,0,549.8,317.64,612.1,451.74,11
3,player,367,0,0,549.63,318.48,611.93,452.58,11
3,player,368,0,0,549.46,319.33,611.76,453.43,11
3,player,369,0,0,549.29,320.17,611.59,454.27,11
3,player,370,0,0,549.13,321.02,611.42,455.12,11
3,player,371,0,0,548.96,321.86,611.25,455.96,11
3,player,372,0,0,548.79,322.71,611.08,456.81,11
3,player,373,0,0,548.62,323.55,610.91,457.65,11
3,player,374,0,0,548.45,324.4,610.75,458.5,11
3,player,375,0,0,548.28,325.24,610.58,459.34,11
3,player,376,0,0,548.11,326.09,610.41,460.19,11
3,player,377,0,0,547.94,326.93,610.24,461.03,11
3,player,378,0,0,547.77,327.78,610.07,461.88,11
3,player,379,0,0,547.6,328.62,609.9,462.72,11
3,player,380,0,0,547.44,329.47,609.73,463.57,11
3,player,381,0,0,547.27,330.31,609.56,464.41,11
3,player,382,0,0,547.1,331.16,609.39,465.26,11
3,player,383,0,0,546.93,332.0,609.22,466.1,11
3,player,384,0,0,546.76,332.85,609.06,466.95,11
3,player,385,0,0,546.59,333.69,608.89,467.79,11
3,player,386,0,0,546.42,334.54,608.72,468.64,11
3,player,387,0,0,546.25,335.38,608.55,469.48,11
3,player,388,0,0,546.08,336.23,608.38,470.33,11
3,player,389,0,0,545.91,337.07,608.21,471.17,11
3,player,390,0,0,545.75,337.92,608.04,472.02,11
3,player,391,0,0,545.58,338.76,607.87,472.86,11
3,player,392,0,0,545.41,339.61,607.7,473.71,11
3,player,393,0,0,545.24,340.45,607.53,474.55,11
3,player,394,0,0,545.07,341.3,607.37,475.4,11
3,player,395,0,0,548.24,342.88,610.53,476.98,11
3,player,396,0,0,551.41,344.47,613.7,478.57,11
3,player,397,0,0,554.58,346.05,616.87,480.15,11
3,player,398,0,0,557.75,347.64,620.04,481.74,11
3,player,399,0,0,560.91,349.22,623.21,483.32,11
3,player,400,0,0,564.08,350.81,626.38,484.91,11
3,player,401,0,0,567.25,352.39,629.55,486.49,11
3,player,402,0,0,570.42,353.98,632.72,488.07,11
3,player,403,0,0,574.83,355.18,637.12,489.28,11
3,player,404,0,0,579.23,356.38,641.52,490.48,11
3,player,405,0,0,583.63,357.58,645.93,491.68,11
3,player,406,0,0,588.03,358.78,650.33,492.88,11
3,player,407,0,0,592.44,359.98,654.73,494.08,11
3,player,408,0,0,596.84,361.18,659.14,495.28,11
3,player,409,0,0,601.24,362.38,663.54,496.48,11
3,player,410,0,0,605.65,363.58,667.94,497.68,11
3,player,411,0,0,610.05,364.78,672.35,498.88,11
3,player,412,0,0,614.45,365.99,676.75,500.08,11
3,player,413,0,0,618.86,367.19,681.15,501.28,11
3,player,414,0,0,623.26,368.39,685.56,502.48,11
3,player,415,0,0,627.66,369.59,689.96,503.69,11
3,player,416,0,0,632.07,370.79,694.36,504.89,11
3,player,417,0,0,636.47,371.99,698.77,506.09,11
3,player,418,0,0,640.87,373.19,703.17,507.29,11
3,player,419,0,0,645.28,374.39,707.57,508.49,11
3,player,420,0,0,649.68,375.59,711.98,509.69,11
3,player,421,0,0,654.08,376.79,716.38,510.89,11
3,player,422,0,0,662.72,378.23,725.02,512.33,11
3,player,423,0,0,671.37,379.67,733.66,513.77,11
3,player,424,0,0,680.01,381.11,742.3,515.21,11
3,player,425,0,0,688.65,382.55,750.94,516.65,11
3,player,426,0,0,697.29,383.99,759.58,518.09,11
3,player,427,0,0,705.93,385.43,768.23,519.53,11
3,player,428,0,0,714.57,386.87,776.87,520.97,11
3,player,429,0,0,723.21,388.31,785.51,522.41,11
3,player,430,0,0,731.85,389.75,794.15,523.85,11
3,player,431,0,0,740.49,391.19,802.79,525.29,11
3,player,432,0,0,749.13,392.64,811.43,526.73,11
3,player,433,0,0,757.78,394.08,820.07,528.17,11
3,player,434,0,0,757.6,393.81,819.89,527.91,11
3,player,435,0,0,757.42,393.54,819.72,527.64,11
3,player,436,0,0,757.24,393.27,819.54,527.37,11
3,player,437,0,0,757.06,393.01,819.36,527.11,11
3,player,438,0,0,756.89,392.74,819.18,526.84,11
3,player,439,0,0,756.71,392.47,819.0,526.57,11
3,player,440,0,0,756.53,392.21,818.83,526.3,11
3,player,441,0,0,756.35,391.94,818.65,526.04,11
3,player,442,0,0,756.17,391.67,818.47,525.77,11
3,player,443,0,0,756.0,391.41,818.29,525.5,11
3,player,444,0,0,755.82,391.14,818.11,525.24,11
3,player,445,0,0,755.64,390.87,817.94,524.97,11
3,player,446,0,0,755.46,390.61,817.76,524.7,11
3,player,447,0,0,755.28,390.34,817.58,524.44,11
3,player,448,0,0,755.11,390.07,817.4,524.17,11
3,player,449,0,0,754.93,389.81,817.22,523.9,11
3,player,450,0,0,754.75,389.54,817.05,523.64,11
3,player,451,0,0,754.57,389.27,816.87,523.37,11
3,player,452,0,0,754.4,389.0,816.69,523.1,11
3,player,453,0,0,754.22,388.74,816.51,522.84,11
3,player,454,0,0,754.04,388.47,816.34,522.57,11
3,player,455,0,0,753.86,388.2,816.16,522.3,11
3,player,456,0,0,753.68,387.94,815.98,522.04,11
3,player,457,0,0,753.51,387.67,815.8,521.77,11
3,player,458,0,0,753.33,387.4,815.62,521.5,11
3,player,459,0,0,753.15,387.14,815.45,521.23,11
3,player,460,0,0,752.97,386.87,815.27,520.97,11
3,player,461,0,0,752.79,386.6,815.09,520.7,11
3,player,462,0,0,752.62,386.34,814.91,520.43,11
3,player,463,0,0,752.44,386.07,814.73,520.17,11
3,player,464,0,0,752.26,385.8,814.56,519.9,11
3,player,465,0,0,752.08,385.54,814.38,519.63,11
3,player,466,0,0,751.9,385.27,814.2,519.37,11
3,player,467,0,0,751.73,385.0,814.02,519.1,11
3,player,468,0,0,751.55,384.74,813.84,518.83,11
3,player,469,0,0,751.37,384.47,813.67,518.57,11
3,player,470,0,0,751.19,384.2,813.49,518.3,11
3,player,471,0,0,751.01,383.93,813.31,518.03,11
3,player,472,0,0,750.84,383.67,813.13,517.77,11
3,player,473,0,0,750.66,383.4,812.96,517.5,11
3,player,474,0,0,750.48,383.13,812.78,517.23,11
3,player,475,0,0,750.3,382.87,812.6,516.96,11
3,player,476,0,0,750.13,382.6,812.42,516.7,11
3,player,477,0,0,749.95,382.33,812.24,516.43,11
3,player,478,0,0,749.77,382.07,812.07,516.16,11
3,player,479,0,0,749.59,381.8,811.89,515.9,11
3,player,480,0,0,749.41,381.53,811.71,515.63,11
3,player,481,0,0,749.24,381.27,811.53,515.36,11
3,player,482,0,0,749.06,381.0,811.35,515.1,11
3,player,483,0,0,748.88,380.73,811.18,514.83,11
3,player,484,0,0,748.7,380.47,811.0,514.56,11
3,player,485,0,0,748.52,380.2,810.82,514.3,11
3,player,486,0,0,748.35,379.93,810.64,514.03,11
3,player,487,0,0,748.17,379.66,810.46,513.76,11
3,player,488,0,0,747.99,379.4,810.29,513.5,11
3,player,489,0,0,747.81,379.13,810.11,513.23,11
3,player,490,0,0,747.63,378.86,809.93,512.96,11
3,player,491,0,0,745.28,378.13,807.57,512.22,11
3,player,492,0,0,742.92,377.39,805.21,511.49,11
3,player,493,0,0,740.56,376.65,802.85,510.75,11
3,player,494,0,0,738.2,375.92,800.49,510.01,11
3,player,495,0,0,735.84,375.18,798.13,509.28,11
3,player,496,0,0,733.48,374.44,795.78,508.54,11
3,player,497,0,0,731.12,373.7,793.42,507.8,11
3,player,498,0,0,728.76,372.97,791.06,507.06,11
3,player,499,0,0,726.4,372.23,788.7,506.33,11
3,player,500,0,0,724.04,371.49,786.34,505.59,11
3,player,501,0,0,721.68,370.75,783.98,504.85,11
3,player,502,0,0,719.32,370.02,781.62,504.11,11
3,player,503,0,0,716.96,369.28,779.26,503.38,11
3,player,504,0,0,714.6,368.54,776.9,502.64,11
3,player,505,0,0,712.25,367.81,774.54,501.9,11
3,player,506,0,0,709.89,367.07,772.18,501.17,11
3,player,507,0,0,707.53,366.33,769.82,500.43,11
3,player,508,0,0,705.17,365.59,767.46,499.69,11
3,player,509,0,0,702.81,364.86,765.1,498.95,11
3,player,510,0,0,700.45,364.12,762.75,498.22,11
3,player,511,0,0,698.09,363.38,760.39,497.48,11
3,player,512,0,0,695.73,362.64,758.03,496.74,11
3,player,513,0,0,693.37,361.91,755.67,496.0,11
3,player,514,0,0,691.01,361.17,753.31,495.27,11
3,player,515,0,0,688.65,360.43,750.95,494.53,11
3,player,516,0,0,686.29,359.7,748.59,493.79,11
3,player,517,0,0,683.93,358.96,746.23,493.06,11
3,player,518,0,0,681.58,358.22,743.87,492.32,11
3,player,519,0,0,679.22,357.48,741.51,491.58,11
3,player,520,0,0,675.89,357.25,738.19,491.34,11
3,player,521,0,0,672.56,357.01,734.86,491.11,11
3,player,522,0,0,669.24,356.77,731.53,490.87,11
3,player,523,0,0,665.91,356.53,728.21,490.63,11
3,player,524,0,0,662.59,356.3,724.88,490.39,11
3,player,525,0,0,659.26,356.06,721.56,490.16,11
3,player,526,0,0,655.93,355.82,718.23,489.92,11
3,player,527,0,0,652.61,355.58,714.9,489.68,11
3,player,528,0,0,649.28,355.35,711.58,489.44,11
3,player,529,0,0,645.96,355.11,708.25,489.21,11
3,player,530,0,0,642.63,354.87,704.93,488.97,11
3,player,531,0,0,639.31,354.63,701.6,488.73,11
3,player,532,0,0,635.98,354.39,698.28,488.49,11
3,player,533,0,0,632.65,354.16,694.95,488.25,11
3,player,534,0,0,629.33,353.92,691.62,488.02,11
3,player,535,0,0,626.0,353.68,688.3,487.78,11
3,player,536,0,0,622.68,353.44,684.97,487.54,11
3,player,537,0,0,619.35,353.21,681.65,487.3,11
3,player,538,0,0,614.36,352.85,676.66,486.95,11
3,player,539,0,0,609.37,352.49,671.67,486.59,11
3,player,540,0,0,604.38,352.14,666.68,486.24,11
3,player,541,0,0,599.39,351.78,661.69,485.88,11
3,player,542,0,0,594.41,351.43,656.7,485.52,11
3,player,543,0,0,589.42,351.07,651.71,485.17,11
3,player,544,0,0,585.04,350.77,647.34,484.87,11
3,player,545,0,0,580.67,350.47,642.96,484.57,11
3,player,546,0,0,576.29,350.17,638.59,484.27,11
3,player,547,0,0,571.91,349.88,634.21,483.97,11
3,player,548,0,0,567.54,349.58,629.83,483.68,11
3,player,549,0,0,563.16,349.28,625.46,483.38,11
3,player,550,0,0,558.79,348.98,621.08,483.08,11
3,player,551,0,0,554.41,348.68,616.71,482.78,11
3,player,552,0,0,550.04,348.38,612.33,482.48,11
3,player,553,0,0,545.66,348.09,607.96,482.18,11
3,player,554,0,0,541.29,347.79,603.58,481.89,11
3,player,555,0,0,536.91,347.49,599.21,481.59,11
3,player,556,0,0,532.53,347.19,594.83,481.29,11
3,player,557,0,0,528.16,346.89,590.45,480.99,11
3,player,558,0,0,523.78,346.59,586.08,480.69,11
3,player,559,0,0,519.41,346.3,581.7,480.39,11
3,player,560,0,0,515.03,346.0,577.33,480.1,11
3,player,561,0,0,510.66,345.7,572.95,479.8,11
3,player,562,0,0,506.28,345.4,568.58,479.5,11
3,player,563,0,0,501.9,345.1,564.2,479.2,11
3,player,564,0,0,497.53,344.8,559.83,478.9,11
3,player,565,0,0,493.15,344.51,555.45,478.6,11
3,player,566,0,0,488.78,344.21,551.07,478.31,11
3,player,567,0,0,484.4,343.91,546.7,478.01,11
3,player,568,0,0,480.03,343.61,542.32,477.71,11
3,player,569,0,0,475.65,343.31,537.95,477.41,11
3,player,570,0,0,471.28,343.01,533.57,477.11,11
3,player,571,0,0,466.9,342.72,529.2,476.81,11
3,player,572,0,0,462.52,342.42,524.82,476.52,11
3,player,573,0,0,458.15,342.12,520.44,476.22,11
3,player,574,0,0,453.77,341.82,516.07,475.92,11
3,player,575,0,0,449.4,341.52,511.69,475.62,11
3,player,576,0,0,445.02,341.22,507.32,475.32,11
3,player,577,0,0,440.65,340.93,502.94,475.02,11
3,player,578,0,0,436.27,340.63,498.57,474.73,11
3,player,579,0,0,431.89,340.33,494.19,474.43,11
3,player,580,0,0,427.52,340.03,489.82,474.13,11
3,player,581,0,0,423.14,339.73,485.44,473.83,11
3,player,582,0,0,418.77,339.43,481.06,473.53,11
3,player,583,0,0,414.39,339.14,476.69,473.23,11
3,player,584,0,0,410.02,338.84,472.31,472.94,11
3,player,585,0,0,405.64,338.54,467.94,472.64,11
3,player,586,0,0,401.27,338.24,463.56,472.34,11
3,player,587,0,0,403.18,337.66,465.48,471.76,11
3,player,588,0,0,405.1,337.09,467.39,471.19,11
3,player,589,0,0,407.01,336.51,469.31,470.61,11
3,player,590,0,0,408.93,335.94,471.22,470.03,11
3,player,591,0,0,410.84,335.36,473.14,469.46,11
3,player,592,0,0,412.76,334.78,475.05,468.88,11
3,player,593,0,0,414.67,334.21,476.97,468.3,11
3,player,594,0,0,416.59,333.63,478.88,467.73,11
3,player,595,0,0,418.5,333.05,480.8,467.15,11
3,player,596,0,0,420.42,332.48,482.71,466.58,11
3,player,597,0,0,422.33,331.9,484.63,466.0,11
3,player,598,0,0,424.25,331.32,486.54,465.42,11
3,player,599,0,0,426.16,330.75,488.46,464.85,11
3,player,600,0,0,428.08,330.17,490.37,464.27,11
3,player,601,0,0,429.99,329.6,492.29,463.69,11
3,player,602,0,0,431.91,329.02,494.2,463.12,11
3,player,603,0,0,433.82,328.44,496.12,462.54,11
3,player,604,0,0,435.74,327.87,498.03,461.96,11
3,player,605,0,0,437.65,327.29,499.95,461.39,11
3,player,606,0,0,439.57,326.71,501.86,460.81,11
3,player,607,0,0,441.48,326.14,503.78,460.24,11
3,player,608,0,0,443.4,325.56,505.69,459.66,11
3,player,609,0,0,445.31,324.98,507.61,459.08,11
3,player,610,0,0,447.23,324.41,509.52,458.51,11
3,player,611,0,0,449.14,323.83,511.44,457.93,11
3,player,612,0,0,451.06,323.26,513.35,457.35,11
3,player,613,0,0,452.97,322.68,515.27,456.78,11
3,player,614,0,0,454.89,322.1,517.18,456.2,11
3,player,615,0,0,456.8,321.53,519.1,455.62,11
3,player,616,0,0,458.72,320.95,521.01,455.05,11
3,player,617,0,0,460.63,320.37,522.93,454.47,11
3,player,618,0,0,462.54,319.8,524.84,453.9,11
3,player,619,0,0,464.46,319.22,526.76,453.32,11
3,player,620,0,0,466.37,318.65,528.67,452.74,11
3,player,621,0,0,468.29,318.07,530.59,452.17,11
3,player,622,0,0,470.2,317.49,532.5,451.59,11
3,player,623,0,0,472.12,316.92,534.42,451.01,11
3,player,624,0,0,474.03,316.34,536.33,450.44,11
3,player,625,0,0,475.95,315.76,538.25,449.86,11
3,player,626,0,0,477.86,315.19,540.16,449.28,11
3,player,627,0,0,479.78,314.61,542.08,448.71,11
3,player,628,0,0,481.69,314.03,543.99,448.13,11
3,player,629,0,0,483.61,313.46,545.91,447.56,11
3,player,630,0,0,485.52,312.88,547.82,446.98,11
3,player,631,0,0,487.44,312.31,549.74,446.4,11
3,player,632,0,0,489.35,311.73,551.65,445.83,11
3,player,633,0,0,491.27,311.15,553.57,445.25,11
3,player,634,0,0,493.18,310.58,555.48,444.67,11
3,player,635,0,0,495.1,310.0,557.4,444.1,11
3,player,636,0,0,497.01,309.42,559.31,443.52,11
3,player,637,0,0,498.93,308.85,561.23,442.94,11
3,player,638,0,0,500.84,308.27,563.14,442.37,11
3,player,639,0,0,502.76,307.69,565.06,441.79,11
3,player,640,0,0,504.67,307.12,566.97,441.22,11
3,player,641,0,0,506.59,306.54,568.89,440.64,11
3,player,642,0,0,508.5,305.97,570.8,440.06,11
3,player,643,0,0,510.42,305.39,572.72,439.49,11
3,player,644,0,0,512.33,304.81,574.63,438.91,11
3,player,645,0,0,514.25,304.24,576.55,438.33,11
3,player,646,0,0,516.16,303.66,578.46,437.76,11
3,player,647,0,0,518.08,303.08,580.38,437.18,11
3,player,648,0,0,519.99,302.51,582.29,436.6,11
3,player,649,0,0,521.91,301.93,584.21,436.03,11
3,player,650,0,0,523.82,301.35,586.12,435.45,11
3,player,651,0,0,525.74,300.78,588.04,434.88,11
3,player,652,0,0,527.65,300.2,589.95,434.3,11
3,player,653,0,0,529.57,299.63,591.87,433.72,11
3,player,654,0,0,531.48,299.05,593.78,433.15,11
3,player,655,0,0,533.4,298.47,595.7,432.57,11
3,player,656,0,0,535.31,297.9,597.61,431.99,11
3,player,657,0,0,537.23,297.32,599.53,431.42,11
3,player,658,0,0,539.14,296.74,601.44,430.84,11
3,player,659,0,0,541.06,296.17,603.36,430.26,11
3,player,660,0,0,542.97,295.59,605.27,429.69,11
3,player,661,0,0,544.89,295.01,607.18,429.11,11
3,player,662,0,0,546.8,294.44,609.1,428.54,11
3,player,663,0,0,548.72,293.86,611.01,427.96,11
3,player,664,0,0,550.63,293.29,612.93,427.38,11
3,player,665,0,0,552.55,292.71,614.84,426.81,11
3,player,666,0,0,554.46,292.13,616.76,426.23,11
3,player,667,0,0,556.38,291.56,618.67,425.65,11
3,player,668,0,0,558.29,290.98,620.59,425.08,11
3,player,669,0,0,560.21,290.4,622.5,424.5,11
3,player,670,0,0,562.12,289.83,624.42,423.92,11
3,player,671,0,0,564.04,289.25,626.33,423.35,11
3,player,672,0,0,565.95,288.67,628.25,422.77,11
3,player,673,0,0,567.87,288.1,630.16,422.2,11
3,player,674,0,0,569.78,287.52,632.08,421.62,11
3,player,675,0,0,571.7,286.95,633.99,421.04,11
3,player,676,0,0,573.61,286.37,635.91,420.47,11
3,player,677,0,0,575.53,285.79,637.82,419.89,11
3,player,678,0,0,577.44,285.22,639.74,419.31,11
3,player,679,0,0,579.36,284.64,641.65,418.74,11
3,player,680,0,0,581.27,284.06,643.57,418.16,11
3,player,681,0,0,583.19,283.49,645.48,417.58,11
3,player,682,0,0,585.1,282.91,647.4,417.01,11
3,player,683,0,0,587.02,282.33,649.31,416.43,11
3,player,684,0,0,588.93,281.76,651.23,415.86,11
3,player,685,0,0,590.85,281.18,653.14,415.28,11
3,player,686,0,0,592.76,280.61,655.06,414.7,11
3,player,687,0,0,594.68,280.03,656.97,414.13,11
3,player,688,0,0,596.59,279.45,658.89,413.55,11
3,player,689,0,0,598.51,278.88,660.8,412.97,11
3,player,690,0,0,600.42,278.3,662.72,412.4,11
3,player,691,0,0,602.34,277.72,664.63,411.82,11
3,player,692,0,0,604.25,277.15,666.55,411.24,11
3,player,693,0,0,606.17,276.57,668.46,410.67,11
3,player,694,0,0,608.08,275.99,670.38,410.09,11
3,player,695,0,0,610.0,275.42,672.29,409.52,11
3,player,696,0,0,611.91,274.84,674.21,408.94,11
3,player,697,0,0,613.83,274.27,676.12,408.36,11
3,player,698,0,0,615.74,273.69,678.04,407.79,11
3,player,699,0,0,617.66,273.11,679.95,407.21,11
3,player,700,0,0,619.57,272.54,681.87,406.63,11
3,player,701,0,0,621.49,271.96,683.78,406.06,11
3,player,702,0,0,616.5,271.25,678.8,405.34,11
3,player,703,0,0,611.51,270.53,673.81,404.63,11
3,player,704,0,0,606.52,269.82,668.82,403.92,11
3,player,705,0,0,601.53,269.11,663.83,403.21,11
3,player,706,0,0,596.54,268.4,658.84,402.49,11
3,player,707,0,0,591.56,267.68,653.85,401.78,11
3,player,708,0,0,586.57,266.97,648.86,401.07,11
3,player,709,0,0,581.58,266.26,643.87,400.36,11
3,player,710,0,0,576.59,265.55,638.88,399.64,11
3,player,711,0,0,571.6,264.83,633.9,398.93,11
3,player,712,0,0,566.61,264.12,628.91,398.22,11
3,player,713,0,0,561.62,263.41,623.92,397.51,11
3,player,714,0,0,557.35,264.69,619.64,398.79,11
3,player,715,0,0,553.07,265.97,615.37,400.07,11
3,player,716,0,0,548.79,267.26,611.09,401.35,11
3,player,717,0,0,544.52,268.54,606.81,402.64,11
3,player,718,0,0,540.24,269.82,602.54,403.92,11
3,player,719,0,0,535.97,271.11,598.26,405.2,11
3,player,720,0,0,531.69,272.39,593.98,406.49,11
3,player,721,0,0,527.41,273.67,589.71,407.77,11
3,player,722,0,0,523.14,274.95,585.43,409.05,11
3,player,723,0,0,518.86,276.24,581.16,410.33,11
3,player,724,0,0,515.36,277.01,577.65,411.11,11
3,player,725,0,0,511.85,277.78,574.15,411.88,11
3,player,726,0,0,508.35,278.56,570.65,412.66,11
3,player,727,0,0,504.85,279.33,567.15,413.43,11
3,player,728,0,0,501.35,280.1,563.64,414.2,11
3,player,729,0,0,497.84,280.88,560.14,414.98,11
3,player,730,0,0,494.34,281.65,556.64,415.75,11
3,player,731,0,0,490.84,282.42,553.13,416.52,11
3,player,732,0,0,487.34,283.2,549.63,417.3,11
3,player,733,0,0,483.83,283.97,546.13,418.07,11
3,player,734,0,0,480.33,284.74,542.63,418.84,11
3,player,735,0,0,476.83,285.52,539.12,419.62,11
3,player,736,0,0,473.32,286.29,535.62,420.39,11
3,player,737,0,0,469.82,287.06,532.12,421.16,11
3,player,738,0,0,466.32,287.84,528.61,421.94,11
3,player,739,0,0,462.82,288.61,525.11,422.71,11
3,player,740,0,0,459.31,289.38,521.61,423.48,11
3,player,741,0,0,455.81,290.16,518.11,424.26,11
3,player,742,0,0,452.31,290.93,514.6,425.03,11
3,player,743,0,0,448.8,291.7,511.1,425.8,11
3,player,744,0,0,445.3,292.48,507.6,426.58,11
3,player,745,0,0,441.8,293.25,504.09,427.35,11
3,player,746,0,0,438.3,294.02,500.59,428.12,11
3,player,747,0,0,434.79,294.8,497.09,428.9,11
3,player,748,0,0,431.29,295.57,493.59,429.67,11
3,player,749,0,0,427.79,296.34,490.08,430.44,11
3,player,750,0,0,424.28,297.12,486.58,431.22,11
3,player,751,0,0,420.78,297.89,483.08,431.99,11
3,player,752,0,0,417.28,298.66,479.57,432.76,11
3,player,753,0,0,413.78,299.44,476.07,433.54,11
3,player,754,0,0,410.27,300.21,472.57,434.31,11
3,player,755,0,0,406.77,300.98,469.07,435.08,11
3,player,756,0,0,403.27,301.76,465.56,435.86,11
3,player,757,0,0,399.76,302.53,462.06,436.63,11
3,player,758,0,0,396.26,303.3,458.56,437.4,11
3,player,759,0,0,392.76,304.08,455.06,438.18,11
3,player,760,0,0,389.26,304.85,451.55,438.95,11
3,player,761,0,0,385.75,305.62,448.05,439.72,11
3,player,762,0,0,382.25,306.4,444.55,440.5,11
3,player,763,0,0,378.75,307.17,441.04,441.27,11
3,player,764,0,0,375.25,307.94,437.54,442.04,11
3,player,765,0,0,371.74,308.72,434.04,442.82,11
3,player,766,0,0,368.24,309.49,430.54,443.59,11
3,player,767,0,0,364.74,310.26,427.03,444.36,11
3,player,768,0,0,361.23,311.04,423.53,445.14,11
3,player,769,0,0,357.73,311.81,420.03,445.91,11
3,player,770,0,0,354.23,312.58,416.52,446.68,11
3,player,771,0,0,355.37,314.72,417.66,448.82,11
3,player,772,0,0,356.51,316.86,418.81,450.96,11
3,player,773,0,0,357.65,319.0,419.95,453.1,11
3,player,774,0,0,358.79,321.14,421.09,455.23,11
3,player,775,0,0,359.93,323.28,422.23,457.37,11
3,player,776,0,0,361.07,325.41,423.37,459.51,11
3,player,777,0,0,362.21,327.55,424.51,461.65,11
3,player,778,0,0,363.35,329.69,425.65,463.79,11
3,player,779,0,0,364.49,331.83,426.79,465.93,11
3,player,780,0,0,365.63,333.97,427.93,468.06,11
3,player,781,0,0,366.77,336.1,429.07,470.2,11
3,player,782,0,0,367.91,338.24,430.21,472.34,11
3,player,783,0,0,369.05,340.38,431.35,474.48,11
3,player,784,0,0,370.19,342.52,432.49,476.62,11
3,player,785,0,0,371.33,344.66,433.63,478.75,11
3,player,786,0,0,380.23,345.38,442.52,479.48,11
3,player,787,0,0,389.12,346.11,451.42,480.21,11
3,player,788,0,0,398.02,346.84,460.31,480.93,11
3,player,789,0,0,406.91,347.56,469.21,481.66,11
3,player,790,0,0,415.81,348.29,478.1,482.39,11
3,player,791,0,0,424.7,349.02,487.0,483.12,11
3,player,792,0,0,433.6,349.74,495.89,483.84,11
3,player,793,0,0,442.49,350.47,504.79,484.57,11
3,player,794,0,0,451.38,351.2,513.68,485.3,11
3,player,795,0,0,460.28,351.93,522.57,486.02,11
3,player,796,0,0,469.17,352.65,531.47,486.75,11
3,player,797,0,0,478.07,353.38,540.36,487.48,11
3,player,798,0,0,486.96,354.11,549.26,488.2,11
3,player,799,0,0,495.86,354.83,558.15,488.93,11
3,player,800,0,0,504.75,355.56,567.05,489.66,11
3,player,801,0,0,513.64,356.29,575.94,490.39,11
3,player,802,0,0,522.54,357.01,584.84,491.11,11
3,player,803,0,0,531.43,357.74,593.73,491.84,11
3,player,804,0,0,540.33,358.47,602.62,492.57,11
3,player,805,0,0,549.22,359.2,611.52,493.29,11
3,player,806,0,0,558.12,359.92,620.41,494.02,11
3,player,807,0,0,567.01,360.65,629.31,494.75,11
3,player,808,0,0,575.91,361.38,638.2,495.47,11
3,player,809,0,0,584.8,362.1,647.1,496.2,11
3,player,810,0,0,593.69,362.83,655.99,496.93,11
3,player,811,0,0,602.59,363.56,664.89,497.65,11
3,player,812,0,0,611.48,364.28,673.78,498.38,11
3,player,813,0,0,620.38,365.01,682.67,499.11,11
3,player,814,0,0,629.27,365.74,691.57,499.84,11
3,player,815,0,0,638.17,366.46,700.46,500.56,11
3,player,816,0,0,647.06,367.19,709.36,501.29,11
3,player,817,0,0,655.96,367.92,718.25,502.02,11
3,player,818,0,0,664.85,368.65,727.15,502.74,11
3,player,819,0,0,673.74,369.37,736.04,503.47,11
3,player,820,0,0,682.64,370.1,744.94,504.2,11
3,player,821,0,0,691.53,370.83,753.83,504.92,11
3,player,822,0,0,700.43,371.55,762.72,505.65,11
3,player,823,0,0,709.32,372.28,771.62,506.38,11
3,player,824,0,0,718.22,373.01,780.51,507.11,11
3,player,825,0,0,727.11,373.73,789.41,507.83,11
3,player,826,0,0,736.01,374.46,798.3,508.56,11
3,player,827,0,0,744.9,375.19,807.2,509.29,11
3,player,828,0,0,753.79,375.92,816.09,510.01,11
3,player,829,0,0,762.69,376.64,824.98,510.74,11
3,player,830,0,0,771.58,377.37,833.88,511.47,11
3,player,831,0,0,780.48,378.1,842.77,512.19,11
3,player,832,0,0,789.37,378.82,851.67,512.92,11
3,player,833,0,0,798.27,379.55,860.56,513.65,11
3,player,834,0,0,807.16,380.28,869.46,514.37,11
3,player,835,0,0,816.06,381.0,878.35,515.1,11
3,player,836,0,0,823.48,380.55,885.78,514.65,11
3,player,837,0,0,830.91,380.1,893.21,514.2,11
3,player,838,0,0,838.34,379.65,900.63,513.75,11
3,player,839,0,0,845.76,379.2,908.06,513.3,11
3,player,840,0,0,853.19,378.75,915.49,512.85,11
3,player,841,0,0,860.62,378.3,922.91,512.4,11
3,player,842,0,0,868.04,377.85,930.34,511.95,11
3,player,843,0,0,875.47,377.4,937.77,511.5,11
3,player,844,0,0,882.9,376.95,945.19,511.05,11
3,player,845,0,0,890.33,376.5,952.62,510.6,11
3,player,846,0,0,897.75,376.05,960.05,510.15,11
3,player,847,0,0,905.18,375.6,967.48,509.7,11
3,player,848,0,0,912.61,375.15,974.9,509.25,11
3,player,849,0,0,920.03,374.7,982.33,508.8,11
3,player,850,0,0,927.46,374.25,989.76,508.35,11
3,player,851,0,0,934.89,373.8,997.18,507.9,11
3,player,852,0,0,942.31,373.35,1004.61,507.45,11
3,player,853,0,0,949.74,372.9,1012.04,507.0,11
3,player,854,0,0,957.17,372.45,1019.46,506.55,11
3,player,855,0,0,958.09,374.13,1020.38,508.23,11
3,player,856,0,0,959.0,375.81,1021.3,509.91,11
3,player,857,0,0,959.92,377.49,1022.21,511.59,11
3,player,858,0,0,960.83,379.17,1023.13,513.27,11
3,player,859,0,0,961.75,380.85,1024.05,514.95,11
3,player,860,0,0,962.67,382.53,1024.96,516.63,11
3,player,861,0,0,963.58,384.21,1025.88,518.31,11
3,player,862,0,0,964.5,385.89,1026.8,519.99,11
3,player,863,0,0,965.42,387.57,1027.71,521.67,11
3,player,864,0,0,966.33,389.25,1028.63,523.35,11
3,player,865,0,0,967.25,390.93,1029.54,525.03,11
3,player,866,0,0,968.16,392.61,1030.46,526.71,11
3,player,867,0,0,969.08,394.29,1031.38,528.39,11
3,player,868,0,0,970.0,395.97,1032.29,530.07,11
3,player,869,0,0,968.93,397.31,1031.22,531.4,11
3,player,870,0,0,967.86,398.64,1030.15,532.74,11
3,player,871,0,0,966.79,399.98,1029.09,534.08,11
3,player,872,0,0,965.72,401.32,1028.02,535.41,11
3,player,873,0,0,964.65,402.65,1026.95,536.75,11
3,player,874,0,0,963.58,403.99,1025.88,538.09,11
3,player,875,0,0,962.51,405.32,1024.81,539.42,11
3,player,876,0,0,961.44,406.66,1023.74,540.76,11
3,player,877,0,0,961.44,406.66,1023.74,540.76,11
3,player,878,0,0,961.44,406.66,1023.74,540.76,11
3,player,879,0,0,961.44,406.66,1023.74,540.76,11
3,player,880,0,0,961.44,406.66,1023.74,540.76,11
3,player,881,0,0,961.44,406.66,1023.74,540.76,11
3,player,882,0,0,961.44,406.66,1023.74,540.76,11
3,player,883,0,0,961.44,406.66,1023.74,540.76,11
3,player,884,0,0,961.44,406.66,1023.74,540.76,11
3,player,885,0,0,961.44,406.66,1023.74,540.76,11
3,player,886,0,0,961.44,406.66,1023.74,540.76,11
3,player,887,0,0,961.44,406.66,1023.74,540.76,11
3,player,888,0,0,961.44,406.66,1023.74,540.76,11
3,player,889,0,0,961.44,406.66,1023.74,540.76,11
3,player,890,0,0,961.44,406.66,1023.74,540.76,11
3,player,891,0,0,961.44,406.66,1023.74,540.76,11
3,player,892,0,0,961.44,406.66,1023.74,540.76,11
3,player,893,0,0,961.44,406.66,1023.74,540.76,11
3,player,894,0,0,961.44,406.66,1023.74,540.76,11
3,player,895,0,0,961.44,406.66,1023.74,540.76,11
3,player,896,0,0,961.44,406.66,1023.74,540.76,11
3,player,897,0,0,961.44,406.66,1023.74,540.76,11
3,player,898,0,0,961.44,406.66,1023.74,540.76,11
3,player,899,0,0,961.44,406.66,1023.74,540.76,11
4,player,18,0,0,197.7,310.78,276.6,444.88,16
4,player,19,0,0,195.45,310.78,274.35,444.88,16
4,player,20,0,0,193.2,310.78,272.09,444.88,16
4,player,21,0,0,190.94,310.78,269.84,444.88,16
4,player,22,0,0,188.69,310.78,267.59,444.88,16
4,player,23,0,0,186.44,310.78,265.33,444.88,16
4,player,24,0,0,184.18,310.78,263.08,444.88,16
4,player,25,0,0,181.93,310.78,260.82,444.88,16
4,player,26,0,0,179.68,310.78,258.57,444.88,16
4,player,27,0,0,177.42,310.78,256.32,444.88,16
4,player,28,0,0,178.51,311.62,257.4,445.72,16
4,player,29,0,0,179.59,312.47,258.49,446.57,16
4,player,30,0,0,180.68,313.31,259.58,447.41,16
4,player,31,0,0,181.77,314.16,260.66,448.26,16
4,player,32,0,0,182.85,315.0,261.75,449.1,16
4,player,33,0,0,183.94,315.85,262.84,449.95,16
4,player,34,0,0,185.03,316.69,263.92,450.79,16
4,player,35,0,0,186.11,317.54,265.01,451.64,16
4,player,36,0,0,187.2,318.38,266.1,452.48,16
4,player,37,0,0,188.29,319.23,267.18,453.33,16
4,player,38,0,0,189.37,320.07,268.27,454.17,16
4,player,39,0,0,190.46,320.92,269.36,455.02,16
4,player,40,0,0,191.55,321.76,270.44,455.86,16
4,player,41,0,0,192.63,322.61,271.53,456.71,16
4,player,42,0,0,193.72,323.46,272.62,457.55,16
4,player,43,0,0,194.81,324.3,273.7,458.4,16
4,player,44,0,0,195.89,325.15,274.79,459.24,16
4,player,45,0,0,196.98,325.99,275.87,460.09,16
4,player,46,0,0,198.07,326.84,276.96,460.93,16
4,player,47,0,0,199.15,327.68,278.05,461.78,16
4,player,48,0,0,200.24,328.53,279.13,462.62,16
4,player,49,0,0,204.46,328.53,283.36,462.62,16
4,player,50,0,0,208.69,328.53,287.58,462.62,16
4,player,51,0,0,212.91,328.53,291.81,462.62,16
4,player,52,0,0,217.14,328.53,296.04,462.62,16
4,player,53,0,0,221.36,328.53,300.26,462.62,16
4,player,54,0,0,225.59,328.53,304.49,462.62,16
4,player,55,0,0,229.82,328.53,308.71,462.62,16
4,player,56,0,0,234.04,328.53,312.94,462.62,16
4,player,57,0,0,238.27,328.53,317.16,462.62,16
4,player,58,0,0,242.49,328.53,321.39,462.62,16
4,player,59,0,0,246.72,328.53,325.61,462.62,16
4,player,60,0,0,250.94,328.53,329.84,462.62,16
4,player,61,0,0,255.17,328.53,334.06,462.62,16
4,player,62,0,0,259.39,328.53,338.29,462.62,16
4,player,63,0,0,263.62,328.53,342.51,462.62,16
4,player,64,0,0,270.14,327.44,349.03,461.54,16
4,player,65,0,0,276.66,326.35,355.55,460.45,16
4,player,66,0,0,283.18,325.27,362.07,459.36,16
4,player,67,0,0,289.69,324.18,368.59,458.28,16
4,player,68,0,0,296.21,323.09,375.11,457.19,16
4,player,69,0,0,302.73,322.01,381.63,456.1,16
4,player,70,0,0,309.25,320.92,388.15,455.02,16
4,player,71,0,0,314.55,320.0,393.45,454.1,16
4,player,72,0,0,319.85,319.08,398.75,453.17,16
4,player,73,0,0,325.15,318.15,404.05,452.25,16
4,player,74,0,0,330.46,317.23,409.35,451.33,16
4,player,75,0,0,335.76,316.31,414.65,450.41,16
4,player,76,0,0,341.06,315.39,419.95,449.49,16
4,player,77,0,0,346.36,314.47,425.25,448.56,16
4,player,78,0,0,351.66,313.54,430.56,447.64,16
4,player,79,0,0,356.96,312.62,435.86,446.72,16
4,player,80,0,0,362.26,311.7,441.16,445.8,16
4,player,81,0,0,367.56,310.78,446.46,444.88,16
4,player,82,0,0,374.66,312.81,453.56,446.91,16
4,player,83,0,0,381.76,314.84,460.66,448.93,16
4,player,84,0,0,388.86,316.86,467.75,450.96,16
4,player,85,0,0,395.96,318.89,474.85,452.99,16
4,player,86,0,0,403.05,320.92,481.95,455.02,16
4,player,87,0,0,405.47,321.61,484.37,455.71,16
4,player,88,0,0,407.89,322.3,486.79,456.4,16
4,player,89,0,0,410.31,322.99,489.21,457.09,16
4,player,90,0,0,412.73,323.69,491.63,457.78,16
4,player,91,0,0,415.15,324.38,494.05,458.47,16
4,player,92,0,0,417.57,325.07,496.47,459.17,16
4,player,93,0,0,419.99,325.76,498.89,459.86,16
4,player,94,0,0,422.41,326.45,501.31,460.55,16
4,player,95,0,0,424.83,327.14,503.73,461.24,16
4,player,96,0,0,427.25,327.83,506.15,461.93,16
4,player,97,0,0,429.67,328.53,508.57,462.62,16
4,player,98,0,0,432.09,329.22,510.99,463.31,16
4,player,99,0,0,434.51,329.91,513.41,464.01,16
4,player,100,0,0,436.93,330.6,515.83,464.7,16
4,player,101,0,0,439.35,331.29,518.25,465.39,16
4,player,102,0,0,441.77,331.98,520.67,466.08,16
4,player,103,0,0,444.19,332.67,523.09,466.77,16
4,player,104,0,0,446.61,333.37,525.51,467.46,16
4,player,105,0,0,449.03,334.06,527.93,468.15,16
4,player,106,0,0,451.45,334.75,530.35,468.85,16
4,player,107,0,0,453.87,335.44,532.77,469.54,16
4,player,108,0,0,456.29,336.13,535.19,470.23,16
4,player,109,0,0,458.2,335.71,537.09,469.81,16
4,player,110,0,0,460.1,335.29,538.99,469.38,16
4,player,111,0,0,462.0,334.86,540.89,468.96,16
4,player,112,0,0,463.9,334.44,542.8,468.54,16
4,player,113,0,0,465.8,334.02,544.7,468.12,16
4,player,114,0,0,467.7,333.6,546.6,467.69,16
4,player,115,0,0,469.6,333.17,548.5,467.27,16
4,player,116,0,0,471.5,332.75,550.4,466.85,16
4,player,117,0,0,473.41,332.33,552.3,466.43,16
4,player,118,0,0,475.31,331.91,554.2,466.0,16
4,player,119,0,0,477.21,331.48,556.1,465.58,16
4,player,120,0,0,479.11,331.06,558.01,465.16,16
4,player,121,0,0,479.38,328.66,558.27,462.76,16
4,player,122,0,0,479.64,326.26,558.54,460.35,16
4,player,123,0,0,479.91,323.86,558.81,457.95,16
4,player,124,0,0,480.18,321.45,559.07,455.55,16
4,player,125,0,0,480.44,319.05,559.34,453.15,16
4,player,126,0,0,480.71,316.65,559.61,450.75,16
4,player,127,0,0,480.98,314.25,559.87,448.35,16
4,player,128,0,0,481.25,311.85,560.14,445.94,16
4,player,129,0,0,481.51,309.44,560.41,443.54,16
4,player,130,0,0,481.78,307.04,560.67,441.14,16
4,player,131,0,0,482.05,304.64,560.94,438.74,16
4,player,132,0,0,482.31,302.24,561.21,436.34,16
4,player,133,0,0,482.58,299.84,561.48,433.94,16
4,player,134,0,0,482.85,297.44,561.74,431.53,16
4,player,135,0,0,483.11,295.03,562.01,429.13,16
4,player,136,0,0,483.38,292.63,562.28,426.73,16
4,player,137,0,0,483.65,290.23,562.54,424.33,16
4,player,138,0,0,483.91,287.83,562.81,421.93,16
4,player,139,0,0,484.18,285.43,563.08,419.52,16
4,player,140,0,0,490.66,286.84,569.56,420.93,16
4,player,141,0,0,497.14,288.24,576.03,422.34,16
4,player,142,0,0,503.62,289.65,582.51,423.75,16
4,player,143,0,0,510.1,291.06,588.99,425.16,16
4,player,144,0,0,516.57,292.47,595.47,426.57,16
4,player,145,0,0,523.05,293.88,601.95,427.97,16
4,player,146,0,0,529.53,295.29,608.43,429.38,16
4,player,147,0,0,536.01,296.69,614.91,430.79,16
4,player,148,0,0,542.49,298.1,621.39,432.2,16
4,player,149,0,0,545.81,297.71,624.7,431.81,16
4,player,150,0,0,549.12,297.32,628.02,431.42,16
4,player,151,0,0,552.44,296.93,631.33,431.03,16
4,player,152,0,0,555.75,296.54,634.65,430.64,16
4,player,153,0,0,559.07,296.15,637.96,430.25,16
4,player,154,0,0,562.38,295.76,641.28,429.86,16
4,player,155,0,0,565.7,295.37,644.59,429.47,16
4,player,156,0,0,569.01,294.98,647.91,429.08,16
4,player,157,0,0,572.33,294.59,651.22,428.69,16
4,player,158,0,0,575.64,294.2,654.54,428.3,16
4,player,159,0,0,578.96,293.81,657.85,427.91,16
4,player,160,0,0,582.27,293.42,661.17,427.52,16
4,player,161,0,0,585.59,293.03,664.48,427.13,16
4,player,162,0,0,588.9,292.64,667.8,426.74,16
4,player,163,0,0,592.22,292.25,671.12,426.35,16
4,player,164,0,0,595.53,291.86,674.43,425.96,16
4,player,165,0,0,598.85,291.47,677.75,425.57,16
4,player,166,0,0,602.17,291.08,681.06,425.18,16
4,player,167,0,0,605.48,290.69,684.38,424.79,16
4,player,168,0,0,608.8,290.3,687.69,424.4,16
4,player,169,0,0,612.11,289.91,691.01,424.01,16
4,player,170,0,0,615.43,289.52,694.32,423.62,16
4,player,171,0,0,618.74,289.13,697.64,423.23,16
4,player,172,0,0,622.06,288.74,700.95,422.84,16
4,player,173,0,0,625.37,288.35,704.27,422.45,16
4,player,174,0,0,628.69,287.96,707.58,422.06,16
4,player,175,0,0,637.07,288.35,715.97,422.45,16
4,player,176,0,0,645.46,288.74,724.35,422.84,16
4,player,177,0,0,653.84,289.13,732.74,423.23,16
4,player,178,0,0,662.23,289.52,741.13,423.62,16
4,player,179,0,0,670.62,289.91,749.51,424.01,16
4,player,180,0,0,679.0,290.3,757.9,424.4,16
4,player,181,0,0,687.39,290.69,766.28,424.79,16
4,player,182,0,0,695.77,291.08,774.67,425.18,16
4,player,183,0,0,704.16,291.47,783.06,425.57,16
4,player,184,0,0,712.54,291.86,791.44,425.96,16
4,player,185,0,0,720.93,292.25,799.83,426.35,16
4,player,186,0,0,729.32,292.64,808.21,426.74,16
4,player,187,0,0,737.7,293.03,816.6,427.13,16
4,player,188,0,0,752.91,285.43,831.81,419.52,16
4,player,189,0,0,778.27,285.43,857.16,419.52,16
4,player,190,0,0,788.41,287.96,867.3,422.06,16
4,player,191,0,0,797.53,287.96,876.43,422.06,16
4,player,192,0,0,806.66,287.96,885.56,422.06,16
4,player,193,0,0,815.79,287.96,894.68,422.06,16
4,player,194,0,0,824.91,287.96,903.81,422.06,16
4,player,195,0,0,834.04,287.96,912.94,422.06,16
4,player,196,0,0,839.21,287.25,918.11,421.35,16
4,player,197,0,0,844.38,286.54,923.28,420.64,16
4,player,198,0,0,849.56,285.83,928.45,419.93,16
4,player,199,0,0,854.73,285.12,933.62,419.22,16
4,player,200,0,0,859.9,284.41,938.8,418.51,16
4,player,201,0,0,865.07,283.7,943.97,417.8,16
4,player,202,0,0,870.24,282.99,949.14,417.09,16
4,player,203,0,0,875.41,282.28,954.31,416.38,16
4,player,204,0,0,880.59,281.57,959.48,415.67,16
4,player,205,0,0,885.76,280.86,964.65,414.96,16
4,player,206,0,0,890.93,280.15,969.83,414.25,16
4,player,207,0,0,896.1,279.44,975.0,413.54,16
4,player,208,0,0,901.27,278.73,980.17,412.83,16
4,player,209,0,0,906.45,278.02,985.34,412.12,16
4,player,210,0,0,911.62,277.31,990.51,411.41,16
4,player,211,0,0,916.79,276.6,995.69,410.7,16
4,player,212,0,0,921.96,275.89,1000.86,409.99,16
4,player,213,0,0,927.13,275.18,1006.03,409.28,16
4,player,214,0,0,932.3,274.47,1011.2,408.57,16
4,player,215,0,0,937.48,273.77,1016.37,407.86,16
4,player,216,0,0,942.65,273.06,1021.54,407.15,16
4,player,217,0,0,947.82,272.35,1026.72,406.44,16
4,player,218,0,0,952.99,271.64,1031.89,405.73,16
4,player,219,0,0,958.16,270.93,1037.06,405.02,16
4,player,220,0,0,963.34,270.22,1042.23,404.31,16
4,player,221,0,0,966.45,268.72,1045.34,402.82,16
4,player,222,0,0,969.56,267.22,1048.45,401.32,16
4,player,223,0,0,972.67,265.72,1051.57,399.82,16
4,player,224,0,0,975.78,264.22,1054.68,398.32,16
4,player,225,0,0,978.89,262.73,1057.79,396.82,16
4,player,226,0,0,982.0,261.23,1060.9,395.32,16
4,player,227,0,0,985.12,259.73,1064.01,393.83,16
4,player,228,0,0,988.23,258.23,1067.12,392.33,16
4,player,229,0,0,991.34,256.73,1070.23,390.83,16
4,player,230,0,0,994.45,255.23,1073.35,389.33,16
4,player,231,0,0,997.56,253.74,1076.46,387.83,16
4,player,232,0,0,1000.67,252.24,1079.57,386.34,16
4,player,233,0,0,1003.78,250.74,1082.68,384.84,16
4,player,234,0,0,1006.9,249.24,1085.79,383.34,16
4,player,235,0,0,1010.01,247.74,1088.9,381.84,16
4,player,236,0,0,1013.12,246.25,1092.01,380.34,16
4,player,237,0,0,1016.23,244.75,1095.13,378.85,16
4,player,238,0,0,1019.34,243.25,1098.24,377.35,16
4,player,239,0,0,1022.45,241.75,1101.35,375.85,16
4,player,240,0,0,1025.56,240.25,1104.46,374.35,16
4,player,241,0,0,1028.67,238.76,1107.57,372.85,16
4,player,242,0,0,1031.79,237.26,1110.68,371.36,16
4,player,243,0,0,1030.34,236.71,1109.23,370.81,16
4,player,244,0,0,1028.89,236.17,1107.78,370.27,16
4,player,245,0,0,1027.44,235.63,1106.34,369.73,16
4,player,246,0,0,1025.99,235.08,1104.89,369.18,16
4,player,247,0,0,1024.54,234.54,1103.44,368.64,16
4,player,248,0,0,1023.09,234.0,1101.99,368.1,16
4,player,249,0,0,1021.65,233.45,1100.54,367.55,16
4,player,250,0,0,1020.2,232.91,1099.09,367.01,16
4,player,251,0,0,1018.75,232.37,1097.64,366.47,16
4,player,252,0,0,1017.3,231.82,1096.2,365.92,16
4,player,253,0,0,1015.85,231.28,1094.75,365.38,16
4,player,254,0,0,1014.4,230.74,1093.3,364.84,16
4,player,255,0,0,1012.95,230.2,1091.85,364.29,16
4,player,256,0,0,1011.5,229.65,1090.4,363.75,16
4,player,257,0,0,1010.06,229.11,1088.95,363.21,16
4,player,258,0,0,1008.61,228.57,1087.5,362.66,16
4,player,259,0,0,1007.16,228.02,1086.05,362.12,16
4,player,260,0,0,1005.71,227.48,1084.61,361.58,16
4,player,261,0,0,1004.26,226.94,1083.16,361.03,16
4,player,262,0,0,1002.81,226.39,1081.71,360.49,16
4,player,263,0,0,1001.36,225.85,1080.26,359.95,16
4,player,264,0,0,999.91,225.31,1078.81,359.4,16
4,player,265,0,0,998.47,224.76,1077.36,358.86,16
4,player,266,0,0,997.02,224.22,1075.91,358.32,16
4,player,267,0,0,995.57,223.68,1074.46,357.77,16
4,player,268,0,0,994.12,223.13,1073.02,357.23,16
4,player,269,0,0,992.67,222.59,1071.57,356.69,16
4,player,270,0,0,991.22,222.05,1070.12,356.14,16
4,player,271,0,0,986.49,222.55,1065.39,356.65,16
4,player,272,0,0,981.76,223.06,1060.65,357.16,16
4,player,273,0,0,977.03,223.57,1055.92,357.66,16
4,player,274,0,0,972.29,224.07,1051.19,358.17,16
4,player,275,0,0,967.56,224.58,1046.46,358.68,16
4,player,276,0,0,962.83,225.09,1041.72,359.19,16
4,player,277,0,0,958.1,225.6,1036.99,359.69,16
4,player,278,0,0,953.36,226.1,1032.26,360.2,16
4,player,279,0,0,948.63,226.61,1027.53,360.71,16
4,player,280,0,0,943.9,227.12,1022.79,361.21,16
4,player,281,0,0,939.17,227.62,1018.06,361.72,16
4,player,282,0,0,934.43,228.13,1013.33,362.23,16
4,player,283,0,0,929.7,228.64,1008.6,362.73,16
4,player,284,0,0,924.97,229.14,1003.86,363.24,16
4,player,285,0,0,920.24,229.65,999.13,363.75,16
4,player,286,0,0,917.01,230.48,995.91,364.58,16
4,player,287,0,0,913.78,231.31,992.68,365.41,16
4,player,288,0,0,910.56,232.14,989.45,366.24,16
4,player,289,0,0,907.33,232.97,986.23,367.07,16
4,player,290,0,0,904.1,233.8,983.0,367.9,16
4,player,291,0,0,900.88,234.63,979.77,368.73,16
4,player,292,0,0,897.65,235.46,976.55,369.56,16
4,player,293,0,0,894.42,236.29,973.32,370.39,16
4,player,294,0,0,891.2,237.12,970.09,371.22,16
4,player,295,0,0,887.97,237.95,966.87,372.05,16
4,player,296,0,0,884.74,238.78,963.64,372.88,16
4,player,297,0,0,881.52,239.61,960.41,373.71,16
4,player,298,0,0,878.29,240.44,957.19,374.54,16
4,player,299,0,0,875.06,241.27,953.96,375.36,16
4,player,300,0,0,871.84,242.1,950.73,376.19,16
4,player,301,0,0,868.61,242.93,947.51,377.02,16
4,player,302,0,0,865.38,243.76,944.28,377.85,16
4,player,303,0,0,862.16,244.59,941.05,378.68,16
4,player,304,0,0,858.93,245.42,937.83,379.51,16
4,player,305,0,0,855.7,246.25,934.6,380.34,16
4,player,306,0,0,852.48,247.08,931.37,381.17,16
4,player,307,0,0,849.25,247.9,928.15,382.0,16
4,player,308,0,0,846.02,248.73,924.92,382.83,16
4,player,309,0,0,842.8,249.56,921.69,383.66,16
4,player,310,0,0,839.57,250.39,918.47,384.49,16
4,player,311,0,0,836.34,251.22,915.24,385.32,16
4,player,312,0,0,833.12,252.05,912.01,386.15,16
4,player,313,0,0,829.89,252.88,908.79,386.98,16
4,player,314,0,0,826.66,253.71,905.56,387.81,16
4,player,315,0,0,823.44,254.54,902.33,388.64,16
4,player,316,0,0,820.21,255.37,899.11,389.47,16
4,player,317,0,0,816.98,256.2,895.88,390.3,16
4,player,318,0,0,813.76,257.03,892.65,391.13,16
4,player,319,0,0,810.53,257.86,889.43,391.96,16
4,player,320,0,0,807.3,258.69,886.2,392.79,16
4,player,321,0,0,804.08,259.52,882.97,393.62,16
4,player,322,0,0,800.85,260.35,879.75,394.45,16
4,player,323,0,0,797.62,261.18,876.52,395.28,16
4,player,324,0,0,794.4,262.01,873.29,396.11,16
4,player,325,0,0,791.17,262.84,870.07,396.94,16
4,player,326,0,0,787.94,263.67,866.84,397.77,16
4,player,327,0,0,784.72,264.5,863.61,398.6,16
4,player,328,0,0,781.49,265.33,860.39,399.43,16
4,player,329,0,0,778.26,266.16,857.16,400.26,16
4,player,330,0,0,775.04,266.99,853.93,401.09,16
4,player,331,0,0,771.81,267.82,850.71,401.92,16
4,player,332,0,0,768.58,268.65,847.48,402.75,16
4,player,333,0,0,765.36,269.48,844.25,403.57,16
4,player,334,0,0,762.13,270.31,841.03,404.4,16
4,player,335,0,0,758.9,271.14,837.8,405.23,16
4,player,336,0,0,755.68,271.97,834.57,406.06,16
4,player,337,0,0,752.45,272.8,831.35,406.89,16
4,player,338,0,0,749.22,273.63,828.12,407.72,16
4,player,339,0,0,746.0,274.46,824.89,408.55,16
4,player,340,0,0,742.77,275.29,821.67,409.38,16
4,player,341,0,0,742.03,275.92,820.93,410.02,16
4,player,342,0,0,741.29,276.55,820.19,410.65,16
4,player,343,0,0,740.55,277.19,819.45,411.28,16
4,player,344,0,0,739.81,277.82,818.71,411.92,16
4,player,345,0,0,739.07,278.45,817.97,412.55,16
4,player,346,0,0,738.33,279.09,817.23,413.19,16
4,player,347,0,0,737.6,279.72,816.49,413.82,16
4,player,348,0,0,736.86,280.36,815.75,414.45,16
4,player,349,0,0,736.12,280.99,815.01,415.09,16
4,player,350,0,0,735.38,281.62,814.27,415.72,16
4,player,351,0,0,734.64,282.26,813.53,416.35,16
4,player,352,0,0,733.9,282.89,812.79,416.99,16
4,player,353,0,0,733.16,283.52,812.05,417.62,16
4,player,354,0,0,732.42,284.16,811.31,418.26,16
4,player,355,0,0,731.68,284.79,810.58,418.89,16
4,player,356,0,0,730.94,285.43,809.84,419.52,16
4,player,357,0,0,730.2,286.06,809.1,420.16,16
4,player,358,0,0,729.46,286.69,808.36,420.79,16
4,player,359,0,0,728.72,287.33,807.62,421.42,16
4,player,360,0,0,727.98,287.96,806.88,422.06,16
4,player,361,0,0,727.24,288.59,806.14,422.69,16
4,player,362,0,0,726.5,289.23,805.4,423.33,16
4,player,363,0,0,725.76,289.86,804.66,423.96,16
4,player,364,0,0,725.02,290.5,803.92,424.59,16
4,player,365,0,0,725.53,291.34,804.43,425.44,16
4,player,366,0,0,726.04,292.19,804.93,426.28,16
4,player,367,0,0,726.55,293.03,805.44,427.13,16
4,player,368,0,0,727.05,293.88,805.95,427.97,16
4,player,369,0,0,727.56,294.72,806.46,428.82,16
4,player,370,0,0,728.07,295.57,806.96,429.66,16
4,player,371,0,0,728.57,296.41,807.47,430.51,16
4,player,372,0,0,729.08,297.26,807.98,431.35,16
4,player,373,0,0,729.59,298.1,808.48,432.2,16
4,player,374,0,0,730.09,298.95,808.99,433.04,16
4,player,375,0,0,730.6,299.79,809.5,433.89,16
4,player,376,0,0,731.11,300.64,810.0,434.73,16
4,player,377,0,0,731.62,301.48,810.51,435.58,16
4,player,378,0,0,732.12,302.33,811.02,436.42,16
4,player,379,0,0,732.63,303.17,811.53,437.27,16
4,player,380,0,0,733.14,304.02,812.03,438.11,16
4,player,381,0,0,733.64,304.86,812.54,438.96,16
4,player,382,0,0,734.15,305.71,813.05,439.8,16
4,player,383,0,0,734.66,306.55,813.55,440.65,16
4,player,384,0,0,735.17,307.4,814.06,441.49,16
4,player,385,0,0,735.67,308.24,814.57,442.34,16
4,player,386,0,0,736.18,309.09,815.08,443.18,16
4,player,387,0,0,736.69,309.93,815.58,444.03,16
4,player,388,0,0,737.19,310.78,816.09,444.88,16
4,player,389,0,0,737.7,311.62,816.6,445.72,16
4,player,390,0,0,738.21,312.47,817.1,446.57,16
4,player,391,0,0,738.71,313.31,817.61,447.41,16
4,player,392,0,0,739.22,314.16,818.12,448.26,16
4,player,393,0,0,739.73,315.0,818.62,449.1,16
4,player,394,0,0,740.24,315.85,819.13,449.95,16
4,player,395,0,0,742.77,319.02,821.67,453.11,16
4,player,396,0,0,745.31,322.19,824.2,456.28,16
4,player,397,0,0,747.84,325.35,826.74,459.45,16
4,player,398,0,0,750.38,328.52,829.27,462.62,16
4,player,399,0,0,752.91,331.69,831.81,465.79,16
4,player,400,0,0,755.45,334.86,834.34,468.96,16
4,player,401,0,0,757.98,338.03,836.88,472.13,16
4,player,402,0,0,760.52,341.2,839.41,475.3,16
4,player,403,0,0,764.52,342.13,843.42,476.23,16
4,player,404,0,0,768.52,343.07,847.42,477.16,16
4,player,405,0,0,772.53,344.0,851.42,478.1,16
4,player,406,0,0,776.53,344.94,855.43,479.03,16
4,player,407,0,0,780.53,345.87,859.43,479.97,16
4,player,408,0,0,784.54,346.8,863.43,480.9,16
4,player,409,0,0,788.54,347.74,867.43,481.83,16
4,player,410,0,0,792.54,348.67,871.44,482.77,16
4,player,411,0,0,796.54,349.61,875.44,483.7,16
4,player,412,0,0,800.55,350.54,879.44,484.64,16
4,player,413,0,0,804.55,351.47,883.45,485.57,16
4,player,414,0,0,808.55,352.41,887.45,486.5,16
4,player,415,0,0,812.56,353.34,891.45,487.44,16
4,player,416,0,0,816.56,354.28,895.46,488.37,16
4,player,417,0,0,820.56,355.21,899.46,489.31,16
4,player,418,0,0,824.57,356.14,903.46,490.24,16
4,player,419,0,0,828.57,357.08,907.46,491.17,16
4,player,420,0,0,832.57,358.01,911.47,492.11,16
4,player,421,0,0,836.57,358.95,915.47,493.04,16
4,player,422,0,0,845.22,360.63,924.11,494.72,16
4,player,423,0,0,853.86,362.31,932.75,496.4,16
4,player,424,0,0,862.5,363.99,941.39,498.08,16
4,player,425,0,0,871.14,365.67,950.03,499.76,16
4,player,426,0,0,879.78,367.35,958.67,501.44,16
4,player,427,0,0,888.42,369.03,967.32,503.12,16
4,player,428,0,0,897.06,370.71,975.96,504.8,16
4,player,429,0,0,905.7,372.39,984.6,506.48,16
4,player,430,0,0,914.34,374.07,993.24,508.16,16
4,player,431,0,0,922.98,375.75,1001.88,509.84,16
4,player,432,0,0,931.62,377.43,1010.52,511.52,16
4,player,433,0,0,940.27,379.11,1019.16,513.21,16
4,player,434,0,0,942.76,379.42,1021.65,513.52,16
4,player,435,0,0,945.25,379.73,1024.14,513.83,16
4,player,436,0,0,947.74,380.04,1026.63,514.14,16
4,player,437,0,0,950.23,380.35,1029.12,514.45,16
4,player,438,0,0,952.72,380.66,1031.62,514.76,16
4,player,439,0,0,955.21,380.98,1034.11,515.07,16
4,player,440,0,0,957.7,381.29,1036.6,515.38,16
4,player,441,0,0,960.19,381.6,1039.09,515.7,16
4,player,442,0,0,962.68,381.91,1041.58,516.01,16
4,player,443,0,0,965.17,382.22,1044.07,516.32,16
4,player,444,0,0,967.66,382.53,1046.56,516.63,16
4,player,445,0,0,970.15,382.84,1049.05,516.94,16
4,player,446,0,0,972.65,383.15,1051.54,517.25,16
4,player,447,0,0,975.14,383.47,1054.03,517.56,16
4,player,448,0,0,977.63,383.78,1056.52,517.88,16
4,player,449,0,0,980.12,384.09,1059.01,518.19,16
4,player,450,0,0,982.61,384.4,1061.5,518.5,16
4,player,451,0,0,985.1,384.71,1063.99,518.81,16
4,player,452,0,0,987.59,385.02,1066.49,519.12,16
4,player,453,0,0,990.08,385.33,1068.98,519.43,16
4,player,454,0,0,992.57,385.65,1071.47,519.74,16
4,player,455,0,0,995.06,385.96,1073.96,520.05,16
4,player,456,0,0,997.55,386.27,1076.45,520.37,16
4,player,457,0,0,1000.04,386.58,1078.94,520.68,16
4,player,458,0,0,1002.53,386.89,1081.43,520.99,16
4,player,459,0,0,1005.02,387.2,1083.92,521.3,16
4,player,460,0,0,1007.52,387.51,1086.41,521.61,16
4,player,461,0,0,1010.01,387.83,1088.9,521.92,16
4,player,462,0,0,1012.5,388.14,1091.39,522.23,16
4,player,463,0,0,1014.99,388.45,1093.88,522.55,16
4,player,464,0,0,1017.48,388.76,1096.37,522.86,16
4,player,465,0,0,1019.97,389.07,1098.86,523.17,16
4,player,466,0,0,1022.46,389.38,1101.36,523.48,16
4,player,467,0,0,1024.95,389.69,1103.85,523.79,16
4,player,468,0,0,1027.44,390.0,1106.34,524.1,16
4,player,469,0,0,1029.93,390.32,1108.83,524.41,16
4,player,470,0,0,1032.42,390.63,1111.32,524.73,16
4,player,471,0,0,1034.91,390.94,1113.81,525.04,16
4,player,472,0,0,1037.4,391.25,1116.3,525.35,16
4,player,473,0,0,1039.89,391.56,1118.79,525.66,16
4,player,474,0,0,1042.39,391.87,1121.28,525.97,16
4,player,475,0,0,1044.88,392.18,1123.77,526.28,16
4,player,476,0,0,1047.37,392.5,1126.26,526.59,16
4,player,477,0,0,1049.86,392.81,1128.75,526.9,16
4,player,478,0,0,1052.35,393.12,1131.24,527.22,16
4,player,479,0,0,1054.84,393.43,1133.74,527.53,16
4,player,480,0,0,1057.33,393.74,1136.23,527.84,16
4,player,481,0,0,1059.82,394.05,1138.72,528.15,16
4,player,482,0,0,1062.31,394.36,1141.21,528.46,16
4,player,483,0,0,1064.8,394.68,1143.7,528.77,16
4,player,484,0,0,1067.29,394.99,1146.19,529.08,16
4,player,485,0,0,1069.78,395.3,1148.68,529.4,16
4,player,486,0,0,1072.27,395.61,1151.17,529.71,16
4,player,487,0,0,1074.77,395.92,1153.66,530.02,16
4,player,488,0,0,1077.26,396.23,1156.15,530.33,16
4,player,489,0,0,1079.75,396.54,1158.64,530.64,16
4,player,490,0,0,1082.24,396.85,1161.13,530.95,16
4,player,491,0,0,1080.47,396.41,1159.36,530.51,16
4,player,492,0,0,1078.7,395.97,1157.59,530.07,16
4,player,493,0,0,1076.93,395.53,1155.82,529.63,16
4,player,494,0,0,1075.16,395.09,1154.06,529.18,16
4,player,495,0,0,1073.39,394.64,1152.29,528.74,16
4,player,496,0,0,1071.62,394.2,1150.52,528.3,16
4,player,497,0,0,1069.85,393.76,1148.75,527.86,16
4,player,498,0,0,1068.08,393.32,1146.98,527.41,16
4,player,499,0,0,1066.31,392.87,1145.21,526.97,16
4,player,500,0,0,1064.54,392.43,1143.44,526.53,16
4,player,501,0,0,1062.77,391.99,1141.67,526.09,16
4,player,502,0,0,1061.0,391.55,1139.9,525.64,16
4,player,503,0,0,1059.23,391.1,1138.13,525.2,16
4,player,504,0,0,1057.46,390.66,1136.36,524.76,16
4,player,505,0,0,1055.7,390.22,1134.59,524.32,16
4,player,506,0,0,1053.93,389.78,1132.82,523.87,16
4,player,507,0,0,1052.16,389.33,1131.05,523.43,16
4,player,508,0,0,1050.39,388.89,1129.28,522.99,16
4,player,509,0,0,1048.62,388.45,1127.51,522.55,16
4,player,510,0,0,1046.85,388.01,1125.74,522.11,16
4,player,511,0,0,1045.08,387.57,1123.97,521.66,16
4,player,512,0,0,1043.31,387.12,1122.2,521.22,16
4,player,513,0,0,1041.54,386.68,1120.44,520.78,16
4,player,514,0,0,1039.77,386.24,1118.67,520.34,16
4,player,515,0,0,1038.0,385.8,1116.9,519.89,16
4,player,516,0,0,1036.23,385.35,1115.13,519.45,16
4,player,517,0,0,1034.46,384.91,1113.36,519.01,16
4,player,518,0,0,1032.69,384.47,1111.59,518.57,16
4,player,519,0,0,1030.92,384.03,1109.82,518.12,16
4,player,520,0,0,1028.78,382.01,1107.68,516.1,16
4,player,521,0,0,1026.65,379.99,1105.54,514.09,16
4,player,522,0,0,1024.51,377.97,1103.4,512.07,16
4,player,523,0,0,1022.37,375.95,1101.27,510.05,16
4,player,524,0,0,1020.23,373.93,1099.13,508.03,16
4,player,525,0,0,1018.09,371.91,1096.99,506.01,16
4,player,526,0,0,1015.96,369.89,1094.85,503.99,16
4,player,527,0,0,1013.82,367.87,1092.71,501.97,16
4,player,528,0,0,1011.68,365.85,1090.58,499.95,16
4,player,529,0,0,1009.54,363.83,1088.44,497.93,16
4,player,530,0,0,1007.4,361.81,1086.3,495.91,16
4,player,531,0,0,1005.27,359.8,1084.16,493.89,16
4,player,532,0,0,1003.13,357.78,1082.02,491.87,16
4,player,533,0,0,1000.99,355.76,1079.89,489.85,16
4,player,534,0,0,998.85,353.74,1077.75,487.84,16
4,player,535,0,0,996.71,351.72,1075.61,485.82,16
4,player,536,0,0,994.58,349.7,1073.47,483.8,16
4,player,537,0,0,992.44,347.68,1071.33,481.78,16
4,player,538,0,0,988.52,347.68,1067.41,481.78,16
4,player,539,0,0,984.6,347.68,1063.49,481.78,16
4,player,540,0,0,980.68,347.68,1059.57,481.78,16
4,player,541,0,0,976.76,347.68,1055.65,481.78,16
4,player,542,0,0,972.84,347.68,1051.73,481.78,16
4,player,543,0,0,968.92,347.68,1047.81,481.78,16
4,player,544,0,0,965.34,347.23,1044.23,481.33,16
4,player,545,0,0,961.76,346.78,1040.65,480.88,16
4,player,546,0,0,958.18,346.34,1037.07,480.43,16
4,player,547,0,0,954.6,345.89,1033.49,479.99,16
4,player,548,0,0,951.02,345.44,1029.91,479.54,16
4,player,549,0,0,947.44,344.99,1026.33,479.09,16
4,player,550,0,0,943.86,344.55,1022.75,478.64,16
4,player,551,0,0,940.28,344.1,1019.17,478.2,16
4,player,552,0,0,936.7,343.65,1015.59,477.75,16
4,player,553,0,0,933.12,343.2,1012.01,477.3,16
4,player,554,0,0,929.54,342.76,1008.43,476.85,16
4,player,555,0,0,925.96,342.31,1004.85,476.41,16
4,player,556,0,0,922.38,341.86,1001.27,475.96,16
4,player,557,0,0,918.8,341.41,997.69,475.51,16
4,player,558,0,0,915.22,340.97,994.11,475.06,16
4,player,559,0,0,911.64,340.52,990.53,474.62,16
4,player,560,0,0,908.06,340.07,986.95,474.17,16
4,player,561,0,0,904.48,339.62,983.37,473.72,16
4,player,562,0,0,900.9,339.18,979.79,473.27,16
4,player,563,0,0,897.32,338.73,976.21,472.83,16
4,player,564,0,0,893.74,338.28,972.63,472.38,16
4,player,565,0,0,890.16,337.83,969.05,471.93,16
4,player,566,0,0,886.58,337.39,965.47,471.48,16
4,player,567,0,0,883.0,336.94,961.89,471.04,16
4,player,568,0,0,879.42,336.49,958.31,470.59,16
4,player,569,0,0,875.84,336.04,954.73,470.14,16
4,player,570,0,0,872.26,335.6,951.15,469.69,16
4,player,571,0,0,868.68,335.15,947.57,469.25,16
4,player,572,0,0,865.1,334.7,943.99,468.8,16
4,player,573,0,0,861.52,334.25,940.41,468.35,16
4,player,574,0,0,857.94,333.81,936.83,467.9,16
4,player,575,0,0,854.36,333.36,933.25,467.46,16
4,player,576,0,0,850.78,332.91,929.67,467.01,16
4,player,577,0,0,847.2,332.46,926.09,466.56,16
4,player,578,0,0,843.62,332.02,922.51,466.11,16
4,player,579,0,0,840.04,331.57,918.93,465.67,16
4,player,580,0,0,836.46,331.12,915.35,465.22,16
4,player,581,0,0,832.88,330.67,911.77,464.77,16
4,player,582,0,0,829.3,330.23,908.19,464.32,16
4,player,583,0,0,825.72,329.78,904.61,463.88,16
4,player,584,0,0,822.14,329.33,901.03,463.43,16
4,player,585,0,0,818.56,328.88,897.45,462.98,16
4,player,586,0,0,814.98,328.44,893.87,462.53,16
4,player,587,0,0,816.39,328.03,895.29,462.13,16
4,player,588,0,0,817.8,327.62,896.7,461.72,16
4,player,589,0,0,819.22,327.21,898.11,461.31,16
4,player,590,0,0,820.63,326.8,899.52,460.9,16
4,player,591,0,0,822.04,326.39,900.94,460.49,16
4,player,592,0,0,823.45,325.98,902.35,460.08,16
4,player,593,0,0,824.87,325.57,903.76,459.67,16
4,player,594,0,0,826.28,325.16,905.18,459.26,16
4,player,595,0,0,827.69,324.76,906.59,458.85,16
4,player,596,0,0,829.11,324.35,908.0,458.44,16
4,player,597,0,0,830.52,323.94,909.42,458.03,16
4,player,598,0,0,831.93,323.53,910.83,457.63,16
4,player,599,0,0,833.35,323.12,912.24,457.22,16
4,player,600,0,0,834.76,322.71,913.65,456.81,16
4,player,601,0,0,836.17,322.3,915.07,456.4,16
4,player,602,0,0,837.58,321.89,916.48,455.99,16
4,player,603,0,0,839.0,321.48,917.89,455.58,16
4,player,604,0,0,840.41,321.07,919.31,455.17,16
4,player,605,0,0,841.82,320.67,920.72,454.76,16
4,player,606,0,0,843.24,320.26,922.13,454.35,16
4,player,607,0,0,844.65,319.85,923.55,453.94,16
4,player,608,0,0,846.06,319.44,924.96,453.54,16
4,player,609,0,0,847.48,319.03,926.37,453.13,16
4,player,610,0,0,848.89,318.62,927.78,452.72,16
4,player,611,0,0,850.3,318.21,929.2,452.31,16
4,player,612,0,0,851.71,317.8,930.61,451.9,16
4,player,613,0,0,853.13,317.39,932.02,451.49,16
4,player,614,0,0,854.54,316.98,933.44,451.08,16
4,player,615,0,0,855.95,316.57,934.85,450.67,16
4,player,616,0,0,857.37,316.17,936.26,450.26,16
4,player,617,0,0,858.78,315.76,937.68,449.85,16
4,player,618,0,0,860.19,315.35,939.09,449.45,16
4,player,619,0,0,861.61,314.94,940.5,449.04,16
4,player,620,0,0,863.02,314.53,941.91,448.63,16
4,player,621,0,0,864.43,314.12,943.33,448.22,16
4,player,622,0,0,865.84,313.71,944.74,447.81,16
4,player,623,0,0,867.26,313.3,946.15,447.4,16
4,player,624,0,0,868.67,312.89,947.57,446.99,16
4,player,625,0,0,870.08,312.48,948.98,446.58,16
4,player,626,0,0,871.5,312.08,950.39,446.17,16
4,player,627,0,0,872.91,311.67,951.81,445.76,16
4,player,628,0,0,874.32,311.26,953.22,445.36,16
4,player,629,0,0,875.74,310.85,954.63,444.95,16
4,player,630,0,0,877.15,310.44,956.04,444.54,16
4,player,631,0,0,878.56,310.03,957.46,444.13,16
4,player,632,0,0,879.97,309.62,958.87,443.72,16
4,player,633,0,0,881.39,309.21,960.28,443.31,16
4,player,634,0,0,882.8,308.8,961.7,442.9,16
4,player,635,0,0,884.21,308.39,963.11,442.49,16
4,player,636,0,0,885.63,307.99,964.52,442.08,16
4,player,637,0,0,887.04,307.58,965.94,441.67,16
4,player,638,0,0,888.45,307.17,967.35,441.26,16
4,player,639,0,0,889.87,306.76,968.76,440.86,16
4,player,640,0,0,891.28,306.35,970.17,440.45,16
4,player,641,0,0,892.69,305.94,971.59,440.04,16
4,player,642,0,0,894.1,305.53,973.0,439.63,16
4,player,643,0,0,895.52,305.12,974.41,439.22,16
4,player,644,0,0,896.93,304.71,975.83,438.81,16
4,player,645,0,0,898.34,304.3,977.24,438.4,16
4,player,646,0,0,899.76,303.89,978.65,437.99,16
4,player,647,0,0,901.17,303.49,980.07,437.58,16
4,player,648,0,0,902.58,303.08,981.48,437.17,16
4,player,649,0,0,904.0,302.67,982.89,436.77,16
4,player,650,0,0,905.41,302.26,984.3,436.36,16
4,player,651,0,0,906.82,301.85,985.72,435.95,16
4,player,652,0,0,908.23,301.44,987.13,435.54,16
4,player,653,0,0,909.65,301.03,988.54,435.13,16
4,player,654,0,0,911.06,300.62,989.96,434.72,16
4,player,655,0,0,912.47,300.21,991.37,434.31,16
4,player,656,0,0,913.89,299.8,992.78,433.9,16
4,player,657,0,0,915.3,299.4,994.19,433.49,16
4,player,658,0,0,916.71,298.99,995.61,433.08,16
4,player,659,0,0,918.13,298.58,997.02,432.68,16
4,player,660,0,0,919.54,298.17,998.43,432.27,16
4,player,661,0,0,920.95,297.76,999.85,431.86,16
4,player,662,0,0,922.36,297.35,1001.26,431.45,16
4,player,663,0,0,923.78,296.94,1002.67,431.04,16
4,player,664,0,0,925.19,296.53,1004.09,430.63,16
4,player,665,0,0,926.6,296.12,1005.5,430.22,16
4,player,666,0,0,928.02,295.71,1006.91,429.81,16
4,player,667,0,0,929.43,295.31,1008.32,429.4,16
4,player,668,0,0,930.84,294.9,1009.74,428.99,16
4,player,669,0,0,932.25,294.49,1011.15,428.58,16
4,player,670,0,0,933.67,294.08,1012.56,428.18,16
4,player,671,0,0,935.08,293.67,1013.98,427.77,16
4,player,672,0,0,936.49,293.26,1015.39,427.36,16
4,player,673,0,0,937.91,292.85,1016.8,426.95,16
4,player,674,0,0,939.32,292.44,1018.22,426.54,16
4,player,675,0,0,940.73,292.03,1019.63,426.13,16
4,player,676,0,0,942.15,291.62,1021.04,425.72,16
4,player,677,0,0,943.56,291.22,1022.45,425.31,16
4,player,678,0,0,944.97,290.81,1023.87,424.9,16
4,player,679,0,0,946.38,290.4,1025.28,424.49,16
4,player,680,0,0,947.8,289.99,1026.69,424.09,16
4,player,681,0,0,949.21,289.58,1028.11,423.68,16
4,player,682,0,0,950.62,289.17,1029.52,423.27,16
4,player,683,0,0,952.04,288.76,1030.93,422.86,16
4,player,684,0,0,953.45,288.35,1032.35,422.45,16
4,player,685,0,0,954.86,287.94,1033.76,422.04,16
4,player,686,0,0,956.28,287.53,1035.17,421.63,16
4,player,687,0,0,957.69,287.12,1036.58,421.22,16
4,player,688,0,0,959.1,286.72,1038.0,420.81,16
4,player,689,0,0,960.51,286.31,1039.41,420.4,16
4,player,690,0,0,961.93,285.9,1040.82,420.0,16
4,player,691,0,0,963.34,285.49,1042.24,419.59,16
4,player,692,0,0,964.75,285.08,1043.65,419.18,16
4,player,693,0,0,966.17,284.67,1045.06,418.77,16
4,player,694,0,0,967.58,284.26,1046.48,418.36,16
4,player,695,0,0,968.99,283.85,1047.89,417.95,16
4,player,696,0,0,970.41,283.44,1049.3,417.54,16
4,player,697,0,0,971.82,283.03,1050.71,417.13,16
4,player,698,0,0,973.23,282.63,1052.13,416.72,16
4,player,699,0,0,974.64,282.22,1053.54,416.31,16
4,player,700,0,0,976.06,281.81,1054.95,415.91,16
4,player,701,0,0,977.47,281.4,1056.37,415.5,16
4,player,702,0,0,968.56,280.33,1047.46,414.43,16
4,player,703,0,0,959.65,279.26,1038.55,413.36,16
4,player,704,0,0,950.74,278.19,1029.64,412.29,16
4,player,705,0,0,941.84,277.12,1020.73,411.22,16
4,player,706,0,0,932.93,276.05,1011.82,410.15,16
4,player,707,0,0,924.02,274.98,1002.91,409.08,16
4,player,708,0,0,915.11,273.91,994.01,408.01,16
4,player,709,0,0,906.2,272.85,985.1,406.94,16
4,player,710,0,0,897.29,271.78,976.19,405.87,16
4,player,711,0,0,888.38,270.71,967.28,404.81,16
4,player,712,0,0,879.48,269.64,958.37,403.74,16
4,player,713,0,0,870.57,268.57,949.46,402.67,16
4,player,714,0,0,862.87,268.57,941.77,402.67,16
4,player,715,0,0,855.17,268.57,934.07,402.67,16
4,player,716,0,0,847.48,268.57,926.37,402.67,16
4,player,717,0,0,839.78,268.57,918.67,402.67,16
4,player,718,0,0,832.08,268.57,910.98,402.67,16
4,player,719,0,0,824.38,268.57,903.28,402.67,16
4,player,720,0,0,816.69,268.57,895.58,402.67,16
4,player,721,0,0,808.99,268.57,887.89,402.67,16
4,player,722,0,0,801.29,268.57,880.19,402.67,16
4,player,723,0,0,793.6,268.57,872.49,402.67,16
4,player,724,0,0,787.86,269.84,866.76,403.94,16
4,player,725,0,0,782.13,271.12,861.03,405.21,16
4,player,726,0,0,776.4,272.39,855.3,406.49,16
4,player,727,0,0,770.67,273.66,849.56,407.76,16
4,player,728,0,0,764.94,274.94,843.83,409.04,16
4,player,729,0,0,759.2,276.21,838.1,410.31,16
4,player,730,0,0,753.47,277.49,832.37,411.58,16
4,player,731,0,0,747.74,278.76,826.64,412.86,16
4,player,732,0,0,742.01,280.03,820.9,414.13,16
4,player,733,0,0,736.28,281.31,815.17,415.4,16
4,player,734,0,0,730.54,282.58,809.44,416.68,16
4,player,735,0,0,724.81,283.85,803.71,417.95,16
4,player,736,0,0,719.08,285.13,797.98,419.23,16
4,player,737,0,0,713.35,286.4,792.24,420.5,16
4,player,738,0,0,707.62,287.68,786.51,421.77,16
4,player,739,0,0,701.89,288.95,780.78,423.05,16
4,player,740,0,0,696.15,290.22,775.05,424.32,16
4,player,741,0,0,690.42,291.5,769.32,425.59,16
4,player,742,0,0,684.69,292.77,763.59,426.87,16
4,player,743,0,0,678.96,294.04,757.85,428.14,16
4,player,744,0,0,673.23,295.32,752.12,429.42,16
4,player,745,0,0,667.49,296.59,746.39,430.69,16
4,player,746,0,0,661.76,297.87,740.66,431.96,16
4,player,747,0,0,656.03,299.14,734.93,433.24,16
4,player,748,0,0,650.3,300.41,729.19,434.51,16
4,player,749,0,0,644.57,301.69,723.46,435.78,16
4,player,750,0,0,638.83,302.96,717.73,437.06,16
4,player,751,0,0,633.1,304.23,712.0,438.33,16
4,player,752,0,0,627.37,305.51,706.27,439.61,16
4,player,753,0,0,621.64,306.78,700.53,440.88,16
4,player,754,0,0,615.91,308.06,694.8,442.15,16
4,player,755,0,0,610.17,309.33,689.07,443.43,16
4,player,756,0,0,604.44,310.6,683.34,444.7,16
4,player,757,0,0,598.71,311.88,677.61,445.97,16
4,player,758,0,0,592.98,313.15,671.88,447.25,16
4,player,759,0,0,587.25,314.42,666.14,448.52,16
4,player,760,0,0,581.52,315.7,660.41,449.8,16
4,player,761,0,0,575.78,316.97,654.68,451.07,16
4,player,762,0,0,570.05,318.25,648.95,452.34,16
4,player,763,0,0,564.32,319.52,643.22,453.62,16
4,player,764,0,0,558.59,320.79,637.48,454.89,16
4,player,765,0,0,552.86,322.07,631.75,456.16,16
4,player,766,0,0,547.12,323.34,626.02,457.44,16
4,player,767,0,0,541.39,324.61,620.29,458.71,16
4,player,768,0,0,535.66,325.89,614.56,459.99,16
4,player,769,0,0,529.93,327.16,608.82,461.26,16
4,player,770,0,0,524.2,328.44,603.09,462.53,16
4,player,771,0,0,523.2,330.72,602.09,464.81,16
4,player,772,0,0,522.2,333.0,601.1,467.09,16
4,player,773,0,0,521.2,335.28,600.1,469.38,16
4,player,774,0,0,520.21,337.56,599.1,471.66,16
4,player,775,0,0,519.21,339.84,598.1,473.94,16
4,player,776,0,0,518.21,342.12,597.11,476.22,16
4,player,777,0,0,517.21,344.4,596.11,478.5,16
4,player,778,0,0,516.21,346.68,595.11,480.78,16
4,player,779,0,0,515.22,348.96,594.11,483.06,16
4,player,780,0,0,514.22,351.24,593.11,485.34,16
4,player,781,0,0,513.22,353.52,592.12,487.62,16
4,player,782,0,0,512.22,355.8,591.12,489.9,16
4,player,783,0,0,511.23,358.08,590.12,492.18,16
4,player,784,0,0,510.23,360.36,589.12,494.46,16
4,player,785,0,0,509.23,362.64,588.13,496.74,16
4,player,786,0,0,511.88,363.24,590.78,497.34,16
4,player,787,0,0,514.53,363.84,593.43,497.94,16
4,player,788,0,0,517.18,364.44,596.08,498.54,16
4,player,789,0,0,519.83,365.04,598.73,499.14,16
4,player,790,0,0,522.49,365.64,601.38,499.74,16
4,player,791,0,0,525.14,366.24,604.03,500.33,16
4,player,792,0,0,527.79,366.84,606.68,500.93,16
4,player,793,0,0,530.44,367.43,609.34,501.53,16
4,player,794,0,0,533.09,368.03,611.99,502.13,16
4,player,795,0,0,535.74,368.63,614.64,502.73,16
4,player,796,0,0,538.39,369.23,617.29,503.33,16
4,player,797,0,0,541.04,369.83,619.94,503.93,16
4,player,798,0,0,543.7,370.43,622.59,504.52,16
4,player,799,0,0,546.35,371.03,625.24,505.12,16
4,player,800,0,0,549.0,371.62,627.89,505.72,16
4,player,801,0,0,551.65,372.22,630.54,506.32,16
4,player,802,0,0,554.3,372.82,633.2,506.92,16
4,player,803,0,0,556.95,373.42,635.85,507.52,16
4,player,804,0,0,559.6,374.02,638.5,508.12,16
4,player,805,0,0,562.25,374.62,641.15,508.72,16
4,player,806,0,0,564.9,375.22,643.8,509.31,16
4,player,807,0,0,567.56,375.81,646.45,509.91,16
4,player,808,0,0,570.21,376.41,649.1,510.51,16
4,player,809,0,0,572.86,377.01,651.75,511.11,16
4,player,810,0,0,575.51,377.61,654.41,511.71,16
4,player,811,0,0,578.16,378.21,657.06,512.31,16
4,player,812,0,0,580.81,378.81,659.71,512.91,16
4,player,813,0,0,583.46,379.41,662.36,513.5,16
4,player,814,0,0,586.11,380.01,665.01,514.1,16
4,player,815,0,0,588.77,380.6,667.66,514.7,16
4,player,816,0,0,591.42,381.2,670.31,515.3,16
4,player,817,0,0,594.07,381.8,672.96,515.9,16
4,player,818,0,0,596.72,382.4,675.62,516.5,16
4,player,819,0,0,599.37,383.0,678.27,517.1,16
4,player,820,0,0,602.02,383.6,680.92,517.7,16
4,player,821,0,0,604.67,384.2,683.57,518.29,16
4,player,822,0,0,607.32,384.79,686.22,518.89,16
4,player,823,0,0,609.98,385.39,688.87,519.49,16
4,player,824,0,0,612.63,385.99,691.52,520.09,16
4,player,825,0,0,615.28,386.59,694.17,520.69,16
4,player,826,0,0,617.93,387.19,696.83,521.29,16
4,player,827,0,0,620.58,387.79,699.48,521.89,16
4,player,828,0,0,623.23,388.39,702.13,522.48,16
4,player,829,0,0,625.88,388.99,704.78,523.08,16
4,player,830,0,0,628.53,389.58,707.43,523.68,16
4,player,831,0,0,631.19,390.18,710.08,524.28,16
4,player,832,0,0,633.84,390.78,712.73,524.88,16
4,player,833,0,0,636.49,391.38,715.38,525.48,16
4,player,834,0,0,639.14,391.98,718.03,526.08,16
4,player,835,0,0,641.79,392.58,720.69,526.67,16
4,player,836,0,0,643.37,393.93,722.26,528.03,16
4,player,837,0,0,644.94,395.28,723.84,529.38,16
4,player,838,0,0,646.52,396.63,725.41,530.73,16
4,player,839,0,0,648.09,397.98,726.99,532.08,16
4,player,840,0,0,649.67,399.33,728.56,533.43,16
4,player,841,0,0,651.24,400.68,730.14,534.78,16
4,player,842,0,0,652.82,402.03,731.71,536.13,16
4,player,843,0,0,654.39,403.38,733.29,537.48,16
4,player,844,0,0,655.97,404.73,734.87,538.83,16
4,player,845,0,0,657.54,406.08,736.44,540.18,16
4,player,846,0,0,659.12,407.43,738.02,541.53,16
4,player,847,0,0,660.7,408.78,739.59,542.88,16
4,player,848,0,0,662.27,410.13,741.17,544.23,16
4,player,849,0,0,663.85,411.48,742.74,545.58,16
4,player,850,0,0,665.42,412.83,744.32,546.93,16
4,player,851,0,0,667.0,414.18,745.89,548.28,16
4,player,852,0,0,668.57,415.53,747.47,549.63,16
4,player,853,0,0,670.15,416.88,749.04,550.98,16
4,player,854,0,0,671.72,418.23,750.62,552.33,16
4,player,855,0,0,668.36,417.47,747.26,551.57,16
4,player,856,0,0,665.0,416.71,743.9,550.8,16
4,player,857,0,0,661.64,415.94,740.54,550.04,16
4,player,858,0,0,658.28,415.18,737.18,549.28,16
4,player,859,0,0,654.92,414.42,733.82,548.51,16
4,player,860,0,0,651.56,413.65,730.46,547.75,16
4,player,861,0,0,648.2,412.89,727.1,546.99,16
4,player,862,0,0,644.84,412.13,723.74,546.22,16
4,player,863,0,0,641.48,411.36,720.38,545.46,16
4,player,864,0,0,638.12,410.6,717.02,544.7,16
4,player,865,0,0,634.77,409.83,713.66,543.93,16
4,player,866,0,0,631.41,409.07,710.3,543.17,16
4,player,867,0,0,628.05,408.31,706.94,542.41,16
4,player,868,0,0,624.69,407.54,703.58,541.64,16
4,player,869,0,0,624.69,407.54,703.58,541.64,16
4,player,870,0,0,624.69,407.54,703.58,541.64,16
4,player,871,0,0,624.69,407.54,703.58,541.64,16
4,player,872,0,0,624.69,407.54,703.58,541.64,16
4,player,873,0,0,624.69,407.54,703.58,541.64,16
4,player,874,0,0,624.69,407.54,703.58,541.64,16
4,player,875,0,0,624.69,407.54,703.58,541.64,16
4,player,876,0,0,624.69,407.54,703.58,541.64,16
4,player,877,0,0,624.69,407.54,703.58,541.64,16
4,player,878,0,0,624.69,407.54,703.58,541.64,16
4,player,879,0,0,624.69,407.54,703.58,541.64,16
4,player,880,0,0,624.69,407.54,703.58,541.64,16
4,player,881,0,0,624.69,407.54,703.58,541.64,16
4,player,882,0,0,624.69,407.54,703.58,541.64,16
4,player,883,0,0,624.69,407.54,703.58,541.64,16
4,player,884,0,0,624.69,407.54,703.58,541.64,16
4,player,885,0,0,624.69,407.54,703.58,541.64,16
4,player,886,0,0,624.69,407.54,703.58,541.64,16
4,player,887,0,0,624.69,407.54,703.58,541.64,16
4,player,888,0,0,624.69,407.54,703.58,541.64,16
4,player,889,0,0,624.69,407.54,703.58,541.64,16
4,player,890,0,0,624.69,407.54,703.58,541.64,16
4,player,891,0,0,624.69,407.54,703.58,541.64,16
4,player,892,0,0,624.69,407.54,703.58,541.64,16
4,player,893,0,0,624.69,407.54,703.58,541.64,16
4,player,894,0,0,624.69,407.54,703.58,541.64,16
4,player,895,0,0,624.69,407.54,703.58,541.64,16
4,player,896,0,0,624.69,407.54,703.58,541.64,16
4,player,897,0,0,624.69,407.54,703.58,541.64,16
4,player,898,0,0,624.69,407.54,703.58,541.64,16
4,player,899,0,0,624.69,407.54,703.58,541.64,16
5,player,18,0,0,287.1,326.56,371.25,460.65,26
5,player,19,0,0,286.77,326.67,370.91,460.77,26
5,player,20,0,0,286.43,326.79,370.57,460.89,26
5,player,21,0,0,286.09,326.9,370.24,461.0,26
5,player,22,0,0,285.75,327.02,369.9,461.12,26
5,player,23,0,0,285.42,327.14,369.56,461.23,26
5,player,24,0,0,285.08,327.25,369.23,461.35,26
5,player,25,0,0,284.74,327.37,368.89,461.47,26
5,player,26,0,0,284.41,327.48,368.55,461.58,26
5,player,27,0,0,284.07,327.6,368.21,461.7,26
5,player,28,0,0,283.73,327.72,367.88,461.81,26
5,player,29,0,0,283.4,327.83,367.54,461.93,26
5,player,30,0,0,283.06,327.95,367.2,462.05,26
5,player,31,0,0,282.72,328.06,366.87,462.16,26
5,player,32,0,0,282.38,328.18,366.53,462.28,26
5,player,33,0,0,282.05,328.3,366.19,462.39,26
5,player,34,0,0,286.27,327.84,370.42,461.94,26
5,player,35,0,0,290.5,327.39,374.64,461.49,26
5,player,36,0,0,294.72,326.93,378.87,461.03,26
5,player,37,0,0,298.94,326.48,383.09,460.58,26
5,player,38,0,0,303.17,326.03,387.31,460.12,26
5,player,39,0,0,307.39,325.57,391.54,459.67,26
5,player,40,0,0,311.62,325.12,395.76,459.22,26
5,player,41,0,0,315.84,324.66,399.99,458.76,26
5,player,42,0,0,320.07,324.21,404.21,458.31,26
5,player,43,0,0,324.29,323.76,408.44,457.85,26
5,player,44,0,0,328.51,323.3,412.66,457.4,26
5,player,45,0,0,332.74,322.85,416.88,456.94,26
5,player,46,0,0,336.96,322.39,421.11,456.49,26
5,player,47,0,0,341.19,321.94,425.33,456.04,26
5,player,48,0,0,345.41,321.48,429.56,455.58,26
5,player,49,0,0,350.65,320.13,434.8,454.23,26
5,player,50,0,0,355.89,318.78,440.04,452.88,26
5,player,51,0,0,361.13,317.43,445.28,451.53,26
5,player,52,0,0,366.37,316.08,450.51,450.17,26
5,player,53,0,0,371.61,314.72,455.75,448.82,26
5,player,54,0,0,376.85,313.37,460.99,447.47,26
5,player,55,0,0,382.09,312.02,466.23,446.12,26
5,player,56,0,0,387.33,310.67,471.47,444.77,26
5,player,57,0,0,392.57,309.32,476.71,443.41,26
5,player,58,0,0,397.81,307.96,481.95,442.06,26
5,player,59,0,0,403.05,306.61,487.19,440.71,26
5,player,60,0,0,408.29,305.26,492.43,439.36,26
5,player,61,0,0,413.52,303.91,497.67,438.0,26
5,player,62,0,0,418.76,302.56,502.91,436.65,26
5,player,63,0,0,424.0,301.2,508.15,435.3,26
5,player,64,0,0,429.07,299.75,513.22,433.85,26
5,player,65,0,0,434.14,298.31,518.29,432.4,26
5,player,66,0,0,439.22,296.86,523.36,430.95,26
5,player,67,0,0,444.29,295.41,528.43,429.51,26
5,player,68,0,0,449.36,293.96,533.5,428.06,26
5,player,69,0,0,454.43,292.51,538.57,426.61,26
5,player,70,0,0,459.5,291.06,543.64,425.16,26
5,player,71,0,0,464.34,290.37,548.48,424.47,26
5,player,72,0,0,469.18,289.68,553.32,423.78,26
5,player,73,0,0,474.02,288.99,558.16,423.08,26
5,player,74,0,0,478.86,288.3,563.0,422.39,26
5,player,75,0,0,483.7,287.6,567.84,421.7,26
5,player,76,0,0,488.54,286.91,572.68,421.01,26
5,player,77,0,0,493.38,286.22,577.52,420.32,26
5,player,78,0,0,498.22,285.53,582.36,419.63,26
5,player,79,0,0,503.06,284.84,587.2,418.94,26
5,player,80,0,0,507.9,284.15,592.04,418.25,26
5,player,81,0,0,512.74,283.46,596.88,417.55,26
5,player,82,0,0,515.78,283.96,599.92,418.06,26
5,player,83,0,0,518.82,284.47,602.97,418.57,26
5,player,84,0,0,521.86,284.98,606.01,419.07,26
5,player,85,0,0,524.91,285.48,609.05,419.58,26
5,player,86,0,0,527.95,285.99,612.09,420.09,26
5,player,87,0,0,528.75,285.42,612.9,419.51,26
5,player,88,0,0,529.56,284.84,613.71,418.94,26
5,player,89,0,0,530.37,284.26,614.51,418.36,26
5,player,90,0,0,531.17,283.69,615.32,417.78,26
5,player,91,0,0,531.98,283.11,616.13,417.21,26
5,player,92,0,0,532.79,282.53,616.93,416.63,26
5,player,93,0,0,533.59,281.96,617.74,416.06,26
5,player,94,0,0,534.4,281.38,618.55,415.48,26
5,player,95,0,0,535.21,280.81,619.35,414.9,26
5,player,96,0,0,536.01,280.23,620.16,414.33,26
5,player,97,0,0,536.82,279.65,620.97,413.75,26
5,player,98,0,0,537.63,279.08,621.77,413.17,26
5,player,99,0,0,538.43,278.5,622.58,412.6,26
5,player,100,0,0,539.24,277.92,623.39,412.02,26
5,player,101,0,0,540.05,277.35,624.19,411.45,26
5,player,102,0,0,540.85,276.77,625.0,410.87,26
5,player,103,0,0,541.66,276.2,625.81,410.29,26
5,player,104,0,0,542.47,275.62,626.61,409.72,26
5,player,105,0,0,543.27,275.04,627.42,409.14,26
5,player,106,0,0,544.08,274.47,628.23,408.57,26
5,player,107,0,0,544.89,273.89,629.03,407.99,26
5,player,108,0,0,545.69,273.32,629.84,407.41,26
5,player,109,0,0,546.12,271.41,630.26,405.51,26
5,player,110,0,0,546.54,269.51,630.68,403.61,26
5,player,111,0,0,546.96,267.61,631.11,401.71,26
5,player,112,0,0,547.38,265.71,631.53,399.81,26
5,player,113,0,0,547.81,263.81,631.95,397.91,26
5,player,114,0,0,548.23,261.91,632.37,396.0,26
5,player,115,0,0,548.65,260.01,632.8,394.1,26
5,player,116,0,0,549.07,258.1,633.22,392.2,26
5,player,117,0,0,549.5,256.2,633.64,390.3,26
5,player,118,0,0,549.92,254.3,634.06,388.4,26
5,player,119,0,0,550.34,252.4,634.49,386.5,26
5,player,120,0,0,550.76,250.5,634.91,384.6,26
5,player,121,0,0,550.9,249.97,635.04,384.06,26
5,player,122,0,0,551.03,249.43,635.18,383.53,26
5,player,123,0,0,551.16,248.9,635.31,383.0,26
5,player,124,0,0,551.3,248.36,635.44,382.46,26
5,player,125,0,0,551.43,247.83,635.58,381.93,26
5,player,126,0,0,551.56,247.3,635.71,381.39,26
5,player,127,0,0,551.7,246.76,635.84,380.86,26
5,player,128,0,0,551.83,246.23,635.98,380.33,26
5,player,129,0,0,551.96,245.7,636.11,379.79,26
5,player,130,0,0,552.1,245.16,636.24,379.26,26
5,player,131,0,0,552.23,244.63,636.38,378.73,26
5,player,132,0,0,552.36,244.09,636.51,378.19,26
5,player,133,0,0,552.5,243.56,636.64,377.66,26
5,player,134,0,0,552.63,243.03,636.78,377.12,26
5,player,135,0,0,552.77,242.49,636.91,376.59,26
5,player,136,0,0,552.9,241.96,637.04,376.06,26
5,player,137,0,0,553.03,241.42,637.18,375.52,26
5,player,138,0,0,553.17,240.89,637.31,374.99,26
5,player,139,0,0,553.3,240.36,637.44,374.46,26
5,player,140,0,0,559.21,239.51,643.36,373.61,26
5,player,141,0,0,565.13,238.67,649.27,372.76,26
5,player,142,0,0,571.05,237.82,655.19,371.92,26
5,player,143,0,0,576.96,236.98,661.11,371.07,26
5,player,144,0,0,582.88,236.13,667.02,370.23,26
5,player,145,0,0,588.79,235.29,672.94,369.38,26
5,player,146,0,0,594.71,234.44,678.85,368.54,26
5,player,147,0,0,600.62,233.6,684.77,367.69,26
5,player,148,0,0,606.54,232.75,690.68,366.85,26
5,player,149,0,0,609.07,232.36,693.22,366.46,26
5,player,150,0,0,611.61,231.97,695.75,366.07,26
5,player,151,0,0,614.14,231.58,698.29,365.68,26
5,player,152,0,0,616.68,231.19,700.82,365.29,26
5,player,153,0,0,619.22,230.8,703.36,364.9,26
5,player,154,0,0,621.75,230.41,705.9,364.51,26
5,player,155,0,0,624.29,230.02,708.43,364.12,26
5,player,156,0,0,626.82,229.63,710.97,363.73,26
5,player,157,0,0,629.36,229.24,713.5,363.34,26
5,player,158,0,0,631.89,228.85,716.04,362.95,26
5,player,159,0,0,634.43,228.46,718.57,362.56,26
5,player,160,0,0,636.96,228.07,721.11,362.17,26
5,player,161,0,0,639.5,227.68,723.64,361.78,26
5,player,162,0,0,642.03,227.29,726.18,361.39,26
5,player,163,0,0,644.57,226.9,728.71,361.0,26
5,player,164,0,0,647.1,226.51,731.25,360.61,26
5,player,165,0,0,649.64,226.12,733.78,360.22,26
5,player,166,0,0,652.17,225.73,736.32,359.83,26
5,player,167,0,0,654.71,225.34,738.85,359.44,26
5,player,168,0,0,657.24,224.95,741.39,359.05,26
5,player,169,0,0,659.78,224.56,743.92,358.66,26
5,player,170,0,0,662.31,224.17,746.46,358.27,26
5,player,171,0,0,664.85,223.78,748.99,357.88,26
5,player,172,0,0,667.38,223.39,751.53,357.49,26
5,player,173,0,0,669.92,223.0,754.06,357.1,26
5,player,174,0,0,672.45,222.61,756.6,356.71,26
5,player,175,0,0,680.64,221.44,764.79,355.54,26
5,player,176,0,0,688.84,220.27,772.98,354.37,26
5,player,177,0,0,697.03,219.1,781.17,353.2,26
5,player,178,0,0,705.22,217.93,789.36,352.03,26
5,player,179,0,0,713.41,216.76,797.55,350.86,26
5,player,180,0,0,721.6,215.59,805.74,349.69,26
5,player,181,0,0,729.79,214.42,813.93,348.52,26
5,player,182,0,0,737.98,213.25,822.12,347.35,26
5,player,183,0,0,746.17,212.08,830.32,346.18,26
5,player,184,0,0,754.36,210.91,838.51,345.01,26
5,player,185,0,0,762.55,209.74,846.7,343.84,26
5,player,186,0,0,770.74,208.57,854.89,342.67,26
5,player,187,0,0,778.93,207.4,863.08,341.5,26
5,player,188,0,0,791.61,207.4,875.76,341.5,26
5,player,189,0,0,806.82,204.87,890.97,338.96,26
5,player,190,0,0,822.03,202.33,906.18,336.43,26
5,player,191,0,0,833.19,200.81,917.33,334.91,26
5,player,192,0,0,844.34,199.29,928.49,333.39,26
5,player,193,0,0,855.5,197.77,939.64,331.86,26
5,player,194,0,0,866.65,196.25,950.8,330.34,26
5,player,195,0,0,877.81,194.72,961.95,328.82,26
5,player,196,0,0,880.24,194.72,964.39,328.82,26
5,player,197,0,0,882.68,194.72,966.82,328.82,26
5,player,198,0,0,885.11,194.72,969.25,328.82,26
5,player,199,0,0,887.54,194.72,971.69,328.82,26
5,player,200,0,0,889.98,194.72,974.12,328.82,26
5,player,201,0,0,892.41,194.72,976.56,328.82,26
5,player,202,0,0,894.84,194.72,978.99,328.82,26
5,player,203,0,0,897.28,194.72,981.42,328.82,26
5,player,204,0,0,899.71,194.72,983.86,328.82,26
5,player,205,0,0,902.15,194.72,986.29,328.82,26
5,player,206,0,0,904.58,194.72,988.72,328.82,26
5,player,207,0,0,907.01,194.72,991.16,328.82,26
5,player,208,0,0,909.45,194.72,993.59,328.82,26
5,player,209,0,0,911.88,194.72,996.03,328.82,26
5,player,210,0,0,914.31,194.72,998.46,328.82,26
5,player,211,0,0,916.75,194.72,1000.89,328.82,26
5,player,212,0,0,919.18,194.72,1003.33,328.82,26
5,player,213,0,0,921.62,194.72,1005.76,328.82,26
5,player,214,0,0,924.05,194.72,1008.19,328.82,26
5,player,215,0,0,926.48,194.72,1010.63,328.82,26
5,player,216,0,0,928.92,194.72,1013.06,328.82,26
5,player,217,0,0,931.35,194.72,1015.5,328.82,26
5,player,218,0,0,933.78,194.72,1017.93,328.82,26
5,player,219,0,0,936.22,194.72,1020.36,328.82,26
5,player,220,0,0,938.65,194.72,1022.8,328.82,26
5,player,221,0,0,939.0,192.88,1023.14,326.98,26
5,player,222,0,0,939.34,191.04,1023.49,325.13,26
5,player,223,0,0,939.69,189.19,1023.83,323.29,26
5,player,224,0,0,940.04,187.35,1024.18,321.45,26
5,player,225,0,0,940.38,185.51,1024.53,319.6,26
5,player,226,0,0,940.73,183.66,1024.87,317.76,26
5,player,227,0,0,941.07,181.82,1025.22,315.92,26
5,player,228,0,0,941.42,179.97,1025.56,314.07,26
5,player,229,0,0,941.76,178.13,1025.91,312.23,26
5,player,230,0,0,942.11,176.29,1026.25,310.38,26
5,player,231,0,0,942.46,174.44,1026.6,308.54,26
5,player,232,0,0,942.8,172.6,1026.95,306.7,26
5,player,233,0,0,943.15,170.76,1027.29,304.85,26
5,player,234,0,0,943.49,168.91,1027.64,303.01,26
5,player,235,0,0,943.84,167.07,1027.98,301.17,26
5,player,236,0,0,944.18,165.22,1028.33,299.32,26
5,player,237,0,0,944.53,163.38,1028.67,297.48,26
5,player,238,0,0,944.88,161.54,1029.02,295.63,26
5,player,239,0,0,945.22,159.69,1029.37,293.79,26
5,player,240,0,0,945.57,157.85,1029.71,291.95,26
5,player,241,0,0,945.91,156.0,1030.06,290.1,26
5,player,242,0,0,946.26,154.16,1030.4,288.26,26
5,player,243,0,0,944.27,154.43,1028.41,288.53,26
5,player,244,0,0,942.27,154.7,1026.42,288.8,26
5,player,245,0,0,940.28,154.98,1024.43,289.07,26
5,player,246,0,0,938.29,155.25,1022.43,289.35,26
5,player,247,0,0,936.3,155.52,1020.44,289.62,26
5,player,248,0,0,934.31,155.79,1018.45,289.89,26
5,player,249,0,0,932.31,156.06,1016.46,290.16,26
5,player,250,0,0,930.32,156.33,1014.47,290.43,26
5,player,251,0,0,928.33,156.61,1012.48,290.7,26
5,player,252,0,0,926.34,156.88,1010.48,290.98,26
5,player,253,0,0,924.35,157.15,1008.49,291.25,26
5,player,254,0,0,922.35,157.42,1006.5,291.52,26
5,player,255,0,0,920.36,157.69,1004.51,291.79,26
5,player,256,0,0,918.37,157.96,1002.52,292.06,26
5,player,257,0,0,916.38,158.24,1000.52,292.33,26
5,player,258,0,0,914.39,158.51,998.53,292.6,26
5,player,259,0,0,912.39,158.78,996.54,292.88,26
5,player,260,0,0,910.4,159.05,994.55,293.15,26
5,player,261,0,0,908.41,159.32,992.56,293.42,26
5,player,262,0,0,906.42,159.59,990.56,293.69,26
5,player,263,0,0,904.43,159.87,988.57,293.96,26
5,player,264,0,0,902.44,160.14,986.58,294.23,26
5,player,265,0,0,900.44,160.41,984.59,294.51,26
5,player,266,0,0,898.45,160.68,982.6,294.78,26
5,player,267,0,0,896.46,160.95,980.6,295.05,26
5,player,268,0,0,894.47,161.22,978.61,295.32,26
5,player,269,0,0,892.48,161.49,976.62,295.59,26
5,player,270,0,0,890.48,161.77,974.63,295.86,26
5,player,271,0,0,885.07,162.44,969.22,296.54,26
5,player,272,0,0,879.67,163.12,963.81,297.22,26
5,player,273,0,0,874.26,163.79,958.4,297.89,26
5,player,274,0,0,868.85,164.47,952.99,298.57,26
5,player,275,0,0,863.44,165.15,947.59,299.24,26
5,player,276,0,0,858.03,165.82,942.18,299.92,26
5,player,277,0,0,852.62,166.5,936.77,300.6,26
5,player,278,0,0,847.22,167.17,931.36,301.27,26
5,player,279,0,0,841.81,167.85,925.95,301.95,26
5,player,280,0,0,836.4,168.53,920.54,302.62,26
5,player,281,0,0,830.99,169.2,915.14,303.3,26
5,player,282,0,0,825.58,169.88,909.73,303.98,26
5,player,283,0,0,820.17,170.56,904.32,304.65,26
5,player,284,0,0,814.76,171.23,898.91,305.33,26
5,player,285,0,0,809.36,171.91,893.5,306.0,26
5,player,286,0,0,806.91,172.78,891.06,306.88,26
5,player,287,0,0,804.47,173.66,888.62,307.76,26
5,player,288,0,0,802.03,174.53,886.17,308.63,26
5,player,289,0,0,799.58,175.41,883.73,309.51,26
5,player,290,0,0,797.14,176.29,881.29,310.38,26
5,player,291,0,0,794.7,177.16,878.84,311.26,26
5,player,292,0,0,792.26,178.04,876.4,312.14,26
5,player,293,0,0,789.81,178.91,873.96,313.01,26
5,player,294,0,0,787.37,179.79,871.51,313.89,26
5,player,295,0,0,784.93,180.67,869.07,314.76,26
5,player,296,0,0,782.48,181.54,866.63,315.64,26
5,player,297,0,0,780.04,182.42,864.19,316.51,26
5,player,298,0,0,777.6,183.29,861.74,317.39,26
5,player,299,0,0,775.15,184.17,859.3,318.27,26
5,player,300,0,0,772.71,185.04,856.86,319.14,26
5,player,301,0,0,770.27,185.92,854.41,320.02,26
5,player,302,0,0,767.83,186.8,851.97,320.89,26
5,player,303,0,0,765.38,187.67,849.53,321.77,26
5,player,304,0,0,762.94,188.55,847.08,322.65,26
5,player,305,0,0,760.5,189.42,844.64,323.52,26
5,player,306,0,0,758.05,190.3,842.2,324.4,26
5,player,307,0,0,755.61,191.17,839.75,325.27,26
5,player,308,0,0,753.17,192.05,837.31,326.15,26
5,player,309,0,0,750.72,192.93,834.87,327.02,26
5,player,310,0,0,748.28,193.8,832.43,327.9,26
5,player,311,0,0,745.84,194.68,829.98,328.78,26
5,player,312,0,0,743.39,195.55,827.54,329.65,26
5,player,313,0,0,740.95,196.43,825.1,330.53,26
5,player,314,0,0,738.51,197.31,822.65,331.4,26
5,player,315,0,0,736.07,198.18,820.21,332.28,26
5,player,316,0,0,733.62,199.06,817.77,333.15,26
5,player,317,0,0,731.18,199.93,815.32,334.03,26
5,player,318,0,0,728.74,200.81,812.88,334.91,26
5,player,319,0,0,726.29,201.68,810.44,335.78,26
5,player,320,0,0,723.85,202.56,808.0,336.66,26
5,player,321,0,0,721.41,203.44,805.55,337.53,26
5,player,322,0,0,718.96,204.31,803.11,338.41,26
5,player,323,0,0,716.52,205.19,800.67,339.29,26
5,player,324,0,0,714.08,206.06,798.22,340.16,26
5,player,325,0,0,711.64,206.94,795.78,341.04,26
5,player,326,0,0,709.19,207.81,793.34,341.91,26
5,player,327,0,0,706.75,208.69,790.89,342.79,26
5,player,328,0,0,704.31,209.57,788.45,343.66,26
5,player,329,0,0,701.86,210.44,786.01,344.54,26
5,player,330,0,0,699.42,211.32,783.57,345.42,26
5,player,331,0,0,696.98,212.19,781.12,346.29,26
5,player,332,0,0,694.53,213.07,778.68,347.17,26
5,player,333,0,0,692.09,213.95,776.24,348.04,26
5,player,334,0,0,689.65,214.82,773.79,348.92,26
5,player,335,0,0,687.21,215.7,771.35,349.79,26
5,player,336,0,0,684.76,216.57,768.91,350.67,26
5,player,337,0,0,682.32,217.45,766.46,351.55,26
5,player,338,0,0,679.88,218.32,764.02,352.42,26
5,player,339,0,0,677.43,219.2,761.58,353.3,26
5,player,340,0,0,674.99,220.08,759.14,354.17,26
5,player,341,0,0,674.78,220.39,758.5,354.49,26
5,player,342,0,0,674.57,220.71,757.87,354.81,26
5,player,343,0,0,674.35,221.03,757.23,355.12,26
5,player,344,0,0,674.14,221.34,756.6,355.44,26
5,player,345,0,0,673.93,221.66,755.97,355.76,26
5,player,346,0,0,673.72,221.98,755.33,356.08,26
5,player,347,0,0,673.51,222.29,754.7,356.39,26
5,player,348,0,0,673.29,222.61,754.06,356.71,26
5,player,349,0,0,673.08,222.93,753.43,357.03,26
5,player,350,0,0,672.87,223.25,752.8,357.34,26
5,player,351,0,0,672.66,223.56,752.16,357.66,26
5,player,352,0,0,672.45,223.88,751.53,357.98,26
5,player,353,0,0,672.23,224.2,750.9,358.29,26
5,player,354,0,0,672.02,224.51,750.26,358.61,26
5,player,355,0,0,671.81,224.83,749.63,358.93,26
5,player,356,0,0,671.6,225.15,748.99,359.24,26
5,player,357,0,0,671.38,225.46,748.36,359.56,26
5,player,358,0,0,671.17,225.78,747.73,359.88,26
5,player,359,0,0,670.96,226.1,747.09,360.19,26
5,player,360,0,0,670.75,226.41,746.46,360.51,26
5,player,361,0,0,670.54,226.73,745.83,360.83,26
5,player,362,0,0,670.32,227.05,745.19,361.15,26
5,player,363,0,0,670.11,227.36,744.56,361.46,26
5,player,364,0,0,669.9,227.68,743.92,361.78,26
5,player,365,0,0,671.42,228.61,745.45,362.71,26
5,player,366,0,0,672.94,229.54,746.97,363.64,26
5,player,367,0,0,674.46,230.47,748.49,364.57,26
5,player,368,0,0,675.98,231.4,750.01,365.5,26
5,player,369,0,0,677.51,232.33,751.53,366.43,26
5,player,370,0,0,679.03,233.26,753.05,367.36,26
5,player,371,0,0,680.55,234.19,754.57,368.29,26
5,player,372,0,0,682.07,235.12,756.09,369.22,26
5,player,373,0,0,683.59,236.05,757.61,370.15,26
5,player,374,0,0,685.11,236.98,759.14,371.08,26
5,player,375,0,0,686.63,237.91,760.66,372.0,26
5,player,376,0,0,688.15,238.84,762.18,372.93,26
5,player,377,0,0,689.67,239.77,763.7,373.86,26
5,player,378,0,0,691.2,240.7,765.22,374.79,26
5,player,379,0,0,692.72,241.63,766.74,375.72,26
5,player,380,0,0,694.24,242.56,768.26,376.65,26
5,player,381,0,0,695.76,243.48,769.78,377.58,26
5,player,382,0,0,697.28,244.41,771.3,378.51,26
5,player,383,0,0,698.8,245.34,772.83,379.44,26
5,player,384,0,0,700.32,246.27,774.35,380.37,26
5,player,385,0,0,701.84,247.2,775.87,381.3,26
5,player,386,0,0,703.36,248.13,777.39,382.23,26
5,player,387,0,0,704.89,249.06,778.91,383.16,26
5,player,388,0,0,706.41,249.99,780.43,384.09,26
5,player,389,0,0,707.93,250.92,781.95,385.02,26
5,player,390,0,0,709.45,251.85,783.47,385.95,26
5,player,391,0,0,710.97,252.78,784.99,386.88,26
5,player,392,0,0,712.49,253.71,786.52,387.81,26
5,player,393,0,0,714.01,254.64,788.04,388.74,26
5,player,394,0,0,715.53,255.57,789.56,389.67,26
5,player,395,0,0,716.9,255.69,790.92,389.79,26
5,player,396,0,0,718.26,255.81,792.29,389.91,26
5,player,397,0,0,719.63,255.94,793.65,390.04,26
5,player,398,0,0,720.99,256.06,795.02,390.16,26
5,player,399,0,0,722.36,256.18,796.38,390.28,26
5,player,400,0,0,723.72,256.31,797.75,390.4,26
5,player,401,0,0,725.09,256.43,799.11,390.53,26
5,player,402,0,0,726.45,256.55,800.48,390.65,26
5,player,403,0,0,731.62,257.43,805.64,391.53,26
5,player,404,0,0,736.78,258.32,810.8,392.41,26
5,player,405,0,0,741.94,259.2,815.97,393.3,26
5,player,406,0,0,747.1,260.08,821.13,394.18,26
5,player,407,0,0,752.27,260.96,826.29,395.06,26
5,player,408,0,0,757.43,261.84,831.45,395.94,26
5,player,409,0,0,762.59,262.73,836.62,396.82,26
5,player,410,0,0,767.76,263.61,841.78,397.71,26
5,player,411,0,0,772.92,264.49,846.94,398.59,26
5,player,412,0,0,778.08,265.37,852.11,399.47,26
5,player,413,0,0,783.24,266.26,857.27,400.35,26
5,player,414,0,0,788.41,267.14,862.43,401.24,26
5,player,415,0,0,793.57,268.02,867.59,402.12,26
5,player,416,0,0,798.73,268.9,872.76,403.0,26
5,player,417,0,0,803.9,269.79,877.92,403.88,26
5,player,418,0,0,809.06,270.67,883.08,404.77,26
5,player,419,0,0,814.22,271.55,888.25,405.65,26
5,player,420,0,0,819.38,272.43,893.41,406.53,26
5,player,421,0,0,824.55,273.32,898.57,407.41,26
5,player,422,0,0,831.75,273.08,905.77,407.17,26
5,player,423,0,0,838.95,272.84,912.97,406.93,26
5,player,424,0,0,846.15,272.6,920.17,406.69,26
5,player,425,0,0,853.35,272.36,927.38,406.45,26
5,player,426,0,0,860.55,272.12,934.58,406.21,26
5,player,427,0,0,867.75,271.88,941.78,405.97,26
5,player,428,0,0,874.95,271.63,948.98,405.73,26
5,player,429,0,0,882.15,271.39,956.18,405.49,26
5,player,430,0,0,889.36,271.15,963.38,405.25,26
5,player,431,0,0,896.56,270.91,970.58,405.01,26
5,player,432,0,0,903.76,270.67,977.78,404.77,26
5,player,433,0,0,910.96,270.43,984.98,404.53,26
5,player,434,0,0,910.47,271.01,984.49,405.11,26
5,player,435,0,0,909.98,271.59,984.0,405.69,26
5,player,436,0,0,909.49,272.17,983.51,406.27,26
5,player,437,0,0,909.0,272.75,983.03,406.85,26
5,player,438,0,0,908.51,273.33,982.54,407.42,26
5,player,439,0,0,908.02,273.9,982.05,408.0,26
5,player,440,0,0,907.53,274.48,981.56,408.58,26
5,player,441,0,0,907.04,275.06,981.07,409.16,26
5,player,442,0,0,906.55,275.64,980.58,409.74,26
5,player,443,0,0,906.07,276.22,980.09,410.31,26
5,player,444,0,0,905.58,276.79,979.6,410.89,26
5,player,445,0,0,905.09,277.37,979.11,411.47,26
5,player,446,0,0,904.6,277.95,978.62,412.05,26
5,player,447,0,0,904.11,278.53,978.13,412.63,26
5,player,448,0,0,903.62,279.11,977.64,413.21,26
5,player,449,0,0,903.13,279.69,977.15,413.78,26
5,player,450,0,0,902.64,280.26,976.66,414.36,26
5,player,451,0,0,902.15,280.84,976.18,414.94,26
5,player,452,0,0,901.66,281.42,975.69,415.52,26
5,player,453,0,0,901.17,282.0,975.2,416.1,26
5,player,454,0,0,900.68,282.58,974.71,416.67,26
5,player,455,0,0,900.19,283.16,974.22,417.25,26
5,player,456,0,0,899.71,283.73,973.73,417.83,26
5,player,457,0,0,899.22,284.31,973.24,418.41,26
5,player,458,0,0,898.73,284.89,972.75,418.99,26
5,player,459,0,0,898.24,285.47,972.26,419.57,26
5,player,460,0,0,897.75,286.05,971.77,420.14,26
5,player,461,0,0,897.26,286.62,971.28,420.72,26
5,player,462,0,0,896.77,287.2,970.79,421.3,26
5,player,463,0,0,896.28,287.78,970.3,421.88,26
5,player,464,0,0,895.79,288.36,969.82,422.46,26
5,player,465,0,0,895.3,288.94,969.33,423.03,26
5,player,466,0,0,894.81,289.52,968.84,423.61,26
5,player,467,0,0,894.32,290.09,968.35,424.19,26
5,player,468,0,0,893.83,290.67,967.86,424.77,26
5,player,469,0,0,893.34,291.25,967.37,425.35,26
5,player,470,0,0,892.86,291.83,966.88,425.93,26
5,player,471,0,0,892.37,292.41,966.39,426.5,26
5,player,472,0,0,891.88,292.98,965.9,427.08,26
5,player,473,0,0,891.39,293.56,965.41,427.66,26
5,player,474,0,0,890.9,294.14,964.92,428.24,26
5,player,475,0,0,890.41,294.72,964.43,428.82,26
5,player,476,0,0,889.92,295.3,963.94,429.4,26
5,player,477,0,0,889.43,295.88,963.45,429.97,26
5,player,478,0,0,888.94,296.45,962.97,430.55,26
5,player,479,0,0,888.45,297.03,962.48,431.13,26
5,player,480,0,0,887.96,297.61,961.99,431.71,26
5,player,481,0,0,887.47,298.19,961.5,432.29,26
5,player,482,0,0,886.98,298.77,961.01,432.86,26
5,player,483,0,0,886.5,299.35,960.52,433.44,26
5,player,484,0,0,886.01,299.92,960.03,434.02,26
5,player,485,0,0,885.52,300.5,959.54,434.6,26
5,player,486,0,0,885.03,301.08,959.05,435.18,26
5,player,487,0,0,884.54,301.66,958.56,435.76,26
5,player,488,0,0,884.05,302.24,958.07,436.33,26
5,player,489,0,0,883.56,302.81,957.58,436.91,26
5,player,490,0,0,883.07,303.39,957.09,437.49,26
5,player,491,0,0,879.68,303.1,953.7,437.2,26
5,player,492,0,0,876.29,302.8,950.31,436.9,26
5,player,493,0,0,872.9,302.51,946.92,436.61,26
5,player,494,0,0,869.5,302.21,943.53,436.31,26
5,player,495,0,0,866.11,301.92,940.14,436.02,26
5,player,496,0,0,862.72,301.62,936.75,435.72,26
5,player,497,0,0,859.33,301.33,933.35,435.43,26
5,player,498,0,0,855.94,301.03,929.96,435.13,26
5,player,499,0,0,852.55,300.74,926.57,434.84,26
5,player,500,0,0,849.16,300.44,923.18,434.54,26
5,player,501,0,0,845.76,300.15,919.79,434.25,26
5,player,502,0,0,842.37,299.85,916.4,433.95,26
5,player,503,0,0,838.98,299.56,913.01,433.66,26
5,player,504,0,0,835.59,299.26,909.61,433.36,26
5,player,505,0,0,832.2,298.97,906.22,433.07,26
5,player,506,0,0,828.81,298.67,902.83,432.77,26
5,player,507,0,0,825.42,298.38,899.44,432.48,26
5,player,508,0,0,822.02,298.08,896.05,432.18,26
5,player,509,0,0,818.63,297.79,892.66,431.89,26
5,player,510,0,0,815.24,297.49,889.27,431.59,26
5,player,511,0,0,811.85,297.2,885.87,431.3,26
5,player,512,0,0,808.46,296.9,882.48,431.0,26
5,player,513,0,0,805.07,296.61,879.09,430.71,26
5,player,514,0,0,801.68,296.31,875.7,430.41,26
5,player,515,0,0,798.28,296.02,872.31,430.12,26
5,player,516,0,0,794.89,295.72,868.92,429.82,26
5,player,517,0,0,791.5,295.43,865.53,429.53,26
5,player,518,0,0,788.11,295.13,862.13,429.23,26
5,player,519,0,0,784.72,294.84,858.74,428.94,26
5,player,520,0,0,780.44,294.36,854.47,428.46,26
5,player,521,0,0,776.17,293.89,850.19,427.99,26
5,player,522,0,0,771.89,293.41,845.91,427.51,26
5,player,523,0,0,767.61,292.94,841.64,427.04,26
5,player,524,0,0,763.34,292.46,837.36,426.56,26
5,player,525,0,0,759.06,291.99,833.09,426.09,26
5,player,526,0,0,754.79,291.51,828.81,425.61,26
5,player,527,0,0,750.51,291.04,824.53,425.14,26
5,player,528,0,0,746.23,290.56,820.26,424.66,26
5,player,529,0,0,741.96,290.09,815.98,424.19,26
5,player,530,0,0,737.68,289.61,811.7,423.71,26
5,player,531,0,0,733.4,289.14,807.43,423.24,26
5,player,532,0,0,729.13,288.66,803.15,422.76,26
5,player,533,0,0,724.85,288.19,798.88,422.29,26
5,player,534,0,0,720.58,287.71,794.6,421.81,26
5,player,535,0,0,716.3,287.24,790.32,421.34,26
5,player,536,0,0,712.02,286.76,786.05,420.86,26
5,player,537,0,0,707.75,286.29,781.77,420.38,26
5,player,538,0,0,702.76,284.15,776.78,418.25,26
5,player,539,0,0,697.77,282.01,771.79,416.11,26
5,player,540,0,0,692.78,279.87,766.8,413.97,26
5,player,541,0,0,687.79,277.74,761.82,411.83,26
5,player,542,0,0,682.8,275.6,756.83,409.69,26
5,player,543,0,0,677.81,273.46,751.84,407.56,26
5,player,544,0,0,674.63,272.96,748.66,407.06,26
5,player,545,0,0,671.45,272.46,745.47,406.56,26
5,player,546,0,0,668.27,271.97,742.29,406.06,26
5,player,547,0,0,665.08,271.47,739.11,405.57,26
5,player,548,0,0,661.9,270.97,735.93,405.07,26
5,player,549,0,0,658.72,270.48,732.74,404.57,26
5,player,550,0,0,655.54,269.98,729.56,404.08,26
5,player,551,0,0,652.36,269.48,726.38,403.58,26
5,player,552,0,0,649.17,268.98,723.2,403.08,26
5,player,553,0,0,645.99,268.49,720.01,402.58,26
5,player,554,0,0,642.81,267.99,716.83,402.09,26
5,player,555,0,0,639.63,267.49,713.65,401.59,26
5,player,556,0,0,636.44,267.0,710.47,401.09,26
5,player,557,0,0,633.26,266.5,707.29,400.6,26
5,player,558,0,0,630.08,266.0,704.1,400.1,26
5,player,559,0,0,626.9,265.5,700.92,399.6,26
5,player,560,0,0,623.71,265.01,697.74,399.1,26
5,player,561,0,0,620.53,264.51,694.56,398.61,26
5,player,562,0,0,617.35,264.01,691.37,398.11,26
5,player,563,0,0,614.17,263.51,688.19,397.61,26
5,player,564,0,0,610.99,263.02,685.01,397.11,26
5,player,565,0,0,607.8,262.52,681.83,396.62,26
5,player,566,0,0,604.62,262.02,678.65,396.12,26
5,player,567,0,0,601.44,261.53,675.46,395.62,26
5,player,568,0,0,598.26,261.03,672.28,395.13,26
5,player,569,0,0,595.07,260.53,669.1,394.63,26
5,player,570,0,0,591.89,260.03,665.92,394.13,26
5,player,571,0,0,588.71,259.54,662.73,393.63,26
5,player,572,0,0,585.53,259.04,659.55,393.14,26
5,player,573,0,0,582.35,258.54,656.37,392.64,26
5,player,574,0,0,579.16,258.04,653.19,392.14,26
5,player,575,0,0,575.98,257.55,650.0,391.65,26
5,player,576,0,0,572.8,257.05,646.82,391.15,26
5,player,577,0,0,569.62,256.55,643.64,390.65,26
5,player,578,0,0,566.43,256.06,640.46,390.15,26
5,player,579,0,0,563.25,255.56,637.28,389.66,26
5,player,580,0,0,560.07,255.06,634.09,389.16,26
5,player,581,0,0,556.89,254.56,630.91,388.66,26
5,player,582,0,0,553.7,254.07,627.73,388.16,26
5,player,583,0,0,550.52,253.57,624.55,387.67,26
5,player,584,0,0,547.34,253.07,621.36,387.17,26
5,player,585,0,0,544.16,252.58,618.18,386.67,26
5,player,586,0,0,540.98,252.08,615.0,386.18,26
5,player,587,0,0,543.34,251.22,617.36,385.32,26
5,player,588,0,0,545.7,250.37,619.72,384.47,26
5,player,589,0,0,548.06,249.51,622.08,383.61,26
5,player,590,0,0,550.42,248.66,624.44,382.75,26
5,player,591,0,0,552.78,247.8,626.81,381.9,26
5,player,592,0,0,555.14,246.95,629.17,381.04,26
5,player,593,0,0,557.5,246.09,631.53,380.19,26
5,player,594,0,0,559.87,245.24,633.89,379.33,26
5,player,595,0,0,562.23,244.38,636.25,378.48,26
5,player,596,0,0,564.59,243.53,638.61,377.62,26
5,player,597,0,0,566.95,242.67,640.97,376.77,26
5,player,598,0,0,569.31,241.82,643.33,375.91,26
5,player,599,0,0,571.67,240.96,645.7,375.06,26
5,player,600,0,0,574.03,240.1,648.06,374.2,26
5,player,601,0,0,576.39,239.25,650.42,373.35,26
5,player,602,0,0,578.75,238.39,652.78,372.49,26
5,player,603,0,0,581.12,237.54,655.14,371.64,26
5,player,604,0,0,583.48,236.68,657.5,370.78,26
5,player,605,0,0,585.84,235.83,659.86,369.93,26
5,player,606,0,0,588.2,234.97,662.22,369.07,26
5,player,607,0,0,590.56,234.12,664.58,368.22,26
5,player,608,0,0,592.92,233.26,666.95,367.36,26
5,player,609,0,0,595.28,232.41,669.31,366.51,26
5,player,610,0,0,597.64,231.55,671.67,365.65,26
5,player,611,0,0,600.01,230.7,674.03,364.79,26
5,player,612,0,0,602.37,229.84,676.39,363.94,26
5,player,613,0,0,604.73,228.99,678.75,363.08,26
5,player,614,0,0,607.09,228.13,681.11,362.23,26
5,player,615,0,0,609.45,227.28,683.47,361.37,26
5,player,616,0,0,611.81,226.42,685.84,360.52,26
5,player,617,0,0,614.17,225.57,688.2,359.66,26
5,player,618,0,0,616.53,224.71,690.56,358.81,26
5,player,619,0,0,618.89,223.86,692.92,357.95,26
5,player,620,0,0,621.26,223.0,695.28,357.1,26
5,player,621,0,0,623.62,222.14,697.64,356.24,26
5,player,622,0,0,625.98,221.29,700.0,355.39,26
5,player,623,0,0,628.34,220.43,702.36,354.53,26
5,player,624,0,0,630.7,219.58,704.72,353.68,26
5,player,625,0,0,633.06,218.72,707.09,352.82,26
5,player,626,0,0,635.42,217.87,709.45,351.97,26
5,player,627,0,0,637.78,217.01,711.81,351.11,26
5,player,628,0,0,640.15,216.16,714.17,350.26,26
5,player,629,0,0,642.51,215.3,716.53,349.4,26
5,player,630,0,0,644.87,214.45,718.89,348.55,26
5,player,631,0,0,647.23,213.59,721.25,347.69,26
5,player,632,0,0,649.59,212.74,723.61,346.83,26
5,player,633,0,0,651.95,211.88,725.98,345.98,26
5,player,634,0,0,654.31,211.03,728.34,345.12,26
5,player,635,0,0,656.67,210.17,730.7,344.27,26
5,player,636,0,0,659.03,209.32,733.06,343.41,26
5,player,637,0,0,661.4,208.46,735.42,342.56,26
5,player,638,0,0,663.76,207.61,737.78,341.7,26
5,player,639,0,0,666.12,206.75,740.14,340.85,26
5,player,640,0,0,668.48,205.9,742.5,339.99,26
5,player,641,0,0,670.84,205.04,744.86,339.14,26
5,player,642,0,0,673.2,204.18,747.23,338.28,26
5,player,643,0,0,675.56,203.33,749.59,337.43,26
5,player,644,0,0,677.92,202.47,751.95,336.57,26
5,player,645,0,0,680.29,201.62,754.31,335.72,26
5,player,646,0,0,682.65,200.76,756.67,334.86,26
5,player,647,0,0,685.01,199.91,759.03,334.01,26
5,player,648,0,0,687.37,199.05,761.39,333.15,26
5,player,649,0,0,689.73,198.2,763.75,332.3,26
5,player,650,0,0,692.09,197.34,766.12,331.44,26
5,player,651,0,0,694.45,196.49,768.48,330.59,26
5,player,652,0,0,696.81,195.63,770.84,329.73,26
5,player,653,0,0,699.17,194.78,773.2,328.87,26
5,player,654,0,0,701.54,193.92,775.56,328.02,26
5,player,655,0,0,703.9,193.07,777.92,327.16,26
5,player,656,0,0,706.26,192.21,780.28,326.31,26
5,player,657,0,0,708.62,191.36,782.64,325.45,26
5,player,658,0,0,710.98,190.5,785.01,324.6,26
5,player,659,0,0,713.34,189.65,787.37,323.74,26
5,player,660,0,0,715.7,188.79,789.73,322.89,26
5,player,661,0,0,718.06,187.94,792.09,322.03,26
5,player,662,0,0,720.43,187.08,794.45,321.18,26
5,player,663,0,0,722.79,186.22,796.81,320.32,26
5,player,664,0,0,725.15,185.37,799.17,319.47,26
5,player,665,0,0,727.51,184.51,801.53,318.61,26
5,player,666,0,0,729.87,183.66,803.89,317.76,26
5,player,667,0,0,732.23,182.8,806.26,316.9,26
5,player,668,0,0,734.59,181.95,808.62,316.05,26
5,player,669,0,0,736.95,181.09,810.98,315.19,26
5,player,670,0,0,739.32,180.24,813.34,314.34,26
5,player,671,0,0,741.68,179.38,815.7,313.48,26
5,player,672,0,0,744.04,178.53,818.06,312.63,26
5,player,673,0,0,746.4,177.67,820.42,311.77,26
5,player,674,0,0,748.76,176.82,822.78,310.91,26
5,player,675,0,0,751.12,175.96,825.15,310.06,26
5,player,676,0,0,753.48,175.11,827.51,309.2,26
5,player,677,0,0,755.84,174.25,829.87,308.35,26
5,player,678,0,0,758.2,173.4,832.23,307.49,26
5,player,679,0,0,760.57,172.54,834.59,306.64,26
5,player,680,0,0,762.93,171.69,836.95,305.78,26
5,player,681,0,0,765.29,170.83,839.31,304.93,26
5,player,682,0,0,767.65,169.98,841.67,304.07,26
5,player,683,0,0,770.01,169.12,844.03,303.22,26
5,player,684,0,0,772.37,168.26,846.4,302.36,26
5,player,685,0,0,774.73,167.41,848.76,301.51,26
5,player,686,0,0,777.09,166.55,851.12,300.65,26
5,player,687,0,0,779.46,165.7,853.48,299.8,26
5,player,688,0,0,781.82,164.84,855.84,298.94,26
5,player,689,0,0,784.18,163.99,858.2,298.09,26
5,player,690,0,0,786.54,163.13,860.56,297.23,26
5,player,691,0,0,788.9,162.28,862.92,296.38,26
5,player,692,0,0,791.26,161.42,865.29,295.52,26
5,player,693,0,0,793.62,160.57,867.65,294.67,26
5,player,694,0,0,795.98,159.71,870.01,293.81,26
5,player,695,0,0,798.34,158.86,872.37,292.95,26
5,player,696,0,0,800.71,158.0,874.73,292.1,26
5,player,697,0,0,803.07,157.15,877.09,291.24,26
5,player,698,0,0,805.43,156.29,879.45,290.39,26
5,player,699,0,0,807.79,155.44,881.81,289.53,26
5,player,700,0,0,810.15,154.58,884.17,288.68,26
5,player,701,0,0,812.51,153.73,886.54,287.82,26
5,player,702,0,0,804.49,154.97,878.52,289.07,26
5,player,703,0,0,796.48,156.22,870.5,290.32,26
5,player,704,0,0,788.46,157.47,862.48,291.56,26
5,player,705,0,0,780.44,158.71,854.46,292.81,26
5,player,706,0,0,772.42,159.96,846.45,294.06,26
5,player,707,0,0,764.4,161.21,838.43,295.31,26
5,player,708,0,0,756.39,162.46,830.41,296.55,26
5,player,709,0,0,748.37,163.7,822.39,297.8,26
5,player,710,0,0,740.35,164.95,814.38,299.05,26
5,player,711,0,0,732.33,166.2,806.36,300.3,26
5,player,712,0,0,724.32,167.45,798.34,301.54,26
5,player,713,0,0,716.3,168.69,790.32,302.79,26
5,player,714,0,0,708.17,168.05,782.2,302.15,26
5,player,715,0,0,700.05,167.41,774.07,301.51,26
5,player,716,0,0,691.92,166.77,765.95,300.87,26
5,player,717,0,0,683.8,166.13,757.82,300.22,26
5,player,718,0,0,675.67,165.49,749.7,299.58,26
5,player,719,0,0,667.55,164.84,741.57,298.94,26
5,player,720,0,0,659.42,164.2,733.45,298.3,26
5,player,721,0,0,651.3,163.56,725.32,297.66,26
5,player,722,0,0,643.18,162.92,717.2,297.02,26
5,player,723,0,0,635.05,162.28,709.07,296.38,26
5,player,724,0,0,627.41,162.46,701.43,296.56,26
5,player,725,0,0,619.77,162.64,693.79,296.74,26
5,player,726,0,0,612.12,162.82,686.15,296.92,26
5,player,727,0,0,604.48,163.01,678.5,297.1,26
5,player,728,0,0,596.84,163.19,670.86,297.29,26
5,player,729,0,0,589.2,163.37,663.22,297.47,26
5,player,730,0,0,581.55,163.55,655.58,297.65,26
5,player,731,0,0,573.91,163.73,647.93,297.83,26
5,player,732,0,0,566.27,163.92,640.29,298.01,26
5,player,733,0,0,558.63,164.1,632.65,298.2,26
5,player,734,0,0,550.98,164.28,625.01,298.38,26
5,player,735,0,0,543.34,164.46,617.36,298.56,26
5,player,736,0,0,535.7,164.64,609.72,298.74,26
5,player,737,0,0,528.06,164.83,602.08,298.92,26
5,player,738,0,0,520.41,165.01,594.44,299.11,26
5,player,739,0,0,512.77,165.19,586.79,299.29,26
5,player,740,0,0,505.13,165.37,579.15,299.47,26
5,player,741,0,0,497.49,165.55,571.51,299.65,26
5,player,742,0,0,489.84,165.74,563.87,299.83,26
5,player,743,0,0,482.2,165.92,556.22,300.02,26
5,player,744,0,0,474.56,166.1,548.58,300.2,26
5,player,745,0,0,466.92,166.28,540.94,300.38,26
5,player,746,0,0,459.27,166.46,533.3,300.56,26
5,player,747,0,0,451.63,166.65,525.65,300.74,26
5,player,748,0,0,443.99,166.83,518.01,300.93,26
5,player,749,0,0,436.35,167.01,510.37,301.11,26
5,player,750,0,0,428.7,167.19,502.73,301.29,26
5,player,751,0,0,421.06,167.37,495.08,301.47,26
5,player,752,0,0,413.42,167.56,487.44,301.65,26
5,player,753,0,0,405.78,167.74,479.8,301.84,26
5,player,754,0,0,398.13,167.92,472.16,302.02,26
5,player,755,0,0,390.49,168.1,464.51,302.2,26
5,player,756,0,0,382.85,168.28,456.87,302.38,26
5,player,757,0,0,375.21,168.47,449.23,302.56,26
5,player,758,0,0,367.56,168.65,441.59,302.75,26
5,player,759,0,0,359.92,168.83,433.94,302.93,26
5,player,760,0,0,352.28,169.01,426.3,303.11,26
5,player,761,0,0,344.64,169.19,418.66,303.29,26
5,player,762,0,0,336.99,169.38,411.02,303.47,26
5,player,763,0,0,329.35,169.56,403.37,303.65,26
5,player,764,0,0,321.71,169.74,395.73,303.84,26
5,player,765,0,0,314.07,169.92,388.09,304.02,26
5,player,766,0,0,306.42,170.1,380.45,304.2,26
5,player,767,0,0,298.78,170.29,372.8,304.38,26
5,player,768,0,0,291.14,170.47,365.16,304.56,26
5,player,769,0,0,283.5,170.65,357.52,304.75,26
5,player,770,0,0,275.85,170.83,349.88,304.93,26
5,player,771,0,0,271.58,172.68,345.6,306.78,26
5,player,772,0,0,267.3,174.54,341.32,308.63,26
5,player,773,0,0,263.02,176.39,337.05,310.49,26
5,player,774,0,0,258.75,178.24,332.77,312.34,26
5,player,775,0,0,254.47,180.1,328.5,314.19,26
5,player,776,0,0,250.2,181.95,324.22,316.05,26
5,player,777,0,0,245.92,183.8,319.94,317.9,26
5,player,778,0,0,241.64,185.66,315.67,319.75,26
5,player,779,0,0,237.37,187.51,311.39,321.61,26
5,player,780,0,0,233.09,189.36,307.12,323.46,26
5,player,781,0,0,228.81,191.21,302.84,325.31,26
5,player,782,0,0,224.54,193.07,298.56,327.16,26
5,player,783,0,0,220.26,194.92,294.29,329.02,26
5,player,784,0,0,215.99,196.77,290.01,330.87,26
5,player,785,0,0,211.71,198.63,285.73,332.72,26
5,player,786,0,0,211.77,198.36,285.8,332.46,26
5,player,787,0,0,211.84,198.09,285.86,332.19,26
5,player,788,0,0,211.9,197.82,285.92,331.92,26
5,player,789,0,0,211.96,197.56,285.99,331.66,26
5,player,790,0,0,212.03,197.29,286.05,331.39,26
5,player,791,0,0,212.09,197.02,286.11,331.12,26
5,player,792,0,0,212.15,196.76,286.18,330.85,26
5,player,793,0,0,212.22,196.49,286.24,330.59,26
5,player,794,0,0,212.28,196.22,286.3,330.32,26
5,player,795,0,0,212.34,195.95,286.37,330.05,26
5,player,796,0,0,212.41,195.69,286.43,329.79,26
5,player,797,0,0,212.47,195.42,286.49,329.52,26
5,player,798,0,0,212.53,195.15,286.56,329.25,26
5,player,799,0,0,212.59,194.89,286.62,328.98,26
5,player,800,0,0,212.66,194.62,286.68,328.72,26
5,player,801,0,0,212.72,194.35,286.75,328.45,26
5,player,802,0,0,212.78,194.09,286.81,328.18,26
5,player,803,0,0,212.85,193.82,286.87,327.92,26
5,player,804,0,0,212.91,193.55,286.94,327.65,26
5,player,805,0,0,212.97,193.28,287.0,327.38,26
5,player,806,0,0,213.04,193.02,287.06,327.11,26
5,player,807,0,0,213.1,192.75,287.12,326.85,26
5,player,808,0,0,213.16,192.48,287.19,326.58,26
5,player,809,0,0,213.23,192.22,287.25,326.31,26
5,player,810,0,0,213.29,191.95,287.31,326.05,26
5,player,811,0,0,213.35,191.68,287.38,325.78,26
5,player,812,0,0,213.42,191.41,287.44,325.51,26
5,player,813,0,0,213.48,191.15,287.5,325.24,26
5,player,814,0,0,213.54,190.88,287.57,324.98,26
5,player,815,0,0,213.61,190.61,287.63,324.71,26
5,player,816,0,0,213.67,190.35,287.69,324.44,26
5,player,817,0,0,213.73,190.08,287.76,324.18,26
5,player,818,0,0,213.8,189.81,287.82,323.91,26
5,player,819,0,0,213.86,189.54,287.88,323.64,26
5,player,820,0,0,213.92,189.28,287.95,323.37,26
5,player,821,0,0,213.99,189.01,288.01,323.11,26
5,player,822,0,0,214.05,188.74,288.07,322.84,26
5,player,823,0,0,214.11,188.48,288.14,322.57,26
5,player,824,0,0,214.17,188.21,288.2,322.31,26
5,player,825,0,0,214.24,187.94,288.26,322.04,26
5,player,826,0,0,214.3,187.67,288.33,321.77,26
5,player,827,0,0,214.36,187.41,288.39,321.51,26
5,player,828,0,0,214.43,187.14,288.45,321.24,26
5,player,829,0,0,214.49,186.87,288.52,320.97,26
5,player,830,0,0,214.55,186.61,288.58,320.7,26
5,player,831,0,0,214.62,186.34,288.64,320.44,26
5,player,832,0,0,214.68,186.07,288.7,320.17,26
5,player,833,0,0,214.74,185.8,288.77,319.9,26
5,player,834,0,0,214.81,185.54,288.83,319.64,26
5,player,835,0,0,214.87,185.27,288.89,319.37,26
5,player,836,0,0,221.46,184.85,295.48,318.95,26
5,player,837,0,0,228.04,184.43,302.07,318.52,26
5,player,838,0,0,234.63,184.0,308.65,318.1,26
5,player,839,0,0,241.21,183.58,315.24,317.68,26
5,player,840,0,0,247.8,183.16,321.82,317.26,26
5,player,841,0,0,254.38,182.74,328.41,316.83,26
5,player,842,0,0,260.97,182.31,334.99,316.41,26
5,player,843,0,0,267.55,181.89,341.58,315.99,26
5,player,844,0,0,274.14,181.47,348.16,315.57,26
5,player,845,0,0,280.73,181.05,354.75,315.14,26
5,player,846,0,0,287.31,180.62,361.34,314.72,26
5,player,847,0,0,293.9,180.2,367.92,314.3,26
5,player,848,0,0,300.48,179.78,374.51,313.88,26
5,player,849,0,0,307.07,179.36,381.09,313.45,26
5,player,850,0,0,313.65,178.93,387.68,313.03,26
5,player,851,0,0,320.24,178.51,394.26,312.61,26
5,player,852,0,0,326.82,178.09,400.85,312.19,26
5,player,853,0,0,333.41,177.67,407.43,311.77,26
5,player,854,0,0,340.0,177.25,414.02,311.34,26
5,player,855,0,0,342.59,177.86,416.62,311.95,26
5,player,856,0,0,345.19,178.47,419.21,312.56,26
5,player,857,0,0,347.78,179.08,421.81,313.18,26
5,player,858,0,0,350.38,179.69,424.4,313.79,26
5,player,859,0,0,352.98,180.3,427.0,314.4,26
5,player,860,0,0,355.57,180.91,429.6,315.01,26
5,player,861,0,0,358.17,181.52,432.19,315.62,26
5,player,862,0,0,360.76,182.13,434.79,316.23,26
5,player,863,0,0,363.36,182.74,437.39,316.84,26
5,player,864,0,0,365.96,183.35,439.98,317.45,26
5,player,865,0,0,368.55,183.97,442.58,318.06,26
5,player,866,0,0,371.15,184.58,445.17,318.67,26
5,player,867,0,0,373.75,185.19,447.77,319.28,26
5,player,868,0,0,376.34,185.8,450.37,319.9,26
5,player,869,0,0,395.58,187.94,469.61,322.03,26
5,player,870,0,0,398.64,187.94,472.66,322.03,26
5,player,871,0,0,401.69,187.94,475.72,322.03,26
5,player,872,0,0,404.75,187.94,478.77,322.03,26
5,player,873,0,0,407.8,187.94,481.83,322.03,26
5,player,874,0,0,410.86,187.94,484.88,322.03,26
5,player,875,0,0,413.91,187.94,487.93,322.03,26
5,player,876,0,0,416.96,187.94,490.99,322.03,26
5,player,877,0,0,416.96,187.94,490.99,322.03,26
5,player,878,0,0,416.96,187.94,490.99,322.03,26
5,player,879,0,0,416.96,187.94,490.99,322.03,26
5,player,880,0,0,416.96,187.94,490.99,322.03,26
5,player,881,0,0,416.96,187.94,490.99,322.03,26
5,player,882,0,0,416.96,187.94,490.99,322.03,26
5,player,883,0,0,416.96,187.94,490.99,322.03,26
5,player,884,0,0,416.96,187.94,490.99,322.03,26
5,player,885,0,0,416.96,187.94,490.99,322.03,26
5,player,886,0,0,416.96,187.94,490.99,322.03,26
5,player,887,0,0,416.96,187.94,490.99,322.03,26
5,player,888,0,0,416.96,187.94,490.99,322.03,26
5,player,889,0,0,416.96,187.94,490.99,322.03,26
5,player,890,0,0,416.96,187.94,490.99,322.03,26
5,player,891,0,0,416.96,187.94,490.99,322.03,26
5,player,892,0,0,416.96,187.94,490.99,322.03,26
5,player,893,0,0,416.96,187.94,490.99,322.03,26
5,player,894,0,0,416.96,187.94,490.99,322.03,26
5,player,895,0,0,416.96,187.94,490.99,322.03,26
5,player,896,0,0,416.96,187.94,490.99,322.03,26
5,player,897,0,0,416.96,187.94,490.99,322.03,26
5,player,898,0,0,416.96,187.94,490.99,322.03,26
5,player,899,0,0,416.96,187.94,490.99,322.03,26
6,player,18,0,0,636.81,308.15,728.83,442.25,18
6,player,19,0,0,636.81,308.16,728.28,442.25,18
6,player,20,0,0,636.81,308.16,727.72,442.25,18
6,player,21,0,0,636.81,308.17,727.16,442.25,18
6,player,22,0,0,636.81,308.17,726.6,442.25,18
6,player,23,0,0,636.81,308.18,726.04,442.25,18
6,player,24,0,0,636.81,308.18,725.48,442.25,18
6,player,25,0,0,636.81,308.19,724.92,442.25,18
6,player,26,0,0,636.81,308.19,724.36,442.25,18
6,player,27,0,0,636.81,308.2,723.8,442.25,18
6,player,28,0,0,641.46,308.2,725.07,442.25,18
6,player,29,0,0,646.1,308.2,726.33,442.25,18
6,player,30,0,0,650.75,308.2,727.6,442.25,18
6,player,31,0,0,655.4,308.2,728.87,442.25,18
6,player,32,0,0,660.05,308.2,730.13,442.25,18
6,player,33,0,0,664.69,308.2,731.4,442.25,18
6,player,34,0,0,669.09,307.52,735.79,441.57,18
6,player,35,0,0,673.48,306.85,740.19,440.9,18
6,player,36,0,0,677.88,306.17,744.58,440.22,18
6,player,37,0,0,682.27,305.5,748.98,439.54,18
6,player,38,0,0,686.67,304.82,753.37,438.87,18
6,player,39,0,0,691.06,304.14,757.77,438.19,18
6,player,40,0,0,695.45,303.47,762.16,437.52,18
6,player,41,0,0,699.85,302.79,766.55,436.84,18
6,player,42,0,0,704.24,302.12,770.95,436.16,18
6,player,43,0,0,708.64,301.44,775.34,435.49,18
6,player,44,0,0,713.03,300.76,779.74,434.81,18
6,player,45,0,0,717.43,300.09,784.13,434.14,18
6,player,46,0,0,721.82,299.41,788.53,433.46,18
6,player,47,0,0,726.22,298.74,792.92,432.78,18
6,player,48,0,0,730.61,298.06,797.32,432.11,18
6,player,49,0,0,738.05,297.05,804.75,431.09,18
6,player,50,0,0,745.48,296.03,812.19,430.08,18
6,player,51,0,0,752.92,295.02,819.62,429.07,18
6,player,52,0,0,760.36,294.0,827.06,428.05,18
6,player,53,0,0,767.79,292.99,834.5,427.04,18
6,player,54,0,0,775.23,291.97,841.93,426.02,18
6,player,55,0,0,782.67,290.96,849.37,425.01,18
6,player,56,0,0,790.1,289.95,856.81,423.99,18
6,player,57,0,0,797.54,288.93,864.24,422.98,18
6,player,58,0,0,804.98,287.92,871.68,421.97,18
6,player,59,0,0,812.41,286.9,879.12,420.95,18
6,player,60,0,0,819.85,285.89,886.55,419.94,18
6,player,61,0,0,827.29,284.88,893.99,418.92,18
6,player,62,0,0,834.72,283.86,901.43,417.91,18
6,player,63,0,0,842.16,282.85,908.86,416.9,18
6,player,64,0,0,850.85,283.57,917.56,417.62,18
6,player,65,0,0,859.54,284.3,926.25,418.34,18
6,player,66,0,0,868.23,285.02,934.94,419.07,18
6,player,67,0,0,876.93,285.74,943.63,419.79,18
6,player,68,0,0,885.62,286.47,952.32,420.52,18
6,player,69,0,0,894.31,287.19,961.02,421.24,18
6,player,70,0,0,903.0,287.92,969.71,421.97,18
6,player,71,0,0,908.07,287.69,974.78,421.74,18
6,player,72,0,0,913.14,287.46,979.85,421.51,18
6,player,73,0,0,918.21,287.23,984.92,421.27,18
6,player,74,0,0,923.28,287.0,989.99,421.04,18
6,player,75,0,0,928.35,286.77,995.06,420.81,18
6,player,76,0,0,933.43,286.54,1000.13,420.58,18
6,player,77,0,0,938.5,286.3,1005.2,420.35,18
6,player,78,0,0,943.57,286.07,1010.27,420.12,18
6,player,79,0,0,948.64,285.84,1015.34,419.89,18
6,player,80,0,0,953.71,285.61,1020.41,419.66,18
6,player,81,0,0,958.78,285.38,1025.48,419.43,18
6,player,82,0,0,965.88,284.88,1032.58,418.92,18
6,player,83,0,0,972.97,284.37,1039.68,418.42,18
6,player,84,0,0,980.07,283.86,1046.78,417.91,18
6,player,85,0,0,987.17,283.35,1053.88,417.4,18
6,player,86,0,0,994.27,282.85,1060.98,416.9,18
6,player,87,0,0,997.84,282.27,1064.55,416.32,18
6,player,88,0,0,1001.41,281.7,1068.12,415.74,18
6,player,89,0,0,1004.99,281.12,1071.69,415.17,18
6,player,90,0,0,1008.56,280.54,1075.26,414.59,18
6,player,91,0,0,1012.13,279.97,1078.84,414.01,18
6,player,92,0,0,1015.7,279.39,1082.41,413.44,18
6,player,93,0,0,1019.28,278.81,1085.98,412.86,18
6,player,94,0,0,1022.85,278.24,1089.55,412.29,18
6,player,95,0,0,1026.42,277.66,1093.13,411.71,18
6,player,96,0,0,1029.99,277.09,1096.7,411.13,18
6,player,97,0,0,1033.57,276.51,1100.27,410.56,18
6,player,98,0,0,1037.14,275.93,1103.84,409.98,18
6,player,99,0,0,1040.71,275.36,1107.42,409.4,18
6,player,100,0,0,1044.28,274.78,1110.99,408.83,18
6,player,101,0,0,1047.85,274.2,1114.56,408.25,18
6,player,102,0,0,1051.43,273.63,1118.13,407.68,18
6,player,103,0,0,1055.0,273.05,1121.71,407.1,18
6,player,104,0,0,1058.57,272.48,1125.28,406.52,18
6,player,105,0,0,1062.14,271.9,1128.85,405.95,18
6,player,106,0,0,1065.72,271.32,1132.42,405.37,18
6,player,107,0,0,1069.29,270.75,1135.99,404.8,18
6,player,108,0,0,1072.86,270.17,1139.57,404.22,18
6,player,109,0,0,1076.24,269.96,1142.95,404.01,18
6,player,110,0,0,1079.62,269.75,1146.33,403.8,18
6,player,111,0,0,1083.0,269.54,1149.71,403.59,18
6,player,112,0,0,1086.38,269.33,1153.09,403.37,18
6,player,113,0,0,1089.76,269.11,1156.47,403.16,18
6,player,114,0,0,1093.14,268.9,1159.85,402.95,18
6,player,115,0,0,1096.52,268.69,1163.23,402.74,18
6,player,116,0,0,1099.9,268.48,1166.61,402.53,18
6,player,117,0,0,1103.28,268.27,1169.99,402.32,18
6,player,118,0,0,1106.66,268.06,1173.37,402.11,18
6,player,119,0,0,1110.04,267.85,1176.75,401.9,18
6,player,120,0,0,1113.42,267.64,1180.13,401.68,18
6,player,121,0,0,1114.09,266.43,1180.8,400.48,18
6,player,122,0,0,1114.76,265.23,1181.46,399.28,18
6,player,123,0,0,1115.43,264.03,1182.13,398.08,18
6,player,124,0,0,1116.09,262.83,1182.8,396.88,18
6,player,125,0,0,1116.76,261.63,1183.47,395.68,18
6,player,126,0,0,1117.43,260.43,1184.13,394.48,18
6,player,127,0,0,1118.09,259.23,1184.8,393.28,18
6,player,128,0,0,1118.76,258.03,1185.47,392.08,18
6,player,129,0,0,1119.43,256.83,1186.13,390.88,18
6,player,130,0,0,1120.1,255.63,1186.8,389.67,18
6,player,131,0,0,1120.76,254.43,1187.47,388.47,18
6,player,132,0,0,1121.43,253.22,1188.14,387.27,18
6,player,133,0,0,1122.1,252.02,1188.8,386.07,18
6,player,134,0,0,1122.76,250.82,1189.47,384.87,18
6,player,135,0,0,1123.43,249.62,1190.14,383.67,18
6,player,136,0,0,1124.1,248.42,1190.8,382.47,18
6,player,137,0,0,1124.77,247.22,1191.47,381.27,18
6,player,138,0,0,1125.43,246.02,1192.14,380.07,18
6,player,139,0,0,1126.1,244.82,1192.81,378.87,18
6,player,140,0,0,1130.33,244.82,1197.03,378.87,18
6,player,141,0,0,1134.55,244.82,1201.26,378.87,18
6,player,142,0,0,1138.78,244.82,1205.48,378.87,18
6,player,143,0,0,1143.0,244.82,1209.71,378.87,18
6,player,144,0,0,1147.23,244.82,1213.93,378.87,18
6,player,145,0,0,1151.45,244.82,1218.16,378.87,18
6,player,146,0,0,1155.68,244.82,1222.38,378.87,18
6,player,147,0,0,1159.9,244.82,1226.61,378.87,18
6,player,148,0,0,1164.13,244.82,1230.83,378.87,18
6,player,149,0,0,1164.91,244.23,1231.61,378.28,18
6,player,150,0,0,1165.69,243.65,1232.39,377.7,18
6,player,151,0,0,1166.47,243.06,1233.17,377.11,18
6,player,152,0,0,1167.25,242.48,1233.95,376.53,18
6,player,153,0,0,1168.03,241.89,1234.73,375.94,18
6,player,154,0,0,1168.81,241.31,1235.51,375.36,18
6,player,155,0,0,1169.59,240.72,1236.29,374.77,18
6,player,156,0,0,1170.37,240.14,1237.07,374.19,18
6,player,157,0,0,1171.15,239.55,1237.86,373.6,18
6,player,158,0,0,1171.93,238.97,1238.64,373.02,18
6,player,159,0,0,1172.71,238.38,1239.42,372.43,18
6,player,160,0,0,1173.49,237.8,1240.2,371.85,18
6,player,161,0,0,1174.27,237.21,1240.98,371.26,18
6,player,162,0,0,1175.05,236.63,1241.76,370.68,18
6,player,163,0,0,1175.83,236.04,1242.54,370.09,18
6,player,164,0,0,1176.61,235.46,1243.32,369.51,18
6,player,165,0,0,1177.39,234.87,1244.1,368.92,18
6,player,166,0,0,1178.17,234.29,1244.88,368.34,18
6,player,167,0,0,1178.95,233.7,1245.66,367.75,18
6,player,168,0,0,1179.73,233.12,1246.44,367.16,18
6,player,169,0,0,1180.51,232.53,1247.22,366.58,18
6,player,170,0,0,1181.29,231.95,1248.0,365.99,18
6,player,171,0,0,1182.07,231.36,1248.78,365.41,18
6,player,172,0,0,1182.85,230.78,1249.56,364.82,18
6,player,173,0,0,1183.63,230.19,1250.34,364.24,18
6,player,174,0,0,1184.41,229.61,1251.12,363.65,18
6,player,175,0,0,1193.38,229.8,1260.09,363.85,18
6,player,176,0,0,1202.35,230.0,1269.06,364.04,18
6,player,177,0,0,1211.32,230.19,1278.03,364.24,18
6,player,178,0,0,1220.29,230.39,1287.0,364.43,18
6,player,179,0,0,1229.26,230.58,1295.97,364.63,18
6,player,180,0,0,1238.23,230.78,1304.94,364.83,18
6,player,181,0,0,1247.21,230.97,1313.91,365.02,18
6,player,182,0,0,1256.18,231.17,1322.88,365.22,18
6,player,183,0,0,1265.15,231.36,1331.85,365.41,18
6,player,184,0,0,1274.12,231.56,1340.82,365.61,18
6,player,185,0,0,1283.09,231.75,1349.79,365.8,18
6,player,186,0,0,1292.06,231.95,1358.77,366.0,18
6,player,187,0,0,1301.03,232.14,1367.74,366.19,18
6,player,188,0,0,1316.24,229.61,1382.95,363.66,18
6,player,189,0,0,1333.99,229.61,1400.69,363.66,18
6,player,190,0,0,1346.66,232.14,1413.37,366.19,18
6,player,191,0,0,1356.8,231.13,1423.51,365.18,18
6,player,192,0,0,1366.95,230.11,1433.65,364.16,18
6,player,193,0,0,1377.09,229.1,1443.79,363.15,18
6,player,194,0,0,1387.23,228.09,1453.93,362.13,18
6,player,195,0,0,1397.37,227.07,1464.07,361.12,18
6,player,196,0,0,1402.64,226.67,1469.35,360.71,18
6,player,197,0,0,1407.91,226.26,1474.62,360.31,18
6,player,198,0,0,1413.19,225.86,1479.89,359.9,18
6,player,199,0,0,1418.46,225.45,1485.17,359.5,18
6,player,200,0,0,1423.73,225.04,1490.44,359.09,18
6,player,201,0,0,1429.01,224.64,1495.71,358.69,18
6,player,202,0,0,1434.28,224.23,1500.99,358.28,18
6,player,203,0,0,1439.55,223.83,1506.26,357.87,18
6,player,204,0,0,1444.83,223.42,1511.53,357.47,18
6,player,205,0,0,1450.1,223.02,1516.81,357.06,18
6,player,206,0,0,1455.37,222.61,1522.08,356.66,18
6,player,207,0,0,1460.65,222.2,1527.35,356.25,18
6,player,208,0,0,1465.92,221.8,1532.63,355.85,18
6,player,209,0,0,1471.19,221.39,1537.9,355.44,18
6,player,210,0,0,1476.47,220.99,1543.17,355.04,18
6,player,211,0,0,1481.74,220.58,1548.45,354.63,18
6,player,212,0,0,1487.01,220.18,1553.72,354.22,18
6,player,213,0,0,1492.29,219.77,1558.99,353.82,18
6,player,214,0,0,1497.56,219.36,1564.27,353.41,18
6,player,215,0,0,1502.83,218.96,1569.54,353.01,18
6,player,216,0,0,1508.11,218.55,1574.81,352.6,18
6,player,217,0,0,1513.38,218.15,1580.09,352.2,18
6,player,218,0,0,1518.65,217.74,1585.36,351.79,18
6,player,219,0,0,1523.93,217.34,1590.63,351.38,18
6,player,220,0,0,1529.2,216.93,1595.9,350.98,18
6,player,221,0,0,1530.35,215.32,1597.06,349.37,18
6,player,222,0,0,1531.5,213.7,1598.21,347.75,18
6,player,223,0,0,1532.66,212.09,1599.36,346.14,18
6,player,224,0,0,1533.81,210.48,1600.51,344.53,18
6,player,225,0,0,1534.96,208.86,1601.67,342.91,18
6,player,226,0,0,1536.11,207.25,1602.82,341.3,18
6,player,227,0,0,1537.27,205.64,1603.97,339.69,18
6,player,228,0,0,1538.42,204.02,1605.12,338.07,18
6,player,229,0,0,1539.57,202.41,1606.28,336.46,18
6,player,230,0,0,1540.72,200.8,1607.43,334.85,18
6,player,231,0,0,1541.88,199.18,1608.58,333.23,18
6,player,232,0,0,1543.03,197.57,1609.73,331.62,18
6,player,233,0,0,1544.18,195.96,1610.89,330.01,18
6,player,234,0,0,1545.33,194.34,1612.04,328.39,18
6,player,235,0,0,1546.49,192.73,1613.19,326.78,18
6,player,236,0,0,1547.64,191.12,1614.34,325.17,18
6,player,237,0,0,1548.79,189.5,1615.5,323.55,18
6,player,238,0,0,1549.94,187.89,1616.65,321.94,18
6,player,239,0,0,1551.09,186.28,1617.8,320.33,18
6,player,240,0,0,1552.25,184.66,1618.95,318.71,18
6,player,241,0,0,1553.4,183.05,1620.11,317.1,18
6,player,242,0,0,1554.55,181.44,1621.26,315.49,18
6,player,243,0,0,1553.83,181.44,1620.53,315.49,18
6,player,244,0,0,1553.1,181.44,1619.81,315.49,18
6,player,245,0,0,1552.38,181.44,1619.08,315.49,18
6,player,246,0,0,1551.65,181.44,1618.36,315.49,18
6,player,247,0,0,1550.93,181.44,1617.64,315.49,18
6,player,248,0,0,1550.21,181.44,1616.91,315.49,18
6,player,249,0,0,1549.48,181.44,1616.19,315.49,18
6,player,250,0,0,1544.29,180.71,1611.0,314.76,18
6,player,251,0,0,1539.1,179.99,1605.8,314.04,18
6,player,252,0,0,1533.91,179.26,1600.61,313.31,18
6,player,253,0,0,1528.72,178.54,1595.42,312.59,18
6,player,254,0,0,1523.53,177.82,1590.23,311.86,18
6,player,255,0,0,1518.33,177.09,1585.04,311.14,18
6,player,256,0,0,1513.14,176.37,1579.85,310.42,18
6,player,257,0,0,1507.95,175.64,1574.66,309.69,18
6,player,258,0,0,1502.76,174.92,1569.47,308.97,18
6,player,259,0,0,1497.57,174.19,1564.28,308.24,18
6,player,260,0,0,1492.38,173.47,1559.08,307.52,18
6,player,261,0,0,1487.19,172.75,1553.89,306.79,18
6,player,262,0,0,1482.0,172.02,1548.7,306.07,18
6,player,263,0,0,1476.81,171.3,1543.51,305.34,18
6,player,264,0,0,1471.61,170.57,1538.32,304.62,18
6,player,265,0,0,1466.42,169.85,1533.13,303.9,18
6,player,266,0,0,1461.23,169.12,1527.94,303.17,18
6,player,267,0,0,1456.04,168.4,1522.75,302.45,18
6,player,268,0,0,1450.85,167.68,1517.55,301.72,18
6,player,269,0,0,1445.66,166.95,1512.36,301.0,18
6,player,270,0,0,1440.47,166.23,1507.17,300.27,18
6,player,271,0,0,1434.89,168.25,1501.6,302.3,18
6,player,272,0,0,1429.31,170.28,1496.02,304.33,18
6,player,273,0,0,1423.73,172.31,1490.44,306.36,18
6,player,274,0,0,1418.16,174.34,1484.86,308.39,18
6,player,275,0,0,1412.58,176.37,1479.29,310.42,18
6,player,276,0,0,1407.0,178.4,1473.71,312.44,18
6,player,277,0,0,1401.42,180.42,1468.13,314.47,18
6,player,278,0,0,1395.85,182.45,1462.55,316.5,18
6,player,279,0,0,1390.27,184.48,1456.98,318.53,18
6,player,280,0,0,1384.69,186.51,1451.4,320.56,18
6,player,281,0,0,1379.12,188.54,1445.82,322.59,18
6,player,282,0,0,1373.54,190.57,1440.24,324.61,18
6,player,283,0,0,1367.96,192.59,1434.67,326.64,18
6,player,284,0,0,1362.38,194.62,1429.09,328.67,18
6,player,285,0,0,1356.81,196.65,1423.51,330.7,18
6,player,286,0,0,1353.21,197.02,1419.92,331.07,18
6,player,287,0,0,1349.61,197.39,1416.32,331.44,18
6,player,288,0,0,1346.02,197.76,1412.73,331.8,18
6,player,289,0,0,1342.42,198.13,1409.13,332.17,18
6,player,290,0,0,1338.83,198.49,1405.53,332.54,18
6,player,291,0,0,1335.23,198.86,1401.94,332.91,18
6,player,292,0,0,1331.64,199.23,1398.34,333.28,18
6,player,293,0,0,1328.04,199.6,1394.75,333.65,18
6,player,294,0,0,1324.45,199.97,1391.15,334.02,18
6,player,295,0,0,1320.85,200.34,1387.56,334.39,18
6,player,296,0,0,1317.26,200.71,1383.96,334.75,18
6,player,297,0,0,1313.66,201.08,1380.37,335.12,18
6,player,298,0,0,1310.07,201.44,1376.77,335.49,18
6,player,299,0,0,1306.47,201.81,1373.18,335.86,18
6,player,300,0,0,1302.87,202.18,1369.58,336.23,18
6,player,301,0,0,1299.28,202.55,1365.98,336.6,18
6,player,302,0,0,1295.68,202.92,1362.39,336.97,18
6,player,303,0,0,1292.09,203.29,1358.79,337.34,18
6,player,304,0,0,1288.49,203.66,1355.2,337.7,18
6,player,305,0,0,1284.9,204.03,1351.6,338.07,18
6,player,306,0,0,1281.3,204.39,1348.01,338.44,18
6,player,307,0,0,1277.71,204.76,1344.41,338.81,18
6,player,308,0,0,1274.11,205.13,1340.82,339.18,18
6,player,309,0,0,1270.52,205.5,1337.22,339.55,18
6,player,310,0,0,1266.92,205.87,1333.63,339.92,18
6,player,311,0,0,1263.33,206.24,1330.03,340.29,18
6,player,312,0,0,1259.73,206.61,1326.44,340.65,18
6,player,313,0,0,1256.13,206.98,1322.84,341.02,18
6,player,314,0,0,1252.54,207.34,1319.24,341.39,18
6,player,315,0,0,1248.94,207.71,1315.65,341.76,18
6,player,316,0,0,1245.35,208.08,1312.05,342.13,18
6,player,317,0,0,1241.75,208.45,1308.46,342.5,18
6,player,318,0,0,1238.16,208.82,1304.86,342.87,18
6,player,319,0,0,1234.56,209.19,1301.27,343.24,18
6,player,320,0,0,1230.97,209.56,1297.67,343.6,18
6,player,321,0,0,1227.37,209.93,1294.08,343.97,18
6,player,322,0,0,1223.78,210.29,1290.48,344.34,18
6,player,323,0,0,1220.18,210.66,1286.89,344.71,18
6,player,324,0,0,1216.59,211.03,1283.29,345.08,18
6,player,325,0,0,1212.99,211.4,1279.7,345.45,18
6,player,326,0,0,1209.39,211.77,1276.1,345.82,18
6,player,327,0,0,1205.8,212.14,1272.5,346.19,18
6,player,328,0,0,1202.2,212.51,1268.91,346.55,18
6,player,329,0,0,1198.61,212.88,1265.31,346.92,18
6,player,330,0,0,1195.01,213.24,1261.72,347.29,18
6,player,331,0,0,1191.42,213.61,1258.12,347.66,18
6,player,332,0,0,1187.82,213.98,1254.53,348.03,18
6,player,333,0,0,1184.23,214.35,1250.93,348.4,18
6,player,334,0,0,1180.63,214.72,1247.34,348.77,18
6,player,335,0,0,1177.04,215.09,1243.74,349.14,18
6,player,336,0,0,1173.44,215.46,1240.15,349.5,18
6,player,337,0,0,1169.84,215.83,1236.55,349.87,18
6,player,338,0,0,1166.25,216.19,1232.96,350.24,18
6,player,339,0,0,1162.65,216.56,1229.36,350.61,18
6,player,340,0,0,1159.06,216.93,1225.76,350.98,18
6,player,341,0,0,1160.11,217.35,1226.82,351.4,18
6,player,342,0,0,1161.17,217.78,1227.88,351.82,18
6,player,343,0,0,1162.23,218.2,1228.93,352.25,18
6,player,344,0,0,1163.28,218.62,1229.99,352.67,18
6,player,345,0,0,1164.34,219.04,1231.05,353.09,18
6,player,346,0,0,1165.4,219.47,1232.1,353.51,18
6,player,347,0,0,1166.45,219.89,1233.16,353.94,18
6,player,348,0,0,1167.51,220.31,1234.22,354.36,18
6,player,349,0,0,1168.57,220.73,1235.27,354.78,18
6,player,350,0,0,1169.62,221.16,1236.33,355.2,18
6,player,351,0,0,1170.68,221.58,1237.38,355.63,18
6,player,352,0,0,1171.73,222.0,1238.44,356.05,18
6,player,353,0,0,1172.79,222.42,1239.5,356.47,18
6,player,354,0,0,1173.85,222.85,1240.55,356.9,18
6,player,355,0,0,1174.9,223.27,1241.61,357.32,18
6,player,356,0,0,1175.96,223.69,1242.67,357.74,18
6,player,357,0,0,1177.02,224.11,1243.72,358.16,18
6,player,358,0,0,1178.07,224.54,1244.78,358.59,18
6,player,359,0,0,1179.13,224.96,1245.84,359.01,18
6,player,360,0,0,1180.19,225.38,1246.89,359.43,18
6,player,361,0,0,1181.24,225.8,1247.95,359.85,18
6,player,362,0,0,1182.3,226.23,1249.0,360.28,18
6,player,363,0,0,1183.35,226.65,1250.06,360.7,18
6,player,364,0,0,1184.41,227.07,1251.12,361.12,18
6,player,365,0,0,1185.85,226.99,1252.55,361.04,18
6,player,366,0,0,1187.28,226.9,1253.99,360.95,18
6,player,367,0,0,1188.72,226.82,1255.43,360.87,18
6,player,368,0,0,1190.16,226.73,1256.86,360.78,18
6,player,369,0,0,1191.59,226.65,1258.3,360.7,18
6,player,370,0,0,1193.03,226.57,1259.74,360.61,18
6,player,371,0,0,1194.47,226.48,1261.17,360.53,18
6,player,372,0,0,1195.9,226.4,1262.61,360.44,18
6,player,373,0,0,1197.34,226.31,1264.05,360.36,18
6,player,374,0,0,1198.78,226.23,1265.48,360.27,18
6,player,375,0,0,1200.21,226.14,1266.92,360.19,18
6,player,376,0,0,1201.65,226.06,1268.36,360.11,18
6,player,377,0,0,1203.09,225.97,1269.79,360.02,18
6,player,378,0,0,1204.52,225.89,1271.23,359.94,18
6,player,379,0,0,1205.96,225.8,1272.67,359.85,18
6,player,380,0,0,1207.4,225.72,1274.1,359.77,18
6,player,381,0,0,1208.83,225.64,1275.54,359.68,18
6,player,382,0,0,1210.27,225.55,1276.98,359.6,18
6,player,383,0,0,1211.71,225.47,1278.41,359.51,18
6,player,384,0,0,1213.14,225.38,1279.85,359.43,18
6,player,385,0,0,1214.58,225.3,1281.29,359.35,18
6,player,386,0,0,1216.02,225.21,1282.72,359.26,18
6,player,387,0,0,1217.45,225.13,1284.16,359.18,18
6,player,388,0,0,1218.89,225.04,1285.6,359.09,18
6,player,389,0,0,1220.33,224.96,1287.03,359.01,18
6,player,390,0,0,1221.76,224.87,1288.47,358.92,18
6,player,391,0,0,1223.2,224.79,1289.91,358.84,18
6,player,392,0,0,1224.64,224.71,1291.34,358.75,18
6,player,393,0,0,1226.07,224.62,1292.78,358.67,18
6,player,394,0,0,1227.51,224.54,1294.22,358.58,18
6,player,395,0,0,1230.68,226.44,1297.38,360.49,18
6,player,396,0,0,1233.85,228.34,1300.55,362.39,18
6,player,397,0,0,1237.02,230.24,1303.72,364.29,18
6,player,398,0,0,1240.19,232.14,1306.89,366.19,18
6,player,399,0,0,1243.36,234.04,1310.06,368.09,18
6,player,400,0,0,1246.52,235.94,1313.23,369.99,18
6,player,401,0,0,1249.69,237.85,1316.4,371.89,18
6,player,402,0,0,1252.86,239.75,1319.57,373.8,18
6,player,403,0,0,1256.87,240.15,1323.57,374.2,18
6,player,404,0,0,1260.87,240.55,1327.57,374.6,18
6,player,405,0,0,1264.87,240.95,1331.58,375.0,18
6,player,406,0,0,1268.87,241.35,1335.58,375.4,18
6,player,407,0,0,1272.88,241.75,1339.58,375.8,18
6,player,408,0,0,1276.88,242.15,1343.59,376.2,18
6,player,409,0,0,1280.88,242.55,1347.59,376.6,18
6,player,410,0,0,1284.89,242.95,1351.59,377.0,18
6,player,411,0,0,1288.89,243.35,1355.59,377.4,18
6,player,412,0,0,1292.89,243.75,1359.6,377.8,18
6,player,413,0,0,1296.9,244.15,1363.6,378.2,18
6,player,414,0,0,1300.9,244.55,1367.6,378.6,18
6,player,415,0,0,1304.9,244.95,1371.61,379.0,18
6,player,416,0,0,1308.9,245.35,1375.61,379.4,18
6,player,417,0,0,1312.91,245.75,1379.61,379.8,18
6,player,418,0,0,1316.91,246.15,1383.62,380.2,18
6,player,419,0,0,1320.91,246.55,1387.62,380.6,18
6,player,420,0,0,1324.92,246.95,1391.62,381.0,18
6,player,421,0,0,1328.92,247.35,1395.62,381.4,18
6,player,422,0,0,1337.37,248.62,1404.08,382.67,18
6,player,423,0,0,1345.82,249.89,1412.53,383.94,18
6,player,424,0,0,1354.27,251.16,1420.98,385.2,18
6,player,425,0,0,1362.72,252.42,1429.43,386.47,18
6,player,426,0,0,1371.17,253.69,1437.88,387.74,18
6,player,427,0,0,1379.62,254.96,1446.33,389.01,18
6,player,428,0,0,1388.07,256.23,1454.78,390.27,18
6,player,429,0,0,1396.52,257.49,1463.23,391.54,18
6,player,430,0,0,1404.98,258.76,1471.68,392.81,18
6,player,431,0,0,1413.43,260.03,1480.13,394.08,18
6,player,432,0,0,1421.88,261.3,1488.58,395.34,18
6,player,433,0,0,1430.33,262.56,1497.03,396.61,18
6,player,434,0,0,1430.06,262.26,1496.76,396.3,18
6,player,435,0,0,1429.79,261.95,1496.49,396.0,18
6,player,436,0,0,1429.52,261.64,1496.22,395.69,18
6,player,437,0,0,1429.25,261.34,1495.95,395.38,18
6,player,438,0,0,1428.98,261.03,1495.68,395.08,18
6,player,439,0,0,1428.71,260.72,1495.41,394.77,18
6,player,440,0,0,1428.44,260.41,1495.14,394.46,18
6,player,441,0,0,1428.17,260.11,1494.87,394.16,18
6,player,442,0,0,1427.9,259.8,1494.61,393.85,18
6,player,443,0,0,1427.63,259.49,1494.34,393.54,18
6,player,444,0,0,1427.36,259.19,1494.07,393.24,18
6,player,445,0,0,1427.09,258.88,1493.8,392.93,18
6,player,446,0,0,1426.82,258.57,1493.53,392.62,18
6,player,447,0,0,1426.55,258.27,1493.26,392.31,18
6,player,448,0,0,1426.28,257.96,1492.99,392.01,18
6,player,449,0,0,1426.01,257.65,1492.72,391.7,18
6,player,450,0,0,1425.74,257.35,1492.45,391.39,18
6,player,451,0,0,1425.47,257.04,1492.18,391.09,18
6,player,452,0,0,1425.2,256.73,1491.91,390.78,18
6,player,453,0,0,1424.93,256.42,1491.64,390.47,18
6,player,454,0,0,1424.66,256.12,1491.37,390.17,18
6,player,455,0,0,1424.39,255.81,1491.1,389.86,18
6,player,456,0,0,1424.12,255.5,1490.83,389.55,18
6,player,457,0,0,1423.85,255.2,1490.56,389.25,18
6,player,458,0,0,1423.58,254.89,1490.29,388.94,18
6,player,459,0,0,1423.31,254.58,1490.02,388.63,18
6,player,460,0,0,1423.04,254.28,1489.75,388.32,18
6,player,461,0,0,1422.77,253.97,1489.48,388.02,18
6,player,462,0,0,1422.5,253.66,1489.21,387.71,18
6,player,463,0,0,1422.24,253.36,1488.94,387.4,18
6,player,464,0,0,1421.97,253.05,1488.67,387.1,18
6,player,465,0,0,1421.7,252.74,1488.4,386.79,18
6,player,466,0,0,1421.43,252.43,1488.13,386.48,18
6,player,467,0,0,1421.16,252.13,1487.86,386.18,18
6,player,468,0,0,1420.89,251.82,1487.59,385.87,18
6,player,469,0,0,1420.62,251.51,1487.32,385.56,18
6,player,470,0,0,1420.35,251.21,1487.05,385.25,18
6,player,471,0,0,1420.08,250.9,1486.78,384.95,18
6,player,472,0,0,1419.81,250.59,1486.51,384.64,18
6,player,473,0,0,1419.54,250.29,1486.24,384.33,18
6,player,474,0,0,1419.27,249.98,1485.97,384.03,18
6,player,475,0,0,1419.0,249.67,1485.7,383.72,18
6,player,476,0,0,1418.73,249.37,1485.43,383.41,18
6,player,477,0,0,1418.46,249.06,1485.16,383.11,18
6,player,478,0,0,1418.19,248.75,1484.89,382.8,18
6,player,479,0,0,1417.92,248.44,1484.62,382.49,18
6,player,480,0,0,1417.65,248.14,1484.36,382.19,18
6,player,481,0,0,1417.38,247.83,1484.09,381.88,18
6,player,482,0,0,1417.11,247.52,1483.82,381.57,18
6,player,483,0,0,1416.84,247.22,1483.55,381.26,18
6,player,484,0,0,1416.57,246.91,1483.28,380.96,18
6,player,485,0,0,1416.3,246.6,1483.01,380.65,18
6,player,486,0,0,1416.03,246.3,1482.74,380.34,18
6,player,487,0,0,1415.76,245.99,1482.47,380.04,18
6,player,488,0,0,1415.49,245.68,1482.2,379.73,18
6,player,489,0,0,1415.22,245.38,1481.93,379.42,18
6,player,490,0,0,1414.95,245.07,1481.66,379.12,18
6,player,491,0,0,1414.68,244.76,1481.39,378.81,18
6,player,492,0,0,1414.41,244.45,1481.12,378.5,18
6,player,493,0,0,1414.14,244.15,1480.85,378.2,18
6,player,494,0,0,1413.87,243.84,1480.58,377.89,18
6,player,495,0,0,1413.6,243.53,1480.31,377.58,18
6,player,496,0,0,1413.33,243.23,1480.04,377.27,18
6,player,497,0,0,1413.06,242.92,1479.77,376.97,18
6,player,498,0,0,1412.79,242.61,1479.5,376.66,18
6,player,499,0,0,1412.52,242.31,1479.23,376.35,18
6,player,500,0,0,1412.25,242.0,1478.96,376.05,18
6,player,501,0,0,1411.99,241.69,1478.69,375.74,18
6,player,502,0,0,1411.72,241.38,1478.42,375.43,18
6,player,503,0,0,1411.45,241.08,1478.15,375.13,18
6,player,504,0,0,1411.18,240.77,1477.88,374.82,18
6,player,505,0,0,1410.91,240.46,1477.61,374.51,18
6,player,506,0,0,1410.64,240.16,1477.34,374.21,18
6,player,507,0,0,1410.37,239.85,1477.07,373.9,18
6,player,508,0,0,1410.1,239.54,1476.8,373.59,18
6,player,509,0,0,1409.83,239.24,1476.53,373.28,18
6,player,510,0,0,1409.56,238.93,1476.26,372.98,18
6,player,511,0,0,1409.29,238.62,1475.99,372.67,18
6,player,512,0,0,1409.02,238.32,1475.72,372.36,18
6,player,513,0,0,1408.75,238.01,1475.45,372.06,18
6,player,514,0,0,1408.48,237.7,1475.18,371.75,18
6,player,515,0,0,1408.21,237.39,1474.91,371.44,18
6,player,516,0,0,1407.94,237.09,1474.64,371.14,18
6,player,517,0,0,1407.67,236.78,1474.38,370.83,18
6,player,518,0,0,1407.4,236.47,1474.11,370.52,18
6,player,519,0,0,1407.13,236.17,1473.84,370.22,18
6,player,520,0,0,1406.89,235.69,1473.6,369.74,18
6,player,521,0,0,1406.65,235.22,1473.36,369.26,18
6,player,522,0,0,1406.42,234.74,1473.12,368.79,18
6,player,523,0,0,1406.18,234.27,1472.89,368.31,18
6,player,524,0,0,1405.94,233.79,1472.65,367.84,18
6,player,525,0,0,1405.7,233.32,1472.41,367.36,18
6,player,526,0,0,1405.47,232.84,1472.17,366.89,18
6,player,527,0,0,1405.23,232.37,1471.93,366.41,18
6,player,528,0,0,1404.99,231.89,1471.7,365.94,18
6,player,529,0,0,1404.75,231.42,1471.46,365.46,18
6,player,530,0,0,1404.52,230.94,1471.22,364.99,18
6,player,531,0,0,1404.28,230.47,1470.98,364.51,18
6,player,532,0,0,1404.04,229.99,1470.75,364.04,18
6,player,533,0,0,1403.8,229.51,1470.51,363.56,18
6,player,534,0,0,1403.57,229.04,1470.27,363.09,18
6,player,535,0,0,1403.33,228.56,1470.03,362.61,18
6,player,536,0,0,1403.09,228.09,1469.8,362.14,18
6,player,537,0,0,1402.85,227.61,1469.56,361.66,18
6,player,538,0,0,1398.93,227.26,1465.64,361.31,18
6,player,539,0,0,1395.01,226.9,1461.72,360.95,18
6,player,540,0,0,1391.09,226.55,1457.8,360.59,18
6,player,541,0,0,1387.17,226.19,1453.88,360.24,18
6,player,542,0,0,1383.25,225.83,1449.96,359.88,18
6,player,543,0,0,1379.33,225.48,1446.04,359.52,18
6,player,544,0,0,1374.36,225.03,1441.07,359.08,18
6,player,545,0,0,1369.39,224.58,1436.1,358.63,18
6,player,546,0,0,1364.42,224.13,1431.12,358.18,18
6,player,547,0,0,1359.45,223.69,1426.15,357.73,18
6,player,548,0,0,1354.47,223.24,1421.18,357.29,18
6,player,549,0,0,1349.5,222.79,1416.21,356.84,18
6,player,550,0,0,1344.53,222.34,1411.23,356.39,18
6,player,551,0,0,1339.56,221.9,1406.26,355.94,18
6,player,552,0,0,1334.58,221.45,1401.29,355.5,18
6,player,553,0,0,1329.61,221.0,1396.32,355.05,18
6,player,554,0,0,1324.64,220.55,1391.35,354.6,18
6,player,555,0,0,1319.67,220.11,1386.37,354.15,18
6,player,556,0,0,1314.7,219.66,1381.4,353.71,18
6,player,557,0,0,1309.72,219.21,1376.43,353.26,18
6,player,558,0,0,1304.75,218.76,1371.46,352.81,18
6,player,559,0,0,1299.78,218.32,1366.48,352.36,18
6,player,560,0,0,1294.81,217.87,1361.51,351.92,18
6,player,561,0,0,1289.83,217.42,1356.54,351.47,18
6,player,562,0,0,1284.86,216.97,1351.57,351.02,18
6,player,563,0,0,1279.89,216.53,1346.6,350.57,18
6,player,564,0,0,1274.92,216.08,1341.62,350.13,18
6,player,565,0,0,1269.95,215.63,1336.65,349.68,18
6,player,566,0,0,1264.97,215.18,1331.68,349.23,18
6,player,567,0,0,1260.0,214.74,1326.71,348.78,18
6,player,568,0,0,1255.03,214.29,1321.73,348.34,18
6,player,569,0,0,1250.06,213.84,1316.76,347.89,18
6,player,570,0,0,1245.08,213.39,1311.79,347.44,18
6,player,571,0,0,1240.11,212.95,1306.82,346.99,18
6,player,572,0,0,1235.14,212.5,1301.84,346.55,18
6,player,573,0,0,1230.17,212.05,1296.87,346.1,18
6,player,574,0,0,1225.19,211.6,1291.9,345.65,18
6,player,575,0,0,1220.22,211.16,1286.93,345.2,18
6,player,576,0,0,1215.25,210.71,1281.96,344.76,18
6,player,577,0,0,1210.28,210.26,1276.98,344.31,18
6,player,578,0,0,1205.31,209.81,1272.01,343.86,18
6,player,579,0,0,1200.33,209.37,1267.04,343.41,18
6,player,580,0,0,1195.36,208.92,1262.07,342.97,18
6,player,581,0,0,1190.39,208.47,1257.09,342.52,18
6,player,582,0,0,1185.42,208.02,1252.12,342.07,18
6,player,583,0,0,1180.44,207.58,1247.15,341.62,18
6,player,584,0,0,1175.47,207.13,1242.18,341.18,18
6,player,585,0,0,1170.5,206.68,1237.21,340.73,18
6,player,586,0,0,1165.53,206.23,1232.23,340.28,18
6,player,587,0,0,1165.4,206.29,1232.1,340.34,18
6,player,588,0,0,1165.27,206.34,1231.97,340.39,18
6,player,589,0,0,1165.14,206.4,1231.84,340.45,18
6,player,590,0,0,1165.01,206.46,1231.71,340.5,18
6,player,591,0,0,1164.88,206.51,1231.58,340.56,18
6,player,592,0,0,1164.75,206.57,1231.45,340.62,18
6,player,593,0,0,1164.62,206.62,1231.32,340.67,18
6,player,594,0,0,1164.49,206.68,1231.19,340.73,18
6,player,595,0,0,1164.36,206.74,1231.06,340.78,18
6,player,596,0,0,1164.23,206.79,1230.93,340.84,18
6,player,597,0,0,1164.1,206.85,1230.8,340.89,18
6,player,598,0,0,1163.97,206.9,1230.67,340.95,18
6,player,599,0,0,1163.84,206.96,1230.54,341.01,18
6,player,600,0,0,1163.71,207.01,1230.41,341.06,18
6,player,601,0,0,1163.58,207.07,1230.28,341.12,18
6,player,602,0,0,1163.45,207.13,1230.15,341.17,18
6,player,603,0,0,1163.31,207.18,1230.02,341.23,18
6,player,604,0,0,1163.18,207.24,1229.89,341.29,18
6,player,605,0,0,1163.05,207.29,1229.76,341.34,18
6,player,606,0,0,1162.92,207.35,1229.63,341.4,18
6,player,607,0,0,1162.79,207.4,1229.5,341.45,18
6,player,608,0,0,1162.66,207.46,1229.37,341.51,18
6,player,609,0,0,1162.53,207.52,1229.24,341.56,18
6,player,610,0,0,1162.4,207.57,1229.11,341.62,18
6,player,611,0,0,1162.27,207.63,1228.98,341.68,18
6,player,612,0,0,1162.14,207.68,1228.85,341.73,18
6,player,613,0,0,1162.01,207.74,1228.72,341.79,18
6,player,614,0,0,1161.88,207.8,1228.59,341.84,18
6,player,615,0,0,1161.75,207.85,1228.46,341.9,18
6,player,616,0,0,1161.62,207.91,1228.33,341.95,18
6,player,617,0,0,1161.49,207.96,1228.2,342.01,18
6,player,618,0,0,1161.36,208.02,1228.07,342.07,18
6,player,619,0,0,1161.23,208.07,1227.94,342.12,18
6,player,620,0,0,1161.1,208.13,1227.81,342.18,18
6,player,621,0,0,1160.97,208.19,1227.68,342.23,18
6,player,622,0,0,1160.84,208.24,1227.55,342.29,18
6,player,623,0,0,1160.71,208.3,1227.42,342.35,18
6,player,624,0,0,1160.58,208.35,1227.29,342.4,18
6,player,625,0,0,1160.45,208.41,1227.16,342.46,18
6,player,626,0,0,1160.32,208.46,1227.03,342.51,18
6,player,627,0,0,1160.19,208.52,1226.9,342.57,18
6,player,628,0,0,1160.06,208.58,1226.77,342.62,18
6,player,629,0,0,1159.93,208.63,1226.64,342.68,18
6,player,630,0,0,1159.8,208.69,1226.51,342.74,18
6,player,631,0,0,1159.67,208.74,1226.38,342.79,18
6,player,632,0,0,1159.54,208.8,1226.25,342.85,18
6,player,633,0,0,1159.41,208.85,1226.12,342.9,18
6,player,634,0,0,1159.28,208.91,1225.99,342.96,18
6,player,635,0,0,1159.15,208.97,1225.86,343.01,18
6,player,636,0,0,1159.02,209.02,1225.73,343.07,18
6,player,637,0,0,1158.89,209.08,1225.6,343.13,18
6,player,638,0,0,1158.76,209.13,1225.47,343.18,18
6,player,639,0,0,1158.63,209.19,1225.34,343.24,18
6,player,640,0,0,1158.5,209.25,1225.21,343.29,18
6,player,641,0,0,1158.37,209.3,1225.07,343.35,18
6,player,642,0,0,1158.24,209.36,1224.94,343.4,18
6,player,643,0,0,1158.11,209.41,1224.81,343.46,18
6,player,644,0,0,1157.98,209.47,1224.68,343.52,18
6,player,645,0,0,1157.85,209.52,1224.55,343.57,18
6,player,646,0,0,1157.72,209.58,1224.42,343.63,18
6,player,647,0,0,1157.59,209.64,1224.29,343.68,18
6,player,648,0,0,1157.46,209.69,1224.16,343.74,18
6,player,649,0,0,1157.33,209.75,1224.03,343.8,18
6,player,650,0,0,1157.2,209.8,1223.9,343.85,18
6,player,651,0,0,1157.07,209.86,1223.77,343.91,18
6,player,652,0,0,1156.94,209.91,1223.64,343.96,18
6,player,653,0,0,1156.81,209.97,1223.51,344.02,18
6,player,654,0,0,1156.68,210.03,1223.38,344.07,18
6,player,655,0,0,1156.55,210.08,1223.25,344.13,18
6,player,656,0,0,1156.42,210.14,1223.12,344.19,18
6,player,657,0,0,1156.29,210.19,1222.99,344.24,18
6,player,658,0,0,1156.16,210.25,1222.86,344.3,18
6,player,659,0,0,1156.03,210.3,1222.73,344.35,18
6,player,660,0,0,1155.9,210.36,1222.6,344.41,18
6,player,661,0,0,1155.77,210.42,1222.47,344.46,18
6,player,662,0,0,1155.64,210.47,1222.34,344.52,18
6,player,663,0,0,1155.51,210.53,1222.21,344.58,18
6,player,664,0,0,1155.38,210.58,1222.08,344.63,18
6,player,665,0,0,1155.25,210.64,1221.95,344.69,18
6,player,666,0,0,1155.12,210.7,1221.82,344.74,18
6,player,667,0,0,1154.99,210.75,1221.69,344.8,18
6,player,668,0,0,1154.86,210.81,1221.56,344.85,18
6,player,669,0,0,1154.73,210.86,1221.43,344.91,18
6,player,670,0,0,1154.6,210.92,1221.3,344.97,18
6,player,671,0,0,1154.46,210.97,1221.17,345.02,18
6,player,672,0,0,1154.33,211.03,1221.04,345.08,18
6,player,673,0,0,1154.2,211.09,1220.91,345.13,18
6,player,674,0,0,1154.07,211.14,1220.78,345.19,18
6,player,675,0,0,1153.94,211.2,1220.65,345.25,18
6,player,676,0,0,1153.81,211.25,1220.52,345.3,18
6,player,677,0,0,1153.68,211.31,1220.39,345.36,18
6,player,678,0,0,1153.55,211.36,1220.26,345.41,18
6,player,679,0,0,1153.42,211.42,1220.13,345.47,18
6,player,680,0,0,1153.29,211.48,1220.0,345.52,18
6,player,681,0,0,1153.16,211.53,1219.87,345.58,18
6,player,682,0,0,1153.03,211.59,1219.74,345.64,18
6,player,683,0,0,1152.9,211.64,1219.61,345.69,18
6,player,684,0,0,1152.77,211.7,1219.48,345.75,18
6,player,685,0,0,1152.64,211.76,1219.35,345.8,18
6,player,686,0,0,1152.51,211.81,1219.22,345.86,18
6,player,687,0,0,1152.38,211.87,1219.09,345.91,18
6,player,688,0,0,1152.25,211.92,1218.96,345.97,18
6,player,689,0,0,1152.12,211.98,1218.83,346.03,18
6,player,690,0,0,1151.99,212.03,1218.7,346.08,18
6,player,691,0,0,1151.86,212.09,1218.57,346.14,18
6,player,692,0,0,1151.73,212.15,1218.44,346.19,18
6,player,693,0,0,1151.6,212.2,1218.31,346.25,18
6,player,694,0,0,1151.47,212.26,1218.18,346.31,18
6,player,695,0,0,1151.34,212.31,1218.05,346.36,18
6,player,696,0,0,1151.21,212.37,1217.92,346.42,18
6,player,697,0,0,1151.08,212.42,1217.79,346.47,18
6,player,698,0,0,1150.95,212.48,1217.66,346.53,18
6,player,699,0,0,1150.82,212.54,1217.53,346.58,18
6,player,700,0,0,1150.69,212.59,1217.4,346.64,18
6,player,701,0,0,1150.56,212.65,1217.27,346.7,18
6,player,702,0,0,1146.64,212.65,1213.35,346.7,18
6,player,703,0,0,1142.72,212.65,1209.43,346.7,18
6,player,704,0,0,1138.8,212.65,1205.51,346.7,18
6,player,705,0,0,1134.88,212.65,1201.59,346.7,18
6,player,706,0,0,1130.96,212.65,1197.67,346.7,18
6,player,707,0,0,1127.04,212.65,1193.75,346.7,18
6,player,708,0,0,1123.12,212.65,1189.83,346.7,18
6,player,709,0,0,1119.2,212.65,1185.91,346.7,18
6,player,710,0,0,1115.28,212.65,1181.99,346.7,18
6,player,711,0,0,1111.36,212.65,1178.07,346.7,18
6,player,712,0,0,1107.44,212.65,1174.15,346.7,18
6,player,713,0,0,1103.52,212.65,1170.23,346.7,18
6,player,714,0,0,1099.67,211.58,1166.38,345.63,18
6,player,715,0,0,1095.83,210.51,1162.53,344.56,18
6,player,716,0,0,1091.98,209.44,1158.68,343.49,18
6,player,717,0,0,1088.13,208.37,1154.83,342.42,18
6,player,718,0,0,1084.28,207.3,1150.99,341.35,18
6,player,719,0,0,1080.43,206.23,1147.14,340.28,18
6,player,720,0,0,1076.58,205.16,1143.29,339.21,18
6,player,721,0,0,1072.73,204.1,1139.44,338.14,18
6,player,722,0,0,1068.89,203.03,1135.59,337.07,18
6,player,723,0,0,1065.04,201.96,1131.74,336.01,18
6,player,724,0,0,1063.49,201.96,1130.2,336.01,18
6,player,725,0,0,1061.94,201.96,1128.65,336.01,18
6,player,726,0,0,1060.4,201.96,1127.1,336.01,18
6,player,727,0,0,1058.85,201.96,1125.56,336.01,18
6,player,728,0,0,1057.3,201.96,1124.01,336.01,18
6,player,729,0,0,1055.76,201.96,1122.46,336.01,18
6,player,730,0,0,1054.21,201.96,1120.92,336.01,18
6,player,731,0,0,1052.66,201.96,1119.37,336.01,18
6,player,732,0,0,1051.12,201.96,1117.82,336.01,18
6,player,733,0,0,1049.57,201.96,1116.28,336.01,18
6,player,734,0,0,1048.02,201.96,1114.73,336.01,18
6,player,735,0,0,1046.48,201.96,1113.18,336.01,18
6,player,736,0,0,1044.93,201.96,1111.64,336.01,18
6,player,737,0,0,1043.38,201.96,1110.09,336.01,18
6,player,738,0,0,1041.84,201.96,1108.54,336.01,18
6,player,739,0,0,1040.29,201.96,1107.0,336.01,18
6,player,740,0,0,1038.74,201.96,1105.45,336.01,18
6,player,741,0,0,1037.2,201.96,1103.9,336.01,18
6,player,742,0,0,1035.65,201.96,1102.36,336.01,18
6,player,743,0,0,1034.1,201.96,1100.81,336.01,18
6,player,744,0,0,1032.56,201.96,1099.26,336.01,18
6,player,745,0,0,1031.01,201.96,1097.72,336.01,18
6,player,746,0,0,1029.46,201.96,1096.17,336.01,18
6,player,747,0,0,1027.92,201.96,1094.62,336.01,18
6,player,748,0,0,1026.37,201.96,1093.08,336.01,18
6,player,749,0,0,1024.82,201.96,1091.53,336.01,18
6,player,750,0,0,1023.28,201.96,1089.98,336.01,18
6,player,751,0,0,1021.73,201.96,1088.43,336.01,18
6,player,752,0,0,1020.18,201.96,1086.89,336.01,18
6,player,753,0,0,1018.64,201.96,1085.34,336.01,18
6,player,754,0,0,1017.09,201.96,1083.79,336.01,18
6,player,755,0,0,1015.54,201.96,1082.25,336.01,18
6,player,756,0,0,1014.0,201.96,1080.7,336.01,18
6,player,757,0,0,1012.45,201.96,1079.15,336.01,18
6,player,758,0,0,1010.9,201.96,1077.61,336.01,18
6,player,759,0,0,1009.36,201.96,1076.06,336.01,18
6,player,760,0,0,1007.81,201.96,1074.51,336.01,18
6,player,761,0,0,1006.26,201.96,1072.97,336.01,18
6,player,762,0,0,1004.72,201.96,1071.42,336.01,18
6,player,763,0,0,1003.17,201.96,1069.87,336.01,18
6,player,764,0,0,1001.62,201.96,1068.33,336.01,18
6,player,765,0,0,1000.08,201.96,1066.78,336.01,18
6,player,766,0,0,998.53,201.96,1065.23,336.01,18
6,player,767,0,0,996.98,201.96,1063.69,336.01,18
6,player,768,0,0,995.44,201.96,1062.14,336.01,18
6,player,769,0,0,993.89,201.96,1060.59,336.01,18
6,player,770,0,0,992.34,201.96,1059.05,336.01,18
6,player,771,0,0,994.91,202.95,1061.61,337.0,18
6,player,772,0,0,997.47,203.95,1064.18,338.0,18
6,player,773,0,0,1000.04,204.95,1066.74,339.0,18
6,player,774,0,0,1002.6,205.95,1069.31,340.0,18
6,player,775,0,0,1005.17,206.95,1071.88,340.99,18
6,player,776,0,0,1007.74,207.94,1074.44,341.99,18
6,player,777,0,0,1010.3,208.94,1077.01,342.99,18
6,player,778,0,0,1012.87,209.94,1079.57,343.99,18
6,player,779,0,0,1015.43,210.94,1082.14,344.99,18
6,player,780,0,0,1018.0,211.93,1084.71,345.98,18
6,player,781,0,0,1020.57,212.93,1087.27,346.98,18
6,player,782,0,0,1023.13,213.93,1089.84,347.98,18
6,player,783,0,0,1025.7,214.93,1092.4,348.98,18
6,player,784,0,0,1028.26,215.93,1094.97,349.97,18
6,player,785,0,0,1030.83,216.92,1097.53,350.97,18
6,player,786,0,0,1037.46,217.09,1104.16,351.14,18
6,player,787,0,0,1044.08,217.27,1110.79,351.31,18
6,player,788,0,0,1050.71,217.44,1117.42,351.49,18
6,player,789,0,0,1057.34,217.61,1124.05,351.66,18
6,player,790,0,0,1063.97,217.78,1130.67,351.83,18
6,player,791,0,0,1070.6,217.95,1137.3,352.0,18
6,player,792,0,0,1077.22,218.12,1143.93,352.17,18
6,player,793,0,0,1083.85,218.29,1150.56,352.34,18
6,player,794,0,0,1090.48,218.46,1157.19,352.51,18
6,player,795,0,0,1097.11,218.63,1163.81,352.68,18
6,player,796,0,0,1103.74,218.81,1170.44,352.85,18
6,player,797,0,0,1110.36,218.98,1177.07,353.02,18
6,player,798,0,0,1116.99,219.15,1183.7,353.2,18
6,player,799,0,0,1123.62,219.32,1190.33,353.37,18
6,player,800,0,0,1130.25,219.49,1196.95,353.54,18
6,player,801,0,0,1136.88,219.66,1203.58,353.71,18
6,player,802,0,0,1143.51,219.83,1210.21,353.88,18
6,player,803,0,0,1150.13,220.0,1216.84,354.05,18
6,player,804,0,0,1156.76,220.17,1223.47,354.22,18
6,player,805,0,0,1163.39,220.34,1230.1,354.39,18
6,player,806,0,0,1170.02,220.52,1236.72,354.56,18
6,player,807,0,0,1176.65,220.69,1243.35,354.74,18
6,player,808,0,0,1183.27,220.86,1249.98,354.91,18
6,player,809,0,0,1189.9,221.03,1256.61,355.08,18
6,player,810,0,0,1196.53,221.2,1263.24,355.25,18
6,player,811,0,0,1203.16,221.37,1269.86,355.42,18
6,player,812,0,0,1209.79,221.54,1276.49,355.59,18
6,player,813,0,0,1216.41,221.71,1283.12,355.76,18
6,player,814,0,0,1223.04,221.88,1289.75,355.93,18
6,player,815,0,0,1229.67,222.06,1296.38,356.1,18
6,player,816,0,0,1236.3,222.23,1303.0,356.27,18
6,player,817,0,0,1242.93,222.4,1309.63,356.45,18
6,player,818,0,0,1249.55,222.57,1316.26,356.62,18
6,player,819,0,0,1256.18,222.74,1322.89,356.79,18
6,player,820,0,0,1262.81,222.91,1329.52,356.96,18
6,player,821,0,0,1269.44,223.08,1336.14,357.13,18
6,player,822,0,0,1276.07,223.25,1342.77,357.3,18
6,player,823,0,0,1282.69,223.42,1349.4,357.47,18
6,player,824,0,0,1289.32,223.59,1356.03,357.64,18
6,player,825,0,0,1295.95,223.77,1362.66,357.81,18
6,player,826,0,0,1302.58,223.94,1369.28,357.99,18
6,player,827,0,0,1309.21,224.11,1375.91,358.16,18
6,player,828,0,0,1315.83,224.28,1382.54,358.33,18
6,player,829,0,0,1322.46,224.45,1389.17,358.5,18
6,player,830,0,0,1329.09,224.62,1395.8,358.67,18
6,player,831,0,0,1335.72,224.79,1402.42,358.84,18
6,player,832,0,0,1342.35,224.96,1409.05,359.01,18
6,player,833,0,0,1348.98,225.13,1415.68,359.18,18
6,player,834,0,0,1355.6,225.31,1422.31,359.35,18
6,player,835,0,0,1362.23,225.48,1428.94,359.52,18
6,player,836,0,0,1371.01,223.45,1437.71,357.5,18
6,player,837,0,0,1379.79,221.43,1446.49,355.47,18
6,player,838,0,0,1388.56,219.4,1455.27,353.45,18
6,player,839,0,0,1397.34,217.37,1464.05,351.42,18
6,player,840,0,0,1406.12,215.35,1472.82,349.4,18
6,player,841,0,0,1414.9,213.32,1481.6,347.37,18
6,player,842,0,0,1423.67,211.3,1490.38,345.35,18
6,player,843,0,0,1432.45,209.27,1499.16,343.32,18
6,player,844,0,0,1441.23,207.25,1507.93,341.29,18
6,player,845,0,0,1450.01,205.22,1516.71,339.27,18
6,player,846,0,0,1458.78,203.2,1525.49,337.24,18
6,player,847,0,0,1467.56,201.17,1534.27,335.22,18
6,player,848,0,0,1476.34,199.14,1543.04,333.19,18
6,player,849,0,0,1485.11,197.12,1551.82,331.17,18
6,player,850,0,0,1493.89,195.09,1560.6,329.14,18
6,player,851,0,0,1502.67,193.07,1569.38,327.12,18
6,player,852,0,0,1511.45,191.04,1578.15,325.09,18
6,player,853,0,0,1520.22,189.02,1586.93,323.06,18
6,player,854,0,0,1529.0,186.99,1595.71,321.04,18
6,player,855,0,0,1533.13,188.06,1599.83,322.11,18
6,player,856,0,0,1537.25,189.13,1603.95,323.18,18
6,player,857,0,0,1541.37,190.2,1608.08,324.25,18
6,player,858,0,0,1545.5,191.27,1612.2,325.32,18
6,player,859,0,0,1549.62,192.34,1616.32,326.38,18
6,player,860,0,0,1553.74,193.41,1620.45,327.45,18
6,player,861,0,0,1557.87,194.47,1624.57,328.52,18
6,player,862,0,0,1561.99,195.54,1628.69,329.59,18
6,player,863,0,0,1566.11,196.61,1632.82,330.66,18
6,player,864,0,0,1570.24,197.68,1636.94,331.73,18
6,player,865,0,0,1574.36,198.75,1641.06,332.8,18
6,player,866,0,0,1578.48,199.82,1645.19,333.87,18
6,player,867,0,0,1582.61,200.89,1649.31,334.94,18
6,player,868,0,0,1586.73,201.96,1653.44,336.01,18
6,player,869,0,0,1591.01,201.96,1657.71,336.01,18
6,player,870,0,0,1595.28,201.96,1661.99,336.01,18
6,player,871,0,0,1599.56,201.96,1666.26,336.01,18
6,player,872,0,0,1603.83,201.96,1670.54,336.01,18
6,player,873,0,0,1608.11,201.96,1674.82,336.01,18
6,player,874,0,0,1612.39,201.96,1679.09,336.01,18
6,player,875,0,0,1616.66,201.96,1683.37,336.01,18
6,player,876,0,0,1620.94,201.96,1687.64,336.01,18
6,player,877,0,0,1620.94,201.96,1687.64,336.01,18
6,player,878,0,0,1620.94,201.96,1687.64,336.01,18
6,player,879,0,0,1620.94,201.96,1687.64,336.01,18
6,player,880,0,0,1620.94,201.96,1687.64,336.01,18
6,player,881,0,0,1620.94,201.96,1687.64,336.01,18
6,player,882,0,0,1620.94,201.96,1687.64,336.01,18
6,player,883,0,0,1620.94,201.96,1687.64,336.01,18
6,player,884,0,0,1620.94,201.96,1687.64,336.01,18
6,player,885,0,0,1620.94,201.96,1687.64,336.01,18
6,player,886,0,0,1620.94,201.96,1687.64,336.01,18
6,player,887,0,0,1620.94,201.96,1687.64,336.01,18
6,player,888,0,0,1620.94,201.96,1687.64,336.01,18
6,player,889,0,0,1620.94,201.96,1687.64,336.01,18
6,player,890,0,0,1620.94,201.96,1687.64,336.01,18
6,player,891,0,0,1620.94,201.96,1687.64,336.01,18
6,player,892,0,0,1620.94,201.96,1687.64,336.01,18
6,player,893,0,0,1620.94,201.96,1687.64,336.01,18
6,player,894,0,0,1620.94,201.96,1687.64,336.01,18
6,player,895,0,0,1620.94,201.96,1687.64,336.01,18
6,player,896,0,0,1620.94,201.96,1687.64,336.01,18
6,player,897,0,0,1620.94,201.96,1687.64,336.01,18
6,player,898,0,0,1620.94,201.96,1687.64,336.01,18
6,player,899,0,0,1620.94,201.96,1687.64,336.01,18
7,player,18,0,0,831.38,413.32,923.41,547.42,21
7,player,19,0,0,830.82,413.04,920.88,544.6,21
7,player,20,0,0,830.25,412.76,918.35,541.79,21
7,player,21,0,0,829.69,412.48,915.81,538.97,21
7,player,22,0,0,829.13,412.2,913.28,536.15,21
7,player,23,0,0,828.56,411.92,910.75,533.33,21
7,player,24,0,0,828.0,411.63,908.22,530.52,21
7,player,25,0,0,827.44,411.35,905.69,527.7,21
7,player,26,0,0,826.87,411.07,903.16,524.88,21
7,player,27,0,0,826.31,410.79,900.63,522.06,21
7,player,28,0,0,827.58,408.68,901.9,519.95,21
7,player,29,0,0,828.84,406.56,903.16,517.84,21
7,player,30,0,0,830.11,404.45,904.43,515.73,21
7,player,31,0,0,831.38,402.34,905.7,513.61,21
7,player,32,0,0,832.65,400.23,906.97,511.5,21
7,player,33,0,0,833.92,398.11,908.24,509.39,21
7,player,34,0,0,838.65,397.78,912.97,509.05,21
7,player,35,0,0,843.38,397.44,917.7,508.71,21
7,player,36,0,0,848.11,397.1,922.43,508.38,21
7,player,37,0,0,852.84,396.76,927.16,508.04,21
7,player,38,0,0,857.58,396.42,931.9,507.7,21
7,player,39,0,0,862.31,396.09,936.63,507.36,21
7,player,40,0,0,867.04,395.75,941.36,507.02,21
7,player,41,0,0,871.77,395.41,946.09,506.68,21
7,player,42,0,0,876.51,395.07,950.83,506.35,21
7,player,43,0,0,881.24,394.73,955.56,506.01,21
7,player,44,0,0,885.97,394.4,960.29,505.67,21
7,player,45,0,0,890.7,394.06,965.02,505.33,21
7,player,46,0,0,895.44,393.72,969.76,504.99,21
7,player,47,0,0,900.17,393.38,974.49,504.66,21
7,player,48,0,0,904.9,393.04,979.22,504.32,21
7,player,49,0,0,914.2,392.37,988.52,503.64,21
7,player,50,0,0,923.49,391.69,997.81,502.97,21
7,player,51,0,0,932.79,391.01,1007.11,502.29,21
7,player,52,0,0,942.08,390.34,1016.4,501.61,21
7,player,53,0,0,951.38,389.66,1025.7,500.94,21
7,player,54,0,0,960.68,388.99,1035.0,500.26,21
7,player,55,0,0,969.97,388.31,1044.29,499.59,21
7,player,56,0,0,979.27,387.63,1053.59,498.91,21
7,player,57,0,0,988.56,386.96,1062.88,498.23,21
7,player,58,0,0,997.86,386.28,1072.18,497.56,21
7,player,59,0,0,1007.15,385.61,1081.47,496.88,21
7,player,60,0,0,1016.45,384.93,1090.77,496.21,21
7,player,61,0,0,1025.75,384.25,1100.07,495.53,21
7,player,62,0,0,1035.04,383.58,1109.36,494.85,21
7,player,63,0,0,1044.34,382.9,1118.66,494.18,21
7,player,64,0,0,1055.2,382.9,1129.52,494.18,21
7,player,65,0,0,1066.07,382.9,1140.39,494.18,21
7,player,66,0,0,1076.93,382.9,1151.25,494.18,21
7,player,67,0,0,1087.8,382.9,1162.12,494.18,21
7,player,68,0,0,1098.66,382.9,1172.98,494.18,21
7,player,69,0,0,1109.53,382.9,1183.85,494.18,21
7,player,70,0,0,1120.39,382.9,1194.71,494.18,21
7,player,71,0,0,1130.77,383.36,1205.09,494.64,21
7,player,72,0,0,1141.14,383.82,1215.46,495.1,21
7,player,73,0,0,1151.51,384.29,1225.83,495.56,21
7,player,74,0,0,1161.88,384.75,1236.2,496.02,21
7,player,75,0,0,1172.25,385.21,1246.57,496.48,21
7,player,76,0,0,1182.62,385.67,1256.94,496.94,21
7,player,77,0,0,1192.99,386.13,1267.31,497.4,21
7,player,78,0,0,1203.37,386.59,1277.69,497.87,21
7,player,79,0,0,1213.74,387.05,1288.06,498.33,21
7,player,80,0,0,1224.11,387.51,1298.43,498.79,21
7,player,81,0,0,1234.48,387.97,1308.8,499.25,21
7,player,82,0,0,1245.63,388.48,1319.95,499.76,21
7,player,83,0,0,1256.79,388.99,1331.11,500.26,21
7,player,84,0,0,1267.94,389.49,1342.26,500.77,21
7,player,85,0,0,1279.1,390.0,1353.42,501.28,21
7,player,86,0,0,1290.25,390.51,1364.57,501.78,21
7,player,87,0,0,1299.36,390.97,1373.68,502.24,21
7,player,88,0,0,1308.46,391.43,1382.78,502.71,21
7,player,89,0,0,1317.56,391.89,1391.89,503.17,21
7,player,90,0,0,1326.67,392.35,1400.99,503.63,21
7,player,91,0,0,1335.77,392.81,1410.09,504.09,21
7,player,92,0,0,1344.88,393.27,1419.2,504.55,21
7,player,93,0,0,1353.98,393.73,1428.3,505.01,21
7,player,94,0,0,1363.08,394.2,1437.4,505.47,21
7,player,95,0,0,1372.19,394.66,1446.51,505.93,21
7,player,96,0,0,1381.29,395.12,1455.61,506.39,21
7,player,97,0,0,1390.39,395.58,1464.71,506.85,21
7,player,98,0,0,1399.5,396.04,1473.82,507.31,21
7,player,99,0,0,1408.6,396.5,1482.92,507.78,21
7,player,100,0,0,1417.71,396.96,1492.03,508.24,21
7,player,101,0,0,1426.81,397.42,1501.13,508.7,21
7,player,102,0,0,1435.91,397.88,1510.23,509.16,21
7,player,103,0,0,1445.02,398.34,1519.34,509.62,21
7,player,104,0,0,1454.12,398.8,1528.44,510.08,21
7,player,105,0,0,1463.22,399.27,1537.54,510.54,21
7,player,106,0,0,1472.33,399.73,1546.65,511.0,21
7,player,107,0,0,1481.43,400.19,1555.75,511.46,21
7,player,108,0,0,1490.54,400.65,1564.86,511.92,21
7,player,109,0,0,1498.99,401.49,1573.31,512.77,21
7,player,110,0,0,1507.44,402.34,1581.76,513.61,21
7,player,111,0,0,1515.89,403.18,1590.21,514.46,21
7,player,112,0,0,1524.34,404.03,1598.66,515.3,21
7,player,113,0,0,1532.79,404.87,1607.11,516.15,21
7,player,114,0,0,1541.24,405.72,1615.56,516.99,21
7,player,115,0,0,1549.69,406.56,1624.01,517.84,21
7,player,116,0,0,1558.14,407.41,1632.46,518.68,21
7,player,117,0,0,1566.59,408.25,1640.91,519.53,21
7,player,118,0,0,1575.04,409.1,1649.36,520.37,21
7,player,119,0,0,1583.49,409.94,1657.81,521.22,21
7,player,120,0,0,1591.94,410.79,1666.26,522.06,21
7,player,121,0,0,1597.68,410.79,1672.0,522.06,21
7,player,122,0,0,1603.42,410.79,1677.74,522.06,21
7,player,123,0,0,1609.16,410.79,1683.48,522.06,21
7,player,124,0,0,1614.89,410.79,1689.21,522.06,21
7,player,125,0,0,1620.63,410.79,1694.95,522.06,21
7,player,126,0,0,1626.37,410.79,1700.69,522.06,21
7,player,127,0,0,1632.11,410.79,1706.43,522.06,21
7,player,128,0,0,1637.84,410.79,1712.16,522.06,21
7,player,129,0,0,1643.58,410.79,1717.9,522.06,21
7,player,130,0,0,1649.32,410.79,1723.64,522.06,21
7,player,131,0,0,1655.06,410.79,1729.38,522.06,21
7,player,132,0,0,1660.8,410.79,1735.12,522.06,21
7,player,133,0,0,1666.53,410.79,1740.85,522.06,21
7,player,134,0,0,1672.27,410.79,1746.59,522.06,21
7,player,135,0,0,1678.01,410.79,1752.33,522.06,21
7,player,136,0,0,1683.75,410.79,1758.07,522.06,21
7,player,137,0,0,1689.48,410.79,1763.8,522.06,21
7,player,138,0,0,1695.22,410.79,1769.54,522.06,21
7,player,139,0,0,1700.96,410.79,1775.28,522.06,21
7,player,140,0,0,1709.97,412.2,1784.29,523.47,21
7,player,141,0,0,1718.99,413.61,1793.31,524.88,21
7,player,142,0,0,1728.0,415.01,1802.32,526.29,21
7,player,143,0,0,1737.01,416.42,1811.33,527.7,21
7,player,144,0,0,1746.03,417.83,1820.35,529.11,21
7,player,145,0,0,1755.04,419.24,1829.36,530.52,21
7,player,146,0,0,1764.06,420.65,1838.38,531.92,21
7,player,147,0,0,1773.07,422.06,1847.39,533.33,21
7,player,148,0,0,1782.08,423.46,1856.41,534.74,21
7,player,149,0,0,1782.08,423.46,1856.41,534.74,21
7,player,150,0,0,1782.08,423.46,1856.41,534.74,21
7,player,151,0,0,1782.08,423.46,1856.41,534.74,21
7,player,152,0,0,1782.08,423.46,1856.41,534.74,21
7,player,153,0,0,1782.08,423.46,1856.41,534.74,21
7,player,154,0,0,1782.08,423.46,1856.41,534.74,21
7,player,155,0,0,1782.08,423.46,1856.41,534.74,21
7,player,156,0,0,1782.08,423.46,1856.41,534.74,21
7,player,157,0,0,1782.08,423.46,1856.41,534.74,21
7,player,158,0,0,1782.08,423.46,1856.41,534.74,21
7,player,159,0,0,1782.08,423.46,1856.41,534.74,21
7,player,160,0,0,1782.08,423.46,1856.41,534.74,21
7,player,161,0,0,1782.08,423.46,1856.41,534.74,21
7,player,162,0,0,1782.08,423.46,1856.41,534.74,21
7,player,163,0,0,1782.08,423.46,1856.41,534.74,21
7,player,164,0,0,1782.08,423.46,1856.41,534.74,21
7,player,165,0,0,1782.08,423.46,1856.41,534.74,21
7,player,166,0,0,1782.08,423.46,1856.41,534.74,21
7,player,167,0,0,1782.08,423.46,1856.41,534.74,21
7,player,168,0,0,1782.08,423.46,1856.41,534.74,21
7,player,169,0,0,1782.08,423.46,1856.41,534.74,21
7,player,170,0,0,1782.08,423.46,1856.41,534.74,21
7,player,171,0,0,1782.08,423.46,1856.41,534.74,21
7,player,172,0,0,1782.08,423.46,1856.41,534.74,21
7,player,173,0,0,1782.08,423.46,1856.41,534.74,21
7,player,174,1,0,1782.08,423.46,1856.41,534.74,21
8,player,18,0,0,1010.18,589.49,1102.2,723.59,33
8,player,19,0,0,1011.87,589.49,1103.89,723.59,33
8,player,20,0,0,1013.56,589.49,1105.58,723.59,33
8,player,21,0,0,1015.25,589.49,1107.27,723.59,33
8,player,22,0,0,1016.94,589.49,1108.96,723.59,33
8,player,23,0,0,1018.63,589.49,1110.65,723.59,33
8,player,24,0,0,1020.32,589.49,1112.34,723.59,33
8,player,25,0,0,1022.01,589.49,1114.03,723.59,33
8,player,26,0,0,1023.7,589.49,1115.72,723.59,33
8,player,27,0,0,1025.39,589.49,1117.42,723.59,33
8,player,28,0,0,1027.08,589.49,1119.11,723.59,33
8,player,29,0,0,1028.77,589.49,1120.8,723.59,33
8,player,30,0,0,1030.46,589.49,1122.49,723.59,33
8,player,31,0,0,1032.15,589.49,1124.18,723.59,33
8,player,32,0,0,1033.84,589.49,1125.87,723.59,33
8,player,33,0,0,1035.53,589.49,1127.56,723.59,33
8,player,34,0,0,1040.77,589.49,1132.8,723.59,33
8,player,35,0,0,1046.01,589.49,1138.03,723.59,33
8,player,36,0,0,1051.25,589.49,1143.27,723.59,33
8,player,37,0,0,1056.49,589.49,1148.51,723.59,33
8,player,38,0,0,1061.73,589.49,1153.75,723.59,33
8,player,39,0,0,1066.97,589.49,1158.99,723.59,33
8,player,40,0,0,1072.2,589.49,1164.23,723.59,33
8,player,41,0,0,1077.44,589.49,1169.47,723.59,33
8,player,42,0,0,1082.68,589.49,1174.71,723.59,33
8,player,43,0,0,1087.92,589.49,1179.95,723.59,33
8,player,44,0,0,1093.16,589.49,1185.19,723.59,33
8,player,45,0,0,1098.4,589.49,1190.43,723.59,33
8,player,46,0,0,1103.64,589.49,1195.67,723.59,33
8,player,47,0,0,1108.88,589.49,1200.91,723.59,33
8,player,48,0,0,1114.12,589.49,1206.15,723.59,33
8,player,49,0,0,1120.88,589.66,1212.91,723.76,33
8,player,50,0,0,1127.64,589.83,1219.67,723.93,33
8,player,51,0,0,1134.4,590.0,1226.43,724.1,33
8,player,52,0,0,1141.16,590.17,1233.19,724.27,33
8,player,53,0,0,1147.92,590.34,1239.95,724.43,33
8,player,54,0,0,1154.68,590.51,1246.71,724.6,33
8,player,55,0,0,1161.44,590.68,1253.47,724.77,33
8,player,56,0,0,1168.21,590.84,1260.23,724.94,33
8,player,57,0,0,1174.97,591.01,1266.99,725.11,33
8,player,58,0,0,1181.73,591.18,1273.75,725.28,33
8,player,59,0,0,1188.49,591.35,1280.51,725.45,33
8,player,60,0,0,1195.25,591.52,1287.27,725.62,33
8,player,61,0,0,1202.01,591.69,1294.04,725.79,33
8,player,62,0,0,1208.77,591.86,1300.8,725.96,33
8,player,63,0,0,1215.53,592.03,1307.56,726.12,33
8,player,64,0,0,1223.86,591.67,1315.89,725.76,33
8,player,65,0,0,1232.19,591.3,1324.22,725.4,33
8,player,66,0,0,1240.52,590.94,1332.55,725.04,33
8,player,67,0,0,1248.85,590.58,1340.88,724.68,33
8,player,68,0,0,1257.18,590.22,1349.21,724.31,33
8,player,69,0,0,1265.51,589.85,1357.54,723.95,33
8,player,70,0,0,1273.84,589.49,1365.87,723.59,33
8,player,71,0,0,1282.37,589.49,1374.39,723.59,33
8,player,72,0,0,1290.89,589.49,1382.92,723.59,33
8,player,73,0,0,1299.42,589.49,1391.45,723.59,33
8,player,74,0,0,1307.95,589.49,1399.98,723.59,33
8,player,75,0,0,1316.48,589.49,1408.5,723.59,33
8,player,76,0,0,1325.0,589.49,1417.03,723.59,33
8,player,77,0,0,1333.53,589.49,1425.56,723.59,33
8,player,78,0,0,1342.06,589.49,1434.09,723.59,33
8,player,79,0,0,1350.59,589.49,1442.61,723.59,33
8,player,80,0,0,1359.11,589.49,1451.14,723.59,33
8,player,81,0,0,1367.64,589.49,1459.67,723.59,33
8,player,82,0,0,1375.75,590.0,1467.78,724.1,33
8,player,83,0,0,1383.87,590.51,1475.89,724.6,33
8,player,84,0,0,1391.98,591.01,1484.01,725.11,33
8,player,85,0,0,1400.09,591.52,1492.12,725.62,33
8,player,86,0,0,1408.21,592.03,1500.23,726.12,33
8,player,87,0,0,1417.42,592.37,1509.45,726.47,33
8,player,88,0,0,1426.64,592.72,1518.67,726.82,33
8,player,89,0,0,1435.86,593.06,1527.89,727.16,33
8,player,90,0,0,1445.08,593.41,1537.11,727.51,33
8,player,91,0,0,1454.3,593.76,1546.33,727.85,33
8,player,92,0,0,1463.52,594.1,1555.55,728.2,33
8,player,93,0,0,1472.74,594.45,1564.77,728.54,33
8,player,94,0,0,1481.96,594.79,1573.98,728.89,33
8,player,95,0,0,1491.18,595.14,1583.2,729.24,33
8,player,96,0,0,1500.39,595.48,1592.42,729.58,33
8,player,97,0,0,1509.61,595.83,1601.64,729.93,33
8,player,98,0,0,1518.83,596.18,1610.86,730.27,33
8,player,99,0,0,1528.05,596.52,1620.08,730.62,33
8,player,100,0,0,1537.27,596.87,1629.3,730.96,33
8,player,101,0,0,1546.49,597.21,1638.52,731.31,33
8,player,102,0,0,1555.71,597.56,1647.74,731.66,33
8,player,103,0,0,1564.93,597.9,1656.95,732.0,33
8,player,104,0,0,1574.15,598.25,1666.17,732.35,33
8,player,105,0,0,1583.37,598.6,1675.39,732.69,33
8,player,106,0,0,1592.58,598.94,1684.61,733.04,33
8,player,107,0,0,1601.8,599.29,1693.83,733.38,33
8,player,108,0,0,1611.02,599.63,1703.05,733.73,33
8,player,109,0,0,1619.47,599.63,1711.5,733.73,33
8,player,110,0,0,1627.92,599.63,1719.95,733.73,33
8,player,111,0,0,1636.37,599.63,1728.4,733.73,33
8,player,112,0,0,1644.83,599.63,1736.85,733.73,33
8,player,113,0,0,1653.28,599.63,1745.3,733.73,33
8,player,114,0,0,1661.73,599.63,1753.75,733.73,33
8,player,115,0,0,1670.18,599.63,1762.21,733.73,33
8,player,116,0,0,1678.63,599.63,1770.66,733.73,33
8,player,117,0,0,1687.08,599.63,1779.11,733.73,33
8,player,118,0,0,1695.53,599.63,1787.56,733.73,33
8,player,119,0,0,1703.98,599.63,1796.01,733.73,33
8,player,120,0,0,1712.43,599.63,1804.46,733.73,33
8,player,121,0,0,1719.77,598.83,1810.54,732.93,33
8,player,122,0,0,1727.11,598.03,1816.62,732.13,33
8,player,123,0,0,1734.45,597.23,1822.7,731.33,33
8,player,124,0,0,1741.79,596.43,1828.78,730.53,33
8,player,125,0,0,1749.13,595.63,1834.86,729.73,33
8,player,126,0,0,1756.46,594.83,1840.95,728.93,33
8,player,127,0,0,1763.8,594.03,1847.03,728.13,33
8,player,128,0,0,1771.14,593.23,1853.11,727.33,33
8,player,129,0,0,1778.48,592.43,1859.19,726.53,33
8,player,130,0,0,1785.82,591.63,1865.27,725.72,33
8,player,131,0,0,1793.16,590.83,1871.35,724.92,33
8,player,132,0,0,1800.5,590.03,1877.43,724.12,33
8,player,133,0,0,1807.84,589.23,1883.51,723.32,33
8,player,134,0,0,1815.17,588.42,1889.59,722.52,33
8,player,135,0,0,1822.51,587.62,1895.68,721.72,33
8,player,136,0,0,1829.85,586.82,1901.76,720.92,33
8,player,137,0,0,1837.19,586.02,1907.84,720.12,33
8,player,138,0,0,1844.53,585.22,1913.92,719.32,33
8,player,139,0,0,1851.87,584.42,1920.0,718.52,33
8,player,140,0,0,1800.32,576.82,1868.45,710.91,33
8,player,141,0,0,1748.77,569.21,1816.9,703.31,33
8,player,142,0,0,1697.22,561.6,1765.35,695.7,33
8,player,143,0,0,1645.67,554.0,1713.8,688.1,33
8,player,144,0,0,1594.12,546.39,1662.25,680.49,33
8,player,145,0,0,1542.57,538.79,1610.7,672.89,33
8,player,146,0,0,1491.02,531.18,1559.15,665.28,33
8,player,147,0,0,1439.47,523.58,1507.61,657.67,33
8,player,148,1,0,1387.92,515.97,1456.06,650.07,33
9,player,18,0,0,579.0,192.5,657.84,323.93,-1
9,player,19,0,0,576.18,192.78,654.46,322.23,-1
9,player,20,0,0,573.36,193.06,651.08,320.54,-1
9,player,21,0,0,570.53,193.35,647.7,318.85,-1
9,player,22,0,0,567.71,193.63,644.32,317.16,-1
9,player,23,0,0,564.89,193.91,640.94,315.47,-1
9,player,24,0,0,562.07,194.19,637.56,313.78,-1
9,player,25,0,0,559.24,194.47,634.18,312.08,-1
9,player,26,0,0,556.42,194.75,630.8,310.39,-1
9,player,27,0,0,553.6,195.04,627.42,308.7,-1
9,player,28,0,0,551.91,194.19,625.73,307.85,-1
9,player,29,0,0,550.22,193.35,624.04,307.01,-1
9,player,30,0,0,548.53,192.5,622.35,306.16,-1
9,player,31,0,0,546.84,191.65,620.66,305.32,-1
9,player,32,0,0,545.15,190.81,618.97,304.47,-1
9,player,33,0,0,543.46,189.96,617.28,303.63,-1
9,player,34,0,0,545.66,189.96,619.48,303.63,-1
9,player,35,0,0,547.85,189.96,621.67,303.63,-1
9,player,36,0,0,550.05,189.96,623.87,303.63,-1
9,player,37,0,0,552.25,189.96,626.07,303.63,-1
9,player,38,0,0,554.44,189.96,628.26,303.63,-1
9,player,39,0,0,556.64,189.96,630.46,303.63,-1
9,player,40,0,0,558.84,189.96,632.66,303.63,-1
9,player,41,0,0,561.04,189.96,634.86,303.63,-1
9,player,42,0,0,563.23,189.96,637.05,303.63,-1
9,player,43,0,0,565.43,189.96,639.25,303.63,-1
9,player,44,0,0,567.63,189.96,641.45,303.63,-1
9,player,45,0,0,569.83,189.96,643.64,303.63,-1
9,player,46,0,0,572.02,189.96,645.84,303.63,-1
9,player,47,0,0,574.22,189.96,648.04,303.63,-1
9,player,48,0,0,576.42,189.96,650.24,303.63,-1
9,player,49,0,0,581.99,189.29,655.81,302.95,-1
9,player,50,0,0,587.57,188.61,661.39,302.28,-1
9,player,51,0,0,593.15,187.94,666.97,301.6,-1
9,player,52,0,0,598.73,187.26,672.55,300.93,-1
9,player,53,0,0,604.3,186.58,678.12,300.25,-1
9,player,54,0,0,609.88,185.91,683.7,299.57,-1
9,player,55,0,0,615.46,185.23,689.28,298.9,-1
9,player,56,0,0,621.04,184.56,694.86,298.22,-1
9,player,57,0,0,626.61,183.88,700.43,297.55,-1
9,player,58,0,0,632.19,183.2,706.01,296.87,-1
9,player,59,0,0,637.77,182.53,711.59,296.19,-1
9,player,60,0,0,643.35,181.85,717.17,295.52,-1
9,player,61,0,0,648.92,181.18,722.74,294.84,-1
9,player,62,0,0,654.5,180.5,728.32,294.17,-1
9,player,63,0,0,660.08,179.82,733.9,293.49,-1
9,player,64,0,0,666.96,179.46,740.78,293.13,-1
9,player,65,0,0,673.84,179.1,747.66,292.76,-1
9,player,66,0,0,680.72,178.74,754.54,292.4,-1
9,player,67,0,0,687.6,178.38,761.42,292.04,-1
9,player,68,0,0,694.49,178.01,768.3,291.68,-1
9,player,69,0,0,701.37,177.65,775.19,291.32,-1
9,player,70,0,0,708.25,177.29,782.07,290.95,-1
9,player,71,0,0,714.93,176.6,788.75,290.26,-1
9,player,72,0,0,721.62,175.91,795.43,289.57,-1
9,player,73,0,0,728.3,175.21,802.12,288.88,-1
9,player,74,0,0,734.98,174.52,808.8,288.19,-1
9,player,75,0,0,741.67,173.83,815.49,287.5,-1
9,player,76,0,0,748.35,173.14,822.17,286.81,-1
9,player,77,0,0,755.03,172.45,828.85,286.11,-1
9,player,78,0,0,761.72,171.76,835.54,285.42,-1
9,player,79,0,0,768.4,171.07,842.22,284.73,-1
9,player,80,0,0,775.08,170.38,848.9,284.04,-1
9,player,81,0,0,781.77,169.68,855.59,283.35,-1
9,player,82,0,0,789.37,169.18,863.19,282.84,-1
9,player,83,0,0,796.98,168.67,870.8,282.33,-1
9,player,84,0,0,804.59,168.16,878.4,281.83,-1
9,player,85,0,0,812.19,167.66,886.01,281.32,-1
9,player,86,0,0,819.8,167.15,893.62,280.81,-1
9,player,87,0,0,822.56,167.72,896.38,281.39,-1
9,player,88,0,0,825.33,168.3,899.15,281.97,-1
9,player,89,0,0,828.09,168.88,901.91,282.54,-1
9,player,90,0,0,830.86,169.45,904.68,283.12,-1
9,player,91,0,0,833.63,170.03,907.44,283.69,-1
9,player,92,0,0,836.39,170.61,910.21,284.27,-1
9,player,93,0,0,839.16,171.18,912.98,284.85,-1
9,player,94,0,0,841.92,171.76,915.74,285.42,-1
9,player,95,0,0,844.69,172.33,918.51,286.0,-1
9,player,96,0,0,847.45,172.91,921.27,286.58,-1
9,player,97,0,0,850.22,173.49,924.04,287.15,-1
9,player,98,0,0,852.99,174.06,926.8,287.73,-1
9,player,99,0,0,855.75,174.64,929.57,288.3,-1
9,player,100,0,0,858.52,175.21,932.34,288.88,-1
9,player,101,0,0,861.28,175.79,935.1,289.46,-1
9,player,102,0,0,864.05,176.37,937.87,290.03,-1
9,player,103,0,0,866.81,176.94,940.63,290.61,-1
9,player,104,0,0,869.58,177.52,943.4,291.18,-1
9,player,105,0,0,872.35,178.1,946.16,291.76,-1
9,player,106,0,0,875.11,178.67,948.93,292.34,-1
9,player,107,0,0,877.88,179.25,951.7,292.91,-1
9,player,108,0,0,880.64,179.82,954.46,293.49,-1
9,player,109,0,0,878.95,179.4,952.77,293.07,-1
9,player,110,0,0,877.26,178.98,951.08,292.64,-1
9,player,111,0,0,875.57,178.56,949.39,292.22,-1
9,player,112,0,0,873.88,178.13,947.7,291.8,-1
9,player,113,0,0,872.19,177.71,946.01,291.38,-1
9,player,114,0,0,870.5,177.29,944.32,290.95,-1
9,player,115,0,0,868.81,176.87,942.63,290.53,-1
9,player,116,0,0,867.12,176.44,940.94,290.11,-1
9,player,117,0,0,865.43,176.02,939.25,289.69,-1
9,player,118,0,0,863.74,175.6,937.56,289.26,-1
9,player,119,0,0,862.05,175.18,935.87,288.84,-1
9,player,120,0,0,860.36,174.75,934.18,288.42,-1
9,player,121,0,0,857.02,174.22,930.84,287.89,-1
9,player,122,0,0,853.69,173.69,927.51,287.35,-1
9,player,123,0,0,850.35,173.15,924.17,286.82,-1
9,player,124,0,0,847.02,172.62,920.84,286.28,-1
9,player,125,0,0,843.68,172.09,917.5,285.75,-1
9,player,126,0,0,840.35,171.55,914.16,285.22,-1
9,player,127,0,0,837.01,171.02,910.83,284.68,-1
9,player,128,0,0,833.67,170.48,907.49,284.15,-1
9,player,129,0,0,830.34,169.95,904.16,283.62,-1
9,player,130,0,0,827.0,169.42,900.82,283.08,-1
9,player,131,0,0,823.67,168.88,897.49,282.55,-1
9,player,132,0,0,820.33,168.35,894.15,282.01,-1
9,player,133,0,0,817.0,167.82,890.81,281.48,-1
9,player,134,0,0,813.66,167.28,887.48,280.95,-1
9,player,135,0,0,810.32,166.75,884.14,280.41,-1
9,player,136,0,0,806.99,166.21,880.81,279.88,-1
9,player,137,0,0,803.65,165.68,877.47,279.35,-1
9,player,138,0,0,800.32,165.15,874.14,278.81,-1
9,player,139,0,0,796.98,164.61,870.8,278.28,-1
9,player,140,0,0,796.18,164.47,870.0,278.13,-1
9,player,141,0,0,795.39,164.32,869.21,277.99,-1
9,player,142,0,0,794.59,164.18,868.41,277.84,-1
9,player,143,0,0,793.79,164.03,867.61,277.7,-1
9,player,144,0,0,793.0,163.89,866.82,277.55,-1
9,player,145,0,0,792.2,163.74,866.02,277.41,-1
9,player,146,0,0,791.4,163.6,865.22,277.26,-1
9,player,147,0,0,790.61,163.45,864.43,277.12,-1
9,player,148,0,0,789.81,163.31,863.63,276.97,-1
9,player,149,0,0,789.01,163.16,862.83,276.83,-1
9,player,150,0,0,788.22,163.02,862.04,276.68,-1
9,player,151,0,0,787.42,162.87,861.24,276.54,-1
9,player,152,0,0,786.62,162.73,860.44,276.39,-1
9,player,153,0,0,785.83,162.59,859.64,276.25,-1
9,player,154,0,0,785.03,162.44,858.85,276.11,-1
9,player,155,0,0,784.23,162.3,858.05,275.96,-1
9,player,156,0,0,783.44,162.15,857.25,275.82,-1
9,player,157,0,0,782.64,162.01,856.46,275.67,-1
9,player,158,0,0,781.84,161.86,855.66,275.53,-1
9,player,159,0,0,781.05,161.72,854.86,275.38,-1
9,player,160,0,0,780.25,161.57,854.07,275.24,-1
9,player,161,0,0,779.45,161.43,853.27,275.09,-1
9,player,162,0,0,778.65,161.28,852.47,274.95,-1
9,player,163,0,0,777.86,161.14,851.68,274.8,-1
9,player,164,0,0,777.06,160.99,850.88,274.66,-1
9,player,165,0,0,776.26,160.85,850.08,274.51,-1
9,player,166,0,0,775.47,160.7,849.29,274.37,-1
9,player,167,0,0,774.67,160.56,848.49,274.22,-1
9,player,168,0,0,773.87,160.41,847.69,274.08,-1
9,player,169,0,0,773.08,160.27,846.9,273.93,-1
9,player,170,0,0,772.28,160.12,846.1,273.79,-1
9,player,171,0,0,771.48,159.98,845.3,273.64,-1
9,player,172,0,0,770.69,159.83,844.51,273.5,-1
9,player,173,0,0,769.89,159.69,843.71,273.35,-1
9,player,174,0,0,769.09,159.54,842.91,273.21,-1
9,player,175,0,0,778.84,159.93,852.66,273.6,-1
9,player,176,0,0,788.6,160.32,862.41,273.99,-1
9,player,177,0,0,798.35,160.71,872.17,274.38,-1
9,player,178,0,0,808.1,161.1,881.92,274.77,-1
9,player,179,0,0,817.85,161.49,891.67,275.16,-1
9,player,180,0,0,827.6,161.88,901.42,275.55,-1
9,player,181,0,0,837.35,162.27,911.17,275.94,-1
9,player,182,0,0,847.1,162.66,920.92,276.33,-1
9,player,183,0,0,856.85,163.05,930.67,276.72,-1
9,player,184,0,0,866.6,163.44,940.42,277.11,-1
9,player,185,0,0,876.35,163.83,950.17,277.5,-1
9,player,186,0,0,886.1,164.22,959.92,277.89,-1
9,player,187,0,0,895.85,164.61,969.67,278.28,-1
9,player,188,0,0,921.21,167.15,995.02,280.81,-1
9,player,189,0,0,938.95,164.61,1012.77,278.28,-1
9,player,190,0,0,956.7,164.61,1030.52,278.28,-1
9,player,191,0,0,967.35,163.6,1041.17,277.27,-1
9,player,192,0,0,977.99,162.59,1051.81,276.25,-1
9,player,193,0,0,988.64,161.57,1062.46,275.24,-1
9,player,194,0,0,999.29,160.56,1073.11,274.22,-1
9,player,195,0,0,1009.94,159.54,1083.76,273.21,-1
9,player,196,0,0,1017.54,158.73,1091.36,272.4,-1
9,player,197,0,0,1025.15,157.92,1098.97,271.59,-1
9,player,198,0,0,1032.75,157.11,1106.57,270.78,-1
9,player,199,0,0,1040.36,156.3,1114.18,269.96,-1
9,player,200,0,0,1047.97,155.49,1121.78,269.15,-1
9,player,201,0,0,1055.57,154.68,1129.39,268.34,-1
9,player,202,0,0,1063.18,153.87,1137.0,267.53,-1
9,player,203,0,0,1070.78,153.05,1144.6,266.72,-1
9,player,204,0,0,1078.39,152.24,1152.21,265.91,-1
9,player,205,0,0,1085.99,151.43,1159.81,265.1,-1
9,player,206,0,0,1093.6,150.62,1167.42,264.29,-1
9,player,207,0,0,1101.2,149.81,1175.02,263.47,-1
9,player,208,0,0,1108.81,149.0,1182.63,262.66,-1
9,player,209,0,0,1116.42,148.19,1190.24,261.85,-1
9,player,210,0,0,1124.02,147.38,1197.84,261.04,-1
9,player,211,0,0,1131.63,146.56,1205.45,260.23,-1
9,player,212,0,0,1139.23,145.75,1213.05,259.42,-1
9,player,213,0,0,1146.84,144.94,1220.66,258.61,-1
9,player,214,0,0,1154.44,144.13,1228.26,257.8,-1
9,player,215,0,0,1162.05,143.32,1235.87,256.98,-1
9,player,216,0,0,1169.66,142.51,1243.47,256.17,-1
9,player,217,0,0,1177.26,141.7,1251.08,255.36,-1
9,player,218,0,0,1184.87,140.89,1258.69,254.55,-1
9,player,219,0,0,1192.47,140.07,1266.29,253.74,-1
9,player,220,0,0,1200.08,139.26,1273.9,252.93,-1
9,player,221,0,0,1202.84,138.11,1276.66,251.78,-1
9,player,222,0,0,1205.61,136.96,1279.43,250.62,-1
9,player,223,0,0,1208.38,135.81,1282.19,249.47,-1
9,player,224,0,0,1211.14,134.65,1284.96,248.32,-1
9,player,225,0,0,1213.91,133.5,1287.73,247.17,-1
9,player,226,0,0,1216.67,132.35,1290.49,246.01,-1
9,player,227,0,0,1219.44,131.2,1293.26,244.86,-1
9,player,228,0,0,1222.2,130.04,1296.02,243.71,-1
9,player,229,0,0,1224.97,128.89,1298.79,242.56,-1
9,player,230,0,0,1227.73,127.74,1301.55,241.4,-1
9,player,231,0,0,1230.5,126.59,1304.32,240.25,-1
9,player,232,0,0,1233.27,125.43,1307.09,239.1,-1
9,player,233,0,0,1236.03,124.28,1309.85,237.95,-1
9,player,234,0,0,1238.8,123.13,1312.62,236.79,-1
9,player,235,0,0,1241.56,121.98,1315.38,235.64,-1
9,player,236,0,0,1244.33,120.83,1318.15,234.49,-1
9,player,237,0,0,1247.09,119.67,1320.91,233.34,-1
9,player,238,0,0,1249.86,118.52,1323.68,232.19,-1
9,player,239,0,0,1252.63,117.37,1326.44,231.03,-1
9,player,240,0,0,1255.39,116.22,1329.21,229.88,-1
9,player,241,0,0,1258.16,115.06,1331.98,228.73,-1
9,player,242,0,0,1260.92,113.91,1334.74,227.58,-1
9,player,243,0,0,1259.75,113.91,1333.56,227.58,-1
9,player,244,0,0,1258.57,113.91,1332.39,227.58,-1
9,player,245,0,0,1257.39,113.91,1331.21,227.58,-1
9,player,246,0,0,1256.21,113.91,1330.03,227.58,-1
9,player,247,0,0,1255.04,113.91,1328.86,227.58,-1
9,player,248,0,0,1253.86,113.91,1327.68,227.58,-1
9,player,249,0,0,1252.68,113.91,1326.5,227.58,-1
9,player,250,0,0,1251.51,113.91,1325.33,227.58,-1
9,player,251,0,0,1250.33,113.91,1324.15,227.58,-1
9,player,252,0,0,1249.15,113.91,1322.97,227.58,-1
9,player,253,0,0,1247.98,113.91,1321.79,227.58,-1
9,player,254,0,0,1246.8,113.91,1320.62,227.58,-1
9,player,255,0,0,1245.62,113.91,1319.44,227.58,-1
9,player,256,0,0,1244.44,113.91,1318.26,227.58,-1
9,player,257,0,0,1243.27,113.91,1317.09,227.58,-1
9,player,258,0,0,1242.09,113.91,1315.91,227.58,-1
9,player,259,0,0,1240.91,113.91,1314.73,227.58,-1
9,player,260,0,0,1239.74,113.91,1313.55,227.58,-1
9,player,261,0,0,1238.56,113.91,1312.38,227.58,-1
9,player,262,0,0,1237.38,113.91,1311.2,227.58,-1
9,player,263,0,0,1236.2,113.91,1310.02,227.58,-1
9,player,264,0,0,1235.03,113.91,1308.85,227.58,-1
9,player,265,0,0,1233.85,113.91,1307.67,227.58,-1
9,player,266,0,0,1232.67,113.91,1306.49,227.58,-1
9,player,267,0,0,1231.5,113.91,1305.32,227.58,-1
9,player,268,0,0,1230.32,113.91,1304.14,227.58,-1
9,player,269,0,0,1229.14,113.91,1302.96,227.58,-1
9,player,270,0,0,1227.96,113.91,1301.78,227.58,-1
9,player,271,0,0,1223.91,113.74,1297.73,227.41,-1
9,player,272,0,0,1219.85,113.57,1293.67,227.24,-1
9,player,273,0,0,1215.8,113.4,1289.61,227.07,-1
9,player,274,0,0,1211.74,113.24,1285.56,226.9,-1
9,player,275,0,0,1207.68,113.07,1281.5,226.73,-1
9,player,276,0,0,1203.63,112.9,1277.45,226.56,-1
9,player,277,0,0,1199.57,112.73,1273.39,226.39,-1
9,player,278,0,0,1195.51,112.56,1269.33,226.22,-1
9,player,279,0,0,1191.46,112.39,1265.28,226.05,-1
9,player,280,0,0,1187.4,112.22,1261.22,225.89,-1
9,player,281,0,0,1183.35,112.05,1257.16,225.72,-1
9,player,282,0,0,1179.29,111.88,1253.11,225.55,-1
9,player,283,0,0,1175.23,111.71,1249.05,225.38,-1
9,player,284,0,0,1171.18,111.54,1245.0,225.21,-1
9,player,285,0,0,1167.12,111.38,1240.94,225.04,-1
9,player,286,0,0,1165.09,111.84,1238.91,225.5,-1
9,player,287,0,0,1163.06,112.3,1236.88,225.96,-1
9,player,288,0,0,1161.04,112.76,1234.85,226.42,-1
9,player,289,0,0,1159.01,113.22,1232.83,226.88,-1
9,player,290,0,0,1156.98,113.68,1230.8,227.35,-1
9,player,291,0,0,1154.95,114.14,1228.77,227.81,-1
9,player,292,0,0,1152.92,114.6,1226.74,228.27,-1
9,player,293,0,0,1150.89,115.06,1224.71,228.73,-1
9,player,294,0,0,1148.87,115.52,1222.69,229.19,-1
9,player,295,0,0,1146.84,115.99,1220.66,229.65,-1
9,player,296,0,0,1144.81,116.45,1218.63,230.11,-1
9,player,297,0,0,1142.78,116.91,1216.6,230.57,-1
9,player,298,0,0,1140.75,117.37,1214.57,231.03,-1
9,player,299,0,0,1138.73,117.83,1212.54,231.49,-1
9,player,300,0,0,1136.7,118.29,1210.52,231.96,-1
9,player,301,0,0,1134.67,118.75,1208.49,232.42,-1
9,player,302,0,0,1132.64,119.21,1206.46,232.88,-1
9,player,303,0,0,1130.61,119.67,1204.43,233.34,-1
9,player,304,0,0,1128.59,120.13,1202.4,233.8,-1
9,player,305,0,0,1126.56,120.6,1200.38,234.26,-1
9,player,306,0,0,1124.53,121.06,1198.35,234.72,-1
9,player,307,0,0,1122.5,121.52,1196.32,235.18,-1
9,player,308,0,0,1120.47,121.98,1194.29,235.64,-1
9,player,309,0,0,1118.44,122.44,1192.26,236.1,-1
9,player,310,0,0,1116.42,122.9,1190.24,236.56,-1
9,player,311,0,0,1114.39,123.36,1188.21,237.03,-1
9,player,312,0,0,1112.36,123.82,1186.18,237.49,-1
9,player,313,0,0,1110.33,124.28,1184.15,237.95,-1
9,player,314,0,0,1108.3,124.74,1182.12,238.41,-1
9,player,315,0,0,1106.28,125.2,1180.09,238.87,-1
9,player,316,0,0,1104.25,125.67,1178.07,239.33,-1
9,player,317,0,0,1102.22,126.13,1176.04,239.79,-1
9,player,318,0,0,1100.19,126.59,1174.01,240.25,-1
9,player,319,0,0,1098.16,127.05,1171.98,240.71,-1
9,player,320,0,0,1096.13,127.51,1169.95,241.17,-1
9,player,321,0,0,1094.11,127.97,1167.93,241.64,-1
9,player,322,0,0,1092.08,128.43,1165.9,242.1,-1
9,player,323,0,0,1090.05,128.89,1163.87,242.56,-1
9,player,324,0,0,1088.02,129.35,1161.84,243.02,-1
9,player,325,0,0,1085.99,129.81,1159.81,243.48,-1
9,player,326,0,0,1083.97,130.28,1157.78,243.94,-1
9,player,327,0,0,1081.94,130.74,1155.76,244.4,-1
9,player,328,0,0,1079.91,131.2,1153.73,244.86,-1
9,player,329,0,0,1077.88,131.66,1151.7,245.32,-1
9,player,330,0,0,1075.85,132.12,1149.67,245.78,-1
9,player,331,0,0,1073.82,132.58,1147.64,246.24,-1
9,player,332,0,0,1071.8,133.04,1145.62,246.71,-1
9,player,333,0,0,1069.77,133.5,1143.59,247.17,-1
9,player,334,0,0,1067.74,133.96,1141.56,247.63,-1
9,player,335,0,0,1065.71,134.42,1139.53,248.09,-1
9,player,336,0,0,1063.68,134.88,1137.5,248.55,-1
9,player,337,0,0,1061.66,135.35,1135.47,249.01,-1
9,player,338,0,0,1059.63,135.81,1133.45,249.47,-1
9,player,339,0,0,1057.6,136.27,1131.42,249.93,-1
9,player,340,0,0,1055.57,136.73,1129.39,250.39,-1
9,player,341,0,0,1056.63,136.52,1130.45,250.18,-1
9,player,342,0,0,1057.68,136.31,1131.5,249.97,-1
9,player,343,0,0,1058.74,136.09,1132.56,249.76,-1
9,player,344,0,0,1059.8,135.88,1133.62,249.55,-1
9,player,345,0,0,1060.85,135.67,1134.67,249.34,-1
9,player,346,0,0,1061.91,135.46,1135.73,249.13,-1
9,player,347,0,0,1062.97,135.25,1136.78,248.91,-1
9,player,348,0,0,1064.02,135.04,1137.84,248.7,-1
9,player,349,0,0,1065.08,134.83,1138.9,248.49,-1
9,player,350,0,0,1066.13,134.62,1139.95,248.28,-1
9,player,351,0,0,1067.19,134.4,1141.01,248.07,-1
9,player,352,0,0,1068.25,134.19,1142.07,247.86,-1
9,player,353,0,0,1069.3,133.98,1143.12,247.65,-1
9,player,354,0,0,1070.36,133.77,1144.18,247.44,-1
9,player,355,0,0,1071.42,133.56,1145.23,247.22,-1
9,player,356,0,0,1072.47,133.35,1146.29,247.01,-1
9,player,357,0,0,1073.53,133.14,1147.35,246.8,-1
9,player,358,0,0,1074.58,132.93,1148.4,246.59,-1
9,player,359,0,0,1075.64,132.71,1149.46,246.38,-1
9,player,360,0,0,1076.7,132.5,1150.52,246.17,-1
9,player,361,0,0,1077.75,132.29,1151.57,245.96,-1
9,player,362,0,0,1078.81,132.08,1152.63,245.75,-1
9,player,363,0,0,1079.87,131.87,1153.69,245.53,-1
9,player,364,0,0,1080.92,131.66,1154.74,245.32,-1
9,player,365,0,0,1082.87,130.98,1156.69,244.65,-1
9,player,366,0,0,1084.81,130.31,1158.63,243.97,-1
9,player,367,0,0,1086.75,129.63,1160.57,243.29,-1
9,player,368,0,0,1088.7,128.95,1162.52,242.62,-1
9,player,369,0,0,1090.64,128.28,1164.46,241.94,-1
9,player,370,0,0,1092.58,127.6,1166.4,241.27,-1
9,player,371,0,0,1094.53,126.93,1168.35,240.59,-1
9,player,372,0,0,1096.47,126.25,1170.29,239.91,-1
9,player,373,0,0,1098.42,125.57,1172.23,239.24,-1
9,player,374,0,0,1100.36,124.9,1174.18,238.56,-1
9,player,375,0,0,1102.3,124.22,1176.12,237.89,-1
9,player,376,0,0,1104.25,123.55,1178.07,237.21,-1
9,player,377,0,0,1106.19,122.87,1180.01,236.53,-1
9,player,378,0,0,1108.13,122.19,1181.95,235.86,-1
9,player,379,0,0,1110.08,121.52,1183.9,235.18,-1
9,player,380,0,0,1112.02,120.84,1185.84,234.51,-1
9,player,381,0,0,1113.96,120.17,1187.78,233.83,-1
9,player,382,0,0,1115.91,119.49,1189.73,233.15,-1
9,player,383,0,0,1117.85,118.81,1191.67,232.48,-1
9,player,384,0,0,1119.8,118.14,1193.61,231.8,-1
9,player,385,0,0,1121.74,117.46,1195.56,231.13,-1
9,player,386,0,0,1123.68,116.79,1197.5,230.45,-1
9,player,387,0,0,1125.63,116.11,1199.45,229.77,-1
9,player,388,0,0,1127.57,115.43,1201.39,229.1,-1
9,player,389,0,0,1129.51,114.76,1203.33,228.42,-1
9,player,390,0,0,1131.46,114.08,1205.28,227.75,-1
9,player,391,0,0,1133.4,113.41,1207.22,227.07,-1
9,player,392,0,0,1135.35,112.73,1209.16,226.39,-1
9,player,393,0,0,1137.29,112.05,1211.11,225.72,-1
9,player,394,0,0,1139.23,111.38,1213.05,225.04,-1
9,player,395,0,0,1140.5,112.64,1214.32,226.31,-1
9,player,396,0,0,1141.77,113.91,1215.59,227.58,-1
9,player,397,0,0,1143.04,115.18,1216.85,228.84,-1
9,player,398,0,0,1144.3,116.45,1218.12,230.11,-1
9,player,399,0,0,1145.57,117.72,1219.39,231.38,-1
9,player,400,0,0,1146.84,118.98,1220.66,232.65,-1
9,player,401,0,0,1148.11,120.25,1221.92,233.92,-1
9,player,402,0,0,1149.37,121.52,1223.19,235.18,-1
9,player,403,0,0,1153.64,121.65,1227.46,235.32,-1
9,player,404,0,0,1157.91,121.79,1231.73,235.45,-1
9,player,405,0,0,1162.18,121.92,1236.0,235.58,-1
9,player,406,0,0,1166.45,122.05,1240.27,235.72,-1
9,player,407,0,0,1170.72,122.19,1244.54,235.85,-1
9,player,408,0,0,1174.99,122.32,1248.81,235.98,-1
9,player,409,0,0,1179.26,122.45,1253.08,236.12,-1
9,player,410,0,0,1183.53,122.59,1257.35,236.25,-1
9,player,411,0,0,1187.8,122.72,1261.62,236.38,-1
9,player,412,0,0,1192.07,122.85,1265.89,236.52,-1
9,player,413,0,0,1196.34,122.99,1270.16,236.65,-1
9,player,414,0,0,1200.61,123.12,1274.43,236.78,-1
9,player,415,0,0,1204.88,123.25,1278.7,236.92,-1
9,player,416,0,0,1209.15,123.39,1282.97,237.05,-1
9,player,417,0,0,1213.42,123.52,1287.24,237.18,-1
9,player,418,0,0,1217.69,123.65,1291.51,237.32,-1
9,player,419,0,0,1221.96,123.79,1295.78,237.45,-1
9,player,420,0,0,1226.23,123.92,1300.05,237.59,-1
9,player,421,0,0,1230.5,124.05,1304.32,237.72,-1
9,player,422,0,0,1236.84,125.32,1310.66,238.99,-1
9,player,423,0,0,1243.18,126.59,1316.99,240.25,-1
9,player,424,0,0,1249.51,127.86,1323.33,241.52,-1
9,player,425,0,0,1255.85,129.12,1329.67,242.79,-1
9,player,426,0,0,1262.19,130.39,1336.01,244.06,-1
9,player,427,0,0,1268.53,131.66,1342.35,245.32,-1
9,player,428,0,0,1274.87,132.93,1348.68,246.59,-1
9,player,429,0,0,1281.2,134.19,1355.02,247.86,-1
9,player,430,0,0,1287.54,135.46,1361.36,249.13,-1
9,player,431,0,0,1293.88,136.73,1367.7,250.4,-1
9,player,432,0,0,1300.22,138.0,1374.04,251.66,-1
9,player,433,0,0,1306.56,139.27,1380.37,252.93,-1
9,player,434,0,0,1305.4,138.95,1379.22,252.62,-1
9,player,435,0,0,1304.24,138.64,1378.06,252.31,-1
9,player,436,0,0,1303.09,138.33,1376.91,252.0,-1
9,player,437,0,0,1301.93,138.02,1375.75,251.69,-1
9,player,438,0,0,1300.77,137.71,1374.59,251.37,-1
9,player,439,0,0,1299.62,137.4,1373.44,251.06,-1
9,player,440,0,0,1298.46,137.09,1372.28,250.75,-1
9,player,441,0,0,1297.3,136.77,1371.12,250.44,-1
9,player,442,0,0,1296.15,136.46,1369.97,250.13,-1
9,player,443,0,0,1294.99,136.15,1368.81,249.82,-1
9,player,444,0,0,1293.84,135.84,1367.65,249.51,-1
9,player,445,0,0,1292.68,135.53,1366.5,249.19,-1
9,player,446,0,0,1291.52,135.22,1365.34,248.88,-1
9,player,447,0,0,1290.37,134.91,1364.18,248.57,-1
9,player,448,0,0,1289.21,134.6,1363.03,248.26,-1
9,player,449,0,0,1288.05,134.28,1361.87,247.95,-1
9,player,450,0,0,1286.9,133.97,1360.72,247.64,-1
9,player,451,0,0,1285.74,133.66,1359.56,247.33,-1
9,player,452,0,0,1284.58,133.35,1358.4,247.02,-1
9,player,453,0,0,1283.43,133.04,1357.25,246.7,-1
9,player,454,0,0,1282.27,132.73,1356.09,246.39,-1
9,player,455,0,0,1281.11,132.42,1354.93,246.08,-1
9,player,456,0,0,1279.96,132.1,1353.78,245.77,-1
9,player,457,0,0,1278.8,131.79,1352.62,245.46,-1
9,player,458,0,0,1277.65,131.48,1351.46,245.15,-1
9,player,459,0,0,1276.49,131.17,1350.31,244.84,-1
9,player,460,0,0,1275.33,130.86,1349.15,244.52,-1
9,player,461,0,0,1274.18,130.55,1348.0,244.21,-1
9,player,462,0,0,1273.02,130.24,1346.84,243.9,-1
9,player,463,0,0,1271.86,129.93,1345.68,243.59,-1
9,player,464,0,0,1270.71,129.61,1344.53,243.28,-1
9,player,465,0,0,1269.55,129.3,1343.37,242.97,-1
9,player,466,0,0,1268.39,128.99,1342.21,242.66,-1
9,player,467,0,0,1267.24,128.68,1341.06,242.35,-1
9,player,468,0,0,1266.08,128.37,1339.9,242.03,-1
9,player,469,0,0,1264.93,128.06,1338.74,241.72,-1
9,player,470,0,0,1263.77,127.75,1337.59,241.41,-1
9,player,471,0,0,1262.61,127.43,1336.43,241.1,-1
9,player,472,0,0,1261.46,127.12,1335.27,240.79,-1
9,player,473,0,0,1260.3,126.81,1334.12,240.48,-1
9,player,474,0,0,1259.14,126.5,1332.96,240.17,-1
9,player,475,0,0,1257.99,126.19,1331.81,239.85,-1
9,player,476,0,0,1256.83,125.88,1330.65,239.54,-1
9,player,477,0,0,1255.67,125.57,1329.49,239.23,-1
9,player,478,0,0,1254.52,125.26,1328.34,238.92,-1
9,player,479,0,0,1253.36,124.94,1327.18,238.61,-1
9,player,480,0,0,1252.2,124.63,1326.02,238.3,-1
9,player,481,0,0,1251.05,124.32,1324.87,237.99,-1
9,player,482,0,0,1249.89,124.01,1323.71,237.68,-1
9,player,483,0,0,1248.74,123.7,1322.55,237.36,-1
9,player,484,0,0,1247.58,123.39,1321.4,237.05,-1
9,player,485,0,0,1246.42,123.08,1320.24,236.74,-1
9,player,486,0,0,1245.27,122.76,1319.09,236.43,-1
9,player,487,0,0,1244.11,122.45,1317.93,236.12,-1
9,player,488,0,0,1242.95,122.14,1316.77,235.81,-1
9,player,489,0,0,1241.8,121.83,1315.62,235.5,-1
9,player,490,0,0,1240.64,121.52,1314.46,235.18,-1
9,player,491,0,0,1237.4,121.74,1311.22,235.41,-1
9,player,492,0,0,1234.15,121.96,1307.97,235.63,-1
9,player,493,0,0,1230.91,122.18,1304.73,235.85,-1
9,player,494,0,0,1227.66,122.4,1301.48,236.07,-1
9,player,495,0,0,1224.42,122.63,1298.24,236.29,-1
9,player,496,0,0,1221.18,122.85,1295.0,236.51,-1
9,player,497,0,0,1217.93,123.07,1291.75,236.73,-1
9,player,498,0,0,1214.69,123.29,1288.51,236.95,-1
9,player,499,0,0,1211.44,123.51,1285.26,237.17,-1
9,player,500,0,0,1208.2,123.73,1282.02,237.4,-1
9,player,501,0,0,1204.96,123.95,1278.78,237.62,-1
9,player,502,0,0,1201.71,124.17,1275.53,237.84,-1
9,player,503,0,0,1198.47,124.39,1272.29,238.06,-1
9,player,504,0,0,1195.22,124.62,1269.04,238.28,-1
9,player,505,0,0,1191.98,124.84,1265.8,238.5,-1
9,player,506,0,0,1188.74,125.06,1262.56,238.72,-1
9,player,507,0,0,1185.49,125.28,1259.31,238.94,-1
9,player,508,0,0,1182.25,125.5,1256.07,239.17,-1
9,player,509,0,0,1179.0,125.72,1252.82,239.39,-1
9,player,510,0,0,1175.76,125.94,1249.58,239.61,-1
9,player,511,0,0,1172.52,126.16,1246.34,239.83,-1
9,player,512,0,0,1169.27,126.39,1243.09,240.05,-1
9,player,513,0,0,1166.03,126.61,1239.85,240.27,-1
9,player,514,0,0,1162.78,126.83,1236.6,240.49,-1
9,player,515,0,0,1159.54,127.05,1233.36,240.71,-1
9,player,516,0,0,1156.3,127.27,1230.12,240.93,-1
9,player,517,0,0,1153.05,127.49,1226.87,241.16,-1
9,player,518,0,0,1149.81,127.71,1223.63,241.38,-1
9,player,519,0,0,1146.56,127.93,1220.38,241.6,-1
9,player,520,0,0,1140.74,128.41,1214.56,242.07,-1
9,player,521,0,0,1134.92,128.88,1208.74,242.55,-1
9,player,522,0,0,1129.1,129.36,1202.92,243.02,-1
9,player,523,0,0,1123.28,129.83,1197.1,243.5,-1
9,player,524,0,0,1117.46,130.31,1191.28,243.97,-1
9,player,525,0,0,1111.64,130.78,1185.46,244.45,-1
9,player,526,0,0,1105.82,131.26,1179.64,244.92,-1
9,player,527,0,0,1100.0,131.73,1173.82,245.4,-1
9,player,528,0,0,1094.18,132.21,1168.0,245.87,-1
9,player,529,0,0,1088.36,132.68,1162.18,246.35,-1
9,player,530,0,0,1082.54,133.16,1156.36,246.82,-1
9,player,531,0,0,1076.72,133.63,1150.54,247.3,-1
9,player,532,0,0,1070.9,134.11,1144.72,247.77,-1
9,player,533,0,0,1065.08,134.58,1138.9,248.25,-1
9,player,534,0,0,1059.26,135.06,1133.08,248.72,-1
9,player,535,0,0,1053.44,135.54,1127.26,249.2,-1
9,player,536,0,0,1047.62,136.01,1121.44,249.68,-1
9,player,537,0,0,1041.8,136.49,1115.62,250.15,-1
9,player,538,0,0,1035.03,137.2,1108.85,250.86,-1
9,player,539,0,0,1028.26,137.91,1102.08,251.58,-1
9,player,540,0,0,1021.49,138.62,1095.3,252.29,-1
9,player,541,0,0,1014.72,139.34,1088.53,253.0,-1
9,player,542,0,0,1007.94,140.05,1081.76,253.71,-1
9,player,543,0,0,1001.17,140.76,1074.99,254.43,-1
9,player,544,0,0,995.8,140.61,1069.62,254.28,-1
9,player,545,0,0,990.43,140.46,1064.25,254.13,-1
9,player,546,0,0,985.06,140.31,1058.88,253.98,-1
9,player,547,0,0,979.69,140.17,1053.51,253.83,-1
9,player,548,0,0,974.32,140.02,1048.14,253.68,-1
9,player,549,0,0,968.95,139.87,1042.77,253.53,-1
9,player,550,0,0,963.58,139.72,1037.4,253.38,-1
9,player,551,0,0,958.21,139.57,1032.03,253.23,-1
9,player,552,0,0,952.84,139.42,1026.66,253.08,-1
9,player,553,0,0,947.47,139.27,1021.29,252.93,-1
9,player,554,0,0,942.1,139.12,1015.92,252.79,-1
9,player,555,0,0,936.73,138.97,1010.55,252.64,-1
9,player,556,0,0,931.36,138.82,1005.18,252.49,-1
9,player,557,0,0,925.99,138.67,999.81,252.34,-1
9,player,558,0,0,920.62,138.52,994.44,252.19,-1
9,player,559,0,0,915.25,138.38,989.07,252.04,-1
9,player,560,0,0,909.88,138.23,983.7,251.89,-1
9,player,561,0,0,904.51,138.08,978.33,251.74,-1
9,player,562,0,0,899.14,137.93,972.96,251.59,-1
9,player,563,0,0,893.77,137.78,967.59,251.44,-1
9,player,564,0,0,888.4,137.63,962.22,251.29,-1
9,player,565,0,0,883.03,137.48,956.85,251.14,-1
9,player,566,0,0,877.66,137.33,951.48,251.0,-1
9,player,567,0,0,872.29,137.18,946.11,250.85,-1
9,player,568,0,0,866.92,137.03,940.74,250.7,-1
9,player,569,0,0,861.55,136.88,935.37,250.55,-1
9,player,570,0,0,856.18,136.73,930.0,250.4,-1
9,player,571,0,0,850.81,136.59,924.63,250.25,-1
9,player,572,0,0,845.44,136.44,919.26,250.1,-1
9,player,573,0,0,840.07,136.29,913.89,249.95,-1
9,player,574,0,0,834.7,136.14,908.52,249.8,-1
9,player,575,0,0,829.33,135.99,903.15,249.65,-1
9,player,576,0,0,823.96,135.84,897.78,249.5,-1
9,player,577,0,0,818.59,135.69,892.41,249.35,-1
9,player,578,0,0,813.22,135.54,887.04,249.21,-1
9,player,579,0,0,807.85,135.39,881.67,249.06,-1
9,player,580,0,0,802.48,135.24,876.3,248.91,-1
9,player,581,0,0,797.11,135.09,870.93,248.76,-1
9,player,582,0,0,791.74,134.94,865.56,248.61,-1
9,player,583,0,0,786.37,134.8,860.19,248.46,-1
9,player,584,0,0,781.0,134.65,854.82,248.31,-1
9,player,585,0,0,775.63,134.5,849.45,248.16,-1
9,player,586,0,0,770.26,134.35,844.08,248.01,-1
9,player,587,0,0,773.42,133.98,847.24,247.64,-1
9,player,588,0,0,776.58,133.6,850.4,247.27,-1
9,player,589,0,0,779.74,133.23,853.56,246.9,-1
9,player,590,0,0,782.9,132.86,856.72,246.53,-1
9,player,591,0,0,786.06,132.49,859.88,246.15,-1
9,player,592,0,0,789.22,132.12,863.04,245.78,-1
9,player,593,0,0,792.39,131.74,866.2,245.41,-1
9,player,594,0,0,795.55,131.37,869.36,245.04,-1
9,player,595,0,0,798.71,131.0,872.53,244.67,-1
9,player,596,0,0,801.87,130.63,875.69,244.29,-1
9,player,597,0,0,805.03,130.26,878.85,243.92,-1
9,player,598,0,0,808.19,129.89,882.01,243.55,-1
9,player,599,0,0,811.35,129.51,885.17,243.18,-1
9,player,600,0,0,814.51,129.14,888.33,242.81,-1
9,player,601,0,0,817.67,128.77,891.49,242.43,-1
9,player,602,0,0,820.83,128.4,894.65,242.06,-1
9,player,603,0,0,823.99,128.03,897.81,241.69,-1
9,player,604,0,0,827.15,127.65,900.97,241.32,-1
9,player,605,0,0,830.31,127.28,904.13,240.95,-1
9,player,606,0,0,833.47,126.91,907.29,240.58,-1
9,player,607,0,0,836.63,126.54,910.45,240.2,-1
9,player,608,0,0,839.79,126.17,913.61,239.83,-1
9,player,609,0,0,842.96,125.8,916.77,239.46,-1
9,player,610,0,0,846.12,125.42,919.94,239.09,-1
9,player,611,0,0,849.28,125.05,923.1,238.72,-1
9,player,612,0,0,852.44,124.68,926.26,238.34,-1
9,player,613,0,0,855.6,124.31,929.42,237.97,-1
9,player,614,0,0,858.76,123.94,932.58,237.6,-1
9,player,615,0,0,861.92,123.56,935.74,237.23,-1
9,player,616,0,0,865.08,123.19,938.9,236.86,-1
9,player,617,0,0,868.24,122.82,942.06,236.49,-1
9,player,618,0,0,871.4,122.45,945.22,236.11,-1
9,player,619,0,0,874.56,122.08,948.38,235.74,-1
9,player,620,0,0,877.72,121.71,951.54,235.37,-1
9,player,621,0,0,880.88,121.33,954.7,235.0,-1
9,player,622,0,0,884.04,120.96,957.86,234.63,-1
9,player,623,0,0,887.2,120.59,961.02,234.25,-1
9,player,624,0,0,890.37,120.22,964.18,233.88,-1
9,player,625,0,0,893.53,119.85,967.34,233.51,-1
9,player,626,0,0,896.69,119.47,970.51,233.14,-1
9,player,627,0,0,899.85,119.1,973.67,232.77,-1
9,player,628,0,0,903.01,118.73,976.83,232.4,-1
9,player,629,0,0,906.17,118.36,979.99,232.02,-1
9,player,630,0,0,909.33,117.99,983.15,231.65,-1
9,player,631,0,0,912.49,117.61,986.31,231.28,-1
9,player,632,0,0,915.65,117.24,989.47,230.91,-1
9,player,633,0,0,918.81,116.87,992.63,230.54,-1
9,player,634,0,0,921.97,116.5,995.79,230.16,-1
9,player,635,0,0,925.13,116.13,998.95,229.79,-1
9,player,636,0,0,928.29,115.76,1002.11,229.42,-1
9,player,637,0,0,931.45,115.38,1005.27,229.05,-1
9,player,638,0,0,934.61,115.01,1008.43,228.68,-1
9,player,639,0,0,937.77,114.64,1011.59,228.3,-1
9,player,640,0,0,940.94,114.27,1014.75,227.93,-1
9,player,641,0,0,944.1,113.9,1017.91,227.56,-1
9,player,642,0,0,947.26,113.52,1021.08,227.19,-1
9,player,643,0,0,950.42,113.15,1024.24,226.82,-1
9,player,644,0,0,953.58,112.78,1027.4,226.45,-1
9,player,645,0,0,956.74,112.41,1030.56,226.07,-1
9,player,646,0,0,959.9,112.04,1033.72,225.7,-1
9,player,647,0,0,963.06,111.67,1036.88,225.33,-1
9,player,648,0,0,966.22,111.29,1040.04,224.96,-1
9,player,649,0,0,969.38,110.92,1043.2,224.59,-1
9,player,650,0,0,972.54,110.55,1046.36,224.21,-1
9,player,651,0,0,975.7,110.18,1049.52,223.84,-1
9,player,652,0,0,978.86,109.81,1052.68,223.47,-1
9,player,653,0,0,982.02,109.43,1055.84,223.1,-1
9,player,654,0,0,985.18,109.06,1059.0,222.73,-1
9,player,655,0,0,988.34,108.69,1062.16,222.36,-1
9,player,656,0,0,991.51,108.32,1065.32,221.98,-1
9,player,657,0,0,994.67,107.95,1068.49,221.61,-1
9,player,658,0,0,997.83,107.58,1071.65,221.24,-1
9,player,659,0,0,1000.99,107.2,1074.81,220.87,-1
9,player,660,0,0,1004.15,106.83,1077.97,220.5,-1
9,player,661,0,0,1007.31,106.46,1081.13,220.12,-1
9,player,662,0,0,1010.47,106.09,1084.29,219.75,-1
9,player,663,0,0,1013.63,105.72,1087.45,219.38,-1
9,player,664,0,0,1016.79,105.34,1090.61,219.01,-1
9,player,665,0,0,1019.95,104.97,1093.77,218.64,-1
9,player,666,0,0,1023.11,104.6,1096.93,218.27,-1
9,player,667,0,0,1026.27,104.23,1100.09,217.89,-1
9,player,668,0,0,1029.43,103.86,1103.25,217.52,-1
9,player,669,0,0,1032.59,103.48,1106.41,217.15,-1
9,player,670,0,0,1035.75,103.11,1109.57,216.78,-1
9,player,671,0,0,1038.92,102.74,1112.73,216.41,-1
9,player,672,0,0,1042.08,102.37,1115.89,216.03,-1
9,player,673,0,0,1045.24,102.0,1119.06,215.66,-1
9,player,674,0,0,1048.4,101.63,1122.22,215.29,-1
9,player,675,0,0,1051.56,101.25,1125.38,214.92,-1
9,player,676,0,0,1054.72,100.88,1128.54,214.55,-1
9,player,677,0,0,1057.88,100.51,1131.7,214.17,-1
9,player,678,0,0,1061.04,100.14,1134.86,213.8,-1
9,player,679,0,0,1064.2,99.77,1138.02,213.43,-1
9,player,680,0,0,1067.36,99.39,1141.18,213.06,-1
9,player,681,0,0,1070.52,99.02,1144.34,212.69,-1
9,player,682,0,0,1073.68,98.65,1147.5,212.32,-1
9,player,683,0,0,1076.84,98.28,1150.66,211.94,-1
9,player,684,0,0,1080.0,97.91,1153.82,211.57,-1
9,player,685,0,0,1083.16,97.54,1156.98,211.2,-1
9,player,686,0,0,1086.32,97.16,1160.14,210.83,-1
9,player,687,0,0,1089.49,96.79,1163.3,210.46,-1
9,player,688,0,0,1092.65,96.42,1166.46,210.08,-1
9,player,689,0,0,1095.81,96.05,1169.63,209.71,-1
9,player,690,0,0,1098.97,95.68,1172.79,209.34,-1
9,player,691,0,0,1102.13,95.3,1175.95,208.97,-1
9,player,692,0,0,1105.29,94.93,1179.11,208.6,-1
9,player,693,0,0,1108.45,94.56,1182.27,208.23,-1
9,player,694,0,0,1111.61,94.19,1185.43,207.85,-1
9,player,695,0,0,1114.77,93.82,1188.59,207.48,-1
9,player,696,0,0,1117.93,93.45,1191.75,207.11,-1
9,player,697,0,0,1121.09,93.07,1194.91,206.74,-1
9,player,698,0,0,1124.25,92.7,1198.07,206.37,-1
9,player,699,0,0,1127.41,92.33,1201.23,205.99,-1
9,player,700,0,0,1130.57,91.96,1204.39,205.62,-1
9,player,701,0,0,1133.73,91.59,1207.55,205.25,-1
9,player,702,0,0,1129.28,91.05,1203.1,204.72,-1
9,player,703,0,0,1124.83,90.52,1198.64,204.18,-1
9,player,704,0,0,1120.37,89.98,1194.19,203.65,-1
9,player,705,0,0,1115.92,89.45,1189.74,203.11,-1
9,player,706,0,0,1111.46,88.91,1185.28,202.58,-1
9,player,707,0,0,1107.01,88.38,1180.83,202.04,-1
9,player,708,0,0,1102.55,87.84,1176.37,201.51,-1
9,player,709,0,0,1098.1,87.31,1171.92,200.97,-1
9,player,710,0,0,1093.65,86.77,1167.46,200.44,-1
9,player,711,0,0,1089.19,86.24,1163.01,199.9,-1
9,player,712,0,0,1084.74,85.71,1158.56,199.37,-1
9,player,713,0,0,1080.28,85.17,1154.1,198.84,-1
9,player,714,0,0,1074.94,86.03,1148.76,199.69,-1
9,player,715,0,0,1069.59,86.88,1143.41,200.55,-1
9,player,716,0,0,1064.25,87.74,1138.07,201.4,-1
9,player,717,0,0,1058.9,88.59,1132.72,202.26,-1
9,player,718,0,0,1053.56,89.45,1127.38,203.11,-1
9,player,719,0,0,1048.21,90.3,1122.03,203.97,-1
9,player,720,0,0,1042.87,91.16,1116.68,204.82,-1
9,player,721,0,0,1037.52,92.01,1111.34,205.68,-1
9,player,722,0,0,1032.18,92.87,1105.99,206.53,-1
9,player,723,0,0,1026.83,93.72,1100.65,207.39,-1
9,player,724,0,0,1023.05,93.59,1096.87,207.25,-1
9,player,725,0,0,1019.28,93.45,1093.1,207.12,-1
9,player,726,0,0,1015.5,93.31,1089.32,206.98,-1
9,player,727,0,0,1011.73,93.18,1085.55,206.84,-1
9,player,728,0,0,1007.95,93.04,1081.77,206.71,-1
9,player,729,0,0,1004.18,92.9,1077.99,206.57,-1
9,player,730,0,0,1000.4,92.77,1074.22,206.43,-1
9,player,731,0,0,996.62,92.63,1070.44,206.3,-1
9,player,732,0,0,992.85,92.5,1066.67,206.16,-1
9,player,733,0,0,989.07,92.36,1062.89,206.02,-1
9,player,734,0,0,985.3,92.22,1059.12,205.89,-1
9,player,735,0,0,981.52,92.09,1055.34,205.75,-1
9,player,736,0,0,977.75,91.95,1051.56,205.61,-1
9,player,737,0,0,973.97,91.81,1047.79,205.48,-1
9,player,738,0,0,970.19,91.68,1044.01,205.34,-1
9,player,739,0,0,966.42,91.54,1040.24,205.2,-1
9,player,740,0,0,962.64,91.4,1036.46,205.07,-1
9,player,741,0,0,958.87,91.27,1032.69,204.93,-1
9,player,742,0,0,955.09,91.13,1028.91,204.8,-1
9,player,743,0,0,951.31,90.99,1025.13,204.66,-1
9,player,744,0,0,947.54,90.86,1021.36,204.52,-1
9,player,745,0,0,943.76,90.72,1017.58,204.39,-1
9,player,746,0,0,939.99,90.58,1013.81,204.25,-1
9,player,747,0,0,936.21,90.45,1010.03,204.11,-1
9,player,748,0,0,932.44,90.31,1006.25,203.98,-1
9,player,749,0,0,928.66,90.17,1002.48,203.84,-1
9,player,750,0,0,924.88,90.04,998.7,203.7,-1
9,player,751,0,0,921.11,89.9,994.93,203.57,-1
9,player,752,0,0,917.33,89.77,991.15,203.43,-1
9,player,753,0,0,913.56,89.63,987.38,203.29,-1
9,player,754,0,0,909.78,89.49,983.6,203.16,-1
9,player,755,0,0,906.01,89.36,979.82,203.02,-1
9,player,756,0,0,902.23,89.22,976.05,202.88,-1
9,player,757,0,0,898.45,89.08,972.27,202.75,-1
9,player,758,0,0,894.68,88.95,968.5,202.61,-1
9,player,759,0,0,890.9,88.81,964.72,202.47,-1
9,player,760,0,0,887.13,88.67,960.95,202.34,-1
9,player,761,0,0,883.35,88.54,957.17,202.2,-1
9,player,762,0,0,879.58,88.4,953.39,202.07,-1
9,player,763,0,0,875.8,88.26,949.62,201.93,-1
9,player,764,0,0,872.02,88.13,945.84,201.79,-1
9,player,765,0,0,868.25,87.99,942.07,201.66,-1
9,player,766,0,0,864.47,87.85,938.29,201.52,-1
9,player,767,0,0,860.7,87.72,934.52,201.38,-1
9,player,768,0,0,856.92,87.58,930.74,201.25,-1
9,player,769,0,0,853.14,87.45,926.96,201.11,-1
9,player,770,0,0,849.37,87.31,923.19,200.97,-1
9,player,771,0,0,848.23,88.45,922.05,202.11,-1
9,player,772,0,0,847.09,89.59,920.91,203.25,-1
9,player,773,0,0,845.95,90.73,919.77,204.39,-1
9,player,774,0,0,844.81,91.87,918.63,205.53,-1
9,player,775,0,0,843.67,93.01,917.49,206.67,-1
9,player,776,0,0,842.53,94.15,916.35,207.82,-1
9,player,777,0,0,841.39,95.29,915.21,208.96,-1
9,player,778,0,0,840.25,96.43,914.07,210.1,-1
9,player,779,0,0,839.11,97.57,912.93,211.24,-1
9,player,780,0,0,837.97,98.71,911.79,212.38,-1
9,player,781,0,0,836.83,99.85,910.64,213.52,-1
9,player,782,0,0,835.69,100.99,909.5,214.66,-1
9,player,783,0,0,834.55,102.13,908.36,215.8,-1
9,player,784,0,0,833.4,103.27,907.22,216.94,-1
9,player,785,0,0,832.26,104.41,906.08,218.08,-1
9,player,786,0,0,835.77,103.56,909.59,217.22,-1
9,player,787,0,0,839.28,102.7,913.1,216.37,-1
9,player,788,0,0,842.78,101.85,916.6,215.51,-1
9,player,789,0,0,846.29,100.99,920.11,214.66,-1
9,player,790,0,0,849.8,100.14,923.62,213.8,-1
9,player,791,0,0,853.3,99.28,927.12,212.95,-1
9,player,792,0,0,856.81,98.43,930.63,212.09,-1
9,player,793,0,0,860.32,97.57,934.14,211.24,-1
9,player,794,0,0,863.82,96.72,937.64,210.38,-1
9,player,795,0,0,867.33,95.86,941.15,209.53,-1
9,player,796,0,0,870.84,95.01,944.65,208.67,-1
9,player,797,0,0,874.34,94.15,948.16,207.82,-1
9,player,798,0,0,877.85,93.3,951.67,206.96,-1
9,player,799,0,0,881.35,92.44,955.17,206.1,-1
9,player,800,0,0,884.86,91.58,958.68,205.25,-1
9,player,801,0,0,888.37,90.73,962.19,204.39,-1
9,player,802,0,0,891.87,89.87,965.69,203.54,-1
9,player,803,0,0,895.38,89.02,969.2,202.68,-1
9,player,804,0,0,898.89,88.16,972.71,201.83,-1
9,player,805,0,0,902.39,87.31,976.21,200.97,-1
9,player,806,0,0,905.9,86.45,979.72,200.12,-1
9,player,807,0,0,909.41,85.6,983.23,199.26,-1
9,player,808,0,0,912.91,84.74,986.73,198.41,-1
9,player,809,0,0,916.42,83.89,990.24,197.55,-1
9,player,810,0,0,919.93,83.03,993.74,196.7,-1
9,player,811,0,0,923.43,82.18,997.25,195.84,-1
9,player,812,0,0,926.94,81.32,1000.76,194.99,-1
9,player,813,0,0,930.45,80.47,1004.26,194.13,-1
9,player,814,0,0,933.95,79.61,1007.77,193.28,-1
9,player,815,0,0,937.46,78.76,1011.28,192.42,-1
9,player,816,0,0,940.96,77.9,1014.78,191.57,-1
9,player,817,0,0,944.47,77.05,1018.29,190.71,-1
9,player,818,0,0,947.98,76.19,1021.8,189.86,-1
9,player,819,0,0,951.48,75.34,1025.3,189.0,-1
9,player,820,0,0,954.99,74.48,1028.81,188.14,-1
9,player,821,0,0,958.5,73.62,1032.32,187.29,-1
9,player,822,0,0,962.0,72.77,1035.82,186.43,-1
9,player,823,0,0,965.51,71.91,1039.33,185.58,-1
9,player,824,0,0,969.02,71.06,1042.83,184.72,-1
9,player,825,0,0,972.52,70.2,1046.34,183.87,-1
9,player,826,0,0,976.03,69.35,1049.85,183.01,-1
9,player,827,0,0,979.54,68.49,1053.35,182.16,-1
9,player,828,0,0,983.04,67.64,1056.86,181.3,-1
9,player,829,0,0,986.55,66.78,1060.37,180.45,-1
9,player,830,0,0,990.05,65.93,1063.87,179.59,-1
9,player,831,0,0,993.56,65.07,1067.38,178.74,-1
9,player,832,0,0,997.07,64.22,1070.89,177.88,-1
9,player,833,0,0,1000.57,63.36,1074.39,177.03,-1
9,player,834,0,0,1004.08,62.51,1077.9,176.17,-1
9,player,835,0,0,1007.59,61.65,1081.41,175.32,-1
9,player,836,0,0,1015.01,60.86,1088.83,174.53,-1
9,player,837,0,0,1022.44,60.08,1096.26,173.74,-1
9,player,838,0,0,1029.87,59.29,1103.69,172.95,-1
9,player,839,0,0,1037.3,58.5,1111.11,172.17,-1
9,player,840,0,0,1044.72,57.71,1118.54,171.38,-1
9,player,841,0,0,1052.15,56.93,1125.97,170.59,-1
9,player,842,0,0,1059.58,56.14,1133.4,169.8,-1
9,player,843,0,0,1067.0,55.35,1140.82,169.01,-1
9,player,844,0,0,1074.43,54.56,1148.25,168.23,-1
9,player,845,0,0,1081.86,53.77,1155.68,167.44,-1
9,player,846,0,0,1089.28,52.99,1163.1,166.65,-1
9,player,847,0,0,1096.71,52.2,1170.53,165.86,-1
9,player,848,0,0,1104.14,51.41,1177.96,165.08,-1
9,player,849,0,0,1111.57,50.62,1185.38,164.29,-1
9,player,850,0,0,1118.99,49.84,1192.81,163.5,-1
9,player,851,0,0,1126.42,49.05,1200.24,162.71,-1
9,player,852,0,0,1133.85,48.26,1207.67,161.92,-1
9,player,853,0,0,1141.27,47.47,1215.09,161.14,-1
9,player,854,0,0,1148.7,46.68,1222.52,160.35,-1
9,player,855,0,0,1151.14,46.38,1224.96,160.04,-1
9,player,856,0,0,1153.59,46.07,1227.41,159.74,-1
9,player,857,0,0,1156.03,45.77,1229.85,159.43,-1
9,player,858,0,0,1158.48,45.46,1232.29,159.13,-1
9,player,859,0,0,1160.92,45.16,1234.74,158.82,-1
9,player,860,0,0,1163.36,44.85,1237.18,158.52,-1
9,player,861,0,0,1165.81,44.55,1239.62,158.21,-1
9,player,862,0,0,1168.25,44.24,1242.07,157.91,-1
9,player,863,0,0,1170.69,43.94,1244.51,157.6,-1
9,player,864,0,0,1173.14,43.63,1246.96,157.29,-1
9,player,865,0,0,1175.58,43.32,1249.4,156.99,-1
9,player,866,0,0,1178.02,43.02,1251.84,156.68,-1
9,player,867,0,0,1180.47,42.71,1254.29,156.38,-1
9,player,868,0,0,1182.91,42.41,1256.73,156.07,-1
9,player,869,0,0,1185.05,42.14,1258.87,155.81,-1
9,player,870,0,0,1187.19,41.87,1261.01,155.54,-1
9,player,871,0,0,1189.32,41.61,1263.14,155.27,-1
9,player,872,0,0,1191.46,41.34,1265.28,155.0,-1
9,player,873,0,0,1193.6,41.07,1267.42,154.74,-1
9,player,874,0,0,1195.74,40.8,1269.56,154.47,-1
9,player,875,0,0,1197.88,40.54,1271.7,154.2,-1
9,player,876,0,0,1200.01,40.27,1273.83,153.94,-1
9,player,877,0,0,1200.01,40.27,1273.83,153.94,-1
9,player,878,0,0,1200.01,40.27,1273.83,153.94,-1
9,player,879,0,0,1200.01,40.27,1273.83,153.94,-1
9,player,880,0,0,1200.01,40.27,1273.83,153.94,-1
9,player,881,0,0,1200.01,40.27,1273.83,153.94,-1
9,player,882,0,0,1200.01,40.27,1273.83,153.94,-1
9,player,883,0,0,1200.01,40.27,1273.83,153.94,-1
9,player,884,0,0,1200.01,40.27,1273.83,153.94,-1
9,player,885,0,0,1200.01,40.27,1273.83,153.94,-1
9,player,886,0,0,1200.01,40.27,1273.83,153.94,-1
9,player,887,0,0,1200.01,40.27,1273.83,153.94,-1
9,player,888,0,0,1200.01,40.27,1273.83,153.94,-1
9,player,889,0,0,1200.01,40.27,1273.83,153.94,-1
9,player,890,0,0,1200.01,40.27,1273.83,153.94,-1
9,player,891,0,0,1200.01,40.27,1273.83,153.94,-1
9,player,892,0,0,1200.01,40.27,1273.83,153.94,-1
9,player,893,0,0,1200.01,40.27,1273.83,153.94,-1
9,player,894,0,0,1200.01,40.27,1273.83,153.94,-1
9,player,895,0,0,1200.01,40.27,1273.83,153.94,-1
9,player,896,0,0,1200.01,40.27,1273.83,153.94,-1
9,player,897,0,0,1200.01,40.27,1273.83,153.94,-1
9,player,898,0,0,1200.01,40.27,1273.83,153.94,-1
9,player,899,0,0,1200.01,40.27,1273.83,153.94,-1
10,player,18,0,0,1065.4,231.9,1136.39,363.4,24
10,player,19,0,0,1066.41,232.57,1137.4,364.08,24
10,player,20,0,0,1067.43,233.25,1138.41,364.75,24
10,player,21,0,0,1068.44,233.93,1139.43,365.43,24
10,player,22,0,0,1069.46,234.6,1140.44,366.1,24
10,player,23,0,0,1070.47,235.28,1141.46,366.78,24
10,player,24,0,0,1071.48,235.95,1142.47,367.46,24
10,player,25,0,0,1072.5,236.63,1143.48,368.13,24
10,player,26,0,0,1073.51,237.31,1144.5,368.81,24
10,player,27,0,0,1074.53,237.98,1145.51,369.48,24
10,player,28,0,0,1075.54,238.66,1146.53,370.16,24
10,player,29,0,0,1076.55,239.33,1147.54,370.84,24
10,player,30,0,0,1077.57,240.01,1148.55,371.51,24
10,player,31,0,0,1078.58,240.69,1149.57,372.19,24
10,player,32,0,0,1079.6,241.36,1150.58,372.86,24
10,player,33,0,0,1080.61,242.04,1151.6,373.54,24
10,player,34,0,0,1085.17,242.04,1156.16,373.54,24
10,player,35,0,0,1089.74,242.04,1160.72,373.54,24
10,player,36,0,0,1094.3,242.04,1165.29,373.54,24
10,player,37,0,0,1098.86,242.04,1169.85,373.54,24
10,player,38,0,0,1103.43,242.04,1174.41,373.54,24
10,player,39,0,0,1107.99,242.04,1178.98,373.54,24
10,player,40,0,0,1112.55,242.04,1183.54,373.54,24
10,player,41,0,0,1117.12,242.04,1188.1,373.54,24
10,player,42,0,0,1121.68,242.04,1192.67,373.54,24
10,player,43,0,0,1126.24,242.04,1197.23,373.54,24
10,player,44,0,0,1130.81,242.04,1201.79,373.54,24
10,player,45,0,0,1135.37,242.04,1206.36,373.54,24
10,player,46,0,0,1139.93,242.04,1210.92,373.54,24
10,player,47,0,0,1144.5,242.04,1215.48,373.54,24
10,player,48,0,0,1149.06,242.04,1220.05,373.54,24
10,player,49,0,0,1151.77,240.69,1222.75,372.19,24
10,player,50,0,0,1154.47,239.33,1225.46,370.84,24
10,player,51,0,0,1157.17,237.98,1228.16,369.48,24
10,player,52,0,0,1159.88,236.63,1230.86,368.13,24
10,player,53,0,0,1162.58,235.28,1233.57,366.78,24
10,player,54,0,0,1165.29,233.93,1236.27,365.43,24
10,player,55,0,0,1167.99,232.57,1238.98,364.08,24
10,player,56,0,0,1170.7,231.22,1241.68,362.72,24
10,player,57,0,0,1173.4,229.87,1244.39,361.37,24
10,player,58,0,0,1176.1,228.52,1247.09,360.02,24
10,player,59,0,0,1178.81,227.17,1249.79,358.67,24
10,player,60,0,0,1181.51,225.81,1252.5,357.31,24
10,player,61,0,0,1184.22,224.46,1255.2,355.96,24
10,player,62,0,0,1186.92,223.11,1257.91,354.61,24
10,player,63,0,0,1189.62,221.76,1260.61,353.26,24
10,player,64,0,0,1193.61,225.38,1264.59,354.7,24
10,player,65,0,0,1197.59,229.0,1268.58,356.15,24
10,player,66,0,0,1201.58,232.62,1272.56,357.6,24
10,player,67,0,0,1205.56,236.24,1276.55,359.04,24
10,player,68,0,0,1209.54,239.87,1280.53,360.49,24
10,player,69,0,0,1213.53,243.49,1284.51,361.94,24
10,player,70,0,0,1217.51,247.11,1288.5,363.38,24
10,player,71,0,0,1217.51,246.16,1288.5,362.43,24
10,player,72,0,0,1217.51,245.21,1288.5,361.48,24
10,player,73,0,0,1217.51,244.26,1288.5,360.53,24
10,player,74,0,0,1217.51,243.31,1288.5,359.58,24
10,player,75,0,0,1217.51,242.36,1288.5,358.63,24
10,player,76,0,0,1217.51,241.41,1288.5,357.68,24
10,player,77,0,0,1217.51,240.46,1288.5,356.73,24
10,player,78,0,0,1217.51,239.5,1288.5,355.78,24
10,player,79,0,0,1217.51,238.55,1288.5,354.83,24
10,player,80,0,0,1217.51,237.6,1288.5,353.88,24
10,player,81,0,0,1217.51,236.65,1288.5,352.92,24
10,player,82,0,0,1217.51,235.7,1288.5,351.97,24
10,player,83,0,0,1217.51,234.75,1288.5,351.02,24
10,player,84,0,0,1217.51,233.8,1288.5,350.07,24
10,player,85,0,0,1217.51,232.85,1288.5,349.12,24
10,player,86,0,0,1217.51,231.9,1288.5,348.17,24
10,player,87,0,0,1216.61,231.65,1287.6,347.92,24
10,player,88,0,0,1215.71,231.39,1286.7,347.66,24
10,player,89,0,0,1214.81,231.14,1285.8,347.41,24
10,player,90,0,0,1213.91,230.89,1284.9,347.16,24
10,player,91,0,0,1213.02,230.63,1284.0,346.9,24
10,player,92,0,0,1212.12,230.38,1283.1,346.65,24
10,player,93,0,0,1211.22,230.12,1282.2,346.4,24
10,player,94,0,0,1210.32,229.87,1281.3,346.14,24
10,player,95,0,0,1209.42,229.62,1280.4,345.89,24
10,player,96,0,0,1208.52,229.36,1279.51,345.64,24
10,player,97,0,0,1207.62,229.11,1278.61,345.38,24
10,player,98,0,0,1206.72,228.86,1277.71,345.13,24
10,player,99,0,0,1205.82,228.6,1276.81,344.87,24
10,player,100,0,0,1204.92,228.35,1275.91,344.62,24
10,player,101,0,0,1204.02,228.1,1275.01,344.37,24
10,player,102,0,0,1203.12,227.84,1274.11,344.11,24
10,player,103,0,0,1202.22,227.59,1273.21,343.86,24
10,player,104,0,0,1201.33,227.33,1272.31,343.61,24
10,player,105,0,0,1200.43,227.08,1271.41,343.35,24
10,player,106,0,0,1199.53,226.83,1270.51,343.1,24
10,player,107,0,0,1198.63,226.57,1269.61,342.85,24
10,player,108,0,0,1197.73,226.32,1268.71,342.59,24
10,player,109,0,0,1189.91,222.31,1260.9,338.58,24
10,player,110,0,0,1182.09,218.29,1253.08,334.56,24
10,player,111,0,0,1174.28,214.28,1245.26,330.55,24
10,player,112,0,0,1166.46,210.26,1237.45,326.54,24
10,player,113,0,0,1158.64,206.25,1229.63,322.52,24
10,player,114,0,0,1150.83,202.24,1221.81,318.51,24
10,player,115,0,0,1143.01,198.22,1214.0,314.49,24
10,player,116,0,0,1135.19,194.21,1206.18,310.48,24
10,player,117,0,0,1127.38,190.19,1198.36,306.46,24
10,player,118,0,0,1119.56,186.18,1190.55,302.45,24
10,player,119,0,0,1111.74,182.16,1182.73,298.44,24
10,player,120,0,0,1103.93,178.15,1174.91,294.42,24
10,player,121,0,0,1096.32,178.42,1167.31,294.69,24
10,player,122,0,0,1088.71,178.68,1159.7,294.96,24
10,player,123,0,0,1081.11,178.95,1152.09,295.22,24
10,player,124,0,0,1073.5,179.22,1144.49,295.49,24
10,player,125,0,0,1065.9,179.48,1136.88,295.76,24
10,player,126,0,0,1058.29,179.75,1129.28,296.02,24
10,player,127,0,0,1050.69,180.02,1121.67,296.29,24
10,player,128,0,0,1043.08,180.29,1114.07,296.56,24
10,player,129,0,0,1035.48,180.55,1106.46,296.82,24
10,player,130,0,0,1027.87,180.82,1098.86,297.09,24
10,player,131,0,0,1020.26,181.09,1091.25,297.36,24
10,player,132,0,0,1012.66,181.35,1083.64,297.62,24
10,player,133,0,0,1005.05,181.62,1076.04,297.89,24
10,player,134,0,0,997.45,181.89,1068.43,298.16,24
10,player,135,0,0,989.84,182.15,1060.83,298.43,24
10,player,136,0,0,982.24,182.42,1053.22,298.69,24
10,player,137,0,0,974.63,182.69,1045.62,298.96,24
10,player,138,0,0,967.02,182.95,1038.01,299.23,24
10,player,139,0,0,959.42,183.22,1030.4,299.49,24
10,player,140,0,0,960.22,183.88,1031.21,300.15,24
10,player,141,0,0,961.02,184.54,1032.01,300.81,24
10,player,142,0,0,961.83,185.2,1032.81,301.47,24
10,player,143,0,0,962.63,185.86,1033.61,302.13,24
10,player,144,0,0,963.43,186.52,1034.42,302.79,24
10,player,145,0,0,964.23,187.18,1035.22,303.46,24
10,player,146,0,0,965.04,187.84,1036.02,304.12,24
10,player,147,0,0,965.84,188.5,1036.82,304.78,24
10,player,148,0,0,966.64,189.17,1037.63,305.44,24
10,player,149,0,0,963.92,188.55,1034.91,304.82,24
10,player,150,0,0,961.21,187.93,1032.19,304.2,24
10,player,151,0,0,958.49,187.31,1029.48,303.58,24
10,player,152,0,0,955.78,186.69,1026.76,302.96,24
10,player,153,0,0,953.06,186.07,1024.05,302.34,24
10,player,154,0,0,950.35,185.45,1021.33,301.73,24
10,player,155,0,0,947.63,184.83,1018.62,301.11,24
10,player,156,0,0,944.92,184.22,1015.9,300.49,24
10,player,157,0,0,942.2,183.6,1013.19,299.87,24
10,player,158,0,0,939.49,182.98,1010.47,299.25,24
10,player,159,0,0,936.77,182.36,1007.76,298.63,24
10,player,160,0,0,934.05,181.74,1005.04,298.01,24
10,player,161,0,0,931.34,181.12,1002.32,297.39,24
10,player,162,0,0,928.62,180.5,999.61,296.78,24
10,player,163,0,0,925.91,179.89,996.89,296.16,24
10,player,164,0,0,923.19,179.27,994.18,295.54,24
10,player,165,0,0,920.48,178.65,991.46,294.92,24
10,player,166,0,0,917.76,178.03,988.75,294.3,24
10,player,167,0,0,915.05,177.41,986.03,293.68,24
10,player,168,0,0,912.33,176.79,983.32,293.06,24
10,player,169,0,0,909.62,176.17,980.6,292.45,24
10,player,170,0,0,906.9,175.55,977.89,291.83,24
10,player,171,0,0,904.18,174.94,975.17,291.21,24
10,player,172,0,0,901.47,174.32,972.45,290.59,24
10,player,173,0,0,898.75,173.7,969.74,289.97,24
10,player,174,0,0,896.04,173.08,967.02,289.35,24
10,player,175,0,0,903.64,172.89,974.63,289.16,24
10,player,176,0,0,911.25,172.69,982.24,288.96,24
10,player,177,0,0,918.86,172.5,989.84,288.77,24
10,player,178,0,0,926.46,172.3,997.45,288.57,24
10,player,179,0,0,934.07,172.11,1005.05,288.38,24
10,player,180,0,0,941.67,171.91,1012.66,288.18,24
10,player,181,0,0,949.28,171.71,1020.26,287.99,24
10,player,182,0,0,956.88,171.52,1027.87,287.79,24
10,player,183,0,0,964.49,171.32,1035.48,287.6,24
10,player,184,0,0,972.1,171.13,1043.08,287.4,24
10,player,185,0,0,979.7,170.93,1050.69,287.21,24
10,player,186,0,0,987.31,170.74,1058.29,287.01,24
10,player,187,0,0,994.91,170.54,1065.9,286.82,24
10,player,188,0,0,1007.59,170.54,1078.57,286.82,24
10,player,189,0,0,1020.26,170.54,1091.25,286.82,24
10,player,190,0,0,1040.54,168.01,1111.53,284.28,24
10,player,191,0,0,1051.19,168.01,1122.18,284.28,24
10,player,192,0,0,1061.84,168.01,1132.83,284.28,24
10,player,193,0,0,1072.49,168.01,1143.47,284.28,24
10,player,194,0,0,1083.14,168.01,1154.12,284.28,24
10,player,195,0,0,1093.78,168.01,1164.77,284.28,24
10,player,196,0,0,1100.98,167.1,1171.97,283.37,24
10,player,197,0,0,1108.18,166.18,1179.17,282.46,24
10,player,198,0,0,1115.38,165.27,1186.37,281.54,24
10,player,199,0,0,1122.58,164.36,1193.57,280.63,24
10,player,200,0,0,1129.78,163.45,1200.77,279.72,24
10,player,201,0,0,1136.98,162.53,1207.97,278.8,24
10,player,202,0,0,1144.18,161.62,1215.17,277.89,24
10,player,203,0,0,1151.38,160.71,1222.37,276.98,24
10,player,204,0,0,1158.58,159.79,1229.57,276.07,24
10,player,205,0,0,1165.78,158.88,1236.77,275.15,24
10,player,206,0,0,1172.98,157.97,1243.97,274.24,24
10,player,207,0,0,1180.18,157.06,1251.17,273.33,24
10,player,208,0,0,1187.38,156.14,1258.37,272.42,24
10,player,209,0,0,1194.58,155.23,1265.57,271.5,24
10,player,210,0,0,1201.78,154.32,1272.77,270.59,24
10,player,211,0,0,1208.98,153.41,1279.97,269.68,24
10,player,212,0,0,1216.18,152.49,1287.17,268.77,24
10,player,213,0,0,1223.38,151.58,1294.37,267.85,24
10,player,214,0,0,1230.58,150.67,1301.57,266.94,24
10,player,215,0,0,1237.78,149.76,1308.77,266.03,24
10,player,216,0,0,1244.98,148.84,1315.97,265.11,24
10,player,217,0,0,1252.18,147.93,1323.17,264.2,24
10,player,218,0,0,1259.38,147.02,1330.37,263.29,24
10,player,219,0,0,1266.58,146.11,1337.57,262.38,24
10,player,220,0,0,1273.78,145.19,1344.77,261.46,24
10,player,221,0,0,1277.01,143.92,1348.0,260.2,24
10,player,222,0,0,1280.24,142.66,1351.22,258.93,24
10,player,223,0,0,1283.46,141.39,1354.45,257.66,24
10,player,224,0,0,1286.69,140.12,1357.68,256.39,24
10,player,225,0,0,1289.92,138.85,1360.9,255.13,24
10,player,226,0,0,1293.14,137.59,1364.13,253.86,24
10,player,227,0,0,1296.37,136.32,1367.36,252.59,24
10,player,228,0,0,1299.6,135.05,1370.58,251.32,24
10,player,229,0,0,1302.82,133.78,1373.81,250.06,24
10,player,230,0,0,1306.05,132.52,1377.04,248.79,24
10,player,231,0,0,1309.28,131.25,1380.26,247.52,24
10,player,232,0,0,1312.5,129.98,1383.49,246.25,24
10,player,233,0,0,1315.73,128.71,1386.72,244.99,24
10,player,234,0,0,1318.96,127.45,1389.94,243.72,24
10,player,235,0,0,1322.18,126.18,1393.17,242.45,24
10,player,236,0,0,1325.41,124.91,1396.4,241.18,24
10,player,237,0,0,1328.64,123.64,1399.62,239.91,24
10,player,238,0,0,1331.86,122.38,1402.85,238.65,24
10,player,239,0,0,1335.09,121.11,1406.08,237.38,24
10,player,240,0,0,1338.32,119.84,1409.3,236.11,24
10,player,241,0,0,1341.54,118.57,1412.53,234.84,24
10,player,242,0,0,1344.77,117.3,1415.76,233.58,24
10,player,243,0,0,1343.65,117.3,1414.64,233.58,24
10,player,244,0,0,1342.53,117.3,1413.51,233.58,24
10,player,245,0,0,1341.41,117.3,1412.39,233.58,24
10,player,246,0,0,1340.29,117.3,1411.27,233.58,24
10,player,247,0,0,1339.17,117.3,1410.15,233.58,24
10,player,248,0,0,1338.05,117.3,1409.03,233.58,24
10,player,249,0,0,1336.93,117.3,1407.91,233.58,24
10,player,250,0,0,1335.81,117.3,1406.79,233.58,24
10,player,251,0,0,1334.69,117.3,1405.67,233.58,24
10,player,252,0,0,1333.57,117.3,1404.55,233.58,24
10,player,253,0,0,1332.45,117.3,1403.43,233.58,24
10,player,254,0,0,1331.33,117.3,1402.31,233.58,24
10,player,255,0,0,1330.21,117.3,1401.19,233.58,24
10,player,256,0,0,1329.09,117.3,1400.07,233.58,24
10,player,257,0,0,1327.97,117.3,1398.95,233.58,24
10,player,258,0,0,1326.85,117.3,1397.83,233.58,24
10,player,259,0,0,1325.73,117.3,1396.71,233.58,24
10,player,260,0,0,1324.61,117.3,1395.59,233.58,24
10,player,261,0,0,1323.49,117.3,1394.47,233.58,24
10,player,262,0,0,1322.37,117.3,1393.35,233.58,24
10,player,263,0,0,1321.25,117.3,1392.23,233.58,24
10,player,264,0,0,1320.12,117.3,1391.11,233.58,24
10,player,265,0,0,1319.0,117.3,1389.99,233.58,24
10,player,266,0,0,1317.88,117.3,1388.87,233.58,24
10,player,267,0,0,1316.76,117.3,1387.75,233.58,24
10,player,268,0,0,1315.64,117.3,1386.63,233.58,24
10,player,269,0,0,1314.52,117.3,1385.51,233.58,24
10,player,270,0,0,1313.4,117.3,1384.39,233.58,24
10,player,271,0,0,1312.28,117.3,1383.27,233.58,24
10,player,272,0,0,1311.16,117.3,1382.15,233.58,24
10,player,273,0,0,1310.04,117.3,1381.03,233.58,24
10,player,274,0,0,1308.92,117.3,1379.91,233.58,24
10,player,275,0,0,1307.8,117.3,1378.79,233.58,24
10,player,276,0,0,1306.68,117.3,1377.67,233.58,24
10,player,277,0,0,1305.56,117.3,1376.55,233.58,24
10,player,278,0,0,1304.44,117.3,1375.43,233.58,24
10,player,279,0,0,1303.32,117.3,1374.31,233.58,24
10,player,280,0,0,1302.2,117.3,1373.19,233.58,24
10,player,281,0,0,1301.08,117.3,1372.07,233.58,24
10,player,282,0,0,1299.96,117.3,1370.95,233.58,24
10,player,283,0,0,1298.84,117.3,1369.83,233.58,24
10,player,284,0,0,1297.72,117.3,1368.71,233.58,24
10,player,285,0,0,1296.6,117.3,1367.59,233.58,24
10,player,286,0,0,1295.72,117.67,1366.71,233.95,24
10,player,287,0,0,1294.85,118.04,1365.83,234.31,24
10,player,288,0,0,1293.97,118.41,1364.96,234.68,24
10,player,289,0,0,1293.1,118.78,1364.08,235.05,24
10,player,290,0,0,1292.22,119.15,1363.21,235.42,24
10,player,291,0,0,1291.35,119.52,1362.33,235.79,24
10,player,292,0,0,1290.47,119.89,1361.46,236.16,24
10,player,293,0,0,1289.59,120.25,1360.58,236.53,24
10,player,294,0,0,1288.72,120.62,1359.7,236.9,24
10,player,295,0,0,1287.84,120.99,1358.83,237.26,24
10,player,296,0,0,1286.97,121.36,1357.95,237.63,24
10,player,297,0,0,1286.09,121.73,1357.08,238.0,24
10,player,298,0,0,1285.22,122.1,1356.2,238.37,24
10,player,299,0,0,1284.34,122.47,1355.33,238.74,24
10,player,300,0,0,1283.46,122.84,1354.45,239.11,24
10,player,301,0,0,1282.59,123.2,1353.57,239.48,24
10,player,302,0,0,1281.71,123.57,1352.7,239.85,24
10,player,303,0,0,1280.84,123.94,1351.82,240.21,24
10,player,304,0,0,1279.96,124.31,1350.95,240.58,24
10,player,305,0,0,1279.08,124.68,1350.07,240.95,24
10,player,306,0,0,1278.21,125.05,1349.19,241.32,24
10,player,307,0,0,1277.33,125.42,1348.32,241.69,24
10,player,308,0,0,1276.46,125.79,1347.44,242.06,24
10,player,309,0,0,1275.58,126.15,1346.57,242.43,24
10,player,310,0,0,1274.71,126.52,1345.69,242.8,24
10,player,311,0,0,1273.83,126.89,1344.82,243.16,24
10,player,312,0,0,1272.95,127.26,1343.94,243.53,24
10,player,313,0,0,1272.08,127.63,1343.06,243.9,24
10,player,314,0,0,1271.2,128.0,1342.19,244.27,24
10,player,315,0,0,1270.33,128.37,1341.31,244.64,24
10,player,316,0,0,1269.45,128.74,1340.44,245.01,24
10,player,317,0,0,1268.58,129.1,1339.56,245.38,24
10,player,318,0,0,1267.7,129.47,1338.68,245.75,24
10,player,319,0,0,1266.82,129.84,1337.81,246.11,24
10,player,320,0,0,1265.95,130.21,1336.93,246.48,24
10,player,321,0,0,1265.07,130.58,1336.06,246.85,24
10,player,322,0,0,1264.2,130.95,1335.18,247.22,24
10,player,323,0,0,1263.32,131.32,1334.31,247.59,24
10,player,324,0,0,1262.44,131.69,1333.43,247.96,24
10,player,325,0,0,1261.57,132.05,1332.55,248.33,24
10,player,326,0,0,1260.69,132.42,1331.68,248.7,24
10,player,327,0,0,1259.82,132.79,1330.8,249.06,24
10,player,328,0,0,1258.94,133.16,1329.93,249.43,24
10,player,329,0,0,1258.07,133.53,1329.05,249.8,24
10,player,330,0,0,1257.19,133.9,1328.18,250.17,24
10,player,331,0,0,1256.31,134.27,1327.3,250.54,24
10,player,332,0,0,1255.44,134.64,1326.42,250.91,24
10,player,333,0,0,1254.56,135.0,1325.55,251.28,24
10,player,334,0,0,1253.69,135.37,1324.67,251.65,24
10,player,335,0,0,1252.81,135.74,1323.8,252.01,24
10,player,336,0,0,1251.93,136.11,1322.92,252.38,24
10,player,337,0,0,1251.06,136.48,1322.04,252.75,24
10,player,338,0,0,1250.18,136.85,1321.17,253.12,24
10,player,339,0,0,1249.31,137.22,1320.29,253.49,24
10,player,340,0,0,1248.43,137.59,1319.42,253.86,24
10,player,341,0,0,1251.39,137.37,1322.38,253.65,24
10,player,342,0,0,1254.35,137.16,1325.33,253.44,24
10,player,343,0,0,1257.3,136.95,1328.29,253.22,24
10,player,344,0,0,1260.26,136.74,1331.25,253.01,24
10,player,345,0,0,1263.22,136.53,1334.21,252.8,24
10,player,346,0,0,1266.18,136.32,1337.16,252.59,24
10,player,347,0,0,1269.14,136.11,1340.12,252.38,24
10,player,348,0,0,1272.09,135.9,1343.08,252.17,24
10,player,349,0,0,1275.05,135.68,1346.04,251.96,24
10,player,350,0,0,1278.01,135.47,1349.0,251.75,24
10,player,351,0,0,1280.97,135.26,1351.95,251.53,24
10,player,352,0,0,1283.92,135.05,1354.91,251.32,24
10,player,353,0,0,1286.88,134.84,1357.87,251.11,24
10,player,354,0,0,1289.84,134.63,1360.83,250.9,24
10,player,355,0,0,1292.8,134.42,1363.78,250.69,24
10,player,356,0,0,1295.76,134.21,1366.74,250.48,24
10,player,357,0,0,1298.71,133.99,1369.7,250.27,24
10,player,358,0,0,1301.67,133.78,1372.66,250.06,24
10,player,359,0,0,1304.63,133.57,1375.61,249.84,24
10,player,360,0,0,1307.59,133.36,1378.57,249.63,24
10,player,361,0,0,1310.54,133.15,1381.53,249.42,24
10,player,362,0,0,1313.5,132.94,1384.49,249.21,24
10,player,363,0,0,1316.46,132.73,1387.45,249.0,24
10,player,364,0,0,1319.42,132.52,1390.4,248.79,24
10,player,365,0,0,1323.73,133.11,1394.71,249.38,24
10,player,366,0,0,1328.04,133.7,1399.02,249.97,24
10,player,367,0,0,1332.35,134.29,1403.33,250.56,24
10,player,368,0,0,1336.66,134.88,1407.64,251.15,24
10,player,369,0,0,1340.97,135.47,1411.95,251.75,24
10,player,370,0,0,1345.28,136.06,1416.26,252.34,24
10,player,371,0,0,1349.59,136.66,1420.57,252.93,24
10,player,372,0,0,1353.9,137.25,1424.88,253.52,24
10,player,373,0,0,1358.21,137.84,1429.19,254.11,24
10,player,374,0,0,1362.52,138.43,1433.5,254.7,24
10,player,375,0,0,1366.83,139.02,1437.81,255.29,24
10,player,376,0,0,1371.14,139.61,1442.12,255.89,24
10,player,377,0,0,1375.45,140.21,1446.43,256.48,24
10,player,378,0,0,1379.76,140.8,1450.74,257.07,24
10,player,379,0,0,1384.07,141.39,1455.05,257.66,24
10,player,380,0,0,1388.38,141.98,1459.36,258.25,24
10,player,381,0,0,1392.69,142.57,1463.67,258.84,24
10,player,382,0,0,1397.0,143.16,1467.98,259.44,24
10,player,383,0,0,1401.31,143.75,1472.29,260.03,24
10,player,384,0,0,1405.62,144.35,1476.6,260.62,24
10,player,385,0,0,1409.93,144.94,1480.91,261.21,24
10,player,386,0,0,1414.23,145.53,1485.22,261.8,24
10,player,387,0,0,1418.54,146.12,1489.53,262.39,24
10,player,388,0,0,1422.85,146.71,1493.84,262.98,24
10,player,389,0,0,1427.16,147.3,1498.15,263.58,24
10,player,390,0,0,1431.47,147.9,1502.46,264.17,24
10,player,391,0,0,1435.78,148.49,1506.77,264.76,24
10,player,392,0,0,1440.09,149.08,1511.08,265.35,24
10,player,393,0,0,1444.4,149.67,1515.39,265.94,24
10,player,394,0,0,1448.71,150.26,1519.7,266.53,24
10,player,395,0,0,1454.1,152.16,1525.09,268.43,24
10,player,396,0,0,1459.49,154.06,1530.47,270.34,24
10,player,397,0,0,1464.88,155.97,1535.86,272.24,24
10,player,398,0,0,1470.26,157.87,1541.25,274.14,24
10,player,399,0,0,1475.65,159.77,1546.64,276.04,24
10,player,400,0,0,1481.04,161.67,1552.02,277.94,24
10,player,401,0,0,1486.43,163.57,1557.41,279.84,24
10,player,402,0,0,1491.81,165.47,1562.8,281.74,24
10,player,403,0,0,1496.88,165.87,1567.87,282.14,24
10,player,404,0,0,1501.95,166.27,1572.94,282.55,24
10,player,405,0,0,1507.02,166.67,1578.01,282.95,24
10,player,406,0,0,1512.09,167.07,1583.08,283.35,24
10,player,407,0,0,1517.16,167.47,1588.15,283.75,24
10,player,408,0,0,1522.23,167.87,1593.22,284.15,24
10,player,409,0,0,1527.31,168.27,1598.29,284.55,24
10,player,410,0,0,1532.38,168.67,1603.36,284.95,24
10,player,411,0,0,1537.45,169.08,1608.43,285.35,24
10,player,412,0,0,1542.52,169.48,1613.5,285.75,24
10,player,413,0,0,1547.59,169.88,1618.57,286.15,24
10,player,414,0,0,1552.66,170.28,1623.64,286.55,24
10,player,415,0,0,1557.73,170.68,1628.71,286.95,24
10,player,416,0,0,1562.8,171.08,1633.78,287.35,24
10,player,417,0,0,1567.87,171.48,1638.85,287.75,24
10,player,418,0,0,1572.94,171.88,1643.92,288.15,24
10,player,419,0,0,1578.01,172.28,1649.0,288.55,24
10,player,420,0,0,1583.08,172.68,1654.07,288.95,24
10,player,421,0,0,1588.15,173.08,1659.14,289.35,24
10,player,422,0,0,1594.91,173.71,1665.9,289.98,24
10,player,423,0,0,1601.67,174.35,1672.66,290.62,24
10,player,424,0,0,1608.43,174.98,1679.42,291.25,24
10,player,425,0,0,1615.19,175.61,1686.18,291.89,24
10,player,426,0,0,1621.95,176.25,1692.94,292.52,24
10,player,427,0,0,1628.71,176.88,1699.7,293.15,24
10,player,428,0,0,1635.47,177.51,1706.46,293.79,24
10,player,429,0,0,1642.24,178.15,1713.22,294.42,24
10,player,430,0,0,1649.0,178.78,1719.98,295.05,24
10,player,431,0,0,1655.76,179.42,1726.74,295.69,24
10,player,432,0,0,1662.52,180.05,1733.5,296.32,24
10,player,433,0,0,1669.28,180.68,1740.26,296.96,24
10,player,434,0,0,1667.32,180.24,1738.31,296.51,24
10,player,435,0,0,1665.36,179.79,1736.35,296.07,24
10,player,436,0,0,1663.41,179.35,1734.39,295.62,24
10,player,437,0,0,1661.45,178.9,1732.44,295.18,24
10,player,438,0,0,1659.49,178.46,1730.48,294.73,24
10,player,439,0,0,1657.54,178.01,1728.52,294.29,24
10,player,440,0,0,1655.58,177.57,1726.56,293.84,24
10,player,441,0,0,1653.62,177.13,1724.61,293.4,24
10,player,442,0,0,1651.66,176.68,1722.65,292.95,24
10,player,443,0,0,1649.71,176.24,1720.69,292.51,24
10,player,444,0,0,1647.75,175.79,1718.74,292.06,24
10,player,445,0,0,1645.79,175.35,1716.78,291.62,24
10,player,446,0,0,1643.84,174.9,1714.82,291.17,24
10,player,447,0,0,1641.88,174.46,1712.87,290.73,24
10,player,448,0,0,1639.92,174.01,1710.91,290.28,24
10,player,449,0,0,1637.97,173.57,1708.95,289.84,24
10,player,450,0,0,1636.01,173.12,1706.99,289.39,24
10,player,451,0,0,1634.05,172.68,1705.04,288.95,24
10,player,452,0,0,1632.09,172.23,1703.08,288.5,24
10,player,453,0,0,1630.14,171.79,1701.12,288.06,24
10,player,454,0,0,1628.18,171.34,1699.17,287.62,24
10,player,455,0,0,1626.22,170.9,1697.21,287.17,24
10,player,456,0,0,1624.27,170.45,1695.25,286.73,24
10,player,457,0,0,1622.31,170.01,1693.3,286.28,24
10,player,458,0,0,1620.35,169.56,1691.34,285.84,24
10,player,459,0,0,1618.4,169.12,1689.38,285.39,24
10,player,460,0,0,1616.44,168.67,1687.42,284.95,24
10,player,461,0,0,1614.48,168.23,1685.47,284.5,24
10,player,462,0,0,1612.52,167.78,1683.51,284.06,24
10,player,463,0,0,1610.57,167.34,1681.55,283.61,24
10,player,464,0,0,1608.61,166.9,1679.6,283.17,24
10,player,465,0,0,1606.65,166.45,1677.64,282.72,24
10,player,466,0,0,1604.7,166.01,1675.68,282.28,24
10,player,467,0,0,1602.74,165.56,1673.73,281.83,24
10,player,468,0,0,1600.78,165.12,1671.77,281.39,24
10,player,469,0,0,1598.83,164.67,1669.81,280.94,24
10,player,470,0,0,1596.87,164.23,1667.85,280.5,24
10,player,471,0,0,1594.91,163.78,1665.9,280.05,24
10,player,472,0,0,1592.95,163.34,1663.94,279.61,24
10,player,473,0,0,1591.0,162.89,1661.98,279.16,24
10,player,474,0,0,1589.04,162.45,1660.03,278.72,24
10,player,475,0,0,1587.08,162.0,1658.07,278.27,24
10,player,476,0,0,1585.13,161.56,1656.11,277.83,24
10,player,477,0,0,1583.17,161.11,1654.16,277.39,24
10,player,478,0,0,1581.21,160.67,1652.2,276.94,24
10,player,479,0,0,1579.26,160.22,1650.24,276.5,24
10,player,480,0,0,1577.3,159.78,1648.28,276.05,24
10,player,481,0,0,1575.34,159.33,1646.33,275.61,24
10,player,482,0,0,1573.38,158.89,1644.37,275.16,24
10,player,483,0,0,1571.43,158.44,1642.41,274.72,24
10,player,484,0,0,1569.47,158.0,1640.46,274.27,24
10,player,485,0,0,1567.51,157.55,1638.5,273.83,24
10,player,486,0,0,1565.56,157.11,1636.54,273.38,24
10,player,487,0,0,1563.6,156.67,1634.59,272.94,24
10,player,488,0,0,1561.64,156.22,1632.63,272.49,24
10,player,489,0,0,1559.69,155.78,1630.67,272.05,24
10,player,490,0,0,1557.73,155.33,1628.71,271.6,24
10,player,491,0,0,1552.57,155.26,1623.55,271.53,24
10,player,492,0,0,1547.41,155.18,1618.39,271.46,24
10,player,493,0,0,1542.25,155.11,1613.23,271.38,24
10,player,494,0,0,1537.08,155.04,1608.07,271.31,24
10,player,495,0,0,1531.92,154.96,1602.91,271.23,24
10,player,496,0,0,1526.76,154.89,1597.75,271.16,24
10,player,497,0,0,1521.6,154.82,1592.59,271.09,24
10,player,498,0,0,1516.44,154.74,1587.43,271.01,24
10,player,499,0,0,1511.28,154.67,1582.27,270.94,24
10,player,500,0,0,1506.12,154.59,1577.11,270.87,24
10,player,501,0,0,1500.96,154.52,1571.94,270.79,24
10,player,502,0,0,1495.8,154.45,1566.78,270.72,24
10,player,503,0,0,1490.64,154.37,1561.62,270.64,24
10,player,504,0,0,1485.48,154.3,1556.46,270.57,24
10,player,505,0,0,1480.32,154.23,1551.3,270.5,24
10,player,506,0,0,1475.15,154.15,1546.14,270.42,24
10,player,507,0,0,1469.99,154.08,1540.98,270.35,24
10,player,508,0,0,1464.83,154.0,1535.82,270.28,24
10,player,509,0,0,1459.67,153.93,1530.66,270.2,24
10,player,510,0,0,1454.51,153.86,1525.5,270.13,24
10,player,511,0,0,1449.35,153.78,1520.34,270.05,24
10,player,512,0,0,1444.19,153.71,1515.17,269.98,24
10,player,513,0,0,1439.03,153.64,1510.01,269.91,24
10,player,514,0,0,1433.87,153.56,1504.85,269.83,24
10,player,515,0,0,1428.71,153.49,1499.69,269.76,24
10,player,516,0,0,1423.55,153.41,1494.53,269.69,24
10,player,517,0,0,1418.38,153.34,1489.37,269.61,24
10,player,518,0,0,1413.22,153.27,1484.21,269.54,24
10,player,519,0,0,1408.06,153.19,1479.05,269.47,24
10,player,520,0,0,1402.24,153.55,1473.23,269.82,24
10,player,521,0,0,1396.42,153.91,1467.41,270.18,24
10,player,522,0,0,1390.6,154.26,1461.59,270.53,24
10,player,523,0,0,1384.78,154.62,1455.77,270.89,24
10,player,524,0,0,1378.96,154.98,1449.95,271.25,24
10,player,525,0,0,1373.14,155.33,1444.13,271.6,24
10,player,526,0,0,1367.32,155.69,1438.31,271.96,24
10,player,527,0,0,1361.5,156.04,1432.49,272.32,24
10,player,528,0,0,1355.68,156.4,1426.66,272.67,24
10,player,529,0,0,1349.86,156.76,1420.84,273.03,24
10,player,530,0,0,1344.04,157.11,1415.02,273.38,24
10,player,531,0,0,1338.22,157.47,1409.2,273.74,24
10,player,532,0,0,1332.4,157.83,1403.38,274.1,24
10,player,533,0,0,1326.58,158.18,1397.56,274.45,24
10,player,534,0,0,1320.76,158.54,1391.74,274.81,24
10,player,535,0,0,1314.94,158.89,1385.92,275.17,24
10,player,536,0,0,1309.12,159.25,1380.1,275.52,24
10,player,537,0,0,1303.3,159.61,1374.28,275.88,24
10,player,538,0,0,1295.1,157.11,1366.09,273.38,24
10,player,539,0,0,1286.9,154.62,1357.89,270.89,24
10,player,540,0,0,1278.71,152.12,1349.69,268.4,24
10,player,541,0,0,1270.51,149.63,1341.5,265.9,24
10,player,542,0,0,1262.32,147.14,1333.3,263.41,24
10,player,543,0,0,1254.12,144.64,1325.11,260.91,24
10,player,544,0,0,1248.25,144.39,1319.24,260.66,24
10,player,545,0,0,1242.39,144.14,1313.37,260.42,24
10,player,546,0,0,1236.52,143.89,1307.5,260.17,24
10,player,547,0,0,1230.65,143.65,1301.64,259.92,24
10,player,548,0,0,1224.78,143.4,1295.77,259.67,24
10,player,549,0,0,1218.92,143.15,1289.9,259.42,24
10,player,550,0,0,1213.05,142.9,1284.03,259.17,24
10,player,551,0,0,1207.18,142.65,1278.17,258.92,24
10,player,552,0,0,1201.31,142.4,1272.3,258.67,24
10,player,553,0,0,1195.45,142.15,1266.43,258.43,24
10,player,554,0,0,1189.58,141.91,1260.57,258.18,24
10,player,555,0,0,1183.71,141.66,1254.7,257.93,24
10,player,556,0,0,1177.85,141.41,1248.83,257.68,24
10,player,557,0,0,1171.98,141.16,1242.96,257.43,24
10,player,558,0,0,1166.11,140.91,1237.1,257.18,24
10,player,559,0,0,1160.24,140.66,1231.23,256.93,24
10,player,560,0,0,1154.38,140.41,1225.36,256.69,24
10,player,561,0,0,1148.51,140.17,1219.49,256.44,24
10,player,562,0,0,1142.64,139.92,1213.63,256.19,24
10,player,563,0,0,1136.77,139.67,1207.76,255.94,24
10,player,564,0,0,1130.91,139.42,1201.89,255.69,24
10,player,565,0,0,1125.04,139.17,1196.03,255.44,24
10,player,566,0,0,1119.17,138.92,1190.16,255.19,24
10,player,567,0,0,1113.3,138.67,1184.29,254.95,24
10,player,568,0,0,1107.44,138.43,1178.42,254.7,24
10,player,569,0,0,1101.57,138.18,1172.56,254.45,24
10,player,570,0,0,1095.7,137.93,1166.69,254.2,24
10,player,571,0,0,1089.84,137.68,1160.82,253.95,24
10,player,572,0,0,1083.97,137.43,1154.95,253.7,24
10,player,573,0,0,1078.1,137.18,1149.09,253.45,24
10,player,574,0,0,1072.23,136.93,1143.22,253.21,24
10,player,575,0,0,1066.37,136.68,1137.35,252.96,24
10,player,576,0,0,1060.5,136.44,1131.48,252.71,24
10,player,577,0,0,1054.63,136.19,1125.62,252.46,24
10,player,578,0,0,1048.76,135.94,1119.75,252.21,24
10,player,579,0,0,1042.9,135.69,1113.88,251.96,24
10,player,580,0,0,1037.03,135.44,1108.02,251.71,24
10,player,581,0,0,1031.16,135.19,1102.15,251.47,24
10,player,582,0,0,1025.3,134.94,1096.28,251.22,24
10,player,583,0,0,1019.43,134.7,1090.41,250.97,24
10,player,584,0,0,1013.56,134.45,1084.55,250.72,24
10,player,585,0,0,1007.69,134.2,1078.68,250.47,24
10,player,586,0,0,1001.83,133.95,1072.81,250.22,24
10,player,587,0,0,1004.78,133.75,1075.77,250.02,24
10,player,588,0,0,1007.74,133.54,1078.72,249.81,24
10,player,589,0,0,1010.69,133.34,1081.68,249.61,24
10,player,590,0,0,1013.65,133.13,1084.64,249.4,24
10,player,591,0,0,1016.61,132.93,1087.59,249.2,24
10,player,592,0,0,1019.56,132.72,1090.55,248.99,24
10,player,593,0,0,1022.52,132.52,1093.5,248.79,24
10,player,594,0,0,1025.48,132.31,1096.46,248.59,24
10,player,595,0,0,1028.43,132.11,1099.42,248.38,24
10,player,596,0,0,1031.39,131.91,1102.37,248.18,24
10,player,597,0,0,1034.34,131.7,1105.33,247.97,24
10,player,598,0,0,1037.3,131.5,1108.29,247.77,24
10,player,599,0,0,1040.26,131.29,1111.24,247.56,24
10,player,600,0,0,1043.21,131.09,1114.2,247.36,24
10,player,601,0,0,1046.17,130.88,1117.15,247.15,24
10,player,602,0,0,1049.12,130.68,1120.11,246.95,24
10,player,603,0,0,1052.08,130.47,1123.07,246.75,24
10,player,604,0,0,1055.04,130.27,1126.02,246.54,24
10,player,605,0,0,1057.99,130.06,1128.98,246.34,24
10,player,606,0,0,1060.95,129.86,1131.93,246.13,24
10,player,607,0,0,1063.9,129.66,1134.89,245.93,24
10,player,608,0,0,1066.86,129.45,1137.85,245.72,24
10,player,609,0,0,1069.82,129.25,1140.8,245.52,24
10,player,610,0,0,1072.77,129.04,1143.76,245.31,24
10,player,611,0,0,1075.73,128.84,1146.72,245.11,24
10,player,612,0,0,1078.69,128.63,1149.67,244.9,24
10,player,613,0,0,1081.64,128.43,1152.63,244.7,24
10,player,614,0,0,1084.6,128.22,1155.58,244.5,24
10,player,615,0,0,1087.55,128.02,1158.54,244.29,24
10,player,616,0,0,1090.51,127.81,1161.5,244.09,24
10,player,617,0,0,1093.47,127.61,1164.45,243.88,24
10,player,618,0,0,1096.42,127.41,1167.41,243.68,24
10,player,619,0,0,1099.38,127.2,1170.36,243.47,24
10,player,620,0,0,1102.33,127.0,1173.32,243.27,24
10,player,621,0,0,1105.29,126.79,1176.28,243.06,24
10,player,622,0,0,1108.25,126.59,1179.23,242.86,24
10,player,623,0,0,1111.2,126.38,1182.19,242.65,24
10,player,624,0,0,1114.16,126.18,1185.14,242.45,24
10,player,625,0,0,1117.12,125.97,1188.1,242.25,24
10,player,626,0,0,1120.07,125.77,1191.06,242.04,24
10,player,627,0,0,1123.03,125.56,1194.01,241.84,24
10,player,628,0,0,1125.98,125.36,1196.97,241.63,24
10,player,629,0,0,1128.94,125.16,1199.93,241.43,24
10,player,630,0,0,1131.9,124.95,1202.88,241.22,24
10,player,631,0,0,1134.85,124.75,1205.84,241.02,24
10,player,632,0,0,1137.81,124.54,1208.79,240.81,24
10,player,633,0,0,1140.76,124.34,1211.75,240.61,24
10,player,634,0,0,1143.72,124.13,1214.71,240.41,24
10,player,635,0,0,1146.68,123.93,1217.66,240.2,24
10,player,636,0,0,1149.63,123.72,1220.62,240.0,24
10,player,637,0,0,1152.59,123.52,1223.57,239.79,24
10,player,638,0,0,1155.54,123.32,1226.53,239.59,24
10,player,639,0,0,1158.5,123.11,1229.49,239.38,24
10,player,640,0,0,1161.46,122.91,1232.44,239.18,24
10,player,641,0,0,1164.41,122.7,1235.4,238.97,24
10,player,642,0,0,1167.37,122.5,1238.36,238.77,24
10,player,643,0,0,1170.33,122.29,1241.31,238.56,24
10,player,644,0,0,1173.28,122.09,1244.27,238.36,24
10,player,645,0,0,1176.24,121.88,1247.22,238.16,24
10,player,646,0,0,1179.19,121.68,1250.18,237.95,24
10,player,647,0,0,1182.15,121.47,1253.14,237.75,24
10,player,648,0,0,1185.11,121.27,1256.09,237.54,24
10,player,649,0,0,1188.06,121.07,1259.05,237.34,24
10,player,650,0,0,1191.02,120.86,1262.0,237.13,24
10,player,651,0,0,1193.97,120.66,1264.96,236.93,24
10,player,652,0,0,1196.93,120.45,1267.92,236.72,24
10,player,653,0,0,1199.89,120.25,1270.87,236.52,24
10,player,654,0,0,1202.84,120.04,1273.83,236.31,24
10,player,655,0,0,1205.8,119.84,1276.78,236.11,24
10,player,656,0,0,1208.76,119.63,1279.74,235.91,24
10,player,657,0,0,1211.71,119.43,1282.7,235.7,24
10,player,658,0,0,1214.67,119.22,1285.65,235.5,24
10,player,659,0,0,1217.62,119.02,1288.61,235.29,24
10,player,660,0,0,1220.58,118.82,1291.57,235.09,24
10,player,661,0,0,1223.54,118.61,1294.52,234.88,24
10,player,662,0,0,1226.49,118.41,1297.48,234.68,24
10,player,663,0,0,1229.45,118.2,1300.43,234.47,24
10,player,664,0,0,1232.4,118.0,1303.39,234.27,24
10,player,665,0,0,1235.36,117.79,1306.35,234.07,24
10,player,666,0,0,1238.32,117.59,1309.3,233.86,24
10,player,667,0,0,1241.27,117.38,1312.26,233.66,24
10,player,668,0,0,1244.23,117.18,1315.21,233.45,24
10,player,669,0,0,1247.19,116.98,1318.17,233.25,24
10,player,670,0,0,1250.14,116.77,1321.13,233.04,24
10,player,671,0,0,1253.1,116.57,1324.08,232.84,24
10,player,672,0,0,1256.05,116.36,1327.04,232.63,24
10,player,673,0,0,1259.01,116.16,1330.0,232.43,24
10,player,674,0,0,1261.97,115.95,1332.95,232.22,24
10,player,675,0,0,1264.92,115.75,1335.91,232.02,24
10,player,676,0,0,1267.88,115.54,1338.86,231.82,24
10,player,677,0,0,1270.83,115.34,1341.82,231.61,24
10,player,678,0,0,1273.79,115.13,1344.78,231.41,24
10,player,679,0,0,1276.75,114.93,1347.73,231.2,24
10,player,680,0,0,1279.7,114.73,1350.69,231.0,24
10,player,681,0,0,1282.66,114.52,1353.64,230.79,24
10,player,682,0,0,1285.61,114.32,1356.6,230.59,24
10,player,683,0,0,1288.57,114.11,1359.56,230.38,24
10,player,684,0,0,1291.53,113.91,1362.51,230.18,24
10,player,685,0,0,1294.48,113.7,1365.47,229.97,24
10,player,686,0,0,1297.44,113.5,1368.43,229.77,24
10,player,687,0,0,1300.4,113.29,1371.38,229.57,24
10,player,688,0,0,1303.35,113.09,1374.34,229.36,24
10,player,689,0,0,1306.31,112.88,1377.29,229.16,24
10,player,690,0,0,1309.26,112.68,1380.25,228.95,24
10,player,691,0,0,1312.22,112.48,1383.21,228.75,24
10,player,692,0,0,1315.18,112.27,1386.16,228.54,24
10,player,693,0,0,1318.13,112.07,1389.12,228.34,24
10,player,694,0,0,1321.09,111.86,1392.07,228.13,24
10,player,695,0,0,1324.04,111.66,1395.03,227.93,24
10,player,696,0,0,1327.0,111.45,1397.99,227.73,24
10,player,697,0,0,1329.96,111.25,1400.94,227.52,24
10,player,698,0,0,1332.91,111.04,1403.9,227.32,24
10,player,699,0,0,1335.87,110.84,1406.85,227.11,24
10,player,700,0,0,1338.83,110.64,1409.81,226.91,24
10,player,701,0,0,1341.78,110.43,1412.77,226.7,24
10,player,702,0,0,1335.01,110.61,1406.0,226.88,24
10,player,703,0,0,1328.24,110.79,1399.23,227.06,24
10,player,704,0,0,1321.47,110.97,1392.45,227.24,24
10,player,705,0,0,1314.7,111.14,1385.68,227.42,24
10,player,706,0,0,1307.93,111.32,1378.91,227.59,24
10,player,707,0,0,1301.16,111.5,1372.14,227.77,24
10,player,708,0,0,1294.39,111.68,1365.37,227.95,24
10,player,709,0,0,1287.62,111.86,1358.6,228.13,24
10,player,710,0,0,1280.85,112.03,1351.83,228.31,24
10,player,711,0,0,1274.07,112.21,1345.06,228.48,24
10,player,712,0,0,1267.3,112.39,1338.29,228.66,24
10,player,713,0,0,1260.53,112.57,1331.52,228.84,24
10,player,714,0,0,1255.62,112.57,1326.6,228.84,24
10,player,715,0,0,1250.7,112.57,1321.68,228.84,24
10,player,716,0,0,1245.78,112.57,1316.77,228.84,24
10,player,717,0,0,1240.86,112.57,1311.85,228.84,24
10,player,718,0,0,1235.95,112.57,1306.93,228.84,24
10,player,719,0,0,1231.03,112.57,1302.01,228.84,24
10,player,720,0,0,1226.11,112.57,1297.1,228.84,24
10,player,721,0,0,1221.19,112.57,1292.18,228.84,24
10,player,722,0,0,1216.28,112.57,1287.26,228.84,24
10,player,723,0,0,1211.36,112.57,1282.34,228.84,24
10,player,724,0,0,1207.26,112.34,1278.25,228.61,24
10,player,725,0,0,1203.17,112.11,1274.15,228.39,24
10,player,726,0,0,1199.07,111.89,1270.06,228.16,24
10,player,727,0,0,1194.98,111.66,1265.97,227.93,24
10,player,728,0,0,1190.89,111.43,1261.87,227.7,24
10,player,729,0,0,1186.79,111.2,1257.78,227.48,24
10,player,730,0,0,1182.7,110.98,1253.68,227.25,24
10,player,731,0,0,1178.6,110.75,1249.59,227.02,24
10,player,732,0,0,1174.51,110.52,1245.5,226.79,24
10,player,733,0,0,1170.42,110.29,1241.4,226.57,24
10,player,734,0,0,1166.32,110.07,1237.31,226.34,24
10,player,735,0,0,1162.23,109.84,1233.21,226.11,24
10,player,736,0,0,1158.13,109.61,1229.12,225.88,24
10,player,737,0,0,1154.04,109.38,1225.02,225.66,24
10,player,738,0,0,1149.94,109.16,1220.93,225.43,24
10,player,739,0,0,1145.85,108.93,1216.84,225.2,24
10,player,740,0,0,1141.76,108.7,1212.74,224.97,24
10,player,741,0,0,1137.66,108.47,1208.65,224.75,24
10,player,742,0,0,1133.57,108.25,1204.55,224.52,24
10,player,743,0,0,1129.47,108.02,1200.46,224.29,24
10,player,744,0,0,1125.38,107.79,1196.36,224.06,24
10,player,745,0,0,1121.28,107.56,1192.27,223.84,24
10,player,746,0,0,1117.19,107.34,1188.18,223.61,24
10,player,747,0,0,1113.1,107.11,1184.08,223.38,24
10,player,748,0,0,1109.0,106.88,1179.99,223.15,24
10,player,749,0,0,1104.91,106.65,1175.89,222.93,24
10,player,750,0,0,1100.81,106.43,1171.8,222.7,24
10,player,751,0,0,1096.72,106.2,1167.71,222.47,24
10,player,752,0,0,1092.63,105.97,1163.61,222.24,24
10,player,753,0,0,1088.53,105.74,1159.52,222.02,24
10,player,754,0,0,1084.44,105.52,1155.42,221.79,24
10,player,755,0,0,1080.34,105.29,1151.33,221.56,24
10,player,756,0,0,1076.25,105.06,1147.23,221.33,24
10,player,757,0,0,1072.15,104.83,1143.14,221.11,24
10,player,758,0,0,1068.06,104.61,1139.05,220.88,24
10,player,759,0,0,1063.97,104.38,1134.95,220.65,24
10,player,760,0,0,1059.87,104.15,1130.86,220.42,24
10,player,761,0,0,1055.78,103.93,1126.76,220.2,24
10,player,762,0,0,1051.68,103.7,1122.67,219.97,24
10,player,763,0,0,1047.59,103.47,1118.57,219.74,24
10,player,764,0,0,1043.49,103.24,1114.48,219.51,24
10,player,765,0,0,1039.4,103.02,1110.39,219.29,24
10,player,766,0,0,1035.31,102.79,1106.29,219.06,24
10,player,767,0,0,1031.21,102.56,1102.2,218.83,24
10,player,768,0,0,1027.12,102.33,1098.1,218.6,24
10,player,769,0,0,1023.02,102.11,1094.01,218.38,24
10,player,770,0,0,1018.93,101.88,1089.92,218.15,24
10,player,771,0,0,1020.21,104.02,1091.2,220.29,24
10,player,772,0,0,1021.5,106.15,1092.48,222.43,24
10,player,773,0,0,1022.78,108.29,1093.76,224.56,24
10,player,774,0,0,1024.06,110.43,1095.05,226.7,24
10,player,775,0,0,1025.34,112.57,1096.33,228.84,24
10,player,776,0,0,1026.63,114.71,1097.61,230.98,24
10,player,777,0,0,1027.91,116.84,1098.9,233.12,24
10,player,778,0,0,1029.19,118.98,1100.18,235.25,24
10,player,779,0,0,1030.48,121.12,1101.46,237.39,24
10,player,780,0,0,1031.76,123.26,1102.74,239.53,24
10,player,781,0,0,1033.04,125.4,1104.03,241.67,24
10,player,782,0,0,1034.32,127.53,1105.31,243.81,24
10,player,783,0,0,1035.61,129.67,1106.59,245.94,24
10,player,784,0,0,1036.89,131.81,1107.88,248.08,24
10,player,785,0,0,1038.17,133.95,1109.16,250.22,24
10,player,786,0,0,1043.52,133.69,1114.5,249.96,24
10,player,787,0,0,1048.86,133.44,1119.85,249.71,24
10,player,788,0,0,1054.21,133.18,1125.19,249.45,24
10,player,789,0,0,1059.55,132.92,1130.54,249.19,24
10,player,790,0,0,1064.9,132.67,1135.88,248.94,24
10,player,791,0,0,1070.24,132.41,1141.23,248.68,24
10,player,792,0,0,1075.59,132.15,1146.58,248.43,24
10,player,793,0,0,1080.93,131.9,1151.92,248.17,24
10,player,794,0,0,1086.28,131.64,1157.27,247.91,24
10,player,795,0,0,1091.62,131.38,1162.61,247.66,24
10,player,796,0,0,1096.97,131.13,1167.96,247.4,24
10,player,797,0,0,1102.32,130.87,1173.3,247.14,24
10,player,798,0,0,1107.66,130.61,1178.65,246.89,24
10,player,799,0,0,1113.01,130.36,1183.99,246.63,24
10,player,800,0,0,1118.35,130.1,1189.34,246.37,24
10,player,801,0,0,1123.7,129.84,1194.68,246.12,24
10,player,802,0,0,1129.04,129.59,1200.03,245.86,24
10,player,803,0,0,1134.39,129.33,1205.37,245.6,24
10,player,804,0,0,1139.73,129.07,1210.72,245.35,24
10,player,805,0,0,1145.08,128.82,1216.06,245.09,24
10,player,806,0,0,1150.42,128.56,1221.41,244.83,24
10,player,807,0,0,1155.77,128.3,1226.75,244.58,24
10,player,808,0,0,1161.11,128.05,1232.1,244.32,24
10,player,809,0,0,1166.46,127.79,1237.44,244.06,24
10,player,810,0,0,1171.8,127.53,1242.79,243.81,24
10,player,811,0,0,1177.15,127.28,1248.13,243.55,24
10,player,812,0,0,1182.49,127.02,1253.48,243.29,24
10,player,813,0,0,1187.84,126.76,1258.82,243.04,24
10,player,814,0,0,1193.18,126.51,1264.17,242.78,24
10,player,815,0,0,1198.53,126.25,1269.52,242.52,24
10,player,816,0,0,1203.87,126.0,1274.86,242.27,24
10,player,817,0,0,1209.22,125.74,1280.21,242.01,24
10,player,818,0,0,1214.56,125.48,1285.55,241.75,24
10,player,819,0,0,1219.91,125.23,1290.9,241.5,24
10,player,820,0,0,1225.26,124.97,1296.24,241.24,24
10,player,821,0,0,1230.6,124.71,1301.59,240.98,24
10,player,822,0,0,1235.95,124.46,1306.93,240.73,24
10,player,823,0,0,1241.29,124.2,1312.28,240.47,24
10,player,824,0,0,1246.64,123.94,1317.62,240.21,24
10,player,825,0,0,1251.98,123.69,1322.97,239.96,24
10,player,826,0,0,1257.33,123.43,1328.31,239.7,24
10,player,827,0,0,1262.67,123.17,1333.66,239.44,24
10,player,828,0,0,1268.02,122.92,1339.0,239.19,24
10,player,829,0,0,1273.36,122.66,1344.35,238.93,24
10,player,830,0,0,1278.71,122.4,1349.69,238.67,24
10,player,831,0,0,1284.05,122.15,1355.04,238.42,24
10,player,832,0,0,1289.4,121.89,1360.38,238.16,24
10,player,833,0,0,1294.74,121.63,1365.73,237.91,24
10,player,834,0,0,1300.09,121.38,1371.07,237.65,24
10,player,835,0,0,1305.43,121.12,1376.42,237.39,24
10,player,836,0,0,1312.52,118.87,1383.51,235.14,24
10,player,837,0,0,1319.61,116.62,1390.6,232.89,24
10,player,838,0,0,1326.7,114.37,1397.69,230.64,24
10,player,839,0,0,1333.79,112.12,1404.78,228.39,24
10,player,840,0,0,1340.88,109.87,1411.87,226.14,24
10,player,841,0,0,1347.97,107.62,1418.96,223.89,24
10,player,842,0,0,1355.06,105.37,1426.05,221.64,24
10,player,843,0,0,1362.15,103.12,1433.14,219.39,24
10,player,844,0,0,1369.24,100.86,1440.22,217.14,24
10,player,845,0,0,1376.33,98.61,1447.31,214.89,24
10,player,846,0,0,1383.42,96.36,1454.4,212.64,24
10,player,847,0,0,1390.51,94.11,1461.49,210.38,24
10,player,848,0,0,1397.6,91.86,1468.58,208.13,24
10,player,849,0,0,1404.69,89.61,1475.67,205.88,24
10,player,850,0,0,1411.78,87.36,1482.76,203.63,24
10,player,851,0,0,1418.87,85.11,1489.85,201.38,24
10,player,852,0,0,1425.95,82.86,1496.94,199.13,24
10,player,853,0,0,1433.04,80.61,1504.03,196.88,24
10,player,854,0,0,1440.13,78.36,1511.12,194.63,24
10,player,855,0,0,1441.97,80.5,1512.95,196.77,24
10,player,856,0,0,1443.8,82.63,1514.78,198.91,24
10,player,857,0,0,1445.63,84.77,1516.62,201.04,24
10,player,858,0,0,1447.46,86.91,1518.45,203.18,24
10,player,859,0,0,1449.3,89.05,1520.28,205.32,24
10,player,860,0,0,1451.13,91.19,1522.12,207.46,24
10,player,861,0,0,1452.96,93.32,1523.95,209.6,24
10,player,862,0,0,1454.8,95.46,1525.78,211.73,24
10,player,863,0,0,1456.63,97.6,1527.61,213.87,24
10,player,864,0,0,1458.46,99.74,1529.45,216.01,24
10,player,865,0,0,1460.29,101.88,1531.28,218.15,24
10,player,866,0,0,1462.13,104.01,1533.11,220.29,24
10,player,867,0,0,1463.96,106.15,1534.94,222.42,24
10,player,868,0,0,1465.79,108.29,1536.78,224.56,24
10,player,869,0,0,1467.39,107.49,1538.38,223.76,24
10,player,870,0,0,1469.0,106.69,1539.98,222.96,24
10,player,871,0,0,1470.6,105.89,1541.59,222.16,24
10,player,872,0,0,1472.21,105.08,1543.19,221.36,24
10,player,873,0,0,1473.81,104.28,1544.79,220.55,24
10,player,874,0,0,1475.41,103.48,1546.4,219.75,24
10,player,875,0,0,1477.02,102.68,1548.0,218.95,24
10,player,876,0,0,1478.62,101.88,1549.6,218.15,24
10,player,877,0,0,1478.62,101.88,1549.6,218.15,24
10,player,878,0,0,1478.62,101.88,1549.6,218.15,24
10,player,879,0,0,1478.62,101.88,1549.6,218.15,24
10,player,880,0,0,1478.62,101.88,1549.6,218.15,24
10,player,881,0,0,1478.62,101.88,1549.6,218.15,24
10,player,882,0,0,1478.62,101.88,1549.6,218.15,24
10,player,883,0,0,1478.62,101.88,1549.6,218.15,24
10,player,884,0,0,1478.62,101.88,1549.6,218.15,24
10,player,885,0,0,1478.62,101.88,1549.6,218.15,24
10,player,886,0,0,1478.62,101.88,1549.6,218.15,24
10,player,887,0,0,1478.62,101.88,1549.6,218.15,24
10,player,888,0,0,1478.62,101.88,1549.6,218.15,24
10,player,889,0,0,1478.62,101.88,1549.6,218.15,24
10,player,890,0,0,1478.62,101.88,1549.6,218.15,24
10,player,891,0,0,1478.62,101.88,1549.6,218.15,24
10,player,892,0,0,1478.62,101.88,1549.6,218.15,24
10,player,893,0,0,1478.62,101.88,1549.6,218.15,24
10,player,894,0,0,1478.62,101.88,1549.6,218.15,24
10,player,895,0,0,1478.62,101.88,1549.6,218.15,24
10,player,896,0,0,1478.62,101.88,1549.6,218.15,24
10,player,897,0,0,1478.62,101.88,1549.6,218.15,24
10,player,898,0,0,1478.62,101.88,1549.6,218.15,24
10,player,899,0,0,1478.62,101.88,1549.6,218.15,24
11,player,18,0,0,1315.18,423.84,1391.4,557.94,27
11,player,19,0,0,1315.18,423.84,1387.9,557.94,27
11,player,20,0,0,1315.18,423.84,1384.4,557.94,27
11,player,21,0,0,1315.18,423.84,1380.9,557.94,27
11,player,22,0,0,1306.31,422.57,1372.03,556.67,27
11,player,23,0,0,1297.44,421.31,1363.15,555.4,27
11,player,24,0,0,1288.56,420.04,1354.28,554.14,27
11,player,25,0,0,1279.69,418.77,1345.41,552.87,27
11,player,26,0,0,1270.82,417.5,1336.53,551.6,27
11,player,27,0,0,1261.94,416.24,1327.66,550.33,27
11,player,28,0,0,1257.29,414.97,1323.01,549.07,27
11,player,29,0,0,1252.65,413.7,1318.37,547.8,27
11,player,30,0,0,1248.0,412.43,1313.72,546.53,27
11,player,31,0,0,1243.35,411.17,1309.07,545.26,27
11,player,32,0,0,1238.7,409.9,1304.42,544.0,27
11,player,33,0,0,1234.06,408.63,1299.77,542.73,27
11,player,34,0,0,1231.52,407.62,1297.24,541.71,27
11,player,35,0,0,1228.99,406.6,1294.7,540.7,27
11,player,36,0,0,1226.45,405.59,1292.17,539.69,27
11,player,37,0,0,1223.91,404.57,1289.63,538.67,27
11,player,38,0,0,1221.38,403.56,1287.1,537.66,27
11,player,39,0,0,1218.84,402.55,1284.56,536.64,27
11,player,40,0,0,1216.31,401.53,1282.03,535.63,27
11,player,41,0,0,1213.77,400.52,1279.49,534.62,27
11,player,42,0,0,1211.24,399.5,1276.96,533.6,27
11,player,43,0,0,1208.7,398.49,1274.42,532.59,27
11,player,44,0,0,1206.17,397.48,1271.89,531.57,27
11,player,45,0,0,1203.63,396.46,1269.35,530.56,27
11,player,46,0,0,1201.1,395.45,1266.82,529.55,27
11,player,47,0,0,1198.56,394.43,1264.28,528.53,27
11,player,48,0,0,1196.03,393.42,1261.75,527.52,27
11,player,49,0,0,1199.24,392.91,1264.96,527.01,27
11,player,50,0,0,1202.45,392.41,1268.17,526.5,27
11,player,51,0,0,1205.66,391.9,1271.38,526.0,27
11,player,52,0,0,1208.87,391.39,1274.59,525.49,27
11,player,53,0,0,1212.08,390.88,1277.8,524.98,27
11,player,54,0,0,1215.29,390.38,1281.01,524.48,27
11,player,55,0,0,1218.51,389.87,1284.22,523.97,27
11,player,56,0,0,1221.72,389.36,1287.44,523.46,27
11,player,57,0,0,1224.93,388.86,1290.65,522.95,27
11,player,58,0,0,1228.14,388.35,1293.86,522.45,27
11,player,59,0,0,1231.35,387.84,1297.07,521.94,27
11,player,60,0,0,1234.56,387.34,1300.28,521.43,27
11,player,61,0,0,1237.77,386.83,1303.49,520.93,27
11,player,62,0,0,1240.99,386.32,1306.7,520.42,27
11,player,63,0,0,1244.2,385.81,1309.91,519.91,27
11,player,64,0,0,1251.08,384.73,1316.8,518.83,27
11,player,65,0,0,1257.96,383.64,1323.68,517.74,27
11,player,66,0,0,1264.84,382.55,1330.56,516.65,27
11,player,67,0,0,1271.72,381.47,1337.44,515.57,27
11,player,68,0,0,1278.6,380.38,1344.32,514.48,27
11,player,69,0,0,1285.48,379.3,1351.2,513.39,27
11,player,70,0,0,1292.37,378.21,1358.08,512.31,27
11,player,71,0,0,1303.66,377.52,1369.38,511.62,27
11,player,72,0,0,1314.95,376.83,1380.67,510.92,27
11,player,73,0,0,1326.24,376.13,1391.96,510.23,27
11,player,74,0,0,1337.54,375.44,1403.26,509.54,27
11,player,75,0,0,1348.83,374.75,1414.55,508.85,27
11,player,76,0,0,1360.12,374.06,1425.84,508.16,27
11,player,77,0,0,1371.42,373.37,1437.14,507.47,27
11,player,78,0,0,1382.71,372.68,1448.43,506.78,27
11,player,79,0,0,1394.0,371.99,1459.72,506.08,27
11,player,80,0,0,1405.3,371.29,1471.02,505.39,27
11,player,81,0,0,1416.59,370.6,1482.31,504.7,27
11,player,82,0,0,1423.69,370.1,1489.41,504.19,27
11,player,83,0,0,1430.79,369.59,1496.51,503.69,27
11,player,84,0,0,1437.89,369.08,1503.61,503.18,27
11,player,85,0,0,1444.99,368.58,1510.7,502.67,27
11,player,86,0,0,1452.08,368.07,1517.8,502.17,27
11,player,87,0,0,1461.42,368.41,1527.14,502.51,27
11,player,88,0,0,1470.75,368.76,1536.47,502.86,27
11,player,89,0,0,1480.09,369.11,1545.8,503.2,27
11,player,90,0,0,1489.42,369.45,1555.14,503.55,27
11,player,91,0,0,1498.76,369.8,1564.47,503.89,27
11,player,92,0,0,1508.09,370.14,1573.81,504.24,27
11,player,93,0,0,1517.42,370.49,1583.14,504.59,27
11,player,94,0,0,1526.76,370.83,1592.48,504.93,27
11,player,95,0,0,1536.09,371.18,1601.81,505.28,27
11,player,96,0,0,1545.43,371.53,1611.14,505.62,27
11,player,97,0,0,1554.76,371.87,1620.48,505.97,27
11,player,98,0,0,1564.09,372.22,1629.81,506.31,27
11,player,99,0,0,1573.43,372.56,1639.15,506.66,27
11,player,100,0,0,1582.76,372.91,1648.48,507.01,27
11,player,101,0,0,1592.1,373.25,1657.82,507.35,27
11,player,102,0,0,1601.43,373.6,1667.15,507.7,27
11,player,103,0,0,1610.77,373.95,1676.48,508.04,27
11,player,104,0,0,1620.1,374.29,1685.82,508.39,27
11,player,105,0,0,1629.43,374.64,1695.15,508.73,27
11,player,106,0,0,1638.77,374.98,1704.49,509.08,27
11,player,107,0,0,1648.1,375.33,1713.82,509.43,27
11,player,108,0,0,1657.44,375.67,1723.15,509.77,27
11,player,109,0,0,1665.89,376.31,1731.61,510.41,27
11,player,110,0,0,1674.34,376.94,1740.06,511.04,27
11,player,111,0,0,1682.79,377.58,1748.51,511.67,27
11,player,112,0,0,1691.24,378.21,1756.96,512.31,27
11,player,113,0,0,1699.69,378.84,1765.41,512.94,27
11,player,114,0,0,1708.14,379.48,1773.86,513.57,27
11,player,115,0,0,1716.59,380.11,1782.31,514.21,27
11,player,116,0,0,1725.04,380.74,1790.76,514.84,27
11,player,117,0,0,1733.49,381.38,1799.21,515.48,27
11,player,118,0,0,1741.94,382.01,1807.66,516.11,27
11,player,119,0,0,1750.39,382.65,1816.11,516.74,27
11,player,120,0,0,1758.84,383.28,1824.56,517.38,27
11,player,121,0,0,1763.11,383.01,1828.83,517.11,27
11,player,122,0,0,1767.38,382.75,1833.1,516.84,27
11,player,123,0,0,1771.65,382.48,1837.37,516.58,27
11,player,124,0,0,1775.92,382.21,1841.64,516.31,27
11,player,125,0,0,1780.19,381.95,1845.91,516.04,27
11,player,126,0,0,1784.46,381.68,1850.18,515.78,27
11,player,127,0,0,1788.73,381.41,1854.45,515.51,27
11,player,128,0,0,1793.0,381.15,1858.72,515.24,27
11,player,129,0,0,1797.27,380.88,1862.99,514.98,27
11,player,130,0,0,1801.54,380.61,1867.26,514.71,27
11,player,131,0,0,1805.81,380.34,1871.53,514.44,27
11,player,132,0,0,1810.08,380.08,1875.8,514.18,27
11,player,133,0,0,1814.35,379.81,1880.07,513.91,27
11,player,134,0,0,1818.62,379.54,1884.34,513.64,27
11,player,135,0,0,1822.89,379.28,1888.61,513.38,27
11,player,136,0,0,1827.16,379.01,1892.88,513.11,27
11,player,137,0,0,1831.43,378.74,1897.15,512.84,27
11,player,138,0,0,1835.7,378.48,1901.42,512.57,27
11,player,139,0,0,1839.97,378.21,1905.69,512.31,27
11,player,140,0,0,1844.48,384.97,1907.28,519.07,27
11,player,141,0,0,1848.99,391.73,1908.87,525.83,27
11,player,142,0,0,1853.49,398.49,1910.46,532.59,27
11,player,143,0,0,1858.0,405.25,1912.05,539.35,27
11,player,144,0,0,1862.51,412.01,1913.64,546.11,27
11,player,145,0,0,1867.01,418.77,1915.23,552.87,27
11,player,146,0,0,1871.52,425.53,1916.82,559.63,27
11,player,147,0,0,1876.03,432.29,1918.41,566.39,27
11,player,148,0,0,1880.54,439.05,1920.0,573.15,27
11,player,149,0,0,1880.54,439.05,1920.0,573.15,27
11,player,150,0,0,1880.54,439.05,1920.0,573.15,27
11,player,151,0,0,1880.54,439.05,1920.0,573.15,27
11,player,152,0,0,1880.54,439.05,1920.0,573.15,27
11,player,153,0,0,1880.54,439.05,1920.0,573.15,27
11,player,154,0,0,1880.54,439.05,1920.0,573.15,27
11,player,155,0,0,1880.54,439.05,1920.0,573.15,27
11,player,156,0,0,1880.54,439.05,1920.0,573.15,27
11,player,157,0,0,1880.54,439.05,1920.0,573.15,27
11,player,158,0,0,1880.54,439.05,1920.0,573.15,27
11,player,159,0,0,1880.54,439.05,1920.0,573.15,27
11,player,160,0,0,1880.54,439.05,1920.0,573.15,27
11,player,161,0,0,1880.54,439.05,1920.0,573.15,27
11,player,162,0,0,1880.54,439.05,1920.0,573.15,27
11,player,163,0,0,1880.54,439.05,1920.0,573.15,27
11,player,164,0,0,1880.54,439.05,1920.0,573.15,27
11,player,165,0,0,1880.54,439.05,1920.0,573.15,27
11,player,166,0,0,1880.54,439.05,1920.0,573.15,27
11,player,167,0,0,1880.54,439.05,1920.0,573.15,27
11,player,168,0,0,1880.54,439.05,1920.0,573.15,27
11,player,169,0,0,1880.54,439.05,1920.0,573.15,27
11,player,170,0,0,1880.54,439.05,1920.0,573.15,27
11,player,171,0,0,1880.54,439.05,1920.0,573.15,27
11,player,172,0,0,1880.54,439.05,1920.0,573.15,27
11,player,173,0,0,1880.54,439.05,1920.0,573.15,27
11,player,174,1,0,1880.54,439.05,1920.0,573.15,27
12,player,18,0,0,1407.23,330.94,1483.45,465.04,11
12,player,19,0,0,1401.09,329.19,1477.31,463.28,11
12,player,20,0,0,1394.96,327.43,1471.17,461.53,11
12,player,21,0,0,1388.82,325.68,1465.04,459.78,11
12,player,22,0,0,1382.06,324.41,1458.28,458.51,11
12,player,23,0,0,1375.3,323.14,1451.52,457.24,11
12,player,24,0,0,1368.54,321.88,1444.76,455.97,11
12,player,25,0,0,1361.78,320.61,1438.0,454.71,11
12,player,26,0,0,1355.02,319.34,1431.24,453.44,11
12,player,27,0,0,1348.26,318.07,1424.48,452.17,11
12,player,28,0,0,1343.19,314.69,1419.41,448.79,11
12,player,29,0,0,1338.12,311.31,1414.34,445.41,11
12,player,30,0,0,1333.05,307.93,1409.26,442.03,11
12,player,31,0,0,1327.98,304.55,1404.19,438.65,11
12,player,32,0,0,1322.91,301.17,1399.12,435.27,11
12,player,33,0,0,1317.83,297.79,1394.05,431.89,11
12,player,34,0,0,1314.12,296.1,1390.33,430.2,11
12,player,35,0,0,1310.4,294.41,1386.62,428.51,11
12,player,36,0,0,1306.68,292.72,1382.9,426.82,11
12,player,37,0,0,1302.96,291.03,1379.18,425.13,11
12,player,38,0,0,1299.24,289.34,1375.46,423.44,11
12,player,39,0,0,1295.52,287.65,1371.74,421.75,11
12,player,40,0,0,1291.81,285.96,1368.02,420.06,11
12,player,41,0,0,1288.09,284.27,1364.31,418.37,11
12,player,42,0,0,1284.37,282.58,1360.59,416.68,11
12,player,43,0,0,1280.65,280.89,1356.87,414.99,11
12,player,44,0,0,1276.93,279.2,1353.15,413.3,11
12,player,45,0,0,1273.21,277.51,1349.43,411.61,11
12,player,46,0,0,1269.5,275.82,1345.71,409.92,11
12,player,47,0,0,1265.78,274.13,1342.0,408.23,11
12,player,48,0,0,1262.06,272.44,1338.28,406.54,11
12,player,49,0,0,1257.83,271.93,1334.05,406.03,11
12,player,50,0,0,1253.61,271.43,1329.83,405.52,11
12,player,51,0,0,1249.38,270.92,1325.6,405.02,11
12,player,52,0,0,1245.16,270.41,1321.38,404.51,11
12,player,53,0,0,1240.93,269.91,1317.15,404.0,11
12,player,54,0,0,1236.71,269.4,1312.93,403.5,11
12,player,55,0,0,1232.48,268.89,1308.7,402.99,11
12,player,56,0,0,1228.26,268.38,1304.47,402.48,11
12,player,57,0,0,1224.03,267.88,1300.25,401.97,11
12,player,58,0,0,1219.81,267.37,1296.02,401.47,11
12,player,59,0,0,1215.58,266.86,1291.8,400.96,11
12,player,60,0,0,1211.35,266.36,1287.57,400.45,11
12,player,61,0,0,1207.13,265.85,1283.35,399.95,11
12,player,62,0,0,1202.9,265.34,1279.12,399.44,11
12,player,63,0,0,1198.68,264.83,1274.9,398.93,11
12,player,64,0,0,1193.25,264.47,1269.46,398.57,11
12,player,65,0,0,1187.81,264.11,1264.03,398.21,11
12,player,66,0,0,1182.38,263.75,1258.6,397.85,11
12,player,67,0,0,1176.95,263.39,1253.17,397.48,11
12,player,68,0,0,1171.52,263.02,1247.73,397.12,11
12,player,69,0,0,1166.08,262.66,1242.3,396.76,11
12,player,70,0,0,1160.65,262.3,1236.87,396.4,11
12,player,71,0,0,1154.89,262.3,1231.11,396.4,11
12,player,72,0,0,1149.13,262.3,1225.35,396.4,11
12,player,73,0,0,1143.37,262.3,1219.58,396.4,11
12,player,74,0,0,1137.6,262.3,1213.82,396.4,11
12,player,75,0,0,1131.84,262.3,1208.06,396.4,11
12,player,76,0,0,1126.08,262.3,1202.3,396.4,11
12,player,77,0,0,1120.32,262.3,1196.54,396.4,11
12,player,78,0,0,1114.56,262.3,1190.78,396.4,11
12,player,79,0,0,1108.8,262.3,1185.01,396.4,11
12,player,80,0,0,1103.03,262.3,1179.25,396.4,11
12,player,81,0,0,1097.27,262.3,1173.49,396.4,11
12,player,82,0,0,1099.15,261.55,1174.9,395.65,11
12,player,83,0,0,1101.03,260.8,1176.31,394.9,11
12,player,84,0,0,1102.91,260.05,1177.71,394.14,11
12,player,85,0,0,1104.78,259.3,1179.12,393.39,11
12,player,86,0,0,1106.66,258.54,1180.53,392.64,11
12,player,87,0,0,1108.54,257.79,1181.94,391.89,11
12,player,88,0,0,1110.42,257.04,1183.34,391.14,11
12,player,89,0,0,1112.29,256.29,1184.75,390.39,11
12,player,90,0,0,1114.17,255.54,1186.16,389.64,11
12,player,91,0,0,1116.05,254.79,1187.57,388.89,11
12,player,92,0,0,1117.93,254.04,1188.98,388.13,11
12,player,93,0,0,1119.81,253.29,1190.38,387.38,11
12,player,94,0,0,1121.68,252.53,1191.79,386.63,11
12,player,95,0,0,1123.56,251.78,1193.2,385.88,11
12,player,96,0,0,1125.44,251.03,1194.61,385.13,11
12,player,97,0,0,1127.32,250.28,1196.01,384.38,11
12,player,98,0,0,1129.2,249.53,1197.42,383.63,11
12,player,99,0,0,1131.07,248.78,1198.83,382.88,11
12,player,100,0,0,1132.95,248.03,1200.24,382.12,11
12,player,101,0,0,1134.83,247.28,1201.65,381.37,11
12,player,102,0,0,1136.71,246.52,1203.05,380.62,11
12,player,103,0,0,1138.59,245.77,1204.46,379.87,11
12,player,104,0,0,1140.46,245.02,1205.87,379.12,11
12,player,105,0,0,1142.34,244.27,1207.28,378.37,11
12,player,106,0,0,1144.22,243.52,1208.68,377.62,11
12,player,107,0,0,1146.1,242.77,1210.09,376.87,11
12,player,108,0,0,1147.98,242.02,1211.5,376.12,11
12,player,109,0,0,1153.05,241.81,1216.57,375.9,11
12,player,110,0,0,1158.12,241.6,1221.64,375.69,11
12,player,111,0,0,1163.19,241.38,1226.71,375.48,11
12,player,112,0,0,1168.26,241.17,1231.78,375.27,11
12,player,113,0,0,1173.33,240.96,1236.85,375.06,11
12,player,114,0,0,1178.4,240.75,1241.92,374.85,11
12,player,115,0,0,1183.47,240.54,1246.99,374.64,11
12,player,116,0,0,1188.54,240.33,1252.06,374.43,11
12,player,117,0,0,1193.61,240.12,1257.13,374.21,11
12,player,118,0,0,1198.68,239.9,1262.2,374.0,11
12,player,119,0,0,1203.75,239.69,1267.28,373.79,11
12,player,120,0,0,1208.82,239.48,1272.35,373.58,11
12,player,121,0,0,1211.49,238.15,1275.01,372.25,11
12,player,122,0,0,1214.16,236.81,1277.68,370.91,11
12,player,123,0,0,1216.83,235.48,1280.35,369.58,11
12,player,124,0,0,1219.5,234.15,1283.02,368.24,11
12,player,125,0,0,1222.16,232.81,1285.69,366.91,11
12,player,126,0,0,1224.83,231.48,1288.36,365.57,11
12,player,127,0,0,1227.5,230.14,1291.03,364.24,11
12,player,128,0,0,1230.17,228.81,1293.69,362.91,11
12,player,129,0,0,1232.84,227.47,1296.36,361.57,11
12,player,130,0,0,1235.51,226.14,1299.03,360.24,11
12,player,131,0,0,1238.18,224.81,1301.7,358.9,11
12,player,132,0,0,1240.84,223.47,1304.37,357.57,11
12,player,133,0,0,1243.51,222.14,1307.04,356.23,11
12,player,134,0,0,1246.18,220.8,1309.71,354.9,11
12,player,135,0,0,1248.85,219.47,1312.38,353.57,11
12,player,136,0,0,1251.52,218.13,1315.04,352.23,11
12,player,137,0,0,1254.19,216.8,1317.71,350.9,11
12,player,138,0,0,1256.86,215.47,1320.38,349.56,11
12,player,139,0,0,1259.53,214.13,1323.05,348.23,11
12,player,140,0,0,1267.13,213.57,1330.66,347.67,11
12,player,141,0,0,1274.74,213.0,1338.26,347.1,11
12,player,142,0,0,1282.34,212.44,1345.87,346.54,11
12,player,143,0,0,1289.95,211.88,1353.47,345.98,11
12,player,144,0,0,1297.55,211.31,1361.08,345.41,11
12,player,145,0,0,1305.16,210.75,1368.68,344.85,11
12,player,146,0,0,1312.77,210.19,1376.29,344.28,11
12,player,147,0,0,1320.37,209.62,1383.9,343.72,11
12,player,148,0,0,1327.98,209.06,1391.5,343.16,11
12,player,149,0,0,1333.44,207.7,1396.96,341.79,11
12,player,150,0,0,1338.9,206.33,1402.42,340.43,11
12,player,151,0,0,1344.36,204.97,1407.88,339.06,11
12,player,152,0,0,1349.82,203.6,1413.34,337.7,11
12,player,153,0,0,1355.28,202.23,1418.8,336.33,11
12,player,154,0,0,1360.74,200.87,1424.26,334.97,11
12,player,155,0,0,1366.2,199.5,1429.72,333.6,11
12,player,156,0,0,1371.66,198.14,1435.18,332.24,11
12,player,157,0,0,1377.12,196.77,1440.65,330.87,11
12,player,158,0,0,1382.58,195.41,1446.11,329.51,11
12,player,159,0,0,1388.04,194.04,1451.57,328.14,11
12,player,160,0,0,1393.5,192.68,1457.03,326.78,11
12,player,161,0,0,1398.96,191.31,1462.49,325.41,11
12,player,162,0,0,1404.42,189.95,1467.95,324.05,11
12,player,163,0,0,1409.88,188.58,1473.41,322.68,11
12,player,164,0,0,1415.34,187.22,1478.87,321.32,11
12,player,165,0,0,1420.8,185.85,1484.33,319.95,11
12,player,166,0,0,1426.26,184.49,1489.79,318.59,11
12,player,167,0,0,1431.73,183.12,1495.25,317.22,11
12,player,168,0,0,1437.19,181.76,1500.71,315.86,11
12,player,169,0,0,1442.65,180.39,1506.17,314.49,11
12,player,170,0,0,1448.11,179.03,1511.63,313.13,11
12,player,171,0,0,1453.57,177.66,1517.09,311.76,11
12,player,172,0,0,1459.03,176.3,1522.55,310.4,11
12,player,173,0,0,1464.49,174.93,1528.01,309.03,11
12,player,174,0,0,1469.95,173.57,1533.47,307.67,11
12,player,175,0,0,1482.62,172.4,1546.15,306.49,11
12,player,176,0,0,1495.3,171.23,1558.82,305.32,11
12,player,177,0,0,1507.98,170.06,1571.5,304.15,11
12,player,178,0,0,1520.65,168.89,1584.18,302.98,11
12,player,179,0,0,1533.33,167.72,1596.85,301.81,11
12,player,180,0,0,1546.0,166.55,1609.53,300.64,11
12,player,181,0,0,1558.68,165.38,1622.21,299.47,11
12,player,182,0,0,1571.36,164.21,1634.88,298.3,11
12,player,183,0,0,1584.03,163.04,1647.56,297.13,11
12,player,184,0,0,1596.71,161.87,1660.23,295.96,11
12,player,185,0,0,1609.39,160.7,1672.91,294.79,11
12,player,186,0,0,1622.06,159.53,1685.59,293.62,11
12,player,187,0,0,1634.74,158.36,1698.26,292.45,11
12,player,188,0,0,1649.95,158.36,1713.47,292.45,11
12,player,189,0,0,1675.3,153.29,1738.83,287.38,11
12,player,190,0,0,1685.86,154.13,1749.39,288.23,11
12,player,191,0,0,1696.43,154.98,1759.95,289.07,11
12,player,192,0,0,1706.99,155.82,1770.52,289.92,11
12,player,193,0,0,1717.55,156.67,1781.08,290.76,11
12,player,194,0,0,1728.12,157.51,1791.64,291.61,11
12,player,195,0,0,1738.68,158.36,1802.21,292.45,11
12,player,196,0,0,1744.06,157.34,1806.92,291.44,11
12,player,197,0,0,1749.43,156.33,1811.63,290.42,11
12,player,198,0,0,1754.8,155.31,1816.34,289.41,11
12,player,199,0,0,1760.18,154.3,1821.05,288.4,11
12,player,200,0,0,1765.55,153.28,1825.76,287.38,11
12,player,201,0,0,1770.93,152.27,1830.48,286.37,11
12,player,202,0,0,1776.3,151.26,1835.19,285.35,11
12,player,203,0,0,1781.68,150.24,1839.9,284.34,11
12,player,204,0,0,1787.05,149.23,1844.61,283.33,11
12,player,205,0,0,1792.43,148.21,1849.32,282.31,11
12,player,206,0,0,1797.8,147.2,1854.03,281.3,11
12,player,207,0,0,1803.18,146.19,1858.75,280.28,11
12,player,208,0,0,1808.55,145.17,1863.46,279.27,11
12,player,209,0,0,1813.93,144.16,1868.17,278.26,11
12,player,210,0,0,1819.3,143.14,1872.88,277.24,11
12,player,211,0,0,1824.68,142.13,1877.59,276.23,11
12,player,212,0,0,1830.05,141.12,1882.31,275.21,11
12,player,213,0,0,1835.42,140.1,1887.02,274.2,11
12,player,214,0,0,1840.8,139.09,1891.73,273.19,11
12,player,215,0,0,1846.17,138.07,1896.44,272.17,11
12,player,216,0,0,1851.55,137.06,1901.15,271.16,11
12,player,217,0,0,1856.92,136.05,1905.86,270.14,11
12,player,218,0,0,1862.3,135.03,1910.58,269.13,11
12,player,219,0,0,1867.67,134.02,1915.29,268.11,11
12,player,220,0,0,1873.05,133.0,1920.0,267.1,11
12,player,221,0,0,1873.05,131.78,1920.0,265.88,11
12,player,222,0,0,1873.05,130.56,1920.0,264.65,11
12,player,223,0,0,1873.05,129.33,1920.0,263.43,11
12,player,224,0,0,1873.05,128.11,1920.0,262.2,11
12,player,225,0,0,1873.05,126.88,1920.0,260.98,11
12,player,226,0,0,1873.05,125.66,1920.0,259.76,11
12,player,227,0,0,1873.05,124.44,1920.0,258.53,11
12,player,228,0,0,1873.05,123.21,1920.0,257.31,11
12,player,229,0,0,1873.05,121.99,1920.0,256.09,11
12,player,230,0,0,1873.05,120.76,1920.0,254.86,11
12,player,231,0,0,1873.05,119.54,1920.0,253.64,11
12,player,232,0,0,1873.05,118.32,1920.0,252.41,11
12,player,233,0,0,1873.05,117.09,1920.0,251.19,11
12,player,234,0,0,1873.05,115.87,1920.0,249.97,11
12,player,235,0,0,1873.05,114.64,1920.0,248.74,11
12,player,236,0,0,1873.05,113.42,1920.0,247.52,11
12,player,237,0,0,1873.05,112.2,1920.0,246.29,11
12,player,238,0,0,1873.05,110.97,1920.0,245.07,11
12,player,239,0,0,1873.05,109.75,1920.0,243.85,11
12,player,240,0,0,1873.05,108.52,1920.0,242.62,11
12,player,241,0,0,1873.05,107.3,1920.0,241.4,11
12,player,242,0,0,1873.05,106.08,1920.0,240.17,11
12,player,243,0,0,1873.05,104.85,1920.0,238.95,11
12,player,244,0,0,1873.05,103.63,1920.0,237.73,11
12,player,245,0,0,1873.05,102.41,1920.0,236.5,11
12,player,246,0,0,1873.05,101.18,1920.0,235.28,11
12,player,247,0,0,1873.05,99.96,1920.0,234.06,11
12,player,248,0,0,1873.05,98.73,1920.0,232.83,11
12,player,249,0,0,1873.05,97.51,1920.0,231.61,11
12,player,250,0,0,1867.73,97.39,1914.69,231.49,11
12,player,251,0,0,1862.42,97.27,1909.38,231.37,11
12,player,252,0,0,1857.11,97.15,1904.06,231.25,11
12,player,253,0,0,1851.8,97.03,1898.75,231.12,11
12,player,254,0,0,1846.49,96.91,1893.44,231.0,11
12,player,255,0,0,1841.18,96.79,1888.13,230.88,11
12,player,256,0,0,1835.86,96.66,1882.82,230.76,11
12,player,257,0,0,1830.55,96.54,1877.5,230.64,11
12,player,258,0,0,1825.24,96.42,1872.19,230.52,11
12,player,259,0,0,1819.93,96.3,1866.88,230.4,11
12,player,260,0,0,1814.62,96.18,1861.57,230.28,11
12,player,261,0,0,1809.3,96.06,1856.26,230.16,11
12,player,262,0,0,1803.99,95.94,1850.95,230.04,11
12,player,263,0,0,1798.68,95.82,1845.63,229.92,11
12,player,264,0,0,1793.37,95.7,1840.32,229.8,11
12,player,265,0,0,1788.06,95.58,1835.01,229.68,11
12,player,266,0,0,1782.74,95.46,1829.7,229.56,11
12,player,267,0,0,1777.43,95.34,1824.39,229.43,11
12,player,268,0,0,1772.12,95.22,1819.07,229.31,11
12,player,269,0,0,1766.81,95.1,1813.76,229.19,11
12,player,270,0,0,1761.5,94.97,1808.45,229.07,11
12,player,271,0,0,1755.24,95.65,1802.2,229.75,11
12,player,272,0,0,1748.99,96.33,1795.94,230.42,11
12,player,273,0,0,1742.74,97.0,1789.69,231.1,11
12,player,274,0,0,1736.48,97.68,1783.44,231.78,11
12,player,275,0,0,1730.23,98.35,1777.18,232.45,11
12,player,276,0,0,1723.98,99.03,1770.93,233.13,11
12,player,277,0,0,1717.72,99.71,1764.68,233.8,11
12,player,278,0,0,1711.47,100.38,1758.42,234.48,11
12,player,279,0,0,1705.22,101.06,1752.17,235.16,11
12,player,280,0,0,1698.96,101.74,1745.92,235.83,11
12,player,281,0,0,1692.71,102.41,1739.66,236.51,11
12,player,282,0,0,1686.45,103.09,1733.41,237.18,11
12,player,283,0,0,1680.2,103.76,1727.15,237.86,11
12,player,284,0,0,1673.95,104.44,1720.9,238.54,11
12,player,285,0,0,1667.69,105.12,1714.65,239.21,11
12,player,286,0,0,1664.79,105.9,1711.93,239.44,11
12,player,287,0,0,1661.89,106.68,1709.21,239.67,11
12,player,288,0,0,1658.98,107.47,1706.49,239.9,11
12,player,289,0,0,1656.08,108.25,1703.77,240.13,11
12,player,290,0,0,1653.17,109.03,1701.05,240.37,11
12,player,291,0,0,1650.27,109.82,1698.33,240.6,11
12,player,292,0,0,1647.37,110.6,1695.61,240.83,11
12,player,293,0,0,1644.46,111.38,1692.9,241.06,11
12,player,294,0,0,1641.56,112.17,1690.18,241.29,11
12,player,295,0,0,1638.65,112.95,1687.46,241.52,11
12,player,296,0,0,1635.75,113.73,1684.74,241.75,11
12,player,297,0,0,1632.85,114.52,1682.02,241.98,11
12,player,298,0,0,1629.94,115.3,1679.3,242.21,11
12,player,299,0,0,1627.04,116.08,1676.58,242.44,11
12,player,300,0,0,1624.13,116.87,1673.86,242.67,11
12,player,301,0,0,1621.23,117.65,1671.14,242.9,11
12,player,302,0,0,1618.33,118.43,1668.42,243.13,11
12,player,303,0,0,1615.42,119.22,1665.7,243.36,11
12,player,304,0,0,1612.52,120.0,1662.99,243.59,11
12,player,305,0,0,1609.61,120.78,1660.27,243.82,11
12,player,306,0,0,1606.71,121.57,1657.55,244.05,11
12,player,307,0,0,1603.81,122.35,1654.83,244.28,11
12,player,308,0,0,1600.9,123.13,1652.11,244.51,11
12,player,309,0,0,1598.0,123.92,1649.39,244.74,11
12,player,310,0,0,1595.09,124.7,1646.67,244.97,11
12,player,311,0,0,1592.19,125.48,1643.95,245.21,11
12,player,312,0,0,1589.29,126.27,1641.23,245.44,11
12,player,313,0,0,1586.38,127.05,1638.51,245.67,11
12,player,314,0,0,1583.48,127.83,1635.8,245.9,11
12,player,315,0,0,1580.58,128.62,1633.08,246.13,11
12,player,316,0,0,1577.67,129.4,1630.36,246.36,11
12,player,317,0,0,1574.77,130.18,1627.64,246.59,11
12,player,318,0,0,1571.86,130.97,1624.92,246.82,11
12,player,319,0,0,1568.96,131.75,1622.2,247.05,11
12,player,320,0,0,1566.06,132.53,1619.48,247.28,11
12,player,321,0,0,1563.15,133.32,1616.76,247.51,11
12,player,322,0,0,1560.25,134.1,1614.04,247.74,11
12,player,323,0,0,1557.34,134.88,1611.32,247.97,11
12,player,324,0,0,1554.44,135.67,1608.6,248.2,11
12,player,325,0,0,1551.54,136.45,1605.89,248.43,11
12,player,326,0,0,1548.63,137.23,1603.17,248.66,11
12,player,327,0,0,1545.73,138.02,1600.45,248.89,11
12,player,328,0,0,1542.82,138.8,1597.73,249.12,11
12,player,329,0,0,1539.92,139.58,1595.01,249.35,11
12,player,330,0,0,1537.02,140.37,1592.29,249.58,11
12,player,331,0,0,1534.11,141.15,1589.57,249.81,11
12,player,332,0,0,1531.21,141.93,1586.85,250.04,11
12,player,333,0,0,1528.3,142.72,1584.13,250.28,11
12,player,334,0,0,1525.4,143.5,1581.41,250.51,11
12,player,335,0,0,1522.5,144.28,1578.7,250.74,11
12,player,336,0,0,1519.59,145.07,1575.98,250.97,11
12,player,337,0,0,1516.69,145.85,1573.26,251.2,11
12,player,338,0,0,1513.78,146.63,1570.54,251.43,11
12,player,339,0,0,1510.88,147.42,1567.82,251.66,11
12,player,340,0,0,1507.98,148.2,1565.1,251.89,11
12,player,341,0,0,1509.35,148.2,1566.47,251.89,11
12,player,342,0,0,1510.72,148.2,1567.85,251.89,11
12,player,343,0,0,1512.1,148.2,1569.22,251.89,11
12,player,344,0,0,1513.47,148.2,1570.59,251.89,11
12,player,345,0,0,1514.84,148.2,1571.97,251.89,11
12,player,346,0,0,1516.22,148.2,1573.34,251.89,11
12,player,347,0,0,1517.59,148.2,1574.71,251.89,11
12,player,348,0,0,1518.96,148.2,1576.09,251.89,11
12,player,349,0,0,1520.33,148.2,1577.46,251.89,11
12,player,350,0,0,1521.71,148.2,1578.83,251.89,11
12,player,351,0,0,1523.08,148.2,1580.21,251.89,11
12,player,352,0,0,1524.45,148.2,1581.58,251.89,11
12,player,353,0,0,1525.83,148.2,1582.95,251.89,11
12,player,354,0,0,1527.2,148.2,1584.33,251.89,11
12,player,355,0,0,1528.57,148.2,1585.7,251.89,11
12,player,356,0,0,1529.95,148.2,1587.07,251.89,11
12,player,357,0,0,1531.32,148.2,1588.45,251.89,11
12,player,358,0,0,1532.69,148.2,1589.82,251.89,11
12,player,359,0,0,1534.07,148.2,1591.19,251.89,11
12,player,360,0,0,1535.44,148.2,1592.57,251.89,11
12,player,361,0,0,1536.81,148.2,1593.94,251.89,11
12,player,362,0,0,1538.19,148.2,1595.31,251.89,11
12,player,363,0,0,1539.56,148.2,1596.68,251.89,11
12,player,364,0,0,1540.93,148.2,1598.06,251.89,11
12,player,365,0,0,1542.62,148.79,1599.75,252.48,11
12,player,366,0,0,1544.31,149.38,1601.44,253.07,11
12,player,367,0,0,1546.0,149.97,1603.13,253.66,11
12,player,368,0,0,1547.69,150.57,1604.82,254.26,11
12,player,369,0,0,1549.38,151.16,1606.51,254.85,11
12,player,370,0,0,1551.07,151.75,1608.2,255.44,11
12,player,371,0,0,1552.76,152.34,1609.89,256.03,11
12,player,372,0,0,1554.45,152.93,1611.58,256.62,11
12,player,373,0,0,1556.14,153.52,1613.27,257.21,11
12,player,374,0,0,1557.83,154.12,1614.96,257.8,11
12,player,375,0,0,1559.53,154.71,1616.65,258.4,11
12,player,376,0,0,1561.22,155.3,1618.34,258.99,11
12,player,377,0,0,1562.91,155.89,1620.03,259.58,11
12,player,378,0,0,1564.6,156.48,1621.72,260.17,11
12,player,379,0,0,1566.29,157.07,1623.41,260.76,11
12,player,380,0,0,1567.98,157.67,1625.1,261.35,11
12,player,381,0,0,1569.67,158.26,1626.79,261.95,11
12,player,382,0,0,1571.36,158.85,1628.48,262.54,11
12,player,383,0,0,1573.05,159.44,1630.17,263.13,11
12,player,384,0,0,1574.74,160.03,1631.86,263.72,11
12,player,385,0,0,1576.43,160.62,1633.55,264.31,11
12,player,386,0,0,1578.12,161.21,1635.24,264.9,11
12,player,387,0,0,1579.81,161.81,1636.93,265.49,11
12,player,388,0,0,1581.5,162.4,1638.62,266.09,11
12,player,389,0,0,1583.19,162.99,1640.31,266.68,11
12,player,390,0,0,1584.88,163.58,1642.0,267.27,11
12,player,391,0,0,1586.57,164.17,1643.69,267.86,11
12,player,392,0,0,1588.26,164.76,1645.38,268.45,11
12,player,393,0,0,1589.95,165.36,1647.07,269.04,11
12,player,394,0,0,1591.64,165.95,1648.76,269.64,11
12,player,395,0,0,1596.07,167.85,1653.2,271.54,11
12,player,396,0,0,1600.51,169.75,1657.64,273.44,11
12,player,397,0,0,1604.95,171.65,1662.07,275.34,11
12,player,398,0,0,1609.38,173.55,1666.51,277.24,11
12,player,399,0,0,1613.82,175.45,1670.95,279.14,11
12,player,400,0,0,1618.26,177.36,1675.38,281.04,11
12,player,401,0,0,1622.69,179.26,1679.82,282.95,11
12,player,402,0,0,1627.13,181.16,1684.26,284.85,11
12,player,403,0,0,1629.8,182.23,1686.92,285.92,11
12,player,404,0,0,1632.47,183.29,1689.59,286.98,11
12,player,405,0,0,1635.14,184.36,1692.26,288.05,11
12,player,406,0,0,1637.81,185.43,1694.93,289.12,11
12,player,407,0,0,1640.47,186.5,1697.6,290.19,11
12,player,408,0,0,1643.14,187.56,1700.27,291.25,11
12,player,409,0,0,1645.81,188.63,1702.94,292.32,11
12,player,410,0,0,1648.48,189.7,1705.6,293.39,11
12,player,411,0,0,1651.15,190.77,1708.27,294.46,11
12,player,412,0,0,1653.82,191.83,1710.94,295.52,11
12,player,413,0,0,1656.49,192.9,1713.61,296.59,11
12,player,414,0,0,1659.16,193.97,1716.28,297.66,11
12,player,415,0,0,1661.82,195.04,1718.95,298.73,11
12,player,416,0,0,1664.49,196.1,1721.62,299.79,11
12,player,417,0,0,1667.16,197.17,1724.29,300.86,11
12,player,418,0,0,1669.83,198.24,1726.95,301.93,11
12,player,419,0,0,1672.5,199.31,1729.62,303.0,11
12,player,420,0,0,1675.17,200.37,1732.29,304.06,11
12,player,421,0,0,1677.84,201.44,1734.96,305.13,11
12,player,422,0,0,1686.29,202.5,1743.41,306.19,11
12,player,423,0,0,1694.74,203.55,1751.86,307.24,11
12,player,424,0,0,1703.19,204.61,1760.31,308.3,11
12,player,425,0,0,1711.64,205.67,1768.76,309.36,11
12,player,426,0,0,1720.09,206.72,1777.21,310.41,11
12,player,427,0,0,1728.54,207.78,1785.66,311.47,11
12,player,428,0,0,1736.99,208.84,1794.12,312.52,11
12,player,429,0,0,1745.44,209.89,1802.57,313.58,11
12,player,430,0,0,1753.89,210.95,1811.02,314.64,11
12,player,431,0,0,1762.34,212.01,1819.47,315.69,11
12,player,432,0,0,1770.79,213.06,1827.92,316.75,11
12,player,433,0,0,1779.24,214.12,1836.37,317.81,11
12,player,434,0,0,1780.8,214.52,1837.84,318.21,11
12,player,435,0,0,1782.36,214.92,1839.3,318.61,11
12,player,436,0,0,1783.91,215.32,1840.77,319.01,11
12,player,437,0,0,1785.47,215.72,1842.24,319.41,11
12,player,438,0,0,1787.03,216.12,1843.7,319.81,11
12,player,439,0,0,1788.58,216.52,1845.17,320.21,11
12,player,440,0,0,1790.14,216.92,1846.64,320.61,11
12,player,441,0,0,1791.7,217.32,1848.11,321.01,11
12,player,442,0,0,1793.25,217.72,1849.57,321.41,11
12,player,443,0,0,1794.81,218.12,1851.04,321.81,11
12,player,444,0,0,1796.37,218.52,1852.51,322.21,11
12,player,445,0,0,1797.92,218.92,1853.98,322.61,11
12,player,446,0,0,1799.48,219.32,1855.44,323.01,11
12,player,447,0,0,1801.04,219.72,1856.91,323.41,11
12,player,448,0,0,1802.59,220.12,1858.38,323.81,11
12,player,449,0,0,1804.15,220.52,1859.84,324.21,11
12,player,450,0,0,1805.71,220.92,1861.31,324.61,11
12,player,451,0,0,1807.26,221.32,1862.78,325.01,11
12,player,452,0,0,1808.82,221.72,1864.25,325.41,11
12,player,453,0,0,1810.38,222.12,1865.71,325.81,11
12,player,454,0,0,1811.93,222.52,1867.18,326.21,11
12,player,455,0,0,1813.49,222.92,1868.65,326.61,11
12,player,456,0,0,1815.05,223.32,1870.11,327.01,11
12,player,457,0,0,1816.6,223.73,1871.58,327.41,11
12,player,458,0,0,1818.16,224.13,1873.05,327.81,11
12,player,459,0,0,1819.72,224.53,1874.52,328.21,11
12,player,460,0,0,1821.27,224.93,1875.98,328.61,11
12,player,461,0,0,1822.83,225.33,1877.45,329.01,11
12,player,462,0,0,1824.39,225.73,1878.92,329.42,11
12,player,463,0,0,1825.94,226.13,1880.39,329.82,11
12,player,464,0,0,1827.5,226.53,1881.85,330.22,11
12,player,465,0,0,1829.06,226.93,1883.32,330.62,11
12,player,466,0,0,1830.61,227.33,1884.79,331.02,11
12,player,467,0,0,1832.17,227.73,1886.25,331.42,11
12,player,468,0,0,1833.73,228.13,1887.72,331.82,11
12,player,469,0,0,1835.29,228.53,1889.19,332.22,11
12,player,470,0,0,1836.84,228.93,1890.66,332.62,11
12,player,471,0,0,1838.4,229.33,1892.12,333.02,11
12,player,472,0,0,1839.96,229.73,1893.59,333.42,11
12,player,473,0,0,1841.51,230.13,1895.06,333.82,11
12,player,474,0,0,1843.07,230.53,1896.52,334.22,11
12,player,475,0,0,1844.63,230.93,1897.99,334.62,11
12,player,476,0,0,1846.18,231.33,1899.46,335.02,11
12,player,477,0,0,1847.74,231.73,1900.93,335.42,11
12,player,478,0,0,1849.3,232.13,1902.39,335.82,11
12,player,479,0,0,1850.85,232.53,1903.86,336.22,11
12,player,480,0,0,1852.41,232.93,1905.33,336.62,11
12,player,481,0,0,1853.97,233.33,1906.8,337.02,11
12,player,482,0,0,1855.52,233.73,1908.26,337.42,11
12,player,483,0,0,1857.08,234.13,1909.73,337.82,11
12,player,484,0,0,1858.64,234.53,1911.2,338.22,11
12,player,485,0,0,1860.19,234.93,1912.66,338.62,11
12,player,486,0,0,1861.75,235.33,1914.13,339.02,11
12,player,487,0,0,1863.31,235.73,1915.6,339.42,11
12,player,488,0,0,1864.86,236.13,1917.07,339.82,11
12,player,489,0,0,1866.42,236.53,1918.53,340.22,11
12,player,490,0,0,1867.98,236.93,1920.0,340.62,11
12,player,491,0,0,1866.98,237.82,1919.0,341.51,11
12,player,492,0,0,1865.98,238.7,1918.01,342.39,11
12,player,493,0,0,1864.98,239.59,1917.01,343.28,11
12,player,494,0,0,1863.99,240.47,1916.01,344.16,11
12,player,495,0,0,1862.99,241.36,1915.01,345.05,11
12,player,496,0,0,1861.99,242.24,1914.02,345.93,11
12,player,497,0,0,1861.0,243.13,1913.02,346.82,11
12,player,498,0,0,1860.0,244.01,1912.02,347.7,11
12,player,499,0,0,1859.0,244.9,1911.03,348.59,11
12,player,500,0,0,1858.0,245.78,1910.03,349.47,11
12,player,501,0,0,1857.01,246.67,1909.03,350.36,11
12,player,502,0,0,1856.01,247.55,1908.03,351.24,11
12,player,503,0,0,1855.01,248.44,1907.04,352.13,11
12,player,504,0,0,1854.02,249.32,1906.04,353.01,11
12,player,505,0,0,1853.02,250.21,1905.04,353.9,11
12,player,506,0,0,1852.02,251.09,1904.05,354.78,11
12,player,507,0,0,1851.02,251.98,1903.05,355.66,11
12,player,508,0,0,1850.03,252.86,1902.05,356.55,11
12,player,509,0,0,1849.03,253.75,1901.05,357.43,11
12,player,510,0,0,1848.03,254.63,1900.06,358.32,11
12,player,511,0,0,1847.03,255.52,1899.06,359.2,11
12,player,512,0,0,1846.04,256.4,1898.06,360.09,11
12,player,513,0,0,1845.04,257.28,1897.07,360.97,11
12,player,514,0,0,1844.04,258.17,1896.07,361.86,11
12,player,515,0,0,1843.05,259.05,1895.07,362.74,11
12,player,516,0,0,1842.05,259.94,1894.07,363.63,11
12,player,517,0,0,1841.05,260.82,1893.08,364.51,11
12,player,518,0,0,1840.05,261.71,1892.08,365.4,11
12,player,519,0,0,1839.06,262.59,1891.08,366.28,11
12,player,520,0,0,1836.44,263.19,1888.47,366.88,11
12,player,521,0,0,1833.83,263.78,1885.86,367.47,11
12,player,522,0,0,1831.22,264.38,1883.24,368.06,11
12,player,523,0,0,1828.6,264.97,1880.63,368.66,11
12,player,524,0,0,1825.99,265.56,1878.02,369.25,11
12,player,525,0,0,1823.38,266.16,1875.4,369.85,11
12,player,526,0,0,1820.77,266.75,1872.79,370.44,11
12,player,527,0,0,1818.15,267.35,1870.18,371.03,11
12,player,528,0,0,1815.54,267.94,1867.56,371.63,11
12,player,529,0,0,1812.93,268.53,1864.95,372.22,11
12,player,530,0,0,1810.31,269.13,1862.34,372.82,11
12,player,531,0,0,1807.7,269.72,1859.72,373.41,11
12,player,532,0,0,1805.09,270.31,1857.11,374.0,11
12,player,533,0,0,1802.47,270.91,1854.5,374.6,11
12,player,534,0,0,1799.86,271.5,1851.88,375.19,11
12,player,535,0,0,1797.25,272.1,1849.27,375.79,11
12,player,536,0,0,1794.63,272.69,1846.66,376.38,11
12,player,537,0,0,1792.02,273.28,1844.04,376.97,11
12,player,538,0,0,1790.17,272.95,1842.2,376.64,11
12,player,539,0,0,1788.33,272.62,1840.35,376.31,11
12,player,540,0,0,1786.48,272.29,1838.5,375.98,11
12,player,541,0,0,1784.63,271.95,1836.66,375.64,11
12,player,542,0,0,1782.78,271.62,1834.81,375.31,11
12,player,543,0,0,1780.94,271.29,1832.96,374.98,11
12,player,544,0,0,1779.09,270.96,1831.11,374.65,11
12,player,545,0,0,1777.24,270.62,1829.27,374.31,11
12,player,546,0,0,1775.4,270.29,1827.42,373.98,11
12,player,547,0,0,1773.55,269.96,1825.57,373.65,11
12,player,548,0,0,1771.7,269.63,1823.73,373.32,11
12,player,549,0,0,1769.85,269.29,1821.88,372.98,11
12,player,550,0,0,1768.01,268.96,1820.03,372.65,11
12,player,551,0,0,1766.16,268.63,1818.18,372.32,11
12,player,552,0,0,1764.31,268.3,1816.34,371.99,11
12,player,553,0,0,1762.47,267.96,1814.49,371.65,11
12,player,554,0,0,1760.62,267.63,1812.64,371.32,11
12,player,555,0,0,1758.77,267.3,1810.8,370.99,11
12,player,556,0,0,1756.92,266.97,1808.95,370.66,11
12,player,557,0,0,1755.08,266.64,1807.1,370.32,11
12,player,558,0,0,1753.23,266.3,1805.25,369.99,11
12,player,559,0,0,1751.38,265.97,1803.41,369.66,11
12,player,560,0,0,1749.54,265.64,1801.56,369.33,11
12,player,561,0,0,1747.69,265.31,1799.71,368.99,11
12,player,562,0,0,1745.84,264.97,1797.87,368.66,11
12,player,563,0,0,1743.99,264.64,1796.02,368.33,11
12,player,564,0,0,1742.15,264.31,1794.17,368.0,11
12,player,565,0,0,1740.3,263.98,1792.32,367.66,11
12,player,566,0,0,1738.45,263.64,1790.48,367.33,11
12,player,567,0,0,1736.61,263.31,1788.63,367.0,11
12,player,568,0,0,1734.76,262.98,1786.78,366.67,11
12,player,569,0,0,1732.91,262.65,1784.94,366.33,11
12,player,570,0,0,1731.06,262.31,1783.09,366.0,11
12,player,571,0,0,1729.22,261.98,1781.24,365.67,11
12,player,572,0,0,1727.37,261.65,1779.39,365.34,11
12,player,573,0,0,1725.52,261.32,1777.55,365.0,11
12,player,574,0,0,1723.67,260.98,1775.7,364.67,11
12,player,575,0,0,1721.83,260.65,1773.85,364.34,11
12,player,576,0,0,1719.98,260.32,1772.0,364.01,11
12,player,577,0,0,1718.13,259.99,1770.16,363.67,11
12,player,578,0,0,1716.29,259.65,1768.31,363.34,11
12,player,579,0,0,1714.44,259.32,1766.46,363.01,11
12,player,580,0,0,1712.59,258.99,1764.62,362.68,11
12,player,581,0,0,1710.74,258.66,1762.77,362.35,11
12,player,582,0,0,1708.9,258.32,1760.92,362.01,11
12,player,583,0,0,1707.05,257.99,1759.07,361.68,11
12,player,584,0,0,1705.2,257.66,1757.23,361.35,11
12,player,585,0,0,1703.36,257.33,1755.38,361.02,11
12,player,586,0,0,1701.51,256.99,1753.53,360.68,11
12,player,587,0,0,1702.79,256.31,1754.82,359.99,11
12,player,588,0,0,1704.07,255.62,1756.1,359.31,11
12,player,589,0,0,1705.36,254.93,1757.38,358.62,11
12,player,590,0,0,1706.64,254.24,1758.66,357.93,11
12,player,591,0,0,1707.92,253.55,1759.95,357.24,11
12,player,592,0,0,1709.21,252.87,1761.23,356.56,11
12,player,593,0,0,1710.49,252.18,1762.51,355.87,11
12,player,594,0,0,1711.77,251.49,1763.8,355.18,11
12,player,595,0,0,1713.05,250.8,1765.08,354.49,11
12,player,596,0,0,1714.34,250.12,1766.36,353.8,11
12,player,597,0,0,1715.62,249.43,1767.64,353.12,11
12,player,598,0,0,1716.9,248.74,1768.93,352.43,11
12,player,599,0,0,1718.19,248.05,1770.21,351.74,11
12,player,600,0,0,1719.47,247.36,1771.49,351.05,11
12,player,601,0,0,1720.75,246.68,1772.78,350.36,11
12,player,602,0,0,1722.03,245.99,1774.06,349.68,11
12,player,603,0,0,1723.32,245.3,1775.34,348.99,11
12,player,604,0,0,1724.6,244.61,1776.62,348.3,11
12,player,605,0,0,1725.88,243.92,1777.91,347.61,11
12,player,606,0,0,1727.17,243.24,1779.19,346.92,11
12,player,607,0,0,1728.45,242.55,1780.47,346.24,11
12,player,608,0,0,1729.73,241.86,1781.76,345.55,11
12,player,609,0,0,1731.01,241.17,1783.04,344.86,11
12,player,610,0,0,1732.3,240.48,1784.32,344.17,11
12,player,611,0,0,1733.58,239.8,1785.6,343.49,11
12,player,612,0,0,1734.86,239.11,1786.89,342.8,11
12,player,613,0,0,1736.15,238.42,1788.17,342.11,11
12,player,614,0,0,1737.43,237.73,1789.45,341.42,11
12,player,615,0,0,1738.71,237.04,1790.74,340.73,11
12,player,616,0,0,1739.99,236.36,1792.02,340.05,11
12,player,617,0,0,1741.28,235.67,1793.3,339.36,11
12,player,618,0,0,1742.56,234.98,1794.58,338.67,11
12,player,619,0,0,1743.84,234.29,1795.87,337.98,11
12,player,620,0,0,1745.13,233.61,1797.15,337.29,11
12,player,621,0,0,1746.41,232.92,1798.43,336.61,11
12,player,622,0,0,1747.69,232.23,1799.72,335.92,11
12,player,623,0,0,1748.97,231.54,1801.0,335.23,11
12,player,624,0,0,1750.26,230.85,1802.28,334.54,11
12,player,625,0,0,1751.54,230.17,1803.56,333.85,11
12,player,626,0,0,1752.82,229.48,1804.85,333.17,11
12,player,627,0,0,1754.11,228.79,1806.13,332.48,11
12,player,628,0,0,1755.39,228.1,1807.41,331.79,11
12,player,629,0,0,1756.67,227.41,1808.7,331.1,11
12,player,630,0,0,1757.95,226.73,1809.98,330.41,11
12,player,631,0,0,1759.24,226.04,1811.26,329.73,11
12,player,632,0,0,1760.52,225.35,1812.54,329.04,11
12,player,633,0,0,1761.8,224.66,1813.83,328.35,11
12,player,634,0,0,1763.09,223.97,1815.11,327.66,11
12,player,635,0,0,1764.37,223.29,1816.39,326.98,11
12,player,636,0,0,1765.65,222.6,1817.68,326.29,11
12,player,637,0,0,1766.93,221.91,1818.96,325.6,11
12,player,638,0,0,1768.22,221.22,1820.24,324.91,11
12,player,639,0,0,1769.5,220.54,1821.52,324.22,11
12,player,640,0,0,1770.78,219.85,1822.81,323.54,11
12,player,641,0,0,1772.07,219.16,1824.09,322.85,11
12,player,642,0,0,1773.35,218.47,1825.37,322.16,11
12,player,643,0,0,1774.63,217.78,1826.66,321.47,11
12,player,644,0,0,1775.91,217.1,1827.94,320.78,11
12,player,645,0,0,1777.2,216.41,1829.22,320.1,11
12,player,646,0,0,1778.48,215.72,1830.5,319.41,11
12,player,647,0,0,1779.76,215.03,1831.79,318.72,11
12,player,648,0,0,1781.05,214.34,1833.07,318.03,11
12,player,649,0,0,1782.33,213.66,1834.35,317.34,11
12,player,650,0,0,1783.61,212.97,1835.64,316.66,11
12,player,651,0,0,1784.89,212.28,1836.92,315.97,11
12,player,652,0,0,1786.18,211.59,1838.2,315.28,11
12,player,653,0,0,1787.46,210.9,1839.48,314.59,11
12,player,654,0,0,1788.74,210.22,1840.77,313.91,11
12,player,655,0,0,1790.03,209.53,1842.05,313.22,11
12,player,656,0,0,1791.31,208.84,1843.33,312.53,11
12,player,657,0,0,1792.59,208.15,1844.62,311.84,11
12,player,658,0,0,1793.87,207.46,1845.9,311.15,11
12,player,659,0,0,1795.16,206.78,1847.18,310.47,11
12,player,660,0,0,1796.44,206.09,1848.46,309.78,11
12,player,661,0,0,1797.72,205.4,1849.75,309.09,11
12,player,662,0,0,1799.01,204.71,1851.03,308.4,11
12,player,663,0,0,1800.29,204.03,1852.31,307.71,11
12,player,664,0,0,1801.57,203.34,1853.6,307.03,11
12,player,665,0,0,1802.85,202.65,1854.88,306.34,11
12,player,666,0,0,1804.14,201.96,1856.16,305.65,11
12,player,667,0,0,1805.42,201.27,1857.44,304.96,11
12,player,668,0,0,1806.7,200.59,1858.73,304.27,11
12,player,669,0,0,1807.99,199.9,1860.01,303.59,11
12,player,670,0,0,1809.27,199.21,1861.29,302.9,11
12,player,671,0,0,1810.55,198.52,1862.58,302.21,11
12,player,672,0,0,1811.83,197.83,1863.86,301.52,11
12,player,673,0,0,1813.12,197.15,1865.14,300.83,11
12,player,674,0,0,1814.4,196.46,1866.42,300.15,11
12,player,675,0,0,1815.68,195.77,1867.71,299.46,11
12,player,676,0,0,1816.96,195.08,1868.99,298.77,11
12,player,677,0,0,1818.25,194.39,1870.27,298.08,11
12,player,678,0,0,1819.53,193.71,1871.56,297.4,11
12,player,679,0,0,1820.81,193.02,1872.84,296.71,11
12,player,680,0,0,1822.1,192.33,1874.12,296.02,11
12,player,681,0,0,1823.38,191.64,1875.4,295.33,11
12,player,682,0,0,1824.66,190.96,1876.69,294.64,11
12,player,683,0,0,1825.94,190.27,1877.97,293.96,11
12,player,684,0,0,1827.23,189.58,1879.25,293.27,11
12,player,685,0,0,1828.51,188.89,1880.54,292.58,11
12,player,686,0,0,1829.79,188.2,1881.82,291.89,11
12,player,687,0,0,1831.08,187.52,1883.1,291.2,11
12,player,688,0,0,1832.36,186.83,1884.38,290.52,11
12,player,689,0,0,1833.64,186.14,1885.67,289.83,11
12,player,690,0,0,1834.92,185.45,1886.95,289.14,11
12,player,691,0,0,1836.21,184.76,1888.23,288.45,11
12,player,692,0,0,1837.49,184.08,1889.51,287.76,11
12,player,693,0,0,1838.77,183.39,1890.8,287.08,11
12,player,694,0,0,1840.06,182.7,1892.08,286.39,11
12,player,695,0,0,1841.34,182.01,1893.36,285.7,11
12,player,696,0,0,1842.62,181.32,1894.65,285.01,11
12,player,697,0,0,1843.9,180.64,1895.93,284.33,11
12,player,698,0,0,1845.19,179.95,1897.21,283.64,11
12,player,699,0,0,1846.47,179.26,1898.49,282.95,11
12,player,700,0,0,1847.75,178.57,1899.78,282.26,11
12,player,701,0,0,1849.04,177.88,1901.06,281.57,11
12,player,702,0,0,1838.52,178.24,1890.55,281.93,11
12,player,703,0,0,1828.01,178.6,1880.04,282.29,11
12,player,704,0,0,1817.5,178.95,1869.52,282.64,11
12,player,705,0,0,1806.99,179.31,1859.01,283.0,11
12,player,706,0,0,1796.47,179.67,1848.5,283.35,11
12,player,707,0,0,1785.96,180.02,1837.99,283.71,11
12,player,708,0,0,1775.45,180.38,1827.47,284.07,11
12,player,709,0,0,1764.94,180.74,1816.96,284.42,11
12,player,710,0,0,1754.43,181.09,1806.45,284.78,11
12,player,711,0,0,1743.91,181.45,1795.94,285.14,11
12,player,712,0,0,1733.4,181.8,1785.43,285.49,11
12,player,713,0,0,1722.89,182.16,1774.91,285.85,11
12,player,714,0,0,1714.34,184.08,1766.36,287.77,11
12,player,715,0,0,1705.78,186.01,1757.81,289.7,11
12,player,716,0,0,1697.23,187.93,1749.26,291.62,11
12,player,717,0,0,1688.68,189.86,1740.7,293.55,11
12,player,718,0,0,1680.13,191.78,1732.15,295.47,11
12,player,719,0,0,1671.57,193.71,1723.6,297.39,11
12,player,720,0,0,1663.02,195.63,1715.05,299.32,11
12,player,721,0,0,1654.47,197.55,1706.49,301.24,11
12,player,722,0,0,1645.92,199.48,1697.94,303.17,11
12,player,723,0,0,1637.37,201.4,1689.39,305.09,11
12,player,724,0,0,1633.13,201.54,1685.16,305.23,11
12,player,725,0,0,1628.9,201.68,1680.93,305.36,11
12,player,726,0,0,1624.67,201.81,1676.7,305.5,11
12,player,727,0,0,1620.44,201.95,1672.47,305.64,11
12,player,728,0,0,1616.21,202.08,1668.24,305.77,11
12,player,729,0,0,1611.98,202.22,1664.01,305.91,11
12,player,730,0,0,1607.75,202.36,1659.77,306.05,11
12,player,731,0,0,1603.52,202.49,1655.54,306.18,11
12,player,732,0,0,1599.29,202.63,1651.31,306.32,11
12,player,733,0,0,1595.06,202.77,1647.08,306.46,11
12,player,734,0,0,1590.83,202.9,1642.85,306.59,11
12,player,735,0,0,1586.6,203.04,1638.62,306.73,11
12,player,736,0,0,1582.37,203.18,1634.39,306.87,11
12,player,737,0,0,1578.14,203.31,1630.16,307.0,11
12,player,738,0,0,1573.91,203.45,1625.93,307.14,11
12,player,739,0,0,1569.67,203.59,1621.7,307.27,11
12,player,740,0,0,1565.44,203.72,1617.47,307.41,11
12,player,741,0,0,1561.21,203.86,1613.24,307.55,11
12,player,742,0,0,1556.98,204.0,1609.01,307.68,11
12,player,743,0,0,1552.75,204.13,1604.78,307.82,11
12,player,744,0,0,1548.52,204.27,1600.55,307.96,11
12,player,745,0,0,1544.29,204.4,1596.31,308.09,11
12,player,746,0,0,1540.06,204.54,1592.08,308.23,11
12,player,747,0,0,1535.83,204.68,1587.85,308.37,11
12,player,748,0,0,1531.6,204.81,1583.62,308.5,11
12,player,749,0,0,1527.37,204.95,1579.39,308.64,11
12,player,750,0,0,1523.14,205.09,1575.16,308.78,11
12,player,751,0,0,1518.91,205.22,1570.93,308.91,11
12,player,752,0,0,1514.68,205.36,1566.7,309.05,11
12,player,753,0,0,1510.44,205.5,1562.47,309.19,11
12,player,754,0,0,1506.21,205.63,1558.24,309.32,11
12,player,755,0,0,1501.98,205.77,1554.01,309.46,11
12,player,756,0,0,1497.75,205.91,1549.78,309.59,11
12,player,757,0,0,1493.52,206.04,1545.55,309.73,11
12,player,758,0,0,1489.29,206.18,1541.32,309.87,11
12,player,759,0,0,1485.06,206.32,1537.09,310.0,11
12,player,760,0,0,1480.83,206.45,1532.85,310.14,11
12,player,761,0,0,1476.6,206.59,1528.62,310.28,11
12,player,762,0,0,1472.37,206.72,1524.39,310.41,11
12,player,763,0,0,1468.14,206.86,1520.16,310.55,11
12,player,764,0,0,1463.91,207.0,1515.93,310.69,11
12,player,765,0,0,1459.68,207.13,1511.7,310.82,11
12,player,766,0,0,1455.45,207.27,1507.47,310.96,11
12,player,767,0,0,1451.22,207.41,1503.24,311.1,11
12,player,768,0,0,1446.98,207.54,1499.01,311.23,11
12,player,769,0,0,1442.75,207.68,1494.78,311.37,11
12,player,770,0,0,1438.52,207.82,1490.55,311.51,11
12,player,771,0,0,1438.95,209.81,1490.98,313.5,11
12,player,772,0,0,1439.38,211.81,1491.4,315.5,11
12,player,773,0,0,1439.81,213.8,1491.83,317.49,11
12,player,774,0,0,1440.23,215.8,1492.26,319.49,11
12,player,775,0,0,1440.66,217.79,1492.69,321.48,11
12,player,776,0,0,1441.09,219.79,1493.11,323.48,11
12,player,777,0,0,1441.52,221.79,1493.54,325.47,11
12,player,778,0,0,1441.94,223.78,1493.97,327.47,11
12,player,779,0,0,1442.37,225.78,1494.4,329.47,11
12,player,780,0,0,1442.8,227.77,1494.82,331.46,11
12,player,781,0,0,1443.23,229.77,1495.25,333.46,11
12,player,782,0,0,1443.65,231.76,1495.68,335.45,11
12,player,783,0,0,1444.08,233.76,1496.11,337.45,11
12,player,784,0,0,1444.51,235.75,1496.53,339.44,11
12,player,785,0,0,1444.94,237.75,1496.96,341.44,11
12,player,786,0,0,1450.07,238.26,1502.09,341.95,11
12,player,787,0,0,1455.2,238.78,1507.22,342.46,11
12,player,788,0,0,1460.33,239.29,1512.36,342.98,11
12,player,789,0,0,1465.46,239.8,1517.49,343.49,11
12,player,790,0,0,1470.59,240.32,1522.62,344.0,11
12,player,791,0,0,1475.73,240.83,1527.75,344.52,11
12,player,792,0,0,1480.86,241.34,1532.88,345.03,11
12,player,793,0,0,1485.99,241.86,1538.01,345.54,11
12,player,794,0,0,1491.12,242.37,1543.14,346.06,11
12,player,795,0,0,1496.25,242.88,1548.28,346.57,11
12,player,796,0,0,1501.38,243.39,1553.41,347.08,11
12,player,797,0,0,1506.51,243.91,1558.54,347.6,11
12,player,798,0,0,1511.65,244.42,1563.67,348.11,11
12,player,799,0,0,1516.78,244.93,1568.8,348.62,11
12,player,800,0,0,1521.91,245.45,1573.93,349.14,11
12,player,801,0,0,1527.04,245.96,1579.06,349.65,11
12,player,802,0,0,1532.17,246.47,1584.2,350.16,11
12,player,803,0,0,1537.3,246.99,1589.33,350.68,11
12,player,804,0,0,1542.43,247.5,1594.46,351.19,11
12,player,805,0,0,1547.57,248.01,1599.59,351.7,11
12,player,806,0,0,1552.7,248.53,1604.72,352.21,11
12,player,807,0,0,1557.83,249.04,1609.85,352.73,11
12,player,808,0,0,1562.96,249.55,1614.98,353.24,11
12,player,809,0,0,1568.09,250.07,1620.12,353.75,11
12,player,810,0,0,1573.22,250.58,1625.25,354.27,11
12,player,811,0,0,1578.35,251.09,1630.38,354.78,11
12,player,812,0,0,1583.49,251.6,1635.51,355.29,11
12,player,813,0,0,1588.62,252.12,1640.64,355.81,11
12,player,814,0,0,1593.75,252.63,1645.77,356.32,11
12,player,815,0,0,1598.88,253.14,1650.9,356.83,11
12,player,816,0,0,1604.01,253.66,1656.04,357.35,11
12,player,817,0,0,1609.14,254.17,1661.17,357.86,11
12,player,818,0,0,1614.27,254.68,1666.3,358.37,11
12,player,819,0,0,1619.41,255.2,1671.43,358.89,11
12,player,820,0,0,1624.54,255.71,1676.56,359.4,11
12,player,821,0,0,1629.67,256.22,1681.69,359.91,11
12,player,822,0,0,1634.8,256.74,1686.82,360.43,11
12,player,823,0,0,1639.93,257.25,1691.96,360.94,11
12,player,824,0,0,1645.06,257.76,1697.09,361.45,11
12,player,825,0,0,1650.19,258.28,1702.22,361.96,11
12,player,826,0,0,1655.33,258.79,1707.35,362.48,11
12,player,827,0,0,1660.46,259.3,1712.48,362.99,11
12,player,828,0,0,1665.59,259.82,1717.61,363.5,11
12,player,829,0,0,1670.72,260.33,1722.74,364.02,11
12,player,830,0,0,1675.85,260.84,1727.88,364.53,11
12,player,831,0,0,1680.98,261.35,1733.01,365.04,11
12,player,832,0,0,1686.11,261.87,1738.14,365.56,11
12,player,833,0,0,1691.24,262.38,1743.27,366.07,11
12,player,834,0,0,1696.38,262.89,1748.4,366.58,11
12,player,835,0,0,1701.51,263.41,1753.53,367.1,11
12,player,836,0,0,1709.61,263.29,1761.63,366.98,11
12,player,837,0,0,1717.71,263.18,1769.74,366.87,11
12,player,838,0,0,1725.81,263.07,1777.84,366.76,11
12,player,839,0,0,1733.92,262.96,1785.94,366.65,11
12,player,840,0,0,1742.02,262.84,1794.04,366.53,11
12,player,841,0,0,1750.12,262.73,1802.15,366.42,11
12,player,842,0,0,1758.22,262.62,1810.25,366.31,11
12,player,843,0,0,1766.33,262.51,1818.35,366.2,11
12,player,844,0,0,1774.43,262.39,1826.45,366.08,11
12,player,845,0,0,1782.53,262.28,1834.55,365.97,11
12,player,846,0,0,1790.63,262.17,1842.66,365.86,11
12,player,847,0,0,1798.73,262.06,1850.76,365.75,11
12,player,848,0,0,1806.84,261.94,1858.86,365.63,11
12,player,849,0,0,1814.94,261.83,1866.96,365.52,11
12,player,850,0,0,1823.04,261.72,1875.07,365.41,11
12,player,851,0,0,1831.14,261.61,1883.17,365.29,11
12,player,852,0,0,1839.25,261.49,1891.27,365.18,11
12,player,853,0,0,1847.35,261.38,1899.37,365.07,11
12,player,854,0,0,1855.45,261.27,1907.47,364.96,11
12,player,855,0,0,1856.37,261.57,1908.37,365.26,11
12,player,856,0,0,1857.28,261.88,1909.26,365.57,11
12,player,857,0,0,1858.2,262.18,1910.16,365.87,11
12,player,858,0,0,1859.12,262.49,1911.05,366.18,11
12,player,859,0,0,1860.03,262.8,1911.95,366.48,11
12,player,860,0,0,1860.95,263.1,1912.84,366.79,11
12,player,861,0,0,1861.86,263.41,1913.74,367.09,11
12,player,862,0,0,1862.78,263.71,1914.63,367.4,11
12,player,863,0,0,1863.7,264.02,1915.53,367.71,11
12,player,864,0,0,1864.61,264.32,1916.42,368.01,11
12,player,865,0,0,1865.53,264.63,1917.32,368.32,11
12,player,866,0,0,1866.45,264.93,1918.21,368.62,11
12,player,867,0,0,1867.36,265.24,1919.11,368.93,11
12,player,868,0,0,1868.28,265.54,1920.0,369.23,11
12,player,869,0,0,1868.28,265.54,1920.0,369.23,11
12,player,870,0,0,1868.28,265.54,1920.0,369.23,11
12,player,871,0,0,1868.28,265.54,1920.0,369.23,11
12,player,872,0,0,1868.28,265.54,1920.0,369.23,11
12,player,873,0,0,1868.28,265.54,1920.0,369.23,11
12,player,874,0,0,1868.28,265.54,1920.0,369.23,11
12,player,875,0,0,1868.28,265.54,1920.0,369.23,11
12,player,876,0,0,1868.28,265.54,1920.0,369.23,11
12,player,877,0,0,1868.28,265.54,1920.0,369.23,11
12,player,878,0,0,1868.28,265.54,1920.0,369.23,11
12,player,879,0,0,1868.28,265.54,1920.0,369.23,11
12,player,880,0,0,1868.28,265.54,1920.0,369.23,11
12,player,881,0,0,1868.28,265.54,1920.0,369.23,11
12,player,882,0,0,1868.28,265.54,1920.0,369.23,11
12,player,883,0,0,1868.28,265.54,1920.0,369.23,11
12,player,884,0,0,1868.28,265.54,1920.0,369.23,11
12,player,885,0,0,1868.28,265.54,1920.0,369.23,11
12,player,886,0,0,1868.28,265.54,1920.0,369.23,11
12,player,887,0,0,1868.28,265.54,1920.0,369.23,11
12,player,888,0,0,1868.28,265.54,1920.0,369.23,11
12,player,889,0,0,1868.28,265.54,1920.0,369.23,11
12,player,890,0,0,1868.28,265.54,1920.0,369.23,11
12,player,891,0,0,1868.28,265.54,1920.0,369.23,11
12,player,892,0,0,1868.28,265.54,1920.0,369.23,11
12,player,893,0,0,1868.28,265.54,1920.0,369.23,11
12,player,894,0,0,1868.28,265.54,1920.0,369.23,11
12,player,895,0,0,1868.28,265.54,1920.0,369.23,11
12,player,896,0,0,1868.28,265.54,1920.0,369.23,11
12,player,897,0,0,1868.28,265.54,1920.0,369.23,11
12,player,898,0,0,1868.28,265.54,1920.0,369.23,11
12,player,899,0,0,1868.28,265.54,1920.0,369.23,11
13,player,18,0,0,1499.25,317.79,1559.7,423.0,7
13,player,19,0,0,1493.34,317.79,1553.78,423.0,7
13,player,20,0,0,1487.42,317.79,1547.87,423.0,7
13,player,21,0,0,1481.51,317.79,1541.95,423.0,7
13,player,22,0,0,1475.59,317.79,1536.04,423.0,7
13,player,23,0,0,1469.68,317.79,1530.12,423.0,7
13,player,24,0,0,1463.76,317.79,1524.21,423.0,7
13,player,25,0,0,1457.85,317.79,1518.29,423.0,7
13,player,26,0,0,1451.93,317.79,1512.38,423.0,7
13,player,27,0,0,1446.01,317.79,1506.46,423.0,7
13,player,28,0,0,1439.25,316.52,1499.7,421.73,7
13,player,29,0,0,1432.49,315.26,1492.94,420.46,7
13,player,30,0,0,1425.73,313.99,1486.18,419.2,7
13,player,31,0,0,1418.97,312.72,1479.42,417.93,7
13,player,32,0,0,1412.21,311.45,1472.66,416.66,7
13,player,33,0,0,1405.45,310.18,1465.9,415.39,7
13,player,34,0,0,1402.24,310.86,1462.69,416.07,7
13,player,35,0,0,1399.03,311.54,1459.47,416.75,7
13,player,36,0,0,1395.82,312.21,1456.26,417.42,7
13,player,37,0,0,1392.61,312.89,1453.05,418.1,7
13,player,38,0,0,1389.39,313.56,1449.84,418.77,7
13,player,39,0,0,1386.18,314.24,1446.63,419.45,7
13,player,40,0,0,1382.97,314.92,1443.42,420.13,7
13,player,41,0,0,1379.76,315.59,1440.21,420.8,7
13,player,42,0,0,1376.55,316.27,1437.0,421.48,7
13,player,43,0,0,1373.34,316.94,1433.78,422.15,7
13,player,44,0,0,1370.13,317.62,1430.57,422.83,7
13,player,45,0,0,1366.92,318.3,1427.36,423.51,7
13,player,46,0,0,1363.7,318.97,1424.15,424.18,7
13,player,47,0,0,1360.49,319.65,1420.94,424.86,7
13,player,48,0,0,1357.28,320.33,1417.73,425.53,7
13,player,49,0,0,1358.9,320.33,1419.34,425.53,7
13,player,50,0,0,1360.51,320.33,1420.95,425.53,7
13,player,51,0,0,1362.12,320.33,1422.57,425.53,7
13,player,52,0,0,1363.74,320.33,1424.18,425.53,7
13,player,53,0,0,1365.35,320.33,1425.79,425.53,7
13,player,54,0,0,1366.96,320.33,1427.41,425.53,7
13,player,55,0,0,1368.58,320.33,1429.02,425.53,7
13,player,56,0,0,1370.19,320.33,1430.63,425.53,7
13,player,57,0,0,1371.8,320.33,1432.25,425.53,7
13,player,58,0,0,1373.42,320.33,1433.86,425.53,7
13,player,59,0,0,1375.03,320.33,1435.47,425.53,7
13,player,60,0,0,1376.64,320.33,1437.09,425.53,7
13,player,61,0,0,1378.26,320.33,1438.7,425.53,7
13,player,62,0,0,1379.87,320.33,1440.31,425.53,7
13,player,63,0,0,1381.48,320.33,1441.93,425.53,7
13,player,64,0,0,1383.1,320.33,1443.54,425.53,7
13,player,65,0,0,1384.71,320.33,1445.15,425.53,7
13,player,66,0,0,1386.32,320.33,1446.77,425.53,7
13,player,67,0,0,1387.94,320.33,1448.38,425.53,7
13,player,68,0,0,1389.55,320.33,1449.99,425.53,7
13,player,69,0,0,1391.16,320.33,1451.61,425.53,7
13,player,70,0,0,1392.78,320.33,1453.22,425.53,7
13,player,71,0,0,1394.39,318.25,1454.83,423.46,7
13,player,72,0,0,1396.0,316.18,1456.45,421.39,7
13,player,73,0,0,1397.62,314.1,1458.06,419.31,7
13,player,74,0,0,1399.23,312.03,1459.67,417.24,7
13,player,75,0,0,1400.84,309.95,1461.29,415.16,7
13,player,76,0,0,1402.46,307.88,1462.9,413.09,7
13,player,77,0,0,1404.07,305.81,1464.51,411.01,7
13,player,78,0,0,1405.68,303.73,1466.13,408.94,7
13,player,79,0,0,1407.29,301.66,1467.74,406.87,7
13,player,80,0,0,1408.91,299.58,1469.35,404.79,7
13,player,81,0,0,1410.52,297.51,1470.97,402.72,7
13,player,82,0,0,1411.65,297.79,1472.09,403.0,7
13,player,83,0,0,1412.77,298.07,1473.22,403.28,7
13,player,84,0,0,1413.9,298.35,1474.35,403.56,7
13,player,85,0,0,1415.03,298.64,1475.47,403.84,7
13,player,86,0,0,1416.16,298.92,1476.6,404.13,7
13,player,87,0,0,1417.28,299.2,1477.73,404.41,7
13,player,88,0,0,1418.41,299.48,1478.85,404.69,7
13,player,89,0,0,1419.54,299.76,1479.98,404.97,7
13,player,90,0,0,1420.66,300.04,1481.11,405.25,7
13,player,91,0,0,1421.79,300.33,1482.23,405.53,7
13,player,92,0,0,1422.92,300.61,1483.36,405.82,7
13,player,93,0,0,1424.04,300.89,1484.49,406.1,7
13,player,94,0,0,1425.17,301.17,1485.62,406.38,7
13,player,95,0,0,1426.3,301.45,1486.74,406.66,7
13,player,96,0,0,1427.42,301.73,1487.87,406.94,7
13,player,97,0,0,1428.55,302.02,1489.0,407.22,7
13,player,98,0,0,1429.68,302.3,1490.12,407.51,7
13,player,99,0,0,1430.8,302.58,1491.25,407.79,7
13,player,100,0,0,1431.93,302.86,1492.38,408.07,7
13,player,101,0,0,1433.06,303.14,1493.5,408.35,7
13,player,102,0,0,1434.18,303.42,1494.63,408.63,7
13,player,103,0,0,1435.31,303.71,1495.76,408.91,7
13,player,104,0,0,1436.44,303.99,1496.88,409.2,7
13,player,105,0,0,1437.56,304.27,1498.01,409.48,7
13,player,106,0,0,1438.69,304.55,1499.14,409.76,7
13,player,107,0,0,1439.82,304.83,1500.26,410.04,7
13,player,108,0,0,1440.94,305.11,1501.39,410.32,7
13,player,109,0,0,1440.94,304.69,1501.39,409.9,7
13,player,110,0,0,1440.94,304.27,1501.39,409.48,7
13,player,111,0,0,1440.94,303.85,1501.39,409.06,7
13,player,112,0,0,1440.94,303.42,1501.39,408.63,7
13,player,113,0,0,1440.94,303.0,1501.39,408.21,7
13,player,114,0,0,1440.94,302.58,1501.39,407.79,7
13,player,115,0,0,1440.94,302.16,1501.39,407.37,7
13,player,116,0,0,1440.94,301.73,1501.39,406.94,7
13,player,117,0,0,1440.94,301.31,1501.39,406.52,7
13,player,118,0,0,1440.94,300.89,1501.39,406.1,7
13,player,119,0,0,1440.94,300.47,1501.39,405.68,7
13,player,120,0,0,1440.94,300.04,1501.39,405.25,7
13,player,121,0,0,1439.48,299.64,1499.92,404.85,7
13,player,122,0,0,1438.01,299.24,1498.45,404.45,7
13,player,123,0,0,1436.54,298.84,1496.99,404.05,7
13,player,124,0,0,1435.07,298.44,1495.52,403.65,7
13,player,125,0,0,1433.6,298.04,1494.05,403.25,7
13,player,126,0,0,1432.14,297.64,1492.58,402.85,7
13,player,127,0,0,1430.67,297.24,1491.12,402.45,7
13,player,128,0,0,1429.2,296.84,1489.65,402.05,7
13,player,129,0,0,1427.73,296.44,1488.18,401.65,7
13,player,130,0,0,1426.27,296.04,1486.71,401.25,7
13,player,131,0,0,1424.8,295.64,1485.24,400.85,7
13,player,132,0,0,1423.33,295.24,1483.78,400.45,7
13,player,133,0,0,1421.86,294.84,1482.31,400.05,7
13,player,134,0,0,1420.4,294.44,1480.84,399.65,7
13,player,135,0,0,1418.93,294.04,1479.37,399.25,7
13,player,136,0,0,1417.46,293.64,1477.91,398.85,7
13,player,137,0,0,1415.99,293.24,1476.44,398.45,7
13,player,138,0,0,1414.52,292.84,1474.97,398.05,7
13,player,139,0,0,1413.06,292.44,1473.5,397.65,7
13,player,140,0,0,1414.75,292.16,1475.19,397.37,7
13,player,141,0,0,1416.44,291.88,1476.88,397.08,7
13,player,142,0,0,1418.13,291.59,1478.57,396.8,7
13,player,143,0,0,1419.82,291.31,1480.26,396.52,7
13,player,144,0,0,1421.51,291.03,1481.95,396.24,7
13,player,145,0,0,1423.2,290.75,1483.64,395.96,7
13,player,146,0,0,1424.89,290.47,1485.33,395.68,7
13,player,147,0,0,1426.58,290.19,1487.02,395.39,7
13,player,148,0,0,1428.27,289.9,1488.71,395.11,7
13,player,149,0,0,1430.51,289.42,1490.96,394.62,7
13,player,150,0,0,1432.75,288.93,1493.2,394.14,7
13,player,151,0,0,1435.0,288.44,1495.44,393.65,7
13,player,152,0,0,1437.24,287.95,1497.68,393.16,7
13,player,153,0,0,1439.48,287.47,1499.93,392.67,7
13,player,154,0,0,1441.72,286.98,1502.17,392.19,7
13,player,155,0,0,1443.97,286.49,1504.41,391.7,7
13,player,156,0,0,1446.21,286.0,1506.66,391.21,7
13,player,157,0,0,1448.45,285.52,1508.9,390.72,7
13,player,158,0,0,1450.69,285.03,1511.14,390.24,7
13,player,159,0,0,1452.94,284.54,1513.38,389.75,7
13,player,160,0,0,1455.18,284.05,1515.63,389.26,7
13,player,161,0,0,1457.42,283.57,1517.87,388.77,7
13,player,162,0,0,1459.67,283.08,1520.11,388.29,7
13,player,163,0,0,1461.91,282.59,1522.35,387.8,7
13,player,164,0,0,1464.15,282.1,1524.6,387.31,7
13,player,165,0,0,1466.39,281.62,1526.84,386.82,7
13,player,166,0,0,1468.64,281.13,1529.08,386.34,7
13,player,167,0,0,1470.88,280.64,1531.32,385.85,7
13,player,168,0,0,1473.12,280.15,1533.57,385.36,7
13,player,169,0,0,1475.36,279.67,1535.81,384.87,7
13,player,170,0,0,1477.61,279.18,1538.05,384.39,7
13,player,171,0,0,1479.85,278.69,1540.3,383.9,7
13,player,172,0,0,1482.09,278.2,1542.54,383.41,7
13,player,173,0,0,1484.33,277.72,1544.78,382.92,7
13,player,174,0,0,1486.58,277.23,1547.02,382.44,7
13,player,175,0,0,1497.11,276.45,1557.55,381.66,7
13,player,176,0,0,1507.64,275.67,1568.08,380.88,7
13,player,177,0,0,1518.17,274.89,1578.62,380.1,7
13,player,178,0,0,1528.7,274.11,1589.15,379.32,7
13,player,179,0,0,1539.23,273.33,1599.68,378.54,7
13,player,180,0,0,1549.76,272.55,1610.21,377.76,7
13,player,181,0,0,1560.29,271.77,1620.74,376.98,7
13,player,182,0,0,1570.82,270.99,1631.27,376.2,7
13,player,183,0,0,1581.36,270.21,1641.8,375.42,7
13,player,184,0,0,1591.89,269.43,1652.33,374.64,7
13,player,185,0,0,1602.42,268.65,1662.86,373.86,7
13,player,186,0,0,1612.95,267.87,1673.39,373.08,7
13,player,187,0,0,1623.48,267.09,1683.92,372.3,7
13,player,188,0,0,1638.69,272.16,1699.14,377.37,7
13,player,189,0,0,1658.97,267.09,1719.42,372.3,7
13,player,190,0,0,1669.11,269.62,1729.56,374.83,7
13,player,191,0,0,1679.25,269.62,1739.7,374.83,7
13,player,192,0,0,1689.39,269.62,1749.84,374.83,7
13,player,193,0,0,1699.53,269.62,1759.98,374.83,7
13,player,194,0,0,1709.67,269.62,1770.12,374.83,7
13,player,195,0,0,1719.82,269.62,1780.26,374.83,7
13,player,196,0,0,1724.38,268.71,1784.82,373.92,7
13,player,197,0,0,1728.94,267.8,1789.39,373.01,7
13,player,198,0,0,1733.51,266.88,1793.95,372.09,7
13,player,199,0,0,1738.07,265.97,1798.52,371.18,7
13,player,200,0,0,1742.63,265.06,1803.08,370.27,7
13,player,201,0,0,1747.2,264.15,1807.64,369.35,7
13,player,202,0,0,1751.76,263.23,1812.21,368.44,7
13,player,203,0,0,1756.32,262.32,1816.77,367.53,7
13,player,204,0,0,1760.89,261.41,1821.33,366.62,7
13,player,205,0,0,1765.45,260.5,1825.9,365.7,7
13,player,206,0,0,1770.01,259.58,1830.46,364.79,7
13,player,207,0,0,1774.58,258.67,1835.02,363.88,7
13,player,208,0,0,1779.14,257.76,1839.59,362.97,7
13,player,209,0,0,1783.7,256.84,1844.15,362.05,7
13,player,210,0,0,1788.27,255.93,1848.71,361.14,7
13,player,211,0,0,1792.83,255.02,1853.28,360.23,7
13,player,212,0,0,1797.39,254.11,1857.84,359.32,7
13,player,213,0,0,1801.96,253.19,1862.4,358.4,7
13,player,214,0,0,1806.52,252.28,1866.97,357.49,7
13,player,215,0,0,1811.08,251.37,1871.53,356.58,7
13,player,216,0,0,1815.65,250.46,1876.09,355.66,7
13,player,217,0,0,1820.21,249.54,1880.66,354.75,7
13,player,218,0,0,1824.77,248.63,1885.22,353.84,7
13,player,219,0,0,1829.34,247.72,1889.78,352.93,7
13,player,220,0,0,1833.9,246.8,1894.35,352.01,7
13,player,221,0,0,1833.44,245.19,1893.89,350.4,7
13,player,222,0,0,1832.98,243.58,1893.42,348.79,7
13,player,223,0,0,1832.52,241.96,1892.96,347.17,7
13,player,224,0,0,1832.06,240.35,1892.5,345.56,7
13,player,225,0,0,1831.6,238.74,1892.04,343.95,7
13,player,226,0,0,1831.13,237.12,1891.58,342.33,7
13,player,227,0,0,1830.67,235.51,1891.12,340.72,7
13,player,228,0,0,1830.21,233.9,1890.66,339.11,7
13,player,229,0,0,1829.75,232.28,1890.2,337.49,7
13,player,230,0,0,1829.29,230.67,1889.74,335.88,7
13,player,231,0,0,1828.83,229.06,1889.28,334.27,7
13,player,232,0,0,1828.37,227.44,1888.82,332.65,7
13,player,233,0,0,1827.91,225.83,1888.35,331.04,7
13,player,234,0,0,1827.45,224.22,1887.89,329.43,7
13,player,235,0,0,1826.99,222.6,1887.43,327.81,7
13,player,236,0,0,1826.53,220.99,1886.97,326.2,7
13,player,237,0,0,1826.06,219.38,1886.51,324.59,7
13,player,238,0,0,1825.6,217.76,1886.05,322.97,7
13,player,239,0,0,1825.14,216.15,1885.59,321.36,7
13,player,240,0,0,1824.68,214.54,1885.13,319.75,7
13,player,241,0,0,1824.22,212.92,1884.67,318.13,7
13,player,242,0,0,1823.76,211.31,1884.21,316.52,7
13,player,243,0,0,1820.14,210.22,1880.58,315.43,7
13,player,244,0,0,1816.52,209.14,1876.96,314.35,7
13,player,245,0,0,1812.89,208.05,1873.34,313.26,7
13,player,246,0,0,1809.27,206.96,1869.72,312.17,7
13,player,247,0,0,1805.65,205.88,1866.1,311.09,7
13,player,248,0,0,1802.03,204.79,1862.48,310.0,7
13,player,249,0,0,1798.41,203.71,1858.85,308.91,7
13,player,250,0,0,1793.22,203.58,1853.66,308.79,7
13,player,251,0,0,1788.02,203.46,1848.47,308.67,7
13,player,252,0,0,1782.83,203.34,1843.28,308.55,7
13,player,253,0,0,1777.64,203.22,1838.09,308.43,7
13,player,254,0,0,1772.45,203.1,1832.9,308.31,7
13,player,255,0,0,1767.26,202.98,1827.71,308.19,7
13,player,256,0,0,1762.07,202.86,1822.52,308.07,7
13,player,257,0,0,1756.88,202.74,1817.32,307.95,7
13,player,258,0,0,1751.69,202.62,1812.13,307.83,7
13,player,259,0,0,1746.5,202.5,1806.94,307.71,7
13,player,260,0,0,1741.3,202.38,1801.75,307.59,7
13,player,261,0,0,1736.11,202.26,1796.56,307.47,7
13,player,262,0,0,1730.92,202.14,1791.37,307.34,7
13,player,263,0,0,1725.73,202.01,1786.18,307.22,7
13,player,264,0,0,1720.54,201.89,1780.99,307.1,7
13,player,265,0,0,1715.35,201.77,1775.8,306.98,7
13,player,266,0,0,1710.16,201.65,1770.6,306.86,7
13,player,267,0,0,1704.97,201.53,1765.41,306.74,7
13,player,268,0,0,1699.78,201.41,1760.22,306.62,7
13,player,269,0,0,1694.58,201.29,1755.03,306.5,7
13,player,270,0,0,1689.39,201.17,1749.84,306.38,7
13,player,271,0,0,1682.29,201.17,1742.74,306.38,7
13,player,272,0,0,1675.2,201.17,1735.64,306.38,7
13,player,273,0,0,1668.1,201.17,1728.54,306.38,7
13,player,274,0,0,1661.0,201.17,1721.45,306.38,7
13,player,275,0,0,1653.9,201.17,1714.35,306.38,7
13,player,276,0,0,1646.8,201.17,1707.25,306.38,7
13,player,277,0,0,1639.7,201.17,1700.15,306.38,7
13,player,278,0,0,1632.61,201.17,1693.05,306.38,7
13,player,279,0,0,1625.51,201.17,1685.95,306.38,7
13,player,280,0,0,1618.41,201.17,1678.85,306.38,7
13,player,281,0,0,1611.31,201.17,1671.76,306.38,7
13,player,282,0,0,1604.21,201.17,1664.66,306.38,7
13,player,283,0,0,1597.11,201.17,1657.56,306.38,7
13,player,284,0,0,1590.01,201.17,1650.46,306.38,7
13,player,285,0,0,1582.92,201.17,1643.36,306.38,7
13,player,286,0,0,1578.9,201.49,1639.35,306.7,7
13,player,287,0,0,1574.89,201.82,1635.34,307.02,7
13,player,288,0,0,1570.88,202.14,1631.33,307.35,7
13,player,289,0,0,1566.87,202.46,1627.32,307.67,7
13,player,290,0,0,1562.86,202.78,1623.31,307.99,7
13,player,291,0,0,1558.85,203.11,1619.3,308.31,7
13,player,292,0,0,1554.84,203.43,1615.29,308.64,7
13,player,293,0,0,1550.83,203.75,1611.28,308.96,7
13,player,294,0,0,1546.82,204.07,1607.27,309.28,7
13,player,295,0,0,1542.81,204.4,1603.26,309.61,7
13,player,296,0,0,1538.8,204.72,1599.25,309.93,7
13,player,297,0,0,1534.79,205.04,1595.24,310.25,7
13,player,298,0,0,1530.78,205.36,1591.23,310.57,7
13,player,299,0,0,1526.77,205.69,1587.22,310.9,7
13,player,300,0,0,1522.76,206.01,1583.21,311.22,7
13,player,301,0,0,1518.75,206.33,1579.2,311.54,7
13,player,302,0,0,1514.74,206.66,1575.19,311.86,7
13,player,303,0,0,1510.73,206.98,1571.18,312.19,7
13,player,304,0,0,1506.72,207.3,1567.17,312.51,7
13,player,305,0,0,1502.71,207.62,1563.16,312.83,7
13,player,306,0,0,1498.7,207.95,1559.15,313.15,7
13,player,307,0,0,1494.69,208.27,1555.14,313.48,7
13,player,308,0,0,1490.68,208.59,1551.13,313.8,7
13,player,309,0,0,1486.67,208.91,1547.12,314.12,7
13,player,310,0,0,1482.66,209.24,1543.11,314.45,7
13,player,311,0,0,1478.65,209.56,1539.09,314.77,7
13,player,312,0,0,1474.64,209.88,1535.08,315.09,7
13,player,313,0,0,1470.63,210.2,1531.07,315.41,7
13,player,314,0,0,1466.62,210.53,1527.06,315.74,7
13,player,315,0,0,1462.61,210.85,1523.05,316.06,7
13,player,316,0,0,1458.6,211.17,1519.04,316.38,7
13,player,317,0,0,1454.59,211.49,1515.03,316.7,7
13,player,318,0,0,1450.58,211.82,1511.02,317.03,7
13,player,319,0,0,1446.57,212.14,1507.01,317.35,7
13,player,320,0,0,1442.56,212.46,1503.0,317.67,7
13,player,321,0,0,1438.55,212.79,1498.99,317.99,7
13,player,322,0,0,1434.54,213.11,1494.98,318.32,7
13,player,323,0,0,1430.53,213.43,1490.97,318.64,7
13,player,324,0,0,1426.52,213.75,1486.96,318.96,7
13,player,325,0,0,1422.51,214.08,1482.95,319.29,7
13,player,326,0,0,1418.49,214.4,1478.94,319.61,7
13,player,327,0,0,1414.48,214.72,1474.93,319.93,7
13,player,328,0,0,1410.47,215.04,1470.92,320.25,7
13,player,329,0,0,1406.46,215.37,1466.91,320.58,7
13,player,330,0,0,1402.45,215.69,1462.9,320.9,7
13,player,331,0,0,1398.44,216.01,1458.89,321.22,7
13,player,332,0,0,1394.43,216.33,1454.88,321.54,7
13,player,333,0,0,1390.42,216.66,1450.87,321.87,7
13,player,334,0,0,1386.41,216.98,1446.86,322.19,7
13,player,335,0,0,1382.4,217.3,1442.85,322.51,7
13,player,336,0,0,1378.39,217.63,1438.84,322.83,7
13,player,337,0,0,1374.38,217.95,1434.83,323.16,7
13,player,338,0,0,1370.37,218.27,1430.82,323.48,7
13,player,339,0,0,1366.36,218.59,1426.81,323.8,7
13,player,340,0,0,1362.35,218.92,1422.8,324.12,7
13,player,341,0,0,1361.72,219.44,1422.16,324.65,7
13,player,342,0,0,1361.08,219.97,1421.53,325.18,7
13,player,343,0,0,1360.45,220.5,1420.9,325.71,7
13,player,344,0,0,1359.82,221.03,1420.26,326.24,7
13,player,345,0,0,1359.18,221.56,1419.63,326.77,7
13,player,346,0,0,1358.55,222.09,1418.99,327.29,7
13,player,347,0,0,1357.92,222.61,1418.36,327.82,7
13,player,348,0,0,1357.28,223.14,1417.73,328.35,7
13,player,349,0,0,1356.65,223.67,1417.09,328.88,7
13,player,350,0,0,1356.01,224.2,1416.46,329.41,7
13,player,351,0,0,1355.38,224.73,1415.83,329.94,7
13,player,352,0,0,1354.75,225.25,1415.19,330.46,7
13,player,353,0,0,1354.11,225.78,1414.56,330.99,7
13,player,354,0,0,1353.48,226.31,1413.92,331.52,7
13,player,355,0,0,1352.84,226.84,1413.29,332.05,7
13,player,356,0,0,1352.21,227.37,1412.66,332.58,7
13,player,357,0,0,1351.58,227.9,1412.02,333.1,7
13,player,358,0,0,1350.94,228.42,1411.39,333.63,7
13,player,359,0,0,1350.31,228.95,1410.76,334.16,7
13,player,360,0,0,1349.68,229.48,1410.12,334.69,7
13,player,361,0,0,1349.04,230.01,1409.49,335.22,7
13,player,362,0,0,1348.41,230.54,1408.85,335.75,7
13,player,363,0,0,1347.77,231.06,1408.22,336.27,7
13,player,364,0,0,1347.14,231.59,1407.59,336.8,7
13,player,365,0,0,1347.61,231.59,1408.05,336.8,7
13,player,366,0,0,1348.07,231.59,1408.52,336.8,7
13,player,367,0,0,1348.54,231.59,1408.99,336.8,7
13,player,368,0,0,1349.01,231.59,1409.45,336.8,7
13,player,369,0,0,1349.48,231.59,1409.92,336.8,7
13,player,370,0,0,1349.94,231.59,1410.39,336.8,7
13,player,371,0,0,1350.41,231.59,1410.86,336.8,7
13,player,372,0,0,1350.88,231.59,1411.32,336.8,7
13,player,373,0,0,1351.34,231.59,1411.79,336.8,7
13,player,374,0,0,1351.81,231.59,1412.26,336.8,7
13,player,375,0,0,1352.28,231.59,1412.72,336.8,7
13,player,376,0,0,1352.74,231.59,1413.19,336.8,7
13,player,377,0,0,1353.21,231.59,1413.66,336.8,7
13,player,378,0,0,1353.68,231.59,1414.12,336.8,7
13,player,379,0,0,1354.15,231.59,1414.59,336.8,7
13,player,380,0,0,1354.61,231.59,1415.06,336.8,7
13,player,381,0,0,1355.08,231.59,1415.53,336.8,7
13,player,382,0,0,1355.55,231.59,1415.99,336.8,7
13,player,383,0,0,1356.01,231.59,1416.46,336.8,7
13,player,384,0,0,1356.48,231.59,1416.93,336.8,7
13,player,385,0,0,1356.95,231.59,1417.39,336.8,7
13,player,386,0,0,1357.41,231.59,1417.86,336.8,7
13,player,387,0,0,1357.88,231.59,1418.33,336.8,7
13,player,388,0,0,1358.35,231.59,1418.79,336.8,7
13,player,389,0,0,1358.82,231.59,1419.26,336.8,7
13,player,390,0,0,1359.28,231.59,1419.73,336.8,7
13,player,391,0,0,1359.75,231.59,1420.2,336.8,7
13,player,392,0,0,1360.22,231.59,1420.66,336.8,7
13,player,393,0,0,1360.68,231.59,1421.13,336.8,7
13,player,394,0,0,1361.15,231.59,1421.6,336.8,7
13,player,395,0,0,1361.62,231.59,1422.06,336.8,7
13,player,396,0,0,1362.08,231.59,1422.53,336.8,7
13,player,397,0,0,1362.55,231.59,1423.0,336.8,7
13,player,398,0,0,1363.02,231.59,1423.46,336.8,7
13,player,399,0,0,1363.49,231.59,1423.93,336.8,7
13,player,400,0,0,1363.95,231.59,1424.4,336.8,7
13,player,401,0,0,1364.42,231.59,1424.87,336.8,7
13,player,402,0,0,1364.89,231.59,1425.33,336.8,7
13,player,403,0,0,1367.42,232.53,1427.87,337.74,7
13,player,404,0,0,1369.96,233.46,1430.4,338.67,7
13,player,405,0,0,1372.49,234.39,1432.94,339.6,7
13,player,406,0,0,1375.03,235.33,1435.47,340.54,7
13,player,407,0,0,1377.56,236.26,1438.01,341.47,7
13,player,408,0,0,1380.1,237.2,1440.54,342.41,7
13,player,409,0,0,1382.63,238.13,1443.08,343.34,7
13,player,410,0,0,1385.17,239.06,1445.61,344.27,7
13,player,411,0,0,1387.7,240.0,1448.15,345.21,7
13,player,412,0,0,1390.24,240.93,1450.68,346.14,7
13,player,413,0,0,1392.77,241.87,1453.22,347.08,7
13,player,414,0,0,1395.31,242.8,1455.76,348.01,7
13,player,415,0,0,1397.84,243.73,1458.29,348.94,7
13,player,416,0,0,1400.38,244.67,1460.83,349.88,7
13,player,417,0,0,1402.91,245.6,1463.36,350.81,7
13,player,418,0,0,1405.45,246.54,1465.9,351.75,7
13,player,419,0,0,1407.99,247.47,1468.43,352.68,7
13,player,420,0,0,1410.52,248.4,1470.97,353.61,7
13,player,421,0,0,1413.06,249.34,1473.5,354.55,7
13,player,422,0,0,1418.76,249.97,1479.21,355.18,7
13,player,423,0,0,1424.46,250.61,1484.91,355.82,7
13,player,424,0,0,1430.17,251.24,1490.61,356.45,7
13,player,425,0,0,1435.87,251.87,1496.32,357.08,7
13,player,426,0,0,1441.58,252.51,1502.02,357.72,7
13,player,427,0,0,1447.28,253.14,1507.73,358.35,7
13,player,428,0,0,1452.98,253.78,1513.43,358.98,7
13,player,429,0,0,1458.69,254.41,1519.14,359.62,7
13,player,430,0,0,1464.39,255.04,1524.84,360.25,7
13,player,431,0,0,1470.1,255.68,1530.54,360.89,7
13,player,432,0,0,1475.8,256.31,1536.25,361.52,7
13,player,433,0,0,1481.51,256.94,1541.95,362.15,7
13,player,434,0,0,1480.97,256.32,1541.42,361.53,7
13,player,435,0,0,1480.44,255.7,1540.88,360.91,7
13,player,436,0,0,1479.9,255.08,1540.35,360.29,7
13,player,437,0,0,1479.37,254.45,1539.82,359.66,7
13,player,438,0,0,1478.84,253.83,1539.28,359.04,7
13,player,439,0,0,1478.3,253.21,1538.75,358.42,7
13,player,440,0,0,1477.77,252.59,1538.22,357.79,7
13,player,441,0,0,1477.24,251.96,1537.68,357.17,7
13,player,442,0,0,1476.7,251.34,1537.15,356.55,7
13,player,443,0,0,1476.17,250.72,1536.61,355.93,7
13,player,444,0,0,1475.63,250.09,1536.08,355.3,7
13,player,445,0,0,1475.1,249.47,1535.55,354.68,7
13,player,446,0,0,1474.57,248.85,1535.01,354.06,7
13,player,447,0,0,1474.03,248.23,1534.48,353.44,7
13,player,448,0,0,1473.5,247.6,1533.95,352.81,7
13,player,449,0,0,1472.97,246.98,1533.41,352.19,7
13,player,450,0,0,1472.43,246.36,1532.88,351.57,7
13,player,451,0,0,1471.9,245.74,1532.35,350.95,7
13,player,452,0,0,1471.37,245.11,1531.81,350.32,7
13,player,453,0,0,1470.83,244.49,1531.28,349.7,7
13,player,454,0,0,1470.3,243.87,1530.74,349.08,7
13,player,455,0,0,1469.76,243.25,1530.21,348.45,7
13,player,456,0,0,1469.23,242.62,1529.68,347.83,7
13,player,457,0,0,1468.7,242.0,1529.14,347.21,7
13,player,458,0,0,1468.16,241.38,1528.61,346.59,7
13,player,459,0,0,1467.63,240.75,1528.08,345.96,7
13,player,460,0,0,1467.1,240.13,1527.54,345.34,7
13,player,461,0,0,1466.56,239.51,1527.01,344.72,7
13,player,462,0,0,1466.03,238.89,1526.47,344.1,7
13,player,463,0,0,1465.49,238.26,1525.94,343.47,7
13,player,464,0,0,1464.96,237.64,1525.41,342.85,7
13,player,465,0,0,1464.43,237.02,1524.87,342.23,7
13,player,466,0,0,1463.89,236.4,1524.34,341.61,7
13,player,467,0,0,1463.36,235.77,1523.81,340.98,7
13,player,468,0,0,1462.83,235.15,1523.27,340.36,7
13,player,469,0,0,1462.29,234.53,1522.74,339.74,7
13,player,470,0,0,1461.76,233.91,1522.2,339.11,7
13,player,471,0,0,1461.22,233.28,1521.67,338.49,7
13,player,472,0,0,1460.69,232.66,1521.14,337.87,7
13,player,473,0,0,1460.16,232.04,1520.6,337.25,7
13,player,474,0,0,1459.62,231.41,1520.07,336.62,7
13,player,475,0,0,1459.09,230.79,1519.54,336.0,7
13,player,476,0,0,1458.56,230.17,1519.0,335.38,7
13,player,477,0,0,1458.02,229.55,1518.47,334.76,7
13,player,478,0,0,1457.49,228.92,1517.93,334.13,7
13,player,479,0,0,1456.95,228.3,1517.4,333.51,7
13,player,480,0,0,1456.42,227.68,1516.87,332.89,7
13,player,481,0,0,1455.89,227.06,1516.33,332.27,7
13,player,482,0,0,1455.35,226.43,1515.8,331.64,7
13,player,483,0,0,1454.82,225.81,1515.27,331.02,7
13,player,484,0,0,1454.29,225.19,1514.73,330.4,7
13,player,485,0,0,1453.75,224.57,1514.2,329.77,7
13,player,486,0,0,1453.22,223.94,1513.66,329.15,7
13,player,487,0,0,1452.69,223.32,1513.13,328.53,7
13,player,488,0,0,1452.15,222.7,1512.6,327.91,7
13,player,489,0,0,1451.62,222.07,1512.06,327.28,7
13,player,490,0,0,1451.08,221.45,1511.53,326.66,7
13,player,491,0,0,1449.14,221.39,1509.59,326.6,7
13,player,492,0,0,1447.2,221.33,1507.64,326.54,7
13,player,493,0,0,1445.25,221.27,1505.7,326.48,7
13,player,494,0,0,1443.31,221.21,1503.75,326.41,7
13,player,495,0,0,1441.36,221.14,1501.81,326.35,7
13,player,496,0,0,1439.42,221.08,1499.86,326.29,7
13,player,497,0,0,1437.47,221.02,1497.92,326.23,7
13,player,498,0,0,1435.53,220.96,1495.97,326.17,7
13,player,499,0,0,1433.58,220.9,1494.03,326.11,7
13,player,500,0,0,1431.64,220.84,1492.09,326.04,7
13,player,501,0,0,1429.7,220.77,1490.14,325.98,7
13,player,502,0,0,1427.75,220.71,1488.2,325.92,7
13,player,503,0,0,1425.81,220.65,1486.25,325.86,7
13,player,504,0,0,1423.86,220.59,1484.31,325.8,7
13,player,505,0,0,1421.92,220.53,1482.36,325.74,7
13,player,506,0,0,1419.97,220.47,1480.42,325.67,7
13,player,507,0,0,1418.03,220.4,1478.48,325.61,7
13,player,508,0,0,1416.08,220.34,1476.53,325.55,7
13,player,509,0,0,1414.14,220.28,1474.59,325.49,7
13,player,510,0,0,1412.2,220.22,1472.64,325.43,7
13,player,511,0,0,1410.25,220.16,1470.7,325.37,7
13,player,512,0,0,1408.31,220.1,1468.75,325.3,7
13,player,513,0,0,1406.36,220.03,1466.81,325.24,7
13,player,514,0,0,1404.42,219.97,1464.86,325.18,7
13,player,515,0,0,1402.47,219.91,1462.92,325.12,7
13,player,516,0,0,1400.53,219.85,1460.98,325.06,7
13,player,517,0,0,1398.59,219.79,1459.03,325.0,7
13,player,518,0,0,1396.64,219.73,1457.09,324.93,7
13,player,519,0,0,1394.7,219.66,1455.14,324.87,7
13,player,520,0,0,1392.32,219.43,1452.77,324.64,7
13,player,521,0,0,1389.94,219.19,1450.39,324.4,7
13,player,522,0,0,1387.57,218.95,1448.02,324.16,7
13,player,523,0,0,1385.19,218.71,1445.64,323.92,7
13,player,524,0,0,1382.82,218.48,1443.26,323.69,7
13,player,525,0,0,1380.44,218.24,1440.89,323.45,7
13,player,526,0,0,1378.07,218.0,1438.51,323.21,7
13,player,527,0,0,1375.69,217.76,1436.14,322.97,7
13,player,528,0,0,1373.32,217.53,1433.76,322.74,7
13,player,529,0,0,1370.94,217.29,1431.39,322.5,7
13,player,530,0,0,1368.56,217.05,1429.01,322.26,7
13,player,531,0,0,1366.19,216.81,1426.63,322.02,7
13,player,532,0,0,1363.81,216.58,1424.26,321.79,7
13,player,533,0,0,1361.44,216.34,1421.88,321.55,7
13,player,534,0,0,1359.06,216.1,1419.51,321.31,7
13,player,535,0,0,1356.69,215.86,1417.13,321.07,7
13,player,536,0,0,1354.31,215.63,1414.76,320.84,7
13,player,537,0,0,1351.93,215.39,1412.38,320.6,7
13,player,538,0,0,1348.01,216.46,1408.46,321.67,7
13,player,539,0,0,1344.1,217.53,1404.54,322.74,7
13,player,540,0,0,1340.18,218.6,1400.62,323.8,7
13,player,541,0,0,1336.26,219.66,1396.7,324.87,7
13,player,542,0,0,1332.34,220.73,1392.78,325.94,7
13,player,543,0,0,1328.42,221.8,1388.86,327.01,7
13,player,544,0,0,1321.65,221.9,1382.1,327.11,7
13,player,545,0,0,1314.89,222.0,1375.34,327.21,7
13,player,546,0,0,1308.13,222.1,1368.58,327.31,7
13,player,547,0,0,1301.37,222.2,1361.81,327.41,7
13,player,548,0,0,1294.6,222.3,1355.05,327.51,7
13,player,549,0,0,1287.84,222.4,1348.29,327.61,7
13,player,550,0,0,1281.08,222.5,1341.53,327.71,7
13,player,551,0,0,1274.32,222.6,1334.76,327.81,7
13,player,552,0,0,1267.56,222.7,1328.0,327.91,7
13,player,553,0,0,1260.79,222.8,1321.24,328.01,7
13,player,554,0,0,1254.03,222.9,1314.48,328.11,7
13,player,555,0,0,1247.27,223.0,1307.71,328.2,7
13,player,556,0,0,1240.51,223.1,1300.95,328.3,7
13,player,557,0,0,1233.74,223.19,1294.19,328.4,7
13,player,558,0,0,1226.98,223.29,1287.43,328.5,7
13,player,559,0,0,1220.22,223.39,1280.67,328.6,7
13,player,560,0,0,1213.46,223.49,1273.9,328.7,7
13,player,561,0,0,1206.69,223.59,1267.14,328.8,7
13,player,562,0,0,1199.93,223.69,1260.38,328.9,7
13,player,563,0,0,1193.17,223.79,1253.62,329.0,7
13,player,564,0,0,1186.41,223.89,1246.85,329.1,7
13,player,565,0,0,1179.65,223.99,1240.09,329.2,7
13,player,566,0,0,1172.88,224.09,1233.33,329.3,7
13,player,567,0,0,1166.12,224.19,1226.57,329.4,7
13,player,568,0,0,1159.36,224.29,1219.8,329.5,7
13,player,569,0,0,1152.6,224.39,1213.04,329.6,7
13,player,570,0,0,1145.83,224.49,1206.28,329.7,7
13,player,571,0,0,1139.07,224.59,1199.52,329.8,7
13,player,572,0,0,1132.31,224.69,1192.76,329.9,7
13,player,573,0,0,1125.55,224.79,1185.99,329.99,7
13,player,574,0,0,1118.78,224.88,1179.23,330.09,7
13,player,575,0,0,1112.02,224.98,1172.47,330.19,7
13,player,576,0,0,1105.26,225.08,1165.71,330.29,7
13,player,577,0,0,1098.5,225.18,1158.94,330.39,7
13,player,578,0,0,1091.74,225.28,1152.18,330.49,7
13,player,579,0,0,1084.97,225.38,1145.42,330.59,7
13,player,580,0,0,1078.21,225.48,1138.66,330.69,7
13,player,581,0,0,1071.45,225.58,1131.89,330.79,7
13,player,582,0,0,1064.69,225.68,1125.13,330.89,7
13,player,583,0,0,1057.92,225.78,1118.37,330.99,7
13,player,584,0,0,1051.16,225.88,1111.61,331.09,7
13,player,585,0,0,1044.4,225.98,1104.85,331.19,7
13,player,586,0,0,1037.64,226.08,1098.08,331.29,7
13,player,587,0,0,1038.03,225.93,1098.47,331.14,7
13,player,588,0,0,1038.42,225.78,1098.86,330.99,7
13,player,589,0,0,1038.81,225.63,1099.25,330.84,7
13,player,590,0,0,1039.2,225.48,1099.64,330.69,7
13,player,591,0,0,1039.59,225.33,1100.03,330.54,7
13,player,592,0,0,1039.98,225.19,1100.43,330.39,7
13,player,593,0,0,1040.37,225.04,1100.82,330.25,7
13,player,594,0,0,1040.76,224.89,1101.21,330.1,7
13,player,595,0,0,1041.15,224.74,1101.6,329.95,7
13,player,596,0,0,1041.54,224.59,1101.99,329.8,7
13,player,597,0,0,1041.93,224.44,1102.38,329.65,7
13,player,598,0,0,1042.32,224.29,1102.77,329.5,7
13,player,599,0,0,1042.71,224.14,1103.16,329.35,7
13,player,600,0,0,1043.1,224.0,1103.55,329.2,7
13,player,601,0,0,1043.49,223.85,1103.94,329.06,7
13,player,602,0,0,1043.88,223.7,1104.33,328.91,7
13,player,603,0,0,1044.27,223.55,1104.72,328.76,7
13,player,604,0,0,1044.66,223.4,1105.11,328.61,7
13,player,605,0,0,1045.05,223.25,1105.5,328.46,7
13,player,606,0,0,1045.45,223.1,1105.89,328.31,7
13,player,607,0,0,1045.84,222.95,1106.28,328.16,7
13,player,608,0,0,1046.23,222.81,1106.67,328.01,7
13,player,609,0,0,1046.62,222.66,1107.06,327.87,7
13,player,610,0,0,1047.01,222.51,1107.45,327.72,7
13,player,611,0,0,1047.4,222.36,1107.84,327.57,7
13,player,612,0,0,1047.79,222.21,1108.23,327.42,7
13,player,613,0,0,1048.18,222.06,1108.62,327.27,7
13,player,614,0,0,1048.57,221.91,1109.01,327.12,7
13,player,615,0,0,1048.96,221.76,1109.41,326.97,7
13,player,616,0,0,1049.35,221.62,1109.8,326.83,7
13,player,617,0,0,1049.74,221.47,1110.19,326.68,7
13,player,618,0,0,1050.13,221.32,1110.58,326.53,7
13,player,619,0,0,1050.52,221.17,1110.97,326.38,7
13,player,620,0,0,1050.91,221.02,1111.36,326.23,7
13,player,621,0,0,1051.3,220.87,1111.75,326.08,7
13,player,622,0,0,1051.69,220.72,1112.14,325.93,7
13,player,623,0,0,1052.08,220.57,1112.53,325.78,7
13,player,624,0,0,1052.47,220.43,1112.92,325.64,7
13,player,625,0,0,1052.86,220.28,1113.31,325.49,7
13,player,626,0,0,1053.25,220.13,1113.7,325.34,7
13,player,627,0,0,1053.64,219.98,1114.09,325.19,7
13,player,628,0,0,1054.03,219.83,1114.48,325.04,7
13,player,629,0,0,1054.43,219.68,1114.87,324.89,7
13,player,630,0,0,1054.82,219.53,1115.26,324.74,7
13,player,631,0,0,1055.21,219.39,1115.65,324.59,7
13,player,632,0,0,1055.6,219.24,1116.04,324.45,7
13,player,633,0,0,1055.99,219.09,1116.43,324.3,7
13,player,634,0,0,1056.38,218.94,1116.82,324.15,7
13,player,635,0,0,1056.77,218.79,1117.21,324.0,7
13,player,636,0,0,1057.16,218.64,1117.6,323.85,7
13,player,637,0,0,1057.55,218.49,1117.99,323.7,7
13,player,638,0,0,1057.94,218.34,1118.39,323.55,7
13,player,639,0,0,1058.33,218.2,1118.78,323.4,7
13,player,640,0,0,1058.72,218.05,1119.17,323.26,7
13,player,641,0,0,1059.11,217.9,1119.56,323.11,7
13,player,642,0,0,1059.5,217.75,1119.95,322.96,7
13,player,643,0,0,1059.89,217.6,1120.34,322.81,7
13,player,644,0,0,1060.28,217.45,1120.73,322.66,7
13,player,645,0,0,1060.67,217.3,1121.12,322.51,7
13,player,646,0,0,1061.06,217.15,1121.51,322.36,7
13,player,647,0,0,1061.45,217.01,1121.9,322.21,7
13,player,648,0,0,1061.84,216.86,1122.29,322.07,7
13,player,649,0,0,1062.23,216.71,1122.68,321.92,7
13,player,650,0,0,1062.62,216.56,1123.07,321.77,7
13,player,651,0,0,1063.01,216.41,1123.46,321.62,7
13,player,652,0,0,1063.41,216.26,1123.85,321.47,7
13,player,653,0,0,1063.8,216.11,1124.24,321.32,7
13,player,654,0,0,1064.19,215.96,1124.63,321.17,7
13,player,655,0,0,1064.58,215.82,1125.02,321.02,7
13,player,656,0,0,1064.97,215.67,1125.41,320.88,7
13,player,657,0,0,1065.36,215.52,1125.8,320.73,7
13,player,658,0,0,1065.75,215.37,1126.19,320.58,7
13,player,659,0,0,1066.14,215.22,1126.58,320.43,7
13,player,660,0,0,1066.53,215.07,1126.97,320.28,7
13,player,661,0,0,1066.92,214.92,1127.37,320.13,7
13,player,662,0,0,1067.31,214.77,1127.76,319.98,7
13,player,663,0,0,1067.7,214.63,1128.15,319.83,7
13,player,664,0,0,1068.09,214.48,1128.54,319.69,7
13,player,665,0,0,1068.48,214.33,1128.93,319.54,7
13,player,666,0,0,1068.87,214.18,1129.32,319.39,7
13,player,667,0,0,1069.26,214.03,1129.71,319.24,7
13,player,668,0,0,1069.65,213.88,1130.1,319.09,7
13,player,669,0,0,1070.04,213.73,1130.49,318.94,7
13,player,670,0,0,1070.43,213.58,1130.88,318.79,7
13,player,671,0,0,1070.82,213.44,1131.27,318.64,7
13,player,672,0,0,1071.21,213.29,1131.66,318.5,7
13,player,673,0,0,1071.6,213.14,1132.05,318.35,7
13,player,674,0,0,1071.99,212.99,1132.44,318.2,7
13,player,675,0,0,1072.38,212.84,1132.83,318.05,7
13,player,676,0,0,1072.78,212.69,1133.22,317.9,7
13,player,677,0,0,1073.17,212.54,1133.61,317.75,7
13,player,678,0,0,1073.56,212.39,1134.0,317.6,7
13,player,679,0,0,1073.95,212.25,1134.39,317.45,7
13,player,680,0,0,1074.34,212.1,1134.78,317.31,7
13,player,681,0,0,1074.73,211.95,1135.17,317.16,7
13,player,682,0,0,1075.12,211.8,1135.56,317.01,7
13,player,683,0,0,1075.51,211.65,1135.95,316.86,7
13,player,684,0,0,1075.9,211.5,1136.34,316.71,7
13,player,685,0,0,1076.29,211.35,1136.74,316.56,7
13,player,686,0,0,1076.68,211.2,1137.13,316.41,7
13,player,687,0,0,1077.07,211.06,1137.52,316.26,7
13,player,688,0,0,1077.46,210.91,1137.91,316.12,7
13,player,689,0,0,1077.85,210.76,1138.3,315.97,7
13,player,690,0,0,1078.24,210.61,1138.69,315.82,7
13,player,691,0,0,1078.63,210.46,1139.08,315.67,7
13,player,692,0,0,1079.02,210.31,1139.47,315.52,7
13,player,693,0,0,1079.41,210.16,1139.86,315.37,7
13,player,694,0,0,1079.8,210.01,1140.25,315.22,7
13,player,695,0,0,1080.19,209.87,1140.64,315.08,7
13,player,696,0,0,1080.58,209.72,1141.03,314.93,7
13,player,697,0,0,1080.97,209.57,1141.42,314.78,7
13,player,698,0,0,1081.36,209.42,1141.81,314.63,7
13,player,699,0,0,1081.76,209.27,1142.2,314.48,7
13,player,700,0,0,1082.15,209.12,1142.59,314.33,7
13,player,701,0,0,1082.54,208.97,1142.98,314.18,7
13,player,702,0,0,1079.15,208.44,1139.6,313.65,7
13,player,703,0,0,1075.77,207.9,1136.21,313.11,7
13,player,704,0,0,1072.38,207.37,1132.83,312.58,7
13,player,705,0,0,1068.99,206.84,1129.44,312.04,7
13,player,706,0,0,1065.61,206.3,1126.06,311.51,7
13,player,707,0,0,1062.22,205.77,1122.67,310.98,7
13,player,708,0,0,1058.84,205.23,1119.28,310.44,7
13,player,709,0,0,1055.45,204.7,1115.9,309.91,7
13,player,710,0,0,1052.07,204.16,1112.51,309.37,7
13,player,711,0,0,1048.68,203.63,1109.13,308.84,7
13,player,712,0,0,1045.3,203.09,1105.74,308.3,7
13,player,713,0,0,1041.91,202.56,1102.36,307.77,7
13,player,714,0,0,1039.56,202.99,1100.01,308.2,7
13,player,715,0,0,1037.21,203.41,1097.65,308.62,7
13,player,716,0,0,1034.86,203.84,1095.3,309.05,7
13,player,717,0,0,1032.5,204.27,1092.95,309.48,7
13,player,718,0,0,1030.15,204.7,1090.6,309.91,7
13,player,719,0,0,1027.8,205.13,1088.25,310.33,7
13,player,720,0,0,1025.45,205.55,1085.89,310.76,7
13,player,721,0,0,1023.1,205.98,1083.54,311.19,7
13,player,722,0,0,1020.74,206.41,1081.19,311.62,7
13,player,723,0,0,1018.39,206.84,1078.84,312.04,7
13,player,724,0,0,1017.07,206.84,1077.52,312.04,7
13,player,725,0,0,1015.75,206.84,1076.2,312.04,7
13,player,726,0,0,1014.43,206.84,1074.88,312.04,7
13,player,727,0,0,1013.12,206.84,1073.56,312.04,7
13,player,728,0,0,1011.8,206.84,1072.24,312.04,7
13,player,729,0,0,1010.48,206.84,1070.92,312.04,7
13,player,730,0,0,1009.16,206.84,1069.6,312.04,7
13,player,731,0,0,1007.84,206.84,1068.28,312.04,7
13,player,732,0,0,1006.52,206.84,1066.97,312.04,7
13,player,733,0,0,1005.2,206.84,1065.65,312.04,7
13,player,734,0,0,1003.88,206.84,1064.33,312.04,7
13,player,735,0,0,1002.56,206.84,1063.01,312.04,7
13,player,736,0,0,1001.24,206.84,1061.69,312.04,7
13,player,737,0,0,999.92,206.84,1060.37,312.04,7
13,player,738,0,0,998.6,206.84,1059.05,312.04,7
13,player,739,0,0,997.28,206.84,1057.73,312.04,7
13,player,740,0,0,995.97,206.84,1056.41,312.04,7
13,player,741,0,0,994.65,206.84,1055.09,312.04,7
13,player,742,0,0,993.33,206.84,1053.77,312.04,7
13,player,743,0,0,992.01,206.84,1052.45,312.04,7
13,player,744,0,0,990.69,206.84,1051.13,312.04,7
13,player,745,0,0,989.37,206.84,1049.82,312.04,7
13,player,746,0,0,988.05,206.84,1048.5,312.04,7
13,player,747,0,0,986.73,206.84,1047.18,312.04,7
13,player,748,0,0,985.41,206.84,1045.86,312.04,7
13,player,749,0,0,984.09,206.84,1044.54,312.04,7
13,player,750,0,0,982.77,206.84,1043.22,312.04,7
13,player,751,0,0,981.45,206.84,1041.9,312.04,7
13,player,752,0,0,980.13,206.84,1040.58,312.04,7
13,player,753,0,0,978.82,206.84,1039.26,312.04,7
13,player,754,0,0,977.5,206.84,1037.94,312.04,7
13,player,755,0,0,976.18,206.84,1036.62,312.04,7
13,player,756,0,0,974.86,206.84,1035.3,312.04,7
13,player,757,0,0,973.54,206.84,1033.98,312.04,7
13,player,758,0,0,972.22,206.84,1032.67,312.04,7
13,player,759,0,0,970.9,206.84,1031.35,312.04,7
13,player,760,0,0,969.58,206.84,1030.03,312.04,7
13,player,761,0,0,968.26,206.84,1028.71,312.04,7
13,player,762,0,0,966.94,206.84,1027.39,312.04,7
13,player,763,0,0,965.62,206.84,1026.07,312.04,7
13,player,764,0,0,964.3,206.84,1024.75,312.04,7
13,player,765,0,0,962.98,206.84,1023.43,312.04,7
13,player,766,0,0,961.67,206.84,1022.11,312.04,7
13,player,767,0,0,960.35,206.84,1020.79,312.04,7
13,player,768,0,0,959.03,206.84,1019.47,312.04,7
13,player,769,0,0,957.71,206.84,1018.15,312.04,7
13,player,770,0,0,956.39,206.84,1016.83,312.04,7
13,player,771,0,0,958.53,207.12,1018.97,312.33,7
13,player,772,0,0,960.66,207.41,1021.11,312.62,7
13,player,773,0,0,962.8,207.69,1023.25,312.9,7
13,player,774,0,0,964.94,207.98,1025.39,313.19,7
13,player,775,0,0,967.08,208.26,1027.53,313.47,7
13,player,776,0,0,969.22,208.55,1029.66,313.76,7
13,player,777,0,0,971.36,208.83,1031.8,314.04,7
13,player,778,0,0,973.49,209.12,1033.94,314.33,7
13,player,779,0,0,975.63,209.4,1036.08,314.61,7
13,player,780,0,0,977.77,209.69,1038.22,314.9,7
13,player,781,0,0,979.91,209.97,1040.35,315.18,7
13,player,782,0,0,982.05,210.26,1042.49,315.47,7
13,player,783,0,0,984.18,210.54,1044.63,315.75,7
13,player,784,0,0,986.32,210.83,1046.77,316.04,7
13,player,785,0,0,988.46,211.11,1048.91,316.32,7
13,player,786,0,0,997.1,210.64,1057.54,315.85,7
13,player,787,0,0,1005.74,210.17,1066.18,315.38,7
13,player,788,0,0,1014.37,209.7,1074.82,314.91,7
13,player,789,0,0,1023.01,209.23,1083.46,314.44,7
13,player,790,0,0,1031.65,208.76,1092.1,313.97,7
13,player,791,0,0,1040.29,208.29,1100.73,313.5,7
13,player,792,0,0,1048.93,207.82,1109.37,313.03,7
13,player,793,0,0,1057.56,207.35,1118.01,312.56,7
13,player,794,0,0,1066.2,206.88,1126.65,312.09,7
13,player,795,0,0,1074.84,206.41,1135.28,311.62,7
13,player,796,0,0,1083.48,205.94,1143.92,311.15,7
13,player,797,0,0,1092.11,205.47,1152.56,310.68,7
13,player,798,0,0,1100.75,205.0,1161.2,310.21,7
13,player,799,0,0,1109.39,204.53,1169.84,309.74,7
13,player,800,0,0,1118.03,204.06,1178.47,309.27,7
13,player,801,0,0,1126.67,203.59,1187.11,308.8,7
13,player,802,0,0,1135.3,203.12,1195.75,308.32,7
13,player,803,0,0,1143.94,202.65,1204.39,307.85,7
13,player,804,0,0,1152.58,202.18,1213.03,307.38,7
13,player,805,0,0,1161.22,201.7,1221.66,306.91,7
13,player,806,0,0,1169.86,201.23,1230.3,306.44,7
13,player,807,0,0,1178.49,200.76,1238.94,305.97,7
13,player,808,0,0,1187.13,200.29,1247.58,305.5,7
13,player,809,0,0,1195.77,199.82,1256.21,305.03,7
13,player,810,0,0,1204.41,199.35,1264.85,304.56,7
13,player,811,0,0,1213.04,198.88,1273.49,304.09,7
13,player,812,0,0,1221.68,198.41,1282.13,303.62,7
13,player,813,0,0,1230.32,197.94,1290.77,303.15,7
13,player,814,0,0,1238.96,197.47,1299.4,302.68,7
13,player,815,0,0,1247.6,197.0,1308.04,302.21,7
13,player,816,0,0,1256.23,196.53,1316.68,301.74,7
13,player,817,0,0,1264.87,196.06,1325.32,301.27,7
13,player,818,0,0,1273.51,195.59,1333.96,300.8,7
13,player,819,0,0,1282.15,195.12,1342.59,300.33,7
13,player,820,0,0,1290.79,194.65,1351.23,299.86,7
13,player,821,0,0,1299.42,194.18,1359.87,299.39,7
13,player,822,0,0,1308.06,193.71,1368.51,298.92,7
13,player,823,0,0,1316.7,193.24,1377.15,298.45,7
13,player,824,0,0,1325.34,192.77,1385.78,297.98,7
13,player,825,0,0,1333.97,192.3,1394.42,297.51,7
13,player,826,0,0,1342.61,191.83,1403.06,297.04,7
13,player,827,0,0,1351.25,191.36,1411.7,296.57,7
13,player,828,0,0,1359.89,190.89,1420.33,296.1,7
13,player,829,0,0,1368.53,190.42,1428.97,295.62,7
13,player,830,0,0,1377.16,189.95,1437.61,295.15,7
13,player,831,0,0,1385.8,189.48,1446.25,294.68,7
13,player,832,0,0,1394.44,189.0,1454.89,294.21,7
13,player,833,0,0,1403.08,188.53,1463.52,293.74,7
13,player,834,0,0,1411.72,188.06,1472.16,293.27,7
13,player,835,0,0,1420.35,187.59,1480.8,292.8,7
13,player,836,0,0,1429.92,186.47,1490.36,291.68,7
13,player,837,0,0,1439.48,185.34,1499.93,290.55,7
13,player,838,0,0,1449.05,184.22,1509.49,289.43,7
13,player,839,0,0,1458.61,183.09,1519.06,288.3,7
13,player,840,0,0,1468.18,181.97,1528.63,287.18,7
13,player,841,0,0,1477.74,180.84,1538.19,286.05,7
13,player,842,0,0,1487.31,179.72,1547.76,284.93,7
13,player,843,0,0,1496.87,178.59,1557.32,283.8,7
13,player,844,0,0,1506.44,177.47,1566.89,282.67,7
13,player,845,0,0,1516.0,176.34,1576.45,281.55,7
13,player,846,0,0,1525.57,175.22,1586.02,280.42,7
13,player,847,0,0,1535.13,174.09,1595.58,279.3,7
13,player,848,0,0,1544.7,172.96,1605.15,278.17,7
13,player,849,0,0,1554.27,171.84,1614.71,277.05,7
13,player,850,0,0,1563.83,170.71,1624.28,275.92,7
13,player,851,0,0,1573.4,169.59,1633.84,274.8,7
13,player,852,0,0,1582.96,168.46,1643.41,273.67,7
13,player,853,0,0,1592.53,167.34,1652.97,272.55,7
13,player,854,0,0,1602.09,166.21,1662.54,271.42,7
13,player,855,0,0,1605.15,165.91,1665.59,271.12,7
13,player,856,0,0,1608.2,165.6,1668.65,270.81,7
13,player,857,0,0,1611.25,165.3,1671.7,270.51,7
13,player,858,0,0,1614.31,164.99,1674.75,270.2,7
13,player,859,0,0,1617.36,164.69,1677.81,269.89,7
13,player,860,0,0,1620.42,164.38,1680.86,269.59,7
13,player,861,0,0,1623.47,164.08,1683.92,269.28,7
13,player,862,0,0,1626.53,163.77,1686.97,268.98,7
13,player,863,0,0,1629.58,163.46,1690.03,268.67,7
13,player,864,0,0,1632.63,163.16,1693.08,268.37,7
13,player,865,0,0,1635.69,162.85,1696.14,268.06,7
13,player,866,0,0,1638.74,162.55,1699.19,267.76,7
13,player,867,0,0,1641.8,162.24,1702.24,267.45,7
13,player,868,0,0,1644.85,161.94,1705.3,267.15,7
13,player,869,0,0,1646.19,161.94,1706.63,267.15,7
13,player,870,0,0,1647.53,161.94,1707.97,267.15,7
13,player,871,0,0,1648.86,161.94,1709.31,267.15,7
13,player,872,0,0,1650.2,161.94,1710.64,267.15,7
13,player,873,0,0,1651.53,161.94,1711.98,267.15,7
13,player,874,0,0,1652.87,161.94,1713.32,267.15,7
13,player,875,0,0,1654.21,161.94,1714.65,267.15,7
13,player,876,0,0,1655.54,161.94,1715.99,267.15,7
13,player,877,0,0,1655.54,161.94,1715.99,267.15,7
13,player,878,0,0,1655.54,161.94,1715.99,267.15,7
13,player,879,0,0,1655.54,161.94,1715.99,267.15,7
13,player,880,0,0,1655.54,161.94,1715.99,267.15,7
13,player,881,0,0,1655.54,161.94,1715.99,267.15,7
13,player,882,0,0,1655.54,161.94,1715.99,267.15,7
13,player,883,0,0,1655.54,161.94,1715.99,267.15,7
13,player,884,0,0,1655.54,161.94,1715.99,267.15,7
13,player,885,0,0,1655.54,161.94,1715.99,267.15,7
13,player,886,0,0,1655.54,161.94,1715.99,267.15,7
13,player,887,0,0,1655.54,161.94,1715.99,267.15,7
13,player,888,0,0,1655.54,161.94,1715.99,267.15,7
13,player,889,0,0,1655.54,161.94,1715.99,267.15,7
13,player,890,0,0,1655.54,161.94,1715.99,267.15,7
13,player,891,0,0,1655.54,161.94,1715.99,267.15,7
13,player,892,0,0,1655.54,161.94,1715.99,267.15,7
13,player,893,0,0,1655.54,161.94,1715.99,267.15,7
13,player,894,0,0,1655.54,161.94,1715.99,267.15,7
13,player,895,0,0,1655.54,161.94,1715.99,267.15,7
13,player,896,0,0,1655.54,161.94,1715.99,267.15,7
13,player,897,0,0,1655.54,161.94,1715.99,267.15,7
13,player,898,0,0,1655.54,161.94,1715.99,267.15,7
13,player,899,0,0,1655.54,161.94,1715.99,267.15,7
14,player,18,0,0,1538.69,302.02,1614.91,436.11,23
14,player,19,0,0,1530.81,300.61,1607.03,434.7,23
14,player,20,0,0,1522.92,299.2,1599.14,433.3,23
14,player,21,0,0,1515.03,297.79,1591.25,431.89,23
14,player,22,0,0,1507.14,296.38,1583.36,430.48,23
14,player,23,0,0,1499.26,294.97,1575.48,429.07,23
14,player,24,0,0,1491.37,293.57,1567.59,427.66,23
14,player,25,0,0,1483.48,292.16,1559.7,426.25,23
14,player,26,0,0,1475.6,290.75,1551.81,424.85,23
14,player,27,0,0,1467.71,289.34,1543.93,423.44,23
14,player,28,0,0,1463.91,288.92,1540.12,423.01,23
14,player,29,0,0,1460.1,288.49,1536.32,422.59,23
14,player,30,0,0,1456.3,288.07,1532.52,422.17,23
14,player,31,0,0,1452.5,287.65,1528.72,421.75,23
14,player,32,0,0,1448.69,287.23,1524.91,421.32,23
14,player,33,0,0,1444.89,286.8,1521.11,420.9,23
14,player,34,0,0,1441.51,286.8,1517.73,420.9,23
14,player,35,0,0,1438.13,286.8,1514.35,420.9,23
14,player,36,0,0,1434.75,286.8,1510.97,420.9,23
14,player,37,0,0,1431.37,286.8,1507.59,420.9,23
14,player,38,0,0,1427.99,286.8,1504.21,420.9,23
14,player,39,0,0,1424.61,286.8,1500.83,420.9,23
14,player,40,0,0,1421.23,286.8,1497.45,420.9,23
14,player,41,0,0,1417.85,286.8,1494.07,420.9,23
14,player,42,0,0,1414.47,286.8,1490.69,420.9,23
14,player,43,0,0,1411.09,286.8,1487.31,420.9,23
14,player,44,0,0,1407.71,286.8,1483.93,420.9,23
14,player,45,0,0,1404.33,286.8,1480.55,420.9,23
14,player,46,0,0,1400.95,286.8,1477.17,420.9,23
14,player,47,0,0,1397.57,286.8,1473.79,420.9,23
14,player,48,0,0,1394.19,286.8,1470.4,420.9,23
14,player,49,0,0,1395.68,286.11,1471.9,420.21,23
14,player,50,0,0,1397.18,285.42,1473.4,419.52,23
14,player,51,0,0,1398.68,284.73,1474.9,418.83,23
14,player,52,0,0,1400.18,284.04,1476.4,418.14,23
14,player,53,0,0,1401.68,283.35,1477.9,417.45,23
14,player,54,0,0,1403.17,282.66,1479.39,416.75,23
14,player,55,0,0,1404.67,281.96,1480.89,416.06,23
14,player,56,0,0,1406.17,281.27,1482.39,415.37,23
14,player,57,0,0,1407.67,280.58,1483.89,414.68,23
14,player,58,0,0,1409.17,279.89,1485.39,413.99,23
14,player,59,0,0,1410.67,279.2,1486.88,413.3,23
14,player,60,0,0,1412.16,278.51,1488.38,412.61,23
14,player,61,0,0,1413.66,277.82,1489.88,411.91,23
14,player,62,0,0,1415.16,277.12,1491.38,411.22,23
14,player,63,0,0,1416.66,276.43,1492.88,410.53,23
14,player,64,0,0,1418.16,275.74,1494.37,409.84,23
14,player,65,0,0,1419.65,275.05,1495.87,409.15,23
14,player,66,0,0,1421.15,274.36,1497.37,408.46,23
14,player,67,0,0,1422.65,273.67,1498.87,407.77,23
14,player,68,0,0,1424.15,272.98,1500.37,407.07,23
14,player,69,0,0,1425.65,272.29,1501.86,406.38,23
14,player,70,0,0,1427.14,271.59,1503.36,405.69,23
14,player,71,0,0,1432.91,271.13,1509.12,405.23,23
14,player,72,0,0,1438.67,270.67,1514.89,404.77,23
14,player,73,0,0,1444.43,270.21,1520.65,404.31,23
14,player,74,0,0,1450.19,269.75,1526.41,403.85,23
14,player,75,0,0,1455.95,269.29,1532.17,403.39,23
14,player,76,0,0,1461.71,268.83,1537.93,402.93,23
14,player,77,0,0,1467.48,268.37,1543.69,402.46,23
14,player,78,0,0,1473.24,267.91,1549.46,402.0,23
14,player,79,0,0,1479.0,267.45,1555.22,401.54,23
14,player,80,0,0,1484.76,266.98,1560.98,401.08,23
14,player,81,0,0,1490.52,266.52,1566.74,400.62,23
14,player,82,0,0,1494.58,266.52,1570.8,400.62,23
14,player,83,0,0,1498.64,266.52,1574.85,400.62,23
14,player,84,0,0,1502.69,266.52,1578.91,400.62,23
14,player,85,0,0,1506.75,266.52,1582.97,400.62,23
14,player,86,0,0,1510.8,266.52,1587.02,400.62,23
14,player,87,0,0,1514.9,266.81,1591.12,400.91,23
14,player,88,0,0,1518.99,267.09,1595.21,401.19,23
14,player,89,0,0,1523.09,267.38,1599.31,401.47,23
14,player,90,0,0,1527.18,267.66,1603.4,401.76,23
14,player,91,0,0,1531.28,267.95,1607.5,402.04,23
14,player,92,0,0,1535.37,268.23,1611.59,402.33,23
14,player,93,0,0,1539.47,268.52,1615.68,402.61,23
14,player,94,0,0,1543.56,268.8,1619.78,402.9,23
14,player,95,0,0,1547.66,269.09,1623.87,403.18,23
14,player,96,0,0,1551.75,269.37,1627.97,403.47,23
14,player,97,0,0,1555.84,269.65,1632.06,403.75,23
14,player,98,0,0,1559.94,269.94,1636.16,404.04,23
14,player,99,0,0,1564.03,270.22,1640.25,404.32,23
14,player,100,0,0,1568.13,270.51,1644.35,404.61,23
14,player,101,0,0,1572.22,270.79,1648.44,404.89,23
14,player,102,0,0,1576.32,271.08,1652.54,405.18,23
14,player,103,0,0,1580.41,271.36,1656.63,405.46,23
14,player,104,0,0,1584.51,271.65,1660.72,405.74,23
14,player,105,0,0,1588.6,271.93,1664.82,406.03,23
14,player,106,0,0,1592.7,272.22,1668.91,406.31,23
14,player,107,0,0,1596.79,272.5,1673.01,406.6,23
14,player,108,0,0,1600.88,272.79,1677.1,406.88,23
14,player,109,0,0,1605.32,272.36,1681.54,406.46,23
14,player,110,0,0,1609.76,271.94,1685.98,406.04,23
14,player,111,0,0,1614.19,271.52,1690.41,405.62,23
14,player,112,0,0,1618.63,271.1,1694.85,405.19,23
14,player,113,0,0,1623.07,270.67,1699.29,404.77,23
14,player,114,0,0,1627.5,270.25,1703.72,404.35,23
14,player,115,0,0,1631.94,269.83,1708.16,403.93,23
14,player,116,0,0,1636.38,269.4,1712.6,403.5,23
14,player,117,0,0,1640.81,268.98,1717.03,403.08,23
14,player,118,0,0,1645.25,268.56,1721.47,402.66,23
14,player,119,0,0,1649.69,268.14,1725.91,402.24,23
14,player,120,0,0,1654.12,267.71,1730.34,401.81,23
14,player,121,0,0,1654.79,266.38,1731.01,400.48,23
14,player,122,0,0,1655.46,265.05,1731.68,399.14,23
14,player,123,0,0,1656.13,263.71,1732.34,397.81,23
14,player,124,0,0,1656.79,262.38,1733.01,396.48,23
14,player,125,0,0,1657.46,261.04,1733.68,395.14,23
14,player,126,0,0,1658.13,259.71,1734.35,393.81,23
14,player,127,0,0,1658.79,258.37,1735.01,392.47,23
14,player,128,0,0,1659.46,257.04,1735.68,391.14,23
14,player,129,0,0,1660.13,255.71,1736.35,389.8,23
14,player,130,0,0,1660.8,254.37,1737.01,388.47,23
14,player,131,0,0,1661.46,253.04,1737.68,387.13,23
14,player,132,0,0,1662.13,251.7,1738.35,385.8,23
14,player,133,0,0,1662.8,250.37,1739.02,384.47,23
14,player,134,0,0,1663.46,249.03,1739.68,383.13,23
14,player,135,0,0,1664.13,247.7,1740.35,381.8,23
14,player,136,0,0,1664.8,246.37,1741.02,380.46,23
14,player,137,0,0,1665.47,245.03,1741.68,379.13,23
14,player,138,0,0,1666.13,243.7,1742.35,377.79,23
14,player,139,0,0,1666.8,242.36,1743.02,376.46,23
14,player,140,0,0,1669.62,240.95,1745.84,375.05,23
14,player,141,0,0,1672.43,239.55,1748.65,373.64,23
14,player,142,0,0,1675.25,238.14,1751.47,372.23,23
14,player,143,0,0,1678.07,236.73,1754.29,370.83,23
14,player,144,0,0,1680.88,235.32,1757.1,369.42,23
14,player,145,0,0,1683.7,233.91,1759.92,368.01,23
14,player,146,0,0,1686.52,232.5,1762.74,366.6,23
14,player,147,0,0,1689.34,231.09,1765.55,365.19,23
14,player,148,0,0,1692.15,229.69,1768.37,363.78,23
14,player,149,0,0,1693.61,228.81,1769.83,362.91,23
14,player,150,0,0,1695.08,227.93,1771.3,362.03,23
14,player,151,0,0,1696.54,227.05,1772.76,361.15,23
14,player,152,0,0,1698.0,226.18,1774.22,360.27,23
14,player,153,0,0,1699.47,225.3,1775.68,359.4,23
14,player,154,0,0,1700.93,224.42,1777.15,358.52,23
14,player,155,0,0,1702.39,223.54,1778.61,357.64,23
14,player,156,0,0,1703.85,222.67,1780.07,356.76,23
14,player,157,0,0,1705.32,221.79,1781.53,355.89,23
14,player,158,0,0,1706.78,220.91,1783.0,355.01,23
14,player,159,0,0,1708.24,220.03,1784.46,354.13,23
14,player,160,0,0,1709.7,219.16,1785.92,353.25,23
14,player,161,0,0,1711.17,218.28,1787.38,352.38,23
14,player,162,0,0,1712.63,217.4,1788.85,351.5,23
14,player,163,0,0,1714.09,216.52,1790.31,350.62,23
14,player,164,0,0,1715.55,215.65,1791.77,349.74,23
14,player,165,0,0,1717.02,214.77,1793.24,348.87,23
14,player,166,0,0,1718.48,213.89,1794.7,347.99,23
14,player,167,0,0,1719.94,213.01,1796.16,347.11,23
14,player,168,0,0,1721.4,212.14,1797.62,346.23,23
14,player,169,0,0,1722.87,211.26,1799.09,345.36,23
14,player,170,0,0,1724.33,210.38,1800.55,344.48,23
14,player,171,0,0,1725.79,209.5,1802.01,343.6,23
14,player,172,0,0,1727.26,208.63,1803.47,342.72,23
14,player,173,0,0,1728.72,207.75,1804.94,341.85,23
14,player,174,0,0,1730.18,206.87,1806.4,340.97,23
14,player,175,0,0,1738.37,206.09,1814.59,340.19,23
14,player,176,0,0,1746.56,205.31,1822.78,339.41,23
14,player,177,0,0,1754.75,204.53,1830.97,338.63,23
14,player,178,0,0,1762.94,203.75,1839.16,337.85,23
14,player,179,0,0,1771.13,202.97,1847.35,337.07,23
14,player,180,0,0,1779.32,202.19,1855.54,336.29,23
14,player,181,0,0,1787.52,201.41,1863.73,335.51,23
14,player,182,0,0,1795.71,200.63,1871.92,334.73,23
14,player,183,0,0,1803.9,199.85,1880.11,333.95,23
14,player,184,0,0,1812.09,199.07,1888.31,333.17,23
14,player,185,0,0,1820.28,198.29,1896.5,332.39,23
14,player,186,0,0,1828.47,197.51,1904.69,331.61,23
14,player,187,0,0,1836.66,196.73,1912.88,330.83,23
14,player,188,0,0,1846.8,191.66,1920.0,325.76,23
14,player,189,0,0,1856.94,191.66,1920.0,325.76,23
14,player,190,0,0,1872.11,186.59,1920.0,308.03,23
14,player,191,0,0,1872.11,186.59,1920.0,308.03,23
14,player,192,0,0,1872.11,186.59,1920.0,308.03,23
14,player,193,0,0,1872.11,186.59,1920.0,308.03,23
14,player,194,0,0,1872.11,186.59,1920.0,308.03,23
14,player,195,1,0,1872.11,186.59,1920.0,308.03,23
15,player,18,0,0,1630.72,336.2,1706.94,470.29,6
15,player,19,0,0,1631.57,335.38,1707.79,469.48,6
15,player,20,0,0,1632.43,334.57,1708.64,468.67,6
15,player,21,0,0,1633.28,333.76,1709.49,467.85,6
15,player,22,0,0,1634.13,332.94,1710.35,467.04,6
15,player,23,0,0,1634.98,332.13,1711.2,466.23,6
15,player,24,0,0,1635.83,331.32,1712.05,465.41,6
15,player,25,0,0,1636.68,330.5,1712.9,464.6,6
15,player,26,0,0,1637.53,329.69,1713.75,463.79,6
15,player,27,0,0,1638.38,328.88,1714.6,462.97,6
15,player,28,0,0,1639.24,328.06,1715.45,462.16,6
15,player,29,0,0,1640.09,327.25,1716.3,461.35,6
15,player,30,0,0,1640.94,326.43,1717.16,460.53,6
15,player,31,0,0,1641.79,325.62,1718.01,459.72,6
15,player,32,0,0,1642.64,324.81,1718.86,458.91,6
15,player,33,0,0,1643.49,323.99,1719.71,458.09,6
15,player,34,0,0,1648.05,322.61,1724.27,456.71,6
15,player,35,0,0,1652.61,321.23,1728.82,455.32,6
15,player,36,0,0,1657.16,319.84,1733.38,453.94,6
15,player,37,0,0,1661.72,318.46,1737.94,452.56,6
15,player,38,0,0,1666.28,317.08,1742.5,451.17,6
15,player,39,0,0,1670.83,315.69,1747.05,449.79,6
15,player,40,0,0,1675.39,314.31,1751.61,448.41,6
15,player,41,0,0,1679.95,312.92,1756.17,447.02,6
15,player,42,0,0,1684.51,311.54,1760.72,445.64,6
15,player,43,0,0,1689.06,310.16,1765.28,444.26,6
15,player,44,0,0,1693.62,308.77,1769.84,442.87,6
15,player,45,0,0,1698.18,307.39,1774.4,441.49,6
15,player,46,0,0,1702.73,306.01,1778.95,440.1,6
15,player,47,0,0,1707.29,304.62,1783.51,438.72,6
15,player,48,0,0,1711.85,303.24,1788.07,437.34,6
15,player,49,0,0,1716.07,301.89,1792.29,435.98,6
15,player,50,0,0,1720.3,300.54,1796.52,434.63,6
15,player,51,0,0,1724.52,299.18,1800.74,433.28,6
15,player,52,0,0,1728.75,297.83,1804.97,431.93,6
15,player,53,0,0,1732.98,296.48,1809.19,430.58,6
15,player,54,0,0,1737.2,295.13,1813.42,429.22,6
15,player,55,0,0,1741.43,293.77,1817.64,427.87,6
15,player,56,0,0,1745.65,292.42,1821.87,426.52,6
15,player,57,0,0,1749.88,291.07,1826.1,425.17,6
15,player,58,0,0,1754.1,289.72,1830.32,423.82,6
15,player,59,0,0,1758.33,288.37,1834.55,422.46,6
15,player,60,0,0,1762.55,287.01,1838.77,421.11,6
15,player,61,0,0,1766.78,285.66,1843.0,419.76,6
15,player,62,0,0,1771.0,284.31,1847.22,418.41,6
15,player,63,0,0,1775.23,282.96,1851.45,417.06,6
15,player,64,0,0,1781.75,281.87,1857.97,415.97,6
15,player,65,0,0,1788.27,280.78,1864.49,414.88,6
15,player,66,0,0,1794.79,279.7,1871.01,413.8,6
15,player,67,0,0,1801.31,278.61,1877.52,412.71,6
15,player,68,0,0,1807.83,277.52,1884.04,411.62,6
15,player,69,0,0,1814.34,276.44,1890.56,410.54,6
15,player,70,0,0,1820.86,275.35,1897.08,409.45,6
15,player,71,0,0,1824.78,275.12,1899.17,409.22,6
15,player,72,0,0,1828.7,274.89,1901.25,408.99,6
15,player,73,0,0,1832.62,274.66,1903.33,408.76,6
15,player,74,0,0,1836.54,274.43,1905.42,408.53,6
15,player,75,0,0,1840.45,274.2,1907.5,408.3,6
15,player,76,0,0,1844.37,273.97,1909.58,408.07,6
15,player,77,0,0,1848.29,273.74,1911.67,407.84,6
15,player,78,0,0,1852.21,273.51,1913.75,407.61,6
15,player,79,0,0,1856.13,273.28,1915.83,407.38,6
15,player,80,0,0,1860.04,273.05,1917.92,407.14,6
15,player,81,0,0,1863.96,272.82,1920.0,406.91,6
15,player,82,0,0,1863.96,272.82,1920.0,406.91,6
15,player,83,0,0,1863.96,272.82,1920.0,406.91,6
15,player,84,0,0,1863.96,272.82,1920.0,406.91,6
15,player,85,0,0,1863.96,272.82,1920.0,406.91,6
15,player,86,1,0,1863.96,272.82,1920.0,406.91,6
16,player,81,0,0,23.16,849.85,104.46,1004.23,43
16,player,82,0,0,39.38,852.39,120.69,1006.76,43
16,player,83,0,0,55.61,854.92,136.92,1009.3,43
16,player,84,0,0,71.83,857.46,153.14,1011.84,43
16,player,85,0,0,88.06,859.99,169.37,1014.37,43
16,player,86,0,0,104.29,862.53,185.59,1016.91,43
16,player,87,0,0,123.3,863.45,205.07,1018.52,43
16,player,88,0,0,142.31,864.37,224.54,1020.13,43
16,player,89,0,0,161.33,865.29,244.02,1021.75,43
16,player,90,0,0,180.34,866.22,263.49,1023.36,43
16,player,91,0,0,199.36,867.14,282.97,1024.97,43
16,player,92,0,0,218.37,868.06,302.44,1026.59,43
16,player,93,0,0,237.39,868.98,321.92,1028.2,43
16,player,94,0,0,256.4,869.9,341.39,1029.81,43
16,player,95,0,0,275.41,870.83,360.87,1031.43,43
16,player,96,0,0,294.43,871.75,380.34,1033.04,43
16,player,97,0,0,313.44,872.67,399.82,1034.65,43
16,player,98,0,0,332.46,873.59,419.29,1036.27,43
16,player,99,0,0,351.47,874.51,438.77,1037.88,43
16,player,100,0,0,370.49,875.43,458.24,1039.49,43
16,player,101,0,0,389.5,876.36,477.72,1041.11,43
16,player,102,0,0,408.51,877.28,497.19,1042.72,43
16,player,103,0,0,427.53,878.2,516.67,1044.33,43
16,player,104,0,0,446.54,879.12,536.14,1045.95,43
16,player,105,0,0,465.56,880.04,555.62,1047.56,43
16,player,106,0,0,484.57,880.97,575.09,1049.17,43
16,player,107,0,0,503.59,881.89,594.57,1050.79,43
16,player,108,0,0,522.6,882.81,614.04,1052.4,43
16,player,109,0,0,540.98,883.23,632.42,1052.82,43
16,player,110,0,0,559.36,883.65,650.8,1053.25,43
16,player,111,0,0,577.74,884.08,669.18,1053.67,43
16,player,112,0,0,596.12,884.5,687.56,1054.09,43
16,player,113,0,0,614.5,884.92,705.94,1054.51,43
16,player,114,0,0,632.88,885.34,724.32,1054.94,43
16,player,115,0,0,651.26,885.77,742.71,1055.36,43
16,player,116,0,0,669.64,886.19,761.09,1055.78,43
16,player,117,0,0,688.02,886.61,779.47,1056.2,43
16,player,118,0,0,706.4,887.03,797.85,1056.63,43
16,player,119,0,0,724.78,887.46,816.23,1057.05,43
16,player,120,0,0,743.16,887.88,834.61,1057.47,43
16,player,121,0,0,758.24,888.68,849.68,1058.27,43
16,player,122,0,0,773.32,889.48,864.76,1059.07,43
16,player,123,0,0,788.4,890.28,879.84,1059.87,43
16,player,124,0,0,803.48,891.08,894.92,1060.67,43
16,player,125,0,0,818.55,891.88,910.0,1061.47,43
16,player,126,0,0,833.63,892.68,925.07,1062.27,43
16,player,127,0,0,848.71,893.48,940.15,1063.07,43
16,player,128,0,0,863.79,894.28,955.23,1063.87,43
16,player,129,0,0,878.86,895.09,970.31,1064.68,43
16,player,130,0,0,893.94,895.89,985.39,1065.48,43
16,player,131,0,0,909.02,896.69,1000.46,1066.28,43
16,player,132,0,0,924.1,897.49,1015.54,1067.08,43
16,player,133,0,0,939.18,898.29,1030.62,1067.88,43
16,player,134,0,0,954.25,899.09,1045.7,1068.68,43
16,player,135,0,0,969.33,899.89,1060.77,1069.48,43
16,player,136,0,0,984.41,900.69,1075.85,1070.28,43
16,player,137,0,0,999.49,901.49,1090.93,1071.08,43
16,player,138,0,0,1014.56,902.29,1106.01,1071.88,43
16,player,139,0,0,1029.64,903.09,1121.09,1072.68,43
16,player,140,0,0,1047.95,902.81,1139.4,1072.4,43
16,player,141,0,0,1066.26,902.53,1157.71,1072.12,43
16,player,142,0,0,1084.57,902.25,1176.01,1071.84,43
16,player,143,0,0,1102.88,901.96,1194.32,1071.55,43
16,player,144,0,0,1121.19,901.68,1212.63,1071.27,43
16,player,145,0,0,1139.5,901.4,1230.94,1070.99,43
16,player,146,0,0,1157.81,901.12,1249.25,1070.71,43
16,player,147,0,0,1176.12,900.84,1267.56,1070.43,43
16,player,148,0,0,1194.43,900.56,1285.87,1070.15,43
16,player,149,0,0,1206.72,900.75,1298.16,1070.34,43
16,player,150,0,0,1219.0,900.95,1310.45,1070.54,43
16,player,151,0,0,1231.29,901.14,1322.73,1070.73,43
16,player,152,0,0,1243.57,901.34,1335.02,1070.93,43
16,player,153,0,0,1255.86,901.53,1347.3,1071.12,43
16,player,154,0,0,1268.15,901.73,1359.59,1071.32,43
16,player,155,0,0,1280.43,901.92,1371.88,1071.51,43
16,player,156,0,0,1292.72,902.12,1384.16,1071.71,43
16,player,157,0,0,1305.0,902.31,1396.45,1071.9,43
16,player,158,0,0,1317.29,902.51,1408.73,1072.1,43
16,player,159,0,0,1329.58,902.7,1421.02,1072.29,43
16,player,160,0,0,1341.86,902.9,1433.31,1072.49,43
16,player,161,0,0,1354.15,903.09,1445.59,1072.68,43
16,player,162,0,0,1366.43,903.29,1457.88,1072.88,43
16,player,163,0,0,1378.72,903.48,1470.16,1073.07,43
16,player,164,0,0,1391.01,903.68,1482.45,1073.27,43
16,player,165,0,0,1403.29,903.87,1494.74,1073.46,43
16,player,166,0,0,1415.58,904.07,1507.02,1073.66,43
16,player,167,0,0,1427.87,904.26,1519.31,1073.85,43
16,player,168,0,0,1440.15,904.46,1531.59,1074.05,43
16,player,169,0,0,1452.44,904.65,1543.88,1074.24,43
16,player,170,0,0,1464.72,904.85,1556.17,1074.44,43
16,player,171,0,0,1477.01,905.04,1568.45,1074.63,43
16,player,172,0,0,1489.3,905.24,1580.74,1074.83,43
16,player,173,0,0,1501.58,905.43,1593.02,1075.02,43
16,player,174,0,0,1513.87,905.63,1605.31,1075.22,43
16,player,175,0,0,1526.35,905.43,1617.79,1075.02,43
16,player,176,0,0,1538.83,905.24,1630.27,1074.83,43
16,player,177,0,0,1551.31,905.04,1642.75,1074.63,43
16,player,178,0,0,1563.79,904.85,1655.23,1074.44,43
16,player,179,0,0,1576.27,904.65,1667.72,1074.24,43
16,player,180,0,0,1588.75,904.46,1680.2,1074.05,43
16,player,181,0,0,1601.23,904.26,1692.68,1073.85,43
16,player,182,0,0,1613.72,904.07,1705.16,1073.66,43
16,player,183,0,0,1626.2,903.87,1717.64,1073.46,43
16,player,184,0,0,1638.68,903.68,1730.12,1073.27,43
16,player,185,0,0,1651.16,903.48,1742.6,1073.07,43
16,player,186,0,0,1663.64,903.29,1755.08,1072.88,43
16,player,187,0,0,1676.12,903.09,1767.56,1072.68,43
16,player,188,0,0,1690.06,903.09,1781.51,1072.68,43
16,player,189,0,0,1704.01,903.09,1795.45,1072.68,43
16,player,190,0,0,1713.73,903.51,1805.17,1073.1,43
16,player,191,0,0,1723.45,903.94,1814.89,1073.53,43
16,player,192,0,0,1733.16,904.36,1824.61,1073.95,43
16,player,193,0,0,1742.88,904.78,1834.32,1074.37,43
16,player,194,0,0,1752.6,905.2,1844.04,1074.79,43
16,player,195,0,0,1762.32,905.63,1853.76,1075.22,43
16,player,196,0,0,1764.49,905.01,1855.93,1074.6,43
16,player,197,0,0,1766.66,904.39,1858.1,1073.98,43
16,player,198,0,0,1768.82,903.77,1860.27,1073.36,43
16,player,199,0,0,1770.99,903.15,1862.44,1072.74,43
16,player,200,0,0,1773.16,902.53,1864.61,1072.12,43
16,player,201,0,0,1775.33,901.91,1866.77,1071.5,43
16,player,202,0,0,1777.5,901.29,1868.94,1070.88,43
16,player,203,0,0,1779.67,900.67,1871.11,1070.26,43
16,player,204,0,0,1781.84,900.05,1873.28,1069.64,43
16,player,205,0,0,1784.01,899.43,1875.45,1069.02,43
16,player,206,0,0,1786.17,898.81,1877.62,1068.4,43
16,player,207,0,0,1788.34,898.19,1879.79,1067.78,43
16,player,208,0,0,1790.51,897.57,1881.96,1067.16,43
16,player,209,0,0,1792.68,896.95,1884.12,1066.54,43
16,player,210,0,0,1794.85,896.33,1886.29,1065.92,43
16,player,211,0,0,1797.02,895.71,1888.46,1065.3,43
16,player,212,0,0,1799.19,895.09,1890.63,1064.68,43
16,player,213,0,0,1801.36,894.47,1892.8,1064.06,43
16,player,214,0,0,1803.52,893.85,1894.97,1063.44,43
16,player,215,0,0,1805.69,893.23,1897.14,1062.82,43
16,player,216,0,0,1807.86,892.61,1899.31,1062.2,43
16,player,217,0,0,1810.03,891.99,1901.47,1061.58,43
16,player,218,0,0,1812.2,891.37,1903.64,1060.96,43
16,player,219,0,0,1814.37,890.75,1905.81,1060.34,43
16,player,220,0,0,1816.54,890.13,1907.98,1059.73,43
16,player,221,0,0,1812.96,887.95,1904.41,1057.54,43
16,player,222,0,0,1809.39,885.76,1900.84,1055.35,43
16,player,223,0,0,1805.82,883.57,1897.26,1053.16,43
16,player,224,0,0,1802.25,881.38,1893.69,1050.97,43
16,player,225,0,0,1798.68,879.19,1890.12,1048.78,43
16,player,226,0,0,1795.1,877.0,1886.55,1046.59,43
16,player,227,0,0,1791.53,874.81,1882.97,1044.4,43
16,player,228,0,0,1787.96,872.62,1879.4,1042.21,43
16,player,229,0,0,1784.39,870.43,1875.83,1040.02,43
16,player,230,0,0,1780.81,868.24,1872.26,1037.83,43
16,player,231,0,0,1777.24,866.05,1868.68,1035.64,43
16,player,232,0,0,1773.67,863.86,1865.11,1033.45,43
16,player,233,0,0,1770.1,861.67,1861.54,1031.26,43
16,player,234,0,0,1766.52,859.48,1857.97,1029.07,43
16,player,235,0,0,1762.95,857.29,1854.39,1026.88,43
16,player,236,0,0,1759.38,855.1,1850.82,1024.69,43
16,player,237,0,0,1755.81,852.91,1847.25,1022.5,43
16,player,238,0,0,1752.23,850.72,1843.68,1020.31,43
16,player,239,0,0,1748.66,848.53,1840.11,1018.12,43
16,player,240,0,0,1745.09,846.34,1836.53,1015.94,43
16,player,241,0,0,1741.52,844.16,1832.96,1013.75,43
16,player,242,0,0,1737.95,841.97,1829.39,1011.56,43
16,player,243,0,0,1732.15,836.9,1823.59,1006.49,43
16,player,244,0,0,1726.36,831.82,1817.8,1001.42,43
16,player,245,0,0,1720.56,826.75,1812.0,996.34,43
16,player,246,0,0,1714.77,821.68,1806.21,991.27,43
16,player,247,0,0,1708.97,816.61,1800.41,986.2,43
16,player,248,0,0,1703.18,811.54,1794.62,981.13,43
16,player,249,0,0,1697.38,806.47,1788.82,976.06,43
16,player,250,0,0,1687.12,805.39,1778.56,974.98,43
16,player,251,0,0,1676.86,804.3,1768.3,973.89,43
16,player,252,0,0,1666.6,803.21,1758.04,972.8,43
16,player,253,0,0,1656.34,802.13,1747.78,971.72,43
16,player,254,0,0,1646.07,801.04,1737.52,970.63,43
16,player,255,0,0,1635.81,799.95,1727.26,969.54,43
16,player,256,0,0,1625.55,798.87,1716.99,968.46,43
16,player,257,0,0,1615.29,797.78,1706.73,967.37,43
16,player,258,0,0,1605.03,796.69,1696.47,966.28,43
16,player,259,0,0,1594.77,795.61,1686.21,965.2,43
16,player,260,0,0,1584.5,794.52,1675.95,964.11,43
16,player,261,0,0,1574.24,793.43,1665.69,963.02,43
16,player,262,0,0,1563.98,792.35,1655.42,961.94,43
16,player,263,0,0,1553.72,791.26,1645.16,960.85,43
16,player,264,0,0,1543.46,790.17,1634.9,959.76,43
16,player,265,0,0,1533.2,789.09,1624.64,958.68,43
16,player,266,0,0,1522.93,788.0,1614.38,957.59,43
16,player,267,0,0,1512.67,786.91,1604.12,956.51,43
16,player,268,0,0,1502.41,785.83,1593.85,955.42,43
16,player,269,0,0,1492.15,784.74,1583.59,954.33,43
16,player,270,0,0,1481.89,783.66,1573.33,953.25,43
16,player,271,0,0,1470.56,783.32,1562.01,952.91,43
16,player,272,0,0,1459.24,782.98,1550.68,952.57,43
16,player,273,0,0,1447.92,782.64,1539.36,952.23,43
16,player,274,0,0,1436.59,782.3,1528.04,951.89,43
16,player,275,0,0,1425.27,781.97,1516.71,951.56,43
16,player,276,0,0,1413.95,781.63,1505.39,951.22,43
16,player,277,0,0,1402.62,781.29,1494.06,950.88,43
16,player,278,0,0,1391.3,780.95,1482.74,950.54,43
16,player,279,0,0,1379.97,780.61,1471.42,950.2,43
16,player,280,0,0,1368.65,780.28,1460.09,949.87,43
16,player,281,0,0,1357.33,779.94,1448.77,949.53,43
16,player,282,0,0,1346.0,779.6,1437.44,949.19,43
16,player,283,0,0,1334.68,779.26,1426.12,948.85,43
16,player,284,0,0,1323.35,778.92,1414.8,948.51,43
16,player,285,0,0,1312.03,778.58,1403.47,948.18,43
16,player,286,0,0,1303.92,778.35,1395.36,947.94,43
16,player,287,0,0,1295.8,778.12,1387.25,947.71,43
16,player,288,0,0,1287.69,777.89,1379.14,947.48,43
16,player,289,0,0,1279.58,777.66,1371.02,947.25,43
16,player,290,0,0,1271.47,777.43,1362.91,947.02,43
16,player,291,0,0,1263.35,777.2,1354.8,946.79,43
16,player,292,0,0,1255.24,776.97,1346.68,946.56,43
16,player,293,0,0,1247.13,776.74,1338.57,946.33,43
16,player,294,0,0,1239.02,776.51,1330.46,946.1,43
16,player,295,0,0,1230.9,776.28,1322.35,945.87,43
16,player,296,0,0,1222.79,776.05,1314.23,945.64,43
16,player,297,0,0,1214.68,775.82,1306.12,945.41,43
16,player,298,0,0,1206.57,775.59,1298.01,945.18,43
16,player,299,0,0,1198.45,775.36,1289.9,944.95,43
16,player,300,0,0,1190.34,775.13,1281.78,944.72,43
16,player,301,0,0,1182.23,774.9,1273.67,944.49,43
16,player,302,0,0,1174.11,774.67,1265.56,944.26,43
16,player,303,0,0,1166.0,774.44,1257.45,944.03,43
16,player,304,0,0,1157.89,774.21,1249.33,943.8,43
16,player,305,0,0,1149.78,773.98,1241.22,943.57,43
16,player,306,0,0,1141.66,773.75,1233.11,943.34,43
16,player,307,0,0,1133.55,773.51,1224.99,943.11,43
16,player,308,0,0,1125.44,773.28,1216.88,942.87,43
16,player,309,0,0,1117.33,773.05,1208.77,942.64,43
16,player,310,0,0,1109.21,772.82,1200.66,942.41,43
16,player,311,0,0,1101.1,772.59,1192.54,942.18,43
16,player,312,0,0,1092.99,772.36,1184.43,941.95,43
16,player,313,0,0,1084.88,772.13,1176.32,941.72,43
16,player,314,0,0,1076.76,771.9,1168.21,941.49,43
16,player,315,0,0,1068.65,771.67,1160.09,941.26,43
16,player,316,0,0,1060.54,771.44,1151.98,941.03,43
16,player,317,0,0,1052.42,771.21,1143.87,940.8,43
16,player,318,0,0,1044.31,770.98,1135.75,940.57,43
16,player,319,0,0,1036.2,770.75,1127.64,940.34,43
16,player,320,0,0,1028.09,770.52,1119.53,940.11,43
16,player,321,0,0,1019.97,770.29,1111.42,939.88,43
16,player,322,0,0,1011.86,770.06,1103.3,939.65,43
16,player,323,0,0,1003.75,769.83,1095.19,939.42,43
16,player,324,0,0,995.64,769.6,1087.08,939.19,43
16,player,325,0,0,987.52,769.37,1078.97,938.96,43
16,player,326,0,0,979.41,769.14,1070.85,938.73,43
16,player,327,0,0,971.3,768.91,1062.74,938.5,43
16,player,328,0,0,963.19,768.67,1054.63,938.27,43
16,player,329,0,0,955.07,768.44,1046.52,938.03,43
16,player,330,0,0,946.96,768.21,1038.4,937.8,43
16,player,331,0,0,938.85,767.98,1030.29,937.57,43
16,player,332,0,0,930.73,767.75,1022.18,937.34,43
16,player,333,0,0,922.62,767.52,1014.06,937.11,43
16,player,334,0,0,914.51,767.29,1005.95,936.88,43
16,player,335,0,0,906.4,767.06,997.84,936.65,43
16,player,336,0,0,898.28,766.83,989.73,936.42,43
16,player,337,0,0,890.17,766.6,981.61,936.19,43
16,player,338,0,0,882.06,766.37,973.5,935.96,43
16,player,339,0,0,873.95,766.14,965.39,935.73,43
16,player,340,0,0,865.83,765.91,957.28,935.5,43
16,player,341,0,0,864.88,765.7,956.33,935.29,43
16,player,342,0,0,863.93,765.49,955.37,935.08,43
16,player,343,0,0,862.98,765.28,954.42,934.87,43
16,player,344,0,0,862.03,765.06,953.47,934.65,43
16,player,345,0,0,861.08,764.85,952.52,934.44,43
16,player,346,0,0,860.13,764.64,951.57,934.23,43
16,player,347,0,0,859.18,764.43,950.62,934.02,43
16,player,348,0,0,858.23,764.22,949.67,933.81,43
16,player,349,0,0,857.28,764.01,948.72,933.6,43
16,player,350,0,0,856.33,763.8,947.77,933.39,43
16,player,351,0,0,855.38,763.59,946.82,933.18,43
16,player,352,0,0,854.42,763.37,945.87,932.96,43
16,player,353,0,0,853.47,763.16,944.92,932.75,43
16,player,354,0,0,852.52,762.95,943.97,932.54,43
16,player,355,0,0,851.57,762.74,943.02,932.33,43
16,player,356,0,0,850.62,762.53,942.06,932.12,43
16,player,357,0,0,849.67,762.32,941.11,931.91,43
16,player,358,0,0,848.72,762.11,940.16,931.7,43
16,player,359,0,0,847.77,761.9,939.21,931.49,43
16,player,360,0,0,846.82,761.68,938.26,931.27,43
16,player,361,0,0,845.87,761.47,937.31,931.06,43
16,player,362,0,0,844.92,761.26,936.36,930.85,43
16,player,363,0,0,843.97,761.05,935.41,930.64,43
16,player,364,0,0,843.02,760.84,934.46,930.43,43
16,player,365,0,0,840.48,761.94,931.92,931.53,43
16,player,366,0,0,837.95,763.04,929.39,932.63,43
16,player,367,0,0,835.41,764.13,926.85,933.73,43
16,player,368,0,0,832.87,765.23,924.32,934.82,43
16,player,369,0,0,830.34,766.33,921.78,935.92,43
16,player,370,0,0,827.8,767.43,919.25,937.02,43
16,player,371,0,0,825.27,768.53,916.71,938.12,43
16,player,372,0,0,822.73,769.63,914.18,939.22,43
16,player,373,0,0,820.2,770.73,911.64,940.32,43
16,player,374,0,0,817.66,771.82,909.11,941.41,43
16,player,375,0,0,815.13,772.92,906.57,942.51,43
16,player,376,0,0,812.59,774.02,904.04,943.61,43
16,player,377,0,0,810.06,775.12,901.5,944.71,43
16,player,378,0,0,807.52,776.22,898.97,945.81,43
16,player,379,0,0,804.99,777.32,896.43,946.91,43
16,player,380,0,0,802.45,778.42,893.9,948.01,43
16,player,381,0,0,799.92,779.51,891.36,949.1,43
16,player,382,0,0,797.38,780.61,888.83,950.2,43
16,player,383,0,0,794.85,781.71,886.29,951.3,43
16,player,384,0,0,792.31,782.81,883.75,952.4,43
16,player,385,0,0,789.78,783.91,881.22,953.5,43
16,player,386,0,0,787.24,785.01,878.68,954.6,43
16,player,387,0,0,784.71,786.11,876.15,955.7,43
16,player,388,0,0,782.17,787.2,873.61,956.79,43
16,player,389,0,0,779.64,788.3,871.08,957.89,43
16,player,390,0,0,777.1,789.4,868.54,958.99,43
16,player,391,0,0,774.57,790.5,866.01,960.09,43
16,player,392,0,0,772.03,791.6,863.47,961.19,43
16,player,393,0,0,769.5,792.7,860.94,962.29,43
16,player,394,0,0,766.96,793.8,858.4,963.39,43
16,player,395,0,0,761.26,793.48,852.7,963.07,43
16,player,396,0,0,755.55,793.16,846.99,962.75,43
16,player,397,0,0,749.85,792.85,841.29,962.44,43
16,player,398,0,0,744.14,792.53,835.59,962.12,43
16,player,399,0,0,738.44,792.21,829.88,961.8,43
16,player,400,0,0,732.73,791.89,824.18,961.48,43
16,player,401,0,0,727.03,791.58,818.47,961.17,43
16,player,402,0,0,721.33,791.26,812.77,960.85,43
16,player,403,0,0,719.46,791.13,810.9,960.72,43
16,player,404,0,0,717.59,790.99,809.03,960.58,43
16,player,405,0,0,715.72,790.86,807.16,960.45,43
16,player,406,0,0,713.85,790.73,805.3,960.32,43
16,player,407,0,0,711.99,790.59,803.43,960.18,43
16,player,408,0,0,710.12,790.46,801.56,960.05,43
16,player,409,0,0,708.25,790.33,799.69,959.92,43
16,player,410,0,0,706.38,790.19,797.82,959.78,43
16,player,411,0,0,704.51,790.06,795.96,959.65,43
16,player,412,0,0,702.65,789.93,794.09,959.52,43
16,player,413,0,0,700.78,789.79,792.22,959.38,43
16,player,414,0,0,698.91,789.66,790.35,959.25,43
16,player,415,0,0,697.04,789.53,788.48,959.12,43
16,player,416,0,0,695.17,789.39,786.62,958.98,43
16,player,417,0,0,693.31,789.26,784.75,958.85,43
16,player,418,0,0,691.44,789.13,782.88,958.72,43
16,player,419,0,0,689.57,788.99,781.01,958.58,43
16,player,420,0,0,687.7,788.86,779.14,958.45,43
16,player,421,0,0,685.83,788.73,777.28,958.32,43
16,player,422,0,0,690.27,788.3,781.71,957.89,43
16,player,423,0,0,694.71,787.88,786.15,957.47,43
16,player,424,0,0,699.14,787.46,790.59,957.05,43
16,player,425,0,0,703.58,787.04,795.02,956.63,43
16,player,426,0,0,708.02,786.61,799.46,956.2,43
16,player,427,0,0,712.45,786.19,803.9,955.78,43
16,player,428,0,0,716.89,785.77,808.33,955.36,43
16,player,429,0,0,721.33,785.35,812.77,954.94,43
16,player,430,0,0,725.76,784.92,817.21,954.51,43
16,player,431,0,0,730.2,784.5,821.64,954.09,43
16,player,432,0,0,734.64,784.08,826.08,953.67,43
16,player,433,0,0,739.07,783.66,830.52,953.25,43
16,player,434,0,0,740.81,784.41,832.25,954.0,43
16,player,435,0,0,742.54,785.17,833.98,954.76,43
16,player,436,0,0,744.28,785.92,835.72,955.51,43
16,player,437,0,0,746.01,786.68,837.45,956.27,43
16,player,438,0,0,747.75,787.44,839.19,957.03,43
16,player,439,0,0,749.48,788.19,840.92,957.78,43
16,player,440,0,0,751.21,788.95,842.66,958.54,43
16,player,441,0,0,752.95,789.7,844.39,959.29,43
16,player,442,0,0,754.68,790.46,846.13,960.05,43
16,player,443,0,0,756.42,791.22,847.86,960.81,43
16,player,444,0,0,758.15,791.97,849.6,961.56,43
16,player,445,0,0,759.89,792.73,851.33,962.32,43
16,player,446,0,0,761.62,793.48,853.07,963.08,43
16,player,447,0,0,763.36,794.24,854.8,963.83,43
16,player,448,0,0,765.09,795.0,856.53,964.59,43
16,player,449,0,0,766.83,795.75,858.27,965.34,43
16,player,450,0,0,768.56,796.51,860.0,966.1,43
16,player,451,0,0,770.3,797.27,861.74,966.86,43
16,player,452,0,0,772.03,798.02,863.47,967.61,43
16,player,453,0,0,773.76,798.78,865.21,968.37,43
16,player,454,0,0,775.5,799.53,866.94,969.12,43
16,player,455,0,0,777.23,800.29,868.68,969.88,43
16,player,456,0,0,778.97,801.05,870.41,970.64,43
16,player,457,0,0,780.7,801.8,872.15,971.39,43
16,player,458,0,0,782.44,802.56,873.88,972.15,43
16,player,459,0,0,784.17,803.31,875.62,972.9,43
16,player,460,0,0,785.91,804.07,877.35,973.66,43
16,player,461,0,0,787.64,804.83,879.08,974.42,43
16,player,462,0,0,789.38,805.58,880.82,975.17,43
16,player,463,0,0,791.11,806.34,882.55,975.93,43
16,player,464,0,0,792.85,807.09,884.29,976.69,43
16,player,465,0,0,794.58,807.85,886.02,977.44,43
16,player,466,0,0,796.32,808.61,887.76,978.2,43
16,player,467,0,0,798.05,809.36,889.49,978.95,43
16,player,468,0,0,799.78,810.12,891.23,979.71,43
16,player,469,0,0,801.52,810.88,892.96,980.47,43
16,player,470,0,0,803.25,811.63,894.7,981.22,43
16,player,471,0,0,804.99,812.39,896.43,981.98,43
16,player,472,0,0,806.72,813.14,898.17,982.73,43
16,player,473,0,0,808.46,813.9,899.9,983.49,43
16,player,474,0,0,810.19,814.66,901.64,984.25,43
16,player,475,0,0,811.93,815.41,903.37,985.0,43
16,player,476,0,0,813.66,816.17,905.1,985.76,43
16,player,477,0,0,815.4,816.92,906.84,986.51,43
16,player,478,0,0,817.13,817.68,908.57,987.27,43
16,player,479,0,0,818.87,818.44,910.31,988.03,43
16,player,480,0,0,820.6,819.19,912.04,988.78,43
16,player,481,0,0,822.33,819.95,913.78,989.54,43
16,player,482,0,0,824.07,820.7,915.51,990.3,43
16,player,483,0,0,825.8,821.46,917.25,991.05,43
16,player,484,0,0,827.54,822.22,918.98,991.81,43
16,player,485,0,0,829.27,822.97,920.72,992.56,43
16,player,486,0,0,831.01,823.73,922.45,993.32,43
16,player,487,0,0,832.74,824.49,924.19,994.08,43
16,player,488,0,0,834.48,825.24,925.92,994.83,43
16,player,489,0,0,836.21,826.0,927.65,995.59,43
16,player,490,0,0,837.95,826.75,929.39,996.34,43
16,player,491,0,0,842.22,828.38,933.67,997.97,43
16,player,492,0,0,846.5,830.0,937.94,999.59,43
16,player,493,0,0,850.77,831.62,942.22,1001.21,43
16,player,494,0,0,855.05,833.24,946.49,1002.83,43
16,player,495,0,0,859.33,834.86,950.77,1004.45,43
16,player,496,0,0,863.6,836.49,955.05,1006.08,43
16,player,497,0,0,867.88,838.11,959.32,1007.7,43
16,player,498,0,0,872.16,839.73,963.6,1009.32,43
16,player,499,0,0,876.43,841.35,967.87,1010.94,43
16,player,500,0,0,880.71,842.97,972.15,1012.56,43
16,player,501,0,0,884.98,844.6,976.43,1014.19,43
16,player,502,0,0,889.26,846.22,980.7,1015.81,43
16,player,503,0,0,893.54,847.84,984.98,1017.43,43
16,player,504,0,0,897.81,849.46,989.26,1019.05,43
16,player,505,0,0,902.09,851.08,993.53,1020.67,43
16,player,506,0,0,906.36,852.71,997.81,1022.3,43
16,player,507,0,0,910.64,854.33,1002.08,1023.92,43
16,player,508,0,0,914.92,855.95,1006.36,1025.54,43
16,player,509,0,0,919.19,857.57,1010.64,1027.16,43
16,player,510,0,0,923.47,859.19,1014.91,1028.78,43
16,player,511,0,0,927.75,860.82,1019.19,1030.41,43
16,player,512,0,0,932.02,862.44,1023.46,1032.03,43
16,player,513,0,0,936.3,864.06,1027.74,1033.65,43
16,player,514,0,0,940.57,865.68,1032.02,1035.27,43
16,player,515,0,0,944.85,867.3,1036.29,1036.89,43
16,player,516,0,0,949.13,868.93,1040.57,1038.52,43
16,player,517,0,0,953.4,870.55,1044.85,1040.14,43
16,player,518,0,0,957.68,872.17,1049.12,1041.76,43
16,player,519,0,0,961.96,873.79,1053.4,1043.38,43
16,player,520,0,0,966.47,874.03,1057.91,1043.62,43
16,player,521,0,0,970.98,874.27,1062.43,1043.86,43
16,player,522,0,0,975.5,874.5,1066.94,1044.09,43
16,player,523,0,0,980.01,874.74,1071.45,1044.33,43
16,player,524,0,0,984.52,874.98,1075.97,1044.57,43
16,player,525,0,0,989.04,875.22,1080.48,1044.81,43
16,player,526,0,0,993.55,875.45,1084.99,1045.05,43
16,player,527,0,0,998.06,875.69,1089.51,1045.28,43
16,player,528,0,0,1002.58,875.93,1094.02,1045.52,43
16,player,529,0,0,1007.09,876.17,1098.54,1045.76,43
16,player,530,0,0,1011.61,876.4,1103.05,1046.0,43
16,player,531,0,0,1016.12,876.64,1107.56,1046.23,43
16,player,532,0,0,1020.63,876.88,1112.08,1046.47,43
16,player,533,0,0,1025.15,877.12,1116.59,1046.71,43
16,player,534,0,0,1029.66,877.35,1121.1,1046.95,43
16,player,535,0,0,1034.17,877.59,1125.62,1047.18,43
16,player,536,0,0,1038.69,877.83,1130.13,1047.42,43
16,player,537,0,0,1043.2,878.07,1134.65,1047.66,43
16,player,538,0,0,1047.48,878.78,1138.92,1048.37,43
16,player,539,0,0,1051.75,879.49,1143.2,1049.08,43
16,player,540,0,0,1056.03,880.21,1147.47,1049.8,43
16,player,541,0,0,1060.31,880.92,1151.75,1050.51,43
16,player,542,0,0,1064.58,881.63,1156.03,1051.22,43
16,player,543,0,0,1068.86,882.34,1160.3,1051.93,43
16,player,544,0,0,1072.74,882.34,1164.18,1051.93,43
16,player,545,0,0,1076.62,882.34,1168.06,1051.93,43
16,player,546,0,0,1080.49,882.34,1171.94,1051.93,43
16,player,547,0,0,1084.37,882.34,1175.82,1051.93,43
16,player,548,0,0,1088.25,882.34,1179.69,1051.93,43
16,player,549,0,0,1092.13,882.34,1183.57,1051.93,43
16,player,550,0,0,1096.01,882.34,1187.45,1051.93,43
16,player,551,0,0,1099.89,882.34,1191.33,1051.93,43
16,player,552,0,0,1103.76,882.34,1195.21,1051.93,43
16,player,553,0,0,1107.64,882.34,1199.09,1051.93,43
16,player,554,0,0,1111.52,882.34,1202.96,1051.93,43
16,player,555,0,0,1115.4,882.34,1206.84,1051.93,43
16,player,556,0,0,1119.28,882.34,1210.72,1051.93,43
16,player,557,0,0,1123.16,882.34,1214.6,1051.93,43
16,player,558,0,0,1127.04,882.34,1218.48,1051.93,43
16,player,559,0,0,1130.91,882.34,1222.36,1051.93,43
16,player,560,0,0,1134.79,882.34,1226.23,1051.93,43
16,player,561,0,0,1138.67,882.34,1230.11,1051.93,43
16,player,562,0,0,1142.55,882.34,1233.99,1051.93,43
16,player,563,0,0,1146.43,882.34,1237.87,1051.93,43
16,player,564,0,0,1150.31,882.34,1241.75,1051.93,43
16,player,565,0,0,1154.18,882.34,1245.63,1051.93,43
16,player,566,0,0,1158.06,882.34,1249.51,1051.93,43
16,player,567,0,0,1161.94,882.34,1253.38,1051.93,43
16,player,568,0,0,1165.82,882.34,1257.26,1051.93,43
16,player,569,0,0,1169.7,882.34,1261.14,1051.93,43
16,player,570,0,0,1173.58,882.34,1265.02,1051.93,43
16,player,571,0,0,1177.45,882.34,1268.9,1051.93,43
16,player,572,0,0,1181.33,882.34,1272.78,1051.93,43
16,player,573,0,0,1185.21,882.34,1276.65,1051.93,43
16,player,574,0,0,1189.09,882.34,1280.53,1051.93,43
16,player,575,0,0,1192.97,882.34,1284.41,1051.93,43
16,player,576,0,0,1196.85,882.34,1288.29,1051.93,43
16,player,577,0,0,1200.72,882.34,1292.17,1051.93,43
16,player,578,0,0,1204.6,882.34,1296.05,1051.93,43
16,player,579,0,0,1208.48,882.34,1299.92,1051.93,43
16,player,580,0,0,1212.36,882.34,1303.8,1051.93,43
16,player,581,0,0,1216.24,882.34,1307.68,1051.93,43
16,player,582,0,0,1220.12,882.34,1311.56,1051.93,43
16,player,583,0,0,1223.99,882.34,1315.44,1051.93,43
16,player,584,0,0,1227.87,882.34,1319.32,1051.93,43
16,player,585,0,0,1231.75,882.34,1323.19,1051.93,43
16,player,586,0,0,1235.63,882.34,1327.07,1051.93,43
16,player,587,0,0,1240.41,881.51,1331.85,1051.1,43
16,player,588,0,0,1245.19,880.67,1336.63,1050.26,43
16,player,589,0,0,1249.96,879.83,1341.41,1049.42,43
16,player,590,0,0,1254.74,879.0,1346.19,1048.59,43
16,player,591,0,0,1259.52,878.16,1350.96,1047.75,43
16,player,592,0,0,1264.3,877.32,1355.74,1046.91,43
16,player,593,0,0,1269.08,876.49,1360.52,1046.08,43
16,player,594,0,0,1273.86,875.65,1365.3,1045.24,43
16,player,595,0,0,1278.63,874.81,1370.08,1044.4,43
16,player,596,0,0,1283.41,873.98,1374.85,1043.57,43
16,player,597,0,0,1288.19,873.14,1379.63,1042.73,43
16,player,598,0,0,1292.97,872.3,1384.41,1041.89,43
16,player,599,0,0,1297.75,871.47,1389.19,1041.06,43
16,player,600,0,0,1302.52,870.63,1393.97,1040.22,43
16,player,601,0,0,1307.3,869.79,1398.75,1039.38,43
16,player,602,0,0,1312.08,868.96,1403.52,1038.55,43
16,player,603,0,0,1316.86,868.12,1408.3,1037.71,43
16,player,604,0,0,1321.64,867.28,1413.08,1036.87,43
16,player,605,0,0,1326.41,866.45,1417.86,1036.04,43
16,player,606,0,0,1331.19,865.61,1422.64,1035.2,43
16,player,607,0,0,1335.97,864.77,1427.41,1034.36,43
16,player,608,0,0,1340.75,863.94,1432.19,1033.53,43
16,player,609,0,0,1345.53,863.1,1436.97,1032.69,43
16,player,610,0,0,1350.31,862.26,1441.75,1031.85,43
16,player,611,0,0,1355.08,861.43,1446.53,1031.02,43
16,player,612,0,0,1359.86,860.59,1451.3,1030.18,43
16,player,613,0,0,1364.64,859.75,1456.08,1029.35,43
16,player,614,0,0,1369.42,858.92,1460.86,1028.51,43
16,player,615,0,0,1374.2,858.08,1465.64,1027.67,43
16,player,616,0,0,1378.97,857.24,1470.42,1026.84,43
16,player,617,0,0,1383.75,856.41,1475.2,1026.0,43
16,player,618,0,0,1388.53,855.57,1479.97,1025.16,43
16,player,619,0,0,1393.31,854.73,1484.75,1024.33,43
16,player,620,0,0,1398.09,853.9,1489.53,1023.49,43
16,player,621,0,0,1402.87,853.06,1494.31,1022.65,43
16,player,622,0,0,1407.64,852.22,1499.09,1021.82,43
16,player,623,0,0,1412.42,851.39,1503.86,1020.98,43
16,player,624,0,0,1417.2,850.55,1508.64,1020.14,43
16,player,625,0,0,1421.98,849.72,1513.42,1019.31,43
16,player,626,0,0,1426.76,848.88,1518.2,1018.47,43
16,player,627,0,0,1431.53,848.04,1522.98,1017.63,43
16,player,628,0,0,1436.31,847.21,1527.76,1016.8,43
16,player,629,0,0,1441.09,846.37,1532.53,1015.96,43
16,player,630,0,0,1445.87,845.53,1537.31,1015.12,43
16,player,631,0,0,1450.65,844.7,1542.09,1014.29,43
16,player,632,0,0,1455.42,843.86,1546.87,1013.45,43
16,player,633,0,0,1460.2,843.02,1551.65,1012.61,43
16,player,634,0,0,1464.98,842.19,1556.42,1011.78,43
16,player,635,0,0,1469.76,841.35,1561.2,1010.94,43
16,player,636,0,0,1474.54,840.51,1565.98,1010.1,43
16,player,637,0,0,1479.32,839.68,1570.76,1009.27,43
16,player,638,0,0,1484.09,838.84,1575.54,1008.43,43
16,player,639,0,0,1488.87,838.0,1580.31,1007.59,43
16,player,640,0,0,1493.65,837.17,1585.09,1006.76,43
16,player,641,0,0,1498.43,836.33,1589.87,1005.92,43
16,player,642,0,0,1503.21,835.49,1594.65,1005.08,43
16,player,643,0,0,1507.98,834.66,1599.43,1004.25,43
16,player,644,0,0,1512.76,833.82,1604.21,1003.41,43
16,player,645,0,0,1517.54,832.98,1608.98,1002.57,43
16,player,646,0,0,1522.32,832.15,1613.76,1001.74,43
16,player,647,0,0,1527.1,831.31,1618.54,1000.9,43
16,player,648,0,0,1531.88,830.47,1623.32,1000.06,43
16,player,649,0,0,1536.65,829.64,1628.1,999.23,43
16,player,650,0,0,1541.43,828.8,1632.87,998.39,43
16,player,651,0,0,1546.21,827.96,1637.65,997.55,43
16,player,652,0,0,1550.99,827.13,1642.43,996.72,43
16,player,653,0,0,1555.77,826.29,1647.21,995.88,43
16,player,654,0,0,1560.54,825.45,1651.99,995.04,43
16,player,655,0,0,1565.32,824.62,1656.77,994.21,43
16,player,656,0,0,1570.1,823.78,1661.54,993.37,43
16,player,657,0,0,1574.88,822.94,1666.32,992.53,43
16,player,658,0,0,1579.66,822.11,1671.1,991.7,43
16,player,659,0,0,1584.43,821.27,1675.88,990.86,43
16,player,660,0,0,1589.21,820.43,1680.66,990.02,43
16,player,661,0,0,1593.99,819.6,1685.43,989.19,43
16,player,662,0,0,1598.77,818.76,1690.21,988.35,43
16,player,663,0,0,1603.55,817.92,1694.99,987.51,43
16,player,664,0,0,1608.33,817.09,1699.77,986.68,43
16,player,665,0,0,1613.1,816.25,1704.55,985.84,43
16,player,666,0,0,1617.88,815.41,1709.32,985.0,43
16,player,667,0,0,1622.66,814.58,1714.1,984.17,43
16,player,668,0,0,1627.44,813.74,1718.88,983.33,43
16,player,669,0,0,1632.22,812.9,1723.66,982.49,43
16,player,670,0,0,1636.99,812.07,1728.44,981.66,43
16,player,671,0,0,1641.77,811.23,1733.22,980.82,43
16,player,672,0,0,1646.55,810.39,1737.99,979.98,43
16,player,673,0,0,1651.33,809.56,1742.77,979.15,43
16,player,674,0,0,1656.11,808.72,1747.55,978.31,43
16,player,675,0,0,1660.89,807.88,1752.33,977.47,43
16,player,676,0,0,1665.66,807.05,1757.11,976.64,43
16,player,677,0,0,1670.44,806.21,1761.88,975.8,43
16,player,678,0,0,1675.22,805.37,1766.66,974.96,43
16,player,679,0,0,1680.0,804.54,1771.44,974.13,43
16,player,680,0,0,1684.78,803.7,1776.22,973.29,43
16,player,681,0,0,1689.55,802.86,1781.0,972.45,43
16,player,682,0,0,1694.33,802.03,1785.78,971.62,43
16,player,683,0,0,1699.11,801.19,1790.55,970.78,43
16,player,684,0,0,1703.89,800.35,1795.33,969.94,43
16,player,685,0,0,1708.67,799.52,1800.11,969.11,43
16,player,686,0,0,1713.44,798.68,1804.89,968.27,43
16,player,687,0,0,1718.22,797.84,1809.67,967.43,43
16,player,688,0,0,1723.0,797.01,1814.44,966.6,43
16,player,689,0,0,1727.78,796.17,1819.22,965.76,43
16,player,690,0,0,1732.56,795.33,1824.0,964.92,43
16,player,691,0,0,1737.34,794.5,1828.78,964.09,43
16,player,692,0,0,1742.11,793.66,1833.56,963.25,43
16,player,693,0,0,1746.89,792.82,1838.33,962.41,43
16,player,694,0,0,1751.67,791.99,1843.11,961.58,43
16,player,695,0,0,1756.45,791.15,1847.89,960.74,43
16,player,696,0,0,1761.23,790.31,1852.67,959.9,43
16,player,697,0,0,1766.0,789.48,1857.45,959.07,43
16,player,698,0,0,1770.78,788.64,1862.23,958.23,43
16,player,699,0,0,1775.56,787.8,1867.0,957.39,43
16,player,700,0,0,1780.34,786.97,1871.78,956.56,43
16,player,701,0,0,1785.12,786.13,1876.56,955.72,43
16,player,702,0,0,1775.5,783.99,1866.94,953.58,43
16,player,703,0,0,1765.87,781.85,1857.32,951.45,43
16,player,704,0,0,1756.25,779.72,1847.7,949.31,43
16,player,705,0,0,1746.63,777.58,1838.07,947.17,43
16,player,706,0,0,1737.01,775.44,1828.45,945.03,43
16,player,707,0,0,1727.39,773.3,1818.83,942.89,43
16,player,708,0,0,1717.77,771.16,1809.21,940.75,43
16,player,709,0,0,1708.15,769.03,1799.59,938.62,43
16,player,710,0,0,1698.52,766.89,1789.97,936.48,43
16,player,711,0,0,1688.9,764.75,1780.35,934.34,43
16,player,712,0,0,1679.28,762.61,1770.72,932.2,43
16,player,713,0,0,1669.66,760.47,1761.1,930.06,43
16,player,714,0,0,1662.6,758.55,1754.05,928.14,43
16,player,715,0,0,1655.55,756.63,1746.99,926.22,43
16,player,716,0,0,1648.49,754.7,1739.94,924.29,43
16,player,717,0,0,1641.44,752.78,1732.88,922.37,43
16,player,718,0,0,1634.38,750.85,1725.82,920.44,43
16,player,719,0,0,1627.33,748.93,1718.77,918.52,43
16,player,720,0,0,1620.27,747.0,1711.71,916.59,43
16,player,721,0,0,1613.21,745.08,1704.66,914.67,43
16,player,722,0,0,1606.16,743.16,1697.6,912.75,43
16,player,723,0,0,1599.1,741.23,1690.55,910.82,43
16,player,724,0,0,1586.14,740.91,1677.58,910.5,43
16,player,725,0,0,1573.17,740.59,1664.62,910.18,43
16,player,726,0,0,1560.21,740.28,1651.65,909.87,43
16,player,727,0,0,1547.24,739.96,1638.69,909.55,43
16,player,728,0,0,1534.28,739.64,1625.72,909.23,43
16,player,729,0,0,1521.31,739.32,1612.76,908.91,43
16,player,730,0,0,1508.35,739.0,1599.79,908.59,43
16,player,731,0,0,1495.38,738.68,1586.83,908.27,43
16,player,732,0,0,1482.42,738.37,1573.86,907.96,43
16,player,733,0,0,1469.45,738.05,1560.9,907.64,43
16,player,734,0,0,1456.49,737.73,1547.93,907.32,43
16,player,735,0,0,1443.52,737.41,1534.97,907.0,43
16,player,736,0,0,1430.56,737.09,1522.0,906.68,43
16,player,737,0,0,1417.59,736.77,1509.04,906.36,43
16,player,738,0,0,1404.63,736.45,1496.07,906.05,43
16,player,739,0,0,1391.66,736.14,1483.11,905.73,43
16,player,740,0,0,1378.7,735.82,1470.14,905.41,43
16,player,741,0,0,1365.73,735.5,1457.18,905.09,43
16,player,742,0,0,1352.77,735.18,1444.21,904.77,43
16,player,743,0,0,1339.8,734.86,1431.25,904.45,43
16,player,744,0,0,1326.84,734.54,1418.28,904.13,43
16,player,745,0,0,1313.87,734.23,1405.32,903.82,43
16,player,746,0,0,1300.91,733.91,1392.35,903.5,43
16,player,747,0,0,1287.94,733.59,1379.39,903.18,43
16,player,748,0,0,1274.98,733.27,1366.42,902.86,43
16,player,749,0,0,1262.01,732.95,1353.46,902.54,43
16,player,750,0,0,1249.05,732.63,1340.49,902.22,43
16,player,751,0,0,1236.08,732.32,1327.53,901.91,43
16,player,752,0,0,1223.12,732.0,1314.56,901.59,43
16,player,753,0,0,1210.15,731.68,1301.6,901.27,43
16,player,754,0,0,1197.19,731.36,1288.63,900.95,43
16,player,755,0,0,1184.22,731.04,1275.67,900.63,43
16,player,756,0,0,1171.26,730.72,1262.7,900.31,43
16,player,757,0,0,1158.29,730.4,1249.74,899.99,43
16,player,758,0,0,1145.33,730.09,1236.77,899.68,43
16,player,759,0,0,1132.36,729.77,1223.81,899.36,43
16,player,760,0,0,1119.4,729.45,1210.84,899.04,43
16,player,761,0,0,1106.43,729.13,1197.88,898.72,43
16,player,762,0,0,1093.47,728.81,1184.91,898.4,43
16,player,763,0,0,1080.5,728.49,1171.95,898.08,43
16,player,764,0,0,1067.54,728.18,1158.98,897.77,43
16,player,765,0,0,1054.57,727.86,1146.02,897.45,43
16,player,766,0,0,1041.61,727.54,1133.05,897.13,43
16,player,767,0,0,1028.64,727.22,1120.09,896.81,43
16,player,768,0,0,1015.68,726.9,1107.12,896.49,43
16,player,769,0,0,1002.71,726.58,1094.16,896.17,43
16,player,770,0,0,989.75,726.26,1081.19,895.86,43
16,player,771,0,0,981.63,727.12,1073.07,896.71,43
16,player,772,0,0,973.5,727.98,1064.94,897.57,43
16,player,773,0,0,965.38,728.83,1056.82,898.42,43
16,player,774,0,0,957.25,729.69,1048.69,899.28,43
16,player,775,0,0,949.13,730.54,1040.57,900.13,43
16,player,776,0,0,941.0,731.4,1032.44,900.99,43
16,player,777,0,0,932.88,732.25,1024.32,901.84,43
16,player,778,0,0,924.75,733.11,1016.2,902.7,43
16,player,779,0,0,916.63,733.96,1008.07,903.55,43
16,player,780,0,0,908.5,734.82,999.95,904.41,43
16,player,781,0,0,900.38,735.67,991.82,905.26,43
16,player,782,0,0,892.25,736.53,983.7,906.12,43
16,player,783,0,0,884.13,737.38,975.57,906.97,43
16,player,784,0,0,876.0,738.24,967.45,907.83,43
16,player,785,0,0,867.88,739.09,959.32,908.68,43
16,player,786,0,0,870.06,739.01,961.5,908.6,43
16,player,787,0,0,872.24,738.92,963.68,908.51,43
16,player,788,0,0,874.42,738.84,965.86,908.43,43
16,player,789,0,0,876.6,738.75,968.05,908.34,43
16,player,790,0,0,878.78,738.67,970.23,908.26,43
16,player,791,0,0,880.96,738.58,972.41,908.17,43
16,player,792,0,0,883.14,738.49,974.59,908.08,43
16,player,793,0,0,885.33,738.41,976.77,908.0,43
16,player,794,0,0,887.51,738.32,978.95,907.91,43
16,player,795,0,0,889.69,738.24,981.13,907.83,43
16,player,796,0,0,891.87,738.15,983.31,907.74,43
16,player,797,0,0,894.05,738.07,985.49,907.66,43
16,player,798,0,0,896.23,737.98,987.67,907.57,43
16,player,799,0,0,898.41,737.9,989.85,907.49,43
16,player,800,0,0,900.59,737.81,992.03,907.4,43
16,player,801,0,0,902.77,737.72,994.22,907.31,43
16,player,802,0,0,904.95,737.64,996.4,907.23,43
16,player,803,0,0,907.13,737.55,998.58,907.14,43
16,player,804,0,0,909.32,737.47,1000.76,907.06,43
16,player,805,0,0,911.5,737.38,1002.94,906.97,43
16,player,806,0,0,913.68,737.3,1005.12,906.89,43
16,player,807,0,0,915.86,737.21,1007.3,906.8,43
16,player,808,0,0,918.04,737.13,1009.48,906.72,43
16,player,809,0,0,920.22,737.04,1011.66,906.63,43
16,player,810,0,0,922.4,736.95,1013.84,906.55,43
16,player,811,0,0,924.58,736.87,1016.02,906.46,43
16,player,812,0,0,926.76,736.78,1018.21,906.37,43
16,player,813,0,0,928.94,736.7,1020.39,906.29,43
16,player,814,0,0,931.12,736.61,1022.57,906.2,43
16,player,815,0,0,933.3,736.53,1024.75,906.12,43
16,player,816,0,0,935.49,736.44,1026.93,906.03,43
16,player,817,0,0,937.67,736.36,1029.11,905.95,43
16,player,818,0,0,939.85,736.27,1031.29,905.86,43
16,player,819,0,0,942.03,736.18,1033.47,905.78,43
16,player,820,0,0,944.21,736.1,1035.65,905.69,43
16,player,821,0,0,946.39,736.01,1037.83,905.6,43
16,player,822,0,0,948.57,735.93,1040.01,905.52,43
16,player,823,0,0,950.75,735.84,1042.19,905.43,43
16,player,824,0,0,952.93,735.76,1044.38,905.35,43
16,player,825,0,0,955.11,735.67,1046.56,905.26,43
16,player,826,0,0,957.29,735.59,1048.74,905.18,43
16,player,827,0,0,959.48,735.5,1050.92,905.09,43
16,player,828,0,0,961.66,735.42,1053.1,905.01,43
16,player,829,0,0,963.84,735.33,1055.28,904.92,43
16,player,830,0,0,966.02,735.24,1057.46,904.83,43
16,player,831,0,0,968.2,735.16,1059.64,904.75,43
16,player,832,0,0,970.38,735.07,1061.82,904.66,43
16,player,833,0,0,972.56,734.99,1064.0,904.58,43
16,player,834,0,0,974.74,734.9,1066.18,904.49,43
16,player,835,0,0,976.92,734.82,1068.36,904.41,43
16,player,836,0,0,986.04,734.48,1077.48,904.07,43
16,player,837,0,0,995.15,734.14,1086.59,903.73,43
16,player,838,0,0,1004.27,733.8,1095.71,903.39,43
16,player,839,0,0,1013.38,733.47,1104.82,903.06,43
16,player,840,0,0,1022.5,733.13,1113.94,902.72,43
16,player,841,0,0,1031.61,732.79,1123.06,902.38,43
16,player,842,0,0,1040.73,732.45,1132.17,902.04,43
16,player,843,0,0,1049.84,732.12,1141.29,901.71,43
16,player,844,0,0,1058.96,731.78,1150.4,901.37,43
16,player,845,0,0,1068.07,731.44,1159.52,901.03,43
16,player,846,0,0,1077.19,731.1,1168.63,900.69,43
16,player,847,0,0,1086.3,730.77,1177.75,900.36,43
16,player,848,0,0,1095.42,730.43,1186.86,900.02,43
16,player,849,0,0,1104.53,730.09,1195.98,899.68,43
16,player,850,0,0,1113.65,729.75,1205.09,899.34,43
16,player,851,0,0,1122.76,729.42,1214.21,899.01,43
16,player,852,0,0,1131.88,729.08,1223.32,898.67,43
16,player,853,0,0,1140.99,728.74,1232.44,898.33,43
16,player,854,0,0,1150.11,728.4,1241.55,897.99,43
16,player,855,0,0,1156.06,727.79,1247.51,897.38,43
16,player,856,0,0,1162.02,727.18,1253.46,896.77,43
16,player,857,0,0,1167.98,726.57,1259.42,896.16,43
16,player,858,0,0,1173.93,725.96,1265.37,895.55,43
16,player,859,0,0,1179.89,725.35,1271.33,894.94,43
16,player,860,0,0,1185.84,724.74,1277.29,894.33,43
16,player,861,0,0,1191.8,724.13,1283.24,893.72,43
16,player,862,0,0,1197.76,723.52,1289.2,893.11,43
16,player,863,0,0,1203.71,722.9,1295.15,892.5,43
16,player,864,0,0,1209.67,722.29,1301.11,891.88,43
16,player,865,0,0,1215.62,721.68,1307.07,891.27,43
16,player,866,0,0,1221.58,721.07,1313.02,890.66,43
16,player,867,0,0,1227.54,720.46,1318.98,890.05,43
16,player,868,0,0,1233.49,719.85,1324.94,889.44,43
16,player,869,0,0,1239.1,721.19,1330.55,890.78,43
16,player,870,0,0,1244.72,722.52,1336.16,892.11,43
16,player,871,0,0,1250.33,723.86,1341.77,893.45,43
16,player,872,0,0,1255.94,725.2,1347.39,894.79,43
16,player,873,0,0,1261.55,726.53,1353.0,896.12,43
16,player,874,0,0,1267.17,727.87,1358.61,897.46,43
16,player,875,0,0,1272.78,729.2,1364.22,898.8,43
16,player,876,0,0,1278.39,730.54,1369.84,900.13,43
16,player,877,0,0,1278.39,730.54,1369.84,900.13,43
16,player,878,0,0,1278.39,730.54,1369.84,900.13,43
16,player,879,0,0,1278.39,730.54,1369.84,900.13,43
16,player,880,0,0,1278.39,730.54,1369.84,900.13,43
16,player,881,0,0,1278.39,730.54,1369.84,900.13,43
16,player,882,0,0,1278.39,730.54,1369.84,900.13,43
16,player,883,0,0,1278.39,730.54,1369.84,900.13,43
16,player,884,0,0,1278.39,730.54,1369.84,900.13,43
16,player,885,0,0,1278.39,730.54,1369.84,900.13,43
16,player,886,0,0,1278.39,730.54,1369.84,900.13,43
16,player,887,0,0,1278.39,730.54,1369.84,900.13,43
16,player,888,0,0,1278.39,730.54,1369.84,900.13,43
16,player,889,0,0,1278.39,730.54,1369.84,900.13,43
16,player,890,0,0,1278.39,730.54,1369.84,900.13,43
16,player,891,0,0,1278.39,730.54,1369.84,900.13,43
16,player,892,0,0,1278.39,730.54,1369.84,900.13,43
16,player,893,0,0,1278.39,730.54,1369.84,900.13,43
16,player,894,0,0,1278.39,730.54,1369.84,900.13,43
16,player,895,0,0,1278.39,730.54,1369.84,900.13,43
16,player,896,0,0,1278.39,730.54,1369.84,900.13,43
16,player,897,0,0,1278.39,730.54,1369.84,900.13,43
16,player,898,0,0,1278.39,730.54,1369.84,900.13,43
16,player,899,0,0,1278.39,730.54,1369.84,900.13,43
17,player,187,0,0,5.4,538.8,74.0,695.78,23
17,player,188,0,0,30.75,538.8,99.35,695.78,23
17,player,189,0,0,49.77,540.07,118.37,697.05,23
17,player,190,0,0,68.78,541.33,137.38,698.32,23
17,player,191,0,0,82.98,540.83,151.58,697.81,23
17,player,192,0,0,97.17,540.32,165.78,697.3,23
17,player,193,0,0,111.37,539.81,179.97,696.8,23
17,player,194,0,0,125.57,539.31,194.17,696.29,23
17,player,195,0,0,139.77,538.8,208.37,695.78,23
17,player,196,0,0,145.86,537.87,214.46,694.85,23
17,player,197,0,0,151.95,536.94,220.55,693.92,23
17,player,198,0,0,158.05,536.01,226.65,692.99,23
17,player,199,0,0,164.14,535.08,232.74,692.06,23
17,player,200,0,0,170.23,534.15,238.83,691.13,23
17,player,201,0,0,176.33,533.22,244.93,690.2,23
17,player,202,0,0,182.42,532.29,251.02,689.28,23
17,player,203,0,0,188.51,531.36,257.11,688.35,23
17,player,204,0,0,194.61,530.43,263.21,687.42,23
17,player,205,0,0,200.7,529.51,269.3,686.49,23
17,player,206,0,0,206.79,528.58,275.39,685.56,23
17,player,207,0,0,212.88,527.65,281.49,684.63,23
17,player,208,0,0,218.98,526.72,287.58,683.7,23
17,player,209,0,0,225.07,525.79,293.67,682.77,23
17,player,210,0,0,231.16,524.86,299.76,681.84,23
17,player,211,0,0,237.26,523.93,305.86,680.91,23
17,player,212,0,0,243.35,523.0,311.95,679.98,23
17,player,213,0,0,249.44,522.07,318.04,679.05,23
17,player,214,0,0,255.54,521.14,324.14,678.12,23
17,player,215,0,0,261.63,520.21,330.23,677.19,23
17,player,216,0,0,267.72,519.28,336.32,676.26,23
17,player,217,0,0,273.82,518.35,342.42,675.33,23
17,player,218,0,0,279.91,517.42,348.51,674.4,23
17,player,219,0,0,286.0,516.49,354.6,673.47,23
17,player,220,0,0,292.1,515.56,360.7,672.55,23
17,player,221,0,0,292.33,513.49,360.93,670.47,23
17,player,222,0,0,292.56,511.41,361.16,668.4,23
17,player,223,0,0,292.79,509.34,361.39,666.32,23
17,player,224,0,0,293.02,507.27,361.62,664.25,23
17,player,225,0,0,293.25,505.19,361.85,662.17,23
17,player,226,0,0,293.48,503.12,362.08,660.1,23
17,player,227,0,0,293.71,501.04,362.31,658.03,23
17,player,228,0,0,293.94,498.97,362.54,655.95,23
17,player,229,0,0,294.17,496.9,362.77,653.88,23
17,player,230,0,0,294.4,494.82,363.0,651.8,23
17,player,231,0,0,294.63,492.75,363.23,649.73,23
17,player,232,0,0,294.86,490.67,363.46,647.65,23
17,player,233,0,0,295.09,488.6,363.69,645.58,23
17,player,234,0,0,295.32,486.52,363.92,643.51,23
17,player,235,0,0,295.55,484.45,364.15,641.43,23
17,player,236,0,0,295.78,482.38,364.38,639.36,23
17,player,237,0,0,296.01,480.3,364.61,637.28,23
17,player,238,0,0,296.24,478.23,364.84,635.21,23
17,player,239,0,0,296.47,476.15,365.08,633.13,23
17,player,240,0,0,296.71,474.08,365.31,631.06,23
17,player,241,0,0,296.94,472.0,365.54,628.99,23
17,player,242,0,0,297.17,469.93,365.77,626.91,23
17,player,243,0,0,297.17,465.58,365.77,622.57,23
17,player,244,0,0,297.17,461.24,365.77,618.22,23
17,player,245,0,0,297.17,456.89,365.77,613.87,23
17,player,246,0,0,297.17,452.55,365.77,609.53,23
17,player,247,0,0,297.17,448.2,365.77,605.18,23
17,player,248,0,0,297.17,443.85,365.77,600.83,23
17,player,249,0,0,297.17,439.51,365.77,596.49,23
17,player,250,0,0,292.7,439.14,361.3,596.13,23
17,player,251,0,0,288.23,438.78,356.83,595.76,23
17,player,252,0,0,283.77,438.42,352.37,595.4,23
17,player,253,0,0,279.3,438.06,347.9,595.04,23
17,player,254,0,0,274.83,437.7,343.43,594.68,23
17,player,255,0,0,270.37,437.33,338.97,594.32,23
17,player,256,0,0,265.9,436.97,334.5,593.95,23
17,player,257,0,0,261.43,436.61,330.03,593.59,23
17,player,258,0,0,256.96,436.25,325.57,593.23,23
17,player,259,0,0,252.5,435.89,321.1,592.87,23
17,player,260,0,0,248.03,435.52,316.63,592.5,23
17,player,261,0,0,243.56,435.16,312.17,592.14,23
17,player,262,0,0,239.1,434.8,307.7,591.78,23
17,player,263,0,0,234.63,434.44,303.23,591.42,23
17,player,264,0,0,230.16,434.07,298.76,591.06,23
17,player,265,0,0,225.7,433.71,294.3,590.69,23
17,player,266,0,0,221.23,433.35,289.83,590.33,23
17,player,267,0,0,216.76,432.99,285.36,589.97,23
17,player,268,0,0,212.3,432.63,280.9,589.61,23
17,player,269,0,0,207.83,432.26,276.43,589.25,23
17,player,270,0,0,203.36,431.9,271.96,588.88,23
17,player,271,0,0,199.64,432.24,268.25,589.22,23
17,player,272,0,0,195.93,432.58,264.53,589.56,23
17,player,273,0,0,192.21,432.92,260.81,589.9,23
17,player,274,0,0,188.49,433.25,257.09,590.24,23
17,player,275,0,0,184.77,433.59,253.37,590.57,23
17,player,276,0,0,181.05,433.93,249.65,590.91,23
17,player,277,0,0,177.34,434.27,245.94,591.25,23
17,player,278,0,0,173.62,434.61,242.22,591.59,23
17,player,279,0,0,169.9,434.94,238.5,591.93,23
17,player,280,0,0,166.18,435.28,234.78,592.26,23
17,player,281,0,0,162.46,435.62,231.06,592.6,23
17,player,282,0,0,158.74,435.96,227.34,592.94,23
17,player,283,0,0,155.03,436.3,223.63,593.28,23
17,player,284,0,0,151.31,436.63,219.91,593.62,23
17,player,285,0,0,147.59,436.97,216.19,593.95,23
17,player,286,0,0,146.3,437.43,214.9,594.41,23
17,player,287,0,0,145.01,437.89,213.61,594.88,23
17,player,288,0,0,143.72,438.35,212.32,595.34,23
17,player,289,0,0,142.43,438.82,211.03,595.8,23
17,player,290,0,0,141.14,439.28,209.74,596.26,23
17,player,291,0,0,139.85,439.74,208.45,596.72,23
17,player,292,0,0,138.55,440.2,207.15,597.18,23
17,player,293,0,0,137.26,440.66,205.86,597.64,23
17,player,294,0,0,135.97,441.12,204.57,598.1,23
17,player,295,0,0,134.68,441.58,203.28,598.56,23
17,player,296,0,0,133.39,442.04,201.99,599.02,23
17,player,297,0,0,132.1,442.5,200.7,599.48,23
17,player,298,0,0,130.81,442.96,199.41,599.95,23
17,player,299,0,0,129.52,443.43,198.12,600.41,23
17,player,300,0,0,128.23,443.89,196.83,600.87,23
17,player,301,0,0,126.94,444.35,195.54,601.33,23
17,player,302,0,0,125.65,444.81,194.25,601.79,23
17,player,303,0,0,124.36,445.27,192.96,602.25,23
17,player,304,0,0,123.07,445.73,191.67,602.71,23
17,player,305,0,0,121.78,446.19,190.38,603.17,23
17,player,306,0,0,120.49,446.65,189.09,603.63,23
17,player,307,0,0,119.19,447.11,187.8,604.09,23
17,player,308,0,0,117.9,447.57,186.5,604.56,23
17,player,309,0,0,116.61,448.03,185.21,605.02,23
17,player,310,0,0,115.32,448.5,183.92,605.48,23
17,player,311,0,0,114.03,448.96,182.63,605.94,23
17,player,312,0,0,112.74,449.42,181.34,606.4,23
17,player,313,0,0,111.45,449.88,180.05,606.86,23
17,player,314,0,0,110.16,450.34,178.76,607.32,23
17,player,315,0,0,108.87,450.8,177.47,607.78,23
17,player,316,0,0,107.58,451.26,176.18,608.24,23
17,player,317,0,0,106.29,451.72,174.89,608.7,23
17,player,318,0,0,105.0,452.18,173.6,609.17,23
17,player,319,0,0,103.71,452.64,172.31,609.63,23
17,player,320,0,0,102.42,453.11,171.02,610.09,23
17,player,321,0,0,101.13,453.57,169.73,610.55,23
17,player,322,0,0,99.84,454.03,168.44,611.01,23
17,player,323,0,0,98.54,454.49,167.15,611.47,23
17,player,324,0,0,97.25,454.95,165.85,611.93,23
17,player,325,0,0,95.96,455.41,164.56,612.39,23
17,player,326,0,0,94.67,455.87,163.27,612.85,23
17,player,327,0,0,93.38,456.33,161.98,613.31,23
17,player,328,0,0,92.09,456.79,160.69,613.77,23
17,player,329,0,0,90.8,457.25,159.4,614.24,23
17,player,330,0,0,89.51,457.71,158.11,614.7,23
17,player,331,0,0,88.22,458.18,156.82,615.16,23
17,player,332,0,0,86.93,458.64,155.53,615.62,23
17,player,333,0,0,85.64,459.1,154.24,616.08,23
17,player,334,0,0,84.35,459.56,152.95,616.54,23
17,player,335,0,0,83.06,460.02,151.66,617.0,23
17,player,336,0,0,81.77,460.48,150.37,617.46,23
17,player,337,0,0,80.48,460.94,149.08,617.92,23
17,player,338,0,0,79.18,461.4,147.79,618.38,23
17,player,339,0,0,77.89,461.86,146.49,618.85,23
17,player,340,0,0,76.6,462.32,145.2,619.31,23
17,player,341,0,0,76.74,462.32,145.34,619.31,23
17,player,342,0,0,76.87,462.32,145.48,619.31,23
17,player,343,0,0,77.01,462.32,145.61,619.31,23
17,player,344,0,0,77.15,462.32,145.75,619.31,23
17,player,345,0,0,77.28,462.32,145.88,619.31,23
17,player,346,0,0,77.42,462.32,146.02,619.31,23
17,player,347,0,0,77.55,462.32,146.15,619.31,23
17,player,348,0,0,77.69,462.32,146.29,619.31,23
17,player,349,0,0,77.82,462.32,146.42,619.31,23
17,player,350,0,0,77.96,462.32,146.56,619.31,23
17,player,351,0,0,78.1,462.32,146.7,619.31,23
17,player,352,0,0,78.23,462.32,146.83,619.31,23
17,player,353,0,0,78.37,462.32,146.97,619.31,23
17,player,354,0,0,78.5,462.32,147.1,619.31,23
17,player,355,0,0,78.64,462.32,147.24,619.31,23
17,player,356,0,0,78.77,462.32,147.37,619.31,23
17,player,357,0,0,78.91,462.32,147.51,619.31,23
17,player,358,0,0,79.04,462.32,147.65,619.31,23
17,player,359,0,0,79.18,462.32,147.78,619.31,23
17,player,360,0,0,79.32,462.32,147.92,619.31,23
17,player,361,0,0,79.45,462.32,148.05,619.31,23
17,player,362,0,0,79.59,462.32,148.19,619.31,23
17,player,363,0,0,79.72,462.32,148.32,619.31,23
17,player,364,0,0,79.86,462.32,148.46,619.31,23
17,player,365,0,0,79.99,462.32,148.59,619.31,23
17,player,366,0,0,80.13,462.32,148.73,619.31,23
17,player,367,0,0,80.27,462.32,148.87,619.31,23
17,player,368,0,0,80.4,462.32,149.0,619.31,23
17,player,369,0,0,80.54,462.32,149.14,619.31,23
17,player,370,0,0,80.67,462.32,149.27,619.31,23
17,player,371,0,0,80.81,462.32,149.41,619.31,23
17,player,372,0,0,80.94,462.32,149.54,619.31,23
17,player,373,0,0,81.08,462.32,149.68,619.31,23
17,player,374,0,0,81.22,462.32,149.82,619.31,23
17,player,375,0,0,81.35,462.32,149.95,619.31,23
17,player,376,0,0,81.49,462.32,150.09,619.31,23
17,player,377,0,0,81.62,462.32,150.22,619.31,23
17,player,378,0,0,81.76,462.32,150.36,619.31,23
17,player,379,0,0,81.89,462.32,150.49,619.31,23
17,player,380,0,0,82.03,462.32,150.63,619.31,23
17,player,381,0,0,82.16,462.32,150.77,619.31,23
17,player,382,0,0,82.3,462.32,150.9,619.31,23
17,player,383,0,0,82.44,462.32,151.04,619.31,23
17,player,384,0,0,82.57,462.32,151.17,619.31,23
17,player,385,0,0,82.71,462.32,151.31,619.31,23
17,player,386,0,0,82.84,462.32,151.44,619.31,23
17,player,387,0,0,82.98,462.32,151.58,619.31,23
17,player,388,0,0,83.11,462.32,151.71,619.31,23
17,player,389,0,0,83.25,462.32,151.85,619.31,23
17,player,390,0,0,83.39,462.32,151.99,619.31,23
17,player,391,0,0,83.52,462.32,152.12,619.31,23
17,player,392,0,0,83.66,462.32,152.26,619.31,23
17,player,393,0,0,83.79,462.32,152.39,619.31,23
17,player,394,0,0,83.93,462.32,152.53,619.31,23
17,player,395,0,0,87.13,462.32,155.73,619.31,23
17,player,396,0,0,90.34,462.32,158.94,619.31,23
17,player,397,0,0,93.54,462.32,162.14,619.31,23
17,player,398,0,0,96.74,462.32,165.35,619.31,23
17,player,399,0,0,99.95,462.32,168.55,619.31,23
17,player,400,0,0,103.15,462.32,171.75,619.31,23
17,player,401,0,0,106.36,462.32,174.96,619.31,23
17,player,402,0,0,109.56,462.32,178.16,619.31,23
17,player,403,0,0,114.37,461.66,182.97,618.64,23
17,player,404,0,0,119.17,460.99,187.77,617.97,23
17,player,405,0,0,123.97,460.32,192.57,617.3,23
17,player,406,0,0,128.78,459.66,197.38,616.64,23
17,player,407,0,0,133.58,458.99,202.18,615.97,23
17,player,408,0,0,138.38,458.32,206.98,615.3,23
17,player,409,0,0,143.19,457.65,211.79,614.64,23
17,player,410,0,0,147.99,456.99,216.59,613.97,23
17,player,411,0,0,152.79,456.32,221.39,613.3,23
17,player,412,0,0,157.6,455.65,226.2,612.63,23
17,player,413,0,0,162.4,454.99,231.0,611.97,23
17,player,414,0,0,167.2,454.32,235.8,611.3,23
17,player,415,0,0,172.01,453.65,240.61,610.63,23
17,player,416,0,0,176.81,452.98,245.41,609.97,23
17,player,417,0,0,181.61,452.32,250.22,609.3,23
17,player,418,0,0,186.42,451.65,255.02,608.63,23
17,player,419,0,0,191.22,450.98,259.82,607.96,23
17,player,420,0,0,196.03,450.32,264.63,607.3,23
17,player,421,0,0,200.83,449.65,269.43,606.63,23
17,player,422,0,0,210.34,451.76,278.94,608.74,23
17,player,423,0,0,219.84,453.87,288.44,610.86,23
17,player,424,0,0,229.35,455.99,297.95,612.97,23
17,player,425,0,0,238.86,458.1,307.46,615.08,23
17,player,426,0,0,248.36,460.21,316.97,617.19,23
17,player,427,0,0,257.87,462.32,326.47,619.31,23
17,player,428,0,0,267.38,464.44,335.98,621.42,23
17,player,429,0,0,276.89,466.55,345.49,623.53,23
17,player,430,0,0,286.39,468.66,354.99,625.64,23
17,player,431,0,0,295.9,470.78,364.5,627.76,23
17,player,432,0,0,305.41,472.89,374.01,629.87,23
17,player,433,0,0,314.91,475.0,383.51,631.98,23
17,player,434,0,0,314.91,475.67,383.51,632.65,23
17,player,435,0,0,314.91,476.34,383.51,633.32,23
17,player,436,0,0,314.91,477.0,383.51,633.98,23
17,player,437,0,0,314.91,477.67,383.51,634.65,23
17,player,438,0,0,314.91,478.34,383.51,635.32,23
17,player,439,0,0,314.91,479.0,383.51,635.99,23
17,player,440,0,0,314.91,479.67,383.51,636.65,23
17,player,441,0,0,314.91,480.34,383.51,637.32,23
17,player,442,0,0,314.91,481.01,383.51,637.99,23
17,player,443,0,0,314.91,481.67,383.51,638.65,23
17,player,444,0,0,314.91,482.34,383.51,639.32,23
17,player,445,0,0,314.91,483.01,383.51,639.99,23
17,player,446,0,0,314.91,483.67,383.51,640.66,23
17,player,447,0,0,314.91,484.34,383.51,641.32,23
17,player,448,0,0,314.91,485.01,383.51,641.99,23
17,player,449,0,0,314.91,485.68,383.51,642.66,23
17,player,450,0,0,314.91,486.34,383.51,643.32,23
17,player,451,0,0,314.91,487.01,383.51,643.99,23
17,player,452,0,0,314.91,487.68,383.51,644.66,23
17,player,453,0,0,314.91,488.34,383.51,645.33,23
17,player,454,0,0,314.91,489.01,383.51,645.99,23
17,player,455,0,0,314.91,489.68,383.51,646.66,23
17,player,456,0,0,314.91,490.35,383.51,647.33,23
17,player,457,0,0,314.91,491.01,383.51,647.99,23
17,player,458,0,0,314.91,491.68,383.51,648.66,23
17,player,459,0,0,314.91,492.35,383.51,649.33,23
17,player,460,0,0,314.91,493.01,383.51,650.0,23
17,player,461,0,0,314.91,493.68,383.51,650.66,23
17,player,462,0,0,314.91,494.35,383.51,651.33,23
17,player,463,0,0,314.91,495.02,383.51,652.0,23
17,player,464,0,0,314.91,495.68,383.51,652.66,23
17,player,465,0,0,314.91,496.35,383.51,653.33,23
17,player,466,0,0,314.91,497.02,383.51,654.0,23
17,player,467,0,0,314.91,497.68,383.51,654.67,23
17,player,468,0,0,314.91,498.35,383.51,655.33,23
17,player,469,0,0,314.91,499.02,383.51,656.0,23
17,player,470,0,0,314.91,499.69,383.51,656.67,23
17,player,471,0,0,314.91,500.35,383.51,657.34,23
17,player,472,0,0,314.91,501.02,383.51,658.0,23
17,player,473,0,0,314.91,501.69,383.51,658.67,23
17,player,474,0,0,314.91,502.35,383.51,659.34,23
17,player,475,0,0,314.91,503.02,383.51,660.0,23
17,player,476,0,0,314.91,503.69,383.51,660.67,23
17,player,477,0,0,314.91,504.36,383.51,661.34,23
17,player,478,0,0,314.91,505.02,383.51,662.01,23
17,player,479,0,0,314.91,505.69,383.51,662.67,23
17,player,480,0,0,314.91,506.36,383.51,663.34,23
17,player,481,0,0,314.91,507.02,383.51,664.01,23
17,player,482,0,0,314.91,507.69,383.51,664.67,23
17,player,483,0,0,314.91,508.36,383.51,665.34,23
17,player,484,0,0,314.91,509.03,383.51,666.01,23
17,player,485,0,0,314.91,509.69,383.51,666.68,23
17,player,486,0,0,314.91,510.36,383.51,667.34,23
17,player,487,0,0,314.91,511.03,383.51,668.01,23
17,player,488,0,0,314.91,511.69,383.51,668.68,23
17,player,489,0,0,314.91,512.36,383.51,669.34,23
17,player,490,0,0,314.91,513.03,383.51,670.01,23
17,player,491,0,0,314.03,514.5,382.63,671.49,23
17,player,492,0,0,313.14,515.98,381.75,672.96,23
17,player,493,0,0,312.26,517.45,380.86,674.43,23
17,player,494,0,0,311.38,518.93,379.98,675.91,23
17,player,495,0,0,310.49,520.4,379.09,677.38,23
17,player,496,0,0,309.61,521.88,378.21,678.86,23
17,player,497,0,0,308.72,523.35,377.32,680.33,23
17,player,498,0,0,307.84,524.83,376.44,681.81,23
17,player,499,0,0,306.95,526.3,375.55,683.28,23
17,player,500,0,0,306.07,527.77,374.67,684.76,23
17,player,501,0,0,305.18,529.25,373.78,686.23,23
17,player,502,0,0,304.3,530.72,372.9,687.71,23
17,player,503,0,0,303.41,532.2,372.01,689.18,23
17,player,504,0,0,302.53,533.67,371.13,690.65,23
17,player,505,0,0,301.64,535.15,370.24,692.13,23
17,player,506,0,0,300.76,536.62,369.36,693.6,23
17,player,507,0,0,299.87,538.1,368.47,695.08,23
17,player,508,0,0,298.99,539.57,367.59,696.55,23
17,player,509,0,0,298.1,541.05,366.7,698.03,23
17,player,510,0,0,297.22,542.52,365.82,699.5,23
17,player,511,0,0,296.33,543.99,364.94,700.98,23
17,player,512,0,0,295.45,545.47,364.05,702.45,23
17,player,513,0,0,294.57,546.94,363.17,703.93,23
17,player,514,0,0,293.68,548.42,362.28,705.4,23
17,player,515,0,0,292.8,549.89,361.4,706.87,23
17,player,516,0,0,291.91,551.37,360.51,708.35,23
17,player,517,0,0,291.03,552.84,359.63,709.82,23
17,player,518,0,0,290.14,554.32,358.74,711.3,23
17,player,519,0,0,289.26,555.79,357.86,712.77,23
17,player,520,0,0,287.24,555.79,355.84,712.77,23
17,player,521,0,0,285.22,555.79,353.82,712.77,23
17,player,522,0,0,283.2,555.79,351.8,712.77,23
17,player,523,0,0,281.18,555.79,349.78,712.77,23
17,player,524,0,0,279.16,555.79,347.76,712.77,23
17,player,525,0,0,277.14,555.79,345.74,712.77,23
17,player,526,0,0,275.12,555.79,343.72,712.77,23
17,player,527,0,0,273.1,555.79,341.7,712.77,23
17,player,528,0,0,271.08,555.79,339.68,712.77,23
17,player,529,0,0,269.06,555.79,337.66,712.77,23
17,player,530,0,0,267.04,555.79,335.64,712.77,23
17,player,531,0,0,265.03,555.79,333.63,712.77,23
17,player,532,0,0,263.01,555.79,331.61,712.77,23
17,player,533,0,0,260.99,555.79,329.59,712.77,23
17,player,534,0,0,258.97,555.79,327.57,712.77,23
17,player,535,0,0,256.95,555.79,325.55,712.77,23
17,player,536,0,0,254.93,555.79,323.53,712.77,23
17,player,537,0,0,252.91,555.79,321.51,712.77,23
17,player,538,0,0,248.28,556.86,316.88,713.84,23
17,player,539,0,0,243.64,557.93,312.24,714.91,23
17,player,540,0,0,239.01,559.0,307.61,715.98,23
17,player,541,0,0,234.38,560.07,302.98,717.05,23
17,player,542,0,0,229.75,561.14,298.35,718.12,23
17,player,543,0,0,225.11,562.21,293.71,719.19,23
17,player,544,0,0,221.63,562.01,290.23,718.99,23
17,player,545,0,0,218.15,561.81,286.75,718.79,23
17,player,546,0,0,214.67,561.61,283.27,718.59,23
17,player,547,0,0,211.19,561.41,279.79,718.39,23
17,player,548,0,0,207.71,561.21,276.31,718.19,23
17,player,549,0,0,204.23,561.01,272.83,717.99,23
17,player,550,0,0,200.75,560.81,269.35,717.79,23
17,player,551,0,0,197.27,560.61,265.87,717.6,23
17,player,552,0,0,193.79,560.42,262.39,717.4,23
17,player,553,0,0,190.31,560.22,258.91,717.2,23
17,player,554,0,0,186.83,560.02,255.43,717.0,23
17,player,555,0,0,183.35,559.82,251.95,716.8,23
17,player,556,0,0,179.87,559.62,248.47,716.6,23
17,player,557,0,0,176.39,559.42,244.99,716.4,23
17,player,558,0,0,172.91,559.22,241.51,716.2,23
17,player,559,0,0,169.42,559.02,238.03,716.0,23
17,player,560,0,0,165.94,558.82,234.54,715.81,23
17,player,561,0,0,162.46,558.63,231.06,715.61,23
17,player,562,0,0,158.98,558.43,227.58,715.41,23
17,player,563,0,0,155.5,558.23,224.1,715.21,23
17,player,564,0,0,152.02,558.03,220.62,715.01,23
17,player,565,0,0,148.54,557.83,217.14,714.81,23
17,player,566,0,0,145.06,557.63,213.66,714.61,23
17,player,567,0,0,141.58,557.43,210.18,714.41,23
17,player,568,0,0,138.1,557.23,206.7,714.21,23
17,player,569,0,0,134.62,557.03,203.22,714.02,23
17,player,570,0,0,131.14,556.84,199.74,713.82,23
17,player,571,0,0,127.66,556.64,196.26,713.62,23
17,player,572,0,0,124.18,556.44,192.78,713.42,23
17,player,573,0,0,120.7,556.24,189.3,713.22,23
17,player,574,0,0,117.22,556.04,185.82,713.02,23
17,player,575,0,0,113.73,555.84,182.34,712.82,23
17,player,576,0,0,110.25,555.64,178.85,712.62,23
17,player,577,0,0,106.77,555.44,175.37,712.43,23
17,player,578,0,0,103.29,555.24,171.89,712.23,23
17,player,579,0,0,99.81,555.05,168.41,712.03,23
17,player,580,0,0,96.33,554.85,164.93,711.83,23
17,player,581,0,0,92.85,554.65,161.45,711.63,23
17,player,582,0,0,89.37,554.45,157.97,711.43,23
17,player,583,0,0,85.89,554.25,154.49,711.23,23
17,player,584,0,0,82.41,554.05,151.01,711.03,23
17,player,585,0,0,78.93,553.85,147.53,710.83,23
17,player,586,0,0,75.45,553.65,144.05,710.64,23
17,player,587,0,0,77.64,552.98,146.24,709.97,23
17,player,588,0,0,79.84,552.31,148.44,709.3,23
17,player,589,0,0,82.03,551.65,150.63,708.63,23
17,player,590,0,0,84.22,550.98,152.82,707.96,23
17,player,591,0,0,86.42,550.31,155.02,707.29,23
17,player,592,0,0,88.61,549.64,157.21,706.62,23
17,player,593,0,0,90.81,548.97,159.41,705.95,23
17,player,594,0,0,93.0,548.3,161.6,705.28,23
17,player,595,0,0,95.19,547.63,163.79,704.61,23
17,player,596,0,0,97.39,546.96,165.99,703.94,23
17,player,597,0,0,99.58,546.29,168.18,703.27,23
17,player,598,0,0,101.77,545.62,170.38,702.6,23
17,player,599,0,0,103.97,544.95,172.57,701.93,23
17,player,600,0,0,106.16,544.28,174.76,701.26,23
17,player,601,0,0,108.36,543.61,176.96,700.6,23
17,player,602,0,0,110.55,542.94,179.15,699.93,23
17,player,603,0,0,112.74,542.28,181.34,699.26,23
17,player,604,0,0,114.94,541.61,183.54,698.59,23
17,player,605,0,0,117.13,540.94,185.73,697.92,23
17,player,606,0,0,119.33,540.27,187.93,697.25,23
17,player,607,0,0,121.52,539.6,190.12,696.58,23
17,player,608,0,0,123.71,538.93,192.31,695.91,23
17,player,609,0,0,125.91,538.26,194.51,695.24,23
17,player,610,0,0,128.1,537.59,196.7,694.57,23
17,player,611,0,0,130.29,536.92,198.9,693.9,23
17,player,612,0,0,132.49,536.25,201.09,693.23,23
17,player,613,0,0,134.68,535.58,203.28,692.56,23
17,player,614,0,0,136.88,534.91,205.48,691.89,23
17,player,615,0,0,139.07,534.24,207.67,691.23,23
17,player,616,0,0,141.26,533.57,209.86,690.56,23
17,player,617,0,0,143.46,532.9,212.06,689.89,23
17,player,618,0,0,145.65,532.24,214.25,689.22,23
17,player,619,0,0,147.85,531.57,216.45,688.55,23
17,player,620,0,0,150.04,530.9,218.64,687.88,23
17,player,621,0,0,152.23,530.23,220.83,687.21,23
17,player,622,0,0,154.43,529.56,223.03,686.54,23
17,player,623,0,0,156.62,528.89,225.22,685.87,23
17,player,624,0,0,158.81,528.22,227.42,685.2,23
17,player,625,0,0,161.01,527.55,229.61,684.53,23
17,player,626,0,0,163.2,526.88,231.8,683.86,23
17,player,627,0,0,165.4,526.21,234.0,683.19,23
17,player,628,0,0,167.59,525.54,236.19,682.52,23
17,player,629,0,0,169.78,524.87,238.38,681.85,23
17,player,630,0,0,171.98,524.2,240.58,681.19,23
17,player,631,0,0,174.17,523.53,242.77,680.52,23
17,player,632,0,0,176.37,522.87,244.97,679.85,23
17,player,633,0,0,178.56,522.2,247.16,679.18,23
17,player,634,0,0,180.75,521.53,249.35,678.51,23
17,player,635,0,0,182.95,520.86,251.55,677.84,23
17,player,636,0,0,185.14,520.19,253.74,677.17,23
17,player,637,0,0,187.34,519.52,255.94,676.5,23
17,player,638,0,0,189.53,518.85,258.13,675.83,23
17,player,639,0,0,191.72,518.18,260.32,675.16,23
17,player,640,0,0,193.92,517.51,262.52,674.49,23
17,player,641,0,0,196.11,516.84,264.71,673.82,23
17,player,642,0,0,198.3,516.17,266.91,673.15,23
17,player,643,0,0,200.5,515.5,269.1,672.48,23
17,player,644,0,0,202.69,514.83,271.29,671.82,23
17,player,645,0,0,204.89,514.16,273.49,671.15,23
17,player,646,0,0,207.08,513.49,275.68,670.48,23
17,player,647,0,0,209.27,512.83,277.87,669.81,23
17,player,648,0,0,211.47,512.16,280.07,669.14,23
17,player,649,0,0,213.66,511.49,282.26,668.47,23
17,player,650,0,0,215.86,510.82,284.46,667.8,23
17,player,651,0,0,218.05,510.15,286.65,667.13,23
17,player,652,0,0,220.24,509.48,288.84,666.46,23
17,player,653,0,0,222.44,508.81,291.04,665.79,23
17,player,654,0,0,224.63,508.14,293.23,665.12,23
17,player,655,0,0,226.82,507.47,295.43,664.45,23
17,player,656,0,0,229.02,506.8,297.62,663.78,23
17,player,657,0,0,231.21,506.13,299.81,663.11,23
17,player,658,0,0,233.41,505.46,302.01,662.44,23
17,player,659,0,0,235.6,504.79,304.2,661.78,23
17,player,660,0,0,237.79,504.12,306.39,661.11,23
17,player,661,0,0,239.99,503.46,308.59,660.44,23
17,player,662,0,0,242.18,502.79,310.78,659.77,23
17,player,663,0,0,244.38,502.12,312.98,659.1,23
17,player,664,0,0,246.57,501.45,315.17,658.43,23
17,player,665,0,0,248.76,500.78,317.36,657.76,23
17,player,666,0,0,250.96,500.11,319.56,657.09,23
17,player,667,0,0,253.15,499.44,321.75,656.42,23
17,player,668,0,0,255.34,498.77,323.95,655.75,23
17,player,669,0,0,257.54,498.1,326.14,655.08,23
17,player,670,0,0,259.73,497.43,328.33,654.41,23
17,player,671,0,0,261.93,496.76,330.53,653.74,23
17,player,672,0,0,264.12,496.09,332.72,653.07,23
17,player,673,0,0,266.31,495.42,334.91,652.41,23
17,player,674,0,0,268.51,494.75,337.11,651.74,23
17,player,675,0,0,270.7,494.08,339.3,651.07,23
17,player,676,0,0,272.9,493.42,341.5,650.4,23
17,player,677,0,0,275.09,492.75,343.69,649.73,23
17,player,678,0,0,277.28,492.08,345.88,649.06,23
17,player,679,0,0,279.48,491.41,348.08,648.39,23
17,player,680,0,0,281.67,490.74,350.27,647.72,23
17,player,681,0,0,283.86,490.07,352.47,647.05,23
17,player,682,0,0,286.06,489.4,354.66,646.38,23
17,player,683,0,0,288.25,488.73,356.85,645.71,23
17,player,684,0,0,290.45,488.06,359.05,645.04,23
17,player,685,0,0,292.64,487.39,361.24,644.37,23
17,player,686,0,0,294.83,486.72,363.43,643.7,23
17,player,687,0,0,297.03,486.05,365.63,643.03,23
17,player,688,0,0,299.22,485.38,367.82,642.37,23
17,player,689,0,0,301.42,484.71,370.02,641.7,23
17,player,690,0,0,303.61,484.05,372.21,641.03,23
17,player,691,0,0,305.8,483.38,374.4,640.36,23
17,player,692,0,0,308.0,482.71,376.6,639.69,23
17,player,693,0,0,310.19,482.04,378.79,639.02,23
17,player,694,0,0,312.39,481.37,380.99,638.35,23
17,player,695,0,0,314.58,480.7,383.18,637.68,23
17,player,696,0,0,316.77,480.03,385.37,637.01,23
17,player,697,0,0,318.97,479.36,387.57,636.34,23
17,player,698,0,0,321.16,478.69,389.76,635.67,23
17,player,699,0,0,323.35,478.02,391.96,635.0,23
17,player,700,0,0,325.55,477.35,394.15,634.33,23
17,player,701,0,0,327.74,476.68,396.34,633.66,23
17,player,702,0,0,324.18,475.61,392.78,632.6,23
17,player,703,0,0,320.62,474.54,389.22,631.53,23
17,player,704,0,0,317.05,473.48,385.65,630.46,23
17,player,705,0,0,313.49,472.41,382.09,629.39,23
17,player,706,0,0,309.92,471.34,378.53,628.32,23
17,player,707,0,0,306.36,470.27,374.96,627.25,23
17,player,708,0,0,302.8,469.2,371.4,626.18,23
17,player,709,0,0,299.23,468.13,367.83,625.11,23
17,player,710,0,0,295.67,467.06,364.27,624.04,23
17,player,711,0,0,292.11,465.99,360.71,622.97,23
17,player,712,0,0,288.54,464.92,357.14,621.9,23
17,player,713,0,0,284.98,463.85,353.58,620.84,23
17,player,714,0,0,283.06,463.85,351.66,620.84,23
17,player,715,0,0,281.13,463.85,349.73,620.84,23
17,player,716,0,0,279.21,463.85,347.81,620.84,23
17,player,717,0,0,277.28,463.85,345.88,620.84,23
17,player,718,0,0,275.36,463.85,343.96,620.84,23
17,player,719,0,0,273.44,463.85,342.04,620.84,23
17,player,720,0,0,271.51,463.85,340.11,620.84,23
17,player,721,0,0,269.59,463.85,338.19,620.84,23
17,player,722,0,0,267.66,463.85,336.26,620.84,23
17,player,723,0,0,265.74,463.85,334.34,620.84,23
17,player,724,0,0,264.51,464.49,333.11,621.47,23
17,player,725,0,0,263.28,465.13,331.88,622.11,23
17,player,726,0,0,262.05,465.76,330.65,622.75,23
17,player,727,0,0,260.83,466.4,329.43,623.38,23
17,player,728,0,0,259.6,467.04,328.2,624.02,23
17,player,729,0,0,258.37,467.67,326.97,624.66,23
17,player,730,0,0,257.14,468.31,325.74,625.29,23
17,player,731,0,0,255.91,468.95,324.51,625.93,23
17,player,732,0,0,254.68,469.59,323.28,626.57,23
17,player,733,0,0,253.46,470.22,322.06,627.2,23
17,player,734,0,0,252.23,470.86,320.83,627.84,23
17,player,735,0,0,251.0,471.5,319.6,628.48,23
17,player,736,0,0,249.77,472.13,318.37,629.11,23
17,player,737,0,0,248.54,472.77,317.14,629.75,23
17,player,738,0,0,247.31,473.41,315.92,630.39,23
17,player,739,0,0,246.09,474.04,314.69,631.03,23
17,player,740,0,0,244.86,474.68,313.46,631.66,23
17,player,741,0,0,243.63,475.32,312.23,632.3,23
17,player,742,0,0,242.4,475.95,311.0,632.94,23
17,player,743,0,0,241.17,476.59,309.77,633.57,23
17,player,744,0,0,239.95,477.23,308.55,634.21,23
17,player,745,0,0,238.72,477.86,307.32,634.85,23
17,player,746,0,0,237.49,478.5,306.09,635.48,23
17,player,747,0,0,236.26,479.14,304.86,636.12,23
17,player,748,0,0,235.03,479.78,303.63,636.76,23
17,player,749,0,0,233.8,480.41,302.4,637.39,23
17,player,750,0,0,232.58,481.05,301.18,638.03,23
17,player,751,0,0,231.35,481.69,299.95,638.67,23
17,player,752,0,0,230.12,482.32,298.72,639.3,23
17,player,753,0,0,228.89,482.96,297.49,639.94,23
17,player,754,0,0,227.66,483.6,296.26,640.58,23
17,player,755,0,0,226.43,484.23,295.04,641.22,23
17,player,756,0,0,225.21,484.87,293.81,641.85,23
17,player,757,0,0,223.98,485.51,292.58,642.49,23
17,player,758,0,0,222.75,486.14,291.35,643.13,23
17,player,759,0,0,221.52,486.78,290.12,643.76,23
17,player,760,0,0,220.29,487.42,288.89,644.4,23
17,player,761,0,0,219.06,488.05,287.67,645.04,23
17,player,762,0,0,217.84,488.69,286.44,645.67,23
17,player,763,0,0,216.61,489.33,285.21,646.31,23
17,player,764,0,0,215.38,489.96,283.98,646.95,23
17,player,765,0,0,214.15,490.6,282.75,647.58,23
17,player,766,0,0,212.92,491.24,281.52,648.22,23
17,player,767,0,0,211.7,491.88,280.3,648.86,23
17,player,768,0,0,210.47,492.51,279.07,649.49,23
17,player,769,0,0,209.24,493.15,277.84,650.13,23
17,player,770,0,0,208.01,493.79,276.61,650.77,23
17,player,771,0,0,203.73,496.92,272.34,653.9,23
17,player,772,0,0,199.46,500.06,268.06,657.04,23
17,player,773,0,0,195.18,503.19,263.78,660.18,23
17,player,774,0,0,190.91,506.33,259.51,663.31,23
17,player,775,0,0,186.63,509.47,255.23,666.45,23
17,player,776,0,0,182.35,512.6,250.95,669.58,23
17,player,777,0,0,178.08,515.74,246.68,672.72,23
17,player,778,0,0,173.8,518.87,242.4,675.85,23
17,player,779,0,0,169.53,522.01,238.13,678.99,23
17,player,780,0,0,165.25,525.14,233.85,682.13,23
17,player,781,0,0,160.97,528.28,229.57,685.26,23
17,player,782,0,0,156.7,531.42,225.3,688.4,23
17,player,783,0,0,152.42,534.55,221.02,691.53,23
17,player,784,0,0,148.15,537.69,216.75,694.67,23
17,player,785,0,0,143.87,540.82,212.47,697.81,23
17,player,786,0,0,143.23,542.15,211.83,699.13,23
17,player,787,0,0,142.59,543.48,211.19,700.46,23
17,player,788,0,0,141.94,544.8,210.55,701.78,23
17,player,789,0,0,141.3,546.13,209.9,703.11,23
17,player,790,0,0,140.66,547.45,209.26,704.43,23
17,player,791,0,0,140.02,548.78,208.62,705.76,23
17,player,792,0,0,139.38,550.1,207.98,707.09,23
17,player,793,0,0,138.74,551.43,207.34,708.41,23
17,player,794,0,0,138.1,552.75,206.7,709.74,23
17,player,795,0,0,137.45,554.08,206.06,711.06,23
17,player,796,0,0,136.81,555.41,205.41,712.39,23
17,player,797,0,0,136.17,556.73,204.77,713.71,23
17,player,798,0,0,135.53,558.06,204.13,715.04,23
17,player,799,0,0,134.89,559.38,203.49,716.36,23
17,player,800,0,0,134.25,560.71,202.85,717.69,23
17,player,801,0,0,133.61,562.03,202.21,719.02,23
17,player,802,0,0,132.96,563.36,201.57,720.34,23
17,player,803,0,0,132.32,564.69,200.92,721.67,23
17,player,804,0,0,131.68,566.01,200.28,722.99,23
17,player,805,0,0,131.04,567.34,199.64,724.32,23
17,player,806,0,0,130.4,568.66,199.0,725.64,23
17,player,807,0,0,129.76,569.99,198.36,726.97,23
17,player,808,0,0,129.12,571.31,197.72,728.29,23
17,player,809,0,0,128.47,572.64,197.08,729.62,23
17,player,810,0,0,127.83,573.96,196.43,730.95,23
17,player,811,0,0,127.19,575.29,195.79,732.27,23
17,player,812,0,0,126.55,576.62,195.15,733.6,23
17,player,813,0,0,125.91,577.94,194.51,734.92,23
17,player,814,0,0,125.27,579.27,193.87,736.25,23
17,player,815,0,0,124.63,580.59,193.23,737.57,23
17,player,816,0,0,123.98,581.92,192.59,738.9,23
17,player,817,0,0,123.34,583.24,191.94,740.23,23
17,player,818,0,0,122.7,584.57,191.3,741.55,23
17,player,819,0,0,122.06,585.89,190.66,742.88,23
17,player,820,0,0,121.42,587.22,190.02,744.2,23
17,player,821,0,0,120.78,588.55,189.38,745.53,23
17,player,822,0,0,120.14,589.87,188.74,746.85,23
17,player,823,0,0,119.49,591.2,188.1,748.18,23
17,player,824,0,0,118.85,592.52,187.45,749.5,23
17,player,825,0,0,118.21,593.85,186.81,750.83,23
17,player,826,0,0,117.57,595.17,186.17,752.16,23
17,player,827,0,0,116.93,596.5,185.53,753.48,23
17,player,828,0,0,116.29,597.83,184.89,754.81,23
17,player,829,0,0,115.65,599.15,184.25,756.13,23
17,player,830,0,0,115.0,600.48,183.61,757.46,23
17,player,831,0,0,114.36,601.8,182.96,758.78,23
17,player,832,0,0,113.72,603.13,182.32,760.11,23
17,player,833,0,0,113.08,604.45,181.68,761.44,23
17,player,834,0,0,112.44,605.78,181.04,762.76,23
17,player,835,0,0,111.8,607.1,180.4,764.09,23
17,player,836,0,0,115.29,606.54,183.89,763.52,23
17,player,837,0,0,118.77,605.98,187.38,762.96,23
17,player,838,0,0,122.26,605.42,190.86,762.4,23
17,player,839,0,0,125.75,604.85,194.35,761.84,23
17,player,840,0,0,129.24,604.29,197.84,761.27,23
17,player,841,0,0,132.73,603.73,201.33,760.71,23
17,player,842,0,0,136.22,603.17,204.82,760.15,23
17,player,843,0,0,139.71,602.6,208.31,759.59,23
17,player,844,0,0,143.19,602.04,211.79,759.02,23
17,player,845,0,0,146.68,601.48,215.28,758.46,23
17,player,846,0,0,150.17,600.92,218.77,757.9,23
17,player,847,0,0,153.66,600.35,222.26,757.33,23
17,player,848,0,0,157.15,599.79,225.75,756.77,23
17,player,849,0,0,160.64,599.23,229.24,756.21,23
17,player,850,0,0,164.12,598.66,232.72,755.65,23
17,player,851,0,0,167.61,598.1,236.21,755.08,23
17,player,852,0,0,171.1,597.54,239.7,754.52,23
17,player,853,0,0,174.59,596.98,243.19,753.96,23
17,player,854,0,0,178.08,596.41,246.68,753.4,23
17,player,855,0,0,180.83,595.35,249.43,752.33,23
17,player,856,0,0,183.58,594.28,252.18,751.26,23
17,player,857,0,0,186.32,593.21,254.93,750.19,23
17,player,858,0,0,189.07,592.14,257.67,749.12,23
17,player,859,0,0,191.82,591.07,260.42,748.05,23
17,player,860,0,0,194.57,590.0,263.17,746.98,23
17,player,861,0,0,197.32,588.93,265.92,745.91,23
17,player,862,0,0,200.07,587.86,268.67,744.84,23
17,player,863,0,0,202.82,586.79,271.42,743.77,23
17,player,864,0,0,205.57,585.72,274.17,742.71,23
17,player,865,0,0,208.32,584.65,276.92,741.64,23
17,player,866,0,0,211.07,583.59,279.67,740.57,23
17,player,867,0,0,213.81,582.52,282.42,739.5,23
17,player,868,0,0,216.56,581.45,285.16,738.43,23
17,player,869,0,0,218.7,581.71,287.3,738.7,23
17,player,870,0,0,220.84,581.98,289.44,738.96,23
17,player,871,0,0,222.98,582.25,291.58,739.23,23
17,player,872,0,0,225.12,582.52,293.72,739.5,23
17,player,873,0,0,227.25,582.78,295.85,739.77,23
17,player,874,0,0,229.39,583.05,297.99,740.03,23
17,player,875,0,0,231.53,583.32,300.13,740.3,23
17,player,876,0,0,233.67,583.58,302.27,740.57,23
17,player,877,0,0,233.67,583.58,302.27,740.57,23
17,player,878,0,0,233.67,583.58,302.27,740.57,23
17,player,879,0,0,233.67,583.58,302.27,740.57,23
17,player,880,0,0,233.67,583.58,302.27,740.57,23
17,player,881,0,0,233.67,583.58,302.27,740.57,23
17,player,882,0,0,233.67,583.58,302.27,740.57,23
17,player,883,0,0,233.67,583.58,302.27,740.57,23
17,player,884,0,0,233.67,583.58,302.27,740.57,23
17,player,885,0,0,233.67,583.58,302.27,740.57,23
17,player,886,0,0,233.67,583.58,302.27,740.57,23
17,player,887,0,0,233.67,583.58,302.27,740.57,23
17,player,888,0,0,233.67,583.58,302.27,740.57,23
17,player,889,0,0,233.67,583.58,302.27,740.57,23
17,player,890,0,0,233.67,583.58,302.27,740.57,23
17,player,891,0,0,233.67,583.58,302.27,740.57,23
17,player,892,0,0,233.67,583.58,302.27,740.57,23
17,player,893,0,0,233.67,583.58,302.27,740.57,23
17,player,894,0,0,233.67,583.58,302.27,740.57,23
17,player,895,0,0,233.67,583.58,302.27,740.57,23
17,player,896,0,0,233.67,583.58,302.27,740.57,23
17,player,897,0,0,233.67,583.58,302.27,740.57,23
17,player,898,0,0,233.67,583.58,302.27,740.57,23
17,player,899,0,0,233.67,583.58,302.27,740.57,23
18,player,187,0,0,115.7,204.61,184.3,361.59,-1
18,player,188,0,0,133.45,207.14,202.05,364.12,-1
18,player,189,0,0,163.87,209.68,232.47,366.66,-1
18,player,190,0,0,184.15,212.21,252.75,369.19,-1
18,player,191,0,0,202.4,210.18,271.0,367.17,-1
18,player,192,0,0,220.66,208.16,289.26,365.14,-1
18,player,193,0,0,238.91,206.13,307.51,363.11,-1
18,player,194,0,0,257.16,204.1,325.77,361.08,-1
18,player,195,0,0,275.42,202.07,344.02,359.05,-1
18,player,196,0,0,285.15,201.87,353.75,358.85,-1
18,player,197,0,0,294.89,201.67,363.49,358.65,-1
18,player,198,0,0,304.62,201.46,373.22,358.45,-1
18,player,199,0,0,314.36,201.26,382.96,358.24,-1
18,player,200,0,0,324.09,201.06,392.69,358.04,-1
18,player,201,0,0,333.83,200.86,402.43,357.84,-1
18,player,202,0,0,343.56,200.65,412.17,357.63,-1
18,player,203,0,0,353.3,200.45,421.9,357.43,-1
18,player,204,0,0,363.04,200.25,431.64,357.23,-1
18,player,205,0,0,372.77,200.04,441.37,357.03,-1
18,player,206,0,0,382.51,199.84,451.11,356.82,-1
18,player,207,0,0,392.24,199.64,460.84,356.62,-1
18,player,208,0,0,401.98,199.44,470.58,356.42,-1
18,player,209,0,0,411.71,199.23,480.31,356.21,-1
18,player,210,0,0,421.45,199.03,490.05,356.01,-1
18,player,211,0,0,431.18,198.83,499.78,355.81,-1
18,player,212,0,0,440.92,198.62,509.52,355.61,-1
18,player,213,0,0,450.65,198.42,519.25,355.4,-1
18,player,214,0,0,460.39,198.22,528.99,355.2,-1
18,player,215,0,0,470.12,198.02,538.72,355.0,-1
18,player,216,0,0,479.86,197.81,548.46,354.8,-1
18,player,217,0,0,489.59,197.61,558.19,354.59,-1
18,player,218,0,0,499.33,197.41,567.93,354.39,-1
18,player,219,0,0,509.06,197.2,577.66,354.19,-1
18,player,220,0,0,518.8,197.0,587.4,353.98,-1
18,player,221,0,0,521.1,196.77,589.7,353.75,-1
18,player,222,0,0,523.41,196.54,592.01,353.52,-1
18,player,223,0,0,525.71,196.31,594.31,353.29,-1
18,player,224,0,0,528.02,196.08,596.62,353.06,-1
18,player,225,0,0,530.32,195.85,598.92,352.83,-1
18,player,226,0,0,532.63,195.62,601.23,352.6,-1
18,player,227,0,0,534.93,195.39,603.53,352.37,-1
18,player,228,0,0,537.24,195.16,605.84,352.14,-1
18,player,229,0,0,539.54,194.93,608.14,351.91,-1
18,player,230,0,0,541.85,194.7,610.45,351.68,-1
18,player,231,0,0,544.15,194.47,612.75,351.45,-1
18,player,232,0,0,546.46,194.24,615.06,351.22,-1
18,player,233,0,0,548.76,194.01,617.36,350.99,-1
18,player,234,0,0,551.07,193.78,619.67,350.76,-1
18,player,235,0,0,553.37,193.54,621.97,350.53,-1
18,player,236,0,0,555.67,193.31,624.28,350.3,-1
18,player,237,0,0,557.98,193.08,626.58,350.07,-1
18,player,238,0,0,560.28,192.85,628.88,349.84,-1
18,player,239,0,0,562.59,192.62,631.19,349.6,-1
18,player,240,0,0,564.89,192.39,633.49,349.37,-1
18,player,241,0,0,567.2,192.16,635.8,349.14,-1
18,player,242,0,0,569.5,191.93,638.1,348.91,-1
18,player,243,0,0,569.5,191.93,638.1,348.19,-1
18,player,244,0,0,569.5,191.93,638.1,347.46,-1
18,player,245,0,0,569.5,191.93,638.1,346.74,-1
18,player,246,0,0,569.5,191.93,638.1,346.01,-1
18,player,247,0,0,569.5,191.93,638.1,345.29,-1
18,player,248,0,0,569.5,191.93,638.1,344.56,-1
18,player,249,0,0,569.5,191.93,638.1,343.84,-1
18,player,250,0,0,569.5,191.93,638.1,343.11,-1
18,player,251,0,0,569.5,191.93,638.1,342.38,-1
18,player,252,0,0,569.5,191.93,638.1,341.66,-1
18,player,253,0,0,569.5,191.93,638.1,340.93,-1
18,player,254,0,0,569.5,191.93,638.1,340.21,-1
18,player,255,0,0,569.5,191.93,638.1,339.48,-1
18,player,256,0,0,569.5,191.93,638.1,338.76,-1
18,player,257,0,0,569.5,191.93,638.1,338.03,-1
18,player,258,0,0,569.5,191.93,638.1,337.31,-1
18,player,259,0,0,569.5,191.93,638.1,336.58,-1
18,player,260,0,0,569.5,191.93,638.1,335.85,-1
18,player,261,0,0,569.5,191.93,638.1,335.13,-1
18,player,262,0,0,569.5,191.93,638.1,334.4,-1
18,player,263,0,0,569.5,191.93,638.1,333.68,-1
18,player,264,0,0,569.5,191.93,638.1,332.95,-1
18,player,265,0,0,569.5,191.93,638.1,332.23,-1
18,player,266,0,0,569.5,191.93,638.1,331.5,-1
18,player,267,0,0,569.5,191.93,638.1,330.78,-1
18,player,268,0,0,569.5,191.93,638.1,330.05,-1
18,player,269,0,0,569.5,191.93,638.1,329.33,-1
18,player,270,0,0,569.5,191.93,638.1,328.6,-1
18,player,271,0,0,567.31,191.93,635.91,328.6,-1
18,player,272,0,0,565.11,191.93,633.71,328.6,-1
18,player,273,0,0,562.91,191.93,631.51,328.6,-1
18,player,274,0,0,560.71,191.93,629.31,328.6,-1
18,player,275,0,0,558.52,191.93,627.12,328.6,-1
18,player,276,0,0,556.32,191.93,624.92,328.6,-1
18,player,277,0,0,554.12,191.93,622.72,328.6,-1
18,player,278,0,0,551.93,191.93,620.53,328.6,-1
18,player,279,0,0,549.73,191.93,618.33,328.6,-1
18,player,280,0,0,547.53,191.93,616.13,328.6,-1
18,player,281,0,0,545.33,191.93,613.93,328.6,-1
18,player,282,0,0,543.14,191.93,611.74,328.6,-1
18,player,283,0,0,540.94,191.93,609.54,328.6,-1
18,player,284,0,0,538.74,191.93,607.34,328.6,-1
18,player,285,0,0,536.54,191.93,605.15,328.6,-1
18,player,286,0,0,534.47,192.44,603.07,329.11,-1
18,player,287,0,0,532.4,192.95,601.0,329.61,-1
18,player,288,0,0,530.32,193.45,598.92,330.12,-1
18,player,289,0,0,528.25,193.96,596.85,330.63,-1
18,player,290,0,0,526.17,194.47,594.77,331.14,-1
18,player,291,0,0,524.1,194.97,592.7,331.64,-1
18,player,292,0,0,522.03,195.48,590.63,332.15,-1
18,player,293,0,0,519.95,195.99,588.55,332.66,-1
18,player,294,0,0,517.88,196.49,586.48,333.16,-1
18,player,295,0,0,515.8,197.0,584.4,333.67,-1
18,player,296,0,0,513.73,197.51,582.33,334.18,-1
18,player,297,0,0,511.65,198.02,580.25,334.68,-1
18,player,298,0,0,509.58,198.52,578.18,335.19,-1
18,player,299,0,0,507.51,199.03,576.11,335.7,-1
18,player,300,0,0,505.43,199.54,574.03,336.21,-1
18,player,301,0,0,503.36,200.04,571.96,336.71,-1
18,player,302,0,0,501.28,200.55,569.88,337.22,-1
18,player,303,0,0,499.21,201.06,567.81,337.73,-1
18,player,304,0,0,497.13,201.57,565.73,338.23,-1
18,player,305,0,0,495.06,202.07,563.66,338.74,-1
18,player,306,0,0,492.99,202.58,561.59,339.25,-1
18,player,307,0,0,490.91,203.09,559.51,339.75,-1
18,player,308,0,0,488.84,203.59,557.44,340.26,-1
18,player,309,0,0,486.76,204.1,555.36,340.77,-1
18,player,310,0,0,484.69,204.61,553.29,341.28,-1
18,player,311,0,0,482.61,205.11,551.21,341.78,-1
18,player,312,0,0,480.54,205.62,549.14,342.29,-1
18,player,313,0,0,478.47,206.13,547.07,342.8,-1
18,player,314,0,0,476.39,206.64,544.99,343.3,-1
18,player,315,0,0,474.32,207.14,542.92,343.81,-1
18,player,316,0,0,472.24,207.65,540.84,344.32,-1
18,player,317,0,0,470.17,208.16,538.77,344.83,-1
18,player,318,0,0,468.09,208.66,536.7,345.33,-1
18,player,319,0,0,466.02,209.17,534.62,345.84,-1
18,player,320,0,0,463.95,209.68,532.55,346.35,-1
18,player,321,0,0,461.87,210.18,530.47,346.85,-1
18,player,322,0,0,459.8,210.69,528.4,347.36,-1
18,player,323,0,0,457.72,211.2,526.32,347.87,-1
18,player,324,0,0,455.65,211.71,524.25,348.37,-1
18,player,325,0,0,453.57,212.21,522.18,348.88,-1
18,player,326,0,0,451.5,212.72,520.1,349.39,-1
18,player,327,0,0,449.43,213.23,518.03,349.9,-1
18,player,328,0,0,447.35,213.73,515.95,350.4,-1
18,player,329,0,0,445.28,214.24,513.88,350.91,-1
18,player,330,0,0,443.2,214.75,511.8,351.42,-1
18,player,331,0,0,441.13,215.26,509.73,351.92,-1
18,player,332,0,0,439.05,215.76,507.66,352.43,-1
18,player,333,0,0,436.98,216.27,505.58,352.94,-1
18,player,334,0,0,434.91,216.78,503.51,353.44,-1
18,player,335,0,0,432.83,217.28,501.43,353.95,-1
18,player,336,0,0,430.76,217.79,499.36,354.46,-1
18,player,337,0,0,428.68,218.3,497.28,354.97,-1
18,player,338,0,0,426.61,218.8,495.21,355.47,-1
18,player,339,0,0,424.54,219.31,493.14,355.98,-1
18,player,340,0,0,422.46,219.82,491.06,356.49,-1
18,player,341,0,0,421.83,218.66,490.43,355.32,-1
18,player,342,0,0,421.19,217.49,489.79,354.16,-1
18,player,343,0,0,420.56,216.33,489.16,353.0,-1
18,player,344,0,0,419.93,215.17,488.53,351.84,-1
18,player,345,0,0,419.29,214.01,487.89,350.68,-1
18,player,346,0,0,418.66,212.85,487.26,349.51,-1
18,player,347,0,0,418.02,211.68,486.62,348.35,-1
18,player,348,0,0,417.39,210.52,485.99,347.19,-1
18,player,349,0,0,416.76,209.36,485.36,346.03,-1
18,player,350,0,0,416.12,208.2,484.72,344.87,-1
18,player,351,0,0,415.49,207.04,484.09,343.7,-1
18,player,352,0,0,414.86,205.87,483.46,342.54,-1
18,player,353,0,0,414.22,204.71,482.82,341.38,-1
18,player,354,0,0,413.59,203.55,482.19,340.22,-1
18,player,355,0,0,412.95,202.39,481.55,339.06,-1
18,player,356,0,0,412.32,201.23,480.92,337.89,-1
18,player,357,0,0,411.69,200.06,480.29,336.73,-1
18,player,358,0,0,411.05,198.9,479.65,335.57,-1
18,player,359,0,0,410.42,197.74,479.02,334.41,-1
18,player,360,0,0,409.79,196.58,478.39,333.25,-1
18,player,361,0,0,409.15,195.42,477.75,332.08,-1
18,player,362,0,0,408.52,194.25,477.12,330.92,-1
18,player,363,0,0,407.88,193.09,476.48,329.76,-1
18,player,364,0,0,407.25,191.93,475.85,328.6,-1
18,player,365,0,0,406.86,192.0,475.46,328.67,-1
18,player,366,0,0,406.46,192.07,475.06,328.74,-1
18,player,367,0,0,406.07,192.14,474.67,328.81,-1
18,player,368,0,0,405.68,192.22,474.28,328.88,-1
18,player,369,0,0,405.29,192.29,473.89,328.96,-1
18,player,370,0,0,404.89,192.36,473.49,329.03,-1
18,player,371,0,0,404.5,192.43,473.1,329.1,-1
18,player,372,0,0,404.11,192.5,472.71,329.17,-1
18,player,373,0,0,403.71,192.57,472.32,329.24,-1
18,player,374,0,0,403.32,192.64,471.92,329.31,-1
18,player,375,0,0,402.93,192.71,471.53,329.38,-1
18,player,376,0,0,402.54,192.79,471.14,329.45,-1
18,player,377,0,0,402.14,192.86,470.74,329.53,-1
18,player,378,0,0,401.75,192.93,470.35,329.6,-1
18,player,379,0,0,401.36,193.0,469.96,329.67,-1
18,player,380,0,0,400.97,193.07,469.57,329.74,-1
18,player,381,0,0,400.57,193.14,469.17,329.81,-1
18,player,382,0,0,400.18,193.21,468.78,329.88,-1
18,player,383,0,0,399.79,193.29,468.39,329.95,-1
18,player,384,0,0,399.39,193.36,467.99,330.02,-1
18,player,385,0,0,399.0,193.43,467.6,330.1,-1
18,player,386,0,0,398.61,193.5,467.21,330.17,-1
18,player,387,0,0,398.22,193.57,466.82,330.24,-1
18,player,388,0,0,397.82,193.64,466.42,330.31,-1
18,player,389,0,0,397.43,193.71,466.03,330.38,-1
18,player,390,0,0,397.04,193.78,465.64,330.45,-1
18,player,391,0,0,396.64,193.86,465.24,330.52,-1
18,player,392,0,0,396.25,193.93,464.85,330.6,-1
18,player,393,0,0,395.86,194.0,464.46,330.67,-1
18,player,394,0,0,395.47,194.07,464.07,330.74,-1
18,player,395,0,0,397.03,193.99,465.63,330.66,-1
18,player,396,0,0,398.59,193.91,467.19,330.58,-1
18,player,397,0,0,400.16,193.83,468.76,330.5,-1
18,player,398,0,0,401.72,193.75,470.32,330.42,-1
18,player,399,0,0,403.28,193.67,471.88,330.34,-1
18,player,400,0,0,404.85,193.59,473.45,330.26,-1
18,player,401,0,0,406.41,193.51,475.01,330.18,-1
18,player,402,0,0,407.97,193.44,476.57,330.1,-1
18,player,403,0,0,409.53,193.36,478.14,330.02,-1
18,player,404,0,0,411.1,193.28,479.7,329.95,-1
18,player,405,0,0,412.66,193.2,481.26,329.87,-1
18,player,406,0,0,414.22,193.12,482.83,329.79,-1
18,player,407,0,0,415.79,193.04,484.39,329.71,-1
18,player,408,0,0,417.35,192.96,485.95,329.63,-1
18,player,409,0,0,418.91,192.88,487.51,329.55,-1
18,player,410,0,0,420.48,192.8,489.08,329.47,-1
18,player,411,0,0,422.04,192.72,490.64,329.39,-1
18,player,412,0,0,423.6,192.64,492.2,329.31,-1
18,player,413,0,0,425.17,192.56,493.77,329.23,-1
18,player,414,0,0,426.73,192.49,495.33,329.15,-1
18,player,415,0,0,428.29,192.41,496.89,329.07,-1
18,player,416,0,0,429.86,192.33,498.46,329.0,-1
18,player,417,0,0,431.42,192.25,500.02,328.92,-1
18,player,418,0,0,432.98,192.17,501.58,328.84,-1
18,player,419,0,0,434.55,192.09,503.15,328.76,-1
18,player,420,0,0,436.11,192.01,504.71,328.68,-1
18,player,421,0,0,437.67,191.93,506.27,328.6,-1
18,player,422,0,0,444.86,193.41,513.46,330.08,-1
18,player,423,0,0,452.04,194.89,520.64,331.56,-1
18,player,424,0,0,459.22,196.37,527.82,333.04,-1
18,player,425,0,0,466.41,197.85,535.01,334.51,-1
18,player,426,0,0,473.59,199.32,542.19,335.99,-1
18,player,427,0,0,480.77,200.8,549.37,337.47,-1
18,player,428,0,0,487.95,202.28,556.56,338.95,-1
18,player,429,0,0,495.14,203.76,563.74,340.43,-1
18,player,430,0,0,502.32,205.24,570.92,341.91,-1
18,player,431,0,0,509.5,206.72,578.1,343.39,-1
18,player,432,0,0,516.69,208.2,585.29,344.87,-1
18,player,433,0,0,523.87,209.68,592.47,346.35,-1
18,player,434,0,0,523.16,209.68,591.76,346.35,-1
18,player,435,0,0,522.45,209.68,591.05,346.35,-1
18,player,436,0,0,521.74,209.68,590.34,346.35,-1
18,player,437,0,0,521.02,209.68,589.62,346.35,-1
18,player,438,0,0,520.31,209.68,588.91,346.35,-1
18,player,439,0,0,519.6,209.68,588.2,346.35,-1
18,player,440,0,0,518.89,209.68,587.49,346.35,-1
18,player,441,0,0,518.18,209.68,586.78,346.35,-1
18,player,442,0,0,517.47,209.68,586.07,346.35,-1
18,player,443,0,0,516.75,209.68,585.35,346.35,-1
18,player,444,0,0,516.04,209.68,584.64,346.35,-1
18,player,445,0,0,515.33,209.68,583.93,346.35,-1
18,player,446,0,0,514.62,209.68,583.22,346.35,-1
18,player,447,0,0,513.91,209.68,582.51,346.35,-1
18,player,448,0,0,513.2,209.68,581.8,346.35,-1
18,player,449,0,0,512.48,209.68,581.08,346.35,-1
18,player,450,0,0,511.77,209.68,580.37,346.35,-1
18,player,451,0,0,511.06,209.68,579.66,346.35,-1
18,player,452,0,0,510.35,209.68,578.95,346.35,-1
18,player,453,0,0,509.64,209.68,578.24,346.35,-1
18,player,454,0,0,508.93,209.68,577.53,346.35,-1
18,player,455,0,0,508.21,209.68,576.81,346.35,-1
18,player,456,0,0,507.5,209.68,576.1,346.35,-1
18,player,457,0,0,506.79,209.68,575.39,346.35,-1
18,player,458,0,0,506.08,209.68,574.68,346.35,-1
18,player,459,0,0,505.37,209.68,573.97,346.35,-1
18,player,460,0,0,504.66,209.68,573.26,346.35,-1
18,player,461,0,0,503.94,209.68,572.54,346.35,-1
18,player,462,0,0,503.23,209.68,571.83,346.35,-1
18,player,463,0,0,502.52,209.68,571.12,346.35,-1
18,player,464,0,0,501.81,209.68,570.41,346.35,-1
18,player,465,0,0,501.1,209.68,569.7,346.35,-1
18,player,466,0,0,500.39,209.68,568.99,346.35,-1
18,player,467,0,0,499.67,209.68,568.27,346.35,-1
18,player,468,0,0,498.96,209.68,567.56,346.35,-1
18,player,469,0,0,498.25,209.68,566.85,346.35,-1
18,player,470,0,0,497.54,209.68,566.14,346.35,-1
18,player,471,0,0,496.83,209.68,565.43,346.35,-1
18,player,472,0,0,496.12,209.68,564.72,346.35,-1
18,player,473,0,0,495.4,209.68,564.01,346.35,-1
18,player,474,0,0,494.69,209.68,563.29,346.35,-1
18,player,475,0,0,493.98,209.68,562.58,346.35,-1
18,player,476,0,0,493.27,209.68,561.87,346.35,-1
18,player,477,0,0,492.56,209.68,561.16,346.35,-1
18,player,478,0,0,491.85,209.68,560.45,346.35,-1
18,player,479,0,0,491.13,209.68,559.74,346.35,-1
18,player,480,0,0,490.42,209.68,559.02,346.35,-1
18,player,481,0,0,489.71,209.68,558.31,346.35,-1
18,player,482,0,0,489.0,209.68,557.6,346.35,-1
18,player,483,0,0,488.29,209.68,556.89,346.35,-1
18,player,484,0,0,487.58,209.68,556.18,346.35,-1
18,player,485,0,0,486.86,209.68,555.47,346.35,-1
18,player,486,0,0,486.15,209.68,554.75,346.35,-1
18,player,487,0,0,485.44,209.68,554.04,346.35,-1
18,player,488,0,0,484.73,209.68,553.33,346.35,-1
18,player,489,0,0,484.02,209.68,552.62,346.35,-1
18,player,490,0,0,483.31,209.68,551.91,346.35,-1
18,player,491,0,0,482.35,209.6,550.95,346.27,-1
18,player,492,0,0,481.39,209.53,549.99,346.2,-1
18,player,493,0,0,480.43,209.46,549.03,346.12,-1
18,player,494,0,0,479.47,209.38,548.07,346.05,-1
18,player,495,0,0,478.51,209.31,547.11,345.98,-1
18,player,496,0,0,477.56,209.23,546.16,345.9,-1
18,player,497,0,0,476.6,209.16,545.2,345.83,-1
18,player,498,0,0,475.64,209.09,544.24,345.76,-1
18,player,499,0,0,474.68,209.01,543.28,345.68,-1
18,player,500,0,0,473.72,208.94,542.32,345.61,-1
18,player,501,0,0,472.76,208.87,541.36,345.53,-1
18,player,502,0,0,471.81,208.79,540.41,345.46,-1
18,player,503,0,0,470.85,208.72,539.45,345.39,-1
18,player,504,0,0,469.89,208.64,538.49,345.31,-1
18,player,505,0,0,468.93,208.57,537.53,345.24,-1
18,player,506,0,0,467.97,208.5,536.57,345.17,-1
18,player,507,0,0,467.01,208.42,535.61,345.09,-1
18,player,508,0,0,466.05,208.35,534.66,345.02,-1
18,player,509,0,0,465.1,208.28,533.7,344.94,-1
18,player,510,0,0,464.14,208.2,532.74,344.87,-1
18,player,511,0,0,463.18,208.13,531.78,344.8,-1
18,player,512,0,0,462.22,208.05,530.82,344.72,-1
18,player,513,0,0,461.26,207.98,529.86,344.65,-1
18,player,514,0,0,460.3,207.91,528.9,344.58,-1
18,player,515,0,0,459.35,207.83,527.95,344.5,-1
18,player,516,0,0,458.39,207.76,526.99,344.43,-1
18,player,517,0,0,457.43,207.69,526.03,344.35,-1
18,player,518,0,0,456.47,207.61,525.07,344.28,-1
18,player,519,0,0,455.51,207.54,524.11,344.21,-1
18,player,520,0,0,454.44,207.81,523.04,344.47,-1
18,player,521,0,0,453.37,208.07,521.97,344.74,-1
18,player,522,0,0,452.3,208.34,520.91,345.01,-1
18,player,523,0,0,451.24,208.61,519.84,345.28,-1
18,player,524,0,0,450.17,208.87,518.77,345.54,-1
18,player,525,0,0,449.1,209.14,517.7,345.81,-1
18,player,526,0,0,448.03,209.41,516.63,346.08,-1
18,player,527,0,0,446.96,209.68,515.56,346.34,-1
18,player,528,0,0,445.89,209.94,514.49,346.61,-1
18,player,529,0,0,444.82,210.21,513.42,346.88,-1
18,player,530,0,0,443.75,210.48,512.35,347.15,-1
18,player,531,0,0,442.68,210.75,511.28,347.41,-1
18,player,532,0,0,441.61,211.01,510.21,347.68,-1
18,player,533,0,0,440.55,211.28,509.15,347.95,-1
18,player,534,0,0,439.48,211.55,508.08,348.22,-1
18,player,535,0,0,438.41,211.81,507.01,348.48,-1
18,player,536,0,0,437.34,212.08,505.94,348.75,-1
18,player,537,0,0,436.27,212.35,504.87,349.02,-1
18,player,538,0,0,435.2,212.62,503.8,349.28,-1
18,player,539,0,0,434.13,212.88,502.73,349.55,-1
18,player,540,0,0,433.06,213.15,501.66,349.82,-1
18,player,541,0,0,431.99,213.42,500.59,350.09,-1
18,player,542,0,0,430.92,213.68,499.52,350.35,-1
18,player,543,0,0,429.85,213.95,498.46,350.62,-1
18,player,544,0,0,430.4,214.3,499.0,350.97,-1
18,player,545,0,0,430.95,214.65,499.55,351.32,-1
18,player,546,0,0,431.5,215.0,500.1,351.66,-1
18,player,547,0,0,432.04,215.34,500.64,352.01,-1
18,player,548,0,0,432.59,215.69,501.19,352.36,-1
18,player,549,0,0,433.14,216.04,501.74,352.71,-1
18,player,550,0,0,433.68,216.39,502.28,353.06,-1
18,player,551,0,0,434.23,216.74,502.83,353.41,-1
18,player,552,0,0,434.78,217.08,503.38,353.75,-1
18,player,553,0,0,435.32,217.43,503.92,354.1,-1
18,player,554,0,0,435.87,217.78,504.47,354.45,-1
18,player,555,0,0,436.42,218.13,505.02,354.8,-1
18,player,556,0,0,436.96,218.48,505.57,355.15,-1
18,player,557,0,0,437.51,218.83,506.11,355.49,-1
18,player,558,0,0,438.06,219.17,506.66,355.84,-1
18,player,559,0,0,438.61,219.52,507.21,356.19,-1
18,player,560,0,0,439.15,219.87,507.75,356.54,-1
18,player,561,0,0,439.7,220.22,508.3,356.89,-1
18,player,562,0,0,440.25,220.57,508.85,357.23,-1
18,player,563,0,0,440.79,220.91,509.39,357.58,-1
18,player,564,0,0,441.34,221.26,509.94,357.93,-1
18,player,565,0,0,441.89,221.61,510.49,358.28,-1
18,player,566,0,0,442.43,221.96,511.03,358.63,-1
18,player,567,0,0,442.98,222.31,511.58,358.97,-1
18,player,568,0,0,443.53,222.65,512.13,359.32,-1
18,player,569,0,0,444.08,223.0,512.68,359.67,-1
18,player,570,0,0,444.62,223.35,513.22,360.02,-1
18,player,571,0,0,445.17,223.7,513.77,360.37,-1
18,player,572,0,0,445.72,224.05,514.32,360.71,-1
18,player,573,0,0,446.26,224.39,514.86,361.06,-1
18,player,574,0,0,446.81,224.74,515.41,361.41,-1
18,player,575,0,0,447.36,225.09,515.96,361.76,-1
18,player,576,0,0,447.9,225.44,516.5,362.11,-1
18,player,577,0,0,448.45,225.79,517.05,362.45,-1
18,player,578,0,0,449.0,226.13,517.6,362.8,-1
18,player,579,0,0,449.54,226.48,518.15,363.15,-1
18,player,580,0,0,450.09,226.83,518.69,363.5,-1
18,player,581,0,0,450.64,227.18,519.24,363.85,-1
18,player,582,0,0,451.19,227.53,519.79,364.2,-1
18,player,583,0,0,451.73,227.87,520.33,364.54,-1
18,player,584,0,0,452.28,228.22,520.88,364.89,-1
18,player,585,0,0,452.83,228.57,521.43,365.24,-1
18,player,586,0,0,453.37,228.92,521.97,365.59,-1
18,player,587,0,0,455.49,228.08,524.09,364.75,-1
18,player,588,0,0,457.61,227.25,526.21,363.91,-1
18,player,589,0,0,459.73,226.41,528.33,363.08,-1
18,player,590,0,0,461.85,225.57,530.45,362.24,-1
18,player,591,0,0,463.97,224.74,532.57,361.4,-1
18,player,592,0,0,466.09,223.9,534.69,360.57,-1
18,player,593,0,0,468.21,223.06,536.81,359.73,-1
18,player,594,0,0,470.33,222.23,538.93,358.89,-1
18,player,595,0,0,472.45,221.39,541.05,358.06,-1
18,player,596,0,0,474.57,220.55,543.17,357.22,-1
18,player,597,0,0,476.69,219.72,545.29,356.38,-1
18,player,598,0,0,478.81,218.88,547.41,355.55,-1
18,player,599,0,0,480.93,218.04,549.53,354.71,-1
18,player,600,0,0,483.05,217.21,551.65,353.87,-1
18,player,601,0,0,485.17,216.37,553.77,353.04,-1
18,player,602,0,0,487.28,215.53,555.89,352.2,-1
18,player,603,0,0,489.4,214.7,558.0,351.36,-1
18,player,604,0,0,491.52,213.86,560.12,350.53,-1
18,player,605,0,0,493.64,213.02,562.24,349.69,-1
18,player,606,0,0,495.76,212.19,564.36,348.85,-1
18,player,607,0,0,497.88,211.35,566.48,348.02,-1
18,player,608,0,0,500.0,210.51,568.6,347.18,-1
18,player,609,0,0,502.12,209.68,570.72,346.34,-1
18,player,610,0,0,504.24,208.84,572.84,345.51,-1
18,player,611,0,0,506.36,208.0,574.96,344.67,-1
18,player,612,0,0,508.48,207.17,577.08,343.83,-1
18,player,613,0,0,510.6,206.33,579.2,343.0,-1
18,player,614,0,0,512.72,205.49,581.32,342.16,-1
18,player,615,0,0,514.84,204.66,583.44,341.32,-1
18,player,616,0,0,516.96,203.82,585.56,340.49,-1
18,player,617,0,0,519.08,202.98,587.68,339.65,-1
18,player,618,0,0,521.2,202.15,589.8,338.81,-1
18,player,619,0,0,523.32,201.31,591.92,337.98,-1
18,player,620,0,0,525.44,200.47,594.04,337.14,-1
18,player,621,0,0,527.56,199.64,596.16,336.3,-1
18,player,622,0,0,529.67,198.8,598.28,335.47,-1
18,player,623,0,0,531.79,197.96,600.39,334.63,-1
18,player,624,0,0,533.91,197.13,602.51,333.79,-1
18,player,625,0,0,536.03,196.29,604.63,332.96,-1
18,player,626,0,0,538.15,195.45,606.75,332.12,-1
18,player,627,0,0,540.27,194.62,608.87,331.28,-1
18,player,628,0,0,542.39,193.78,610.99,330.45,-1
18,player,629,0,0,544.51,192.94,613.11,329.61,-1
18,player,630,0,0,546.63,192.11,615.23,328.78,-1
18,player,631,0,0,548.75,191.27,617.35,327.94,-1
18,player,632,0,0,550.87,190.43,619.47,327.1,-1
18,player,633,0,0,552.99,189.6,621.59,326.27,-1
18,player,634,0,0,555.11,188.76,623.71,325.43,-1
18,player,635,0,0,557.23,187.92,625.83,324.59,-1
18,player,636,0,0,559.35,187.09,627.95,323.76,-1
18,player,637,0,0,561.47,186.25,630.07,322.92,-1
18,player,638,0,0,563.59,185.41,632.19,322.08,-1
18,player,639,0,0,565.71,184.58,634.31,321.25,-1
18,player,640,0,0,567.83,183.74,636.43,320.41,-1
18,player,641,0,0,569.94,182.9,638.55,319.57,-1
18,player,642,0,0,572.06,182.07,640.67,318.74,-1
18,player,643,0,0,574.18,181.23,642.78,317.9,-1
18,player,644,0,0,576.3,180.39,644.9,317.06,-1
18,player,645,0,0,578.42,179.56,647.02,316.23,-1
18,player,646,0,0,580.54,178.72,649.14,315.39,-1
18,player,647,0,0,582.66,177.88,651.26,314.55,-1
18,player,648,0,0,584.78,177.05,653.38,313.72,-1
18,player,649,0,0,586.9,176.21,655.5,312.88,-1
18,player,650,0,0,589.02,175.37,657.62,312.04,-1
18,player,651,0,0,591.14,174.54,659.74,311.21,-1
18,player,652,0,0,593.26,173.7,661.86,310.37,-1
18,player,653,0,0,595.38,172.86,663.98,309.53,-1
18,player,654,0,0,597.5,172.03,666.1,308.7,-1
18,player,655,0,0,599.62,171.19,668.22,307.86,-1
18,player,656,0,0,601.74,170.35,670.34,307.02,-1
18,player,657,0,0,603.86,169.52,672.46,306.19,-1
18,player,658,0,0,605.98,168.68,674.58,305.35,-1
18,player,659,0,0,608.1,167.84,676.7,304.51,-1
18,player,660,0,0,610.22,167.01,678.82,303.68,-1
18,player,661,0,0,612.33,166.17,680.94,302.84,-1
18,player,662,0,0,614.45,165.33,683.05,302.0,-1
18,player,663,0,0,616.57,164.5,685.17,301.17,-1
18,player,664,0,0,618.69,163.66,687.29,300.33,-1
18,player,665,0,0,620.81,162.82,689.41,299.49,-1
18,player,666,0,0,622.93,161.99,691.53,298.66,-1
18,player,667,0,0,625.05,161.15,693.65,297.82,-1
18,player,668,0,0,627.17,160.31,695.77,296.98,-1
18,player,669,0,0,629.29,159.48,697.89,296.15,-1
18,player,670,0,0,631.41,158.64,700.01,295.31,-1
18,player,671,0,0,633.53,157.8,702.13,294.47,-1
18,player,672,0,0,635.65,156.97,704.25,293.64,-1
18,player,673,0,0,637.77,156.13,706.37,292.8,-1
18,player,674,0,0,639.89,155.29,708.49,291.96,-1
18,player,675,0,0,642.01,154.46,710.61,291.13,-1
18,player,676,0,0,644.13,153.62,712.73,290.29,-1
18,player,677,0,0,646.25,152.78,714.85,289.45,-1
18,player,678,0,0,648.37,151.95,716.97,288.62,-1
18,player,679,0,0,650.49,151.11,719.09,287.78,-1
18,player,680,0,0,652.6,150.27,721.21,286.94,-1
18,player,681,0,0,654.72,149.44,723.33,286.11,-1
18,player,682,0,0,656.84,148.6,725.44,285.27,-1
18,player,683,0,0,658.96,147.76,727.56,284.43,-1
18,player,684,0,0,661.08,146.93,729.68,283.6,-1
18,player,685,0,0,663.2,146.09,731.8,282.76,-1
18,player,686,0,0,665.32,145.25,733.92,281.92,-1
18,player,687,0,0,667.44,144.42,736.04,281.09,-1
18,player,688,0,0,669.56,143.58,738.16,280.25,-1
18,player,689,0,0,671.68,142.74,740.28,279.41,-1
18,player,690,0,0,673.8,141.91,742.4,278.58,-1
18,player,691,0,0,675.92,141.07,744.52,277.74,-1
18,player,692,0,0,678.04,140.23,746.64,276.9,-1
18,player,693,0,0,680.16,139.4,748.76,276.07,-1
18,player,694,0,0,682.28,138.56,750.88,275.23,-1
18,player,695,0,0,684.4,137.72,753.0,274.39,-1
18,player,696,0,0,686.52,136.89,755.12,273.56,-1
18,player,697,0,0,688.64,136.05,757.24,272.72,-1
18,player,698,0,0,690.76,135.22,759.36,271.88,-1
18,player,699,0,0,692.88,134.38,761.48,271.05,-1
18,player,700,0,0,694.99,133.54,763.6,270.21,-1
18,player,701,0,0,697.11,132.71,765.71,269.37,-1
18,player,702,0,0,689.27,131.81,757.88,268.48,-1
18,player,703,0,0,681.43,130.92,750.04,267.59,-1
18,player,704,0,0,673.6,130.03,742.2,266.7,-1
18,player,705,0,0,665.76,129.14,734.36,265.81,-1
18,player,706,0,0,657.92,128.25,726.52,264.92,-1
18,player,707,0,0,650.08,127.36,718.68,264.03,-1
18,player,708,0,0,642.24,126.47,710.84,263.14,-1
18,player,709,0,0,634.4,125.58,703.0,262.25,-1
18,player,710,0,0,626.56,124.69,695.16,261.36,-1
18,player,711,0,0,618.72,123.8,687.32,260.46,-1
18,player,712,0,0,610.88,122.91,679.48,259.57,-1
18,player,713,0,0,603.04,122.01,671.64,258.68,-1
18,player,714,0,0,595.55,124.79,664.16,261.46,-1
18,player,715,0,0,588.07,127.57,656.67,264.24,-1
18,player,716,0,0,580.59,130.35,649.19,267.02,-1
18,player,717,0,0,573.11,133.13,641.71,269.8,-1
18,player,718,0,0,565.62,135.91,634.22,272.58,-1
18,player,719,0,0,558.14,138.69,626.74,275.36,-1
18,player,720,0,0,550.66,141.47,619.26,278.14,-1
18,player,721,0,0,543.17,144.25,611.77,280.92,-1
18,player,722,0,0,535.69,147.03,604.29,283.7,-1
18,player,723,0,0,528.21,149.81,596.81,286.48,-1
18,player,724,0,0,520.11,149.95,588.71,286.61,-1
18,player,725,0,0,512.01,150.08,580.61,286.75,-1
18,player,726,0,0,503.91,150.22,572.51,286.89,-1
18,player,727,0,0,495.82,150.35,564.42,287.02,-1
18,player,728,0,0,487.72,150.49,556.32,287.16,-1
18,player,729,0,0,479.62,150.63,548.22,287.3,-1
18,player,730,0,0,471.52,150.76,540.12,287.43,-1
18,player,731,0,0,463.43,150.9,532.03,287.57,-1
18,player,732,0,0,455.33,151.04,523.93,287.71,-1
18,player,733,0,0,447.23,151.17,515.83,287.84,-1
18,player,734,0,0,439.13,151.31,507.74,287.98,-1
18,player,735,0,0,431.04,151.45,499.64,288.11,-1
18,player,736,0,0,422.94,151.58,491.54,288.25,-1
18,player,737,0,0,414.84,151.72,483.44,288.39,-1
18,player,738,0,0,406.74,151.86,475.35,288.52,-1
18,player,739,0,0,398.65,151.99,467.25,288.66,-1
18,player,740,0,0,390.55,152.13,459.15,288.8,-1
18,player,741,0,0,382.45,152.27,451.05,288.93,-1
18,player,742,0,0,374.36,152.4,442.96,289.07,-1
18,player,743,0,0,366.26,152.54,434.86,289.21,-1
18,player,744,0,0,358.16,152.67,426.76,289.34,-1
18,player,745,0,0,350.06,152.81,418.66,289.48,-1
18,player,746,0,0,341.97,152.95,410.57,289.62,-1
18,player,747,0,0,333.87,153.08,402.47,289.75,-1
18,player,748,0,0,325.77,153.22,394.37,289.89,-1
18,player,749,0,0,317.67,153.36,386.27,290.03,-1
18,player,750,0,0,309.58,153.49,378.18,290.16,-1
18,player,751,0,0,301.48,153.63,370.08,290.3,-1
18,player,752,0,0,293.38,153.77,361.98,290.43,-1
18,player,753,0,0,285.28,153.9,353.88,290.57,-1
18,player,754,0,0,277.19,154.04,345.79,290.71,-1
18,player,755,0,0,269.09,154.18,337.69,290.84,-1
18,player,756,0,0,260.99,154.31,329.59,290.98,-1
18,player,757,0,0,252.89,154.45,321.49,291.12,-1
18,player,758,0,0,244.8,154.59,313.4,291.25,-1
18,player,759,0,0,236.7,154.72,305.3,291.39,-1
18,player,760,0,0,228.6,154.86,297.2,291.53,-1
18,player,761,0,0,220.5,154.99,289.11,291.66,-1
18,player,762,0,0,212.41,155.13,281.01,291.8,-1
18,player,763,0,0,204.31,155.27,272.91,291.94,-1
18,player,764,0,0,196.21,155.4,264.81,292.07,-1
18,player,765,0,0,188.11,155.54,256.72,292.21,-1
18,player,766,0,0,180.02,155.68,248.62,292.35,-1
18,player,767,0,0,171.92,155.81,240.52,292.48,-1
18,player,768,0,0,163.82,155.95,232.42,292.62,-1
18,player,769,0,0,155.73,156.09,224.33,292.75,-1
18,player,770,0,0,147.63,156.22,216.23,292.89,-1
18,player,771,0,0,142.35,157.51,210.95,294.17,-1
18,player,772,0,0,137.08,158.79,205.68,295.46,-1
18,player,773,0,0,131.81,160.07,200.41,296.74,-1
18,player,774,0,0,126.53,161.35,195.13,298.02,-1
18,player,775,0,0,121.26,162.64,189.86,299.31,-1
18,player,776,0,0,115.98,163.92,184.58,300.59,-1
18,player,777,0,0,110.71,165.2,179.31,301.87,-1
18,player,778,0,0,105.44,166.49,174.04,303.15,-1
18,player,779,0,0,100.16,167.77,168.76,304.44,-1
18,player,780,0,0,94.89,169.05,163.49,305.72,-1
18,player,781,0,0,89.61,170.33,158.21,307.0,-1
18,player,782,0,0,84.34,171.62,152.94,308.29,-1
18,player,783,0,0,79.07,172.9,147.67,309.57,-1
18,player,784,0,0,73.79,174.18,142.39,310.85,-1
18,player,785,0,0,68.52,175.47,137.12,312.13,-1
18,player,786,0,0,68.09,175.59,136.69,312.26,-1
18,player,787,0,0,67.66,175.72,136.26,312.39,-1
18,player,788,0,0,67.24,175.85,135.84,312.52,-1
18,player,789,0,0,66.81,175.98,135.41,312.65,-1
18,player,790,0,0,66.38,176.11,134.98,312.78,-1
18,player,791,0,0,65.95,176.24,134.55,312.9,-1
18,player,792,0,0,65.53,176.36,134.13,313.03,-1
18,player,793,0,0,65.1,176.49,133.7,313.16,-1
18,player,794,0,0,64.67,176.62,133.27,313.29,-1
18,player,795,0,0,64.24,176.75,132.84,313.42,-1
18,player,796,0,0,63.81,176.88,132.42,313.55,-1
18,player,797,0,0,63.39,177.01,131.99,313.67,-1
18,player,798,0,0,62.96,177.13,131.56,313.8,-1
18,player,799,0,0,62.53,177.26,131.13,313.93,-1
18,player,800,0,0,62.1,177.39,130.7,314.06,-1
18,player,801,0,0,61.68,177.52,130.28,314.19,-1
18,player,802,0,0,61.25,177.65,129.85,314.31,-1
18,player,803,0,0,60.82,177.77,129.42,314.44,-1
18,player,804,0,0,60.39,177.9,128.99,314.57,-1
18,player,805,0,0,59.97,178.03,128.57,314.7,-1
18,player,806,0,0,59.54,178.16,128.14,314.83,-1
18,player,807,0,0,59.11,178.29,127.71,314.96,-1
18,player,808,0,0,58.68,178.42,127.28,315.08,-1
18,player,809,0,0,58.26,178.54,126.86,315.21,-1
18,player,810,0,0,57.83,178.67,126.43,315.34,-1
18,player,811,0,0,57.4,178.8,126.0,315.47,-1
18,player,812,0,0,56.97,178.93,125.57,315.6,-1
18,player,813,0,0,56.55,179.06,125.15,315.73,-1
18,player,814,0,0,56.12,179.19,124.72,315.85,-1
18,player,815,0,0,55.69,179.31,124.29,315.98,-1
18,player,816,0,0,55.26,179.44,123.86,316.11,-1
18,player,817,0,0,54.83,179.57,123.44,316.24,-1
18,player,818,0,0,54.41,179.7,123.01,316.37,-1
18,player,819,0,0,53.98,179.83,122.58,316.5,-1
18,player,820,0,0,53.55,179.96,122.15,316.62,-1
18,player,821,0,0,53.12,180.08,121.72,316.75,-1
18,player,822,0,0,52.7,180.21,121.3,316.88,-1
18,player,823,0,0,52.27,180.34,120.87,317.01,-1
18,player,824,0,0,51.84,180.47,120.44,317.14,-1
18,player,825,0,0,51.41,180.6,120.01,317.27,-1
18,player,826,0,0,50.99,180.73,119.59,317.39,-1
18,player,827,0,0,50.56,180.85,119.16,317.52,-1
18,player,828,0,0,50.13,180.98,118.73,317.65,-1
18,player,829,0,0,49.7,181.11,118.3,317.78,-1
18,player,830,0,0,49.28,181.24,117.88,317.91,-1
18,player,831,0,0,48.85,181.37,117.45,318.04,-1
18,player,832,0,0,48.42,181.5,117.02,318.16,-1
18,player,833,0,0,47.99,181.62,116.59,318.29,-1
18,player,834,0,0,47.57,181.75,116.17,318.42,-1
18,player,835,0,0,47.14,181.88,115.74,318.55,-1
18,player,836,0,0,51.41,181.09,120.01,317.76,-1
18,player,837,0,0,55.69,180.3,124.29,316.97,-1
18,player,838,0,0,59.97,179.52,128.57,316.19,-1
18,player,839,0,0,64.24,178.73,132.84,315.4,-1
18,player,840,0,0,68.52,177.94,137.12,314.61,-1
18,player,841,0,0,72.79,177.15,141.4,313.82,-1
18,player,842,0,0,77.07,176.37,145.67,313.03,-1
18,player,843,0,0,81.35,175.58,149.95,312.25,-1
18,player,844,0,0,85.62,174.79,154.22,311.46,-1
18,player,845,0,0,89.9,174.0,158.5,310.67,-1
18,player,846,0,0,94.18,173.21,162.78,309.88,-1
18,player,847,0,0,98.45,172.43,167.05,309.1,-1
18,player,848,0,0,102.73,171.64,171.33,308.31,-1
18,player,849,0,0,107.0,170.85,175.61,307.52,-1
18,player,850,0,0,111.28,170.06,179.88,306.73,-1
18,player,851,0,0,115.56,169.28,184.16,305.94,-1
18,player,852,0,0,119.83,168.49,188.43,305.16,-1
18,player,853,0,0,124.11,167.7,192.71,304.37,-1
18,player,854,0,0,128.39,166.91,196.99,303.58,-1
18,player,855,0,0,132.05,167.37,200.65,304.04,-1
18,player,856,0,0,135.72,167.83,204.32,304.5,-1
18,player,857,0,0,139.38,168.29,207.98,304.96,-1
18,player,858,0,0,143.05,168.75,211.65,305.41,-1
18,player,859,0,0,146.71,169.2,215.31,305.87,-1
18,player,860,0,0,150.38,169.66,218.98,306.33,-1
18,player,861,0,0,154.04,170.12,222.64,306.79,-1
18,player,862,0,0,157.71,170.58,226.31,307.25,-1
18,player,863,0,0,161.37,171.04,229.97,307.7,-1
18,player,864,0,0,165.04,171.49,233.64,308.16,-1
18,player,865,0,0,168.7,171.95,237.3,308.62,-1
18,player,866,0,0,172.37,172.41,240.97,309.08,-1
18,player,867,0,0,176.03,172.87,244.64,309.54,-1
18,player,868,0,0,179.7,173.33,248.3,310.0,-1
18,player,869,0,0,179.7,173.33,248.3,310.0,-1
18,player,870,0,0,179.7,173.33,248.3,310.0,-1
18,player,871,0,0,179.7,173.33,248.3,310.0,-1
18,player,872,0,0,179.7,173.33,248.3,310.0,-1
18,player,873,0,0,179.7,173.33,248.3,310.0,-1
18,player,874,0,0,179.7,173.33,248.3,310.0,-1
18,player,875,0,0,179.7,173.33,248.3,310.0,-1
18,player,876,0,0,179.7,173.33,248.3,310.0,-1
18,player,877,0,0,179.7,173.33,248.3,310.0,-1
18,player,878,0,0,179.7,173.33,248.3,310.0,-1
18,player,879,0,0,179.7,173.33,248.3,310.0,-1
18,player,880,0,0,179.7,173.33,248.3,310.0,-1
18,player,881,0,0,179.7,173.33,248.3,310.0,-1
18,player,882,0,0,179.7,173.33,248.3,310.0,-1
18,player,883,0,0,179.7,173.33,248.3,310.0,-1
18,player,884,0,0,179.7,173.33,248.3,310.0,-1
18,player,885,0,0,179.7,173.33,248.3,310.0,-1
18,player,886,0,0,179.7,173.33,248.3,310.0,-1
18,player,887,0,0,179.7,173.33,248.3,310.0,-1
18,player,888,0,0,179.7,173.33,248.3,310.0,-1
18,player,889,0,0,179.7,173.33,248.3,310.0,-1
18,player,890,0,0,179.7,173.33,248.3,310.0,-1
18,player,891,0,0,179.7,173.33,248.3,310.0,-1
18,player,892,0,0,179.7,173.33,248.3,310.0,-1
18,player,893,0,0,179.7,173.33,248.3,310.0,-1
18,player,894,0,0,179.7,173.33,248.3,310.0,-1
18,player,895,0,0,179.7,173.33,248.3,310.0,-1
18,player,896,0,0,179.7,173.33,248.3,310.0,-1
18,player,897,0,0,179.7,173.33,248.3,310.0,-1
18,player,898,0,0,179.7,173.33,248.3,310.0,-1
18,player,899,0,0,179.7,173.33,248.3,310.0,-1
19,player,220,0,0,49.78,306.86,118.38,463.84,6
19,player,221,0,0,54.85,305.48,123.45,462.46,6
19,player,222,0,0,59.92,304.1,128.53,461.08,6
19,player,223,0,0,65.0,302.71,133.6,459.69,6
19,player,224,0,0,70.07,301.33,138.67,458.31,6
19,player,225,0,0,75.14,299.95,143.74,456.93,6
19,player,226,0,0,80.21,298.56,148.81,455.55,6
19,player,227,0,0,85.28,297.18,153.88,454.16,6
19,player,228,0,0,90.35,295.8,158.95,452.78,6
19,player,229,0,0,95.42,294.42,164.02,451.4,6
19,player,230,0,0,100.49,293.03,169.09,450.01,6
19,player,231,0,0,105.56,291.65,174.16,448.63,6
19,player,232,0,0,110.63,290.27,179.23,447.25,6
19,player,233,0,0,115.7,288.88,184.3,445.87,6
19,player,234,0,0,120.77,287.5,189.37,444.48,6
19,player,235,0,0,125.84,286.12,194.44,443.1,6
19,player,236,0,0,130.91,284.74,199.51,441.72,6
19,player,237,0,0,135.98,283.35,204.58,440.33,6
19,player,238,0,0,141.05,281.97,209.65,438.95,6
19,player,239,0,0,146.12,280.59,214.72,437.57,6
19,player,240,0,0,151.19,279.2,219.79,436.19,6
19,player,241,0,0,156.26,277.82,224.86,434.8,6
19,player,242,0,0,161.33,276.44,229.93,433.42,6
19,player,243,0,0,163.33,275.35,231.93,432.33,6
19,player,244,0,0,165.32,274.27,233.92,431.25,6
19,player,245,0,0,167.31,273.18,235.91,430.16,6
19,player,246,0,0,169.3,272.09,237.9,429.07,6
19,player,247,0,0,171.29,271.01,239.89,427.99,6
19,player,248,0,0,173.29,269.92,241.89,426.9,6
19,player,249,0,0,175.28,268.83,243.88,425.81,6
19,player,250,0,0,177.27,267.75,245.87,424.73,6
19,player,251,0,0,179.26,266.66,247.86,423.64,6
19,player,252,0,0,181.25,265.57,249.85,422.56,6
19,player,253,0,0,183.25,264.49,251.85,421.47,6
19,player,254,0,0,185.24,263.4,253.84,420.38,6
19,player,255,0,0,187.23,262.31,255.83,419.3,6
19,player,256,0,0,189.22,261.23,257.82,418.21,6
19,player,257,0,0,191.21,260.14,259.81,417.12,6
19,player,258,0,0,193.21,259.05,261.81,416.04,6
19,player,259,0,0,195.2,257.97,263.8,414.95,6
19,player,260,0,0,197.19,256.88,265.79,413.86,6
19,player,261,0,0,199.18,255.8,267.78,412.78,6
19,player,262,0,0,201.17,254.71,269.77,411.69,6
19,player,263,0,0,203.16,253.62,271.77,410.6,6
19,player,264,0,0,205.16,252.54,273.76,409.52,6
19,player,265,0,0,207.15,251.45,275.75,408.43,6
19,player,266,0,0,209.14,250.36,277.74,407.34,6
19,player,267,0,0,211.13,249.28,279.73,406.26,6
19,player,268,0,0,213.12,248.19,281.73,405.17,6
19,player,269,0,0,215.12,247.1,283.72,404.08,6
19,player,270,0,0,217.11,246.02,285.71,403.0,6
19,player,271,0,0,216.43,246.52,285.03,403.51,6
19,player,272,0,0,215.76,247.03,284.36,404.01,6
19,player,273,0,0,215.08,247.54,283.68,404.52,6
19,player,274,0,0,214.4,248.04,283.0,405.03,6
19,player,275,0,0,213.73,248.55,282.33,405.53,6
19,player,276,0,0,213.05,249.06,281.65,406.04,6
19,player,277,0,0,212.38,249.57,280.98,406.55,6
19,player,278,0,0,211.7,250.07,280.3,407.05,6
19,player,279,0,0,211.02,250.58,279.62,407.56,6
19,player,280,0,0,210.35,251.09,278.95,408.07,6
19,player,281,0,0,209.67,251.59,278.27,408.58,6
19,player,282,0,0,209.0,252.1,277.6,409.08,6
19,player,283,0,0,208.32,252.61,276.92,409.59,6
19,player,284,0,0,207.64,253.12,276.24,410.1,6
19,player,285,0,0,206.97,253.62,275.57,410.6,6
19,player,286,0,0,205.91,254.87,274.51,411.85,6
19,player,287,0,0,204.85,256.11,273.45,413.09,6
19,player,288,0,0,203.79,257.36,272.39,414.34,6
19,player,289,0,0,202.73,258.6,271.33,415.58,6
19,player,290,0,0,201.67,259.84,270.27,416.83,6
19,player,291,0,0,200.61,261.09,269.21,418.07,6
19,player,292,0,0,199.55,262.33,268.15,419.32,6
19,player,293,0,0,198.49,263.58,267.09,420.56,6
19,player,294,0,0,197.43,264.82,266.03,421.8,6
19,player,295,0,0,196.37,266.07,264.97,423.05,6
19,player,296,0,0,195.31,267.31,263.91,424.29,6
19,player,297,0,0,194.25,268.56,262.85,425.54,6
19,player,298,0,0,193.19,269.8,261.79,426.78,6
19,player,299,0,0,192.13,271.05,260.73,428.03,6
19,player,300,0,0,191.07,272.29,259.67,429.27,6
19,player,301,0,0,190.0,273.53,258.61,430.52,6
19,player,302,0,0,188.94,274.78,257.55,431.76,6
19,player,303,0,0,187.88,276.02,256.49,433.01,6
19,player,304,0,0,186.82,277.27,255.43,434.25,6
19,player,305,0,0,185.76,278.51,254.36,435.49,6
19,player,306,0,0,184.7,279.76,253.3,436.74,6
19,player,307,0,0,183.64,281.0,252.24,437.98,6
19,player,308,0,0,182.58,282.25,251.18,439.23,6
19,player,309,0,0,181.52,283.49,250.12,440.47,6
19,player,310,0,0,180.46,284.74,249.06,441.72,6
19,player,311,0,0,179.4,285.98,248.0,442.96,6
19,player,312,0,0,178.34,287.22,246.94,444.21,6
19,player,313,0,0,177.28,288.47,245.88,445.45,6
19,player,314,0,0,176.22,289.71,244.82,446.7,6
19,player,315,0,0,175.16,290.96,243.76,447.94,6
19,player,316,0,0,174.1,292.2,242.7,449.18,6
19,player,317,0,0,173.04,293.45,241.64,450.43,6
19,player,318,0,0,171.98,294.69,240.58,451.67,6
19,player,319,0,0,170.92,295.94,239.52,452.92,6
19,player,320,0,0,169.86,297.18,238.46,454.16,6
19,player,321,0,0,168.8,298.43,237.4,455.41,6
19,player,322,0,0,167.74,299.67,236.34,456.65,6
19,player,323,0,0,166.68,300.91,235.28,457.9,6
19,player,324,0,0,165.62,302.16,234.22,459.14,6
19,player,325,0,0,164.56,303.4,233.16,460.39,6
19,player,326,0,0,163.5,304.65,232.1,461.63,6
19,player,327,0,0,162.44,305.89,231.04,462.87,6
19,player,328,0,0,161.38,307.14,229.98,464.12,6
19,player,329,0,0,160.32,308.38,228.92,465.36,6
19,player,330,0,0,159.26,309.63,227.86,466.61,6
19,player,331,0,0,158.2,310.87,226.8,467.85,6
19,player,332,0,0,157.14,312.12,225.74,469.1,6
19,player,333,0,0,156.08,313.36,224.68,470.34,6
19,player,334,0,0,155.02,314.6,223.62,471.59,6
19,player,335,0,0,153.96,315.85,222.56,472.83,6
19,player,336,0,0,152.9,317.09,221.5,474.08,6
19,player,337,0,0,151.84,318.34,220.44,475.32,6
19,player,338,0,0,150.78,319.58,219.38,476.57,6
19,player,339,0,0,149.72,320.83,218.32,477.81,6
19,player,340,0,0,148.66,322.07,217.26,479.05,6
19,player,341,0,0,145.59,322.18,214.2,479.16,6
19,player,342,0,0,142.53,322.28,211.13,479.27,6
19,player,343,0,0,139.47,322.39,208.07,479.37,6
19,player,344,0,0,136.4,322.49,205.01,479.48,6
19,player,345,0,0,133.34,322.6,201.94,479.58,6
19,player,346,0,0,130.28,322.71,198.88,479.69,6
19,player,347,0,0,127.21,322.81,195.82,479.79,6
19,player,348,0,0,124.15,322.92,192.75,479.9,6
19,player,349,0,0,121.09,323.02,189.69,480.0,6
19,player,350,0,0,118.02,323.13,186.62,480.11,6
19,player,351,0,0,114.96,323.23,183.56,480.22,6
19,player,352,0,0,111.9,323.34,180.5,480.32,6
19,player,353,0,0,108.83,323.45,177.43,480.43,6
19,player,354,0,0,105.77,323.55,174.37,480.53,6
19,player,355,0,0,102.71,323.66,171.31,480.64,6
19,player,356,0,0,99.64,323.76,168.24,480.74,6
19,player,357,0,0,96.58,323.87,165.18,480.85,6
19,player,358,0,0,93.52,323.97,162.12,480.96,6
19,player,359,0,0,90.45,324.08,159.05,481.06,6
19,player,360,0,0,87.39,324.18,155.99,481.17,6
19,player,361,0,0,84.33,324.29,152.93,481.27,6
19,player,362,0,0,81.26,324.4,149.86,481.38,6
19,player,363,0,0,78.2,324.5,146.8,481.48,6
19,player,364,0,0,75.14,324.61,143.74,481.59,6
19,player,365,0,0,72.63,324.69,141.12,481.67,6
19,player,366,0,0,70.13,324.78,138.5,481.76,6
19,player,367,0,0,67.62,324.86,135.88,481.84,6
19,player,368,0,0,65.12,324.95,133.26,481.93,6
19,player,369,0,0,62.61,325.03,130.64,482.01,6
19,player,370,0,0,60.11,325.11,128.02,482.1,6
19,player,371,0,0,57.6,325.2,125.4,482.18,6
19,player,372,0,0,55.1,325.28,122.78,482.27,6
19,player,373,0,0,52.6,325.37,120.16,482.35,6
19,player,374,0,0,50.09,325.45,117.54,482.43,6
19,player,375,0,0,47.59,325.54,114.92,482.52,6
19,player,376,0,0,45.08,325.62,112.3,482.6,6
19,player,377,0,0,42.58,325.71,109.68,482.69,6
19,player,378,0,0,40.07,325.79,107.06,482.77,6
19,player,379,0,0,37.57,325.88,104.44,482.86,6
19,player,380,0,0,35.06,325.96,101.82,482.94,6
19,player,381,0,0,32.56,326.04,99.2,483.03,6
19,player,382,0,0,30.05,326.13,96.58,483.11,6
19,player,383,0,0,27.55,326.21,93.96,483.19,6
19,player,384,0,0,25.05,326.3,91.34,483.28,6
19,player,385,0,0,22.54,326.38,88.72,483.36,6
19,player,386,0,0,20.04,326.47,86.1,483.45,6
19,player,387,0,0,17.53,326.55,83.48,483.53,6
19,player,388,0,0,15.03,326.64,80.86,483.62,6
19,player,389,0,0,12.52,326.72,78.24,483.7,6
19,player,390,0,0,10.02,326.8,75.62,483.79,6
19,player,391,0,0,7.51,326.89,73.0,483.87,6
19,player,392,0,0,5.01,326.97,70.38,483.96,6
19,player,393,0,0,2.5,327.06,67.77,484.04,6
19,player,394,0,0,0.0,327.14,65.15,484.12,6
19,player,395,0,0,0.0,327.14,64.51,484.12,6
19,player,396,0,0,0.0,327.14,63.88,484.12,6
19,player,397,0,0,0.0,327.14,63.24,484.12,6
19,player,398,0,0,0.0,327.14,62.61,484.12,6
19,player,399,0,0,0.0,327.14,61.98,484.12,6
19,player,400,0,0,0.0,327.14,61.34,484.12,6
19,player,401,0,0,0.0,327.14,60.71,484.12,6
19,player,402,0,0,0.0,327.14,60.08,484.12,6
19,player,403,0,0,0.8,327.28,60.88,484.26,6
19,player,404,0,0,1.6,327.41,61.68,484.39,6
19,player,405,0,0,2.4,327.54,62.48,484.52,6
19,player,406,0,0,3.2,327.68,63.28,484.66,6
19,player,407,0,0,4.0,327.81,64.08,484.79,6
19,player,408,0,0,4.8,327.94,64.88,484.92,6
19,player,409,0,0,5.6,328.08,65.68,485.06,6
19,player,410,0,0,6.4,328.21,66.48,485.19,6
19,player,411,0,0,7.21,328.34,67.28,485.33,6
19,player,412,0,0,8.01,328.48,68.08,485.46,6
19,player,413,0,0,8.81,328.61,68.88,485.59,6
19,player,414,0,0,9.61,328.74,69.68,485.73,6
19,player,415,0,0,10.41,328.88,70.48,485.86,6
19,player,416,0,0,11.21,329.01,71.28,485.99,6
19,player,417,0,0,12.01,329.14,72.08,486.13,6
19,player,418,0,0,12.81,329.28,72.88,486.26,6
19,player,419,0,0,13.61,329.41,73.68,486.39,6
19,player,420,0,0,14.41,329.54,74.49,486.53,6
19,player,421,0,0,15.21,329.68,75.29,486.66,6
19,player,422,0,0,24.3,329.26,84.37,486.24,6
19,player,423,0,0,33.38,328.83,93.46,485.81,6
19,player,424,0,0,42.46,328.41,102.54,485.39,6
19,player,425,0,0,51.55,327.99,111.62,484.97,6
19,player,426,0,0,60.63,327.57,120.71,484.55,6
19,player,427,0,0,69.72,327.14,129.79,484.12,6
19,player,428,0,0,78.8,326.72,138.88,483.7,6
19,player,429,0,0,87.89,326.3,147.96,483.28,6
19,player,430,0,0,96.97,325.88,157.05,482.86,6
19,player,431,0,0,106.06,325.45,166.13,482.43,6
19,player,432,0,0,115.14,325.03,175.22,482.01,6
19,player,433,0,0,124.22,324.61,184.3,481.59,6
19,player,434,0,0,124.22,324.7,184.29,481.68,6
19,player,435,0,0,124.21,324.78,184.29,481.76,6
19,player,436,0,0,124.21,324.87,184.28,481.85,6
19,player,437,0,0,124.2,324.96,184.28,481.94,6
19,player,438,0,0,124.2,325.05,184.27,482.03,6
19,player,439,0,0,124.19,325.13,184.27,482.12,6
19,player,440,0,0,124.18,325.22,184.26,482.2,6
19,player,441,0,0,124.18,325.31,184.25,482.29,6
19,player,442,0,0,124.17,325.4,184.25,482.38,6
19,player,443,0,0,124.17,325.48,184.24,482.47,6
19,player,444,0,0,124.16,325.57,184.24,482.55,6
19,player,445,0,0,124.16,325.66,184.23,482.64,6
19,player,446,0,0,124.15,325.75,184.23,482.73,6
19,player,447,0,0,124.15,325.83,184.22,482.82,6
19,player,448,0,0,124.14,325.92,184.21,482.9,6
19,player,449,0,0,124.13,326.01,184.21,482.99,6
19,player,450,0,0,124.13,326.1,184.2,483.08,6
19,player,451,0,0,124.12,326.19,184.2,483.17,6
19,player,452,0,0,124.12,326.27,184.19,483.25,6
19,player,453,0,0,124.11,326.36,184.19,483.34,6
19,player,454,0,0,124.11,326.45,184.18,483.43,6
19,player,455,0,0,124.1,326.54,184.18,483.52,6
19,player,456,0,0,124.09,326.62,184.17,483.61,6
19,player,457,0,0,124.09,326.71,184.16,483.69,6
19,player,458,0,0,124.08,326.8,184.16,483.78,6
19,player,459,0,0,124.08,326.89,184.15,483.87,6
19,player,460,0,0,124.07,326.97,184.15,483.96,6
19,player,461,0,0,124.07,327.06,184.14,484.04,6
19,player,462,0,0,124.06,327.15,184.14,484.13,6
19,player,463,0,0,124.05,327.24,184.13,484.22,6
19,player,464,0,0,124.05,327.33,184.12,484.31,6
19,player,465,0,0,124.04,327.41,184.12,484.39,6
19,player,466,0,0,124.04,327.5,184.11,484.48,6
19,player,467,0,0,124.03,327.59,184.11,484.57,6
19,player,468,0,0,124.03,327.68,184.1,484.66,6
19,player,469,0,0,124.02,327.76,184.1,484.75,6
19,player,470,0,0,124.01,327.85,184.09,484.83,6
19,player,471,0,0,124.01,327.94,184.08,484.92,6
19,player,472,0,0,124.0,328.03,184.08,485.01,6
19,player,473,0,0,124.0,328.11,184.07,485.1,6
19,player,474,0,0,123.99,328.2,184.07,485.18,6
19,player,475,0,0,123.99,328.29,184.06,485.27,6
19,player,476,0,0,123.98,328.38,184.06,485.36,6
19,player,477,0,0,123.98,328.46,184.05,485.45,6
19,player,478,0,0,123.97,328.55,184.04,485.53,6
19,player,479,0,0,123.96,328.64,184.04,485.62,6
19,player,480,0,0,123.96,328.73,184.03,485.71,6
19,player,481,0,0,123.95,328.82,184.03,485.8,6
19,player,482,0,0,123.95,328.9,184.02,485.88,6
19,player,483,0,0,123.94,328.99,184.02,485.97,6
19,player,484,0,0,123.94,329.08,184.01,486.06,6
19,player,485,0,0,123.93,329.17,184.0,486.15,6
19,player,486,0,0,123.92,329.25,184.0,486.24,6
19,player,487,0,0,123.92,329.34,183.99,486.32,6
19,player,488,0,0,123.91,329.43,183.99,486.41,6
19,player,489,0,0,123.91,329.52,183.98,486.5,6
19,player,490,0,0,123.9,329.6,183.98,486.59,6
19,player,491,0,0,120.45,329.36,180.52,486.34,6
19,player,492,0,0,116.99,329.11,177.07,486.09,6
19,player,493,0,0,113.54,328.87,173.61,485.85,6
19,player,494,0,0,110.09,328.62,170.16,485.6,6
19,player,495,0,0,106.63,328.37,166.71,485.36,6
19,player,496,0,0,103.18,328.13,163.25,485.11,6
19,player,497,0,0,99.72,327.88,159.8,484.86,6
19,player,498,0,0,96.27,327.64,156.34,484.62,6
19,player,499,0,0,92.82,327.39,152.89,484.37,6
19,player,500,0,0,89.36,327.14,149.44,484.13,6
19,player,501,0,0,85.91,326.9,145.98,483.88,6
19,player,502,0,0,82.45,326.65,142.53,483.63,6
19,player,503,0,0,79.0,326.41,139.07,483.39,6
19,player,504,0,0,75.54,326.16,135.62,483.14,6
19,player,505,0,0,72.09,325.91,132.17,482.9,6
19,player,506,0,0,68.64,325.67,128.71,482.65,6
19,player,507,0,0,65.18,325.42,125.26,482.4,6
19,player,508,0,0,61.73,325.18,121.8,482.16,6
19,player,509,0,0,58.27,324.93,118.35,481.91,6
19,player,510,0,0,54.82,324.68,114.9,481.67,6
19,player,511,0,0,51.37,324.44,111.44,481.42,6
19,player,512,0,0,47.91,324.19,107.99,481.17,6
19,player,513,0,0,44.46,323.95,104.53,480.93,6
19,player,514,0,0,41.0,323.7,101.08,480.68,6
19,player,515,0,0,37.55,323.45,97.63,480.44,6
19,player,516,0,0,34.1,323.21,94.17,480.19,6
19,player,517,0,0,30.64,322.96,90.72,479.94,6
19,player,518,0,0,27.19,322.72,87.26,479.7,6
19,player,519,0,0,23.73,322.47,83.81,479.45,6
19,player,520,0,0,22.42,322.71,81.2,479.69,6
19,player,521,0,0,21.1,322.94,78.58,479.93,6
19,player,522,0,0,19.78,323.18,75.97,480.16,6
19,player,523,0,0,18.46,323.42,73.36,480.4,6
19,player,524,0,0,17.14,323.66,70.74,480.64,6
19,player,525,0,0,15.82,323.9,68.13,480.88,6
19,player,526,0,0,14.5,324.13,65.52,481.11,6
19,player,527,0,0,13.19,324.37,62.9,481.35,6
19,player,528,0,0,11.87,324.61,60.29,481.59,6
19,player,529,0,0,10.55,324.85,57.68,481.83,6
19,player,530,0,0,9.23,325.08,55.06,482.06,6
19,player,531,0,0,7.91,325.32,52.45,482.3,6
19,player,532,0,0,6.59,325.56,49.84,482.54,6
19,player,533,0,0,5.27,325.8,47.22,482.78,6
19,player,534,0,0,3.96,326.03,44.61,483.02,6
19,player,535,0,0,2.64,326.27,42.0,483.25,6
19,player,536,0,0,1.32,326.51,39.38,483.49,6
19,player,537,0,0,0.0,326.75,36.77,483.73,6
19,player,538,0,0,0.0,326.75,36.77,483.73,6
19,player,539,0,0,0.0,326.75,36.77,483.73,6
19,player,540,0,0,0.0,326.75,36.77,483.73,6
19,player,541,0,0,0.0,326.75,36.77,483.73,6
19,player,542,0,0,0.0,326.75,36.77,483.73,6
19,player,543,1,0,0.0,326.75,36.77,483.73,6
20,player,220,0,0,1865.0,428.55,1920.0,585.53,4
20,player,221,0,0,1859.12,426.25,1914.12,583.23,4
20,player,222,0,0,1853.24,423.94,1908.25,580.92,4
20,player,223,0,0,1847.36,421.64,1902.37,578.62,4
20,player,224,0,0,1841.49,419.33,1896.49,576.31,4
20,player,225,0,0,1835.61,417.03,1890.61,574.01,4
20,player,226,0,0,1829.73,414.72,1884.74,571.71,4
20,player,227,0,0,1823.86,412.42,1878.86,569.4,4
20,player,228,0,0,1817.98,410.11,1872.98,567.1,4
20,player,229,0,0,1812.1,407.81,1867.11,564.79,4
20,player,230,0,0,1806.22,405.5,1861.23,562.49,4
20,player,231,0,0,1800.35,403.2,1855.35,560.18,4
20,player,232,0,0,1794.47,400.89,1849.48,557.88,4
20,player,233,0,0,1788.59,398.59,1843.6,555.57,4
20,player,234,0,0,1782.72,396.28,1837.72,553.27,4
20,player,235,0,0,1776.84,393.98,1831.84,550.96,4
20,player,236,0,0,1770.96,391.68,1825.97,548.66,4
20,player,237,0,0,1765.09,389.37,1820.09,546.35,4
20,player,238,0,0,1759.21,387.07,1814.21,544.05,4
20,player,239,0,0,1753.33,384.76,1808.34,541.74,4
20,player,240,0,0,1747.45,382.46,1802.46,539.44,4
20,player,241,0,0,1741.58,380.15,1796.58,537.13,4
20,player,242,0,0,1735.7,377.85,1790.7,534.83,4
20,player,243,0,0,1729.54,374.95,1784.55,531.93,4
20,player,244,0,0,1723.39,372.05,1778.39,529.03,4
20,player,245,0,0,1717.23,369.15,1772.23,526.14,4
20,player,246,0,0,1711.07,366.26,1766.08,523.24,4
20,player,247,0,0,1704.92,363.36,1759.92,520.34,4
20,player,248,0,0,1698.76,360.46,1753.76,517.44,4
20,player,249,0,0,1692.6,357.57,1747.61,514.55,4
20,player,250,0,0,1684.75,357.08,1739.76,514.06,4
20,player,251,0,0,1676.91,356.6,1731.91,513.58,4
20,player,252,0,0,1669.06,356.12,1724.06,513.1,4
20,player,253,0,0,1661.21,355.63,1716.22,512.62,4
20,player,254,0,0,1653.37,355.15,1708.37,512.13,4
20,player,255,0,0,1645.52,354.67,1700.52,511.65,4
20,player,256,0,0,1637.67,354.19,1692.68,511.17,4
20,player,257,0,0,1629.82,353.7,1684.83,510.68,4
20,player,258,0,0,1621.98,353.22,1676.98,510.2,4
20,player,259,0,0,1614.13,352.74,1669.13,509.72,4
20,player,260,0,0,1606.28,352.25,1661.29,509.24,4
20,player,261,0,0,1598.44,351.77,1653.44,508.75,4
20,player,262,0,0,1590.59,351.29,1645.59,508.27,4
20,player,263,0,0,1582.74,350.81,1637.75,507.79,4
20,player,264,0,0,1574.9,350.32,1629.9,507.3,4
20,player,265,0,0,1567.05,349.84,1622.05,506.82,4
20,player,266,0,0,1559.2,349.36,1614.21,506.34,4
20,player,267,0,0,1551.35,348.87,1606.36,505.86,4
20,player,268,0,0,1543.51,348.39,1598.51,505.37,4
20,player,269,0,0,1535.66,347.91,1590.66,504.89,4
20,player,270,0,0,1527.81,347.42,1582.82,504.41,4
20,player,271,0,0,1518.52,347.76,1573.52,504.74,4
20,player,272,0,0,1509.22,348.1,1564.23,505.08,4
20,player,273,0,0,1499.93,348.44,1554.93,505.42,4
20,player,274,0,0,1490.63,348.78,1545.63,505.76,4
20,player,275,0,0,1481.33,349.11,1536.34,506.1,4
20,player,276,0,0,1472.04,349.45,1527.04,506.43,4
20,player,277,0,0,1462.74,349.79,1517.75,506.77,4
20,player,278,0,0,1453.45,350.13,1508.45,507.11,4
20,player,279,0,0,1444.15,350.47,1499.15,507.45,4
20,player,280,0,0,1434.85,350.81,1489.86,507.79,4
20,player,281,0,0,1425.56,351.14,1480.56,508.12,4
20,player,282,0,0,1416.26,351.48,1471.27,508.46,4
20,player,283,0,0,1406.97,351.82,1461.97,508.8,4
20,player,284,0,0,1397.67,352.16,1452.68,509.14,4
20,player,285,0,0,1388.38,352.5,1443.38,509.48,4
20,player,286,0,0,1383.72,352.82,1438.72,509.8,4
20,player,287,0,0,1379.06,353.14,1434.07,510.12,4
20,player,288,0,0,1374.41,353.46,1429.41,510.44,4
20,player,289,0,0,1369.75,353.79,1424.76,510.77,4
20,player,290,0,0,1365.1,354.11,1420.1,511.09,4
20,player,291,0,0,1360.44,354.43,1415.45,511.41,4
20,player,292,0,0,1355.79,354.75,1410.79,511.74,4
20,player,293,0,0,1351.13,355.08,1406.14,512.06,4
20,player,294,0,0,1346.48,355.4,1401.48,512.38,4
20,player,295,0,0,1341.82,355.72,1396.82,512.7,4
20,player,296,0,0,1337.16,356.04,1392.17,513.03,4
20,player,297,0,0,1332.51,356.37,1387.51,513.35,4
20,player,298,0,0,1327.85,356.69,1382.86,513.67,4
20,player,299,0,0,1323.2,357.01,1378.2,513.99,4
20,player,300,0,0,1318.54,357.34,1373.55,514.32,4
20,player,301,0,0,1313.89,357.66,1368.89,514.64,4
20,player,302,0,0,1309.23,357.98,1364.24,514.96,4
20,player,303,0,0,1304.58,358.3,1359.58,515.29,4
20,player,304,0,0,1299.92,358.63,1354.92,515.61,4
20,player,305,0,0,1295.26,358.95,1350.27,515.93,4
20,player,306,0,0,1290.61,359.27,1345.61,516.25,4
20,player,307,0,0,1285.95,359.59,1340.96,516.58,4
20,player,308,0,0,1281.3,359.92,1336.3,516.9,4
20,player,309,0,0,1276.64,360.24,1331.65,517.22,4
20,player,310,0,0,1271.99,360.56,1326.99,517.54,4
20,player,311,0,0,1267.33,360.88,1322.34,517.87,4
20,player,312,0,0,1262.68,361.21,1317.68,518.19,4
20,player,313,0,0,1258.02,361.53,1313.02,518.51,4
20,player,314,0,0,1253.36,361.85,1308.37,518.83,4
20,player,315,0,0,1248.71,362.18,1303.71,519.16,4
20,player,316,0,0,1244.05,362.5,1299.06,519.48,4
20,player,317,0,0,1239.4,362.82,1294.4,519.8,4
20,player,318,0,0,1234.74,363.14,1289.75,520.13,4
20,player,319,0,0,1230.09,363.47,1285.09,520.45,4
20,player,320,0,0,1225.43,363.79,1280.44,520.77,4
20,player,321,0,0,1220.78,364.11,1275.78,521.09,4
20,player,322,0,0,1216.12,364.43,1271.12,521.42,4
20,player,323,0,0,1211.46,364.76,1266.47,521.74,4
20,player,324,0,0,1206.81,365.08,1261.81,522.06,4
20,player,325,0,0,1202.15,365.4,1257.16,522.38,4
20,player,326,0,0,1197.5,365.72,1252.5,522.71,4
20,player,327,0,0,1192.84,366.05,1247.85,523.03,4
20,player,328,0,0,1188.19,366.37,1243.19,523.35,4
20,player,329,0,0,1183.53,366.69,1238.54,523.67,4
20,player,330,0,0,1178.88,367.02,1233.88,524.0,4
20,player,331,0,0,1174.22,367.34,1229.22,524.32,4
20,player,332,0,0,1169.56,367.66,1224.57,524.64,4
20,player,333,0,0,1164.91,367.98,1219.91,524.97,4
20,player,334,0,0,1160.25,368.31,1215.26,525.29,4
20,player,335,0,0,1155.6,368.63,1210.6,525.61,4
20,player,336,0,0,1150.94,368.95,1205.95,525.93,4
20,player,337,0,0,1146.29,369.27,1201.29,526.26,4
20,player,338,0,0,1141.63,369.6,1196.63,526.58,4
20,player,339,0,0,1136.97,369.92,1191.98,526.9,4
20,player,340,0,0,1132.32,370.24,1187.32,527.22,4
20,player,341,0,0,1132.74,371.09,1187.75,528.07,4
20,player,342,0,0,1133.16,371.93,1188.17,528.91,4
20,player,343,0,0,1133.59,372.78,1188.59,529.76,4
20,player,344,0,0,1134.01,373.62,1189.01,530.6,4
20,player,345,0,0,1134.43,374.47,1189.44,531.45,4
20,player,346,0,0,1134.85,375.31,1189.86,532.29,4
20,player,347,0,0,1135.28,376.16,1190.28,533.14,4
20,player,348,0,0,1135.7,377.0,1190.7,533.98,4
20,player,349,0,0,1136.12,377.85,1191.13,534.83,4
20,player,350,0,0,1136.55,378.69,1191.55,535.67,4
20,player,351,0,0,1136.97,379.54,1191.97,536.52,4
20,player,352,0,0,1137.39,380.38,1192.39,537.36,4
20,player,353,0,0,1137.81,381.23,1192.82,538.21,4
20,player,354,0,0,1138.24,382.07,1193.24,539.05,4
20,player,355,0,0,1138.66,382.92,1193.66,539.9,4
20,player,356,0,0,1139.08,383.76,1194.08,540.74,4
20,player,357,0,0,1139.5,384.61,1194.51,541.59,4
20,player,358,0,0,1139.93,385.45,1194.93,542.43,4
20,player,359,0,0,1140.35,386.3,1195.35,543.28,4
20,player,360,0,0,1140.77,387.14,1195.78,544.13,4
20,player,361,0,0,1141.19,387.99,1196.2,544.97,4
20,player,362,0,0,1141.62,388.83,1196.62,545.82,4
20,player,363,0,0,1142.04,389.68,1197.04,546.66,4
20,player,364,0,0,1142.46,390.52,1197.47,547.51,4
20,player,365,0,0,1146.94,392.63,1202.37,548.94,4
20,player,366,0,0,1151.42,394.75,1207.27,550.38,4
20,player,367,0,0,1155.9,396.86,1212.17,551.82,4
20,player,368,0,0,1160.38,398.97,1217.07,553.25,4
20,player,369,0,0,1164.86,401.08,1221.97,554.69,4
20,player,370,0,0,1169.34,403.19,1226.87,556.13,4
20,player,371,0,0,1173.82,405.3,1231.77,557.56,4
20,player,372,0,0,1178.3,407.41,1236.68,559.0,4
20,player,373,0,0,1182.78,409.52,1241.58,560.43,4
20,player,374,0,0,1187.26,411.64,1246.48,561.87,4
20,player,375,0,0,1191.74,413.75,1251.38,563.31,4
20,player,376,0,0,1196.22,415.86,1256.28,564.74,4
20,player,377,0,0,1200.7,417.97,1261.18,566.18,4
20,player,378,0,0,1205.19,420.08,1266.08,567.62,4
20,player,379,0,0,1209.67,422.19,1270.99,569.05,4
20,player,380,0,0,1214.15,424.3,1275.89,570.49,4
20,player,381,0,0,1218.63,426.41,1280.79,571.93,4
20,player,382,0,0,1223.11,428.52,1285.69,573.36,4
20,player,383,0,0,1227.59,430.64,1290.59,574.8,4
20,player,384,0,0,1232.07,432.75,1295.49,576.24,4
20,player,385,0,0,1236.55,434.86,1300.39,577.67,4
20,player,386,0,0,1241.03,436.97,1305.3,579.11,4
20,player,387,0,0,1245.51,439.08,1310.2,580.55,4
20,player,388,0,0,1249.99,441.19,1315.1,581.98,4
20,player,389,0,0,1254.47,443.3,1320.0,583.42,4
20,player,390,0,0,1258.95,445.41,1324.9,584.86,4
20,player,391,0,0,1263.43,447.53,1329.8,586.29,4
20,player,392,0,0,1267.91,449.64,1334.7,587.73,4
20,player,393,0,0,1272.39,451.75,1339.6,589.17,4
20,player,394,0,0,1276.87,453.86,1344.51,590.6,4
20,player,395,0,0,1276.12,455.17,1343.76,591.92,4
20,player,396,0,0,1275.37,456.49,1343.0,593.23,4
20,player,397,0,0,1274.62,457.8,1342.25,594.55,4
20,player,398,0,0,1273.87,459.12,1341.5,595.86,4
20,player,399,0,0,1273.11,460.43,1340.75,597.18,4
20,player,400,0,0,1272.36,461.75,1340.0,598.49,4
20,player,401,0,0,1271.61,463.06,1339.25,599.81,4
20,player,402,0,0,1270.86,464.38,1338.5,601.12,4
20,player,403,0,0,1270.11,465.69,1337.75,602.43,4
20,player,404,0,0,1269.36,467.0,1336.99,603.75,4
20,player,405,0,0,1268.61,468.32,1336.24,605.06,4
20,player,406,0,0,1267.86,469.63,1335.49,606.38,4
20,player,407,0,0,1267.1,470.95,1334.74,607.69,4
20,player,408,0,0,1266.35,472.26,1333.99,609.01,4
20,player,409,0,0,1265.6,473.58,1333.24,610.32,4
20,player,410,0,0,1264.85,474.89,1332.49,611.64,4
20,player,411,0,0,1264.1,476.21,1331.74,612.95,4
20,player,412,0,0,1263.35,477.52,1330.98,614.27,4
20,player,413,0,0,1262.6,478.84,1330.23,615.58,4
20,player,414,0,0,1261.85,480.15,1329.48,616.89,4
20,player,415,0,0,1261.1,481.46,1328.73,618.21,4
20,player,416,0,0,1260.34,482.78,1327.98,619.52,4
20,player,417,0,0,1259.59,484.09,1327.23,620.84,4
20,player,418,0,0,1258.84,485.41,1326.48,622.15,4
20,player,419,0,0,1258.09,486.72,1325.73,623.47,4
20,player,420,0,0,1257.34,488.04,1324.98,624.78,4
20,player,421,0,0,1256.59,489.35,1324.22,626.1,4
20,player,422,0,0,1258.49,490.62,1326.13,627.36,4
20,player,423,0,0,1260.39,491.89,1328.03,628.63,4
20,player,424,0,0,1262.29,493.15,1329.93,629.9,4
20,player,425,0,0,1264.19,494.42,1331.83,631.17,4
20,player,426,0,0,1266.1,495.69,1333.73,632.43,4
20,player,427,0,0,1268.0,496.96,1335.63,633.7,4
20,player,428,0,0,1269.9,498.22,1337.53,634.97,4
20,player,429,0,0,1271.8,499.49,1339.44,636.24,4
20,player,430,0,0,1273.7,500.76,1341.34,637.5,4
20,player,431,0,0,1275.6,502.03,1343.24,638.77,4
20,player,432,0,0,1277.5,503.29,1345.14,640.04,4
20,player,433,0,0,1279.41,504.56,1347.04,641.31,4
20,player,434,0,0,1279.23,504.7,1346.86,641.44,4
20,player,435,0,0,1279.05,504.83,1346.69,641.57,4
20,player,436,0,0,1278.87,504.96,1346.51,641.71,4
20,player,437,0,0,1278.69,505.1,1346.33,641.84,4
20,player,438,0,0,1278.52,505.23,1346.15,641.97,4
20,player,439,0,0,1278.34,505.36,1345.97,642.11,4
20,player,440,0,0,1278.16,505.5,1345.8,642.24,4
20,player,441,0,0,1277.98,505.63,1345.62,642.37,4
20,player,442,0,0,1277.8,505.76,1345.44,642.51,4
20,player,443,0,0,1277.63,505.9,1345.26,642.64,4
20,player,444,0,0,1277.45,506.03,1345.08,642.77,4
20,player,445,0,0,1277.27,506.16,1344.91,642.91,4
20,player,446,0,0,1277.09,506.3,1344.73,643.04,4
20,player,447,0,0,1276.91,506.43,1344.55,643.18,4
20,player,448,0,0,1276.74,506.56,1344.37,643.31,4
20,player,449,0,0,1276.56,506.7,1344.2,643.44,4
20,player,450,0,0,1276.38,506.83,1344.02,643.58,4
20,player,451,0,0,1276.2,506.96,1343.84,643.71,4
20,player,452,0,0,1276.03,507.1,1343.66,643.84,4
20,player,453,0,0,1275.85,507.23,1343.48,643.98,4
20,player,454,0,0,1275.67,507.36,1343.31,644.11,4
20,player,455,0,0,1275.49,507.5,1343.13,644.24,4
20,player,456,0,0,1275.31,507.63,1342.95,644.38,4
20,player,457,0,0,1275.14,507.76,1342.77,644.51,4
20,player,458,0,0,1274.96,507.9,1342.59,644.64,4
20,player,459,0,0,1274.78,508.03,1342.42,644.78,4
20,player,460,0,0,1274.6,508.17,1342.24,644.91,4
20,player,461,0,0,1274.42,508.3,1342.06,645.04,4
20,player,462,0,0,1274.25,508.43,1341.88,645.18,4
20,player,463,0,0,1274.07,508.57,1341.7,645.31,4
20,player,464,0,0,1273.89,508.7,1341.53,645.44,4
20,player,465,0,0,1273.71,508.83,1341.35,645.58,4
20,player,466,0,0,1273.53,508.97,1341.17,645.71,4
20,player,467,0,0,1273.36,509.1,1340.99,645.84,4
20,player,468,0,0,1273.18,509.23,1340.81,645.98,4
20,player,469,0,0,1273.0,509.37,1340.64,646.11,4
20,player,470,0,0,1272.82,509.5,1340.46,646.24,4
20,player,471,0,0,1272.64,509.63,1340.28,646.38,4
20,player,472,0,0,1272.47,509.77,1340.1,646.51,4
20,player,473,0,0,1272.29,509.9,1339.93,646.64,4
20,player,474,0,0,1272.11,510.03,1339.75,646.78,4
20,player,475,0,0,1271.93,510.17,1339.57,646.91,4
20,player,476,0,0,1271.76,510.3,1339.39,647.04,4
20,player,477,0,0,1271.58,510.43,1339.21,647.18,4
20,player,478,0,0,1271.4,510.57,1339.04,647.31,4
20,player,479,0,0,1271.22,510.7,1338.86,647.44,4
20,player,480,0,0,1271.04,510.83,1338.68,647.58,4
20,player,481,0,0,1270.87,510.97,1338.5,647.71,4
20,player,482,0,0,1270.69,511.1,1338.32,647.85,4
20,player,483,0,0,1270.51,511.23,1338.15,647.98,4
20,player,484,0,0,1270.33,511.37,1337.97,648.11,4
20,player,485,0,0,1270.15,511.5,1337.79,648.25,4
20,player,486,0,0,1269.98,511.63,1337.61,648.38,4
20,player,487,0,0,1269.8,511.77,1337.43,648.51,4
20,player,488,0,0,1269.62,511.9,1337.26,648.65,4
20,player,489,0,0,1269.44,512.03,1337.08,648.78,4
20,player,490,0,0,1269.26,512.17,1336.9,648.91,4
20,player,491,0,0,1270.15,512.39,1337.79,649.13,4
20,player,492,0,0,1271.03,512.61,1338.67,649.35,4
20,player,493,0,0,1271.92,512.83,1339.55,649.58,4
20,player,494,0,0,1272.8,513.05,1340.44,649.8,4
20,player,495,0,0,1273.69,513.27,1341.32,650.02,4
20,player,496,0,0,1274.57,513.5,1342.21,650.24,4
20,player,497,0,0,1275.46,513.72,1343.09,650.46,4
20,player,498,0,0,1276.34,513.94,1343.98,650.68,4
20,player,499,0,0,1277.23,514.16,1344.86,650.9,4
20,player,500,0,0,1278.11,514.38,1345.75,651.12,4
20,player,501,0,0,1279.0,514.6,1346.63,651.35,4
20,player,502,0,0,1279.88,514.82,1347.52,651.57,4
20,player,503,0,0,1280.77,515.04,1348.4,651.79,4
20,player,504,0,0,1281.65,515.26,1349.29,652.01,4
20,player,505,0,0,1282.54,515.49,1350.17,652.23,4
20,player,506,0,0,1283.42,515.71,1351.06,652.45,4
20,player,507,0,0,1284.3,515.93,1351.94,652.67,4
20,player,508,0,0,1285.19,516.15,1352.83,652.89,4
20,player,509,0,0,1286.07,516.37,1353.71,653.11,4
20,player,510,0,0,1286.96,516.59,1354.59,653.34,4
20,player,511,0,0,1287.84,516.81,1355.48,653.56,4
20,player,512,0,0,1288.73,517.03,1356.36,653.78,4
20,player,513,0,0,1289.61,517.25,1357.25,654.0,4
20,player,514,0,0,1290.5,517.48,1358.13,654.22,4
20,player,515,0,0,1291.38,517.7,1359.02,654.44,4
20,player,516,0,0,1292.27,517.92,1359.9,654.66,4
20,player,517,0,0,1293.15,518.14,1360.79,654.88,4
20,player,518,0,0,1294.04,518.36,1361.67,655.11,4
20,player,519,0,0,1294.92,518.58,1362.56,655.33,4
20,player,520,0,0,1294.92,519.83,1362.56,656.57,4
20,player,521,0,0,1294.92,521.08,1362.56,657.82,4
20,player,522,0,0,1294.92,522.32,1362.56,659.07,4
20,player,523,0,0,1294.92,523.57,1362.56,660.32,4
20,player,524,0,0,1294.92,524.82,1362.56,661.56,4
20,player,525,0,0,1294.92,526.07,1362.56,662.81,4
20,player,526,0,0,1294.92,527.31,1362.56,664.06,4
20,player,527,0,0,1294.92,528.56,1362.56,665.3,4
20,player,528,0,0,1294.92,529.81,1362.56,666.55,4
20,player,529,0,0,1294.92,531.05,1362.56,667.8,4
20,player,530,0,0,1294.92,532.3,1362.56,669.05,4
20,player,531,0,0,1294.92,533.55,1362.56,670.29,4
20,player,532,0,0,1294.92,534.8,1362.56,671.54,4
20,player,533,0,0,1294.92,536.04,1362.56,672.79,4
20,player,534,0,0,1294.92,537.29,1362.56,674.03,4
20,player,535,0,0,1294.92,538.54,1362.56,675.28,4
20,player,536,0,0,1294.92,539.78,1362.56,676.53,4
20,player,537,0,0,1294.92,541.03,1362.56,677.78,4
20,player,538,0,0,1294.92,542.28,1362.56,679.02,4
20,player,539,0,0,1294.92,543.53,1362.56,680.27,4
20,player,540,0,0,1294.92,544.77,1362.56,681.52,4
20,player,541,0,0,1294.92,546.02,1362.56,682.76,4
20,player,542,0,0,1294.92,547.27,1362.56,684.01,4
20,player,543,0,0,1294.92,548.51,1362.56,685.26,4
20,player,544,0,0,1295.22,548.12,1362.86,684.86,4
20,player,545,0,0,1295.52,547.72,1363.15,684.46,4
20,player,546,0,0,1295.82,547.32,1363.45,684.07,4
20,player,547,0,0,1296.11,546.92,1363.75,683.67,4
20,player,548,0,0,1296.41,546.53,1364.05,683.27,4
20,player,549,0,0,1296.71,546.13,1364.35,682.87,4
20,player,550,0,0,1297.01,545.73,1364.65,682.47,4
20,player,551,0,0,1297.31,545.33,1364.94,682.08,4
20,player,552,0,0,1297.61,544.93,1365.24,681.68,4
20,player,553,0,0,1297.9,544.54,1365.54,681.28,4
20,player,554,0,0,1298.2,544.14,1365.84,680.88,4
20,player,555,0,0,1298.5,543.74,1366.14,680.49,4
20,player,556,0,0,1298.8,543.34,1366.44,680.09,4
20,player,557,0,0,1299.1,542.95,1366.73,679.69,4
20,player,558,0,0,1299.4,542.55,1367.03,679.29,4
20,player,559,0,0,1299.69,542.15,1367.33,678.89,4
20,player,560,0,0,1299.99,541.75,1367.63,678.5,4
20,player,561,0,0,1300.29,541.35,1367.93,678.1,4
20,player,562,0,0,1300.59,540.96,1368.23,677.7,4
20,player,563,0,0,1300.89,540.56,1368.52,677.3,4
20,player,564,0,0,1301.19,540.16,1368.82,676.91,4
20,player,565,0,0,1301.48,539.76,1369.12,676.51,4
20,player,566,0,0,1301.78,539.37,1369.42,676.11,4
20,player,567,0,0,1302.08,538.97,1369.72,675.71,4
20,player,568,0,0,1302.38,538.57,1370.02,675.31,4
20,player,569,0,0,1302.68,538.17,1370.31,674.92,4
20,player,570,0,0,1302.98,537.77,1370.61,674.52,4
20,player,571,0,0,1303.27,537.38,1370.91,674.12,4
20,player,572,0,0,1303.57,536.98,1371.21,673.72,4
20,player,573,0,0,1303.87,536.58,1371.51,673.33,4
20,player,574,0,0,1304.17,536.18,1371.81,672.93,4
20,player,575,0,0,1304.47,535.78,1372.1,672.53,4
20,player,576,0,0,1304.77,535.39,1372.4,672.13,4
20,player,577,0,0,1305.06,534.99,1372.7,671.73,4
20,player,578,0,0,1305.36,534.59,1373.0,671.34,4
20,player,579,0,0,1305.66,534.19,1373.3,670.94,4
20,player,580,0,0,1305.96,533.8,1373.6,670.54,4
20,player,581,0,0,1306.26,533.4,1373.89,670.14,4
20,player,582,0,0,1306.56,533.0,1374.19,669.74,4
20,player,583,0,0,1306.85,532.6,1374.49,669.35,4
20,player,584,0,0,1307.15,532.2,1374.79,668.95,4
20,player,585,0,0,1307.45,531.81,1375.09,668.55,4
20,player,586,0,0,1307.75,531.41,1375.39,668.15,4
20,player,587,0,0,1311.08,530.0,1378.71,666.74,4
20,player,588,0,0,1314.41,528.58,1382.04,665.33,4
20,player,589,0,0,1317.73,527.17,1385.37,663.91,4
20,player,590,0,0,1321.06,525.76,1388.7,662.5,4
20,player,591,0,0,1324.39,524.34,1392.03,661.09,4
20,player,592,0,0,1327.72,522.93,1395.35,659.68,4
20,player,593,0,0,1331.05,521.52,1398.68,658.26,4
20,player,594,0,0,1334.37,520.11,1402.01,656.85,4
20,player,595,0,0,1337.7,518.69,1405.34,655.44,4
20,player,596,0,0,1341.03,517.28,1408.67,654.02,4
20,player,597,0,0,1344.36,515.87,1411.99,652.61,4
20,player,598,0,0,1347.69,514.45,1415.32,651.2,4
20,player,599,0,0,1351.01,513.04,1418.65,649.78,4
20,player,600,0,0,1354.34,511.63,1421.98,648.37,4
20,player,601,0,0,1357.67,510.21,1425.31,646.96,4
20,player,602,0,0,1361.0,508.8,1428.63,645.55,4
20,player,603,0,0,1364.33,507.39,1431.96,644.13,4
20,player,604,0,0,1367.65,505.98,1435.29,642.72,4
20,player,605,0,0,1370.98,504.56,1438.62,641.31,4
20,player,606,0,0,1374.31,503.15,1441.95,639.89,4
20,player,607,0,0,1377.64,501.74,1445.27,638.48,4
20,player,608,0,0,1380.97,500.32,1448.6,637.07,4
20,player,609,0,0,1384.29,498.91,1451.93,635.66,4
20,player,610,0,0,1387.62,497.5,1455.26,634.24,4
20,player,611,0,0,1390.95,496.08,1458.59,632.83,4
20,player,612,0,0,1394.28,494.67,1461.91,631.42,4
20,player,613,0,0,1397.61,493.26,1465.24,630.0,4
20,player,614,0,0,1400.93,491.85,1468.57,628.59,4
20,player,615,0,0,1404.26,490.43,1471.9,627.18,4
20,player,616,0,0,1407.59,489.02,1475.23,625.76,4
20,player,617,0,0,1410.92,487.61,1478.55,624.35,4
20,player,618,0,0,1414.25,486.19,1481.88,622.94,4
20,player,619,0,0,1417.57,484.78,1485.21,621.53,4
20,player,620,0,0,1420.9,483.37,1488.54,620.11,4
20,player,621,0,0,1424.23,481.95,1491.87,618.7,4
20,player,622,0,0,1427.56,480.54,1495.19,617.29,4
20,player,623,0,0,1430.88,479.13,1498.52,615.87,4
20,player,624,0,0,1434.21,477.72,1501.85,614.46,4
20,player,625,0,0,1437.54,476.3,1505.18,613.05,4
20,player,626,0,0,1440.87,474.89,1508.51,611.63,4
20,player,627,0,0,1444.2,473.48,1511.83,610.22,4
20,player,628,0,0,1447.52,472.06,1515.16,608.81,4
20,player,629,0,0,1450.85,470.65,1518.49,607.4,4
20,player,630,0,0,1454.18,469.24,1521.82,605.98,4
20,player,631,0,0,1457.51,467.82,1525.14,604.57,4
20,player,632,0,0,1460.84,466.41,1528.47,603.16,4
20,player,633,0,0,1464.16,465.0,1531.8,601.74,4
20,player,634,0,0,1467.49,463.59,1535.13,600.33,4
20,player,635,0,0,1470.82,462.17,1538.46,598.92,4
20,player,636,0,0,1474.15,460.76,1541.78,597.5,4
20,player,637,0,0,1477.48,459.35,1545.11,596.09,4
20,player,638,0,0,1480.8,457.93,1548.44,594.68,4
20,player,639,0,0,1484.13,456.52,1551.77,593.27,4
20,player,640,0,0,1487.46,455.11,1555.1,591.85,4
20,player,641,0,0,1490.79,453.7,1558.42,590.44,4
20,player,642,0,0,1494.12,452.28,1561.75,589.03,4
20,player,643,0,0,1497.44,450.87,1565.08,587.61,4
20,player,644,0,0,1500.77,449.46,1568.41,586.2,4
20,player,645,0,0,1504.1,448.04,1571.74,584.79,4
20,player,646,0,0,1507.43,446.63,1575.06,583.37,4
20,player,647,0,0,1510.76,445.22,1578.39,581.96,4
20,player,648,0,0,1514.08,443.8,1581.72,580.55,4
20,player,649,0,0,1517.41,442.39,1585.05,579.14,4
20,player,650,0,0,1520.74,440.98,1588.38,577.72,4
20,player,651,0,0,1524.07,439.57,1591.7,576.31,4
20,player,652,0,0,1527.4,438.15,1595.03,574.9,4
20,player,653,0,0,1530.72,436.74,1598.36,573.48,4
20,player,654,0,0,1534.05,435.33,1601.69,572.07,4
20,player,655,0,0,1537.38,433.91,1605.02,570.66,4
20,player,656,0,0,1540.71,432.5,1608.34,569.24,4
20,player,657,0,0,1544.04,431.09,1611.67,567.83,4
20,player,658,0,0,1547.36,429.67,1615.0,566.42,4
20,player,659,0,0,1550.69,428.26,1618.33,565.01,4
20,player,660,0,0,1554.02,426.85,1621.66,563.59,4
20,player,661,0,0,1557.35,425.44,1624.98,562.18,4
20,player,662,0,0,1560.68,424.02,1628.31,560.77,4
20,player,663,0,0,1564.0,422.61,1631.64,559.35,4
20,player,664,0,0,1567.33,421.2,1634.97,557.94,4
20,player,665,0,0,1570.66,419.78,1638.3,556.53,4
20,player,666,0,0,1573.99,418.37,1641.62,555.11,4
20,player,667,0,0,1577.32,416.96,1644.95,553.7,4
20,player,668,0,0,1580.64,415.54,1648.28,552.29,4
20,player,669,0,0,1583.97,414.13,1651.61,550.88,4
20,player,670,0,0,1587.3,412.72,1654.94,549.46,4
20,player,671,0,0,1590.63,411.31,1658.26,548.05,4
20,player,672,0,0,1593.96,409.89,1661.59,546.64,4
20,player,673,0,0,1597.28,408.48,1664.92,545.22,4
20,player,674,0,0,1600.61,407.07,1668.25,543.81,4
20,player,675,0,0,1603.94,405.65,1671.58,542.4,4
20,player,676,0,0,1607.27,404.24,1674.9,540.99,4
20,player,677,0,0,1610.6,402.83,1678.23,539.57,4
20,player,678,0,0,1613.92,401.41,1681.56,538.16,4
20,player,679,0,0,1617.25,400.0,1684.89,536.75,4
20,player,680,0,0,1620.58,398.59,1688.22,535.33,4
20,player,681,0,0,1623.91,397.18,1691.54,533.92,4
20,player,682,0,0,1627.24,395.76,1694.87,532.51,4
20,player,683,0,0,1630.56,394.35,1698.2,531.09,4
20,player,684,0,0,1633.89,392.94,1701.53,529.68,4
20,player,685,0,0,1637.22,391.52,1704.86,528.27,4
20,player,686,0,0,1640.55,390.11,1708.18,526.86,4
20,player,687,0,0,1643.88,388.7,1711.51,525.44,4
20,player,688,0,0,1647.2,387.28,1714.84,524.03,4
20,player,689,0,0,1650.53,385.87,1718.17,522.62,4
20,player,690,0,0,1653.86,384.46,1721.5,521.2,4
20,player,691,0,0,1657.19,383.05,1724.82,519.79,4
20,player,692,0,0,1660.52,381.63,1728.15,518.38,4
20,player,693,0,0,1663.84,380.22,1731.48,516.96,4
20,player,694,0,0,1667.17,378.81,1734.81,515.55,4
20,player,695,0,0,1670.5,377.39,1738.14,514.14,4
20,player,696,0,0,1673.83,375.98,1741.46,512.73,4
20,player,697,0,0,1677.15,374.57,1744.79,511.31,4
20,player,698,0,0,1680.48,373.15,1748.12,509.9,4
20,player,699,0,0,1683.81,371.74,1751.45,508.49,4
20,player,700,0,0,1687.14,370.33,1754.78,507.07,4
20,player,701,0,0,1690.47,368.92,1758.1,505.66,4
20,player,702,0,0,1683.7,369.09,1751.33,505.84,4
20,player,703,0,0,1676.93,369.27,1744.56,506.02,4
20,player,704,0,0,1670.16,369.45,1737.79,506.19,4
20,player,705,0,0,1663.38,369.63,1731.02,506.37,4
20,player,706,0,0,1656.61,369.81,1724.25,506.55,4
20,player,707,0,0,1649.84,369.98,1717.48,506.73,4
20,player,708,0,0,1643.07,370.16,1710.71,506.91,4
20,player,709,0,0,1636.3,370.34,1703.94,507.09,4
20,player,710,0,0,1629.53,370.52,1697.17,507.26,4
20,player,711,0,0,1622.76,370.7,1690.4,507.44,4
20,player,712,0,0,1615.99,370.88,1683.63,507.62,4
20,player,713,0,0,1609.22,371.05,1676.86,507.8,4
20,player,714,0,0,1604.94,369.77,1672.58,506.52,4
20,player,715,0,0,1600.67,368.49,1668.3,505.23,4
20,player,716,0,0,1596.39,367.21,1664.03,503.95,4
20,player,717,0,0,1592.12,365.92,1659.75,502.67,4
20,player,718,0,0,1587.84,364.64,1655.48,501.38,4
20,player,719,0,0,1583.56,363.36,1651.2,500.1,4
20,player,720,0,0,1579.29,362.07,1646.92,498.82,4
20,player,721,0,0,1575.01,360.79,1642.65,497.54,4
20,player,722,0,0,1570.73,359.51,1638.37,496.25,4
20,player,723,0,0,1566.46,358.23,1634.09,494.97,4
20,player,724,0,0,1566.82,358.5,1634.46,495.24,4
20,player,725,0,0,1567.19,358.77,1634.82,495.52,4
20,player,726,0,0,1567.55,359.04,1635.19,495.79,4
20,player,727,0,0,1567.91,359.32,1635.55,496.06,4
20,player,728,0,0,1568.28,359.59,1635.91,496.33,4
20,player,729,0,0,1568.64,359.86,1636.28,496.61,4
20,player,730,0,0,1569.01,360.14,1636.64,496.88,4
20,player,731,0,0,1569.37,360.41,1637.01,497.15,4
20,player,732,0,0,1569.73,360.68,1637.37,497.43,4
20,player,733,0,0,1570.1,360.95,1637.73,497.7,4
20,player,734,0,0,1570.46,361.23,1638.1,497.97,4
20,player,735,0,0,1570.83,361.5,1638.46,498.25,4
20,player,736,0,0,1571.19,361.77,1638.83,498.52,4
20,player,737,0,0,1571.55,362.05,1639.19,498.79,4
20,player,738,0,0,1571.92,362.32,1639.55,499.06,4
20,player,739,0,0,1572.28,362.59,1639.92,499.34,4
20,player,740,0,0,1572.64,362.87,1640.28,499.61,4
20,player,741,0,0,1573.01,363.14,1640.64,499.88,4
20,player,742,0,0,1573.37,363.41,1641.01,500.16,4
20,player,743,0,0,1573.74,363.68,1641.37,500.43,4
20,player,744,0,0,1574.1,363.96,1641.74,500.7,4
20,player,745,0,0,1574.46,364.23,1642.1,500.97,4
20,player,746,0,0,1574.83,364.5,1642.46,501.25,4
20,player,747,0,0,1575.19,364.78,1642.83,501.52,4
20,player,748,0,0,1575.56,365.05,1643.19,501.79,4
20,player,749,0,0,1575.92,365.32,1643.56,502.07,4
20,player,750,0,0,1576.28,365.59,1643.92,502.34,4
20,player,751,0,0,1576.65,365.87,1644.28,502.61,4
20,player,752,0,0,1577.01,366.14,1644.65,502.89,4
20,player,753,0,0,1577.38,366.41,1645.01,503.16,4
20,player,754,0,0,1577.74,366.69,1645.38,503.43,4
20,player,755,0,0,1578.1,366.96,1645.74,503.7,4
20,player,756,0,0,1578.47,367.23,1646.1,503.98,4
20,player,757,0,0,1578.83,367.51,1646.47,504.25,4
20,player,758,0,0,1579.2,367.78,1646.83,504.52,4
20,player,759,0,0,1579.56,368.05,1647.2,504.8,4
20,player,760,0,0,1579.92,368.32,1647.56,505.07,4
20,player,761,0,0,1580.29,368.6,1647.92,505.34,4
20,player,762,0,0,1580.65,368.87,1648.29,505.61,4
20,player,763,0,0,1581.02,369.14,1648.65,505.89,4
20,player,764,0,0,1581.38,369.42,1649.02,506.16,4
20,player,765,0,0,1581.74,369.69,1649.38,506.43,4
20,player,766,0,0,1582.11,369.96,1649.74,506.71,4
20,player,767,0,0,1582.47,370.23,1650.11,506.98,4
20,player,768,0,0,1582.83,370.51,1650.47,507.25,4
20,player,769,0,0,1583.2,370.78,1650.83,507.53,4
20,player,770,0,0,1583.56,371.05,1651.2,507.8,4
20,player,771,0,0,1587.84,372.76,1655.47,509.51,4
20,player,772,0,0,1592.11,374.47,1659.75,511.22,4
20,player,773,0,0,1596.39,376.18,1664.03,512.93,4
20,player,774,0,0,1600.67,377.9,1668.3,514.64,4
20,player,775,0,0,1604.94,379.61,1672.58,516.35,4
20,player,776,0,0,1609.22,381.32,1676.86,518.06,4
20,player,777,0,0,1613.5,383.03,1681.13,519.77,4
20,player,778,0,0,1617.77,384.74,1685.41,521.48,4
20,player,779,0,0,1622.05,386.45,1689.68,523.19,4
20,player,780,0,0,1626.32,388.16,1693.96,524.9,4
20,player,781,0,0,1630.6,389.87,1698.24,526.61,4
20,player,782,0,0,1634.88,391.58,1702.51,528.32,4
20,player,783,0,0,1639.15,393.29,1706.79,530.03,4
20,player,784,0,0,1643.43,395.0,1711.07,531.74,4
20,player,785,0,0,1647.71,396.71,1715.34,533.45,4
20,player,786,0,0,1647.36,396.34,1715.0,533.08,4
20,player,787,0,0,1647.02,395.97,1714.66,532.71,4
20,player,788,0,0,1646.68,395.59,1714.32,532.34,4
20,player,789,0,0,1646.34,395.22,1713.98,531.97,4
20,player,790,0,0,1646.0,394.85,1713.64,531.6,4
20,player,791,0,0,1645.66,394.48,1713.3,531.22,4
20,player,792,0,0,1645.32,394.11,1712.96,530.85,4
20,player,793,0,0,1644.98,393.74,1712.61,530.48,4
20,player,794,0,0,1644.64,393.36,1712.27,530.11,4
20,player,795,0,0,1644.3,392.99,1711.93,529.74,4
20,player,796,0,0,1643.96,392.62,1711.59,529.36,4
20,player,797,0,0,1643.61,392.25,1711.25,528.99,4
20,player,798,0,0,1643.27,391.88,1710.91,528.62,4
20,player,799,0,0,1642.93,391.5,1710.57,528.25,4
20,player,800,0,0,1642.59,391.13,1710.23,527.88,4
20,player,801,0,0,1642.25,390.76,1709.89,527.51,4
20,player,802,0,0,1641.91,390.39,1709.55,527.13,4
20,player,803,0,0,1641.57,390.02,1709.21,526.76,4
20,player,804,0,0,1641.23,389.65,1708.86,526.39,4
20,player,805,0,0,1640.89,389.27,1708.52,526.02,4
20,player,806,0,0,1640.55,388.9,1708.18,525.65,4
20,player,807,0,0,1640.21,388.53,1707.84,525.27,4
20,player,808,0,0,1639.87,388.16,1707.5,524.9,4
20,player,809,0,0,1639.52,387.79,1707.16,524.53,4
20,player,810,0,0,1639.18,387.41,1706.82,524.16,4
20,player,811,0,0,1638.84,387.04,1706.48,523.79,4
20,player,812,0,0,1638.5,386.67,1706.14,523.42,4
20,player,813,0,0,1638.16,386.3,1705.8,523.04,4
20,player,814,0,0,1637.82,385.93,1705.46,522.67,4
20,player,815,0,0,1637.48,385.56,1705.12,522.3,4
20,player,816,0,0,1637.14,385.18,1704.77,521.93,4
20,player,817,0,0,1636.8,384.81,1704.43,521.56,4
20,player,818,0,0,1636.46,384.44,1704.09,521.18,4
20,player,819,0,0,1636.12,384.07,1703.75,520.81,4
20,player,820,0,0,1635.77,383.7,1703.41,520.44,4
20,player,821,0,0,1635.43,383.32,1703.07,520.07,4
20,player,822,0,0,1635.09,382.95,1702.73,519.7,4
20,player,823,0,0,1634.75,382.58,1702.39,519.32,4
20,player,824,0,0,1634.41,382.21,1702.05,518.95,4
20,player,825,0,0,1634.07,381.84,1701.71,518.58,4
20,player,826,0,0,1633.73,381.46,1701.37,518.21,4
20,player,827,0,0,1633.39,381.09,1701.03,517.84,4
20,player,828,0,0,1633.05,380.72,1700.68,517.47,4
20,player,829,0,0,1632.71,380.35,1700.34,517.09,4
20,player,830,0,0,1632.37,379.98,1700.0,516.72,4
20,player,831,0,0,1632.03,379.61,1699.66,516.35,4
20,player,832,0,0,1631.68,379.23,1699.32,515.98,4
20,player,833,0,0,1631.34,378.86,1698.98,515.61,4
20,player,834,0,0,1631.0,378.49,1698.64,515.23,4
20,player,835,0,0,1630.66,378.12,1698.3,514.86,4
20,player,836,0,0,1630.32,377.75,1697.96,514.49,4
20,player,837,0,0,1629.98,377.37,1697.62,514.12,4
20,player,838,0,0,1629.64,377.0,1697.28,513.75,4
20,player,839,0,0,1629.3,376.63,1696.93,513.38,4
20,player,840,0,0,1628.96,376.26,1696.59,513.0,4
20,player,841,0,0,1628.62,375.89,1696.25,512.63,4
20,player,842,0,0,1628.28,375.52,1695.91,512.26,4
20,player,843,0,0,1627.94,375.14,1695.57,511.89,4
20,player,844,0,0,1627.59,374.77,1695.23,511.52,4
20,player,845,0,0,1627.25,374.4,1694.89,511.14,4
20,player,846,0,0,1626.91,374.03,1694.55,510.77,4
20,player,847,0,0,1626.57,373.66,1694.21,510.4,4
20,player,848,0,0,1626.23,373.28,1693.87,510.03,4
20,player,849,0,0,1625.89,372.91,1693.53,509.66,4
20,player,850,0,0,1625.55,372.54,1693.19,509.29,4
20,player,851,0,0,1625.21,372.17,1692.84,508.91,4
20,player,852,0,0,1624.87,371.8,1692.5,508.54,4
20,player,853,0,0,1624.53,371.43,1692.16,508.17,4
20,player,854,0,0,1624.19,371.05,1691.82,507.8,4
20,player,855,0,0,1616.09,371.21,1683.73,507.95,4
20,player,856,0,0,1608.0,371.36,1675.63,508.1,4
20,player,857,0,0,1599.9,371.51,1667.54,508.26,4
20,player,858,0,0,1591.81,371.66,1659.45,508.41,4
20,player,859,0,0,1583.71,371.82,1651.35,508.56,4
20,player,860,0,0,1575.62,371.97,1643.26,508.71,4
20,player,861,0,0,1567.53,372.12,1635.16,508.87,4
20,player,862,0,0,1559.43,372.28,1627.07,509.02,4
20,player,863,0,0,1551.34,372.43,1618.97,509.17,4
20,player,864,0,0,1543.24,372.58,1610.88,509.33,4
20,player,865,0,0,1535.15,372.73,1602.79,509.48,4
20,player,866,0,0,1527.06,372.89,1594.69,509.63,4
20,player,867,0,0,1518.96,373.04,1586.6,509.78,4
20,player,868,0,0,1510.87,373.19,1578.5,509.94,4
20,player,869,0,0,1506.06,373.46,1573.69,510.2,4
20,player,870,0,0,1501.25,373.73,1568.88,510.47,4
20,player,871,0,0,1496.44,373.99,1564.07,510.74,4
20,player,872,0,0,1491.62,374.26,1559.26,511.0,4
20,player,873,0,0,1486.81,374.53,1554.45,511.27,4
20,player,874,0,0,1482.0,374.79,1549.64,511.54,4
20,player,875,0,0,1477.19,375.06,1544.83,511.81,4
20,player,876,0,0,1472.38,375.33,1540.02,512.07,4
20,player,877,0,0,1472.38,375.33,1540.02,512.07,4
20,player,878,0,0,1472.38,375.33,1540.02,512.07,4
20,player,879,0,0,1472.38,375.33,1540.02,512.07,4
20,player,880,0,0,1472.38,375.33,1540.02,512.07,4
20,player,881,0,0,1472.38,375.33,1540.02,512.07,4
20,player,882,0,0,1472.38,375.33,1540.02,512.07,4
20,player,883,0,0,1472.38,375.33,1540.02,512.07,4
20,player,884,0,0,1472.38,375.33,1540.02,512.07,4
20,player,885,0,0,1472.38,375.33,1540.02,512.07,4
20,player,886,0,0,1472.38,375.33,1540.02,512.07,4
20,player,887,0,0,1472.38,375.33,1540.02,512.07,4
20,player,888,0,0,1472.38,375.33,1540.02,512.07,4
20,player,889,0,0,1472.38,375.33,1540.02,512.07,4
20,player,890,0,0,1472.38,375.33,1540.02,512.07,4
20,player,891,0,0,1472.38,375.33,1540.02,512.07,4
20,player,892,0,0,1472.38,375.33,1540.02,512.07,4
20,player,893,0,0,1472.38,375.33,1540.02,512.07,4
20,player,894,0,0,1472.38,375.33,1540.02,512.07,4
20,player,895,0,0,1472.38,375.33,1540.02,512.07,4
20,player,896,0,0,1472.38,375.33,1540.02,512.07,4
20,player,897,0,0,1472.38,375.33,1540.02,512.07,4
20,player,898,0,0,1472.38,375.33,1540.02,512.07,4
20,player,899,0,0,1472.38,375.33,1540.02,512.07,4
21,player,270,0,0,1707.81,367.71,1776.41,524.69,33
21,player,271,0,0,1696.32,366.86,1764.92,523.84,33
21,player,272,0,0,1684.83,366.02,1753.43,523.0,33
21,player,273,0,0,1673.33,365.17,1741.93,522.15,33
21,player,274,0,0,1661.84,364.33,1730.44,521.31,33
21,player,275,0,0,1650.35,363.48,1718.95,520.46,33
21,player,276,0,0,1638.85,362.64,1707.45,519.62,33
21,player,277,0,0,1627.36,361.79,1695.96,518.77,33
21,player,278,0,0,1615.87,360.95,1684.47,517.93,33
21,player,279,0,0,1604.38,360.1,1672.98,517.08,33
21,player,280,0,0,1592.88,359.26,1661.48,516.24,33
21,player,281,0,0,1581.39,358.41,1649.99,515.39,33
21,player,282,0,0,1569.9,357.57,1638.5,514.55,33
21,player,283,0,0,1558.4,356.72,1627.0,513.7,33
21,player,284,0,0,1546.91,355.88,1615.51,512.86,33
21,player,285,0,0,1535.42,355.03,1604.02,512.01,33
21,player,286,0,0,1530.35,355.54,1598.95,512.52,33
21,player,287,0,0,1525.28,356.04,1593.88,513.03,33
21,player,288,0,0,1520.21,356.55,1588.81,513.53,33
21,player,289,0,0,1515.14,357.06,1583.74,514.04,33
21,player,290,0,0,1510.07,357.57,1578.67,514.55,33
21,player,291,0,0,1505.0,358.07,1573.6,515.05,33
21,player,292,0,0,1499.92,358.58,1568.53,515.56,33
21,player,293,0,0,1494.85,359.09,1563.46,516.07,33
21,player,294,0,0,1489.78,359.59,1558.38,516.58,33
21,player,295,0,0,1484.71,360.1,1553.31,517.08,33
21,player,296,0,0,1479.64,360.61,1548.24,517.59,33
21,player,297,0,0,1474.57,361.11,1543.17,518.1,33
21,player,298,0,0,1469.5,361.62,1538.1,518.6,33
21,player,299,0,0,1464.43,362.13,1533.03,519.11,33
21,player,300,0,0,1459.36,362.64,1527.96,519.62,33
21,player,301,0,0,1454.29,363.14,1522.89,520.12,33
21,player,302,0,0,1449.22,363.65,1517.82,520.63,33
21,player,303,0,0,1444.15,364.16,1512.75,521.14,33
21,player,304,0,0,1439.08,364.66,1507.68,521.65,33
21,player,305,0,0,1434.01,365.17,1502.61,522.15,33
21,player,306,0,0,1428.94,365.68,1497.54,522.66,33
21,player,307,0,0,1423.87,366.19,1492.47,523.17,33
21,player,308,0,0,1418.8,366.69,1487.4,523.67,33
21,player,309,0,0,1413.73,367.2,1482.33,524.18,33
21,player,310,0,0,1408.66,367.71,1477.26,524.69,33
21,player,311,0,0,1403.59,368.21,1472.19,525.2,33
21,player,312,0,0,1398.52,368.72,1467.12,525.7,33
21,player,313,0,0,1393.45,369.23,1462.05,526.21,33
21,player,314,0,0,1388.38,369.73,1456.98,526.72,33
21,player,315,0,0,1383.3,370.24,1451.91,527.22,33
21,player,316,0,0,1378.23,370.75,1446.84,527.73,33
21,player,317,0,0,1373.16,371.26,1441.76,528.24,33
21,player,318,0,0,1368.09,371.76,1436.69,528.74,33
21,player,319,0,0,1363.02,372.27,1431.62,529.25,33
21,player,320,0,0,1357.95,372.78,1426.55,529.76,33
21,player,321,0,0,1352.88,373.28,1421.48,530.27,33
21,player,322,0,0,1347.81,373.79,1416.41,530.77,33
21,player,323,0,0,1342.74,374.3,1411.34,531.28,33
21,player,324,0,0,1337.67,374.81,1406.27,531.79,33
21,player,325,0,0,1332.6,375.31,1401.2,532.29,33
21,player,326,0,0,1327.53,375.82,1396.13,532.8,33
21,player,327,0,0,1322.46,376.33,1391.06,533.31,33
21,player,328,0,0,1317.39,376.83,1385.99,533.82,33
21,player,329,0,0,1312.32,377.34,1380.92,534.32,33
21,player,330,0,0,1307.25,377.85,1375.85,534.83,33
21,player,331,0,0,1302.18,378.35,1370.78,535.34,33
21,player,332,0,0,1297.11,378.86,1365.71,535.84,33
21,player,333,0,0,1292.04,379.37,1360.64,536.35,33
21,player,334,0,0,1286.97,379.88,1355.57,536.86,33
21,player,335,0,0,1281.9,380.38,1350.5,537.36,33
21,player,336,0,0,1276.83,380.89,1345.43,537.87,33
21,player,337,0,0,1271.76,381.4,1340.36,538.38,33
21,player,338,0,0,1266.68,381.9,1335.29,538.89,33
21,player,339,0,0,1261.61,382.41,1330.21,539.39,33
21,player,340,0,0,1256.54,382.92,1325.14,539.9,33
21,player,341,0,0,1256.97,383.45,1325.57,540.43,33
21,player,342,0,0,1257.39,383.97,1325.99,540.96,33
21,player,343,0,0,1257.81,384.5,1326.41,541.48,33
21,player,344,0,0,1258.23,385.03,1326.83,542.01,33
21,player,345,0,0,1258.66,385.56,1327.26,542.54,33
21,player,346,0,0,1259.08,386.09,1327.68,543.07,33
21,player,347,0,0,1259.5,386.62,1328.1,543.6,33
21,player,348,0,0,1259.92,387.14,1328.53,544.13,33
21,player,349,0,0,1260.35,387.67,1328.95,544.65,33
21,player,350,0,0,1260.77,388.2,1329.37,545.18,33
21,player,351,0,0,1261.19,388.73,1329.79,545.71,33
21,player,352,0,0,1261.61,389.26,1330.22,546.24,33
21,player,353,0,0,1262.04,389.78,1330.64,546.77,33
21,player,354,0,0,1262.46,390.31,1331.06,547.29,33
21,player,355,0,0,1262.88,390.84,1331.48,547.82,33
21,player,356,0,0,1263.31,391.37,1331.91,548.35,33
21,player,357,0,0,1263.73,391.9,1332.33,548.88,33
21,player,358,0,0,1264.15,392.42,1332.75,549.41,33
21,player,359,0,0,1264.57,392.95,1333.17,549.93,33
21,player,360,0,0,1265.0,393.48,1333.6,550.46,33
21,player,361,0,0,1265.42,394.01,1334.02,550.99,33
21,player,362,0,0,1265.84,394.54,1334.44,551.52,33
21,player,363,0,0,1266.26,395.07,1334.86,552.05,33
21,player,364,0,0,1266.69,395.59,1335.29,552.58,33
21,player,365,0,0,1272.77,397.03,1341.37,554.01,33
21,player,366,0,0,1278.85,398.47,1347.46,555.45,33
21,player,367,0,0,1284.94,399.9,1353.54,556.89,33
21,player,368,0,0,1291.02,401.34,1359.62,558.32,33
21,player,369,0,0,1297.11,402.78,1365.71,559.76,33
21,player,370,0,0,1303.19,404.21,1371.79,561.2,33
21,player,371,0,0,1309.28,405.65,1377.88,562.63,33
21,player,372,0,0,1315.36,407.09,1383.96,564.07,33
21,player,373,0,0,1321.45,408.52,1390.05,565.51,33
21,player,374,0,0,1327.53,409.96,1396.13,566.94,33
21,player,375,0,0,1333.62,411.4,1402.22,568.38,33
21,player,376,0,0,1339.7,412.83,1408.3,569.82,33
21,player,377,0,0,1345.78,414.27,1414.38,571.25,33
21,player,378,0,0,1351.87,415.71,1420.47,572.69,33
21,player,379,0,0,1357.95,417.14,1426.55,574.12,33
21,player,380,0,0,1364.04,418.58,1432.64,575.56,33
21,player,381,0,0,1370.12,420.02,1438.72,577.0,33
21,player,382,0,0,1376.21,421.45,1444.81,578.43,33
21,player,383,0,0,1382.29,422.89,1450.89,579.87,33
21,player,384,0,0,1388.38,424.33,1456.98,581.31,33
21,player,385,0,0,1394.46,425.76,1463.06,582.74,33
21,player,386,0,0,1400.54,427.2,1469.15,584.18,33
21,player,387,0,0,1406.63,428.64,1475.23,585.62,33
21,player,388,0,0,1412.71,430.07,1481.31,587.05,33
21,player,389,0,0,1418.8,431.51,1487.4,588.49,33
21,player,390,0,0,1424.88,432.95,1493.48,589.93,33
21,player,391,0,0,1430.97,434.38,1499.57,591.36,33
21,player,392,0,0,1437.05,435.82,1505.65,592.8,33
21,player,393,0,0,1443.14,437.26,1511.74,594.24,33
21,player,394,0,0,1449.22,438.69,1517.82,595.67,33
21,player,395,0,0,1456.83,440.28,1525.43,597.26,33
21,player,396,0,0,1464.43,441.86,1533.03,598.84,33
21,player,397,0,0,1472.04,443.45,1540.64,600.43,33
21,player,398,0,0,1479.64,445.03,1548.24,602.01,33
21,player,399,0,0,1487.25,446.62,1555.85,603.6,33
21,player,400,0,0,1494.85,448.2,1563.46,605.18,33
21,player,401,0,0,1502.46,449.78,1571.06,606.77,33
21,player,402,0,0,1510.07,451.37,1578.67,608.35,33
21,player,403,0,0,1511.4,452.17,1580.0,609.15,33
21,player,404,0,0,1512.74,452.97,1581.34,609.95,33
21,player,405,0,0,1514.07,453.77,1582.67,610.75,33
21,player,406,0,0,1515.4,454.57,1584.0,611.55,33
21,player,407,0,0,1516.74,455.37,1585.34,612.35,33
21,player,408,0,0,1518.07,456.17,1586.67,613.15,33
21,player,409,0,0,1519.41,456.97,1588.01,613.96,33
21,player,410,0,0,1520.74,457.77,1589.34,614.76,33
21,player,411,0,0,1522.08,458.57,1590.68,615.56,33
21,player,412,0,0,1523.41,459.38,1592.01,616.36,33
21,player,413,0,0,1524.74,460.18,1593.34,617.16,33
21,player,414,0,0,1526.08,460.98,1594.68,617.96,33
21,player,415,0,0,1527.41,461.78,1596.01,618.76,33
21,player,416,0,0,1528.75,462.58,1597.35,619.56,33
21,player,417,0,0,1530.08,463.38,1598.68,620.36,33
21,player,418,0,0,1531.42,464.18,1600.02,621.16,33
21,player,419,0,0,1532.75,464.98,1601.35,621.96,33
21,player,420,0,0,1534.08,465.78,1602.69,622.76,33
21,player,421,0,0,1535.42,466.58,1604.02,623.56,33
21,player,422,0,0,1536.05,468.48,1604.65,625.46,33
21,player,423,0,0,1536.69,470.38,1605.29,627.37,33
21,player,424,0,0,1537.32,472.29,1605.92,629.27,33
21,player,425,0,0,1537.95,474.19,1606.55,631.17,33
21,player,426,0,0,1538.59,476.09,1607.19,633.07,33
21,player,427,0,0,1539.22,477.99,1607.82,634.97,33
21,player,428,0,0,1539.86,479.89,1608.46,636.87,33
21,player,429,0,0,1540.49,481.79,1609.09,638.77,33
21,player,430,0,0,1541.12,483.69,1609.72,640.68,33
21,player,431,0,0,1541.76,485.6,1610.36,642.58,33
21,player,432,0,0,1542.39,487.5,1610.99,644.48,33
21,player,433,0,0,1543.02,489.4,1611.62,646.38,33
21,player,434,0,0,1541.07,489.56,1609.67,646.54,33
21,player,435,0,0,1539.12,489.72,1607.72,646.7,33
21,player,436,0,0,1537.16,489.88,1605.76,646.86,33
21,player,437,0,0,1535.21,490.04,1603.81,647.02,33
21,player,438,0,0,1533.26,490.2,1601.86,647.18,33
21,player,439,0,0,1531.3,490.36,1599.9,647.34,33
21,player,440,0,0,1529.35,490.51,1597.95,647.5,33
21,player,441,0,0,1527.4,490.67,1596.0,647.66,33
21,player,442,0,0,1525.44,490.83,1594.04,647.82,33
21,player,443,0,0,1523.49,490.99,1592.09,647.97,33
21,player,444,0,0,1521.54,491.15,1590.14,648.13,33
21,player,445,0,0,1519.58,491.31,1588.18,648.29,33
21,player,446,0,0,1517.63,491.47,1586.23,648.45,33
21,player,447,0,0,1515.67,491.63,1584.28,648.61,33
21,player,448,0,0,1513.72,491.79,1582.32,648.77,33
21,player,449,0,0,1511.77,491.95,1580.37,648.93,33
21,player,450,0,0,1509.81,492.11,1578.41,649.09,33
21,player,451,0,0,1507.86,492.27,1576.46,649.25,33
21,player,452,0,0,1505.91,492.43,1574.51,649.41,33
21,player,453,0,0,1503.95,492.59,1572.55,649.57,33
21,player,454,0,0,1502.0,492.75,1570.6,649.73,33
21,player,455,0,0,1500.05,492.91,1568.65,649.89,33
21,player,456,0,0,1498.09,493.07,1566.69,650.05,33
21,player,457,0,0,1496.14,493.23,1564.74,650.21,33
21,player,458,0,0,1494.19,493.39,1562.79,650.37,33
21,player,459,0,0,1492.23,493.54,1560.83,650.53,33
21,player,460,0,0,1490.28,493.7,1558.88,650.69,33
21,player,461,0,0,1488.32,493.86,1556.93,650.85,33
21,player,462,0,0,1486.37,494.02,1554.97,651.0,33
21,player,463,0,0,1484.42,494.18,1553.02,651.16,33
21,player,464,0,0,1482.46,494.34,1551.06,651.32,33
21,player,465,0,0,1480.51,494.5,1549.11,651.48,33
21,player,466,0,0,1478.56,494.66,1547.16,651.64,33
21,player,467,0,0,1476.6,494.82,1545.2,651.8,33
21,player,468,0,0,1474.65,494.98,1543.25,651.96,33
21,player,469,0,0,1472.7,495.14,1541.3,652.12,33
21,player,470,0,0,1470.74,495.3,1539.34,652.28,33
21,player,471,0,0,1468.79,495.46,1537.39,652.44,33
21,player,472,0,0,1466.84,495.62,1535.44,652.6,33
21,player,473,0,0,1464.88,495.78,1533.48,652.76,33
21,player,474,0,0,1462.93,495.94,1531.53,652.92,33
21,player,475,0,0,1460.97,496.1,1529.58,653.08,33
21,player,476,0,0,1459.02,496.26,1527.62,653.24,33
21,player,477,0,0,1457.07,496.42,1525.67,653.4,33
21,player,478,0,0,1455.11,496.57,1523.71,653.56,33
21,player,479,0,0,1453.16,496.73,1521.76,653.72,33
21,player,480,0,0,1451.21,496.89,1519.81,653.88,33
21,player,481,0,0,1449.25,497.05,1517.85,654.03,33
21,player,482,0,0,1447.3,497.21,1515.9,654.19,33
21,player,483,0,0,1445.35,497.37,1513.95,654.35,33
21,player,484,0,0,1443.39,497.53,1511.99,654.51,33
21,player,485,0,0,1441.44,497.69,1510.04,654.67,33
21,player,486,0,0,1439.49,497.85,1508.09,654.83,33
21,player,487,0,0,1437.53,498.01,1506.13,654.99,33
21,player,488,0,0,1435.58,498.17,1504.18,655.15,33
21,player,489,0,0,1433.62,498.33,1502.23,655.31,33
21,player,490,0,0,1431.67,498.49,1500.27,655.47,33
21,player,491,0,0,1432.11,498.71,1500.71,655.69,33
21,player,492,0,0,1432.56,498.93,1501.16,655.91,33
21,player,493,0,0,1433.0,499.15,1501.6,656.13,33
21,player,494,0,0,1433.44,499.37,1502.04,656.35,33
21,player,495,0,0,1433.88,499.59,1502.48,656.58,33
21,player,496,0,0,1434.33,499.82,1502.93,656.8,33
21,player,497,0,0,1434.77,500.04,1503.37,657.02,33
21,player,498,0,0,1435.21,500.26,1503.81,657.24,33
21,player,499,0,0,1435.65,500.48,1504.25,657.46,33
21,player,500,0,0,1436.09,500.7,1504.7,657.68,33
21,player,501,0,0,1436.54,500.92,1505.14,657.9,33
21,player,502,0,0,1436.98,501.14,1505.58,658.12,33
21,player,503,0,0,1437.42,501.36,1506.02,658.35,33
21,player,504,0,0,1437.86,501.58,1506.46,658.57,33
21,player,505,0,0,1438.31,501.81,1506.91,658.79,33
21,player,506,0,0,1438.75,502.03,1507.35,659.01,33
21,player,507,0,0,1439.19,502.25,1507.79,659.23,33
21,player,508,0,0,1439.63,502.47,1508.23,659.45,33
21,player,509,0,0,1440.08,502.69,1508.68,659.67,33
21,player,510,0,0,1440.52,502.91,1509.12,659.89,33
21,player,511,0,0,1440.96,503.13,1509.56,660.11,33
21,player,512,0,0,1441.4,503.35,1510.0,660.34,33
21,player,513,0,0,1441.85,503.58,1510.45,660.56,33
21,player,514,0,0,1442.29,503.8,1510.89,660.78,33
21,player,515,0,0,1442.73,504.02,1511.33,661.0,33
21,player,516,0,0,1443.17,504.24,1511.77,661.22,33
21,player,517,0,0,1443.62,504.46,1512.22,661.44,33
21,player,518,0,0,1444.06,504.68,1512.66,661.66,33
21,player,519,0,0,1444.5,504.9,1513.1,661.88,33
21,player,520,0,0,1445.33,505.38,1513.93,662.36,33
21,player,521,0,0,1446.16,505.85,1514.76,662.83,33
21,player,522,0,0,1446.99,506.33,1515.6,663.31,33
21,player,523,0,0,1447.83,506.8,1516.43,663.78,33
21,player,524,0,0,1448.66,507.28,1517.26,664.26,33
21,player,525,0,0,1449.49,507.75,1518.09,664.73,33
21,player,526,0,0,1450.32,508.23,1518.92,665.21,33
21,player,527,0,0,1451.15,508.7,1519.75,665.68,33
21,player,528,0,0,1451.98,509.18,1520.58,666.16,33
21,player,529,0,0,1452.81,509.65,1521.42,666.64,33
21,player,530,0,0,1453.65,510.13,1522.25,667.11,33
21,player,531,0,0,1454.48,510.6,1523.08,667.59,33
21,player,532,0,0,1455.31,511.08,1523.91,668.06,33
21,player,533,0,0,1456.14,511.55,1524.74,668.54,33
21,player,534,0,0,1456.97,512.03,1525.57,669.01,33
21,player,535,0,0,1457.8,512.5,1526.4,669.49,33
21,player,536,0,0,1458.64,512.98,1527.24,669.96,33
21,player,537,0,0,1459.47,513.45,1528.07,670.44,33
21,player,538,0,0,1460.47,513.41,1529.07,670.39,33
21,player,539,0,0,1461.47,513.37,1530.07,670.35,33
21,player,540,0,0,1462.48,513.32,1531.08,670.31,33
21,player,541,0,0,1463.48,513.28,1532.08,670.26,33
21,player,542,0,0,1464.48,513.24,1533.09,670.22,33
21,player,543,0,0,1465.49,513.19,1534.09,670.17,33
21,player,544,0,0,1466.49,513.15,1535.09,670.13,33
21,player,545,0,0,1467.5,513.11,1536.1,670.09,33
21,player,546,0,0,1468.5,513.06,1537.1,670.04,33
21,player,547,0,0,1469.5,513.02,1538.1,670.0,33
21,player,548,0,0,1470.51,512.97,1539.11,669.96,33
21,player,549,0,0,1471.51,512.93,1540.11,669.91,33
21,player,550,0,0,1472.51,512.89,1541.11,669.87,33
21,player,551,0,0,1473.52,512.84,1542.12,669.83,33
21,player,552,0,0,1474.52,512.8,1543.12,669.78,33
21,player,553,0,0,1475.52,512.76,1544.12,669.74,33
21,player,554,0,0,1476.53,512.71,1545.13,669.69,33
21,player,555,0,0,1477.53,512.67,1546.13,669.65,33
21,player,556,0,0,1478.53,512.63,1547.14,669.61,33
21,player,557,0,0,1479.54,512.58,1548.14,669.56,33
21,player,558,0,0,1480.54,512.54,1549.14,669.52,33
21,player,559,0,0,1481.55,512.49,1550.15,669.48,33
21,player,560,0,0,1482.55,512.45,1551.15,669.43,33
21,player,561,0,0,1483.55,512.41,1552.15,669.39,33
21,player,562,0,0,1484.56,512.36,1553.16,669.35,33
21,player,563,0,0,1485.56,512.32,1554.16,669.3,33
21,player,564,0,0,1486.56,512.28,1555.16,669.26,33
21,player,565,0,0,1487.57,512.23,1556.17,669.21,33
21,player,566,0,0,1488.57,512.19,1557.17,669.17,33
21,player,567,0,0,1489.57,512.15,1558.18,669.13,33
21,player,568,0,0,1490.58,512.1,1559.18,669.08,33
21,player,569,0,0,1491.58,512.06,1560.18,669.04,33
21,player,570,0,0,1492.59,512.01,1561.19,669.0,33
21,player,571,0,0,1493.59,511.97,1562.19,668.95,33
21,player,572,0,0,1494.59,511.93,1563.19,668.91,33
21,player,573,0,0,1495.6,511.88,1564.2,668.87,33
21,player,574,0,0,1496.6,511.84,1565.2,668.82,33
21,player,575,0,0,1497.6,511.8,1566.2,668.78,33
21,player,576,0,0,1498.61,511.75,1567.21,668.73,33
21,player,577,0,0,1499.61,511.71,1568.21,668.69,33
21,player,578,0,0,1500.61,511.67,1569.21,668.65,33
21,player,579,0,0,1501.62,511.62,1570.22,668.6,33
21,player,580,0,0,1502.62,511.58,1571.22,668.56,33
21,player,581,0,0,1503.62,511.53,1572.23,668.52,33
21,player,582,0,0,1504.63,511.49,1573.23,668.47,33
21,player,583,0,0,1505.63,511.45,1574.23,668.43,33
21,player,584,0,0,1506.64,511.4,1575.24,668.39,33
21,player,585,0,0,1507.64,511.36,1576.24,668.34,33
21,player,586,0,0,1508.64,511.32,1577.24,668.3,33
21,player,587,0,0,1510.99,510.31,1579.59,667.29,33
21,player,588,0,0,1513.33,509.31,1581.93,666.29,33
21,player,589,0,0,1515.67,508.3,1584.27,665.29,33
21,player,590,0,0,1518.01,507.3,1586.61,664.28,33
21,player,591,0,0,1520.36,506.3,1588.96,663.28,33
21,player,592,0,0,1522.7,505.29,1591.3,662.27,33
21,player,593,0,0,1525.04,504.29,1593.64,661.27,33
21,player,594,0,0,1527.38,503.28,1595.98,660.27,33
21,player,595,0,0,1529.73,502.28,1598.33,659.26,33
21,player,596,0,0,1532.07,501.28,1600.67,658.26,33
21,player,597,0,0,1534.41,500.27,1603.01,657.25,33
21,player,598,0,0,1536.75,499.27,1605.35,656.25,33
21,player,599,0,0,1539.1,498.26,1607.7,655.25,33
21,player,600,0,0,1541.44,497.26,1610.04,654.24,33
21,player,601,0,0,1543.78,496.26,1612.38,653.24,33
21,player,602,0,0,1546.12,495.25,1614.72,652.23,33
21,player,603,0,0,1548.47,494.25,1617.07,651.23,33
21,player,604,0,0,1550.81,493.24,1619.41,650.23,33
21,player,605,0,0,1553.15,492.24,1621.75,649.22,33
21,player,606,0,0,1555.49,491.24,1624.1,648.22,33
21,player,607,0,0,1557.84,490.23,1626.44,647.21,33
21,player,608,0,0,1560.18,489.23,1628.78,646.21,33
21,player,609,0,0,1562.52,488.23,1631.12,645.21,33
21,player,610,0,0,1564.86,487.22,1633.47,644.2,33
21,player,611,0,0,1567.21,486.22,1635.81,643.2,33
21,player,612,0,0,1569.55,485.21,1638.15,642.19,33
21,player,613,0,0,1571.89,484.21,1640.49,641.19,33
21,player,614,0,0,1574.24,483.21,1642.84,640.19,33
21,player,615,0,0,1576.58,482.2,1645.18,639.18,33
21,player,616,0,0,1578.92,481.2,1647.52,638.18,33
21,player,617,0,0,1581.26,480.19,1649.86,637.18,33
21,player,618,0,0,1583.61,479.19,1652.21,636.17,33
21,player,619,0,0,1585.95,478.19,1654.55,635.17,33
21,player,620,0,0,1588.29,477.18,1656.89,634.16,33
21,player,621,0,0,1590.63,476.18,1659.23,633.16,33
21,player,622,0,0,1592.98,475.17,1661.58,632.16,33
21,player,623,0,0,1595.32,474.17,1663.92,631.15,33
21,player,624,0,0,1597.66,473.17,1666.26,630.15,33
21,player,625,0,0,1600.0,472.16,1668.6,629.14,33
21,player,626,0,0,1602.35,471.16,1670.95,628.14,33
21,player,627,0,0,1604.69,470.15,1673.29,627.14,33
21,player,628,0,0,1607.03,469.15,1675.63,626.13,33
21,player,629,0,0,1609.37,468.15,1677.97,625.13,33
21,player,630,0,0,1611.72,467.14,1680.32,624.12,33
21,player,631,0,0,1614.06,466.14,1682.66,623.12,33
21,player,632,0,0,1616.4,465.13,1685.0,622.12,33
21,player,633,0,0,1618.74,464.13,1687.35,621.11,33
21,player,634,0,0,1621.09,463.13,1689.69,620.11,33
21,player,635,0,0,1623.43,462.12,1692.03,619.1,33
21,player,636,0,0,1625.77,461.12,1694.37,618.1,33
21,player,637,0,0,1628.11,460.11,1696.72,617.1,33
21,player,638,0,0,1630.46,459.11,1699.06,616.09,33
21,player,639,0,0,1632.8,458.11,1701.4,615.09,33
21,player,640,0,0,1635.14,457.1,1703.74,614.08,33
21,player,641,0,0,1637.49,456.1,1706.09,613.08,33
21,player,642,0,0,1639.83,455.09,1708.43,612.08,33
21,player,643,0,0,1642.17,454.09,1710.77,611.07,33
21,player,644,0,0,1644.51,453.09,1713.11,610.07,33
21,player,645,0,0,1646.86,452.08,1715.46,609.06,33
21,player,646,0,0,1649.2,451.08,1717.8,608.06,33
21,player,647,0,0,1651.54,450.07,1720.14,607.06,33
21,player,648,0,0,1653.88,449.07,1722.48,606.05,33
21,player,649,0,0,1656.23,448.07,1724.83,605.05,33
21,player,650,0,0,1658.57,447.06,1727.17,604.04,33
21,player,651,0,0,1660.91,446.06,1729.51,603.04,33
21,player,652,0,0,1663.25,445.05,1731.85,602.04,33
21,player,653,0,0,1665.6,444.05,1734.2,601.03,33
21,player,654,0,0,1667.94,443.05,1736.54,600.03,33
21,player,655,0,0,1670.28,442.04,1738.88,599.02,33
21,player,656,0,0,1672.62,441.04,1741.22,598.02,33
21,player,657,0,0,1674.97,440.03,1743.57,597.02,33
21,player,658,0,0,1677.31,439.03,1745.91,596.01,33
21,player,659,0,0,1679.65,438.03,1748.25,595.01,33
21,player,660,0,0,1681.99,437.02,1750.6,594.0,33
21,player,661,0,0,1684.34,436.02,1752.94,593.0,33
21,player,662,0,0,1686.68,435.01,1755.28,592.0,33
21,player,663,0,0,1689.02,434.01,1757.62,590.99,33
21,player,664,0,0,1691.36,433.01,1759.97,589.99,33
21,player,665,0,0,1693.71,432.0,1762.31,588.98,33
21,player,666,0,0,1696.05,431.0,1764.65,587.98,33
21,player,667,0,0,1698.39,429.99,1766.99,586.98,33
21,player,668,0,0,1700.74,428.99,1769.34,585.97,33
21,player,669,0,0,1703.08,427.99,1771.68,584.97,33
21,player,670,0,0,1705.42,426.98,1774.02,583.96,33
21,player,671,0,0,1707.76,425.98,1776.36,582.96,33
21,player,672,0,0,1710.11,424.97,1778.71,581.96,33
21,player,673,0,0,1712.45,423.97,1781.05,580.95,33
21,player,674,0,0,1714.79,422.97,1783.39,579.95,33
21,player,675,0,0,1717.13,421.96,1785.73,578.94,33
21,player,676,0,0,1719.48,420.96,1788.08,577.94,33
21,player,677,0,0,1721.82,419.95,1790.42,576.94,33
21,player,678,0,0,1724.16,418.95,1792.76,575.93,33
21,player,679,0,0,1726.5,417.95,1795.1,574.93,33
21,player,680,0,0,1728.85,416.94,1797.45,573.92,33
21,player,681,0,0,1731.19,415.94,1799.79,572.92,33
21,player,682,0,0,1733.53,414.93,1802.13,571.92,33
21,player,683,0,0,1735.87,413.93,1804.47,570.91,33
21,player,684,0,0,1738.22,412.93,1806.82,569.91,33
21,player,685,0,0,1740.56,411.92,1809.16,568.9,33
21,player,686,0,0,1742.9,410.92,1811.5,567.9,33
21,player,687,0,0,1745.24,409.92,1813.85,566.9,33
21,player,688,0,0,1747.59,408.91,1816.19,565.89,33
21,player,689,0,0,1749.93,407.91,1818.53,564.89,33
21,player,690,0,0,1752.27,406.9,1820.87,563.88,33
21,player,691,0,0,1754.62,405.9,1823.22,562.88,33
21,player,692,0,0,1756.96,404.9,1825.56,561.88,33
21,player,693,0,0,1759.3,403.89,1827.9,560.87,33
21,player,694,0,0,1761.64,402.89,1830.24,559.87,33
21,player,695,0,0,1763.99,401.88,1832.59,558.87,33
21,player,696,0,0,1766.33,400.88,1834.93,557.86,33
21,player,697,0,0,1768.67,399.88,1837.27,556.86,33
21,player,698,0,0,1771.01,398.87,1839.61,555.85,33
21,player,699,0,0,1773.36,397.87,1841.96,554.85,33
21,player,700,0,0,1775.7,396.86,1844.3,553.85,33
21,player,701,0,0,1778.04,395.86,1846.64,552.84,33
21,player,702,0,0,1769.84,394.26,1838.45,551.24,33
21,player,703,0,0,1761.65,392.65,1830.25,549.63,33
21,player,704,0,0,1753.45,391.05,1822.05,548.03,33
21,player,705,0,0,1745.26,389.44,1813.86,546.43,33
21,player,706,0,0,1737.06,387.84,1805.66,544.82,33
21,player,707,0,0,1728.86,386.24,1797.47,543.22,33
21,player,708,0,0,1720.67,384.63,1789.27,541.62,33
21,player,709,0,0,1712.47,383.03,1781.07,540.01,33
21,player,710,0,0,1704.28,381.43,1772.88,538.41,33
21,player,711,0,0,1696.08,379.82,1764.68,536.81,33
21,player,712,0,0,1687.88,378.22,1756.49,535.2,33
21,player,713,0,0,1679.69,376.62,1748.29,533.6,33
21,player,714,0,0,1673.27,376.19,1741.87,533.17,33
21,player,715,0,0,1666.86,375.76,1735.46,532.74,33
21,player,716,0,0,1660.45,375.33,1729.05,532.32,33
21,player,717,0,0,1654.03,374.91,1722.63,531.89,33
21,player,718,0,0,1647.62,374.48,1716.22,531.46,33
21,player,719,0,0,1641.2,374.05,1709.8,531.03,33
21,player,720,0,0,1634.79,373.62,1703.39,530.6,33
21,player,721,0,0,1628.37,373.2,1696.97,530.18,33
21,player,722,0,0,1621.96,372.77,1690.56,529.75,33
21,player,723,0,0,1615.55,372.34,1684.15,529.32,33
21,player,724,0,0,1616.41,372.61,1685.01,529.59,33
21,player,725,0,0,1617.27,372.89,1685.88,529.87,33
21,player,726,0,0,1618.14,373.16,1686.74,530.14,33
21,player,727,0,0,1619.0,373.43,1687.6,530.41,33
21,player,728,0,0,1619.87,373.7,1688.47,530.69,33
21,player,729,0,0,1620.73,373.98,1689.33,530.96,33
21,player,730,0,0,1621.6,374.25,1690.2,531.23,33
21,player,731,0,0,1622.46,374.52,1691.06,531.51,33
21,player,732,0,0,1623.32,374.8,1691.93,531.78,33
21,player,733,0,0,1624.19,375.07,1692.79,532.05,33
21,player,734,0,0,1625.05,375.34,1693.65,532.32,33
21,player,735,0,0,1625.92,375.62,1694.52,532.6,33
21,player,736,0,0,1626.78,375.89,1695.38,532.87,33
21,player,737,0,0,1627.65,376.16,1696.25,533.14,33
21,player,738,0,0,1628.51,376.43,1697.11,533.42,33
21,player,739,0,0,1629.38,376.71,1697.98,533.69,33
21,player,740,0,0,1630.24,376.98,1698.84,533.96,33
21,player,741,0,0,1631.1,377.25,1699.7,534.23,33
21,player,742,0,0,1631.97,377.53,1700.57,534.51,33
21,player,743,0,0,1632.83,377.8,1701.43,534.78,33
21,player,744,0,0,1633.7,378.07,1702.3,535.05,33
21,player,745,0,0,1634.56,378.34,1703.16,535.33,33
21,player,746,0,0,1635.43,378.62,1704.03,535.6,33
21,player,747,0,0,1636.29,378.89,1704.89,535.87,33
21,player,748,0,0,1637.15,379.16,1705.76,536.15,33
21,player,749,0,0,1638.02,379.44,1706.62,536.42,33
21,player,750,0,0,1638.88,379.71,1707.48,536.69,33
21,player,751,0,0,1639.75,379.98,1708.35,536.96,33
21,player,752,0,0,1640.61,380.26,1709.21,537.24,33
21,player,753,0,0,1641.48,380.53,1710.08,537.51,33
21,player,754,0,0,1642.34,380.8,1710.94,537.78,33
21,player,755,0,0,1643.2,381.07,1711.81,538.06,33
21,player,756,0,0,1644.07,381.35,1712.67,538.33,33
21,player,757,0,0,1644.93,381.62,1713.53,538.6,33
21,player,758,0,0,1645.8,381.89,1714.4,538.87,33
21,player,759,0,0,1646.66,382.17,1715.26,539.15,33
21,player,760,0,0,1647.53,382.44,1716.13,539.42,33
21,player,761,0,0,1648.39,382.71,1716.99,539.69,33
21,player,762,0,0,1649.26,382.98,1717.86,539.97,33
21,player,763,0,0,1650.12,383.26,1718.72,540.24,33
21,player,764,0,0,1650.98,383.53,1719.58,540.51,33
21,player,765,0,0,1651.85,383.8,1720.45,540.79,33
21,player,766,0,0,1652.71,384.08,1721.31,541.06,33
21,player,767,0,0,1653.58,384.35,1722.18,541.33,33
21,player,768,0,0,1654.44,384.62,1723.04,541.6,33
21,player,769,0,0,1655.31,384.9,1723.91,541.88,33
21,player,770,0,0,1656.17,385.17,1724.77,542.15,33
21,player,771,0,0,1660.73,387.02,1729.33,544.0,33
21,player,772,0,0,1665.29,388.87,1733.89,545.86,33
21,player,773,0,0,1669.85,390.73,1738.45,547.71,33
21,player,774,0,0,1674.41,392.58,1743.02,549.56,33
21,player,775,0,0,1678.98,394.43,1747.58,551.42,33
21,player,776,0,0,1683.54,396.29,1752.14,553.27,33
21,player,777,0,0,1688.1,398.14,1756.7,555.12,33
21,player,778,0,0,1692.66,399.99,1761.26,556.97,33
21,player,779,0,0,1697.22,401.85,1765.82,558.83,33
21,player,780,0,0,1701.78,403.7,1770.38,560.68,33
21,player,781,0,0,1706.34,405.55,1774.94,562.53,33
21,player,782,0,0,1710.9,407.4,1779.5,564.39,33
21,player,783,0,0,1715.47,409.26,1784.07,566.24,33
21,player,784,0,0,1720.03,411.11,1788.63,568.09,33
21,player,785,0,0,1724.59,412.96,1793.19,569.95,33
21,player,786,0,0,1725.74,412.75,1794.34,569.73,33
21,player,787,0,0,1726.9,412.54,1795.5,569.52,33
21,player,788,0,0,1728.05,412.32,1796.65,569.3,33
21,player,789,0,0,1729.21,412.11,1797.81,569.09,33
21,player,790,0,0,1730.36,411.89,1798.96,568.88,33
21,player,791,0,0,1731.52,411.68,1800.12,568.66,33
21,player,792,0,0,1732.67,411.47,1801.27,568.45,33
21,player,793,0,0,1733.82,411.25,1802.43,568.24,33
21,player,794,0,0,1734.98,411.04,1803.58,568.02,33
21,player,795,0,0,1736.13,410.83,1804.73,567.81,33
21,player,796,0,0,1737.29,410.61,1805.89,567.59,33
21,player,797,0,0,1738.44,410.4,1807.04,567.38,33
21,player,798,0,0,1739.6,410.18,1808.2,567.17,33
21,player,799,0,0,1740.75,409.97,1809.35,566.95,33
21,player,800,0,0,1741.91,409.76,1810.51,566.74,33
21,player,801,0,0,1743.06,409.54,1811.66,566.52,33
21,player,802,0,0,1744.22,409.33,1812.82,566.31,33
21,player,803,0,0,1745.37,409.12,1813.97,566.1,33
21,player,804,0,0,1746.52,408.9,1815.13,565.88,33
21,player,805,0,0,1747.68,408.69,1816.28,565.67,33
21,player,806,0,0,1748.83,408.47,1817.43,565.46,33
21,player,807,0,0,1749.99,408.26,1818.59,565.24,33
21,player,808,0,0,1751.14,408.05,1819.74,565.03,33
21,player,809,0,0,1752.3,407.83,1820.9,564.81,33
21,player,810,0,0,1753.45,407.62,1822.05,564.6,33
21,player,811,0,0,1754.61,407.4,1823.21,564.39,33
21,player,812,0,0,1755.76,407.19,1824.36,564.17,33
21,player,813,0,0,1756.92,406.98,1825.52,563.96,33
21,player,814,0,0,1758.07,406.76,1826.67,563.75,33
21,player,815,0,0,1759.22,406.55,1827.83,563.53,33
21,player,816,0,0,1760.38,406.34,1828.98,563.32,33
21,player,817,0,0,1761.53,406.12,1830.13,563.1,33
21,player,818,0,0,1762.69,405.91,1831.29,562.89,33
21,player,819,0,0,1763.84,405.69,1832.44,562.68,33
21,player,820,0,0,1765.0,405.48,1833.6,562.46,33
21,player,821,0,0,1766.15,405.27,1834.75,562.25,33
21,player,822,0,0,1767.31,405.05,1835.91,562.03,33
21,player,823,0,0,1768.46,404.84,1837.06,561.82,33
21,player,824,0,0,1769.62,404.63,1838.22,561.61,33
21,player,825,0,0,1770.77,404.41,1839.37,561.39,33
21,player,826,0,0,1771.93,404.2,1840.53,561.18,33
21,player,827,0,0,1773.08,403.98,1841.68,560.97,33
21,player,828,0,0,1774.23,403.77,1842.84,560.75,33
21,player,829,0,0,1775.39,403.56,1843.99,560.54,33
21,player,830,0,0,1776.54,403.34,1845.14,560.32,33
21,player,831,0,0,1777.7,403.13,1846.3,560.11,33
21,player,832,0,0,1778.85,402.91,1847.45,559.9,33
21,player,833,0,0,1780.01,402.7,1848.61,559.68,33
21,player,834,0,0,1781.16,402.49,1849.76,559.47,33
21,player,835,0,0,1782.32,402.27,1850.92,559.26,33
21,player,836,0,0,1780.07,400.7,1848.67,557.68,33
21,player,837,0,0,1777.82,399.12,1846.42,556.1,33
21,player,838,0,0,1775.56,397.55,1844.17,554.53,33
21,player,839,0,0,1773.31,395.97,1841.91,552.95,33
21,player,840,0,0,1771.06,394.4,1839.66,551.38,33
21,player,841,0,0,1768.81,392.82,1837.41,549.8,33
21,player,842,0,0,1766.56,391.25,1835.16,548.23,33
21,player,843,0,0,1764.31,389.67,1832.91,546.65,33
21,player,844,0,0,1762.06,388.09,1830.66,545.08,33
21,player,845,0,0,1759.81,386.52,1828.41,543.5,33
21,player,846,0,0,1757.56,384.94,1826.16,541.93,33
21,player,847,0,0,1755.31,383.37,1823.91,540.35,33
21,player,848,0,0,1753.06,381.79,1821.66,538.78,33
21,player,849,0,0,1750.81,380.22,1819.41,537.2,33
21,player,850,0,0,1748.56,378.64,1817.16,535.62,33
21,player,851,0,0,1746.31,377.07,1814.91,534.05,33
21,player,852,0,0,1744.06,375.49,1812.66,532.47,33
21,player,853,0,0,1741.81,373.92,1810.41,530.9,33
21,player,854,0,0,1739.55,372.34,1808.16,529.32,33
21,player,855,0,0,1730.09,372.65,1798.69,529.63,33
21,player,856,0,0,1720.62,372.95,1789.22,529.93,33
21,player,857,0,0,1711.15,373.26,1779.75,530.24,33
21,player,858,0,0,1701.68,373.56,1770.28,530.54,33
21,player,859,0,0,1692.21,373.87,1760.81,530.85,33
21,player,860,0,0,1682.74,374.17,1751.34,531.16,33
21,player,861,0,0,1673.27,374.48,1741.88,531.46,33
21,player,862,0,0,1663.81,374.78,1732.41,531.77,33
21,player,863,0,0,1654.34,375.09,1722.94,532.07,33
21,player,864,0,0,1644.87,375.4,1713.47,532.38,33
21,player,865,0,0,1635.4,375.7,1704.0,532.68,33
21,player,866,0,0,1625.93,376.01,1694.53,532.99,33
21,player,867,0,0,1616.46,376.31,1685.06,533.29,33
21,player,868,0,0,1606.99,376.62,1675.59,533.6,33
21,player,869,0,0,1600.05,376.88,1668.65,533.87,33
21,player,870,0,0,1593.1,377.15,1661.7,534.13,33
21,player,871,0,0,1586.15,377.42,1654.75,534.4,33
21,player,872,0,0,1579.2,377.69,1647.8,534.67,33
21,player,873,0,0,1572.25,377.95,1640.85,534.94,33
21,player,874,0,0,1565.3,378.22,1633.9,535.2,33
21,player,875,0,0,1558.35,378.49,1626.95,535.47,33
21,player,876,0,0,1551.4,378.76,1620.0,535.74,33
21,player,877,0,0,1551.4,378.76,1620.0,535.74,33
21,player,878,0,0,1551.4,378.76,1620.0,535.74,33
21,player,879,0,0,1551.4,378.76,1620.0,535.74,33
21,player,880,0,0,1551.4,378.76,1620.0,535.74,33
21,player,881,0,0,1551.4,378.76,1620.0,535.74,33
21,player,882,0,0,1551.4,378.76,1620.0,535.74,33
21,player,883,0,0,1551.4,378.76,1620.0,535.74,33
21,player,884,0,0,1551.4,378.76,1620.0,535.74,33
21,player,885,0,0,1551.4,378.76,1620.0,535.74,33
21,player,886,0,0,1551.4,378.76,1620.0,535.74,33
21,player,887,0,0,1551.4,378.76,1620.0,535.74,33
21,player,888,0,0,1551.4,378.76,1620.0,535.74,33
21,player,889,0,0,1551.4,378.76,1620.0,535.74,33
21,player,890,0,0,1551.4,378.76,1620.0,535.74,33
21,player,891,0,0,1551.4,378.76,1620.0,535.74,33
21,player,892,0,0,1551.4,378.76,1620.0,535.74,33
21,player,893,0,0,1551.4,378.76,1620.0,535.74,33
21,player,894,0,0,1551.4,378.76,1620.0,535.74,33
21,player,895,0,0,1551.4,378.76,1620.0,535.74,33
21,player,896,0,0,1551.4,378.76,1620.0,535.74,33
21,player,897,0,0,1551.4,378.76,1620.0,535.74,33
21,player,898,0,0,1551.4,378.76,1620.0,535.74,33
21,player,899,0,0,1551.4,378.76,1620.0,535.74,33
22,player,270,0,0,1844.71,109.11,1913.31,266.1,23
22,player,271,0,0,1839.3,111.14,1906.72,265.42,23
22,player,272,0,0,1833.9,113.17,1900.12,264.75,23
22,player,273,0,0,1828.49,115.19,1893.53,264.08,23
22,player,274,0,0,1823.08,117.22,1886.93,263.41,23
22,player,275,0,0,1817.67,119.24,1880.33,262.73,23
22,player,276,0,0,1812.26,121.27,1873.74,262.06,23
22,player,277,0,0,1806.85,123.3,1867.14,261.39,23
22,player,278,0,0,1801.45,125.32,1860.55,260.71,23
22,player,279,0,0,1796.04,127.35,1853.95,260.04,23
22,player,280,0,0,1790.63,129.37,1847.36,259.37,23
22,player,281,0,0,1785.22,131.4,1840.76,258.7,23
22,player,282,0,0,1779.81,133.43,1834.16,258.02,23
22,player,283,0,0,1774.4,135.45,1827.57,257.35,23
22,player,284,0,0,1769.0,137.48,1820.97,256.68,23
22,player,285,0,0,1763.59,139.5,1814.38,256.0,23
22,player,286,0,0,1760.91,140.29,1811.7,256.79,23
22,player,287,0,0,1758.24,141.07,1809.03,257.57,23
22,player,288,0,0,1755.57,141.86,1806.36,258.36,23
22,player,289,0,0,1752.89,142.64,1803.68,259.14,23
22,player,290,0,0,1750.22,143.42,1801.01,259.92,23
22,player,291,0,0,1747.55,144.21,1798.33,260.71,23
22,player,292,0,0,1744.87,144.99,1795.66,261.49,23
22,player,293,0,0,1742.2,145.77,1792.99,262.27,23
22,player,294,0,0,1739.53,146.56,1790.31,263.06,23
22,player,295,0,0,1736.85,147.34,1787.64,263.84,23
22,player,296,0,0,1734.18,148.12,1784.97,264.62,23
22,player,297,0,0,1731.51,148.91,1782.29,265.41,23
22,player,298,0,0,1728.83,149.69,1779.62,266.19,23
22,player,299,0,0,1726.16,150.48,1776.95,266.98,23
22,player,300,0,0,1723.48,151.26,1774.27,267.76,23
22,player,301,0,0,1720.81,152.04,1771.6,268.54,23
22,player,302,0,0,1718.14,152.83,1768.93,269.33,23
22,player,303,0,0,1715.46,153.61,1766.25,270.11,23
22,player,304,0,0,1712.79,154.39,1763.58,270.89,23
22,player,305,0,0,1710.12,155.18,1760.91,271.68,23
22,player,306,0,0,1707.44,155.96,1758.23,272.46,23
22,player,307,0,0,1704.77,156.74,1755.56,273.24,23
22,player,308,0,0,1702.1,157.53,1752.89,274.03,23
22,player,309,0,0,1699.42,158.31,1750.21,274.81,23
22,player,310,0,0,1696.75,159.1,1747.54,275.6,23
22,player,311,0,0,1694.08,159.88,1744.87,276.38,23
22,player,312,0,0,1691.4,160.66,1742.19,277.16,23
22,player,313,0,0,1688.73,161.45,1739.52,277.95,23
22,player,314,0,0,1686.06,162.23,1736.84,278.73,23
22,player,315,0,0,1683.38,163.01,1734.17,279.51,23
22,player,316,0,0,1680.71,163.8,1731.5,280.3,23
22,player,317,0,0,1678.04,164.58,1728.82,281.08,23
22,player,318,0,0,1675.36,165.36,1726.15,281.86,23
22,player,319,0,0,1672.69,166.15,1723.48,282.65,23
22,player,320,0,0,1670.01,166.93,1720.8,283.43,23
22,player,321,0,0,1667.34,167.71,1718.13,284.21,23
22,player,322,0,0,1664.67,168.5,1715.46,285.0,23
22,player,323,0,0,1661.99,169.28,1712.78,285.78,23
22,player,324,0,0,1659.32,170.07,1710.11,286.57,23
22,player,325,0,0,1656.65,170.85,1707.44,287.35,23
22,player,326,0,0,1653.97,171.63,1704.76,288.13,23
22,player,327,0,0,1651.3,172.42,1702.09,288.92,23
22,player,328,0,0,1648.63,173.2,1699.42,289.7,23
22,player,329,0,0,1645.95,173.98,1696.74,290.48,23
22,player,330,0,0,1643.28,174.77,1694.07,291.27,23
22,player,331,0,0,1640.61,175.55,1691.4,292.05,23
22,player,332,0,0,1637.93,176.33,1688.72,292.83,23
22,player,333,0,0,1635.26,177.12,1686.05,293.62,23
22,player,334,0,0,1632.59,177.9,1683.37,294.4,23
22,player,335,0,0,1629.91,178.69,1680.7,295.19,23
22,player,336,0,0,1627.24,179.47,1678.03,295.97,23
22,player,337,0,0,1624.57,180.25,1675.35,296.75,23
22,player,338,0,0,1621.89,181.04,1672.68,297.54,23
22,player,339,0,0,1619.22,181.82,1670.01,298.32,23
22,player,340,0,0,1616.54,182.6,1667.33,299.1,23
22,player,341,0,0,1618.34,182.6,1669.13,299.1,23
22,player,342,0,0,1620.14,182.6,1670.93,299.1,23
22,player,343,0,0,1621.93,182.6,1672.72,299.1,23
22,player,344,0,0,1623.73,182.6,1674.52,299.1,23
22,player,345,0,0,1625.52,182.6,1676.31,299.1,23
22,player,346,0,0,1627.32,182.6,1678.11,299.1,23
22,player,347,0,0,1629.12,182.6,1679.9,299.1,23
22,player,348,0,0,1630.91,182.6,1681.7,299.1,23
22,player,349,0,0,1632.71,182.6,1683.5,299.1,23
22,player,350,0,0,1634.5,182.6,1685.29,299.1,23
22,player,351,0,0,1636.3,182.6,1687.09,299.1,23
22,player,352,0,0,1638.09,182.6,1688.88,299.1,23
22,player,353,0,0,1639.89,182.6,1690.68,299.1,23
22,player,354,0,0,1641.69,182.6,1692.47,299.1,23
22,player,355,0,0,1643.48,182.6,1694.27,299.1,23
22,player,356,0,0,1645.28,182.6,1696.07,299.1,23
22,player,357,0,0,1647.07,182.6,1697.86,299.1,23
22,player,358,0,0,1648.87,182.6,1699.66,299.1,23
22,player,359,0,0,1650.66,182.6,1701.45,299.1,23
22,player,360,0,0,1652.46,182.6,1703.25,299.1,23
22,player,361,0,0,1654.26,182.6,1705.05,299.1,23
22,player,362,0,0,1656.05,182.6,1706.84,299.1,23
22,player,363,0,0,1657.85,182.6,1708.64,299.1,23
22,player,364,0,0,1659.64,182.6,1710.43,299.1,23
22,player,365,0,0,1661.0,183.11,1711.78,299.61,23
22,player,366,0,0,1662.35,183.62,1713.14,300.12,23
22,player,367,0,0,1663.7,184.12,1714.49,300.62,23
22,player,368,0,0,1665.05,184.63,1715.84,301.13,23
22,player,369,0,0,1666.4,185.14,1717.19,301.64,23
22,player,370,0,0,1667.76,185.65,1718.55,302.15,23
22,player,371,0,0,1669.11,186.15,1719.9,302.65,23
22,player,372,0,0,1670.46,186.66,1721.25,303.16,23
22,player,373,0,0,1671.81,187.17,1722.6,303.67,23
22,player,374,0,0,1673.16,187.67,1723.95,304.17,23
22,player,375,0,0,1674.52,188.18,1725.31,304.68,23
22,player,376,0,0,1675.87,188.69,1726.66,305.19,23
22,player,377,0,0,1677.22,189.19,1728.01,305.69,23
22,player,378,0,0,1678.57,189.7,1729.36,306.2,23
22,player,379,0,0,1679.93,190.21,1730.71,306.71,23
22,player,380,0,0,1681.28,190.72,1732.07,307.22,23
22,player,381,0,0,1682.63,191.22,1733.42,307.72,23
22,player,382,0,0,1683.98,191.73,1734.77,308.23,23
22,player,383,0,0,1685.33,192.24,1736.12,308.74,23
22,player,384,0,0,1686.69,192.74,1737.47,309.24,23
22,player,385,0,0,1688.04,193.25,1738.83,309.75,23
22,player,386,0,0,1689.39,193.76,1740.18,310.26,23
22,player,387,0,0,1690.74,194.27,1741.53,310.77,23
22,player,388,0,0,1692.09,194.77,1742.88,311.27,23
22,player,389,0,0,1693.45,195.28,1744.24,311.78,23
22,player,390,0,0,1694.8,195.79,1745.59,312.29,23
22,player,391,0,0,1696.15,196.29,1746.94,312.79,23
22,player,392,0,0,1697.5,196.8,1748.29,313.3,23
22,player,393,0,0,1698.85,197.31,1749.64,313.81,23
22,player,394,0,0,1700.21,197.81,1751.0,314.31,23
22,player,395,0,0,1702.43,198.77,1753.21,315.27,23
22,player,396,0,0,1704.64,199.72,1755.43,316.22,23
22,player,397,0,0,1706.86,200.67,1757.65,317.17,23
22,player,398,0,0,1709.08,201.62,1759.87,318.12,23
22,player,399,0,0,1711.3,202.57,1762.09,319.07,23
22,player,400,0,0,1713.52,203.52,1764.31,320.02,23
22,player,401,0,0,1715.73,204.47,1766.52,320.97,23
22,player,402,0,0,1717.95,205.42,1768.74,321.92,23
22,player,403,0,0,1721.42,206.49,1772.21,322.99,23
22,player,404,0,0,1724.89,207.55,1775.68,324.05,23
22,player,405,0,0,1728.36,208.62,1779.15,325.12,23
22,player,406,0,0,1731.83,209.69,1782.62,326.19,23
22,player,407,0,0,1735.3,210.76,1786.09,327.26,23
22,player,408,0,0,1738.77,211.82,1789.56,328.32,23
22,player,409,0,0,1742.24,212.89,1793.03,329.39,23
22,player,410,0,0,1745.71,213.96,1796.5,330.46,23
22,player,411,0,0,1749.18,215.03,1799.97,331.53,23
22,player,412,0,0,1752.65,216.09,1803.43,332.59,23
22,player,413,0,0,1756.12,217.16,1806.9,333.66,23
22,player,414,0,0,1759.58,218.23,1810.37,334.73,23
22,player,415,0,0,1763.05,219.3,1813.84,335.8,23
22,player,416,0,0,1766.52,220.36,1817.31,336.86,23
22,player,417,0,0,1769.99,221.43,1820.78,337.93,23
22,player,418,0,0,1773.46,222.5,1824.25,339.0,23
22,player,419,0,0,1776.93,223.57,1827.72,340.07,23
22,player,420,0,0,1780.4,224.63,1831.19,341.13,23
22,player,421,0,0,1783.87,225.7,1834.66,342.2,23
22,player,422,0,0,1788.52,225.91,1839.31,342.41,23
22,player,423,0,0,1793.16,226.12,1843.95,342.62,23
22,player,424,0,0,1797.81,226.33,1848.6,342.83,23
22,player,425,0,0,1802.46,226.55,1853.25,343.05,23
22,player,426,0,0,1807.11,226.76,1857.9,343.26,23
22,player,427,0,0,1811.76,226.97,1862.55,343.47,23
22,player,428,0,0,1816.4,227.18,1867.19,343.68,23
22,player,429,0,0,1821.05,227.39,1871.84,343.89,23
22,player,430,0,0,1825.7,227.6,1876.49,344.1,23
22,player,431,0,0,1830.35,227.81,1881.14,344.31,23
22,player,432,0,0,1835.0,228.03,1885.78,344.53,23
22,player,433,0,0,1839.64,228.24,1890.43,344.74,23
22,player,434,0,0,1839.2,228.24,1889.99,344.74,23
22,player,435,0,0,1838.75,228.24,1889.54,344.74,23
22,player,436,0,0,1838.31,228.24,1889.1,344.74,23
22,player,437,0,0,1837.86,228.24,1888.65,344.74,23
22,player,438,0,0,1837.42,228.24,1888.21,344.74,23
22,player,439,0,0,1836.97,228.24,1887.76,344.74,23
22,player,440,0,0,1836.53,228.24,1887.32,344.74,23
22,player,441,0,0,1836.09,228.24,1886.87,344.74,23
22,player,442,0,0,1835.64,228.24,1886.43,344.74,23
22,player,443,0,0,1835.2,228.24,1885.98,344.74,23
22,player,444,0,0,1834.75,228.24,1885.54,344.74,23
22,player,445,0,0,1834.31,228.24,1885.1,344.74,23
22,player,446,0,0,1833.86,228.24,1884.65,344.74,23
22,player,447,0,0,1833.42,228.24,1884.21,344.74,23
22,player,448,0,0,1832.97,228.24,1883.76,344.74,23
22,player,449,0,0,1832.53,228.24,1883.32,344.74,23
22,player,450,0,0,1832.08,228.24,1882.87,344.74,23
22,player,451,0,0,1831.64,228.24,1882.43,344.74,23
22,player,452,0,0,1831.19,228.24,1881.98,344.74,23
22,player,453,0,0,1830.75,228.24,1881.54,344.74,23
22,player,454,0,0,1830.3,228.24,1881.09,344.74,23
22,player,455,0,0,1829.86,228.24,1880.65,344.74,23
22,player,456,0,0,1829.41,228.24,1880.2,344.74,23
22,player,457,0,0,1828.97,228.24,1879.76,344.74,23
22,player,458,0,0,1828.52,228.24,1879.31,344.74,23
22,player,459,0,0,1828.08,228.24,1878.87,344.74,23
22,player,460,0,0,1827.63,228.24,1878.42,344.74,23
22,player,461,0,0,1827.19,228.24,1877.98,344.74,23
22,player,462,0,0,1826.74,228.24,1877.53,344.74,23
22,player,463,0,0,1826.3,228.24,1877.09,344.74,23
22,player,464,0,0,1825.86,228.24,1876.64,344.74,23
22,player,465,0,0,1825.41,228.24,1876.2,344.74,23
22,player,466,0,0,1824.97,228.24,1875.75,344.74,23
22,player,467,0,0,1824.52,228.24,1875.31,344.74,23
22,player,468,0,0,1824.08,228.24,1874.87,344.74,23
22,player,469,0,0,1823.63,228.24,1874.42,344.74,23
22,player,470,0,0,1823.19,228.24,1873.98,344.74,23
22,player,471,0,0,1822.74,228.24,1873.53,344.74,23
22,player,472,0,0,1822.3,228.24,1873.09,344.74,23
22,player,473,0,0,1821.85,228.24,1872.64,344.74,23
22,player,474,0,0,1821.41,228.24,1872.2,344.74,23
22,player,475,0,0,1820.96,228.24,1871.75,344.74,23
22,player,476,0,0,1820.52,228.24,1871.31,344.74,23
22,player,477,0,0,1820.07,228.24,1870.86,344.74,23
22,player,478,0,0,1819.63,228.24,1870.42,344.74,23
22,player,479,0,0,1819.18,228.24,1869.97,344.74,23
22,player,480,0,0,1818.74,228.24,1869.53,344.74,23
22,player,481,0,0,1818.29,228.24,1869.08,344.74,23
22,player,482,0,0,1817.85,228.24,1868.64,344.74,23
22,player,483,0,0,1817.4,228.24,1868.19,344.74,23
22,player,484,0,0,1816.96,228.24,1867.75,344.74,23
22,player,485,0,0,1816.51,228.24,1867.3,344.74,23
22,player,486,0,0,1816.07,228.24,1866.86,344.74,23
22,player,487,0,0,1815.63,228.24,1866.41,344.74,23
22,player,488,0,0,1815.18,228.24,1865.97,344.74,23
22,player,489,0,0,1814.74,228.24,1865.52,344.74,23
22,player,490,0,0,1814.29,228.24,1865.08,344.74,23
22,player,491,0,0,1814.0,228.24,1864.78,344.74,23
22,player,492,0,0,1813.7,228.24,1864.49,344.74,23
22,player,493,0,0,1813.41,228.24,1864.2,344.74,23
22,player,494,0,0,1813.11,228.24,1863.9,344.74,23
22,player,495,0,0,1812.82,228.24,1863.61,344.74,23
22,player,496,0,0,1812.52,228.24,1863.31,344.74,23
22,player,497,0,0,1812.23,228.24,1863.02,344.74,23
22,player,498,0,0,1811.93,228.24,1862.72,344.74,23
22,player,499,0,0,1811.64,228.24,1862.43,344.74,23
22,player,500,0,0,1811.34,228.24,1862.13,344.74,23
22,player,501,0,0,1811.05,228.24,1861.84,344.74,23
22,player,502,0,0,1810.75,228.24,1861.54,344.74,23
22,player,503,0,0,1810.46,228.24,1861.25,344.74,23
22,player,504,0,0,1810.16,228.24,1860.95,344.74,23
22,player,505,0,0,1809.87,228.24,1860.66,344.74,23
22,player,506,0,0,1809.57,228.24,1860.36,344.74,23
22,player,507,0,0,1809.28,228.24,1860.07,344.74,23
22,player,508,0,0,1808.98,228.24,1859.77,344.74,23
22,player,509,0,0,1808.69,228.24,1859.48,344.74,23
22,player,510,0,0,1808.39,228.24,1859.18,344.74,23
22,player,511,0,0,1808.1,228.24,1858.89,344.74,23
22,player,512,0,0,1807.8,228.24,1858.59,344.74,23
22,player,513,0,0,1807.51,228.24,1858.3,344.74,23
22,player,514,0,0,1807.21,228.24,1858.0,344.74,23
22,player,515,0,0,1806.92,228.24,1857.71,344.74,23
22,player,516,0,0,1806.62,228.24,1857.41,344.74,23
22,player,517,0,0,1806.33,228.24,1857.12,344.74,23
22,player,518,0,0,1806.03,228.24,1856.82,344.74,23
22,player,519,0,0,1805.74,228.24,1856.53,344.74,23
22,player,520,0,0,1804.19,228.24,1854.98,344.74,23
22,player,521,0,0,1802.65,228.24,1853.44,344.74,23
22,player,522,0,0,1801.11,228.24,1851.89,344.74,23
22,player,523,0,0,1799.56,228.24,1850.35,344.74,23
22,player,524,0,0,1798.02,228.24,1848.81,344.74,23
22,player,525,0,0,1796.47,228.24,1847.26,344.74,23
22,player,526,0,0,1794.93,228.24,1845.72,344.74,23
22,player,527,0,0,1793.38,228.24,1844.17,344.74,23
22,player,528,0,0,1791.84,228.24,1842.63,344.74,23
22,player,529,0,0,1790.3,228.24,1841.08,344.74,23
22,player,530,0,0,1788.75,228.24,1839.54,344.74,23
22,player,531,0,0,1787.21,228.24,1838.0,344.74,23
22,player,532,0,0,1785.66,228.24,1836.45,344.74,23
22,player,533,0,0,1784.12,228.24,1834.91,344.74,23
22,player,534,0,0,1782.58,228.24,1833.36,344.74,23
22,player,535,0,0,1781.03,228.24,1831.82,344.74,23
22,player,536,0,0,1779.49,228.24,1830.28,344.74,23
22,player,537,0,0,1777.94,228.24,1828.73,344.74,23
22,player,538,0,0,1775.54,228.32,1826.33,344.82,23
22,player,539,0,0,1773.14,228.41,1823.93,344.91,23
22,player,540,0,0,1770.74,228.5,1821.53,345.0,23
22,player,541,0,0,1768.34,228.59,1819.13,345.09,23
22,player,542,0,0,1765.94,228.67,1816.73,345.17,23
22,player,543,0,0,1763.54,228.76,1814.33,345.26,23
22,player,544,0,0,1761.14,228.85,1811.93,345.35,23
22,player,545,0,0,1758.74,228.93,1809.53,345.43,23
22,player,546,0,0,1756.34,229.02,1807.13,345.52,23
22,player,547,0,0,1753.94,229.11,1804.73,345.61,23
22,player,548,0,0,1751.54,229.2,1802.33,345.7,23
22,player,549,0,0,1749.14,229.28,1799.93,345.78,23
22,player,550,0,0,1746.74,229.37,1797.53,345.87,23
22,player,551,0,0,1744.34,229.46,1795.13,345.96,23
22,player,552,0,0,1741.94,229.55,1792.73,346.05,23
22,player,553,0,0,1739.54,229.63,1790.33,346.13,23
22,player,554,0,0,1737.14,229.72,1787.93,346.22,23
22,player,555,0,0,1734.74,229.81,1785.53,346.31,23
22,player,556,0,0,1732.34,229.89,1783.13,346.39,23
22,player,557,0,0,1729.94,229.98,1780.73,346.48,23
22,player,558,0,0,1727.54,230.07,1778.33,346.57,23
22,player,559,0,0,1725.14,230.16,1775.93,346.66,23
22,player,560,0,0,1722.74,230.24,1773.53,346.74,23
22,player,561,0,0,1720.34,230.33,1771.13,346.83,23
22,player,562,0,0,1717.95,230.42,1768.73,346.92,23
22,player,563,0,0,1715.55,230.51,1766.33,347.01,23
22,player,564,0,0,1713.15,230.59,1763.93,347.09,23
22,player,565,0,0,1710.75,230.68,1761.53,347.18,23
22,player,566,0,0,1708.35,230.77,1759.13,347.27,23
22,player,567,0,0,1705.95,230.85,1756.73,347.35,23
22,player,568,0,0,1703.55,230.94,1754.33,347.44,23
22,player,569,0,0,1701.15,231.03,1751.93,347.53,23
22,player,570,0,0,1698.75,231.12,1749.53,347.62,23
22,player,571,0,0,1696.35,231.2,1747.13,347.7,23
22,player,572,0,0,1693.95,231.29,1744.74,347.79,23
22,player,573,0,0,1691.55,231.38,1742.34,347.88,23
22,player,574,0,0,1689.15,231.47,1739.94,347.97,23
22,player,575,0,0,1686.75,231.55,1737.54,348.05,23
22,player,576,0,0,1684.35,231.64,1735.14,348.14,23
22,player,577,0,0,1681.95,231.73,1732.74,348.23,23
22,player,578,0,0,1679.55,231.81,1730.34,348.31,23
22,player,579,0,0,1677.15,231.9,1727.94,348.4,23
22,player,580,0,0,1674.75,231.99,1725.54,348.49,23
22,player,581,0,0,1672.35,232.08,1723.14,348.58,23
22,player,582,0,0,1669.95,232.16,1720.74,348.66,23
22,player,583,0,0,1667.55,232.25,1718.34,348.75,23
22,player,584,0,0,1665.15,232.34,1715.94,348.84,23
22,player,585,0,0,1662.75,232.43,1713.54,348.93,23
22,player,586,0,0,1660.35,232.51,1711.14,349.01,23
22,player,587,0,0,1662.3,232.03,1712.95,348.53,23
22,player,588,0,0,1664.25,231.55,1714.77,348.05,23
22,player,589,0,0,1666.2,231.06,1716.59,347.56,23
22,player,590,0,0,1668.16,230.58,1718.4,347.08,23
22,player,591,0,0,1670.11,230.1,1720.22,346.6,23
22,player,592,0,0,1672.06,229.61,1722.03,346.11,23
22,player,593,0,0,1674.01,229.13,1723.85,345.63,23
22,player,594,0,0,1675.96,228.65,1725.67,345.15,23
22,player,595,0,0,1677.92,228.16,1727.48,344.66,23
22,player,596,0,0,1679.87,227.68,1729.3,344.18,23
22,player,597,0,0,1681.82,227.2,1731.11,343.7,23
22,player,598,0,0,1683.77,226.71,1732.93,343.21,23
22,player,599,0,0,1685.73,226.23,1734.75,342.73,23
22,player,600,0,0,1687.68,225.75,1736.56,342.25,23
22,player,601,0,0,1689.63,225.26,1738.38,341.76,23
22,player,602,0,0,1691.58,224.78,1740.2,341.28,23
22,player,603,0,0,1693.53,224.3,1742.01,340.8,23
22,player,604,0,0,1695.49,223.81,1743.83,340.31,23
22,player,605,0,0,1697.44,223.33,1745.64,339.83,23
22,player,606,0,0,1699.39,222.84,1747.46,339.34,23
22,player,607,0,0,1701.34,222.36,1749.28,338.86,23
22,player,608,0,0,1703.3,221.88,1751.09,338.38,23
22,player,609,0,0,1705.25,221.39,1752.91,337.89,23
22,player,610,0,0,1707.2,220.91,1754.73,337.41,23
22,player,611,0,0,1709.15,220.43,1756.54,336.93,23
22,player,612,0,0,1711.1,219.94,1758.36,336.44,23
22,player,613,0,0,1713.06,219.46,1760.17,335.96,23
22,player,614,0,0,1715.01,218.98,1761.99,335.48,23
22,player,615,0,0,1716.96,218.49,1763.81,334.99,23
22,player,616,0,0,1718.91,218.01,1765.62,334.51,23
22,player,617,0,0,1720.86,217.53,1767.44,334.03,23
22,player,618,0,0,1722.82,217.04,1769.26,333.54,23
22,player,619,0,0,1724.77,216.56,1771.07,333.06,23
22,player,620,0,0,1726.72,216.08,1772.89,332.58,23
22,player,621,0,0,1728.67,215.59,1774.7,332.09,23
22,player,622,0,0,1730.63,215.11,1776.52,331.61,23
22,player,623,0,0,1732.58,214.63,1778.34,331.13,23
22,player,624,0,0,1734.53,214.14,1780.15,330.64,23
22,player,625,0,0,1736.48,213.66,1781.97,330.16,23
22,player,626,0,0,1738.43,213.18,1783.78,329.68,23
22,player,627,0,0,1740.39,212.69,1785.6,329.19,23
22,player,628,0,0,1742.34,212.21,1787.42,328.71,23
22,player,629,0,0,1744.29,211.73,1789.23,328.23,23
22,player,630,0,0,1746.24,211.24,1791.05,327.74,23
22,player,631,0,0,1748.2,210.76,1792.87,327.26,23
22,player,632,0,0,1750.15,210.28,1794.68,326.78,23
22,player,633,0,0,1752.1,209.79,1796.5,326.29,23
22,player,634,0,0,1754.05,209.31,1798.31,325.81,23
22,player,635,0,0,1756.0,208.83,1800.13,325.33,23
22,player,636,0,0,1757.96,208.34,1801.95,324.84,23
22,player,637,0,0,1759.91,207.86,1803.76,324.36,23
22,player,638,0,0,1761.86,207.38,1805.58,323.88,23
22,player,639,0,0,1763.81,206.89,1807.4,323.39,23
22,player,640,0,0,1765.76,206.41,1809.21,322.91,23
22,player,641,0,0,1767.72,205.93,1811.03,322.43,23
22,player,642,0,0,1769.67,205.44,1812.84,321.94,23
22,player,643,0,0,1771.62,204.96,1814.66,321.46,23
22,player,644,0,0,1773.57,204.48,1816.48,320.98,23
22,player,645,0,0,1775.53,203.99,1818.29,320.49,23
22,player,646,0,0,1777.48,203.51,1820.11,320.01,23
22,player,647,0,0,1779.43,203.03,1821.92,319.53,23
22,player,648,0,0,1781.38,202.54,1823.74,319.04,23
22,player,649,0,0,1783.33,202.06,1825.56,318.56,23
22,player,650,0,0,1785.29,201.58,1827.37,318.08,23
22,player,651,0,0,1787.24,201.09,1829.19,317.59,23
22,player,652,0,0,1789.19,200.61,1831.01,317.11,23
22,player,653,0,0,1791.14,200.13,1832.82,316.63,23
22,player,654,0,0,1793.09,199.64,1834.64,316.14,23
22,player,655,0,0,1795.05,199.16,1836.45,315.66,23
22,player,656,0,0,1797.0,198.68,1838.27,315.18,23
22,player,657,0,0,1798.95,198.19,1840.09,314.69,23
22,player,658,0,0,1800.9,197.71,1841.9,314.21,23
22,player,659,0,0,1802.86,197.23,1843.72,313.73,23
22,player,660,0,0,1804.81,196.74,1845.54,313.24,23
22,player,661,0,0,1806.76,196.26,1847.35,312.76,23
22,player,662,0,0,1808.71,195.78,1849.17,312.28,23
22,player,663,0,0,1810.66,195.29,1850.98,311.79,23
22,player,664,0,0,1812.62,194.81,1852.8,311.31,23
22,player,665,0,0,1814.57,194.32,1854.62,310.82,23
22,player,666,0,0,1816.52,193.84,1856.43,310.34,23
22,player,667,0,0,1818.47,193.36,1858.25,309.86,23
22,player,668,0,0,1820.43,192.87,1860.07,309.37,23
22,player,669,0,0,1822.38,192.39,1861.88,308.89,23
22,player,670,0,0,1824.33,191.91,1863.7,308.41,23
22,player,671,0,0,1826.28,191.42,1865.51,307.92,23
22,player,672,0,0,1828.23,190.94,1867.33,307.44,23
22,player,673,0,0,1830.19,190.46,1869.15,306.96,23
22,player,674,0,0,1832.14,189.97,1870.96,306.47,23
22,player,675,0,0,1834.09,189.49,1872.78,305.99,23
22,player,676,0,0,1836.04,189.01,1874.59,305.51,23
22,player,677,0,0,1837.99,188.52,1876.41,305.02,23
22,player,678,0,0,1839.95,188.04,1878.23,304.54,23
22,player,679,0,0,1841.9,187.56,1880.04,304.06,23
22,player,680,0,0,1843.85,187.07,1881.86,303.57,23
22,player,681,0,0,1845.8,186.59,1883.68,303.09,23
22,player,682,0,0,1847.76,186.11,1885.49,302.61,23
22,player,683,0,0,1849.71,185.62,1887.31,302.12,23
22,player,684,0,0,1851.66,185.14,1889.12,301.64,23
22,player,685,0,0,1853.61,184.66,1890.94,301.16,23
22,player,686,0,0,1855.56,184.17,1892.76,300.67,23
22,player,687,0,0,1857.52,183.69,1894.57,300.19,23
22,player,688,0,0,1859.47,183.21,1896.39,299.71,23
22,player,689,0,0,1861.42,182.72,1898.21,299.22,23
22,player,690,0,0,1863.37,182.24,1900.02,298.74,23
22,player,691,0,0,1865.33,181.76,1901.84,298.26,23
22,player,692,0,0,1867.28,181.27,1903.65,297.77,23
22,player,693,0,0,1869.23,180.79,1905.47,297.29,23
22,player,694,0,0,1871.18,180.31,1907.29,296.81,23
22,player,695,0,0,1873.13,179.82,1909.1,296.32,23
22,player,696,0,0,1875.09,179.34,1910.92,295.84,23
22,player,697,0,0,1877.04,178.86,1912.74,295.36,23
22,player,698,0,0,1878.99,178.37,1914.55,294.87,23
22,player,699,0,0,1880.94,177.89,1916.37,294.39,23
22,player,700,0,0,1882.89,177.41,1918.18,293.91,23
22,player,701,0,0,1884.85,176.92,1920.0,293.42,23
22,player,702,0,0,1875.58,177.28,1912.51,293.78,23
22,player,703,0,0,1866.32,177.64,1905.03,294.14,23
22,player,704,0,0,1857.05,177.99,1897.54,294.49,23
22,player,705,0,0,1847.79,178.35,1890.05,294.85,23
22,player,706,0,0,1838.52,178.7,1882.57,295.2,23
22,player,707,0,0,1829.26,179.06,1875.08,295.56,23
22,player,708,0,0,1819.99,179.42,1867.59,295.92,23
22,player,709,0,0,1810.73,179.77,1860.1,296.27,23
22,player,710,0,0,1801.46,180.13,1852.62,296.63,23
22,player,711,0,0,1792.2,180.49,1845.13,296.99,23
22,player,712,0,0,1782.93,180.84,1837.64,297.34,23
22,player,713,0,0,1773.67,181.2,1830.16,297.7,23
22,player,714,0,0,1768.96,181.63,1825.45,298.13,23
22,player,715,0,0,1764.26,182.05,1820.75,298.55,23
22,player,716,0,0,1759.55,182.48,1816.05,298.98,23
22,player,717,0,0,1754.85,182.91,1811.34,299.41,23
22,player,718,0,0,1750.15,183.34,1806.64,299.84,23
22,player,719,0,0,1745.44,183.76,1801.93,300.26,23
22,player,720,0,0,1740.74,184.19,1797.23,300.69,23
22,player,721,0,0,1736.04,184.62,1792.53,301.12,23
22,player,722,0,0,1731.33,185.05,1787.82,301.55,23
22,player,723,0,0,1726.63,185.47,1783.12,301.97,23
22,player,724,0,0,1723.13,185.98,1779.62,302.48,23
22,player,725,0,0,1719.62,186.48,1776.11,302.98,23
22,player,726,0,0,1716.12,186.98,1772.61,303.48,23
22,player,727,0,0,1712.62,187.48,1769.11,303.98,23
22,player,728,0,0,1709.11,187.98,1765.6,304.48,23
22,player,729,0,0,1705.61,188.48,1762.1,304.98,23
22,player,730,0,0,1702.11,188.98,1758.6,305.48,23
22,player,731,0,0,1698.61,189.48,1755.1,305.98,23
22,player,732,0,0,1695.1,189.98,1751.59,306.48,23
22,player,733,0,0,1691.6,190.48,1748.09,306.98,23
22,player,734,0,0,1688.1,190.98,1744.59,307.48,23
22,player,735,0,0,1684.59,191.48,1741.09,307.98,23
22,player,736,0,0,1681.09,191.98,1737.58,308.48,23
22,player,737,0,0,1677.59,192.48,1734.08,308.98,23
22,player,738,0,0,1674.09,192.98,1730.58,309.48,23
22,player,739,0,0,1670.58,193.48,1727.07,309.98,23
22,player,740,0,0,1667.08,193.98,1723.57,310.48,23
22,player,741,0,0,1663.58,194.48,1720.07,310.98,23
22,player,742,0,0,1660.07,194.98,1716.57,311.48,23
22,player,743,0,0,1656.57,195.48,1713.06,311.98,23
22,player,744,0,0,1653.07,195.98,1709.56,312.48,23
22,player,745,0,0,1649.57,196.48,1706.06,312.98,23
22,player,746,0,0,1646.06,196.98,1702.55,313.48,23
22,player,747,0,0,1642.56,197.48,1699.05,313.98,23
22,player,748,0,0,1639.06,197.98,1695.55,314.49,23
22,player,749,0,0,1635.55,198.49,1692.05,314.99,23
22,player,750,0,0,1632.05,198.99,1688.54,315.49,23
22,player,751,0,0,1628.55,199.49,1685.04,315.99,23
22,player,752,0,0,1625.05,199.99,1681.54,316.49,23
22,player,753,0,0,1621.54,200.49,1678.03,316.99,23
22,player,754,0,0,1618.04,200.99,1674.53,317.49,23
22,player,755,0,0,1614.54,201.49,1671.03,317.99,23
22,player,756,0,0,1611.04,201.99,1667.53,318.49,23
22,player,757,0,0,1607.53,202.49,1664.02,318.99,23
22,player,758,0,0,1604.03,202.99,1660.52,319.49,23
22,player,759,0,0,1600.53,203.49,1657.02,319.99,23
22,player,760,0,0,1597.02,203.99,1653.51,320.49,23
22,player,761,0,0,1593.52,204.49,1650.01,320.99,23
22,player,762,0,0,1590.02,204.99,1646.51,321.49,23
22,player,763,0,0,1586.52,205.49,1643.01,321.99,23
22,player,764,0,0,1583.01,205.99,1639.5,322.49,23
22,player,765,0,0,1579.51,206.49,1636.0,322.99,23
22,player,766,0,0,1576.01,206.99,1632.5,323.49,23
22,player,767,0,0,1572.5,207.49,1629.0,323.99,23
22,player,768,0,0,1569.0,207.99,1625.49,324.49,23
22,player,769,0,0,1565.5,208.49,1621.99,324.99,23
22,player,770,0,0,1562.0,208.99,1618.49,325.49,23
22,player,771,0,0,1563.71,209.56,1620.2,326.06,23
22,player,772,0,0,1565.42,210.13,1621.91,326.63,23
22,player,773,0,0,1567.13,210.7,1623.62,327.2,23
22,player,774,0,0,1568.84,211.27,1625.33,327.77,23
22,player,775,0,0,1570.55,211.84,1627.04,328.34,23
22,player,776,0,0,1572.26,212.41,1628.75,328.91,23
22,player,777,0,0,1573.97,212.98,1630.46,329.48,23
22,player,778,0,0,1575.68,213.56,1632.17,330.06,23
22,player,779,0,0,1577.39,214.13,1633.88,330.63,23
22,player,780,0,0,1579.1,214.7,1635.59,331.2,23
22,player,781,0,0,1580.81,215.27,1637.3,331.77,23
22,player,782,0,0,1582.52,215.84,1639.01,332.34,23
22,player,783,0,0,1584.23,216.41,1640.72,332.91,23
22,player,784,0,0,1585.94,216.98,1642.43,333.48,23
22,player,785,0,0,1587.65,217.55,1644.14,334.05,23
22,player,786,0,0,1592.1,217.93,1648.59,334.43,23
22,player,787,0,0,1596.55,218.32,1653.04,334.82,23
22,player,788,0,0,1600.99,218.7,1657.49,335.2,23
22,player,789,0,0,1605.44,219.09,1661.93,335.59,23
22,player,790,0,0,1609.89,219.47,1666.38,335.97,23
22,player,791,0,0,1614.34,219.86,1670.83,336.36,23
22,player,792,0,0,1618.78,220.24,1675.27,336.74,23
22,player,793,0,0,1623.23,220.62,1679.72,337.12,23
22,player,794,0,0,1627.68,221.01,1684.17,337.51,23
22,player,795,0,0,1632.13,221.39,1688.62,337.89,23
22,player,796,0,0,1636.57,221.78,1693.06,338.28,23
22,player,797,0,0,1641.02,222.16,1697.51,338.66,23
22,player,798,0,0,1645.47,222.55,1701.96,339.05,23
22,player,799,0,0,1649.91,222.93,1706.41,339.43,23
22,player,800,0,0,1654.36,223.32,1710.85,339.82,23
22,player,801,0,0,1658.81,223.7,1715.3,340.2,23
22,player,802,0,0,1663.26,224.09,1719.75,340.59,23
22,player,803,0,0,1667.7,224.47,1724.19,340.97,23
22,player,804,0,0,1672.15,224.86,1728.64,341.36,23
22,player,805,0,0,1676.6,225.24,1733.09,341.74,23
22,player,806,0,0,1681.04,225.63,1737.54,342.13,23
22,player,807,0,0,1685.49,226.01,1741.98,342.51,23
22,player,808,0,0,1689.94,226.4,1746.43,342.9,23
22,player,809,0,0,1694.39,226.78,1750.88,343.28,23
22,player,810,0,0,1698.83,227.17,1755.32,343.67,23
22,player,811,0,0,1703.28,227.55,1759.77,344.05,23
22,player,812,0,0,1707.73,227.94,1764.22,344.44,23
22,player,813,0,0,1712.18,228.32,1768.67,344.82,23
22,player,814,0,0,1716.62,228.71,1773.11,345.21,23
22,player,815,0,0,1721.07,229.09,1777.56,345.59,23
22,player,816,0,0,1725.52,229.48,1782.01,345.98,23
22,player,817,0,0,1729.96,229.86,1786.45,346.36,23
22,player,818,0,0,1734.41,230.25,1790.9,346.75,23
22,player,819,0,0,1738.86,230.63,1795.35,347.13,23
22,player,820,0,0,1743.31,231.02,1799.8,347.52,23
22,player,821,0,0,1747.75,231.4,1804.24,347.9,23
22,player,822,0,0,1752.2,231.79,1808.69,348.29,23
22,player,823,0,0,1756.65,232.17,1813.14,348.67,23
22,player,824,0,0,1761.09,232.56,1817.59,349.06,23
22,player,825,0,0,1765.54,232.94,1822.03,349.44,23
22,player,826,0,0,1769.99,233.33,1826.48,349.83,23
22,player,827,0,0,1774.44,233.71,1830.93,350.21,23
22,player,828,0,0,1778.88,234.1,1835.37,350.6,23
22,player,829,0,0,1783.33,234.48,1839.82,350.98,23
22,player,830,0,0,1787.78,234.86,1844.27,351.36,23
22,player,831,0,0,1792.22,235.25,1848.72,351.75,23
22,player,832,0,0,1796.67,235.63,1853.16,352.13,23
22,player,833,0,0,1801.12,236.02,1857.61,352.52,23
22,player,834,0,0,1805.57,236.4,1862.06,352.9,23
22,player,835,0,0,1810.01,236.79,1866.5,353.29,23
22,player,836,0,0,1812.49,235.1,1868.98,351.6,23
22,player,837,0,0,1814.96,233.41,1871.46,349.91,23
22,player,838,0,0,1817.44,231.73,1873.93,348.23,23
22,player,839,0,0,1819.92,230.04,1876.41,346.54,23
22,player,840,0,0,1822.39,228.35,1878.88,344.85,23
22,player,841,0,0,1824.87,226.66,1881.36,343.16,23
22,player,842,0,0,1827.34,224.97,1883.83,341.47,23
22,player,843,0,0,1829.82,223.29,1886.31,339.79,23
22,player,844,0,0,1832.29,221.6,1888.79,338.1,23
22,player,845,0,0,1834.77,219.91,1891.26,336.41,23
22,player,846,0,0,1837.25,218.22,1893.74,334.72,23
22,player,847,0,0,1839.72,216.53,1896.21,333.03,23
22,player,848,0,0,1842.2,214.85,1898.69,331.35,23
22,player,849,0,0,1844.67,213.16,1901.16,329.66,23
22,player,850,0,0,1847.15,211.47,1903.64,327.97,23
22,player,851,0,0,1849.62,209.78,1906.11,326.28,23
22,player,852,0,0,1852.1,208.09,1908.59,324.59,23
22,player,853,0,0,1854.58,206.41,1911.07,322.91,23
22,player,854,0,0,1857.05,204.72,1913.54,321.22,23
22,player,855,0,0,1852.93,206.25,1909.42,322.75,23
22,player,856,0,0,1848.8,207.77,1905.29,324.27,23
22,player,857,0,0,1844.68,209.3,1901.17,325.8,23
22,player,858,0,0,1840.56,210.83,1897.05,327.33,23
22,player,859,0,0,1836.43,212.35,1892.92,328.85,23
22,player,860,0,0,1832.31,213.88,1888.8,330.38,23
22,player,861,0,0,1828.19,215.41,1884.68,331.91,23
22,player,862,0,0,1824.06,216.94,1880.55,333.44,23
22,player,863,0,0,1819.94,218.46,1876.43,334.96,23
22,player,864,0,0,1815.82,219.99,1872.31,336.49,23
22,player,865,0,0,1811.69,221.52,1868.18,338.02,23
22,player,866,0,0,1807.57,223.05,1864.06,339.55,23
22,player,867,0,0,1803.45,224.57,1859.94,341.07,23
22,player,868,0,0,1799.32,226.1,1855.81,342.6,23
22,player,869,0,0,1799.32,226.1,1855.81,342.6,23
22,player,870,0,0,1799.32,226.1,1855.81,342.6,23
22,player,871,0,0,1799.32,226.1,1855.81,342.6,23
22,player,872,0,0,1799.32,226.1,1855.81,342.6,23
22,player,873,0,0,1799.32,226.1,1855.81,342.6,23
22,player,874,0,0,1799.32,226.1,1855.81,342.6,23
22,player,875,0,0,1799.32,226.1,1855.81,342.6,23
22,player,876,0,0,1799.32,226.1,1855.81,342.6,23
22,player,877,0,0,1799.32,226.1,1855.81,342.6,23
22,player,878,0,0,1799.32,226.1,1855.81,342.6,23
22,player,879,0,0,1799.32,226.1,1855.81,342.6,23
22,player,880,0,0,1799.32,226.1,1855.81,342.6,23
22,player,881,0,0,1799.32,226.1,1855.81,342.6,23
22,player,882,0,0,1799.32,226.1,1855.81,342.6,23
22,player,883,0,0,1799.32,226.1,1855.81,342.6,23
22,player,884,0,0,1799.32,226.1,1855.81,342.6,23
22,player,885,0,0,1799.32,226.1,1855.81,342.6,23
22,player,886,0,0,1799.32,226.1,1855.81,342.6,23
22,player,887,0,0,1799.32,226.1,1855.81,342.6,23
22,player,888,0,0,1799.32,226.1,1855.81,342.6,23
22,player,889,0,0,1799.32,226.1,1855.81,342.6,23
22,player,890,0,0,1799.32,226.1,1855.81,342.6,23
22,player,891,0,0,1799.32,226.1,1855.81,342.6,23
22,player,892,0,0,1799.32,226.1,1855.81,342.6,23
22,player,893,0,0,1799.32,226.1,1855.81,342.6,23
22,player,894,0,0,1799.32,226.1,1855.81,342.6,23
22,player,895,0,0,1799.32,226.1,1855.81,342.6,23
22,player,896,0,0,1799.32,226.1,1855.81,342.6,23
22,player,897,0,0,1799.32,226.1,1855.81,342.6,23
22,player,898,0,0,1799.32,226.1,1855.81,342.6,23
22,player,899,0,0,1799.32,226.1,1855.81,342.6,23
23,player,285,0,0,1794.01,200.38,1862.61,347.2,6
23,player,286,0,0,1789.54,200.93,1858.14,347.75,6
23,player,287,0,0,1785.07,201.49,1853.67,348.31,6
23,player,288,0,0,1780.6,202.04,1849.2,348.86,6
23,player,289,0,0,1776.12,202.59,1844.72,349.41,6
23,player,290,0,0,1771.65,203.15,1840.25,349.97,6
23,player,291,0,0,1767.18,203.7,1835.78,350.52,6
23,player,292,0,0,1762.71,204.25,1831.31,351.07,6
23,player,293,0,0,1758.24,204.81,1826.84,351.63,6
23,player,294,0,0,1753.77,205.36,1822.37,352.18,6
23,player,295,0,0,1749.3,205.91,1817.9,352.73,6
23,player,296,0,0,1744.83,206.47,1813.43,353.28,6
23,player,297,0,0,1740.35,207.02,1808.96,353.84,6
23,player,298,0,0,1735.88,207.57,1804.48,354.39,6
23,player,299,0,0,1731.41,208.13,1800.01,354.94,6
23,player,300,0,0,1726.94,208.68,1795.54,355.5,6
23,player,301,0,0,1722.47,209.23,1791.07,356.05,6
23,player,302,0,0,1718.0,209.78,1786.6,356.6,6
23,player,303,0,0,1713.53,210.34,1782.13,357.16,6
23,player,304,0,0,1709.06,210.89,1777.66,357.71,6
23,player,305,0,0,1704.59,211.44,1773.19,358.26,6
23,player,306,0,0,1700.11,212.0,1768.71,358.82,6
23,player,307,0,0,1695.64,212.55,1764.24,359.37,6
23,player,308,0,0,1691.17,213.1,1759.77,359.92,6
23,player,309,0,0,1686.7,213.66,1755.3,360.48,6
23,player,310,0,0,1682.23,214.21,1750.83,361.03,6
23,player,311,0,0,1677.76,214.76,1746.36,361.58,6
23,player,312,0,0,1673.29,215.32,1741.89,362.13,6
23,player,313,0,0,1668.82,215.87,1737.42,362.69,6
23,player,314,0,0,1664.34,216.42,1732.95,363.24,6
23,player,315,0,0,1659.87,216.98,1728.47,363.79,6
23,player,316,0,0,1655.4,217.53,1724.0,364.35,6
23,player,317,0,0,1650.93,218.08,1719.53,364.9,6
23,player,318,0,0,1646.46,218.63,1715.06,365.45,6
23,player,319,0,0,1641.99,219.19,1710.59,366.01,6
23,player,320,0,0,1637.52,219.74,1706.12,366.56,6
23,player,321,0,0,1633.05,220.29,1701.65,367.11,6
23,player,322,0,0,1628.58,220.85,1697.18,367.67,6
23,player,323,0,0,1624.1,221.4,1692.7,368.22,6
23,player,324,0,0,1619.63,221.95,1688.23,368.77,6
23,player,325,0,0,1615.16,222.51,1683.76,369.33,6
23,player,326,0,0,1610.69,223.06,1679.29,369.88,6
23,player,327,0,0,1606.22,223.61,1674.82,370.43,6
23,player,328,0,0,1601.75,224.17,1670.35,370.98,6
23,player,329,0,0,1597.28,224.72,1665.88,371.54,6
23,player,330,0,0,1592.81,225.27,1661.41,372.09,6
23,player,331,0,0,1588.33,225.83,1656.93,372.64,6
23,player,332,0,0,1583.86,226.38,1652.46,373.2,6
23,player,333,0,0,1579.39,226.93,1647.99,373.75,6
23,player,334,0,0,1574.92,227.48,1643.52,374.3,6
23,player,335,0,0,1570.45,228.04,1639.05,374.86,6
23,player,336,0,0,1565.98,228.59,1634.58,375.41,6
23,player,337,0,0,1561.51,229.14,1630.11,375.96,6
23,player,338,0,0,1557.04,229.7,1625.64,376.52,6
23,player,339,0,0,1552.56,230.25,1621.17,377.07,6
23,player,340,0,0,1548.09,230.8,1616.69,377.62,6
23,player,341,0,0,1549.26,230.8,1617.86,377.62,6
23,player,342,0,0,1550.42,230.8,1619.02,377.62,6
23,player,343,0,0,1551.58,230.8,1620.18,377.62,6
23,player,344,0,0,1552.74,230.8,1621.34,377.62,6
23,player,345,0,0,1553.9,230.8,1622.5,377.62,6
23,player,346,0,0,1555.07,230.8,1623.67,377.62,6
23,player,347,0,0,1556.23,230.8,1624.83,377.62,6
23,player,348,0,0,1557.39,230.8,1625.99,377.62,6
23,player,349,0,0,1558.55,230.8,1627.15,377.62,6
23,player,350,0,0,1559.71,230.8,1628.31,377.62,6
23,player,351,0,0,1560.88,230.8,1629.48,377.62,6
23,player,352,0,0,1562.04,230.8,1630.64,377.62,6
23,player,353,0,0,1563.2,230.8,1631.8,377.62,6
23,player,354,0,0,1564.36,230.8,1632.96,377.62,6
23,player,355,0,0,1565.52,230.8,1634.12,377.62,6
23,player,356,0,0,1566.69,230.8,1635.29,377.62,6
23,player,357,0,0,1567.85,230.8,1636.45,377.62,6
23,player,358,0,0,1569.01,230.8,1637.61,377.62,6
23,player,359,0,0,1570.17,230.8,1638.77,377.62,6
23,player,360,0,0,1571.33,230.8,1639.93,377.62,6
23,player,361,0,0,1572.5,230.8,1641.1,377.62,6
23,player,362,0,0,1573.66,230.8,1642.26,377.62,6
23,player,363,0,0,1574.82,230.8,1643.42,377.62,6
23,player,364,0,0,1575.98,230.8,1644.58,377.62,6
23,player,365,0,0,1577.25,231.14,1645.85,377.96,6
23,player,366,0,0,1578.52,231.48,1647.12,378.3,6
23,player,367,0,0,1579.78,231.82,1648.38,378.64,6
23,player,368,0,0,1581.05,232.16,1649.65,378.97,6
23,player,369,0,0,1582.32,232.49,1650.92,379.31,6
23,player,370,0,0,1583.59,232.83,1652.19,379.65,6
23,player,371,0,0,1584.85,233.17,1653.46,379.99,6
23,player,372,0,0,1586.12,233.51,1654.72,380.33,6
23,player,373,0,0,1587.39,233.85,1655.99,380.66,6
23,player,374,0,0,1588.66,234.18,1657.26,381.0,6
23,player,375,0,0,1589.93,234.52,1658.53,381.34,6
23,player,376,0,0,1591.19,234.86,1659.79,381.68,6
23,player,377,0,0,1592.46,235.2,1661.06,382.02,6
23,player,378,0,0,1593.73,235.54,1662.33,382.35,6
23,player,379,0,0,1595.0,235.87,1663.6,382.69,6
23,player,380,0,0,1596.26,236.21,1664.86,383.03,6
23,player,381,0,0,1597.53,236.55,1666.13,383.37,6
23,player,382,0,0,1598.8,236.89,1667.4,383.71,6
23,player,383,0,0,1600.07,237.23,1668.67,384.04,6
23,player,384,0,0,1601.33,237.56,1669.93,384.38,6
23,player,385,0,0,1602.6,237.9,1671.2,384.72,6
23,player,386,0,0,1603.87,238.24,1672.47,385.06,6
23,player,387,0,0,1605.14,238.58,1673.74,385.4,6
23,player,388,0,0,1606.4,238.92,1675.0,385.73,6
23,player,389,0,0,1607.67,239.25,1676.27,386.07,6
23,player,390,0,0,1608.94,239.59,1677.54,386.41,6
23,player,391,0,0,1610.21,239.93,1678.81,386.75,6
23,player,392,0,0,1611.47,240.27,1680.08,387.09,6
23,player,393,0,0,1612.74,240.61,1681.34,387.42,6
23,player,394,0,0,1614.01,240.94,1682.61,387.76,6
23,player,395,0,0,1616.73,241.7,1685.33,388.51,6
23,player,396,0,0,1619.46,242.45,1688.06,389.26,6
23,player,397,0,0,1622.18,243.2,1690.78,390.02,6
23,player,398,0,0,1624.9,243.95,1693.5,390.77,6
23,player,399,0,0,1627.62,244.7,1696.23,391.52,6
23,player,400,0,0,1630.35,245.45,1698.95,392.27,6
23,player,401,0,0,1633.07,246.2,1701.67,393.02,6
23,player,402,0,0,1635.79,246.95,1704.39,393.77,6
23,player,403,0,0,1638.52,247.7,1707.12,394.52,6
23,player,404,0,0,1641.24,248.46,1709.84,395.27,6
23,player,405,0,0,1643.96,249.21,1712.56,396.03,6
23,player,406,0,0,1646.69,249.96,1715.29,396.78,6
23,player,407,0,0,1649.41,250.71,1718.01,397.53,6
23,player,408,0,0,1652.13,251.46,1720.73,398.28,6
23,player,409,0,0,1654.86,252.21,1723.46,399.03,6
23,player,410,0,0,1657.58,252.96,1726.18,399.78,6
23,player,411,0,0,1660.3,253.71,1728.9,400.53,6
23,player,412,0,0,1663.02,254.47,1731.62,401.28,6
23,player,413,0,0,1665.75,255.22,1734.35,402.03,6
23,player,414,0,0,1668.47,255.97,1737.07,402.79,6
23,player,415,0,0,1671.19,256.72,1739.79,403.54,6
23,player,416,0,0,1673.92,257.47,1742.52,404.29,6
23,player,417,0,0,1676.64,258.22,1745.24,405.04,6
23,player,418,0,0,1679.36,258.97,1747.96,405.79,6
23,player,419,0,0,1682.09,259.72,1750.69,406.54,6
23,player,420,0,0,1684.81,260.47,1753.41,407.29,6
23,player,421,0,0,1687.53,261.23,1756.13,408.04,6
23,player,422,0,0,1694.71,263.13,1763.32,409.95,6
23,player,423,0,0,1701.9,265.03,1770.5,411.85,6
23,player,424,0,0,1709.08,266.93,1777.68,413.75,6
23,player,425,0,0,1716.26,268.83,1784.86,415.65,6
23,player,426,0,0,1723.45,270.73,1792.05,417.55,6
23,player,427,0,0,1730.63,272.63,1799.23,419.45,6
23,player,428,0,0,1737.81,274.54,1806.41,421.35,6
23,player,429,0,0,1745.0,276.44,1813.6,423.26,6
23,player,430,0,0,1752.18,278.34,1820.78,425.16,6
23,player,431,0,0,1759.36,280.24,1827.96,427.06,6
23,player,432,0,0,1766.55,282.14,1835.15,428.96,6
23,player,433,0,0,1773.73,284.04,1842.33,430.86,6
23,player,434,0,0,1774.84,284.04,1843.44,430.86,6
23,player,435,0,0,1775.95,284.04,1844.55,430.86,6
23,player,436,0,0,1777.07,284.04,1845.67,430.86,6
23,player,437,0,0,1778.18,284.04,1846.78,430.86,6
23,player,438,0,0,1779.29,284.04,1847.89,430.86,6
23,player,439,0,0,1780.4,284.04,1849.0,430.86,6
23,player,440,0,0,1781.51,284.04,1850.11,430.86,6
23,player,441,0,0,1782.62,284.04,1851.23,430.86,6
23,player,442,0,0,1783.74,284.04,1852.34,430.86,6
23,player,443,0,0,1784.85,284.04,1853.45,430.86,6
23,player,444,0,0,1785.96,284.04,1854.56,430.86,6
23,player,445,0,0,1787.07,284.04,1855.67,430.86,6
23,player,446,0,0,1788.18,284.04,1856.79,430.86,6
23,player,447,0,0,1789.3,284.04,1857.9,430.86,6
23,player,448,0,0,1790.41,284.04,1859.01,430.86,6
23,player,449,0,0,1791.52,284.04,1860.12,430.86,6
23,player,450,0,0,1792.63,284.04,1861.23,430.86,6
23,player,451,0,0,1793.74,284.04,1862.34,430.86,6
23,player,452,0,0,1794.86,284.04,1863.46,430.86,6
23,player,453,0,0,1795.97,284.04,1864.57,430.86,6
23,player,454,0,0,1797.08,284.04,1865.68,430.86,6
23,player,455,0,0,1798.19,284.04,1866.79,430.86,6
23,player,456,0,0,1799.3,284.04,1867.9,430.86,6
23,player,457,0,0,1800.42,284.04,1869.02,430.86,6
23,player,458,0,0,1801.53,284.04,1870.13,430.86,6
23,player,459,0,0,1802.64,284.04,1871.24,430.86,6
23,player,460,0,0,1803.75,284.04,1872.35,430.86,6
23,player,461,0,0,1804.86,284.04,1873.46,430.86,6
23,player,462,0,0,1805.98,284.04,1874.58,430.86,6
23,player,463,0,0,1807.09,284.04,1875.69,430.86,6
23,player,464,0,0,1808.2,284.04,1876.8,430.86,6
23,player,465,0,0,1809.31,284.04,1877.91,430.86,6
23,player,466,0,0,1810.42,284.04,1879.02,430.86,6
23,player,467,0,0,1811.54,284.04,1880.14,430.86,6
23,player,468,0,0,1812.65,284.04,1881.25,430.86,6
23,player,469,0,0,1813.76,284.04,1882.36,430.86,6
23,player,470,0,0,1814.87,284.04,1883.47,430.86,6
23,player,471,0,0,1815.98,284.04,1884.58,430.86,6
23,player,472,0,0,1817.09,284.04,1885.7,430.86,6
23,player,473,0,0,1818.21,284.04,1886.81,430.86,6
23,player,474,0,0,1819.32,284.04,1887.92,430.86,6
23,player,475,0,0,1820.43,284.04,1889.03,430.86,6
23,player,476,0,0,1821.54,284.04,1890.14,430.86,6
23,player,477,0,0,1822.65,284.04,1891.25,430.86,6
23,player,478,0,0,1823.77,284.04,1892.37,430.86,6
23,player,479,0,0,1824.88,284.04,1893.48,430.86,6
23,player,480,0,0,1825.99,284.04,1894.59,430.86,6
23,player,481,0,0,1827.1,284.04,1895.7,430.86,6
23,player,482,0,0,1828.21,284.04,1896.81,430.86,6
23,player,483,0,0,1829.33,284.04,1897.93,430.86,6
23,player,484,0,0,1830.44,284.04,1899.04,430.86,6
23,player,485,0,0,1831.55,284.04,1900.15,430.86,6
23,player,486,0,0,1832.66,284.04,1901.26,430.86,6
23,player,487,0,0,1833.77,284.04,1902.37,430.86,6
23,player,488,0,0,1834.89,284.04,1903.49,430.86,6
23,player,489,0,0,1836.0,284.04,1904.6,430.86,6
23,player,490,0,0,1837.11,284.04,1905.71,430.86,6
23,player,491,0,0,1837.28,283.98,1905.88,430.8,6
23,player,492,0,0,1837.45,283.92,1906.05,430.74,6
23,player,493,0,0,1837.63,283.86,1906.23,430.68,6
23,player,494,0,0,1837.8,283.8,1906.4,430.62,6
23,player,495,0,0,1837.97,283.74,1906.57,430.55,6
23,player,496,0,0,1838.14,283.67,1906.74,430.49,6
23,player,497,0,0,1838.32,283.61,1906.92,430.43,6
23,player,498,0,0,1838.49,283.55,1907.09,430.37,6
23,player,499,0,0,1838.66,283.49,1907.26,430.31,6
23,player,500,0,0,1838.83,283.43,1907.43,430.25,6
23,player,501,0,0,1839.01,283.37,1907.61,430.18,6
23,player,502,0,0,1839.18,283.3,1907.78,430.12,6
23,player,503,0,0,1839.35,283.24,1907.95,430.06,6
23,player,504,0,0,1839.52,283.18,1908.12,430.0,6
23,player,505,0,0,1839.7,283.12,1908.3,429.94,6
23,player,506,0,0,1839.87,283.06,1908.47,429.88,6
23,player,507,0,0,1840.04,283.0,1908.64,429.82,6
23,player,508,0,0,1840.21,282.94,1908.81,429.75,6
23,player,509,0,0,1840.39,282.87,1908.99,429.69,6
23,player,510,0,0,1840.56,282.81,1909.16,429.63,6
23,player,511,0,0,1840.73,282.75,1909.33,429.57,6
23,player,512,0,0,1840.9,282.69,1909.5,429.51,6
23,player,513,0,0,1841.08,282.63,1909.68,429.45,6
23,player,514,0,0,1841.25,282.57,1909.85,429.38,6
23,player,515,0,0,1841.42,282.5,1910.02,429.32,6
23,player,516,0,0,1841.59,282.44,1910.19,429.26,6
23,player,517,0,0,1841.77,282.38,1910.37,429.2,6
23,player,518,0,0,1841.94,282.32,1910.54,429.14,6
23,player,519,0,0,1842.11,282.26,1910.71,429.08,6
23,player,520,0,0,1841.28,281.66,1909.88,428.48,6
23,player,521,0,0,1840.45,281.07,1909.05,427.89,6
23,player,522,0,0,1839.62,280.48,1908.22,427.29,6
23,player,523,0,0,1838.79,279.88,1907.39,426.7,6
23,player,524,0,0,1837.95,279.29,1906.55,426.11,6
23,player,525,0,0,1837.12,278.69,1905.72,425.51,6
23,player,526,0,0,1836.29,278.1,1904.89,424.92,6
23,player,527,0,0,1835.46,277.51,1904.06,424.32,6
23,player,528,0,0,1834.63,276.91,1903.23,423.73,6
23,player,529,0,0,1833.8,276.32,1902.4,423.14,6
23,player,530,0,0,1832.96,275.72,1901.57,422.54,6
23,player,531,0,0,1832.13,275.13,1900.73,421.95,6
23,player,532,0,0,1831.3,274.54,1899.9,421.36,6
23,player,533,0,0,1830.47,273.94,1899.07,420.76,6
23,player,534,0,0,1829.64,273.35,1898.24,420.17,6
23,player,535,0,0,1828.81,272.76,1897.41,419.57,6
23,player,536,0,0,1827.98,272.16,1896.58,418.98,6
23,player,537,0,0,1827.14,271.57,1895.75,418.39,6
23,player,538,0,0,1824.74,271.22,1893.35,418.04,6
23,player,539,0,0,1822.34,270.87,1890.95,417.69,6
23,player,540,0,0,1819.94,270.52,1888.55,417.34,6
23,player,541,0,0,1817.54,270.17,1886.15,416.99,6
23,player,542,0,0,1815.15,269.82,1883.75,416.64,6
23,player,543,0,0,1812.75,269.47,1881.35,416.29,6
23,player,544,0,0,1810.35,269.12,1878.95,415.94,6
23,player,545,0,0,1807.95,268.77,1876.55,415.59,6
23,player,546,0,0,1805.55,268.43,1874.15,415.24,6
23,player,547,0,0,1803.15,268.08,1871.75,414.89,6
23,player,548,0,0,1800.75,267.73,1869.35,414.55,6
23,player,549,0,0,1798.35,267.38,1866.95,414.2,6
23,player,550,0,0,1795.95,267.03,1864.55,413.85,6
23,player,551,0,0,1793.55,266.68,1862.15,413.5,6
23,player,552,0,0,1791.15,266.33,1859.75,413.15,6
23,player,553,0,0,1788.75,265.98,1857.35,412.8,6
23,player,554,0,0,1786.35,265.63,1854.95,412.45,6
23,player,555,0,0,1783.95,265.28,1852.55,412.1,6
23,player,556,0,0,1781.55,264.93,1850.15,411.75,6
23,player,557,0,0,1779.15,264.59,1847.75,411.4,6
23,player,558,0,0,1776.75,264.24,1845.35,411.05,6
23,player,559,0,0,1774.35,263.89,1842.95,410.71,6
23,player,560,0,0,1771.95,263.54,1840.55,410.36,6
23,player,561,0,0,1769.55,263.19,1838.15,410.01,6
23,player,562,0,0,1767.15,262.84,1835.75,409.66,6
23,player,563,0,0,1764.75,262.49,1833.35,409.31,6
23,player,564,0,0,1762.35,262.14,1830.95,408.96,6
23,player,565,0,0,1759.95,261.79,1828.55,408.61,6
23,player,566,0,0,1757.55,261.44,1826.15,408.26,6
23,player,567,0,0,1755.15,261.09,1823.75,407.91,6
23,player,568,0,0,1752.75,260.75,1821.35,407.56,6
23,player,569,0,0,1750.35,260.4,1818.95,407.21,6
23,player,570,0,0,1747.95,260.05,1816.55,406.87,6
23,player,571,0,0,1745.55,259.7,1814.15,406.52,6
23,player,572,0,0,1743.15,259.35,1811.75,406.17,6
23,player,573,0,0,1740.75,259.0,1809.35,405.82,6
23,player,574,0,0,1738.35,258.65,1806.95,405.47,6
23,player,575,0,0,1735.95,258.3,1804.55,405.12,6
23,player,576,0,0,1733.55,257.95,1802.15,404.77,6
23,player,577,0,0,1731.15,257.6,1799.75,404.42,6
23,player,578,0,0,1728.75,257.25,1797.35,404.07,6
23,player,579,0,0,1726.35,256.91,1794.95,403.72,6
23,player,580,0,0,1723.95,256.56,1792.55,403.37,6
23,player,581,0,0,1721.55,256.21,1790.15,403.03,6
23,player,582,0,0,1719.15,255.86,1787.75,402.68,6
23,player,583,0,0,1716.75,255.51,1785.35,402.33,6
23,player,584,0,0,1714.35,255.16,1782.95,401.98,6
23,player,585,0,0,1711.95,254.81,1780.55,401.63,6
23,player,586,0,0,1709.55,254.46,1778.15,401.28,6
23,player,587,0,0,1711.07,254.33,1779.38,400.93,6
23,player,588,0,0,1712.6,254.2,1780.62,400.57,6
23,player,589,0,0,1714.12,254.07,1781.85,400.22,6
23,player,590,0,0,1715.65,253.94,1783.08,399.87,6
23,player,591,0,0,1717.17,253.81,1784.32,399.51,6
23,player,592,0,0,1718.7,253.68,1785.55,399.16,6
23,player,593,0,0,1720.22,253.55,1786.78,398.81,6
23,player,594,0,0,1721.75,253.42,1788.02,398.45,6
23,player,595,0,0,1723.27,253.29,1789.25,398.1,6
23,player,596,0,0,1724.8,253.16,1790.49,397.75,6
23,player,597,0,0,1726.32,253.03,1791.72,397.39,6
23,player,598,0,0,1727.85,252.9,1792.95,397.04,6
23,player,599,0,0,1729.37,252.77,1794.19,396.69,6
23,player,600,0,0,1730.9,252.64,1795.42,396.33,6
23,player,601,0,0,1732.42,252.51,1796.65,395.98,6
23,player,602,0,0,1733.95,252.38,1797.89,395.63,6
23,player,603,0,0,1735.47,252.25,1799.12,395.27,6
23,player,604,0,0,1737.0,252.12,1800.35,394.92,6
23,player,605,0,0,1738.52,251.99,1801.59,394.57,6
23,player,606,0,0,1740.05,251.86,1802.82,394.22,6
23,player,607,0,0,1741.57,251.73,1804.05,393.86,6
23,player,608,0,0,1743.1,251.6,1805.29,393.51,6
23,player,609,0,0,1744.62,251.47,1806.52,393.16,6
23,player,610,0,0,1746.14,251.34,1807.75,392.8,6
23,player,611,0,0,1747.67,251.21,1808.99,392.45,6
23,player,612,0,0,1749.19,251.08,1810.22,392.1,6
23,player,613,0,0,1750.72,250.95,1811.45,391.74,6
23,player,614,0,0,1752.24,250.82,1812.69,391.39,6
23,player,615,0,0,1753.77,250.69,1813.92,391.04,6
23,player,616,0,0,1755.29,250.56,1815.15,390.68,6
23,player,617,0,0,1756.82,250.43,1816.39,390.33,6
23,player,618,0,0,1758.34,250.3,1817.62,389.98,6
23,player,619,0,0,1759.87,250.17,1818.86,389.62,6
23,player,620,0,0,1761.39,250.04,1820.09,389.27,6
23,player,621,0,0,1762.92,249.91,1821.32,388.92,6
23,player,622,0,0,1764.44,249.78,1822.56,388.56,6
23,player,623,0,0,1765.97,249.65,1823.79,388.21,6
23,player,624,0,0,1767.49,249.52,1825.02,387.86,6
23,player,625,0,0,1769.02,249.39,1826.26,387.5,6
23,player,626,0,0,1770.54,249.26,1827.49,387.15,6
23,player,627,0,0,1772.07,249.13,1828.72,386.8,6
23,player,628,0,0,1773.59,249.0,1829.96,386.44,6
23,player,629,0,0,1775.12,248.87,1831.19,386.09,6
23,player,630,0,0,1776.64,248.74,1832.42,385.74,6
23,player,631,0,0,1778.17,248.61,1833.66,385.38,6
23,player,632,0,0,1779.69,248.48,1834.89,385.03,6
23,player,633,0,0,1781.21,248.35,1836.12,384.68,6
23,player,634,0,0,1782.74,248.22,1837.36,384.32,6
23,player,635,0,0,1784.26,248.09,1838.59,383.97,6
23,player,636,0,0,1785.79,247.96,1839.82,383.62,6
23,player,637,0,0,1787.31,247.83,1841.06,383.26,6
23,player,638,0,0,1788.84,247.7,1842.29,382.91,6
23,player,639,0,0,1790.36,247.57,1843.52,382.56,6
23,player,640,0,0,1791.89,247.44,1844.76,382.2,6
23,player,641,0,0,1793.41,247.31,1845.99,381.85,6
23,player,642,0,0,1794.94,247.18,1847.22,381.5,6
23,player,643,0,0,1796.46,247.05,1848.46,381.14,6
23,player,644,0,0,1797.99,246.92,1849.69,380.79,6
23,player,645,0,0,1799.51,246.79,1850.93,380.44,6
23,player,646,0,0,1801.04,246.66,1852.16,380.08,6
23,player,647,0,0,1802.56,246.53,1853.39,379.73,6
23,player,648,0,0,1804.09,246.4,1854.63,379.38,6
23,player,649,0,0,1805.61,246.27,1855.86,379.03,6
23,player,650,0,0,1807.14,246.14,1857.09,378.67,6
23,player,651,0,0,1808.66,246.01,1858.33,378.32,6
23,player,652,0,0,1810.19,245.88,1859.56,377.97,6
23,player,653,0,0,1811.71,245.74,1860.79,377.61,6
23,player,654,0,0,1813.24,245.61,1862.03,377.26,6
23,player,655,0,0,1814.76,245.48,1863.26,376.91,6
23,player,656,0,0,1816.28,245.35,1864.49,376.55,6
23,player,657,0,0,1817.81,245.22,1865.73,376.2,6
23,player,658,0,0,1819.33,245.09,1866.96,375.85,6
23,player,659,0,0,1820.86,244.96,1868.19,375.49,6
23,player,660,0,0,1822.38,244.83,1869.43,375.14,6
23,player,661,0,0,1823.91,244.7,1870.66,374.79,6
23,player,662,0,0,1825.43,244.57,1871.89,374.43,6
23,player,663,0,0,1826.96,244.44,1873.13,374.08,6
23,player,664,0,0,1828.48,244.31,1874.36,373.73,6
23,player,665,0,0,1830.01,244.18,1875.59,373.37,6
23,player,666,0,0,1831.53,244.05,1876.83,373.02,6
23,player,667,0,0,1833.06,243.92,1878.06,372.67,6
23,player,668,0,0,1834.58,243.79,1879.3,372.31,6
23,player,669,0,0,1836.11,243.66,1880.53,371.96,6
23,player,670,0,0,1837.63,243.53,1881.76,371.61,6
23,player,671,0,0,1839.16,243.4,1883.0,371.25,6
23,player,672,0,0,1840.68,243.27,1884.23,370.9,6
23,player,673,0,0,1842.21,243.14,1885.46,370.55,6
23,player,674,0,0,1843.73,243.01,1886.7,370.19,6
23,player,675,0,0,1845.26,242.88,1887.93,369.84,6
23,player,676,0,0,1846.78,242.75,1889.16,369.49,6
23,player,677,0,0,1848.31,242.62,1890.4,369.13,6
23,player,678,0,0,1849.83,242.49,1891.63,368.78,6
23,player,679,0,0,1851.35,242.36,1892.86,368.43,6
23,player,680,0,0,1852.88,242.23,1894.1,368.07,6
23,player,681,0,0,1854.4,242.1,1895.33,367.72,6
23,player,682,0,0,1855.93,241.97,1896.56,367.37,6
23,player,683,0,0,1857.45,241.84,1897.8,367.01,6
23,player,684,0,0,1858.98,241.71,1899.03,366.66,6
23,player,685,0,0,1860.5,241.58,1900.26,366.31,6
23,player,686,0,0,1862.03,241.45,1901.5,365.95,6
23,player,687,0,0,1863.55,241.32,1902.73,365.6,6
23,player,688,0,0,1865.08,241.19,1903.96,365.25,6
23,player,689,0,0,1866.6,241.06,1905.2,364.9,6
23,player,690,0,0,1868.13,240.93,1906.43,364.54,6
23,player,691,0,0,1869.65,240.8,1907.67,364.19,6
23,player,692,0,0,1871.18,240.67,1908.9,363.84,6
23,player,693,0,0,1872.7,240.54,1910.13,363.48,6
23,player,694,0,0,1874.23,240.41,1911.37,363.13,6
23,player,695,0,0,1875.75,240.28,1912.6,362.78,6
23,player,696,0,0,1877.28,240.15,1913.83,362.42,6
23,player,697,0,0,1878.8,240.02,1915.07,362.07,6
23,player,698,0,0,1880.33,239.89,1916.3,361.72,6
23,player,699,0,0,1881.85,239.76,1917.53,361.36,6
23,player,700,0,0,1883.38,239.63,1918.77,361.01,6
23,player,701,0,0,1884.9,239.5,1920.0,360.66,6
23,player,702,0,0,1875.28,239.5,1912.16,360.66,6
23,player,703,0,0,1865.66,239.5,1904.32,360.66,6
23,player,704,0,0,1856.04,239.5,1896.49,360.66,6
23,player,705,0,0,1846.42,239.5,1888.65,360.66,6
23,player,706,0,0,1836.79,239.5,1880.81,360.66,6
23,player,707,0,0,1827.17,239.5,1872.97,360.66,6
23,player,708,0,0,1817.55,239.5,1865.14,360.66,6
23,player,709,0,0,1807.93,239.5,1857.3,360.66,6
23,player,710,0,0,1798.31,239.5,1849.46,360.66,6
23,player,711,0,0,1788.69,239.5,1841.62,360.66,6
23,player,712,0,0,1779.07,239.5,1833.78,360.66,6
23,player,713,0,0,1769.45,239.5,1825.95,360.66,6
23,player,714,0,0,1761.96,239.29,1818.46,360.44,6
23,player,715,0,0,1754.48,239.07,1810.98,360.23,6
23,player,716,0,0,1747.0,238.86,1803.5,360.01,6
23,player,717,0,0,1739.51,238.64,1796.01,359.8,6
23,player,718,0,0,1732.03,238.43,1788.53,359.59,6
23,player,719,0,0,1724.55,238.22,1781.05,359.37,6
23,player,720,0,0,1717.06,238.0,1773.56,359.16,6
23,player,721,0,0,1709.58,237.79,1766.08,358.95,6
23,player,722,0,0,1702.1,237.58,1758.6,358.73,6
23,player,723,0,0,1694.61,237.36,1751.11,358.52,6
23,player,724,0,0,1690.66,237.54,1747.16,358.7,6
23,player,725,0,0,1686.7,237.73,1743.2,358.88,6
23,player,726,0,0,1682.74,237.91,1739.24,359.06,6
23,player,727,0,0,1678.78,238.09,1735.28,359.25,6
23,player,728,0,0,1674.83,238.27,1731.33,359.43,6
23,player,729,0,0,1670.87,238.45,1727.37,359.61,6
23,player,730,0,0,1666.91,238.64,1723.41,359.79,6
23,player,731,0,0,1662.95,238.82,1719.45,359.97,6
23,player,732,0,0,1658.99,239.0,1715.49,360.16,6
23,player,733,0,0,1655.04,239.18,1711.54,360.34,6
23,player,734,0,0,1651.08,239.36,1707.58,360.52,6
23,player,735,0,0,1647.12,239.55,1703.62,360.7,6
23,player,736,0,0,1643.16,239.73,1699.66,360.88,6
23,player,737,0,0,1639.21,239.91,1695.71,361.07,6
23,player,738,0,0,1635.25,240.09,1691.75,361.25,6
23,player,739,0,0,1631.29,240.27,1687.79,361.43,6
23,player,740,0,0,1627.33,240.46,1683.83,361.61,6
23,player,741,0,0,1623.38,240.64,1679.88,361.79,6
23,player,742,0,0,1619.42,240.82,1675.92,361.98,6
23,player,743,0,0,1615.46,241.0,1671.96,362.16,6
23,player,744,0,0,1611.5,241.18,1668.0,362.34,6
23,player,745,0,0,1607.54,241.37,1664.04,362.52,6
23,player,746,0,0,1603.59,241.55,1660.09,362.7,6
23,player,747,0,0,1599.63,241.73,1656.13,362.89,6
23,player,748,0,0,1595.67,241.91,1652.17,363.07,6
23,player,749,0,0,1591.71,242.09,1648.21,363.25,6
23,player,750,0,0,1587.76,242.28,1644.26,363.43,6
23,player,751,0,0,1583.8,242.46,1640.3,363.61,6
23,player,752,0,0,1579.84,242.64,1636.34,363.79,6
23,player,753,0,0,1575.88,242.82,1632.38,363.98,6
23,player,754,0,0,1571.93,243.0,1628.43,364.16,6
23,player,755,0,0,1567.97,243.18,1624.47,364.34,6
23,player,756,0,0,1564.01,243.37,1620.51,364.52,6
23,player,757,0,0,1560.05,243.55,1616.55,364.7,6
23,player,758,0,0,1556.09,243.73,1612.59,364.89,6
23,player,759,0,0,1552.14,243.91,1608.64,365.07,6
23,player,760,0,0,1548.18,244.09,1604.68,365.25,6
23,player,761,0,0,1544.22,244.28,1600.72,365.43,6
23,player,762,0,0,1540.26,244.46,1596.76,365.61,6
23,player,763,0,0,1536.31,244.64,1592.81,365.8,6
23,player,764,0,0,1532.35,244.82,1588.85,365.98,6
23,player,765,0,0,1528.39,245.0,1584.89,366.16,6
23,player,766,0,0,1524.43,245.19,1580.93,366.34,6
23,player,767,0,0,1520.47,245.37,1576.97,366.52,6
23,player,768,0,0,1516.52,245.55,1573.02,366.71,6
23,player,769,0,0,1512.56,245.73,1569.06,366.89,6
23,player,770,0,0,1508.6,245.91,1565.1,367.07,6
23,player,771,0,0,1507.46,247.05,1563.96,368.21,6
23,player,772,0,0,1506.32,248.19,1562.82,369.35,6
23,player,773,0,0,1505.18,249.33,1561.68,370.49,6
23,player,774,0,0,1504.04,250.48,1560.54,371.63,6
23,player,775,0,0,1502.9,251.62,1559.4,372.77,6
23,player,776,0,0,1501.76,252.76,1558.26,373.91,6
23,player,777,0,0,1500.62,253.9,1557.12,375.05,6
23,player,778,0,0,1499.48,255.04,1555.98,376.19,6
23,player,779,0,0,1498.34,256.18,1554.84,377.33,6
23,player,780,0,0,1497.2,257.32,1553.7,378.47,6
23,player,781,0,0,1496.06,258.46,1552.56,379.61,6
23,player,782,0,0,1494.92,259.6,1551.42,380.75,6
23,player,783,0,0,1493.78,260.74,1550.28,381.89,6
23,player,784,0,0,1492.64,261.88,1549.14,383.03,6
23,player,785,0,0,1491.5,263.02,1548.0,384.17,6
23,player,786,0,0,1494.45,263.23,1550.95,384.39,6
23,player,787,0,0,1497.4,263.45,1553.9,384.6,6
23,player,788,0,0,1500.35,263.66,1556.85,384.82,6
23,player,789,0,0,1503.3,263.87,1559.8,385.03,6
23,player,790,0,0,1506.25,264.09,1562.75,385.24,6
23,player,791,0,0,1509.2,264.3,1565.7,385.46,6
23,player,792,0,0,1512.15,264.52,1568.65,385.67,6
23,player,793,0,0,1515.1,264.73,1571.6,385.89,6
23,player,794,0,0,1518.05,264.94,1574.55,386.1,6
23,player,795,0,0,1521.0,265.16,1577.5,386.31,6
23,player,796,0,0,1523.95,265.37,1580.45,386.53,6
23,player,797,0,0,1526.9,265.58,1583.4,386.74,6
23,player,798,0,0,1529.85,265.8,1586.35,386.95,6
23,player,799,0,0,1532.8,266.01,1589.3,387.17,6
23,player,800,0,0,1535.76,266.23,1592.26,387.38,6
23,player,801,0,0,1538.71,266.44,1595.21,387.6,6
23,player,802,0,0,1541.66,266.65,1598.16,387.81,6
23,player,803,0,0,1544.61,266.87,1601.11,388.02,6
23,player,804,0,0,1547.56,267.08,1604.06,388.24,6
23,player,805,0,0,1550.51,267.29,1607.01,388.45,6
23,player,806,0,0,1553.46,267.51,1609.96,388.66,6
23,player,807,0,0,1556.41,267.72,1612.91,388.88,6
23,player,808,0,0,1559.36,267.94,1615.86,389.09,6
23,player,809,0,0,1562.31,268.15,1618.81,389.31,6
23,player,810,0,0,1565.26,268.36,1621.76,389.52,6
23,player,811,0,0,1568.21,268.58,1624.71,389.73,6
23,player,812,0,0,1571.16,268.79,1627.66,389.95,6
23,player,813,0,0,1574.11,269.01,1630.61,390.16,6
23,player,814,0,0,1577.06,269.22,1633.56,390.38,6
23,player,815,0,0,1580.01,269.43,1636.51,390.59,6
23,player,816,0,0,1582.96,269.65,1639.46,390.8,6
23,player,817,0,0,1585.91,269.86,1642.41,391.02,6
23,player,818,0,0,1588.87,270.07,1645.37,391.23,6
23,player,819,0,0,1591.82,270.29,1648.32,391.44,6
23,player,820,0,0,1594.77,270.5,1651.27,391.66,6
23,player,821,0,0,1597.72,270.72,1654.22,391.87,6
23,player,822,0,0,1600.67,270.93,1657.17,392.09,6
23,player,823,0,0,1603.62,271.14,1660.12,392.3,6
23,player,824,0,0,1606.57,271.36,1663.07,392.51,6
23,player,825,0,0,1609.52,271.57,1666.02,392.73,6
23,player,826,0,0,1612.47,271.78,1668.97,392.94,6
23,player,827,0,0,1615.42,272.0,1671.92,393.15,6
23,player,828,0,0,1618.37,272.21,1674.87,393.37,6
23,player,829,0,0,1621.32,272.43,1677.82,393.58,6
23,player,830,0,0,1624.27,272.64,1680.77,393.8,6
23,player,831,0,0,1627.22,272.85,1683.72,394.01,6
23,player,832,0,0,1630.17,273.07,1686.67,394.22,6
23,player,833,0,0,1633.12,273.28,1689.62,394.44,6
23,player,834,0,0,1636.07,273.5,1692.57,394.65,6
23,player,835,0,0,1639.02,273.71,1695.52,394.87,6
23,player,836,0,0,1647.13,272.36,1703.63,393.51,6
23,player,837,0,0,1655.23,271.01,1711.73,392.16,6
23,player,838,0,0,1663.33,269.66,1719.83,390.81,6
23,player,839,0,0,1671.43,268.31,1727.93,389.46,6
23,player,840,0,0,1679.54,266.96,1736.04,388.11,6
23,player,841,0,0,1687.64,265.61,1744.14,386.76,6
23,player,842,0,0,1695.74,264.26,1752.24,385.41,6
23,player,843,0,0,1703.84,262.91,1760.34,384.06,6
23,player,844,0,0,1711.94,261.56,1768.44,382.71,6
23,player,845,0,0,1720.05,260.21,1776.55,381.36,6
23,player,846,0,0,1728.15,258.85,1784.65,380.01,6
23,player,847,0,0,1736.25,257.5,1792.75,378.66,6
23,player,848,0,0,1744.35,256.15,1800.85,377.31,6
23,player,849,0,0,1752.46,254.8,1808.96,375.96,6
23,player,850,0,0,1760.56,253.45,1817.06,374.61,6
23,player,851,0,0,1768.66,252.1,1825.16,373.26,6
23,player,852,0,0,1776.76,250.75,1833.26,371.91,6
23,player,853,0,0,1784.86,249.4,1841.36,370.56,6
23,player,854,0,0,1792.97,248.05,1849.47,369.21,6
23,player,855,0,0,1795.87,248.97,1852.37,370.12,6
23,player,856,0,0,1798.77,249.88,1855.27,371.04,6
23,player,857,0,0,1801.67,250.8,1858.17,371.96,6
23,player,858,0,0,1804.57,251.72,1861.07,372.87,6
23,player,859,0,0,1807.48,252.63,1863.98,373.79,6
23,player,860,0,0,1810.38,253.55,1866.88,374.71,6
23,player,861,0,0,1813.28,254.47,1869.78,375.62,6
23,player,862,0,0,1816.18,255.38,1872.68,376.54,6
23,player,863,0,0,1819.08,256.3,1875.58,377.45,6
23,player,864,0,0,1821.98,257.21,1878.48,378.37,6
23,player,865,0,0,1824.88,258.13,1881.38,379.29,6
23,player,866,0,0,1827.79,259.05,1884.29,380.2,6
23,player,867,0,0,1830.69,259.96,1887.19,381.12,6
23,player,868,0,0,1833.59,260.88,1890.09,382.04,6
23,player,869,0,0,1833.59,260.88,1890.09,382.04,6
23,player,870,0,0,1833.59,260.88,1890.09,382.04,6
23,player,871,0,0,1833.59,260.88,1890.09,382.04,6
23,player,872,0,0,1833.59,260.88,1890.09,382.04,6
23,player,873,0,0,1833.59,260.88,1890.09,382.04,6
23,player,874,0,0,1833.59,260.88,1890.09,382.04,6
23,player,875,0,0,1833.59,260.88,1890.09,382.04,6
23,player,876,0,0,1833.59,260.88,1890.09,382.04,6
23,player,877,0,0,1833.59,260.88,1890.09,382.04,6
23,player,878,0,0,1833.59,260.88,1890.09,382.04,6
23,player,879,0,0,1833.59,260.88,1890.09,382.04,6
23,player,880,0,0,1833.59,260.88,1890.09,382.04,6
23,player,881,0,0,1833.59,260.88,1890.09,382.04,6
23,player,882,0,0,1833.59,260.88,1890.09,382.04,6
23,player,883,0,0,1833.59,260.88,1890.09,382.04,6
23,player,884,0,0,1833.59,260.88,1890.09,382.04,6
23,player,885,0,0,1833.59,260.88,1890.09,382.04,6
23,player,886,0,0,1833.59,260.88,1890.09,382.04,6
23,player,887,0,0,1833.59,260.88,1890.09,382.04,6
23,player,888,0,0,1833.59,260.88,1890.09,382.04,6
23,player,889,0,0,1833.59,260.88,1890.09,382.04,6
23,player,890,0,0,1833.59,260.88,1890.09,382.04,6
23,player,891,0,0,1833.59,260.88,1890.09,382.04,6
23,player,892,0,0,1833.59,260.88,1890.09,382.04,6
23,player,893,0,0,1833.59,260.88,1890.09,382.04,6
23,player,894,0,0,1833.59,260.88,1890.09,382.04,6
23,player,895,0,0,1833.59,260.88,1890.09,382.04,6
23,player,896,0,0,1833.59,260.88,1890.09,382.04,6
23,player,897,0,0,1833.59,260.88,1890.09,382.04,6
23,player,898,0,0,1833.59,260.88,1890.09,382.04,6
23,player,899,0,0,1833.59,260.88,1890.09,382.04,6
24,player,285,0,0,1788.94,327.14,1857.54,484.12,21
24,player,286,0,0,1778.2,326.82,1846.8,483.8,21
24,player,287,0,0,1767.46,326.5,1836.06,483.48,21
24,player,288,0,0,1756.72,326.17,1825.32,483.16,21
24,player,289,0,0,1745.98,325.85,1814.58,482.83,21
24,player,290,0,0,1735.24,325.53,1803.84,482.51,21
24,player,291,0,0,1724.5,325.21,1793.1,482.19,21
24,player,292,0,0,1713.76,324.88,1782.36,481.87,21
24,player,293,0,0,1703.02,324.56,1771.62,481.54,21
24,player,294,0,0,1692.28,324.24,1760.88,481.22,21
24,player,295,0,0,1681.54,323.92,1750.14,480.9,21
24,player,296,0,0,1670.8,323.59,1739.4,480.58,21
24,player,297,0,0,1660.06,323.27,1728.66,480.25,21
24,player,298,0,0,1649.32,322.95,1717.92,479.93,21
24,player,299,0,0,1638.58,322.63,1707.18,479.61,21
24,player,300,0,0,1627.84,322.3,1696.44,479.28,21
24,player,301,0,0,1617.1,321.98,1685.7,478.96,21
24,player,302,0,0,1606.36,321.66,1674.96,478.64,21
24,player,303,0,0,1595.62,321.33,1664.22,478.32,21
24,player,304,0,0,1584.88,321.01,1653.48,477.99,21
24,player,305,0,0,1574.14,320.69,1642.74,477.67,21
24,player,306,0,0,1563.4,320.37,1632.0,477.35,21
24,player,307,0,0,1552.66,320.04,1621.26,477.03,21
24,player,308,0,0,1541.92,319.72,1610.52,476.7,21
24,player,309,0,0,1531.18,319.4,1599.78,476.38,21
24,player,310,0,0,1520.44,319.08,1589.04,476.06,21
24,player,311,0,0,1509.7,318.75,1578.3,475.74,21
24,player,312,0,0,1498.96,318.43,1567.56,475.41,21
24,player,313,0,0,1488.22,318.11,1556.82,475.09,21
24,player,314,0,0,1477.48,317.79,1546.08,474.77,21
24,player,315,0,0,1466.74,317.46,1535.34,474.44,21
24,player,316,0,0,1456.0,317.14,1524.6,474.12,21
24,player,317,0,0,1445.26,316.82,1513.86,473.8,21
24,player,318,0,0,1434.52,316.49,1503.12,473.48,21
24,player,319,0,0,1423.78,316.17,1492.38,473.15,21
24,player,320,0,0,1413.04,315.85,1481.64,472.83,21
24,player,321,0,0,1402.3,315.53,1470.9,472.51,21
24,player,322,0,0,1391.56,315.2,1460.16,472.19,21
24,player,323,0,0,1380.82,314.88,1449.42,471.86,21
24,player,324,0,0,1370.08,314.56,1438.68,471.54,21
24,player,325,0,0,1359.34,314.24,1427.94,471.22,21
24,player,326,0,0,1348.6,313.91,1417.2,470.89,21
24,player,327,0,0,1337.86,313.59,1406.46,470.57,21
24,player,328,0,0,1327.12,313.27,1395.72,470.25,21
24,player,329,0,0,1316.38,312.94,1384.98,469.93,21
24,player,330,0,0,1305.64,312.62,1374.24,469.6,21
24,player,331,0,0,1294.9,312.3,1363.5,469.28,21
24,player,332,0,0,1284.16,311.98,1352.76,468.96,21
24,player,333,0,0,1273.41,311.65,1342.02,468.64,21
24,player,334,0,0,1262.67,311.33,1331.28,468.31,21
24,player,335,0,0,1251.93,311.01,1320.54,467.99,21
24,player,336,0,0,1241.19,310.69,1309.8,467.67,21
24,player,337,0,0,1230.45,310.36,1299.06,467.35,21
24,player,338,0,0,1219.71,310.04,1288.32,467.02,21
24,player,339,0,0,1208.97,309.72,1277.58,466.7,21
24,player,340,0,0,1198.23,309.4,1266.83,466.38,21
24,player,341,0,0,1193.9,308.87,1262.5,465.85,21
24,player,342,0,0,1189.57,308.34,1258.17,465.32,21
24,player,343,0,0,1185.24,307.81,1253.84,464.79,21
24,player,344,0,0,1180.91,307.28,1249.51,464.26,21
24,player,345,0,0,1176.58,306.75,1245.18,463.74,21
24,player,346,0,0,1172.25,306.23,1240.85,463.21,21
24,player,347,0,0,1167.92,305.7,1236.52,462.68,21
24,player,348,0,0,1163.59,305.17,1232.19,462.15,21
24,player,349,0,0,1159.26,304.64,1227.86,461.62,21
24,player,350,0,0,1154.92,304.11,1223.53,461.1,21
24,player,351,0,0,1150.59,303.59,1219.19,460.57,21
24,player,352,0,0,1146.26,303.06,1214.86,460.04,21
24,player,353,0,0,1141.93,302.53,1210.53,459.51,21
24,player,354,0,0,1137.6,302.0,1206.2,458.98,21
24,player,355,0,0,1133.27,301.47,1201.87,458.45,21
24,player,356,0,0,1128.94,300.94,1197.54,457.93,21
24,player,357,0,0,1124.61,300.42,1193.21,457.4,21
24,player,358,0,0,1120.28,299.89,1188.88,456.87,21
24,player,359,0,0,1115.95,299.36,1184.55,456.34,21
24,player,360,0,0,1111.61,298.83,1180.22,455.81,21
24,player,361,0,0,1107.28,298.3,1175.88,455.29,21
24,player,362,0,0,1102.95,297.78,1171.55,454.76,21
24,player,363,0,0,1098.62,297.25,1167.22,454.23,21
24,player,364,0,0,1094.29,296.72,1162.89,453.7,21
24,player,365,0,0,1093.02,297.4,1161.62,454.38,21
24,player,366,0,0,1091.76,298.07,1160.36,455.05,21
24,player,367,0,0,1090.49,298.75,1159.09,455.73,21
24,player,368,0,0,1089.22,299.42,1157.82,456.41,21
24,player,369,0,0,1087.95,300.1,1156.55,457.08,21
24,player,370,0,0,1086.69,300.78,1155.29,457.76,21
24,player,371,0,0,1085.42,301.45,1154.02,458.43,21
24,player,372,0,0,1084.15,302.13,1152.75,459.11,21
24,player,373,0,0,1082.88,302.8,1151.48,459.79,21
24,player,374,0,0,1081.61,303.48,1150.22,460.46,21
24,player,375,0,0,1080.35,304.16,1148.95,461.14,21
24,player,376,0,0,1079.08,304.83,1147.68,461.81,21
24,player,377,0,0,1077.81,305.51,1146.41,462.49,21
24,player,378,0,0,1076.54,306.18,1145.15,463.17,21
24,player,379,0,0,1075.28,306.86,1143.88,463.84,21
24,player,380,0,0,1074.01,307.54,1142.61,464.52,21
24,player,381,0,0,1072.74,308.21,1141.34,465.19,21
24,player,382,0,0,1071.47,308.89,1140.07,465.87,21
24,player,383,0,0,1070.21,309.57,1138.81,466.55,21
24,player,384,0,0,1068.94,310.24,1137.54,467.22,21
24,player,385,0,0,1067.67,310.92,1136.27,467.9,21
24,player,386,0,0,1066.4,311.59,1135.0,468.58,21
24,player,387,0,0,1065.14,312.27,1133.74,469.25,21
24,player,388,0,0,1063.87,312.95,1132.47,469.93,21
24,player,389,0,0,1062.6,313.62,1131.2,470.6,21
24,player,390,0,0,1061.33,314.3,1129.93,471.28,21
24,player,391,0,0,1060.07,314.97,1128.67,471.96,21
24,player,392,0,0,1058.8,315.65,1127.4,472.63,21
24,player,393,0,0,1057.53,316.33,1126.13,473.31,21
24,player,394,0,0,1056.26,317.0,1124.86,473.98,21
24,player,395,0,0,1058.16,318.9,1126.76,475.89,21
24,player,396,0,0,1060.07,320.8,1128.67,477.79,21
24,player,397,0,0,1061.97,322.71,1130.57,479.69,21
24,player,398,0,0,1063.87,324.61,1132.47,481.59,21
24,player,399,0,0,1065.77,326.51,1134.37,483.49,21
24,player,400,0,0,1067.67,328.41,1136.27,485.39,21
24,player,401,0,0,1069.57,330.31,1138.17,487.29,21
24,player,402,0,0,1071.47,332.21,1140.07,489.2,21
24,player,403,0,0,1076.41,332.21,1145.01,489.2,21
24,player,404,0,0,1081.35,332.21,1149.95,489.2,21
24,player,405,0,0,1086.28,332.21,1154.89,489.2,21
24,player,406,0,0,1091.22,332.21,1159.82,489.2,21
24,player,407,0,0,1096.16,332.21,1164.76,489.2,21
24,player,408,0,0,1101.1,332.21,1169.7,489.2,21
24,player,409,0,0,1106.03,332.21,1174.63,489.2,21
24,player,410,0,0,1110.97,332.21,1179.57,489.2,21
24,player,411,0,0,1115.91,332.21,1184.51,489.2,21
24,player,412,0,0,1120.84,332.21,1189.44,489.2,21
24,player,413,0,0,1125.78,332.21,1194.38,489.2,21
24,player,414,0,0,1130.72,332.21,1199.32,489.2,21
24,player,415,0,0,1135.65,332.21,1204.26,489.2,21
24,player,416,0,0,1140.59,332.21,1209.19,489.2,21
24,player,417,0,0,1145.53,332.21,1214.13,489.2,21
24,player,418,0,0,1150.47,332.21,1219.07,489.2,21
24,player,419,0,0,1155.4,332.21,1224.0,489.2,21
24,player,420,0,0,1160.34,332.21,1228.94,489.2,21
24,player,421,0,0,1165.28,332.21,1233.88,489.2,21
24,player,422,0,0,1174.91,333.9,1243.51,490.89,21
24,player,423,0,0,1184.54,335.59,1253.14,492.58,21
24,player,424,0,0,1194.17,337.28,1262.77,494.27,21
24,player,425,0,0,1203.8,338.97,1272.4,495.96,21
24,player,426,0,0,1213.44,340.66,1282.04,497.65,21
24,player,427,0,0,1223.07,342.35,1291.67,499.34,21
24,player,428,0,0,1232.7,344.04,1301.3,501.03,21
24,player,429,0,0,1242.33,345.73,1310.93,502.72,21
24,player,430,0,0,1251.96,347.42,1320.56,504.41,21
24,player,431,0,0,1261.59,349.11,1330.19,506.1,21
24,player,432,0,0,1271.23,350.81,1339.83,507.79,21
24,player,433,0,0,1280.86,352.5,1349.46,509.48,21
24,player,434,0,0,1283.37,352.36,1351.97,509.34,21
24,player,435,0,0,1285.88,352.23,1354.48,509.21,21
24,player,436,0,0,1288.38,352.09,1356.98,509.08,21
24,player,437,0,0,1290.89,351.96,1359.49,508.94,21
24,player,438,0,0,1293.4,351.83,1362.0,508.81,21
24,player,439,0,0,1295.91,351.69,1364.51,508.68,21
24,player,440,0,0,1298.42,351.56,1367.02,508.54,21
24,player,441,0,0,1300.93,351.43,1369.53,508.41,21
24,player,442,0,0,1303.44,351.29,1372.04,508.28,21
24,player,443,0,0,1305.95,351.16,1374.55,508.14,21
24,player,444,0,0,1308.46,351.03,1377.06,508.01,21
24,player,445,0,0,1310.96,350.89,1379.57,507.88,21
24,player,446,0,0,1313.47,350.76,1382.07,507.74,21
24,player,447,0,0,1315.98,350.63,1384.58,507.61,21
24,player,448,0,0,1318.49,350.49,1387.09,507.48,21
24,player,449,0,0,1321.0,350.36,1389.6,507.34,21
24,player,450,0,0,1323.51,350.23,1392.11,507.21,21
24,player,451,0,0,1326.02,350.09,1394.62,507.08,21
24,player,452,0,0,1328.53,349.96,1397.13,506.94,21
24,player,453,0,0,1331.04,349.83,1399.64,506.81,21
24,player,454,0,0,1333.55,349.69,1402.15,506.67,21
24,player,455,0,0,1336.05,349.56,1404.66,506.54,21
24,player,456,0,0,1338.56,349.43,1407.16,506.41,21
24,player,457,0,0,1341.07,349.29,1409.67,506.27,21
24,player,458,0,0,1343.58,349.16,1412.18,506.14,21
24,player,459,0,0,1346.09,349.03,1414.69,506.01,21
24,player,460,0,0,1348.6,348.89,1417.2,505.87,21
24,player,461,0,0,1351.11,348.76,1419.71,505.74,21
24,player,462,0,0,1353.62,348.63,1422.22,505.61,21
24,player,463,0,0,1356.13,348.49,1424.73,505.47,21
24,player,464,0,0,1358.64,348.36,1427.24,505.34,21
24,player,465,0,0,1361.14,348.23,1429.74,505.21,21
24,player,466,0,0,1363.65,348.09,1432.25,505.07,21
24,player,467,0,0,1366.16,347.96,1434.76,504.94,21
24,player,468,0,0,1368.67,347.83,1437.27,504.81,21
24,player,469,0,0,1371.18,347.69,1439.78,504.67,21
24,player,470,0,0,1373.69,347.56,1442.29,504.54,21
24,player,471,0,0,1376.2,347.42,1444.8,504.41,21
24,player,472,0,0,1378.71,347.29,1447.31,504.27,21
24,player,473,0,0,1381.22,347.16,1449.82,504.14,21
24,player,474,0,0,1383.72,347.02,1452.33,504.01,21
24,player,475,0,0,1386.23,346.89,1454.83,503.87,21
24,player,476,0,0,1388.74,346.76,1457.34,503.74,21
24,player,477,0,0,1391.25,346.62,1459.85,503.61,21
24,player,478,0,0,1393.76,346.49,1462.36,503.47,21
24,player,479,0,0,1396.27,346.36,1464.87,503.34,21
24,player,480,0,0,1398.78,346.22,1467.38,503.21,21
24,player,481,0,0,1401.29,346.09,1469.89,503.07,21
24,player,482,0,0,1403.8,345.96,1472.4,502.94,21
24,player,483,0,0,1406.31,345.82,1474.91,502.81,21
24,player,484,0,0,1408.81,345.69,1477.41,502.67,21
24,player,485,0,0,1411.32,345.56,1479.92,502.54,21
24,player,486,0,0,1413.83,345.42,1482.43,502.41,21
24,player,487,0,0,1416.34,345.29,1484.94,502.27,21
24,player,488,0,0,1418.85,345.16,1487.45,502.14,21
24,player,489,0,0,1421.36,345.02,1489.96,502.0,21
24,player,490,0,0,1423.87,344.89,1492.47,501.87,21
24,player,491,0,0,1424.97,345.11,1493.57,502.09,21
24,player,492,0,0,1426.08,345.33,1494.68,502.31,21
24,player,493,0,0,1427.19,345.55,1495.79,502.54,21
24,player,494,0,0,1428.29,345.77,1496.89,502.76,21
24,player,495,0,0,1429.4,346.0,1498.0,502.98,21
24,player,496,0,0,1430.5,346.22,1499.1,503.2,21
24,player,497,0,0,1431.61,346.44,1500.21,503.42,21
24,player,498,0,0,1432.72,346.66,1501.32,503.64,21
24,player,499,0,0,1433.82,346.88,1502.42,503.86,21
24,player,500,0,0,1434.93,347.1,1503.53,504.08,21
24,player,501,0,0,1436.03,347.32,1504.63,504.3,21
24,player,502,0,0,1437.14,347.54,1505.74,504.53,21
24,player,503,0,0,1438.24,347.76,1506.85,504.75,21
24,player,504,0,0,1439.35,347.99,1507.95,504.97,21
24,player,505,0,0,1440.46,348.21,1509.06,505.19,21
24,player,506,0,0,1441.56,348.43,1510.16,505.41,21
24,player,507,0,0,1442.67,348.65,1511.27,505.63,21
24,player,508,0,0,1443.77,348.87,1512.38,505.85,21
24,player,509,0,0,1444.88,349.09,1513.48,506.07,21
24,player,510,0,0,1445.99,349.31,1514.59,506.29,21
24,player,511,0,0,1447.09,349.53,1515.69,506.52,21
24,player,512,0,0,1448.2,349.76,1516.8,506.74,21
24,player,513,0,0,1449.3,349.98,1517.9,506.96,21
24,player,514,0,0,1450.41,350.2,1519.01,507.18,21
24,player,515,0,0,1451.52,350.42,1520.12,507.4,21
24,player,516,0,0,1452.62,350.64,1521.22,507.62,21
24,player,517,0,0,1453.73,350.86,1522.33,507.84,21
24,player,518,0,0,1454.83,351.08,1523.43,508.06,21
24,player,519,0,0,1455.94,351.3,1524.54,508.29,21
24,player,520,0,0,1456.06,351.9,1524.66,508.88,21
24,player,521,0,0,1456.18,352.49,1524.78,509.47,21
24,player,522,0,0,1456.3,353.09,1524.9,510.07,21
24,player,523,0,0,1456.41,353.68,1525.02,510.66,21
24,player,524,0,0,1456.53,354.27,1525.13,511.26,21
24,player,525,0,0,1456.65,354.87,1525.25,511.85,21
24,player,526,0,0,1456.77,355.46,1525.37,512.44,21
24,player,527,0,0,1456.89,356.06,1525.49,513.04,21
24,player,528,0,0,1457.01,356.65,1525.61,513.63,21
24,player,529,0,0,1457.13,357.24,1525.73,514.22,21
24,player,530,0,0,1457.25,357.84,1525.85,514.82,21
24,player,531,0,0,1457.36,358.43,1525.97,515.41,21
24,player,532,0,0,1457.48,359.02,1526.08,516.01,21
24,player,533,0,0,1457.6,359.62,1526.2,516.6,21
24,player,534,0,0,1457.72,360.21,1526.32,517.19,21
24,player,535,0,0,1457.84,360.81,1526.44,517.79,21
24,player,536,0,0,1457.96,361.4,1526.56,518.38,21
24,player,537,0,0,1458.08,361.99,1526.68,518.98,21
24,player,538,0,0,1457.99,362.34,1526.59,519.33,21
24,player,539,0,0,1457.9,362.69,1526.5,519.67,21
24,player,540,0,0,1457.82,363.04,1526.42,520.02,21
24,player,541,0,0,1457.73,363.39,1526.33,520.37,21
24,player,542,0,0,1457.64,363.74,1526.24,520.72,21
24,player,543,0,0,1457.55,364.09,1526.15,521.07,21
24,player,544,0,0,1457.47,364.44,1526.07,521.42,21
24,player,545,0,0,1457.38,364.79,1525.98,521.77,21
24,player,546,0,0,1457.29,365.14,1525.89,522.12,21
24,player,547,0,0,1457.2,365.48,1525.81,522.47,21
24,player,548,0,0,1457.12,365.83,1525.72,522.82,21
24,player,549,0,0,1457.03,366.18,1525.63,523.16,21
24,player,550,0,0,1456.94,366.53,1525.54,523.51,21
24,player,551,0,0,1456.86,366.88,1525.46,523.86,21
24,player,552,0,0,1456.77,367.23,1525.37,524.21,21
24,player,553,0,0,1456.68,367.58,1525.28,524.56,21
24,player,554,0,0,1456.59,367.93,1525.19,524.91,21
24,player,555,0,0,1456.51,368.28,1525.11,525.26,21
24,player,556,0,0,1456.42,368.63,1525.02,525.61,21
24,player,557,0,0,1456.33,368.98,1524.93,525.96,21
24,player,558,0,0,1456.24,369.32,1524.85,526.31,21
24,player,559,0,0,1456.16,369.67,1524.76,526.66,21
24,player,560,0,0,1456.07,370.02,1524.67,527.0,21
24,player,561,0,0,1455.98,370.37,1524.58,527.35,21
24,player,562,0,0,1455.9,370.72,1524.5,527.7,21
24,player,563,0,0,1455.81,371.07,1524.41,528.05,21
24,player,564,0,0,1455.72,371.42,1524.32,528.4,21
24,player,565,0,0,1455.63,371.77,1524.23,528.75,21
24,player,566,0,0,1455.55,372.12,1524.15,529.1,21
24,player,567,0,0,1455.46,372.47,1524.06,529.45,21
24,player,568,0,0,1455.37,372.82,1523.97,529.8,21
24,player,569,0,0,1455.28,373.16,1523.89,530.15,21
24,player,570,0,0,1455.2,373.51,1523.8,530.5,21
24,player,571,0,0,1455.11,373.86,1523.71,530.84,21
24,player,572,0,0,1455.02,374.21,1523.62,531.19,21
24,player,573,0,0,1454.94,374.56,1523.54,531.54,21
24,player,574,0,0,1454.85,374.91,1523.45,531.89,21
24,player,575,0,0,1454.76,375.26,1523.36,532.24,21
24,player,576,0,0,1454.67,375.61,1523.27,532.59,21
24,player,577,0,0,1454.59,375.96,1523.19,532.94,21
24,player,578,0,0,1454.5,376.31,1523.1,533.29,21
24,player,579,0,0,1454.41,376.66,1523.01,533.64,21
24,player,580,0,0,1454.32,377.0,1522.93,533.99,21
24,player,581,0,0,1454.24,377.35,1522.84,534.34,21
24,player,582,0,0,1454.15,377.7,1522.75,534.68,21
24,player,583,0,0,1454.06,378.05,1522.66,535.03,21
24,player,584,0,0,1453.98,378.4,1522.58,535.38,21
24,player,585,0,0,1453.89,378.75,1522.49,535.73,21
24,player,586,0,0,1453.8,379.1,1522.4,536.08,21
24,player,587,0,0,1457.48,378.49,1525.86,535.47,21
24,player,588,0,0,1461.16,377.87,1529.32,534.85,21
24,player,589,0,0,1464.84,377.26,1532.77,534.24,21
24,player,590,0,0,1468.53,376.64,1536.23,533.63,21
24,player,591,0,0,1472.21,376.03,1539.69,533.01,21
24,player,592,0,0,1475.89,375.42,1543.15,532.4,21
24,player,593,0,0,1479.57,374.8,1546.6,531.79,21
24,player,594,0,0,1483.25,374.19,1550.06,531.17,21
24,player,595,0,0,1486.93,373.58,1553.52,530.56,21
24,player,596,0,0,1490.61,372.96,1556.98,529.95,21
24,player,597,0,0,1494.29,372.35,1560.43,529.33,21
24,player,598,0,0,1497.98,371.74,1563.89,528.72,21
24,player,599,0,0,1501.66,371.12,1567.35,528.1,21
24,player,600,0,0,1505.34,370.51,1570.8,527.49,21
24,player,601,0,0,1509.02,369.9,1574.26,526.88,21
24,player,602,0,0,1512.7,369.28,1577.72,526.26,21
24,player,603,0,0,1516.38,368.67,1581.18,525.65,21
24,player,604,0,0,1520.06,368.05,1584.63,525.04,21
24,player,605,0,0,1523.74,367.44,1588.09,524.42,21
24,player,606,0,0,1527.43,366.83,1591.55,523.81,21
24,player,607,0,0,1531.11,366.21,1595.01,523.2,21
24,player,608,0,0,1534.79,365.6,1598.46,522.58,21
24,player,609,0,0,1538.47,364.99,1601.92,521.97,21
24,player,610,0,0,1542.15,364.37,1605.38,521.36,21
24,player,611,0,0,1545.83,363.76,1608.84,520.74,21
24,player,612,0,0,1549.51,363.15,1612.29,520.13,21
24,player,613,0,0,1553.19,362.53,1615.75,519.52,21
24,player,614,0,0,1556.88,361.92,1619.21,518.9,21
24,player,615,0,0,1560.56,361.31,1622.67,518.29,21
24,player,616,0,0,1564.24,360.69,1626.12,517.67,21
24,player,617,0,0,1567.92,360.08,1629.58,517.06,21
24,player,618,0,0,1571.6,359.47,1633.04,516.45,21
24,player,619,0,0,1575.28,358.85,1636.49,515.83,21
24,player,620,0,0,1578.96,358.24,1639.95,515.22,21
24,player,621,0,0,1582.64,357.62,1643.41,514.61,21
24,player,622,0,0,1586.32,357.01,1646.87,513.99,21
24,player,623,0,0,1590.01,356.4,1650.32,513.38,21
24,player,624,0,0,1593.69,355.78,1653.78,512.77,21
24,player,625,0,0,1597.37,355.17,1657.24,512.15,21
24,player,626,0,0,1601.05,354.56,1660.7,511.54,21
24,player,627,0,0,1604.73,353.94,1664.15,510.93,21
24,player,628,0,0,1608.41,353.33,1667.61,510.31,21
24,player,629,0,0,1612.09,352.72,1671.07,509.7,21
24,player,630,0,0,1615.77,352.1,1674.53,509.08,21
24,player,631,0,0,1619.46,351.49,1677.98,508.47,21
24,player,632,0,0,1623.14,350.88,1681.44,507.86,21
24,player,633,0,0,1626.82,350.26,1684.9,507.24,21
24,player,634,0,0,1630.5,349.65,1688.36,506.63,21
24,player,635,0,0,1634.18,349.04,1691.81,506.02,21
24,player,636,0,0,1637.86,348.42,1695.27,505.4,21
24,player,637,0,0,1641.54,347.81,1698.73,504.79,21
24,player,638,0,0,1645.22,347.19,1702.19,504.18,21
24,player,639,0,0,1648.91,346.58,1705.64,503.56,21
24,player,640,0,0,1652.59,345.97,1709.1,502.95,21
24,player,641,0,0,1656.27,345.35,1712.56,502.34,21
24,player,642,0,0,1659.95,344.74,1716.01,501.72,21
24,player,643,0,0,1663.63,344.13,1719.47,501.11,21
24,player,644,0,0,1667.31,343.51,1722.93,500.5,21
24,player,645,0,0,1670.99,342.9,1726.39,499.88,21
24,player,646,0,0,1674.67,342.29,1729.84,499.27,21
24,player,647,0,0,1678.36,341.67,1733.3,498.65,21
24,player,648,0,0,1682.04,341.06,1736.76,498.04,21
24,player,649,0,0,1685.72,340.45,1740.22,497.43,21
24,player,650,0,0,1689.4,339.83,1743.67,496.81,21
24,player,651,0,0,1693.08,339.22,1747.13,496.2,21
24,player,652,0,0,1696.76,338.61,1750.59,495.59,21
24,player,653,0,0,1700.44,337.99,1754.05,494.97,21
24,player,654,0,0,1704.12,337.38,1757.5,494.36,21
24,player,655,0,0,1707.81,336.76,1760.96,493.75,21
24,player,656,0,0,1711.49,336.15,1764.42,493.13,21
24,player,657,0,0,1715.17,335.54,1767.88,492.52,21
24,player,658,0,0,1718.85,334.92,1771.33,491.91,21
24,player,659,0,0,1722.53,334.31,1774.79,491.29,21
24,player,660,0,0,1726.21,333.7,1778.25,490.68,21
24,player,661,0,0,1729.89,333.08,1781.7,490.07,21
24,player,662,0,0,1733.57,332.47,1785.16,489.45,21
24,player,663,0,0,1737.26,331.86,1788.62,488.84,21
24,player,664,0,0,1740.94,331.24,1792.08,488.22,21
24,player,665,0,0,1744.62,330.63,1795.53,487.61,21
24,player,666,0,0,1748.3,330.02,1798.99,487.0,21
24,player,667,0,0,1751.98,329.4,1802.45,486.38,21
24,player,668,0,0,1755.66,328.79,1805.91,485.77,21
24,player,669,0,0,1759.34,328.18,1809.36,485.16,21
24,player,670,0,0,1763.02,327.56,1812.82,484.54,21
24,player,671,0,0,1766.7,326.95,1816.28,483.93,21
24,player,672,0,0,1770.39,326.33,1819.74,483.32,21
24,player,673,0,0,1774.07,325.72,1823.19,482.7,21
24,player,674,0,0,1777.75,325.11,1826.65,482.09,21
24,player,675,0,0,1781.43,324.49,1830.11,481.48,21
24,player,676,0,0,1785.11,323.88,1833.57,480.86,21
24,player,677,0,0,1788.79,323.27,1837.02,480.25,21
24,player,678,0,0,1792.47,322.65,1840.48,479.64,21
24,player,679,0,0,1796.15,322.04,1843.94,479.02,21
24,player,680,0,0,1799.84,321.43,1847.4,478.41,21
24,player,681,0,0,1803.52,320.81,1850.85,477.79,21
24,player,682,0,0,1807.2,320.2,1854.31,477.18,21
24,player,683,0,0,1810.88,319.59,1857.77,476.57,21
24,player,684,0,0,1814.56,318.97,1861.22,475.95,21
24,player,685,0,0,1818.24,318.36,1864.68,475.34,21
24,player,686,0,0,1821.92,317.75,1868.14,474.73,21
24,player,687,0,0,1825.6,317.13,1871.6,474.11,21
24,player,688,0,0,1829.29,316.52,1875.05,473.5,21
24,player,689,0,0,1832.97,315.9,1878.51,472.89,21
24,player,690,0,0,1836.65,315.29,1881.97,472.27,21
24,player,691,0,0,1840.33,314.68,1885.43,471.66,21
24,player,692,0,0,1844.01,314.06,1888.88,471.05,21
24,player,693,0,0,1847.69,313.45,1892.34,470.43,21
24,player,694,0,0,1851.37,312.84,1895.8,469.82,21
24,player,695,0,0,1855.05,312.22,1899.26,469.21,21
24,player,696,0,0,1858.74,311.61,1902.71,468.59,21
24,player,697,0,0,1862.42,311.0,1906.17,467.98,21
24,player,698,0,0,1866.1,310.38,1909.63,467.36,21
24,player,699,0,0,1869.78,309.77,1913.09,466.75,21
24,player,700,0,0,1873.46,309.16,1916.54,466.14,21
24,player,701,0,0,1877.14,308.54,1920.0,465.52,21
24,player,702,0,0,1870.2,308.01,1914.3,463.03,21
24,player,703,0,0,1863.25,307.47,1908.6,460.54,21
24,player,704,0,0,1856.31,306.94,1902.9,458.04,21
24,player,705,0,0,1849.36,306.4,1897.2,455.55,21
24,player,706,0,0,1842.42,305.87,1891.5,453.06,21
24,player,707,0,0,1835.47,305.33,1885.8,450.56,21
24,player,708,0,0,1828.53,304.8,1880.1,448.07,21
24,player,709,0,0,1821.58,304.27,1874.4,445.57,21
24,player,710,0,0,1814.64,303.73,1868.7,443.08,21
24,player,711,0,0,1807.69,303.2,1863.0,440.59,21
24,player,712,0,0,1800.75,302.66,1857.3,438.09,21
24,player,713,0,0,1793.8,302.13,1851.6,435.6,21
24,player,714,0,0,1785.89,303.41,1843.69,436.88,21
24,player,715,0,0,1777.98,304.69,1835.78,438.17,21
24,player,716,0,0,1770.07,305.98,1827.87,439.45,21
24,player,717,0,0,1762.16,307.26,1819.96,440.73,21
24,player,718,0,0,1754.25,308.54,1812.05,442.01,21
24,player,719,0,0,1746.33,309.82,1804.13,443.3,21
24,player,720,0,0,1738.42,311.11,1796.22,444.58,21
24,player,721,0,0,1730.51,312.39,1788.31,445.86,21
24,player,722,0,0,1722.6,313.67,1780.4,447.15,21
24,player,723,0,0,1714.69,314.96,1772.49,448.43,21
24,player,724,0,0,1704.18,315.5,1761.98,448.97,21
24,player,725,0,0,1693.67,316.05,1751.47,449.52,21
24,player,726,0,0,1683.17,316.59,1740.97,450.07,21
24,player,727,0,0,1672.66,317.14,1730.46,450.61,21
24,player,728,0,0,1662.15,317.69,1719.95,451.16,21
24,player,729,0,0,1651.64,318.23,1709.44,451.7,21
24,player,730,0,0,1641.13,318.78,1698.93,452.25,21
24,player,731,0,0,1630.62,319.32,1688.42,452.8,21
24,player,732,0,0,1620.12,319.87,1677.92,453.34,21
24,player,733,0,0,1609.61,320.42,1667.41,453.89,21
24,player,734,0,0,1599.1,320.96,1656.9,454.43,21
24,player,735,0,0,1588.59,321.51,1646.39,454.98,21
24,player,736,0,0,1578.08,322.05,1635.88,455.52,21
24,player,737,0,0,1567.57,322.6,1625.37,456.07,21
24,player,738,0,0,1557.06,323.14,1614.86,456.62,21
24,player,739,0,0,1546.56,323.69,1604.36,457.16,21
24,player,740,0,0,1536.05,324.24,1593.85,457.71,21
24,player,741,0,0,1525.54,324.78,1583.34,458.25,21
24,player,742,0,0,1515.03,325.33,1572.83,458.8,21
24,player,743,0,0,1504.52,325.87,1562.32,459.35,21
24,player,744,0,0,1494.01,326.42,1551.81,459.89,21
24,player,745,0,0,1483.5,326.97,1541.3,460.44,21
24,player,746,0,0,1473.0,327.51,1530.8,460.98,21
24,player,747,0,0,1462.49,328.06,1520.29,461.53,21
24,player,748,0,0,1451.98,328.6,1509.78,462.08,21
24,player,749,0,0,1441.47,329.15,1499.27,462.62,21
24,player,750,0,0,1430.96,329.7,1488.76,463.17,21
24,player,751,0,0,1420.45,330.24,1478.25,463.71,21
24,player,752,0,0,1409.95,330.79,1467.75,464.26,21
24,player,753,0,0,1399.44,331.33,1457.24,464.81,21
24,player,754,0,0,1388.93,331.88,1446.73,465.35,21
24,player,755,0,0,1378.42,332.42,1436.22,465.9,21
24,player,756,0,0,1367.91,332.97,1425.71,466.44,21
24,player,757,0,0,1357.4,333.52,1415.2,466.99,21
24,player,758,0,0,1346.89,334.06,1404.69,467.53,21
24,player,759,0,0,1336.39,334.61,1394.19,468.08,21
24,player,760,0,0,1325.88,335.15,1383.68,468.63,21
24,player,761,0,0,1315.37,335.7,1373.17,469.17,21
24,player,762,0,0,1304.86,336.25,1362.66,469.72,21
24,player,763,0,0,1294.35,336.79,1352.15,470.26,21
24,player,764,0,0,1283.84,337.34,1341.64,470.81,21
24,player,765,0,0,1273.34,337.88,1331.14,471.36,21
24,player,766,0,0,1262.83,338.43,1320.63,471.9,21
24,player,767,0,0,1252.32,338.98,1310.12,472.45,21
24,player,768,0,0,1241.81,339.52,1299.61,472.99,21
24,player,769,0,0,1231.3,340.07,1289.1,473.54,21
24,player,770,0,0,1220.79,340.61,1278.59,474.09,21
24,player,771,0,0,1208.11,343.75,1265.91,477.22,21
24,player,772,0,0,1195.42,346.89,1253.22,480.36,21
24,player,773,0,0,1182.73,350.02,1240.53,483.49,21
24,player,774,0,0,1170.05,353.16,1227.85,486.63,21
24,player,775,0,0,1157.36,356.29,1215.16,489.76,21
24,player,776,0,0,1144.68,359.43,1202.48,492.9,21
24,player,777,0,0,1131.99,362.56,1189.79,496.04,21
24,player,778,0,0,1119.3,365.7,1177.1,499.17,21
24,player,779,0,0,1106.62,368.84,1164.42,502.31,21
24,player,780,0,0,1093.93,371.97,1151.73,505.44,21
24,player,781,0,0,1081.25,375.11,1139.05,508.58,21
24,player,782,0,0,1068.56,378.24,1126.36,511.72,21
24,player,783,0,0,1055.87,381.38,1113.67,514.85,21
24,player,784,0,0,1043.19,384.52,1100.99,517.99,21
24,player,785,0,0,1030.5,387.65,1088.3,521.12,21
24,player,786,0,0,1031.4,388.93,1089.2,522.41,21
24,player,787,0,0,1032.3,390.22,1090.1,523.69,21
24,player,788,0,0,1033.2,391.5,1091.0,524.97,21
24,player,789,0,0,1034.09,392.78,1091.89,526.25,21
24,player,790,0,0,1034.99,394.07,1092.79,527.54,21
24,player,791,0,0,1035.89,395.35,1093.69,528.82,21
24,player,792,0,0,1036.79,396.63,1094.59,530.1,21
24,player,793,0,0,1037.69,397.91,1095.49,531.39,21
24,player,794,0,0,1038.58,399.2,1096.38,532.67,21
24,player,795,0,0,1039.48,400.48,1097.28,533.95,21
24,player,796,0,0,1040.38,401.76,1098.18,535.23,21
24,player,797,0,0,1041.28,403.05,1099.08,536.52,21
24,player,798,0,0,1042.18,404.33,1099.98,537.8,21
24,player,799,0,0,1043.07,405.61,1100.87,539.08,21
24,player,800,0,0,1043.97,406.89,1101.77,540.37,21
24,player,801,0,0,1044.87,408.18,1102.67,541.65,21
24,player,802,0,0,1045.77,409.46,1103.57,542.93,21
24,player,803,0,0,1046.67,410.74,1104.47,544.21,21
24,player,804,0,0,1047.56,412.03,1105.36,545.5,21
24,player,805,0,0,1048.46,413.31,1106.26,546.78,21
24,player,806,0,0,1049.36,414.59,1107.16,548.06,21
24,player,807,0,0,1050.26,415.87,1108.06,549.35,21
24,player,808,0,0,1051.16,417.16,1108.96,550.63,21
24,player,809,0,0,1052.05,418.44,1109.85,551.91,21
24,player,810,0,0,1052.95,419.72,1110.75,553.19,21
24,player,811,0,0,1053.85,421.01,1111.65,554.48,21
24,player,812,0,0,1054.75,422.29,1112.55,555.76,21
24,player,813,0,0,1055.65,423.57,1113.45,557.04,21
24,player,814,0,0,1056.54,424.85,1114.34,558.33,21
24,player,815,0,0,1057.44,426.14,1115.24,559.61,21
24,player,816,0,0,1058.34,427.42,1116.14,560.89,21
24,player,817,0,0,1059.24,428.7,1117.04,562.17,21
24,player,818,0,0,1060.14,429.99,1117.94,563.46,21
24,player,819,0,0,1061.03,431.27,1118.83,564.74,21
24,player,820,0,0,1061.93,432.55,1119.73,566.02,21
24,player,821,0,0,1062.83,433.83,1120.63,567.31,21
24,player,822,0,0,1063.73,435.12,1121.53,568.59,21
24,player,823,0,0,1064.63,436.4,1122.43,569.87,21
24,player,824,0,0,1065.52,437.68,1123.32,571.15,21
24,player,825,0,0,1066.42,438.97,1124.22,572.44,21
24,player,826,0,0,1067.32,440.25,1125.12,573.72,21
24,player,827,0,0,1068.22,441.53,1126.02,575.0,21
24,player,828,0,0,1069.12,442.81,1126.92,576.29,21
24,player,829,0,0,1070.01,444.1,1127.81,577.57,21
24,player,830,0,0,1070.91,445.38,1128.71,578.85,21
24,player,831,0,0,1071.81,446.66,1129.61,580.13,21
24,player,832,0,0,1072.71,447.95,1130.51,581.42,21
24,player,833,0,0,1073.61,449.23,1131.41,582.7,21
24,player,834,0,0,1074.5,450.51,1132.3,583.98,21
24,player,835,0,0,1075.4,451.79,1133.2,585.27,21
24,player,836,0,0,1082.38,452.81,1140.18,586.28,21
24,player,837,0,0,1089.36,453.82,1147.16,587.29,21
24,player,838,0,0,1096.33,454.83,1154.13,588.3,21
24,player,839,0,0,1103.31,455.85,1161.11,589.32,21
24,player,840,0,0,1110.29,456.86,1168.09,590.33,21
24,player,841,0,0,1117.26,457.87,1175.06,591.34,21
24,player,842,0,0,1124.24,458.88,1182.04,592.36,21
24,player,843,0,0,1131.22,459.9,1189.02,593.37,21
24,player,844,0,0,1138.19,460.91,1195.99,594.38,21
24,player,845,0,0,1145.17,461.92,1202.97,595.39,21
24,player,846,0,0,1152.15,462.93,1209.95,596.41,21
24,player,847,0,0,1159.12,463.95,1216.92,597.42,21
24,player,848,0,0,1166.1,464.96,1223.9,598.43,21
24,player,849,0,0,1173.08,465.97,1230.88,599.45,21
24,player,850,0,0,1180.06,466.99,1237.86,600.46,21
24,player,851,0,0,1187.03,468.0,1244.83,601.47,21
24,player,852,0,0,1194.01,469.01,1251.81,602.48,21
24,player,853,0,0,1200.99,470.02,1258.79,603.5,21
24,player,854,0,0,1207.96,471.04,1265.76,604.51,21
24,player,855,0,0,1206.59,471.04,1265.76,604.51,21
24,player,856,0,0,1205.21,471.04,1265.76,604.51,21
24,player,857,0,0,1203.84,471.04,1265.76,604.51,21
24,player,858,0,0,1202.46,471.04,1265.76,604.51,21
24,player,859,0,0,1201.08,471.04,1265.76,604.51,21
24,player,860,0,0,1199.71,471.04,1265.76,604.51,21
24,player,861,0,0,1198.33,471.04,1265.76,604.51,21
24,player,862,0,0,1196.96,471.04,1265.76,604.51,21
24,player,863,0,0,1195.58,471.04,1265.76,604.51,21
24,player,864,0,0,1194.2,471.04,1265.76,604.51,21
24,player,865,0,0,1192.83,471.04,1265.76,604.51,21
24,player,866,0,0,1191.45,471.04,1265.76,604.51,21
24,player,867,0,0,1190.08,471.04,1265.76,604.51,21
24,player,868,0,0,1188.7,471.04,1265.76,604.51,21
24,player,869,0,0,1187.63,470.24,1264.69,603.71,21
24,player,870,0,0,1186.56,469.43,1263.63,602.91,21
24,player,871,0,0,1185.49,468.63,1262.56,602.1,21
24,player,872,0,0,1184.42,467.83,1261.49,601.3,21
24,player,873,0,0,1183.36,467.03,1260.42,600.5,21
24,player,874,0,0,1182.29,466.23,1259.35,599.7,21
24,player,875,0,0,1181.22,465.42,1258.28,598.9,21
24,player,876,0,0,1180.15,464.62,1257.21,598.1,21
24,player,877,0,0,1180.15,464.62,1257.21,598.1,21
24,player,878,0,0,1180.15,464.62,1257.21,598.1,21
24,player,879,0,0,1180.15,464.62,1257.21,598.1,21
24,player,880,0,0,1180.15,464.62,1257.21,598.1,21
24,player,881,0,0,1180.15,464.62,1257.21,598.1,21
24,player,882,0,0,1180.15,464.62,1257.21,598.1,21
24,player,883,0,0,1180.15,464.62,1257.21,598.1,21
24,player,884,0,0,1180.15,464.62,1257.21,598.1,21
24,player,885,0,0,1180.15,464.62,1257.21,598.1,21
24,player,886,0,0,1180.15,464.62,1257.21,598.1,21
24,player,887,0,0,1180.15,464.62,1257.21,598.1,21
24,player,888,0,0,1180.15,464.62,1257.21,598.1,21
24,player,889,0,0,1180.15,464.62,1257.21,598.1,21
24,player,890,0,0,1180.15,464.62,1257.21,598.1,21
24,player,891,0,0,1180.15,464.62,1257.21,598.1,21
24,player,892,0,0,1180.15,464.62,1257.21,598.1,21
24,player,893,0,0,1180.15,464.62,1257.21,598.1,21
24,player,894,0,0,1180.15,464.62,1257.21,598.1,21
24,player,895,0,0,1180.15,464.62,1257.21,598.1,21
24,player,896,0,0,1180.15,464.62,1257.21,598.1,21
24,player,897,0,0,1180.15,464.62,1257.21,598.1,21
24,player,898,0,0,1180.15,464.62,1257.21,598.1,21
24,player,899,0,0,1180.15,464.62,1257.21,598.1,21
25,player,340,0,0,1380.77,337.28,1449.37,494.27,27
25,player,341,0,0,1376.65,336.12,1445.25,493.1,27
25,player,342,0,0,1372.53,334.96,1441.13,491.94,27
25,player,343,0,0,1368.41,333.8,1437.01,490.78,27
25,player,344,0,0,1364.29,332.64,1432.89,489.62,27
25,player,345,0,0,1360.17,331.47,1428.77,488.46,27
25,player,346,0,0,1356.05,330.31,1424.65,487.29,27
25,player,347,0,0,1351.93,329.15,1420.53,486.13,27
25,player,348,0,0,1347.81,327.99,1416.41,484.97,27
25,player,349,0,0,1343.69,326.83,1412.29,483.81,27
25,player,350,0,0,1339.57,325.66,1408.17,482.65,27
25,player,351,0,0,1335.45,324.5,1404.05,481.48,27
25,player,352,0,0,1331.33,323.34,1399.93,480.32,27
25,player,353,0,0,1327.21,322.18,1395.81,479.16,27
25,player,354,0,0,1323.09,321.02,1391.69,478.0,27
25,player,355,0,0,1318.97,319.85,1387.58,476.84,27
25,player,356,0,0,1314.85,318.69,1383.46,475.67,27
25,player,357,0,0,1310.74,317.53,1379.34,474.51,27
25,player,358,0,0,1306.62,316.37,1375.22,473.35,27
25,player,359,0,0,1302.5,315.21,1371.1,472.19,27
25,player,360,0,0,1298.38,314.04,1366.98,471.03,27
25,player,361,0,0,1294.26,312.88,1362.86,469.86,27
25,player,362,0,0,1290.14,311.72,1358.74,468.7,27
25,player,363,0,0,1286.02,310.56,1354.62,467.54,27
25,player,364,0,0,1281.9,309.4,1350.5,466.38,27
25,player,365,0,0,1280.88,310.24,1349.48,467.22,27
25,player,366,0,0,1279.87,311.09,1348.47,468.07,27
25,player,367,0,0,1278.86,311.93,1347.46,468.91,27
25,player,368,0,0,1277.84,312.78,1346.44,469.76,27
25,player,369,0,0,1276.83,313.62,1345.43,470.6,27
25,player,370,0,0,1275.81,314.47,1344.41,471.45,27
25,player,371,0,0,1274.8,315.31,1343.4,472.29,27
25,player,372,0,0,1273.78,316.16,1342.39,473.14,27
25,player,373,0,0,1272.77,317.0,1341.37,473.98,27
25,player,374,0,0,1271.76,317.85,1340.36,474.83,27
25,player,375,0,0,1270.74,318.69,1339.34,475.67,27
25,player,376,0,0,1269.73,319.54,1338.33,476.52,27
25,player,377,0,0,1268.71,320.38,1337.31,477.36,27
25,player,378,0,0,1267.7,321.23,1336.3,478.21,27
25,player,379,0,0,1266.69,322.07,1335.29,479.05,27
25,player,380,0,0,1265.67,322.92,1334.27,479.9,27
25,player,381,0,0,1264.66,323.76,1333.26,480.74,27
25,player,382,0,0,1263.64,324.61,1332.24,481.59,27
25,player,383,0,0,1262.63,325.45,1331.23,482.43,27
25,player,384,0,0,1261.62,326.3,1330.22,483.28,27
25,player,385,0,0,1260.6,327.14,1329.2,484.13,27
25,player,386,0,0,1259.59,327.99,1328.19,484.97,27
25,player,387,0,0,1258.57,328.83,1327.17,485.82,27
25,player,388,0,0,1257.56,329.68,1326.16,486.66,27
25,player,389,0,0,1256.55,330.52,1325.15,487.51,27
25,player,390,0,0,1255.53,331.37,1324.13,488.35,27
25,player,391,0,0,1254.52,332.21,1323.12,489.2,27
25,player,392,0,0,1253.5,333.06,1322.1,490.04,27
25,player,393,0,0,1252.49,333.9,1321.09,490.89,27
25,player,394,0,0,1251.47,334.75,1320.08,491.73,27
25,player,395,0,0,1253.54,335.5,1322.14,492.48,27
25,player,396,0,0,1255.61,336.25,1324.21,493.23,27
25,player,397,0,0,1257.67,337.0,1326.27,493.98,27
25,player,398,0,0,1259.74,337.75,1328.34,494.74,27
25,player,399,0,0,1261.8,338.5,1330.4,495.49,27
25,player,400,0,0,1263.87,339.26,1332.47,496.24,27
25,player,401,0,0,1265.93,340.01,1334.54,496.99,27
25,player,402,0,0,1268.0,340.76,1336.6,497.74,27
25,player,403,0,0,1270.07,341.51,1338.67,498.49,27
25,player,404,0,0,1272.13,342.26,1340.73,499.24,27
25,player,405,0,0,1274.2,343.01,1342.8,499.99,27
25,player,406,0,0,1276.26,343.76,1344.86,500.74,27
25,player,407,0,0,1278.33,344.51,1346.93,501.5,27
25,player,408,0,0,1280.4,345.27,1349.0,502.25,27
25,player,409,0,0,1282.46,346.02,1351.06,503.0,27
25,player,410,0,0,1284.53,346.77,1353.13,503.75,27
25,player,411,0,0,1286.59,347.52,1355.19,504.5,27
25,player,412,0,0,1288.66,348.27,1357.26,505.25,27
25,player,413,0,0,1290.72,349.02,1359.32,506.0,27
25,player,414,0,0,1292.79,349.77,1361.39,506.75,27
25,player,415,0,0,1294.86,350.52,1363.46,507.51,27
25,player,416,0,0,1296.92,351.27,1365.52,508.26,27
25,player,417,0,0,1298.99,352.03,1367.59,509.01,27
25,player,418,0,0,1301.05,352.78,1369.65,509.76,27
25,player,419,0,0,1303.12,353.53,1371.72,510.51,27
25,player,420,0,0,1305.18,354.28,1373.78,511.26,27
25,player,421,0,0,1307.25,355.03,1375.85,512.01,27
25,player,422,0,0,1315.7,356.93,1384.3,513.91,27
25,player,423,0,0,1324.15,358.83,1392.75,515.82,27
25,player,424,0,0,1332.6,360.73,1401.2,517.72,27
25,player,425,0,0,1341.05,362.64,1409.65,519.62,27
25,player,426,0,0,1349.5,364.54,1418.1,521.52,27
25,player,427,0,0,1357.95,366.44,1426.55,523.42,27
25,player,428,0,0,1366.4,368.34,1435.01,525.32,27
25,player,429,0,0,1374.86,370.24,1443.46,527.22,27
25,player,430,0,0,1383.31,372.14,1451.91,529.13,27
25,player,431,0,0,1391.76,374.04,1460.36,531.03,27
25,player,432,0,0,1400.21,375.95,1468.81,532.93,27
25,player,433,0,0,1408.66,377.85,1477.26,534.83,27
25,player,434,0,0,1410.75,377.58,1479.35,534.56,27
25,player,435,0,0,1412.84,377.31,1481.44,534.3,27
25,player,436,0,0,1414.93,377.05,1483.53,534.03,27
25,player,437,0,0,1417.02,376.78,1485.62,533.76,27
25,player,438,0,0,1419.11,376.51,1487.71,533.5,27
25,player,439,0,0,1421.2,376.25,1489.8,533.23,27
25,player,440,0,0,1423.29,375.98,1491.89,532.96,27
25,player,441,0,0,1425.38,375.71,1493.98,532.69,27
25,player,442,0,0,1427.47,375.45,1496.07,532.43,27
25,player,443,0,0,1429.56,375.18,1498.16,532.16,27
25,player,444,0,0,1431.65,374.91,1500.25,531.89,27
25,player,445,0,0,1433.74,374.65,1502.34,531.63,27
25,player,446,0,0,1435.83,374.38,1504.43,531.36,27
25,player,447,0,0,1437.92,374.11,1506.52,531.09,27
25,player,448,0,0,1440.01,373.84,1508.62,530.83,27
25,player,449,0,0,1442.11,373.58,1510.71,530.56,27
25,player,450,0,0,1444.2,373.31,1512.8,530.29,27
25,player,451,0,0,1446.29,373.04,1514.89,530.03,27
25,player,452,0,0,1448.38,372.78,1516.98,529.76,27
25,player,453,0,0,1450.47,372.51,1519.07,529.49,27
25,player,454,0,0,1452.56,372.24,1521.16,529.23,27
25,player,455,0,0,1454.65,371.98,1523.25,528.96,27
25,player,456,0,0,1456.74,371.71,1525.34,528.69,27
25,player,457,0,0,1458.83,371.44,1527.43,528.42,27
25,player,458,0,0,1460.92,371.18,1529.52,528.16,27
25,player,459,0,0,1463.01,370.91,1531.61,527.89,27
25,player,460,0,0,1465.1,370.64,1533.7,527.62,27
25,player,461,0,0,1467.19,370.38,1535.79,527.36,27
25,player,462,0,0,1469.28,370.11,1537.88,527.09,27
25,player,463,0,0,1471.37,369.84,1539.97,526.82,27
25,player,464,0,0,1473.46,369.58,1542.06,526.56,27
25,player,465,0,0,1475.55,369.31,1544.15,526.29,27
25,player,466,0,0,1477.64,369.04,1546.24,526.02,27
25,player,467,0,0,1479.73,368.77,1548.33,525.76,27
25,player,468,0,0,1481.82,368.51,1550.42,525.49,27
25,player,469,0,0,1483.91,368.24,1552.51,525.22,27
25,player,470,0,0,1486.0,367.97,1554.6,524.96,27
25,player,471,0,0,1488.09,367.71,1556.69,524.69,27
25,player,472,0,0,1490.18,367.44,1558.79,524.42,27
25,player,473,0,0,1492.28,367.17,1560.88,524.16,27
25,player,474,0,0,1494.37,366.91,1562.97,523.89,27
25,player,475,0,0,1496.46,366.64,1565.06,523.62,27
25,player,476,0,0,1498.55,366.37,1567.15,523.35,27
25,player,477,0,0,1500.64,366.11,1569.24,523.09,27
25,player,478,0,0,1502.73,365.84,1571.33,522.82,27
25,player,479,0,0,1504.82,365.57,1573.42,522.55,27
25,player,480,0,0,1506.91,365.31,1575.51,522.29,27
25,player,481,0,0,1509.0,365.04,1577.6,522.02,27
25,player,482,0,0,1511.09,364.77,1579.69,521.75,27
25,player,483,0,0,1513.18,364.5,1581.78,521.49,27
25,player,484,0,0,1515.27,364.24,1583.87,521.22,27
25,player,485,0,0,1517.36,363.97,1585.96,520.95,27
25,player,486,0,0,1519.45,363.7,1588.05,520.69,27
25,player,487,0,0,1521.54,363.44,1590.14,520.42,27
25,player,488,0,0,1523.63,363.17,1592.23,520.15,27
25,player,489,0,0,1525.72,362.9,1594.32,519.89,27
25,player,490,0,0,1527.81,362.64,1596.41,519.62,27
25,player,491,0,0,1529.51,362.56,1598.11,519.54,27
25,player,492,0,0,1531.2,362.49,1599.8,519.47,27
25,player,493,0,0,1532.9,362.42,1601.5,519.4,27
25,player,494,0,0,1534.6,362.34,1603.2,519.32,27
25,player,495,0,0,1536.29,362.27,1604.89,519.25,27
25,player,496,0,0,1537.99,362.19,1606.59,519.18,27
25,player,497,0,0,1539.68,362.12,1608.28,519.1,27
25,player,498,0,0,1541.38,362.05,1609.98,519.03,27
25,player,499,0,0,1543.07,361.97,1611.67,518.96,27
25,player,500,0,0,1544.77,361.9,1613.37,518.88,27
25,player,501,0,0,1546.47,361.83,1615.07,518.81,27
25,player,502,0,0,1548.16,361.75,1616.76,518.73,27
25,player,503,0,0,1549.86,361.68,1618.46,518.66,27
25,player,504,0,0,1551.55,361.6,1620.15,518.59,27
25,player,505,0,0,1553.25,361.53,1621.85,518.51,27
25,player,506,0,0,1554.94,361.46,1623.55,518.44,27
25,player,507,0,0,1556.64,361.38,1625.24,518.37,27
25,player,508,0,0,1558.34,361.31,1626.94,518.29,27
25,player,509,0,0,1560.03,361.24,1628.63,518.22,27
25,player,510,0,0,1561.73,361.16,1630.33,518.14,27
25,player,511,0,0,1563.42,361.09,1632.02,518.07,27
25,player,512,0,0,1565.12,361.02,1633.72,518.0,27
25,player,513,0,0,1566.81,360.94,1635.42,517.92,27
25,player,514,0,0,1568.51,360.87,1637.11,517.85,27
25,player,515,0,0,1570.21,360.79,1638.81,517.78,27
25,player,516,0,0,1571.9,360.72,1640.5,517.7,27
25,player,517,0,0,1573.6,360.65,1642.2,517.63,27
25,player,518,0,0,1575.29,360.57,1643.89,517.55,27
25,player,519,0,0,1576.99,360.5,1645.59,517.48,27
25,player,520,0,0,1578.89,360.86,1647.49,517.84,27
25,player,521,0,0,1580.79,361.21,1649.39,518.19,27
25,player,522,0,0,1582.69,361.57,1651.29,518.55,27
25,player,523,0,0,1584.59,361.92,1653.19,518.91,27
25,player,524,0,0,1586.49,362.28,1655.09,519.26,27
25,player,525,0,0,1588.39,362.64,1656.99,519.62,27
25,player,526,0,0,1590.29,362.99,1658.89,519.98,27
25,player,527,0,0,1592.19,363.35,1660.79,520.33,27
25,player,528,0,0,1594.09,363.71,1662.69,520.69,27
25,player,529,0,0,1595.99,364.06,1664.59,521.04,27
25,player,530,0,0,1597.89,364.42,1666.5,521.4,27
25,player,531,0,0,1599.8,364.78,1668.4,521.76,27
25,player,532,0,0,1601.7,365.13,1670.3,522.11,27
25,player,533,0,0,1603.6,365.49,1672.2,522.47,27
25,player,534,0,0,1605.5,365.84,1674.1,522.83,27
25,player,535,0,0,1607.4,366.2,1676.0,523.18,27
25,player,536,0,0,1609.3,366.56,1677.9,523.54,27
25,player,537,0,0,1611.2,366.91,1679.8,523.89,27
25,player,538,0,0,1611.59,367.0,1680.19,523.98,27
25,player,539,0,0,1611.98,367.09,1680.58,524.07,27
25,player,540,0,0,1612.38,367.17,1680.98,524.16,27
25,player,541,0,0,1612.77,367.26,1681.37,524.24,27
25,player,542,0,0,1613.16,367.35,1681.76,524.33,27
25,player,543,0,0,1613.55,367.44,1682.16,524.42,27
25,player,544,0,0,1613.95,367.52,1682.55,524.51,27
25,player,545,0,0,1614.34,367.61,1682.94,524.59,27
25,player,546,0,0,1614.73,367.7,1683.33,524.68,27
25,player,547,0,0,1615.13,367.79,1683.73,524.77,27
25,player,548,0,0,1615.52,367.87,1684.12,524.85,27
25,player,549,0,0,1615.91,367.96,1684.51,524.94,27
25,player,550,0,0,1616.3,368.05,1684.9,525.03,27
25,player,551,0,0,1616.7,368.13,1685.3,525.12,27
25,player,552,0,0,1617.09,368.22,1685.69,525.2,27
25,player,553,0,0,1617.48,368.31,1686.08,525.29,27
25,player,554,0,0,1617.87,368.4,1686.48,525.38,27
25,player,555,0,0,1618.27,368.48,1686.87,525.47,27
25,player,556,0,0,1618.66,368.57,1687.26,525.55,27
25,player,557,0,0,1619.05,368.66,1687.65,525.64,27
25,player,558,0,0,1619.45,368.75,1688.05,525.73,27
25,player,559,0,0,1619.84,368.83,1688.44,525.81,27
25,player,560,0,0,1620.23,368.92,1688.83,525.9,27
25,player,561,0,0,1620.62,369.01,1689.22,525.99,27
25,player,562,0,0,1621.02,369.09,1689.62,526.08,27
25,player,563,0,0,1621.41,369.18,1690.01,526.16,27
25,player,564,0,0,1621.8,369.27,1690.4,526.25,27
25,player,565,0,0,1622.19,369.36,1690.79,526.34,27
25,player,566,0,0,1622.59,369.44,1691.19,526.43,27
25,player,567,0,0,1622.98,369.53,1691.58,526.51,27
25,player,568,0,0,1623.37,369.62,1691.97,526.6,27
25,player,569,0,0,1623.77,369.71,1692.37,526.69,27
25,player,570,0,0,1624.16,369.79,1692.76,526.77,27
25,player,571,0,0,1624.55,369.88,1693.15,526.86,27
25,player,572,0,0,1624.94,369.97,1693.54,526.95,27
25,player,573,0,0,1625.34,370.05,1693.94,527.04,27
25,player,574,0,0,1625.73,370.14,1694.33,527.12,27
25,player,575,0,0,1626.12,370.23,1694.72,527.21,27
25,player,576,0,0,1626.51,370.32,1695.11,527.3,27
25,player,577,0,0,1626.91,370.4,1695.51,527.39,27
25,player,578,0,0,1627.3,370.49,1695.9,527.47,27
25,player,579,0,0,1627.69,370.58,1696.29,527.56,27
25,player,580,0,0,1628.09,370.67,1696.69,527.65,27
25,player,581,0,0,1628.48,370.75,1697.08,527.73,27
25,player,582,0,0,1628.87,370.84,1697.47,527.82,27
25,player,583,0,0,1629.26,370.93,1697.86,527.91,27
25,player,584,0,0,1629.66,371.01,1698.26,528.0,27
25,player,585,0,0,1630.05,371.1,1698.65,528.08,27
25,player,586,0,0,1630.44,371.19,1699.04,528.17,27
25,player,587,0,0,1630.44,371.19,1699.04,528.17,27
25,player,588,0,0,1630.44,371.19,1699.04,528.17,27
25,player,589,0,0,1630.44,371.19,1699.04,528.17,27
25,player,590,0,0,1630.44,371.19,1699.04,528.17,27
25,player,591,0,0,1630.44,371.19,1699.04,528.17,27
25,player,592,0,0,1630.44,371.19,1699.04,528.17,27
25,player,593,0,0,1630.44,371.19,1699.04,528.17,27
25,player,594,0,0,1630.44,371.19,1699.04,528.17,27
25,player,595,0,0,1630.44,371.19,1699.04,528.17,27
25,player,596,0,0,1630.44,371.19,1699.04,528.17,27
25,player,597,0,0,1630.44,371.19,1699.04,528.17,27
25,player,598,0,0,1630.44,371.19,1699.04,528.17,27
25,player,599,0,0,1630.44,371.19,1699.04,528.17,27
25,player,600,0,0,1630.44,371.19,1699.04,528.17,27
25,player,601,0,0,1630.44,371.19,1699.04,528.17,27
25,player,602,0,0,1630.44,371.19,1699.04,528.17,27
25,player,603,0,0,1630.44,371.19,1699.04,528.17,27
25,player,604,0,0,1630.44,371.19,1699.04,528.17,27
25,player,605,0,0,1630.44,371.19,1699.04,528.17,27
25,player,606,0,0,1630.44,371.19,1699.04,528.17,27
25,player,607,0,0,1630.44,371.19,1699.04,528.17,27
25,player,608,0,0,1630.44,371.19,1699.04,528.17,27
25,player,609,0,0,1630.44,371.19,1699.04,528.17,27
25,player,610,0,0,1630.44,371.19,1699.04,528.17,27
25,player,611,0,0,1630.44,371.19,1699.04,528.17,27
25,player,612,0,0,1630.44,371.19,1699.04,528.17,27
25,player,613,0,0,1630.44,371.19,1699.04,528.17,27
25,player,614,0,0,1630.44,371.19,1699.04,528.17,27
25,player,615,0,0,1630.44,371.19,1699.04,528.17,27
25,player,616,0,0,1630.44,371.19,1699.04,528.17,27
25,player,617,0,0,1630.44,371.19,1699.04,528.17,27
25,player,618,0,0,1630.44,371.19,1699.04,528.17,27
25,player,619,0,0,1630.44,371.19,1699.04,528.17,27
25,player,620,0,0,1630.44,371.19,1699.04,528.17,27
25,player,621,0,0,1630.44,371.19,1699.04,528.17,27
25,player,622,0,0,1630.44,371.19,1699.04,528.17,27
25,player,623,0,0,1630.44,371.19,1699.04,528.17,27
25,player,624,0,0,1630.44,371.19,1699.04,528.17,27
25,player,625,0,0,1630.44,371.19,1699.04,528.17,27
25,player,626,0,0,1630.44,371.19,1699.04,528.17,27
25,player,627,0,0,1630.44,371.19,1699.04,528.17,27
25,player,628,0,0,1630.44,371.19,1699.04,528.17,27
25,player,629,0,0,1630.44,371.19,1699.04,528.17,27
25,player,630,0,0,1630.44,371.19,1699.04,528.17,27
25,player,631,0,0,1630.44,371.19,1699.04,528.17,27
25,player,632,0,0,1630.44,371.19,1699.04,528.17,27
25,player,633,0,0,1630.44,371.19,1699.04,528.17,27
25,player,634,0,0,1630.44,371.19,1699.04,528.17,27
25,player,635,0,0,1630.44,371.19,1699.04,528.17,27
25,player,636,0,0,1630.44,371.19,1699.04,528.17,27
25,player,637,0,0,1630.44,371.19,1699.04,528.17,27
25,player,638,0,0,1630.44,371.19,1699.04,528.17,27
25,player,639,0,0,1630.44,371.19,1699.04,528.17,27
25,player,640,0,0,1630.44,371.19,1699.04,528.17,27
25,player,641,0,0,1630.44,371.19,1699.04,528.17,27
25,player,642,0,0,1630.44,371.19,1699.04,528.17,27
25,player,643,0,0,1630.44,371.19,1699.04,528.17,27
25,player,644,0,0,1630.44,371.19,1699.04,528.17,27
25,player,645,0,0,1630.44,371.19,1699.04,528.17,27
25,player,646,0,0,1630.44,371.19,1699.04,528.17,27
25,player,647,0,0,1630.44,371.19,1699.04,528.17,27
25,player,648,0,0,1630.44,371.19,1699.04,528.17,27
25,player,649,0,0,1630.44,371.19,1699.04,528.17,27
25,player,650,0,0,1630.44,371.19,1699.04,528.17,27
25,player,651,0,0,1630.44,371.19,1699.04,528.17,27
25,player,652,0,0,1630.44,371.19,1699.04,528.17,27
25,player,653,0,0,1630.44,371.19,1699.04,528.17,27
25,player,654,0,0,1630.44,371.19,1699.04,528.17,27
25,player,655,0,0,1630.44,371.19,1699.04,528.17,27
25,player,656,0,0,1630.44,371.19,1699.04,528.17,27
25,player,657,0,0,1630.44,371.19,1699.04,528.17,27
25,player,658,0,0,1630.44,371.19,1699.04,528.17,27
25,player,659,0,0,1630.44,371.19,1699.04,528.17,27
25,player,660,0,0,1630.44,371.19,1699.04,528.17,27
25,player,661,0,0,1630.44,371.19,1699.04,528.17,27
25,player,662,0,0,1630.44,371.19,1699.04,528.17,27
25,player,663,0,0,1630.44,371.19,1699.04,528.17,27
25,player,664,0,0,1630.44,371.19,1699.04,528.17,27
25,player,665,0,0,1630.44,371.19,1699.04,528.17,27
25,player,666,0,0,1630.44,371.19,1699.04,528.17,27
25,player,667,0,0,1630.44,371.19,1699.04,528.17,27
25,player,668,0,0,1630.44,371.19,1699.04,528.17,27
25,player,669,0,0,1630.44,371.19,1699.04,528.17,27
25,player,670,0,0,1630.44,371.19,1699.04,528.17,27
25,player,671,0,0,1630.44,371.19,1699.04,528.17,27
25,player,672,0,0,1630.44,371.19,1699.04,528.17,27
25,player,673,0,0,1630.44,371.19,1699.04,528.17,27
25,player,674,0,0,1630.44,371.19,1699.04,528.17,27
25,player,675,0,0,1630.44,371.19,1699.04,528.17,27
25,player,676,0,0,1630.44,371.19,1699.04,528.17,27
25,player,677,0,0,1630.44,371.19,1699.04,528.17,27
25,player,678,0,0,1630.44,371.19,1699.04,528.17,27
25,player,679,0,0,1630.44,371.19,1699.04,528.17,27
25,player,680,0,0,1630.44,371.19,1699.04,528.17,27
25,player,681,0,0,1630.44,371.19,1699.04,528.17,27
25,player,682,0,0,1630.44,371.19,1699.04,528.17,27
25,player,683,0,0,1630.44,371.19,1699.04,528.17,27
25,player,684,0,0,1630.44,371.19,1699.04,528.17,27
25,player,685,0,0,1630.44,371.19,1699.04,528.17,27
25,player,686,0,0,1630.44,371.19,1699.04,528.17,27
25,player,687,0,0,1630.44,371.19,1699.04,528.17,27
25,player,688,0,0,1630.44,371.19,1699.04,528.17,27
25,player,689,0,0,1630.44,371.19,1699.04,528.17,27
25,player,690,0,0,1630.44,371.19,1699.04,528.17,27
25,player,691,0,0,1630.44,371.19,1699.04,528.17,27
25,player,692,0,0,1630.44,371.19,1699.04,528.17,27
25,player,693,0,0,1630.44,371.19,1699.04,528.17,27
25,player,694,0,0,1630.44,371.19,1699.04,528.17,27
25,player,695,0,0,1630.44,371.19,1699.04,528.17,27
25,player,696,0,0,1630.44,371.19,1699.04,528.17,27
25,player,697,0,0,1630.44,371.19,1699.04,528.17,27
25,player,698,0,0,1630.44,371.19,1699.04,528.17,27
25,player,699,0,0,1630.44,371.19,1699.04,528.17,27
25,player,700,0,0,1630.44,371.19,1699.04,528.17,27
25,player,701,1,0,1630.44,371.19,1699.04,528.17,27
26,player,340,0,0,1540.49,578.13,1609.09,735.11,3
26,player,341,0,0,1538.48,578.97,1607.08,735.96,3
26,player,342,0,0,1536.47,579.82,1605.07,736.8,3
26,player,343,0,0,1534.47,580.66,1603.07,737.65,3
26,player,344,0,0,1532.46,581.51,1601.06,738.49,3
26,player,345,0,0,1530.45,582.35,1599.05,739.34,3
26,player,346,0,0,1528.45,583.2,1597.05,740.18,3
26,player,347,0,0,1526.44,584.04,1595.04,741.03,3
26,player,348,0,0,1524.43,584.89,1593.03,741.87,3
26,player,349,0,0,1522.42,585.73,1591.02,742.72,3
26,player,350,0,0,1520.42,586.58,1589.02,743.56,3
26,player,351,0,0,1518.41,587.43,1587.01,744.41,3
26,player,352,0,0,1516.4,588.27,1585.0,745.25,3
26,player,353,0,0,1514.4,589.12,1583.0,746.1,3
26,player,354,0,0,1512.39,589.96,1580.99,746.94,3
26,player,355,0,0,1510.38,590.81,1578.98,747.79,3
26,player,356,0,0,1508.37,591.65,1576.98,748.63,3
26,player,357,0,0,1506.37,592.5,1574.97,749.48,3
26,player,358,0,0,1504.36,593.34,1572.96,750.32,3
26,player,359,0,0,1502.35,594.19,1570.95,751.17,3
26,player,360,0,0,1500.35,595.03,1568.95,752.01,3
26,player,361,0,0,1498.34,595.88,1566.94,752.86,3
26,player,362,0,0,1496.33,596.72,1564.93,753.7,3
26,player,363,0,0,1494.33,597.57,1562.93,754.55,3
26,player,364,0,0,1492.32,598.41,1560.92,755.39,3
26,player,365,0,0,1493.67,599.93,1562.27,756.91,3
26,player,366,0,0,1495.02,601.45,1563.62,758.44,3
26,player,367,0,0,1496.37,602.97,1564.98,759.96,3
26,player,368,0,0,1497.73,604.5,1566.33,761.48,3
26,player,369,0,0,1499.08,606.02,1567.68,763.0,3
26,player,370,0,0,1500.43,607.54,1569.03,764.52,3
26,player,371,0,0,1501.78,609.06,1570.38,766.04,3
26,player,372,0,0,1503.14,610.58,1571.74,767.56,3
26,player,373,0,0,1504.49,612.1,1573.09,769.08,3
26,player,374,0,0,1505.84,613.62,1574.44,770.6,3
26,player,375,0,0,1507.19,615.14,1575.79,772.13,3
26,player,376,0,0,1508.54,616.66,1577.14,773.65,3
26,player,377,0,0,1509.9,618.19,1578.5,775.17,3
26,player,378,0,0,1511.25,619.71,1579.85,776.69,3
26,player,379,0,0,1512.6,621.23,1581.2,778.21,3
26,player,380,0,0,1513.95,622.75,1582.55,779.73,3
26,player,381,0,0,1515.3,624.27,1583.9,781.25,3
26,player,382,0,0,1516.66,625.79,1585.26,782.77,3
26,player,383,0,0,1518.01,627.31,1586.61,784.29,3
26,player,384,0,0,1519.36,628.83,1587.96,785.82,3
26,player,385,0,0,1520.71,630.35,1589.31,787.34,3
26,player,386,0,0,1522.06,631.88,1590.67,788.86,3
26,player,387,0,0,1523.42,633.4,1592.02,790.38,3
26,player,388,0,0,1524.77,634.92,1593.37,791.9,3
26,player,389,0,0,1526.12,636.44,1594.72,793.42,3
26,player,390,0,0,1527.47,637.96,1596.07,794.94,3
26,player,391,0,0,1528.83,639.48,1597.43,796.46,3
26,player,392,0,0,1530.18,641.0,1598.78,797.98,3
26,player,393,0,0,1531.53,642.52,1600.13,799.51,3
26,player,394,0,0,1532.88,644.04,1601.48,801.03,3
26,player,395,0,0,1530.35,644.04,1598.95,801.03,3
26,player,396,0,0,1527.81,644.04,1596.41,801.03,3
26,player,397,0,0,1525.28,644.04,1593.88,801.03,3
26,player,398,0,0,1522.74,644.04,1591.34,801.03,3
26,player,399,0,0,1520.21,644.04,1588.81,801.03,3
26,player,400,0,0,1517.67,644.04,1586.27,801.03,3
26,player,401,0,0,1515.14,644.04,1583.74,801.03,3
26,player,402,0,0,1512.6,644.04,1581.2,801.03,3
26,player,403,0,0,1512.76,644.86,1581.36,801.84,3
26,player,404,0,0,1512.93,645.68,1581.53,802.66,3
26,player,405,0,0,1513.09,646.5,1581.69,803.48,3
26,player,406,0,0,1513.25,647.32,1581.86,804.3,3
26,player,407,0,0,1513.42,648.13,1582.02,805.12,3
26,player,408,0,0,1513.58,648.95,1582.18,805.93,3
26,player,409,0,0,1513.75,649.77,1582.35,806.75,3
26,player,410,0,0,1513.91,650.59,1582.51,807.57,3
26,player,411,0,0,1514.07,651.41,1582.67,808.39,3
26,player,412,0,0,1514.24,652.22,1582.84,809.21,3
26,player,413,0,0,1514.4,653.04,1583.0,810.02,3
26,player,414,0,0,1514.56,653.86,1583.16,810.84,3
26,player,415,0,0,1514.73,654.68,1583.33,811.66,3
26,player,416,0,0,1514.89,655.49,1583.49,812.48,3
26,player,417,0,0,1515.05,656.31,1583.65,813.29,3
26,player,418,0,0,1515.22,657.13,1583.82,814.11,3
26,player,419,0,0,1515.38,657.95,1583.98,814.93,3
26,player,420,0,0,1515.54,658.77,1584.15,815.75,3
26,player,421,0,0,1515.71,659.58,1584.31,816.57,3
26,player,422,0,0,1515.87,660.4,1584.47,817.38,3
26,player,423,0,0,1516.04,661.22,1584.64,818.2,3
26,player,424,0,0,1516.2,662.04,1584.8,819.02,3
26,player,425,0,0,1516.36,662.85,1584.96,819.84,3
26,player,426,0,0,1516.53,663.67,1585.13,820.65,3
26,player,427,0,0,1516.69,664.49,1585.29,821.47,3
26,player,428,0,0,1516.85,665.31,1585.45,822.29,3
26,player,429,0,0,1517.02,666.13,1585.62,823.11,3
26,player,430,0,0,1517.18,666.94,1585.78,823.93,3
26,player,431,0,0,1517.34,667.76,1585.94,824.74,3
26,player,432,0,0,1517.51,668.58,1586.11,825.56,3
26,player,433,0,0,1517.67,669.4,1586.27,826.38,3
26,player,434,0,0,1518.29,669.4,1586.89,826.38,3
26,player,435,0,0,1518.92,669.4,1587.52,826.38,3
26,player,436,0,0,1519.54,669.4,1588.14,826.38,3
26,player,437,0,0,1520.16,669.4,1588.76,826.38,3
26,player,438,0,0,1520.78,669.4,1589.38,826.38,3
26,player,439,0,0,1521.41,669.4,1590.01,826.38,3
26,player,440,0,0,1522.03,669.4,1590.63,826.38,3
26,player,441,0,0,1522.65,669.4,1591.25,826.38,3
26,player,442,0,0,1523.27,669.4,1591.88,826.38,3
26,player,443,0,0,1523.9,669.4,1592.5,826.38,3
26,player,444,0,0,1524.52,669.4,1593.12,826.38,3
26,player,445,0,0,1525.14,669.4,1593.74,826.38,3
26,player,446,0,0,1525.77,669.4,1594.37,826.38,3
26,player,447,0,0,1526.39,669.4,1594.99,826.38,3
26,player,448,0,0,1527.01,669.4,1595.61,826.38,3
26,player,449,0,0,1527.63,669.4,1596.23,826.38,3
26,player,450,0,0,1528.26,669.4,1596.86,826.38,3
26,player,451,0,0,1528.88,669.4,1597.48,826.38,3
26,player,452,0,0,1529.5,669.4,1598.1,826.38,3
26,player,453,0,0,1530.12,669.4,1598.72,826.38,3
26,player,454,0,0,1530.75,669.4,1599.35,826.38,3
26,player,455,0,0,1531.37,669.4,1599.97,826.38,3
26,player,456,0,0,1531.99,669.4,1600.59,826.38,3
26,player,457,0,0,1532.61,669.4,1601.22,826.38,3
26,player,458,0,0,1533.24,669.4,1601.84,826.38,3
26,player,459,0,0,1533.86,669.4,1602.46,826.38,3
26,player,460,0,0,1534.48,669.4,1603.08,826.38,3
26,player,461,0,0,1535.11,669.4,1603.71,826.38,3
26,player,462,0,0,1535.73,669.4,1604.33,826.38,3
26,player,463,0,0,1536.35,669.4,1604.95,826.38,3
26,player,464,0,0,1536.97,669.4,1605.57,826.38,3
26,player,465,0,0,1537.6,669.4,1606.2,826.38,3
26,player,466,0,0,1538.22,669.4,1606.82,826.38,3
26,player,467,0,0,1538.84,669.4,1607.44,826.38,3
26,player,468,0,0,1539.46,669.4,1608.06,826.38,3
26,player,469,0,0,1540.09,669.4,1608.69,826.38,3
26,player,470,0,0,1540.71,669.4,1609.31,826.38,3
26,player,471,0,0,1541.33,669.4,1609.93,826.38,3
26,player,472,0,0,1541.96,669.4,1610.56,826.38,3
26,player,473,0,0,1542.58,669.4,1611.18,826.38,3
26,player,474,0,0,1543.2,669.4,1611.8,826.38,3
26,player,475,0,0,1543.82,669.4,1612.42,826.38,3
26,player,476,0,0,1544.45,669.4,1613.05,826.38,3
26,player,477,0,0,1545.07,669.4,1613.67,826.38,3
26,player,478,0,0,1545.69,669.4,1614.29,826.38,3
26,player,479,0,0,1546.31,669.4,1614.91,826.38,3
26,player,480,0,0,1546.94,669.4,1615.54,826.38,3
26,player,481,0,0,1547.56,669.4,1616.16,826.38,3
26,player,482,0,0,1548.18,669.4,1616.78,826.38,3
26,player,483,0,0,1548.8,669.4,1617.4,826.38,3
26,player,484,0,0,1549.43,669.4,1618.03,826.38,3
26,player,485,0,0,1550.05,669.4,1618.65,826.38,3
26,player,486,0,0,1550.67,669.4,1619.27,826.38,3
26,player,487,0,0,1551.3,669.4,1619.9,826.38,3
26,player,488,0,0,1551.92,669.4,1620.52,826.38,3
26,player,489,0,0,1552.54,669.4,1621.14,826.38,3
26,player,490,0,0,1553.16,669.4,1621.76,826.38,3
26,player,491,0,0,1555.74,669.77,1624.34,826.75,3
26,player,492,0,0,1558.32,670.13,1626.92,827.12,3
26,player,493,0,0,1560.9,670.5,1629.51,827.49,3
26,player,494,0,0,1563.48,670.87,1632.09,827.85,3
26,player,495,0,0,1566.07,671.24,1634.67,828.22,3
26,player,496,0,0,1568.65,671.61,1637.25,828.59,3
26,player,497,0,0,1571.23,671.98,1639.83,828.96,3
26,player,498,0,0,1573.81,672.35,1642.41,829.33,3
26,player,499,0,0,1576.39,672.72,1644.99,829.7,3
26,player,500,0,0,1578.97,673.08,1647.57,830.07,3
26,player,501,0,0,1581.55,673.45,1650.15,830.43,3
26,player,502,0,0,1584.13,673.82,1652.73,830.8,3
26,player,503,0,0,1586.71,674.19,1655.31,831.17,3
26,player,504,0,0,1589.29,674.56,1657.89,831.54,3
26,player,505,0,0,1591.87,674.93,1660.47,831.91,3
26,player,506,0,0,1594.45,675.3,1663.05,832.28,3
26,player,507,0,0,1597.03,675.66,1665.63,832.65,3
26,player,508,0,0,1599.61,676.03,1668.21,833.01,3
26,player,509,0,0,1602.19,676.4,1670.79,833.38,3
26,player,510,0,0,1604.77,676.77,1673.37,833.75,3
26,player,511,0,0,1607.35,677.14,1675.95,834.12,3
26,player,512,0,0,1609.93,677.51,1678.53,834.49,3
26,player,513,0,0,1612.51,677.88,1681.11,834.86,3
26,player,514,0,0,1615.09,678.24,1683.69,835.23,3
26,player,515,0,0,1617.67,678.61,1686.27,835.6,3
26,player,516,0,0,1620.25,678.98,1688.86,835.96,3
26,player,517,0,0,1622.84,679.35,1691.44,836.33,3
26,player,518,0,0,1625.42,679.72,1694.02,836.7,3
26,player,519,0,0,1628.0,680.09,1696.6,837.07,3
26,player,520,0,0,1629.3,679.97,1697.9,836.95,3
26,player,521,0,0,1630.61,679.85,1699.21,836.83,3
26,player,522,0,0,1631.92,679.73,1700.52,836.71,3
26,player,523,0,0,1633.22,679.61,1701.82,836.59,3
26,player,524,0,0,1634.53,679.49,1703.13,836.48,3
26,player,525,0,0,1635.84,679.38,1704.44,836.36,3
26,player,526,0,0,1637.14,679.26,1705.74,836.24,3
26,player,527,0,0,1638.45,679.14,1707.05,836.12,3
26,player,528,0,0,1639.76,679.02,1708.36,836.0,3
26,player,529,0,0,1641.06,678.9,1709.66,835.88,3
26,player,530,0,0,1642.37,678.78,1710.97,835.76,3
26,player,531,0,0,1643.68,678.66,1712.28,835.64,3
26,player,532,0,0,1644.98,678.54,1713.58,835.53,3
26,player,533,0,0,1646.29,678.42,1714.89,835.41,3
26,player,534,0,0,1647.59,678.31,1716.2,835.29,3
26,player,535,0,0,1648.9,678.19,1717.5,835.17,3
26,player,536,0,0,1650.21,678.07,1718.81,835.05,3
26,player,537,0,0,1651.51,677.95,1720.12,834.93,3
26,player,538,0,0,1654.61,677.64,1723.21,834.63,3
26,player,539,0,0,1657.71,677.34,1726.31,834.32,3
26,player,540,0,0,1660.81,677.03,1729.41,834.01,3
26,player,541,0,0,1663.91,676.73,1732.51,833.71,3
26,player,542,0,0,1667.0,676.42,1735.61,833.4,3
26,player,543,0,0,1670.1,676.12,1738.7,833.1,3
26,player,544,0,0,1673.2,675.81,1741.8,832.79,3
26,player,545,0,0,1676.3,675.51,1744.9,832.49,3
26,player,546,0,0,1679.4,675.2,1748.0,832.18,3
26,player,547,0,0,1682.49,674.89,1751.1,831.88,3
26,player,548,0,0,1685.59,674.59,1754.19,831.57,3
26,player,549,0,0,1688.69,674.28,1757.29,831.27,3
26,player,550,0,0,1691.79,673.98,1760.39,830.96,3
26,player,551,0,0,1694.89,673.67,1763.49,830.65,3
26,player,552,0,0,1697.99,673.37,1766.59,830.35,3
26,player,553,0,0,1701.08,673.06,1769.68,830.04,3
26,player,554,0,0,1704.18,672.76,1772.78,829.74,3
26,player,555,0,0,1707.28,672.45,1775.88,829.43,3
26,player,556,0,0,1710.38,672.15,1778.98,829.13,3
26,player,557,0,0,1713.48,671.84,1782.08,828.82,3
26,player,558,0,0,1716.57,671.53,1785.17,828.52,3
26,player,559,0,0,1719.67,671.23,1788.27,828.21,3
26,player,560,0,0,1722.77,670.92,1791.37,827.91,3
26,player,561,0,0,1725.87,670.62,1794.47,827.6,3
26,player,562,0,0,1728.97,670.31,1797.57,827.29,3
26,player,563,0,0,1732.06,670.01,1800.66,826.99,3
26,player,564,0,0,1735.16,669.7,1803.76,826.68,3
26,player,565,0,0,1738.26,669.4,1806.86,826.38,3
26,player,566,0,0,1741.36,669.09,1809.96,826.07,3
26,player,567,0,0,1744.46,668.79,1813.06,825.77,3
26,player,568,0,0,1747.55,668.48,1816.15,825.46,3
26,player,569,0,0,1750.65,668.17,1819.25,825.16,3
26,player,570,0,0,1753.75,667.87,1822.35,824.85,3
26,player,571,0,0,1756.85,667.56,1825.45,824.55,3
26,player,572,0,0,1759.95,667.26,1828.55,824.24,3
26,player,573,0,0,1763.04,666.95,1831.64,823.94,3
26,player,574,0,0,1766.14,666.65,1834.74,823.63,3
26,player,575,0,0,1769.24,666.34,1837.84,823.32,3
26,player,576,0,0,1772.34,666.04,1840.94,823.02,3
26,player,577,0,0,1775.44,665.73,1844.04,822.71,3
26,player,578,0,0,1778.53,665.43,1847.13,822.41,3
26,player,579,0,0,1781.63,665.12,1850.23,822.1,3
26,player,580,0,0,1784.73,664.82,1853.33,821.8,3
26,player,581,0,0,1787.83,664.51,1856.43,821.49,3
26,player,582,0,0,1790.93,664.2,1859.53,821.19,3
26,player,583,0,0,1794.02,663.9,1862.62,820.88,3
26,player,584,0,0,1797.12,663.59,1865.72,820.58,3
26,player,585,0,0,1800.22,663.29,1868.82,820.27,3
26,player,586,0,0,1803.32,662.98,1871.92,819.96,3
26,player,587,0,0,1802.78,662.26,1871.38,819.24,3
26,player,588,0,0,1802.24,661.53,1870.84,818.51,3
26,player,589,0,0,1801.7,660.81,1870.3,817.79,3
26,player,590,0,0,1801.16,660.08,1869.76,817.06,3
26,player,591,0,0,1800.62,659.36,1869.22,816.34,3
26,player,592,0,0,1800.08,658.63,1868.68,815.61,3
26,player,593,0,0,1799.54,657.91,1868.14,814.89,3
26,player,594,0,0,1799.0,657.18,1867.61,814.16,3
26,player,595,0,0,1798.47,656.46,1867.07,813.44,3
26,player,596,0,0,1797.93,655.73,1866.53,812.71,3
26,player,597,0,0,1797.39,655.01,1865.99,811.99,3
26,player,598,0,0,1796.85,654.28,1865.45,811.26,3
26,player,599,0,0,1796.31,653.56,1864.91,810.54,3
26,player,600,0,0,1795.77,652.83,1864.37,809.81,3
26,player,601,0,0,1795.23,652.11,1863.83,809.09,3
26,player,602,0,0,1794.69,651.38,1863.29,808.36,3
26,player,603,0,0,1794.15,650.66,1862.75,807.64,3
26,player,604,0,0,1793.61,649.93,1862.21,806.91,3
26,player,605,0,0,1793.07,649.21,1861.67,806.19,3
26,player,606,0,0,1792.53,648.48,1861.14,805.46,3
26,player,607,0,0,1792.0,647.76,1860.6,804.74,3
26,player,608,0,0,1791.46,647.03,1860.06,804.01,3
26,player,609,0,0,1790.92,646.31,1859.52,803.29,3
26,player,610,0,0,1790.38,645.58,1858.98,802.56,3
26,player,611,0,0,1789.84,644.86,1858.44,801.84,3
26,player,612,0,0,1789.3,644.13,1857.9,801.11,3
26,player,613,0,0,1788.76,643.4,1857.36,800.39,3
26,player,614,0,0,1788.22,642.68,1856.82,799.66,3
26,player,615,0,0,1787.68,641.95,1856.28,798.94,3
26,player,616,0,0,1787.14,641.23,1855.74,798.21,3
26,player,617,0,0,1786.6,640.5,1855.2,797.49,3
26,player,618,0,0,1786.06,639.78,1854.67,796.76,3
26,player,619,0,0,1785.53,639.05,1854.13,796.04,3
26,player,620,0,0,1784.99,638.33,1853.59,795.31,3
26,player,621,0,0,1784.45,637.6,1853.05,794.59,3
26,player,622,0,0,1783.91,636.88,1852.51,793.86,3
26,player,623,0,0,1783.37,636.15,1851.97,793.14,3
26,player,624,0,0,1782.83,635.43,1851.43,792.41,3
26,player,625,0,0,1782.29,634.7,1850.89,791.69,3
26,player,626,0,0,1781.75,633.98,1850.35,790.96,3
26,player,627,0,0,1781.21,633.25,1849.81,790.24,3
26,player,628,0,0,1780.67,632.53,1849.27,789.51,3
26,player,629,0,0,1780.13,631.8,1848.73,788.79,3
26,player,630,0,0,1779.59,631.08,1848.2,788.06,3
26,player,631,0,0,1779.06,630.35,1847.66,787.34,3
26,player,632,0,0,1778.52,629.63,1847.12,786.61,3
26,player,633,0,0,1777.98,628.9,1846.58,785.88,3
26,player,634,0,0,1777.44,628.18,1846.04,785.16,3
26,player,635,0,0,1776.9,627.45,1845.5,784.43,3
26,player,636,0,0,1776.36,626.73,1844.96,783.71,3
26,player,637,0,0,1775.82,626.0,1844.42,782.98,3
26,player,638,0,0,1775.28,625.28,1843.88,782.26,3
26,player,639,0,0,1774.74,624.55,1843.34,781.53,3
26,player,640,0,0,1774.2,623.83,1842.8,780.81,3
26,player,641,0,0,1773.66,623.1,1842.26,780.08,3
26,player,642,0,0,1773.12,622.38,1841.73,779.36,3
26,player,643,0,0,1772.59,621.65,1841.19,778.63,3
26,player,644,0,0,1772.05,620.93,1840.65,777.91,3
26,player,645,0,0,1771.51,620.2,1840.11,777.18,3
26,player,646,0,0,1770.97,619.48,1839.57,776.46,3
26,player,647,0,0,1770.43,618.75,1839.03,775.73,3
26,player,648,0,0,1769.89,618.03,1838.49,775.01,3
26,player,649,0,0,1769.35,617.3,1837.95,774.28,3
26,player,650,0,0,1768.81,616.58,1837.41,773.56,3
26,player,651,0,0,1768.27,615.85,1836.87,772.83,3
26,player,652,0,0,1767.73,615.13,1836.33,772.11,3
26,player,653,0,0,1767.19,614.4,1835.79,771.38,3
26,player,654,0,0,1766.65,613.68,1835.26,770.66,3
26,player,655,0,0,1766.12,612.95,1834.72,769.93,3
26,player,656,0,0,1765.58,612.23,1834.18,769.21,3
26,player,657,0,0,1765.04,611.5,1833.64,768.48,3
26,player,658,0,0,1764.5,610.78,1833.1,767.76,3
26,player,659,0,0,1763.96,610.05,1832.56,767.03,3
26,player,660,0,0,1763.42,609.33,1832.02,766.31,3
26,player,661,0,0,1762.88,608.6,1831.48,765.58,3
26,player,662,0,0,1762.34,607.88,1830.94,764.86,3
26,player,663,0,0,1761.8,607.15,1830.4,764.13,3
26,player,664,0,0,1761.26,606.43,1829.86,763.41,3
26,player,665,0,0,1760.72,605.7,1829.32,762.68,3
26,player,666,0,0,1760.18,604.97,1828.79,761.96,3
26,player,667,0,0,1759.65,604.25,1828.25,761.23,3
26,player,668,0,0,1759.11,603.52,1827.71,760.51,3
26,player,669,0,0,1758.57,602.8,1827.17,759.78,3
26,player,670,0,0,1758.03,602.07,1826.63,759.06,3
26,player,671,0,0,1757.49,601.35,1826.09,758.33,3
26,player,672,0,0,1756.95,600.62,1825.55,757.61,3
26,player,673,0,0,1756.41,599.9,1825.01,756.88,3
26,player,674,0,0,1755.87,599.17,1824.47,756.16,3
26,player,675,0,0,1755.33,598.45,1823.93,755.43,3
26,player,676,0,0,1754.79,597.72,1823.39,754.71,3
26,player,677,0,0,1754.25,597.0,1822.85,753.98,3
26,player,678,0,0,1753.71,596.27,1822.32,753.26,3
26,player,679,0,0,1753.18,595.55,1821.78,752.53,3
26,player,680,0,0,1752.64,594.82,1821.24,751.81,3
26,player,681,0,0,1752.1,594.1,1820.7,751.08,3
26,player,682,0,0,1751.56,593.37,1820.16,750.36,3
26,player,683,0,0,1751.02,592.65,1819.62,749.63,3
26,player,684,0,0,1750.48,591.92,1819.08,748.91,3
26,player,685,0,0,1749.94,591.2,1818.54,748.18,3
26,player,686,0,0,1749.4,590.47,1818.0,747.45,3
26,player,687,0,0,1748.86,589.75,1817.46,746.73,3
26,player,688,0,0,1748.32,589.02,1816.92,746.0,3
26,player,689,0,0,1747.78,588.3,1816.38,745.28,3
26,player,690,0,0,1747.24,587.57,1815.84,744.55,3
26,player,691,0,0,1746.71,586.85,1815.31,743.83,3
26,player,692,0,0,1746.17,586.12,1814.77,743.1,3
26,player,693,0,0,1745.63,585.4,1814.23,742.38,3
26,player,694,0,0,1745.09,584.67,1813.69,741.65,3
26,player,695,0,0,1744.55,583.95,1813.15,740.93,3
26,player,696,0,0,1744.01,583.22,1812.61,740.2,3
26,player,697,0,0,1743.47,582.5,1812.07,739.48,3
26,player,698,0,0,1742.93,581.77,1811.53,738.75,3
26,player,699,0,0,1742.39,581.05,1810.99,738.03,3
26,player,700,0,0,1741.85,580.32,1810.45,737.3,3
26,player,701,1,0,1741.31,579.6,1809.91,736.58,3
27,player,701,0,0,141.02,256.25,209.62,413.24,6
27,player,702,0,0,133.54,256.43,202.14,413.41,6
27,player,703,0,0,126.06,256.61,194.66,413.59,6
27,player,704,0,0,118.57,256.79,187.17,413.77,6
27,player,705,0,0,111.09,256.97,179.69,413.95,6
27,player,706,0,0,103.61,257.14,172.21,414.13,6
27,player,707,0,0,96.12,257.32,164.72,414.3,6
27,player,708,0,0,88.64,257.5,157.24,414.48,6
27,player,709,0,0,81.16,257.68,149.76,414.66,6
27,player,710,0,0,73.67,257.86,142.27,414.84,6
27,player,711,0,0,66.19,258.04,134.79,415.02,6
27,player,712,0,0,58.71,258.21,127.31,415.2,6
27,player,713,0,0,51.22,258.39,119.82,415.37,6
27,player,714,0,0,46.1,258.18,114.05,415.16,6
27,player,715,0,0,40.98,257.96,108.28,414.95,6
27,player,716,0,0,35.86,257.75,102.51,414.73,6
27,player,717,0,0,30.73,257.54,96.73,414.52,6
27,player,718,0,0,25.61,257.32,90.96,414.3,6
27,player,719,0,0,20.49,257.11,85.19,414.09,6
27,player,720,0,0,15.37,256.89,79.41,413.88,6
27,player,721,0,0,10.24,256.68,73.64,413.66,6
27,player,722,0,0,5.12,256.47,67.87,413.45,6
27,player,723,0,0,0.0,256.25,62.1,413.23,6
27,player,724,0,0,0.0,256.25,62.1,413.23,6
27,player,725,0,0,0.0,256.25,62.1,413.23,6
27,player,726,0,0,0.0,256.25,62.1,413.23,6
27,player,727,0,0,0.0,256.25,62.1,413.23,6
27,player,728,0,0,0.0,256.25,62.1,413.23,6
27,player,729,0,0,0.0,256.25,62.1,413.23,6
27,player,730,0,0,0.0,256.25,62.1,413.23,6
27,player,731,0,0,0.0,256.25,62.1,413.23,6
27,player,732,0,0,0.0,256.25,62.1,413.23,6
27,player,733,0,0,0.0,256.25,62.1,413.23,6
27,player,734,0,0,0.0,256.25,62.1,413.23,6
27,player,735,0,0,0.0,256.25,62.1,413.23,6
27,player,736,0,0,0.0,256.25,62.1,413.23,6
27,player,737,0,0,0.0,256.25,62.1,413.23,6
27,player,738,0,0,0.0,256.25,62.1,413.23,6
27,player,739,0,0,0.0,256.25,62.1,413.23,6
27,player,740,0,0,0.0,256.25,62.1,413.23,6
27,player,741,0,0,0.0,256.25,62.1,413.23,6
27,player,742,0,0,0.0,256.25,62.1,413.23,6
27,player,743,0,0,0.0,256.25,62.1,413.23,6
27,player,744,0,0,0.0,256.25,62.1,413.23,6
27,player,745,0,0,0.0,256.25,62.1,413.23,6
27,player,746,0,0,0.0,256.25,62.1,413.23,6
27,player,747,0,0,0.0,256.25,62.1,413.23,6
27,player,748,0,0,0.0,256.25,62.1,413.23,6
27,player,749,0,0,0.0,256.25,62.1,413.23,6
27,player,750,0,0,0.0,256.25,62.1,413.23,6
27,player,751,0,0,0.0,256.25,62.1,413.23,6
27,player,752,0,0,0.0,256.25,62.1,413.23,6
27,player,753,0,0,0.0,256.25,62.1,413.23,6
27,player,754,0,0,0.0,256.25,62.1,413.23,6
27,player,755,0,0,0.0,256.25,62.1,413.23,6
27,player,756,0,0,0.0,256.25,62.1,413.23,6
27,player,757,0,0,0.0,256.25,62.1,413.23,6
27,player,758,0,0,0.0,256.25,62.1,413.23,6
27,player,759,0,0,0.0,256.25,62.1,413.23,6
27,player,760,0,0,0.0,256.25,62.1,413.23,6
27,player,761,0,0,0.0,256.25,62.1,413.23,6
27,player,762,0,0,0.0,256.25,62.1,413.23,6
27,player,763,0,0,0.0,256.25,62.1,413.23,6
27,player,764,0,0,0.0,256.25,62.1,413.23,6
27,player,765,0,0,0.0,256.25,62.1,413.23,6
27,player,766,0,0,0.0,256.25,62.1,413.23,6
27,player,767,0,0,0.0,256.25,62.1,413.23,6
27,player,768,0,0,0.0,256.25,62.1,413.23,6
27,player,769,0,0,0.0,256.25,62.1,413.23,6
27,player,770,1,0,0.0,256.25,62.1,413.23,6
28,player,713,0,0,1879.29,311.84,1920.0,468.83,27
28,player,714,0,0,1872.88,311.2,1916.15,468.18,27
28,player,715,0,0,1866.47,310.56,1912.3,467.54,27
28,player,716,0,0,1860.06,309.92,1908.45,466.9,27
28,player,717,0,0,1853.65,309.28,1904.59,466.26,27
28,player,718,0,0,1847.24,308.64,1900.74,465.62,27
28,player,719,0,0,1840.83,308.0,1896.89,464.98,27
28,player,720,0,0,1834.42,307.35,1893.04,464.34,27
28,player,721,0,0,1828.01,306.71,1889.19,463.69,27
28,player,722,0,0,1821.6,306.07,1885.34,463.05,27
28,player,723,0,0,1815.19,305.43,1881.49,462.41,27
28,player,724,0,0,1805.27,305.93,1871.57,462.91,27
28,player,725,0,0,1795.35,306.43,1861.65,463.41,27
28,player,726,0,0,1785.44,306.93,1851.73,463.91,27
28,player,727,0,0,1775.52,307.43,1841.82,464.41,27
28,player,728,0,0,1765.6,307.93,1831.9,464.91,27
28,player,729,0,0,1755.68,308.43,1821.98,465.41,27
28,player,730,0,0,1745.77,308.93,1812.07,465.91,27
28,player,731,0,0,1735.85,309.43,1802.15,466.41,27
28,player,732,0,0,1725.93,309.93,1792.23,466.92,27
28,player,733,0,0,1716.02,310.43,1782.32,467.42,27
28,player,734,0,0,1706.1,310.93,1772.4,467.92,27
28,player,735,0,0,1696.18,311.43,1762.48,468.42,27
28,player,736,0,0,1686.26,311.93,1752.56,468.92,27
28,player,737,0,0,1676.35,312.44,1742.65,469.42,27
28,player,738,0,0,1666.43,312.94,1732.73,469.92,27
28,player,739,0,0,1656.51,313.44,1722.81,470.42,27
28,player,740,0,0,1646.6,313.94,1712.9,470.92,27
28,player,741,0,0,1636.68,314.44,1702.98,471.42,27
28,player,742,0,0,1626.76,314.94,1693.06,471.92,27
28,player,743,0,0,1616.85,315.44,1683.14,472.42,27
28,player,744,0,0,1606.93,315.94,1673.23,472.92,27
28,player,745,0,0,1597.01,316.44,1663.31,473.42,27
28,player,746,0,0,1587.09,316.94,1653.39,473.92,27
28,player,747,0,0,1577.18,317.44,1643.48,474.42,27
28,player,748,0,0,1567.26,317.94,1633.56,474.92,27
28,player,749,0,0,1557.34,318.44,1623.64,475.42,27
28,player,750,0,0,1547.43,318.94,1613.72,475.92,27
28,player,751,0,0,1537.51,319.44,1603.81,476.42,27
28,player,752,0,0,1527.59,319.94,1593.89,476.92,27
28,player,753,0,0,1517.67,320.44,1583.97,477.42,27
28,player,754,0,0,1507.76,320.94,1574.06,477.92,27
28,player,755,0,0,1497.84,321.44,1564.14,478.42,27
28,player,756,0,0,1487.92,321.94,1554.22,478.92,27
28,player,757,0,0,1478.01,322.44,1544.31,479.42,27
28,player,758,0,0,1468.09,322.94,1534.39,479.93,27
28,player,759,0,0,1458.17,323.44,1524.47,480.43,27
28,player,760,0,0,1448.25,323.94,1514.55,480.93,27
28,player,761,0,0,1438.34,324.44,1504.64,481.43,27
28,player,762,0,0,1428.42,324.95,1494.72,481.93,27
28,player,763,0,0,1418.5,325.45,1484.8,482.43,27
28,player,764,0,0,1408.59,325.95,1474.89,482.93,27
28,player,765,0,0,1398.67,326.45,1464.97,483.43,27
28,player,766,0,0,1388.75,326.95,1455.05,483.93,27
28,player,767,0,0,1378.84,327.45,1445.13,484.43,27
28,player,768,0,0,1368.92,327.95,1435.22,484.93,27
28,player,769,0,0,1359.0,328.45,1425.3,485.43,27
28,player,770,0,0,1349.08,328.95,1415.38,485.93,27
28,player,771,0,0,1335.12,331.37,1401.41,488.35,27
28,player,772,0,0,1321.15,333.79,1387.45,490.78,27
28,player,773,0,0,1307.18,336.22,1373.48,493.2,27
28,player,774,0,0,1293.21,338.64,1359.51,495.62,27
28,player,775,0,0,1279.24,341.06,1345.54,498.05,27
28,player,776,0,0,1265.27,343.49,1331.57,500.47,27
28,player,777,0,0,1251.3,345.91,1317.6,502.89,27
28,player,778,0,0,1237.33,348.33,1303.63,505.32,27
28,player,779,0,0,1223.36,350.76,1289.66,507.74,27
28,player,780,0,0,1209.4,353.18,1275.7,510.16,27
28,player,781,0,0,1195.43,355.6,1261.73,512.59,27
28,player,782,0,0,1181.46,358.03,1247.76,515.01,27
28,player,783,0,0,1167.49,360.45,1233.79,517.43,27
28,player,784,0,0,1153.52,362.87,1219.82,519.85,27
28,player,785,0,0,1139.55,365.3,1205.85,522.28,27
28,player,786,0,0,1140.15,366.32,1206.45,523.3,27
28,player,787,0,0,1140.75,367.35,1207.05,524.33,27
28,player,788,0,0,1141.35,368.37,1207.65,525.36,27
28,player,789,0,0,1141.95,369.4,1208.25,526.38,27
28,player,790,0,0,1142.55,370.43,1208.84,527.41,27
28,player,791,0,0,1143.14,371.45,1209.44,528.44,27
28,player,792,0,0,1143.74,372.48,1210.04,529.46,27
28,player,793,0,0,1144.34,373.51,1210.64,530.49,27
28,player,794,0,0,1144.94,374.53,1211.24,531.51,27
28,player,795,0,0,1145.54,375.56,1211.84,532.54,27
28,player,796,0,0,1146.14,376.59,1212.44,533.57,27
28,player,797,0,0,1146.74,377.61,1213.04,534.59,27
28,player,798,0,0,1147.33,378.64,1213.63,535.62,27
28,player,799,0,0,1147.93,379.66,1214.23,536.65,27
28,player,800,0,0,1148.53,380.69,1214.83,537.67,27
28,player,801,0,0,1149.13,381.72,1215.43,538.7,27
28,player,802,0,0,1149.73,382.74,1216.03,539.72,27
28,player,803,0,0,1150.33,383.77,1216.63,540.75,27
28,player,804,0,0,1150.93,384.8,1217.23,541.78,27
28,player,805,0,0,1151.52,385.82,1217.82,542.8,27
28,player,806,0,0,1152.12,386.85,1218.42,543.83,27
28,player,807,0,0,1152.72,387.87,1219.02,544.86,27
28,player,808,0,0,1153.32,388.9,1219.62,545.88,27
28,player,809,0,0,1153.92,389.93,1220.22,546.91,27
28,player,810,0,0,1154.52,390.95,1220.82,547.93,27
28,player,811,0,0,1155.12,391.98,1221.42,548.96,27
28,player,812,0,0,1155.72,393.01,1222.01,549.99,27
28,player,813,0,0,1156.31,394.03,1222.61,551.01,27
28,player,814,0,0,1156.91,395.06,1223.21,552.04,27
28,player,815,0,0,1157.51,396.08,1223.81,553.07,27
28,player,816,0,0,1158.11,397.11,1224.41,554.09,27
28,player,817,0,0,1158.71,398.14,1225.01,555.12,27
28,player,818,0,0,1159.31,399.16,1225.61,556.15,27
28,player,819,0,0,1159.91,400.19,1226.21,557.17,27
28,player,820,0,0,1160.5,401.22,1226.8,558.2,27
28,player,821,0,0,1161.1,402.24,1227.4,559.22,27
28,player,822,0,0,1161.7,403.27,1228.0,560.25,27
28,player,823,0,0,1162.3,404.29,1228.6,561.28,27
28,player,824,0,0,1162.9,405.32,1229.2,562.3,27
28,player,825,0,0,1163.5,406.35,1229.8,563.33,27
28,player,826,0,0,1164.1,407.37,1230.4,564.36,27
28,player,827,0,0,1164.7,408.4,1230.99,565.38,27
28,player,828,0,0,1165.29,409.43,1231.59,566.41,27
28,player,829,0,0,1165.89,410.45,1232.19,567.43,27
28,player,830,0,0,1166.49,411.48,1232.79,568.46,27
28,player,831,0,0,1167.09,412.51,1233.39,569.49,27
28,player,832,0,0,1167.69,413.53,1233.99,570.51,27
28,player,833,0,0,1168.29,414.56,1234.59,571.54,27
28,player,834,0,0,1168.89,415.58,1235.19,572.57,27
28,player,835,0,0,1169.48,416.61,1235.78,573.59,27
28,player,836,0,0,1177.59,416.39,1243.89,573.37,27
28,player,837,0,0,1185.69,416.16,1251.99,573.14,27
28,player,838,0,0,1193.79,415.94,1260.09,572.92,27
28,player,839,0,0,1201.89,415.71,1268.19,572.69,27
28,player,840,0,0,1210.0,415.48,1276.29,572.47,27
28,player,841,0,0,1218.1,415.26,1284.4,572.24,27
28,player,842,0,0,1226.2,415.03,1292.5,572.02,27
28,player,843,0,0,1234.3,414.81,1300.6,571.79,27
28,player,844,0,0,1242.4,414.58,1308.7,571.57,27
28,player,845,0,0,1250.51,414.36,1316.81,571.34,27
28,player,846,0,0,1258.61,414.13,1324.91,571.12,27
28,player,847,0,0,1266.71,413.91,1333.01,570.89,27
28,player,848,0,0,1274.81,413.68,1341.11,570.67,27
28,player,849,0,0,1282.92,413.46,1349.22,570.44,27
28,player,850,0,0,1291.02,413.23,1357.32,570.22,27
28,player,851,0,0,1299.12,413.01,1365.42,569.99,27
28,player,852,0,0,1307.22,412.78,1373.52,569.77,27
28,player,853,0,0,1315.32,412.56,1381.62,569.54,27
28,player,854,0,0,1323.43,412.33,1389.73,569.32,27
28,player,855,0,0,1325.11,415.69,1391.41,572.68,27
28,player,856,0,0,1326.79,419.05,1393.09,576.04,27
28,player,857,0,0,1328.47,422.41,1394.77,579.4,27
28,player,858,0,0,1330.15,425.77,1396.45,582.76,27
28,player,859,0,0,1331.83,429.13,1398.13,586.12,27
28,player,860,0,0,1333.51,432.49,1399.81,589.48,27
28,player,861,0,0,1335.19,435.85,1401.49,592.83,27
28,player,862,0,0,1336.87,439.21,1403.17,596.19,27
28,player,863,0,0,1338.55,442.57,1404.85,599.55,27
28,player,864,0,0,1340.23,445.93,1406.53,602.91,27
28,player,865,0,0,1341.91,449.29,1408.21,606.27,27
28,player,866,0,0,1343.59,452.65,1409.88,609.63,27
28,player,867,0,0,1345.27,456.01,1411.56,612.99,27
28,player,868,0,0,1346.95,459.37,1413.24,616.35,27
28,player,869,0,0,1342.67,459.91,1408.97,616.89,27
28,player,870,0,0,1338.39,460.44,1404.69,617.42,27
28,player,871,0,0,1334.12,460.98,1400.42,617.96,27
28,player,872,0,0,1329.84,461.51,1396.14,618.49,27
28,player,873,0,0,1325.56,462.04,1391.86,619.03,27
28,player,874,0,0,1321.29,462.58,1387.59,619.56,27
28,player,875,0,0,1317.01,463.11,1383.31,620.1,27
28,player,876,0,0,1312.74,463.65,1379.04,620.63,27
28,player,877,0,0,1312.74,463.65,1379.04,620.63,27
28,player,878,0,0,1312.74,463.65,1379.04,620.63,27
28,player,879,0,0,1312.74,463.65,1379.04,620.63,27
28,player,880,0,0,1312.74,463.65,1379.04,620.63,27
28,player,881,0,0,1312.74,463.65,1379.04,620.63,27
28,player,882,0,0,1312.74,463.65,1379.04,620.63,27
28,player,883,0,0,1312.74,463.65,1379.04,620.63,27
28,player,884,0,0,1312.74,463.65,1379.04,620.63,27
28,player,885,0,0,1312.74,463.65,1379.04,620.63,27
28,player,886,0,0,1312.74,463.65,1379.04,620.63,27
28,player,887,0,0,1312.74,463.65,1379.04,620.63,27
28,player,888,0,0,1312.74,463.65,1379.04,620.63,27
28,player,889,0,0,1312.74,463.65,1379.04,620.63,27
28,player,890,0,0,1312.74,463.65,1379.04,620.63,27
28,player,891,0,0,1312.74,463.65,1379.04,620.63,27
28,player,892,0,0,1312.74,463.65,1379.04,620.63,27
28,player,893,0,0,1312.74,463.65,1379.04,620.63,27
28,player,894,0,0,1312.74,463.65,1379.04,620.63,27
28,player,895,0,0,1312.74,463.65,1379.04,620.63,27
28,player,896,0,0,1312.74,463.65,1379.04,620.63,27
28,player,897,0,0,1312.74,463.65,1379.04,620.63,27
28,player,898,0,0,1312.74,463.65,1379.04,620.63,27
28,player,899,0,0,1312.74,463.65,1379.04,620.63,27
29,player,770,0,0,1607.75,598.35,1676.35,755.33,3
29,player,771,0,0,1600.34,599.2,1668.94,756.18,3
29,player,772,0,0,1592.93,600.06,1661.53,757.04,3
29,player,773,0,0,1585.51,600.91,1654.11,757.89,3
29,player,774,0,0,1578.1,601.77,1646.7,758.75,3
29,player,775,0,0,1570.69,602.62,1639.29,759.61,3
29,player,776,0,0,1563.28,603.48,1631.88,760.46,3
29,player,777,0,0,1555.86,604.33,1624.47,761.32,3
29,player,778,0,0,1548.45,605.19,1617.05,762.17,3
29,player,779,0,0,1541.04,606.04,1609.64,763.03,3
29,player,780,0,0,1533.63,606.9,1602.23,763.88,3
29,player,781,0,0,1526.22,607.75,1594.82,764.74,3
29,player,782,0,0,1518.8,608.61,1587.41,765.59,3
29,player,783,0,0,1511.39,609.47,1579.99,766.45,3
29,player,784,0,0,1503.98,610.32,1572.58,767.3,3
29,player,785,0,0,1496.57,611.18,1565.17,768.16,3
29,player,786,0,0,1496.18,611.43,1564.78,768.41,3
29,player,787,0,0,1495.8,611.69,1564.4,768.67,3
29,player,788,0,0,1495.41,611.95,1564.01,768.93,3
29,player,789,0,0,1495.03,612.2,1563.63,769.18,3
29,player,790,0,0,1494.64,612.46,1563.24,769.44,3
29,player,791,0,0,1494.26,612.72,1562.86,769.7,3
29,player,792,0,0,1493.87,612.97,1562.48,769.95,3
29,player,793,0,0,1493.49,613.23,1562.09,770.21,3
29,player,794,0,0,1493.1,613.48,1561.71,770.47,3
29,player,795,0,0,1492.72,613.74,1561.32,770.72,3
29,player,796,0,0,1492.34,614.0,1560.94,770.98,3
29,player,797,0,0,1491.95,614.25,1560.55,771.24,3
29,player,798,0,0,1491.57,614.51,1560.17,771.49,3
29,player,799,0,0,1491.18,614.77,1559.78,771.75,3
29,player,800,0,0,1490.8,615.02,1559.4,772.01,3
29,player,801,0,0,1490.41,615.28,1559.01,772.26,3
29,player,802,0,0,1490.03,615.54,1558.63,772.52,3
29,player,803,0,0,1489.64,615.79,1558.24,772.78,3
29,player,804,0,0,1489.26,616.05,1557.86,773.03,3
29,player,805,0,0,1488.87,616.31,1557.47,773.29,3
29,player,806,0,0,1488.49,616.56,1557.09,773.55,3
29,player,807,0,0,1488.1,616.82,1556.7,773.8,3
29,player,808,0,0,1487.72,617.08,1556.32,774.06,3
29,player,809,0,0,1487.33,617.33,1555.93,774.32,3
29,player,810,0,0,1486.95,617.59,1555.55,774.57,3
29,player,811,0,0,1486.56,617.85,1555.16,774.83,3
29,player,812,0,0,1486.18,618.1,1554.78,775.08,3
29,player,813,0,0,1485.79,618.36,1554.39,775.34,3
29,player,814,0,0,1485.41,618.62,1554.01,775.6,3
29,player,815,0,0,1485.02,618.87,1553.62,775.85,3
29,player,816,0,0,1484.64,619.13,1553.24,776.11,3
29,player,817,0,0,1484.25,619.39,1552.85,776.37,3
29,player,818,0,0,1483.87,619.64,1552.47,776.62,3
29,player,819,0,0,1483.48,619.9,1552.08,776.88,3
29,player,820,0,0,1483.1,620.16,1551.7,777.14,3
29,player,821,0,0,1482.71,620.41,1551.31,777.39,3
29,player,822,0,0,1482.33,620.67,1550.93,777.65,3
29,player,823,0,0,1481.94,620.93,1550.54,777.91,3
29,player,824,0,0,1481.56,621.18,1550.16,778.16,3
29,player,825,0,0,1481.17,621.44,1549.78,778.42,3
29,player,826,0,0,1480.79,621.69,1549.39,778.68,3
29,player,827,0,0,1480.4,621.95,1549.01,778.93,3
29,player,828,0,0,1480.02,622.21,1548.62,779.19,3
29,player,829,0,0,1479.64,622.46,1548.24,779.45,3
29,player,830,0,0,1479.25,622.72,1547.85,779.7,3
29,player,831,0,0,1478.87,622.98,1547.47,779.96,3
29,player,832,0,0,1478.48,623.23,1547.08,780.22,3
29,player,833,0,0,1478.1,623.49,1546.7,780.47,3
29,player,834,0,0,1477.71,623.75,1546.31,780.73,3
29,player,835,0,0,1477.33,624.0,1545.93,780.99,3
29,player,836,0,0,1484.87,623.1,1553.47,780.09,3
29,player,837,0,0,1492.41,622.2,1561.01,779.19,3
29,player,838,0,0,1499.94,621.3,1568.55,778.29,3
29,player,839,0,0,1507.48,620.4,1576.08,777.38,3
29,player,840,0,0,1515.02,619.5,1583.62,776.48,3
29,player,841,0,0,1522.56,618.6,1591.16,775.58,3
29,player,842,0,0,1530.1,617.7,1598.7,774.68,3
29,player,843,0,0,1537.64,616.8,1606.24,773.78,3
29,player,844,0,0,1545.18,615.9,1613.78,772.88,3
29,player,845,0,0,1552.72,615.0,1621.32,771.98,3
29,player,846,0,0,1560.26,614.1,1628.86,771.08,3
29,player,847,0,0,1567.8,613.2,1636.4,770.18,3
29,player,848,0,0,1575.34,612.3,1643.94,769.28,3
29,player,849,0,0,1582.88,611.4,1651.48,768.38,3
29,player,850,0,0,1590.42,610.5,1659.02,767.48,3
29,player,851,0,0,1597.96,609.6,1666.56,766.58,3
29,player,852,0,0,1605.5,608.7,1674.1,765.68,3
29,player,853,0,0,1613.04,607.8,1681.64,764.78,3
29,player,854,0,0,1620.58,606.9,1689.18,763.88,3
29,player,855,0,0,1626.69,606.9,1695.29,763.88,3
29,player,856,0,0,1632.79,606.9,1701.4,763.88,3
29,player,857,0,0,1638.9,606.9,1707.5,763.88,3
29,player,858,0,0,1645.01,606.9,1713.61,763.88,3
29,player,859,0,0,1651.12,606.9,1719.72,763.88,3
29,player,860,0,0,1657.23,606.9,1725.83,763.88,3
29,player,861,0,0,1663.34,606.9,1731.94,763.88,3
29,player,862,0,0,1669.45,606.9,1738.05,763.88,3
29,player,863,0,0,1675.56,606.9,1744.16,763.88,3
29,player,864,0,0,1681.67,606.9,1750.27,763.88,3
29,player,865,0,0,1687.77,606.9,1756.37,763.88,3
29,player,866,0,0,1693.88,606.9,1762.48,763.88,3
29,player,867,0,0,1699.99,606.9,1768.59,763.88,3
29,player,868,0,0,1706.1,606.9,1774.7,763.88,3
29,player,869,0,0,1712.51,609.04,1781.12,766.02,3
29,player,870,0,0,1719.85,609.04,1788.45,766.02,3
29,player,871,0,0,1727.18,609.04,1795.78,766.02,3
29,player,872,0,0,1734.51,609.04,1803.11,766.02,3
29,player,873,0,0,1741.84,609.04,1810.44,766.02,3
29,player,874,0,0,1749.17,609.04,1817.77,766.02,3
29,player,875,0,0,1756.5,609.04,1825.1,766.02,3
29,player,876,0,0,1763.83,609.04,1832.43,766.02,3
29,player,877,0,0,1763.83,609.04,1832.43,766.02,3
29,player,878,0,0,1763.83,609.04,1832.43,766.02,3
29,player,879,0,0,1763.83,609.04,1832.43,766.02,3
29,player,880,0,0,1763.83,609.04,1832.43,766.02,3
29,player,881,0,0,1763.83,609.04,1832.43,766.02,3
29,player,882,0,0,1763.83,609.04,1832.43,766.02,3
29,player,883,0,0,1763.83,609.04,1832.43,766.02,3
29,player,884,0,0,1763.83,609.04,1832.43,766.02,3
29,player,885,0,0,1763.83,609.04,1832.43,766.02,3
29,player,886,0,0,1763.83,609.04,1832.43,766.02,3
29,player,887,0,0,1763.83,609.04,1832.43,766.02,3
29,player,888,0,0,1763.83,609.04,1832.43,766.02,3
29,player,889,0,0,1763.83,609.04,1832.43,766.02,3
29,player,890,0,0,1763.83,609.04,1832.43,766.02,3
29,player,891,0,0,1763.83,609.04,1832.43,766.02,3
29,player,892,0,0,1763.83,609.04,1832.43,766.02,3
29,player,893,0,0,1763.83,609.04,1832.43,766.02,3
29,player,894,0,0,1763.83,609.04,1832.43,766.02,3
29,player,895,0,0,1763.83,609.04,1832.43,766.02,3
29,player,896,0,0,1763.83,609.04,1832.43,766.02,3
29,player,897,0,0,1763.83,609.04,1832.43,766.02,3
29,player,898,0,0,1763.83,609.04,1832.43,766.02,3
29,player,899,0,0,1763.83,609.04,1832.43,766.02,3
