1,136,323.98,525.93,58.02,106.14,0.976,-1,-1,-1
1,137,699.76,632.84,65.49,123.4,0.973,-1,-1,-1
1,138,97.15,463.32,56.89,98.99,0.9716,-1,-1,-1
1,139,1106.22,613.09,60.01,112.55,0.9693,-1,-1,-1
1,140,182.43,423.51,72.76,98.42,0.9672,-1,-1,-1
1,141,1539.81,506.22,42.59,100.59,0.9602,-1,-1,-1
1,142,769.61,363.15,45.08,78.3,0.9598,-1,-1,-1
1,143,962.27,471.24,45.51,85.13,0.9594,-1,-1,-1
1,144,366.4,361.52,47.37,78.66,0.958,-1,-1,-1
1,145,447.19,691.72,58.56,114.1,0.9562,-1,-1,-1
1,146,1173.76,296.14,48.11,70.7,0.9541,-1,-1,-1
1,147,404.75,385.73,44.88,75.83,0.951,-1,-1,-1
1,148,1615.34,410.8,46.67,78.46,0.9254,-1,-1,-1
1,149,1830.85,415.08,59.96,80.17,0.9115,-1,-1,-1
1,150,1749.62,365.45,57.39,68.02,0.9074,-1,-1,-1
1,151,1805.88,360.21,37.03,72.88,0.8001,-1,-1,-1
1,152,873.63,484.31,48.24,95.92,0.6308,-1,-1,-1
1,153,784.21,255.19,29.69,61.59,0.4811,-1,-1,-1
2,136,323.96,525.88,58.05,106.29,0.9763,-1,-1,-1
2,137,699.76,632.77,65.51,123.51,0.9731,-1,-1,-1
2,138,97.14,463.3,56.86,99.06,0.9716,-1,-1,-1
2,139,1106.1,613.09,60.18,112.6,0.9694,-1,-1,-1
2,140,182.39,423.49,72.85,98.34,0.9677,-1,-1,-1
2,142,769.08,363.2,45.63,78.21,0.9613,-1,-1,-1
2,143,962.27,471.18,45.53,85.13,0.9607,-1,-1,-1
2,141,1539.78,506.12,42.65,100.57,0.9605,-1,-1,-1
2,144,366.13,361.5,47.59,78.55,0.9593,-1,-1,-1
2,146,1173.69,296.16,48.12,70.6,0.955,-1,-1,-1
2,145,447.15,691.09,58.7,114.7,0.9538,-1,-1,-1
2,147,404.96,385.81,44.82,75.69,0.9501,-1,-1,-1
2,148,1615.42,410.59,46.7,78.78,0.9282,-1,-1,-1
2,149,1829.98,415.14,60.83,80.09,0.9159,-1,-1,-1
2,150,1749.92,365.44,56.97,68.17,0.9123,-1,-1,-1
2,151,1805.47,359.99,37.41,73.16,0.8145,-1,-1,-1
2,152,873.52,484.23,48.36,95.93,0.7019,-1,-1,-1
2,153,784.27,255.62,29.61,61.13,0.4982,-1,-1,-1
3,137,682.5,629.96,67.8,125.29,0.9739,-1,-1,-1
3,138,87.16,461.74,48.82,99.35,0.9716,-1,-1,-1
3,139,1089.83,609.05,61.67,114.0,0.9707,-1,-1,-1
3,136,313.99,526.49,53.38,105.61,0.9706,-1,-1,-1
3,143,948.6,468.94,43.45,86.69,0.9684,-1,-1,-1
3,145,433.7,685.98,62.32,120.24,0.9659,-1,-1,-1
3,146,1159.65,291.75,45.52,75.52,0.9651,-1,-1,-1
3,141,1518.72,502.2,40.9,93.38,0.9637,-1,-1,-1
3,152,851.61,483.83,54.07,94.52,0.9629,-1,-1,-1
3,148,1585.55,407.91,50.55,76.1,0.9615,-1,-1,-1
3,142,760.75,363.9,39.35,76.66,0.9605,-1,-1,-1
3,140,169.08,421.88,62.84,101.05,0.9559,-1,-1,-1
3,144,355.17,361.82,39.55,81.66,0.9548,-1,-1,-1
3,147,383.73,380.99,53.98,81.02,0.9545,-1,-1,-1
3,149,1801.25,413.93,57.73,74.8,0.9369,-1,-1,-1
3,150,1777.54,359.42,36.47,64.06,0.8605,-1,-1,-1
4,136,303.74,525.45,45.94,104.78,0.9781,-1,-1,-1
4,137,668.3,629.22,70.42,121.83,0.9762,-1,-1,-1
4,143,931.44,464.71,47.69,89.2,0.975,-1,-1,-1
4,138,69.69,458.67,44.93,102.27,0.9742,-1,-1,-1
4,139,1077.74,607.75,63.24,111.53,0.9735,-1,-1,-1
4,152,833.65,484.06,57.08,93.92,0.9702,-1,-1,-1
4,145,411.92,684.07,70.65,123.8,0.9665,-1,-1,-1
4,141,1501.39,498.37,40.36,91.05,0.9661,-1,-1,-1
4,147,368.21,378.41,61.04,79.55,0.9644,-1,-1,-1
4,148,1567.4,405.39,52.17,77.12,0.9623,-1,-1,-1
4,146,1150.19,296.83,39.54,68.26,0.9551,-1,-1,-1
4,142,751.55,361.6,36.63,76.19,0.9468,-1,-1,-1
4,144,342.06,360.04,35.47,77.34,0.9379,-1,-1,-1
4,149,1778.77,411.09,54.4,77.88,0.9356,-1,-1,-1
4,154,1702.7,361.15,51.47,69.52,0.9101,-1,-1,-1
4,140,161.4,425.05,45.84,94.85,0.9097,-1,-1,-1
4,150,1757.79,357.9,37.64,70.68,0.9013,-1,-1,-1
5,137,654.9,628.65,71.66,121.84,0.9743,-1,-1,-1
5,143,915.46,460.17,50.71,88.62,0.9731,-1,-1,-1
5,138,45.05,455.24,51.94,105.16,0.9719,-1,-1,-1
5,148,1550.25,401.96,53.71,79.08,0.9696,-1,-1,-1
5,139,1067.61,607.23,61.35,112.44,0.9693,-1,-1,-1
5,136,284.43,523.76,54.35,107.15,0.9688,-1,-1,-1
5,147,353.94,376.76,70.04,80.41,0.968,-1,-1,-1
5,145,396.67,684.08,77.72,124.24,0.9672,-1,-1,-1
5,152,817.22,483.95,59.95,93.2,0.9671,-1,-1,-1
5,141,1486.48,494.71,39.6,93.6,0.9663,-1,-1,-1
5,142,732.67,359.71,44.79,76.64,0.9637,-1,-1,-1
5,144,327.62,358.19,37.23,77.41,0.9605,-1,-1,-1
5,154,1683.49,358.71,49.26,68.46,0.9552,-1,-1,-1
5,146,1142.11,289.03,37.13,75.08,0.9542,-1,-1,-1
5,149,1759.7,409.08,54.26,79.61,0.9538,-1,-1,-1
5,150,1736.44,357.48,39.39,70.34,0.9444,-1,-1,-1
5,140,158.33,419.63,32.71,79.97,0.8053,-1,-1,-1
6,145,383.87,681.79,82.89,125.84,0.9752,-1,-1,-1
6,137,647.98,629.75,63.44,119.18,0.974,-1,-1,-1
6,143,902.0,455.64,53.21,88.27,0.9707,-1,-1,-1
6,139,1061.98,606.88,55.85,111.7,0.9705,-1,-1,-1
6,138,22.76,452.12,57.7,107.86,0.9698,-1,-1,-1
6,136,262.34,521.06,63.49,110.38,0.9696,-1,-1,-1
6,142,715.66,354.74,51.43,79.21,0.9686,-1,-1,-1
6,152,804.97,482.46,56.96,93.85,0.9679,-1,-1,-1
6,141,1471.25,490.03,40.4,95.35,0.966,-1,-1,-1
6,148,1534.83,395.98,54.11,81.54,0.9659,-1,-1,-1
6,144,308.92,353.61,43.03,80.63,0.9629,-1,-1,-1
6,154,1665.48,355.3,46.07,70.27,0.9625,-1,-1,-1
6,147,348.15,375.23,62.29,80.24,0.9599,-1,-1,-1
6,149,1743.87,405.56,57.77,80.58,0.9437,-1,-1,-1
6,150,1718.91,355.08,37.58,69.79,0.9344,-1,-1,-1
6,146,1136.08,286.86,30.58,72.14,0.911,-1,-1,-1
6,140,142.09,418.37,34.32,95.9,0.8989,-1,-1,-1
7,145,372.56,682.39,92.85,125.51,0.979,-1,-1,-1
7,138,2.75,449.24,68.66,108.12,0.9727,-1,-1,-1
7,136,244.37,516.95,67.51,112.23,0.9727,-1,-1,-1
7,142,702.14,352.19,55.02,79.0,0.9723,-1,-1,-1
7,143,893.8,452.27,50.67,84.71,0.9721,-1,-1,-1
7,144,291.41,350.37,48.23,81.88,0.971,-1,-1,-1
7,139,1059.53,606.26,46.51,109.95,0.971,-1,-1,-1
7,141,1454.91,483.93,42.46,99.32,0.9694,-1,-1,-1
7,140,120.26,415.04,45.17,101.62,0.9693,-1,-1,-1
7,152,795.75,480.48,55.22,93.74,0.9682,-1,-1,-1
7,137,644.21,628.8,55.31,118.62,0.9668,-1,-1,-1
7,148,1518.65,389.68,54.41,84.6,0.9613,-1,-1,-1
7,146,1120.64,285.75,37.86,71.6,0.9573,-1,-1,-1
7,149,1728.22,399.26,60.04,83.07,0.955,-1,-1,-1
7,147,340.58,373.24,51.16,81.73,0.9518,-1,-1,-1
7,150,1696.84,350.86,47.11,72.46,0.9502,-1,-1,-1
7,154,1649.84,353.19,39.12,67.0,0.9497,-1,-1,-1
8,145,372.54,682.11,92.83,125.77,0.979,-1,-1,-1
8,138,2.74,449.23,68.63,108.13,0.9727,-1,-1,-1
8,136,244.37,516.85,67.67,112.34,0.9727,-1,-1,-1
8,143,893.76,452.18,50.72,84.79,0.9722,-1,-1,-1
8,142,702.16,352.19,55.01,78.99,0.9722,-1,-1,-1
8,139,1059.54,606.26,46.5,109.88,0.971,-1,-1,-1
8,144,291.43,350.39,48.18,81.86,0.971,-1,-1,-1
8,140,120.24,415.04,45.15,101.64,0.9697,-1,-1,-1
8,141,1454.9,483.95,42.44,99.31,0.9694,-1,-1,-1
8,152,795.77,480.5,55.22,93.73,0.9681,-1,-1,-1
8,137,644.19,628.77,55.32,118.63,0.9666,-1,-1,-1
8,148,1518.63,389.69,54.42,84.55,0.9612,-1,-1,-1
8,146,1120.65,285.64,37.77,71.73,0.9573,-1,-1,-1
8,149,1728.31,399.25,60.02,83.02,0.9555,-1,-1,-1
8,147,340.59,373.26,51.01,81.71,0.9518,-1,-1,-1
8,150,1697.02,350.9,46.89,72.43,0.9496,-1,-1,-1
8,154,1649.83,353.25,39.14,66.85,0.9491,-1,-1,-1
8,158,702.98,238.27,25.51,67.71,0.6553,-1,-1,-1
9,137,643.11,627.83,47.65,117.71,0.9767,-1,-1,-1
9,138,0.0,447.74,61.78,103.35,0.9751,-1,-1,-1
9,140,100.84,409.88,53.47,104.79,0.973,-1,-1,-1
9,141,1440.05,477.67,42.53,102.17,0.9729,-1,-1,-1
9,144,275.67,348.26,53.91,81.91,0.9728,-1,-1,-1
9,136,229.51,517.94,72.13,109.51,0.9715,-1,-1,-1
9,149,1710.73,394.93,67.53,84.93,0.969,-1,-1,-1
9,148,1501.67,383.2,56.32,81.8,0.9655,-1,-1,-1
9,146,1109.25,280.8,40.19,73.8,0.965,-1,-1,-1
9,142,691.09,350.08,59.48,79.02,0.9649,-1,-1,-1
9,145,369.56,678.58,83.89,130.5,0.9635,-1,-1,-1
9,147,336.83,370.53,44.49,82.51,0.9546,-1,-1,-1
9,152,790.72,479.06,49.96,92.44,0.9454,-1,-1,-1
9,143,887.47,447.92,48.16,86.93,0.9381,-1,-1,-1
9,150,1679.78,345.81,50.72,74.55,0.9345,-1,-1,-1
9,139,1063.0,605.66,33.73,103.48,0.9024,-1,-1,-1
9,154,1636.99,349.34,32.97,71.67,0.8677,-1,-1,-1
9,158,691.07,240.34,23.64,62.15,0.8544,-1,-1,-1
10,140,84.96,406.43,64.03,105.8,0.9747,-1,-1,-1
10,137,634.53,625.88,51.25,119.6,0.9745,-1,-1,-1
10,141,1425.21,472.16,43.58,106.07,0.9745,-1,-1,-1
10,146,1098.33,275.16,43.45,79.13,0.9737,-1,-1,-1
10,152,783.91,474.99,48.46,95.66,0.9725,-1,-1,-1
10,142,682.99,347.81,59.13,80.69,0.9717,-1,-1,-1
10,138,0.03,446.19,44.78,102.83,0.9712,-1,-1,-1
10,145,368.79,680.08,71.98,128.03,0.9698,-1,-1,-1
10,149,1695.34,390.85,75.7,83.42,0.9696,-1,-1,-1
10,144,263.43,344.82,57.91,86.88,0.9687,-1,-1,-1
10,136,217.83,516.65,72.4,109.15,0.9682,-1,-1,-1
10,143,884.01,445.09,42.65,87.39,0.9671,-1,-1,-1
10,147,336.97,367.05,37.43,84.26,0.9628,-1,-1,-1
10,139,1047.54,607.21,42.0,107.65,0.9468,-1,-1,-1
10,148,1480.24,379.89,62.71,77.63,0.9451,-1,-1,-1
10,158,677.24,236.21,25.0,62.92,0.8961,-1,-1,-1
10,154,1620.79,347.98,34.45,72.7,0.8598,-1,-1,-1
10,150,1660.21,341.03,57.28,78.63,0.7939,-1,-1,-1
11,141,1411.26,467.82,44.47,98.11,0.9732,-1,-1,-1
11,139,1035.25,599.7,52.24,114.68,0.973,-1,-1,-1
11,140,69.89,405.74,71.57,106.31,0.9729,-1,-1,-1
11,146,1090.82,273.94,46.35,77.47,0.971,-1,-1,-1
11,152,770.01,471.26,51.11,97.93,0.9703,-1,-1,-1
11,145,372.08,679.8,67.57,127.9,0.9689,-1,-1,-1
11,142,679.6,346.61,50.31,79.76,0.9669,-1,-1,-1
11,148,1466.46,376.19,62.23,80.37,0.9668,-1,-1,-1
11,136,209.57,518.4,64.44,107.26,0.9664,-1,-1,-1
11,144,257.07,344.33,52.43,87.26,0.9653,-1,-1,-1
11,137,619.9,623.27,59.65,123.17,0.963,-1,-1,-1
11,147,323.25,363.57,45.91,85.55,0.9608,-1,-1,-1
11,149,1679.22,388.97,77.69,75.99,0.9538,-1,-1,-1
11,143,880.24,443.47,35.34,87.79,0.951,-1,-1,-1
11,138,0.0,443.72,28.63,104.76,0.9353,-1,-1,-1
11,158,661.5,224.58,30.27,72.32,0.9187,-1,-1,-1
11,154,1606.33,347.02,33.81,70.89,0.8416,-1,-1,-1
11,150,1646.34,337.03,32.55,64.01,0.7527,-1,-1,-1
11,159,1654.26,358.18,36.21,60.92,0.422,-1,-1,-1
12,137,607.49,619.51,68.35,127.24,0.9773,-1,-1,-1
12,140,58.69,405.3,72.85,106.27,0.9743,-1,-1,-1
12,152,758.59,468.51,54.38,100.67,0.9735,-1,-1,-1
12,149,1667.83,385.26,77.75,78.64,0.9707,-1,-1,-1
12,141,1398.3,464.82,45.96,93.65,0.9704,-1,-1,-1
12,147,309.42,359.68,52.55,85.92,0.9701,-1,-1,-1
12,139,1026.08,597.97,59.04,115.92,0.9695,-1,-1,-1
12,148,1457.1,370.81,51.05,82.71,0.9685,-1,-1,-1
12,136,202.21,517.58,56.62,107.09,0.9681,-1,-1,-1
12,144,247.35,343.51,44.12,84.68,0.9657,-1,-1,-1
12,146,1086.12,269.19,43.71,82.26,0.9653,-1,-1,-1
12,142,678.38,346.7,42.64,76.83,0.9649,-1,-1,-1
12,154,1582.0,344.08,42.68,72.2,0.9576,-1,-1,-1
12,145,378.13,677.29,57.77,127.23,0.9529,-1,-1,-1
12,158,647.18,229.91,35.99,66.28,0.9399,-1,-1,-1
12,150,1632.44,342.27,43.21,73.12,0.9016,-1,-1,-1
12,143,877.15,439.38,33.35,89.13,0.8923,-1,-1,-1
12,138,0.02,435.35,16.97,107.75,0.7588,-1,-1,-1
13,147,297.96,357.24,62.32,84.52,0.9757,-1,-1,-1
13,137,598.72,616.95,73.3,130.3,0.9755,-1,-1,-1
13,136,198.93,515.61,51.58,108.75,0.9726,-1,-1,-1
13,152,748.8,465.41,56.66,102.94,0.9725,-1,-1,-1
13,141,1388.22,459.98,44.01,99.37,0.9705,-1,-1,-1
13,149,1658.52,382.51,70.13,78.86,0.9699,-1,-1,-1
13,139,1019.66,596.62,64.24,115.46,0.9698,-1,-1,-1
13,143,866.16,434.65,37.74,94.19,0.9667,-1,-1,-1
13,148,1446.79,365.3,50.18,86.36,0.9661,-1,-1,-1
13,145,364.93,677.65,65.06,132.82,0.9641,-1,-1,-1
13,154,1558.89,342.15,53.38,71.65,0.9617,-1,-1,-1
13,144,244.96,342.6,37.84,84.66,0.96,-1,-1,-1
13,140,52.31,406.07,65.32,106.12,0.9587,-1,-1,-1
13,158,634.12,223.99,38.45,69.63,0.9521,-1,-1,-1
13,150,1615.61,332.16,41.08,80.81,0.9487,-1,-1,-1
13,142,680.82,342.1,37.55,80.45,0.948,-1,-1,-1
13,146,1085.73,267.63,35.95,80.42,0.9428,-1,-1,-1
14,137,598.86,616.95,73.18,130.32,0.9757,-1,-1,-1
14,147,298.04,357.22,62.25,84.47,0.9755,-1,-1,-1
14,152,748.8,465.43,56.66,102.92,0.9728,-1,-1,-1
14,136,198.92,515.7,51.73,108.65,0.9722,-1,-1,-1
14,141,1388.24,460.01,43.97,99.33,0.9703,-1,-1,-1
14,149,1658.51,382.53,70.25,78.92,0.9699,-1,-1,-1
14,139,1019.64,596.74,64.34,115.35,0.9697,-1,-1,-1
14,143,866.15,434.63,37.75,94.22,0.9669,-1,-1,-1
14,148,1446.75,365.29,50.13,86.36,0.9657,-1,-1,-1
14,145,364.89,677.22,65.11,133.3,0.9651,-1,-1,-1
14,154,1558.9,342.18,53.36,71.6,0.9621,-1,-1,-1
14,144,244.86,342.62,38.13,84.7,0.9603,-1,-1,-1
14,140,52.32,405.94,65.33,106.18,0.9583,-1,-1,-1
14,158,634.14,223.26,38.1,70.41,0.9519,-1,-1,-1
14,150,1615.57,332.03,41.05,80.79,0.9483,-1,-1,-1
14,142,680.76,342.11,37.61,80.42,0.9476,-1,-1,-1
14,146,1085.77,267.4,35.93,80.66,0.9426,-1,-1,-1
15,137,591.61,616.68,80.83,126.99,0.9783,-1,-1,-1
15,145,356.52,672.9,71.58,136.72,0.9767,-1,-1,-1
15,141,1375.82,456.0,46.54,101.76,0.9734,-1,-1,-1
15,140,49.17,404.95,50.9,105.67,0.9727,-1,-1,-1
15,136,198.02,511.29,47.03,112.74,0.9713,-1,-1,-1
15,143,856.72,430.73,41.93,96.31,0.9706,-1,-1,-1
15,139,1013.1,600.54,69.7,109.46,0.9706,-1,-1,-1
15,148,1438.69,359.89,48.76,90.85,0.9656,-1,-1,-1
15,154,1544.55,339.79,55.49,72.31,0.9651,-1,-1,-1
15,149,1652.84,378.21,62.95,81.89,0.9646,-1,-1,-1
15,147,291.59,356.6,69.96,83.63,0.9637,-1,-1,-1
15,152,740.34,464.88,57.8,102.61,0.9626,-1,-1,-1
15,144,243.92,340.45,35.47,86.17,0.9548,-1,-1,-1
15,142,672.29,339.32,42.02,82.58,0.9512,-1,-1,-1
15,158,624.05,219.08,40.05,72.19,0.9465,-1,-1,-1
15,146,1087.48,269.07,29.33,77.48,0.9406,-1,-1,-1
15,150,1596.6,330.2,48.74,81.83,0.9385,-1,-1,-1
16,145,347.16,671.26,81.7,136.63,0.9762,-1,-1,-1
16,143,848.51,428.8,47.55,96.43,0.9761,-1,-1,-1
16,141,1363.34,452.41,49.6,103.3,0.9758,-1,-1,-1
16,152,732.75,464.79,59.88,102.89,0.9752,-1,-1,-1
16,137,588.78,618.06,76.3,127.43,0.9728,-1,-1,-1
16,142,660.66,337.6,51.07,84.15,0.9719,-1,-1,-1
16,148,1433.5,356.65,46.03,88.16,0.9719,-1,-1,-1
16,149,1648.25,375.74,59.65,85.09,0.9715,-1,-1,-1
16,136,189.74,510.51,48.29,113.6,0.9709,-1,-1,-1
16,139,1011.27,597.85,67.32,112.26,0.9697,-1,-1,-1
16,154,1536.41,339.27,49.93,70.97,0.9655,-1,-1,-1
16,144,232.7,338.62,39.66,87.61,0.9654,-1,-1,-1
16,140,49.96,405.52,41.43,104.78,0.9617,-1,-1,-1
16,147,287.81,358.02,70.56,81.04,0.9588,-1,-1,-1
16,146,1082.71,268.61,31.78,76.87,0.9448,-1,-1,-1
16,158,615.26,215.4,40.06,74.85,0.9367,-1,-1,-1
16,150,1583.58,333.85,48.34,77.59,0.8951,-1,-1,-1
17,145,343.05,673.57,89.45,132.68,0.9778,-1,-1,-1
17,149,1641.9,371.97,61.05,88.22,0.975,-1,-1,-1
17,141,1352.97,448.25,49.41,107.77,0.974,-1,-1,-1
17,143,843.56,428.78,49.84,88.9,0.973,-1,-1,-1
17,136,174.53,508.58,55.08,117.54,0.9725,-1,-1,-1
17,142,653.91,336.76,54.21,83.93,0.9719,-1,-1,-1
17,144,220.94,338.21,45.4,87.48,0.9706,-1,-1,-1
17,137,587.28,621.17,69.91,126.04,0.9698,-1,-1,-1
17,147,287.46,356.81,62.08,84.56,0.9695,-1,-1,-1
17,148,1429.73,354.25,40.23,81.14,0.9687,-1,-1,-1
17,139,1012.45,599.36,64.81,114.57,0.9651,-1,-1,-1
17,146,1075.07,267.92,36.9,76.65,0.9608,-1,-1,-1
17,154,1526.92,339.45,47.21,70.32,0.96,-1,-1,-1
17,140,47.36,406.55,35.79,102.81,0.9548,-1,-1,-1
17,158,608.03,221.35,39.12,68.86,0.9534,-1,-1,-1
17,150,1570.35,331.48,31.66,81.34,0.8732,-1,-1,-1
17,152,728.65,465.57,56.42,103.35,0.6308,-1,-1,-1
18,145,345.2,674.01,82.41,135.76,0.9752,-1,-1,-1
18,149,1642.02,371.53,56.83,84.64,0.9738,-1,-1,-1
18,141,1343.8,445.17,47.55,108.03,0.9728,-1,-1,-1
18,140,33.62,404.69,46.89,106.55,0.9724,-1,-1,-1
18,142,647.09,335.74,62.37,85.44,0.9724,-1,-1,-1
18,146,1069.2,265.82,43.44,78.8,0.9718,-1,-1,-1
18,144,210.21,336.94,49.71,91.15,0.9714,-1,-1,-1
18,147,290.18,357.08,47.88,84.28,0.9701,-1,-1,-1
18,143,841.95,428.33,48.22,88.1,0.97,-1,-1,-1
18,136,166.13,510.92,57.19,114.53,0.9676,-1,-1,-1
18,139,1017.21,598.47,60.2,116.63,0.9656,-1,-1,-1
18,148,1425.87,353.0,35.73,82.27,0.9648,-1,-1,-1
18,158,600.07,222.33,39.88,67.87,0.9519,-1,-1,-1
18,137,591.74,623.44,64.26,123.57,0.947,-1,-1,-1
18,154,1521.3,339.24,42.74,70.4,0.9367,-1,-1,-1
18,150,1558.86,332.84,29.59,79.55,0.7432,-1,-1,-1
19,146,1065.38,264.28,47.59,78.81,0.975,-1,-1,-1
19,141,1334.68,443.24,43.45,100.96,0.972,-1,-1,-1
19,144,202.32,337.65,59.05,91.06,0.9701,-1,-1,-1
19,136,154.88,508.89,68.86,118.55,0.9696,-1,-1,-1
19,137,598.24,624.03,57.22,125.9,0.9693,-1,-1,-1
19,149,1643.06,369.88,52.61,83.09,0.969,-1,-1,-1
19,148,1418.92,352.33,37.33,82.06,0.9682,-1,-1,-1
19,140,19.34,401.9,56.42,111.08,0.9658,-1,-1,-1
19,142,646.34,338.62,60.43,82.99,0.9595,-1,-1,-1
19,143,845.6,428.44,42.35,88.84,0.9565,-1,-1,-1
19,139,1025.7,609.13,49.23,106.73,0.9501,-1,-1,-1
19,158,595.98,227.21,34.48,63.42,0.9444,-1,-1,-1
19,147,299.33,354.91,36.2,87.36,0.9396,-1,-1,-1
19,154,1510.64,339.76,44.36,70.38,0.9084,-1,-1,-1
19,145,356.98,676.6,63.81,135.92,0.8861,-1,-1,-1
19,150,1537.89,335.3,39.09,76.93,0.7181,-1,-1,-1
19,152,729.18,468.88,43.99,102.74,0.6188,-1,-1,-1
20,146,1065.36,264.26,47.68,78.88,0.975,-1,-1,-1
20,141,1334.68,443.24,43.46,100.94,0.972,-1,-1,-1
20,144,202.37,337.63,58.98,90.9,0.97,-1,-1,-1
20,136,154.92,508.93,68.76,118.5,0.9696,-1,-1,-1
20,137,598.25,624.03,57.26,125.85,0.9691,-1,-1,-1
20,149,1643.0,369.91,52.73,83.08,0.969,-1,-1,-1
20,148,1418.87,352.3,37.4,82.2,0.9685,-1,-1,-1
20,140,19.44,401.86,56.2,111.07,0.9659,-1,-1,-1
20,142,646.26,338.92,60.46,82.61,0.959,-1,-1,-1
20,143,845.41,428.47,42.94,88.77,0.9563,-1,-1,-1
20,139,1025.72,609.39,49.07,106.57,0.9501,-1,-1,-1
20,158,596.0,226.82,34.53,63.85,0.9447,-1,-1,-1
20,147,299.28,355.0,36.36,87.34,0.9394,-1,-1,-1
20,154,1510.54,339.71,44.31,70.46,0.9034,-1,-1,-1
20,145,357.56,676.65,63.23,135.77,0.8823,-1,-1,-1
20,150,1537.89,334.8,39.07,77.42,0.718,-1,-1,-1
20,152,729.14,468.89,44.08,102.79,0.6833,-1,-1,-1
20,161,1047.76,596.6,27.36,62.61,0.4276,-1,-1,-1
21,140,7.41,401.53,67.31,111.8,0.9757,-1,-1,-1
21,146,1063.16,261.85,51.51,82.94,0.9756,-1,-1,-1
21,137,598.75,622.6,54.12,128.8,0.9731,-1,-1,-1
21,149,1645.27,367.9,46.27,86.2,0.9711,-1,-1,-1
21,136,148.85,509.96,70.48,119.34,0.9702,-1,-1,-1
21,144,197.94,338.07,58.71,92.29,0.9695,-1,-1,-1
21,148,1410.9,352.11,40.61,83.55,0.9688,-1,-1,-1
21,147,294.63,353.65,40.44,88.58,0.9624,-1,-1,-1
21,141,1325.28,441.41,40.33,98.4,0.9623,-1,-1,-1
21,142,646.71,342.2,51.73,81.49,0.9529,-1,-1,-1
21,139,1023.6,603.78,50.59,113.43,0.9502,-1,-1,-1
21,152,733.41,469.71,36.92,102.53,0.9496,-1,-1,-1
21,158,593.24,226.03,28.75,64.43,0.9401,-1,-1,-1
21,145,368.06,682.42,50.63,132.02,0.9309,-1,-1,-1
21,154,1503.41,338.11,38.32,72.43,0.9209,-1,-1,-1
21,143,847.81,429.51,36.35,86.51,0.9153,-1,-1,-1
21,150,1529.57,332.68,39.13,79.88,0.9011,-1,-1,-1
22,137,590.34,620.99,60.4,132.22,0.9774,-1,-1,-1
22,144,196.35,339.71,49.33,91.79,0.9751,-1,-1,-1
22,149,1640.91,365.93,47.13,88.97,0.9751,-1,-1,-1
22,140,0.0,400.92,75.49,114.75,0.9729,-1,-1,-1
22,146,1065.23,264.67,45.62,80.8,0.9729,-1,-1,-1
22,148,1399.63,351.67,44.63,82.2,0.9726,-1,-1,-1
22,139,1016.75,596.38,58.78,122.59,0.9718,-1,-1,-1
22,141,1313.95,440.46,40.64,100.96,0.968,-1,-1,-1
22,136,146.47,514.95,61.85,115.42,0.9677,-1,-1,-1
22,142,649.6,339.2,44.92,83.57,0.9657,-1,-1,-1
22,147,286.37,350.51,47.58,93.27,0.9646,-1,-1,-1
22,145,369.57,683.4,49.62,133.11,0.9602,-1,-1,-1
22,152,724.88,468.91,43.83,104.6,0.9565,-1,-1,-1
22,143,846.18,425.13,35.55,93.58,0.954,-1,-1,-1
22,150,1519.82,334.54,38.19,76.36,0.947,-1,-1,-1
22,158,584.18,225.55,29.8,64.86,0.9386,-1,-1,-1
22,154,1493.84,336.23,35.07,72.97,0.7991,-1,-1,-1
23,137,584.13,619.42,65.1,134.65,0.9789,-1,-1,-1
23,139,1013.53,595.71,62.93,123.87,0.9745,-1,-1,-1
23,136,146.68,516.2,50.28,114.27,0.9744,-1,-1,-1
23,152,715.59,467.29,52.36,105.97,0.9743,-1,-1,-1
23,149,1634.92,363.54,52.28,88.37,0.9737,-1,-1,-1
23,147,279.21,350.01,55.58,90.26,0.9736,-1,-1,-1
23,140,0.0,401.59,68.06,112.63,0.9733,-1,-1,-1
23,148,1391.24,349.05,42.75,85.23,0.9728,-1,-1,-1
23,141,1304.42,437.06,41.48,104.56,0.9706,-1,-1,-1
23,143,842.13,421.44,38.54,96.85,0.9693,-1,-1,-1
23,144,198.73,340.76,37.79,89.83,0.9622,-1,-1,-1
23,145,359.95,681.96,66.12,135.57,0.9606,-1,-1,-1
23,146,1070.13,267.05,36.69,78.6,0.9591,-1,-1,-1
23,142,658.48,337.59,37.42,84.83,0.9585,-1,-1,-1
23,158,575.39,223.26,33.76,67.38,0.9496,-1,-1,-1
23,154,1486.99,336.17,36.16,72.51,0.9181,-1,-1,-1
23,150,1511.7,334.47,32.29,71.85,0.9085,-1,-1,-1
24,137,579.87,618.37,71.53,137.79,0.9778,-1,-1,-1
24,145,352.24,678.64,76.55,139.81,0.9772,-1,-1,-1
24,152,708.21,465.79,57.62,109.08,0.9769,-1,-1,-1
24,147,274.77,348.73,65.77,90.03,0.9767,-1,-1,-1
24,139,1011.75,596.12,70.16,123.93,0.9753,-1,-1,-1
24,136,148.14,515.82,45.03,114.36,0.9728,-1,-1,-1
24,143,836.5,417.74,41.21,100.43,0.9724,-1,-1,-1
24,142,653.22,336.43,43.01,85.26,0.9721,-1,-1,-1
24,149,1627.84,360.74,59.28,90.48,0.9696,-1,-1,-1
24,141,1294.93,434.21,41.86,107.61,0.969,-1,-1,-1
24,148,1374.07,345.99,52.09,88.46,0.9657,-1,-1,-1
24,158,567.29,222.81,38.63,66.44,0.964,-1,-1,-1
24,140,0.0,403.04,56.24,112.12,0.9636,-1,-1,-1
24,144,201.06,340.3,33.76,89.93,0.9556,-1,-1,-1
24,146,1075.92,269.1,30.56,75.44,0.9439,-1,-1,-1
24,154,1479.63,335.25,36.29,73.78,0.9058,-1,-1,-1
24,150,1504.61,332.46,26.75,72.79,0.8228,-1,-1,-1
25,145,348.03,684.83,85.76,133.21,0.9778,-1,-1,-1
25,137,576.8,618.7,79.47,134.19,0.9776,-1,-1,-1
25,147,273.31,348.56,67.69,90.23,0.9763,-1,-1,-1
25,152,703.18,465.49,64.57,110.59,0.9762,-1,-1,-1
25,139,1011.99,597.39,72.32,123.21,0.9753,-1,-1,-1
25,136,148.99,514.14,43.19,116.33,0.9726,-1,-1,-1
25,149,1624.82,358.3,61.69,92.82,0.9713,-1,-1,-1
25,143,833.34,415.79,42.49,98.6,0.9705,-1,-1,-1
25,142,644.94,335.14,50.88,87.99,0.97,-1,-1,-1
25,148,1372.76,342.44,43.73,91.2,0.9696,-1,-1,-1
25,158,561.15,219.9,42.95,67.07,0.9667,-1,-1,-1
25,141,1285.89,430.52,41.65,108.65,0.9657,-1,-1,-1
25,144,195.88,339.61,38.46,91.49,0.9635,-1,-1,-1
25,146,1073.61,268.14,31.38,76.32,0.9552,-1,-1,-1
25,140,3.33,406.79,42.01,109.92,0.9423,-1,-1,-1
25,150,1492.82,328.46,28.02,76.06,0.8178,-1,-1,-1
25,154,1470.95,335.04,37.09,73.09,0.8115,-1,-1,-1
26,145,348.04,685.04,85.71,132.99,0.978,-1,-1,-1
26,137,576.78,618.74,79.52,134.14,0.9775,-1,-1,-1
26,152,703.16,465.47,64.56,110.58,0.9762,-1,-1,-1
26,147,273.36,348.58,67.6,90.18,0.9762,-1,-1,-1
26,139,1011.95,597.18,72.35,123.43,0.9757,-1,-1,-1
26,136,148.93,514.14,43.38,116.23,0.9728,-1,-1,-1
26,149,1624.79,358.33,61.72,92.8,0.9713,-1,-1,-1
26,143,833.34,415.81,42.52,98.49,0.9705,-1,-1,-1
26,142,644.92,335.14,50.93,88.02,0.9698,-1,-1,-1
26,148,1372.76,342.45,43.75,91.09,0.9695,-1,-1,-1
26,158,561.19,219.96,42.88,66.99,0.9667,-1,-1,-1
26,141,1285.99,430.52,41.61,108.68,0.9655,-1,-1,-1
26,144,195.84,339.57,38.56,91.54,0.9635,-1,-1,-1
26,146,1073.53,268.19,31.51,76.24,0.9554,-1,-1,-1
26,140,3.24,407.18,42.1,109.64,0.94,-1,-1,-1
26,150,1492.65,327.99,28.21,76.28,0.8179,-1,-1,-1
26,154,1470.97,335.06,36.95,73.11,0.8102,-1,-1,-1
27,137,577.43,619.94,78.7,133.08,0.9756,-1,-1,-1
27,152,701.81,466.15,64.97,108.85,0.9756,-1,-1,-1
27,143,833.92,414.68,42.32,94.48,0.9754,-1,-1,-1
27,136,138.34,511.99,51.57,119.3,0.9752,-1,-1,-1
27,139,1015.2,599.3,67.92,123.21,0.9746,-1,-1,-1
27,142,640.46,333.1,56.89,89.69,0.9733,-1,-1,-1
27,147,275.45,348.86,60.98,91.02,0.9727,-1,-1,-1
27,144,189.39,337.95,43.2,92.76,0.9708,-1,-1,-1
27,146,1071.11,266.12,34.5,77.38,0.9682,-1,-1,-1
27,149,1625.82,355.6,61.97,87.17,0.9675,-1,-1,-1
27,145,347.18,682.94,98.86,132.31,0.9643,-1,-1,-1
27,141,1276.63,427.24,42.19,111.57,0.9642,-1,-1,-1
27,148,1365.23,340.97,46.32,84.66,0.9639,-1,-1,-1
27,158,557.7,219.97,41.46,67.14,0.9587,-1,-1,-1
27,154,1461.17,335.27,35.66,72.51,0.9301,-1,-1,-1
27,140,3.45,406.92,34.26,107.74,0.8976,-1,-1,-1
27,150,1484.29,323.63,31.43,65.04,0.8182,-1,-1,-1
28,143,834.85,413.84,41.84,93.36,0.974,-1,-1,-1
28,137,580.7,622.79,68.86,129.46,0.9738,-1,-1,-1
28,149,1630.74,352.68,58.96,89.26,0.9732,-1,-1,-1
28,147,283.22,349.08,45.75,89.54,0.9724,-1,-1,-1
28,136,128.84,509.67,59.34,123.67,0.9721,-1,-1,-1
28,142,639.24,332.96,63.79,86.12,0.9707,-1,-1,-1
28,144,180.84,336.1,49.95,94.62,0.9705,-1,-1,-1
28,146,1069.34,264.7,45.45,79.09,0.9702,-1,-1,-1
28,141,1269.51,424.44,43.1,111.81,0.9692,-1,-1,-1
28,145,353.09,685.12,92.84,131.98,0.9654,-1,-1,-1
28,148,1360.73,338.95,37.59,85.57,0.964,-1,-1,-1
28,154,1452.79,331.02,36.72,75.35,0.9569,-1,-1,-1
28,139,1024.48,602.33,57.89,120.7,0.9568,-1,-1,-1
28,152,703.85,467.74,58.98,108.48,0.9394,-1,-1,-1
28,140,1.67,404.26,34.61,111.79,0.9382,-1,-1,-1
28,158,556.04,218.81,38.49,68.2,0.9247,-1,-1,-1
28,150,1477.07,328.54,31.8,55.42,0.707,-1,-1,-1
29,137,591.19,623.95,59.06,128.89,0.9736,-1,-1,-1
29,141,1260.91,421.14,44.24,107.39,0.9732,-1,-1,-1
29,146,1069.75,263.45,49.45,79.05,0.9729,-1,-1,-1
29,144,175.48,335.08,59.38,96.37,0.9716,-1,-1,-1
29,149,1638.34,350.61,53.82,91.53,0.9702,-1,-1,-1
29,136,123.0,510.8,66.6,121.98,0.9689,-1,-1,-1
29,142,642.2,332.46,62.2,87.68,0.9679,-1,-1,-1
29,143,839.16,412.8,38.51,94.33,0.9666,-1,-1,-1
29,154,1435.71,326.82,49.44,80.98,0.9651,-1,-1,-1
29,140,1.05,401.39,36.84,111.55,0.9553,-1,-1,-1
29,147,293.77,347.64,37.24,89.62,0.9541,-1,-1,-1
29,139,1037.36,611.34,44.28,112.46,0.9519,-1,-1,-1
29,148,1357.22,336.42,35.08,87.31,0.9513,-1,-1,-1
29,145,363.57,686.02,75.41,133.92,0.9455,-1,-1,-1
29,158,563.38,221.42,27.3,64.4,0.9114,-1,-1,-1
29,150,1470.21,327.81,32.97,76.62,0.8269,-1,-1,-1
29,152,709.56,468.93,50.36,107.35,0.5129,-1,-1,-1
30,137,603.16,624.29,48.62,128.6,0.9771,-1,-1,-1
30,146,1072.11,263.88,46.73,80.52,0.9756,-1,-1,-1
30,144,173.24,335.27,63.03,97.16,0.9723,-1,-1,-1
30,141,1255.08,420.16,43.58,100.77,0.9713,-1,-1,-1
30,149,1649.44,348.22,44.92,92.98,0.9692,-1,-1,-1
30,154,1432.98,323.76,46.3,84.93,0.9686,-1,-1,-1
30,142,646.77,333.08,54.99,89.75,0.9675,-1,-1,-1
30,136,120.49,512.56,72.97,116.75,0.9656,-1,-1,-1
30,147,295.86,344.43,39.75,94.83,0.9644,-1,-1,-1
30,139,1047.85,600.42,38.6,123.76,0.962,-1,-1,-1
30,143,843.51,412.43,36.33,95.66,0.9605,-1,-1,-1
30,148,1350.06,331.5,36.38,88.78,0.9561,-1,-1,-1
30,140,1.26,398.24,36.13,113.09,0.9519,-1,-1,-1
30,152,719.48,468.99,41.74,107.76,0.9484,-1,-1,-1
30,145,398.98,688.19,50.89,131.5,0.939,-1,-1,-1
30,158,560.53,217.21,26.97,67.16,0.9386,-1,-1,-1
30,150,1469.04,327.77,28.09,53.8,0.8433,-1,-1,-1
31,137,606.97,622.39,50.35,132.24,0.9774,-1,-1,-1
31,147,291.95,343.74,48.63,94.31,0.9743,-1,-1,-1
31,144,173.66,336.68,59.09,97.92,0.9727,-1,-1,-1
31,149,1656.68,344.77,40.04,94.95,0.9705,-1,-1,-1
31,142,656.21,333.32,45.73,87.95,0.9698,-1,-1,-1
31,136,116.5,519.57,75.0,109.29,0.9685,-1,-1,-1
31,148,1344.74,327.83,36.41,92.41,0.9636,-1,-1,-1
31,146,1081.37,262.15,34.91,81.94,0.9624,-1,-1,-1
31,141,1250.57,419.15,40.68,103.26,0.9619,-1,-1,-1
31,140,0.0,397.15,41.1,112.64,0.9594,-1,-1,-1
31,152,725.61,468.52,38.78,108.31,0.9521,-1,-1,-1
31,143,849.16,410.76,32.33,97.27,0.9446,-1,-1,-1
31,154,1430.52,323.38,42.09,82.55,0.9397,-1,-1,-1
31,158,559.6,218.85,28.92,64.69,0.9383,-1,-1,-1
31,145,397.1,694.52,57.83,128.14,0.9147,-1,-1,-1
31,150,1465.41,325.39,25.97,52.44,0.9027,-1,-1,-1
31,139,1047.89,607.07,37.26,117.33,0.88,-1,-1,-1
32,137,606.98,622.41,50.38,132.24,0.9773,-1,-1,-1
32,147,291.91,343.75,48.67,94.34,0.9744,-1,-1,-1
32,144,173.74,336.68,59.01,97.89,0.9725,-1,-1,-1
32,149,1656.78,344.71,39.95,95.01,0.9707,-1,-1,-1
32,142,656.2,333.29,45.75,87.92,0.9699,-1,-1,-1
32,136,116.32,519.59,75.23,109.27,0.9683,-1,-1,-1
32,148,1344.78,327.88,36.4,92.45,0.9634,-1,-1,-1
32,146,1081.27,262.24,35.02,81.76,0.962,-1,-1,-1
32,141,1250.61,419.16,40.71,103.26,0.9618,-1,-1,-1
32,140,0.0,397.07,40.98,112.69,0.959,-1,-1,-1
32,152,725.64,468.53,38.89,108.33,0.9514,-1,-1,-1
32,143,849.02,410.81,32.83,97.29,0.9415,-1,-1,-1
32,154,1430.62,323.34,41.9,82.62,0.9407,-1,-1,-1
32,158,559.64,218.16,29.05,65.37,0.9379,-1,-1,-1
32,145,396.85,695.54,58.27,127.13,0.9154,-1,-1,-1
32,150,1465.37,325.47,26.01,52.45,0.9004,-1,-1,-1
32,139,1048.03,607.21,37.42,117.16,0.8864,-1,-1,-1
32,164,1458.67,344.18,23.91,66.26,0.6368,-1,-1,-1
33,137,602.83,620.71,61.99,136.48,0.9788,-1,-1,-1
33,139,1044.93,597.38,53.09,128.85,0.9737,-1,-1,-1
33,136,119.46,523.72,63.91,106.15,0.9725,-1,-1,-1
33,147,289.02,340.89,55.61,95.03,0.9716,-1,-1,-1
33,144,178.85,338.15,46.0,95.41,0.9712,-1,-1,-1
33,141,1238.55,417.55,49.47,105.11,0.9711,-1,-1,-1
33,140,0.0,395.64,49.23,115.13,0.9682,-1,-1,-1
33,149,1660.34,340.88,39.96,98.09,0.9679,-1,-1,-1
33,143,846.54,408.03,40.37,99.58,0.9667,-1,-1,-1
33,148,1338.17,325.23,38.44,91.05,0.9667,-1,-1,-1
33,152,721.61,466.14,46.21,111.01,0.9593,-1,-1,-1
33,158,554.54,220.29,37.84,63.31,0.9491,-1,-1,-1
33,142,670.45,331.49,33.87,87.64,0.9339,-1,-1,-1
33,146,1090.91,263.47,26.84,79.66,0.929,-1,-1,-1
33,154,1424.49,321.49,34.7,79.07,0.8397,-1,-1,-1
33,145,402.24,686.67,61.6,111.82,0.8341,-1,-1,-1
33,150,1460.49,324.62,26.3,54.6,0.8191,-1,-1,-1
33,164,1456.2,347.16,25.96,63.11,0.7869,-1,-1,-1
34,137,601.17,618.98,68.5,140.94,0.9759,-1,-1,-1
34,143,843.48,405.31,45.9,102.64,0.9735,-1,-1,-1
34,148,1331.99,323.02,39.32,87.98,0.9715,-1,-1,-1
34,149,1662.95,339.22,42.07,100.82,0.9701,-1,-1,-1
34,152,719.22,463.73,51.15,114.81,0.9699,-1,-1,-1
34,147,287.85,340.8,68.44,92.67,0.9694,-1,-1,-1
34,136,124.44,518.35,56.52,113.71,0.9693,-1,-1,-1
34,141,1236.44,415.7,44.89,107.49,0.9688,-1,-1,-1
34,139,1047.07,597.15,61.13,129.14,0.9666,-1,-1,-1
34,158,551.01,214.31,41.96,69.26,0.9641,-1,-1,-1
34,140,0.0,396.84,49.98,115.61,0.9624,-1,-1,-1
34,145,394.89,695.17,72.23,126.96,0.958,-1,-1,-1
34,146,1097.04,260.76,28.05,82.02,0.95,-1,-1,-1
34,144,191.86,338.8,29.83,95.16,0.9429,-1,-1,-1
34,154,1418.78,322.49,36.84,78.61,0.9426,-1,-1,-1
34,142,668.3,333.67,41.66,89.27,0.9326,-1,-1,-1
34,150,1455.06,323.95,28.82,71.69,0.7387,-1,-1,-1
34,164,1454.96,355.45,22.14,53.7,0.4931,-1,-1,-1
35,137,601.91,617.9,77.19,141.6,0.9751,-1,-1,-1
35,143,841.55,404.04,54.71,102.78,0.9738,-1,-1,-1
35,145,395.51,680.21,79.92,142.87,0.9732,-1,-1,-1
35,149,1667.74,337.71,42.52,95.98,0.9732,-1,-1,-1
35,142,666.58,327.46,51.17,93.03,0.9718,-1,-1,-1
35,152,718.06,462.8,57.92,116.49,0.9714,-1,-1,-1
35,147,290.09,341.84,73.57,91.98,0.9709,-1,-1,-1
35,158,548.96,212.27,45.44,70.06,0.9707,-1,-1,-1
35,148,1326.75,321.42,40.2,91.31,0.9692,-1,-1,-1
35,139,1047.26,597.22,71.88,127.58,0.9691,-1,-1,-1
35,136,131.17,515.73,48.02,117.39,0.9664,-1,-1,-1
35,144,193.2,336.92,33.0,98.33,0.9599,-1,-1,-1
35,141,1237.78,414.09,38.87,108.31,0.9576,-1,-1,-1
35,140,0.0,400.16,45.47,114.1,0.953,-1,-1,-1
35,146,1097.07,260.83,35.22,81.39,0.9527,-1,-1,-1
35,154,1413.2,323.32,44.52,79.24,0.8961,-1,-1,-1
35,150,1454.25,318.41,25.33,66.88,0.8385,-1,-1,-1
35,164,1452.8,352.5,22.87,54.81,0.5834,-1,-1,-1
36,152,717.83,461.7,66.16,116.49,0.9757,-1,-1,-1
36,137,602.56,618.06,87.61,135.44,0.9749,-1,-1,-1
36,147,295.09,339.84,67.57,94.8,0.9742,-1,-1,-1
36,139,1050.76,594.97,72.33,128.38,0.9733,-1,-1,-1
36,141,1231.33,409.68,42.83,111.58,0.9727,-1,-1,-1
36,149,1673.94,336.56,41.49,95.26,0.9725,-1,-1,-1
36,143,840.74,404.2,55.8,95.01,0.9712,-1,-1,-1
36,144,189.47,336.72,38.45,97.6,0.97,-1,-1,-1
36,146,1097.01,258.95,40.58,82.92,0.969,-1,-1,-1
36,148,1320.76,320.43,38.04,91.35,0.9684,-1,-1,-1
36,145,396.46,683.05,93.98,136.87,0.9668,-1,-1,-1
36,158,548.0,212.2,48.79,68.06,0.9643,-1,-1,-1
36,136,137.28,513.19,43.37,119.63,0.9636,-1,-1,-1
36,140,1.24,405.67,36.28,107.18,0.9399,-1,-1,-1
36,142,665.45,327.19,58.79,91.58,0.9375,-1,-1,-1
36,154,1407.33,325.91,46.76,74.84,0.8964,-1,-1,-1
36,150,1447.56,314.62,28.41,73.69,0.8091,-1,-1,-1
36,164,1450.14,354.82,21.8,52.28,0.8014,-1,-1,-1
37,144,184.96,335.69,44.18,97.59,0.9772,-1,-1,-1
37,146,1097.56,257.38,48.26,84.81,0.9748,-1,-1,-1
37,137,607.27,621.3,84.28,134.9,0.9747,-1,-1,-1
37,147,306.2,340.04,50.61,94.85,0.9728,-1,-1,-1
37,141,1224.0,406.23,47.29,115.08,0.9727,-1,-1,-1
37,143,840.31,404.49,59.33,89.38,0.9723,-1,-1,-1
37,142,666.77,325.31,67.86,92.96,0.9715,-1,-1,-1
37,136,132.44,510.14,50.46,123.54,0.9713,-1,-1,-1
37,139,1056.22,598.57,68.82,128.46,0.9706,-1,-1,-1
37,145,403.59,691.62,93.3,129.35,0.9696,-1,-1,-1
37,149,1681.07,336.08,37.88,95.68,0.9695,-1,-1,-1
37,158,548.33,208.9,44.77,71.35,0.9691,-1,-1,-1
37,152,720.19,462.51,65.82,115.95,0.9656,-1,-1,-1
37,148,1314.51,319.89,41.33,92.24,0.9629,-1,-1,-1
37,140,2.63,400.92,31.05,113.39,0.9369,-1,-1,-1
37,154,1398.23,328.93,52.02,71.3,0.9081,-1,-1,-1
37,150,1445.92,314.45,26.17,74.57,0.7967,-1,-1,-1
37,164,1448.38,355.61,19.19,51.03,0.7138,-1,-1,-1
38,144,184.93,335.69,44.21,97.63,0.9772,-1,-1,-1
38,146,1097.57,257.39,48.23,84.78,0.9748,-1,-1,-1
38,137,607.28,621.3,84.27,134.89,0.9747,-1,-1,-1
38,147,306.23,340.02,50.55,94.85,0.9728,-1,-1,-1
38,141,1223.99,406.22,47.29,115.04,0.9727,-1,-1,-1
38,143,840.39,404.49,59.15,89.38,0.9722,-1,-1,-1
38,142,666.83,325.31,67.82,92.96,0.9715,-1,-1,-1
38,136,132.44,510.14,50.46,123.54,0.9713,-1,-1,-1
38,139,1056.21,598.53,68.86,128.49,0.9708,-1,-1,-1
38,149,1681.07,336.08,37.87,95.68,0.9695,-1,-1,-1
38,158,548.33,208.89,44.78,71.35,0.9691,-1,-1,-1
38,145,403.53,691.66,93.44,129.31,0.9688,-1,-1,-1
38,152,720.2,462.51,65.82,115.94,0.9655,-1,-1,-1
38,148,1314.5,319.9,41.32,92.23,0.9628,-1,-1,-1
38,140,2.63,401.04,31.05,113.22,0.937,-1,-1,-1
38,154,1398.21,328.93,52.14,71.32,0.9084,-1,-1,-1
38,150,1445.95,314.52,26.14,74.07,0.793,-1,-1,-1
38,164,1448.38,355.6,19.18,51.03,0.7218,-1,-1,-1
39,141,1218.18,404.91,48.61,108.93,0.9765,-1,-1,-1
39,144,181.36,335.47,53.87,100.12,0.9747,-1,-1,-1
39,137,616.12,623.83,71.25,137.1,0.9736,-1,-1,-1
39,136,127.0,506.12,56.42,128.88,0.973,-1,-1,-1
39,139,1062.46,601.99,64.31,126.2,0.9704,-1,-1,-1
39,143,843.66,406.22,58.43,88.8,0.9704,-1,-1,-1
39,142,671.58,326.11,65.57,94.14,0.9703,-1,-1,-1
39,148,1310.18,317.47,38.89,93.66,0.965,-1,-1,-1
39,149,1685.52,335.2,37.04,96.37,0.962,-1,-1,-1
39,158,550.15,208.75,40.67,73.0,0.9581,-1,-1,-1
39,147,318.51,340.78,38.59,93.68,0.9507,-1,-1,-1
39,154,1393.48,335.44,50.95,61.62,0.9475,-1,-1,-1
39,140,0.01,400.43,33.72,113.17,0.9422,-1,-1,-1
39,145,423.28,697.74,72.26,127.8,0.9404,-1,-1,-1
39,146,1103.04,259.13,50.2,85.53,0.9403,-1,-1,-1
39,164,1443.05,340.59,23.36,64.15,0.82,-1,-1,-1
39,152,724.89,464.78,58.38,113.49,0.7071,-1,-1,-1
39,150,1437.18,311.64,30.79,81.06,0.5832,-1,-1,-1
40,144,180.54,336.33,60.45,100.24,0.9763,-1,-1,-1
40,136,124.23,507.01,65.65,128.25,0.976,-1,-1,-1
40,137,627.61,624.98,66.09,137.69,0.9755,-1,-1,-1
40,146,1111.54,257.64,45.5,89.73,0.9741,-1,-1,-1
40,141,1212.5,405.24,50.22,101.2,0.9724,-1,-1,-1
40,143,850.53,407.54,58.67,88.02,0.9695,-1,-1,-1
40,148,1303.22,315.47,41.91,96.16,0.9672,-1,-1,-1
40,142,680.1,328.4,55.17,92.15,0.9658,-1,-1,-1
40,140,0.74,399.28,38.28,114.92,0.954,-1,-1,-1
40,149,1689.81,331.99,36.3,98.69,0.9494,-1,-1,-1
40,139,1075.65,605.81,54.75,123.52,0.9483,-1,-1,-1
40,154,1385.93,340.17,56.04,61.15,0.945,-1,-1,-1
40,147,325.74,339.23,34.73,95.15,0.9433,-1,-1,-1
40,158,556.91,216.35,32.28,66.57,0.9054,-1,-1,-1
40,145,454.8,694.04,46.42,126.45,0.8321,-1,-1,-1
40,150,1432.8,310.72,31.0,57.66,0.7941,-1,-1,-1
40,164,1433.98,326.57,29.38,76.95,0.5932,-1,-1,-1
41,144,180.56,337.14,60.77,102.76,0.9772,-1,-1,-1
41,136,123.23,506.25,71.74,129.54,0.975,-1,-1,-1
41,141,1207.62,405.77,51.3,99.8,0.9724,-1,-1,-1
41,142,692.51,329.56,45.63,90.77,0.9707,-1,-1,-1
41,143,861.69,409.25,54.67,86.08,0.9685,-1,-1,-1
41,147,322.77,337.0,45.01,99.13,0.9684,-1,-1,-1
41,146,1120.07,259.09,34.25,88.61,0.9673,-1,-1,-1
41,139,1087.0,604.03,54.43,126.18,0.9672,-1,-1,-1
41,137,644.36,625.75,57.01,136.71,0.9666,-1,-1,-1
41,148,1297.62,314.38,41.38,89.9,0.9655,-1,-1,-1
41,149,1694.57,329.8,37.63,100.83,0.9647,-1,-1,-1
41,140,0.71,398.16,41.28,115.05,0.9616,-1,-1,-1
41,154,1375.36,344.83,58.45,56.15,0.9346,-1,-1,-1
41,145,464.33,685.22,40.27,120.21,0.9288,-1,-1,-1
41,152,744.81,466.8,39.32,113.61,0.923,-1,-1,-1
41,150,1421.1,310.54,38.67,87.93,0.8735,-1,-1,-1
41,158,562.75,208.34,28.11,72.89,0.8435,-1,-1,-1
42,137,650.77,623.66,56.25,140.1,0.9773,-1,-1,-1
42,144,186.36,340.27,49.5,100.48,0.9754,-1,-1,-1
42,136,123.54,509.82,69.73,125.31,0.9746,-1,-1,-1
42,148,1289.73,314.67,46.22,81.13,0.9718,-1,-1,-1
42,139,1090.87,602.87,52.44,128.95,0.9718,-1,-1,-1
42,143,869.5,408.0,51.38,87.31,0.9716,-1,-1,-1
42,141,1203.07,405.1,50.03,101.56,0.9708,-1,-1,-1
42,147,320.1,335.57,56.73,98.76,0.9706,-1,-1,-1
42,140,0.17,395.48,44.94,114.57,0.9697,-1,-1,-1
42,149,1698.87,326.28,41.27,105.12,0.9695,-1,-1,-1
42,146,1120.85,261.76,37.29,84.02,0.9642,-1,-1,-1
42,158,559.89,209.22,33.82,72.1,0.946,-1,-1,-1
42,142,709.77,327.51,34.0,92.59,0.9439,-1,-1,-1
42,145,455.34,695.0,59.28,135.98,0.9437,-1,-1,-1
42,154,1367.66,350.03,60.16,52.24,0.9384,-1,-1,-1
42,150,1417.4,310.53,40.66,87.87,0.9381,-1,-1,-1
42,152,752.93,466.92,36.9,114.72,0.9029,-1,-1,-1
43,137,649.04,621.26,65.18,144.26,0.9801,-1,-1,-1
43,139,1092.65,600.15,54.2,131.64,0.9752,-1,-1,-1
43,146,1123.35,261.51,41.99,85.62,0.9739,-1,-1,-1
43,147,320.85,337.09,69.39,93.46,0.9735,-1,-1,-1
43,145,454.38,685.51,72.35,147.61,0.9722,-1,-1,-1
43,148,1275.98,316.26,58.92,81.0,0.9721,-1,-1,-1
43,141,1200.35,403.71,47.59,102.8,0.972,-1,-1,-1
43,144,194.3,340.34,39.03,99.78,0.9709,-1,-1,-1
43,136,128.98,512.3,57.31,122.34,0.9709,-1,-1,-1
43,140,0.0,395.58,51.69,118.8,0.97,-1,-1,-1
43,143,868.02,407.91,61.87,87.62,0.9691,-1,-1,-1
43,149,1703.55,323.66,40.5,107.11,0.9691,-1,-1,-1
43,142,707.82,326.72,44.71,93.77,0.9686,-1,-1,-1
43,158,556.84,213.02,42.5,67.15,0.9645,-1,-1,-1
43,152,749.42,464.2,47.07,117.19,0.9549,-1,-1,-1
43,150,1417.43,313.98,39.87,87.1,0.9494,-1,-1,-1
43,154,1365.22,353.41,66.32,48.82,0.9319,-1,-1,-1
44,137,649.04,621.26,65.17,144.25,0.9801,-1,-1,-1
44,139,1092.66,600.12,54.19,131.65,0.9753,-1,-1,-1
44,146,1123.37,261.49,41.99,85.64,0.9738,-1,-1,-1
44,147,320.85,337.08,69.4,93.51,0.9736,-1,-1,-1
44,145,454.39,685.48,72.33,147.65,0.9721,-1,-1,-1
44,148,1275.91,316.26,59.01,80.99,0.9721,-1,-1,-1
44,141,1200.29,403.69,47.66,102.81,0.972,-1,-1,-1
44,144,194.24,340.31,39.11,99.75,0.9711,-1,-1,-1
44,136,129.0,512.43,57.46,122.23,0.9707,-1,-1,-1
44,140,0.0,395.57,51.69,118.83,0.97,-1,-1,-1
44,149,1703.54,323.67,40.51,107.13,0.9692,-1,-1,-1
44,143,868.0,407.9,62.21,87.65,0.9691,-1,-1,-1
44,142,707.83,326.77,44.69,93.71,0.9685,-1,-1,-1
44,158,556.84,213.09,42.64,67.09,0.9646,-1,-1,-1
44,152,749.44,464.21,47.02,117.19,0.9538,-1,-1,-1
44,150,1417.74,313.94,39.47,87.02,0.9483,-1,-1,-1
44,154,1365.18,353.42,66.3,48.81,0.9326,-1,-1,-1
45,137,650.68,619.52,68.87,148.85,0.9798,-1,-1,-1
45,139,1095.89,597.35,59.4,134.21,0.9757,-1,-1,-1
45,136,138.39,511.94,48.01,123.06,0.9753,-1,-1,-1
45,141,1199.94,403.28,46.04,103.06,0.9735,-1,-1,-1
45,143,869.4,405.17,69.2,89.26,0.9729,-1,-1,-1
45,147,324.14,337.34,74.84,93.83,0.971,-1,-1,-1
45,145,457.02,688.21,82.47,144.48,0.9708,-1,-1,-1
45,142,709.15,323.96,50.9,97.24,0.9708,-1,-1,-1
45,146,1126.48,262.79,50.01,85.98,0.9674,-1,-1,-1
45,149,1705.91,323.08,46.81,101.0,0.9666,-1,-1,-1
45,158,557.08,208.17,53.51,72.59,0.9665,-1,-1,-1
45,148,1267.69,317.36,62.8,79.38,0.966,-1,-1,-1
45,140,0.0,397.43,53.88,117.17,0.9599,-1,-1,-1
45,144,204.86,339.03,34.75,101.41,0.952,-1,-1,-1
45,152,749.38,461.33,54.7,119.77,0.9504,-1,-1,-1
45,154,1362.53,357.37,54.18,43.34,0.9324,-1,-1,-1
45,150,1405.39,314.6,45.25,86.07,0.8173,-1,-1,-1
46,137,653.16,619.72,77.37,145.52,0.9788,-1,-1,-1
46,139,1100.89,597.0,64.75,135.11,0.9767,-1,-1,-1
46,143,870.27,404.72,75.99,90.9,0.9756,-1,-1,-1
46,142,711.0,322.69,58.76,94.99,0.9742,-1,-1,-1
46,146,1129.69,265.47,52.93,85.38,0.9731,-1,-1,-1
46,149,1710.22,321.81,49.06,97.66,0.9724,-1,-1,-1
46,141,1201.6,400.97,43.84,103.22,0.9719,-1,-1,-1
46,136,149.87,511.69,42.51,123.15,0.9705,-1,-1,-1
46,144,206.01,337.91,38.71,101.49,0.969,-1,-1,-1
46,147,331.91,338.65,66.13,92.95,0.9675,-1,-1,-1
46,145,460.96,689.7,98.17,135.54,0.9658,-1,-1,-1
46,158,558.44,203.28,53.99,76.23,0.9648,-1,-1,-1
46,148,1265.08,316.23,59.78,79.05,0.9635,-1,-1,-1
46,140,2.37,397.26,51.94,119.38,0.9573,-1,-1,-1
46,152,749.54,459.76,61.88,122.4,0.9537,-1,-1,-1
46,154,1361.09,359.29,44.64,40.78,0.905,-1,-1,-1
46,164,1413.82,322.01,45.39,79.79,0.8469,-1,-1,-1
46,150,1403.16,317.31,39.04,70.19,0.6509,-1,-1,-1
47,137,656.0,620.13,88.53,139.13,0.9792,-1,-1,-1
47,144,203.88,336.47,46.0,103.0,0.9763,-1,-1,-1
47,139,1106.43,597.87,66.32,131.7,0.9754,-1,-1,-1
47,142,715.49,321.14,66.65,95.87,0.974,-1,-1,-1
47,152,751.42,458.79,69.76,121.41,0.9727,-1,-1,-1
47,141,1200.25,397.94,46.45,106.54,0.972,-1,-1,-1
47,149,1715.08,321.2,52.98,97.88,0.9716,-1,-1,-1
47,143,880.9,404.93,71.79,85.01,0.9715,-1,-1,-1
47,136,152.56,511.8,45.02,123.18,0.9704,-1,-1,-1
47,146,1135.07,268.6,60.63,82.2,0.969,-1,-1,-1
47,147,345.58,336.34,48.24,95.8,0.9664,-1,-1,-1
47,140,5.82,398.6,44.83,116.25,0.9468,-1,-1,-1
47,145,467.22,699.5,105.71,124.85,0.9422,-1,-1,-1
47,148,1270.0,314.3,48.96,75.15,0.9303,-1,-1,-1
47,158,564.87,206.74,46.66,73.16,0.9095,-1,-1,-1
47,154,1360.19,356.19,49.13,43.37,0.8951,-1,-1,-1
47,164,1402.94,320.06,54.12,78.94,0.8334,-1,-1,-1
47,166,1392.87,357.89,33.69,40.64,0.6478,-1,-1,-1
48,137,664.24,620.84,89.08,140.41,0.9848,-1,-1,-1
48,139,1113.22,597.58,63.23,131.32,0.9755,-1,-1,-1
48,144,202.66,335.4,52.65,104.52,0.9742,-1,-1,-1
48,141,1198.62,397.19,49.46,105.81,0.9733,-1,-1,-1
48,136,146.2,508.61,57.47,128.05,0.9724,-1,-1,-1
48,140,2.76,396.85,48.83,117.34,0.9714,-1,-1,-1
48,146,1140.72,269.76,68.45,80.04,0.9681,-1,-1,-1
48,142,722.45,322.31,65.55,95.56,0.9672,-1,-1,-1
48,148,1271.85,312.58,47.1,80.3,0.9648,-1,-1,-1
48,149,1722.65,320.56,49.21,98.38,0.9644,-1,-1,-1
48,145,481.42,709.74,90.94,122.83,0.9589,-1,-1,-1
48,164,1400.58,321.57,57.86,79.7,0.9348,-1,-1,-1
48,143,910.49,405.5,49.16,85.13,0.9334,-1,-1,-1
48,147,361.6,334.75,36.11,97.06,0.927,-1,-1,-1
48,152,755.04,458.97,74.12,119.57,0.926,-1,-1,-1
48,154,1359.65,353.48,53.38,46.93,0.9214,-1,-1,-1
48,158,590.41,204.48,21.43,74.38,0.8749,-1,-1,-1
48,166,1397.15,360.21,36.38,39.1,0.35,-1,-1,-1
49,144,202.37,335.1,63.93,105.5,0.9786,-1,-1,-1
49,136,142.98,506.46,65.77,130.86,0.9751,-1,-1,-1
49,137,675.49,624.33,75.78,139.19,0.9724,-1,-1,-1
49,146,1146.86,272.11,72.88,78.44,0.9722,-1,-1,-1
49,141,1194.1,397.51,56.86,103.82,0.9719,-1,-1,-1
49,142,738.36,323.37,49.59,94.52,0.9696,-1,-1,-1
49,139,1128.16,598.12,50.71,132.48,0.9683,-1,-1,-1
49,148,1266.98,310.5,52.7,83.03,0.9652,-1,-1,-1
49,140,15.27,397.18,42.02,117.18,0.9648,-1,-1,-1
49,143,926.77,405.53,35.74,84.8,0.9445,-1,-1,-1
49,149,1728.13,316.71,52.94,102.43,0.9392,-1,-1,-1
49,154,1358.62,352.93,55.57,48.98,0.9361,-1,-1,-1
49,147,372.04,335.87,32.36,93.88,0.9239,-1,-1,-1
49,145,503.84,706.57,73.53,126.55,0.8868,-1,-1,-1
49,158,589.18,204.27,27.24,73.93,0.8848,-1,-1,-1
49,164,1398.72,322.09,56.66,74.93,0.8268,-1,-1,-1
50,144,202.28,335.07,63.99,105.57,0.9786,-1,-1,-1
50,136,143.0,506.36,65.74,131.05,0.9752,-1,-1,-1
50,137,675.4,624.29,75.78,139.19,0.9729,-1,-1,-1
50,146,1146.74,272.1,73.11,78.44,0.9723,-1,-1,-1
50,141,1194.09,397.56,56.89,103.85,0.972,-1,-1,-1
50,142,738.08,323.36,49.85,94.63,0.9698,-1,-1,-1
50,139,1128.2,598.16,50.67,132.37,0.9684,-1,-1,-1
50,148,1267.16,310.53,52.6,83.01,0.9648,-1,-1,-1
50,140,15.15,397.19,42.18,117.18,0.964,-1,-1,-1
50,143,926.98,405.55,35.51,84.73,0.9452,-1,-1,-1
50,149,1728.11,316.82,52.93,102.52,0.9436,-1,-1,-1
50,154,1358.65,352.91,55.27,48.95,0.936,-1,-1,-1
50,147,372.03,336.19,32.36,93.54,0.9206,-1,-1,-1
50,158,589.6,204.25,26.96,74.07,0.8955,-1,-1,-1
50,145,504.16,705.63,73.72,127.4,0.892,-1,-1,-1
50,164,1412.71,323.2,45.42,74.98,0.8118,-1,-1,-1
50,150,1397.35,321.72,41.03,72.63,0.4688,-1,-1,-1
51,136,143.94,504.67,75.24,134.45,0.9761,-1,-1,-1
51,144,204.92,336.03,67.22,105.94,0.9758,-1,-1,-1
51,140,15.06,393.82,48.41,120.33,0.9754,-1,-1,-1
51,143,930.05,405.1,40.97,85.56,0.9728,-1,-1,-1
51,139,1143.48,602.27,44.3,130.42,0.9725,-1,-1,-1
51,149,1733.64,314.69,52.6,102.26,0.9722,-1,-1,-1
51,137,693.43,625.65,63.4,139.97,0.9686,-1,-1,-1
51,141,1191.86,398.06,59.7,99.21,0.9664,-1,-1,-1
51,147,370.45,331.36,41.85,99.28,0.9627,-1,-1,-1
51,148,1271.03,308.79,48.32,84.24,0.9625,-1,-1,-1
51,145,539.76,690.97,55.88,141.42,0.9595,-1,-1,-1
51,146,1152.24,272.92,67.96,77.13,0.9594,-1,-1,-1
51,158,590.89,206.01,32.49,73.42,0.933,-1,-1,-1
51,154,1358.92,352.06,56.28,51.2,0.9304,-1,-1,-1
51,142,760.53,323.12,32.52,94.17,0.9285,-1,-1,-1
51,164,1398.24,321.9,54.9,73.17,0.8891,-1,-1,-1
52,144,209.37,337.2,63.64,107.58,0.9747,-1,-1,-1
52,137,712.7,626.37,50.04,137.99,0.973,-1,-1,-1
52,136,146.48,504.59,77.63,130.93,0.9728,-1,-1,-1
52,140,12.15,391.18,57.62,123.43,0.9724,-1,-1,-1
52,149,1738.25,311.63,48.58,104.99,0.9711,-1,-1,-1
52,148,1267.14,307.58,47.68,82.64,0.97,-1,-1,-1
52,147,369.54,329.76,52.52,99.63,0.9696,-1,-1,-1
52,143,929.49,403.97,53.73,87.01,0.9696,-1,-1,-1
52,139,1153.69,601.5,40.28,130.52,0.9694,-1,-1,-1
52,145,542.11,692.33,62.13,142.02,0.9675,-1,-1,-1
52,141,1191.63,397.8,60.77,98.88,0.9665,-1,-1,-1
52,146,1159.91,274.31,59.13,76.75,0.9662,-1,-1,-1
52,158,590.75,200.9,42.12,77.47,0.9615,-1,-1,-1
52,164,1398.16,319.57,53.56,73.88,0.9578,-1,-1,-1
52,142,770.13,321.75,29.11,94.04,0.9477,-1,-1,-1
52,154,1359.8,350.83,62.35,51.89,0.8966,-1,-1,-1
52,152,791.0,464.59,43.02,117.32,0.5855,-1,-1,-1
53,145,541.36,689.14,74.52,147.44,0.9755,-1,-1,-1
53,149,1744.27,310.63,45.56,104.81,0.9752,-1,-1,-1
53,147,370.73,326.58,66.53,98.37,0.9742,-1,-1,-1
53,144,219.11,338.77,51.67,105.72,0.9737,-1,-1,-1
53,137,722.98,623.46,51.17,142.37,0.9733,-1,-1,-1
53,139,1159.53,600.62,43.22,131.58,0.9728,-1,-1,-1
53,143,931.55,401.76,65.78,85.77,0.9723,-1,-1,-1
53,136,151.08,508.59,73.35,127.17,0.9705,-1,-1,-1
53,140,11.88,389.63,66.44,125.22,0.9702,-1,-1,-1
53,158,593.5,200.51,48.65,76.18,0.9698,-1,-1,-1
53,146,1164.27,273.38,59.55,78.48,0.9686,-1,-1,-1
53,142,771.23,317.48,42.82,99.48,0.9682,-1,-1,-1
53,148,1263.2,308.3,50.31,79.58,0.9678,-1,-1,-1
53,164,1399.19,316.73,51.04,80.11,0.9558,-1,-1,-1
53,141,1195.29,397.59,58.09,97.84,0.9438,-1,-1,-1
53,154,1358.66,349.95,61.64,52.91,0.9188,-1,-1,-1
54,137,723.04,621.2,63.07,146.74,0.977,-1,-1,-1
54,140,14.46,389.51,78.89,124.16,0.9757,-1,-1,-1
54,145,551.98,684.09,73.63,151.1,0.9751,-1,-1,-1
54,142,771.68,315.58,54.62,101.56,0.9749,-1,-1,-1
54,149,1747.84,310.24,47.41,104.27,0.9745,-1,-1,-1
54,143,937.17,401.08,77.81,88.83,0.9743,-1,-1,-1
54,139,1161.19,596.55,51.82,137.0,0.9731,-1,-1,-1
54,147,376.69,325.98,68.77,95.73,0.9709,-1,-1,-1
54,141,1200.9,393.41,55.32,99.86,0.9698,-1,-1,-1
54,146,1168.7,275.04,62.0,79.32,0.9696,-1,-1,-1
54,144,231.58,339.25,41.01,104.93,0.9695,-1,-1,-1
54,148,1257.77,308.47,51.55,77.67,0.9678,-1,-1,-1
54,136,160.86,516.75,61.9,120.08,0.9587,-1,-1,-1
54,158,596.3,203.02,56.7,71.84,0.9578,-1,-1,-1
54,164,1400.07,312.39,50.6,82.96,0.9544,-1,-1,-1
54,152,804.99,461.07,44.38,122.79,0.9496,-1,-1,-1
54,154,1359.32,350.18,61.04,52.48,0.9285,-1,-1,-1
55,137,726.45,619.91,70.95,149.4,0.978,-1,-1,-1
55,139,1164.5,595.16,57.53,138.04,0.9751,-1,-1,-1
55,142,775.8,316.13,63.43,97.24,0.9741,-1,-1,-1
55,147,383.6,326.17,66.16,95.89,0.9727,-1,-1,-1
55,140,18.4,391.23,82.35,121.0,0.9704,-1,-1,-1
55,141,1206.58,393.61,53.7,99.8,0.9703,-1,-1,-1
55,149,1752.53,311.55,48.4,102.32,0.9697,-1,-1,-1
55,148,1253.16,306.09,47.05,79.66,0.9691,-1,-1,-1
55,136,171.39,512.4,57.38,124.38,0.9682,-1,-1,-1
55,143,948.15,401.44,78.08,87.04,0.9656,-1,-1,-1
55,144,244.66,338.65,36.09,104.45,0.9637,-1,-1,-1
55,146,1175.16,278.26,65.21,76.35,0.963,-1,-1,-1
55,164,1401.7,309.75,46.37,85.45,0.9586,-1,-1,-1
55,145,556.3,693.05,85.48,137.22,0.9545,-1,-1,-1
55,154,1359.27,350.32,59.32,52.09,0.9532,-1,-1,-1
55,158,604.77,200.43,53.81,75.59,0.9449,-1,-1,-1
55,152,809.37,457.18,48.58,125.4,0.866,-1,-1,-1
56,137,726.47,619.87,70.91,149.44,0.9779,-1,-1,-1
56,139,1164.38,595.15,57.64,138.09,0.9754,-1,-1,-1
56,142,775.82,316.16,63.52,97.22,0.9741,-1,-1,-1
56,147,383.58,326.19,66.09,95.86,0.9727,-1,-1,-1
56,140,18.38,391.29,82.28,120.97,0.9703,-1,-1,-1
56,141,1206.6,393.6,53.68,99.81,0.9702,-1,-1,-1
56,149,1752.53,311.54,48.28,102.32,0.9696,-1,-1,-1
56,148,1253.18,306.09,47.04,79.68,0.9691,-1,-1,-1
56,136,171.39,512.09,57.15,124.58,0.9686,-1,-1,-1
56,143,948.31,401.42,78.13,87.0,0.966,-1,-1,-1
56,144,244.64,338.62,36.05,104.53,0.9637,-1,-1,-1
56,146,1175.14,278.31,65.38,76.28,0.9634,-1,-1,-1
56,164,1401.7,309.71,46.62,84.83,0.9567,-1,-1,-1
56,145,556.27,692.68,85.45,137.61,0.9541,-1,-1,-1
56,154,1359.33,350.3,59.1,52.1,0.9531,-1,-1,-1
56,158,605.0,200.51,53.5,75.49,0.9427,-1,-1,-1
56,152,809.33,457.2,48.55,125.41,0.879,-1,-1,-1
57,137,731.28,618.4,83.98,148.47,0.9784,-1,-1,-1
57,142,781.91,313.43,71.74,99.36,0.9731,-1,-1,-1
57,141,1210.08,393.82,52.55,98.12,0.9711,-1,-1,-1
57,136,183.79,510.74,49.4,125.47,0.9702,-1,-1,-1
57,145,564.11,690.26,92.41,138.22,0.9699,-1,-1,-1
57,149,1757.74,312.29,49.03,99.78,0.9697,-1,-1,-1
57,144,247.73,337.24,40.21,107.01,0.9695,-1,-1,-1
57,148,1247.21,303.54,43.27,81.92,0.9688,-1,-1,-1
57,147,395.12,327.14,52.21,95.84,0.9678,-1,-1,-1
57,140,27.2,398.3,73.1,114.12,0.9669,-1,-1,-1
57,139,1168.02,597.65,69.23,135.16,0.9651,-1,-1,-1
57,146,1180.26,279.79,63.77,75.64,0.9609,-1,-1,-1
57,164,1402.35,308.82,45.65,85.61,0.9591,-1,-1,-1
57,143,973.23,401.62,61.14,87.33,0.9576,-1,-1,-1
57,154,1360.08,350.11,60.34,52.57,0.9533,-1,-1,-1
57,152,813.88,455.74,52.79,128.01,0.8809,-1,-1,-1
57,158,633.99,206.29,26.38,71.46,0.7976,-1,-1,-1
58,137,737.36,616.47,92.41,144.17,0.9785,-1,-1,-1
58,144,248.77,335.94,47.06,107.43,0.9771,-1,-1,-1
58,136,191.59,507.16,50.14,129.27,0.9734,-1,-1,-1
58,142,791.26,314.22,66.6,98.35,0.9727,-1,-1,-1
58,148,1240.68,300.84,47.09,83.84,0.9718,-1,-1,-1
58,141,1210.45,395.13,53.5,93.39,0.9717,-1,-1,-1
58,149,1764.23,313.06,47.27,98.9,0.9692,-1,-1,-1
58,139,1172.85,595.34,73.59,133.18,0.969,-1,-1,-1
58,152,817.78,455.27,60.43,123.06,0.9653,-1,-1,-1
58,140,39.15,406.88,58.42,106.0,0.9642,-1,-1,-1
58,164,1405.48,307.88,43.83,88.61,0.9589,-1,-1,-1
58,143,996.64,402.07,47.22,86.39,0.9573,-1,-1,-1
58,147,410.16,326.38,39.82,96.59,0.9558,-1,-1,-1
58,154,1361.88,348.74,58.12,53.38,0.9546,-1,-1,-1
58,145,579.65,694.65,85.91,137.88,0.9479,-1,-1,-1
58,146,1184.49,280.83,59.73,72.6,0.9453,-1,-1,-1
58,158,640.83,205.06,23.29,71.39,0.8386,-1,-1,-1
59,137,744.01,619.54,93.51,143.61,0.9822,-1,-1,-1
59,136,190.53,503.76,55.6,132.18,0.9755,-1,-1,-1
59,144,250.24,335.67,53.66,106.82,0.975,-1,-1,-1
59,141,1210.95,395.94,55.17,91.98,0.973,-1,-1,-1
59,139,1181.97,594.08,70.44,135.65,0.9717,-1,-1,-1
59,142,807.55,313.75,52.46,98.41,0.9715,-1,-1,-1
59,149,1775.82,312.19,45.18,97.22,0.9705,-1,-1,-1
59,148,1235.04,297.27,51.8,85.71,0.9683,-1,-1,-1
59,143,1013.69,399.47,42.13,88.47,0.9632,-1,-1,-1
59,164,1407.21,305.75,41.75,90.86,0.961,-1,-1,-1
59,140,58.89,393.89,41.63,118.54,0.9598,-1,-1,-1
59,154,1364.27,347.35,60.49,55.42,0.9486,-1,-1,-1
59,158,643.59,198.98,29.58,76.88,0.9405,-1,-1,-1
59,152,823.72,455.07,60.94,120.48,0.9342,-1,-1,-1
59,146,1193.4,282.94,51.51,71.53,0.9281,-1,-1,-1
59,147,423.15,326.17,30.84,96.28,0.9261,-1,-1,-1
59,145,605.52,705.12,62.4,127.81,0.8372,-1,-1,-1
60,136,191.58,502.25,63.54,135.11,0.9783,-1,-1,-1
60,144,253.52,334.94,62.15,108.99,0.9775,-1,-1,-1
60,141,1211.63,396.57,60.3,91.3,0.9753,-1,-1,-1
60,137,761.45,621.54,78.12,143.28,0.9752,-1,-1,-1
60,149,1782.87,310.12,46.63,96.79,0.9725,-1,-1,-1
60,148,1226.42,293.61,54.76,89.69,0.9724,-1,-1,-1
60,143,1017.09,397.7,53.03,90.59,0.9704,-1,-1,-1
60,140,68.44,395.22,43.4,116.11,0.9694,-1,-1,-1
60,139,1190.47,596.35,70.73,133.99,0.9674,-1,-1,-1
60,142,825.09,315.14,42.08,96.2,0.9628,-1,-1,-1
60,158,645.17,198.05,38.45,76.28,0.9574,-1,-1,-1
60,164,1409.97,305.1,39.81,92.0,0.9572,-1,-1,-1
60,154,1366.66,346.81,57.65,56.15,0.9566,-1,-1,-1
60,147,427.76,320.27,36.32,102.99,0.9495,-1,-1,-1
60,146,1197.94,287.88,31.06,67.08,0.9136,-1,-1,-1
60,145,636.55,703.28,45.31,129.27,0.6913,-1,-1,-1
60,152,838.51,456.23,50.56,120.04,0.5918,-1,-1,-1
61,137,776.7,622.49,75.09,144.02,0.9787,-1,-1,-1
61,136,194.73,500.51,70.03,136.85,0.9767,-1,-1,-1
61,144,258.75,335.7,61.11,110.06,0.9749,-1,-1,-1
61,141,1212.36,396.31,65.72,91.61,0.9747,-1,-1,-1
61,147,430.93,317.43,41.91,103.41,0.972,-1,-1,-1
61,143,1023.64,395.63,61.28,93.65,0.9702,-1,-1,-1
61,149,1788.87,308.2,47.58,95.4,0.9691,-1,-1,-1
61,139,1206.29,595.95,66.22,136.35,0.9676,-1,-1,-1
61,140,66.45,390.8,53.67,120.57,0.9658,-1,-1,-1
61,158,648.43,196.9,46.5,77.66,0.9653,-1,-1,-1
61,142,838.44,313.35,38.52,97.68,0.9636,-1,-1,-1
61,148,1221.01,292.37,53.01,89.53,0.96,-1,-1,-1
61,164,1415.43,306.11,37.2,88.01,0.9531,-1,-1,-1
61,154,1367.9,347.18,66.18,55.5,0.9286,-1,-1,-1
61,145,637.73,711.74,59.44,123.0,0.9148,-1,-1,-1
61,146,1200.73,291.27,25.54,61.97,0.9137,-1,-1,-1
61,152,853.41,455.9,39.12,122.06,0.6002,-1,-1,-1
62,137,776.62,622.53,74.86,144.02,0.9784,-1,-1,-1
62,136,194.7,500.49,70.0,136.88,0.9767,-1,-1,-1
62,144,258.76,335.71,61.07,110.11,0.9749,-1,-1,-1
62,141,1212.36,396.35,65.73,91.57,0.9746,-1,-1,-1
62,147,430.96,317.47,41.81,103.45,0.9718,-1,-1,-1
62,143,1023.64,395.7,61.42,93.59,0.9695,-1,-1,-1
62,149,1788.85,308.2,47.66,95.32,0.9691,-1,-1,-1
62,139,1206.26,596.02,66.2,136.22,0.9673,-1,-1,-1
62,140,66.51,390.69,53.59,120.71,0.9653,-1,-1,-1
62,158,648.44,197.03,46.42,77.53,0.965,-1,-1,-1
62,142,838.49,313.34,38.29,97.7,0.9629,-1,-1,-1
62,148,1221.12,292.44,52.82,89.41,0.9598,-1,-1,-1
62,164,1415.18,306.03,37.43,88.25,0.953,-1,-1,-1
62,154,1367.96,347.1,65.88,55.56,0.9304,-1,-1,-1
62,145,637.74,711.53,59.46,123.25,0.9169,-1,-1,-1
62,146,1200.74,291.69,25.56,61.56,0.9131,-1,-1,-1
62,152,853.35,455.92,39.25,122.08,0.6265,-1,-1,-1
62,170,656.85,679.52,37.91,105.19,0.5746,-1,-1,-1
63,147,434.03,317.04,51.68,99.27,0.9766,-1,-1,-1
63,144,267.25,337.53,50.67,109.39,0.9752,-1,-1,-1
63,149,1795.7,306.4,44.74,96.17,0.9738,-1,-1,-1
63,143,1027.69,393.89,75.49,94.66,0.9731,-1,-1,-1
63,136,199.27,501.05,72.88,133.2,0.973,-1,-1,-1
63,141,1212.21,394.45,75.51,93.44,0.9727,-1,-1,-1
63,137,801.05,622.58,59.8,142.91,0.9701,-1,-1,-1
63,142,844.27,311.27,43.58,100.41,0.9681,-1,-1,-1
63,145,638.08,683.92,74.77,150.7,0.9679,-1,-1,-1
63,158,652.56,194.21,56.18,79.27,0.9657,-1,-1,-1
63,140,65.59,387.05,62.06,124.76,0.9636,-1,-1,-1
63,139,1222.32,596.06,58.51,135.84,0.9626,-1,-1,-1
63,164,1418.46,306.05,36.47,85.0,0.9598,-1,-1,-1
63,154,1372.69,346.22,55.15,55.38,0.9378,-1,-1,-1
63,148,1218.4,295.13,41.06,84.99,0.9182,-1,-1,-1
63,152,864.01,455.82,37.55,121.19,0.8629,-1,-1,-1
63,146,1204.51,290.37,26.1,62.27,0.7822,-1,-1,-1
64,141,1214.3,394.11,82.22,91.51,0.9768,-1,-1,-1
64,142,848.5,308.75,49.1,103.24,0.9735,-1,-1,-1
64,145,647.11,681.78,82.2,153.54,0.9735,-1,-1,-1
64,147,437.39,313.81,58.3,99.87,0.9731,-1,-1,-1
64,136,208.17,503.67,64.35,130.56,0.9703,-1,-1,-1
64,137,811.84,619.83,60.66,147.33,0.9702,-1,-1,-1
64,139,1231.85,593.46,55.81,137.51,0.9698,-1,-1,-1
64,149,1801.07,304.74,43.59,95.12,0.9686,-1,-1,-1
64,140,66.54,382.58,71.91,128.83,0.9686,-1,-1,-1
64,143,1039.79,393.1,81.96,97.63,0.9668,-1,-1,-1
64,144,283.46,339.1,40.67,107.51,0.9642,-1,-1,-1
64,158,661.02,192.26,58.54,78.72,0.9577,-1,-1,-1
64,152,868.48,455.28,42.39,123.19,0.9424,-1,-1,-1
64,148,1201.2,295.77,47.37,83.68,0.9409,-1,-1,-1
64,164,1421.89,304.49,34.54,86.51,0.9268,-1,-1,-1
64,154,1375.26,345.96,60.15,56.34,0.9022,-1,-1,-1
65,137,815.79,616.55,65.9,149.57,0.9813,-1,-1,-1
65,141,1221.5,392.48,84.99,94.34,0.9792,-1,-1,-1
65,139,1235.63,592.6,58.37,137.11,0.9754,-1,-1,-1
65,136,217.91,505.99,54.96,128.08,0.9735,-1,-1,-1
65,147,444.72,314.63,56.41,99.95,0.9719,-1,-1,-1
65,148,1190.9,287.62,53.71,91.24,0.9716,-1,-1,-1
65,140,71.52,381.46,79.11,129.34,0.9714,-1,-1,-1
65,142,852.84,307.87,54.89,101.05,0.97,-1,-1,-1
65,152,870.02,452.68,51.28,125.85,0.9699,-1,-1,-1
65,149,1806.09,304.89,41.01,92.57,0.9688,-1,-1,-1
65,145,652.13,689.06,97.97,135.15,0.9623,-1,-1,-1
65,143,1056.65,392.99,76.43,99.74,0.9615,-1,-1,-1
65,144,293.68,338.83,38.33,107.11,0.9613,-1,-1,-1
65,154,1376.85,345.57,57.17,56.13,0.9394,-1,-1,-1
65,158,686.8,193.66,39.36,78.69,0.936,-1,-1,-1
65,146,1225.44,290.03,26.34,63.24,0.8771,-1,-1,-1
65,164,1426.85,309.25,31.15,84.11,0.821,-1,-1,-1
66,137,819.56,613.17,70.88,155.71,0.9794,-1,-1,-1
66,142,863.33,308.65,57.72,94.18,0.9758,-1,-1,-1
66,136,233.05,505.13,46.19,130.49,0.9748,-1,-1,-1
66,144,297.78,338.35,42.57,107.78,0.9728,-1,-1,-1
66,141,1232.38,391.42,82.62,93.93,0.9726,-1,-1,-1
66,147,456.28,314.03,45.87,99.38,0.9714,-1,-1,-1
66,148,1183.32,285.98,53.0,90.51,0.9709,-1,-1,-1
66,139,1242.13,589.81,65.28,141.14,0.9698,-1,-1,-1
66,152,871.66,450.7,59.49,127.03,0.9652,-1,-1,-1
66,140,78.56,383.16,76.91,125.8,0.9579,-1,-1,-1
66,154,1379.04,346.55,54.44,55.56,0.9578,-1,-1,-1
66,149,1812.24,305.58,40.01,91.11,0.955,-1,-1,-1
66,143,1088.94,393.7,43.58,99.12,0.9422,-1,-1,-1
66,145,661.49,698.29,105.88,124.8,0.9303,-1,-1,-1
66,158,695.93,195.65,30.26,76.94,0.926,-1,-1,-1
66,146,1227.32,292.4,25.1,60.39,0.9225,-1,-1,-1
66,164,1430.76,304.85,32.75,85.14,0.9185,-1,-1,-1
67,139,1248.81,589.66,66.11,138.58,0.9759,-1,-1,-1
67,137,824.75,611.49,79.71,154.13,0.9757,-1,-1,-1
67,144,298.72,336.75,49.73,109.34,0.9754,-1,-1,-1
67,148,1178.04,283.35,54.24,93.06,0.9746,-1,-1,-1
67,152,874.89,449.39,68.33,128.11,0.9745,-1,-1,-1
67,136,243.56,503.85,44.81,131.34,0.9723,-1,-1,-1
67,142,871.57,308.74,55.96,94.76,0.9705,-1,-1,-1
67,149,1813.29,304.23,44.71,90.96,0.9643,-1,-1,-1
67,145,679.41,716.95,93.18,112.72,0.9632,-1,-1,-1
67,140,87.7,387.57,66.28,121.51,0.957,-1,-1,-1
67,154,1380.38,344.48,54.83,57.28,0.9446,-1,-1,-1
67,147,466.66,313.99,36.3,100.22,0.9429,-1,-1,-1
67,143,1099.8,392.31,39.98,100.01,0.9408,-1,-1,-1
67,141,1257.81,391.64,66.07,94.2,0.9378,-1,-1,-1
67,158,704.23,194.8,26.94,76.68,0.9017,-1,-1,-1
67,164,1441.53,309.09,27.3,83.38,0.8842,-1,-1,-1
67,146,1222.21,287.77,31.86,65.66,0.8613,-1,-1,-1
68,139,1248.7,589.67,66.28,138.65,0.9759,-1,-1,-1
68,137,824.71,611.47,79.75,154.16,0.9757,-1,-1,-1
68,144,298.75,336.75,49.69,109.31,0.9753,-1,-1,-1
68,148,1178.13,283.3,54.2,93.14,0.9748,-1,-1,-1
68,152,874.9,449.41,68.34,128.13,0.9745,-1,-1,-1
68,136,243.59,503.82,44.82,131.31,0.9724,-1,-1,-1
68,142,871.35,308.74,56.14,94.78,0.9707,-1,-1,-1
68,149,1813.1,304.26,45.01,90.94,0.9646,-1,-1,-1
68,145,679.29,716.9,93.19,112.75,0.9631,-1,-1,-1
68,140,87.73,387.54,66.11,121.53,0.9565,-1,-1,-1
68,154,1380.62,344.52,55.09,57.1,0.9448,-1,-1,-1
68,143,1099.28,392.25,40.56,100.12,0.9442,-1,-1,-1
68,147,466.57,314.0,36.3,100.19,0.9431,-1,-1,-1
68,141,1257.65,391.63,66.13,94.19,0.9377,-1,-1,-1
68,158,704.44,194.77,26.8,76.81,0.8998,-1,-1,-1
68,164,1441.52,308.85,27.32,83.35,0.8843,-1,-1,-1
68,146,1223.31,287.95,30.78,65.42,0.8596,-1,-1,-1
68,171,1436.24,298.73,25.31,58.95,0.7283,-1,-1,-1
69,137,831.32,611.92,88.17,147.43,0.979,-1,-1,-1
69,144,300.84,335.57,54.98,110.58,0.9776,-1,-1,-1
69,152,881.45,449.63,75.1,122.65,0.9745,-1,-1,-1
69,136,243.54,502.57,53.46,131.99,0.9743,-1,-1,-1
69,139,1255.49,589.45,67.2,135.52,0.9743,-1,-1,-1
69,148,1173.71,283.0,52.17,94.97,0.972,-1,-1,-1
69,142,888.42,308.92,41.24,93.79,0.9669,-1,-1,-1
69,140,102.12,385.55,53.41,123.47,0.9651,-1,-1,-1
69,141,1274.37,391.63,59.33,93.73,0.9636,-1,-1,-1
69,149,1817.43,305.7,44.52,88.91,0.9529,-1,-1,-1
69,143,1115.87,389.36,39.81,103.79,0.9513,-1,-1,-1
69,145,696.84,702.0,80.06,130.31,0.939,-1,-1,-1
69,147,478.16,313.8,29.49,99.8,0.9381,-1,-1,-1
69,158,712.34,195.36,26.55,76.4,0.9336,-1,-1,-1
69,154,1381.48,343.91,55.75,58.09,0.9323,-1,-1,-1
69,146,1221.92,288.35,32.91,64.17,0.9259,-1,-1,-1
69,164,1443.66,307.78,29.81,81.83,0.8293,-1,-1,-1
69,171,1443.02,297.87,26.78,55.51,0.7086,-1,-1,-1
70,137,840.25,613.61,87.66,145.11,0.9777,-1,-1,-1
70,143,1121.23,386.79,45.44,106.78,0.9771,-1,-1,-1
70,136,241.73,500.64,63.05,136.27,0.9771,-1,-1,-1
70,141,1280.97,390.21,63.41,94.27,0.9766,-1,-1,-1
70,152,887.28,449.95,73.22,124.05,0.9743,-1,-1,-1
70,148,1170.27,284.16,47.26,93.4,0.9732,-1,-1,-1
70,144,303.67,334.61,64.05,111.64,0.9723,-1,-1,-1
70,139,1268.59,590.85,63.57,134.83,0.9721,-1,-1,-1
70,140,121.89,386.53,40.01,122.08,0.9621,-1,-1,-1
70,158,713.55,193.2,38.47,78.6,0.9528,-1,-1,-1
70,147,483.79,311.13,32.1,101.14,0.9476,-1,-1,-1
70,142,899.7,308.24,36.18,94.03,0.946,-1,-1,-1
70,149,1826.24,310.8,43.38,83.07,0.9451,-1,-1,-1
70,146,1222.53,286.03,34.44,66.18,0.9387,-1,-1,-1
70,145,743.02,687.35,52.56,143.48,0.9265,-1,-1,-1
70,164,1447.91,304.26,32.89,83.55,0.8892,-1,-1,-1
70,154,1384.82,340.62,65.74,61.89,0.8713,-1,-1,-1
70,171,1446.32,293.72,24.76,52.98,0.6956,-1,-1,-1
71,144,308.1,336.49,68.53,109.35,0.9774,-1,-1,-1
71,141,1283.5,387.62,76.33,95.96,0.9767,-1,-1,-1
71,140,126.56,384.29,45.39,123.71,0.9738,-1,-1,-1
71,136,243.19,497.56,73.44,139.62,0.9732,-1,-1,-1
71,143,1124.91,382.9,56.57,111.91,0.972,-1,-1,-1
71,137,854.31,616.26,73.83,146.21,0.9705,-1,-1,-1
71,139,1291.3,592.81,47.71,132.43,0.9678,-1,-1,-1
71,147,485.98,307.71,39.98,104.1,0.9676,-1,-1,-1
71,158,717.01,190.5,45.34,80.89,0.967,-1,-1,-1
71,149,1828.05,302.75,47.01,90.25,0.9668,-1,-1,-1
71,148,1169.34,285.18,39.12,93.48,0.965,-1,-1,-1
71,145,747.13,686.45,60.49,144.75,0.9646,-1,-1,-1
71,146,1221.02,278.81,36.69,71.91,0.964,-1,-1,-1
71,142,908.45,306.47,35.82,95.07,0.9603,-1,-1,-1
71,154,1389.53,339.81,52.69,61.98,0.9348,-1,-1,-1
71,164,1450.6,300.53,35.71,89.77,0.9065,-1,-1,-1
71,152,901.93,451.67,61.58,122.51,0.8958,-1,-1,-1
71,171,1453.17,290.15,22.31,60.36,0.3138,-1,-1,-1
72,144,313.5,337.05,63.52,110.19,0.977,-1,-1,-1
72,141,1286.34,386.16,84.37,96.43,0.9761,-1,-1,-1
72,140,124.76,381.92,56.0,125.96,0.9754,-1,-1,-1
72,143,1132.94,381.75,63.93,107.49,0.9743,-1,-1,-1
72,145,751.15,683.57,70.37,148.84,0.9737,-1,-1,-1
72,147,486.15,305.29,54.55,103.3,0.9734,-1,-1,-1
72,149,1832.54,301.99,48.64,89.08,0.9726,-1,-1,-1
72,137,877.36,617.35,59.36,144.22,0.9718,-1,-1,-1
72,139,1298.26,595.05,49.13,130.44,0.9705,-1,-1,-1
72,142,916.04,302.72,40.57,96.58,0.9684,-1,-1,-1
72,158,720.67,188.51,54.79,80.42,0.9647,-1,-1,-1
72,148,1168.89,285.0,32.23,92.38,0.9609,-1,-1,-1
72,136,246.41,500.41,79.15,132.76,0.9602,-1,-1,-1
72,152,916.35,452.22,53.38,120.55,0.9547,-1,-1,-1
72,154,1392.5,337.25,48.57,63.04,0.9507,-1,-1,-1
72,164,1454.68,291.27,36.43,102.23,0.95,-1,-1,-1
72,146,1226.18,279.97,32.35,70.74,0.9277,-1,-1,-1
73,143,1139.39,380.49,76.64,110.97,0.9774,-1,-1,-1
73,140,125.53,378.21,64.66,129.4,0.977,-1,-1,-1
73,144,325.31,337.51,51.8,109.76,0.9762,-1,-1,-1
73,147,489.87,304.88,60.31,98.38,0.9759,-1,-1,-1
73,139,1297.9,595.77,60.35,131.04,0.9743,-1,-1,-1
73,137,895.83,618.41,50.57,143.55,0.9734,-1,-1,-1
73,141,1295.23,384.53,87.66,96.02,0.9724,-1,-1,-1
73,142,921.01,299.95,51.43,98.74,0.9721,-1,-1,-1
73,145,755.81,679.16,79.12,156.13,0.9717,-1,-1,-1
73,149,1834.69,300.63,55.12,90.65,0.9714,-1,-1,-1
73,148,1144.52,285.75,49.61,94.23,0.9682,-1,-1,-1
73,136,251.14,501.77,77.76,130.7,0.9672,-1,-1,-1
73,146,1227.36,275.4,32.26,74.99,0.9581,-1,-1,-1
73,158,727.45,189.16,61.09,78.5,0.944,-1,-1,-1
73,154,1394.45,334.66,64.9,65.66,0.9303,-1,-1,-1
73,164,1459.98,293.14,36.84,95.14,0.9269,-1,-1,-1
73,152,932.27,449.3,45.74,121.89,0.8157,-1,-1,-1
74,143,1139.34,380.4,76.73,111.08,0.9773,-1,-1,-1
74,140,125.52,378.21,64.64,129.55,0.9769,-1,-1,-1
74,144,325.31,337.49,51.76,109.78,0.9761,-1,-1,-1
74,147,489.86,304.89,60.3,98.34,0.9757,-1,-1,-1
74,139,1297.9,595.68,60.37,131.12,0.9743,-1,-1,-1
74,137,896.02,618.38,50.36,143.63,0.9736,-1,-1,-1
74,141,1295.2,384.51,87.76,95.94,0.9725,-1,-1,-1
74,142,921.02,299.91,51.5,98.78,0.972,-1,-1,-1
74,145,755.8,678.6,79.14,156.73,0.9715,-1,-1,-1
74,149,1834.72,300.64,55.09,90.66,0.9713,-1,-1,-1
74,148,1144.44,285.72,49.39,94.5,0.9685,-1,-1,-1
74,136,250.91,501.73,78.01,130.75,0.9671,-1,-1,-1
74,146,1227.4,275.42,32.23,74.9,0.9581,-1,-1,-1
74,158,727.49,189.1,61.0,78.39,0.9453,-1,-1,-1
74,154,1394.51,334.65,64.66,65.78,0.9291,-1,-1,-1
74,164,1459.86,293.1,37.0,95.27,0.9285,-1,-1,-1
74,152,932.4,449.3,45.6,121.88,0.8124,-1,-1,-1
74,173,0.0,173.44,19.66,63.47,0.5205,-1,-1,-1
75,143,1149.12,380.54,87.75,108.92,0.9821,-1,-1,-1
75,141,1306.23,383.01,86.89,97.6,0.9779,-1,-1,-1
75,139,1299.88,592.06,70.4,134.1,0.9762,-1,-1,-1
75,152,940.76,445.37,47.73,126.42,0.9759,-1,-1,-1
75,137,902.65,614.56,58.42,147.35,0.9759,-1,-1,-1
75,149,1838.27,298.13,59.55,91.82,0.9751,-1,-1,-1
75,142,927.66,297.23,56.07,98.69,0.975,-1,-1,-1
75,136,262.57,500.87,65.56,131.65,0.9742,-1,-1,-1
75,145,767.54,675.88,85.07,150.43,0.9735,-1,-1,-1
75,148,1136.7,284.51,53.24,94.36,0.9735,-1,-1,-1
75,147,491.03,303.64,65.25,97.81,0.9727,-1,-1,-1
75,140,128.76,377.05,79.84,129.1,0.9723,-1,-1,-1
75,144,338.16,336.14,43.9,110.81,0.972,-1,-1,-1
75,158,754.12,196.46,40.13,69.47,0.9518,-1,-1,-1
75,154,1396.58,333.18,69.84,67.04,0.9464,-1,-1,-1
75,146,1229.47,269.99,31.63,79.91,0.9444,-1,-1,-1
75,164,1471.27,294.31,31.52,89.01,0.9047,-1,-1,-1
76,140,133.06,377.91,84.84,124.73,0.9781,-1,-1,-1
76,137,905.81,611.44,67.45,152.02,0.9734,-1,-1,-1
76,152,945.8,441.85,49.04,129.94,0.9733,-1,-1,-1
76,136,274.5,500.97,56.09,130.33,0.9732,-1,-1,-1
76,142,936.35,295.82,52.95,99.93,0.9732,-1,-1,-1
76,148,1127.02,282.99,58.25,93.71,0.9732,-1,-1,-1
76,139,1307.02,593.05,76.81,131.34,0.9729,-1,-1,-1
76,147,499.88,301.98,58.64,98.89,0.9687,-1,-1,-1
76,149,1840.96,296.02,62.64,94.59,0.9684,-1,-1,-1
76,145,775.9,677.45,90.68,147.7,0.9682,-1,-1,-1
76,144,353.25,335.56,38.42,110.14,0.9681,-1,-1,-1
76,141,1324.86,383.11,75.26,98.08,0.9629,-1,-1,-1
76,143,1163.99,381.98,84.25,111.42,0.9615,-1,-1,-1
76,154,1401.25,328.53,70.77,71.23,0.9573,-1,-1,-1
76,164,1478.08,287.3,29.85,96.27,0.9466,-1,-1,-1
76,146,1231.22,266.07,29.96,81.21,0.9276,-1,-1,-1
76,158,753.01,191.25,45.32,74.86,0.9131,-1,-1,-1
76,173,0.0,155.98,32.87,80.95,0.4398,-1,-1,-1
77,139,1308.71,589.13,88.84,133.2,0.9814,-1,-1,-1
77,149,1843.4,296.84,65.3,94.09,0.975,-1,-1,-1
77,142,945.17,296.48,45.53,97.05,0.9743,-1,-1,-1
77,144,357.11,332.49,42.3,113.41,0.9739,-1,-1,-1
77,140,144.6,377.26,76.41,126.99,0.9737,-1,-1,-1
77,137,910.22,608.32,75.83,156.27,0.9728,-1,-1,-1
77,147,510.06,303.13,46.9,97.6,0.9719,-1,-1,-1
77,148,1121.06,281.19,63.13,95.81,0.9719,-1,-1,-1
77,136,290.36,500.07,48.94,132.72,0.9701,-1,-1,-1
77,143,1179.32,383.38,73.9,111.41,0.9686,-1,-1,-1
77,145,792.19,679.92,88.12,146.1,0.9674,-1,-1,-1
77,154,1407.86,326.11,68.33,72.66,0.9607,-1,-1,-1
77,152,951.51,438.92,52.84,133.07,0.96,-1,-1,-1
77,164,1482.86,285.53,32.52,99.57,0.9501,-1,-1,-1
77,141,1352.98,382.58,57.25,98.53,0.8876,-1,-1,-1
77,146,1232.33,261.66,29.34,85.32,0.8754,-1,-1,-1
77,158,771.89,189.44,28.74,74.5,0.8718,-1,-1,-1
77,173,0.0,157.14,33.12,79.65,0.3256,-1,-1,-1
78,139,1320.3,590.58,87.2,130.61,0.9767,-1,-1,-1
78,136,299.15,498.77,49.87,133.36,0.9753,-1,-1,-1
78,148,1112.9,280.51,67.9,92.94,0.9747,-1,-1,-1
78,144,358.27,331.05,48.69,115.08,0.9733,-1,-1,-1
78,154,1407.02,323.58,70.62,73.77,0.9703,-1,-1,-1
78,149,1845.69,294.05,64.76,97.01,0.9695,-1,-1,-1
78,142,953.07,296.49,40.66,97.27,0.9681,-1,-1,-1
78,164,1485.58,286.45,38.05,100.0,0.9669,-1,-1,-1
78,143,1200.04,385.18,54.9,109.99,0.9657,-1,-1,-1
78,141,1375.58,392.51,45.14,85.51,0.9639,-1,-1,-1
78,152,956.26,437.27,59.02,130.4,0.9629,-1,-1,-1
78,145,838.73,679.94,53.38,146.95,0.956,-1,-1,-1
78,147,521.1,300.08,36.45,99.98,0.9554,-1,-1,-1
78,140,153.63,380.82,66.66,124.15,0.9551,-1,-1,-1
78,137,914.94,608.84,90.1,151.5,0.9195,-1,-1,-1
78,158,777.57,188.48,27.16,75.96,0.8999,-1,-1,-1
78,146,1236.64,266.07,27.16,79.18,0.7658,-1,-1,-1
79,152,961.69,437.43,62.74,124.71,0.9765,-1,-1,-1
79,137,922.81,609.51,95.72,144.02,0.976,-1,-1,-1
79,136,297.79,497.72,58.62,133.76,0.9747,-1,-1,-1
79,144,359.61,330.77,54.55,117.66,0.9744,-1,-1,-1
79,164,1484.94,285.51,43.06,101.84,0.9723,-1,-1,-1
79,148,1106.87,280.38,70.06,90.48,0.9695,-1,-1,-1
79,142,960.52,295.71,40.42,98.23,0.9685,-1,-1,-1
79,149,1851.19,290.67,63.93,99.53,0.9668,-1,-1,-1
79,143,1222.36,385.63,43.1,109.44,0.965,-1,-1,-1
79,139,1331.15,591.08,84.71,133.1,0.9641,-1,-1,-1
79,154,1411.83,320.59,69.42,76.63,0.9637,-1,-1,-1
79,147,524.54,297.1,38.36,103.24,0.9634,-1,-1,-1
79,140,174.11,381.14,47.75,124.08,0.9555,-1,-1,-1
79,145,853.99,683.21,53.5,138.95,0.9541,-1,-1,-1
79,158,786.39,184.2,30.57,80.35,0.9442,-1,-1,-1
79,141,1380.38,389.63,53.78,87.36,0.9231,-1,-1,-1
79,146,1230.98,254.97,34.61,88.67,0.8472,-1,-1,-1
80,152,961.71,437.45,62.73,124.73,0.9767,-1,-1,-1
80,137,922.77,609.45,95.95,144.06,0.9759,-1,-1,-1
80,136,297.78,497.72,58.68,133.79,0.9749,-1,-1,-1
80,144,359.66,330.81,54.72,117.54,0.9741,-1,-1,-1
80,164,1484.91,285.51,43.11,101.74,0.9726,-1,-1,-1
80,148,1106.8,280.4,70.14,90.52,0.9695,-1,-1,-1
80,142,960.53,295.71,40.45,98.23,0.9684,-1,-1,-1
80,149,1851.18,290.69,63.94,99.59,0.9669,-1,-1,-1
80,143,1222.26,385.64,43.17,109.42,0.9644,-1,-1,-1
80,139,1331.05,591.08,84.81,133.05,0.9641,-1,-1,-1
80,154,1411.79,320.61,69.43,76.51,0.9634,-1,-1,-1
80,147,524.54,297.07,38.3,103.2,0.9632,-1,-1,-1
80,145,853.86,682.47,53.57,139.25,0.954,-1,-1,-1
80,140,174.45,381.31,47.48,123.9,0.9507,-1,-1,-1
80,158,786.3,184.33,30.58,80.33,0.9433,-1,-1,-1
80,141,1380.39,388.67,53.81,88.48,0.9172,-1,-1,-1
80,175,0.0,854.19,43.57,158.65,0.8628,-1,-1,-1
80,146,1230.96,254.97,34.82,88.72,0.8456,-1,-1,-1
81,137,935.71,609.84,90.55,146.91,0.9768,-1,-1,-1
81,136,299.21,494.88,64.7,137.21,0.9759,-1,-1,-1
81,164,1486.04,285.67,46.06,103.01,0.9747,-1,-1,-1
81,144,361.51,331.64,69.21,117.9,0.9743,-1,-1,-1
81,143,1236.79,384.8,45.2,110.68,0.9729,-1,-1,-1
81,149,1856.08,289.3,63.92,101.15,0.9713,-1,-1,-1
81,154,1413.77,315.04,69.51,82.17,0.9699,-1,-1,-1
81,142,969.68,293.67,40.48,101.89,0.9695,-1,-1,-1
81,148,1104.16,281.32,67.16,88.5,0.9688,-1,-1,-1
81,140,191.01,381.93,40.48,121.76,0.9674,-1,-1,-1
81,175,0.0,844.34,82.25,170.92,0.9641,-1,-1,-1
81,147,528.95,293.78,37.97,104.61,0.9631,-1,-1,-1
81,152,970.02,437.25,60.84,127.11,0.9609,-1,-1,-1
81,141,1386.14,389.52,60.11,84.43,0.9568,-1,-1,-1
81,158,791.6,183.27,35.75,81.43,0.9418,-1,-1,-1
81,145,859.72,697.56,58.07,131.04,0.9159,-1,-1,-1
81,139,1347.41,591.84,81.06,134.75,0.9006,-1,-1,-1
81,146,1234.62,254.53,31.31,88.68,0.886,-1,-1,-1
82,144,366.3,333.72,72.8,117.87,0.9809,-1,-1,-1
82,175,0.0,848.62,97.27,169.06,0.9802,-1,-1,-1
82,142,977.46,293.0,45.47,102.18,0.9789,-1,-1,-1
82,136,303.39,494.47,73.26,139.51,0.9751,-1,-1,-1
82,143,1240.52,382.45,63.23,115.58,0.9696,-1,-1,-1
82,149,1865.72,288.55,54.28,103.26,0.9693,-1,-1,-1
82,164,1494.38,285.26,44.49,103.95,0.9691,-1,-1,-1
82,140,192.73,380.28,48.72,124.08,0.9686,-1,-1,-1
82,154,1413.88,311.79,68.64,84.97,0.9679,-1,-1,-1
82,158,799.6,185.38,43.34,78.83,0.9677,-1,-1,-1
82,145,858.17,686.7,74.03,146.12,0.9663,-1,-1,-1
82,148,1098.88,283.99,60.65,88.01,0.9654,-1,-1,-1
82,137,954.73,612.66,75.68,149.12,0.9633,-1,-1,-1
82,141,1392.42,383.24,71.62,99.32,0.9631,-1,-1,-1
82,147,533.09,292.22,38.37,107.23,0.9571,-1,-1,-1
82,139,1368.01,596.98,78.98,130.55,0.9461,-1,-1,-1
82,146,1233.77,252.87,33.49,89.73,0.9022,-1,-1,-1
82,152,987.47,439.87,47.67,125.87,0.7083,-1,-1,-1
83,145,865.44,697.67,88.71,136.17,0.976,-1,-1,-1
83,142,983.87,292.24,52.78,104.34,0.976,-1,-1,-1
83,143,1245.93,382.64,65.07,115.74,0.9756,-1,-1,-1
83,140,190.97,380.26,63.65,126.95,0.9755,-1,-1,-1
83,147,536.28,292.13,44.29,101.92,0.9735,-1,-1,-1
83,136,307.63,494.81,76.24,138.89,0.9721,-1,-1,-1
83,137,975.05,615.61,71.53,146.66,0.971,-1,-1,-1
83,148,1094.02,289.05,61.34,85.98,0.9699,-1,-1,-1
83,144,372.35,337.72,66.6,117.43,0.9684,-1,-1,-1
83,139,1389.39,592.42,72.12,135.87,0.9654,-1,-1,-1
83,154,1419.02,309.0,65.33,89.8,0.9641,-1,-1,-1
83,141,1402.29,389.98,86.12,97.47,0.964,-1,-1,-1
83,158,807.54,185.34,45.09,79.67,0.9628,-1,-1,-1
83,149,1879.89,287.94,40.11,105.66,0.9612,-1,-1,-1
83,164,1505.04,284.23,41.29,107.16,0.9547,-1,-1,-1
83,146,1239.37,251.31,27.84,91.36,0.9437,-1,-1,-1
83,175,0.0,846.47,132.26,177.34,0.7984,-1,-1,-1
84,143,1252.7,382.71,71.41,113.93,0.9794,-1,-1,-1
84,142,991.17,292.61,52.65,103.79,0.9767,-1,-1,-1
84,136,315.66,497.52,70.05,137.22,0.9761,-1,-1,-1
84,137,996.97,618.01,60.13,146.16,0.9736,-1,-1,-1
84,147,540.37,292.69,46.28,99.8,0.9732,-1,-1,-1
84,148,1092.56,292.15,62.76,83.58,0.9719,-1,-1,-1
84,139,1398.49,593.06,68.1,136.89,0.9707,-1,-1,-1
84,140,192.07,377.97,72.34,130.24,0.9706,-1,-1,-1
84,144,383.64,340.42,55.02,116.56,0.9706,-1,-1,-1
84,154,1420.54,305.24,61.14,97.44,0.9682,-1,-1,-1
84,141,1415.65,383.3,85.77,108.03,0.9666,-1,-1,-1
84,158,817.13,187.81,40.65,78.71,0.9595,-1,-1,-1
84,146,1239.32,249.55,30.03,92.93,0.9515,-1,-1,-1
84,145,872.38,691.6,104.87,137.03,0.9457,-1,-1,-1
84,152,1010.84,443.51,39.64,126.81,0.9058,-1,-1,-1
84,164,1517.64,288.02,34.81,102.36,0.8625,-1,-1,-1
84,175,61.05,860.42,79.07,163.72,0.6275,-1,-1,-1
85,143,1260.41,382.48,85.27,114.65,0.9822,-1,-1,-1
85,154,1425.3,302.94,59.56,99.95,0.9789,-1,-1,-1
85,140,195.12,378.33,84.97,130.41,0.9769,-1,-1,-1
85,137,1002.1,615.53,67.71,149.75,0.9767,-1,-1,-1
85,142,1000.33,294.02,45.08,101.68,0.976,-1,-1,-1
85,144,394.5,339.65,51.67,118.14,0.9721,-1,-1,-1
85,136,326.65,500.1,61.04,133.68,0.971,-1,-1,-1
85,147,544.18,293.36,43.18,100.23,0.9706,-1,-1,-1
85,152,1014.64,443.11,47.35,127.06,0.9632,-1,-1,-1
85,148,1091.37,295.12,59.74,81.01,0.9607,-1,-1,-1
85,145,885.03,701.28,107.99,126.18,0.9586,-1,-1,-1
85,139,1404.18,595.78,70.54,131.22,0.9482,-1,-1,-1
85,146,1240.53,250.0,29.53,92.03,0.936,-1,-1,-1
85,158,823.13,189.27,36.24,77.27,0.929,-1,-1,-1
85,141,1438.72,381.49,64.01,112.79,0.9184,-1,-1,-1
85,164,1525.38,286.39,33.18,103.4,0.8174,-1,-1,-1
86,143,1260.4,382.58,85.59,114.44,0.9829,-1,-1,-1
86,154,1425.3,302.93,59.52,99.94,0.979,-1,-1,-1
86,140,195.01,378.34,85.11,130.52,0.977,-1,-1,-1
86,137,1002.04,615.44,67.73,149.8,0.9767,-1,-1,-1
86,142,1000.33,294.02,45.07,101.72,0.9759,-1,-1,-1
86,144,394.51,339.66,51.65,118.11,0.972,-1,-1,-1
86,136,326.64,500.09,61.06,133.69,0.9711,-1,-1,-1
86,147,544.16,293.44,43.19,100.25,0.9705,-1,-1,-1
86,152,1014.64,443.1,47.34,127.09,0.9629,-1,-1,-1
86,148,1091.42,295.13,59.5,81.07,0.9599,-1,-1,-1
86,145,884.98,701.06,108.07,126.49,0.9575,-1,-1,-1
86,139,1404.57,595.63,70.09,131.32,0.9455,-1,-1,-1
86,141,1435.52,381.58,67.13,112.31,0.9434,-1,-1,-1
86,146,1240.52,250.12,29.57,91.93,0.9349,-1,-1,-1
86,158,823.16,188.79,36.32,77.83,0.9272,-1,-1,-1
86,164,1525.26,286.27,33.25,103.51,0.8177,-1,-1,-1
87,137,1007.69,612.82,75.28,155.44,0.9783,-1,-1,-1
87,154,1427.57,300.8,56.8,103.38,0.9782,-1,-1,-1
87,143,1275.44,384.04,79.92,115.23,0.9763,-1,-1,-1
87,139,1414.22,587.39,74.02,138.81,0.9754,-1,-1,-1
87,136,341.44,501.33,53.69,134.08,0.9739,-1,-1,-1
87,142,1008.67,294.11,38.07,101.21,0.9692,-1,-1,-1
87,152,1016.77,440.53,55.3,130.57,0.969,-1,-1,-1
87,140,201.27,380.54,85.85,126.67,0.9685,-1,-1,-1
87,148,1091.34,293.47,61.41,83.07,0.9658,-1,-1,-1
87,147,549.65,293.92,37.32,100.28,0.9649,-1,-1,-1
87,144,411.31,338.52,41.27,118.15,0.954,-1,-1,-1
87,158,832.78,194.28,34.41,72.56,0.9519,-1,-1,-1
87,145,900.46,713.3,101.09,120.64,0.9442,-1,-1,-1
87,141,1476.43,378.46,35.77,115.41,0.9353,-1,-1,-1
87,146,1238.21,249.13,34.05,93.64,0.9272,-1,-1,-1
87,164,1533.15,285.15,34.43,103.58,0.8829,-1,-1,-1
88,139,1421.3,588.2,82.29,138.79,0.9759,-1,-1,-1
88,144,417.59,337.85,41.5,117.87,0.9752,-1,-1,-1
88,137,1010.08,611.09,86.92,156.36,0.9747,-1,-1,-1
88,136,358.16,500.44,45.65,134.23,0.9738,-1,-1,-1
88,154,1428.81,297.12,53.54,107.0,0.9736,-1,-1,-1
88,152,1020.19,438.43,61.83,134.62,0.973,-1,-1,-1
88,148,1092.31,292.21,63.42,84.57,0.9718,-1,-1,-1
88,142,1016.07,294.53,35.66,101.24,0.9678,-1,-1,-1
88,140,212.57,381.66,74.31,127.55,0.9644,-1,-1,-1
88,141,1483.82,379.12,39.12,115.92,0.9629,-1,-1,-1
88,147,554.18,292.85,35.52,102.53,0.9628,-1,-1,-1
88,143,1296.63,388.45,62.75,115.31,0.9592,-1,-1,-1
88,158,840.88,192.62,42.03,74.83,0.9517,-1,-1,-1
88,164,1541.51,280.91,34.84,110.28,0.9475,-1,-1,-1
88,145,961.57,702.65,44.03,133.88,0.9359,-1,-1,-1
88,146,1232.25,249.77,38.18,91.5,0.9063,-1,-1,-1
88,175,139.21,878.52,62.67,153.77,0.7476,-1,-1,-1
89,139,1428.61,589.27,86.03,138.73,0.9791,-1,-1,-1
89,144,419.28,335.78,44.78,121.25,0.978,-1,-1,-1
89,154,1430.63,295.82,51.52,109.32,0.9751,-1,-1,-1
89,137,1018.66,610.68,93.41,151.72,0.9735,-1,-1,-1
89,148,1092.5,290.06,63.68,85.73,0.9725,-1,-1,-1
89,152,1023.6,436.48,68.71,133.45,0.9724,-1,-1,-1
89,164,1545.98,281.11,41.33,112.78,0.9706,-1,-1,-1
89,136,358.64,500.15,55.08,136.39,0.9696,-1,-1,-1
89,141,1489.85,375.91,45.68,118.47,0.9684,-1,-1,-1
89,142,1023.09,292.75,41.2,102.36,0.9673,-1,-1,-1
89,158,846.84,189.5,48.19,77.88,0.9664,-1,-1,-1
89,146,1230.28,249.45,43.93,92.53,0.9617,-1,-1,-1
89,143,1320.13,390.17,45.63,113.31,0.9599,-1,-1,-1
89,140,228.91,386.0,59.48,122.86,0.9573,-1,-1,-1
89,147,559.14,291.14,33.51,104.0,0.9558,-1,-1,-1
89,145,971.21,691.46,48.89,147.13,0.9556,-1,-1,-1
89,175,138.18,857.34,96.27,184.26,0.9549,-1,-1,-1
90,154,1432.31,294.91,50.0,111.2,0.9767,-1,-1,-1
90,139,1441.16,589.15,78.55,142.86,0.976,-1,-1,-1
90,144,419.7,336.82,55.95,119.38,0.9753,-1,-1,-1
90,164,1550.94,284.7,47.63,110.49,0.9749,-1,-1,-1
90,142,1027.8,290.9,39.7,104.42,0.9744,-1,-1,-1
90,148,1091.1,288.35,66.03,89.15,0.9741,-1,-1,-1
90,140,245.29,385.33,51.13,123.75,0.9731,-1,-1,-1
90,152,1028.64,437.84,72.52,125.75,0.9725,-1,-1,-1
90,137,1031.03,612.31,92.33,146.26,0.9722,-1,-1,-1
90,136,356.92,498.25,65.29,140.71,0.972,-1,-1,-1
90,143,1334.3,391.35,42.64,113.71,0.9657,-1,-1,-1
90,141,1493.63,375.82,56.78,120.7,0.9646,-1,-1,-1
90,147,560.99,288.81,33.92,105.97,0.9631,-1,-1,-1
90,158,849.64,189.74,49.84,75.99,0.9615,-1,-1,-1
90,146,1233.97,249.12,39.67,93.2,0.947,-1,-1,-1
90,145,981.64,684.08,55.85,136.58,0.9263,-1,-1,-1
90,175,139.71,856.27,123.33,184.13,0.9051,-1,-1,-1
91,142,1031.79,288.67,44.59,107.31,0.978,-1,-1,-1
91,140,257.1,383.57,47.75,126.44,0.9759,-1,-1,-1
91,154,1432.32,294.54,49.68,112.93,0.9751,-1,-1,-1
91,145,976.83,682.92,74.6,160.98,0.9729,-1,-1,-1
91,164,1555.19,286.82,52.61,110.33,0.9726,-1,-1,-1
91,148,1094.03,289.06,64.26,87.24,0.9719,-1,-1,-1
91,141,1498.53,375.15,65.09,121.67,0.9713,-1,-1,-1
91,136,357.67,498.61,72.22,141.2,0.9696,-1,-1,-1
91,143,1346.97,390.94,42.9,114.79,0.9673,-1,-1,-1
91,139,1464.03,593.98,63.73,138.67,0.9643,-1,-1,-1
91,137,1045.55,615.19,82.09,149.9,0.9634,-1,-1,-1
91,146,1237.65,244.87,39.75,97.24,0.9593,-1,-1,-1
91,147,563.4,286.82,35.09,108.51,0.9593,-1,-1,-1
91,158,860.64,191.12,40.65,75.94,0.9593,-1,-1,-1
91,144,421.93,338.59,66.52,118.23,0.9471,-1,-1,-1
91,152,1034.81,440.58,69.01,127.11,0.9251,-1,-1,-1
91,175,174.09,855.63,100.93,181.59,0.8084,-1,-1,-1
92,142,1031.79,288.7,44.57,107.29,0.9781,-1,-1,-1
92,140,257.08,383.66,47.82,126.35,0.9756,-1,-1,-1
92,154,1432.31,294.57,49.65,112.93,0.975,-1,-1,-1
92,145,976.87,682.78,74.53,161.11,0.9733,-1,-1,-1
92,164,1555.19,286.78,52.55,110.43,0.9726,-1,-1,-1
92,148,1093.99,289.06,64.29,87.26,0.972,-1,-1,-1
92,141,1498.45,375.35,65.29,121.53,0.9709,-1,-1,-1
92,136,357.69,498.78,72.08,141.08,0.9697,-1,-1,-1
92,143,1346.95,390.98,42.92,114.69,0.967,-1,-1,-1
92,139,1463.94,593.74,63.79,138.86,0.9644,-1,-1,-1
92,137,1045.49,615.21,82.11,149.85,0.9639,-1,-1,-1
92,147,563.44,286.83,35.47,108.49,0.9596,-1,-1,-1
92,146,1237.67,244.83,39.82,97.28,0.9596,-1,-1,-1
92,158,860.64,190.94,40.61,76.15,0.9595,-1,-1,-1
92,144,421.91,338.54,66.55,118.23,0.9459,-1,-1,-1
92,152,1034.77,440.58,69.05,127.07,0.9304,-1,-1,-1
92,175,174.32,855.3,100.67,182.13,0.8085,-1,-1,-1
93,142,1032.37,287.73,52.64,109.09,0.9763,-1,-1,-1
93,145,985.23,679.77,78.15,165.61,0.9758,-1,-1,-1
93,143,1347.43,388.52,54.88,118.01,0.9747,-1,-1,-1
93,144,425.3,340.97,65.97,116.98,0.9743,-1,-1,-1
93,154,1429.64,295.15,52.26,113.15,0.9716,-1,-1,-1
93,164,1558.51,288.05,55.59,107.58,0.9712,-1,-1,-1
93,140,254.47,384.15,58.19,126.67,0.9707,-1,-1,-1
93,148,1096.55,288.67,60.32,82.45,0.9703,-1,-1,-1
93,136,360.86,498.11,82.43,142.95,0.9695,-1,-1,-1
93,147,564.09,287.13,38.43,106.49,0.9689,-1,-1,-1
93,137,1077.37,619.3,58.52,146.23,0.968,-1,-1,-1
93,141,1502.9,377.83,75.16,119.17,0.9669,-1,-1,-1
93,146,1237.97,243.39,42.0,98.15,0.9649,-1,-1,-1
93,139,1489.46,594.71,44.41,139.13,0.9617,-1,-1,-1
93,158,863.11,188.58,36.3,78.86,0.9506,-1,-1,-1
93,152,1047.65,443.22,58.56,124.58,0.8719,-1,-1,-1
93,175,213.39,858.42,77.46,176.16,0.6852,-1,-1,-1
94,139,1496.79,595.55,46.24,140.12,0.9749,-1,-1,-1
94,144,430.46,344.35,59.72,116.02,0.9749,-1,-1,-1
94,142,1032.4,288.05,58.18,107.46,0.9749,-1,-1,-1
94,154,1429.49,295.14,51.49,113.43,0.9732,-1,-1,-1
94,136,361.33,499.97,89.53,140.14,0.973,-1,-1,-1
94,137,1089.71,622.32,55.85,145.32,0.9727,-1,-1,-1
94,143,1351.21,387.82,62.84,120.16,0.9726,-1,-1,-1
94,147,563.0,286.43,41.76,102.92,0.9722,-1,-1,-1
94,164,1559.95,288.84,57.12,106.53,0.9722,-1,-1,-1
94,148,1097.1,288.18,60.61,83.57,0.9692,-1,-1,-1
94,145,990.7,680.53,92.26,157.54,0.9677,-1,-1,-1
94,146,1238.36,243.14,40.66,97.25,0.966,-1,-1,-1
94,140,252.7,381.87,67.29,130.35,0.9628,-1,-1,-1
94,141,1511.57,382.93,75.45,116.23,0.9601,-1,-1,-1
94,158,867.5,188.48,36.8,78.7,0.9508,-1,-1,-1
94,152,1060.6,444.05,52.83,123.53,0.8789,-1,-1,-1
94,175,226.98,860.78,92.18,184.21,0.6361,-1,-1,-1
95,144,439.57,345.98,45.81,115.95,0.9794,-1,-1,-1
95,147,561.29,286.7,44.7,99.43,0.9758,-1,-1,-1
95,142,1039.97,288.26,51.78,105.48,0.9753,-1,-1,-1
95,136,371.04,502.77,77.51,138.16,0.9752,-1,-1,-1
95,154,1429.87,295.56,51.06,113.45,0.9742,-1,-1,-1
95,148,1099.99,286.78,59.58,83.6,0.9732,-1,-1,-1
95,164,1562.18,287.87,55.83,109.02,0.9701,-1,-1,-1
95,139,1496.75,596.23,58.25,141.21,0.9696,-1,-1,-1
95,146,1238.6,243.84,38.47,92.97,0.9687,-1,-1,-1
95,137,1096.55,624.59,61.82,144.97,0.9666,-1,-1,-1
95,158,870.66,187.32,45.04,81.56,0.9663,-1,-1,-1
95,140,255.61,381.0,78.5,131.8,0.966,-1,-1,-1
95,143,1356.72,388.9,67.0,114.2,0.9652,-1,-1,-1
95,141,1515.62,374.91,87.5,127.93,0.9642,-1,-1,-1
95,145,1002.67,679.46,96.37,163.78,0.9586,-1,-1,-1
95,152,1076.62,443.39,44.32,125.4,0.9426,-1,-1,-1
95,175,228.85,866.42,109.32,183.2,0.937,-1,-1,-1
96,143,1361.32,390.02,86.31,118.15,0.9828,-1,-1,-1
96,137,1098.26,624.12,75.94,145.87,0.9809,-1,-1,-1
96,139,1498.49,593.46,68.98,145.83,0.9776,-1,-1,-1
96,154,1430.52,295.81,50.63,113.46,0.9761,-1,-1,-1
96,140,257.72,383.2,88.47,127.82,0.9757,-1,-1,-1
96,148,1101.19,283.37,59.51,88.49,0.9744,-1,-1,-1
96,147,561.95,286.87,42.54,99.92,0.9743,-1,-1,-1
96,142,1045.35,289.83,47.56,104.88,0.9741,-1,-1,-1
96,136,382.0,503.83,68.2,137.64,0.9741,-1,-1,-1
96,152,1078.38,440.62,49.79,128.94,0.9732,-1,-1,-1
96,144,450.18,346.86,39.05,116.25,0.9725,-1,-1,-1
96,164,1562.63,286.65,54.18,110.44,0.9702,-1,-1,-1
96,146,1238.2,243.56,37.29,92.48,0.9673,-1,-1,-1
96,158,873.14,188.41,45.88,80.81,0.9666,-1,-1,-1
96,175,267.67,868.85,85.63,180.95,0.9594,-1,-1,-1
96,145,1014.97,682.39,89.48,160.69,0.9414,-1,-1,-1
96,141,1547.87,382.5,57.65,126.36,0.8414,-1,-1,-1
97,143,1369.12,394.67,91.99,116.9,0.9807,-1,-1,-1
97,154,1431.82,296.74,49.14,113.29,0.9781,-1,-1,-1
97,139,1503.15,590.53,75.03,147.02,0.9743,-1,-1,-1
97,137,1107.07,620.61,80.3,142.85,0.9739,-1,-1,-1
97,148,1100.97,280.3,62.05,92.81,0.9737,-1,-1,-1
97,136,393.86,505.58,64.09,137.35,0.9732,-1,-1,-1
97,142,1052.54,290.67,42.21,102.31,0.9724,-1,-1,-1
97,144,457.65,344.54,37.08,118.67,0.9692,-1,-1,-1
97,147,564.0,287.62,40.94,100.25,0.9691,-1,-1,-1
97,152,1079.95,436.99,56.43,135.35,0.9689,-1,-1,-1
97,140,267.11,384.61,80.19,129.52,0.9655,-1,-1,-1
97,158,876.89,188.95,42.96,81.15,0.9652,-1,-1,-1
97,146,1237.73,241.45,35.99,95.53,0.9643,-1,-1,-1
97,164,1566.17,285.39,52.5,112.97,0.9616,-1,-1,-1
97,175,294.05,868.92,87.98,183.95,0.959,-1,-1,-1
97,145,1054.62,688.16,59.19,154.39,0.946,-1,-1,-1
97,141,1545.92,385.79,64.97,123.05,0.9236,-1,-1,-1
98,143,1369.24,394.53,91.84,117.06,0.9806,-1,-1,-1
98,154,1431.81,296.78,49.14,113.25,0.9781,-1,-1,-1
98,139,1503.16,590.11,75.23,147.46,0.9743,-1,-1,-1
98,137,1107.06,620.56,80.3,142.91,0.974,-1,-1,-1
98,148,1100.94,280.28,62.05,92.79,0.9736,-1,-1,-1
98,136,393.91,505.55,64.07,137.42,0.9732,-1,-1,-1
98,142,1052.35,290.63,42.41,102.38,0.9727,-1,-1,-1
98,144,457.67,344.52,37.06,118.66,0.9691,-1,-1,-1
98,147,563.96,287.62,41.06,100.22,0.969,-1,-1,-1
98,152,1079.88,436.94,56.49,135.39,0.9688,-1,-1,-1
98,158,876.86,188.99,42.88,81.13,0.9654,-1,-1,-1
98,140,267.13,384.5,79.98,129.55,0.9652,-1,-1,-1
98,146,1237.76,241.44,35.97,95.5,0.9642,-1,-1,-1
98,164,1565.8,285.43,52.93,112.95,0.9616,-1,-1,-1
98,175,294.12,869.0,87.92,184.1,0.9597,-1,-1,-1
98,145,1056.67,688.29,56.88,153.88,0.9462,-1,-1,-1
98,141,1545.91,386.13,65.12,122.9,0.9239,-1,-1,-1
99,154,1430.54,296.39,51.05,113.09,0.9769,-1,-1,-1
99,137,1115.9,619.35,92.21,145.82,0.9757,-1,-1,-1
99,148,1106.22,278.22,59.53,91.98,0.9752,-1,-1,-1
99,152,1084.48,434.28,60.17,136.53,0.9729,-1,-1,-1
99,142,1058.31,288.87,42.41,105.72,0.9707,-1,-1,-1
99,136,410.55,504.06,55.88,138.26,0.9701,-1,-1,-1
99,164,1571.49,281.36,51.52,115.83,0.9701,-1,-1,-1
99,144,458.49,341.88,39.88,121.12,0.9691,-1,-1,-1
99,147,567.48,287.14,38.91,101.23,0.9677,-1,-1,-1
99,139,1509.73,590.61,86.56,144.27,0.9672,-1,-1,-1
99,146,1234.59,238.8,38.08,95.04,0.9654,-1,-1,-1
99,158,878.57,189.8,43.62,80.01,0.96,-1,-1,-1
99,140,277.25,387.87,69.45,127.84,0.9573,-1,-1,-1
99,145,1080.44,686.93,43.35,150.47,0.9487,-1,-1,-1
99,143,1387.16,398.45,76.59,114.61,0.9448,-1,-1,-1
99,175,296.78,866.27,114.45,188.57,0.9256,-1,-1,-1
99,141,1568.32,392.1,53.39,118.14,0.8833,-1,-1,-1
100,137,1127.88,620.11,93.75,146.18,0.9791,-1,-1,-1
100,152,1090.17,433.34,63.94,129.4,0.9784,-1,-1,-1
100,144,458.91,339.42,47.32,123.12,0.9764,-1,-1,-1
100,136,411.08,501.32,56.75,141.06,0.9745,-1,-1,-1
100,154,1426.49,296.56,57.07,115.12,0.9744,-1,-1,-1
100,164,1580.66,279.21,48.4,118.11,0.9728,-1,-1,-1
100,142,1063.3,287.43,42.63,106.23,0.9728,-1,-1,-1
100,148,1112.85,276.88,55.38,90.56,0.9702,-1,-1,-1
100,146,1232.75,237.26,38.61,92.05,0.9659,-1,-1,-1
100,158,880.67,191.18,51.34,79.05,0.9634,-1,-1,-1
100,141,1586.61,393.79,43.81,115.38,0.9626,-1,-1,-1
100,147,568.72,284.82,37.01,103.68,0.9593,-1,-1,-1
100,139,1514.23,592.81,94.36,137.41,0.9586,-1,-1,-1
100,143,1412.31,398.92,54.87,114.18,0.9526,-1,-1,-1
100,145,1081.47,700.31,62.59,144.13,0.9474,-1,-1,-1
100,140,295.69,390.12,52.63,125.65,0.9444,-1,-1,-1
100,175,334.53,866.94,96.57,182.56,0.7697,-1,-1,-1
101,136,410.93,498.75,64.07,144.6,0.9779,-1,-1,-1
101,144,457.39,339.1,60.53,122.97,0.9759,-1,-1,-1
101,148,1124.16,276.95,45.86,91.2,0.9749,-1,-1,-1
101,154,1425.18,295.99,59.64,114.65,0.9747,-1,-1,-1
101,141,1588.04,384.0,56.36,124.92,0.9735,-1,-1,-1
101,152,1095.79,433.38,65.4,126.03,0.97,-1,-1,-1
101,164,1586.58,275.42,47.87,120.68,0.9695,-1,-1,-1
101,142,1068.53,285.02,40.36,108.24,0.9689,-1,-1,-1
101,140,312.87,384.4,42.47,129.05,0.9666,-1,-1,-1
101,139,1523.83,591.36,90.56,142.57,0.9661,-1,-1,-1
101,147,569.44,280.21,37.42,107.74,0.9611,-1,-1,-1
101,158,884.8,188.51,52.4,82.05,0.9606,-1,-1,-1
101,137,1147.19,619.83,77.64,150.74,0.9595,-1,-1,-1
101,146,1231.15,232.92,37.43,96.93,0.9594,-1,-1,-1
101,145,1081.25,704.67,77.21,141.44,0.9568,-1,-1,-1
101,143,1436.06,400.8,39.03,112.02,0.9398,-1,-1,-1
101,175,370.77,868.95,84.46,178.42,0.6867,-1,-1,-1
102,144,457.93,338.93,63.1,122.68,0.9762,-1,-1,-1
102,140,314.87,383.74,53.03,129.48,0.9757,-1,-1,-1
102,136,412.36,496.59,70.56,146.08,0.9756,-1,-1,-1
102,148,1123.51,278.79,50.34,89.92,0.9732,-1,-1,-1
102,154,1425.0,295.45,60.34,114.07,0.9715,-1,-1,-1
102,145,1085.3,697.66,93.26,150.39,0.9687,-1,-1,-1
102,142,1071.96,283.86,40.99,109.02,0.9675,-1,-1,-1
102,143,1443.26,399.33,43.6,114.28,0.9673,-1,-1,-1
102,141,1590.18,384.81,66.22,125.87,0.966,-1,-1,-1
102,137,1185.13,624.62,52.89,144.68,0.9658,-1,-1,-1
102,146,1227.8,230.36,38.98,95.82,0.9653,-1,-1,-1
102,164,1596.29,274.32,41.91,119.36,0.9644,-1,-1,-1
102,139,1537.41,593.26,87.17,141.74,0.9612,-1,-1,-1
102,147,570.4,277.87,36.82,109.55,0.9598,-1,-1,-1
102,158,887.93,188.92,49.8,81.84,0.9575,-1,-1,-1
102,152,1103.56,436.54,64.67,128.78,0.802,-1,-1,-1
102,175,390.93,873.75,85.37,180.25,0.6717,-1,-1,-1
103,140,313.04,383.65,64.93,133.23,0.9783,-1,-1,-1
103,136,415.92,498.64,81.77,143.7,0.9782,-1,-1,-1
103,142,1074.15,283.97,44.13,105.6,0.9781,-1,-1,-1
103,144,460.13,340.88,60.96,120.31,0.9736,-1,-1,-1
103,143,1445.0,396.24,54.04,118.58,0.9726,-1,-1,-1
103,154,1427.92,295.87,58.16,114.32,0.9726,-1,-1,-1
103,164,1600.51,273.63,42.22,121.45,0.9703,-1,-1,-1
103,141,1595.42,386.53,82.39,125.39,0.9691,-1,-1,-1
103,146,1224.57,229.47,42.31,96.33,0.9669,-1,-1,-1
103,137,1192.55,625.68,58.91,146.15,0.9651,-1,-1,-1
103,139,1558.58,595.15,77.2,143.46,0.9646,-1,-1,-1
103,148,1121.99,278.59,57.42,90.12,0.9624,-1,-1,-1
103,158,890.69,189.61,45.44,81.27,0.9589,-1,-1,-1
103,147,570.54,276.81,36.43,108.69,0.958,-1,-1,-1
103,145,1091.14,701.56,110.27,141.3,0.9367,-1,-1,-1
103,175,383.64,882.07,119.2,180.57,0.8432,-1,-1,-1
103,152,1119.16,436.25,51.46,128.83,0.6707,-1,-1,-1
104,140,313.1,383.61,64.88,133.27,0.9784,-1,-1,-1
104,136,415.9,498.65,81.84,143.69,0.9782,-1,-1,-1
104,142,1074.09,283.99,44.2,105.56,0.9781,-1,-1,-1
104,144,460.24,340.89,60.9,120.28,0.9735,-1,-1,-1
104,154,1427.92,295.87,58.14,114.36,0.9726,-1,-1,-1
104,143,1445.01,396.24,54.06,118.6,0.9726,-1,-1,-1
104,164,1600.57,273.62,42.12,121.48,0.9704,-1,-1,-1
104,141,1595.39,385.88,82.52,126.15,0.9695,-1,-1,-1
104,146,1224.45,229.72,42.39,96.04,0.9677,-1,-1,-1
104,137,1192.65,625.67,58.83,146.15,0.965,-1,-1,-1
104,139,1558.47,595.06,77.39,143.56,0.9645,-1,-1,-1
104,148,1121.95,278.6,57.53,90.09,0.9621,-1,-1,-1
104,158,890.57,189.4,45.54,81.46,0.958,-1,-1,-1
104,147,570.55,276.8,36.4,108.64,0.9576,-1,-1,-1
104,145,1091.16,702.77,110.1,140.13,0.9375,-1,-1,-1
104,175,384.2,882.08,118.26,180.61,0.8465,-1,-1,-1
104,152,1119.19,436.27,51.44,128.83,0.7026,-1,-1,-1
105,136,419.43,498.79,80.79,143.63,0.9789,-1,-1,-1
105,137,1197.04,624.15,68.24,148.76,0.9775,-1,-1,-1
105,142,1076.28,284.36,46.11,104.09,0.9773,-1,-1,-1
105,139,1578.13,595.39,69.94,143.68,0.9746,-1,-1,-1
105,144,464.6,343.51,52.28,118.99,0.9745,-1,-1,-1
105,140,313.47,381.92,75.49,136.49,0.9744,-1,-1,-1
105,154,1431.28,296.3,55.22,115.26,0.9739,-1,-1,-1
105,146,1221.23,231.94,45.39,94.43,0.9731,-1,-1,-1
105,164,1605.92,274.91,40.67,119.49,0.9723,-1,-1,-1
105,143,1446.95,394.57,62.97,121.68,0.9717,-1,-1,-1
105,141,1600.22,383.07,96.8,127.62,0.9668,-1,-1,-1
105,147,570.31,276.39,36.54,106.24,0.9587,-1,-1,-1
105,158,890.91,188.71,42.65,82.94,0.9534,-1,-1,-1
105,145,1105.1,726.25,110.82,113.59,0.9526,-1,-1,-1
105,175,416.28,876.52,100.71,191.31,0.9471,-1,-1,-1
105,148,1119.64,278.42,63.96,90.12,0.9446,-1,-1,-1
105,152,1134.82,436.18,41.84,130.04,0.6999,-1,-1,-1
106,137,1204.14,619.56,72.57,146.52,0.9786,-1,-1,-1
106,140,310.89,382.43,92.93,134.26,0.9785,-1,-1,-1
106,144,472.28,344.0,44.02,119.74,0.9776,-1,-1,-1
106,136,429.82,501.45,69.76,140.94,0.9773,-1,-1,-1
106,154,1434.4,296.17,51.23,116.22,0.9761,-1,-1,-1
106,139,1585.7,594.81,69.52,145.01,0.9761,-1,-1,-1
106,142,1081.91,284.49,44.26,106.0,0.9741,-1,-1,-1
106,146,1218.02,234.75,45.72,92.26,0.9733,-1,-1,-1
106,141,1609.83,389.82,99.48,123.57,0.972,-1,-1,-1
106,148,1119.64,276.38,69.68,90.23,0.9712,-1,-1,-1
106,143,1453.84,394.0,66.01,120.78,0.9694,-1,-1,-1
106,152,1142.11,435.42,41.74,131.44,0.9653,-1,-1,-1
106,164,1611.68,276.98,40.22,120.45,0.9624,-1,-1,-1
106,158,891.71,189.98,39.7,82.72,0.9601,-1,-1,-1
106,147,570.23,277.12,36.58,103.57,0.9587,-1,-1,-1
106,175,455.46,878.51,86.08,187.84,0.9533,-1,-1,-1
106,145,1125.23,718.47,93.69,128.94,0.9356,-1,-1,-1
107,139,1588.91,592.55,75.42,148.29,0.9787,-1,-1,-1
107,154,1438.34,296.47,48.34,116.18,0.9768,-1,-1,-1
107,137,1213.46,617.31,78.33,145.27,0.9759,-1,-1,-1
107,164,1616.49,279.71,44.84,120.53,0.9757,-1,-1,-1
107,140,319.98,385.31,93.1,132.51,0.9756,-1,-1,-1
107,144,476.65,343.08,43.37,120.62,0.9751,-1,-1,-1
107,148,1123.59,276.0,69.26,90.45,0.9737,-1,-1,-1
107,136,441.76,504.0,57.12,140.6,0.9718,-1,-1,-1
107,142,1088.37,285.4,40.83,105.93,0.9714,-1,-1,-1
107,146,1212.42,233.84,48.82,92.52,0.9706,-1,-1,-1
107,143,1458.64,394.02,77.7,121.28,0.9675,-1,-1,-1
107,141,1619.88,388.81,94.91,130.44,0.9654,-1,-1,-1
107,158,892.97,191.05,36.02,83.55,0.958,-1,-1,-1
107,147,570.27,278.5,36.01,103.5,0.9504,-1,-1,-1
107,145,1186.03,707.09,42.82,140.66,0.9402,-1,-1,-1
107,175,453.87,877.26,117.21,190.16,0.9247,-1,-1,-1
107,152,1143.2,432.95,50.73,134.3,0.862,-1,-1,-1
108,139,1595.13,592.37,80.59,148.88,0.9802,-1,-1,-1
108,164,1620.35,282.94,50.61,117.88,0.9769,-1,-1,-1
108,137,1232.63,617.56,74.93,149.1,0.9757,-1,-1,-1
108,154,1440.22,297.52,46.44,116.47,0.9751,-1,-1,-1
108,148,1132.84,275.28,65.35,89.36,0.975,-1,-1,-1
108,152,1143.85,431.54,60.48,136.07,0.9742,-1,-1,-1
108,143,1465.84,396.88,87.27,121.69,0.9735,-1,-1,-1
108,140,328.38,387.1,84.52,133.55,0.9731,-1,-1,-1
108,144,479.02,341.09,41.89,121.47,0.9727,-1,-1,-1
108,136,462.85,505.84,43.05,139.54,0.9693,-1,-1,-1
108,142,1093.92,285.99,36.94,105.63,0.9648,-1,-1,-1
108,158,892.35,189.91,36.41,85.52,0.9594,-1,-1,-1
108,146,1207.33,232.94,50.47,94.5,0.9566,-1,-1,-1
108,147,570.27,278.98,35.15,104.11,0.9498,-1,-1,-1
108,145,1190.09,703.97,58.43,136.67,0.9344,-1,-1,-1
108,141,1647.58,399.75,67.67,120.95,0.8927,-1,-1,-1
108,175,469.74,878.21,115.81,185.75,0.8333,-1,-1,-1
109,139,1601.95,589.56,87.22,149.34,0.9788,-1,-1,-1
109,164,1624.29,286.32,55.86,115.64,0.9768,-1,-1,-1
109,154,1442.72,298.42,43.83,115.78,0.9728,-1,-1,-1
109,137,1255.76,616.61,68.75,151.09,0.9724,-1,-1,-1
109,152,1145.45,429.79,68.35,135.75,0.9718,-1,-1,-1
109,136,467.48,507.24,47.05,138.39,0.9696,-1,-1,-1
109,144,480.98,338.14,42.07,123.71,0.9691,-1,-1,-1
109,148,1145.14,277.37,57.1,87.51,0.9665,-1,-1,-1
109,140,343.21,389.56,68.63,132.48,0.9659,-1,-1,-1
109,143,1481.22,399.77,76.21,122.87,0.9653,-1,-1,-1
109,158,892.72,189.64,37.96,85.56,0.9631,-1,-1,-1
109,146,1200.93,229.61,53.67,98.33,0.9577,-1,-1,-1
109,142,1098.42,285.44,36.61,104.44,0.9573,-1,-1,-1
109,145,1192.53,705.07,73.5,141.15,0.9326,-1,-1,-1
109,141,1661.56,390.19,60.66,131.15,0.9251,-1,-1,-1
109,147,571.09,279.7,34.7,105.07,0.9208,-1,-1,-1
109,175,518.45,875.81,85.54,185.42,0.7476,-1,-1,-1
110,139,1601.93,589.56,87.24,149.4,0.9789,-1,-1,-1
110,164,1624.3,286.34,55.81,115.64,0.9769,-1,-1,-1
110,154,1442.83,298.45,43.76,115.79,0.9729,-1,-1,-1
110,137,1255.84,616.71,68.52,150.96,0.9726,-1,-1,-1
110,152,1145.45,429.86,68.29,135.65,0.9718,-1,-1,-1
110,144,480.94,338.13,42.15,123.92,0.9694,-1,-1,-1
110,136,467.46,507.26,47.14,138.43,0.969,-1,-1,-1
110,148,1145.19,277.56,57.0,87.35,0.9662,-1,-1,-1
110,140,343.22,389.42,68.64,132.58,0.9661,-1,-1,-1
110,143,1481.37,399.74,75.97,122.9,0.9656,-1,-1,-1
110,158,892.8,189.43,37.87,85.76,0.9628,-1,-1,-1
110,146,1200.87,229.7,53.69,98.25,0.9585,-1,-1,-1
110,142,1098.61,285.95,36.25,103.91,0.9573,-1,-1,-1
110,145,1192.26,704.2,74.03,142.64,0.935,-1,-1,-1
110,141,1662.87,390.27,59.49,131.04,0.9226,-1,-1,-1
110,147,571.07,279.61,34.73,105.33,0.9226,-1,-1,-1
110,175,518.49,876.06,85.51,185.12,0.7435,-1,-1,-1
111,139,1610.51,591.85,92.59,145.78,0.9787,-1,-1,-1
111,137,1273.95,622.13,59.75,148.64,0.9775,-1,-1,-1
111,140,358.29,389.26,63.56,130.82,0.9735,-1,-1,-1
111,154,1443.32,298.41,43.42,116.3,0.9729,-1,-1,-1
111,164,1628.75,287.76,55.43,114.18,0.9724,-1,-1,-1
111,142,1102.16,284.02,38.25,106.06,0.9699,-1,-1,-1
111,136,463.07,503.29,62.2,143.25,0.9696,-1,-1,-1
111,148,1161.09,278.66,46.47,85.46,0.9686,-1,-1,-1
111,144,483.08,336.55,43.13,124.03,0.9671,-1,-1,-1
111,152,1150.26,428.93,78.18,128.98,0.965,-1,-1,-1
111,145,1191.99,708.28,90.93,144.35,0.9639,-1,-1,-1
111,158,892.46,189.72,40.15,85.72,0.9624,-1,-1,-1
111,143,1499.84,401.87,60.54,119.6,0.9622,-1,-1,-1
111,141,1680.95,389.73,48.77,131.54,0.9554,-1,-1,-1
111,146,1193.36,231.25,55.81,91.15,0.9539,-1,-1,-1
111,147,574.48,284.64,31.73,97.21,0.9218,-1,-1,-1
111,175,538.15,872.11,95.63,197.41,0.5578,-1,-1,-1
112,164,1630.39,287.79,53.85,113.58,0.9765,-1,-1,-1
112,136,462.52,500.76,69.95,146.65,0.9758,-1,-1,-1
112,142,1103.56,280.78,43.3,110.29,0.9753,-1,-1,-1
112,144,485.16,337.21,43.33,124.05,0.975,-1,-1,-1
112,141,1692.56,387.32,47.49,133.7,0.9744,-1,-1,-1
112,154,1443.57,298.43,43.35,116.32,0.9729,-1,-1,-1
112,148,1164.73,268.23,59.34,96.79,0.9681,-1,-1,-1
112,139,1628.07,593.62,77.59,148.55,0.9681,-1,-1,-1
112,140,380.44,389.1,46.24,129.35,0.9672,-1,-1,-1
112,143,1520.21,404.16,50.68,116.99,0.9646,-1,-1,-1
112,137,1290.91,622.73,49.95,150.7,0.9644,-1,-1,-1
112,147,573.21,278.3,35.48,105.92,0.9617,-1,-1,-1
112,145,1200.08,705.99,103.5,143.24,0.9609,-1,-1,-1
112,158,892.36,187.48,40.94,88.72,0.9602,-1,-1,-1
112,152,1157.66,430.57,78.0,126.75,0.9439,-1,-1,-1
112,146,1185.75,230.73,55.56,96.33,0.9225,-1,-1,-1
112,175,554.98,880.25,97.6,191.99,0.7277,-1,-1,-1
113,136,465.25,501.47,82.71,145.16,0.9771,-1,-1,-1
113,164,1630.51,287.31,55.11,114.37,0.9761,-1,-1,-1
113,142,1105.89,278.35,47.02,111.53,0.976,-1,-1,-1
113,137,1306.51,624.16,47.63,149.29,0.9749,-1,-1,-1
113,141,1700.4,386.38,47.61,132.97,0.9747,-1,-1,-1
113,154,1444.07,298.7,43.57,116.26,0.9736,-1,-1,-1
113,144,488.12,338.72,40.9,120.54,0.9731,-1,-1,-1
113,139,1646.46,597.13,68.11,143.15,0.9691,-1,-1,-1
113,147,571.06,274.96,38.53,107.96,0.9687,-1,-1,-1
113,148,1167.4,262.63,56.84,102.89,0.968,-1,-1,-1
113,158,893.11,187.17,42.73,98.24,0.9664,-1,-1,-1
113,143,1540.04,402.54,42.29,120.17,0.9658,-1,-1,-1
113,140,379.99,390.75,56.38,130.47,0.9614,-1,-1,-1
113,175,565.35,884.26,104.37,188.91,0.9513,-1,-1,-1
113,146,1180.94,226.66,54.49,91.5,0.9503,-1,-1,-1
113,145,1217.73,700.22,103.69,148.26,0.9462,-1,-1,-1
113,152,1166.53,432.69,70.1,126.23,0.739,-1,-1,-1
114,140,380.07,385.01,65.2,136.85,0.9764,-1,-1,-1
114,164,1636.69,287.84,53.81,111.21,0.9764,-1,-1,-1
114,142,1106.97,277.94,52.6,109.76,0.976,-1,-1,-1
114,143,1544.23,401.41,52.4,121.87,0.9752,-1,-1,-1
114,136,468.91,500.95,90.24,144.09,0.9744,-1,-1,-1
114,141,1705.28,384.55,55.34,135.54,0.9743,-1,-1,-1
114,148,1174.18,261.82,56.67,100.85,0.9737,-1,-1,-1
114,154,1445.0,298.8,43.04,115.69,0.9736,-1,-1,-1
114,147,569.11,273.32,43.77,107.27,0.9726,-1,-1,-1
114,139,1672.31,598.45,51.72,143.61,0.9709,-1,-1,-1
114,144,493.17,340.81,36.73,117.42,0.9678,-1,-1,-1
114,158,891.59,187.55,40.41,96.61,0.9654,-1,-1,-1
114,175,607.83,886.48,82.44,184.96,0.9429,-1,-1,-1
114,146,1178.72,229.76,37.66,74.64,0.9264,-1,-1,-1
114,152,1180.03,432.96,61.7,128.38,0.9229,-1,-1,-1
114,137,1318.44,621.83,49.59,116.1,0.8955,-1,-1,-1
114,145,1228.48,714.09,112.84,136.8,0.6054,-1,-1,-1
115,140,384.25,380.84,77.78,142.16,0.9781,-1,-1,-1
115,136,476.34,501.76,84.81,142.28,0.977,-1,-1,-1
115,141,1708.86,384.89,66.63,136.62,0.9768,-1,-1,-1
115,164,1644.4,285.97,50.62,112.15,0.9763,-1,-1,-1
115,143,1547.25,399.41,60.7,125.28,0.975,-1,-1,-1
115,142,1113.46,278.82,49.17,106.23,0.9738,-1,-1,-1
115,154,1445.35,298.63,42.91,116.12,0.9725,-1,-1,-1
115,139,1680.16,598.43,53.8,144.61,0.9722,-1,-1,-1
115,147,567.42,273.6,46.97,103.57,0.9722,-1,-1,-1
115,148,1180.25,264.44,58.1,91.24,0.9717,-1,-1,-1
115,144,497.14,342.26,38.21,116.35,0.9693,-1,-1,-1
115,158,891.17,187.15,35.26,95.12,0.9609,-1,-1,-1
115,175,625.22,884.2,96.77,191.2,0.9595,-1,-1,-1
115,146,1171.8,224.83,36.08,79.13,0.9409,-1,-1,-1
115,152,1196.8,432.34,51.44,129.9,0.9361,-1,-1,-1
115,137,1331.75,616.5,54.67,135.72,0.4891,-1,-1,-1
116,140,384.24,380.84,77.79,142.18,0.9781,-1,-1,-1
116,136,476.35,501.74,84.71,142.31,0.9769,-1,-1,-1
116,141,1708.86,384.88,66.53,136.69,0.9768,-1,-1,-1
116,164,1644.41,285.96,50.57,112.18,0.9763,-1,-1,-1
116,143,1547.3,399.41,60.79,125.23,0.9749,-1,-1,-1
116,142,1113.43,278.81,49.22,106.28,0.9738,-1,-1,-1
116,154,1445.32,298.63,42.95,116.15,0.9725,-1,-1,-1
116,139,1680.22,598.45,53.81,144.6,0.9721,-1,-1,-1
116,147,567.41,273.96,46.94,103.32,0.9717,-1,-1,-1
116,148,1180.15,264.45,58.21,91.15,0.9717,-1,-1,-1
116,144,497.16,342.21,38.16,116.41,0.9693,-1,-1,-1
116,158,891.19,187.14,35.26,95.11,0.9609,-1,-1,-1
116,175,625.36,884.38,96.74,191.28,0.9604,-1,-1,-1
116,146,1171.83,225.06,36.07,79.05,0.9407,-1,-1,-1
116,152,1196.74,432.33,51.53,129.86,0.9329,-1,-1,-1
116,137,1331.48,616.74,54.76,136.03,0.6845,-1,-1,-1
116,179,1302.41,629.27,84.51,171.69,0.5093,-1,-1,-1
116,145,1275.34,661.46,95.3,172.62,0.4305,-1,-1,-1
117,140,383.0,381.65,95.41,137.63,0.9825,-1,-1,-1
117,139,1679.63,595.33,68.69,148.27,0.9754,-1,-1,-1
117,141,1716.7,385.53,75.11,133.02,0.9745,-1,-1,-1
117,142,1117.65,278.87,47.75,105.92,0.9743,-1,-1,-1
117,143,1551.76,398.3,67.6,126.88,0.9738,-1,-1,-1
117,164,1654.01,283.75,43.47,112.52,0.9732,-1,-1,-1
117,148,1188.18,262.59,54.0,95.83,0.9722,-1,-1,-1
117,154,1444.4,298.72,43.59,116.19,0.9721,-1,-1,-1
117,136,484.25,504.21,72.94,142.38,0.9714,-1,-1,-1
117,144,501.05,341.62,38.59,117.4,0.9704,-1,-1,-1
117,147,563.89,280.97,50.8,93.1,0.9682,-1,-1,-1
117,152,1207.41,430.22,49.85,130.01,0.9575,-1,-1,-1
117,158,889.78,187.53,34.94,93.41,0.9516,-1,-1,-1
117,146,1167.62,223.44,32.35,75.39,0.9345,-1,-1,-1
117,175,630.64,881.33,120.45,196.3,0.9264,-1,-1,-1
117,145,1304.11,721.0,49.46,135.06,0.7866,-1,-1,-1
117,137,1335.51,612.39,69.26,156.17,0.6297,-1,-1,-1
117,179,1303.68,656.99,85.56,163.88,0.4064,-1,-1,-1
118,143,1556.65,398.42,81.22,127.04,0.9774,-1,-1,-1
118,152,1212.63,427.13,51.24,132.81,0.9772,-1,-1,-1
118,139,1683.63,593.78,76.48,149.12,0.9769,-1,-1,-1
118,140,393.24,385.79,90.51,134.42,0.9758,-1,-1,-1
118,142,1123.34,277.73,44.39,106.56,0.9741,-1,-1,-1
118,154,1441.97,298.49,45.87,116.81,0.9723,-1,-1,-1
118,144,500.2,339.94,42.51,119.42,0.9717,-1,-1,-1
118,136,494.92,505.74,66.33,141.05,0.9701,-1,-1,-1
118,148,1206.43,261.14,40.8,97.04,0.969,-1,-1,-1
118,141,1726.95,389.56,71.23,131.86,0.9673,-1,-1,-1
118,145,1303.01,719.26,71.18,140.16,0.9661,-1,-1,-1
118,147,564.44,284.12,51.48,88.64,0.9655,-1,-1,-1
118,146,1159.5,219.1,44.64,96.96,0.9643,-1,-1,-1
118,164,1660.16,280.45,41.25,116.23,0.9622,-1,-1,-1
118,137,1345.74,620.32,83.17,144.74,0.9517,-1,-1,-1
118,158,888.25,187.07,34.26,90.92,0.9402,-1,-1,-1
118,175,635.59,879.03,154.52,194.56,0.6608,-1,-1,-1
119,143,1560.54,401.33,92.0,125.54,0.981,-1,-1,-1
119,145,1303.84,719.28,88.63,141.2,0.9769,-1,-1,-1
119,139,1688.01,593.71,85.19,147.13,0.9766,-1,-1,-1
119,144,495.86,337.1,47.18,121.54,0.9738,-1,-1,-1
119,140,401.22,385.98,82.32,136.34,0.9718,-1,-1,-1
119,154,1435.19,297.71,52.18,117.83,0.9714,-1,-1,-1
119,152,1214.61,421.75,55.09,137.7,0.9702,-1,-1,-1
119,148,1213.41,259.56,37.94,97.13,0.9695,-1,-1,-1
119,164,1664.43,277.18,39.7,118.62,0.9683,-1,-1,-1
119,136,507.04,504.2,61.72,143.11,0.9668,-1,-1,-1
119,142,1126.06,274.2,42.29,109.17,0.9662,-1,-1,-1
119,141,1740.58,392.27,61.06,130.11,0.9654,-1,-1,-1
119,146,1147.57,214.39,56.28,103.57,0.9636,-1,-1,-1
119,147,567.62,286.11,44.21,86.48,0.9609,-1,-1,-1
119,158,885.12,188.22,34.36,89.16,0.9564,-1,-1,-1
119,137,1361.78,614.65,85.56,154.64,0.9408,-1,-1,-1
119,175,697.77,886.82,81.54,183.26,0.5955,-1,-1,-1
120,143,1568.1,402.33,92.25,126.12,0.983,-1,-1,-1
120,144,492.16,335.0,51.85,121.62,0.9755,-1,-1,-1
120,148,1211.67,256.62,43.11,98.53,0.9752,-1,-1,-1
120,136,519.35,503.43,50.73,142.24,0.972,-1,-1,-1
120,164,1667.78,274.89,38.99,118.15,0.9705,-1,-1,-1
120,154,1427.64,296.33,58.15,119.05,0.9697,-1,-1,-1
120,147,574.31,270.91,42.77,102.68,0.9662,-1,-1,-1
120,137,1387.33,616.84,63.38,156.58,0.9658,-1,-1,-1
120,141,1754.99,392.27,53.98,126.83,0.9652,-1,-1,-1
120,142,1128.74,273.2,43.23,108.9,0.9638,-1,-1,-1
120,145,1306.86,719.53,110.91,136.74,0.9632,-1,-1,-1
120,146,1137.46,227.2,59.36,81.71,0.9628,-1,-1,-1
120,140,419.13,391.45,58.21,131.29,0.9617,-1,-1,-1
120,139,1691.98,589.93,95.9,146.26,0.9616,-1,-1,-1
120,158,881.4,186.93,35.72,90.23,0.9564,-1,-1,-1
120,152,1216.53,419.42,60.33,138.41,0.9497,-1,-1,-1
120,175,706.4,881.2,100.74,198.8,0.584,-1,-1,-1
121,148,1208.29,254.11,50.64,102.08,0.9768,-1,-1,-1
121,144,488.52,334.04,56.98,122.61,0.976,-1,-1,-1
121,136,515.53,501.01,57.69,144.23,0.9751,-1,-1,-1
121,139,1699.44,592.02,93.86,143.7,0.9722,-1,-1,-1
121,164,1669.57,271.73,37.47,118.24,0.9696,-1,-1,-1
121,147,577.33,267.13,38.77,105.51,0.9681,-1,-1,-1
121,143,1580.96,403.45,77.08,127.51,0.9676,-1,-1,-1
121,152,1217.36,418.07,66.42,131.33,0.9671,-1,-1,-1
121,141,1768.52,393.03,41.4,126.81,0.9619,-1,-1,-1
121,154,1425.25,295.25,58.61,119.48,0.9619,-1,-1,-1
121,140,435.32,390.41,43.68,131.44,0.9614,-1,-1,-1
121,137,1397.53,617.98,57.45,155.66,0.9608,-1,-1,-1
121,158,876.32,186.19,35.93,91.23,0.9595,-1,-1,-1
121,142,1129.73,270.94,48.57,110.22,0.9483,-1,-1,-1
121,146,1125.27,227.37,43.33,76.61,0.9406,-1,-1,-1
121,145,1317.46,721.6,128.0,129.36,0.9199,-1,-1,-1
121,175,711.35,890.34,123.57,186.51,0.8266,-1,-1,-1
122,148,1208.34,254.09,50.52,102.11,0.9768,-1,-1,-1
122,144,488.52,334.06,57.0,122.57,0.9759,-1,-1,-1
122,136,515.58,500.82,57.76,144.51,0.9756,-1,-1,-1
122,139,1699.46,591.96,93.82,143.79,0.9723,-1,-1,-1
122,164,1669.6,271.77,37.39,118.17,0.9693,-1,-1,-1
122,147,577.37,267.12,38.73,105.63,0.968,-1,-1,-1
122,143,1581.03,403.44,77.2,127.62,0.9674,-1,-1,-1
122,152,1217.31,418.06,66.48,131.45,0.9673,-1,-1,-1
122,154,1425.31,295.15,58.5,119.53,0.9619,-1,-1,-1
122,140,435.37,390.13,43.65,131.73,0.9615,-1,-1,-1
122,137,1397.47,617.97,57.54,155.75,0.9609,-1,-1,-1
122,141,1768.55,393.03,41.38,126.49,0.9608,-1,-1,-1
122,158,876.37,186.09,35.85,91.35,0.9594,-1,-1,-1
122,142,1129.82,270.75,48.13,110.45,0.9468,-1,-1,-1
122,146,1125.14,227.2,43.48,77.15,0.9369,-1,-1,-1
122,145,1317.54,721.55,127.83,129.46,0.919,-1,-1,-1
122,175,711.55,890.56,123.36,186.35,0.8287,-1,-1,-1
123,136,513.5,497.61,61.99,148.12,0.9791,-1,-1,-1
123,140,442.64,384.82,44.36,135.02,0.9759,-1,-1,-1
123,144,486.01,334.3,57.77,121.4,0.9751,-1,-1,-1
123,143,1595.38,406.49,61.21,122.5,0.9738,-1,-1,-1
123,148,1207.04,252.17,55.88,100.59,0.9734,-1,-1,-1
123,141,1774.73,391.42,44.75,129.28,0.9723,-1,-1,-1
123,139,1713.04,594.45,88.56,146.28,0.9714,-1,-1,-1
123,164,1670.95,272.29,37.57,114.6,0.9706,-1,-1,-1
123,147,574.37,264.92,40.09,107.62,0.969,-1,-1,-1
123,142,1130.31,267.31,46.88,113.96,0.9668,-1,-1,-1
123,154,1418.91,293.69,62.98,119.6,0.9631,-1,-1,-1
123,152,1220.24,418.38,67.95,128.73,0.9603,-1,-1,-1
123,175,742.7,890.45,94.08,188.06,0.9594,-1,-1,-1
123,158,870.29,185.19,36.54,91.87,0.9531,-1,-1,-1
123,146,1108.3,223.07,44.15,82.85,0.9464,-1,-1,-1
123,137,1397.74,617.67,70.7,151.22,0.8069,-1,-1,-1
124,136,511.9,495.95,72.44,150.09,0.9788,-1,-1,-1
124,148,1208.24,250.21,62.6,96.41,0.9771,-1,-1,-1
124,144,485.71,334.21,53.64,118.78,0.9764,-1,-1,-1
124,142,1129.97,266.94,48.12,110.83,0.9735,-1,-1,-1
124,140,436.51,382.98,55.97,138.15,0.973,-1,-1,-1
124,147,569.44,263.18,42.84,108.18,0.9712,-1,-1,-1
124,154,1408.29,292.35,71.74,119.87,0.9662,-1,-1,-1
124,164,1672.5,271.46,36.58,114.43,0.9658,-1,-1,-1
124,141,1771.04,390.82,55.0,132.48,0.9647,-1,-1,-1
124,175,784.17,891.34,78.18,184.04,0.9644,-1,-1,-1
124,139,1734.02,596.91,78.45,144.95,0.963,-1,-1,-1
124,143,1617.79,405.92,45.39,122.61,0.9605,-1,-1,-1
124,158,865.23,184.6,35.51,92.21,0.9603,-1,-1,-1
124,152,1226.67,418.0,61.68,130.39,0.9536,-1,-1,-1
124,146,1096.94,224.16,41.71,84.27,0.9534,-1,-1,-1
124,137,1407.49,650.02,73.63,146.63,0.6553,-1,-1,-1
125,136,510.81,498.19,82.39,146.02,0.9777,-1,-1,-1
125,143,1624.69,404.28,46.94,123.69,0.9764,-1,-1,-1
125,140,430.33,379.9,67.57,142.6,0.9763,-1,-1,-1
125,144,486.57,334.25,50.37,118.17,0.9763,-1,-1,-1
125,142,1128.33,267.43,49.04,107.06,0.9758,-1,-1,-1
125,148,1209.51,248.0,60.73,98.74,0.9758,-1,-1,-1
125,147,562.99,263.9,46.17,106.18,0.9749,-1,-1,-1
125,164,1671.5,271.3,38.04,114.66,0.9702,-1,-1,-1
125,141,1767.76,387.59,64.16,133.97,0.9693,-1,-1,-1
125,139,1751.23,598.41,69.14,142.96,0.969,-1,-1,-1
125,146,1089.87,223.03,43.05,84.74,0.9682,-1,-1,-1
125,175,785.76,887.77,97.97,190.4,0.9629,-1,-1,-1
125,154,1403.95,292.51,72.46,115.0,0.9616,-1,-1,-1
125,158,855.58,181.48,38.66,94.76,0.9615,-1,-1,-1
125,137,1428.17,608.83,61.54,133.36,0.9296,-1,-1,-1
125,152,1235.38,418.67,53.12,129.17,0.8569,-1,-1,-1
125,145,1393.38,724.18,67.78,138.35,0.5731,-1,-1,-1
126,136,512.47,500.15,81.32,143.94,0.9791,-1,-1,-1
126,141,1765.86,386.68,81.01,136.4,0.978,-1,-1,-1
126,144,490.86,334.12,45.26,117.26,0.9773,-1,-1,-1
126,147,559.77,262.3,47.84,104.11,0.9772,-1,-1,-1
126,143,1620.59,401.84,58.36,127.01,0.9754,-1,-1,-1
126,142,1128.67,267.55,53.58,106.43,0.9745,-1,-1,-1
126,154,1393.15,288.9,81.96,119.5,0.9709,-1,-1,-1
126,139,1749.57,594.63,82.83,146.26,0.9709,-1,-1,-1
126,148,1217.89,247.32,54.08,98.96,0.9696,-1,-1,-1
126,164,1670.41,272.45,38.23,114.56,0.9692,-1,-1,-1
126,140,426.15,378.36,81.42,142.93,0.9643,-1,-1,-1
126,146,1076.62,217.17,43.2,89.64,0.9641,-1,-1,-1
126,158,847.8,181.12,39.79,94.57,0.9589,-1,-1,-1
126,175,788.41,888.39,118.25,188.03,0.9368,-1,-1,-1
126,137,1405.46,642.65,101.47,153.17,0.9188,-1,-1,-1
127,140,423.9,384.43,92.71,132.66,0.9788,-1,-1,-1
127,136,515.48,499.93,69.84,144.69,0.9784,-1,-1,-1
127,143,1619.41,399.57,62.68,129.82,0.9763,-1,-1,-1
127,154,1386.44,287.04,85.9,119.87,0.976,-1,-1,-1
127,144,493.36,330.97,42.2,118.73,0.975,-1,-1,-1
127,147,557.07,261.93,45.73,103.56,0.9742,-1,-1,-1
127,139,1748.34,593.54,89.39,143.88,0.9733,-1,-1,-1
127,148,1226.46,243.75,46.9,101.88,0.9725,-1,-1,-1
127,164,1667.88,270.69,39.31,114.91,0.9718,-1,-1,-1
127,142,1127.67,267.26,59.08,107.05,0.9715,-1,-1,-1
127,141,1764.89,385.02,88.04,137.36,0.9667,-1,-1,-1
127,137,1416.77,604.77,95.19,163.86,0.9495,-1,-1,-1
127,146,1062.91,216.26,46.17,87.34,0.9456,-1,-1,-1
127,152,1247.79,416.74,43.08,131.86,0.9428,-1,-1,-1
127,158,843.03,180.11,38.63,95.68,0.9214,-1,-1,-1
127,145,1411.67,719.33,74.5,146.5,0.8884,-1,-1,-1
127,175,789.04,879.89,145.43,200.11,0.7863,-1,-1,-1
128,140,423.89,384.32,92.76,132.76,0.9788,-1,-1,-1
128,136,515.5,500.03,69.68,144.6,0.9783,-1,-1,-1
128,154,1386.49,286.93,85.95,119.91,0.9766,-1,-1,-1
128,143,1619.45,399.57,62.63,129.83,0.9762,-1,-1,-1
128,144,493.37,330.97,42.18,118.71,0.975,-1,-1,-1
128,147,557.07,261.95,45.73,103.54,0.9742,-1,-1,-1
128,139,1748.35,593.53,89.39,143.92,0.9734,-1,-1,-1
128,148,1226.54,243.53,46.92,102.06,0.9721,-1,-1,-1
128,164,1667.86,270.72,39.31,114.89,0.9718,-1,-1,-1
128,142,1127.68,267.25,59.14,107.15,0.9715,-1,-1,-1
128,141,1764.88,385.1,88.12,137.23,0.9668,-1,-1,-1
128,137,1416.79,604.76,95.13,163.88,0.9497,-1,-1,-1
128,146,1062.81,216.07,45.99,87.51,0.9465,-1,-1,-1
128,152,1247.84,416.71,43.05,131.91,0.9423,-1,-1,-1
128,158,843.06,180.14,38.58,95.68,0.9209,-1,-1,-1
128,145,1411.58,719.11,74.74,146.69,0.8883,-1,-1,-1
128,175,788.93,879.85,145.56,200.15,0.7866,-1,-1,-1
129,144,490.96,327.84,44.43,120.6,0.9798,-1,-1,-1
129,164,1665.13,268.86,44.19,116.42,0.9783,-1,-1,-1
129,140,425.1,390.51,91.48,126.26,0.977,-1,-1,-1
129,139,1751.85,589.8,93.28,146.29,0.9752,-1,-1,-1
129,154,1380.59,286.04,86.69,120.46,0.973,-1,-1,-1
129,147,555.98,261.42,43.1,103.68,0.9728,-1,-1,-1
129,136,524.16,499.52,54.48,144.02,0.972,-1,-1,-1
129,142,1126.39,265.18,62.63,106.33,0.9719,-1,-1,-1
129,143,1621.51,398.69,68.92,130.14,0.9716,-1,-1,-1
129,148,1232.43,239.2,41.32,105.48,0.9715,-1,-1,-1
129,141,1766.75,385.79,88.7,139.08,0.9696,-1,-1,-1
129,158,833.21,179.66,39.37,95.78,0.9484,-1,-1,-1
129,152,1247.89,412.03,47.4,136.75,0.9335,-1,-1,-1
129,145,1412.19,719.77,90.76,144.66,0.9219,-1,-1,-1
129,146,1049.41,209.01,41.33,90.87,0.8983,-1,-1,-1
129,137,1416.29,607.41,122.67,149.28,0.8726,-1,-1,-1
129,175,839.5,875.05,100.67,204.95,0.5871,-1,-1,-1
130,143,1620.73,399.93,85.68,128.25,0.9819,-1,-1,-1
130,144,489.4,325.67,45.31,118.13,0.9797,-1,-1,-1
130,164,1663.35,266.67,46.7,118.27,0.9787,-1,-1,-1
130,148,1232.53,236.31,43.51,108.32,0.9781,-1,-1,-1
130,141,1771.47,389.02,75.72,137.64,0.9745,-1,-1,-1
130,136,537.2,501.46,43.95,141.67,0.9725,-1,-1,-1
130,147,556.89,261.12,39.11,104.23,0.9694,-1,-1,-1
130,139,1755.89,590.99,99.1,143.88,0.9692,-1,-1,-1
130,140,431.24,394.56,79.69,122.7,0.9679,-1,-1,-1
130,154,1375.47,287.95,88.98,122.15,0.9654,-1,-1,-1
130,142,1125.05,262.58,61.74,107.45,0.9597,-1,-1,-1
130,158,825.89,179.43,40.92,95.76,0.9468,-1,-1,-1
130,152,1243.21,408.33,57.48,141.03,0.9311,-1,-1,-1
130,146,1037.34,216.27,36.89,79.68,0.8575,-1,-1,-1
130,175,873.77,890.58,83.32,180.72,0.6709,-1,-1,-1
130,137,1446.0,605.68,98.12,172.7,0.5546,-1,-1,-1
130,145,1416.62,685.32,111.1,155.04,0.4417,-1,-1,-1
131,143,1625.31,402.17,86.38,129.73,0.9839,-1,-1,-1
131,148,1232.68,234.12,45.91,106.61,0.9806,-1,-1,-1
131,144,486.88,324.78,46.58,118.89,0.9784,-1,-1,-1
131,164,1659.83,266.55,49.34,118.14,0.9772,-1,-1,-1
131,140,443.08,383.66,61.33,135.45,0.9759,-1,-1,-1
131,141,1778.07,390.18,67.83,139.01,0.9749,-1,-1,-1
131,136,539.0,500.19,46.7,143.8,0.9734,-1,-1,-1
131,139,1765.38,591.37,94.9,149.27,0.9632,-1,-1,-1
131,142,1123.94,260.41,62.09,109.8,0.9551,-1,-1,-1
131,146,1020.87,218.35,42.65,82.61,0.9446,-1,-1,-1
131,152,1243.13,407.82,62.49,136.9,0.9432,-1,-1,-1
131,147,557.67,260.31,35.3,104.41,0.9413,-1,-1,-1
131,154,1371.57,287.51,89.34,121.63,0.9275,-1,-1,-1
131,175,858.97,897.61,106.4,182.39,0.9099,-1,-1,-1
131,137,1471.51,606.52,77.0,162.07,0.8826,-1,-1,-1
131,158,821.04,180.83,37.49,95.55,0.8466,-1,-1,-1
131,145,1444.68,722.59,95.45,138.28,0.541,-1,-1,-1
132,144,487.39,324.93,45.43,119.19,0.9775,-1,-1,-1
132,164,1658.73,265.37,50.16,113.6,0.9767,-1,-1,-1
132,148,1232.27,233.05,50.61,102.85,0.9761,-1,-1,-1
132,141,1789.05,391.71,65.89,136.39,0.9729,-1,-1,-1
132,140,454.83,380.66,49.86,136.89,0.9723,-1,-1,-1
132,152,1240.11,406.57,77.32,133.34,0.972,-1,-1,-1
132,136,531.21,502.14,60.74,142.97,0.97,-1,-1,-1
132,143,1637.0,407.99,71.51,124.84,0.9657,-1,-1,-1
132,142,1122.93,258.63,66.57,113.66,0.9627,-1,-1,-1
132,139,1784.87,592.97,79.17,149.11,0.958,-1,-1,-1
132,175,882.31,898.58,95.04,181.42,0.9558,-1,-1,-1
132,154,1370.47,288.32,89.51,121.38,0.9549,-1,-1,-1
132,147,554.15,259.65,35.31,106.38,0.952,-1,-1,-1
132,146,1002.6,221.58,47.68,80.49,0.948,-1,-1,-1
132,158,816.02,183.05,40.12,92.69,0.9239,-1,-1,-1
132,137,1449.46,631.44,106.49,169.72,0.5461,-1,-1,-1
133,148,1238.15,232.33,50.39,100.67,0.9777,-1,-1,-1
133,164,1660.75,266.43,46.14,111.91,0.9756,-1,-1,-1
133,144,488.76,325.3,44.8,121.76,0.9749,-1,-1,-1
133,136,528.14,497.22,67.04,148.83,0.9744,-1,-1,-1
133,142,1122.21,258.32,70.98,112.33,0.9739,-1,-1,-1
133,141,1803.77,392.24,57.05,135.01,0.9737,-1,-1,-1
133,147,550.7,256.23,40.78,109.56,0.972,-1,-1,-1
133,139,1822.37,593.47,50.06,148.91,0.9679,-1,-1,-1
133,152,1238.5,402.92,92.38,135.53,0.9622,-1,-1,-1
133,146,979.73,222.32,61.71,77.71,0.9579,-1,-1,-1
133,154,1370.73,289.72,89.74,119.45,0.9529,-1,-1,-1
133,140,463.42,384.27,43.58,131.67,0.9479,-1,-1,-1
133,158,809.34,183.44,45.33,93.03,0.9372,-1,-1,-1
133,175,920.36,900.55,76.05,174.52,0.923,-1,-1,-1
133,143,1670.11,408.06,39.94,116.29,0.8862,-1,-1,-1
133,137,1488.42,605.64,67.91,154.95,0.8017,-1,-1,-1
134,148,1238.12,232.42,50.4,100.62,0.9777,-1,-1,-1
134,164,1660.76,266.41,46.13,111.99,0.9756,-1,-1,-1
134,144,488.69,325.25,44.94,121.57,0.9753,-1,-1,-1
134,136,528.06,497.19,67.14,148.86,0.9743,-1,-1,-1
134,141,1803.8,392.22,56.89,135.07,0.9736,-1,-1,-1
134,142,1122.22,258.32,70.87,112.35,0.9736,-1,-1,-1
134,147,550.7,256.23,40.75,109.58,0.9719,-1,-1,-1
134,139,1822.38,593.49,50.12,148.88,0.9679,-1,-1,-1
134,152,1238.5,402.92,92.35,135.53,0.9632,-1,-1,-1
134,146,979.66,222.37,61.75,77.85,0.9579,-1,-1,-1
134,154,1370.66,289.78,89.76,119.37,0.9542,-1,-1,-1
134,140,463.16,383.87,44.17,131.74,0.9503,-1,-1,-1
134,158,809.43,183.49,45.5,92.99,0.937,-1,-1,-1
134,175,920.21,900.43,76.23,174.88,0.9246,-1,-1,-1
134,143,1670.11,407.96,39.94,115.01,0.8765,-1,-1,-1
134,137,1488.3,605.8,68.1,155.51,0.8109,-1,-1,-1
135,142,1120.4,258.66,74.6,109.04,0.979,-1,-1,-1
135,148,1245.52,230.69,45.64,102.22,0.9779,-1,-1,-1
135,144,489.88,325.23,43.88,120.17,0.9764,-1,-1,-1
135,147,548.09,253.54,45.43,110.51,0.9753,-1,-1,-1
135,164,1663.15,264.76,43.5,112.46,0.975,-1,-1,-1
135,136,528.78,495.21,80.51,148.12,0.9743,-1,-1,-1
135,141,1810.54,389.29,54.73,137.33,0.9742,-1,-1,-1
135,139,1826.1,594.14,59.97,147.15,0.9726,-1,-1,-1
135,140,464.64,374.5,50.41,141.01,0.9706,-1,-1,-1
135,146,965.81,223.05,67.12,76.84,0.9645,-1,-1,-1
135,152,1247.64,407.19,77.55,131.41,0.9636,-1,-1,-1
135,154,1370.58,289.26,90.06,119.57,0.9575,-1,-1,-1
135,175,942.61,896.85,82.06,179.0,0.9412,-1,-1,-1
135,158,809.2,186.01,39.51,90.34,0.9252,-1,-1,-1
135,143,1676.05,412.33,43.54,119.58,0.9223,-1,-1,-1
135,137,1513.98,604.58,56.46,170.95,0.7797,-1,-1,-1
136,142,1120.75,259.04,77.57,105.87,0.9769,-1,-1,-1
136,139,1826.33,592.93,75.92,149.27,0.9753,-1,-1,-1
136,147,546.82,253.67,52.76,107.91,0.9747,-1,-1,-1
136,141,1813.88,388.62,58.7,137.09,0.9733,-1,-1,-1
136,148,1253.07,230.64,42.05,104.08,0.9731,-1,-1,-1
136,136,529.95,495.9,88.49,147.14,0.9718,-1,-1,-1
136,164,1665.82,262.58,41.95,113.68,0.9714,-1,-1,-1
136,146,958.17,213.17,67.7,88.43,0.9663,-1,-1,-1
136,137,1516.06,602.42,70.04,168.6,0.965,-1,-1,-1
136,140,467.16,374.34,60.37,139.65,0.9631,-1,-1,-1
136,143,1681.65,405.5,47.93,127.62,0.9604,-1,-1,-1
136,158,807.02,184.27,34.49,91.73,0.9497,-1,-1,-1
136,175,952.06,899.75,101.14,176.99,0.9423,-1,-1,-1
136,144,494.16,317.95,39.15,105.33,0.9373,-1,-1,-1
136,154,1370.68,288.02,90.95,120.25,0.9372,-1,-1,-1
136,145,1528.85,734.23,62.81,135.74,0.7633,-1,-1,-1
137,139,1832.83,590.42,85.22,150.73,0.9764,-1,-1,-1
137,136,539.28,498.4,80.35,145.25,0.9737,-1,-1,-1
137,141,1816.95,386.94,65.26,139.89,0.971,-1,-1,-1
137,143,1686.7,404.82,54.27,128.44,0.9704,-1,-1,-1
137,140,470.28,371.69,77.29,143.13,0.97,-1,-1,-1
137,147,548.6,253.52,55.73,107.01,0.9696,-1,-1,-1
137,148,1261.44,231.57,39.24,104.01,0.9687,-1,-1,-1
137,146,953.58,213.1,69.45,87.14,0.9684,-1,-1,-1
137,154,1372.46,288.73,91.3,118.84,0.9683,-1,-1,-1
137,164,1670.72,259.98,38.97,115.51,0.9682,-1,-1,-1
137,142,1121.46,259.38,81.14,103.56,0.9659,-1,-1,-1
137,144,498.87,323.47,38.89,95.81,0.9613,-1,-1,-1
137,137,1519.16,597.16,89.87,172.25,0.9507,-1,-1,-1
137,158,806.31,183.85,36.29,92.28,0.9506,-1,-1,-1
137,145,1530.02,708.6,92.89,166.78,0.9414,-1,-1,-1
137,175,967.23,896.69,111.43,183.31,0.8867,-1,-1,-1
138,140,477.5,369.66,85.16,139.13,0.9771,-1,-1,-1
138,141,1824.55,385.58,65.89,140.74,0.9757,-1,-1,-1
138,147,551.57,254.54,55.63,105.47,0.9755,-1,-1,-1
138,136,552.24,499.14,68.93,145.72,0.974,-1,-1,-1
138,143,1690.04,401.83,63.62,130.47,0.9722,-1,-1,-1
138,154,1377.76,287.81,90.08,119.26,0.9705,-1,-1,-1
138,148,1268.83,228.63,39.3,106.42,0.9702,-1,-1,-1
138,142,1125.86,260.04,81.16,102.11,0.9685,-1,-1,-1
138,146,952.69,215.72,67.09,83.87,0.9671,-1,-1,-1
138,139,1841.42,589.84,78.03,147.64,0.9652,-1,-1,-1
138,144,504.7,320.46,39.76,95.11,0.9631,-1,-1,-1
138,164,1675.18,256.17,37.14,118.16,0.9611,-1,-1,-1
138,137,1528.66,597.7,98.56,166.41,0.9582,-1,-1,-1
138,158,806.58,182.33,37.67,93.6,0.9562,-1,-1,-1
138,145,1535.96,704.16,114.62,168.69,0.948,-1,-1,-1
138,175,994.23,894.41,101.78,185.59,0.8405,-1,-1,-1
139,154,1380.11,285.29,87.49,119.1,0.9764,-1,-1,-1
139,143,1696.53,401.31,69.31,132.07,0.9749,-1,-1,-1
139,142,1132.87,258.92,76.97,101.75,0.9748,-1,-1,-1
139,141,1833.14,385.76,64.51,140.14,0.9746,-1,-1,-1
139,136,567.05,498.91,58.74,144.17,0.9745,-1,-1,-1
139,147,558.24,255.96,53.39,103.18,0.9693,-1,-1,-1
139,148,1276.83,226.08,38.95,106.56,0.9671,-1,-1,-1
139,139,1853.53,597.4,66.32,130.47,0.966,-1,-1,-1
139,146,954.39,220.66,62.68,79.25,0.9658,-1,-1,-1
139,164,1680.95,252.3,36.04,117.0,0.9602,-1,-1,-1
139,137,1537.16,597.63,106.46,153.69,0.9599,-1,-1,-1
139,158,805.03,180.97,40.09,93.86,0.9594,-1,-1,-1
139,140,487.26,326.09,80.39,173.78,0.9329,-1,-1,-1
139,145,1553.83,706.64,130.1,159.67,0.8639,-1,-1,-1
139,175,1017.0,901.08,105.29,178.0,0.7958,-1,-1,-1
139,152,1295.35,398.27,49.24,140.92,0.4387,-1,-1,-1
140,154,1380.13,285.26,87.27,119.25,0.9758,-1,-1,-1
140,143,1696.41,401.32,69.44,132.06,0.9749,-1,-1,-1
140,142,1132.85,258.94,76.81,101.7,0.9745,-1,-1,-1
140,141,1833.58,385.69,64.08,140.01,0.9743,-1,-1,-1
140,136,567.1,498.94,58.9,144.12,0.9742,-1,-1,-1
140,147,558.25,256.16,53.36,102.96,0.9689,-1,-1,-1
140,148,1276.83,226.03,38.94,106.58,0.967,-1,-1,-1
140,146,954.42,220.34,62.62,79.6,0.9662,-1,-1,-1
140,139,1853.56,597.52,66.32,130.3,0.966,-1,-1,-1
140,137,1537.34,597.62,106.08,153.6,0.9598,-1,-1,-1
140,164,1680.97,252.32,35.97,117.08,0.9596,-1,-1,-1
140,158,805.1,180.97,40.1,93.9,0.9593,-1,-1,-1
140,140,487.25,326.16,80.48,173.62,0.9312,-1,-1,-1
140,145,1553.95,707.68,129.98,158.27,0.8622,-1,-1,-1
140,175,1016.85,901.02,105.17,178.32,0.8034,-1,-1,-1
140,152,1295.37,398.25,49.3,140.93,0.489,-1,-1,-1
141,148,1282.03,223.63,42.84,108.77,0.978,-1,-1,-1
141,143,1704.46,401.37,80.36,131.3,0.978,-1,-1,-1
141,141,1850.09,387.27,53.76,136.74,0.9727,-1,-1,-1
141,147,569.17,254.01,46.56,104.91,0.9722,-1,-1,-1
141,154,1383.14,284.88,88.57,117.84,0.9706,-1,-1,-1
141,136,588.87,499.01,44.32,144.48,0.9701,-1,-1,-1
141,142,1142.65,258.48,65.15,102.36,0.9696,-1,-1,-1
141,146,955.29,219.8,60.99,79.68,0.9677,-1,-1,-1
141,158,805.92,179.42,38.51,96.29,0.9616,-1,-1,-1
141,137,1552.94,598.07,113.6,146.94,0.955,-1,-1,-1
141,139,1865.02,618.07,54.98,101.57,0.9509,-1,-1,-1
141,164,1685.53,249.99,36.29,114.93,0.9502,-1,-1,-1
141,144,513.46,316.21,44.76,102.09,0.9103,-1,-1,-1
141,140,502.94,364.64,69.09,138.21,0.8846,-1,-1,-1
141,152,1303.27,394.55,48.54,145.32,0.8444,-1,-1,-1
141,145,1561.83,720.98,140.6,148.45,0.7875,-1,-1,-1
141,175,1055.68,903.09,90.91,176.86,0.5544,-1,-1,-1
142,154,1386.19,284.95,89.48,117.05,0.9756,-1,-1,-1
142,148,1282.8,222.75,48.93,101.77,0.9734,-1,-1,-1
142,141,1861.88,388.81,49.74,133.77,0.9707,-1,-1,-1
142,143,1711.72,403.12,85.5,130.29,0.9702,-1,-1,-1
142,142,1147.28,256.13,62.2,104.39,0.9691,-1,-1,-1
142,147,580.75,252.37,41.67,107.28,0.9648,-1,-1,-1
142,164,1690.13,249.06,35.77,113.57,0.9643,-1,-1,-1
142,144,511.83,313.85,52.78,124.05,0.963,-1,-1,-1
142,146,958.02,219.49,57.5,78.67,0.9615,-1,-1,-1
142,136,597.19,496.09,50.6,145.5,0.9614,-1,-1,-1
142,137,1571.5,598.99,106.55,141.39,0.961,-1,-1,-1
142,158,805.97,178.91,38.66,96.3,0.9592,-1,-1,-1
142,145,1609.67,713.86,103.08,161.22,0.8676,-1,-1,-1
142,140,520.72,382.47,52.06,124.84,0.8614,-1,-1,-1
142,175,1072.85,907.16,88.12,167.83,0.8533,-1,-1,-1
142,152,1311.63,393.42,49.47,141.49,0.8387,-1,-1,-1
143,148,1286.23,220.62,56.3,99.66,0.9757,-1,-1,-1
143,144,510.89,313.85,60.19,123.23,0.9727,-1,-1,-1
143,136,601.16,492.06,57.42,150.13,0.9711,-1,-1,-1
143,143,1725.3,403.69,82.86,132.84,0.9705,-1,-1,-1
143,154,1390.19,282.88,85.11,120.96,0.9702,-1,-1,-1
143,142,1152.68,255.85,57.81,103.77,0.9686,-1,-1,-1
143,141,1871.42,389.82,46.99,133.56,0.9679,-1,-1,-1
143,147,588.58,250.53,38.25,107.01,0.9661,-1,-1,-1
143,146,958.03,213.85,59.1,83.32,0.9602,-1,-1,-1
143,152,1319.86,390.61,55.81,136.47,0.9597,-1,-1,-1
143,137,1600.0,595.86,89.18,171.84,0.9595,-1,-1,-1
143,158,805.06,177.78,38.77,97.49,0.9564,-1,-1,-1
143,175,1106.0,904.08,73.34,172.23,0.9551,-1,-1,-1
143,164,1693.82,247.35,35.48,114.57,0.9548,-1,-1,-1
143,140,539.63,386.81,38.6,122.22,0.9314,-1,-1,-1
143,145,1631.32,710.69,95.98,163.24,0.8063,-1,-1,-1
144,136,603.51,488.99,65.76,153.06,0.9784,-1,-1,-1
144,154,1391.34,283.84,86.8,120.74,0.973,-1,-1,-1
144,141,1874.83,387.95,45.17,136.58,0.9726,-1,-1,-1
144,148,1295.42,219.49,56.37,103.5,0.9724,-1,-1,-1
144,137,1625.42,595.21,72.0,169.19,0.9721,-1,-1,-1
144,142,1155.74,256.75,56.87,101.41,0.9713,-1,-1,-1
144,144,513.03,316.3,65.89,117.85,0.9709,-1,-1,-1
144,147,592.38,248.64,40.69,109.04,0.9675,-1,-1,-1
144,175,1134.65,903.66,65.96,172.15,0.9633,-1,-1,-1
144,140,550.28,381.69,40.92,126.89,0.9623,-1,-1,-1
144,158,803.58,178.43,39.95,96.37,0.9622,-1,-1,-1
144,164,1696.1,249.13,37.26,115.46,0.9591,-1,-1,-1
144,146,959.21,213.38,58.25,82.72,0.9534,-1,-1,-1
144,152,1328.92,392.92,55.4,129.42,0.9523,-1,-1,-1
144,143,1750.78,408.02,64.97,128.73,0.9457,-1,-1,-1
144,145,1654.91,711.8,83.48,166.54,0.93,-1,-1,-1
144,182,2.65,158.9,42.42,80.3,0.3628,-1,-1,-1
145,137,1637.77,591.56,66.49,171.66,0.9771,-1,-1,-1
145,152,1334.02,393.6,56.89,131.04,0.9748,-1,-1,-1
145,142,1158.23,257.38,54.72,101.38,0.9744,-1,-1,-1
145,154,1394.96,281.96,86.25,121.16,0.9704,-1,-1,-1
145,140,556.57,382.61,45.36,127.41,0.9703,-1,-1,-1
145,147,596.57,246.99,41.24,111.08,0.9696,-1,-1,-1
145,148,1306.34,221.44,52.85,101.97,0.9696,-1,-1,-1
145,164,1697.65,249.11,38.97,115.64,0.9693,-1,-1,-1
145,158,802.69,178.98,40.41,97.94,0.9678,-1,-1,-1
145,143,1771.0,411.22,53.23,126.17,0.9677,-1,-1,-1
145,136,609.16,490.71,73.38,151.9,0.9677,-1,-1,-1
145,141,1876.29,390.12,43.71,134.26,0.967,-1,-1,-1
145,144,514.37,317.56,72.63,114.87,0.9623,-1,-1,-1
145,145,1692.0,718.16,70.96,157.75,0.9479,-1,-1,-1
145,146,964.49,210.65,51.23,83.02,0.9458,-1,-1,-1
145,175,1146.19,898.65,77.24,176.35,0.937,-1,-1,-1
146,137,1637.66,591.49,66.63,171.69,0.9768,-1,-1,-1
146,152,1334.04,393.65,56.88,130.99,0.9749,-1,-1,-1
146,142,1158.23,257.41,54.75,101.38,0.9745,-1,-1,-1
146,154,1394.99,281.96,86.27,121.17,0.9712,-1,-1,-1
146,148,1306.24,221.42,53.27,101.99,0.9701,-1,-1,-1
146,140,556.56,382.32,45.34,127.75,0.9701,-1,-1,-1
146,147,596.55,246.99,41.26,111.08,0.9696,-1,-1,-1
146,164,1697.73,249.01,39.09,115.67,0.9692,-1,-1,-1
146,158,802.69,178.98,40.53,97.94,0.9679,-1,-1,-1
146,136,609.08,490.71,73.55,151.83,0.9676,-1,-1,-1
146,143,1771.09,411.2,53.11,126.21,0.9674,-1,-1,-1
146,141,1876.31,390.17,43.69,134.32,0.9668,-1,-1,-1
146,144,514.31,317.57,72.74,114.89,0.9626,-1,-1,-1
146,146,964.35,211.01,51.36,82.77,0.9468,-1,-1,-1
146,145,1692.12,718.88,70.54,156.67,0.9422,-1,-1,-1
146,175,1146.39,898.77,77.15,175.74,0.9327,-1,-1,-1
146,183,980.19,202.06,36.85,50.57,0.8343,-1,-1,-1
147,154,1395.71,284.21,90.7,120.07,0.977,-1,-1,-1
147,143,1781.85,408.94,52.96,127.12,0.9751,-1,-1,-1
147,147,600.41,247.25,44.0,110.08,0.9728,-1,-1,-1
147,136,616.3,491.09,75.48,148.83,0.9728,-1,-1,-1
147,144,518.16,316.9,76.97,114.54,0.9727,-1,-1,-1
147,142,1159.11,259.5,56.57,97.63,0.972,-1,-1,-1
147,148,1322.69,220.52,48.44,102.76,0.9713,-1,-1,-1
147,158,801.65,178.63,41.13,99.01,0.9702,-1,-1,-1
147,140,558.41,384.16,56.13,125.17,0.97,-1,-1,-1
147,164,1700.69,246.02,39.21,116.61,0.9673,-1,-1,-1
147,137,1651.18,586.15,66.55,177.59,0.9672,-1,-1,-1
147,141,1880.89,399.25,39.11,124.55,0.9596,-1,-1,-1
147,145,1698.47,707.11,83.44,171.51,0.9506,-1,-1,-1
147,146,963.42,206.87,52.46,87.76,0.9441,-1,-1,-1
147,152,1343.57,394.51,49.53,130.22,0.9422,-1,-1,-1
147,175,1157.8,896.97,103.15,180.91,0.9208,-1,-1,-1
147,183,980.51,199.53,34.99,54.69,0.7724,-1,-1,-1
148,147,604.55,247.02,48.4,108.3,0.9772,-1,-1,-1
148,148,1330.58,216.65,45.89,105.54,0.9758,-1,-1,-1
148,143,1786.24,408.32,57.31,128.09,0.9755,-1,-1,-1
148,137,1663.3,583.33,67.54,174.59,0.975,-1,-1,-1
148,154,1399.18,282.8,88.64,120.96,0.9742,-1,-1,-1
148,142,1161.23,259.98,61.22,96.95,0.9729,-1,-1,-1
148,144,520.87,314.89,82.5,119.18,0.9723,-1,-1,-1
148,158,800.47,180.68,42.8,96.34,0.9716,-1,-1,-1
148,136,624.73,492.91,73.56,145.23,0.9713,-1,-1,-1
148,140,561.01,383.93,70.48,123.85,0.9666,-1,-1,-1
148,164,1703.41,241.85,40.52,119.36,0.9662,-1,-1,-1
148,145,1703.67,695.01,98.96,181.94,0.9597,-1,-1,-1
148,146,966.5,203.24,53.41,90.34,0.9578,-1,-1,-1
148,141,1886.11,403.94,33.72,121.93,0.9201,-1,-1,-1
148,152,1350.16,394.19,45.08,129.37,0.906,-1,-1,-1
148,175,1183.12,897.12,105.6,182.88,0.8444,-1,-1,-1
148,183,979.9,198.35,38.09,57.68,0.6847,-1,-1,-1
149,148,1338.04,213.53,44.55,108.11,0.9763,-1,-1,-1
149,154,1401.24,283.01,88.96,120.41,0.9751,-1,-1,-1
149,147,609.62,250.04,45.05,105.39,0.9744,-1,-1,-1
149,142,1163.17,260.72,65.97,96.26,0.9743,-1,-1,-1
149,143,1790.13,406.89,62.69,129.07,0.9715,-1,-1,-1
149,158,798.31,181.96,43.79,94.9,0.9702,-1,-1,-1
149,144,528.11,310.83,77.68,123.63,0.97,-1,-1,-1
149,140,566.0,377.23,75.35,127.03,0.9685,-1,-1,-1
149,137,1673.93,584.51,83.77,168.26,0.9638,-1,-1,-1
149,164,1705.02,238.36,43.23,122.05,0.9637,-1,-1,-1
149,146,966.21,203.61,57.15,90.23,0.96,-1,-1,-1
149,152,1355.81,392.5,46.61,131.6,0.937,-1,-1,-1
149,175,1195.33,903.99,106.07,173.17,0.9308,-1,-1,-1
149,136,637.72,497.25,63.89,137.16,0.9183,-1,-1,-1
149,145,1710.15,696.27,121.99,174.81,0.9179,-1,-1,-1
149,141,1894.46,446.17,25.41,77.03,0.7949,-1,-1,-1
149,183,975.28,197.91,43.45,60.29,0.5136,-1,-1,-1
150,164,1707.07,237.88,44.77,117.8,0.9743,-1,-1,-1
150,143,1793.33,406.42,69.63,131.26,0.9741,-1,-1,-1
150,154,1403.03,283.44,88.35,120.45,0.9739,-1,-1,-1
150,137,1681.95,586.63,100.36,160.09,0.9698,-1,-1,-1
150,142,1168.39,263.07,64.2,94.32,0.9692,-1,-1,-1
150,158,796.05,182.37,44.87,94.36,0.969,-1,-1,-1
150,144,534.36,308.87,75.88,127.68,0.9662,-1,-1,-1
150,148,1345.52,213.05,41.78,109.31,0.9654,-1,-1,-1
150,146,963.55,206.98,61.21,88.9,0.9652,-1,-1,-1
150,147,617.5,250.51,38.07,104.06,0.9637,-1,-1,-1
150,136,661.39,495.23,46.08,141.48,0.9611,-1,-1,-1
150,140,572.4,378.69,74.6,123.43,0.961,-1,-1,-1
150,152,1360.39,389.07,47.42,137.09,0.9592,-1,-1,-1
150,145,1743.84,689.48,99.54,189.72,0.881,-1,-1,-1
150,141,1905.37,431.44,14.46,90.59,0.5582,-1,-1,-1
150,175,1228.23,907.67,79.14,164.16,0.5284,-1,-1,-1
151,164,1707.05,237.36,46.88,113.88,0.9764,-1,-1,-1
151,143,1796.08,407.96,82.43,130.75,0.9739,-1,-1,-1
151,154,1403.1,284.48,88.78,119.93,0.9738,-1,-1,-1
151,148,1350.04,212.75,42.17,102.68,0.9708,-1,-1,-1
151,142,1169.8,264.13,63.49,94.88,0.9695,-1,-1,-1
151,140,578.09,383.74,70.71,116.81,0.9634,-1,-1,-1
151,146,961.11,209.59,64.22,86.21,0.9622,-1,-1,-1
151,137,1691.2,588.47,107.08,160.49,0.9577,-1,-1,-1
151,136,672.86,493.77,41.64,143.57,0.957,-1,-1,-1
151,158,794.82,181.92,43.27,94.4,0.9525,-1,-1,-1
151,144,544.14,306.04,66.7,132.95,0.9505,-1,-1,-1
151,147,621.91,249.7,35.94,106.24,0.9464,-1,-1,-1
151,152,1365.19,386.93,47.68,138.18,0.9335,-1,-1,-1
151,145,1764.3,691.5,101.73,192.91,0.8785,-1,-1,-1
151,175,1250.06,907.7,68.64,144.69,0.8398,-1,-1,-1
152,164,1707.03,237.3,46.88,114.02,0.9764,-1,-1,-1
152,154,1403.0,284.54,88.85,119.91,0.974,-1,-1,-1
152,143,1796.1,407.95,82.5,130.71,0.9739,-1,-1,-1
152,148,1350.05,212.76,42.15,102.65,0.9708,-1,-1,-1
152,142,1169.78,264.13,63.52,94.85,0.9695,-1,-1,-1
152,140,578.02,383.58,70.77,116.97,0.9636,-1,-1,-1
152,146,961.14,209.68,64.18,86.07,0.9622,-1,-1,-1
152,137,1691.29,588.46,107.06,160.62,0.958,-1,-1,-1
152,136,672.87,493.74,41.63,143.64,0.957,-1,-1,-1
152,158,794.72,181.93,43.37,94.41,0.9523,-1,-1,-1
152,144,543.87,306.12,66.97,132.86,0.95,-1,-1,-1
152,147,621.96,249.72,35.91,106.24,0.9461,-1,-1,-1
152,152,1365.18,386.93,47.68,138.19,0.9345,-1,-1,-1
152,145,1764.31,691.56,101.66,192.88,0.8779,-1,-1,-1
152,175,1250.05,907.58,68.61,143.59,0.8337,-1,-1,-1
152,184,598.21,366.04,31.99,72.03,0.4296,-1,-1,-1
153,137,1702.94,591.18,96.29,162.21,0.9838,-1,-1,-1
153,143,1801.27,409.88,89.18,130.45,0.9785,-1,-1,-1
153,164,1707.21,237.7,46.49,113.18,0.9755,-1,-1,-1
153,136,675.67,491.71,46.42,145.28,0.975,-1,-1,-1
153,148,1353.01,213.08,44.23,95.57,0.9747,-1,-1,-1
153,154,1402.14,285.05,89.06,120.12,0.9736,-1,-1,-1
153,158,790.18,180.78,44.63,96.13,0.9735,-1,-1,-1
153,144,544.51,308.07,69.14,129.49,0.9721,-1,-1,-1
153,140,589.72,367.4,59.64,133.86,0.9714,-1,-1,-1
153,142,1169.18,265.31,61.44,93.14,0.9663,-1,-1,-1
153,146,959.8,213.69,62.69,81.99,0.963,-1,-1,-1
153,152,1368.46,383.44,50.42,141.11,0.9567,-1,-1,-1
153,175,1270.26,910.3,68.69,149.59,0.9552,-1,-1,-1
153,147,624.57,248.98,35.97,106.43,0.9497,-1,-1,-1
153,145,1803.75,696.36,72.33,180.09,0.9174,-1,-1,-1
154,137,1714.85,594.07,82.75,158.35,0.9787,-1,-1,-1
154,140,600.43,362.13,50.2,138.33,0.9765,-1,-1,-1
154,164,1707.55,237.35,45.53,114.99,0.9752,-1,-1,-1
154,144,549.74,309.7,66.35,124.13,0.9744,-1,-1,-1
154,136,673.64,489.07,54.53,150.97,0.9737,-1,-1,-1
154,143,1809.36,413.66,76.3,129.97,0.9727,-1,-1,-1
154,154,1401.18,285.08,89.71,119.14,0.9726,-1,-1,-1
154,158,786.71,182.44,44.02,96.0,0.9719,-1,-1,-1
154,148,1358.73,212.51,43.83,95.45,0.9714,-1,-1,-1
154,142,1166.51,264.63,60.69,94.14,0.9712,-1,-1,-1
154,146,960.44,215.36,59.29,79.68,0.9665,-1,-1,-1
154,175,1287.07,908.58,70.86,168.09,0.9515,-1,-1,-1
154,152,1370.05,382.3,54.3,138.14,0.9461,-1,-1,-1
154,147,626.92,248.73,35.49,106.92,0.9439,-1,-1,-1
154,145,1817.5,703.78,66.75,176.79,0.8869,-1,-1,-1
155,137,1726.06,594.73,67.95,153.82,0.9784,-1,-1,-1
155,140,606.69,358.34,45.64,139.5,0.9765,-1,-1,-1
155,144,547.45,311.12,69.87,121.85,0.9744,-1,-1,-1
155,148,1360.31,211.28,44.79,99.63,0.9742,-1,-1,-1
155,136,671.61,487.61,66.32,150.73,0.9733,-1,-1,-1
155,164,1707.6,236.49,43.64,115.69,0.9727,-1,-1,-1
155,142,1162.97,263.24,61.42,95.4,0.9724,-1,-1,-1
155,152,1370.06,381.14,59.22,132.84,0.9721,-1,-1,-1
155,158,782.57,182.55,44.75,96.33,0.9719,-1,-1,-1
155,154,1400.83,283.44,88.89,120.62,0.9713,-1,-1,-1
155,175,1298.22,910.31,76.61,165.31,0.9621,-1,-1,-1
155,147,627.7,244.9,38.29,109.98,0.9621,-1,-1,-1
155,146,956.83,220.25,59.77,74.32,0.9608,-1,-1,-1
155,143,1834.93,416.03,54.21,126.51,0.929,-1,-1,-1
155,145,1837.43,710.58,57.77,165.99,0.906,-1,-1,-1
156,137,1733.91,588.86,65.08,162.13,0.9757,-1,-1,-1
156,136,671.1,486.23,80.64,151.35,0.9753,-1,-1,-1
156,158,777.88,182.73,46.77,95.73,0.9737,-1,-1,-1
156,142,1161.04,262.19,62.02,96.43,0.9737,-1,-1,-1
156,152,1370.72,381.39,58.73,129.79,0.9733,-1,-1,-1
156,140,611.37,353.55,44.9,143.35,0.9732,-1,-1,-1
156,147,627.41,242.5,43.25,110.98,0.9702,-1,-1,-1
156,154,1401.24,281.43,86.79,121.73,0.9692,-1,-1,-1
156,145,1844.2,698.08,74.7,180.7,0.9691,-1,-1,-1
156,144,547.06,312.8,71.56,119.6,0.9688,-1,-1,-1
156,148,1367.27,214.27,40.02,99.73,0.9643,-1,-1,-1
156,164,1707.81,236.89,39.01,114.28,0.9633,-1,-1,-1
156,146,953.31,212.54,60.59,83.47,0.9577,-1,-1,-1
156,175,1310.13,909.25,89.52,168.49,0.9542,-1,-1,-1
156,143,1850.0,417.12,43.9,125.42,0.9445,-1,-1,-1
157,136,671.09,487.26,89.85,148.12,0.9779,-1,-1,-1
157,147,625.67,242.3,52.23,109.5,0.9752,-1,-1,-1
157,137,1740.82,583.09,64.0,167.33,0.9751,-1,-1,-1
157,158,773.94,182.39,47.83,96.22,0.9734,-1,-1,-1
157,142,1158.14,259.56,60.77,99.0,0.9722,-1,-1,-1
157,146,945.81,205.3,63.66,91.27,0.9719,-1,-1,-1
157,152,1373.56,381.98,53.04,129.82,0.9719,-1,-1,-1
157,140,613.67,351.3,46.64,145.69,0.9714,-1,-1,-1
157,143,1850.5,414.73,51.63,126.25,0.9706,-1,-1,-1
157,144,551.31,312.13,68.1,118.92,0.9678,-1,-1,-1
157,154,1400.43,279.98,86.17,121.22,0.9669,-1,-1,-1
157,145,1846.63,700.97,73.37,176.68,0.9584,-1,-1,-1
157,148,1372.17,213.5,36.77,99.05,0.9456,-1,-1,-1
157,175,1323.99,911.34,91.71,166.36,0.9384,-1,-1,-1
157,164,1707.35,235.3,35.7,115.54,0.9342,-1,-1,-1
158,136,671.16,487.2,89.8,148.26,0.978,-1,-1,-1
158,137,1740.81,583.08,63.93,167.27,0.9753,-1,-1,-1
158,147,625.68,242.3,52.22,109.52,0.9752,-1,-1,-1
158,158,773.94,182.3,47.86,96.31,0.9734,-1,-1,-1
158,142,1158.11,259.56,60.82,99.05,0.9723,-1,-1,-1
158,146,945.98,205.21,63.47,91.3,0.9721,-1,-1,-1
158,152,1373.55,382.0,53.06,129.79,0.9719,-1,-1,-1
158,140,613.78,351.34,46.59,145.65,0.9715,-1,-1,-1
158,143,1850.16,414.68,52.32,126.21,0.9703,-1,-1,-1
158,144,551.06,312.06,68.45,118.98,0.9681,-1,-1,-1
158,154,1400.4,279.99,86.17,121.22,0.9661,-1,-1,-1
158,145,1846.6,701.09,73.4,176.6,0.9585,-1,-1,-1
158,148,1372.18,213.51,36.74,98.92,0.9448,-1,-1,-1
158,175,1323.97,911.27,91.77,166.5,0.9382,-1,-1,-1
158,164,1707.41,235.15,35.71,115.6,0.9342,-1,-1,-1
159,142,1155.0,257.5,61.12,101.93,0.9769,-1,-1,-1
159,140,617.45,351.85,49.2,143.43,0.9759,-1,-1,-1
159,137,1745.57,578.84,72.93,170.34,0.9748,-1,-1,-1
159,147,624.69,242.97,60.14,108.42,0.9747,-1,-1,-1
159,136,675.12,489.06,90.35,146.76,0.974,-1,-1,-1
159,158,770.18,180.81,47.92,97.64,0.9664,-1,-1,-1
159,144,548.77,309.16,71.0,123.1,0.9663,-1,-1,-1
159,175,1342.5,915.06,82.75,162.69,0.9654,-1,-1,-1
159,146,929.85,199.97,75.25,95.55,0.9644,-1,-1,-1
159,154,1406.07,280.81,76.22,117.45,0.9641,-1,-1,-1
159,143,1858.16,415.57,53.51,126.75,0.9615,-1,-1,-1
159,148,1374.22,211.96,37.99,99.67,0.9568,-1,-1,-1
159,164,1705.82,228.64,35.04,120.59,0.9567,-1,-1,-1
159,145,1851.76,714.93,68.24,156.16,0.9472,-1,-1,-1
159,152,1376.83,380.98,48.76,132.05,0.8885,-1,-1,-1
160,142,1152.2,257.26,62.19,101.25,0.9773,-1,-1,-1
160,147,624.68,245.75,61.8,105.27,0.9764,-1,-1,-1
160,143,1858.03,411.42,59.87,131.1,0.9722,-1,-1,-1
160,137,1749.47,575.63,83.02,171.39,0.9716,-1,-1,-1
160,144,553.94,307.29,65.3,122.78,0.9712,-1,-1,-1
160,136,680.44,491.3,81.27,142.99,0.9703,-1,-1,-1
160,154,1410.04,279.79,71.55,117.05,0.9668,-1,-1,-1
160,148,1377.29,209.63,39.42,101.86,0.965,-1,-1,-1
160,158,768.04,182.21,46.75,95.52,0.9607,-1,-1,-1
160,140,621.52,353.73,55.8,135.8,0.96,-1,-1,-1
160,146,923.36,196.62,74.28,98.09,0.9593,-1,-1,-1
160,164,1705.53,228.45,33.73,116.67,0.9533,-1,-1,-1
160,175,1355.13,919.37,78.37,155.42,0.9491,-1,-1,-1
160,145,1858.91,727.24,61.09,133.74,0.9391,-1,-1,-1
160,152,1380.47,381.69,48.42,130.59,0.929,-1,-1,-1
161,137,1753.43,575.51,89.02,161.1,0.9776,-1,-1,-1
161,147,625.55,248.18,61.4,103.7,0.9773,-1,-1,-1
161,140,625.3,352.69,56.83,134.9,0.9753,-1,-1,-1
161,142,1149.97,255.69,61.89,103.69,0.9737,-1,-1,-1
161,136,691.31,489.74,72.48,145.61,0.973,-1,-1,-1
161,143,1860.04,410.36,59.96,133.63,0.9724,-1,-1,-1
161,154,1408.69,279.45,71.03,118.78,0.9696,-1,-1,-1
161,144,554.65,303.66,67.5,128.01,0.9693,-1,-1,-1
161,158,763.72,180.81,45.87,97.47,0.9659,-1,-1,-1
161,148,1383.84,207.69,37.54,105.32,0.9653,-1,-1,-1
161,175,1365.75,919.96,78.48,156.97,0.9585,-1,-1,-1
161,146,904.36,193.84,73.33,101.48,0.9547,-1,-1,-1
161,164,1704.19,231.31,34.32,107.25,0.9492,-1,-1,-1
161,145,1869.9,779.64,50.1,75.69,0.9037,-1,-1,-1
161,152,1382.87,377.47,48.97,135.93,0.8555,-1,-1,-1
161,182,8.37,156.62,48.71,83.79,0.5244,-1,-1,-1
162,137,1756.29,575.54,90.38,153.75,0.981,-1,-1,-1
162,144,559.46,303.67,69.32,126.17,0.978,-1,-1,-1
162,140,630.39,353.84,56.59,133.78,0.9774,-1,-1,-1
162,136,704.37,488.3,62.88,145.59,0.9763,-1,-1,-1
162,147,627.33,249.08,59.73,104.72,0.9752,-1,-1,-1
162,143,1863.72,410.52,56.28,128.85,0.9728,-1,-1,-1
162,142,1149.58,257.62,60.96,101.23,0.9722,-1,-1,-1
162,154,1410.66,278.26,70.02,121.35,0.9675,-1,-1,-1
162,148,1384.26,205.98,41.29,106.39,0.9671,-1,-1,-1
162,146,903.36,192.91,63.02,102.12,0.9644,-1,-1,-1
162,164,1701.74,227.24,37.57,109.26,0.9596,-1,-1,-1
162,158,765.2,181.18,38.81,96.21,0.9518,-1,-1,-1
162,175,1375.93,920.58,80.76,154.34,0.9331,-1,-1,-1
162,152,1384.81,373.57,47.76,140.3,0.8954,-1,-1,-1
162,145,1887.71,754.53,32.29,95.44,0.5502,-1,-1,-1
162,182,9.64,153.04,48.21,90.13,0.3574,-1,-1,-1
163,140,638.1,353.82,49.98,132.46,0.9793,-1,-1,-1
163,137,1762.84,575.95,83.89,154.98,0.9767,-1,-1,-1
163,136,722.4,485.45,50.83,146.35,0.9747,-1,-1,-1
163,147,633.17,247.69,54.89,104.96,0.9739,-1,-1,-1
163,148,1384.12,203.97,50.83,99.36,0.9738,-1,-1,-1
163,142,1152.51,256.02,58.37,103.28,0.9726,-1,-1,-1
163,144,565.97,303.38,71.39,120.84,0.9711,-1,-1,-1
163,154,1411.72,277.81,73.18,121.01,0.9693,-1,-1,-1
163,143,1869.02,412.21,50.98,123.85,0.9681,-1,-1,-1
163,146,904.77,192.52,58.32,104.39,0.9571,-1,-1,-1
163,164,1703.31,229.86,36.95,107.56,0.9486,-1,-1,-1
163,152,1391.5,373.02,42.19,135.29,0.938,-1,-1,-1
163,158,763.4,181.6,36.25,97.22,0.934,-1,-1,-1
163,175,1385.64,915.9,90.81,157.37,0.9323,-1,-1,-1
164,140,638.11,353.76,49.99,132.53,0.9793,-1,-1,-1
164,137,1762.83,575.92,83.9,155.04,0.9767,-1,-1,-1
164,136,722.26,485.42,50.94,146.39,0.9748,-1,-1,-1
164,147,633.21,247.7,54.81,104.95,0.974,-1,-1,-1
164,148,1384.13,204.14,50.82,99.23,0.9738,-1,-1,-1
164,142,1152.49,256.02,58.38,103.29,0.9726,-1,-1,-1
164,144,565.94,303.38,71.41,120.88,0.9711,-1,-1,-1
164,154,1411.74,277.82,73.15,121.01,0.9693,-1,-1,-1
164,143,1869.03,412.24,50.97,123.82,0.9682,-1,-1,-1
164,146,904.74,192.53,58.33,104.4,0.957,-1,-1,-1
164,164,1703.28,229.77,36.99,107.69,0.9492,-1,-1,-1
164,152,1391.49,373.02,42.18,135.29,0.9374,-1,-1,-1
164,158,763.21,181.59,36.45,97.23,0.9361,-1,-1,-1
164,175,1385.6,915.83,90.87,157.4,0.932,-1,-1,-1
165,137,1770.84,574.77,75.02,154.62,0.9779,-1,-1,-1
165,147,639.95,245.47,48.97,104.16,0.9772,-1,-1,-1
165,140,644.4,352.99,45.88,131.86,0.976,-1,-1,-1
165,136,730.79,480.97,45.64,149.71,0.9753,-1,-1,-1
165,142,1153.3,256.77,58.07,102.22,0.9732,-1,-1,-1
165,144,570.34,303.54,73.32,119.2,0.9727,-1,-1,-1
165,154,1418.43,277.12,73.0,120.16,0.9714,-1,-1,-1
165,143,1875.59,422.71,44.27,109.03,0.9689,-1,-1,-1
165,146,900.29,189.66,57.27,101.21,0.9591,-1,-1,-1
165,148,1386.45,213.34,55.86,83.36,0.9527,-1,-1,-1
165,175,1394.34,915.88,96.9,157.52,0.9506,-1,-1,-1
165,158,759.63,181.11,36.57,96.33,0.9478,-1,-1,-1
165,164,1705.4,237.2,36.4,98.49,0.9358,-1,-1,-1
166,147,644.85,241.66,45.22,107.61,0.9782,-1,-1,-1
166,154,1421.28,277.57,73.8,118.77,0.9761,-1,-1,-1
166,136,736.53,479.05,46.48,150.48,0.9751,-1,-1,-1
166,142,1154.12,256.34,57.97,102.39,0.9738,-1,-1,-1
166,137,1774.39,570.52,71.18,159.36,0.9735,-1,-1,-1
166,144,577.46,303.69,72.38,118.43,0.9721,-1,-1,-1
166,148,1393.18,200.62,53.51,99.43,0.9707,-1,-1,-1
166,140,649.55,351.22,46.05,132.88,0.9679,-1,-1,-1
166,146,898.42,189.27,54.16,101.13,0.9656,-1,-1,-1
166,164,1705.27,227.3,38.36,109.83,0.9587,-1,-1,-1
166,175,1408.53,920.33,96.92,150.56,0.9188,-1,-1,-1
166,158,760.67,179.28,33.07,98.09,0.9031,-1,-1,-1
166,143,1886.28,447.03,33.29,83.51,0.875,-1,-1,-1
167,140,655.42,349.8,47.73,134.31,0.9775,-1,-1,-1
167,154,1426.02,278.03,74.16,116.4,0.9768,-1,-1,-1
167,144,583.07,306.05,71.94,117.64,0.9759,-1,-1,-1
167,147,648.38,237.82,42.34,110.09,0.9753,-1,-1,-1
167,142,1156.05,255.21,57.33,103.43,0.9744,-1,-1,-1
167,137,1779.45,565.23,69.67,163.84,0.9743,-1,-1,-1
167,148,1402.57,201.25,52.04,100.37,0.9688,-1,-1,-1
167,136,742.58,478.91,48.2,149.98,0.9686,-1,-1,-1
167,146,899.78,189.39,45.83,101.04,0.9667,-1,-1,-1
167,175,1418.85,921.02,98.95,154.27,0.9507,-1,-1,-1
167,164,1710.06,229.3,35.47,106.08,0.9173,-1,-1,-1
167,158,761.76,179.19,33.36,96.08,0.912,-1,-1,-1
168,154,1434.08,277.95,68.99,114.34,0.9783,-1,-1,-1
168,137,1785.87,559.04,69.06,168.43,0.9744,-1,-1,-1
168,140,662.9,346.06,50.53,137.26,0.974,-1,-1,-1
168,144,593.15,308.06,64.5,116.08,0.9728,-1,-1,-1
168,136,750.37,479.8,50.95,145.08,0.9723,-1,-1,-1
168,142,1158.29,254.3,57.51,103.43,0.9715,-1,-1,-1
168,146,894.09,189.83,45.69,100.8,0.9699,-1,-1,-1
168,148,1415.37,199.59,48.14,99.58,0.9683,-1,-1,-1
168,147,652.47,236.51,40.63,109.36,0.9653,-1,-1,-1
168,164,1711.08,226.28,39.44,108.56,0.9629,-1,-1,-1
168,152,1408.97,367.41,46.39,126.0,0.959,-1,-1,-1
168,175,1434.7,924.42,100.69,149.24,0.9439,-1,-1,-1
168,158,764.88,178.54,32.2,96.48,0.9413,-1,-1,-1
169,147,655.72,234.51,42.62,108.59,0.9769,-1,-1,-1
169,144,603.77,307.59,57.5,115.11,0.976,-1,-1,-1
169,137,1792.51,557.45,75.57,162.24,0.9747,-1,-1,-1
169,140,671.4,342.95,59.23,138.08,0.9726,-1,-1,-1
169,136,759.15,481.87,57.15,144.33,0.9704,-1,-1,-1
169,154,1440.96,276.71,67.84,115.52,0.9699,-1,-1,-1
169,146,895.1,191.65,40.28,100.82,0.9685,-1,-1,-1
169,142,1162.05,254.52,57.0,102.25,0.9658,-1,-1,-1
169,148,1429.33,198.38,41.95,99.27,0.9579,-1,-1,-1
169,158,764.97,179.6,35.72,96.16,0.9545,-1,-1,-1
169,164,1717.32,225.07,36.25,106.08,0.9454,-1,-1,-1
169,175,1451.3,921.67,98.74,154.42,0.9431,-1,-1,-1
169,152,1415.11,368.78,46.25,125.89,0.4965,-1,-1,-1
170,147,655.73,234.45,42.59,108.66,0.9768,-1,-1,-1
170,144,603.67,307.58,57.59,115.1,0.9759,-1,-1,-1
170,137,1792.56,557.5,75.57,162.1,0.9747,-1,-1,-1
170,140,671.37,342.94,59.73,138.06,0.9731,-1,-1,-1
170,136,759.14,481.86,57.13,144.33,0.9703,-1,-1,-1
170,154,1440.93,276.7,67.87,115.53,0.97,-1,-1,-1
170,146,895.64,191.94,40.13,100.2,0.9686,-1,-1,-1
170,142,1162.01,254.53,57.07,102.23,0.9658,-1,-1,-1
170,148,1429.31,198.62,42.25,99.06,0.9571,-1,-1,-1
170,158,764.86,179.63,35.83,96.22,0.9549,-1,-1,-1
170,164,1717.03,224.26,36.5,107.11,0.9498,-1,-1,-1
170,175,1451.32,921.71,98.55,154.37,0.9431,-1,-1,-1
170,152,1415.13,368.77,46.2,125.82,0.5006,-1,-1,-1
170,188,1713.77,217.34,22.48,57.23,0.4372,-1,-1,-1
171,137,1800.85,555.58,79.76,151.63,0.976,-1,-1,-1
171,154,1449.9,275.0,66.09,117.22,0.975,-1,-1,-1
171,147,661.11,235.24,43.95,107.22,0.9745,-1,-1,-1
171,146,888.07,191.69,50.56,99.94,0.9738,-1,-1,-1
171,144,612.64,304.82,51.88,114.86,0.9738,-1,-1,-1
171,142,1166.06,252.85,57.93,102.01,0.9726,-1,-1,-1
171,136,768.09,484.26,66.72,141.98,0.97,-1,-1,-1
171,140,680.82,346.88,60.16,131.73,0.9673,-1,-1,-1
171,158,767.89,179.71,36.54,97.68,0.9572,-1,-1,-1
171,175,1464.3,921.55,98.21,154.66,0.9565,-1,-1,-1
171,148,1438.66,193.39,39.17,102.28,0.9537,-1,-1,-1
171,164,1721.33,218.41,36.54,111.61,0.934,-1,-1,-1
171,152,1421.21,369.74,47.19,123.15,0.4734,-1,-1,-1
172,147,665.76,236.55,48.89,104.94,0.9772,-1,-1,-1
172,137,1810.01,555.1,80.36,144.87,0.9736,-1,-1,-1
172,144,620.21,302.46,51.04,115.16,0.9726,-1,-1,-1
172,136,779.38,484.62,76.07,141.74,0.9723,-1,-1,-1
172,154,1460.0,273.91,63.23,117.52,0.9718,-1,-1,-1
172,146,875.93,191.04,68.98,98.2,0.9703,-1,-1,-1
172,142,1172.3,251.42,56.54,102.56,0.9643,-1,-1,-1
172,140,690.13,341.86,59.23,136.42,0.964,-1,-1,-1
172,164,1725.84,213.47,38.43,109.05,0.9601,-1,-1,-1
172,158,770.29,179.71,36.58,95.85,0.9552,-1,-1,-1
172,175,1480.05,919.53,95.92,159.45,0.9482,-1,-1,-1
172,152,1428.61,365.09,48.0,129.2,0.9146,-1,-1,-1
172,148,1451.26,188.21,36.02,106.79,0.8897,-1,-1,-1
173,144,627.26,298.71,49.78,115.8,0.9764,-1,-1,-1
173,142,1176.9,250.94,59.25,102.97,0.9744,-1,-1,-1
173,147,673.82,238.65,49.99,102.31,0.9735,-1,-1,-1
173,154,1471.07,271.32,59.52,118.75,0.9732,-1,-1,-1
173,136,792.57,485.79,81.5,137.38,0.973,-1,-1,-1
173,146,874.37,189.99,75.94,97.76,0.9723,-1,-1,-1
173,137,1820.1,555.32,82.48,144.09,0.972,-1,-1,-1
173,140,700.53,341.35,59.74,132.52,0.9696,-1,-1,-1
173,175,1492.24,917.84,95.43,160.53,0.9599,-1,-1,-1
173,164,1732.7,212.14,38.09,109.0,0.9546,-1,-1,-1
173,158,770.08,175.61,42.74,97.94,0.9538,-1,-1,-1
173,148,1458.84,184.07,39.67,110.76,0.9159,-1,-1,-1
174,136,804.7,486.01,83.34,138.31,0.9803,-1,-1,-1
174,146,876.0,190.04,78.74,99.38,0.9793,-1,-1,-1
174,147,685.61,239.68,47.51,101.68,0.9748,-1,-1,-1
174,144,635.31,295.66,50.49,118.03,0.9744,-1,-1,-1
174,137,1828.61,554.82,82.95,143.63,0.9742,-1,-1,-1
174,142,1184.96,249.51,57.99,103.29,0.9725,-1,-1,-1
174,140,712.06,343.3,59.37,127.3,0.9679,-1,-1,-1
174,154,1481.04,269.18,59.15,120.03,0.9669,-1,-1,-1
174,175,1508.48,916.5,91.31,162.84,0.9632,-1,-1,-1
174,158,760.96,174.76,59.34,100.55,0.9628,-1,-1,-1
174,164,1738.98,213.43,38.88,107.75,0.959,-1,-1,-1
174,148,1476.3,181.4,36.28,109.93,0.9079,-1,-1,-1
175,146,881.7,190.79,77.4,97.43,0.9796,-1,-1,-1
175,144,643.64,294.53,51.17,118.02,0.9763,-1,-1,-1
175,147,693.63,239.42,47.26,101.72,0.9762,-1,-1,-1
175,136,812.65,483.92,87.3,139.47,0.9754,-1,-1,-1
175,140,724.41,342.3,55.96,126.25,0.9754,-1,-1,-1
175,137,1836.81,551.64,78.99,146.76,0.9749,-1,-1,-1
175,154,1493.71,266.59,56.11,120.68,0.9729,-1,-1,-1
175,142,1193.1,248.56,58.14,102.79,0.9689,-1,-1,-1
175,175,1522.34,912.87,89.32,164.73,0.9609,-1,-1,-1
175,158,766.04,178.94,58.5,95.55,0.9578,-1,-1,-1
175,148,1486.84,181.68,38.47,106.51,0.9291,-1,-1,-1
175,164,1749.19,218.62,36.3,100.71,0.9013,-1,-1,-1
175,152,1453.99,350.56,51.87,139.21,0.8466,-1,-1,-1
176,146,881.68,190.77,77.42,97.52,0.9796,-1,-1,-1
176,144,643.57,294.54,51.31,118.0,0.9762,-1,-1,-1
176,147,693.45,239.44,47.5,101.7,0.9762,-1,-1,-1
176,140,724.34,342.36,56.13,126.21,0.9755,-1,-1,-1
176,136,812.6,483.87,87.36,139.57,0.9754,-1,-1,-1
176,137,1836.77,551.59,78.96,146.81,0.975,-1,-1,-1
176,154,1493.74,266.57,56.06,120.69,0.9729,-1,-1,-1
176,142,1193.11,248.55,58.13,102.78,0.9689,-1,-1,-1
176,175,1522.32,912.93,89.44,164.64,0.9605,-1,-1,-1
176,158,765.95,178.72,58.82,95.73,0.9591,-1,-1,-1
176,148,1486.61,181.79,38.67,106.41,0.9319,-1,-1,-1
176,164,1749.18,218.43,36.31,100.93,0.9009,-1,-1,-1
176,152,1453.97,350.49,52.03,139.4,0.8605,-1,-1,-1
176,189,1743.33,210.83,35.01,55.64,0.7785,-1,-1,-1
177,136,821.6,482.77,88.04,141.47,0.9808,-1,-1,-1
177,147,701.26,238.52,46.63,101.27,0.9782,-1,-1,-1
177,144,651.92,294.99,51.48,116.04,0.9774,-1,-1,-1
177,140,735.64,339.57,52.01,128.58,0.9764,-1,-1,-1
177,142,1201.02,248.06,59.09,103.58,0.9747,-1,-1,-1
177,154,1505.25,266.38,54.29,118.73,0.9708,-1,-1,-1
177,137,1844.09,548.39,75.27,149.16,0.9708,-1,-1,-1
177,146,888.26,191.03,73.25,96.92,0.9707,-1,-1,-1
177,175,1535.77,911.5,85.03,167.39,0.9668,-1,-1,-1
177,158,771.1,180.33,62.36,93.86,0.9565,-1,-1,-1
177,148,1500.0,188.16,40.08,93.69,0.9463,-1,-1,-1
177,164,1755.73,210.59,35.53,107.15,0.9359,-1,-1,-1
178,140,747.7,337.32,50.36,128.34,0.9764,-1,-1,-1
178,146,897.82,190.99,65.3,96.26,0.9757,-1,-1,-1
178,142,1210.49,246.47,58.08,102.97,0.9756,-1,-1,-1
178,144,661.02,295.07,52.05,115.12,0.9749,-1,-1,-1
178,154,1518.37,265.61,48.72,120.35,0.9748,-1,-1,-1
178,137,1851.06,541.25,68.94,147.27,0.9731,-1,-1,-1
178,136,838.2,479.67,79.23,144.19,0.9713,-1,-1,-1
178,147,702.36,237.67,56.0,100.75,0.9688,-1,-1,-1
178,158,782.29,173.85,62.1,100.27,0.9655,-1,-1,-1
178,175,1549.97,909.39,82.85,168.26,0.9613,-1,-1,-1
178,148,1512.11,188.53,40.83,90.69,0.9533,-1,-1,-1
178,164,1763.0,208.14,36.06,107.91,0.9324,-1,-1,-1
178,152,1474.85,349.34,48.67,134.04,0.56,-1,-1,-1
179,136,856.66,477.1,69.83,143.88,0.9774,-1,-1,-1
179,140,759.55,333.93,49.12,131.09,0.9765,-1,-1,-1
179,154,1529.69,264.47,47.5,120.28,0.9759,-1,-1,-1
179,144,670.68,295.47,51.78,114.48,0.9718,-1,-1,-1
179,147,718.25,235.18,49.66,102.18,0.971,-1,-1,-1
179,137,1856.87,535.41,63.13,141.14,0.9703,-1,-1,-1
179,146,907.29,189.35,60.45,96.57,0.9684,-1,-1,-1
179,142,1219.38,245.26,57.55,104.24,0.9665,-1,-1,-1
179,175,1559.48,908.1,88.11,170.48,0.964,-1,-1,-1
179,164,1770.83,202.72,37.73,115.17,0.9552,-1,-1,-1
179,148,1524.8,188.1,43.18,93.17,0.952,-1,-1,-1
179,158,791.17,178.79,60.89,95.33,0.9352,-1,-1,-1
180,136,879.42,475.51,58.32,143.18,0.9786,-1,-1,-1
180,147,727.18,235.1,51.65,99.89,0.9764,-1,-1,-1
180,140,770.69,331.93,50.27,131.64,0.9757,-1,-1,-1
180,142,1229.7,245.73,57.69,103.12,0.9755,-1,-1,-1
180,144,680.68,294.68,51.5,114.28,0.975,-1,-1,-1
180,154,1541.89,264.33,46.11,119.45,0.9737,-1,-1,-1
180,146,917.07,188.61,57.15,97.01,0.9722,-1,-1,-1
180,158,802.36,176.53,59.8,95.17,0.9689,-1,-1,-1
180,175,1574.09,908.22,88.89,169.09,0.9642,-1,-1,-1
180,137,1864.07,530.57,55.93,133.67,0.9631,-1,-1,-1
180,148,1533.22,187.54,54.87,95.16,0.959,-1,-1,-1
180,164,1780.97,200.17,38.34,112.38,0.9542,-1,-1,-1
181,140,784.26,330.22,49.5,130.29,0.978,-1,-1,-1
181,144,691.64,293.05,49.36,114.82,0.9762,-1,-1,-1
181,136,901.46,473.3,48.77,145.4,0.9748,-1,-1,-1
181,147,737.71,234.7,49.97,99.25,0.9735,-1,-1,-1
181,154,1555.31,265.65,44.67,117.38,0.973,-1,-1,-1
181,142,1241.38,246.17,57.4,102.21,0.9727,-1,-1,-1
181,146,929.29,186.27,52.15,99.56,0.9724,-1,-1,-1
181,158,816.49,172.67,57.76,100.05,0.9621,-1,-1,-1
181,164,1790.3,199.92,41.59,109.13,0.9616,-1,-1,-1
181,191,10.85,220.84,54.52,116.58,0.9614,-1,-1,-1
181,175,1586.04,908.96,94.39,170.02,0.9575,-1,-1,-1
181,148,1551.52,180.8,52.13,101.34,0.9527,-1,-1,-1
181,137,1872.62,528.01,47.35,117.22,0.9019,-1,-1,-1
182,140,784.34,330.21,49.44,130.44,0.978,-1,-1,-1
182,144,691.67,293.06,49.33,114.75,0.9761,-1,-1,-1
182,136,901.45,473.32,48.8,145.36,0.9748,-1,-1,-1
182,147,737.71,234.72,49.9,99.17,0.9735,-1,-1,-1
182,154,1555.29,265.6,44.63,117.51,0.9728,-1,-1,-1
182,142,1241.37,246.16,57.41,102.23,0.9728,-1,-1,-1
182,146,929.27,186.32,52.15,99.51,0.9723,-1,-1,-1
182,191,10.95,220.93,54.36,116.53,0.9625,-1,-1,-1
182,158,816.46,172.97,57.41,99.87,0.9618,-1,-1,-1
182,164,1790.33,200.02,41.55,109.08,0.9614,-1,-1,-1
182,175,1586.1,909.02,94.26,170.09,0.957,-1,-1,-1
182,148,1550.95,181.87,52.66,98.3,0.952,-1,-1,-1
182,137,1872.66,527.96,47.32,117.48,0.8935,-1,-1,-1
183,144,705.18,291.62,45.81,116.63,0.9768,-1,-1,-1
183,140,799.13,331.31,51.35,130.07,0.9756,-1,-1,-1
183,142,1254.53,245.88,57.58,102.91,0.9746,-1,-1,-1
183,146,941.46,184.87,49.7,101.41,0.9737,-1,-1,-1
183,147,750.37,234.97,48.86,98.15,0.9723,-1,-1,-1
183,136,921.4,473.33,46.63,142.14,0.9716,-1,-1,-1
183,154,1570.07,267.45,42.81,114.0,0.9678,-1,-1,-1
183,175,1603.68,910.87,95.37,164.8,0.964,-1,-1,-1
183,191,32.17,223.21,57.29,113.04,0.9611,-1,-1,-1
183,158,835.95,171.27,51.32,101.74,0.9586,-1,-1,-1
183,148,1568.6,176.58,49.94,105.84,0.9581,-1,-1,-1
183,137,1882.27,527.88,37.19,110.83,0.9378,-1,-1,-1
183,164,1801.71,199.52,45.41,104.99,0.9309,-1,-1,-1
184,142,1268.91,246.28,57.71,101.99,0.9716,-1,-1,-1
184,136,940.53,473.6,45.76,142.61,0.9685,-1,-1,-1
184,164,1814.72,199.92,48.79,105.31,0.9684,-1,-1,-1
184,146,957.87,184.44,44.77,101.12,0.968,-1,-1,-1
184,140,815.95,331.38,51.63,130.03,0.967,-1,-1,-1
184,147,764.28,234.39,44.56,97.93,0.9661,-1,-1,-1
184,148,1588.43,176.66,44.25,100.93,0.9625,-1,-1,-1
184,191,54.69,224.78,59.33,110.65,0.9622,-1,-1,-1
184,158,860.22,170.16,44.11,100.83,0.9588,-1,-1,-1
184,154,1585.57,266.49,43.99,111.68,0.9507,-1,-1,-1
184,144,718.55,294.78,43.88,112.83,0.9472,-1,-1,-1
184,175,1618.23,911.52,100.95,163.86,0.9397,-1,-1,-1
184,137,1897.15,526.19,22.72,104.33,0.6331,-1,-1,-1
185,140,832.04,331.89,52.69,126.68,0.977,-1,-1,-1
185,142,1283.65,246.86,58.14,101.16,0.9764,-1,-1,-1
185,154,1601.46,266.5,44.95,112.38,0.9726,-1,-1,-1
185,164,1827.08,200.24,50.96,104.81,0.9699,-1,-1,-1
185,136,959.12,472.79,48.99,143.38,0.9686,-1,-1,-1
185,146,971.96,186.85,42.74,99.06,0.9659,-1,-1,-1
185,191,75.85,230.8,62.32,104.77,0.9626,-1,-1,-1
185,148,1604.78,177.24,44.36,99.11,0.9591,-1,-1,-1
185,147,779.02,236.19,39.01,95.45,0.9544,-1,-1,-1
185,175,1630.11,916.16,105.89,157.86,0.9431,-1,-1,-1
185,158,880.46,173.08,38.73,100.63,0.9374,-1,-1,-1
185,144,733.85,294.14,39.45,111.7,0.9149,-1,-1,-1
186,140,847.26,331.83,56.36,122.36,0.9745,-1,-1,-1
186,142,1298.12,247.43,58.39,100.68,0.9742,-1,-1,-1
186,154,1617.03,266.84,44.51,111.82,0.9731,-1,-1,-1
186,164,1839.8,200.8,53.45,104.13,0.9709,-1,-1,-1
186,136,976.31,475.53,54.05,140.13,0.9664,-1,-1,-1
186,192,0.0,553.27,51.66,152.54,0.9652,-1,-1,-1
186,191,98.29,235.56,64.55,100.05,0.9635,-1,-1,-1
186,146,987.23,184.15,39.84,101.6,0.9588,-1,-1,-1
186,148,1624.38,178.34,40.24,95.79,0.9578,-1,-1,-1
186,175,1643.74,916.0,111.09,158.65,0.9337,-1,-1,-1
186,158,899.09,171.89,38.0,101.32,0.9282,-1,-1,-1
186,144,749.7,290.32,38.31,116.75,0.9016,-1,-1,-1
186,147,793.23,238.67,35.57,91.54,0.8917,-1,-1,-1
187,192,8.23,549.31,62.75,160.26,0.974,-1,-1,-1
187,140,864.69,331.3,57.3,122.09,0.9723,-1,-1,-1
187,136,994.38,476.23,59.07,141.39,0.9718,-1,-1,-1
187,164,1852.51,199.83,52.82,104.34,0.9689,-1,-1,-1
187,142,1314.05,248.49,56.7,99.07,0.9685,-1,-1,-1
187,148,1639.72,177.49,41.56,97.2,0.9648,-1,-1,-1
187,191,119.13,239.3,68.04,96.05,0.9636,-1,-1,-1
187,146,1003.33,185.12,37.61,100.62,0.9491,-1,-1,-1
187,144,769.27,291.07,36.34,112.92,0.9467,-1,-1,-1
187,154,1633.59,265.56,43.79,114.12,0.9401,-1,-1,-1
187,158,916.89,173.52,38.41,99.5,0.9395,-1,-1,-1
187,175,1657.62,915.72,114.23,156.08,0.929,-1,-1,-1
187,147,808.37,241.35,34.73,89.79,0.9007,-1,-1,-1
187,193,1585.05,341.09,41.95,127.7,0.679,-1,-1,-1
188,192,8.07,549.31,63.03,160.2,0.9739,-1,-1,-1
188,140,864.66,331.29,57.39,122.09,0.9722,-1,-1,-1
188,136,994.33,476.31,59.17,141.35,0.9719,-1,-1,-1
188,164,1852.54,199.83,52.74,104.26,0.9689,-1,-1,-1
188,142,1314.03,248.51,56.72,99.04,0.9687,-1,-1,-1
188,148,1639.75,177.37,41.54,97.34,0.9648,-1,-1,-1
188,191,119.09,239.3,68.11,96.03,0.9637,-1,-1,-1
188,146,1003.34,185.21,37.56,100.51,0.9482,-1,-1,-1
188,144,769.21,291.15,36.33,112.75,0.9463,-1,-1,-1
188,154,1633.61,265.59,43.73,113.76,0.9431,-1,-1,-1
188,158,917.01,173.71,38.28,99.2,0.9396,-1,-1,-1
188,175,1657.55,915.71,114.35,156.1,0.9288,-1,-1,-1
188,147,808.4,241.37,34.73,89.77,0.8996,-1,-1,-1
188,193,1584.99,341.12,42.05,127.59,0.7009,-1,-1,-1
189,142,1327.26,248.51,59.2,99.32,0.974,-1,-1,-1
189,164,1864.1,199.69,49.84,106.74,0.9728,-1,-1,-1
189,140,880.12,329.06,59.44,124.03,0.9724,-1,-1,-1
189,191,139.36,240.48,71.43,95.14,0.9724,-1,-1,-1
189,136,1011.5,477.32,62.95,141.43,0.9693,-1,-1,-1
189,154,1649.35,263.84,42.96,112.41,0.9665,-1,-1,-1
189,192,29.76,550.07,63.25,159.06,0.965,-1,-1,-1
189,148,1657.65,176.74,40.62,99.56,0.9592,-1,-1,-1
189,158,933.5,171.95,40.13,100.88,0.9565,-1,-1,-1
189,144,783.34,291.13,38.07,113.01,0.9535,-1,-1,-1
189,146,1019.92,182.59,37.21,101.68,0.943,-1,-1,-1
189,147,820.22,237.87,37.6,93.73,0.9382,-1,-1,-1
189,175,1674.42,915.91,109.36,160.22,0.8896,-1,-1,-1
189,193,1598.62,337.67,44.18,132.31,0.6781,-1,-1,-1
190,140,895.76,328.08,55.7,123.11,0.973,-1,-1,-1
190,154,1666.23,264.9,42.32,112.94,0.9729,-1,-1,-1
190,142,1341.6,249.11,60.28,98.36,0.9703,-1,-1,-1
190,136,1030.46,477.7,62.27,140.69,0.9691,-1,-1,-1
190,192,50.26,548.96,65.55,161.24,0.9686,-1,-1,-1
190,191,157.72,240.89,71.92,96.15,0.9665,-1,-1,-1
190,164,1876.96,196.77,42.71,108.63,0.9648,-1,-1,-1
190,158,949.17,174.91,44.05,98.48,0.9631,-1,-1,-1
190,144,798.66,290.91,40.13,112.32,0.9605,-1,-1,-1
190,147,833.17,237.09,42.53,94.05,0.9568,-1,-1,-1
190,148,1676.57,178.25,38.21,96.88,0.954,-1,-1,-1
190,193,1611.5,339.03,46.98,122.95,0.9407,-1,-1,-1
190,175,1686.18,917.25,117.64,156.69,0.9379,-1,-1,-1
190,146,1036.14,183.43,36.96,101.42,0.9369,-1,-1,-1
191,142,1354.82,250.54,61.22,97.05,0.9728,-1,-1,-1
191,140,911.74,323.68,54.38,126.43,0.9713,-1,-1,-1
191,191,179.9,241.33,68.27,95.0,0.9691,-1,-1,-1
191,192,70.38,550.03,66.07,157.18,0.968,-1,-1,-1
191,154,1681.22,263.37,42.64,115.36,0.967,-1,-1,-1
191,136,1048.12,478.08,59.93,141.7,0.9667,-1,-1,-1
191,144,813.2,291.51,42.05,111.32,0.9657,-1,-1,-1
191,158,966.16,174.9,43.45,97.48,0.9642,-1,-1,-1
191,147,845.61,235.02,45.16,95.1,0.9626,-1,-1,-1
191,146,1049.36,184.12,39.92,100.7,0.9581,-1,-1,-1
191,148,1691.78,176.08,38.02,97.88,0.9564,-1,-1,-1
191,175,1699.22,913.7,114.54,160.5,0.9541,-1,-1,-1
191,193,1624.44,340.69,48.77,119.54,0.9201,-1,-1,-1
191,164,1887.49,193.86,32.51,106.94,0.9178,-1,-1,-1
192,136,1068.34,477.22,53.6,141.32,0.9735,-1,-1,-1
192,191,203.61,240.31,64.75,95.12,0.9718,-1,-1,-1
192,154,1695.95,262.89,42.53,113.35,0.9717,-1,-1,-1
192,140,926.78,323.53,51.6,126.08,0.9695,-1,-1,-1
192,192,90.14,546.73,65.61,161.68,0.9694,-1,-1,-1
192,142,1369.4,252.04,60.32,94.71,0.9694,-1,-1,-1
192,144,827.19,291.51,42.16,110.1,0.9678,-1,-1,-1
192,158,984.64,175.49,42.73,96.03,0.9661,-1,-1,-1
192,147,858.07,236.09,47.16,93.71,0.9572,-1,-1,-1
192,146,1064.65,183.14,40.3,100.13,0.9507,-1,-1,-1
192,148,1707.41,175.36,35.94,99.98,0.9405,-1,-1,-1
192,175,1709.72,914.75,118.62,160.89,0.9386,-1,-1,-1
192,164,1899.08,190.68,20.54,84.33,0.7771,-1,-1,-1
192,193,1635.05,341.13,53.54,117.69,0.6542,-1,-1,-1
193,136,1085.24,475.1,52.54,141.14,0.9734,-1,-1,-1
193,147,869.72,235.33,49.4,94.76,0.9713,-1,-1,-1
193,154,1710.04,262.8,42.18,111.76,0.971,-1,-1,-1
193,142,1380.88,252.05,60.18,94.69,0.9708,-1,-1,-1
193,192,109.71,546.5,65.32,160.32,0.9699,-1,-1,-1
193,140,939.9,321.3,51.64,126.35,0.9698,-1,-1,-1
193,191,232.2,237.5,56.42,97.16,0.9683,-1,-1,-1
193,146,1078.7,182.9,41.68,100.08,0.962,-1,-1,-1
193,158,1001.74,172.67,40.59,97.6,0.9569,-1,-1,-1
193,175,1725.35,916.2,108.39,160.2,0.9545,-1,-1,-1
193,144,841.82,291.47,42.62,112.14,0.9436,-1,-1,-1
193,193,1646.24,340.69,58.39,118.76,0.9433,-1,-1,-1
193,148,1722.17,176.68,36.0,97.88,0.9352,-1,-1,-1
194,136,1085.06,475.06,52.77,141.19,0.9733,-1,-1,-1
194,147,869.74,235.4,49.33,94.72,0.9712,-1,-1,-1
194,142,1380.89,252.01,60.12,94.7,0.9709,-1,-1,-1
194,154,1710.04,262.79,42.18,111.73,0.9708,-1,-1,-1
194,140,939.91,321.3,51.58,126.27,0.97,-1,-1,-1
194,192,109.69,546.22,65.42,160.68,0.97,-1,-1,-1
194,191,232.21,237.6,56.58,97.16,0.9683,-1,-1,-1
194,146,1078.84,182.87,41.54,100.12,0.9623,-1,-1,-1
194,158,1001.72,172.72,40.58,97.51,0.957,-1,-1,-1
194,175,1725.28,916.12,108.44,160.35,0.9541,-1,-1,-1
194,144,841.79,291.42,42.65,112.17,0.9457,-1,-1,-1
194,193,1646.32,340.69,58.29,118.73,0.9422,-1,-1,-1
194,148,1722.17,176.69,35.96,97.87,0.935,-1,-1,-1
195,154,1722.71,262.64,44.68,111.58,0.9776,-1,-1,-1
195,144,853.92,290.93,43.73,112.02,0.9713,-1,-1,-1
195,192,127.41,545.05,64.65,159.16,0.9709,-1,-1,-1
195,142,1392.64,251.47,60.56,94.88,0.9707,-1,-1,-1
195,140,952.42,321.78,52.44,125.5,0.9705,-1,-1,-1
195,146,1095.14,181.52,39.34,99.42,0.965,-1,-1,-1
195,136,1101.31,472.85,50.43,143.3,0.9631,-1,-1,-1
195,147,882.08,237.42,48.41,91.97,0.9612,-1,-1,-1
195,158,1019.31,176.24,38.0,93.5,0.9558,-1,-1,-1
195,175,1740.69,911.5,103.81,163.65,0.9511,-1,-1,-1
195,191,262.32,238.2,40.54,95.37,0.9443,-1,-1,-1
195,148,1738.54,178.71,33.34,94.76,0.9395,-1,-1,-1
195,193,1659.16,337.85,54.65,119.77,0.9203,-1,-1,-1
196,154,1734.68,262.34,45.53,111.63,0.9764,-1,-1,-1
196,140,964.56,320.09,53.96,126.77,0.9722,-1,-1,-1
196,142,1403.76,250.67,57.46,95.98,0.9711,-1,-1,-1
196,193,1669.23,335.86,50.38,121.82,0.9686,-1,-1,-1
196,136,1119.58,471.6,45.68,142.76,0.9683,-1,-1,-1
196,192,144.75,542.5,68.5,160.22,0.9682,-1,-1,-1
196,147,891.82,235.9,48.49,92.79,0.968,-1,-1,-1
196,175,1754.65,911.88,95.48,167.28,0.9584,-1,-1,-1
196,146,1108.25,180.07,39.53,100.64,0.9542,-1,-1,-1
196,144,864.98,290.98,46.01,112.48,0.9535,-1,-1,-1
196,148,1751.39,177.29,37.03,94.58,0.9448,-1,-1,-1
196,158,1037.51,175.3,34.43,93.49,0.9392,-1,-1,-1
196,191,283.88,240.48,38.17,92.55,0.9165,-1,-1,-1
197,154,1746.63,261.67,47.05,110.84,0.9788,-1,-1,-1
197,140,975.33,320.72,55.21,124.74,0.9733,-1,-1,-1
197,144,876.53,290.58,46.9,111.31,0.9724,-1,-1,-1
197,142,1416.19,247.0,51.17,99.25,0.9721,-1,-1,-1
197,192,161.29,541.75,66.58,156.98,0.9714,-1,-1,-1
197,175,1773.81,909.91,83.82,168.69,0.9704,-1,-1,-1
197,136,1132.96,470.53,47.11,141.58,0.9693,-1,-1,-1
197,146,1120.91,179.87,40.36,99.38,0.9679,-1,-1,-1
197,147,900.76,234.85,47.22,94.54,0.9636,-1,-1,-1
197,148,1763.05,179.52,40.98,91.05,0.9635,-1,-1,-1
197,193,1678.55,333.23,47.45,122.33,0.9569,-1,-1,-1
197,191,304.0,240.56,46.19,90.73,0.9325,-1,-1,-1
197,158,1054.41,173.65,32.14,95.34,0.9219,-1,-1,-1
198,154,1758.5,260.78,48.39,112.74,0.9782,-1,-1,-1
198,192,176.27,540.65,61.48,155.17,0.9753,-1,-1,-1
198,140,985.24,319.69,55.82,122.81,0.9712,-1,-1,-1
198,142,1428.31,245.26,43.83,99.85,0.9711,-1,-1,-1
198,144,888.31,290.16,44.88,111.1,0.9704,-1,-1,-1
198,191,322.05,239.54,47.31,94.75,0.9686,-1,-1,-1
198,136,1147.51,469.27,48.94,140.44,0.968,-1,-1,-1
198,147,913.12,235.56,40.42,92.59,0.965,-1,-1,-1
198,146,1133.05,179.47,41.48,98.65,0.9611,-1,-1,-1
198,148,1773.97,179.34,41.99,89.91,0.9605,-1,-1,-1
198,175,1786.33,910.53,80.69,169.45,0.9599,-1,-1,-1
198,158,1067.37,173.28,32.95,96.38,0.9337,-1,-1,-1
198,193,1685.16,328.17,46.49,129.85,0.9121,-1,-1,-1
199,154,1769.3,260.3,48.52,111.61,0.9807,-1,-1,-1
199,192,189.58,540.83,62.64,153.18,0.9771,-1,-1,-1
199,140,995.27,318.77,53.81,122.72,0.9751,-1,-1,-1
199,144,898.47,288.75,44.06,110.73,0.974,-1,-1,-1
199,136,1161.75,468.3,51.2,141.13,0.9711,-1,-1,-1
199,191,339.13,239.45,49.58,96.3,0.9688,-1,-1,-1
199,175,1800.77,910.03,74.75,169.97,0.9686,-1,-1,-1
199,148,1785.14,178.18,41.96,89.35,0.9627,-1,-1,-1
199,146,1147.76,178.48,37.68,97.59,0.9613,-1,-1,-1
199,142,1439.29,245.05,36.46,98.85,0.9483,-1,-1,-1
199,193,1694.75,325.84,44.81,126.75,0.9468,-1,-1,-1
199,158,1079.81,172.61,33.3,94.94,0.9268,-1,-1,-1
199,147,919.2,234.26,34.34,77.56,0.9178,-1,-1,-1
200,154,1769.3,260.24,48.59,111.65,0.9807,-1,-1,-1
200,192,189.59,540.75,62.66,153.26,0.9771,-1,-1,-1
200,140,995.32,318.79,53.66,122.79,0.9751,-1,-1,-1
200,144,898.48,288.73,44.03,110.71,0.974,-1,-1,-1
200,136,1161.37,468.31,51.55,141.13,0.971,-1,-1,-1
200,191,339.13,239.43,49.53,96.26,0.9689,-1,-1,-1
200,175,1800.77,909.96,74.72,170.04,0.9686,-1,-1,-1
200,148,1785.29,178.46,41.88,89.1,0.9628,-1,-1,-1
200,146,1148.01,178.49,37.38,97.35,0.9598,-1,-1,-1
200,193,1694.78,325.85,44.81,126.72,0.9491,-1,-1,-1
200,142,1439.88,245.36,35.36,98.28,0.9488,-1,-1,-1
200,158,1079.78,173.01,33.35,94.52,0.9268,-1,-1,-1
200,147,918.9,234.06,34.91,78.54,0.9173,-1,-1,-1
200,194,929.91,287.9,28.83,36.57,0.3904,-1,-1,-1
201,192,202.06,539.22,62.63,154.33,0.9753,-1,-1,-1
201,154,1779.4,259.83,46.6,111.36,0.9751,-1,-1,-1
201,144,907.57,288.78,42.69,109.59,0.9728,-1,-1,-1
201,140,1005.52,317.89,50.82,121.33,0.9721,-1,-1,-1
201,136,1171.26,466.11,60.3,141.8,0.9702,-1,-1,-1
201,191,355.01,240.42,44.84,94.7,0.969,-1,-1,-1
201,148,1794.55,175.92,41.4,92.11,0.9685,-1,-1,-1
201,142,1449.51,241.49,31.92,101.11,0.9439,-1,-1,-1
201,146,1161.57,177.4,35.93,97.75,0.9434,-1,-1,-1
201,158,1091.59,174.01,33.59,91.45,0.9375,-1,-1,-1
201,147,928.85,234.52,32.63,88.41,0.9251,-1,-1,-1
201,175,1813.82,909.54,68.71,170.46,0.9248,-1,-1,-1
202,192,213.31,538.61,64.33,156.54,0.9777,-1,-1,-1
202,140,1012.19,316.15,48.44,120.18,0.9766,-1,-1,-1
202,154,1787.63,259.5,45.58,110.53,0.9749,-1,-1,-1
202,136,1182.92,466.03,63.37,139.13,0.974,-1,-1,-1
202,175,1822.89,908.16,66.62,171.84,0.9656,-1,-1,-1
202,144,915.61,286.75,40.15,110.1,0.965,-1,-1,-1
202,148,1803.57,171.77,41.63,93.83,0.9637,-1,-1,-1
202,158,1102.04,174.6,36.41,91.71,0.9592,-1,-1,-1
202,191,371.28,242.88,41.99,91.42,0.956,-1,-1,-1
202,142,1457.41,239.94,31.46,102.57,0.9487,-1,-1,-1
202,147,933.35,232.81,36.27,89.84,0.9449,-1,-1,-1
202,146,1172.34,176.81,35.16,99.0,0.9386,-1,-1,-1
203,154,1796.41,257.55,44.15,111.83,0.975,-1,-1,-1
203,192,224.11,537.68,63.65,156.5,0.9736,-1,-1,-1
203,136,1194.52,463.67,66.16,140.84,0.9723,-1,-1,-1
203,191,368.72,242.31,69.78,95.76,0.9721,-1,-1,-1
203,140,1021.83,314.71,41.1,119.66,0.9715,-1,-1,-1
203,148,1809.56,173.35,43.32,91.87,0.9699,-1,-1,-1
203,175,1830.34,906.87,62.13,173.13,0.9672,-1,-1,-1
203,158,1111.31,173.48,39.89,91.47,0.9651,-1,-1,-1
203,147,938.62,233.38,40.01,87.74,0.9623,-1,-1,-1
203,146,1179.95,176.28,35.89,97.14,0.9596,-1,-1,-1
203,144,923.67,285.6,36.67,111.09,0.9579,-1,-1,-1
203,142,1465.38,238.82,30.07,103.83,0.9498,-1,-1,-1
204,136,1204.04,464.24,66.36,138.52,0.9736,-1,-1,-1
204,154,1802.53,256.99,45.08,112.16,0.9718,-1,-1,-1
204,147,943.63,234.29,43.22,86.08,0.9711,-1,-1,-1
204,175,1835.27,903.57,61.69,176.26,0.9697,-1,-1,-1
204,191,373.74,241.17,73.88,97.41,0.9696,-1,-1,-1
204,140,1026.99,313.12,39.76,119.75,0.9676,-1,-1,-1
204,148,1813.9,170.14,44.68,94.87,0.9676,-1,-1,-1
204,158,1119.45,173.04,44.63,91.41,0.9641,-1,-1,-1
204,146,1186.86,177.13,38.13,95.82,0.9638,-1,-1,-1
204,192,233.08,536.84,64.71,156.14,0.9608,-1,-1,-1
204,142,1469.64,241.92,31.48,101.55,0.9545,-1,-1,-1
204,144,931.29,285.62,32.1,109.39,0.9536,-1,-1,-1
204,195,0.27,401.72,19.31,75.72,0.7248,-1,-1,-1
205,154,1808.05,255.68,44.49,111.51,0.9777,-1,-1,-1
205,192,240.82,535.92,64.67,153.83,0.9761,-1,-1,-1
205,136,1211.03,463.4,67.53,137.68,0.9745,-1,-1,-1
205,147,946.4,235.72,46.49,83.32,0.972,-1,-1,-1
205,148,1819.25,170.24,44.92,94.02,0.9708,-1,-1,-1
205,140,1031.38,311.08,40.49,121.1,0.9685,-1,-1,-1
205,191,382.22,238.76,72.33,104.69,0.9675,-1,-1,-1
205,158,1126.7,172.58,47.51,90.88,0.9657,-1,-1,-1
205,175,1839.29,902.48,61.24,176.48,0.9642,-1,-1,-1
205,146,1194.18,178.14,38.22,94.76,0.9599,-1,-1,-1
205,144,936.98,285.11,32.08,108.51,0.9589,-1,-1,-1
205,142,1476.95,242.3,30.69,101.3,0.9565,-1,-1,-1
205,195,0.17,349.78,25.71,124.59,0.7279,-1,-1,-1
206,154,1808.07,255.68,44.46,111.51,0.9775,-1,-1,-1
206,192,240.74,535.86,64.78,153.9,0.9761,-1,-1,-1
206,136,1211.03,463.39,67.52,137.7,0.9745,-1,-1,-1
206,147,946.39,235.7,46.5,83.34,0.9721,-1,-1,-1
206,148,1819.25,170.24,44.91,94.01,0.9707,-1,-1,-1
206,140,1031.35,311.08,40.5,121.1,0.9685,-1,-1,-1
206,191,382.32,238.74,72.28,104.69,0.9674,-1,-1,-1
206,158,1126.67,172.53,47.5,90.92,0.9658,-1,-1,-1
206,175,1839.3,902.47,61.31,176.45,0.964,-1,-1,-1
206,146,1194.2,178.14,38.19,94.79,0.9598,-1,-1,-1
206,144,936.98,285.11,32.08,108.52,0.9589,-1,-1,-1
206,142,1476.96,242.27,30.7,101.33,0.9562,-1,-1,-1
206,195,0.18,349.86,25.65,124.49,0.7313,-1,-1,-1
207,192,248.23,533.83,63.42,153.3,0.9767,-1,-1,-1
207,154,1812.61,253.8,45.86,112.9,0.9741,-1,-1,-1
207,191,394.05,240.11,67.67,103.74,0.9732,-1,-1,-1
207,136,1217.99,462.16,67.02,137.22,0.972,-1,-1,-1
207,158,1132.13,172.23,50.33,90.68,0.9708,-1,-1,-1
207,140,1035.24,310.66,43.73,121.11,0.9691,-1,-1,-1
207,146,1200.86,177.74,39.88,93.38,0.9676,-1,-1,-1
207,148,1823.35,167.23,46.1,97.12,0.9669,-1,-1,-1
207,147,949.38,235.7,49.67,83.71,0.9654,-1,-1,-1
207,142,1480.66,242.22,33.61,99.04,0.9635,-1,-1,-1
207,144,942.97,283.88,32.21,108.19,0.956,-1,-1,-1
207,175,1840.33,901.46,63.02,177.57,0.9531,-1,-1,-1
207,195,0.0,343.73,26.82,128.14,0.9044,-1,-1,-1
208,140,1035.65,310.44,50.23,119.52,0.9778,-1,-1,-1
208,154,1817.69,254.93,46.61,110.93,0.9756,-1,-1,-1
208,136,1223.99,462.34,66.26,135.94,0.9746,-1,-1,-1
208,142,1485.33,244.78,35.81,96.86,0.9714,-1,-1,-1
208,147,953.06,236.43,49.69,81.0,0.9686,-1,-1,-1
208,191,414.45,242.34,60.31,101.88,0.9673,-1,-1,-1
208,146,1206.64,176.61,42.39,93.87,0.9672,-1,-1,-1
208,148,1830.17,169.94,42.93,92.43,0.9661,-1,-1,-1
208,192,256.64,532.41,62.36,152.94,0.9644,-1,-1,-1
208,158,1140.39,173.12,48.36,88.56,0.9632,-1,-1,-1
208,144,948.51,284.07,32.55,107.29,0.9608,-1,-1,-1
208,175,1840.9,899.06,66.23,179.11,0.9607,-1,-1,-1
208,195,0.0,337.73,34.42,132.42,0.9416,-1,-1,-1
209,140,1034.17,309.89,58.6,119.54,0.9754,-1,-1,-1
209,136,1229.95,460.27,65.68,135.75,0.9754,-1,-1,-1
209,154,1822.0,254.49,47.94,110.09,0.9728,-1,-1,-1
209,192,263.13,528.89,60.44,153.39,0.9709,-1,-1,-1
209,158,1148.32,172.21,45.92,88.4,0.9685,-1,-1,-1
209,142,1490.52,245.35,35.68,95.61,0.968,-1,-1,-1
209,191,433.26,242.82,55.54,100.74,0.9665,-1,-1,-1
209,196,1724.65,318.68,37.41,114.73,0.9644,-1,-1,-1
209,146,1215.64,176.08,41.19,92.46,0.9616,-1,-1,-1
209,175,1840.24,897.64,69.53,180.69,0.9603,-1,-1,-1
209,144,952.68,284.77,35.79,105.77,0.9544,-1,-1,-1
209,195,5.19,337.71,35.85,126.96,0.9498,-1,-1,-1
209,148,1838.76,168.38,39.26,94.61,0.9428,-1,-1,-1
209,147,958.44,237.48,44.14,74.98,0.9388,-1,-1,-1
210,136,1235.88,458.74,63.94,136.35,0.9755,-1,-1,-1
210,154,1825.0,252.12,48.72,111.73,0.974,-1,-1,-1
210,196,1724.79,314.93,42.52,116.01,0.9736,-1,-1,-1
210,140,1031.99,309.27,65.25,119.4,0.9719,-1,-1,-1
210,192,270.37,527.37,52.3,154.1,0.9716,-1,-1,-1
210,191,446.74,244.66,52.16,98.55,0.9707,-1,-1,-1
210,142,1496.18,244.03,35.12,98.96,0.9701,-1,-1,-1
210,146,1224.1,173.32,41.09,96.16,0.9686,-1,-1,-1
210,158,1156.36,171.79,46.13,88.24,0.9669,-1,-1,-1
210,175,1836.66,898.34,76.49,181.05,0.9631,-1,-1,-1
210,144,956.01,283.94,36.78,105.48,0.9566,-1,-1,-1
210,195,13.73,335.06,34.38,129.94,0.9506,-1,-1,-1
210,148,1847.78,168.02,34.03,92.95,0.9435,-1,-1,-1
210,147,963.95,236.89,36.65,72.49,0.9205,-1,-1,-1
211,154,1826.95,251.31,49.64,111.02,0.9737,-1,-1,-1
211,136,1242.0,456.6,61.96,136.03,0.9731,-1,-1,-1
211,192,275.47,525.5,48.3,154.81,0.9714,-1,-1,-1
211,196,1723.35,312.55,45.46,116.25,0.9685,-1,-1,-1
211,140,1035.35,309.24,67.8,118.03,0.9683,-1,-1,-1
211,158,1166.96,170.38,41.27,88.51,0.967,-1,-1,-1
211,144,960.43,284.74,38.09,104.25,0.966,-1,-1,-1
211,146,1233.25,172.88,38.94,93.43,0.9654,-1,-1,-1
211,191,460.65,246.6,39.73,96.3,0.9649,-1,-1,-1
211,195,18.27,336.61,36.35,126.3,0.9631,-1,-1,-1
211,175,1833.46,898.74,81.1,180.84,0.9614,-1,-1,-1
211,142,1502.05,243.04,34.27,97.93,0.95,-1,-1,-1
211,148,1856.98,165.94,28.39,94.76,0.9301,-1,-1,-1
211,147,966.27,236.77,31.06,62.68,0.9262,-1,-1,-1
212,154,1826.98,251.3,49.59,111.01,0.9736,-1,-1,-1
212,136,1242.05,456.58,61.91,136.0,0.9731,-1,-1,-1
212,192,275.48,525.52,48.33,154.77,0.9714,-1,-1,-1
212,140,1035.37,309.27,67.8,117.99,0.9678,-1,-1,-1
212,158,1166.98,170.39,41.23,88.41,0.967,-1,-1,-1
212,196,1723.41,312.58,45.36,116.12,0.9669,-1,-1,-1
212,144,960.34,285.03,38.17,103.96,0.9664,-1,-1,-1
212,146,1233.3,172.9,38.88,93.3,0.9654,-1,-1,-1
212,191,460.6,246.64,39.88,96.27,0.9651,-1,-1,-1
212,195,18.22,336.62,36.41,126.3,0.9634,-1,-1,-1
212,175,1833.29,898.76,81.29,180.83,0.9616,-1,-1,-1
212,142,1502.08,243.07,34.23,97.9,0.9497,-1,-1,-1
212,148,1856.95,165.99,28.42,94.69,0.9294,-1,-1,-1
212,147,966.26,236.8,31.08,62.85,0.9272,-1,-1,-1
213,154,1829.96,249.46,51.04,111.76,0.9775,-1,-1,-1
213,136,1250.43,454.29,59.33,135.45,0.9757,-1,-1,-1
213,195,21.3,334.8,40.86,127.95,0.9707,-1,-1,-1
213,140,1037.34,309.93,69.25,115.24,0.968,-1,-1,-1
213,192,276.26,526.33,50.83,150.03,0.9658,-1,-1,-1
213,191,471.08,246.01,43.13,97.1,0.9656,-1,-1,-1
213,196,1721.0,311.62,49.55,114.58,0.9642,-1,-1,-1
213,175,1830.98,898.53,87.22,181.47,0.964,-1,-1,-1
213,158,1178.33,171.48,36.97,85.8,0.9618,-1,-1,-1
213,146,1243.51,170.85,35.27,94.0,0.9448,-1,-1,-1
213,142,1506.16,242.63,35.95,96.79,0.9447,-1,-1,-1
213,144,965.64,242.79,36.11,144.68,0.8969,-1,-1,-1
213,148,1864.62,167.31,27.13,90.71,0.8398,-1,-1,-1
214,136,1261.65,452.23,50.43,135.41,0.9753,-1,-1,-1
214,154,1831.91,247.73,50.52,111.93,0.9749,-1,-1,-1
214,140,1040.54,307.51,68.28,115.38,0.9725,-1,-1,-1
214,142,1506.82,241.02,41.66,97.27,0.9703,-1,-1,-1
214,175,1830.71,901.7,89.29,177.97,0.9702,-1,-1,-1
214,191,478.79,243.48,54.42,98.43,0.9668,-1,-1,-1
214,196,1722.08,310.39,49.62,111.48,0.9646,-1,-1,-1
214,192,272.72,525.35,59.13,148.34,0.9631,-1,-1,-1
214,195,24.93,332.55,44.04,128.69,0.9539,-1,-1,-1
214,158,1189.09,168.97,30.04,86.28,0.9454,-1,-1,-1
214,146,1250.01,171.05,34.46,92.68,0.9447,-1,-1,-1
214,144,970.13,284.36,33.98,102.48,0.9295,-1,-1,-1
214,148,1868.18,162.51,26.73,94.96,0.9239,-1,-1,-1
214,147,973.76,234.21,28.01,63.27,0.7076,-1,-1,-1
215,195,29.43,332.86,49.37,125.48,0.9767,-1,-1,-1
215,175,1828.76,899.8,91.24,179.09,0.976,-1,-1,-1
215,154,1835.52,246.3,49.56,110.92,0.974,-1,-1,-1
215,196,1722.91,310.08,47.47,107.92,0.9737,-1,-1,-1
215,192,268.41,522.94,69.08,150.93,0.9731,-1,-1,-1
215,142,1510.97,238.98,42.53,97.78,0.9706,-1,-1,-1
215,140,1044.05,306.96,64.9,114.07,0.9681,-1,-1,-1
215,136,1272.0,450.01,44.1,134.79,0.9655,-1,-1,-1
215,191,484.66,240.99,62.48,99.1,0.9637,-1,-1,-1
215,144,972.93,282.03,35.55,104.09,0.9582,-1,-1,-1
215,146,1255.1,168.57,35.81,92.61,0.9456,-1,-1,-1
215,147,974.62,231.42,28.89,63.66,0.9415,-1,-1,-1
215,158,1197.02,165.88,30.16,88.04,0.9297,-1,-1,-1
215,148,1870.05,162.05,30.02,93.21,0.8507,-1,-1,-1
216,175,1827.37,895.19,92.63,181.12,0.9797,-1,-1,-1
216,196,1720.27,309.25,47.19,106.34,0.9783,-1,-1,-1
216,154,1838.93,245.62,47.55,110.35,0.9754,-1,-1,-1
216,192,269.92,521.09,75.87,152.54,0.9733,-1,-1,-1
216,195,33.66,331.54,54.1,124.76,0.9732,-1,-1,-1
216,191,490.86,238.75,68.29,101.76,0.9731,-1,-1,-1
216,140,1048.57,305.26,56.91,112.73,0.9695,-1,-1,-1
216,146,1258.63,167.44,38.83,92.82,0.9666,-1,-1,-1
216,142,1517.61,236.11,41.85,98.8,0.9663,-1,-1,-1
216,136,1279.44,452.23,40.17,130.29,0.965,-1,-1,-1
216,144,975.49,280.99,36.59,102.97,0.9641,-1,-1,-1
216,147,975.43,229.49,30.38,65.18,0.9356,-1,-1,-1
216,148,1873.49,162.01,31.04,92.31,0.9289,-1,-1,-1
216,158,1202.94,164.71,29.73,86.67,0.9281,-1,-1,-1
217,175,1826.36,890.7,93.64,185.44,0.9793,-1,-1,-1
217,192,272.92,519.77,80.89,151.85,0.9779,-1,-1,-1
217,195,39.95,331.24,53.96,123.56,0.9746,-1,-1,-1
217,154,1843.46,244.4,43.7,109.45,0.9744,-1,-1,-1
217,196,1717.72,306.72,46.64,106.44,0.9738,-1,-1,-1
217,191,503.29,238.24,65.02,101.74,0.9731,-1,-1,-1
217,140,1051.9,301.99,49.71,113.12,0.9718,-1,-1,-1
217,146,1262.88,166.72,41.39,91.72,0.9681,-1,-1,-1
217,136,1286.53,447.54,37.3,131.08,0.9669,-1,-1,-1
217,142,1524.54,232.55,39.3,100.14,0.9663,-1,-1,-1
217,144,977.65,282.79,38.04,98.48,0.9632,-1,-1,-1
217,158,1208.21,164.11,30.34,86.27,0.9431,-1,-1,-1
217,148,1875.39,160.79,34.86,91.68,0.93,-1,-1,-1
217,147,973.63,228.69,34.3,83.67,0.9297,-1,-1,-1
217,197,1907.76,503.02,12.22,84.13,0.8005,-1,-1,-1
218,175,1826.36,890.69,93.64,185.44,0.9792,-1,-1,-1
218,192,272.89,519.76,80.93,151.89,0.978,-1,-1,-1
218,195,39.96,331.24,53.93,123.53,0.9745,-1,-1,-1
218,154,1843.52,244.4,43.61,109.48,0.9743,-1,-1,-1
218,196,1717.73,306.72,46.69,106.43,0.9738,-1,-1,-1
218,191,503.21,238.24,65.1,101.71,0.9734,-1,-1,-1
218,140,1051.9,302.0,49.7,113.11,0.9719,-1,-1,-1
218,146,1262.87,166.67,41.41,91.76,0.9682,-1,-1,-1
218,136,1286.55,447.54,37.28,131.11,0.9668,-1,-1,-1
218,142,1524.56,232.55,39.28,100.15,0.9664,-1,-1,-1
218,144,977.54,282.77,38.15,98.47,0.9636,-1,-1,-1
218,158,1208.21,164.09,30.36,86.28,0.9431,-1,-1,-1
218,148,1875.37,160.75,34.87,91.71,0.9302,-1,-1,-1
218,147,973.63,228.68,34.29,83.7,0.9298,-1,-1,-1
218,197,1907.83,503.01,12.13,84.21,0.8026,-1,-1,-1
219,192,276.26,518.31,81.48,150.81,0.9786,-1,-1,-1
219,146,1265.07,164.83,46.88,91.21,0.9761,-1,-1,-1
219,175,1826.18,885.9,91.88,189.38,0.9722,-1,-1,-1
219,154,1847.44,241.97,40.97,109.92,0.9708,-1,-1,-1
219,191,509.52,237.85,64.89,102.19,0.9703,-1,-1,-1
219,140,1054.38,299.93,42.37,111.86,0.9699,-1,-1,-1
219,196,1717.57,303.83,40.3,108.36,0.9692,-1,-1,-1
219,195,46.19,329.5,61.32,124.05,0.9656,-1,-1,-1
219,142,1531.33,229.84,37.27,100.95,0.9651,-1,-1,-1
219,158,1211.79,165.05,32.27,84.53,0.9629,-1,-1,-1
219,144,983.85,279.26,35.96,99.78,0.9552,-1,-1,-1
219,148,1877.78,160.68,39.06,88.43,0.9401,-1,-1,-1
219,147,972.43,229.54,35.04,84.77,0.9343,-1,-1,-1
219,136,1291.49,449.4,35.13,127.47,0.9232,-1,-1,-1
219,197,1904.09,463.75,15.91,114.65,0.6365,-1,-1,-1
220,195,49.96,328.83,62.75,121.15,0.9738,-1,-1,-1
220,191,509.14,240.76,70.16,91.14,0.9725,-1,-1,-1
220,146,1267.77,164.26,51.13,90.59,0.9725,-1,-1,-1
220,192,280.62,516.73,81.97,149.85,0.9701,-1,-1,-1
220,154,1850.06,240.4,38.0,109.25,0.9668,-1,-1,-1
220,158,1214.73,166.45,38.91,81.16,0.9667,-1,-1,-1
220,144,986.53,276.9,36.89,100.01,0.9639,-1,-1,-1
220,175,1826.29,883.78,82.14,192.45,0.9591,-1,-1,-1
220,142,1538.34,227.81,34.79,102.3,0.9579,-1,-1,-1
220,136,1295.37,446.26,36.71,129.52,0.9522,-1,-1,-1
220,148,1878.92,159.92,40.67,87.95,0.9514,-1,-1,-1
220,196,1715.47,299.77,36.65,110.3,0.95,-1,-1,-1
220,147,974.7,228.86,33.31,84.16,0.939,-1,-1,-1
220,140,1054.52,298.55,36.65,113.32,0.9019,-1,-1,-1
220,197,1898.0,448.02,21.93,125.62,0.8646,-1,-1,-1
221,192,284.18,514.81,82.28,149.23,0.9736,-1,-1,-1
221,146,1270.46,162.84,53.85,90.81,0.9717,-1,-1,-1
221,191,518.45,240.14,65.38,91.19,0.9714,-1,-1,-1
221,195,56.18,328.07,61.35,119.43,0.9674,-1,-1,-1
221,158,1217.11,164.63,43.98,81.42,0.966,-1,-1,-1
221,154,1853.05,239.58,35.88,110.29,0.9588,-1,-1,-1
221,148,1880.4,157.49,39.6,89.73,0.9584,-1,-1,-1
221,175,1825.85,882.09,76.14,186.61,0.9532,-1,-1,-1
221,136,1299.12,444.21,38.79,128.61,0.9521,-1,-1,-1
221,140,1053.96,293.9,30.1,115.37,0.9495,-1,-1,-1
221,142,1542.48,226.06,33.15,101.25,0.9479,-1,-1,-1
221,144,987.32,272.34,39.88,103.03,0.9455,-1,-1,-1
221,147,974.95,228.57,32.41,81.68,0.9404,-1,-1,-1
221,196,1714.84,296.98,35.26,109.14,0.9295,-1,-1,-1
221,197,1889.7,445.24,30.3,123.38,0.9147,-1,-1,-1
222,144,987.72,270.81,45.29,103.26,0.9738,-1,-1,-1
222,192,288.23,512.08,78.02,150.53,0.9738,-1,-1,-1
222,146,1274.09,161.35,54.09,91.81,0.9716,-1,-1,-1
222,191,529.82,239.31,59.64,88.6,0.9709,-1,-1,-1
222,158,1219.86,158.18,45.18,86.99,0.97,-1,-1,-1
222,197,1883.47,438.94,36.53,129.37,0.9676,-1,-1,-1
222,195,63.32,326.97,57.12,118.75,0.9645,-1,-1,-1
222,136,1303.86,442.88,41.07,128.7,0.9607,-1,-1,-1
222,154,1854.28,238.41,33.23,110.3,0.9587,-1,-1,-1
222,148,1881.66,155.59,38.34,89.78,0.9574,-1,-1,-1
222,196,1712.5,293.58,36.66,110.82,0.9569,-1,-1,-1
222,175,1824.54,879.11,76.08,191.35,0.9517,-1,-1,-1
222,142,1545.51,224.52,32.75,101.85,0.9468,-1,-1,-1
222,140,1051.12,292.77,32.5,114.17,0.9463,-1,-1,-1
222,147,975.99,228.68,30.74,75.2,0.9119,-1,-1,-1
223,191,543.16,237.49,49.45,90.19,0.9759,-1,-1,-1
223,192,293.11,509.95,75.79,148.6,0.9745,-1,-1,-1
223,140,1044.95,292.14,41.11,113.39,0.9738,-1,-1,-1
223,197,1875.64,434.57,44.36,132.16,0.973,-1,-1,-1
223,144,989.65,269.11,46.77,103.93,0.9729,-1,-1,-1
223,146,1279.66,159.71,54.29,91.08,0.9672,-1,-1,-1
223,158,1223.78,159.95,44.68,83.93,0.9662,-1,-1,-1
223,148,1881.0,153.52,39.0,90.55,0.9629,-1,-1,-1
223,195,69.54,324.96,56.4,118.95,0.9613,-1,-1,-1
223,136,1308.04,447.31,43.64,123.95,0.9604,-1,-1,-1
223,142,1547.69,225.73,33.9,100.6,0.9546,-1,-1,-1
223,154,1856.28,237.59,31.5,109.59,0.952,-1,-1,-1
223,175,1822.3,877.44,75.36,193.2,0.9491,-1,-1,-1
223,147,974.51,226.4,34.54,77.07,0.9413,-1,-1,-1
223,196,1708.39,290.85,40.72,113.18,0.7205,-1,-1,-1
224,191,543.09,237.44,49.54,90.26,0.9759,-1,-1,-1
224,192,293.12,509.94,75.82,148.65,0.9746,-1,-1,-1
224,140,1045.0,292.12,41.04,113.36,0.9737,-1,-1,-1
224,197,1875.64,434.57,44.36,132.15,0.973,-1,-1,-1
224,144,989.61,269.14,46.96,103.95,0.9729,-1,-1,-1
224,146,1279.66,159.72,54.28,91.09,0.9671,-1,-1,-1
224,158,1224.04,159.65,44.97,84.91,0.9661,-1,-1,-1
224,148,1881.01,153.47,38.99,90.6,0.9628,-1,-1,-1
224,195,69.53,324.95,56.5,118.94,0.9612,-1,-1,-1
224,136,1308.1,447.37,43.52,123.9,0.9602,-1,-1,-1
224,142,1547.68,225.73,33.93,100.57,0.9547,-1,-1,-1
224,154,1856.27,237.6,31.52,109.58,0.952,-1,-1,-1
224,175,1822.33,877.41,75.39,193.22,0.9492,-1,-1,-1
224,147,974.74,226.43,34.14,76.91,0.9405,-1,-1,-1
224,196,1708.29,290.84,40.87,113.25,0.7553,-1,-1,-1
225,140,1038.26,290.43,50.86,113.91,0.9772,-1,-1,-1
225,197,1854.92,433.15,65.08,134.44,0.9748,-1,-1,-1
225,192,298.29,506.37,71.54,149.03,0.9728,-1,-1,-1
225,144,989.73,268.24,49.87,103.45,0.9725,-1,-1,-1
225,191,552.57,235.69,42.6,91.83,0.9718,-1,-1,-1
225,146,1288.68,157.21,50.24,90.23,0.9706,-1,-1,-1
225,136,1307.57,438.93,50.34,131.86,0.9688,-1,-1,-1
225,158,1229.68,158.03,40.54,84.01,0.9683,-1,-1,-1
225,195,75.93,322.96,62.95,119.58,0.9659,-1,-1,-1
225,148,1881.79,152.45,38.21,90.71,0.962,-1,-1,-1
225,142,1549.21,227.45,34.58,98.4,0.9618,-1,-1,-1
225,196,1701.32,287.92,45.26,113.53,0.9562,-1,-1,-1
225,147,974.55,224.23,38.22,77.03,0.9537,-1,-1,-1
225,175,1820.3,874.83,73.83,196.54,0.952,-1,-1,-1
225,154,1858.36,237.26,29.54,107.98,0.9482,-1,-1,-1
226,144,999.09,267.41,41.5,101.21,0.9748,-1,-1,-1
226,140,1035.61,289.9,54.98,112.83,0.9742,-1,-1,-1
226,192,303.26,503.45,67.59,149.57,0.9711,-1,-1,-1
226,191,557.19,235.45,41.44,90.77,0.9707,-1,-1,-1
226,146,1297.09,154.44,48.6,91.42,0.97,-1,-1,-1
226,136,1309.11,437.82,52.67,131.64,0.9691,-1,-1,-1
226,195,81.91,321.49,66.36,120.03,0.9682,-1,-1,-1
226,197,1842.16,430.3,77.25,134.79,0.9677,-1,-1,-1
226,142,1550.78,229.97,35.68,95.47,0.9672,-1,-1,-1
226,158,1236.03,157.89,38.93,82.74,0.9639,-1,-1,-1
226,148,1881.78,151.82,38.22,89.29,0.9587,-1,-1,-1
226,154,1859.72,235.97,29.4,107.25,0.9502,-1,-1,-1
226,175,1816.89,873.62,75.84,197.75,0.9469,-1,-1,-1
226,147,978.65,221.58,35.67,82.07,0.945,-1,-1,-1
226,196,1699.49,288.29,44.84,110.71,0.9313,-1,-1,-1
227,192,311.24,502.21,58.87,145.52,0.9764,-1,-1,-1
227,197,1832.56,429.62,85.75,130.8,0.9734,-1,-1,-1
227,140,1033.93,289.42,58.69,111.4,0.9717,-1,-1,-1
227,144,1002.34,266.68,41.49,100.88,0.9712,-1,-1,-1
227,195,89.56,322.27,55.94,115.32,0.9707,-1,-1,-1
227,136,1310.95,437.37,53.22,129.22,0.9696,-1,-1,-1
227,146,1307.17,153.31,41.98,90.88,0.9671,-1,-1,-1
227,142,1553.01,232.6,37.15,90.52,0.9666,-1,-1,-1
227,147,978.49,219.26,37.8,82.96,0.9591,-1,-1,-1
227,191,562.7,235.41,36.56,91.29,0.9569,-1,-1,-1
227,148,1882.72,151.04,37.28,89.53,0.9556,-1,-1,-1
227,154,1860.4,234.44,29.48,107.11,0.9499,-1,-1,-1
227,158,1243.69,155.37,34.11,83.22,0.9434,-1,-1,-1
227,175,1813.06,872.04,78.64,197.71,0.9431,-1,-1,-1
227,196,1700.37,288.41,41.27,106.96,0.9156,-1,-1,-1
228,192,315.8,499.8,54.9,144.96,0.9792,-1,-1,-1
228,140,1036.09,288.77,57.55,110.26,0.9735,-1,-1,-1
228,191,566.99,235.7,36.28,93.77,0.9702,-1,-1,-1
228,142,1555.61,231.78,38.52,90.79,0.97,-1,-1,-1
228,195,94.81,320.44,55.91,116.1,0.9694,-1,-1,-1
228,144,1004.57,266.15,41.26,98.68,0.9691,-1,-1,-1
228,136,1313.38,437.88,53.53,126.86,0.9681,-1,-1,-1
228,197,1832.56,431.17,77.47,126.46,0.9614,-1,-1,-1
228,147,979.67,218.38,37.24,86.48,0.957,-1,-1,-1
228,148,1886.45,148.47,33.55,93.32,0.9566,-1,-1,-1
228,146,1317.4,150.99,37.36,90.88,0.9549,-1,-1,-1
228,154,1859.49,233.37,30.18,105.83,0.9523,-1,-1,-1
228,175,1809.61,867.42,81.04,193.7,0.9486,-1,-1,-1
228,158,1253.69,152.54,26.52,84.04,0.9368,-1,-1,-1
228,196,1699.48,288.08,35.23,104.58,0.753,-1,-1,-1
229,192,315.85,498.07,58.01,143.33,0.9796,-1,-1,-1
229,197,1833.41,427.16,65.39,126.51,0.9774,-1,-1,-1
229,191,570.62,236.79,40.93,91.19,0.9752,-1,-1,-1
229,144,1006.78,265.03,43.19,99.03,0.9727,-1,-1,-1
229,140,1035.13,289.5,59.88,107.66,0.9707,-1,-1,-1
229,142,1557.59,231.52,37.86,90.5,0.9702,-1,-1,-1
229,195,99.84,318.54,76.23,116.35,0.97,-1,-1,-1
229,136,1316.87,436.09,50.84,125.9,0.9666,-1,-1,-1
229,175,1806.35,867.35,83.85,190.23,0.9647,-1,-1,-1
229,146,1324.63,148.49,34.82,91.96,0.951,-1,-1,-1
229,147,979.89,217.68,35.54,85.14,0.9403,-1,-1,-1
229,148,1890.59,145.82,29.41,94.61,0.9392,-1,-1,-1
229,154,1859.0,229.89,31.05,107.95,0.9385,-1,-1,-1
229,158,1261.92,151.15,22.6,83.87,0.9263,-1,-1,-1
229,196,1696.51,286.25,32.28,102.2,0.6416,-1,-1,-1
230,192,315.84,498.06,58.01,143.35,0.9795,-1,-1,-1
230,197,1833.42,427.18,65.39,126.49,0.9773,-1,-1,-1
230,191,570.64,236.79,40.92,91.18,0.9752,-1,-1,-1
230,144,1006.8,265.02,43.14,99.01,0.9727,-1,-1,-1
230,140,1035.08,289.48,59.91,107.66,0.9708,-1,-1,-1
230,142,1557.59,231.51,37.92,90.52,0.9702,-1,-1,-1
230,195,99.88,318.54,76.32,116.35,0.9701,-1,-1,-1
230,136,1316.8,436.0,50.99,125.97,0.9665,-1,-1,-1
230,175,1806.31,867.33,83.91,190.24,0.9647,-1,-1,-1
230,146,1324.41,148.68,34.97,91.68,0.9516,-1,-1,-1
230,147,979.91,217.68,35.61,85.18,0.941,-1,-1,-1
230,154,1858.91,229.84,31.15,108.04,0.9394,-1,-1,-1
230,148,1891.03,146.63,28.97,92.1,0.9385,-1,-1,-1
230,158,1261.87,151.17,22.63,83.88,0.9276,-1,-1,-1
230,196,1696.5,286.24,32.29,102.2,0.6606,-1,-1,-1
231,192,311.3,495.31,65.51,145.19,0.9772,-1,-1,-1
231,144,1009.29,263.3,48.54,98.71,0.9745,-1,-1,-1
231,142,1558.52,231.24,39.38,87.94,0.9723,-1,-1,-1
231,191,574.76,236.26,42.38,88.52,0.9719,-1,-1,-1
231,197,1825.89,424.93,55.51,125.0,0.9712,-1,-1,-1
231,140,1036.24,295.23,56.3,100.01,0.9685,-1,-1,-1
231,195,103.91,317.82,74.54,116.09,0.9655,-1,-1,-1
231,136,1316.28,431.9,52.41,126.33,0.9622,-1,-1,-1
231,175,1803.12,863.65,82.19,189.91,0.9619,-1,-1,-1
231,154,1857.74,227.91,33.02,108.65,0.9557,-1,-1,-1
231,158,1263.53,148.6,26.62,84.29,0.9529,-1,-1,-1
231,147,980.56,217.23,34.17,86.15,0.9483,-1,-1,-1
231,146,1329.47,144.51,32.88,94.22,0.9392,-1,-1,-1
231,196,1691.8,283.04,31.3,104.57,0.9377,-1,-1,-1
231,148,1895.99,148.77,23.93,88.2,0.8189,-1,-1,-1
232,144,1011.45,261.66,45.39,97.81,0.9785,-1,-1,-1
232,192,307.95,493.76,72.14,144.62,0.9742,-1,-1,-1
232,142,1560.43,229.74,39.29,87.9,0.9728,-1,-1,-1
232,197,1821.01,420.86,45.77,123.69,0.9725,-1,-1,-1
232,140,1036.66,289.28,53.17,104.18,0.9695,-1,-1,-1
232,195,111.72,318.09,76.64,114.24,0.9688,-1,-1,-1
232,191,576.94,236.3,43.11,86.96,0.9682,-1,-1,-1
232,158,1263.93,148.04,33.34,83.41,0.9624,-1,-1,-1
232,175,1800.93,858.12,79.73,194.61,0.9581,-1,-1,-1
232,136,1317.12,429.53,51.15,126.33,0.9501,-1,-1,-1
232,147,981.74,216.89,30.55,85.02,0.9441,-1,-1,-1
232,154,1856.28,226.8,33.43,106.63,0.9336,-1,-1,-1
232,146,1333.42,145.81,31.25,90.29,0.9305,-1,-1,-1
232,196,1686.95,279.49,31.83,105.86,0.9243,-1,-1,-1
232,148,1899.25,148.64,20.71,86.2,0.9212,-1,-1,-1
233,144,1013.86,260.22,45.57,96.16,0.9808,-1,-1,-1
233,197,1815.11,416.5,37.27,125.71,0.97,-1,-1,-1
233,192,307.33,491.46,76.28,143.16,0.9699,-1,-1,-1
233,140,1036.28,287.81,48.5,102.22,0.9691,-1,-1,-1
233,142,1563.85,227.89,37.35,88.16,0.9678,-1,-1,-1
233,158,1264.32,146.31,40.62,83.64,0.9672,-1,-1,-1
233,136,1317.17,427.36,50.34,125.13,0.9671,-1,-1,-1
233,195,116.81,314.5,77.86,114.24,0.9653,-1,-1,-1
233,175,1796.58,855.59,78.91,191.57,0.9567,-1,-1,-1
233,191,578.31,233.7,42.29,88.11,0.9468,-1,-1,-1
233,146,1335.62,147.23,33.02,87.73,0.9448,-1,-1,-1
233,154,1852.46,226.53,37.34,104.7,0.9423,-1,-1,-1
233,147,982.98,216.9,27.5,83.23,0.9315,-1,-1,-1
233,196,1683.23,277.26,33.02,103.44,0.9277,-1,-1,-1
233,148,1899.91,143.87,20.09,89.64,0.9139,-1,-1,-1
234,144,1018.04,258.63,43.06,95.9,0.9787,-1,-1,-1
234,195,124.05,312.09,74.28,113.55,0.9747,-1,-1,-1
234,197,1804.97,412.34,42.71,128.9,0.9738,-1,-1,-1
234,158,1264.95,144.56,46.61,84.05,0.9732,-1,-1,-1
234,192,310.35,488.49,76.79,142.46,0.9716,-1,-1,-1
234,136,1318.45,423.32,48.36,126.18,0.9698,-1,-1,-1
234,140,1037.42,288.83,41.12,97.71,0.9656,-1,-1,-1
234,154,1848.06,224.18,39.65,104.24,0.9615,-1,-1,-1
234,175,1792.94,849.53,77.18,195.22,0.9565,-1,-1,-1
234,191,579.37,228.81,41.39,91.38,0.954,-1,-1,-1
234,142,1566.83,224.92,36.16,89.34,0.9537,-1,-1,-1
234,146,1337.14,141.73,35.7,93.07,0.9517,-1,-1,-1
234,196,1677.55,274.07,35.65,105.15,0.9378,-1,-1,-1
234,147,982.43,215.68,26.54,80.71,0.9277,-1,-1,-1
234,148,1899.14,145.53,20.86,86.04,0.9259,-1,-1,-1
235,197,1785.01,408.32,57.95,129.77,0.9742,-1,-1,-1
235,192,312.73,486.32,76.2,140.12,0.9725,-1,-1,-1
235,158,1265.46,142.53,47.83,83.28,0.9723,-1,-1,-1
235,195,129.58,308.31,71.91,114.35,0.9713,-1,-1,-1
235,191,579.52,225.32,41.27,94.49,0.968,-1,-1,-1
235,142,1568.73,221.43,36.0,91.36,0.9679,-1,-1,-1
235,146,1337.77,139.81,40.4,91.43,0.9673,-1,-1,-1
235,136,1319.17,420.32,47.16,126.39,0.9644,-1,-1,-1
235,196,1667.85,270.5,43.55,107.84,0.9611,-1,-1,-1
235,175,1788.1,844.78,77.21,191.63,0.9596,-1,-1,-1
235,144,1024.65,254.13,38.86,96.87,0.9464,-1,-1,-1
235,147,982.42,213.74,25.78,81.21,0.9421,-1,-1,-1
235,154,1849.4,221.16,38.11,101.79,0.9409,-1,-1,-1
235,148,1897.88,143.07,22.12,86.1,0.9267,-1,-1,-1
235,140,1038.16,291.44,33.32,91.44,0.9086,-1,-1,-1
236,197,1785.09,408.12,57.86,129.98,0.9743,-1,-1,-1
236,192,312.79,486.32,76.12,140.15,0.9726,-1,-1,-1
236,158,1265.42,142.54,47.88,83.31,0.9724,-1,-1,-1
236,195,129.71,308.32,72.11,114.34,0.9718,-1,-1,-1
236,191,579.35,225.34,41.37,94.48,0.9684,-1,-1,-1
236,142,1568.7,221.41,36.02,91.4,0.9679,-1,-1,-1
236,146,1337.69,139.92,40.53,91.36,0.967,-1,-1,-1
236,136,1319.18,420.33,47.12,126.37,0.9644,-1,-1,-1
236,196,1667.81,270.53,43.63,107.77,0.9612,-1,-1,-1
236,175,1788.12,844.76,77.18,191.68,0.9597,-1,-1,-1
236,144,1024.05,255.28,38.49,94.18,0.9471,-1,-1,-1
236,147,982.44,213.75,25.75,81.14,0.9413,-1,-1,-1
236,154,1849.47,221.1,38.02,101.76,0.9392,-1,-1,-1
236,148,1897.94,143.19,22.06,85.96,0.9269,-1,-1,-1
236,140,1038.09,291.13,33.37,91.74,0.9115,-1,-1,-1
237,197,1768.79,405.49,67.65,129.92,0.9767,-1,-1,-1
237,192,314.4,482.3,74.9,141.51,0.9734,-1,-1,-1
237,158,1266.45,141.56,46.69,82.67,0.9712,-1,-1,-1
237,146,1336.93,145.42,46.91,84.03,0.9695,-1,-1,-1
237,191,579.5,222.99,42.29,95.74,0.9683,-1,-1,-1
237,136,1318.48,418.83,47.02,123.12,0.9671,-1,-1,-1
237,175,1782.11,843.32,76.13,186.97,0.9663,-1,-1,-1
237,195,137.04,305.54,68.44,114.46,0.9642,-1,-1,-1
237,142,1570.56,217.91,35.16,90.95,0.9616,-1,-1,-1
237,147,982.1,210.19,25.53,82.34,0.9469,-1,-1,-1
237,154,1838.6,218.63,48.06,105.1,0.9351,-1,-1,-1
237,196,1663.38,267.83,44.5,106.83,0.9336,-1,-1,-1
237,148,1895.29,140.98,24.49,85.34,0.9304,-1,-1,-1
237,140,1035.75,287.87,29.23,92.17,0.8793,-1,-1,-1
237,144,1029.25,253.66,34.56,84.38,0.8786,-1,-1,-1
238,197,1757.78,403.65,73.15,128.24,0.9781,-1,-1,-1
238,195,145.98,301.86,60.29,116.13,0.975,-1,-1,-1
238,192,316.26,478.19,68.7,142.04,0.9745,-1,-1,-1
238,158,1268.79,139.0,45.57,82.51,0.9729,-1,-1,-1
238,136,1315.96,417.23,49.31,121.78,0.9711,-1,-1,-1
238,146,1336.01,139.55,52.08,87.71,0.9663,-1,-1,-1
238,191,580.39,221.1,42.35,97.43,0.966,-1,-1,-1
238,175,1775.58,839.45,75.52,188.06,0.9621,-1,-1,-1
238,142,1571.38,214.28,34.55,92.14,0.9599,-1,-1,-1
238,154,1836.2,216.26,47.7,104.36,0.9593,-1,-1,-1
238,147,981.48,206.91,24.95,83.4,0.9553,-1,-1,-1
238,196,1658.76,267.9,45.82,103.59,0.9341,-1,-1,-1
238,148,1893.32,139.5,26.68,85.21,0.9211,-1,-1,-1
238,144,1029.87,251.44,36.52,80.58,0.921,-1,-1,-1
238,140,1031.46,282.76,29.21,94.26,0.8837,-1,-1,-1
239,197,1754.0,403.92,69.0,126.05,0.979,-1,-1,-1
239,136,1314.85,413.04,48.11,124.74,0.9758,-1,-1,-1
239,192,314.52,474.21,63.1,141.89,0.9749,-1,-1,-1
239,175,1769.88,838.41,76.16,185.09,0.973,-1,-1,-1
239,195,155.28,298.66,44.8,115.46,0.9723,-1,-1,-1
239,158,1271.72,135.97,41.92,82.97,0.9719,-1,-1,-1
239,146,1339.17,135.42,50.64,90.34,0.9673,-1,-1,-1
239,154,1830.58,214.73,51.8,103.76,0.9639,-1,-1,-1
239,191,581.03,220.43,42.5,98.14,0.9635,-1,-1,-1
239,147,979.66,203.67,27.64,88.15,0.9584,-1,-1,-1
239,142,1571.44,211.35,34.54,94.25,0.9564,-1,-1,-1
239,148,1891.3,134.68,28.7,88.24,0.932,-1,-1,-1
239,144,1035.49,251.5,31.99,77.71,0.8872,-1,-1,-1
239,196,1656.55,265.31,43.79,103.94,0.5792,-1,-1,-1
240,197,1750.58,402.07,62.03,124.11,0.9757,-1,-1,-1
240,136,1313.5,411.14,47.88,122.21,0.974,-1,-1,-1
240,192,313.45,471.53,53.76,140.75,0.9736,-1,-1,-1
240,175,1761.07,837.22,80.1,185.71,0.9713,-1,-1,-1
240,146,1342.31,138.81,46.68,83.05,0.9676,-1,-1,-1
240,154,1831.52,212.54,46.39,102.3,0.9671,-1,-1,-1
240,195,162.24,295.21,40.35,116.21,0.9649,-1,-1,-1
240,158,1276.26,134.36,35.96,81.33,0.9622,-1,-1,-1
240,191,580.18,221.92,43.27,97.68,0.9617,-1,-1,-1
240,142,1571.05,210.09,34.43,94.54,0.9604,-1,-1,-1
240,147,978.79,202.49,27.82,86.21,0.9542,-1,-1,-1
240,148,1891.45,131.47,28.49,88.17,0.9348,-1,-1,-1
240,144,1034.77,252.29,35.68,68.72,0.9207,-1,-1,-1
240,140,1019.6,270.17,35.36,101.78,0.8686,-1,-1,-1
240,196,1654.24,263.78,39.98,102.61,0.756,-1,-1,-1
241,197,1748.5,398.83,50.78,122.55,0.9766,-1,-1,-1
241,136,1310.88,409.77,49.53,121.12,0.9742,-1,-1,-1
241,191,577.27,221.57,46.95,96.2,0.9719,-1,-1,-1
241,154,1829.76,210.35,44.99,101.79,0.9707,-1,-1,-1
241,195,166.96,292.16,39.15,117.63,0.9662,-1,-1,-1
241,175,1753.51,836.88,83.55,184.69,0.9649,-1,-1,-1
241,192,312.21,468.46,49.61,140.4,0.9648,-1,-1,-1
241,146,1345.26,134.67,44.89,85.05,0.9639,-1,-1,-1
241,142,1571.23,209.51,34.05,93.72,0.9619,-1,-1,-1
241,158,1281.97,132.14,30.02,81.02,0.9548,-1,-1,-1
241,147,978.29,200.78,28.16,86.1,0.953,-1,-1,-1
241,144,1034.97,250.89,36.29,72.34,0.9386,-1,-1,-1
241,148,1885.9,129.85,34.1,88.16,0.9302,-1,-1,-1
241,140,1014.84,282.56,39.76,88.09,0.8378,-1,-1,-1
242,197,1748.5,398.83,50.67,122.54,0.9768,-1,-1,-1
242,136,1310.76,409.8,49.65,121.14,0.974,-1,-1,-1
242,191,577.27,221.57,47.03,96.21,0.9721,-1,-1,-1
242,154,1829.46,210.38,45.28,101.73,0.9708,-1,-1,-1
242,195,166.93,292.16,39.3,117.65,0.9662,-1,-1,-1
242,192,312.22,468.44,49.65,140.39,0.9653,-1,-1,-1
242,146,1345.03,134.31,45.19,85.4,0.9653,-1,-1,-1
242,175,1753.44,836.86,83.66,184.73,0.965,-1,-1,-1
242,142,1571.23,209.5,34.04,93.8,0.9619,-1,-1,-1
242,158,1281.97,132.18,30.04,80.98,0.9551,-1,-1,-1
242,147,978.31,200.84,27.7,86.46,0.9528,-1,-1,-1
242,144,1034.82,250.9,36.41,72.22,0.9391,-1,-1,-1
242,148,1885.85,129.8,34.15,88.21,0.9307,-1,-1,-1
242,202,1007.44,268.04,35.07,57.69,0.9059,-1,-1,-1
242,140,1014.95,282.26,39.69,88.45,0.8414,-1,-1,-1
243,191,577.54,220.82,48.37,95.05,0.9719,-1,-1,-1
243,175,1746.57,832.64,85.31,188.47,0.9707,-1,-1,-1
243,154,1826.98,208.35,43.52,101.25,0.9692,-1,-1,-1
243,192,310.64,465.73,50.61,140.76,0.9687,-1,-1,-1
243,197,1745.29,397.55,40.24,120.91,0.9672,-1,-1,-1
243,136,1302.62,408.61,57.05,122.03,0.9655,-1,-1,-1
243,142,1571.03,208.72,33.61,94.44,0.9603,-1,-1,-1
243,195,171.54,289.92,37.38,118.44,0.9566,-1,-1,-1
243,146,1353.38,132.37,36.9,85.04,0.9532,-1,-1,-1
243,147,977.36,201.26,27.69,85.27,0.9481,-1,-1,-1
243,140,1005.61,269.39,48.78,98.95,0.9445,-1,-1,-1
243,144,1035.72,249.92,37.18,82.8,0.9443,-1,-1,-1
243,158,1289.98,129.34,23.45,81.1,0.9405,-1,-1,-1
243,148,1884.44,128.55,35.56,87.81,0.937,-1,-1,-1
243,202,1001.62,268.01,41.83,59.1,0.6524,-1,-1,-1
244,154,1822.7,207.0,43.42,100.59,0.9762,-1,-1,-1
244,175,1740.02,830.61,87.44,185.24,0.9727,-1,-1,-1
244,191,571.93,219.65,55.25,96.14,0.9686,-1,-1,-1
244,195,176.28,290.5,38.95,115.38,0.9646,-1,-1,-1
244,136,1299.96,406.78,57.47,119.97,0.9645,-1,-1,-1
244,192,308.35,464.31,55.22,137.87,0.9641,-1,-1,-1
244,142,1569.31,209.8,33.79,91.15,0.961,-1,-1,-1
244,140,1002.26,270.59,51.38,98.83,0.9604,-1,-1,-1
244,148,1883.59,126.34,35.75,89.13,0.9593,-1,-1,-1
244,144,1036.61,249.94,37.8,86.36,0.9562,-1,-1,-1
244,197,1741.27,394.32,35.46,118.74,0.9527,-1,-1,-1
244,146,1362.5,133.9,32.0,80.16,0.9422,-1,-1,-1
244,147,975.75,202.28,28.01,82.22,0.9294,-1,-1,-1
244,158,1294.22,129.13,21.08,80.26,0.9289,-1,-1,-1
245,195,179.31,291.89,43.36,113.16,0.9766,-1,-1,-1
245,154,1819.77,205.25,43.06,100.27,0.9743,-1,-1,-1
245,175,1732.92,830.26,89.88,180.33,0.9718,-1,-1,-1
245,136,1297.33,404.89,56.37,118.23,0.968,-1,-1,-1
245,144,1037.93,249.27,39.0,86.5,0.9667,-1,-1,-1
245,197,1731.21,389.3,38.74,122.37,0.9665,-1,-1,-1
245,192,306.32,461.43,60.16,139.65,0.9661,-1,-1,-1
245,191,578.09,217.97,49.93,95.52,0.9651,-1,-1,-1
245,140,998.23,267.75,52.77,99.29,0.965,-1,-1,-1
245,148,1881.46,124.65,38.01,87.67,0.9596,-1,-1,-1
245,142,1568.41,209.87,32.63,88.98,0.9569,-1,-1,-1
245,158,1293.41,126.4,25.53,80.14,0.9508,-1,-1,-1
245,146,1367.8,135.36,28.6,77.14,0.9422,-1,-1,-1
245,147,973.88,200.71,29.79,83.09,0.9395,-1,-1,-1
246,195,182.06,291.64,49.1,110.81,0.9767,-1,-1,-1
246,197,1714.07,385.89,50.29,123.98,0.9742,-1,-1,-1
246,191,584.95,215.83,44.56,95.91,0.9736,-1,-1,-1
246,175,1726.06,823.57,82.41,181.04,0.972,-1,-1,-1
246,154,1816.34,203.99,42.6,99.75,0.9711,-1,-1,-1
246,192,305.2,458.98,63.91,141.32,0.9679,-1,-1,-1
246,136,1296.02,403.23,53.11,117.61,0.9675,-1,-1,-1
246,144,1039.72,248.8,37.81,86.4,0.9655,-1,-1,-1
246,148,1880.79,122.83,37.76,89.06,0.9562,-1,-1,-1
246,140,997.83,270.29,49.24,94.74,0.9546,-1,-1,-1
246,158,1292.25,125.67,32.05,79.2,0.9487,-1,-1,-1
246,147,972.16,199.97,32.96,82.52,0.9481,-1,-1,-1
246,142,1567.91,208.96,31.83,88.85,0.9444,-1,-1,-1
246,146,1372.1,132.32,25.8,78.12,0.9398,-1,-1,-1
246,202,995.34,265.56,33.43,52.85,0.528,-1,-1,-1
247,175,1720.59,817.68,76.47,184.0,0.9779,-1,-1,-1
247,195,184.47,293.04,51.28,107.1,0.9774,-1,-1,-1
247,192,304.0,457.27,64.71,141.0,0.9716,-1,-1,-1
247,154,1814.21,203.61,41.39,98.53,0.9702,-1,-1,-1
247,158,1290.6,123.64,40.73,81.05,0.9694,-1,-1,-1
247,144,1042.31,248.67,36.2,86.08,0.9684,-1,-1,-1
247,191,589.64,216.13,41.49,95.77,0.9683,-1,-1,-1
247,197,1702.66,384.73,55.07,123.11,0.9681,-1,-1,-1
247,140,992.88,266.08,48.66,96.03,0.9661,-1,-1,-1
247,136,1296.67,401.07,47.65,117.75,0.9634,-1,-1,-1
247,147,971.93,197.49,34.44,81.18,0.9592,-1,-1,-1
247,142,1566.54,207.2,31.66,86.32,0.9585,-1,-1,-1
247,148,1879.78,121.76,37.34,87.57,0.9518,-1,-1,-1
247,146,1375.34,123.99,25.93,85.52,0.9452,-1,-1,-1
248,175,1720.55,817.7,76.52,183.98,0.978,-1,-1,-1
248,195,184.43,292.98,51.22,107.17,0.9774,-1,-1,-1
248,192,304.03,457.28,64.65,141.0,0.9715,-1,-1,-1
248,154,1814.21,203.54,41.38,98.62,0.9703,-1,-1,-1
248,158,1290.63,123.65,40.67,81.03,0.9696,-1,-1,-1
248,197,1702.69,384.82,55.04,123.01,0.9684,-1,-1,-1
248,191,589.68,216.15,41.45,95.74,0.9682,-1,-1,-1
248,144,1042.29,248.63,36.17,86.33,0.9679,-1,-1,-1
248,140,992.96,266.09,48.57,96.03,0.9657,-1,-1,-1
248,136,1296.71,401.14,47.58,117.73,0.963,-1,-1,-1
248,147,971.93,197.47,34.44,81.2,0.9598,-1,-1,-1
248,142,1566.54,207.2,31.66,86.31,0.9585,-1,-1,-1
248,148,1879.55,121.51,37.45,87.44,0.9522,-1,-1,-1
248,146,1375.47,124.29,25.82,85.12,0.9444,-1,-1,-1
249,195,186.87,292.58,52.6,106.28,0.9755,-1,-1,-1
249,158,1289.51,122.66,44.57,80.21,0.9743,-1,-1,-1
249,197,1693.1,384.3,58.64,121.12,0.9738,-1,-1,-1
249,192,302.98,454.36,65.52,140.61,0.9736,-1,-1,-1
249,136,1292.29,398.57,46.2,116.13,0.9724,-1,-1,-1
249,154,1811.56,202.38,41.16,97.65,0.97,-1,-1,-1
249,175,1713.99,812.11,73.43,182.71,0.9672,-1,-1,-1
249,191,589.41,215.62,42.48,94.76,0.9672,-1,-1,-1
249,142,1564.07,204.26,32.51,88.61,0.9663,-1,-1,-1
249,148,1876.6,120.19,38.17,87.0,0.9648,-1,-1,-1
249,144,1044.82,246.83,33.45,83.84,0.9613,-1,-1,-1
249,140,990.3,264.88,45.72,95.51,0.9612,-1,-1,-1
249,147,971.06,195.17,34.51,81.75,0.9524,-1,-1,-1
249,146,1377.87,120.32,28.6,86.94,0.9333,-1,-1,-1
249,196,1616.7,250.4,39.99,98.64,0.6467,-1,-1,-1
250,192,301.39,451.87,64.37,139.86,0.9762,-1,-1,-1
250,195,188.85,290.57,52.61,107.23,0.9746,-1,-1,-1
250,158,1287.39,122.31,46.41,79.33,0.9737,-1,-1,-1
250,197,1688.8,381.51,57.01,122.37,0.9737,-1,-1,-1
250,136,1289.51,395.22,43.72,117.99,0.972,-1,-1,-1
250,154,1808.59,200.04,41.34,99.97,0.9702,-1,-1,-1
250,175,1707.15,808.51,70.97,181.81,0.97,-1,-1,-1
250,140,988.46,263.88,44.3,93.63,0.9696,-1,-1,-1
250,191,590.24,214.4,41.66,94.54,0.9682,-1,-1,-1
250,148,1872.08,120.33,40.63,85.32,0.9667,-1,-1,-1
250,144,1045.83,245.11,33.15,82.94,0.9607,-1,-1,-1
250,147,969.54,192.65,34.68,84.99,0.9583,-1,-1,-1
250,142,1563.1,201.34,31.87,91.3,0.9559,-1,-1,-1
250,146,1378.86,125.4,33.31,80.7,0.9424,-1,-1,-1
250,196,1607.92,248.4,44.64,98.77,0.876,-1,-1,-1
250,203,1018.94,1049.6,21.75,28.91,0.5238,-1,-1,-1
251,192,298.69,449.84,64.28,138.0,0.9768,-1,-1,-1
251,197,1684.72,381.01,55.42,122.27,0.975,-1,-1,-1
251,195,192.47,288.64,53.63,108.16,0.9741,-1,-1,-1
251,136,1284.71,393.56,42.75,117.3,0.9734,-1,-1,-1
251,158,1287.73,121.15,44.34,78.94,0.9723,-1,-1,-1
251,191,589.02,213.57,44.31,94.92,0.971,-1,-1,-1
251,148,1867.81,120.2,42.41,84.39,0.9679,-1,-1,-1
251,175,1702.14,803.98,67.48,185.44,0.9675,-1,-1,-1
251,146,1377.25,122.35,40.17,82.42,0.9657,-1,-1,-1
251,144,1043.53,243.15,35.78,84.69,0.9647,-1,-1,-1
251,154,1804.95,200.14,41.22,98.26,0.9642,-1,-1,-1
251,142,1560.74,199.85,32.38,92.77,0.9559,-1,-1,-1
251,140,988.64,263.48,37.86,92.58,0.9548,-1,-1,-1
251,147,969.29,191.33,31.4,86.52,0.9378,-1,-1,-1
251,196,1599.03,247.17,47.0,98.19,0.804,-1,-1,-1
251,203,1017.0,1046.41,22.86,32.1,0.7627,-1,-1,-1
252,195,197.13,289.01,47.16,106.36,0.9781,-1,-1,-1
252,192,295.64,446.46,62.85,138.82,0.9739,-1,-1,-1
252,197,1679.37,378.6,53.68,122.14,0.9737,-1,-1,-1
252,146,1376.55,121.37,42.85,81.85,0.9726,-1,-1,-1
252,191,588.78,211.72,45.09,95.54,0.9725,-1,-1,-1
252,136,1278.41,392.16,43.7,119.31,0.9709,-1,-1,-1
252,144,1042.65,241.19,38.24,87.06,0.9705,-1,-1,-1
252,158,1288.98,120.69,40.37,78.3,0.9694,-1,-1,-1
252,154,1801.29,200.33,39.74,95.78,0.9668,-1,-1,-1
252,148,1863.26,121.46,42.2,82.95,0.9639,-1,-1,-1
252,140,985.36,261.85,36.72,91.91,0.9612,-1,-1,-1
252,142,1558.84,200.05,31.52,89.42,0.9588,-1,-1,-1
252,175,1695.72,801.92,66.78,184.89,0.9588,-1,-1,-1
252,147,967.32,191.2,32.45,86.68,0.9464,-1,-1,-1
252,203,1011.6,1042.28,32.71,37.08,0.7614,-1,-1,-1
253,197,1674.45,378.01,50.42,119.88,0.978,-1,-1,-1
253,195,202.32,286.97,45.76,106.16,0.9756,-1,-1,-1
253,192,293.64,444.69,58.23,138.62,0.9749,-1,-1,-1
253,191,588.5,210.45,47.4,96.74,0.9731,-1,-1,-1
253,146,1374.35,120.97,45.35,81.81,0.9717,-1,-1,-1
253,148,1857.65,121.97,44.28,81.34,0.971,-1,-1,-1
253,144,1040.58,239.52,41.05,88.06,0.9703,-1,-1,-1
253,154,1797.25,199.82,39.68,96.04,0.97,-1,-1,-1
253,175,1688.28,802.47,65.37,185.11,0.9691,-1,-1,-1
253,140,980.2,259.7,38.45,93.15,0.9668,-1,-1,-1
253,136,1273.49,392.26,45.22,117.03,0.966,-1,-1,-1
253,147,965.93,191.58,31.05,87.28,0.9537,-1,-1,-1
253,158,1290.52,118.17,35.44,79.34,0.9523,-1,-1,-1
253,142,1556.65,200.3,31.6,91.16,0.9477,-1,-1,-1
253,203,1002.54,1036.79,47.84,42.23,0.7605,-1,-1,-1
254,197,1674.47,377.97,50.44,119.89,0.9781,-1,-1,-1
254,195,202.33,286.99,45.77,106.13,0.9756,-1,-1,-1
254,192,293.63,444.69,58.24,138.6,0.9749,-1,-1,-1
254,191,588.49,210.45,47.5,96.75,0.9731,-1,-1,-1
254,146,1374.36,120.88,45.34,81.9,0.9718,-1,-1,-1
254,148,1857.63,121.95,44.34,81.33,0.971,-1,-1,-1
254,144,1040.47,239.51,41.24,88.13,0.9706,-1,-1,-1
254,154,1797.29,199.82,39.63,96.12,0.9699,-1,-1,-1
254,175,1688.28,802.49,65.37,185.08,0.9692,-1,-1,-1
254,140,980.22,259.87,38.47,92.95,0.9667,-1,-1,-1
254,136,1273.57,392.15,45.21,117.06,0.9662,-1,-1,-1
254,147,965.93,191.56,31.06,87.22,0.9537,-1,-1,-1
254,158,1290.51,118.15,35.47,79.35,0.9522,-1,-1,-1
254,142,1556.65,200.29,31.64,91.19,0.9477,-1,-1,-1
254,203,1002.53,1036.72,47.85,42.35,0.7786,-1,-1,-1
255,197,1669.36,375.89,45.15,119.4,0.9761,-1,-1,-1
255,192,291.54,443.66,53.92,136.28,0.9738,-1,-1,-1
255,191,588.74,210.39,48.32,97.42,0.9735,-1,-1,-1
255,146,1371.01,122.17,47.07,79.31,0.9723,-1,-1,-1
255,136,1265.86,391.67,48.58,117.69,0.9723,-1,-1,-1
255,195,209.84,284.45,41.46,107.59,0.9713,-1,-1,-1
255,144,1041.65,240.13,40.46,87.89,0.9701,-1,-1,-1
255,175,1680.0,805.14,64.68,181.34,0.9698,-1,-1,-1
255,154,1792.63,199.47,39.25,95.81,0.9667,-1,-1,-1
255,148,1852.79,120.16,43.0,82.28,0.966,-1,-1,-1
255,140,976.25,258.9,37.29,95.44,0.9619,-1,-1,-1
255,142,1552.22,201.96,32.74,88.44,0.9601,-1,-1,-1
255,147,964.89,193.86,30.73,85.11,0.9589,-1,-1,-1
255,158,1292.33,116.25,30.28,78.81,0.7652,-1,-1,-1
255,203,999.5,1034.23,48.11,41.44,0.4341,-1,-1,-1
256,191,590.26,211.74,47.94,97.06,0.9745,-1,-1,-1
256,136,1259.58,391.82,50.97,117.26,0.9711,-1,-1,-1
256,192,283.26,442.96,57.61,134.44,0.9707,-1,-1,-1
256,197,1662.92,373.9,41.03,121.02,0.9702,-1,-1,-1
256,154,1787.24,198.21,39.9,96.3,0.9695,-1,-1,-1
256,175,1666.68,806.6,67.83,178.6,0.9682,-1,-1,-1
256,148,1847.58,119.28,42.05,81.8,0.967,-1,-1,-1
256,146,1368.53,120.08,47.76,81.34,0.9639,-1,-1,-1
256,195,217.68,280.42,36.74,109.76,0.962,-1,-1,-1
256,144,1046.28,239.76,35.27,88.58,0.959,-1,-1,-1
256,140,972.41,257.6,37.05,95.76,0.9513,-1,-1,-1
256,147,963.9,194.33,28.6,83.26,0.9439,-1,-1,-1
256,142,1550.44,201.71,32.91,86.84,0.9426,-1,-1,-1
256,158,1295.71,115.36,25.79,79.07,0.9342,-1,-1,-1
257,192,271.75,441.44,65.33,135.8,0.979,-1,-1,-1
257,191,591.57,211.78,46.75,95.7,0.9742,-1,-1,-1
257,136,1253.44,391.63,53.57,116.9,0.9731,-1,-1,-1
257,175,1647.73,806.95,77.94,175.77,0.9713,-1,-1,-1
257,197,1653.97,372.19,40.82,118.44,0.9712,-1,-1,-1
257,154,1783.42,197.82,37.59,96.21,0.9668,-1,-1,-1
257,140,966.34,259.91,38.65,94.91,0.9658,-1,-1,-1
257,146,1370.35,117.7,43.16,82.47,0.9633,-1,-1,-1
257,148,1845.31,117.66,39.09,82.14,0.9631,-1,-1,-1
257,142,1546.89,201.64,33.24,86.21,0.9618,-1,-1,-1
257,144,1048.14,240.9,33.17,85.62,0.9578,-1,-1,-1
257,195,225.46,276.14,34.53,113.34,0.9555,-1,-1,-1
257,147,961.13,193.92,29.85,80.27,0.944,-1,-1,-1
257,158,1298.46,112.98,23.73,79.35,0.9226,-1,-1,-1
257,204,1882.8,396.37,36.96,103.44,0.9074,-1,-1,-1
258,175,1633.27,809.51,83.68,171.82,0.9753,-1,-1,-1
258,192,263.48,440.72,71.25,134.52,0.9749,-1,-1,-1
258,191,592.73,211.48,46.52,94.97,0.9743,-1,-1,-1
258,197,1643.68,370.29,44.36,119.81,0.9728,-1,-1,-1
258,136,1249.52,392.94,49.7,114.82,0.9721,-1,-1,-1
258,154,1779.19,197.3,36.99,95.66,0.9669,-1,-1,-1
258,140,962.28,261.97,37.39,91.15,0.9645,-1,-1,-1
258,195,227.8,274.91,36.2,112.58,0.9601,-1,-1,-1
258,148,1843.56,118.78,35.11,80.32,0.9543,-1,-1,-1
258,204,1867.51,391.25,52.49,110.17,0.9521,-1,-1,-1
258,142,1542.59,201.15,33.33,86.69,0.9481,-1,-1,-1
258,144,1046.0,240.49,34.03,85.14,0.9392,-1,-1,-1
258,158,1295.57,113.22,24.49,78.98,0.9373,-1,-1,-1
258,147,958.37,194.55,29.7,73.13,0.9315,-1,-1,-1
258,146,1375.42,113.83,34.3,84.88,0.9252,-1,-1,-1
259,136,1243.25,390.29,46.97,115.46,0.9736,-1,-1,-1
259,191,593.57,211.01,43.69,95.13,0.9731,-1,-1,-1
259,192,259.85,440.56,73.23,132.93,0.9729,-1,-1,-1
259,197,1632.61,369.48,47.26,121.07,0.9718,-1,-1,-1
259,195,229.53,274.75,37.52,111.02,0.9707,-1,-1,-1
259,204,1858.98,388.73,60.25,110.84,0.9688,-1,-1,-1
259,175,1624.96,806.11,83.14,175.23,0.9687,-1,-1,-1
259,142,1537.92,199.1,33.71,88.46,0.9626,-1,-1,-1
259,140,960.88,266.13,34.64,85.99,0.9587,-1,-1,-1
259,144,1043.01,240.11,36.11,85.79,0.9579,-1,-1,-1
259,154,1774.4,196.91,36.64,94.08,0.9566,-1,-1,-1
259,148,1840.77,117.44,32.67,81.5,0.949,-1,-1,-1
259,158,1290.75,113.87,29.91,78.3,0.9461,-1,-1,-1
259,147,955.46,193.64,28.99,67.58,0.945,-1,-1,-1
259,146,1380.54,122.03,30.09,76.82,0.9345,-1,-1,-1
259,202,956.07,254.07,24.52,50.61,0.8484,-1,-1,-1
260,136,1243.22,390.29,47.02,115.5,0.9736,-1,-1,-1
260,191,593.58,211.01,43.66,95.1,0.973,-1,-1,-1
260,192,259.72,440.52,73.36,133.0,0.973,-1,-1,-1
260,197,1632.51,369.45,47.36,121.1,0.9717,-1,-1,-1
260,195,229.58,274.81,37.46,110.98,0.9705,-1,-1,-1
260,175,1624.98,806.03,83.12,175.34,0.9688,-1,-1,-1
260,204,1858.97,388.76,60.29,110.88,0.9686,-1,-1,-1
260,142,1537.92,199.09,33.7,88.46,0.9627,-1,-1,-1
260,140,960.85,266.11,34.67,86.11,0.9589,-1,-1,-1
260,144,1042.99,240.12,36.16,85.83,0.9584,-1,-1,-1
260,154,1774.35,196.88,36.7,94.06,0.9569,-1,-1,-1
260,148,1840.81,118.12,32.42,80.85,0.9477,-1,-1,-1
260,158,1290.72,113.84,29.95,78.3,0.9463,-1,-1,-1
260,147,955.48,193.65,28.93,67.4,0.9447,-1,-1,-1
260,146,1380.5,121.77,30.22,77.1,0.935,-1,-1,-1
260,202,956.03,254.02,24.6,50.64,0.8436,-1,-1,-1
261,175,1614.2,805.37,86.93,177.42,0.9766,-1,-1,-1
261,192,256.84,441.89,74.75,130.48,0.9759,-1,-1,-1
261,191,593.66,209.89,41.92,96.68,0.9716,-1,-1,-1
261,197,1619.0,369.06,52.74,121.81,0.9708,-1,-1,-1
261,144,1040.02,239.47,36.48,86.09,0.9688,-1,-1,-1
261,136,1237.9,389.84,41.33,116.27,0.9667,-1,-1,-1
261,154,1766.96,196.43,38.08,94.33,0.9642,-1,-1,-1
261,204,1849.4,389.63,51.65,108.82,0.9626,-1,-1,-1
261,158,1285.47,114.37,37.63,78.31,0.9607,-1,-1,-1
261,195,234.07,273.56,35.79,114.73,0.9596,-1,-1,-1
261,147,952.1,192.54,29.07,69.16,0.946,-1,-1,-1
261,142,1532.45,199.37,33.02,89.26,0.9437,-1,-1,-1
261,148,1837.93,119.9,27.73,78.93,0.9333,-1,-1,-1
261,146,1382.46,118.11,27.0,80.84,0.8884,-1,-1,-1
261,140,955.75,267.43,34.42,85.33,0.8446,-1,-1,-1
261,202,954.11,259.35,20.63,41.9,0.5221,-1,-1,-1
262,175,1605.61,805.74,84.34,171.89,0.972,-1,-1,-1
262,191,594.6,208.88,39.81,96.81,0.9713,-1,-1,-1
262,192,253.58,441.46,75.01,130.31,0.9708,-1,-1,-1
262,195,237.06,275.73,39.34,113.85,0.9705,-1,-1,-1
262,197,1607.95,369.75,54.78,120.61,0.9703,-1,-1,-1
262,158,1278.96,112.12,44.12,81.1,0.9687,-1,-1,-1
262,144,1036.29,238.96,36.38,90.0,0.9676,-1,-1,-1
262,154,1759.51,196.9,38.55,94.19,0.9671,-1,-1,-1
262,140,947.4,263.62,38.75,88.87,0.9613,-1,-1,-1
262,136,1232.7,388.08,36.12,115.57,0.9482,-1,-1,-1
262,148,1831.84,121.83,27.55,78.71,0.9433,-1,-1,-1
262,147,948.49,192.79,28.32,67.95,0.9429,-1,-1,-1
262,142,1525.54,199.66,33.22,89.89,0.9377,-1,-1,-1
262,204,1841.44,388.23,40.22,107.23,0.8934,-1,-1,-1
262,146,1382.11,119.9,25.95,79.42,0.8511,-1,-1,-1
263,175,1591.16,800.87,84.26,179.54,0.978,-1,-1,-1
263,195,237.19,277.01,44.7,113.14,0.9742,-1,-1,-1
263,192,249.89,439.16,75.13,132.35,0.9718,-1,-1,-1
263,197,1595.62,370.48,56.67,118.91,0.9703,-1,-1,-1
263,191,594.61,208.07,38.35,98.11,0.9691,-1,-1,-1
263,154,1750.66,197.4,40.33,95.74,0.969,-1,-1,-1
263,158,1273.43,112.03,45.18,82.29,0.9672,-1,-1,-1
263,144,1033.05,238.71,37.07,92.62,0.9654,-1,-1,-1
263,140,938.24,262.55,41.78,90.39,0.9576,-1,-1,-1
263,136,1224.07,387.5,33.68,114.83,0.9484,-1,-1,-1
263,148,1822.31,123.61,31.77,77.41,0.9467,-1,-1,-1
263,142,1519.46,201.72,33.16,86.53,0.9422,-1,-1,-1
263,147,944.22,194.25,28.31,70.02,0.9341,-1,-1,-1
263,204,1828.97,400.92,34.87,92.88,0.8334,-1,-1,-1
263,146,1379.92,114.59,23.39,84.32,0.7483,-1,-1,-1
264,175,1579.48,795.25,75.19,180.15,0.9799,-1,-1,-1
264,192,246.86,438.97,73.38,131.0,0.9742,-1,-1,-1
264,195,237.69,279.87,49.64,111.44,0.971,-1,-1,-1
264,191,592.37,208.39,39.7,99.59,0.9708,-1,-1,-1
264,197,1583.49,373.44,58.26,116.24,0.9703,-1,-1,-1
264,154,1740.79,198.97,42.05,94.47,0.9679,-1,-1,-1
264,158,1267.53,116.76,45.54,77.31,0.9678,-1,-1,-1
264,140,931.46,261.37,42.98,94.75,0.966,-1,-1,-1
264,144,1029.35,240.27,36.65,92.83,0.9644,-1,-1,-1
264,204,1809.42,385.5,38.95,109.07,0.9532,-1,-1,-1
264,136,1216.21,388.45,31.08,113.16,0.9446,-1,-1,-1
264,147,939.36,196.62,29.1,64.52,0.9434,-1,-1,-1
264,142,1512.48,205.29,31.79,75.1,0.9251,-1,-1,-1
264,148,1814.31,124.72,31.24,76.98,0.9236,-1,-1,-1
264,146,1376.22,117.19,25.21,83.31,0.917,-1,-1,-1
265,154,1730.72,199.46,46.75,94.36,0.9749,-1,-1,-1
265,191,588.8,210.56,41.47,98.81,0.9733,-1,-1,-1
265,175,1565.52,792.79,68.59,179.63,0.9729,-1,-1,-1
265,197,1570.39,373.43,60.3,118.71,0.9719,-1,-1,-1
265,195,237.09,283.56,52.71,108.08,0.9707,-1,-1,-1
265,204,1786.5,384.03,49.07,112.54,0.9685,-1,-1,-1
265,192,243.02,439.55,69.22,129.47,0.9665,-1,-1,-1
265,158,1262.66,120.23,42.78,75.49,0.9625,-1,-1,-1
265,140,924.88,262.99,41.91,95.16,0.953,-1,-1,-1
265,144,1026.77,243.19,34.58,92.98,0.9526,-1,-1,-1
265,148,1803.9,129.3,34.0,72.33,0.9457,-1,-1,-1
265,142,1505.05,208.71,31.18,68.4,0.9419,-1,-1,-1
265,136,1206.51,383.93,32.88,119.42,0.9395,-1,-1,-1
265,146,1372.34,122.12,28.99,79.21,0.9366,-1,-1,-1
265,147,933.88,199.66,29.05,68.14,0.9304,-1,-1,-1
266,154,1730.74,199.47,46.69,94.35,0.9749,-1,-1,-1
266,191,588.8,210.56,41.45,98.8,0.9734,-1,-1,-1
266,175,1565.47,792.78,68.75,179.62,0.9728,-1,-1,-1
266,197,1570.38,373.46,60.33,118.66,0.9719,-1,-1,-1
266,195,237.07,283.63,52.79,108.0,0.9704,-1,-1,-1
266,204,1786.57,384.06,49.04,112.53,0.9681,-1,-1,-1
266,192,243.03,439.56,69.18,129.43,0.9663,-1,-1,-1
266,158,1262.86,119.5,43.35,75.68,0.9629,-1,-1,-1
266,140,924.9,262.61,41.97,95.52,0.9544,-1,-1,-1
266,144,1026.79,243.17,34.57,92.97,0.9525,-1,-1,-1
266,148,1804.26,130.14,33.39,71.03,0.9455,-1,-1,-1
266,142,1505.04,208.72,31.18,68.54,0.9417,-1,-1,-1
266,136,1206.5,383.9,32.94,119.45,0.9395,-1,-1,-1
266,146,1372.38,122.01,28.95,79.36,0.9363,-1,-1,-1
266,147,933.2,199.7,29.62,67.64,0.9326,-1,-1,-1
266,205,1515.37,239.93,39.34,99.84,0.8561,-1,-1,-1
266,206,1907.37,142.01,12.5,80.33,0.804,-1,-1,-1
267,195,234.2,285.81,55.35,106.49,0.9753,-1,-1,-1
267,154,1721.59,200.71,49.07,93.08,0.9736,-1,-1,-1
267,204,1769.65,384.29,51.22,111.8,0.9735,-1,-1,-1
267,197,1559.84,374.79,59.32,116.67,0.9709,-1,-1,-1
267,191,585.26,212.02,41.4,97.67,0.9708,-1,-1,-1
267,192,239.42,439.82,63.87,129.0,0.9674,-1,-1,-1
267,144,1021.92,244.86,34.58,91.35,0.9654,-1,-1,-1
267,140,915.41,263.36,44.2,95.12,0.9621,-1,-1,-1
267,158,1257.58,121.97,40.04,73.72,0.9568,-1,-1,-1
267,146,1367.61,124.84,36.74,77.34,0.9559,-1,-1,-1
267,175,1553.33,789.65,64.06,179.46,0.9457,-1,-1,-1
267,136,1197.12,383.63,33.58,118.3,0.943,-1,-1,-1
267,147,927.53,203.38,28.59,65.12,0.9303,-1,-1,-1
267,142,1497.14,210.24,31.4,74.55,0.9144,-1,-1,-1
267,206,1898.84,139.12,20.92,82.93,0.9026,-1,-1,-1
267,148,1795.11,131.68,32.61,71.03,0.8776,-1,-1,-1
268,195,229.85,288.29,56.49,106.58,0.9757,-1,-1,-1
268,204,1755.11,384.06,53.19,113.12,0.9725,-1,-1,-1
268,154,1711.39,203.36,51.8,91.05,0.9709,-1,-1,-1
268,191,582.8,214.92,40.9,97.29,0.9704,-1,-1,-1
268,197,1549.56,373.36,56.99,118.3,0.9691,-1,-1,-1
268,136,1182.11,383.65,41.34,116.62,0.9683,-1,-1,-1
268,146,1361.62,128.97,42.25,73.72,0.9647,-1,-1,-1
268,175,1539.85,787.77,62.02,179.44,0.9637,-1,-1,-1
268,144,1018.7,246.87,32.34,89.49,0.9621,-1,-1,-1
268,140,910.59,267.5,39.86,94.21,0.9598,-1,-1,-1
268,192,235.33,440.28,55.79,128.54,0.9581,-1,-1,-1
268,158,1255.15,120.62,35.3,76.19,0.9515,-1,-1,-1
268,148,1784.55,132.48,34.31,71.24,0.9436,-1,-1,-1
268,147,922.25,204.22,29.31,64.89,0.9431,-1,-1,-1
268,206,1889.29,143.2,29.4,78.64,0.919,-1,-1,-1
268,142,1488.52,211.71,31.04,75.83,0.9156,-1,-1,-1
268,205,1498.13,241.86,39.22,98.99,0.7963,-1,-1,-1
269,195,227.02,290.02,55.99,105.67,0.9753,-1,-1,-1
269,204,1743.56,386.49,53.91,114.17,0.9741,-1,-1,-1
269,197,1541.62,373.04,52.06,118.06,0.9701,-1,-1,-1
269,136,1171.74,385.16,42.86,114.84,0.9683,-1,-1,-1
269,192,230.59,441.07,48.66,128.17,0.9675,-1,-1,-1
269,191,581.3,217.84,40.3,94.49,0.9663,-1,-1,-1
269,146,1353.97,132.2,48.06,70.92,0.9662,-1,-1,-1
269,140,903.3,266.22,40.78,96.64,0.9659,-1,-1,-1
269,154,1702.24,203.89,52.99,92.59,0.9629,-1,-1,-1
269,144,1014.64,247.31,31.18,88.77,0.9616,-1,-1,-1
269,175,1526.05,787.14,62.62,178.84,0.9583,-1,-1,-1
269,148,1776.15,135.05,34.1,69.48,0.9473,-1,-1,-1
269,158,1253.78,119.64,32.53,77.34,0.946,-1,-1,-1
269,147,916.1,205.84,29.58,67.32,0.9437,-1,-1,-1
269,142,1480.16,212.24,29.47,65.45,0.9283,-1,-1,-1
269,206,1879.12,144.22,33.98,79.97,0.9243,-1,-1,-1
269,205,1488.85,243.83,39.22,97.51,0.8775,-1,-1,-1
270,195,226.01,289.87,53.55,106.34,0.975,-1,-1,-1
270,192,225.49,439.47,43.24,130.1,0.9744,-1,-1,-1
270,136,1163.86,385.84,42.89,113.83,0.9719,-1,-1,-1
270,197,1533.07,373.93,47.39,116.59,0.9716,-1,-1,-1
270,154,1693.21,204.91,53.95,92.02,0.9703,-1,-1,-1
270,146,1346.93,133.83,50.94,70.72,0.9683,-1,-1,-1
270,191,580.74,218.5,40.57,94.1,0.9638,-1,-1,-1
270,204,1732.93,390.41,50.55,112.45,0.9632,-1,-1,-1
270,144,1010.93,246.33,29.67,89.14,0.9631,-1,-1,-1
270,175,1512.46,787.21,62.35,182.57,0.9616,-1,-1,-1
270,140,897.76,268.42,37.86,94.26,0.9563,-1,-1,-1
270,148,1767.61,137.29,34.84,69.04,0.9555,-1,-1,-1
270,206,1868.6,145.61,36.48,80.48,0.9499,-1,-1,-1
270,158,1250.65,119.85,26.14,77.89,0.9331,-1,-1,-1
270,147,909.11,205.58,30.49,72.7,0.928,-1,-1,-1
270,142,1471.35,212.15,30.29,65.66,0.924,-1,-1,-1
270,205,1479.38,245.86,38.5,97.18,0.8475,-1,-1,-1
270,207,1884.84,115.39,31.91,52.56,0.4923,-1,-1,-1
271,195,226.5,290.66,49.18,105.88,0.9732,-1,-1,-1
271,197,1525.32,373.84,42.4,116.53,0.9713,-1,-1,-1
271,154,1684.78,205.51,54.56,92.62,0.9693,-1,-1,-1
271,146,1341.18,135.1,49.62,70.56,0.9672,-1,-1,-1
271,136,1157.49,385.63,39.95,113.91,0.9635,-1,-1,-1
271,175,1498.83,788.83,62.73,182.82,0.9631,-1,-1,-1
271,206,1858.46,144.43,39.71,82.66,0.9613,-1,-1,-1
271,192,220.6,441.69,38.93,127.91,0.9571,-1,-1,-1
271,191,579.77,218.35,36.38,96.32,0.9558,-1,-1,-1
271,144,1006.57,247.13,29.17,89.64,0.9548,-1,-1,-1
271,148,1760.33,138.58,35.07,68.09,0.9531,-1,-1,-1
271,140,891.31,270.88,36.17,93.69,0.9518,-1,-1,-1
271,142,1463.56,212.23,28.75,62.08,0.944,-1,-1,-1
271,204,1716.66,395.56,49.5,103.97,0.9326,-1,-1,-1
271,147,904.26,205.92,29.77,78.56,0.9325,-1,-1,-1
271,205,1469.74,247.78,38.86,95.79,0.9276,-1,-1,-1
271,158,1249.04,122.29,23.59,76.67,0.9085,-1,-1,-1
272,195,226.48,290.68,49.21,105.85,0.9732,-1,-1,-1
272,197,1525.33,373.87,42.41,116.53,0.9712,-1,-1,-1
272,154,1684.76,205.49,54.61,92.66,0.9694,-1,-1,-1
272,146,1341.17,135.06,49.7,70.69,0.9673,-1,-1,-1
272,136,1157.42,385.62,40.03,113.95,0.9634,-1,-1,-1
272,175,1498.83,788.78,62.7,182.84,0.9631,-1,-1,-1
272,206,1858.46,144.7,39.76,82.54,0.9618,-1,-1,-1
272,192,220.61,441.67,38.92,128.0,0.957,-1,-1,-1
272,191,579.76,218.35,36.33,96.44,0.9558,-1,-1,-1
272,144,1006.55,247.11,29.2,89.63,0.9548,-1,-1,-1
272,148,1760.24,138.6,35.13,68.06,0.9528,-1,-1,-1
272,140,891.32,270.87,36.18,93.69,0.9514,-1,-1,-1
272,142,1463.57,212.23,28.73,62.05,0.9442,-1,-1,-1
272,147,904.21,205.98,29.82,78.54,0.9308,-1,-1,-1
272,204,1716.63,395.51,49.44,103.91,0.9292,-1,-1,-1
272,205,1469.72,247.79,38.86,95.74,0.9285,-1,-1,-1
272,158,1249.21,122.45,23.46,76.53,0.9066,-1,-1,-1
272,208,1907.43,233.71,12.41,88.13,0.5544,-1,-1,-1
273,146,1335.37,141.7,46.97,64.85,0.9731,-1,-1,-1
273,195,227.95,291.75,42.63,105.58,0.9725,-1,-1,-1
273,192,215.97,441.44,38.48,128.4,0.9674,-1,-1,-1
273,136,1148.83,386.4,39.3,113.02,0.9673,-1,-1,-1
273,197,1517.71,373.71,39.37,116.3,0.9669,-1,-1,-1
273,206,1850.24,141.75,40.55,85.34,0.965,-1,-1,-1
273,191,580.84,218.26,29.76,96.32,0.9606,-1,-1,-1
273,175,1482.8,790.58,64.85,181.64,0.9579,-1,-1,-1
273,205,1459.98,248.42,39.93,95.54,0.9561,-1,-1,-1
273,204,1698.38,396.75,50.75,103.99,0.9557,-1,-1,-1
273,144,999.93,246.89,30.66,94.34,0.9556,-1,-1,-1
273,154,1677.93,206.57,48.89,91.65,0.9546,-1,-1,-1
273,148,1754.58,139.66,33.25,68.15,0.9492,-1,-1,-1
273,140,885.71,271.83,34.12,92.52,0.9409,-1,-1,-1
273,142,1454.77,212.52,28.48,60.64,0.9351,-1,-1,-1
273,158,1243.03,124.6,24.39,75.64,0.9345,-1,-1,-1
273,147,897.82,207.44,29.51,77.36,0.9245,-1,-1,-1
273,208,1900.77,227.97,19.13,92.61,0.6857,-1,-1,-1
274,175,1454.12,793.8,81.2,177.48,0.9719,-1,-1,-1
274,197,1506.18,375.14,39.12,115.03,0.9705,-1,-1,-1
274,206,1841.24,147.59,41.72,81.82,0.9682,-1,-1,-1
274,146,1332.41,140.09,43.06,67.8,0.968,-1,-1,-1
274,154,1673.11,206.3,43.74,91.26,0.9679,-1,-1,-1
274,195,231.54,290.89,33.63,108.02,0.9636,-1,-1,-1
274,136,1142.12,386.01,36.53,112.54,0.9624,-1,-1,-1
274,144,992.65,248.66,33.57,95.46,0.9594,-1,-1,-1
274,191,576.81,217.76,29.32,94.9,0.9559,-1,-1,-1
274,205,1451.67,249.08,38.46,96.42,0.9539,-1,-1,-1
274,192,210.97,441.28,34.0,129.12,0.9503,-1,-1,-1
274,148,1748.46,140.98,31.6,68.04,0.9416,-1,-1,-1
274,142,1446.13,215.22,28.73,58.5,0.941,-1,-1,-1
274,158,1235.31,126.46,28.12,74.34,0.9345,-1,-1,-1
274,140,878.59,269.55,33.82,93.74,0.9344,-1,-1,-1
274,208,1890.97,233.19,28.97,87.78,0.9202,-1,-1,-1
274,204,1684.25,396.79,47.7,103.33,0.9157,-1,-1,-1
274,147,892.39,208.18,29.55,77.95,0.9152,-1,-1,-1
275,175,1432.56,799.0,89.94,175.36,0.9673,-1,-1,-1
275,208,1881.28,229.54,38.72,93.8,0.9664,-1,-1,-1
275,154,1669.36,206.12,37.31,92.77,0.9657,-1,-1,-1
275,197,1491.51,375.19,41.79,115.89,0.9628,-1,-1,-1
275,206,1834.2,150.82,39.28,80.35,0.9587,-1,-1,-1
275,144,988.44,250.24,32.25,96.17,0.9581,-1,-1,-1
275,158,1227.66,130.65,34.97,70.26,0.9574,-1,-1,-1
275,195,231.83,289.41,28.64,109.22,0.9571,-1,-1,-1
275,191,571.58,217.42,32.47,96.98,0.957,-1,-1,-1
275,146,1331.57,140.85,41.12,66.36,0.9537,-1,-1,-1
275,204,1670.53,397.34,49.06,102.2,0.9505,-1,-1,-1
275,136,1135.09,384.79,32.69,113.78,0.9476,-1,-1,-1
275,192,206.47,442.1,32.42,128.53,0.9474,-1,-1,-1
275,205,1442.12,250.16,37.9,94.93,0.9358,-1,-1,-1
275,140,872.07,271.64,33.25,94.09,0.9291,-1,-1,-1
275,148,1740.88,141.91,31.51,67.59,0.9271,-1,-1,-1
275,147,885.45,209.52,29.35,80.68,0.9217,-1,-1,-1
275,142,1437.85,218.22,28.65,56.38,0.8716,-1,-1,-1
276,175,1411.05,800.46,101.53,172.79,0.9785,-1,-1,-1
276,197,1477.39,376.51,43.98,114.98,0.971,-1,-1,-1
276,191,566.22,218.21,38.71,96.57,0.968,-1,-1,-1
276,148,1731.62,142.8,33.73,67.57,0.9593,-1,-1,-1
276,158,1219.12,138.31,39.21,63.05,0.9551,-1,-1,-1
276,206,1827.63,152.78,38.32,79.08,0.955,-1,-1,-1
276,195,230.13,288.22,29.87,108.96,0.9504,-1,-1,-1
276,204,1659.36,392.35,46.23,108.84,0.9486,-1,-1,-1
276,208,1874.18,228.16,42.25,94.02,0.9475,-1,-1,-1
276,154,1665.04,207.23,33.16,90.97,0.947,-1,-1,-1
276,140,865.23,272.49,33.69,95.37,0.9467,-1,-1,-1
276,144,983.41,255.69,33.28,92.9,0.9446,-1,-1,-1
276,192,200.65,444.73,32.4,125.48,0.944,-1,-1,-1
276,146,1331.07,144.99,30.44,64.37,0.9392,-1,-1,-1
276,136,1127.98,383.31,30.32,114.64,0.9382,-1,-1,-1
276,142,1429.89,220.11,28.31,53.33,0.9246,-1,-1,-1
276,147,880.39,213.21,29.61,71.83,0.9225,-1,-1,-1
276,205,1433.16,251.5,36.68,93.18,0.6263,-1,-1,-1
277,191,560.26,218.84,46.59,95.92,0.9731,-1,-1,-1
277,197,1466.56,376.72,43.3,114.15,0.9681,-1,-1,-1
277,204,1647.43,388.71,45.21,114.16,0.9679,-1,-1,-1
277,158,1211.67,130.58,41.5,72.05,0.9661,-1,-1,-1
277,195,226.56,287.2,31.66,110.18,0.9628,-1,-1,-1
277,208,1867.67,227.15,39.62,95.66,0.9582,-1,-1,-1
277,154,1659.42,206.65,30.73,92.6,0.9571,-1,-1,-1
277,148,1720.94,142.92,37.01,68.54,0.9546,-1,-1,-1
277,144,977.95,257.63,34.39,91.69,0.9523,-1,-1,-1
277,140,856.58,274.79,35.14,95.01,0.9518,-1,-1,-1
277,192,194.8,444.94,32.63,126.09,0.9477,-1,-1,-1
277,175,1398.05,803.68,109.02,166.64,0.9456,-1,-1,-1
277,146,1331.69,137.54,29.98,72.31,0.9409,-1,-1,-1
277,205,1424.01,250.21,36.59,93.36,0.9385,-1,-1,-1
277,147,873.98,215.44,30.04,79.23,0.9365,-1,-1,-1
277,136,1118.72,388.15,30.69,110.12,0.9361,-1,-1,-1
277,206,1823.0,157.3,34.75,75.64,0.8946,-1,-1,-1
277,142,1421.23,222.42,29.3,50.37,0.8121,-1,-1,-1
278,191,560.25,218.84,46.58,95.92,0.9732,-1,-1,-1
278,204,1647.42,388.66,45.32,114.2,0.9686,-1,-1,-1
278,197,1466.61,376.71,43.21,114.14,0.9679,-1,-1,-1
278,158,1211.67,130.45,41.53,72.17,0.966,-1,-1,-1
278,195,226.57,287.25,31.65,110.18,0.9627,-1,-1,-1
278,208,1867.67,227.1,39.71,95.66,0.9584,-1,-1,-1
278,154,1659.4,206.67,30.76,92.59,0.957,-1,-1,-1
278,148,1721.03,142.99,36.89,68.46,0.9549,-1,-1,-1
278,144,977.93,257.6,34.45,91.72,0.9525,-1,-1,-1
278,140,856.55,274.83,35.17,95.07,0.9509,-1,-1,-1
278,192,194.73,444.92,32.73,126.22,0.9479,-1,-1,-1
278,175,1398.13,804.06,108.8,166.36,0.9457,-1,-1,-1
278,146,1331.68,137.81,30.16,72.05,0.941,-1,-1,-1
278,205,1424.0,250.17,36.61,93.37,0.9394,-1,-1,-1
278,147,873.88,215.58,30.09,79.15,0.9365,-1,-1,-1
278,136,1118.79,388.13,30.64,110.08,0.9364,-1,-1,-1
278,206,1822.9,157.26,34.93,75.77,0.8962,-1,-1,-1
278,142,1421.27,222.24,29.27,50.57,0.8152,-1,-1,-1
279,191,555.47,220.19,49.25,95.58,0.9741,-1,-1,-1
279,197,1457.77,378.68,41.2,113.09,0.9688,-1,-1,-1
279,175,1384.81,801.01,108.83,173.84,0.966,-1,-1,-1
279,204,1635.08,390.85,44.22,110.97,0.9624,-1,-1,-1
279,144,973.29,257.32,33.84,91.69,0.9612,-1,-1,-1
279,158,1205.31,132.94,41.24,71.25,0.9604,-1,-1,-1
279,192,190.45,445.81,32.48,124.52,0.9585,-1,-1,-1
279,195,223.69,287.86,33.49,111.29,0.9585,-1,-1,-1
279,148,1710.64,142.87,39.0,69.84,0.954,-1,-1,-1
279,154,1652.15,208.24,29.81,91.98,0.9483,-1,-1,-1
279,140,849.78,275.85,35.82,98.63,0.9474,-1,-1,-1
279,147,868.86,217.71,30.55,69.46,0.9367,-1,-1,-1
279,136,1112.26,384.36,28.07,114.61,0.9348,-1,-1,-1
279,208,1860.68,226.31,36.04,96.91,0.9267,-1,-1,-1
279,146,1327.52,137.12,30.67,73.23,0.9174,-1,-1,-1
279,206,1818.26,156.34,32.31,77.19,0.9139,-1,-1,-1
279,205,1417.25,250.44,34.59,93.13,0.7219,-1,-1,-1
280,204,1621.45,393.36,43.97,110.14,0.9715,-1,-1,-1
280,209,1875.7,348.77,44.3,104.2,0.971,-1,-1,-1
280,191,552.46,221.96,46.61,94.77,0.9707,-1,-1,-1
280,197,1447.66,379.74,40.43,113.59,0.9689,-1,-1,-1
280,148,1701.16,143.74,41.26,70.01,0.9638,-1,-1,-1
280,158,1200.32,133.36,38.43,72.69,0.963,-1,-1,-1
280,192,184.07,447.08,34.19,124.49,0.9606,-1,-1,-1
280,195,221.68,288.45,33.93,111.97,0.9599,-1,-1,-1
280,144,967.98,257.82,33.29,91.44,0.9584,-1,-1,-1
280,154,1643.41,209.63,30.73,91.8,0.9537,-1,-1,-1
280,147,863.14,218.47,31.28,80.2,0.9524,-1,-1,-1
280,136,1104.7,387.21,27.79,112.16,0.9366,-1,-1,-1
280,140,842.37,276.44,36.37,99.55,0.9353,-1,-1,-1
280,208,1850.23,225.67,36.75,98.35,0.932,-1,-1,-1
280,146,1321.42,139.44,31.46,72.45,0.9296,-1,-1,-1
280,206,1812.24,154.92,30.3,79.47,0.9268,-1,-1,-1
280,175,1373.42,800.25,114.1,168.04,0.9228,-1,-1,-1
280,205,1409.05,250.8,33.61,91.73,0.7527,-1,-1,-1
281,209,1860.48,349.81,53.75,104.57,0.9714,-1,-1,-1
281,191,550.07,223.69,41.88,93.05,0.9709,-1,-1,-1
281,175,1364.21,797.75,104.88,171.65,0.9691,-1,-1,-1
281,197,1438.12,381.05,39.07,112.83,0.9676,-1,-1,-1
281,148,1691.25,146.77,42.81,68.56,0.9632,-1,-1,-1
281,204,1608.87,394.83,42.41,111.79,0.9632,-1,-1,-1
281,195,220.64,290.53,33.22,110.84,0.9623,-1,-1,-1
281,140,833.98,281.18,37.21,94.81,0.9601,-1,-1,-1
281,147,857.38,219.45,31.41,78.67,0.9587,-1,-1,-1
281,144,962.85,257.58,33.43,94.08,0.9565,-1,-1,-1
281,192,179.1,445.73,35.17,125.72,0.9518,-1,-1,-1
281,158,1196.44,134.97,34.03,71.45,0.9496,-1,-1,-1
281,146,1315.14,136.77,34.85,76.84,0.9447,-1,-1,-1
281,206,1803.56,156.56,32.33,80.2,0.9421,-1,-1,-1
281,154,1632.49,211.75,33.65,90.97,0.9413,-1,-1,-1
281,208,1840.48,226.72,37.95,98.1,0.9411,-1,-1,-1
281,136,1096.32,388.17,29.75,110.76,0.9387,-1,-1,-1
282,209,1847.58,350.24,53.83,105.9,0.9734,-1,-1,-1
282,191,550.1,225.74,36.12,91.41,0.9674,-1,-1,-1
282,195,218.3,293.28,34.84,111.22,0.9656,-1,-1,-1
282,144,957.78,257.51,33.5,93.26,0.9655,-1,-1,-1
282,197,1428.73,381.65,37.62,112.06,0.9654,-1,-1,-1
282,192,175.7,445.52,36.73,124.86,0.9626,-1,-1,-1
282,148,1681.73,147.85,43.81,68.61,0.9622,-1,-1,-1
282,154,1622.36,213.56,35.68,89.55,0.9571,-1,-1,-1
282,204,1595.62,399.66,39.09,107.25,0.9563,-1,-1,-1
282,147,851.35,217.86,31.59,83.36,0.9552,-1,-1,-1
282,146,1308.59,143.52,36.59,70.19,0.9513,-1,-1,-1
282,175,1355.17,795.02,97.93,171.14,0.9511,-1,-1,-1
282,208,1831.42,228.01,36.76,98.01,0.9491,-1,-1,-1
282,140,827.8,283.32,35.8,93.57,0.9474,-1,-1,-1
282,158,1194.36,137.84,27.65,69.34,0.9444,-1,-1,-1
282,136,1088.87,386.84,30.28,111.42,0.922,-1,-1,-1
282,206,1793.41,156.22,34.11,81.85,0.9208,-1,-1,-1
282,205,1390.93,251.79,33.77,92.79,0.6033,-1,-1,-1
282,142,1391.91,224.02,29.12,50.51,0.364,-1,-1,-1
283,209,1832.95,350.34,55.35,106.86,0.9715,-1,-1,-1
283,175,1344.32,793.25,81.35,173.92,0.9695,-1,-1,-1
283,148,1675.08,150.07,41.6,67.78,0.9695,-1,-1,-1
283,195,216.27,295.64,47.03,110.13,0.9687,-1,-1,-1
283,144,951.55,259.15,34.31,96.99,0.9683,-1,-1,-1
283,197,1418.68,381.55,36.29,112.23,0.9657,-1,-1,-1
283,192,170.76,447.23,39.83,122.81,0.965,-1,-1,-1
283,191,551.11,226.2,31.29,92.48,0.9632,-1,-1,-1
283,154,1612.71,216.03,37.72,87.34,0.9626,-1,-1,-1
283,140,820.82,284.33,34.69,93.22,0.957,-1,-1,-1
283,146,1304.77,149.72,35.49,66.37,0.952,-1,-1,-1
283,208,1823.52,230.32,35.23,99.31,0.9514,-1,-1,-1
283,147,846.78,219.04,30.64,85.64,0.9457,-1,-1,-1
283,204,1584.46,400.0,36.56,106.45,0.9411,-1,-1,-1
283,136,1078.74,388.75,34.79,109.55,0.9366,-1,-1,-1
283,158,1192.46,134.3,22.83,73.98,0.9356,-1,-1,-1
283,206,1784.15,158.23,34.0,80.94,0.9345,-1,-1,-1
283,205,1382.1,252.22,34.29,96.48,0.929,-1,-1,-1
283,142,1382.95,225.66,30.85,47.56,0.7601,-1,-1,-1
283,210,510.94,114.12,37.23,62.74,0.7238,-1,-1,-1
284,209,1832.93,350.36,55.36,106.8,0.9714,-1,-1,-1
284,175,1344.36,793.33,81.31,173.87,0.9696,-1,-1,-1
284,148,1675.15,150.11,41.55,67.76,0.9695,-1,-1,-1
284,195,216.3,295.62,46.93,110.26,0.9688,-1,-1,-1
284,144,951.53,259.1,34.38,97.05,0.9682,-1,-1,-1
284,197,1418.65,381.53,36.36,112.28,0.9657,-1,-1,-1
284,192,170.77,447.2,39.79,122.86,0.965,-1,-1,-1
284,154,1612.63,216.05,37.81,87.38,0.9631,-1,-1,-1
284,191,551.11,226.19,31.27,92.48,0.963,-1,-1,-1
284,140,820.82,284.29,34.69,93.26,0.9572,-1,-1,-1
284,146,1304.78,149.62,35.48,66.47,0.9512,-1,-1,-1
284,208,1823.52,230.34,35.28,99.29,0.9511,-1,-1,-1
284,147,846.78,219.05,30.63,85.57,0.9456,-1,-1,-1
284,204,1584.6,398.8,35.55,107.47,0.9419,-1,-1,-1
284,158,1192.46,134.04,22.85,74.2,0.9381,-1,-1,-1
284,136,1078.73,388.85,34.84,109.5,0.9361,-1,-1,-1
284,206,1784.13,158.47,34.01,80.71,0.934,-1,-1,-1
284,205,1382.15,252.26,34.21,96.34,0.9298,-1,-1,-1
284,142,1382.94,225.65,30.85,47.51,0.765,-1,-1,-1
284,210,510.95,114.07,37.23,62.79,0.7431,-1,-1,-1
285,195,213.3,300.99,44.53,106.98,0.9756,-1,-1,-1
285,192,166.23,447.07,42.9,122.75,0.9706,-1,-1,-1
285,209,1820.12,351.7,52.96,105.11,0.9665,-1,-1,-1
285,175,1327.58,789.77,71.08,174.6,0.9646,-1,-1,-1
285,154,1601.76,216.69,39.95,88.57,0.9644,-1,-1,-1
285,144,946.16,260.15,34.21,98.55,0.9644,-1,-1,-1
285,148,1668.77,151.32,40.55,67.77,0.9621,-1,-1,-1
285,208,1813.82,233.55,35.18,97.37,0.9609,-1,-1,-1
285,191,552.19,226.81,28.45,91.78,0.9602,-1,-1,-1
285,197,1409.13,381.87,36.32,111.39,0.96,-1,-1,-1
285,147,841.25,220.41,31.08,85.05,0.9549,-1,-1,-1
285,140,815.52,285.08,35.8,95.4,0.9546,-1,-1,-1
285,136,1070.52,389.73,35.79,108.79,0.9504,-1,-1,-1
285,146,1303.06,146.11,32.16,72.78,0.9309,-1,-1,-1
285,206,1777.17,161.38,33.63,79.67,0.9307,-1,-1,-1
285,158,1188.23,133.91,23.48,73.85,0.9031,-1,-1,-1
285,204,1573.59,402.3,32.16,103.76,0.826,-1,-1,-1
286,192,160.76,448.89,46.65,121.24,0.9765,-1,-1,-1
286,195,209.76,305.06,48.12,102.75,0.9747,-1,-1,-1
286,144,939.49,263.12,35.41,99.16,0.9685,-1,-1,-1
286,154,1594.65,217.44,38.69,87.29,0.9668,-1,-1,-1
286,140,808.27,282.83,37.37,99.5,0.9618,-1,-1,-1
286,209,1807.19,351.82,44.86,103.94,0.9615,-1,-1,-1
286,208,1804.83,236.88,35.91,94.99,0.9573,-1,-1,-1
286,197,1399.54,381.49,35.07,112.76,0.957,-1,-1,-1
286,191,550.99,226.79,29.01,92.41,0.9568,-1,-1,-1
286,148,1664.17,152.53,37.35,66.09,0.9566,-1,-1,-1
286,175,1311.89,785.47,63.53,176.15,0.9531,-1,-1,-1
286,147,836.04,222.93,29.94,84.47,0.9527,-1,-1,-1
286,206,1770.85,160.15,32.18,81.8,0.943,-1,-1,-1
286,158,1183.96,137.23,22.61,72.63,0.9404,-1,-1,-1
286,136,1061.83,388.62,39.18,110.14,0.9176,-1,-1,-1
286,204,1557.18,396.61,33.56,107.68,0.9175,-1,-1,-1
286,146,1302.29,146.91,28.21,72.29,0.9103,-1,-1,-1
287,192,155.42,450.48,51.25,119.95,0.9754,-1,-1,-1
287,195,207.04,308.65,47.37,100.63,0.9718,-1,-1,-1
287,144,933.64,267.48,35.21,94.52,0.9688,-1,-1,-1
287,208,1794.63,239.9,38.03,91.97,0.9664,-1,-1,-1
287,140,802.19,284.17,37.65,98.92,0.9635,-1,-1,-1
287,191,546.36,226.96,29.35,91.88,0.9577,-1,-1,-1
287,154,1589.84,217.93,35.3,88.39,0.9552,-1,-1,-1
287,136,1055.62,389.08,37.79,108.91,0.9548,-1,-1,-1
287,175,1295.6,785.28,63.82,172.23,0.9542,-1,-1,-1
287,209,1795.12,351.21,38.35,104.69,0.9542,-1,-1,-1
287,148,1662.35,151.81,32.74,68.84,0.948,-1,-1,-1
287,197,1390.76,381.28,34.89,112.91,0.9468,-1,-1,-1
287,206,1764.44,165.04,29.58,77.83,0.9451,-1,-1,-1
287,158,1176.27,142.59,26.89,67.53,0.9272,-1,-1,-1
287,147,830.98,224.96,28.28,82.72,0.9268,-1,-1,-1
287,146,1302.09,149.52,25.01,70.38,0.9227,-1,-1,-1
287,204,1545.21,396.9,33.01,107.47,0.9111,-1,-1,-1
288,192,149.2,451.52,54.89,119.36,0.9726,-1,-1,-1
288,175,1279.01,782.1,66.55,175.67,0.9723,-1,-1,-1
288,208,1784.61,240.18,40.19,93.14,0.9674,-1,-1,-1
288,197,1381.71,382.93,37.84,110.86,0.9663,-1,-1,-1
288,144,928.18,270.89,33.6,91.98,0.9654,-1,-1,-1
288,195,203.7,309.04,44.63,102.24,0.965,-1,-1,-1
288,140,795.88,286.54,37.79,97.94,0.9649,-1,-1,-1
288,191,540.51,227.74,34.18,92.56,0.9626,-1,-1,-1
288,154,1584.5,218.59,33.48,88.18,0.9537,-1,-1,-1
288,209,1782.23,350.08,32.71,105.53,0.9534,-1,-1,-1
288,148,1654.25,151.61,33.84,70.65,0.9512,-1,-1,-1
288,206,1757.7,167.58,29.39,76.77,0.9486,-1,-1,-1
288,147,825.88,229.24,27.34,82.46,0.9452,-1,-1,-1
288,146,1295.67,153.79,29.58,67.38,0.9446,-1,-1,-1
288,204,1529.92,399.32,36.56,106.52,0.9423,-1,-1,-1
288,136,1046.2,388.87,40.92,108.65,0.9385,-1,-1,-1
288,158,1168.47,144.44,35.42,67.75,0.9332,-1,-1,-1
289,192,144.3,451.85,60.44,119.49,0.9715,-1,-1,-1
289,191,534.11,228.2,43.47,91.9,0.9689,-1,-1,-1
289,208,1775.35,241.03,40.73,94.1,0.9687,-1,-1,-1
289,195,199.54,310.91,41.31,103.01,0.9669,-1,-1,-1
289,175,1267.13,782.81,69.19,173.59,0.9652,-1,-1,-1
289,144,923.04,271.39,33.26,89.91,0.9643,-1,-1,-1
289,204,1513.78,397.71,44.55,108.23,0.962,-1,-1,-1
289,197,1370.63,383.04,41.35,112.06,0.962,-1,-1,-1
289,158,1160.77,138.13,41.58,74.31,0.9595,-1,-1,-1
289,148,1647.81,150.4,34.51,73.87,0.9581,-1,-1,-1
289,146,1289.53,148.85,33.17,71.43,0.9566,-1,-1,-1
289,154,1577.9,218.8,32.24,88.13,0.9546,-1,-1,-1
289,209,1767.81,350.25,31.95,103.8,0.9527,-1,-1,-1
289,140,791.15,290.04,37.25,98.11,0.9514,-1,-1,-1
289,147,818.87,231.17,28.49,78.94,0.9457,-1,-1,-1
289,206,1750.15,166.82,30.48,77.03,0.9457,-1,-1,-1
289,136,1038.55,388.98,41.82,109.41,0.9374,-1,-1,-1
290,192,144.3,451.85,60.46,119.49,0.9715,-1,-1,-1
290,191,534.02,228.18,43.59,91.9,0.969,-1,-1,-1
290,208,1775.36,241.0,40.7,94.1,0.9687,-1,-1,-1
290,195,199.56,310.89,41.38,103.07,0.9671,-1,-1,-1
290,175,1267.09,782.9,69.24,173.6,0.9652,-1,-1,-1
290,144,923.03,271.37,33.23,89.94,0.9645,-1,-1,-1
290,197,1370.67,383.03,41.31,112.08,0.9619,-1,-1,-1
290,204,1513.65,397.69,44.62,108.27,0.9619,-1,-1,-1
290,158,1160.78,138.07,41.59,74.32,0.9599,-1,-1,-1
290,148,1647.76,150.36,34.56,73.98,0.958,-1,-1,-1
290,146,1289.49,148.77,33.16,71.57,0.9566,-1,-1,-1
290,140,791.05,289.65,37.55,98.52,0.9553,-1,-1,-1
290,154,1577.83,218.79,32.32,88.19,0.9545,-1,-1,-1
290,209,1767.82,350.24,32.02,103.85,0.9534,-1,-1,-1
290,147,818.9,231.17,28.47,79.17,0.9464,-1,-1,-1
290,206,1750.18,166.74,30.46,77.17,0.9456,-1,-1,-1
290,136,1038.67,388.97,41.69,109.44,0.9382,-1,-1,-1
291,175,1247.5,785.77,80.36,166.93,0.9744,-1,-1,-1
291,197,1361.08,383.68,46.06,111.99,0.9715,-1,-1,-1
291,192,138.3,452.92,63.5,119.7,0.9697,-1,-1,-1
291,204,1496.88,399.3,50.94,108.51,0.9692,-1,-1,-1
291,208,1765.1,242.35,41.67,92.0,0.9687,-1,-1,-1
291,195,197.27,311.69,37.77,104.26,0.9666,-1,-1,-1
291,140,785.33,289.87,38.49,99.05,0.9623,-1,-1,-1
291,146,1281.66,152.04,37.34,69.81,0.9618,-1,-1,-1
291,144,917.99,272.03,33.73,90.34,0.961,-1,-1,-1
291,158,1154.13,141.31,43.41,71.56,0.9577,-1,-1,-1
291,154,1572.14,219.12,30.25,87.23,0.9538,-1,-1,-1
291,191,528.2,229.49,47.22,91.41,0.9535,-1,-1,-1
291,148,1639.85,150.68,36.3,74.77,0.949,-1,-1,-1
291,209,1754.08,350.14,34.02,104.19,0.9486,-1,-1,-1
291,136,1030.19,389.42,41.93,108.12,0.9436,-1,-1,-1
291,206,1742.63,167.67,30.88,77.31,0.9287,-1,-1,-1
291,147,813.33,231.79,28.46,77.99,0.9263,-1,-1,-1
292,175,1228.9,785.88,91.81,168.96,0.9747,-1,-1,-1
292,192,132.67,453.41,63.27,119.38,0.9742,-1,-1,-1
292,191,521.96,230.65,50.14,90.13,0.9725,-1,-1,-1
292,208,1755.55,242.28,42.9,92.77,0.9695,-1,-1,-1
292,195,195.19,314.11,35.7,103.5,0.9695,-1,-1,-1
292,140,780.3,292.45,37.0,97.46,0.9692,-1,-1,-1
292,197,1349.89,384.23,50.13,112.31,0.9679,-1,-1,-1
292,146,1275.91,149.56,40.86,73.2,0.9672,-1,-1,-1
292,209,1738.89,351.7,38.0,102.53,0.9659,-1,-1,-1
292,158,1148.63,142.63,40.78,70.92,0.9611,-1,-1,-1
292,154,1565.31,219.35,30.35,86.91,0.9606,-1,-1,-1
292,148,1632.96,152.03,37.53,73.07,0.9599,-1,-1,-1
292,206,1732.56,168.36,34.06,78.59,0.9582,-1,-1,-1
292,144,912.95,271.81,33.47,90.68,0.9582,-1,-1,-1
292,204,1483.35,402.92,56.86,106.85,0.9579,-1,-1,-1
292,136,1025.06,388.54,41.6,109.76,0.9504,-1,-1,-1
292,147,808.32,232.42,27.12,80.02,0.9504,-1,-1,-1
292,211,1896.74,352.87,22.85,118.75,0.8802,-1,-1,-1
292,205,1322.22,260.63,35.08,92.38,0.5778,-1,-1,-1
293,209,1721.21,352.35,46.31,101.4,0.9758,-1,-1,-1
293,192,128.18,453.82,63.09,119.34,0.9755,-1,-1,-1
293,208,1748.93,242.79,41.06,92.94,0.9719,-1,-1,-1
293,175,1218.65,787.69,94.37,163.23,0.9699,-1,-1,-1
293,146,1271.3,147.16,43.7,77.55,0.9692,-1,-1,-1
293,204,1474.52,405.38,54.61,104.5,0.9678,-1,-1,-1
293,191,516.33,231.78,50.78,89.76,0.967,-1,-1,-1
293,136,1018.23,390.09,41.68,107.73,0.9655,-1,-1,-1
293,197,1338.7,385.53,54.99,111.27,0.9653,-1,-1,-1
293,206,1722.84,168.28,37.21,80.17,0.9637,-1,-1,-1
293,144,907.2,272.5,33.48,93.35,0.9596,-1,-1,-1
293,154,1558.15,220.51,30.52,86.99,0.9595,-1,-1,-1
293,195,194.34,313.19,33.56,105.3,0.9576,-1,-1,-1
293,147,803.82,231.96,26.28,82.93,0.952,-1,-1,-1
293,140,776.86,293.17,33.92,98.23,0.9517,-1,-1,-1
293,148,1628.44,153.26,35.81,75.48,0.9514,-1,-1,-1
293,158,1143.1,152.12,39.46,61.91,0.9511,-1,-1,-1
293,211,1884.99,357.95,35.01,111.62,0.8937,-1,-1,-1
294,192,124.28,453.94,63.2,119.23,0.9751,-1,-1,-1
294,191,513.43,233.26,47.17,87.64,0.9712,-1,-1,-1
294,197,1329.45,386.07,56.94,111.1,0.9711,-1,-1,-1
294,209,1703.81,353.13,55.93,101.15,0.971,-1,-1,-1
294,175,1204.73,787.39,98.12,162.48,0.97,-1,-1,-1
294,206,1713.76,169.87,39.29,78.91,0.9689,-1,-1,-1
294,204,1465.52,406.5,51.67,103.19,0.968,-1,-1,-1
294,144,901.68,271.91,33.27,97.01,0.9655,-1,-1,-1
294,208,1743.46,242.44,38.48,93.45,0.9655,-1,-1,-1
294,136,1015.02,390.36,41.4,106.59,0.9645,-1,-1,-1
294,154,1551.65,220.35,30.31,89.27,0.9642,-1,-1,-1
294,146,1269.18,156.92,40.12,68.98,0.9632,-1,-1,-1
294,195,193.5,312.61,30.98,105.52,0.9556,-1,-1,-1
294,147,798.13,231.79,26.43,85.68,0.9516,-1,-1,-1
294,211,1874.63,361.05,39.74,107.65,0.9505,-1,-1,-1
294,148,1624.74,156.18,32.15,72.54,0.9494,-1,-1,-1
294,158,1138.97,149.43,36.11,65.41,0.9472,-1,-1,-1
294,140,771.88,295.53,32.71,94.86,0.8888,-1,-1,-1
295,175,1193.32,785.37,95.65,163.16,0.9754,-1,-1,-1
295,192,122.28,454.13,60.8,118.7,0.9747,-1,-1,-1
295,206,1706.92,172.52,39.83,77.05,0.9715,-1,-1,-1
295,209,1688.42,353.78,61.51,100.07,0.9707,-1,-1,-1
295,136,1007.59,391.26,43.92,105.45,0.9704,-1,-1,-1
295,204,1455.68,407.86,46.98,101.82,0.9698,-1,-1,-1
295,191,511.01,232.53,43.98,88.41,0.969,-1,-1,-1
295,197,1321.87,387.42,55.52,110.75,0.9677,-1,-1,-1
295,154,1543.56,221.75,33.6,88.54,0.959,-1,-1,-1
295,144,894.69,274.39,34.83,94.76,0.9574,-1,-1,-1
295,195,193.47,312.47,28.2,104.67,0.9569,-1,-1,-1
295,208,1739.16,239.77,35.14,96.17,0.9567,-1,-1,-1
295,140,767.37,293.37,31.59,97.53,0.9526,-1,-1,-1
295,147,792.91,232.69,25.43,84.07,0.9504,-1,-1,-1
295,211,1861.89,366.21,41.33,101.03,0.9495,-1,-1,-1
295,146,1267.87,156.97,36.52,69.44,0.9485,-1,-1,-1
295,148,1619.97,157.57,29.33,71.86,0.9447,-1,-1,-1
295,158,1137.57,147.56,30.36,67.01,0.9252,-1,-1,-1
296,175,1193.33,785.37,95.65,163.14,0.9753,-1,-1,-1
296,192,122.26,454.12,60.91,118.71,0.9747,-1,-1,-1
296,206,1706.91,172.5,39.97,77.06,0.9713,-1,-1,-1
296,136,1007.58,391.27,43.95,105.38,0.9702,-1,-1,-1
296,209,1688.22,353.75,61.69,100.07,0.9701,-1,-1,-1
296,204,1455.68,407.95,46.9,101.73,0.9691,-1,-1,-1
296,191,511.0,232.54,44.01,88.41,0.9689,-1,-1,-1
296,197,1321.9,387.36,55.47,110.85,0.9676,-1,-1,-1
296,154,1543.53,221.75,33.68,88.56,0.959,-1,-1,-1
296,144,894.7,274.38,34.82,94.85,0.9574,-1,-1,-1
296,195,193.44,312.45,28.22,104.66,0.957,-1,-1,-1
296,208,1739.16,239.76,35.15,96.16,0.9567,-1,-1,-1
296,140,767.33,293.29,31.6,97.71,0.9542,-1,-1,-1
296,147,792.93,232.72,25.4,84.04,0.9505,-1,-1,-1
296,146,1267.88,157.34,36.64,69.05,0.95,-1,-1,-1
296,211,1861.9,366.94,41.27,100.24,0.9494,-1,-1,-1
296,148,1620.02,157.64,29.42,71.83,0.9451,-1,-1,-1
296,158,1137.57,147.49,30.43,66.98,0.9274,-1,-1,-1
297,175,1182.62,784.59,87.84,160.27,0.9799,-1,-1,-1
297,209,1675.12,353.57,64.63,99.92,0.973,-1,-1,-1
297,192,122.88,453.91,55.48,117.76,0.9726,-1,-1,-1
297,206,1700.88,172.95,40.58,78.87,0.9709,-1,-1,-1
297,136,1003.77,392.12,41.45,104.29,0.9705,-1,-1,-1
297,197,1311.31,387.87,57.09,112.36,0.9686,-1,-1,-1
297,154,1536.49,222.09,36.83,88.7,0.9672,-1,-1,-1
297,191,509.49,232.64,40.62,88.17,0.9659,-1,-1,-1
297,144,888.94,276.45,35.45,94.57,0.9643,-1,-1,-1
297,208,1733.7,240.11,32.96,95.93,0.9574,-1,-1,-1
297,147,786.85,234.86,27.47,81.32,0.9564,-1,-1,-1
297,195,192.51,312.65,27.69,104.69,0.9558,-1,-1,-1
297,204,1446.27,408.95,43.11,101.39,0.9556,-1,-1,-1
297,148,1616.38,157.55,25.88,71.53,0.9425,-1,-1,-1
297,140,761.14,294.33,32.43,99.33,0.9225,-1,-1,-1
297,158,1137.96,153.69,25.14,61.14,0.9223,-1,-1,-1
297,146,1271.0,159.58,30.48,66.32,0.9189,-1,-1,-1
297,211,1850.28,370.93,35.14,95.37,0.8408,-1,-1,-1
298,192,123.23,453.28,50.85,117.79,0.9758,-1,-1,-1
298,209,1662.94,354.09,66.86,99.21,0.9753,-1,-1,-1
298,175,1173.31,783.11,77.27,158.98,0.9718,-1,-1,-1
298,136,999.19,393.56,40.05,102.68,0.9711,-1,-1,-1
298,204,1437.59,406.83,40.6,103.71,0.9659,-1,-1,-1
298,154,1529.84,223.87,38.07,86.44,0.963,-1,-1,-1
298,197,1302.58,387.33,56.46,114.44,0.9619,-1,-1,-1
298,144,883.63,279.35,35.92,90.96,0.9617,-1,-1,-1
298,206,1696.4,175.45,39.36,76.76,0.9604,-1,-1,-1
298,195,190.06,312.23,30.08,105.64,0.9586,-1,-1,-1
298,140,756.31,295.42,32.28,99.21,0.9533,-1,-1,-1
298,148,1609.57,157.47,26.27,70.52,0.9465,-1,-1,-1
298,147,781.42,235.72,28.57,79.26,0.9462,-1,-1,-1
298,208,1728.04,239.78,32.04,96.81,0.9438,-1,-1,-1
298,211,1835.67,361.72,38.8,102.91,0.9315,-1,-1,-1
298,191,510.58,232.72,34.51,87.24,0.9287,-1,-1,-1
298,158,1137.03,155.44,22.05,60.03,0.9076,-1,-1,-1
298,146,1272.91,152.38,26.8,72.27,0.9026,-1,-1,-1
299,192,124.73,453.27,45.25,117.92,0.9763,-1,-1,-1
299,175,1167.22,781.58,63.13,157.05,0.9722,-1,-1,-1
299,209,1650.48,354.06,66.36,98.0,0.9718,-1,-1,-1
299,136,994.61,393.84,38.04,102.25,0.9685,-1,-1,-1
299,144,880.81,280.75,33.18,89.9,0.9641,-1,-1,-1
299,154,1522.97,224.55,36.77,87.61,0.9635,-1,-1,-1
299,195,186.08,314.11,33.05,105.44,0.96,-1,-1,-1
299,197,1295.31,389.09,52.11,111.0,0.9593,-1,-1,-1
299,191,510.4,232.86,28.82,88.47,0.9576,-1,-1,-1
299,148,1601.89,157.23,30.03,73.11,0.9548,-1,-1,-1
299,208,1720.78,239.64,31.45,96.46,0.9533,-1,-1,-1
299,211,1823.34,362.24,37.93,104.88,0.9481,-1,-1,-1
299,204,1427.8,408.05,38.48,102.54,0.9459,-1,-1,-1
299,206,1694.58,175.14,37.62,77.61,0.9436,-1,-1,-1
299,146,1267.47,154.6,30.42,71.65,0.9384,-1,-1,-1
299,147,778.47,240.96,28.16,79.74,0.9351,-1,-1,-1
299,140,749.71,297.78,32.94,97.28,0.9288,-1,-1,-1
299,158,1134.13,148.22,20.92,68.4,0.922,-1,-1,-1
300,175,1158.48,780.35,50.87,155.58,0.9765,-1,-1,-1
300,192,126.62,453.7,42.77,118.56,0.9733,-1,-1,-1
300,197,1290.15,388.02,46.64,113.22,0.9728,-1,-1,-1
300,195,183.94,317.12,38.15,103.59,0.9674,-1,-1,-1
300,209,1640.55,355.61,58.49,96.74,0.9673,-1,-1,-1
300,154,1515.25,226.24,36.36,85.84,0.967,-1,-1,-1
300,144,876.78,280.44,32.26,91.03,0.9625,-1,-1,-1
300,148,1593.7,157.86,33.19,73.24,0.9609,-1,-1,-1
300,191,510.91,232.43,23.83,88.92,0.9531,-1,-1,-1
300,146,1261.6,154.79,34.49,71.81,0.9488,-1,-1,-1
300,136,989.56,394.17,37.02,102.07,0.9473,-1,-1,-1
300,215,1877.12,594.67,41.69,119.9,0.9429,-1,-1,-1
300,147,774.23,242.98,29.06,75.64,0.9397,-1,-1,-1
300,208,1714.11,240.54,30.88,97.33,0.9379,-1,-1,-1
300,158,1127.65,150.1,25.41,66.95,0.9352,-1,-1,-1
300,206,1692.37,176.6,33.79,76.19,0.9306,-1,-1,-1
300,211,1811.23,361.17,37.97,106.69,0.9265,-1,-1,-1
300,204,1420.45,409.8,38.63,102.22,0.9192,-1,-1,-1
300,140,745.29,302.49,35.35,96.96,0.9163,-1,-1,-1
301,195,179.52,320.06,43.25,100.99,0.9706,-1,-1,-1
301,148,1585.78,157.65,37.9,74.54,0.9684,-1,-1,-1
301,154,1507.4,226.87,36.59,86.89,0.9679,-1,-1,-1
301,197,1286.11,387.89,41.62,111.88,0.9676,-1,-1,-1
301,136,983.36,394.05,36.93,102.05,0.9647,-1,-1,-1
301,209,1630.67,356.01,51.02,96.86,0.9626,-1,-1,-1
301,146,1257.21,154.38,37.48,73.93,0.9622,-1,-1,-1
301,158,1120.81,152.39,31.75,65.38,0.9585,-1,-1,-1
301,192,126.86,455.31,39.82,118.91,0.9577,-1,-1,-1
301,175,1152.64,777.4,41.65,161.28,0.9565,-1,-1,-1
301,206,1689.69,175.41,31.59,76.34,0.9532,-1,-1,-1
301,215,1862.36,583.41,50.73,130.25,0.9516,-1,-1,-1
301,208,1708.3,243.11,31.01,97.5,0.9506,-1,-1,-1
301,144,872.19,281.26,31.69,90.12,0.95,-1,-1,-1
301,191,509.36,232.74,24.83,87.15,0.95,-1,-1,-1
301,147,770.53,243.09,29.17,78.5,0.9486,-1,-1,-1
301,211,1799.37,364.32,38.67,104.55,0.946,-1,-1,-1
301,140,738.8,305.26,36.87,100.55,0.9455,-1,-1,-1
301,204,1414.38,406.69,36.49,104.58,0.9025,-1,-1,-1
301,216,738.9,303.32,29.96,37.06,0.5135,-1,-1,-1
302,195,179.52,319.97,43.42,101.06,0.9706,-1,-1,-1
302,148,1586.08,157.13,37.94,74.06,0.9683,-1,-1,-1
302,154,1507.49,226.84,36.51,86.95,0.968,-1,-1,-1
302,197,1286.13,387.89,41.6,111.85,0.9674,-1,-1,-1
302,136,983.36,394.05,36.9,102.05,0.9646,-1,-1,-1
302,209,1630.63,356.03,51.04,96.83,0.9623,-1,-1,-1
302,146,1257.21,154.38,37.5,73.95,0.9621,-1,-1,-1
302,158,1120.8,152.2,31.82,65.66,0.9587,-1,-1,-1
302,192,126.84,455.31,40.04,118.98,0.958,-1,-1,-1
302,175,1152.55,777.3,41.75,161.43,0.957,-1,-1,-1
302,206,1689.67,175.39,31.59,76.4,0.9533,-1,-1,-1
302,208,1708.26,243.12,31.05,97.49,0.9508,-1,-1,-1
302,215,1862.41,583.33,50.73,130.33,0.9508,-1,-1,-1
302,144,872.12,281.25,31.78,90.17,0.95,-1,-1,-1
302,191,509.37,232.71,24.82,87.17,0.9496,-1,-1,-1
302,147,770.55,243.09,29.13,78.49,0.9486,-1,-1,-1
302,140,738.69,305.26,37.05,100.53,0.9468,-1,-1,-1
302,211,1799.4,364.36,38.62,104.48,0.9459,-1,-1,-1
302,204,1414.45,406.8,36.36,104.54,0.8995,-1,-1,-1
302,216,738.83,303.36,29.97,37.05,0.503,-1,-1,-1
303,195,176.22,322.62,45.68,99.56,0.9752,-1,-1,-1
303,175,1136.01,776.88,49.34,160.23,0.9726,-1,-1,-1
303,148,1580.25,159.93,37.8,72.86,0.9702,-1,-1,-1
303,197,1277.96,387.75,42.6,111.55,0.9681,-1,-1,-1
303,154,1503.27,226.89,33.71,86.49,0.9673,-1,-1,-1
303,146,1254.61,155.54,38.51,72.11,0.9656,-1,-1,-1
303,140,733.72,304.66,38.24,100.7,0.9647,-1,-1,-1
303,144,867.98,279.84,31.02,94.18,0.9624,-1,-1,-1
303,158,1114.5,150.82,37.89,67.46,0.9568,-1,-1,-1
303,209,1622.27,357.88,44.85,95.03,0.9559,-1,-1,-1
303,147,766.65,242.72,29.79,79.21,0.9532,-1,-1,-1
303,136,978.01,394.48,35.7,102.64,0.9531,-1,-1,-1
303,191,505.9,232.89,24.68,87.78,0.9513,-1,-1,-1
303,215,1853.09,579.8,45.65,130.47,0.9501,-1,-1,-1
303,208,1701.14,247.24,32.17,93.66,0.95,-1,-1,-1
303,192,124.42,456.57,43.48,118.77,0.9494,-1,-1,-1
303,211,1787.98,366.31,39.96,102.03,0.9481,-1,-1,-1
303,206,1684.28,175.08,32.55,78.35,0.9375,-1,-1,-1
303,204,1407.36,406.2,35.43,104.33,0.9087,-1,-1,-1
304,195,172.06,325.56,47.98,98.3,0.9745,-1,-1,-1
304,209,1594.32,357.43,64.79,93.26,0.9707,-1,-1,-1
304,175,1109.74,774.39,68.53,162.13,0.9685,-1,-1,-1
304,146,1251.93,156.27,41.41,73.47,0.9667,-1,-1,-1
304,154,1496.99,227.45,33.6,86.0,0.9647,-1,-1,-1
304,192,121.92,458.66,49.79,116.94,0.9645,-1,-1,-1
304,148,1574.83,162.44,39.27,72.14,0.9635,-1,-1,-1
304,144,862.63,279.59,32.29,97.74,0.9634,-1,-1,-1
304,140,728.2,305.01,39.31,99.2,0.9634,-1,-1,-1
304,136,971.27,394.72,37.0,102.06,0.9619,-1,-1,-1
304,158,1109.08,153.55,40.54,65.49,0.9613,-1,-1,-1
304,147,762.39,242.67,30.11,78.95,0.9528,-1,-1,-1
304,197,1275.77,388.38,36.92,110.44,0.9511,-1,-1,-1
304,215,1839.71,587.47,47.5,126.3,0.9509,-1,-1,-1
304,191,501.04,234.07,29.39,87.03,0.9494,-1,-1,-1
304,208,1693.98,248.79,34.3,92.11,0.9472,-1,-1,-1
304,211,1781.25,376.21,36.73,91.59,0.9003,-1,-1,-1
304,204,1400.43,410.64,34.12,103.37,0.8811,-1,-1,-1
304,206,1675.42,183.08,34.68,74.0,0.7782,-1,-1,-1
305,195,170.01,328.64,48.25,95.69,0.9735,-1,-1,-1
305,175,1092.76,777.18,77.8,158.17,0.9687,-1,-1,-1
305,192,118.88,461.24,52.5,114.43,0.9665,-1,-1,-1
305,146,1250.06,159.22,39.56,71.99,0.9664,-1,-1,-1
305,191,496.02,235.16,38.04,86.19,0.9655,-1,-1,-1
305,154,1493.44,227.4,31.54,86.75,0.9653,-1,-1,-1
305,144,857.69,281.35,32.65,97.81,0.9638,-1,-1,-1
305,158,1104.38,152.95,39.9,67.47,0.9633,-1,-1,-1
305,208,1688.17,250.18,35.61,90.44,0.9626,-1,-1,-1
305,209,1583.26,357.82,66.18,93.12,0.9607,-1,-1,-1
305,148,1571.45,167.62,37.59,67.0,0.9579,-1,-1,-1
305,140,725.67,304.01,36.81,101.59,0.9523,-1,-1,-1
305,136,966.76,395.18,35.45,101.89,0.9521,-1,-1,-1
305,147,759.77,241.74,28.64,82.66,0.9515,-1,-1,-1
305,197,1271.27,390.66,34.14,107.71,0.946,-1,-1,-1
305,215,1826.76,585.11,49.22,125.81,0.9271,-1,-1,-1
305,206,1670.65,177.74,36.79,77.52,0.9206,-1,-1,-1
305,211,1764.59,369.84,39.09,101.24,0.918,-1,-1,-1
305,204,1394.11,407.82,32.71,106.28,0.8449,-1,-1,-1
306,191,491.33,236.48,43.23,85.24,0.9715,-1,-1,-1
306,192,115.7,463.34,53.42,113.25,0.9706,-1,-1,-1
306,195,171.37,330.34,45.68,94.82,0.9706,-1,-1,-1
306,140,722.82,304.51,35.97,101.51,0.9693,-1,-1,-1
306,209,1569.86,356.83,70.23,93.77,0.9679,-1,-1,-1
306,175,1080.41,775.95,87.15,158.06,0.9671,-1,-1,-1
306,147,756.37,242.51,29.43,84.04,0.9645,-1,-1,-1
306,144,853.1,284.12,32.43,95.76,0.9633,-1,-1,-1
306,158,1101.9,154.85,35.72,66.08,0.9615,-1,-1,-1
306,206,1666.06,178.21,37.46,78.75,0.9596,-1,-1,-1
306,208,1681.08,252.21,36.06,89.96,0.958,-1,-1,-1
306,136,960.69,396.22,35.56,101.29,0.9576,-1,-1,-1
306,154,1489.94,227.55,28.94,87.73,0.9567,-1,-1,-1
306,211,1752.89,372.55,39.61,99.0,0.956,-1,-1,-1
306,146,1250.7,162.27,35.26,70.78,0.9552,-1,-1,-1
306,148,1569.22,169.03,36.24,66.08,0.9544,-1,-1,-1
306,197,1262.67,389.42,36.1,110.68,0.9476,-1,-1,-1
306,215,1815.78,584.32,53.2,125.9,0.9251,-1,-1,-1
306,204,1385.38,409.14,31.99,104.19,0.8435,-1,-1,-1
307,192,112.51,464.03,53.86,114.61,0.9757,-1,-1,-1
307,191,486.64,237.18,45.59,85.43,0.9723,-1,-1,-1
307,195,175.18,330.11,43.78,94.96,0.9709,-1,-1,-1
307,209,1559.51,357.51,67.19,93.15,0.969,-1,-1,-1
307,175,1072.16,775.69,89.12,159.6,0.9675,-1,-1,-1
307,211,1742.5,386.81,37.03,83.33,0.963,-1,-1,-1
307,208,1673.33,254.34,37.42,89.16,0.9614,-1,-1,-1
307,140,718.52,303.52,37.82,105.38,0.9593,-1,-1,-1
307,136,956.93,397.24,33.56,102.1,0.959,-1,-1,-1
307,144,848.7,286.69,32.57,94.97,0.9582,-1,-1,-1
307,154,1484.71,227.51,29.07,86.82,0.9581,-1,-1,-1
307,206,1662.99,179.13,35.55,78.27,0.9545,-1,-1,-1
307,158,1100.81,154.57,33.48,66.45,0.9513,-1,-1,-1
307,148,1568.34,167.58,32.44,68.27,0.9472,-1,-1,-1
307,147,753.23,243.96,29.15,81.63,0.9463,-1,-1,-1
307,197,1258.02,392.26,33.67,107.28,0.9447,-1,-1,-1
307,215,1802.61,581.68,56.66,127.32,0.9312,-1,-1,-1
307,204,1380.78,410.26,29.69,104.39,0.9146,-1,-1,-1
307,146,1257.28,161.68,26.66,69.94,0.896,-1,-1,-1
308,192,112.57,464.05,53.84,114.57,0.9758,-1,-1,-1
308,191,486.64,237.16,45.59,85.44,0.9723,-1,-1,-1
308,195,175.11,330.09,43.96,94.97,0.9711,-1,-1,-1
308,209,1559.4,357.51,67.34,93.15,0.9691,-1,-1,-1
308,175,1072.09,775.33,89.21,159.96,0.9677,-1,-1,-1
308,211,1742.54,387.08,36.98,83.02,0.9626,-1,-1,-1
308,208,1673.37,254.61,37.38,88.97,0.961,-1,-1,-1
308,140,718.52,303.53,37.78,105.38,0.9598,-1,-1,-1
308,136,956.9,397.24,33.6,102.12,0.9591,-1,-1,-1
308,144,848.69,286.69,32.56,94.92,0.9584,-1,-1,-1
308,154,1484.7,227.51,29.1,86.82,0.9577,-1,-1,-1
308,206,1663.05,179.09,35.6,78.38,0.9547,-1,-1,-1
308,158,1100.8,154.12,33.51,66.9,0.9516,-1,-1,-1
308,148,1568.29,167.55,32.7,68.3,0.9475,-1,-1,-1
308,147,753.23,243.97,29.15,81.69,0.9462,-1,-1,-1
308,197,1257.83,392.23,33.9,107.28,0.9444,-1,-1,-1
308,215,1802.44,581.4,56.92,127.53,0.9291,-1,-1,-1
308,204,1380.93,410.61,29.55,104.0,0.9112,-1,-1,-1
308,146,1257.35,161.8,26.56,69.99,0.8967,-1,-1,-1
308,218,1742.53,371.77,19.36,51.51,0.6579,-1,-1,-1
309,192,109.63,464.52,53.47,117.27,0.9745,-1,-1,-1
309,191,483.21,237.5,46.1,86.01,0.9725,-1,-1,-1
309,195,175.33,329.96,43.66,95.35,0.9724,-1,-1,-1
309,211,1727.41,376.79,43.61,93.13,0.9681,-1,-1,-1
309,209,1550.79,358.29,60.78,93.84,0.9674,-1,-1,-1
309,175,1065.25,776.6,89.64,157.05,0.9672,-1,-1,-1
309,208,1665.66,254.69,38.13,88.98,0.9659,-1,-1,-1
309,144,843.39,289.43,33.5,93.53,0.9656,-1,-1,-1
309,140,715.14,302.98,37.69,107.22,0.9595,-1,-1,-1
309,154,1479.42,228.31,29.23,87.05,0.9583,-1,-1,-1
309,136,951.56,399.36,33.6,98.94,0.9507,-1,-1,-1
309,215,1792.34,577.62,57.12,130.03,0.9489,-1,-1,-1
309,148,1567.76,167.03,29.39,68.26,0.9488,-1,-1,-1
309,147,750.25,246.02,28.55,81.54,0.9475,-1,-1,-1
309,197,1251.75,392.28,34.19,110.0,0.9454,-1,-1,-1
309,146,1255.99,161.9,27.24,71.35,0.9306,-1,-1,-1
309,206,1664.63,181.62,30.61,73.97,0.9216,-1,-1,-1
309,158,1101.34,151.38,29.45,69.72,0.9216,-1,-1,-1
309,204,1373.34,411.79,29.96,101.49,0.9195,-1,-1,-1
310,192,106.95,463.41,53.41,118.74,0.974,-1,-1,-1
310,195,174.96,329.88,44.06,97.67,0.9732,-1,-1,-1
310,175,1058.28,775.99,88.16,157.09,0.9675,-1,-1,-1
310,191,479.96,238.35,46.12,85.13,0.9672,-1,-1,-1
310,140,711.35,305.59,37.87,103.52,0.9671,-1,-1,-1
310,136,946.82,399.71,32.82,100.65,0.9648,-1,-1,-1
310,144,839.28,290.72,32.26,92.81,0.9629,-1,-1,-1
310,208,1658.29,260.68,38.81,83.68,0.9619,-1,-1,-1
310,154,1473.08,228.9,30.13,87.65,0.9577,-1,-1,-1
310,215,1781.77,573.97,59.35,133.19,0.9533,-1,-1,-1
310,148,1563.24,167.24,29.76,69.07,0.9504,-1,-1,-1
310,147,747.31,248.17,28.27,83.62,0.9476,-1,-1,-1
310,209,1539.93,361.59,31.61,89.02,0.9448,-1,-1,-1
310,197,1247.05,394.71,31.95,105.77,0.9417,-1,-1,-1
310,211,1713.66,388.43,49.55,81.94,0.9373,-1,-1,-1
310,206,1661.34,184.12,28.16,67.52,0.9316,-1,-1,-1
310,146,1251.73,164.96,29.68,68.32,0.9276,-1,-1,-1
310,158,1102.12,151.72,26.59,69.93,0.9231,-1,-1,-1
310,204,1369.21,410.58,27.81,102.65,0.9229,-1,-1,-1
311,175,1055.42,774.44,77.9,159.16,0.9765,-1,-1,-1
311,192,105.97,461.94,52.14,119.85,0.9732,-1,-1,-1
311,195,175.68,330.13,42.79,99.46,0.9719,-1,-1,-1
311,140,707.17,307.59,38.63,101.96,0.9711,-1,-1,-1
311,191,478.24,238.25,43.62,85.57,0.971,-1,-1,-1
311,208,1651.19,258.82,39.17,86.16,0.9667,-1,-1,-1
311,215,1771.27,578.02,59.46,130.48,0.9608,-1,-1,-1
311,154,1468.05,229.76,30.14,87.72,0.9606,-1,-1,-1
311,144,835.26,291.38,30.82,92.15,0.96,-1,-1,-1
311,136,940.39,400.27,33.3,98.75,0.9597,-1,-1,-1
311,211,1700.15,381.93,54.45,88.14,0.9562,-1,-1,-1
311,148,1557.4,166.15,31.99,72.87,0.9529,-1,-1,-1
311,146,1247.88,166.13,33.79,68.88,0.9457,-1,-1,-1
311,197,1242.25,395.17,30.36,107.04,0.9429,-1,-1,-1
311,209,1525.36,364.26,32.18,86.27,0.94,-1,-1,-1
311,147,744.11,252.69,26.92,79.93,0.9394,-1,-1,-1
311,206,1658.33,185.11,27.49,63.73,0.9288,-1,-1,-1
311,158,1103.18,164.68,21.26,57.31,0.9177,-1,-1,-1
311,204,1361.06,409.7,29.99,103.6,0.917,-1,-1,-1
312,175,1049.13,772.94,70.85,158.95,0.9759,-1,-1,-1
312,192,106.4,460.14,50.48,121.58,0.9735,-1,-1,-1
312,191,476.09,238.54,41.41,85.62,0.9727,-1,-1,-1
312,195,175.97,330.32,40.41,101.88,0.97,-1,-1,-1
312,140,702.29,310.85,41.92,103.39,0.9695,-1,-1,-1
312,209,1508.73,363.19,39.9,86.54,0.9662,-1,-1,-1
312,146,1244.55,160.72,38.04,75.84,0.9643,-1,-1,-1
312,215,1761.31,579.79,58.16,132.23,0.9623,-1,-1,-1
312,144,831.81,290.96,30.38,91.1,0.962,-1,-1,-1
312,208,1647.1,263.0,37.3,80.74,0.9592,-1,-1,-1
312,148,1554.01,166.8,31.85,72.22,0.9562,-1,-1,-1
312,154,1461.18,232.08,31.84,85.3,0.9541,-1,-1,-1
312,211,1687.08,379.01,61.42,90.9,0.952,-1,-1,-1
312,136,936.3,400.38,31.77,99.88,0.9507,-1,-1,-1
312,197,1234.69,395.9,32.17,107.45,0.9417,-1,-1,-1
312,147,740.78,254.8,27.02,73.48,0.9374,-1,-1,-1
312,158,1098.35,172.44,24.51,49.57,0.93,-1,-1,-1
312,204,1358.22,417.45,27.55,94.66,0.9066,-1,-1,-1
312,206,1654.83,186.56,26.6,59.94,0.8222,-1,-1,-1
313,175,1044.93,772.49,59.66,157.78,0.9766,-1,-1,-1
313,192,109.2,457.91,43.99,123.27,0.9758,-1,-1,-1
313,195,176.96,332.35,38.77,99.12,0.9684,-1,-1,-1
313,215,1751.79,576.4,56.08,134.95,0.9678,-1,-1,-1
313,209,1492.28,362.49,48.66,87.84,0.9671,-1,-1,-1
313,146,1241.31,170.27,43.11,65.55,0.967,-1,-1,-1
313,191,474.96,237.97,37.97,85.92,0.9651,-1,-1,-1
313,144,828.42,290.4,30.67,92.69,0.9635,-1,-1,-1
313,140,699.15,314.42,38.95,102.44,0.9635,-1,-1,-1
313,208,1643.82,255.61,34.89,91.1,0.9579,-1,-1,-1
313,154,1456.24,232.36,31.51,84.26,0.9576,-1,-1,-1
313,148,1549.04,166.77,33.94,72.42,0.9551,-1,-1,-1
313,211,1673.86,378.33,66.28,92.24,0.9538,-1,-1,-1
313,197,1229.61,395.52,32.03,110.27,0.9431,-1,-1,-1
313,147,737.24,255.76,27.32,75.7,0.9371,-1,-1,-1
313,158,1092.94,163.66,28.63,60.13,0.9368,-1,-1,-1
313,136,931.43,400.52,31.41,99.84,0.9213,-1,-1,-1
313,206,1647.36,184.75,31.74,74.14,0.9081,-1,-1,-1
313,204,1351.01,416.16,28.77,95.42,0.902,-1,-1,-1
314,175,1044.95,772.46,59.6,157.79,0.9767,-1,-1,-1
314,192,109.22,457.92,43.92,123.29,0.9757,-1,-1,-1
314,195,176.89,332.39,38.85,99.07,0.9686,-1,-1,-1
314,215,1751.71,576.6,56.18,134.82,0.9677,-1,-1,-1
314,209,1492.45,362.54,48.64,87.81,0.9671,-1,-1,-1
314,146,1241.3,170.67,43.07,65.12,0.9669,-1,-1,-1
314,191,474.98,237.95,37.96,85.91,0.9653,-1,-1,-1
314,144,828.41,290.37,30.71,92.73,0.9637,-1,-1,-1
314,140,699.15,314.52,38.89,102.36,0.9632,-1,-1,-1
314,208,1643.81,255.75,34.89,91.02,0.958,-1,-1,-1
314,154,1456.23,232.36,31.52,84.23,0.9575,-1,-1,-1
314,148,1549.02,166.87,33.97,72.34,0.9551,-1,-1,-1
314,211,1673.71,378.14,66.42,92.42,0.9544,-1,-1,-1
314,197,1229.62,395.51,32.05,110.26,0.943,-1,-1,-1
314,147,737.23,255.81,27.34,75.65,0.9366,-1,-1,-1
314,158,1093.11,163.05,28.43,60.72,0.9354,-1,-1,-1
314,136,931.44,400.48,31.39,99.9,0.922,-1,-1,-1
314,206,1647.26,184.71,31.79,74.66,0.91,-1,-1,-1
314,204,1351.03,416.5,28.73,94.84,0.8969,-1,-1,-1
315,175,1038.41,769.48,50.97,159.83,0.9747,-1,-1,-1
315,192,113.0,456.55,38.35,124.35,0.9713,-1,-1,-1
315,146,1239.77,168.66,44.81,68.92,0.9687,-1,-1,-1
315,209,1479.55,360.94,54.3,88.08,0.9683,-1,-1,-1
315,195,178.8,333.43,35.08,98.39,0.9637,-1,-1,-1
315,215,1740.45,580.86,53.38,129.89,0.9572,-1,-1,-1
315,154,1450.74,233.86,31.89,84.53,0.9567,-1,-1,-1
315,148,1546.55,169.13,32.89,72.22,0.9553,-1,-1,-1
315,191,476.99,238.31,31.41,84.55,0.9545,-1,-1,-1
315,144,824.33,291.1,31.13,93.67,0.954,-1,-1,-1
315,211,1652.78,373.27,77.19,97.83,0.9509,-1,-1,-1
315,206,1639.57,183.7,35.73,81.55,0.9508,-1,-1,-1
315,158,1089.12,152.82,33.43,71.55,0.9478,-1,-1,-1
315,147,736.05,256.2,25.57,76.6,0.9405,-1,-1,-1
315,197,1224.84,395.05,31.98,110.93,0.9404,-1,-1,-1
315,204,1347.2,410.13,28.18,101.9,0.9243,-1,-1,-1
315,208,1641.58,252.9,30.48,93.55,0.9154,-1,-1,-1
315,140,697.34,315.08,36.94,103.14,0.9049,-1,-1,-1
315,136,927.11,399.54,31.57,99.53,0.8496,-1,-1,-1
316,209,1462.61,358.44,63.96,88.66,0.9704,-1,-1,-1
316,144,820.52,291.68,32.07,95.66,0.9688,-1,-1,-1
316,195,179.93,334.38,36.88,100.12,0.9676,-1,-1,-1
316,175,1028.0,766.91,49.77,160.67,0.964,-1,-1,-1
316,154,1446.08,235.11,31.11,84.34,0.9634,-1,-1,-1
316,206,1636.23,185.51,37.09,79.29,0.9582,-1,-1,-1
316,146,1240.0,167.34,41.29,71.21,0.9572,-1,-1,-1
316,147,733.05,254.08,25.85,81.67,0.9568,-1,-1,-1
316,208,1638.42,255.6,28.68,90.71,0.9535,-1,-1,-1
316,192,117.07,453.16,32.69,128.9,0.9505,-1,-1,-1
316,197,1218.68,395.97,32.21,110.05,0.9502,-1,-1,-1
316,136,923.57,397.61,30.59,102.39,0.9501,-1,-1,-1
316,191,479.49,238.84,26.23,83.69,0.9474,-1,-1,-1
316,215,1727.34,579.4,51.32,131.32,0.9453,-1,-1,-1
316,148,1545.98,169.42,29.3,73.8,0.9451,-1,-1,-1
316,211,1634.02,371.83,79.39,96.54,0.9402,-1,-1,-1
316,158,1086.62,163.64,35.03,60.0,0.9069,-1,-1,-1
316,204,1340.52,410.59,30.13,101.96,0.8907,-1,-1,-1
316,140,696.29,328.73,33.27,88.87,0.8523,-1,-1,-1
317,209,1448.99,357.41,66.3,89.34,0.9738,-1,-1,-1
317,175,1011.28,766.04,58.42,158.05,0.9684,-1,-1,-1
317,195,179.82,336.44,54.65,101.29,0.9683,-1,-1,-1
317,144,816.25,292.72,32.85,96.51,0.9597,-1,-1,-1
317,154,1440.38,235.41,32.21,85.2,0.959,-1,-1,-1
317,147,728.24,255.69,28.5,80.03,0.9527,-1,-1,-1
317,148,1544.47,171.7,26.15,71.57,0.9521,-1,-1,-1
317,158,1083.85,171.93,33.58,51.65,0.9511,-1,-1,-1
317,208,1634.95,255.99,26.69,89.23,0.9493,-1,-1,-1
317,191,480.63,238.55,25.29,83.86,0.9482,-1,-1,-1
317,136,917.72,397.02,32.03,103.11,0.9455,-1,-1,-1
317,211,1625.73,373.62,66.3,91.16,0.9407,-1,-1,-1
317,197,1210.36,396.1,35.82,108.24,0.9376,-1,-1,-1
317,192,115.41,453.03,32.89,128.71,0.931,-1,-1,-1
317,206,1637.48,187.17,33.43,79.49,0.9308,-1,-1,-1
317,146,1243.18,171.13,35.85,67.68,0.9066,-1,-1,-1
317,215,1722.12,581.89,42.09,129.96,0.9,-1,-1,-1
317,140,696.43,332.14,27.64,85.21,0.8878,-1,-1,-1
317,204,1335.47,411.51,29.96,100.34,0.8557,-1,-1,-1
317,221,696.15,317.07,28.32,58.61,0.6773,-1,-1,-1
318,209,1436.4,356.87,66.62,88.21,0.9741,-1,-1,-1
318,195,178.46,337.22,55.91,101.49,0.972,-1,-1,-1
318,175,998.67,763.34,63.21,162.45,0.968,-1,-1,-1
318,144,813.49,295.74,32.99,94.4,0.9645,-1,-1,-1
318,197,1204.01,396.63,37.67,108.13,0.9611,-1,-1,-1
318,211,1614.02,371.96,56.56,92.1,0.96,-1,-1,-1
318,206,1628.14,189.93,39.42,79.33,0.9578,-1,-1,-1
318,147,724.99,255.74,29.9,80.57,0.9564,-1,-1,-1
318,154,1435.76,236.32,31.23,83.69,0.9502,-1,-1,-1
318,192,115.12,453.87,32.95,127.38,0.9495,-1,-1,-1
318,191,479.59,239.14,27.6,83.83,0.9485,-1,-1,-1
318,136,913.4,395.61,31.72,102.55,0.9473,-1,-1,-1
318,208,1631.29,262.2,25.74,83.13,0.9472,-1,-1,-1
318,158,1082.39,164.2,33.04,60.39,0.941,-1,-1,-1
318,148,1543.09,174.79,23.02,68.23,0.9339,-1,-1,-1
318,204,1329.94,416.22,30.49,96.86,0.9209,-1,-1,-1
318,146,1248.87,168.57,29.44,70.63,0.9199,-1,-1,-1
318,140,691.79,314.74,29.37,104.16,0.9162,-1,-1,-1
318,215,1706.34,584.55,43.69,128.29,0.8296,-1,-1,-1
319,195,175.61,338.37,60.22,102.38,0.9752,-1,-1,-1
319,175,989.64,763.43,64.4,160.22,0.9715,-1,-1,-1
319,197,1195.29,397.45,41.6,107.02,0.9686,-1,-1,-1
319,144,810.33,298.33,34.28,91.98,0.9611,-1,-1,-1
319,154,1431.64,235.3,30.25,85.73,0.9603,-1,-1,-1
319,211,1600.23,370.59,45.24,92.55,0.9583,-1,-1,-1
319,209,1423.26,356.8,61.17,90.46,0.9581,-1,-1,-1
319,204,1324.15,414.42,32.17,100.97,0.9563,-1,-1,-1
319,191,477.45,239.76,30.53,83.94,0.9528,-1,-1,-1
319,147,721.22,257.58,30.95,79.47,0.9518,-1,-1,-1
319,192,115.16,454.68,32.77,127.94,0.9506,-1,-1,-1
319,208,1625.69,259.68,27.05,87.68,0.9479,-1,-1,-1
319,158,1082.24,161.04,31.33,62.44,0.9459,-1,-1,-1
319,148,1539.63,173.16,23.35,70.27,0.945,-1,-1,-1
319,136,910.48,396.26,30.66,101.83,0.9441,-1,-1,-1
319,146,1251.28,167.73,25.85,70.19,0.9212,-1,-1,-1
319,140,689.38,320.41,26.73,98.73,0.9036,-1,-1,-1
319,215,1693.95,577.51,49.49,135.43,0.9026,-1,-1,-1
319,206,1633.28,189.83,32.17,76.7,0.8925,-1,-1,-1
320,195,175.54,338.4,60.35,102.39,0.9753,-1,-1,-1
320,175,989.7,763.56,64.29,160.07,0.9714,-1,-1,-1
320,197,1195.37,397.47,41.54,107.02,0.9685,-1,-1,-1
320,144,810.32,298.47,34.33,91.82,0.9611,-1,-1,-1
320,154,1431.56,235.27,30.32,85.74,0.9602,-1,-1,-1
320,209,1422.92,356.81,61.64,90.42,0.9588,-1,-1,-1
320,211,1600.31,370.68,45.25,92.6,0.957,-1,-1,-1
320,204,1324.13,414.44,32.2,100.98,0.9563,-1,-1,-1
320,191,477.43,239.74,30.55,83.95,0.9526,-1,-1,-1
320,147,721.25,257.53,30.92,79.46,0.9513,-1,-1,-1
320,192,115.14,454.67,32.83,128.0,0.9504,-1,-1,-1
320,208,1625.71,259.76,26.98,87.56,0.9475,-1,-1,-1
320,158,1082.22,161.09,31.44,62.36,0.9457,-1,-1,-1
320,148,1539.62,173.01,23.4,70.38,0.9445,-1,-1,-1
320,136,910.49,396.29,30.57,101.93,0.9437,-1,-1,-1
320,146,1251.18,167.73,25.91,69.94,0.9192,-1,-1,-1
320,140,689.32,320.68,26.75,98.49,0.9031,-1,-1,-1
320,215,1693.34,577.52,50.05,135.41,0.9013,-1,-1,-1
320,206,1633.4,189.76,32.07,76.7,0.8926,-1,-1,-1
320,223,1626.63,240.9,16.33,28.63,0.6731,-1,-1,-1
321,195,173.97,340.6,61.33,100.88,0.9753,-1,-1,-1
321,175,980.41,761.57,66.5,161.9,0.9721,-1,-1,-1
321,197,1191.43,398.52,40.68,106.47,0.9681,-1,-1,-1
321,144,808.69,299.8,32.77,90.84,0.9659,-1,-1,-1
321,211,1587.41,369.56,42.8,91.04,0.9567,-1,-1,-1
321,191,474.19,240.02,33.31,84.15,0.9545,-1,-1,-1
321,208,1620.07,262.87,28.44,85.28,0.9544,-1,-1,-1
321,192,114.87,458.32,33.39,124.3,0.9535,-1,-1,-1
321,154,1426.78,236.35,29.17,84.37,0.9515,-1,-1,-1
321,136,905.26,398.02,32.0,102.86,0.9479,-1,-1,-1
321,146,1247.26,168.86,30.06,70.47,0.9465,-1,-1,-1
321,148,1535.24,176.75,24.98,66.86,0.9427,-1,-1,-1
321,147,719.72,259.76,30.95,78.02,0.9415,-1,-1,-1
321,206,1631.78,190.93,30.56,77.03,0.9302,-1,-1,-1
321,215,1683.83,582.64,49.2,132.15,0.9249,-1,-1,-1
321,158,1083.86,163.14,25.98,61.21,0.9192,-1,-1,-1
321,204,1317.71,423.38,34.02,93.56,0.9189,-1,-1,-1
321,140,687.14,324.93,25.56,95.53,0.8962,-1,-1,-1
321,209,1412.55,357.87,47.97,89.54,0.8777,-1,-1,-1
321,223,1624.04,244.07,15.46,25.39,0.5899,-1,-1,-1
322,195,174.43,341.96,52.15,98.47,0.972,-1,-1,-1
322,197,1186.1,399.42,43.87,106.22,0.9708,-1,-1,-1
322,211,1572.11,367.87,50.26,95.29,0.9696,-1,-1,-1
322,191,471.05,241.38,37.49,81.79,0.9662,-1,-1,-1
322,175,974.55,762.65,64.53,160.21,0.9659,-1,-1,-1
322,154,1422.86,235.79,28.89,86.17,0.9636,-1,-1,-1
322,144,806.7,299.55,32.0,90.97,0.9626,-1,-1,-1
322,192,114.57,461.11,35.35,123.65,0.9586,-1,-1,-1
322,148,1529.54,173.22,28.58,72.03,0.9557,-1,-1,-1
322,208,1614.63,261.13,31.46,87.41,0.9494,-1,-1,-1
322,147,720.5,260.68,29.37,77.99,0.9401,-1,-1,-1
322,206,1629.23,191.6,31.11,75.38,0.9382,-1,-1,-1
322,136,902.03,398.61,30.6,99.98,0.9351,-1,-1,-1
322,215,1675.58,588.2,48.13,128.65,0.9296,-1,-1,-1
322,209,1402.65,357.65,30.92,88.36,0.9231,-1,-1,-1
322,204,1312.99,428.48,34.3,90.27,0.9076,-1,-1,-1
322,140,682.5,327.64,28.93,93.34,0.903,-1,-1,-1
322,146,1244.52,169.64,32.52,70.18,0.9024,-1,-1,-1
322,158,1085.82,157.47,24.24,68.35,0.8936,-1,-1,-1
323,175,966.59,763.36,65.29,157.6,0.9733,-1,-1,-1
323,195,176.03,342.43,46.67,97.86,0.9719,-1,-1,-1
323,192,113.32,464.74,40.33,118.99,0.9717,-1,-1,-1
323,191,466.7,241.42,43.36,82.64,0.9715,-1,-1,-1
323,197,1180.31,401.5,50.36,105.52,0.9705,-1,-1,-1
323,211,1561.93,366.27,52.04,93.39,0.9681,-1,-1,-1
323,144,804.55,299.02,30.73,90.7,0.9667,-1,-1,-1
323,148,1524.04,174.54,31.38,71.3,0.9622,-1,-1,-1
323,209,1387.42,355.78,38.18,88.05,0.9621,-1,-1,-1
323,154,1418.53,235.58,29.09,85.47,0.9598,-1,-1,-1
323,136,900.58,401.01,28.41,99.44,0.9553,-1,-1,-1
323,146,1241.87,169.0,35.17,71.53,0.9478,-1,-1,-1
323,208,1609.19,262.13,34.52,86.95,0.9477,-1,-1,-1
323,206,1629.83,191.3,28.61,77.16,0.943,-1,-1,-1
323,215,1674.11,584.66,39.98,131.95,0.9422,-1,-1,-1
323,158,1083.04,152.87,25.95,72.26,0.9417,-1,-1,-1
323,140,678.69,328.99,33.66,95.24,0.9293,-1,-1,-1
323,147,720.46,263.02,28.33,77.26,0.9237,-1,-1,-1
323,204,1308.77,421.55,35.63,100.07,0.9058,-1,-1,-1
323,226,1208.48,265.22,17.7,46.25,0.5145,-1,-1,-1
323,227,684.21,321.64,25.53,61.34,0.3759,-1,-1,-1
324,192,110.77,465.21,47.93,119.54,0.9742,-1,-1,-1
324,175,961.69,764.43,63.2,152.57,0.9732,-1,-1,-1
324,191,463.94,242.25,45.49,82.2,0.9727,-1,-1,-1
324,211,1548.73,364.36,56.54,96.91,0.9723,-1,-1,-1
324,209,1373.4,353.68,43.76,89.19,0.9714,-1,-1,-1
324,197,1177.57,402.62,52.74,105.52,0.9687,-1,-1,-1
324,195,178.86,341.48,41.38,100.23,0.968,-1,-1,-1
324,146,1239.89,171.09,39.49,70.26,0.9667,-1,-1,-1
324,148,1518.45,174.78,35.75,71.51,0.965,-1,-1,-1
324,208,1603.82,262.16,36.72,86.68,0.9646,-1,-1,-1
324,144,802.01,298.68,30.18,90.75,0.9618,-1,-1,-1
324,140,674.55,328.81,38.43,95.98,0.9606,-1,-1,-1
324,206,1627.53,191.12,28.73,78.3,0.9582,-1,-1,-1
324,215,1663.13,583.6,41.9,132.69,0.958,-1,-1,-1
324,154,1414.23,236.37,28.95,84.52,0.955,-1,-1,-1
324,147,719.23,263.41,27.69,77.35,0.9445,-1,-1,-1
324,136,895.87,403.24,30.53,99.46,0.9425,-1,-1,-1
324,204,1302.99,421.35,37.27,98.41,0.942,-1,-1,-1
324,158,1078.68,157.01,29.23,68.19,0.9394,-1,-1,-1
324,226,1204.3,267.09,18.88,53.0,0.4953,-1,-1,-1
325,208,1598.43,261.78,37.25,88.07,0.9727,-1,-1,-1
325,192,107.48,465.88,52.85,119.78,0.9715,-1,-1,-1
325,191,461.39,242.48,46.75,82.69,0.9714,-1,-1,-1
325,211,1533.89,362.04,63.12,97.37,0.9713,-1,-1,-1
325,209,1360.39,352.12,49.8,88.36,0.971,-1,-1,-1
325,175,956.84,763.35,59.04,150.86,0.9703,-1,-1,-1
325,195,180.0,340.59,38.95,102.36,0.9674,-1,-1,-1
325,146,1239.86,173.36,40.42,69.86,0.966,-1,-1,-1
325,154,1410.05,236.39,29.76,86.98,0.9655,-1,-1,-1
325,148,1514.93,179.28,36.43,67.65,0.9652,-1,-1,-1
325,197,1171.88,403.82,56.77,104.5,0.962,-1,-1,-1
325,144,800.38,298.34,29.86,93.57,0.9598,-1,-1,-1
325,206,1624.08,190.94,30.51,80.59,0.9576,-1,-1,-1
325,204,1298.49,417.37,36.94,104.97,0.9572,-1,-1,-1
325,140,669.96,332.13,41.74,92.76,0.953,-1,-1,-1
325,215,1653.86,586.51,40.11,126.94,0.9518,-1,-1,-1
325,136,892.16,405.09,30.95,100.19,0.949,-1,-1,-1
325,147,717.62,261.87,28.16,79.32,0.9471,-1,-1,-1
325,158,1076.1,161.1,31.64,65.2,0.9434,-1,-1,-1
325,229,670.53,321.85,26.23,53.76,0.6662,-1,-1,-1
325,226,1200.65,265.58,20.17,52.21,0.627,-1,-1,-1
326,208,1598.43,261.79,37.23,88.01,0.9727,-1,-1,-1
326,192,107.47,465.91,52.94,119.72,0.9715,-1,-1,-1
326,191,461.49,242.39,46.55,82.82,0.9714,-1,-1,-1
326,211,1534.07,362.06,62.97,97.42,0.9713,-1,-1,-1
326,209,1360.28,352.14,49.88,88.32,0.9709,-1,-1,-1
326,175,956.75,763.24,59.19,151.01,0.9705,-1,-1,-1
326,195,179.96,340.53,39.73,102.41,0.9675,-1,-1,-1
326,146,1239.86,173.52,40.38,69.68,0.966,-1,-1,-1
326,154,1410.01,236.38,29.89,86.98,0.9657,-1,-1,-1
326,148,1514.94,179.25,36.44,67.7,0.9654,-1,-1,-1
326,197,1171.94,403.77,56.64,104.53,0.9621,-1,-1,-1
326,144,800.37,298.36,29.86,93.53,0.9597,-1,-1,-1
326,206,1624.05,190.92,30.6,80.45,0.9575,-1,-1,-1
326,204,1298.5,417.3,36.96,105.1,0.9573,-1,-1,-1
326,140,669.92,331.9,41.84,93.0,0.953,-1,-1,-1
326,215,1653.93,586.53,40.02,126.86,0.9521,-1,-1,-1
326,136,892.13,405.03,31.0,100.27,0.9493,-1,-1,-1
326,147,717.55,261.91,28.31,79.25,0.9472,-1,-1,-1
326,158,1076.0,160.61,31.86,65.73,0.9402,-1,-1,-1
326,229,670.49,321.99,26.39,54.19,0.6665,-1,-1,-1
326,226,1200.74,265.59,20.15,52.0,0.6531,-1,-1,-1
326,230,1181.2,277.31,30.75,85.58,0.5726,-1,-1,-1
327,211,1517.45,361.19,68.54,98.64,0.9752,-1,-1,-1
327,175,952.84,763.0,56.13,148.74,0.9741,-1,-1,-1
327,191,460.8,242.83,45.71,82.29,0.9737,-1,-1,-1
327,192,105.22,466.05,54.29,120.24,0.9703,-1,-1,-1
327,197,1171.8,405.16,53.81,104.05,0.9693,-1,-1,-1
327,209,1349.27,351.36,53.09,89.55,0.9691,-1,-1,-1
327,208,1592.15,262.28,39.63,88.03,0.969,-1,-1,-1
327,195,179.55,338.77,39.74,105.87,0.9673,-1,-1,-1
327,148,1512.3,180.18,37.29,67.86,0.9641,-1,-1,-1
327,144,797.92,298.49,29.8,95.93,0.9615,-1,-1,-1
327,147,716.22,261.44,28.92,82.39,0.961,-1,-1,-1
327,154,1406.42,236.33,31.9,87.79,0.9605,-1,-1,-1
327,140,665.5,326.51,44.4,97.69,0.9561,-1,-1,-1
327,146,1242.39,175.45,36.28,68.85,0.9531,-1,-1,-1
327,206,1620.7,191.67,32.23,80.1,0.9483,-1,-1,-1
327,136,888.6,404.97,30.24,99.98,0.9464,-1,-1,-1
327,215,1647.78,586.91,37.0,125.72,0.9449,-1,-1,-1
327,158,1074.14,157.86,35.8,67.97,0.9439,-1,-1,-1
327,204,1298.76,421.31,33.5,101.02,0.9212,-1,-1,-1
327,226,1197.27,264.01,21.78,58.07,0.7162,-1,-1,-1
327,230,1179.1,277.17,28.51,84.85,0.5777,-1,-1,-1
328,209,1331.5,350.26,61.65,89.84,0.9743,-1,-1,-1
328,197,1168.21,405.53,53.26,104.2,0.9733,-1,-1,-1
328,175,948.13,762.16,53.66,150.12,0.9726,-1,-1,-1
328,192,102.31,467.14,53.06,118.88,0.9715,-1,-1,-1
328,211,1505.19,361.23,69.27,98.99,0.9712,-1,-1,-1
328,191,460.19,242.26,43.37,82.22,0.971,-1,-1,-1
328,208,1588.45,262.1,38.84,88.21,0.967,-1,-1,-1
328,195,178.68,337.94,39.44,107.39,0.9659,-1,-1,-1
328,147,714.52,260.99,28.88,83.44,0.9654,-1,-1,-1
328,154,1402.95,238.7,32.47,83.37,0.9623,-1,-1,-1
328,140,662.91,326.48,44.87,98.43,0.9597,-1,-1,-1
328,144,794.91,299.88,30.31,96.07,0.9594,-1,-1,-1
328,206,1618.17,191.82,33.09,80.25,0.9575,-1,-1,-1
328,148,1511.69,181.68,37.65,66.57,0.9568,-1,-1,-1
328,158,1071.72,161.97,36.29,64.03,0.9512,-1,-1,-1
328,146,1246.84,178.48,29.7,65.9,0.9401,-1,-1,-1
328,136,887.24,407.84,28.63,97.89,0.931,-1,-1,-1
328,215,1638.25,594.54,35.27,117.01,0.9289,-1,-1,-1
328,204,1297.17,421.32,31.67,100.35,0.9166,-1,-1,-1
328,226,1194.41,263.55,22.66,58.05,0.8092,-1,-1,-1
329,192,101.86,467.6,51.48,117.87,0.9761,-1,-1,-1
329,175,942.63,760.68,53.43,152.66,0.974,-1,-1,-1
329,197,1166.11,405.03,49.1,104.51,0.972,-1,-1,-1
329,211,1497.46,363.08,62.18,99.06,0.9707,-1,-1,-1
329,208,1584.36,261.88,38.87,88.94,0.9704,-1,-1,-1
329,209,1320.39,350.61,61.52,87.92,0.9683,-1,-1,-1
329,140,660.81,324.72,42.49,100.09,0.9664,-1,-1,-1
329,215,1627.55,595.6,39.85,114.8,0.9652,-1,-1,-1
329,147,713.28,261.53,28.98,82.65,0.9646,-1,-1,-1
329,144,792.18,301.87,31.79,94.44,0.9645,-1,-1,-1
329,195,177.49,338.21,38.33,107.1,0.9642,-1,-1,-1
329,191,460.24,241.74,40.27,81.93,0.9633,-1,-1,-1
329,154,1399.45,238.44,32.77,82.8,0.9566,-1,-1,-1
329,206,1616.77,192.53,32.88,80.04,0.9561,-1,-1,-1
329,148,1512.8,182.57,35.1,65.3,0.9528,-1,-1,-1
329,158,1072.37,163.2,31.8,61.72,0.9516,-1,-1,-1
329,136,883.8,405.73,29.14,98.85,0.9351,-1,-1,-1
329,204,1295.14,420.1,30.01,99.17,0.9282,-1,-1,-1
329,146,1250.95,179.12,27.03,64.89,0.9264,-1,-1,-1
329,226,1191.16,263.1,25.06,61.64,0.87,-1,-1,-1
330,192,101.61,466.55,50.03,118.64,0.9768,-1,-1,-1
330,175,937.66,760.0,53.79,152.64,0.9724,-1,-1,-1
330,197,1164.66,405.27,46.18,103.37,0.9719,-1,-1,-1
330,140,657.11,325.86,41.59,99.84,0.9655,-1,-1,-1
330,195,176.05,338.71,39.98,106.43,0.9646,-1,-1,-1
330,208,1582.13,262.34,37.73,86.85,0.9636,-1,-1,-1
330,154,1397.28,238.39,31.36,83.87,0.963,-1,-1,-1
330,215,1618.6,590.19,43.19,121.11,0.9623,-1,-1,-1
330,211,1492.18,362.52,48.32,98.21,0.9578,-1,-1,-1
330,191,461.04,240.7,34.08,83.55,0.9577,-1,-1,-1
330,144,788.21,303.46,32.49,92.82,0.9568,-1,-1,-1
330,147,711.83,261.64,28.38,82.68,0.9565,-1,-1,-1
330,148,1515.24,181.61,29.58,64.48,0.9544,-1,-1,-1
330,158,1075.17,155.36,28.44,68.09,0.9435,-1,-1,-1
330,206,1619.66,195.19,27.98,76.19,0.9414,-1,-1,-1
330,146,1252.59,177.5,27.08,64.84,0.9374,-1,-1,-1
330,136,880.79,405.78,28.17,98.08,0.9332,-1,-1,-1
330,209,1308.82,352.41,60.51,76.14,0.9279,-1,-1,-1
330,204,1295.26,422.71,26.24,93.31,0.8158,-1,-1,-1
330,226,1186.58,262.02,29.41,81.19,0.7382,-1,-1,-1
331,192,104.59,463.88,45.03,120.55,0.9764,-1,-1,-1
331,175,927.48,758.32,58.59,155.05,0.9729,-1,-1,-1
331,197,1163.52,404.68,41.08,103.91,0.9686,-1,-1,-1
331,144,785.95,304.06,31.74,90.82,0.9647,-1,-1,-1
331,208,1581.58,261.29,37.63,87.45,0.9635,-1,-1,-1
331,140,654.59,325.38,40.9,101.11,0.9631,-1,-1,-1
331,195,174.02,339.66,41.64,105.98,0.961,-1,-1,-1
331,215,1611.78,594.85,45.99,116.67,0.9603,-1,-1,-1
331,154,1394.34,238.25,31.61,83.88,0.9557,-1,-1,-1
331,191,462.77,239.64,27.51,83.32,0.9537,-1,-1,-1
331,148,1516.51,179.37,27.77,65.66,0.9521,-1,-1,-1
331,206,1621.36,195.45,26.92,76.08,0.9468,-1,-1,-1
331,147,710.44,264.26,27.84,81.51,0.943,-1,-1,-1
331,136,877.74,400.69,28.47,102.83,0.94,-1,-1,-1
331,158,1076.98,154.37,24.95,69.29,0.9378,-1,-1,-1
331,211,1483.63,366.93,31.29,93.29,0.9091,-1,-1,-1
331,146,1255.31,175.63,25.29,65.44,0.8989,-1,-1,-1
331,204,1293.26,417.5,26.95,95.92,0.8881,-1,-1,-1
331,209,1299.39,354.58,38.44,71.11,0.7956,-1,-1,-1
331,226,1185.23,262.7,29.86,82.16,0.7225,-1,-1,-1
332,192,104.59,463.74,45.04,120.67,0.9764,-1,-1,-1
332,175,927.41,758.38,58.69,155.02,0.9729,-1,-1,-1
332,197,1163.43,404.69,41.34,103.88,0.9683,-1,-1,-1
332,144,785.92,304.02,31.73,90.76,0.9647,-1,-1,-1
332,208,1581.59,261.29,37.62,87.46,0.9632,-1,-1,-1
332,140,654.63,325.41,40.81,101.14,0.9629,-1,-1,-1
332,195,173.98,339.67,41.81,105.99,0.9608,-1,-1,-1
332,215,1611.44,594.83,46.32,116.72,0.9607,-1,-1,-1
332,154,1394.39,238.26,31.55,83.89,0.9557,-1,-1,-1
332,191,462.74,239.65,27.6,83.34,0.9535,-1,-1,-1
332,148,1516.51,179.39,27.71,65.64,0.9524,-1,-1,-1
332,206,1621.36,195.47,26.91,76.07,0.9468,-1,-1,-1
332,147,710.44,264.24,27.82,81.48,0.9429,-1,-1,-1
332,136,877.76,400.68,28.45,102.91,0.9392,-1,-1,-1
332,158,1077.01,154.47,24.92,69.18,0.9376,-1,-1,-1
332,211,1483.64,366.87,31.15,93.43,0.9094,-1,-1,-1
332,146,1255.7,175.88,24.77,65.07,0.8928,-1,-1,-1
332,204,1293.32,417.61,26.84,95.67,0.8795,-1,-1,-1
332,209,1299.83,354.68,37.62,70.71,0.7984,-1,-1,-1
332,226,1185.29,262.66,29.83,82.27,0.7472,-1,-1,-1
333,175,916.81,758.68,64.45,156.68,0.9767,-1,-1,-1
333,192,109.19,463.56,38.79,120.89,0.971,-1,-1,-1
333,215,1603.16,594.97,50.09,116.45,0.9689,-1,-1,-1
333,197,1161.99,404.44,39.05,103.62,0.9678,-1,-1,-1
333,195,170.92,342.11,46.94,103.41,0.9655,-1,-1,-1
333,144,783.53,303.4,31.02,90.08,0.9614,-1,-1,-1
333,140,652.8,327.43,40.2,100.04,0.9573,-1,-1,-1
333,154,1392.41,238.47,30.77,83.62,0.9554,-1,-1,-1
333,148,1516.05,176.53,27.3,70.58,0.9523,-1,-1,-1
333,208,1581.22,259.1,34.59,88.34,0.9509,-1,-1,-1
333,211,1471.47,363.33,33.16,95.18,0.9472,-1,-1,-1
333,206,1621.88,195.82,25.26,75.32,0.9472,-1,-1,-1
333,191,463.5,238.85,23.9,83.0,0.947,-1,-1,-1
333,146,1250.64,171.85,33.08,69.09,0.9448,-1,-1,-1
333,147,707.83,265.6,27.55,81.25,0.9435,-1,-1,-1
333,136,875.69,398.84,27.94,104.97,0.9361,-1,-1,-1
333,158,1080.06,154.54,22.45,69.0,0.9201,-1,-1,-1
333,204,1291.76,418.55,27.17,95.55,0.8817,-1,-1,-1
333,209,1295.67,353.38,25.82,75.72,0.8404,-1,-1,-1
333,226,1185.79,264.32,28.4,77.08,0.6277,-1,-1,-1
334,175,912.07,760.41,64.96,154.7,0.976,-1,-1,-1
334,215,1597.46,594.85,50.27,118.89,0.9687,-1,-1,-1
334,146,1248.79,171.94,39.06,68.87,0.9653,-1,-1,-1
334,144,781.09,302.4,30.58,89.92,0.9602,-1,-1,-1
334,197,1159.54,404.38,36.42,102.32,0.959,-1,-1,-1
334,195,167.74,343.97,51.6,101.61,0.9578,-1,-1,-1
334,154,1389.42,237.7,31.2,84.21,0.9554,-1,-1,-1
334,140,651.03,328.79,37.9,96.49,0.9548,-1,-1,-1
334,148,1515.11,177.02,27.49,70.28,0.9544,-1,-1,-1
334,206,1621.03,194.4,25.43,75.57,0.9536,-1,-1,-1
334,211,1459.6,360.78,37.41,96.5,0.9512,-1,-1,-1
334,191,463.27,237.34,23.63,83.74,0.9498,-1,-1,-1
334,192,111.13,464.1,35.43,118.44,0.9466,-1,-1,-1
334,208,1580.63,257.84,34.67,91.47,0.9466,-1,-1,-1
334,136,871.35,398.16,30.03,106.02,0.9395,-1,-1,-1
334,147,706.44,267.04,26.02,78.67,0.9341,-1,-1,-1
334,158,1077.92,157.57,25.88,66.67,0.8842,-1,-1,-1
334,209,1282.47,351.75,31.56,85.54,0.8516,-1,-1,-1
334,204,1291.16,427.17,25.96,87.74,0.8422,-1,-1,-1
334,226,1185.1,268.45,26.49,65.13,0.4843,-1,-1,-1
335,175,909.16,761.19,62.42,155.48,0.973,-1,-1,-1
335,211,1445.98,359.01,47.72,97.16,0.9721,-1,-1,-1
335,195,160.96,344.9,54.54,101.16,0.969,-1,-1,-1
335,215,1590.91,592.37,52.36,122.31,0.9672,-1,-1,-1
335,146,1247.96,172.1,43.75,67.45,0.9663,-1,-1,-1
335,197,1156.29,404.97,36.31,101.72,0.9617,-1,-1,-1
335,148,1513.59,174.24,29.64,72.66,0.9597,-1,-1,-1
335,206,1618.63,193.51,28.46,77.49,0.9587,-1,-1,-1
335,144,778.15,300.27,30.69,93.01,0.9576,-1,-1,-1
335,154,1387.41,236.93,30.86,85.6,0.9576,-1,-1,-1
335,140,646.61,327.9,38.48,101.11,0.9553,-1,-1,-1
335,191,460.6,237.18,24.1,83.11,0.9525,-1,-1,-1
335,192,108.95,463.15,35.33,118.61,0.9454,-1,-1,-1
335,158,1074.66,156.64,27.99,65.85,0.9437,-1,-1,-1
335,208,1580.37,256.96,33.12,90.99,0.9386,-1,-1,-1
335,136,868.14,397.28,29.83,106.48,0.9242,-1,-1,-1
335,147,705.78,266.05,24.15,68.93,0.8944,-1,-1,-1
335,209,1270.97,357.85,36.67,86.7,0.8604,-1,-1,-1
335,204,1292.08,426.53,23.83,88.73,0.8502,-1,-1,-1
335,226,1183.93,268.63,26.06,65.63,0.6311,-1,-1,-1
336,195,152.68,343.77,61.98,104.86,0.9737,-1,-1,-1
336,211,1425.0,358.15,63.2,98.49,0.9696,-1,-1,-1
336,175,904.83,762.05,60.42,156.53,0.9692,-1,-1,-1
336,146,1248.06,170.86,43.52,69.84,0.9678,-1,-1,-1
336,148,1511.55,175.05,30.56,71.73,0.965,-1,-1,-1
336,197,1153.53,405.15,36.03,105.24,0.9646,-1,-1,-1
336,154,1384.61,235.68,30.64,86.85,0.9632,-1,-1,-1
336,215,1585.46,590.89,48.24,125.71,0.9607,-1,-1,-1
336,144,775.83,300.13,31.01,95.36,0.9595,-1,-1,-1
336,209,1259.62,348.39,41.62,92.65,0.9582,-1,-1,-1
336,206,1615.87,192.86,32.09,79.44,0.9578,-1,-1,-1
336,191,457.91,236.64,28.03,84.11,0.9562,-1,-1,-1
336,192,107.07,461.36,35.86,121.31,0.9556,-1,-1,-1
336,158,1072.0,155.05,32.85,67.07,0.952,-1,-1,-1
336,208,1578.73,254.49,31.9,93.57,0.9411,-1,-1,-1
336,136,864.74,395.54,30.9,106.04,0.9387,-1,-1,-1
336,147,702.48,265.69,25.2,78.79,0.9343,-1,-1,-1
336,140,646.65,331.02,35.93,98.67,0.9055,-1,-1,-1
336,226,1182.77,268.18,25.1,71.27,0.8662,-1,-1,-1
336,204,1290.35,422.56,25.33,93.01,0.8455,-1,-1,-1
337,211,1412.92,357.0,67.51,99.46,0.9757,-1,-1,-1
337,175,900.29,761.33,60.24,156.63,0.9745,-1,-1,-1
337,209,1247.06,346.91,44.01,91.3,0.9705,-1,-1,-1
337,195,150.68,344.58,58.23,105.09,0.9699,-1,-1,-1
337,206,1612.35,193.02,37.74,80.11,0.966,-1,-1,-1
337,146,1250.5,174.15,39.89,68.16,0.9657,-1,-1,-1
337,144,772.99,300.02,31.93,96.0,0.9654,-1,-1,-1
337,192,105.68,462.69,37.01,121.39,0.9642,-1,-1,-1
337,208,1576.48,254.86,32.25,92.81,0.9629,-1,-1,-1
337,191,453.28,236.6,35.89,84.35,0.9622,-1,-1,-1
337,215,1578.15,588.35,46.53,128.53,0.9595,-1,-1,-1
337,197,1151.55,407.16,34.07,104.13,0.9585,-1,-1,-1
337,154,1381.88,235.42,29.92,86.96,0.9573,-1,-1,-1
337,148,1511.72,177.67,28.51,70.46,0.9569,-1,-1,-1
337,136,862.88,396.56,30.62,104.79,0.9521,-1,-1,-1
337,158,1070.18,161.25,35.45,60.61,0.9494,-1,-1,-1
337,147,701.05,264.85,24.58,81.52,0.9372,-1,-1,-1
337,140,640.54,326.49,36.88,101.09,0.9291,-1,-1,-1
337,230,1153.75,273.85,37.23,87.93,0.8919,-1,-1,-1
337,226,1181.19,266.1,25.09,81.32,0.8753,-1,-1,-1
337,204,1286.76,425.93,29.23,90.32,0.8691,-1,-1,-1
338,211,1412.83,357.07,67.43,99.54,0.9756,-1,-1,-1
338,175,900.31,761.66,60.34,156.17,0.9746,-1,-1,-1
338,209,1246.93,346.88,44.09,91.36,0.9703,-1,-1,-1
338,195,150.89,344.56,57.81,105.05,0.9696,-1,-1,-1
338,206,1612.35,193.05,37.78,80.1,0.966,-1,-1,-1
338,146,1250.38,174.13,40.1,68.2,0.9658,-1,-1,-1
338,144,772.97,299.99,31.95,95.95,0.9653,-1,-1,-1
338,192,105.59,462.41,37.1,121.75,0.9651,-1,-1,-1
338,208,1576.46,254.9,32.25,92.79,0.9626,-1,-1,-1
338,191,453.3,236.61,35.87,84.35,0.9622,-1,-1,-1
338,215,1578.16,588.22,46.63,128.79,0.9596,-1,-1,-1
338,197,1151.56,407.18,34.06,104.21,0.9588,-1,-1,-1
338,154,1381.88,235.43,29.91,86.84,0.9575,-1,-1,-1
338,148,1511.71,177.6,28.52,70.51,0.9571,-1,-1,-1
338,136,862.87,396.62,30.72,104.77,0.9524,-1,-1,-1
338,158,1070.17,161.61,35.45,60.22,0.9493,-1,-1,-1
338,147,701.07,264.87,24.59,81.55,0.9371,-1,-1,-1
338,140,640.56,326.54,36.74,101.01,0.9243,-1,-1,-1
338,230,1153.75,273.87,37.26,87.86,0.8914,-1,-1,-1
338,226,1181.21,266.12,25.06,81.34,0.8773,-1,-1,-1
338,204,1286.83,426.01,29.19,90.28,0.8676,-1,-1,-1
339,175,895.94,762.24,57.88,156.34,0.9734,-1,-1,-1
339,209,1235.36,346.24,48.44,92.08,0.9729,-1,-1,-1
339,195,148.95,345.17,56.22,106.03,0.9726,-1,-1,-1
339,206,1608.75,193.66,41.27,80.6,0.9718,-1,-1,-1
339,192,103.49,463.3,38.56,122.25,0.9707,-1,-1,-1
339,211,1403.2,359.68,68.61,96.84,0.9707,-1,-1,-1
339,191,449.22,237.54,41.91,82.64,0.9676,-1,-1,-1
339,144,769.19,301.76,33.86,95.78,0.9657,-1,-1,-1
339,208,1573.2,254.56,33.96,93.76,0.9619,-1,-1,-1
339,154,1378.49,236.16,29.84,85.98,0.9574,-1,-1,-1
339,197,1147.89,409.36,34.15,102.26,0.9569,-1,-1,-1
339,158,1068.63,157.79,35.23,64.25,0.9528,-1,-1,-1
339,140,637.97,325.08,36.12,103.66,0.9521,-1,-1,-1
339,148,1511.99,179.63,25.82,69.04,0.9478,-1,-1,-1
339,147,699.38,263.95,25.04,83.22,0.9452,-1,-1,-1
339,215,1575.98,588.5,37.76,127.23,0.9375,-1,-1,-1
339,136,859.98,397.59,31.21,106.46,0.9361,-1,-1,-1
339,146,1255.7,176.21,35.6,66.32,0.9299,-1,-1,-1
339,226,1177.11,264.79,28.61,83.57,0.927,-1,-1,-1
339,204,1282.93,425.63,33.9,94.62,0.8969,-1,-1,-1
339,230,1149.91,272.86,38.83,92.07,0.857,-1,-1,-1
340,175,890.07,762.89,60.43,155.41,0.9756,-1,-1,-1
340,209,1221.19,347.17,56.32,91.73,0.9718,-1,-1,-1
340,195,146.63,346.76,56.8,105.29,0.9715,-1,-1,-1
340,144,764.26,304.2,36.6,94.73,0.9714,-1,-1,-1
340,192,101.24,465.78,41.34,120.01,0.9696,-1,-1,-1
340,191,444.81,237.53,44.41,82.87,0.9687,-1,-1,-1
340,206,1609.63,194.59,40.44,81.22,0.9686,-1,-1,-1
340,197,1144.44,411.67,35.43,101.37,0.9668,-1,-1,-1
340,208,1570.61,256.21,34.81,93.58,0.9665,-1,-1,-1
340,154,1375.05,236.28,30.29,85.28,0.9643,-1,-1,-1
340,211,1398.1,365.27,64.56,91.05,0.9522,-1,-1,-1
340,147,694.38,264.85,28.33,82.11,0.9522,-1,-1,-1
340,158,1068.29,163.39,32.94,58.43,0.9501,-1,-1,-1
340,148,1512.6,180.0,23.97,68.68,0.9449,-1,-1,-1
340,204,1278.29,428.12,37.09,92.98,0.9409,-1,-1,-1
340,215,1567.14,588.02,38.47,131.77,0.9394,-1,-1,-1
340,226,1175.04,263.66,30.73,84.87,0.9295,-1,-1,-1
340,146,1262.83,172.96,32.02,69.39,0.929,-1,-1,-1
340,136,859.35,404.91,28.77,100.19,0.9282,-1,-1,-1
340,140,634.46,324.01,36.94,103.94,0.9186,-1,-1,-1
340,230,1148.18,274.3,37.56,88.84,0.8546,-1,-1,-1
341,209,1210.0,346.27,60.06,92.71,0.9752,-1,-1,-1
341,192,96.45,467.44,51.08,119.66,0.9727,-1,-1,-1
341,191,440.37,236.75,45.31,83.65,0.9724,-1,-1,-1
341,195,143.56,350.04,57.08,105.91,0.9709,-1,-1,-1
341,144,760.04,305.57,39.05,92.78,0.9705,-1,-1,-1
341,175,884.14,763.6,60.53,156.34,0.9699,-1,-1,-1
341,208,1568.48,257.24,38.23,93.02,0.9674,-1,-1,-1
341,197,1142.82,413.18,33.87,102.01,0.9663,-1,-1,-1
341,154,1373.08,235.35,30.41,85.48,0.9654,-1,-1,-1
341,206,1612.29,195.51,37.27,79.08,0.9609,-1,-1,-1
341,211,1395.82,359.41,48.05,97.12,0.9595,-1,-1,-1
341,140,628.72,325.45,40.43,103.24,0.9593,-1,-1,-1
341,147,689.57,266.64,31.49,81.95,0.9567,-1,-1,-1
341,215,1561.16,586.56,40.15,134.0,0.9501,-1,-1,-1
341,148,1513.97,178.21,22.3,69.9,0.9482,-1,-1,-1
341,226,1173.17,263.49,33.94,85.41,0.9391,-1,-1,-1
341,158,1069.84,153.01,30.04,67.75,0.9384,-1,-1,-1
341,146,1266.68,166.88,28.65,75.48,0.928,-1,-1,-1
341,204,1278.48,431.6,37.19,91.61,0.9245,-1,-1,-1
341,136,857.74,408.39,27.24,98.02,0.9158,-1,-1,-1
341,230,1146.29,273.89,37.85,88.42,0.9057,-1,-1,-1
342,175,879.36,764.38,61.94,156.72,0.9734,-1,-1,-1
342,191,437.09,235.56,45.28,85.45,0.9732,-1,-1,-1
342,144,757.67,306.52,40.3,91.21,0.9704,-1,-1,-1
342,208,1567.21,259.83,42.35,88.41,0.9689,-1,-1,-1
342,195,140.92,353.2,59.4,104.38,0.9677,-1,-1,-1
342,192,91.98,467.36,58.89,120.83,0.9664,-1,-1,-1
342,209,1200.2,349.16,60.7,90.65,0.9663,-1,-1,-1
342,197,1140.81,412.93,34.07,103.75,0.9642,-1,-1,-1
342,154,1370.04,235.41,31.47,86.1,0.9624,-1,-1,-1
342,215,1554.53,588.05,42.11,133.67,0.9606,-1,-1,-1
342,206,1616.5,196.67,32.94,77.49,0.9565,-1,-1,-1
342,148,1514.81,176.36,22.06,70.23,0.9526,-1,-1,-1
342,140,624.9,327.19,41.17,104.89,0.947,-1,-1,-1
342,136,853.07,405.32,30.52,102.34,0.9412,-1,-1,-1
342,147,688.16,268.13,31.9,82.54,0.9391,-1,-1,-1
342,226,1171.07,263.74,36.87,86.73,0.9343,-1,-1,-1
342,158,1072.46,150.64,26.95,69.19,0.9241,-1,-1,-1
342,204,1278.12,428.3,36.85,96.19,0.9226,-1,-1,-1
342,146,1266.53,164.97,29.41,74.26,0.8925,-1,-1,-1
342,211,1389.96,360.96,35.21,94.83,0.8923,-1,-1,-1
342,230,1145.67,272.84,36.82,88.73,0.6205,-1,-1,-1
343,175,874.71,764.34,63.63,157.45,0.9801,-1,-1,-1
343,144,757.35,305.69,38.01,93.21,0.9708,-1,-1,-1
343,208,1566.03,260.29,44.47,88.43,0.9693,-1,-1,-1
343,195,140.42,356.12,58.02,102.82,0.9666,-1,-1,-1
343,215,1548.65,588.14,46.21,134.01,0.9665,-1,-1,-1
343,191,435.28,234.72,44.03,85.44,0.9659,-1,-1,-1
343,197,1138.34,413.62,34.65,103.15,0.9641,-1,-1,-1
343,154,1368.28,235.88,31.17,85.36,0.9631,-1,-1,-1
343,192,88.4,469.19,63.77,120.63,0.9618,-1,-1,-1
343,148,1514.04,175.29,22.95,72.36,0.9565,-1,-1,-1
343,206,1621.4,195.81,28.94,77.74,0.9551,-1,-1,-1
343,226,1170.59,265.21,37.79,86.68,0.9546,-1,-1,-1
343,140,620.58,328.61,42.24,105.73,0.9516,-1,-1,-1
343,136,850.57,406.79,30.4,103.35,0.9435,-1,-1,-1
343,204,1276.92,430.09,38.44,94.5,0.9423,-1,-1,-1
343,146,1265.56,167.16,32.3,74.04,0.9382,-1,-1,-1
343,211,1382.76,361.4,30.35,94.56,0.9314,-1,-1,-1
343,147,689.07,269.28,30.33,80.4,0.9217,-1,-1,-1
343,209,1199.2,351.62,47.37,87.99,0.9095,-1,-1,-1
343,158,1075.43,148.75,22.92,69.83,0.8973,-1,-1,-1
343,230,1145.06,272.15,35.9,88.31,0.8088,-1,-1,-1
344,175,874.73,764.41,63.6,157.31,0.98,-1,-1,-1
344,144,757.36,305.69,37.98,93.2,0.9708,-1,-1,-1
344,208,1565.99,260.28,44.49,88.42,0.9692,-1,-1,-1
344,195,140.46,356.15,57.85,102.74,0.967,-1,-1,-1
344,215,1548.62,588.09,46.12,134.04,0.9666,-1,-1,-1
344,191,435.28,234.72,44.02,85.45,0.9659,-1,-1,-1
344,197,1138.33,413.61,34.65,103.2,0.9639,-1,-1,-1
344,154,1368.27,235.87,31.16,85.37,0.963,-1,-1,-1
344,192,88.4,469.21,63.74,120.62,0.9618,-1,-1,-1
344,148,1514.04,175.32,22.94,72.38,0.9566,-1,-1,-1
344,206,1621.34,195.8,29.0,77.72,0.9554,-1,-1,-1
344,226,1170.56,265.22,37.8,86.69,0.9549,-1,-1,-1
344,140,620.58,328.56,42.27,105.74,0.9524,-1,-1,-1
344,204,1276.85,430.02,38.53,94.53,0.946,-1,-1,-1
344,136,850.54,406.8,30.46,103.36,0.9436,-1,-1,-1
344,146,1265.57,166.94,32.33,74.23,0.9373,-1,-1,-1
344,211,1382.81,361.69,30.25,94.23,0.9308,-1,-1,-1
344,147,689.07,269.26,30.33,80.56,0.9216,-1,-1,-1
344,209,1199.19,351.66,47.34,87.92,0.9088,-1,-1,-1
344,158,1075.45,149.21,22.85,69.37,0.9005,-1,-1,-1
344,230,1145.12,272.15,35.82,88.27,0.8156,-1,-1,-1
345,175,870.58,765.71,64.77,156.64,0.9789,-1,-1,-1
345,140,614.77,330.42,46.15,104.46,0.9731,-1,-1,-1
345,215,1542.18,587.92,49.77,137.72,0.9727,-1,-1,-1
345,192,82.89,468.98,66.65,123.1,0.9712,-1,-1,-1
345,208,1566.59,260.48,43.91,88.47,0.9707,-1,-1,-1
345,144,758.43,305.07,34.37,94.55,0.9671,-1,-1,-1
345,197,1137.2,414.39,35.1,102.48,0.9662,-1,-1,-1
345,195,141.56,357.45,72.07,102.78,0.9653,-1,-1,-1
345,191,433.98,234.37,41.96,86.09,0.9646,-1,-1,-1
345,146,1265.49,165.44,38.57,75.63,0.9616,-1,-1,-1
345,211,1372.95,357.53,32.89,95.74,0.9599,-1,-1,-1
345,148,1512.24,175.48,26.5,72.44,0.9582,-1,-1,-1
345,154,1365.61,237.15,31.45,83.61,0.9559,-1,-1,-1
345,209,1192.83,351.02,42.6,88.13,0.9554,-1,-1,-1
345,204,1274.76,428.44,39.43,96.7,0.9524,-1,-1,-1
345,136,848.1,407.18,31.07,102.43,0.949,-1,-1,-1
345,226,1170.13,266.39,38.7,86.68,0.9473,-1,-1,-1
345,206,1624.47,195.47,27.46,78.63,0.9467,-1,-1,-1
345,147,689.69,270.16,29.32,76.82,0.9169,-1,-1,-1
345,158,1077.66,147.13,21.6,71.86,0.8971,-1,-1,-1
345,230,1146.66,271.36,33.67,87.85,0.563,-1,-1,-1
346,175,868.47,766.75,66.45,156.32,0.9753,-1,-1,-1
346,215,1540.11,591.03,48.14,135.11,0.9725,-1,-1,-1
346,192,80.09,469.74,67.6,122.75,0.9715,-1,-1,-1
346,208,1568.18,260.78,42.02,88.72,0.9714,-1,-1,-1
346,195,145.84,359.17,68.63,100.73,0.9674,-1,-1,-1
346,191,433.52,233.83,38.51,86.32,0.967,-1,-1,-1
346,146,1266.61,166.92,42.06,73.99,0.9665,-1,-1,-1
346,197,1137.04,415.12,35.36,102.57,0.9657,-1,-1,-1
346,140,613.01,333.5,43.54,102.3,0.9632,-1,-1,-1
346,148,1510.55,174.96,30.21,73.05,0.9621,-1,-1,-1
346,144,758.6,305.48,32.0,93.7,0.9591,-1,-1,-1
346,154,1364.12,237.33,32.07,84.75,0.9561,-1,-1,-1
346,209,1185.86,351.31,37.52,88.64,0.9546,-1,-1,-1
346,226,1170.16,266.05,39.86,85.94,0.9543,-1,-1,-1
346,136,845.32,407.92,31.88,102.32,0.9523,-1,-1,-1
346,206,1626.13,194.93,28.14,78.48,0.9522,-1,-1,-1
346,158,1076.96,148.87,24.3,70.6,0.9363,-1,-1,-1
346,211,1363.03,358.39,35.66,97.86,0.9354,-1,-1,-1
346,147,689.48,269.49,29.38,79.21,0.9313,-1,-1,-1
346,204,1274.86,428.3,38.07,97.45,0.9256,-1,-1,-1
346,230,1146.93,271.49,32.46,87.12,0.3283,-1,-1,-1
347,175,865.55,767.61,67.14,157.87,0.9752,-1,-1,-1
347,208,1568.6,260.96,41.26,89.74,0.9719,-1,-1,-1
347,192,77.62,470.05,66.68,123.41,0.9716,-1,-1,-1
347,211,1347.65,358.88,45.47,97.88,0.9716,-1,-1,-1
347,195,146.4,359.7,67.28,101.0,0.9703,-1,-1,-1
347,148,1508.79,174.84,34.33,73.86,0.9674,-1,-1,-1
347,146,1270.62,167.47,41.33,75.39,0.9673,-1,-1,-1
347,197,1136.4,416.4,36.32,102.21,0.9658,-1,-1,-1
347,191,434.94,233.99,33.97,84.76,0.9641,-1,-1,-1
347,140,609.59,336.28,40.84,101.71,0.9611,-1,-1,-1
347,154,1362.74,237.78,32.07,85.1,0.9585,-1,-1,-1
347,144,757.25,305.64,31.3,94.09,0.9579,-1,-1,-1
347,147,688.51,269.08,29.55,82.01,0.9576,-1,-1,-1
347,226,1171.17,265.44,38.69,83.79,0.9541,-1,-1,-1
347,209,1179.58,351.16,31.71,87.86,0.9539,-1,-1,-1
347,136,844.12,407.07,32.05,102.52,0.9519,-1,-1,-1
347,206,1629.28,193.97,27.18,80.64,0.9501,-1,-1,-1
347,158,1075.55,150.21,29.03,69.15,0.9469,-1,-1,-1
347,204,1275.08,421.58,35.43,103.04,0.9366,-1,-1,-1
347,215,1535.57,599.81,47.98,127.65,0.9205,-1,-1,-1
348,175,864.09,768.07,66.79,158.9,0.9755,-1,-1,-1
348,195,144.2,359.55,65.25,102.13,0.9735,-1,-1,-1
348,208,1568.17,261.1,41.76,89.83,0.9723,-1,-1,-1
348,211,1336.3,359.53,48.26,96.38,0.9714,-1,-1,-1
348,192,78.83,471.24,61.07,122.99,0.9704,-1,-1,-1
348,148,1509.05,176.38,36.06,73.37,0.9678,-1,-1,-1
348,197,1134.8,417.43,39.27,102.21,0.9675,-1,-1,-1
348,144,755.01,305.3,32.37,94.83,0.9675,-1,-1,-1
348,154,1361.5,237.49,31.85,85.82,0.9632,-1,-1,-1
348,140,604.5,338.11,40.66,100.67,0.9618,-1,-1,-1
348,191,436.93,233.08,28.12,85.94,0.9575,-1,-1,-1
348,215,1534.49,599.73,42.44,128.1,0.9555,-1,-1,-1
348,147,687.82,268.58,29.87,83.59,0.9552,-1,-1,-1
348,146,1276.78,169.31,35.55,74.83,0.9531,-1,-1,-1
348,206,1631.95,193.68,26.61,82.26,0.953,-1,-1,-1
348,158,1075.65,151.59,31.9,67.54,0.9503,-1,-1,-1
348,136,841.22,406.18,35.35,104.22,0.9503,-1,-1,-1
348,209,1172.78,350.19,31.42,88.8,0.9479,-1,-1,-1
348,204,1275.95,424.27,33.08,100.05,0.9397,-1,-1,-1
348,226,1178.11,262.32,31.77,89.93,0.9352,-1,-1,-1
348,230,1147.36,272.18,30.08,88.59,0.4879,-1,-1,-1
349,175,863.5,769.01,66.01,159.1,0.9763,-1,-1,-1
349,192,80.82,471.7,54.71,121.84,0.9753,-1,-1,-1
349,195,141.22,359.49,65.55,103.93,0.9749,-1,-1,-1
349,208,1568.24,260.8,41.32,89.62,0.9721,-1,-1,-1
349,211,1323.84,359.8,53.28,97.78,0.9714,-1,-1,-1
349,197,1132.98,418.54,41.33,101.5,0.9674,-1,-1,-1
349,154,1360.77,236.57,30.82,86.55,0.9654,-1,-1,-1
349,148,1510.93,177.88,37.07,72.47,0.9628,-1,-1,-1
349,209,1165.16,349.61,36.36,88.65,0.9628,-1,-1,-1
349,144,753.62,307.39,30.88,93.23,0.9614,-1,-1,-1
349,215,1528.16,597.69,39.63,130.99,0.9581,-1,-1,-1
349,147,687.48,267.64,29.75,85.67,0.9575,-1,-1,-1
349,206,1633.31,193.99,27.07,82.38,0.957,-1,-1,-1
349,191,438.61,232.58,27.03,85.79,0.955,-1,-1,-1
349,146,1282.33,172.31,31.84,71.26,0.9513,-1,-1,-1
349,158,1075.36,150.17,32.57,68.01,0.948,-1,-1,-1
349,204,1276.0,419.48,32.33,105.26,0.9451,-1,-1,-1
349,226,1180.73,259.26,30.45,90.68,0.9404,-1,-1,-1
349,136,840.34,406.45,36.31,104.6,0.9331,-1,-1,-1
349,140,603.96,342.21,35.6,98.78,0.9316,-1,-1,-1
350,175,863.5,768.97,65.97,159.11,0.9763,-1,-1,-1
350,192,80.87,471.71,54.67,121.82,0.9752,-1,-1,-1
350,195,141.18,359.51,65.58,103.93,0.975,-1,-1,-1
350,208,1568.24,260.78,41.35,89.65,0.9721,-1,-1,-1
350,211,1323.67,359.81,53.41,97.74,0.9709,-1,-1,-1
350,197,1132.98,418.42,41.32,101.62,0.9674,-1,-1,-1
350,154,1360.78,236.57,30.8,86.54,0.9653,-1,-1,-1
350,209,1165.14,349.59,36.3,88.77,0.9629,-1,-1,-1
350,148,1510.9,177.89,37.2,72.46,0.9628,-1,-1,-1
350,144,753.45,306.82,31.24,93.75,0.9609,-1,-1,-1
350,215,1528.16,597.77,39.65,130.93,0.9579,-1,-1,-1
350,147,687.49,267.65,29.74,85.64,0.9573,-1,-1,-1
350,206,1633.32,194.0,27.06,82.38,0.957,-1,-1,-1
350,191,438.62,232.55,27.19,85.82,0.955,-1,-1,-1
350,146,1282.15,172.35,31.98,71.26,0.9521,-1,-1,-1
350,158,1075.29,150.17,32.65,68.03,0.9481,-1,-1,-1
350,204,1276.0,419.48,32.35,105.27,0.9457,-1,-1,-1
350,226,1180.72,259.26,30.42,90.7,0.9398,-1,-1,-1
350,136,840.4,406.49,36.28,104.51,0.9322,-1,-1,-1
350,140,604.12,342.3,35.55,98.78,0.9292,-1,-1,-1
350,231,603.4,339.47,21.9,59.54,0.4329,-1,-1,-1
351,192,85.07,470.36,47.03,124.04,0.976,-1,-1,-1
351,175,863.41,770.17,64.35,160.94,0.9755,-1,-1,-1
351,197,1132.56,420.35,42.82,101.66,0.9731,-1,-1,-1
351,208,1570.03,259.36,39.27,90.05,0.9712,-1,-1,-1
351,195,136.76,358.24,66.13,106.92,0.9663,-1,-1,-1
351,209,1158.25,348.63,36.55,86.92,0.9643,-1,-1,-1
351,154,1359.2,235.73,31.9,87.21,0.9641,-1,-1,-1
351,144,751.06,308.45,31.66,94.01,0.9636,-1,-1,-1
351,148,1514.43,178.39,36.77,71.34,0.9603,-1,-1,-1
351,147,686.77,267.31,29.81,87.12,0.9571,-1,-1,-1
351,191,439.16,231.5,28.52,84.89,0.9554,-1,-1,-1
351,211,1318.25,363.05,52.42,95.7,0.9513,-1,-1,-1
351,206,1635.09,194.76,28.17,82.47,0.9503,-1,-1,-1
351,226,1182.21,258.23,29.53,88.36,0.9496,-1,-1,-1
351,204,1276.35,422.56,32.22,102.12,0.9436,-1,-1,-1
351,158,1076.1,148.6,32.42,68.63,0.9414,-1,-1,-1
351,146,1290.29,168.7,27.49,74.39,0.9307,-1,-1,-1
351,215,1527.12,600.91,34.52,127.37,0.9281,-1,-1,-1
351,136,840.54,407.91,35.93,102.77,0.8957,-1,-1,-1
351,140,608.19,349.21,28.0,94.78,0.8184,-1,-1,-1
351,231,601.15,340.35,24.04,64.09,0.4808,-1,-1,-1
352,175,863.49,771.32,62.44,161.5,0.9749,-1,-1,-1
352,197,1131.43,421.07,43.94,102.19,0.9727,-1,-1,-1
352,195,133.26,358.17,47.8,104.15,0.9716,-1,-1,-1
352,192,88.61,469.55,40.79,125.34,0.9705,-1,-1,-1
352,208,1574.55,256.87,35.4,91.81,0.9682,-1,-1,-1
352,144,748.88,308.99,31.84,94.8,0.968,-1,-1,-1
352,154,1358.06,234.69,32.2,87.88,0.9619,-1,-1,-1
352,191,438.48,231.04,30.99,85.42,0.9598,-1,-1,-1
352,136,837.93,408.5,40.25,102.38,0.9589,-1,-1,-1
352,209,1152.06,351.76,37.71,80.86,0.9585,-1,-1,-1
352,148,1518.05,176.92,34.68,71.76,0.9573,-1,-1,-1
352,147,686.02,267.93,30.3,85.95,0.9565,-1,-1,-1
352,226,1182.42,257.76,29.75,87.79,0.9529,-1,-1,-1
352,206,1636.7,195.86,27.68,81.59,0.9513,-1,-1,-1
352,204,1277.54,426.63,31.51,97.98,0.9513,-1,-1,-1
352,140,598.52,342.23,35.43,102.07,0.9456,-1,-1,-1
352,146,1295.97,166.76,26.85,75.39,0.9372,-1,-1,-1
352,158,1078.19,146.38,30.5,70.47,0.9361,-1,-1,-1
352,215,1524.0,599.51,33.44,129.21,0.933,-1,-1,-1
352,211,1320.86,368.76,39.39,88.04,0.8825,-1,-1,-1
353,175,863.53,772.67,60.97,162.73,0.9763,-1,-1,-1
353,197,1130.83,422.78,44.53,102.36,0.9726,-1,-1,-1
353,192,89.92,469.81,39.76,124.45,0.9705,-1,-1,-1
353,195,129.72,357.81,41.1,106.18,0.968,-1,-1,-1
353,144,746.38,309.21,32.77,92.84,0.965,-1,-1,-1
353,154,1358.02,233.64,31.39,87.38,0.9631,-1,-1,-1
353,136,837.32,411.17,42.67,101.13,0.9631,-1,-1,-1
353,191,436.71,230.01,31.66,86.71,0.9606,-1,-1,-1
353,226,1182.21,257.35,30.34,90.75,0.957,-1,-1,-1
353,147,685.47,269.01,29.74,85.47,0.9569,-1,-1,-1
353,148,1521.84,175.81,30.99,72.29,0.9566,-1,-1,-1
353,206,1638.42,196.82,27.13,80.13,0.9523,-1,-1,-1
353,204,1276.7,429.21,34.33,94.89,0.9508,-1,-1,-1
353,208,1577.97,256.67,32.4,93.84,0.9469,-1,-1,-1
353,215,1516.09,603.14,39.13,126.74,0.9465,-1,-1,-1
353,146,1296.93,165.53,30.75,75.82,0.9403,-1,-1,-1
353,140,594.69,341.24,35.42,102.46,0.9354,-1,-1,-1
353,158,1081.73,146.98,26.55,69.78,0.9303,-1,-1,-1
353,211,1317.11,376.21,38.43,67.96,0.8059,-1,-1,-1
353,209,1144.74,354.44,36.08,85.09,0.7424,-1,-1,-1
354,175,862.52,772.57,60.96,164.02,0.9761,-1,-1,-1
354,197,1130.0,426.7,46.44,97.67,0.9725,-1,-1,-1
354,192,90.17,469.73,40.62,123.33,0.9709,-1,-1,-1
354,215,1504.61,595.84,49.32,134.34,0.9706,-1,-1,-1
354,195,126.15,357.41,41.15,107.63,0.9703,-1,-1,-1
354,136,835.93,412.67,44.22,99.26,0.968,-1,-1,-1
354,154,1357.8,232.9,30.97,86.84,0.963,-1,-1,-1
354,144,744.16,307.67,33.22,94.63,0.961,-1,-1,-1
354,191,433.84,229.14,35.36,86.3,0.9604,-1,-1,-1
354,226,1181.52,257.94,31.53,91.59,0.9598,-1,-1,-1
354,148,1525.77,171.96,29.08,74.75,0.9562,-1,-1,-1
354,147,684.5,269.72,29.68,85.3,0.9553,-1,-1,-1
354,206,1640.27,196.57,28.14,79.36,0.9549,-1,-1,-1
354,140,590.46,340.11,37.27,101.87,0.9547,-1,-1,-1
354,209,1133.54,354.51,41.28,87.01,0.9536,-1,-1,-1
354,146,1297.22,163.4,35.5,76.77,0.9503,-1,-1,-1
354,211,1303.73,368.88,44.14,89.55,0.9386,-1,-1,-1
354,208,1581.05,254.28,30.99,94.68,0.9298,-1,-1,-1
354,158,1086.72,143.32,21.93,70.79,0.9171,-1,-1,-1
354,204,1278.32,432.56,35.01,93.46,0.8566,-1,-1,-1
354,230,1146.53,271.4,34.95,88.57,0.7271,-1,-1,-1
354,233,1276.16,415.97,16.59,46.51,0.602,-1,-1,-1
355,192,89.29,471.49,43.8,121.67,0.9763,-1,-1,-1
355,175,861.59,772.86,61.21,164.26,0.9755,-1,-1,-1
355,197,1130.18,426.01,48.24,98.71,0.9743,-1,-1,-1
355,215,1495.91,597.01,56.94,137.05,0.9728,-1,-1,-1
355,136,833.85,414.92,44.69,96.61,0.9725,-1,-1,-1
355,195,122.02,355.88,42.25,107.96,0.9724,-1,-1,-1
355,191,430.88,228.17,39.81,86.4,0.9695,-1,-1,-1
355,146,1299.16,160.9,40.35,78.3,0.9683,-1,-1,-1
355,144,742.4,306.11,33.51,95.94,0.9679,-1,-1,-1
355,209,1131.18,353.09,38.89,88.92,0.9632,-1,-1,-1
355,154,1357.81,231.24,30.93,87.56,0.9618,-1,-1,-1
355,148,1527.77,169.98,31.12,76.25,0.9562,-1,-1,-1
355,226,1181.6,259.46,36.17,89.76,0.9551,-1,-1,-1
355,140,585.31,337.37,38.03,103.05,0.9532,-1,-1,-1
355,206,1642.94,194.02,28.36,80.24,0.9529,-1,-1,-1
355,211,1299.95,368.33,44.73,89.61,0.9519,-1,-1,-1
355,147,683.68,269.51,28.3,84.01,0.9483,-1,-1,-1
355,208,1582.38,251.82,32.08,94.99,0.9376,-1,-1,-1
355,233,1273.7,420.99,21.09,50.28,0.8523,-1,-1,-1
355,204,1283.74,435.44,32.2,91.37,0.8463,-1,-1,-1
355,230,1146.45,270.36,35.82,89.95,0.8438,-1,-1,-1
355,158,1090.93,140.69,19.93,68.23,0.8121,-1,-1,-1
356,192,89.28,471.46,43.81,121.73,0.9762,-1,-1,-1
356,175,861.57,772.89,61.17,164.22,0.9755,-1,-1,-1
356,197,1130.11,426.04,48.29,98.66,0.9743,-1,-1,-1
356,215,1495.95,597.02,56.82,137.05,0.9728,-1,-1,-1
356,195,122.02,355.93,42.24,107.92,0.9724,-1,-1,-1
356,136,833.71,414.89,44.84,96.66,0.9721,-1,-1,-1
356,191,430.87,228.18,39.79,86.39,0.9695,-1,-1,-1
356,146,1299.22,160.87,40.35,78.33,0.9683,-1,-1,-1
356,144,742.3,306.09,33.63,95.97,0.968,-1,-1,-1
356,209,1131.2,353.13,38.79,88.87,0.9637,-1,-1,-1
356,154,1357.8,231.23,30.97,87.55,0.9618,-1,-1,-1
356,148,1527.81,170.08,31.08,76.06,0.9564,-1,-1,-1
356,226,1181.58,259.45,36.23,89.75,0.9553,-1,-1,-1
356,206,1642.96,194.04,28.33,80.21,0.9528,-1,-1,-1
356,140,585.3,337.33,37.94,103.05,0.9522,-1,-1,-1
356,211,1300.0,368.35,44.7,89.62,0.9513,-1,-1,-1
356,147,683.69,269.51,28.3,84.0,0.9482,-1,-1,-1
356,208,1582.36,251.77,32.12,95.06,0.9362,-1,-1,-1
356,204,1283.89,435.43,31.99,91.44,0.8491,-1,-1,-1
356,233,1273.83,420.94,20.95,50.29,0.849,-1,-1,-1
356,230,1146.45,270.37,35.84,90.0,0.8469,-1,-1,-1
356,158,1090.94,140.57,20.07,68.2,0.8237,-1,-1,-1
357,175,860.73,773.54,61.98,163.84,0.976,-1,-1,-1
357,195,116.86,355.02,42.81,109.51,0.975,-1,-1,-1
357,192,85.04,473.92,58.86,121.7,0.9743,-1,-1,-1
357,197,1132.5,425.5,47.66,99.05,0.9736,-1,-1,-1
357,191,428.39,227.46,41.89,86.24,0.9718,-1,-1,-1
357,146,1300.38,157.96,46.13,79.48,0.9705,-1,-1,-1
357,215,1495.13,602.85,55.52,135.25,0.9695,-1,-1,-1
357,226,1181.54,259.77,41.2,89.99,0.9683,-1,-1,-1
357,140,583.44,336.1,38.39,105.82,0.9678,-1,-1,-1
357,144,740.02,305.64,35.25,94.97,0.9652,-1,-1,-1
357,209,1125.25,351.98,37.05,89.74,0.9646,-1,-1,-1
357,136,834.32,416.16,44.69,96.77,0.9632,-1,-1,-1
357,148,1529.99,168.58,31.81,78.28,0.962,-1,-1,-1
357,154,1357.11,229.6,31.56,88.7,0.962,-1,-1,-1
357,206,1645.53,190.57,28.8,82.35,0.953,-1,-1,-1
357,211,1297.92,366.88,42.09,89.31,0.9489,-1,-1,-1
357,208,1582.72,249.98,33.35,96.2,0.937,-1,-1,-1
357,147,683.72,268.84,27.12,81.57,0.9312,-1,-1,-1
357,204,1275.72,432.71,38.97,94.37,0.9225,-1,-1,-1
357,158,1091.59,139.02,21.97,71.5,0.9015,-1,-1,-1
357,230,1145.56,269.56,37.86,90.17,0.8692,-1,-1,-1
357,233,1273.69,423.32,22.81,53.9,0.5997,-1,-1,-1
358,197,1135.99,425.28,45.64,98.83,0.9766,-1,-1,-1
358,175,859.52,773.47,63.62,164.91,0.9755,-1,-1,-1
358,146,1304.28,158.2,45.86,81.27,0.9753,-1,-1,-1
358,195,112.43,353.56,43.89,110.66,0.9745,-1,-1,-1
358,192,82.75,474.94,58.93,121.53,0.9735,-1,-1,-1
358,191,426.61,227.18,42.41,86.37,0.9732,-1,-1,-1
358,226,1182.63,260.77,44.01,88.42,0.9714,-1,-1,-1
358,215,1498.33,606.95,49.46,132.39,0.9701,-1,-1,-1
358,140,579.06,334.25,40.0,106.08,0.9644,-1,-1,-1
358,154,1357.25,228.78,31.94,90.33,0.9622,-1,-1,-1
358,144,738.35,306.54,35.0,93.64,0.9612,-1,-1,-1
358,209,1121.1,350.52,34.58,90.81,0.9603,-1,-1,-1
358,148,1533.24,168.32,30.95,77.15,0.9587,-1,-1,-1
358,206,1648.17,191.14,29.21,83.14,0.95,-1,-1,-1
358,147,684.25,268.65,25.94,84.25,0.9483,-1,-1,-1
358,208,1584.31,250.46,34.1,95.51,0.9438,-1,-1,-1
358,136,837.09,419.33,44.4,95.11,0.9126,-1,-1,-1
358,158,1090.67,139.86,26.48,68.97,0.8973,-1,-1,-1
358,230,1147.48,269.44,36.03,89.62,0.8881,-1,-1,-1
358,204,1278.51,436.88,32.7,89.72,0.8752,-1,-1,-1
358,211,1309.1,376.18,31.08,54.98,0.8127,-1,-1,-1
358,233,1272.47,428.04,29.62,56.87,0.3816,-1,-1,-1
359,195,106.68,351.99,47.25,111.74,0.9748,-1,-1,-1
359,197,1140.61,423.81,43.33,102.0,0.9742,-1,-1,-1
359,192,81.44,475.48,56.48,120.81,0.9734,-1,-1,-1
359,175,859.44,773.86,63.06,164.98,0.9728,-1,-1,-1
359,226,1183.33,260.72,45.55,87.14,0.9715,-1,-1,-1
359,191,426.18,226.43,40.4,85.97,0.9707,-1,-1,-1
359,215,1498.65,615.83,46.77,125.66,0.9695,-1,-1,-1
359,144,736.91,307.33,35.43,93.44,0.9669,-1,-1,-1
359,136,832.77,417.88,47.82,96.45,0.9661,-1,-1,-1
359,146,1310.76,160.04,41.86,78.78,0.966,-1,-1,-1
359,209,1117.78,347.49,33.73,93.42,0.9655,-1,-1,-1
359,148,1536.33,169.45,30.89,76.38,0.9648,-1,-1,-1
359,154,1357.16,228.6,32.5,90.86,0.9632,-1,-1,-1
359,140,574.92,335.66,39.33,105.31,0.9594,-1,-1,-1
359,206,1650.57,190.11,29.61,84.27,0.959,-1,-1,-1
359,208,1583.78,250.52,36.75,95.37,0.959,-1,-1,-1
359,147,684.81,266.24,26.22,86.74,0.951,-1,-1,-1
359,158,1090.64,140.5,33.22,68.38,0.9496,-1,-1,-1
359,204,1277.96,431.17,34.02,95.84,0.8799,-1,-1,-1
359,230,1148.18,269.41,34.99,88.96,0.8376,-1,-1,-1
359,211,1294.42,380.31,33.58,58.82,0.6238,-1,-1,-1
359,236,1294.55,403.79,28.11,47.8,0.484,-1,-1,-1
360,195,101.41,351.01,50.13,112.35,0.9775,-1,-1,-1
360,197,1142.65,422.71,43.32,105.71,0.9741,-1,-1,-1
360,215,1498.87,611.8,44.92,132.96,0.974,-1,-1,-1
360,192,80.36,474.93,54.67,121.23,0.9734,-1,-1,-1
360,140,569.75,334.31,43.67,106.82,0.9728,-1,-1,-1
360,226,1186.72,260.37,43.3,86.72,0.9723,-1,-1,-1
360,175,857.43,773.87,64.61,165.68,0.9698,-1,-1,-1
360,144,736.74,308.42,34.8,93.21,0.9681,-1,-1,-1
360,209,1108.59,346.98,38.46,93.94,0.9662,-1,-1,-1
360,208,1585.3,252.16,37.35,93.7,0.9658,-1,-1,-1
360,191,426.93,225.26,37.93,86.5,0.9656,-1,-1,-1
360,146,1319.04,163.07,39.06,75.2,0.9656,-1,-1,-1
360,154,1357.35,228.85,32.63,89.49,0.9637,-1,-1,-1
360,148,1539.07,170.65,29.44,76.07,0.9571,-1,-1,-1
360,147,684.95,265.47,26.28,88.37,0.9524,-1,-1,-1
360,206,1651.54,190.57,31.69,83.57,0.9502,-1,-1,-1
360,158,1090.19,137.62,37.92,70.22,0.9502,-1,-1,-1
360,204,1279.26,431.98,34.74,94.95,0.9119,-1,-1,-1
360,136,846.1,432.27,34.17,80.72,0.9097,-1,-1,-1
360,211,1295.47,370.46,39.94,61.08,0.7915,-1,-1,-1
360,236,1291.5,403.5,30.38,48.24,0.6809,-1,-1,-1
361,197,1143.76,422.29,44.84,111.16,0.9745,-1,-1,-1
361,195,96.58,349.88,52.47,113.43,0.9744,-1,-1,-1
361,192,81.07,474.4,51.41,121.82,0.9742,-1,-1,-1
361,215,1498.35,612.39,46.15,134.9,0.9741,-1,-1,-1
361,175,855.56,774.94,66.37,165.93,0.9737,-1,-1,-1
361,209,1103.07,345.64,39.75,96.84,0.9718,-1,-1,-1
361,140,565.83,335.65,46.89,108.3,0.971,-1,-1,-1
361,208,1585.54,253.68,39.4,92.42,0.9676,-1,-1,-1
361,144,737.31,309.52,33.81,92.5,0.9671,-1,-1,-1
361,226,1189.91,260.18,40.47,86.98,0.9668,-1,-1,-1
361,191,428.68,223.91,34.74,87.48,0.9632,-1,-1,-1
361,158,1090.2,137.62,39.69,69.68,0.9618,-1,-1,-1
361,154,1357.16,229.48,32.99,88.58,0.9616,-1,-1,-1
361,206,1653.64,190.47,32.65,84.81,0.9613,-1,-1,-1
361,148,1542.42,172.14,27.92,74.67,0.9568,-1,-1,-1
361,147,685.06,265.08,26.84,88.64,0.9508,-1,-1,-1
361,146,1327.83,162.23,33.9,75.44,0.945,-1,-1,-1
361,204,1280.0,438.28,36.17,90.73,0.9408,-1,-1,-1
361,136,838.15,420.24,41.65,94.93,0.9387,-1,-1,-1
361,211,1287.09,367.46,46.03,71.99,0.8962,-1,-1,-1
362,197,1143.77,422.3,44.79,111.2,0.9744,-1,-1,-1
362,195,96.6,349.87,52.46,113.43,0.9744,-1,-1,-1
362,215,1498.27,612.26,46.22,135.05,0.9742,-1,-1,-1
362,192,81.06,474.43,51.44,121.8,0.9742,-1,-1,-1
362,175,855.65,774.96,66.24,165.95,0.9736,-1,-1,-1
362,209,1103.11,345.63,39.66,96.88,0.9719,-1,-1,-1
362,140,565.8,335.61,46.93,108.35,0.9712,-1,-1,-1
362,208,1585.43,253.67,39.58,92.52,0.9685,-1,-1,-1
362,144,737.28,309.52,33.83,92.54,0.9674,-1,-1,-1
362,226,1189.93,260.12,40.55,87.13,0.9668,-1,-1,-1
362,191,428.67,223.94,34.76,87.47,0.9634,-1,-1,-1
362,158,1090.18,137.6,39.71,69.69,0.962,-1,-1,-1
362,154,1357.16,229.48,32.92,88.57,0.9615,-1,-1,-1
362,206,1653.65,190.46,32.66,84.82,0.9613,-1,-1,-1
362,148,1542.35,172.16,27.99,74.64,0.9568,-1,-1,-1
362,147,685.06,265.08,26.84,88.64,0.9512,-1,-1,-1
362,146,1327.79,162.32,33.99,75.37,0.9455,-1,-1,-1
362,204,1280.0,438.33,36.03,90.7,0.9391,-1,-1,-1
362,136,839.37,420.95,40.38,94.2,0.9311,-1,-1,-1
362,211,1289.36,368.26,44.52,62.05,0.8934,-1,-1,-1
363,192,83.44,473.45,47.15,123.08,0.9757,-1,-1,-1
363,197,1145.46,423.23,45.01,109.33,0.9757,-1,-1,-1
363,175,854.78,775.92,66.8,166.27,0.975,-1,-1,-1
363,215,1496.88,613.75,48.67,134.26,0.973,-1,-1,-1
363,195,92.69,350.96,55.92,112.08,0.9696,-1,-1,-1
363,209,1099.83,346.33,39.39,96.95,0.9691,-1,-1,-1
363,226,1191.74,259.59,39.54,88.59,0.9669,-1,-1,-1
363,144,737.72,310.29,33.62,92.88,0.9667,-1,-1,-1
363,140,562.43,339.87,48.92,108.98,0.9647,-1,-1,-1
363,154,1357.55,229.71,33.04,88.87,0.9608,-1,-1,-1
363,208,1585.75,253.26,41.3,92.16,0.9597,-1,-1,-1
363,191,430.68,222.75,31.56,88.75,0.9581,-1,-1,-1
363,136,833.54,416.78,45.33,99.21,0.9571,-1,-1,-1
363,158,1092.98,136.79,36.67,69.47,0.9565,-1,-1,-1
363,204,1279.01,439.31,38.92,90.67,0.9562,-1,-1,-1
363,148,1545.27,173.04,26.96,73.86,0.9534,-1,-1,-1
363,206,1656.31,192.59,33.28,83.93,0.9485,-1,-1,-1
363,211,1286.17,359.64,47.85,89.29,0.9483,-1,-1,-1
363,147,685.58,266.63,27.24,87.44,0.9456,-1,-1,-1
363,146,1339.15,159.33,27.26,77.14,0.9447,-1,-1,-1
363,230,1156.11,267.7,29.02,90.26,0.576,-1,-1,-1
364,175,854.19,777.63,67.46,166.17,0.9756,-1,-1,-1
364,197,1148.88,424.93,44.19,109.37,0.9746,-1,-1,-1
364,215,1497.14,613.85,49.66,134.33,0.9737,-1,-1,-1
364,192,86.22,471.48,43.03,125.07,0.9734,-1,-1,-1
364,209,1097.07,347.59,40.02,97.11,0.9714,-1,-1,-1
364,195,89.25,351.75,59.5,111.99,0.97,-1,-1,-1
364,211,1285.24,359.4,49.32,92.49,0.9666,-1,-1,-1
364,144,738.11,311.03,33.41,95.13,0.9646,-1,-1,-1
364,140,560.75,341.15,49.98,109.87,0.9641,-1,-1,-1
364,206,1661.03,193.69,31.79,82.98,0.9619,-1,-1,-1
364,154,1358.31,230.2,32.46,89.46,0.9572,-1,-1,-1
364,136,830.83,411.46,47.68,103.9,0.9563,-1,-1,-1
364,226,1193.32,259.02,36.48,89.07,0.956,-1,-1,-1
364,191,431.21,221.45,30.21,90.21,0.9554,-1,-1,-1
364,204,1277.3,437.58,43.45,91.76,0.9544,-1,-1,-1
364,208,1588.43,254.01,41.26,93.98,0.9523,-1,-1,-1
364,147,686.04,267.12,27.88,89.77,0.952,-1,-1,-1
364,148,1550.36,174.1,24.72,72.41,0.9517,-1,-1,-1
364,158,1095.68,136.25,34.89,70.1,0.9432,-1,-1,-1
364,146,1341.25,159.12,28.72,78.19,0.91,-1,-1,-1
365,195,83.98,352.09,63.86,112.82,0.9748,-1,-1,-1
365,175,853.74,778.24,66.82,167.4,0.974,-1,-1,-1
365,192,85.11,470.17,43.74,126.49,0.9717,-1,-1,-1
365,211,1285.42,359.24,49.18,96.32,0.9702,-1,-1,-1
365,209,1096.85,348.26,38.14,96.78,0.9697,-1,-1,-1
365,208,1590.49,253.7,41.52,93.19,0.9693,-1,-1,-1
365,197,1154.27,426.11,42.49,112.56,0.9685,-1,-1,-1
365,215,1502.36,614.77,45.11,136.4,0.9681,-1,-1,-1
365,136,828.91,408.74,48.2,105.24,0.9673,-1,-1,-1
365,204,1277.88,439.37,47.4,90.57,0.9647,-1,-1,-1
365,154,1358.95,231.18,33.17,89.05,0.9634,-1,-1,-1
365,140,557.9,342.44,52.46,108.45,0.9585,-1,-1,-1
365,226,1195.94,259.33,34.26,89.36,0.9568,-1,-1,-1
365,147,686.25,268.65,30.33,89.59,0.9564,-1,-1,-1
365,144,738.65,313.33,33.31,93.54,0.9546,-1,-1,-1
365,148,1554.26,172.58,23.63,73.38,0.9518,-1,-1,-1
365,146,1343.8,158.02,33.35,80.02,0.9509,-1,-1,-1
365,191,431.91,220.67,27.7,89.81,0.9504,-1,-1,-1
365,206,1665.29,194.15,30.79,82.04,0.9502,-1,-1,-1
365,158,1099.45,135.53,32.22,70.37,0.9312,-1,-1,-1
366,195,80.1,352.61,64.38,113.37,0.9743,-1,-1,-1
366,175,851.94,778.52,67.11,168.6,0.9742,-1,-1,-1
366,211,1283.69,359.23,50.84,98.14,0.9721,-1,-1,-1
366,197,1157.22,430.62,41.89,109.17,0.9717,-1,-1,-1
366,136,826.91,408.47,48.77,105.74,0.9711,-1,-1,-1
366,192,83.58,470.81,45.96,126.28,0.9693,-1,-1,-1
366,208,1592.38,253.74,40.43,93.05,0.9665,-1,-1,-1
366,215,1507.36,612.36,42.64,139.34,0.9655,-1,-1,-1
366,204,1281.4,439.19,48.48,91.09,0.9654,-1,-1,-1
366,140,558.37,344.21,50.85,106.79,0.9654,-1,-1,-1
366,226,1197.43,259.88,34.46,89.06,0.963,-1,-1,-1
366,154,1359.58,229.56,33.05,90.82,0.9627,-1,-1,-1
366,146,1347.83,157.12,36.74,80.29,0.9617,-1,-1,-1
366,209,1096.44,348.74,36.13,96.96,0.9598,-1,-1,-1
366,148,1556.48,170.3,25.2,76.69,0.9564,-1,-1,-1
366,144,738.72,314.76,34.33,92.72,0.9524,-1,-1,-1
366,206,1670.28,193.64,28.1,82.5,0.951,-1,-1,-1
366,191,432.01,220.16,26.84,89.87,0.9509,-1,-1,-1
366,147,687.72,270.76,31.13,87.53,0.9448,-1,-1,-1
366,158,1103.24,133.11,28.5,72.27,0.9407,-1,-1,-1
367,175,850.77,779.24,67.05,168.88,0.9753,-1,-1,-1
367,195,76.52,353.93,66.57,112.28,0.9744,-1,-1,-1
367,211,1283.76,359.37,50.69,97.79,0.9712,-1,-1,-1
367,197,1161.74,432.11,40.37,106.73,0.9705,-1,-1,-1
367,136,825.51,410.18,51.98,106.77,0.9695,-1,-1,-1
367,140,556.18,347.49,50.61,103.88,0.9677,-1,-1,-1
367,192,81.77,471.05,47.14,125.67,0.9675,-1,-1,-1
367,208,1597.72,252.18,37.87,94.97,0.9675,-1,-1,-1
367,146,1350.26,158.31,40.7,77.86,0.9674,-1,-1,-1
367,154,1360.38,230.79,32.56,89.86,0.9636,-1,-1,-1
367,204,1281.66,443.49,54.16,88.76,0.9624,-1,-1,-1
367,215,1509.1,611.16,42.1,140.1,0.9614,-1,-1,-1
367,144,738.3,316.0,35.42,91.44,0.9607,-1,-1,-1
367,209,1095.16,348.69,35.23,97.43,0.9572,-1,-1,-1
367,226,1198.76,259.89,35.36,88.92,0.9561,-1,-1,-1
367,148,1557.91,170.1,27.5,77.35,0.9549,-1,-1,-1
367,191,431.73,220.17,27.54,90.18,0.9536,-1,-1,-1
367,147,689.27,271.09,30.43,86.67,0.9513,-1,-1,-1
367,206,1673.04,193.28,27.77,82.36,0.9377,-1,-1,-1
367,158,1109.3,134.26,23.6,70.95,0.9271,-1,-1,-1
368,175,850.82,779.24,67.02,168.89,0.9754,-1,-1,-1
368,195,76.53,353.92,66.58,112.29,0.9744,-1,-1,-1
368,211,1283.66,359.42,50.78,98.02,0.9712,-1,-1,-1
368,197,1161.72,432.14,40.37,106.7,0.9705,-1,-1,-1
368,136,825.52,410.24,51.97,106.71,0.9698,-1,-1,-1
368,140,556.3,347.45,50.38,103.91,0.9678,-1,-1,-1
368,192,81.64,470.94,47.29,125.77,0.9675,-1,-1,-1
368,208,1597.71,252.23,37.89,94.99,0.9675,-1,-1,-1
368,146,1350.27,158.32,40.81,77.8,0.9674,-1,-1,-1
368,154,1360.34,230.82,32.61,89.84,0.9636,-1,-1,-1
368,204,1281.59,443.54,54.35,88.79,0.9623,-1,-1,-1
368,215,1509.12,611.14,42.07,140.07,0.9613,-1,-1,-1
368,144,738.31,315.99,35.4,91.47,0.9605,-1,-1,-1
368,209,1094.97,348.65,35.42,97.51,0.9572,-1,-1,-1
368,226,1198.75,259.9,35.26,88.95,0.9564,-1,-1,-1
368,148,1557.92,170.11,27.46,77.38,0.9549,-1,-1,-1
368,191,431.71,220.18,27.5,90.16,0.9535,-1,-1,-1
368,147,689.29,271.09,30.43,86.64,0.9517,-1,-1,-1
368,206,1673.03,193.24,27.79,82.4,0.9377,-1,-1,-1
368,158,1109.16,133.91,23.58,71.36,0.9267,-1,-1,-1
369,175,849.85,781.14,66.58,168.9,0.9755,-1,-1,-1
369,197,1165.25,433.68,41.41,107.11,0.9724,-1,-1,-1
369,195,71.6,354.75,69.45,111.55,0.9724,-1,-1,-1
369,192,78.73,471.31,49.48,128.2,0.9697,-1,-1,-1
369,146,1355.23,160.03,43.1,78.66,0.9695,-1,-1,-1
369,140,554.94,346.4,48.95,106.44,0.9689,-1,-1,-1
369,211,1283.19,360.16,51.86,97.18,0.9684,-1,-1,-1
369,136,823.09,411.9,53.73,109.67,0.9658,-1,-1,-1
369,208,1599.61,252.86,37.4,94.78,0.9641,-1,-1,-1
369,154,1360.42,230.36,33.05,90.57,0.9637,-1,-1,-1
369,147,690.11,270.76,31.21,87.46,0.9631,-1,-1,-1
369,215,1510.83,611.47,41.38,140.82,0.9628,-1,-1,-1
369,148,1558.27,171.04,29.97,76.73,0.9627,-1,-1,-1
369,144,738.64,316.93,35.21,90.76,0.9615,-1,-1,-1
369,191,431.69,220.19,31.24,89.66,0.9577,-1,-1,-1
369,209,1095.53,347.5,31.89,99.32,0.9521,-1,-1,-1
369,226,1202.59,258.82,34.18,90.1,0.9479,-1,-1,-1
369,204,1284.87,442.56,57.09,79.45,0.9356,-1,-1,-1
369,206,1675.43,194.41,28.2,82.13,0.932,-1,-1,-1
369,158,1113.19,131.55,21.02,71.94,0.9213,-1,-1,-1
370,195,69.11,355.45,70.11,110.73,0.98,-1,-1,-1
370,175,848.9,782.71,64.66,168.43,0.9786,-1,-1,-1
370,197,1166.95,433.15,43.85,107.4,0.9777,-1,-1,-1
370,192,77.7,471.74,53.68,127.68,0.9707,-1,-1,-1
370,211,1283.76,360.64,51.26,96.27,0.9707,-1,-1,-1
370,204,1282.2,444.79,63.87,92.91,0.9688,-1,-1,-1
370,148,1558.05,171.74,33.57,77.01,0.9687,-1,-1,-1
370,140,555.09,346.6,43.24,108.52,0.964,-1,-1,-1
370,136,819.5,415.44,58.02,109.71,0.9639,-1,-1,-1
370,154,1360.45,230.21,32.71,90.6,0.963,-1,-1,-1
370,226,1204.91,258.92,31.64,90.52,0.9613,-1,-1,-1
370,144,738.99,316.22,34.74,91.46,0.9608,-1,-1,-1
370,191,431.37,219.81,33.38,90.36,0.9597,-1,-1,-1
370,146,1365.45,163.39,35.24,75.51,0.9551,-1,-1,-1
370,147,690.99,270.35,32.02,88.66,0.9529,-1,-1,-1
370,208,1602.09,253.5,36.67,93.62,0.9513,-1,-1,-1
370,209,1092.27,348.93,32.8,98.28,0.945,-1,-1,-1
370,206,1678.88,191.88,27.79,87.3,0.945,-1,-1,-1
370,215,1514.2,613.83,41.32,138.41,0.9278,-1,-1,-1
370,158,1114.68,132.49,22.71,71.64,0.9246,-1,-1,-1
370,230,1166.39,267.13,38.6,92.85,0.7771,-1,-1,-1
371,197,1166.24,433.44,49.24,111.21,0.98,-1,-1,-1
371,195,63.0,353.93,74.05,113.1,0.9774,-1,-1,-1
371,175,847.23,784.72,63.68,168.57,0.9763,-1,-1,-1
371,211,1284.41,360.89,49.57,97.4,0.9708,-1,-1,-1
371,192,79.16,473.2,51.05,127.49,0.97,-1,-1,-1
371,140,553.61,344.32,38.32,112.76,0.9693,-1,-1,-1
371,154,1360.31,229.92,33.1,90.63,0.9634,-1,-1,-1
371,191,429.97,220.13,35.02,90.27,0.962,-1,-1,-1
371,144,739.6,315.0,33.79,94.05,0.9617,-1,-1,-1
371,226,1206.39,258.9,31.38,90.79,0.9593,-1,-1,-1
371,148,1560.7,173.67,33.64,77.35,0.9592,-1,-1,-1
371,206,1681.11,192.92,27.7,86.84,0.9571,-1,-1,-1
371,208,1603.9,253.39,36.4,94.71,0.9571,-1,-1,-1
371,136,818.9,421.59,58.78,106.16,0.9547,-1,-1,-1
371,209,1089.31,349.15,34.44,99.38,0.9522,-1,-1,-1
371,147,691.89,269.74,32.37,90.07,0.9514,-1,-1,-1
371,146,1373.02,162.84,31.05,76.1,0.9501,-1,-1,-1
371,215,1519.72,614.45,39.02,139.67,0.9432,-1,-1,-1
371,204,1284.9,446.12,65.85,94.95,0.9316,-1,-1,-1
371,230,1166.99,267.85,40.48,92.65,0.9102,-1,-1,-1
371,158,1115.1,134.97,26.25,69.73,0.8929,-1,-1,-1
372,197,1166.58,433.57,50.57,112.45,0.9786,-1,-1,-1
372,175,845.72,786.5,63.65,171.33,0.9752,-1,-1,-1
372,195,58.65,354.02,72.71,112.23,0.9748,-1,-1,-1
372,211,1284.9,360.91,47.43,98.63,0.9713,-1,-1,-1
372,140,551.43,342.62,38.69,114.76,0.9686,-1,-1,-1
372,208,1605.31,253.11,36.93,96.36,0.967,-1,-1,-1
372,192,74.0,473.33,58.09,126.33,0.9669,-1,-1,-1
372,136,813.79,426.26,65.64,103.14,0.9658,-1,-1,-1
372,191,428.53,219.82,34.88,91.58,0.9655,-1,-1,-1
372,215,1522.14,613.83,39.88,142.81,0.9653,-1,-1,-1
372,204,1292.54,443.29,65.17,103.34,0.9645,-1,-1,-1
372,144,739.21,314.05,34.6,98.39,0.9637,-1,-1,-1
372,154,1360.63,230.06,31.98,90.18,0.9637,-1,-1,-1
372,148,1562.88,176.21,34.62,74.74,0.9621,-1,-1,-1
372,147,693.34,270.5,31.61,89.89,0.955,-1,-1,-1
372,146,1381.53,162.48,27.44,75.5,0.9544,-1,-1,-1
372,226,1208.91,259.6,29.98,89.75,0.9521,-1,-1,-1
372,206,1681.64,195.43,29.14,86.38,0.9495,-1,-1,-1
372,209,1087.53,349.08,34.61,100.26,0.9488,-1,-1,-1
372,230,1167.19,268.15,43.04,92.59,0.9431,-1,-1,-1
372,158,1115.47,138.53,31.06,65.66,0.9366,-1,-1,-1
373,195,54.76,353.52,72.65,112.74,0.9776,-1,-1,-1
373,197,1165.48,434.06,57.02,115.07,0.9775,-1,-1,-1
373,175,841.39,787.25,66.91,173.16,0.9748,-1,-1,-1
373,211,1284.02,361.54,47.5,99.83,0.9731,-1,-1,-1
373,192,72.6,471.41,58.12,128.3,0.9715,-1,-1,-1
373,140,550.27,343.92,39.5,115.83,0.9694,-1,-1,-1
373,215,1523.81,617.92,42.54,143.71,0.9676,-1,-1,-1
373,144,738.37,314.57,35.43,99.92,0.9625,-1,-1,-1
373,154,1360.76,230.15,31.68,91.02,0.9611,-1,-1,-1
373,148,1564.65,176.74,35.24,74.78,0.961,-1,-1,-1
373,147,694.27,271.25,32.13,90.63,0.9594,-1,-1,-1
373,191,427.55,220.11,34.74,90.66,0.9594,-1,-1,-1
373,204,1299.9,445.54,60.29,101.43,0.959,-1,-1,-1
373,209,1085.12,350.42,36.08,99.52,0.9582,-1,-1,-1
373,208,1608.02,253.47,35.59,96.47,0.9579,-1,-1,-1
373,226,1210.76,259.94,29.77,90.35,0.9547,-1,-1,-1
373,136,816.43,433.05,64.24,98.54,0.9518,-1,-1,-1
373,206,1682.37,195.21,30.11,87.63,0.9506,-1,-1,-1
373,146,1388.11,161.37,26.24,76.0,0.9502,-1,-1,-1
373,158,1115.43,139.46,36.72,63.6,0.9467,-1,-1,-1
373,230,1167.42,268.88,42.53,92.43,0.9282,-1,-1,-1
374,195,54.76,353.52,72.64,112.75,0.9775,-1,-1,-1
374,197,1165.41,434.06,57.19,115.12,0.9774,-1,-1,-1
374,175,841.42,786.94,66.85,173.46,0.9747,-1,-1,-1
374,211,1284.0,361.55,47.48,99.85,0.973,-1,-1,-1
374,192,72.58,471.42,58.11,128.29,0.9715,-1,-1,-1
374,140,550.27,343.91,39.53,115.84,0.9694,-1,-1,-1
374,215,1523.77,617.91,42.58,143.84,0.9673,-1,-1,-1
374,144,738.38,314.58,35.42,99.86,0.9625,-1,-1,-1
374,148,1564.63,176.74,35.32,74.79,0.9614,-1,-1,-1
374,154,1360.76,230.15,31.7,91.02,0.961,-1,-1,-1
374,191,427.56,220.12,34.73,90.64,0.9595,-1,-1,-1
374,147,694.27,271.26,32.14,90.58,0.9595,-1,-1,-1
374,209,1084.85,350.44,36.32,99.65,0.9591,-1,-1,-1
374,204,1299.76,445.58,60.42,101.37,0.9584,-1,-1,-1
374,208,1608.02,253.47,35.59,96.44,0.9578,-1,-1,-1
374,226,1210.72,259.92,29.8,90.38,0.9549,-1,-1,-1
374,136,816.64,433.27,64.04,98.36,0.9512,-1,-1,-1
374,206,1682.26,195.17,30.23,87.67,0.9509,-1,-1,-1
374,146,1388.12,161.25,26.21,76.09,0.9503,-1,-1,-1
374,158,1115.43,139.55,36.7,63.52,0.947,-1,-1,-1
374,230,1167.42,268.89,42.49,92.48,0.9292,-1,-1,-1
375,197,1167.13,437.42,60.48,115.0,0.9793,-1,-1,-1
375,175,837.16,789.21,70.34,173.78,0.9749,-1,-1,-1
375,192,72.32,469.99,57.66,130.07,0.9728,-1,-1,-1
375,211,1282.71,360.63,47.19,103.2,0.9725,-1,-1,-1
375,195,49.29,352.57,73.24,113.34,0.9704,-1,-1,-1
375,140,547.8,346.76,42.54,115.67,0.97,-1,-1,-1
375,204,1312.45,445.74,51.49,100.99,0.9684,-1,-1,-1
375,209,1080.92,351.72,38.56,98.14,0.9657,-1,-1,-1
375,144,737.05,315.84,36.09,100.44,0.9655,-1,-1,-1
375,136,809.73,438.02,68.9,98.03,0.9642,-1,-1,-1
375,147,694.95,272.02,32.63,92.31,0.9632,-1,-1,-1
375,154,1360.22,230.46,31.91,91.0,0.9591,-1,-1,-1
375,208,1611.53,253.94,32.29,97.37,0.9586,-1,-1,-1
375,206,1683.66,196.43,30.69,87.08,0.9548,-1,-1,-1
375,226,1211.74,260.07,30.12,90.8,0.9533,-1,-1,-1
375,146,1389.81,162.59,30.2,75.19,0.9532,-1,-1,-1
375,191,427.27,219.64,33.21,91.28,0.9515,-1,-1,-1
375,148,1568.54,177.42,32.29,73.99,0.9504,-1,-1,-1
375,158,1115.7,139.58,38.85,63.87,0.9477,-1,-1,-1
375,215,1526.92,625.85,39.52,137.79,0.9367,-1,-1,-1
375,230,1167.43,269.21,42.33,92.54,0.9162,-1,-1,-1
376,195,45.07,351.77,70.4,114.37,0.9777,-1,-1,-1
376,140,544.91,347.41,45.2,114.82,0.9766,-1,-1,-1
376,211,1280.86,360.4,47.75,103.61,0.9758,-1,-1,-1
376,192,73.97,468.27,53.26,130.76,0.974,-1,-1,-1
376,175,832.57,791.64,73.63,171.79,0.9732,-1,-1,-1
376,144,734.83,318.25,37.39,99.29,0.9721,-1,-1,-1
376,204,1321.31,447.43,46.34,98.54,0.9692,-1,-1,-1
376,197,1169.98,439.75,62.03,114.07,0.9659,-1,-1,-1
376,209,1078.31,352.43,39.57,97.25,0.9658,-1,-1,-1
376,147,695.0,274.15,32.34,91.67,0.963,-1,-1,-1
376,148,1572.22,175.85,31.51,74.92,0.9621,-1,-1,-1
376,136,809.03,437.91,66.57,99.82,0.9614,-1,-1,-1
376,146,1390.91,160.28,34.38,78.43,0.9607,-1,-1,-1
376,154,1359.89,230.84,31.54,90.8,0.9587,-1,-1,-1
376,191,425.51,218.23,33.35,92.81,0.9571,-1,-1,-1
376,158,1116.05,135.06,39.51,68.56,0.9565,-1,-1,-1
376,208,1614.34,255.56,29.76,95.88,0.9563,-1,-1,-1
376,226,1211.41,261.34,32.04,89.81,0.9559,-1,-1,-1
376,206,1685.5,198.37,30.79,84.32,0.9492,-1,-1,-1
376,230,1167.79,269.16,41.33,92.82,0.9288,-1,-1,-1
376,215,1526.7,627.04,38.69,134.11,0.9006,-1,-1,-1
377,192,74.58,466.14,51.99,131.79,0.9764,-1,-1,-1
377,211,1280.53,360.88,47.24,103.86,0.9749,-1,-1,-1
377,195,40.53,350.77,70.78,115.58,0.9749,-1,-1,-1
377,175,828.18,795.19,75.89,167.57,0.9729,-1,-1,-1
377,140,543.16,349.44,44.6,113.11,0.9723,-1,-1,-1
377,146,1392.76,157.44,42.05,81.99,0.9714,-1,-1,-1
377,144,734.55,321.36,37.35,95.34,0.9692,-1,-1,-1
377,197,1177.01,442.8,65.62,110.03,0.9656,-1,-1,-1
377,209,1078.25,354.02,38.05,98.93,0.9645,-1,-1,-1
377,154,1359.24,231.18,32.02,91.25,0.9598,-1,-1,-1
377,191,423.68,217.54,34.55,92.49,0.9593,-1,-1,-1
377,147,695.67,275.43,31.13,90.59,0.9589,-1,-1,-1
377,148,1576.13,174.57,30.82,76.04,0.9588,-1,-1,-1
377,158,1117.73,139.75,37.15,63.97,0.9524,-1,-1,-1
377,208,1616.1,255.98,28.31,95.64,0.951,-1,-1,-1
377,226,1211.85,261.57,33.97,90.22,0.9498,-1,-1,-1
377,206,1687.39,198.01,30.74,83.77,0.9479,-1,-1,-1
377,136,805.36,441.66,64.47,97.96,0.9443,-1,-1,-1
377,215,1529.6,630.95,36.05,136.68,0.899,-1,-1,-1
377,204,1338.16,448.66,34.12,77.81,0.8883,-1,-1,-1
377,230,1168.5,265.97,44.34,94.97,0.6706,-1,-1,-1
378,197,1184.63,445.81,62.78,107.08,0.9735,-1,-1,-1
378,211,1279.94,361.67,46.4,105.21,0.9732,-1,-1,-1
378,192,73.87,465.59,51.15,129.61,0.9729,-1,-1,-1
378,146,1394.62,157.3,46.72,81.6,0.9726,-1,-1,-1
378,195,34.19,349.58,71.42,116.71,0.9714,-1,-1,-1
378,140,541.51,350.44,44.23,112.46,0.9701,-1,-1,-1
378,175,821.47,793.97,80.61,169.35,0.9694,-1,-1,-1
378,204,1321.22,447.96,57.86,98.76,0.9684,-1,-1,-1
378,136,798.96,441.3,58.35,98.42,0.9676,-1,-1,-1
378,209,1076.12,355.1,38.72,98.15,0.965,-1,-1,-1
378,144,734.05,322.67,36.34,94.5,0.9631,-1,-1,-1
378,191,422.71,216.52,34.98,92.51,0.961,-1,-1,-1
378,148,1578.17,173.51,31.36,79.29,0.9607,-1,-1,-1
378,154,1359.13,231.77,31.56,90.72,0.9581,-1,-1,-1
378,226,1213.14,262.63,33.86,91.05,0.9575,-1,-1,-1
378,147,697.36,276.97,29.3,87.95,0.9552,-1,-1,-1
378,158,1119.3,141.47,35.37,61.59,0.9514,-1,-1,-1
378,208,1617.34,256.66,27.32,96.25,0.9475,-1,-1,-1
378,215,1529.72,638.41,38.28,137.24,0.9251,-1,-1,-1
378,206,1688.92,197.3,30.58,85.55,0.8936,-1,-1,-1
378,230,1170.6,266.54,42.69,96.0,0.6741,-1,-1,-1
379,197,1186.44,445.99,67.65,108.02,0.9763,-1,-1,-1
379,175,817.08,793.14,74.26,173.04,0.9743,-1,-1,-1
379,211,1280.26,362.45,44.07,106.0,0.9738,-1,-1,-1
379,192,72.57,464.66,51.24,128.15,0.9736,-1,-1,-1
379,204,1323.22,448.25,61.21,102.28,0.9734,-1,-1,-1
379,195,30.08,349.2,70.49,116.67,0.9729,-1,-1,-1
379,146,1398.24,161.07,45.97,78.79,0.9715,-1,-1,-1
379,140,541.31,350.23,42.59,112.4,0.9699,-1,-1,-1
379,144,734.99,324.06,34.92,92.58,0.9639,-1,-1,-1
379,136,791.64,440.7,59.77,98.73,0.9627,-1,-1,-1
379,209,1074.97,355.08,38.48,97.17,0.9613,-1,-1,-1
379,191,421.15,215.78,35.55,92.62,0.961,-1,-1,-1
379,147,698.83,276.37,28.52,88.85,0.9595,-1,-1,-1
379,154,1358.71,232.1,31.96,91.58,0.9571,-1,-1,-1
379,148,1580.56,173.33,31.48,80.49,0.9566,-1,-1,-1
379,206,1690.45,196.84,30.73,86.04,0.9548,-1,-1,-1
379,226,1213.19,262.99,35.25,91.97,0.9533,-1,-1,-1
379,215,1527.16,634.2,44.55,144.28,0.9498,-1,-1,-1
379,208,1618.11,257.29,27.35,95.5,0.9409,-1,-1,-1
379,158,1122.92,141.42,31.41,60.15,0.9333,-1,-1,-1
380,197,1186.37,446.02,67.84,108.0,0.9763,-1,-1,-1
380,175,817.04,793.12,74.27,173.05,0.9743,-1,-1,-1
380,211,1280.28,362.49,44.08,105.89,0.9737,-1,-1,-1
380,192,72.55,464.66,51.26,128.12,0.9735,-1,-1,-1
380,204,1323.22,448.3,61.27,102.23,0.9734,-1,-1,-1
380,195,30.1,349.2,70.45,116.7,0.9728,-1,-1,-1
380,146,1398.23,161.19,46.02,78.68,0.9713,-1,-1,-1
380,140,541.35,350.21,42.53,112.4,0.9697,-1,-1,-1
380,144,735.16,324.03,34.74,92.62,0.9638,-1,-1,-1
380,136,791.43,440.51,60.04,98.8,0.9633,-1,-1,-1
380,209,1074.72,355.05,38.7,97.24,0.9621,-1,-1,-1
380,191,421.12,215.81,35.57,92.59,0.9608,-1,-1,-1
380,147,698.87,276.4,28.48,88.8,0.9592,-1,-1,-1
380,154,1358.69,232.12,31.95,91.53,0.957,-1,-1,-1
380,148,1580.57,173.34,31.54,80.5,0.9564,-1,-1,-1
380,206,1690.4,196.04,30.99,87.45,0.955,-1,-1,-1
380,226,1213.18,262.98,35.24,91.99,0.9532,-1,-1,-1
380,215,1527.12,634.11,44.58,144.38,0.9505,-1,-1,-1
380,208,1618.1,257.3,27.36,95.49,0.9411,-1,-1,-1
380,158,1122.9,141.44,31.44,60.1,0.9334,-1,-1,-1
381,175,815.04,794.27,66.81,171.89,0.9785,-1,-1,-1
381,204,1326.41,448.48,65.88,103.35,0.9765,-1,-1,-1
381,211,1280.15,363.1,43.29,106.28,0.9741,-1,-1,-1
381,197,1190.83,444.67,71.35,115.02,0.9736,-1,-1,-1
381,192,71.65,464.53,51.32,127.31,0.973,-1,-1,-1
381,140,541.13,349.81,41.08,113.42,0.9712,-1,-1,-1
381,146,1404.49,160.97,40.79,79.17,0.9687,-1,-1,-1
381,195,25.03,349.7,71.67,116.24,0.968,-1,-1,-1
381,148,1583.16,173.58,31.22,80.23,0.9621,-1,-1,-1
381,144,736.85,325.1,33.85,91.18,0.9604,-1,-1,-1
381,206,1692.1,195.18,32.09,90.62,0.96,-1,-1,-1
381,191,420.08,215.12,35.67,92.31,0.9599,-1,-1,-1
381,209,1073.09,354.12,38.88,97.47,0.9575,-1,-1,-1
381,154,1358.17,232.55,32.48,91.91,0.9565,-1,-1,-1
381,226,1214.31,262.62,35.37,92.85,0.9529,-1,-1,-1
381,208,1618.63,257.91,26.91,95.36,0.9444,-1,-1,-1
381,136,788.23,444.14,59.14,94.76,0.9439,-1,-1,-1
381,147,699.79,276.9,27.33,89.11,0.9417,-1,-1,-1
381,230,1179.22,268.24,31.81,92.78,0.9264,-1,-1,-1
381,158,1126.75,141.47,27.34,60.91,0.9142,-1,-1,-1
381,215,1531.11,636.58,37.55,135.94,0.9011,-1,-1,-1
382,197,1195.7,445.84,73.48,116.22,0.9776,-1,-1,-1
382,136,773.52,437.02,71.65,102.16,0.9764,-1,-1,-1
382,211,1279.49,363.02,43.61,106.46,0.9749,-1,-1,-1
382,195,19.77,351.08,70.29,115.09,0.9745,-1,-1,-1
382,175,810.05,795.19,65.21,171.57,0.9726,-1,-1,-1
382,140,541.56,349.88,39.6,113.88,0.9712,-1,-1,-1
382,204,1331.99,449.16,65.19,105.37,0.97,-1,-1,-1
382,192,69.44,464.56,55.42,127.39,0.969,-1,-1,-1
382,206,1693.94,195.72,32.29,90.49,0.9623,-1,-1,-1
382,146,1412.9,162.41,36.74,77.09,0.9597,-1,-1,-1
382,191,418.85,214.91,35.79,92.19,0.9583,-1,-1,-1
382,226,1215.53,263.04,34.73,93.09,0.957,-1,-1,-1
382,144,738.14,325.53,33.59,92.18,0.957,-1,-1,-1
382,148,1585.3,175.18,31.3,80.02,0.9566,-1,-1,-1
382,209,1072.56,354.22,37.86,97.15,0.9562,-1,-1,-1
382,215,1529.9,636.76,40.91,141.75,0.9536,-1,-1,-1
382,208,1618.85,258.46,27.17,95.21,0.9504,-1,-1,-1
382,154,1358.4,232.22,32.45,92.75,0.9504,-1,-1,-1
382,147,701.5,276.51,27.09,91.23,0.9463,-1,-1,-1
382,158,1132.19,145.23,22.3,57.25,0.9148,-1,-1,-1
382,230,1182.22,267.58,30.16,92.61,0.8433,-1,-1,-1
383,197,1200.79,446.43,79.34,116.51,0.9743,-1,-1,-1
383,211,1278.08,362.96,43.79,106.29,0.9732,-1,-1,-1
383,140,541.21,350.51,39.6,115.59,0.9708,-1,-1,-1
383,192,68.07,465.79,62.59,127.31,0.9705,-1,-1,-1
383,136,766.41,436.67,77.02,102.94,0.9698,-1,-1,-1
383,195,12.83,351.03,72.11,116.32,0.9691,-1,-1,-1
383,206,1695.36,197.28,33.04,90.72,0.9667,-1,-1,-1
383,148,1587.94,177.78,30.67,79.19,0.9618,-1,-1,-1
383,191,417.98,214.69,35.35,92.27,0.9615,-1,-1,-1
383,209,1071.45,354.24,37.6,98.79,0.9612,-1,-1,-1
383,175,807.09,795.19,63.28,170.6,0.9602,-1,-1,-1
383,215,1529.86,635.94,42.01,143.27,0.9571,-1,-1,-1
383,208,1619.08,258.2,27.84,95.75,0.9563,-1,-1,-1
383,147,702.18,275.08,29.02,92.69,0.9555,-1,-1,-1
383,144,739.5,325.22,32.5,96.79,0.9549,-1,-1,-1
383,154,1358.07,232.39,33.1,93.53,0.9515,-1,-1,-1
383,226,1218.81,263.41,33.67,92.17,0.949,-1,-1,-1
383,146,1425.01,162.04,28.16,77.36,0.946,-1,-1,-1
383,204,1348.14,449.47,57.82,109.04,0.9243,-1,-1,-1
383,158,1137.7,137.83,19.88,64.1,0.8757,-1,-1,-1
383,230,1184.03,267.5,29.66,92.2,0.7323,-1,-1,-1
384,195,6.43,350.8,75.32,116.05,0.9765,-1,-1,-1
384,192,67.58,465.69,66.72,128.73,0.9742,-1,-1,-1
384,175,802.35,795.23,64.66,172.82,0.9735,-1,-1,-1
384,211,1275.25,363.01,46.3,106.54,0.9713,-1,-1,-1
384,136,759.9,437.46,79.2,103.76,0.9701,-1,-1,-1
384,197,1215.11,448.12,77.04,117.59,0.9685,-1,-1,-1
384,140,541.06,352.07,39.93,116.45,0.968,-1,-1,-1
384,191,417.14,214.88,34.5,91.29,0.9651,-1,-1,-1
384,209,1070.4,354.92,37.36,98.69,0.9644,-1,-1,-1
384,148,1590.22,179.69,29.37,77.89,0.9637,-1,-1,-1
384,144,740.18,325.56,33.2,98.08,0.9594,-1,-1,-1
384,215,1530.62,634.01,42.58,147.17,0.9592,-1,-1,-1
384,208,1620.07,258.46,28.16,96.4,0.9587,-1,-1,-1
384,147,702.97,276.03,29.86,92.33,0.9586,-1,-1,-1
384,226,1221.76,263.12,32.23,92.41,0.9555,-1,-1,-1
384,154,1358.34,232.52,33.07,93.83,0.9547,-1,-1,-1
384,206,1697.14,199.59,32.82,88.05,0.9495,-1,-1,-1
384,146,1430.86,159.64,25.7,80.62,0.9466,-1,-1,-1
384,204,1369.11,457.53,39.61,100.88,0.9174,-1,-1,-1
384,158,1142.06,147.13,18.01,56.03,0.8906,-1,-1,-1
384,230,1185.37,267.12,33.15,93.75,0.4312,-1,-1,-1
385,175,798.81,795.54,66.93,173.13,0.9768,-1,-1,-1
385,197,1227.99,450.3,71.98,116.17,0.9743,-1,-1,-1
385,195,5.15,350.6,73.25,116.76,0.9718,-1,-1,-1
385,209,1069.03,355.08,38.37,101.81,0.9679,-1,-1,-1
385,140,540.92,353.71,40.33,118.23,0.9668,-1,-1,-1
385,144,740.67,326.32,35.49,100.85,0.9662,-1,-1,-1
385,192,68.11,465.37,71.74,129.23,0.9648,-1,-1,-1
385,191,416.15,214.57,34.73,92.18,0.9636,-1,-1,-1
385,215,1531.71,631.42,44.98,149.05,0.9629,-1,-1,-1
385,211,1273.8,363.9,46.11,105.47,0.9614,-1,-1,-1
385,208,1621.62,259.31,28.67,96.1,0.959,-1,-1,-1
385,154,1358.56,232.43,33.19,93.88,0.9543,-1,-1,-1
385,206,1701.74,201.35,32.38,88.0,0.9526,-1,-1,-1
385,148,1592.91,179.48,28.47,77.93,0.9524,-1,-1,-1
385,147,703.96,278.13,31.22,92.13,0.9466,-1,-1,-1
385,146,1434.22,159.21,28.72,80.05,0.9407,-1,-1,-1
385,136,756.92,442.73,75.43,98.04,0.9399,-1,-1,-1
385,226,1225.22,263.86,31.97,91.09,0.938,-1,-1,-1
385,158,1142.32,126.44,23.33,75.83,0.911,-1,-1,-1
385,204,1378.54,467.52,24.11,81.68,0.6398,-1,-1,-1
385,230,1187.72,266.88,33.44,95.32,0.441,-1,-1,-1
386,175,798.79,795.46,66.94,173.22,0.9769,-1,-1,-1
386,197,1227.99,450.31,71.78,116.19,0.974,-1,-1,-1
386,195,3.67,350.32,74.05,116.79,0.9716,-1,-1,-1
386,209,1069.01,355.07,38.42,101.94,0.9683,-1,-1,-1
386,140,540.96,353.72,40.33,118.22,0.9666,-1,-1,-1
386,144,740.62,326.29,35.49,100.82,0.9659,-1,-1,-1
386,192,68.15,465.36,71.36,129.21,0.965,-1,-1,-1
386,191,416.14,214.57,34.71,92.17,0.9637,-1,-1,-1
386,215,1531.68,631.24,45.07,149.19,0.9629,-1,-1,-1
386,211,1273.86,363.91,46.05,105.47,0.9616,-1,-1,-1
386,208,1621.63,259.32,28.67,96.09,0.9592,-1,-1,-1
386,154,1358.55,232.42,33.19,93.92,0.9542,-1,-1,-1
386,206,1701.74,201.34,32.41,88.05,0.9528,-1,-1,-1
386,148,1592.92,179.5,28.45,77.91,0.9521,-1,-1,-1
386,147,703.95,278.13,31.22,92.03,0.9472,-1,-1,-1
386,146,1434.14,159.24,28.76,80.08,0.9413,-1,-1,-1
386,136,756.8,442.54,75.54,98.28,0.9401,-1,-1,-1
386,226,1225.17,263.87,32.02,91.03,0.9392,-1,-1,-1
386,158,1142.28,126.36,23.41,75.92,0.9101,-1,-1,-1
386,242,1370.14,524.36,17.1,34.05,0.7327,-1,-1,-1
386,243,1393.11,452.26,30.64,62.73,0.6603,-1,-1,-1
386,204,1378.78,467.18,23.31,82.12,0.6258,-1,-1,-1
386,230,1187.72,266.85,33.46,95.44,0.4855,-1,-1,-1
387,197,1234.51,453.47,69.69,113.09,0.9778,-1,-1,-1
387,175,795.62,798.38,69.58,172.05,0.9769,-1,-1,-1
387,140,540.28,356.66,43.4,115.96,0.9717,-1,-1,-1
387,195,1.27,350.69,75.56,117.39,0.9714,-1,-1,-1
387,144,740.85,329.32,36.65,99.2,0.9706,-1,-1,-1
387,209,1067.55,356.66,39.66,101.79,0.9684,-1,-1,-1
387,211,1271.37,363.88,46.66,104.88,0.9657,-1,-1,-1
387,191,415.28,214.94,35.41,91.83,0.9637,-1,-1,-1
387,154,1360.15,233.05,32.23,92.67,0.9594,-1,-1,-1
387,208,1622.56,261.55,28.82,93.54,0.9572,-1,-1,-1
387,136,751.0,445.99,71.2,101.49,0.9565,-1,-1,-1
387,192,68.51,466.33,81.05,128.12,0.956,-1,-1,-1
387,148,1596.28,178.73,27.32,79.01,0.9529,-1,-1,-1
387,226,1228.5,263.68,31.02,91.46,0.9498,-1,-1,-1
387,206,1704.55,203.45,32.25,86.94,0.9377,-1,-1,-1
387,215,1534.88,635.74,46.11,144.27,0.9373,-1,-1,-1
387,147,704.64,279.24,31.35,90.47,0.9281,-1,-1,-1
387,146,1437.67,161.56,29.96,79.71,0.923,-1,-1,-1
387,158,1142.63,128.53,28.45,73.32,0.9077,-1,-1,-1
387,204,1374.65,456.85,56.22,103.27,0.8936,-1,-1,-1
387,230,1190.93,267.71,33.35,95.53,0.6082,-1,-1,-1
388,140,540.45,359.21,45.71,113.14,0.9742,-1,-1,-1
388,204,1374.29,457.29,65.41,104.01,0.974,-1,-1,-1
388,211,1265.92,365.07,48.69,104.49,0.9718,-1,-1,-1
388,197,1243.16,457.53,63.93,110.1,0.9717,-1,-1,-1
388,175,791.73,799.62,72.66,172.49,0.9716,-1,-1,-1
388,144,743.5,332.39,37.69,96.1,0.9688,-1,-1,-1
388,209,1066.57,358.28,40.24,103.64,0.9686,-1,-1,-1
388,192,69.55,468.2,84.29,126.93,0.9653,-1,-1,-1
388,154,1360.48,233.45,32.6,93.4,0.9643,-1,-1,-1
388,195,0.96,350.92,66.8,116.17,0.9643,-1,-1,-1
388,191,414.93,214.9,35.42,92.59,0.9595,-1,-1,-1
388,148,1599.17,178.71,27.11,79.9,0.9589,-1,-1,-1
388,147,707.0,280.33,33.32,91.26,0.9585,-1,-1,-1
388,208,1622.5,260.57,30.69,95.89,0.9556,-1,-1,-1
388,146,1440.29,159.96,35.0,82.1,0.9536,-1,-1,-1
388,158,1142.65,133.0,35.08,69.16,0.9438,-1,-1,-1
388,206,1707.1,205.05,31.58,87.05,0.9372,-1,-1,-1
388,215,1536.62,633.87,48.46,150.3,0.9271,-1,-1,-1
388,226,1231.73,266.39,31.69,90.5,0.921,-1,-1,-1
388,136,743.23,453.66,50.81,94.08,0.8965,-1,-1,-1
388,230,1192.14,272.81,36.72,92.39,0.2746,-1,-1,-1
389,204,1378.35,458.2,73.43,105.97,0.9757,-1,-1,-1
389,140,541.65,360.51,45.85,112.89,0.9755,-1,-1,-1
389,197,1249.19,461.76,63.58,106.39,0.9744,-1,-1,-1
389,175,788.36,801.61,75.74,169.78,0.9741,-1,-1,-1
389,215,1536.59,639.78,54.76,148.11,0.9714,-1,-1,-1
389,146,1442.75,160.82,38.27,81.48,0.9709,-1,-1,-1
389,192,69.04,469.89,88.73,128.31,0.9706,-1,-1,-1
389,144,744.46,334.07,38.1,95.47,0.9705,-1,-1,-1
389,209,1065.11,360.03,41.35,103.72,0.9696,-1,-1,-1
389,211,1265.55,369.18,47.66,102.81,0.9675,-1,-1,-1
389,195,0.0,350.67,62.69,116.83,0.9669,-1,-1,-1
389,154,1360.64,234.49,32.51,93.74,0.9666,-1,-1,-1
389,208,1620.24,259.15,35.0,100.08,0.962,-1,-1,-1
389,148,1600.42,178.8,28.18,81.11,0.9611,-1,-1,-1
389,136,732.8,452.39,56.41,96.77,0.9559,-1,-1,-1
389,226,1232.22,266.63,34.86,91.97,0.9553,-1,-1,-1
389,191,413.79,216.4,36.31,91.59,0.9552,-1,-1,-1
389,206,1709.29,204.85,30.5,87.28,0.9479,-1,-1,-1
389,147,710.53,281.81,33.45,91.18,0.9462,-1,-1,-1
389,158,1143.31,132.5,37.79,70.55,0.9083,-1,-1,-1
389,230,1192.81,273.26,38.08,92.6,0.5213,-1,-1,-1
390,192,71.12,472.6,91.75,125.88,0.978,-1,-1,-1
390,140,543.02,361.07,46.69,114.46,0.9772,-1,-1,-1
390,215,1537.55,646.15,61.33,144.96,0.9768,-1,-1,-1
390,204,1382.59,459.71,81.04,106.3,0.9751,-1,-1,-1
390,175,784.97,803.82,79.95,167.33,0.9716,-1,-1,-1
390,197,1257.5,465.59,71.82,104.68,0.9716,-1,-1,-1
390,144,747.02,334.98,36.9,94.81,0.9695,-1,-1,-1
390,226,1235.18,269.33,37.92,89.49,0.9679,-1,-1,-1
390,211,1266.12,368.82,46.06,104.38,0.9671,-1,-1,-1
390,195,0.0,351.56,60.98,116.0,0.9666,-1,-1,-1
390,209,1065.96,363.15,40.58,100.18,0.9655,-1,-1,-1
390,146,1446.91,163.21,37.87,82.7,0.9655,-1,-1,-1
390,154,1361.6,236.23,33.61,93.15,0.9645,-1,-1,-1
390,136,728.57,454.21,57.21,96.56,0.964,-1,-1,-1
390,148,1602.73,179.54,29.21,81.73,0.9611,-1,-1,-1
390,191,413.91,216.88,37.23,90.74,0.9611,-1,-1,-1
390,208,1619.96,259.69,37.1,101.26,0.9607,-1,-1,-1
390,206,1711.84,203.76,29.61,88.88,0.9499,-1,-1,-1
390,158,1144.1,140.63,38.85,63.63,0.9409,-1,-1,-1
390,147,713.31,282.79,33.25,89.52,0.9408,-1,-1,-1
390,230,1194.86,275.18,38.54,90.66,0.8407,-1,-1,-1
390,245,1262.85,368.48,27.39,60.34,0.5425,-1,-1,-1
391,175,781.86,803.45,83.89,168.28,0.9807,-1,-1,-1
391,140,545.63,361.82,46.51,114.97,0.9785,-1,-1,-1
391,204,1393.6,461.78,78.44,109.68,0.975,-1,-1,-1
391,192,73.71,473.41,89.72,125.65,0.9747,-1,-1,-1
391,197,1265.02,471.2,77.14,103.32,0.974,-1,-1,-1
391,211,1264.46,368.13,47.3,108.17,0.9722,-1,-1,-1
391,226,1235.99,270.41,40.43,90.31,0.9716,-1,-1,-1
391,209,1065.43,363.46,41.99,100.82,0.9705,-1,-1,-1
391,215,1538.3,650.53,62.47,143.72,0.9703,-1,-1,-1
391,136,708.76,445.0,76.52,107.31,0.9683,-1,-1,-1
391,208,1619.06,261.81,38.51,98.69,0.9663,-1,-1,-1
391,191,413.33,217.47,37.72,90.29,0.9647,-1,-1,-1
391,144,748.84,335.53,36.13,97.49,0.9644,-1,-1,-1
391,148,1601.68,180.69,32.43,82.73,0.9634,-1,-1,-1
391,195,0.0,350.81,59.35,117.86,0.9634,-1,-1,-1
391,146,1453.28,165.46,34.44,81.39,0.9611,-1,-1,-1
391,154,1362.85,236.94,34.53,93.03,0.9604,-1,-1,-1
391,206,1714.28,203.79,29.82,91.01,0.9536,-1,-1,-1
391,158,1145.69,133.95,39.06,70.75,0.9519,-1,-1,-1
391,147,716.56,282.28,32.62,92.83,0.9436,-1,-1,-1
391,230,1196.37,277.44,39.7,90.52,0.8124,-1,-1,-1
392,175,781.76,803.41,83.99,168.27,0.9808,-1,-1,-1
392,140,545.54,361.8,46.58,114.99,0.9786,-1,-1,-1
392,204,1393.41,461.7,78.65,109.75,0.9753,-1,-1,-1
392,192,73.76,473.41,89.73,125.61,0.9747,-1,-1,-1
392,197,1264.93,471.21,77.31,103.29,0.9739,-1,-1,-1
392,211,1264.51,368.08,47.18,108.19,0.972,-1,-1,-1
392,226,1235.98,270.45,40.6,90.26,0.9718,-1,-1,-1
392,209,1065.45,363.46,41.99,100.87,0.9706,-1,-1,-1
392,215,1538.35,650.53,62.42,143.71,0.9704,-1,-1,-1
392,136,708.57,444.93,76.69,107.42,0.9684,-1,-1,-1
392,208,1618.86,261.69,38.67,98.83,0.9662,-1,-1,-1
392,191,413.33,217.43,37.67,90.33,0.9648,-1,-1,-1
392,144,748.78,335.53,36.22,97.44,0.9645,-1,-1,-1
392,195,0.0,350.79,59.53,117.95,0.9639,-1,-1,-1
392,148,1601.69,180.8,32.38,82.62,0.9634,-1,-1,-1
392,146,1453.3,165.38,34.43,81.45,0.9608,-1,-1,-1
392,154,1362.85,236.92,34.43,93.08,0.9602,-1,-1,-1
392,206,1714.27,203.77,29.85,91.09,0.9535,-1,-1,-1
392,158,1145.67,134.23,39.12,70.47,0.9516,-1,-1,-1
392,147,716.54,282.29,32.79,92.89,0.944,-1,-1,-1
392,230,1196.38,277.44,39.64,90.5,0.8024,-1,-1,-1
393,175,779.99,802.48,86.63,167.59,0.9791,-1,-1,-1
393,192,83.74,471.86,86.19,125.37,0.9756,-1,-1,-1
393,215,1535.37,654.04,65.01,141.46,0.9746,-1,-1,-1
393,226,1236.48,273.27,41.83,89.06,0.9736,-1,-1,-1
393,211,1263.4,370.64,46.24,106.8,0.9729,-1,-1,-1
393,209,1065.87,364.65,41.83,100.61,0.9699,-1,-1,-1
393,136,705.29,445.21,75.95,107.76,0.9688,-1,-1,-1
393,208,1615.59,264.68,40.85,97.08,0.9685,-1,-1,-1
393,197,1267.91,475.71,74.4,101.12,0.9681,-1,-1,-1
393,144,751.57,336.39,36.74,101.31,0.9677,-1,-1,-1
393,191,415.48,219.44,38.29,89.73,0.965,-1,-1,-1
393,148,1598.68,184.06,34.72,82.27,0.9647,-1,-1,-1
393,140,551.98,362.65,45.56,115.71,0.964,-1,-1,-1
393,195,0.0,352.16,60.19,118.1,0.964,-1,-1,-1
393,154,1361.9,239.17,35.4,92.94,0.9583,-1,-1,-1
393,158,1147.64,133.2,38.13,75.11,0.9578,-1,-1,-1
393,147,720.58,283.76,32.57,92.69,0.9469,-1,-1,-1
393,204,1425.11,466.77,50.22,106.17,0.9469,-1,-1,-1
393,206,1712.68,206.73,29.51,91.14,0.9464,-1,-1,-1
393,146,1459.38,168.17,28.88,79.66,0.9404,-1,-1,-1
393,230,1197.72,277.27,38.31,93.6,0.8643,-1,-1,-1
394,175,776.94,803.16,89.08,166.87,0.9809,-1,-1,-1
394,209,1067.38,364.47,41.79,100.72,0.9748,-1,-1,-1
394,136,699.97,446.44,75.38,107.92,0.9732,-1,-1,-1
394,215,1534.73,659.44,66.19,139.11,0.9715,-1,-1,-1
394,226,1238.11,275.19,41.58,88.64,0.9702,-1,-1,-1
394,140,554.84,362.88,45.23,117.12,0.9697,-1,-1,-1
394,192,90.94,472.55,82.65,124.82,0.9686,-1,-1,-1
394,197,1275.07,477.54,69.41,101.72,0.9686,-1,-1,-1
394,211,1263.74,373.65,44.07,102.27,0.9676,-1,-1,-1
394,208,1615.89,265.66,41.58,97.74,0.9672,-1,-1,-1
394,195,0.0,352.3,52.67,118.14,0.9656,-1,-1,-1
394,191,416.12,219.14,37.79,90.1,0.965,-1,-1,-1
394,154,1363.73,240.13,36.27,91.77,0.963,-1,-1,-1
394,144,754.26,337.65,36.89,101.16,0.9628,-1,-1,-1
394,148,1601.32,187.43,35.19,81.79,0.9577,-1,-1,-1
394,204,1430.31,467.25,51.94,106.87,0.9575,-1,-1,-1
394,230,1201.83,277.35,36.94,93.62,0.9498,-1,-1,-1
394,147,724.35,283.93,30.73,93.92,0.9486,-1,-1,-1
394,146,1467.18,170.06,27.95,78.13,0.9424,-1,-1,-1
394,158,1151.96,135.44,34.83,72.96,0.9398,-1,-1,-1
394,206,1714.3,208.13,29.13,91.36,0.9349,-1,-1,-1
395,175,773.95,805.06,91.45,161.54,0.9838,-1,-1,-1
395,140,557.28,364.15,43.91,116.68,0.9773,-1,-1,-1
395,197,1277.7,479.33,68.0,101.73,0.9738,-1,-1,-1
395,226,1240.54,274.77,41.41,89.56,0.971,-1,-1,-1
395,215,1536.18,673.06,65.75,128.5,0.97,-1,-1,-1
395,209,1070.06,365.59,41.61,99.03,0.9692,-1,-1,-1
395,211,1264.62,373.84,42.65,102.67,0.968,-1,-1,-1
395,192,94.85,471.4,79.03,126.59,0.9667,-1,-1,-1
395,144,756.9,339.92,37.96,100.96,0.9665,-1,-1,-1
395,204,1449.38,468.13,41.32,105.39,0.9665,-1,-1,-1
395,136,693.94,447.91,70.93,106.78,0.9661,-1,-1,-1
395,148,1603.54,190.57,36.84,79.75,0.9652,-1,-1,-1
395,208,1615.92,266.51,43.94,96.68,0.9648,-1,-1,-1
395,191,416.36,218.68,36.96,90.78,0.9638,-1,-1,-1
395,154,1366.12,240.88,36.41,91.82,0.9625,-1,-1,-1
395,195,0.11,353.08,45.4,116.35,0.9597,-1,-1,-1
395,147,726.84,285.36,32.18,93.7,0.9542,-1,-1,-1
395,206,1715.05,210.27,30.97,91.44,0.9491,-1,-1,-1
395,146,1473.97,169.67,25.87,79.0,0.9461,-1,-1,-1
395,158,1157.22,136.86,31.56,70.73,0.9423,-1,-1,-1
395,230,1207.56,277.51,33.13,94.66,0.9,-1,-1,-1
396,140,560.49,365.61,43.02,116.32,0.9787,-1,-1,-1
396,175,769.39,806.65,85.75,157.18,0.9756,-1,-1,-1
396,197,1279.64,480.17,66.35,104.02,0.9746,-1,-1,-1
396,209,1072.86,366.01,41.02,98.32,0.9716,-1,-1,-1
396,204,1457.83,470.97,42.91,102.99,0.9685,-1,-1,-1
396,226,1244.19,274.82,40.11,90.62,0.9684,-1,-1,-1
396,144,759.21,343.49,38.52,98.97,0.9677,-1,-1,-1
396,195,0.0,354.95,38.94,112.92,0.967,-1,-1,-1
396,211,1266.73,375.41,40.36,102.0,0.9663,-1,-1,-1
396,154,1367.37,241.64,37.17,93.6,0.9662,-1,-1,-1
396,192,96.27,471.25,67.96,127.09,0.9658,-1,-1,-1
396,215,1536.56,671.96,65.93,134.1,0.9644,-1,-1,-1
396,136,687.0,449.83,60.45,105.13,0.9621,-1,-1,-1
396,191,415.9,218.94,34.35,89.61,0.9585,-1,-1,-1
396,208,1618.04,267.97,43.44,95.25,0.9569,-1,-1,-1
396,148,1608.17,191.82,34.76,77.95,0.9555,-1,-1,-1
396,146,1476.26,168.98,28.01,80.1,0.9513,-1,-1,-1
396,147,730.63,286.37,32.1,94.76,0.9497,-1,-1,-1
396,158,1162.36,133.79,27.7,73.52,0.9358,-1,-1,-1
396,206,1717.16,213.31,30.49,89.45,0.9252,-1,-1,-1
396,230,1211.59,277.53,31.2,94.11,0.7583,-1,-1,-1
397,140,563.28,366.86,43.46,117.48,0.9775,-1,-1,-1
397,197,1280.77,481.41,65.75,108.0,0.9773,-1,-1,-1
397,136,677.87,448.94,47.33,106.03,0.9767,-1,-1,-1
397,192,97.69,472.6,63.94,125.83,0.9723,-1,-1,-1
397,154,1369.15,242.61,38.45,94.58,0.9715,-1,-1,-1
397,175,767.57,806.82,75.74,157.03,0.9714,-1,-1,-1
397,209,1076.55,365.62,39.28,99.3,0.9693,-1,-1,-1
397,211,1269.54,376.08,39.02,102.71,0.9664,-1,-1,-1
397,144,761.47,346.22,41.15,96.12,0.9664,-1,-1,-1
397,195,0.0,355.94,40.3,112.42,0.9661,-1,-1,-1
397,226,1247.38,274.61,38.23,90.82,0.9657,-1,-1,-1
397,204,1466.76,475.05,54.64,98.72,0.9649,-1,-1,-1
397,148,1611.57,192.08,33.59,77.91,0.9626,-1,-1,-1
397,191,416.49,218.59,33.48,89.7,0.957,-1,-1,-1
397,208,1620.91,268.66,41.58,96.95,0.9546,-1,-1,-1
397,147,733.36,288.65,32.49,96.36,0.9542,-1,-1,-1
397,146,1478.9,168.03,32.28,82.68,0.9426,-1,-1,-1
397,215,1535.83,671.65,67.07,136.1,0.9417,-1,-1,-1
397,158,1168.97,133.42,22.64,73.58,0.9382,-1,-1,-1
397,206,1717.65,215.36,32.39,88.17,0.9123,-1,-1,-1
397,230,1216.23,278.03,30.29,94.3,0.8736,-1,-1,-1
398,140,563.29,366.83,43.51,117.5,0.9775,-1,-1,-1
398,197,1280.79,481.45,65.75,107.96,0.9772,-1,-1,-1
398,136,677.67,448.94,47.58,105.97,0.9766,-1,-1,-1
398,192,97.74,472.58,63.84,125.85,0.9723,-1,-1,-1
398,154,1369.08,242.64,38.47,94.52,0.9716,-1,-1,-1
398,175,767.56,806.76,75.8,157.21,0.9713,-1,-1,-1
398,209,1076.56,365.61,39.27,99.31,0.9693,-1,-1,-1
398,144,761.49,346.23,41.18,96.18,0.9664,-1,-1,-1
398,211,1269.56,376.07,39.02,102.75,0.9663,-1,-1,-1
398,195,0.0,355.95,40.31,112.39,0.9662,-1,-1,-1
398,226,1247.38,274.61,38.21,90.83,0.9657,-1,-1,-1
398,204,1466.7,475.03,54.69,98.74,0.9656,-1,-1,-1
398,148,1611.54,192.07,33.61,77.91,0.9624,-1,-1,-1
398,191,416.5,218.58,33.5,89.69,0.9572,-1,-1,-1
398,208,1620.96,268.61,41.55,97.02,0.9548,-1,-1,-1
398,147,733.39,288.65,32.42,96.32,0.9541,-1,-1,-1
398,146,1478.9,168.1,32.25,82.58,0.9418,-1,-1,-1
398,215,1535.9,672.07,67.02,135.73,0.9404,-1,-1,-1
398,158,1168.92,133.51,22.69,73.57,0.9396,-1,-1,-1
398,206,1717.85,214.82,32.26,89.46,0.9082,-1,-1,-1
398,230,1216.21,278.03,30.32,94.3,0.8732,-1,-1,-1
399,197,1277.84,481.98,71.45,107.2,0.9791,-1,-1,-1
399,175,764.83,809.66,65.89,151.78,0.9776,-1,-1,-1
399,192,99.01,473.18,61.78,125.57,0.9751,-1,-1,-1
399,140,566.23,367.58,44.95,118.68,0.9748,-1,-1,-1
399,204,1474.26,477.93,70.26,94.83,0.9724,-1,-1,-1
399,136,669.25,448.0,52.68,106.88,0.9722,-1,-1,-1
399,144,765.1,348.13,41.64,95.43,0.9697,-1,-1,-1
399,154,1370.78,243.26,37.33,94.83,0.9692,-1,-1,-1
399,209,1078.31,365.82,40.56,99.67,0.9689,-1,-1,-1
399,195,0.0,355.72,41.18,111.54,0.9664,-1,-1,-1
399,208,1621.22,268.56,42.96,97.72,0.9657,-1,-1,-1
399,211,1269.81,377.82,38.49,102.93,0.9611,-1,-1,-1
399,226,1252.93,274.65,35.81,90.94,0.9596,-1,-1,-1
399,146,1481.35,168.53,36.87,82.89,0.9593,-1,-1,-1
399,148,1615.44,191.72,32.28,78.4,0.9575,-1,-1,-1
399,215,1533.27,662.12,66.17,145.43,0.9561,-1,-1,-1
399,206,1720.2,216.08,32.13,87.98,0.9558,-1,-1,-1
399,147,736.3,290.23,31.1,94.98,0.9535,-1,-1,-1
399,191,416.48,218.66,32.49,89.67,0.9524,-1,-1,-1
399,158,1172.97,132.33,21.56,73.46,0.9159,-1,-1,-1
399,230,1219.04,277.81,29.03,94.29,0.7364,-1,-1,-1
400,197,1272.54,484.13,78.42,106.38,0.9783,-1,-1,-1
400,140,569.12,368.53,46.23,117.89,0.9781,-1,-1,-1
400,209,1078.98,366.21,43.2,100.93,0.9764,-1,-1,-1
400,175,761.27,807.29,68.47,155.21,0.975,-1,-1,-1
400,192,99.99,473.69,65.19,127.38,0.9748,-1,-1,-1
400,144,768.12,349.59,40.08,94.07,0.9715,-1,-1,-1
400,136,655.39,444.31,65.74,111.27,0.9711,-1,-1,-1
400,146,1483.16,168.87,41.86,84.04,0.9703,-1,-1,-1
400,208,1621.65,268.88,44.7,98.18,0.9683,-1,-1,-1
400,195,0.0,355.81,42.7,111.91,0.9671,-1,-1,-1
400,204,1484.74,482.53,74.84,91.63,0.9622,-1,-1,-1
400,154,1372.95,243.48,35.71,95.24,0.9597,-1,-1,-1
400,226,1258.9,273.71,32.29,93.88,0.9596,-1,-1,-1
400,148,1619.41,190.38,30.93,81.42,0.9593,-1,-1,-1
400,206,1721.69,215.65,33.06,88.31,0.9562,-1,-1,-1
400,211,1270.85,379.95,36.53,99.01,0.9478,-1,-1,-1
400,191,416.5,219.26,31.89,89.67,0.9436,-1,-1,-1
400,147,739.82,291.52,29.04,92.43,0.943,-1,-1,-1
400,215,1533.12,670.87,58.92,129.98,0.9394,-1,-1,-1
400,158,1175.04,132.03,24.36,75.62,0.8708,-1,-1,-1
400,230,1221.85,277.96,28.29,92.41,0.5672,-1,-1,-1
401,197,1269.44,485.09,82.74,105.49,0.9793,-1,-1,-1
401,192,104.63,474.3,66.43,127.16,0.9769,-1,-1,-1
401,140,573.83,368.68,44.13,117.26,0.9752,-1,-1,-1
401,175,756.78,804.19,74.48,158.57,0.9745,-1,-1,-1
401,204,1494.03,485.37,78.0,92.53,0.9744,-1,-1,-1
401,209,1080.11,367.51,45.54,100.41,0.9729,-1,-1,-1
401,208,1623.86,270.2,43.96,97.64,0.9716,-1,-1,-1
401,211,1270.83,379.62,38.31,101.69,0.9707,-1,-1,-1
401,144,770.03,350.27,40.06,97.84,0.9698,-1,-1,-1
401,146,1487.9,171.06,41.56,83.22,0.9689,-1,-1,-1
401,136,647.31,443.6,69.69,112.61,0.9679,-1,-1,-1
401,195,0.19,355.23,42.92,113.0,0.9663,-1,-1,-1
401,148,1621.18,190.12,31.71,84.0,0.9554,-1,-1,-1
401,226,1262.65,273.68,29.32,93.08,0.9542,-1,-1,-1
401,154,1374.06,243.51,35.75,93.43,0.953,-1,-1,-1
401,206,1723.68,214.74,33.0,90.19,0.9497,-1,-1,-1
401,191,416.6,219.62,31.17,89.42,0.9388,-1,-1,-1
401,158,1177.52,133.49,25.16,73.82,0.9339,-1,-1,-1
401,215,1529.81,671.66,60.86,131.27,0.9312,-1,-1,-1
401,147,743.48,290.44,27.93,88.6,0.8894,-1,-1,-1
401,230,1224.44,277.91,29.42,94.78,0.5491,-1,-1,-1
402,197,1265.72,488.63,86.38,102.52,0.9809,-1,-1,-1
402,175,749.18,802.58,81.07,160.71,0.9755,-1,-1,-1
402,136,628.95,443.01,81.31,112.14,0.9719,-1,-1,-1
402,208,1625.84,271.45,41.69,96.49,0.9717,-1,-1,-1
402,211,1268.52,379.93,39.57,102.67,0.9714,-1,-1,-1
402,204,1502.16,491.16,71.13,88.74,0.9712,-1,-1,-1
402,140,575.44,369.99,43.57,116.42,0.9708,-1,-1,-1
402,209,1080.48,367.59,49.07,100.75,0.97,-1,-1,-1
402,146,1491.43,173.54,40.96,81.12,0.9673,-1,-1,-1
402,192,109.42,475.67,65.82,126.92,0.9672,-1,-1,-1
402,195,0.55,353.65,41.74,114.84,0.9652,-1,-1,-1
402,144,772.56,350.87,37.18,98.27,0.9651,-1,-1,-1
402,148,1622.14,190.96,32.57,81.74,0.9602,-1,-1,-1
402,206,1725.37,214.1,32.25,94.03,0.9594,-1,-1,-1
402,154,1375.21,243.51,35.11,93.64,0.9569,-1,-1,-1
402,226,1264.55,273.48,28.42,92.23,0.9435,-1,-1,-1
402,158,1179.75,133.1,30.46,75.44,0.9351,-1,-1,-1
402,147,746.71,291.85,27.37,89.55,0.9263,-1,-1,-1
402,230,1225.37,277.66,35.09,95.5,0.9132,-1,-1,-1
402,191,416.66,219.73,30.45,89.14,0.9033,-1,-1,-1
402,215,1524.67,668.21,61.19,137.13,0.554,-1,-1,-1
403,197,1265.44,484.6,86.22,104.61,0.9822,-1,-1,-1
403,136,612.99,442.73,88.46,113.19,0.9784,-1,-1,-1
403,175,734.91,796.64,92.84,165.26,0.972,-1,-1,-1
403,211,1262.84,380.0,42.97,102.42,0.9708,-1,-1,-1
403,204,1505.19,493.37,68.13,88.52,0.9704,-1,-1,-1
403,208,1627.95,271.23,38.99,97.07,0.9687,-1,-1,-1
403,140,576.34,370.38,45.26,117.29,0.9671,-1,-1,-1
403,209,1080.43,368.15,50.14,100.56,0.9666,-1,-1,-1
403,195,1.01,352.03,39.52,115.14,0.9642,-1,-1,-1
403,144,773.1,352.93,37.04,98.77,0.9638,-1,-1,-1
403,192,110.9,474.6,65.92,127.37,0.9626,-1,-1,-1
403,146,1496.8,174.67,38.55,79.07,0.9625,-1,-1,-1
403,206,1725.54,214.09,32.94,94.57,0.9617,-1,-1,-1
403,154,1375.81,243.29,34.02,93.52,0.958,-1,-1,-1
403,148,1622.7,191.39,32.8,81.46,0.957,-1,-1,-1
403,147,748.75,290.12,26.48,92.16,0.9483,-1,-1,-1
403,158,1180.4,135.51,32.87,73.18,0.945,-1,-1,-1
403,226,1264.95,273.14,29.76,93.11,0.9434,-1,-1,-1
403,191,416.69,219.64,29.68,88.53,0.9175,-1,-1,-1
403,230,1226.01,278.87,37.27,93.97,0.8116,-1,-1,-1
403,215,1522.48,671.11,56.55,133.88,0.6457,-1,-1,-1
404,197,1265.56,484.56,86.15,104.65,0.9821,-1,-1,-1
404,136,612.97,442.85,88.53,113.02,0.9786,-1,-1,-1
404,175,734.84,796.54,92.89,165.31,0.9719,-1,-1,-1
404,211,1262.85,379.97,42.94,102.57,0.9708,-1,-1,-1
404,204,1505.14,493.31,68.19,88.64,0.9704,-1,-1,-1
404,208,1628.1,271.78,39.27,96.02,0.9684,-1,-1,-1
404,140,576.33,370.38,45.37,117.22,0.9669,-1,-1,-1
404,209,1080.41,368.14,50.15,100.55,0.9666,-1,-1,-1
404,195,1.02,352.04,39.53,115.13,0.9641,-1,-1,-1
404,144,773.09,352.96,37.05,98.75,0.9639,-1,-1,-1
404,146,1496.85,174.69,38.61,79.04,0.9626,-1,-1,-1
404,192,110.91,474.59,65.95,127.41,0.9625,-1,-1,-1
404,206,1725.55,214.06,32.93,94.63,0.9615,-1,-1,-1
404,154,1375.79,243.29,34.04,93.49,0.9577,-1,-1,-1
404,148,1622.7,191.37,32.79,81.53,0.957,-1,-1,-1
404,147,748.75,290.11,26.46,92.16,0.9482,-1,-1,-1
404,158,1180.48,135.8,32.82,72.83,0.9449,-1,-1,-1
404,226,1265.01,273.15,29.74,93.08,0.9434,-1,-1,-1
404,191,416.7,219.67,29.67,88.47,0.9156,-1,-1,-1
404,230,1226.04,278.9,37.25,93.99,0.8249,-1,-1,-1
404,215,1522.43,670.99,56.62,134.18,0.6822,-1,-1,-1
405,197,1266.76,482.8,82.91,106.75,0.9768,-1,-1,-1
405,211,1258.16,379.92,46.52,102.26,0.9743,-1,-1,-1
405,192,107.86,471.33,70.03,128.7,0.9732,-1,-1,-1
405,136,605.6,448.63,82.88,109.43,0.9727,-1,-1,-1
405,209,1080.58,367.56,49.92,101.01,0.9706,-1,-1,-1
405,140,578.54,369.87,46.0,118.08,0.9655,-1,-1,-1
405,206,1724.16,214.74,35.26,94.35,0.9636,-1,-1,-1
405,175,717.64,795.51,107.24,160.43,0.963,-1,-1,-1
405,204,1506.41,493.24,63.38,91.7,0.9618,-1,-1,-1
405,144,774.17,354.0,35.79,100.46,0.9616,-1,-1,-1
405,154,1376.08,242.78,34.18,93.75,0.9582,-1,-1,-1
405,191,415.55,218.26,30.44,90.65,0.9547,-1,-1,-1
405,148,1623.3,193.06,32.23,81.3,0.9543,-1,-1,-1
405,147,750.08,288.2,27.06,96.16,0.9539,-1,-1,-1
405,226,1265.93,272.97,29.95,93.64,0.9523,-1,-1,-1
405,146,1505.95,171.36,31.8,82.57,0.9515,-1,-1,-1
405,208,1632.79,272.36,33.26,95.34,0.9509,-1,-1,-1
405,158,1180.93,137.51,33.2,70.47,0.9466,-1,-1,-1
405,195,0.75,351.27,34.14,113.67,0.9417,-1,-1,-1
405,215,1517.78,672.89,56.29,131.54,0.8629,-1,-1,-1
405,230,1227.34,278.91,39.46,93.5,0.8429,-1,-1,-1
406,211,1255.21,379.72,47.55,102.67,0.9781,-1,-1,-1
406,197,1263.66,480.1,82.68,110.33,0.9755,-1,-1,-1
406,209,1079.98,366.29,50.89,102.07,0.9733,-1,-1,-1
406,140,577.73,370.69,49.27,117.88,0.97,-1,-1,-1
406,192,108.83,468.67,70.14,130.51,0.9698,-1,-1,-1
406,204,1507.29,492.27,63.05,93.95,0.9673,-1,-1,-1
406,136,602.99,453.33,70.35,103.79,0.9652,-1,-1,-1
406,206,1723.31,217.26,37.1,92.08,0.9643,-1,-1,-1
406,144,774.3,355.49,36.44,98.17,0.9617,-1,-1,-1
406,154,1376.82,241.84,33.28,93.69,0.96,-1,-1,-1
406,191,414.97,218.51,30.82,88.63,0.9554,-1,-1,-1
406,175,708.06,795.85,111.6,155.98,0.9549,-1,-1,-1
406,148,1623.96,195.17,31.8,78.61,0.9547,-1,-1,-1
406,147,751.7,287.4,27.86,96.69,0.9537,-1,-1,-1
406,226,1266.83,273.33,30.09,93.57,0.9528,-1,-1,-1
406,158,1182.4,135.7,32.05,71.73,0.9504,-1,-1,-1
406,208,1634.81,271.08,30.22,95.75,0.9488,-1,-1,-1
406,146,1511.33,170.35,27.45,82.25,0.9469,-1,-1,-1
406,215,1517.09,670.73,52.96,134.71,0.8713,-1,-1,-1
406,195,0.4,355.58,25.45,108.88,0.8616,-1,-1,-1
406,230,1227.41,278.95,42.81,92.78,0.8331,-1,-1,-1
407,211,1256.24,379.96,45.64,102.72,0.9798,-1,-1,-1
407,197,1261.92,478.98,82.55,116.54,0.9765,-1,-1,-1
407,209,1080.1,365.49,51.17,103.1,0.9746,-1,-1,-1
407,204,1507.44,491.95,63.02,95.91,0.9695,-1,-1,-1
407,192,109.54,467.65,71.43,125.86,0.9688,-1,-1,-1
407,206,1724.26,217.61,38.01,92.27,0.9667,-1,-1,-1
407,144,776.2,356.22,36.12,96.76,0.9622,-1,-1,-1
407,191,414.61,217.81,31.44,88.77,0.9587,-1,-1,-1
407,154,1376.86,241.67,32.95,93.75,0.9586,-1,-1,-1
407,175,708.46,794.77,105.74,154.61,0.9571,-1,-1,-1
407,136,601.17,456.86,55.29,98.36,0.9548,-1,-1,-1
407,148,1624.29,196.4,30.66,79.07,0.9544,-1,-1,-1
407,158,1184.88,136.83,29.88,70.27,0.9486,-1,-1,-1
407,146,1515.46,170.1,27.09,81.9,0.9479,-1,-1,-1
407,140,579.8,370.56,47.48,112.81,0.9476,-1,-1,-1
407,208,1636.28,271.54,28.53,94.82,0.9448,-1,-1,-1
407,226,1269.51,273.2,29.08,93.4,0.9409,-1,-1,-1
407,215,1513.04,671.87,53.41,136.5,0.9311,-1,-1,-1
407,147,753.51,286.71,29.08,95.52,0.924,-1,-1,-1
407,230,1228.33,278.35,43.91,93.36,0.9153,-1,-1,-1
407,195,0.44,361.69,14.54,102.58,0.7309,-1,-1,-1
408,211,1256.28,379.92,44.22,102.91,0.9781,-1,-1,-1
408,192,111.61,469.24,71.57,112.93,0.9732,-1,-1,-1
408,209,1089.48,365.6,41.86,102.58,0.973,-1,-1,-1
408,197,1259.92,480.83,78.41,119.14,0.97,-1,-1,-1
408,206,1725.95,218.65,37.4,91.85,0.9676,-1,-1,-1
408,144,776.63,356.23,37.4,97.96,0.9672,-1,-1,-1
408,175,709.42,793.08,91.07,158.58,0.9668,-1,-1,-1
408,204,1506.04,491.18,62.53,98.02,0.9667,-1,-1,-1
408,191,413.39,217.26,32.07,88.9,0.9618,-1,-1,-1
408,154,1376.96,241.57,32.92,94.47,0.9603,-1,-1,-1
408,147,754.09,288.53,31.71,94.15,0.9553,-1,-1,-1
408,146,1518.45,171.23,28.04,81.55,0.9538,-1,-1,-1
408,148,1625.3,196.54,29.94,78.28,0.9509,-1,-1,-1
408,208,1636.3,273.06,28.07,94.21,0.9488,-1,-1,-1
408,226,1271.05,276.14,28.14,92.99,0.947,-1,-1,-1
408,158,1186.8,136.98,28.07,69.67,0.9468,-1,-1,-1
408,230,1229.23,278.16,43.98,94.21,0.9402,-1,-1,-1
408,215,1508.67,681.09,58.57,130.58,0.9216,-1,-1,-1
408,140,581.05,374.64,48.06,92.31,0.9118,-1,-1,-1
408,136,595.2,455.92,38.71,100.91,0.6406,-1,-1,-1
409,211,1256.49,381.1,43.19,103.7,0.9779,-1,-1,-1
409,144,778.01,357.11,38.29,97.97,0.9693,-1,-1,-1
409,147,755.2,289.81,34.53,91.71,0.9664,-1,-1,-1
409,197,1260.07,483.67,74.44,120.16,0.9656,-1,-1,-1
409,175,702.93,790.8,83.61,163.49,0.9656,-1,-1,-1
409,204,1504.45,490.54,65.81,99.59,0.9652,-1,-1,-1
409,209,1095.46,365.2,37.86,102.52,0.9635,-1,-1,-1
409,154,1377.69,242.54,32.46,93.01,0.9632,-1,-1,-1
409,192,118.33,470.88,79.0,112.88,0.9629,-1,-1,-1
409,206,1728.13,218.75,36.17,92.24,0.9628,-1,-1,-1
409,191,413.31,217.6,32.24,87.58,0.9627,-1,-1,-1
409,148,1627.01,195.09,29.09,83.14,0.9557,-1,-1,-1
409,146,1521.82,172.8,29.2,81.32,0.9536,-1,-1,-1
409,208,1637.31,275.57,27.47,92.97,0.946,-1,-1,-1
409,226,1273.81,277.39,28.96,91.89,0.9457,-1,-1,-1
409,215,1505.02,684.34,61.63,128.59,0.9434,-1,-1,-1
409,158,1187.27,146.09,28.22,60.5,0.9195,-1,-1,-1
409,136,586.39,387.06,41.08,163.92,0.8262,-1,-1,-1
409,230,1230.73,278.67,43.5,93.84,0.803,-1,-1,-1
409,140,584.85,375.07,45.08,93.22,0.5384,-1,-1,-1
410,211,1256.51,381.12,43.14,103.7,0.9778,-1,-1,-1
410,144,778.03,357.06,38.3,98.04,0.969,-1,-1,-1
410,147,755.22,289.77,34.47,91.78,0.9662,-1,-1,-1
410,175,702.87,790.72,83.68,163.62,0.9662,-1,-1,-1
410,197,1260.13,483.63,74.44,120.29,0.9655,-1,-1,-1
410,204,1504.48,490.57,65.74,99.57,0.9653,-1,-1,-1
410,209,1095.43,365.15,37.84,102.6,0.9641,-1,-1,-1
410,154,1377.78,242.52,32.41,93.04,0.9632,-1,-1,-1
410,192,118.38,471.02,79.22,112.78,0.963,-1,-1,-1
410,191,413.28,217.51,32.34,87.67,0.9628,-1,-1,-1
410,206,1728.07,218.77,36.31,92.27,0.9627,-1,-1,-1
410,148,1626.99,195.09,29.1,83.18,0.9544,-1,-1,-1
410,146,1521.79,172.77,29.33,81.43,0.9534,-1,-1,-1
410,208,1637.33,275.6,27.42,92.94,0.9457,-1,-1,-1
410,226,1273.83,277.4,29.01,91.9,0.9454,-1,-1,-1
410,215,1504.99,684.46,61.65,128.53,0.9418,-1,-1,-1
410,158,1187.08,144.84,28.51,61.85,0.9203,-1,-1,-1
410,136,586.46,388.12,40.76,163.01,0.816,-1,-1,-1
410,230,1230.73,278.67,43.51,93.86,0.7947,-1,-1,-1
410,140,583.25,376.44,47.49,96.57,0.7892,-1,-1,-1
410,249,589.78,457.55,30.44,98.44,0.4767,-1,-1,-1
411,211,1257.35,381.81,42.82,103.51,0.9768,-1,-1,-1
411,192,124.16,473.76,80.57,110.59,0.9749,-1,-1,-1
411,175,698.53,789.2,69.36,165.22,0.9738,-1,-1,-1
411,144,780.61,357.62,38.89,106.22,0.9705,-1,-1,-1
411,147,757.33,292.4,37.13,89.91,0.9688,-1,-1,-1
411,197,1260.4,486.48,72.1,121.08,0.9664,-1,-1,-1
411,154,1380.0,244.89,31.45,92.42,0.9648,-1,-1,-1
411,206,1732.27,218.91,34.3,93.05,0.9638,-1,-1,-1
411,191,414.5,217.83,31.83,87.69,0.9612,-1,-1,-1
411,146,1524.68,175.53,32.45,82.6,0.9609,-1,-1,-1
411,209,1103.49,363.7,31.66,104.46,0.9594,-1,-1,-1
411,215,1501.12,689.04,68.1,125.33,0.9593,-1,-1,-1
411,204,1505.22,490.14,66.5,98.79,0.9524,-1,-1,-1
411,140,591.5,378.72,42.45,89.99,0.9502,-1,-1,-1
411,208,1638.43,276.04,27.37,93.39,0.9426,-1,-1,-1
411,148,1629.08,195.26,29.14,86.02,0.9422,-1,-1,-1
411,226,1276.37,278.62,29.88,90.81,0.9417,-1,-1,-1
411,158,1191.56,138.37,25.95,68.73,0.9351,-1,-1,-1
411,249,580.28,458.1,34.65,98.7,0.8123,-1,-1,-1
412,192,128.9,475.65,82.06,109.43,0.9763,-1,-1,-1
412,211,1259.19,383.98,42.18,102.4,0.9738,-1,-1,-1
412,204,1503.23,489.47,69.65,101.26,0.9718,-1,-1,-1
412,197,1259.17,490.95,67.71,117.31,0.9718,-1,-1,-1
412,249,557.21,445.87,52.58,112.23,0.9709,-1,-1,-1
412,144,784.28,360.53,39.04,105.51,0.9695,-1,-1,-1
412,175,693.73,783.88,57.48,169.28,0.9675,-1,-1,-1
412,147,760.45,295.13,38.96,89.19,0.965,-1,-1,-1
412,140,590.53,378.61,48.24,114.62,0.9632,-1,-1,-1
412,146,1529.36,179.72,33.27,79.74,0.9584,-1,-1,-1
412,154,1381.48,246.7,33.82,91.97,0.958,-1,-1,-1
412,148,1632.71,195.12,29.74,90.78,0.9513,-1,-1,-1
412,208,1640.73,281.16,28.02,90.42,0.9511,-1,-1,-1
412,191,415.53,217.65,31.34,88.76,0.9497,-1,-1,-1
412,209,1108.88,364.49,29.66,104.37,0.9496,-1,-1,-1
412,206,1735.87,219.12,32.97,92.78,0.9458,-1,-1,-1
412,158,1192.4,138.02,26.93,69.45,0.9408,-1,-1,-1
412,215,1494.59,689.53,78.2,129.65,0.9386,-1,-1,-1
412,226,1280.68,279.09,29.17,91.0,0.936,-1,-1,-1
412,230,1237.47,281.05,39.36,94.84,0.9358,-1,-1,-1
413,192,135.4,476.9,82.6,109.0,0.9733,-1,-1,-1
413,197,1257.23,492.98,64.32,114.06,0.973,-1,-1,-1
413,211,1263.19,384.35,40.91,102.93,0.9696,-1,-1,-1
413,204,1503.82,489.05,68.44,104.42,0.9694,-1,-1,-1
413,215,1490.64,686.12,81.77,135.47,0.969,-1,-1,-1
413,249,547.88,448.17,55.5,110.84,0.9688,-1,-1,-1
413,154,1384.67,249.0,34.85,90.54,0.9683,-1,-1,-1
413,144,788.85,363.53,39.36,105.95,0.9675,-1,-1,-1
413,140,597.09,380.39,45.31,114.98,0.9664,-1,-1,-1
413,175,691.74,781.03,53.3,173.26,0.9657,-1,-1,-1
413,147,765.69,295.59,38.07,91.07,0.9657,-1,-1,-1
413,146,1536.13,182.53,34.37,77.08,0.9579,-1,-1,-1
413,148,1636.02,196.5,29.92,88.43,0.9532,-1,-1,-1
413,226,1285.52,277.52,29.79,93.76,0.9513,-1,-1,-1
413,208,1644.55,284.49,27.97,86.72,0.9467,-1,-1,-1
413,191,417.7,217.78,31.0,89.77,0.9442,-1,-1,-1
413,206,1739.43,219.39,32.66,93.72,0.9425,-1,-1,-1
413,209,1114.67,366.21,29.48,102.81,0.9404,-1,-1,-1
413,158,1195.94,138.61,26.89,68.89,0.9274,-1,-1,-1
414,197,1258.11,492.01,58.01,113.83,0.9757,-1,-1,-1
414,211,1267.14,383.75,42.05,103.7,0.9738,-1,-1,-1
414,249,545.01,451.32,54.93,109.25,0.9724,-1,-1,-1
414,154,1388.78,250.94,36.24,89.57,0.9718,-1,-1,-1
414,175,690.92,777.4,53.78,173.58,0.97,-1,-1,-1
414,140,600.5,379.23,48.72,117.93,0.967,-1,-1,-1
414,215,1490.66,680.65,79.24,143.67,0.9669,-1,-1,-1
414,192,145.49,475.43,72.06,109.46,0.9662,-1,-1,-1
414,146,1545.64,182.8,38.34,76.76,0.9632,-1,-1,-1
414,144,796.12,365.75,37.89,106.1,0.9615,-1,-1,-1
414,208,1649.56,282.5,28.96,89.48,0.9577,-1,-1,-1
414,206,1742.95,220.02,35.1,94.62,0.9551,-1,-1,-1
414,147,773.79,294.17,33.97,93.14,0.9547,-1,-1,-1
414,191,422.52,217.83,30.39,89.43,0.9545,-1,-1,-1
414,209,1120.53,365.56,34.04,104.73,0.9522,-1,-1,-1
414,226,1292.24,277.3,29.22,93.17,0.9505,-1,-1,-1
414,148,1641.38,197.74,30.54,92.05,0.9434,-1,-1,-1
414,158,1200.96,139.69,27.53,68.23,0.9232,-1,-1,-1
414,204,1505.73,487.15,68.83,106.72,0.9217,-1,-1,-1
414,230,1252.66,281.48,33.97,94.73,0.8194,-1,-1,-1
414,195,0.11,360.12,16.87,109.32,0.6721,-1,-1,-1
415,197,1254.06,488.74,64.2,118.2,0.9753,-1,-1,-1
415,211,1272.4,382.98,42.01,105.68,0.9734,-1,-1,-1
415,175,690.25,776.95,54.68,171.48,0.9715,-1,-1,-1
415,140,606.92,379.45,49.6,118.79,0.9704,-1,-1,-1
415,154,1392.87,252.03,39.07,88.64,0.9702,-1,-1,-1
415,192,155.96,475.98,58.24,109.18,0.9697,-1,-1,-1
415,215,1491.0,681.57,74.84,141.82,0.9674,-1,-1,-1
415,249,551.32,452.07,46.31,107.77,0.9673,-1,-1,-1
415,146,1553.86,184.46,43.51,76.01,0.9668,-1,-1,-1
415,209,1126.99,366.9,38.71,102.77,0.9646,-1,-1,-1
415,144,803.2,368.87,36.95,104.08,0.9626,-1,-1,-1
415,204,1509.12,488.86,74.26,110.24,0.962,-1,-1,-1
415,191,427.75,218.18,30.38,89.17,0.9528,-1,-1,-1
415,208,1654.16,284.59,30.93,87.49,0.9506,-1,-1,-1
415,148,1646.55,199.25,32.81,89.99,0.9475,-1,-1,-1
415,226,1298.5,276.3,30.22,96.2,0.9467,-1,-1,-1
415,147,783.46,294.43,30.05,93.1,0.9391,-1,-1,-1
415,206,1748.83,224.41,34.29,92.74,0.9315,-1,-1,-1
415,158,1207.91,141.45,26.49,68.13,0.8553,-1,-1,-1
415,195,0.0,353.36,18.63,117.03,0.8033,-1,-1,-1
415,230,1262.03,281.75,32.8,94.2,0.4438,-1,-1,-1
416,197,1253.96,488.65,64.26,118.33,0.9754,-1,-1,-1
416,211,1272.4,382.97,41.96,105.7,0.9734,-1,-1,-1
416,175,690.11,777.0,54.8,171.41,0.9716,-1,-1,-1
416,154,1392.86,252.03,39.07,88.63,0.9702,-1,-1,-1
416,140,607.09,379.54,49.41,118.61,0.97,-1,-1,-1
416,192,156.03,476.03,58.29,109.13,0.9698,-1,-1,-1
416,249,551.27,452.07,46.48,107.78,0.9674,-1,-1,-1
416,215,1491.05,682.09,74.87,141.22,0.9673,-1,-1,-1
416,146,1553.75,184.5,43.5,76.02,0.9662,-1,-1,-1
416,209,1127.19,366.89,38.55,102.76,0.9645,-1,-1,-1
416,144,803.2,368.86,36.93,104.01,0.9624,-1,-1,-1
416,204,1509.15,488.86,74.22,110.23,0.961,-1,-1,-1
416,191,427.75,218.17,30.36,89.19,0.953,-1,-1,-1
416,208,1654.14,284.54,30.91,87.57,0.9505,-1,-1,-1
416,148,1646.55,199.24,32.8,89.9,0.9473,-1,-1,-1
416,226,1298.44,276.29,30.28,96.23,0.9471,-1,-1,-1
416,147,783.5,294.45,30.0,93.03,0.9393,-1,-1,-1
416,206,1748.75,224.34,34.35,92.77,0.9295,-1,-1,-1
416,158,1208.14,140.86,26.26,68.72,0.8758,-1,-1,-1
416,195,0.01,353.42,18.37,116.96,0.8024,-1,-1,-1
416,230,1262.02,281.74,32.83,94.22,0.4441,-1,-1,-1
417,197,1251.44,487.25,71.08,123.13,0.9778,-1,-1,-1
417,175,688.22,778.33,57.79,166.26,0.9743,-1,-1,-1
417,211,1278.71,384.0,42.2,105.53,0.9722,-1,-1,-1
417,154,1398.31,253.88,41.37,86.82,0.9701,-1,-1,-1
417,209,1136.04,368.65,40.93,103.71,0.9699,-1,-1,-1
417,192,167.21,476.1,51.94,108.63,0.9691,-1,-1,-1
417,146,1564.14,186.36,45.55,76.23,0.9674,-1,-1,-1
417,204,1513.29,491.76,72.33,112.52,0.9644,-1,-1,-1
417,215,1492.81,683.19,65.87,140.02,0.9634,-1,-1,-1
417,208,1659.92,284.7,34.06,88.26,0.9581,-1,-1,-1
417,191,433.65,218.65,30.27,90.1,0.9553,-1,-1,-1
417,144,810.8,369.88,36.31,103.38,0.9534,-1,-1,-1
417,226,1305.33,277.42,32.93,96.3,0.9523,-1,-1,-1
417,147,793.08,294.37,27.75,95.48,0.9492,-1,-1,-1
417,148,1653.22,204.06,33.57,80.88,0.9477,-1,-1,-1
417,249,548.66,453.57,50.94,106.85,0.9471,-1,-1,-1
417,140,623.33,383.93,40.05,115.21,0.9395,-1,-1,-1
417,206,1755.09,228.07,35.12,91.9,0.9167,-1,-1,-1
417,158,1214.34,140.85,27.05,69.38,0.9007,-1,-1,-1
417,195,0.0,354.05,25.78,117.06,0.8937,-1,-1,-1
418,249,539.22,454.42,62.59,107.87,0.9768,-1,-1,-1
418,197,1253.38,487.71,72.73,123.7,0.9758,-1,-1,-1
418,175,689.22,781.38,59.08,163.4,0.9721,-1,-1,-1
418,211,1285.28,389.26,41.98,101.65,0.9715,-1,-1,-1
418,154,1403.93,253.98,41.57,89.17,0.9715,-1,-1,-1
418,192,179.12,475.96,47.53,109.36,0.971,-1,-1,-1
418,209,1143.18,368.79,46.15,104.62,0.9706,-1,-1,-1
418,215,1493.48,679.77,55.58,146.72,0.9678,-1,-1,-1
418,208,1666.61,287.94,40.01,88.69,0.9678,-1,-1,-1
418,146,1574.1,188.81,46.81,75.36,0.9664,-1,-1,-1
418,226,1313.72,279.74,39.17,95.95,0.9598,-1,-1,-1
418,140,628.08,382.14,46.66,120.42,0.958,-1,-1,-1
418,144,821.08,369.85,35.94,104.4,0.9562,-1,-1,-1
418,206,1759.27,235.16,40.31,85.61,0.9489,-1,-1,-1
418,147,801.65,295.69,28.16,95.38,0.9469,-1,-1,-1
418,148,1661.84,207.05,34.95,86.47,0.9417,-1,-1,-1
418,204,1516.03,495.23,69.34,112.36,0.9412,-1,-1,-1
418,191,440.11,220.94,31.87,88.37,0.9345,-1,-1,-1
418,195,0.0,356.42,33.4,114.11,0.912,-1,-1,-1
418,158,1223.93,143.36,24.94,69.15,0.778,-1,-1,-1
419,197,1258.84,489.15,74.6,123.36,0.9732,-1,-1,-1
419,140,638.71,383.15,49.41,121.76,0.9717,-1,-1,-1
419,249,542.03,454.61,65.83,107.62,0.971,-1,-1,-1
419,209,1155.45,370.47,45.2,102.19,0.9709,-1,-1,-1
419,211,1294.76,387.68,42.62,106.69,0.9703,-1,-1,-1
419,175,696.48,785.02,57.12,157.11,0.97,-1,-1,-1
419,215,1496.88,679.43,52.97,147.5,0.9696,-1,-1,-1
419,192,193.27,474.64,45.63,110.86,0.9694,-1,-1,-1
419,154,1411.41,254.28,40.31,88.7,0.9683,-1,-1,-1
419,208,1675.34,288.14,42.57,89.7,0.968,-1,-1,-1
419,226,1324.99,281.38,39.57,95.55,0.9654,-1,-1,-1
419,195,0.0,358.89,39.23,109.48,0.9613,-1,-1,-1
419,191,448.73,220.87,33.0,89.54,0.9608,-1,-1,-1
419,144,832.91,369.43,35.22,104.64,0.9556,-1,-1,-1
419,206,1767.41,235.25,41.33,88.01,0.9555,-1,-1,-1
419,148,1670.93,209.9,36.55,83.51,0.9546,-1,-1,-1
419,147,811.35,296.85,29.01,96.41,0.9524,-1,-1,-1
419,146,1585.71,192.5,46.77,71.73,0.9183,-1,-1,-1
419,204,1526.27,500.42,61.26,106.71,0.9146,-1,-1,-1
419,158,1233.24,145.46,25.2,67.95,0.8461,-1,-1,-1
420,197,1259.32,492.03,78.5,121.14,0.9761,-1,-1,-1
420,140,654.28,385.37,45.97,121.38,0.9735,-1,-1,-1
420,215,1498.78,680.96,54.96,142.94,0.9726,-1,-1,-1
420,175,701.27,784.87,56.54,156.35,0.9724,-1,-1,-1
420,249,545.94,454.35,68.59,107.45,0.9717,-1,-1,-1
420,211,1303.95,392.1,42.06,101.87,0.9701,-1,-1,-1
420,208,1684.91,288.83,44.14,90.76,0.9685,-1,-1,-1
420,192,201.76,474.34,50.01,110.86,0.9675,-1,-1,-1
420,226,1336.42,282.78,38.23,94.53,0.9675,-1,-1,-1
420,209,1169.22,371.79,40.41,100.57,0.9673,-1,-1,-1
420,146,1599.09,193.05,43.99,72.52,0.9672,-1,-1,-1
420,195,9.37,358.92,38.42,109.4,0.9666,-1,-1,-1
420,144,843.06,370.46,36.81,105.86,0.9638,-1,-1,-1
420,206,1777.28,237.66,41.14,87.37,0.9609,-1,-1,-1
420,191,456.53,221.66,35.32,89.58,0.9602,-1,-1,-1
420,154,1418.9,254.09,41.23,90.0,0.9562,-1,-1,-1
420,148,1681.75,210.28,35.41,81.77,0.9546,-1,-1,-1
420,147,822.43,297.97,29.6,95.74,0.9533,-1,-1,-1
420,204,1534.3,502.61,51.94,106.89,0.9257,-1,-1,-1
420,158,1243.24,146.76,24.23,68.41,0.8858,-1,-1,-1
421,197,1263.74,494.58,77.38,121.04,0.9783,-1,-1,-1
421,249,555.89,453.77,65.21,107.69,0.9731,-1,-1,-1
421,175,704.06,784.97,57.49,155.0,0.973,-1,-1,-1
421,195,20.49,359.91,41.27,108.96,0.9726,-1,-1,-1
421,154,1426.82,254.52,42.55,91.69,0.9722,-1,-1,-1
421,204,1534.6,500.87,58.28,107.39,0.9717,-1,-1,-1
421,215,1500.63,682.24,60.1,142.08,0.9716,-1,-1,-1
421,144,852.6,371.49,39.3,109.44,0.9698,-1,-1,-1
421,211,1314.77,397.78,41.4,95.32,0.9666,-1,-1,-1
421,208,1695.06,290.03,44.83,91.54,0.9666,-1,-1,-1
421,140,664.66,388.29,45.41,119.09,0.9661,-1,-1,-1
421,192,210.09,473.44,56.06,112.76,0.9661,-1,-1,-1
421,191,464.9,223.4,38.14,88.94,0.9628,-1,-1,-1
421,146,1608.87,194.71,42.8,72.09,0.959,-1,-1,-1
421,209,1180.72,372.65,39.59,100.95,0.9574,-1,-1,-1
421,226,1347.05,284.05,36.77,95.24,0.9531,-1,-1,-1
421,206,1786.68,241.28,40.33,86.95,0.9504,-1,-1,-1
421,147,833.7,300.66,30.72,92.87,0.9503,-1,-1,-1
421,148,1691.83,210.97,35.49,82.09,0.9467,-1,-1,-1
421,158,1249.45,144.84,28.74,71.12,0.8822,-1,-1,-1
422,197,1263.74,494.58,77.39,121.07,0.9783,-1,-1,-1
422,249,555.88,453.78,65.27,107.68,0.973,-1,-1,-1
422,195,20.46,359.92,41.35,108.94,0.973,-1,-1,-1
422,175,703.91,784.97,57.65,154.93,0.9729,-1,-1,-1
422,154,1426.85,254.51,42.51,91.67,0.9722,-1,-1,-1
422,204,1534.56,500.89,58.3,107.2,0.9718,-1,-1,-1
422,215,1500.63,682.06,60.21,142.21,0.9715,-1,-1,-1
422,144,852.62,371.48,39.27,109.33,0.9698,-1,-1,-1
422,208,1694.98,290.04,44.91,91.52,0.9667,-1,-1,-1
422,211,1314.78,397.6,41.39,95.5,0.9667,-1,-1,-1
422,192,209.93,473.44,56.25,112.76,0.9666,-1,-1,-1
422,140,664.9,388.36,45.17,118.95,0.9657,-1,-1,-1
422,191,464.91,223.37,38.15,89.02,0.9633,-1,-1,-1
422,146,1608.87,194.55,42.77,72.37,0.9583,-1,-1,-1
422,209,1180.67,372.57,39.98,100.95,0.9576,-1,-1,-1
422,206,1786.66,240.96,40.47,87.2,0.9526,-1,-1,-1
422,226,1347.06,284.07,36.78,95.23,0.9525,-1,-1,-1
422,147,833.68,300.69,30.77,92.89,0.95,-1,-1,-1
422,148,1691.81,210.99,35.51,82.06,0.947,-1,-1,-1
422,158,1249.66,145.2,28.42,70.69,0.8868,-1,-1,-1
423,215,1498.21,676.37,71.52,148.5,0.977,-1,-1,-1
423,195,24.89,361.7,53.01,110.32,0.9758,-1,-1,-1
423,175,707.86,784.01,58.38,154.11,0.9754,-1,-1,-1
423,209,1191.13,372.07,41.43,102.65,0.9725,-1,-1,-1
423,144,862.66,373.15,42.2,113.54,0.9723,-1,-1,-1
423,191,474.2,224.79,40.52,87.9,0.9701,-1,-1,-1
423,192,230.46,474.04,48.1,111.49,0.97,-1,-1,-1
423,154,1435.92,256.15,43.19,92.19,0.9698,-1,-1,-1
423,146,1619.73,194.45,43.16,73.43,0.9698,-1,-1,-1
423,197,1272.13,495.19,71.81,122.5,0.9687,-1,-1,-1
423,249,568.09,453.27,60.51,106.95,0.9672,-1,-1,-1
423,208,1705.49,292.28,44.66,90.26,0.9633,-1,-1,-1
423,211,1325.08,402.26,41.72,91.63,0.9609,-1,-1,-1
423,226,1357.83,285.96,36.65,94.43,0.9565,-1,-1,-1
423,204,1537.48,498.89,63.6,110.92,0.9523,-1,-1,-1
423,147,844.77,302.31,31.26,92.22,0.951,-1,-1,-1
423,206,1798.44,242.38,37.8,87.84,0.9447,-1,-1,-1
423,148,1704.94,211.18,33.08,85.43,0.9401,-1,-1,-1
423,140,685.32,395.57,37.43,111.23,0.9207,-1,-1,-1
423,158,1259.11,146.83,28.45,70.31,0.9062,-1,-1,-1
424,175,707.93,783.76,63.95,150.56,0.977,-1,-1,-1
424,195,33.72,365.13,60.72,107.76,0.9747,-1,-1,-1
424,144,873.17,377.33,43.44,113.36,0.9732,-1,-1,-1
424,249,577.79,452.76,58.86,106.9,0.9723,-1,-1,-1
424,209,1202.39,372.47,44.74,101.66,0.9722,-1,-1,-1
424,208,1714.5,289.32,46.17,95.0,0.9716,-1,-1,-1
424,197,1278.7,497.88,61.97,119.7,0.9714,-1,-1,-1
424,192,242.3,473.91,47.72,112.0,0.9707,-1,-1,-1
424,146,1628.21,195.36,45.11,73.83,0.9704,-1,-1,-1
424,154,1444.39,259.51,43.2,89.4,0.9681,-1,-1,-1
424,191,484.58,226.05,42.13,87.5,0.9632,-1,-1,-1
424,215,1498.19,693.98,74.97,131.02,0.9614,-1,-1,-1
424,211,1333.15,402.32,43.79,93.61,0.9605,-1,-1,-1
424,147,855.95,303.74,31.57,93.31,0.9522,-1,-1,-1
424,226,1368.49,288.02,36.32,93.02,0.9464,-1,-1,-1
424,206,1807.66,242.07,36.97,89.62,0.9459,-1,-1,-1
424,148,1716.78,212.75,31.46,86.01,0.9419,-1,-1,-1
424,158,1267.78,147.16,30.17,71.37,0.9154,-1,-1,-1
424,140,698.84,398.85,39.42,110.6,0.8701,-1,-1,-1
424,204,1548.06,503.07,61.04,109.94,0.8587,-1,-1,-1
425,175,706.36,783.0,72.21,150.94,0.9768,-1,-1,-1
425,249,586.01,450.7,59.27,108.33,0.9755,-1,-1,-1
425,144,881.98,382.55,48.81,112.81,0.9754,-1,-1,-1
425,192,251.78,475.81,49.97,110.95,0.9738,-1,-1,-1
425,197,1283.46,499.3,50.46,119.63,0.9727,-1,-1,-1
425,195,44.63,369.33,65.63,105.7,0.9727,-1,-1,-1
425,215,1504.87,695.78,70.74,135.37,0.9718,-1,-1,-1
425,209,1215.74,373.33,44.62,101.25,0.9717,-1,-1,-1
425,204,1543.75,500.06,71.61,113.45,0.9715,-1,-1,-1
425,146,1637.77,196.94,44.5,74.19,0.9707,-1,-1,-1
425,208,1725.39,290.15,44.49,96.68,0.9688,-1,-1,-1
425,154,1453.72,263.28,40.68,88.16,0.968,-1,-1,-1
425,191,495.63,228.23,42.09,87.0,0.9628,-1,-1,-1
425,211,1346.24,401.68,42.34,95.7,0.9589,-1,-1,-1
425,226,1378.09,289.48,35.94,94.7,0.9563,-1,-1,-1
425,148,1727.41,214.95,32.34,85.79,0.9434,-1,-1,-1
425,147,867.3,306.22,31.04,93.75,0.9283,-1,-1,-1
425,206,1817.1,256.99,34.27,76.3,0.9037,-1,-1,-1
425,158,1279.4,151.46,28.41,68.54,0.8242,-1,-1,-1
425,140,712.37,398.02,36.1,113.44,0.8131,-1,-1,-1
426,175,709.78,782.02,73.45,151.2,0.9763,-1,-1,-1
426,195,55.26,373.44,73.95,103.62,0.975,-1,-1,-1
426,215,1510.75,702.72,65.03,133.05,0.9748,-1,-1,-1
426,144,891.99,388.2,51.32,109.14,0.9743,-1,-1,-1
426,204,1545.11,501.9,76.24,115.07,0.974,-1,-1,-1
426,192,261.76,477.78,50.23,113.89,0.9731,-1,-1,-1
426,197,1286.2,500.18,41.86,121.03,0.9731,-1,-1,-1
426,208,1733.2,295.28,46.22,94.17,0.9705,-1,-1,-1
426,146,1647.12,199.27,44.32,74.61,0.9703,-1,-1,-1
426,209,1229.91,374.28,42.09,101.94,0.9696,-1,-1,-1
426,191,504.86,230.81,41.9,87.03,0.9687,-1,-1,-1
426,249,592.84,449.74,61.11,110.11,0.9661,-1,-1,-1
426,154,1461.95,267.36,37.14,86.6,0.9641,-1,-1,-1
426,148,1737.71,218.79,31.82,84.16,0.9526,-1,-1,-1
426,226,1388.18,292.7,35.26,92.93,0.9456,-1,-1,-1
426,206,1826.0,257.77,30.23,77.0,0.9191,-1,-1,-1
426,147,878.0,307.84,32.06,93.67,0.9116,-1,-1,-1
426,140,724.33,402.33,37.35,111.89,0.909,-1,-1,-1
426,211,1360.65,397.29,37.58,104.06,0.8199,-1,-1,-1
426,158,1291.34,152.39,26.37,69.14,0.798,-1,-1,-1
427,175,716.42,783.0,72.65,151.32,0.9812,-1,-1,-1
427,195,65.79,375.6,77.06,103.52,0.978,-1,-1,-1
427,192,269.49,480.32,51.98,113.65,0.974,-1,-1,-1
427,197,1287.25,499.94,41.79,123.85,0.9739,-1,-1,-1
427,144,900.35,392.87,52.84,107.6,0.972,-1,-1,-1
427,208,1743.25,295.81,45.7,95.9,0.9695,-1,-1,-1
427,209,1241.01,375.71,42.33,102.59,0.9689,-1,-1,-1
427,249,597.33,449.5,64.17,111.43,0.9685,-1,-1,-1
427,191,513.72,233.05,41.16,86.11,0.9675,-1,-1,-1
427,146,1656.35,199.35,43.32,76.59,0.9674,-1,-1,-1
427,215,1513.73,705.56,59.14,132.98,0.9637,-1,-1,-1
427,154,1468.5,271.1,34.82,85.51,0.9565,-1,-1,-1
427,204,1543.69,507.21,83.15,115.52,0.9484,-1,-1,-1
427,147,888.04,311.48,33.02,93.83,0.9483,-1,-1,-1
427,148,1747.6,223.72,31.98,86.24,0.9454,-1,-1,-1
427,226,1399.6,295.35,32.48,92.47,0.9352,-1,-1,-1
427,158,1300.15,154.82,26.83,69.67,0.9162,-1,-1,-1
427,140,737.82,403.03,36.84,113.85,0.9044,-1,-1,-1
427,206,1832.31,256.96,26.99,79.69,0.898,-1,-1,-1
427,211,1376.11,448.14,25.65,56.26,0.7756,-1,-1,-1
428,175,716.44,782.96,72.65,151.42,0.9812,-1,-1,-1
428,195,65.81,375.61,77.09,103.45,0.9778,-1,-1,-1
428,192,269.47,480.27,52.0,113.69,0.9739,-1,-1,-1
428,197,1287.26,499.95,41.79,123.79,0.9738,-1,-1,-1
428,144,900.36,392.86,52.82,107.64,0.972,-1,-1,-1
428,208,1743.24,295.89,45.71,95.81,0.9694,-1,-1,-1
428,209,1241.05,375.71,42.19,102.53,0.9684,-1,-1,-1
428,249,597.31,449.53,64.18,111.38,0.9683,-1,-1,-1
428,191,513.74,233.04,41.12,86.12,0.9676,-1,-1,-1
428,146,1656.4,199.32,43.27,76.61,0.9673,-1,-1,-1
428,215,1513.6,704.33,59.2,134.19,0.9645,-1,-1,-1
428,154,1468.5,271.01,34.83,85.58,0.9574,-1,-1,-1
428,147,888.05,311.52,32.96,93.81,0.9484,-1,-1,-1
428,204,1543.69,507.11,83.17,115.59,0.9483,-1,-1,-1
428,148,1747.6,223.73,31.99,86.22,0.9453,-1,-1,-1
428,226,1399.61,295.41,32.44,92.4,0.9346,-1,-1,-1
428,158,1300.05,154.35,26.94,70.05,0.9183,-1,-1,-1
428,140,737.57,402.75,37.08,114.09,0.9075,-1,-1,-1
428,206,1831.7,256.57,27.77,80.79,0.8969,-1,-1,-1
428,211,1376.03,448.2,25.71,56.21,0.7683,-1,-1,-1
428,257,1380.95,405.7,31.32,61.78,0.7089,-1,-1,-1
428,258,1828.5,245.82,19.53,58.65,0.5895,-1,-1,-1
429,197,1289.53,499.69,47.09,126.29,0.9779,-1,-1,-1
429,192,279.1,481.32,54.0,115.53,0.9771,-1,-1,-1
429,175,721.71,784.01,70.97,153.93,0.9771,-1,-1,-1
429,195,75.33,374.73,76.65,104.97,0.9754,-1,-1,-1
429,144,914.2,395.48,48.17,107.12,0.9746,-1,-1,-1
429,249,605.15,448.42,64.54,114.21,0.9716,-1,-1,-1
429,209,1251.96,376.82,43.68,102.79,0.9706,-1,-1,-1
429,215,1520.36,695.18,45.06,140.6,0.9691,-1,-1,-1
429,154,1471.16,272.48,40.15,85.94,0.9668,-1,-1,-1
429,191,521.72,235.48,42.89,84.92,0.9662,-1,-1,-1
429,146,1665.44,201.61,41.26,76.4,0.9642,-1,-1,-1
429,208,1754.47,296.38,44.37,98.11,0.9627,-1,-1,-1
429,148,1756.66,227.59,33.23,84.11,0.9562,-1,-1,-1
429,147,898.31,312.43,32.55,94.0,0.9479,-1,-1,-1
429,204,1551.9,511.5,78.69,113.29,0.9435,-1,-1,-1
429,226,1411.06,296.43,29.34,91.94,0.9363,-1,-1,-1
429,206,1834.9,249.24,30.15,91.55,0.9302,-1,-1,-1
429,158,1307.11,158.31,28.01,67.76,0.8682,-1,-1,-1
429,211,1388.84,449.09,22.54,55.55,0.8663,-1,-1,-1
429,140,750.12,417.97,35.95,98.22,0.7447,-1,-1,-1
429,257,1393.19,404.8,31.68,65.12,0.7117,-1,-1,-1
430,175,728.68,784.64,69.68,153.23,0.9786,-1,-1,-1
430,197,1284.04,500.24,59.65,126.8,0.9766,-1,-1,-1
430,195,87.8,373.83,72.27,105.93,0.9757,-1,-1,-1
430,192,289.16,482.06,52.69,119.68,0.9741,-1,-1,-1
430,209,1260.51,377.66,48.78,103.37,0.9726,-1,-1,-1
430,154,1476.51,272.44,42.13,86.09,0.9718,-1,-1,-1
430,191,528.45,234.98,40.62,87.26,0.9682,-1,-1,-1
430,144,928.69,395.46,41.38,108.21,0.9679,-1,-1,-1
430,215,1525.02,699.53,39.34,137.11,0.9668,-1,-1,-1
430,208,1764.81,300.92,43.19,93.87,0.9666,-1,-1,-1
430,249,616.13,449.16,61.12,114.61,0.9661,-1,-1,-1
430,146,1675.59,201.71,37.34,77.06,0.9613,-1,-1,-1
430,226,1422.95,298.82,25.71,90.82,0.9542,-1,-1,-1
430,148,1764.61,229.25,34.47,84.91,0.9446,-1,-1,-1
430,147,909.59,313.86,31.29,94.19,0.9434,-1,-1,-1
430,140,758.85,409.06,38.04,112.62,0.9098,-1,-1,-1
430,158,1317.05,157.04,26.47,69.6,0.9065,-1,-1,-1
430,257,1396.68,412.83,24.92,91.48,0.8814,-1,-1,-1
430,206,1844.76,256.2,27.55,84.16,0.8572,-1,-1,-1
430,204,1554.63,520.71,72.29,105.14,0.7799,-1,-1,-1
431,197,1278.04,500.08,70.1,128.65,0.9785,-1,-1,-1
431,175,736.13,785.81,67.85,150.22,0.9756,-1,-1,-1
431,192,298.01,482.5,50.58,121.72,0.974,-1,-1,-1
431,195,100.72,371.26,68.67,106.96,0.9727,-1,-1,-1
431,249,622.49,451.55,60.3,109.85,0.971,-1,-1,-1
431,154,1479.27,271.09,45.18,89.57,0.9696,-1,-1,-1
431,209,1267.6,379.25,53.77,103.11,0.9692,-1,-1,-1
431,215,1527.16,698.59,40.62,137.96,0.9651,-1,-1,-1
431,208,1773.58,299.99,42.12,94.99,0.965,-1,-1,-1
431,144,940.32,396.56,37.63,108.21,0.9634,-1,-1,-1
431,140,767.31,400.97,40.08,118.12,0.9591,-1,-1,-1
431,191,534.89,235.63,37.96,87.45,0.9576,-1,-1,-1
431,146,1683.48,200.84,36.56,77.53,0.9554,-1,-1,-1
431,147,918.23,315.43,33.84,94.04,0.9452,-1,-1,-1
431,148,1773.13,230.76,33.22,84.05,0.9419,-1,-1,-1
431,204,1556.11,529.98,62.82,96.79,0.9417,-1,-1,-1
431,226,1433.13,299.7,24.61,90.25,0.9365,-1,-1,-1
431,158,1322.18,159.11,27.87,67.82,0.9182,-1,-1,-1
431,206,1850.68,261.33,29.14,80.32,0.8813,-1,-1,-1
431,257,1405.51,412.0,28.69,96.19,0.732,-1,-1,-1
432,175,742.4,786.98,66.19,148.5,0.9795,-1,-1,-1
432,192,307.25,484.14,46.07,120.35,0.9775,-1,-1,-1
432,197,1276.55,502.12,77.55,128.15,0.9762,-1,-1,-1
432,154,1484.07,271.24,45.02,90.55,0.9741,-1,-1,-1
432,209,1274.23,380.31,60.89,103.76,0.973,-1,-1,-1
432,249,628.48,452.72,59.83,107.28,0.9729,-1,-1,-1
432,195,117.4,370.24,57.92,105.69,0.9685,-1,-1,-1
432,191,541.76,235.01,34.8,88.64,0.9679,-1,-1,-1
432,140,773.08,400.56,42.95,119.11,0.9672,-1,-1,-1
432,208,1781.73,299.39,41.89,96.57,0.9667,-1,-1,-1
432,215,1518.41,698.66,55.96,137.38,0.9665,-1,-1,-1
432,144,952.0,398.45,33.43,108.06,0.9643,-1,-1,-1
432,147,926.96,313.3,35.35,97.53,0.9638,-1,-1,-1
432,257,1412.32,402.55,41.97,104.56,0.9615,-1,-1,-1
432,148,1781.17,231.49,33.3,83.83,0.9593,-1,-1,-1
432,206,1847.06,253.59,39.56,91.03,0.9533,-1,-1,-1
432,146,1688.1,202.6,36.39,76.12,0.9515,-1,-1,-1
432,226,1441.67,298.43,23.74,93.34,0.9379,-1,-1,-1
432,158,1327.57,163.7,28.16,63.8,0.9004,-1,-1,-1
432,204,1558.93,538.37,51.21,90.61,0.8551,-1,-1,-1
433,175,747.5,784.6,63.42,152.42,0.9758,-1,-1,-1
433,197,1278.47,505.71,76.06,125.39,0.9752,-1,-1,-1
433,195,132.18,367.86,49.95,106.5,0.9737,-1,-1,-1
433,140,776.2,401.72,47.04,118.15,0.9735,-1,-1,-1
433,154,1486.78,270.43,46.03,91.74,0.9733,-1,-1,-1
433,249,633.53,454.68,58.47,105.39,0.9727,-1,-1,-1
433,209,1277.18,380.47,65.91,104.39,0.9727,-1,-1,-1
433,215,1514.1,691.38,63.98,143.74,0.9697,-1,-1,-1
433,208,1789.1,306.05,40.2,90.62,0.9682,-1,-1,-1
433,192,315.46,484.92,41.55,119.96,0.9655,-1,-1,-1
433,147,932.85,317.07,37.01,94.18,0.9649,-1,-1,-1
433,144,958.85,401.94,34.78,108.06,0.9643,-1,-1,-1
433,257,1418.98,399.13,40.45,109.0,0.9617,-1,-1,-1
433,148,1787.83,231.34,33.46,85.26,0.9577,-1,-1,-1
433,191,546.49,236.3,33.98,87.56,0.9561,-1,-1,-1
433,206,1846.41,260.28,45.48,83.67,0.9539,-1,-1,-1
433,146,1693.0,202.23,34.2,75.31,0.9488,-1,-1,-1
433,226,1450.07,299.03,24.01,94.49,0.9412,-1,-1,-1
433,158,1333.08,159.09,28.54,68.8,0.9373,-1,-1,-1
433,204,1562.86,544.87,37.81,81.59,0.9277,-1,-1,-1
434,175,747.5,784.62,63.32,152.42,0.9758,-1,-1,-1
434,197,1278.47,505.69,76.06,125.46,0.9752,-1,-1,-1
434,195,132.28,367.85,49.82,106.52,0.9738,-1,-1,-1
434,140,776.22,401.75,47.03,118.14,0.9735,-1,-1,-1
434,154,1486.77,270.43,45.98,91.71,0.9734,-1,-1,-1
434,249,633.56,454.66,58.39,105.38,0.9728,-1,-1,-1
434,209,1277.22,380.44,65.93,104.42,0.9728,-1,-1,-1
434,215,1514.06,691.57,64.03,143.57,0.97,-1,-1,-1
434,208,1789.09,306.11,40.21,90.61,0.9682,-1,-1,-1
434,192,315.5,484.74,41.52,120.13,0.9655,-1,-1,-1
434,147,932.88,317.04,37.0,94.2,0.9649,-1,-1,-1
434,144,958.82,401.9,34.81,108.14,0.9643,-1,-1,-1
434,257,1418.99,399.21,40.45,108.95,0.9615,-1,-1,-1
434,148,1787.84,231.35,33.43,85.26,0.9573,-1,-1,-1
434,191,546.5,236.3,33.97,87.57,0.9564,-1,-1,-1
434,206,1846.43,260.29,45.47,83.65,0.9542,-1,-1,-1
434,146,1693.05,202.01,34.04,75.52,0.9487,-1,-1,-1
434,226,1450.06,299.07,24.02,94.45,0.9411,-1,-1,-1
434,158,1333.08,159.13,28.54,68.72,0.9371,-1,-1,-1
434,204,1562.89,544.87,37.85,81.57,0.9291,-1,-1,-1
434,266,1555.58,518.9,26.65,54.65,0.7919,-1,-1,-1
435,209,1280.67,379.89,72.11,105.13,0.9784,-1,-1,-1
435,175,753.11,783.58,57.19,151.34,0.9778,-1,-1,-1
435,249,637.84,454.33,58.91,105.51,0.9761,-1,-1,-1
435,195,144.14,365.96,41.8,105.64,0.9738,-1,-1,-1
435,144,961.58,404.5,40.66,108.74,0.9728,-1,-1,-1
435,215,1511.99,697.52,67.61,138.14,0.972,-1,-1,-1
435,154,1487.1,271.52,46.34,88.25,0.9717,-1,-1,-1
435,192,322.53,485.94,38.79,118.9,0.9711,-1,-1,-1
435,257,1424.22,398.75,40.49,109.88,0.9708,-1,-1,-1
435,197,1281.54,507.73,70.14,123.12,0.9704,-1,-1,-1
435,140,777.86,401.76,50.23,118.13,0.9695,-1,-1,-1
435,147,937.74,316.08,37.61,94.5,0.9683,-1,-1,-1
435,208,1793.56,306.28,40.09,91.01,0.9665,-1,-1,-1
435,148,1793.54,231.12,32.69,85.45,0.961,-1,-1,-1
435,191,549.8,236.07,33.17,87.74,0.9609,-1,-1,-1
435,204,1561.21,538.91,39.96,90.35,0.9559,-1,-1,-1
435,146,1693.99,202.36,35.46,75.65,0.9539,-1,-1,-1
435,206,1847.72,261.25,48.0,83.69,0.9516,-1,-1,-1
435,158,1337.16,159.79,27.81,68.11,0.9408,-1,-1,-1
435,226,1453.96,299.34,25.69,93.78,0.938,-1,-1,-1
435,266,1551.59,512.51,26.93,69.57,0.8059,-1,-1,-1
436,249,641.11,454.16,58.79,104.98,0.9752,-1,-1,-1
436,175,754.23,780.55,56.28,153.19,0.9743,-1,-1,-1
436,197,1276.15,506.39,68.56,122.69,0.9736,-1,-1,-1
436,144,964.65,408.65,43.67,109.82,0.9735,-1,-1,-1
436,215,1510.64,689.54,68.02,145.93,0.9732,-1,-1,-1
436,209,1284.84,379.38,72.8,106.08,0.9731,-1,-1,-1
436,257,1427.85,401.3,40.39,107.58,0.971,-1,-1,-1
436,140,779.0,401.74,52.03,117.91,0.9699,-1,-1,-1
436,154,1488.07,272.91,42.19,86.76,0.9695,-1,-1,-1
436,195,149.49,364.76,42.05,105.85,0.9689,-1,-1,-1
436,147,941.05,317.14,38.91,93.36,0.9676,-1,-1,-1
436,208,1797.82,303.8,38.55,93.33,0.9666,-1,-1,-1
436,192,327.23,485.54,36.31,118.56,0.963,-1,-1,-1
436,191,552.14,236.16,32.19,87.61,0.9612,-1,-1,-1
436,206,1850.43,264.13,47.56,80.95,0.9572,-1,-1,-1
436,148,1796.43,231.06,34.04,86.01,0.9571,-1,-1,-1
436,204,1548.0,523.7,55.5,106.22,0.9543,-1,-1,-1
436,226,1458.16,298.25,26.57,95.08,0.9513,-1,-1,-1
436,146,1695.55,201.48,35.48,75.79,0.9509,-1,-1,-1
436,158,1338.02,160.19,29.17,68.14,0.9382,-1,-1,-1
436,266,1548.64,508.79,25.95,53.86,0.4085,-1,-1,-1
437,209,1290.08,379.47,71.33,104.79,0.9785,-1,-1,-1
437,195,153.17,364.71,44.48,105.75,0.9752,-1,-1,-1
437,144,969.22,412.13,46.23,105.67,0.975,-1,-1,-1
437,175,752.98,777.64,58.38,155.51,0.9749,-1,-1,-1
437,215,1514.07,702.1,63.18,133.2,0.9737,-1,-1,-1
437,249,642.54,452.41,62.88,105.85,0.9733,-1,-1,-1
437,257,1430.6,400.13,40.88,107.53,0.9722,-1,-1,-1
437,140,786.57,401.15,46.99,118.69,0.971,-1,-1,-1
437,147,942.54,317.83,39.56,92.95,0.9698,-1,-1,-1
437,208,1800.17,306.66,38.61,90.84,0.9676,-1,-1,-1
437,197,1269.42,505.07,66.45,125.2,0.9676,-1,-1,-1
437,192,330.96,484.8,37.33,120.26,0.9633,-1,-1,-1
437,154,1489.88,273.99,37.57,84.54,0.9597,-1,-1,-1
437,206,1851.77,266.63,46.24,78.64,0.9595,-1,-1,-1
437,191,554.96,236.1,30.77,87.37,0.9594,-1,-1,-1
437,148,1799.08,231.83,34.68,84.79,0.9566,-1,-1,-1
437,204,1533.16,523.31,69.29,105.56,0.9496,-1,-1,-1
437,226,1460.85,299.09,28.49,93.26,0.9473,-1,-1,-1
437,158,1340.15,159.46,30.0,68.97,0.9382,-1,-1,-1
437,146,1697.17,200.45,35.46,75.88,0.9078,-1,-1,-1
437,266,1542.8,510.47,25.97,54.12,0.5654,-1,-1,-1
438,144,969.98,415.13,48.29,105.34,0.9763,-1,-1,-1
438,215,1515.31,695.99,57.59,138.09,0.9761,-1,-1,-1
438,249,644.26,451.27,64.92,107.89,0.9757,-1,-1,-1
438,195,156.68,365.02,49.74,105.62,0.9748,-1,-1,-1
438,175,749.66,776.14,61.84,157.48,0.9735,-1,-1,-1
438,140,787.06,401.0,50.46,118.81,0.9714,-1,-1,-1
438,209,1296.11,377.83,69.88,103.84,0.9708,-1,-1,-1
438,257,1431.38,398.14,42.82,108.05,0.9703,-1,-1,-1
438,192,334.61,484.47,38.07,120.63,0.9701,-1,-1,-1
438,147,943.49,319.45,40.51,91.4,0.9674,-1,-1,-1
438,204,1520.67,511.33,79.34,115.95,0.9636,-1,-1,-1
438,197,1265.87,504.47,61.83,125.85,0.9614,-1,-1,-1
438,208,1803.02,304.18,36.54,94.45,0.96,-1,-1,-1
438,148,1801.24,234.8,36.06,82.23,0.9595,-1,-1,-1
438,191,555.82,236.16,30.63,87.58,0.9568,-1,-1,-1
438,146,1695.54,198.75,37.04,78.13,0.9556,-1,-1,-1
438,206,1853.69,266.1,42.09,78.61,0.9543,-1,-1,-1
438,154,1488.08,274.43,30.65,86.01,0.9424,-1,-1,-1
438,226,1462.09,299.56,29.57,91.9,0.9368,-1,-1,-1
438,158,1341.06,157.41,30.8,71.34,0.9249,-1,-1,-1
438,269,521.33,141.8,34.39,64.14,0.8133,-1,-1,-1
438,268,1857.44,254.73,19.05,52.23,0.7302,-1,-1,-1
439,249,647.24,452.03,66.29,106.35,0.9782,-1,-1,-1
439,209,1302.79,377.95,66.37,102.74,0.9757,-1,-1,-1
439,215,1516.09,690.74,52.39,143.08,0.9754,-1,-1,-1
439,144,970.99,418.24,50.82,103.75,0.975,-1,-1,-1
439,195,158.1,367.02,57.47,104.4,0.975,-1,-1,-1
439,175,747.45,775.6,64.32,159.8,0.9733,-1,-1,-1
439,140,788.09,402.54,50.95,117.55,0.9723,-1,-1,-1
439,192,335.25,484.55,40.95,120.88,0.9717,-1,-1,-1
439,147,942.76,320.36,42.85,90.59,0.9709,-1,-1,-1
439,257,1437.04,397.91,39.28,107.41,0.9686,-1,-1,-1
439,148,1803.46,237.44,37.16,81.23,0.9665,-1,-1,-1
439,146,1694.72,197.87,37.52,78.47,0.9655,-1,-1,-1
439,197,1261.48,501.88,61.91,128.79,0.9628,-1,-1,-1
439,204,1517.36,531.46,79.58,96.27,0.9601,-1,-1,-1
439,208,1804.71,307.62,36.1,91.37,0.9567,-1,-1,-1
439,191,556.72,237.19,30.76,85.84,0.9565,-1,-1,-1
439,154,1488.26,275.46,25.4,84.79,0.9442,-1,-1,-1
439,158,1342.61,157.42,30.26,71.06,0.9427,-1,-1,-1
439,226,1464.64,300.98,29.83,90.98,0.9238,-1,-1,-1
439,206,1856.06,265.73,36.12,79.16,0.9086,-1,-1,-1
439,266,1531.73,511.28,26.8,60.32,0.8111,-1,-1,-1
439,268,1857.49,255.35,19.07,49.23,0.7085,-1,-1,-1
440,249,647.13,452.04,66.4,106.52,0.9784,-1,-1,-1
440,209,1302.82,377.95,66.33,102.75,0.9756,-1,-1,-1
440,215,1516.01,690.49,52.49,143.24,0.9754,-1,-1,-1
440,144,970.98,418.3,50.78,103.7,0.975,-1,-1,-1
440,195,158.1,367.03,57.42,104.4,0.975,-1,-1,-1
440,175,747.38,775.66,64.39,159.68,0.9733,-1,-1,-1
440,140,788.77,402.57,50.19,117.3,0.9722,-1,-1,-1
440,192,335.26,484.55,41.05,120.88,0.9717,-1,-1,-1
440,147,942.74,320.41,42.89,90.63,0.9709,-1,-1,-1
440,257,1437.02,397.93,39.38,107.37,0.9686,-1,-1,-1
440,148,1803.34,237.41,37.25,81.24,0.967,-1,-1,-1
440,146,1694.73,197.89,37.5,78.47,0.9654,-1,-1,-1
440,197,1261.37,501.86,61.97,128.83,0.9628,-1,-1,-1
440,204,1517.41,531.79,79.49,95.98,0.9606,-1,-1,-1
440,208,1804.73,307.85,36.06,91.11,0.957,-1,-1,-1
440,191,556.72,237.19,30.81,85.86,0.9568,-1,-1,-1
440,154,1488.26,275.45,25.45,84.75,0.9445,-1,-1,-1
440,158,1342.62,157.46,30.24,71.04,0.9427,-1,-1,-1
440,226,1464.51,300.94,29.98,90.99,0.925,-1,-1,-1
440,206,1856.07,265.6,36.02,79.23,0.9067,-1,-1,-1
440,266,1531.73,511.31,26.82,60.31,0.8146,-1,-1,-1
440,268,1857.42,255.31,19.21,49.35,0.7017,-1,-1,-1
441,249,649.4,451.08,68.1,105.13,0.9743,-1,-1,-1
441,144,971.04,419.8,54.18,103.32,0.9737,-1,-1,-1
441,140,792.65,401.75,48.02,117.27,0.9735,-1,-1,-1
441,192,335.56,483.91,42.46,121.64,0.9727,-1,-1,-1
441,147,944.25,319.28,42.37,91.55,0.9719,-1,-1,-1
441,215,1516.25,694.13,52.5,140.41,0.9719,-1,-1,-1
441,175,744.05,775.59,68.45,161.94,0.9718,-1,-1,-1
441,209,1312.84,378.45,59.98,101.61,0.9704,-1,-1,-1
441,257,1441.77,395.21,37.75,107.93,0.9673,-1,-1,-1
441,148,1805.88,239.2,39.45,82.66,0.9636,-1,-1,-1
441,208,1808.0,307.37,35.9,91.19,0.9636,-1,-1,-1
441,191,556.98,236.16,30.24,86.99,0.9626,-1,-1,-1
441,146,1695.82,199.25,37.69,75.75,0.9606,-1,-1,-1
441,195,158.05,367.84,64.81,104.29,0.9601,-1,-1,-1
441,197,1266.95,500.48,55.39,129.1,0.9492,-1,-1,-1
441,158,1344.22,157.31,29.71,69.67,0.9489,-1,-1,-1
441,204,1520.77,537.74,67.74,88.37,0.9274,-1,-1,-1
441,154,1488.18,275.19,24.52,84.9,0.9222,-1,-1,-1
441,226,1469.93,299.85,27.65,91.88,0.9174,-1,-1,-1
441,269,521.65,140.1,34.42,65.8,0.8439,-1,-1,-1
441,206,1858.98,274.37,29.52,69.39,0.7719,-1,-1,-1
441,268,1859.83,261.26,20.41,47.87,0.7228,-1,-1,-1
441,266,1526.03,513.14,29.49,60.92,0.5985,-1,-1,-1
442,192,334.89,484.25,46.2,121.36,0.9754,-1,-1,-1
442,140,795.35,400.05,46.48,117.24,0.9749,-1,-1,-1
442,249,655.29,449.86,64.34,101.92,0.9738,-1,-1,-1
442,144,972.26,419.1,54.32,103.89,0.9734,-1,-1,-1
442,175,740.81,775.01,72.75,164.46,0.9723,-1,-1,-1
442,215,1520.37,682.43,51.5,150.78,0.9699,-1,-1,-1
442,148,1811.14,237.85,40.05,79.93,0.9695,-1,-1,-1
442,147,946.39,316.75,40.87,93.09,0.9684,-1,-1,-1
442,209,1323.08,377.77,55.13,102.22,0.9647,-1,-1,-1
442,191,556.75,234.93,30.2,86.31,0.9645,-1,-1,-1
442,197,1259.07,499.67,61.78,130.4,0.9566,-1,-1,-1
442,208,1811.54,302.01,35.69,97.1,0.9534,-1,-1,-1
442,257,1447.57,392.95,35.23,108.78,0.9527,-1,-1,-1
442,146,1695.21,203.96,38.49,69.22,0.9499,-1,-1,-1
442,158,1346.24,154.84,27.12,70.68,0.9457,-1,-1,-1
442,154,1488.24,269.55,25.04,89.98,0.9389,-1,-1,-1
442,204,1519.95,539.34,61.39,87.98,0.9387,-1,-1,-1
442,195,154.69,368.47,72.66,102.62,0.9278,-1,-1,-1
442,206,1861.55,259.26,24.18,82.34,0.9193,-1,-1,-1
442,226,1472.44,300.47,29.08,89.56,0.9173,-1,-1,-1
442,269,520.79,137.42,34.16,67.17,0.8798,-1,-1,-1
442,270,1437.06,303.2,40.53,97.79,0.8738,-1,-1,-1
442,266,1517.37,513.1,34.57,56.3,0.7822,-1,-1,-1
443,144,976.19,415.57,51.33,106.31,0.976,-1,-1,-1
443,140,799.67,398.17,42.96,116.89,0.9749,-1,-1,-1
443,192,334.44,484.29,49.39,121.6,0.9745,-1,-1,-1
443,249,664.59,449.35,59.45,101.25,0.9722,-1,-1,-1
443,175,740.94,774.69,74.51,165.59,0.971,-1,-1,-1
443,147,949.32,315.19,40.19,93.81,0.9692,-1,-1,-1
443,195,151.56,369.18,84.83,102.7,0.9691,-1,-1,-1
443,209,1328.42,376.52,55.45,103.04,0.9678,-1,-1,-1
443,215,1520.57,678.68,53.4,153.09,0.9668,-1,-1,-1
443,197,1260.03,499.83,60.84,130.83,0.9662,-1,-1,-1
443,191,556.76,233.1,29.99,86.25,0.9622,-1,-1,-1
443,204,1515.63,514.06,55.67,115.45,0.9565,-1,-1,-1
443,257,1453.03,389.55,34.14,110.08,0.9558,-1,-1,-1
443,270,1439.7,301.88,40.06,98.22,0.9531,-1,-1,-1
443,208,1815.79,306.62,34.12,90.55,0.9506,-1,-1,-1
443,158,1347.42,153.63,26.57,70.08,0.9453,-1,-1,-1
443,146,1692.77,200.43,39.34,70.92,0.9426,-1,-1,-1
443,148,1818.88,237.45,35.92,80.0,0.9339,-1,-1,-1
443,154,1487.15,265.61,27.85,92.73,0.9256,-1,-1,-1
443,226,1474.95,300.4,29.44,89.35,0.9256,-1,-1,-1
443,206,1861.27,277.55,23.14,64.71,0.835,-1,-1,-1
443,268,1863.52,257.32,21.66,53.52,0.7553,-1,-1,-1
444,215,1521.13,674.69,54.63,155.4,0.9748,-1,-1,-1
444,140,804.28,396.82,40.64,115.8,0.9721,-1,-1,-1
444,197,1262.7,500.74,58.83,129.35,0.9707,-1,-1,-1
444,192,333.07,484.26,55.14,122.73,0.9702,-1,-1,-1
444,175,743.48,775.05,75.13,165.33,0.9697,-1,-1,-1
444,249,671.28,447.36,57.92,100.89,0.9695,-1,-1,-1
444,144,982.18,412.06,50.22,108.82,0.9662,-1,-1,-1
444,195,150.81,367.78,81.29,102.12,0.963,-1,-1,-1
444,209,1332.03,376.41,56.6,103.32,0.9624,-1,-1,-1
444,191,556.57,230.7,30.44,87.17,0.9608,-1,-1,-1
444,147,954.77,314.43,36.67,93.55,0.9603,-1,-1,-1
444,204,1510.24,512.04,48.58,117.76,0.9597,-1,-1,-1
444,257,1458.52,388.33,32.64,111.04,0.9518,-1,-1,-1
444,148,1825.15,235.01,33.79,80.19,0.9506,-1,-1,-1
444,154,1487.77,263.77,29.32,91.8,0.9443,-1,-1,-1
444,158,1349.08,151.14,25.04,71.31,0.9431,-1,-1,-1
444,208,1820.66,303.33,32.58,93.91,0.9399,-1,-1,-1
444,226,1478.07,299.62,31.82,89.11,0.9238,-1,-1,-1
444,270,1444.53,300.87,37.94,98.31,0.8408,-1,-1,-1
444,268,1864.72,256.16,23.02,57.69,0.803,-1,-1,-1
444,146,1695.87,201.5,32.64,68.96,0.8014,-1,-1,-1
445,144,993.49,409.7,44.52,111.53,0.976,-1,-1,-1
445,215,1521.64,674.54,55.29,155.07,0.9755,-1,-1,-1
445,175,745.65,776.52,75.31,165.35,0.9747,-1,-1,-1
445,140,806.21,395.76,39.91,116.26,0.9731,-1,-1,-1
445,249,678.46,444.18,56.1,104.18,0.9715,-1,-1,-1
445,195,151.74,367.05,81.92,102.8,0.9697,-1,-1,-1
445,192,332.02,484.75,57.79,123.38,0.9696,-1,-1,-1
445,197,1269.03,501.57,51.45,128.81,0.9671,-1,-1,-1
445,209,1334.45,375.53,55.7,103.89,0.967,-1,-1,-1
445,191,556.75,229.4,30.27,87.73,0.9614,-1,-1,-1
445,204,1509.74,511.74,43.69,116.09,0.96,-1,-1,-1
445,148,1829.14,233.83,35.27,79.54,0.9564,-1,-1,-1
445,147,961.06,312.38,31.63,96.45,0.953,-1,-1,-1
445,226,1479.82,298.04,33.25,88.11,0.9504,-1,-1,-1
445,257,1463.92,389.67,30.57,109.13,0.9452,-1,-1,-1
445,158,1351.98,149.81,23.54,71.39,0.9438,-1,-1,-1
445,208,1825.57,301.31,30.23,95.88,0.9409,-1,-1,-1
445,154,1488.6,261.68,28.87,87.54,0.9193,-1,-1,-1
445,270,1447.95,300.64,38.7,98.67,0.8667,-1,-1,-1
445,146,1696.94,198.67,32.24,70.13,0.8323,-1,-1,-1
445,206,1864.24,259.28,27.86,78.44,0.799,-1,-1,-1
446,144,993.5,409.67,44.5,111.49,0.976,-1,-1,-1
446,215,1521.78,674.57,55.19,155.03,0.9756,-1,-1,-1
446,175,745.69,776.42,75.3,165.44,0.9747,-1,-1,-1
446,140,806.19,395.75,39.89,116.25,0.9731,-1,-1,-1
446,249,678.49,444.12,56.06,104.18,0.9716,-1,-1,-1
446,195,151.74,367.03,81.88,102.8,0.9699,-1,-1,-1
446,192,332.0,484.76,57.79,123.39,0.9696,-1,-1,-1
446,197,1268.92,501.59,51.5,128.82,0.9674,-1,-1,-1
446,209,1334.46,375.48,55.65,103.98,0.967,-1,-1,-1
446,191,556.77,229.4,30.26,87.72,0.9614,-1,-1,-1
446,204,1509.53,510.96,43.93,116.94,0.9597,-1,-1,-1
446,148,1829.13,233.78,35.28,79.62,0.9568,-1,-1,-1
446,147,960.97,312.42,31.71,96.4,0.9529,-1,-1,-1
446,226,1479.8,298.06,33.27,88.09,0.95,-1,-1,-1
446,257,1463.93,389.61,30.56,109.18,0.9452,-1,-1,-1
446,158,1351.82,149.86,23.65,71.43,0.9438,-1,-1,-1
446,208,1825.58,301.5,30.21,95.72,0.9401,-1,-1,-1
446,154,1488.58,261.57,28.82,87.59,0.9177,-1,-1,-1
446,270,1447.92,300.66,38.68,98.67,0.8715,-1,-1,-1
446,146,1697.32,198.76,31.89,70.03,0.8342,-1,-1,-1
446,206,1864.29,258.98,27.82,77.46,0.7731,-1,-1,-1
447,175,750.45,778.04,73.06,165.34,0.9756,-1,-1,-1
447,215,1522.2,676.79,56.56,152.64,0.974,-1,-1,-1
447,249,679.78,439.58,60.72,108.61,0.9738,-1,-1,-1
447,195,152.58,367.88,84.09,102.94,0.9725,-1,-1,-1
447,140,807.24,395.04,40.19,117.35,0.9723,-1,-1,-1
447,209,1337.16,376.39,60.53,103.23,0.9704,-1,-1,-1
447,192,331.61,486.87,56.47,122.92,0.9697,-1,-1,-1
447,197,1266.43,501.67,52.41,128.81,0.968,-1,-1,-1
447,204,1508.4,506.25,43.39,122.73,0.9668,-1,-1,-1
447,144,1007.19,406.07,36.79,114.33,0.9637,-1,-1,-1
447,191,555.93,228.32,30.97,87.98,0.9595,-1,-1,-1
447,148,1830.76,232.7,38.33,81.16,0.9562,-1,-1,-1
447,146,1690.55,192.94,39.8,75.55,0.9528,-1,-1,-1
447,257,1467.48,388.99,31.32,110.36,0.9501,-1,-1,-1
447,147,965.62,311.89,28.31,96.03,0.9483,-1,-1,-1
447,208,1830.44,302.99,28.08,93.4,0.9347,-1,-1,-1
447,158,1351.99,151.12,25.14,69.62,0.9331,-1,-1,-1
447,226,1483.67,297.42,32.54,89.04,0.9064,-1,-1,-1
447,270,1449.48,299.0,41.24,101.16,0.8975,-1,-1,-1
447,206,1862.29,255.36,33.04,84.17,0.8619,-1,-1,-1
447,154,1487.67,261.68,26.83,64.4,0.8194,-1,-1,-1
448,175,754.29,779.0,75.4,167.25,0.9782,-1,-1,-1
448,249,682.63,438.0,63.6,110.21,0.9754,-1,-1,-1
448,204,1501.34,507.46,50.09,122.85,0.9738,-1,-1,-1
448,209,1339.64,376.41,62.15,103.42,0.9709,-1,-1,-1
448,140,809.47,395.5,40.17,118.19,0.9707,-1,-1,-1
448,192,332.73,487.71,54.89,123.43,0.9687,-1,-1,-1
448,148,1834.53,232.05,39.59,82.59,0.9623,-1,-1,-1
448,191,556.07,228.04,30.19,88.58,0.9599,-1,-1,-1
448,197,1271.72,502.38,46.22,126.99,0.959,-1,-1,-1
448,144,1015.4,406.56,35.02,113.79,0.9589,-1,-1,-1
448,195,156.39,366.14,76.44,104.71,0.9551,-1,-1,-1
448,215,1524.79,685.42,54.01,146.92,0.9543,-1,-1,-1
448,257,1470.54,388.38,32.38,109.91,0.9433,-1,-1,-1
448,147,968.66,312.83,27.6,95.08,0.9378,-1,-1,-1
448,208,1833.21,305.06,28.91,91.98,0.9294,-1,-1,-1
448,158,1352.93,152.03,26.41,68.68,0.9189,-1,-1,-1
448,146,1701.25,199.7,30.88,68.43,0.9135,-1,-1,-1
448,226,1486.27,295.7,30.75,91.44,0.8998,-1,-1,-1
448,270,1453.44,300.06,40.24,97.94,0.8549,-1,-1,-1
448,206,1863.13,252.09,35.46,86.52,0.8459,-1,-1,-1
448,154,1488.51,262.4,28.3,74.07,0.8076,-1,-1,-1
449,195,157.64,365.08,59.45,106.75,0.9765,-1,-1,-1
449,175,758.74,782.33,72.78,166.35,0.9754,-1,-1,-1
449,204,1491.75,505.99,59.72,125.12,0.9735,-1,-1,-1
449,209,1343.12,377.21,62.7,103.24,0.9726,-1,-1,-1
449,192,334.61,488.31,51.56,123.83,0.9722,-1,-1,-1
449,140,811.53,396.47,39.77,118.32,0.9687,-1,-1,-1
449,148,1838.1,233.93,41.1,80.55,0.9631,-1,-1,-1
449,144,1019.23,407.99,35.84,112.73,0.962,-1,-1,-1
449,191,555.84,228.28,30.58,88.44,0.9604,-1,-1,-1
449,197,1265.83,502.32,51.81,126.21,0.9584,-1,-1,-1
449,215,1525.77,688.57,54.66,142.46,0.9582,-1,-1,-1
449,249,685.78,437.0,65.44,113.03,0.9558,-1,-1,-1
449,208,1834.53,302.44,34.09,96.87,0.9341,-1,-1,-1
449,158,1353.4,153.8,27.82,67.94,0.9233,-1,-1,-1
449,147,969.08,313.57,28.57,94.83,0.9165,-1,-1,-1
449,146,1698.79,197.03,33.59,70.29,0.912,-1,-1,-1
449,257,1472.91,389.3,36.41,111.41,0.8991,-1,-1,-1
449,154,1487.59,264.6,31.49,75.78,0.8301,-1,-1,-1
449,226,1488.25,296.75,32.08,91.83,0.8277,-1,-1,-1
449,206,1870.33,265.43,32.82,78.29,0.7646,-1,-1,-1
449,270,1458.02,298.54,38.2,98.22,0.682,-1,-1,-1
449,271,1694.67,188.2,23.42,44.28,0.5757,-1,-1,-1
450,249,690.77,436.27,65.75,109.59,0.978,-1,-1,-1
450,195,156.8,362.45,48.89,109.04,0.9754,-1,-1,-1
450,192,336.44,488.36,49.35,123.97,0.9745,-1,-1,-1
450,175,760.32,783.75,71.38,166.2,0.9736,-1,-1,-1
450,144,1022.34,410.96,37.32,110.96,0.9699,-1,-1,-1
450,204,1484.47,509.31,64.64,119.79,0.9696,-1,-1,-1
450,140,811.96,396.66,40.02,117.99,0.9684,-1,-1,-1
450,209,1343.83,375.7,67.42,104.03,0.9683,-1,-1,-1
450,215,1524.55,682.98,56.01,146.15,0.9679,-1,-1,-1
450,197,1266.93,502.33,50.44,125.37,0.9634,-1,-1,-1
450,148,1840.11,235.15,40.43,80.61,0.9597,-1,-1,-1
450,191,554.88,227.62,30.06,88.68,0.9579,-1,-1,-1
450,257,1475.44,390.24,36.89,108.79,0.9419,-1,-1,-1
450,208,1837.5,307.6,34.3,90.49,0.94,-1,-1,-1
450,147,969.52,313.0,31.52,96.05,0.9295,-1,-1,-1
450,158,1352.92,154.22,27.69,67.44,0.9153,-1,-1,-1
450,154,1482.57,264.04,35.59,73.98,0.9122,-1,-1,-1
450,146,1698.69,195.14,33.19,71.45,0.9005,-1,-1,-1
450,226,1490.54,294.59,33.01,94.24,0.8754,-1,-1,-1
450,270,1465.17,298.03,36.53,98.78,0.8546,-1,-1,-1
450,206,1874.17,265.11,31.24,79.09,0.6606,-1,-1,-1
451,144,1025.13,411.35,43.93,110.96,0.9759,-1,-1,-1
451,249,698.13,436.34,63.37,108.28,0.9759,-1,-1,-1
451,192,338.93,487.73,48.32,125.11,0.975,-1,-1,-1
451,195,155.84,360.68,47.56,110.65,0.9749,-1,-1,-1
451,175,762.67,785.35,69.32,165.37,0.9747,-1,-1,-1
451,197,1268.38,501.5,49.17,125.99,0.9718,-1,-1,-1
451,209,1347.91,374.07,68.71,105.65,0.9712,-1,-1,-1
451,215,1525.58,679.46,54.74,149.79,0.9706,-1,-1,-1
451,140,812.21,396.43,40.82,117.58,0.9705,-1,-1,-1
451,204,1483.36,514.95,61.12,112.84,0.9692,-1,-1,-1
451,191,553.43,226.07,30.21,89.3,0.9528,-1,-1,-1
451,148,1843.7,236.24,37.95,77.19,0.9481,-1,-1,-1
451,208,1839.78,307.68,33.67,89.17,0.9475,-1,-1,-1
451,257,1478.91,387.18,36.52,111.68,0.943,-1,-1,-1
451,147,969.36,312.2,34.19,97.72,0.9334,-1,-1,-1
451,158,1353.18,149.98,28.77,70.14,0.9277,-1,-1,-1
451,154,1483.43,261.39,34.84,62.79,0.9175,-1,-1,-1
451,226,1495.1,296.14,32.55,91.21,0.9126,-1,-1,-1
451,146,1700.64,197.86,29.83,65.03,0.8698,-1,-1,-1
451,268,1873.2,257.25,26.0,55.08,0.7723,-1,-1,-1
451,270,1472.81,298.73,31.68,94.1,0.7274,-1,-1,-1
451,206,1873.66,268.4,35.02,73.53,0.6674,-1,-1,-1
451,271,1699.22,185.67,26.47,52.14,0.443,-1,-1,-1
452,249,698.13,436.31,63.39,108.28,0.976,-1,-1,-1
452,144,1025.13,411.38,43.88,110.92,0.976,-1,-1,-1
452,192,338.93,487.74,48.37,125.08,0.975,-1,-1,-1
452,195,155.83,360.65,47.67,110.68,0.9749,-1,-1,-1
452,175,762.66,785.4,69.34,165.28,0.9747,-1,-1,-1
452,197,1268.2,501.53,49.35,125.93,0.972,-1,-1,-1
452,209,1347.84,374.1,68.88,105.67,0.9714,-1,-1,-1
452,215,1525.61,679.45,54.74,149.78,0.9707,-1,-1,-1
452,140,812.25,396.36,40.76,117.64,0.9704,-1,-1,-1
452,204,1483.43,515.27,61.04,112.44,0.9695,-1,-1,-1
452,191,553.47,226.07,30.17,89.29,0.9529,-1,-1,-1
452,148,1843.69,236.13,38.14,77.25,0.9498,-1,-1,-1
452,208,1839.86,307.77,33.53,89.04,0.9474,-1,-1,-1
452,257,1478.83,387.12,36.64,111.7,0.9451,-1,-1,-1
452,147,969.39,312.16,34.2,97.74,0.9337,-1,-1,-1
452,158,1353.19,150.07,28.78,70.06,0.9277,-1,-1,-1
452,154,1483.41,261.37,34.89,62.62,0.9196,-1,-1,-1
452,226,1495.13,296.26,32.55,91.09,0.9133,-1,-1,-1
452,146,1700.52,197.52,30.02,65.56,0.8699,-1,-1,-1
452,268,1873.21,257.47,25.94,54.89,0.7731,-1,-1,-1
452,270,1472.79,298.77,31.7,94.14,0.7288,-1,-1,-1
452,206,1873.61,268.55,35.05,73.35,0.6665,-1,-1,-1
452,271,1699.25,185.73,26.69,52.8,0.3782,-1,-1,-1
453,144,1028.36,414.11,48.29,109.38,0.9769,-1,-1,-1
453,209,1353.08,373.11,67.27,105.35,0.9768,-1,-1,-1
453,249,706.69,435.73,57.73,107.8,0.976,-1,-1,-1
453,175,762.73,786.83,69.73,164.87,0.9748,-1,-1,-1
453,215,1526.26,678.48,53.6,150.24,0.9723,-1,-1,-1
453,192,342.05,486.31,47.39,127.53,0.9708,-1,-1,-1
453,140,811.74,395.69,41.05,116.76,0.9706,-1,-1,-1
453,204,1485.15,523.84,54.0,101.89,0.9683,-1,-1,-1
453,197,1271.67,500.47,45.52,128.25,0.9672,-1,-1,-1
453,195,154.51,357.96,43.86,111.77,0.9624,-1,-1,-1
453,191,552.29,224.64,29.94,89.75,0.9548,-1,-1,-1
453,147,975.78,311.65,28.88,97.13,0.9449,-1,-1,-1
453,154,1485.19,258.01,34.92,60.01,0.9445,-1,-1,-1
453,158,1352.28,148.44,29.87,70.62,0.941,-1,-1,-1
453,257,1482.22,386.75,36.1,110.06,0.9312,-1,-1,-1
453,270,1477.27,298.87,28.8,96.57,0.9292,-1,-1,-1
453,226,1496.1,297.12,35.55,89.93,0.917,-1,-1,-1
453,148,1847.66,236.22,38.33,70.35,0.9108,-1,-1,-1
453,146,1701.59,189.19,26.64,74.55,0.8837,-1,-1,-1
453,206,1867.68,266.57,42.64,73.61,0.8667,-1,-1,-1
453,208,1844.09,308.88,31.78,87.46,0.8522,-1,-1,-1
453,268,1871.48,254.4,25.39,55.39,0.447,-1,-1,-1
454,175,762.77,787.74,70.27,165.59,0.9759,-1,-1,-1
454,215,1526.82,675.32,54.41,154.61,0.975,-1,-1,-1
454,249,725.82,435.1,42.58,108.18,0.9721,-1,-1,-1
454,197,1268.41,500.28,48.37,128.85,0.9717,-1,-1,-1
454,144,1031.25,414.82,54.88,109.68,0.9715,-1,-1,-1
454,140,812.01,394.9,41.04,118.04,0.9703,-1,-1,-1
454,209,1360.11,372.4,61.69,104.38,0.9671,-1,-1,-1
454,204,1488.76,515.89,42.12,109.49,0.9651,-1,-1,-1
454,192,347.21,485.95,43.84,130.08,0.9604,-1,-1,-1
454,195,155.13,356.45,46.05,110.05,0.9595,-1,-1,-1
454,191,550.93,224.32,30.01,89.22,0.9535,-1,-1,-1
454,208,1849.82,304.46,30.66,91.92,0.9379,-1,-1,-1
454,158,1352.56,147.31,30.45,70.97,0.9359,-1,-1,-1
454,154,1484.88,255.58,35.42,64.12,0.9349,-1,-1,-1
454,257,1484.86,383.14,37.05,114.66,0.9348,-1,-1,-1
454,147,976.06,312.53,28.83,95.69,0.9256,-1,-1,-1
454,226,1499.95,299.79,36.25,86.49,0.9036,-1,-1,-1
454,148,1855.68,236.79,33.16,62.42,0.8961,-1,-1,-1
454,146,1702.65,188.84,24.44,72.96,0.8781,-1,-1,-1
454,206,1863.94,273.14,45.65,66.0,0.8481,-1,-1,-1
454,270,1482.27,303.78,21.67,67.37,0.5369,-1,-1,-1
455,175,762.7,789.72,70.97,164.5,0.9771,-1,-1,-1
455,215,1527.0,673.37,54.39,157.06,0.9761,-1,-1,-1
455,249,730.57,432.29,45.82,110.9,0.9754,-1,-1,-1
455,144,1033.75,416.12,59.99,107.44,0.9751,-1,-1,-1
455,197,1257.67,500.7,58.0,129.71,0.9747,-1,-1,-1
455,140,812.12,393.16,41.97,119.49,0.9704,-1,-1,-1
455,209,1368.04,371.67,51.86,104.51,0.968,-1,-1,-1
455,204,1485.07,508.68,39.33,117.34,0.9661,-1,-1,-1
455,192,349.84,486.17,46.78,131.04,0.9661,-1,-1,-1
455,195,156.83,356.05,46.11,108.19,0.9633,-1,-1,-1
455,257,1487.15,386.52,39.14,108.88,0.9608,-1,-1,-1
455,191,549.36,224.49,30.64,89.26,0.9497,-1,-1,-1
455,208,1852.8,305.66,29.95,90.73,0.9469,-1,-1,-1
455,147,978.84,313.16,26.25,94.63,0.9283,-1,-1,-1
455,158,1352.1,146.46,30.82,70.63,0.9174,-1,-1,-1
455,154,1485.93,252.55,34.65,76.84,0.9113,-1,-1,-1
455,146,1700.72,186.78,26.66,72.07,0.9072,-1,-1,-1
455,148,1862.6,234.87,31.41,60.67,0.7587,-1,-1,-1
455,226,1498.27,301.47,35.94,84.45,0.7354,-1,-1,-1
455,206,1871.73,269.81,36.16,69.45,0.6374,-1,-1,-1
455,268,1870.02,247.84,31.01,69.33,0.3902,-1,-1,-1
456,144,1034.11,415.86,61.47,108.71,0.9779,-1,-1,-1
456,175,762.9,790.88,72.65,164.51,0.9756,-1,-1,-1
456,215,1527.5,672.16,53.43,159.0,0.975,-1,-1,-1
456,249,729.63,428.58,51.64,113.89,0.9742,-1,-1,-1
456,140,812.42,390.42,42.98,121.43,0.9731,-1,-1,-1
456,197,1257.28,500.59,58.18,130.33,0.9729,-1,-1,-1
456,209,1375.83,371.15,42.66,104.91,0.9725,-1,-1,-1
456,195,155.11,354.35,47.89,108.33,0.9653,-1,-1,-1
456,204,1482.23,505.51,37.32,119.74,0.961,-1,-1,-1
456,192,348.79,486.94,48.43,132.56,0.9571,-1,-1,-1
456,191,547.88,223.88,30.74,89.38,0.9531,-1,-1,-1
456,147,978.35,311.63,26.91,96.02,0.9403,-1,-1,-1
456,257,1491.32,394.55,34.12,98.78,0.929,-1,-1,-1
456,208,1854.35,301.79,30.21,94.23,0.9288,-1,-1,-1
456,158,1352.41,144.65,28.97,71.36,0.9172,-1,-1,-1
456,148,1869.41,235.08,28.73,53.78,0.8252,-1,-1,-1
456,146,1697.08,186.83,28.58,68.19,0.79,-1,-1,-1
456,154,1486.51,249.7,38.2,124.24,0.764,-1,-1,-1
456,206,1863.78,283.34,38.13,53.08,0.6893,-1,-1,-1
457,144,1034.17,415.21,61.33,111.5,0.9773,-1,-1,-1
457,249,730.26,428.92,56.38,113.87,0.9754,-1,-1,-1
457,215,1527.63,672.82,53.41,158.8,0.9752,-1,-1,-1
457,175,763.34,790.93,74.07,167.27,0.9733,-1,-1,-1
457,140,812.73,388.49,43.69,121.01,0.9727,-1,-1,-1
457,197,1261.76,500.83,53.02,130.63,0.9713,-1,-1,-1
457,195,153.77,353.15,52.85,109.66,0.9701,-1,-1,-1
457,209,1380.49,371.31,36.83,105.22,0.9609,-1,-1,-1
457,191,546.41,223.76,30.8,89.31,0.9602,-1,-1,-1
457,192,345.96,487.89,53.26,133.27,0.9586,-1,-1,-1
457,204,1479.82,508.29,36.04,117.06,0.9532,-1,-1,-1
457,147,977.92,309.91,28.05,96.38,0.9505,-1,-1,-1
457,208,1854.7,306.54,30.89,89.56,0.9393,-1,-1,-1
457,158,1352.65,143.5,26.49,71.71,0.9369,-1,-1,-1
457,146,1693.25,173.78,35.13,85.04,0.9157,-1,-1,-1
457,148,1871.21,233.73,28.81,53.53,0.8837,-1,-1,-1
457,257,1493.56,404.51,33.67,90.0,0.8685,-1,-1,-1
457,154,1485.64,250.23,40.95,124.24,0.8096,-1,-1,-1
457,268,1865.21,253.12,28.35,57.01,0.6949,-1,-1,-1
458,144,1034.12,415.21,61.29,111.89,0.9772,-1,-1,-1
458,249,730.27,428.94,56.35,113.9,0.9754,-1,-1,-1
458,215,1527.62,672.72,53.42,158.96,0.9751,-1,-1,-1
458,175,763.35,790.94,74.19,167.22,0.9733,-1,-1,-1
458,140,812.76,388.5,43.68,120.95,0.9726,-1,-1,-1
458,197,1261.78,500.82,53.02,130.64,0.9714,-1,-1,-1
458,195,153.77,353.12,52.86,109.66,0.97,-1,-1,-1
458,209,1380.45,371.29,36.87,105.23,0.961,-1,-1,-1
458,191,546.41,223.77,30.81,89.3,0.9601,-1,-1,-1
458,192,345.93,487.87,53.44,133.24,0.9587,-1,-1,-1
458,204,1479.86,509.0,35.91,116.32,0.9513,-1,-1,-1
458,147,977.9,309.92,28.06,96.46,0.9506,-1,-1,-1
458,208,1854.69,306.5,30.9,89.59,0.94,-1,-1,-1
458,158,1352.66,143.47,26.49,71.73,0.937,-1,-1,-1
458,146,1693.16,173.3,35.21,85.52,0.9182,-1,-1,-1
458,148,1871.4,233.69,28.75,53.94,0.8846,-1,-1,-1
458,257,1493.6,404.84,33.57,89.64,0.8702,-1,-1,-1
458,154,1485.61,250.26,41.4,124.94,0.7924,-1,-1,-1
458,268,1864.91,253.16,28.74,57.26,0.684,-1,-1,-1
458,275,1488.82,364.91,35.31,55.2,0.5169,-1,-1,-1
459,249,732.28,427.75,61.8,113.8,0.9791,-1,-1,-1
459,144,1035.51,415.19,60.46,111.35,0.9764,-1,-1,-1
459,175,767.04,791.71,73.79,168.1,0.9754,-1,-1,-1
459,140,811.39,385.94,46.45,120.28,0.9752,-1,-1,-1
459,215,1527.28,674.77,53.28,157.38,0.9749,-1,-1,-1
459,197,1269.33,500.48,45.21,130.92,0.9699,-1,-1,-1
459,195,154.83,351.72,57.02,111.9,0.9695,-1,-1,-1
459,204,1470.18,509.5,42.74,117.82,0.9689,-1,-1,-1
459,146,1689.61,175.73,38.52,79.37,0.9674,-1,-1,-1
459,209,1383.75,372.17,35.88,104.93,0.9657,-1,-1,-1
459,192,345.36,488.01,46.84,135.25,0.9617,-1,-1,-1
459,191,545.34,223.94,30.82,88.5,0.9604,-1,-1,-1
459,147,977.05,310.29,27.65,93.88,0.9432,-1,-1,-1
459,158,1350.87,142.93,28.1,71.87,0.9359,-1,-1,-1
459,208,1855.44,305.24,31.3,90.95,0.9153,-1,-1,-1
459,257,1493.98,401.63,34.47,92.52,0.9026,-1,-1,-1
459,148,1877.56,234.26,23.93,54.67,0.8542,-1,-1,-1
459,154,1483.91,254.24,35.99,87.65,0.8473,-1,-1,-1
459,268,1865.46,247.45,24.98,65.29,0.6702,-1,-1,-1
459,275,1493.92,368.32,40.35,59.01,0.6126,-1,-1,-1
460,215,1526.81,676.55,53.16,155.33,0.9753,-1,-1,-1
460,175,775.49,792.53,69.33,168.31,0.9752,-1,-1,-1
460,140,810.52,384.94,47.07,121.54,0.9749,-1,-1,-1
460,144,1040.01,414.87,57.27,110.73,0.974,-1,-1,-1
460,192,342.11,491.15,52.93,131.51,0.9738,-1,-1,-1
460,249,736.6,428.06,64.39,112.67,0.9724,-1,-1,-1
460,197,1272.69,501.14,42.06,131.57,0.9672,-1,-1,-1
460,146,1686.48,176.46,41.57,78.44,0.9641,-1,-1,-1
460,204,1456.68,505.63,54.94,121.53,0.9637,-1,-1,-1
460,209,1385.84,371.67,36.79,106.69,0.961,-1,-1,-1
460,147,975.42,308.43,29.41,96.46,0.9595,-1,-1,-1
460,257,1494.64,393.03,40.36,101.22,0.9572,-1,-1,-1
460,191,544.2,224.11,29.95,88.68,0.9518,-1,-1,-1
460,195,159.08,351.08,47.02,113.38,0.9496,-1,-1,-1
460,154,1481.5,253.9,35.91,86.02,0.9248,-1,-1,-1
460,158,1349.77,143.92,28.13,71.8,0.8919,-1,-1,-1
460,148,1879.8,235.16,24.15,58.47,0.8616,-1,-1,-1
460,208,1856.74,306.13,29.4,91.61,0.8571,-1,-1,-1
460,206,1873.6,264.06,24.31,59.77,0.673,-1,-1,-1
460,270,1506.3,302.97,24.19,84.1,0.5908,-1,-1,-1
460,268,1868.1,247.33,24.44,62.15,0.5259,-1,-1,-1
461,144,1048.2,414.99,51.28,109.99,0.9776,-1,-1,-1
461,140,809.69,384.93,48.36,122.13,0.9765,-1,-1,-1
461,192,339.61,493.11,59.77,131.87,0.9754,-1,-1,-1
461,215,1526.93,677.72,53.58,150.95,0.9738,-1,-1,-1
461,249,744.21,428.57,64.2,112.12,0.9722,-1,-1,-1
461,209,1385.63,372.68,39.33,106.37,0.971,-1,-1,-1
461,257,1495.68,388.34,43.5,107.93,0.9702,-1,-1,-1
461,197,1271.71,501.41,42.92,130.77,0.9693,-1,-1,-1
461,204,1451.88,507.01,57.66,121.3,0.966,-1,-1,-1
461,195,164.09,353.23,39.97,110.74,0.9645,-1,-1,-1
461,146,1685.18,177.35,38.19,77.44,0.9631,-1,-1,-1
461,147,974.26,308.46,30.12,97.41,0.9567,-1,-1,-1
461,191,542.88,224.23,30.05,88.67,0.9515,-1,-1,-1
461,154,1480.12,253.75,35.87,91.28,0.9417,-1,-1,-1
461,158,1348.89,144.64,25.56,70.75,0.9326,-1,-1,-1
461,175,782.99,793.79,64.02,166.63,0.9113,-1,-1,-1
461,148,1881.13,237.28,24.24,58.95,0.7994,-1,-1,-1
461,208,1857.94,307.27,29.85,90.1,0.7856,-1,-1,-1
461,206,1873.98,259.46,25.46,66.08,0.7748,-1,-1,-1
461,268,1867.48,248.46,23.02,59.5,0.6739,-1,-1,-1
462,209,1385.35,372.82,43.14,107.32,0.9767,-1,-1,-1
462,140,808.37,385.7,48.46,121.94,0.9764,-1,-1,-1
462,215,1528.51,674.58,52.7,151.86,0.9741,-1,-1,-1
462,192,339.96,494.5,61.45,132.75,0.972,-1,-1,-1
462,249,754.37,430.41,53.35,110.32,0.9719,-1,-1,-1
462,197,1270.46,501.61,42.57,130.9,0.9707,-1,-1,-1
462,257,1498.84,384.01,44.25,110.17,0.9706,-1,-1,-1
462,144,1055.38,413.61,46.17,110.47,0.9676,-1,-1,-1
462,204,1449.24,510.07,57.47,118.25,0.9672,-1,-1,-1
462,146,1681.4,177.19,38.73,77.33,0.9638,-1,-1,-1
462,175,789.14,795.4,65.06,166.61,0.9629,-1,-1,-1
462,195,160.93,353.44,57.26,112.3,0.9577,-1,-1,-1
462,191,541.33,224.12,30.68,89.12,0.9569,-1,-1,-1
462,154,1479.23,252.2,34.94,89.77,0.9537,-1,-1,-1
462,147,973.38,311.71,28.47,93.27,0.9492,-1,-1,-1
462,158,1347.43,144.83,25.46,70.58,0.9416,-1,-1,-1
462,208,1857.33,308.23,30.67,89.5,0.9148,-1,-1,-1
462,270,1486.52,297.23,38.95,103.87,0.9048,-1,-1,-1
462,148,1878.59,236.24,30.53,88.53,0.8096,-1,-1,-1
462,206,1869.75,267.1,21.64,54.59,0.7216,-1,-1,-1
462,268,1864.57,248.21,25.89,53.82,0.3662,-1,-1,-1
463,209,1386.71,373.41,44.2,106.7,0.9779,-1,-1,-1
463,144,1060.95,410.83,43.33,112.48,0.9751,-1,-1,-1
463,140,807.67,386.63,47.9,120.84,0.9747,-1,-1,-1
463,215,1529.87,673.44,51.7,152.82,0.9743,-1,-1,-1
463,197,1267.7,501.33,43.45,132.76,0.973,-1,-1,-1
463,192,339.07,496.95,62.0,132.42,0.9726,-1,-1,-1
463,257,1501.9,381.84,42.38,111.79,0.9704,-1,-1,-1
463,175,790.47,794.87,67.21,168.31,0.9695,-1,-1,-1
463,195,159.67,352.99,61.67,113.81,0.9673,-1,-1,-1
463,249,765.34,439.07,47.39,102.27,0.9648,-1,-1,-1
463,191,539.99,222.93,30.44,90.02,0.9615,-1,-1,-1
463,204,1446.97,510.24,56.98,118.48,0.9614,-1,-1,-1
463,154,1479.19,250.07,34.03,91.34,0.9576,-1,-1,-1
463,147,970.65,311.23,30.49,94.45,0.9525,-1,-1,-1
463,146,1677.0,179.4,36.07,75.65,0.9498,-1,-1,-1
463,158,1343.51,145.11,27.88,70.52,0.941,-1,-1,-1
463,148,1879.73,237.77,32.2,89.46,0.9307,-1,-1,-1
463,208,1857.54,306.98,30.02,91.47,0.889,-1,-1,-1
463,270,1489.55,299.07,37.32,101.33,0.8576,-1,-1,-1
463,206,1867.27,254.85,23.2,65.11,0.7252,-1,-1,-1
464,209,1386.71,373.39,44.19,106.71,0.9779,-1,-1,-1
464,144,1060.99,410.83,43.29,112.43,0.9752,-1,-1,-1
464,140,807.67,386.62,47.94,120.86,0.9748,-1,-1,-1
464,215,1530.02,673.48,51.54,152.76,0.9742,-1,-1,-1
464,197,1267.73,501.31,43.39,132.76,0.9728,-1,-1,-1
464,192,338.98,496.98,62.14,132.37,0.9725,-1,-1,-1
464,257,1501.9,381.8,42.39,111.8,0.9705,-1,-1,-1
464,175,790.51,794.94,67.16,168.22,0.9697,-1,-1,-1
464,195,159.63,352.98,62.26,113.91,0.967,-1,-1,-1
464,249,765.35,439.57,47.27,101.69,0.9644,-1,-1,-1
464,191,539.91,222.94,30.51,90.06,0.9618,-1,-1,-1
464,204,1446.92,510.26,57.02,118.5,0.9616,-1,-1,-1
464,154,1479.18,250.07,34.01,91.35,0.9577,-1,-1,-1
464,147,970.67,311.27,30.45,94.38,0.9524,-1,-1,-1
464,146,1677.01,179.37,36.07,75.72,0.9498,-1,-1,-1
464,158,1343.48,145.14,27.88,70.58,0.9409,-1,-1,-1
464,148,1879.67,237.8,32.35,89.34,0.9298,-1,-1,-1
464,208,1857.53,306.92,30.01,91.5,0.8868,-1,-1,-1
464,270,1489.62,299.09,36.88,101.31,0.8513,-1,-1,-1
464,206,1868.0,255.09,22.28,64.07,0.7012,-1,-1,-1
464,277,1861.95,240.49,16.72,48.43,0.4892,-1,-1,-1
465,209,1387.81,374.39,44.92,105.61,0.9776,-1,-1,-1
465,197,1265.12,501.16,45.28,132.02,0.977,-1,-1,-1
465,215,1531.78,672.35,51.15,153.54,0.9741,-1,-1,-1
465,144,1065.66,409.33,40.98,115.29,0.9733,-1,-1,-1
465,192,341.8,498.22,58.44,132.64,0.9718,-1,-1,-1
465,140,808.37,387.61,46.59,119.3,0.9698,-1,-1,-1
465,175,790.79,796.5,69.66,169.4,0.9696,-1,-1,-1
465,204,1447.2,506.61,53.68,122.16,0.9696,-1,-1,-1
465,195,160.67,352.56,64.91,115.47,0.9682,-1,-1,-1
465,257,1505.19,380.72,40.24,112.72,0.9667,-1,-1,-1
465,191,538.05,223.54,30.8,89.6,0.9577,-1,-1,-1
465,148,1879.02,239.33,37.46,89.67,0.9533,-1,-1,-1
465,154,1479.34,248.55,32.73,92.62,0.9513,-1,-1,-1
465,158,1340.36,146.21,28.95,69.75,0.9501,-1,-1,-1
465,147,968.27,310.21,32.03,95.18,0.9412,-1,-1,-1
465,249,778.81,437.56,39.2,102.61,0.9409,-1,-1,-1
465,270,1489.1,299.01,36.06,103.05,0.9035,-1,-1,-1
465,208,1858.25,308.59,30.11,89.38,0.8671,-1,-1,-1
465,146,1673.84,186.47,29.69,68.59,0.8621,-1,-1,-1
465,206,1862.02,255.79,25.54,65.51,0.777,-1,-1,-1
466,195,163.85,352.28,67.49,114.74,0.9779,-1,-1,-1
466,209,1390.89,374.07,43.86,106.34,0.9762,-1,-1,-1
466,192,344.74,498.87,54.53,133.0,0.974,-1,-1,-1
466,197,1262.85,502.27,48.07,129.74,0.974,-1,-1,-1
466,204,1447.17,507.56,50.75,121.42,0.9736,-1,-1,-1
466,215,1532.01,672.58,52.32,153.69,0.9731,-1,-1,-1
466,144,1069.44,408.41,38.96,116.33,0.9725,-1,-1,-1
466,140,808.14,388.93,47.77,117.91,0.9683,-1,-1,-1
466,175,791.63,798.51,72.24,169.82,0.9677,-1,-1,-1
466,257,1508.65,378.58,38.3,114.1,0.965,-1,-1,-1
466,249,782.33,437.15,40.87,104.15,0.9606,-1,-1,-1
466,148,1877.48,240.84,39.53,90.88,0.9591,-1,-1,-1
466,191,536.88,223.9,31.03,89.59,0.9552,-1,-1,-1
466,158,1336.6,147.48,31.42,69.31,0.9524,-1,-1,-1
466,147,964.36,310.55,35.17,96.27,0.9518,-1,-1,-1
466,146,1668.17,179.11,29.23,76.65,0.935,-1,-1,-1
466,154,1479.91,246.47,31.6,91.46,0.9348,-1,-1,-1
466,208,1858.27,311.12,30.11,88.49,0.8756,-1,-1,-1
466,206,1859.69,252.94,22.49,53.07,0.8477,-1,-1,-1
466,270,1489.56,300.8,34.89,100.75,0.8427,-1,-1,-1
467,195,167.7,353.31,65.73,108.7,0.9762,-1,-1,-1
467,192,344.9,499.63,52.33,133.38,0.9745,-1,-1,-1
467,175,792.12,800.75,74.81,168.31,0.9729,-1,-1,-1
467,144,1071.59,407.75,39.7,118.08,0.9728,-1,-1,-1
467,204,1446.75,507.06,49.19,122.22,0.9727,-1,-1,-1
467,197,1259.46,502.94,52.72,128.31,0.971,-1,-1,-1
467,257,1510.6,377.82,38.32,114.62,0.9694,-1,-1,-1
467,209,1394.46,373.47,42.08,106.15,0.9688,-1,-1,-1
467,215,1531.0,674.19,57.56,152.71,0.9659,-1,-1,-1
467,140,805.52,390.38,53.22,116.7,0.9649,-1,-1,-1
467,147,962.46,311.05,36.54,96.25,0.9613,-1,-1,-1
467,191,534.88,224.14,31.76,90.05,0.959,-1,-1,-1
467,249,783.53,432.05,44.61,111.04,0.9585,-1,-1,-1
467,158,1333.31,147.3,33.76,69.87,0.9576,-1,-1,-1
467,148,1876.62,242.37,39.66,90.68,0.9536,-1,-1,-1
467,154,1478.72,246.07,32.31,91.04,0.9001,-1,-1,-1
467,146,1663.05,174.79,32.85,81.28,0.897,-1,-1,-1
467,208,1857.37,339.1,28.69,61.74,0.8172,-1,-1,-1
467,206,1857.88,254.44,24.83,54.85,0.7759,-1,-1,-1
467,270,1489.21,301.45,35.25,98.93,0.6987,-1,-1,-1
468,192,345.91,499.92,48.61,134.26,0.9751,-1,-1,-1
468,204,1445.0,505.82,50.26,123.93,0.9735,-1,-1,-1
468,215,1530.36,674.2,64.98,153.52,0.9718,-1,-1,-1
468,175,792.85,804.03,77.06,167.42,0.9711,-1,-1,-1
468,144,1073.46,408.9,40.9,115.87,0.9707,-1,-1,-1
468,209,1397.18,373.62,41.55,103.83,0.9703,-1,-1,-1
468,257,1511.01,376.64,39.63,115.42,0.9701,-1,-1,-1
468,197,1256.38,503.37,57.2,128.39,0.9691,-1,-1,-1
468,195,171.09,356.42,66.67,102.42,0.9686,-1,-1,-1
468,147,959.57,313.47,38.2,95.31,0.9667,-1,-1,-1
468,191,533.9,225.06,31.09,89.32,0.9638,-1,-1,-1
468,148,1877.94,243.97,39.21,89.84,0.9565,-1,-1,-1
468,158,1331.24,150.0,34.9,67.71,0.9514,-1,-1,-1
468,146,1658.97,180.66,34.24,74.72,0.9414,-1,-1,-1
468,270,1486.69,297.14,39.85,106.4,0.9205,-1,-1,-1
468,140,789.99,391.62,66.52,147.62,0.9156,-1,-1,-1
468,154,1478.64,249.32,32.07,68.7,0.88,-1,-1,-1
468,208,1857.12,339.6,28.75,62.82,0.8367,-1,-1,-1
468,206,1855.89,254.53,24.27,56.02,0.7526,-1,-1,-1
468,281,1858.5,311.07,26.87,54.42,0.7399,-1,-1,-1
469,192,346.69,500.95,45.49,134.9,0.974,-1,-1,-1
469,175,792.61,807.96,82.15,164.39,0.9732,-1,-1,-1
469,204,1444.92,505.12,49.92,124.72,0.9726,-1,-1,-1
469,140,789.19,392.66,67.6,147.55,0.9724,-1,-1,-1
469,144,1074.49,410.51,42.12,112.68,0.9717,-1,-1,-1
469,257,1511.67,377.04,40.34,114.54,0.9711,-1,-1,-1
469,197,1254.07,503.1,61.2,129.89,0.971,-1,-1,-1
469,209,1401.2,373.8,39.21,104.58,0.9698,-1,-1,-1
469,147,958.03,314.17,37.59,95.05,0.9677,-1,-1,-1
469,215,1531.15,676.19,67.86,153.16,0.9667,-1,-1,-1
469,191,532.14,225.27,31.98,90.34,0.9647,-1,-1,-1
469,195,173.85,357.7,62.22,100.0,0.9647,-1,-1,-1
469,146,1652.48,179.68,37.45,73.24,0.957,-1,-1,-1
469,158,1330.02,150.74,35.05,66.98,0.9536,-1,-1,-1
469,270,1485.4,297.76,39.94,106.47,0.9534,-1,-1,-1
469,148,1879.98,244.81,37.22,90.03,0.9487,-1,-1,-1
469,208,1856.39,342.43,29.06,59.92,0.8968,-1,-1,-1
469,206,1855.64,256.03,23.33,55.87,0.8513,-1,-1,-1
469,154,1476.75,247.94,33.74,88.29,0.8512,-1,-1,-1
469,281,1858.78,310.32,27.14,53.94,0.8264,-1,-1,-1
470,192,346.71,500.97,45.36,134.86,0.974,-1,-1,-1
470,175,792.6,807.98,82.2,164.32,0.9731,-1,-1,-1
470,204,1444.82,505.1,50.0,124.74,0.9727,-1,-1,-1
470,140,789.17,392.66,67.67,147.55,0.9723,-1,-1,-1
470,144,1074.5,410.52,42.16,112.68,0.9718,-1,-1,-1
470,257,1511.67,377.0,40.33,114.55,0.9711,-1,-1,-1
470,197,1254.04,503.09,61.19,129.9,0.9709,-1,-1,-1
470,209,1401.21,373.78,39.21,104.69,0.9699,-1,-1,-1
470,147,958.05,314.16,37.61,95.08,0.9678,-1,-1,-1
470,215,1531.17,676.08,68.14,153.34,0.9673,-1,-1,-1
470,195,173.83,357.77,62.22,100.03,0.9648,-1,-1,-1
470,191,532.14,225.28,32.0,90.31,0.9647,-1,-1,-1
470,146,1652.44,179.6,37.36,73.52,0.9564,-1,-1,-1
470,158,1330.01,150.69,35.02,67.09,0.9539,-1,-1,-1
470,270,1485.42,297.77,40.06,106.46,0.953,-1,-1,-1
470,148,1879.98,244.93,37.05,89.95,0.9464,-1,-1,-1
470,208,1856.41,342.3,29.07,60.06,0.8945,-1,-1,-1
470,206,1855.75,256.05,23.2,55.7,0.8544,-1,-1,-1
470,154,1476.81,247.96,33.67,88.32,0.8504,-1,-1,-1
470,281,1858.72,310.4,27.25,53.92,0.8292,-1,-1,-1
470,284,1846.28,300.69,23.33,37.86,0.5058,-1,-1,-1
471,175,788.69,810.69,90.74,163.13,0.9789,-1,-1,-1
471,140,792.36,393.82,65.51,144.34,0.9749,-1,-1,-1
471,144,1074.95,411.66,42.33,111.39,0.9734,-1,-1,-1
471,192,348.71,501.88,44.55,134.51,0.9733,-1,-1,-1
471,204,1440.77,504.99,53.24,126.31,0.9728,-1,-1,-1
471,197,1252.37,503.84,64.14,129.54,0.9721,-1,-1,-1
471,195,175.67,358.66,56.4,99.5,0.9688,-1,-1,-1
471,257,1513.1,377.0,39.8,115.54,0.9687,-1,-1,-1
471,209,1406.59,373.88,36.45,105.2,0.9674,-1,-1,-1
471,215,1530.45,678.29,75.15,152.39,0.9666,-1,-1,-1
471,147,956.73,316.41,36.49,94.18,0.9648,-1,-1,-1
471,154,1473.05,250.82,35.72,90.08,0.9589,-1,-1,-1
471,146,1647.03,179.63,40.2,73.41,0.9587,-1,-1,-1
471,191,529.89,225.23,32.29,90.96,0.9546,-1,-1,-1
471,158,1328.05,149.76,33.49,67.67,0.9499,-1,-1,-1
471,148,1879.53,243.76,36.65,92.91,0.9445,-1,-1,-1
471,270,1485.39,298.25,39.81,105.93,0.9371,-1,-1,-1
471,208,1857.36,334.62,27.37,67.64,0.8599,-1,-1,-1
471,206,1854.49,255.07,22.71,57.91,0.8015,-1,-1,-1
471,281,1858.71,310.1,25.69,55.21,0.7178,-1,-1,-1
471,284,1844.37,298.86,20.94,39.76,0.484,-1,-1,-1
472,175,790.54,814.4,90.57,157.74,0.9823,-1,-1,-1
472,144,1075.57,412.48,42.93,110.23,0.9756,-1,-1,-1
472,197,1252.08,505.13,65.75,130.54,0.9746,-1,-1,-1
472,204,1439.87,505.35,53.07,127.08,0.973,-1,-1,-1
472,192,351.3,503.71,41.28,134.1,0.9723,-1,-1,-1
472,195,178.42,359.93,67.47,101.28,0.9713,-1,-1,-1
472,257,1512.14,379.08,42.94,116.07,0.9712,-1,-1,-1
472,249,802.02,427.1,55.14,113.36,0.9682,-1,-1,-1
472,215,1530.11,676.5,77.84,155.83,0.9675,-1,-1,-1
472,209,1409.41,374.11,37.55,107.05,0.9671,-1,-1,-1
472,147,953.87,316.61,38.4,94.79,0.9628,-1,-1,-1
472,140,795.63,391.73,46.17,95.87,0.9595,-1,-1,-1
472,191,528.49,225.61,32.3,91.34,0.9582,-1,-1,-1
472,154,1472.59,251.61,34.41,91.25,0.9575,-1,-1,-1
472,270,1485.85,299.32,39.34,105.34,0.9555,-1,-1,-1
472,158,1326.26,147.97,33.26,70.46,0.9531,-1,-1,-1
472,148,1880.35,244.08,36.19,92.2,0.9461,-1,-1,-1
472,146,1644.21,182.29,36.32,70.79,0.9396,-1,-1,-1
472,208,1856.61,307.61,28.29,94.08,0.8963,-1,-1,-1
472,285,1850.3,247.45,20.44,58.61,0.6971,-1,-1,-1
472,206,1856.36,261.91,20.26,53.49,0.6604,-1,-1,-1
472,284,1843.89,295.33,21.57,43.94,0.358,-1,-1,-1
473,175,789.77,814.73,91.38,159.11,0.9818,-1,-1,-1
473,144,1077.17,412.13,43.58,110.0,0.9757,-1,-1,-1
473,195,180.85,361.16,85.42,101.59,0.975,-1,-1,-1
473,197,1253.09,505.73,65.27,131.31,0.9745,-1,-1,-1
473,204,1439.13,505.43,52.71,127.67,0.9732,-1,-1,-1
473,209,1410.13,375.26,41.33,107.03,0.9717,-1,-1,-1
473,192,353.58,504.97,38.32,133.34,0.9713,-1,-1,-1
473,257,1514.41,380.62,41.86,114.46,0.9675,-1,-1,-1
473,215,1530.14,675.63,78.66,157.84,0.9668,-1,-1,-1
473,191,527.61,226.73,31.78,90.07,0.9652,-1,-1,-1
473,154,1472.35,251.31,34.52,91.71,0.9643,-1,-1,-1
473,249,815.31,426.03,44.05,116.23,0.9597,-1,-1,-1
473,148,1881.22,245.05,34.6,92.45,0.9584,-1,-1,-1
473,147,952.39,319.37,37.82,93.72,0.9577,-1,-1,-1
473,158,1323.58,148.71,32.45,69.19,0.9523,-1,-1,-1
473,146,1640.42,184.96,34.79,69.02,0.9469,-1,-1,-1
473,140,796.31,391.17,43.97,120.27,0.9293,-1,-1,-1
473,270,1486.88,299.27,37.93,106.07,0.9204,-1,-1,-1
473,208,1857.94,307.31,25.54,94.26,0.8737,-1,-1,-1
473,206,1853.13,259.34,22.76,63.75,0.7599,-1,-1,-1
474,175,790.16,815.27,91.02,160.22,0.9836,-1,-1,-1
474,209,1410.03,376.26,46.86,105.49,0.9768,-1,-1,-1
474,144,1079.14,410.6,43.27,110.63,0.9751,-1,-1,-1
474,197,1254.3,507.48,64.73,130.71,0.9744,-1,-1,-1
474,204,1438.09,505.97,52.05,128.36,0.9728,-1,-1,-1
474,192,353.17,506.24,38.85,133.61,0.9727,-1,-1,-1
474,147,948.64,318.4,38.52,95.28,0.9673,-1,-1,-1
474,215,1528.56,675.85,79.86,157.21,0.9664,-1,-1,-1
474,191,525.96,227.14,32.15,89.77,0.966,-1,-1,-1
474,148,1880.64,246.26,35.25,92.49,0.9657,-1,-1,-1
474,257,1517.44,381.82,39.89,113.35,0.9618,-1,-1,-1
474,154,1472.07,249.19,34.95,91.22,0.9568,-1,-1,-1
474,140,792.81,389.41,51.39,127.88,0.9537,-1,-1,-1
474,158,1321.0,147.27,28.48,71.61,0.9445,-1,-1,-1
474,146,1638.56,185.26,26.17,69.9,0.9218,-1,-1,-1
474,249,829.83,429.2,35.13,110.6,0.918,-1,-1,-1
474,195,183.35,359.45,87.16,104.18,0.897,-1,-1,-1
474,270,1487.09,298.65,36.91,106.77,0.8841,-1,-1,-1
474,208,1856.91,291.44,26.6,106.23,0.8385,-1,-1,-1
474,206,1841.39,260.27,30.95,83.4,0.7552,-1,-1,-1
475,175,794.34,815.22,85.54,162.1,0.978,-1,-1,-1
475,209,1409.09,377.06,51.84,104.57,0.9764,-1,-1,-1
475,197,1255.27,508.42,63.78,130.39,0.9742,-1,-1,-1
475,192,352.16,506.96,39.86,134.03,0.9739,-1,-1,-1
475,204,1437.07,507.16,51.87,127.69,0.9735,-1,-1,-1
475,215,1529.99,675.15,78.13,155.73,0.97,-1,-1,-1
475,144,1080.89,408.01,42.7,115.77,0.9694,-1,-1,-1
475,257,1518.43,383.27,40.53,111.51,0.9681,-1,-1,-1
475,148,1880.69,246.03,34.56,94.69,0.9679,-1,-1,-1
475,147,944.42,319.53,42.33,94.1,0.9661,-1,-1,-1
475,195,180.08,358.22,73.04,105.43,0.9623,-1,-1,-1
475,191,524.47,226.67,32.12,90.04,0.9604,-1,-1,-1
475,249,833.33,430.29,36.74,112.49,0.955,-1,-1,-1
475,154,1472.46,246.57,34.44,94.88,0.9498,-1,-1,-1
475,140,792.09,386.33,48.28,119.13,0.9438,-1,-1,-1
475,158,1319.4,147.96,25.2,71.22,0.9373,-1,-1,-1
475,146,1635.57,184.14,23.47,70.92,0.9262,-1,-1,-1
475,208,1856.98,299.82,26.35,97.56,0.9105,-1,-1,-1
475,285,1844.2,253.01,26.21,58.04,0.7681,-1,-1,-1
475,270,1486.85,301.87,36.13,101.53,0.764,-1,-1,-1
475,206,1840.59,271.94,30.12,73.56,0.6572,-1,-1,-1
476,175,794.25,815.2,85.6,162.12,0.9782,-1,-1,-1
476,209,1409.1,377.08,51.69,104.53,0.9763,-1,-1,-1
476,197,1255.26,508.39,63.8,130.37,0.9742,-1,-1,-1
476,192,352.16,506.95,39.87,134.01,0.9739,-1,-1,-1
476,204,1437.08,507.15,51.79,127.65,0.9736,-1,-1,-1
476,215,1529.84,675.18,78.25,155.74,0.9699,-1,-1,-1
476,144,1080.88,408.0,42.75,115.95,0.9691,-1,-1,-1
476,257,1518.39,383.25,40.55,111.54,0.9679,-1,-1,-1
476,148,1880.64,246.04,34.6,94.66,0.9676,-1,-1,-1
476,147,944.26,319.66,42.6,93.78,0.9669,-1,-1,-1
476,195,180.09,358.23,72.96,105.4,0.9614,-1,-1,-1
476,191,524.49,226.65,32.08,90.08,0.9601,-1,-1,-1
476,249,833.39,430.3,36.61,112.44,0.9538,-1,-1,-1
476,154,1472.42,246.6,34.5,94.9,0.9508,-1,-1,-1
476,140,792.11,386.36,48.58,119.03,0.9438,-1,-1,-1
476,158,1319.46,147.75,25.17,71.44,0.9363,-1,-1,-1
476,146,1635.54,184.24,23.52,70.89,0.9252,-1,-1,-1
476,208,1857.02,299.74,26.26,97.59,0.9078,-1,-1,-1
476,285,1844.06,252.87,26.0,58.22,0.7777,-1,-1,-1
476,270,1486.81,301.79,36.19,101.56,0.742,-1,-1,-1
476,206,1840.72,271.98,30.43,73.43,0.6568,-1,-1,-1
477,209,1407.26,377.59,57.28,105.16,0.9758,-1,-1,-1
477,249,830.93,425.54,47.44,117.48,0.9753,-1,-1,-1
477,204,1436.24,507.86,51.78,126.99,0.9747,-1,-1,-1
477,197,1256.08,508.91,62.72,130.25,0.9735,-1,-1,-1
477,257,1518.89,382.62,41.33,112.82,0.9723,-1,-1,-1
477,215,1533.18,675.01,73.8,153.82,0.9717,-1,-1,-1
477,192,350.97,507.55,45.27,134.65,0.9714,-1,-1,-1
477,175,800.3,815.32,77.78,162.32,0.9691,-1,-1,-1
477,144,1082.95,406.28,42.26,117.6,0.9685,-1,-1,-1
477,191,521.55,226.39,33.43,90.42,0.9665,-1,-1,-1
477,147,940.03,320.7,43.84,93.6,0.9662,-1,-1,-1
477,195,178.91,357.97,61.26,105.08,0.9641,-1,-1,-1
477,148,1880.1,247.12,34.48,93.79,0.9629,-1,-1,-1
477,158,1315.44,146.82,25.24,72.12,0.9452,-1,-1,-1
477,154,1472.55,244.38,35.07,94.81,0.9268,-1,-1,-1
477,208,1857.15,300.24,25.66,96.13,0.9134,-1,-1,-1
477,140,791.75,386.15,51.47,117.04,0.8619,-1,-1,-1
477,146,1630.37,178.6,26.56,75.82,0.7838,-1,-1,-1
477,285,1845.77,255.9,27.56,56.84,0.7303,-1,-1,-1
477,206,1839.69,268.06,27.6,77.03,0.6712,-1,-1,-1
478,257,1518.86,383.07,43.56,112.34,0.9769,-1,-1,-1
478,204,1436.26,507.57,50.25,127.38,0.9768,-1,-1,-1
478,209,1406.28,377.71,59.01,104.92,0.9754,-1,-1,-1
478,215,1536.56,675.06,68.94,152.75,0.9746,-1,-1,-1
478,249,830.44,423.3,55.77,119.82,0.9741,-1,-1,-1
478,197,1255.51,508.93,62.81,129.57,0.9739,-1,-1,-1
478,144,1083.46,406.07,43.73,117.94,0.9737,-1,-1,-1
478,175,808.93,813.57,69.64,163.16,0.9724,-1,-1,-1
478,195,177.22,357.01,44.36,104.9,0.9708,-1,-1,-1
478,191,519.92,225.43,33.15,91.47,0.9699,-1,-1,-1
478,192,347.98,510.01,53.54,133.24,0.9689,-1,-1,-1
478,147,936.83,322.02,44.91,92.73,0.9649,-1,-1,-1
478,148,1878.57,248.36,35.29,93.52,0.9598,-1,-1,-1
478,146,1624.47,176.62,28.97,76.26,0.9419,-1,-1,-1
478,158,1311.48,148.21,25.4,70.98,0.9332,-1,-1,-1
478,154,1471.47,243.04,35.91,73.31,0.9198,-1,-1,-1
478,140,786.23,382.3,57.88,121.41,0.916,-1,-1,-1
478,208,1857.23,297.51,26.2,99.64,0.8925,-1,-1,-1
478,206,1837.7,262.03,25.56,83.21,0.754,-1,-1,-1
478,286,1478.49,292.87,27.62,75.85,0.5878,-1,-1,-1
478,285,1846.5,257.68,27.21,56.21,0.5172,-1,-1,-1
479,257,1518.28,381.34,47.06,114.16,0.9792,-1,-1,-1
479,204,1435.09,506.96,49.91,126.8,0.9778,-1,-1,-1
479,175,818.77,816.37,61.64,159.12,0.9766,-1,-1,-1
479,215,1543.04,674.71,60.79,154.07,0.9756,-1,-1,-1
479,144,1084.05,407.15,44.73,113.05,0.9752,-1,-1,-1
479,209,1405.83,377.78,61.41,105.58,0.9752,-1,-1,-1
479,197,1254.07,508.73,63.42,128.14,0.9748,-1,-1,-1
479,195,173.81,355.05,42.28,107.38,0.9716,-1,-1,-1
479,192,344.0,510.89,63.11,135.69,0.9714,-1,-1,-1
479,140,783.19,380.26,59.61,124.96,0.9667,-1,-1,-1
479,249,832.95,424.07,60.25,119.3,0.9656,-1,-1,-1
479,147,932.82,322.06,44.33,92.82,0.9641,-1,-1,-1
479,148,1877.44,249.23,36.22,92.58,0.963,-1,-1,-1
479,191,517.77,225.0,33.46,92.05,0.9581,-1,-1,-1
479,146,1616.96,174.49,34.99,81.05,0.9455,-1,-1,-1
479,154,1470.31,244.76,36.17,69.68,0.929,-1,-1,-1
479,158,1308.64,147.98,25.15,72.2,0.916,-1,-1,-1
479,208,1855.35,297.61,28.11,103.06,0.8884,-1,-1,-1
479,286,1475.21,289.38,28.37,81.58,0.8736,-1,-1,-1
479,206,1837.18,264.33,31.57,82.75,0.7571,-1,-1,-1
480,257,1518.61,378.84,49.59,115.22,0.9797,-1,-1,-1
480,204,1435.07,506.58,49.46,124.72,0.9765,-1,-1,-1
480,144,1083.6,408.98,45.83,110.54,0.9749,-1,-1,-1
480,215,1547.08,674.67,55.66,154.04,0.9748,-1,-1,-1
480,197,1252.37,508.63,63.42,128.17,0.9745,-1,-1,-1
480,192,341.29,513.09,66.59,133.12,0.9728,-1,-1,-1
480,249,838.26,421.96,61.76,117.48,0.9718,-1,-1,-1
480,209,1408.89,377.78,60.05,106.11,0.9712,-1,-1,-1
480,140,779.95,379.55,59.72,124.77,0.9694,-1,-1,-1
480,195,171.05,353.37,39.63,109.28,0.9691,-1,-1,-1
480,148,1876.18,250.67,36.09,92.38,0.9673,-1,-1,-1
480,175,831.84,816.97,49.88,160.81,0.9666,-1,-1,-1
480,146,1608.73,177.29,40.12,73.71,0.9646,-1,-1,-1
480,147,929.67,322.55,43.32,92.2,0.9643,-1,-1,-1
480,191,515.81,225.31,32.31,91.8,0.9634,-1,-1,-1
480,154,1470.68,245.93,34.56,69.94,0.9468,-1,-1,-1
480,208,1854.95,297.03,31.04,102.27,0.9259,-1,-1,-1
480,286,1470.95,288.65,27.65,83.0,0.925,-1,-1,-1
480,158,1303.94,150.28,26.14,70.96,0.9009,-1,-1,-1
480,270,1488.9,306.64,31.6,97.86,0.8133,-1,-1,-1
480,284,1838.57,251.59,30.14,82.15,0.5168,-1,-1,-1
481,257,1518.39,378.95,53.34,118.64,0.9767,-1,-1,-1
481,249,841.55,423.84,62.15,116.19,0.9763,-1,-1,-1
481,215,1550.06,675.57,54.2,153.6,0.975,-1,-1,-1
481,144,1083.92,409.72,45.04,111.28,0.975,-1,-1,-1
481,204,1434.45,506.67,49.41,124.21,0.9748,-1,-1,-1
481,197,1251.45,508.34,63.12,128.56,0.9748,-1,-1,-1
481,192,338.02,514.76,67.59,133.37,0.9731,-1,-1,-1
481,209,1411.73,377.79,60.32,105.16,0.9698,-1,-1,-1
481,140,775.21,380.53,61.32,121.86,0.9691,-1,-1,-1
481,148,1874.57,251.44,36.68,92.72,0.9679,-1,-1,-1
481,146,1602.07,175.84,43.06,74.76,0.9675,-1,-1,-1
481,195,168.69,351.22,37.4,112.0,0.9668,-1,-1,-1
481,191,512.63,226.89,33.35,90.71,0.9626,-1,-1,-1
481,175,838.95,817.24,48.46,165.13,0.9501,-1,-1,-1
481,147,924.56,322.68,43.83,92.25,0.9498,-1,-1,-1
481,154,1470.06,247.71,34.45,67.55,0.9379,-1,-1,-1
481,208,1853.19,299.6,33.02,100.7,0.9361,-1,-1,-1
481,158,1301.62,150.54,26.03,70.74,0.9286,-1,-1,-1
481,286,1468.32,288.21,30.94,83.61,0.9281,-1,-1,-1
481,206,1834.62,250.1,26.47,93.63,0.7563,-1,-1,-1
482,257,1518.35,378.93,53.48,118.7,0.9767,-1,-1,-1
482,249,841.57,423.85,62.04,116.18,0.9763,-1,-1,-1
482,144,1083.98,409.74,44.99,111.26,0.975,-1,-1,-1
482,215,1550.02,675.56,54.25,153.42,0.9749,-1,-1,-1
482,197,1251.46,508.28,63.07,128.65,0.9748,-1,-1,-1
482,204,1434.39,506.65,49.49,124.24,0.9747,-1,-1,-1
482,192,337.98,514.71,67.59,133.44,0.9731,-1,-1,-1
482,209,1411.77,377.78,60.23,105.21,0.9697,-1,-1,-1
482,140,775.24,380.51,61.29,121.84,0.969,-1,-1,-1
482,148,1874.54,251.41,36.73,92.8,0.9681,-1,-1,-1
482,146,1602.17,175.7,42.85,74.86,0.9677,-1,-1,-1
482,195,168.68,351.24,37.52,112.05,0.9673,-1,-1,-1
482,191,512.65,226.79,33.34,90.81,0.9627,-1,-1,-1
482,175,838.91,817.21,48.51,165.24,0.9505,-1,-1,-1
482,147,924.57,322.72,43.84,92.27,0.9489,-1,-1,-1
482,154,1470.04,247.74,34.49,67.55,0.9387,-1,-1,-1
482,208,1853.16,298.93,33.08,101.61,0.9314,-1,-1,-1
482,158,1301.47,150.17,26.05,71.11,0.9297,-1,-1,-1
482,286,1468.28,288.31,30.99,83.54,0.9287,-1,-1,-1
482,206,1834.72,250.1,26.75,93.89,0.774,-1,-1,-1
482,289,821.95,409.04,63.9,117.81,0.4002,-1,-1,-1
483,257,1519.3,379.24,55.04,119.52,0.9766,-1,-1,-1
483,215,1551.1,677.42,55.75,154.13,0.9763,-1,-1,-1
483,197,1251.05,508.69,62.59,129.73,0.9748,-1,-1,-1
483,209,1417.72,377.42,55.41,105.57,0.9738,-1,-1,-1
483,192,334.15,516.08,68.57,133.49,0.9736,-1,-1,-1
483,249,848.16,426.24,55.35,113.47,0.9722,-1,-1,-1
483,144,1083.51,409.74,44.04,112.3,0.9718,-1,-1,-1
483,204,1431.98,508.62,51.81,123.67,0.9715,-1,-1,-1
483,140,771.88,382.24,62.46,118.82,0.9676,-1,-1,-1
483,148,1873.77,252.44,36.61,91.77,0.9651,-1,-1,-1
483,191,508.25,229.06,35.24,89.98,0.9638,-1,-1,-1
483,195,165.09,350.15,35.3,116.64,0.9574,-1,-1,-1
483,146,1600.25,179.88,38.06,71.85,0.9561,-1,-1,-1
483,175,837.27,818.85,56.42,164.06,0.9546,-1,-1,-1
483,147,921.15,323.48,41.83,92.05,0.9471,-1,-1,-1
483,154,1468.98,247.61,32.78,64.23,0.9379,-1,-1,-1
483,158,1296.47,148.72,27.55,72.98,0.9378,-1,-1,-1
483,208,1854.0,298.54,34.26,102.31,0.9361,-1,-1,-1
483,286,1465.18,288.33,32.02,85.29,0.9104,-1,-1,-1
483,270,1485.1,305.65,32.31,100.89,0.8058,-1,-1,-1
483,206,1837.07,254.22,25.71,81.86,0.7136,-1,-1,-1
483,289,820.8,406.75,59.48,115.2,0.2689,-1,-1,-1
484,257,1521.81,380.73,54.42,117.34,0.9776,-1,-1,-1
484,175,833.84,822.56,72.26,162.21,0.975,-1,-1,-1
484,215,1551.75,680.01,57.21,152.53,0.9741,-1,-1,-1
484,209,1424.12,376.67,49.19,107.71,0.9735,-1,-1,-1
484,249,857.64,426.91,51.74,113.88,0.9723,-1,-1,-1
484,197,1253.89,509.51,58.91,128.11,0.9721,-1,-1,-1
484,192,330.44,516.03,68.35,134.56,0.9702,-1,-1,-1
484,204,1431.93,510.21,50.95,123.43,0.9699,-1,-1,-1
484,191,505.14,231.42,36.97,87.03,0.9657,-1,-1,-1
484,144,1083.94,408.29,41.06,113.53,0.9646,-1,-1,-1
484,148,1872.31,253.18,36.28,93.33,0.9619,-1,-1,-1
484,147,916.31,323.89,41.41,91.43,0.9617,-1,-1,-1
484,140,768.6,383.39,62.96,118.12,0.9613,-1,-1,-1
484,195,162.05,351.3,33.25,115.1,0.9568,-1,-1,-1
484,208,1853.37,299.95,34.33,102.25,0.9505,-1,-1,-1
484,158,1293.38,149.66,28.2,71.96,0.9465,-1,-1,-1
484,146,1596.57,183.0,33.71,70.05,0.9404,-1,-1,-1
484,154,1470.56,246.97,28.17,59.7,0.9057,-1,-1,-1
484,286,1462.11,282.16,33.28,92.27,0.9033,-1,-1,-1
484,206,1832.49,252.85,26.98,90.19,0.8347,-1,-1,-1
484,270,1483.9,305.32,32.42,101.71,0.2588,-1,-1,-1
485,257,1528.12,382.24,49.77,114.95,0.979,-1,-1,-1
485,192,328.33,517.19,66.24,134.86,0.9738,-1,-1,-1
485,204,1434.18,511.37,48.56,123.44,0.9718,-1,-1,-1
485,209,1430.69,378.02,42.44,107.71,0.9709,-1,-1,-1
485,215,1552.07,681.73,58.69,152.23,0.9707,-1,-1,-1
485,197,1254.48,510.32,58.81,129.14,0.9701,-1,-1,-1
485,191,501.16,233.52,40.46,85.15,0.9684,-1,-1,-1
485,147,913.38,324.57,39.3,91.17,0.9648,-1,-1,-1
485,175,830.01,823.57,93.7,162.92,0.9645,-1,-1,-1
485,249,870.66,428.41,42.43,112.87,0.9629,-1,-1,-1
485,148,1870.66,253.42,37.42,91.59,0.9618,-1,-1,-1
485,144,1083.9,406.26,40.46,117.11,0.961,-1,-1,-1
485,208,1852.66,300.43,35.43,103.41,0.9517,-1,-1,-1
485,158,1289.42,150.98,29.87,71.33,0.9463,-1,-1,-1
485,195,157.52,356.25,34.07,111.21,0.9344,-1,-1,-1
485,140,764.54,383.32,62.93,118.56,0.9307,-1,-1,-1
485,146,1591.83,186.96,28.73,66.25,0.9154,-1,-1,-1
485,154,1469.42,246.04,27.51,61.41,0.8947,-1,-1,-1
485,270,1480.81,307.72,35.45,97.8,0.8343,-1,-1,-1
485,206,1833.27,257.69,25.79,84.87,0.8094,-1,-1,-1
485,286,1459.16,280.32,32.87,86.19,0.7943,-1,-1,-1
486,257,1534.36,383.18,45.51,113.67,0.9786,-1,-1,-1
486,209,1432.71,378.74,39.73,107.76,0.9717,-1,-1,-1
486,197,1258.11,511.36,55.68,129.0,0.9712,-1,-1,-1
486,204,1432.66,512.61,50.55,124.1,0.9707,-1,-1,-1
486,191,497.78,234.0,43.84,86.02,0.9692,-1,-1,-1
486,192,327.2,517.85,63.16,136.88,0.9688,-1,-1,-1
486,249,877.87,425.92,40.77,114.89,0.9682,-1,-1,-1
486,147,909.86,326.23,38.18,90.83,0.9653,-1,-1,-1
486,215,1550.46,681.08,61.14,154.95,0.965,-1,-1,-1
486,144,1084.39,405.0,40.16,118.01,0.9601,-1,-1,-1
486,148,1868.75,253.84,37.51,90.46,0.9547,-1,-1,-1
486,195,152.45,353.83,45.52,109.83,0.949,-1,-1,-1
486,175,826.19,829.28,104.87,158.15,0.9479,-1,-1,-1
486,158,1283.95,149.45,32.25,72.47,0.9459,-1,-1,-1
486,208,1852.8,303.66,34.25,100.39,0.9445,-1,-1,-1
486,146,1589.34,180.25,24.0,72.73,0.9326,-1,-1,-1
486,286,1456.05,278.49,32.91,92.23,0.9234,-1,-1,-1
486,154,1466.87,243.24,28.14,63.9,0.9216,-1,-1,-1
486,140,759.52,382.78,63.78,118.76,0.9017,-1,-1,-1
486,270,1479.93,307.08,35.35,99.0,0.8561,-1,-1,-1
486,206,1831.77,251.64,25.74,80.17,0.8259,-1,-1,-1
487,204,1432.64,512.7,51.6,123.96,0.9732,-1,-1,-1
487,197,1261.93,512.42,51.8,128.57,0.9729,-1,-1,-1
487,209,1433.2,379.71,39.89,106.98,0.9713,-1,-1,-1
487,249,877.44,422.98,45.2,118.38,0.9702,-1,-1,-1
487,257,1540.05,383.22,42.44,114.53,0.9687,-1,-1,-1
487,191,493.34,234.91,46.53,85.4,0.9677,-1,-1,-1
487,140,758.65,380.93,59.08,120.68,0.9676,-1,-1,-1
487,192,329.17,519.7,57.92,134.97,0.9664,-1,-1,-1
487,195,144.72,350.44,56.59,114.43,0.9663,-1,-1,-1
487,215,1550.36,683.37,63.18,154.63,0.9642,-1,-1,-1
487,144,1084.95,405.36,39.38,114.58,0.9589,-1,-1,-1
487,148,1867.51,253.92,37.72,90.17,0.9513,-1,-1,-1
487,208,1851.42,303.99,34.02,100.19,0.9445,-1,-1,-1
487,147,908.74,326.91,35.77,89.97,0.943,-1,-1,-1
487,175,824.78,830.7,105.59,160.06,0.9426,-1,-1,-1
487,158,1282.11,148.47,29.37,73.97,0.9374,-1,-1,-1
487,286,1453.57,273.91,34.04,97.31,0.9195,-1,-1,-1
487,154,1464.2,241.73,30.15,67.39,0.8959,-1,-1,-1
487,270,1479.47,307.2,34.46,100.08,0.7848,-1,-1,-1
487,146,1583.8,183.34,24.25,69.69,0.7602,-1,-1,-1
487,206,1829.99,248.81,26.29,84.8,0.7549,-1,-1,-1
488,204,1432.68,512.66,51.53,123.94,0.9731,-1,-1,-1
488,197,1261.87,512.41,51.88,128.53,0.9728,-1,-1,-1
488,209,1433.12,379.72,39.97,106.98,0.9713,-1,-1,-1
488,249,877.38,422.98,45.23,118.44,0.9703,-1,-1,-1
488,257,1540.03,383.25,42.47,114.47,0.9687,-1,-1,-1
488,140,758.58,380.93,59.11,120.64,0.9678,-1,-1,-1
488,191,493.35,234.91,46.47,85.4,0.9677,-1,-1,-1
488,192,329.16,519.69,57.92,134.94,0.9666,-1,-1,-1
488,195,144.75,350.43,56.66,114.38,0.9665,-1,-1,-1
488,215,1550.23,683.29,63.29,154.76,0.9646,-1,-1,-1
488,144,1084.92,405.3,39.39,114.67,0.9589,-1,-1,-1
488,148,1867.59,253.91,37.73,89.88,0.9505,-1,-1,-1
488,208,1851.4,304.21,33.97,99.98,0.9439,-1,-1,-1
488,175,824.82,830.6,105.55,160.23,0.9426,-1,-1,-1
488,147,908.9,326.89,35.6,89.98,0.9421,-1,-1,-1
488,158,1282.27,148.24,29.18,74.2,0.9376,-1,-1,-1
488,286,1453.58,273.92,34.07,97.27,0.9167,-1,-1,-1
488,154,1464.11,241.67,30.24,67.61,0.8917,-1,-1,-1
488,270,1479.43,307.17,34.48,100.15,0.7732,-1,-1,-1
488,146,1583.78,184.05,24.28,69.03,0.7696,-1,-1,-1
488,206,1830.03,248.92,26.24,84.15,0.7449,-1,-1,-1
489,197,1266.15,513.25,48.43,128.3,0.9754,-1,-1,-1
489,249,877.96,419.88,49.66,122.55,0.9729,-1,-1,-1
489,192,332.04,520.74,50.72,134.37,0.9726,-1,-1,-1
489,204,1431.89,514.22,53.56,124.08,0.9722,-1,-1,-1
489,215,1552.3,686.67,63.03,152.33,0.9718,-1,-1,-1
489,191,490.28,233.72,46.19,87.75,0.9716,-1,-1,-1
489,209,1432.59,380.19,41.29,107.42,0.9707,-1,-1,-1
489,140,756.64,379.4,56.66,122.16,0.9697,-1,-1,-1
489,195,135.65,348.66,66.61,118.57,0.9674,-1,-1,-1
489,257,1543.4,382.44,40.68,115.08,0.9672,-1,-1,-1
489,144,1085.87,406.32,39.01,110.08,0.9574,-1,-1,-1
489,148,1864.82,254.22,40.06,91.7,0.9483,-1,-1,-1
489,208,1850.6,307.99,35.49,96.45,0.9399,-1,-1,-1
489,175,825.27,831.97,104.06,162.29,0.9395,-1,-1,-1
489,147,905.54,326.13,34.73,90.98,0.9326,-1,-1,-1
489,146,1579.35,173.14,24.73,78.18,0.8804,-1,-1,-1
489,286,1451.19,275.54,34.51,94.48,0.8774,-1,-1,-1
489,158,1279.43,147.75,25.1,75.57,0.8656,-1,-1,-1
489,154,1463.76,240.79,28.52,72.41,0.8605,-1,-1,-1
489,206,1829.45,248.16,25.59,67.3,0.7928,-1,-1,-1
490,197,1268.56,514.2,46.65,129.57,0.9769,-1,-1,-1
490,209,1432.73,381.52,43.37,107.91,0.9764,-1,-1,-1
490,195,129.35,348.32,68.2,118.55,0.9745,-1,-1,-1
490,249,882.22,422.85,54.53,115.64,0.9742,-1,-1,-1
490,215,1556.51,685.16,62.1,151.87,0.9735,-1,-1,-1
490,191,486.73,234.75,47.01,86.43,0.972,-1,-1,-1
490,192,334.11,520.91,46.37,136.18,0.9715,-1,-1,-1
490,204,1431.71,514.73,56.13,124.63,0.9707,-1,-1,-1
490,140,755.68,378.35,50.08,124.14,0.9698,-1,-1,-1
490,257,1546.71,381.18,39.66,117.2,0.9694,-1,-1,-1
490,144,1085.3,406.53,40.27,110.01,0.9686,-1,-1,-1
490,175,827.34,831.97,99.78,167.32,0.9592,-1,-1,-1
490,286,1448.0,274.93,34.78,91.78,0.948,-1,-1,-1
490,147,902.95,325.98,34.58,89.75,0.9478,-1,-1,-1
490,148,1863.91,254.68,40.82,93.26,0.9464,-1,-1,-1
490,208,1851.86,306.79,34.32,96.85,0.9254,-1,-1,-1
490,154,1462.96,241.31,28.14,72.02,0.8879,-1,-1,-1
490,146,1575.3,178.26,25.21,74.96,0.8443,-1,-1,-1
490,206,1826.79,248.61,27.82,91.64,0.823,-1,-1,-1
490,158,1276.47,145.56,23.23,77.0,0.591,-1,-1,-1
491,209,1432.3,382.06,46.78,107.87,0.9796,-1,-1,-1
491,197,1268.6,515.27,47.88,129.75,0.9774,-1,-1,-1
491,191,484.74,232.32,47.61,90.22,0.9743,-1,-1,-1
491,215,1561.62,687.32,60.61,147.89,0.9736,-1,-1,-1
491,144,1085.5,407.53,41.41,110.64,0.9727,-1,-1,-1
491,140,752.47,378.46,46.05,124.98,0.9726,-1,-1,-1
491,175,838.09,835.3,84.27,163.16,0.9726,-1,-1,-1
491,195,124.91,348.77,71.5,119.25,0.9725,-1,-1,-1
491,257,1547.65,379.69,40.93,118.7,0.9725,-1,-1,-1
491,204,1431.28,516.16,57.36,124.0,0.9716,-1,-1,-1
491,249,882.27,421.53,62.57,114.15,0.9703,-1,-1,-1
491,192,337.03,522.83,39.39,135.86,0.9699,-1,-1,-1
491,286,1444.7,275.93,33.64,90.89,0.9524,-1,-1,-1
491,148,1865.92,256.79,39.15,93.33,0.9478,-1,-1,-1
491,147,899.62,327.2,34.61,92.34,0.9471,-1,-1,-1
491,208,1852.21,300.76,35.73,102.8,0.926,-1,-1,-1
491,146,1567.36,178.95,31.01,73.16,0.897,-1,-1,-1
491,206,1825.79,246.39,28.18,95.89,0.8572,-1,-1,-1
491,154,1461.43,242.33,29.3,74.46,0.8395,-1,-1,-1
491,158,1271.34,146.23,23.52,76.66,0.819,-1,-1,-1
492,197,1267.25,515.8,50.97,129.98,0.9796,-1,-1,-1
492,209,1431.61,383.04,51.89,107.98,0.9786,-1,-1,-1
492,191,484.81,231.27,46.67,90.97,0.9755,-1,-1,-1
492,215,1568.29,686.63,54.43,147.59,0.9729,-1,-1,-1
492,257,1549.2,378.56,42.39,120.14,0.9727,-1,-1,-1
492,249,888.46,422.74,57.36,114.68,0.9721,-1,-1,-1
492,140,751.0,378.6,42.59,123.87,0.9718,-1,-1,-1
492,144,1084.43,406.22,42.73,111.1,0.9715,-1,-1,-1
492,204,1432.18,515.92,56.97,125.64,0.9707,-1,-1,-1
492,175,845.32,833.63,77.26,168.47,0.9687,-1,-1,-1
492,195,121.25,349.12,72.4,120.13,0.9654,-1,-1,-1
492,192,338.76,523.13,41.44,136.81,0.9598,-1,-1,-1
492,286,1441.83,276.58,36.37,90.61,0.9528,-1,-1,-1
492,148,1866.55,257.32,38.69,97.32,0.9511,-1,-1,-1
492,147,896.54,328.21,33.53,88.2,0.9487,-1,-1,-1
492,146,1562.66,177.27,33.75,71.48,0.9418,-1,-1,-1
492,158,1267.42,145.14,24.14,77.74,0.9152,-1,-1,-1
492,154,1461.27,244.42,28.74,75.05,0.885,-1,-1,-1
492,208,1852.76,300.44,35.23,102.22,0.8721,-1,-1,-1
492,206,1825.34,247.9,28.08,87.71,0.8139,-1,-1,-1
493,209,1432.83,383.65,52.65,107.63,0.9785,-1,-1,-1
493,195,112.86,351.01,74.76,119.46,0.9776,-1,-1,-1
493,197,1265.55,517.3,57.02,130.22,0.976,-1,-1,-1
493,257,1549.79,378.33,44.12,120.48,0.9734,-1,-1,-1
493,215,1571.34,686.2,54.63,148.98,0.9723,-1,-1,-1
493,175,857.88,832.04,67.02,171.82,0.9704,-1,-1,-1
493,191,488.57,230.28,41.64,92.54,0.9703,-1,-1,-1
493,144,1084.14,404.19,43.0,112.74,0.9695,-1,-1,-1
493,204,1433.97,515.99,56.21,124.38,0.9657,-1,-1,-1
493,192,337.69,523.64,42.14,139.63,0.9643,-1,-1,-1
493,140,748.49,379.93,40.83,118.19,0.9624,-1,-1,-1
493,249,899.53,423.29,47.43,113.61,0.9599,-1,-1,-1
493,147,895.08,328.14,30.93,87.29,0.9519,-1,-1,-1
493,158,1262.58,145.06,26.01,77.39,0.9439,-1,-1,-1
493,286,1440.39,277.83,34.62,89.75,0.9383,-1,-1,-1
493,208,1854.29,293.03,39.81,106.79,0.9339,-1,-1,-1
493,148,1867.92,257.51,36.45,94.37,0.9332,-1,-1,-1
493,206,1823.0,245.97,29.09,96.78,0.9173,-1,-1,-1
493,154,1458.65,244.04,29.68,83.78,0.8877,-1,-1,-1
493,146,1555.3,177.52,36.77,71.45,0.8782,-1,-1,-1
494,209,1432.84,383.63,52.62,107.61,0.9785,-1,-1,-1
494,195,112.86,351.01,74.63,119.45,0.9773,-1,-1,-1
494,197,1265.61,517.3,56.93,130.22,0.9759,-1,-1,-1
494,257,1549.77,378.31,44.11,120.46,0.9732,-1,-1,-1
494,215,1571.35,686.2,54.6,149.0,0.9723,-1,-1,-1
494,175,857.89,832.02,67.02,171.81,0.9704,-1,-1,-1
494,191,488.58,230.28,41.6,92.53,0.9702,-1,-1,-1
494,144,1084.17,404.19,43.02,112.8,0.9696,-1,-1,-1
494,204,1434.06,515.99,55.99,124.38,0.9658,-1,-1,-1
494,192,337.57,523.66,42.31,139.63,0.9647,-1,-1,-1
494,140,748.5,379.89,40.9,118.23,0.9624,-1,-1,-1
494,249,899.53,423.32,47.44,113.58,0.9602,-1,-1,-1
494,147,895.05,328.09,30.95,87.36,0.9523,-1,-1,-1
494,158,1262.55,144.95,26.11,77.51,0.9437,-1,-1,-1
494,286,1440.37,277.9,34.65,89.67,0.9379,-1,-1,-1
494,148,1867.9,257.48,36.46,94.57,0.9336,-1,-1,-1
494,208,1854.35,293.15,39.63,106.72,0.9317,-1,-1,-1
494,206,1822.97,246.09,29.17,96.59,0.9125,-1,-1,-1
494,154,1458.64,244.07,29.68,83.39,0.8884,-1,-1,-1
494,146,1555.39,177.72,36.71,71.33,0.8821,-1,-1,-1
495,209,1435.91,383.3,48.84,107.25,0.9795,-1,-1,-1
495,215,1570.81,682.17,59.69,153.44,0.9765,-1,-1,-1
495,195,103.95,351.29,73.84,119.38,0.9746,-1,-1,-1
495,257,1550.99,378.84,44.92,119.74,0.9736,-1,-1,-1
495,197,1264.32,518.84,62.99,129.37,0.9719,-1,-1,-1
495,192,335.11,525.64,43.17,139.85,0.9706,-1,-1,-1
495,144,1083.42,400.92,43.55,114.93,0.97,-1,-1,-1
495,175,873.08,833.4,55.79,171.36,0.9675,-1,-1,-1
495,140,744.87,381.34,39.35,114.94,0.9672,-1,-1,-1
495,191,494.25,227.75,34.24,95.55,0.9654,-1,-1,-1
495,204,1437.3,515.58,51.81,123.66,0.9648,-1,-1,-1
495,249,912.32,423.9,37.16,113.5,0.9548,-1,-1,-1
495,158,1257.1,145.17,29.71,77.39,0.9483,-1,-1,-1
495,147,892.13,327.49,29.4,88.23,0.9472,-1,-1,-1
495,286,1437.85,276.66,35.46,92.1,0.9423,-1,-1,-1
495,154,1456.08,244.12,32.17,80.77,0.9403,-1,-1,-1
495,206,1822.4,246.06,29.0,96.65,0.9367,-1,-1,-1
495,148,1868.05,258.17,35.85,96.04,0.9354,-1,-1,-1
495,208,1853.96,293.22,36.84,105.77,0.9353,-1,-1,-1
495,146,1552.43,176.57,31.97,72.15,0.8658,-1,-1,-1
496,215,1569.18,679.98,65.31,156.41,0.9779,-1,-1,-1
496,195,97.37,351.4,74.75,119.76,0.9748,-1,-1,-1
496,192,331.67,527.41,50.76,138.4,0.9736,-1,-1,-1
496,257,1551.97,379.86,45.21,119.12,0.9736,-1,-1,-1
496,197,1262.6,518.95,65.34,129.58,0.9727,-1,-1,-1
496,209,1441.13,383.15,41.59,106.25,0.9708,-1,-1,-1
496,144,1083.13,397.28,43.15,119.83,0.9666,-1,-1,-1
496,191,495.27,225.95,31.84,96.3,0.9632,-1,-1,-1
496,175,881.82,835.28,49.39,171.36,0.9615,-1,-1,-1
496,140,743.43,382.91,38.04,115.3,0.9603,-1,-1,-1
496,249,921.95,420.36,34.16,114.29,0.954,-1,-1,-1
496,147,888.23,324.73,28.67,90.89,0.9504,-1,-1,-1
496,204,1441.02,520.91,43.91,117.05,0.9492,-1,-1,-1
496,158,1250.8,144.23,32.69,78.35,0.9459,-1,-1,-1
496,148,1867.47,258.65,36.03,93.68,0.9344,-1,-1,-1
496,154,1451.74,242.49,36.49,83.22,0.9339,-1,-1,-1
496,206,1821.09,247.0,29.33,95.76,0.9332,-1,-1,-1
496,208,1853.88,294.54,37.67,103.24,0.9181,-1,-1,-1
496,146,1551.75,182.23,27.0,67.92,0.8726,-1,-1,-1
496,286,1436.21,279.68,33.19,88.19,0.804,-1,-1,-1
497,215,1568.93,678.91,70.13,159.21,0.977,-1,-1,-1
497,195,93.71,351.63,73.0,119.31,0.9735,-1,-1,-1
497,257,1554.49,382.37,43.03,115.82,0.9728,-1,-1,-1
497,249,922.75,419.88,39.88,115.91,0.9718,-1,-1,-1
497,192,327.75,529.13,60.47,137.21,0.9718,-1,-1,-1
497,197,1262.45,518.59,64.69,131.86,0.9706,-1,-1,-1
497,140,739.73,379.78,40.9,117.71,0.9686,-1,-1,-1
497,144,1081.9,395.87,44.18,120.51,0.9672,-1,-1,-1
497,175,880.65,838.17,55.62,170.73,0.9657,-1,-1,-1
497,191,494.03,225.33,31.33,95.91,0.9614,-1,-1,-1
497,204,1442.04,517.13,44.56,121.11,0.9607,-1,-1,-1
497,209,1446.45,383.24,36.75,105.06,0.9598,-1,-1,-1
497,158,1244.99,144.16,35.54,79.41,0.9512,-1,-1,-1
497,208,1853.72,292.07,38.45,105.34,0.9454,-1,-1,-1
497,147,883.07,321.86,30.32,95.27,0.9448,-1,-1,-1
497,154,1451.51,238.39,36.84,87.49,0.9408,-1,-1,-1
497,206,1818.78,248.28,31.36,94.47,0.939,-1,-1,-1
497,146,1545.48,179.07,24.67,70.6,0.9187,-1,-1,-1
497,286,1432.39,282.15,33.77,82.92,0.9181,-1,-1,-1
497,148,1867.53,259.28,35.11,87.63,0.8991,-1,-1,-1
498,249,918.59,417.1,50.39,119.86,0.9754,-1,-1,-1
498,192,322.82,529.88,67.88,138.73,0.9748,-1,-1,-1
498,197,1265.47,518.91,62.06,131.39,0.9744,-1,-1,-1
498,195,91.32,352.87,68.12,118.6,0.972,-1,-1,-1
498,257,1555.86,384.19,42.07,113.15,0.9719,-1,-1,-1
498,144,1080.94,395.76,44.8,116.2,0.9718,-1,-1,-1
498,140,736.63,375.78,41.25,120.96,0.9686,-1,-1,-1
498,191,492.01,225.67,31.16,95.96,0.9613,-1,-1,-1
498,175,876.5,839.07,75.52,172.25,0.9574,-1,-1,-1
498,158,1240.44,145.4,37.05,78.66,0.9564,-1,-1,-1
498,154,1448.67,235.73,38.14,92.75,0.9563,-1,-1,-1
498,209,1452.57,384.01,32.99,105.38,0.9563,-1,-1,-1
498,147,878.68,320.84,30.57,95.73,0.9553,-1,-1,-1
498,208,1852.27,293.97,38.14,104.61,0.9497,-1,-1,-1
498,215,1569.8,676.96,73.89,160.15,0.9488,-1,-1,-1
498,204,1447.15,522.52,38.88,116.36,0.9457,-1,-1,-1
498,206,1818.06,248.51,30.76,94.88,0.9402,-1,-1,-1
498,286,1429.8,280.18,35.61,87.04,0.9264,-1,-1,-1
498,146,1540.1,175.86,25.1,72.83,0.905,-1,-1,-1
498,148,1866.12,259.58,34.95,95.43,0.8983,-1,-1,-1
499,197,1270.73,518.62,57.25,131.29,0.9763,-1,-1,-1
499,192,318.07,532.64,73.4,138.05,0.9755,-1,-1,-1
499,144,1079.85,396.74,44.21,112.09,0.9752,-1,-1,-1
499,257,1558.03,384.96,40.66,114.02,0.9726,-1,-1,-1
499,249,918.06,415.25,56.79,121.82,0.9708,-1,-1,-1
499,195,92.27,350.08,60.44,121.56,0.9697,-1,-1,-1
499,140,734.29,373.16,40.91,123.32,0.9692,-1,-1,-1
499,209,1456.66,385.3,31.81,105.23,0.9643,-1,-1,-1
499,175,870.98,841.96,94.45,170.05,0.9639,-1,-1,-1
499,158,1236.42,147.5,38.81,76.2,0.9627,-1,-1,-1
499,215,1574.75,682.61,71.01,151.82,0.9618,-1,-1,-1
499,154,1445.12,235.06,39.14,97.62,0.9565,-1,-1,-1
499,191,489.4,227.47,31.82,95.41,0.9564,-1,-1,-1
499,208,1852.59,293.04,37.86,106.43,0.9547,-1,-1,-1
499,147,871.85,320.44,33.14,95.25,0.9461,-1,-1,-1
499,204,1451.97,515.8,35.75,123.73,0.9415,-1,-1,-1
499,206,1816.75,248.74,31.14,94.24,0.9348,-1,-1,-1
499,286,1428.52,277.88,34.62,90.62,0.9347,-1,-1,-1
499,146,1533.25,169.35,27.95,79.99,0.9292,-1,-1,-1
499,148,1867.33,261.61,32.7,67.59,0.8842,-1,-1,-1
500,197,1270.7,518.59,57.29,131.32,0.9763,-1,-1,-1
500,192,318.07,532.64,73.43,138.09,0.9755,-1,-1,-1
500,144,1079.92,396.72,44.2,112.3,0.9749,-1,-1,-1
500,257,1558.13,384.96,40.57,113.99,0.9726,-1,-1,-1
500,249,918.15,415.21,56.75,121.89,0.9704,-1,-1,-1
500,195,92.27,350.05,60.43,121.72,0.9697,-1,-1,-1
500,140,734.33,373.16,40.87,123.27,0.9691,-1,-1,-1
500,209,1456.64,385.18,31.84,105.39,0.9643,-1,-1,-1
500,175,870.94,841.97,94.46,170.02,0.964,-1,-1,-1
500,158,1236.42,147.52,38.83,76.24,0.9626,-1,-1,-1
500,215,1574.68,682.74,71.08,151.66,0.9618,-1,-1,-1
500,154,1445.19,235.0,39.1,97.52,0.9565,-1,-1,-1
500,191,489.37,227.46,31.88,95.44,0.9564,-1,-1,-1
500,208,1852.5,293.07,37.92,106.52,0.9547,-1,-1,-1
500,147,871.8,320.44,33.23,95.27,0.9459,-1,-1,-1
500,204,1451.97,515.71,35.78,123.8,0.9423,-1,-1,-1
500,206,1816.75,248.75,31.14,94.19,0.9338,-1,-1,-1
500,286,1428.53,278.25,34.54,90.19,0.9334,-1,-1,-1
500,146,1533.18,169.23,28.01,80.05,0.9286,-1,-1,-1
500,148,1867.37,261.59,32.62,67.63,0.8789,-1,-1,-1
501,144,1078.12,398.28,45.18,110.26,0.9767,-1,-1,-1
501,257,1556.22,384.03,43.47,115.09,0.9765,-1,-1,-1
501,197,1275.4,518.88,54.47,130.51,0.9762,-1,-1,-1
501,192,314.44,534.44,72.38,137.0,0.9738,-1,-1,-1
501,195,89.15,350.81,54.08,117.44,0.9728,-1,-1,-1
501,249,919.05,415.06,64.1,119.25,0.9728,-1,-1,-1
501,140,731.51,371.46,42.82,126.44,0.9726,-1,-1,-1
501,215,1571.55,680.19,78.1,156.87,0.9699,-1,-1,-1
501,204,1450.24,517.44,39.34,123.85,0.9672,-1,-1,-1
501,147,867.98,321.06,32.61,92.47,0.9619,-1,-1,-1
501,209,1456.36,389.5,33.79,101.33,0.9604,-1,-1,-1
501,175,869.82,844.74,97.5,171.05,0.9591,-1,-1,-1
501,208,1851.25,295.27,39.46,106.67,0.9567,-1,-1,-1
501,158,1232.7,147.89,38.75,74.91,0.9525,-1,-1,-1
501,286,1427.07,273.83,34.98,90.88,0.9518,-1,-1,-1
501,154,1443.78,234.76,37.96,94.43,0.9502,-1,-1,-1
501,191,487.14,229.75,35.24,94.14,0.9492,-1,-1,-1
501,148,1866.98,261.37,31.72,67.42,0.9407,-1,-1,-1
501,206,1813.31,249.35,34.41,94.63,0.9339,-1,-1,-1
501,146,1526.85,167.21,31.9,82.72,0.8982,-1,-1,-1
502,215,1578.23,681.17,73.8,156.94,0.9799,-1,-1,-1
502,257,1554.13,382.68,47.69,115.84,0.9794,-1,-1,-1
502,195,87.29,349.43,48.6,117.3,0.9756,-1,-1,-1
502,204,1447.88,515.72,47.34,125.89,0.9751,-1,-1,-1
502,144,1075.27,398.82,44.99,111.28,0.9749,-1,-1,-1
502,197,1278.3,518.43,54.32,131.79,0.9748,-1,-1,-1
502,249,923.22,415.76,62.37,115.57,0.9746,-1,-1,-1
502,140,728.87,370.1,43.3,128.51,0.9744,-1,-1,-1
502,192,309.94,536.04,72.66,136.91,0.9721,-1,-1,-1
502,208,1850.66,296.72,38.84,105.21,0.9645,-1,-1,-1
502,191,484.2,231.75,42.36,92.03,0.9623,-1,-1,-1
502,175,865.79,849.3,105.79,167.55,0.9618,-1,-1,-1
502,154,1441.39,236.92,37.78,90.56,0.9587,-1,-1,-1
502,158,1229.16,146.64,37.86,77.21,0.953,-1,-1,-1
502,286,1424.66,275.15,34.16,86.31,0.9509,-1,-1,-1
502,148,1866.79,261.4,30.02,66.42,0.9463,-1,-1,-1
502,147,861.3,322.0,35.98,90.42,0.9453,-1,-1,-1
502,206,1810.71,248.62,36.4,96.0,0.9385,-1,-1,-1
502,209,1453.89,397.43,38.76,94.89,0.921,-1,-1,-1
502,146,1518.96,164.13,35.63,85.0,0.9125,-1,-1,-1
503,257,1552.92,381.37,51.89,117.66,0.9799,-1,-1,-1
503,215,1585.82,682.77,69.25,157.94,0.9784,-1,-1,-1
503,144,1073.01,397.47,45.62,113.36,0.9775,-1,-1,-1
503,197,1281.09,518.31,55.17,132.99,0.9752,-1,-1,-1
503,195,83.38,349.25,46.93,115.44,0.9744,-1,-1,-1
503,192,307.2,537.65,73.34,135.95,0.9743,-1,-1,-1
503,140,726.18,370.16,44.21,125.47,0.9727,-1,-1,-1
503,249,932.51,418.51,54.48,114.69,0.971,-1,-1,-1
503,204,1445.9,517.36,55.27,126.33,0.9699,-1,-1,-1
503,191,479.84,233.16,50.34,91.37,0.9677,-1,-1,-1
503,208,1849.88,296.5,38.57,104.87,0.9676,-1,-1,-1
503,209,1450.97,393.93,52.75,99.3,0.9676,-1,-1,-1
503,175,864.52,851.12,104.04,168.75,0.9668,-1,-1,-1
503,147,856.42,322.31,35.61,90.24,0.9622,-1,-1,-1
503,206,1810.31,247.28,36.5,96.47,0.955,-1,-1,-1
503,158,1226.77,147.65,34.66,76.54,0.9526,-1,-1,-1
503,154,1440.31,238.49,36.19,91.17,0.9514,-1,-1,-1
503,148,1866.43,261.66,28.38,66.3,0.9479,-1,-1,-1
503,146,1511.93,166.6,38.0,83.08,0.9434,-1,-1,-1
503,286,1422.32,279.17,33.75,84.11,0.942,-1,-1,-1
504,215,1594.85,681.2,62.84,160.72,0.9779,-1,-1,-1
504,257,1553.01,379.96,57.09,120.94,0.9769,-1,-1,-1
504,195,81.43,349.33,42.96,115.93,0.9766,-1,-1,-1
504,144,1072.08,395.87,43.09,114.64,0.9743,-1,-1,-1
504,197,1284.18,518.96,54.53,134.61,0.9738,-1,-1,-1
504,140,723.48,371.85,44.57,119.25,0.9736,-1,-1,-1
504,249,943.46,418.78,46.22,115.21,0.9735,-1,-1,-1
504,204,1443.77,517.59,61.61,127.22,0.9729,-1,-1,-1
504,208,1848.14,297.68,39.71,105.26,0.9681,-1,-1,-1
504,192,303.54,536.43,72.25,139.17,0.9676,-1,-1,-1
504,175,867.31,854.06,99.94,167.97,0.9668,-1,-1,-1
504,191,475.98,233.37,55.91,92.16,0.9664,-1,-1,-1
504,286,1420.83,275.44,36.22,87.22,0.9558,-1,-1,-1
504,158,1222.66,146.59,31.93,77.5,0.9516,-1,-1,-1
504,147,854.06,323.0,33.86,89.58,0.9509,-1,-1,-1
504,148,1866.18,262.03,27.28,63.1,0.944,-1,-1,-1
504,146,1507.55,172.57,36.05,75.12,0.9389,-1,-1,-1
504,154,1438.92,238.87,32.93,90.59,0.9353,-1,-1,-1
504,206,1810.15,245.27,37.16,98.38,0.9325,-1,-1,-1
504,209,1448.39,319.68,62.32,167.39,0.8149,-1,-1,-1
505,191,472.15,233.67,57.33,92.41,0.9761,-1,-1,-1
505,197,1285.8,520.23,54.87,134.55,0.9755,-1,-1,-1
505,209,1446.03,386.87,65.75,107.86,0.975,-1,-1,-1
505,144,1071.72,393.07,40.92,118.71,0.9739,-1,-1,-1
505,204,1441.85,517.79,63.59,128.06,0.9735,-1,-1,-1
505,195,78.86,349.25,42.7,116.35,0.9733,-1,-1,-1
505,257,1554.48,380.37,60.45,120.72,0.9722,-1,-1,-1
505,215,1607.73,681.58,54.34,158.61,0.9715,-1,-1,-1
505,192,304.61,537.18,67.49,140.71,0.9706,-1,-1,-1
505,208,1845.55,297.13,42.29,105.22,0.9703,-1,-1,-1
505,249,950.51,417.08,43.39,116.39,0.9701,-1,-1,-1
505,140,721.14,373.51,42.91,116.2,0.9694,-1,-1,-1
505,286,1419.05,274.98,38.6,87.58,0.9643,-1,-1,-1
505,147,848.14,320.69,35.9,92.55,0.9635,-1,-1,-1
505,175,874.85,860.82,93.34,157.91,0.9628,-1,-1,-1
505,146,1503.82,170.14,31.84,78.3,0.9455,-1,-1,-1
505,158,1218.09,144.73,30.25,79.99,0.9406,-1,-1,-1
505,148,1866.99,262.37,25.26,58.87,0.939,-1,-1,-1
505,154,1438.76,237.05,29.74,86.75,0.9158,-1,-1,-1
505,206,1810.61,245.27,36.69,97.75,0.9076,-1,-1,-1
506,191,472.17,233.67,57.3,92.41,0.976,-1,-1,-1
506,197,1285.81,520.23,54.87,134.55,0.9756,-1,-1,-1
506,209,1446.0,386.81,65.82,107.91,0.9747,-1,-1,-1
506,144,1071.72,393.04,40.87,118.73,0.974,-1,-1,-1
506,204,1441.85,517.79,63.62,128.07,0.9735,-1,-1,-1
506,195,78.88,349.21,42.7,116.41,0.9734,-1,-1,-1
506,257,1554.4,380.38,60.65,120.7,0.9723,-1,-1,-1
506,215,1607.73,681.49,54.34,158.75,0.9716,-1,-1,-1
506,192,304.6,537.14,67.47,140.79,0.9707,-1,-1,-1
506,249,950.46,417.03,43.91,116.42,0.9706,-1,-1,-1
506,208,1845.64,297.2,42.15,105.08,0.9698,-1,-1,-1
506,140,721.17,373.51,42.87,116.23,0.9693,-1,-1,-1
506,286,1419.03,275.2,38.49,87.34,0.9644,-1,-1,-1
506,147,848.12,320.68,35.92,92.61,0.9634,-1,-1,-1
506,175,874.94,860.85,93.32,157.88,0.9628,-1,-1,-1
506,146,1503.85,170.05,31.81,78.4,0.9457,-1,-1,-1
506,158,1218.07,144.74,30.3,80.01,0.9396,-1,-1,-1
506,148,1867.01,262.44,25.03,57.99,0.9394,-1,-1,-1
506,154,1438.75,237.08,29.72,86.49,0.9161,-1,-1,-1
506,206,1810.63,245.42,36.8,97.63,0.908,-1,-1,-1
507,209,1445.04,386.76,64.48,108.74,0.9782,-1,-1,-1
507,197,1284.22,521.05,60.91,133.75,0.9765,-1,-1,-1
507,191,467.53,233.42,59.21,92.65,0.976,-1,-1,-1
507,257,1556.05,381.37,58.76,119.49,0.9749,-1,-1,-1
507,208,1842.38,297.66,46.08,105.51,0.9749,-1,-1,-1
507,144,1070.79,389.63,40.36,121.42,0.9738,-1,-1,-1
507,204,1440.66,517.49,61.91,128.61,0.9732,-1,-1,-1
507,215,1611.62,678.77,53.39,162.43,0.9731,-1,-1,-1
507,195,75.21,349.63,45.45,116.32,0.9715,-1,-1,-1
507,249,952.06,414.1,43.48,119.52,0.9711,-1,-1,-1
507,140,719.39,373.67,41.1,116.65,0.971,-1,-1,-1
507,175,882.01,858.12,92.57,166.15,0.9689,-1,-1,-1
507,192,306.33,537.83,59.8,140.53,0.9671,-1,-1,-1
507,147,843.88,318.41,35.05,95.1,0.9651,-1,-1,-1
507,286,1417.31,273.98,39.66,88.63,0.9638,-1,-1,-1
507,158,1214.58,146.27,25.2,77.7,0.9312,-1,-1,-1
507,146,1499.04,169.17,25.21,79.55,0.926,-1,-1,-1
507,148,1866.59,262.1,23.85,55.12,0.9249,-1,-1,-1
507,206,1812.1,243.32,35.1,98.95,0.9156,-1,-1,-1
507,154,1437.26,233.77,27.99,98.13,0.8578,-1,-1,-1
508,209,1446.25,385.72,60.93,110.54,0.9773,-1,-1,-1
508,257,1559.63,382.77,57.91,117.64,0.9768,-1,-1,-1
508,191,467.91,233.94,54.94,91.31,0.9766,-1,-1,-1
508,208,1843.28,298.42,47.47,102.56,0.9758,-1,-1,-1
508,197,1281.74,522.14,71.08,134.27,0.9751,-1,-1,-1
508,144,1069.34,388.2,39.15,120.73,0.9739,-1,-1,-1
508,204,1440.62,518.33,60.96,128.2,0.9736,-1,-1,-1
508,215,1614.85,676.27,53.86,164.35,0.973,-1,-1,-1
508,175,893.5,861.12,86.74,162.2,0.9728,-1,-1,-1
508,249,954.62,411.85,42.37,122.12,0.9728,-1,-1,-1
508,195,70.46,350.57,49.62,116.62,0.9683,-1,-1,-1
508,140,716.82,373.89,40.03,117.31,0.9682,-1,-1,-1
508,192,309.9,538.66,49.63,140.93,0.9668,-1,-1,-1
508,286,1414.29,270.97,41.28,90.93,0.9657,-1,-1,-1
508,147,838.19,314.39,36.22,99.39,0.9612,-1,-1,-1
508,206,1810.87,238.59,36.46,103.28,0.9382,-1,-1,-1
508,158,1209.48,144.99,25.86,79.13,0.9255,-1,-1,-1
508,148,1863.71,262.84,26.32,55.46,0.9085,-1,-1,-1
508,146,1492.7,166.54,24.56,81.93,0.9042,-1,-1,-1
508,154,1434.23,234.12,26.15,64.24,0.8349,-1,-1,-1
509,249,956.71,408.37,46.13,122.54,0.9776,-1,-1,-1
509,209,1448.93,384.88,55.56,110.8,0.9774,-1,-1,-1
509,257,1565.09,383.15,57.57,117.07,0.9766,-1,-1,-1
509,191,471.61,233.05,45.88,92.9,0.9748,-1,-1,-1
509,208,1844.92,299.06,46.32,100.59,0.9739,-1,-1,-1
509,204,1442.39,518.91,58.67,126.77,0.9731,-1,-1,-1
509,144,1066.81,387.0,40.78,118.55,0.9728,-1,-1,-1
509,175,907.32,861.2,77.1,164.3,0.9725,-1,-1,-1
509,195,64.42,350.28,55.64,118.22,0.9723,-1,-1,-1
509,215,1616.81,674.68,54.32,167.82,0.9721,-1,-1,-1
509,197,1278.62,525.06,80.54,132.21,0.9709,-1,-1,-1
509,140,714.9,371.31,39.56,119.09,0.9705,-1,-1,-1
509,286,1413.76,266.51,40.67,93.5,0.9644,-1,-1,-1
509,192,313.49,539.03,42.63,140.67,0.9606,-1,-1,-1
509,147,833.76,312.26,35.76,101.02,0.9548,-1,-1,-1
509,158,1204.17,145.92,26.1,78.73,0.9199,-1,-1,-1
509,206,1811.0,239.14,36.31,101.06,0.9146,-1,-1,-1
509,148,1858.69,262.6,30.71,58.08,0.8963,-1,-1,-1
509,146,1486.69,167.86,25.29,80.11,0.8392,-1,-1,-1
509,154,1431.42,232.74,25.8,52.69,0.8179,-1,-1,-1
510,209,1454.18,384.35,47.96,110.99,0.978,-1,-1,-1
510,144,1063.92,387.21,42.39,112.43,0.9761,-1,-1,-1
510,197,1276.7,526.65,82.36,132.24,0.9756,-1,-1,-1
510,257,1570.98,383.06,54.01,116.48,0.9751,-1,-1,-1
510,215,1617.78,675.09,56.24,166.09,0.9749,-1,-1,-1
510,175,918.96,860.91,73.13,165.8,0.9732,-1,-1,-1
510,191,476.4,231.32,39.93,95.69,0.9716,-1,-1,-1
510,204,1444.3,517.59,56.32,127.81,0.9699,-1,-1,-1
510,140,712.58,369.15,37.5,119.54,0.9689,-1,-1,-1
510,195,58.85,352.3,55.38,116.36,0.9683,-1,-1,-1
510,208,1846.76,303.74,44.17,95.08,0.9669,-1,-1,-1
510,147,830.43,311.53,34.17,98.97,0.9597,-1,-1,-1
510,286,1414.31,263.84,39.42,91.8,0.9596,-1,-1,-1
510,192,316.88,538.18,40.61,142.52,0.9574,-1,-1,-1
510,249,958.44,410.31,50.76,118.34,0.9317,-1,-1,-1
510,158,1199.03,146.64,26.64,77.85,0.9274,-1,-1,-1
510,206,1813.93,240.49,32.73,98.55,0.9073,-1,-1,-1
510,148,1858.07,262.6,30.01,61.36,0.9024,-1,-1,-1
510,146,1478.04,164.68,31.69,83.33,0.8892,-1,-1,-1
510,154,1427.94,231.62,27.77,51.35,0.8745,-1,-1,-1
511,209,1458.64,383.9,44.26,111.06,0.9787,-1,-1,-1
511,249,961.14,409.11,50.26,113.76,0.9768,-1,-1,-1
511,197,1275.3,527.98,81.98,132.8,0.9763,-1,-1,-1
511,144,1061.75,388.6,43.01,110.87,0.9752,-1,-1,-1
511,257,1582.02,382.67,45.14,117.19,0.9752,-1,-1,-1
511,215,1620.5,678.33,55.57,163.21,0.9728,-1,-1,-1
511,175,916.63,860.03,83.59,170.07,0.9722,-1,-1,-1
511,195,54.42,351.95,55.04,118.01,0.971,-1,-1,-1
511,140,710.43,367.36,38.12,120.65,0.9703,-1,-1,-1
511,204,1449.97,519.49,52.15,125.73,0.9652,-1,-1,-1
511,286,1414.14,266.12,39.21,87.2,0.964,-1,-1,-1
511,192,314.97,539.45,45.35,143.02,0.9601,-1,-1,-1
511,147,826.01,311.86,34.11,95.53,0.9565,-1,-1,-1
511,146,1468.37,164.49,36.83,83.74,0.9546,-1,-1,-1
511,208,1848.99,297.96,43.17,100.43,0.9535,-1,-1,-1
511,191,480.81,228.37,33.77,110.13,0.9447,-1,-1,-1
511,158,1194.4,145.15,26.31,79.19,0.9332,-1,-1,-1
511,206,1813.71,241.52,32.16,98.09,0.9237,-1,-1,-1
511,154,1423.99,232.33,29.79,51.9,0.8854,-1,-1,-1
511,148,1857.12,262.52,29.37,61.94,0.882,-1,-1,-1
512,209,1458.61,383.89,44.3,111.07,0.9787,-1,-1,-1
512,249,961.16,409.11,50.23,113.76,0.9768,-1,-1,-1
512,197,1275.26,527.92,82.0,132.87,0.9762,-1,-1,-1
512,144,1061.78,388.59,42.98,110.9,0.9752,-1,-1,-1
512,257,1581.98,382.67,45.19,117.19,0.9752,-1,-1,-1
512,215,1620.54,678.41,55.52,163.07,0.9727,-1,-1,-1
512,175,916.6,860.09,83.73,170.03,0.9723,-1,-1,-1
512,195,54.2,351.97,55.35,118.09,0.971,-1,-1,-1
512,140,710.42,367.36,38.16,120.68,0.9705,-1,-1,-1
512,204,1449.96,519.56,52.15,125.65,0.9652,-1,-1,-1
512,286,1414.21,266.06,39.2,87.2,0.9639,-1,-1,-1
512,192,314.87,539.49,45.48,142.97,0.9596,-1,-1,-1
512,147,826.0,311.86,34.19,95.58,0.9564,-1,-1,-1
512,146,1468.29,164.21,36.94,84.03,0.9549,-1,-1,-1
512,208,1848.98,298.02,43.17,100.4,0.9534,-1,-1,-1
512,191,480.81,228.36,33.83,110.2,0.9447,-1,-1,-1
512,158,1194.39,145.14,26.34,79.18,0.9327,-1,-1,-1
512,206,1813.85,241.53,32.02,98.08,0.9234,-1,-1,-1
512,148,1857.26,262.52,29.2,61.73,0.8811,-1,-1,-1
512,154,1423.87,232.33,29.88,52.23,0.8803,-1,-1,-1
513,249,967.04,409.88,44.18,115.27,0.9778,-1,-1,-1
513,197,1275.01,527.28,79.6,135.0,0.9771,-1,-1,-1
513,215,1621.97,680.89,56.38,159.45,0.9761,-1,-1,-1
513,204,1452.92,517.25,50.16,128.31,0.9731,-1,-1,-1
513,175,914.61,859.89,92.39,172.54,0.9728,-1,-1,-1
513,195,50.39,351.99,54.07,117.89,0.9725,-1,-1,-1
513,140,708.81,365.9,38.75,123.15,0.9706,-1,-1,-1
513,208,1849.38,289.02,42.99,108.45,0.9695,-1,-1,-1
513,257,1585.01,381.19,45.28,120.06,0.969,-1,-1,-1
513,209,1466.97,383.9,37.57,112.43,0.9658,-1,-1,-1
513,144,1058.04,390.31,44.53,110.96,0.962,-1,-1,-1
513,146,1460.18,168.56,40.17,79.12,0.9574,-1,-1,-1
513,147,822.05,312.08,33.44,93.82,0.9538,-1,-1,-1
513,286,1415.33,264.74,38.15,88.68,0.9537,-1,-1,-1
513,191,480.64,227.76,32.25,109.24,0.9517,-1,-1,-1
513,192,311.83,541.47,51.69,143.18,0.9459,-1,-1,-1
513,206,1811.81,240.7,32.44,100.15,0.9348,-1,-1,-1
513,158,1189.31,146.97,28.02,77.49,0.929,-1,-1,-1
513,148,1858.43,262.16,24.94,56.65,0.854,-1,-1,-1
513,154,1419.6,233.7,30.84,68.2,0.6736,-1,-1,-1
514,197,1276.45,526.61,75.96,136.96,0.9778,-1,-1,-1
514,215,1623.66,682.5,56.66,155.33,0.9765,-1,-1,-1
514,144,1055.59,389.53,43.5,111.61,0.9737,-1,-1,-1
514,257,1584.18,378.95,47.72,121.2,0.9729,-1,-1,-1
514,140,704.33,365.69,41.12,125.29,0.9716,-1,-1,-1
514,195,47.32,350.98,52.92,118.91,0.9709,-1,-1,-1
514,249,974.62,410.04,37.33,115.71,0.9697,-1,-1,-1
514,204,1460.9,516.99,43.34,127.62,0.9682,-1,-1,-1
514,175,914.81,859.58,97.97,175.36,0.9647,-1,-1,-1
514,146,1455.42,172.42,38.67,74.77,0.9603,-1,-1,-1
514,209,1473.29,384.18,31.71,113.3,0.9567,-1,-1,-1
514,147,817.83,312.49,33.46,95.02,0.9566,-1,-1,-1
514,191,479.32,227.88,32.37,108.66,0.9563,-1,-1,-1
514,206,1810.25,240.86,33.25,100.54,0.9471,-1,-1,-1
514,208,1851.15,290.62,39.56,106.65,0.9425,-1,-1,-1
514,192,308.17,542.93,55.87,142.68,0.9414,-1,-1,-1
514,286,1417.18,268.44,36.44,86.95,0.9304,-1,-1,-1
514,158,1183.08,146.22,29.99,79.47,0.9274,-1,-1,-1
514,148,1853.51,264.63,27.81,64.54,0.8739,-1,-1,-1
514,154,1415.59,233.6,31.31,69.89,0.8205,-1,-1,-1
515,197,1279.9,525.52,69.55,138.73,0.9786,-1,-1,-1
515,215,1626.27,683.2,55.13,155.54,0.9758,-1,-1,-1
515,257,1583.98,377.79,50.11,121.45,0.9751,-1,-1,-1
515,144,1054.41,387.87,42.04,112.63,0.9746,-1,-1,-1
515,140,701.44,366.05,41.75,121.42,0.9712,-1,-1,-1
515,195,45.61,351.76,50.36,115.75,0.9652,-1,-1,-1
515,175,917.74,860.68,102.72,171.31,0.9647,-1,-1,-1
515,192,301.73,543.18,65.78,142.72,0.9633,-1,-1,-1
515,191,478.32,228.88,32.97,105.01,0.9602,-1,-1,-1
515,146,1450.2,169.13,39.62,78.17,0.9599,-1,-1,-1
515,249,979.18,407.19,35.16,118.07,0.9586,-1,-1,-1
515,208,1850.78,287.25,39.95,110.78,0.9584,-1,-1,-1
515,204,1464.02,517.61,42.12,128.08,0.9566,-1,-1,-1
515,209,1474.53,384.94,31.05,113.04,0.9536,-1,-1,-1
515,147,812.23,314.36,34.82,92.81,0.9533,-1,-1,-1
515,158,1177.76,147.17,31.69,78.59,0.9261,-1,-1,-1
515,206,1807.99,247.85,34.85,93.44,0.9208,-1,-1,-1
515,286,1415.75,268.1,38.44,87.97,0.9158,-1,-1,-1
515,148,1852.68,264.09,29.72,64.72,0.8306,-1,-1,-1
515,154,1411.42,236.91,33.02,89.65,0.8134,-1,-1,-1
516,257,1584.5,377.34,51.75,123.02,0.976,-1,-1,-1
516,192,297.38,543.77,71.84,144.54,0.975,-1,-1,-1
516,197,1287.86,525.97,60.94,137.63,0.9739,-1,-1,-1
516,195,45.79,350.29,47.65,115.93,0.9731,-1,-1,-1
516,140,697.01,366.36,43.21,118.69,0.9727,-1,-1,-1
516,144,1053.5,385.47,40.04,113.08,0.9723,-1,-1,-1
516,249,982.71,404.41,33.55,118.0,0.9658,-1,-1,-1
516,215,1628.91,680.06,54.43,161.49,0.9641,-1,-1,-1
516,208,1850.45,284.91,40.37,112.84,0.9625,-1,-1,-1
516,204,1463.34,518.22,44.38,128.32,0.9612,-1,-1,-1
516,191,477.27,230.42,32.17,98.54,0.9554,-1,-1,-1
516,209,1471.51,386.17,34.62,114.05,0.9526,-1,-1,-1
516,147,810.13,312.97,32.28,94.37,0.9518,-1,-1,-1
516,175,918.59,862.93,108.85,172.84,0.95,-1,-1,-1
516,154,1407.7,236.98,34.02,90.31,0.946,-1,-1,-1
516,286,1416.44,263.06,38.01,91.2,0.9387,-1,-1,-1
516,158,1172.2,146.62,32.34,79.34,0.9233,-1,-1,-1
516,206,1805.83,248.55,35.3,92.91,0.9181,-1,-1,-1
516,146,1446.71,177.37,31.23,69.66,0.9169,-1,-1,-1
516,148,1851.72,264.05,24.44,63.79,0.8199,-1,-1,-1
517,197,1296.14,525.19,52.26,138.62,0.977,-1,-1,-1
517,192,293.76,545.42,74.04,145.32,0.9767,-1,-1,-1
517,257,1585.9,378.33,52.37,121.83,0.9766,-1,-1,-1
517,209,1468.48,386.24,46.06,112.31,0.9763,-1,-1,-1
517,140,694.72,367.36,43.53,117.0,0.9748,-1,-1,-1
517,195,46.61,348.61,43.41,116.81,0.9727,-1,-1,-1
517,215,1631.34,680.38,54.27,161.8,0.9723,-1,-1,-1
517,144,1051.5,381.92,39.29,119.67,0.9691,-1,-1,-1
517,204,1460.61,518.79,50.33,129.61,0.9675,-1,-1,-1
517,249,983.18,402.3,36.22,119.75,0.9621,-1,-1,-1
517,191,477.06,230.29,33.82,98.04,0.9617,-1,-1,-1
517,154,1405.27,232.42,34.55,93.2,0.9578,-1,-1,-1
517,175,929.82,864.81,96.78,176.27,0.9573,-1,-1,-1
517,208,1851.18,284.52,39.26,113.84,0.9531,-1,-1,-1
517,147,805.92,309.62,31.64,97.1,0.9517,-1,-1,-1
517,286,1416.9,259.12,37.76,94.32,0.9359,-1,-1,-1
517,158,1166.11,150.54,32.83,75.88,0.9017,-1,-1,-1
517,206,1803.8,247.95,35.93,93.44,0.8997,-1,-1,-1
517,148,1848.85,265.02,25.37,65.19,0.7923,-1,-1,-1
517,146,1437.63,162.03,28.49,86.04,0.7752,-1,-1,-1
518,197,1296.12,525.17,52.27,138.65,0.9769,-1,-1,-1
518,192,293.82,545.45,74.09,145.28,0.9767,-1,-1,-1
518,257,1585.64,378.32,52.63,121.89,0.9765,-1,-1,-1
518,209,1468.46,386.22,46.06,112.39,0.9763,-1,-1,-1
518,140,694.65,367.33,43.62,117.01,0.9749,-1,-1,-1
518,195,46.61,348.63,43.41,116.8,0.9726,-1,-1,-1
518,215,1631.27,680.35,54.32,161.83,0.9721,-1,-1,-1
518,144,1051.51,381.93,39.29,119.73,0.9693,-1,-1,-1
518,204,1460.57,518.84,50.45,129.6,0.9672,-1,-1,-1
518,249,983.13,402.29,36.4,119.73,0.9632,-1,-1,-1
518,191,477.05,230.27,33.84,98.18,0.9617,-1,-1,-1
518,154,1405.27,232.45,34.55,93.2,0.958,-1,-1,-1
518,175,929.81,864.72,96.76,176.49,0.9571,-1,-1,-1
518,208,1851.21,284.5,39.22,113.99,0.9532,-1,-1,-1
518,147,806.0,309.63,31.55,97.04,0.9519,-1,-1,-1
518,286,1416.9,259.13,37.72,94.25,0.9353,-1,-1,-1
518,158,1166.06,151.05,32.92,75.43,0.901,-1,-1,-1
518,206,1803.76,248.02,35.97,93.48,0.9008,-1,-1,-1
518,148,1848.83,264.97,25.33,65.19,0.7887,-1,-1,-1
518,146,1437.63,161.84,28.53,86.33,0.7617,-1,-1,-1
519,257,1587.62,379.72,52.11,121.5,0.9773,-1,-1,-1
519,197,1301.04,525.74,47.89,139.33,0.9765,-1,-1,-1
519,192,290.89,546.82,73.56,145.1,0.976,-1,-1,-1
519,209,1465.8,386.95,53.38,112.99,0.9755,-1,-1,-1
519,215,1631.38,677.71,57.0,165.38,0.9752,-1,-1,-1
519,140,692.31,365.59,42.82,119.08,0.9722,-1,-1,-1
519,195,41.59,347.19,44.7,119.04,0.9715,-1,-1,-1
519,144,1048.95,379.76,39.58,121.39,0.9715,-1,-1,-1
519,175,935.06,867.66,97.95,172.3,0.9704,-1,-1,-1
519,249,981.5,398.85,41.42,122.85,0.9686,-1,-1,-1
519,191,477.25,229.93,35.55,99.22,0.9667,-1,-1,-1
519,204,1456.9,520.82,58.21,128.44,0.9661,-1,-1,-1
519,206,1800.26,247.8,38.97,93.94,0.9575,-1,-1,-1
519,154,1404.43,231.24,33.06,93.85,0.9526,-1,-1,-1
519,208,1852.15,284.79,38.24,111.96,0.9519,-1,-1,-1
519,147,800.83,307.19,31.78,99.3,0.9482,-1,-1,-1
519,146,1431.1,166.7,26.69,79.62,0.8912,-1,-1,-1
519,286,1417.19,254.99,39.43,93.93,0.8736,-1,-1,-1
519,158,1161.28,150.04,31.86,77.28,0.8633,-1,-1,-1
519,148,1846.0,267.14,27.68,95.35,0.824,-1,-1,-1
520,215,1629.84,675.61,62.58,168.38,0.9788,-1,-1,-1
520,209,1463.43,387.78,57.52,112.81,0.9755,-1,-1,-1
520,257,1593.83,383.1,46.32,116.97,0.9749,-1,-1,-1
520,249,981.1,398.26,44.82,117.74,0.9749,-1,-1,-1
520,197,1300.71,526.99,49.0,139.3,0.9742,-1,-1,-1
520,144,1047.31,379.73,39.67,117.17,0.9736,-1,-1,-1
520,140,688.64,363.49,45.46,121.96,0.9729,-1,-1,-1
520,192,286.57,547.49,74.66,146.06,0.9724,-1,-1,-1
520,204,1455.14,521.19,63.28,130.15,0.9691,-1,-1,-1
520,195,35.59,346.97,48.66,119.59,0.9676,-1,-1,-1
520,175,953.44,867.91,81.95,175.66,0.9669,-1,-1,-1
520,191,475.46,228.51,37.56,98.84,0.9645,-1,-1,-1
520,206,1798.47,246.61,40.47,95.15,0.9631,-1,-1,-1
520,154,1401.47,231.38,33.05,93.52,0.9568,-1,-1,-1
520,147,796.2,304.12,32.61,103.85,0.9564,-1,-1,-1
520,208,1854.98,289.89,34.27,106.72,0.9048,-1,-1,-1
520,146,1423.3,157.97,27.83,88.19,0.8876,-1,-1,-1
520,286,1417.6,257.4,40.27,83.51,0.8823,-1,-1,-1
520,148,1844.73,264.68,28.72,73.98,0.8578,-1,-1,-1
520,158,1155.44,146.41,31.21,80.69,0.7452,-1,-1,-1
521,215,1628.55,675.45,66.75,167.68,0.9796,-1,-1,-1
521,249,981.7,397.51,46.16,114.28,0.9769,-1,-1,-1
521,192,284.99,548.21,73.21,144.05,0.9764,-1,-1,-1
521,144,1045.38,380.44,39.88,112.79,0.973,-1,-1,-1
521,140,686.46,360.85,44.03,124.06,0.9726,-1,-1,-1
521,195,29.73,348.99,51.47,117.94,0.9724,-1,-1,-1
521,197,1300.2,527.65,52.22,140.22,0.9723,-1,-1,-1
521,209,1461.28,389.13,56.73,112.51,0.9707,-1,-1,-1
521,191,472.35,227.51,41.81,98.77,0.9701,-1,-1,-1
521,257,1599.37,384.3,40.19,116.31,0.9696,-1,-1,-1
521,175,966.31,867.38,75.97,177.1,0.9696,-1,-1,-1
521,204,1453.09,522.57,66.06,129.42,0.9683,-1,-1,-1
521,206,1794.61,245.81,44.41,96.43,0.9657,-1,-1,-1
521,147,791.42,303.74,33.82,101.19,0.9566,-1,-1,-1
521,208,1851.92,289.03,36.71,105.86,0.9423,-1,-1,-1
521,148,1842.3,266.46,30.33,64.84,0.9151,-1,-1,-1
521,286,1418.83,255.94,38.51,78.77,0.9135,-1,-1,-1
521,154,1399.23,227.22,33.79,98.1,0.8474,-1,-1,-1
521,146,1418.01,164.46,27.01,82.08,0.8287,-1,-1,-1
521,158,1151.31,144.76,30.12,78.6,0.443,-1,-1,-1
521,294,1844.12,292.22,27.92,80.44,0.3943,-1,-1,-1
522,192,283.75,547.94,69.2,145.2,0.9789,-1,-1,-1
522,215,1629.17,676.1,67.81,167.0,0.9778,-1,-1,-1
522,140,682.66,358.56,44.46,125.48,0.9745,-1,-1,-1
522,175,972.6,864.29,77.07,179.3,0.9741,-1,-1,-1
522,249,983.81,398.42,45.12,114.43,0.9736,-1,-1,-1
522,144,1043.58,381.92,40.41,110.88,0.9733,-1,-1,-1
522,191,469.96,226.77,45.28,99.14,0.9722,-1,-1,-1
522,204,1452.35,523.62,65.71,128.11,0.9717,-1,-1,-1
522,197,1298.75,529.06,54.72,139.99,0.9705,-1,-1,-1
522,209,1460.85,388.4,57.87,113.05,0.9674,-1,-1,-1
522,257,1602.11,385.32,38.2,116.17,0.9666,-1,-1,-1
522,206,1795.28,242.65,43.48,98.04,0.9653,-1,-1,-1
522,195,21.29,348.87,55.98,119.32,0.9638,-1,-1,-1
522,147,785.95,303.59,35.06,96.58,0.9553,-1,-1,-1
522,208,1853.47,292.38,33.26,103.23,0.9339,-1,-1,-1
522,154,1397.89,227.56,33.2,96.35,0.932,-1,-1,-1
522,286,1421.54,256.5,34.21,68.67,0.9286,-1,-1,-1
522,148,1839.03,267.82,30.43,63.54,0.8928,-1,-1,-1
522,146,1410.07,165.76,28.27,78.83,0.8427,-1,-1,-1
522,158,1143.81,146.66,31.88,79.77,0.5843,-1,-1,-1
522,294,1840.14,293.65,28.12,79.83,0.3316,-1,-1,-1
523,215,1630.99,678.42,68.62,163.78,0.9766,-1,-1,-1
523,144,1040.64,382.89,41.84,110.29,0.976,-1,-1,-1
523,192,283.76,547.93,65.82,145.24,0.9758,-1,-1,-1
523,197,1296.68,530.22,63.41,139.12,0.9754,-1,-1,-1
523,140,679.54,356.6,44.7,127.82,0.9752,-1,-1,-1
523,175,972.81,861.77,82.81,183.34,0.9743,-1,-1,-1
523,249,987.83,398.29,44.73,116.28,0.9721,-1,-1,-1
523,191,471.14,227.0,43.73,98.72,0.9718,-1,-1,-1
523,206,1799.26,240.15,38.7,100.64,0.9691,-1,-1,-1
523,257,1602.75,384.86,39.56,117.72,0.9681,-1,-1,-1
523,204,1454.03,523.88,63.05,128.45,0.9678,-1,-1,-1
523,209,1463.9,390.09,50.91,112.45,0.9669,-1,-1,-1
523,195,14.92,349.87,60.62,120.09,0.9641,-1,-1,-1
523,147,780.73,304.14,35.48,94.85,0.9575,-1,-1,-1
523,208,1852.38,293.5,31.7,102.14,0.9241,-1,-1,-1
523,286,1421.78,258.4,32.19,64.13,0.922,-1,-1,-1
523,148,1839.33,268.62,26.16,64.5,0.8632,-1,-1,-1
523,154,1397.0,224.68,29.21,94.73,0.7876,-1,-1,-1
523,158,1137.99,150.65,31.98,77.66,0.756,-1,-1,-1
523,294,1836.96,284.9,28.85,85.52,0.4867,-1,-1,-1
523,146,1398.96,160.8,28.76,88.4,0.4558,-1,-1,-1
524,215,1630.91,678.44,68.65,163.71,0.9763,-1,-1,-1
524,192,283.77,547.97,65.83,145.26,0.9758,-1,-1,-1
524,144,1040.72,382.84,41.77,110.39,0.9758,-1,-1,-1
524,197,1296.64,530.24,63.45,139.08,0.9754,-1,-1,-1
524,140,679.61,356.6,44.59,127.86,0.9753,-1,-1,-1
524,175,972.76,861.76,82.89,183.39,0.9741,-1,-1,-1
524,249,987.85,398.26,44.74,116.28,0.9722,-1,-1,-1
524,191,471.16,226.99,43.66,98.72,0.9717,-1,-1,-1
524,206,1799.3,240.14,38.64,100.73,0.9692,-1,-1,-1
524,204,1453.99,523.88,63.07,128.53,0.968,-1,-1,-1
524,257,1602.78,384.86,39.53,117.74,0.968,-1,-1,-1
524,209,1463.89,390.09,50.96,112.44,0.967,-1,-1,-1
524,195,14.92,349.83,60.5,120.11,0.9643,-1,-1,-1
524,147,780.76,304.14,35.45,94.83,0.9576,-1,-1,-1
524,286,1421.65,258.36,32.36,64.27,0.9244,-1,-1,-1
524,208,1852.37,293.43,31.66,102.27,0.9243,-1,-1,-1
524,148,1839.33,268.62,26.09,64.34,0.8677,-1,-1,-1
524,158,1137.95,150.56,32.03,77.85,0.7701,-1,-1,-1
524,154,1396.82,224.64,29.34,93.75,0.765,-1,-1,-1
524,294,1836.94,285.57,28.83,85.08,0.4803,-1,-1,-1
524,146,1398.65,160.44,29.24,89.24,0.4747,-1,-1,-1
525,215,1634.57,680.1,67.49,161.79,0.979,-1,-1,-1
525,257,1602.22,382.95,42.92,117.5,0.975,-1,-1,-1
525,197,1294.61,531.54,69.24,140.62,0.9737,-1,-1,-1
525,192,286.21,548.84,58.28,143.89,0.9734,-1,-1,-1
525,209,1468.34,389.1,42.77,111.75,0.973,-1,-1,-1
525,144,1039.88,382.26,40.64,111.55,0.9719,-1,-1,-1
525,191,470.65,227.62,43.41,97.6,0.9714,-1,-1,-1
525,249,989.55,397.01,42.49,117.48,0.9713,-1,-1,-1
525,175,972.91,859.59,86.42,189.18,0.9709,-1,-1,-1
525,195,12.47,351.65,60.12,120.21,0.9693,-1,-1,-1
525,140,675.12,355.52,45.53,128.65,0.9675,-1,-1,-1
525,147,776.33,305.63,36.91,94.02,0.9606,-1,-1,-1
525,206,1801.37,237.51,35.65,102.14,0.9591,-1,-1,-1
525,286,1420.92,257.48,33.24,63.66,0.9423,-1,-1,-1
525,208,1851.86,291.1,31.89,104.27,0.9363,-1,-1,-1
525,204,1456.77,524.24,60.11,128.95,0.9256,-1,-1,-1
525,158,1132.35,149.27,32.82,78.37,0.9253,-1,-1,-1
525,294,1832.25,268.19,35.39,101.19,0.9125,-1,-1,-1
525,154,1397.11,228.35,25.59,87.86,0.8347,-1,-1,-1
525,146,1389.39,160.41,31.04,88.53,0.7184,-1,-1,-1
526,215,1640.73,681.37,62.89,160.35,0.9795,-1,-1,-1
526,257,1598.71,380.17,47.98,120.87,0.979,-1,-1,-1
526,192,289.57,548.29,47.92,145.49,0.9747,-1,-1,-1
526,197,1294.03,533.29,70.46,139.49,0.9736,-1,-1,-1
526,191,469.45,228.74,46.13,97.42,0.9735,-1,-1,-1
526,249,990.86,395.11,41.96,118.93,0.9734,-1,-1,-1
526,144,1037.14,381.35,40.69,114.53,0.9706,-1,-1,-1
526,175,972.05,860.41,99.05,186.41,0.97,-1,-1,-1
526,209,1473.97,389.96,37.03,110.89,0.9687,-1,-1,-1
526,147,771.01,306.9,35.41,93.55,0.9662,-1,-1,-1
526,195,6.22,350.75,62.84,121.31,0.9647,-1,-1,-1
526,140,671.53,358.46,45.56,122.06,0.9568,-1,-1,-1
526,286,1421.26,256.74,31.68,65.63,0.9455,-1,-1,-1
526,158,1124.95,149.68,34.43,77.86,0.9426,-1,-1,-1
526,206,1801.04,241.25,35.57,98.52,0.939,-1,-1,-1
526,294,1826.81,266.37,36.31,101.24,0.9346,-1,-1,-1
526,204,1463.27,522.76,51.38,129.93,0.9305,-1,-1,-1
526,208,1848.61,287.62,35.75,105.85,0.9268,-1,-1,-1
526,154,1395.32,232.61,24.06,91.65,0.9104,-1,-1,-1
526,146,1385.47,166.7,28.06,79.85,0.9097,-1,-1,-1
527,140,667.15,359.96,46.88,117.84,0.9773,-1,-1,-1
527,257,1597.27,380.05,54.02,122.37,0.9765,-1,-1,-1
527,197,1293.75,534.43,69.35,138.56,0.9747,-1,-1,-1
527,215,1648.97,680.93,57.08,160.57,0.9744,-1,-1,-1
527,191,464.04,230.28,51.91,96.55,0.9733,-1,-1,-1
527,249,993.27,392.04,40.32,120.12,0.9706,-1,-1,-1
527,195,2.47,351.64,61.21,120.37,0.9692,-1,-1,-1
527,175,973.5,864.65,106.02,179.87,0.9662,-1,-1,-1
527,192,291.1,547.99,41.88,146.16,0.965,-1,-1,-1
527,144,1035.19,377.71,39.28,116.0,0.9647,-1,-1,-1
527,204,1467.58,522.79,46.63,129.7,0.9642,-1,-1,-1
527,208,1845.51,284.65,39.43,110.44,0.9641,-1,-1,-1
527,209,1479.23,389.12,32.88,112.73,0.9636,-1,-1,-1
527,294,1824.49,266.67,37.45,102.51,0.954,-1,-1,-1
527,286,1420.09,255.06,32.48,66.01,0.9485,-1,-1,-1
527,158,1118.25,149.64,34.79,77.64,0.9467,-1,-1,-1
527,147,767.99,306.02,35.21,96.06,0.9464,-1,-1,-1
527,154,1393.48,228.51,24.89,95.18,0.9435,-1,-1,-1
527,206,1801.72,243.77,34.01,95.65,0.9334,-1,-1,-1
527,146,1378.23,169.0,26.72,78.18,0.9281,-1,-1,-1
528,175,981.64,868.36,97.35,178.58,0.9794,-1,-1,-1
528,197,1294.88,534.62,65.42,138.16,0.9765,-1,-1,-1
528,257,1596.17,380.29,56.92,123.59,0.9762,-1,-1,-1
528,140,662.34,360.92,46.43,118.31,0.9762,-1,-1,-1
528,195,1.23,351.68,58.59,120.8,0.9715,-1,-1,-1
528,192,287.82,549.03,43.04,145.95,0.9698,-1,-1,-1
528,191,458.96,233.59,56.86,94.32,0.969,-1,-1,-1
528,144,1032.29,375.59,39.46,119.05,0.9687,-1,-1,-1
528,249,993.84,391.06,38.62,120.61,0.9678,-1,-1,-1
528,215,1652.19,678.03,54.8,164.94,0.9595,-1,-1,-1
528,209,1482.23,389.63,31.17,113.53,0.9568,-1,-1,-1
528,294,1822.4,266.45,38.18,102.81,0.9555,-1,-1,-1
528,208,1842.01,283.75,41.93,111.98,0.9546,-1,-1,-1
528,204,1471.98,526.92,38.82,125.82,0.9529,-1,-1,-1
528,147,764.09,304.8,33.51,96.4,0.9524,-1,-1,-1
528,154,1390.21,226.16,27.4,96.2,0.9518,-1,-1,-1
528,286,1419.16,253.21,32.6,70.56,0.9508,-1,-1,-1
528,146,1367.28,170.55,29.59,78.43,0.9404,-1,-1,-1
528,158,1111.68,147.39,34.53,80.03,0.9268,-1,-1,-1
528,206,1800.35,243.59,34.45,96.55,0.8835,-1,-1,-1
529,197,1294.98,534.77,62.79,138.23,0.9781,-1,-1,-1
529,140,658.57,362.07,44.0,118.28,0.9772,-1,-1,-1
529,257,1595.83,381.78,57.79,123.14,0.9771,-1,-1,-1
529,195,4.52,351.41,49.84,121.61,0.9763,-1,-1,-1
529,192,283.91,549.75,45.64,146.6,0.9729,-1,-1,-1
529,204,1472.58,521.5,41.76,131.8,0.9717,-1,-1,-1
529,144,1028.44,373.86,39.73,121.7,0.97,-1,-1,-1
529,249,992.85,390.03,40.63,120.92,0.9683,-1,-1,-1
529,175,991.88,873.49,87.0,177.08,0.9683,-1,-1,-1
529,209,1479.57,390.78,34.35,113.79,0.9639,-1,-1,-1
529,191,454.29,233.92,57.33,94.03,0.9628,-1,-1,-1
529,147,759.52,303.0,33.21,98.97,0.961,-1,-1,-1
529,154,1385.97,224.66,30.5,99.26,0.9583,-1,-1,-1
529,215,1653.14,676.2,55.64,167.91,0.9546,-1,-1,-1
529,286,1417.45,252.06,33.38,73.62,0.9532,-1,-1,-1
529,158,1104.41,149.48,38.22,80.55,0.9521,-1,-1,-1
529,146,1356.69,177.25,31.91,71.57,0.9471,-1,-1,-1
529,208,1839.1,288.2,42.56,108.08,0.9452,-1,-1,-1
529,294,1824.51,268.51,33.49,102.67,0.9374,-1,-1,-1
529,206,1798.48,240.0,33.34,99.59,0.9279,-1,-1,-1
530,197,1294.99,534.75,62.78,138.25,0.9781,-1,-1,-1
530,140,658.58,362.08,44.02,118.23,0.9771,-1,-1,-1
530,257,1595.69,381.76,57.96,123.2,0.9771,-1,-1,-1
530,195,4.27,351.43,50.11,121.59,0.9761,-1,-1,-1
530,192,283.91,549.75,45.61,146.49,0.9729,-1,-1,-1
530,204,1472.63,521.6,41.68,131.73,0.9713,-1,-1,-1
530,144,1028.47,373.85,39.68,121.64,0.9699,-1,-1,-1
530,175,991.92,873.52,86.96,177.12,0.9685,-1,-1,-1
530,249,992.87,389.91,40.56,121.05,0.9681,-1,-1,-1
530,209,1479.58,390.85,34.34,113.73,0.964,-1,-1,-1
530,191,454.29,233.95,57.33,94.04,0.9622,-1,-1,-1
530,147,759.51,303.03,33.22,99.02,0.9608,-1,-1,-1
530,154,1385.97,224.66,30.51,99.27,0.9583,-1,-1,-1
530,215,1653.13,676.3,55.62,167.79,0.9543,-1,-1,-1
530,286,1417.45,252.05,33.39,73.68,0.9528,-1,-1,-1
530,158,1104.4,149.56,38.27,80.49,0.9521,-1,-1,-1
530,208,1839.03,287.99,42.45,108.28,0.9459,-1,-1,-1
530,146,1356.52,175.41,32.51,73.41,0.9439,-1,-1,-1
530,294,1824.54,268.47,33.42,102.73,0.9375,-1,-1,-1
530,206,1798.45,239.98,33.39,99.67,0.9279,-1,-1,-1
531,140,654.09,360.5,43.45,120.0,0.9762,-1,-1,-1
531,257,1596.63,383.79,58.13,121.27,0.9761,-1,-1,-1
531,195,3.06,351.03,48.67,121.07,0.9756,-1,-1,-1
531,209,1476.61,390.97,41.06,113.49,0.9756,-1,-1,-1
531,204,1470.46,521.84,44.06,133.49,0.9755,-1,-1,-1
531,192,280.74,550.8,47.77,148.1,0.975,-1,-1,-1
531,191,452.76,235.23,44.88,93.58,0.9749,-1,-1,-1
531,249,992.98,389.9,41.17,115.65,0.9723,-1,-1,-1
531,175,1007.38,875.26,76.3,177.59,0.9701,-1,-1,-1
531,197,1296.99,534.3,59.05,137.42,0.97,-1,-1,-1
531,144,1027.64,374.64,36.63,118.47,0.9637,-1,-1,-1
531,215,1654.1,675.87,56.9,167.56,0.9593,-1,-1,-1
531,154,1383.54,223.43,29.73,100.3,0.9589,-1,-1,-1
531,146,1347.94,169.08,35.72,80.95,0.9581,-1,-1,-1
531,147,755.1,301.42,32.21,101.46,0.9553,-1,-1,-1
531,158,1100.17,154.18,35.59,74.2,0.9544,-1,-1,-1
531,286,1416.12,250.5,35.14,84.05,0.9493,-1,-1,-1
531,208,1837.72,288.45,44.65,106.37,0.9446,-1,-1,-1
531,294,1821.61,269.3,35.39,102.18,0.9423,-1,-1,-1
531,206,1795.28,239.66,34.25,102.15,0.9247,-1,-1,-1
532,191,452.71,235.17,42.95,93.44,0.9744,-1,-1,-1
532,257,1602.07,385.79,55.44,118.03,0.9734,-1,-1,-1
532,209,1470.92,392.16,56.84,114.77,0.9728,-1,-1,-1
532,204,1467.93,524.93,51.16,130.69,0.9724,-1,-1,-1
532,192,277.5,554.14,56.26,144.8,0.9721,-1,-1,-1
532,249,992.23,391.69,42.48,114.68,0.9719,-1,-1,-1
532,197,1299.6,534.1,56.71,137.94,0.9699,-1,-1,-1
532,175,1022.2,874.17,70.41,179.02,0.9677,-1,-1,-1
532,215,1654.0,676.83,58.37,166.42,0.967,-1,-1,-1
532,144,1024.39,374.47,37.31,114.0,0.9665,-1,-1,-1
532,195,1.38,351.6,44.8,118.55,0.9656,-1,-1,-1
532,140,649.0,359.18,42.41,120.49,0.9615,-1,-1,-1
532,286,1414.34,250.7,36.91,87.71,0.9585,-1,-1,-1
532,146,1342.85,173.09,35.4,77.06,0.9579,-1,-1,-1
532,208,1836.51,286.96,46.57,106.79,0.9553,-1,-1,-1
532,158,1095.08,154.25,35.66,74.3,0.9543,-1,-1,-1
532,147,750.69,299.3,31.32,100.9,0.9542,-1,-1,-1
532,154,1381.26,222.54,29.81,98.81,0.9541,-1,-1,-1
532,294,1816.84,269.1,37.14,101.36,0.9533,-1,-1,-1
532,206,1791.36,241.66,35.38,102.26,0.9453,-1,-1,-1
533,192,271.97,553.31,64.48,148.25,0.9752,-1,-1,-1
533,209,1466.98,393.3,64.23,114.66,0.9734,-1,-1,-1
533,175,1029.66,873.67,70.78,180.99,0.9727,-1,-1,-1
533,215,1655.34,678.18,57.83,164.02,0.9713,-1,-1,-1
533,197,1301.44,533.52,56.4,139.13,0.9703,-1,-1,-1
533,204,1462.99,526.62,62.63,130.74,0.97,-1,-1,-1
533,140,644.57,357.41,41.3,123.6,0.9684,-1,-1,-1
533,249,993.25,392.46,39.8,114.88,0.9673,-1,-1,-1
533,191,455.54,233.97,39.72,93.28,0.9669,-1,-1,-1
533,144,1021.76,375.98,37.49,110.7,0.9663,-1,-1,-1
533,195,0.0,351.82,40.22,118.09,0.9641,-1,-1,-1
533,257,1607.25,385.81,52.2,120.05,0.9632,-1,-1,-1
533,286,1413.45,252.76,37.65,88.32,0.963,-1,-1,-1
533,208,1836.59,287.67,45.38,106.98,0.9616,-1,-1,-1
533,294,1814.62,269.07,37.41,101.86,0.9599,-1,-1,-1
533,147,745.92,300.07,31.14,95.37,0.9565,-1,-1,-1
533,154,1378.25,224.12,29.62,96.32,0.9558,-1,-1,-1
533,158,1089.29,154.01,36.47,75.63,0.9534,-1,-1,-1
533,146,1338.22,169.26,34.58,80.74,0.9471,-1,-1,-1
533,206,1788.32,247.37,38.21,96.86,0.9002,-1,-1,-1
534,209,1463.16,394.96,67.06,113.42,0.9789,-1,-1,-1
534,215,1656.51,680.65,57.55,159.96,0.9756,-1,-1,-1
534,192,268.13,555.67,67.78,146.22,0.9742,-1,-1,-1
534,197,1304.9,533.49,52.26,140.63,0.974,-1,-1,-1
534,257,1614.16,385.78,46.09,117.89,0.9739,-1,-1,-1
534,204,1458.89,528.13,69.97,130.53,0.973,-1,-1,-1
534,208,1837.09,289.14,43.46,105.09,0.9699,-1,-1,-1
534,140,639.14,355.95,40.94,128.09,0.9684,-1,-1,-1
534,154,1374.45,225.61,30.05,96.52,0.9647,-1,-1,-1
534,175,1026.12,870.85,78.71,185.7,0.9632,-1,-1,-1
534,286,1414.39,253.52,35.67,88.28,0.9628,-1,-1,-1
534,191,459.15,232.16,33.43,95.18,0.9616,-1,-1,-1
534,294,1810.8,270.38,39.56,99.59,0.9589,-1,-1,-1
534,146,1332.69,172.86,33.61,77.52,0.9537,-1,-1,-1
534,249,994.58,393.34,37.15,113.62,0.9531,-1,-1,-1
534,195,0.0,353.09,35.5,117.02,0.9461,-1,-1,-1
534,206,1784.39,245.76,38.59,97.26,0.9414,-1,-1,-1
534,144,1019.87,378.58,34.46,109.78,0.9375,-1,-1,-1
534,158,1084.4,152.84,30.52,76.84,0.9216,-1,-1,-1
534,147,740.69,301.65,31.09,94.27,0.8916,-1,-1,-1
535,257,1615.29,384.46,46.22,121.63,0.9766,-1,-1,-1
535,192,263.0,556.68,69.33,146.88,0.9762,-1,-1,-1
535,209,1458.53,395.8,66.95,112.92,0.9761,-1,-1,-1
535,197,1306.36,535.03,51.74,140.61,0.9752,-1,-1,-1
535,215,1656.4,681.45,57.85,159.8,0.9748,-1,-1,-1
535,140,633.44,354.59,42.62,127.95,0.9741,-1,-1,-1
535,204,1454.96,527.03,71.24,132.25,0.9707,-1,-1,-1
535,286,1413.0,252.86,36.33,90.1,0.9655,-1,-1,-1
535,249,996.38,391.13,39.15,115.81,0.9652,-1,-1,-1
535,208,1837.17,287.75,40.54,108.52,0.9648,-1,-1,-1
535,154,1370.25,228.11,30.82,92.32,0.9634,-1,-1,-1
535,175,1026.36,870.91,84.94,187.0,0.9626,-1,-1,-1
535,147,734.71,301.84,33.22,95.43,0.9624,-1,-1,-1
535,191,463.53,230.61,28.39,97.75,0.9602,-1,-1,-1
535,294,1807.23,271.09,40.19,101.27,0.9546,-1,-1,-1
535,206,1780.05,246.02,40.28,98.71,0.9503,-1,-1,-1
535,146,1328.12,170.09,30.76,81.8,0.9481,-1,-1,-1
535,195,0.0,353.29,27.42,117.33,0.9442,-1,-1,-1
535,144,1020.76,377.6,27.42,91.1,0.9238,-1,-1,-1
535,158,1078.15,154.3,28.6,76.79,0.864,-1,-1,-1
535,148,1822.62,277.47,42.36,102.0,0.8372,-1,-1,-1
536,257,1615.24,384.45,46.26,121.64,0.9765,-1,-1,-1
536,192,262.93,556.69,69.42,146.84,0.9762,-1,-1,-1
536,209,1458.49,395.8,66.95,112.93,0.9761,-1,-1,-1
536,197,1306.3,535.11,51.74,140.72,0.9752,-1,-1,-1
536,215,1656.37,681.45,57.84,160.02,0.9749,-1,-1,-1
536,140,633.48,354.59,42.57,128.0,0.9739,-1,-1,-1
536,204,1455.0,527.04,71.2,132.25,0.9707,-1,-1,-1
536,286,1412.94,252.84,36.38,90.21,0.9654,-1,-1,-1
536,208,1838.27,287.85,39.67,106.3,0.9647,-1,-1,-1
536,249,996.44,391.18,38.94,115.72,0.9645,-1,-1,-1
536,154,1370.25,228.13,30.83,92.28,0.9633,-1,-1,-1
536,175,1026.29,870.93,85.07,186.94,0.9625,-1,-1,-1
536,147,734.72,301.86,33.18,95.39,0.9622,-1,-1,-1
536,191,463.53,230.63,28.37,97.72,0.9602,-1,-1,-1
536,294,1807.31,271.08,40.1,101.29,0.9549,-1,-1,-1
536,206,1780.0,246.05,40.33,98.65,0.9495,-1,-1,-1
536,146,1328.07,169.52,30.85,82.41,0.949,-1,-1,-1
536,195,0.0,353.37,27.48,117.19,0.9444,-1,-1,-1
536,144,1020.68,377.61,27.48,91.35,0.9238,-1,-1,-1
536,158,1078.16,154.18,28.54,76.91,0.8524,-1,-1,-1
536,148,1822.58,277.39,42.28,102.03,0.8369,-1,-1,-1
537,197,1304.75,536.39,58.22,139.63,0.9771,-1,-1,-1
537,257,1613.98,383.21,47.92,122.15,0.9768,-1,-1,-1
537,215,1656.1,682.88,59.37,159.44,0.9756,-1,-1,-1
537,204,1452.65,529.21,68.98,131.8,0.9739,-1,-1,-1
537,192,256.2,556.45,69.46,148.39,0.9737,-1,-1,-1
537,209,1457.78,396.23,63.85,113.73,0.9724,-1,-1,-1
537,140,627.05,354.08,44.92,129.19,0.9671,-1,-1,-1
537,286,1410.64,250.62,35.94,92.48,0.962,-1,-1,-1
537,191,459.99,230.16,31.98,98.79,0.9615,-1,-1,-1
537,154,1366.73,230.59,30.25,90.44,0.9578,-1,-1,-1
537,175,1024.46,876.16,97.87,177.88,0.9578,-1,-1,-1
537,206,1775.75,246.25,43.88,98.9,0.9533,-1,-1,-1
537,147,728.95,303.16,33.37,93.4,0.9487,-1,-1,-1
537,249,997.69,385.33,37.1,118.66,0.9455,-1,-1,-1
537,146,1322.2,170.72,27.65,79.97,0.9429,-1,-1,-1
537,294,1802.76,271.73,41.7,99.17,0.9426,-1,-1,-1
537,208,1836.96,284.85,35.38,110.93,0.9236,-1,-1,-1
537,195,0.58,350.55,22.0,121.71,0.9224,-1,-1,-1
537,158,1069.4,155.24,28.68,77.29,0.9136,-1,-1,-1
537,144,1016.04,375.28,26.64,91.31,0.8305,-1,-1,-1
538,215,1656.87,682.57,60.2,161.15,0.9785,-1,-1,-1
538,197,1302.05,536.63,68.31,140.81,0.9782,-1,-1,-1
538,192,249.51,558.04,69.58,147.14,0.9774,-1,-1,-1
538,257,1611.91,382.37,50.34,123.72,0.9768,-1,-1,-1
538,140,620.89,355.77,45.29,123.87,0.9744,-1,-1,-1
538,209,1457.43,395.87,58.69,114.13,0.9739,-1,-1,-1
538,204,1452.59,530.11,67.82,131.68,0.9728,-1,-1,-1
538,249,995.65,373.54,41.52,131.59,0.9725,-1,-1,-1
538,206,1771.99,246.5,46.7,98.08,0.972,-1,-1,-1
538,286,1408.16,248.61,36.92,92.6,0.9665,-1,-1,-1
538,294,1798.19,272.81,44.41,102.09,0.9643,-1,-1,-1
538,191,459.41,228.88,31.91,100.13,0.9631,-1,-1,-1
538,154,1364.54,231.3,29.85,90.83,0.9552,-1,-1,-1
538,147,723.5,301.42,33.61,97.71,0.9539,-1,-1,-1
538,175,1026.66,877.78,109.04,179.71,0.9431,-1,-1,-1
538,146,1316.53,169.08,24.57,81.51,0.92,-1,-1,-1
538,208,1836.07,283.43,33.01,111.34,0.9185,-1,-1,-1
538,195,0.0,359.46,20.39,111.57,0.8548,-1,-1,-1
538,158,1062.33,156.85,28.61,76.63,0.8292,-1,-1,-1
539,192,244.1,558.15,67.28,148.3,0.9791,-1,-1,-1
539,215,1654.27,679.97,65.4,164.22,0.9788,-1,-1,-1
539,197,1297.18,538.1,77.61,140.46,0.9774,-1,-1,-1
539,249,991.66,370.27,43.05,134.82,0.976,-1,-1,-1
539,140,615.29,357.12,46.76,119.41,0.9758,-1,-1,-1
539,209,1459.06,395.72,52.54,114.61,0.9757,-1,-1,-1
539,257,1609.26,381.94,52.94,123.92,0.9755,-1,-1,-1
539,204,1450.62,531.06,71.37,131.16,0.9733,-1,-1,-1
539,286,1407.0,246.98,35.58,94.26,0.9678,-1,-1,-1
539,294,1792.96,273.56,46.94,99.45,0.9674,-1,-1,-1
539,191,458.41,229.32,37.42,99.04,0.9654,-1,-1,-1
539,206,1767.04,246.0,51.52,98.2,0.9639,-1,-1,-1
539,154,1361.92,231.28,28.39,91.31,0.9617,-1,-1,-1
539,147,717.59,299.38,34.65,98.75,0.9404,-1,-1,-1
539,175,1024.02,881.23,116.14,177.3,0.9358,-1,-1,-1
539,146,1308.98,167.42,24.12,83.25,0.9326,-1,-1,-1
539,208,1833.58,282.23,33.2,113.36,0.9324,-1,-1,-1
539,158,1055.37,153.44,29.18,80.65,0.8805,-1,-1,-1
539,195,0.58,388.83,14.82,88.11,0.7391,-1,-1,-1
540,215,1649.72,675.51,71.8,167.79,0.9779,-1,-1,-1
540,197,1293.07,540.55,81.37,137.22,0.9773,-1,-1,-1
540,192,239.37,558.85,65.81,147.95,0.9769,-1,-1,-1
540,140,609.74,357.63,45.98,118.78,0.9763,-1,-1,-1
540,209,1461.59,394.85,45.78,114.95,0.9761,-1,-1,-1
540,204,1453.32,530.78,70.64,131.05,0.9761,-1,-1,-1
540,257,1609.37,382.76,52.49,122.58,0.9749,-1,-1,-1
540,249,989.33,380.98,45.39,118.55,0.9695,-1,-1,-1
540,191,460.58,229.8,44.93,99.23,0.9684,-1,-1,-1
540,294,1788.54,275.73,47.41,97.4,0.9654,-1,-1,-1
540,154,1357.35,231.27,28.73,92.51,0.9568,-1,-1,-1
540,206,1763.22,246.21,55.2,97.6,0.9568,-1,-1,-1
540,175,1034.45,882.32,100.68,178.23,0.9553,-1,-1,-1
540,286,1404.69,246.46,35.57,94.14,0.9536,-1,-1,-1
540,147,713.58,296.47,33.87,100.72,0.9502,-1,-1,-1
540,208,1828.41,283.81,35.85,113.42,0.9345,-1,-1,-1
540,146,1301.69,167.61,24.32,81.38,0.9021,-1,-1,-1
540,158,1046.1,153.65,31.37,81.39,0.8888,-1,-1,-1
540,148,1809.75,279.67,43.12,109.11,0.3915,-1,-1,-1
541,197,1287.47,541.14,81.84,137.96,0.9781,-1,-1,-1
541,192,236.03,557.8,62.55,148.14,0.9753,-1,-1,-1
541,257,1610.13,384.45,51.64,120.2,0.975,-1,-1,-1
541,175,1048.87,880.45,87.89,183.66,0.9744,-1,-1,-1
541,191,458.24,231.95,49.42,97.91,0.9744,-1,-1,-1
541,204,1462.64,532.16,62.83,129.39,0.9743,-1,-1,-1
541,140,605.25,355.59,44.17,121.45,0.9738,-1,-1,-1
541,215,1646.52,676.3,75.57,167.15,0.9736,-1,-1,-1
541,209,1466.44,395.01,39.31,115.98,0.9704,-1,-1,-1
541,249,987.11,384.42,48.45,111.71,0.9642,-1,-1,-1
541,294,1786.0,278.08,45.49,96.38,0.9631,-1,-1,-1
541,154,1351.06,231.74,30.73,92.04,0.9622,-1,-1,-1
541,206,1763.7,250.19,51.45,93.14,0.9617,-1,-1,-1
541,286,1402.98,246.12,35.76,92.9,0.9553,-1,-1,-1
541,147,708.62,293.27,34.83,104.44,0.9546,-1,-1,-1
541,208,1827.05,285.28,32.98,111.78,0.9367,-1,-1,-1
541,146,1294.4,175.91,23.5,73.18,0.9187,-1,-1,-1
541,158,1037.5,158.18,31.95,77.03,0.9086,-1,-1,-1
541,144,989.33,368.53,33.65,90.63,0.855,-1,-1,-1
542,197,1287.53,541.12,81.82,137.99,0.9781,-1,-1,-1
542,192,236.05,557.79,62.47,148.18,0.9754,-1,-1,-1
542,257,1610.06,384.44,51.7,120.28,0.975,-1,-1,-1
542,204,1462.89,532.19,62.63,129.34,0.9747,-1,-1,-1
542,191,458.32,231.99,49.31,97.75,0.9746,-1,-1,-1
542,175,1048.84,880.39,87.86,183.71,0.9743,-1,-1,-1
542,140,605.26,355.58,44.17,121.41,0.9742,-1,-1,-1
542,215,1646.5,676.41,75.63,167.04,0.9736,-1,-1,-1
542,209,1466.47,395.02,39.26,115.97,0.9704,-1,-1,-1
542,249,987.14,384.58,48.4,111.61,0.9647,-1,-1,-1
542,294,1786.05,278.09,45.48,96.32,0.963,-1,-1,-1
542,154,1351.09,231.74,30.73,91.99,0.962,-1,-1,-1
542,206,1763.72,250.21,51.41,93.1,0.9615,-1,-1,-1
542,286,1402.9,246.09,35.84,92.95,0.9556,-1,-1,-1
542,147,708.54,293.24,35.0,104.46,0.9549,-1,-1,-1
542,208,1827.03,285.32,33.04,111.81,0.9374,-1,-1,-1
542,146,1294.41,175.43,23.51,73.65,0.9174,-1,-1,-1
542,158,1037.58,158.17,31.82,76.99,0.9066,-1,-1,-1
542,144,989.32,368.52,33.8,90.41,0.8515,-1,-1,-1
543,257,1613.05,385.98,47.41,116.79,0.9751,-1,-1,-1
543,204,1469.18,530.29,56.97,132.15,0.9745,-1,-1,-1
543,197,1285.31,542.38,78.46,137.84,0.9742,-1,-1,-1
543,215,1646.46,676.54,77.5,165.4,0.9735,-1,-1,-1
543,192,235.08,558.75,55.79,145.2,0.9688,-1,-1,-1
543,140,601.09,355.11,39.51,121.94,0.9674,-1,-1,-1
543,286,1400.11,247.65,38.21,89.64,0.9671,-1,-1,-1
543,191,452.31,233.0,56.22,97.1,0.967,-1,-1,-1
543,294,1784.21,274.15,43.55,101.27,0.9593,-1,-1,-1
543,154,1344.54,230.12,32.34,94.61,0.9585,-1,-1,-1
543,209,1471.2,393.93,33.87,117.72,0.9569,-1,-1,-1
543,147,703.8,291.8,34.61,102.57,0.9533,-1,-1,-1
543,249,987.82,372.83,45.78,122.36,0.952,-1,-1,-1
543,175,1060.91,883.41,83.72,179.6,0.9487,-1,-1,-1
543,206,1766.12,246.26,45.93,97.47,0.9477,-1,-1,-1
543,146,1283.32,172.71,29.32,75.95,0.9412,-1,-1,-1
543,208,1824.73,287.3,33.15,107.76,0.9337,-1,-1,-1
543,158,1028.41,158.98,34.73,76.37,0.9328,-1,-1,-1
544,192,232.62,556.53,53.46,146.54,0.9777,-1,-1,-1
544,257,1614.52,387.3,44.64,116.94,0.9756,-1,-1,-1
544,204,1473.75,527.63,50.84,134.16,0.9744,-1,-1,-1
544,191,444.77,233.76,65.1,96.37,0.9735,-1,-1,-1
544,215,1649.08,676.48,77.43,165.02,0.9732,-1,-1,-1
544,197,1285.78,540.44,74.87,140.6,0.9728,-1,-1,-1
544,286,1397.72,248.65,38.54,88.3,0.9689,-1,-1,-1
544,140,596.59,352.88,38.76,121.99,0.9662,-1,-1,-1
544,175,1080.38,878.47,67.56,184.92,0.9654,-1,-1,-1
544,209,1468.02,394.9,36.9,115.03,0.9629,-1,-1,-1
544,147,698.87,291.15,34.62,97.56,0.9628,-1,-1,-1
544,294,1787.23,273.34,40.74,101.58,0.9623,-1,-1,-1
544,146,1271.05,165.34,35.98,83.33,0.9557,-1,-1,-1
544,206,1768.67,241.55,39.75,101.22,0.9468,-1,-1,-1
544,144,981.58,367.41,36.04,112.62,0.9412,-1,-1,-1
544,208,1822.92,286.79,32.41,107.82,0.9309,-1,-1,-1
544,158,1019.66,157.61,37.07,76.86,0.9233,-1,-1,-1
544,154,1340.64,229.41,31.51,92.84,0.8821,-1,-1,-1
544,249,995.16,382.58,37.68,112.42,0.8464,-1,-1,-1
545,215,1652.96,678.31,75.15,164.27,0.9769,-1,-1,-1
545,204,1471.74,525.76,52.99,135.26,0.9751,-1,-1,-1
545,192,227.93,555.65,51.99,148.31,0.9748,-1,-1,-1
545,209,1463.41,395.13,42.69,114.69,0.9728,-1,-1,-1
545,197,1284.37,539.92,73.92,140.4,0.9721,-1,-1,-1
545,140,590.71,350.18,38.93,123.39,0.9708,-1,-1,-1
545,257,1619.24,387.71,38.9,116.51,0.9702,-1,-1,-1
545,191,440.53,233.65,62.31,96.14,0.9699,-1,-1,-1
545,286,1395.68,249.79,38.2,87.53,0.9686,-1,-1,-1
545,146,1260.04,167.82,42.23,81.4,0.9681,-1,-1,-1
545,175,1081.04,879.49,68.8,183.24,0.9657,-1,-1,-1
545,154,1336.46,226.81,32.95,94.46,0.9585,-1,-1,-1
545,147,694.6,291.99,34.19,97.24,0.9563,-1,-1,-1
545,144,977.44,370.46,36.1,103.8,0.951,-1,-1,-1
545,294,1788.28,272.05,36.19,101.92,0.9492,-1,-1,-1
545,206,1769.45,237.8,37.61,102.1,0.9322,-1,-1,-1
545,208,1819.87,287.43,33.06,106.28,0.9314,-1,-1,-1
545,158,1012.9,160.29,34.53,74.5,0.9272,-1,-1,-1
545,249,997.88,385.64,37.05,110.87,0.9256,-1,-1,-1
545,300,1359.66,307.97,35.23,108.25,0.665,-1,-1,-1
546,215,1657.77,680.54,71.06,160.39,0.9804,-1,-1,-1
546,209,1459.82,395.54,47.23,115.32,0.975,-1,-1,-1
546,204,1469.67,525.35,54.66,135.59,0.9748,-1,-1,-1
546,192,220.4,556.71,58.26,147.83,0.9728,-1,-1,-1
546,257,1619.51,387.0,39.02,119.91,0.9727,-1,-1,-1
546,197,1288.57,538.94,68.07,140.88,0.9726,-1,-1,-1
546,191,437.3,233.64,57.49,97.03,0.9722,-1,-1,-1
546,286,1393.74,249.51,36.92,88.89,0.9701,-1,-1,-1
546,146,1250.31,171.03,46.81,77.96,0.9687,-1,-1,-1
546,140,584.25,349.89,40.31,126.06,0.9683,-1,-1,-1
546,175,1079.4,870.94,74.86,193.64,0.9634,-1,-1,-1
546,154,1326.7,225.66,39.47,95.26,0.9617,-1,-1,-1
546,147,688.71,291.99,35.19,97.76,0.9615,-1,-1,-1
546,249,996.1,378.0,38.52,117.71,0.9524,-1,-1,-1
546,208,1815.4,285.0,36.75,107.29,0.9505,-1,-1,-1
546,144,974.96,369.54,34.66,106.92,0.9483,-1,-1,-1
546,158,1004.39,161.37,37.19,73.66,0.9481,-1,-1,-1
546,294,1786.94,275.15,33.12,98.64,0.9289,-1,-1,-1
546,206,1767.34,241.26,37.55,99.4,0.8991,-1,-1,-1
547,192,213.16,557.45,68.64,149.15,0.9782,-1,-1,-1
547,257,1617.03,385.06,42.55,122.16,0.9765,-1,-1,-1
547,191,435.71,233.64,50.28,96.96,0.9754,-1,-1,-1
547,204,1468.54,525.25,55.78,134.95,0.9754,-1,-1,-1
547,215,1666.12,681.18,65.43,159.49,0.9752,-1,-1,-1
547,197,1295.67,538.93,59.83,141.03,0.9746,-1,-1,-1
547,209,1457.36,396.41,50.4,114.89,0.9745,-1,-1,-1
547,175,1081.35,876.25,84.29,186.65,0.9685,-1,-1,-1
547,208,1813.09,284.33,38.83,107.73,0.9635,-1,-1,-1
547,140,578.55,350.2,39.69,126.79,0.9632,-1,-1,-1
547,146,1240.12,174.96,53.46,74.32,0.9631,-1,-1,-1
547,154,1326.15,224.77,38.4,95.97,0.9605,-1,-1,-1
547,286,1392.57,248.32,36.3,90.07,0.9558,-1,-1,-1
547,147,683.98,293.02,35.95,96.94,0.9505,-1,-1,-1
547,144,972.65,367.22,35.04,115.23,0.9466,-1,-1,-1
547,249,997.46,373.19,35.87,122.86,0.9366,-1,-1,-1
547,206,1766.82,241.62,35.33,97.97,0.9348,-1,-1,-1
547,294,1786.6,276.88,32.62,98.31,0.9332,-1,-1,-1
547,158,997.74,164.72,36.7,70.91,0.9332,-1,-1,-1
547,300,1352.47,308.08,35.46,108.44,0.7413,-1,-1,-1
548,192,213.06,557.44,68.7,149.13,0.9782,-1,-1,-1
548,257,1617.02,385.05,42.56,122.18,0.9766,-1,-1,-1
548,191,435.71,233.64,50.3,96.97,0.9755,-1,-1,-1
548,204,1468.55,525.25,55.75,134.98,0.9754,-1,-1,-1
548,215,1666.08,681.33,65.45,159.28,0.975,-1,-1,-1
548,197,1295.7,538.92,59.78,141.09,0.9745,-1,-1,-1
548,209,1457.33,396.43,50.39,114.92,0.9744,-1,-1,-1
548,175,1081.34,876.24,84.41,186.64,0.9687,-1,-1,-1
548,146,1240.11,174.68,53.43,74.56,0.9634,-1,-1,-1
548,208,1813.07,284.33,38.8,107.73,0.9634,-1,-1,-1
548,140,578.58,350.19,39.66,126.85,0.9629,-1,-1,-1
548,154,1326.26,224.77,38.3,95.9,0.9609,-1,-1,-1
548,286,1392.56,248.33,36.29,90.07,0.9557,-1,-1,-1
548,147,683.96,293.0,35.99,96.95,0.9509,-1,-1,-1
548,144,972.65,367.22,35.14,115.52,0.9464,-1,-1,-1
548,249,997.45,373.24,35.79,122.83,0.9351,-1,-1,-1
548,158,997.68,164.3,36.76,71.29,0.9343,-1,-1,-1
548,206,1766.82,241.72,35.33,97.81,0.9343,-1,-1,-1
548,294,1786.61,276.86,32.59,98.31,0.9331,-1,-1,-1
548,300,1352.42,308.08,35.62,108.44,0.7605,-1,-1,-1
549,257,1612.83,384.89,47.89,121.85,0.9784,-1,-1,-1
549,197,1300.67,538.99,51.74,141.71,0.977,-1,-1,-1
549,204,1467.74,525.81,57.59,134.66,0.9769,-1,-1,-1
549,191,436.16,234.15,46.37,95.55,0.9754,-1,-1,-1
549,209,1454.44,397.44,53.18,114.78,0.9728,-1,-1,-1
549,215,1679.46,684.69,55.57,154.01,0.9709,-1,-1,-1
549,192,205.16,557.94,72.56,150.28,0.9699,-1,-1,-1
549,286,1390.41,245.4,37.71,92.14,0.9688,-1,-1,-1
549,140,572.53,350.27,42.54,126.31,0.9681,-1,-1,-1
549,249,996.17,371.53,38.0,123.27,0.9664,-1,-1,-1
549,208,1809.17,281.67,41.44,109.43,0.9661,-1,-1,-1
549,154,1325.48,224.63,38.27,95.06,0.9656,-1,-1,-1
549,175,1075.92,877.38,100.21,187.29,0.9642,-1,-1,-1
549,146,1232.9,172.37,56.66,77.52,0.9626,-1,-1,-1
549,144,970.51,365.79,35.34,117.37,0.9598,-1,-1,-1
549,147,679.43,293.3,35.46,98.17,0.9551,-1,-1,-1
549,206,1764.85,239.53,34.64,101.04,0.9215,-1,-1,-1
549,294,1782.1,277.08,37.88,99.03,0.9203,-1,-1,-1
549,158,990.24,162.69,35.83,72.91,0.8385,-1,-1,-1
549,300,1349.9,308.72,35.36,107.9,0.624,-1,-1,-1
550,197,1301.11,539.03,50.33,142.16,0.9773,-1,-1,-1
550,208,1804.83,280.0,45.03,111.69,0.977,-1,-1,-1
550,257,1611.17,384.26,52.49,122.14,0.9769,-1,-1,-1
550,215,1680.98,680.71,58.28,158.81,0.9766,-1,-1,-1
550,286,1387.67,243.36,38.95,94.6,0.9744,-1,-1,-1
550,204,1470.57,527.27,54.33,132.5,0.9739,-1,-1,-1
550,154,1321.3,224.34,41.94,94.17,0.9728,-1,-1,-1
550,249,995.34,371.02,38.86,119.96,0.9722,-1,-1,-1
550,209,1451.93,398.27,54.53,114.45,0.9712,-1,-1,-1
550,140,566.61,350.86,42.32,122.92,0.9693,-1,-1,-1
550,191,439.49,234.32,40.84,94.8,0.9688,-1,-1,-1
550,192,196.72,557.48,82.95,150.71,0.9672,-1,-1,-1
550,146,1228.73,169.61,55.62,81.0,0.9665,-1,-1,-1
550,147,674.95,291.03,34.47,100.17,0.9632,-1,-1,-1
550,175,1078.13,877.74,107.88,183.38,0.9565,-1,-1,-1
550,144,966.06,363.36,33.89,118.63,0.9539,-1,-1,-1
550,294,1778.34,277.77,38.21,98.36,0.935,-1,-1,-1
550,158,984.23,159.22,31.16,76.91,0.9092,-1,-1,-1
550,206,1764.62,237.2,31.04,97.44,0.8966,-1,-1,-1
550,300,1346.21,308.78,36.89,108.26,0.5701,-1,-1,-1
551,257,1609.84,383.8,60.45,124.22,0.9783,-1,-1,-1
551,215,1681.02,675.08,62.25,163.89,0.9766,-1,-1,-1
551,208,1800.76,279.14,47.35,113.83,0.9762,-1,-1,-1
551,197,1299.14,539.3,51.95,142.32,0.9753,-1,-1,-1
551,249,992.03,372.11,41.5,115.41,0.9747,-1,-1,-1
551,154,1317.79,225.39,43.79,92.08,0.9744,-1,-1,-1
551,204,1475.63,529.41,49.07,129.7,0.9736,-1,-1,-1
551,140,560.05,351.78,43.84,120.23,0.973,-1,-1,-1
551,192,184.91,558.43,93.25,151.26,0.9728,-1,-1,-1
551,209,1450.61,397.24,54.66,116.73,0.9721,-1,-1,-1
551,175,1087.32,879.34,95.57,182.32,0.9708,-1,-1,-1
551,286,1384.4,242.05,40.92,95.17,0.9705,-1,-1,-1
551,191,442.68,232.93,40.86,97.18,0.9663,-1,-1,-1
551,144,961.29,360.2,36.88,116.58,0.9618,-1,-1,-1
551,147,670.51,288.45,34.52,100.4,0.9596,-1,-1,-1
551,294,1773.09,274.14,41.69,103.36,0.9592,-1,-1,-1
551,146,1224.21,171.06,52.24,80.47,0.9584,-1,-1,-1
551,206,1761.29,244.56,31.73,91.41,0.88,-1,-1,-1
551,158,977.26,157.73,25.29,78.76,0.4345,-1,-1,-1
552,257,1610.21,383.81,62.91,125.06,0.9775,-1,-1,-1
552,249,990.14,371.75,42.78,113.79,0.9773,-1,-1,-1
552,208,1797.56,279.99,48.58,113.51,0.9756,-1,-1,-1
552,215,1680.64,672.12,64.08,166.35,0.9747,-1,-1,-1
552,192,179.02,559.28,96.43,151.9,0.9738,-1,-1,-1
552,286,1380.84,240.5,41.4,94.12,0.9728,-1,-1,-1
552,154,1312.41,228.9,47.84,88.24,0.9727,-1,-1,-1
552,204,1480.92,530.11,43.27,129.44,0.9726,-1,-1,-1
552,197,1295.91,540.59,54.43,142.73,0.9725,-1,-1,-1
552,209,1452.41,396.87,51.78,116.29,0.9725,-1,-1,-1
552,191,447.14,230.34,39.58,99.84,0.9681,-1,-1,-1
552,144,957.02,359.21,37.37,120.17,0.9635,-1,-1,-1
552,175,1099.82,878.96,81.01,185.19,0.9632,-1,-1,-1
552,294,1769.16,273.03,44.0,104.37,0.9626,-1,-1,-1
552,146,1217.72,170.05,50.21,80.12,0.9625,-1,-1,-1
552,140,554.94,351.56,40.72,119.44,0.9623,-1,-1,-1
552,147,666.41,286.77,33.38,102.85,0.9448,-1,-1,-1
552,206,1757.9,246.19,33.78,93.86,0.8608,-1,-1,-1
553,257,1611.06,385.43,59.43,123.24,0.9767,-1,-1,-1
553,286,1377.11,241.3,43.15,91.39,0.975,-1,-1,-1
553,215,1683.18,671.56,62.82,162.19,0.9733,-1,-1,-1
553,209,1454.26,396.43,47.86,114.16,0.973,-1,-1,-1
553,208,1796.84,282.15,46.97,110.49,0.9725,-1,-1,-1
553,249,990.73,372.29,41.21,114.08,0.9723,-1,-1,-1
553,197,1293.57,541.55,58.08,142.6,0.9716,-1,-1,-1
553,192,174.68,559.8,95.12,151.36,0.9712,-1,-1,-1
553,154,1305.9,231.12,53.23,87.63,0.9709,-1,-1,-1
553,140,549.32,350.93,40.78,120.56,0.9685,-1,-1,-1
553,204,1482.77,529.77,40.59,129.3,0.9676,-1,-1,-1
553,191,447.31,230.18,39.15,100.42,0.967,-1,-1,-1
553,175,1109.95,883.12,74.41,178.9,0.964,-1,-1,-1
553,146,1207.56,167.42,49.67,81.74,0.9638,-1,-1,-1
553,294,1765.59,274.27,45.89,105.68,0.9581,-1,-1,-1
553,144,952.75,358.78,38.05,114.46,0.9554,-1,-1,-1
553,147,661.25,283.85,35.37,104.2,0.9515,-1,-1,-1
553,206,1753.28,248.94,36.2,97.27,0.906,-1,-1,-1
553,158,963.53,155.69,24.67,80.63,0.7662,-1,-1,-1
554,257,1610.98,385.43,59.51,123.31,0.9768,-1,-1,-1
554,286,1377.11,241.3,43.15,91.39,0.975,-1,-1,-1
554,215,1683.17,671.52,62.84,162.23,0.9732,-1,-1,-1
554,209,1454.25,396.42,47.94,114.16,0.973,-1,-1,-1
554,208,1796.79,282.14,47.01,110.48,0.9726,-1,-1,-1
554,249,990.71,372.28,41.21,114.08,0.9723,-1,-1,-1
554,197,1293.58,541.51,58.05,142.65,0.9716,-1,-1,-1
554,192,174.67,559.84,95.13,151.32,0.9713,-1,-1,-1
554,154,1305.9,231.11,53.23,87.65,0.971,-1,-1,-1
554,140,549.32,350.94,40.76,120.57,0.9685,-1,-1,-1
554,204,1482.76,529.8,40.6,129.3,0.9677,-1,-1,-1
554,191,447.31,230.14,39.15,100.48,0.967,-1,-1,-1
554,175,1109.94,883.07,74.41,178.92,0.964,-1,-1,-1
554,146,1207.55,167.41,49.69,81.76,0.9639,-1,-1,-1
554,294,1765.58,274.31,45.86,105.63,0.9581,-1,-1,-1
554,144,952.76,358.75,38.04,114.45,0.9549,-1,-1,-1
554,147,661.24,283.86,35.4,104.24,0.9517,-1,-1,-1
554,206,1753.28,249.17,36.23,97.04,0.9048,-1,-1,-1
554,158,963.16,154.93,25.25,81.97,0.7729,-1,-1,-1
555,197,1290.81,542.76,65.37,143.19,0.977,-1,-1,-1
555,215,1689.27,675.28,60.93,158.01,0.975,-1,-1,-1
555,208,1796.33,280.91,45.81,110.76,0.9748,-1,-1,-1
555,286,1373.89,242.95,45.42,89.8,0.9741,-1,-1,-1
555,257,1614.79,386.64,54.6,121.56,0.9725,-1,-1,-1
555,204,1482.28,528.95,42.78,131.41,0.9716,-1,-1,-1
555,209,1456.62,395.76,41.94,114.19,0.9716,-1,-1,-1
555,140,544.07,349.33,39.48,121.62,0.9701,-1,-1,-1
555,191,443.61,228.87,41.7,101.56,0.9687,-1,-1,-1
555,144,947.49,359.64,39.64,113.51,0.9686,-1,-1,-1
555,175,1125.07,883.07,64.43,181.07,0.9683,-1,-1,-1
555,154,1300.56,236.29,54.98,80.94,0.9665,-1,-1,-1
555,249,989.27,371.47,39.06,114.56,0.9661,-1,-1,-1
555,294,1761.29,275.47,48.87,102.02,0.9609,-1,-1,-1
555,192,170.86,561.65,92.04,149.57,0.9537,-1,-1,-1
555,146,1206.79,171.01,39.14,78.04,0.9524,-1,-1,-1
555,147,657.07,283.83,35.81,100.12,0.9486,-1,-1,-1
555,206,1749.58,248.62,39.16,97.43,0.9153,-1,-1,-1
555,158,953.13,157.25,28.93,79.56,0.863,-1,-1,-1
556,204,1480.21,525.22,46.64,134.86,0.9786,-1,-1,-1
556,197,1290.09,543.4,67.49,142.89,0.9771,-1,-1,-1
556,192,167.16,558.85,90.92,152.1,0.977,-1,-1,-1
556,257,1621.6,386.78,48.4,121.33,0.9759,-1,-1,-1
556,191,440.17,228.74,43.98,100.83,0.9738,-1,-1,-1
556,286,1372.11,244.97,44.77,86.32,0.9722,-1,-1,-1
556,208,1797.55,280.41,42.82,110.46,0.9719,-1,-1,-1
556,209,1458.83,395.46,38.51,115.09,0.971,-1,-1,-1
556,140,540.12,347.18,38.94,124.01,0.9708,-1,-1,-1
556,249,990.72,369.52,39.53,116.82,0.9702,-1,-1,-1
556,144,942.38,361.54,40.76,110.3,0.9681,-1,-1,-1
556,154,1295.61,240.03,57.37,76.39,0.9677,-1,-1,-1
556,175,1135.07,880.01,61.39,185.67,0.9657,-1,-1,-1
556,294,1756.95,278.55,50.13,100.7,0.9639,-1,-1,-1
556,147,653.28,284.0,34.63,97.45,0.9494,-1,-1,-1
556,206,1746.79,255.93,38.81,85.36,0.9241,-1,-1,-1
556,146,1194.42,165.48,37.13,84.08,0.9212,-1,-1,-1
556,215,1701.01,677.47,52.32,157.7,0.9151,-1,-1,-1
556,158,942.15,157.08,35.04,80.84,0.8412,-1,-1,-1
557,192,164.83,557.95,85.81,154.68,0.9788,-1,-1,-1
557,257,1623.64,386.24,47.67,123.49,0.9781,-1,-1,-1
557,204,1478.27,523.83,49.67,136.15,0.9771,-1,-1,-1
557,197,1289.21,543.4,68.3,142.14,0.9767,-1,-1,-1
557,144,936.79,361.27,41.93,108.38,0.9745,-1,-1,-1
557,191,438.07,230.07,44.23,97.79,0.9732,-1,-1,-1
557,249,991.71,365.8,38.21,119.47,0.97,-1,-1,-1
557,286,1367.88,246.43,44.77,84.88,0.9691,-1,-1,-1
557,209,1459.51,394.21,37.67,118.33,0.9672,-1,-1,-1
557,140,535.2,345.54,38.25,123.59,0.9657,-1,-1,-1
557,208,1800.62,279.97,37.34,108.7,0.9641,-1,-1,-1
557,294,1754.46,279.77,52.26,99.07,0.9635,-1,-1,-1
557,175,1130.17,879.24,74.53,185.9,0.961,-1,-1,-1
557,147,649.3,284.64,35.83,96.92,0.9609,-1,-1,-1
557,215,1702.05,677.9,56.43,153.61,0.9596,-1,-1,-1
557,154,1290.45,241.06,55.61,73.57,0.9483,-1,-1,-1
557,158,932.95,157.11,38.91,80.01,0.9313,-1,-1,-1
557,206,1740.06,250.75,47.05,93.56,0.9223,-1,-1,-1
557,146,1188.07,165.03,31.22,84.17,0.8841,-1,-1,-1
558,204,1475.71,522.75,57.33,135.43,0.9763,-1,-1,-1
558,215,1702.52,678.75,61.7,156.78,0.9756,-1,-1,-1
558,197,1290.05,543.45,64.28,142.19,0.9754,-1,-1,-1
558,257,1628.77,384.44,43.96,123.09,0.9752,-1,-1,-1
558,209,1458.8,395.35,38.18,115.79,0.9708,-1,-1,-1
558,144,935.14,360.56,39.4,109.49,0.9707,-1,-1,-1
558,140,529.64,345.17,39.06,124.29,0.9702,-1,-1,-1
558,294,1754.0,278.5,52.7,101.03,0.9701,-1,-1,-1
558,192,164.0,558.61,78.92,152.95,0.9695,-1,-1,-1
558,175,1128.58,878.59,90.71,188.76,0.968,-1,-1,-1
558,191,438.55,231.16,40.85,95.78,0.9666,-1,-1,-1
558,158,925.3,157.42,42.27,80.24,0.9665,-1,-1,-1
558,286,1366.17,248.23,42.67,82.8,0.9642,-1,-1,-1
558,147,645.73,285.55,36.8,94.01,0.9616,-1,-1,-1
558,249,992.26,361.9,36.21,128.76,0.957,-1,-1,-1
558,154,1287.11,242.06,59.25,75.86,0.9531,-1,-1,-1
558,208,1799.53,276.32,35.92,111.65,0.9519,-1,-1,-1
558,206,1739.86,245.26,44.06,98.93,0.9509,-1,-1,-1
558,146,1179.92,161.85,29.05,89.59,0.7641,-1,-1,-1
559,209,1456.84,394.08,47.16,117.85,0.9782,-1,-1,-1
559,204,1476.01,522.28,60.17,134.26,0.9773,-1,-1,-1
559,215,1699.98,674.35,69.6,163.45,0.9768,-1,-1,-1
559,192,163.71,557.36,73.05,153.8,0.9738,-1,-1,-1
559,144,932.22,357.2,37.45,112.35,0.9703,-1,-1,-1
559,257,1631.45,381.93,42.55,126.75,0.9703,-1,-1,-1
559,140,525.54,345.27,39.52,124.21,0.9698,-1,-1,-1
559,249,990.34,361.45,38.54,125.19,0.9691,-1,-1,-1
559,197,1291.77,542.39,60.41,142.23,0.9687,-1,-1,-1
559,294,1752.97,277.7,54.96,103.92,0.9679,-1,-1,-1
559,286,1358.99,242.68,45.99,87.22,0.9653,-1,-1,-1
559,154,1280.15,241.74,60.03,75.72,0.963,-1,-1,-1
559,158,918.23,157.87,44.71,79.2,0.9623,-1,-1,-1
559,206,1737.93,242.14,43.61,102.46,0.9587,-1,-1,-1
559,147,641.8,284.66,36.28,96.45,0.9498,-1,-1,-1
559,175,1124.77,877.21,113.03,188.0,0.9476,-1,-1,-1
559,208,1798.31,274.15,34.07,112.41,0.9467,-1,-1,-1
559,191,441.04,232.81,34.3,93.97,0.9455,-1,-1,-1
559,146,1173.82,166.99,25.97,81.86,0.7864,-1,-1,-1
560,209,1456.85,394.06,47.13,117.85,0.9782,-1,-1,-1
560,204,1476.04,522.27,60.14,134.31,0.9773,-1,-1,-1
560,215,1699.84,674.24,69.65,163.65,0.9768,-1,-1,-1
560,192,163.87,557.08,73.04,153.91,0.9738,-1,-1,-1
560,144,932.23,357.19,37.44,112.56,0.9704,-1,-1,-1
560,257,1631.45,381.94,42.57,126.74,0.9703,-1,-1,-1
560,140,525.53,345.26,39.52,124.22,0.9697,-1,-1,-1
560,249,990.39,361.47,38.52,125.31,0.9692,-1,-1,-1
560,197,1291.77,542.4,60.4,142.41,0.9685,-1,-1,-1
560,294,1752.96,277.73,55.07,103.98,0.9678,-1,-1,-1
560,286,1359.0,242.66,46.01,87.2,0.9651,-1,-1,-1
560,154,1280.13,241.74,60.06,75.73,0.9632,-1,-1,-1
560,158,918.27,157.93,44.68,79.13,0.9622,-1,-1,-1
560,206,1738.0,242.1,43.55,102.44,0.9587,-1,-1,-1
560,147,641.86,284.6,36.65,96.13,0.9501,-1,-1,-1
560,175,1124.83,877.19,113.02,188.03,0.9476,-1,-1,-1
560,208,1798.32,274.15,34.08,112.47,0.9466,-1,-1,-1
560,191,441.02,232.83,34.23,93.92,0.9459,-1,-1,-1
560,146,1174.34,166.2,25.8,82.47,0.7854,-1,-1,-1
561,215,1696.99,670.47,78.65,166.06,0.9773,-1,-1,-1
561,204,1475.07,523.2,62.2,132.23,0.9768,-1,-1,-1
561,192,163.57,557.05,67.51,150.45,0.9765,-1,-1,-1
561,209,1454.6,395.0,51.98,116.17,0.9748,-1,-1,-1
561,249,989.64,360.49,41.71,121.55,0.9746,-1,-1,-1
561,197,1294.52,540.84,56.15,140.7,0.9724,-1,-1,-1
561,140,520.1,346.22,39.98,124.34,0.9703,-1,-1,-1
561,154,1271.78,239.75,63.05,78.13,0.9684,-1,-1,-1
561,286,1354.93,240.5,45.1,88.98,0.968,-1,-1,-1
561,257,1632.03,380.26,42.87,127.64,0.9659,-1,-1,-1
561,144,928.59,354.38,37.22,116.39,0.9645,-1,-1,-1
561,147,638.85,282.5,35.29,98.52,0.9624,-1,-1,-1
561,206,1737.36,241.64,42.21,102.26,0.9612,-1,-1,-1
561,294,1753.96,275.33,53.33,103.51,0.9594,-1,-1,-1
561,191,444.98,232.02,30.12,94.15,0.9531,-1,-1,-1
561,158,914.48,159.71,43.01,76.67,0.9468,-1,-1,-1
561,208,1793.91,273.69,35.63,111.87,0.9427,-1,-1,-1
561,175,1130.23,883.27,117.72,181.83,0.9157,-1,-1,-1
561,146,1165.8,164.82,25.07,84.45,0.8424,-1,-1,-1
562,249,987.44,360.91,45.56,118.04,0.9791,-1,-1,-1
562,215,1696.21,668.77,86.71,164.18,0.9778,-1,-1,-1
562,197,1297.0,539.63,54.02,140.13,0.9736,-1,-1,-1
562,204,1477.03,523.69,62.51,131.05,0.9735,-1,-1,-1
562,209,1450.04,394.75,59.24,116.84,0.9731,-1,-1,-1
562,140,515.56,346.5,41.51,119.97,0.9716,-1,-1,-1
562,192,160.61,556.97,61.91,149.25,0.9671,-1,-1,-1
562,257,1631.77,380.13,44.9,127.82,0.9661,-1,-1,-1
562,286,1350.42,240.13,46.84,88.18,0.9649,-1,-1,-1
562,154,1259.93,239.7,62.95,78.14,0.9635,-1,-1,-1
562,144,925.15,351.36,36.61,119.0,0.9623,-1,-1,-1
562,294,1753.34,272.42,55.63,104.83,0.9594,-1,-1,-1
562,191,444.41,230.26,31.52,97.33,0.9585,-1,-1,-1
562,206,1737.8,237.9,39.64,103.07,0.9568,-1,-1,-1
562,158,909.49,157.1,41.54,78.75,0.9528,-1,-1,-1
562,147,635.1,279.71,34.49,101.96,0.9429,-1,-1,-1
562,208,1791.95,274.49,34.71,110.69,0.9395,-1,-1,-1
562,175,1127.1,879.7,125.75,188.08,0.9235,-1,-1,-1
562,146,1158.07,170.22,24.81,78.69,0.8706,-1,-1,-1
563,249,986.84,361.52,46.9,113.03,0.9768,-1,-1,-1
563,140,508.43,346.85,46.57,118.27,0.9761,-1,-1,-1
563,192,156.45,556.12,59.04,149.37,0.9759,-1,-1,-1
563,215,1699.02,668.64,91.76,162.06,0.9754,-1,-1,-1
563,197,1299.95,538.05,51.76,141.39,0.9752,-1,-1,-1
563,209,1447.28,394.45,60.14,117.27,0.9746,-1,-1,-1
563,257,1631.58,380.06,45.82,127.64,0.9679,-1,-1,-1
563,191,440.96,229.48,35.72,97.93,0.9671,-1,-1,-1
563,154,1244.95,239.3,63.39,78.7,0.9658,-1,-1,-1
563,286,1346.21,240.21,48.6,87.65,0.9635,-1,-1,-1
563,144,921.98,349.59,35.61,121.54,0.9597,-1,-1,-1
563,206,1735.82,237.32,39.87,102.83,0.9548,-1,-1,-1
563,208,1789.01,274.06,36.99,108.48,0.9521,-1,-1,-1
563,147,630.28,276.25,34.0,105.57,0.951,-1,-1,-1
563,294,1752.42,271.39,54.33,104.59,0.9505,-1,-1,-1
563,158,904.55,155.47,37.75,81.01,0.95,-1,-1,-1
563,175,1134.52,882.38,113.06,185.9,0.9383,-1,-1,-1
563,204,1480.49,524.68,61.08,129.16,0.9382,-1,-1,-1
563,146,1145.16,164.2,29.7,84.74,0.9309,-1,-1,-1
564,215,1703.6,669.62,92.25,160.39,0.9809,-1,-1,-1
564,197,1303.81,537.61,48.76,141.64,0.9782,-1,-1,-1
564,249,988.39,362.03,45.12,111.76,0.9753,-1,-1,-1
564,192,154.01,556.32,53.22,149.56,0.9739,-1,-1,-1
564,209,1444.71,394.57,60.41,116.78,0.9738,-1,-1,-1
564,140,504.8,345.44,45.64,119.14,0.9732,-1,-1,-1
564,175,1147.58,882.43,92.86,188.76,0.9731,-1,-1,-1
564,204,1487.19,523.64,56.74,130.77,0.9718,-1,-1,-1
564,191,438.22,229.09,41.33,98.93,0.9701,-1,-1,-1
564,208,1788.34,274.56,39.78,107.1,0.9686,-1,-1,-1
564,154,1236.06,238.07,57.3,79.28,0.9661,-1,-1,-1
564,144,917.27,349.54,37.63,117.9,0.9589,-1,-1,-1
564,294,1752.26,271.72,51.11,103.9,0.9589,-1,-1,-1
564,146,1131.99,163.75,38.01,85.78,0.9565,-1,-1,-1
564,147,625.87,274.24,34.16,104.62,0.9491,-1,-1,-1
564,158,899.6,153.37,35.17,83.08,0.946,-1,-1,-1
564,257,1631.85,381.02,46.56,126.15,0.9439,-1,-1,-1
564,206,1736.42,236.38,37.36,101.06,0.9337,-1,-1,-1
564,286,1347.04,250.58,44.08,74.36,0.9072,-1,-1,-1
564,300,1313.97,305.35,45.46,109.88,0.8017,-1,-1,-1
565,197,1305.39,537.72,48.36,142.89,0.9791,-1,-1,-1
565,192,150.76,557.02,50.6,148.96,0.9759,-1,-1,-1
565,215,1708.63,670.5,86.7,163.97,0.9759,-1,-1,-1
565,140,501.01,343.24,43.57,121.82,0.9757,-1,-1,-1
565,191,434.92,227.94,49.36,99.91,0.9753,-1,-1,-1
565,209,1443.64,394.51,59.54,117.09,0.9743,-1,-1,-1
565,249,990.74,360.95,43.57,113.04,0.9733,-1,-1,-1
565,204,1493.61,522.28,51.1,131.93,0.9727,-1,-1,-1
565,154,1228.38,235.86,57.23,79.15,0.9719,-1,-1,-1
565,146,1121.18,167.39,43.94,81.76,0.9695,-1,-1,-1
565,144,913.38,351.26,38.33,114.05,0.9694,-1,-1,-1
565,208,1786.52,275.73,41.51,106.31,0.9691,-1,-1,-1
565,147,621.26,273.55,33.72,99.67,0.953,-1,-1,-1
565,175,1156.97,880.89,86.19,190.81,0.9513,-1,-1,-1
565,257,1632.9,382.06,45.14,124.31,0.9369,-1,-1,-1
565,206,1731.95,237.13,38.69,101.42,0.9236,-1,-1,-1
565,286,1342.12,251.47,45.95,72.03,0.9163,-1,-1,-1
565,300,1311.01,305.19,47.38,110.69,0.9161,-1,-1,-1
565,294,1753.0,271.07,46.83,104.8,0.8907,-1,-1,-1
565,301,1332.46,241.24,23.9,51.29,0.8713,-1,-1,-1
565,158,895.81,157.12,27.48,78.55,0.5459,-1,-1,-1
566,197,1305.39,537.7,48.37,142.87,0.9791,-1,-1,-1
566,215,1708.6,670.61,86.77,163.79,0.976,-1,-1,-1
566,140,501.03,343.23,43.58,121.84,0.9758,-1,-1,-1
566,192,150.75,557.03,50.62,148.95,0.9758,-1,-1,-1
566,191,434.93,227.89,49.34,99.93,0.9752,-1,-1,-1
566,209,1443.68,394.51,59.39,117.11,0.9743,-1,-1,-1
566,249,990.78,360.95,43.46,113.09,0.9732,-1,-1,-1
566,204,1493.65,522.25,51.18,131.93,0.9728,-1,-1,-1
566,154,1228.1,235.82,57.53,79.11,0.9721,-1,-1,-1
566,144,913.32,351.23,38.43,114.16,0.97,-1,-1,-1
566,146,1121.22,167.81,43.89,81.32,0.9697,-1,-1,-1
566,208,1786.49,275.72,41.52,106.35,0.9691,-1,-1,-1
566,147,621.24,273.58,33.72,99.69,0.9529,-1,-1,-1
566,175,1157.03,880.9,86.26,190.79,0.9518,-1,-1,-1
566,257,1632.9,382.05,45.16,124.34,0.9374,-1,-1,-1
566,206,1731.86,237.19,38.74,101.48,0.9239,-1,-1,-1
566,286,1341.81,250.6,46.35,73.04,0.9186,-1,-1,-1
566,300,1311.02,305.2,47.38,110.69,0.9119,-1,-1,-1
566,294,1752.87,270.95,46.79,104.84,0.8919,-1,-1,-1
566,301,1332.45,241.18,23.96,51.41,0.8641,-1,-1,-1
566,158,895.8,157.03,27.45,78.66,0.5818,-1,-1,-1
567,215,1715.86,671.92,83.56,160.7,0.977,-1,-1,-1
567,197,1304.55,538.13,56.0,141.99,0.9765,-1,-1,-1
567,192,146.43,556.71,51.3,150.36,0.9758,-1,-1,-1
567,191,434.97,228.31,49.7,99.98,0.9753,-1,-1,-1
567,209,1445.76,394.14,53.64,117.23,0.9751,-1,-1,-1
567,204,1494.89,519.26,50.49,134.1,0.9741,-1,-1,-1
567,208,1782.41,275.68,44.13,106.54,0.9731,-1,-1,-1
567,140,496.65,340.54,43.08,124.49,0.9728,-1,-1,-1
567,144,908.99,352.25,39.68,111.51,0.9716,-1,-1,-1
567,249,990.88,357.71,42.19,115.79,0.9694,-1,-1,-1
567,154,1221.95,234.14,58.22,83.51,0.968,-1,-1,-1
567,146,1116.17,166.58,43.76,81.69,0.9666,-1,-1,-1
567,294,1750.4,272.47,45.12,101.87,0.9621,-1,-1,-1
567,175,1175.09,879.64,67.72,189.91,0.9589,-1,-1,-1
567,257,1633.19,382.81,43.18,122.84,0.9579,-1,-1,-1
567,206,1727.03,241.96,40.48,101.35,0.9566,-1,-1,-1
567,147,615.87,273.85,35.43,96.94,0.9563,-1,-1,-1
567,286,1329.74,243.15,55.36,79.32,0.9328,-1,-1,-1
567,158,889.41,156.71,26.19,79.34,0.8928,-1,-1,-1
567,300,1307.75,306.31,47.1,109.47,0.6152,-1,-1,-1
568,215,1729.12,671.21,72.92,161.51,0.978,-1,-1,-1
568,209,1448.5,393.62,49.14,116.8,0.9765,-1,-1,-1
568,197,1303.17,538.4,67.54,141.65,0.9761,-1,-1,-1
568,208,1779.42,275.39,45.09,106.5,0.975,-1,-1,-1
568,204,1495.59,517.29,50.06,134.92,0.9746,-1,-1,-1
568,191,436.58,230.48,43.98,97.24,0.9735,-1,-1,-1
568,192,142.08,556.59,54.79,151.93,0.9727,-1,-1,-1
568,140,492.36,339.48,42.04,123.66,0.9726,-1,-1,-1
568,144,905.72,351.24,39.28,111.55,0.9724,-1,-1,-1
568,154,1213.47,232.36,57.64,84.95,0.9709,-1,-1,-1
568,294,1745.65,272.08,43.36,101.97,0.9701,-1,-1,-1
568,146,1112.06,166.31,42.64,82.49,0.9699,-1,-1,-1
568,257,1632.61,383.97,42.48,120.95,0.9694,-1,-1,-1
568,249,987.62,354.0,39.08,117.86,0.9622,-1,-1,-1
568,175,1188.32,877.1,57.52,187.78,0.9616,-1,-1,-1
568,286,1321.56,244.81,57.99,77.23,0.9575,-1,-1,-1
568,147,611.95,273.9,35.54,96.78,0.9544,-1,-1,-1
568,206,1724.36,246.84,41.06,98.0,0.8566,-1,-1,-1
568,158,882.51,155.71,25.74,80.39,0.8142,-1,-1,-1
568,300,1305.05,306.27,46.33,109.45,0.4176,-1,-1,-1
569,197,1299.91,538.46,74.62,142.14,0.9781,-1,-1,-1
569,204,1497.7,515.11,48.16,136.91,0.977,-1,-1,-1
569,209,1451.91,392.98,44.8,117.39,0.9764,-1,-1,-1
569,140,487.35,337.81,43.72,124.83,0.9755,-1,-1,-1
569,215,1741.51,667.86,63.87,164.34,0.9746,-1,-1,-1
569,144,902.92,349.85,37.72,112.57,0.9705,-1,-1,-1
569,208,1776.86,275.13,43.84,106.54,0.9701,-1,-1,-1
569,257,1632.81,383.41,42.47,121.93,0.9694,-1,-1,-1
569,294,1740.36,273.74,44.63,101.34,0.9673,-1,-1,-1
569,191,440.49,231.72,39.7,96.21,0.9651,-1,-1,-1
569,154,1204.76,231.45,55.77,86.82,0.9638,-1,-1,-1
569,192,138.01,558.0,58.07,151.15,0.9625,-1,-1,-1
569,249,986.8,351.07,36.67,120.43,0.9613,-1,-1,-1
569,146,1107.56,166.19,40.64,82.42,0.9605,-1,-1,-1
569,175,1191.23,875.63,58.3,186.97,0.9601,-1,-1,-1
569,147,606.32,274.92,36.38,96.43,0.9383,-1,-1,-1
569,286,1318.14,246.04,49.44,74.51,0.9287,-1,-1,-1
569,206,1722.28,245.58,39.87,95.1,0.7935,-1,-1,-1
569,158,872.37,159.32,27.98,77.31,0.596,-1,-1,-1
570,204,1497.09,514.48,51.1,136.15,0.9778,-1,-1,-1
570,192,134.01,557.02,54.92,151.41,0.9756,-1,-1,-1
570,197,1296.21,538.3,77.37,142.56,0.9756,-1,-1,-1
570,209,1455.84,392.57,41.14,117.42,0.9716,-1,-1,-1
570,144,899.49,347.7,37.57,113.61,0.9697,-1,-1,-1
570,215,1755.65,663.96,51.82,166.61,0.969,-1,-1,-1
570,249,984.58,349.25,37.67,122.5,0.9679,-1,-1,-1
570,294,1737.6,274.86,46.01,100.52,0.9675,-1,-1,-1
570,257,1633.25,382.59,42.02,121.73,0.9664,-1,-1,-1
570,146,1101.57,166.26,40.15,82.82,0.9644,-1,-1,-1
570,208,1775.83,275.87,41.82,105.13,0.9641,-1,-1,-1
570,140,482.32,337.46,42.03,124.46,0.9611,-1,-1,-1
570,147,602.8,274.41,34.37,96.35,0.96,-1,-1,-1
570,175,1192.75,871.81,66.06,191.63,0.9505,-1,-1,-1
570,154,1196.38,232.62,43.95,85.64,0.9494,-1,-1,-1
570,191,444.72,230.06,35.66,97.08,0.9489,-1,-1,-1
570,206,1715.76,244.47,40.66,99.62,0.9466,-1,-1,-1
570,286,1307.18,244.76,50.33,74.15,0.9385,-1,-1,-1
571,204,1496.87,515.04,52.71,134.02,0.9768,-1,-1,-1
571,192,129.93,557.28,53.0,151.65,0.9748,-1,-1,-1
571,140,476.96,336.91,43.12,124.44,0.9732,-1,-1,-1
571,197,1292.73,538.36,76.55,143.54,0.9714,-1,-1,-1
571,215,1760.14,658.72,51.83,171.59,0.9703,-1,-1,-1
571,209,1458.28,392.29,39.54,117.4,0.9699,-1,-1,-1
571,249,982.94,347.29,37.81,119.2,0.9697,-1,-1,-1
571,144,895.0,343.73,37.69,119.53,0.969,-1,-1,-1
571,208,1771.46,275.85,41.57,104.84,0.9649,-1,-1,-1
571,294,1731.27,275.28,48.8,99.27,0.962,-1,-1,-1
571,154,1187.7,233.17,37.45,85.06,0.9608,-1,-1,-1
571,147,598.7,270.81,33.7,99.64,0.9561,-1,-1,-1
571,257,1633.79,381.25,42.92,124.74,0.9531,-1,-1,-1
571,191,448.39,228.39,32.94,99.78,0.9531,-1,-1,-1
571,175,1193.87,871.24,78.03,195.83,0.9515,-1,-1,-1
571,286,1296.74,242.5,48.86,74.06,0.9435,-1,-1,-1
571,206,1711.79,245.72,40.51,98.45,0.9389,-1,-1,-1
571,146,1098.22,165.54,33.73,83.49,0.9315,-1,-1,-1
571,158,853.26,155.46,34.19,79.78,0.7293,-1,-1,-1
572,204,1496.89,515.03,52.71,134.02,0.9768,-1,-1,-1
572,192,129.94,557.28,52.99,151.7,0.9748,-1,-1,-1
572,140,476.99,336.92,43.03,124.5,0.9731,-1,-1,-1
572,197,1292.7,538.36,76.59,143.55,0.9715,-1,-1,-1
572,215,1760.13,658.67,51.84,171.57,0.9703,-1,-1,-1
572,209,1458.25,392.25,39.57,117.43,0.9699,-1,-1,-1
572,249,982.99,347.28,37.76,119.2,0.9696,-1,-1,-1
572,144,895.0,343.77,37.68,119.37,0.9689,-1,-1,-1
572,208,1771.46,275.96,41.55,104.78,0.9647,-1,-1,-1
572,154,1187.63,233.12,37.67,85.2,0.9619,-1,-1,-1
572,294,1731.26,275.32,48.82,99.32,0.9618,-1,-1,-1
572,147,598.66,270.87,33.73,99.57,0.9561,-1,-1,-1
572,257,1633.76,381.18,42.92,124.79,0.9547,-1,-1,-1
572,191,448.29,228.48,33.0,99.71,0.9522,-1,-1,-1
572,175,1193.87,871.16,78.18,195.89,0.9511,-1,-1,-1
572,286,1296.93,242.5,48.75,74.01,0.9436,-1,-1,-1
572,206,1711.75,245.74,40.53,98.45,0.9392,-1,-1,-1
572,146,1098.27,165.71,33.87,83.3,0.9286,-1,-1,-1
572,158,853.27,155.57,34.18,79.64,0.7353,-1,-1,-1
573,204,1499.03,516.28,50.8,130.73,0.9774,-1,-1,-1
573,192,126.12,557.81,52.34,150.73,0.9763,-1,-1,-1
573,197,1293.05,538.57,73.89,143.33,0.9736,-1,-1,-1
573,140,471.23,337.28,42.42,125.92,0.9723,-1,-1,-1
573,249,979.85,346.92,39.31,117.36,0.9711,-1,-1,-1
573,257,1634.12,379.73,45.38,126.21,0.9703,-1,-1,-1
573,154,1177.38,234.23,39.52,83.37,0.9701,-1,-1,-1
573,215,1762.08,656.83,53.35,172.85,0.9698,-1,-1,-1
573,208,1767.31,275.95,42.18,103.29,0.9693,-1,-1,-1
573,209,1457.81,392.11,40.58,118.18,0.9679,-1,-1,-1
573,144,890.09,340.94,36.89,119.62,0.9677,-1,-1,-1
573,175,1190.14,875.39,99.33,196.9,0.9647,-1,-1,-1
573,191,445.46,227.35,36.57,100.33,0.9631,-1,-1,-1
573,286,1290.48,239.75,51.49,77.98,0.9523,-1,-1,-1
573,147,593.99,268.68,33.67,101.36,0.9492,-1,-1,-1
573,294,1729.27,275.79,43.09,97.96,0.9361,-1,-1,-1
573,206,1707.41,242.4,41.07,100.31,0.9357,-1,-1,-1
573,146,1091.59,164.36,30.84,83.54,0.8872,-1,-1,-1
573,158,846.9,153.64,36.53,82.59,0.8413,-1,-1,-1
574,197,1294.07,538.45,69.64,143.4,0.9768,-1,-1,-1
574,192,122.61,555.98,51.29,152.23,0.9765,-1,-1,-1
574,257,1632.38,378.64,52.22,126.61,0.9761,-1,-1,-1
574,204,1502.42,516.51,46.95,129.24,0.9752,-1,-1,-1
574,208,1764.77,274.99,42.33,103.82,0.975,-1,-1,-1
574,140,464.46,337.67,44.03,123.99,0.9746,-1,-1,-1
574,191,444.26,227.75,40.24,100.02,0.9713,-1,-1,-1
574,249,977.57,347.34,38.74,115.06,0.9708,-1,-1,-1
574,215,1763.44,658.25,55.43,169.06,0.9705,-1,-1,-1
574,144,885.03,341.04,37.23,119.72,0.9698,-1,-1,-1
574,209,1456.59,391.95,41.82,117.09,0.9689,-1,-1,-1
574,154,1165.59,233.79,46.91,83.16,0.9676,-1,-1,-1
574,175,1187.03,879.2,113.13,193.66,0.9644,-1,-1,-1
574,294,1728.52,273.12,40.86,99.4,0.9539,-1,-1,-1
574,147,589.16,265.45,34.96,103.37,0.952,-1,-1,-1
574,206,1701.71,245.35,43.55,97.12,0.9414,-1,-1,-1
574,158,839.72,155.74,38.85,81.16,0.9283,-1,-1,-1
574,286,1276.74,238.57,56.67,77.18,0.9274,-1,-1,-1
574,146,1086.48,176.61,27.21,69.94,0.8415,-1,-1,-1
575,197,1296.04,536.88,64.57,141.7,0.978,-1,-1,-1
575,208,1761.02,272.79,41.87,106.48,0.9753,-1,-1,-1
575,257,1630.3,378.06,55.44,126.26,0.975,-1,-1,-1
575,209,1454.34,392.38,44.59,117.23,0.973,-1,-1,-1
575,249,974.5,348.21,39.34,112.81,0.9726,-1,-1,-1
575,204,1504.34,516.01,43.58,129.92,0.9716,-1,-1,-1
575,191,444.28,227.33,41.39,99.59,0.971,-1,-1,-1
575,192,118.34,555.48,50.52,153.94,0.9707,-1,-1,-1
575,215,1766.2,658.38,57.69,169.86,0.9705,-1,-1,-1
575,144,880.32,339.92,37.34,117.73,0.9704,-1,-1,-1
575,175,1185.2,881.59,117.66,192.72,0.9691,-1,-1,-1
575,140,458.96,336.43,43.94,125.28,0.9679,-1,-1,-1
575,286,1265.7,237.43,44.21,75.69,0.9677,-1,-1,-1
575,154,1151.35,232.06,55.04,85.61,0.9644,-1,-1,-1
575,206,1696.91,249.18,43.37,90.3,0.9573,-1,-1,-1
575,294,1726.41,269.62,40.55,102.74,0.956,-1,-1,-1
575,147,584.81,264.72,34.3,104.96,0.9554,-1,-1,-1
575,158,833.59,155.37,39.85,80.57,0.931,-1,-1,-1
575,146,1078.92,158.97,27.84,88.45,0.8804,-1,-1,-1
576,197,1302.4,535.34,55.38,142.36,0.9761,-1,-1,-1
576,175,1186.49,883.68,116.44,192.02,0.9746,-1,-1,-1
576,192,113.85,553.78,49.41,154.77,0.9738,-1,-1,-1
576,144,874.84,340.67,39.21,115.41,0.9736,-1,-1,-1
576,140,452.71,336.12,43.67,121.92,0.9735,-1,-1,-1
576,257,1627.92,378.28,58.0,126.12,0.9727,-1,-1,-1
576,209,1451.93,392.42,48.33,117.18,0.9724,-1,-1,-1
576,154,1137.18,230.35,61.64,88.48,0.9721,-1,-1,-1
576,249,972.74,348.1,38.07,113.54,0.9706,-1,-1,-1
576,208,1756.59,272.78,42.81,106.7,0.97,-1,-1,-1
576,204,1505.6,514.82,41.95,131.3,0.9685,-1,-1,-1
576,294,1722.78,268.52,40.91,104.1,0.9637,-1,-1,-1
576,215,1772.41,661.6,54.8,166.66,0.9635,-1,-1,-1
576,286,1260.37,236.62,38.63,77.59,0.9604,-1,-1,-1
576,191,448.87,226.33,36.4,100.0,0.9574,-1,-1,-1
576,147,580.3,263.77,34.55,101.22,0.9525,-1,-1,-1
576,158,827.29,157.73,41.85,78.1,0.9457,-1,-1,-1
576,206,1691.0,248.77,47.3,92.36,0.9427,-1,-1,-1
576,146,1071.07,163.66,31.06,83.23,0.8831,-1,-1,-1
577,175,1190.71,885.47,112.75,189.5,0.9781,-1,-1,-1
577,197,1309.39,534.0,48.51,145.03,0.9759,-1,-1,-1
577,140,446.59,334.81,44.49,122.76,0.9735,-1,-1,-1
577,209,1448.92,392.66,52.22,117.4,0.973,-1,-1,-1
577,192,110.73,552.43,49.32,155.41,0.9728,-1,-1,-1
577,249,970.37,346.8,39.27,114.42,0.9714,-1,-1,-1
577,257,1626.59,379.43,57.94,126.79,0.9704,-1,-1,-1
577,204,1507.58,512.99,41.2,132.42,0.9691,-1,-1,-1
577,154,1126.41,230.46,60.7,89.62,0.9674,-1,-1,-1
577,215,1774.81,662.36,56.64,164.59,0.9667,-1,-1,-1
577,144,869.47,341.82,40.16,111.28,0.9654,-1,-1,-1
577,208,1751.75,271.47,43.66,105.88,0.9649,-1,-1,-1
577,147,576.42,264.02,35.48,97.62,0.9584,-1,-1,-1
577,294,1720.42,269.09,40.0,103.25,0.9583,-1,-1,-1
577,191,454.58,226.39,33.04,100.53,0.9521,-1,-1,-1
577,206,1684.85,244.79,43.48,98.62,0.9444,-1,-1,-1
577,158,822.07,156.0,41.56,79.6,0.9426,-1,-1,-1
577,146,1062.76,156.45,34.53,92.43,0.9155,-1,-1,-1
577,286,1256.53,237.4,37.95,78.31,0.9034,-1,-1,-1
578,175,1190.74,885.44,112.71,189.55,0.9784,-1,-1,-1
578,197,1309.36,534.03,48.53,145.0,0.9759,-1,-1,-1
578,140,446.61,334.82,44.54,122.75,0.9736,-1,-1,-1
578,209,1448.99,392.65,52.12,117.4,0.973,-1,-1,-1
578,192,110.72,552.42,49.35,155.45,0.9728,-1,-1,-1
578,249,970.37,346.79,39.29,114.4,0.9714,-1,-1,-1
578,257,1626.57,379.43,58.02,126.76,0.9702,-1,-1,-1
578,204,1507.7,513.08,41.06,132.28,0.9688,-1,-1,-1
578,154,1126.31,230.5,60.79,89.62,0.9674,-1,-1,-1
578,215,1774.8,662.41,56.65,164.6,0.9667,-1,-1,-1
578,144,869.48,341.84,40.18,111.26,0.9654,-1,-1,-1
578,208,1751.78,271.42,43.64,105.91,0.9649,-1,-1,-1
578,294,1720.4,269.12,39.96,103.2,0.9582,-1,-1,-1
578,147,576.37,264.06,35.51,97.59,0.9581,-1,-1,-1
578,191,454.71,226.53,33.09,100.42,0.9521,-1,-1,-1
578,158,822.07,155.99,41.57,79.65,0.9446,-1,-1,-1
578,206,1684.92,244.81,43.33,98.59,0.9443,-1,-1,-1
578,146,1062.92,156.24,33.81,92.31,0.9146,-1,-1,-1
578,286,1256.5,237.42,37.78,78.27,0.9014,-1,-1,-1
579,175,1198.92,885.77,105.82,187.26,0.9751,-1,-1,-1
579,144,863.14,342.82,42.26,110.19,0.9749,-1,-1,-1
579,140,441.49,334.03,47.63,123.46,0.9748,-1,-1,-1
579,209,1447.78,393.17,52.25,117.27,0.9737,-1,-1,-1
579,192,106.81,553.04,51.01,151.0,0.9734,-1,-1,-1
579,215,1775.93,664.56,59.89,161.76,0.9731,-1,-1,-1
579,197,1311.44,533.73,46.71,145.44,0.9728,-1,-1,-1
579,257,1625.66,379.78,58.79,126.98,0.9712,-1,-1,-1
579,249,969.23,344.22,39.04,116.1,0.9707,-1,-1,-1
579,204,1508.57,510.37,42.12,134.95,0.9699,-1,-1,-1
579,208,1745.38,272.02,47.19,105.92,0.968,-1,-1,-1
579,146,1054.19,159.22,38.7,89.79,0.9633,-1,-1,-1
579,294,1719.61,268.84,39.17,102.35,0.9606,-1,-1,-1
579,191,460.52,227.23,30.11,100.38,0.9549,-1,-1,-1
579,286,1250.69,238.88,37.31,78.99,0.9511,-1,-1,-1
579,147,572.71,266.09,34.9,95.05,0.949,-1,-1,-1
579,158,819.06,158.22,38.47,76.36,0.9381,-1,-1,-1
579,206,1681.17,246.14,45.6,97.0,0.9107,-1,-1,-1
579,154,1121.07,231.72,40.25,90.44,0.9068,-1,-1,-1
580,140,437.32,333.76,49.8,124.47,0.9744,-1,-1,-1
580,192,102.83,553.92,53.59,149.04,0.9731,-1,-1,-1
580,175,1212.21,881.58,86.66,191.28,0.9727,-1,-1,-1
580,204,1509.33,508.03,43.39,137.11,0.9725,-1,-1,-1
580,209,1448.25,393.49,51.89,117.56,0.9723,-1,-1,-1
580,215,1780.3,660.95,58.85,166.35,0.9719,-1,-1,-1
580,197,1310.57,534.93,49.04,144.71,0.9705,-1,-1,-1
580,144,859.94,342.56,40.11,110.63,0.9704,-1,-1,-1
580,249,967.65,341.55,39.43,119.36,0.9698,-1,-1,-1
580,257,1625.92,380.54,58.06,126.85,0.9687,-1,-1,-1
580,208,1742.24,273.25,47.31,105.37,0.9685,-1,-1,-1
580,206,1675.74,247.89,45.82,96.67,0.9666,-1,-1,-1
580,191,459.57,228.38,33.95,99.47,0.9619,-1,-1,-1
580,146,1044.76,167.38,44.24,81.46,0.9598,-1,-1,-1
580,286,1240.57,240.64,39.52,76.87,0.9488,-1,-1,-1
580,147,569.74,265.61,35.66,95.82,0.9456,-1,-1,-1
580,294,1716.56,269.03,39.35,102.2,0.9374,-1,-1,-1
580,158,814.54,156.99,35.3,78.46,0.9319,-1,-1,-1
580,154,1111.01,233.66,32.21,89.06,0.9309,-1,-1,-1
581,192,97.11,554.32,60.52,148.92,0.9765,-1,-1,-1
581,204,1508.99,506.36,47.43,138.08,0.9762,-1,-1,-1
581,215,1784.35,657.49,59.24,169.52,0.9745,-1,-1,-1
581,144,855.61,340.26,38.92,112.19,0.9734,-1,-1,-1
581,191,455.73,229.16,40.48,99.32,0.9708,-1,-1,-1
581,197,1309.36,535.48,51.98,144.77,0.9707,-1,-1,-1
581,209,1450.6,394.07,49.28,116.75,0.9705,-1,-1,-1
581,146,1035.08,166.05,50.92,83.8,0.9692,-1,-1,-1
581,249,966.78,339.54,38.84,122.11,0.9682,-1,-1,-1
581,147,564.88,264.04,36.85,97.37,0.9661,-1,-1,-1
581,208,1737.07,275.35,49.3,105.13,0.9654,-1,-1,-1
581,286,1231.47,242.22,44.98,76.06,0.9607,-1,-1,-1
581,140,433.42,333.63,48.58,124.58,0.9602,-1,-1,-1
581,206,1672.2,248.96,46.21,97.16,0.959,-1,-1,-1
581,175,1223.44,882.24,70.68,186.31,0.9553,-1,-1,-1
581,154,1095.99,234.58,39.57,88.39,0.9532,-1,-1,-1
581,257,1628.38,380.41,56.75,125.1,0.9465,-1,-1,-1
581,158,810.5,155.51,32.76,81.32,0.9327,-1,-1,-1
581,294,1713.31,269.05,41.95,98.28,0.8846,-1,-1,-1
582,215,1788.2,653.8,69.26,173.69,0.976,-1,-1,-1
582,257,1633.28,380.29,52.62,125.17,0.9744,-1,-1,-1
582,192,91.5,553.05,66.4,152.29,0.9743,-1,-1,-1
582,197,1308.03,536.1,56.87,145.35,0.973,-1,-1,-1
582,204,1508.31,508.25,51.13,137.66,0.9713,-1,-1,-1
582,144,852.34,338.47,37.7,113.35,0.971,-1,-1,-1
582,208,1735.67,273.5,48.17,106.46,0.9707,-1,-1,-1
582,191,453.32,228.31,55.11,101.98,0.9695,-1,-1,-1
582,209,1453.78,394.27,46.17,115.55,0.9665,-1,-1,-1
582,147,561.28,262.51,38.03,98.91,0.9658,-1,-1,-1
582,154,1085.55,233.73,42.81,89.8,0.9654,-1,-1,-1
582,140,431.21,333.63,43.14,125.24,0.9648,-1,-1,-1
582,249,964.91,338.95,38.94,122.98,0.9646,-1,-1,-1
582,146,1029.07,166.55,54.56,84.56,0.9645,-1,-1,-1
582,286,1215.69,243.59,59.81,76.25,0.9609,-1,-1,-1
582,175,1240.47,883.15,53.03,182.02,0.9572,-1,-1,-1
582,206,1671.27,259.23,49.88,87.32,0.9291,-1,-1,-1
582,294,1716.92,270.5,35.13,88.29,0.8668,-1,-1,-1
582,158,806.93,155.02,28.86,82.39,0.8549,-1,-1,-1
583,215,1788.45,652.97,79.02,173.09,0.9802,-1,-1,-1
583,191,454.91,228.6,55.84,101.75,0.9776,-1,-1,-1
583,257,1637.54,379.64,47.59,126.65,0.9764,-1,-1,-1
583,140,427.56,334.29,45.73,125.24,0.9742,-1,-1,-1
583,197,1307.32,537.47,64.23,145.13,0.9738,-1,-1,-1
583,192,88.42,552.86,68.17,153.75,0.9734,-1,-1,-1
583,204,1507.98,509.13,52.84,133.88,0.9725,-1,-1,-1
583,209,1458.82,392.7,42.18,116.07,0.9718,-1,-1,-1
583,154,1072.59,232.54,50.12,91.06,0.9714,-1,-1,-1
583,208,1734.51,274.15,47.51,106.13,0.9707,-1,-1,-1
583,146,1024.9,166.9,54.13,84.15,0.9669,-1,-1,-1
583,286,1203.92,242.54,65.12,77.5,0.9647,-1,-1,-1
583,249,964.06,338.79,39.34,120.15,0.9644,-1,-1,-1
583,147,557.36,260.59,37.32,99.4,0.9626,-1,-1,-1
583,144,847.74,335.6,36.37,117.89,0.961,-1,-1,-1
583,175,1250.61,882.04,49.76,184.05,0.9496,-1,-1,-1
583,294,1709.81,269.09,37.53,78.7,0.9255,-1,-1,-1
583,206,1671.38,257.79,50.05,87.27,0.9221,-1,-1,-1
584,215,1788.48,652.97,78.97,173.07,0.9802,-1,-1,-1
584,191,455.01,228.56,55.7,101.77,0.9778,-1,-1,-1
584,257,1637.54,379.62,47.62,126.63,0.9763,-1,-1,-1
584,140,427.57,334.27,45.73,125.26,0.9742,-1,-1,-1
584,197,1307.33,537.44,64.2,145.21,0.9738,-1,-1,-1
584,192,88.41,552.87,68.2,153.73,0.9735,-1,-1,-1
584,204,1508.09,509.11,52.73,133.94,0.9724,-1,-1,-1
584,209,1458.83,392.7,42.21,116.02,0.9721,-1,-1,-1
584,154,1072.72,232.57,49.98,90.87,0.9715,-1,-1,-1
584,208,1734.52,274.24,47.47,106.04,0.9705,-1,-1,-1
584,146,1024.94,166.88,54.11,84.08,0.9668,-1,-1,-1
584,286,1203.85,242.59,65.2,77.46,0.9645,-1,-1,-1
584,249,964.1,338.78,39.29,120.19,0.9643,-1,-1,-1
584,147,557.55,260.63,37.07,99.26,0.9609,-1,-1,-1
584,144,847.75,335.59,36.33,117.97,0.9608,-1,-1,-1
584,175,1250.62,882.01,49.84,184.11,0.9492,-1,-1,-1
584,294,1709.72,269.16,37.6,78.39,0.9264,-1,-1,-1
584,206,1671.41,257.92,49.99,86.99,0.9234,-1,-1,-1
584,303,1721.74,289.93,26.02,78.35,0.6982,-1,-1,-1
585,215,1789.46,653.7,84.0,172.09,0.9798,-1,-1,-1
585,191,458.9,229.06,50.06,100.73,0.9765,-1,-1,-1
585,257,1639.68,379.2,43.86,126.58,0.9755,-1,-1,-1
585,192,80.97,554.97,73.2,152.68,0.974,-1,-1,-1
585,197,1307.3,538.02,66.94,143.95,0.9721,-1,-1,-1
585,209,1461.94,392.67,40.43,115.77,0.9705,-1,-1,-1
585,208,1729.82,273.35,49.43,107.35,0.9687,-1,-1,-1
585,154,1063.05,230.86,53.46,92.51,0.9685,-1,-1,-1
585,204,1508.6,510.1,54.14,131.62,0.9682,-1,-1,-1
585,249,962.16,340.43,40.84,116.06,0.968,-1,-1,-1
585,286,1199.19,242.19,61.35,80.57,0.9671,-1,-1,-1
585,206,1666.01,255.01,54.08,93.47,0.9662,-1,-1,-1
585,147,553.74,258.76,37.34,102.7,0.9659,-1,-1,-1
585,144,842.89,333.25,36.96,120.3,0.9655,-1,-1,-1
585,140,423.7,336.05,42.96,124.59,0.9651,-1,-1,-1
585,146,1021.32,169.48,51.58,81.0,0.9574,-1,-1,-1
585,175,1255.06,882.7,52.78,182.92,0.9527,-1,-1,-1
585,294,1712.26,269.7,32.57,75.88,0.911,-1,-1,-1
585,158,798.02,155.18,23.3,82.67,0.4411,-1,-1,-1
586,192,74.04,555.28,78.19,151.96,0.9776,-1,-1,-1
586,257,1639.47,378.81,44.08,127.79,0.974,-1,-1,-1
586,204,1511.56,510.17,54.42,130.7,0.9733,-1,-1,-1
586,191,467.7,231.9,41.14,96.92,0.9726,-1,-1,-1
586,249,960.12,341.73,41.77,112.92,0.9716,-1,-1,-1
586,209,1464.52,392.14,38.48,116.74,0.9715,-1,-1,-1
586,215,1788.63,656.29,92.87,169.81,0.9696,-1,-1,-1
586,197,1308.37,538.45,66.63,143.7,0.9695,-1,-1,-1
586,147,547.74,258.2,39.84,102.5,0.969,-1,-1,-1
586,144,838.23,335.33,38.58,118.41,0.9679,-1,-1,-1
586,286,1192.65,242.54,54.86,81.35,0.967,-1,-1,-1
586,140,420.82,336.81,41.99,121.94,0.9653,-1,-1,-1
586,206,1663.91,257.56,52.23,90.13,0.9652,-1,-1,-1
586,146,1018.29,168.54,46.0,81.23,0.9606,-1,-1,-1
586,154,1051.9,231.12,56.91,96.14,0.9593,-1,-1,-1
586,175,1252.98,880.75,73.14,190.76,0.9539,-1,-1,-1
586,208,1729.85,272.9,44.66,107.82,0.9531,-1,-1,-1
586,294,1713.1,270.1,31.72,72.38,0.8882,-1,-1,-1
586,158,794.66,160.05,23.03,76.93,0.7358,-1,-1,-1
587,257,1640.04,379.02,44.9,128.13,0.9746,-1,-1,-1
587,249,959.94,341.43,42.56,112.89,0.9734,-1,-1,-1
587,192,71.36,554.1,77.77,155.5,0.9734,-1,-1,-1
587,215,1791.89,658.65,89.45,170.01,0.9731,-1,-1,-1
587,209,1465.53,392.45,39.24,117.8,0.9728,-1,-1,-1
587,175,1246.89,883.04,100.18,190.08,0.9727,-1,-1,-1
587,191,468.86,233.3,41.1,94.84,0.9726,-1,-1,-1
587,204,1514.21,510.86,52.67,130.16,0.9725,-1,-1,-1
587,140,416.49,336.6,44.21,124.37,0.97,-1,-1,-1
587,154,1042.47,227.63,54.81,103.78,0.9699,-1,-1,-1
587,208,1724.34,271.14,44.45,107.79,0.9697,-1,-1,-1
587,147,544.02,258.53,39.9,99.36,0.9683,-1,-1,-1
587,144,834.89,336.89,38.66,117.26,0.9673,-1,-1,-1
587,197,1310.95,538.7,63.29,143.13,0.9655,-1,-1,-1
587,206,1662.38,252.24,52.54,95.92,0.9639,-1,-1,-1
587,286,1182.55,243.95,40.79,79.35,0.9544,-1,-1,-1
587,146,1015.02,169.05,42.84,81.41,0.9416,-1,-1,-1
587,158,788.53,156.31,24.09,81.98,0.8864,-1,-1,-1
587,294,1710.1,266.1,33.65,70.29,0.8646,-1,-1,-1
588,204,1516.2,508.85,51.33,132.53,0.9746,-1,-1,-1
588,215,1799.17,662.88,80.34,168.1,0.9744,-1,-1,-1
588,257,1641.35,379.75,44.56,127.68,0.9738,-1,-1,-1
588,209,1465.97,393.36,44.15,117.79,0.9727,-1,-1,-1
588,144,831.8,338.18,38.93,115.0,0.9716,-1,-1,-1
588,192,64.64,555.9,79.78,155.73,0.971,-1,-1,-1
588,249,959.65,340.11,39.53,115.77,0.9709,-1,-1,-1
588,208,1719.68,269.59,44.6,108.94,0.9706,-1,-1,-1
588,206,1658.28,251.22,55.68,97.87,0.9706,-1,-1,-1
588,147,540.74,259.53,40.29,96.25,0.9685,-1,-1,-1
588,154,1035.61,228.63,46.21,103.7,0.968,-1,-1,-1
588,191,469.92,234.1,43.14,94.09,0.9678,-1,-1,-1
588,140,411.1,334.99,44.96,125.64,0.9576,-1,-1,-1
588,286,1166.16,245.16,46.4,78.51,0.9553,-1,-1,-1
588,197,1313.52,538.89,59.73,143.81,0.9529,-1,-1,-1
588,175,1240.58,886.0,120.94,189.45,0.9474,-1,-1,-1
588,158,782.45,155.93,27.35,83.66,0.9186,-1,-1,-1
588,146,1010.49,162.82,36.94,88.16,0.8977,-1,-1,-1
588,294,1712.15,268.6,28.65,56.58,0.7054,-1,-1,-1
589,257,1642.2,381.32,44.85,127.74,0.9762,-1,-1,-1
589,209,1464.3,394.52,50.67,117.01,0.9755,-1,-1,-1
589,215,1806.6,663.69,76.83,166.96,0.9747,-1,-1,-1
589,204,1518.26,506.26,48.81,134.17,0.9727,-1,-1,-1
589,192,60.17,557.21,82.08,155.92,0.9725,-1,-1,-1
589,191,469.57,236.07,43.47,93.16,0.9725,-1,-1,-1
589,144,828.96,339.99,38.89,112.05,0.9724,-1,-1,-1
589,206,1655.59,250.16,56.75,99.06,0.9714,-1,-1,-1
589,197,1317.01,537.48,55.61,144.35,0.9706,-1,-1,-1
589,249,957.98,338.52,38.59,117.03,0.9692,-1,-1,-1
589,208,1715.79,269.26,46.07,110.14,0.9688,-1,-1,-1
589,147,537.57,260.61,39.89,95.31,0.9682,-1,-1,-1
589,140,406.08,334.5,46.76,123.69,0.9654,-1,-1,-1
589,154,1026.58,235.92,37.94,96.31,0.946,-1,-1,-1
589,286,1150.11,245.51,58.46,77.72,0.9455,-1,-1,-1
589,175,1242.25,888.32,122.99,188.04,0.9301,-1,-1,-1
589,146,1008.19,159.19,35.72,92.58,0.8921,-1,-1,-1
589,158,777.13,161.56,27.73,79.14,0.8349,-1,-1,-1
589,294,1711.79,267.91,27.82,56.97,0.7957,-1,-1,-1
590,257,1642.17,381.38,44.89,127.67,0.9763,-1,-1,-1
590,209,1464.27,394.51,50.72,117.05,0.9754,-1,-1,-1
590,215,1806.64,663.58,76.76,167.1,0.9746,-1,-1,-1
590,191,469.57,236.03,43.51,93.18,0.9726,-1,-1,-1
590,144,828.94,340.0,38.91,112.11,0.9725,-1,-1,-1
590,204,1518.29,506.47,48.74,134.03,0.9725,-1,-1,-1
590,192,60.21,557.18,82.26,155.98,0.9724,-1,-1,-1
590,206,1655.59,250.17,56.73,99.06,0.9715,-1,-1,-1
590,197,1317.0,537.49,55.79,144.31,0.9707,-1,-1,-1
590,249,957.95,338.52,38.62,117.0,0.9692,-1,-1,-1
590,208,1715.82,269.21,46.04,110.18,0.9687,-1,-1,-1
590,147,537.49,260.57,39.97,95.3,0.9684,-1,-1,-1
590,140,406.01,334.48,46.72,123.67,0.9655,-1,-1,-1
590,286,1149.93,245.54,58.68,77.65,0.9462,-1,-1,-1
590,154,1026.33,235.56,38.11,96.7,0.9456,-1,-1,-1
590,175,1242.33,888.33,122.92,188.04,0.9302,-1,-1,-1
590,146,1008.2,159.05,35.83,92.69,0.8975,-1,-1,-1
590,158,777.15,161.94,27.74,78.81,0.8293,-1,-1,-1
590,294,1711.68,267.9,27.9,56.87,0.8021,-1,-1,-1
591,257,1642.29,382.09,46.57,127.08,0.9778,-1,-1,-1
591,140,400.28,333.75,48.76,122.31,0.9766,-1,-1,-1
591,215,1818.2,663.66,67.74,165.2,0.9761,-1,-1,-1
591,204,1517.24,502.28,50.89,139.55,0.9744,-1,-1,-1
591,191,469.51,237.69,44.67,92.04,0.9734,-1,-1,-1
591,209,1461.77,394.83,59.68,117.36,0.9718,-1,-1,-1
591,197,1319.77,536.84,55.07,142.22,0.9707,-1,-1,-1
591,144,826.51,339.41,38.18,112.81,0.9706,-1,-1,-1
591,192,55.25,557.4,84.27,155.71,0.9694,-1,-1,-1
591,147,535.32,261.18,38.84,94.89,0.9689,-1,-1,-1
591,208,1715.78,270.23,43.61,108.64,0.9683,-1,-1,-1
591,286,1135.1,246.28,70.05,77.44,0.9639,-1,-1,-1
591,249,955.25,337.08,36.32,116.74,0.9564,-1,-1,-1
591,206,1655.04,251.72,53.98,97.73,0.9551,-1,-1,-1
591,175,1243.36,890.92,121.1,186.86,0.9242,-1,-1,-1
591,158,773.27,159.84,28.36,79.99,0.9184,-1,-1,-1
591,154,1013.48,237.33,37.8,96.51,0.893,-1,-1,-1
591,294,1712.16,266.6,26.28,59.12,0.852,-1,-1,-1
591,146,1004.21,156.16,31.69,96.98,0.7845,-1,-1,-1
592,257,1642.56,383.42,47.83,126.28,0.9776,-1,-1,-1
592,204,1516.53,500.63,52.49,140.48,0.9765,-1,-1,-1
592,140,395.8,332.92,46.5,123.97,0.9752,-1,-1,-1
592,209,1460.83,395.35,63.7,117.89,0.9731,-1,-1,-1
592,197,1323.71,535.24,52.23,142.7,0.9731,-1,-1,-1
592,208,1713.41,266.48,44.61,113.0,0.9727,-1,-1,-1
592,215,1830.64,659.36,56.1,168.82,0.9721,-1,-1,-1
592,191,471.03,238.88,43.57,91.51,0.9713,-1,-1,-1
592,144,823.26,337.78,36.34,113.27,0.9641,-1,-1,-1
592,206,1652.66,253.0,51.5,97.49,0.9622,-1,-1,-1
592,286,1129.29,245.94,69.25,78.89,0.9616,-1,-1,-1
592,249,952.88,335.52,36.31,118.84,0.9601,-1,-1,-1
592,192,53.66,557.94,83.95,152.85,0.96,-1,-1,-1
592,147,534.54,261.13,36.81,95.99,0.9577,-1,-1,-1
592,158,770.67,157.83,27.98,82.71,0.9315,-1,-1,-1
592,175,1245.65,891.07,120.81,186.86,0.9048,-1,-1,-1
592,154,1000.76,241.47,46.4,93.16,0.8872,-1,-1,-1
592,146,1001.17,158.93,30.03,94.85,0.5912,-1,-1,-1
592,294,1710.83,263.83,27.31,61.29,0.3851,-1,-1,-1
593,257,1642.99,383.84,48.74,126.27,0.9769,-1,-1,-1
593,191,471.96,239.17,45.16,92.55,0.9767,-1,-1,-1
593,197,1327.44,534.73,50.39,143.91,0.9766,-1,-1,-1
593,140,392.82,332.34,43.2,124.93,0.9761,-1,-1,-1
593,192,53.21,557.57,81.34,153.97,0.9741,-1,-1,-1
593,204,1515.8,499.4,55.46,141.35,0.9736,-1,-1,-1
593,209,1459.42,396.06,65.11,118.4,0.9727,-1,-1,-1
593,206,1650.37,256.23,46.58,95.21,0.9693,-1,-1,-1
593,208,1713.17,269.82,43.52,109.51,0.9676,-1,-1,-1
593,144,819.25,335.09,36.48,114.09,0.966,-1,-1,-1
593,154,981.11,243.57,65.35,91.07,0.9656,-1,-1,-1
593,215,1836.8,655.72,51.99,173.0,0.9656,-1,-1,-1
593,286,1120.97,245.93,64.44,81.97,0.9642,-1,-1,-1
593,249,950.62,333.92,36.24,122.41,0.9587,-1,-1,-1
593,147,535.12,259.1,34.63,99.36,0.9557,-1,-1,-1
593,158,768.35,158.91,28.1,82.43,0.9362,-1,-1,-1
593,175,1253.3,890.91,112.83,186.22,0.9149,-1,-1,-1
593,146,995.28,156.49,28.07,95.41,0.8071,-1,-1,-1
593,294,1710.22,263.07,30.8,62.54,0.7524,-1,-1,-1
594,257,1644.05,384.29,48.5,125.76,0.9765,-1,-1,-1
594,197,1329.11,534.93,50.58,146.06,0.9764,-1,-1,-1
594,209,1460.38,397.64,66.45,118.08,0.9761,-1,-1,-1
594,204,1520.43,499.33,51.19,140.33,0.9761,-1,-1,-1
594,140,388.94,331.74,43.76,126.92,0.9747,-1,-1,-1
594,192,53.89,555.1,74.03,156.44,0.9746,-1,-1,-1
594,191,473.88,240.16,46.32,91.84,0.9726,-1,-1,-1
594,208,1712.33,272.26,43.53,107.92,0.9718,-1,-1,-1
594,154,961.26,241.23,78.46,96.46,0.9715,-1,-1,-1
594,206,1648.68,256.05,45.62,95.79,0.9704,-1,-1,-1
594,249,948.61,335.01,37.88,117.97,0.9681,-1,-1,-1
594,144,815.18,333.71,37.0,117.1,0.9663,-1,-1,-1
594,215,1839.57,657.15,51.23,172.34,0.9617,-1,-1,-1
594,175,1265.08,889.97,96.26,190.03,0.9568,-1,-1,-1
594,147,532.92,257.7,34.37,100.89,0.9553,-1,-1,-1
594,286,1120.22,246.71,49.26,83.8,0.9533,-1,-1,-1
594,146,989.05,156.27,27.36,97.5,0.9052,-1,-1,-1
594,294,1709.85,261.83,33.21,65.59,0.8281,-1,-1,-1
594,158,765.86,158.53,27.79,82.5,0.668,-1,-1,-1
595,192,55.11,555.33,69.22,156.21,0.9771,-1,-1,-1
595,197,1330.55,535.45,52.83,146.34,0.9765,-1,-1,-1
595,209,1463.27,398.66,63.84,117.8,0.9761,-1,-1,-1
595,257,1646.21,384.26,47.16,126.46,0.976,-1,-1,-1
595,204,1523.79,501.18,49.42,137.23,0.9756,-1,-1,-1
595,154,945.21,242.77,86.46,91.11,0.9737,-1,-1,-1
595,144,810.63,333.76,40.16,117.23,0.9728,-1,-1,-1
595,249,944.71,336.66,40.42,114.25,0.9714,-1,-1,-1
595,191,475.38,239.17,53.2,94.52,0.9682,-1,-1,-1
595,208,1712.58,275.89,42.06,104.14,0.9659,-1,-1,-1
595,206,1648.89,259.14,44.67,92.94,0.9658,-1,-1,-1
595,215,1842.29,655.45,53.29,173.12,0.9634,-1,-1,-1
595,175,1277.16,891.08,80.5,184.55,0.9572,-1,-1,-1
595,147,530.65,259.83,35.51,100.51,0.957,-1,-1,-1
595,286,1110.23,248.67,39.01,82.43,0.9551,-1,-1,-1
595,140,386.01,333.62,43.14,125.41,0.9394,-1,-1,-1
595,158,762.94,159.71,28.98,82.09,0.9274,-1,-1,-1
595,146,984.27,158.9,30.87,96.37,0.8878,-1,-1,-1
595,294,1709.45,262.07,35.12,67.23,0.8433,-1,-1,-1
596,192,55.09,555.37,69.19,156.18,0.9772,-1,-1,-1
596,197,1330.61,535.45,52.79,146.33,0.9765,-1,-1,-1
596,209,1463.19,398.68,63.93,117.79,0.9762,-1,-1,-1
596,257,1646.21,384.26,47.15,126.49,0.976,-1,-1,-1
596,204,1523.84,501.12,49.44,137.36,0.9756,-1,-1,-1
596,154,943.51,243.47,88.57,90.29,0.9739,-1,-1,-1
596,144,810.61,333.7,40.16,117.36,0.9728,-1,-1,-1
596,249,944.65,336.65,40.47,114.24,0.9714,-1,-1,-1
596,191,475.39,239.16,53.32,94.51,0.9686,-1,-1,-1
596,206,1648.89,259.21,44.69,92.86,0.966,-1,-1,-1
596,208,1712.55,275.91,41.97,104.25,0.9659,-1,-1,-1
596,215,1842.31,655.47,53.32,173.09,0.9632,-1,-1,-1
596,175,1277.21,891.08,80.45,184.58,0.9572,-1,-1,-1
596,147,530.66,259.74,35.53,100.63,0.9571,-1,-1,-1
596,286,1110.21,248.64,38.98,82.54,0.9542,-1,-1,-1
596,140,386.04,333.61,43.08,125.39,0.9392,-1,-1,-1
596,158,762.93,159.62,29.01,82.18,0.9267,-1,-1,-1
596,146,984.3,158.96,30.87,96.28,0.8856,-1,-1,-1
596,294,1709.47,262.08,35.01,67.45,0.8386,-1,-1,-1
597,140,381.17,333.91,44.33,125.04,0.9771,-1,-1,-1
597,192,54.25,556.19,65.56,154.38,0.977,-1,-1,-1
597,197,1331.77,536.44,62.37,145.38,0.9763,-1,-1,-1
597,204,1527.15,504.12,47.86,135.15,0.9762,-1,-1,-1
597,249,943.2,337.58,41.83,111.46,0.9759,-1,-1,-1
597,144,806.97,334.87,41.7,114.38,0.9748,-1,-1,-1
597,209,1468.6,397.6,57.02,117.62,0.9746,-1,-1,-1
597,257,1648.96,383.86,44.98,125.36,0.9737,-1,-1,-1
597,206,1647.15,258.09,45.71,94.25,0.9687,-1,-1,-1
597,154,933.49,243.78,84.29,91.2,0.9667,-1,-1,-1
597,191,477.49,238.79,50.05,94.21,0.9661,-1,-1,-1
597,208,1712.57,278.81,40.66,101.36,0.9626,-1,-1,-1
597,175,1295.03,894.09,61.13,179.72,0.9612,-1,-1,-1
597,215,1844.55,653.96,55.34,173.7,0.9606,-1,-1,-1
597,147,527.9,260.86,37.8,97.21,0.9575,-1,-1,-1
597,286,1098.33,249.89,39.15,80.4,0.9535,-1,-1,-1
597,146,975.27,163.89,36.6,91.66,0.9477,-1,-1,-1
597,158,760.69,162.34,29.2,80.14,0.9101,-1,-1,-1
597,294,1709.61,262.42,35.22,67.39,0.8717,-1,-1,-1
598,144,801.99,336.31,46.8,112.67,0.9775,-1,-1,-1
598,204,1526.53,504.64,48.51,133.2,0.9766,-1,-1,-1
598,249,940.48,338.53,44.72,111.13,0.9764,-1,-1,-1
598,140,376.62,333.08,45.84,127.07,0.9753,-1,-1,-1
598,192,53.23,556.69,61.94,151.52,0.9743,-1,-1,-1
598,209,1475.39,396.63,51.52,117.74,0.9735,-1,-1,-1
598,257,1652.06,382.98,43.38,125.16,0.9732,-1,-1,-1
598,206,1646.5,254.83,45.76,97.13,0.9726,-1,-1,-1
598,197,1334.42,537.75,66.31,145.72,0.9699,-1,-1,-1
598,286,1084.98,249.35,49.88,82.03,0.9694,-1,-1,-1
598,154,930.0,245.59,71.21,92.21,0.9673,-1,-1,-1
598,147,526.42,259.08,40.19,96.38,0.9661,-1,-1,-1
598,208,1712.13,276.34,40.6,104.61,0.9659,-1,-1,-1
598,191,480.06,238.31,44.74,93.71,0.9656,-1,-1,-1
598,215,1847.55,655.3,56.47,172.25,0.9587,-1,-1,-1
598,175,1313.39,893.21,46.77,177.1,0.9446,-1,-1,-1
598,146,967.11,165.32,39.54,89.43,0.9307,-1,-1,-1
598,158,757.94,158.36,30.51,84.97,0.8892,-1,-1,-1
598,294,1710.67,262.6,35.58,70.79,0.7489,-1,-1,-1
599,204,1528.47,505.3,46.23,132.26,0.9794,-1,-1,-1
599,144,797.58,338.48,51.3,110.75,0.9766,-1,-1,-1
599,209,1483.08,395.61,47.34,118.41,0.9763,-1,-1,-1
599,192,51.41,556.6,60.7,151.69,0.9757,-1,-1,-1
599,140,369.94,334.71,48.95,123.05,0.9749,-1,-1,-1
599,197,1336.71,538.11,67.26,144.95,0.9741,-1,-1,-1
599,249,938.78,338.02,45.08,111.95,0.9735,-1,-1,-1
599,206,1645.84,254.2,46.17,97.38,0.9735,-1,-1,-1
599,257,1654.54,383.12,44.27,124.98,0.9732,-1,-1,-1
599,286,1073.0,249.03,58.01,83.45,0.9699,-1,-1,-1
599,191,480.07,236.88,42.04,95.03,0.9686,-1,-1,-1
599,147,525.32,259.4,41.45,94.14,0.9672,-1,-1,-1
599,215,1850.31,662.05,58.56,166.15,0.966,-1,-1,-1
599,154,928.65,248.62,51.78,90.49,0.9641,-1,-1,-1
599,146,958.4,168.03,44.66,87.64,0.9624,-1,-1,-1
599,208,1712.13,278.63,40.08,100.47,0.962,-1,-1,-1
599,175,1321.55,894.72,52.83,173.54,0.8877,-1,-1,-1
599,158,756.21,158.32,30.49,85.98,0.8586,-1,-1,-1
599,294,1712.53,260.32,35.49,76.4,0.769,-1,-1,-1
600,192,51.69,557.3,58.74,151.71,0.9772,-1,-1,-1
600,197,1339.73,538.95,64.83,144.03,0.9769,-1,-1,-1
600,140,366.03,334.38,51.32,123.99,0.9762,-1,-1,-1
600,204,1532.43,504.71,44.42,133.27,0.9762,-1,-1,-1
600,206,1645.76,252.7,45.85,98.58,0.9745,-1,-1,-1
600,209,1491.66,395.65,43.78,118.85,0.9737,-1,-1,-1
600,144,792.14,340.74,55.73,109.91,0.9734,-1,-1,-1
600,191,480.1,235.41,41.27,96.62,0.9729,-1,-1,-1
600,249,936.6,336.22,45.56,112.92,0.9727,-1,-1,-1
600,215,1853.15,661.39,59.27,169.6,0.9671,-1,-1,-1
600,286,1061.05,249.35,62.2,84.52,0.9659,-1,-1,-1
600,147,524.68,260.84,42.34,91.49,0.9634,-1,-1,-1
600,146,951.93,167.6,50.41,88.92,0.9632,-1,-1,-1
600,208,1712.39,280.53,40.22,97.6,0.9607,-1,-1,-1
600,257,1657.2,381.74,44.78,126.86,0.9582,-1,-1,-1
600,175,1324.91,890.82,65.85,183.36,0.9545,-1,-1,-1
600,154,923.92,251.26,28.1,87.95,0.9289,-1,-1,-1
600,158,754.77,158.86,30.67,85.57,0.7352,-1,-1,-1
600,294,1712.26,257.78,38.64,78.39,0.4508,-1,-1,-1
601,209,1496.32,395.84,44.1,118.1,0.9774,-1,-1,-1
601,249,935.32,334.26,44.46,115.32,0.9767,-1,-1,-1
601,204,1535.18,502.0,44.01,134.82,0.9765,-1,-1,-1
601,140,364.01,333.32,50.82,125.38,0.9763,-1,-1,-1
601,197,1342.59,539.19,62.1,145.32,0.9757,-1,-1,-1
601,191,480.06,232.23,42.69,97.59,0.9738,-1,-1,-1
601,257,1659.97,382.6,46.19,127.27,0.9735,-1,-1,-1
601,206,1646.93,252.51,45.0,98.31,0.9729,-1,-1,-1
601,192,51.65,556.78,56.13,153.45,0.9726,-1,-1,-1
601,215,1856.4,662.0,60.87,168.07,0.9725,-1,-1,-1
601,144,788.95,340.94,56.79,110.67,0.9723,-1,-1,-1
601,286,1054.26,249.21,60.51,87.31,0.9697,-1,-1,-1
601,146,949.6,165.13,52.67,91.9,0.9645,-1,-1,-1
601,175,1324.15,893.2,82.54,184.67,0.9624,-1,-1,-1
601,208,1713.21,280.48,40.36,96.69,0.962,-1,-1,-1
601,147,527.08,265.58,38.44,86.71,0.9515,-1,-1,-1
601,154,911.86,251.32,33.21,87.84,0.9514,-1,-1,-1
601,158,753.91,157.55,30.6,86.78,0.761,-1,-1,-1
602,209,1496.33,395.81,44.12,118.12,0.9775,-1,-1,-1
602,249,935.31,334.26,44.48,115.32,0.9767,-1,-1,-1
602,204,1535.21,502.02,44.02,134.73,0.9764,-1,-1,-1
602,140,364.0,333.34,50.82,125.33,0.9763,-1,-1,-1
602,197,1342.65,539.18,62.1,145.34,0.9756,-1,-1,-1
602,191,480.04,232.23,42.7,97.58,0.9738,-1,-1,-1
602,257,1659.96,382.63,46.16,127.26,0.9735,-1,-1,-1
602,206,1646.91,252.51,45.03,98.33,0.9729,-1,-1,-1
602,192,51.67,556.76,56.09,153.45,0.9726,-1,-1,-1
602,215,1856.41,662.02,60.83,168.06,0.9725,-1,-1,-1
602,144,788.96,340.92,56.78,110.75,0.9723,-1,-1,-1
602,286,1054.27,249.2,60.51,87.32,0.9696,-1,-1,-1
602,146,949.63,165.64,52.61,91.38,0.9646,-1,-1,-1
602,175,1324.13,893.15,82.48,184.69,0.9625,-1,-1,-1
602,208,1713.2,280.61,40.24,96.52,0.9617,-1,-1,-1
602,147,527.09,265.61,38.32,86.64,0.9511,-1,-1,-1
602,154,911.9,251.3,33.18,87.87,0.9509,-1,-1,-1
602,304,548.87,257.45,20.48,46.41,0.8352,-1,-1,-1
602,158,753.95,157.81,30.57,86.51,0.7707,-1,-1,-1
603,249,933.47,333.39,44.92,115.96,0.9781,-1,-1,-1
603,140,364.76,331.83,48.23,127.09,0.9772,-1,-1,-1
603,197,1344.23,538.52,61.57,144.66,0.9754,-1,-1,-1
603,209,1499.47,395.28,45.3,119.01,0.9744,-1,-1,-1
603,257,1663.19,382.65,51.5,127.12,0.9743,-1,-1,-1
603,192,52.09,556.73,54.92,154.64,0.9733,-1,-1,-1
603,204,1537.91,499.61,45.61,136.98,0.9728,-1,-1,-1
603,191,482.03,229.39,42.7,100.0,0.9723,-1,-1,-1
603,286,1048.45,251.01,49.98,87.32,0.9716,-1,-1,-1
603,206,1647.21,253.91,46.36,96.29,0.9714,-1,-1,-1
603,215,1862.81,661.88,57.19,166.88,0.9682,-1,-1,-1
603,175,1324.64,895.52,94.5,184.48,0.967,-1,-1,-1
603,146,949.75,166.35,52.55,90.09,0.9665,-1,-1,-1
603,154,904.2,252.24,38.07,87.12,0.9625,-1,-1,-1
603,208,1715.21,273.6,39.37,103.05,0.9621,-1,-1,-1
603,144,789.73,340.22,54.07,110.43,0.9493,-1,-1,-1
603,147,533.04,264.24,32.29,87.96,0.9284,-1,-1,-1
603,158,753.62,158.77,30.68,85.54,0.8407,-1,-1,-1
603,304,548.56,256.44,23.33,46.98,0.7941,-1,-1,-1
604,140,364.76,331.2,47.38,127.03,0.978,-1,-1,-1
604,249,932.88,333.45,44.9,116.24,0.9779,-1,-1,-1
604,197,1348.89,537.95,58.68,145.09,0.9767,-1,-1,-1
604,204,1541.59,498.75,45.5,137.29,0.9765,-1,-1,-1
604,192,52.41,556.97,57.5,155.07,0.9746,-1,-1,-1
604,209,1504.33,396.82,45.25,119.02,0.9729,-1,-1,-1
604,154,879.98,250.91,57.88,91.4,0.9724,-1,-1,-1
604,257,1668.58,383.15,57.92,127.87,0.9719,-1,-1,-1
604,206,1646.58,251.37,49.12,99.2,0.9709,-1,-1,-1
604,146,950.76,167.23,52.03,89.76,0.9704,-1,-1,-1
604,191,484.69,227.42,41.39,101.8,0.9677,-1,-1,-1
604,144,789.82,338.63,49.96,111.41,0.9671,-1,-1,-1
604,208,1716.81,274.78,39.59,102.06,0.9667,-1,-1,-1
604,215,1869.1,660.39,50.9,166.79,0.9521,-1,-1,-1
604,175,1328.68,898.98,103.69,181.02,0.9488,-1,-1,-1
604,286,1043.66,252.59,34.33,85.99,0.9398,-1,-1,-1
604,147,538.42,259.22,32.12,91.93,0.9176,-1,-1,-1
604,294,1720.12,249.85,37.9,86.02,0.9164,-1,-1,-1
604,158,753.77,159.56,31.44,85.16,0.8285,-1,-1,-1
605,204,1545.59,498.09,48.35,137.98,0.9792,-1,-1,-1
605,140,365.61,330.63,45.39,126.93,0.9777,-1,-1,-1
605,249,933.74,333.78,44.64,116.22,0.9774,-1,-1,-1
605,197,1357.88,538.0,53.47,141.6,0.9773,-1,-1,-1
605,192,55.43,557.73,58.88,155.28,0.9767,-1,-1,-1
605,144,791.54,336.38,44.93,112.03,0.9757,-1,-1,-1
605,191,488.92,226.51,40.97,101.88,0.9748,-1,-1,-1
605,209,1509.28,397.67,47.75,119.07,0.9746,-1,-1,-1
605,206,1644.56,251.28,54.14,98.65,0.9719,-1,-1,-1
605,146,953.3,167.07,50.82,90.97,0.9708,-1,-1,-1
605,154,871.12,251.19,62.82,92.56,0.9704,-1,-1,-1
605,257,1673.81,384.72,59.35,126.79,0.9669,-1,-1,-1
605,208,1719.73,268.07,39.05,108.83,0.9641,-1,-1,-1
605,286,1036.73,253.4,34.48,84.19,0.957,-1,-1,-1
605,215,1878.89,662.46,40.16,160.34,0.9464,-1,-1,-1
605,175,1331.59,899.88,108.47,179.09,0.9457,-1,-1,-1
605,147,541.99,254.19,33.58,98.64,0.9446,-1,-1,-1
605,158,755.79,162.14,30.81,83.34,0.8528,-1,-1,-1
605,294,1723.24,247.16,38.43,86.68,0.7484,-1,-1,-1
606,204,1550.13,498.52,48.23,138.5,0.9779,-1,-1,-1
606,249,934.53,336.04,45.01,112.59,0.9772,-1,-1,-1
606,192,58.43,557.01,58.21,156.1,0.9762,-1,-1,-1
606,140,365.85,329.19,44.76,126.58,0.9762,-1,-1,-1
606,209,1514.36,398.32,49.21,119.57,0.9743,-1,-1,-1
606,191,493.14,227.09,41.15,100.35,0.9739,-1,-1,-1
606,257,1679.58,385.95,57.39,125.43,0.9736,-1,-1,-1
606,286,1024.15,252.71,47.9,86.44,0.973,-1,-1,-1
606,206,1643.89,251.17,58.37,99.09,0.9716,-1,-1,-1
606,146,956.17,168.16,49.17,89.97,0.9714,-1,-1,-1
606,197,1366.64,536.67,50.28,143.96,0.9707,-1,-1,-1
606,154,862.91,251.65,64.14,93.39,0.9688,-1,-1,-1
606,144,796.34,334.28,37.79,113.55,0.9661,-1,-1,-1
606,208,1723.02,276.74,38.26,100.75,0.956,-1,-1,-1
606,175,1337.97,903.26,107.03,176.74,0.9514,-1,-1,-1
606,147,545.67,256.76,32.78,96.51,0.9462,-1,-1,-1
606,158,756.53,161.66,33.45,85.88,0.8251,-1,-1,-1
606,215,1886.09,663.39,33.91,151.65,0.784,-1,-1,-1
606,294,1725.58,247.54,40.55,94.24,0.7104,-1,-1,-1
607,204,1555.89,497.98,49.23,137.93,0.9772,-1,-1,-1
607,197,1375.55,535.63,48.81,144.11,0.977,-1,-1,-1
607,140,368.05,329.08,45.68,125.58,0.9761,-1,-1,-1
607,209,1520.21,398.53,51.2,117.56,0.974,-1,-1,-1
607,191,498.36,227.1,43.58,100.7,0.9734,-1,-1,-1
607,257,1685.74,387.13,56.91,126.04,0.9731,-1,-1,-1
607,206,1644.58,251.98,61.46,98.64,0.9727,-1,-1,-1
607,192,63.14,558.09,59.44,154.29,0.9721,-1,-1,-1
607,286,1009.76,252.57,63.61,86.67,0.9706,-1,-1,-1
607,249,936.45,338.07,45.86,111.03,0.9705,-1,-1,-1
607,144,799.8,333.82,38.29,114.49,0.9694,-1,-1,-1
607,146,959.16,165.73,48.13,92.39,0.9684,-1,-1,-1
607,154,857.85,254.38,54.03,97.2,0.9669,-1,-1,-1
607,208,1725.86,279.48,37.42,97.77,0.9655,-1,-1,-1
607,147,551.41,253.65,34.05,99.48,0.9425,-1,-1,-1
607,175,1350.68,904.29,105.2,169.51,0.9378,-1,-1,-1
607,294,1729.36,250.05,40.35,89.01,0.9321,-1,-1,-1
607,158,763.35,163.05,30.38,84.59,0.7122,-1,-1,-1
608,204,1555.85,498.0,49.29,137.95,0.9772,-1,-1,-1
608,197,1375.53,535.64,48.81,144.11,0.9769,-1,-1,-1
608,140,368.08,329.08,45.7,125.72,0.9761,-1,-1,-1
608,209,1520.22,398.57,51.15,117.48,0.974,-1,-1,-1
608,191,498.38,227.1,43.63,100.68,0.9735,-1,-1,-1
608,257,1685.73,387.09,56.92,126.08,0.9731,-1,-1,-1
608,206,1644.61,251.98,61.43,98.64,0.9726,-1,-1,-1
608,192,63.14,558.15,59.4,154.28,0.9721,-1,-1,-1
608,286,1009.74,252.57,63.6,86.69,0.9707,-1,-1,-1
608,249,936.43,338.03,45.92,111.06,0.9706,-1,-1,-1
608,144,799.85,333.75,38.54,114.53,0.9694,-1,-1,-1
608,146,959.15,165.63,48.16,92.47,0.9684,-1,-1,-1
608,154,857.75,254.29,54.55,97.31,0.9663,-1,-1,-1
608,208,1725.9,279.57,37.32,97.7,0.9653,-1,-1,-1
608,147,551.41,253.87,34.02,99.43,0.9425,-1,-1,-1
608,175,1350.55,904.24,105.52,169.58,0.9376,-1,-1,-1
608,294,1729.43,250.03,40.27,88.87,0.9321,-1,-1,-1
608,158,763.34,163.09,30.39,84.5,0.7199,-1,-1,-1
609,204,1563.94,499.7,48.95,135.6,0.9759,-1,-1,-1
609,209,1528.18,398.86,50.97,116.25,0.9752,-1,-1,-1
609,192,68.97,556.4,59.19,152.23,0.9751,-1,-1,-1
609,140,371.55,328.44,46.04,125.99,0.9748,-1,-1,-1
609,154,856.49,256.49,47.35,96.59,0.9742,-1,-1,-1
609,257,1692.6,387.5,55.73,125.57,0.9739,-1,-1,-1
609,249,940.01,340.46,47.66,107.74,0.9734,-1,-1,-1
609,197,1381.83,533.84,51.84,146.02,0.9725,-1,-1,-1
609,286,1000.49,252.78,70.73,87.95,0.9721,-1,-1,-1
609,146,963.91,166.51,46.59,91.03,0.9718,-1,-1,-1
609,144,804.06,334.97,39.51,112.03,0.9709,-1,-1,-1
609,191,505.67,227.84,42.36,98.6,0.9686,-1,-1,-1
609,175,1365.5,898.85,96.71,180.21,0.9663,-1,-1,-1
609,208,1731.19,279.62,38.17,97.2,0.9648,-1,-1,-1
609,294,1734.41,252.71,42.38,91.74,0.95,-1,-1,-1
609,147,557.29,256.86,34.67,93.76,0.9353,-1,-1,-1
609,206,1648.53,252.43,63.02,96.74,0.9238,-1,-1,-1
609,158,765.72,164.9,31.53,80.95,0.8934,-1,-1,-1
610,204,1572.52,499.62,49.61,134.58,0.977,-1,-1,-1
610,140,375.84,329.04,46.13,125.45,0.9755,-1,-1,-1
610,192,76.37,555.83,57.58,151.7,0.9751,-1,-1,-1
610,249,945.3,342.6,46.76,104.49,0.9745,-1,-1,-1
610,209,1536.3,398.63,51.73,115.08,0.9744,-1,-1,-1
610,144,808.33,335.66,39.65,111.4,0.9725,-1,-1,-1
610,191,513.74,229.06,39.67,97.6,0.9715,-1,-1,-1
610,257,1699.37,388.32,55.59,123.84,0.9711,-1,-1,-1
610,206,1654.8,251.58,61.55,98.08,0.9694,-1,-1,-1
610,146,969.2,168.63,43.63,88.22,0.9657,-1,-1,-1
610,154,860.22,258.65,34.88,93.23,0.9648,-1,-1,-1
610,208,1736.94,279.44,39.72,97.48,0.9643,-1,-1,-1
610,197,1388.37,534.53,55.0,145.63,0.9622,-1,-1,-1
610,286,998.74,254.45,62.6,88.01,0.9619,-1,-1,-1
610,294,1739.2,254.28,43.93,89.56,0.9589,-1,-1,-1
610,175,1388.14,892.39,80.13,184.52,0.9541,-1,-1,-1
610,147,564.98,252.74,33.81,95.59,0.9491,-1,-1,-1
610,158,772.91,163.22,30.57,84.11,0.655,-1,-1,-1
611,257,1708.65,387.18,54.3,124.01,0.9755,-1,-1,-1
611,192,82.46,554.41,58.63,151.35,0.9754,-1,-1,-1
611,249,951.11,343.17,45.73,102.67,0.974,-1,-1,-1
611,140,382.41,329.97,43.59,123.11,0.9729,-1,-1,-1
611,197,1396.07,533.92,58.73,145.37,0.9727,-1,-1,-1
611,204,1580.68,498.7,48.87,132.48,0.9723,-1,-1,-1
611,209,1548.75,398.4,48.83,114.47,0.9713,-1,-1,-1
611,144,813.84,336.35,41.36,110.12,0.9702,-1,-1,-1
611,286,1003.77,257.46,50.3,85.66,0.9696,-1,-1,-1
611,191,521.52,228.46,38.61,98.17,0.9681,-1,-1,-1
611,208,1743.72,278.34,38.79,98.03,0.9668,-1,-1,-1
611,206,1658.45,251.52,63.57,98.09,0.9667,-1,-1,-1
611,146,976.43,167.52,41.34,90.4,0.962,-1,-1,-1
611,175,1409.2,894.01,67.42,178.3,0.9575,-1,-1,-1
611,154,858.25,261.76,33.84,90.74,0.956,-1,-1,-1
611,147,574.56,252.87,31.4,94.19,0.949,-1,-1,-1
611,158,777.79,163.79,31.83,81.98,0.824,-1,-1,-1
611,294,1745.06,254.11,45.38,87.39,0.6939,-1,-1,-1
612,257,1714.86,386.77,50.65,125.08,0.9753,-1,-1,-1
612,204,1586.47,496.66,47.98,133.72,0.9748,-1,-1,-1
612,154,842.48,264.28,50.72,88.34,0.9748,-1,-1,-1
612,249,956.17,343.3,42.55,102.21,0.9726,-1,-1,-1
612,197,1402.33,533.02,57.86,145.37,0.9726,-1,-1,-1
612,192,95.92,553.6,57.95,148.23,0.9705,-1,-1,-1
612,209,1558.78,398.52,46.96,114.65,0.9699,-1,-1,-1
612,140,392.02,330.38,48.47,123.25,0.9698,-1,-1,-1
612,206,1661.09,251.67,62.98,97.94,0.9694,-1,-1,-1
612,144,821.63,337.56,40.42,109.45,0.9679,-1,-1,-1
612,191,532.58,228.16,37.45,98.87,0.9639,-1,-1,-1
612,208,1747.24,278.29,40.45,97.66,0.9625,-1,-1,-1
612,146,983.57,167.79,42.77,91.05,0.9599,-1,-1,-1
612,175,1428.16,891.11,54.19,179.92,0.9512,-1,-1,-1
612,147,587.0,254.3,30.9,91.68,0.9354,-1,-1,-1
612,286,1002.47,259.87,36.8,84.81,0.9338,-1,-1,-1
612,158,787.62,159.58,31.14,88.87,0.6767,-1,-1,-1
613,204,1594.71,494.63,46.79,132.95,0.977,-1,-1,-1
613,257,1724.87,384.71,48.6,125.87,0.976,-1,-1,-1
613,206,1667.06,249.75,60.46,98.47,0.9758,-1,-1,-1
613,192,103.57,551.83,59.14,148.38,0.9742,-1,-1,-1
613,154,846.71,264.21,48.05,88.14,0.9739,-1,-1,-1
613,209,1569.42,396.74,46.96,114.13,0.9728,-1,-1,-1
613,140,398.25,330.53,52.97,121.15,0.9727,-1,-1,-1
613,144,830.34,336.44,38.9,108.9,0.97,-1,-1,-1
613,146,989.64,167.49,44.92,90.4,0.9699,-1,-1,-1
613,249,962.08,341.65,39.49,101.78,0.9688,-1,-1,-1
613,197,1413.58,532.85,58.27,143.95,0.9654,-1,-1,-1
613,191,540.01,226.47,37.98,99.2,0.9652,-1,-1,-1
613,175,1442.87,891.66,56.18,177.57,0.9574,-1,-1,-1
613,147,598.66,249.34,29.6,95.7,0.9499,-1,-1,-1
613,286,1000.59,257.04,36.57,84.77,0.9495,-1,-1,-1
613,208,1755.02,276.31,43.82,99.52,0.9438,-1,-1,-1
613,158,797.49,161.17,29.34,88.24,0.4145,-1,-1,-1
614,204,1594.74,494.62,46.76,132.95,0.977,-1,-1,-1
614,257,1724.91,384.73,48.54,125.86,0.976,-1,-1,-1
614,206,1667.1,249.75,60.42,98.47,0.9757,-1,-1,-1
614,192,103.57,551.82,59.15,148.42,0.9742,-1,-1,-1
614,154,846.5,264.25,48.46,88.13,0.9736,-1,-1,-1
614,140,398.26,330.52,53.15,121.15,0.9727,-1,-1,-1
614,209,1569.27,396.69,47.35,114.18,0.9726,-1,-1,-1
614,144,830.34,336.45,38.89,108.96,0.9699,-1,-1,-1
614,146,989.62,167.49,44.93,90.39,0.9697,-1,-1,-1
614,249,962.08,341.67,39.47,101.76,0.9688,-1,-1,-1
614,197,1413.55,532.91,58.32,143.95,0.9655,-1,-1,-1
614,191,540.03,226.46,37.95,99.24,0.965,-1,-1,-1
614,175,1442.88,891.58,56.29,177.67,0.9577,-1,-1,-1
614,147,598.62,249.38,29.66,95.64,0.9496,-1,-1,-1
614,208,1755.08,277.67,43.77,98.22,0.9468,-1,-1,-1
614,286,1000.68,257.05,36.34,84.65,0.9466,-1,-1,-1
614,158,797.83,160.96,29.1,89.11,0.3449,-1,-1,-1
615,257,1734.05,383.35,48.89,125.9,0.9767,-1,-1,-1
615,204,1605.55,492.67,45.27,131.42,0.9741,-1,-1,-1
615,154,857.0,264.49,40.68,89.02,0.9728,-1,-1,-1
615,192,112.84,550.77,60.04,148.01,0.9714,-1,-1,-1
615,197,1423.63,531.21,58.69,143.94,0.971,-1,-1,-1
615,209,1584.57,394.38,45.12,116.69,0.9704,-1,-1,-1
615,249,970.02,338.8,38.08,102.07,0.9667,-1,-1,-1
615,146,998.6,163.82,43.0,92.53,0.9664,-1,-1,-1
615,140,405.6,330.18,53.96,119.15,0.9663,-1,-1,-1
615,206,1676.54,248.33,52.64,98.55,0.9656,-1,-1,-1
615,191,549.0,225.37,37.38,96.53,0.9633,-1,-1,-1
615,144,838.99,333.62,37.33,110.43,0.962,-1,-1,-1
615,286,999.57,256.21,40.38,84.9,0.9598,-1,-1,-1
615,208,1765.39,252.76,43.16,121.64,0.9598,-1,-1,-1
615,175,1454.25,888.52,67.25,183.3,0.9509,-1,-1,-1
615,147,612.3,248.1,26.45,94.07,0.8957,-1,-1,-1
615,158,804.84,159.8,31.14,87.79,0.5992,-1,-1,-1
616,192,120.15,549.0,64.33,146.07,0.9815,-1,-1,-1
616,257,1743.7,381.29,48.92,126.69,0.9764,-1,-1,-1
616,204,1614.97,490.15,44.36,131.11,0.9736,-1,-1,-1
616,208,1774.19,242.67,44.23,129.2,0.9722,-1,-1,-1
616,209,1596.97,391.63,46.3,118.35,0.972,-1,-1,-1
616,286,998.25,252.6,46.99,89.14,0.9713,-1,-1,-1
616,206,1685.42,245.27,46.72,100.76,0.9711,-1,-1,-1
616,249,975.75,335.08,39.22,104.83,0.9706,-1,-1,-1
616,154,863.27,264.84,37.98,89.48,0.968,-1,-1,-1
616,140,412.61,331.3,55.15,116.45,0.9675,-1,-1,-1
616,191,557.27,223.59,39.67,97.03,0.9674,-1,-1,-1
616,146,1010.4,165.4,41.05,89.81,0.9653,-1,-1,-1
616,175,1461.87,889.13,91.53,188.34,0.9651,-1,-1,-1
616,197,1434.37,529.99,60.8,144.61,0.9636,-1,-1,-1
616,144,845.83,332.01,37.44,112.26,0.9598,-1,-1,-1
616,147,622.92,244.24,27.18,95.12,0.9467,-1,-1,-1
616,158,814.74,158.11,29.93,84.59,0.8404,-1,-1,-1
617,192,127.2,546.97,66.19,147.08,0.978,-1,-1,-1
617,208,1782.5,240.39,47.59,129.93,0.9767,-1,-1,-1
617,257,1752.88,380.5,50.71,125.5,0.9753,-1,-1,-1
617,286,999.42,253.36,49.11,79.17,0.974,-1,-1,-1
617,209,1610.53,389.84,46.53,118.66,0.9739,-1,-1,-1
617,140,418.62,329.98,58.42,116.14,0.9699,-1,-1,-1
617,197,1447.21,528.28,60.05,144.04,0.9691,-1,-1,-1
617,144,853.42,330.69,37.8,113.89,0.9686,-1,-1,-1
617,204,1624.99,498.6,44.72,121.01,0.9681,-1,-1,-1
617,191,566.3,219.43,39.3,97.58,0.9678,-1,-1,-1
617,154,864.9,263.74,37.0,88.83,0.967,-1,-1,-1
617,206,1695.0,243.08,40.44,100.25,0.9665,-1,-1,-1
617,249,982.29,326.46,40.95,111.25,0.9663,-1,-1,-1
617,146,1017.93,166.22,42.74,87.15,0.9631,-1,-1,-1
617,147,633.56,243.93,30.93,93.66,0.9469,-1,-1,-1
617,175,1471.56,887.23,113.5,187.36,0.9115,-1,-1,-1
617,158,823.63,158.26,30.18,83.27,0.6712,-1,-1,-1
618,192,135.04,544.15,68.71,146.57,0.979,-1,-1,-1
618,257,1762.19,378.68,51.1,125.06,0.9771,-1,-1,-1
618,204,1635.12,488.99,45.73,127.94,0.974,-1,-1,-1
618,208,1791.8,238.26,47.87,130.23,0.9736,-1,-1,-1
618,140,425.47,328.88,54.36,112.9,0.973,-1,-1,-1
618,209,1623.32,386.77,46.78,118.67,0.9727,-1,-1,-1
618,147,643.29,239.46,41.07,95.65,0.9699,-1,-1,-1
618,249,987.06,319.0,44.01,115.76,0.9695,-1,-1,-1
618,197,1459.97,523.59,58.82,142.57,0.9695,-1,-1,-1
618,191,575.91,214.41,38.01,101.8,0.9678,-1,-1,-1
618,146,1027.99,160.1,41.8,89.93,0.9629,-1,-1,-1
618,286,1000.62,253.34,49.12,72.36,0.962,-1,-1,-1
618,206,1703.58,240.16,34.34,102.11,0.9532,-1,-1,-1
618,144,861.85,334.94,36.13,105.06,0.9517,-1,-1,-1
618,154,864.7,262.05,33.91,79.51,0.9496,-1,-1,-1
618,175,1476.98,886.24,123.51,191.17,0.9326,-1,-1,-1
618,158,831.99,156.19,31.65,83.18,0.6221,-1,-1,-1
619,192,143.74,542.52,69.84,146.49,0.9754,-1,-1,-1
619,209,1635.8,385.72,48.95,117.92,0.9752,-1,-1,-1
619,140,432.64,326.84,58.94,111.49,0.9738,-1,-1,-1
619,257,1771.57,378.41,53.14,123.33,0.973,-1,-1,-1
619,204,1644.83,488.43,47.46,127.78,0.9716,-1,-1,-1
619,197,1473.93,521.48,57.47,139.26,0.9698,-1,-1,-1
619,208,1803.54,237.44,47.06,129.96,0.9686,-1,-1,-1
619,249,993.97,325.44,44.6,106.63,0.9631,-1,-1,-1
619,147,654.56,239.31,44.12,91.89,0.961,-1,-1,-1
619,144,870.48,334.6,38.12,105.83,0.9556,-1,-1,-1
619,191,587.67,211.9,36.2,100.47,0.9536,-1,-1,-1
619,146,1037.24,161.18,42.52,86.87,0.9517,-1,-1,-1
619,154,864.37,258.3,36.03,85.6,0.9514,-1,-1,-1
619,286,991.93,251.6,55.12,84.45,0.9214,-1,-1,-1
619,206,1712.68,237.64,31.14,102.75,0.9081,-1,-1,-1
619,175,1487.93,882.33,128.52,193.28,0.907,-1,-1,-1
619,158,843.38,151.48,29.67,86.98,0.5923,-1,-1,-1
620,192,143.76,542.52,69.84,146.51,0.9754,-1,-1,-1
620,209,1635.82,385.69,48.99,117.94,0.9752,-1,-1,-1
620,140,432.64,326.84,58.96,111.47,0.9738,-1,-1,-1
620,257,1771.57,378.42,53.12,123.31,0.9731,-1,-1,-1
620,204,1644.81,488.26,47.55,127.92,0.9717,-1,-1,-1
620,197,1473.99,521.47,57.28,139.42,0.9698,-1,-1,-1
620,208,1803.53,237.45,47.09,129.94,0.9687,-1,-1,-1
620,249,994.05,325.4,44.5,106.69,0.9628,-1,-1,-1
620,147,654.57,239.43,44.14,91.71,0.9613,-1,-1,-1
620,144,870.47,334.6,38.1,105.76,0.9553,-1,-1,-1
620,191,587.7,211.93,36.19,100.42,0.9535,-1,-1,-1
620,146,1037.25,161.27,42.52,86.77,0.9519,-1,-1,-1
620,154,864.48,258.41,35.91,85.51,0.9506,-1,-1,-1
620,286,991.65,251.65,55.44,84.63,0.9233,-1,-1,-1
620,206,1712.74,237.78,31.06,102.68,0.9099,-1,-1,-1
620,175,1487.94,882.34,128.48,193.31,0.9077,-1,-1,-1
620,158,843.42,151.35,29.61,87.15,0.5829,-1,-1,-1
621,209,1649.5,385.16,55.11,114.94,0.9738,-1,-1,-1
621,204,1655.65,486.77,51.04,126.48,0.9735,-1,-1,-1
621,257,1782.25,376.3,54.09,123.16,0.9729,-1,-1,-1
621,140,440.92,323.66,61.04,112.35,0.9726,-1,-1,-1
621,197,1489.25,518.25,57.27,139.74,0.9658,-1,-1,-1
621,144,880.61,332.56,37.56,106.27,0.9654,-1,-1,-1
621,154,862.23,254.56,40.79,88.73,0.9654,-1,-1,-1
621,192,154.83,541.94,71.06,142.6,0.9647,-1,-1,-1
621,249,1004.02,331.99,41.93,97.1,0.9646,-1,-1,-1
621,147,668.41,239.11,43.88,89.37,0.9629,-1,-1,-1
621,191,599.72,209.0,37.4,100.38,0.9626,-1,-1,-1
621,146,1049.76,159.78,41.53,86.96,0.9545,-1,-1,-1
621,286,988.15,253.76,59.44,89.96,0.9353,-1,-1,-1
621,208,1813.71,235.97,40.34,110.44,0.9187,-1,-1,-1
621,175,1498.99,881.39,123.55,195.25,0.9147,-1,-1,-1
621,206,1722.74,245.52,30.49,92.22,0.8822,-1,-1,-1
621,158,855.13,150.85,29.8,84.85,0.7889,-1,-1,-1
622,209,1662.25,382.14,61.43,117.0,0.9749,-1,-1,-1
622,257,1794.95,373.78,54.75,125.06,0.9737,-1,-1,-1
622,192,166.59,542.13,72.73,141.28,0.9719,-1,-1,-1
622,140,450.15,320.74,65.19,112.75,0.9708,-1,-1,-1
622,197,1505.53,514.7,55.73,140.08,0.9702,-1,-1,-1
622,204,1667.07,486.12,52.58,125.16,0.9702,-1,-1,-1
622,191,612.06,206.23,38.34,100.48,0.9657,-1,-1,-1
622,154,866.66,250.8,46.44,92.72,0.964,-1,-1,-1
622,144,892.3,329.25,37.52,108.0,0.9594,-1,-1,-1
622,147,682.79,240.57,41.89,85.89,0.9591,-1,-1,-1
622,249,1011.75,334.5,39.32,92.81,0.9537,-1,-1,-1
622,286,1003.92,254.62,43.22,84.89,0.9384,-1,-1,-1
622,175,1514.63,878.85,125.6,194.78,0.9285,-1,-1,-1
622,146,1060.15,146.38,42.68,102.06,0.9192,-1,-1,-1
622,307,1842.33,275.97,31.56,85.83,0.9186,-1,-1,-1
622,206,1726.7,258.68,35.21,75.64,0.8725,-1,-1,-1
622,208,1824.56,238.74,40.01,105.65,0.8266,-1,-1,-1
622,158,867.66,148.72,29.93,85.17,0.5534,-1,-1,-1
623,140,456.08,317.24,69.54,112.82,0.9739,-1,-1,-1
623,209,1674.44,381.26,65.24,116.13,0.9737,-1,-1,-1
623,197,1522.13,512.3,54.82,141.44,0.9735,-1,-1,-1
623,257,1807.2,373.18,54.41,124.22,0.9715,-1,-1,-1
623,204,1678.21,485.59,53.64,124.55,0.97,-1,-1,-1
623,154,867.94,247.51,53.19,94.48,0.9682,-1,-1,-1
623,191,624.57,205.72,45.75,98.84,0.967,-1,-1,-1
623,147,699.19,236.87,38.22,86.93,0.9659,-1,-1,-1
623,144,904.34,328.06,37.45,107.99,0.9637,-1,-1,-1
623,192,179.03,541.67,74.54,139.58,0.9614,-1,-1,-1
623,206,1732.75,240.85,41.91,94.26,0.9576,-1,-1,-1
623,286,1011.67,253.84,36.99,84.23,0.9506,-1,-1,-1
623,307,1853.83,276.39,32.91,85.76,0.938,-1,-1,-1
623,175,1534.35,878.18,120.52,193.6,0.9223,-1,-1,-1
623,249,1018.03,333.52,38.25,93.65,0.9059,-1,-1,-1
623,208,1839.08,232.61,35.6,97.43,0.898,-1,-1,-1
623,146,1073.77,154.29,41.43,89.43,0.889,-1,-1,-1
623,158,880.0,147.53,31.17,84.89,0.5837,-1,-1,-1
624,140,463.0,315.77,75.23,112.16,0.9807,-1,-1,-1
624,209,1689.06,381.73,63.78,116.21,0.9776,-1,-1,-1
624,154,870.54,246.43,67.46,95.47,0.9756,-1,-1,-1
624,192,192.17,539.23,76.37,140.71,0.9754,-1,-1,-1
624,197,1536.73,510.9,58.99,142.68,0.9732,-1,-1,-1
624,204,1689.72,484.81,54.2,124.66,0.9695,-1,-1,-1
624,257,1821.48,370.88,51.5,125.66,0.9676,-1,-1,-1
624,206,1741.68,238.03,44.72,96.99,0.9669,-1,-1,-1
624,191,638.03,207.24,43.18,95.11,0.9655,-1,-1,-1
624,249,1024.45,336.43,46.05,90.45,0.9565,-1,-1,-1
624,175,1558.15,877.23,108.27,195.04,0.9547,-1,-1,-1
624,286,1016.17,252.67,36.05,84.55,0.9532,-1,-1,-1
624,144,917.34,326.44,36.46,108.71,0.9522,-1,-1,-1
624,147,713.76,236.55,36.36,86.11,0.944,-1,-1,-1
624,307,1868.27,276.33,31.71,86.75,0.9324,-1,-1,-1
624,208,1849.63,231.24,35.75,97.83,0.8856,-1,-1,-1
624,146,1085.29,119.37,43.44,125.57,0.6691,-1,-1,-1
625,140,474.1,315.78,77.24,110.01,0.9758,-1,-1,-1
625,154,875.37,246.92,73.32,95.96,0.9748,-1,-1,-1
625,192,204.02,537.7,79.67,140.31,0.9728,-1,-1,-1
625,209,1706.42,381.58,59.25,115.41,0.9728,-1,-1,-1
625,197,1551.76,511.38,66.42,142.76,0.972,-1,-1,-1
625,286,1018.34,251.66,41.06,88.92,0.9712,-1,-1,-1
625,257,1835.57,371.79,50.69,124.6,0.971,-1,-1,-1
625,204,1702.98,484.52,54.85,123.86,0.9701,-1,-1,-1
625,206,1754.99,241.8,43.85,92.79,0.9645,-1,-1,-1
625,191,652.65,209.5,43.73,90.79,0.9636,-1,-1,-1
625,249,1035.47,336.89,48.87,91.14,0.9527,-1,-1,-1
625,147,728.05,237.08,36.76,85.96,0.9499,-1,-1,-1
625,144,930.91,324.29,34.75,110.93,0.9432,-1,-1,-1
625,175,1588.75,879.27,88.95,190.29,0.9401,-1,-1,-1
625,307,1882.39,277.9,30.39,86.27,0.9239,-1,-1,-1
625,208,1860.44,230.96,35.63,98.02,0.9121,-1,-1,-1
625,310,1422.61,287.92,36.13,107.85,0.7711,-1,-1,-1
625,146,1098.77,122.27,43.34,122.65,0.7613,-1,-1,-1
626,140,473.99,315.77,77.49,110.22,0.9756,-1,-1,-1
626,154,875.38,246.91,73.45,95.94,0.9749,-1,-1,-1
626,192,204.01,537.71,79.69,140.3,0.9728,-1,-1,-1
626,209,1706.41,381.57,59.23,115.45,0.9727,-1,-1,-1
626,197,1551.75,511.4,66.39,142.79,0.972,-1,-1,-1
626,257,1835.56,371.81,50.67,124.6,0.9709,-1,-1,-1
626,286,1018.4,251.7,40.98,88.85,0.9706,-1,-1,-1
626,204,1702.97,483.82,54.87,124.58,0.9699,-1,-1,-1
626,206,1755.04,242.01,43.85,92.5,0.9643,-1,-1,-1
626,191,652.23,209.25,43.97,91.46,0.9636,-1,-1,-1
626,249,1035.51,336.83,48.8,91.14,0.9514,-1,-1,-1
626,147,728.09,237.12,36.72,85.94,0.9507,-1,-1,-1
626,144,930.98,324.59,34.71,110.74,0.9428,-1,-1,-1
626,175,1588.76,879.27,88.96,190.26,0.9394,-1,-1,-1
626,307,1882.52,277.71,30.22,86.53,0.9252,-1,-1,-1
626,208,1860.7,231.57,35.26,97.25,0.8922,-1,-1,-1
626,310,1422.6,287.91,36.15,107.86,0.7602,-1,-1,-1
626,146,1098.79,122.12,43.3,122.86,0.7464,-1,-1,-1
627,140,487.53,315.54,73.76,109.59,0.9805,-1,-1,-1
627,197,1566.29,511.0,71.69,142.25,0.977,-1,-1,-1
627,286,1015.04,252.01,50.64,90.07,0.9753,-1,-1,-1
627,192,216.55,537.61,77.19,138.46,0.9743,-1,-1,-1
627,154,886.88,248.15,65.3,95.08,0.9722,-1,-1,-1
627,257,1849.47,370.91,50.37,124.72,0.972,-1,-1,-1
627,209,1726.12,380.37,52.51,115.66,0.9711,-1,-1,-1
627,204,1714.8,486.22,56.42,121.89,0.9664,-1,-1,-1
627,206,1768.47,238.04,41.99,96.36,0.9664,-1,-1,-1
627,191,667.03,209.7,44.01,90.66,0.9635,-1,-1,-1
627,249,1047.92,335.9,47.88,92.25,0.957,-1,-1,-1
627,147,742.33,235.45,37.08,87.45,0.9392,-1,-1,-1
627,208,1870.56,230.18,35.55,98.58,0.9341,-1,-1,-1
627,144,943.7,324.41,32.85,108.42,0.9042,-1,-1,-1
627,307,1899.38,266.94,20.62,95.18,0.8666,-1,-1,-1
627,175,1616.95,879.77,77.65,189.01,0.8562,-1,-1,-1
627,310,1434.81,287.34,35.13,105.73,0.8185,-1,-1,-1
627,146,1112.53,130.91,43.36,115.33,0.7846,-1,-1,-1
628,209,1745.91,379.32,46.4,113.58,0.9772,-1,-1,-1
628,140,500.95,315.79,68.91,108.17,0.9771,-1,-1,-1
628,197,1580.92,511.31,70.34,140.37,0.9739,-1,-1,-1
628,154,902.39,250.31,49.86,92.33,0.9735,-1,-1,-1
628,286,1018.68,252.74,56.77,92.14,0.9728,-1,-1,-1
628,192,228.25,535.52,71.33,139.4,0.9724,-1,-1,-1
628,204,1727.63,484.0,56.21,123.04,0.9718,-1,-1,-1
628,257,1863.41,370.85,49.76,125.54,0.9697,-1,-1,-1
628,206,1781.93,236.78,41.32,96.88,0.9668,-1,-1,-1
628,249,1061.16,329.22,48.04,97.39,0.9631,-1,-1,-1
628,191,679.63,209.82,45.89,88.97,0.9623,-1,-1,-1
628,147,755.61,233.24,37.03,88.67,0.9322,-1,-1,-1
628,175,1648.13,874.27,66.8,186.35,0.9284,-1,-1,-1
628,144,957.22,322.36,29.73,109.84,0.9076,-1,-1,-1
628,310,1447.13,288.06,33.63,104.22,0.8825,-1,-1,-1
628,208,1881.6,228.14,35.33,97.52,0.8647,-1,-1,-1
628,146,1128.3,127.71,43.41,117.58,0.6378,-1,-1,-1
629,140,513.81,314.37,63.11,107.53,0.9778,-1,-1,-1
629,286,1023.9,254.38,58.68,91.16,0.9777,-1,-1,-1
629,197,1592.74,510.81,73.44,139.88,0.9765,-1,-1,-1
629,192,239.56,537.12,68.86,136.21,0.9743,-1,-1,-1
629,206,1794.65,234.67,40.95,98.19,0.9711,-1,-1,-1
629,249,1074.56,331.63,46.86,94.22,0.971,-1,-1,-1
629,209,1767.63,376.85,39.14,116.48,0.9679,-1,-1,-1
629,257,1876.35,371.53,43.65,123.79,0.9667,-1,-1,-1
629,154,911.87,248.83,37.61,91.56,0.9625,-1,-1,-1
629,191,694.35,208.73,46.06,89.9,0.9621,-1,-1,-1
629,204,1739.8,484.26,58.12,121.78,0.9546,-1,-1,-1
629,175,1669.51,871.24,68.71,187.69,0.9384,-1,-1,-1
629,208,1888.34,226.81,31.66,98.41,0.9273,-1,-1,-1
629,147,769.3,231.35,35.58,88.83,0.9232,-1,-1,-1
629,144,968.18,322.51,29.08,109.86,0.9132,-1,-1,-1
629,310,1458.91,287.02,31.33,103.51,0.7491,-1,-1,-1
629,146,1141.17,127.44,44.85,115.58,0.7332,-1,-1,-1
630,192,250.78,537.25,74.22,135.19,0.9733,-1,-1,-1
630,140,526.01,311.77,55.4,108.92,0.973,-1,-1,-1
630,197,1608.02,508.36,71.62,140.81,0.971,-1,-1,-1
630,206,1807.08,231.95,41.4,99.71,0.9693,-1,-1,-1
630,286,1034.63,255.21,54.63,90.94,0.9679,-1,-1,-1
630,249,1086.29,335.33,43.12,89.79,0.9664,-1,-1,-1
630,191,707.58,206.51,47.08,91.3,0.9618,-1,-1,-1
630,204,1754.03,489.8,56.41,115.83,0.9541,-1,-1,-1
630,154,917.59,247.39,32.28,91.44,0.9513,-1,-1,-1
630,175,1685.1,868.82,73.55,186.6,0.9501,-1,-1,-1
630,209,1785.85,374.01,35.36,118.07,0.9462,-1,-1,-1
630,144,978.19,322.54,32.25,106.89,0.9407,-1,-1,-1
630,147,782.58,229.5,34.83,89.17,0.937,-1,-1,-1
630,310,1470.64,285.54,29.66,105.41,0.9261,-1,-1,-1
630,257,1887.1,384.27,32.9,112.44,0.8819,-1,-1,-1
630,208,1898.14,221.93,21.24,102.61,0.7931,-1,-1,-1
630,146,1154.57,154.47,44.57,86.56,0.7638,-1,-1,-1
631,140,535.15,311.0,51.12,106.55,0.9754,-1,-1,-1
631,192,258.55,537.77,79.21,133.72,0.9729,-1,-1,-1
631,197,1622.28,505.97,71.58,140.99,0.9691,-1,-1,-1
631,286,1046.28,257.43,47.41,86.44,0.9675,-1,-1,-1
631,206,1818.4,234.05,42.68,97.24,0.962,-1,-1,-1
631,249,1096.36,334.25,38.86,90.21,0.9594,-1,-1,-1
631,144,988.82,321.61,33.97,105.97,0.9593,-1,-1,-1
631,154,923.64,245.65,33.35,93.08,0.9592,-1,-1,-1
631,147,795.73,228.1,33.61,90.89,0.9587,-1,-1,-1
631,204,1765.44,495.51,57.02,109.72,0.9541,-1,-1,-1
631,175,1698.33,866.17,82.07,189.55,0.9462,-1,-1,-1
631,191,719.13,204.87,49.27,93.17,0.9296,-1,-1,-1
631,209,1803.34,373.51,31.72,116.63,0.9265,-1,-1,-1
631,146,1167.35,155.26,47.34,84.94,0.9173,-1,-1,-1
631,310,1480.88,284.74,30.91,105.33,0.8793,-1,-1,-1
631,314,980.24,148.08,34.31,78.4,0.7892,-1,-1,-1
631,257,1901.12,401.35,18.39,94.23,0.715,-1,-1,-1
632,140,535.16,310.99,51.17,106.58,0.9755,-1,-1,-1
632,192,258.5,537.83,79.3,133.69,0.9729,-1,-1,-1
632,197,1622.15,505.92,71.77,141.03,0.969,-1,-1,-1
632,286,1046.28,257.38,47.42,86.54,0.968,-1,-1,-1
632,206,1818.41,234.2,42.67,97.07,0.9625,-1,-1,-1
632,249,1096.14,333.99,39.05,90.44,0.96,-1,-1,-1
632,154,923.64,245.68,33.36,93.07,0.9594,-1,-1,-1
632,144,988.86,321.59,33.97,105.97,0.9592,-1,-1,-1
632,147,795.78,228.07,33.6,90.92,0.959,-1,-1,-1
632,204,1765.38,494.83,57.09,110.38,0.9533,-1,-1,-1
632,175,1698.32,866.23,82.05,189.52,0.9466,-1,-1,-1
632,191,719.14,204.88,49.28,93.15,0.929,-1,-1,-1
632,209,1803.32,373.63,31.7,116.29,0.9262,-1,-1,-1
632,146,1167.39,155.36,47.36,84.85,0.9182,-1,-1,-1
632,310,1480.9,284.72,30.9,105.37,0.8859,-1,-1,-1
632,314,980.18,148.14,34.42,78.4,0.7855,-1,-1,-1
632,257,1901.23,401.5,18.28,93.76,0.7095,-1,-1,-1
633,192,265.3,536.61,89.17,136.71,0.9762,-1,-1,-1
633,197,1642.15,503.11,65.5,141.97,0.973,-1,-1,-1
633,154,920.07,244.57,46.35,92.34,0.9717,-1,-1,-1
633,206,1829.27,230.93,44.89,98.99,0.9706,-1,-1,-1
633,191,728.77,203.86,52.22,91.8,0.9699,-1,-1,-1
633,175,1708.49,868.05,94.65,188.98,0.9695,-1,-1,-1
633,140,546.3,307.54,42.0,107.64,0.969,-1,-1,-1
633,144,998.89,320.84,37.17,105.99,0.9648,-1,-1,-1
633,204,1776.84,480.34,56.23,123.62,0.9559,-1,-1,-1
633,146,1181.63,151.68,48.86,88.01,0.9558,-1,-1,-1
633,147,807.21,226.57,29.73,90.28,0.9417,-1,-1,-1
633,209,1819.83,368.25,32.46,119.4,0.9404,-1,-1,-1
633,286,1057.35,256.07,46.23,86.55,0.9106,-1,-1,-1
633,314,993.55,145.9,35.71,80.39,0.9093,-1,-1,-1
633,249,1102.81,335.11,36.12,87.32,0.9086,-1,-1,-1
633,310,1490.0,284.02,32.92,104.48,0.7849,-1,-1,-1
634,192,281.51,533.45,85.43,135.99,0.9767,-1,-1,-1
634,197,1662.15,500.65,57.72,141.71,0.9729,-1,-1,-1
634,286,1068.02,254.74,44.15,86.56,0.9724,-1,-1,-1
634,175,1721.52,869.29,99.47,187.23,0.972,-1,-1,-1
634,191,738.7,202.99,54.02,91.09,0.9696,-1,-1,-1
634,154,916.82,243.94,58.71,93.28,0.969,-1,-1,-1
634,315,0.0,325.0,43.81,118.6,0.9662,-1,-1,-1
634,144,1010.12,320.52,37.9,106.37,0.9661,-1,-1,-1
634,206,1840.46,232.55,46.79,97.13,0.9656,-1,-1,-1
634,209,1834.02,369.65,36.6,114.65,0.957,-1,-1,-1
634,204,1788.44,484.26,54.78,118.28,0.9514,-1,-1,-1
634,249,1108.73,332.8,39.74,87.66,0.9508,-1,-1,-1
634,147,819.33,225.31,28.28,91.11,0.948,-1,-1,-1
634,146,1198.97,152.36,47.04,87.11,0.9466,-1,-1,-1
634,314,1006.22,146.4,36.27,78.82,0.9154,-1,-1,-1
634,310,1497.11,281.89,37.33,106.35,0.7375,-1,-1,-1
634,140,560.77,306.77,32.6,76.93,0.6949,-1,-1,-1
635,192,292.53,530.47,75.88,135.98,0.9764,-1,-1,-1
635,154,918.62,244.49,65.36,92.79,0.9729,-1,-1,-1
635,209,1846.77,369.65,44.57,114.38,0.9726,-1,-1,-1
635,286,1077.54,253.74,42.23,89.44,0.9725,-1,-1,-1
635,191,749.4,200.41,53.4,91.56,0.9714,-1,-1,-1
635,144,1020.16,320.02,39.86,105.43,0.9703,-1,-1,-1
635,197,1676.74,499.12,57.13,141.92,0.9693,-1,-1,-1
635,206,1850.16,228.13,50.94,100.68,0.9679,-1,-1,-1
635,204,1799.85,478.25,52.72,122.94,0.9644,-1,-1,-1
635,315,11.74,323.62,53.34,117.58,0.9643,-1,-1,-1
635,249,1119.52,329.55,40.19,88.17,0.9516,-1,-1,-1
635,175,1737.61,866.82,103.23,185.87,0.9455,-1,-1,-1
635,147,831.07,224.19,29.13,90.2,0.9383,-1,-1,-1
635,314,1020.59,146.28,36.98,78.29,0.9291,-1,-1,-1
635,310,1503.81,281.51,43.24,105.58,0.9087,-1,-1,-1
635,140,572.85,304.27,30.21,76.6,0.8366,-1,-1,-1
635,146,1217.35,152.33,39.18,85.31,0.6888,-1,-1,-1
636,144,1030.05,319.06,42.74,105.59,0.973,-1,-1,-1
636,192,303.99,529.36,61.5,131.97,0.9725,-1,-1,-1
636,191,762.45,198.11,45.08,92.53,0.9725,-1,-1,-1
636,197,1692.65,498.24,54.12,140.28,0.972,-1,-1,-1
636,154,925.7,246.31,62.34,89.58,0.9718,-1,-1,-1
636,209,1859.9,369.96,50.49,114.41,0.9712,-1,-1,-1
636,315,26.76,323.11,55.32,116.39,0.9677,-1,-1,-1
636,175,1753.0,867.44,102.79,183.01,0.9661,-1,-1,-1
636,286,1081.53,253.34,47.89,90.8,0.9648,-1,-1,-1
636,310,1514.24,279.62,44.51,106.19,0.9624,-1,-1,-1
636,204,1811.09,479.64,48.56,120.86,0.962,-1,-1,-1
636,206,1860.89,230.1,53.31,97.17,0.959,-1,-1,-1
636,147,842.66,221.67,29.97,91.77,0.9499,-1,-1,-1
636,317,575.0,313.82,44.34,97.25,0.8875,-1,-1,-1
636,249,1133.9,329.68,35.29,88.45,0.8861,-1,-1,-1
636,314,1034.28,145.88,35.5,77.34,0.8459,-1,-1,-1
636,140,582.08,303.67,32.96,72.77,0.8067,-1,-1,-1
636,146,1237.65,146.22,32.82,88.58,0.6755,-1,-1,-1
637,144,1041.12,318.77,42.9,105.77,0.9757,-1,-1,-1
637,204,1821.79,476.13,45.28,123.04,0.9742,-1,-1,-1
637,154,938.67,247.67,52.23,87.35,0.9732,-1,-1,-1
637,175,1770.63,865.03,97.01,182.49,0.9728,-1,-1,-1
637,286,1089.58,252.93,47.99,90.73,0.9724,-1,-1,-1
637,192,311.18,527.98,61.99,131.67,0.9724,-1,-1,-1
637,209,1874.93,371.16,45.07,110.99,0.9719,-1,-1,-1
637,317,580.57,301.95,53.07,108.95,0.9703,-1,-1,-1
637,197,1705.2,497.16,57.13,139.69,0.9694,-1,-1,-1
637,315,41.34,320.92,60.97,117.73,0.9669,-1,-1,-1
637,249,1140.92,324.8,37.94,94.72,0.964,-1,-1,-1
637,191,775.43,194.95,37.99,94.8,0.9635,-1,-1,-1
637,147,853.17,220.86,32.97,91.67,0.9572,-1,-1,-1
637,206,1874.41,228.56,45.59,97.69,0.9549,-1,-1,-1
637,310,1525.07,279.28,45.2,105.2,0.9428,-1,-1,-1
637,314,1049.44,145.97,33.86,76.82,0.6422,-1,-1,-1
637,146,1255.04,145.25,32.62,87.83,0.5432,-1,-1,-1
638,144,1041.05,318.76,42.96,105.8,0.9758,-1,-1,-1
638,204,1821.81,476.13,45.27,123.06,0.9742,-1,-1,-1
638,154,938.62,247.66,52.28,87.35,0.9734,-1,-1,-1
638,175,1770.59,865.16,97.02,182.34,0.9726,-1,-1,-1
638,286,1089.58,252.91,48.0,90.68,0.9725,-1,-1,-1
638,192,311.19,527.95,62.25,131.69,0.9723,-1,-1,-1
638,209,1874.93,371.16,45.07,110.99,0.9718,-1,-1,-1
638,317,580.38,301.98,53.22,108.95,0.9706,-1,-1,-1
638,197,1705.21,497.11,57.11,139.76,0.9695,-1,-1,-1
638,315,41.4,320.97,60.97,117.68,0.9671,-1,-1,-1
638,191,775.38,195.02,37.98,94.75,0.9637,-1,-1,-1
638,249,1141.04,324.82,37.81,94.73,0.9636,-1,-1,-1
638,147,853.18,220.89,32.96,91.62,0.9568,-1,-1,-1
638,206,1874.41,228.58,45.59,97.68,0.955,-1,-1,-1
638,310,1525.17,279.28,45.09,105.18,0.9414,-1,-1,-1
638,314,1049.44,146.15,33.74,76.64,0.5816,-1,-1,-1
638,146,1255.02,145.27,32.68,87.93,0.5543,-1,-1,-1
639,192,318.72,526.39,64.18,133.13,0.9735,-1,-1,-1
639,144,1049.92,317.99,45.17,104.28,0.9726,-1,-1,-1
639,286,1098.16,254.64,47.33,88.78,0.9724,-1,-1,-1
639,315,55.95,318.58,63.06,117.62,0.9714,-1,-1,-1
639,197,1718.41,496.1,58.67,138.07,0.9691,-1,-1,-1
639,317,590.61,301.56,56.55,108.16,0.9659,-1,-1,-1
639,204,1833.33,476.23,40.32,121.12,0.9644,-1,-1,-1
639,154,951.32,247.92,45.86,85.98,0.9644,-1,-1,-1
639,175,1789.02,862.28,91.82,184.97,0.958,-1,-1,-1
639,249,1152.67,324.53,36.13,94.66,0.9564,-1,-1,-1
639,147,863.69,219.62,35.39,90.83,0.9525,-1,-1,-1
639,310,1536.39,277.58,43.27,106.38,0.9422,-1,-1,-1
639,209,1886.98,369.49,33.02,113.36,0.9394,-1,-1,-1
639,206,1885.34,229.26,34.66,97.06,0.9105,-1,-1,-1
639,191,787.15,192.41,34.12,94.61,0.8917,-1,-1,-1
639,314,1065.04,147.59,30.68,73.19,0.7099,-1,-1,-1
640,192,318.02,527.56,78.85,130.76,0.9742,-1,-1,-1
640,144,1057.89,316.91,48.78,105.59,0.9728,-1,-1,-1
640,315,71.73,317.36,64.0,117.95,0.9709,-1,-1,-1
640,197,1732.33,494.37,58.45,138.12,0.9699,-1,-1,-1
640,317,603.13,300.96,57.44,108.84,0.9683,-1,-1,-1
640,286,1105.61,258.06,48.5,89.18,0.968,-1,-1,-1
640,249,1160.36,324.28,38.9,96.89,0.9658,-1,-1,-1
640,175,1809.66,861.54,81.91,182.91,0.9639,-1,-1,-1
640,204,1842.92,472.46,40.11,123.05,0.9609,-1,-1,-1
640,147,873.85,220.11,38.61,88.43,0.9608,-1,-1,-1
640,154,961.73,245.8,44.45,86.54,0.9555,-1,-1,-1
640,191,798.26,192.5,32.93,93.73,0.9546,-1,-1,-1
640,209,1899.12,371.0,20.37,109.35,0.9164,-1,-1,-1
640,310,1548.18,277.2,40.96,105.17,0.8004,-1,-1,-1
640,146,1285.19,146.96,31.16,87.99,0.5688,-1,-1,-1
640,314,1081.58,145.88,26.72,74.29,0.5562,-1,-1,-1
641,192,320.64,526.11,85.41,130.98,0.974,-1,-1,-1
641,144,1066.64,316.2,48.99,105.16,0.9734,-1,-1,-1
641,317,613.12,301.62,56.26,107.76,0.9718,-1,-1,-1
641,286,1117.29,258.6,44.48,88.41,0.97,-1,-1,-1
641,249,1164.81,323.83,42.93,98.8,0.9685,-1,-1,-1
641,154,967.46,244.66,49.02,88.11,0.9656,-1,-1,-1
641,315,86.64,316.38,64.4,117.38,0.9628,-1,-1,-1
641,147,885.34,219.57,39.17,87.91,0.9613,-1,-1,-1
641,175,1828.68,860.98,77.83,185.73,0.9613,-1,-1,-1
641,191,809.35,192.15,33.45,93.38,0.959,-1,-1,-1
641,197,1745.05,493.34,59.0,138.17,0.9377,-1,-1,-1
641,204,1853.7,481.58,34.89,112.72,0.9051,-1,-1,-1
641,310,1560.37,276.1,37.44,106.07,0.8481,-1,-1,-1
641,314,1097.58,143.36,24.35,75.83,0.6735,-1,-1,-1
641,146,1297.98,152.39,30.66,83.77,0.3026,-1,-1,-1
642,192,328.59,524.38,91.73,132.72,0.984,-1,-1,-1
642,286,1127.11,259.3,42.86,86.68,0.9749,-1,-1,-1
642,144,1074.53,316.4,49.15,105.07,0.9741,-1,-1,-1
642,317,626.22,301.76,51.08,106.85,0.9717,-1,-1,-1
642,315,100.31,315.68,66.4,117.35,0.9716,-1,-1,-1
642,197,1756.78,492.84,57.79,137.96,0.9702,-1,-1,-1
642,154,971.36,244.0,54.06,89.94,0.9659,-1,-1,-1
642,147,896.07,218.91,40.08,88.01,0.9643,-1,-1,-1
642,191,820.57,193.15,32.79,91.99,0.9638,-1,-1,-1
642,204,1862.9,472.57,40.29,121.77,0.9633,-1,-1,-1
642,249,1174.91,326.33,42.09,96.05,0.961,-1,-1,-1
642,175,1844.19,858.98,74.96,187.01,0.9575,-1,-1,-1
642,314,1111.66,143.1,23.38,77.16,0.6014,-1,-1,-1
642,310,1570.06,276.93,36.53,104.34,0.5559,-1,-1,-1
642,146,1312.21,147.76,33.23,86.34,0.4803,-1,-1,-1
643,192,340.69,523.9,88.09,133.97,0.9751,-1,-1,-1
643,154,977.22,245.06,54.66,90.32,0.9751,-1,-1,-1
643,315,114.68,317.28,66.29,115.94,0.9704,-1,-1,-1
643,286,1136.53,258.51,41.01,86.91,0.9703,-1,-1,-1
643,144,1083.09,315.92,51.51,105.9,0.9699,-1,-1,-1
643,204,1870.12,472.07,43.89,121.63,0.9695,-1,-1,-1
643,317,632.94,301.59,51.4,106.4,0.9691,-1,-1,-1
643,147,907.33,218.99,39.16,87.7,0.9642,-1,-1,-1
643,175,1860.04,861.9,59.96,174.39,0.964,-1,-1,-1
643,191,827.11,195.64,36.81,89.16,0.9616,-1,-1,-1
643,197,1768.97,490.91,57.6,139.45,0.9615,-1,-1,-1
643,249,1177.62,327.34,47.8,93.77,0.9614,-1,-1,-1
643,146,1327.82,152.07,30.61,83.93,0.831,-1,-1,-1
643,314,1122.63,143.11,27.34,76.06,0.7805,-1,-1,-1
643,310,1578.67,275.62,36.32,104.78,0.537,-1,-1,-1
644,192,340.74,523.88,88.03,134.13,0.975,-1,-1,-1
644,154,977.33,245.02,54.49,90.25,0.9748,-1,-1,-1
644,315,114.77,317.25,66.2,115.94,0.9703,-1,-1,-1
644,286,1136.46,258.48,41.07,86.95,0.9703,-1,-1,-1
644,204,1870.09,471.92,43.97,121.77,0.9698,-1,-1,-1
644,144,1083.22,315.9,51.34,105.88,0.9697,-1,-1,-1
644,317,632.91,301.6,51.45,106.37,0.969,-1,-1,-1
644,147,907.34,218.96,39.14,87.71,0.9643,-1,-1,-1
644,175,1860.05,861.96,59.95,174.41,0.9641,-1,-1,-1
644,191,826.87,194.92,37.11,89.88,0.9622,-1,-1,-1
644,197,1768.97,490.91,57.44,139.5,0.962,-1,-1,-1
644,249,1177.42,327.26,48.09,93.87,0.9614,-1,-1,-1
644,146,1327.84,152.38,30.59,83.58,0.8218,-1,-1,-1
644,314,1122.63,143.0,27.32,76.15,0.7443,-1,-1,-1
644,310,1578.72,275.63,36.27,104.74,0.5296,-1,-1,-1
645,144,1092.68,315.46,50.99,105.21,0.9736,-1,-1,-1
645,154,984.9,247.47,55.07,89.53,0.9734,-1,-1,-1
645,315,129.64,318.72,65.25,113.84,0.9729,-1,-1,-1
645,249,1183.88,328.0,53.26,91.86,0.9698,-1,-1,-1
645,197,1782.34,489.03,53.15,137.85,0.9683,-1,-1,-1
645,286,1144.85,258.03,41.39,87.73,0.9676,-1,-1,-1
645,192,355.32,523.96,77.68,134.12,0.9676,-1,-1,-1
645,191,829.13,197.9,47.21,86.98,0.9659,-1,-1,-1
645,147,916.88,219.19,39.6,87.42,0.962,-1,-1,-1
645,204,1877.34,473.1,41.81,122.67,0.9592,-1,-1,-1
645,175,1872.93,861.53,47.07,166.05,0.9375,-1,-1,-1
645,317,641.54,303.64,46.33,102.77,0.9346,-1,-1,-1
645,146,1342.33,152.42,28.42,83.13,0.9083,-1,-1,-1
645,314,1134.38,143.34,27.92,75.2,0.8057,-1,-1,-1
645,310,1586.51,275.53,36.23,104.41,0.6516,-1,-1,-1
646,192,367.45,520.63,69.44,134.73,0.9779,-1,-1,-1
646,286,1151.9,257.01,42.92,89.21,0.972,-1,-1,-1
646,315,144.09,320.03,64.86,113.77,0.9719,-1,-1,-1
646,191,833.39,200.13,53.63,84.71,0.9717,-1,-1,-1
646,154,993.18,248.85,54.11,90.6,0.9708,-1,-1,-1
646,197,1794.07,486.44,52.81,139.7,0.9703,-1,-1,-1
646,249,1196.05,327.35,50.53,91.45,0.9699,-1,-1,-1
646,144,1104.3,315.86,50.68,105.59,0.9697,-1,-1,-1
646,147,927.31,219.38,38.04,86.92,0.9683,-1,-1,-1
646,204,1885.35,475.88,34.65,119.66,0.9409,-1,-1,-1
646,314,1144.84,142.99,33.06,76.61,0.9146,-1,-1,-1
646,317,648.55,301.58,43.76,102.77,0.9044,-1,-1,-1
646,175,1885.4,862.37,34.6,158.52,0.901,-1,-1,-1
646,146,1354.11,157.61,26.33,78.18,0.7453,-1,-1,-1
647,154,1000.93,251.61,53.86,86.16,0.9745,-1,-1,-1
647,315,156.95,321.08,63.87,114.36,0.974,-1,-1,-1
647,192,376.88,517.72,64.63,136.8,0.9722,-1,-1,-1
647,249,1208.11,325.54,44.09,97.55,0.9721,-1,-1,-1
647,286,1160.28,255.83,43.33,91.85,0.9717,-1,-1,-1
647,191,841.7,199.07,55.19,85.23,0.9712,-1,-1,-1
647,144,1113.76,316.37,48.85,105.18,0.9709,-1,-1,-1
647,317,656.73,300.49,43.84,107.24,0.9669,-1,-1,-1
647,197,1805.81,485.87,49.47,133.87,0.965,-1,-1,-1
647,147,935.83,218.64,36.16,87.05,0.9641,-1,-1,-1
647,314,1155.14,141.33,37.5,77.15,0.9511,-1,-1,-1
647,146,1363.87,154.95,29.86,80.85,0.9309,-1,-1,-1
647,204,1894.41,484.7,25.59,114.22,0.9066,-1,-1,-1
647,175,1893.56,881.45,26.44,141.83,0.8097,-1,-1,-1
647,310,1598.29,275.05,41.6,105.64,0.5958,-1,-1,-1
648,144,1121.76,317.66,48.29,103.04,0.9741,-1,-1,-1
648,192,383.65,516.37,59.24,137.05,0.9739,-1,-1,-1
648,154,1010.19,252.32,52.15,84.13,0.9739,-1,-1,-1
648,249,1215.21,324.71,43.58,100.09,0.9716,-1,-1,-1
648,315,170.35,320.53,62.56,113.07,0.9702,-1,-1,-1
648,197,1813.25,481.88,50.73,136.69,0.969,-1,-1,-1
648,317,665.69,300.93,44.48,106.16,0.9667,-1,-1,-1
648,286,1166.73,257.01,44.38,88.59,0.9664,-1,-1,-1
648,191,849.69,198.2,55.82,86.39,0.9653,-1,-1,-1
648,147,945.12,217.9,33.33,87.61,0.9644,-1,-1,-1
648,314,1162.89,141.34,41.35,76.85,0.9596,-1,-1,-1
648,146,1373.0,153.35,33.04,81.51,0.9542,-1,-1,-1
648,204,1899.91,487.59,19.9,115.13,0.8009,-1,-1,-1
648,310,1605.22,274.07,42.84,107.97,0.6274,-1,-1,-1
649,192,382.77,515.71,65.91,138.83,0.9788,-1,-1,-1
649,315,183.0,319.8,58.54,113.55,0.9719,-1,-1,-1
649,154,1017.87,252.02,50.98,85.03,0.9711,-1,-1,-1
649,144,1130.08,317.56,46.91,103.61,0.9709,-1,-1,-1
649,197,1821.66,479.19,52.37,136.58,0.9706,-1,-1,-1
649,249,1222.23,325.54,40.33,99.2,0.9699,-1,-1,-1
649,286,1175.45,257.56,42.65,86.35,0.9692,-1,-1,-1
649,191,857.84,197.14,54.35,86.47,0.9686,-1,-1,-1
649,317,675.54,300.24,42.61,106.47,0.9605,-1,-1,-1
649,147,953.44,218.34,30.89,85.99,0.9588,-1,-1,-1
649,146,1380.47,151.19,36.37,84.36,0.9541,-1,-1,-1
649,314,1171.49,140.79,41.78,76.43,0.9535,-1,-1,-1
649,204,1904.96,495.31,15.03,101.53,0.7489,-1,-1,-1
649,310,1609.09,273.42,45.13,106.61,0.6028,-1,-1,-1
650,192,382.76,515.73,65.92,138.8,0.9788,-1,-1,-1
650,315,182.99,319.84,58.48,113.51,0.9719,-1,-1,-1
650,154,1017.84,252.02,51.02,85.07,0.9712,-1,-1,-1
650,144,1130.08,317.57,46.95,103.55,0.971,-1,-1,-1
650,197,1821.68,479.15,52.47,136.63,0.9705,-1,-1,-1
650,249,1222.25,325.53,40.35,99.15,0.9699,-1,-1,-1
650,286,1175.5,257.57,42.57,86.33,0.9691,-1,-1,-1
650,191,857.83,197.19,54.39,86.43,0.9686,-1,-1,-1
650,317,675.51,300.25,42.56,106.41,0.9596,-1,-1,-1
650,147,953.43,218.34,30.87,85.97,0.9589,-1,-1,-1
650,314,1171.51,140.32,41.7,76.9,0.9535,-1,-1,-1
650,146,1380.48,151.48,36.29,84.03,0.9534,-1,-1,-1
650,204,1904.9,495.31,15.1,101.65,0.7606,-1,-1,-1
650,310,1609.08,273.45,45.16,106.75,0.632,-1,-1,-1
650,321,1904.16,476.89,14.78,61.01,0.4157,-1,-1,-1
651,192,382.64,515.57,72.36,138.48,0.9753,-1,-1,-1
651,154,1026.51,250.36,50.77,84.63,0.9732,-1,-1,-1
651,197,1830.78,477.56,50.78,135.63,0.9731,-1,-1,-1
651,144,1136.44,317.62,47.61,102.62,0.9727,-1,-1,-1
651,315,194.82,318.96,56.68,112.61,0.9692,-1,-1,-1
651,317,684.97,301.61,39.99,104.78,0.968,-1,-1,-1
651,191,865.96,194.47,50.98,88.9,0.9675,-1,-1,-1
651,146,1389.11,149.28,38.8,85.69,0.9651,-1,-1,-1
651,249,1228.17,326.2,39.1,99.62,0.9646,-1,-1,-1
651,286,1180.97,259.83,43.6,77.55,0.9584,-1,-1,-1
651,147,962.4,216.52,28.95,87.59,0.952,-1,-1,-1
651,314,1179.54,141.05,42.69,76.46,0.939,-1,-1,-1
651,310,1616.22,273.73,44.43,106.41,0.9378,-1,-1,-1
652,192,387.91,515.8,74.9,137.95,0.9801,-1,-1,-1
652,144,1143.95,317.83,46.64,102.48,0.9743,-1,-1,-1
652,197,1838.47,475.76,49.16,137.14,0.974,-1,-1,-1
652,191,874.0,193.89,43.5,87.68,0.9731,-1,-1,-1
652,315,204.63,316.28,50.21,113.85,0.9722,-1,-1,-1
652,317,689.65,301.75,42.29,105.2,0.9698,-1,-1,-1
652,154,1034.0,246.59,51.78,87.48,0.9693,-1,-1,-1
652,249,1234.66,327.92,38.03,97.43,0.9681,-1,-1,-1
652,146,1397.46,152.05,41.59,83.96,0.9622,-1,-1,-1
652,286,1187.38,261.43,42.25,82.59,0.9618,-1,-1,-1
652,310,1620.27,272.97,45.12,106.63,0.9523,-1,-1,-1
652,147,968.85,216.43,28.37,87.37,0.9522,-1,-1,-1
652,314,1188.75,141.36,41.92,75.64,0.9515,-1,-1,-1
653,192,394.73,517.2,76.92,135.02,0.9752,-1,-1,-1
653,144,1150.09,316.29,44.22,102.33,0.9739,-1,-1,-1
653,317,696.67,302.78,40.45,103.54,0.9699,-1,-1,-1
653,154,1042.32,244.58,53.03,90.11,0.9673,-1,-1,-1
653,197,1846.76,474.01,49.42,136.91,0.966,-1,-1,-1
653,249,1240.09,329.39,36.77,95.18,0.9619,-1,-1,-1
653,191,882.33,192.82,34.64,87.7,0.9601,-1,-1,-1
653,286,1193.79,263.07,39.85,76.35,0.9596,-1,-1,-1
653,147,975.91,216.05,26.87,86.78,0.9431,-1,-1,-1
653,146,1408.09,153.53,37.87,82.8,0.9354,-1,-1,-1
653,314,1198.55,137.09,39.64,78.82,0.9201,-1,-1,-1
653,310,1627.22,273.77,43.42,105.83,0.9096,-1,-1,-1
653,315,214.34,314.54,51.68,114.01,0.8863,-1,-1,-1
654,192,403.8,516.97,73.6,133.93,0.9785,-1,-1,-1
654,197,1850.93,473.31,52.9,135.69,0.9749,-1,-1,-1
654,315,222.09,312.82,50.95,113.63,0.9735,-1,-1,-1
654,154,1048.79,243.25,53.49,91.0,0.9732,-1,-1,-1
654,144,1155.35,314.85,43.31,103.61,0.97,-1,-1,-1
654,317,701.31,303.08,40.43,102.2,0.9661,-1,-1,-1
654,286,1199.97,261.33,38.28,83.56,0.9646,-1,-1,-1
654,191,887.58,191.15,29.71,88.78,0.9631,-1,-1,-1
654,249,1244.62,329.49,35.05,93.4,0.9533,-1,-1,-1
654,147,980.97,216.75,27.48,84.45,0.9453,-1,-1,-1
654,146,1417.2,157.08,36.58,77.99,0.9328,-1,-1,-1
654,310,1632.34,271.79,43.09,105.37,0.9274,-1,-1,-1
654,314,1207.21,135.36,37.18,79.04,0.9154,-1,-1,-1
655,192,407.01,515.59,74.42,133.42,0.976,-1,-1,-1
655,197,1855.95,471.22,53.18,135.23,0.9756,-1,-1,-1
655,315,228.13,309.61,51.61,114.74,0.9742,-1,-1,-1
655,317,706.94,303.24,39.57,99.75,0.9694,-1,-1,-1
655,144,1159.98,313.07,41.73,103.02,0.9692,-1,-1,-1
655,154,1054.92,241.85,53.66,94.56,0.9672,-1,-1,-1
655,249,1247.41,327.03,33.98,94.04,0.9635,-1,-1,-1
655,286,1204.08,259.36,39.39,86.12,0.963,-1,-1,-1
655,191,890.83,190.75,29.53,87.98,0.956,-1,-1,-1
655,147,986.42,215.2,27.53,85.02,0.9412,-1,-1,-1
655,314,1214.79,137.43,34.09,76.15,0.9304,-1,-1,-1
655,310,1635.42,271.55,43.7,103.39,0.8894,-1,-1,-1
655,146,1429.12,164.15,30.29,68.93,0.8821,-1,-1,-1
656,192,407.06,515.6,74.43,133.43,0.976,-1,-1,-1
656,197,1855.99,471.22,53.13,135.34,0.9755,-1,-1,-1
656,315,228.09,309.61,51.67,114.72,0.9742,-1,-1,-1
656,317,706.94,303.24,39.54,99.77,0.9694,-1,-1,-1
656,144,1159.99,313.01,41.75,103.07,0.9693,-1,-1,-1
656,154,1054.86,241.79,53.77,94.54,0.9673,-1,-1,-1
656,249,1247.39,326.98,34.03,94.07,0.9628,-1,-1,-1
656,286,1204.11,259.35,39.41,85.98,0.9626,-1,-1,-1
656,191,890.86,190.75,29.61,88.03,0.9557,-1,-1,-1
656,147,986.4,215.49,28.09,84.77,0.939,-1,-1,-1
656,314,1214.83,137.12,34.3,76.38,0.9287,-1,-1,-1
656,310,1635.41,271.02,44.3,104.68,0.8933,-1,-1,-1
656,146,1429.26,163.72,30.14,69.35,0.8805,-1,-1,-1
657,197,1859.83,467.98,52.85,135.31,0.9763,-1,-1,-1
657,315,230.99,308.99,52.86,113.44,0.9755,-1,-1,-1
657,192,409.12,512.95,75.83,132.58,0.9745,-1,-1,-1
657,154,1061.94,241.7,51.49,94.07,0.9738,-1,-1,-1
657,317,710.67,301.33,39.57,100.15,0.9716,-1,-1,-1
657,144,1163.72,311.12,38.45,103.97,0.97,-1,-1,-1
657,249,1249.48,325.1,34.51,94.45,0.9671,-1,-1,-1
657,286,1207.03,256.31,41.31,90.34,0.9658,-1,-1,-1
657,191,892.08,189.02,31.94,87.33,0.963,-1,-1,-1
657,310,1639.32,268.85,42.97,104.65,0.9379,-1,-1,-1
657,147,988.37,215.58,32.52,83.86,0.9339,-1,-1,-1
657,146,1436.42,156.14,30.11,75.48,0.8875,-1,-1,-1
657,314,1225.58,135.99,28.06,77.09,0.8811,-1,-1,-1
658,197,1861.55,465.61,53.53,134.82,0.9763,-1,-1,-1
658,286,1210.11,254.05,42.92,94.96,0.9735,-1,-1,-1
658,192,414.2,509.37,68.61,134.94,0.9723,-1,-1,-1
658,315,235.15,306.47,54.81,114.72,0.9706,-1,-1,-1
658,144,1165.93,309.03,37.52,102.48,0.9694,-1,-1,-1
658,154,1068.1,242.78,46.44,91.78,0.9685,-1,-1,-1
658,191,893.31,186.96,32.76,88.74,0.9666,-1,-1,-1
658,317,714.44,299.94,38.93,98.19,0.9663,-1,-1,-1
658,249,1250.68,321.03,35.11,100.09,0.9611,-1,-1,-1
658,147,992.02,213.61,32.55,84.49,0.94,-1,-1,-1
658,310,1642.34,267.66,42.22,103.83,0.9301,-1,-1,-1
658,146,1441.56,153.08,30.39,75.85,0.919,-1,-1,-1
658,314,1234.49,134.78,23.6,75.05,0.8925,-1,-1,-1
659,197,1863.71,464.47,53.53,131.15,0.9735,-1,-1,-1
659,192,417.2,506.28,65.69,133.63,0.9728,-1,-1,-1
659,154,1071.6,243.38,44.77,89.43,0.9718,-1,-1,-1
659,315,238.83,305.11,54.58,114.9,0.9684,-1,-1,-1
659,317,717.66,298.22,38.53,97.19,0.9676,-1,-1,-1
659,249,1251.06,320.54,37.25,99.42,0.9654,-1,-1,-1
659,144,1167.77,307.79,37.5,101.88,0.9647,-1,-1,-1
659,286,1213.85,255.86,41.85,93.47,0.9612,-1,-1,-1
659,191,894.4,185.87,33.03,87.7,0.9598,-1,-1,-1
659,146,1445.76,146.39,32.2,81.01,0.9497,-1,-1,-1
659,314,1238.37,136.86,24.79,70.57,0.9222,-1,-1,-1
659,147,995.56,211.9,32.53,84.12,0.9157,-1,-1,-1
659,310,1645.68,265.6,39.67,102.58,0.6147,-1,-1,-1
660,154,1072.9,243.57,46.32,87.18,0.9761,-1,-1,-1
660,197,1863.76,462.49,54.78,131.28,0.9714,-1,-1,-1
660,315,241.26,304.3,55.71,114.05,0.9696,-1,-1,-1
660,249,1250.09,319.84,39.23,100.43,0.9678,-1,-1,-1
660,144,1168.94,307.52,37.48,102.34,0.9672,-1,-1,-1
660,317,719.7,298.02,38.01,95.87,0.9649,-1,-1,-1
660,191,894.31,185.62,33.37,86.98,0.9616,-1,-1,-1
660,192,407.89,504.74,77.03,131.02,0.9585,-1,-1,-1
660,286,1214.25,258.0,43.05,89.74,0.9462,-1,-1,-1
660,314,1240.82,132.17,27.5,73.17,0.9378,-1,-1,-1
660,147,997.23,210.33,32.41,82.48,0.9339,-1,-1,-1
660,146,1447.7,150.07,32.91,76.65,0.9276,-1,-1,-1
660,310,1647.17,264.02,39.14,101.88,0.8308,-1,-1,-1
661,154,1074.51,241.26,47.51,86.19,0.9742,-1,-1,-1
661,197,1863.26,459.27,55.8,131.01,0.9737,-1,-1,-1
661,315,242.32,304.44,58.62,111.81,0.9707,-1,-1,-1
661,144,1168.49,307.01,38.37,101.76,0.9697,-1,-1,-1
661,249,1250.36,320.3,37.92,101.64,0.9666,-1,-1,-1
661,317,721.01,293.41,38.22,98.36,0.9651,-1,-1,-1
661,191,892.9,183.92,34.59,87.8,0.9641,-1,-1,-1
661,286,1213.78,255.37,47.82,93.72,0.9612,-1,-1,-1
661,314,1241.91,131.19,32.49,72.14,0.9467,-1,-1,-1
661,147,997.85,208.31,32.7,83.81,0.9296,-1,-1,-1
661,192,400.62,503.08,75.09,130.77,0.9267,-1,-1,-1
661,146,1450.04,145.73,36.1,79.9,0.9126,-1,-1,-1
661,310,1647.62,263.04,38.64,101.16,0.8418,-1,-1,-1
662,154,1074.49,241.29,47.47,86.16,0.9743,-1,-1,-1
662,197,1863.21,459.27,55.88,130.97,0.9737,-1,-1,-1
662,315,242.25,304.47,58.68,111.81,0.9708,-1,-1,-1
662,144,1168.49,307.01,38.36,101.79,0.9698,-1,-1,-1
662,249,1250.45,320.37,37.82,101.59,0.966,-1,-1,-1
662,317,720.96,293.31,38.28,98.47,0.9653,-1,-1,-1
662,191,892.89,183.93,34.61,87.86,0.9642,-1,-1,-1
662,286,1213.78,255.44,47.8,93.59,0.9609,-1,-1,-1
662,314,1241.92,130.7,32.56,72.72,0.947,-1,-1,-1
662,147,997.84,208.3,32.8,83.82,0.9308,-1,-1,-1
662,192,400.58,503.06,75.71,130.87,0.9273,-1,-1,-1
662,146,1450.03,145.78,36.17,79.9,0.9182,-1,-1,-1
662,310,1647.61,263.04,38.67,101.18,0.858,-1,-1,-1
662,323,443.48,503.59,41.9,86.05,0.7881,-1,-1,-1
662,324,1.4,938.66,59.16,138.25,0.7785,-1,-1,-1
663,154,1074.61,239.46,52.81,86.9,0.9768,-1,-1,-1
663,197,1861.28,454.16,57.28,133.23,0.9749,-1,-1,-1
663,315,245.01,303.33,57.06,112.28,0.9716,-1,-1,-1
663,249,1248.78,321.49,38.52,98.96,0.9704,-1,-1,-1
663,144,1168.56,305.51,38.31,100.93,0.9699,-1,-1,-1
663,317,722.18,290.43,39.06,101.13,0.9694,-1,-1,-1
663,191,892.02,182.52,35.07,87.34,0.9669,-1,-1,-1
663,286,1219.02,256.01,44.73,92.06,0.9645,-1,-1,-1
663,146,1451.19,145.9,41.74,78.21,0.963,-1,-1,-1
663,314,1241.91,130.89,37.91,71.88,0.9575,-1,-1,-1
663,147,998.35,207.04,32.93,83.49,0.9474,-1,-1,-1
663,192,398.48,503.79,84.21,129.21,0.9262,-1,-1,-1
663,310,1647.77,260.56,38.19,102.54,0.9089,-1,-1,-1
663,324,0.86,935.96,61.13,141.16,0.8791,-1,-1,-1
664,197,1862.51,450.55,56.46,131.03,0.976,-1,-1,-1
664,154,1075.67,236.68,56.81,88.92,0.9735,-1,-1,-1
664,191,891.08,180.7,35.67,86.86,0.9708,-1,-1,-1
664,315,246.02,301.97,57.47,113.92,0.9706,-1,-1,-1
664,314,1241.33,128.47,43.39,71.98,0.9696,-1,-1,-1
664,144,1168.33,303.66,38.19,103.15,0.9691,-1,-1,-1
664,249,1247.69,321.82,37.51,95.13,0.9671,-1,-1,-1
664,286,1223.01,257.06,41.35,89.03,0.9665,-1,-1,-1
664,317,724.3,288.09,38.42,102.54,0.9619,-1,-1,-1
664,146,1455.02,148.45,38.43,75.05,0.9589,-1,-1,-1
664,147,998.38,204.6,32.1,84.02,0.939,-1,-1,-1
664,192,398.47,502.97,75.04,130.98,0.9273,-1,-1,-1
664,324,1.26,932.93,61.02,143.32,0.8196,-1,-1,-1
665,154,1078.95,235.13,56.36,87.32,0.9758,-1,-1,-1
665,197,1865.84,444.8,53.16,133.1,0.9755,-1,-1,-1
665,315,248.13,300.9,56.35,113.66,0.9722,-1,-1,-1
665,144,1166.86,303.31,38.88,102.14,0.9711,-1,-1,-1
665,314,1242.1,125.89,43.13,73.27,0.971,-1,-1,-1
665,191,890.86,177.81,34.61,87.54,0.9685,-1,-1,-1
665,249,1248.14,321.02,36.44,94.81,0.9657,-1,-1,-1
665,317,725.06,286.55,38.99,104.1,0.9644,-1,-1,-1
665,286,1224.05,255.35,43.4,88.08,0.9603,-1,-1,-1
665,147,997.79,201.4,32.21,85.57,0.9468,-1,-1,-1
665,146,1460.4,152.84,33.09,68.51,0.9326,-1,-1,-1
665,192,400.41,501.78,72.67,128.82,0.9086,-1,-1,-1
665,324,1.14,930.85,60.61,144.75,0.8703,-1,-1,-1
666,315,252.57,299.13,52.28,113.0,0.9739,-1,-1,-1
666,314,1243.1,126.29,41.84,70.89,0.9713,-1,-1,-1
666,154,1081.9,233.24,56.16,91.02,0.97,-1,-1,-1
666,144,1166.49,300.95,38.06,101.52,0.9697,-1,-1,-1
666,249,1245.48,318.08,37.89,96.1,0.9684,-1,-1,-1
666,317,725.02,286.28,40.85,104.94,0.9671,-1,-1,-1
666,197,1871.76,442.32,47.56,130.28,0.966,-1,-1,-1
666,286,1225.89,251.08,45.35,89.01,0.9657,-1,-1,-1
666,191,890.15,176.06,34.96,87.65,0.9634,-1,-1,-1
666,147,997.19,199.22,31.87,85.32,0.9582,-1,-1,-1
666,324,0.24,928.7,62.02,147.61,0.9567,-1,-1,-1
666,146,1466.84,140.42,30.06,79.37,0.9232,-1,-1,-1
666,192,402.1,498.1,71.19,135.0,0.9138,-1,-1,-1
667,315,254.88,295.83,50.43,113.58,0.9767,-1,-1,-1
667,317,724.93,286.37,41.79,102.17,0.9701,-1,-1,-1
667,144,1165.54,298.52,38.47,101.63,0.9701,-1,-1,-1
667,314,1244.72,125.16,39.29,69.64,0.9692,-1,-1,-1
667,197,1874.37,436.78,44.7,132.99,0.967,-1,-1,-1
667,324,0.0,924.42,62.24,153.14,0.9666,-1,-1,-1
667,249,1243.86,315.66,37.77,99.9,0.9662,-1,-1,-1
667,286,1227.06,247.37,46.37,90.56,0.9662,-1,-1,-1
667,191,888.68,174.02,36.05,87.86,0.9661,-1,-1,-1
667,192,403.09,502.84,59.93,129.2,0.9623,-1,-1,-1
667,154,1090.51,233.28,52.39,89.73,0.9494,-1,-1,-1
667,147,996.28,197.13,30.96,85.16,0.9458,-1,-1,-1
667,146,1471.82,145.91,25.92,71.93,0.9224,-1,-1,-1
667,326,388.74,494.06,67.59,56.0,0.7866,-1,-1,-1
667,310,1644.26,253.6,38.06,100.0,0.685,-1,-1,-1
668,315,254.9,295.85,50.45,113.58,0.9766,-1,-1,-1
668,317,724.94,286.37,41.8,102.18,0.9701,-1,-1,-1
668,144,1165.51,298.5,38.49,101.66,0.97,-1,-1,-1
668,314,1244.71,125.29,39.32,69.52,0.9692,-1,-1,-1
668,197,1874.19,436.8,44.82,133.04,0.9665,-1,-1,-1
668,286,1227.0,247.39,46.43,90.62,0.9664,-1,-1,-1
668,249,1243.85,315.63,37.76,99.9,0.9662,-1,-1,-1
668,324,0.0,924.45,62.22,153.16,0.9662,-1,-1,-1
668,191,888.7,174.03,36.02,87.82,0.9661,-1,-1,-1
668,192,403.08,503.14,59.2,128.88,0.9632,-1,-1,-1
668,154,1090.61,233.33,52.18,89.71,0.9475,-1,-1,-1
668,147,996.2,197.14,31.04,85.07,0.9458,-1,-1,-1
668,146,1471.81,145.58,26.06,72.34,0.9229,-1,-1,-1
668,326,388.82,494.01,67.91,56.22,0.7913,-1,-1,-1
668,310,1644.25,253.62,38.05,99.97,0.6741,-1,-1,-1
669,315,258.01,293.36,48.57,113.72,0.9756,-1,-1,-1
669,324,0.0,921.31,62.14,157.38,0.9729,-1,-1,-1
669,317,725.01,286.22,41.93,100.4,0.9696,-1,-1,-1
669,144,1164.72,296.59,38.79,102.63,0.9687,-1,-1,-1
669,154,1100.65,233.18,47.0,86.83,0.9681,-1,-1,-1
669,197,1875.81,432.59,42.93,133.5,0.9657,-1,-1,-1
669,286,1227.48,244.83,48.38,95.98,0.9645,-1,-1,-1
669,191,889.16,172.4,34.16,86.92,0.9627,-1,-1,-1
669,314,1246.91,125.46,36.3,66.32,0.9531,-1,-1,-1
669,249,1242.19,315.27,36.41,100.78,0.9478,-1,-1,-1
669,147,995.01,195.5,32.33,85.35,0.9473,-1,-1,-1
669,146,1470.86,138.49,30.35,76.66,0.9386,-1,-1,-1
669,192,399.33,500.89,62.79,128.25,0.9333,-1,-1,-1
669,310,1643.06,252.22,37.88,100.15,0.8838,-1,-1,-1
669,326,393.86,496.62,58.73,61.25,0.4184,-1,-1,-1
670,315,260.68,291.8,46.6,112.52,0.9761,-1,-1,-1
670,192,401.52,510.97,57.68,122.36,0.9715,-1,-1,-1
670,144,1163.02,295.92,39.86,101.69,0.9706,-1,-1,-1
670,286,1226.61,245.11,50.65,90.28,0.9678,-1,-1,-1
670,249,1239.55,316.75,37.02,99.05,0.9639,-1,-1,-1
670,197,1876.31,430.87,42.05,132.08,0.9633,-1,-1,-1
670,191,888.38,170.55,33.97,87.22,0.9633,-1,-1,-1
670,317,725.77,286.0,39.8,98.23,0.9576,-1,-1,-1
670,146,1469.62,142.08,33.19,72.07,0.94,-1,-1,-1
670,147,993.6,194.7,30.86,84.86,0.9392,-1,-1,-1
670,326,391.24,498.76,64.74,66.39,0.9372,-1,-1,-1
670,314,1249.47,124.54,32.54,65.73,0.9353,-1,-1,-1
670,154,1104.56,232.77,46.24,84.9,0.9121,-1,-1,-1
670,324,1.76,916.03,64.72,160.7,0.7129,-1,-1,-1
671,144,1161.64,295.21,40.46,99.0,0.9716,-1,-1,-1
671,154,1104.67,230.52,50.58,86.16,0.9713,-1,-1,-1
671,191,887.08,170.16,33.65,86.43,0.967,-1,-1,-1
671,315,266.04,290.06,41.41,112.45,0.9662,-1,-1,-1
671,192,399.12,506.0,62.06,132.2,0.9627,-1,-1,-1
671,317,726.03,284.72,38.21,97.26,0.9609,-1,-1,-1
671,286,1227.83,245.01,50.96,86.26,0.9603,-1,-1,-1
671,197,1873.53,429.91,42.73,130.65,0.9594,-1,-1,-1
671,146,1468.17,135.88,36.74,78.29,0.9566,-1,-1,-1
671,147,992.27,194.37,31.79,83.41,0.9483,-1,-1,-1
671,314,1253.4,122.39,28.8,66.41,0.941,-1,-1,-1
671,249,1238.97,317.18,34.89,97.87,0.9179,-1,-1,-1
671,326,394.94,500.6,59.47,74.06,0.8951,-1,-1,-1
671,324,1.57,912.25,68.08,163.86,0.5852,-1,-1,-1
671,310,1637.74,250.67,38.27,98.62,0.5298,-1,-1,-1
672,154,1104.87,227.94,53.49,87.92,0.9791,-1,-1,-1
672,197,1869.2,428.95,44.29,129.57,0.9739,-1,-1,-1
672,144,1160.53,295.08,39.12,99.65,0.9711,-1,-1,-1
672,191,885.36,169.23,32.88,87.16,0.9686,-1,-1,-1
672,192,399.14,501.65,66.0,133.16,0.9681,-1,-1,-1
672,146,1467.18,136.84,39.12,77.01,0.9657,-1,-1,-1
672,317,725.12,281.92,38.07,100.15,0.9654,-1,-1,-1
672,315,268.33,288.96,39.09,111.83,0.9639,-1,-1,-1
672,147,990.91,193.69,30.35,82.79,0.9546,-1,-1,-1
672,286,1229.62,244.53,49.17,91.32,0.933,-1,-1,-1
672,314,1258.25,121.34,22.69,66.63,0.9065,-1,-1,-1
672,249,1235.71,319.1,34.65,96.96,0.8957,-1,-1,-1
672,310,1634.2,250.66,38.6,97.01,0.5084,-1,-1,-1
673,154,1104.86,225.61,54.81,87.6,0.9765,-1,-1,-1
673,197,1864.34,427.97,47.72,128.59,0.9747,-1,-1,-1
673,144,1158.12,295.51,39.08,98.56,0.9724,-1,-1,-1
673,317,723.26,278.85,39.97,103.73,0.9697,-1,-1,-1
673,286,1231.24,245.82,44.92,92.05,0.9686,-1,-1,-1
673,315,267.98,288.84,39.08,110.68,0.9675,-1,-1,-1
673,192,398.83,502.03,65.08,131.34,0.9673,-1,-1,-1
673,191,882.28,169.0,32.91,86.5,0.966,-1,-1,-1
673,146,1465.8,139.99,40.4,73.82,0.9642,-1,-1,-1
673,147,988.06,193.53,29.87,82.73,0.9458,-1,-1,-1
673,249,1231.77,324.46,35.07,90.26,0.9207,-1,-1,-1
673,314,1259.27,121.64,21.48,65.42,0.8965,-1,-1,-1
673,310,1630.1,250.03,39.72,96.42,0.5667,-1,-1,-1
674,154,1104.85,225.6,54.87,87.63,0.9764,-1,-1,-1
674,197,1864.34,427.98,47.69,128.53,0.9747,-1,-1,-1
674,144,1158.12,295.51,39.09,98.63,0.9723,-1,-1,-1
674,317,723.25,278.86,39.97,103.7,0.9697,-1,-1,-1
674,286,1231.24,245.77,44.92,91.88,0.9684,-1,-1,-1
674,315,267.98,288.8,39.08,110.7,0.9675,-1,-1,-1
674,192,398.83,502.0,65.1,131.39,0.9674,-1,-1,-1
674,191,882.3,169.0,32.89,86.5,0.966,-1,-1,-1
674,146,1465.81,139.9,40.43,73.91,0.9641,-1,-1,-1
674,147,988.07,193.52,29.87,82.74,0.9455,-1,-1,-1
674,249,1231.74,324.33,35.05,90.41,0.9195,-1,-1,-1
674,314,1259.29,121.67,21.43,65.36,0.8961,-1,-1,-1
674,310,1630.11,250.04,39.71,96.44,0.5851,-1,-1,-1
675,154,1104.7,223.23,56.3,89.03,0.9774,-1,-1,-1
675,197,1857.55,427.06,52.62,127.21,0.9744,-1,-1,-1
675,144,1154.48,295.55,39.81,97.98,0.9725,-1,-1,-1
675,317,720.53,278.03,41.21,105.92,0.9716,-1,-1,-1
675,315,267.37,288.8,39.25,109.88,0.9689,-1,-1,-1
675,286,1234.76,247.72,40.11,75.37,0.9637,-1,-1,-1
675,191,879.37,168.22,32.19,86.95,0.9629,-1,-1,-1
675,192,396.77,500.26,67.19,131.45,0.9622,-1,-1,-1
675,249,1226.27,315.41,35.31,98.45,0.9588,-1,-1,-1
675,146,1466.47,141.46,38.85,73.13,0.9532,-1,-1,-1
675,147,986.32,193.27,29.04,82.4,0.9495,-1,-1,-1
675,314,1254.78,118.48,25.37,68.33,0.8479,-1,-1,-1
675,310,1624.3,248.32,41.05,97.05,0.6392,-1,-1,-1
676,197,1851.25,423.89,56.1,127.87,0.9761,-1,-1,-1
676,154,1102.48,222.63,60.53,88.48,0.9758,-1,-1,-1
676,192,394.68,496.83,63.22,132.35,0.9732,-1,-1,-1
676,317,718.69,276.81,41.34,105.49,0.9721,-1,-1,-1
676,144,1151.09,294.85,39.8,97.68,0.9718,-1,-1,-1
676,315,266.17,289.08,40.42,111.96,0.9708,-1,-1,-1
676,191,875.12,168.0,32.37,87.26,0.97,-1,-1,-1
676,249,1220.96,307.96,36.62,105.45,0.9646,-1,-1,-1
676,146,1466.52,141.65,36.6,71.44,0.9522,-1,-1,-1
676,147,981.98,192.9,29.47,82.7,0.9514,-1,-1,-1
676,286,1243.19,246.8,29.86,72.26,0.9511,-1,-1,-1
676,314,1251.49,115.98,29.06,70.7,0.8583,-1,-1,-1
676,310,1619.68,248.26,41.96,95.97,0.7563,-1,-1,-1
677,317,715.18,276.01,42.31,105.91,0.9751,-1,-1,-1
677,144,1147.81,295.37,39.54,95.91,0.9745,-1,-1,-1
677,192,392.7,491.89,55.93,133.91,0.9736,-1,-1,-1
677,197,1844.66,420.63,57.9,127.69,0.9733,-1,-1,-1
677,154,1103.29,223.07,59.96,89.39,0.9729,-1,-1,-1
677,315,265.23,289.44,39.49,108.18,0.9714,-1,-1,-1
677,191,870.58,168.0,32.63,85.62,0.9636,-1,-1,-1
677,249,1216.65,311.26,36.45,103.64,0.9575,-1,-1,-1
677,286,1241.62,244.27,30.79,73.5,0.9564,-1,-1,-1
677,147,978.29,191.61,29.6,83.36,0.9558,-1,-1,-1
677,146,1469.19,140.61,33.61,70.47,0.9433,-1,-1,-1
677,314,1245.91,116.27,35.52,67.9,0.9311,-1,-1,-1
677,324,0.0,896.82,62.16,176.17,0.6401,-1,-1,-1
677,310,1614.47,247.02,42.01,96.53,0.4223,-1,-1,-1
678,197,1841.16,419.38,56.59,125.65,0.972,-1,-1,-1
678,192,391.88,488.81,52.36,130.29,0.9714,-1,-1,-1
678,315,262.57,289.06,39.88,108.16,0.9711,-1,-1,-1
678,317,712.92,276.5,43.18,104.2,0.9702,-1,-1,-1
678,144,1143.47,294.27,40.08,94.44,0.9684,-1,-1,-1
678,147,974.68,189.32,28.85,84.43,0.9588,-1,-1,-1
678,191,865.07,166.53,32.85,86.18,0.9583,-1,-1,-1
678,249,1210.63,307.2,36.93,109.6,0.9489,-1,-1,-1
678,146,1470.56,130.82,30.06,79.3,0.9409,-1,-1,-1
678,314,1240.72,116.97,39.62,65.9,0.9389,-1,-1,-1
678,286,1236.42,241.63,35.88,81.29,0.9318,-1,-1,-1
678,154,1107.9,223.73,53.87,87.81,0.9283,-1,-1,-1
678,310,1609.63,244.71,41.34,96.15,0.9199,-1,-1,-1
678,324,0.0,894.17,57.42,176.17,0.5254,-1,-1,-1
679,315,258.93,288.02,41.64,107.36,0.9751,-1,-1,-1
679,144,1138.66,292.88,40.89,93.57,0.9717,-1,-1,-1
679,197,1834.68,417.28,55.2,124.3,0.9716,-1,-1,-1
679,286,1225.92,238.88,44.87,92.6,0.9712,-1,-1,-1
679,317,709.15,277.13,44.09,101.37,0.9687,-1,-1,-1
679,192,383.46,490.93,62.04,121.6,0.9668,-1,-1,-1
679,154,1113.69,223.89,47.63,84.92,0.9651,-1,-1,-1
679,249,1204.64,310.26,36.76,106.25,0.958,-1,-1,-1
679,191,858.97,165.86,34.07,84.76,0.9572,-1,-1,-1
679,147,971.09,188.06,28.11,83.66,0.9507,-1,-1,-1
679,146,1466.31,128.86,31.92,80.02,0.9407,-1,-1,-1
679,314,1235.54,112.01,41.56,69.21,0.9355,-1,-1,-1
679,324,0.0,894.93,51.17,173.05,0.8766,-1,-1,-1
680,315,258.97,288.09,41.51,107.25,0.9747,-1,-1,-1
680,144,1138.63,292.84,40.86,93.69,0.9717,-1,-1,-1
680,197,1834.69,417.35,55.2,124.26,0.9717,-1,-1,-1
680,286,1225.92,238.85,44.91,92.59,0.9713,-1,-1,-1
680,317,709.13,277.09,44.17,101.33,0.9691,-1,-1,-1
680,192,383.47,490.91,62.16,121.71,0.9672,-1,-1,-1
680,154,1113.74,224.0,47.49,84.75,0.9642,-1,-1,-1
680,249,1204.66,310.29,36.77,106.24,0.958,-1,-1,-1
680,191,859.01,165.86,34.01,84.77,0.9571,-1,-1,-1
680,147,971.06,188.04,28.12,83.67,0.9504,-1,-1,-1
680,146,1466.31,128.85,31.88,80.01,0.9398,-1,-1,-1
680,314,1235.5,111.94,41.48,69.24,0.935,-1,-1,-1
680,324,0.0,894.96,51.23,172.95,0.8755,-1,-1,-1
681,315,254.74,286.22,43.48,107.49,0.977,-1,-1,-1
681,317,705.93,276.87,44.92,99.95,0.9761,-1,-1,-1
681,197,1832.37,413.61,53.21,124.71,0.9736,-1,-1,-1
681,192,376.41,486.18,67.45,125.26,0.9721,-1,-1,-1
681,144,1134.68,292.72,39.66,92.65,0.9711,-1,-1,-1
681,286,1219.97,236.95,48.9,94.13,0.9711,-1,-1,-1
681,154,1120.7,222.57,40.75,84.36,0.9652,-1,-1,-1
681,249,1197.19,311.98,36.49,106.27,0.9649,-1,-1,-1
681,191,853.4,163.9,33.64,85.54,0.9622,-1,-1,-1
681,147,966.4,185.58,26.09,84.51,0.9545,-1,-1,-1
681,314,1230.94,114.25,40.98,64.72,0.9317,-1,-1,-1
681,146,1460.33,125.35,33.93,81.98,0.8578,-1,-1,-1
681,324,0.63,892.95,45.91,172.21,0.7774,-1,-1,-1
681,310,1602.62,239.98,35.66,97.45,0.3172,-1,-1,-1
682,197,1827.92,407.9,53.77,126.85,0.9761,-1,-1,-1
682,192,371.59,485.29,71.84,125.61,0.976,-1,-1,-1
682,317,704.66,277.35,44.09,97.31,0.9754,-1,-1,-1
682,315,251.2,284.8,42.28,106.94,0.9744,-1,-1,-1
682,144,1130.02,289.16,38.34,93.19,0.9703,-1,-1,-1
682,286,1216.82,236.68,50.6,93.41,0.9698,-1,-1,-1
682,154,1117.45,220.12,45.26,84.24,0.969,-1,-1,-1
682,249,1188.45,315.3,37.3,100.61,0.9574,-1,-1,-1
682,147,961.34,184.28,26.3,83.78,0.9536,-1,-1,-1
682,314,1225.78,112.07,41.47,65.67,0.9429,-1,-1,-1
682,146,1453.95,125.21,36.63,81.54,0.9378,-1,-1,-1
682,191,848.32,161.63,32.48,85.73,0.9356,-1,-1,-1
682,310,1598.19,238.74,32.55,97.31,0.889,-1,-1,-1
682,324,1.34,894.62,41.26,164.25,0.7442,-1,-1,-1
683,192,366.04,485.65,68.34,123.1,0.9751,-1,-1,-1
683,154,1112.46,218.37,51.79,86.26,0.9729,-1,-1,-1
683,315,247.46,282.62,42.36,107.95,0.9716,-1,-1,-1
683,317,699.66,276.34,45.92,98.59,0.9694,-1,-1,-1
683,144,1123.94,285.82,36.79,96.53,0.9643,-1,-1,-1
683,197,1818.78,403.26,58.27,132.47,0.9622,-1,-1,-1
683,146,1447.99,126.12,40.05,79.17,0.9612,-1,-1,-1
683,191,842.19,160.11,32.55,86.12,0.961,-1,-1,-1
683,249,1181.69,316.67,36.36,97.32,0.9598,-1,-1,-1
683,147,954.73,183.01,26.88,83.91,0.9559,-1,-1,-1
683,314,1222.15,112.17,40.76,64.79,0.9396,-1,-1,-1
683,286,1215.21,237.45,49.15,90.95,0.7731,-1,-1,-1
683,310,1592.43,236.39,29.72,96.48,0.6214,-1,-1,-1
684,197,1814.43,403.41,55.27,126.15,0.9758,-1,-1,-1
684,154,1107.75,215.95,57.07,87.74,0.974,-1,-1,-1
684,192,359.9,483.17,69.5,124.51,0.972,-1,-1,-1
684,146,1442.72,127.31,40.26,77.95,0.9679,-1,-1,-1
684,144,1117.55,284.75,36.52,100.4,0.9667,-1,-1,-1
684,315,244.31,279.61,39.81,109.8,0.9651,-1,-1,-1
684,249,1174.49,315.88,35.78,97.16,0.9639,-1,-1,-1
684,317,694.6,275.21,46.37,102.46,0.9615,-1,-1,-1
684,191,835.17,158.59,32.72,86.91,0.9589,-1,-1,-1
684,147,948.48,182.09,26.47,83.88,0.9574,-1,-1,-1
684,314,1222.95,113.94,35.21,62.56,0.9192,-1,-1,-1
684,286,1212.39,239.73,48.39,90.79,0.9051,-1,-1,-1
684,324,0.0,900.66,34.54,153.37,0.4397,-1,-1,-1
685,197,1808.3,401.34,55.14,125.48,0.9747,-1,-1,-1
685,315,239.27,278.47,40.55,110.07,0.9726,-1,-1,-1
685,317,688.46,274.64,48.74,100.91,0.972,-1,-1,-1
685,154,1103.93,215.25,57.5,86.59,0.9704,-1,-1,-1
685,192,354.72,480.2,74.37,123.67,0.9702,-1,-1,-1
685,146,1438.29,129.84,39.38,76.55,0.9673,-1,-1,-1
685,191,828.55,158.69,32.84,85.97,0.964,-1,-1,-1
685,249,1165.86,316.12,35.36,97.76,0.96,-1,-1,-1
685,144,1110.5,283.9,37.41,99.85,0.9585,-1,-1,-1
685,286,1212.92,239.14,44.88,88.88,0.9506,-1,-1,-1
685,147,940.84,182.39,27.95,83.75,0.9485,-1,-1,-1
685,314,1221.95,112.85,33.52,64.25,0.9373,-1,-1,-1
685,328,1897.07,422.09,22.77,103.52,0.7313,-1,-1,-1
686,197,1808.26,401.31,55.17,125.54,0.9747,-1,-1,-1
686,315,239.27,278.48,40.47,110.09,0.9725,-1,-1,-1
686,317,688.51,274.6,48.71,100.93,0.9721,-1,-1,-1
686,154,1103.93,215.28,57.49,86.59,0.9703,-1,-1,-1
686,192,354.76,480.19,74.49,123.68,0.9701,-1,-1,-1
686,146,1438.35,129.99,39.32,76.39,0.9671,-1,-1,-1
686,191,828.58,158.78,32.82,85.91,0.964,-1,-1,-1
686,249,1165.87,316.14,35.38,97.75,0.9602,-1,-1,-1
686,144,1110.53,283.91,37.41,99.79,0.9584,-1,-1,-1
686,286,1213.02,239.1,44.88,89.04,0.9497,-1,-1,-1
686,147,940.86,182.43,27.9,83.7,0.9482,-1,-1,-1
686,314,1221.49,113.14,33.92,63.32,0.9345,-1,-1,-1
686,328,1897.07,421.96,22.78,103.74,0.7407,-1,-1,-1
686,330,1893.02,829.81,26.98,127.92,0.6813,-1,-1,-1
686,331,1908.85,402.25,10.84,51.52,0.4781,-1,-1,-1
686,332,0.0,906.07,27.93,142.02,0.3718,-1,-1,-1
687,197,1801.4,400.85,54.24,124.4,0.9745,-1,-1,-1
687,315,233.77,278.58,39.12,110.33,0.9716,-1,-1,-1
687,192,349.91,476.8,73.92,125.8,0.971,-1,-1,-1
687,154,1103.71,214.56,58.41,88.69,0.9669,-1,-1,-1
687,144,1103.44,283.63,37.05,101.82,0.9668,-1,-1,-1
687,191,821.43,159.04,32.49,86.37,0.9647,-1,-1,-1
687,317,682.7,276.29,50.23,100.65,0.9632,-1,-1,-1
687,286,1214.24,239.32,40.01,89.04,0.9578,-1,-1,-1
687,249,1156.41,314.86,35.97,101.1,0.9569,-1,-1,-1
687,147,933.99,182.0,28.99,83.16,0.9538,-1,-1,-1
687,146,1436.3,125.24,34.81,80.57,0.9446,-1,-1,-1
687,314,1216.04,112.16,34.6,63.49,0.9306,-1,-1,-1
687,330,1885.64,819.09,34.36,129.19,0.8502,-1,-1,-1
687,328,1887.98,410.24,32.02,109.71,0.8087,-1,-1,-1
688,192,344.3,475.37,72.17,124.79,0.9772,-1,-1,-1
688,197,1791.4,400.41,58.45,121.94,0.9764,-1,-1,-1
688,315,228.36,278.11,39.92,110.31,0.9728,-1,-1,-1
688,144,1095.42,285.28,37.36,99.02,0.968,-1,-1,-1
688,249,1147.09,314.58,36.87,105.09,0.967,-1,-1,-1
688,191,815.21,158.9,31.84,85.7,0.9664,-1,-1,-1
688,286,1209.53,236.1,41.6,89.95,0.9638,-1,-1,-1
688,317,683.56,276.16,46.3,98.41,0.9584,-1,-1,-1
688,147,926.25,182.73,31.27,81.81,0.9507,-1,-1,-1
688,154,1104.27,217.34,56.09,84.02,0.9493,-1,-1,-1
688,330,1877.04,812.58,41.92,136.16,0.9476,-1,-1,-1
688,146,1436.1,130.67,29.31,74.06,0.9393,-1,-1,-1
688,314,1207.78,122.95,36.48,51.6,0.9132,-1,-1,-1
688,328,1876.61,412.1,41.52,108.27,0.8558,-1,-1,-1
689,192,340.16,472.33,73.28,126.73,0.9773,-1,-1,-1
689,197,1783.23,400.57,61.62,120.71,0.974,-1,-1,-1
689,317,682.52,277.47,41.95,96.52,0.9721,-1,-1,-1
689,315,223.44,278.83,40.25,110.06,0.9691,-1,-1,-1
689,191,808.02,160.62,32.32,82.56,0.963,-1,-1,-1
689,249,1138.75,317.5,37.45,102.11,0.9619,-1,-1,-1
689,144,1086.85,286.53,37.42,97.8,0.9613,-1,-1,-1
689,147,918.42,182.38,32.65,82.19,0.9593,-1,-1,-1
689,328,1863.96,412.71,55.19,112.22,0.9577,-1,-1,-1
689,286,1201.08,235.81,45.27,90.26,0.955,-1,-1,-1
689,146,1429.15,131.3,30.36,71.92,0.9483,-1,-1,-1
689,330,1868.78,800.1,51.22,162.45,0.9468,-1,-1,-1
689,154,1106.01,214.52,54.45,80.07,0.9245,-1,-1,-1
689,314,1200.68,113.95,41.55,60.22,0.9239,-1,-1,-1
689,310,1545.14,234.28,44.6,93.5,0.8296,-1,-1,-1
690,192,337.69,472.29,80.27,125.37,0.9776,-1,-1,-1
690,197,1769.85,399.74,67.38,118.71,0.9712,-1,-1,-1
690,315,217.54,279.38,40.28,108.7,0.971,-1,-1,-1
690,328,1852.51,408.15,64.09,113.95,0.9706,-1,-1,-1
690,286,1195.33,233.89,49.92,92.84,0.9677,-1,-1,-1
690,147,910.37,182.35,32.21,81.69,0.9659,-1,-1,-1
690,314,1194.19,107.22,48.21,65.13,0.9648,-1,-1,-1
690,317,682.04,278.26,37.41,94.43,0.9636,-1,-1,-1
690,144,1079.66,287.25,36.98,96.07,0.9617,-1,-1,-1
690,154,1110.91,217.81,46.22,83.08,0.9607,-1,-1,-1
690,330,1864.49,793.27,55.51,169.36,0.9595,-1,-1,-1
690,191,799.83,160.4,33.14,82.91,0.9578,-1,-1,-1
690,146,1421.36,129.51,33.02,73.48,0.9407,-1,-1,-1
690,249,1131.71,319.89,35.36,101.95,0.9384,-1,-1,-1
690,310,1535.1,233.49,48.65,94.42,0.9003,-1,-1,-1
691,197,1758.05,399.02,70.98,118.02,0.9765,-1,-1,-1
691,192,336.76,472.31,83.22,123.54,0.9737,-1,-1,-1
691,328,1840.69,407.04,64.35,115.63,0.9713,-1,-1,-1
691,315,212.34,280.44,40.56,106.74,0.9705,-1,-1,-1
691,286,1190.69,232.99,50.43,94.6,0.9681,-1,-1,-1
691,154,1116.89,216.09,41.04,84.56,0.9673,-1,-1,-1
691,330,1859.58,789.17,60.42,172.04,0.965,-1,-1,-1
691,317,675.62,278.71,38.27,93.94,0.9626,-1,-1,-1
691,191,791.8,160.0,34.39,83.46,0.9623,-1,-1,-1
691,144,1072.52,287.0,34.07,94.88,0.9609,-1,-1,-1
691,147,902.16,182.77,33.91,80.87,0.9569,-1,-1,-1
691,314,1189.16,106.19,48.11,64.58,0.9538,-1,-1,-1
691,146,1412.28,130.1,37.07,74.52,0.9531,-1,-1,-1
691,310,1524.6,233.83,49.95,94.0,0.9505,-1,-1,-1
691,249,1122.22,323.04,36.21,99.12,0.9262,-1,-1,-1
692,197,1758.08,399.03,70.98,118.0,0.9765,-1,-1,-1
692,192,336.7,472.38,83.4,123.51,0.974,-1,-1,-1
692,328,1840.53,407.0,64.54,115.67,0.9713,-1,-1,-1
692,315,211.55,280.44,41.24,106.81,0.97,-1,-1,-1
692,286,1190.68,232.99,50.45,94.62,0.9684,-1,-1,-1
692,154,1116.91,216.14,40.98,84.57,0.9671,-1,-1,-1
692,330,1859.48,789.03,60.52,172.15,0.9647,-1,-1,-1
692,317,675.65,278.71,38.26,93.94,0.9624,-1,-1,-1
692,191,791.82,160.08,34.41,83.39,0.9621,-1,-1,-1
692,144,1072.48,287.0,34.22,94.74,0.9611,-1,-1,-1
692,147,902.16,182.76,33.94,80.89,0.9568,-1,-1,-1
692,146,1412.21,130.27,37.07,74.19,0.9552,-1,-1,-1
692,314,1188.84,106.17,48.47,64.63,0.9536,-1,-1,-1
692,310,1524.54,233.88,50.03,93.98,0.9485,-1,-1,-1
692,249,1122.23,323.08,36.1,98.96,0.9206,-1,-1,-1
692,334,1773.86,408.97,11.17,18.41,0.5775,-1,-1,-1
693,197,1747.6,397.48,74.96,117.56,0.9733,-1,-1,-1
693,328,1829.2,406.92,65.47,115.19,0.9715,-1,-1,-1
693,154,1109.61,214.8,48.27,84.23,0.971,-1,-1,-1
693,330,1856.21,784.44,63.79,174.64,0.9709,-1,-1,-1
693,317,666.61,277.67,43.04,95.79,0.9709,-1,-1,-1
693,192,337.85,472.45,80.62,121.43,0.9688,-1,-1,-1
693,315,203.08,280.65,44.14,108.83,0.9677,-1,-1,-1
693,146,1404.14,124.55,39.65,79.67,0.9655,-1,-1,-1
693,286,1190.63,234.18,47.06,93.99,0.9651,-1,-1,-1
693,144,1064.87,286.31,34.66,94.89,0.9632,-1,-1,-1
693,147,893.94,182.6,33.84,81.09,0.9598,-1,-1,-1
693,191,783.61,160.42,35.66,83.15,0.9595,-1,-1,-1
693,314,1185.85,108.08,45.23,63.13,0.9583,-1,-1,-1
693,249,1112.94,323.38,36.68,98.22,0.9473,-1,-1,-1
693,310,1515.75,233.74,47.17,93.17,0.9338,-1,-1,-1
694,317,658.95,276.6,47.2,96.91,0.9743,-1,-1,-1
694,328,1824.45,406.05,61.02,114.34,0.974,-1,-1,-1
694,197,1737.38,395.35,77.92,118.32,0.9728,-1,-1,-1
694,315,195.56,281.77,45.67,108.9,0.9726,-1,-1,-1
694,330,1853.01,782.81,65.18,174.93,0.9722,-1,-1,-1
694,154,1103.24,211.96,52.34,87.41,0.9709,-1,-1,-1
694,286,1183.16,236.34,49.66,92.17,0.9694,-1,-1,-1
694,310,1504.52,233.5,48.53,92.98,0.9686,-1,-1,-1
694,146,1397.12,126.06,42.91,78.36,0.9664,-1,-1,-1
694,192,336.62,472.95,85.84,118.65,0.9661,-1,-1,-1
694,144,1057.28,284.69,32.82,96.64,0.9652,-1,-1,-1
694,147,886.61,182.81,33.28,80.37,0.962,-1,-1,-1
694,191,775.8,160.0,35.78,82.81,0.9616,-1,-1,-1
694,249,1103.84,322.03,35.72,98.68,0.9594,-1,-1,-1
694,314,1184.73,110.43,39.91,61.28,0.8897,-1,-1,-1
695,192,332.24,473.82,88.46,117.69,0.9778,-1,-1,-1
695,317,652.25,275.88,49.42,98.96,0.9777,-1,-1,-1
695,154,1097.1,211.03,55.01,87.25,0.9766,-1,-1,-1
695,197,1730.71,393.86,76.71,118.56,0.9739,-1,-1,-1
695,330,1845.84,782.31,70.59,172.15,0.9717,-1,-1,-1
695,328,1824.34,407.29,53.18,111.5,0.9714,-1,-1,-1
695,315,191.57,282.61,41.82,108.78,0.9706,-1,-1,-1
695,146,1389.84,129.94,43.25,76.04,0.9658,-1,-1,-1
695,144,1048.97,282.99,32.67,100.73,0.9642,-1,-1,-1
695,191,770.0,159.53,34.11,83.79,0.9597,-1,-1,-1
695,249,1092.82,322.91,35.86,96.11,0.9593,-1,-1,-1
695,286,1183.74,240.23,42.52,87.67,0.9564,-1,-1,-1
695,147,880.64,182.06,31.16,81.35,0.9546,-1,-1,-1
695,314,1179.94,106.93,37.83,64.96,0.7749,-1,-1,-1
695,310,1496.93,232.53,44.51,92.77,0.67,-1,-1,-1
696,192,330.21,474.38,75.78,114.69,0.9777,-1,-1,-1
696,154,1091.07,210.14,59.88,89.74,0.9744,-1,-1,-1
696,330,1831.96,781.98,79.67,175.29,0.9733,-1,-1,-1
696,197,1726.56,391.6,73.84,118.89,0.9707,-1,-1,-1
696,315,180.27,281.8,46.53,109.53,0.9696,-1,-1,-1
696,328,1821.49,403.55,48.12,113.13,0.969,-1,-1,-1
696,317,646.04,276.66,52.76,99.79,0.9688,-1,-1,-1
696,286,1184.67,240.65,39.47,86.86,0.9633,-1,-1,-1
696,249,1082.64,323.7,35.9,102.44,0.9593,-1,-1,-1
696,146,1384.19,130.32,40.07,76.44,0.9555,-1,-1,-1
696,144,1040.8,283.9,32.76,99.85,0.9523,-1,-1,-1
696,147,875.17,181.44,27.37,81.68,0.9502,-1,-1,-1
696,191,764.64,159.46,30.48,83.61,0.9386,-1,-1,-1
696,310,1487.63,232.18,43.94,93.04,0.7573,-1,-1,-1
696,314,1179.46,115.28,26.62,55.89,0.7489,-1,-1,-1
697,197,1726.01,388.56,66.19,120.68,0.9765,-1,-1,-1
697,330,1820.01,784.7,84.03,168.2,0.9741,-1,-1,-1
697,192,327.16,473.26,70.51,115.39,0.9735,-1,-1,-1
697,315,174.62,281.67,44.21,109.4,0.9711,-1,-1,-1
697,154,1089.49,211.84,58.43,89.05,0.9698,-1,-1,-1
697,317,641.85,280.62,52.91,97.39,0.9674,-1,-1,-1
697,249,1072.4,323.66,37.24,104.51,0.9668,-1,-1,-1
697,286,1178.39,240.15,43.97,86.59,0.9657,-1,-1,-1
697,328,1818.58,405.26,43.98,109.67,0.9655,-1,-1,-1
697,144,1030.51,285.14,34.46,100.15,0.9632,-1,-1,-1
697,146,1381.05,132.65,37.44,73.95,0.9598,-1,-1,-1
697,191,756.77,159.49,30.41,83.85,0.9577,-1,-1,-1
697,147,869.99,181.16,24.82,82.7,0.9413,-1,-1,-1
697,335,1891.69,194.66,28.31,82.64,0.9064,-1,-1,-1
697,314,1173.96,120.01,27.27,51.02,0.6575,-1,-1,-1
698,197,1726.0,388.58,66.18,120.68,0.9765,-1,-1,-1
698,330,1820.01,784.62,84.04,168.25,0.974,-1,-1,-1
698,192,327.17,473.24,70.54,115.39,0.9734,-1,-1,-1
698,315,173.98,281.66,44.95,109.43,0.9711,-1,-1,-1
698,154,1089.59,211.83,58.3,89.04,0.9694,-1,-1,-1
698,317,641.88,280.49,52.89,97.53,0.9679,-1,-1,-1
698,249,1072.42,323.64,37.23,104.59,0.9667,-1,-1,-1
698,328,1818.55,405.01,44.02,109.91,0.9659,-1,-1,-1
698,286,1178.37,240.15,43.82,86.61,0.9653,-1,-1,-1
698,144,1030.48,285.09,34.49,100.23,0.9632,-1,-1,-1
698,146,1381.01,132.66,37.33,73.93,0.9595,-1,-1,-1
698,191,756.79,159.58,30.38,83.74,0.9577,-1,-1,-1
698,147,869.97,181.22,24.82,82.62,0.9414,-1,-1,-1
698,335,1891.78,194.46,28.22,83.16,0.9054,-1,-1,-1
698,314,1173.95,119.35,27.46,51.78,0.6282,-1,-1,-1
699,330,1803.16,784.44,95.91,172.17,0.9746,-1,-1,-1
699,286,1168.22,238.84,50.76,87.57,0.9719,-1,-1,-1
699,328,1808.84,399.71,46.5,114.95,0.9688,-1,-1,-1
699,315,168.53,280.24,43.04,109.77,0.9682,-1,-1,-1
699,192,327.29,473.91,65.76,116.25,0.9674,-1,-1,-1
699,197,1724.35,385.69,58.93,122.01,0.9648,-1,-1,-1
699,144,1021.91,286.45,34.07,100.83,0.9596,-1,-1,-1
699,191,747.62,160.1,31.06,83.55,0.9589,-1,-1,-1
699,249,1061.06,326.97,36.94,104.79,0.9557,-1,-1,-1
699,317,643.61,285.92,42.76,93.82,0.9491,-1,-1,-1
699,147,861.61,180.89,23.93,82.36,0.9442,-1,-1,-1
699,146,1377.4,131.44,35.38,75.92,0.9433,-1,-1,-1
699,335,1878.16,192.5,40.41,78.07,0.9316,-1,-1,-1
699,154,1101.59,215.47,39.72,85.51,0.9073,-1,-1,-1
699,310,1474.76,231.7,35.59,91.25,0.7264,-1,-1,-1
699,314,1164.64,106.23,32.61,65.57,0.6887,-1,-1,-1
700,197,1718.14,385.38,54.43,119.5,0.9753,-1,-1,-1
700,286,1158.75,238.91,56.97,87.56,0.9708,-1,-1,-1
700,315,162.46,280.23,41.7,109.69,0.9701,-1,-1,-1
700,328,1796.59,400.11,48.36,113.61,0.9695,-1,-1,-1
700,154,1091.16,215.5,46.67,85.27,0.9692,-1,-1,-1
700,192,329.15,476.17,60.32,113.32,0.9666,-1,-1,-1
700,330,1792.29,786.9,94.65,164.46,0.9655,-1,-1,-1
700,317,640.4,281.98,43.58,97.05,0.9647,-1,-1,-1
700,249,1049.96,329.55,36.25,104.63,0.9599,-1,-1,-1
700,146,1372.73,132.67,32.94,73.72,0.9563,-1,-1,-1
700,144,1013.14,290.49,34.63,96.25,0.9558,-1,-1,-1
700,191,739.11,161.64,30.37,82.27,0.9527,-1,-1,-1
700,147,852.04,180.96,24.44,83.04,0.9384,-1,-1,-1
700,310,1467.72,231.47,32.57,92.0,0.9261,-1,-1,-1
700,314,1155.09,102.71,40.86,70.71,0.8781,-1,-1,-1
700,335,1889.33,206.22,30.67,77.07,0.8699,-1,-1,-1
701,330,1778.05,785.42,94.96,170.0,0.9771,-1,-1,-1
701,197,1710.27,384.93,51.56,117.27,0.977,-1,-1,-1
701,192,332.52,478.59,53.7,111.83,0.9716,-1,-1,-1
701,286,1151.35,238.63,58.57,89.07,0.9695,-1,-1,-1
701,315,157.12,280.86,39.25,109.36,0.9693,-1,-1,-1
701,328,1789.19,398.22,47.7,113.08,0.9677,-1,-1,-1
701,154,1097.56,216.51,38.78,84.6,0.9608,-1,-1,-1
701,249,1037.89,334.66,37.08,98.55,0.9601,-1,-1,-1
701,144,1004.36,292.74,35.3,93.62,0.9534,-1,-1,-1
701,317,641.42,281.6,37.83,96.04,0.9511,-1,-1,-1
701,146,1360.97,133.4,37.5,73.25,0.9474,-1,-1,-1
701,147,842.29,181.8,24.6,83.64,0.9469,-1,-1,-1
701,314,1147.36,110.02,42.28,64.69,0.928,-1,-1,-1
701,191,729.33,163.28,30.4,81.71,0.9272,-1,-1,-1
701,338,1853.44,193.29,50.39,76.88,0.9075,-1,-1,-1
701,310,1461.24,231.11,28.68,92.79,0.9015,-1,-1,-1
701,335,1877.4,197.16,42.6,82.46,0.8969,-1,-1,-1
702,330,1772.42,782.38,87.76,169.39,0.97,-1,-1,-1
702,286,1145.72,240.35,58.65,86.31,0.9696,-1,-1,-1
702,154,1091.0,216.01,43.37,82.27,0.9688,-1,-1,-1
702,192,332.01,478.28,63.18,112.14,0.9685,-1,-1,-1
702,315,149.91,281.74,39.03,108.84,0.9648,-1,-1,-1
702,249,1027.39,335.78,36.79,98.14,0.9646,-1,-1,-1
702,328,1782.13,396.81,43.14,113.49,0.964,-1,-1,-1
702,146,1350.33,132.62,40.49,74.88,0.9635,-1,-1,-1
702,144,994.24,293.08,37.09,93.22,0.9634,-1,-1,-1
702,191,720.14,164.48,30.87,81.76,0.9581,-1,-1,-1
702,147,831.63,184.43,25.94,80.15,0.9378,-1,-1,-1
702,314,1139.85,107.92,46.75,65.03,0.9365,-1,-1,-1
702,338,1843.62,197.56,46.68,84.12,0.9363,-1,-1,-1
702,317,637.02,282.58,37.02,94.81,0.9208,-1,-1,-1
702,335,1877.56,196.41,40.27,75.03,0.9179,-1,-1,-1
702,197,1704.18,385.97,46.83,115.48,0.9161,-1,-1,-1
702,310,1448.29,231.99,31.15,93.13,0.9056,-1,-1,-1
703,330,1764.21,777.96,84.62,171.15,0.9818,-1,-1,-1
703,197,1692.92,388.1,47.15,112.79,0.9751,-1,-1,-1
703,154,1082.24,216.09,49.97,83.51,0.9723,-1,-1,-1
703,146,1339.23,131.25,43.01,76.87,0.9714,-1,-1,-1
703,315,141.61,283.67,42.05,108.01,0.971,-1,-1,-1
703,192,324.08,477.17,67.57,115.54,0.9695,-1,-1,-1
703,286,1141.37,240.33,56.05,90.06,0.9624,-1,-1,-1
703,328,1772.1,399.9,41.75,111.12,0.9623,-1,-1,-1
703,340,1879.67,326.95,40.3,91.29,0.9606,-1,-1,-1
703,249,1014.76,336.05,37.06,96.8,0.9592,-1,-1,-1
703,144,983.82,293.14,36.95,93.59,0.9586,-1,-1,-1
703,191,710.5,166.14,30.66,80.05,0.9568,-1,-1,-1
703,317,628.85,282.63,38.92,96.07,0.954,-1,-1,-1
703,147,820.52,184.74,27.5,80.45,0.946,-1,-1,-1
703,335,1867.59,199.4,40.39,67.34,0.9407,-1,-1,-1
703,338,1835.88,209.78,39.94,71.42,0.9134,-1,-1,-1
703,314,1139.62,111.11,40.25,64.04,0.8864,-1,-1,-1
703,310,1433.78,232.74,35.52,92.64,0.8846,-1,-1,-1
704,330,1764.23,777.96,84.51,171.17,0.9818,-1,-1,-1
704,197,1692.76,388.07,46.94,113.2,0.975,-1,-1,-1
704,154,1082.15,216.11,50.11,83.5,0.9722,-1,-1,-1
704,146,1339.19,131.26,43.05,76.87,0.9716,-1,-1,-1
704,315,141.61,283.68,42.1,108.03,0.9712,-1,-1,-1
704,192,324.12,477.2,67.42,115.51,0.9696,-1,-1,-1
704,328,1771.81,399.97,42.06,111.07,0.9622,-1,-1,-1
704,286,1141.37,240.28,56.06,90.15,0.9619,-1,-1,-1
704,340,1879.72,326.71,40.28,91.64,0.961,-1,-1,-1
704,144,983.83,293.16,36.95,93.5,0.959,-1,-1,-1
704,249,1015.32,336.27,36.33,96.86,0.9589,-1,-1,-1
704,191,710.47,166.13,30.68,80.04,0.9567,-1,-1,-1
704,317,628.89,282.65,38.91,96.05,0.9532,-1,-1,-1
704,147,820.5,184.73,27.53,80.43,0.9462,-1,-1,-1
704,335,1867.59,199.44,40.55,67.21,0.9428,-1,-1,-1
704,341,1878.85,269.45,39.62,88.05,0.9422,-1,-1,-1
704,338,1836.2,209.85,39.58,71.27,0.91,-1,-1,-1
704,314,1139.34,111.17,40.45,63.87,0.8869,-1,-1,-1
704,310,1433.8,232.73,35.49,92.64,0.8754,-1,-1,-1
704,342,1847.74,195.25,32.96,69.1,0.6133,-1,-1,-1
705,330,1760.64,772.15,78.05,170.87,0.9742,-1,-1,-1
705,154,1073.9,215.06,52.08,84.64,0.9736,-1,-1,-1
705,192,318.46,478.12,56.44,114.6,0.9732,-1,-1,-1
705,146,1330.18,133.62,44.73,74.95,0.9722,-1,-1,-1
705,315,133.93,285.25,42.02,107.1,0.972,-1,-1,-1
705,317,620.57,283.06,41.87,98.25,0.9712,-1,-1,-1
705,328,1762.0,401.32,40.88,109.71,0.9698,-1,-1,-1
705,197,1679.42,391.01,49.04,109.26,0.964,-1,-1,-1
705,340,1867.68,322.28,51.63,97.63,0.9632,-1,-1,-1
705,144,973.18,291.88,37.26,95.57,0.9623,-1,-1,-1
705,341,1862.7,268.81,45.88,87.08,0.9596,-1,-1,-1
705,191,700.55,168.17,30.51,79.12,0.958,-1,-1,-1
705,249,1003.57,334.74,34.93,102.37,0.9549,-1,-1,-1
705,147,809.65,186.55,28.91,79.69,0.945,-1,-1,-1
705,286,1149.79,242.61,41.52,87.26,0.914,-1,-1,-1
705,335,1847.62,200.57,53.22,79.23,0.8973,-1,-1,-1
705,314,1142.23,111.34,31.8,65.5,0.8871,-1,-1,-1
705,338,1823.26,211.43,29.22,63.22,0.8589,-1,-1,-1
705,310,1420.12,234.35,39.81,90.81,0.7729,-1,-1,-1
705,342,1843.12,197.37,29.68,65.62,0.6825,-1,-1,-1
706,154,1068.03,214.59,55.76,84.88,0.9779,-1,-1,-1
706,330,1758.74,768.76,68.07,171.84,0.9748,-1,-1,-1
706,192,315.99,478.88,53.0,112.32,0.9747,-1,-1,-1
706,317,612.82,283.42,44.0,99.49,0.9739,-1,-1,-1
706,328,1750.03,405.2,46.01,104.37,0.9736,-1,-1,-1
706,315,125.07,287.39,42.69,106.11,0.9714,-1,-1,-1
706,340,1856.22,322.18,61.95,99.5,0.9711,-1,-1,-1
706,197,1661.67,394.97,58.58,104.57,0.971,-1,-1,-1
706,146,1323.21,135.31,41.72,75.86,0.9669,-1,-1,-1
706,286,1141.24,243.56,45.96,86.72,0.9642,-1,-1,-1
706,342,1842.37,200.29,49.89,84.07,0.9627,-1,-1,-1
706,144,963.26,292.66,36.62,100.64,0.9616,-1,-1,-1
706,341,1847.27,271.72,51.23,82.8,0.9606,-1,-1,-1
706,191,690.22,168.53,30.84,79.95,0.9549,-1,-1,-1
706,147,798.61,188.38,30.13,79.88,0.9516,-1,-1,-1
706,249,990.0,338.02,35.84,101.99,0.9484,-1,-1,-1
706,310,1406.79,235.92,44.16,89.02,0.8724,-1,-1,-1
706,338,1815.5,209.72,27.56,64.9,0.8677,-1,-1,-1
706,314,1133.09,116.82,30.11,60.82,0.8608,-1,-1,-1
707,317,605.53,284.94,45.98,99.23,0.9755,-1,-1,-1
707,192,315.52,479.75,46.85,110.71,0.9747,-1,-1,-1
707,315,116.36,288.65,42.07,105.31,0.9742,-1,-1,-1
707,330,1754.88,765.98,61.17,168.55,0.9734,-1,-1,-1
707,328,1736.38,401.94,53.15,107.02,0.9726,-1,-1,-1
707,197,1644.9,396.45,70.75,101.7,0.971,-1,-1,-1
707,340,1847.53,322.46,60.69,98.64,0.9679,-1,-1,-1
707,341,1829.76,273.17,57.94,81.93,0.9638,-1,-1,-1
707,146,1317.92,135.51,38.64,76.29,0.9634,-1,-1,-1
707,342,1839.12,204.8,44.12,83.27,0.9622,-1,-1,-1
707,310,1393.05,235.96,48.25,88.95,0.9605,-1,-1,-1
707,144,954.41,292.99,35.6,100.96,0.9549,-1,-1,-1
707,338,1802.16,201.54,39.75,73.44,0.9544,-1,-1,-1
707,154,1062.69,213.63,60.16,88.18,0.9526,-1,-1,-1
707,249,977.64,339.08,35.53,103.65,0.9523,-1,-1,-1
707,191,679.63,169.64,31.36,79.5,0.9492,-1,-1,-1
707,286,1138.03,250.33,37.77,77.99,0.9261,-1,-1,-1
707,314,1124.31,119.25,33.57,57.52,0.8913,-1,-1,-1
707,147,789.01,188.08,29.28,80.57,0.854,-1,-1,-1
708,197,1630.62,396.33,78.5,101.51,0.9749,-1,-1,-1
708,317,600.53,286.66,44.29,99.26,0.9743,-1,-1,-1
708,192,317.19,480.82,43.16,108.22,0.9719,-1,-1,-1
708,330,1742.34,763.54,61.67,169.76,0.9714,-1,-1,-1
708,340,1838.79,324.0,56.77,96.07,0.9712,-1,-1,-1
708,315,107.46,289.98,40.05,103.61,0.9706,-1,-1,-1
708,144,943.4,295.14,36.24,99.12,0.9678,-1,-1,-1
708,341,1814.25,271.45,62.22,81.99,0.9667,-1,-1,-1
708,328,1720.0,398.54,61.3,107.81,0.9654,-1,-1,-1
708,154,1058.49,215.3,57.73,87.83,0.9653,-1,-1,-1
708,338,1789.85,200.49,40.75,77.15,0.96,-1,-1,-1
708,342,1833.49,207.59,39.41,71.35,0.9549,-1,-1,-1
708,286,1127.29,244.6,49.28,83.59,0.9545,-1,-1,-1
708,191,670.15,171.3,30.64,78.2,0.9523,-1,-1,-1
708,146,1313.98,135.79,32.94,75.37,0.9477,-1,-1,-1
708,314,1114.13,117.77,40.08,59.36,0.9386,-1,-1,-1
708,147,779.42,188.3,29.03,80.43,0.9383,-1,-1,-1
708,249,966.74,343.43,35.11,101.75,0.9261,-1,-1,-1
708,310,1380.61,236.67,48.02,88.66,0.911,-1,-1,-1
709,192,308.91,481.92,50.7,105.84,0.9762,-1,-1,-1
709,315,97.08,290.46,41.62,104.9,0.9733,-1,-1,-1
709,328,1702.18,397.42,66.24,107.62,0.9724,-1,-1,-1
709,317,597.84,288.87,39.26,97.91,0.9719,-1,-1,-1
709,330,1728.52,762.82,63.51,168.09,0.9709,-1,-1,-1
709,286,1115.4,242.55,58.64,85.63,0.9707,-1,-1,-1
709,338,1777.93,200.9,40.56,80.01,0.9687,-1,-1,-1
709,340,1833.48,324.75,50.23,94.75,0.9672,-1,-1,-1
709,310,1368.07,237.15,47.58,87.68,0.9668,-1,-1,-1
709,197,1616.75,395.32,81.05,100.79,0.9653,-1,-1,-1
709,144,931.76,297.13,37.03,97.99,0.964,-1,-1,-1
709,341,1800.6,271.61,64.15,80.78,0.9622,-1,-1,-1
709,191,659.9,171.78,30.81,78.3,0.957,-1,-1,-1
709,146,1305.52,137.73,34.94,73.94,0.9528,-1,-1,-1
709,249,954.5,347.14,36.7,101.16,0.9515,-1,-1,-1
709,342,1814.8,207.57,49.37,71.24,0.9474,-1,-1,-1
709,147,771.65,187.56,27.6,82.16,0.9405,-1,-1,-1
709,154,1060.49,217.07,47.94,84.12,0.9307,-1,-1,-1
709,314,1103.77,125.51,35.46,49.88,0.9098,-1,-1,-1
710,192,308.88,481.91,50.73,105.79,0.9761,-1,-1,-1
710,315,97.1,290.48,41.7,104.93,0.9731,-1,-1,-1
710,328,1702.19,397.39,66.23,107.62,0.9724,-1,-1,-1
710,317,597.94,288.88,39.16,97.9,0.9716,-1,-1,-1
710,330,1728.5,762.75,63.55,168.22,0.9709,-1,-1,-1
710,286,1115.27,242.58,58.82,85.64,0.9705,-1,-1,-1
710,338,1777.85,200.93,40.54,79.9,0.9688,-1,-1,-1
710,310,1368.08,237.18,47.66,87.68,0.9672,-1,-1,-1
710,340,1833.42,324.69,50.29,94.76,0.9669,-1,-1,-1
710,197,1616.68,395.32,81.15,100.78,0.965,-1,-1,-1
710,144,931.72,297.14,37.09,97.94,0.9641,-1,-1,-1
710,341,1800.64,271.43,64.11,80.88,0.9619,-1,-1,-1
710,191,659.95,171.81,30.75,78.26,0.9568,-1,-1,-1
710,146,1305.53,137.42,34.89,74.24,0.9526,-1,-1,-1
710,249,954.42,347.15,36.77,101.15,0.9522,-1,-1,-1
710,342,1814.33,207.6,49.87,71.68,0.9489,-1,-1,-1
710,147,771.67,187.6,27.53,82.13,0.9399,-1,-1,-1
710,154,1061.1,217.77,47.52,84.41,0.9334,-1,-1,-1
710,314,1103.74,125.58,35.53,49.78,0.9063,-1,-1,-1
710,344,501.27,889.28,72.35,185.44,0.4057,-1,-1,-1
711,197,1606.82,395.84,88.51,100.83,0.9821,-1,-1,-1
711,192,297.29,480.8,60.69,107.67,0.9793,-1,-1,-1
711,315,88.05,290.2,42.97,105.0,0.9746,-1,-1,-1
711,286,1107.7,242.61,60.55,84.57,0.9743,-1,-1,-1
711,330,1713.94,761.17,65.6,172.45,0.9742,-1,-1,-1
711,328,1692.77,395.55,61.75,109.68,0.9737,-1,-1,-1
711,341,1788.89,271.01,66.73,82.4,0.9677,-1,-1,-1
711,338,1766.08,202.38,39.59,80.15,0.9643,-1,-1,-1
711,342,1800.84,207.59,53.43,70.28,0.9617,-1,-1,-1
711,144,920.02,299.58,36.91,95.65,0.9611,-1,-1,-1
711,146,1293.58,139.7,38.67,72.42,0.9598,-1,-1,-1
711,314,1093.81,115.87,42.71,59.7,0.9582,-1,-1,-1
711,154,1063.67,219.59,41.88,82.51,0.9564,-1,-1,-1
711,191,650.74,172.51,29.94,78.09,0.9507,-1,-1,-1
711,340,1831.09,324.06,41.06,93.7,0.9504,-1,-1,-1
711,249,941.92,349.8,38.07,98.41,0.9501,-1,-1,-1
711,317,596.04,289.28,34.03,94.7,0.9458,-1,-1,-1
711,147,761.47,187.59,26.59,81.73,0.9336,-1,-1,-1
711,310,1358.35,235.53,44.88,89.41,0.8218,-1,-1,-1
712,192,288.14,479.58,67.04,110.64,0.9774,-1,-1,-1
712,315,79.28,290.13,43.22,105.57,0.9752,-1,-1,-1
712,330,1701.46,762.74,70.71,170.12,0.9734,-1,-1,-1
712,197,1602.71,396.05,82.58,97.73,0.9693,-1,-1,-1
712,328,1687.5,396.81,57.26,106.7,0.968,-1,-1,-1
712,286,1103.47,241.9,58.9,85.71,0.967,-1,-1,-1
712,342,1788.45,206.68,57.38,72.06,0.967,-1,-1,-1
712,340,1819.12,322.62,42.79,94.8,0.9656,-1,-1,-1
712,338,1755.09,204.61,36.7,78.55,0.9649,-1,-1,-1
712,314,1085.51,113.72,47.59,62.9,0.9609,-1,-1,-1
712,341,1782.01,270.64,63.09,82.99,0.9604,-1,-1,-1
712,144,908.95,301.83,35.22,93.01,0.9597,-1,-1,-1
712,317,591.3,289.92,32.91,94.87,0.9575,-1,-1,-1
712,146,1282.79,130.65,42.78,81.65,0.9543,-1,-1,-1
712,147,752.48,187.56,25.52,82.16,0.9462,-1,-1,-1
712,249,930.83,350.57,36.6,96.73,0.941,-1,-1,-1
712,191,641.53,173.3,28.28,76.65,0.9385,-1,-1,-1
712,154,1063.7,219.4,35.62,81.29,0.9045,-1,-1,-1
712,310,1350.14,237.44,40.97,86.9,0.6396,-1,-1,-1
713,192,283.33,478.76,68.59,114.57,0.9765,-1,-1,-1
713,328,1685.23,396.95,51.19,105.81,0.9747,-1,-1,-1
713,330,1687.15,763.79,81.4,167.87,0.9729,-1,-1,-1
713,315,71.79,289.46,39.55,105.36,0.9708,-1,-1,-1
713,340,1802.92,321.24,50.18,96.09,0.9701,-1,-1,-1
713,146,1271.46,140.16,43.74,72.76,0.9701,-1,-1,-1
713,154,1052.67,219.21,43.97,82.59,0.9652,-1,-1,-1
713,144,898.52,302.2,34.53,91.02,0.9634,-1,-1,-1
713,286,1098.72,251.86,55.18,76.81,0.9617,-1,-1,-1
713,197,1602.5,394.89,76.02,95.88,0.9593,-1,-1,-1
713,338,1743.2,207.18,34.7,75.99,0.9521,-1,-1,-1
713,341,1776.22,270.4,58.09,82.89,0.9488,-1,-1,-1
713,191,631.29,172.27,27.54,77.38,0.9475,-1,-1,-1
713,249,915.75,348.91,38.0,97.27,0.9468,-1,-1,-1
713,317,583.27,289.32,34.65,95.16,0.9447,-1,-1,-1
713,342,1791.77,209.2,43.24,69.98,0.9304,-1,-1,-1
713,147,742.41,188.08,25.44,81.77,0.9266,-1,-1,-1
713,314,1093.78,114.41,33.0,63.37,0.8667,-1,-1,-1
713,310,1341.65,236.87,37.69,86.67,0.8481,-1,-1,-1
714,330,1674.66,766.38,88.08,160.8,0.9809,-1,-1,-1
714,317,571.5,288.71,40.15,99.83,0.9755,-1,-1,-1
714,340,1789.66,319.52,52.5,97.18,0.9728,-1,-1,-1
714,154,1042.6,217.19,49.83,85.59,0.9709,-1,-1,-1
714,146,1262.9,136.19,46.01,77.79,0.9703,-1,-1,-1
714,328,1682.91,397.41,45.17,102.67,0.9699,-1,-1,-1
714,197,1600.48,394.47,74.17,95.61,0.9697,-1,-1,-1
714,192,279.88,479.25,65.8,117.28,0.9687,-1,-1,-1
714,286,1096.79,248.4,49.69,82.16,0.9667,-1,-1,-1
714,338,1727.77,207.14,38.76,75.79,0.9663,-1,-1,-1
714,315,64.86,289.51,37.0,105.88,0.9653,-1,-1,-1
714,144,887.71,301.86,35.95,90.2,0.9632,-1,-1,-1
714,249,904.68,350.68,37.68,99.66,0.9519,-1,-1,-1
714,342,1782.47,210.31,43.14,70.8,0.9439,-1,-1,-1
714,191,620.88,171.25,27.81,78.2,0.9382,-1,-1,-1
714,341,1771.06,263.69,52.09,92.24,0.9224,-1,-1,-1
714,147,731.3,188.53,25.32,80.64,0.8659,-1,-1,-1
714,310,1335.52,236.33,31.91,87.13,0.8403,-1,-1,-1
714,314,1083.74,116.97,34.75,62.43,0.6702,-1,-1,-1
715,330,1661.63,764.17,93.02,163.89,0.9772,-1,-1,-1
715,317,562.66,288.24,43.78,100.29,0.9758,-1,-1,-1
715,328,1672.09,397.95,46.99,102.0,0.972,-1,-1,-1
715,197,1592.58,393.08,79.44,96.59,0.972,-1,-1,-1
715,286,1101.26,246.84,43.18,82.58,0.9711,-1,-1,-1
715,154,1033.85,217.07,54.61,84.58,0.9707,-1,-1,-1
715,315,55.2,289.46,42.78,106.38,0.9707,-1,-1,-1
715,340,1776.59,319.92,56.4,99.17,0.9703,-1,-1,-1
715,146,1256.72,132.01,42.21,82.9,0.969,-1,-1,-1
715,338,1710.9,206.69,43.76,75.14,0.9689,-1,-1,-1
715,192,279.42,481.69,62.7,113.77,0.9688,-1,-1,-1
715,144,876.12,300.5,37.62,94.5,0.9647,-1,-1,-1
715,346,1878.43,337.28,41.57,90.85,0.9616,-1,-1,-1
715,147,720.72,188.69,27.27,80.98,0.9497,-1,-1,-1
715,191,610.02,172.0,28.69,79.41,0.9477,-1,-1,-1
715,341,1767.79,220.39,49.11,135.01,0.9221,-1,-1,-1
715,249,894.63,356.31,35.22,99.85,0.8863,-1,-1,-1
715,314,1083.51,119.14,23.76,59.4,0.8367,-1,-1,-1
715,342,1779.12,208.95,38.06,81.82,0.6905,-1,-1,-1
715,310,1325.23,236.27,31.56,86.41,0.6149,-1,-1,-1
716,330,1661.6,764.18,93.04,163.86,0.9774,-1,-1,-1
716,317,562.67,288.25,43.73,100.3,0.9757,-1,-1,-1
716,197,1592.53,393.11,79.22,96.58,0.9723,-1,-1,-1
716,328,1672.05,397.93,47.05,102.02,0.9721,-1,-1,-1
716,286,1101.27,246.85,43.11,82.56,0.971,-1,-1,-1
716,315,55.23,289.44,42.77,106.38,0.9708,-1,-1,-1
716,154,1033.85,217.09,54.66,84.58,0.9706,-1,-1,-1
716,340,1776.56,319.92,56.45,99.11,0.9704,-1,-1,-1
716,192,279.27,481.72,62.9,113.89,0.969,-1,-1,-1
716,338,1711.05,206.67,43.64,75.17,0.9689,-1,-1,-1
716,146,1256.72,132.07,42.17,82.84,0.9688,-1,-1,-1
716,144,876.09,300.49,37.6,94.53,0.9645,-1,-1,-1
716,346,1878.27,337.23,41.73,90.69,0.9619,-1,-1,-1
716,147,720.7,188.72,27.3,80.94,0.9498,-1,-1,-1
716,191,610.03,171.87,28.7,79.58,0.9471,-1,-1,-1
716,341,1767.77,220.14,49.13,135.16,0.9222,-1,-1,-1
716,249,894.54,356.47,35.34,99.62,0.887,-1,-1,-1
716,314,1082.66,118.44,24.77,59.86,0.8042,-1,-1,-1
716,342,1779.12,208.89,38.0,81.98,0.6998,-1,-1,-1
716,310,1325.21,236.25,31.59,86.33,0.6055,-1,-1,-1
717,197,1579.16,391.83,89.76,96.78,0.9763,-1,-1,-1
717,340,1763.57,320.66,60.37,99.01,0.9757,-1,-1,-1
717,338,1696.84,206.3,46.52,76.91,0.9756,-1,-1,-1
717,328,1660.52,397.15,50.27,101.27,0.9744,-1,-1,-1
717,317,553.07,288.62,49.24,101.64,0.974,-1,-1,-1
717,154,1029.19,217.67,60.51,84.03,0.9729,-1,-1,-1
717,286,1099.22,247.06,42.16,82.24,0.972,-1,-1,-1
717,144,864.73,300.99,38.83,92.36,0.9715,-1,-1,-1
717,330,1650.1,764.18,94.74,161.31,0.9707,-1,-1,-1
717,192,281.13,481.65,58.49,116.96,0.97,-1,-1,-1
717,315,46.96,289.83,41.71,106.63,0.966,-1,-1,-1
717,191,599.89,172.21,28.86,80.76,0.959,-1,-1,-1
717,346,1869.58,339.06,50.42,91.29,0.959,-1,-1,-1
717,147,709.12,190.07,33.38,80.03,0.9561,-1,-1,-1
717,249,884.92,360.22,33.83,98.03,0.9441,-1,-1,-1
717,146,1252.67,141.64,41.26,73.04,0.9344,-1,-1,-1
717,341,1754.35,247.34,49.37,111.63,0.9075,-1,-1,-1
717,342,1772.79,211.76,35.94,66.88,0.9051,-1,-1,-1
717,314,1072.89,125.7,25.21,53.51,0.8631,-1,-1,-1
717,310,1312.37,237.71,34.38,85.28,0.8098,-1,-1,-1
718,197,1571.44,390.65,85.68,99.49,0.9814,-1,-1,-1
718,330,1632.45,762.24,98.8,163.83,0.9766,-1,-1,-1
718,317,547.26,291.98,47.38,100.66,0.9732,-1,-1,-1
718,338,1682.56,207.12,50.8,76.64,0.9715,-1,-1,-1
718,154,1024.3,218.84,61.31,83.94,0.9711,-1,-1,-1
718,340,1755.91,321.76,58.73,96.63,0.9705,-1,-1,-1
718,328,1657.62,400.55,44.46,97.29,0.9699,-1,-1,-1
718,315,37.2,291.5,43.13,107.15,0.9688,-1,-1,-1
718,144,854.47,302.62,38.54,86.18,0.9684,-1,-1,-1
718,147,697.46,190.35,37.27,79.92,0.9661,-1,-1,-1
718,286,1088.99,246.27,50.68,82.71,0.9588,-1,-1,-1
718,191,589.29,172.42,29.65,80.96,0.9571,-1,-1,-1
718,341,1745.43,256.69,46.4,97.52,0.9526,-1,-1,-1
718,146,1249.42,143.73,36.13,69.84,0.9466,-1,-1,-1
718,249,872.4,367.75,35.11,92.89,0.9446,-1,-1,-1
718,192,287.8,481.25,48.86,115.21,0.9372,-1,-1,-1
718,342,1762.73,211.96,38.84,58.56,0.8937,-1,-1,-1
718,314,1064.92,126.25,28.91,52.58,0.8511,-1,-1,-1
718,310,1298.58,238.8,38.61,84.62,0.8057,-1,-1,-1
718,346,1864.32,331.19,54.42,98.41,0.7231,-1,-1,-1
719,197,1566.41,388.45,80.68,100.41,0.9764,-1,-1,-1
719,192,278.64,480.47,56.18,118.55,0.9755,-1,-1,-1
719,338,1671.2,208.45,51.84,77.4,0.9703,-1,-1,-1
719,147,685.81,192.28,39.9,78.67,0.9687,-1,-1,-1
719,286,1078.36,244.15,56.85,84.86,0.9681,-1,-1,-1
719,315,27.75,292.92,45.26,105.71,0.967,-1,-1,-1
719,317,544.38,292.89,42.72,100.82,0.966,-1,-1,-1
719,330,1619.67,757.93,98.81,167.33,0.9616,-1,-1,-1
719,328,1653.26,401.55,38.55,94.51,0.9599,-1,-1,-1
719,154,1024.92,221.07,49.76,83.47,0.9551,-1,-1,-1
719,191,578.6,174.29,29.69,80.48,0.9533,-1,-1,-1
719,144,845.15,304.72,38.14,82.96,0.9504,-1,-1,-1
719,249,860.95,371.97,34.51,88.42,0.9455,-1,-1,-1
719,340,1750.96,322.89,56.8,95.32,0.9453,-1,-1,-1
719,314,1054.62,118.95,34.98,59.79,0.9405,-1,-1,-1
719,341,1738.84,259.86,37.9,94.64,0.9359,-1,-1,-1
719,342,1755.33,212.67,39.99,77.29,0.913,-1,-1,-1
719,346,1867.04,328.51,46.91,102.48,0.9125,-1,-1,-1
719,310,1285.18,240.04,42.78,83.4,0.9083,-1,-1,-1
719,146,1242.91,147.66,32.58,65.66,0.8925,-1,-1,-1
720,330,1604.75,757.84,96.06,167.25,0.9801,-1,-1,-1
720,197,1565.03,388.92,72.69,99.92,0.9757,-1,-1,-1
720,192,272.66,479.39,58.57,124.35,0.9733,-1,-1,-1
720,315,18.25,295.9,44.69,101.81,0.9717,-1,-1,-1
720,286,1071.58,244.04,59.03,81.44,0.9714,-1,-1,-1
720,328,1640.95,402.89,43.31,92.86,0.9708,-1,-1,-1
720,338,1661.45,210.27,51.28,77.84,0.969,-1,-1,-1
720,340,1744.07,324.72,55.46,92.98,0.9662,-1,-1,-1
720,314,1044.27,116.65,41.67,64.21,0.9655,-1,-1,-1
720,154,1027.67,223.42,42.08,81.41,0.964,-1,-1,-1
720,147,674.65,192.46,40.02,77.92,0.9628,-1,-1,-1
720,191,567.74,176.54,30.96,78.54,0.9555,-1,-1,-1
720,146,1231.8,143.08,38.85,70.59,0.95,-1,-1,-1
720,144,837.66,306.72,36.6,80.43,0.9489,-1,-1,-1
720,317,540.99,301.55,38.11,93.2,0.9441,-1,-1,-1
720,342,1737.92,213.74,52.99,78.27,0.9353,-1,-1,-1
720,346,1858.36,327.55,44.58,99.26,0.9273,-1,-1,-1
720,249,846.68,373.68,35.35,87.63,0.9253,-1,-1,-1
720,341,1733.9,268.74,33.82,87.13,0.882,-1,-1,-1
720,310,1271.46,242.03,47.28,81.8,0.4148,-1,-1,-1
721,330,1599.51,755.56,91.21,166.25,0.9743,-1,-1,-1
721,197,1570.87,391.84,61.89,96.46,0.9743,-1,-1,-1
721,192,266.46,479.67,65.64,125.29,0.9734,-1,-1,-1
721,315,10.82,297.46,41.55,102.38,0.9725,-1,-1,-1
721,286,1067.7,243.59,60.63,84.65,0.9685,-1,-1,-1
721,338,1652.21,212.58,50.05,76.2,0.9676,-1,-1,-1
721,340,1739.69,325.6,51.71,89.7,0.9676,-1,-1,-1
721,146,1220.72,143.0,42.16,72.39,0.9665,-1,-1,-1
721,328,1626.81,403.64,59.62,90.79,0.9653,-1,-1,-1
721,147,664.34,192.85,39.67,78.18,0.965,-1,-1,-1
721,346,1849.02,328.33,44.81,100.36,0.9642,-1,-1,-1
721,314,1036.65,117.95,45.87,62.08,0.9612,-1,-1,-1
721,310,1258.54,243.0,52.2,81.02,0.9562,-1,-1,-1
721,191,558.6,178.17,31.5,77.28,0.9553,-1,-1,-1
721,144,832.37,309.19,35.04,78.13,0.9539,-1,-1,-1
721,154,1031.63,224.23,35.27,79.1,0.9452,-1,-1,-1
721,249,835.53,375.71,36.19,84.21,0.9423,-1,-1,-1
721,342,1731.96,215.79,47.41,77.49,0.9349,-1,-1,-1
721,341,1721.8,267.3,36.18,89.97,0.9198,-1,-1,-1
721,317,539.56,306.02,33.57,87.7,0.7922,-1,-1,-1
722,197,1571.03,391.81,61.83,96.52,0.9745,-1,-1,-1
722,330,1599.49,755.62,91.22,166.2,0.9743,-1,-1,-1
722,192,266.32,479.68,65.54,125.29,0.9735,-1,-1,-1
722,315,10.75,297.42,41.7,102.41,0.9727,-1,-1,-1
722,286,1067.75,243.59,60.58,84.62,0.9684,-1,-1,-1
722,338,1652.21,212.6,50.02,76.14,0.9679,-1,-1,-1
722,340,1739.72,325.59,51.67,89.65,0.9679,-1,-1,-1
722,146,1220.65,143.06,42.21,72.46,0.9668,-1,-1,-1
722,147,664.32,192.89,39.64,78.16,0.9652,-1,-1,-1
722,328,1626.81,403.62,59.6,90.88,0.9649,-1,-1,-1
722,346,1849.02,328.3,44.83,100.44,0.9647,-1,-1,-1
722,314,1036.41,117.92,46.17,62.11,0.9623,-1,-1,-1
722,310,1258.54,243.0,52.21,81.01,0.9564,-1,-1,-1
722,191,558.62,178.18,31.48,77.28,0.9553,-1,-1,-1
722,144,832.34,309.2,35.02,78.18,0.9535,-1,-1,-1
722,154,1031.61,224.23,35.27,78.98,0.9451,-1,-1,-1
722,249,835.36,375.59,36.28,84.38,0.9434,-1,-1,-1
722,342,1733.09,216.04,46.23,77.22,0.9362,-1,-1,-1
722,341,1721.68,266.97,36.38,90.24,0.9277,-1,-1,-1
722,317,539.44,306.05,33.64,87.64,0.7912,-1,-1,-1
723,330,1593.87,753.09,85.96,165.76,0.9787,-1,-1,-1
723,197,1569.74,393.0,57.52,94.61,0.9765,-1,-1,-1
723,146,1211.28,142.6,45.2,73.4,0.9727,-1,-1,-1
723,192,263.91,481.58,65.8,125.38,0.9725,-1,-1,-1
723,340,1731.93,325.28,45.94,91.67,0.9678,-1,-1,-1
723,328,1612.11,403.25,73.12,90.75,0.9676,-1,-1,-1
723,315,0.82,299.09,44.38,102.22,0.9675,-1,-1,-1
723,346,1835.86,326.86,48.08,104.8,0.9667,-1,-1,-1
723,338,1645.27,214.4,46.43,74.91,0.9652,-1,-1,-1
723,154,1025.03,223.01,37.74,80.14,0.9613,-1,-1,-1
723,144,822.53,310.18,36.81,78.67,0.9562,-1,-1,-1
723,286,1062.3,245.86,59.58,83.53,0.9524,-1,-1,-1
723,341,1710.49,264.01,37.0,90.89,0.9516,-1,-1,-1
723,147,654.06,195.09,38.48,76.44,0.9514,-1,-1,-1
723,191,550.07,178.61,30.88,76.48,0.9488,-1,-1,-1
723,249,825.49,377.28,35.05,88.3,0.9269,-1,-1,-1
723,314,1041.99,116.7,37.09,64.33,0.9053,-1,-1,-1
723,342,1737.33,221.88,28.53,70.9,0.899,-1,-1,-1
723,317,533.08,296.81,36.33,92.43,0.8976,-1,-1,-1
723,310,1247.42,244.29,52.38,79.55,0.8347,-1,-1,-1
724,330,1592.17,749.44,78.4,164.61,0.9719,-1,-1,-1
724,192,263.43,484.17,58.43,124.47,0.9713,-1,-1,-1
724,346,1820.8,326.87,53.63,106.58,0.9709,-1,-1,-1
724,341,1697.64,265.92,42.23,86.9,0.9708,-1,-1,-1
724,154,1015.6,221.38,43.94,83.04,0.9699,-1,-1,-1
724,340,1717.22,323.7,52.25,94.76,0.9696,-1,-1,-1
724,197,1553.41,391.88,71.41,97.21,0.9687,-1,-1,-1
724,146,1204.22,145.13,45.08,73.08,0.9686,-1,-1,-1
724,315,0.13,301.87,37.36,101.1,0.9626,-1,-1,-1
724,338,1637.83,214.61,44.28,73.93,0.9624,-1,-1,-1
724,144,813.8,310.48,36.53,81.49,0.9598,-1,-1,-1
724,286,1062.61,248.33,52.33,81.3,0.9587,-1,-1,-1
724,147,644.21,195.37,36.14,76.78,0.9564,-1,-1,-1
724,191,541.96,178.86,29.92,77.16,0.9524,-1,-1,-1
724,328,1603.53,400.95,77.21,92.33,0.9493,-1,-1,-1
724,317,527.61,296.06,36.15,95.19,0.9385,-1,-1,-1
724,314,1038.95,120.87,31.44,61.83,0.9182,-1,-1,-1
724,342,1730.67,213.86,29.02,65.01,0.8974,-1,-1,-1
724,249,817.2,379.53,32.69,91.62,0.8215,-1,-1,-1
724,310,1237.72,245.21,51.47,79.16,0.5048,-1,-1,-1
725,330,1594.19,746.84,66.57,166.2,0.9753,-1,-1,-1
725,192,269.25,486.26,49.02,121.48,0.9749,-1,-1,-1
725,341,1682.56,265.58,50.37,86.54,0.9746,-1,-1,-1
725,197,1545.21,390.01,75.77,98.35,0.9738,-1,-1,-1
725,340,1705.08,323.77,51.37,95.84,0.9721,-1,-1,-1
725,346,1809.02,325.87,56.34,105.77,0.9709,-1,-1,-1
725,338,1629.66,213.88,43.09,75.69,0.9703,-1,-1,-1
725,154,1005.67,221.08,56.55,83.06,0.9694,-1,-1,-1
725,286,1065.45,247.78,44.83,79.93,0.9693,-1,-1,-1
725,146,1199.74,146.52,39.8,73.78,0.9688,-1,-1,-1
725,144,804.73,309.98,36.78,82.9,0.9628,-1,-1,-1
725,191,532.15,178.58,29.94,78.52,0.9526,-1,-1,-1
725,317,518.61,297.02,39.58,98.4,0.9521,-1,-1,-1
725,328,1597.52,403.86,77.91,88.24,0.9478,-1,-1,-1
725,342,1722.31,212.24,29.89,65.19,0.9407,-1,-1,-1
725,315,0.0,301.17,26.75,102.27,0.9392,-1,-1,-1
725,147,637.09,194.58,32.37,77.85,0.9379,-1,-1,-1
725,314,1031.81,122.78,27.56,60.92,0.906,-1,-1,-1
725,249,805.77,376.92,33.25,96.03,0.8509,-1,-1,-1
725,348,1891.8,615.15,28.2,120.53,0.5853,-1,-1,-1
726,341,1667.96,266.41,56.09,85.63,0.9763,-1,-1,-1
726,330,1591.65,744.12,58.43,166.55,0.9751,-1,-1,-1
726,317,510.6,298.27,42.27,99.52,0.9745,-1,-1,-1
726,197,1540.23,386.72,78.6,98.42,0.9744,-1,-1,-1
726,192,273.72,487.86,42.08,119.36,0.9742,-1,-1,-1
726,340,1694.59,323.86,53.38,95.91,0.9736,-1,-1,-1
726,154,999.36,220.32,59.68,82.52,0.9723,-1,-1,-1
726,338,1617.88,212.68,45.98,75.6,0.9709,-1,-1,-1
726,346,1801.0,326.46,55.5,104.4,0.9673,-1,-1,-1
726,144,794.26,309.21,38.4,87.12,0.9659,-1,-1,-1
726,146,1197.5,150.84,33.98,69.99,0.9565,-1,-1,-1
726,191,521.58,178.15,31.61,80.64,0.9549,-1,-1,-1
726,286,1068.5,249.48,38.63,80.71,0.9531,-1,-1,-1
726,342,1715.1,208.97,30.33,68.52,0.9484,-1,-1,-1
726,147,631.24,194.57,27.57,78.02,0.9431,-1,-1,-1
726,249,793.69,375.78,35.1,103.09,0.936,-1,-1,-1
726,328,1591.9,405.44,77.54,84.73,0.8907,-1,-1,-1
726,314,1027.9,131.09,25.85,52.55,0.8844,-1,-1,-1
726,315,0.19,299.57,16.44,104.27,0.859,-1,-1,-1
726,348,1886.82,617.68,33.05,124.01,0.8477,-1,-1,-1
726,310,1224.69,244.94,49.82,77.17,0.6117,-1,-1,-1
727,341,1653.76,266.39,60.91,86.09,0.9767,-1,-1,-1
727,192,266.11,487.0,51.28,119.94,0.9766,-1,-1,-1
727,317,503.62,300.39,43.41,100.29,0.9751,-1,-1,-1
727,340,1686.65,324.54,51.48,95.01,0.9741,-1,-1,-1
727,330,1582.6,741.78,57.7,166.02,0.9702,-1,-1,-1
727,346,1789.77,328.51,57.17,103.12,0.9675,-1,-1,-1
727,144,784.9,310.28,39.22,85.48,0.9648,-1,-1,-1
727,154,994.78,221.23,64.2,83.44,0.9648,-1,-1,-1
727,286,1057.76,245.58,45.89,84.02,0.96,-1,-1,-1
727,348,1881.21,608.95,38.42,131.95,0.9581,-1,-1,-1
727,338,1606.14,212.93,49.26,77.85,0.9557,-1,-1,-1
727,249,782.58,380.18,35.78,99.72,0.955,-1,-1,-1
727,191,511.43,178.25,32.76,80.58,0.9461,-1,-1,-1
727,197,1543.36,387.25,74.24,85.27,0.939,-1,-1,-1
727,342,1706.31,208.56,31.11,87.45,0.9347,-1,-1,-1
727,146,1195.96,151.83,28.56,69.7,0.9282,-1,-1,-1
727,147,622.99,194.83,25.19,77.71,0.9194,-1,-1,-1
727,314,1018.93,127.6,30.85,55.4,0.8992,-1,-1,-1
727,310,1221.36,244.26,45.13,78.62,0.8375,-1,-1,-1
727,328,1603.71,407.12,55.3,83.58,0.8316,-1,-1,-1
727,351,1586.54,414.31,35.86,74.14,0.7905,-1,-1,-1
728,192,266.13,486.99,51.27,119.96,0.9766,-1,-1,-1
728,341,1653.82,266.36,60.86,86.09,0.9765,-1,-1,-1
728,317,503.61,300.41,43.35,100.22,0.9753,-1,-1,-1
728,340,1686.38,324.54,51.79,95.07,0.9742,-1,-1,-1
728,330,1582.61,741.81,57.69,166.11,0.9702,-1,-1,-1
728,346,1790.0,328.48,56.94,103.14,0.9667,-1,-1,-1
728,154,995.04,221.92,63.56,82.85,0.9648,-1,-1,-1
728,144,784.98,310.29,39.15,85.62,0.9648,-1,-1,-1
728,286,1057.71,245.62,45.87,83.95,0.9584,-1,-1,-1
728,348,1881.2,609.95,38.33,131.05,0.9569,-1,-1,-1
728,338,1606.12,212.91,49.19,77.87,0.9564,-1,-1,-1
728,249,782.46,380.31,35.88,99.62,0.9539,-1,-1,-1
728,191,511.44,178.25,32.68,80.55,0.9458,-1,-1,-1
728,197,1543.41,387.28,74.2,84.95,0.9403,-1,-1,-1
728,342,1706.32,208.45,31.17,87.58,0.9324,-1,-1,-1
728,146,1195.97,151.66,28.58,69.86,0.9284,-1,-1,-1
728,147,622.95,194.75,25.2,77.77,0.9178,-1,-1,-1
728,314,1018.93,127.59,30.88,55.5,0.8994,-1,-1,-1
728,310,1221.39,244.27,45.16,78.61,0.8367,-1,-1,-1
728,328,1603.56,407.11,55.31,83.57,0.8274,-1,-1,-1
728,351,1586.54,414.31,36.03,74.17,0.7854,-1,-1,-1
728,352,1630.08,404.22,33.81,46.15,0.6117,-1,-1,-1
729,317,498.24,303.49,41.37,99.76,0.9717,-1,-1,-1
729,330,1574.02,741.36,55.1,164.88,0.9716,-1,-1,-1
729,341,1642.57,267.1,63.29,85.26,0.9711,-1,-1,-1
729,192,255.93,485.84,62.02,123.03,0.9709,-1,-1,-1
729,286,1048.54,244.82,51.7,83.94,0.9699,-1,-1,-1
729,144,774.41,312.59,41.14,83.69,0.9672,-1,-1,-1
729,338,1596.66,212.82,50.09,79.95,0.9659,-1,-1,-1
729,154,994.12,223.16,56.65,82.29,0.9634,-1,-1,-1
729,346,1787.51,329.26,48.29,103.42,0.9627,-1,-1,-1
729,348,1875.84,610.3,43.37,129.16,0.9529,-1,-1,-1
729,342,1699.2,207.94,31.75,87.04,0.9507,-1,-1,-1
729,191,500.87,178.88,32.04,81.13,0.9446,-1,-1,-1
729,147,613.89,195.54,23.87,77.72,0.94,-1,-1,-1
729,249,771.6,385.2,36.28,92.05,0.9348,-1,-1,-1
729,328,1592.7,406.11,59.21,82.52,0.9304,-1,-1,-1
729,146,1184.32,153.63,33.83,66.8,0.9281,-1,-1,-1
729,197,1548.32,387.62,64.82,86.69,0.9277,-1,-1,-1
729,314,1009.75,127.72,33.37,54.43,0.9268,-1,-1,-1
729,340,1682.14,326.81,44.28,91.29,0.9114,-1,-1,-1
729,310,1214.74,244.31,42.43,78.63,0.7813,-1,-1,-1
729,351,1581.32,410.18,41.79,76.07,0.4544,-1,-1,-1
730,192,245.96,485.4,70.92,124.76,0.9742,-1,-1,-1
730,146,1172.22,151.6,39.59,69.3,0.9725,-1,-1,-1
730,348,1867.15,601.83,48.79,136.02,0.972,-1,-1,-1
730,330,1562.64,742.11,58.13,162.27,0.9718,-1,-1,-1
730,338,1589.53,214.13,48.89,80.34,0.9686,-1,-1,-1
730,341,1639.19,269.41,60.14,82.74,0.9683,-1,-1,-1
730,197,1551.35,389.82,57.59,88.98,0.9674,-1,-1,-1
730,286,1042.44,245.7,54.54,80.8,0.9674,-1,-1,-1
730,144,765.71,315.55,40.13,83.02,0.9642,-1,-1,-1
730,317,494.35,305.34,37.15,97.65,0.9598,-1,-1,-1
730,340,1676.53,327.45,37.76,91.17,0.9579,-1,-1,-1
730,346,1782.65,330.46,41.52,101.29,0.9568,-1,-1,-1
730,191,490.57,180.02,31.92,81.45,0.9499,-1,-1,-1
730,328,1586.76,405.12,57.91,84.84,0.9467,-1,-1,-1
730,342,1688.02,209.06,36.88,83.93,0.9447,-1,-1,-1
730,154,996.27,225.04,41.59,64.07,0.937,-1,-1,-1
730,314,999.66,127.02,37.47,57.37,0.9357,-1,-1,-1
730,147,603.77,196.71,24.53,77.03,0.9097,-1,-1,-1
730,310,1201.12,242.61,47.44,81.22,0.8974,-1,-1,-1
730,249,760.24,388.79,35.09,89.03,0.8884,-1,-1,-1
731,330,1549.99,743.8,71.58,159.43,0.9745,-1,-1,-1
731,192,236.99,486.25,81.52,124.96,0.9736,-1,-1,-1
731,146,1162.33,149.02,44.53,72.44,0.9733,-1,-1,-1
731,341,1635.8,266.58,56.83,86.42,0.9727,-1,-1,-1
731,348,1851.83,602.68,58.9,136.14,0.9714,-1,-1,-1
731,338,1583.33,215.9,44.9,80.54,0.9677,-1,-1,-1
731,340,1666.86,328.61,39.03,87.25,0.963,-1,-1,-1
731,346,1773.02,330.76,41.43,99.26,0.9618,-1,-1,-1
731,286,1036.34,246.21,59.74,80.05,0.961,-1,-1,-1
731,144,757.72,318.35,36.66,81.4,0.958,-1,-1,-1
731,328,1572.18,403.96,63.78,89.67,0.9527,-1,-1,-1
731,314,990.8,123.8,40.44,58.52,0.9507,-1,-1,-1
731,342,1682.84,210.66,33.64,84.74,0.9492,-1,-1,-1
731,191,480.16,182.48,31.4,79.72,0.9461,-1,-1,-1
731,197,1544.85,390.85,61.71,89.57,0.9404,-1,-1,-1
731,147,592.04,196.97,25.79,79.25,0.9145,-1,-1,-1
731,317,492.09,305.11,31.08,88.49,0.8873,-1,-1,-1
731,154,999.0,225.64,36.72,60.23,0.8708,-1,-1,-1
731,249,748.25,388.85,35.61,89.95,0.862,-1,-1,-1
731,353,321.11,872.33,59.49,179.48,0.7686,-1,-1,-1
731,310,1189.68,241.96,49.58,82.08,0.7339,-1,-1,-1
732,192,230.12,487.85,85.5,125.78,0.9799,-1,-1,-1
732,330,1538.15,748.54,87.63,153.82,0.974,-1,-1,-1
732,348,1835.85,601.06,68.7,138.71,0.9728,-1,-1,-1
732,146,1152.93,152.53,49.68,70.18,0.9665,-1,-1,-1
732,338,1575.29,217.74,40.9,78.43,0.9663,-1,-1,-1
732,340,1659.01,329.82,37.99,85.84,0.9658,-1,-1,-1
732,342,1673.85,213.2,31.45,85.28,0.9557,-1,-1,-1
732,341,1635.09,267.18,42.44,86.64,0.9547,-1,-1,-1
732,310,1178.82,241.49,49.82,83.2,0.9529,-1,-1,-1
732,346,1761.73,330.78,41.5,97.98,0.9522,-1,-1,-1
732,191,469.82,183.7,28.09,77.19,0.9459,-1,-1,-1
732,144,748.08,317.88,34.1,82.67,0.9458,-1,-1,-1
732,249,736.73,388.22,37.77,97.49,0.9374,-1,-1,-1
732,314,986.09,122.61,43.74,62.1,0.9343,-1,-1,-1
732,147,580.12,199.62,27.91,76.39,0.9301,-1,-1,-1
732,328,1561.55,400.56,62.9,93.4,0.9286,-1,-1,-1
732,286,1033.03,247.52,57.38,79.63,0.9124,-1,-1,-1
732,197,1533.32,389.97,62.39,91.13,0.9027,-1,-1,-1
732,317,483.5,307.01,33.49,94.11,0.8887,-1,-1,-1
732,154,1002.46,227.09,31.93,60.07,0.8279,-1,-1,-1
732,354,998.23,245.91,27.14,61.82,0.4529,-1,-1,-1
733,192,228.61,491.19,78.38,125.44,0.9762,-1,-1,-1
733,330,1526.05,754.81,95.21,147.14,0.9702,-1,-1,-1
733,310,1167.61,241.61,50.23,82.85,0.9699,-1,-1,-1
733,146,1148.01,152.0,45.45,70.75,0.9693,-1,-1,-1
733,340,1645.78,332.53,49.34,83.34,0.9687,-1,-1,-1
733,346,1745.39,330.68,47.52,98.72,0.9687,-1,-1,-1
733,348,1817.6,604.83,78.59,135.27,0.9646,-1,-1,-1
733,341,1631.46,262.57,37.08,89.98,0.957,-1,-1,-1
733,354,988.06,226.39,40.42,81.67,0.9563,-1,-1,-1
733,338,1568.8,219.12,36.81,75.19,0.9531,-1,-1,-1
733,249,723.68,386.1,39.2,102.19,0.9506,-1,-1,-1
733,197,1523.93,394.52,67.0,83.54,0.9472,-1,-1,-1
733,191,459.98,184.65,26.44,76.39,0.9323,-1,-1,-1
733,286,1031.32,252.65,48.08,73.81,0.931,-1,-1,-1
733,144,738.64,319.86,31.94,78.5,0.9296,-1,-1,-1
733,314,978.54,130.47,44.69,54.73,0.9261,-1,-1,-1
733,328,1565.83,402.83,54.11,92.42,0.9181,-1,-1,-1
733,342,1666.33,214.87,28.93,82.46,0.9093,-1,-1,-1
733,147,566.66,201.38,31.88,74.82,0.9059,-1,-1,-1
733,317,473.07,309.64,37.01,92.27,0.8954,-1,-1,-1
734,192,228.67,491.17,78.36,125.36,0.9763,-1,-1,-1
734,310,1167.59,241.6,50.27,82.87,0.9701,-1,-1,-1
734,330,1526.02,754.92,95.23,147.0,0.97,-1,-1,-1
734,146,1147.68,151.94,45.37,70.97,0.9693,-1,-1,-1
734,346,1745.46,330.65,47.46,98.73,0.9688,-1,-1,-1
734,340,1645.76,332.56,49.29,83.21,0.9686,-1,-1,-1
734,348,1817.71,604.68,78.0,135.0,0.9641,-1,-1,-1
734,341,1631.43,262.64,37.21,89.83,0.9577,-1,-1,-1
734,354,988.03,226.39,40.49,81.69,0.9568,-1,-1,-1
734,338,1568.78,219.1,36.85,75.2,0.9534,-1,-1,-1
734,249,723.71,386.0,39.16,102.35,0.951,-1,-1,-1
734,197,1523.95,394.38,66.95,83.68,0.9471,-1,-1,-1
734,191,460.0,184.71,26.32,76.42,0.9323,-1,-1,-1
734,286,1031.33,252.31,48.18,74.15,0.9306,-1,-1,-1
734,144,738.76,319.87,31.8,78.31,0.9289,-1,-1,-1
734,314,978.94,130.23,44.24,54.93,0.9245,-1,-1,-1
734,328,1565.77,402.76,54.22,92.49,0.9187,-1,-1,-1
734,147,566.66,201.35,31.9,74.84,0.9042,-1,-1,-1
734,342,1666.17,214.81,29.07,82.24,0.9033,-1,-1,-1
734,317,473.11,309.61,37.06,92.36,0.896,-1,-1,-1
734,351,1562.22,386.3,39.55,86.36,0.693,-1,-1,-1
734,358,1655.16,263.47,21.43,36.69,0.5743,-1,-1,-1
735,330,1513.73,762.66,96.38,139.58,0.9759,-1,-1,-1
735,346,1734.92,332.38,49.55,96.43,0.9753,-1,-1,-1
735,354,976.82,225.2,47.59,83.39,0.975,-1,-1,-1
735,317,457.62,307.66,45.42,96.83,0.9725,-1,-1,-1
735,348,1802.02,605.73,82.5,132.53,0.971,-1,-1,-1
735,192,229.3,493.56,71.75,124.18,0.9703,-1,-1,-1
735,338,1556.06,219.61,38.49,76.12,0.9684,-1,-1,-1
735,340,1634.03,336.47,54.84,81.17,0.9678,-1,-1,-1
735,146,1142.01,157.08,42.89,66.94,0.9626,-1,-1,-1
735,286,1032.68,249.46,44.53,76.62,0.9616,-1,-1,-1
735,197,1520.37,387.28,75.65,86.75,0.9612,-1,-1,-1
735,341,1618.37,261.45,41.58,91.83,0.9602,-1,-1,-1
735,144,724.75,319.71,37.42,84.16,0.9587,-1,-1,-1
735,249,710.92,389.3,38.75,105.09,0.9581,-1,-1,-1
735,191,448.61,184.55,25.96,75.56,0.9189,-1,-1,-1
735,342,1658.34,217.84,27.41,65.68,0.9055,-1,-1,-1
735,147,553.61,202.28,32.92,75.04,0.8967,-1,-1,-1
735,328,1561.99,408.5,48.91,88.53,0.8679,-1,-1,-1
735,314,975.51,131.15,33.2,53.36,0.8161,-1,-1,-1
736,330,1501.21,767.53,94.99,135.96,0.9777,-1,-1,-1
736,317,446.85,309.33,49.14,96.54,0.9757,-1,-1,-1
736,348,1786.85,603.69,82.93,134.66,0.9749,-1,-1,-1
736,354,966.19,224.45,54.07,81.85,0.9736,-1,-1,-1
736,338,1541.9,218.32,43.08,77.17,0.9685,-1,-1,-1
736,144,709.19,318.52,43.28,99.12,0.9678,-1,-1,-1
736,346,1722.81,332.34,59.53,95.43,0.9673,-1,-1,-1
736,192,233.72,494.05,62.02,122.6,0.9663,-1,-1,-1
736,328,1561.59,406.63,44.81,88.52,0.9649,-1,-1,-1
736,340,1622.17,340.04,54.02,79.24,0.962,-1,-1,-1
736,286,1033.67,248.86,36.68,77.84,0.9524,-1,-1,-1
736,191,435.75,184.34,26.82,77.44,0.9488,-1,-1,-1
736,146,1139.11,159.45,36.7,62.89,0.9483,-1,-1,-1
736,197,1520.6,387.41,69.32,75.67,0.9403,-1,-1,-1
736,147,539.92,203.33,33.64,74.29,0.9262,-1,-1,-1
736,342,1649.72,219.1,28.94,61.8,0.9215,-1,-1,-1
736,249,700.91,395.01,36.35,104.26,0.9208,-1,-1,-1
736,341,1610.92,262.77,37.94,89.96,0.9062,-1,-1,-1
736,314,968.62,142.08,29.81,42.41,0.8534,-1,-1,-1
737,330,1485.31,767.27,94.68,134.16,0.9807,-1,-1,-1
737,317,435.19,309.03,52.88,100.0,0.9758,-1,-1,-1
737,338,1528.32,218.07,46.53,77.58,0.9745,-1,-1,-1
737,354,956.76,224.67,62.98,82.21,0.9735,-1,-1,-1
737,348,1777.59,606.12,75.7,128.85,0.9714,-1,-1,-1
737,346,1713.37,334.13,62.47,92.55,0.9701,-1,-1,-1
737,192,238.78,493.3,55.2,123.98,0.9699,-1,-1,-1
737,144,698.17,319.41,43.48,98.08,0.9678,-1,-1,-1
737,340,1609.14,344.03,48.5,74.13,0.9596,-1,-1,-1
737,286,1022.84,248.25,44.9,77.06,0.9565,-1,-1,-1
737,191,420.8,182.57,29.73,79.77,0.952,-1,-1,-1
737,249,685.78,397.42,36.66,100.89,0.9478,-1,-1,-1
737,147,527.27,203.56,33.12,74.23,0.9418,-1,-1,-1
737,342,1640.66,218.02,28.94,80.16,0.9413,-1,-1,-1
737,146,1136.34,155.1,30.96,65.54,0.9406,-1,-1,-1
737,314,963.22,131.53,25.09,53.61,0.9041,-1,-1,-1
737,341,1601.48,260.56,36.7,88.77,0.8913,-1,-1,-1
737,197,1527.4,386.13,60.19,106.55,0.8827,-1,-1,-1
737,328,1563.08,408.78,34.2,73.68,0.8484,-1,-1,-1
737,310,1148.33,244.62,38.52,79.18,0.6374,-1,-1,-1
738,348,1766.5,600.01,70.93,136.44,0.9719,-1,-1,-1
738,338,1513.09,217.95,52.53,76.84,0.9711,-1,-1,-1
738,144,688.18,320.34,41.45,95.64,0.969,-1,-1,-1
738,346,1704.47,337.14,63.36,89.04,0.9687,-1,-1,-1
738,192,231.14,492.69,58.91,124.38,0.9676,-1,-1,-1
738,286,1010.0,245.56,51.97,81.43,0.9644,-1,-1,-1
738,354,951.1,224.5,64.05,82.23,0.9636,-1,-1,-1
738,191,405.95,182.43,32.75,80.54,0.9624,-1,-1,-1
738,249,672.97,394.38,37.08,103.34,0.9615,-1,-1,-1
738,340,1595.33,344.45,50.35,75.11,0.9601,-1,-1,-1
738,330,1462.5,768.58,99.62,130.85,0.9597,-1,-1,-1
738,197,1534.62,387.29,50.1,87.42,0.955,-1,-1,-1
738,146,1121.61,150.52,38.11,72.48,0.953,-1,-1,-1
738,342,1630.28,216.14,30.85,83.71,0.9484,-1,-1,-1
738,317,430.71,315.3,47.83,96.19,0.9436,-1,-1,-1
738,328,1551.6,408.06,48.91,79.9,0.9405,-1,-1,-1
738,147,514.77,204.24,32.81,73.54,0.9358,-1,-1,-1
738,341,1589.85,262.03,39.25,87.73,0.9287,-1,-1,-1
738,314,953.45,128.88,28.26,56.01,0.8954,-1,-1,-1
738,310,1140.53,244.52,35.42,78.43,0.599,-1,-1,-1
739,192,225.57,493.02,62.61,124.81,0.9745,-1,-1,-1
739,348,1761.97,597.34,61.87,135.94,0.972,-1,-1,-1
739,338,1503.42,218.23,53.03,78.02,0.9711,-1,-1,-1
739,286,998.51,243.49,58.56,81.61,0.9697,-1,-1,-1
739,144,678.66,320.7,42.07,98.75,0.9676,-1,-1,-1
739,146,1110.05,151.71,40.89,68.48,0.9669,-1,-1,-1
739,346,1696.34,340.71,58.15,85.23,0.9622,-1,-1,-1
739,354,951.22,225.03,47.68,80.63,0.9616,-1,-1,-1
739,330,1437.8,769.67,110.26,126.17,0.9614,-1,-1,-1
739,342,1617.84,214.92,39.0,84.12,0.9614,-1,-1,-1
739,197,1518.54,385.09,63.59,102.85,0.9609,-1,-1,-1
739,249,660.32,393.87,36.59,103.4,0.9599,-1,-1,-1
739,341,1581.14,261.24,38.16,89.47,0.9584,-1,-1,-1
739,310,1124.06,243.82,42.82,79.64,0.9575,-1,-1,-1
739,191,392.28,182.32,33.63,79.85,0.9564,-1,-1,-1
739,328,1546.89,403.79,48.91,87.01,0.9499,-1,-1,-1
739,147,503.65,204.17,31.46,72.37,0.939,-1,-1,-1
739,340,1581.26,347.22,51.94,72.42,0.925,-1,-1,-1
739,314,940.54,126.7,34.76,58.15,0.9031,-1,-1,-1
739,317,425.83,312.99,41.43,95.46,0.9026,-1,-1,-1
740,192,225.61,493.03,62.61,124.77,0.9744,-1,-1,-1
740,348,1761.88,597.42,61.93,135.93,0.9718,-1,-1,-1
740,338,1503.51,218.27,52.94,77.99,0.9711,-1,-1,-1
740,286,998.45,243.47,58.61,81.62,0.9698,-1,-1,-1
740,144,678.57,320.75,42.16,98.67,0.9676,-1,-1,-1
740,146,1109.97,151.74,40.95,68.61,0.9667,-1,-1,-1
740,346,1696.5,340.75,57.93,85.17,0.9621,-1,-1,-1
740,342,1617.78,214.96,39.0,84.1,0.9614,-1,-1,-1
740,330,1437.92,769.73,110.24,126.08,0.9611,-1,-1,-1
740,197,1518.58,385.09,63.53,102.83,0.9609,-1,-1,-1
740,354,951.17,224.78,47.38,80.38,0.9609,-1,-1,-1
740,249,660.21,393.81,36.79,103.45,0.9602,-1,-1,-1
740,341,1581.15,261.2,38.16,89.47,0.9581,-1,-1,-1
740,310,1124.08,243.84,42.79,79.56,0.9574,-1,-1,-1
740,191,392.3,182.33,33.62,79.91,0.9565,-1,-1,-1
740,328,1546.83,403.94,49.03,86.84,0.949,-1,-1,-1
740,147,503.65,204.15,31.43,72.38,0.9394,-1,-1,-1
740,340,1581.25,347.23,51.99,72.31,0.9248,-1,-1,-1
740,314,940.59,126.66,34.8,58.14,0.9047,-1,-1,-1
740,317,425.86,313.41,41.33,95.25,0.8991,-1,-1,-1
741,192,226.61,494.42,60.87,121.39,0.9723,-1,-1,-1
741,341,1570.36,262.14,41.54,87.77,0.9721,-1,-1,-1
741,146,1099.16,147.88,43.52,74.49,0.9719,-1,-1,-1
741,338,1494.33,219.71,54.5,77.46,0.9709,-1,-1,-1
741,144,669.51,323.54,40.99,95.08,0.9698,-1,-1,-1
741,286,992.6,242.48,62.76,84.13,0.9666,-1,-1,-1
741,348,1759.11,594.57,54.2,135.18,0.965,-1,-1,-1
741,354,951.65,226.72,38.51,77.2,0.9633,-1,-1,-1
741,346,1683.18,345.01,58.4,82.61,0.9575,-1,-1,-1
741,342,1608.66,215.33,39.17,84.48,0.9569,-1,-1,-1
741,249,647.54,396.68,36.38,106.59,0.9551,-1,-1,-1
741,191,379.42,182.87,34.43,80.04,0.9532,-1,-1,-1
741,328,1540.55,403.55,50.7,87.42,0.9488,-1,-1,-1
741,340,1564.9,344.17,54.22,73.48,0.9441,-1,-1,-1
741,197,1514.65,385.36,63.84,102.41,0.9402,-1,-1,-1
741,147,492.58,203.99,29.51,71.71,0.9355,-1,-1,-1
741,330,1415.93,768.95,118.1,121.92,0.932,-1,-1,-1
741,314,929.41,124.98,39.46,60.45,0.9118,-1,-1,-1
741,317,421.46,320.23,37.93,89.25,0.8154,-1,-1,-1
741,310,1111.28,242.6,47.69,79.34,0.6642,-1,-1,-1
742,146,1090.43,151.0,46.58,71.08,0.974,-1,-1,-1
742,192,226.53,496.11,60.04,121.31,0.9735,-1,-1,-1
742,341,1560.59,262.47,47.06,86.64,0.9689,-1,-1,-1
742,348,1759.61,593.19,43.75,136.34,0.9683,-1,-1,-1
742,249,633.68,398.28,38.74,109.54,0.9671,-1,-1,-1
742,338,1490.31,220.84,49.46,77.2,0.9666,-1,-1,-1
742,310,1100.79,239.83,51.06,82.78,0.9658,-1,-1,-1
742,144,663.34,324.4,38.31,94.21,0.9656,-1,-1,-1
742,328,1543.84,407.87,39.77,83.96,0.9575,-1,-1,-1
742,191,367.87,184.98,33.58,78.8,0.9557,-1,-1,-1
742,346,1668.44,347.19,56.08,79.95,0.9531,-1,-1,-1
742,314,922.0,121.45,43.93,61.15,0.9491,-1,-1,-1
742,286,993.28,243.65,55.97,81.67,0.9431,-1,-1,-1
742,147,483.53,203.75,26.11,71.71,0.9417,-1,-1,-1
742,354,954.65,230.26,31.84,74.68,0.9231,-1,-1,-1
742,330,1396.69,766.25,120.42,128.75,0.9124,-1,-1,-1
742,342,1602.61,218.3,31.41,81.29,0.8711,-1,-1,-1
742,317,415.37,326.1,23.97,75.48,0.8163,-1,-1,-1
742,340,1543.19,343.05,60.25,89.65,0.812,-1,-1,-1
742,197,1524.96,383.84,52.76,78.32,0.7213,-1,-1,-1
743,192,215.75,499.52,63.87,120.12,0.9756,-1,-1,-1
743,146,1086.48,151.49,43.51,72.21,0.9722,-1,-1,-1
743,341,1545.5,264.86,55.44,84.9,0.9708,-1,-1,-1
743,354,945.9,226.85,42.15,78.89,0.9696,-1,-1,-1
743,346,1660.62,350.18,51.4,78.85,0.9641,-1,-1,-1
743,286,987.58,244.39,51.2,83.15,0.9589,-1,-1,-1
743,191,358.75,186.31,31.42,77.04,0.9582,-1,-1,-1
743,338,1488.93,224.62,43.86,73.22,0.9574,-1,-1,-1
743,144,657.43,324.53,36.44,92.94,0.9569,-1,-1,-1
743,147,471.93,203.62,26.37,71.1,0.9429,-1,-1,-1
743,310,1092.19,240.45,52.92,81.88,0.9397,-1,-1,-1
743,249,621.96,400.19,37.62,98.89,0.937,-1,-1,-1
743,348,1750.33,598.98,44.04,132.15,0.9318,-1,-1,-1
743,359,1841.19,782.8,78.8,161.87,0.9288,-1,-1,-1
743,330,1378.62,760.48,116.12,135.23,0.9247,-1,-1,-1
743,328,1543.85,406.25,37.46,85.75,0.9161,-1,-1,-1
743,314,926.76,119.53,34.38,63.93,0.8535,-1,-1,-1
743,360,415.3,314.78,33.17,75.84,0.8448,-1,-1,-1
743,342,1599.78,223.22,27.79,78.11,0.8245,-1,-1,-1
743,351,1531.77,347.88,55.42,109.88,0.7999,-1,-1,-1
743,317,407.21,324.79,30.88,84.73,0.6599,-1,-1,-1
744,346,1650.88,351.09,49.68,80.69,0.9723,-1,-1,-1
744,341,1536.5,262.6,56.31,87.21,0.9692,-1,-1,-1
744,354,937.13,224.16,48.05,82.71,0.9691,-1,-1,-1
744,146,1084.29,153.53,37.32,70.15,0.9684,-1,-1,-1
744,192,203.49,500.28,75.17,121.0,0.9683,-1,-1,-1
744,338,1486.12,222.8,41.69,74.63,0.9659,-1,-1,-1
744,144,652.17,323.86,35.1,92.26,0.9625,-1,-1,-1
744,317,395.26,315.73,47.44,96.46,0.9609,-1,-1,-1
744,286,991.74,246.3,41.31,80.75,0.9575,-1,-1,-1
744,330,1366.22,756.88,100.31,140.75,0.9571,-1,-1,-1
744,351,1518.89,341.18,61.8,112.75,0.9493,-1,-1,-1
744,348,1737.1,590.79,53.52,138.1,0.9429,-1,-1,-1
744,310,1084.17,239.9,53.83,82.5,0.9411,-1,-1,-1
744,191,351.23,187.68,29.19,76.19,0.9403,-1,-1,-1
744,147,460.04,203.04,28.18,72.7,0.9354,-1,-1,-1
744,249,611.35,404.95,40.42,82.23,0.9142,-1,-1,-1
744,328,1543.44,401.96,40.53,79.68,0.9087,-1,-1,-1
744,342,1592.04,218.81,30.77,77.89,0.8876,-1,-1,-1
744,359,1822.85,781.62,97.15,161.96,0.8393,-1,-1,-1
744,314,921.25,135.68,30.48,48.95,0.7608,-1,-1,-1
744,197,1512.97,390.06,57.83,75.42,0.6107,-1,-1,-1
745,192,198.03,501.41,74.46,121.54,0.9788,-1,-1,-1
745,354,929.09,224.07,55.98,80.11,0.9756,-1,-1,-1
745,317,386.45,314.63,52.17,99.74,0.9739,-1,-1,-1
745,330,1346.48,754.37,92.63,140.63,0.9715,-1,-1,-1
745,346,1638.93,351.3,51.31,79.06,0.9699,-1,-1,-1
745,341,1533.16,262.92,50.02,85.42,0.9682,-1,-1,-1
745,338,1479.59,222.1,41.39,75.54,0.9658,-1,-1,-1
745,144,642.71,324.08,37.79,92.93,0.9637,-1,-1,-1
745,249,602.52,409.04,37.96,79.67,0.9632,-1,-1,-1
745,146,1084.56,151.25,31.51,71.09,0.9527,-1,-1,-1
745,191,342.41,187.51,29.57,75.98,0.9512,-1,-1,-1
745,348,1725.56,594.15,61.2,135.7,0.9478,-1,-1,-1
745,286,997.3,247.68,35.51,77.81,0.9441,-1,-1,-1
745,147,448.81,203.19,31.16,73.14,0.9433,-1,-1,-1
745,342,1587.86,215.8,30.56,70.35,0.9048,-1,-1,-1
745,351,1511.36,343.2,50.38,104.84,0.8898,-1,-1,-1
745,328,1525.27,387.71,55.97,103.95,0.8188,-1,-1,-1
745,314,917.43,135.63,27.6,49.11,0.7621,-1,-1,-1
745,197,1543.41,386.28,33.54,71.9,0.6955,-1,-1,-1
746,192,198.01,501.38,74.67,121.6,0.9788,-1,-1,-1
746,354,929.1,224.08,56.03,80.2,0.9757,-1,-1,-1
746,317,386.31,314.62,52.41,99.79,0.9739,-1,-1,-1
746,330,1346.36,754.61,93.01,140.41,0.9713,-1,-1,-1
746,346,1638.96,351.29,51.29,79.08,0.9699,-1,-1,-1
746,341,1533.24,263.06,49.8,85.23,0.9683,-1,-1,-1
746,338,1479.6,222.1,41.41,75.52,0.9657,-1,-1,-1
746,144,642.79,324.09,37.71,92.92,0.9634,-1,-1,-1
746,249,602.46,408.99,37.98,79.37,0.963,-1,-1,-1
746,146,1084.61,151.27,31.43,71.0,0.9525,-1,-1,-1
746,191,342.4,187.55,29.57,76.01,0.9513,-1,-1,-1
746,348,1725.75,594.17,61.05,135.62,0.9459,-1,-1,-1
746,147,448.73,203.1,31.23,73.25,0.9431,-1,-1,-1
746,286,997.34,248.53,35.35,77.02,0.9413,-1,-1,-1
746,342,1587.99,215.92,30.42,69.99,0.9076,-1,-1,-1
746,351,1511.31,343.13,52.41,105.07,0.853,-1,-1,-1
746,328,1524.68,387.21,56.29,104.64,0.8102,-1,-1,-1
746,314,917.56,135.96,27.54,48.91,0.7556,-1,-1,-1
746,197,1543.31,386.37,33.52,72.26,0.6965,-1,-1,-1
746,362,1564.16,261.95,22.32,40.42,0.474,-1,-1,-1
747,317,381.56,314.71,55.55,102.4,0.9742,-1,-1,-1
747,192,197.61,502.14,80.76,123.23,0.9723,-1,-1,-1
747,144,633.77,323.4,40.74,98.68,0.9723,-1,-1,-1
747,330,1328.09,751.6,82.33,141.82,0.9718,-1,-1,-1
747,338,1472.29,220.9,43.82,75.87,0.9715,-1,-1,-1
747,354,924.05,221.89,63.76,79.82,0.97,-1,-1,-1
747,341,1533.44,263.4,46.95,84.72,0.9674,-1,-1,-1
747,346,1628.11,352.66,50.68,76.66,0.9673,-1,-1,-1
747,348,1715.21,593.29,68.94,137.8,0.9624,-1,-1,-1
747,249,593.61,412.87,39.35,109.18,0.9594,-1,-1,-1
747,147,437.29,202.98,35.13,72.48,0.9494,-1,-1,-1
747,191,332.19,185.66,31.24,79.23,0.9462,-1,-1,-1
747,146,1085.11,150.59,26.45,69.87,0.9404,-1,-1,-1
747,340,1497.08,343.89,58.92,78.73,0.9374,-1,-1,-1
747,328,1517.08,391.32,72.62,102.28,0.9345,-1,-1,-1
747,359,1802.81,777.91,94.29,163.62,0.929,-1,-1,-1
747,342,1584.6,216.18,30.69,67.64,0.9075,-1,-1,-1
747,314,914.16,123.71,24.42,60.35,0.9071,-1,-1,-1
747,286,989.58,251.41,41.18,73.87,0.84,-1,-1,-1
747,197,1541.55,384.14,35.12,68.22,0.815,-1,-1,-1
748,330,1308.49,748.63,84.36,146.32,0.9765,-1,-1,-1
748,317,378.86,318.73,53.26,101.57,0.9715,-1,-1,-1
748,338,1465.44,219.61,47.48,78.6,0.9713,-1,-1,-1
748,144,625.39,323.78,43.5,100.58,0.9674,-1,-1,-1
748,249,585.98,412.87,40.41,108.96,0.9673,-1,-1,-1
748,286,982.9,242.76,49.48,82.1,0.9661,-1,-1,-1
748,354,925.3,222.71,61.81,80.83,0.9642,-1,-1,-1
748,348,1710.11,598.25,73.72,133.21,0.964,-1,-1,-1
748,341,1537.91,255.8,45.99,91.7,0.964,-1,-1,-1
748,191,323.05,184.73,31.56,81.28,0.9606,-1,-1,-1
748,340,1485.8,344.33,53.48,72.67,0.9595,-1,-1,-1
748,359,1798.66,776.86,81.98,163.95,0.9592,-1,-1,-1
748,147,427.38,203.03,37.77,72.76,0.9591,-1,-1,-1
748,346,1616.88,354.31,50.48,74.92,0.9583,-1,-1,-1
748,342,1579.89,214.06,33.2,85.96,0.9393,-1,-1,-1
748,146,1075.87,149.85,32.85,72.44,0.9369,-1,-1,-1
748,310,1080.11,240.64,40.3,81.3,0.9327,-1,-1,-1
748,328,1518.57,395.46,78.06,97.09,0.9269,-1,-1,-1
748,314,907.9,132.64,25.15,50.22,0.9221,-1,-1,-1
748,192,208.9,504.1,62.37,119.75,0.9037,-1,-1,-1
748,197,1531.23,380.47,52.1,83.93,0.7429,-1,-1,-1
749,317,378.7,320.65,48.26,99.41,0.9757,-1,-1,-1
749,330,1289.44,747.14,88.87,146.27,0.9757,-1,-1,-1
749,144,622.24,326.39,42.38,98.33,0.974,-1,-1,-1
749,338,1460.95,220.13,48.45,78.99,0.9731,-1,-1,-1
749,286,978.62,242.05,55.85,79.98,0.9705,-1,-1,-1
749,192,215.26,503.92,54.76,120.03,0.9678,-1,-1,-1
749,341,1536.64,254.95,39.97,92.38,0.9678,-1,-1,-1
749,340,1472.77,343.85,48.17,79.64,0.9656,-1,-1,-1
749,146,1068.5,148.23,38.11,74.81,0.965,-1,-1,-1
749,346,1606.9,353.63,55.72,75.14,0.9639,-1,-1,-1
749,348,1706.2,598.82,75.04,135.23,0.9637,-1,-1,-1
749,249,576.26,413.9,40.64,105.84,0.9607,-1,-1,-1
749,191,314.93,183.92,32.23,83.44,0.9583,-1,-1,-1
749,147,419.44,202.93,36.78,73.51,0.9569,-1,-1,-1
749,354,929.12,223.04,48.27,78.49,0.9548,-1,-1,-1
749,342,1576.78,214.52,33.06,85.97,0.9537,-1,-1,-1
749,328,1521.11,383.02,62.07,93.6,0.9476,-1,-1,-1
749,314,899.72,126.91,31.56,54.45,0.9376,-1,-1,-1
749,197,1556.2,397.64,40.13,95.39,0.8835,-1,-1,-1
749,310,1079.51,239.96,37.89,81.37,0.7488,-1,-1,-1
749,359,1787.77,774.0,87.28,166.16,0.351,-1,-1,-1
750,146,1061.7,148.85,46.06,73.96,0.9748,-1,-1,-1
750,330,1273.42,746.96,82.35,141.58,0.9742,-1,-1,-1
750,338,1459.4,220.67,46.72,80.4,0.9712,-1,-1,-1
750,144,618.6,328.67,39.48,100.14,0.9704,-1,-1,-1
750,340,1459.13,344.42,46.07,80.09,0.9699,-1,-1,-1
750,286,975.99,242.24,61.72,80.46,0.9668,-1,-1,-1
750,341,1532.44,254.65,40.7,91.27,0.9662,-1,-1,-1
750,249,566.8,414.79,43.91,110.37,0.9623,-1,-1,-1
750,354,935.92,225.62,39.72,71.47,0.9598,-1,-1,-1
750,346,1595.81,355.16,58.48,74.02,0.9567,-1,-1,-1
750,191,305.9,184.63,33.61,83.61,0.9539,-1,-1,-1
750,328,1527.54,384.15,56.61,88.69,0.9523,-1,-1,-1
750,348,1700.5,602.71,78.42,135.04,0.9517,-1,-1,-1
750,317,384.67,322.61,37.22,97.07,0.9506,-1,-1,-1
750,147,413.73,205.86,34.35,71.32,0.9368,-1,-1,-1
750,342,1574.03,215.13,33.61,85.88,0.9323,-1,-1,-1
750,314,893.2,120.65,36.89,61.76,0.9219,-1,-1,-1
750,192,203.42,504.87,73.82,120.66,0.9146,-1,-1,-1
750,197,1561.1,401.52,38.47,96.91,0.9071,-1,-1,-1
750,310,1071.06,241.39,43.3,79.03,0.5711,-1,-1,-1
751,330,1256.61,745.79,71.34,145.05,0.9755,-1,-1,-1
751,144,615.26,331.64,34.9,96.99,0.9691,-1,-1,-1
751,328,1543.88,384.98,41.31,91.98,0.969,-1,-1,-1
751,340,1447.56,346.65,44.67,79.15,0.968,-1,-1,-1
751,192,194.17,503.5,89.72,122.92,0.9675,-1,-1,-1
751,146,1055.67,151.11,53.11,72.39,0.9674,-1,-1,-1
751,249,557.49,418.41,41.83,113.66,0.962,-1,-1,-1
751,338,1460.95,222.97,41.07,80.47,0.9615,-1,-1,-1
751,348,1696.23,605.74,78.83,131.5,0.9593,-1,-1,-1
751,314,886.79,123.52,44.5,57.92,0.9559,-1,-1,-1
751,346,1584.5,356.04,57.75,71.88,0.9495,-1,-1,-1
751,286,978.57,243.52,57.01,80.29,0.9491,-1,-1,-1
751,341,1530.46,255.35,42.08,88.03,0.9482,-1,-1,-1
751,147,407.37,206.9,34.61,71.36,0.9433,-1,-1,-1
751,317,380.89,323.78,36.52,95.56,0.9428,-1,-1,-1
751,191,295.91,185.92,34.08,84.29,0.9264,-1,-1,-1
751,342,1573.09,217.28,32.35,81.26,0.9149,-1,-1,-1
751,197,1565.77,399.93,43.29,95.63,0.9143,-1,-1,-1
751,310,1063.58,238.96,46.85,81.86,0.913,-1,-1,-1
751,354,943.0,227.37,34.06,77.01,0.9018,-1,-1,-1
751,359,1788.2,772.95,68.27,163.31,0.2714,-1,-1,-1
752,330,1256.62,745.76,71.38,145.09,0.9754,-1,-1,-1
752,328,1543.59,385.13,41.56,91.38,0.9694,-1,-1,-1
752,144,615.27,331.79,34.88,96.82,0.9688,-1,-1,-1
752,340,1447.48,346.64,44.69,79.15,0.9682,-1,-1,-1
752,192,194.19,503.48,89.74,122.98,0.9677,-1,-1,-1
752,146,1055.68,151.11,53.08,72.38,0.9673,-1,-1,-1
752,249,557.54,418.39,41.8,113.67,0.9617,-1,-1,-1
752,338,1461.29,223.01,40.68,80.44,0.9606,-1,-1,-1
752,348,1696.27,605.59,78.83,131.66,0.9592,-1,-1,-1
752,314,886.77,123.41,44.56,58.02,0.9559,-1,-1,-1
752,286,978.54,243.53,57.03,80.3,0.9493,-1,-1,-1
752,346,1584.48,356.04,57.71,71.84,0.9492,-1,-1,-1
752,341,1530.47,255.34,42.08,88.05,0.9481,-1,-1,-1
752,317,380.91,323.75,36.5,95.54,0.9436,-1,-1,-1
752,147,407.36,206.94,34.57,71.29,0.9434,-1,-1,-1
752,191,295.89,185.86,34.0,84.28,0.9264,-1,-1,-1
752,197,1565.57,400.0,43.55,95.9,0.9201,-1,-1,-1
752,342,1573.08,217.27,32.35,81.22,0.9145,-1,-1,-1
752,310,1063.58,238.95,46.86,81.87,0.9116,-1,-1,-1
752,354,942.96,227.36,34.16,77.0,0.9005,-1,-1,-1
752,364,1531.99,306.64,30.03,39.06,0.3502,-1,-1,-1
753,348,1692.04,603.35,75.01,133.67,0.972,-1,-1,-1
753,249,547.62,420.22,41.04,114.11,0.9705,-1,-1,-1
753,340,1434.79,348.12,47.95,77.22,0.9698,-1,-1,-1
753,330,1240.37,745.66,61.22,141.36,0.9666,-1,-1,-1
753,146,1054.48,151.92,50.81,73.38,0.9651,-1,-1,-1
753,338,1460.18,224.65,37.16,79.38,0.9638,-1,-1,-1
753,354,939.91,224.87,40.05,81.77,0.9618,-1,-1,-1
753,341,1527.92,256.98,35.21,87.31,0.9593,-1,-1,-1
753,144,612.64,333.21,30.45,95.32,0.9585,-1,-1,-1
753,191,289.21,187.9,31.78,82.49,0.9578,-1,-1,-1
753,192,196.94,506.15,110.42,111.89,0.9544,-1,-1,-1
753,147,402.14,206.73,35.09,71.24,0.9438,-1,-1,-1
753,286,979.34,242.26,49.84,83.72,0.9426,-1,-1,-1
753,317,374.03,323.67,42.82,97.58,0.9401,-1,-1,-1
753,314,883.76,127.96,47.12,54.61,0.9273,-1,-1,-1
753,346,1573.37,356.79,52.9,73.26,0.9158,-1,-1,-1
753,342,1569.0,220.93,33.47,73.04,0.9034,-1,-1,-1
753,310,1058.85,239.01,48.33,83.47,0.8999,-1,-1,-1
753,328,1554.67,390.3,34.74,86.93,0.8804,-1,-1,-1
753,197,1562.46,403.22,40.24,88.91,0.8801,-1,-1,-1
754,330,1224.43,745.45,59.11,141.58,0.9736,-1,-1,-1
754,317,364.45,322.9,52.11,98.34,0.9734,-1,-1,-1
754,348,1690.12,601.05,67.27,134.33,0.9733,-1,-1,-1
754,354,933.36,221.97,47.89,83.13,0.9715,-1,-1,-1
754,249,538.03,422.99,41.35,112.04,0.9684,-1,-1,-1
754,340,1422.55,347.43,50.19,75.68,0.9647,-1,-1,-1
754,286,984.73,242.82,45.36,81.98,0.9643,-1,-1,-1
754,146,1055.44,150.83,43.45,74.01,0.9632,-1,-1,-1
754,310,1052.83,238.69,54.5,81.9,0.9615,-1,-1,-1
754,341,1524.85,257.64,34.7,85.0,0.9518,-1,-1,-1
754,144,609.77,331.16,30.1,94.8,0.9507,-1,-1,-1
754,191,283.89,188.83,29.21,80.31,0.9502,-1,-1,-1
754,147,398.18,203.71,31.91,71.96,0.949,-1,-1,-1
754,192,205.2,506.37,103.1,111.78,0.949,-1,-1,-1
754,338,1463.67,226.25,29.91,75.66,0.9348,-1,-1,-1
754,314,887.48,130.97,39.22,50.84,0.8811,-1,-1,-1
754,342,1568.1,221.84,32.27,67.64,0.8801,-1,-1,-1
754,197,1545.29,390.75,63.38,106.64,0.8741,-1,-1,-1
754,346,1554.54,354.63,56.7,66.38,0.8723,-1,-1,-1
755,354,930.78,220.46,51.79,80.76,0.974,-1,-1,-1
755,330,1201.38,741.62,73.88,146.51,0.9731,-1,-1,-1
755,317,359.68,321.17,58.79,100.97,0.9727,-1,-1,-1
755,348,1689.69,599.71,58.56,133.78,0.9709,-1,-1,-1
755,340,1410.98,347.14,52.57,76.74,0.9677,-1,-1,-1
755,249,528.86,426.16,46.4,115.12,0.9662,-1,-1,-1
755,144,605.18,330.32,32.25,94.91,0.9657,-1,-1,-1
755,341,1523.9,257.71,36.47,83.82,0.9651,-1,-1,-1
755,338,1460.68,223.3,31.83,77.34,0.9585,-1,-1,-1
755,192,230.23,509.21,76.96,110.34,0.9569,-1,-1,-1
755,191,280.12,187.51,25.35,79.76,0.9487,-1,-1,-1
755,146,1060.71,151.44,36.52,71.53,0.9486,-1,-1,-1
755,147,391.46,202.57,30.41,73.34,0.9459,-1,-1,-1
755,197,1544.23,368.66,68.66,129.23,0.9449,-1,-1,-1
755,286,996.14,242.0,34.6,80.66,0.9304,-1,-1,-1
755,342,1565.82,220.02,32.79,74.99,0.9244,-1,-1,-1
755,314,885.59,121.61,36.7,60.51,0.8756,-1,-1,-1
756,348,1689.72,593.72,48.51,138.57,0.9764,-1,-1,-1
756,249,520.88,430.51,48.91,112.86,0.9751,-1,-1,-1
756,341,1522.8,259.08,43.5,81.73,0.9745,-1,-1,-1
756,317,357.83,322.15,64.04,102.84,0.9736,-1,-1,-1
756,192,242.74,514.56,45.68,103.19,0.97,-1,-1,-1
756,338,1455.73,222.77,36.94,78.25,0.9683,-1,-1,-1
756,330,1169.98,740.43,99.19,148.62,0.9677,-1,-1,-1
756,340,1399.69,347.26,53.94,83.17,0.967,-1,-1,-1
756,354,930.57,221.06,59.0,79.58,0.9668,-1,-1,-1
756,144,599.55,329.14,36.34,99.85,0.9665,-1,-1,-1
756,286,991.57,239.32,43.62,82.71,0.9627,-1,-1,-1
756,342,1559.18,219.03,40.76,84.27,0.9623,-1,-1,-1
756,147,385.31,201.54,31.44,75.94,0.9484,-1,-1,-1
756,346,1535.05,357.5,39.52,60.36,0.9424,-1,-1,-1
756,197,1548.05,385.96,62.74,105.69,0.9411,-1,-1,-1
756,191,275.76,187.41,25.29,79.71,0.9346,-1,-1,-1
756,146,1066.26,149.84,28.77,70.54,0.9305,-1,-1,-1
756,314,887.81,135.31,27.42,45.95,0.8513,-1,-1,-1
757,348,1685.98,592.34,45.62,140.48,0.9758,-1,-1,-1
757,341,1517.71,258.98,52.38,82.4,0.9733,-1,-1,-1
757,338,1451.1,221.33,42.8,79.15,0.9727,-1,-1,-1
757,144,593.05,330.69,40.3,100.83,0.9725,-1,-1,-1
757,249,513.69,434.52,47.78,110.61,0.9722,-1,-1,-1
757,286,987.64,238.9,50.54,84.21,0.9709,-1,-1,-1
757,340,1390.82,347.65,45.54,85.86,0.9689,-1,-1,-1
757,197,1559.79,385.57,46.47,95.92,0.9657,-1,-1,-1
757,354,931.75,221.3,59.7,79.87,0.9594,-1,-1,-1
757,191,268.08,185.7,27.17,81.28,0.9577,-1,-1,-1
757,146,1064.98,147.27,29.29,75.4,0.9557,-1,-1,-1
757,147,376.88,201.34,35.13,77.49,0.9554,-1,-1,-1
757,192,241.1,517.38,93.93,101.46,0.9432,-1,-1,-1
757,330,1149.87,744.08,104.66,142.25,0.9405,-1,-1,-1
757,342,1564.73,218.31,34.78,84.89,0.9361,-1,-1,-1
757,317,366.98,329.57,54.85,97.84,0.9211,-1,-1,-1
757,346,1523.1,359.56,38.51,61.07,0.897,-1,-1,-1
757,314,890.36,115.61,23.52,65.04,0.8966,-1,-1,-1
758,348,1685.99,592.3,45.61,140.5,0.9757,-1,-1,-1
758,341,1517.7,258.97,52.33,82.36,0.9733,-1,-1,-1
758,338,1451.1,221.33,42.77,79.18,0.9727,-1,-1,-1
758,144,593.03,330.7,40.33,100.8,0.9725,-1,-1,-1
758,249,513.66,434.52,47.83,110.59,0.9722,-1,-1,-1
758,286,987.7,238.9,50.54,84.17,0.9709,-1,-1,-1
758,340,1390.74,347.63,45.53,85.85,0.9685,-1,-1,-1
758,197,1559.82,385.52,46.55,95.77,0.9656,-1,-1,-1
758,354,931.84,221.29,59.64,79.96,0.9589,-1,-1,-1
758,191,268.14,185.66,27.11,81.34,0.958,-1,-1,-1
758,146,1065.0,147.3,29.29,75.35,0.9553,-1,-1,-1
758,147,376.91,201.33,35.1,77.54,0.9552,-1,-1,-1
758,192,241.01,517.16,92.86,101.7,0.9429,-1,-1,-1
758,330,1149.86,744.07,104.68,142.24,0.9406,-1,-1,-1
758,342,1564.43,218.28,35.05,84.93,0.9386,-1,-1,-1
758,366,1592.13,404.29,35.19,94.44,0.9317,-1,-1,-1
758,317,366.04,329.68,56.1,97.84,0.9271,-1,-1,-1
758,346,1523.12,359.42,38.66,61.56,0.896,-1,-1,-1
758,314,890.45,115.63,23.51,65.11,0.8956,-1,-1,-1
758,367,1545.54,376.66,25.71,50.45,0.6858,-1,-1,-1
759,338,1445.89,220.26,49.38,79.71,0.9744,-1,-1,-1
759,192,235.22,518.29,94.3,100.58,0.9741,-1,-1,-1
759,144,589.14,332.13,41.12,99.27,0.973,-1,-1,-1
759,341,1512.85,258.04,60.23,84.22,0.9715,-1,-1,-1
759,286,988.93,236.57,52.59,80.05,0.9702,-1,-1,-1
759,249,507.15,434.9,45.73,110.85,0.9691,-1,-1,-1
759,340,1376.95,348.54,39.47,84.38,0.9688,-1,-1,-1
759,147,369.34,201.08,37.65,76.11,0.9674,-1,-1,-1
759,146,1060.04,145.96,34.32,76.19,0.9627,-1,-1,-1
759,197,1555.8,383.29,57.82,97.04,0.9625,-1,-1,-1
759,191,259.2,183.53,30.24,84.67,0.9573,-1,-1,-1
759,346,1511.93,360.27,61.2,74.17,0.9564,-1,-1,-1
759,348,1682.12,597.46,43.17,131.53,0.9481,-1,-1,-1
759,354,937.28,220.34,49.37,81.07,0.944,-1,-1,-1
759,330,1129.21,746.55,121.52,141.09,0.9329,-1,-1,-1
759,366,1600.49,407.39,32.37,95.46,0.925,-1,-1,-1
759,342,1567.34,218.84,35.4,85.65,0.9231,-1,-1,-1
759,314,886.82,112.23,28.13,67.88,0.919,-1,-1,-1
759,317,364.81,330.8,53.39,97.86,0.8825,-1,-1,-1
760,338,1442.08,219.32,59.36,81.46,0.9745,-1,-1,-1
760,340,1365.68,349.18,41.48,83.43,0.9724,-1,-1,-1
760,348,1677.77,589.76,45.64,142.02,0.972,-1,-1,-1
760,192,236.26,518.42,97.03,100.04,0.9708,-1,-1,-1
760,341,1511.52,257.49,56.96,84.23,0.9701,-1,-1,-1
760,146,1056.21,146.38,38.07,74.37,0.9689,-1,-1,-1
760,147,363.19,201.02,37.83,76.71,0.9682,-1,-1,-1
760,197,1553.14,382.72,65.95,96.16,0.9679,-1,-1,-1
760,286,986.66,235.14,61.9,81.16,0.9666,-1,-1,-1
760,330,1121.56,743.87,107.99,150.81,0.9661,-1,-1,-1
760,191,250.95,182.99,34.04,84.39,0.9657,-1,-1,-1
760,249,505.38,435.44,40.24,109.97,0.9647,-1,-1,-1
760,354,947.07,220.77,38.12,78.91,0.964,-1,-1,-1
760,144,589.59,335.18,37.98,96.86,0.9587,-1,-1,-1
760,346,1498.89,362.4,68.69,75.54,0.9479,-1,-1,-1
760,366,1599.25,404.59,49.81,92.11,0.9459,-1,-1,-1
760,314,882.37,109.93,32.66,68.48,0.943,-1,-1,-1
760,342,1569.78,217.52,33.94,88.26,0.9304,-1,-1,-1
760,368,1065.08,238.72,30.13,80.95,0.923,-1,-1,-1
760,317,374.64,328.68,44.19,99.31,0.9172,-1,-1,-1
761,192,236.74,519.0,95.3,97.37,0.9769,-1,-1,-1
761,338,1442.97,220.27,58.99,82.02,0.976,-1,-1,-1
761,348,1673.39,591.02,51.73,142.8,0.9742,-1,-1,-1
761,340,1351.19,349.11,48.31,83.6,0.9727,-1,-1,-1
761,341,1513.52,258.63,50.69,81.69,0.972,-1,-1,-1
761,146,1052.7,144.74,43.66,76.18,0.9718,-1,-1,-1
761,191,242.38,181.96,37.91,84.31,0.9693,-1,-1,-1
761,249,497.71,433.81,39.29,114.62,0.9682,-1,-1,-1
761,197,1552.76,380.53,70.89,93.14,0.9679,-1,-1,-1
761,144,586.92,336.37,38.52,97.29,0.9678,-1,-1,-1
761,330,1114.59,744.06,94.34,148.42,0.9634,-1,-1,-1
761,147,358.85,201.64,35.1,76.07,0.9604,-1,-1,-1
761,346,1481.65,357.83,78.46,84.06,0.9565,-1,-1,-1
761,317,376.88,329.13,42.6,97.08,0.9563,-1,-1,-1
761,314,877.14,112.06,39.36,65.41,0.9517,-1,-1,-1
761,354,958.34,219.53,30.62,81.06,0.9474,-1,-1,-1
761,368,1059.66,236.15,36.58,83.19,0.9359,-1,-1,-1
761,342,1575.37,219.48,26.05,86.86,0.9222,-1,-1,-1
761,366,1610.75,402.91,45.92,71.73,0.9139,-1,-1,-1
761,286,989.41,234.69,60.64,81.88,0.9111,-1,-1,-1
762,330,1106.57,738.94,76.77,155.07,0.9764,-1,-1,-1
762,192,237.63,520.15,89.35,96.69,0.9743,-1,-1,-1
762,348,1669.23,593.18,57.76,141.35,0.9737,-1,-1,-1
762,146,1051.13,144.85,46.56,74.56,0.9716,-1,-1,-1
762,341,1517.99,257.46,45.51,81.34,0.9712,-1,-1,-1
762,340,1335.4,348.21,53.57,82.3,0.9703,-1,-1,-1
762,144,584.28,337.66,39.04,96.36,0.9702,-1,-1,-1
762,249,490.91,435.27,39.01,119.98,0.9695,-1,-1,-1
762,366,1595.17,403.82,67.46,101.74,0.9691,-1,-1,-1
762,317,370.61,329.1,47.33,98.32,0.9686,-1,-1,-1
762,338,1446.4,223.25,51.22,81.09,0.9683,-1,-1,-1
762,354,955.99,218.71,41.47,80.75,0.9676,-1,-1,-1
762,191,234.59,183.11,38.94,85.31,0.9674,-1,-1,-1
762,346,1470.48,357.56,71.06,86.45,0.9608,-1,-1,-1
762,314,874.26,111.12,45.72,64.68,0.9595,-1,-1,-1
762,197,1553.35,381.54,80.46,90.08,0.9544,-1,-1,-1
762,147,356.53,201.14,29.75,76.26,0.9337,-1,-1,-1
762,286,1006.06,235.72,40.17,80.39,0.8587,-1,-1,-1
762,342,1576.77,223.15,26.59,82.46,0.8494,-1,-1,-1
762,369,38.18,869.03,50.6,189.57,0.5866,-1,-1,-1
763,354,951.77,216.38,47.85,83.06,0.9749,-1,-1,-1
763,348,1664.39,595.01,60.19,139.06,0.9741,-1,-1,-1
763,146,1052.06,145.04,41.86,77.17,0.9725,-1,-1,-1
763,330,1098.83,735.99,60.36,154.63,0.9721,-1,-1,-1
763,317,362.24,326.39,54.33,99.79,0.9719,-1,-1,-1
763,341,1519.51,255.89,42.9,82.38,0.9709,-1,-1,-1
763,340,1322.2,348.49,51.44,86.96,0.9694,-1,-1,-1
763,192,242.08,519.14,73.99,95.2,0.9694,-1,-1,-1
763,144,580.58,339.24,39.23,93.75,0.965,-1,-1,-1
763,338,1450.51,224.57,45.87,79.23,0.9649,-1,-1,-1
763,191,228.13,184.07,36.8,83.51,0.9622,-1,-1,-1
763,249,480.82,437.98,41.77,119.2,0.96,-1,-1,-1
763,346,1457.76,360.24,60.64,88.34,0.9593,-1,-1,-1
763,366,1622.33,403.87,49.44,97.62,0.9494,-1,-1,-1
763,147,353.02,200.72,26.0,75.11,0.9475,-1,-1,-1
763,368,1048.93,232.25,48.73,86.08,0.9378,-1,-1,-1
763,342,1573.51,218.02,31.99,78.01,0.8918,-1,-1,-1
763,314,885.3,115.15,34.19,60.24,0.8906,-1,-1,-1
763,286,1006.68,237.17,37.83,78.89,0.8731,-1,-1,-1
763,197,1578.9,379.22,52.57,105.33,0.8539,-1,-1,-1
763,369,26.84,869.22,52.53,189.89,0.4149,-1,-1,-1
764,354,951.82,216.37,47.95,83.04,0.9749,-1,-1,-1
764,348,1664.35,595.09,60.2,139.04,0.9742,-1,-1,-1
764,146,1052.1,145.04,41.86,77.14,0.9724,-1,-1,-1
764,317,362.31,326.39,54.27,99.79,0.9722,-1,-1,-1
764,330,1098.79,735.92,60.42,154.58,0.9722,-1,-1,-1
764,341,1519.52,255.9,42.95,82.35,0.9709,-1,-1,-1
764,192,242.05,519.14,74.04,95.16,0.9695,-1,-1,-1
764,340,1322.24,348.51,51.24,87.02,0.9694,-1,-1,-1
764,144,580.57,339.25,39.2,93.77,0.9652,-1,-1,-1
764,338,1450.56,224.57,45.8,79.25,0.9647,-1,-1,-1
764,191,228.13,184.1,36.8,83.48,0.9622,-1,-1,-1
764,249,480.76,437.98,41.87,118.98,0.9601,-1,-1,-1
764,346,1457.77,360.23,60.12,88.33,0.9588,-1,-1,-1
764,366,1622.49,403.79,49.15,97.77,0.9529,-1,-1,-1
764,147,353.08,200.73,25.91,75.08,0.9475,-1,-1,-1
764,368,1048.9,232.16,48.72,86.13,0.9434,-1,-1,-1
764,314,885.21,115.22,34.26,60.16,0.8915,-1,-1,-1
764,342,1573.78,218.1,31.64,75.97,0.8867,-1,-1,-1
764,286,1006.17,237.45,38.4,78.89,0.8861,-1,-1,-1
764,197,1579.74,379.35,51.83,106.87,0.865,-1,-1,-1
764,369,26.85,869.2,52.52,189.98,0.4242,-1,-1,-1
765,354,948.0,215.57,54.61,79.97,0.9767,-1,-1,-1
765,348,1659.42,597.22,59.45,138.05,0.9747,-1,-1,-1
765,330,1087.95,730.6,51.44,161.37,0.9737,-1,-1,-1
765,317,358.86,326.1,58.34,102.66,0.9731,-1,-1,-1
765,341,1521.32,255.45,40.67,83.66,0.9701,-1,-1,-1
765,366,1629.49,406.85,56.48,101.23,0.9697,-1,-1,-1
765,144,574.1,340.53,41.89,96.24,0.9689,-1,-1,-1
765,340,1308.43,350.79,48.81,92.19,0.9686,-1,-1,-1
765,249,471.4,440.66,44.1,117.85,0.9671,-1,-1,-1
765,346,1444.11,362.25,55.59,87.4,0.9664,-1,-1,-1
765,192,243.88,518.8,61.14,96.44,0.9631,-1,-1,-1
765,368,1044.82,230.27,57.43,87.02,0.9607,-1,-1,-1
765,197,1596.06,383.2,36.21,102.8,0.9523,-1,-1,-1
765,146,1056.02,147.75,33.63,73.8,0.9508,-1,-1,-1
765,338,1455.87,224.76,40.17,78.11,0.949,-1,-1,-1
765,191,224.22,185.3,31.73,83.02,0.9408,-1,-1,-1
765,147,347.37,200.57,24.89,75.12,0.9399,-1,-1,-1
765,342,1567.4,218.21,39.69,87.75,0.9252,-1,-1,-1
765,314,877.5,122.28,35.86,55.35,0.9116,-1,-1,-1
765,286,1010.06,242.2,33.16,74.06,0.904,-1,-1,-1
766,330,1073.08,728.18,53.42,162.75,0.9731,-1,-1,-1
766,366,1637.32,409.59,48.57,103.1,0.9729,-1,-1,-1
766,249,463.94,446.3,44.55,120.37,0.9702,-1,-1,-1
766,348,1652.01,599.99,58.52,137.59,0.9699,-1,-1,-1
766,341,1522.52,257.15,38.57,84.41,0.9699,-1,-1,-1
766,340,1295.02,353.49,44.67,92.54,0.9695,-1,-1,-1
766,144,567.01,341.95,42.92,98.91,0.9693,-1,-1,-1
766,317,354.0,327.41,65.04,105.57,0.969,-1,-1,-1
766,354,945.62,215.48,65.53,81.39,0.9659,-1,-1,-1
766,192,245.9,519.26,58.78,98.23,0.9659,-1,-1,-1
766,346,1428.31,361.88,59.33,87.78,0.9647,-1,-1,-1
766,338,1458.44,223.1,37.06,80.82,0.9615,-1,-1,-1
766,197,1594.49,382.98,44.39,104.89,0.9599,-1,-1,-1
766,191,217.43,186.47,30.44,82.44,0.9543,-1,-1,-1
766,147,337.77,200.67,28.16,75.29,0.946,-1,-1,-1
766,286,1010.06,236.85,37.29,79.79,0.9426,-1,-1,-1
766,146,1061.41,147.85,26.67,73.51,0.9381,-1,-1,-1
766,314,878.22,113.8,28.44,62.55,0.9206,-1,-1,-1
766,342,1576.94,219.09,29.61,63.7,0.8101,-1,-1,-1
766,362,1563.99,235.96,39.04,70.73,0.7322,-1,-1,-1
767,341,1518.99,257.46,44.39,84.65,0.9755,-1,-1,-1
767,249,455.63,449.86,44.6,118.2,0.9722,-1,-1,-1
767,348,1643.78,598.91,57.52,138.04,0.9711,-1,-1,-1
767,340,1280.6,356.94,45.6,90.55,0.9708,-1,-1,-1
767,362,1561.55,217.86,46.49,88.96,0.9689,-1,-1,-1
767,197,1592.37,383.15,49.36,105.72,0.9684,-1,-1,-1
767,330,1053.67,727.76,60.7,163.81,0.9681,-1,-1,-1
767,144,562.3,343.67,41.55,99.54,0.9678,-1,-1,-1
767,317,351.62,332.17,66.46,105.6,0.9677,-1,-1,-1
767,338,1455.48,222.05,37.99,82.42,0.9657,-1,-1,-1
767,192,244.11,519.06,63.16,101.37,0.9655,-1,-1,-1
767,366,1645.6,412.11,37.97,101.3,0.9651,-1,-1,-1
767,346,1410.7,362.02,67.4,86.95,0.9649,-1,-1,-1
767,354,947.81,216.27,60.17,82.54,0.9585,-1,-1,-1
767,146,1056.52,147.56,31.69,74.69,0.957,-1,-1,-1
767,191,208.74,185.53,30.88,82.77,0.9471,-1,-1,-1
767,286,1004.17,237.35,42.41,79.18,0.907,-1,-1,-1
767,314,873.22,114.12,33.25,62.29,0.8716,-1,-1,-1
767,147,326.74,201.2,31.68,77.45,0.8569,-1,-1,-1
767,368,1048.79,234.25,46.19,83.88,0.453,-1,-1,-1
768,348,1633.75,595.77,58.04,140.19,0.9775,-1,-1,-1
768,192,239.34,520.08,65.2,105.24,0.975,-1,-1,-1
768,197,1586.77,383.24,56.48,106.13,0.9747,-1,-1,-1
768,341,1514.61,257.85,49.93,87.08,0.9728,-1,-1,-1
768,338,1448.46,222.43,41.86,82.98,0.9721,-1,-1,-1
768,249,446.44,452.57,44.16,116.69,0.9711,-1,-1,-1
768,330,1033.39,724.97,66.29,168.28,0.9697,-1,-1,-1
768,317,352.4,333.34,58.64,105.44,0.9683,-1,-1,-1
768,340,1263.7,358.22,52.46,86.62,0.9663,-1,-1,-1
768,362,1565.19,218.18,45.92,89.7,0.966,-1,-1,-1
768,147,313.1,199.52,37.35,78.63,0.9613,-1,-1,-1
768,346,1391.16,361.9,73.47,87.85,0.9611,-1,-1,-1
768,144,557.14,346.2,40.68,100.52,0.9555,-1,-1,-1
768,191,197.37,185.29,32.54,82.97,0.9536,-1,-1,-1
768,146,1049.03,148.64,36.96,72.17,0.9524,-1,-1,-1
768,366,1648.21,417.89,39.43,97.38,0.9509,-1,-1,-1
768,286,996.73,233.38,50.74,80.23,0.9495,-1,-1,-1
768,354,953.24,218.2,43.66,66.22,0.9478,-1,-1,-1
768,314,870.88,116.3,36.32,59.9,0.8724,-1,-1,-1
769,197,1581.88,384.01,68.72,108.15,0.9754,-1,-1,-1
769,348,1623.81,596.17,56.32,140.83,0.9753,-1,-1,-1
769,317,356.41,335.15,45.94,103.22,0.9749,-1,-1,-1
769,330,1011.66,727.75,72.38,167.85,0.9731,-1,-1,-1
769,249,437.06,454.64,45.79,115.62,0.9716,-1,-1,-1
769,340,1231.12,358.81,72.39,91.98,0.9704,-1,-1,-1
769,338,1443.53,222.41,43.93,85.03,0.9696,-1,-1,-1
769,346,1372.46,363.16,73.1,91.76,0.9687,-1,-1,-1
769,146,1039.86,146.5,42.27,75.71,0.968,-1,-1,-1
769,341,1513.24,261.06,44.88,84.57,0.9662,-1,-1,-1
769,147,300.07,199.22,43.72,79.59,0.965,-1,-1,-1
769,144,551.47,348.38,36.4,99.92,0.9628,-1,-1,-1
769,192,229.94,521.7,69.9,111.29,0.9622,-1,-1,-1
769,191,184.9,184.3,33.39,85.99,0.9552,-1,-1,-1
769,286,993.55,233.85,55.07,77.48,0.9484,-1,-1,-1
769,354,958.64,218.63,37.53,77.28,0.9463,-1,-1,-1
769,314,862.7,124.04,34.63,51.39,0.9124,-1,-1,-1
769,362,1554.62,222.42,55.98,89.56,0.8663,-1,-1,-1
769,366,1659.88,412.73,34.06,76.08,0.8595,-1,-1,-1
770,348,1623.83,596.14,56.29,140.88,0.9753,-1,-1,-1
770,317,356.21,335.2,46.09,103.22,0.9753,-1,-1,-1
770,197,1581.94,383.91,68.56,108.2,0.9752,-1,-1,-1
770,330,1011.78,727.67,72.29,167.94,0.9732,-1,-1,-1
770,249,437.06,454.63,45.7,115.71,0.9717,-1,-1,-1
770,340,1231.1,358.78,72.4,92.11,0.9705,-1,-1,-1
770,338,1443.58,222.41,43.89,85.04,0.9696,-1,-1,-1
770,346,1372.5,363.13,73.15,91.79,0.9689,-1,-1,-1
770,146,1039.91,146.36,42.3,75.83,0.968,-1,-1,-1
770,341,1513.25,261.02,44.99,84.57,0.966,-1,-1,-1
770,147,300.09,199.22,43.67,79.64,0.965,-1,-1,-1
770,192,229.79,521.7,70.11,111.29,0.9629,-1,-1,-1
770,144,551.5,348.38,36.37,99.97,0.9629,-1,-1,-1
770,191,184.95,184.3,33.35,86.0,0.9553,-1,-1,-1
770,286,993.61,233.91,54.96,77.33,0.947,-1,-1,-1
770,354,958.7,218.62,37.48,77.18,0.9463,-1,-1,-1
770,314,862.73,124.14,34.63,51.13,0.9137,-1,-1,-1
770,366,1659.78,412.74,34.14,76.0,0.8629,-1,-1,-1
770,362,1555.5,222.49,55.13,89.66,0.8473,-1,-1,-1
771,348,1613.24,598.07,57.85,140.36,0.9739,-1,-1,-1
771,197,1581.42,385.66,79.65,106.3,0.9737,-1,-1,-1
771,192,219.54,524.57,72.06,114.19,0.9734,-1,-1,-1
771,340,1214.4,361.95,72.74,97.34,0.9708,-1,-1,-1
771,249,428.93,456.6,43.37,118.1,0.9707,-1,-1,-1
771,146,1033.26,145.65,50.86,77.1,0.9699,-1,-1,-1
771,330,991.93,731.03,80.51,170.34,0.9693,-1,-1,-1
771,338,1439.88,224.21,49.67,84.59,0.969,-1,-1,-1
771,144,542.9,352.64,36.45,98.04,0.9686,-1,-1,-1
771,341,1511.67,263.01,37.23,83.66,0.9682,-1,-1,-1
771,147,288.71,201.68,45.16,80.06,0.9625,-1,-1,-1
771,317,362.22,338.38,37.92,101.62,0.9589,-1,-1,-1
771,191,172.47,185.28,34.11,87.92,0.9583,-1,-1,-1
771,366,1649.16,413.14,54.17,103.05,0.9471,-1,-1,-1
771,346,1354.4,365.9,61.31,97.6,0.939,-1,-1,-1
771,362,1560.29,225.41,42.73,87.67,0.9307,-1,-1,-1
771,314,853.21,115.39,38.34,59.82,0.9293,-1,-1,-1
771,354,965.37,222.37,33.09,78.56,0.9211,-1,-1,-1
771,368,1042.02,236.1,31.44,83.34,0.8855,-1,-1,-1
771,286,999.64,233.78,44.89,67.51,0.809,-1,-1,-1
772,197,1585.64,389.13,73.75,107.69,0.9762,-1,-1,-1
772,249,419.4,459.35,43.14,124.54,0.9751,-1,-1,-1
772,192,216.3,530.13,63.59,111.34,0.9744,-1,-1,-1
772,348,1602.8,600.48,60.97,141.6,0.9714,-1,-1,-1
772,317,350.99,336.98,49.11,102.85,0.971,-1,-1,-1
772,144,532.06,354.88,41.39,97.12,0.9686,-1,-1,-1
772,338,1441.03,227.75,47.37,83.21,0.9678,-1,-1,-1
772,341,1509.11,264.67,34.3,83.68,0.9658,-1,-1,-1
772,330,974.38,737.12,85.41,168.68,0.9644,-1,-1,-1
772,366,1649.85,417.61,73.28,101.08,0.9633,-1,-1,-1
772,147,278.77,204.26,42.91,79.94,0.9631,-1,-1,-1
772,314,846.09,112.74,44.86,63.67,0.9626,-1,-1,-1
772,340,1199.03,364.72,63.91,96.45,0.9618,-1,-1,-1
772,146,1030.33,148.26,51.79,77.35,0.9606,-1,-1,-1
772,191,160.89,187.36,36.8,87.91,0.9605,-1,-1,-1
772,354,958.12,218.84,51.43,85.11,0.9604,-1,-1,-1
772,346,1333.87,369.8,44.55,94.13,0.959,-1,-1,-1
772,362,1564.39,225.42,37.41,87.05,0.9437,-1,-1,-1
772,286,1012.02,237.03,32.32,67.99,0.5587,-1,-1,-1
772,372,1674.84,771.17,98.77,178.95,0.5298,-1,-1,-1
772,368,1038.05,237.45,31.59,82.67,0.4878,-1,-1,-1
773,144,521.8,356.45,48.19,100.54,0.9759,-1,-1,-1
773,330,956.12,746.78,93.44,163.45,0.9759,-1,-1,-1
773,317,340.82,338.38,59.9,107.42,0.973,-1,-1,-1
773,348,1591.08,608.1,66.09,137.04,0.9729,-1,-1,-1
773,340,1189.14,369.49,49.79,93.68,0.9722,-1,-1,-1
773,346,1313.88,372.57,49.07,93.25,0.9706,-1,-1,-1
773,249,408.45,464.41,46.89,125.34,0.9696,-1,-1,-1
773,191,150.26,190.37,38.31,87.56,0.9658,-1,-1,-1
773,197,1600.59,393.99,60.98,104.86,0.9651,-1,-1,-1
773,354,951.67,218.24,56.05,85.41,0.965,-1,-1,-1
773,192,209.81,535.23,57.1,109.69,0.963,-1,-1,-1
773,341,1506.66,266.56,34.03,82.59,0.9629,-1,-1,-1
773,147,271.67,208.0,38.85,78.6,0.9611,-1,-1,-1
773,338,1444.08,232.68,41.31,83.9,0.9581,-1,-1,-1
773,146,1029.72,151.2,45.34,76.8,0.9559,-1,-1,-1
773,314,842.59,112.15,48.3,66.88,0.9558,-1,-1,-1
773,366,1659.22,422.92,69.63,99.6,0.9509,-1,-1,-1
773,372,1672.42,771.98,88.39,181.65,0.9236,-1,-1,-1
773,362,1570.25,225.39,32.42,84.86,0.8954,-1,-1,-1
773,368,1027.74,239.72,40.12,84.4,0.8533,-1,-1,-1
773,286,1014.57,240.52,26.32,63.8,0.8526,-1,-1,-1
774,249,397.81,467.74,49.82,127.35,0.9744,-1,-1,-1
774,144,514.92,358.85,52.54,102.98,0.9744,-1,-1,-1
774,317,334.21,340.26,65.8,108.6,0.9732,-1,-1,-1
774,348,1579.53,612.43,71.66,134.23,0.9726,-1,-1,-1
774,192,200.52,537.37,54.89,110.56,0.9725,-1,-1,-1
774,197,1606.75,392.86,59.25,108.46,0.9704,-1,-1,-1
774,341,1504.63,267.6,39.52,84.34,0.9698,-1,-1,-1
774,340,1178.49,371.24,41.12,93.5,0.9657,-1,-1,-1
774,366,1668.13,426.24,57.6,99.06,0.9651,-1,-1,-1
774,346,1293.78,373.92,57.65,92.97,0.9643,-1,-1,-1
774,354,948.22,219.05,59.35,84.5,0.9635,-1,-1,-1
774,330,944.17,750.1,96.88,163.57,0.962,-1,-1,-1
774,191,143.08,193.78,33.76,86.7,0.9567,-1,-1,-1
774,314,837.14,120.64,48.91,61.31,0.955,-1,-1,-1
774,146,1033.94,154.19,37.53,75.84,0.9539,-1,-1,-1
774,338,1445.48,235.49,33.84,82.62,0.9518,-1,-1,-1
774,147,266.64,212.62,35.25,74.91,0.943,-1,-1,-1
774,372,1666.39,778.55,84.66,177.37,0.9207,-1,-1,-1
774,362,1565.55,227.51,34.13,90.22,0.8926,-1,-1,-1
774,368,1018.52,240.74,44.99,87.24,0.7926,-1,-1,-1
774,286,1013.98,238.11,28.9,75.92,0.5873,-1,-1,-1
775,330,931.45,754.97,95.58,159.46,0.9797,-1,-1,-1
775,197,1614.51,392.68,48.8,108.89,0.9771,-1,-1,-1
775,249,394.03,474.8,46.99,125.64,0.9762,-1,-1,-1
775,144,511.06,362.38,53.34,103.34,0.9755,-1,-1,-1
775,192,193.17,539.59,53.72,116.77,0.9722,-1,-1,-1
775,354,946.76,220.99,63.77,83.7,0.9695,-1,-1,-1
775,340,1164.0,372.56,42.3,96.13,0.9693,-1,-1,-1
775,341,1502.18,268.03,45.53,86.41,0.9687,-1,-1,-1
775,348,1568.88,615.54,76.28,135.57,0.9642,-1,-1,-1
775,366,1683.65,433.32,37.73,90.72,0.963,-1,-1,-1
775,346,1271.36,375.5,65.35,89.2,0.954,-1,-1,-1
775,191,135.88,195.72,30.94,85.82,0.954,-1,-1,-1
775,362,1561.6,228.3,44.05,91.83,0.9501,-1,-1,-1
775,317,333.63,351.31,74.2,101.17,0.9478,-1,-1,-1
775,338,1447.69,237.67,30.78,82.0,0.9445,-1,-1,-1
775,147,265.35,210.11,31.16,77.85,0.944,-1,-1,-1
775,372,1659.16,780.39,93.19,179.18,0.9378,-1,-1,-1
775,368,1019.39,240.21,49.55,87.73,0.9076,-1,-1,-1
775,314,839.21,117.37,37.57,65.2,0.9054,-1,-1,-1
775,286,1013.59,240.53,31.99,67.36,0.8226,-1,-1,-1
775,146,1041.48,155.35,29.13,73.76,0.7984,-1,-1,-1
776,330,931.42,754.92,95.86,159.58,0.9797,-1,-1,-1
776,197,1614.52,392.66,48.75,108.88,0.9771,-1,-1,-1
776,249,394.02,474.76,47.0,125.56,0.9762,-1,-1,-1
776,144,510.99,362.4,53.46,103.38,0.9756,-1,-1,-1
776,192,193.21,539.55,53.65,116.79,0.9723,-1,-1,-1
776,354,946.72,220.94,63.77,83.73,0.9695,-1,-1,-1
776,340,1164.04,372.54,42.29,96.01,0.9692,-1,-1,-1
776,341,1502.22,268.03,45.53,86.4,0.9686,-1,-1,-1
776,348,1568.93,615.44,76.24,135.74,0.964,-1,-1,-1
776,366,1683.63,433.51,37.67,90.5,0.9626,-1,-1,-1
776,346,1271.28,375.59,65.52,89.12,0.9544,-1,-1,-1
776,191,135.88,195.78,30.87,85.78,0.9536,-1,-1,-1
776,362,1561.46,228.55,44.14,91.69,0.947,-1,-1,-1
776,317,334.11,350.9,73.63,101.57,0.9459,-1,-1,-1
776,338,1447.67,237.67,30.94,82.02,0.9444,-1,-1,-1
776,147,265.31,210.14,31.23,77.79,0.9443,-1,-1,-1
776,372,1659.12,780.39,93.33,179.19,0.9389,-1,-1,-1
776,368,1019.41,240.15,49.87,87.87,0.9091,-1,-1,-1
776,314,839.29,117.34,37.5,65.26,0.9032,-1,-1,-1
776,286,1013.66,240.44,31.8,67.47,0.8246,-1,-1,-1
776,146,1041.5,155.27,29.19,73.71,0.7941,-1,-1,-1
777,197,1617.65,393.81,44.61,109.23,0.981,-1,-1,-1
777,249,388.07,481.12,46.1,125.4,0.9738,-1,-1,-1
777,192,185.93,540.63,53.45,124.2,0.9731,-1,-1,-1
777,341,1496.14,269.56,51.61,87.94,0.9721,-1,-1,-1
777,348,1563.84,619.69,74.82,134.97,0.972,-1,-1,-1
777,340,1150.26,375.25,41.46,102.13,0.9695,-1,-1,-1
777,362,1558.68,227.19,56.43,93.8,0.9689,-1,-1,-1
777,330,925.9,755.52,85.28,160.84,0.9657,-1,-1,-1
777,366,1689.82,429.08,39.54,99.01,0.9656,-1,-1,-1
777,146,1038.22,156.19,31.24,75.6,0.9603,-1,-1,-1
777,346,1243.42,379.92,76.21,90.4,0.9553,-1,-1,-1
777,317,333.04,358.87,74.51,98.04,0.9551,-1,-1,-1
777,144,512.76,365.32,51.14,106.14,0.9536,-1,-1,-1
777,338,1448.98,238.28,30.26,81.94,0.9535,-1,-1,-1
777,354,948.51,222.0,63.96,83.57,0.9521,-1,-1,-1
777,147,260.73,210.71,28.57,79.33,0.943,-1,-1,-1
777,191,130.32,198.3,27.58,85.08,0.9248,-1,-1,-1
777,372,1648.98,783.01,107.66,179.13,0.912,-1,-1,-1
777,314,840.94,124.96,32.32,59.04,0.8813,-1,-1,-1
777,368,1008.96,241.64,60.8,89.8,0.8218,-1,-1,-1
777,286,1010.22,242.51,36.01,64.98,0.7524,-1,-1,-1
778,330,916.56,754.76,81.08,162.03,0.9774,-1,-1,-1
778,366,1694.28,429.88,49.66,103.5,0.9757,-1,-1,-1
778,197,1619.47,395.61,49.53,108.57,0.9756,-1,-1,-1
778,192,180.39,544.43,53.73,126.27,0.9734,-1,-1,-1
778,341,1490.87,272.21,58.76,87.65,0.9726,-1,-1,-1
778,249,383.02,487.17,47.14,121.84,0.9725,-1,-1,-1
778,362,1556.83,229.82,66.95,91.52,0.9714,-1,-1,-1
778,146,1033.46,155.62,37.21,76.13,0.968,-1,-1,-1
778,346,1226.24,385.21,71.06,91.06,0.964,-1,-1,-1
778,348,1557.91,625.8,73.44,128.36,0.9636,-1,-1,-1
778,338,1445.02,238.39,35.93,83.71,0.9634,-1,-1,-1
778,144,517.27,369.91,47.0,104.84,0.9619,-1,-1,-1
778,340,1128.07,377.36,47.34,102.43,0.9585,-1,-1,-1
778,191,124.22,198.65,28.61,86.43,0.9511,-1,-1,-1
778,147,253.61,210.68,30.83,82.47,0.9396,-1,-1,-1
778,368,1004.7,243.99,62.99,90.81,0.9248,-1,-1,-1
778,372,1649.88,789.34,103.27,170.51,0.9231,-1,-1,-1
778,314,846.38,115.44,26.23,69.08,0.9064,-1,-1,-1
778,317,345.39,363.76,57.78,96.07,0.8965,-1,-1,-1
778,354,968.43,224.74,41.68,84.1,0.7776,-1,-1,-1
779,192,175.78,547.93,57.89,128.21,0.9744,-1,-1,-1
779,197,1625.4,398.77,58.66,107.02,0.9742,-1,-1,-1
779,341,1488.45,274.61,60.88,89.34,0.974,-1,-1,-1
779,249,379.98,490.49,45.65,121.2,0.9735,-1,-1,-1
779,330,911.37,754.37,72.53,159.34,0.9723,-1,-1,-1
779,146,1031.25,155.96,41.25,80.25,0.9719,-1,-1,-1
779,144,518.7,372.75,46.08,103.77,0.9719,-1,-1,-1
779,338,1441.62,238.45,41.08,86.08,0.9711,-1,-1,-1
779,348,1550.42,624.55,75.2,133.79,0.9705,-1,-1,-1
779,366,1700.14,432.54,55.23,103.14,0.9704,-1,-1,-1
779,346,1215.51,390.27,62.18,89.45,0.965,-1,-1,-1
779,354,968.03,227.35,39.4,79.75,0.9626,-1,-1,-1
779,340,1108.69,379.73,49.03,100.99,0.9626,-1,-1,-1
779,362,1558.32,232.72,69.12,90.61,0.9613,-1,-1,-1
779,147,246.83,213.2,34.76,82.24,0.9575,-1,-1,-1
779,191,119.65,200.07,27.93,87.39,0.9516,-1,-1,-1
779,314,844.11,120.59,28.36,66.37,0.9402,-1,-1,-1
779,372,1647.35,786.57,103.91,176.61,0.885,-1,-1,-1
779,317,369.69,369.63,29.64,90.86,0.8706,-1,-1,-1
779,373,375.1,352.58,24.3,56.14,0.866,-1,-1,-1
779,368,1011.08,247.47,50.06,85.73,0.5201,-1,-1,-1
780,197,1631.22,402.5,65.29,106.67,0.9789,-1,-1,-1
780,146,1029.36,157.95,49.42,79.73,0.9757,-1,-1,-1
780,192,172.61,551.72,58.81,130.61,0.9747,-1,-1,-1
780,366,1706.28,435.5,52.31,104.31,0.9736,-1,-1,-1
780,144,514.73,375.04,52.44,104.14,0.9732,-1,-1,-1
780,330,907.16,754.5,69.88,154.61,0.9727,-1,-1,-1
780,341,1489.35,275.89,56.54,90.32,0.9727,-1,-1,-1
780,249,373.32,491.46,48.66,123.48,0.9715,-1,-1,-1
780,338,1438.14,239.99,51.19,86.35,0.9693,-1,-1,-1
780,340,1094.58,382.56,48.14,97.16,0.9692,-1,-1,-1
780,147,240.59,213.94,39.69,82.22,0.9691,-1,-1,-1
780,348,1543.88,629.89,75.59,129.96,0.963,-1,-1,-1
780,362,1564.1,237.19,64.82,88.4,0.9627,-1,-1,-1
780,191,112.94,200.88,30.5,88.06,0.9614,-1,-1,-1
780,314,839.65,120.11,32.84,68.07,0.9587,-1,-1,-1
780,354,979.67,228.79,31.75,82.43,0.9345,-1,-1,-1
780,317,365.89,368.1,36.2,95.13,0.9337,-1,-1,-1
780,346,1211.36,394.87,58.47,53.22,0.922,-1,-1,-1
780,372,1639.5,790.25,116.9,171.46,0.8929,-1,-1,-1
780,373,381.48,355.56,20.7,49.97,0.727,-1,-1,-1
781,197,1634.98,404.77,68.22,107.1,0.9752,-1,-1,-1
781,330,896.03,753.37,75.88,159.65,0.9733,-1,-1,-1
781,366,1711.71,435.99,45.98,104.01,0.9733,-1,-1,-1
781,249,366.72,492.78,50.98,124.73,0.9729,-1,-1,-1
781,147,234.66,215.83,41.88,81.91,0.9726,-1,-1,-1
781,192,170.4,556.17,54.05,132.93,0.9718,-1,-1,-1
781,340,1083.83,385.23,45.34,99.24,0.9717,-1,-1,-1
781,144,511.04,377.42,56.14,107.03,0.9717,-1,-1,-1
781,341,1489.38,278.6,52.77,88.67,0.9717,-1,-1,-1
781,348,1536.94,624.55,73.59,138.87,0.9701,-1,-1,-1
781,338,1435.35,243.03,56.28,86.67,0.9698,-1,-1,-1
781,146,1030.18,158.8,52.01,78.88,0.9689,-1,-1,-1
781,191,105.75,201.79,35.52,89.63,0.9668,-1,-1,-1
781,362,1571.4,238.96,52.01,89.35,0.9612,-1,-1,-1
781,314,837.51,124.4,40.5,63.69,0.96,-1,-1,-1
781,317,361.67,361.08,52.05,104.32,0.9563,-1,-1,-1
781,354,984.64,227.82,34.56,86.05,0.9477,-1,-1,-1
781,372,1645.4,789.17,102.87,175.51,0.8662,-1,-1,-1
781,346,1193.57,397.45,61.68,71.29,0.7769,-1,-1,-1
781,368,1029.13,249.45,41.26,88.23,0.7678,-1,-1,-1
782,197,1634.98,404.77,68.17,107.1,0.9751,-1,-1,-1
782,366,1711.63,435.79,46.06,104.28,0.9733,-1,-1,-1
782,330,895.76,753.4,76.09,159.7,0.9731,-1,-1,-1
782,249,366.72,492.85,50.97,124.7,0.973,-1,-1,-1
782,147,234.65,215.83,41.92,81.92,0.9727,-1,-1,-1
782,192,170.39,556.15,53.96,132.94,0.9718,-1,-1,-1
782,144,511.02,377.36,56.18,107.13,0.9718,-1,-1,-1
782,340,1083.85,385.21,45.32,99.38,0.9717,-1,-1,-1
782,341,1489.38,278.6,52.77,88.68,0.9716,-1,-1,-1
782,348,1536.94,624.63,73.58,138.81,0.97,-1,-1,-1
782,338,1435.36,242.95,56.3,86.74,0.9699,-1,-1,-1
782,146,1030.17,158.8,52.27,78.83,0.9688,-1,-1,-1
782,191,105.74,201.75,35.53,89.64,0.9668,-1,-1,-1
782,362,1571.35,239.0,52.04,89.31,0.9614,-1,-1,-1
782,314,837.52,124.58,40.49,63.51,0.9592,-1,-1,-1
782,317,361.67,360.98,52.14,104.39,0.9578,-1,-1,-1
782,354,984.63,227.84,34.54,86.02,0.9479,-1,-1,-1
782,372,1645.42,789.16,102.83,175.57,0.868,-1,-1,-1
782,346,1193.26,397.16,61.53,75.55,0.7999,-1,-1,-1
782,368,1029.14,249.43,41.11,88.37,0.7371,-1,-1,-1
783,197,1639.33,408.61,63.91,104.64,0.9784,-1,-1,-1
783,348,1529.03,626.2,71.8,138.85,0.9776,-1,-1,-1
783,330,888.52,753.45,76.06,159.29,0.9756,-1,-1,-1
783,366,1715.05,436.17,60.04,105.61,0.9744,-1,-1,-1
783,317,356.08,357.96,62.78,108.78,0.9734,-1,-1,-1
783,144,510.32,378.69,58.7,107.49,0.9729,-1,-1,-1
783,340,1068.77,388.04,47.62,99.31,0.9729,-1,-1,-1
783,192,169.04,557.64,48.72,133.42,0.9726,-1,-1,-1
783,191,98.3,203.05,39.26,89.19,0.9707,-1,-1,-1
783,354,983.4,227.44,47.15,87.84,0.9705,-1,-1,-1
783,249,361.93,497.1,52.5,124.71,0.9695,-1,-1,-1
783,147,231.75,218.81,40.33,81.78,0.9675,-1,-1,-1
783,314,836.73,119.31,46.58,68.98,0.9673,-1,-1,-1
783,341,1489.89,280.29,47.27,87.84,0.967,-1,-1,-1
783,146,1033.68,160.97,48.35,79.92,0.9667,-1,-1,-1
783,338,1437.08,244.44,54.78,89.12,0.9639,-1,-1,-1
783,362,1584.8,241.19,35.3,86.95,0.9115,-1,-1,-1
783,368,1030.43,247.83,36.49,93.49,0.9091,-1,-1,-1
783,346,1172.32,398.65,71.9,77.65,0.829,-1,-1,-1
783,372,1642.95,793.19,108.3,170.53,0.8123,-1,-1,-1
784,197,1644.99,413.02,53.53,100.93,0.9764,-1,-1,-1
784,317,356.16,359.83,68.57,108.55,0.9747,-1,-1,-1
784,191,92.09,203.69,42.54,90.02,0.9723,-1,-1,-1
784,348,1520.39,625.58,70.77,140.38,0.9723,-1,-1,-1
784,330,882.35,753.71,76.58,161.13,0.9715,-1,-1,-1
784,144,512.39,380.13,59.48,111.1,0.9713,-1,-1,-1
784,192,166.8,558.96,48.09,133.03,0.9708,-1,-1,-1
784,354,982.82,227.47,49.31,84.41,0.9699,-1,-1,-1
784,340,1057.35,391.88,48.63,98.02,0.969,-1,-1,-1
784,366,1718.41,437.15,67.73,105.82,0.9684,-1,-1,-1
784,362,1587.55,238.45,34.27,89.93,0.9632,-1,-1,-1
784,338,1441.13,248.1,49.07,87.07,0.9631,-1,-1,-1
784,147,229.71,221.04,34.72,80.66,0.9608,-1,-1,-1
784,146,1042.57,162.41,36.83,78.01,0.959,-1,-1,-1
784,249,355.72,498.33,57.58,126.91,0.9573,-1,-1,-1
784,341,1489.16,280.98,44.92,88.25,0.9427,-1,-1,-1
784,314,839.13,118.12,44.06,71.5,0.9366,-1,-1,-1
784,368,1026.1,251.17,36.63,87.64,0.8681,-1,-1,-1
784,372,1642.59,790.6,99.32,179.11,0.8238,-1,-1,-1
784,346,1160.67,401.01,67.37,74.97,0.776,-1,-1,-1
785,197,1646.86,414.79,51.96,101.46,0.9769,-1,-1,-1
785,330,880.75,753.13,73.54,161.8,0.9761,-1,-1,-1
785,317,356.66,359.22,75.5,112.9,0.9741,-1,-1,-1
785,192,162.44,559.44,52.45,133.99,0.9733,-1,-1,-1
785,348,1511.88,623.27,67.51,143.21,0.9733,-1,-1,-1
785,366,1719.76,437.65,69.72,104.55,0.9724,-1,-1,-1
785,338,1447.46,250.23,44.0,85.17,0.9697,-1,-1,-1
785,340,1043.74,393.92,50.19,96.13,0.969,-1,-1,-1
785,191,87.43,206.62,39.38,89.28,0.967,-1,-1,-1
785,249,350.66,504.9,61.13,123.14,0.9627,-1,-1,-1
785,341,1489.89,281.35,40.56,88.9,0.9595,-1,-1,-1
785,144,517.9,383.09,51.38,110.39,0.959,-1,-1,-1
785,362,1588.36,236.36,34.97,92.19,0.9581,-1,-1,-1
785,147,230.64,221.51,25.96,81.19,0.9495,-1,-1,-1
785,354,983.08,226.4,52.26,78.81,0.946,-1,-1,-1
785,346,1143.07,404.51,61.22,87.37,0.9428,-1,-1,-1
785,314,839.98,124.61,39.24,66.44,0.9419,-1,-1,-1
785,146,1049.51,165.89,30.41,74.72,0.9074,-1,-1,-1
785,368,1022.32,249.7,40.37,90.98,0.8117,-1,-1,-1
785,372,1640.07,791.68,94.1,178.6,0.7747,-1,-1,-1
786,192,159.09,559.49,54.42,136.21,0.9774,-1,-1,-1
786,330,877.93,754.04,72.38,163.18,0.9767,-1,-1,-1
786,197,1646.74,414.62,59.77,105.82,0.9752,-1,-1,-1
786,144,524.55,384.03,45.52,108.32,0.9738,-1,-1,-1
786,249,347.02,504.45,63.39,131.18,0.9734,-1,-1,-1
786,366,1723.73,438.38,63.1,102.81,0.9718,-1,-1,-1
786,317,362.22,361.27,71.54,115.42,0.97,-1,-1,-1
786,348,1505.73,626.83,57.52,140.16,0.9657,-1,-1,-1
786,340,1025.83,395.51,57.73,103.64,0.9635,-1,-1,-1
786,338,1454.94,250.28,37.95,84.95,0.9633,-1,-1,-1
786,191,84.39,208.09,35.21,88.77,0.9615,-1,-1,-1
786,147,229.47,221.66,23.71,80.27,0.952,-1,-1,-1
786,341,1489.79,281.94,37.5,90.67,0.9467,-1,-1,-1
786,362,1589.88,236.28,34.11,94.67,0.945,-1,-1,-1
786,314,844.61,127.66,30.62,63.36,0.9274,-1,-1,-1
786,368,1019.44,249.85,49.78,92.41,0.9185,-1,-1,-1
786,146,1056.73,164.3,25.35,68.1,0.9169,-1,-1,-1
786,354,985.72,227.57,48.1,69.57,0.8935,-1,-1,-1
786,346,1126.81,408.43,62.01,85.38,0.882,-1,-1,-1
786,372,1632.18,798.46,98.72,171.62,0.3145,-1,-1,-1
787,192,154.31,559.92,55.44,137.43,0.9743,-1,-1,-1
787,197,1647.64,413.66,59.69,105.46,0.9737,-1,-1,-1
787,330,871.2,755.95,72.07,164.21,0.973,-1,-1,-1
787,366,1728.46,439.18,62.24,101.08,0.972,-1,-1,-1
787,348,1497.99,628.71,49.4,137.7,0.9709,-1,-1,-1
787,249,346.07,515.99,64.3,120.68,0.968,-1,-1,-1
787,362,1592.84,235.94,39.12,96.16,0.966,-1,-1,-1
787,144,535.25,383.41,38.83,110.54,0.9653,-1,-1,-1
787,317,372.01,375.05,60.43,102.88,0.9612,-1,-1,-1
787,346,1105.0,407.98,68.81,85.5,0.9604,-1,-1,-1
787,340,1014.02,396.94,60.53,101.24,0.9598,-1,-1,-1
787,338,1458.64,250.68,34.48,85.27,0.9559,-1,-1,-1
787,147,225.88,220.61,24.47,80.93,0.9528,-1,-1,-1
787,191,80.77,209.38,33.2,87.25,0.9454,-1,-1,-1
787,341,1490.09,283.07,35.83,92.73,0.9414,-1,-1,-1
787,314,849.35,134.7,25.29,55.89,0.9033,-1,-1,-1
787,354,1009.26,227.76,29.4,65.46,0.8878,-1,-1,-1
787,368,1016.83,250.27,53.17,92.71,0.8461,-1,-1,-1
787,378,1053.12,246.09,30.05,70.0,0.8345,-1,-1,-1
787,146,1058.42,164.45,27.49,64.5,0.7782,-1,-1,-1
787,372,1624.76,798.28,105.37,169.03,0.6517,-1,-1,-1
788,192,154.26,559.92,55.49,137.43,0.9742,-1,-1,-1
788,197,1647.67,413.61,59.74,105.54,0.9735,-1,-1,-1
788,330,871.17,755.9,72.17,164.27,0.9729,-1,-1,-1
788,366,1728.4,439.15,62.34,101.12,0.972,-1,-1,-1
788,348,1497.96,628.9,49.41,137.48,0.9711,-1,-1,-1
788,249,346.02,516.99,64.2,119.54,0.9685,-1,-1,-1
788,362,1592.84,235.96,39.12,96.16,0.9656,-1,-1,-1
788,144,535.27,383.47,38.83,110.22,0.9655,-1,-1,-1
788,317,372.07,375.2,60.39,102.65,0.9618,-1,-1,-1
788,346,1105.06,408.09,68.57,85.38,0.9601,-1,-1,-1
788,340,1012.99,396.85,61.36,101.36,0.9591,-1,-1,-1
788,338,1458.63,250.68,34.45,85.33,0.9559,-1,-1,-1
788,147,225.86,220.54,24.47,80.99,0.953,-1,-1,-1
788,341,1489.82,283.09,36.07,92.68,0.9447,-1,-1,-1
788,191,80.54,210.13,32.9,85.91,0.9437,-1,-1,-1
788,314,849.33,134.52,25.22,56.04,0.9016,-1,-1,-1
788,354,1009.16,227.73,29.52,65.33,0.8871,-1,-1,-1
788,368,1016.73,250.28,53.25,92.75,0.8461,-1,-1,-1
788,378,1053.22,246.02,29.95,69.84,0.8362,-1,-1,-1
788,146,1058.57,163.65,27.49,65.42,0.7974,-1,-1,-1
788,372,1624.81,798.3,105.34,168.84,0.6389,-1,-1,-1
788,379,1051.83,199.56,19.42,40.99,0.3776,-1,-1,-1
789,366,1732.75,436.75,70.99,102.33,0.9772,-1,-1,-1
789,197,1648.64,412.59,56.6,107.52,0.976,-1,-1,-1
789,362,1594.5,236.01,43.73,95.46,0.9758,-1,-1,-1
789,192,148.95,560.56,57.37,140.08,0.9748,-1,-1,-1
789,330,866.0,756.04,71.74,165.03,0.974,-1,-1,-1
789,340,1010.07,399.18,50.88,102.03,0.9732,-1,-1,-1
789,144,538.72,383.91,39.04,110.45,0.9708,-1,-1,-1
789,249,348.57,522.59,62.74,114.79,0.9673,-1,-1,-1
789,346,1097.87,408.88,59.95,83.33,0.9628,-1,-1,-1
789,191,74.91,208.68,32.2,88.53,0.9622,-1,-1,-1
789,348,1490.1,625.19,44.69,142.79,0.9622,-1,-1,-1
789,147,219.81,218.93,26.86,84.15,0.9564,-1,-1,-1
789,338,1459.01,249.05,33.56,87.28,0.9561,-1,-1,-1
789,341,1493.12,282.47,31.21,95.55,0.95,-1,-1,-1
789,317,399.86,376.5,36.58,98.85,0.9481,-1,-1,-1
789,314,848.47,120.17,31.68,68.4,0.8986,-1,-1,-1
789,146,1049.14,174.83,39.32,65.49,0.8919,-1,-1,-1
789,378,1057.17,244.85,31.79,83.22,0.8909,-1,-1,-1
789,372,1625.91,794.35,87.2,178.93,0.8467,-1,-1,-1
789,354,1024.95,228.75,18.59,57.99,0.8209,-1,-1,-1
790,197,1649.79,410.68,52.19,110.77,0.9786,-1,-1,-1
790,192,143.5,562.5,55.85,141.19,0.9746,-1,-1,-1
790,330,862.35,756.36,70.05,162.96,0.9741,-1,-1,-1
790,362,1596.39,237.64,44.41,95.56,0.974,-1,-1,-1
790,366,1736.61,437.21,76.85,102.32,0.9724,-1,-1,-1
790,340,995.3,400.56,51.74,99.66,0.9714,-1,-1,-1
790,144,540.25,384.42,40.24,108.8,0.9702,-1,-1,-1
790,348,1481.74,627.32,43.49,143.48,0.9699,-1,-1,-1
790,147,213.3,218.77,33.76,84.61,0.9689,-1,-1,-1
790,346,1090.95,410.19,54.62,84.19,0.9618,-1,-1,-1
790,338,1459.14,248.03,35.72,90.38,0.9589,-1,-1,-1
790,317,396.15,386.44,48.66,89.88,0.9573,-1,-1,-1
790,191,68.95,207.81,33.22,89.29,0.9541,-1,-1,-1
790,378,1058.86,243.87,41.26,83.27,0.9508,-1,-1,-1
790,341,1489.56,283.7,34.13,96.59,0.9499,-1,-1,-1
790,249,354.21,518.15,58.35,118.85,0.949,-1,-1,-1
790,146,1048.89,156.44,43.59,83.23,0.9434,-1,-1,-1
790,314,845.93,128.45,31.76,60.12,0.9358,-1,-1,-1
791,330,859.37,755.34,69.53,158.38,0.9773,-1,-1,-1
791,197,1651.32,411.29,52.06,111.72,0.9736,-1,-1,-1
791,362,1597.48,240.18,43.58,94.35,0.9728,-1,-1,-1
791,366,1741.81,439.84,74.24,99.94,0.9725,-1,-1,-1
791,338,1459.1,248.91,39.15,85.44,0.9715,-1,-1,-1
791,348,1475.13,631.04,42.7,141.1,0.9712,-1,-1,-1
791,147,207.54,219.89,39.42,83.97,0.9688,-1,-1,-1
791,146,1048.32,156.41,55.6,84.76,0.9686,-1,-1,-1
791,340,976.89,403.95,57.59,96.94,0.9686,-1,-1,-1
791,192,138.3,566.63,55.12,143.34,0.9682,-1,-1,-1
791,191,64.16,207.02,32.49,90.54,0.964,-1,-1,-1
791,378,1061.2,245.59,44.87,82.36,0.9631,-1,-1,-1
791,144,546.81,385.52,35.83,111.33,0.9622,-1,-1,-1
791,314,842.81,119.3,37.84,69.14,0.9584,-1,-1,-1
791,341,1486.05,287.14,36.12,92.34,0.9535,-1,-1,-1
791,249,353.73,517.86,60.08,121.25,0.9487,-1,-1,-1
791,317,390.74,376.45,62.62,101.04,0.9426,-1,-1,-1
791,346,1084.31,411.23,45.02,82.07,0.9425,-1,-1,-1
791,354,1031.93,226.02,25.25,44.01,0.7293,-1,-1,-1
791,368,1021.72,253.27,38.25,91.47,0.5285,-1,-1,-1
792,192,133.17,571.85,51.45,144.93,0.976,-1,-1,-1
792,330,856.48,755.04,68.48,155.31,0.9759,-1,-1,-1
792,366,1746.32,443.55,68.58,95.81,0.9727,-1,-1,-1
792,340,959.35,408.8,60.94,95.53,0.9717,-1,-1,-1
792,338,1460.03,250.2,40.51,78.62,0.971,-1,-1,-1
792,147,201.67,221.42,40.96,83.49,0.9706,-1,-1,-1
792,362,1598.95,241.39,40.14,93.49,0.9694,-1,-1,-1
792,146,1049.11,160.12,56.46,82.58,0.9681,-1,-1,-1
792,348,1468.39,640.05,43.37,136.55,0.9679,-1,-1,-1
792,249,349.4,512.91,62.14,130.71,0.9678,-1,-1,-1
792,341,1484.57,286.53,38.04,94.49,0.967,-1,-1,-1
792,191,58.72,207.02,34.56,93.51,0.9662,-1,-1,-1
792,317,389.0,367.48,73.63,113.14,0.9645,-1,-1,-1
792,144,553.02,387.61,32.33,112.81,0.9599,-1,-1,-1
792,378,1068.46,247.41,39.32,81.73,0.9473,-1,-1,-1
792,314,841.07,120.98,45.32,67.06,0.9419,-1,-1,-1
792,197,1651.28,411.22,58.08,111.9,0.9119,-1,-1,-1
792,346,1076.61,416.64,52.9,83.55,0.9116,-1,-1,-1
792,354,1035.64,226.81,31.52,71.9,0.831,-1,-1,-1
792,372,1609.92,800.75,87.07,179.18,0.689,-1,-1,-1
792,368,1025.81,256.65,35.21,87.23,0.5199,-1,-1,-1
793,330,853.69,753.97,70.15,156.25,0.9784,-1,-1,-1
793,197,1649.25,412.99,67.08,112.01,0.9773,-1,-1,-1
793,192,129.11,576.94,49.6,141.73,0.9758,-1,-1,-1
793,366,1747.29,440.39,65.54,100.01,0.9749,-1,-1,-1
793,340,951.19,414.26,56.98,91.87,0.9731,-1,-1,-1
793,249,346.58,514.51,65.26,132.48,0.9729,-1,-1,-1
793,348,1456.74,643.93,52.09,135.73,0.9725,-1,-1,-1
793,341,1484.24,286.96,40.17,94.89,0.9692,-1,-1,-1
793,147,196.86,222.84,41.24,85.57,0.9683,-1,-1,-1
793,362,1601.07,242.67,39.15,92.07,0.9681,-1,-1,-1
793,317,390.99,372.53,83.27,107.11,0.962,-1,-1,-1
793,191,53.84,208.44,36.87,92.89,0.9605,-1,-1,-1
793,314,840.01,118.82,48.51,69.4,0.9605,-1,-1,-1
793,144,554.95,391.5,33.38,112.83,0.9603,-1,-1,-1
793,338,1466.34,252.95,35.88,67.76,0.9589,-1,-1,-1
793,346,1061.74,414.52,62.58,88.45,0.9416,-1,-1,-1
793,378,1076.01,252.08,29.52,77.99,0.938,-1,-1,-1
793,354,1038.86,225.01,39.15,86.3,0.8991,-1,-1,-1
793,146,1054.56,161.39,52.69,83.3,0.8701,-1,-1,-1
793,368,1025.8,255.79,34.83,88.81,0.8258,-1,-1,-1
794,330,853.66,753.97,70.18,156.24,0.9784,-1,-1,-1
794,197,1649.26,413.0,67.08,112.01,0.9773,-1,-1,-1
794,192,129.11,576.95,49.64,141.77,0.9758,-1,-1,-1
794,366,1747.29,440.37,65.56,100.0,0.9749,-1,-1,-1
794,340,951.07,414.24,57.06,92.03,0.9731,-1,-1,-1
794,249,346.59,514.43,65.22,132.55,0.9728,-1,-1,-1
794,348,1456.74,644.48,52.08,135.27,0.9724,-1,-1,-1
794,341,1484.22,286.96,40.23,94.94,0.9692,-1,-1,-1
794,147,196.86,222.85,41.23,85.55,0.9683,-1,-1,-1
794,362,1601.11,242.68,39.11,92.06,0.9681,-1,-1,-1
794,317,391.0,372.36,83.21,107.27,0.9617,-1,-1,-1
794,191,53.84,208.44,36.86,92.89,0.9606,-1,-1,-1
794,314,840.01,118.82,48.51,69.4,0.9605,-1,-1,-1
794,144,554.97,391.51,33.33,112.87,0.9602,-1,-1,-1
794,338,1466.41,252.95,35.82,67.77,0.9583,-1,-1,-1
794,346,1061.73,414.48,62.57,88.47,0.9417,-1,-1,-1
794,378,1076.07,252.1,29.47,77.99,0.9384,-1,-1,-1
794,354,1038.87,224.94,39.55,86.43,0.9027,-1,-1,-1
794,146,1054.51,161.37,52.78,83.38,0.8657,-1,-1,-1
794,368,1025.77,255.79,34.8,88.79,0.8241,-1,-1,-1
795,330,851.02,753.91,72.64,157.79,0.9783,-1,-1,-1
795,192,127.8,581.94,46.38,141.85,0.9769,-1,-1,-1
795,366,1748.5,439.4,63.15,100.62,0.9759,-1,-1,-1
795,197,1649.78,415.04,73.33,110.06,0.9755,-1,-1,-1
795,249,346.06,515.67,68.53,133.17,0.9752,-1,-1,-1
795,340,947.34,419.0,51.88,91.23,0.9717,-1,-1,-1
795,362,1605.15,242.82,39.19,92.28,0.9716,-1,-1,-1
795,341,1484.59,287.97,42.0,94.4,0.9702,-1,-1,-1
795,348,1442.64,646.59,64.25,137.33,0.9688,-1,-1,-1
795,191,49.85,209.28,36.29,94.58,0.9665,-1,-1,-1
795,147,196.34,224.14,35.35,85.09,0.9633,-1,-1,-1
795,314,842.01,117.32,45.72,71.26,0.9614,-1,-1,-1
795,144,557.74,395.0,35.94,112.43,0.9611,-1,-1,-1
795,346,1055.99,416.86,62.68,86.39,0.9526,-1,-1,-1
795,338,1468.93,257.05,34.52,64.53,0.9503,-1,-1,-1
795,146,1065.16,165.6,41.22,78.31,0.9493,-1,-1,-1
795,317,427.78,375.06,54.0,106.99,0.9492,-1,-1,-1
795,354,1045.51,226.05,39.19,85.83,0.941,-1,-1,-1
795,378,1081.99,253.18,28.12,77.72,0.9345,-1,-1,-1
795,368,1026.14,254.24,30.82,91.74,0.6823,-1,-1,-1
796,330,847.86,753.69,76.23,158.39,0.9767,-1,-1,-1
796,197,1650.52,418.11,79.51,108.65,0.9757,-1,-1,-1
796,192,125.87,583.91,45.04,144.84,0.9749,-1,-1,-1
796,249,346.91,518.52,71.27,131.61,0.974,-1,-1,-1
796,348,1428.48,652.49,75.76,136.08,0.9731,-1,-1,-1
796,341,1483.39,286.67,43.29,96.74,0.973,-1,-1,-1
796,340,943.29,420.54,51.3,89.73,0.9722,-1,-1,-1
796,366,1750.36,438.24,59.57,100.5,0.9714,-1,-1,-1
796,144,561.56,396.17,37.8,110.93,0.969,-1,-1,-1
796,362,1611.75,242.13,41.4,93.93,0.968,-1,-1,-1
796,147,197.06,224.19,30.58,84.08,0.9609,-1,-1,-1
796,317,443.85,385.01,39.0,98.61,0.9588,-1,-1,-1
796,346,1059.05,421.34,57.71,82.72,0.9569,-1,-1,-1
796,314,846.6,119.84,38.76,67.72,0.9527,-1,-1,-1
796,191,47.68,211.6,34.33,91.89,0.9492,-1,-1,-1
796,146,1078.88,163.34,33.73,78.88,0.9485,-1,-1,-1
796,378,1084.85,250.02,30.39,80.38,0.9334,-1,-1,-1
796,354,1054.88,224.45,38.57,99.0,0.9308,-1,-1,-1
796,368,1027.99,252.59,32.39,96.53,0.884,-1,-1,-1
796,338,1473.04,257.2,30.79,62.43,0.8529,-1,-1,-1
796,372,1609.1,800.99,78.42,176.44,0.2762,-1,-1,-1
797,362,1616.32,240.33,46.11,95.03,0.978,-1,-1,-1
797,197,1656.56,420.33,74.83,108.05,0.9754,-1,-1,-1
797,348,1427.83,650.99,75.29,139.68,0.9752,-1,-1,-1
797,330,844.37,754.72,82.57,157.25,0.9744,-1,-1,-1
797,341,1485.04,287.0,41.85,97.32,0.9706,-1,-1,-1
797,366,1751.61,437.13,58.78,99.52,0.97,-1,-1,-1
797,340,936.98,420.74,54.77,93.45,0.97,-1,-1,-1
797,346,1061.53,416.96,52.18,89.08,0.9699,-1,-1,-1
797,144,568.28,395.89,36.83,111.39,0.9687,-1,-1,-1
797,249,352.61,527.87,67.29,123.19,0.9602,-1,-1,-1
797,368,1028.07,251.16,39.31,96.74,0.9554,-1,-1,-1
797,147,196.21,223.08,28.52,83.67,0.9553,-1,-1,-1
797,338,1477.47,255.68,30.82,60.4,0.9501,-1,-1,-1
797,146,1082.59,161.44,32.17,78.27,0.9403,-1,-1,-1
797,314,852.36,119.38,34.12,68.49,0.9334,-1,-1,-1
797,191,45.73,213.45,30.57,89.2,0.9268,-1,-1,-1
797,192,122.39,584.58,44.18,148.75,0.9212,-1,-1,-1
797,317,454.4,388.81,28.05,93.89,0.8793,-1,-1,-1
797,354,1062.44,224.98,34.35,101.51,0.8427,-1,-1,-1
797,385,459.15,369.62,26.63,62.84,0.7907,-1,-1,-1
797,378,1092.93,246.84,31.84,76.22,0.6029,-1,-1,-1
797,372,1608.41,801.24,77.56,176.78,0.2654,-1,-1,-1
798,197,1662.49,423.62,74.81,106.66,0.9803,-1,-1,-1
798,330,841.75,754.34,90.84,156.92,0.9802,-1,-1,-1
798,144,570.71,394.27,41.39,112.89,0.9745,-1,-1,-1
798,362,1619.86,239.83,49.97,96.1,0.9735,-1,-1,-1
798,346,1055.98,417.29,56.19,88.18,0.9724,-1,-1,-1
798,348,1428.49,652.17,71.92,138.48,0.9724,-1,-1,-1
798,341,1488.93,287.7,38.46,96.1,0.9704,-1,-1,-1
798,366,1753.73,435.42,62.88,98.49,0.9698,-1,-1,-1
798,192,118.61,587.0,44.99,147.13,0.9685,-1,-1,-1
798,340,930.05,422.51,59.43,95.83,0.9678,-1,-1,-1
798,249,358.92,532.22,61.71,121.08,0.9678,-1,-1,-1
798,147,194.32,222.01,29.12,83.13,0.9554,-1,-1,-1
798,317,455.77,384.61,41.21,98.47,0.9501,-1,-1,-1
798,191,43.21,213.08,30.4,88.59,0.9468,-1,-1,-1
798,368,1029.88,251.33,43.3,96.09,0.9443,-1,-1,-1
798,338,1483.42,253.89,30.4,57.58,0.9426,-1,-1,-1
798,314,862.59,116.75,26.34,69.72,0.9186,-1,-1,-1
798,354,1072.68,225.54,26.19,97.64,0.904,-1,-1,-1
798,378,1093.8,243.94,39.3,84.82,0.8848,-1,-1,-1
798,146,1089.5,159.73,29.3,67.53,0.8619,-1,-1,-1
798,372,1605.03,802.5,83.57,181.82,0.5818,-1,-1,-1
799,330,841.02,754.57,91.09,157.06,0.9806,-1,-1,-1
799,197,1667.6,427.54,72.24,102.94,0.9764,-1,-1,-1
799,144,576.51,392.77,45.95,112.36,0.9745,-1,-1,-1
799,362,1622.62,240.47,54.28,96.27,0.9739,-1,-1,-1
799,340,925.84,425.66,59.24,94.38,0.9738,-1,-1,-1
799,192,114.6,588.62,48.39,149.84,0.9738,-1,-1,-1
799,348,1427.64,650.79,66.38,140.48,0.9732,-1,-1,-1
799,249,369.86,523.83,54.3,129.61,0.9702,-1,-1,-1
799,346,1050.14,418.25,58.83,87.34,0.9701,-1,-1,-1
799,317,453.91,375.73,60.07,108.9,0.9663,-1,-1,-1
799,341,1490.51,288.35,37.36,95.71,0.9657,-1,-1,-1
799,378,1092.02,240.85,54.3,87.07,0.9641,-1,-1,-1
799,366,1756.79,434.74,64.98,97.92,0.9627,-1,-1,-1
799,191,42.15,211.33,30.79,88.97,0.9527,-1,-1,-1
799,147,192.39,220.22,30.6,86.61,0.9507,-1,-1,-1
799,338,1489.11,251.86,35.2,56.69,0.9398,-1,-1,-1
799,368,1033.55,252.94,43.26,96.0,0.9304,-1,-1,-1
799,314,867.16,114.98,26.35,71.4,0.9253,-1,-1,-1
799,146,1093.36,158.06,32.24,73.08,0.9009,-1,-1,-1
799,354,1079.62,221.29,26.15,99.39,0.7836,-1,-1,-1
799,372,1604.33,804.41,86.11,179.88,0.4568,-1,-1,-1
800,330,841.01,754.54,91.07,157.05,0.9806,-1,-1,-1
800,197,1667.51,427.53,72.36,102.95,0.9766,-1,-1,-1
800,144,576.48,392.74,45.99,112.39,0.9745,-1,-1,-1
800,340,925.82,425.69,59.27,94.41,0.9739,-1,-1,-1
800,192,114.58,588.64,48.45,149.91,0.9739,-1,-1,-1
800,362,1622.61,240.45,54.32,96.26,0.9739,-1,-1,-1
800,348,1427.59,650.86,66.38,140.47,0.9731,-1,-1,-1
800,249,369.93,524.04,54.22,129.4,0.9702,-1,-1,-1
800,346,1050.1,418.22,58.87,87.41,0.9701,-1,-1,-1
800,341,1490.52,288.19,37.44,95.74,0.9661,-1,-1,-1
800,317,453.91,374.88,59.87,109.71,0.9657,-1,-1,-1
800,378,1092.03,240.84,54.28,87.13,0.964,-1,-1,-1
800,366,1756.81,434.74,64.98,97.95,0.9626,-1,-1,-1
800,191,42.15,211.36,30.83,88.99,0.9526,-1,-1,-1
800,147,192.36,220.18,30.63,86.66,0.9504,-1,-1,-1
800,338,1489.11,251.85,35.25,56.64,0.9402,-1,-1,-1
800,368,1033.55,252.93,43.2,96.04,0.9271,-1,-1,-1
800,314,867.16,114.72,26.32,71.58,0.9259,-1,-1,-1
800,146,1093.5,158.1,32.04,72.12,0.9049,-1,-1,-1
800,354,1079.41,221.23,26.55,99.79,0.7745,-1,-1,-1
800,372,1604.4,804.4,85.94,179.89,0.4664,-1,-1,-1
801,330,842.24,754.35,93.82,156.25,0.9782,-1,-1,-1
801,348,1426.38,648.93,60.88,141.24,0.9753,-1,-1,-1
801,340,924.68,427.16,55.66,93.91,0.9753,-1,-1,-1
801,346,1042.54,418.82,64.82,87.73,0.9746,-1,-1,-1
801,192,112.96,592.78,50.4,152.57,0.9746,-1,-1,-1
801,197,1675.52,431.55,65.69,98.67,0.9738,-1,-1,-1
801,362,1629.89,241.29,50.65,96.08,0.9721,-1,-1,-1
801,366,1759.47,431.97,63.73,99.93,0.97,-1,-1,-1
801,317,456.83,370.88,69.74,114.2,0.9679,-1,-1,-1
801,144,588.67,393.8,36.71,111.21,0.9677,-1,-1,-1
801,249,383.66,522.22,45.39,130.75,0.9663,-1,-1,-1
801,341,1492.8,290.38,39.01,97.61,0.9637,-1,-1,-1
801,191,42.38,208.93,30.55,91.38,0.9591,-1,-1,-1
801,338,1495.87,250.32,36.49,61.86,0.9518,-1,-1,-1
801,147,193.03,218.8,31.7,88.31,0.9516,-1,-1,-1
801,378,1104.76,243.78,56.52,82.92,0.9488,-1,-1,-1
801,314,867.91,119.5,30.43,66.37,0.9394,-1,-1,-1
801,354,1084.37,225.86,33.77,89.8,0.9338,-1,-1,-1
801,146,1097.33,156.96,35.87,75.51,0.8799,-1,-1,-1
801,368,1038.27,254.01,40.85,95.42,0.806,-1,-1,-1
801,372,1605.04,804.71,86.48,181.57,0.4166,-1,-1,-1
802,340,924.51,428.13,54.84,93.18,0.9762,-1,-1,-1
802,348,1427.72,646.77,52.8,143.16,0.9757,-1,-1,-1
802,330,848.97,751.13,88.46,163.61,0.9752,-1,-1,-1
802,362,1639.32,241.34,44.06,95.02,0.9736,-1,-1,-1
802,192,113.87,595.58,51.51,153.28,0.9734,-1,-1,-1
802,197,1679.97,432.08,65.45,97.54,0.9726,-1,-1,-1
802,249,384.2,518.93,51.48,134.39,0.9725,-1,-1,-1
802,366,1764.31,431.35,56.88,100.64,0.9687,-1,-1,-1
802,144,597.76,394.17,35.97,111.3,0.9686,-1,-1,-1
802,317,462.24,370.23,83.14,114.86,0.9683,-1,-1,-1
802,341,1494.84,288.4,40.2,99.42,0.9678,-1,-1,-1
802,346,1031.71,420.79,71.93,84.75,0.9596,-1,-1,-1
802,338,1503.1,249.21,39.47,94.44,0.9595,-1,-1,-1
802,191,42.29,206.76,31.47,94.78,0.958,-1,-1,-1
802,147,192.9,218.64,33.82,87.73,0.9574,-1,-1,-1
802,314,871.34,118.51,37.84,65.32,0.9541,-1,-1,-1
802,354,1087.97,222.58,44.48,93.5,0.9396,-1,-1,-1
802,146,1101.37,157.03,42.9,79.77,0.9174,-1,-1,-1
802,378,1122.91,247.91,46.31,78.53,0.9153,-1,-1,-1
802,372,1610.53,803.92,78.45,177.98,0.287,-1,-1,-1
803,330,862.82,750.12,78.07,164.98,0.9784,-1,-1,-1
803,348,1428.1,643.91,44.91,146.41,0.9765,-1,-1,-1
803,340,926.04,428.41,53.8,91.52,0.976,-1,-1,-1
803,249,385.2,519.72,59.93,135.15,0.9733,-1,-1,-1
803,192,117.15,596.46,48.97,154.55,0.9718,-1,-1,-1
803,341,1496.67,289.06,42.15,99.31,0.9709,-1,-1,-1
803,366,1768.58,433.65,53.57,98.96,0.9703,-1,-1,-1
803,317,472.5,370.45,86.68,118.57,0.97,-1,-1,-1
803,144,605.97,394.37,38.55,114.36,0.9694,-1,-1,-1
803,338,1509.47,250.06,41.04,93.61,0.969,-1,-1,-1
803,362,1647.76,242.23,41.3,94.12,0.9684,-1,-1,-1
803,346,1021.69,424.08,74.42,81.7,0.9672,-1,-1,-1
803,314,874.21,120.76,45.5,59.56,0.9658,-1,-1,-1
803,354,1091.38,218.91,52.73,92.43,0.9605,-1,-1,-1
803,147,193.83,218.16,32.64,88.55,0.9562,-1,-1,-1
803,197,1682.22,432.6,68.15,96.86,0.9521,-1,-1,-1
803,191,43.24,205.99,32.93,94.74,0.9433,-1,-1,-1
803,372,1608.73,807.73,86.85,179.71,0.903,-1,-1,-1
803,146,1117.74,158.93,37.83,81.09,0.8809,-1,-1,-1
803,378,1125.41,250.37,45.75,75.58,0.6892,-1,-1,-1
803,368,1049.12,255.14,33.26,93.58,0.5093,-1,-1,-1
804,249,386.06,518.32,66.9,137.61,0.9765,-1,-1,-1
804,144,609.13,397.62,48.55,111.99,0.9763,-1,-1,-1
804,348,1427.79,642.28,42.66,150.79,0.9746,-1,-1,-1
804,340,926.83,430.15,53.05,94.65,0.974,-1,-1,-1
804,330,871.48,746.66,73.98,168.17,0.9736,-1,-1,-1
804,366,1770.3,432.39,54.28,99.8,0.9705,-1,-1,-1
804,341,1502.86,287.12,38.64,100.2,0.9689,-1,-1,-1
804,192,119.87,597.07,44.36,153.99,0.9665,-1,-1,-1
804,362,1656.1,242.01,38.36,94.4,0.9665,-1,-1,-1
804,346,1019.42,427.46,67.75,79.06,0.9627,-1,-1,-1
804,314,879.97,116.96,46.01,64.01,0.9618,-1,-1,-1
804,197,1685.07,434.16,63.64,95.8,0.9612,-1,-1,-1
804,191,42.99,205.82,35.48,95.12,0.9534,-1,-1,-1
804,147,195.11,219.81,30.45,88.12,0.9502,-1,-1,-1
804,354,1098.52,219.89,58.34,85.58,0.9342,-1,-1,-1
804,338,1515.31,251.7,41.41,95.3,0.9278,-1,-1,-1
804,378,1153.93,252.64,25.06,74.99,0.8784,-1,-1,-1
804,146,1128.87,163.44,24.97,52.95,0.8781,-1,-1,-1
804,317,515.29,377.26,47.19,110.45,0.8712,-1,-1,-1
804,368,1055.08,255.34,33.16,92.18,0.7353,-1,-1,-1
804,372,1607.8,813.8,90.95,170.64,0.4414,-1,-1,-1
805,144,607.07,398.24,76.61,110.79,0.9777,-1,-1,-1
805,249,388.93,521.77,76.85,133.57,0.9755,-1,-1,-1
805,348,1427.39,641.89,41.81,151.77,0.9736,-1,-1,-1
805,340,927.0,430.46,54.08,99.53,0.9728,-1,-1,-1
805,330,885.06,747.41,65.06,168.62,0.9726,-1,-1,-1
805,346,1018.4,427.92,60.38,79.72,0.9702,-1,-1,-1
805,197,1685.44,431.96,64.74,98.57,0.9697,-1,-1,-1
805,338,1521.17,254.51,40.63,96.38,0.9675,-1,-1,-1
805,362,1662.34,240.62,39.16,95.04,0.965,-1,-1,-1
805,192,120.86,595.8,43.05,155.7,0.9635,-1,-1,-1
805,366,1772.36,431.71,53.77,99.08,0.9575,-1,-1,-1
805,341,1508.19,289.25,36.49,100.29,0.9571,-1,-1,-1
805,191,43.19,206.27,35.76,95.54,0.9544,-1,-1,-1
805,146,1136.89,160.54,23.93,58.01,0.9356,-1,-1,-1
805,317,533.03,376.15,37.2,112.51,0.9307,-1,-1,-1
805,314,894.41,118.4,33.18,63.33,0.9199,-1,-1,-1
805,378,1156.45,243.45,29.16,83.03,0.9191,-1,-1,-1
805,147,196.83,220.25,28.69,86.22,0.9101,-1,-1,-1
805,354,1111.08,223.82,59.7,90.99,0.8872,-1,-1,-1
805,368,1058.65,253.97,34.25,93.84,0.8622,-1,-1,-1
805,372,1609.27,815.15,92.09,169.6,0.435,-1,-1,-1
806,144,607.06,398.25,76.6,110.83,0.9777,-1,-1,-1
806,249,388.86,521.54,76.85,133.88,0.9758,-1,-1,-1
806,348,1427.4,641.95,41.81,151.81,0.9737,-1,-1,-1
806,340,927.04,430.54,54.03,99.46,0.9728,-1,-1,-1
806,330,884.98,747.27,65.17,168.78,0.9725,-1,-1,-1
806,346,1018.42,427.89,60.29,79.74,0.9702,-1,-1,-1
806,197,1685.43,431.98,64.74,98.56,0.9697,-1,-1,-1
806,338,1520.76,253.73,40.82,96.74,0.9677,-1,-1,-1
806,362,1662.44,240.56,39.04,95.11,0.9647,-1,-1,-1
806,192,120.87,595.8,43.07,155.65,0.9636,-1,-1,-1
806,366,1771.93,431.52,54.2,99.4,0.9596,-1,-1,-1
806,341,1508.22,289.25,36.46,100.28,0.9569,-1,-1,-1
806,191,43.03,206.2,35.84,95.87,0.9537,-1,-1,-1
806,146,1136.89,160.62,24.2,57.97,0.9369,-1,-1,-1
806,317,532.87,376.16,37.38,112.65,0.9345,-1,-1,-1
806,314,893.61,118.29,34.02,63.48,0.9222,-1,-1,-1
806,378,1156.65,243.44,28.93,82.97,0.9144,-1,-1,-1
806,147,196.83,220.14,28.72,86.33,0.9115,-1,-1,-1
806,354,1111.23,223.88,59.52,91.0,0.8887,-1,-1,-1
806,368,1058.67,253.92,34.13,93.85,0.8484,-1,-1,-1
806,372,1609.66,810.81,93.91,180.85,0.46,-1,-1,-1
807,144,606.77,401.78,93.27,106.62,0.9845,-1,-1,-1
807,340,932.78,431.03,49.33,104.56,0.9761,-1,-1,-1
807,197,1686.5,430.61,64.04,99.7,0.9737,-1,-1,-1
807,348,1426.16,641.2,41.19,152.34,0.9736,-1,-1,-1
807,330,891.05,745.52,61.6,170.67,0.9716,-1,-1,-1
807,346,1017.94,428.19,55.55,81.55,0.968,-1,-1,-1
807,249,394.75,528.74,77.31,125.27,0.9665,-1,-1,-1
807,317,543.47,374.69,43.99,114.08,0.9652,-1,-1,-1
807,338,1526.0,255.45,41.5,95.76,0.9641,-1,-1,-1
807,192,120.68,593.97,42.63,158.48,0.9624,-1,-1,-1
807,362,1669.06,238.53,37.93,97.7,0.9605,-1,-1,-1
807,341,1513.99,286.08,35.3,102.34,0.9536,-1,-1,-1
807,191,42.54,207.04,34.12,95.38,0.9471,-1,-1,-1
807,146,1144.88,160.47,23.97,55.68,0.9101,-1,-1,-1
807,314,902.04,117.69,26.98,61.97,0.8929,-1,-1,-1
807,372,1611.91,809.57,89.04,183.53,0.8887,-1,-1,-1
807,366,1774.99,435.9,51.16,94.75,0.866,-1,-1,-1
807,147,198.9,221.1,27.76,84.3,0.8577,-1,-1,-1
807,378,1165.71,241.34,32.35,73.53,0.8557,-1,-1,-1
807,354,1150.85,242.3,28.77,81.24,0.7052,-1,-1,-1
807,368,1063.75,249.82,35.21,97.38,0.6062,-1,-1,-1
808,144,608.89,408.29,100.09,100.92,0.9836,-1,-1,-1
808,340,938.88,433.62,43.64,105.62,0.9729,-1,-1,-1
808,348,1424.22,641.72,42.04,152.96,0.9725,-1,-1,-1
808,197,1685.62,428.03,66.24,102.06,0.9711,-1,-1,-1
808,330,893.15,744.32,62.11,171.71,0.97,-1,-1,-1
808,338,1535.17,257.01,39.76,93.43,0.9695,-1,-1,-1
808,249,403.33,530.75,67.94,127.1,0.9673,-1,-1,-1
808,346,1016.66,429.0,56.86,81.9,0.9638,-1,-1,-1
808,192,120.44,592.69,42.02,159.88,0.9625,-1,-1,-1
808,362,1673.41,239.32,40.22,96.57,0.952,-1,-1,-1
808,341,1518.18,286.63,33.74,102.25,0.9439,-1,-1,-1
808,191,42.64,209.1,33.66,92.63,0.943,-1,-1,-1
808,317,544.97,375.54,60.59,113.33,0.9416,-1,-1,-1
808,314,906.43,112.12,25.38,66.72,0.9248,-1,-1,-1
808,372,1613.43,808.48,89.57,185.86,0.9175,-1,-1,-1
808,378,1174.09,240.97,35.35,67.5,0.9013,-1,-1,-1
808,147,200.28,223.04,28.41,75.15,0.8802,-1,-1,-1
808,366,1774.19,433.18,53.71,98.48,0.8785,-1,-1,-1
808,146,1153.34,158.74,24.92,57.99,0.766,-1,-1,-1
808,368,1067.19,251.06,42.63,95.9,0.7217,-1,-1,-1
808,354,1162.95,254.7,27.31,70.3,0.6342,-1,-1,-1
809,144,614.76,410.49,101.69,98.49,0.9779,-1,-1,-1
809,340,939.97,436.23,44.4,101.56,0.9766,-1,-1,-1
809,197,1682.35,424.1,71.59,106.26,0.9747,-1,-1,-1
809,330,895.52,744.77,63.07,173.2,0.9737,-1,-1,-1
809,348,1418.71,644.47,45.49,150.66,0.9737,-1,-1,-1
809,249,413.92,526.4,61.92,131.3,0.9709,-1,-1,-1
809,317,547.59,373.55,74.23,116.01,0.9668,-1,-1,-1
809,192,119.33,593.15,43.06,160.16,0.9666,-1,-1,-1
809,338,1540.56,255.25,39.97,93.92,0.9614,-1,-1,-1
809,346,1017.38,426.95,58.92,82.25,0.9606,-1,-1,-1
809,341,1520.31,287.65,35.92,101.48,0.9558,-1,-1,-1
809,362,1679.24,238.88,38.87,97.67,0.9545,-1,-1,-1
809,191,42.55,209.08,34.18,92.24,0.9493,-1,-1,-1
809,378,1172.75,237.34,42.06,88.34,0.9453,-1,-1,-1
809,372,1614.8,808.13,90.15,187.44,0.9247,-1,-1,-1
809,368,1069.25,248.4,45.79,98.64,0.9077,-1,-1,-1
809,314,913.03,108.95,26.04,69.12,0.8899,-1,-1,-1
809,147,201.11,219.1,27.83,80.79,0.8818,-1,-1,-1
809,366,1776.19,429.49,53.92,101.82,0.8778,-1,-1,-1
809,146,1157.96,153.88,29.7,71.25,0.8498,-1,-1,-1
809,354,1163.54,225.2,30.69,88.8,0.7717,-1,-1,-1
810,144,625.05,412.02,93.0,97.74,0.9851,-1,-1,-1
810,340,937.73,436.95,49.74,102.16,0.9774,-1,-1,-1
810,341,1521.17,287.32,40.1,103.03,0.9748,-1,-1,-1
810,330,896.88,745.61,63.81,173.0,0.9727,-1,-1,-1
810,197,1679.52,421.47,74.67,107.12,0.9714,-1,-1,-1
810,338,1547.12,253.79,40.98,96.06,0.9707,-1,-1,-1
810,192,117.75,593.68,44.32,160.93,0.9687,-1,-1,-1
810,348,1407.99,646.69,55.5,150.43,0.9683,-1,-1,-1
810,249,429.12,525.66,54.17,131.62,0.961,-1,-1,-1
810,354,1165.8,212.08,37.66,98.63,0.9601,-1,-1,-1
810,191,41.3,207.54,34.52,93.67,0.9586,-1,-1,-1
810,346,1017.25,425.26,57.7,87.53,0.9582,-1,-1,-1
810,317,554.63,370.08,77.0,114.07,0.9581,-1,-1,-1
810,378,1178.36,235.68,51.15,88.56,0.9536,-1,-1,-1
810,362,1683.88,240.11,41.41,96.9,0.9522,-1,-1,-1
810,368,1072.2,248.37,44.78,98.84,0.946,-1,-1,-1
810,146,1156.31,150.79,40.26,84.17,0.9442,-1,-1,-1
810,314,914.61,104.65,30.49,71.75,0.9412,-1,-1,-1
810,147,201.88,218.11,27.6,87.05,0.9103,-1,-1,-1
810,372,1613.73,807.0,95.54,189.9,0.8533,-1,-1,-1
810,366,1791.0,433.99,41.62,95.59,0.8496,-1,-1,-1
810,389,1793.59,476.78,28.24,56.39,0.695,-1,-1,-1
811,340,937.03,435.88,52.99,102.94,0.9768,-1,-1,-1
811,330,897.29,746.9,65.77,171.59,0.976,-1,-1,-1
811,197,1674.13,415.37,83.09,112.3,0.9738,-1,-1,-1
811,341,1522.73,289.77,48.07,101.11,0.9738,-1,-1,-1
811,348,1410.26,649.72,50.64,149.29,0.973,-1,-1,-1
811,144,636.27,412.81,78.85,96.22,0.9729,-1,-1,-1
811,346,1015.31,424.77,60.52,95.83,0.9724,-1,-1,-1
811,249,440.47,523.93,51.02,132.43,0.9705,-1,-1,-1
811,192,116.14,595.32,45.46,161.37,0.9694,-1,-1,-1
811,338,1554.11,252.35,38.59,99.92,0.9693,-1,-1,-1
811,146,1159.71,148.56,43.75,85.01,0.9668,-1,-1,-1
811,362,1685.94,238.28,44.05,100.7,0.9667,-1,-1,-1
811,191,39.89,205.46,34.48,94.2,0.9644,-1,-1,-1
811,314,915.45,100.62,34.69,75.79,0.9598,-1,-1,-1
811,354,1168.32,218.29,51.23,90.19,0.9578,-1,-1,-1
811,368,1075.68,248.4,39.95,98.56,0.9567,-1,-1,-1
811,317,565.27,370.66,85.61,115.73,0.9409,-1,-1,-1
811,378,1181.43,232.74,58.89,90.97,0.9341,-1,-1,-1
811,147,201.66,217.29,29.49,87.19,0.9119,-1,-1,-1
811,389,1796.89,481.2,25.8,52.65,0.908,-1,-1,-1
811,372,1613.87,808.48,97.9,188.93,0.7149,-1,-1,-1
811,366,1798.82,442.01,33.65,83.8,0.4996,-1,-1,-1
812,340,937.01,435.86,53.02,102.91,0.9768,-1,-1,-1
812,330,897.29,746.97,65.73,171.51,0.9761,-1,-1,-1
812,341,1522.71,289.78,48.12,101.11,0.9738,-1,-1,-1
812,197,1674.2,415.38,83.01,112.3,0.9737,-1,-1,-1
812,144,636.17,412.85,78.89,96.19,0.9732,-1,-1,-1
812,348,1410.22,649.69,50.67,149.39,0.9731,-1,-1,-1
812,346,1015.29,424.65,60.13,95.86,0.9711,-1,-1,-1
812,249,440.48,523.98,50.99,132.38,0.9705,-1,-1,-1
812,192,116.12,595.34,45.54,161.47,0.9695,-1,-1,-1
812,338,1554.1,252.33,38.61,99.95,0.9695,-1,-1,-1
812,146,1159.72,148.51,43.72,85.16,0.9673,-1,-1,-1
812,362,1686.3,238.09,44.32,101.44,0.9671,-1,-1,-1
812,191,39.85,205.47,34.47,94.21,0.9643,-1,-1,-1
812,314,915.44,100.61,34.68,75.8,0.9602,-1,-1,-1
812,354,1168.14,218.14,51.58,89.84,0.9575,-1,-1,-1
812,368,1075.69,248.37,39.9,98.57,0.9567,-1,-1,-1
812,317,565.07,370.57,85.44,115.54,0.9438,-1,-1,-1
812,378,1181.17,233.12,59.13,90.69,0.9374,-1,-1,-1
812,147,201.66,217.19,29.58,87.28,0.909,-1,-1,-1
812,389,1796.9,481.15,25.79,52.69,0.9077,-1,-1,-1
812,372,1614.0,808.42,97.6,188.99,0.7289,-1,-1,-1
812,366,1798.88,441.93,33.71,84.01,0.5301,-1,-1,-1
812,392,1787.36,434.5,39.37,62.97,0.4092,-1,-1,-1
813,341,1522.71,291.98,57.83,100.14,0.9792,-1,-1,-1
813,330,897.68,747.83,68.33,171.66,0.9765,-1,-1,-1
813,144,640.48,414.25,73.38,93.36,0.975,-1,-1,-1
813,340,936.93,433.93,55.79,112.36,0.975,-1,-1,-1
813,197,1684.79,413.38,69.35,116.94,0.9741,-1,-1,-1
813,348,1410.93,653.44,47.88,146.48,0.9733,-1,-1,-1
813,249,439.3,523.04,59.29,134.03,0.9726,-1,-1,-1
813,346,1012.72,426.94,62.27,93.16,0.9703,-1,-1,-1
813,192,113.79,598.33,43.11,160.69,0.9687,-1,-1,-1
813,338,1560.13,252.18,40.19,98.33,0.9681,-1,-1,-1
813,362,1691.71,241.0,45.32,99.33,0.9677,-1,-1,-1
813,314,917.04,98.81,43.5,75.45,0.9671,-1,-1,-1
813,191,37.39,203.61,35.92,96.17,0.9657,-1,-1,-1
813,146,1167.77,148.07,41.46,85.39,0.9656,-1,-1,-1
813,354,1173.27,214.83,63.38,98.27,0.9456,-1,-1,-1
813,368,1078.36,248.98,35.6,97.43,0.9217,-1,-1,-1
813,147,199.57,217.21,33.26,88.07,0.9129,-1,-1,-1
813,317,616.65,373.93,34.9,86.05,0.8894,-1,-1,-1
813,389,1797.23,479.5,26.27,54.63,0.8731,-1,-1,-1
813,392,1779.34,426.74,51.72,85.39,0.79,-1,-1,-1
813,378,1197.07,235.25,47.58,87.53,0.7406,-1,-1,-1
813,372,1618.01,813.4,88.66,182.97,0.6753,-1,-1,-1
814,249,437.72,521.72,64.52,136.43,0.9772,-1,-1,-1
814,341,1520.85,293.07,63.32,98.36,0.9768,-1,-1,-1
814,330,897.31,748.7,69.09,171.42,0.9763,-1,-1,-1
814,340,942.39,434.6,53.82,115.11,0.9747,-1,-1,-1
814,348,1408.86,655.15,48.67,145.87,0.9732,-1,-1,-1
814,197,1677.19,407.77,69.74,119.63,0.9725,-1,-1,-1
814,362,1697.25,242.79,44.42,97.0,0.9709,-1,-1,-1
814,314,919.35,97.49,46.89,75.05,0.9706,-1,-1,-1
814,144,644.98,416.02,64.74,89.42,0.9705,-1,-1,-1
814,346,1010.78,427.76,64.2,93.72,0.9696,-1,-1,-1
814,192,112.66,600.34,40.63,160.86,0.9678,-1,-1,-1
814,338,1563.49,252.98,41.19,101.33,0.966,-1,-1,-1
814,146,1177.98,147.36,38.14,86.05,0.9629,-1,-1,-1
814,191,34.37,202.56,36.49,98.58,0.962,-1,-1,-1
814,147,195.68,220.7,34.56,84.86,0.9531,-1,-1,-1
814,392,1783.96,426.23,49.72,108.18,0.9264,-1,-1,-1
814,317,624.03,373.76,35.7,93.88,0.885,-1,-1,-1
814,354,1193.71,213.59,50.08,88.21,0.8847,-1,-1,-1
814,368,1080.53,248.58,32.25,96.31,0.8714,-1,-1,-1
814,378,1214.29,244.03,33.19,77.54,0.8188,-1,-1,-1
814,372,1617.03,814.45,90.21,182.82,0.5518,-1,-1,-1
815,341,1519.05,293.05,69.19,98.34,0.9782,-1,-1,-1
815,249,436.92,519.89,73.93,138.69,0.9768,-1,-1,-1
815,330,896.8,749.42,68.43,171.54,0.9764,-1,-1,-1
815,348,1406.47,655.03,50.51,147.29,0.9748,-1,-1,-1
815,340,950.82,435.22,48.84,119.14,0.9743,-1,-1,-1
815,362,1703.0,244.68,45.06,94.35,0.9738,-1,-1,-1
815,197,1676.73,405.79,62.46,118.98,0.9733,-1,-1,-1
815,338,1567.19,253.84,40.8,103.02,0.9716,-1,-1,-1
815,144,644.9,411.97,64.85,93.07,0.9698,-1,-1,-1
815,192,111.13,602.46,38.38,160.95,0.9694,-1,-1,-1
815,314,920.41,96.79,46.44,76.09,0.9678,-1,-1,-1
815,346,1008.72,429.16,65.78,91.81,0.9582,-1,-1,-1
815,368,1080.66,247.14,32.7,97.58,0.9519,-1,-1,-1
815,146,1185.74,148.41,37.05,83.59,0.9407,-1,-1,-1
815,392,1783.45,424.51,48.47,108.3,0.9364,-1,-1,-1
815,191,29.76,201.77,37.39,99.01,0.9273,-1,-1,-1
815,147,191.33,219.29,34.54,88.17,0.9161,-1,-1,-1
815,354,1215.37,212.71,33.54,61.29,0.8716,-1,-1,-1
815,378,1218.61,247.8,31.29,75.35,0.8499,-1,-1,-1
815,317,634.76,377.66,28.96,88.77,0.8148,-1,-1,-1
816,341,1516.52,292.29,72.44,99.91,0.9789,-1,-1,-1
816,330,897.04,749.43,66.86,170.38,0.9761,-1,-1,-1
816,362,1706.07,244.37,49.19,95.12,0.9737,-1,-1,-1
816,348,1401.73,652.26,55.05,149.11,0.9721,-1,-1,-1
816,197,1674.35,403.22,55.85,120.67,0.9716,-1,-1,-1
816,338,1570.47,255.65,38.76,100.22,0.9705,-1,-1,-1
816,340,959.67,438.73,40.16,118.63,0.9691,-1,-1,-1
816,346,1005.21,429.74,70.43,91.55,0.9661,-1,-1,-1
816,249,440.41,530.48,79.22,126.37,0.9633,-1,-1,-1
816,191,25.19,201.79,37.82,102.25,0.9631,-1,-1,-1
816,144,640.68,403.82,67.07,101.19,0.9615,-1,-1,-1
816,146,1188.68,147.0,37.64,83.56,0.9593,-1,-1,-1
816,192,107.67,603.16,37.59,161.75,0.9588,-1,-1,-1
816,314,921.87,96.52,40.99,75.41,0.9581,-1,-1,-1
816,147,189.73,215.58,32.28,90.67,0.9306,-1,-1,-1
816,368,1079.24,245.56,32.91,99.5,0.8979,-1,-1,-1
816,378,1225.94,243.07,38.05,77.39,0.8824,-1,-1,-1
816,354,1221.62,211.36,32.42,63.97,0.7905,-1,-1,-1
816,392,1781.58,423.35,41.94,83.99,0.7621,-1,-1,-1
816,372,1612.19,813.3,93.98,187.81,0.684,-1,-1,-1
816,317,642.24,376.52,33.09,67.43,0.6827,-1,-1,-1
816,389,1795.98,466.56,30.46,66.34,0.5857,-1,-1,-1
817,197,1675.09,400.76,48.86,119.96,0.9801,-1,-1,-1
817,341,1514.68,290.77,74.22,102.17,0.9791,-1,-1,-1
817,330,898.61,747.25,64.65,169.8,0.9744,-1,-1,-1
817,249,437.53,522.07,90.43,137.22,0.974,-1,-1,-1
817,362,1705.68,243.92,55.4,96.93,0.9739,-1,-1,-1
817,348,1398.39,650.58,58.74,150.22,0.9708,-1,-1,-1
817,338,1573.98,255.85,37.86,98.86,0.9686,-1,-1,-1
817,146,1190.6,145.11,37.08,86.57,0.9679,-1,-1,-1
817,144,637.53,402.98,68.11,103.9,0.9629,-1,-1,-1
817,191,21.53,203.21,36.4,101.47,0.9608,-1,-1,-1
817,346,1014.4,429.18,62.65,87.12,0.9518,-1,-1,-1
817,340,967.01,440.59,35.64,118.9,0.9518,-1,-1,-1
817,192,102.58,603.74,40.51,166.73,0.9511,-1,-1,-1
817,147,185.37,215.85,32.65,89.44,0.9447,-1,-1,-1
817,314,925.71,97.31,35.91,72.21,0.9355,-1,-1,-1
817,392,1782.72,420.03,42.8,110.93,0.9273,-1,-1,-1
817,378,1222.78,245.15,40.56,76.68,0.8994,-1,-1,-1
817,317,650.99,376.68,35.28,76.01,0.8718,-1,-1,-1
817,368,1078.39,245.65,34.01,99.13,0.7332,-1,-1,-1
817,354,1225.76,215.39,36.74,80.94,0.6044,-1,-1,-1
817,389,1794.98,470.35,28.55,63.76,0.4112,-1,-1,-1
818,197,1675.08,400.79,48.89,120.01,0.9801,-1,-1,-1
818,341,1514.67,290.81,74.21,102.11,0.9791,-1,-1,-1
818,330,898.63,747.23,64.63,169.77,0.9744,-1,-1,-1
818,362,1705.7,243.89,55.39,97.03,0.9739,-1,-1,-1
818,249,437.51,521.9,90.4,137.4,0.9738,-1,-1,-1
818,348,1398.49,650.65,58.62,150.15,0.9709,-1,-1,-1
818,338,1573.95,255.85,37.92,98.87,0.9689,-1,-1,-1
818,146,1190.48,145.07,37.23,86.66,0.9679,-1,-1,-1
818,144,637.67,403.36,68.06,103.52,0.9633,-1,-1,-1
818,191,21.51,203.21,36.36,101.47,0.9608,-1,-1,-1
818,346,1014.75,429.28,62.28,86.86,0.9525,-1,-1,-1
818,340,967.1,440.56,35.6,119.08,0.9519,-1,-1,-1
818,192,102.59,603.78,40.47,166.68,0.9511,-1,-1,-1
818,147,185.02,215.86,32.96,89.38,0.9464,-1,-1,-1
818,314,925.73,97.31,35.95,72.21,0.9341,-1,-1,-1
818,392,1782.62,419.99,43.02,111.29,0.93,-1,-1,-1
818,378,1222.92,245.4,40.54,76.38,0.9051,-1,-1,-1
818,317,650.93,376.7,35.25,75.16,0.8683,-1,-1,-1
818,368,1079.04,243.09,33.54,101.74,0.7457,-1,-1,-1
818,354,1225.77,215.78,36.66,80.36,0.5665,-1,-1,-1
818,389,1794.91,470.32,28.63,63.82,0.3857,-1,-1,-1
819,341,1514.01,289.98,74.22,102.78,0.9785,-1,-1,-1
819,197,1671.29,399.92,46.16,119.35,0.9773,-1,-1,-1
819,362,1705.1,243.62,62.54,98.08,0.9768,-1,-1,-1
819,348,1395.39,648.45,62.32,153.01,0.9754,-1,-1,-1
819,338,1576.33,254.94,38.97,97.72,0.9716,-1,-1,-1
819,392,1780.79,418.76,46.91,113.85,0.971,-1,-1,-1
819,330,903.25,746.58,60.27,166.83,0.9701,-1,-1,-1
819,144,633.18,410.15,68.4,101.65,0.9694,-1,-1,-1
819,146,1191.29,144.33,43.16,88.41,0.9685,-1,-1,-1
819,249,443.03,526.58,82.53,134.61,0.9677,-1,-1,-1
819,340,967.01,439.98,37.99,117.53,0.9677,-1,-1,-1
819,368,1076.88,242.95,40.37,100.75,0.9585,-1,-1,-1
819,147,183.7,215.63,32.12,89.51,0.9572,-1,-1,-1
819,378,1222.53,239.69,47.35,83.14,0.954,-1,-1,-1
819,192,96.83,606.46,43.95,164.03,0.9506,-1,-1,-1
819,191,17.88,204.54,34.93,98.2,0.9467,-1,-1,-1
819,346,1005.53,432.57,74.89,93.48,0.932,-1,-1,-1
819,317,652.23,378.53,55.32,102.62,0.9148,-1,-1,-1
819,314,932.71,94.71,29.33,75.01,0.8992,-1,-1,-1
819,372,1603.15,815.2,101.82,190.03,0.6151,-1,-1,-1
820,197,1667.59,400.38,46.72,119.17,0.9782,-1,-1,-1
820,341,1515.52,288.7,71.32,103.19,0.9778,-1,-1,-1
820,362,1706.43,243.51,66.5,100.65,0.9768,-1,-1,-1
820,348,1394.61,646.25,63.83,155.95,0.9749,-1,-1,-1
820,340,967.03,440.07,40.65,118.06,0.9721,-1,-1,-1
820,338,1577.91,253.47,40.86,98.57,0.9716,-1,-1,-1
820,146,1191.97,143.57,54.66,87.89,0.9714,-1,-1,-1
820,368,1076.06,242.87,44.39,100.64,0.9702,-1,-1,-1
820,378,1221.48,233.97,61.05,88.57,0.9688,-1,-1,-1
820,249,449.82,525.4,70.97,137.11,0.9683,-1,-1,-1
820,144,627.8,416.4,70.95,94.65,0.9669,-1,-1,-1
820,392,1779.72,418.64,47.88,112.42,0.9609,-1,-1,-1
820,192,91.01,607.34,42.4,163.28,0.9583,-1,-1,-1
820,147,180.25,214.79,32.18,90.55,0.9519,-1,-1,-1
820,317,662.27,380.97,75.38,115.1,0.9497,-1,-1,-1
820,191,14.25,204.69,33.64,96.64,0.946,-1,-1,-1
820,314,939.55,93.06,24.38,75.5,0.9429,-1,-1,-1
820,330,907.59,745.19,55.72,166.68,0.9153,-1,-1,-1
820,346,1008.8,440.5,68.79,95.18,0.8149,-1,-1,-1
820,372,1602.82,817.06,99.92,188.4,0.6393,-1,-1,-1
821,340,965.18,440.47,48.08,118.41,0.9769,-1,-1,-1
821,197,1663.38,401.18,50.97,118.27,0.9769,-1,-1,-1
821,348,1394.77,646.27,64.37,155.83,0.9762,-1,-1,-1
821,362,1712.04,243.29,61.7,100.75,0.976,-1,-1,-1
821,341,1522.96,286.52,65.18,105.51,0.9759,-1,-1,-1
821,249,459.67,524.02,62.9,138.81,0.9755,-1,-1,-1
821,317,673.05,380.06,78.95,116.98,0.9737,-1,-1,-1
821,338,1582.0,254.03,43.73,99.09,0.9728,-1,-1,-1
821,368,1076.36,243.1,46.93,100.43,0.9697,-1,-1,-1
821,146,1195.3,143.58,58.91,84.45,0.968,-1,-1,-1
821,330,911.7,743.16,53.1,167.36,0.9676,-1,-1,-1
821,378,1223.03,232.39,73.95,89.53,0.9666,-1,-1,-1
821,192,87.02,608.94,42.18,166.01,0.9652,-1,-1,-1
821,144,621.85,414.25,74.77,97.73,0.9642,-1,-1,-1
821,392,1778.46,418.24,49.38,112.73,0.9624,-1,-1,-1
821,147,177.78,212.03,33.67,92.76,0.962,-1,-1,-1
821,346,1028.99,432.56,56.56,105.83,0.9563,-1,-1,-1
821,191,12.03,203.7,32.26,96.17,0.9519,-1,-1,-1
821,314,940.1,90.3,28.11,77.5,0.9463,-1,-1,-1
821,372,1604.6,810.53,104.59,193.07,0.2521,-1,-1,-1
822,144,614.9,411.65,77.61,101.83,0.9784,-1,-1,-1
822,362,1721.84,243.58,52.7,99.69,0.9767,-1,-1,-1
822,340,968.81,441.17,50.75,122.23,0.9742,-1,-1,-1
822,146,1201.72,144.19,60.23,86.1,0.9729,-1,-1,-1
822,368,1077.8,242.85,46.47,100.38,0.9728,-1,-1,-1
822,317,684.98,384.92,71.25,111.72,0.9721,-1,-1,-1
822,341,1534.56,283.6,57.94,108.39,0.9721,-1,-1,-1
822,197,1655.19,402.15,62.4,117.14,0.9718,-1,-1,-1
822,338,1581.82,254.0,55.86,100.05,0.9711,-1,-1,-1
822,330,915.55,740.75,51.79,171.55,0.9689,-1,-1,-1
822,348,1401.08,643.97,61.2,157.94,0.9688,-1,-1,-1
822,392,1778.03,419.77,52.66,110.11,0.968,-1,-1,-1
822,192,84.32,609.66,43.18,166.29,0.9677,-1,-1,-1
822,249,473.3,522.44,59.17,139.18,0.9647,-1,-1,-1
822,147,176.88,210.83,34.25,95.0,0.9624,-1,-1,-1
822,378,1229.66,235.3,81.3,87.53,0.9607,-1,-1,-1
822,314,941.73,89.06,33.78,77.84,0.9564,-1,-1,-1
822,191,10.86,201.87,31.89,98.23,0.9548,-1,-1,-1
822,346,1033.89,433.67,56.7,104.62,0.9545,-1,-1,-1
822,372,1606.85,817.05,97.97,192.39,0.9219,-1,-1,-1
823,338,1586.34,256.41,61.32,100.89,0.9727,-1,-1,-1
823,340,978.18,443.78,47.22,123.4,0.9726,-1,-1,-1
823,362,1732.78,241.46,44.77,100.54,0.9726,-1,-1,-1
823,341,1543.35,279.3,53.64,112.69,0.9724,-1,-1,-1
823,192,81.8,611.68,43.76,160.65,0.9723,-1,-1,-1
823,330,919.17,739.81,52.58,173.52,0.9717,-1,-1,-1
823,197,1649.14,402.72,70.73,116.95,0.971,-1,-1,-1
823,144,615.36,406.34,71.99,108.58,0.9689,-1,-1,-1
823,249,488.07,520.12,47.99,141.62,0.9674,-1,-1,-1
823,146,1213.2,145.84,49.37,83.98,0.9669,-1,-1,-1
823,354,1284.16,202.57,38.96,92.6,0.9666,-1,-1,-1
823,147,176.46,210.94,34.95,95.94,0.9666,-1,-1,-1
823,314,944.3,87.68,39.33,77.57,0.9634,-1,-1,-1
823,348,1410.23,643.99,55.27,156.16,0.9632,-1,-1,-1
823,378,1243.64,238.88,69.2,86.27,0.9616,-1,-1,-1
823,191,10.34,200.55,33.4,100.56,0.9578,-1,-1,-1
823,392,1778.19,418.58,59.07,112.26,0.9517,-1,-1,-1
823,346,1034.19,441.0,64.68,97.73,0.9404,-1,-1,-1
823,368,1081.26,242.59,43.68,100.46,0.9403,-1,-1,-1
823,317,694.43,388.44,58.74,103.49,0.9226,-1,-1,-1
823,372,1608.51,821.29,100.26,188.62,0.8401,-1,-1,-1
824,338,1586.39,256.41,61.38,100.87,0.9727,-1,-1,-1
824,340,978.16,443.8,47.26,123.43,0.9726,-1,-1,-1
824,362,1732.78,241.49,44.77,100.47,0.9725,-1,-1,-1
824,341,1543.33,279.28,53.61,112.69,0.9724,-1,-1,-1
824,192,81.8,611.67,43.75,160.65,0.9722,-1,-1,-1
824,330,919.2,739.82,52.56,173.54,0.9716,-1,-1,-1
824,197,1649.22,402.73,70.65,116.9,0.9709,-1,-1,-1
824,144,615.21,406.39,71.74,108.48,0.9697,-1,-1,-1
824,249,488.04,520.18,48.04,141.57,0.9674,-1,-1,-1
824,146,1213.11,145.78,49.5,84.02,0.967,-1,-1,-1
824,147,176.46,210.99,34.93,95.85,0.9666,-1,-1,-1
824,354,1283.98,202.65,38.96,92.52,0.9655,-1,-1,-1
824,314,944.31,87.69,39.38,77.5,0.9634,-1,-1,-1
824,348,1410.08,644.05,55.44,156.12,0.9634,-1,-1,-1
824,378,1243.79,238.9,69.04,86.2,0.9614,-1,-1,-1
824,191,10.37,200.58,33.34,100.54,0.9578,-1,-1,-1
824,392,1778.38,419.29,58.88,111.56,0.9502,-1,-1,-1
824,368,1081.25,242.6,43.67,100.42,0.9408,-1,-1,-1
824,346,1034.19,441.13,64.46,97.52,0.9407,-1,-1,-1
824,317,693.66,388.45,59.59,103.63,0.9203,-1,-1,-1
824,372,1608.41,821.68,100.53,187.75,0.8157,-1,-1,-1
825,249,491.67,518.18,51.42,144.75,0.9746,-1,-1,-1
825,346,1034.64,433.57,76.34,106.7,0.974,-1,-1,-1
825,330,922.76,738.18,54.0,175.02,0.9739,-1,-1,-1
825,197,1642.7,402.06,80.07,118.01,0.9733,-1,-1,-1
825,341,1556.5,276.34,45.77,114.42,0.9726,-1,-1,-1
825,340,983.27,445.58,45.48,126.19,0.9725,-1,-1,-1
825,362,1743.3,239.74,39.27,102.38,0.9716,-1,-1,-1
825,192,80.06,611.98,44.12,160.87,0.9704,-1,-1,-1
825,348,1415.55,640.24,52.76,159.81,0.9703,-1,-1,-1
825,144,617.08,405.77,59.49,109.3,0.9696,-1,-1,-1
825,338,1590.89,257.78,66.96,102.51,0.9694,-1,-1,-1
825,147,176.53,211.56,35.39,96.07,0.9673,-1,-1,-1
825,314,948.22,88.06,45.52,75.7,0.9671,-1,-1,-1
825,191,9.67,198.9,36.48,102.72,0.9644,-1,-1,-1
825,146,1226.61,144.52,38.22,85.13,0.964,-1,-1,-1
825,378,1259.97,242.08,55.51,83.47,0.962,-1,-1,-1
825,354,1294.47,201.31,52.56,93.82,0.9607,-1,-1,-1
825,392,1775.48,419.04,67.11,112.5,0.9552,-1,-1,-1
825,317,714.03,389.62,59.04,108.12,0.9126,-1,-1,-1
825,368,1084.65,241.87,40.01,100.89,0.8483,-1,-1,-1
825,372,1613.97,823.91,94.94,186.94,0.8468,-1,-1,-1
826,346,1038.08,434.32,88.5,105.22,0.9838,-1,-1,-1
826,144,618.25,405.04,52.9,111.54,0.9785,-1,-1,-1
826,317,726.46,388.46,75.01,108.43,0.9756,-1,-1,-1
826,249,493.97,516.88,61.11,144.85,0.9738,-1,-1,-1
826,197,1645.18,401.16,78.89,118.49,0.9729,-1,-1,-1
826,341,1566.99,273.64,42.75,115.1,0.9725,-1,-1,-1
826,354,1305.61,201.83,56.92,93.38,0.9693,-1,-1,-1
826,348,1420.73,638.81,51.57,159.91,0.9689,-1,-1,-1
826,340,981.77,448.77,58.03,125.85,0.9685,-1,-1,-1
826,192,79.11,611.43,46.13,162.51,0.9681,-1,-1,-1
826,191,8.93,200.02,40.24,101.77,0.9667,-1,-1,-1
826,362,1750.12,238.12,37.0,102.85,0.9643,-1,-1,-1
826,147,178.89,213.25,34.25,95.36,0.9625,-1,-1,-1
826,378,1279.09,236.4,42.85,89.22,0.9613,-1,-1,-1
826,330,926.99,740.46,62.27,173.49,0.9611,-1,-1,-1
826,338,1603.9,261.98,58.33,101.02,0.9598,-1,-1,-1
826,314,954.03,89.75,45.98,73.49,0.9587,-1,-1,-1
826,392,1778.15,423.4,68.77,108.14,0.941,-1,-1,-1
826,372,1616.89,821.66,93.8,190.18,0.9182,-1,-1,-1
826,146,1239.33,143.8,28.66,81.36,0.9092,-1,-1,-1
826,368,1088.8,243.33,38.59,99.67,0.8869,-1,-1,-1
827,144,618.48,404.65,51.91,114.13,0.9789,-1,-1,-1
827,249,499.46,516.63,71.92,146.86,0.9753,-1,-1,-1
827,346,1045.28,434.09,90.01,103.92,0.9746,-1,-1,-1
827,340,980.49,450.8,72.45,122.42,0.9737,-1,-1,-1
827,348,1426.37,634.0,51.28,161.72,0.9736,-1,-1,-1
827,197,1647.1,400.27,75.41,119.37,0.9731,-1,-1,-1
827,191,9.88,201.2,42.3,101.9,0.973,-1,-1,-1
827,362,1755.37,237.31,39.51,104.68,0.9705,-1,-1,-1
827,317,737.57,390.39,77.81,107.62,0.9697,-1,-1,-1
827,338,1617.55,263.41,47.65,99.09,0.9693,-1,-1,-1
827,341,1576.05,273.46,37.96,117.3,0.969,-1,-1,-1
827,330,929.08,740.89,72.8,174.01,0.9678,-1,-1,-1
827,354,1320.46,203.14,53.62,94.86,0.9665,-1,-1,-1
827,192,77.75,612.03,48.1,163.87,0.9627,-1,-1,-1
827,378,1291.42,235.34,37.96,89.29,0.9501,-1,-1,-1
827,147,181.84,214.99,31.86,93.19,0.9495,-1,-1,-1
827,392,1785.24,420.67,63.88,111.16,0.9395,-1,-1,-1
827,146,1248.72,141.54,29.17,84.91,0.9268,-1,-1,-1
827,372,1618.86,822.49,96.85,189.68,0.9013,-1,-1,-1
827,314,966.39,92.85,36.38,70.41,0.878,-1,-1,-1
827,368,1095.33,241.79,34.37,100.39,0.7519,-1,-1,-1
828,362,1760.9,237.34,46.7,104.8,0.9796,-1,-1,-1
828,249,506.79,517.82,76.16,144.83,0.9778,-1,-1,-1
828,346,1056.19,435.69,91.81,104.06,0.9761,-1,-1,-1
828,340,985.37,449.35,87.02,125.97,0.9748,-1,-1,-1
828,348,1432.74,632.57,48.62,161.56,0.9746,-1,-1,-1
828,144,613.92,404.71,56.78,115.49,0.9735,-1,-1,-1
828,354,1335.22,205.82,44.33,93.85,0.9722,-1,-1,-1
828,338,1627.31,262.15,46.62,100.33,0.972,-1,-1,-1
828,191,12.89,202.72,40.41,100.59,0.9711,-1,-1,-1
828,197,1647.34,397.87,73.98,122.64,0.971,-1,-1,-1
828,341,1583.85,272.74,37.72,116.39,0.969,-1,-1,-1
828,330,929.93,743.49,79.47,172.41,0.9686,-1,-1,-1
828,317,748.34,392.17,80.91,108.72,0.966,-1,-1,-1
828,192,78.49,612.89,54.27,162.32,0.9615,-1,-1,-1
828,392,1783.32,419.37,69.66,112.56,0.9597,-1,-1,-1
828,147,185.59,215.76,30.17,90.74,0.956,-1,-1,-1
828,146,1255.07,138.51,33.3,88.75,0.9495,-1,-1,-1
828,378,1300.84,232.1,37.9,91.46,0.9438,-1,-1,-1
828,314,980.6,100.06,24.8,62.99,0.9247,-1,-1,-1
828,372,1621.8,823.62,99.17,189.25,0.9093,-1,-1,-1
828,368,1100.18,239.48,34.32,102.32,0.8717,-1,-1,-1
829,144,612.94,406.09,60.69,115.42,0.9766,-1,-1,-1
829,340,995.28,449.62,93.57,123.54,0.9764,-1,-1,-1
829,362,1767.44,238.79,53.62,105.93,0.9754,-1,-1,-1
829,338,1638.32,260.89,43.4,100.75,0.9732,-1,-1,-1
829,330,934.11,744.63,79.33,171.65,0.973,-1,-1,-1
829,197,1648.33,396.55,69.23,120.62,0.9719,-1,-1,-1
829,192,80.54,611.61,48.89,165.36,0.9703,-1,-1,-1
829,146,1261.23,136.22,41.27,90.64,0.9696,-1,-1,-1
829,191,18.29,204.54,38.87,97.86,0.9686,-1,-1,-1
829,317,760.43,394.2,71.66,106.89,0.9679,-1,-1,-1
829,346,1073.76,436.26,91.47,102.8,0.9674,-1,-1,-1
829,341,1591.19,274.02,38.29,116.22,0.9658,-1,-1,-1
829,249,517.18,519.69,71.52,141.87,0.9651,-1,-1,-1
829,348,1438.45,629.97,48.31,164.13,0.9621,-1,-1,-1
829,392,1777.18,417.23,79.7,114.32,0.9609,-1,-1,-1
829,378,1310.78,229.98,33.41,93.68,0.9591,-1,-1,-1
829,147,191.84,214.74,29.95,92.8,0.9531,-1,-1,-1
829,354,1349.09,205.19,36.46,93.97,0.943,-1,-1,-1
829,314,983.69,98.26,27.36,64.18,0.9204,-1,-1,-1
829,372,1625.23,824.84,100.62,187.83,0.8837,-1,-1,-1
829,368,1105.68,239.79,34.44,102.71,0.8832,-1,-1,-1
830,340,995.11,449.64,93.61,123.49,0.9769,-1,-1,-1
830,144,612.96,406.1,60.63,115.41,0.9765,-1,-1,-1
830,362,1767.42,238.77,53.69,105.94,0.9754,-1,-1,-1
830,338,1638.39,260.88,43.29,100.76,0.973,-1,-1,-1
830,330,934.12,744.64,79.32,171.63,0.973,-1,-1,-1
830,197,1648.35,396.59,69.08,120.59,0.9719,-1,-1,-1
830,192,80.5,611.58,48.61,165.48,0.971,-1,-1,-1
830,146,1261.3,136.21,41.12,90.62,0.9698,-1,-1,-1
830,191,18.27,204.56,38.9,97.85,0.9687,-1,-1,-1
830,346,1073.89,436.2,91.3,102.83,0.968,-1,-1,-1
830,317,760.43,394.13,71.63,106.93,0.9678,-1,-1,-1
830,341,1591.19,273.98,38.18,116.35,0.9658,-1,-1,-1
830,249,517.21,519.71,71.51,141.92,0.9655,-1,-1,-1
830,348,1438.46,630.02,48.3,164.07,0.962,-1,-1,-1
830,392,1776.94,417.21,79.93,114.31,0.9609,-1,-1,-1
830,378,1310.72,229.99,33.45,93.73,0.9585,-1,-1,-1
830,147,191.81,214.74,29.92,92.8,0.9526,-1,-1,-1
830,354,1349.1,205.17,36.47,93.97,0.9434,-1,-1,-1
830,314,983.88,98.23,27.17,64.2,0.9214,-1,-1,-1
830,372,1625.22,824.82,100.7,187.77,0.8801,-1,-1,-1
830,368,1106.26,239.39,34.37,102.44,0.8705,-1,-1,-1
831,340,1012.88,448.05,86.88,128.61,0.9778,-1,-1,-1
831,249,532.96,520.36,58.8,141.78,0.9766,-1,-1,-1
831,341,1599.97,275.23,43.67,116.55,0.975,-1,-1,-1
831,330,938.78,741.59,79.59,173.0,0.974,-1,-1,-1
831,338,1650.15,258.63,42.7,103.97,0.9729,-1,-1,-1
831,191,25.55,202.76,38.1,101.75,0.9719,-1,-1,-1
831,362,1775.67,241.27,60.77,105.08,0.9718,-1,-1,-1
831,348,1445.87,634.91,48.21,160.24,0.9718,-1,-1,-1
831,144,616.32,406.43,62.73,116.6,0.97,-1,-1,-1
831,146,1267.57,135.62,53.06,90.63,0.9695,-1,-1,-1
831,317,771.21,394.52,63.11,106.77,0.9676,-1,-1,-1
831,192,81.43,612.39,55.97,165.66,0.9666,-1,-1,-1
831,197,1650.38,396.79,60.89,117.68,0.9656,-1,-1,-1
831,378,1322.06,230.1,40.9,95.19,0.9617,-1,-1,-1
831,346,1095.64,440.15,85.68,106.74,0.9598,-1,-1,-1
831,147,199.56,215.18,28.3,91.52,0.9575,-1,-1,-1
831,392,1779.64,417.15,80.94,114.2,0.9547,-1,-1,-1
831,354,1363.76,203.67,29.76,95.02,0.9445,-1,-1,-1
831,314,997.26,89.02,24.44,73.23,0.9009,-1,-1,-1
831,372,1628.68,825.65,103.92,190.85,0.896,-1,-1,-1
831,368,1112.37,238.65,35.65,101.99,0.8505,-1,-1,-1
832,348,1452.69,633.34,51.09,161.81,0.9773,-1,-1,-1
832,362,1782.91,243.52,64.29,105.12,0.9763,-1,-1,-1
832,338,1659.95,256.56,43.89,108.79,0.9733,-1,-1,-1
832,144,620.91,406.62,61.27,118.0,0.9732,-1,-1,-1
832,341,1608.96,277.14,50.95,115.81,0.9725,-1,-1,-1
832,192,82.2,610.34,74.6,169.7,0.9725,-1,-1,-1
832,378,1333.39,228.49,48.45,97.53,0.9703,-1,-1,-1
832,197,1651.35,395.3,54.31,117.74,0.9702,-1,-1,-1
832,146,1275.51,135.32,60.16,90.09,0.9692,-1,-1,-1
832,340,1026.08,448.54,77.72,130.99,0.9678,-1,-1,-1
832,191,33.51,202.25,36.74,101.67,0.9671,-1,-1,-1
832,249,550.89,519.83,47.6,140.27,0.965,-1,-1,-1
832,317,783.7,394.9,63.51,107.42,0.9636,-1,-1,-1
832,147,207.19,214.43,28.73,93.75,0.956,-1,-1,-1
832,330,945.65,741.84,78.32,171.89,0.9504,-1,-1,-1
832,354,1377.15,202.56,34.42,94.99,0.9496,-1,-1,-1
832,368,1119.65,237.78,38.77,103.28,0.9327,-1,-1,-1
832,392,1783.88,418.52,78.7,112.62,0.9258,-1,-1,-1
832,346,1112.54,442.7,77.73,107.03,0.9249,-1,-1,-1
832,314,1004.81,94.32,27.2,67.22,0.8683,-1,-1,-1
832,372,1638.92,823.71,96.92,191.52,0.5148,-1,-1,-1
833,192,85.4,609.42,81.65,171.23,0.9812,-1,-1,-1
833,144,625.14,405.83,62.52,120.23,0.975,-1,-1,-1
833,341,1618.8,279.67,57.58,113.8,0.9729,-1,-1,-1
833,338,1670.59,256.43,44.63,109.46,0.9727,-1,-1,-1
833,330,956.46,740.34,76.6,172.05,0.9712,-1,-1,-1
833,197,1655.46,394.26,45.35,118.78,0.9711,-1,-1,-1
833,317,792.91,392.95,76.99,111.93,0.971,-1,-1,-1
833,249,565.67,517.09,43.25,142.71,0.9695,-1,-1,-1
833,378,1345.85,230.84,52.59,94.29,0.9683,-1,-1,-1
833,348,1460.89,636.96,55.07,159.47,0.968,-1,-1,-1
833,354,1390.06,200.95,42.3,95.34,0.9679,-1,-1,-1
833,147,213.13,212.76,32.84,95.19,0.9648,-1,-1,-1
833,340,1046.04,452.55,68.04,128.86,0.9604,-1,-1,-1
833,146,1285.78,137.12,64.47,87.47,0.9602,-1,-1,-1
833,362,1794.73,248.5,64.3,102.64,0.9592,-1,-1,-1
833,191,41.52,201.15,36.29,101.06,0.9584,-1,-1,-1
833,346,1134.47,441.85,66.0,108.41,0.9541,-1,-1,-1
833,368,1127.21,237.29,42.12,104.58,0.9411,-1,-1,-1
833,392,1787.28,431.54,74.11,97.32,0.9151,-1,-1,-1
833,314,1012.36,95.0,32.9,67.19,0.868,-1,-1,-1
833,372,1644.88,827.18,105.45,187.03,0.7801,-1,-1,-1
834,197,1660.52,392.88,45.07,119.7,0.9767,-1,-1,-1
834,354,1400.67,198.01,62.6,97.35,0.9753,-1,-1,-1
834,338,1684.19,255.84,45.06,109.17,0.9743,-1,-1,-1
834,348,1469.81,638.51,60.39,158.69,0.9741,-1,-1,-1
834,378,1360.46,232.06,55.78,97.76,0.9727,-1,-1,-1
834,144,635.05,405.79,57.3,120.59,0.9726,-1,-1,-1
834,249,578.12,511.21,46.1,144.16,0.9712,-1,-1,-1
834,340,1059.36,455.02,64.37,130.19,0.9708,-1,-1,-1
834,330,970.03,738.98,76.66,168.24,0.9706,-1,-1,-1
834,341,1628.14,280.19,63.05,113.64,0.9685,-1,-1,-1
834,192,91.62,610.12,81.2,169.94,0.968,-1,-1,-1
834,147,220.57,211.54,37.51,95.38,0.9659,-1,-1,-1
834,146,1299.98,137.71,65.28,87.98,0.9651,-1,-1,-1
834,317,807.81,395.89,77.06,114.5,0.9644,-1,-1,-1
834,191,49.45,197.65,38.03,102.7,0.964,-1,-1,-1
834,362,1800.85,249.9,67.35,101.89,0.9634,-1,-1,-1
834,368,1136.82,235.63,42.5,105.84,0.961,-1,-1,-1
834,346,1160.33,442.64,52.38,108.94,0.9494,-1,-1,-1
834,392,1794.6,431.27,64.35,95.81,0.9465,-1,-1,-1
834,314,1021.05,83.97,44.04,76.74,0.9307,-1,-1,-1
834,372,1651.46,826.63,106.96,187.05,0.3916,-1,-1,-1
835,338,1696.36,256.86,47.15,110.68,0.977,-1,-1,-1
835,330,988.67,737.25,70.23,169.01,0.9749,-1,-1,-1
835,378,1375.7,234.38,50.08,94.74,0.9742,-1,-1,-1
835,249,590.96,510.15,47.79,144.33,0.974,-1,-1,-1
835,197,1665.71,392.26,49.86,120.95,0.9739,-1,-1,-1
835,192,98.41,608.37,86.06,171.49,0.9737,-1,-1,-1
835,341,1636.86,279.76,67.01,113.97,0.9728,-1,-1,-1
835,348,1479.46,637.53,65.17,159.67,0.9724,-1,-1,-1
835,340,1076.87,459.42,57.11,127.2,0.971,-1,-1,-1
835,354,1413.16,198.86,74.47,94.39,0.97,-1,-1,-1
835,147,228.02,211.66,41.63,96.57,0.9699,-1,-1,-1
835,191,58.62,195.77,40.05,105.59,0.9676,-1,-1,-1
835,146,1313.41,139.86,60.97,84.58,0.9648,-1,-1,-1
835,362,1811.06,250.91,67.1,101.33,0.9647,-1,-1,-1
835,368,1146.24,235.45,42.07,105.96,0.9644,-1,-1,-1
835,392,1797.49,429.13,57.84,97.52,0.9574,-1,-1,-1
835,317,817.81,393.99,78.39,115.38,0.954,-1,-1,-1
835,346,1177.36,444.51,39.9,104.99,0.9508,-1,-1,-1
835,144,645.62,406.64,52.7,121.47,0.9486,-1,-1,-1
835,314,1031.97,89.74,48.69,68.91,0.9307,-1,-1,-1
835,372,1664.76,828.97,106.03,184.05,0.6329,-1,-1,-1
836,338,1696.31,256.89,47.23,110.67,0.9772,-1,-1,-1
836,330,988.65,737.22,70.22,168.99,0.9749,-1,-1,-1
836,378,1375.64,234.38,50.13,94.72,0.9742,-1,-1,-1
836,249,590.97,510.16,47.77,144.36,0.974,-1,-1,-1
836,197,1665.61,392.23,49.98,120.96,0.9738,-1,-1,-1
836,192,98.42,608.36,86.13,171.53,0.9738,-1,-1,-1
836,341,1636.85,279.79,67.03,113.93,0.9727,-1,-1,-1
836,348,1479.47,637.4,65.14,159.83,0.9723,-1,-1,-1
836,340,1076.87,459.41,57.04,127.26,0.9711,-1,-1,-1
836,354,1413.22,198.87,74.35,94.32,0.97,-1,-1,-1
836,147,228.06,211.65,41.46,96.61,0.9697,-1,-1,-1
836,191,58.61,195.8,40.05,105.57,0.9676,-1,-1,-1
836,146,1313.37,139.91,60.99,84.5,0.9649,-1,-1,-1
836,368,1146.24,235.4,42.08,106.04,0.9642,-1,-1,-1
836,362,1811.16,250.92,66.99,101.31,0.9641,-1,-1,-1
836,392,1796.95,428.99,58.45,97.67,0.9573,-1,-1,-1
836,317,818.07,394.04,78.12,115.36,0.9538,-1,-1,-1
836,346,1177.41,444.54,39.75,104.82,0.9483,-1,-1,-1
836,144,645.61,406.63,52.69,121.5,0.948,-1,-1,-1
836,314,1031.94,89.53,48.69,69.03,0.9305,-1,-1,-1
836,372,1664.54,829.14,106.61,183.76,0.5981,-1,-1,-1
837,192,110.2,605.86,84.22,173.39,0.9776,-1,-1,-1
837,348,1492.01,636.61,63.61,160.94,0.9774,-1,-1,-1
837,144,654.59,407.92,50.37,122.27,0.9768,-1,-1,-1
837,340,1095.68,462.18,50.53,124.58,0.9753,-1,-1,-1
837,338,1709.88,259.37,47.1,111.1,0.9751,-1,-1,-1
837,330,1009.02,736.25,65.76,169.98,0.9719,-1,-1,-1
837,354,1430.57,198.44,73.94,95.87,0.9709,-1,-1,-1
837,249,601.9,506.74,58.41,146.5,0.9707,-1,-1,-1
837,197,1666.93,391.79,59.08,121.83,0.9704,-1,-1,-1
837,147,237.55,212.47,41.33,94.41,0.9697,-1,-1,-1
837,341,1647.69,279.82,67.56,113.9,0.9679,-1,-1,-1
837,191,69.3,195.47,40.54,105.54,0.9676,-1,-1,-1
837,378,1392.52,234.24,42.89,94.13,0.9662,-1,-1,-1
837,146,1327.38,140.01,56.14,83.61,0.9643,-1,-1,-1
837,362,1820.63,249.49,68.73,103.84,0.9564,-1,-1,-1
837,392,1793.05,420.22,68.29,106.55,0.9486,-1,-1,-1
837,317,845.36,397.11,59.12,110.53,0.9452,-1,-1,-1
837,314,1045.46,96.12,49.78,62.44,0.937,-1,-1,-1
837,397,820.52,392.59,47.5,64.88,0.9353,-1,-1,-1
837,346,1191.08,442.89,41.77,109.79,0.9315,-1,-1,-1
837,368,1156.8,234.19,40.8,107.11,0.9185,-1,-1,-1
837,372,1677.41,825.58,101.34,193.18,0.7651,-1,-1,-1
838,338,1723.1,261.94,47.29,106.96,0.9777,-1,-1,-1
838,354,1450.37,199.91,62.38,93.37,0.9757,-1,-1,-1
838,144,662.9,409.09,47.89,121.55,0.9754,-1,-1,-1
838,192,117.97,605.54,84.02,171.31,0.9744,-1,-1,-1
838,341,1656.31,277.87,68.83,114.03,0.973,-1,-1,-1
838,340,1107.79,464.69,59.94,121.41,0.9725,-1,-1,-1
838,197,1663.2,391.6,71.82,121.2,0.9707,-1,-1,-1
838,348,1498.69,635.83,69.48,158.84,0.9704,-1,-1,-1
838,191,79.73,195.04,41.39,107.11,0.9689,-1,-1,-1
838,147,248.68,213.79,41.38,93.3,0.9671,-1,-1,-1
838,317,864.47,396.71,47.76,110.9,0.9668,-1,-1,-1
838,330,1029.36,734.86,59.01,168.71,0.9656,-1,-1,-1
838,378,1408.49,232.96,41.53,95.17,0.9651,-1,-1,-1
838,249,615.3,505.36,65.71,146.12,0.964,-1,-1,-1
838,362,1831.0,247.79,67.81,104.72,0.9624,-1,-1,-1
838,397,833.49,390.58,47.13,69.14,0.9579,-1,-1,-1
838,146,1344.26,138.28,49.56,85.39,0.954,-1,-1,-1
838,346,1204.71,442.3,40.76,112.69,0.9487,-1,-1,-1
838,368,1167.53,233.39,39.37,106.83,0.9434,-1,-1,-1
838,314,1060.13,92.4,44.38,65.69,0.9333,-1,-1,-1
838,392,1815.35,429.27,55.54,97.93,0.8717,-1,-1,-1
839,192,128.33,602.51,82.55,174.0,0.9767,-1,-1,-1
839,338,1736.15,262.96,47.07,105.88,0.9749,-1,-1,-1
839,348,1508.04,633.72,69.6,163.47,0.9749,-1,-1,-1
839,249,629.82,505.45,71.2,143.59,0.9736,-1,-1,-1
839,341,1666.95,279.78,68.68,112.37,0.9716,-1,-1,-1
839,144,671.19,410.64,46.72,118.71,0.9706,-1,-1,-1
839,330,1043.52,733.0,59.92,170.77,0.9699,-1,-1,-1
839,197,1665.89,390.83,78.38,120.86,0.9698,-1,-1,-1
839,354,1474.58,199.44,47.19,91.92,0.969,-1,-1,-1
839,340,1116.35,466.98,73.35,123.3,0.9687,-1,-1,-1
839,191,88.88,195.8,41.4,106.91,0.9685,-1,-1,-1
839,146,1359.54,135.33,43.96,87.1,0.9681,-1,-1,-1
839,378,1424.11,232.1,41.58,93.78,0.967,-1,-1,-1
839,362,1840.42,246.67,67.98,105.75,0.9662,-1,-1,-1
839,317,875.0,396.79,52.08,109.15,0.9627,-1,-1,-1
839,397,846.75,388.55,44.72,73.17,0.9598,-1,-1,-1
839,147,262.82,213.66,38.61,91.48,0.9558,-1,-1,-1
839,346,1216.12,442.6,45.67,115.16,0.9425,-1,-1,-1
839,368,1176.45,232.09,38.63,107.42,0.9424,-1,-1,-1
839,392,1813.31,419.75,66.59,106.44,0.9273,-1,-1,-1
839,314,1073.61,88.77,40.4,68.48,0.8973,-1,-1,-1
840,144,677.12,410.68,47.03,119.98,0.9753,-1,-1,-1
840,338,1751.21,261.34,45.38,105.83,0.975,-1,-1,-1
840,348,1515.51,631.27,73.34,164.83,0.975,-1,-1,-1
840,341,1679.37,277.58,66.91,113.0,0.9726,-1,-1,-1
840,340,1124.36,468.91,82.88,124.72,0.9721,-1,-1,-1
840,197,1677.36,390.08,71.35,119.1,0.9711,-1,-1,-1
840,330,1053.21,732.77,66.54,170.91,0.9703,-1,-1,-1
840,249,643.32,505.85,75.59,143.19,0.9698,-1,-1,-1
840,378,1439.63,229.3,44.27,96.5,0.9671,-1,-1,-1
840,317,884.27,394.72,61.13,111.03,0.9659,-1,-1,-1
840,146,1374.76,132.11,37.62,88.63,0.9648,-1,-1,-1
840,191,98.57,195.92,40.78,106.15,0.9631,-1,-1,-1
840,192,138.34,599.27,79.02,175.25,0.9617,-1,-1,-1
840,354,1497.0,195.23,37.61,93.46,0.961,-1,-1,-1
840,362,1846.55,242.35,63.91,109.08,0.9599,-1,-1,-1
840,397,864.14,387.82,40.15,75.73,0.9446,-1,-1,-1
840,392,1811.57,417.38,72.76,107.4,0.9408,-1,-1,-1
840,147,281.13,211.94,32.72,92.74,0.9327,-1,-1,-1
840,346,1228.39,442.43,57.76,121.1,0.9207,-1,-1,-1
840,368,1184.36,231.07,39.03,106.75,0.8361,-1,-1,-1
840,314,1088.62,86.58,33.94,68.92,0.8272,-1,-1,-1
841,249,655.35,505.91,80.98,144.43,0.9769,-1,-1,-1
841,340,1136.88,471.77,77.75,122.86,0.9753,-1,-1,-1
841,197,1685.12,389.56,66.14,117.14,0.9753,-1,-1,-1
841,144,679.55,409.25,50.38,121.39,0.9753,-1,-1,-1
841,330,1059.86,730.7,72.24,174.54,0.9743,-1,-1,-1
841,378,1454.24,226.96,47.97,96.68,0.9734,-1,-1,-1
841,338,1766.6,259.53,43.35,106.05,0.9727,-1,-1,-1
841,348,1527.78,630.74,72.52,162.28,0.9706,-1,-1,-1
841,192,147.78,597.66,74.9,173.27,0.969,-1,-1,-1
841,341,1692.63,275.96,63.89,113.1,0.9689,-1,-1,-1
841,191,107.83,195.7,40.12,103.97,0.9676,-1,-1,-1
841,346,1242.72,444.62,45.57,117.17,0.9636,-1,-1,-1
841,147,288.81,209.3,37.42,93.07,0.9634,-1,-1,-1
841,354,1515.58,189.62,33.51,98.19,0.9601,-1,-1,-1
841,317,888.93,389.66,73.05,114.17,0.9496,-1,-1,-1
841,362,1852.27,237.92,60.01,110.49,0.9492,-1,-1,-1
841,392,1817.3,424.38,69.62,98.03,0.9472,-1,-1,-1
841,146,1390.64,128.96,29.65,90.2,0.898,-1,-1,-1
841,314,1103.16,76.78,28.65,75.69,0.8911,-1,-1,-1
841,368,1193.7,228.7,39.17,105.76,0.8156,-1,-1,-1
841,397,879.51,384.13,35.02,84.03,0.515,-1,-1,-1
842,249,655.37,505.9,81.03,144.48,0.977,-1,-1,-1
842,340,1136.7,471.71,78.1,122.96,0.9755,-1,-1,-1
842,197,1685.12,389.52,66.08,117.14,0.9753,-1,-1,-1
842,144,679.55,409.2,50.35,121.39,0.9753,-1,-1,-1
842,330,1059.93,730.72,72.24,174.53,0.9743,-1,-1,-1
842,378,1454.3,226.96,47.93,96.68,0.9734,-1,-1,-1
842,338,1766.64,259.56,43.26,106.04,0.9726,-1,-1,-1
842,348,1527.87,630.75,72.57,162.24,0.9705,-1,-1,-1
842,192,147.84,597.72,74.88,173.24,0.969,-1,-1,-1
842,341,1692.65,276.02,63.84,112.98,0.9688,-1,-1,-1
842,191,107.83,195.73,40.13,103.92,0.9675,-1,-1,-1
842,346,1242.64,444.49,45.68,117.22,0.9648,-1,-1,-1
842,147,288.81,209.3,37.41,93.07,0.9632,-1,-1,-1
842,354,1515.6,189.57,33.5,98.18,0.9605,-1,-1,-1
842,362,1852.24,237.94,60.11,110.43,0.9504,-1,-1,-1
842,317,889.81,389.89,72.07,113.89,0.9503,-1,-1,-1
842,392,1817.35,424.38,69.58,98.22,0.9473,-1,-1,-1
842,146,1390.63,128.79,29.66,90.33,0.8986,-1,-1,-1
842,314,1103.17,76.8,28.56,75.66,0.8941,-1,-1,-1
842,368,1193.7,228.7,39.18,105.75,0.8038,-1,-1,-1
842,397,879.45,384.46,35.08,83.51,0.6127,-1,-1,-1
843,330,1066.52,730.12,81.28,174.67,0.9775,-1,-1,-1
843,197,1686.31,388.47,66.51,116.39,0.9755,-1,-1,-1
843,144,682.71,409.67,51.54,110.27,0.974,-1,-1,-1
843,378,1464.9,223.67,53.14,99.65,0.9738,-1,-1,-1
843,338,1780.04,255.59,44.16,110.23,0.9735,-1,-1,-1
843,340,1155.11,473.38,65.34,120.99,0.9726,-1,-1,-1
843,348,1540.57,626.6,72.32,164.19,0.9715,-1,-1,-1
843,341,1707.22,274.1,61.41,113.88,0.9694,-1,-1,-1
843,249,662.39,506.96,88.59,141.8,0.9693,-1,-1,-1
843,191,116.84,193.6,41.3,103.88,0.9692,-1,-1,-1
843,362,1858.61,236.73,58.41,110.62,0.9687,-1,-1,-1
843,317,906.46,392.7,68.89,111.57,0.9686,-1,-1,-1
843,192,159.01,595.42,69.11,171.66,0.9663,-1,-1,-1
843,147,297.29,206.42,39.83,92.49,0.9659,-1,-1,-1
843,354,1529.8,185.27,33.2,98.11,0.9545,-1,-1,-1
843,346,1254.18,445.51,56.93,115.71,0.9369,-1,-1,-1
843,368,1201.36,226.46,41.06,107.54,0.9298,-1,-1,-1
843,392,1816.77,410.01,67.72,112.55,0.9222,-1,-1,-1
843,146,1400.85,124.64,29.58,92.64,0.886,-1,-1,-1
843,314,1115.38,72.16,24.66,78.5,0.8745,-1,-1,-1
843,397,891.43,385.98,29.84,79.61,0.8413,-1,-1,-1
844,144,689.14,409.28,48.58,107.89,0.979,-1,-1,-1
844,378,1474.68,221.1,57.98,101.22,0.9766,-1,-1,-1
844,249,665.05,506.28,98.03,141.84,0.9746,-1,-1,-1
844,197,1686.43,389.16,60.72,113.6,0.9744,-1,-1,-1
844,338,1793.93,253.35,44.25,111.97,0.9733,-1,-1,-1
844,348,1558.26,622.86,67.47,164.07,0.9715,-1,-1,-1
844,192,167.91,593.11,64.26,169.14,0.9709,-1,-1,-1
844,362,1864.86,233.99,52.42,110.78,0.9703,-1,-1,-1
844,330,1075.93,730.24,81.11,173.92,0.969,-1,-1,-1
844,341,1725.65,268.78,56.55,118.1,0.9687,-1,-1,-1
844,340,1171.46,472.91,55.78,119.67,0.9679,-1,-1,-1
844,147,305.4,203.51,40.54,96.74,0.9641,-1,-1,-1
844,354,1545.22,180.93,36.6,99.31,0.9636,-1,-1,-1
844,191,125.94,190.99,36.89,104.23,0.9582,-1,-1,-1
844,317,918.51,394.29,71.87,109.64,0.9571,-1,-1,-1
844,392,1814.41,405.04,64.31,113.51,0.9395,-1,-1,-1
844,146,1411.71,120.88,29.45,94.54,0.9027,-1,-1,-1
844,346,1267.44,449.93,58.66,109.0,0.8415,-1,-1,-1
844,397,903.01,388.54,30.01,76.38,0.8149,-1,-1,-1
844,314,1126.31,68.71,24.87,77.54,0.8139,-1,-1,-1
844,368,1208.97,223.43,42.21,108.71,0.7945,-1,-1,-1
845,338,1804.57,251.03,45.73,112.55,0.9762,-1,-1,-1
845,340,1183.31,469.36,51.26,122.63,0.9757,-1,-1,-1
845,249,670.11,510.61,98.39,134.88,0.9755,-1,-1,-1
845,330,1084.42,730.17,86.69,173.78,0.9751,-1,-1,-1
845,197,1682.23,388.84,57.84,113.08,0.9748,-1,-1,-1
845,378,1483.36,219.71,59.98,102.43,0.9743,-1,-1,-1
845,147,311.63,201.22,42.13,97.55,0.9726,-1,-1,-1
845,341,1740.51,266.11,52.12,117.83,0.9706,-1,-1,-1
845,192,173.93,590.0,60.42,170.25,0.9702,-1,-1,-1
845,317,929.32,396.99,73.84,107.6,0.9701,-1,-1,-1
845,354,1558.61,179.48,40.9,99.38,0.9687,-1,-1,-1
845,144,695.62,409.08,45.77,112.77,0.9674,-1,-1,-1
845,348,1574.77,620.79,61.34,163.16,0.9666,-1,-1,-1
845,191,134.7,187.75,34.78,106.45,0.9658,-1,-1,-1
845,362,1871.88,232.21,45.06,111.53,0.9647,-1,-1,-1
845,392,1811.92,405.96,53.67,109.11,0.9604,-1,-1,-1
845,346,1275.87,447.78,70.46,112.75,0.9485,-1,-1,-1
845,146,1420.15,117.17,31.31,95.95,0.9418,-1,-1,-1
845,314,1133.93,65.38,27.42,79.38,0.9171,-1,-1,-1
845,368,1216.67,221.69,43.12,109.18,0.8922,-1,-1,-1
845,397,913.65,390.55,28.99,74.09,0.8575,-1,-1,-1
846,197,1679.61,388.07,61.43,113.61,0.9775,-1,-1,-1
846,378,1489.02,219.11,62.38,103.22,0.9769,-1,-1,-1
846,338,1811.53,251.68,46.89,111.84,0.9766,-1,-1,-1
846,249,676.38,506.15,93.55,138.02,0.9742,-1,-1,-1
846,340,1189.61,466.41,48.82,125.27,0.974,-1,-1,-1
846,147,316.92,199.91,44.23,98.1,0.9739,-1,-1,-1
846,354,1570.0,176.36,46.72,100.68,0.973,-1,-1,-1
846,330,1096.89,725.61,80.95,173.98,0.9719,-1,-1,-1
846,341,1758.0,262.45,45.71,119.51,0.9691,-1,-1,-1
846,348,1586.93,617.54,59.16,161.66,0.968,-1,-1,-1
846,192,178.92,588.6,56.44,170.15,0.9679,-1,-1,-1
846,144,697.05,409.58,47.49,114.14,0.9619,-1,-1,-1
846,191,140.63,184.8,34.57,108.63,0.9596,-1,-1,-1
846,362,1874.65,230.51,39.77,109.6,0.9589,-1,-1,-1
846,317,949.0,402.03,60.92,101.72,0.9498,-1,-1,-1
846,346,1289.34,454.57,68.97,104.7,0.9497,-1,-1,-1
846,146,1428.68,115.45,32.25,96.36,0.947,-1,-1,-1
846,392,1811.18,407.11,55.12,109.64,0.9425,-1,-1,-1
846,368,1221.9,219.82,42.86,109.01,0.9401,-1,-1,-1
846,314,1141.15,60.33,30.46,82.99,0.9284,-1,-1,-1
846,397,921.12,393.79,29.23,70.47,0.9014,-1,-1,-1
847,249,684.63,504.13,87.79,139.81,0.9769,-1,-1,-1
847,378,1494.41,218.56,61.53,102.77,0.9758,-1,-1,-1
847,330,1108.83,728.45,74.5,167.15,0.9758,-1,-1,-1
847,338,1817.36,253.71,48.13,111.32,0.9755,-1,-1,-1
847,340,1193.33,465.84,50.8,127.02,0.9745,-1,-1,-1
847,197,1674.42,385.03,70.56,115.78,0.9739,-1,-1,-1
847,147,321.01,201.1,43.95,99.37,0.9733,-1,-1,-1
847,354,1580.41,175.51,48.37,101.92,0.9717,-1,-1,-1
847,192,181.66,587.59,56.17,168.23,0.9706,-1,-1,-1
847,144,698.13,410.7,47.08,121.44,0.9685,-1,-1,-1
847,348,1598.01,614.28,51.04,164.2,0.9679,-1,-1,-1
847,191,143.77,183.69,37.67,109.26,0.9679,-1,-1,-1
847,317,944.7,397.32,69.89,107.56,0.9675,-1,-1,-1
847,341,1768.5,260.67,42.58,117.62,0.9652,-1,-1,-1
847,146,1434.26,115.89,37.06,94.97,0.9592,-1,-1,-1
847,346,1292.76,446.93,78.81,115.09,0.9573,-1,-1,-1
847,362,1876.61,232.25,39.0,110.91,0.9541,-1,-1,-1
847,314,1146.13,58.27,32.23,83.53,0.9495,-1,-1,-1
847,392,1806.81,405.13,65.02,109.95,0.9459,-1,-1,-1
847,368,1226.52,218.93,42.67,108.93,0.9276,-1,-1,-1
847,397,927.39,393.9,31.25,71.18,0.9024,-1,-1,-1
847,399,1894.22,248.9,24.5,93.29,0.4109,-1,-1,-1
848,249,684.49,503.7,87.98,140.22,0.9771,-1,-1,-1
848,378,1494.43,218.54,61.49,102.77,0.9758,-1,-1,-1
848,330,1108.81,728.32,74.48,167.29,0.9758,-1,-1,-1
848,338,1817.38,253.66,48.2,111.37,0.9755,-1,-1,-1
848,340,1193.37,465.88,51.36,127.07,0.974,-1,-1,-1
848,197,1674.58,385.06,70.38,115.55,0.9733,-1,-1,-1
848,147,321.07,201.07,43.91,99.39,0.9732,-1,-1,-1
848,354,1580.42,175.54,48.39,101.93,0.9715,-1,-1,-1
848,192,181.64,587.58,56.15,168.24,0.9706,-1,-1,-1
848,144,698.15,410.73,47.09,121.63,0.9691,-1,-1,-1
848,191,143.79,183.71,37.65,109.27,0.968,-1,-1,-1
848,348,1598.02,614.35,51.05,164.15,0.9679,-1,-1,-1
848,317,944.6,397.18,69.98,107.69,0.9675,-1,-1,-1
848,341,1768.59,260.68,42.46,117.59,0.9651,-1,-1,-1
848,146,1434.25,115.96,37.07,94.89,0.9589,-1,-1,-1
848,346,1292.67,446.97,78.94,115.06,0.9576,-1,-1,-1
848,362,1876.65,232.22,38.94,110.89,0.9537,-1,-1,-1
848,314,1146.12,58.25,32.24,83.42,0.95,-1,-1,-1
848,392,1806.6,405.1,65.26,109.97,0.9459,-1,-1,-1
848,368,1226.54,218.93,42.65,108.98,0.9244,-1,-1,-1
848,397,927.38,393.91,31.32,71.2,0.9003,-1,-1,-1
848,399,1894.35,248.88,24.39,93.25,0.4242,-1,-1,-1
849,378,1498.17,218.45,60.03,101.97,0.9778,-1,-1,-1
849,249,694.14,498.95,83.93,141.8,0.9774,-1,-1,-1
849,338,1817.03,253.65,53.77,115.04,0.9766,-1,-1,-1
849,330,1122.58,723.48,69.22,169.34,0.9731,-1,-1,-1
849,191,145.41,183.72,44.64,106.06,0.9727,-1,-1,-1
849,197,1669.61,381.06,75.5,118.81,0.9727,-1,-1,-1
849,192,183.83,587.21,57.1,167.88,0.9713,-1,-1,-1
849,341,1772.65,259.63,44.06,117.37,0.9712,-1,-1,-1
849,354,1587.79,175.07,49.19,103.68,0.9704,-1,-1,-1
849,340,1195.05,465.02,66.2,132.05,0.97,-1,-1,-1
849,146,1438.91,115.62,40.93,93.55,0.9691,-1,-1,-1
849,346,1297.99,446.57,80.65,119.31,0.9665,-1,-1,-1
849,144,695.38,414.81,49.79,118.9,0.9663,-1,-1,-1
849,147,328.22,201.06,39.72,97.88,0.9647,-1,-1,-1
849,368,1227.03,217.63,45.34,109.11,0.9647,-1,-1,-1
849,348,1606.5,611.12,48.92,165.15,0.9606,-1,-1,-1
849,314,1149.67,57.21,32.4,84.38,0.9573,-1,-1,-1
849,317,946.23,398.22,69.07,108.73,0.9564,-1,-1,-1
849,362,1875.59,233.55,39.43,108.64,0.9542,-1,-1,-1
849,392,1798.72,400.61,73.39,113.23,0.9529,-1,-1,-1
849,397,933.55,394.16,30.62,74.82,0.5636,-1,-1,-1
849,399,1897.68,251.46,21.75,89.32,0.5539,-1,-1,-1
850,249,704.82,497.2,78.92,144.09,0.9789,-1,-1,-1
850,197,1659.69,377.75,82.37,121.49,0.9775,-1,-1,-1
850,340,1199.71,465.73,66.78,134.82,0.9765,-1,-1,-1
850,346,1301.32,448.96,87.18,123.04,0.9751,-1,-1,-1
850,191,144.74,183.35,51.0,105.71,0.9748,-1,-1,-1
850,378,1504.36,217.76,60.47,101.69,0.9742,-1,-1,-1
850,330,1135.66,723.62,61.47,168.16,0.974,-1,-1,-1
850,354,1594.61,176.32,48.34,100.48,0.9724,-1,-1,-1
850,348,1608.46,613.52,50.6,162.62,0.972,-1,-1,-1
850,144,691.12,419.39,53.78,116.38,0.9718,-1,-1,-1
850,146,1442.23,115.88,43.03,92.08,0.9699,-1,-1,-1
850,192,184.88,586.97,60.23,167.71,0.9679,-1,-1,-1
850,368,1228.54,216.51,45.1,110.47,0.9666,-1,-1,-1
850,338,1818.66,257.49,57.51,111.38,0.9651,-1,-1,-1
850,317,950.48,396.98,65.33,114.77,0.9616,-1,-1,-1
850,362,1872.52,234.81,42.7,104.94,0.9588,-1,-1,-1
850,392,1784.56,411.35,86.38,99.91,0.9549,-1,-1,-1
850,314,1154.94,57.15,30.11,82.28,0.9485,-1,-1,-1
850,341,1778.42,256.06,45.31,114.96,0.9474,-1,-1,-1
850,147,336.17,202.91,31.76,97.21,0.9219,-1,-1,-1
850,397,939.83,393.4,29.99,76.61,0.5017,-1,-1,-1
851,197,1650.9,378.53,86.31,117.32,0.9816,-1,-1,-1
851,249,720.99,492.35,66.05,147.55,0.9793,-1,-1,-1
851,341,1784.01,260.07,43.93,115.27,0.9765,-1,-1,-1
851,346,1309.51,450.06,82.38,121.68,0.9762,-1,-1,-1
851,348,1611.9,615.64,53.69,159.87,0.9755,-1,-1,-1
851,340,1203.55,468.61,67.63,136.02,0.9752,-1,-1,-1
851,146,1443.73,115.76,47.11,91.96,0.9748,-1,-1,-1
851,378,1515.15,214.53,54.85,103.26,0.9746,-1,-1,-1
851,191,143.88,183.0,53.52,105.72,0.9742,-1,-1,-1
851,354,1599.6,176.38,46.05,99.02,0.9732,-1,-1,-1
851,368,1228.66,215.52,46.21,110.38,0.9712,-1,-1,-1
851,338,1823.45,257.32,57.57,110.57,0.9699,-1,-1,-1
851,330,1143.67,722.15,60.06,170.28,0.9693,-1,-1,-1
851,192,186.0,586.29,63.06,167.74,0.9678,-1,-1,-1
851,144,692.58,421.61,52.24,115.73,0.9673,-1,-1,-1
851,317,948.06,393.59,68.76,118.15,0.9551,-1,-1,-1
851,314,1158.82,56.62,31.55,81.02,0.9521,-1,-1,-1
851,362,1872.92,236.26,43.11,102.96,0.95,-1,-1,-1
851,147,340.99,200.92,29.94,96.26,0.9497,-1,-1,-1
851,392,1775.94,400.78,84.77,106.03,0.9362,-1,-1,-1
851,397,944.3,393.73,27.27,74.01,0.481,-1,-1,-1
852,192,187.36,583.92,69.35,169.19,0.9777,-1,-1,-1
852,354,1603.36,174.1,43.75,100.08,0.976,-1,-1,-1
852,340,1206.57,473.73,65.35,133.18,0.9759,-1,-1,-1
852,348,1611.83,616.37,65.65,159.33,0.9754,-1,-1,-1
852,378,1526.0,210.07,49.61,107.45,0.9746,-1,-1,-1
852,191,143.42,181.87,53.08,105.71,0.9739,-1,-1,-1
852,341,1787.33,258.5,50.52,115.56,0.9731,-1,-1,-1
852,368,1229.04,213.45,46.98,108.97,0.973,-1,-1,-1
852,146,1444.67,112.83,49.99,93.97,0.9729,-1,-1,-1
852,249,735.35,487.89,56.22,148.2,0.9729,-1,-1,-1
852,330,1145.0,722.09,67.39,171.67,0.9723,-1,-1,-1
852,144,690.42,420.8,53.85,118.88,0.9688,-1,-1,-1
852,338,1832.55,254.29,56.17,112.7,0.968,-1,-1,-1
852,317,954.21,394.53,63.2,117.36,0.9656,-1,-1,-1
852,197,1649.53,376.37,77.14,119.2,0.9648,-1,-1,-1
852,314,1163.92,55.84,35.29,80.0,0.9557,-1,-1,-1
852,346,1325.14,453.94,65.65,112.68,0.9505,-1,-1,-1
852,147,345.08,199.26,29.0,96.02,0.9459,-1,-1,-1
852,362,1873.18,236.33,44.78,98.42,0.8892,-1,-1,-1
852,397,950.99,391.84,22.66,76.18,0.7879,-1,-1,-1
852,392,1774.42,397.28,47.36,93.9,0.6494,-1,-1,-1
852,372,1773.82,825.61,72.13,189.85,0.3152,-1,-1,-1
853,192,188.8,584.39,67.54,167.32,0.9799,-1,-1,-1
853,249,746.73,485.12,49.71,149.21,0.9757,-1,-1,-1
853,368,1231.02,211.64,45.24,109.47,0.9751,-1,-1,-1
853,340,1208.22,477.87,66.25,130.03,0.975,-1,-1,-1
853,354,1608.15,170.15,42.3,100.1,0.9744,-1,-1,-1
853,191,143.61,180.07,52.1,105.85,0.9742,-1,-1,-1
853,348,1611.06,617.2,76.0,156.95,0.9737,-1,-1,-1
853,146,1446.74,110.55,50.82,93.06,0.9724,-1,-1,-1
853,341,1790.03,258.21,57.48,114.19,0.9721,-1,-1,-1
853,378,1537.53,205.55,44.25,109.46,0.9708,-1,-1,-1
853,330,1146.03,719.81,76.27,173.78,0.9704,-1,-1,-1
853,144,687.69,418.05,56.93,120.46,0.969,-1,-1,-1
853,338,1839.76,250.16,48.61,118.77,0.9677,-1,-1,-1
853,317,957.09,389.39,60.63,120.91,0.9653,-1,-1,-1
853,314,1168.29,55.79,38.78,77.36,0.9592,-1,-1,-1
853,346,1323.73,445.28,68.86,124.58,0.9567,-1,-1,-1
853,147,346.41,196.29,31.16,97.6,0.9551,-1,-1,-1
853,197,1638.2,374.82,71.06,118.94,0.9426,-1,-1,-1
853,362,1872.59,234.54,46.87,99.91,0.9195,-1,-1,-1
853,392,1768.71,404.83,56.03,97.16,0.8166,-1,-1,-1
854,192,188.8,584.39,67.58,167.36,0.98,-1,-1,-1
854,249,746.64,485.18,49.8,149.18,0.9758,-1,-1,-1
854,368,1231.0,211.64,45.25,109.47,0.9752,-1,-1,-1
854,340,1208.18,477.9,66.27,130.02,0.975,-1,-1,-1
854,354,1608.12,170.16,42.32,100.11,0.9744,-1,-1,-1
854,191,143.61,180.05,52.04,105.84,0.9742,-1,-1,-1
854,348,1611.1,617.19,76.04,156.87,0.9736,-1,-1,-1
854,146,1446.74,110.55,50.82,93.08,0.9725,-1,-1,-1
854,341,1790.01,258.26,57.67,114.2,0.9724,-1,-1,-1
854,378,1537.54,205.54,44.25,109.48,0.9708,-1,-1,-1
854,330,1146.01,719.8,76.26,173.79,0.9704,-1,-1,-1
854,144,687.79,418.07,56.8,120.44,0.9689,-1,-1,-1
854,338,1839.84,250.23,48.46,118.5,0.9676,-1,-1,-1
854,317,957.21,389.39,60.51,120.91,0.9658,-1,-1,-1
854,314,1168.25,55.75,38.87,77.4,0.9593,-1,-1,-1
854,346,1323.59,445.32,69.03,124.54,0.9571,-1,-1,-1
854,147,346.37,196.3,31.17,97.56,0.955,-1,-1,-1
854,197,1638.03,374.86,71.44,118.87,0.9459,-1,-1,-1
854,362,1872.63,234.43,46.81,99.94,0.9199,-1,-1,-1
854,392,1768.77,405.54,55.46,96.07,0.8105,-1,-1,-1
854,402,1770.92,420.52,29.55,82.61,0.3877,-1,-1,-1
855,192,189.42,582.51,69.51,168.18,0.9791,-1,-1,-1
855,249,752.52,484.02,48.3,148.67,0.977,-1,-1,-1
855,348,1612.92,617.37,84.63,157.23,0.9764,-1,-1,-1
855,330,1147.11,719.02,91.42,172.82,0.9754,-1,-1,-1
855,340,1211.32,482.89,62.67,125.49,0.9751,-1,-1,-1
855,191,144.66,179.07,49.37,105.34,0.9748,-1,-1,-1
855,144,684.96,414.05,59.98,123.02,0.9736,-1,-1,-1
855,146,1447.23,109.47,51.87,92.68,0.972,-1,-1,-1
855,354,1613.54,166.14,40.69,101.48,0.9717,-1,-1,-1
855,378,1547.75,201.73,39.48,110.14,0.9709,-1,-1,-1
855,317,957.19,387.74,61.15,121.05,0.9681,-1,-1,-1
855,147,345.91,193.93,36.1,100.61,0.9673,-1,-1,-1
855,341,1795.24,258.0,56.8,112.26,0.967,-1,-1,-1
855,314,1170.66,54.11,40.98,76.82,0.9647,-1,-1,-1
855,368,1232.31,209.79,43.77,110.05,0.9642,-1,-1,-1
855,338,1846.8,249.56,46.33,117.23,0.963,-1,-1,-1
855,346,1333.2,443.57,61.13,125.91,0.9569,-1,-1,-1
855,197,1631.38,375.09,59.01,117.54,0.9432,-1,-1,-1
855,392,1759.45,398.38,37.94,105.44,0.9425,-1,-1,-1
855,362,1868.81,233.52,48.94,98.33,0.9336,-1,-1,-1
856,330,1148.77,719.74,93.85,173.13,0.9806,-1,-1,-1
856,348,1613.41,618.37,89.6,155.26,0.9786,-1,-1,-1
856,192,189.96,582.31,67.85,168.08,0.9783,-1,-1,-1
856,191,149.35,177.91,44.49,105.53,0.9758,-1,-1,-1
856,249,757.87,483.97,47.83,147.37,0.9728,-1,-1,-1
856,144,678.71,412.32,64.81,122.12,0.9726,-1,-1,-1
856,340,1213.72,484.76,56.97,123.23,0.9724,-1,-1,-1
856,147,345.65,193.51,41.39,100.41,0.9716,-1,-1,-1
856,354,1620.55,161.93,38.25,103.69,0.9713,-1,-1,-1
856,317,958.28,386.67,60.54,121.04,0.9701,-1,-1,-1
856,146,1448.91,109.69,51.53,91.98,0.9697,-1,-1,-1
856,341,1802.43,257.08,58.0,115.17,0.9685,-1,-1,-1
856,197,1629.54,374.92,49.95,116.25,0.9663,-1,-1,-1
856,314,1173.35,52.87,42.05,77.44,0.966,-1,-1,-1
856,378,1553.48,199.49,37.36,110.62,0.9646,-1,-1,-1
856,346,1333.03,439.21,60.85,127.45,0.9608,-1,-1,-1
856,368,1233.67,208.48,42.51,111.61,0.9606,-1,-1,-1
856,392,1747.5,393.57,46.87,110.23,0.9586,-1,-1,-1
856,362,1873.31,244.41,44.59,87.98,0.9395,-1,-1,-1
856,338,1855.21,250.76,40.61,110.05,0.8764,-1,-1,-1
857,330,1150.46,720.4,93.22,172.98,0.9827,-1,-1,-1
857,249,761.79,485.94,53.8,146.49,0.9781,-1,-1,-1
857,340,1212.21,486.76,52.69,121.44,0.9778,-1,-1,-1
857,192,189.01,581.67,67.28,167.78,0.9762,-1,-1,-1
857,348,1613.62,616.74,90.69,156.29,0.9761,-1,-1,-1
857,147,345.94,193.82,49.05,100.55,0.973,-1,-1,-1
857,346,1334.2,438.4,61.21,129.34,0.973,-1,-1,-1
857,317,959.18,387.33,62.41,119.31,0.9722,-1,-1,-1
857,144,673.33,411.25,61.61,120.92,0.9721,-1,-1,-1
857,341,1802.32,257.66,65.53,115.1,0.972,-1,-1,-1
857,146,1450.53,107.54,49.88,93.33,0.9708,-1,-1,-1
857,191,154.14,177.97,39.16,105.62,0.9705,-1,-1,-1
857,314,1174.15,52.02,41.88,77.73,0.9651,-1,-1,-1
857,378,1556.8,198.92,38.41,110.24,0.9639,-1,-1,-1
857,197,1610.94,375.21,64.77,115.73,0.9635,-1,-1,-1
857,354,1624.79,158.75,37.38,106.12,0.961,-1,-1,-1
857,368,1234.03,208.33,41.59,112.01,0.9555,-1,-1,-1
857,338,1858.57,246.58,41.87,116.15,0.9423,-1,-1,-1
857,392,1729.7,393.95,64.47,112.46,0.9229,-1,-1,-1
857,403,1850.42,229.06,31.84,101.1,0.9031,-1,-1,-1
858,330,1153.0,721.58,95.81,171.48,0.9775,-1,-1,-1
858,340,1210.58,485.94,51.46,122.26,0.9774,-1,-1,-1
858,249,766.21,489.94,63.32,144.96,0.9764,-1,-1,-1
858,192,188.0,580.67,66.81,167.99,0.9743,-1,-1,-1
858,348,1612.84,616.35,91.53,154.91,0.9737,-1,-1,-1
858,346,1333.14,437.96,63.7,132.56,0.9732,-1,-1,-1
858,147,345.77,194.54,51.38,100.12,0.9732,-1,-1,-1
858,341,1801.18,257.65,67.46,115.83,0.9731,-1,-1,-1
858,197,1600.54,374.4,70.66,120.73,0.9725,-1,-1,-1
858,144,670.66,410.49,51.52,122.53,0.971,-1,-1,-1
858,146,1452.57,106.55,46.11,93.65,0.9697,-1,-1,-1
858,378,1557.58,199.79,40.11,109.56,0.9689,-1,-1,-1
858,317,959.73,389.11,63.03,118.55,0.9671,-1,-1,-1
858,314,1173.54,51.91,43.04,77.79,0.9657,-1,-1,-1
858,354,1627.35,156.85,36.82,106.44,0.9619,-1,-1,-1
858,191,158.29,176.88,34.02,108.33,0.9609,-1,-1,-1
858,392,1708.46,392.92,80.44,115.27,0.9598,-1,-1,-1
858,338,1857.08,247.6,40.41,115.52,0.9585,-1,-1,-1
858,368,1233.06,208.41,41.28,111.74,0.9521,-1,-1,-1
858,403,1847.42,227.87,33.21,103.4,0.9004,-1,-1,-1
859,249,771.21,491.17,70.08,142.97,0.9763,-1,-1,-1
859,197,1592.57,374.35,72.32,122.2,0.9762,-1,-1,-1
859,340,1210.4,483.74,49.68,123.64,0.976,-1,-1,-1
859,144,670.92,409.35,42.96,126.3,0.974,-1,-1,-1
859,192,187.28,580.49,66.95,167.55,0.9723,-1,-1,-1
859,378,1558.93,201.72,41.53,106.95,0.9718,-1,-1,-1
859,341,1801.2,257.42,66.8,115.82,0.9701,-1,-1,-1
859,147,348.49,199.18,50.76,96.91,0.9701,-1,-1,-1
859,330,1165.37,718.47,86.82,175.96,0.9697,-1,-1,-1
859,346,1334.12,439.88,66.08,134.2,0.9691,-1,-1,-1
859,146,1457.14,105.92,40.93,94.38,0.9668,-1,-1,-1
859,392,1696.55,394.57,81.0,115.39,0.9657,-1,-1,-1
859,354,1630.17,156.16,37.49,105.3,0.9655,-1,-1,-1
859,317,960.6,390.73,65.86,121.37,0.9638,-1,-1,-1
859,314,1174.17,52.23,42.08,77.75,0.9636,-1,-1,-1
859,338,1855.3,249.81,42.77,113.64,0.963,-1,-1,-1
859,348,1616.81,616.17,90.75,153.15,0.962,-1,-1,-1
859,191,158.51,177.3,34.45,107.63,0.9561,-1,-1,-1
859,368,1233.04,207.95,40.72,112.03,0.9424,-1,-1,-1
859,403,1842.13,223.57,36.65,95.35,0.9229,-1,-1,-1
860,197,1592.59,374.32,72.33,122.17,0.9763,-1,-1,-1
860,249,771.18,491.12,70.1,142.97,0.9763,-1,-1,-1
860,340,1210.35,483.76,49.66,123.58,0.9761,-1,-1,-1
860,144,670.91,409.32,43.0,126.36,0.9741,-1,-1,-1
860,378,1558.93,201.75,41.54,106.9,0.9719,-1,-1,-1
860,192,187.22,580.48,66.9,167.57,0.9718,-1,-1,-1
860,147,348.45,198.63,50.83,97.46,0.9703,-1,-1,-1
860,341,1801.22,257.24,66.75,115.97,0.9701,-1,-1,-1
860,330,1165.39,718.45,86.78,176.07,0.9696,-1,-1,-1
860,346,1334.11,439.88,65.96,134.14,0.969,-1,-1,-1
860,392,1696.38,394.58,81.14,115.41,0.9668,-1,-1,-1
860,146,1457.14,105.97,40.94,94.38,0.9667,-1,-1,-1
860,354,1630.16,156.15,37.47,105.31,0.9655,-1,-1,-1
860,317,960.57,390.66,65.84,121.4,0.9639,-1,-1,-1
860,314,1174.18,52.22,42.14,77.8,0.9636,-1,-1,-1
860,338,1855.15,249.87,42.83,113.7,0.9628,-1,-1,-1
860,348,1616.73,616.21,90.81,153.11,0.9619,-1,-1,-1
860,191,158.5,177.29,34.46,107.66,0.9564,-1,-1,-1
860,368,1232.98,207.95,40.76,112.0,0.944,-1,-1,-1
860,403,1842.14,223.56,36.62,94.89,0.9217,-1,-1,-1
861,249,773.55,492.06,78.87,141.89,0.9797,-1,-1,-1
861,340,1209.44,479.65,50.66,127.38,0.9766,-1,-1,-1
861,378,1560.87,204.38,46.1,105.62,0.9741,-1,-1,-1
861,192,188.29,579.65,64.96,168.04,0.9738,-1,-1,-1
861,197,1578.07,375.43,82.86,122.88,0.9737,-1,-1,-1
861,330,1177.76,718.27,80.07,177.67,0.9733,-1,-1,-1
861,346,1334.82,442.01,69.9,134.59,0.9729,-1,-1,-1
861,144,667.25,413.39,41.4,128.41,0.9729,-1,-1,-1
861,341,1801.96,259.91,67.49,111.56,0.9722,-1,-1,-1
861,348,1630.45,616.77,86.98,153.67,0.9684,-1,-1,-1
861,147,352.71,209.77,48.62,85.17,0.9676,-1,-1,-1
861,146,1461.3,105.24,36.3,95.35,0.9675,-1,-1,-1
861,392,1685.26,394.51,79.18,118.38,0.9671,-1,-1,-1
861,338,1857.31,247.22,42.52,118.67,0.9638,-1,-1,-1
861,354,1632.86,155.89,36.76,105.46,0.9626,-1,-1,-1
861,317,961.56,395.43,65.55,120.1,0.9619,-1,-1,-1
861,314,1176.2,50.53,39.33,79.44,0.9613,-1,-1,-1
861,191,158.65,177.18,35.18,107.36,0.9586,-1,-1,-1
861,368,1232.89,207.52,40.22,112.23,0.9417,-1,-1,-1
861,403,1839.04,220.55,32.33,69.15,0.8812,-1,-1,-1
862,197,1566.82,377.84,84.17,124.17,0.9785,-1,-1,-1
862,340,1206.42,476.0,51.23,130.5,0.9777,-1,-1,-1
862,144,659.79,415.02,44.89,125.72,0.9769,-1,-1,-1
862,348,1644.94,610.32,79.96,159.57,0.9749,-1,-1,-1
862,378,1561.75,207.01,53.17,102.89,0.9742,-1,-1,-1
862,192,190.2,579.13,63.75,167.59,0.974,-1,-1,-1
862,249,772.58,492.63,86.22,141.14,0.9727,-1,-1,-1
862,341,1805.23,255.0,65.58,116.07,0.9725,-1,-1,-1
862,354,1634.52,156.43,43.65,106.39,0.9723,-1,-1,-1
862,346,1338.09,449.32,68.29,128.05,0.9708,-1,-1,-1
862,338,1861.02,248.15,40.06,117.82,0.9697,-1,-1,-1
862,191,159.84,177.11,37.02,107.06,0.9634,-1,-1,-1
862,392,1678.4,394.87,67.76,119.55,0.9628,-1,-1,-1
862,330,1192.35,716.28,71.64,178.83,0.9623,-1,-1,-1
862,314,1179.89,49.97,34.74,79.06,0.9618,-1,-1,-1
862,317,966.46,402.06,60.49,118.8,0.9616,-1,-1,-1
862,146,1468.37,104.51,29.22,96.48,0.9555,-1,-1,-1
862,368,1233.32,207.06,38.74,112.48,0.9522,-1,-1,-1
862,147,360.18,211.0,43.7,85.24,0.929,-1,-1,-1
862,403,1834.09,218.85,34.24,66.97,0.8859,-1,-1,-1
862,404,1771.79,824.23,74.21,189.08,0.4064,-1,-1,-1
863,354,1638.19,160.27,51.24,103.05,0.9776,-1,-1,-1
863,197,1564.58,381.48,77.35,124.2,0.9771,-1,-1,-1
863,340,1203.94,475.31,50.93,130.86,0.9746,-1,-1,-1
863,192,196.25,578.69,58.35,166.48,0.9737,-1,-1,-1
863,346,1339.24,450.81,67.04,129.44,0.9731,-1,-1,-1
863,378,1565.89,209.34,58.55,101.69,0.9717,-1,-1,-1
863,317,966.74,403.04,62.95,121.05,0.9711,-1,-1,-1
863,338,1862.67,251.52,40.63,115.25,0.9699,-1,-1,-1
863,330,1206.37,715.8,65.78,179.93,0.9696,-1,-1,-1
863,144,648.99,416.42,53.4,126.85,0.969,-1,-1,-1
863,191,161.14,178.13,39.35,108.71,0.9679,-1,-1,-1
863,249,774.15,494.84,86.03,139.39,0.9662,-1,-1,-1
863,348,1666.8,607.7,66.21,160.3,0.9556,-1,-1,-1
863,392,1676.17,395.19,47.8,119.45,0.9552,-1,-1,-1
863,314,1184.61,49.89,30.78,79.68,0.9532,-1,-1,-1
863,341,1811.17,229.27,62.3,138.9,0.9502,-1,-1,-1
863,146,1474.45,104.8,24.48,96.04,0.94,-1,-1,-1
863,147,374.53,202.99,37.9,93.78,0.9323,-1,-1,-1
863,368,1234.5,208.18,38.63,112.07,0.9133,-1,-1,-1
863,404,1773.37,824.79,73.78,190.52,0.4101,-1,-1,-1
864,317,968.28,409.84,64.92,115.35,0.9771,-1,-1,-1
864,249,778.02,494.21,85.57,140.73,0.9753,-1,-1,-1
864,346,1341.37,457.88,65.34,129.4,0.9748,-1,-1,-1
864,192,204.08,578.86,53.92,163.04,0.9745,-1,-1,-1
864,378,1568.17,211.51,61.13,102.39,0.9731,-1,-1,-1
864,354,1638.94,165.31,58.93,101.78,0.9721,-1,-1,-1
864,191,166.19,181.49,42.98,107.41,0.9719,-1,-1,-1
864,144,641.02,417.16,63.17,129.38,0.9676,-1,-1,-1
864,348,1682.85,609.8,58.79,156.38,0.9673,-1,-1,-1
864,340,1200.09,475.27,51.47,129.12,0.9665,-1,-1,-1
864,338,1865.32,254.08,37.62,112.4,0.9664,-1,-1,-1
864,330,1210.97,716.66,66.21,176.43,0.9655,-1,-1,-1
864,392,1666.4,398.59,41.11,117.9,0.9632,-1,-1,-1
864,341,1818.52,267.12,54.17,107.43,0.96,-1,-1,-1
864,368,1235.5,211.45,37.82,109.8,0.9537,-1,-1,-1
864,314,1190.8,52.05,24.76,80.06,0.9489,-1,-1,-1
864,147,380.76,202.34,37.4,97.35,0.9443,-1,-1,-1
864,403,1822.19,219.41,41.89,85.59,0.9315,-1,-1,-1
864,146,1477.82,110.16,23.17,92.94,0.9282,-1,-1,-1
864,197,1561.23,383.87,55.54,122.51,0.9146,-1,-1,-1
864,404,1772.64,823.87,73.34,190.91,0.3523,-1,-1,-1
865,378,1570.64,214.42,66.39,103.0,0.9774,-1,-1,-1
865,346,1342.71,464.92,67.05,127.47,0.9748,-1,-1,-1
865,354,1639.7,170.2,63.24,98.83,0.9742,-1,-1,-1
865,249,787.47,494.59,77.62,143.7,0.9726,-1,-1,-1
865,144,634.18,416.99,65.24,130.82,0.9724,-1,-1,-1
865,348,1688.31,606.38,60.09,158.91,0.9717,-1,-1,-1
865,317,970.32,414.73,64.44,110.97,0.9695,-1,-1,-1
865,340,1195.67,476.61,53.37,125.82,0.9685,-1,-1,-1
865,191,171.64,184.93,40.19,105.93,0.9635,-1,-1,-1
865,330,1214.09,717.19,72.55,178.65,0.9621,-1,-1,-1
865,197,1557.07,385.77,36.23,120.64,0.9604,-1,-1,-1
865,338,1866.85,256.38,36.46,114.02,0.9602,-1,-1,-1
865,403,1816.69,226.9,39.97,111.45,0.9592,-1,-1,-1
865,192,210.34,578.96,53.67,162.62,0.9586,-1,-1,-1
865,147,387.25,201.28,36.92,100.45,0.9582,-1,-1,-1
865,368,1237.24,213.47,36.8,109.36,0.9555,-1,-1,-1
865,392,1650.07,398.42,54.63,119.94,0.9509,-1,-1,-1
865,314,1195.27,54.12,23.22,78.78,0.9454,-1,-1,-1
865,146,1480.62,113.38,24.68,92.19,0.9278,-1,-1,-1
865,341,1826.86,262.85,45.17,111.08,0.8996,-1,-1,-1
865,404,1773.2,825.76,77.41,192.72,0.3599,-1,-1,-1
866,378,1570.63,214.41,66.39,103.02,0.9774,-1,-1,-1
866,346,1342.72,464.91,67.06,127.48,0.9749,-1,-1,-1
866,354,1639.68,170.19,63.27,98.85,0.9742,-1,-1,-1
866,249,787.28,494.59,77.79,143.72,0.9723,-1,-1,-1
866,144,634.04,416.96,65.44,130.87,0.9722,-1,-1,-1
866,348,1688.31,606.35,60.11,159.18,0.9717,-1,-1,-1
866,317,970.32,414.75,64.42,110.94,0.9695,-1,-1,-1
866,340,1195.68,476.61,53.35,125.84,0.9686,-1,-1,-1
866,191,170.95,184.69,40.77,106.5,0.9633,-1,-1,-1
866,330,1214.09,717.2,72.52,178.63,0.9622,-1,-1,-1
866,197,1557.05,385.43,36.14,121.38,0.9608,-1,-1,-1
866,338,1866.85,256.38,36.46,114.06,0.9603,-1,-1,-1
866,403,1816.68,226.94,39.92,111.44,0.959,-1,-1,-1
866,192,211.2,580.07,52.42,162.47,0.9589,-1,-1,-1
866,147,387.26,201.28,36.94,100.49,0.9581,-1,-1,-1
866,368,1237.22,213.47,36.82,109.36,0.9556,-1,-1,-1
866,392,1650.03,398.47,54.66,119.88,0.9516,-1,-1,-1
866,314,1195.29,54.13,23.2,78.78,0.9453,-1,-1,-1
866,146,1480.62,113.39,24.67,92.18,0.9278,-1,-1,-1
866,341,1826.85,262.78,45.18,111.16,0.8992,-1,-1,-1
866,406,975.19,467.08,26.98,55.08,0.7521,-1,-1,-1
866,404,1773.33,825.74,77.26,192.86,0.3592,-1,-1,-1
867,378,1572.74,215.06,71.13,104.18,0.9763,-1,-1,-1
867,330,1216.09,719.01,80.6,179.3,0.9759,-1,-1,-1
867,249,801.84,493.08,67.47,144.69,0.9749,-1,-1,-1
867,197,1548.33,385.18,43.84,123.63,0.9737,-1,-1,-1
867,144,628.58,417.33,68.96,130.56,0.9735,-1,-1,-1
867,354,1642.04,171.98,60.36,99.18,0.9732,-1,-1,-1
867,341,1832.13,263.65,44.4,114.86,0.9711,-1,-1,-1
867,403,1811.9,227.84,41.93,111.53,0.9686,-1,-1,-1
867,340,1196.24,477.48,52.0,124.8,0.9681,-1,-1,-1
867,191,175.88,187.3,39.82,106.19,0.968,-1,-1,-1
867,192,214.38,581.61,56.35,161.67,0.9656,-1,-1,-1
867,147,391.3,206.99,39.03,98.07,0.9646,-1,-1,-1
867,317,975.27,419.96,60.8,108.72,0.9598,-1,-1,-1
867,368,1239.28,215.5,36.18,109.22,0.9534,-1,-1,-1
867,348,1697.72,613.05,56.86,152.61,0.9509,-1,-1,-1
867,392,1639.69,403.75,64.19,115.42,0.9486,-1,-1,-1
867,346,1346.7,473.58,64.55,123.06,0.947,-1,-1,-1
867,338,1871.7,258.81,33.8,111.79,0.9202,-1,-1,-1
867,314,1200.08,55.39,22.19,80.5,0.8962,-1,-1,-1
867,146,1484.48,125.48,29.55,81.38,0.8936,-1,-1,-1
867,406,975.19,464.59,28.47,59.69,0.835,-1,-1,-1
867,404,1773.12,822.9,88.37,200.51,0.5103,-1,-1,-1
868,330,1215.64,724.56,91.12,176.34,0.9756,-1,-1,-1
868,378,1575.19,217.09,71.47,103.41,0.9753,-1,-1,-1
868,147,393.9,206.0,42.37,100.71,0.9751,-1,-1,-1
868,197,1539.84,384.14,46.84,125.1,0.9748,-1,-1,-1
868,249,819.61,490.97,54.32,147.01,0.9743,-1,-1,-1
868,144,625.68,418.32,71.1,129.99,0.9735,-1,-1,-1
868,192,213.77,582.92,63.12,162.22,0.9733,-1,-1,-1
868,403,1805.89,231.92,44.3,110.53,0.9722,-1,-1,-1
868,354,1644.95,171.54,60.94,100.83,0.9714,-1,-1,-1
868,341,1837.64,264.55,40.86,116.48,0.9685,-1,-1,-1
868,191,179.57,188.68,39.58,106.18,0.9672,-1,-1,-1
868,392,1612.4,395.23,88.84,125.09,0.9668,-1,-1,-1
868,348,1703.54,610.98,59.25,160.91,0.9658,-1,-1,-1
868,317,973.4,422.55,63.26,107.58,0.9624,-1,-1,-1
868,340,1196.92,476.99,51.13,125.24,0.9598,-1,-1,-1
868,368,1240.51,217.53,36.34,108.75,0.956,-1,-1,-1
868,346,1345.94,479.94,62.71,119.61,0.955,-1,-1,-1
868,338,1873.81,259.88,34.35,110.11,0.9433,-1,-1,-1
868,314,1202.28,57.02,23.91,80.65,0.9387,-1,-1,-1
868,146,1486.23,137.16,33.27,71.96,0.8931,-1,-1,-1
868,407,1489.01,117.89,20.11,58.13,0.8462,-1,-1,-1
868,406,974.32,464.28,29.47,61.91,0.6534,-1,-1,-1
869,192,213.49,580.69,70.37,165.69,0.9764,-1,-1,-1
869,378,1581.97,218.1,66.12,102.98,0.976,-1,-1,-1
869,144,626.49,421.46,69.91,126.06,0.9754,-1,-1,-1
869,147,396.86,208.68,45.5,100.48,0.9744,-1,-1,-1
869,354,1646.04,169.81,66.51,103.96,0.972,-1,-1,-1
869,197,1530.56,382.79,55.4,128.25,0.971,-1,-1,-1
869,330,1217.82,730.36,98.17,171.54,0.9709,-1,-1,-1
869,348,1710.58,613.94,57.94,163.29,0.9696,-1,-1,-1
869,249,831.66,488.42,46.76,150.02,0.9692,-1,-1,-1
869,191,182.95,190.73,39.24,105.11,0.968,-1,-1,-1
869,346,1344.73,484.7,63.53,115.96,0.9637,-1,-1,-1
869,403,1795.73,235.13,50.54,110.13,0.9611,-1,-1,-1
869,341,1838.47,263.37,44.38,118.65,0.9589,-1,-1,-1
869,317,975.17,424.6,63.03,107.98,0.9565,-1,-1,-1
869,392,1597.73,400.8,96.9,114.89,0.9551,-1,-1,-1
869,368,1241.59,218.29,36.89,109.66,0.9551,-1,-1,-1
869,340,1197.96,475.74,49.89,126.95,0.9532,-1,-1,-1
869,314,1204.81,58.92,26.74,80.98,0.9515,-1,-1,-1
869,338,1875.68,259.62,36.38,113.12,0.9481,-1,-1,-1
869,146,1487.38,141.46,38.29,68.28,0.9091,-1,-1,-1
869,407,1492.08,118.76,17.87,55.39,0.8026,-1,-1,-1
869,406,976.11,468.83,29.08,57.06,0.7393,-1,-1,-1
869,404,1778.32,829.71,88.65,189.93,0.3274,-1,-1,-1
870,197,1518.81,381.82,65.48,130.66,0.9757,-1,-1,-1
870,330,1218.33,730.16,101.96,176.52,0.9754,-1,-1,-1
870,348,1715.53,618.57,61.42,163.7,0.9751,-1,-1,-1
870,378,1588.88,217.89,61.25,103.84,0.9748,-1,-1,-1
870,144,626.37,422.69,69.41,125.55,0.9746,-1,-1,-1
870,346,1342.67,485.96,66.71,114.89,0.9735,-1,-1,-1
870,147,403.48,211.34,42.17,101.15,0.9714,-1,-1,-1
870,354,1648.81,168.91,64.33,104.75,0.9701,-1,-1,-1
870,192,210.55,579.91,77.73,169.93,0.9694,-1,-1,-1
870,146,1487.79,118.42,43.15,93.43,0.9691,-1,-1,-1
870,338,1875.71,260.0,39.54,115.75,0.9687,-1,-1,-1
870,317,970.55,424.64,68.54,109.37,0.9655,-1,-1,-1
870,341,1842.02,266.21,43.83,116.15,0.9651,-1,-1,-1
870,191,186.95,190.39,36.7,106.64,0.964,-1,-1,-1
870,403,1788.49,236.98,55.61,109.94,0.9612,-1,-1,-1
870,392,1589.67,407.23,96.33,107.01,0.9602,-1,-1,-1
870,368,1242.87,218.56,36.71,109.26,0.9564,-1,-1,-1
870,249,837.74,489.02,49.05,149.61,0.9563,-1,-1,-1
870,340,1199.67,472.96,48.75,132.05,0.95,-1,-1,-1
870,314,1207.39,61.17,31.1,79.45,0.9481,-1,-1,-1
870,404,1761.76,827.75,128.93,202.71,0.438,-1,-1,-1
871,348,1721.33,620.27,71.44,164.07,0.9746,-1,-1,-1
871,378,1599.48,217.34,51.68,104.64,0.9745,-1,-1,-1
871,330,1226.58,733.46,97.25,172.78,0.9737,-1,-1,-1
871,144,626.85,422.08,67.48,127.01,0.9733,-1,-1,-1
871,346,1339.57,484.47,70.93,117.15,0.9726,-1,-1,-1
871,249,842.85,489.56,50.11,149.8,0.9725,-1,-1,-1
871,197,1495.26,382.52,87.61,128.66,0.9704,-1,-1,-1
871,192,210.78,580.73,83.38,167.78,0.9698,-1,-1,-1
871,354,1653.36,167.1,62.71,107.48,0.9696,-1,-1,-1
871,146,1488.71,118.52,44.8,93.57,0.9688,-1,-1,-1
871,338,1877.27,260.3,39.11,115.76,0.9675,-1,-1,-1
871,317,968.37,424.19,72.2,110.22,0.9658,-1,-1,-1
871,403,1782.1,237.51,58.14,110.12,0.9633,-1,-1,-1
871,191,191.0,191.08,34.9,107.32,0.9629,-1,-1,-1
871,341,1844.57,267.93,44.63,118.11,0.9625,-1,-1,-1
871,368,1243.61,219.26,36.43,109.66,0.9585,-1,-1,-1
871,340,1197.42,472.39,49.93,131.48,0.9572,-1,-1,-1
871,314,1208.15,61.05,34.57,80.7,0.9562,-1,-1,-1
871,147,412.37,214.67,35.85,98.92,0.9496,-1,-1,-1
871,392,1578.86,402.92,95.48,118.53,0.9251,-1,-1,-1
871,404,1780.92,830.39,98.46,196.62,0.6119,-1,-1,-1
872,348,1721.4,620.22,71.38,164.12,0.9747,-1,-1,-1
872,378,1599.55,217.36,51.63,104.57,0.9746,-1,-1,-1
872,144,626.82,421.99,67.55,127.13,0.9734,-1,-1,-1
872,330,1226.61,733.52,97.36,172.66,0.9733,-1,-1,-1
872,249,842.92,489.61,50.25,149.69,0.9724,-1,-1,-1
872,346,1339.61,484.46,70.9,117.15,0.9724,-1,-1,-1
872,197,1495.31,382.42,87.6,128.68,0.9703,-1,-1,-1
872,354,1653.3,167.04,62.84,107.53,0.9699,-1,-1,-1
872,192,210.78,580.73,83.38,167.73,0.9698,-1,-1,-1
872,146,1488.69,118.51,44.8,93.53,0.9689,-1,-1,-1
872,338,1877.3,260.33,39.02,115.68,0.9676,-1,-1,-1
872,317,968.38,424.15,72.2,110.24,0.9657,-1,-1,-1
872,403,1782.16,237.53,58.19,110.09,0.9633,-1,-1,-1
872,341,1844.58,267.95,44.72,118.06,0.9626,-1,-1,-1
872,191,191.0,191.17,34.98,107.26,0.9626,-1,-1,-1
872,368,1243.6,219.24,36.47,109.68,0.9582,-1,-1,-1
872,340,1197.35,472.4,49.97,131.51,0.9571,-1,-1,-1
872,314,1208.15,61.07,34.56,80.73,0.956,-1,-1,-1
872,147,411.78,214.17,35.87,101.03,0.9487,-1,-1,-1
872,392,1578.59,403.13,96.01,118.31,0.9296,-1,-1,-1
872,404,1781.37,830.48,97.41,196.64,0.6536,-1,-1,-1
873,249,848.58,490.48,49.03,153.81,0.9763,-1,-1,-1
873,192,208.38,582.0,89.36,169.48,0.9758,-1,-1,-1
873,348,1727.15,625.01,88.65,159.5,0.9744,-1,-1,-1
873,144,626.43,420.77,64.94,127.34,0.9732,-1,-1,-1
873,197,1484.74,381.5,95.56,126.79,0.9732,-1,-1,-1
873,403,1778.75,235.84,62.24,111.15,0.9721,-1,-1,-1
873,146,1490.4,119.52,46.37,92.97,0.9707,-1,-1,-1
873,338,1879.9,261.05,39.46,115.17,0.9703,-1,-1,-1
873,354,1657.81,164.95,61.95,109.6,0.9695,-1,-1,-1
873,378,1614.33,214.63,42.7,108.2,0.9682,-1,-1,-1
873,330,1240.45,731.65,88.15,171.96,0.9676,-1,-1,-1
873,191,192.01,190.88,38.24,106.27,0.9666,-1,-1,-1
873,346,1336.95,482.53,75.1,119.97,0.9662,-1,-1,-1
873,317,965.17,423.54,75.71,110.73,0.966,-1,-1,-1
873,340,1198.03,473.0,49.61,130.26,0.9624,-1,-1,-1
873,341,1847.73,270.88,44.38,118.13,0.9569,-1,-1,-1
873,314,1209.94,61.62,35.23,79.71,0.9566,-1,-1,-1
873,368,1245.7,218.81,35.66,110.59,0.9558,-1,-1,-1
873,147,421.15,215.21,30.43,99.21,0.9321,-1,-1,-1
873,404,1779.06,834.89,108.06,194.42,0.716,-1,-1,-1
873,392,1579.49,410.52,61.63,83.43,0.3651,-1,-1,-1
874,192,208.02,584.36,96.84,167.57,0.9786,-1,-1,-1
874,249,853.78,494.61,56.63,152.51,0.9769,-1,-1,-1
874,340,1194.12,472.82,54.17,126.8,0.9755,-1,-1,-1
874,330,1253.41,730.0,81.74,174.88,0.975,-1,-1,-1
874,144,627.38,419.23,63.5,128.56,0.9735,-1,-1,-1
874,348,1733.64,624.77,99.9,159.79,0.9713,-1,-1,-1
874,197,1473.92,387.69,102.62,120.29,0.9707,-1,-1,-1
874,146,1492.18,120.79,46.36,91.01,0.9694,-1,-1,-1
874,354,1658.34,165.07,60.42,109.68,0.9687,-1,-1,-1
874,191,193.12,191.48,38.55,106.78,0.9682,-1,-1,-1
874,338,1883.47,262.99,36.53,114.1,0.9679,-1,-1,-1
874,317,962.61,422.98,78.49,112.32,0.9658,-1,-1,-1
874,403,1780.02,235.11,59.57,112.49,0.9636,-1,-1,-1
874,346,1332.55,481.66,78.29,121.24,0.9587,-1,-1,-1
874,341,1849.16,272.17,46.4,117.71,0.9576,-1,-1,-1
874,314,1211.3,61.59,34.93,79.84,0.957,-1,-1,-1
874,378,1624.58,214.52,36.0,108.29,0.9508,-1,-1,-1
874,147,427.01,215.6,29.28,100.22,0.9456,-1,-1,-1
874,368,1246.73,219.0,36.13,110.46,0.9437,-1,-1,-1
874,404,1784.09,829.93,106.99,200.31,0.5014,-1,-1,-1
874,392,1572.38,403.01,63.19,116.39,0.4157,-1,-1,-1
875,192,209.82,585.29,96.9,167.58,0.9812,-1,-1,-1
875,249,859.36,499.62,67.1,147.59,0.979,-1,-1,-1
875,330,1269.03,728.77,69.67,172.98,0.9768,-1,-1,-1
875,340,1190.56,475.04,56.3,120.09,0.9766,-1,-1,-1
875,197,1471.57,387.09,97.01,120.22,0.9745,-1,-1,-1
875,144,626.51,418.76,65.32,128.69,0.9709,-1,-1,-1
875,146,1493.34,120.78,45.94,91.25,0.9696,-1,-1,-1
875,354,1657.15,163.24,65.24,113.03,0.969,-1,-1,-1
875,403,1780.23,236.48,57.59,111.64,0.9642,-1,-1,-1
875,317,961.1,422.0,79.19,114.65,0.9636,-1,-1,-1
875,191,195.42,191.63,42.77,108.77,0.9629,-1,-1,-1
875,341,1852.03,272.51,45.53,117.56,0.9622,-1,-1,-1
875,338,1885.06,264.99,34.94,114.03,0.9599,-1,-1,-1
875,314,1212.66,62.8,33.38,78.49,0.9555,-1,-1,-1
875,378,1630.59,215.12,35.76,109.24,0.9536,-1,-1,-1
875,147,430.31,217.27,31.52,96.63,0.9507,-1,-1,-1
875,368,1247.43,219.57,36.53,109.74,0.9474,-1,-1,-1
875,348,1737.85,632.16,107.14,149.07,0.9462,-1,-1,-1
875,346,1323.86,479.4,84.42,121.33,0.9381,-1,-1,-1
875,392,1565.48,411.26,42.65,111.39,0.8614,-1,-1,-1
875,404,1790.06,831.17,102.65,198.73,0.6169,-1,-1,-1
876,192,210.26,582.86,100.06,170.87,0.9819,-1,-1,-1
876,340,1188.26,475.68,59.77,119.09,0.977,-1,-1,-1
876,191,196.54,193.12,46.63,107.3,0.9742,-1,-1,-1
876,249,865.79,503.92,74.03,146.26,0.9732,-1,-1,-1
876,144,625.7,418.24,66.02,128.39,0.9703,-1,-1,-1
876,403,1780.14,235.37,54.34,111.29,0.9696,-1,-1,-1
876,346,1321.86,480.1,79.42,117.91,0.9692,-1,-1,-1
876,197,1470.08,384.27,88.71,122.78,0.9686,-1,-1,-1
876,330,1286.48,727.33,53.64,174.86,0.9675,-1,-1,-1
876,146,1497.16,120.88,41.72,91.93,0.9672,-1,-1,-1
876,354,1659.02,164.15,61.52,111.98,0.967,-1,-1,-1
876,341,1853.68,273.77,47.46,116.49,0.965,-1,-1,-1
876,378,1634.8,216.03,37.16,106.17,0.9623,-1,-1,-1
876,348,1743.6,630.37,105.81,154.67,0.9597,-1,-1,-1
876,317,959.32,419.27,78.69,117.62,0.9584,-1,-1,-1
876,147,430.38,218.33,36.44,97.51,0.9577,-1,-1,-1
876,314,1215.06,63.04,30.86,78.44,0.9534,-1,-1,-1
876,368,1247.51,220.03,36.8,109.8,0.9504,-1,-1,-1
876,338,1885.62,266.72,34.38,113.2,0.932,-1,-1,-1
876,392,1561.59,416.1,39.75,106.71,0.9075,-1,-1,-1
876,404,1775.43,833.23,139.43,202.23,0.4998,-1,-1,-1
877,192,211.7,584.56,104.89,166.1,0.9814,-1,-1,-1
877,249,870.74,506.36,79.15,145.73,0.9775,-1,-1,-1
877,340,1191.43,475.37,56.83,120.28,0.9768,-1,-1,-1
877,191,197.37,194.14,54.0,106.77,0.9754,-1,-1,-1
877,197,1472.24,383.92,71.44,124.57,0.9749,-1,-1,-1
877,147,432.42,220.75,41.69,96.86,0.9703,-1,-1,-1
877,144,626.1,417.94,65.17,128.72,0.9694,-1,-1,-1
877,341,1856.0,274.83,48.24,115.98,0.969,-1,-1,-1
877,378,1638.04,217.57,42.9,105.93,0.9674,-1,-1,-1
877,354,1660.44,166.7,58.98,110.77,0.9663,-1,-1,-1
877,403,1779.06,236.55,50.81,109.96,0.9653,-1,-1,-1
877,330,1294.28,726.76,50.65,176.61,0.9599,-1,-1,-1
877,317,953.93,417.75,81.14,118.97,0.9541,-1,-1,-1
877,348,1747.32,628.04,107.01,160.54,0.9531,-1,-1,-1
877,346,1317.65,479.41,76.22,115.99,0.9506,-1,-1,-1
877,146,1502.07,124.41,36.15,88.39,0.9482,-1,-1,-1
877,314,1217.91,63.9,27.34,78.54,0.9424,-1,-1,-1
877,392,1552.26,401.17,42.41,123.22,0.9329,-1,-1,-1
877,368,1248.33,220.89,35.99,108.65,0.9302,-1,-1,-1
877,404,1781.49,837.64,125.11,198.63,0.9115,-1,-1,-1
877,338,1887.85,264.07,32.15,109.98,0.8673,-1,-1,-1
878,192,211.7,584.56,104.83,166.04,0.9813,-1,-1,-1
878,249,870.78,506.36,79.14,145.68,0.9776,-1,-1,-1
878,340,1191.36,475.38,56.97,120.18,0.9768,-1,-1,-1
878,191,197.36,194.1,54.11,106.76,0.9755,-1,-1,-1
878,197,1472.37,383.83,71.17,124.69,0.9741,-1,-1,-1
878,147,432.37,220.9,41.73,96.76,0.9704,-1,-1,-1
878,144,626.15,417.92,65.17,128.71,0.9692,-1,-1,-1
878,341,1855.87,274.88,48.56,115.97,0.9691,-1,-1,-1
878,378,1638.05,217.6,42.93,105.87,0.9668,-1,-1,-1
878,354,1660.39,166.64,59.19,110.84,0.9664,-1,-1,-1
878,403,1779.06,236.65,50.86,109.9,0.9651,-1,-1,-1
878,330,1293.92,728.16,51.9,176.91,0.96,-1,-1,-1
878,317,953.9,417.72,81.12,119.02,0.9534,-1,-1,-1
878,348,1747.29,628.23,106.95,160.34,0.9528,-1,-1,-1
878,346,1317.54,479.32,76.23,116.05,0.9497,-1,-1,-1
878,146,1502.06,124.69,36.15,88.13,0.9477,-1,-1,-1
878,314,1217.89,63.89,27.3,78.5,0.9423,-1,-1,-1
878,392,1552.85,403.86,43.67,120.56,0.9325,-1,-1,-1
878,368,1248.33,220.88,36.0,108.73,0.9312,-1,-1,-1
878,404,1781.34,837.54,125.49,198.61,0.909,-1,-1,-1
878,338,1887.98,264.02,32.02,109.74,0.8653,-1,-1,-1
879,249,873.73,507.22,80.95,145.52,0.9801,-1,-1,-1
879,192,215.8,584.73,103.43,164.15,0.9784,-1,-1,-1
879,403,1779.13,231.74,46.48,114.75,0.975,-1,-1,-1
879,341,1857.79,276.16,43.79,115.85,0.975,-1,-1,-1
879,191,198.89,196.24,55.36,105.53,0.975,-1,-1,-1
879,147,433.01,215.78,48.64,102.65,0.9727,-1,-1,-1
879,340,1194.85,472.2,53.32,125.23,0.9723,-1,-1,-1
879,197,1471.88,383.52,59.83,125.75,0.972,-1,-1,-1
879,144,626.22,417.37,66.05,130.72,0.9706,-1,-1,-1
879,348,1751.04,631.06,103.66,157.35,0.9699,-1,-1,-1
879,330,1293.25,729.83,64.36,173.87,0.9686,-1,-1,-1
879,317,950.21,419.48,76.89,116.3,0.9676,-1,-1,-1
879,378,1643.84,221.41,43.99,103.37,0.967,-1,-1,-1
879,354,1660.77,171.98,55.75,106.36,0.9635,-1,-1,-1
879,346,1314.2,478.93,66.61,117.05,0.9556,-1,-1,-1
879,392,1532.34,398.35,63.05,127.03,0.9553,-1,-1,-1
879,314,1220.2,64.43,24.98,79.65,0.9376,-1,-1,-1
879,368,1247.69,221.67,36.96,109.2,0.9063,-1,-1,-1
879,338,1889.44,268.36,30.56,110.67,0.8855,-1,-1,-1
879,146,1507.78,132.06,29.43,80.03,0.8319,-1,-1,-1
879,404,1776.34,838.62,141.27,199.83,0.7196,-1,-1,-1
880,249,874.63,509.04,82.69,143.26,0.9806,-1,-1,-1
880,191,199.3,196.95,54.63,105.99,0.9764,-1,-1,-1
880,197,1472.06,381.98,46.98,128.23,0.976,-1,-1,-1
880,147,433.97,219.07,52.51,100.04,0.975,-1,-1,-1
880,341,1860.1,276.02,42.93,117.25,0.9735,-1,-1,-1
880,192,220.67,583.92,99.76,163.52,0.973,-1,-1,-1
880,348,1762.13,629.3,92.39,158.58,0.9711,-1,-1,-1
880,403,1779.57,230.17,43.06,116.0,0.9699,-1,-1,-1
880,144,626.79,416.23,64.48,131.96,0.9694,-1,-1,-1
880,392,1514.78,396.19,74.5,129.19,0.9687,-1,-1,-1
880,317,945.69,416.16,73.83,117.2,0.9682,-1,-1,-1
880,340,1196.2,467.43,54.75,128.38,0.9675,-1,-1,-1
880,354,1660.77,176.83,55.68,104.05,0.9674,-1,-1,-1
880,330,1294.26,732.19,84.24,175.47,0.9671,-1,-1,-1
880,346,1306.79,476.59,58.17,118.82,0.9644,-1,-1,-1
880,378,1650.36,224.58,47.77,101.7,0.9644,-1,-1,-1
880,368,1247.56,222.04,37.57,110.35,0.9386,-1,-1,-1
880,314,1222.56,64.33,23.67,80.06,0.9361,-1,-1,-1
880,404,1782.26,839.33,128.94,198.58,0.8831,-1,-1,-1
880,338,1890.81,265.31,29.19,106.02,0.8781,-1,-1,-1
880,146,1508.13,123.03,30.18,85.07,0.7329,-1,-1,-1
881,249,877.66,507.3,80.05,144.58,0.9819,-1,-1,-1
881,348,1777.0,627.95,76.35,159.93,0.9766,-1,-1,-1
881,191,198.16,197.47,54.88,105.73,0.9756,-1,-1,-1
881,147,433.23,218.75,55.37,103.0,0.9735,-1,-1,-1
881,341,1862.29,275.87,45.53,118.11,0.9729,-1,-1,-1
881,330,1289.75,734.13,104.6,176.76,0.9712,-1,-1,-1
881,144,625.48,415.28,65.07,133.79,0.9689,-1,-1,-1
881,340,1197.12,462.01,54.94,134.25,0.9682,-1,-1,-1
881,192,230.94,580.09,84.9,168.55,0.9623,-1,-1,-1
881,403,1779.41,229.12,39.59,116.41,0.9623,-1,-1,-1
881,392,1504.42,394.92,80.63,125.5,0.9609,-1,-1,-1
881,354,1660.21,177.07,47.26,102.18,0.9592,-1,-1,-1
881,317,949.76,417.63,60.91,114.95,0.9546,-1,-1,-1
881,378,1655.38,227.24,52.32,100.28,0.9478,-1,-1,-1
881,197,1468.18,380.07,41.24,132.17,0.9464,-1,-1,-1
881,346,1300.69,473.28,58.78,120.82,0.9449,-1,-1,-1
881,368,1247.42,222.18,37.8,110.39,0.9427,-1,-1,-1
881,314,1224.12,64.79,23.55,78.71,0.9286,-1,-1,-1
881,404,1787.85,842.0,118.99,196.14,0.9273,-1,-1,-1
881,338,1891.35,267.64,28.1,94.48,0.8434,-1,-1,-1
881,146,1510.75,127.37,28.21,85.18,0.7985,-1,-1,-1
882,249,880.51,505.62,77.38,144.74,0.9836,-1,-1,-1
882,348,1788.11,623.8,65.82,162.58,0.976,-1,-1,-1
882,191,196.81,197.96,56.44,106.15,0.9745,-1,-1,-1
882,392,1494.04,397.75,88.7,121.94,0.973,-1,-1,-1
882,147,436.32,222.12,54.21,101.12,0.9719,-1,-1,-1
882,341,1864.34,276.37,46.03,119.05,0.9718,-1,-1,-1
882,340,1197.82,459.12,53.89,136.01,0.9709,-1,-1,-1
882,144,623.92,414.33,66.02,133.86,0.97,-1,-1,-1
882,192,236.51,578.53,72.37,167.42,0.9688,-1,-1,-1
882,197,1458.13,379.42,44.27,133.75,0.9666,-1,-1,-1
882,378,1657.74,231.26,55.73,96.57,0.9646,-1,-1,-1
882,403,1779.72,226.81,38.68,117.48,0.9636,-1,-1,-1
882,346,1296.28,468.11,59.25,127.76,0.9611,-1,-1,-1
882,330,1291.81,736.46,112.86,172.55,0.9596,-1,-1,-1
882,368,1247.32,222.7,37.93,109.63,0.94,-1,-1,-1
882,354,1657.17,176.78,47.66,72.02,0.935,-1,-1,-1
882,317,938.73,416.09,65.65,116.9,0.9332,-1,-1,-1
882,314,1226.39,65.59,21.99,78.5,0.9164,-1,-1,-1
882,146,1509.99,126.99,30.23,86.64,0.857,-1,-1,-1
882,338,1891.71,268.8,27.63,87.83,0.8457,-1,-1,-1
882,404,1789.59,844.67,124.37,189.98,0.8017,-1,-1,-1
883,249,888.82,502.12,67.78,146.83,0.9788,-1,-1,-1
883,340,1198.37,457.37,52.28,133.43,0.9739,-1,-1,-1
883,191,196.16,197.32,52.03,107.12,0.9737,-1,-1,-1
883,144,620.81,413.57,66.97,134.8,0.9727,-1,-1,-1
883,192,245.35,578.51,62.7,164.5,0.972,-1,-1,-1
883,197,1450.34,380.46,47.78,131.9,0.9697,-1,-1,-1
883,341,1866.56,277.95,45.89,117.5,0.9687,-1,-1,-1
883,346,1294.48,464.13,57.75,131.6,0.9681,-1,-1,-1
883,147,441.31,232.62,52.6,89.54,0.968,-1,-1,-1
883,403,1777.82,226.86,39.03,116.51,0.9678,-1,-1,-1
883,348,1794.76,617.53,59.98,168.53,0.9661,-1,-1,-1
883,354,1655.34,174.26,45.47,99.12,0.9646,-1,-1,-1
883,378,1658.97,232.55,59.55,95.21,0.9644,-1,-1,-1
883,392,1485.34,400.92,89.43,118.67,0.9613,-1,-1,-1
883,368,1247.34,222.96,37.99,109.43,0.9526,-1,-1,-1
883,330,1293.55,737.23,116.35,173.58,0.9435,-1,-1,-1
883,314,1227.27,65.45,21.32,78.4,0.9277,-1,-1,-1
883,317,936.54,414.47,66.7,118.33,0.8982,-1,-1,-1
883,338,1892.52,269.91,26.69,83.69,0.8628,-1,-1,-1
883,146,1508.44,126.06,33.83,87.76,0.8617,-1,-1,-1
883,404,1789.05,846.13,128.13,187.22,0.85,-1,-1,-1
884,249,888.83,502.09,67.85,146.89,0.9787,-1,-1,-1
884,340,1198.39,457.32,52.28,133.45,0.9739,-1,-1,-1
884,191,196.13,197.38,52.3,107.06,0.9737,-1,-1,-1
884,144,620.75,413.59,67.05,134.78,0.9727,-1,-1,-1
884,192,245.5,578.57,62.65,164.5,0.972,-1,-1,-1
884,197,1450.36,380.45,47.8,131.96,0.9695,-1,-1,-1
884,341,1866.59,277.9,45.85,117.55,0.9684,-1,-1,-1
884,346,1294.42,464.14,57.85,131.61,0.9681,-1,-1,-1
884,147,441.31,232.66,52.62,89.46,0.9678,-1,-1,-1
884,403,1777.81,226.87,39.04,116.53,0.9677,-1,-1,-1
884,348,1794.77,617.4,59.92,168.66,0.9661,-1,-1,-1
884,378,1659.06,232.77,59.37,94.98,0.9649,-1,-1,-1
884,354,1655.4,174.36,46.06,99.45,0.9616,-1,-1,-1
884,392,1485.37,400.83,89.41,118.74,0.961,-1,-1,-1
884,368,1247.33,222.95,38.0,109.44,0.9517,-1,-1,-1
884,330,1293.57,737.14,116.37,173.71,0.9433,-1,-1,-1
884,314,1227.28,65.45,21.32,78.41,0.9272,-1,-1,-1
884,317,936.65,414.52,66.56,118.36,0.8914,-1,-1,-1
884,146,1508.45,126.3,33.76,87.5,0.8644,-1,-1,-1
884,338,1892.51,270.02,26.71,83.07,0.8642,-1,-1,-1
884,404,1788.93,846.17,128.62,187.2,0.8433,-1,-1,-1
885,249,897.9,501.95,57.15,145.05,0.9765,-1,-1,-1
885,191,195.8,198.84,50.83,105.76,0.9739,-1,-1,-1
885,346,1282.41,460.75,66.27,134.85,0.9733,-1,-1,-1
885,354,1653.26,173.95,42.39,101.9,0.9727,-1,-1,-1
885,192,252.33,578.8,53.6,163.07,0.9722,-1,-1,-1
885,340,1199.12,457.37,50.17,125.55,0.9719,-1,-1,-1
885,403,1775.7,225.48,39.6,117.19,0.9714,-1,-1,-1
885,348,1798.35,611.78,56.66,173.28,0.9694,-1,-1,-1
885,144,618.19,411.92,64.07,136.07,0.9668,-1,-1,-1
885,147,451.47,224.8,44.73,98.76,0.9662,-1,-1,-1
885,197,1442.91,380.36,52.84,131.22,0.9657,-1,-1,-1
885,341,1867.8,278.42,44.07,116.5,0.9654,-1,-1,-1
885,378,1660.83,227.47,60.99,100.66,0.9569,-1,-1,-1
885,392,1485.83,402.25,73.71,119.96,0.952,-1,-1,-1
885,330,1299.27,735.06,108.06,180.22,0.9394,-1,-1,-1
885,314,1227.73,65.76,20.99,78.62,0.9358,-1,-1,-1
885,368,1247.52,223.95,37.26,107.47,0.9245,-1,-1,-1
885,317,935.84,416.0,63.16,115.97,0.9233,-1,-1,-1
885,338,1892.59,270.29,26.91,84.88,0.882,-1,-1,-1
885,407,1505.1,124.69,30.37,58.1,0.7008,-1,-1,-1
885,404,1784.51,846.93,135.49,187.5,0.6054,-1,-1,-1
885,146,1513.23,152.14,30.01,64.04,0.5251,-1,-1,-1
886,346,1277.09,458.91,67.1,131.14,0.9775,-1,-1,-1
886,249,906.48,501.55,49.3,146.96,0.9771,-1,-1,-1
886,191,196.86,199.85,48.84,105.84,0.9747,-1,-1,-1
886,340,1199.62,457.94,49.58,124.65,0.9724,-1,-1,-1
886,354,1652.23,175.03,39.61,101.79,0.9721,-1,-1,-1
886,403,1774.98,226.6,38.36,116.91,0.9703,-1,-1,-1
886,378,1666.82,234.58,58.51,92.9,0.9695,-1,-1,-1
886,192,253.54,577.9,51.35,165.74,0.9678,-1,-1,-1
886,144,615.82,409.72,66.76,137.13,0.9673,-1,-1,-1
886,348,1801.07,612.82,57.03,171.6,0.9662,-1,-1,-1
886,341,1869.22,279.48,42.75,117.02,0.9626,-1,-1,-1
886,392,1485.98,397.91,63.47,122.42,0.9613,-1,-1,-1
886,317,921.04,412.47,78.89,119.94,0.9553,-1,-1,-1
886,197,1433.97,381.52,61.36,130.87,0.9486,-1,-1,-1
886,147,462.67,224.12,40.13,99.96,0.9482,-1,-1,-1
886,330,1306.38,737.24,104.95,176.2,0.9472,-1,-1,-1
886,314,1228.69,66.4,20.75,78.55,0.9272,-1,-1,-1
886,338,1891.94,270.31,27.73,88.55,0.8993,-1,-1,-1
886,368,1248.75,225.34,35.76,105.69,0.7945,-1,-1,-1
886,146,1506.36,126.47,35.95,85.82,0.7572,-1,-1,-1
886,404,1792.66,844.24,127.34,190.66,0.7497,-1,-1,-1
887,330,1321.01,739.26,85.81,173.23,0.9786,-1,-1,-1
887,191,200.71,199.73,44.92,105.22,0.975,-1,-1,-1
887,144,613.38,408.73,64.28,136.71,0.9744,-1,-1,-1
887,346,1274.33,458.28,63.39,125.24,0.9741,-1,-1,-1
887,340,1199.57,458.27,50.27,125.47,0.9738,-1,-1,-1
887,348,1805.26,619.07,57.56,167.12,0.9723,-1,-1,-1
887,249,911.08,499.78,49.36,151.23,0.9718,-1,-1,-1
887,378,1670.25,237.71,55.51,88.65,0.9718,-1,-1,-1
887,192,255.64,578.76,50.69,166.56,0.9704,-1,-1,-1
887,354,1649.82,177.14,39.02,98.96,0.968,-1,-1,-1
887,147,466.07,223.26,39.85,100.97,0.9654,-1,-1,-1
887,197,1427.2,382.1,67.12,131.1,0.9648,-1,-1,-1
887,403,1772.93,228.07,37.73,116.47,0.9647,-1,-1,-1
887,341,1870.22,281.39,42.33,116.82,0.9601,-1,-1,-1
887,392,1483.76,397.22,51.02,122.44,0.9599,-1,-1,-1
887,317,917.26,410.97,82.03,123.6,0.9534,-1,-1,-1
887,314,1228.43,65.12,21.88,79.97,0.9337,-1,-1,-1
887,338,1891.73,272.23,28.15,84.65,0.8912,-1,-1,-1
887,146,1506.54,130.51,36.06,85.49,0.888,-1,-1,-1
887,368,1249.18,225.57,35.2,105.84,0.8625,-1,-1,-1
887,404,1805.45,843.31,114.55,192.04,0.709,-1,-1,-1
888,348,1807.77,621.0,59.79,166.84,0.9765,-1,-1,-1
888,340,1200.77,457.69,50.08,126.69,0.9759,-1,-1,-1
888,144,610.13,407.62,64.5,135.51,0.9756,-1,-1,-1
888,249,915.87,499.37,50.18,152.24,0.9717,-1,-1,-1
888,191,205.78,200.36,38.75,105.87,0.9715,-1,-1,-1
888,346,1271.57,457.77,57.88,124.65,0.9713,-1,-1,-1
888,147,465.36,223.86,43.21,103.49,0.9712,-1,-1,-1
888,197,1423.53,381.77,67.33,130.75,0.9705,-1,-1,-1
888,378,1677.95,231.42,47.97,92.99,0.9677,-1,-1,-1
888,354,1646.33,179.46,38.93,97.37,0.9657,-1,-1,-1
888,192,255.76,579.14,58.32,165.25,0.9612,-1,-1,-1
888,317,919.67,413.58,78.47,122.46,0.9604,-1,-1,-1
888,341,1867.16,281.5,43.9,116.81,0.9596,-1,-1,-1
888,330,1332.57,738.1,76.75,175.8,0.9587,-1,-1,-1
888,392,1478.71,397.81,42.85,125.59,0.9556,-1,-1,-1
888,403,1771.98,229.82,36.33,115.79,0.9547,-1,-1,-1
888,314,1229.01,65.12,21.25,80.48,0.9254,-1,-1,-1
888,146,1506.79,129.41,35.77,86.71,0.9143,-1,-1,-1
888,338,1891.11,272.99,28.43,83.1,0.8725,-1,-1,-1
888,404,1818.82,843.91,101.18,194.91,0.8273,-1,-1,-1
888,368,1249.24,225.54,34.86,106.23,0.81,-1,-1,-1
889,147,465.87,223.21,47.82,104.91,0.9769,-1,-1,-1
889,340,1202.41,455.4,49.8,129.1,0.9766,-1,-1,-1
889,348,1810.3,625.4,62.51,166.04,0.9757,-1,-1,-1
889,144,608.29,407.61,64.87,133.48,0.9751,-1,-1,-1
889,197,1423.85,384.28,62.22,129.23,0.9739,-1,-1,-1
889,330,1349.2,734.88,69.01,182.74,0.9712,-1,-1,-1
889,354,1641.18,184.38,48.5,92.86,0.9691,-1,-1,-1
889,192,256.67,580.63,69.04,166.45,0.9685,-1,-1,-1
889,346,1263.99,456.12,62.1,128.73,0.9682,-1,-1,-1
889,317,913.92,412.94,78.39,116.96,0.9672,-1,-1,-1
889,249,919.91,500.19,51.14,150.33,0.967,-1,-1,-1
889,341,1865.68,280.1,46.87,119.02,0.9588,-1,-1,-1
889,378,1684.32,227.37,42.43,98.74,0.9586,-1,-1,-1
889,403,1770.93,230.91,37.05,114.87,0.955,-1,-1,-1
889,392,1477.52,398.52,37.28,123.23,0.9533,-1,-1,-1
889,191,211.15,200.1,31.96,107.72,0.9467,-1,-1,-1
889,146,1508.03,129.33,34.71,87.75,0.9334,-1,-1,-1
889,314,1229.07,66.32,21.18,79.97,0.9285,-1,-1,-1
889,338,1888.86,276.18,29.72,83.33,0.8451,-1,-1,-1
889,404,1831.72,838.41,88.28,205.17,0.8127,-1,-1,-1
889,368,1248.68,223.46,35.16,109.4,0.811,-1,-1,-1
890,147,465.95,223.22,47.77,104.91,0.9769,-1,-1,-1
890,340,1202.4,455.37,49.83,129.01,0.9765,-1,-1,-1
890,348,1810.29,625.27,62.51,166.2,0.9757,-1,-1,-1
890,144,608.28,407.62,64.88,133.38,0.975,-1,-1,-1
890,197,1423.92,384.33,62.4,129.36,0.9742,-1,-1,-1
890,330,1349.14,734.85,69.04,182.76,0.9711,-1,-1,-1
890,354,1641.12,184.37,48.54,92.88,0.969,-1,-1,-1
890,192,256.65,580.66,68.99,166.45,0.9684,-1,-1,-1
890,346,1264.12,456.13,61.99,128.68,0.9681,-1,-1,-1
890,317,913.92,412.94,78.32,116.99,0.9675,-1,-1,-1
890,249,919.96,500.09,51.07,150.36,0.9667,-1,-1,-1
890,378,1684.26,227.34,42.62,98.77,0.9587,-1,-1,-1
890,341,1865.53,280.06,46.92,118.98,0.9586,-1,-1,-1
890,403,1770.97,230.92,37.0,114.86,0.9544,-1,-1,-1
890,392,1477.64,398.49,37.12,123.11,0.952,-1,-1,-1
890,191,211.06,200.06,32.06,107.74,0.9453,-1,-1,-1
890,146,1508.07,129.5,34.64,87.63,0.9324,-1,-1,-1
890,314,1229.06,66.35,21.22,79.94,0.9286,-1,-1,-1
890,338,1888.87,276.18,29.68,83.32,0.8436,-1,-1,-1
890,368,1248.69,223.41,35.17,109.46,0.8181,-1,-1,-1
890,404,1831.59,838.29,88.41,205.36,0.8105,-1,-1,-1
891,197,1423.37,385.68,60.92,129.87,0.9761,-1,-1,-1
891,340,1203.37,451.49,50.11,132.07,0.9755,-1,-1,-1
891,144,605.15,408.55,65.41,134.45,0.9745,-1,-1,-1
891,147,466.97,224.29,51.49,104.25,0.9735,-1,-1,-1
891,192,255.55,580.23,75.28,166.62,0.9729,-1,-1,-1
891,249,923.72,501.03,51.75,152.41,0.9728,-1,-1,-1
891,354,1636.86,191.08,56.41,86.51,0.9705,-1,-1,-1
891,317,908.98,414.83,74.64,113.27,0.9683,-1,-1,-1
891,346,1259.49,452.6,67.62,131.68,0.9617,-1,-1,-1
891,330,1367.24,736.37,62.9,180.97,0.9615,-1,-1,-1
891,348,1812.86,625.46,66.28,167.23,0.9584,-1,-1,-1
891,392,1475.13,391.07,35.89,128.62,0.9497,-1,-1,-1
891,341,1863.58,279.83,47.56,119.35,0.9494,-1,-1,-1
891,191,215.49,201.79,27.19,104.1,0.9465,-1,-1,-1
891,378,1689.91,223.51,35.54,103.21,0.9388,-1,-1,-1
891,403,1771.1,231.02,35.88,115.53,0.9369,-1,-1,-1
891,314,1228.67,67.32,20.84,79.69,0.9245,-1,-1,-1
891,338,1886.72,273.99,32.86,104.29,0.8604,-1,-1,-1
891,368,1249.04,223.42,35.41,110.94,0.8406,-1,-1,-1
891,146,1508.78,134.95,33.73,81.42,0.814,-1,-1,-1
891,404,1845.63,847.19,74.37,186.27,0.3697,-1,-1,-1
892,192,254.75,581.83,77.36,165.27,0.9763,-1,-1,-1
892,249,927.28,504.94,53.73,148.41,0.9761,-1,-1,-1
892,340,1203.7,449.37,54.47,135.36,0.9759,-1,-1,-1
892,147,468.49,226.67,53.66,104.61,0.9733,-1,-1,-1
892,354,1630.76,194.58,63.76,83.63,0.973,-1,-1,-1
892,144,602.75,410.0,64.53,133.89,0.9721,-1,-1,-1
892,197,1423.07,386.21,56.04,127.98,0.972,-1,-1,-1
892,330,1374.89,735.63,63.86,184.01,0.9637,-1,-1,-1
892,317,903.31,416.0,69.6,108.32,0.9589,-1,-1,-1
892,346,1272.28,451.0,53.76,132.54,0.9583,-1,-1,-1
892,348,1815.2,627.61,62.79,165.89,0.9545,-1,-1,-1
892,341,1863.87,280.85,49.63,119.46,0.9503,-1,-1,-1
892,146,1509.02,123.28,34.04,93.01,0.9488,-1,-1,-1
892,403,1773.05,233.14,33.8,114.02,0.9356,-1,-1,-1
892,191,217.42,202.35,27.07,105.77,0.9346,-1,-1,-1
892,314,1228.25,67.97,21.05,79.36,0.9201,-1,-1,-1
892,378,1692.09,216.73,34.77,107.64,0.9005,-1,-1,-1
892,368,1248.83,223.63,35.27,111.1,0.8685,-1,-1,-1
892,338,1884.76,273.69,34.35,101.35,0.8491,-1,-1,-1
892,392,1470.29,399.66,34.99,117.59,0.8236,-1,-1,-1
892,404,1847.93,844.77,70.69,192.42,0.3425,-1,-1,-1
893,249,929.61,506.62,55.87,146.53,0.9769,-1,-1,-1
893,147,472.86,229.09,49.76,104.37,0.9766,-1,-1,-1
893,197,1423.52,386.02,45.96,127.25,0.976,-1,-1,-1
893,192,251.95,582.34,77.8,166.04,0.9756,-1,-1,-1
893,340,1206.14,447.76,52.37,132.25,0.9753,-1,-1,-1
893,144,600.33,411.83,65.64,133.38,0.9708,-1,-1,-1
893,354,1624.3,197.71,69.73,81.03,0.9703,-1,-1,-1
893,317,898.55,416.79,60.19,112.24,0.97,-1,-1,-1
893,341,1862.8,282.35,54.26,120.38,0.9685,-1,-1,-1
893,330,1375.54,738.47,72.48,181.0,0.9668,-1,-1,-1
893,392,1465.89,394.29,37.99,126.97,0.9533,-1,-1,-1
893,348,1818.25,628.74,57.82,165.61,0.9465,-1,-1,-1
893,191,217.8,203.28,28.46,105.26,0.9445,-1,-1,-1
893,346,1261.27,448.08,67.51,133.62,0.934,-1,-1,-1
893,403,1773.78,234.14,32.17,113.15,0.9219,-1,-1,-1
893,314,1227.85,70.88,20.79,76.68,0.919,-1,-1,-1
893,368,1248.18,223.78,35.81,111.23,0.9157,-1,-1,-1
893,146,1509.54,122.05,33.83,94.04,0.9149,-1,-1,-1
893,378,1698.82,219.34,31.52,104.75,0.877,-1,-1,-1
893,338,1880.66,277.46,36.94,84.97,0.7152,-1,-1,-1
893,404,1854.08,852.01,64.71,183.92,0.4506,-1,-1,-1
894,192,251.33,583.59,78.12,165.92,0.9763,-1,-1,-1
894,340,1209.75,446.99,51.68,127.41,0.9736,-1,-1,-1
894,147,479.3,232.31,44.82,101.38,0.9718,-1,-1,-1
894,354,1614.65,195.96,76.76,83.78,0.9716,-1,-1,-1
894,249,932.84,507.2,53.42,146.97,0.9712,-1,-1,-1
894,144,598.72,413.32,64.52,133.18,0.9681,-1,-1,-1
894,330,1375.24,739.86,82.83,182.86,0.9659,-1,-1,-1
894,197,1423.1,385.63,39.08,129.01,0.9645,-1,-1,-1
894,341,1858.25,281.4,60.52,122.92,0.9627,-1,-1,-1
894,346,1260.18,445.23,70.36,138.17,0.9584,-1,-1,-1
894,191,217.21,204.18,37.45,106.03,0.9563,-1,-1,-1
894,348,1821.51,627.44,56.35,167.21,0.9562,-1,-1,-1
894,378,1695.93,216.77,41.01,106.82,0.956,-1,-1,-1
894,317,894.0,419.17,60.72,111.25,0.9484,-1,-1,-1
894,314,1227.57,71.99,21.04,76.16,0.9319,-1,-1,-1
894,403,1769.97,230.62,35.13,115.42,0.9182,-1,-1,-1
894,368,1247.51,224.21,35.89,110.96,0.8984,-1,-1,-1
894,392,1465.08,397.48,32.43,123.18,0.8949,-1,-1,-1
894,146,1511.91,127.11,31.62,88.61,0.8002,-1,-1,-1
894,404,1858.05,855.68,61.49,183.27,0.7839,-1,-1,-1
894,338,1879.72,278.84,36.37,84.33,0.4786,-1,-1,-1
895,330,1372.69,742.52,96.47,180.33,0.9775,-1,-1,-1
895,340,1213.51,447.8,51.0,122.64,0.9767,-1,-1,-1
895,249,936.37,506.76,51.75,148.99,0.9756,-1,-1,-1
895,192,252.37,583.22,75.23,165.57,0.9746,-1,-1,-1
895,348,1823.51,627.4,55.34,162.67,0.9691,-1,-1,-1
895,346,1261.97,442.13,65.8,141.26,0.9691,-1,-1,-1
895,191,215.81,203.88,45.9,105.51,0.9687,-1,-1,-1
895,197,1417.82,384.59,36.74,129.02,0.9685,-1,-1,-1
895,354,1609.88,197.45,77.43,83.76,0.9655,-1,-1,-1
895,144,596.19,413.84,64.73,133.03,0.9653,-1,-1,-1
895,317,889.0,419.94,62.48,112.35,0.9633,-1,-1,-1
895,378,1698.02,217.82,45.48,106.34,0.9631,-1,-1,-1
895,341,1856.38,282.95,62.54,122.85,0.954,-1,-1,-1
895,147,488.23,242.7,37.94,91.03,0.9533,-1,-1,-1
895,403,1769.17,229.58,34.72,116.76,0.9397,-1,-1,-1
895,314,1226.53,71.81,21.44,76.7,0.9331,-1,-1,-1
895,392,1460.5,396.58,32.04,125.59,0.907,-1,-1,-1
895,146,1512.84,144.09,27.78,70.72,0.7869,-1,-1,-1
895,404,1860.16,855.74,59.84,182.92,0.7329,-1,-1,-1
895,368,1246.0,225.17,36.1,110.75,0.6792,-1,-1,-1
896,330,1372.7,742.59,96.48,180.21,0.9775,-1,-1,-1
896,340,1213.43,447.8,51.2,122.71,0.9766,-1,-1,-1
896,249,936.32,506.81,51.86,148.83,0.9756,-1,-1,-1
896,192,252.37,583.18,75.24,165.63,0.9746,-1,-1,-1
896,197,1417.79,384.56,36.82,129.08,0.9691,-1,-1,-1
896,348,1823.48,627.56,55.33,162.86,0.9689,-1,-1,-1
896,346,1262.0,442.13,65.79,141.25,0.9688,-1,-1,-1
896,191,215.76,203.89,45.7,105.46,0.9685,-1,-1,-1
896,144,596.21,413.88,64.81,133.05,0.9655,-1,-1,-1
896,354,1609.93,197.42,77.29,83.76,0.9652,-1,-1,-1
896,378,1698.05,217.88,45.46,106.33,0.9634,-1,-1,-1
896,317,889.17,419.92,62.32,112.18,0.9629,-1,-1,-1
896,341,1856.28,282.84,62.63,122.95,0.9538,-1,-1,-1
896,147,488.31,241.93,37.89,92.05,0.9525,-1,-1,-1
896,403,1769.15,229.64,34.72,116.69,0.9393,-1,-1,-1
896,314,1226.57,71.61,21.42,76.87,0.9338,-1,-1,-1
896,392,1460.39,396.32,32.17,125.82,0.9093,-1,-1,-1
896,146,1512.86,144.75,27.61,70.03,0.7771,-1,-1,-1
896,412,1507.15,120.52,24.64,61.99,0.7498,-1,-1,-1
896,404,1860.16,855.65,59.84,182.89,0.7354,-1,-1,-1
896,368,1246.02,225.15,36.07,110.76,0.6713,-1,-1,-1
897,340,1215.05,448.16,48.95,122.81,0.975,-1,-1,-1
897,249,940.29,506.99,50.07,145.45,0.974,-1,-1,-1
897,330,1373.24,745.02,100.8,180.29,0.9711,-1,-1,-1
897,192,255.32,583.41,70.12,163.03,0.971,-1,-1,-1
897,197,1409.88,386.13,37.48,128.22,0.9708,-1,-1,-1
897,191,213.7,204.99,51.46,106.0,0.9697,-1,-1,-1
897,317,881.8,419.94,67.26,113.08,0.9695,-1,-1,-1
897,346,1262.4,441.3,63.29,137.12,0.9679,-1,-1,-1
897,144,593.49,415.47,66.43,128.4,0.9666,-1,-1,-1
897,348,1826.78,627.07,52.19,161.08,0.9664,-1,-1,-1
897,341,1855.39,282.19,63.01,123.19,0.9608,-1,-1,-1
897,354,1600.53,197.97,74.4,82.15,0.9585,-1,-1,-1
897,403,1767.52,228.78,35.91,115.83,0.9559,-1,-1,-1
897,147,497.79,234.49,31.53,102.77,0.9446,-1,-1,-1
897,392,1455.27,399.7,33.91,120.87,0.9405,-1,-1,-1
897,314,1225.58,70.39,20.81,78.26,0.9257,-1,-1,-1
897,378,1703.5,228.85,45.62,95.83,0.9028,-1,-1,-1
897,404,1861.88,858.17,58.12,181.44,0.8463,-1,-1,-1
897,146,1511.42,140.41,28.41,75.24,0.8454,-1,-1,-1
897,368,1242.89,224.82,37.35,111.12,0.6327,-1,-1,-1
897,412,1505.75,121.04,24.77,64.61,0.6154,-1,-1,-1
898,249,944.09,506.77,47.96,145.15,0.9778,-1,-1,-1
898,340,1215.38,447.76,48.41,124.44,0.9759,-1,-1,-1
898,192,260.88,584.35,60.47,159.95,0.9753,-1,-1,-1
898,197,1403.77,386.61,39.53,128.96,0.974,-1,-1,-1
898,144,588.4,412.68,67.25,129.32,0.9722,-1,-1,-1
898,348,1830.3,627.3,48.36,157.74,0.9705,-1,-1,-1
898,317,875.47,418.64,69.36,116.91,0.9701,-1,-1,-1
898,191,212.27,206.16,53.16,105.43,0.9689,-1,-1,-1
898,346,1264.22,441.94,57.08,131.08,0.9683,-1,-1,-1
898,341,1854.99,282.15,61.99,124.28,0.9668,-1,-1,-1
898,330,1374.52,745.79,106.67,179.97,0.9634,-1,-1,-1
898,403,1765.8,227.63,36.31,115.92,0.9617,-1,-1,-1
898,354,1592.37,199.43,65.34,81.42,0.9577,-1,-1,-1
898,147,500.42,233.22,33.74,103.21,0.9535,-1,-1,-1
898,392,1452.17,398.08,32.9,122.18,0.945,-1,-1,-1
898,146,1505.31,120.12,33.11,98.57,0.9445,-1,-1,-1
898,378,1703.07,222.54,51.15,104.39,0.9422,-1,-1,-1
898,314,1224.24,71.47,21.87,78.09,0.9345,-1,-1,-1
898,404,1863.54,860.27,56.46,180.01,0.8277,-1,-1,-1
898,368,1241.45,225.54,38.15,111.6,0.455,-1,-1,-1
899,340,1218.2,445.37,47.36,127.8,0.9785,-1,-1,-1
899,249,945.9,505.43,48.64,144.32,0.9775,-1,-1,-1
899,192,267.16,583.66,52.98,160.34,0.9756,-1,-1,-1
899,346,1263.91,439.84,50.13,130.24,0.9744,-1,-1,-1
899,348,1830.9,622.93,47.3,159.92,0.9739,-1,-1,-1
899,191,208.82,208.38,52.12,103.93,0.9732,-1,-1,-1
899,144,582.08,412.61,68.69,130.51,0.973,-1,-1,-1
899,403,1761.73,226.42,39.11,116.85,0.9708,-1,-1,-1
899,354,1585.3,200.75,60.89,80.59,0.9692,-1,-1,-1
899,317,870.32,418.03,68.42,117.92,0.9691,-1,-1,-1
899,147,498.9,234.7,39.6,103.13,0.9674,-1,-1,-1
899,341,1852.94,282.48,62.13,125.48,0.965,-1,-1,-1
899,330,1378.31,747.08,106.36,178.15,0.9635,-1,-1,-1
899,197,1389.54,386.45,52.11,130.68,0.9613,-1,-1,-1
899,378,1702.38,222.91,54.16,104.02,0.9469,-1,-1,-1
899,314,1222.54,70.29,23.9,79.35,0.9413,-1,-1,-1
899,146,1503.24,124.56,33.09,94.43,0.9306,-1,-1,-1
899,392,1445.4,402.27,32.68,116.27,0.9268,-1,-1,-1
899,404,1863.91,861.99,56.09,179.34,0.8396,-1,-1,-1
900,330,1389.71,747.58,93.64,176.04,0.9792,-1,-1,-1
900,147,497.78,232.72,44.96,105.27,0.9777,-1,-1,-1
900,340,1219.78,442.75,46.16,129.92,0.9762,-1,-1,-1
900,192,272.35,581.44,49.34,163.2,0.9755,-1,-1,-1
900,191,210.63,208.17,48.52,104.37,0.9744,-1,-1,-1
900,249,948.5,504.41,50.43,147.94,0.9743,-1,-1,-1
900,341,1851.27,283.09,60.34,125.46,0.974,-1,-1,-1
900,144,578.25,413.53,68.45,130.83,0.9738,-1,-1,-1
900,348,1831.07,618.54,46.92,163.67,0.9734,-1,-1,-1
900,197,1378.09,387.68,61.88,131.34,0.9719,-1,-1,-1
900,403,1760.72,226.63,38.58,116.33,0.9705,-1,-1,-1
900,346,1265.76,441.44,42.22,129.98,0.9692,-1,-1,-1
900,317,865.54,416.5,65.49,115.8,0.9649,-1,-1,-1
900,354,1579.24,201.22,55.07,80.03,0.9625,-1,-1,-1
900,378,1703.51,222.32,53.7,104.53,0.961,-1,-1,-1
900,146,1498.36,121.64,37.03,97.53,0.9524,-1,-1,-1
900,392,1441.17,393.65,35.18,125.89,0.9482,-1,-1,-1
900,314,1220.11,69.41,24.72,80.56,0.9452,-1,-1,-1
900,404,1864.07,863.82,55.93,176.86,0.8422,-1,-1,-1
