1,414,943.73,772.14,68.4,151.43,0.9767,-1,-1,-1
1,415,355.66,245.44,45.66,96.51,0.9748,-1,-1,-1
1,416,307.81,388.53,42.49,119.4,0.9746,-1,-1,-1
1,417,764.57,362.77,40.75,85.67,0.9725,-1,-1,-1
1,418,1003.82,407.65,62.61,103.86,0.9724,-1,-1,-1
1,419,536.21,545.26,57.77,117.49,0.9724,-1,-1,-1
1,420,97.07,262.41,38.69,96.58,0.9715,-1,-1,-1
1,421,1175.62,235.53,40.97,100.49,0.971,-1,-1,-1
1,422,85.54,537.83,42.04,123.99,0.9645,-1,-1,-1
1,423,1036.13,299.71,41.85,99.52,0.9642,-1,-1,-1
1,424,135.16,277.5,40.33,101.64,0.9638,-1,-1,-1
1,425,1494.24,444.01,37.28,106.36,0.9607,-1,-1,-1
1,426,245.22,393.38,37.63,104.29,0.9587,-1,-1,-1
1,427,319.87,106.39,35.65,76.57,0.7769,-1,-1,-1
2,414,942.14,778.24,74.48,145.52,0.9776,-1,-1,-1
2,416,306.76,389.42,43.49,119.74,0.9759,-1,-1,-1
2,415,352.68,245.74,44.95,96.3,0.9752,-1,-1,-1
2,419,538.03,547.17,56.35,115.03,0.9744,-1,-1,-1
2,421,1176.91,237.05,39.28,97.8,0.9709,-1,-1,-1
2,418,1011.37,408.52,63.57,106.81,0.9707,-1,-1,-1
2,422,86.17,534.78,41.91,126.59,0.9705,-1,-1,-1
2,420,96.95,262.71,37.87,95.67,0.9696,-1,-1,-1
2,423,1032.84,300.17,42.85,101.15,0.9692,-1,-1,-1
2,426,244.82,397.27,38.3,104.99,0.9662,-1,-1,-1
2,425,1492.11,443.99,37.05,109.03,0.9616,-1,-1,-1
2,424,135.1,277.67,39.72,103.58,0.95,-1,-1,-1
2,417,773.78,365.31,33.4,84.2,0.942,-1,-1,-1
2,427,319.07,106.28,28.52,75.87,0.9208,-1,-1,-1
3,414,942.13,778.24,74.55,145.51,0.9776,-1,-1,-1
3,416,306.76,389.41,43.48,119.69,0.9758,-1,-1,-1
3,415,352.67,245.75,44.99,96.27,0.9752,-1,-1,-1
3,419,538.03,547.18,56.3,115.02,0.9744,-1,-1,-1
3,418,1011.26,408.5,63.7,106.81,0.971,-1,-1,-1
3,421,1176.92,237.05,39.27,97.79,0.971,-1,-1,-1
3,422,86.22,534.72,41.88,126.65,0.9706,-1,-1,-1
3,420,96.95,262.71,37.88,95.65,0.9696,-1,-1,-1
3,423,1032.88,300.18,42.85,101.11,0.9691,-1,-1,-1
3,426,244.8,397.2,38.27,105.08,0.9661,-1,-1,-1
3,425,1492.04,444.01,37.15,109.0,0.962,-1,-1,-1
3,424,135.09,277.67,39.74,103.58,0.9513,-1,-1,-1
3,417,773.69,365.29,33.45,84.25,0.9425,-1,-1,-1
3,427,319.02,106.26,28.45,75.87,0.9226,-1,-1,-1
4,419,543.33,547.83,51.8,114.01,0.9783,-1,-1,-1
4,414,940.74,785.52,82.52,142.71,0.9764,-1,-1,-1
4,416,305.8,390.63,44.12,118.72,0.9757,-1,-1,-1
4,423,1026.3,302.21,45.21,101.48,0.9728,-1,-1,-1
4,421,1177.64,237.26,38.58,97.76,0.9712,-1,-1,-1
4,422,86.18,534.34,41.81,127.52,0.9712,-1,-1,-1
4,415,349.62,246.05,42.06,96.01,0.9689,-1,-1,-1
4,420,95.48,262.01,37.6,97.12,0.9676,-1,-1,-1
4,426,244.44,400.2,38.25,104.03,0.9665,-1,-1,-1
4,425,1490.11,445.04,36.62,110.71,0.9615,-1,-1,-1
4,418,1037.76,411.15,43.53,106.7,0.9603,-1,-1,-1
4,417,780.11,367.27,29.16,82.83,0.9519,-1,-1,-1
4,427,318.2,106.5,28.09,75.66,0.9284,-1,-1,-1
4,424,135.19,277.84,39.28,105.69,0.9247,-1,-1,-1
5,414,937.88,786.74,89.76,142.6,0.984,-1,-1,-1
5,419,546.51,548.83,49.07,112.87,0.9786,-1,-1,-1
5,416,304.42,392.14,43.55,117.29,0.9745,-1,-1,-1
5,422,86.13,534.62,41.12,127.65,0.9721,-1,-1,-1
5,421,1176.7,237.15,39.75,99.78,0.9713,-1,-1,-1
5,423,1021.23,304.92,43.27,102.34,0.9695,-1,-1,-1
5,415,345.86,245.81,39.42,96.24,0.9672,-1,-1,-1
5,426,243.61,402.07,37.17,101.17,0.967,-1,-1,-1
5,420,93.4,262.39,36.28,97.28,0.9601,-1,-1,-1
5,418,1052.46,414.04,36.05,104.62,0.9601,-1,-1,-1
5,417,783.95,369.14,30.31,80.63,0.9589,-1,-1,-1
5,425,1485.66,445.68,37.03,112.8,0.9583,-1,-1,-1
5,424,133.8,279.34,38.72,105.14,0.9528,-1,-1,-1
5,427,316.02,106.8,29.87,75.79,0.925,-1,-1,-1
6,414,935.54,789.38,97.61,144.58,0.9815,-1,-1,-1
6,419,551.2,548.81,47.1,113.66,0.9734,-1,-1,-1
6,416,302.84,394.12,42.13,117.09,0.9732,-1,-1,-1
6,422,83.38,534.96,42.88,128.5,0.9727,-1,-1,-1
6,423,1015.6,308.11,44.96,99.51,0.9709,-1,-1,-1
6,421,1176.31,237.1,38.94,98.75,0.9708,-1,-1,-1
6,426,242.06,401.81,37.41,102.42,0.9688,-1,-1,-1
6,425,1480.13,447.55,37.23,110.97,0.9666,-1,-1,-1
6,418,1058.97,415.32,44.14,103.22,0.9636,-1,-1,-1
6,415,341.96,245.92,35.38,97.15,0.9613,-1,-1,-1
6,424,132.41,280.17,37.64,105.17,0.9594,-1,-1,-1
6,420,90.45,261.6,36.25,101.36,0.9578,-1,-1,-1
6,417,787.78,369.82,29.12,79.73,0.9512,-1,-1,-1
6,427,314.89,107.73,29.91,74.66,0.9091,-1,-1,-1
7,418,1064.25,415.77,52.24,103.44,0.9752,-1,-1,-1
7,416,300.53,395.17,42.37,116.56,0.9748,-1,-1,-1
7,422,80.95,538.22,46.88,127.23,0.9743,-1,-1,-1
7,425,1473.5,450.87,39.43,109.0,0.9728,-1,-1,-1
7,423,1011.02,310.13,45.65,97.0,0.9704,-1,-1,-1
7,421,1175.78,236.47,38.99,98.62,0.9701,-1,-1,-1
7,419,555.73,549.6,43.57,114.58,0.9681,-1,-1,-1
7,414,937.13,790.78,99.56,151.79,0.9673,-1,-1,-1
7,426,241.05,402.5,36.81,101.28,0.9668,-1,-1,-1
7,420,88.02,262.26,34.93,102.71,0.9573,-1,-1,-1
7,415,338.72,245.6,33.89,97.35,0.9572,-1,-1,-1
7,417,789.05,368.98,32.89,81.15,0.957,-1,-1,-1
7,424,131.63,282.66,36.33,101.83,0.9299,-1,-1,-1
7,427,313.75,107.14,26.96,75.12,0.9129,-1,-1,-1
8,418,1070.6,416.43,59.53,101.25,0.9752,-1,-1,-1
8,416,298.1,395.08,43.08,116.66,0.9749,-1,-1,-1
8,422,78.18,541.91,49.77,124.56,0.9748,-1,-1,-1
8,425,1467.8,453.92,43.88,105.35,0.973,-1,-1,-1
8,421,1176.32,235.37,38.3,99.33,0.9697,-1,-1,-1
8,419,558.2,551.05,42.66,114.5,0.9694,-1,-1,-1
8,423,1008.74,310.21,45.1,97.22,0.9677,-1,-1,-1
8,417,791.13,368.51,36.79,84.44,0.9676,-1,-1,-1
8,426,239.74,401.47,36.63,105.07,0.9643,-1,-1,-1
8,415,334.38,245.5,34.45,96.84,0.9614,-1,-1,-1
8,424,129.46,284.4,35.43,100.75,0.9612,-1,-1,-1
8,420,85.99,263.45,35.58,104.69,0.9556,-1,-1,-1
8,414,940.15,790.35,104.47,151.97,0.9418,-1,-1,-1
8,427,312.36,107.0,27.68,75.43,0.9181,-1,-1,-1
9,418,1070.62,416.41,59.51,101.26,0.9752,-1,-1,-1
9,416,298.09,395.11,43.09,116.61,0.975,-1,-1,-1
9,422,78.19,541.87,49.77,124.58,0.9747,-1,-1,-1
9,425,1467.73,453.91,43.94,105.37,0.9731,-1,-1,-1
9,421,1176.3,235.39,38.32,99.31,0.9697,-1,-1,-1
9,419,558.19,551.05,42.59,114.49,0.9693,-1,-1,-1
9,417,791.14,368.48,36.81,84.46,0.9677,-1,-1,-1
9,423,1008.76,310.23,45.14,97.27,0.9676,-1,-1,-1
9,426,239.75,401.46,36.61,105.05,0.9643,-1,-1,-1
9,415,334.38,245.49,34.46,96.87,0.9615,-1,-1,-1
9,424,129.49,284.42,35.39,100.74,0.9608,-1,-1,-1
9,420,85.98,263.43,35.58,104.69,0.9559,-1,-1,-1
9,414,940.11,790.35,104.47,151.96,0.9418,-1,-1,-1
9,427,312.34,106.99,27.69,75.45,0.9179,-1,-1,-1
10,422,76.96,544.05,52.37,122.06,0.975,-1,-1,-1
10,416,296.41,394.46,42.97,117.22,0.975,-1,-1,-1
10,418,1077.88,416.04,70.72,107.98,0.9744,-1,-1,-1
10,419,558.79,552.53,42.7,115.07,0.9737,-1,-1,-1
10,425,1464.9,456.0,45.48,102.79,0.9721,-1,-1,-1
10,417,791.85,368.81,40.6,86.84,0.9713,-1,-1,-1
10,423,1006.98,309.45,43.51,98.14,0.9707,-1,-1,-1
10,421,1176.76,234.18,37.51,99.94,0.968,-1,-1,-1
10,426,237.83,401.55,37.37,110.27,0.9609,-1,-1,-1
10,420,83.69,266.46,36.31,101.52,0.9608,-1,-1,-1
10,424,127.93,284.67,35.3,99.87,0.9605,-1,-1,-1
10,415,330.32,245.32,35.24,96.13,0.957,-1,-1,-1
10,414,943.53,789.61,114.43,152.06,0.9493,-1,-1,-1
10,427,310.23,106.76,30.26,74.99,0.8874,-1,-1,-1
11,416,293.67,393.32,44.12,117.7,0.9764,-1,-1,-1
11,425,1461.54,455.83,47.87,104.26,0.9763,-1,-1,-1
11,419,559.53,553.72,43.86,114.61,0.9759,-1,-1,-1
11,414,954.13,787.74,104.12,155.77,0.9708,-1,-1,-1
11,423,1005.34,307.54,41.43,98.12,0.9702,-1,-1,-1
11,422,76.06,544.18,56.32,120.82,0.9702,-1,-1,-1
11,417,794.58,370.07,40.68,89.58,0.9682,-1,-1,-1
11,415,326.5,245.08,35.92,95.44,0.9681,-1,-1,-1
11,421,1176.44,233.56,37.26,99.79,0.9658,-1,-1,-1
11,426,236.22,403.99,37.63,109.64,0.9636,-1,-1,-1
11,420,80.03,268.57,38.05,98.37,0.9635,-1,-1,-1
11,418,1091.37,416.96,74.12,107.24,0.9628,-1,-1,-1
11,424,127.36,283.41,34.02,99.64,0.9529,-1,-1,-1
11,427,308.12,107.21,31.04,73.86,0.7007,-1,-1,-1
12,414,967.31,781.93,89.24,158.41,0.9764,-1,-1,-1
12,425,1460.33,455.13,45.13,108.54,0.9764,-1,-1,-1
12,416,292.61,391.1,43.5,119.22,0.9751,-1,-1,-1
12,419,561.09,554.1,42.46,114.06,0.9736,-1,-1,-1
12,418,1113.56,418.76,57.07,106.83,0.9718,-1,-1,-1
12,422,75.46,543.44,59.25,120.85,0.9704,-1,-1,-1
12,423,1000.88,305.9,40.4,102.79,0.9702,-1,-1,-1
12,426,234.16,405.09,38.58,110.13,0.9678,-1,-1,-1
12,415,321.49,243.29,38.28,95.95,0.9675,-1,-1,-1
12,417,799.56,371.06,40.37,89.15,0.9663,-1,-1,-1
12,421,1176.16,232.08,36.58,99.68,0.9622,-1,-1,-1
12,420,76.07,268.24,40.02,95.69,0.9616,-1,-1,-1
12,424,125.58,280.41,34.12,101.43,0.9611,-1,-1,-1
12,427,307.65,106.97,30.92,72.22,0.9092,-1,-1,-1
13,418,1127.0,421.02,46.2,102.03,0.9722,-1,-1,-1
13,422,76.56,543.05,58.98,119.11,0.9718,-1,-1,-1
13,419,561.18,552.86,42.07,112.01,0.9716,-1,-1,-1
13,423,997.33,303.75,38.41,104.47,0.9711,-1,-1,-1
13,414,980.79,775.54,76.73,160.13,0.9711,-1,-1,-1
13,426,231.9,406.48,40.13,111.79,0.9702,-1,-1,-1
13,420,71.55,265.93,42.25,95.6,0.9699,-1,-1,-1
13,416,291.29,387.62,42.62,119.96,0.9697,-1,-1,-1
13,421,1174.91,230.41,37.72,99.27,0.9674,-1,-1,-1
13,417,801.75,371.12,39.75,86.08,0.9669,-1,-1,-1
13,415,316.26,242.02,42.12,94.13,0.9663,-1,-1,-1
13,424,123.83,277.81,34.63,103.4,0.9661,-1,-1,-1
13,425,1457.0,455.36,40.14,107.23,0.9659,-1,-1,-1
13,427,306.39,105.91,33.53,70.68,0.9474,-1,-1,-1
14,414,991.35,770.51,65.82,159.79,0.9773,-1,-1,-1
14,425,1445.0,454.11,47.47,105.55,0.9761,-1,-1,-1
14,417,801.64,369.9,41.08,83.8,0.9707,-1,-1,-1
14,419,562.76,551.84,40.7,110.74,0.9705,-1,-1,-1
14,426,231.66,407.52,40.13,108.46,0.9704,-1,-1,-1
14,423,993.13,303.38,39.37,103.45,0.9704,-1,-1,-1
14,415,310.99,238.69,44.87,94.5,0.9697,-1,-1,-1
14,422,81.02,540.52,54.34,119.42,0.9695,-1,-1,-1
14,418,1137.56,421.81,49.27,98.32,0.9689,-1,-1,-1
14,420,67.36,262.39,43.51,96.11,0.9682,-1,-1,-1
14,421,1174.45,228.19,37.34,97.98,0.9675,-1,-1,-1
14,416,288.85,385.37,43.43,119.25,0.9648,-1,-1,-1
14,424,122.36,274.98,35.34,105.01,0.9635,-1,-1,-1
14,427,305.31,106.21,34.27,67.64,0.9468,-1,-1,-1
15,414,991.36,770.49,66.03,159.76,0.9773,-1,-1,-1
15,425,1444.98,453.95,47.43,105.7,0.9758,-1,-1,-1
15,419,562.76,551.76,40.67,110.8,0.9705,-1,-1,-1
15,417,801.66,369.92,41.06,83.81,0.9705,-1,-1,-1
15,426,231.63,407.46,40.19,108.51,0.9704,-1,-1,-1
15,423,993.07,303.28,39.39,103.42,0.9704,-1,-1,-1
15,415,310.98,238.68,44.86,94.5,0.9697,-1,-1,-1
15,422,81.01,540.53,54.33,119.39,0.9696,-1,-1,-1
15,418,1137.55,421.89,49.4,98.28,0.9692,-1,-1,-1
15,420,67.17,262.38,43.75,96.11,0.9685,-1,-1,-1
15,421,1174.38,228.27,37.4,97.93,0.9677,-1,-1,-1
15,416,288.85,385.42,43.42,119.12,0.9647,-1,-1,-1
15,424,122.4,274.98,35.28,105.03,0.9635,-1,-1,-1
15,427,305.37,106.25,34.16,67.63,0.9464,-1,-1,-1
16,416,286.83,382.45,43.69,118.07,0.9769,-1,-1,-1
16,422,87.39,537.25,48.69,118.71,0.9762,-1,-1,-1
16,414,997.87,765.75,61.48,160.99,0.9736,-1,-1,-1
16,425,1440.24,451.96,48.91,103.53,0.9736,-1,-1,-1
16,415,305.9,235.14,48.33,95.84,0.973,-1,-1,-1
16,417,800.36,366.13,44.17,83.81,0.9725,-1,-1,-1
16,420,63.96,258.38,45.75,99.68,0.9721,-1,-1,-1
16,426,231.29,406.46,40.1,105.27,0.9699,-1,-1,-1
16,423,988.86,302.81,38.78,103.33,0.967,-1,-1,-1
16,421,1173.04,224.73,38.15,99.24,0.966,-1,-1,-1
16,424,121.73,271.96,35.41,104.11,0.9627,-1,-1,-1
16,419,565.17,549.68,36.39,108.86,0.9597,-1,-1,-1
16,418,1148.54,420.95,52.02,96.28,0.9595,-1,-1,-1
16,427,303.92,104.8,37.37,65.65,0.9551,-1,-1,-1
17,416,285.26,378.85,42.91,119.41,0.9745,-1,-1,-1
17,418,1157.12,417.17,63.4,97.91,0.9741,-1,-1,-1
17,425,1436.46,450.26,51.75,104.66,0.9729,-1,-1,-1
17,422,93.59,533.4,42.43,118.5,0.9715,-1,-1,-1
17,426,230.68,403.03,40.14,105.03,0.9712,-1,-1,-1
17,417,803.18,362.61,43.87,85.9,0.9711,-1,-1,-1
17,415,301.9,231.36,50.27,94.94,0.9702,-1,-1,-1
17,420,62.84,254.1,41.79,101.48,0.9694,-1,-1,-1
17,423,984.14,302.25,40.07,100.99,0.969,-1,-1,-1
17,421,1172.45,221.82,37.74,99.16,0.9666,-1,-1,-1
17,424,120.92,268.03,36.06,105.77,0.9662,-1,-1,-1
17,419,566.52,548.52,34.96,105.2,0.9626,-1,-1,-1
17,414,1002.47,762.9,60.22,163.02,0.9585,-1,-1,-1
17,427,302.56,104.76,39.17,62.6,0.9551,-1,-1,-1
18,416,282.14,376.44,44.29,119.56,0.9757,-1,-1,-1
18,425,1431.68,448.41,51.83,110.07,0.9746,-1,-1,-1
18,426,230.67,399.85,38.63,104.17,0.9714,-1,-1,-1
18,418,1165.21,415.05,71.89,102.31,0.9713,-1,-1,-1
18,423,979.76,301.2,41.16,99.07,0.9704,-1,-1,-1
18,420,61.56,252.49,38.05,102.61,0.9698,-1,-1,-1
18,421,1171.99,218.47,38.7,99.57,0.9697,-1,-1,-1
18,415,294.78,227.13,54.25,95.5,0.9692,-1,-1,-1
18,417,806.68,360.37,42.32,89.29,0.9688,-1,-1,-1
18,414,1008.15,762.65,59.47,160.87,0.9687,-1,-1,-1
18,419,567.7,548.48,35.06,102.27,0.9647,-1,-1,-1
18,424,120.39,266.71,36.77,104.72,0.9598,-1,-1,-1
18,422,100.46,529.36,35.55,117.65,0.9512,-1,-1,-1
18,427,301.86,106.09,34.41,57.46,0.9452,-1,-1,-1
19,418,1177.68,415.34,72.71,103.45,0.9757,-1,-1,-1
19,416,280.82,373.44,44.67,121.74,0.974,-1,-1,-1
19,426,229.99,398.17,38.61,111.97,0.9729,-1,-1,-1
19,414,1012.81,761.19,63.61,161.8,0.9721,-1,-1,-1
19,417,810.91,359.14,42.12,91.0,0.9699,-1,-1,-1
19,421,1170.97,215.93,39.25,99.02,0.9692,-1,-1,-1
19,425,1424.73,446.32,49.89,113.63,0.969,-1,-1,-1
19,415,293.17,223.3,50.72,96.14,0.9684,-1,-1,-1
19,420,59.98,250.91,37.16,100.58,0.9675,-1,-1,-1
19,423,977.05,298.81,40.69,97.07,0.9672,-1,-1,-1
19,424,119.79,265.07,39.05,103.62,0.9642,-1,-1,-1
19,419,568.87,548.43,36.57,98.81,0.9619,-1,-1,-1
19,422,103.85,525.05,35.92,118.45,0.9613,-1,-1,-1
19,427,302.21,104.81,32.26,54.7,0.9391,-1,-1,-1
20,414,1017.68,762.28,75.83,159.17,0.9782,-1,-1,-1
20,416,279.98,371.57,44.56,121.04,0.9739,-1,-1,-1
20,426,229.29,397.78,39.03,112.69,0.9732,-1,-1,-1
20,419,570.71,547.69,38.79,96.74,0.972,-1,-1,-1
20,425,1414.29,446.83,53.49,110.76,0.9685,-1,-1,-1
20,421,1171.56,212.68,38.92,99.59,0.9681,-1,-1,-1
20,423,975.41,294.54,38.97,97.76,0.9681,-1,-1,-1
20,424,120.35,263.16,39.41,102.27,0.9677,-1,-1,-1
20,422,105.71,521.1,36.89,118.26,0.9672,-1,-1,-1
20,415,287.57,220.04,51.11,96.17,0.9671,-1,-1,-1
20,417,815.53,359.35,39.31,92.58,0.9656,-1,-1,-1
20,420,58.35,251.58,36.57,97.16,0.9589,-1,-1,-1
20,418,1189.1,418.08,67.17,100.72,0.9507,-1,-1,-1
20,427,305.55,104.33,28.71,50.95,0.9329,-1,-1,-1
21,414,1017.74,762.28,75.74,159.12,0.9781,-1,-1,-1
21,416,279.99,371.57,44.5,121.05,0.9738,-1,-1,-1
21,426,229.3,397.76,39.01,112.69,0.9732,-1,-1,-1
21,419,570.71,547.67,38.8,96.76,0.972,-1,-1,-1
21,425,1414.18,446.86,53.64,110.72,0.9684,-1,-1,-1
21,423,975.43,294.53,38.95,97.76,0.968,-1,-1,-1
21,421,1171.58,212.7,38.88,99.56,0.9679,-1,-1,-1
21,424,120.38,263.17,39.35,102.22,0.9678,-1,-1,-1
21,415,287.58,220.04,51.09,96.16,0.9672,-1,-1,-1
21,422,105.7,521.07,36.9,118.33,0.9671,-1,-1,-1
21,417,815.56,359.39,39.3,92.53,0.9654,-1,-1,-1
21,420,58.36,251.57,36.6,97.15,0.9591,-1,-1,-1
21,418,1189.06,418.11,67.21,100.63,0.9504,-1,-1,-1
21,427,305.55,104.28,28.75,50.99,0.9326,-1,-1,-1
22,414,1023.68,766.7,80.44,152.91,0.978,-1,-1,-1
22,419,570.35,545.53,43.96,99.74,0.9763,-1,-1,-1
22,416,278.57,370.97,45.31,118.78,0.9751,-1,-1,-1
22,425,1405.41,447.3,59.12,110.21,0.9729,-1,-1,-1
22,426,229.19,399.43,38.94,112.71,0.9727,-1,-1,-1
22,424,120.43,261.03,39.75,100.53,0.9711,-1,-1,-1
22,418,1195.25,420.12,61.69,96.45,0.9707,-1,-1,-1
22,422,107.72,519.09,40.72,119.17,0.9706,-1,-1,-1
22,423,973.71,291.94,38.64,98.48,0.9706,-1,-1,-1
22,415,282.7,217.25,50.41,94.95,0.9694,-1,-1,-1
22,421,1171.83,210.15,38.79,100.44,0.9676,-1,-1,-1
22,420,56.1,249.6,38.86,96.58,0.9651,-1,-1,-1
22,417,819.67,360.03,37.08,91.56,0.9618,-1,-1,-1
22,427,308.82,104.41,25.7,48.43,0.9305,-1,-1,-1
23,419,572.83,544.18,43.72,102.45,0.9772,-1,-1,-1
23,416,277.23,369.68,45.08,120.07,0.9758,-1,-1,-1
23,425,1399.75,445.42,63.52,113.72,0.9748,-1,-1,-1
23,414,1026.58,770.23,79.19,148.48,0.9736,-1,-1,-1
23,426,228.83,402.97,38.95,110.26,0.9728,-1,-1,-1
23,422,109.12,516.93,48.89,119.89,0.9727,-1,-1,-1
23,418,1203.51,419.91,55.95,95.18,0.9711,-1,-1,-1
23,415,280.19,214.65,46.15,95.55,0.9704,-1,-1,-1
23,423,970.59,289.65,40.08,100.77,0.9698,-1,-1,-1
23,424,120.67,256.94,39.53,102.19,0.9678,-1,-1,-1
23,421,1171.7,207.16,39.78,101.19,0.9674,-1,-1,-1
23,417,825.49,360.07,32.77,90.56,0.9656,-1,-1,-1
23,420,54.49,248.39,37.3,94.76,0.9596,-1,-1,-1
23,427,310.99,104.49,23.62,46.13,0.9253,-1,-1,-1
24,414,1026.49,773.61,83.34,145.98,0.976,-1,-1,-1
24,416,276.32,368.25,45.6,120.59,0.9757,-1,-1,-1
24,422,110.68,515.95,49.13,120.04,0.974,-1,-1,-1
24,418,1210.76,419.55,61.01,96.89,0.9725,-1,-1,-1
24,426,227.65,406.11,39.71,105.21,0.9722,-1,-1,-1
24,419,577.22,543.98,41.53,103.77,0.9713,-1,-1,-1
24,425,1393.38,441.22,70.75,116.96,0.9703,-1,-1,-1
24,421,1171.83,205.2,40.09,101.1,0.9702,-1,-1,-1
24,423,968.74,288.97,40.07,102.88,0.9688,-1,-1,-1
24,415,278.23,213.91,45.4,93.96,0.9687,-1,-1,-1
24,424,121.31,255.17,39.45,105.18,0.9653,-1,-1,-1
24,420,51.95,246.02,37.2,99.64,0.961,-1,-1,-1
24,417,828.51,359.42,32.15,88.84,0.9556,-1,-1,-1
24,427,312.7,104.54,22.55,44.2,0.916,-1,-1,-1
25,416,275.33,367.11,45.21,119.7,0.9759,-1,-1,-1
25,425,1385.16,440.48,74.68,118.64,0.9756,-1,-1,-1
25,422,111.28,516.06,48.73,121.42,0.975,-1,-1,-1
25,414,1027.13,774.28,82.55,144.2,0.9747,-1,-1,-1
25,418,1217.25,420.06,70.63,106.79,0.9726,-1,-1,-1
25,426,225.43,407.04,40.6,102.98,0.972,-1,-1,-1
25,419,581.51,545.29,42.8,101.53,0.9711,-1,-1,-1
25,415,274.93,213.26,48.48,93.6,0.9704,-1,-1,-1
25,421,1172.02,203.94,40.01,100.14,0.9695,-1,-1,-1
25,424,121.91,254.46,39.72,106.12,0.9686,-1,-1,-1
25,420,49.0,243.86,38.41,101.36,0.9665,-1,-1,-1
25,423,964.82,288.94,41.58,103.86,0.9662,-1,-1,-1
25,417,831.68,357.23,34.32,89.17,0.9588,-1,-1,-1
25,427,312.76,103.72,22.31,44.49,0.8988,-1,-1,-1
26,422,112.14,518.38,48.54,118.35,0.9765,-1,-1,-1
26,416,274.42,365.64,44.74,119.91,0.9761,-1,-1,-1
26,414,1028.86,772.36,79.6,146.22,0.9748,-1,-1,-1
26,415,272.81,212.96,51.2,92.88,0.9721,-1,-1,-1
26,425,1375.79,440.16,77.4,119.25,0.9714,-1,-1,-1
26,423,961.1,290.29,42.33,103.31,0.971,-1,-1,-1
26,418,1225.5,422.65,72.84,106.87,0.9708,-1,-1,-1
26,426,223.38,406.49,41.58,101.86,0.9707,-1,-1,-1
26,421,1173.09,202.32,39.42,99.63,0.9704,-1,-1,-1
26,424,122.34,254.47,39.79,105.98,0.9687,-1,-1,-1
26,420,46.9,244.11,38.89,103.42,0.968,-1,-1,-1
26,419,582.72,548.24,47.94,97.65,0.9635,-1,-1,-1
26,417,835.67,355.3,34.2,92.23,0.9616,-1,-1,-1
26,427,314.25,103.53,21.43,43.76,0.8926,-1,-1,-1
27,422,112.15,518.36,48.52,118.34,0.9765,-1,-1,-1
27,416,274.42,365.65,44.72,119.91,0.9761,-1,-1,-1
27,414,1028.82,772.36,79.62,146.23,0.9748,-1,-1,-1
27,415,272.8,212.94,51.2,92.89,0.9722,-1,-1,-1
27,423,960.79,290.32,42.67,103.22,0.9715,-1,-1,-1
27,425,1375.77,440.19,77.48,119.04,0.9715,-1,-1,-1
27,418,1225.51,422.64,72.86,106.88,0.9709,-1,-1,-1
27,426,223.36,406.46,41.62,101.85,0.9707,-1,-1,-1
27,421,1173.02,202.16,39.49,99.8,0.9705,-1,-1,-1
27,424,122.35,254.48,39.78,105.98,0.9687,-1,-1,-1
27,420,46.92,244.13,38.82,103.4,0.9679,-1,-1,-1
27,419,582.56,548.21,48.57,97.7,0.9631,-1,-1,-1
27,417,835.63,355.21,34.22,92.33,0.9617,-1,-1,-1
27,427,314.47,103.46,21.19,43.88,0.8941,-1,-1,-1
28,416,273.3,363.76,45.18,120.08,0.9774,-1,-1,-1
28,418,1232.6,425.3,73.89,104.98,0.9755,-1,-1,-1
28,422,112.67,521.61,50.82,113.51,0.9743,-1,-1,-1
28,423,956.36,292.37,45.3,102.1,0.9734,-1,-1,-1
28,414,1029.6,768.61,78.57,147.9,0.9733,-1,-1,-1
28,415,269.83,212.4,54.25,91.71,0.972,-1,-1,-1
28,425,1374.39,442.37,65.18,117.35,0.9717,-1,-1,-1
28,426,221.89,406.18,43.11,105.52,0.971,-1,-1,-1
28,421,1174.18,200.46,38.78,100.32,0.9695,-1,-1,-1
28,420,44.78,244.69,37.74,104.37,0.9666,-1,-1,-1
28,417,838.1,353.85,38.24,97.59,0.9659,-1,-1,-1
28,424,123.27,254.57,39.1,107.01,0.9644,-1,-1,-1
28,419,581.68,549.83,56.13,94.86,0.9634,-1,-1,-1
28,427,315.7,103.02,20.87,43.31,0.8808,-1,-1,-1
29,425,1375.64,443.67,47.9,114.85,0.9781,-1,-1,-1
29,416,271.88,362.12,44.24,118.52,0.9778,-1,-1,-1
29,415,267.29,211.15,56.99,90.94,0.9747,-1,-1,-1
29,414,1030.54,763.14,76.87,150.47,0.9747,-1,-1,-1
29,423,953.99,292.44,46.71,100.15,0.9743,-1,-1,-1
29,418,1240.61,425.83,68.43,103.6,0.974,-1,-1,-1
29,419,579.9,549.4,58.07,96.84,0.971,-1,-1,-1
29,426,220.82,405.85,43.26,110.98,0.971,-1,-1,-1
29,422,113.22,522.45,55.32,110.66,0.9691,-1,-1,-1
29,421,1174.94,199.39,38.89,99.91,0.9686,-1,-1,-1
29,417,840.82,353.61,40.15,98.79,0.9663,-1,-1,-1
29,420,41.62,245.94,38.46,101.01,0.9657,-1,-1,-1
29,424,123.42,254.95,38.98,105.35,0.9647,-1,-1,-1
29,427,318.35,102.91,19.36,41.2,0.8593,-1,-1,-1
30,416,270.19,359.83,44.03,117.95,0.9772,-1,-1,-1
30,425,1375.61,444.02,42.31,113.89,0.9755,-1,-1,-1
30,423,954.22,290.15,45.16,99.36,0.9746,-1,-1,-1
30,414,1030.12,756.8,76.55,152.45,0.9728,-1,-1,-1
30,418,1247.65,426.41,59.47,99.17,0.9726,-1,-1,-1
30,415,264.33,207.39,57.84,91.78,0.9712,-1,-1,-1
30,426,220.34,405.98,43.05,111.34,0.9711,-1,-1,-1
30,420,38.69,245.15,39.81,99.1,0.9692,-1,-1,-1
30,422,110.54,522.18,60.56,109.32,0.9689,-1,-1,-1
30,419,587.25,547.89,52.41,103.45,0.9684,-1,-1,-1
30,421,1175.61,197.55,38.81,99.71,0.9667,-1,-1,-1
30,424,122.97,253.92,39.15,104.76,0.9665,-1,-1,-1
30,417,843.58,353.18,43.41,101.85,0.9619,-1,-1,-1
30,427,319.89,103.62,18.78,37.34,0.8414,-1,-1,-1
31,416,269.78,355.99,42.91,118.45,0.9743,-1,-1,-1
31,422,103.13,519.59,66.75,111.34,0.9731,-1,-1,-1
31,423,955.24,286.79,42.08,98.9,0.9723,-1,-1,-1
31,420,33.45,241.79,43.37,98.03,0.9723,-1,-1,-1
31,426,220.64,406.88,42.12,112.19,0.9717,-1,-1,-1
31,419,595.47,548.01,44.09,105.2,0.9713,-1,-1,-1
31,425,1373.03,442.57,42.33,119.36,0.9704,-1,-1,-1
31,414,1028.24,751.95,77.43,153.76,0.9702,-1,-1,-1
31,418,1250.82,422.47,60.35,99.35,0.9699,-1,-1,-1
31,417,845.37,353.61,46.21,99.9,0.9697,-1,-1,-1
31,421,1175.4,194.65,39.73,100.45,0.9691,-1,-1,-1
31,424,123.55,251.53,37.54,102.44,0.9619,-1,-1,-1
31,415,259.56,205.37,59.39,91.45,0.9617,-1,-1,-1
31,427,322.07,102.13,18.3,35.28,0.8434,-1,-1,-1
32,418,1254.33,416.47,67.96,102.81,0.9788,-1,-1,-1
32,423,954.05,281.45,42.83,100.24,0.9752,-1,-1,-1
32,415,253.53,201.41,59.85,90.56,0.975,-1,-1,-1
32,414,1027.88,748.25,75.83,154.52,0.9747,-1,-1,-1
32,425,1363.69,440.69,49.86,128.66,0.9745,-1,-1,-1
32,420,30.52,237.03,44.75,98.98,0.9726,-1,-1,-1
32,417,845.68,353.19,47.65,97.69,0.9723,-1,-1,-1
32,421,1175.87,191.83,40.33,99.57,0.9715,-1,-1,-1
32,416,268.82,352.29,42.87,118.58,0.9698,-1,-1,-1
32,419,604.17,547.61,37.66,102.65,0.967,-1,-1,-1
32,426,220.14,406.53,41.54,108.13,0.9655,-1,-1,-1
32,422,101.28,515.31,64.15,114.97,0.9654,-1,-1,-1
32,424,124.04,245.71,37.17,102.65,0.9641,-1,-1,-1
32,427,322.24,102.14,18.89,32.3,0.7269,-1,-1,-1
33,418,1254.33,416.46,67.96,102.79,0.9788,-1,-1,-1
33,423,954.06,281.45,42.8,100.24,0.9751,-1,-1,-1
33,415,253.54,201.4,59.82,90.55,0.9749,-1,-1,-1
33,414,1027.96,748.28,75.74,154.5,0.9747,-1,-1,-1
33,425,1363.71,440.7,49.87,128.66,0.9745,-1,-1,-1
33,420,30.52,237.02,44.75,98.96,0.9726,-1,-1,-1
33,417,845.65,353.21,47.66,97.69,0.9724,-1,-1,-1
33,421,1175.86,191.84,40.34,99.58,0.9715,-1,-1,-1
33,416,268.83,352.29,42.84,118.58,0.9698,-1,-1,-1
33,419,604.11,547.6,37.7,102.71,0.967,-1,-1,-1
33,426,220.12,406.53,41.51,108.13,0.9654,-1,-1,-1
33,422,101.23,515.3,64.17,115.03,0.9653,-1,-1,-1
33,424,124.03,245.72,37.16,102.67,0.9641,-1,-1,-1
33,427,322.25,102.21,18.86,32.21,0.7249,-1,-1,-1
34,418,1256.68,413.25,70.51,112.42,0.9801,-1,-1,-1
34,414,1027.42,745.27,76.08,153.71,0.9759,-1,-1,-1
34,420,28.6,232.52,44.93,102.12,0.9734,-1,-1,-1
34,425,1356.69,439.49,52.76,114.92,0.9731,-1,-1,-1
34,417,846.03,350.88,46.92,94.57,0.973,-1,-1,-1
34,423,953.96,276.96,41.61,104.08,0.9718,-1,-1,-1
34,421,1176.56,187.76,39.55,100.08,0.9713,-1,-1,-1
34,416,267.37,349.13,42.89,118.1,0.9689,-1,-1,-1
34,419,608.94,547.0,35.68,98.45,0.9677,-1,-1,-1
34,422,101.6,510.23,64.81,118.51,0.9665,-1,-1,-1
34,426,219.53,405.78,41.67,104.84,0.9654,-1,-1,-1
34,424,123.93,241.56,37.56,103.24,0.9649,-1,-1,-1
34,415,248.93,197.54,56.38,89.14,0.9643,-1,-1,-1
34,427,322.58,100.89,18.69,29.66,0.5808,-1,-1,-1
35,418,1258.1,411.55,69.53,115.39,0.9778,-1,-1,-1
35,425,1347.6,438.66,58.87,114.03,0.9734,-1,-1,-1
35,420,27.0,227.96,45.28,104.2,0.9734,-1,-1,-1
35,416,264.49,346.52,43.9,117.72,0.9734,-1,-1,-1
35,414,1023.72,745.03,81.58,152.05,0.9722,-1,-1,-1
35,417,845.39,347.47,48.89,92.77,0.9722,-1,-1,-1
35,423,952.78,273.28,39.72,107.13,0.9712,-1,-1,-1
35,421,1176.01,184.42,39.77,99.93,0.9706,-1,-1,-1
35,426,217.0,403.3,44.26,103.19,0.9686,-1,-1,-1
35,419,609.1,546.05,39.78,95.03,0.968,-1,-1,-1
35,415,243.49,192.12,52.76,90.57,0.9674,-1,-1,-1
35,422,103.69,506.46,58.97,119.98,0.9666,-1,-1,-1
35,424,124.09,236.26,36.54,104.04,0.9596,-1,-1,-1
35,427,321.35,100.98,19.82,24.41,0.3566,-1,-1,-1
36,414,1021.25,746.7,83.73,150.4,0.9787,-1,-1,-1
36,416,262.82,343.69,45.14,118.09,0.9763,-1,-1,-1
36,419,609.65,543.31,43.96,96.11,0.9755,-1,-1,-1
36,422,108.78,504.65,54.04,117.87,0.9738,-1,-1,-1
36,421,1175.77,180.58,42.12,100.2,0.9731,-1,-1,-1
36,423,951.79,271.37,39.45,106.91,0.9722,-1,-1,-1
36,417,847.81,344.81,48.8,94.0,0.9718,-1,-1,-1
36,426,215.95,400.7,45.1,101.29,0.9713,-1,-1,-1
36,425,1337.85,436.05,64.99,113.19,0.9665,-1,-1,-1
36,415,239.63,187.26,49.63,89.53,0.9653,-1,-1,-1
36,420,25.05,225.47,42.12,105.3,0.9643,-1,-1,-1
36,418,1259.54,411.03,70.31,115.4,0.9583,-1,-1,-1
36,424,124.8,231.24,36.2,108.4,0.9563,-1,-1,-1
37,414,1019.64,747.98,85.94,147.73,0.9795,-1,-1,-1
37,416,261.77,341.71,47.31,117.22,0.9759,-1,-1,-1
37,425,1328.62,433.49,69.36,111.74,0.9743,-1,-1,-1
37,426,213.78,398.36,47.07,107.5,0.9743,-1,-1,-1
37,419,613.76,540.35,47.6,103.28,0.974,-1,-1,-1
37,423,950.68,270.69,40.33,106.72,0.9727,-1,-1,-1
37,422,110.55,503.65,57.92,115.6,0.9725,-1,-1,-1
37,418,1262.19,413.28,71.97,116.2,0.9718,-1,-1,-1
37,417,852.52,342.8,46.83,99.24,0.9701,-1,-1,-1
37,421,1176.83,177.09,41.76,99.56,0.9699,-1,-1,-1
37,420,24.04,224.96,40.18,105.04,0.9686,-1,-1,-1
37,415,233.35,182.09,55.43,92.14,0.9642,-1,-1,-1
37,424,125.48,228.41,36.7,108.65,0.9595,-1,-1,-1
38,416,260.42,339.15,48.14,117.09,0.9778,-1,-1,-1
38,414,1018.95,747.98,89.79,143.54,0.9772,-1,-1,-1
38,425,1323.64,430.85,68.41,111.91,0.9769,-1,-1,-1
38,415,227.71,176.99,60.73,94.77,0.9761,-1,-1,-1
38,417,856.84,342.07,46.21,99.6,0.975,-1,-1,-1
38,426,212.68,398.03,46.6,111.53,0.9749,-1,-1,-1
38,423,949.38,270.75,41.13,105.36,0.9731,-1,-1,-1
38,421,1177.44,173.46,41.58,100.08,0.9727,-1,-1,-1
38,422,111.63,503.59,62.6,112.49,0.9721,-1,-1,-1
38,419,625.45,540.52,41.97,106.89,0.9711,-1,-1,-1
38,420,23.24,224.45,39.64,103.28,0.9709,-1,-1,-1
38,424,126.93,226.78,37.02,109.15,0.9628,-1,-1,-1
38,418,1260.23,414.43,73.09,104.86,0.9519,-1,-1,-1
39,416,260.48,339.16,48.13,117.1,0.9777,-1,-1,-1
39,414,1018.98,747.98,89.74,143.56,0.9772,-1,-1,-1
39,425,1323.6,430.79,68.78,111.99,0.9769,-1,-1,-1
39,415,227.7,176.99,60.75,94.75,0.9762,-1,-1,-1
39,417,856.81,342.07,46.21,99.72,0.9751,-1,-1,-1
39,426,212.78,398.09,46.61,111.45,0.9747,-1,-1,-1
39,423,949.34,270.76,41.17,105.39,0.9732,-1,-1,-1
39,421,1177.43,173.47,41.56,100.08,0.9726,-1,-1,-1
39,422,111.63,503.56,62.72,112.55,0.9721,-1,-1,-1
39,419,625.4,540.52,42.09,106.96,0.9712,-1,-1,-1
39,420,23.21,224.46,39.83,103.3,0.9709,-1,-1,-1
39,424,126.88,226.8,37.05,109.16,0.9628,-1,-1,-1
39,418,1260.19,414.4,73.15,105.0,0.9508,-1,-1,-1
40,415,224.97,173.69,60.94,94.85,0.9783,-1,-1,-1
40,416,259.52,338.02,50.37,113.89,0.9756,-1,-1,-1
40,426,212.33,398.71,44.35,113.0,0.9749,-1,-1,-1
40,419,632.48,541.99,42.87,105.14,0.9739,-1,-1,-1
40,414,1020.21,747.25,89.6,142.48,0.9737,-1,-1,-1
40,425,1322.66,428.13,67.33,115.72,0.9735,-1,-1,-1
40,422,112.96,505.27,61.28,107.15,0.9709,-1,-1,-1
40,423,948.71,271.07,41.01,101.51,0.9699,-1,-1,-1
40,420,23.28,224.17,40.56,100.08,0.9683,-1,-1,-1
40,417,863.28,343.38,42.89,98.83,0.968,-1,-1,-1
40,421,1179.7,170.45,39.94,100.21,0.9677,-1,-1,-1
40,418,1264.37,416.04,70.7,96.84,0.967,-1,-1,-1
40,424,128.73,226.38,37.49,109.04,0.9631,-1,-1,-1
41,414,1021.81,744.99,88.77,143.01,0.9774,-1,-1,-1
41,426,211.21,401.48,44.03,112.13,0.9765,-1,-1,-1
41,416,258.28,337.45,52.86,112.21,0.9763,-1,-1,-1
41,425,1322.54,428.06,62.84,114.05,0.9724,-1,-1,-1
41,422,113.82,506.15,60.36,104.25,0.9715,-1,-1,-1
41,418,1273.3,415.41,62.48,99.65,0.9705,-1,-1,-1
41,423,948.61,270.17,41.23,99.7,0.9697,-1,-1,-1
41,415,221.51,170.59,59.96,96.2,0.9693,-1,-1,-1
41,419,629.17,544.28,52.54,101.14,0.9689,-1,-1,-1
41,420,23.05,222.55,39.65,99.09,0.9674,-1,-1,-1
41,421,1180.76,168.51,39.48,99.96,0.9668,-1,-1,-1
41,417,868.61,345.87,42.23,98.5,0.9636,-1,-1,-1
41,424,130.16,225.88,39.43,106.96,0.956,-1,-1,-1
42,414,1024.38,742.07,87.62,143.72,0.9806,-1,-1,-1
42,426,209.49,403.08,44.46,110.31,0.9792,-1,-1,-1
42,416,256.22,337.23,54.54,110.52,0.9778,-1,-1,-1
42,422,113.05,505.12,55.99,109.23,0.9768,-1,-1,-1
42,415,217.18,170.04,60.5,95.89,0.9743,-1,-1,-1
42,423,948.85,268.41,41.38,101.19,0.9711,-1,-1,-1
42,424,132.84,226.24,39.27,104.23,0.9688,-1,-1,-1
42,420,22.01,219.96,38.96,100.61,0.9684,-1,-1,-1
42,417,874.37,347.76,41.14,96.81,0.9684,-1,-1,-1
42,425,1324.72,423.88,59.69,116.2,0.968,-1,-1,-1
42,421,1181.5,166.99,38.9,100.07,0.9678,-1,-1,-1
42,419,630.38,545.3,57.62,98.29,0.9659,-1,-1,-1
42,418,1276.84,414.31,59.78,116.11,0.9544,-1,-1,-1
43,414,1027.13,739.5,85.85,143.99,0.98,-1,-1,-1
43,426,207.25,403.1,45.12,109.15,0.978,-1,-1,-1
43,416,254.64,337.91,52.66,109.16,0.9779,-1,-1,-1
43,422,112.28,504.25,51.57,113.67,0.9764,-1,-1,-1
43,419,633.89,546.64,60.16,102.33,0.9726,-1,-1,-1
43,423,949.01,266.2,41.12,102.5,0.9712,-1,-1,-1
43,420,19.63,218.21,38.7,104.35,0.9687,-1,-1,-1
43,417,879.65,349.17,38.07,93.93,0.9662,-1,-1,-1
43,424,134.65,225.82,39.94,103.03,0.966,-1,-1,-1
43,425,1326.15,420.25,57.92,117.41,0.966,-1,-1,-1
43,415,213.69,169.76,55.65,95.35,0.9641,-1,-1,-1
43,418,1277.7,414.51,58.34,118.06,0.9638,-1,-1,-1
43,421,1182.49,166.72,37.32,99.12,0.9637,-1,-1,-1
44,414,1028.02,737.63,89.04,148.78,0.9791,-1,-1,-1
44,416,252.75,337.5,49.14,107.6,0.9762,-1,-1,-1
44,422,111.36,504.79,48.85,117.79,0.9761,-1,-1,-1
44,426,203.71,403.33,45.59,108.33,0.9741,-1,-1,-1
44,418,1278.52,416.02,54.26,118.65,0.972,-1,-1,-1
44,423,949.54,265.11,40.77,105.11,0.9715,-1,-1,-1
44,424,135.73,224.81,39.69,103.18,0.9696,-1,-1,-1
44,415,208.13,170.07,50.62,93.56,0.9686,-1,-1,-1
44,425,1327.86,416.88,57.08,120.91,0.9677,-1,-1,-1
44,420,16.68,218.01,39.24,107.55,0.9676,-1,-1,-1
44,421,1182.61,166.8,37.61,99.58,0.9648,-1,-1,-1
44,419,645.72,548.17,54.28,109.63,0.9631,-1,-1,-1
44,417,883.36,348.2,36.75,94.3,0.9624,-1,-1,-1
45,414,1028.08,737.64,89.05,148.78,0.9792,-1,-1,-1
45,416,252.73,337.5,49.14,107.54,0.9762,-1,-1,-1
45,422,111.33,504.8,48.89,117.78,0.9761,-1,-1,-1
45,426,203.69,403.29,45.68,108.38,0.9741,-1,-1,-1
45,418,1278.56,415.97,54.19,118.67,0.9722,-1,-1,-1
45,423,949.57,265.09,40.79,105.2,0.9713,-1,-1,-1
45,424,135.72,224.81,39.68,103.17,0.9696,-1,-1,-1
45,415,208.1,170.06,50.61,93.58,0.9685,-1,-1,-1
45,425,1327.9,416.88,57.01,120.89,0.9678,-1,-1,-1
45,420,16.68,217.98,39.25,107.53,0.9676,-1,-1,-1
45,421,1182.6,166.79,37.63,99.61,0.965,-1,-1,-1
45,417,883.36,348.21,36.8,94.28,0.9627,-1,-1,-1
45,419,645.5,548.48,55.25,108.57,0.9623,-1,-1,-1
46,416,249.42,337.75,47.83,107.45,0.9783,-1,-1,-1
46,414,1039.04,739.85,83.77,147.38,0.9783,-1,-1,-1
46,426,200.76,403.37,47.56,107.66,0.975,-1,-1,-1
46,419,654.18,553.4,50.24,112.45,0.9739,-1,-1,-1
46,425,1331.36,414.24,56.47,123.43,0.9734,-1,-1,-1
46,422,109.9,507.42,45.78,117.91,0.9732,-1,-1,-1
46,423,950.41,266.13,40.32,107.85,0.9725,-1,-1,-1
46,415,202.9,169.62,46.1,93.17,0.9699,-1,-1,-1
46,420,13.71,218.92,40.12,106.8,0.9695,-1,-1,-1
46,421,1182.94,167.68,38.44,100.0,0.9685,-1,-1,-1
46,418,1279.51,420.01,57.68,116.3,0.9683,-1,-1,-1
46,424,136.61,223.86,39.45,103.24,0.9677,-1,-1,-1
46,417,887.15,348.82,37.24,99.17,0.9654,-1,-1,-1
47,416,245.78,337.02,49.46,111.02,0.9786,-1,-1,-1
47,426,196.95,404.04,46.56,116.41,0.975,-1,-1,-1
47,422,108.7,511.58,42.46,114.66,0.975,-1,-1,-1
47,414,1055.6,738.43,72.61,151.34,0.9745,-1,-1,-1
47,419,665.76,558.33,44.39,110.2,0.9741,-1,-1,-1
47,425,1333.25,411.11,58.72,126.17,0.9741,-1,-1,-1
47,415,197.29,168.39,46.96,93.72,0.972,-1,-1,-1
47,423,948.8,266.27,41.25,107.71,0.9712,-1,-1,-1
47,420,12.26,221.52,38.74,110.32,0.9702,-1,-1,-1
47,421,1183.16,168.62,39.41,99.61,0.9699,-1,-1,-1
47,417,889.82,351.15,38.91,102.46,0.9697,-1,-1,-1
47,418,1280.62,425.37,57.68,112.43,0.9673,-1,-1,-1
47,424,137.12,223.51,39.58,108.42,0.9661,-1,-1,-1
48,416,242.51,336.49,50.99,116.13,0.9758,-1,-1,-1
48,422,107.05,516.1,43.0,109.51,0.975,-1,-1,-1
48,423,945.98,268.22,45.75,110.03,0.9723,-1,-1,-1
48,414,1070.65,738.54,63.16,150.01,0.9721,-1,-1,-1
48,415,191.52,166.54,52.01,95.66,0.9712,-1,-1,-1
48,421,1184.91,169.43,39.58,99.72,0.9702,-1,-1,-1
48,426,194.05,406.9,47.19,120.18,0.9697,-1,-1,-1
48,419,674.3,563.62,43.53,104.71,0.9697,-1,-1,-1
48,420,10.24,224.61,38.86,110.79,0.9692,-1,-1,-1
48,418,1280.25,427.36,60.95,109.97,0.969,-1,-1,-1
48,425,1336.07,411.86,60.48,126.44,0.9656,-1,-1,-1
48,417,893.77,353.45,42.4,104.28,0.9654,-1,-1,-1
48,424,137.92,223.31,40.1,110.19,0.9596,-1,-1,-1
49,414,1079.8,737.42,60.12,151.49,0.9735,-1,-1,-1
49,419,681.88,567.1,41.94,101.17,0.9733,-1,-1,-1
49,425,1342.14,410.76,63.47,127.16,0.9732,-1,-1,-1
49,416,240.4,337.12,51.41,117.4,0.9719,-1,-1,-1
49,422,100.25,518.68,49.95,111.76,0.9714,-1,-1,-1
49,415,186.25,165.19,55.72,96.88,0.9713,-1,-1,-1
49,418,1279.08,427.66,58.57,110.55,0.9712,-1,-1,-1
49,423,945.1,271.61,47.45,110.75,0.9702,-1,-1,-1
49,421,1186.88,169.94,39.56,99.04,0.9701,-1,-1,-1
49,426,192.26,409.87,45.38,121.85,0.9691,-1,-1,-1
49,417,896.56,357.99,46.26,103.97,0.9676,-1,-1,-1
49,420,6.69,226.88,39.34,107.77,0.9635,-1,-1,-1
49,424,139.16,225.48,39.15,109.35,0.9364,-1,-1,-1
50,415,179.43,163.75,59.97,97.8,0.9742,-1,-1,-1
50,426,190.0,415.74,43.74,121.14,0.9737,-1,-1,-1
50,414,1087.03,736.24,57.49,153.31,0.9737,-1,-1,-1
50,423,944.62,275.93,49.31,107.0,0.9735,-1,-1,-1
50,418,1278.97,427.74,58.03,109.17,0.973,-1,-1,-1
50,419,685.67,568.25,44.79,110.57,0.9727,-1,-1,-1
50,425,1345.22,412.15,70.7,128.62,0.9721,-1,-1,-1
50,417,895.03,362.83,48.52,102.87,0.9714,-1,-1,-1
50,421,1189.05,170.39,39.5,98.52,0.9702,-1,-1,-1
50,422,92.57,519.1,58.35,121.08,0.968,-1,-1,-1
50,420,3.25,228.05,40.6,106.02,0.9628,-1,-1,-1
50,424,140.06,227.03,39.1,110.31,0.9576,-1,-1,-1
50,416,238.24,337.41,52.4,120.72,0.9563,-1,-1,-1
51,415,179.45,163.75,59.98,97.81,0.9742,-1,-1,-1
51,426,190.04,415.76,43.69,121.07,0.9738,-1,-1,-1
51,414,1087.04,736.25,57.49,153.23,0.9737,-1,-1,-1
51,423,944.58,275.96,49.47,106.97,0.9734,-1,-1,-1
51,418,1278.94,427.73,58.03,109.15,0.9729,-1,-1,-1
51,419,685.58,568.26,44.81,110.45,0.9728,-1,-1,-1
51,425,1345.26,412.04,71.51,128.85,0.9726,-1,-1,-1
51,417,895.09,362.76,48.59,102.95,0.9719,-1,-1,-1
51,421,1189.04,170.41,39.55,98.49,0.9702,-1,-1,-1
51,422,92.43,519.09,58.53,121.03,0.9676,-1,-1,-1
51,420,3.28,228.08,40.61,106.0,0.9628,-1,-1,-1
51,424,140.08,227.01,39.04,110.35,0.9579,-1,-1,-1
51,416,238.16,337.4,52.51,120.81,0.9565,-1,-1,-1
52,419,689.51,571.71,47.4,116.23,0.9786,-1,-1,-1
52,418,1276.84,428.51,57.05,118.73,0.974,-1,-1,-1
52,416,235.58,339.01,52.46,119.26,0.9735,-1,-1,-1
52,414,1095.57,736.05,54.58,160.57,0.9733,-1,-1,-1
52,425,1345.68,414.96,77.48,128.86,0.9725,-1,-1,-1
52,415,175.03,164.06,61.08,97.33,0.9722,-1,-1,-1
52,423,946.55,277.63,49.82,105.43,0.9718,-1,-1,-1
52,421,1190.4,170.5,38.6,98.46,0.9703,-1,-1,-1
52,426,188.93,422.04,42.9,117.59,0.9702,-1,-1,-1
52,417,893.07,365.74,52.62,100.76,0.9691,-1,-1,-1
52,422,86.57,521.38,62.81,124.1,0.968,-1,-1,-1
52,420,2.56,227.16,40.83,106.31,0.9666,-1,-1,-1
52,424,140.01,229.94,39.13,109.04,0.9635,-1,-1,-1
53,416,232.69,340.59,49.3,117.92,0.9766,-1,-1,-1
53,423,950.65,277.3,48.04,106.04,0.9747,-1,-1,-1
53,415,169.25,164.7,59.77,97.58,0.9744,-1,-1,-1
53,419,700.31,574.64,43.5,120.85,0.9734,-1,-1,-1
53,425,1347.18,418.74,81.76,126.52,0.9729,-1,-1,-1
53,426,187.17,427.06,42.14,112.17,0.9727,-1,-1,-1
53,417,893.09,367.63,53.87,98.35,0.972,-1,-1,-1
53,418,1273.66,431.95,54.65,123.44,0.9708,-1,-1,-1
53,422,82.75,524.59,63.35,125.06,0.9706,-1,-1,-1
53,420,0.83,227.22,41.62,108.5,0.97,-1,-1,-1
53,421,1191.35,170.04,37.38,97.9,0.9689,-1,-1,-1
53,424,139.16,231.33,40.81,107.46,0.9664,-1,-1,-1
53,414,1101.73,737.15,52.41,161.81,0.9648,-1,-1,-1
54,416,229.48,342.98,43.88,116.14,0.9756,-1,-1,-1
54,425,1348.95,422.1,82.82,126.36,0.9751,-1,-1,-1
54,423,955.84,276.94,43.95,105.38,0.9748,-1,-1,-1
54,418,1272.0,435.8,52.51,125.22,0.9741,-1,-1,-1
54,417,894.09,369.41,54.63,96.72,0.9728,-1,-1,-1
54,419,707.83,579.9,41.1,119.21,0.9726,-1,-1,-1
54,422,84.69,528.91,57.58,124.06,0.9685,-1,-1,-1
54,424,138.01,232.1,41.71,106.22,0.9683,-1,-1,-1
54,414,1107.4,740.61,53.37,160.26,0.968,-1,-1,-1
54,421,1191.94,168.49,36.7,99.29,0.9674,-1,-1,-1
54,420,0.67,226.71,39.63,112.47,0.967,-1,-1,-1
54,426,183.24,428.88,42.05,109.53,0.9661,-1,-1,-1
54,415,162.61,165.74,54.8,97.11,0.9659,-1,-1,-1
55,416,225.41,343.69,42.14,115.35,0.9768,-1,-1,-1
55,425,1350.39,425.31,80.98,126.28,0.9765,-1,-1,-1
55,426,179.18,431.07,44.59,110.57,0.9755,-1,-1,-1
55,419,712.87,583.35,44.31,117.12,0.9751,-1,-1,-1
55,414,1112.89,743.03,55.73,159.92,0.9743,-1,-1,-1
55,423,956.34,276.47,43.25,105.1,0.9742,-1,-1,-1
55,422,89.01,533.18,52.47,120.16,0.9727,-1,-1,-1
55,417,896.51,370.82,54.44,102.43,0.9699,-1,-1,-1
55,424,137.18,232.25,41.47,104.93,0.9687,-1,-1,-1
55,418,1267.41,440.79,54.18,124.15,0.9686,-1,-1,-1
55,421,1192.16,166.89,36.72,101.73,0.9643,-1,-1,-1
55,415,155.7,166.25,48.5,95.22,0.9636,-1,-1,-1
55,420,0.41,226.83,36.35,113.59,0.9543,-1,-1,-1
56,416,221.94,343.77,44.3,114.58,0.9778,-1,-1,-1
56,423,956.55,276.47,42.88,111.56,0.9762,-1,-1,-1
56,422,88.91,536.43,53.48,117.41,0.9752,-1,-1,-1
56,419,715.67,586.39,48.3,114.04,0.975,-1,-1,-1
56,426,174.06,433.38,48.33,120.03,0.9748,-1,-1,-1
56,414,1117.44,746.23,64.1,160.3,0.9734,-1,-1,-1
56,417,897.03,372.84,53.58,105.91,0.9731,-1,-1,-1
56,425,1351.87,426.82,83.88,125.68,0.9726,-1,-1,-1
56,415,148.98,165.4,44.53,94.82,0.971,-1,-1,-1
56,418,1262.17,446.25,59.37,119.87,0.9686,-1,-1,-1
56,421,1192.26,165.41,36.98,104.21,0.9644,-1,-1,-1
56,424,136.67,231.8,40.32,105.66,0.9621,-1,-1,-1
56,420,0.0,231.55,30.28,112.77,0.9315,-1,-1,-1
57,416,221.95,343.75,44.23,114.55,0.9778,-1,-1,-1
57,423,956.55,276.4,42.87,111.67,0.9762,-1,-1,-1
57,419,715.57,586.35,48.47,114.09,0.9749,-1,-1,-1
57,422,88.9,536.45,53.69,117.33,0.9749,-1,-1,-1
57,426,174.07,433.45,48.6,119.95,0.9748,-1,-1,-1
57,414,1117.42,746.24,64.18,160.16,0.9732,-1,-1,-1
57,417,897.16,372.76,53.56,106.0,0.9731,-1,-1,-1
57,425,1351.86,426.83,83.92,125.69,0.9725,-1,-1,-1
57,415,148.79,165.33,44.65,94.76,0.9706,-1,-1,-1
57,418,1262.18,446.21,59.37,119.89,0.9686,-1,-1,-1
57,421,1192.26,165.38,36.99,104.26,0.9644,-1,-1,-1
57,424,136.65,231.87,40.35,105.57,0.9616,-1,-1,-1
57,420,0.0,231.57,30.28,112.68,0.932,-1,-1,-1
58,414,1121.69,749.06,68.13,163.45,0.9768,-1,-1,-1
58,416,217.52,341.46,49.48,117.31,0.9756,-1,-1,-1
58,422,87.62,538.14,54.94,117.93,0.9736,-1,-1,-1
58,425,1352.38,428.88,86.95,123.89,0.9735,-1,-1,-1
58,415,141.31,164.14,47.49,95.77,0.9727,-1,-1,-1
58,417,898.55,375.82,53.34,108.4,0.9726,-1,-1,-1
58,418,1262.63,448.28,60.39,118.99,0.9722,-1,-1,-1
58,423,956.97,276.28,42.52,114.44,0.972,-1,-1,-1
58,419,721.06,587.79,50.63,115.77,0.9716,-1,-1,-1
58,426,168.5,436.95,46.49,120.54,0.9703,-1,-1,-1
58,421,1192.25,164.87,37.17,106.22,0.9635,-1,-1,-1
58,424,135.92,228.71,39.08,109.92,0.961,-1,-1,-1
58,420,0.16,234.75,26.1,112.37,0.9093,-1,-1,-1
59,414,1126.28,751.0,71.28,163.46,0.9778,-1,-1,-1
59,417,901.32,380.62,51.55,108.27,0.9753,-1,-1,-1
59,426,163.37,442.73,44.31,120.55,0.9726,-1,-1,-1
59,423,957.91,278.87,41.49,112.91,0.972,-1,-1,-1
59,418,1259.57,448.2,62.78,118.2,0.972,-1,-1,-1
59,425,1355.18,429.38,83.64,123.79,0.9718,-1,-1,-1
59,419,728.34,590.61,50.32,129.2,0.9703,-1,-1,-1
59,416,212.48,340.51,54.15,119.95,0.9692,-1,-1,-1
59,415,132.54,162.4,54.72,96.56,0.969,-1,-1,-1
59,422,86.46,539.09,54.77,125.54,0.9689,-1,-1,-1
59,424,135.75,228.07,38.61,114.09,0.9613,-1,-1,-1
59,421,1193.04,164.71,36.63,107.08,0.9586,-1,-1,-1
59,420,0.58,242.23,22.18,102.74,0.8349,-1,-1,-1
60,417,905.45,383.98,49.82,106.3,0.9775,-1,-1,-1
60,414,1130.68,753.58,68.93,159.48,0.9775,-1,-1,-1
60,418,1255.01,447.61,65.7,125.48,0.9746,-1,-1,-1
60,416,206.46,340.52,60.23,121.44,0.9744,-1,-1,-1
60,419,736.47,594.56,47.83,132.73,0.9723,-1,-1,-1
60,426,159.13,447.94,43.23,117.62,0.9711,-1,-1,-1
60,422,84.84,541.41,53.21,130.41,0.9711,-1,-1,-1
60,425,1361.07,429.73,78.41,121.6,0.9702,-1,-1,-1
60,423,959.91,282.59,40.53,112.92,0.9689,-1,-1,-1
60,415,126.44,161.07,56.32,97.22,0.9645,-1,-1,-1
60,421,1193.16,166.1,37.39,106.43,0.9637,-1,-1,-1
60,424,135.09,228.71,38.86,115.09,0.9501,-1,-1,-1
60,420,0.03,241.64,17.53,106.39,0.8975,-1,-1,-1
61,414,1133.66,756.61,65.14,160.6,0.9808,-1,-1,-1
61,417,910.69,387.73,45.38,103.09,0.9768,-1,-1,-1
61,416,199.57,341.07,63.94,123.06,0.9766,-1,-1,-1
61,426,153.31,450.97,44.11,114.64,0.9762,-1,-1,-1
61,418,1249.15,451.35,62.99,127.29,0.9737,-1,-1,-1
61,422,81.55,544.94,54.46,132.36,0.9728,-1,-1,-1
61,419,738.05,600.72,53.1,136.95,0.9714,-1,-1,-1
61,425,1366.45,431.32,73.18,121.09,0.9708,-1,-1,-1
61,423,960.22,286.67,40.83,109.3,0.9702,-1,-1,-1
61,421,1193.39,168.05,37.48,104.48,0.963,-1,-1,-1
61,415,117.48,160.25,55.37,99.54,0.9318,-1,-1,-1
61,424,134.57,230.59,39.77,114.75,0.9175,-1,-1,-1
61,420,0.34,239.99,13.08,102.69,0.8285,-1,-1,-1
62,414,1136.9,757.97,63.59,161.29,0.9783,-1,-1,-1
62,425,1374.84,431.51,69.04,120.4,0.9777,-1,-1,-1
62,422,79.85,548.94,54.67,132.35,0.9744,-1,-1,-1
62,426,147.74,452.17,45.5,114.32,0.9731,-1,-1,-1
62,416,194.12,343.18,68.43,124.99,0.9725,-1,-1,-1
62,423,960.04,289.03,41.26,106.47,0.972,-1,-1,-1
62,419,748.86,605.02,48.56,132.5,0.9708,-1,-1,-1
62,417,914.05,388.51,42.5,102.49,0.9701,-1,-1,-1
62,418,1243.3,455.45,60.21,125.21,0.9618,-1,-1,-1
62,415,109.52,161.01,54.36,100.32,0.9618,-1,-1,-1
62,421,1194.78,169.42,36.9,104.17,0.9604,-1,-1,-1
62,424,135.18,232.82,40.1,115.43,0.936,-1,-1,-1
62,420,0.01,244.43,10.84,104.38,0.6046,-1,-1,-1
63,414,1136.96,757.9,63.56,161.47,0.9782,-1,-1,-1
63,425,1374.82,431.5,69.06,120.42,0.9777,-1,-1,-1
63,422,79.84,549.0,54.72,132.29,0.9743,-1,-1,-1
63,426,147.74,452.19,45.51,114.3,0.973,-1,-1,-1
63,416,194.08,343.18,68.54,125.02,0.9725,-1,-1,-1
63,423,959.98,289.02,41.4,106.43,0.9723,-1,-1,-1
63,419,748.46,605.04,48.95,132.52,0.9704,-1,-1,-1
63,417,914.03,388.53,42.57,102.49,0.9702,-1,-1,-1
63,415,109.51,161.04,54.51,100.32,0.9623,-1,-1,-1
63,418,1243.21,455.34,60.29,125.34,0.9616,-1,-1,-1
63,421,1194.82,169.44,36.87,104.08,0.9606,-1,-1,-1
63,424,135.3,232.23,39.76,115.7,0.9364,-1,-1,-1
63,420,0.0,243.76,11.05,105.07,0.5917,-1,-1,-1
64,414,1141.82,757.55,61.56,162.35,0.9755,-1,-1,-1
64,416,190.95,346.61,68.34,121.75,0.9742,-1,-1,-1
64,423,960.36,290.05,42.13,104.75,0.9737,-1,-1,-1
64,419,756.43,607.81,45.26,129.64,0.9729,-1,-1,-1
64,418,1236.29,459.8,57.72,129.49,0.9717,-1,-1,-1
64,426,144.39,452.04,44.69,112.49,0.9716,-1,-1,-1
64,422,72.21,552.87,63.74,130.08,0.9715,-1,-1,-1
64,421,1195.9,170.47,37.17,102.77,0.966,-1,-1,-1
64,424,136.15,236.09,41.66,111.54,0.9642,-1,-1,-1
64,417,915.97,389.24,42.83,102.27,0.962,-1,-1,-1
64,415,109.32,162.92,38.17,98.53,0.9234,-1,-1,-1
64,425,1382.24,430.34,68.54,122.84,0.9198,-1,-1,-1
65,419,760.18,609.67,48.42,128.04,0.9765,-1,-1,-1
65,417,917.85,390.25,43.47,106.66,0.9748,-1,-1,-1
65,425,1388.56,429.1,66.61,122.93,0.9745,-1,-1,-1
65,426,140.86,454.46,45.21,121.75,0.974,-1,-1,-1
65,424,138.25,238.34,43.44,108.5,0.9725,-1,-1,-1
65,422,67.16,556.44,70.39,127.41,0.9721,-1,-1,-1
65,423,962.68,289.19,41.9,105.84,0.9719,-1,-1,-1
65,416,184.0,347.68,70.42,121.69,0.9715,-1,-1,-1
65,414,1145.82,756.59,60.64,162.95,0.9703,-1,-1,-1
65,418,1229.41,463.17,56.84,126.49,0.9699,-1,-1,-1
65,421,1198.28,170.49,36.18,101.41,0.9624,-1,-1,-1
65,415,106.2,162.81,44.45,98.48,0.9544,-1,-1,-1
65,429,0.13,255.99,10.3,82.07,0.4457,-1,-1,-1
66,417,921.22,392.54,44.02,110.94,0.9768,-1,-1,-1
66,414,1149.69,754.53,66.96,164.84,0.9753,-1,-1,-1
66,423,964.12,288.5,43.24,108.67,0.9743,-1,-1,-1
66,425,1396.28,428.35,65.97,126.44,0.9738,-1,-1,-1
66,424,141.14,238.97,43.29,107.53,0.9724,-1,-1,-1
66,416,179.89,350.43,65.59,118.38,0.9716,-1,-1,-1
66,426,138.63,456.11,45.56,126.65,0.9715,-1,-1,-1
66,418,1225.91,467.82,61.16,123.4,0.9714,-1,-1,-1
66,421,1199.44,169.58,37.47,102.26,0.9687,-1,-1,-1
66,422,69.35,557.88,72.95,126.2,0.9683,-1,-1,-1
66,419,763.55,612.94,55.19,131.22,0.9683,-1,-1,-1
66,415,100.79,162.96,40.15,96.53,0.9645,-1,-1,-1
67,426,136.83,459.71,45.95,129.11,0.9765,-1,-1,-1
67,423,966.11,289.86,44.87,111.57,0.9761,-1,-1,-1
67,419,770.36,616.16,58.6,141.94,0.9749,-1,-1,-1
67,417,923.68,396.1,45.81,113.64,0.974,-1,-1,-1
67,422,73.18,559.76,75.79,124.57,0.9736,-1,-1,-1
67,418,1220.85,469.06,65.88,122.02,0.9735,-1,-1,-1
67,414,1152.37,755.24,66.39,166.84,0.9731,-1,-1,-1
67,416,178.58,350.72,57.09,116.67,0.9719,-1,-1,-1
67,424,144.27,238.47,42.48,107.4,0.9713,-1,-1,-1
67,421,1201.17,168.33,38.17,104.61,0.9709,-1,-1,-1
67,415,95.66,161.45,40.13,98.24,0.9689,-1,-1,-1
67,425,1404.85,429.25,65.29,127.28,0.9669,-1,-1,-1
68,423,969.5,290.0,45.65,115.71,0.976,-1,-1,-1
68,415,91.88,159.67,45.81,100.46,0.9759,-1,-1,-1
68,426,136.39,464.84,44.22,130.07,0.9745,-1,-1,-1
68,422,80.93,558.99,75.77,139.0,0.9744,-1,-1,-1
68,425,1415.31,432.0,62.58,128.0,0.9738,-1,-1,-1
68,419,780.44,619.73,59.99,144.94,0.9733,-1,-1,-1
68,416,176.72,350.17,58.53,117.34,0.9719,-1,-1,-1
68,414,1157.52,755.4,61.58,166.9,0.9712,-1,-1,-1
68,418,1215.55,468.49,68.96,124.35,0.9698,-1,-1,-1
68,421,1204.21,167.35,39.21,107.53,0.969,-1,-1,-1
68,424,147.43,238.47,42.63,108.37,0.9637,-1,-1,-1
68,417,926.44,399.82,48.92,114.09,0.9635,-1,-1,-1
69,423,969.48,289.97,45.78,115.8,0.976,-1,-1,-1
69,415,91.87,159.67,45.84,100.45,0.9759,-1,-1,-1
69,426,136.42,464.93,44.35,129.91,0.9748,-1,-1,-1
69,422,81.0,558.98,75.74,139.01,0.9744,-1,-1,-1
69,425,1415.27,431.98,62.64,128.06,0.9738,-1,-1,-1
69,419,780.43,619.78,60.03,144.94,0.9733,-1,-1,-1
69,416,176.68,350.17,58.62,117.35,0.972,-1,-1,-1
69,414,1157.51,755.42,61.63,166.84,0.9712,-1,-1,-1
69,418,1215.57,468.46,68.87,124.35,0.9697,-1,-1,-1
69,421,1204.17,167.34,39.26,107.55,0.9689,-1,-1,-1
69,424,147.44,238.49,42.63,108.31,0.9645,-1,-1,-1
69,417,926.52,399.86,48.87,113.96,0.9626,-1,-1,-1
70,422,87.44,561.78,76.06,140.69,0.9774,-1,-1,-1
70,418,1209.81,468.53,72.0,133.36,0.9765,-1,-1,-1
70,415,88.21,158.34,52.47,101.03,0.976,-1,-1,-1
70,426,137.69,470.14,43.75,125.3,0.975,-1,-1,-1
70,417,928.53,406.05,51.22,112.74,0.9747,-1,-1,-1
70,425,1429.69,434.41,55.71,125.81,0.9744,-1,-1,-1
70,424,150.55,238.96,43.38,110.97,0.974,-1,-1,-1
70,414,1160.16,757.5,61.82,165.73,0.9732,-1,-1,-1
70,416,175.84,348.51,60.77,119.42,0.9732,-1,-1,-1
70,423,972.06,291.7,47.28,115.6,0.971,-1,-1,-1
70,421,1206.72,167.52,40.47,109.63,0.9702,-1,-1,-1
70,419,794.21,625.78,58.81,146.88,0.9616,-1,-1,-1
71,425,1444.56,437.88,48.43,123.32,0.9769,-1,-1,-1
71,423,976.16,295.75,47.4,115.19,0.9752,-1,-1,-1
71,417,928.97,408.0,54.87,111.62,0.9751,-1,-1,-1
71,414,1164.53,756.88,61.97,168.45,0.9741,-1,-1,-1
71,418,1203.81,471.22,73.58,134.97,0.974,-1,-1,-1
71,426,138.97,473.4,43.96,121.5,0.9722,-1,-1,-1
71,415,81.64,158.05,59.89,101.84,0.972,-1,-1,-1
71,416,174.61,349.28,62.8,121.86,0.9718,-1,-1,-1
71,422,94.09,562.89,75.9,144.34,0.9705,-1,-1,-1
71,421,1210.68,169.42,40.34,107.86,0.9703,-1,-1,-1
71,424,154.51,240.05,43.47,111.26,0.9701,-1,-1,-1
71,419,810.98,633.21,54.69,142.88,0.962,-1,-1,-1
72,423,980.63,300.43,46.19,111.8,0.9746,-1,-1,-1
72,417,930.28,410.19,53.67,109.8,0.9745,-1,-1,-1
72,425,1453.8,440.91,47.49,121.95,0.9732,-1,-1,-1
72,415,76.93,159.49,67.04,101.07,0.9723,-1,-1,-1
72,422,103.77,569.04,70.89,144.16,0.9722,-1,-1,-1
72,416,173.51,348.56,64.9,125.68,0.972,-1,-1,-1
72,421,1215.88,171.96,39.22,107.86,0.9715,-1,-1,-1
72,418,1200.73,476.47,65.96,134.92,0.9704,-1,-1,-1
72,426,140.66,474.34,43.78,117.99,0.9703,-1,-1,-1
72,419,822.88,637.36,57.48,138.34,0.9662,-1,-1,-1
72,414,1168.91,757.01,62.94,169.76,0.9657,-1,-1,-1
72,424,158.61,241.02,44.44,112.03,0.9646,-1,-1,-1
72,429,0.42,247.68,12.68,110.45,0.5966,-1,-1,-1
73,414,1175.01,759.41,64.43,163.7,0.9765,-1,-1,-1
73,416,172.63,346.96,66.02,129.53,0.9738,-1,-1,-1
73,415,77.11,160.22,65.85,101.81,0.9731,-1,-1,-1
73,423,987.11,302.45,46.52,109.76,0.9729,-1,-1,-1
73,425,1460.65,443.62,49.69,119.63,0.9726,-1,-1,-1
73,426,142.84,476.22,43.97,113.13,0.972,-1,-1,-1
73,421,1219.82,173.91,40.72,106.32,0.9707,-1,-1,-1
73,424,163.82,243.54,44.55,107.4,0.9697,-1,-1,-1
73,422,120.19,572.4,65.1,141.98,0.9693,-1,-1,-1
73,418,1196.85,481.29,58.92,132.95,0.9669,-1,-1,-1
73,417,932.17,410.73,55.06,109.04,0.9667,-1,-1,-1
73,419,835.12,641.06,60.22,132.34,0.8729,-1,-1,-1
73,429,0.4,248.86,13.97,108.59,0.7417,-1,-1,-1
74,416,174.42,350.03,63.17,129.53,0.9748,-1,-1,-1
74,414,1183.56,759.45,62.39,165.81,0.9737,-1,-1,-1
74,419,850.65,643.1,60.81,140.84,0.9734,-1,-1,-1
74,415,82.87,161.77,57.68,100.66,0.9728,-1,-1,-1
74,423,994.52,303.84,47.12,108.32,0.972,-1,-1,-1
74,417,935.63,411.62,56.87,111.27,0.9717,-1,-1,-1
74,418,1193.47,485.69,52.22,128.93,0.9715,-1,-1,-1
74,425,1467.3,444.52,55.99,119.39,0.9711,-1,-1,-1
74,426,140.87,478.46,49.73,135.97,0.9706,-1,-1,-1
74,421,1226.21,174.87,39.37,105.75,0.9679,-1,-1,-1
74,422,139.26,579.2,56.17,133.79,0.9561,-1,-1,-1
74,424,170.45,244.21,45.65,111.15,0.9553,-1,-1,-1
74,429,0.49,252.79,21.0,105.04,0.8991,-1,-1,-1
75,416,174.42,349.98,63.17,129.55,0.9748,-1,-1,-1
75,414,1183.54,759.44,62.29,165.83,0.9739,-1,-1,-1
75,419,850.87,643.14,60.65,140.89,0.9735,-1,-1,-1
75,415,82.92,161.76,57.68,100.68,0.9728,-1,-1,-1
75,423,994.41,303.8,47.26,108.36,0.9721,-1,-1,-1
75,417,935.65,411.63,56.85,111.23,0.9717,-1,-1,-1
75,425,1467.34,444.53,55.97,119.42,0.9711,-1,-1,-1
75,418,1193.2,485.71,52.48,129.04,0.9709,-1,-1,-1
75,426,140.93,478.45,49.61,135.96,0.9706,-1,-1,-1
75,421,1226.19,174.91,39.41,105.68,0.9681,-1,-1,-1
75,424,170.45,244.23,45.68,111.15,0.956,-1,-1,-1
75,422,139.23,579.24,56.45,133.82,0.9558,-1,-1,-1
75,429,0.48,252.75,21.02,105.1,0.8991,-1,-1,-1
76,424,177.99,245.63,45.02,110.01,0.9766,-1,-1,-1
76,417,937.57,413.83,62.08,117.58,0.9738,-1,-1,-1
76,415,85.06,162.16,52.66,100.28,0.973,-1,-1,-1
76,416,176.94,353.4,57.63,126.27,0.9725,-1,-1,-1
76,423,1004.51,304.53,44.12,107.03,0.9724,-1,-1,-1
76,426,136.67,482.72,58.85,134.96,0.9709,-1,-1,-1
76,418,1195.97,487.53,52.23,127.12,0.9707,-1,-1,-1
76,425,1474.85,444.76,65.01,121.38,0.9706,-1,-1,-1
76,414,1191.67,760.51,62.82,162.71,0.9705,-1,-1,-1
76,422,148.83,578.66,57.47,135.27,0.9697,-1,-1,-1
76,421,1235.23,175.67,37.78,105.34,0.9693,-1,-1,-1
76,419,873.18,648.9,54.92,144.6,0.9563,-1,-1,-1
76,429,0.37,259.11,27.41,92.25,0.9324,-1,-1,-1
77,416,180.86,357.73,49.05,121.04,0.9765,-1,-1,-1
77,424,185.67,247.68,44.97,108.95,0.9748,-1,-1,-1
77,414,1203.43,762.47,59.85,157.74,0.9735,-1,-1,-1
77,422,157.57,579.0,58.85,135.2,0.9734,-1,-1,-1
77,423,1012.82,304.0,44.23,108.94,0.9726,-1,-1,-1
77,418,1192.64,486.8,59.36,126.99,0.9703,-1,-1,-1
77,425,1484.61,445.09,71.92,124.28,0.9694,-1,-1,-1
77,419,895.9,653.69,47.47,145.71,0.9692,-1,-1,-1
77,415,83.15,162.31,51.05,99.49,0.9689,-1,-1,-1
77,417,943.07,417.31,62.29,119.33,0.9686,-1,-1,-1
77,421,1241.69,175.39,37.33,105.87,0.9647,-1,-1,-1
77,426,138.4,487.67,59.19,134.35,0.9621,-1,-1,-1
77,429,0.58,256.69,30.87,95.53,0.9139,-1,-1,-1
78,414,1212.78,762.7,57.75,157.44,0.9744,-1,-1,-1
78,425,1497.06,445.69,76.63,125.42,0.9732,-1,-1,-1
78,417,962.84,422.2,48.09,118.61,0.9723,-1,-1,-1
78,422,167.85,582.68,60.7,140.71,0.9719,-1,-1,-1
78,418,1189.63,485.73,64.92,134.23,0.9711,-1,-1,-1
78,423,1022.01,304.41,43.39,114.2,0.9704,-1,-1,-1
78,416,183.61,359.72,41.82,118.35,0.9686,-1,-1,-1
78,426,144.8,493.88,56.43,132.73,0.9683,-1,-1,-1
78,421,1250.35,175.04,37.24,107.31,0.9669,-1,-1,-1
78,415,83.65,161.47,46.66,99.41,0.9658,-1,-1,-1
78,424,194.17,247.53,42.33,109.6,0.9633,-1,-1,-1
78,419,902.47,659.51,58.31,146.14,0.9556,-1,-1,-1
78,429,0.0,258.98,35.39,118.36,0.9227,-1,-1,-1
79,422,179.55,582.77,62.66,146.4,0.9771,-1,-1,-1
79,416,186.04,357.58,46.93,119.97,0.9758,-1,-1,-1
79,418,1185.7,487.49,70.0,137.14,0.9734,-1,-1,-1
79,415,88.51,159.23,46.12,103.39,0.9724,-1,-1,-1
79,424,203.46,246.81,40.5,110.96,0.9722,-1,-1,-1
79,423,1031.87,305.56,42.72,116.17,0.9715,-1,-1,-1
79,419,931.15,664.99,44.71,140.98,0.971,-1,-1,-1
79,425,1511.95,446.95,73.67,126.87,0.9709,-1,-1,-1
79,426,153.9,499.83,50.63,127.24,0.9696,-1,-1,-1
79,414,1216.91,762.33,63.68,160.27,0.9691,-1,-1,-1
79,421,1260.37,174.47,36.52,109.39,0.9666,-1,-1,-1
79,429,0.43,263.9,40.67,112.47,0.9646,-1,-1,-1
79,417,957.31,427.41,60.09,118.3,0.9594,-1,-1,-1
80,422,195.06,586.78,62.49,143.86,0.9738,-1,-1,-1
80,415,91.79,159.25,50.99,103.14,0.9735,-1,-1,-1
80,426,161.96,502.78,47.08,123.27,0.9735,-1,-1,-1
80,419,948.14,669.35,52.15,138.69,0.9732,-1,-1,-1
80,418,1178.87,491.35,75.86,136.53,0.9728,-1,-1,-1
80,423,1041.55,308.48,43.14,115.62,0.9724,-1,-1,-1
80,424,212.48,246.68,40.36,114.38,0.9719,-1,-1,-1
80,414,1225.76,765.99,63.52,154.41,0.9708,-1,-1,-1
80,425,1531.07,450.98,68.69,122.77,0.9707,-1,-1,-1
80,429,1.04,264.66,45.31,112.17,0.968,-1,-1,-1
80,417,958.69,431.15,64.0,114.56,0.9658,-1,-1,-1
80,416,189.04,356.65,52.35,121.46,0.9642,-1,-1,-1
80,421,1269.12,175.39,37.12,109.61,0.9623,-1,-1,-1
81,426,161.8,503.49,47.49,122.77,0.9735,-1,-1,-1
81,415,91.8,159.25,50.98,103.15,0.9733,-1,-1,-1
81,419,948.17,669.45,52.03,138.62,0.9733,-1,-1,-1
81,422,195.22,586.91,62.5,143.72,0.9732,-1,-1,-1
81,418,1178.9,491.4,75.88,136.51,0.9728,-1,-1,-1
81,423,1041.55,308.44,43.2,115.71,0.9725,-1,-1,-1
81,424,212.49,246.76,40.34,114.28,0.9719,-1,-1,-1
81,414,1225.87,766.03,63.43,154.41,0.971,-1,-1,-1
81,425,1531.04,451.0,68.77,122.71,0.9709,-1,-1,-1
81,429,1.04,264.66,45.33,112.2,0.9682,-1,-1,-1
81,417,958.75,431.19,64.01,114.48,0.9655,-1,-1,-1
81,416,188.97,356.66,52.45,121.42,0.9643,-1,-1,-1
81,421,1269.19,175.38,37.05,109.59,0.9617,-1,-1,-1
82,414,1235.99,769.82,63.44,152.15,0.975,-1,-1,-1
82,417,967.47,432.9,64.49,112.84,0.9734,-1,-1,-1
82,415,96.27,159.34,53.76,103.55,0.9733,-1,-1,-1
82,426,172.06,504.45,46.69,120.76,0.9725,-1,-1,-1
82,416,192.36,355.89,60.98,122.9,0.9719,-1,-1,-1
82,423,1054.4,312.11,42.46,115.94,0.9719,-1,-1,-1
82,419,962.24,673.64,70.38,140.88,0.9715,-1,-1,-1
82,429,9.78,264.62,41.93,111.88,0.9702,-1,-1,-1
82,425,1552.36,452.86,68.19,122.37,0.9701,-1,-1,-1
82,424,223.67,248.17,40.02,114.35,0.9694,-1,-1,-1
82,418,1175.37,493.54,74.85,139.75,0.9689,-1,-1,-1
82,422,217.9,591.94,58.53,145.28,0.9658,-1,-1,-1
82,421,1279.67,175.89,37.51,111.31,0.9642,-1,-1,-1
83,416,197.92,355.69,64.65,123.72,0.9761,-1,-1,-1
83,414,1239.18,775.05,71.58,149.14,0.9753,-1,-1,-1
83,423,1067.84,315.97,41.89,112.97,0.9732,-1,-1,-1
83,415,100.57,160.06,58.22,102.75,0.9732,-1,-1,-1
83,419,980.0,679.52,88.57,135.95,0.9708,-1,-1,-1
83,426,185.16,507.02,43.65,129.88,0.9706,-1,-1,-1
83,421,1291.99,177.9,38.76,112.24,0.9705,-1,-1,-1
83,422,237.85,596.44,54.9,144.03,0.9705,-1,-1,-1
83,424,236.0,249.06,40.33,115.15,0.97,-1,-1,-1
83,417,981.34,434.56,59.1,111.32,0.9699,-1,-1,-1
83,425,1578.42,452.66,63.93,122.38,0.969,-1,-1,-1
83,418,1172.78,499.53,71.51,134.55,0.9684,-1,-1,-1
83,429,17.73,264.24,44.53,116.62,0.9682,-1,-1,-1
84,417,998.88,434.52,51.03,115.73,0.977,-1,-1,-1
84,418,1179.9,503.86,61.18,130.67,0.9722,-1,-1,-1
84,419,1008.28,686.75,88.83,129.08,0.9721,-1,-1,-1
84,415,111.69,161.81,51.24,101.39,0.9719,-1,-1,-1
84,429,29.45,264.12,43.25,119.58,0.9703,-1,-1,-1
84,424,249.74,251.35,40.83,115.47,0.9697,-1,-1,-1
84,421,1305.4,179.95,39.22,110.37,0.9695,-1,-1,-1
84,425,1606.53,453.05,56.42,122.01,0.9675,-1,-1,-1
84,422,256.77,602.46,56.16,138.33,0.9672,-1,-1,-1
84,426,191.27,510.32,48.88,131.66,0.9671,-1,-1,-1
84,423,1081.29,319.13,41.94,110.57,0.9631,-1,-1,-1
84,414,1237.69,777.87,85.76,145.69,0.9584,-1,-1,-1
84,416,205.92,356.49,66.81,125.13,0.9488,-1,-1,-1
85,414,1248.14,780.86,90.77,140.62,0.9781,-1,-1,-1
85,417,1010.85,436.53,47.49,119.34,0.975,-1,-1,-1
85,418,1183.29,504.45,58.85,130.44,0.9735,-1,-1,-1
85,426,199.52,514.82,52.23,128.69,0.9725,-1,-1,-1
85,421,1318.4,182.6,39.37,108.14,0.9698,-1,-1,-1
85,429,39.05,265.95,44.54,118.48,0.969,-1,-1,-1
85,423,1095.16,319.96,41.38,110.17,0.9679,-1,-1,-1
85,422,272.0,603.9,62.26,136.94,0.9664,-1,-1,-1
85,416,210.96,360.99,70.78,125.22,0.9664,-1,-1,-1
85,424,264.05,254.08,40.44,113.89,0.966,-1,-1,-1
85,415,126.79,163.26,40.2,99.77,0.9639,-1,-1,-1
85,419,1027.81,695.36,97.33,128.36,0.9622,-1,-1,-1
85,425,1631.34,454.07,50.98,120.63,0.9497,-1,-1,-1
86,414,1260.72,783.03,91.42,140.17,0.9781,-1,-1,-1
86,418,1184.66,504.0,63.34,134.74,0.977,-1,-1,-1
86,417,1020.51,437.88,50.71,120.63,0.9737,-1,-1,-1
86,426,208.52,520.63,56.2,130.96,0.9727,-1,-1,-1
86,421,1332.39,184.2,39.71,106.73,0.9702,-1,-1,-1
86,425,1645.56,453.14,59.43,129.24,0.9699,-1,-1,-1
86,423,1109.47,319.73,41.9,110.75,0.9688,-1,-1,-1
86,429,49.29,268.72,46.6,119.01,0.9674,-1,-1,-1
86,424,277.9,257.02,42.11,112.03,0.9673,-1,-1,-1
86,416,217.53,363.0,70.84,124.28,0.9666,-1,-1,-1
86,422,289.26,603.25,71.71,137.75,0.965,-1,-1,-1
86,415,135.86,163.35,34.38,99.43,0.962,-1,-1,-1
86,419,1039.65,705.52,117.1,129.29,0.9312,-1,-1,-1
87,414,1260.73,782.98,91.41,140.12,0.9781,-1,-1,-1
87,418,1184.55,503.95,63.45,134.75,0.977,-1,-1,-1
87,417,1020.56,437.87,50.6,120.66,0.9737,-1,-1,-1
87,426,208.41,520.68,56.3,130.92,0.9728,-1,-1,-1
87,421,1332.41,184.04,39.66,106.88,0.9703,-1,-1,-1
87,425,1645.59,453.09,59.42,129.25,0.9697,-1,-1,-1
87,423,1109.47,319.73,41.92,110.78,0.9688,-1,-1,-1
87,429,49.31,268.73,46.55,119.05,0.9674,-1,-1,-1
87,416,217.62,363.0,70.74,124.29,0.9667,-1,-1,-1
87,424,277.88,257.08,42.09,112.0,0.9665,-1,-1,-1
87,422,289.32,603.19,71.29,137.77,0.9655,-1,-1,-1
87,415,135.84,163.37,34.39,99.39,0.9617,-1,-1,-1
87,419,1039.15,705.54,117.66,129.19,0.931,-1,-1,-1
87,430,0.79,1003.66,17.51,72.58,0.4813,-1,-1,-1
88,418,1190.51,504.01,65.38,142.56,0.9758,-1,-1,-1
88,426,220.82,526.8,57.63,126.18,0.9732,-1,-1,-1
88,425,1666.39,454.34,60.55,131.27,0.9731,-1,-1,-1
88,417,1029.77,442.12,56.25,117.62,0.9713,-1,-1,-1
88,416,223.26,364.95,68.41,122.67,0.9707,-1,-1,-1
88,422,309.5,603.28,72.62,143.34,0.9705,-1,-1,-1
88,414,1281.38,784.86,83.55,140.33,0.9697,-1,-1,-1
88,421,1346.27,184.93,39.98,105.33,0.9685,-1,-1,-1
88,423,1124.94,320.58,41.73,109.55,0.9685,-1,-1,-1
88,424,292.91,257.69,43.1,110.74,0.9679,-1,-1,-1
88,429,59.32,272.84,50.05,120.99,0.9654,-1,-1,-1
88,415,142.79,164.23,34.57,98.91,0.9534,-1,-1,-1
88,419,1073.96,716.91,89.85,122.76,0.9349,-1,-1,-1
88,430,0.76,1006.35,32.46,71.43,0.7896,-1,-1,-1
89,418,1189.31,506.83,72.63,141.18,0.977,-1,-1,-1
89,422,331.05,605.51,73.67,147.25,0.9757,-1,-1,-1
89,414,1308.27,784.38,70.89,144.21,0.9757,-1,-1,-1
89,425,1688.19,457.03,61.85,132.78,0.9729,-1,-1,-1
89,416,229.87,367.24,64.8,120.27,0.9714,-1,-1,-1
89,421,1361.23,184.61,40.55,107.05,0.971,-1,-1,-1
89,423,1140.9,320.48,41.05,115.99,0.9705,-1,-1,-1
89,417,1037.82,446.64,56.69,118.95,0.9702,-1,-1,-1
89,424,308.49,259.77,42.34,108.03,0.9677,-1,-1,-1
89,415,151.6,162.05,39.84,100.09,0.9661,-1,-1,-1
89,426,234.68,532.91,60.3,119.99,0.9625,-1,-1,-1
89,419,1088.85,722.33,98.14,128.2,0.9623,-1,-1,-1
89,429,65.8,275.62,57.6,117.75,0.9512,-1,-1,-1
89,430,0.0,1004.86,50.47,71.4,0.8828,-1,-1,-1
90,414,1324.08,785.93,69.02,144.49,0.9771,-1,-1,-1
90,417,1043.19,454.14,64.13,116.58,0.9749,-1,-1,-1
90,416,240.3,368.13,55.06,117.37,0.9737,-1,-1,-1
90,415,156.03,160.99,51.6,102.09,0.9723,-1,-1,-1
90,426,250.51,539.42,62.33,113.74,0.9721,-1,-1,-1
90,422,357.74,608.86,66.4,149.98,0.9717,-1,-1,-1
90,418,1192.25,511.78,71.54,136.79,0.9705,-1,-1,-1
90,419,1112.74,727.72,85.87,135.43,0.9698,-1,-1,-1
90,421,1377.28,184.89,39.64,108.85,0.9683,-1,-1,-1
90,425,1714.48,459.41,58.23,132.54,0.9681,-1,-1,-1
90,424,324.16,258.99,41.92,109.49,0.9672,-1,-1,-1
90,423,1156.48,321.47,41.82,119.06,0.9671,-1,-1,-1
90,429,77.86,277.81,57.43,115.26,0.9559,-1,-1,-1
90,430,12.01,1004.96,53.71,72.55,0.7739,-1,-1,-1
91,414,1341.46,788.21,69.6,143.67,0.9808,-1,-1,-1
91,418,1197.98,515.6,66.98,138.89,0.9779,-1,-1,-1
91,416,250.22,366.81,53.82,118.58,0.9751,-1,-1,-1
91,426,258.92,542.55,74.43,118.62,0.9748,-1,-1,-1
91,417,1050.28,460.05,72.53,114.45,0.9722,-1,-1,-1
91,419,1133.62,735.17,92.17,131.78,0.9704,-1,-1,-1
91,423,1173.31,324.1,41.57,118.22,0.969,-1,-1,-1
91,425,1748.56,464.77,48.6,127.99,0.9674,-1,-1,-1
91,415,162.33,160.37,60.47,102.11,0.9666,-1,-1,-1
91,422,393.48,613.9,50.78,144.82,0.9662,-1,-1,-1
91,421,1393.35,184.32,39.68,110.35,0.9642,-1,-1,-1
91,424,340.97,258.51,41.38,110.67,0.9624,-1,-1,-1
91,429,95.6,278.69,53.35,114.76,0.9619,-1,-1,-1
91,430,34.0,1004.31,51.27,74.1,0.6157,-1,-1,-1
92,419,1154.93,742.76,98.23,125.14,0.9777,-1,-1,-1
92,414,1347.37,793.15,80.05,148.14,0.9769,-1,-1,-1
92,416,265.88,366.55,53.68,119.69,0.9741,-1,-1,-1
92,415,174.67,158.96,64.03,104.51,0.9708,-1,-1,-1
92,422,420.91,617.01,50.64,140.06,0.9704,-1,-1,-1
92,418,1198.85,521.5,62.11,136.21,0.9681,-1,-1,-1
92,421,1411.33,184.56,40.46,111.53,0.9679,-1,-1,-1
92,426,276.55,545.54,74.68,128.55,0.9671,-1,-1,-1
92,425,1775.75,467.15,46.79,126.92,0.9654,-1,-1,-1
92,424,358.57,259.71,41.45,113.85,0.9642,-1,-1,-1
92,423,1190.36,327.83,42.28,118.36,0.9622,-1,-1,-1
92,417,1066.92,466.32,73.78,106.72,0.9617,-1,-1,-1
92,429,124.02,279.42,40.67,115.0,0.9617,-1,-1,-1
93,419,1155.0,742.71,98.12,125.15,0.9779,-1,-1,-1
93,414,1347.31,793.13,80.32,148.19,0.9768,-1,-1,-1
93,416,265.83,366.55,53.7,119.67,0.9741,-1,-1,-1
93,415,174.67,158.96,64.07,104.45,0.9707,-1,-1,-1
93,422,420.97,616.97,50.51,140.07,0.9707,-1,-1,-1
93,418,1198.68,521.47,62.31,136.39,0.9682,-1,-1,-1
93,421,1411.39,184.49,40.48,111.6,0.968,-1,-1,-1
93,426,276.4,545.61,74.91,128.48,0.9668,-1,-1,-1
93,425,1775.57,467.58,46.94,126.41,0.9658,-1,-1,-1
93,424,358.6,259.7,41.49,113.82,0.9643,-1,-1,-1
93,423,1190.02,327.44,42.75,118.35,0.9626,-1,-1,-1
93,429,124.01,279.34,40.66,115.06,0.9618,-1,-1,-1
93,417,1066.87,466.14,73.76,106.76,0.9617,-1,-1,-1
94,419,1178.92,749.33,100.12,118.31,0.9756,-1,-1,-1
94,422,451.2,621.47,48.16,137.03,0.9746,-1,-1,-1
94,423,1207.03,332.69,45.87,117.83,0.9731,-1,-1,-1
94,415,191.92,161.92,64.84,101.21,0.9724,-1,-1,-1
94,416,280.24,366.64,58.74,124.47,0.9716,-1,-1,-1
94,429,143.58,280.23,43.11,118.11,0.9691,-1,-1,-1
94,414,1348.69,795.59,98.63,157.02,0.9672,-1,-1,-1
94,424,380.04,261.34,41.41,113.25,0.9669,-1,-1,-1
94,425,1800.62,468.57,45.09,125.71,0.9664,-1,-1,-1
94,426,296.43,550.11,75.57,128.41,0.9663,-1,-1,-1
94,421,1429.27,187.13,40.6,112.12,0.9661,-1,-1,-1
94,417,1093.14,468.8,69.29,106.41,0.9646,-1,-1,-1
94,418,1210.52,526.2,51.38,130.3,0.9602,-1,-1,-1
95,419,1202.27,753.33,94.86,117.69,0.9784,-1,-1,-1
95,429,164.37,282.51,46.24,118.66,0.9729,-1,-1,-1
95,417,1111.74,470.11,66.77,111.1,0.9725,-1,-1,-1
95,425,1822.6,469.64,51.44,127.22,0.9717,-1,-1,-1
95,416,294.18,367.28,62.81,127.57,0.9713,-1,-1,-1
95,418,1218.62,529.9,57.79,127.66,0.9702,-1,-1,-1
95,423,1226.01,337.27,48.15,114.22,0.9683,-1,-1,-1
95,424,401.29,264.87,41.9,111.96,0.9669,-1,-1,-1
95,415,216.28,164.63,56.93,100.15,0.9666,-1,-1,-1
95,421,1448.36,191.01,40.66,110.48,0.9663,-1,-1,-1
95,422,474.44,626.21,54.94,137.95,0.9654,-1,-1,-1
95,426,315.2,558.78,79.12,122.18,0.9624,-1,-1,-1
95,414,1355.8,803.83,112.76,151.24,0.9324,-1,-1,-1
96,419,1226.49,759.17,93.92,125.7,0.9781,-1,-1,-1
96,417,1121.36,472.73,71.99,112.02,0.9764,-1,-1,-1
96,418,1224.46,529.97,66.6,132.48,0.9734,-1,-1,-1
96,424,418.97,267.66,44.61,113.67,0.9726,-1,-1,-1
96,425,1841.35,471.89,65.4,127.97,0.9721,-1,-1,-1
96,416,309.51,370.64,64.03,125.86,0.9709,-1,-1,-1
96,429,182.64,285.88,47.31,118.5,0.9687,-1,-1,-1
96,422,497.97,629.78,59.78,138.9,0.9635,-1,-1,-1
96,415,238.09,167.62,49.21,97.78,0.9626,-1,-1,-1
96,426,336.1,565.05,79.57,115.37,0.9617,-1,-1,-1
96,421,1467.93,192.75,40.05,111.37,0.96,-1,-1,-1
96,423,1247.78,340.67,47.07,111.62,0.8919,-1,-1,-1
96,414,1373.58,812.22,114.21,140.13,0.8892,-1,-1,-1
97,419,1245.37,763.82,95.31,125.32,0.9759,-1,-1,-1
97,418,1226.23,530.97,76.97,136.62,0.9736,-1,-1,-1
97,416,324.26,373.16,60.82,127.22,0.9727,-1,-1,-1
97,426,355.24,568.84,85.3,110.52,0.9724,-1,-1,-1
97,417,1134.86,474.63,68.21,114.1,0.9722,-1,-1,-1
97,424,437.24,271.04,45.67,112.71,0.9716,-1,-1,-1
97,429,201.66,289.76,45.16,119.08,0.9702,-1,-1,-1
97,423,1267.3,341.22,47.95,111.99,0.9699,-1,-1,-1
97,415,254.95,169.18,45.2,96.4,0.9684,-1,-1,-1
97,421,1487.25,196.28,40.02,107.94,0.9684,-1,-1,-1
97,425,1863.44,476.07,56.56,122.84,0.9667,-1,-1,-1
97,422,518.96,634.32,65.72,141.69,0.9665,-1,-1,-1
97,414,1393.94,816.91,110.66,133.95,0.9003,-1,-1,-1
98,419,1265.02,763.5,93.67,123.38,0.9788,-1,-1,-1
98,418,1223.24,534.01,89.78,137.07,0.9769,-1,-1,-1
98,423,1287.91,340.72,46.34,113.02,0.97,-1,-1,-1
98,416,339.25,377.72,54.62,121.92,0.9699,-1,-1,-1
98,424,456.43,273.21,46.08,109.48,0.9652,-1,-1,-1
98,421,1505.2,197.36,41.29,108.01,0.9652,-1,-1,-1
98,417,1147.23,478.93,65.87,111.1,0.9645,-1,-1,-1
98,426,376.54,573.11,90.99,117.14,0.9639,-1,-1,-1
98,415,269.47,169.3,42.45,96.81,0.9639,-1,-1,-1
98,422,549.37,639.38,59.59,138.82,0.9623,-1,-1,-1
98,414,1417.97,817.81,103.22,135.72,0.9599,-1,-1,-1
98,429,213.3,294.37,52.13,115.95,0.9591,-1,-1,-1
98,425,1888.64,490.16,31.36,107.95,0.8471,-1,-1,-1
99,419,1265.06,763.49,93.63,123.45,0.9788,-1,-1,-1
99,418,1223.23,533.97,89.75,137.09,0.9769,-1,-1,-1
99,416,339.28,377.71,54.59,121.84,0.9701,-1,-1,-1
99,423,1287.92,340.71,46.38,113.08,0.97,-1,-1,-1
99,421,1505.19,197.38,41.32,108.07,0.9655,-1,-1,-1
99,424,456.46,273.21,46.12,109.35,0.9652,-1,-1,-1
99,417,1147.07,478.31,65.83,111.26,0.9652,-1,-1,-1
99,415,269.34,169.29,42.57,96.82,0.9643,-1,-1,-1
99,426,376.53,573.2,91.73,116.87,0.9634,-1,-1,-1
99,422,549.33,639.37,59.56,138.82,0.9621,-1,-1,-1
99,414,1417.76,817.86,103.64,135.53,0.9596,-1,-1,-1
99,429,212.91,294.41,52.55,115.93,0.9588,-1,-1,-1
99,425,1888.62,490.37,31.38,107.81,0.8455,-1,-1,-1
100,419,1279.94,765.11,95.98,129.99,0.9757,-1,-1,-1
100,418,1233.73,537.34,80.86,138.38,0.9753,-1,-1,-1
100,414,1442.35,812.5,84.26,145.17,0.9751,-1,-1,-1
100,416,353.13,379.82,47.88,119.52,0.9737,-1,-1,-1
100,417,1154.06,482.85,62.94,107.91,0.9724,-1,-1,-1
100,421,1524.22,199.4,40.47,106.13,0.9704,-1,-1,-1
100,424,475.58,275.12,44.07,108.69,0.9697,-1,-1,-1
100,423,1307.95,341.19,45.93,115.85,0.9694,-1,-1,-1
100,426,411.73,574.94,74.36,123.42,0.9692,-1,-1,-1
100,422,576.02,642.63,61.49,134.48,0.9665,-1,-1,-1
100,429,229.32,296.24,50.42,114.64,0.9653,-1,-1,-1
100,415,286.65,169.4,39.57,99.18,0.9625,-1,-1,-1
101,414,1461.29,807.51,68.73,148.76,0.9774,-1,-1,-1
101,417,1159.87,484.69,62.81,106.22,0.9762,-1,-1,-1
101,423,1327.04,343.06,45.38,120.11,0.973,-1,-1,-1
101,418,1248.92,542.74,63.78,134.38,0.9727,-1,-1,-1
101,416,367.53,381.54,41.83,117.11,0.9704,-1,-1,-1
101,429,250.57,299.19,43.79,111.32,0.9677,-1,-1,-1
101,422,603.29,643.74,61.19,134.8,0.9671,-1,-1,-1
101,426,443.76,579.73,65.9,127.13,0.9669,-1,-1,-1
101,424,494.52,274.71,42.73,109.69,0.9666,-1,-1,-1
101,419,1289.14,763.06,103.74,132.67,0.9637,-1,-1,-1
101,415,303.44,169.47,39.38,99.22,0.9603,-1,-1,-1
101,421,1541.03,200.1,41.13,107.04,0.9592,-1,-1,-1
102,417,1168.27,486.09,72.09,107.87,0.9749,-1,-1,-1
102,422,631.92,643.1,59.42,138.65,0.9735,-1,-1,-1
102,414,1477.11,802.24,61.62,141.14,0.9734,-1,-1,-1
102,423,1345.83,344.86,45.97,120.34,0.9717,-1,-1,-1
102,431,0.0,571.79,55.3,107.75,0.97,-1,-1,-1
102,424,512.18,275.02,41.81,111.04,0.9699,-1,-1,-1
102,418,1254.16,545.15,54.22,133.1,0.969,-1,-1,-1
102,415,316.13,168.72,44.1,100.85,0.9676,-1,-1,-1
102,421,1559.11,200.92,39.45,108.66,0.9674,-1,-1,-1
102,426,460.34,583.33,73.03,123.42,0.9664,-1,-1,-1
102,416,381.15,381.29,39.42,117.08,0.9645,-1,-1,-1
102,429,269.02,300.93,41.38,111.84,0.9624,-1,-1,-1
102,419,1301.14,765.01,108.16,131.74,0.958,-1,-1,-1
103,422,655.55,643.79,64.17,141.68,0.9742,-1,-1,-1
103,415,326.84,169.19,49.51,100.98,0.9739,-1,-1,-1
103,417,1174.96,486.08,76.73,108.48,0.9735,-1,-1,-1
103,414,1494.15,799.23,57.04,136.98,0.9735,-1,-1,-1
103,416,392.67,379.9,45.67,117.98,0.973,-1,-1,-1
103,423,1364.18,348.5,46.08,120.52,0.97,-1,-1,-1
103,418,1259.57,546.52,56.7,130.34,0.9694,-1,-1,-1
103,431,0.0,573.71,59.57,108.67,0.969,-1,-1,-1
103,429,286.34,300.51,40.17,117.07,0.9664,-1,-1,-1
103,421,1575.62,201.54,40.21,111.17,0.9653,-1,-1,-1
103,419,1311.1,761.92,104.37,136.46,0.9628,-1,-1,-1
103,424,529.1,275.94,41.86,113.11,0.9611,-1,-1,-1
103,426,479.66,588.37,79.51,118.82,0.961,-1,-1,-1
104,423,1383.14,353.29,47.25,117.94,0.9738,-1,-1,-1
104,416,404.25,380.0,51.81,120.19,0.9718,-1,-1,-1
104,419,1321.94,760.71,94.83,140.61,0.9711,-1,-1,-1
104,415,341.49,171.54,51.32,99.13,0.9711,-1,-1,-1
104,426,499.94,590.62,89.93,117.23,0.9697,-1,-1,-1
104,422,688.78,646.24,56.89,142.62,0.9697,-1,-1,-1
104,417,1178.83,488.79,82.11,110.8,0.9695,-1,-1,-1
104,414,1510.25,797.08,58.97,139.43,0.9687,-1,-1,-1
104,421,1594.91,202.99,38.96,111.96,0.9682,-1,-1,-1
104,431,1.47,577.08,63.2,106.23,0.9664,-1,-1,-1
104,429,302.97,302.18,39.11,119.82,0.9645,-1,-1,-1
104,418,1267.77,548.3,56.52,134.52,0.9629,-1,-1,-1
104,424,547.2,277.02,41.63,114.12,0.9624,-1,-1,-1
105,423,1382.9,353.26,47.41,117.95,0.9736,-1,-1,-1
105,416,404.2,379.95,51.8,120.27,0.972,-1,-1,-1
105,419,1321.91,760.74,94.91,140.6,0.9712,-1,-1,-1
105,415,341.36,171.53,51.4,99.21,0.9709,-1,-1,-1
105,422,688.65,646.18,56.88,142.68,0.97,-1,-1,-1
105,417,1178.81,488.83,82.09,110.82,0.9695,-1,-1,-1
105,426,500.0,590.84,90.77,117.09,0.969,-1,-1,-1
105,414,1510.25,797.07,58.61,139.46,0.9687,-1,-1,-1
105,421,1594.84,203.12,39.02,111.85,0.9682,-1,-1,-1
105,431,1.63,577.06,63.04,106.25,0.9662,-1,-1,-1
105,429,302.97,302.23,39.02,119.82,0.9644,-1,-1,-1
105,434,54.33,697.25,97.85,136.09,0.9627,-1,-1,-1
105,418,1267.89,548.26,56.37,134.5,0.9626,-1,-1,-1
105,424,547.21,277.06,41.64,114.02,0.9625,-1,-1,-1
106,416,412.36,379.57,59.36,122.91,0.9754,-1,-1,-1
106,431,11.8,578.97,71.44,103.19,0.9746,-1,-1,-1
106,418,1268.73,552.01,62.53,139.56,0.9743,-1,-1,-1
106,426,526.29,593.96,92.39,121.58,0.9738,-1,-1,-1
106,423,1400.84,359.08,47.13,113.86,0.9737,-1,-1,-1
106,417,1185.38,490.47,80.2,117.08,0.9728,-1,-1,-1
106,414,1520.64,794.69,60.2,142.07,0.9722,-1,-1,-1
106,415,359.51,173.18,45.47,98.87,0.9701,-1,-1,-1
106,419,1333.4,761.44,83.18,138.86,0.9695,-1,-1,-1
106,424,564.39,279.16,40.88,113.77,0.968,-1,-1,-1
106,421,1610.79,203.59,39.09,113.75,0.9676,-1,-1,-1
106,422,726.84,647.84,42.93,140.08,0.9668,-1,-1,-1
106,434,91.76,698.07,105.85,135.27,0.9662,-1,-1,-1
106,429,316.45,304.17,40.37,119.89,0.9584,-1,-1,-1
107,417,1193.22,495.31,71.82,114.81,0.9776,-1,-1,-1
107,416,419.6,380.36,65.43,124.61,0.9774,-1,-1,-1
107,429,326.56,308.16,44.4,118.93,0.9738,-1,-1,-1
107,422,749.05,648.8,49.91,138.86,0.9731,-1,-1,-1
107,419,1343.38,762.39,72.16,143.5,0.973,-1,-1,-1
107,418,1263.36,557.11,72.13,139.27,0.9729,-1,-1,-1
107,414,1534.63,789.06,56.42,145.85,0.9709,-1,-1,-1
107,423,1418.95,362.4,46.44,110.96,0.97,-1,-1,-1
107,421,1626.85,206.92,41.84,112.42,0.9694,-1,-1,-1
107,431,22.64,583.0,72.73,98.07,0.9672,-1,-1,-1
107,415,376.43,174.66,39.85,97.06,0.9659,-1,-1,-1
107,424,579.9,280.89,41.56,116.09,0.9551,-1,-1,-1
107,434,131.43,701.15,102.15,136.6,0.953,-1,-1,-1
107,426,568.83,596.79,70.42,122.43,0.9413,-1,-1,-1
108,418,1264.21,562.29,76.09,139.07,0.9786,-1,-1,-1
108,416,429.55,383.15,66.69,125.36,0.977,-1,-1,-1
108,419,1351.38,764.92,65.59,141.98,0.9754,-1,-1,-1
108,429,338.91,312.28,46.44,116.31,0.9733,-1,-1,-1
108,414,1537.41,785.56,64.34,152.67,0.9729,-1,-1,-1
108,423,1433.41,366.21,47.66,109.44,0.9716,-1,-1,-1
108,434,162.93,704.56,86.44,137.31,0.9716,-1,-1,-1
108,426,591.18,600.15,89.67,129.73,0.9713,-1,-1,-1
108,422,763.27,648.46,65.39,140.58,0.9712,-1,-1,-1
108,421,1643.49,210.55,40.32,109.16,0.9702,-1,-1,-1
108,431,35.18,583.77,70.73,100.08,0.966,-1,-1,-1
108,417,1198.04,498.56,60.56,111.22,0.9655,-1,-1,-1
108,424,595.08,284.61,42.08,112.73,0.965,-1,-1,-1
108,415,390.59,174.93,36.73,97.6,0.9578,-1,-1,-1
109,429,351.37,316.48,46.58,113.3,0.9746,-1,-1,-1
109,414,1542.32,779.88,70.27,162.3,0.9738,-1,-1,-1
109,422,779.66,650.35,73.3,140.52,0.973,-1,-1,-1
109,423,1446.18,368.27,50.9,112.95,0.9723,-1,-1,-1
109,417,1201.37,501.85,53.65,110.04,0.9707,-1,-1,-1
109,419,1358.67,769.63,63.65,140.51,0.9705,-1,-1,-1
109,424,608.95,286.41,42.93,111.73,0.9704,-1,-1,-1
109,418,1269.58,568.02,71.01,135.57,0.9701,-1,-1,-1
109,431,43.22,583.5,68.28,109.53,0.9698,-1,-1,-1
109,416,436.17,386.69,67.59,122.39,0.9684,-1,-1,-1
109,421,1656.93,212.43,40.55,107.59,0.9679,-1,-1,-1
109,426,623.62,604.36,69.94,134.49,0.9674,-1,-1,-1
109,415,400.2,174.38,36.74,97.71,0.9629,-1,-1,-1
109,434,191.14,707.29,79.64,136.78,0.9584,-1,-1,-1
110,423,1457.52,370.65,51.27,115.88,0.9741,-1,-1,-1
110,422,794.74,651.85,83.65,137.96,0.9727,-1,-1,-1
110,416,437.33,390.58,68.91,121.1,0.9727,-1,-1,-1
110,421,1668.87,214.27,39.69,106.37,0.9698,-1,-1,-1
110,431,48.61,586.64,63.22,114.79,0.9691,-1,-1,-1
110,418,1277.41,572.82,60.73,129.78,0.969,-1,-1,-1
110,417,1195.2,500.3,69.86,111.42,0.9677,-1,-1,-1
110,426,637.48,609.68,66.83,129.23,0.9663,-1,-1,-1
110,419,1361.24,774.73,63.07,139.89,0.9651,-1,-1,-1
110,424,620.85,289.07,41.89,108.21,0.9649,-1,-1,-1
110,429,360.64,318.98,47.88,110.19,0.9646,-1,-1,-1
110,415,408.04,173.89,36.6,97.36,0.957,-1,-1,-1
110,414,1547.81,778.65,74.29,145.4,0.9551,-1,-1,-1
110,434,213.93,711.62,100.6,130.38,0.9499,-1,-1,-1
111,423,1457.68,370.74,51.07,115.83,0.9743,-1,-1,-1
111,422,794.72,651.96,83.75,137.92,0.9728,-1,-1,-1
111,416,437.41,390.6,68.8,121.11,0.9727,-1,-1,-1
111,421,1668.84,214.26,39.77,106.37,0.9699,-1,-1,-1
111,431,48.67,586.6,63.18,114.84,0.9692,-1,-1,-1
111,418,1277.39,572.82,60.83,129.83,0.969,-1,-1,-1
111,417,1195.17,500.32,69.83,111.41,0.9677,-1,-1,-1
111,426,637.43,609.65,66.87,129.28,0.9661,-1,-1,-1
111,419,1360.96,774.7,63.44,140.35,0.9651,-1,-1,-1
111,424,620.9,289.07,41.85,108.23,0.9644,-1,-1,-1
111,429,360.58,318.97,47.9,110.18,0.9643,-1,-1,-1
111,415,407.99,173.84,36.65,97.42,0.9573,-1,-1,-1
111,414,1547.85,778.68,74.17,145.46,0.9535,-1,-1,-1
111,434,213.97,711.51,100.47,130.42,0.9499,-1,-1,-1
111,435,0.16,112.97,16.18,92.08,0.7388,-1,-1,-1
112,414,1552.32,777.01,78.45,139.28,0.9775,-1,-1,-1
112,416,439.2,393.04,64.86,119.05,0.9741,-1,-1,-1
112,417,1191.71,500.28,76.95,112.18,0.9739,-1,-1,-1
112,429,365.45,319.68,51.6,109.76,0.9737,-1,-1,-1
112,431,51.95,589.7,54.72,111.22,0.9722,-1,-1,-1
112,426,647.33,610.77,73.61,128.92,0.9709,-1,-1,-1
112,421,1677.01,215.1,40.03,106.18,0.9709,-1,-1,-1
112,418,1275.14,575.42,59.64,127.58,0.9706,-1,-1,-1
112,423,1464.7,372.45,55.9,115.36,0.968,-1,-1,-1
112,424,629.91,289.45,41.43,107.85,0.9663,-1,-1,-1
112,422,809.43,654.23,96.59,134.33,0.9658,-1,-1,-1
112,434,241.48,716.15,100.22,128.46,0.964,-1,-1,-1
112,415,413.33,173.42,36.23,100.06,0.9627,-1,-1,-1
112,419,1361.96,780.47,58.11,139.97,0.9572,-1,-1,-1
112,435,0.32,110.75,26.21,98.08,0.9201,-1,-1,-1
113,417,1180.29,500.09,87.2,111.35,0.9784,-1,-1,-1
113,414,1556.35,774.09,80.18,140.19,0.9745,-1,-1,-1
113,418,1257.49,576.01,74.96,129.5,0.9733,-1,-1,-1
113,431,50.75,592.86,51.81,109.09,0.9722,-1,-1,-1
113,424,635.31,289.87,41.89,109.21,0.9717,-1,-1,-1
113,416,439.89,393.63,56.73,117.69,0.9712,-1,-1,-1
113,426,657.31,611.94,82.16,127.6,0.9712,-1,-1,-1
113,421,1681.25,214.11,40.23,108.31,0.9703,-1,-1,-1
113,429,369.5,319.62,53.97,111.63,0.9698,-1,-1,-1
113,422,824.98,655.61,99.23,139.4,0.9693,-1,-1,-1
113,423,1471.35,377.12,58.69,113.45,0.9682,-1,-1,-1
113,415,412.51,172.99,40.92,100.69,0.968,-1,-1,-1
113,434,264.15,715.18,93.91,130.41,0.9679,-1,-1,-1
113,419,1362.57,785.73,54.75,138.09,0.9674,-1,-1,-1
113,436,881.68,42.5,34.6,86.85,0.9412,-1,-1,-1
113,435,0.29,112.45,33.55,95.47,0.9307,-1,-1,-1
114,426,670.37,613.2,88.26,129.11,0.9824,-1,-1,-1
114,414,1563.07,773.05,85.27,142.68,0.9798,-1,-1,-1
114,418,1241.33,579.93,87.0,126.99,0.978,-1,-1,-1
114,416,439.38,392.53,51.92,118.11,0.9758,-1,-1,-1
114,422,843.91,658.81,84.62,139.43,0.9753,-1,-1,-1
114,417,1170.18,500.67,88.63,112.13,0.9746,-1,-1,-1
114,423,1474.09,382.39,64.56,108.91,0.9745,-1,-1,-1
114,419,1359.96,787.26,54.66,137.33,0.9741,-1,-1,-1
114,415,410.27,172.41,44.87,101.13,0.9723,-1,-1,-1
114,429,371.74,320.62,56.53,115.71,0.9707,-1,-1,-1
114,431,44.44,597.11,61.82,104.82,0.9702,-1,-1,-1
114,424,638.64,289.91,41.63,110.93,0.9668,-1,-1,-1
114,421,1682.92,213.31,41.18,111.31,0.966,-1,-1,-1
114,434,285.04,718.07,98.31,129.3,0.9553,-1,-1,-1
114,436,884.56,42.78,36.97,86.42,0.9521,-1,-1,-1
114,435,0.09,112.94,36.69,94.21,0.9413,-1,-1,-1
115,414,1563.53,769.19,90.67,146.86,0.9809,-1,-1,-1
115,426,683.59,616.29,95.66,134.38,0.9798,-1,-1,-1
115,416,437.88,390.62,49.06,120.71,0.9783,-1,-1,-1
115,431,34.09,599.45,72.81,108.62,0.9777,-1,-1,-1
115,423,1475.19,388.05,73.47,103.91,0.9773,-1,-1,-1
115,418,1228.21,586.05,91.97,126.33,0.9763,-1,-1,-1
115,419,1349.45,786.1,66.3,139.31,0.9739,-1,-1,-1
115,422,867.16,664.73,63.01,135.38,0.9734,-1,-1,-1
115,415,407.97,174.33,46.78,100.68,0.9727,-1,-1,-1
115,421,1681.02,214.12,43.86,111.86,0.9722,-1,-1,-1
115,429,373.74,323.04,57.83,114.59,0.9698,-1,-1,-1
115,424,638.59,289.54,41.95,114.08,0.9668,-1,-1,-1
115,417,1166.66,500.07,72.8,117.86,0.9646,-1,-1,-1
115,435,0.24,113.85,37.45,93.86,0.9574,-1,-1,-1
115,436,886.37,43.71,36.94,85.64,0.9559,-1,-1,-1
115,434,297.26,724.53,109.73,121.53,0.9459,-1,-1,-1
116,418,1222.67,594.0,87.1,123.6,0.9797,-1,-1,-1
116,414,1563.97,761.95,91.58,151.12,0.9795,-1,-1,-1
116,421,1676.41,215.56,47.23,112.22,0.9779,-1,-1,-1
116,431,25.26,601.0,78.74,113.72,0.9778,-1,-1,-1
116,415,405.62,176.1,46.85,99.63,0.9757,-1,-1,-1
116,423,1473.41,394.43,84.1,98.42,0.9747,-1,-1,-1
116,416,432.1,390.34,49.39,128.33,0.9746,-1,-1,-1
116,419,1336.07,781.83,83.7,145.86,0.9726,-1,-1,-1
116,426,701.49,621.33,76.39,138.48,0.9719,-1,-1,-1
116,422,876.48,668.14,59.23,132.35,0.9699,-1,-1,-1
116,429,370.15,325.96,59.95,116.87,0.9685,-1,-1,-1
116,434,307.9,725.72,107.59,122.75,0.9675,-1,-1,-1
116,417,1158.08,501.86,62.77,117.26,0.9639,-1,-1,-1
116,436,885.21,44.27,38.43,85.69,0.963,-1,-1,-1
116,424,636.62,290.53,43.26,115.37,0.9556,-1,-1,-1
116,435,0.03,114.77,36.26,93.69,0.9546,-1,-1,-1
117,418,1222.68,594.01,87.02,123.6,0.9795,-1,-1,-1
117,414,1563.94,761.96,91.68,151.03,0.9794,-1,-1,-1
117,421,1676.39,215.57,47.26,112.24,0.9779,-1,-1,-1
117,431,25.11,600.98,78.97,113.73,0.9776,-1,-1,-1
117,415,405.62,176.06,46.85,99.65,0.9757,-1,-1,-1
117,416,432.13,390.29,49.4,128.47,0.9746,-1,-1,-1
117,423,1473.44,394.35,83.97,98.55,0.9745,-1,-1,-1
117,419,1336.12,781.84,83.63,145.86,0.9727,-1,-1,-1
117,426,701.7,621.33,75.96,138.56,0.9722,-1,-1,-1
117,422,876.49,668.11,59.3,132.32,0.9699,-1,-1,-1
117,429,370.17,325.99,59.94,116.85,0.9687,-1,-1,-1
117,434,307.86,725.72,107.62,122.77,0.9676,-1,-1,-1
117,417,1157.79,501.91,63.03,117.25,0.963,-1,-1,-1
117,436,885.18,44.34,38.42,85.63,0.9626,-1,-1,-1
117,424,636.6,290.53,43.28,115.38,0.9563,-1,-1,-1
117,435,0.03,114.77,36.21,93.71,0.9546,-1,-1,-1
118,423,1471.89,395.9,89.0,103.04,0.983,-1,-1,-1
118,414,1564.34,755.51,89.11,157.39,0.9787,-1,-1,-1
118,421,1673.16,217.08,49.03,112.37,0.9775,-1,-1,-1
118,415,403.38,178.13,46.37,98.78,0.976,-1,-1,-1
118,418,1217.85,599.53,84.26,126.08,0.9755,-1,-1,-1
118,429,368.68,330.78,61.24,118.27,0.975,-1,-1,-1
118,416,423.19,392.3,51.99,129.51,0.975,-1,-1,-1
118,431,17.06,603.61,72.7,117.82,0.9712,-1,-1,-1
118,426,722.03,626.03,63.5,136.85,0.9706,-1,-1,-1
118,419,1330.48,775.04,86.19,150.11,0.9686,-1,-1,-1
118,434,317.25,728.47,102.84,119.34,0.967,-1,-1,-1
118,436,884.1,45.17,39.17,85.33,0.9653,-1,-1,-1
118,422,884.17,670.46,83.36,136.19,0.9589,-1,-1,-1
118,417,1145.18,504.01,41.92,115.38,0.9576,-1,-1,-1
118,424,633.57,292.94,44.99,115.28,0.95,-1,-1,-1
118,435,0.0,115.73,35.16,93.98,0.9447,-1,-1,-1
119,419,1323.06,772.83,83.88,150.79,0.9795,-1,-1,-1
119,423,1472.91,397.48,85.7,106.91,0.9792,-1,-1,-1
119,421,1669.43,219.6,50.49,110.8,0.9756,-1,-1,-1
119,418,1216.45,604.13,76.36,126.08,0.9751,-1,-1,-1
119,416,412.65,395.5,56.5,128.45,0.9747,-1,-1,-1
119,422,890.49,672.71,81.75,130.35,0.9745,-1,-1,-1
119,429,368.2,334.64,56.84,115.15,0.9742,-1,-1,-1
119,415,401.83,180.02,43.3,97.4,0.9725,-1,-1,-1
119,434,322.78,726.15,96.61,123.2,0.9703,-1,-1,-1
119,431,9.54,606.37,63.63,121.87,0.9687,-1,-1,-1
119,417,1122.97,502.23,53.18,116.5,0.9684,-1,-1,-1
119,426,743.18,628.82,51.36,134.1,0.9681,-1,-1,-1
119,414,1568.67,751.46,82.04,148.84,0.9675,-1,-1,-1
119,436,882.39,44.77,40.28,86.59,0.9638,-1,-1,-1
119,424,633.04,296.28,43.95,116.15,0.9504,-1,-1,-1
119,435,0.02,115.96,30.72,94.93,0.9381,-1,-1,-1
120,422,899.02,672.67,80.36,135.65,0.9786,-1,-1,-1
120,416,399.89,399.38,59.63,129.49,0.9777,-1,-1,-1
120,414,1569.8,750.21,77.97,141.6,0.9762,-1,-1,-1
120,434,326.18,725.16,89.6,127.25,0.976,-1,-1,-1
120,423,1473.72,399.32,77.17,108.13,0.9758,-1,-1,-1
120,421,1663.54,222.08,51.84,109.44,0.9741,-1,-1,-1
120,429,368.3,337.93,51.53,112.54,0.9735,-1,-1,-1
120,426,755.51,630.59,47.7,131.2,0.973,-1,-1,-1
120,424,626.95,299.07,46.63,115.03,0.9725,-1,-1,-1
120,417,1109.55,503.2,55.8,117.81,0.9716,-1,-1,-1
120,415,398.28,180.95,41.13,97.14,0.971,-1,-1,-1
120,419,1318.39,770.16,77.86,144.31,0.9699,-1,-1,-1
120,418,1214.98,608.36,70.21,124.33,0.9674,-1,-1,-1
120,436,880.06,46.04,39.0,86.55,0.9628,-1,-1,-1
120,431,0.8,610.22,55.87,118.82,0.9627,-1,-1,-1
120,435,0.37,115.09,25.7,97.36,0.9029,-1,-1,-1
121,422,905.56,675.62,70.21,135.1,0.9769,-1,-1,-1
121,416,389.71,404.12,53.73,126.01,0.9767,-1,-1,-1
121,429,361.03,339.29,54.2,112.19,0.9749,-1,-1,-1
121,419,1310.86,767.6,75.39,138.06,0.9745,-1,-1,-1
121,414,1565.42,746.81,77.6,138.51,0.974,-1,-1,-1
121,417,1079.15,504.7,67.76,117.53,0.9739,-1,-1,-1
121,426,759.34,634.44,53.04,131.45,0.9737,-1,-1,-1
121,434,326.95,722.0,80.24,132.32,0.9734,-1,-1,-1
121,424,622.11,302.72,43.83,111.67,0.9703,-1,-1,-1
121,415,391.39,181.62,40.73,96.85,0.9693,-1,-1,-1
121,423,1480.68,403.36,66.47,108.88,0.9684,-1,-1,-1
121,418,1205.6,608.38,69.7,133.0,0.9666,-1,-1,-1
121,431,0.46,611.63,37.55,119.37,0.9602,-1,-1,-1
121,421,1657.13,222.11,48.01,109.26,0.9506,-1,-1,-1
121,436,875.1,46.32,38.22,87.0,0.9385,-1,-1,-1
121,435,0.32,123.35,18.57,89.14,0.8259,-1,-1,-1
122,429,352.04,340.18,58.4,111.96,0.9765,-1,-1,-1
122,416,373.8,407.65,53.08,122.55,0.9753,-1,-1,-1
122,434,320.45,720.19,79.9,134.37,0.9734,-1,-1,-1
122,419,1301.52,765.67,75.27,140.71,0.9734,-1,-1,-1
122,421,1646.41,222.45,43.24,109.56,0.9729,-1,-1,-1
122,414,1560.58,743.22,73.74,141.79,0.9721,-1,-1,-1
122,424,614.01,303.93,41.84,110.08,0.9705,-1,-1,-1
122,415,382.48,180.4,39.77,98.03,0.9704,-1,-1,-1
122,426,762.55,639.29,56.68,128.11,0.9702,-1,-1,-1
122,417,1054.67,507.56,69.91,117.32,0.9698,-1,-1,-1
122,422,908.56,677.07,60.07,132.79,0.9695,-1,-1,-1
122,418,1193.96,613.05,70.16,128.21,0.9678,-1,-1,-1
122,423,1481.14,407.67,61.93,105.03,0.9649,-1,-1,-1
122,436,866.29,46.5,39.46,87.42,0.911,-1,-1,-1
122,431,0.05,618.59,23.65,116.66,0.7794,-1,-1,-1
123,429,352.09,340.22,58.36,112.07,0.9765,-1,-1,-1
123,416,373.79,407.66,53.1,122.55,0.9751,-1,-1,-1
123,419,1301.54,765.67,75.27,140.67,0.9734,-1,-1,-1
123,434,320.45,720.2,79.94,134.37,0.9733,-1,-1,-1
123,421,1646.41,222.43,43.24,109.59,0.9729,-1,-1,-1
123,414,1560.57,743.19,73.73,141.83,0.9722,-1,-1,-1
123,415,382.46,180.45,39.77,97.94,0.9705,-1,-1,-1
123,424,614.01,303.93,41.8,110.04,0.9703,-1,-1,-1
123,426,762.66,639.36,56.6,128.04,0.9698,-1,-1,-1
123,417,1054.57,507.29,70.32,117.59,0.9696,-1,-1,-1
123,422,908.58,677.09,60.04,132.78,0.9695,-1,-1,-1
123,418,1193.92,613.05,70.2,128.3,0.9678,-1,-1,-1
123,423,1481.25,407.64,61.83,105.06,0.9646,-1,-1,-1
123,436,866.3,46.51,39.46,87.35,0.9067,-1,-1,-1
123,431,0.04,618.56,23.65,116.83,0.7792,-1,-1,-1
124,423,1472.13,410.59,65.72,102.16,0.9777,-1,-1,-1
124,414,1557.17,738.67,70.72,143.84,0.9768,-1,-1,-1
124,419,1292.79,762.29,72.89,143.04,0.9731,-1,-1,-1
124,421,1633.08,221.84,41.82,110.39,0.9709,-1,-1,-1
124,422,911.21,677.28,54.83,132.76,0.9707,-1,-1,-1
124,415,371.33,180.54,39.83,97.98,0.9701,-1,-1,-1
124,429,341.72,341.03,59.64,113.64,0.9698,-1,-1,-1
124,426,765.7,644.03,60.21,133.96,0.9694,-1,-1,-1
124,418,1175.71,612.47,74.35,129.2,0.9693,-1,-1,-1
124,434,310.62,715.93,78.76,136.76,0.967,-1,-1,-1
124,424,604.28,305.1,41.78,110.09,0.9666,-1,-1,-1
124,416,358.81,409.92,52.23,120.18,0.9633,-1,-1,-1
124,417,1040.57,511.08,64.74,116.94,0.9603,-1,-1,-1
124,436,857.52,47.31,36.4,87.33,0.8925,-1,-1,-1
125,429,329.84,341.49,64.83,111.65,0.9746,-1,-1,-1
125,414,1550.83,734.02,69.33,146.07,0.974,-1,-1,-1
125,418,1159.94,613.26,78.38,128.34,0.9737,-1,-1,-1
125,426,769.19,649.69,61.54,129.74,0.9731,-1,-1,-1
125,423,1463.92,413.72,72.2,100.07,0.9729,-1,-1,-1
125,419,1277.75,757.92,75.36,147.03,0.9715,-1,-1,-1
125,421,1620.3,221.89,40.58,112.67,0.9714,-1,-1,-1
125,422,909.42,676.48,58.78,135.2,0.9706,-1,-1,-1
125,416,345.6,410.64,48.44,119.24,0.9693,-1,-1,-1
125,415,360.28,179.72,39.86,99.1,0.9692,-1,-1,-1
125,424,595.05,305.28,40.69,111.4,0.9655,-1,-1,-1
125,434,301.6,713.49,75.86,138.37,0.9626,-1,-1,-1
125,417,1020.79,514.44,51.23,112.56,0.9603,-1,-1,-1
125,436,847.37,47.99,35.8,88.15,0.8718,-1,-1,-1
126,414,1540.48,728.01,72.81,150.34,0.9768,-1,-1,-1
126,426,771.29,651.51,63.68,129.82,0.9737,-1,-1,-1
126,423,1454.15,416.01,79.43,97.2,0.9733,-1,-1,-1
126,422,906.81,676.01,64.77,139.64,0.9722,-1,-1,-1
126,429,322.18,344.09,65.17,102.71,0.9719,-1,-1,-1
126,419,1267.91,752.4,72.78,152.17,0.9706,-1,-1,-1
126,424,586.37,305.53,39.71,113.36,0.9697,-1,-1,-1
126,434,290.57,712.98,75.81,141.46,0.9696,-1,-1,-1
126,418,1149.7,612.52,74.27,128.42,0.9695,-1,-1,-1
126,415,348.72,179.18,39.77,100.27,0.9691,-1,-1,-1
126,417,991.64,514.82,52.5,112.01,0.9689,-1,-1,-1
126,421,1606.09,222.32,40.86,112.51,0.9685,-1,-1,-1
126,416,328.02,409.45,49.51,119.48,0.963,-1,-1,-1
126,436,835.76,48.84,35.15,88.51,0.9052,-1,-1,-1
127,414,1530.86,723.41,76.53,154.1,0.9747,-1,-1,-1
127,426,771.8,653.0,74.35,127.79,0.9746,-1,-1,-1
127,419,1256.29,750.55,72.6,145.11,0.9736,-1,-1,-1
127,434,280.36,712.14,70.87,144.96,0.9715,-1,-1,-1
127,418,1140.37,614.1,72.11,128.58,0.9713,-1,-1,-1
127,421,1590.01,223.7,41.99,113.49,0.9706,-1,-1,-1
127,417,956.3,516.89,65.09,108.44,0.97,-1,-1,-1
127,424,575.23,307.03,39.2,113.57,0.9689,-1,-1,-1
127,429,329.53,348.76,48.44,88.75,0.9678,-1,-1,-1
127,422,903.13,675.32,66.76,144.17,0.9675,-1,-1,-1
127,415,337.24,179.78,40.68,100.55,0.9668,-1,-1,-1
127,423,1447.39,418.6,83.85,103.48,0.9652,-1,-1,-1
127,416,311.77,411.59,48.16,120.12,0.963,-1,-1,-1
127,436,823.9,51.27,35.13,87.44,0.8231,-1,-1,-1
128,423,1438.66,421.37,87.32,106.21,0.9762,-1,-1,-1
128,422,896.18,677.97,69.97,142.38,0.9761,-1,-1,-1
128,418,1132.45,615.22,64.87,129.92,0.9746,-1,-1,-1
128,414,1521.44,720.58,77.89,153.91,0.9728,-1,-1,-1
128,434,267.46,716.6,71.86,143.05,0.9722,-1,-1,-1
128,426,767.57,654.78,77.51,129.44,0.971,-1,-1,-1
128,421,1573.35,227.03,42.12,113.82,0.9709,-1,-1,-1
128,419,1245.41,748.51,71.19,140.08,0.9708,-1,-1,-1
128,429,324.11,352.77,45.99,102.7,0.9703,-1,-1,-1
128,424,564.07,309.72,39.19,113.67,0.97,-1,-1,-1
128,415,325.16,180.75,41.37,101.14,0.9698,-1,-1,-1
128,417,927.4,519.21,68.18,108.15,0.9681,-1,-1,-1
128,416,287.91,412.35,56.22,125.28,0.9669,-1,-1,-1
128,436,811.12,54.05,35.8,86.49,0.8841,-1,-1,-1
129,422,896.2,678.0,70.07,142.38,0.9762,-1,-1,-1
129,423,1438.65,421.4,87.34,106.17,0.9762,-1,-1,-1
129,418,1132.48,615.22,64.9,129.9,0.9747,-1,-1,-1
129,414,1521.46,720.6,77.86,154.07,0.9728,-1,-1,-1
129,434,267.46,716.56,71.89,143.07,0.9722,-1,-1,-1
129,426,767.6,654.73,77.37,129.59,0.971,-1,-1,-1
129,421,1573.29,227.04,42.21,113.8,0.9709,-1,-1,-1
129,419,1245.4,748.54,71.33,140.08,0.9708,-1,-1,-1
129,429,324.11,352.75,45.95,102.53,0.9702,-1,-1,-1
129,424,564.08,309.77,39.16,113.47,0.9701,-1,-1,-1
129,415,325.2,180.74,41.3,101.13,0.9695,-1,-1,-1
129,417,927.65,519.25,68.07,108.16,0.9682,-1,-1,-1
129,416,287.83,412.34,56.52,125.32,0.9666,-1,-1,-1
129,436,811.15,54.06,35.76,86.48,0.8847,-1,-1,-1
130,426,764.04,656.43,70.08,130.14,0.9761,-1,-1,-1
130,414,1518.04,720.37,71.61,150.42,0.9757,-1,-1,-1
130,434,257.04,718.93,70.6,144.57,0.9755,-1,-1,-1
130,422,886.66,680.45,71.6,145.56,0.9753,-1,-1,-1
130,429,316.13,357.83,46.57,104.16,0.9709,-1,-1,-1
130,421,1556.63,231.62,41.38,111.96,0.9707,-1,-1,-1
130,419,1230.82,748.7,69.45,134.81,0.9699,-1,-1,-1
130,416,265.58,415.3,63.71,130.74,0.9695,-1,-1,-1
130,417,904.12,521.99,67.2,111.56,0.9694,-1,-1,-1
130,415,312.77,183.17,43.93,100.34,0.9682,-1,-1,-1
130,423,1439.34,427.76,80.66,106.47,0.9676,-1,-1,-1
130,424,552.4,312.77,39.07,114.46,0.9632,-1,-1,-1
130,418,1120.98,619.1,62.31,128.28,0.9447,-1,-1,-1
130,436,798.09,56.81,33.04,87.74,0.8187,-1,-1,-1
131,414,1514.69,721.8,64.86,144.37,0.9752,-1,-1,-1
131,429,303.03,363.42,51.98,104.71,0.9729,-1,-1,-1
131,418,1106.74,622.72,64.27,127.74,0.9729,-1,-1,-1
131,424,538.41,317.27,41.53,116.3,0.9724,-1,-1,-1
131,416,245.46,420.54,69.03,132.23,0.9721,-1,-1,-1
131,423,1441.64,433.11,75.35,104.36,0.9719,-1,-1,-1
131,422,875.68,686.49,70.64,148.78,0.9719,-1,-1,-1
131,434,244.76,724.51,70.66,141.23,0.9717,-1,-1,-1
131,415,300.74,186.14,44.81,100.89,0.9709,-1,-1,-1
131,419,1218.18,749.82,68.45,132.26,0.9709,-1,-1,-1
131,426,763.67,657.91,61.18,131.11,0.9702,-1,-1,-1
131,417,890.41,528.12,53.85,108.39,0.9692,-1,-1,-1
131,421,1540.47,237.09,40.18,109.97,0.9623,-1,-1,-1
131,436,784.62,59.45,34.51,87.53,0.9076,-1,-1,-1
132,422,867.9,693.75,64.05,145.09,0.9753,-1,-1,-1
132,426,763.6,659.31,47.81,130.84,0.9753,-1,-1,-1
132,424,525.29,324.36,43.38,113.4,0.9744,-1,-1,-1
132,429,288.6,365.76,60.53,111.22,0.9735,-1,-1,-1
132,414,1509.26,721.44,57.77,141.04,0.9725,-1,-1,-1
132,419,1202.97,748.38,70.71,136.94,0.9716,-1,-1,-1
132,417,868.6,531.86,51.55,106.39,0.9702,-1,-1,-1
132,418,1092.68,624.97,66.68,127.93,0.9701,-1,-1,-1
132,423,1437.89,438.81,74.14,100.79,0.9692,-1,-1,-1
132,415,288.99,189.16,45.04,101.05,0.9684,-1,-1,-1
132,421,1523.46,241.82,40.39,108.3,0.9681,-1,-1,-1
132,434,232.15,728.5,69.97,140.11,0.9664,-1,-1,-1
132,416,226.83,427.66,71.82,129.23,0.9579,-1,-1,-1
132,436,770.53,62.98,34.25,87.43,0.9391,-1,-1,-1
133,418,1078.28,627.42,68.07,127.19,0.9757,-1,-1,-1
133,426,757.82,660.68,44.66,133.21,0.9748,-1,-1,-1
133,414,1500.04,721.99,54.48,138.04,0.9734,-1,-1,-1
133,415,275.55,193.38,44.34,100.82,0.9718,-1,-1,-1
133,416,210.66,436.5,68.74,124.93,0.9717,-1,-1,-1
133,429,272.25,367.4,69.06,115.21,0.9717,-1,-1,-1
133,419,1188.2,747.72,75.07,138.05,0.971,-1,-1,-1
133,434,215.5,731.92,73.83,139.78,0.9709,-1,-1,-1
133,424,509.36,329.99,47.88,109.86,0.9706,-1,-1,-1
133,422,865.49,698.74,55.57,141.96,0.9701,-1,-1,-1
133,417,843.69,537.55,52.56,103.33,0.969,-1,-1,-1
133,421,1504.36,245.11,41.48,108.84,0.9673,-1,-1,-1
133,423,1425.79,445.03,78.32,98.26,0.9555,-1,-1,-1
133,436,756.8,67.49,34.78,87.79,0.9366,-1,-1,-1
134,423,1408.76,449.13,91.26,100.02,0.9788,-1,-1,-1
134,424,496.94,335.33,50.13,108.4,0.9779,-1,-1,-1
134,418,1064.13,626.99,69.92,132.28,0.9758,-1,-1,-1
134,434,197.96,735.14,77.88,140.38,0.9757,-1,-1,-1
134,426,751.27,664.34,49.98,131.68,0.9752,-1,-1,-1
134,429,262.7,370.48,70.25,119.63,0.9727,-1,-1,-1
134,414,1486.9,719.54,57.65,140.81,0.9726,-1,-1,-1
134,422,864.39,702.33,47.83,141.7,0.9721,-1,-1,-1
134,421,1481.71,249.08,45.85,107.93,0.9716,-1,-1,-1
134,416,196.19,443.89,64.02,122.5,0.9712,-1,-1,-1
134,415,261.75,196.97,42.66,101.96,0.9688,-1,-1,-1
134,419,1174.11,745.12,76.13,139.36,0.9679,-1,-1,-1
134,417,818.81,544.35,53.55,106.97,0.9624,-1,-1,-1
134,436,741.69,71.25,34.13,87.9,0.951,-1,-1,-1
135,423,1408.64,449.15,91.36,100.04,0.9789,-1,-1,-1
135,424,496.92,335.4,50.16,108.44,0.9779,-1,-1,-1
135,418,1064.14,626.95,69.89,132.36,0.9758,-1,-1,-1
135,434,198.01,735.18,77.83,140.36,0.9755,-1,-1,-1
135,426,751.26,664.34,50.08,131.63,0.975,-1,-1,-1
135,429,262.7,370.49,70.27,119.64,0.9728,-1,-1,-1
135,414,1486.88,719.64,57.76,140.65,0.9725,-1,-1,-1
135,422,864.39,702.37,47.82,141.68,0.972,-1,-1,-1
135,421,1481.74,249.08,45.79,107.93,0.9716,-1,-1,-1
135,416,196.23,443.9,63.96,122.46,0.9711,-1,-1,-1
135,415,261.76,196.96,42.59,101.95,0.9685,-1,-1,-1
135,419,1174.09,745.09,76.15,139.43,0.9678,-1,-1,-1
135,417,818.73,544.47,53.67,106.89,0.9628,-1,-1,-1
135,436,741.75,71.24,34.07,87.93,0.9507,-1,-1,-1
136,423,1401.42,456.59,90.81,103.11,0.984,-1,-1,-1
136,414,1471.42,718.94,61.88,142.29,0.9772,-1,-1,-1
136,434,179.22,736.9,82.98,143.47,0.9752,-1,-1,-1
136,418,1050.48,626.49,68.03,133.3,0.9751,-1,-1,-1
136,416,181.66,450.1,59.62,120.19,0.9745,-1,-1,-1
136,424,485.55,339.87,51.73,107.66,0.9744,-1,-1,-1
136,421,1458.61,252.47,49.17,110.21,0.9737,-1,-1,-1
136,419,1156.74,745.84,83.88,141.57,0.9729,-1,-1,-1
136,422,856.89,705.07,45.61,143.82,0.9714,-1,-1,-1
136,429,254.76,375.87,70.89,118.86,0.9709,-1,-1,-1
136,426,744.42,667.93,57.09,132.3,0.9681,-1,-1,-1
136,415,247.81,201.68,42.55,101.66,0.9679,-1,-1,-1
136,417,792.6,551.21,55.52,108.44,0.9607,-1,-1,-1
136,436,727.37,77.61,33.85,85.46,0.8288,-1,-1,-1
137,423,1400.11,461.98,85.94,105.3,0.9785,-1,-1,-1
137,422,847.28,708.12,46.09,148.43,0.9751,-1,-1,-1
137,418,1036.82,627.21,66.76,138.63,0.9747,-1,-1,-1
137,414,1453.73,718.98,69.53,144.9,0.9745,-1,-1,-1
137,429,246.69,379.74,69.91,119.06,0.9742,-1,-1,-1
137,434,158.82,739.11,89.9,145.33,0.9735,-1,-1,-1
137,416,167.85,455.63,55.82,118.98,0.9735,-1,-1,-1
137,424,472.51,344.39,56.26,110.88,0.9722,-1,-1,-1
137,426,738.66,671.74,53.68,130.86,0.9721,-1,-1,-1
137,421,1438.33,256.96,51.02,111.24,0.9677,-1,-1,-1
137,419,1147.8,744.48,79.52,141.53,0.9655,-1,-1,-1
137,415,233.32,206.6,41.99,101.58,0.9641,-1,-1,-1
137,417,754.4,557.75,71.96,107.42,0.9586,-1,-1,-1
137,436,712.24,82.95,33.68,86.25,0.9515,-1,-1,-1
138,422,836.39,713.16,48.03,151.69,0.9746,-1,-1,-1
138,414,1439.82,719.12,73.66,144.46,0.9738,-1,-1,-1
138,419,1137.57,746.1,78.92,135.23,0.9733,-1,-1,-1
138,416,152.9,457.74,55.87,122.23,0.9731,-1,-1,-1
138,426,730.2,675.95,47.38,131.37,0.9731,-1,-1,-1
138,421,1416.92,263.07,52.87,108.92,0.9728,-1,-1,-1
138,434,137.48,741.24,94.31,146.07,0.9717,-1,-1,-1
138,424,458.65,347.72,62.89,114.96,0.9707,-1,-1,-1
138,417,720.98,564.67,80.79,104.67,0.9689,-1,-1,-1
138,418,1024.2,628.19,63.03,140.43,0.9669,-1,-1,-1
138,429,241.95,387.07,64.66,119.26,0.9655,-1,-1,-1
138,415,218.91,212.74,42.23,100.25,0.9621,-1,-1,-1
138,423,1417.38,469.6,66.58,101.73,0.95,-1,-1,-1
138,436,696.46,86.8,34.73,87.42,0.9025,-1,-1,-1
139,434,115.78,745.22,94.33,143.99,0.9804,-1,-1,-1
139,418,1013.66,630.99,58.21,137.83,0.9759,-1,-1,-1
139,414,1426.25,721.28,79.27,139.16,0.9755,-1,-1,-1
139,421,1395.68,268.93,57.2,109.26,0.9733,-1,-1,-1
139,419,1128.88,747.42,73.88,130.36,0.9728,-1,-1,-1
139,416,136.47,461.0,56.12,123.59,0.9726,-1,-1,-1
139,422,827.66,716.41,48.6,156.25,0.9724,-1,-1,-1
139,417,698.12,568.82,79.61,105.01,0.971,-1,-1,-1
139,423,1412.85,474.43,65.79,100.35,0.9676,-1,-1,-1
139,424,444.93,352.14,69.4,116.97,0.9664,-1,-1,-1
139,426,720.74,682.4,45.86,129.44,0.9657,-1,-1,-1
139,415,203.87,216.93,40.34,100.76,0.965,-1,-1,-1
139,429,239.8,395.37,57.13,114.24,0.9583,-1,-1,-1
139,436,680.86,100.0,36.52,78.89,0.9277,-1,-1,-1
140,423,1398.57,479.41,80.29,100.16,0.9772,-1,-1,-1
140,417,674.12,575.19,80.81,102.47,0.9767,-1,-1,-1
140,426,709.63,686.2,47.4,127.67,0.9752,-1,-1,-1
140,414,1413.15,724.45,86.53,133.77,0.9724,-1,-1,-1
140,422,819.01,723.04,48.85,153.8,0.9721,-1,-1,-1
140,419,1119.23,748.26,72.75,131.04,0.9717,-1,-1,-1
140,429,237.85,400.13,49.23,112.65,0.9712,-1,-1,-1
140,421,1374.83,277.47,64.18,107.51,0.971,-1,-1,-1
140,418,1006.35,633.61,51.86,134.15,0.9707,-1,-1,-1
140,424,427.8,356.27,78.73,118.15,0.9698,-1,-1,-1
140,416,119.28,465.09,57.99,125.36,0.9697,-1,-1,-1
140,434,96.3,747.91,78.51,141.59,0.9693,-1,-1,-1
140,415,189.83,220.93,41.1,100.58,0.9637,-1,-1,-1
140,436,665.1,107.43,38.38,76.88,0.9493,-1,-1,-1
141,423,1398.58,479.36,80.61,100.28,0.9774,-1,-1,-1
141,417,674.06,575.09,80.9,102.59,0.9768,-1,-1,-1
141,426,709.67,686.19,47.31,127.7,0.9753,-1,-1,-1
141,422,818.98,723.01,48.81,153.67,0.9722,-1,-1,-1
141,414,1413.15,724.41,86.49,133.89,0.9721,-1,-1,-1
141,419,1119.22,748.28,72.71,131.04,0.9715,-1,-1,-1
141,429,237.88,400.15,49.18,112.58,0.9713,-1,-1,-1
141,421,1374.81,277.43,64.23,107.54,0.9711,-1,-1,-1
141,418,1006.31,633.59,52.1,134.22,0.9707,-1,-1,-1
141,416,119.13,465.11,58.32,125.44,0.97,-1,-1,-1
141,424,427.9,356.27,78.64,118.18,0.9698,-1,-1,-1
141,434,96.32,747.96,78.68,141.58,0.9696,-1,-1,-1
141,415,189.82,220.93,41.09,100.61,0.9638,-1,-1,-1
141,436,665.09,107.16,38.42,77.19,0.9504,-1,-1,-1
142,423,1385.69,483.65,85.4,99.9,0.9794,-1,-1,-1
142,417,655.5,577.1,79.99,102.04,0.9783,-1,-1,-1
142,429,233.6,404.62,46.22,110.86,0.9777,-1,-1,-1
142,416,104.15,468.07,57.06,128.51,0.9747,-1,-1,-1
142,419,1110.34,746.53,72.23,135.1,0.9745,-1,-1,-1
142,418,998.79,638.87,45.44,129.41,0.9726,-1,-1,-1
142,422,811.29,728.99,48.4,148.95,0.9712,-1,-1,-1
142,426,697.42,688.46,51.01,129.54,0.9707,-1,-1,-1
142,421,1356.81,285.34,68.55,104.25,0.9694,-1,-1,-1
142,414,1405.54,729.83,83.24,124.9,0.9659,-1,-1,-1
142,424,416.6,364.24,82.81,116.31,0.9634,-1,-1,-1
142,434,76.87,749.95,67.34,144.48,0.9601,-1,-1,-1
142,415,176.56,225.57,38.67,99.21,0.9545,-1,-1,-1
142,436,649.92,111.87,37.69,76.23,0.9482,-1,-1,-1
143,423,1376.25,489.21,91.94,99.72,0.9826,-1,-1,-1
143,417,640.52,579.99,78.1,99.76,0.9788,-1,-1,-1
143,419,1101.84,743.7,70.44,140.08,0.9775,-1,-1,-1
143,414,1397.92,733.75,83.78,121.51,0.9768,-1,-1,-1
143,421,1339.57,291.13,69.39,101.34,0.9743,-1,-1,-1
143,422,804.01,737.68,46.78,144.5,0.9737,-1,-1,-1
143,434,56.09,749.38,60.3,147.89,0.9735,-1,-1,-1
143,429,217.56,407.4,60.47,114.07,0.9725,-1,-1,-1
143,416,87.82,473.66,58.54,129.59,0.9704,-1,-1,-1
143,426,686.47,687.41,57.49,133.14,0.9704,-1,-1,-1
143,424,408.42,370.69,83.29,114.61,0.9628,-1,-1,-1
143,418,985.64,641.64,46.19,130.03,0.9491,-1,-1,-1
143,415,163.68,228.89,33.63,98.37,0.9375,-1,-1,-1
143,436,636.41,111.43,35.65,81.33,0.9367,-1,-1,-1
144,423,1370.43,491.47,95.28,107.36,0.9784,-1,-1,-1
144,419,1087.97,741.01,72.74,142.51,0.9772,-1,-1,-1
144,434,34.58,750.49,61.83,150.3,0.9761,-1,-1,-1
144,417,623.8,577.81,76.31,103.37,0.9758,-1,-1,-1
144,416,68.24,480.95,63.35,128.6,0.9748,-1,-1,-1
144,414,1394.24,736.33,75.84,120.18,0.9742,-1,-1,-1
144,421,1321.24,295.06,68.62,99.83,0.9739,-1,-1,-1
144,422,789.55,743.62,58.39,140.94,0.9715,-1,-1,-1
144,418,967.82,643.87,53.87,129.51,0.9714,-1,-1,-1
144,429,204.74,408.57,64.9,117.92,0.9704,-1,-1,-1
144,424,400.44,377.68,78.96,109.86,0.966,-1,-1,-1
144,436,620.43,111.44,35.7,86.17,0.9473,-1,-1,-1
144,426,675.99,697.16,53.97,123.67,0.9438,-1,-1,-1
144,415,153.36,231.84,29.96,98.75,0.9237,-1,-1,-1
145,423,1370.13,497.11,90.44,109.44,0.9782,-1,-1,-1
145,417,609.18,577.52,67.99,105.18,0.9771,-1,-1,-1
145,422,773.62,747.71,72.36,142.23,0.9765,-1,-1,-1
145,414,1378.27,737.25,78.19,122.19,0.9755,-1,-1,-1
145,419,1077.69,738.98,71.6,145.77,0.9754,-1,-1,-1
145,421,1305.78,298.83,66.94,98.31,0.9745,-1,-1,-1
145,429,193.63,409.97,69.17,119.6,0.9742,-1,-1,-1
145,416,48.33,486.16,66.82,129.04,0.9731,-1,-1,-1
145,424,389.61,380.17,80.28,109.81,0.9716,-1,-1,-1
145,418,953.03,643.81,58.0,131.69,0.9669,-1,-1,-1
145,426,665.51,693.11,51.09,121.83,0.961,-1,-1,-1
145,436,605.52,114.55,33.8,86.62,0.9385,-1,-1,-1
145,434,14.97,753.07,63.97,150.44,0.937,-1,-1,-1
145,415,142.87,235.64,27.12,99.19,0.9337,-1,-1,-1
146,414,1362.49,739.87,87.98,117.93,0.979,-1,-1,-1
146,418,939.48,643.33,61.41,134.21,0.9761,-1,-1,-1
146,416,29.51,494.18,71.98,125.25,0.9759,-1,-1,-1
146,422,760.12,750.68,78.09,141.7,0.9759,-1,-1,-1
146,429,185.89,414.38,73.38,117.79,0.9755,-1,-1,-1
146,424,374.46,384.3,85.23,108.85,0.9747,-1,-1,-1
146,426,655.62,685.8,46.29,124.02,0.9742,-1,-1,-1
146,434,0.03,755.46,61.46,151.79,0.9725,-1,-1,-1
146,419,1067.32,737.04,71.09,139.83,0.9716,-1,-1,-1
146,417,594.48,576.18,62.09,107.56,0.9713,-1,-1,-1
146,421,1288.03,301.03,68.86,100.42,0.9677,-1,-1,-1
146,423,1381.39,500.62,76.68,107.75,0.9638,-1,-1,-1
146,436,590.93,118.8,33.71,86.47,0.9369,-1,-1,-1
146,415,127.83,239.58,31.3,97.78,0.9012,-1,-1,-1
147,414,1362.44,739.87,88.12,117.99,0.9792,-1,-1,-1
147,418,939.49,643.25,61.39,134.39,0.9762,-1,-1,-1
147,416,29.52,494.18,71.99,125.24,0.9759,-1,-1,-1
147,422,760.15,750.73,78.06,141.6,0.9759,-1,-1,-1
147,429,185.9,414.37,73.43,117.76,0.9754,-1,-1,-1
147,424,374.47,384.28,85.2,108.87,0.9745,-1,-1,-1
147,426,655.61,685.76,46.26,124.08,0.9742,-1,-1,-1
147,434,0.03,755.51,61.55,151.68,0.9725,-1,-1,-1
147,419,1067.34,737.04,71.12,139.93,0.9717,-1,-1,-1
147,417,594.48,576.07,62.16,107.66,0.9712,-1,-1,-1
147,421,1287.91,301.09,68.97,100.42,0.9671,-1,-1,-1
147,423,1381.46,500.62,76.71,107.73,0.9635,-1,-1,-1
147,436,590.89,118.83,33.69,86.41,0.9365,-1,-1,-1
147,415,127.74,239.56,31.41,97.82,0.9081,-1,-1,-1
147,438,44.82,1040.61,44.89,39.39,0.5521,-1,-1,-1
148,414,1349.89,740.14,93.11,119.77,0.9792,-1,-1,-1
148,422,747.46,751.0,77.59,144.62,0.9769,-1,-1,-1
148,417,580.75,575.69,58.28,108.94,0.9756,-1,-1,-1
148,419,1060.59,736.84,67.19,134.83,0.9752,-1,-1,-1
148,424,362.78,384.76,82.84,112.15,0.9744,-1,-1,-1
148,416,14.92,499.87,73.13,122.27,0.9734,-1,-1,-1
148,423,1390.52,505.39,64.34,105.03,0.9731,-1,-1,-1
148,426,644.74,685.95,45.99,124.78,0.9731,-1,-1,-1
148,421,1273.04,303.29,65.65,99.91,0.9682,-1,-1,-1
148,418,929.17,643.15,62.12,135.37,0.9624,-1,-1,-1
148,429,180.41,419.5,69.15,117.41,0.9608,-1,-1,-1
148,415,114.32,242.11,33.99,97.99,0.9494,-1,-1,-1
148,436,575.98,121.87,33.8,86.25,0.9439,-1,-1,-1
148,434,0.52,762.69,37.44,142.4,0.9436,-1,-1,-1
149,417,564.33,575.85,58.14,109.02,0.9757,-1,-1,-1
149,423,1377.05,506.56,73.71,105.01,0.9755,-1,-1,-1
149,426,633.56,683.72,46.42,128.8,0.9755,-1,-1,-1
149,416,5.66,505.4,69.89,118.89,0.9752,-1,-1,-1
149,418,919.48,643.26,59.66,130.91,0.9749,-1,-1,-1
149,414,1343.22,739.69,88.58,119.38,0.9745,-1,-1,-1
149,422,737.02,753.16,72.93,145.6,0.9734,-1,-1,-1
149,421,1256.35,303.64,65.35,103.04,0.9733,-1,-1,-1
149,424,347.7,389.65,87.47,112.69,0.9726,-1,-1,-1
149,419,1052.48,739.38,65.24,132.38,0.9719,-1,-1,-1
149,429,178.31,422.35,57.76,116.03,0.9665,-1,-1,-1
149,415,99.68,245.92,38.1,97.55,0.9657,-1,-1,-1
149,436,560.94,125.26,34.82,86.48,0.9344,-1,-1,-1
150,423,1367.58,507.31,80.01,106.71,0.9774,-1,-1,-1
150,416,0.0,508.75,65.25,117.2,0.9744,-1,-1,-1
150,414,1343.29,738.15,78.35,123.71,0.9734,-1,-1,-1
150,422,730.22,755.63,68.06,143.3,0.9734,-1,-1,-1
150,417,549.15,577.27,57.8,107.54,0.9733,-1,-1,-1
150,418,913.76,645.15,60.93,128.4,0.973,-1,-1,-1
150,421,1241.79,305.39,65.32,102.92,0.9729,-1,-1,-1
150,429,181.38,427.3,48.78,111.57,0.9699,-1,-1,-1
150,415,84.44,249.47,45.3,95.71,0.9694,-1,-1,-1
150,426,623.12,681.05,49.14,134.07,0.968,-1,-1,-1
150,441,1870.55,569.64,49.13,119.27,0.9645,-1,-1,-1
150,419,1048.62,741.0,58.12,128.96,0.962,-1,-1,-1
150,424,335.75,391.63,89.08,113.1,0.9616,-1,-1,-1
150,436,546.47,128.13,35.77,86.59,0.9352,-1,-1,-1
151,423,1361.93,511.17,87.37,104.44,0.9841,-1,-1,-1
151,422,725.51,756.52,61.39,142.46,0.9767,-1,-1,-1
151,417,533.58,579.04,59.39,105.87,0.9747,-1,-1,-1
151,419,1038.49,742.63,58.77,129.86,0.974,-1,-1,-1
151,421,1229.5,306.54,64.07,103.61,0.9739,-1,-1,-1
151,429,183.12,430.96,46.06,109.73,0.9737,-1,-1,-1
151,414,1344.32,740.81,67.2,123.84,0.9735,-1,-1,-1
151,441,1852.4,570.09,67.4,121.22,0.972,-1,-1,-1
151,426,610.63,679.41,52.18,134.28,0.9714,-1,-1,-1
151,424,322.2,396.42,90.78,113.3,0.9706,-1,-1,-1
151,418,906.73,647.25,64.33,126.72,0.9688,-1,-1,-1
151,416,0.0,508.95,54.55,118.07,0.9684,-1,-1,-1
151,436,533.48,131.19,36.95,85.43,0.9287,-1,-1,-1
151,415,69.93,252.49,51.19,95.28,0.868,-1,-1,-1
152,423,1357.83,516.18,99.11,105.33,0.9753,-1,-1,-1
152,424,309.68,401.18,92.76,111.72,0.975,-1,-1,-1
152,414,1347.91,743.85,55.28,119.19,0.9747,-1,-1,-1
152,421,1220.24,309.54,63.94,102.21,0.9737,-1,-1,-1
152,422,722.99,756.99,51.92,142.82,0.9729,-1,-1,-1
152,429,171.04,431.05,50.86,111.99,0.9723,-1,-1,-1
152,418,893.9,648.36,65.52,125.85,0.9706,-1,-1,-1
152,426,598.5,677.3,54.4,128.02,0.9706,-1,-1,-1
152,416,0.0,511.08,44.31,120.49,0.9704,-1,-1,-1
152,417,515.86,581.17,71.54,105.42,0.9693,-1,-1,-1
152,415,55.94,254.79,53.16,94.38,0.9675,-1,-1,-1
152,441,1835.45,570.18,72.98,123.32,0.9673,-1,-1,-1
152,419,1024.39,742.69,63.58,128.22,0.9589,-1,-1,-1
152,436,521.75,132.79,36.29,85.47,0.9366,-1,-1,-1
153,423,1357.79,516.16,99.11,105.36,0.9754,-1,-1,-1
153,424,309.65,401.17,92.84,111.74,0.9749,-1,-1,-1
153,414,1348.05,743.87,55.14,119.14,0.9747,-1,-1,-1
153,421,1220.26,309.54,63.91,102.2,0.9737,-1,-1,-1
153,422,723.03,756.92,51.96,142.89,0.9728,-1,-1,-1
153,429,171.06,431.06,50.81,111.96,0.9724,-1,-1,-1
153,426,598.5,677.25,54.48,127.97,0.9706,-1,-1,-1
153,418,893.9,648.35,65.89,125.87,0.9704,-1,-1,-1
153,416,0.0,511.04,44.32,120.48,0.9704,-1,-1,-1
153,417,515.76,581.12,71.98,105.44,0.9693,-1,-1,-1
153,415,55.91,254.79,53.03,94.35,0.9675,-1,-1,-1
153,441,1835.43,570.09,72.96,123.45,0.9672,-1,-1,-1
153,419,1024.23,742.67,63.74,128.38,0.9591,-1,-1,-1
153,436,521.76,132.77,36.28,85.47,0.9349,-1,-1,-1
154,414,1331.71,744.64,65.41,118.96,0.9748,-1,-1,-1
154,421,1212.36,310.72,61.8,102.21,0.9742,-1,-1,-1
154,419,1012.09,739.39,69.02,131.08,0.9742,-1,-1,-1
154,429,160.93,430.27,56.11,114.51,0.9741,-1,-1,-1
154,424,299.57,405.2,94.53,107.57,0.9733,-1,-1,-1
154,417,500.38,583.29,74.86,102.81,0.9728,-1,-1,-1
154,441,1824.95,568.66,65.69,124.32,0.9722,-1,-1,-1
154,423,1366.8,513.69,83.86,111.85,0.9711,-1,-1,-1
154,415,41.14,256.67,53.12,94.18,0.9694,-1,-1,-1
154,426,586.51,677.42,49.55,120.86,0.969,-1,-1,-1
154,418,880.99,648.51,67.06,122.88,0.9661,-1,-1,-1
154,422,720.71,758.4,42.49,143.19,0.959,-1,-1,-1
154,416,0.36,511.7,35.49,121.38,0.9452,-1,-1,-1
154,436,510.72,135.88,33.08,84.2,0.9054,-1,-1,-1
155,424,292.38,408.73,93.05,105.48,0.9813,-1,-1,-1
155,414,1316.43,745.77,82.9,118.61,0.976,-1,-1,-1
155,426,573.96,677.47,44.41,113.63,0.9747,-1,-1,-1
155,429,149.93,428.16,60.43,117.59,0.9716,-1,-1,-1
155,421,1205.13,311.74,61.87,101.61,0.9701,-1,-1,-1
155,419,1000.49,735.25,74.13,133.14,0.9692,-1,-1,-1
155,418,866.9,643.63,66.75,131.22,0.968,-1,-1,-1
155,415,27.67,258.25,52.6,93.76,0.9672,-1,-1,-1
155,417,485.83,584.54,81.35,103.44,0.9672,-1,-1,-1
155,422,716.17,758.0,39.21,147.57,0.9664,-1,-1,-1
155,441,1817.75,566.52,57.54,126.47,0.9643,-1,-1,-1
155,423,1387.27,517.24,59.87,109.71,0.9529,-1,-1,-1
155,436,499.11,138.33,32.58,82.27,0.811,-1,-1,-1
155,416,0.12,515.37,23.46,107.69,0.5671,-1,-1,-1
156,417,469.14,584.61,86.4,103.99,0.9836,-1,-1,-1
156,414,1304.49,746.79,93.69,114.19,0.9835,-1,-1,-1
156,424,288.5,408.66,89.86,107.71,0.9795,-1,-1,-1
156,426,562.19,677.53,41.74,114.02,0.9757,-1,-1,-1
156,422,703.67,759.15,45.29,147.18,0.9752,-1,-1,-1
156,441,1811.44,563.73,49.61,126.89,0.9734,-1,-1,-1
156,419,991.16,733.84,78.74,130.21,0.9714,-1,-1,-1
156,429,137.91,427.26,70.19,117.19,0.9706,-1,-1,-1
156,415,14.91,257.5,52.28,96.55,0.9705,-1,-1,-1
156,421,1200.84,312.6,56.57,100.42,0.9692,-1,-1,-1
156,418,857.27,638.67,64.01,134.62,0.9659,-1,-1,-1
156,423,1393.39,517.64,53.25,108.48,0.9658,-1,-1,-1
156,436,486.93,139.59,32.01,82.56,0.8062,-1,-1,-1
157,414,1299.61,747.15,96.09,111.52,0.9816,-1,-1,-1
157,417,456.98,580.08,83.24,108.15,0.98,-1,-1,-1
157,422,686.72,760.84,58.1,145.49,0.9765,-1,-1,-1
157,424,289.16,405.92,79.44,109.19,0.9747,-1,-1,-1
157,426,548.8,675.88,43.24,115.81,0.9747,-1,-1,-1
157,418,849.24,633.1,57.53,138.17,0.9725,-1,-1,-1
157,429,131.24,427.86,69.75,112.11,0.9718,-1,-1,-1
157,419,985.79,732.85,77.87,124.93,0.9716,-1,-1,-1
157,421,1187.72,312.36,57.98,100.58,0.9703,-1,-1,-1
157,423,1384.98,517.03,61.62,110.19,0.9702,-1,-1,-1
157,415,3.66,258.21,48.83,94.97,0.9685,-1,-1,-1
157,441,1800.1,562.49,47.45,126.27,0.968,-1,-1,-1
157,436,473.51,140.67,31.97,82.42,0.9052,-1,-1,-1
158,414,1298.06,746.66,95.54,112.43,0.9788,-1,-1,-1
158,423,1375.47,515.65,76.72,111.79,0.9762,-1,-1,-1
158,426,533.6,675.04,48.35,116.56,0.9759,-1,-1,-1
158,422,673.48,762.8,69.2,145.82,0.9744,-1,-1,-1
158,424,282.84,405.5,75.79,110.36,0.9703,-1,-1,-1
158,441,1787.55,561.9,47.76,125.32,0.9701,-1,-1,-1
158,429,125.57,428.65,62.8,113.78,0.9695,-1,-1,-1
158,421,1174.18,311.01,60.21,102.31,0.9692,-1,-1,-1
158,418,840.75,630.59,53.38,132.51,0.9684,-1,-1,-1
158,419,981.59,733.13,77.37,121.76,0.9661,-1,-1,-1
158,417,445.12,578.75,70.57,110.67,0.9649,-1,-1,-1
158,415,0.04,258.92,37.4,94.44,0.9454,-1,-1,-1
158,436,459.45,140.35,30.88,83.41,0.8548,-1,-1,-1
159,414,1298.16,746.64,95.5,112.4,0.9788,-1,-1,-1
159,423,1375.48,515.71,76.33,111.77,0.9762,-1,-1,-1
159,426,533.6,675.01,48.27,116.69,0.9758,-1,-1,-1
159,422,673.44,762.74,69.26,146.0,0.9744,-1,-1,-1
159,441,1787.54,561.89,47.72,125.29,0.9702,-1,-1,-1
159,424,282.84,405.49,75.83,110.44,0.97,-1,-1,-1
159,429,125.39,428.65,63.09,113.84,0.9697,-1,-1,-1
159,421,1174.19,311.03,60.21,102.33,0.9692,-1,-1,-1
159,418,840.77,630.59,53.37,132.41,0.9684,-1,-1,-1
159,419,981.46,733.12,77.54,121.78,0.9659,-1,-1,-1
159,417,445.19,578.81,70.58,110.55,0.9639,-1,-1,-1
159,415,0.03,258.9,37.34,94.48,0.9457,-1,-1,-1
159,436,459.4,140.3,30.91,83.46,0.8526,-1,-1,-1
160,414,1302.43,746.84,95.43,112.62,0.9812,-1,-1,-1
160,422,658.66,764.37,78.54,145.79,0.9791,-1,-1,-1
160,423,1368.76,516.16,87.39,111.79,0.9748,-1,-1,-1
160,418,832.9,630.33,47.03,125.99,0.9748,-1,-1,-1
160,417,432.05,578.15,67.51,107.27,0.9747,-1,-1,-1
160,426,517.86,673.6,51.82,117.7,0.9745,-1,-1,-1
160,421,1161.03,310.28,60.59,103.04,0.9732,-1,-1,-1
160,424,268.57,403.04,79.38,114.9,0.9724,-1,-1,-1
160,429,122.99,431.07,52.34,111.43,0.9705,-1,-1,-1
160,441,1775.3,562.82,49.31,123.83,0.9682,-1,-1,-1
160,419,982.55,737.75,76.56,116.01,0.9657,-1,-1,-1
160,436,444.7,139.8,32.3,83.72,0.9331,-1,-1,-1
160,415,0.0,258.24,19.62,93.01,0.8706,-1,-1,-1
161,423,1369.12,517.94,97.64,111.68,0.9825,-1,-1,-1
161,424,252.99,404.08,84.99,115.94,0.9755,-1,-1,-1
161,414,1310.98,746.53,89.71,113.23,0.9745,-1,-1,-1
161,422,647.9,767.8,77.32,144.27,0.9739,-1,-1,-1
161,421,1152.18,310.32,58.02,102.2,0.9719,-1,-1,-1
161,417,423.27,577.19,65.88,102.3,0.9714,-1,-1,-1
161,418,825.73,628.23,39.48,124.92,0.9711,-1,-1,-1
161,441,1761.94,564.67,58.52,121.35,0.9689,-1,-1,-1
161,429,123.04,432.41,44.16,110.01,0.9677,-1,-1,-1
161,419,980.71,735.55,73.61,119.83,0.9664,-1,-1,-1
161,426,501.05,673.56,56.18,117.26,0.95,-1,-1,-1
161,436,430.72,142.03,31.95,81.64,0.9207,-1,-1,-1
162,423,1372.57,518.73,91.67,113.73,0.981,-1,-1,-1
162,424,240.03,404.06,85.29,116.06,0.9769,-1,-1,-1
162,422,636.51,769.45,75.02,143.79,0.9748,-1,-1,-1
162,421,1140.98,309.83,57.04,102.28,0.9743,-1,-1,-1
162,441,1749.75,567.12,65.7,118.83,0.9736,-1,-1,-1
162,426,482.52,674.91,61.31,112.54,0.9735,-1,-1,-1
162,414,1320.92,745.14,83.52,113.15,0.9724,-1,-1,-1
162,417,414.12,576.07,60.38,99.36,0.9702,-1,-1,-1
162,429,118.91,434.14,44.44,110.57,0.9696,-1,-1,-1
162,419,968.01,737.22,87.19,117.24,0.9689,-1,-1,-1
162,418,815.93,624.27,36.23,127.03,0.9624,-1,-1,-1
162,436,415.91,142.36,33.09,82.4,0.9308,-1,-1,-1
163,424,228.39,408.01,82.71,112.75,0.9784,-1,-1,-1
163,422,630.89,770.03,66.13,144.99,0.9769,-1,-1,-1
163,426,465.45,677.25,63.93,106.93,0.9766,-1,-1,-1
163,441,1733.98,566.64,75.54,119.25,0.9757,-1,-1,-1
163,421,1132.4,310.9,52.95,101.47,0.9747,-1,-1,-1
163,429,103.82,433.74,54.92,111.62,0.9709,-1,-1,-1
163,419,956.62,735.71,98.8,119.16,0.9696,-1,-1,-1
163,417,400.51,573.99,70.44,102.77,0.9688,-1,-1,-1
163,414,1305.76,748.62,95.67,108.99,0.9687,-1,-1,-1
163,418,803.32,620.08,36.91,129.97,0.9674,-1,-1,-1
163,423,1384.38,520.24,72.57,113.61,0.9653,-1,-1,-1
163,436,401.36,142.98,34.1,82.56,0.9279,-1,-1,-1
164,424,218.09,409.65,83.29,112.95,0.9803,-1,-1,-1
164,414,1297.11,749.2,99.04,110.73,0.978,-1,-1,-1
164,421,1125.01,311.8,48.35,101.59,0.9755,-1,-1,-1
164,441,1719.29,567.18,80.93,118.33,0.9752,-1,-1,-1
164,426,451.31,679.74,65.09,105.84,0.9738,-1,-1,-1
164,417,382.94,569.58,88.54,107.54,0.9735,-1,-1,-1
164,422,627.91,770.7,57.59,143.69,0.972,-1,-1,-1
164,429,91.36,430.97,65.18,116.55,0.97,-1,-1,-1
164,418,791.18,616.07,37.46,133.45,0.9685,-1,-1,-1
164,423,1398.8,522.81,55.06,111.09,0.9662,-1,-1,-1
164,419,955.95,734.38,90.63,116.37,0.9564,-1,-1,-1
164,436,386.84,144.1,34.93,82.74,0.9151,-1,-1,-1
165,424,218.08,409.65,83.23,112.95,0.9803,-1,-1,-1
165,414,1296.96,749.15,98.96,110.88,0.9781,-1,-1,-1
165,421,1124.98,311.83,48.35,101.5,0.9755,-1,-1,-1
165,441,1719.28,567.17,80.92,118.33,0.9753,-1,-1,-1
165,426,451.42,679.76,64.94,105.79,0.9738,-1,-1,-1
165,417,382.94,569.53,88.51,107.57,0.9737,-1,-1,-1
165,422,627.89,770.75,57.58,143.65,0.972,-1,-1,-1
165,429,91.34,430.96,65.57,116.58,0.9701,-1,-1,-1
165,418,791.07,616.06,37.53,133.6,0.9684,-1,-1,-1
165,423,1398.7,522.88,55.18,110.97,0.9663,-1,-1,-1
165,419,956.06,734.4,90.74,116.4,0.9556,-1,-1,-1
165,436,386.81,144.08,34.99,82.71,0.9174,-1,-1,-1
166,441,1702.29,567.71,89.12,118.03,0.9788,-1,-1,-1
166,429,81.13,429.97,69.91,116.13,0.9776,-1,-1,-1
166,417,373.32,566.15,90.64,109.53,0.975,-1,-1,-1
166,422,626.3,771.15,49.13,144.57,0.9747,-1,-1,-1
166,424,210.59,412.52,77.19,110.99,0.9742,-1,-1,-1
166,426,436.39,681.75,66.58,103.03,0.9737,-1,-1,-1
166,419,946.16,730.49,96.2,114.97,0.9717,-1,-1,-1
166,418,776.51,612.31,41.24,136.87,0.9717,-1,-1,-1
166,423,1403.34,523.04,50.15,111.54,0.9709,-1,-1,-1
166,414,1294.74,747.37,101.95,117.62,0.9708,-1,-1,-1
166,421,1120.18,313.42,40.92,99.47,0.9675,-1,-1,-1
166,436,371.96,144.29,36.58,83.41,0.9315,-1,-1,-1
167,441,1691.09,567.44,84.66,116.55,0.9792,-1,-1,-1
167,429,73.53,429.97,76.82,115.9,0.978,-1,-1,-1
167,419,950.64,730.86,82.38,112.66,0.9757,-1,-1,-1
167,417,363.24,565.59,83.7,107.88,0.9736,-1,-1,-1
167,423,1391.88,522.33,67.44,113.06,0.972,-1,-1,-1
167,418,763.79,610.8,43.63,132.92,0.9711,-1,-1,-1
167,414,1288.54,744.13,104.09,126.51,0.9692,-1,-1,-1
167,422,624.61,771.26,47.04,144.77,0.9674,-1,-1,-1
167,426,422.14,682.89,68.14,102.4,0.9645,-1,-1,-1
167,424,207.21,416.21,67.08,107.61,0.9603,-1,-1,-1
167,421,1114.33,313.85,36.36,99.35,0.9556,-1,-1,-1
167,436,358.39,145.51,36.08,83.52,0.9318,-1,-1,-1
168,414,1295.5,746.48,89.42,127.21,0.9778,-1,-1,-1
168,422,613.44,772.64,56.55,144.04,0.9749,-1,-1,-1
168,417,356.07,566.09,82.87,103.32,0.9744,-1,-1,-1
168,421,1101.47,312.85,39.82,101.2,0.9734,-1,-1,-1
168,441,1678.15,567.42,83.37,114.45,0.973,-1,-1,-1
168,418,753.37,610.94,42.32,128.57,0.9727,-1,-1,-1
168,426,407.25,682.15,71.02,105.31,0.9724,-1,-1,-1
168,424,202.4,415.36,57.93,109.38,0.9715,-1,-1,-1
168,429,69.26,432.03,72.01,114.72,0.9692,-1,-1,-1
168,419,964.52,731.88,66.61,111.88,0.9684,-1,-1,-1
168,423,1388.72,521.76,76.4,113.04,0.9669,-1,-1,-1
168,436,344.77,146.01,37.88,83.13,0.9417,-1,-1,-1
169,423,1388.76,522.07,87.91,113.35,0.9787,-1,-1,-1
169,441,1669.35,566.45,76.92,115.48,0.9774,-1,-1,-1
169,424,199.87,415.68,43.86,109.03,0.9756,-1,-1,-1
169,421,1088.73,311.41,45.28,101.75,0.9753,-1,-1,-1
169,417,349.1,566.26,75.46,103.08,0.9743,-1,-1,-1
169,422,600.12,773.87,66.16,144.82,0.9735,-1,-1,-1
169,418,741.83,610.92,44.01,125.6,0.9722,-1,-1,-1
169,419,957.98,734.1,78.74,108.99,0.97,-1,-1,-1
169,414,1313.53,750.63,61.22,123.44,0.9663,-1,-1,-1
169,426,393.6,680.12,75.62,106.4,0.9634,-1,-1,-1
169,429,68.22,433.93,58.86,115.48,0.9399,-1,-1,-1
169,436,332.2,146.4,36.9,84.01,0.9279,-1,-1,-1
170,421,1077.75,309.68,47.39,104.94,0.9756,-1,-1,-1
170,419,946.54,730.97,88.11,110.21,0.9755,-1,-1,-1
170,426,379.43,676.02,81.93,108.61,0.9754,-1,-1,-1
170,423,1390.76,524.28,89.47,117.06,0.9742,-1,-1,-1
170,422,586.19,775.45,76.25,144.81,0.974,-1,-1,-1
170,441,1663.57,564.48,66.56,117.67,0.9726,-1,-1,-1
170,424,190.72,414.04,43.03,113.36,0.9726,-1,-1,-1
170,429,70.41,436.91,44.26,112.83,0.972,-1,-1,-1
170,417,346.04,565.97,63.78,102.39,0.9708,-1,-1,-1
170,414,1318.18,751.95,61.98,121.83,0.9704,-1,-1,-1
170,418,731.86,610.02,45.34,127.18,0.9685,-1,-1,-1
170,436,320.27,147.08,32.57,83.65,0.9312,-1,-1,-1
171,421,1077.83,309.66,47.29,104.96,0.9756,-1,-1,-1
171,426,379.43,676.03,81.91,108.6,0.9752,-1,-1,-1
171,419,946.58,731.13,88.43,110.02,0.9744,-1,-1,-1
171,423,1390.68,524.26,89.44,117.08,0.9742,-1,-1,-1
171,422,586.2,775.42,76.17,144.84,0.9741,-1,-1,-1
171,424,190.64,414.02,43.18,113.38,0.9727,-1,-1,-1
171,441,1663.54,564.47,66.58,117.69,0.9726,-1,-1,-1
171,429,70.29,436.87,44.34,112.88,0.9724,-1,-1,-1
171,417,346.13,565.98,63.91,102.48,0.9713,-1,-1,-1
171,414,1317.94,751.98,62.49,121.94,0.9704,-1,-1,-1
171,418,731.83,610.0,45.37,127.17,0.9685,-1,-1,-1
171,436,320.34,147.1,32.56,83.54,0.9318,-1,-1,-1
172,422,575.86,776.31,80.04,144.45,0.9775,-1,-1,-1
172,424,177.23,413.93,47.8,114.39,0.9749,-1,-1,-1
172,414,1304.5,751.83,83.06,125.68,0.9748,-1,-1,-1
172,421,1068.12,309.12,49.62,106.04,0.9738,-1,-1,-1
172,419,941.84,730.71,97.75,110.0,0.9734,-1,-1,-1
172,441,1663.26,562.63,53.38,117.95,0.9726,-1,-1,-1
172,417,345.46,567.87,57.57,101.33,0.9725,-1,-1,-1
172,423,1402.12,525.94,69.21,115.98,0.9709,-1,-1,-1
172,418,724.1,608.26,48.2,128.02,0.9704,-1,-1,-1
172,426,368.43,675.78,81.92,110.09,0.9642,-1,-1,-1
172,429,74.82,438.82,37.98,110.59,0.9628,-1,-1,-1
172,436,309.93,148.31,30.02,82.21,0.9207,-1,-1,-1
173,419,941.62,730.36,97.31,107.81,0.9813,-1,-1,-1
173,414,1295.58,752.05,95.57,130.39,0.9813,-1,-1,-1
173,426,361.83,674.57,75.46,112.76,0.9774,-1,-1,-1
173,421,1060.3,308.8,48.34,103.81,0.9756,-1,-1,-1
173,441,1661.6,560.85,42.55,118.46,0.9746,-1,-1,-1
173,422,565.05,778.81,83.6,142.36,0.9742,-1,-1,-1
173,418,714.99,605.8,48.28,129.21,0.9734,-1,-1,-1
173,417,340.45,564.73,60.28,104.83,0.9705,-1,-1,-1
173,429,59.32,438.16,52.2,111.94,0.9698,-1,-1,-1
173,423,1416.0,528.6,46.85,112.48,0.9656,-1,-1,-1
173,424,163.45,412.96,55.41,116.58,0.9606,-1,-1,-1
173,436,298.61,149.42,27.14,81.28,0.8674,-1,-1,-1
174,419,947.77,728.71,91.07,109.68,0.9821,-1,-1,-1
174,414,1296.27,753.82,97.05,133.12,0.9807,-1,-1,-1
174,418,704.74,600.84,48.73,133.98,0.9769,-1,-1,-1
174,429,47.75,437.54,61.62,114.48,0.9753,-1,-1,-1
174,421,1054.7,309.8,43.82,103.49,0.9739,-1,-1,-1
174,426,356.3,676.22,69.22,114.15,0.9736,-1,-1,-1
174,441,1651.94,560.24,41.11,117.81,0.9723,-1,-1,-1
174,424,151.0,412.94,62.44,116.28,0.9709,-1,-1,-1
174,423,1425.81,529.1,49.05,110.51,0.9694,-1,-1,-1
174,417,327.45,563.14,67.82,108.09,0.9689,-1,-1,-1
174,422,557.12,780.25,85.11,141.47,0.9676,-1,-1,-1
174,436,286.5,149.19,26.27,82.87,0.8602,-1,-1,-1
175,414,1297.53,755.78,93.09,136.12,0.9795,-1,-1,-1
175,422,553.27,782.1,80.4,142.47,0.9792,-1,-1,-1
175,441,1642.01,558.37,42.4,117.18,0.9773,-1,-1,-1
175,423,1419.37,529.8,60.12,111.99,0.977,-1,-1,-1
175,417,316.76,557.95,72.87,113.18,0.9765,-1,-1,-1
175,421,1050.4,310.2,41.99,102.68,0.9747,-1,-1,-1
175,424,138.64,414.97,68.26,115.44,0.9735,-1,-1,-1
175,418,694.0,598.55,48.72,136.63,0.9719,-1,-1,-1
175,419,962.33,727.25,77.08,110.63,0.9697,-1,-1,-1
175,426,353.56,677.87,65.28,111.74,0.9681,-1,-1,-1
175,429,38.73,436.69,66.78,116.09,0.9568,-1,-1,-1
175,436,274.08,149.2,26.72,83.26,0.9148,-1,-1,-1
176,423,1415.66,530.73,70.27,112.0,0.9777,-1,-1,-1
176,441,1626.56,560.15,49.3,115.03,0.9752,-1,-1,-1
176,417,308.17,555.19,72.47,110.16,0.974,-1,-1,-1
176,418,683.28,596.88,50.56,132.96,0.9728,-1,-1,-1
176,424,129.21,417.19,65.67,114.38,0.9726,-1,-1,-1
176,421,1047.12,310.48,39.8,101.56,0.9706,-1,-1,-1
176,422,550.66,785.6,72.15,135.23,0.9702,-1,-1,-1
176,419,980.1,726.63,61.05,111.71,0.9691,-1,-1,-1
176,414,1313.78,757.17,78.09,134.49,0.9668,-1,-1,-1
176,426,356.27,680.7,61.37,109.54,0.9649,-1,-1,-1
176,429,32.3,439.13,76.3,111.27,0.9633,-1,-1,-1
176,436,262.11,149.48,27.81,83.37,0.8878,-1,-1,-1
177,423,1415.65,530.7,70.39,112.12,0.9776,-1,-1,-1
177,441,1626.47,560.21,49.31,115.03,0.9751,-1,-1,-1
177,417,308.05,555.15,72.59,110.29,0.9739,-1,-1,-1
177,418,683.33,596.87,50.49,132.91,0.9727,-1,-1,-1
177,424,129.22,417.19,65.61,114.35,0.9726,-1,-1,-1
177,421,1047.07,310.48,39.81,101.56,0.9706,-1,-1,-1
177,422,550.61,785.56,72.11,135.2,0.9701,-1,-1,-1
177,419,980.15,726.65,61.03,111.68,0.9693,-1,-1,-1
177,414,1312.77,756.14,78.43,136.43,0.9661,-1,-1,-1
177,426,356.27,680.68,61.5,109.59,0.9651,-1,-1,-1
177,429,32.32,439.09,76.27,111.3,0.9633,-1,-1,-1
177,436,262.08,149.43,27.87,83.45,0.8875,-1,-1,-1
178,423,1417.07,531.55,83.35,112.17,0.9795,-1,-1,-1
178,424,121.49,420.72,60.21,110.67,0.976,-1,-1,-1
178,417,299.47,554.39,76.06,106.44,0.9749,-1,-1,-1
178,422,551.84,786.38,57.53,134.34,0.9744,-1,-1,-1
178,429,30.19,437.07,73.02,115.49,0.9742,-1,-1,-1
178,426,345.88,683.7,75.03,109.78,0.9733,-1,-1,-1
178,441,1611.58,559.18,58.59,128.51,0.9731,-1,-1,-1
178,421,1037.33,309.39,41.71,102.19,0.966,-1,-1,-1
178,414,1333.22,758.48,68.08,133.32,0.9654,-1,-1,-1
178,419,970.66,727.0,74.9,110.36,0.9601,-1,-1,-1
178,418,673.0,596.88,49.49,127.29,0.9569,-1,-1,-1
178,436,249.41,149.0,33.08,85.22,0.9359,-1,-1,-1
179,417,294.85,553.42,73.65,103.7,0.9778,-1,-1,-1
179,414,1328.78,758.17,79.97,135.17,0.9761,-1,-1,-1
179,422,553.23,787.23,52.25,133.91,0.9761,-1,-1,-1
179,421,1026.74,307.24,44.69,104.5,0.9749,-1,-1,-1
179,423,1419.03,533.7,87.46,113.53,0.9721,-1,-1,-1
179,418,663.81,598.64,45.6,122.74,0.972,-1,-1,-1
179,424,117.48,419.69,51.4,112.07,0.9706,-1,-1,-1
179,429,29.64,438.4,61.97,115.05,0.9705,-1,-1,-1
179,441,1599.23,556.87,63.96,129.35,0.9667,-1,-1,-1
179,426,334.63,685.35,70.87,108.03,0.9636,-1,-1,-1
179,436,236.53,149.49,38.34,85.13,0.9559,-1,-1,-1
179,419,964.49,723.3,86.64,115.03,0.9208,-1,-1,-1
180,419,963.23,721.9,91.02,110.62,0.9784,-1,-1,-1
180,421,1017.11,306.41,46.59,104.63,0.9753,-1,-1,-1
180,441,1588.3,554.83,70.45,121.89,0.9749,-1,-1,-1
180,422,542.24,786.82,60.85,134.89,0.9736,-1,-1,-1
180,426,322.57,686.37,89.55,107.75,0.9732,-1,-1,-1
180,423,1426.84,537.93,74.6,110.13,0.9721,-1,-1,-1
180,424,113.76,418.71,43.67,113.39,0.9708,-1,-1,-1
180,429,34.82,441.19,50.64,111.86,0.9708,-1,-1,-1
180,417,289.0,556.84,67.56,101.15,0.9704,-1,-1,-1
180,414,1321.51,759.17,98.56,133.76,0.9696,-1,-1,-1
180,418,656.11,600.4,40.52,116.09,0.9686,-1,-1,-1
180,436,224.32,149.51,41.4,85.05,0.9619,-1,-1,-1
181,426,314.47,685.16,90.96,110.29,0.9798,-1,-1,-1
181,419,967.61,719.97,89.7,113.37,0.9778,-1,-1,-1
181,422,529.72,785.31,70.44,138.75,0.9755,-1,-1,-1
181,421,1008.59,306.06,49.7,103.93,0.9754,-1,-1,-1
181,423,1437.28,539.78,49.82,106.3,0.9734,-1,-1,-1
181,414,1319.97,756.54,104.46,135.87,0.9727,-1,-1,-1
181,418,646.1,598.89,41.61,118.41,0.9717,-1,-1,-1
181,441,1580.04,555.29,76.23,120.1,0.9709,-1,-1,-1
181,429,40.39,441.75,44.28,111.17,0.9702,-1,-1,-1
181,436,210.75,149.13,43.77,86.52,0.968,-1,-1,-1
181,417,293.22,564.34,54.42,94.55,0.9674,-1,-1,-1
181,424,110.46,419.61,36.52,111.16,0.9617,-1,-1,-1
182,421,998.87,305.72,50.6,104.1,0.977,-1,-1,-1
182,414,1321.86,757.08,104.81,137.95,0.977,-1,-1,-1
182,418,634.59,596.58,44.08,120.14,0.9744,-1,-1,-1
182,441,1568.73,554.47,83.93,125.54,0.9731,-1,-1,-1
182,429,30.83,441.29,50.6,113.51,0.9724,-1,-1,-1
182,422,520.34,785.06,75.49,139.64,0.9718,-1,-1,-1
182,423,1442.71,539.64,42.48,105.79,0.9694,-1,-1,-1
182,436,198.32,149.38,45.38,85.99,0.968,-1,-1,-1
182,426,317.44,686.16,77.99,110.99,0.9663,-1,-1,-1
182,419,981.27,718.27,73.0,116.54,0.9656,-1,-1,-1
182,417,295.89,555.88,51.7,102.39,0.9595,-1,-1,-1
182,424,102.67,417.39,32.23,115.29,0.9422,-1,-1,-1
183,414,1321.57,757.05,105.12,138.0,0.9772,-1,-1,-1
183,421,998.86,305.73,50.62,104.08,0.977,-1,-1,-1
183,418,634.56,596.6,44.1,120.08,0.9744,-1,-1,-1
183,441,1568.72,554.48,83.92,125.59,0.9732,-1,-1,-1
183,429,30.88,441.33,50.48,113.39,0.9724,-1,-1,-1
183,422,520.34,785.06,75.49,139.68,0.9719,-1,-1,-1
183,423,1442.7,539.68,42.5,105.72,0.9695,-1,-1,-1
183,436,198.33,149.38,45.4,85.99,0.9679,-1,-1,-1
183,426,317.43,686.19,77.98,110.97,0.9662,-1,-1,-1
183,419,981.13,718.25,73.13,116.55,0.9658,-1,-1,-1
183,417,295.94,555.94,51.33,102.35,0.9591,-1,-1,-1
183,424,102.65,417.38,32.24,115.35,0.9424,-1,-1,-1
184,414,1331.27,760.05,93.76,144.21,0.9768,-1,-1,-1
184,421,990.93,306.96,47.72,100.53,0.9764,-1,-1,-1
184,423,1442.69,539.05,46.73,108.21,0.9763,-1,-1,-1
184,418,624.07,594.13,47.08,121.43,0.9743,-1,-1,-1
184,441,1557.74,556.98,88.84,122.63,0.9736,-1,-1,-1
184,436,184.88,149.52,46.91,86.62,0.9714,-1,-1,-1
184,429,20.29,439.68,58.76,115.44,0.9685,-1,-1,-1
184,422,514.02,785.83,78.48,136.55,0.9676,-1,-1,-1
184,417,290.85,553.36,56.05,105.38,0.9666,-1,-1,-1
184,419,1003.95,719.8,54.71,114.95,0.9628,-1,-1,-1
184,426,318.55,686.07,78.56,111.92,0.9553,-1,-1,-1
184,424,93.19,417.12,32.31,115.78,0.954,-1,-1,-1
185,418,611.95,592.16,51.15,121.8,0.9761,-1,-1,-1
185,414,1347.95,762.18,75.73,141.41,0.9755,-1,-1,-1
185,441,1551.6,559.33,80.53,121.77,0.9752,-1,-1,-1
185,422,508.6,787.41,80.65,137.94,0.9742,-1,-1,-1
185,423,1434.09,536.3,66.73,111.27,0.9726,-1,-1,-1
185,417,277.54,553.04,67.77,107.21,0.9723,-1,-1,-1
185,421,984.79,308.87,43.13,98.41,0.9707,-1,-1,-1
185,424,80.98,419.48,41.55,113.66,0.9682,-1,-1,-1
185,429,11.34,438.69,69.67,115.39,0.9681,-1,-1,-1
185,436,170.97,150.51,48.75,86.01,0.9678,-1,-1,-1
185,419,999.34,717.56,81.8,117.51,0.9667,-1,-1,-1
185,426,325.38,686.88,69.8,110.78,0.9547,-1,-1,-1
186,419,994.42,716.43,91.01,118.44,0.9788,-1,-1,-1
186,417,268.47,549.19,72.81,109.43,0.9774,-1,-1,-1
186,422,506.7,787.2,75.42,140.64,0.9767,-1,-1,-1
186,441,1543.6,563.4,75.29,117.61,0.9746,-1,-1,-1
186,418,599.94,590.81,55.0,122.52,0.9743,-1,-1,-1
186,429,3.88,435.1,77.95,117.06,0.9734,-1,-1,-1
186,426,319.78,690.78,79.34,108.73,0.973,-1,-1,-1
186,414,1369.41,764.74,55.06,137.65,0.9727,-1,-1,-1
186,421,980.13,308.15,39.63,99.1,0.9712,-1,-1,-1
186,423,1427.92,534.5,78.25,113.24,0.9702,-1,-1,-1
186,424,69.26,418.54,48.96,113.68,0.9695,-1,-1,-1
186,436,157.89,150.22,47.93,86.44,0.9655,-1,-1,-1
187,419,992.98,716.33,97.54,119.08,0.9825,-1,-1,-1
187,441,1535.16,569.16,63.82,113.6,0.9764,-1,-1,-1
187,426,308.11,692.55,93.16,114.03,0.9763,-1,-1,-1
187,414,1356.78,763.33,73.96,140.82,0.9762,-1,-1,-1
187,422,507.28,790.09,84.77,139.2,0.975,-1,-1,-1
187,418,588.6,590.27,58.58,120.23,0.9715,-1,-1,-1
187,417,260.26,547.15,79.88,108.43,0.9703,-1,-1,-1
187,423,1426.76,533.9,77.38,113.27,0.9684,-1,-1,-1
187,436,145.96,150.55,45.35,86.03,0.9664,-1,-1,-1
187,424,56.42,421.23,55.5,110.17,0.9637,-1,-1,-1
187,429,0.83,437.98,77.77,114.14,0.9633,-1,-1,-1
187,421,975.79,306.9,34.14,98.99,0.9551,-1,-1,-1
188,417,252.3,545.44,80.04,105.55,0.9787,-1,-1,-1
188,414,1347.92,763.89,90.36,140.91,0.9772,-1,-1,-1
188,422,512.97,790.65,84.11,139.25,0.9769,-1,-1,-1
188,426,300.51,692.59,88.2,115.57,0.9737,-1,-1,-1
188,418,578.91,590.88,60.78,116.85,0.973,-1,-1,-1
188,424,48.45,421.41,54.04,109.37,0.9711,-1,-1,-1
188,419,993.13,720.4,107.42,114.69,0.9676,-1,-1,-1
188,423,1432.24,534.94,63.38,112.6,0.9655,-1,-1,-1
188,441,1527.52,572.4,64.63,109.1,0.9652,-1,-1,-1
188,421,966.69,306.37,37.75,101.04,0.9639,-1,-1,-1
188,436,134.01,151.86,43.27,84.51,0.9603,-1,-1,-1
188,429,1.9,438.42,66.58,114.17,0.9599,-1,-1,-1
189,417,252.33,545.49,80.12,105.41,0.9788,-1,-1,-1
189,414,1347.98,763.88,90.3,141.03,0.9773,-1,-1,-1
189,422,513.0,790.62,84.18,139.28,0.9769,-1,-1,-1
189,418,578.89,590.87,60.82,116.84,0.9729,-1,-1,-1
189,424,48.51,421.33,53.98,109.38,0.9714,-1,-1,-1
189,426,300.61,692.78,88.57,115.26,0.9714,-1,-1,-1
189,419,993.16,720.47,107.52,114.59,0.9674,-1,-1,-1
189,423,1432.31,534.92,63.33,112.61,0.9655,-1,-1,-1
189,441,1527.38,572.32,64.78,109.21,0.9654,-1,-1,-1
189,421,966.69,306.37,37.73,101.09,0.9638,-1,-1,-1
189,429,1.83,438.44,66.73,114.26,0.9609,-1,-1,-1
189,436,134.01,151.82,43.21,84.57,0.9604,-1,-1,-1
190,426,294.44,694.75,99.45,114.1,0.9786,-1,-1,-1
190,417,248.98,545.58,79.33,101.93,0.9765,-1,-1,-1
190,422,511.65,792.61,84.44,138.64,0.9757,-1,-1,-1
190,421,955.76,304.63,43.72,102.85,0.9736,-1,-1,-1
190,441,1518.21,574.26,66.56,101.05,0.9723,-1,-1,-1
190,418,571.84,592.23,59.66,113.09,0.9693,-1,-1,-1
190,424,38.27,422.6,50.71,109.3,0.9678,-1,-1,-1
190,423,1430.24,535.95,60.99,110.08,0.9653,-1,-1,-1
190,429,2.66,443.91,52.18,107.69,0.9648,-1,-1,-1
190,414,1349.1,764.92,109.9,134.52,0.9541,-1,-1,-1
190,436,124.43,151.27,38.1,84.68,0.9537,-1,-1,-1
190,419,999.5,720.07,106.68,122.97,0.9515,-1,-1,-1
191,426,292.82,701.07,98.56,111.52,0.9808,-1,-1,-1
191,441,1510.08,574.78,67.27,99.76,0.9786,-1,-1,-1
191,421,944.34,303.57,47.14,104.26,0.9767,-1,-1,-1
191,423,1423.12,534.96,75.51,111.15,0.976,-1,-1,-1
191,417,245.81,547.62,71.24,101.44,0.9746,-1,-1,-1
191,418,566.87,595.48,56.29,108.69,0.9746,-1,-1,-1
191,422,497.74,790.43,95.09,140.42,0.9688,-1,-1,-1
191,424,30.85,423.07,47.17,107.28,0.9661,-1,-1,-1
191,414,1350.05,765.59,114.89,136.8,0.9567,-1,-1,-1
191,429,8.66,443.96,38.8,107.72,0.9507,-1,-1,-1
191,419,1022.8,717.81,70.61,125.22,0.9321,-1,-1,-1
191,436,114.5,153.4,34.58,83.26,0.9009,-1,-1,-1
192,414,1362.82,764.6,93.9,141.97,0.9789,-1,-1,-1
192,426,291.4,701.16,96.67,119.52,0.9782,-1,-1,-1
192,441,1498.11,575.22,66.99,101.9,0.9746,-1,-1,-1
192,421,935.24,302.46,50.73,105.25,0.9741,-1,-1,-1
192,418,565.2,596.1,52.57,106.38,0.974,-1,-1,-1
192,423,1414.58,534.36,83.27,111.78,0.9722,-1,-1,-1
192,417,248.54,548.76,62.94,99.78,0.9717,-1,-1,-1
192,419,1036.18,716.87,55.58,125.61,0.9697,-1,-1,-1
192,422,491.93,787.32,95.28,142.86,0.9569,-1,-1,-1
192,429,4.69,427.88,46.08,121.86,0.9148,-1,-1,-1
192,436,106.27,152.8,31.03,83.71,0.8916,-1,-1,-1
193,414,1381.42,763.57,77.35,144.64,0.9771,-1,-1,-1
193,421,926.51,303.07,54.49,102.65,0.9739,-1,-1,-1
193,422,490.01,783.48,89.62,147.45,0.9729,-1,-1,-1
193,441,1490.28,576.3,62.15,99.48,0.9714,-1,-1,-1
193,418,561.44,594.22,50.69,108.45,0.971,-1,-1,-1
193,417,254.49,546.74,55.8,101.38,0.971,-1,-1,-1
193,419,1042.94,716.01,51.24,125.12,0.9677,-1,-1,-1
193,426,298.51,700.08,77.65,122.18,0.9629,-1,-1,-1
193,423,1411.19,535.3,82.56,110.95,0.9628,-1,-1,-1
193,429,2.47,433.2,47.78,117.21,0.9585,-1,-1,-1
193,436,98.3,149.86,29.62,86.2,0.8882,-1,-1,-1
194,423,1400.03,539.77,91.06,105.45,0.9778,-1,-1,-1
194,419,1038.42,715.67,66.75,124.59,0.9766,-1,-1,-1
194,422,487.13,780.13,90.56,142.25,0.975,-1,-1,-1
194,417,257.24,543.67,53.72,103.27,0.9743,-1,-1,-1
194,421,919.7,303.48,53.24,99.2,0.9732,-1,-1,-1
194,418,552.24,591.35,54.4,110.74,0.9709,-1,-1,-1
194,441,1481.61,576.1,60.81,105.77,0.9706,-1,-1,-1
194,429,0.0,428.89,47.77,120.07,0.9687,-1,-1,-1
194,414,1403.7,764.01,64.06,143.61,0.9684,-1,-1,-1
194,426,306.56,698.69,63.06,122.42,0.9616,-1,-1,-1
194,436,87.85,150.12,31.93,85.72,0.9183,-1,-1,-1
195,423,1400.04,539.74,90.93,105.51,0.9773,-1,-1,-1
195,419,1038.09,715.66,67.03,124.65,0.9768,-1,-1,-1
195,422,487.12,780.17,90.57,142.43,0.9749,-1,-1,-1
195,417,257.29,543.58,53.87,103.32,0.9743,-1,-1,-1
195,421,919.72,303.48,53.2,99.22,0.9732,-1,-1,-1
195,418,552.3,591.34,54.17,110.71,0.9712,-1,-1,-1
195,441,1481.57,576.13,60.83,105.72,0.9706,-1,-1,-1
195,429,0.0,428.95,47.76,120.07,0.9686,-1,-1,-1
195,414,1403.74,764.09,63.52,143.5,0.9674,-1,-1,-1
195,426,306.71,698.76,62.9,122.39,0.962,-1,-1,-1
195,436,87.85,150.14,31.78,85.67,0.9172,-1,-1,-1
195,445,1893.76,338.49,26.24,110.02,0.4474,-1,-1,-1
196,414,1400.02,763.15,74.58,144.98,0.9783,-1,-1,-1
196,421,915.28,304.77,49.24,95.21,0.9743,-1,-1,-1
196,419,1035.34,720.29,94.09,120.33,0.9743,-1,-1,-1
196,417,247.35,540.08,62.84,110.31,0.9743,-1,-1,-1
196,426,312.9,696.72,52.63,124.44,0.9738,-1,-1,-1
196,422,488.56,780.37,82.48,136.99,0.9729,-1,-1,-1
196,418,545.56,588.66,57.77,112.99,0.9721,-1,-1,-1
196,429,0.0,435.53,56.05,111.19,0.9669,-1,-1,-1
196,441,1470.48,576.41,62.3,111.32,0.9664,-1,-1,-1
196,423,1401.42,544.32,83.85,100.09,0.9653,-1,-1,-1
196,436,77.38,150.37,33.95,85.67,0.9222,-1,-1,-1
197,414,1399.09,762.95,80.92,143.43,0.9774,-1,-1,-1
197,422,494.76,779.06,69.45,138.75,0.9737,-1,-1,-1
197,418,538.32,585.64,65.29,116.39,0.9737,-1,-1,-1
197,426,318.66,693.11,44.47,127.2,0.9733,-1,-1,-1
197,419,1041.07,724.22,96.96,113.94,0.9718,-1,-1,-1
197,429,0.0,435.3,59.89,110.98,0.9709,-1,-1,-1
197,441,1458.53,576.33,67.88,109.13,0.9709,-1,-1,-1
197,417,242.85,540.45,66.0,105.48,0.9699,-1,-1,-1
197,421,911.82,306.55,48.41,92.01,0.9652,-1,-1,-1
197,423,1403.71,548.64,72.75,72.6,0.9507,-1,-1,-1
197,436,67.44,151.23,35.63,84.94,0.9383,-1,-1,-1
197,446,1.55,419.07,13.77,80.3,0.3949,-1,-1,-1
197,445,1879.98,334.5,39.08,109.51,0.4825,-1,-1,-1
198,422,511.56,780.26,50.4,136.38,0.9753,-1,-1,-1
198,441,1447.75,575.77,77.37,108.77,0.9743,-1,-1,-1
198,418,533.96,584.05,70.54,119.25,0.9739,-1,-1,-1
198,414,1401.4,763.96,96.58,139.36,0.9721,-1,-1,-1
198,421,909.87,302.01,45.02,96.09,0.971,-1,-1,-1
198,426,321.31,691.36,38.38,129.71,0.9705,-1,-1,-1
198,429,0.0,435.67,57.12,110.37,0.9701,-1,-1,-1
198,417,238.91,540.77,69.12,98.2,0.9671,-1,-1,-1
198,445,1868.89,334.54,51.11,109.67,0.9608,-1,-1,-1
198,436,58.14,151.39,35.66,85.21,0.9508,-1,-1,-1
198,419,1038.61,728.65,102.62,111.43,0.9413,-1,-1,-1
198,423,1416.42,554.65,56.79,66.24,0.8988,-1,-1,-1
199,422,512.99,780.55,51.11,136.35,0.9729,-1,-1,-1
199,418,533.13,584.09,64.71,119.04,0.9727,-1,-1,-1
199,445,1857.34,334.21,62.66,109.67,0.9715,-1,-1,-1
199,414,1404.95,765.48,106.98,137.79,0.9687,-1,-1,-1
199,417,235.81,542.24,73.19,93.61,0.9685,-1,-1,-1
199,426,320.04,689.07,38.12,130.26,0.9672,-1,-1,-1
199,421,908.69,300.18,39.53,99.07,0.964,-1,-1,-1
199,441,1440.96,579.29,77.49,104.13,0.9601,-1,-1,-1
199,436,47.73,152.69,38.07,83.72,0.9534,-1,-1,-1
199,419,1040.76,729.88,92.26,109.77,0.9457,-1,-1,-1
199,429,0.0,438.63,47.32,107.87,0.9316,-1,-1,-1
199,423,1423.51,560.08,51.28,66.63,0.9182,-1,-1,-1
200,414,1418.04,769.1,93.45,141.06,0.9799,-1,-1,-1
200,422,502.96,777.23,67.21,141.94,0.9761,-1,-1,-1
200,418,534.95,584.03,55.11,118.46,0.9724,-1,-1,-1
200,445,1848.41,334.52,71.59,108.79,0.9718,-1,-1,-1
200,417,237.28,542.1,70.1,93.33,0.9674,-1,-1,-1
200,426,320.03,688.91,38.45,129.35,0.9639,-1,-1,-1
200,436,37.05,153.47,40.94,82.86,0.9619,-1,-1,-1
200,429,0.62,439.5,37.54,106.8,0.9581,-1,-1,-1
200,441,1428.63,579.5,79.98,106.49,0.9463,-1,-1,-1
200,419,1053.55,734.61,86.33,108.66,0.9416,-1,-1,-1
200,421,906.47,297.95,34.54,101.37,0.8906,-1,-1,-1
200,423,1412.21,562.73,60.43,75.23,0.5859,-1,-1,-1
201,414,1417.92,769.12,93.55,141.04,0.98,-1,-1,-1
201,422,502.97,777.23,67.26,141.95,0.976,-1,-1,-1
201,418,534.92,584.04,55.16,118.52,0.9725,-1,-1,-1
201,445,1848.4,334.55,71.6,108.75,0.9717,-1,-1,-1
201,417,237.35,542.97,69.99,92.44,0.968,-1,-1,-1
201,426,320.06,688.94,38.41,129.3,0.9637,-1,-1,-1
201,436,37.07,153.31,40.96,83.0,0.9622,-1,-1,-1
201,429,0.62,439.46,37.53,106.78,0.958,-1,-1,-1
201,441,1428.73,579.88,79.85,105.76,0.9455,-1,-1,-1
201,419,1053.64,734.62,86.31,108.68,0.9415,-1,-1,-1
201,421,906.44,297.88,34.61,101.48,0.8961,-1,-1,-1
201,448,1888.94,804.41,31.06,137.48,0.8194,-1,-1,-1
201,423,1411.94,562.82,60.58,75.2,0.634,-1,-1,-1
202,445,1843.94,335.02,72.36,107.77,0.9774,-1,-1,-1
202,414,1436.8,769.83,66.01,138.67,0.9761,-1,-1,-1
202,418,539.99,584.03,45.6,117.12,0.9753,-1,-1,-1
202,422,501.84,773.48,75.5,144.48,0.9713,-1,-1,-1
202,426,319.97,690.97,38.93,127.91,0.9673,-1,-1,-1
202,417,241.56,550.11,63.88,86.93,0.9656,-1,-1,-1
202,419,1061.48,734.7,88.58,113.94,0.9651,-1,-1,-1
202,421,899.9,294.44,36.67,104.65,0.9645,-1,-1,-1
202,436,28.35,153.71,40.4,83.01,0.9633,-1,-1,-1
202,429,0.2,438.73,31.36,107.68,0.94,-1,-1,-1
202,448,1882.59,804.15,36.53,136.99,0.9349,-1,-1,-1
202,441,1424.63,584.93,74.78,102.45,0.9293,-1,-1,-1
202,423,1415.53,568.06,81.92,73.99,0.8325,-1,-1,-1
203,426,320.87,692.67,46.0,125.57,0.9779,-1,-1,-1
203,422,500.12,770.88,93.27,142.2,0.977,-1,-1,-1
203,414,1450.92,767.76,53.59,140.5,0.9738,-1,-1,-1
203,445,1845.46,334.8,62.59,107.91,0.9726,-1,-1,-1
203,419,1060.28,736.36,90.52,112.2,0.9693,-1,-1,-1
203,436,21.27,152.68,39.85,84.7,0.9677,-1,-1,-1
203,418,547.15,581.3,37.51,119.84,0.9661,-1,-1,-1
203,421,895.29,294.35,38.52,102.47,0.9641,-1,-1,-1
203,448,1880.53,802.55,39.43,139.78,0.961,-1,-1,-1
203,417,251.69,563.52,50.6,73.33,0.9603,-1,-1,-1
203,441,1422.62,572.58,78.02,117.6,0.9472,-1,-1,-1
203,429,0.36,437.37,31.27,109.07,0.9465,-1,-1,-1
203,449,1796.86,855.63,36.58,82.97,0.719,-1,-1,-1
204,422,502.68,768.22,94.44,138.29,0.9812,-1,-1,-1
204,426,319.69,694.72,62.51,123.64,0.9743,-1,-1,-1
204,445,1850.58,334.09,51.45,107.92,0.9732,-1,-1,-1
204,418,549.0,581.58,38.28,120.95,0.9704,-1,-1,-1
204,414,1459.69,766.88,57.93,141.99,0.9701,-1,-1,-1
204,421,889.79,295.6,43.49,100.01,0.9658,-1,-1,-1
204,419,1062.28,734.83,83.45,113.44,0.9657,-1,-1,-1
204,436,16.15,152.64,39.32,85.12,0.9639,-1,-1,-1
204,423,1435.79,573.59,61.08,87.22,0.9618,-1,-1,-1
204,441,1416.09,584.44,62.26,107.67,0.9597,-1,-1,-1
204,429,0.04,436.81,35.33,109.58,0.952,-1,-1,-1
204,448,1878.63,799.04,40.81,143.79,0.9514,-1,-1,-1
204,417,264.97,550.96,41.25,86.73,0.9164,-1,-1,-1
204,450,1815.65,854.48,39.44,140.44,0.7025,-1,-1,-1
204,449,1791.27,855.6,34.8,77.78,0.6753,-1,-1,-1
205,426,317.73,695.6,76.93,122.25,0.9787,-1,-1,-1
205,414,1469.97,767.84,74.75,141.69,0.9755,-1,-1,-1
205,422,520.57,765.64,71.02,139.56,0.9742,-1,-1,-1
205,418,549.19,578.83,43.44,122.62,0.9736,-1,-1,-1
205,429,1.93,434.23,48.38,110.99,0.9725,-1,-1,-1
205,417,269.5,528.73,47.98,107.92,0.9721,-1,-1,-1
205,421,888.27,296.08,52.02,99.22,0.9703,-1,-1,-1
205,445,1858.24,332.86,40.96,108.7,0.966,-1,-1,-1
205,419,1063.89,731.72,81.45,116.14,0.9645,-1,-1,-1
205,423,1436.99,575.24,57.58,85.37,0.9626,-1,-1,-1
205,436,16.43,152.34,36.54,85.23,0.9547,-1,-1,-1
205,448,1880.69,796.82,38.78,143.39,0.9543,-1,-1,-1
205,441,1409.11,583.6,64.31,110.07,0.9474,-1,-1,-1
205,450,1812.9,851.86,39.97,143.1,0.8737,-1,-1,-1
205,449,1788.12,854.95,37.17,79.83,0.6443,-1,-1,-1
206,426,317.61,696.67,90.95,124.4,0.9766,-1,-1,-1
206,417,272.46,525.59,60.77,109.96,0.9758,-1,-1,-1
206,418,553.07,578.47,52.25,124.75,0.9748,-1,-1,-1
206,429,11.04,433.96,52.58,108.3,0.9738,-1,-1,-1
206,414,1483.92,768.9,88.57,139.4,0.9725,-1,-1,-1
206,421,889.42,298.55,61.89,96.17,0.9711,-1,-1,-1
206,441,1406.73,584.73,58.83,110.3,0.9701,-1,-1,-1
206,422,543.8,764.11,60.91,140.17,0.9699,-1,-1,-1
206,423,1441.05,575.01,54.09,86.23,0.9684,-1,-1,-1
206,419,1066.77,726.79,87.64,120.97,0.9646,-1,-1,-1
206,448,1882.85,795.76,36.78,142.5,0.9467,-1,-1,-1
206,436,19.58,151.73,32.09,85.06,0.9455,-1,-1,-1
206,445,1864.79,330.64,36.89,110.9,0.9412,-1,-1,-1
206,450,1813.1,852.06,40.27,142.59,0.89,-1,-1,-1
206,449,1788.92,854.54,35.41,79.58,0.6702,-1,-1,-1
207,426,317.57,696.66,91.13,124.4,0.9769,-1,-1,-1
207,417,272.48,525.59,60.82,110.0,0.9761,-1,-1,-1
207,418,553.1,578.47,52.19,124.76,0.9748,-1,-1,-1
207,429,11.03,433.97,52.57,108.32,0.9739,-1,-1,-1
207,414,1484.17,768.99,87.65,141.65,0.9725,-1,-1,-1
207,421,889.41,298.56,61.9,96.14,0.9711,-1,-1,-1
207,441,1406.69,584.75,58.85,110.27,0.9699,-1,-1,-1
207,422,543.79,764.08,61.05,140.14,0.9698,-1,-1,-1
207,423,1441.0,574.99,54.2,86.2,0.9685,-1,-1,-1
207,419,1066.67,726.8,87.73,120.99,0.9655,-1,-1,-1
207,448,1882.79,795.79,36.84,142.46,0.9474,-1,-1,-1
207,436,19.61,151.73,32.05,85.05,0.9456,-1,-1,-1
207,445,1864.87,330.64,36.79,110.83,0.9396,-1,-1,-1
207,450,1813.1,852.08,40.3,142.57,0.8921,-1,-1,-1
207,449,1788.95,854.41,35.48,79.72,0.6749,-1,-1,-1
208,426,325.08,697.05,92.51,129.42,0.9812,-1,-1,-1
208,419,1070.91,720.99,88.18,125.99,0.9791,-1,-1,-1
208,418,559.07,578.7,60.81,121.65,0.9735,-1,-1,-1
208,422,568.07,760.69,50.37,141.97,0.9728,-1,-1,-1
208,421,893.54,301.71,68.27,93.65,0.9726,-1,-1,-1
208,429,22.59,435.0,47.54,107.33,0.9705,-1,-1,-1
208,441,1406.03,589.18,64.17,107.07,0.9704,-1,-1,-1
208,417,279.74,524.14,65.21,108.36,0.9689,-1,-1,-1
208,414,1498.62,771.23,92.25,138.73,0.9669,-1,-1,-1
208,423,1441.31,574.38,58.81,86.07,0.9669,-1,-1,-1
208,445,1869.41,327.68,37.64,116.8,0.9563,-1,-1,-1
208,436,23.65,150.17,31.42,86.72,0.9555,-1,-1,-1
208,450,1813.16,853.73,41.56,141.71,0.8957,-1,-1,-1
208,448,1886.25,795.53,33.75,142.82,0.8565,-1,-1,-1
208,449,1789.67,854.37,35.36,78.05,0.7202,-1,-1,-1
209,419,1070.04,717.47,90.11,126.69,0.9808,-1,-1,-1
209,441,1395.89,594.01,76.11,101.68,0.9762,-1,-1,-1
209,414,1511.38,776.4,91.46,137.61,0.9751,-1,-1,-1
209,426,333.66,695.37,84.01,129.63,0.9749,-1,-1,-1
209,418,567.6,581.1,63.02,121.85,0.9732,-1,-1,-1
209,421,898.12,305.89,69.55,88.72,0.9728,-1,-1,-1
209,417,286.31,524.05,78.43,104.62,0.9718,-1,-1,-1
209,422,580.1,759.43,50.95,137.66,0.9713,-1,-1,-1
209,429,30.26,436.15,41.81,105.5,0.9674,-1,-1,-1
209,436,26.69,149.74,29.39,87.31,0.9529,-1,-1,-1
209,423,1441.75,574.17,69.72,86.53,0.9457,-1,-1,-1
209,445,1872.58,327.58,38.8,114.85,0.8932,-1,-1,-1
209,448,1882.37,795.8,36.88,141.9,0.8776,-1,-1,-1
209,450,1813.14,852.77,43.56,142.66,0.8594,-1,-1,-1
209,449,1790.62,853.21,34.51,81.67,0.598,-1,-1,-1
210,441,1387.32,597.67,87.33,96.95,0.9775,-1,-1,-1
210,417,297.06,524.13,82.33,103.64,0.9772,-1,-1,-1
210,419,1075.99,713.06,88.71,124.85,0.9765,-1,-1,-1
210,418,576.75,583.87,64.19,122.57,0.9744,-1,-1,-1
210,414,1529.63,778.44,76.48,134.59,0.9743,-1,-1,-1
210,422,587.99,757.95,57.5,133.74,0.9734,-1,-1,-1
210,421,908.46,308.4,62.98,87.24,0.9726,-1,-1,-1
210,429,38.69,438.09,52.01,103.62,0.9724,-1,-1,-1
210,426,351.25,694.62,67.38,131.21,0.9663,-1,-1,-1
210,436,30.48,149.97,30.0,86.32,0.9592,-1,-1,-1
210,423,1445.13,574.7,76.88,90.42,0.9575,-1,-1,-1
210,448,1878.63,798.94,40.71,139.08,0.9325,-1,-1,-1
210,450,1818.29,856.86,41.64,140.99,0.7843,-1,-1,-1
210,445,1878.16,328.49,41.2,113.23,0.7472,-1,-1,-1
210,449,1792.71,854.24,37.87,83.76,0.6771,-1,-1,-1
211,441,1382.68,598.46,95.41,99.53,0.9799,-1,-1,-1
211,423,1447.89,574.57,80.54,96.69,0.9759,-1,-1,-1
211,419,1082.02,707.67,90.69,122.17,0.9736,-1,-1,-1
211,426,368.46,692.06,54.64,132.2,0.9736,-1,-1,-1
211,414,1546.13,778.08,84.16,136.59,0.9735,-1,-1,-1
211,422,600.73,759.52,62.9,131.05,0.9733,-1,-1,-1
211,429,47.73,437.87,62.72,103.83,0.9725,-1,-1,-1
211,417,312.42,524.69,76.16,105.69,0.9714,-1,-1,-1
211,418,590.68,586.87,57.7,120.87,0.9704,-1,-1,-1
211,421,920.04,308.71,54.04,87.05,0.9687,-1,-1,-1
211,436,36.09,148.95,31.98,87.95,0.9532,-1,-1,-1
211,445,1885.34,327.98,34.15,114.09,0.7547,-1,-1,-1
211,450,1822.35,858.27,42.03,138.48,0.5857,-1,-1,-1
212,423,1451.89,577.41,85.85,99.5,0.9807,-1,-1,-1
212,429,57.96,436.8,66.25,104.58,0.9767,-1,-1,-1
212,414,1562.58,778.98,95.41,134.57,0.9765,-1,-1,-1
212,441,1382.08,599.69,96.43,102.04,0.9758,-1,-1,-1
212,421,933.65,308.8,46.33,86.53,0.9725,-1,-1,-1
212,419,1093.71,703.09,89.34,120.12,0.9718,-1,-1,-1
212,418,606.68,588.95,45.45,117.18,0.9716,-1,-1,-1
212,426,386.81,689.22,46.91,134.95,0.9668,-1,-1,-1
212,422,615.69,760.56,64.35,127.81,0.9607,-1,-1,-1
212,417,334.83,524.59,59.74,104.57,0.9595,-1,-1,-1
212,436,42.14,149.66,38.45,86.56,0.959,-1,-1,-1
212,450,1825.99,853.98,45.16,141.26,0.673,-1,-1,-1
212,449,1803.34,854.08,34.65,84.72,0.4844,-1,-1,-1
213,423,1451.95,577.39,85.76,99.47,0.9806,-1,-1,-1
213,429,57.97,436.81,66.31,104.55,0.9767,-1,-1,-1
213,414,1562.53,778.98,95.44,134.62,0.9765,-1,-1,-1
213,441,1382.08,599.65,96.49,102.04,0.9757,-1,-1,-1
213,421,933.66,308.78,46.31,86.53,0.9725,-1,-1,-1
213,419,1093.81,703.1,89.27,120.11,0.9717,-1,-1,-1
213,418,606.72,588.9,45.45,117.15,0.9714,-1,-1,-1
213,426,386.71,689.23,46.96,134.84,0.9659,-1,-1,-1
213,422,615.82,760.51,64.34,127.86,0.9613,-1,-1,-1
213,417,334.83,524.53,59.81,104.63,0.96,-1,-1,-1
213,436,42.14,149.6,38.48,86.73,0.9594,-1,-1,-1
213,450,1825.92,854.03,45.31,141.26,0.673,-1,-1,-1
213,449,1803.29,854.11,34.78,84.86,0.49,-1,-1,-1
214,423,1456.66,578.64,89.02,98.39,0.9854,-1,-1,-1
214,441,1383.43,600.47,88.2,104.29,0.9833,-1,-1,-1
214,414,1579.24,779.14,97.11,136.1,0.9766,-1,-1,-1
214,429,70.83,437.41,67.07,105.69,0.9752,-1,-1,-1
214,426,400.27,688.2,47.32,131.74,0.9708,-1,-1,-1
214,419,1105.21,697.88,82.86,122.21,0.9703,-1,-1,-1
214,418,616.98,589.93,42.59,114.89,0.9683,-1,-1,-1
214,417,356.29,522.96,48.53,105.43,0.968,-1,-1,-1
214,422,633.0,761.36,70.12,123.67,0.9675,-1,-1,-1
214,421,948.85,308.87,37.01,87.47,0.9656,-1,-1,-1
214,436,51.14,149.56,42.31,86.51,0.9537,-1,-1,-1
214,450,1833.62,855.95,45.4,138.37,0.8569,-1,-1,-1
215,414,1596.16,779.36,93.5,129.71,0.98,-1,-1,-1
215,423,1467.77,582.51,85.39,96.94,0.976,-1,-1,-1
215,429,85.03,436.57,62.51,106.88,0.9749,-1,-1,-1
215,426,412.36,687.36,49.96,128.79,0.9731,-1,-1,-1
215,441,1387.48,603.15,82.08,102.51,0.9725,-1,-1,-1
215,436,60.15,149.6,45.46,86.31,0.9667,-1,-1,-1
215,418,628.64,588.9,41.69,115.93,0.964,-1,-1,-1
215,419,1118.45,696.6,73.89,123.84,0.9621,-1,-1,-1
215,417,384.58,521.3,38.77,106.36,0.9617,-1,-1,-1
215,422,652.75,761.75,74.7,117.28,0.9574,-1,-1,-1
215,421,962.59,308.62,32.67,87.43,0.9506,-1,-1,-1
215,446,0.87,440.44,13.12,94.84,0.7276,-1,-1,-1
215,450,1843.66,857.31,46.04,139.22,0.6319,-1,-1,-1
216,414,1614.05,776.72,83.86,130.45,0.9753,-1,-1,-1
216,429,101.11,436.39,56.64,107.81,0.9744,-1,-1,-1
216,417,400.36,516.99,46.61,111.63,0.9727,-1,-1,-1
216,423,1481.28,582.86,80.67,96.98,0.9719,-1,-1,-1
216,418,639.46,587.07,47.45,118.29,0.9716,-1,-1,-1
216,419,1120.96,692.37,74.31,128.15,0.967,-1,-1,-1
216,436,70.59,150.13,45.91,85.9,0.9656,-1,-1,-1
216,441,1391.98,605.6,71.33,99.79,0.9656,-1,-1,-1
216,422,670.36,763.26,79.6,115.53,0.9619,-1,-1,-1
216,426,425.46,688.22,59.99,129.03,0.96,-1,-1,-1
216,421,973.99,307.35,34.06,88.59,0.9555,-1,-1,-1
216,450,1853.64,853.19,46.58,142.95,0.9462,-1,-1,-1
216,446,0.08,415.78,29.42,112.62,0.9248,-1,-1,-1
217,423,1491.04,581.01,80.56,101.76,0.9764,-1,-1,-1
217,426,440.75,688.97,68.27,128.38,0.9741,-1,-1,-1
217,418,653.29,584.94,45.38,120.13,0.9714,-1,-1,-1
217,429,118.65,434.99,47.71,108.12,0.9713,-1,-1,-1
217,422,687.28,763.81,80.03,113.77,0.9699,-1,-1,-1
217,441,1391.24,605.92,79.22,100.07,0.9694,-1,-1,-1
217,417,412.81,514.9,56.16,112.21,0.9691,-1,-1,-1
217,436,81.22,150.97,46.21,84.89,0.9689,-1,-1,-1
217,419,1126.48,690.11,77.91,131.58,0.9684,-1,-1,-1
217,414,1631.18,773.88,75.19,132.18,0.966,-1,-1,-1
217,446,5.84,414.6,38.32,113.03,0.9591,-1,-1,-1
217,421,985.43,305.05,34.89,92.03,0.9558,-1,-1,-1
217,450,1863.62,859.0,47.23,137.62,0.9125,-1,-1,-1
218,414,1649.18,769.9,73.06,135.84,0.9763,-1,-1,-1
218,441,1391.86,606.03,84.0,102.58,0.9757,-1,-1,-1
218,422,702.13,763.41,76.63,112.07,0.9722,-1,-1,-1
218,429,133.83,433.04,43.54,109.26,0.9709,-1,-1,-1
218,436,92.2,150.11,44.92,86.48,0.9704,-1,-1,-1
218,421,997.84,304.51,38.28,91.45,0.97,-1,-1,-1
218,418,664.61,580.98,43.66,125.45,0.9698,-1,-1,-1
218,446,15.91,414.43,41.82,111.93,0.9684,-1,-1,-1
218,426,456.2,691.65,70.8,126.29,0.9683,-1,-1,-1
218,419,1138.71,689.31,74.56,130.96,0.9676,-1,-1,-1
218,417,425.64,510.76,67.37,110.91,0.9671,-1,-1,-1
218,423,1496.69,581.94,80.44,104.41,0.9665,-1,-1,-1
218,450,1873.99,859.07,45.61,142.58,0.4736,-1,-1,-1
219,414,1649.16,769.83,72.97,135.9,0.9762,-1,-1,-1
219,441,1391.86,605.96,83.93,102.61,0.9757,-1,-1,-1
219,422,702.16,763.42,76.57,112.07,0.9723,-1,-1,-1
219,429,133.82,432.89,43.57,109.4,0.9709,-1,-1,-1
219,436,92.17,150.08,44.97,86.53,0.9705,-1,-1,-1
219,421,997.77,304.53,38.34,91.46,0.9702,-1,-1,-1
219,418,664.56,580.97,43.79,125.51,0.9701,-1,-1,-1
219,446,15.93,414.44,41.92,111.95,0.9686,-1,-1,-1
219,426,456.13,691.63,70.89,126.3,0.9686,-1,-1,-1
219,419,1138.72,689.32,74.56,130.97,0.9677,-1,-1,-1
219,417,425.64,510.72,67.24,110.67,0.9672,-1,-1,-1
219,423,1496.69,581.95,80.43,104.44,0.9656,-1,-1,-1
219,450,1873.76,858.94,45.87,142.8,0.4821,-1,-1,-1
220,441,1391.79,608.9,88.97,108.49,0.9775,-1,-1,-1
220,414,1662.91,764.59,85.27,141.34,0.9772,-1,-1,-1
220,423,1502.35,584.83,81.53,107.27,0.9749,-1,-1,-1
220,419,1153.59,686.11,62.5,127.04,0.9728,-1,-1,-1
220,429,148.34,431.7,44.08,110.22,0.9707,-1,-1,-1
220,422,717.29,763.6,69.62,111.57,0.97,-1,-1,-1
220,436,102.34,149.93,45.12,86.26,0.969,-1,-1,-1
220,426,470.75,697.32,69.63,122.48,0.9686,-1,-1,-1
220,421,1009.33,303.32,42.68,93.34,0.9668,-1,-1,-1
220,418,677.45,579.16,40.72,124.59,0.9651,-1,-1,-1
220,417,443.12,510.85,71.77,105.03,0.9601,-1,-1,-1
220,446,25.97,413.8,45.09,111.7,0.9591,-1,-1,-1
221,441,1390.58,610.56,91.87,113.98,0.979,-1,-1,-1
221,414,1677.37,760.85,87.79,142.4,0.9775,-1,-1,-1
221,421,1019.1,303.36,46.33,95.85,0.974,-1,-1,-1
221,429,162.14,430.36,47.71,111.84,0.9733,-1,-1,-1
221,418,686.73,576.04,40.15,126.69,0.9731,-1,-1,-1
221,446,35.59,413.74,46.14,113.5,0.973,-1,-1,-1
221,417,461.44,510.63,70.09,106.2,0.9726,-1,-1,-1
221,423,1508.47,587.76,81.9,105.87,0.972,-1,-1,-1
221,436,112.82,150.05,43.49,86.71,0.9711,-1,-1,-1
221,419,1161.55,685.27,72.36,121.6,0.97,-1,-1,-1
221,422,731.43,761.31,62.92,114.49,0.9695,-1,-1,-1
221,426,483.65,700.03,65.78,119.71,0.9683,-1,-1,-1
222,419,1169.46,684.44,76.29,120.08,0.9775,-1,-1,-1
222,421,1028.3,303.12,46.6,97.69,0.973,-1,-1,-1
222,446,45.5,412.91,47.76,113.5,0.9722,-1,-1,-1
222,441,1394.47,613.65,77.06,116.5,0.9699,-1,-1,-1
222,414,1690.65,758.36,84.63,142.53,0.9697,-1,-1,-1
222,423,1513.15,589.39,79.86,105.33,0.9693,-1,-1,-1
222,422,743.16,759.79,62.0,115.65,0.9693,-1,-1,-1
222,418,694.89,572.56,40.8,128.71,0.9691,-1,-1,-1
222,429,175.15,429.7,57.23,112.09,0.9686,-1,-1,-1
222,426,494.17,700.38,63.63,117.94,0.9649,-1,-1,-1
222,436,124.0,150.04,41.51,86.07,0.9631,-1,-1,-1
222,417,483.37,515.85,60.04,101.66,0.9431,-1,-1,-1
223,414,1704.3,755.41,79.77,142.09,0.9757,-1,-1,-1
223,423,1517.25,590.95,75.77,104.85,0.9754,-1,-1,-1
223,446,54.62,412.78,48.36,114.17,0.9754,-1,-1,-1
223,421,1036.37,304.55,47.49,98.31,0.9741,-1,-1,-1
223,426,502.15,698.11,62.55,119.71,0.9728,-1,-1,-1
223,419,1177.24,679.59,73.89,123.58,0.9704,-1,-1,-1
223,429,188.6,428.38,59.7,113.64,0.9671,-1,-1,-1
223,422,754.37,755.77,59.87,119.84,0.9668,-1,-1,-1
223,441,1394.19,616.98,65.83,114.33,0.9658,-1,-1,-1
223,418,702.84,570.45,40.17,127.42,0.9655,-1,-1,-1
223,436,134.89,149.88,38.75,85.65,0.9648,-1,-1,-1
223,417,505.51,518.43,46.91,97.85,0.8994,-1,-1,-1
224,423,1519.23,591.0,73.49,105.19,0.9784,-1,-1,-1
224,446,62.93,412.13,49.3,114.06,0.9748,-1,-1,-1
224,419,1184.42,676.01,81.19,125.27,0.9742,-1,-1,-1
224,414,1717.94,756.24,74.43,139.18,0.9728,-1,-1,-1
224,426,507.49,693.8,62.91,123.56,0.9728,-1,-1,-1
224,429,198.94,429.61,62.53,112.17,0.9727,-1,-1,-1
224,418,709.96,567.95,41.96,126.56,0.9727,-1,-1,-1
224,421,1045.9,306.62,46.55,96.28,0.9719,-1,-1,-1
224,441,1391.53,618.74,75.76,112.58,0.9713,-1,-1,-1
224,422,765.08,756.6,62.18,119.41,0.9672,-1,-1,-1
224,436,144.66,149.51,36.6,85.65,0.9554,-1,-1,-1
224,417,530.15,510.59,40.16,104.27,0.9553,-1,-1,-1
225,423,1519.18,591.0,73.54,105.18,0.9782,-1,-1,-1
225,446,62.91,412.12,49.25,114.02,0.9748,-1,-1,-1
225,419,1184.43,675.99,81.23,125.24,0.9742,-1,-1,-1
225,414,1717.91,756.24,74.49,139.01,0.9728,-1,-1,-1
225,418,709.94,567.97,42.0,126.51,0.9727,-1,-1,-1
225,426,507.53,693.73,63.05,123.62,0.9726,-1,-1,-1
225,429,198.9,429.59,62.59,112.18,0.9726,-1,-1,-1
225,421,1045.91,306.6,46.73,96.28,0.972,-1,-1,-1
225,441,1391.49,618.72,75.79,112.61,0.9713,-1,-1,-1
225,422,765.12,756.6,62.16,119.39,0.9674,-1,-1,-1
225,436,144.7,149.5,36.58,85.64,0.9554,-1,-1,-1
225,417,530.2,510.66,40.31,104.18,0.9543,-1,-1,-1
225,453,0.25,557.06,24.67,78.14,0.7125,-1,-1,-1
226,441,1383.4,618.2,90.97,113.69,0.9775,-1,-1,-1
226,423,1517.81,590.57,80.22,105.85,0.9764,-1,-1,-1
226,414,1731.65,757.15,70.01,134.89,0.9763,-1,-1,-1
226,422,775.62,755.96,64.28,121.78,0.972,-1,-1,-1
226,426,515.42,689.87,60.24,124.17,0.9711,-1,-1,-1
226,421,1056.74,308.28,47.12,94.4,0.9709,-1,-1,-1
226,418,715.81,566.87,43.0,124.56,0.9706,-1,-1,-1
226,429,208.04,431.26,64.56,110.84,0.9699,-1,-1,-1
226,419,1199.05,671.86,79.37,125.18,0.9691,-1,-1,-1
226,417,547.91,509.77,41.17,105.55,0.9637,-1,-1,-1
226,446,71.15,412.82,50.31,113.26,0.96,-1,-1,-1
226,436,155.67,148.59,34.05,86.93,0.946,-1,-1,-1
226,453,0.25,533.68,33.75,102.82,0.9248,-1,-1,-1
227,423,1516.22,589.48,87.31,108.01,0.9773,-1,-1,-1
227,429,219.35,431.89,65.22,109.94,0.9753,-1,-1,-1
227,417,558.54,506.23,48.0,108.81,0.9752,-1,-1,-1
227,446,80.14,412.27,49.97,113.09,0.9751,-1,-1,-1
227,419,1219.44,670.95,71.44,115.97,0.9735,-1,-1,-1
227,418,722.07,566.11,46.32,125.56,0.9725,-1,-1,-1
227,414,1743.49,757.18,66.7,136.3,0.9723,-1,-1,-1
227,421,1069.8,308.66,43.34,94.2,0.9702,-1,-1,-1
227,441,1377.33,620.62,99.52,110.8,0.969,-1,-1,-1
227,453,0.0,515.03,42.56,117.74,0.9688,-1,-1,-1
227,422,787.0,756.9,67.16,121.27,0.9674,-1,-1,-1
227,426,519.87,685.61,60.4,125.42,0.9672,-1,-1,-1
227,436,166.27,148.82,33.33,86.51,0.9442,-1,-1,-1
228,423,1520.33,589.92,86.69,111.05,0.9816,-1,-1,-1
228,446,89.72,411.79,49.9,113.02,0.9771,-1,-1,-1
228,418,728.2,567.74,48.42,123.55,0.9769,-1,-1,-1
228,414,1753.62,756.41,65.6,137.24,0.9768,-1,-1,-1
228,453,2.56,514.24,48.74,116.98,0.9767,-1,-1,-1
228,422,798.7,757.75,70.2,122.63,0.9741,-1,-1,-1
228,429,232.28,432.64,60.77,108.2,0.9722,-1,-1,-1
228,417,570.58,502.94,61.54,109.63,0.9719,-1,-1,-1
228,421,1079.44,308.47,40.43,94.27,0.9702,-1,-1,-1
228,426,524.45,680.55,62.69,126.99,0.9686,-1,-1,-1
228,419,1223.38,669.44,76.72,116.49,0.9676,-1,-1,-1
228,441,1370.85,625.54,103.1,106.69,0.9645,-1,-1,-1
228,436,176.97,148.9,32.3,86.64,0.9382,-1,-1,-1
229,418,734.49,569.21,48.88,122.53,0.9788,-1,-1,-1
229,423,1527.3,590.22,81.75,114.71,0.9773,-1,-1,-1
229,417,581.68,503.03,73.05,105.09,0.9771,-1,-1,-1
229,453,14.07,512.23,46.92,118.89,0.9757,-1,-1,-1
229,414,1765.95,754.06,62.75,139.02,0.9754,-1,-1,-1
229,429,245.24,431.98,56.77,107.42,0.9748,-1,-1,-1
229,426,528.98,677.67,65.47,125.68,0.9736,-1,-1,-1
229,446,98.38,411.74,48.9,113.16,0.9717,-1,-1,-1
229,419,1215.97,670.76,92.62,113.99,0.9715,-1,-1,-1
229,422,810.5,758.55,69.24,124.59,0.9702,-1,-1,-1
229,421,1088.37,307.22,38.34,96.85,0.9652,-1,-1,-1
229,436,187.03,149.65,32.01,86.02,0.9393,-1,-1,-1
229,441,1365.97,623.9,96.76,119.21,0.9238,-1,-1,-1
230,414,1778.16,752.26,59.71,139.96,0.9781,-1,-1,-1
230,429,260.19,431.68,49.38,107.25,0.9771,-1,-1,-1
230,422,820.31,757.89,69.73,128.04,0.975,-1,-1,-1
230,426,534.46,673.0,68.69,125.34,0.9747,-1,-1,-1
230,418,741.83,569.61,49.05,121.74,0.9742,-1,-1,-1
230,453,24.85,509.91,47.25,120.74,0.9731,-1,-1,-1
230,446,107.11,411.3,48.33,114.07,0.973,-1,-1,-1
230,417,598.14,503.9,73.09,104.29,0.9726,-1,-1,-1
230,423,1530.93,591.28,81.02,114.54,0.9652,-1,-1,-1
230,419,1225.35,666.11,90.93,118.2,0.9652,-1,-1,-1
230,441,1361.38,626.36,88.38,113.99,0.9625,-1,-1,-1
230,421,1097.32,306.87,36.92,98.41,0.9533,-1,-1,-1
230,436,196.16,149.47,32.58,85.97,0.9484,-1,-1,-1
231,414,1778.18,752.22,59.74,140.06,0.978,-1,-1,-1
231,429,260.15,431.67,49.41,107.25,0.9771,-1,-1,-1
231,422,820.22,757.95,69.84,127.99,0.975,-1,-1,-1
231,426,534.49,673.02,68.55,125.25,0.9747,-1,-1,-1
231,418,741.82,569.59,49.11,121.73,0.9742,-1,-1,-1
231,453,24.98,510.14,47.15,119.83,0.9735,-1,-1,-1
231,446,107.1,411.3,48.33,114.07,0.9731,-1,-1,-1
231,417,598.16,503.89,73.27,104.33,0.9727,-1,-1,-1
231,419,1225.43,666.11,90.8,118.2,0.9657,-1,-1,-1
231,423,1530.91,591.27,81.04,114.58,0.9655,-1,-1,-1
231,441,1361.35,625.87,88.45,114.58,0.9624,-1,-1,-1
231,421,1097.31,306.86,36.94,98.43,0.9539,-1,-1,-1
231,436,196.25,149.5,32.68,85.54,0.9492,-1,-1,-1
232,418,748.53,570.21,49.85,121.18,0.9779,-1,-1,-1
232,429,271.63,430.49,47.12,108.88,0.977,-1,-1,-1
232,446,115.2,410.86,48.42,113.26,0.9766,-1,-1,-1
232,414,1788.24,748.11,59.31,143.72,0.9749,-1,-1,-1
232,453,35.41,507.93,53.03,121.45,0.9736,-1,-1,-1
232,419,1226.74,665.2,96.89,118.55,0.9728,-1,-1,-1
232,426,541.16,671.76,60.9,123.28,0.9724,-1,-1,-1
232,417,619.47,503.57,61.19,105.04,0.9715,-1,-1,-1
232,422,830.71,756.52,66.99,129.57,0.9672,-1,-1,-1
232,421,1106.52,305.87,36.44,101.38,0.9639,-1,-1,-1
232,423,1536.89,592.17,72.37,114.53,0.9635,-1,-1,-1
232,441,1354.0,632.31,76.5,110.84,0.9631,-1,-1,-1
232,436,206.23,149.71,32.37,85.81,0.949,-1,-1,-1
233,429,281.73,429.14,44.34,110.74,0.9778,-1,-1,-1
233,417,642.16,504.65,47.73,103.01,0.977,-1,-1,-1
233,426,545.77,669.74,50.62,124.68,0.9769,-1,-1,-1
233,418,757.05,568.8,49.28,122.25,0.9766,-1,-1,-1
233,419,1229.13,659.95,93.3,122.79,0.976,-1,-1,-1
233,446,123.05,410.54,48.4,113.85,0.9737,-1,-1,-1
233,414,1799.4,746.41,59.32,144.73,0.9726,-1,-1,-1
233,422,838.51,756.37,65.02,129.77,0.9721,-1,-1,-1
233,453,46.6,505.82,52.7,124.01,0.9702,-1,-1,-1
233,423,1537.7,592.45,65.08,114.7,0.9674,-1,-1,-1
233,421,1114.21,306.43,37.42,102.78,0.9594,-1,-1,-1
233,436,215.21,148.92,32.82,87.13,0.9512,-1,-1,-1
233,441,1341.46,639.26,90.21,110.13,0.9362,-1,-1,-1
234,446,130.51,410.3,46.93,114.06,0.9761,-1,-1,-1
234,414,1806.67,744.79,61.16,144.67,0.9751,-1,-1,-1
234,426,546.59,668.21,49.19,125.41,0.975,-1,-1,-1
234,418,766.55,567.87,48.15,122.4,0.9746,-1,-1,-1
234,453,54.27,504.28,54.16,126.11,0.9744,-1,-1,-1
234,423,1539.18,590.72,53.06,115.66,0.9734,-1,-1,-1
234,422,845.5,754.26,66.03,131.88,0.9725,-1,-1,-1
234,419,1232.83,655.13,87.45,115.8,0.9699,-1,-1,-1
234,429,291.05,428.11,42.28,112.79,0.9676,-1,-1,-1
234,417,663.84,505.01,38.66,102.55,0.9647,-1,-1,-1
234,421,1121.53,309.21,37.08,102.1,0.9633,-1,-1,-1
234,436,223.57,151.0,32.14,85.7,0.9482,-1,-1,-1
234,441,1342.52,644.77,94.79,99.78,0.948,-1,-1,-1
235,418,776.11,567.21,48.2,121.18,0.9775,-1,-1,-1
235,446,137.98,409.97,46.8,113.61,0.9772,-1,-1,-1
235,453,63.24,502.81,51.13,126.2,0.9754,-1,-1,-1
235,419,1245.81,653.18,78.43,105.67,0.9732,-1,-1,-1
235,414,1817.34,744.38,59.43,142.01,0.9718,-1,-1,-1
235,422,853.97,752.18,64.38,133.82,0.9704,-1,-1,-1
235,429,301.11,428.43,41.37,112.44,0.9704,-1,-1,-1
235,423,1541.02,587.63,42.0,118.32,0.9691,-1,-1,-1
235,421,1128.56,310.92,39.79,100.66,0.9691,-1,-1,-1
235,426,551.04,665.67,47.81,127.61,0.9655,-1,-1,-1
235,436,231.33,150.24,32.62,86.44,0.9592,-1,-1,-1
235,417,684.57,505.42,33.56,102.3,0.9335,-1,-1,-1
235,441,1324.98,648.59,114.65,98.19,0.8484,-1,-1,-1
236,414,1823.61,741.73,63.53,141.52,0.9808,-1,-1,-1
236,422,862.33,750.99,63.87,133.9,0.9764,-1,-1,-1
236,423,1543.06,586.06,42.85,120.57,0.9753,-1,-1,-1
236,418,789.14,566.34,47.09,119.62,0.975,-1,-1,-1
236,429,310.87,428.28,42.94,111.86,0.9723,-1,-1,-1
236,419,1248.84,647.9,73.86,109.17,0.9713,-1,-1,-1
236,426,552.46,660.16,49.55,132.44,0.9711,-1,-1,-1
236,446,146.82,409.21,45.79,114.58,0.9704,-1,-1,-1
236,417,693.81,501.93,41.77,105.32,0.9697,-1,-1,-1
236,421,1136.6,310.76,42.36,100.83,0.9683,-1,-1,-1
236,453,72.88,501.65,49.66,126.97,0.9633,-1,-1,-1
236,436,241.12,150.21,31.15,86.61,0.9561,-1,-1,-1
236,441,1324.36,649.45,98.86,96.44,0.9083,-1,-1,-1
237,414,1823.73,741.72,63.46,141.55,0.981,-1,-1,-1
237,422,862.32,750.99,63.89,133.95,0.9764,-1,-1,-1
237,423,1543.01,586.02,42.9,120.59,0.9754,-1,-1,-1
237,418,789.11,566.32,47.2,119.62,0.975,-1,-1,-1
237,429,310.84,428.31,42.96,111.88,0.9723,-1,-1,-1
237,426,552.46,660.14,49.57,132.5,0.971,-1,-1,-1
237,419,1248.73,647.79,74.07,109.27,0.9706,-1,-1,-1
237,446,146.76,409.22,45.85,114.57,0.9702,-1,-1,-1
237,417,693.83,502.07,41.73,105.18,0.9697,-1,-1,-1
237,421,1136.62,310.71,42.3,100.92,0.9684,-1,-1,-1
237,453,72.86,501.63,49.73,126.96,0.9634,-1,-1,-1
237,436,241.14,150.16,31.1,86.68,0.9559,-1,-1,-1
237,441,1327.17,650.32,93.93,95.16,0.9077,-1,-1,-1
238,423,1544.49,583.84,45.4,120.86,0.9798,-1,-1,-1
238,414,1831.91,740.21,64.63,144.13,0.9788,-1,-1,-1
238,419,1257.18,643.82,65.28,113.85,0.9786,-1,-1,-1
238,421,1145.81,310.52,44.04,101.55,0.9755,-1,-1,-1
238,446,155.94,409.3,43.64,114.21,0.9754,-1,-1,-1
238,453,82.33,500.48,49.31,124.97,0.9747,-1,-1,-1
238,418,801.79,566.68,46.89,120.33,0.9746,-1,-1,-1
238,429,321.63,427.91,44.05,112.18,0.974,-1,-1,-1
238,422,872.16,750.87,59.93,135.4,0.9714,-1,-1,-1
238,426,557.54,657.26,51.48,132.52,0.9709,-1,-1,-1
238,417,708.32,501.81,45.36,102.8,0.9676,-1,-1,-1
238,436,251.56,150.37,30.74,86.45,0.9482,-1,-1,-1
238,441,1321.68,657.85,92.54,93.58,0.9304,-1,-1,-1
239,418,813.58,567.02,46.71,120.06,0.9772,-1,-1,-1
239,414,1840.92,738.76,65.36,145.33,0.9754,-1,-1,-1
239,429,332.45,428.24,45.48,111.66,0.9752,-1,-1,-1
239,446,165.74,408.91,43.77,114.25,0.9746,-1,-1,-1
239,421,1155.78,310.08,44.86,102.46,0.9725,-1,-1,-1
239,423,1536.39,584.75,55.46,120.37,0.9723,-1,-1,-1
239,426,563.2,654.16,49.95,131.16,0.9705,-1,-1,-1
239,422,881.96,752.86,57.52,137.38,0.9702,-1,-1,-1
239,417,725.13,499.39,45.21,101.16,0.9698,-1,-1,-1
239,453,93.89,499.49,49.17,125.8,0.9628,-1,-1,-1
239,419,1262.13,636.9,61.7,118.74,0.9612,-1,-1,-1
239,436,261.21,152.17,31.05,85.37,0.9439,-1,-1,-1
239,441,1319.18,669.92,80.82,84.36,0.9243,-1,-1,-1
240,414,1848.12,738.78,65.99,144.26,0.9777,-1,-1,-1
240,426,570.08,654.14,49.03,123.16,0.9776,-1,-1,-1
240,446,175.78,409.19,43.53,114.39,0.9756,-1,-1,-1
240,422,889.36,754.12,60.81,139.14,0.9754,-1,-1,-1
240,453,104.24,497.93,50.02,124.62,0.9752,-1,-1,-1
240,429,344.08,428.12,48.8,112.15,0.9745,-1,-1,-1
240,421,1165.45,309.41,45.38,103.9,0.9734,-1,-1,-1
240,418,822.2,568.93,53.68,118.09,0.9728,-1,-1,-1
240,423,1530.71,584.7,63.79,120.71,0.9699,-1,-1,-1
240,419,1257.81,630.95,70.87,124.78,0.9612,-1,-1,-1
240,417,746.33,499.81,33.72,99.14,0.954,-1,-1,-1
240,436,272.02,152.4,31.63,85.48,0.9419,-1,-1,-1
240,441,1319.59,675.27,75.56,80.05,0.9121,-1,-1,-1
241,414,1858.74,738.03,60.37,144.24,0.9763,-1,-1,-1
241,426,579.18,653.52,46.95,118.8,0.976,-1,-1,-1
241,422,897.49,757.21,63.7,138.07,0.9748,-1,-1,-1
241,453,115.38,495.89,50.66,124.93,0.974,-1,-1,-1
241,446,185.33,408.49,44.19,114.12,0.9734,-1,-1,-1
241,423,1529.74,586.22,70.04,120.5,0.9733,-1,-1,-1
241,421,1177.52,308.96,43.71,104.66,0.9694,-1,-1,-1
241,418,831.96,569.27,65.0,119.28,0.9666,-1,-1,-1
241,429,357.14,429.1,54.75,111.46,0.9653,-1,-1,-1
241,419,1257.33,627.61,74.99,121.95,0.9649,-1,-1,-1
241,417,765.28,497.92,33.65,102.03,0.9503,-1,-1,-1
241,436,282.83,154.51,32.78,82.16,0.926,-1,-1,-1
241,441,1321.37,680.26,83.2,76.6,0.9143,-1,-1,-1
242,418,842.64,568.96,71.07,119.0,0.9742,-1,-1,-1
242,446,196.82,408.23,44.92,114.44,0.974,-1,-1,-1
242,429,369.95,430.71,58.18,108.78,0.9734,-1,-1,-1
242,426,585.95,651.75,50.92,119.69,0.9734,-1,-1,-1
242,453,128.33,494.39,50.3,122.96,0.973,-1,-1,-1
242,422,905.11,762.01,68.18,136.1,0.9722,-1,-1,-1
242,421,1189.63,309.58,44.31,105.23,0.9716,-1,-1,-1
242,419,1266.92,625.75,73.07,114.61,0.9694,-1,-1,-1
242,414,1870.85,736.13,49.11,144.86,0.9651,-1,-1,-1
242,423,1533.85,586.83,78.3,120.52,0.9621,-1,-1,-1
242,417,781.48,497.62,40.59,100.29,0.9618,-1,-1,-1
242,436,295.93,153.76,33.16,82.28,0.9373,-1,-1,-1
242,441,1323.0,682.39,97.47,73.55,0.8302,-1,-1,-1
243,418,842.64,568.96,71.09,119.0,0.9742,-1,-1,-1
243,446,196.82,408.23,44.92,114.43,0.974,-1,-1,-1
243,429,369.96,430.7,58.12,108.78,0.9734,-1,-1,-1
243,426,586.01,651.76,50.85,119.68,0.9734,-1,-1,-1
243,453,128.33,494.39,50.29,122.97,0.973,-1,-1,-1
243,422,905.04,762.0,68.26,136.11,0.9722,-1,-1,-1
243,421,1189.61,309.59,44.33,105.24,0.9716,-1,-1,-1
243,419,1267.29,625.76,72.72,114.59,0.9695,-1,-1,-1
243,414,1870.85,736.12,49.1,144.94,0.9651,-1,-1,-1
243,423,1533.83,586.84,78.29,120.54,0.962,-1,-1,-1
243,417,781.54,497.65,40.67,100.37,0.961,-1,-1,-1
243,436,295.93,153.74,33.16,82.31,0.9377,-1,-1,-1
243,441,1322.95,682.37,97.4,73.56,0.8288,-1,-1,-1
244,426,592.06,649.07,54.88,121.05,0.9762,-1,-1,-1
244,446,209.38,408.6,45.2,112.8,0.9755,-1,-1,-1
244,423,1539.21,588.13,87.89,120.66,0.9741,-1,-1,-1
244,418,856.05,568.8,72.25,119.51,0.9737,-1,-1,-1
244,429,385.02,433.35,57.51,106.32,0.973,-1,-1,-1
244,421,1203.69,310.68,44.28,105.92,0.9722,-1,-1,-1
244,422,914.57,763.86,71.48,136.42,0.9699,-1,-1,-1
244,417,796.47,497.87,58.04,101.14,0.9655,-1,-1,-1
244,453,142.87,494.12,49.98,122.38,0.965,-1,-1,-1
244,419,1290.0,624.07,55.89,111.77,0.9647,-1,-1,-1
244,436,309.93,152.68,35.0,84.37,0.9351,-1,-1,-1
244,441,1346.57,689.46,75.44,67.41,0.8167,-1,-1,-1
244,414,1886.53,742.52,33.47,128.07,0.8059,-1,-1,-1
245,423,1551.81,587.28,90.34,121.15,0.9777,-1,-1,-1
245,418,872.56,567.67,70.01,120.05,0.9758,-1,-1,-1
245,429,400.0,435.19,57.02,104.68,0.9756,-1,-1,-1
245,421,1218.23,313.88,45.11,104.97,0.9746,-1,-1,-1
245,446,222.77,408.67,45.35,113.25,0.9742,-1,-1,-1
245,422,924.69,765.51,76.26,140.9,0.9739,-1,-1,-1
245,426,599.41,645.95,58.27,121.57,0.9736,-1,-1,-1
245,419,1301.31,625.48,51.96,101.73,0.9705,-1,-1,-1
245,453,157.12,493.57,52.14,122.06,0.9698,-1,-1,-1
245,417,817.47,499.83,60.34,99.98,0.9675,-1,-1,-1
245,436,325.38,153.77,39.32,83.05,0.9566,-1,-1,-1
245,441,1337.46,690.88,88.51,69.34,0.7566,-1,-1,-1
246,429,417.85,435.36,57.2,104.33,0.9744,-1,-1,-1
246,423,1571.45,588.92,83.49,121.64,0.9737,-1,-1,-1
246,419,1311.6,628.26,53.35,107.08,0.9735,-1,-1,-1
246,446,238.32,408.57,46.97,113.04,0.9731,-1,-1,-1
246,421,1237.09,316.99,44.34,104.44,0.9729,-1,-1,-1
246,426,609.56,641.59,63.25,126.36,0.9727,-1,-1,-1
246,422,940.45,768.15,78.61,139.6,0.9718,-1,-1,-1
246,418,893.99,567.11,65.14,116.02,0.9714,-1,-1,-1
246,417,841.25,501.95,54.18,98.39,0.9636,-1,-1,-1
246,453,174.74,493.42,52.71,122.16,0.9622,-1,-1,-1
246,436,343.8,154.74,42.74,83.38,0.9575,-1,-1,-1
246,441,1351.03,693.4,95.14,71.09,0.878,-1,-1,-1
247,446,257.19,408.69,48.82,110.94,0.9755,-1,-1,-1
247,423,1588.99,588.47,82.64,121.61,0.9735,-1,-1,-1
247,418,922.68,566.12,56.35,112.99,0.9714,-1,-1,-1
247,429,437.57,434.65,59.27,105.17,0.971,-1,-1,-1
247,421,1256.94,319.86,44.11,101.11,0.9708,-1,-1,-1
247,426,623.45,640.96,64.58,113.68,0.9688,-1,-1,-1
247,422,959.58,769.35,78.26,139.55,0.9686,-1,-1,-1
247,453,194.89,492.32,49.89,122.28,0.9674,-1,-1,-1
247,419,1323.41,628.3,56.47,106.68,0.9668,-1,-1,-1
247,417,865.47,502.13,59.35,97.82,0.9651,-1,-1,-1
247,436,364.83,155.1,45.6,83.01,0.9532,-1,-1,-1
247,441,1366.99,696.41,87.98,69.79,0.8094,-1,-1,-1
248,418,954.12,564.44,47.95,113.98,0.973,-1,-1,-1
248,446,283.0,408.54,49.09,110.23,0.9705,-1,-1,-1
248,423,1610.38,588.18,77.28,118.79,0.9697,-1,-1,-1
248,422,984.39,769.31,73.45,141.04,0.9697,-1,-1,-1
248,429,460.98,433.71,62.01,105.52,0.9695,-1,-1,-1
248,453,218.84,491.67,49.95,121.5,0.9681,-1,-1,-1
248,426,639.13,639.17,68.2,112.45,0.9609,-1,-1,-1
248,421,1280.12,323.63,45.25,96.95,0.9599,-1,-1,-1
248,419,1336.93,625.5,63.93,107.96,0.9587,-1,-1,-1
248,417,896.74,502.46,57.0,98.48,0.9565,-1,-1,-1
248,436,390.73,155.38,47.12,82.32,0.9489,-1,-1,-1
248,441,1388.32,698.75,83.81,66.28,0.7819,-1,-1,-1
249,418,954.07,564.47,48.04,113.97,0.973,-1,-1,-1
249,446,283.16,408.45,49.02,110.31,0.9709,-1,-1,-1
249,423,1610.13,588.15,77.49,118.76,0.9697,-1,-1,-1
249,429,460.9,433.69,62.11,105.53,0.9695,-1,-1,-1
249,422,984.07,769.31,73.72,141.04,0.9694,-1,-1,-1
249,453,218.82,491.66,50.06,121.48,0.9681,-1,-1,-1
249,421,1280.03,323.5,45.38,97.05,0.9607,-1,-1,-1
249,426,639.2,639.17,68.16,112.45,0.9603,-1,-1,-1
249,419,1337.08,625.45,63.77,108.12,0.9585,-1,-1,-1
249,417,896.6,502.27,57.04,98.68,0.9575,-1,-1,-1
249,436,390.83,155.37,47.06,82.34,0.9492,-1,-1,-1
249,441,1388.78,698.72,84.82,66.18,0.7989,-1,-1,-1
250,429,488.89,433.9,61.95,102.61,0.9702,-1,-1,-1
250,418,982.99,563.06,46.5,116.54,0.9689,-1,-1,-1
250,422,1006.84,769.26,73.3,142.07,0.9683,-1,-1,-1
250,453,247.13,491.14,50.52,122.2,0.9674,-1,-1,-1
250,423,1639.27,586.46,66.44,119.46,0.9657,-1,-1,-1
250,446,309.32,409.99,50.6,109.4,0.9652,-1,-1,-1
250,426,658.81,638.87,65.85,110.51,0.9639,-1,-1,-1
250,421,1305.74,322.39,49.22,100.1,0.9618,-1,-1,-1
250,417,932.06,502.11,58.08,99.23,0.95,-1,-1,-1
250,419,1349.95,623.01,72.09,93.25,0.9487,-1,-1,-1
250,436,419.69,157.52,46.96,81.85,0.9424,-1,-1,-1
250,441,1405.14,700.6,78.49,65.02,0.3369,-1,-1,-1
251,418,1011.43,561.1,47.37,117.59,0.9706,-1,-1,-1
251,422,1034.4,769.57,69.55,143.24,0.9703,-1,-1,-1
251,429,514.62,434.07,68.54,102.39,0.9693,-1,-1,-1
251,426,682.62,639.39,60.78,111.95,0.9679,-1,-1,-1
251,423,1669.66,583.99,57.53,122.29,0.9678,-1,-1,-1
251,453,277.83,491.77,50.9,121.27,0.9652,-1,-1,-1
251,446,339.93,412.52,53.82,108.84,0.9594,-1,-1,-1
251,421,1337.39,322.46,47.77,100.56,0.9549,-1,-1,-1
251,436,449.25,157.59,47.9,83.2,0.9467,-1,-1,-1
251,419,1374.25,618.27,79.74,114.12,0.9443,-1,-1,-1
251,417,967.18,501.88,55.9,99.48,0.889,-1,-1,-1
252,422,1063.19,768.49,64.23,143.5,0.9732,-1,-1,-1
252,429,547.35,435.15,71.51,102.1,0.97,-1,-1,-1
252,423,1696.34,581.01,52.88,123.11,0.9692,-1,-1,-1
252,453,310.27,491.09,50.71,120.63,0.9643,-1,-1,-1
252,418,1041.21,559.79,55.78,119.96,0.9624,-1,-1,-1
252,426,708.07,638.21,69.26,113.36,0.9624,-1,-1,-1
252,446,373.45,415.05,54.68,105.36,0.956,-1,-1,-1
252,421,1369.43,323.81,48.24,100.86,0.9395,-1,-1,-1
252,458,10.56,262.61,65.82,87.04,0.9312,-1,-1,-1
252,436,483.71,160.35,47.48,80.45,0.9223,-1,-1,-1
252,417,1005.15,502.4,55.65,98.04,0.8872,-1,-1,-1
252,419,1404.16,613.16,93.07,145.95,0.8265,-1,-1,-1
253,429,581.56,436.19,72.61,101.38,0.9754,-1,-1,-1
253,422,1095.12,768.61,59.91,143.15,0.9723,-1,-1,-1
253,423,1733.2,578.06,45.44,126.05,0.9709,-1,-1,-1
253,426,733.97,636.62,75.72,114.8,0.9705,-1,-1,-1
253,453,345.03,491.39,50.61,119.03,0.9677,-1,-1,-1
253,421,1401.05,323.22,51.74,102.9,0.9632,-1,-1,-1
253,418,1073.47,558.68,61.45,121.96,0.9575,-1,-1,-1
253,446,410.63,417.63,50.75,102.88,0.9446,-1,-1,-1
253,419,1444.67,610.89,97.83,155.5,0.8917,-1,-1,-1
254,426,757.81,633.6,86.22,111.78,0.9762,-1,-1,-1
254,422,1127.58,770.25,60.66,142.65,0.9714,-1,-1,-1
254,429,615.32,439.04,74.62,98.28,0.9703,-1,-1,-1
254,423,1764.25,576.3,49.69,127.87,0.9676,-1,-1,-1
254,453,379.8,492.71,52.55,118.27,0.9628,-1,-1,-1
254,421,1435.98,324.58,52.43,102.29,0.9597,-1,-1,-1
254,418,1108.29,558.45,63.03,123.46,0.9561,-1,-1,-1
254,446,449.37,420.11,48.28,99.94,0.9384,-1,-1,-1
254,419,1483.95,612.25,98.43,156.78,0.9307,-1,-1,-1
255,426,757.85,633.66,86.28,112.06,0.9759,-1,-1,-1
255,422,1127.32,770.2,60.89,142.75,0.9713,-1,-1,-1
255,429,615.37,439.06,74.58,98.2,0.9703,-1,-1,-1
255,423,1764.09,576.24,49.82,128.12,0.9679,-1,-1,-1
255,453,379.87,492.65,52.49,118.31,0.9624,-1,-1,-1
255,421,1435.94,324.66,52.45,102.21,0.9595,-1,-1,-1
255,418,1108.39,558.47,62.92,123.61,0.9566,-1,-1,-1
255,461,82.41,265.45,68.28,85.1,0.9445,-1,-1,-1
255,446,449.44,420.04,48.16,99.86,0.9391,-1,-1,-1
255,419,1483.93,612.17,98.5,156.83,0.9328,-1,-1,-1
255,462,555.99,164.83,44.44,76.63,0.7954,-1,-1,-1
255,417,1082.83,502.3,53.38,93.65,0.766,-1,-1,-1
256,426,785.82,632.1,86.55,107.1,0.9777,-1,-1,-1
256,429,652.7,440.35,73.62,97.76,0.9695,-1,-1,-1
256,423,1799.76,576.07,51.59,129.73,0.9681,-1,-1,-1
256,422,1162.31,774.31,57.96,141.34,0.9677,-1,-1,-1
256,453,416.22,491.66,52.51,118.79,0.9649,-1,-1,-1
256,421,1470.63,325.52,55.7,103.52,0.9574,-1,-1,-1
256,446,484.69,421.13,50.81,100.84,0.951,-1,-1,-1
256,418,1142.55,560.5,65.87,122.03,0.944,-1,-1,-1
256,419,1525.47,609.99,88.33,164.49,0.9406,-1,-1,-1
256,417,1123.83,501.14,57.3,93.72,0.9212,-1,-1,-1
256,461,120.4,266.74,68.92,84.06,0.9124,-1,-1,-1
257,426,814.19,629.53,84.97,107.34,0.9722,-1,-1,-1
257,422,1194.32,777.82,63.33,144.32,0.9703,-1,-1,-1
257,453,452.39,491.73,51.14,118.58,0.967,-1,-1,-1
257,423,1832.38,577.6,58.23,126.59,0.9623,-1,-1,-1
257,429,689.61,441.91,73.8,96.47,0.9618,-1,-1,-1
257,446,520.93,422.28,52.48,98.72,0.9605,-1,-1,-1
257,421,1507.09,329.05,58.63,103.25,0.9585,-1,-1,-1
257,461,157.4,269.12,72.34,82.26,0.9386,-1,-1,-1
257,419,1564.29,611.33,83.51,166.6,0.9382,-1,-1,-1
257,418,1174.63,562.44,71.37,120.28,0.9203,-1,-1,-1
257,417,1163.99,503.02,54.42,86.01,0.9138,-1,-1,-1
258,426,841.91,629.63,83.03,107.11,0.9729,-1,-1,-1
258,422,1226.37,783.81,68.87,141.35,0.9696,-1,-1,-1
258,429,725.19,441.08,75.17,98.45,0.9664,-1,-1,-1
258,453,492.21,490.08,46.8,117.5,0.9647,-1,-1,-1
258,421,1543.74,334.65,63.13,101.48,0.9637,-1,-1,-1
258,423,1867.74,580.71,51.26,123.74,0.9614,-1,-1,-1
258,446,557.79,422.42,53.26,100.16,0.9555,-1,-1,-1
258,418,1215.22,564.4,67.74,121.27,0.9414,-1,-1,-1
258,461,189.55,270.91,77.65,79.75,0.9124,-1,-1,-1
258,419,1602.62,612.85,70.56,158.91,0.8694,-1,-1,-1
258,417,1203.72,502.36,55.13,81.62,0.8064,-1,-1,-1
259,426,868.95,631.81,76.29,106.88,0.9746,-1,-1,-1
259,422,1256.84,788.42,76.74,140.11,0.9708,-1,-1,-1
259,453,529.71,487.17,45.67,119.78,0.9671,-1,-1,-1
259,446,592.42,423.34,56.93,99.38,0.9644,-1,-1,-1
259,429,758.92,439.91,78.53,100.85,0.9631,-1,-1,-1
259,418,1254.61,568.54,64.42,118.13,0.9394,-1,-1,-1
259,461,224.03,270.83,75.82,80.92,0.9351,-1,-1,-1
259,419,1636.33,616.62,77.34,160.83,0.9225,-1,-1,-1
259,421,1582.27,336.96,63.32,100.82,0.9189,-1,-1,-1
259,417,1246.55,504.63,49.68,81.79,0.7962,-1,-1,-1
260,429,783.71,440.49,87.86,101.22,0.9726,-1,-1,-1
260,426,896.9,632.27,71.75,108.11,0.9721,-1,-1,-1
260,453,567.22,484.8,46.49,122.32,0.9662,-1,-1,-1
260,422,1286.53,797.93,83.58,134.9,0.9638,-1,-1,-1
260,418,1292.34,569.67,64.95,118.2,0.958,-1,-1,-1
260,446,627.28,423.52,59.39,100.94,0.9567,-1,-1,-1
260,421,1620.01,343.77,65.22,97.51,0.9536,-1,-1,-1
260,461,259.24,271.18,68.11,82.5,0.9004,-1,-1,-1
260,417,1287.5,507.8,49.44,80.62,0.8819,-1,-1,-1
260,419,1674.52,618.97,79.42,161.58,0.8598,-1,-1,-1
261,429,783.74,440.48,87.83,101.25,0.9721,-1,-1,-1
261,426,896.89,632.26,71.85,108.35,0.972,-1,-1,-1
261,453,567.2,484.83,46.53,122.26,0.966,-1,-1,-1
261,422,1286.33,797.87,83.76,134.92,0.9652,-1,-1,-1
261,418,1292.32,569.66,64.98,118.31,0.959,-1,-1,-1
261,446,627.35,423.5,59.32,101.0,0.9569,-1,-1,-1
261,421,1620.05,343.87,65.2,97.34,0.9527,-1,-1,-1
261,461,259.18,270.92,68.14,83.11,0.8998,-1,-1,-1
261,417,1287.69,506.46,48.73,81.95,0.8934,-1,-1,-1
261,419,1674.58,618.94,79.77,161.74,0.8635,-1,-1,-1
261,469,753.94,167.68,36.48,77.57,0.7529,-1,-1,-1
261,470,1729.45,714.45,42.48,68.48,0.4489,-1,-1,-1
262,429,819.72,437.72,82.91,102.96,0.9699,-1,-1,-1
262,453,602.97,484.09,46.16,121.87,0.9651,-1,-1,-1
262,446,661.21,424.15,60.37,99.94,0.9647,-1,-1,-1
262,418,1330.56,572.15,64.07,114.11,0.9634,-1,-1,-1
262,422,1317.71,803.2,91.29,133.58,0.9586,-1,-1,-1
262,426,922.85,632.42,76.4,109.52,0.9552,-1,-1,-1
262,421,1656.13,347.62,68.71,97.91,0.9518,-1,-1,-1
262,461,294.57,274.07,59.28,78.83,0.9189,-1,-1,-1
262,419,1707.97,620.31,96.0,167.64,0.7597,-1,-1,-1
262,417,1323.5,503.13,62.27,92.38,0.6519,-1,-1,-1
263,426,945.83,628.67,84.79,113.34,0.9708,-1,-1,-1
263,422,1352.05,806.91,92.02,132.05,0.9664,-1,-1,-1
263,453,637.07,485.03,50.95,121.93,0.9649,-1,-1,-1
263,429,857.4,436.79,72.26,103.7,0.9629,-1,-1,-1
263,421,1692.17,351.27,68.4,95.56,0.9605,-1,-1,-1
263,418,1366.95,576.71,64.81,111.47,0.9571,-1,-1,-1
263,446,692.55,424.5,63.09,100.91,0.9488,-1,-1,-1
263,461,328.59,274.98,59.01,79.51,0.9386,-1,-1,-1
263,417,1364.01,508.32,58.83,87.13,0.8888,-1,-1,-1
263,419,1734.45,622.19,117.93,172.52,0.8454,-1,-1,-1
264,426,972.46,625.47,86.13,108.39,0.9772,-1,-1,-1
264,453,671.74,486.57,52.25,119.7,0.9662,-1,-1,-1
264,418,1400.98,572.46,67.15,117.51,0.9656,-1,-1,-1
264,421,1726.61,354.5,71.19,95.55,0.9588,-1,-1,-1
264,422,1380.61,809.1,97.13,131.36,0.9582,-1,-1,-1
264,446,721.17,425.62,67.2,100.0,0.954,-1,-1,-1
264,429,885.56,435.8,70.87,104.98,0.9467,-1,-1,-1
264,417,1403.12,509.48,65.04,93.52,0.9239,-1,-1,-1
264,461,361.69,276.67,60.89,83.55,0.9193,-1,-1,-1
264,419,1763.3,618.91,113.05,181.3,0.714,-1,-1,-1
265,426,996.22,625.69,86.94,108.92,0.9796,-1,-1,-1
265,421,1760.27,356.99,72.49,96.87,0.9669,-1,-1,-1
265,418,1433.2,573.17,68.67,119.1,0.9639,-1,-1,-1
265,453,706.1,490.13,53.48,116.94,0.963,-1,-1,-1
265,461,394.47,277.97,61.32,84.73,0.9531,-1,-1,-1
265,422,1411.24,816.05,87.8,129.76,0.949,-1,-1,-1
265,474,244.45,889.12,82.89,156.97,0.9485,-1,-1,-1
265,419,1798.07,623.94,74.67,134.98,0.9472,-1,-1,-1
265,446,750.51,427.51,68.25,98.76,0.9383,-1,-1,-1
265,417,1439.52,510.62,66.34,94.54,0.9348,-1,-1,-1
265,429,919.68,434.6,61.66,108.35,0.911,-1,-1,-1
265,458,33.87,285.89,65.75,68.38,0.8535,-1,-1,-1
266,426,1020.12,628.78,87.89,112.03,0.9737,-1,-1,-1
266,418,1464.06,575.56,71.3,117.89,0.9686,-1,-1,-1
266,478,0.0,833.1,68.27,144.46,0.9668,-1,-1,-1
266,446,775.84,428.94,68.46,97.93,0.9659,-1,-1,-1
266,474,282.22,885.86,78.42,159.84,0.9627,-1,-1,-1
266,429,949.06,434.42,60.59,110.58,0.9625,-1,-1,-1
266,419,1834.66,630.45,67.21,125.76,0.9611,-1,-1,-1
266,421,1794.22,360.72,69.19,97.49,0.9588,-1,-1,-1
266,422,1432.3,816.63,95.75,132.6,0.9561,-1,-1,-1
266,453,738.19,494.01,56.36,117.06,0.9522,-1,-1,-1
266,417,1476.64,514.96,66.2,94.91,0.9357,-1,-1,-1
266,461,423.45,283.52,59.53,81.45,0.9269,-1,-1,-1
267,426,1020.12,628.68,87.91,112.18,0.9733,-1,-1,-1
267,418,1464.03,575.55,71.23,117.75,0.9684,-1,-1,-1
267,478,0.0,832.92,68.25,144.66,0.9671,-1,-1,-1
267,446,775.86,428.99,68.74,97.95,0.9665,-1,-1,-1
267,429,949.07,434.28,60.56,110.76,0.9627,-1,-1,-1
267,474,282.27,885.96,78.29,159.78,0.9627,-1,-1,-1
267,419,1834.66,630.48,66.82,125.4,0.9608,-1,-1,-1
267,421,1794.11,360.73,69.24,97.44,0.9583,-1,-1,-1
267,422,1431.59,816.66,96.54,132.56,0.9563,-1,-1,-1
267,453,738.17,493.95,55.96,117.02,0.9544,-1,-1,-1
267,417,1476.7,514.95,65.99,94.74,0.9375,-1,-1,-1
267,461,423.45,283.57,59.34,81.35,0.9246,-1,-1,-1
267,479,78.33,287.79,64.67,70.9,0.9226,-1,-1,-1
267,480,937.59,181.25,35.96,79.67,0.8984,-1,-1,-1
268,418,1495.18,578.63,72.82,119.3,0.9739,-1,-1,-1
268,478,15.25,831.58,85.18,140.44,0.9717,-1,-1,-1
268,422,1455.51,818.34,89.71,137.24,0.9677,-1,-1,-1
268,446,802.07,430.57,70.15,99.27,0.9666,-1,-1,-1
268,474,316.98,883.2,76.44,160.55,0.9662,-1,-1,-1
268,426,1043.37,628.64,79.94,113.82,0.9648,-1,-1,-1
268,453,769.44,497.59,59.73,114.14,0.9642,-1,-1,-1
268,417,1507.87,515.06,65.02,94.88,0.9618,-1,-1,-1
268,461,448.56,285.97,61.21,82.39,0.9464,-1,-1,-1
268,419,1868.5,636.9,48.9,120.91,0.9463,-1,-1,-1
268,429,979.99,435.38,59.0,109.68,0.9452,-1,-1,-1
268,479,117.01,288.59,63.46,71.65,0.9091,-1,-1,-1
268,421,1824.08,364.84,67.32,96.44,0.7593,-1,-1,-1
269,453,800.4,501.47,59.75,113.99,0.9711,-1,-1,-1
269,446,828.57,432.12,74.64,100.99,0.9703,-1,-1,-1
269,429,1009.33,436.19,58.9,111.64,0.97,-1,-1,-1
269,418,1525.23,582.85,71.34,119.93,0.9671,-1,-1,-1
269,422,1481.39,820.02,77.59,139.06,0.9663,-1,-1,-1
269,426,1066.78,631.15,69.47,113.52,0.9637,-1,-1,-1
269,474,353.02,882.16,68.74,161.71,0.9624,-1,-1,-1
269,478,45.86,829.99,57.32,137.68,0.9602,-1,-1,-1
269,417,1541.36,516.44,62.51,97.71,0.9543,-1,-1,-1
269,479,152.09,292.94,65.55,70.66,0.9358,-1,-1,-1
269,461,481.45,289.46,48.36,80.86,0.9336,-1,-1,-1
269,421,1851.21,366.34,61.96,96.76,0.932,-1,-1,-1
269,419,1899.9,639.95,20.1,115.77,0.7259,-1,-1,-1
270,453,828.06,503.53,62.51,114.63,0.9743,-1,-1,-1
270,446,855.01,433.68,77.22,101.58,0.9717,-1,-1,-1
270,418,1554.38,589.35,67.26,114.81,0.9703,-1,-1,-1
270,429,1034.76,438.4,58.31,110.07,0.9702,-1,-1,-1
270,426,1087.48,632.36,59.1,112.59,0.9686,-1,-1,-1
270,422,1505.12,818.04,81.2,143.89,0.9607,-1,-1,-1
270,417,1574.87,518.18,55.32,92.24,0.9602,-1,-1,-1
270,474,387.09,884.66,64.38,156.56,0.9486,-1,-1,-1
270,479,189.11,295.59,58.91,69.63,0.9268,-1,-1,-1
270,461,511.56,292.36,41.1,80.32,0.9187,-1,-1,-1
270,421,1879.55,369.8,40.45,72.11,0.5781,-1,-1,-1
271,474,418.77,886.03,62.56,153.72,0.9708,-1,-1,-1
271,426,1106.34,632.44,63.34,115.35,0.9698,-1,-1,-1
271,418,1580.96,592.5,64.08,114.3,0.9694,-1,-1,-1
271,446,879.8,434.11,78.61,102.39,0.9673,-1,-1,-1
271,429,1057.38,441.79,56.7,108.65,0.9668,-1,-1,-1
271,422,1531.42,818.26,79.16,148.77,0.9665,-1,-1,-1
271,453,855.77,505.87,63.22,114.38,0.9523,-1,-1,-1
271,417,1606.36,517.12,55.61,94.15,0.9499,-1,-1,-1
271,485,35.44,555.77,68.38,115.97,0.9495,-1,-1,-1
271,461,537.44,293.74,39.41,81.22,0.9379,-1,-1,-1
271,479,225.38,298.01,56.69,70.44,0.9062,-1,-1,-1
272,426,1124.95,631.96,70.05,115.39,0.9776,-1,-1,-1
272,418,1606.26,593.4,59.43,116.59,0.969,-1,-1,-1
272,422,1555.72,819.92,81.07,141.94,0.9661,-1,-1,-1
272,429,1076.63,445.33,56.69,107.9,0.9656,-1,-1,-1
272,417,1635.43,517.21,56.13,96.82,0.9645,-1,-1,-1
272,446,907.04,435.67,76.79,100.54,0.9643,-1,-1,-1
272,474,448.16,887.18,65.39,152.65,0.9594,-1,-1,-1
272,485,65.85,556.63,67.89,114.82,0.957,-1,-1,-1
272,453,881.38,509.76,63.46,112.39,0.9548,-1,-1,-1
272,487,97.85,396.48,72.5,84.45,0.9538,-1,-1,-1
272,479,260.01,300.9,51.81,73.77,0.9204,-1,-1,-1
272,461,562.63,294.58,37.27,82.61,0.9153,-1,-1,-1
273,426,1124.96,631.95,70.04,115.42,0.9776,-1,-1,-1
273,418,1606.26,593.38,59.45,116.67,0.969,-1,-1,-1
273,422,1555.75,819.97,81.02,141.94,0.9661,-1,-1,-1
273,429,1076.66,445.29,56.73,107.93,0.9657,-1,-1,-1
273,417,1635.43,517.09,56.12,96.91,0.9645,-1,-1,-1
273,446,907.02,435.68,76.78,100.53,0.9643,-1,-1,-1
273,474,448.19,887.19,65.3,152.62,0.9592,-1,-1,-1
273,485,65.76,556.67,67.97,114.71,0.9574,-1,-1,-1
273,453,881.36,509.75,63.46,112.42,0.9549,-1,-1,-1
273,487,97.85,396.39,72.46,84.61,0.9538,-1,-1,-1
273,489,128.68,825.97,70.27,143.31,0.9518,-1,-1,-1
273,479,260.0,300.86,51.82,73.91,0.9181,-1,-1,-1
273,461,562.67,294.59,37.22,82.57,0.915,-1,-1,-1
273,490,1094.37,192.75,35.88,79.84,0.8795,-1,-1,-1
274,418,1630.6,593.41,64.2,119.2,0.9724,-1,-1,-1
274,422,1576.45,823.27,84.41,139.0,0.969,-1,-1,-1
274,485,91.78,553.33,66.1,120.29,0.9689,-1,-1,-1
274,489,150.07,822.95,61.51,148.27,0.9677,-1,-1,-1
274,446,934.07,437.58,72.57,98.59,0.9675,-1,-1,-1
274,417,1659.8,516.17,59.15,99.17,0.9664,-1,-1,-1
274,429,1096.07,447.89,55.63,108.25,0.9659,-1,-1,-1
274,474,477.13,888.0,64.49,152.03,0.9646,-1,-1,-1
274,426,1138.08,628.92,77.43,116.53,0.9631,-1,-1,-1
274,487,136.23,394.2,69.14,82.96,0.9561,-1,-1,-1
274,461,584.53,293.95,39.16,84.68,0.9518,-1,-1,-1
274,453,904.26,509.35,62.88,113.38,0.9489,-1,-1,-1
274,479,293.63,304.49,49.17,75.79,0.9263,-1,-1,-1
275,426,1145.99,627.95,87.62,116.43,0.9802,-1,-1,-1
275,422,1598.04,825.1,79.15,140.5,0.9747,-1,-1,-1
275,489,170.53,818.86,62.68,150.33,0.9735,-1,-1,-1
275,418,1652.91,592.8,66.01,121.81,0.9734,-1,-1,-1
275,453,926.66,510.19,57.63,110.25,0.9731,-1,-1,-1
275,417,1679.58,513.77,64.72,99.41,0.9724,-1,-1,-1
275,446,964.12,438.62,61.29,97.75,0.9707,-1,-1,-1
275,429,1113.49,449.26,62.39,109.82,0.9688,-1,-1,-1
275,485,117.72,550.16,61.08,122.59,0.9687,-1,-1,-1
275,474,499.59,886.19,65.94,155.07,0.9672,-1,-1,-1
275,461,601.58,292.7,45.21,87.62,0.9599,-1,-1,-1
275,487,180.15,390.6,60.98,84.57,0.9366,-1,-1,-1
275,479,324.36,307.53,48.68,75.15,0.9325,-1,-1,-1
276,453,946.37,510.74,52.18,109.03,0.9744,-1,-1,-1
276,417,1703.28,512.49,64.42,99.58,0.9733,-1,-1,-1
276,426,1153.49,628.93,91.13,116.57,0.9724,-1,-1,-1
276,489,187.74,817.89,63.23,150.31,0.9724,-1,-1,-1
276,422,1615.6,827.66,70.73,140.36,0.9719,-1,-1,-1
276,474,517.53,884.67,69.58,158.02,0.9709,-1,-1,-1
276,418,1673.33,591.99,68.75,123.52,0.9705,-1,-1,-1
276,446,979.34,439.19,59.61,98.08,0.9687,-1,-1,-1
276,429,1131.3,449.2,68.02,110.98,0.9671,-1,-1,-1
276,461,614.81,291.86,53.34,89.86,0.9655,-1,-1,-1
276,485,140.72,547.11,58.7,124.19,0.9595,-1,-1,-1
276,487,224.06,390.6,50.48,84.75,0.9591,-1,-1,-1
276,493,1.45,525.86,37.45,117.33,0.9547,-1,-1,-1
276,494,0.6,630.35,38.72,137.52,0.9443,-1,-1,-1
276,479,348.75,308.65,53.1,73.32,0.9426,-1,-1,-1
277,489,203.44,815.79,62.44,156.27,0.9775,-1,-1,-1
277,453,963.24,510.4,51.64,110.7,0.9749,-1,-1,-1
277,446,990.86,438.57,56.6,98.86,0.9733,-1,-1,-1
277,417,1732.69,511.86,57.2,100.83,0.973,-1,-1,-1
277,474,536.73,884.42,72.83,158.45,0.9716,-1,-1,-1
277,422,1632.63,830.39,56.42,140.88,0.9716,-1,-1,-1
277,418,1693.02,591.77,68.89,125.9,0.9675,-1,-1,-1
277,494,8.41,625.91,48.6,139.14,0.9653,-1,-1,-1
277,426,1171.54,631.2,74.1,117.74,0.9641,-1,-1,-1
277,461,628.22,291.82,59.22,90.33,0.9633,-1,-1,-1
277,493,7.89,522.69,48.45,117.92,0.9629,-1,-1,-1
277,485,161.51,547.16,57.69,124.87,0.9604,-1,-1,-1
277,487,248.18,389.17,59.82,86.41,0.9602,-1,-1,-1
277,429,1159.83,446.82,57.49,113.0,0.957,-1,-1,-1
277,479,370.78,311.13,57.49,72.5,0.9311,-1,-1,-1
278,489,216.6,816.18,62.24,150.18,0.978,-1,-1,-1
278,418,1711.11,593.39,64.86,126.51,0.9758,-1,-1,-1
278,429,1180.65,446.19,52.87,112.98,0.9754,-1,-1,-1
278,422,1649.74,830.55,49.27,142.66,0.9752,-1,-1,-1
278,453,977.07,508.9,55.79,113.0,0.9737,-1,-1,-1
278,485,178.8,546.53,55.56,123.23,0.9728,-1,-1,-1
278,417,1751.02,511.61,59.4,100.33,0.972,-1,-1,-1
278,446,1006.49,436.25,52.04,102.61,0.9714,-1,-1,-1
278,474,553.64,882.47,71.12,161.14,0.9704,-1,-1,-1
278,494,22.53,622.22,49.6,140.01,0.968,-1,-1,-1
278,426,1180.88,631.93,62.39,117.5,0.9673,-1,-1,-1
278,487,270.96,386.45,69.54,87.56,0.9672,-1,-1,-1
278,479,391.04,310.39,62.8,74.48,0.9646,-1,-1,-1
278,493,20.31,519.89,51.24,119.52,0.9637,-1,-1,-1
278,461,641.45,291.49,62.58,91.02,0.9612,-1,-1,-1
279,489,216.53,816.18,62.25,150.03,0.9781,-1,-1,-1
279,418,1711.15,593.41,64.85,126.49,0.9757,-1,-1,-1
279,422,1649.58,830.52,49.43,142.63,0.9753,-1,-1,-1
279,429,1180.24,446.11,53.34,113.06,0.9746,-1,-1,-1
279,453,977.04,508.9,55.86,113.06,0.9737,-1,-1,-1
279,485,178.88,546.54,55.45,123.11,0.9729,-1,-1,-1
279,417,1750.49,511.61,59.94,100.33,0.9719,-1,-1,-1
279,446,1006.41,436.28,52.14,102.57,0.9714,-1,-1,-1
279,474,553.62,882.37,71.18,161.28,0.9703,-1,-1,-1
279,494,22.5,622.29,49.61,139.92,0.9679,-1,-1,-1
279,426,1180.85,631.92,62.48,117.53,0.9673,-1,-1,-1
279,487,270.92,386.19,69.24,87.87,0.967,-1,-1,-1
279,479,391.05,310.39,62.82,74.5,0.9648,-1,-1,-1
279,493,20.35,519.89,51.19,119.6,0.9633,-1,-1,-1
279,461,641.36,291.49,62.73,91.03,0.9612,-1,-1,-1
279,497,1213.24,197.68,33.36,82.97,0.9376,-1,-1,-1
280,474,568.35,882.95,73.25,160.17,0.9768,-1,-1,-1
280,446,1020.95,433.68,50.8,103.61,0.9744,-1,-1,-1
280,489,228.36,815.52,56.91,152.02,0.9738,-1,-1,-1
280,418,1728.47,596.56,58.69,123.92,0.9735,-1,-1,-1
280,453,987.79,506.18,62.54,115.86,0.9728,-1,-1,-1
280,422,1660.72,828.1,58.49,146.08,0.9728,-1,-1,-1
280,417,1763.74,512.06,61.0,99.24,0.9721,-1,-1,-1
280,494,34.9,621.84,49.82,136.63,0.9714,-1,-1,-1
280,485,195.6,546.91,53.39,121.65,0.9714,-1,-1,-1
280,429,1193.67,445.69,50.49,111.79,0.9713,-1,-1,-1
280,487,295.49,384.73,82.46,88.71,0.9702,-1,-1,-1
280,461,653.67,291.43,65.98,91.08,0.9678,-1,-1,-1
280,426,1187.64,631.0,53.59,116.44,0.9673,-1,-1,-1
280,493,35.8,515.9,48.82,120.07,0.9641,-1,-1,-1
280,479,417.19,312.32,59.33,74.73,0.9478,-1,-1,-1
280,497,1232.12,197.79,33.0,83.36,0.8771,-1,-1,-1
281,418,1745.06,598.9,48.54,123.46,0.9765,-1,-1,-1
281,426,1192.88,627.44,53.68,122.05,0.9753,-1,-1,-1
281,485,212.46,546.6,48.51,116.83,0.974,-1,-1,-1
281,474,582.99,884.11,72.45,159.32,0.9739,-1,-1,-1
281,429,1210.26,445.15,42.58,109.88,0.9728,-1,-1,-1
281,487,323.43,383.0,90.29,88.56,0.9723,-1,-1,-1
281,493,48.99,511.84,48.44,125.55,0.9721,-1,-1,-1
281,446,1036.12,431.97,49.26,103.2,0.9716,-1,-1,-1
281,489,238.94,815.1,53.64,155.7,0.9715,-1,-1,-1
281,494,43.55,621.89,52.95,135.84,0.9692,-1,-1,-1
281,417,1776.14,512.91,63.0,99.88,0.969,-1,-1,-1
281,453,999.18,503.18,66.54,119.9,0.9685,-1,-1,-1
281,461,669.59,291.51,62.47,90.98,0.9678,-1,-1,-1
281,479,445.2,311.91,52.46,77.71,0.9519,-1,-1,-1
281,497,1249.8,197.6,32.73,82.6,0.941,-1,-1,-1
281,422,1671.05,825.31,66.95,152.73,0.9389,-1,-1,-1
282,474,596.67,884.68,72.03,158.56,0.9791,-1,-1,-1
282,446,1051.08,430.26,47.15,105.51,0.9765,-1,-1,-1
282,418,1757.97,599.8,44.69,124.38,0.9751,-1,-1,-1
282,453,1009.71,502.78,67.85,120.46,0.975,-1,-1,-1
282,426,1196.22,623.76,60.8,125.31,0.9746,-1,-1,-1
282,494,54.1,620.59,53.01,136.75,0.9731,-1,-1,-1
282,422,1675.45,823.22,75.39,152.52,0.973,-1,-1,-1
282,489,247.48,816.15,54.45,154.95,0.9727,-1,-1,-1
282,485,227.2,545.04,45.21,116.92,0.9724,-1,-1,-1
282,493,59.57,511.59,47.24,122.84,0.972,-1,-1,-1
282,417,1792.89,512.05,54.4,101.38,0.9706,-1,-1,-1
282,461,683.9,291.73,56.53,91.0,0.9682,-1,-1,-1
282,429,1221.84,446.81,34.76,107.77,0.9624,-1,-1,-1
282,497,1266.11,197.92,32.82,83.05,0.9478,-1,-1,-1
282,487,358.15,383.34,74.75,88.88,0.9439,-1,-1,-1
282,479,469.93,313.63,50.16,76.54,0.8831,-1,-1,-1
283,453,1016.1,502.31,72.9,118.98,0.9796,-1,-1,-1
283,446,1064.15,430.14,44.39,102.11,0.9767,-1,-1,-1
283,426,1198.92,620.87,65.89,120.09,0.9757,-1,-1,-1
283,417,1809.25,510.16,49.37,104.57,0.9746,-1,-1,-1
283,493,68.81,509.77,46.84,121.77,0.9746,-1,-1,-1
283,489,255.99,816.01,52.35,153.7,0.9741,-1,-1,-1
283,418,1766.45,599.57,54.18,124.27,0.9736,-1,-1,-1
283,474,607.77,883.62,72.87,161.45,0.9735,-1,-1,-1
283,422,1678.57,823.1,82.5,147.76,0.9732,-1,-1,-1
283,494,65.8,618.21,50.96,138.04,0.9727,-1,-1,-1
283,461,694.94,290.02,53.45,91.95,0.9665,-1,-1,-1
283,429,1228.12,447.73,37.46,106.05,0.9664,-1,-1,-1
283,487,395.35,383.57,51.71,88.65,0.9636,-1,-1,-1
283,485,242.27,542.27,42.05,118.93,0.9613,-1,-1,-1
283,479,491.3,311.47,50.23,76.89,0.9477,-1,-1,-1
283,497,1280.53,198.55,32.56,82.47,0.9049,-1,-1,-1
284,474,620.59,883.27,71.3,161.31,0.9797,-1,-1,-1
284,453,1028.3,504.07,69.44,117.22,0.9768,-1,-1,-1
284,493,78.43,508.18,45.22,120.14,0.975,-1,-1,-1
284,418,1774.25,597.86,63.24,128.23,0.9747,-1,-1,-1
284,429,1232.67,447.63,46.84,106.16,0.9747,-1,-1,-1
284,494,76.41,614.89,50.67,140.21,0.9737,-1,-1,-1
284,489,264.12,813.23,51.83,157.01,0.9727,-1,-1,-1
284,417,1824.97,505.96,49.19,109.87,0.9724,-1,-1,-1
284,485,255.47,539.32,39.54,120.98,0.9723,-1,-1,-1
284,422,1690.04,825.33,77.44,142.71,0.9718,-1,-1,-1
284,426,1197.49,618.87,74.0,121.62,0.9713,-1,-1,-1
284,446,1077.82,429.61,40.6,99.76,0.9702,-1,-1,-1
284,461,704.4,287.85,49.03,93.51,0.9687,-1,-1,-1
284,487,420.22,381.33,40.04,89.03,0.9656,-1,-1,-1
284,479,504.41,310.82,58.97,78.98,0.9649,-1,-1,-1
284,497,1296.64,197.68,31.06,83.14,0.944,-1,-1,-1
285,474,620.58,883.28,71.24,161.1,0.98,-1,-1,-1
285,453,1028.23,504.18,69.53,117.08,0.9767,-1,-1,-1
285,493,78.35,508.18,45.44,120.09,0.9749,-1,-1,-1
285,418,1774.29,597.88,63.16,128.19,0.9748,-1,-1,-1
285,429,1232.63,447.59,46.86,106.22,0.9747,-1,-1,-1
285,494,76.39,614.73,50.8,140.21,0.9738,-1,-1,-1
285,489,264.13,813.29,51.82,156.91,0.9727,-1,-1,-1
285,417,1824.95,506.0,49.32,109.84,0.9724,-1,-1,-1
285,485,255.67,539.34,39.31,120.89,0.9721,-1,-1,-1
285,422,1690.07,825.33,77.37,142.65,0.9719,-1,-1,-1
285,426,1197.35,618.89,74.1,121.6,0.9713,-1,-1,-1
285,446,1077.84,429.61,40.57,99.77,0.9702,-1,-1,-1
285,461,704.29,287.85,49.16,93.55,0.9687,-1,-1,-1
285,487,420.15,381.37,40.05,89.09,0.9664,-1,-1,-1
285,479,504.27,310.81,59.05,79.0,0.9652,-1,-1,-1
285,497,1296.66,197.74,31.04,83.1,0.9436,-1,-1,-1
286,426,1193.2,619.85,82.87,120.21,0.9793,-1,-1,-1
286,417,1840.53,503.28,46.95,110.75,0.9792,-1,-1,-1
286,453,1038.26,505.38,65.48,116.65,0.9781,-1,-1,-1
286,489,270.36,810.64,51.46,156.57,0.9748,-1,-1,-1
286,474,632.06,882.22,69.02,160.54,0.9744,-1,-1,-1
286,422,1697.86,827.46,71.24,143.73,0.9744,-1,-1,-1
286,418,1782.65,596.16,68.13,130.35,0.9736,-1,-1,-1
286,429,1236.52,446.17,56.49,108.38,0.9721,-1,-1,-1
286,493,88.49,504.22,44.6,122.37,0.9706,-1,-1,-1
286,494,85.99,611.03,50.08,144.89,0.9691,-1,-1,-1
286,461,717.19,285.13,42.72,96.31,0.9669,-1,-1,-1
286,485,267.89,534.87,38.46,124.89,0.9665,-1,-1,-1
286,479,521.23,311.77,61.02,80.05,0.9658,-1,-1,-1
286,446,1091.61,428.25,34.92,100.28,0.9636,-1,-1,-1
286,487,442.91,379.43,40.93,92.1,0.9634,-1,-1,-1
286,497,1310.83,197.21,31.32,84.7,0.9456,-1,-1,-1
287,453,1044.91,506.21,60.71,116.98,0.9761,-1,-1,-1
287,417,1853.16,500.79,46.99,105.84,0.9733,-1,-1,-1
287,422,1703.75,830.61,64.93,142.12,0.9728,-1,-1,-1
287,474,642.04,881.08,67.77,160.05,0.9728,-1,-1,-1
287,489,273.35,807.22,53.77,161.6,0.9725,-1,-1,-1
287,485,278.15,532.79,40.16,127.31,0.9723,-1,-1,-1
287,426,1197.47,619.19,71.63,122.83,0.9704,-1,-1,-1
287,429,1242.8,444.23,60.87,108.98,0.9701,-1,-1,-1
287,479,540.34,311.71,60.85,83.57,0.9685,-1,-1,-1
287,487,461.08,375.16,54.99,93.94,0.9654,-1,-1,-1
287,418,1788.65,597.81,74.01,128.48,0.9651,-1,-1,-1
287,493,94.99,500.05,45.72,123.4,0.9623,-1,-1,-1
287,494,95.64,607.9,47.98,144.86,0.962,-1,-1,-1
287,446,1103.8,427.32,31.83,100.98,0.9606,-1,-1,-1
287,461,730.9,283.41,37.49,97.63,0.9576,-1,-1,-1
287,497,1323.99,196.39,32.1,84.54,0.9496,-1,-1,-1
288,429,1242.83,442.23,68.8,112.99,0.9753,-1,-1,-1
288,426,1204.52,621.27,55.39,120.93,0.9745,-1,-1,-1
288,417,1866.05,499.93,46.5,102.93,0.9743,-1,-1,-1
288,489,275.49,804.72,56.16,165.39,0.9723,-1,-1,-1
288,493,101.08,496.26,45.53,124.28,0.9721,-1,-1,-1
288,453,1050.77,505.09,53.71,118.4,0.9714,-1,-1,-1
288,418,1795.63,597.37,73.33,131.09,0.9713,-1,-1,-1
288,474,655.21,880.84,61.19,163.11,0.9711,-1,-1,-1
288,494,102.41,605.48,49.29,144.32,0.9703,-1,-1,-1
288,485,287.31,529.74,41.71,129.98,0.9688,-1,-1,-1
288,461,737.68,282.68,39.07,98.44,0.9664,-1,-1,-1
288,487,479.96,371.55,57.29,94.75,0.9664,-1,-1,-1
288,479,567.12,312.26,51.81,83.93,0.963,-1,-1,-1
288,422,1713.28,830.26,65.69,143.79,0.9628,-1,-1,-1
288,446,1111.17,423.39,32.75,104.25,0.9586,-1,-1,-1
288,497,1335.57,196.33,33.08,83.76,0.9552,-1,-1,-1
289,418,1807.05,600.46,64.76,129.75,0.9757,-1,-1,-1
289,489,278.84,804.63,57.06,162.79,0.9755,-1,-1,-1
289,485,293.64,529.44,45.85,126.97,0.9745,-1,-1,-1
289,429,1245.7,441.05,71.63,112.33,0.9741,-1,-1,-1
289,493,104.68,493.35,46.52,124.52,0.9728,-1,-1,-1
289,487,497.86,370.69,52.14,93.17,0.9716,-1,-1,-1
289,494,109.26,607.01,50.23,142.45,0.9712,-1,-1,-1
289,474,664.1,881.55,59.93,164.32,0.971,-1,-1,-1
289,417,1877.94,500.33,41.86,101.53,0.9695,-1,-1,-1
289,461,744.9,282.57,39.34,98.21,0.9676,-1,-1,-1
289,426,1204.04,619.52,42.65,124.63,0.9672,-1,-1,-1
289,422,1718.4,827.2,73.15,150.28,0.9639,-1,-1,-1
289,453,1056.87,501.62,48.43,122.97,0.9619,-1,-1,-1
289,446,1116.97,418.98,34.8,109.99,0.9578,-1,-1,-1
289,497,1345.18,195.94,35.44,85.05,0.9577,-1,-1,-1
289,479,594.35,314.2,39.7,81.49,0.95,-1,-1,-1
290,453,1060.73,498.45,47.5,127.83,0.9767,-1,-1,-1
290,489,280.03,806.72,57.85,156.81,0.9766,-1,-1,-1
290,429,1253.36,442.24,64.35,111.73,0.9751,-1,-1,-1
290,485,296.86,528.88,49.58,125.0,0.9751,-1,-1,-1
290,418,1811.99,604.02,58.01,127.05,0.9742,-1,-1,-1
290,494,112.36,605.76,51.49,140.9,0.9736,-1,-1,-1
290,426,1197.99,616.28,43.32,128.54,0.9734,-1,-1,-1
290,422,1722.37,821.19,68.81,159.59,0.9731,-1,-1,-1
290,493,106.22,491.79,46.96,126.43,0.9723,-1,-1,-1
290,479,603.94,313.6,45.24,82.18,0.971,-1,-1,-1
290,487,510.95,367.61,44.05,94.89,0.9696,-1,-1,-1
290,461,748.8,283.7,40.27,96.93,0.9676,-1,-1,-1
290,474,671.05,881.15,57.5,166.46,0.9676,-1,-1,-1
290,446,1120.26,416.96,36.29,112.74,0.9625,-1,-1,-1
290,497,1350.62,196.5,38.5,84.96,0.9625,-1,-1,-1
290,417,1886.53,500.86,33.47,101.17,0.9408,-1,-1,-1
291,453,1060.75,498.46,47.5,127.85,0.9767,-1,-1,-1
291,489,280.05,806.75,57.82,156.77,0.9766,-1,-1,-1
291,429,1253.31,442.25,64.41,111.73,0.9752,-1,-1,-1
291,485,296.88,528.89,49.58,124.96,0.975,-1,-1,-1
291,418,1812.01,603.99,58.04,126.96,0.9742,-1,-1,-1
291,494,112.31,605.71,51.59,140.88,0.9736,-1,-1,-1
291,426,1197.95,616.24,43.34,128.58,0.9735,-1,-1,-1
291,422,1722.26,821.21,68.9,159.62,0.9728,-1,-1,-1
291,493,106.13,491.8,46.98,126.32,0.9722,-1,-1,-1
291,479,603.96,313.62,45.26,82.22,0.9712,-1,-1,-1
291,487,510.92,367.48,44.14,95.04,0.9696,-1,-1,-1
291,461,748.75,283.75,40.35,96.87,0.9676,-1,-1,-1
291,474,671.06,881.16,57.51,166.4,0.9676,-1,-1,-1
291,497,1350.57,196.3,38.75,85.15,0.9633,-1,-1,-1
291,446,1120.25,416.86,36.42,112.9,0.9625,-1,-1,-1
291,417,1886.49,500.84,33.51,101.26,0.9428,-1,-1,-1
292,489,277.56,809.52,57.28,152.69,0.9779,-1,-1,-1
292,453,1062.98,495.65,46.0,130.31,0.9769,-1,-1,-1
292,418,1813.34,604.43,50.58,128.04,0.9769,-1,-1,-1
292,426,1187.69,612.13,53.95,132.34,0.9749,-1,-1,-1
292,494,111.57,606.59,50.14,137.42,0.9746,-1,-1,-1
292,485,296.71,529.0,52.27,123.87,0.9738,-1,-1,-1
292,422,1720.76,817.97,66.93,161.06,0.9737,-1,-1,-1
292,429,1256.95,442.51,54.76,111.17,0.973,-1,-1,-1
292,493,103.31,491.51,48.79,121.09,0.9712,-1,-1,-1
292,446,1121.44,414.98,38.73,110.7,0.9702,-1,-1,-1
292,461,750.76,285.2,39.97,95.41,0.9697,-1,-1,-1
292,487,518.51,362.88,39.78,100.2,0.969,-1,-1,-1
292,497,1356.71,195.83,37.48,86.13,0.968,-1,-1,-1
292,474,673.03,882.91,56.72,167.26,0.9678,-1,-1,-1
292,479,609.33,313.74,61.97,84.13,0.9673,-1,-1,-1
292,417,1890.76,500.33,29.24,104.96,0.9131,-1,-1,-1
293,418,1809.53,601.29,44.66,129.64,0.9789,-1,-1,-1
293,429,1255.88,442.62,45.68,111.32,0.9787,-1,-1,-1
293,422,1714.75,817.03,67.09,152.72,0.976,-1,-1,-1
293,453,1060.14,493.65,47.31,132.4,0.9753,-1,-1,-1
293,446,1119.57,413.03,43.73,106.89,0.9745,-1,-1,-1
293,489,268.84,811.07,60.33,152.69,0.9744,-1,-1,-1
293,494,108.22,605.57,51.18,140.53,0.9741,-1,-1,-1
293,485,292.87,529.85,57.04,123.58,0.9739,-1,-1,-1
293,479,620.74,314.42,58.86,83.64,0.9729,-1,-1,-1
293,426,1175.28,610.32,64.94,123.16,0.9722,-1,-1,-1
293,493,99.57,491.17,49.37,118.06,0.972,-1,-1,-1
293,487,522.93,359.56,40.04,102.75,0.9693,-1,-1,-1
293,474,671.64,884.16,57.38,167.65,0.9693,-1,-1,-1
293,461,750.49,286.37,39.9,94.23,0.9685,-1,-1,-1
293,497,1360.48,196.12,37.6,86.32,0.9659,-1,-1,-1
294,418,1804.24,599.35,47.57,132.09,0.9774,-1,-1,-1
294,422,1711.37,816.83,63.67,144.64,0.9758,-1,-1,-1
294,446,1116.86,412.78,48.66,101.81,0.9749,-1,-1,-1
294,453,1054.5,493.37,48.22,130.94,0.9747,-1,-1,-1
294,494,102.93,602.37,52.59,143.71,0.9736,-1,-1,-1
294,426,1158.97,607.32,72.7,122.85,0.9736,-1,-1,-1
294,485,289.63,530.26,60.01,124.05,0.9726,-1,-1,-1
294,487,524.37,355.11,44.21,104.26,0.9705,-1,-1,-1
294,489,261.74,811.27,58.94,156.76,0.9696,-1,-1,-1
294,461,747.77,286.84,40.54,93.51,0.967,-1,-1,-1
294,493,95.17,491.39,48.9,120.01,0.9647,-1,-1,-1
294,474,669.37,885.65,57.95,169.76,0.9636,-1,-1,-1
294,497,1361.76,196.85,36.82,86.13,0.9614,-1,-1,-1
294,429,1251.7,441.27,35.98,113.34,0.9601,-1,-1,-1
294,479,628.7,315.72,50.27,84.46,0.9575,-1,-1,-1
294,498,1896.49,491.85,23.5,90.81,0.8132,-1,-1,-1
295,453,1046.63,493.99,50.73,126.27,0.9768,-1,-1,-1
295,489,255.07,809.33,58.24,160.52,0.9757,-1,-1,-1
295,418,1799.2,595.95,52.16,139.5,0.9755,-1,-1,-1
295,446,1114.77,412.8,50.57,100.49,0.9748,-1,-1,-1
295,422,1709.75,816.95,57.85,145.1,0.974,-1,-1,-1
295,494,100.37,600.28,49.33,146.54,0.9726,-1,-1,-1
295,487,526.84,351.73,47.79,102.82,0.9713,-1,-1,-1
295,461,744.63,286.34,41.02,94.34,0.9683,-1,-1,-1
295,485,285.58,529.41,58.21,125.4,0.9683,-1,-1,-1
295,426,1143.52,606.42,83.82,124.46,0.9676,-1,-1,-1
295,497,1362.27,197.85,37.44,85.39,0.9636,-1,-1,-1
295,429,1245.36,438.88,36.98,115.58,0.9634,-1,-1,-1
295,493,83.49,488.64,54.41,126.45,0.963,-1,-1,-1
295,479,648.16,316.97,37.16,82.53,0.9628,-1,-1,-1
295,498,1894.21,486.25,25.79,109.68,0.9331,-1,-1,-1
295,474,665.9,888.32,57.99,167.95,0.8631,-1,-1,-1
296,453,1043.84,495.62,49.48,122.27,0.9778,-1,-1,-1
296,418,1789.69,595.57,60.34,139.09,0.9777,-1,-1,-1
296,446,1115.13,412.65,49.54,100.15,0.9745,-1,-1,-1
296,489,248.95,806.68,56.64,163.56,0.9715,-1,-1,-1
296,485,280.32,526.0,56.58,127.83,0.9712,-1,-1,-1
296,422,1703.46,816.77,54.82,148.51,0.9708,-1,-1,-1
296,494,96.51,596.03,47.65,150.87,0.9706,-1,-1,-1
296,461,743.45,284.7,40.58,95.63,0.9701,-1,-1,-1
296,429,1232.24,433.5,46.8,121.12,0.9688,-1,-1,-1
296,474,662.75,888.33,59.12,167.74,0.9671,-1,-1,-1
296,493,77.68,485.58,55.47,125.83,0.967,-1,-1,-1
296,497,1362.67,198.6,38.3,84.48,0.9653,-1,-1,-1
296,479,650.04,317.32,43.66,82.61,0.9647,-1,-1,-1
296,426,1136.19,606.39,70.95,127.42,0.9634,-1,-1,-1
296,498,1890.92,484.91,29.02,107.69,0.9513,-1,-1,-1
296,487,527.18,347.4,52.83,100.52,0.9503,-1,-1,-1
296,499,188.61,109.44,35.26,83.26,0.5278,-1,-1,-1
297,453,1043.68,495.61,49.69,122.21,0.9777,-1,-1,-1
297,418,1789.84,595.52,60.11,139.08,0.9776,-1,-1,-1
297,446,1115.14,412.66,49.51,100.11,0.9745,-1,-1,-1
297,489,248.93,806.65,56.74,163.6,0.9717,-1,-1,-1
297,485,280.31,526.0,56.64,127.83,0.9711,-1,-1,-1
297,422,1703.41,816.77,54.73,148.58,0.9709,-1,-1,-1
297,494,96.49,596.05,47.71,151.03,0.9705,-1,-1,-1
297,461,743.55,284.7,40.47,95.6,0.9702,-1,-1,-1
297,429,1231.01,433.37,48.13,121.24,0.9688,-1,-1,-1
297,493,77.72,485.57,55.4,125.93,0.9672,-1,-1,-1
297,474,662.74,888.31,59.13,167.78,0.9669,-1,-1,-1
297,497,1362.68,198.63,38.29,84.43,0.9652,-1,-1,-1
297,479,650.0,317.35,43.75,82.52,0.9647,-1,-1,-1
297,426,1136.18,606.4,70.88,127.39,0.963,-1,-1,-1
297,498,1890.83,484.89,29.1,107.57,0.9517,-1,-1,-1
297,487,527.21,347.43,52.9,100.58,0.9509,-1,-1,-1
297,499,188.63,109.46,35.24,83.24,0.502,-1,-1,-1
298,453,1040.42,497.25,48.45,122.44,0.9768,-1,-1,-1
298,418,1778.12,595.24,68.62,139.27,0.9768,-1,-1,-1
298,494,90.18,596.26,48.22,151.21,0.9745,-1,-1,-1
298,474,659.19,888.34,59.53,170.2,0.9743,-1,-1,-1
298,446,1112.48,412.37,48.9,100.34,0.9735,-1,-1,-1
298,485,275.9,521.79,57.54,132.31,0.9722,-1,-1,-1
298,461,741.36,282.35,41.4,98.06,0.9712,-1,-1,-1
298,422,1700.78,816.69,45.54,151.73,0.97,-1,-1,-1
298,493,72.45,480.97,54.24,130.28,0.9697,-1,-1,-1
298,497,1362.98,198.21,39.97,84.3,0.9692,-1,-1,-1
298,479,651.61,320.09,55.87,79.81,0.9645,-1,-1,-1
298,489,240.93,805.22,57.13,164.97,0.9639,-1,-1,-1
298,426,1130.75,607.44,43.44,126.91,0.9586,-1,-1,-1
298,487,527.85,345.61,55.94,97.1,0.9538,-1,-1,-1
298,498,1888.02,484.1,31.98,106.11,0.9503,-1,-1,-1
298,429,1221.17,429.8,53.15,123.73,0.8974,-1,-1,-1
299,418,1771.77,595.77,70.54,138.03,0.9788,-1,-1,-1
299,453,1037.71,498.41,47.42,122.86,0.9769,-1,-1,-1
299,429,1215.32,428.44,50.73,121.19,0.9743,-1,-1,-1
299,446,1107.77,411.4,48.67,101.56,0.974,-1,-1,-1
299,494,82.39,595.35,50.39,148.94,0.9738,-1,-1,-1
299,485,272.51,519.82,56.37,135.0,0.9732,-1,-1,-1
299,474,655.35,888.18,59.56,169.88,0.9731,-1,-1,-1
299,479,653.59,324.09,65.38,80.69,0.9717,-1,-1,-1
299,422,1694.52,813.66,44.99,153.79,0.9711,-1,-1,-1
299,497,1362.8,196.71,41.27,86.04,0.9705,-1,-1,-1
299,493,65.64,477.43,54.47,135.4,0.9702,-1,-1,-1
299,461,740.42,281.29,38.84,98.96,0.9696,-1,-1,-1
299,426,1115.24,606.43,46.02,128.93,0.969,-1,-1,-1
299,489,232.89,802.45,57.0,171.75,0.9669,-1,-1,-1
299,487,527.6,343.2,58.98,96.3,0.9647,-1,-1,-1
299,498,1883.89,482.34,36.11,107.48,0.9517,-1,-1,-1
300,479,655.4,327.18,70.18,81.64,0.977,-1,-1,-1
300,446,1097.31,409.88,52.55,101.79,0.9762,-1,-1,-1
300,429,1209.92,427.19,44.91,120.29,0.9752,-1,-1,-1
300,453,1032.72,496.85,46.8,124.84,0.9745,-1,-1,-1
300,494,74.03,596.65,51.6,145.49,0.9741,-1,-1,-1
300,418,1769.53,600.07,62.95,134.92,0.9734,-1,-1,-1
300,485,267.27,518.78,56.34,136.02,0.9733,-1,-1,-1
300,426,1100.87,603.86,50.14,132.73,0.9729,-1,-1,-1
300,422,1684.25,809.79,49.12,159.48,0.9716,-1,-1,-1
300,497,1361.29,195.33,43.37,88.28,0.9705,-1,-1,-1
300,461,737.37,280.12,39.46,99.6,0.97,-1,-1,-1
300,493,58.5,474.82,53.96,138.03,0.97,-1,-1,-1
300,474,650.57,888.38,60.31,170.43,0.9697,-1,-1,-1
300,498,1878.24,479.77,41.76,109.11,0.9686,-1,-1,-1
300,489,225.46,801.39,55.51,172.05,0.9654,-1,-1,-1
300,487,528.86,342.31,52.7,93.93,0.965,-1,-1,-1
301,446,1085.09,409.93,56.33,101.58,0.976,-1,-1,-1
301,494,64.36,599.48,52.79,140.7,0.9752,-1,-1,-1
301,453,1021.03,494.72,51.9,126.68,0.9748,-1,-1,-1
301,418,1765.32,602.41,51.69,134.18,0.9744,-1,-1,-1
301,426,1086.47,600.13,54.3,134.86,0.9739,-1,-1,-1
301,461,732.96,280.11,41.93,100.93,0.9727,-1,-1,-1
301,422,1671.79,806.44,57.69,157.75,0.9722,-1,-1,-1
301,498,1872.98,481.05,46.59,108.39,0.9686,-1,-1,-1
301,497,1358.86,194.59,45.55,89.5,0.9685,-1,-1,-1
301,479,658.97,330.46,78.45,80.52,0.9682,-1,-1,-1
301,493,51.18,473.82,52.68,140.34,0.9677,-1,-1,-1
301,474,644.92,886.61,59.64,167.42,0.9639,-1,-1,-1
301,489,215.0,803.73,58.05,166.94,0.9628,-1,-1,-1
301,487,530.32,342.12,49.91,90.52,0.9578,-1,-1,-1
301,429,1206.51,427.13,34.54,121.53,0.9541,-1,-1,-1
301,485,261.72,517.3,54.84,136.06,0.9491,-1,-1,-1
302,487,524.7,342.95,46.73,92.28,0.9773,-1,-1,-1
302,422,1659.81,804.5,61.06,150.44,0.9754,-1,-1,-1
302,498,1863.34,482.03,52.38,107.23,0.9743,-1,-1,-1
302,446,1077.86,410.1,56.21,100.52,0.9732,-1,-1,-1
302,489,205.34,806.84,59.28,162.97,0.9726,-1,-1,-1
302,485,253.06,520.09,54.56,130.35,0.9723,-1,-1,-1
302,426,1071.84,598.62,58.97,127.37,0.9719,-1,-1,-1
302,461,727.72,281.2,42.77,98.71,0.9719,-1,-1,-1
302,494,54.37,598.66,55.57,142.63,0.9717,-1,-1,-1
302,453,1012.7,491.71,55.57,132.05,0.9716,-1,-1,-1
302,418,1755.54,605.04,46.2,132.3,0.9712,-1,-1,-1
302,493,42.3,474.54,52.22,134.23,0.97,-1,-1,-1
302,474,638.65,887.96,58.42,164.79,0.97,-1,-1,-1
302,497,1355.31,194.83,47.7,91.52,0.9698,-1,-1,-1
302,479,663.9,334.14,82.97,75.88,0.9555,-1,-1,-1
302,429,1195.77,428.19,31.57,123.91,0.9407,-1,-1,-1
303,487,524.7,342.94,46.88,92.72,0.977,-1,-1,-1
303,422,1659.96,804.59,60.8,150.66,0.9754,-1,-1,-1
303,498,1863.32,482.03,52.39,107.23,0.9744,-1,-1,-1
303,446,1077.83,410.12,56.38,100.36,0.9731,-1,-1,-1
303,489,205.31,806.87,59.29,162.71,0.9727,-1,-1,-1
303,485,253.04,520.07,54.59,130.33,0.9723,-1,-1,-1
303,461,727.58,281.2,42.91,98.69,0.972,-1,-1,-1
303,426,1071.84,598.63,58.98,127.6,0.9719,-1,-1,-1
303,494,54.34,598.63,55.62,142.64,0.9718,-1,-1,-1
303,453,1012.73,491.73,55.49,132.01,0.9715,-1,-1,-1
303,418,1755.55,605.01,46.16,132.28,0.9712,-1,-1,-1
303,493,42.26,474.62,52.25,133.8,0.97,-1,-1,-1
303,474,638.64,887.91,58.47,164.89,0.9699,-1,-1,-1
303,497,1355.34,194.83,47.67,91.5,0.9698,-1,-1,-1
303,479,663.88,334.14,83.13,75.84,0.9533,-1,-1,-1
303,429,1195.75,428.22,31.57,123.92,0.9404,-1,-1,-1
304,426,1054.06,598.26,65.53,123.86,0.9763,-1,-1,-1
304,487,519.24,344.34,52.41,98.69,0.9759,-1,-1,-1
304,446,1071.96,411.83,54.91,97.41,0.9758,-1,-1,-1
304,418,1742.05,604.94,43.39,132.93,0.974,-1,-1,-1
304,485,245.02,521.96,54.36,127.3,0.9739,-1,-1,-1
304,497,1352.53,195.57,49.02,91.39,0.9733,-1,-1,-1
304,461,722.95,282.34,44.55,97.58,0.9727,-1,-1,-1
304,422,1652.55,803.72,58.16,143.03,0.9722,-1,-1,-1
304,493,31.32,475.88,52.9,127.67,0.9721,-1,-1,-1
304,494,46.43,598.16,55.7,144.71,0.9715,-1,-1,-1
304,474,631.39,887.29,59.06,166.73,0.9714,-1,-1,-1
304,498,1854.36,481.31,44.38,109.49,0.9713,-1,-1,-1
304,489,194.87,810.47,60.84,159.18,0.9707,-1,-1,-1
304,453,1005.8,489.13,56.59,135.47,0.9704,-1,-1,-1
304,429,1179.58,432.0,36.59,118.83,0.9595,-1,-1,-1
304,479,669.11,339.43,78.09,72.09,0.9461,-1,-1,-1
305,426,1036.21,597.04,70.33,126.04,0.9781,-1,-1,-1
305,422,1644.7,804.49,52.93,142.76,0.9761,-1,-1,-1
305,498,1840.37,478.3,49.86,112.93,0.9756,-1,-1,-1
305,446,1066.08,413.69,59.14,95.13,0.9748,-1,-1,-1
305,497,1350.9,197.57,49.5,90.71,0.9742,-1,-1,-1
305,474,624.17,889.28,61.33,169.67,0.9738,-1,-1,-1
305,429,1157.21,434.42,52.97,119.75,0.9737,-1,-1,-1
305,487,513.14,339.74,56.65,110.48,0.9735,-1,-1,-1
305,494,38.67,596.9,55.27,147.14,0.9732,-1,-1,-1
305,418,1730.29,602.39,50.45,136.48,0.9725,-1,-1,-1
305,461,717.45,284.49,46.17,95.34,0.9717,-1,-1,-1
305,485,239.83,523.2,53.74,127.9,0.9678,-1,-1,-1
305,453,1001.16,489.41,56.73,134.71,0.9677,-1,-1,-1
305,479,678.87,344.29,63.33,68.49,0.9604,-1,-1,-1
305,489,186.82,810.03,58.02,161.48,0.9604,-1,-1,-1
305,493,23.3,474.54,51.78,129.18,0.9571,-1,-1,-1
306,498,1833.98,474.9,50.14,117.28,0.9743,-1,-1,-1
306,493,14.65,472.54,52.31,132.64,0.9742,-1,-1,-1
306,494,30.4,594.92,55.72,147.61,0.9729,-1,-1,-1
306,497,1349.46,198.9,51.39,91.13,0.9729,-1,-1,-1
306,461,714.48,286.22,45.83,94.49,0.9724,-1,-1,-1
306,418,1719.99,601.71,57.24,137.68,0.9723,-1,-1,-1
306,446,1057.59,415.54,64.34,93.62,0.9721,-1,-1,-1
306,422,1633.71,805.88,54.33,143.74,0.972,-1,-1,-1
306,487,508.61,349.53,57.21,104.9,0.9705,-1,-1,-1
306,489,178.74,809.95,55.85,164.53,0.9704,-1,-1,-1
306,453,997.27,488.37,54.63,134.24,0.97,-1,-1,-1
306,485,235.08,523.86,52.73,128.72,0.9689,-1,-1,-1
306,429,1141.35,438.33,67.24,117.16,0.9656,-1,-1,-1
306,426,1022.99,600.0,59.21,126.41,0.9654,-1,-1,-1
306,479,684.29,345.72,55.11,69.23,0.9638,-1,-1,-1
306,474,617.22,889.27,62.42,170.63,0.9562,-1,-1,-1
307,485,231.38,522.19,50.83,130.59,0.9752,-1,-1,-1
307,497,1349.75,200.88,50.11,90.17,0.975,-1,-1,-1
307,446,1048.46,415.59,71.16,94.35,0.9744,-1,-1,-1
307,474,609.99,889.98,64.28,171.64,0.9732,-1,-1,-1
307,429,1128.24,442.06,77.92,115.46,0.9724,-1,-1,-1
307,498,1827.28,470.96,52.24,120.84,0.9723,-1,-1,-1
307,493,9.57,468.32,50.13,132.99,0.9719,-1,-1,-1
307,418,1703.08,600.02,68.93,141.24,0.9718,-1,-1,-1
307,426,1014.19,601.47,46.17,127.11,0.9717,-1,-1,-1
307,453,995.11,489.53,52.51,129.14,0.9716,-1,-1,-1
307,494,24.06,592.42,55.54,152.12,0.9692,-1,-1,-1
307,489,173.59,807.29,53.84,167.39,0.9674,-1,-1,-1
307,479,683.95,346.59,52.43,74.93,0.9648,-1,-1,-1
307,461,711.85,287.55,43.95,94.38,0.9646,-1,-1,-1
307,422,1623.36,805.44,60.15,144.56,0.9598,-1,-1,-1
307,487,521.5,354.83,44.74,99.98,0.9247,-1,-1,-1
308,429,1120.65,446.01,76.75,111.57,0.9838,-1,-1,-1
308,446,1040.35,414.47,77.51,95.5,0.978,-1,-1,-1
308,474,604.9,890.35,68.29,173.41,0.9762,-1,-1,-1
308,497,1353.38,201.6,46.97,89.98,0.9748,-1,-1,-1
308,422,1615.59,800.27,60.79,150.3,0.9746,-1,-1,-1
308,418,1689.11,599.77,76.57,139.49,0.9733,-1,-1,-1
308,485,230.49,519.84,49.16,132.79,0.9719,-1,-1,-1
308,493,5.21,466.11,48.78,136.14,0.9718,-1,-1,-1
308,453,991.94,491.12,51.16,126.22,0.9717,-1,-1,-1
308,498,1816.99,469.89,57.35,118.15,0.9711,-1,-1,-1
308,489,171.39,803.26,49.45,171.95,0.9679,-1,-1,-1
308,426,1002.57,599.89,41.97,128.8,0.9676,-1,-1,-1
308,461,712.53,287.6,40.78,93.82,0.9674,-1,-1,-1
308,494,18.68,591.67,56.1,153.1,0.9666,-1,-1,-1
308,479,683.91,348.09,56.67,77.83,0.9615,-1,-1,-1
308,487,533.94,358.77,32.29,97.15,0.9588,-1,-1,-1
309,429,1120.74,445.99,76.64,111.63,0.9839,-1,-1,-1
309,446,1040.35,414.48,77.56,95.59,0.9779,-1,-1,-1
309,474,604.9,890.34,68.29,173.39,0.9762,-1,-1,-1
309,497,1353.4,201.61,46.97,89.94,0.9749,-1,-1,-1
309,422,1615.49,800.26,60.92,150.3,0.9746,-1,-1,-1
309,418,1688.99,599.77,76.74,139.54,0.9734,-1,-1,-1
309,485,230.53,519.82,49.13,132.92,0.9719,-1,-1,-1
309,493,5.25,466.06,48.81,136.12,0.9718,-1,-1,-1
309,453,992.04,491.11,51.07,126.24,0.9716,-1,-1,-1
309,498,1816.96,469.92,57.42,117.94,0.9711,-1,-1,-1
309,489,171.3,803.25,49.6,171.98,0.9681,-1,-1,-1
309,426,1002.61,599.8,41.92,128.82,0.9676,-1,-1,-1
309,461,712.59,287.6,40.73,93.82,0.9674,-1,-1,-1
309,494,18.7,591.65,56.01,153.07,0.9666,-1,-1,-1
309,479,683.9,348.08,56.74,77.85,0.9614,-1,-1,-1
309,487,534.02,358.81,32.17,97.1,0.9588,-1,-1,-1
310,446,1033.15,412.89,82.48,97.94,0.9765,-1,-1,-1
310,422,1609.08,793.45,62.98,156.83,0.9763,-1,-1,-1
310,418,1682.82,601.26,74.57,137.59,0.9757,-1,-1,-1
310,429,1119.95,447.77,65.56,109.12,0.9732,-1,-1,-1
310,498,1810.6,468.94,60.21,115.7,0.9731,-1,-1,-1
310,474,601.66,889.47,70.39,174.13,0.973,-1,-1,-1
310,426,990.33,605.67,42.85,122.33,0.9728,-1,-1,-1
310,485,231.23,516.69,48.43,135.32,0.9726,-1,-1,-1
310,497,1359.88,200.76,42.35,91.43,0.9708,-1,-1,-1
310,493,3.86,464.68,47.83,134.3,0.9694,-1,-1,-1
310,461,712.71,287.45,41.56,93.38,0.9682,-1,-1,-1
310,494,16.87,590.1,58.53,152.13,0.9655,-1,-1,-1
310,489,167.91,798.42,48.93,177.78,0.9594,-1,-1,-1
310,479,685.43,349.76,56.47,77.35,0.9579,-1,-1,-1
310,453,991.93,493.04,48.04,123.06,0.957,-1,-1,-1
310,487,537.41,364.08,36.18,91.27,0.9544,-1,-1,-1
311,429,1121.26,448.68,51.29,106.89,0.9754,-1,-1,-1
311,446,1030.8,411.72,80.75,98.99,0.975,-1,-1,-1
311,474,598.67,889.47,69.88,174.05,0.9743,-1,-1,-1
311,426,976.97,603.55,51.27,122.15,0.9729,-1,-1,-1
311,418,1682.05,602.85,66.44,135.71,0.9726,-1,-1,-1
311,498,1806.37,469.67,59.64,108.29,0.9724,-1,-1,-1
311,485,231.41,515.0,48.84,134.98,0.9721,-1,-1,-1
311,453,990.26,493.52,48.49,115.36,0.9713,-1,-1,-1
311,493,3.38,463.45,46.58,129.96,0.97,-1,-1,-1
311,497,1365.91,199.01,38.77,94.64,0.97,-1,-1,-1
311,487,538.98,369.06,41.3,81.78,0.9699,-1,-1,-1
311,422,1600.15,788.03,63.05,157.29,0.9698,-1,-1,-1
311,461,711.79,287.15,44.31,94.72,0.9681,-1,-1,-1
311,494,15.78,591.53,57.58,147.27,0.968,-1,-1,-1
311,479,685.93,350.83,56.92,77.52,0.9642,-1,-1,-1
311,489,163.78,798.52,50.37,173.71,0.9597,-1,-1,-1
312,422,1591.07,784.27,62.42,149.16,0.9795,-1,-1,-1
312,474,595.0,889.68,70.56,172.81,0.976,-1,-1,-1
312,453,988.14,491.87,49.05,118.61,0.9759,-1,-1,-1
312,446,1027.31,411.04,75.4,97.45,0.9743,-1,-1,-1
312,498,1800.82,471.29,58.04,106.63,0.9731,-1,-1,-1
312,429,1119.38,448.13,40.11,108.83,0.9729,-1,-1,-1
312,489,157.16,798.54,53.6,168.55,0.9724,-1,-1,-1
312,494,13.89,592.97,58.25,142.74,0.972,-1,-1,-1
312,426,962.92,589.37,61.22,128.06,0.9713,-1,-1,-1
312,485,231.01,513.96,49.49,132.68,0.971,-1,-1,-1
312,493,2.53,464.71,45.59,125.76,0.9705,-1,-1,-1
312,487,536.47,370.43,52.68,82.95,0.9694,-1,-1,-1
312,418,1677.89,605.75,56.88,132.73,0.9688,-1,-1,-1
312,497,1367.09,198.85,39.26,96.45,0.9686,-1,-1,-1
312,479,682.19,350.63,59.35,77.76,0.968,-1,-1,-1
312,461,712.06,286.67,45.58,95.18,0.968,-1,-1,-1
313,422,1583.13,781.7,62.52,141.86,0.9758,-1,-1,-1
313,494,10.77,591.75,59.66,142.06,0.9755,-1,-1,-1
313,498,1795.55,471.67,49.9,105.73,0.9754,-1,-1,-1
313,487,534.06,368.63,68.66,85.36,0.9752,-1,-1,-1
313,453,987.4,488.2,47.97,125.9,0.975,-1,-1,-1
313,426,942.79,586.82,72.77,122.01,0.9719,-1,-1,-1
313,489,149.75,799.63,56.87,162.88,0.9711,-1,-1,-1
313,429,1115.62,447.56,40.7,109.54,0.9708,-1,-1,-1
313,461,711.01,285.6,47.1,97.12,0.9708,-1,-1,-1
313,418,1667.42,607.37,50.83,131.08,0.9707,-1,-1,-1
313,485,228.84,515.29,51.89,128.15,0.9703,-1,-1,-1
313,474,589.77,888.87,72.25,171.92,0.9698,-1,-1,-1
313,497,1367.83,199.26,39.5,96.08,0.9697,-1,-1,-1
313,446,1023.57,409.4,67.68,97.93,0.9688,-1,-1,-1
313,479,675.26,351.54,60.75,75.92,0.9645,-1,-1,-1
313,493,2.06,466.75,43.15,122.51,0.9613,-1,-1,-1
314,487,536.0,365.4,71.28,92.09,0.9778,-1,-1,-1
314,422,1574.33,779.27,58.62,143.58,0.9757,-1,-1,-1
314,494,4.9,591.29,61.29,142.74,0.9735,-1,-1,-1
314,446,1017.66,407.02,58.94,98.82,0.973,-1,-1,-1
314,426,932.44,586.23,72.62,120.5,0.9726,-1,-1,-1
314,461,713.23,283.71,44.33,100.59,0.972,-1,-1,-1
314,489,143.47,802.18,59.28,156.38,0.9718,-1,-1,-1
314,418,1658.95,605.18,44.95,134.12,0.9718,-1,-1,-1
314,479,675.17,350.47,56.31,84.29,0.9718,-1,-1,-1
314,453,986.21,485.4,46.86,131.9,0.9711,-1,-1,-1
314,485,226.61,515.76,53.63,125.68,0.9706,-1,-1,-1
314,498,1792.95,470.09,40.04,107.96,0.9706,-1,-1,-1
314,497,1370.79,201.34,37.22,95.75,0.969,-1,-1,-1
314,429,1109.95,446.08,43.64,111.03,0.9674,-1,-1,-1
314,493,1.19,466.56,41.48,121.93,0.9653,-1,-1,-1
314,474,586.48,886.6,71.37,170.08,0.9549,-1,-1,-1
315,487,535.91,365.42,71.46,92.09,0.9779,-1,-1,-1
315,422,1574.31,779.25,58.63,143.58,0.9758,-1,-1,-1
315,494,4.86,591.36,61.29,142.89,0.9737,-1,-1,-1
315,446,1017.66,407.01,58.9,98.79,0.9729,-1,-1,-1
315,426,932.34,586.06,72.69,120.77,0.9724,-1,-1,-1
315,461,713.08,283.71,44.49,100.63,0.9719,-1,-1,-1
315,489,143.38,802.14,59.35,156.57,0.9719,-1,-1,-1
315,418,1658.94,605.15,44.92,134.11,0.9717,-1,-1,-1
315,453,986.22,485.35,46.86,131.94,0.9716,-1,-1,-1
315,479,675.13,350.44,56.22,84.38,0.9716,-1,-1,-1
315,485,226.64,515.75,53.56,125.73,0.9707,-1,-1,-1
315,498,1792.95,470.15,39.87,107.89,0.9703,-1,-1,-1
315,497,1370.8,201.28,37.22,95.84,0.969,-1,-1,-1
315,429,1109.69,446.06,43.92,111.05,0.9674,-1,-1,-1
315,493,1.17,466.53,41.51,121.96,0.9654,-1,-1,-1
315,474,586.48,886.62,71.35,170.19,0.9555,-1,-1,-1
316,418,1649.62,601.18,47.51,136.15,0.9773,-1,-1,-1
316,453,984.3,486.31,47.87,130.09,0.9743,-1,-1,-1
316,474,584.23,885.87,70.92,167.75,0.9741,-1,-1,-1
316,446,1011.5,404.88,50.57,98.04,0.9736,-1,-1,-1
316,494,3.93,587.54,55.98,144.97,0.9725,-1,-1,-1
316,422,1567.24,777.56,54.19,146.06,0.9723,-1,-1,-1
316,498,1786.45,466.66,39.9,110.6,0.9719,-1,-1,-1
316,461,718.33,281.92,39.03,101.68,0.9713,-1,-1,-1
316,429,1094.64,443.52,58.4,114.37,0.9712,-1,-1,-1
316,485,225.1,515.37,54.94,126.4,0.9696,-1,-1,-1
316,487,544.36,364.69,63.1,93.47,0.9691,-1,-1,-1
316,493,0.59,463.93,39.65,123.56,0.9668,-1,-1,-1
316,426,926.23,585.65,63.68,124.28,0.9606,-1,-1,-1
316,489,139.03,800.5,60.38,157.29,0.9597,-1,-1,-1
316,497,1375.12,202.54,34.2,95.55,0.9565,-1,-1,-1
316,479,676.04,351.45,43.26,89.6,0.9433,-1,-1,-1
317,474,581.86,884.75,69.17,163.44,0.98,-1,-1,-1
317,418,1642.16,598.63,52.12,138.89,0.9775,-1,-1,-1
317,498,1779.93,462.42,45.33,114.97,0.9758,-1,-1,-1
317,494,2.17,581.57,53.0,149.89,0.9747,-1,-1,-1
317,422,1565.98,772.48,47.03,149.75,0.974,-1,-1,-1
317,487,556.62,364.68,54.43,93.11,0.9734,-1,-1,-1
317,485,224.45,513.63,52.52,127.51,0.9697,-1,-1,-1
317,446,1007.92,405.68,38.51,93.32,0.9697,-1,-1,-1
317,429,1087.1,438.83,62.18,119.51,0.9692,-1,-1,-1
317,426,919.29,583.56,51.78,125.24,0.9677,-1,-1,-1
317,461,720.97,278.79,37.33,105.77,0.9671,-1,-1,-1
317,493,0.8,459.46,37.11,129.08,0.9624,-1,-1,-1
317,497,1379.14,203.35,33.01,95.05,0.9616,-1,-1,-1
317,489,137.24,799.42,58.5,157.13,0.9573,-1,-1,-1
317,453,982.87,485.12,48.55,129.68,0.9569,-1,-1,-1
317,479,675.23,350.14,35.74,93.2,0.9501,-1,-1,-1
318,474,580.82,880.59,68.17,166.74,0.9775,-1,-1,-1
318,418,1627.0,596.19,65.99,142.37,0.9769,-1,-1,-1
318,494,1.57,579.09,51.43,152.14,0.9747,-1,-1,-1
318,426,911.93,579.17,43.27,128.6,0.9735,-1,-1,-1
318,487,571.73,364.59,45.57,88.2,0.9734,-1,-1,-1
318,485,223.11,509.24,55.48,129.87,0.9723,-1,-1,-1
318,489,136.55,795.22,54.63,160.87,0.972,-1,-1,-1
318,461,723.39,278.1,35.17,104.2,0.9704,-1,-1,-1
318,429,1083.06,436.76,62.41,119.86,0.9697,-1,-1,-1
318,498,1772.4,458.83,51.84,115.1,0.9667,-1,-1,-1
318,422,1561.91,764.18,45.65,158.29,0.965,-1,-1,-1
318,453,981.5,485.65,50.53,124.34,0.9647,-1,-1,-1
318,479,673.7,349.15,37.02,94.18,0.9638,-1,-1,-1
318,446,1002.51,405.86,37.67,88.77,0.9632,-1,-1,-1
318,497,1381.96,206.2,33.24,92.1,0.9631,-1,-1,-1
318,493,0.8,455.11,36.4,131.89,0.9601,-1,-1,-1
319,418,1615.42,595.6,73.7,139.53,0.9773,-1,-1,-1
319,474,579.16,878.0,68.9,169.58,0.9748,-1,-1,-1
319,422,1554.7,758.53,48.36,156.8,0.9743,-1,-1,-1
319,494,1.3,578.03,49.35,150.57,0.9743,-1,-1,-1
319,485,222.55,505.44,57.37,132.78,0.9742,-1,-1,-1
319,498,1765.75,456.83,56.65,112.89,0.9738,-1,-1,-1
319,426,902.67,573.08,42.85,133.68,0.9732,-1,-1,-1
319,446,996.41,406.57,40.19,90.69,0.9709,-1,-1,-1
319,489,135.53,790.35,51.89,168.18,0.9705,-1,-1,-1
319,429,1083.25,434.93,58.62,118.77,0.9694,-1,-1,-1
319,479,671.44,347.34,39.32,94.73,0.9674,-1,-1,-1
319,487,579.84,365.21,43.57,91.33,0.967,-1,-1,-1
319,461,725.15,277.31,34.01,104.19,0.9664,-1,-1,-1
319,453,978.66,485.62,54.94,119.78,0.9637,-1,-1,-1
319,497,1385.98,206.72,32.82,90.06,0.9594,-1,-1,-1
319,493,1.05,452.09,35.65,137.28,0.9502,-1,-1,-1
320,418,1612.41,596.81,68.47,137.7,0.9781,-1,-1,-1
320,422,1548.56,754.43,51.94,151.37,0.9772,-1,-1,-1
320,426,893.02,570.11,45.88,128.85,0.9754,-1,-1,-1
320,498,1759.71,455.57,60.44,107.39,0.9745,-1,-1,-1
320,485,223.84,501.06,56.17,136.23,0.9739,-1,-1,-1
320,479,669.86,344.99,41.94,96.35,0.9726,-1,-1,-1
320,494,1.44,577.63,47.92,147.94,0.9714,-1,-1,-1
320,429,1083.11,431.92,55.73,119.0,0.9712,-1,-1,-1
320,446,986.63,408.3,50.76,96.35,0.9702,-1,-1,-1
320,474,577.59,876.09,68.7,171.7,0.9702,-1,-1,-1
320,489,134.54,787.75,51.18,170.65,0.9678,-1,-1,-1
320,487,585.81,366.67,57.16,90.27,0.9658,-1,-1,-1
320,461,727.9,278.13,34.91,102.68,0.9655,-1,-1,-1
320,453,976.98,483.24,60.43,122.69,0.9623,-1,-1,-1
320,497,1391.01,206.21,34.11,90.71,0.9622,-1,-1,-1
320,493,1.11,449.69,35.15,139.44,0.9341,-1,-1,-1
321,418,1612.44,596.8,68.47,137.74,0.9782,-1,-1,-1
321,422,1548.52,754.49,52.05,151.28,0.9772,-1,-1,-1
321,426,893.03,570.13,45.79,128.74,0.9753,-1,-1,-1
321,498,1759.74,455.54,60.41,107.47,0.9745,-1,-1,-1
321,485,223.89,501.07,56.14,136.24,0.9738,-1,-1,-1
321,479,669.81,344.99,41.95,96.46,0.9725,-1,-1,-1
321,494,1.43,577.6,47.93,147.98,0.9713,-1,-1,-1
321,429,1083.03,431.93,55.82,118.99,0.9712,-1,-1,-1
321,446,986.56,408.27,50.84,96.38,0.9701,-1,-1,-1
321,474,577.61,876.06,68.7,171.73,0.9701,-1,-1,-1
321,489,134.45,787.59,51.26,170.74,0.968,-1,-1,-1
321,487,585.76,366.65,56.93,90.3,0.9657,-1,-1,-1
321,461,727.87,278.11,34.92,102.71,0.9654,-1,-1,-1
321,497,1390.95,206.19,34.15,90.74,0.9623,-1,-1,-1
321,453,976.95,483.26,60.41,122.7,0.9622,-1,-1,-1
321,493,1.1,449.67,35.16,139.55,0.934,-1,-1,-1
322,422,1543.75,751.57,50.94,141.07,0.9768,-1,-1,-1
322,418,1614.56,598.37,57.01,135.49,0.9757,-1,-1,-1
322,426,886.14,566.57,46.81,128.55,0.9756,-1,-1,-1
322,485,224.49,498.24,55.74,137.43,0.9745,-1,-1,-1
322,429,1083.56,427.94,50.96,118.84,0.9738,-1,-1,-1
322,498,1755.55,456.13,61.55,105.3,0.9728,-1,-1,-1
322,479,668.7,346.23,40.08,93.1,0.9702,-1,-1,-1
322,474,575.39,875.7,68.91,171.8,0.97,-1,-1,-1
322,489,132.6,785.59,52.16,172.27,0.9698,-1,-1,-1
322,487,594.38,367.82,64.09,90.34,0.9697,-1,-1,-1
322,494,1.05,578.18,47.16,143.21,0.9694,-1,-1,-1
322,446,974.71,409.6,61.87,98.87,0.969,-1,-1,-1
322,461,730.94,279.19,38.39,100.41,0.9683,-1,-1,-1
322,497,1395.09,205.27,37.29,92.75,0.9665,-1,-1,-1
322,453,977.67,483.71,61.43,121.01,0.9564,-1,-1,-1
322,493,1.08,448.71,34.97,136.57,0.9329,-1,-1,-1
323,418,1613.31,601.59,46.16,133.95,0.9762,-1,-1,-1
323,422,1540.9,750.92,49.34,138.44,0.9754,-1,-1,-1
323,446,966.96,410.97,68.38,98.98,0.9752,-1,-1,-1
323,429,1085.51,424.73,45.29,119.38,0.9751,-1,-1,-1
323,453,980.52,480.51,61.68,123.88,0.9747,-1,-1,-1
323,474,574.83,877.79,69.38,168.16,0.9742,-1,-1,-1
323,485,224.59,496.27,55.47,134.05,0.9737,-1,-1,-1
323,498,1753.52,456.58,59.99,104.84,0.973,-1,-1,-1
323,461,734.9,280.02,42.11,99.16,0.9718,-1,-1,-1
323,426,874.47,564.14,53.09,121.31,0.9717,-1,-1,-1
323,497,1397.58,203.78,42.37,95.23,0.9701,-1,-1,-1
323,489,131.8,786.53,52.08,170.01,0.9687,-1,-1,-1
323,494,0.7,578.1,46.02,141.01,0.9686,-1,-1,-1
323,487,591.62,367.48,69.12,90.04,0.9649,-1,-1,-1
323,479,668.47,346.5,36.06,90.8,0.9644,-1,-1,-1
323,493,1.09,449.06,34.71,131.62,0.9294,-1,-1,-1
324,474,572.62,877.94,71.06,168.84,0.9807,-1,-1,-1
324,461,737.24,281.13,46.67,98.07,0.977,-1,-1,-1
324,453,985.28,477.49,61.09,127.14,0.9761,-1,-1,-1
324,487,588.43,368.19,79.25,89.46,0.976,-1,-1,-1
324,446,968.3,412.83,64.95,97.03,0.9756,-1,-1,-1
324,418,1604.39,600.96,44.66,131.81,0.9749,-1,-1,-1
324,485,224.88,496.2,54.15,130.14,0.9743,-1,-1,-1
324,497,1400.4,203.16,44.64,96.97,0.9736,-1,-1,-1
324,422,1536.13,749.57,49.98,142.68,0.9728,-1,-1,-1
324,426,861.3,561.83,58.51,123.42,0.9708,-1,-1,-1
324,429,1086.75,422.04,41.89,120.63,0.9693,-1,-1,-1
324,494,0.54,577.89,43.63,138.88,0.9691,-1,-1,-1
324,489,130.43,787.19,53.28,168.09,0.9677,-1,-1,-1
324,498,1749.86,460.31,54.26,102.64,0.9642,-1,-1,-1
324,493,0.18,448.07,37.35,125.32,0.9629,-1,-1,-1
324,479,667.54,346.24,33.85,96.34,0.9447,-1,-1,-1
325,474,569.65,877.33,71.92,169.63,0.9808,-1,-1,-1
325,418,1595.74,598.99,45.92,134.29,0.9781,-1,-1,-1
325,453,991.05,471.93,58.13,131.59,0.9761,-1,-1,-1
325,485,225.33,496.74,53.6,127.47,0.9749,-1,-1,-1
325,426,858.59,562.62,51.74,124.47,0.9739,-1,-1,-1
325,497,1404.15,203.05,44.5,97.04,0.9735,-1,-1,-1
325,461,740.47,282.06,49.63,97.0,0.973,-1,-1,-1
325,429,1084.85,420.42,42.52,118.41,0.9727,-1,-1,-1
325,446,969.14,413.94,61.04,94.58,0.9719,-1,-1,-1
325,498,1743.0,458.47,49.66,103.35,0.9703,-1,-1,-1
325,422,1530.43,748.47,56.12,143.49,0.9694,-1,-1,-1
325,494,0.0,574.42,42.01,141.52,0.9678,-1,-1,-1
325,487,594.17,368.75,78.17,90.67,0.9673,-1,-1,-1
325,489,128.45,787.82,55.62,166.9,0.9657,-1,-1,-1
325,493,0.19,445.38,37.82,126.32,0.9646,-1,-1,-1
325,479,668.85,347.73,31.08,98.82,0.9237,-1,-1,-1
326,474,567.68,876.08,73.61,169.85,0.9806,-1,-1,-1
326,418,1589.49,595.97,54.87,137.39,0.978,-1,-1,-1
326,487,604.86,368.59,71.29,97.95,0.9745,-1,-1,-1
326,453,999.11,467.44,51.18,133.94,0.9743,-1,-1,-1
326,485,226.59,496.59,54.12,127.0,0.9742,-1,-1,-1
326,422,1525.84,742.79,60.74,147.36,0.9729,-1,-1,-1
326,461,743.92,280.43,50.05,98.07,0.9724,-1,-1,-1
326,429,1082.54,419.87,43.65,116.61,0.9719,-1,-1,-1
326,426,855.38,560.53,42.21,126.6,0.9704,-1,-1,-1
326,497,1409.94,203.58,41.89,97.12,0.9701,-1,-1,-1
326,498,1731.03,450.88,51.47,110.22,0.97,-1,-1,-1
326,446,969.0,414.51,59.79,95.06,0.9692,-1,-1,-1
326,494,0.11,571.74,38.87,141.34,0.9687,-1,-1,-1
326,489,126.07,785.59,57.31,168.57,0.9595,-1,-1,-1
326,493,0.96,440.73,35.46,127.72,0.9472,-1,-1,-1
326,479,668.8,349.35,32.19,105.67,0.8943,-1,-1,-1
327,474,567.69,876.05,73.62,169.88,0.9806,-1,-1,-1
327,418,1589.44,595.94,54.88,137.45,0.9781,-1,-1,-1
327,487,604.73,368.58,71.41,97.98,0.9745,-1,-1,-1
327,453,999.09,467.52,51.19,133.84,0.9743,-1,-1,-1
327,485,226.76,496.6,53.98,126.99,0.9743,-1,-1,-1
327,422,1525.84,742.81,60.72,147.33,0.9731,-1,-1,-1
327,461,743.98,280.43,49.99,98.02,0.9725,-1,-1,-1
327,429,1082.58,419.88,43.61,116.57,0.9719,-1,-1,-1
327,426,855.39,560.54,42.19,126.6,0.9704,-1,-1,-1
327,498,1730.88,450.82,51.63,110.26,0.9701,-1,-1,-1
327,497,1409.99,203.55,41.82,97.12,0.97,-1,-1,-1
327,446,969.01,414.53,59.63,95.05,0.9691,-1,-1,-1
327,494,0.1,571.82,38.88,141.31,0.9687,-1,-1,-1
327,489,125.99,785.48,57.36,168.49,0.96,-1,-1,-1
327,493,0.95,440.72,35.34,127.73,0.9445,-1,-1,-1
327,479,668.75,349.37,32.19,105.7,0.8968,-1,-1,-1
328,474,565.87,874.88,75.1,170.86,0.9787,-1,-1,-1
328,422,1521.46,736.53,62.76,154.05,0.9787,-1,-1,-1
328,426,847.47,558.67,44.01,127.56,0.9762,-1,-1,-1
328,461,744.24,280.34,51.07,98.27,0.9748,-1,-1,-1
328,418,1582.82,594.77,61.47,139.21,0.9748,-1,-1,-1
328,485,228.96,495.34,52.85,128.11,0.9742,-1,-1,-1
328,429,1080.81,419.95,44.53,116.07,0.9731,-1,-1,-1
328,446,969.26,418.3,50.29,88.7,0.9728,-1,-1,-1
328,497,1416.28,206.22,39.05,94.07,0.9706,-1,-1,-1
328,498,1727.05,446.45,53.6,114.76,0.9703,-1,-1,-1
328,453,1005.36,466.78,47.77,135.51,0.9611,-1,-1,-1
328,487,616.01,370.7,60.89,96.32,0.957,-1,-1,-1
328,494,0.86,568.6,36.35,143.69,0.956,-1,-1,-1
328,489,124.16,781.24,56.69,172.02,0.9469,-1,-1,-1
328,493,0.29,436.32,32.53,137.16,0.92,-1,-1,-1
328,479,668.07,353.44,39.3,109.47,0.9087,-1,-1,-1
329,474,563.03,872.13,77.0,172.63,0.9775,-1,-1,-1
329,446,965.63,418.95,50.69,87.56,0.9745,-1,-1,-1
329,429,1079.95,421.89,44.11,115.59,0.9745,-1,-1,-1
329,461,744.78,279.06,49.32,98.78,0.9743,-1,-1,-1
329,498,1717.9,444.2,60.86,113.56,0.9743,-1,-1,-1
329,485,230.66,492.65,50.35,131.02,0.9743,-1,-1,-1
329,422,1515.37,729.63,65.27,158.95,0.9742,-1,-1,-1
329,426,837.0,555.32,44.64,130.06,0.9739,-1,-1,-1
329,418,1570.29,593.51,70.22,139.9,0.9726,-1,-1,-1
329,494,0.88,566.86,38.38,146.49,0.9601,-1,-1,-1
329,497,1422.32,207.15,36.75,93.38,0.9583,-1,-1,-1
329,453,1007.39,464.52,47.4,137.16,0.9513,-1,-1,-1
329,487,619.44,367.25,59.21,100.65,0.9489,-1,-1,-1
329,479,665.47,358.53,30.77,103.44,0.9314,-1,-1,-1
329,493,0.0,437.6,29.53,132.46,0.8976,-1,-1,-1
329,489,119.84,776.12,56.34,180.57,0.8095,-1,-1,-1
330,474,559.78,871.38,75.67,169.7,0.9776,-1,-1,-1
330,426,824.17,551.31,50.39,129.13,0.9762,-1,-1,-1
330,422,1509.01,724.55,67.58,153.27,0.9759,-1,-1,-1
330,446,960.92,419.6,54.77,86.15,0.9755,-1,-1,-1
330,418,1562.81,594.07,72.12,139.33,0.9752,-1,-1,-1
330,461,744.92,278.05,48.63,99.28,0.9743,-1,-1,-1
330,485,232.17,489.98,47.7,132.87,0.9738,-1,-1,-1
330,429,1080.47,423.06,42.39,114.63,0.9726,-1,-1,-1
330,498,1710.61,441.57,64.24,111.53,0.9719,-1,-1,-1
330,453,1008.69,462.12,47.47,135.78,0.9695,-1,-1,-1
330,497,1427.12,206.63,34.92,94.68,0.9659,-1,-1,-1
330,487,623.61,366.83,52.38,101.02,0.9557,-1,-1,-1
330,479,660.89,360.64,32.43,102.54,0.9284,-1,-1,-1
330,494,0.75,569.29,35.05,140.27,0.9046,-1,-1,-1
330,493,0.0,430.39,27.41,136.44,0.8122,-1,-1,-1
330,489,113.72,775.44,59.46,176.95,0.6546,-1,-1,-1
331,418,1560.46,594.74,65.77,137.95,0.9761,-1,-1,-1
331,461,746.46,277.05,48.92,100.88,0.9751,-1,-1,-1
331,426,803.17,550.07,65.3,120.21,0.9746,-1,-1,-1
331,429,1080.38,423.36,43.45,113.82,0.9743,-1,-1,-1
331,498,1704.12,440.12,66.19,108.41,0.9729,-1,-1,-1
331,474,557.55,869.12,73.84,164.15,0.9728,-1,-1,-1
331,422,1502.0,720.56,64.1,141.99,0.9728,-1,-1,-1
331,446,956.72,419.41,58.24,85.95,0.9721,-1,-1,-1
331,485,233.19,487.88,46.63,134.52,0.9716,-1,-1,-1
331,497,1431.6,206.02,34.64,94.27,0.967,-1,-1,-1
331,453,1007.68,462.44,48.8,131.32,0.9664,-1,-1,-1
331,487,628.13,362.58,47.57,104.73,0.9529,-1,-1,-1
331,479,653.5,361.59,41.45,103.18,0.9438,-1,-1,-1
331,489,107.54,775.92,63.18,179.26,0.8975,-1,-1,-1
331,494,0.0,594.46,22.06,115.5,0.863,-1,-1,-1
331,493,0.0,458.94,22.17,98.62,0.8536,-1,-1,-1
332,422,1494.04,719.3,61.45,139.32,0.9749,-1,-1,-1
332,429,1079.1,422.18,43.78,114.94,0.9742,-1,-1,-1
332,418,1558.25,596.64,55.78,135.57,0.9731,-1,-1,-1
332,426,782.34,549.6,75.3,117.54,0.9728,-1,-1,-1
332,498,1696.33,441.74,67.48,105.75,0.9723,-1,-1,-1
332,461,745.48,276.59,51.81,99.7,0.9721,-1,-1,-1
332,446,953.27,418.19,57.09,87.18,0.9718,-1,-1,-1
332,485,231.1,486.73,47.93,133.89,0.9718,-1,-1,-1
332,474,553.55,868.28,72.87,164.99,0.9713,-1,-1,-1
332,453,1008.54,464.23,48.11,127.74,0.9658,-1,-1,-1
332,479,652.03,365.23,45.2,100.38,0.9654,-1,-1,-1
332,497,1433.42,204.46,34.01,95.19,0.9597,-1,-1,-1
332,487,636.69,358.9,25.66,96.71,0.8979,-1,-1,-1
332,489,106.53,773.22,59.81,172.68,0.8086,-1,-1,-1
332,493,0.33,458.09,21.22,106.48,0.7429,-1,-1,-1
332,494,0.0,568.66,28.72,140.53,0.6871,-1,-1,-1
333,422,1493.94,719.32,61.69,139.47,0.975,-1,-1,-1
333,429,1079.08,422.2,43.81,114.89,0.9742,-1,-1,-1
333,418,1558.23,596.66,55.87,135.49,0.973,-1,-1,-1
333,426,782.21,549.58,75.41,117.49,0.9728,-1,-1,-1
333,461,745.47,276.59,51.88,99.71,0.9721,-1,-1,-1
333,485,231.07,486.71,47.96,133.93,0.9719,-1,-1,-1
333,446,953.33,418.16,57.18,87.15,0.9716,-1,-1,-1
333,474,553.56,868.27,72.86,165.01,0.9713,-1,-1,-1
333,498,1696.19,441.83,67.55,105.73,0.9713,-1,-1,-1
333,453,1008.55,464.2,48.14,127.76,0.9666,-1,-1,-1
333,479,651.81,365.1,45.36,100.33,0.9647,-1,-1,-1
333,497,1433.39,204.44,33.99,95.2,0.9597,-1,-1,-1
333,487,636.82,359.15,25.67,96.14,0.8966,-1,-1,-1
333,489,106.4,773.0,59.98,173.16,0.8265,-1,-1,-1
333,493,0.36,458.32,21.22,106.24,0.7441,-1,-1,-1
333,494,0.0,570.42,28.16,138.1,0.6591,-1,-1,-1
333,503,0.71,432.56,19.76,57.51,0.456,-1,-1,-1
334,426,768.57,549.52,79.27,115.42,0.979,-1,-1,-1
334,418,1549.75,598.81,46.56,134.31,0.9746,-1,-1,-1
334,429,1077.0,419.06,43.26,117.21,0.9737,-1,-1,-1
334,474,549.17,866.3,72.43,167.02,0.9717,-1,-1,-1
334,498,1690.39,442.6,63.13,103.36,0.9715,-1,-1,-1
334,446,946.97,416.64,58.25,88.88,0.9713,-1,-1,-1
334,461,747.09,275.4,50.33,100.37,0.9707,-1,-1,-1
334,485,228.9,486.35,49.28,133.12,0.9703,-1,-1,-1
334,422,1482.02,718.56,61.29,144.37,0.9673,-1,-1,-1
334,479,645.95,369.3,55.05,101.82,0.959,-1,-1,-1
334,453,1007.25,465.58,48.01,127.06,0.9576,-1,-1,-1
334,497,1433.98,203.15,33.66,98.89,0.956,-1,-1,-1
334,487,635.77,357.35,26.75,100.22,0.9304,-1,-1,-1
334,489,98.71,770.08,65.72,178.39,0.8753,-1,-1,-1
334,503,0.32,432.98,18.82,104.73,0.541,-1,-1,-1
335,418,1532.1,599.07,46.43,132.71,0.9772,-1,-1,-1
335,429,1072.81,415.95,44.0,119.45,0.976,-1,-1,-1
335,453,1003.95,464.15,48.31,127.34,0.9718,-1,-1,-1
335,461,749.0,272.85,46.19,101.13,0.9716,-1,-1,-1
335,498,1687.53,443.59,50.52,101.65,0.9713,-1,-1,-1
335,446,939.94,415.75,53.99,90.82,0.9709,-1,-1,-1
335,426,754.66,550.53,80.21,117.37,0.9705,-1,-1,-1
335,479,636.28,374.5,60.93,101.13,0.9676,-1,-1,-1
335,504,1874.49,349.57,45.01,117.78,0.967,-1,-1,-1
335,422,1470.04,718.78,57.6,144.18,0.9667,-1,-1,-1
335,485,223.94,487.16,50.7,128.35,0.9664,-1,-1,-1
335,474,542.34,866.38,70.84,165.89,0.9664,-1,-1,-1
335,497,1431.55,202.9,33.7,98.42,0.9631,-1,-1,-1
335,487,632.55,357.57,28.39,68.34,0.9156,-1,-1,-1
335,489,89.54,771.07,74.79,182.27,0.8627,-1,-1,-1
336,426,749.15,550.82,77.72,115.33,0.9797,-1,-1,-1
336,418,1516.82,597.37,54.06,133.76,0.9788,-1,-1,-1
336,446,932.91,413.99,46.28,91.58,0.9751,-1,-1,-1
336,474,532.72,865.55,68.65,167.79,0.975,-1,-1,-1
336,504,1852.67,348.36,65.91,118.89,0.9702,-1,-1,-1
336,453,1000.15,461.68,47.11,129.35,0.9694,-1,-1,-1
336,498,1673.6,443.54,42.95,100.64,0.967,-1,-1,-1
336,422,1458.83,717.3,60.0,143.85,0.9667,-1,-1,-1
336,429,1075.24,413.28,36.85,120.19,0.9666,-1,-1,-1
336,461,750.47,270.18,39.38,102.62,0.9648,-1,-1,-1
336,485,216.37,487.92,56.56,122.08,0.961,-1,-1,-1
336,497,1428.1,201.92,33.84,101.1,0.9581,-1,-1,-1
336,489,77.61,771.27,63.66,145.28,0.9507,-1,-1,-1
336,479,627.11,375.24,51.79,99.35,0.9477,-1,-1,-1
336,487,626.76,356.53,29.0,61.78,0.899,-1,-1,-1
336,506,0.84,437.83,10.54,75.39,0.556,-1,-1,-1
337,426,736.65,552.41,87.46,107.94,0.9824,-1,-1,-1
337,418,1502.96,595.29,60.13,136.06,0.9769,-1,-1,-1
337,453,996.4,458.55,45.95,131.51,0.9763,-1,-1,-1
337,422,1451.94,713.6,61.25,146.57,0.9762,-1,-1,-1
337,504,1832.7,348.97,79.59,116.67,0.9733,-1,-1,-1
337,474,519.0,867.0,72.4,165.92,0.9716,-1,-1,-1
337,479,617.9,377.73,50.15,97.82,0.971,-1,-1,-1
337,489,68.84,770.6,60.95,152.66,0.966,-1,-1,-1
337,446,923.01,412.6,40.66,92.11,0.9654,-1,-1,-1
337,498,1658.82,442.09,46.03,101.53,0.9617,-1,-1,-1
337,429,1073.21,412.37,32.74,119.38,0.9612,-1,-1,-1
337,497,1424.65,204.04,33.7,100.86,0.9608,-1,-1,-1
337,461,751.5,268.7,33.08,104.57,0.9547,-1,-1,-1
337,485,209.88,485.9,55.72,122.57,0.951,-1,-1,-1
337,487,617.89,356.67,34.2,66.32,0.9023,-1,-1,-1
338,426,722.85,555.58,94.01,97.71,0.9833,-1,-1,-1
338,453,993.71,455.87,45.46,133.58,0.9782,-1,-1,-1
338,474,506.67,866.88,74.75,167.33,0.9777,-1,-1,-1
338,418,1489.12,594.06,65.28,137.05,0.9762,-1,-1,-1
338,498,1644.17,440.18,53.58,103.41,0.9753,-1,-1,-1
338,489,59.82,767.64,59.7,158.47,0.9738,-1,-1,-1
338,422,1444.53,707.2,64.12,150.37,0.9718,-1,-1,-1
338,479,611.57,380.33,46.15,97.73,0.9699,-1,-1,-1
338,446,910.83,410.63,43.88,94.74,0.9697,-1,-1,-1
338,504,1817.53,350.48,83.21,113.75,0.9682,-1,-1,-1
338,497,1420.38,206.43,33.74,98.35,0.9636,-1,-1,-1
338,461,749.89,267.44,30.97,104.92,0.9628,-1,-1,-1
338,485,203.82,481.75,59.66,125.67,0.9625,-1,-1,-1
338,429,1071.72,411.88,27.76,117.79,0.9566,-1,-1,-1
338,487,612.16,355.96,39.65,62.48,0.8209,-1,-1,-1
339,426,722.55,555.68,94.24,97.78,0.9837,-1,-1,-1
339,453,993.73,455.87,45.47,133.69,0.9782,-1,-1,-1
339,474,506.58,866.87,74.78,167.41,0.9777,-1,-1,-1
339,418,1489.15,594.07,65.49,136.91,0.9759,-1,-1,-1
339,498,1644.23,440.16,53.51,103.54,0.9751,-1,-1,-1
339,489,59.82,767.67,59.78,158.56,0.9739,-1,-1,-1
339,422,1444.51,707.16,64.05,150.38,0.9718,-1,-1,-1
339,479,611.58,380.28,45.92,97.77,0.9699,-1,-1,-1
339,446,910.74,410.6,43.96,94.74,0.9698,-1,-1,-1
339,504,1817.52,350.52,83.17,113.68,0.9681,-1,-1,-1
339,497,1420.34,206.53,33.76,98.25,0.9639,-1,-1,-1
339,485,203.76,481.81,59.8,125.59,0.9635,-1,-1,-1
339,461,749.81,267.47,31.04,104.85,0.9628,-1,-1,-1
339,429,1071.69,411.9,27.86,117.78,0.9567,-1,-1,-1
339,487,612.09,355.98,39.58,62.71,0.8221,-1,-1,-1
340,453,991.59,453.57,44.16,135.5,0.9776,-1,-1,-1
340,474,496.86,867.57,76.52,165.42,0.9748,-1,-1,-1
340,498,1630.31,437.43,60.26,105.66,0.9732,-1,-1,-1
340,426,707.44,555.96,90.74,96.68,0.9731,-1,-1,-1
340,504,1815.94,353.34,68.57,112.31,0.9712,-1,-1,-1
340,489,51.91,764.34,56.27,163.19,0.9703,-1,-1,-1
340,485,196.84,477.26,64.48,129.45,0.965,-1,-1,-1
340,422,1434.01,703.91,58.37,139.29,0.965,-1,-1,-1
340,446,899.61,410.76,46.72,95.37,0.9636,-1,-1,-1
340,497,1417.85,208.65,34.02,94.99,0.9618,-1,-1,-1
340,461,746.93,268.01,31.83,103.56,0.961,-1,-1,-1
340,479,604.61,383.66,42.42,95.9,0.9566,-1,-1,-1
340,418,1476.3,594.54,69.1,134.0,0.9547,-1,-1,-1
340,429,1066.78,412.08,29.29,118.68,0.9542,-1,-1,-1
340,487,612.43,354.7,33.81,66.12,0.7006,-1,-1,-1
341,426,697.41,555.96,90.42,97.76,0.9822,-1,-1,-1
341,453,989.04,451.66,45.11,136.26,0.9773,-1,-1,-1
341,498,1611.49,436.35,73.35,103.86,0.9763,-1,-1,-1
341,418,1467.33,593.29,63.11,133.21,0.9734,-1,-1,-1
341,422,1424.04,698.96,53.44,132.72,0.9734,-1,-1,-1
341,504,1810.45,353.85,57.27,110.82,0.972,-1,-1,-1
341,474,491.06,868.35,77.45,162.26,0.9712,-1,-1,-1
341,485,190.16,474.34,65.87,131.39,0.9674,-1,-1,-1
341,446,888.5,410.53,50.42,96.22,0.9664,-1,-1,-1
341,489,44.83,759.61,55.46,169.52,0.9649,-1,-1,-1
341,479,598.39,386.83,43.02,97.78,0.9617,-1,-1,-1
341,497,1415.43,210.09,35.28,93.37,0.958,-1,-1,-1
341,461,745.67,267.46,36.42,103.95,0.9573,-1,-1,-1
341,429,1060.17,411.98,32.4,118.87,0.9562,-1,-1,-1
341,487,612.64,352.18,33.18,102.51,0.6441,-1,-1,-1
342,498,1600.36,435.11,78.09,101.72,0.9799,-1,-1,-1
342,453,989.53,450.87,45.39,134.4,0.9779,-1,-1,-1
342,426,695.77,554.71,85.06,95.29,0.9757,-1,-1,-1
342,422,1415.06,695.59,54.64,137.01,0.9752,-1,-1,-1
342,504,1804.08,353.65,48.57,109.21,0.973,-1,-1,-1
342,489,39.73,759.12,57.92,169.94,0.9702,-1,-1,-1
342,446,880.05,410.6,54.02,96.14,0.9702,-1,-1,-1
342,485,185.66,472.27,66.35,130.01,0.9689,-1,-1,-1
342,429,1054.85,410.02,39.11,120.1,0.9686,-1,-1,-1
342,497,1417.26,209.82,36.02,92.69,0.9613,-1,-1,-1
342,479,594.82,389.69,41.99,94.78,0.9554,-1,-1,-1
342,418,1460.3,594.93,52.38,131.3,0.9543,-1,-1,-1
342,474,487.92,865.31,77.31,166.44,0.9534,-1,-1,-1
342,461,745.58,268.78,41.54,102.06,0.945,-1,-1,-1
342,487,612.32,348.48,30.58,109.55,0.9252,-1,-1,-1
343,422,1402.21,695.89,67.76,137.91,0.9789,-1,-1,-1
343,453,989.27,451.39,46.49,131.11,0.9788,-1,-1,-1
343,498,1592.02,435.88,79.04,101.21,0.9781,-1,-1,-1
343,474,482.78,864.11,77.68,168.88,0.9765,-1,-1,-1
343,418,1451.27,594.68,50.63,132.22,0.9757,-1,-1,-1
343,426,693.84,554.51,82.51,95.02,0.9743,-1,-1,-1
343,485,181.17,469.09,64.18,129.27,0.972,-1,-1,-1
343,504,1799.45,352.22,39.21,110.85,0.9707,-1,-1,-1
343,446,870.73,410.5,61.08,98.17,0.9706,-1,-1,-1
343,479,590.76,388.11,44.68,97.94,0.9694,-1,-1,-1
343,497,1419.02,207.83,36.34,97.25,0.9691,-1,-1,-1
343,489,35.02,758.07,58.26,171.05,0.9691,-1,-1,-1
343,429,1048.39,407.94,48.38,121.93,0.9628,-1,-1,-1
343,461,745.69,268.92,52.48,102.7,0.961,-1,-1,-1
343,487,610.85,345.9,31.29,109.8,0.945,-1,-1,-1
343,507,1905.4,659.56,14.6,110.46,0.5871,-1,-1,-1
344,453,990.02,451.77,46.86,128.87,0.9785,-1,-1,-1
344,426,692.96,551.61,83.01,98.57,0.9772,-1,-1,-1
344,418,1437.09,595.95,65.71,131.6,0.9765,-1,-1,-1
344,422,1393.33,695.27,75.05,138.77,0.9762,-1,-1,-1
344,485,178.19,468.69,61.28,129.91,0.9761,-1,-1,-1
344,479,582.97,389.63,51.39,96.7,0.9753,-1,-1,-1
344,474,477.71,862.69,75.95,166.39,0.9732,-1,-1,-1
344,446,865.84,412.83,61.26,99.53,0.9731,-1,-1,-1
344,504,1793.34,350.32,39.37,113.32,0.9724,-1,-1,-1
344,498,1587.33,437.65,72.45,99.75,0.9713,-1,-1,-1
344,429,1044.12,406.85,57.51,119.69,0.97,-1,-1,-1
344,461,746.59,269.47,54.15,101.53,0.9698,-1,-1,-1
344,489,30.08,758.54,61.53,169.38,0.9677,-1,-1,-1
344,497,1422.66,206.45,34.73,99.37,0.9587,-1,-1,-1
344,487,610.4,343.57,31.32,109.83,0.9501,-1,-1,-1
344,507,1901.4,639.99,18.5,125.48,0.827,-1,-1,-1
345,453,989.97,451.79,46.89,128.85,0.9785,-1,-1,-1
345,426,692.92,551.65,83.02,98.55,0.9772,-1,-1,-1
345,418,1437.11,595.93,65.72,131.6,0.9765,-1,-1,-1
345,422,1393.33,695.29,75.05,138.76,0.9761,-1,-1,-1
345,485,178.23,468.7,61.21,129.9,0.976,-1,-1,-1
345,479,583.09,389.69,51.32,96.62,0.9749,-1,-1,-1
345,474,477.64,863.35,75.86,166.27,0.9732,-1,-1,-1
345,446,865.76,412.82,61.35,99.51,0.9731,-1,-1,-1
345,504,1793.36,350.32,39.35,113.34,0.9724,-1,-1,-1
345,498,1587.32,437.54,72.4,99.86,0.9713,-1,-1,-1
345,429,1044.1,406.85,57.4,119.63,0.9703,-1,-1,-1
345,461,746.59,269.42,54.14,101.64,0.9698,-1,-1,-1
345,489,30.07,758.56,61.46,169.53,0.9678,-1,-1,-1
345,497,1422.65,206.47,34.73,99.32,0.9587,-1,-1,-1
345,487,610.36,343.39,31.35,110.16,0.9498,-1,-1,-1
345,507,1901.42,640.11,18.45,125.5,0.8246,-1,-1,-1
346,422,1384.96,687.4,78.25,147.7,0.9823,-1,-1,-1
346,426,693.87,546.64,83.69,99.98,0.9787,-1,-1,-1
346,453,991.11,451.35,44.66,128.67,0.9775,-1,-1,-1
346,504,1780.78,347.89,51.29,115.17,0.9766,-1,-1,-1
346,479,574.67,394.74,59.44,92.94,0.9753,-1,-1,-1
346,461,746.2,269.27,53.65,100.72,0.9744,-1,-1,-1
346,474,472.15,860.83,72.98,165.86,0.9725,-1,-1,-1
346,446,861.56,414.54,61.87,99.36,0.9716,-1,-1,-1
346,485,174.85,470.37,62.3,126.49,0.9711,-1,-1,-1
346,429,1045.14,405.23,60.59,117.98,0.97,-1,-1,-1
346,489,24.61,760.9,63.91,164.09,0.966,-1,-1,-1
346,497,1425.38,204.86,35.12,101.47,0.9642,-1,-1,-1
346,498,1578.88,440.66,67.61,95.95,0.9635,-1,-1,-1
346,487,609.25,341.16,32.85,112.53,0.9575,-1,-1,-1
346,418,1423.91,595.05,78.65,132.82,0.9432,-1,-1,-1
346,507,1897.91,635.36,22.09,132.33,0.8841,-1,-1,-1
347,426,693.45,542.2,89.28,104.7,0.9788,-1,-1,-1
347,418,1413.42,593.01,83.14,131.86,0.9766,-1,-1,-1
347,461,745.63,267.54,57.47,101.79,0.9743,-1,-1,-1
347,474,464.96,859.99,75.42,167.28,0.9737,-1,-1,-1
347,422,1376.07,683.26,78.92,140.06,0.9733,-1,-1,-1
347,453,993.0,449.05,41.5,129.2,0.9722,-1,-1,-1
347,429,1046.44,400.77,61.37,120.86,0.9719,-1,-1,-1
347,498,1572.76,439.26,57.38,96.63,0.9717,-1,-1,-1
347,485,173.4,471.75,65.9,124.71,0.9699,-1,-1,-1
347,504,1765.57,346.23,67.07,118.28,0.9695,-1,-1,-1
347,489,18.24,760.11,67.92,161.46,0.9678,-1,-1,-1
347,497,1427.83,204.41,35.15,101.78,0.9612,-1,-1,-1
347,487,608.35,339.52,34.41,114.5,0.9567,-1,-1,-1
347,446,859.34,417.49,62.08,95.57,0.9344,-1,-1,-1
347,507,1887.49,632.22,32.51,135.85,0.9247,-1,-1,-1
347,479,568.5,396.75,62.75,94.14,0.8785,-1,-1,-1
348,418,1402.5,593.6,89.63,126.75,0.9822,-1,-1,-1
348,474,458.89,860.54,74.31,167.57,0.9765,-1,-1,-1
348,461,746.25,266.59,57.13,102.58,0.9737,-1,-1,-1
348,504,1754.46,346.89,77.12,117.83,0.9729,-1,-1,-1
348,479,567.67,400.47,60.65,93.06,0.9717,-1,-1,-1
348,485,171.4,474.02,67.09,123.39,0.9715,-1,-1,-1
348,446,850.34,419.5,69.9,93.97,0.9701,-1,-1,-1
348,422,1366.81,679.37,82.02,131.39,0.969,-1,-1,-1
348,489,14.05,757.18,67.26,165.08,0.9678,-1,-1,-1
348,453,995.57,446.04,38.47,130.32,0.9676,-1,-1,-1
348,429,1047.42,396.78,60.98,123.96,0.9648,-1,-1,-1
348,498,1574.46,438.76,40.68,96.91,0.9645,-1,-1,-1
348,497,1431.05,205.5,34.46,101.49,0.9632,-1,-1,-1
348,507,1881.78,628.84,38.22,139.42,0.963,-1,-1,-1
348,487,607.05,339.55,35.77,115.1,0.9554,-1,-1,-1
348,426,704.67,540.99,92.96,102.91,0.9448,-1,-1,-1
349,418,1392.75,596.85,91.2,119.36,0.9799,-1,-1,-1
349,479,567.5,402.28,58.22,91.23,0.9766,-1,-1,-1
349,422,1360.59,675.7,67.92,137.37,0.9748,-1,-1,-1
349,461,748.42,265.56,54.77,103.59,0.9745,-1,-1,-1
349,489,7.5,754.76,67.27,165.59,0.9728,-1,-1,-1
349,485,170.77,476.05,66.23,122.03,0.9725,-1,-1,-1
349,474,453.95,858.36,76.74,173.89,0.9702,-1,-1,-1
349,504,1752.39,347.32,73.88,118.76,0.9689,-1,-1,-1
349,498,1563.05,436.42,50.97,99.75,0.9683,-1,-1,-1
349,453,996.47,444.69,38.52,130.16,0.9664,-1,-1,-1
349,507,1875.23,624.6,44.77,142.19,0.9656,-1,-1,-1
349,429,1052.06,394.99,56.68,122.73,0.9647,-1,-1,-1
349,487,606.25,340.52,36.91,115.81,0.9629,-1,-1,-1
349,497,1434.36,206.76,35.51,100.53,0.9547,-1,-1,-1
349,446,853.05,420.12,69.2,93.48,0.9466,-1,-1,-1
349,426,721.22,538.76,94.41,102.55,0.928,-1,-1,-1
350,418,1389.18,595.92,84.4,121.54,0.9758,-1,-1,-1
350,461,752.67,264.8,50.01,102.14,0.9754,-1,-1,-1
350,479,566.93,402.03,57.59,92.64,0.975,-1,-1,-1
350,485,171.71,476.82,62.98,120.87,0.9748,-1,-1,-1
350,422,1355.55,673.63,60.59,137.3,0.9744,-1,-1,-1
350,429,1057.97,392.35,51.12,122.37,0.9741,-1,-1,-1
350,489,2.65,750.98,62.02,164.98,0.9698,-1,-1,-1
350,504,1751.25,350.04,73.59,116.63,0.9697,-1,-1,-1
350,498,1554.2,433.84,58.11,100.15,0.9678,-1,-1,-1
350,453,998.27,443.94,37.24,129.03,0.9649,-1,-1,-1
350,474,448.7,856.76,79.62,176.15,0.9649,-1,-1,-1
350,507,1871.86,621.91,48.14,144.82,0.9648,-1,-1,-1
350,497,1438.2,208.0,34.68,98.98,0.9642,-1,-1,-1
350,487,605.63,342.23,35.91,113.06,0.9617,-1,-1,-1
350,426,732.69,532.66,91.17,106.22,0.9542,-1,-1,-1
350,446,856.92,421.37,64.56,92.44,0.9244,-1,-1,-1
351,418,1389.12,595.88,84.47,121.75,0.9759,-1,-1,-1
351,461,752.67,264.78,50.01,102.17,0.9754,-1,-1,-1
351,479,566.85,402.05,57.65,92.57,0.9751,-1,-1,-1
351,485,171.76,476.83,62.87,120.82,0.9748,-1,-1,-1
351,422,1355.67,673.09,61.06,139.39,0.9745,-1,-1,-1
351,429,1058.05,392.37,51.1,122.37,0.9742,-1,-1,-1
351,489,2.64,751.06,62.04,165.02,0.9696,-1,-1,-1
351,504,1751.22,350.03,73.57,116.6,0.9694,-1,-1,-1
351,498,1554.2,433.73,58.16,100.31,0.9678,-1,-1,-1
351,453,998.25,443.92,37.24,128.99,0.9649,-1,-1,-1
351,474,448.73,856.78,79.61,176.14,0.9649,-1,-1,-1
351,507,1871.78,621.89,48.22,145.13,0.9642,-1,-1,-1
351,497,1438.2,208.01,34.64,98.99,0.964,-1,-1,-1
351,487,605.57,342.21,36.12,113.01,0.9619,-1,-1,-1
351,426,732.6,532.84,90.9,105.97,0.9518,-1,-1,-1
351,446,857.21,421.83,64.79,92.92,0.9338,-1,-1,-1
352,422,1346.91,670.49,70.91,142.31,0.9778,-1,-1,-1
352,485,172.65,475.73,61.15,121.74,0.9752,-1,-1,-1
352,504,1751.7,350.53,67.73,116.18,0.9729,-1,-1,-1
352,489,1.46,748.62,58.85,165.65,0.9727,-1,-1,-1
352,429,1062.18,391.0,48.68,123.26,0.9726,-1,-1,-1
352,479,564.78,401.36,59.37,94.89,0.9721,-1,-1,-1
352,461,758.21,263.5,44.86,101.44,0.9717,-1,-1,-1
352,453,998.8,443.52,38.48,126.08,0.9714,-1,-1,-1
352,507,1862.0,623.45,58.0,142.65,0.9707,-1,-1,-1
352,498,1535.63,431.78,74.94,100.6,0.9698,-1,-1,-1
352,418,1382.06,594.66,73.86,129.55,0.9675,-1,-1,-1
352,474,444.55,857.11,80.89,175.23,0.967,-1,-1,-1
352,446,860.3,420.42,66.13,93.72,0.9626,-1,-1,-1
352,487,603.64,342.1,35.99,110.78,0.9625,-1,-1,-1
352,426,732.84,524.67,93.86,115.28,0.9602,-1,-1,-1
352,497,1440.84,208.25,35.59,98.09,0.955,-1,-1,-1
353,422,1338.17,663.83,76.29,144.88,0.9776,-1,-1,-1
353,498,1522.66,432.42,81.41,99.76,0.9769,-1,-1,-1
353,504,1753.69,349.14,60.54,116.68,0.976,-1,-1,-1
353,429,1067.62,390.26,44.35,122.04,0.9746,-1,-1,-1
353,418,1377.88,593.0,58.69,129.89,0.9745,-1,-1,-1
353,507,1853.58,623.34,65.29,144.09,0.9737,-1,-1,-1
353,485,170.83,473.7,59.65,123.25,0.9735,-1,-1,-1
353,479,564.22,400.01,61.43,97.04,0.9729,-1,-1,-1
353,453,999.11,443.63,41.12,123.8,0.9722,-1,-1,-1
353,474,438.99,857.99,81.71,174.18,0.9676,-1,-1,-1
353,461,765.49,262.01,38.56,102.11,0.967,-1,-1,-1
353,489,0.52,748.01,52.27,166.14,0.9661,-1,-1,-1
353,426,735.33,525.27,96.96,112.72,0.9658,-1,-1,-1
353,497,1444.11,207.46,35.08,98.84,0.9651,-1,-1,-1
353,446,860.17,419.97,72.59,94.64,0.9511,-1,-1,-1
353,487,602.03,340.85,35.58,105.07,0.946,-1,-1,-1
354,422,1326.41,660.41,74.02,133.13,0.978,-1,-1,-1
354,507,1852.68,624.41,62.52,141.55,0.9746,-1,-1,-1
354,474,431.68,859.85,83.13,172.06,0.9743,-1,-1,-1
354,504,1755.2,345.57,51.95,119.52,0.974,-1,-1,-1
354,453,998.69,443.6,43.66,122.79,0.9738,-1,-1,-1
354,418,1373.0,590.42,44.14,130.88,0.9738,-1,-1,-1
354,479,564.01,398.98,62.53,99.31,0.973,-1,-1,-1
354,429,1071.42,390.86,41.91,119.91,0.9726,-1,-1,-1
354,498,1513.71,432.96,82.5,100.33,0.9721,-1,-1,-1
354,485,168.45,470.32,58.08,124.69,0.9664,-1,-1,-1
354,446,859.21,418.85,78.77,96.74,0.9657,-1,-1,-1
354,426,747.53,529.59,94.97,99.88,0.9648,-1,-1,-1
354,461,771.59,261.18,32.72,101.66,0.9573,-1,-1,-1
354,497,1447.04,206.39,35.15,98.95,0.9567,-1,-1,-1
354,489,0.0,748.51,46.13,163.67,0.9534,-1,-1,-1
354,487,598.17,340.17,37.49,102.75,0.9474,-1,-1,-1
355,446,855.63,419.16,86.51,96.65,0.9772,-1,-1,-1
355,504,1752.92,341.97,50.46,123.18,0.9768,-1,-1,-1
355,429,1070.87,392.29,45.33,118.65,0.9755,-1,-1,-1
355,453,997.79,443.93,44.57,122.22,0.9738,-1,-1,-1
355,507,1847.5,623.76,54.61,141.35,0.9724,-1,-1,-1
355,422,1313.53,656.16,67.19,129.39,0.9723,-1,-1,-1
355,485,164.05,467.5,50.25,125.69,0.9715,-1,-1,-1
355,418,1360.71,587.23,42.82,134.81,0.9704,-1,-1,-1
355,474,424.23,859.4,83.97,169.84,0.9679,-1,-1,-1
355,426,779.87,522.93,73.17,108.68,0.9664,-1,-1,-1
355,497,1448.12,205.02,35.26,102.04,0.9615,-1,-1,-1
355,498,1508.54,435.57,74.61,99.92,0.9609,-1,-1,-1
355,479,568.52,393.59,60.09,104.73,0.959,-1,-1,-1
355,489,0.42,748.41,41.25,164.77,0.9544,-1,-1,-1
355,487,594.1,341.56,38.55,73.83,0.9515,-1,-1,-1
355,461,777.6,258.38,30.79,104.13,0.9493,-1,-1,-1
356,426,786.54,523.73,70.54,107.89,0.9796,-1,-1,-1
356,446,855.5,419.8,89.08,97.79,0.9779,-1,-1,-1
356,429,1067.45,393.2,51.94,118.0,0.9745,-1,-1,-1
356,507,1840.41,623.67,45.6,139.13,0.9745,-1,-1,-1
356,453,996.49,443.64,45.16,122.41,0.9744,-1,-1,-1
356,418,1347.89,584.7,50.46,138.8,0.9731,-1,-1,-1
356,504,1749.17,338.38,50.26,125.87,0.9725,-1,-1,-1
356,422,1301.57,652.89,55.66,130.59,0.9706,-1,-1,-1
356,485,156.42,464.28,42.77,127.21,0.9694,-1,-1,-1
356,474,414.9,859.39,86.88,172.55,0.9672,-1,-1,-1
356,498,1495.27,436.31,71.01,98.44,0.9639,-1,-1,-1
356,497,1448.03,203.68,35.5,104.92,0.9617,-1,-1,-1
356,461,777.25,258.03,32.31,103.33,0.9594,-1,-1,-1
356,479,572.23,389.97,57.89,107.38,0.9579,-1,-1,-1
356,489,1.14,753.46,36.71,159.27,0.9253,-1,-1,-1
356,487,576.9,339.06,45.99,105.83,0.9073,-1,-1,-1
357,426,786.54,523.76,70.82,107.88,0.9799,-1,-1,-1
357,446,855.49,419.83,89.04,97.75,0.9779,-1,-1,-1
357,429,1067.51,393.19,51.91,118.02,0.9746,-1,-1,-1
357,507,1840.44,623.66,45.5,139.12,0.9744,-1,-1,-1
357,453,996.51,443.66,45.15,122.36,0.9744,-1,-1,-1
357,418,1347.9,584.73,50.3,138.78,0.9732,-1,-1,-1
357,504,1749.11,338.41,50.3,125.85,0.9725,-1,-1,-1
357,422,1301.49,652.94,55.54,130.58,0.9703,-1,-1,-1
357,485,156.4,464.32,42.83,127.22,0.9695,-1,-1,-1
357,474,414.87,859.4,86.91,172.51,0.9671,-1,-1,-1
357,498,1495.15,436.33,71.18,98.41,0.9622,-1,-1,-1
357,497,1447.98,203.7,35.57,104.91,0.9618,-1,-1,-1
357,461,777.22,258.05,32.32,103.33,0.9593,-1,-1,-1
357,479,572.22,389.87,57.9,107.53,0.9578,-1,-1,-1
357,489,1.17,753.6,36.73,159.18,0.9263,-1,-1,-1
357,487,576.65,338.36,46.02,107.27,0.9109,-1,-1,-1
358,422,1286.99,651.39,54.6,132.66,0.9752,-1,-1,-1
358,446,858.44,420.95,88.86,95.26,0.9752,-1,-1,-1
358,426,784.48,524.39,70.44,107.82,0.975,-1,-1,-1
358,474,410.81,860.73,84.55,169.72,0.9745,-1,-1,-1
358,507,1831.05,621.83,43.17,140.35,0.974,-1,-1,-1
358,453,995.06,442.47,44.35,124.36,0.974,-1,-1,-1
358,485,148.93,462.85,46.05,128.83,0.9739,-1,-1,-1
358,504,1742.74,336.06,51.75,127.97,0.9734,-1,-1,-1
358,429,1064.63,392.58,54.96,118.82,0.9726,-1,-1,-1
358,418,1327.88,585.65,61.79,137.7,0.971,-1,-1,-1
358,461,775.65,258.07,37.37,103.55,0.9663,-1,-1,-1
358,498,1481.45,436.73,66.22,98.47,0.9658,-1,-1,-1
358,479,575.71,387.57,54.53,111.31,0.9652,-1,-1,-1
358,497,1447.65,204.54,35.74,104.34,0.9617,-1,-1,-1
358,487,577.92,337.98,41.49,103.77,0.9436,-1,-1,-1
358,489,0.0,763.37,33.36,144.18,0.6841,-1,-1,-1
359,426,782.15,525.11,80.31,107.04,0.9776,-1,-1,-1
359,507,1821.55,620.11,45.9,141.26,0.9765,-1,-1,-1
359,422,1270.88,644.55,64.59,140.12,0.9761,-1,-1,-1
359,498,1472.92,434.85,70.3,99.01,0.9759,-1,-1,-1
359,453,992.57,440.88,44.58,125.08,0.9753,-1,-1,-1
359,446,861.7,421.26,90.72,100.46,0.9748,-1,-1,-1
359,461,773.21,258.17,46.08,101.96,0.9746,-1,-1,-1
359,504,1737.01,334.79,53.52,128.68,0.9732,-1,-1,-1
359,418,1320.23,588.88,62.51,135.5,0.9727,-1,-1,-1
359,429,1061.35,391.27,58.15,119.83,0.9727,-1,-1,-1
359,479,577.98,385.6,52.24,113.23,0.9715,-1,-1,-1
359,474,407.82,861.02,78.15,168.6,0.9708,-1,-1,-1
359,485,141.1,462.98,50.12,128.13,0.9677,-1,-1,-1
359,497,1446.8,206.14,36.02,104.15,0.9601,-1,-1,-1
359,487,576.76,334.98,39.24,102.71,0.9583,-1,-1,-1
359,489,0.0,767.18,23.7,134.88,0.6828,-1,-1,-1
360,422,1254.23,639.39,65.7,141.56,0.9765,-1,-1,-1
360,453,992.64,439.5,42.84,124.64,0.9761,-1,-1,-1
360,418,1302.61,590.13,69.28,135.3,0.9753,-1,-1,-1
360,507,1810.57,618.94,52.15,141.75,0.9751,-1,-1,-1
360,479,583.46,384.55,47.38,113.71,0.9748,-1,-1,-1
360,461,770.41,258.31,52.36,101.74,0.9744,-1,-1,-1
360,498,1467.64,433.64,68.24,101.26,0.9743,-1,-1,-1
360,429,1061.53,388.7,62.41,119.95,0.9725,-1,-1,-1
360,504,1730.96,335.55,55.67,127.86,0.9717,-1,-1,-1
360,474,404.16,858.86,74.79,169.78,0.9709,-1,-1,-1
360,487,573.56,332.85,40.09,106.54,0.9683,-1,-1,-1
360,485,133.89,461.79,57.4,128.31,0.9683,-1,-1,-1
360,446,868.1,419.97,87.82,100.26,0.9566,-1,-1,-1
360,497,1445.44,207.43,36.08,104.24,0.9552,-1,-1,-1
360,426,789.19,523.8,100.51,106.73,0.9459,-1,-1,-1
361,422,1227.17,635.55,77.46,131.79,0.9759,-1,-1,-1
361,418,1294.24,594.77,65.8,131.7,0.9758,-1,-1,-1
361,446,874.14,420.17,85.15,100.54,0.9758,-1,-1,-1
361,498,1463.5,434.14,64.32,104.04,0.9747,-1,-1,-1
361,453,996.56,439.1,39.54,123.63,0.9747,-1,-1,-1
361,461,768.92,258.55,54.38,101.35,0.9741,-1,-1,-1
361,479,589.28,385.12,42.62,111.48,0.9733,-1,-1,-1
361,429,1064.5,386.29,63.81,118.54,0.9732,-1,-1,-1
361,485,128.25,460.63,65.87,129.83,0.9725,-1,-1,-1
361,474,398.0,855.47,75.07,173.12,0.972,-1,-1,-1
361,507,1796.94,618.45,59.46,139.9,0.9716,-1,-1,-1
361,487,568.5,330.06,43.28,113.68,0.9692,-1,-1,-1
361,504,1723.76,337.65,58.54,126.27,0.9681,-1,-1,-1
361,497,1444.44,210.39,36.06,101.44,0.9624,-1,-1,-1
361,426,793.72,521.96,109.13,106.42,0.8641,-1,-1,-1
361,506,0.0,411.23,19.24,119.59,0.7773,-1,-1,-1
362,418,1290.25,594.64,52.87,130.27,0.9771,-1,-1,-1
362,504,1713.65,339.6,63.25,125.68,0.9768,-1,-1,-1
362,507,1785.58,620.32,58.39,139.84,0.9766,-1,-1,-1
362,498,1455.89,434.26,57.01,106.24,0.9755,-1,-1,-1
362,461,768.21,258.84,54.57,101.27,0.9738,-1,-1,-1
362,422,1210.94,631.8,74.64,130.42,0.9731,-1,-1,-1
362,479,588.23,387.16,44.47,110.51,0.973,-1,-1,-1
362,485,121.95,460.18,71.65,131.21,0.9725,-1,-1,-1
362,474,392.17,854.6,71.38,173.63,0.9723,-1,-1,-1
362,487,563.34,329.36,44.06,114.48,0.9719,-1,-1,-1
362,429,1068.74,382.92,62.74,120.02,0.9716,-1,-1,-1
362,453,999.75,436.95,36.75,123.93,0.9694,-1,-1,-1
362,497,1444.03,212.39,36.18,98.71,0.9638,-1,-1,-1
362,446,886.26,418.89,74.25,100.65,0.9604,-1,-1,-1
362,506,0.12,408.89,22.55,124.53,0.8698,-1,-1,-1
362,426,801.55,521.71,107.69,104.34,0.8665,-1,-1,-1
363,418,1290.27,594.64,53.03,130.29,0.9768,-1,-1,-1
363,504,1713.51,339.63,63.37,125.69,0.9767,-1,-1,-1
363,507,1785.63,620.29,58.39,139.82,0.9766,-1,-1,-1
363,498,1455.93,434.26,56.97,106.32,0.9755,-1,-1,-1
363,461,768.2,258.85,54.56,101.29,0.974,-1,-1,-1
363,479,588.01,387.08,44.73,110.59,0.9735,-1,-1,-1
363,422,1210.95,631.77,74.66,130.47,0.973,-1,-1,-1
363,485,121.96,460.17,71.62,131.19,0.9724,-1,-1,-1
363,474,392.15,854.6,71.26,173.66,0.9722,-1,-1,-1
363,487,563.33,329.35,44.14,114.56,0.9719,-1,-1,-1
363,429,1068.75,382.89,62.77,119.97,0.9716,-1,-1,-1
363,453,999.81,436.96,36.69,123.88,0.9691,-1,-1,-1
363,497,1444.03,212.39,36.13,98.75,0.9638,-1,-1,-1
363,446,886.31,418.91,74.19,100.65,0.96,-1,-1,-1
363,506,0.14,408.9,22.52,124.54,0.8707,-1,-1,-1
363,426,801.52,521.71,107.7,104.34,0.8668,-1,-1,-1
363,510,1266.33,608.39,64.51,131.41,0.5232,-1,-1,-1
364,507,1783.0,622.81,46.13,137.78,0.9782,-1,-1,-1
364,418,1282.65,593.23,47.35,131.24,0.9772,-1,-1,-1
364,479,587.67,389.89,46.0,111.54,0.9756,-1,-1,-1
364,461,769.02,258.25,52.23,101.46,0.9741,-1,-1,-1
364,487,557.23,330.04,45.37,110.85,0.9732,-1,-1,-1
364,498,1448.15,436.12,48.49,106.2,0.9731,-1,-1,-1
364,504,1703.87,342.87,66.93,123.29,0.9728,-1,-1,-1
364,474,386.55,853.67,69.1,171.7,0.9719,-1,-1,-1
364,422,1202.6,629.74,61.12,134.2,0.9716,-1,-1,-1
364,429,1072.73,378.84,58.97,123.3,0.9712,-1,-1,-1
364,453,999.56,434.57,36.7,124.18,0.9694,-1,-1,-1
364,485,114.26,460.63,77.72,129.7,0.9663,-1,-1,-1
364,497,1443.6,212.35,36.06,98.94,0.9648,-1,-1,-1
364,446,893.65,417.61,67.59,101.58,0.9607,-1,-1,-1
364,426,820.02,523.94,103.22,101.17,0.8843,-1,-1,-1
364,506,0.0,410.82,19.28,122.28,0.8824,-1,-1,-1
365,485,108.74,460.1,81.38,131.49,0.9765,-1,-1,-1
365,487,547.46,332.25,49.26,108.02,0.976,-1,-1,-1
365,461,771.0,257.83,47.77,100.91,0.9754,-1,-1,-1
365,446,893.4,416.38,68.55,102.19,0.9753,-1,-1,-1
365,474,375.52,852.29,74.24,175.96,0.9742,-1,-1,-1
365,429,1074.04,376.34,54.74,124.0,0.9741,-1,-1,-1
365,453,997.89,431.82,38.14,126.02,0.973,-1,-1,-1
365,422,1196.63,626.97,50.43,135.68,0.9723,-1,-1,-1
365,479,590.77,395.27,42.32,111.09,0.9719,-1,-1,-1
365,418,1273.45,590.97,47.63,134.96,0.9709,-1,-1,-1
365,507,1771.4,625.06,46.09,135.51,0.9706,-1,-1,-1
365,504,1695.57,346.48,68.79,120.28,0.9695,-1,-1,-1
365,497,1441.57,211.18,36.48,100.68,0.9665,-1,-1,-1
365,498,1441.61,438.08,38.43,104.18,0.963,-1,-1,-1
365,426,825.64,522.12,103.91,101.75,0.914,-1,-1,-1
365,506,0.29,411.37,16.64,119.15,0.8738,-1,-1,-1
366,485,102.42,459.57,82.77,130.85,0.9761,-1,-1,-1
366,479,590.09,400.91,46.38,105.56,0.975,-1,-1,-1
366,418,1264.42,589.45,46.99,135.2,0.9747,-1,-1,-1
366,487,535.78,334.33,54.95,106.25,0.9738,-1,-1,-1
366,504,1687.6,348.89,69.54,119.67,0.9737,-1,-1,-1
366,429,1075.01,373.43,52.24,123.46,0.9733,-1,-1,-1
366,422,1179.14,623.05,50.35,136.22,0.9733,-1,-1,-1
366,474,363.23,851.76,80.8,177.18,0.9719,-1,-1,-1
366,453,995.25,427.48,39.7,128.35,0.9717,-1,-1,-1
366,446,893.24,416.1,69.66,109.73,0.9708,-1,-1,-1
366,426,836.22,523.57,96.3,99.58,0.9701,-1,-1,-1
366,461,774.48,257.02,39.11,101.16,0.9677,-1,-1,-1
366,497,1439.26,210.61,37.68,102.33,0.967,-1,-1,-1
366,498,1429.02,440.96,37.64,102.44,0.9669,-1,-1,-1
366,507,1753.08,625.74,57.02,135.13,0.9668,-1,-1,-1
366,506,0.26,410.33,19.81,117.39,0.8276,-1,-1,-1
367,426,838.25,524.56,94.71,102.21,0.9796,-1,-1,-1
367,418,1248.31,588.45,53.65,139.22,0.9757,-1,-1,-1
367,498,1409.73,441.79,47.09,101.16,0.9753,-1,-1,-1
367,446,891.53,416.28,72.01,111.21,0.9742,-1,-1,-1
367,487,524.29,336.91,60.86,104.41,0.9741,-1,-1,-1
367,479,584.49,402.82,58.76,103.74,0.974,-1,-1,-1
367,453,993.02,426.23,40.43,129.15,0.9739,-1,-1,-1
367,507,1739.09,623.6,64.57,138.87,0.973,-1,-1,-1
367,429,1075.17,373.08,48.13,122.2,0.9723,-1,-1,-1
367,497,1433.84,210.25,40.26,103.78,0.9719,-1,-1,-1
367,485,97.16,458.56,83.14,133.06,0.971,-1,-1,-1
367,474,357.94,848.83,76.45,179.41,0.971,-1,-1,-1
367,504,1681.93,350.45,66.97,118.56,0.9693,-1,-1,-1
367,422,1154.33,618.12,61.73,139.88,0.9685,-1,-1,-1
367,461,777.41,256.37,32.06,102.7,0.9563,-1,-1,-1
367,506,0.1,410.26,22.88,121.48,0.8635,-1,-1,-1
368,474,353.95,849.25,74.1,177.52,0.9781,-1,-1,-1
368,418,1237.35,587.94,55.55,139.92,0.9775,-1,-1,-1
368,487,514.51,337.18,64.04,103.41,0.9772,-1,-1,-1
368,453,989.13,424.44,43.9,128.63,0.9767,-1,-1,-1
368,422,1136.37,612.12,65.13,136.01,0.9755,-1,-1,-1
368,479,579.12,403.68,69.71,103.98,0.9751,-1,-1,-1
368,426,842.67,526.51,83.09,98.44,0.975,-1,-1,-1
368,446,890.71,418.17,73.2,110.21,0.9748,-1,-1,-1
368,497,1428.06,210.22,42.98,104.99,0.9731,-1,-1,-1
368,429,1075.81,372.85,46.0,121.34,0.9728,-1,-1,-1
368,507,1731.06,621.31,61.73,139.66,0.9722,-1,-1,-1
368,504,1675.68,350.93,65.3,118.2,0.9698,-1,-1,-1
368,485,91.89,459.37,76.76,132.03,0.9663,-1,-1,-1
368,498,1388.02,441.77,62.27,103.31,0.9621,-1,-1,-1
368,461,780.37,255.35,27.22,103.08,0.9567,-1,-1,-1
368,506,0.0,405.2,25.31,132.98,0.8516,-1,-1,-1
369,474,353.99,849.2,74.12,177.61,0.9779,-1,-1,-1
369,418,1237.17,587.94,55.66,140.02,0.9775,-1,-1,-1
369,487,514.52,337.15,64.03,103.43,0.9772,-1,-1,-1
369,453,989.06,424.45,44.01,128.62,0.9767,-1,-1,-1
369,422,1136.34,612.17,64.98,135.89,0.9757,-1,-1,-1
369,479,579.16,403.67,69.72,103.95,0.9751,-1,-1,-1
369,446,890.7,418.16,73.27,110.26,0.9749,-1,-1,-1
369,426,842.7,526.47,82.91,98.4,0.9748,-1,-1,-1
369,497,1428.08,210.26,42.92,105.02,0.973,-1,-1,-1
369,429,1075.43,372.83,46.5,121.36,0.9729,-1,-1,-1
369,507,1731.0,621.22,61.82,139.89,0.9721,-1,-1,-1
369,504,1675.76,350.83,65.41,118.26,0.9698,-1,-1,-1
369,485,91.86,459.39,77.18,132.02,0.9661,-1,-1,-1
369,498,1387.92,441.82,62.34,103.23,0.962,-1,-1,-1
369,461,780.31,255.32,27.31,103.07,0.9571,-1,-1,-1
369,506,0.0,405.51,25.24,132.6,0.8508,-1,-1,-1
370,418,1230.03,588.48,53.21,140.85,0.9764,-1,-1,-1
370,487,507.13,336.57,65.35,104.61,0.9746,-1,-1,-1
370,429,1072.91,372.56,49.57,121.19,0.9743,-1,-1,-1
370,453,984.18,425.27,46.71,126.91,0.9742,-1,-1,-1
370,497,1421.12,212.04,46.58,103.5,0.9741,-1,-1,-1
370,474,345.54,848.56,75.06,178.61,0.9735,-1,-1,-1
370,485,83.27,458.4,75.04,133.2,0.9734,-1,-1,-1
370,507,1718.11,617.4,62.85,142.06,0.9728,-1,-1,-1
370,426,843.53,530.05,76.7,94.85,0.972,-1,-1,-1
370,479,573.38,403.55,76.67,105.07,0.9712,-1,-1,-1
370,446,889.7,419.85,72.74,113.41,0.9707,-1,-1,-1
370,504,1668.9,352.05,64.03,116.94,0.9699,-1,-1,-1
370,422,1126.81,608.15,59.15,129.34,0.9686,-1,-1,-1
370,498,1366.34,442.57,74.85,102.23,0.9638,-1,-1,-1
370,461,779.71,254.82,26.35,102.73,0.9563,-1,-1,-1
370,506,0.2,406.33,22.35,129.98,0.8918,-1,-1,-1
371,479,568.99,403.61,74.14,105.85,0.9815,-1,-1,-1
371,453,976.94,425.02,51.71,125.58,0.9794,-1,-1,-1
371,422,1117.31,604.28,53.82,133.86,0.9729,-1,-1,-1
371,487,498.04,333.62,66.58,107.01,0.9729,-1,-1,-1
371,497,1415.58,213.28,47.78,104.84,0.9728,-1,-1,-1
371,507,1704.98,613.4,60.81,141.36,0.9727,-1,-1,-1
371,498,1348.12,445.75,81.95,99.48,0.9722,-1,-1,-1
371,485,75.05,459.76,71.04,131.51,0.9717,-1,-1,-1
371,429,1069.38,373.95,50.88,118.59,0.9711,-1,-1,-1
371,504,1660.01,351.38,62.33,116.92,0.9697,-1,-1,-1
371,474,335.85,847.39,72.71,179.5,0.9695,-1,-1,-1
371,446,888.64,420.34,70.8,113.3,0.9694,-1,-1,-1
371,426,844.7,531.78,68.12,92.06,0.9671,-1,-1,-1
371,461,772.3,254.65,32.75,102.83,0.964,-1,-1,-1
371,418,1223.25,588.13,49.13,142.63,0.9451,-1,-1,-1
371,506,0.0,406.08,24.64,131.23,0.8723,-1,-1,-1
372,453,972.16,425.23,51.67,124.8,0.9784,-1,-1,-1
372,487,483.94,332.24,71.63,108.45,0.9771,-1,-1,-1
372,497,1409.45,215.24,49.19,102.8,0.9765,-1,-1,-1
372,426,849.07,533.93,62.32,90.52,0.9759,-1,-1,-1
372,418,1215.45,587.55,45.65,141.45,0.9757,-1,-1,-1
372,474,325.85,847.87,73.22,177.08,0.9742,-1,-1,-1
372,498,1333.0,449.12,80.78,101.05,0.974,-1,-1,-1
372,461,763.42,254.78,43.45,102.87,0.9737,-1,-1,-1
372,507,1689.21,610.31,60.09,140.36,0.9732,-1,-1,-1
372,485,66.72,459.61,69.04,131.96,0.9732,-1,-1,-1
372,422,1103.21,599.93,51.94,137.22,0.9728,-1,-1,-1
372,479,569.72,403.03,64.61,105.64,0.9723,-1,-1,-1
372,429,1065.15,375.69,54.04,116.82,0.9704,-1,-1,-1
372,446,890.26,422.27,65.1,108.68,0.968,-1,-1,-1
372,504,1651.47,350.81,62.1,117.34,0.9675,-1,-1,-1
372,511,1874.44,494.67,45.56,114.31,0.9647,-1,-1,-1
372,506,0.0,405.73,28.28,132.06,0.8704,-1,-1,-1
373,418,1204.05,587.62,48.11,140.23,0.9778,-1,-1,-1
373,453,965.54,427.05,52.92,123.21,0.9759,-1,-1,-1
373,479,575.4,400.97,52.37,107.12,0.9747,-1,-1,-1
373,497,1405.82,217.22,48.52,100.35,0.9742,-1,-1,-1
373,485,55.55,460.28,66.52,131.53,0.974,-1,-1,-1
373,474,316.31,846.84,70.53,176.39,0.9738,-1,-1,-1
373,461,755.93,255.19,50.73,102.12,0.9735,-1,-1,-1
373,426,856.82,533.84,52.12,90.32,0.9727,-1,-1,-1
373,429,1059.0,377.75,59.6,114.82,0.9723,-1,-1,-1
373,487,470.4,329.38,72.97,110.78,0.9712,-1,-1,-1
373,422,1083.54,596.97,55.36,138.04,0.971,-1,-1,-1
373,446,897.17,421.82,56.07,109.33,0.9701,-1,-1,-1
373,504,1642.69,351.14,62.07,118.72,0.9695,-1,-1,-1
373,498,1321.05,452.06,70.83,98.74,0.9655,-1,-1,-1
373,507,1675.95,606.62,57.16,137.87,0.9644,-1,-1,-1
373,511,1856.12,493.45,58.79,117.08,0.9621,-1,-1,-1
373,506,0.0,434.24,27.19,102.63,0.7444,-1,-1,-1
374,418,1193.23,588.8,51.7,137.29,0.9781,-1,-1,-1
374,474,309.34,844.36,71.31,175.09,0.9758,-1,-1,-1
374,479,581.01,399.27,43.7,108.75,0.9754,-1,-1,-1
374,461,749.57,256.65,51.85,100.5,0.9752,-1,-1,-1
374,453,961.2,426.29,51.73,124.24,0.9751,-1,-1,-1
374,497,1405.26,216.47,43.68,101.17,0.9739,-1,-1,-1
374,446,903.06,419.82,48.2,110.15,0.9739,-1,-1,-1
374,422,1066.9,592.42,56.55,139.5,0.9721,-1,-1,-1
374,507,1666.06,602.37,50.13,133.61,0.972,-1,-1,-1
374,485,45.28,461.46,65.26,129.3,0.9719,-1,-1,-1
374,429,1052.74,379.25,59.21,112.58,0.9712,-1,-1,-1
374,504,1634.8,350.74,62.07,119.87,0.9707,-1,-1,-1
374,487,459.61,327.14,62.44,111.76,0.967,-1,-1,-1
374,498,1310.56,454.95,63.36,96.48,0.9653,-1,-1,-1
374,426,863.88,533.34,40.15,90.89,0.9615,-1,-1,-1
374,511,1847.23,493.32,68.09,117.02,0.9613,-1,-1,-1
374,506,0.69,427.53,14.29,101.51,0.6408,-1,-1,-1
375,418,1193.23,588.7,51.71,137.45,0.9782,-1,-1,-1
375,474,309.33,844.34,71.34,175.14,0.9756,-1,-1,-1
375,479,580.99,399.24,43.72,108.9,0.9755,-1,-1,-1
375,461,749.54,256.63,52.08,100.52,0.9754,-1,-1,-1
375,453,961.3,426.3,51.53,124.17,0.9752,-1,-1,-1
375,497,1405.28,216.46,43.72,101.2,0.9739,-1,-1,-1
375,446,903.01,419.8,48.17,110.16,0.9737,-1,-1,-1
375,507,1666.06,602.35,50.08,133.65,0.9721,-1,-1,-1
375,422,1066.98,592.3,56.67,139.71,0.9721,-1,-1,-1
375,485,45.27,461.47,65.39,129.26,0.972,-1,-1,-1
375,429,1052.75,379.28,59.25,112.5,0.9714,-1,-1,-1
375,504,1634.75,350.75,62.14,119.92,0.9708,-1,-1,-1
375,487,459.27,327.14,63.37,111.84,0.9666,-1,-1,-1
375,498,1310.55,455.03,63.2,96.48,0.9653,-1,-1,-1
375,426,863.86,533.4,40.27,90.88,0.9609,-1,-1,-1
375,511,1847.34,493.25,67.84,117.04,0.9608,-1,-1,-1
375,506,0.72,427.41,14.03,101.18,0.6246,-1,-1,-1
376,461,745.76,256.52,49.06,100.87,0.9755,-1,-1,-1
376,418,1180.53,591.76,60.65,135.83,0.9751,-1,-1,-1
376,429,1047.07,380.82,57.47,110.77,0.9748,-1,-1,-1
376,474,300.67,843.17,73.31,173.93,0.9741,-1,-1,-1
376,453,958.79,426.65,47.39,123.22,0.9736,-1,-1,-1
376,507,1657.21,597.09,45.94,137.54,0.9728,-1,-1,-1
376,487,449.76,326.53,54.71,111.84,0.9717,-1,-1,-1
376,497,1405.75,214.94,39.62,102.31,0.9716,-1,-1,-1
376,479,583.85,398.63,39.66,110.05,0.9714,-1,-1,-1
376,485,36.64,460.97,65.18,130.48,0.9713,-1,-1,-1
376,426,863.66,532.97,40.9,91.23,0.9696,-1,-1,-1
376,446,896.03,417.73,56.49,113.59,0.9694,-1,-1,-1
376,498,1297.5,455.61,72.72,97.72,0.9693,-1,-1,-1
376,504,1628.94,351.48,61.99,120.88,0.9686,-1,-1,-1
376,422,1050.91,588.82,56.66,130.95,0.9654,-1,-1,-1
376,511,1834.27,492.59,57.79,115.9,0.9541,-1,-1,-1
376,506,0.54,430.92,12.49,105.99,0.7226,-1,-1,-1
377,498,1290.68,456.18,73.08,98.44,0.9818,-1,-1,-1
377,507,1646.77,594.01,50.22,140.38,0.9752,-1,-1,-1
377,429,1043.92,379.09,55.45,111.53,0.9748,-1,-1,-1
377,453,956.21,425.69,45.14,123.65,0.9743,-1,-1,-1
377,418,1168.59,594.23,70.51,135.69,0.9738,-1,-1,-1
377,474,295.28,842.93,70.2,171.33,0.9734,-1,-1,-1
377,461,744.16,255.94,44.55,100.93,0.9734,-1,-1,-1
377,497,1404.13,214.05,37.64,104.34,0.9712,-1,-1,-1
377,511,1815.77,491.6,45.74,115.14,0.9708,-1,-1,-1
377,504,1622.69,353.16,61.79,121.44,0.9706,-1,-1,-1
377,422,1036.4,585.84,54.76,124.25,0.9701,-1,-1,-1
377,446,893.13,414.33,63.22,117.21,0.9699,-1,-1,-1
377,487,439.11,325.5,53.87,112.67,0.9696,-1,-1,-1
377,485,28.58,460.94,66.88,130.88,0.9696,-1,-1,-1
377,426,864.76,533.59,54.63,92.85,0.9686,-1,-1,-1
377,479,583.45,399.17,39.84,109.77,0.9673,-1,-1,-1
377,506,0.5,436.16,10.81,98.96,0.6734,-1,-1,-1
378,453,953.54,424.32,44.24,121.42,0.975,-1,-1,-1
378,474,291.09,842.84,70.06,170.1,0.9739,-1,-1,-1
378,429,1045.52,376.37,50.8,111.62,0.9739,-1,-1,-1
378,504,1617.88,355.53,62.01,122.17,0.9738,-1,-1,-1
378,507,1637.2,591.64,56.12,140.73,0.9732,-1,-1,-1
378,461,746.1,255.9,39.52,101.51,0.9731,-1,-1,-1
378,418,1158.96,599.83,79.98,130.21,0.9727,-1,-1,-1
378,498,1286.29,454.51,69.45,106.05,0.9716,-1,-1,-1
378,479,583.26,399.12,41.45,110.02,0.9714,-1,-1,-1
378,485,22.54,459.88,67.83,131.26,0.9712,-1,-1,-1
378,487,432.12,326.09,51.95,111.25,0.9709,-1,-1,-1
378,426,864.27,532.75,70.58,96.04,0.9705,-1,-1,-1
378,422,1020.8,583.73,52.86,128.38,0.9682,-1,-1,-1
378,446,891.46,412.6,65.5,119.35,0.9681,-1,-1,-1
378,511,1796.08,489.94,54.47,117.62,0.966,-1,-1,-1
378,497,1402.02,213.5,37.24,105.53,0.9649,-1,-1,-1
379,418,1147.12,601.84,89.65,128.22,0.9829,-1,-1,-1
379,479,584.62,403.67,44.26,105.56,0.9766,-1,-1,-1
379,426,868.05,534.22,74.43,95.54,0.9762,-1,-1,-1
379,504,1614.15,357.12,63.66,120.27,0.9752,-1,-1,-1
379,453,950.84,421.06,46.17,124.74,0.9744,-1,-1,-1
379,429,1045.61,372.84,49.67,112.66,0.9742,-1,-1,-1
379,487,424.53,328.13,50.3,108.96,0.9741,-1,-1,-1
379,498,1283.26,454.92,61.66,106.69,0.9739,-1,-1,-1
379,485,17.92,459.74,65.74,131.86,0.9729,-1,-1,-1
379,474,287.86,843.33,72.91,168.99,0.9725,-1,-1,-1
379,497,1399.11,214.68,39.71,105.35,0.9702,-1,-1,-1
379,511,1775.85,486.5,68.37,122.71,0.969,-1,-1,-1
379,422,1008.0,582.2,52.18,129.27,0.9687,-1,-1,-1
379,446,892.35,410.9,67.36,121.1,0.9673,-1,-1,-1
379,461,750.65,255.15,31.65,102.67,0.9632,-1,-1,-1
379,507,1626.46,589.57,61.2,141.9,0.9569,-1,-1,-1
379,512,1888.36,648.62,31.39,130.14,0.9176,-1,-1,-1
379,506,0.12,441.66,9.34,91.28,0.6241,-1,-1,-1
380,418,1139.22,603.29,96.59,128.41,0.9792,-1,-1,-1
380,426,873.27,535.41,72.44,99.95,0.976,-1,-1,-1
380,504,1612.38,357.85,64.74,119.4,0.9756,-1,-1,-1
380,479,586.25,406.61,52.83,105.02,0.9751,-1,-1,-1
380,422,998.72,578.23,49.07,131.89,0.975,-1,-1,-1
380,474,285.73,846.59,73.26,164.24,0.9742,-1,-1,-1
380,453,950.71,419.93,46.03,124.1,0.9732,-1,-1,-1
380,487,416.14,331.51,51.24,106.49,0.9727,-1,-1,-1
380,498,1280.28,456.04,55.85,108.43,0.9725,-1,-1,-1
380,507,1616.29,589.24,64.87,135.54,0.9724,-1,-1,-1
380,429,1041.91,368.66,53.39,116.53,0.9718,-1,-1,-1
380,511,1757.52,485.85,80.25,124.29,0.971,-1,-1,-1
380,497,1399.36,216.29,40.13,104.4,0.9701,-1,-1,-1
380,446,894.79,411.64,66.76,116.04,0.9672,-1,-1,-1
380,485,16.52,459.25,58.36,132.42,0.9663,-1,-1,-1
380,512,1877.55,638.72,42.15,143.82,0.9645,-1,-1,-1
380,461,753.84,254.69,27.7,101.8,0.9563,-1,-1,-1
380,506,0.13,442.54,15.84,92.91,0.7569,-1,-1,-1
381,418,1139.19,603.22,96.62,128.44,0.9792,-1,-1,-1
381,426,873.26,535.48,72.43,99.88,0.976,-1,-1,-1
381,504,1612.39,357.85,64.73,119.41,0.9755,-1,-1,-1
381,479,586.23,406.56,52.86,105.13,0.9752,-1,-1,-1
381,422,998.43,578.16,49.37,131.95,0.975,-1,-1,-1
381,474,285.7,846.57,73.36,164.29,0.9742,-1,-1,-1
381,453,950.74,419.92,46.02,124.16,0.9733,-1,-1,-1
381,487,416.2,331.53,51.21,106.47,0.9727,-1,-1,-1
381,507,1616.3,589.26,64.8,135.52,0.9725,-1,-1,-1
381,498,1280.29,456.04,55.85,108.54,0.9724,-1,-1,-1
381,429,1041.88,368.67,53.37,116.53,0.9718,-1,-1,-1
381,511,1757.5,485.83,80.3,124.27,0.971,-1,-1,-1
381,497,1399.32,216.28,40.16,104.41,0.9701,-1,-1,-1
381,446,894.81,411.64,66.73,115.96,0.9676,-1,-1,-1
381,485,16.56,459.27,58.32,132.39,0.9662,-1,-1,-1
381,512,1877.53,638.76,42.17,143.75,0.9644,-1,-1,-1
381,461,753.83,254.67,27.72,101.85,0.9563,-1,-1,-1
381,506,0.13,442.55,15.97,92.92,0.7545,-1,-1,-1
382,418,1134.02,601.05,93.85,130.82,0.9791,-1,-1,-1
382,422,991.47,574.23,51.7,128.28,0.9756,-1,-1,-1
382,511,1735.55,485.87,93.33,123.76,0.9749,-1,-1,-1
382,497,1398.47,218.16,42.94,106.02,0.9742,-1,-1,-1
382,429,1043.95,365.57,50.1,117.86,0.9738,-1,-1,-1
382,504,1609.91,357.85,66.03,119.92,0.9735,-1,-1,-1
382,474,285.51,851.1,76.14,158.63,0.9734,-1,-1,-1
382,479,589.37,411.33,63.97,103.74,0.9728,-1,-1,-1
382,453,951.03,417.99,44.87,124.91,0.9724,-1,-1,-1
382,498,1277.44,459.13,49.74,108.32,0.971,-1,-1,-1
382,507,1610.36,590.18,65.44,130.36,0.9706,-1,-1,-1
382,426,878.76,537.15,75.26,101.74,0.9698,-1,-1,-1
382,487,405.67,334.45,55.02,103.64,0.9694,-1,-1,-1
382,485,9.73,459.24,58.24,132.23,0.9674,-1,-1,-1
382,461,753.94,254.67,30.18,101.75,0.9604,-1,-1,-1
382,446,901.27,411.84,60.84,111.85,0.9602,-1,-1,-1
382,512,1870.04,635.65,48.28,141.69,0.9589,-1,-1,-1
382,506,0.84,430.79,12.7,92.02,0.4528,-1,-1,-1
383,511,1726.2,485.03,89.7,125.56,0.9774,-1,-1,-1
383,418,1122.62,597.47,98.05,134.58,0.9767,-1,-1,-1
383,487,393.79,337.77,60.8,100.13,0.9758,-1,-1,-1
383,429,1046.15,362.88,46.97,118.71,0.9746,-1,-1,-1
383,497,1398.2,221.3,43.49,102.93,0.9746,-1,-1,-1
383,422,980.34,571.72,58.87,118.54,0.9738,-1,-1,-1
383,512,1857.08,635.48,57.62,136.95,0.9732,-1,-1,-1
383,474,285.7,856.99,75.8,151.77,0.9731,-1,-1,-1
383,504,1610.24,357.89,64.44,120.2,0.973,-1,-1,-1
383,507,1604.48,590.67,62.36,129.6,0.9719,-1,-1,-1
383,498,1273.65,460.59,49.29,112.91,0.9708,-1,-1,-1
383,479,593.45,416.11,69.48,100.01,0.9707,-1,-1,-1
383,453,948.9,415.23,47.17,126.17,0.9697,-1,-1,-1
383,426,882.52,539.78,71.32,98.76,0.9658,-1,-1,-1
383,485,10.31,459.34,52.32,131.4,0.9652,-1,-1,-1
383,461,754.64,254.68,37.57,101.23,0.9638,-1,-1,-1
383,446,909.34,410.73,54.47,110.73,0.8218,-1,-1,-1
383,506,0.25,420.43,21.78,102.74,0.5544,-1,-1,-1
384,512,1847.32,638.59,63.93,132.12,0.9768,-1,-1,-1
384,429,1046.71,361.68,47.16,118.03,0.9756,-1,-1,-1
384,461,755.46,254.9,43.22,101.32,0.9743,-1,-1,-1
384,497,1399.14,223.59,43.12,100.28,0.9742,-1,-1,-1
384,474,286.9,861.25,74.66,146.74,0.9736,-1,-1,-1
384,422,969.74,571.19,60.78,114.1,0.9735,-1,-1,-1
384,487,385.48,340.08,70.01,98.5,0.9729,-1,-1,-1
384,418,1114.18,598.56,98.12,132.61,0.9728,-1,-1,-1
384,507,1594.21,590.21,60.23,130.85,0.9728,-1,-1,-1
384,504,1612.73,357.52,61.25,120.12,0.9721,-1,-1,-1
384,453,947.43,411.78,49.84,128.5,0.9707,-1,-1,-1
384,479,597.53,420.44,70.72,95.18,0.9697,-1,-1,-1
384,511,1727.21,487.38,73.06,123.17,0.9668,-1,-1,-1
384,485,7.06,460.89,56.0,129.53,0.9655,-1,-1,-1
384,426,884.78,542.39,68.73,95.47,0.9644,-1,-1,-1
384,498,1272.29,461.69,46.73,111.93,0.964,-1,-1,-1
384,506,0.75,425.56,21.85,93.72,0.5743,-1,-1,-1
385,429,1047.03,361.43,51.08,116.01,0.9769,-1,-1,-1
385,418,1104.4,595.67,93.24,136.32,0.9756,-1,-1,-1
385,487,381.18,341.82,73.7,97.86,0.9751,-1,-1,-1
385,461,756.97,257.31,46.34,100.33,0.9745,-1,-1,-1
385,504,1617.69,357.22,55.69,119.57,0.9742,-1,-1,-1
385,497,1401.75,223.25,42.91,100.89,0.9741,-1,-1,-1
385,507,1583.95,587.88,57.6,131.78,0.9731,-1,-1,-1
385,453,948.57,409.55,51.12,130.03,0.9725,-1,-1,-1
385,474,286.17,863.42,76.68,143.28,0.9721,-1,-1,-1
385,512,1838.45,639.89,71.82,126.8,0.9711,-1,-1,-1
385,422,947.07,570.36,75.05,116.58,0.9706,-1,-1,-1
385,498,1272.14,460.63,42.66,113.13,0.9689,-1,-1,-1
385,426,880.21,543.25,74.21,95.64,0.9686,-1,-1,-1
385,511,1724.57,487.92,60.71,121.85,0.9686,-1,-1,-1
385,479,604.22,425.87,65.81,89.67,0.9649,-1,-1,-1
385,485,10.34,464.33,52.82,126.24,0.9612,-1,-1,-1
385,506,0.77,433.53,24.19,81.34,0.6792,-1,-1,-1
386,487,372.38,343.06,83.69,96.91,0.9796,-1,-1,-1
386,429,1046.04,362.56,58.03,113.41,0.9766,-1,-1,-1
386,453,953.18,412.71,48.54,127.18,0.9756,-1,-1,-1
386,461,759.52,258.39,45.18,99.42,0.9753,-1,-1,-1
386,422,953.09,571.47,55.3,114.08,0.9752,-1,-1,-1
386,504,1620.72,356.62,52.49,119.06,0.9751,-1,-1,-1
386,512,1832.72,639.53,79.18,125.19,0.9749,-1,-1,-1
386,497,1404.38,221.88,43.61,101.75,0.974,-1,-1,-1
386,511,1714.04,487.55,50.66,123.05,0.9737,-1,-1,-1
386,474,282.06,863.39,82.99,140.08,0.9731,-1,-1,-1
386,479,606.88,428.38,65.44,86.1,0.9704,-1,-1,-1
386,418,1099.57,594.83,85.51,135.42,0.9696,-1,-1,-1
386,498,1272.78,458.26,39.83,116.27,0.9684,-1,-1,-1
386,507,1579.56,583.14,58.96,136.08,0.9665,-1,-1,-1
386,485,13.14,464.37,51.07,126.7,0.9643,-1,-1,-1
386,426,866.85,541.13,87.09,96.63,0.9605,-1,-1,-1
386,506,0.0,432.59,30.18,104.44,0.8605,-1,-1,-1
387,487,372.41,343.03,83.67,96.91,0.9795,-1,-1,-1
387,429,1046.04,362.6,58.01,113.38,0.9766,-1,-1,-1
387,453,953.15,412.67,48.6,127.21,0.9756,-1,-1,-1
387,461,759.52,258.42,45.2,99.39,0.9754,-1,-1,-1
387,504,1620.76,356.62,52.46,119.05,0.9751,-1,-1,-1
387,422,953.04,571.39,55.4,114.17,0.975,-1,-1,-1
387,512,1832.7,639.51,79.2,125.21,0.9749,-1,-1,-1
387,497,1404.36,221.87,43.67,101.77,0.9741,-1,-1,-1
387,511,1713.73,487.56,51.05,123.02,0.9738,-1,-1,-1
387,474,281.99,863.39,83.06,140.09,0.9733,-1,-1,-1
387,479,606.87,428.4,65.46,86.09,0.9704,-1,-1,-1
387,418,1099.54,594.83,85.54,135.39,0.9696,-1,-1,-1
387,498,1272.8,458.23,39.81,116.28,0.9685,-1,-1,-1
387,507,1579.54,583.15,58.94,136.03,0.9665,-1,-1,-1
387,485,13.11,464.37,51.11,126.73,0.9642,-1,-1,-1
387,426,867.09,541.08,86.96,96.72,0.9602,-1,-1,-1
387,506,0.0,432.53,30.06,104.59,0.8623,-1,-1,-1
388,487,364.41,343.87,92.41,95.83,0.9847,-1,-1,-1
388,474,278.29,862.28,90.75,141.15,0.9788,-1,-1,-1
388,512,1828.84,637.98,86.35,125.15,0.9784,-1,-1,-1
388,497,1409.12,219.76,47.13,103.93,0.978,-1,-1,-1
388,461,762.63,259.61,45.12,97.35,0.9759,-1,-1,-1
388,504,1622.54,357.58,51.35,118.14,0.9759,-1,-1,-1
388,511,1704.76,485.06,51.08,124.36,0.9747,-1,-1,-1
388,422,948.63,570.43,52.26,113.14,0.9744,-1,-1,-1
388,418,1094.61,594.31,73.59,137.18,0.9736,-1,-1,-1
388,485,16.04,466.06,54.03,123.96,0.973,-1,-1,-1
388,479,609.36,429.09,65.54,85.38,0.9691,-1,-1,-1
388,507,1577.02,580.71,61.87,138.02,0.9676,-1,-1,-1
388,453,956.75,410.48,43.61,125.86,0.967,-1,-1,-1
388,498,1274.82,455.38,39.18,118.55,0.9576,-1,-1,-1
388,426,879.16,540.52,70.69,99.71,0.9564,-1,-1,-1
388,429,1046.59,364.78,64.78,112.17,0.943,-1,-1,-1
388,506,0.0,426.71,31.67,115.19,0.9159,-1,-1,-1
389,487,363.87,345.99,93.47,93.53,0.9827,-1,-1,-1
389,512,1823.55,638.26,94.77,125.19,0.9812,-1,-1,-1
389,507,1576.7,576.03,64.71,144.48,0.9749,-1,-1,-1
389,497,1418.78,217.86,45.11,105.77,0.9741,-1,-1,-1
389,429,1047.02,367.69,72.83,110.16,0.9737,-1,-1,-1
389,511,1699.8,482.72,62.02,127.75,0.9737,-1,-1,-1
389,426,864.52,538.04,81.02,101.64,0.9734,-1,-1,-1
389,422,942.37,568.96,59.45,112.98,0.9718,-1,-1,-1
389,504,1629.24,357.46,51.95,119.39,0.9715,-1,-1,-1
389,461,768.2,260.78,45.82,95.85,0.9711,-1,-1,-1
389,474,276.96,860.37,100.98,140.67,0.9711,-1,-1,-1
389,418,1094.57,589.88,74.15,141.31,0.9701,-1,-1,-1
389,498,1278.8,453.91,41.04,120.64,0.9679,-1,-1,-1
389,485,20.67,468.48,55.27,121.16,0.9651,-1,-1,-1
389,479,612.79,428.85,70.69,87.02,0.965,-1,-1,-1
389,453,962.83,407.73,52.11,130.5,0.9576,-1,-1,-1
389,506,0.0,425.22,35.71,116.99,0.9388,-1,-1,-1
390,487,367.33,346.88,91.0,92.82,0.982,-1,-1,-1
390,507,1583.2,574.54,65.08,141.35,0.9782,-1,-1,-1
390,511,1701.29,480.17,68.43,130.39,0.9781,-1,-1,-1
390,426,865.98,534.86,81.62,103.54,0.9762,-1,-1,-1
390,512,1832.91,636.54,84.7,120.94,0.9747,-1,-1,-1
390,461,776.33,259.22,47.96,96.91,0.9743,-1,-1,-1
390,497,1429.82,217.64,44.54,105.8,0.9739,-1,-1,-1
390,422,944.32,564.76,53.57,115.2,0.9736,-1,-1,-1
390,504,1635.71,357.88,56.18,118.4,0.9734,-1,-1,-1
390,418,1100.99,589.58,71.96,141.05,0.9732,-1,-1,-1
390,429,1057.21,371.7,76.93,106.9,0.9725,-1,-1,-1
390,453,973.27,411.27,42.87,124.02,0.9691,-1,-1,-1
390,498,1288.57,454.03,39.82,119.09,0.9684,-1,-1,-1
390,474,279.87,857.24,102.67,143.09,0.9682,-1,-1,-1
390,485,28.46,470.44,59.1,118.15,0.968,-1,-1,-1
390,479,620.47,427.82,72.96,92.44,0.9661,-1,-1,-1
390,506,0.4,422.45,41.32,117.75,0.9623,-1,-1,-1
391,418,1110.08,589.63,70.21,139.56,0.9769,-1,-1,-1
391,507,1588.58,574.0,64.72,137.06,0.9765,-1,-1,-1
391,429,1069.44,375.31,77.13,101.93,0.9756,-1,-1,-1
391,422,946.87,561.68,47.91,113.88,0.9754,-1,-1,-1
391,504,1646.12,357.96,58.31,118.1,0.9744,-1,-1,-1
391,511,1696.22,478.75,83.77,129.17,0.9737,-1,-1,-1
391,497,1443.35,216.87,44.68,106.06,0.9734,-1,-1,-1
391,487,375.67,347.24,85.35,92.41,0.9731,-1,-1,-1
391,461,786.48,257.28,50.0,98.6,0.9727,-1,-1,-1
391,479,628.84,427.33,77.39,93.72,0.9718,-1,-1,-1
391,474,282.85,856.98,107.37,141.33,0.9677,-1,-1,-1
391,485,38.33,472.66,64.03,115.51,0.9673,-1,-1,-1
391,426,878.23,533.04,75.46,105.96,0.9671,-1,-1,-1
391,512,1846.32,634.29,72.01,121.02,0.966,-1,-1,-1
391,506,0.17,419.73,54.36,118.47,0.9643,-1,-1,-1
391,453,985.55,409.68,45.12,126.64,0.9629,-1,-1,-1
391,514,1011.01,399.23,58.81,117.79,0.9568,-1,-1,-1
391,498,1301.52,453.35,39.05,120.18,0.9557,-1,-1,-1
392,511,1693.49,478.72,95.09,130.43,0.9807,-1,-1,-1
392,497,1458.13,218.56,44.84,105.91,0.9776,-1,-1,-1
392,487,389.51,346.71,74.29,92.44,0.9763,-1,-1,-1
392,474,287.67,860.43,105.67,136.28,0.9753,-1,-1,-1
392,504,1659.71,358.3,57.93,117.83,0.9749,-1,-1,-1
392,507,1599.7,575.06,58.85,130.84,0.9734,-1,-1,-1
392,479,636.86,427.94,79.0,93.6,0.9729,-1,-1,-1
392,429,1080.77,374.04,79.1,102.75,0.9716,-1,-1,-1
392,422,948.53,560.25,53.19,111.34,0.9715,-1,-1,-1
392,485,43.32,473.66,73.52,113.81,0.9715,-1,-1,-1
392,461,798.41,256.13,52.51,100.47,0.971,-1,-1,-1
392,512,1853.24,634.53,66.76,123.8,0.9695,-1,-1,-1
392,453,998.92,410.03,42.45,127.06,0.9685,-1,-1,-1
392,498,1312.14,454.72,41.31,123.4,0.9653,-1,-1,-1
392,514,1031.43,403.34,54.35,119.36,0.965,-1,-1,-1
392,426,889.49,533.57,73.86,102.72,0.9644,-1,-1,-1
392,506,4.46,419.13,64.0,119.75,0.9599,-1,-1,-1
392,418,1123.05,591.85,59.42,139.1,0.9561,-1,-1,-1
393,511,1693.5,478.71,95.08,130.44,0.9808,-1,-1,-1
393,497,1458.12,218.59,44.84,105.93,0.9775,-1,-1,-1
393,487,389.42,346.75,74.41,92.4,0.9766,-1,-1,-1
393,474,287.62,860.48,105.82,136.27,0.9755,-1,-1,-1
393,504,1659.75,358.28,57.88,117.86,0.975,-1,-1,-1
393,507,1599.52,575.05,59.05,130.88,0.9735,-1,-1,-1
393,479,636.81,427.89,79.0,93.63,0.9727,-1,-1,-1
393,485,43.34,473.68,73.53,113.8,0.9716,-1,-1,-1
393,422,948.3,560.2,53.44,111.46,0.9715,-1,-1,-1
393,429,1080.91,374.04,78.96,102.75,0.9712,-1,-1,-1
393,461,798.39,256.11,52.55,100.52,0.9708,-1,-1,-1
393,512,1853.15,634.46,66.85,124.0,0.9695,-1,-1,-1
393,453,998.9,410.0,42.49,127.12,0.9685,-1,-1,-1
393,498,1312.34,454.67,41.06,123.4,0.9655,-1,-1,-1
393,514,1031.49,403.41,54.15,119.33,0.9652,-1,-1,-1
393,426,889.49,533.4,73.78,102.63,0.9648,-1,-1,-1
393,506,4.37,419.14,64.11,119.84,0.96,-1,-1,-1
393,418,1122.87,591.8,59.61,139.15,0.9547,-1,-1,-1
394,511,1700.48,482.01,92.81,130.1,0.9799,-1,-1,-1
394,474,288.01,864.62,103.95,132.34,0.9787,-1,-1,-1
394,429,1091.73,373.48,83.39,104.13,0.978,-1,-1,-1
394,507,1613.85,576.67,50.42,126.7,0.9777,-1,-1,-1
394,418,1133.94,594.59,49.7,135.69,0.9776,-1,-1,-1
394,485,50.59,476.3,81.71,110.77,0.976,-1,-1,-1
394,497,1474.16,220.29,46.2,105.18,0.9738,-1,-1,-1
394,487,401.48,349.08,65.88,90.77,0.9723,-1,-1,-1
394,453,1014.63,409.11,43.4,127.72,0.9718,-1,-1,-1
394,461,810.17,256.36,53.98,100.44,0.9699,-1,-1,-1
394,498,1328.52,458.14,40.57,122.61,0.9697,-1,-1,-1
394,422,949.69,561.0,69.77,111.34,0.9694,-1,-1,-1
394,512,1857.64,636.52,60.63,121.34,0.9665,-1,-1,-1
394,479,646.23,429.75,79.03,91.35,0.9629,-1,-1,-1
394,514,1049.61,406.02,56.27,123.92,0.9617,-1,-1,-1
394,504,1673.78,359.23,59.01,118.23,0.9587,-1,-1,-1
394,506,17.87,422.04,58.06,111.8,0.9579,-1,-1,-1
394,426,907.43,534.77,58.78,99.81,0.9545,-1,-1,-1
395,429,1100.87,371.84,88.42,104.52,0.9796,-1,-1,-1
395,485,58.1,480.79,90.96,105.03,0.9794,-1,-1,-1
395,474,289.77,865.38,101.52,131.62,0.9786,-1,-1,-1
395,418,1141.68,597.39,49.81,133.28,0.9758,-1,-1,-1
395,453,1029.19,407.8,44.75,127.56,0.9746,-1,-1,-1
395,487,409.03,346.37,72.13,92.79,0.9739,-1,-1,-1
395,461,824.16,255.99,48.96,101.0,0.9732,-1,-1,-1
395,504,1688.51,358.66,61.64,123.24,0.9732,-1,-1,-1
395,511,1718.88,484.98,78.97,128.73,0.9728,-1,-1,-1
395,507,1623.18,578.64,43.01,127.24,0.972,-1,-1,-1
395,479,656.97,430.17,78.85,91.85,0.9716,-1,-1,-1
395,497,1490.8,223.21,47.67,104.1,0.9695,-1,-1,-1
395,514,1067.58,409.92,64.51,118.22,0.9679,-1,-1,-1
395,512,1867.04,636.57,51.96,121.59,0.9665,-1,-1,-1
395,498,1342.46,462.11,41.27,122.19,0.9659,-1,-1,-1
395,506,31.95,423.73,57.54,108.13,0.9593,-1,-1,-1
395,422,952.58,556.16,80.7,111.04,0.9558,-1,-1,-1
395,426,921.46,537.94,55.16,96.65,0.9436,-1,-1,-1
396,504,1707.05,360.25,59.39,119.98,0.9761,-1,-1,-1
396,507,1630.91,579.13,46.89,126.76,0.9729,-1,-1,-1
396,461,838.64,255.57,44.54,101.5,0.9729,-1,-1,-1
396,429,1109.08,371.85,91.99,105.62,0.9728,-1,-1,-1
396,487,421.57,343.95,75.12,98.02,0.9721,-1,-1,-1
396,497,1507.48,227.19,50.53,100.69,0.972,-1,-1,-1
396,453,1045.72,407.97,44.55,127.11,0.972,-1,-1,-1
396,418,1143.97,601.83,65.51,131.07,0.9715,-1,-1,-1
396,511,1731.84,485.6,68.94,128.01,0.9691,-1,-1,-1
396,485,69.68,480.74,95.95,107.92,0.9686,-1,-1,-1
396,479,666.77,430.17,76.98,90.83,0.9625,-1,-1,-1
396,506,47.53,427.55,59.5,107.47,0.9622,-1,-1,-1
396,498,1347.48,466.29,53.25,119.82,0.9618,-1,-1,-1
396,514,1089.24,414.13,71.0,114.0,0.9609,-1,-1,-1
396,474,294.1,863.0,115.92,131.98,0.9556,-1,-1,-1
396,422,944.02,542.84,96.01,124.29,0.9436,-1,-1,-1
396,512,1869.21,635.5,50.51,121.72,0.8237,-1,-1,-1
397,487,431.43,342.86,78.84,101.07,0.9749,-1,-1,-1
397,504,1726.44,361.42,58.08,119.67,0.9741,-1,-1,-1
397,479,679.84,430.12,75.54,89.34,0.9738,-1,-1,-1
397,453,1062.95,406.62,44.36,126.54,0.9726,-1,-1,-1
397,507,1636.84,577.34,58.13,128.17,0.9722,-1,-1,-1
397,511,1735.3,486.29,67.08,127.34,0.9718,-1,-1,-1
397,461,853.24,256.11,45.19,100.09,0.9716,-1,-1,-1
397,497,1525.22,231.88,52.36,100.0,0.9708,-1,-1,-1
397,418,1142.45,604.31,84.41,128.87,0.9695,-1,-1,-1
397,485,79.43,483.9,102.06,102.73,0.9692,-1,-1,-1
397,498,1356.6,471.3,61.66,119.39,0.9685,-1,-1,-1
397,506,64.54,432.25,56.47,102.47,0.968,-1,-1,-1
397,429,1128.16,369.72,76.32,104.36,0.965,-1,-1,-1
397,514,1108.7,417.71,75.99,111.45,0.9647,-1,-1,-1
397,512,1876.37,633.51,43.63,118.8,0.9582,-1,-1,-1
397,422,937.27,539.81,104.02,117.41,0.9427,-1,-1,-1
397,474,296.59,857.72,121.1,137.01,0.9279,-1,-1,-1
398,429,1132.8,370.86,74.69,97.88,0.9759,-1,-1,-1
398,504,1742.21,361.49,59.7,120.53,0.9754,-1,-1,-1
398,479,688.64,430.47,84.82,90.58,0.9745,-1,-1,-1
398,418,1144.73,603.62,97.33,127.3,0.9742,-1,-1,-1
398,485,99.34,486.51,98.04,99.13,0.973,-1,-1,-1
398,461,868.24,256.06,45.91,100.22,0.973,-1,-1,-1
398,497,1540.81,234.53,53.61,99.58,0.972,-1,-1,-1
398,453,1078.45,404.26,44.82,127.48,0.9712,-1,-1,-1
398,511,1742.78,485.77,56.18,126.22,0.971,-1,-1,-1
398,507,1647.02,574.4,62.03,129.61,0.9685,-1,-1,-1
398,487,446.47,343.93,73.16,101.61,0.9672,-1,-1,-1
398,498,1367.84,475.53,62.77,116.3,0.9667,-1,-1,-1
398,506,81.6,435.69,52.2,99.55,0.964,-1,-1,-1
398,514,1121.41,420.43,85.57,111.35,0.9615,-1,-1,-1
398,512,1883.8,632.12,35.96,123.06,0.9473,-1,-1,-1
398,422,972.11,543.06,79.86,108.49,0.9338,-1,-1,-1
398,474,311.79,857.94,120.29,133.42,0.9225,-1,-1,-1
399,429,1132.53,370.85,74.99,97.95,0.9763,-1,-1,-1
399,504,1742.22,361.35,59.73,120.67,0.9756,-1,-1,-1
399,479,688.58,430.49,85.01,90.61,0.9748,-1,-1,-1
399,418,1145.04,603.58,96.91,127.4,0.9746,-1,-1,-1
399,461,868.28,256.09,45.87,100.16,0.973,-1,-1,-1
399,485,99.31,486.47,98.07,99.14,0.9729,-1,-1,-1
399,497,1540.8,234.54,53.71,99.59,0.9719,-1,-1,-1
399,453,1078.46,404.1,44.74,127.67,0.9712,-1,-1,-1
399,511,1742.52,485.6,56.4,126.37,0.9711,-1,-1,-1
399,507,1646.98,574.44,62.05,129.62,0.9686,-1,-1,-1
399,487,446.37,343.92,73.33,101.67,0.9674,-1,-1,-1
399,498,1367.91,475.57,62.66,116.34,0.9666,-1,-1,-1
399,506,81.53,435.66,51.97,99.58,0.964,-1,-1,-1
399,514,1121.45,420.31,85.56,111.45,0.9611,-1,-1,-1
399,512,1883.99,632.06,35.8,123.1,0.9454,-1,-1,-1
399,422,970.95,542.75,81.12,108.94,0.9347,-1,-1,-1
399,474,311.8,857.96,120.34,133.33,0.923,-1,-1,-1
399,515,0.0,805.83,25.52,81.24,0.5079,-1,-1,-1
400,418,1151.21,602.96,98.22,128.35,0.9806,-1,-1,-1
400,479,701.9,428.98,82.74,96.34,0.9737,-1,-1,-1
400,504,1759.88,361.21,58.09,120.38,0.9735,-1,-1,-1
400,511,1747.56,480.0,61.57,132.99,0.9717,-1,-1,-1
400,461,882.79,256.59,48.19,99.47,0.9716,-1,-1,-1
400,507,1656.2,572.87,67.93,132.23,0.9716,-1,-1,-1
400,487,460.6,345.58,66.88,101.74,0.97,-1,-1,-1
400,453,1094.46,403.99,43.88,128.02,0.9682,-1,-1,-1
400,497,1557.95,235.58,52.47,100.28,0.968,-1,-1,-1
400,498,1382.97,477.9,59.91,117.63,0.9675,-1,-1,-1
400,514,1141.33,420.24,80.31,112.07,0.9634,-1,-1,-1
400,429,1140.42,370.52,76.42,98.1,0.9621,-1,-1,-1
400,485,116.06,481.86,100.55,104.78,0.962,-1,-1,-1
400,506,98.53,437.72,49.2,96.75,0.9547,-1,-1,-1
400,422,984.34,543.54,76.68,110.17,0.9449,-1,-1,-1
400,512,1888.96,633.55,31.04,124.86,0.9358,-1,-1,-1
400,474,315.0,855.2,123.37,135.82,0.9286,-1,-1,-1
400,515,0.58,756.1,42.62,130.43,0.9182,-1,-1,-1
400,426,954.83,545.9,67.79,112.19,0.9088,-1,-1,-1
401,511,1758.0,482.47,65.5,132.96,0.9765,-1,-1,-1
401,504,1775.28,361.33,60.35,120.4,0.9753,-1,-1,-1
401,418,1165.43,602.77,86.99,130.12,0.9733,-1,-1,-1
401,497,1575.79,235.87,49.31,100.39,0.9732,-1,-1,-1
401,461,897.65,255.57,51.3,99.52,0.9713,-1,-1,-1
401,453,1112.1,403.88,44.11,126.93,0.9707,-1,-1,-1
401,479,715.95,430.44,74.94,96.55,0.9704,-1,-1,-1
401,515,0.0,738.86,60.84,143.68,0.9689,-1,-1,-1
401,429,1149.82,370.32,84.02,97.1,0.9679,-1,-1,-1
401,507,1663.03,571.75,77.26,132.37,0.9675,-1,-1,-1
401,518,0.46,540.64,42.61,119.36,0.9657,-1,-1,-1
401,487,470.67,348.21,60.23,98.85,0.9655,-1,-1,-1
401,498,1400.42,480.17,55.34,119.34,0.9654,-1,-1,-1
401,514,1160.53,425.03,79.49,107.8,0.9651,-1,-1,-1
401,474,323.37,854.96,113.54,140.03,0.951,-1,-1,-1
401,485,133.64,484.4,98.0,99.53,0.95,-1,-1,-1
401,506,116.4,437.69,56.79,96.41,0.95,-1,-1,-1
401,422,993.1,557.85,68.94,100.24,0.9333,-1,-1,-1
401,512,1893.4,639.08,26.01,122.84,0.6657,-1,-1,-1
401,426,962.05,543.35,50.65,95.08,0.6592,-1,-1,-1
402,418,1169.94,604.08,84.17,129.61,0.9735,-1,-1,-1
402,474,336.32,860.4,100.46,135.51,0.9726,-1,-1,-1
402,461,912.7,255.21,53.35,100.61,0.9719,-1,-1,-1
402,497,1592.84,235.98,48.38,101.31,0.9718,-1,-1,-1
402,511,1768.96,481.18,71.67,134.43,0.9717,-1,-1,-1
402,487,483.86,349.61,51.09,97.33,0.9714,-1,-1,-1
402,507,1674.37,571.88,77.63,128.14,0.9695,-1,-1,-1
402,498,1421.08,483.54,49.96,119.08,0.9694,-1,-1,-1
402,479,729.43,431.36,61.99,95.52,0.9694,-1,-1,-1
402,514,1194.04,425.93,65.45,108.64,0.9693,-1,-1,-1
402,504,1792.33,360.86,58.99,120.37,0.9691,-1,-1,-1
402,515,0.0,737.11,79.26,144.99,0.9689,-1,-1,-1
402,518,0.33,538.07,64.68,122.03,0.9685,-1,-1,-1
402,429,1161.6,369.51,60.69,101.57,0.9568,-1,-1,-1
402,485,151.06,479.89,101.36,107.77,0.935,-1,-1,-1
402,453,1131.15,403.0,43.33,126.57,0.9199,-1,-1,-1
402,422,993.55,543.28,69.25,114.16,0.8415,-1,-1,-1
402,426,954.47,543.92,82.63,108.75,0.8213,-1,-1,-1
402,506,134.73,440.73,51.07,92.28,0.5919,-1,-1,-1
403,474,344.83,859.52,87.43,136.11,0.9783,-1,-1,-1
403,504,1808.6,360.25,56.56,121.87,0.9736,-1,-1,-1
403,511,1774.7,480.0,80.16,136.33,0.973,-1,-1,-1
403,453,1149.14,403.61,43.15,126.76,0.9728,-1,-1,-1
403,515,0.0,733.98,92.31,145.46,0.9725,-1,-1,-1
403,498,1441.32,485.63,45.87,117.85,0.9718,-1,-1,-1
403,461,927.54,255.44,56.9,100.19,0.971,-1,-1,-1
403,429,1179.32,369.5,48.09,104.57,0.9702,-1,-1,-1
403,479,738.8,432.68,63.72,95.19,0.9701,-1,-1,-1
403,518,2.52,535.57,86.69,122.65,0.9694,-1,-1,-1
403,487,495.23,350.94,57.27,96.16,0.9693,-1,-1,-1
403,418,1175.64,605.92,72.22,130.22,0.9684,-1,-1,-1
403,506,148.91,441.9,49.6,93.95,0.9683,-1,-1,-1
403,485,173.29,484.59,94.69,101.06,0.9673,-1,-1,-1
403,514,1212.16,423.52,66.3,111.03,0.9663,-1,-1,-1
403,497,1611.39,237.46,43.65,99.54,0.9649,-1,-1,-1
403,507,1691.62,577.15,74.05,121.49,0.9502,-1,-1,-1
403,422,1002.57,538.6,61.63,115.97,0.9424,-1,-1,-1
403,426,960.3,541.55,62.67,110.83,0.894,-1,-1,-1
403,520,146.53,100.2,59.27,76.35,0.817,-1,-1,-1
404,511,1777.27,481.27,90.41,132.36,0.9801,-1,-1,-1
404,498,1458.23,489.31,45.09,116.08,0.9762,-1,-1,-1
404,418,1177.98,604.79,77.06,129.75,0.9752,-1,-1,-1
404,474,352.83,858.31,70.91,136.35,0.9738,-1,-1,-1
404,504,1824.91,361.05,53.27,121.87,0.9735,-1,-1,-1
404,453,1167.75,404.03,43.92,127.43,0.9715,-1,-1,-1
404,514,1234.27,422.2,61.88,113.1,0.9701,-1,-1,-1
404,487,504.68,350.32,64.03,96.77,0.9698,-1,-1,-1
404,507,1702.59,576.51,70.28,123.05,0.9693,-1,-1,-1
404,506,157.22,443.68,55.59,93.37,0.9684,-1,-1,-1
404,497,1628.4,238.03,42.01,99.73,0.9666,-1,-1,-1
404,461,941.3,255.79,60.35,100.58,0.9664,-1,-1,-1
404,479,743.84,432.62,77.27,94.71,0.9644,-1,-1,-1
404,518,26.05,532.02,85.89,121.03,0.9636,-1,-1,-1
404,429,1191.67,368.38,48.19,86.9,0.957,-1,-1,-1
404,515,2.06,731.47,93.24,150.94,0.9456,-1,-1,-1
404,426,963.18,538.21,54.24,115.84,0.9417,-1,-1,-1
404,422,1004.0,538.41,77.76,117.83,0.9395,-1,-1,-1
404,485,184.4,481.67,103.38,108.12,0.9392,-1,-1,-1
404,520,166.15,104.23,58.76,72.66,0.826,-1,-1,-1
405,511,1777.18,481.28,90.59,132.41,0.9805,-1,-1,-1
405,498,1458.38,489.31,44.91,115.95,0.9759,-1,-1,-1
405,418,1178.06,604.86,77.03,129.69,0.9752,-1,-1,-1
405,474,352.84,858.35,70.88,136.21,0.9738,-1,-1,-1
405,504,1824.9,360.91,53.19,121.98,0.9735,-1,-1,-1
405,453,1167.71,403.88,44.03,127.56,0.9717,-1,-1,-1
405,514,1233.87,422.2,62.26,113.1,0.9701,-1,-1,-1
405,487,504.75,350.32,64.0,96.71,0.9696,-1,-1,-1
405,507,1702.59,576.53,70.26,123.0,0.9693,-1,-1,-1
405,506,156.45,443.6,56.46,93.41,0.9681,-1,-1,-1
405,461,941.28,255.86,60.34,100.56,0.9666,-1,-1,-1
405,497,1628.43,238.05,42.01,99.72,0.9666,-1,-1,-1
405,518,25.72,532.03,86.25,121.15,0.9656,-1,-1,-1
405,479,743.86,432.65,77.13,94.68,0.9646,-1,-1,-1
405,429,1191.29,368.71,49.05,92.12,0.9561,-1,-1,-1
405,515,2.12,731.57,93.04,150.86,0.9462,-1,-1,-1
405,426,963.14,538.26,54.11,115.97,0.9427,-1,-1,-1
405,422,1004.26,538.35,77.48,117.87,0.9392,-1,-1,-1
405,485,184.44,481.7,103.31,108.08,0.9392,-1,-1,-1
405,520,166.1,104.23,58.83,72.73,0.8258,-1,-1,-1
406,418,1180.45,605.53,91.21,131.14,0.9822,-1,-1,-1
406,498,1475.06,491.33,46.48,114.18,0.9766,-1,-1,-1
406,479,752.69,432.24,82.96,97.4,0.9763,-1,-1,-1
406,487,513.48,349.86,70.45,98.11,0.9761,-1,-1,-1
406,474,359.85,855.82,83.46,139.0,0.9756,-1,-1,-1
406,504,1841.89,360.22,50.06,124.36,0.9753,-1,-1,-1
406,515,0.0,729.35,99.64,145.81,0.9749,-1,-1,-1
406,507,1709.66,577.15,67.12,121.58,0.9743,-1,-1,-1
406,518,50.33,533.06,92.16,120.43,0.9733,-1,-1,-1
406,453,1186.39,406.92,41.92,123.72,0.9692,-1,-1,-1
406,422,1014.39,535.92,83.51,120.82,0.9687,-1,-1,-1
406,497,1645.52,238.74,44.85,99.51,0.9674,-1,-1,-1
406,514,1251.05,421.67,62.69,114.11,0.9671,-1,-1,-1
406,511,1794.23,484.2,77.48,132.68,0.967,-1,-1,-1
406,461,954.82,256.91,60.97,99.56,0.9656,-1,-1,-1
406,429,1204.29,370.28,48.15,102.08,0.961,-1,-1,-1
406,506,159.49,446.68,67.98,93.48,0.949,-1,-1,-1
406,485,198.35,485.85,102.65,103.86,0.9381,-1,-1,-1
406,426,960.76,536.54,61.51,107.78,0.9098,-1,-1,-1
406,520,185.46,104.87,57.94,72.31,0.8659,-1,-1,-1
407,515,11.01,726.44,95.85,144.23,0.9798,-1,-1,-1
407,479,760.14,434.15,87.37,94.76,0.9796,-1,-1,-1
407,487,524.69,350.75,72.93,100.83,0.9785,-1,-1,-1
407,418,1186.95,602.65,97.67,131.25,0.9773,-1,-1,-1
407,497,1661.78,238.05,46.74,100.53,0.9752,-1,-1,-1
407,504,1858.11,362.92,46.11,121.84,0.9745,-1,-1,-1
407,498,1491.06,491.21,48.09,113.08,0.9744,-1,-1,-1
407,514,1274.53,422.09,58.85,114.9,0.9742,-1,-1,-1
407,507,1713.56,576.5,64.19,122.97,0.9731,-1,-1,-1
407,518,77.83,534.72,99.8,118.48,0.973,-1,-1,-1
407,422,1022.43,534.71,87.01,122.33,0.9729,-1,-1,-1
407,511,1809.83,486.3,68.31,130.2,0.9706,-1,-1,-1
407,474,364.5,851.13,97.36,143.69,0.9705,-1,-1,-1
407,461,968.13,257.66,59.54,98.54,0.9693,-1,-1,-1
407,429,1215.86,372.66,53.68,98.45,0.968,-1,-1,-1
407,506,170.5,444.89,69.03,99.15,0.9645,-1,-1,-1
407,453,1206.22,410.94,44.96,120.54,0.9618,-1,-1,-1
407,485,211.42,486.04,102.94,103.36,0.9408,-1,-1,-1
407,426,964.76,533.5,63.88,109.77,0.8714,-1,-1,-1
407,520,207.78,107.38,56.27,70.63,0.7796,-1,-1,-1
408,487,535.11,352.19,72.24,101.64,0.9765,-1,-1,-1
408,418,1195.32,600.95,94.75,124.91,0.9758,-1,-1,-1
408,498,1504.09,491.47,52.51,113.36,0.9753,-1,-1,-1
408,515,28.52,724.02,87.57,141.98,0.9745,-1,-1,-1
408,479,767.15,434.95,87.0,95.82,0.9742,-1,-1,-1
408,497,1675.67,238.55,49.72,101.37,0.9724,-1,-1,-1
408,507,1719.83,574.48,69.28,126.37,0.972,-1,-1,-1
408,504,1871.16,363.96,45.43,122.15,0.9689,-1,-1,-1
408,511,1819.45,489.28,60.92,127.98,0.9675,-1,-1,-1
408,514,1292.7,422.52,58.31,116.51,0.9662,-1,-1,-1
408,461,981.08,261.07,58.23,95.25,0.9652,-1,-1,-1
408,518,102.69,537.41,105.64,111.93,0.9638,-1,-1,-1
408,506,178.2,445.12,75.02,100.26,0.9623,-1,-1,-1
408,429,1225.97,373.4,60.78,100.22,0.9584,-1,-1,-1
408,474,372.31,849.6,102.04,144.19,0.9578,-1,-1,-1
408,453,1224.68,411.67,41.29,119.67,0.9559,-1,-1,-1
408,422,1030.32,535.4,80.38,118.97,0.955,-1,-1,-1
408,485,227.99,490.84,98.28,99.08,0.9508,-1,-1,-1
408,426,981.97,535.35,71.64,116.89,0.9507,-1,-1,-1
408,520,230.98,107.95,56.0,71.22,0.6177,-1,-1,-1
409,498,1516.15,492.15,57.25,115.23,0.9782,-1,-1,-1
409,418,1201.15,600.47,93.55,127.88,0.9779,-1,-1,-1
409,507,1728.0,571.2,76.85,129.91,0.9773,-1,-1,-1
409,479,778.33,435.09,80.87,98.03,0.9764,-1,-1,-1
409,497,1689.78,238.96,52.25,102.7,0.9732,-1,-1,-1
409,474,379.46,847.75,97.75,149.09,0.9731,-1,-1,-1
409,514,1311.31,423.71,57.82,117.48,0.9699,-1,-1,-1
409,515,45.75,722.53,81.08,141.84,0.9684,-1,-1,-1
409,511,1824.94,489.92,55.38,126.61,0.9683,-1,-1,-1
409,518,129.05,539.09,105.31,109.3,0.9672,-1,-1,-1
409,461,997.98,262.24,51.29,93.69,0.967,-1,-1,-1
409,426,984.66,532.32,70.4,120.8,0.9647,-1,-1,-1
409,487,546.8,355.86,66.9,100.05,0.9646,-1,-1,-1
409,506,187.94,444.16,85.12,103.93,0.9644,-1,-1,-1
409,485,247.84,491.59,90.31,100.27,0.9616,-1,-1,-1
409,453,1240.67,412.88,54.17,119.17,0.953,-1,-1,-1
409,422,1037.15,534.76,73.87,118.56,0.9491,-1,-1,-1
409,429,1232.52,373.98,72.87,97.84,0.9384,-1,-1,-1
409,504,1886.82,366.66,33.18,121.98,0.9295,-1,-1,-1
409,520,250.81,108.81,56.23,72.22,0.83,-1,-1,-1
410,515,61.52,722.82,80.62,145.57,0.9775,-1,-1,-1
410,479,787.69,437.01,70.48,94.78,0.9761,-1,-1,-1
410,518,154.77,539.33,100.64,108.76,0.9753,-1,-1,-1
410,418,1208.34,600.83,83.82,128.74,0.9744,-1,-1,-1
410,426,994.36,529.89,61.94,123.73,0.9721,-1,-1,-1
410,511,1832.82,488.93,61.86,129.85,0.9717,-1,-1,-1
410,497,1704.34,238.61,54.86,104.32,0.9708,-1,-1,-1
410,507,1739.82,569.58,77.81,128.44,0.9706,-1,-1,-1
410,461,1008.93,261.22,55.45,94.69,0.9677,-1,-1,-1
410,487,558.46,357.23,59.73,97.54,0.9676,-1,-1,-1
410,514,1329.29,424.36,58.18,118.07,0.9672,-1,-1,-1
410,498,1530.38,493.33,60.31,117.62,0.9651,-1,-1,-1
410,453,1258.87,410.59,59.13,121.82,0.9649,-1,-1,-1
410,429,1235.18,372.08,49.29,96.31,0.9639,-1,-1,-1
410,422,1040.06,535.49,67.04,117.4,0.9603,-1,-1,-1
410,474,384.95,848.06,92.19,150.02,0.9571,-1,-1,-1
410,485,259.83,486.97,86.32,100.12,0.9495,-1,-1,-1
410,506,204.77,442.75,87.73,107.44,0.9209,-1,-1,-1
410,504,1901.58,364.5,17.92,117.97,0.6626,-1,-1,-1
410,520,274.21,107.72,54.08,75.24,0.4683,-1,-1,-1
411,515,61.53,722.87,80.61,145.27,0.9776,-1,-1,-1
411,479,787.65,436.91,70.64,94.51,0.9758,-1,-1,-1
411,518,154.92,539.36,100.31,108.71,0.9752,-1,-1,-1
411,418,1208.39,600.84,83.79,128.71,0.9742,-1,-1,-1
411,426,994.41,529.87,61.84,123.72,0.9721,-1,-1,-1
411,511,1832.63,489.0,62.18,129.85,0.9718,-1,-1,-1
411,497,1704.34,238.67,54.8,104.31,0.9708,-1,-1,-1
411,507,1739.91,569.59,77.69,128.3,0.9707,-1,-1,-1
411,461,1008.99,261.26,55.4,94.73,0.9678,-1,-1,-1
411,487,558.36,357.28,59.79,97.52,0.9677,-1,-1,-1
411,514,1329.29,424.36,58.22,118.12,0.9671,-1,-1,-1
411,453,1258.89,410.63,59.08,121.87,0.965,-1,-1,-1
411,498,1530.4,493.32,60.33,117.66,0.9649,-1,-1,-1
411,429,1235.22,372.02,49.43,96.32,0.9643,-1,-1,-1
411,422,1040.19,535.56,66.91,117.36,0.9603,-1,-1,-1
411,474,384.93,848.14,92.29,149.94,0.9549,-1,-1,-1
411,485,259.57,486.94,86.72,100.0,0.9498,-1,-1,-1
411,506,204.34,442.83,87.8,107.34,0.9201,-1,-1,-1
411,504,1901.54,364.44,17.97,117.96,0.6696,-1,-1,-1
411,522,1301.14,420.42,61.32,118.98,0.5044,-1,-1,-1
411,520,274.04,107.71,54.08,75.21,0.4767,-1,-1,-1
412,507,1749.62,569.65,81.61,125.82,0.9778,-1,-1,-1
412,518,181.75,539.23,95.19,108.8,0.9767,-1,-1,-1
412,474,386.58,850.34,85.23,144.73,0.9762,-1,-1,-1
412,515,77.92,722.8,74.83,145.24,0.9752,-1,-1,-1
412,511,1842.14,487.86,68.79,132.61,0.9747,-1,-1,-1
412,487,569.98,359.45,51.82,95.32,0.973,-1,-1,-1
412,453,1276.44,407.01,50.15,124.79,0.9714,-1,-1,-1
412,426,999.51,529.62,49.25,123.98,0.971,-1,-1,-1
412,418,1213.01,601.26,72.2,127.41,0.9703,-1,-1,-1
412,497,1718.24,240.42,56.61,103.67,0.9694,-1,-1,-1
412,461,1024.35,260.81,57.73,96.99,0.9685,-1,-1,-1
412,514,1346.18,425.04,60.63,117.86,0.9684,-1,-1,-1
412,498,1543.07,495.56,63.21,118.99,0.9677,-1,-1,-1
412,422,1041.11,534.87,78.57,119.68,0.9642,-1,-1,-1
412,479,797.69,436.35,67.72,93.42,0.9551,-1,-1,-1
412,429,1251.37,373.6,44.38,95.16,0.9388,-1,-1,-1
412,520,294.28,110.35,47.25,72.56,0.8748,-1,-1,-1
412,485,244.66,438.48,99.83,147.67,0.7242,-1,-1,-1
413,479,807.25,436.86,78.65,95.96,0.9764,-1,-1,-1
413,422,1043.12,534.67,97.96,119.55,0.976,-1,-1,-1
413,518,198.1,536.76,101.76,110.33,0.9731,-1,-1,-1
413,507,1761.85,569.73,77.87,127.55,0.973,-1,-1,-1
413,418,1219.09,601.24,65.05,125.23,0.973,-1,-1,-1
413,515,94.7,724.74,70.72,144.67,0.9719,-1,-1,-1
413,511,1853.39,487.51,66.61,131.92,0.9718,-1,-1,-1
413,487,576.37,360.9,63.51,94.16,0.9714,-1,-1,-1
413,429,1262.86,372.42,44.68,99.97,0.9691,-1,-1,-1
413,498,1556.86,498.89,62.97,119.13,0.9689,-1,-1,-1
413,453,1290.38,405.36,48.65,124.52,0.9686,-1,-1,-1
413,514,1363.62,425.45,62.35,117.81,0.9684,-1,-1,-1
413,426,996.75,529.43,57.39,123.04,0.9681,-1,-1,-1
413,497,1734.14,244.04,55.09,102.6,0.9652,-1,-1,-1
413,474,386.66,851.11,87.79,143.77,0.9649,-1,-1,-1
413,461,1042.88,260.2,58.23,98.18,0.9648,-1,-1,-1
413,520,312.42,110.38,43.03,73.07,0.7615,-1,-1,-1
413,485,257.58,437.24,94.71,145.29,0.6593,-1,-1,-1
414,487,585.03,359.63,74.41,98.11,0.9769,-1,-1,-1
414,479,817.23,435.89,80.62,99.57,0.976,-1,-1,-1
414,515,110.97,727.84,77.05,140.16,0.9748,-1,-1,-1
414,422,1064.85,534.84,85.79,117.0,0.9744,-1,-1,-1
414,498,1569.89,503.03,63.27,117.45,0.9741,-1,-1,-1
414,453,1313.36,405.11,46.28,125.48,0.9738,-1,-1,-1
414,518,215.52,536.49,104.76,108.58,0.9735,-1,-1,-1
414,507,1776.3,572.66,70.21,125.05,0.9722,-1,-1,-1
414,418,1216.37,600.46,86.67,127.76,0.9721,-1,-1,-1
414,511,1857.49,487.56,62.51,130.5,0.9712,-1,-1,-1
414,461,1056.87,260.27,60.46,98.08,0.9712,-1,-1,-1
414,514,1377.95,425.17,66.58,118.61,0.9704,-1,-1,-1
414,497,1750.43,246.97,51.51,102.25,0.9664,-1,-1,-1
414,429,1271.52,371.06,40.55,101.55,0.9657,-1,-1,-1
414,474,392.19,854.21,103.17,137.49,0.9643,-1,-1,-1
414,426,991.01,527.49,76.15,124.67,0.9382,-1,-1,-1
414,485,304.44,455.4,91.26,137.89,0.858,-1,-1,-1
415,479,825.11,438.7,82.96,97.78,0.977,-1,-1,-1
415,507,1786.59,575.97,63.46,121.14,0.9761,-1,-1,-1
415,422,1067.03,534.31,90.89,116.84,0.9758,-1,-1,-1
415,487,597.49,359.98,74.13,102.11,0.9753,-1,-1,-1
415,515,114.72,727.08,96.13,137.44,0.9741,-1,-1,-1
415,498,1584.06,508.92,63.47,114.0,0.9708,-1,-1,-1
415,418,1226.51,596.44,89.55,129.65,0.9706,-1,-1,-1
415,453,1332.7,405.7,45.92,125.64,0.9706,-1,-1,-1
415,511,1865.86,489.74,54.14,128.08,0.9683,-1,-1,-1
415,497,1763.65,250.19,49.93,98.2,0.9682,-1,-1,-1
415,461,1072.68,261.03,59.28,97.45,0.9674,-1,-1,-1
415,514,1394.04,425.21,68.36,119.42,0.967,-1,-1,-1
415,429,1274.47,372.43,59.24,99.32,0.9649,-1,-1,-1
415,426,996.95,528.15,72.84,124.3,0.9594,-1,-1,-1
415,474,395.47,850.07,115.45,143.31,0.9501,-1,-1,-1
415,518,225.1,529.21,116.74,116.77,0.9484,-1,-1,-1
415,485,320.52,475.65,84.31,114.22,0.8921,-1,-1,-1
415,520,352.72,107.94,38.32,76.16,0.3689,-1,-1,-1
416,487,608.9,360.77,76.11,102.87,0.98,-1,-1,-1
416,426,1005.11,529.91,63.95,119.13,0.9767,-1,-1,-1
416,418,1229.3,597.91,92.18,127.4,0.9759,-1,-1,-1
416,453,1349.55,408.04,47.78,122.81,0.9743,-1,-1,-1
416,422,1080.65,533.82,78.13,117.99,0.9733,-1,-1,-1
416,498,1594.11,510.56,65.16,111.6,0.973,-1,-1,-1
416,479,835.15,439.28,77.19,97.79,0.9718,-1,-1,-1
416,429,1281.46,374.29,65.56,97.69,0.9695,-1,-1,-1
416,514,1410.85,424.98,66.91,119.69,0.9678,-1,-1,-1
416,461,1089.14,261.54,57.09,97.03,0.966,-1,-1,-1
416,515,122.05,729.8,109.32,127.83,0.9647,-1,-1,-1
416,507,1797.61,578.13,50.94,118.7,0.963,-1,-1,-1
416,497,1776.67,251.63,51.82,97.91,0.963,-1,-1,-1
416,474,407.34,848.54,114.65,140.83,0.957,-1,-1,-1
416,511,1880.6,496.92,39.24,122.22,0.9511,-1,-1,-1
416,518,240.36,531.72,122.43,110.09,0.9173,-1,-1,-1
416,485,327.79,456.75,90.79,136.85,0.7416,-1,-1,-1
417,487,608.91,360.81,76.05,102.79,0.98,-1,-1,-1
417,426,1004.99,529.9,64.06,119.18,0.9767,-1,-1,-1
417,418,1229.29,597.91,92.34,127.42,0.976,-1,-1,-1
417,453,1349.57,408.05,47.77,122.77,0.9743,-1,-1,-1
417,422,1080.42,533.76,78.35,117.93,0.9731,-1,-1,-1
417,498,1594.18,510.64,65.13,111.51,0.9728,-1,-1,-1
417,479,835.18,439.28,77.12,97.81,0.972,-1,-1,-1
417,429,1281.55,374.27,65.52,97.72,0.9694,-1,-1,-1
417,514,1410.85,424.96,66.91,119.71,0.9678,-1,-1,-1
417,461,1089.31,261.57,56.89,97.0,0.9659,-1,-1,-1
417,515,121.99,729.79,109.45,127.74,0.9648,-1,-1,-1
417,507,1797.65,578.16,50.95,118.67,0.9632,-1,-1,-1
417,497,1776.23,251.59,52.35,97.97,0.9614,-1,-1,-1
417,474,407.25,848.52,114.71,140.85,0.9567,-1,-1,-1
417,511,1880.75,497.44,39.03,121.72,0.9504,-1,-1,-1
417,518,240.45,531.7,122.31,110.03,0.9163,-1,-1,-1
417,485,327.12,456.49,91.57,137.08,0.7353,-1,-1,-1
418,429,1289.88,375.03,77.36,98.4,0.9741,-1,-1,-1
418,418,1236.71,598.39,89.35,126.18,0.974,-1,-1,-1
418,426,1012.84,530.96,50.11,118.61,0.9734,-1,-1,-1
418,479,843.99,440.68,67.86,96.75,0.9734,-1,-1,-1
418,498,1605.67,511.32,63.32,110.56,0.9732,-1,-1,-1
418,422,1088.36,536.35,65.04,116.82,0.9728,-1,-1,-1
418,507,1803.76,579.26,60.4,118.52,0.9723,-1,-1,-1
418,497,1790.89,252.04,56.99,99.13,0.9709,-1,-1,-1
418,487,621.04,363.48,73.99,101.49,0.9708,-1,-1,-1
418,514,1427.96,425.56,65.86,118.16,0.9695,-1,-1,-1
418,461,1107.08,262.79,51.37,95.65,0.9684,-1,-1,-1
418,453,1366.91,409.34,51.63,121.79,0.9666,-1,-1,-1
418,474,415.91,848.8,113.11,141.66,0.9574,-1,-1,-1
418,515,125.66,723.22,120.46,135.34,0.9376,-1,-1,-1
418,518,273.14,524.95,96.6,115.18,0.8531,-1,-1,-1
418,485,311.14,435.13,107.21,152.86,0.8448,-1,-1,-1
418,511,1899.27,497.06,20.65,123.52,0.7541,-1,-1,-1
419,479,845.71,440.52,68.51,96.34,0.9783,-1,-1,-1
419,487,634.73,365.53,64.75,98.65,0.9758,-1,-1,-1
419,418,1244.91,596.38,82.78,127.46,0.9728,-1,-1,-1
419,422,1092.43,536.12,73.6,116.81,0.9719,-1,-1,-1
419,429,1300.41,374.54,83.01,99.49,0.9716,-1,-1,-1
419,497,1807.22,250.89,60.72,101.47,0.9716,-1,-1,-1
419,498,1620.89,511.13,64.52,109.99,0.9711,-1,-1,-1
419,461,1124.67,265.65,46.6,92.39,0.9689,-1,-1,-1
419,426,1016.28,531.46,51.36,118.76,0.9687,-1,-1,-1
419,453,1384.69,411.65,56.16,119.01,0.9682,-1,-1,-1
419,514,1446.47,425.29,64.71,120.15,0.9679,-1,-1,-1
419,515,142.29,726.3,115.29,130.88,0.9662,-1,-1,-1
419,474,430.77,849.28,98.53,149.13,0.9627,-1,-1,-1
419,507,1813.53,579.99,70.95,115.43,0.9553,-1,-1,-1
419,485,321.33,440.29,109.12,145.94,0.9159,-1,-1,-1
419,518,292.37,523.34,98.63,117.64,0.8829,-1,-1,-1
420,429,1311.88,375.48,83.28,99.13,0.9794,-1,-1,-1
420,507,1817.25,575.71,86.57,120.65,0.9784,-1,-1,-1
420,422,1088.7,537.25,99.51,115.87,0.978,-1,-1,-1
420,498,1639.04,510.85,66.4,113.08,0.9751,-1,-1,-1
420,418,1255.35,597.1,65.49,126.83,0.9746,-1,-1,-1
420,487,648.52,368.73,54.42,95.71,0.9726,-1,-1,-1
420,497,1824.4,250.82,60.74,102.94,0.9719,-1,-1,-1
420,474,446.08,852.28,77.21,142.85,0.971,-1,-1,-1
420,426,1015.86,529.93,73.08,119.95,0.9701,-1,-1,-1
420,453,1404.35,413.21,58.0,118.25,0.9699,-1,-1,-1
420,479,856.76,439.69,78.12,97.23,0.9697,-1,-1,-1
420,514,1465.73,427.84,63.04,117.28,0.9665,-1,-1,-1
420,515,155.16,723.39,106.39,133.65,0.9648,-1,-1,-1
420,518,300.16,525.95,111.31,110.09,0.9629,-1,-1,-1
420,461,1142.65,267.97,42.72,91.43,0.9581,-1,-1,-1
420,485,363.95,487.78,90.74,105.86,0.8926,-1,-1,-1
421,479,869.38,438.27,80.65,98.5,0.979,-1,-1,-1
421,474,455.22,854.05,68.24,136.65,0.9776,-1,-1,-1
421,518,322.11,525.05,98.25,110.36,0.9771,-1,-1,-1
421,487,659.49,367.87,64.99,97.62,0.9764,-1,-1,-1
421,429,1327.86,375.28,74.57,103.04,0.9759,-1,-1,-1
421,515,175.01,722.67,94.47,137.57,0.9752,-1,-1,-1
421,426,1016.12,529.36,86.79,120.18,0.9737,-1,-1,-1
421,418,1259.6,596.03,65.65,126.23,0.9737,-1,-1,-1
421,498,1654.62,512.73,70.64,115.83,0.9722,-1,-1,-1
421,514,1485.44,429.86,61.5,117.16,0.9715,-1,-1,-1
421,507,1829.17,576.86,88.6,121.18,0.9668,-1,-1,-1
421,453,1424.72,414.53,59.41,117.18,0.9667,-1,-1,-1
421,422,1103.51,535.22,95.76,116.04,0.9662,-1,-1,-1
421,497,1842.14,252.92,61.33,102.47,0.9637,-1,-1,-1
421,461,1157.41,269.71,51.11,90.43,0.9629,-1,-1,-1
421,485,366.56,444.9,116.61,146.44,0.9062,-1,-1,-1
422,515,191.45,723.7,102.9,132.93,0.9787,-1,-1,-1
422,429,1343.1,376.93,63.83,102.65,0.9765,-1,-1,-1
422,426,1030.16,529.38,76.63,116.8,0.9756,-1,-1,-1
422,487,671.19,367.13,74.49,97.84,0.9742,-1,-1,-1
422,498,1670.17,515.62,74.35,118.03,0.9739,-1,-1,-1
422,479,880.92,439.67,82.2,95.89,0.9737,-1,-1,-1
422,418,1268.74,591.9,75.71,131.04,0.9728,-1,-1,-1
422,518,344.54,523.14,94.27,112.65,0.9727,-1,-1,-1
422,474,461.79,852.3,90.85,142.07,0.9705,-1,-1,-1
422,422,1118.42,537.8,86.53,109.52,0.9702,-1,-1,-1
422,497,1858.1,254.64,59.87,103.31,0.9699,-1,-1,-1
422,453,1444.78,416.15,63.28,117.04,0.9688,-1,-1,-1
422,507,1840.83,578.84,77.64,120.58,0.9678,-1,-1,-1
422,461,1174.86,270.17,57.47,91.49,0.9652,-1,-1,-1
422,514,1505.14,432.17,63.09,114.95,0.9598,-1,-1,-1
422,485,387.98,464.16,114.76,127.8,0.9171,-1,-1,-1
422,520,466.38,118.28,64.64,68.92,0.4275,-1,-1,-1
423,515,191.4,723.67,102.95,132.99,0.9787,-1,-1,-1
423,429,1343.19,376.92,63.73,102.69,0.9764,-1,-1,-1
423,426,1030.25,529.41,76.84,116.73,0.976,-1,-1,-1
423,487,671.13,367.16,74.55,97.78,0.974,-1,-1,-1
423,498,1670.2,515.56,74.4,117.99,0.974,-1,-1,-1
423,479,880.92,439.59,82.22,96.06,0.9734,-1,-1,-1
423,418,1268.72,591.89,75.72,131.19,0.9728,-1,-1,-1
423,518,344.59,523.09,94.19,112.74,0.9722,-1,-1,-1
423,422,1118.43,537.98,87.18,109.25,0.9722,-1,-1,-1
423,474,461.64,852.27,91.01,142.09,0.9707,-1,-1,-1
423,497,1858.07,254.61,59.97,103.35,0.9699,-1,-1,-1
423,453,1444.74,416.12,63.39,117.14,0.9686,-1,-1,-1
423,507,1840.81,578.81,77.65,120.53,0.9678,-1,-1,-1
423,461,1174.75,270.16,57.41,91.67,0.9657,-1,-1,-1
423,514,1505.07,432.2,63.2,114.91,0.9594,-1,-1,-1
423,485,387.64,462.79,115.63,128.93,0.9168,-1,-1,-1
423,526,1480.55,427.46,65.83,117.3,0.5038,-1,-1,-1
423,520,466.26,118.51,64.68,68.75,0.4233,-1,-1,-1
424,418,1277.02,589.24,83.64,128.87,0.9779,-1,-1,-1
424,426,1039.7,529.59,69.68,119.19,0.9769,-1,-1,-1
424,487,684.9,367.01,78.16,97.93,0.9757,-1,-1,-1
424,498,1687.9,517.66,73.11,117.45,0.9756,-1,-1,-1
424,422,1129.65,536.72,77.69,101.96,0.9718,-1,-1,-1
424,429,1355.06,377.86,50.92,99.65,0.9715,-1,-1,-1
424,515,206.94,719.01,107.45,134.8,0.9702,-1,-1,-1
424,507,1862.77,582.35,56.87,117.79,0.9695,-1,-1,-1
424,453,1465.78,417.3,66.14,116.24,0.9665,-1,-1,-1
424,461,1192.45,269.5,61.46,92.12,0.9642,-1,-1,-1
424,497,1879.83,257.18,39.75,101.83,0.9587,-1,-1,-1
424,474,469.06,851.94,102.47,132.87,0.9571,-1,-1,-1
424,479,891.59,438.83,78.32,97.5,0.9548,-1,-1,-1
424,518,365.5,517.51,97.22,119.0,0.9509,-1,-1,-1
424,514,1526.15,434.35,65.26,112.2,0.9507,-1,-1,-1
424,485,401.71,451.82,117.59,144.43,0.883,-1,-1,-1
424,520,487.0,109.58,66.88,81.7,0.5788,-1,-1,-1
425,487,696.12,366.26,80.16,99.45,0.9775,-1,-1,-1
425,526,1481.62,419.49,72.72,113.03,0.9775,-1,-1,-1
425,461,1208.76,268.77,64.66,93.11,0.9719,-1,-1,-1
425,426,1049.42,529.72,52.88,118.76,0.9713,-1,-1,-1
425,418,1284.28,587.55,88.87,125.34,0.9698,-1,-1,-1
425,429,1361.19,378.99,65.36,100.06,0.9678,-1,-1,-1
425,514,1546.45,435.85,68.41,114.23,0.9675,-1,-1,-1
425,507,1876.08,584.76,43.25,116.94,0.9668,-1,-1,-1
425,422,1137.35,537.71,61.19,107.83,0.9663,-1,-1,-1
425,479,903.77,438.48,65.33,98.33,0.9658,-1,-1,-1
425,474,475.84,849.61,98.07,122.03,0.9654,-1,-1,-1
425,498,1706.74,522.11,69.09,115.97,0.9631,-1,-1,-1
425,515,226.83,719.4,102.59,130.27,0.9625,-1,-1,-1
425,518,387.62,512.7,96.4,120.59,0.9534,-1,-1,-1
425,485,415.39,469.51,105.87,120.85,0.8477,-1,-1,-1
425,497,1897.68,254.09,22.15,101.96,0.6911,-1,-1,-1
425,520,509.02,111.53,65.81,79.82,0.6433,-1,-1,-1
426,515,238.35,716.46,96.7,140.17,0.9826,-1,-1,-1
426,487,708.33,368.93,76.23,100.06,0.976,-1,-1,-1
426,418,1290.53,589.03,90.14,125.56,0.9753,-1,-1,-1
426,453,1496.5,420.89,77.07,111.76,0.9744,-1,-1,-1
426,498,1724.54,527.96,60.73,110.2,0.9718,-1,-1,-1
426,422,1142.44,539.43,67.66,109.46,0.971,-1,-1,-1
426,426,1054.7,529.69,56.01,119.79,0.9701,-1,-1,-1
426,479,911.78,438.92,59.73,95.68,0.969,-1,-1,-1
426,461,1224.0,269.99,66.14,92.28,0.9683,-1,-1,-1
426,429,1370.73,378.89,77.59,100.62,0.9683,-1,-1,-1
426,514,1568.23,439.35,69.69,113.34,0.9654,-1,-1,-1
426,518,403.56,511.02,91.03,121.44,0.9628,-1,-1,-1
426,485,443.97,494.18,78.26,95.87,0.9332,-1,-1,-1
426,474,485.9,852.12,94.58,116.93,0.9259,-1,-1,-1
426,507,1888.97,588.28,31.03,119.62,0.9194,-1,-1,-1
426,520,532.04,113.67,57.47,73.78,0.4599,-1,-1,-1
427,422,1142.22,541.01,91.36,108.39,0.9848,-1,-1,-1
427,479,919.88,437.58,72.47,98.73,0.9805,-1,-1,-1
427,515,255.64,717.4,77.53,139.41,0.977,-1,-1,-1
427,453,1503.39,424.41,84.14,108.71,0.977,-1,-1,-1
427,426,1059.31,527.37,67.32,121.37,0.9769,-1,-1,-1
427,418,1303.21,587.68,77.06,130.0,0.9756,-1,-1,-1
427,429,1378.14,378.58,82.1,101.47,0.9753,-1,-1,-1
427,498,1739.46,530.62,50.67,108.19,0.9725,-1,-1,-1
427,474,485.84,852.38,91.86,117.39,0.9623,-1,-1,-1
427,461,1241.17,272.25,61.18,92.15,0.9623,-1,-1,-1
427,514,1587.1,443.02,72.11,112.69,0.9621,-1,-1,-1
427,487,719.64,370.76,66.13,97.4,0.9513,-1,-1,-1
427,518,424.61,513.71,70.08,114.88,0.8894,-1,-1,-1
427,527,420.31,447.29,98.35,108.93,0.8892,-1,-1,-1
427,507,1899.02,585.08,20.98,93.99,0.799,-1,-1,-1
427,485,456.14,488.14,62.46,109.92,0.6408,-1,-1,-1
427,520,548.85,116.79,53.43,74.07,0.5519,-1,-1,-1
428,426,1059.63,524.79,77.2,121.37,0.9818,-1,-1,-1
428,479,928.49,438.45,76.15,97.24,0.9788,-1,-1,-1
428,422,1150.49,538.44,90.96,112.29,0.978,-1,-1,-1
428,453,1514.55,427.03,82.23,107.52,0.9742,-1,-1,-1
428,515,266.11,720.33,64.91,137.31,0.9737,-1,-1,-1
428,418,1310.24,588.7,60.88,128.67,0.9709,-1,-1,-1
428,487,726.64,371.74,56.84,96.72,0.9708,-1,-1,-1
428,498,1750.1,531.84,58.08,109.83,0.969,-1,-1,-1
428,429,1389.59,378.82,76.02,100.79,0.9686,-1,-1,-1
428,514,1607.45,444.5,69.49,112.56,0.9657,-1,-1,-1
428,518,436.67,519.3,70.12,114.03,0.9649,-1,-1,-1
428,461,1255.33,274.2,56.26,90.86,0.963,-1,-1,-1
428,474,484.63,855.43,80.17,113.11,0.9594,-1,-1,-1
428,527,419.1,446.53,119.78,141.2,0.8742,-1,-1,-1
429,426,1059.52,524.78,77.36,121.4,0.9818,-1,-1,-1
429,479,928.45,438.46,76.2,97.17,0.9787,-1,-1,-1
429,422,1150.44,538.49,90.98,112.23,0.978,-1,-1,-1
429,453,1514.56,427.0,82.11,107.52,0.9742,-1,-1,-1
429,515,266.09,720.31,64.98,137.38,0.9738,-1,-1,-1
429,487,726.71,371.69,56.81,96.78,0.9709,-1,-1,-1
429,418,1310.3,588.7,60.82,128.61,0.9707,-1,-1,-1
429,498,1750.01,531.8,58.1,109.83,0.9696,-1,-1,-1
429,429,1389.56,378.81,76.1,100.64,0.9686,-1,-1,-1
429,518,436.63,518.97,70.23,114.39,0.9657,-1,-1,-1
429,514,1607.28,444.43,69.69,112.52,0.9657,-1,-1,-1
429,461,1255.14,274.15,56.63,91.01,0.964,-1,-1,-1
429,474,484.85,855.4,80.02,113.25,0.9593,-1,-1,-1
429,527,418.96,446.53,119.75,140.9,0.8757,-1,-1,-1
429,528,1904.37,568.3,15.63,102.52,0.7181,-1,-1,-1
430,453,1526.5,428.03,92.99,106.94,0.9809,-1,-1,-1
430,498,1757.04,530.56,70.6,109.85,0.9774,-1,-1,-1
430,426,1064.23,523.52,75.66,116.82,0.977,-1,-1,-1
430,422,1158.82,539.59,83.52,114.83,0.9767,-1,-1,-1
430,418,1314.86,587.34,53.82,128.9,0.9748,-1,-1,-1
430,429,1400.35,380.47,66.83,100.86,0.9737,-1,-1,-1
430,479,931.18,438.87,78.25,96.27,0.9734,-1,-1,-1
430,515,276.14,721.04,77.77,138.52,0.9729,-1,-1,-1
430,514,1626.79,448.47,66.82,109.55,0.9691,-1,-1,-1
430,474,488.05,854.9,73.36,114.82,0.9622,-1,-1,-1
430,461,1267.16,275.96,51.44,89.99,0.951,-1,-1,-1
430,487,736.47,370.58,62.05,97.62,0.9499,-1,-1,-1
430,518,449.31,520.39,78.18,112.38,0.9476,-1,-1,-1
430,527,426.38,443.52,135.19,146.91,0.8206,-1,-1,-1
430,520,582.93,121.93,53.78,71.74,0.7354,-1,-1,-1
431,453,1547.19,428.66,92.76,108.66,0.9794,-1,-1,-1
431,474,491.78,853.09,89.66,118.15,0.9751,-1,-1,-1
431,515,280.81,722.71,96.51,135.68,0.9731,-1,-1,-1
431,418,1315.45,585.9,70.41,130.81,0.9728,-1,-1,-1
431,487,744.17,370.41,71.44,99.46,0.9728,-1,-1,-1
431,426,1078.88,523.74,57.22,117.73,0.9716,-1,-1,-1
431,422,1165.16,540.79,73.2,114.07,0.9714,-1,-1,-1
431,498,1766.73,531.09,78.08,110.71,0.9711,-1,-1,-1
431,429,1406.4,382.34,56.6,99.94,0.971,-1,-1,-1
431,479,938.89,440.33,72.24,96.73,0.9699,-1,-1,-1
431,461,1278.89,275.54,50.56,89.5,0.9658,-1,-1,-1
431,514,1646.76,450.69,57.06,106.73,0.9652,-1,-1,-1
431,518,460.12,521.2,85.51,112.52,0.9601,-1,-1,-1
431,520,598.98,120.11,56.69,73.0,0.8874,-1,-1,-1
431,527,452.93,458.87,126.77,133.34,0.587,-1,-1,-1
432,453,1562.35,429.86,94.81,106.93,0.9807,-1,-1,-1
432,418,1315.77,583.51,85.53,128.63,0.9763,-1,-1,-1
432,426,1089.74,524.12,46.16,118.0,0.9747,-1,-1,-1
432,498,1780.06,531.76,83.07,114.2,0.9738,-1,-1,-1
432,487,753.44,371.32,75.92,101.18,0.9716,-1,-1,-1
432,422,1166.46,543.1,59.34,111.68,0.9709,-1,-1,-1
432,429,1408.91,383.6,59.65,98.68,0.9685,-1,-1,-1
432,474,496.57,851.86,96.93,118.44,0.968,-1,-1,-1
432,479,945.49,440.54,59.91,96.9,0.9677,-1,-1,-1
432,515,281.77,724.53,110.41,135.65,0.9667,-1,-1,-1
432,461,1290.14,275.28,61.12,91.37,0.9625,-1,-1,-1
432,518,469.87,521.14,93.58,112.02,0.9503,-1,-1,-1
432,520,614.54,120.39,55.87,75.02,0.9104,-1,-1,-1
432,514,1660.3,454.3,62.12,105.47,0.8465,-1,-1,-1
432,527,450.86,443.49,99.66,99.75,0.8256,-1,-1,-1
432,485,489.71,503.04,83.99,87.65,0.7823,-1,-1,-1
433,498,1791.98,533.31,85.91,116.76,0.9781,-1,-1,-1
433,487,758.62,373.98,79.94,102.75,0.9777,-1,-1,-1
433,422,1169.38,540.96,73.22,112.86,0.9773,-1,-1,-1
433,453,1581.12,427.77,91.41,108.56,0.9757,-1,-1,-1
433,461,1302.16,273.87,67.23,93.31,0.9748,-1,-1,-1
433,479,947.09,438.79,68.35,97.59,0.974,-1,-1,-1
433,418,1314.95,582.65,95.06,127.35,0.9733,-1,-1,-1
433,515,284.1,725.84,108.99,135.17,0.9731,-1,-1,-1
433,426,1095.6,525.12,45.04,116.93,0.9709,-1,-1,-1
433,429,1411.31,384.85,79.48,98.88,0.9703,-1,-1,-1
433,518,478.82,507.76,93.72,126.63,0.9665,-1,-1,-1
433,514,1668.48,455.23,78.37,105.68,0.9632,-1,-1,-1
433,474,502.94,852.18,100.52,117.65,0.9561,-1,-1,-1
433,527,464.96,444.79,81.16,91.45,0.8781,-1,-1,-1
433,520,631.87,124.39,43.6,71.32,0.7247,-1,-1,-1
434,422,1162.57,537.85,97.71,117.14,0.9801,-1,-1,-1
434,453,1598.8,428.31,87.53,106.99,0.9799,-1,-1,-1
434,418,1318.35,583.69,96.8,125.41,0.9788,-1,-1,-1
434,515,289.0,728.18,100.81,135.58,0.9782,-1,-1,-1
434,429,1427.45,384.8,75.18,98.43,0.9749,-1,-1,-1
434,479,951.6,437.19,81.31,98.6,0.9749,-1,-1,-1
434,487,772.44,376.17,70.79,100.97,0.9716,-1,-1,-1
434,498,1807.42,536.78,79.92,116.2,0.9709,-1,-1,-1
434,461,1319.43,272.61,66.86,95.5,0.9705,-1,-1,-1
434,514,1681.92,455.1,88.0,105.97,0.9691,-1,-1,-1
434,426,1096.69,521.99,56.23,120.12,0.962,-1,-1,-1
434,518,485.02,518.21,82.87,116.82,0.9538,-1,-1,-1
434,474,509.27,853.94,100.28,113.54,0.9027,-1,-1,-1
434,527,477.8,443.53,83.5,95.83,0.8901,-1,-1,-1
434,485,501.76,499.77,67.48,83.73,0.627,-1,-1,-1
434,520,644.32,118.96,47.25,74.45,0.5555,-1,-1,-1
435,422,1162.22,537.93,98.03,117.17,0.9802,-1,-1,-1
435,453,1598.69,428.38,87.72,106.86,0.9801,-1,-1,-1
435,418,1318.36,583.7,96.86,125.34,0.9787,-1,-1,-1
435,515,288.93,728.14,100.8,135.6,0.9784,-1,-1,-1
435,479,951.38,437.19,81.51,98.65,0.9756,-1,-1,-1
435,429,1427.6,384.8,75.01,98.44,0.9746,-1,-1,-1
435,487,772.43,376.11,70.78,100.88,0.9716,-1,-1,-1
435,498,1807.45,536.88,79.87,116.12,0.971,-1,-1,-1
435,461,1319.6,272.6,66.72,95.55,0.9705,-1,-1,-1
435,514,1683.57,454.29,86.21,105.95,0.9695,-1,-1,-1
435,426,1096.7,522.05,56.23,120.26,0.9622,-1,-1,-1
435,518,485.04,518.27,82.78,116.66,0.9536,-1,-1,-1
435,474,509.24,853.95,100.38,113.59,0.9067,-1,-1,-1
435,527,477.77,443.54,83.31,95.64,0.8926,-1,-1,-1
435,485,501.57,499.43,67.99,84.22,0.6557,-1,-1,-1
435,520,644.5,119.01,47.12,74.36,0.5484,-1,-1,-1
436,422,1170.27,539.4,94.68,104.96,0.9795,-1,-1,-1
436,453,1617.62,427.73,76.89,109.85,0.9781,-1,-1,-1
436,418,1335.9,584.66,77.16,126.99,0.9765,-1,-1,-1
436,514,1695.95,455.45,91.54,104.3,0.9762,-1,-1,-1
436,479,964.13,435.36,78.03,95.39,0.9753,-1,-1,-1
436,429,1435.44,384.81,75.1,101.58,0.9719,-1,-1,-1
436,515,296.81,726.03,80.68,137.47,0.9718,-1,-1,-1
436,487,782.93,376.34,57.67,100.05,0.9698,-1,-1,-1
436,474,513.34,856.32,90.66,115.29,0.9683,-1,-1,-1
436,461,1335.17,272.2,67.08,95.59,0.9664,-1,-1,-1
436,426,1092.38,519.45,71.1,115.96,0.9634,-1,-1,-1
436,498,1819.34,541.69,76.52,111.41,0.9626,-1,-1,-1
436,527,492.79,442.84,74.47,90.5,0.9569,-1,-1,-1
436,518,498.09,516.86,68.27,115.32,0.9034,-1,-1,-1
436,520,654.05,117.63,49.45,77.16,0.6406,-1,-1,-1
437,429,1445.36,385.99,66.87,103.81,0.9764,-1,-1,-1
437,514,1713.14,457.63,90.94,104.27,0.9764,-1,-1,-1
437,515,301.05,726.42,85.66,137.36,0.9763,-1,-1,-1
437,479,968.98,435.35,75.58,96.38,0.9754,-1,-1,-1
437,453,1632.49,430.86,67.84,106.49,0.9744,-1,-1,-1
437,461,1350.76,272.99,61.17,95.0,0.9733,-1,-1,-1
437,487,791.26,376.6,46.24,98.29,0.9723,-1,-1,-1
437,418,1339.64,585.39,67.46,124.78,0.9705,-1,-1,-1
437,422,1182.54,535.49,81.88,112.19,0.9697,-1,-1,-1
437,426,1101.64,518.76,69.04,113.79,0.9678,-1,-1,-1
437,498,1829.17,544.11,72.09,109.59,0.9647,-1,-1,-1
437,474,516.81,857.55,69.55,112.73,0.9558,-1,-1,-1
437,527,498.99,442.83,61.26,87.2,0.9512,-1,-1,-1
437,518,504.03,507.07,85.28,125.63,0.9409,-1,-1,-1
437,520,656.91,119.53,60.35,75.73,0.9132,-1,-1,-1
438,514,1725.49,458.47,94.04,108.21,0.9784,-1,-1,-1
438,487,796.16,376.56,57.62,100.1,0.9768,-1,-1,-1
438,453,1644.48,433.16,58.13,104.84,0.976,-1,-1,-1
438,418,1347.96,584.89,50.9,123.7,0.9755,-1,-1,-1
438,429,1451.5,388.56,50.35,102.06,0.973,-1,-1,-1
438,515,303.79,725.2,99.97,136.09,0.9726,-1,-1,-1
438,426,1111.68,516.79,68.46,115.69,0.9703,-1,-1,-1
438,474,519.87,857.58,55.13,113.16,0.9622,-1,-1,-1
438,422,1189.1,536.48,67.25,113.72,0.9617,-1,-1,-1
438,461,1365.84,275.74,53.02,93.51,0.9592,-1,-1,-1
438,518,513.8,521.66,83.67,110.54,0.9455,-1,-1,-1
438,498,1840.61,545.7,61.16,109.25,0.9143,-1,-1,-1
438,479,974.28,435.48,72.39,98.27,0.9139,-1,-1,-1
438,485,508.01,445.15,98.92,150.81,0.8804,-1,-1,-1
438,520,679.44,123.66,60.22,72.04,0.8474,-1,-1,-1
439,515,308.83,723.91,100.42,133.28,0.983,-1,-1,-1
439,514,1739.45,458.5,94.53,106.79,0.9791,-1,-1,-1
439,418,1348.09,581.36,67.87,129.62,0.9763,-1,-1,-1
439,453,1655.08,433.17,70.74,106.15,0.9757,-1,-1,-1
439,487,800.03,374.71,67.67,102.34,0.9744,-1,-1,-1
439,429,1452.58,390.65,62.44,101.13,0.9733,-1,-1,-1
439,461,1377.59,277.89,45.76,90.62,0.9715,-1,-1,-1
439,422,1193.66,537.53,44.69,112.83,0.97,-1,-1,-1
439,474,515.33,856.0,76.54,114.78,0.9621,-1,-1,-1
439,518,518.52,516.98,90.69,111.62,0.9512,-1,-1,-1
439,426,1123.94,514.4,65.98,118.49,0.945,-1,-1,-1
439,520,685.24,120.35,70.47,74.85,0.9173,-1,-1,-1
439,479,978.11,434.48,55.53,96.03,0.864,-1,-1,-1
439,485,504.87,433.42,89.86,138.77,0.8359,-1,-1,-1
439,498,1849.1,546.82,67.34,108.49,0.5522,-1,-1,-1
440,453,1665.73,431.97,81.06,109.09,0.9781,-1,-1,-1
440,515,318.47,723.57,91.94,135.84,0.9772,-1,-1,-1
440,487,805.73,374.71,75.84,100.07,0.9749,-1,-1,-1
440,418,1351.35,579.52,79.62,128.23,0.9749,-1,-1,-1
440,474,515.68,855.23,87.88,117.14,0.9731,-1,-1,-1
440,479,981.2,433.84,71.91,98.08,0.9713,-1,-1,-1
440,429,1454.76,389.92,80.26,103.28,0.9693,-1,-1,-1
440,422,1196.44,535.77,55.08,116.84,0.9685,-1,-1,-1
440,498,1857.38,544.54,61.59,109.53,0.9677,-1,-1,-1
440,514,1754.82,460.51,86.4,107.0,0.9674,-1,-1,-1
440,527,513.17,438.6,86.24,111.65,0.9673,-1,-1,-1
440,426,1135.3,511.42,58.62,120.2,0.9663,-1,-1,-1
440,461,1392.22,279.41,43.01,90.09,0.9633,-1,-1,-1
440,518,527.01,516.71,85.66,110.54,0.9505,-1,-1,-1
440,520,696.06,121.32,73.65,74.25,0.9008,-1,-1,-1
441,453,1665.55,431.94,81.23,109.12,0.9782,-1,-1,-1
441,515,318.43,723.69,92.18,135.68,0.9773,-1,-1,-1
441,487,805.7,374.72,75.88,100.03,0.9748,-1,-1,-1
441,418,1351.35,579.51,79.58,128.16,0.9747,-1,-1,-1
441,474,515.6,855.21,87.97,117.13,0.9735,-1,-1,-1
441,479,981.27,433.89,71.74,98.16,0.9716,-1,-1,-1
441,429,1454.83,389.85,80.22,103.36,0.9692,-1,-1,-1
441,514,1754.82,460.52,86.39,107.04,0.9684,-1,-1,-1
441,422,1196.34,535.73,55.17,116.66,0.9683,-1,-1,-1
441,498,1857.49,544.53,61.49,109.49,0.9674,-1,-1,-1
441,426,1135.44,511.48,57.69,120.18,0.967,-1,-1,-1
441,527,513.16,438.66,86.11,111.43,0.966,-1,-1,-1
441,461,1391.97,279.36,43.39,90.29,0.9638,-1,-1,-1
441,518,526.94,516.79,85.77,110.44,0.9515,-1,-1,-1
441,520,696.06,121.16,73.57,74.37,0.8973,-1,-1,-1
442,453,1676.29,430.75,90.41,111.26,0.9774,-1,-1,-1
442,479,988.97,432.39,75.98,99.53,0.9774,-1,-1,-1
442,487,808.04,375.63,82.68,99.83,0.9756,-1,-1,-1
442,418,1353.31,576.41,89.07,124.72,0.9754,-1,-1,-1
442,429,1464.9,387.85,81.95,102.67,0.9745,-1,-1,-1
442,515,327.49,721.48,70.72,138.46,0.973,-1,-1,-1
442,527,516.09,436.57,89.67,106.2,0.9724,-1,-1,-1
442,514,1767.6,460.19,77.87,106.69,0.9689,-1,-1,-1
442,422,1195.16,532.19,73.4,119.61,0.9687,-1,-1,-1
442,498,1872.0,543.97,47.0,112.82,0.9627,-1,-1,-1
442,461,1404.73,278.54,52.45,91.77,0.9605,-1,-1,-1
442,426,1147.79,506.3,54.23,109.39,0.9592,-1,-1,-1
442,518,535.49,518.15,71.02,108.11,0.9462,-1,-1,-1
442,474,523.23,852.62,83.25,117.49,0.9419,-1,-1,-1
442,520,713.49,120.33,63.97,76.36,0.6038,-1,-1,-1
443,422,1192.43,528.78,88.79,113.03,0.9845,-1,-1,-1
443,453,1692.31,430.75,89.18,106.52,0.9786,-1,-1,-1
443,479,991.65,431.91,77.99,96.35,0.9775,-1,-1,-1
443,515,336.1,721.26,51.05,135.69,0.9748,-1,-1,-1
443,429,1474.22,387.22,77.29,102.96,0.9731,-1,-1,-1
443,461,1416.97,275.97,60.82,93.94,0.9707,-1,-1,-1
443,527,531.81,434.51,75.05,95.22,0.9684,-1,-1,-1
443,418,1352.02,577.6,101.12,125.38,0.9681,-1,-1,-1
443,514,1779.53,455.95,72.57,107.64,0.9593,-1,-1,-1
443,426,1156.48,500.7,61.02,108.59,0.9588,-1,-1,-1
443,487,823.52,375.98,69.95,101.58,0.9349,-1,-1,-1
443,518,539.3,511.12,72.24,112.87,0.9332,-1,-1,-1
443,474,522.33,852.73,94.9,114.36,0.9126,-1,-1,-1
443,498,1885.03,542.87,34.97,116.37,0.8587,-1,-1,-1
443,520,734.82,122.63,52.0,71.19,0.5146,-1,-1,-1
444,453,1708.87,430.84,81.79,106.69,0.9786,-1,-1,-1
444,518,544.89,504.3,90.43,123.1,0.9754,-1,-1,-1
444,418,1357.43,576.77,97.12,129.32,0.9743,-1,-1,-1
444,515,340.0,721.45,61.63,135.28,0.9741,-1,-1,-1
444,461,1427.1,276.26,65.66,94.07,0.9731,-1,-1,-1
444,429,1483.74,389.55,66.63,103.59,0.9709,-1,-1,-1
444,487,832.35,376.99,58.32,101.75,0.9706,-1,-1,-1
444,479,1000.51,435.28,68.38,97.68,0.9678,-1,-1,-1
444,426,1168.35,500.6,68.58,106.9,0.9614,-1,-1,-1
444,422,1199.25,538.74,79.64,108.88,0.9557,-1,-1,-1
444,514,1794.9,455.32,76.95,113.08,0.9547,-1,-1,-1
444,474,518.26,857.75,94.65,110.79,0.9497,-1,-1,-1
444,527,535.64,436.81,59.99,92.52,0.884,-1,-1,-1
444,520,748.44,119.69,47.45,75.2,0.8449,-1,-1,-1
444,528,1896.58,542.33,22.73,123.14,0.7202,-1,-1,-1
444,529,527.17,500.24,35.74,60.14,0.612,-1,-1,-1
445,515,333.09,719.93,89.89,138.84,0.978,-1,-1,-1
445,453,1721.18,434.4,76.24,105.17,0.9768,-1,-1,-1
445,487,839.74,377.99,46.52,101.3,0.9721,-1,-1,-1
445,461,1437.0,278.8,69.12,94.85,0.9714,-1,-1,-1
445,418,1379.28,579.83,68.27,127.41,0.971,-1,-1,-1
445,479,1004.5,434.88,50.76,98.3,0.9666,-1,-1,-1
445,514,1809.18,457.4,81.16,112.54,0.9648,-1,-1,-1
445,426,1180.91,500.89,52.55,105.49,0.9646,-1,-1,-1
445,429,1488.75,391.45,51.53,104.42,0.9614,-1,-1,-1
445,422,1212.79,540.14,64.37,108.75,0.9577,-1,-1,-1
445,474,518.26,860.96,78.38,109.7,0.944,-1,-1,-1
445,527,541.67,438.86,58.33,91.99,0.9103,-1,-1,-1
445,518,560.27,510.47,80.49,117.83,0.8881,-1,-1,-1
445,520,760.52,122.03,54.26,74.32,0.8641,-1,-1,-1
445,529,525.21,500.05,52.63,91.94,0.7635,-1,-1,-1
446,514,1822.52,453.88,87.25,115.46,0.9779,-1,-1,-1
446,418,1386.03,580.24,53.74,125.71,0.9744,-1,-1,-1
446,479,1007.38,432.25,62.66,99.71,0.9739,-1,-1,-1
446,453,1727.22,433.86,68.93,104.96,0.9736,-1,-1,-1
446,429,1490.53,392.33,65.47,104.43,0.9722,-1,-1,-1
446,487,844.5,376.45,58.57,102.38,0.9697,-1,-1,-1
446,422,1216.15,540.45,48.52,107.13,0.9687,-1,-1,-1
446,426,1191.0,497.17,45.18,105.68,0.9647,-1,-1,-1
446,461,1453.97,278.24,59.64,94.23,0.9644,-1,-1,-1
446,515,327.07,714.94,106.51,132.98,0.9636,-1,-1,-1
446,474,521.04,860.7,69.54,109.18,0.9628,-1,-1,-1
446,527,545.29,432.9,79.2,113.31,0.9577,-1,-1,-1
446,518,561.55,506.11,90.74,122.21,0.9432,-1,-1,-1
446,529,531.2,493.53,54.31,106.83,0.9132,-1,-1,-1
446,520,769.03,123.08,64.1,71.56,0.9027,-1,-1,-1
447,514,1822.66,453.94,87.03,115.27,0.9777,-1,-1,-1
447,418,1386.02,580.25,53.84,125.62,0.9743,-1,-1,-1
447,479,1006.99,432.25,62.94,99.7,0.9738,-1,-1,-1
447,453,1727.19,433.89,68.8,104.91,0.9737,-1,-1,-1
447,429,1490.5,392.27,65.43,104.66,0.972,-1,-1,-1
447,487,844.33,376.45,58.74,102.31,0.9694,-1,-1,-1
447,422,1216.21,540.5,48.76,107.13,0.9682,-1,-1,-1
447,426,1190.96,497.21,45.3,105.61,0.9652,-1,-1,-1
447,461,1453.93,278.21,59.69,94.31,0.9644,-1,-1,-1
447,515,326.96,715.01,106.72,133.04,0.9638,-1,-1,-1
447,474,521.2,860.69,69.34,109.21,0.9634,-1,-1,-1
447,527,545.29,432.92,79.22,113.25,0.9574,-1,-1,-1
447,518,561.51,506.07,90.88,122.23,0.9454,-1,-1,-1
447,529,530.97,493.55,54.54,106.61,0.9177,-1,-1,-1
447,520,768.91,123.05,64.11,71.57,0.9031,-1,-1,-1
448,429,1492.95,390.65,75.83,104.11,0.9807,-1,-1,-1
448,453,1734.09,432.79,68.89,105.58,0.9793,-1,-1,-1
448,418,1384.27,575.63,55.53,127.99,0.9744,-1,-1,-1
448,487,847.48,373.45,69.77,103.69,0.9744,-1,-1,-1
448,514,1836.23,452.05,81.45,117.92,0.9733,-1,-1,-1
448,479,1009.64,428.86,70.34,101.19,0.9721,-1,-1,-1
448,426,1197.4,496.08,44.9,99.06,0.9699,-1,-1,-1
448,527,552.38,429.15,84.9,112.8,0.9695,-1,-1,-1
448,474,521.87,858.59,71.13,111.38,0.9687,-1,-1,-1
448,461,1466.7,277.27,51.4,93.28,0.9672,-1,-1,-1
448,515,336.41,712.19,98.53,134.35,0.9609,-1,-1,-1
448,422,1216.11,536.2,61.72,108.91,0.9551,-1,-1,-1
448,520,782.84,119.2,62.16,73.98,0.9452,-1,-1,-1
448,518,568.89,509.42,78.78,116.56,0.8766,-1,-1,-1
448,529,531.63,491.6,59.05,109.98,0.8607,-1,-1,-1
449,453,1741.55,436.2,85.12,105.25,0.9824,-1,-1,-1
449,487,850.78,375.66,77.4,103.52,0.9762,-1,-1,-1
449,515,346.54,714.55,83.74,137.36,0.9736,-1,-1,-1
449,429,1498.08,394.69,79.21,105.43,0.9715,-1,-1,-1
449,479,1008.45,429.75,78.86,98.53,0.9712,-1,-1,-1
449,527,566.92,430.97,74.72,104.32,0.9711,-1,-1,-1
449,418,1383.4,577.14,71.4,129.16,0.9699,-1,-1,-1
449,474,525.31,858.34,76.17,112.25,0.9666,-1,-1,-1
449,461,1474.69,281.81,46.0,91.18,0.9663,-1,-1,-1
449,514,1846.11,456.44,72.04,118.27,0.9654,-1,-1,-1
449,422,1219.13,532.57,67.34,109.41,0.9643,-1,-1,-1
449,426,1210.38,494.89,38.62,100.54,0.9501,-1,-1,-1
449,518,567.18,502.7,73.8,124.53,0.9123,-1,-1,-1
449,520,790.34,118.31,62.16,76.94,0.8609,-1,-1,-1
449,529,539.76,498.15,62.65,116.12,0.7715,-1,-1,-1
450,453,1751.71,436.76,92.75,107.59,0.9777,-1,-1,-1
450,429,1504.51,398.72,74.17,106.32,0.9767,-1,-1,-1
450,479,1019.06,431.52,67.28,98.18,0.9751,-1,-1,-1
450,487,858.64,378.62,75.09,102.13,0.9743,-1,-1,-1
450,418,1384.75,575.7,84.84,128.56,0.9741,-1,-1,-1
450,527,574.09,431.5,72.0,98.59,0.9667,-1,-1,-1
450,515,352.11,714.61,65.32,137.25,0.9642,-1,-1,-1
450,461,1485.54,283.79,53.09,92.4,0.9641,-1,-1,-1
450,474,527.43,858.22,74.9,112.03,0.9606,-1,-1,-1
450,422,1213.16,534.95,77.37,102.43,0.9541,-1,-1,-1
450,518,555.07,505.62,101.09,124.57,0.9455,-1,-1,-1
450,426,1216.12,494.27,39.36,99.81,0.9159,-1,-1,-1
450,514,1862.06,463.04,54.45,113.67,0.7311,-1,-1,-1
450,520,805.84,122.98,56.59,75.32,0.6038,-1,-1,-1
451,453,1761.51,433.6,94.61,104.62,0.982,-1,-1,-1
451,429,1513.16,398.05,59.13,106.49,0.974,-1,-1,-1
451,461,1496.0,281.46,63.67,93.54,0.9732,-1,-1,-1
451,418,1381.49,572.9,97.92,126.64,0.9726,-1,-1,-1
451,515,352.56,707.83,71.38,141.22,0.972,-1,-1,-1
451,487,872.96,377.41,59.25,102.31,0.9712,-1,-1,-1
451,479,1028.44,427.71,48.36,97.89,0.9708,-1,-1,-1
451,527,569.99,429.71,73.96,94.35,0.9682,-1,-1,-1
451,422,1220.93,532.64,68.4,101.64,0.9635,-1,-1,-1
451,474,530.56,855.65,61.66,114.59,0.9472,-1,-1,-1
451,529,549.55,501.87,51.46,107.84,0.9388,-1,-1,-1
451,518,584.89,503.09,83.24,123.35,0.863,-1,-1,-1
451,426,1225.51,488.32,39.14,96.13,0.8547,-1,-1,-1
451,520,809.87,121.59,54.41,75.96,0.6454,-1,-1,-1
452,453,1775.18,431.7,92.73,108.14,0.9793,-1,-1,-1
452,429,1517.21,396.63,50.51,104.66,0.9779,-1,-1,-1
452,515,357.19,703.02,75.61,142.86,0.9751,-1,-1,-1
452,487,879.23,375.51,44.62,101.25,0.9726,-1,-1,-1
452,461,1506.71,277.52,67.04,94.99,0.9712,-1,-1,-1
452,418,1379.97,572.09,103.46,123.79,0.9688,-1,-1,-1
452,518,589.37,501.99,83.6,117.05,0.9435,-1,-1,-1
452,474,531.76,855.86,77.34,113.78,0.9392,-1,-1,-1
452,479,1032.85,423.71,42.93,100.96,0.9376,-1,-1,-1
452,527,570.34,425.35,63.51,90.36,0.9355,-1,-1,-1
452,529,545.62,500.43,63.2,103.75,0.9354,-1,-1,-1
452,426,1233.27,481.95,58.7,119.41,0.8883,-1,-1,-1
452,514,1883.98,462.35,36.02,110.58,0.7991,-1,-1,-1
452,520,814.87,119.37,64.93,76.14,0.7089,-1,-1,-1
452,422,1235.77,527.16,48.2,104.58,0.5552,-1,-1,-1
453,453,1775.08,431.69,92.72,108.16,0.9794,-1,-1,-1
453,429,1517.2,396.61,50.57,104.62,0.9778,-1,-1,-1
453,515,357.1,703.04,75.77,142.73,0.975,-1,-1,-1
453,487,879.23,375.47,44.53,101.35,0.9724,-1,-1,-1
453,461,1506.79,277.48,67.03,95.09,0.9713,-1,-1,-1
453,418,1380.09,572.12,103.13,123.8,0.9691,-1,-1,-1
453,518,589.19,502.25,83.79,117.03,0.9415,-1,-1,-1
453,479,1032.93,423.64,42.94,100.96,0.9389,-1,-1,-1
453,474,531.7,855.8,76.76,113.68,0.9386,-1,-1,-1
453,529,545.59,500.47,63.05,103.3,0.934,-1,-1,-1
453,527,570.16,425.2,64.0,90.83,0.9309,-1,-1,-1
453,426,1233.39,481.81,58.58,117.0,0.8921,-1,-1,-1
453,514,1884.04,463.1,35.96,111.91,0.8024,-1,-1,-1
453,520,817.21,119.4,63.12,78.27,0.7816,-1,-1,-1
453,422,1235.86,528.2,47.51,103.16,0.5371,-1,-1,-1
454,515,355.28,701.99,91.75,134.39,0.982,-1,-1,-1
454,453,1788.26,431.1,88.04,114.35,0.9787,-1,-1,-1
454,479,1034.05,422.76,60.12,102.2,0.9785,-1,-1,-1
454,487,881.01,376.68,55.57,101.73,0.9753,-1,-1,-1
454,418,1393.44,572.96,88.45,129.63,0.971,-1,-1,-1
454,429,1511.91,397.51,77.57,106.01,0.9702,-1,-1,-1
454,461,1513.27,278.7,76.0,96.13,0.9702,-1,-1,-1
454,474,533.54,860.56,54.75,108.85,0.9655,-1,-1,-1
454,527,575.36,425.12,81.31,111.34,0.9631,-1,-1,-1
454,518,600.84,503.9,75.91,115.63,0.9602,-1,-1,-1
454,422,1240.4,520.01,51.39,111.15,0.9601,-1,-1,-1
454,529,544.24,497.89,72.85,113.35,0.9505,-1,-1,-1
454,520,827.99,119.07,70.8,76.07,0.9,-1,-1,-1
454,426,1242.02,485.19,51.36,93.04,0.8461,-1,-1,-1
455,527,587.25,424.51,83.23,115.64,0.9793,-1,-1,-1
455,487,886.92,377.47,67.39,102.3,0.9788,-1,-1,-1
455,515,361.38,701.13,88.95,134.1,0.9764,-1,-1,-1
455,453,1803.43,435.32,73.51,112.75,0.9764,-1,-1,-1
455,429,1515.11,398.81,87.31,107.36,0.9734,-1,-1,-1
455,461,1525.65,281.51,72.94,95.0,0.9714,-1,-1,-1
455,418,1413.03,578.57,65.22,125.82,0.9702,-1,-1,-1
455,479,1029.45,422.08,76.53,98.19,0.9671,-1,-1,-1
455,474,533.71,860.82,53.16,108.65,0.9655,-1,-1,-1
455,518,608.25,508.61,64.88,113.05,0.9485,-1,-1,-1
455,520,846.42,119.24,68.49,76.49,0.9469,-1,-1,-1
455,422,1245.79,516.83,52.7,115.33,0.9459,-1,-1,-1
455,426,1248.9,484.24,54.1,97.25,0.9416,-1,-1,-1
455,529,541.98,498.25,75.04,115.32,0.8983,-1,-1,-1
456,527,594.01,423.44,85.6,103.32,0.9816,-1,-1,-1
456,429,1519.54,399.37,88.12,105.88,0.9779,-1,-1,-1
456,487,892.64,375.2,75.38,98.35,0.9755,-1,-1,-1
456,418,1421.38,575.44,49.18,126.38,0.9752,-1,-1,-1
456,515,377.11,697.39,65.32,136.08,0.9734,-1,-1,-1
456,453,1814.71,436.55,57.39,110.42,0.9721,-1,-1,-1
456,422,1246.7,483.04,73.63,141.15,0.9705,-1,-1,-1
456,461,1548.06,282.13,57.02,93.8,0.9671,-1,-1,-1
456,474,529.42,855.95,76.94,114.36,0.9616,-1,-1,-1
456,479,1037.37,420.99,71.99,97.59,0.9582,-1,-1,-1
456,518,610.74,504.09,55.38,118.8,0.9566,-1,-1,-1
456,520,862.75,119.05,63.58,75.0,0.9444,-1,-1,-1
456,529,552.52,498.59,65.03,115.71,0.9168,-1,-1,-1
457,453,1822.53,434.45,66.71,111.22,0.9761,-1,-1,-1
457,418,1422.23,571.84,55.92,130.75,0.975,-1,-1,-1
457,429,1532.66,398.11,71.32,108.98,0.973,-1,-1,-1
457,474,527.37,852.93,89.17,119.19,0.9724,-1,-1,-1
457,487,893.96,372.38,79.51,101.37,0.9717,-1,-1,-1
457,527,607.41,419.42,71.6,96.47,0.9707,-1,-1,-1
457,515,384.82,692.84,47.87,135.46,0.9703,-1,-1,-1
457,461,1560.82,281.79,46.81,93.28,0.9644,-1,-1,-1
457,518,606.71,495.62,80.18,126.13,0.96,-1,-1,-1
457,479,1052.0,419.76,53.21,97.99,0.957,-1,-1,-1
457,422,1253.42,514.35,59.28,102.28,0.9485,-1,-1,-1
457,529,567.84,500.41,47.17,111.96,0.939,-1,-1,-1
457,426,1255.67,475.55,73.1,106.1,0.9174,-1,-1,-1
458,418,1422.73,568.12,67.85,133.93,0.9778,-1,-1,-1
458,515,390.81,689.55,48.9,136.88,0.9766,-1,-1,-1
458,453,1829.76,430.77,80.29,115.81,0.9765,-1,-1,-1
458,461,1570.24,282.38,43.22,91.45,0.9739,-1,-1,-1
458,487,908.92,373.48,66.24,102.7,0.9699,-1,-1,-1
458,429,1534.71,397.95,56.97,108.64,0.9679,-1,-1,-1
458,527,615.97,419.73,57.1,91.84,0.9664,-1,-1,-1
458,518,608.53,494.74,92.16,123.8,0.966,-1,-1,-1
458,529,564.93,502.48,44.43,110.99,0.9632,-1,-1,-1
458,479,1057.39,415.63,38.72,99.51,0.9594,-1,-1,-1
458,426,1264.64,474.82,77.51,109.05,0.9581,-1,-1,-1
458,474,532.58,850.74,78.72,119.3,0.9497,-1,-1,-1
458,422,1257.44,512.61,57.8,105.57,0.9417,-1,-1,-1
459,418,1422.64,568.09,67.96,133.91,0.9779,-1,-1,-1
459,515,390.78,689.59,48.97,136.92,0.9768,-1,-1,-1
459,453,1829.4,430.78,80.79,115.61,0.9766,-1,-1,-1
459,461,1570.19,282.34,43.31,91.44,0.9741,-1,-1,-1
459,487,909.15,373.62,66.13,102.62,0.9699,-1,-1,-1
459,429,1534.56,398.02,57.35,108.57,0.9679,-1,-1,-1
459,527,615.93,419.7,57.14,91.85,0.9668,-1,-1,-1
459,518,608.33,494.78,92.25,123.84,0.9664,-1,-1,-1
459,529,564.95,502.53,44.49,111.07,0.9634,-1,-1,-1
459,479,1057.2,415.78,39.0,99.38,0.9606,-1,-1,-1
459,426,1264.61,474.86,77.62,109.19,0.9575,-1,-1,-1
459,474,532.59,850.74,79.18,119.36,0.9505,-1,-1,-1
459,422,1257.42,512.54,57.84,105.49,0.9424,-1,-1,-1
460,515,389.49,685.29,71.01,142.35,0.9756,-1,-1,-1
460,453,1836.96,431.48,82.06,108.01,0.9735,-1,-1,-1
460,479,1060.58,414.14,48.74,103.52,0.9727,-1,-1,-1
460,429,1533.09,400.98,65.69,106.03,0.9726,-1,-1,-1
460,418,1426.81,567.91,77.36,130.54,0.9719,-1,-1,-1
460,474,530.76,853.03,95.36,117.34,0.9704,-1,-1,-1
460,487,916.79,374.42,52.74,101.92,0.9699,-1,-1,-1
460,461,1578.88,282.16,55.0,94.51,0.9662,-1,-1,-1
460,529,560.22,505.33,61.16,105.04,0.9465,-1,-1,-1
460,426,1274.9,474.59,68.8,101.9,0.9263,-1,-1,-1
460,422,1271.2,509.29,53.24,109.06,0.9164,-1,-1,-1
460,520,896.97,120.36,47.71,74.55,0.91,-1,-1,-1
460,518,613.63,433.65,98.75,171.93,0.7867,-1,-1,-1
461,515,383.33,680.99,93.61,137.38,0.9796,-1,-1,-1
461,429,1531.21,398.26,84.04,107.52,0.979,-1,-1,-1
461,418,1416.73,566.6,98.47,127.17,0.975,-1,-1,-1
461,479,1057.34,410.43,66.64,100.34,0.9733,-1,-1,-1
461,487,923.52,371.2,41.79,102.33,0.9726,-1,-1,-1
461,453,1844.26,430.33,74.44,106.07,0.971,-1,-1,-1
461,518,616.22,496.52,92.64,118.69,0.971,-1,-1,-1
461,461,1588.25,279.31,63.09,97.19,0.9691,-1,-1,-1
461,527,626.05,416.45,57.85,114.87,0.9663,-1,-1,-1
461,474,532.24,850.71,81.59,118.6,0.9599,-1,-1,-1
461,529,552.7,502.25,77.45,106.67,0.9553,-1,-1,-1
461,422,1274.06,503.72,62.93,113.05,0.9399,-1,-1,-1
461,520,906.96,119.15,55.67,73.91,0.8989,-1,-1,-1
461,426,1274.35,469.61,62.34,99.05,0.8795,-1,-1,-1
462,515,387.66,676.27,95.14,129.15,0.9789,-1,-1,-1
462,527,628.65,411.99,71.34,115.24,0.9786,-1,-1,-1
462,429,1534.11,396.44,87.04,108.1,0.9771,-1,-1,-1
462,418,1419.13,565.63,102.03,126.47,0.9767,-1,-1,-1
462,487,921.55,368.29,61.32,103.66,0.9749,-1,-1,-1
462,479,1058.85,407.42,74.48,96.85,0.9733,-1,-1,-1
462,529,547.64,502.6,93.05,106.5,0.9725,-1,-1,-1
462,453,1855.37,429.05,62.74,110.75,0.9691,-1,-1,-1
462,461,1593.83,277.15,72.43,95.41,0.9666,-1,-1,-1
462,474,528.08,849.55,66.45,119.27,0.9628,-1,-1,-1
462,422,1277.86,498.77,65.06,114.91,0.9607,-1,-1,-1
462,518,627.02,488.26,72.97,125.72,0.9603,-1,-1,-1
462,520,915.74,116.03,63.81,71.79,0.9513,-1,-1,-1
462,426,1295.52,467.68,42.04,99.89,0.8404,-1,-1,-1
463,418,1433.46,566.85,86.89,130.22,0.9758,-1,-1,-1
463,429,1541.26,398.86,82.28,110.89,0.9752,-1,-1,-1
463,487,927.44,368.37,71.79,100.64,0.9738,-1,-1,-1
463,453,1869.99,431.7,47.49,111.88,0.9727,-1,-1,-1
463,474,532.04,845.74,69.25,125.75,0.9719,-1,-1,-1
463,515,404.48,674.13,82.17,133.82,0.9715,-1,-1,-1
463,461,1601.57,278.32,76.89,97.21,0.9713,-1,-1,-1
463,479,1078.53,407.2,51.99,98.09,0.967,-1,-1,-1
463,518,628.33,489.73,65.46,126.38,0.9622,-1,-1,-1
463,422,1284.66,496.52,69.33,105.6,0.9619,-1,-1,-1
463,527,634.33,410.29,78.75,112.31,0.9618,-1,-1,-1
463,529,554.39,505.93,94.19,110.39,0.9617,-1,-1,-1
463,520,928.26,116.36,62.24,73.01,0.9429,-1,-1,-1
463,426,1304.23,463.56,55.53,117.59,0.9333,-1,-1,-1
464,487,925.93,371.59,85.01,98.79,0.98,-1,-1,-1
464,527,638.02,412.77,83.68,103.84,0.9763,-1,-1,-1
464,474,535.28,842.19,78.27,129.65,0.9761,-1,-1,-1
464,515,413.0,672.78,67.47,135.71,0.9757,-1,-1,-1
464,461,1617.33,280.99,69.41,97.05,0.9707,-1,-1,-1
464,426,1316.58,464.85,65.9,108.55,0.9702,-1,-1,-1
464,518,634.81,488.06,67.47,127.96,0.9693,-1,-1,-1
464,429,1554.33,402.57,62.05,110.0,0.9664,-1,-1,-1
464,453,1875.93,434.05,44.06,110.97,0.9655,-1,-1,-1
464,418,1455.43,569.3,61.96,131.71,0.965,-1,-1,-1
464,422,1295.4,494.59,54.82,105.37,0.9638,-1,-1,-1
464,529,572.93,509.83,74.49,113.28,0.9638,-1,-1,-1
464,479,1090.31,406.17,33.55,98.39,0.9526,-1,-1,-1
464,520,937.69,117.07,61.63,78.23,0.9304,-1,-1,-1
465,487,925.91,371.59,85.12,98.77,0.9801,-1,-1,-1
465,527,637.99,412.71,83.67,103.81,0.9765,-1,-1,-1
465,474,535.27,842.11,78.21,129.76,0.9761,-1,-1,-1
465,515,412.94,672.77,67.53,135.71,0.9757,-1,-1,-1
465,426,1316.37,464.83,66.01,108.66,0.9704,-1,-1,-1
465,461,1617.32,280.99,69.34,97.05,0.9704,-1,-1,-1
465,518,634.48,487.86,67.87,128.07,0.9699,-1,-1,-1
465,429,1554.34,402.59,61.96,109.98,0.9663,-1,-1,-1
465,453,1875.59,434.02,44.41,110.92,0.9657,-1,-1,-1
465,418,1455.56,569.33,61.88,131.73,0.9644,-1,-1,-1
465,529,572.91,509.82,74.69,113.31,0.9635,-1,-1,-1
465,422,1295.35,495.02,54.96,104.91,0.963,-1,-1,-1
465,479,1090.33,406.18,33.58,98.43,0.9529,-1,-1,-1
465,520,937.91,117.16,61.43,78.05,0.9327,-1,-1,-1
466,518,640.77,485.09,74.3,125.05,0.9762,-1,-1,-1
466,487,935.88,369.5,79.31,101.5,0.9755,-1,-1,-1
466,515,418.3,667.04,58.2,138.3,0.9745,-1,-1,-1
466,429,1556.21,402.01,51.22,108.63,0.9725,-1,-1,-1
466,474,535.51,838.02,88.39,133.59,0.9709,-1,-1,-1
466,479,1095.43,402.56,40.93,101.75,0.9707,-1,-1,-1
466,426,1328.39,464.85,65.52,95.65,0.9692,-1,-1,-1
466,527,643.42,410.47,79.39,96.06,0.969,-1,-1,-1
466,418,1463.26,569.16,49.56,129.93,0.966,-1,-1,-1
466,529,582.8,512.01,54.27,111.61,0.9653,-1,-1,-1
466,461,1637.16,282.95,53.49,95.11,0.9569,-1,-1,-1
466,422,1308.25,492.98,57.22,103.52,0.9452,-1,-1,-1
466,453,1887.4,431.81,32.6,95.77,0.8925,-1,-1,-1
467,429,1555.8,400.82,72.61,109.75,0.9761,-1,-1,-1
467,529,583.75,510.59,50.07,108.61,0.9731,-1,-1,-1
467,479,1093.49,399.01,60.99,100.82,0.973,-1,-1,-1
467,515,423.04,661.48,69.4,142.98,0.973,-1,-1,-1
467,527,649.34,408.75,71.9,97.79,0.9711,-1,-1,-1
467,418,1464.43,564.45,56.78,134.62,0.9699,-1,-1,-1
467,518,649.32,485.76,76.11,117.25,0.969,-1,-1,-1
467,422,1315.75,486.7,45.67,108.88,0.963,-1,-1,-1
467,461,1651.37,280.86,41.27,95.24,0.9598,-1,-1,-1
467,474,534.49,837.37,98.16,131.35,0.9481,-1,-1,-1
467,426,1335.16,464.01,67.06,77.06,0.948,-1,-1,-1
467,487,957.32,368.76,54.65,101.1,0.914,-1,-1,-1
467,453,1894.85,428.39,24.84,96.37,0.7093,-1,-1,-1
468,429,1554.24,399.85,85.76,108.62,0.9823,-1,-1,-1
468,474,535.29,834.99,96.75,125.72,0.9774,-1,-1,-1
468,529,579.8,508.45,74.82,109.69,0.9761,-1,-1,-1
468,527,656.65,405.34,59.93,116.04,0.9732,-1,-1,-1
468,515,429.0,657.27,77.08,142.81,0.9714,-1,-1,-1
468,418,1467.89,562.23,71.12,134.61,0.9707,-1,-1,-1
468,518,654.06,490.74,69.98,113.03,0.9701,-1,-1,-1
468,461,1660.04,280.51,50.26,95.69,0.97,-1,-1,-1
468,487,966.55,367.97,41.07,101.27,0.968,-1,-1,-1
468,422,1324.75,481.36,53.61,116.27,0.9661,-1,-1,-1
468,479,1099.55,397.39,63.38,93.01,0.9657,-1,-1,-1
468,426,1347.9,465.55,61.19,73.77,0.9326,-1,-1,-1
468,453,1901.84,419.96,17.9,113.78,0.7256,-1,-1,-1
468,520,969.06,117.4,57.57,76.52,0.5976,-1,-1,-1
469,429,1551.14,400.6,92.6,108.62,0.9778,-1,-1,-1
469,418,1471.25,562.65,82.16,134.15,0.9751,-1,-1,-1
469,515,432.6,657.03,85.13,131.88,0.9749,-1,-1,-1
469,487,969.21,368.57,49.76,103.53,0.9743,-1,-1,-1
469,461,1670.03,280.96,59.9,98.29,0.9722,-1,-1,-1
469,527,663.68,403.45,65.89,120.97,0.9716,-1,-1,-1
469,518,662.99,486.17,53.13,120.68,0.9691,-1,-1,-1
469,479,1115.35,398.52,48.68,95.04,0.9672,-1,-1,-1
469,529,571.31,506.39,98.76,115.11,0.965,-1,-1,-1
469,422,1334.35,478.3,62.59,118.77,0.9637,-1,-1,-1
469,474,537.68,835.39,79.31,131.77,0.9516,-1,-1,-1
469,520,980.87,117.97,65.53,75.29,0.9356,-1,-1,-1
469,426,1355.29,467.77,67.77,72.62,0.8624,-1,-1,-1
470,487,972.24,366.73,61.3,103.0,0.9773,-1,-1,-1
470,518,666.75,482.96,47.18,121.36,0.9742,-1,-1,-1
470,461,1679.01,280.96,67.89,98.92,0.9736,-1,-1,-1
470,527,669.99,402.02,71.41,118.02,0.9732,-1,-1,-1
470,418,1467.8,563.2,97.37,128.18,0.9726,-1,-1,-1
470,515,442.23,653.77,76.69,130.29,0.9717,-1,-1,-1
470,422,1337.2,477.07,66.43,108.3,0.9677,-1,-1,-1
470,429,1562.53,400.1,76.06,113.41,0.9672,-1,-1,-1
470,479,1120.04,394.82,43.28,99.04,0.9617,-1,-1,-1
470,529,569.74,505.86,99.16,111.72,0.9493,-1,-1,-1
470,426,1363.18,466.51,65.68,77.18,0.9484,-1,-1,-1
470,520,992.33,117.52,67.38,74.38,0.9457,-1,-1,-1
470,474,544.05,832.15,63.54,133.6,0.9335,-1,-1,-1
471,487,972.22,366.72,61.29,103.0,0.9773,-1,-1,-1
471,518,666.75,483.01,47.13,121.26,0.9742,-1,-1,-1
471,461,1679.0,280.99,67.93,98.92,0.9735,-1,-1,-1
471,527,670.02,402.01,71.29,117.95,0.9733,-1,-1,-1
471,418,1467.78,563.24,97.39,128.18,0.9725,-1,-1,-1
471,515,442.2,653.79,76.7,130.19,0.9716,-1,-1,-1
471,429,1562.36,400.05,76.19,113.51,0.9677,-1,-1,-1
471,422,1337.19,477.0,66.67,108.62,0.9673,-1,-1,-1
471,479,1120.15,394.83,43.39,98.87,0.9615,-1,-1,-1
471,529,569.68,505.76,99.48,112.07,0.9488,-1,-1,-1
471,426,1362.84,466.46,65.99,78.01,0.946,-1,-1,-1
471,520,992.53,117.53,67.28,74.41,0.9456,-1,-1,-1
471,474,544.06,832.14,63.54,133.7,0.9305,-1,-1,-1
472,518,669.6,478.68,65.05,122.98,0.977,-1,-1,-1
472,474,553.34,825.51,77.82,143.5,0.9745,-1,-1,-1
472,527,675.52,400.62,73.12,108.56,0.9745,-1,-1,-1
472,487,974.51,363.37,72.81,100.47,0.9729,-1,-1,-1
472,529,579.97,505.21,96.93,117.72,0.9721,-1,-1,-1
472,461,1680.78,279.63,80.22,99.53,0.9706,-1,-1,-1
472,515,448.64,651.6,63.07,134.01,0.9675,-1,-1,-1
472,418,1472.76,562.07,101.33,127.29,0.9674,-1,-1,-1
472,479,1128.43,390.22,49.75,101.82,0.9654,-1,-1,-1
472,429,1575.08,399.51,53.88,111.66,0.965,-1,-1,-1
472,422,1344.94,473.83,59.2,103.96,0.9587,-1,-1,-1
472,426,1370.96,462.65,68.29,88.58,0.8689,-1,-1,-1
473,518,669.17,473.77,83.7,125.66,0.9773,-1,-1,-1
473,487,975.87,362.91,79.51,100.55,0.977,-1,-1,-1
473,474,553.09,822.15,91.35,143.59,0.9758,-1,-1,-1
473,479,1137.11,387.05,52.66,104.16,0.9736,-1,-1,-1
473,418,1488.14,562.91,83.8,131.57,0.9722,-1,-1,-1
473,461,1692.31,280.35,78.82,98.83,0.9716,-1,-1,-1
473,429,1574.64,399.8,53.43,111.87,0.971,-1,-1,-1
473,515,453.92,649.29,52.88,132.47,0.9685,-1,-1,-1
473,527,683.5,400.43,66.05,95.3,0.9662,-1,-1,-1
473,529,594.24,506.74,68.36,117.35,0.9652,-1,-1,-1
473,422,1349.52,472.66,52.17,105.07,0.9643,-1,-1,-1
473,426,1380.64,458.05,66.74,98.46,0.9326,-1,-1,-1
474,518,668.23,476.31,91.8,119.75,0.9765,-1,-1,-1
474,515,460.76,647.03,68.83,133.94,0.9743,-1,-1,-1
474,429,1573.47,398.87,72.56,114.92,0.9737,-1,-1,-1
474,487,989.29,362.65,69.95,102.17,0.9721,-1,-1,-1
474,418,1506.62,566.66,61.8,127.54,0.969,-1,-1,-1
474,422,1361.35,471.56,45.2,109.72,0.9685,-1,-1,-1
474,479,1145.86,386.02,59.67,94.01,0.9671,-1,-1,-1
474,474,551.15,821.0,102.85,139.52,0.9669,-1,-1,-1
474,461,1712.51,282.78,64.94,98.07,0.9667,-1,-1,-1
474,426,1393.42,456.92,61.44,100.47,0.9652,-1,-1,-1
474,529,596.9,508.47,46.7,115.98,0.9641,-1,-1,-1
474,527,688.24,400.51,59.39,93.27,0.9612,-1,-1,-1
475,429,1571.78,400.27,83.58,109.95,0.9807,-1,-1,-1
475,418,1517.37,567.5,44.55,126.01,0.9735,-1,-1,-1
475,518,682.44,474.66,77.45,118.34,0.9734,-1,-1,-1
475,515,469.62,643.93,80.79,134.7,0.9732,-1,-1,-1
475,529,579.73,508.33,80.12,113.66,0.9719,-1,-1,-1
475,479,1157.54,383.78,54.55,94.76,0.9708,-1,-1,-1
475,461,1733.42,283.42,47.74,96.28,0.9685,-1,-1,-1
475,474,556.86,818.01,99.03,135.65,0.9677,-1,-1,-1
475,487,1005.72,362.83,51.99,100.2,0.9657,-1,-1,-1
475,527,696.08,398.73,51.79,111.78,0.9559,-1,-1,-1
475,426,1403.96,455.78,56.51,105.45,0.9322,-1,-1,-1
475,422,1368.33,467.09,55.87,113.83,0.9233,-1,-1,-1
475,520,1045.22,117.19,43.15,75.89,0.4103,-1,-1,-1
476,515,473.03,641.31,87.67,126.85,0.9831,-1,-1,-1
476,429,1567.18,399.39,94.83,113.02,0.977,-1,-1,-1
476,529,583.89,510.0,94.42,112.02,0.9731,-1,-1,-1
476,418,1518.65,565.91,56.86,128.07,0.973,-1,-1,-1
476,527,706.03,400.02,53.16,113.15,0.972,-1,-1,-1
476,518,689.18,472.91,67.74,120.52,0.9708,-1,-1,-1
476,474,572.32,815.82,81.06,142.6,0.9685,-1,-1,-1
476,487,1014.54,360.26,41.06,102.62,0.9656,-1,-1,-1
476,422,1375.14,463.28,63.26,112.04,0.9613,-1,-1,-1
476,426,1419.6,452.75,44.67,107.08,0.9531,-1,-1,-1
476,479,1171.06,381.99,39.89,97.4,0.9455,-1,-1,-1
476,461,1746.31,312.29,35.86,66.44,0.9065,-1,-1,-1
476,520,1048.33,116.19,59.37,77.39,0.723,-1,-1,-1
477,515,472.96,641.32,87.7,126.91,0.983,-1,-1,-1
477,429,1567.2,399.44,94.85,112.99,0.9772,-1,-1,-1
477,529,583.66,509.97,94.87,112.32,0.9738,-1,-1,-1
477,418,1518.64,565.89,56.93,128.38,0.9731,-1,-1,-1
477,527,706.29,400.04,52.95,113.14,0.9721,-1,-1,-1
477,518,689.14,472.86,67.78,120.53,0.9707,-1,-1,-1
477,474,572.35,815.8,80.66,142.63,0.9674,-1,-1,-1
477,487,1014.37,360.29,41.21,102.62,0.9655,-1,-1,-1
477,422,1374.9,463.37,63.61,112.07,0.9614,-1,-1,-1
477,426,1419.78,452.89,44.57,106.61,0.9544,-1,-1,-1
477,479,1171.01,381.97,39.94,97.31,0.9449,-1,-1,-1
477,461,1746.08,313.06,36.28,65.44,0.9054,-1,-1,-1
477,520,1048.34,116.37,59.29,77.27,0.7503,-1,-1,-1
477,532,1744.61,282.32,31.02,67.25,0.6234,-1,-1,-1
478,474,571.3,814.34,71.21,144.24,0.9804,-1,-1,-1
478,527,713.16,398.65,69.88,114.54,0.9759,-1,-1,-1
478,515,479.65,639.0,85.3,123.56,0.9741,-1,-1,-1
478,418,1522.36,562.74,68.31,130.92,0.9738,-1,-1,-1
478,487,1020.15,357.03,51.28,106.32,0.9729,-1,-1,-1
478,461,1753.35,281.12,50.82,99.5,0.9707,-1,-1,-1
478,518,689.53,471.39,59.59,120.86,0.9702,-1,-1,-1
478,529,584.05,510.14,102.15,109.67,0.9676,-1,-1,-1
478,426,1428.9,450.62,38.95,105.88,0.9662,-1,-1,-1
478,479,1178.55,377.98,38.7,100.78,0.9647,-1,-1,-1
478,429,1580.73,401.69,75.56,113.0,0.9601,-1,-1,-1
478,422,1386.09,463.38,61.02,103.2,0.9359,-1,-1,-1
478,520,1066.12,118.36,54.24,69.66,0.6602,-1,-1,-1
479,418,1527.62,561.92,78.77,127.56,0.9761,-1,-1,-1
479,474,571.49,814.81,69.76,142.28,0.9759,-1,-1,-1
479,518,696.59,468.94,67.44,123.57,0.975,-1,-1,-1
479,479,1185.94,375.1,53.3,101.71,0.9737,-1,-1,-1
479,515,488.31,635.5,77.71,126.19,0.9737,-1,-1,-1
479,461,1763.55,280.21,60.82,100.1,0.972,-1,-1,-1
479,527,723.17,395.63,75.08,116.09,0.9717,-1,-1,-1
479,487,1028.35,356.15,60.38,102.33,0.97,-1,-1,-1
479,429,1598.81,401.22,44.41,112.83,0.9672,-1,-1,-1
479,426,1444.67,446.89,39.72,109.15,0.961,-1,-1,-1
479,529,582.7,510.99,110.17,111.79,0.9595,-1,-1,-1
479,422,1394.43,461.0,61.54,101.13,0.9585,-1,-1,-1
479,520,1073.73,117.67,57.63,74.07,0.707,-1,-1,-1
480,474,571.55,810.54,89.48,147.12,0.98,-1,-1,-1
480,461,1769.07,279.93,74.97,100.3,0.9786,-1,-1,-1
480,518,702.44,467.51,79.72,123.83,0.9755,-1,-1,-1
480,487,1034.1,354.51,73.11,100.52,0.9731,-1,-1,-1
480,429,1597.23,401.27,52.21,113.85,0.9721,-1,-1,-1
480,418,1528.17,561.24,95.2,126.21,0.9708,-1,-1,-1
480,515,497.01,633.61,64.4,126.76,0.9676,-1,-1,-1
480,527,733.33,396.06,73.4,102.07,0.9661,-1,-1,-1
480,426,1444.48,444.69,63.44,108.43,0.9608,-1,-1,-1
480,422,1404.06,462.08,45.31,97.96,0.9598,-1,-1,-1
480,529,595.37,506.42,93.71,120.12,0.9536,-1,-1,-1
480,479,1193.54,373.59,59.24,94.7,0.9458,-1,-1,-1
481,518,710.33,467.65,84.2,115.74,0.9768,-1,-1,-1
481,487,1041.39,353.73,78.27,100.88,0.9762,-1,-1,-1
481,418,1538.37,563.42,98.05,124.0,0.9736,-1,-1,-1
481,429,1600.6,400.78,70.55,115.81,0.9729,-1,-1,-1
481,479,1204.89,371.97,56.36,94.24,0.9688,-1,-1,-1
481,461,1776.39,279.43,82.01,100.58,0.9684,-1,-1,-1
481,529,607.59,507.07,74.58,121.29,0.9673,-1,-1,-1
481,515,502.68,629.53,73.7,131.55,0.9672,-1,-1,-1
481,422,1416.85,462.34,53.81,95.95,0.9648,-1,-1,-1
481,426,1461.98,440.88,67.01,111.17,0.9645,-1,-1,-1
481,474,578.51,806.03,97.91,143.64,0.9613,-1,-1,-1
481,527,742.22,395.83,74.15,95.51,0.9578,-1,-1,-1
481,520,1107.42,129.0,43.28,58.98,0.4398,-1,-1,-1
482,429,1594.08,400.22,93.16,113.05,0.9821,-1,-1,-1
482,515,512.57,624.47,86.55,132.8,0.9776,-1,-1,-1
482,487,1060.54,354.39,70.6,101.38,0.9705,-1,-1,-1
482,518,722.82,466.33,75.26,115.56,0.9702,-1,-1,-1
482,529,610.38,508.67,62.19,117.13,0.9701,-1,-1,-1
482,479,1219.46,370.78,48.15,96.15,0.9699,-1,-1,-1
482,418,1564.24,563.62,77.44,127.4,0.9675,-1,-1,-1
482,422,1430.36,462.2,51.95,97.44,0.9666,-1,-1,-1
482,461,1792.16,280.85,83.73,99.69,0.9659,-1,-1,-1
482,527,746.0,396.1,71.27,107.93,0.9639,-1,-1,-1
482,426,1484.82,439.72,66.3,110.26,0.9612,-1,-1,-1
482,474,584.29,804.97,105.04,131.21,0.9556,-1,-1,-1
482,520,1109.83,121.11,51.55,73.48,0.9035,-1,-1,-1
483,429,1594.14,400.22,93.06,113.07,0.9821,-1,-1,-1
483,515,512.58,624.51,86.57,132.9,0.9777,-1,-1,-1
483,487,1060.52,354.36,70.73,101.39,0.9705,-1,-1,-1
483,529,610.02,508.59,62.54,117.21,0.9703,-1,-1,-1
483,518,722.79,466.42,75.36,115.5,0.9702,-1,-1,-1
483,479,1219.26,370.88,48.28,96.04,0.9697,-1,-1,-1
483,418,1564.11,563.57,77.58,127.48,0.9671,-1,-1,-1
483,422,1430.34,462.14,51.92,97.35,0.9664,-1,-1,-1
483,461,1792.14,280.85,83.77,99.71,0.966,-1,-1,-1
483,527,745.91,396.11,71.07,107.92,0.9627,-1,-1,-1
483,426,1484.73,439.57,66.42,110.47,0.9607,-1,-1,-1
483,474,584.29,805.0,104.92,131.22,0.9559,-1,-1,-1
483,520,1109.89,121.14,51.44,73.47,0.898,-1,-1,-1
484,515,510.81,625.13,100.72,125.23,0.9844,-1,-1,-1
484,422,1443.89,459.0,58.43,101.33,0.9722,-1,-1,-1
484,529,618.91,505.94,77.11,119.24,0.9717,-1,-1,-1
484,429,1600.35,400.44,96.23,110.19,0.9702,-1,-1,-1
484,418,1586.61,566.82,57.86,123.42,0.9699,-1,-1,-1
484,461,1817.95,283.85,73.83,100.51,0.969,-1,-1,-1
484,479,1228.43,367.86,51.02,98.21,0.9686,-1,-1,-1
484,487,1085.19,354.98,53.34,100.76,0.9669,-1,-1,-1
484,426,1512.64,437.81,55.7,109.81,0.9661,-1,-1,-1
484,518,736.59,466.55,61.7,113.03,0.965,-1,-1,-1
484,527,755.87,396.6,68.43,107.07,0.964,-1,-1,-1
484,474,588.13,801.02,108.28,137.58,0.9561,-1,-1,-1
484,520,1132.47,120.97,53.26,72.95,0.8559,-1,-1,-1
485,515,511.53,624.69,106.38,117.58,0.9801,-1,-1,-1
485,474,596.0,800.81,99.44,144.09,0.9796,-1,-1,-1
485,418,1596.9,565.6,48.7,124.73,0.9755,-1,-1,-1
485,429,1622.23,401.15,77.79,112.44,0.9752,-1,-1,-1
485,529,622.34,505.12,93.67,117.7,0.9743,-1,-1,-1
485,422,1453.35,456.28,73.95,101.8,0.9726,-1,-1,-1
485,527,767.7,393.37,78.47,110.71,0.9721,-1,-1,-1
485,518,749.08,466.97,59.52,112.89,0.9695,-1,-1,-1
485,487,1100.77,353.9,42.3,101.6,0.9672,-1,-1,-1
485,479,1245.04,363.9,55.72,102.8,0.9652,-1,-1,-1
485,461,1849.23,285.0,55.69,97.54,0.956,-1,-1,-1
485,426,1535.43,437.56,49.4,107.35,0.9507,-1,-1,-1
485,520,1141.38,119.62,68.95,70.58,0.8033,-1,-1,-1
486,527,778.6,392.58,90.61,110.88,0.9827,-1,-1,-1
486,515,525.61,620.02,94.68,123.7,0.9784,-1,-1,-1
486,529,625.55,510.09,98.69,110.07,0.9773,-1,-1,-1
486,422,1460.98,455.89,85.38,98.78,0.9754,-1,-1,-1
486,474,607.26,800.11,79.28,139.83,0.9752,-1,-1,-1
486,518,755.9,465.79,77.2,115.95,0.975,-1,-1,-1
486,487,1111.84,351.91,51.54,104.22,0.9735,-1,-1,-1
486,479,1262.68,361.42,58.55,98.03,0.9716,-1,-1,-1
486,418,1605.12,563.47,64.2,129.18,0.9683,-1,-1,-1
486,429,1651.61,399.28,43.92,110.09,0.9635,-1,-1,-1
486,426,1556.98,435.98,41.67,105.95,0.9578,-1,-1,-1
486,461,1872.35,286.09,39.58,98.4,0.9553,-1,-1,-1
486,520,1161.14,118.46,66.13,72.76,0.8833,-1,-1,-1
487,518,763.34,464.13,86.99,110.07,0.9795,-1,-1,-1
487,529,633.53,508.6,94.36,115.36,0.9793,-1,-1,-1
487,422,1474.41,454.71,92.09,96.98,0.9788,-1,-1,-1
487,527,791.56,389.38,89.06,106.36,0.9761,-1,-1,-1
487,515,537.02,619.96,88.2,127.13,0.976,-1,-1,-1
487,474,622.65,798.31,72.51,140.94,0.9726,-1,-1,-1
487,429,1654.05,399.04,47.84,113.74,0.9698,-1,-1,-1
487,418,1615.22,561.46,75.73,129.79,0.9692,-1,-1,-1
487,487,1123.19,349.46,62.48,105.74,0.9676,-1,-1,-1
487,479,1275.9,359.68,62.63,92.28,0.9656,-1,-1,-1
487,426,1577.26,432.83,39.88,111.01,0.9624,-1,-1,-1
487,461,1881.63,284.34,38.09,100.04,0.9537,-1,-1,-1
488,474,626.83,794.5,90.56,143.34,0.9791,-1,-1,-1
488,527,801.88,390.88,87.8,102.15,0.9785,-1,-1,-1
488,529,636.3,508.2,84.29,117.36,0.9756,-1,-1,-1
488,487,1135.09,347.77,66.64,98.03,0.9729,-1,-1,-1
488,418,1621.71,560.78,88.59,129.28,0.9712,-1,-1,-1
488,515,552.08,618.13,75.25,128.35,0.9708,-1,-1,-1
488,429,1656.64,396.06,67.65,117.73,0.9702,-1,-1,-1
488,426,1592.22,429.08,49.72,116.83,0.9699,-1,-1,-1
488,479,1291.25,357.83,52.42,95.43,0.9692,-1,-1,-1
488,518,767.12,465.6,92.96,103.56,0.9647,-1,-1,-1
488,422,1486.94,453.69,82.6,96.37,0.9631,-1,-1,-1
488,461,1899.9,279.9,20.1,105.43,0.8699,-1,-1,-1
489,474,626.65,794.5,90.68,143.37,0.9794,-1,-1,-1
489,527,801.86,390.92,87.84,102.14,0.9785,-1,-1,-1
489,529,636.41,508.15,84.16,117.41,0.9755,-1,-1,-1
489,487,1134.96,347.83,66.68,97.85,0.9729,-1,-1,-1
489,418,1621.75,560.8,88.51,129.28,0.9711,-1,-1,-1
489,515,552.3,618.14,74.97,128.2,0.9711,-1,-1,-1
489,429,1656.6,396.08,67.66,117.69,0.9704,-1,-1,-1
489,426,1592.28,429.09,49.68,116.76,0.97,-1,-1,-1
489,479,1291.14,357.84,52.58,95.45,0.9692,-1,-1,-1
489,518,767.17,465.59,92.84,103.55,0.9641,-1,-1,-1
489,422,1486.79,453.72,82.94,96.57,0.9635,-1,-1,-1
489,461,1899.92,279.57,20.08,105.9,0.8652,-1,-1,-1
490,515,560.32,616.92,74.95,124.4,0.9759,-1,-1,-1
490,527,819.93,388.17,72.98,108.66,0.9735,-1,-1,-1
490,529,646.04,508.14,58.26,115.53,0.9726,-1,-1,-1
490,429,1657.67,395.85,82.2,113.88,0.972,-1,-1,-1
490,518,776.29,465.85,81.79,107.12,0.9691,-1,-1,-1
490,474,631.61,790.48,95.6,137.74,0.9649,-1,-1,-1
490,426,1607.77,428.26,55.16,118.84,0.9632,-1,-1,-1
490,418,1622.88,562.22,98.43,124.14,0.9631,-1,-1,-1
490,487,1139.58,346.71,77.23,98.21,0.9598,-1,-1,-1
490,422,1501.05,455.13,65.24,94.44,0.9534,-1,-1,-1
490,479,1309.85,355.45,36.37,97.26,0.9466,-1,-1,-1
491,418,1632.74,564.57,93.96,125.94,0.9819,-1,-1,-1
491,529,650.81,505.96,70.8,114.0,0.9792,-1,-1,-1
491,429,1660.17,394.2,90.65,109.95,0.9769,-1,-1,-1
491,515,560.54,614.73,82.4,125.59,0.9745,-1,-1,-1
491,479,1313.38,350.13,42.91,100.41,0.9685,-1,-1,-1
491,487,1149.32,347.21,73.45,99.24,0.9654,-1,-1,-1
491,474,626.6,788.75,106.29,128.05,0.962,-1,-1,-1
491,527,833.5,389.2,56.74,106.35,0.9585,-1,-1,-1
491,422,1507.22,455.96,56.21,94.63,0.9558,-1,-1,-1
491,426,1623.62,427.22,58.86,116.89,0.9536,-1,-1,-1
491,518,784.92,466.9,67.66,101.57,0.9513,-1,-1,-1
491,520,1218.82,118.76,47.56,75.26,0.9502,-1,-1,-1
492,529,648.51,505.88,89.07,113.85,0.9767,-1,-1,-1
492,515,582.32,612.81,71.61,127.51,0.9733,-1,-1,-1
492,479,1321.29,346.74,56.18,103.57,0.9701,-1,-1,-1
492,474,626.34,787.41,103.58,130.89,0.9698,-1,-1,-1
492,487,1167.44,347.72,57.88,100.64,0.9682,-1,-1,-1
492,527,835.1,388.31,51.65,108.03,0.967,-1,-1,-1
492,418,1654.55,565.5,68.19,126.9,0.9664,-1,-1,-1
492,426,1634.94,426.37,63.88,113.07,0.9625,-1,-1,-1
492,422,1515.33,455.4,58.56,96.39,0.9617,-1,-1,-1
492,429,1674.82,394.36,76.63,98.1,0.9499,-1,-1,-1
492,520,1227.41,116.54,55.22,75.22,0.9416,-1,-1,-1
492,518,786.94,464.65,57.14,103.7,0.938,-1,-1,-1
493,518,785.62,462.45,71.0,108.17,0.9748,-1,-1,-1
493,479,1326.85,345.21,60.39,95.69,0.9742,-1,-1,-1
493,515,595.73,608.71,68.25,130.45,0.9734,-1,-1,-1
493,527,835.19,385.6,63.98,112.06,0.9715,-1,-1,-1
493,474,637.77,785.98,80.43,136.81,0.9694,-1,-1,-1
493,418,1659.56,568.59,54.77,121.83,0.9656,-1,-1,-1
493,422,1512.85,452.6,76.07,98.48,0.9653,-1,-1,-1
493,520,1234.29,115.32,59.36,74.11,0.9604,-1,-1,-1
493,487,1176.1,346.52,43.38,100.11,0.9575,-1,-1,-1
493,426,1647.45,429.68,64.77,107.89,0.9571,-1,-1,-1
493,429,1689.34,394.93,53.69,93.91,0.956,-1,-1,-1
493,529,639.51,509.53,101.51,100.56,0.9482,-1,-1,-1
494,527,827.49,383.95,79.49,109.44,0.9763,-1,-1,-1
494,515,587.37,603.79,82.01,134.3,0.9754,-1,-1,-1
494,418,1657.98,567.86,52.88,122.51,0.975,-1,-1,-1
494,518,779.08,459.05,82.99,108.47,0.9741,-1,-1,-1
494,479,1328.37,343.66,61.2,93.61,0.9736,-1,-1,-1
494,474,632.19,784.03,66.49,138.68,0.972,-1,-1,-1
494,422,1515.04,451.08,79.41,94.87,0.9667,-1,-1,-1
494,520,1236.61,115.43,63.42,74.98,0.9663,-1,-1,-1
494,487,1178.47,344.42,40.05,102.08,0.9598,-1,-1,-1
494,529,630.22,514.13,101.1,96.97,0.9497,-1,-1,-1
494,429,1689.79,392.84,36.31,108.89,0.9368,-1,-1,-1
494,426,1662.14,431.79,57.53,102.56,0.902,-1,-1,-1
495,527,827.41,383.9,79.59,109.5,0.9762,-1,-1,-1
495,515,587.26,603.77,82.1,134.36,0.9756,-1,-1,-1
495,418,1657.93,567.74,52.93,122.75,0.9746,-1,-1,-1
495,479,1328.33,343.58,61.2,93.71,0.9736,-1,-1,-1
495,518,779.06,459.11,82.89,108.34,0.9734,-1,-1,-1
495,474,632.04,784.01,66.66,138.67,0.9719,-1,-1,-1
495,422,1515.31,451.14,79.02,95.18,0.9679,-1,-1,-1
495,520,1236.63,115.42,63.39,75.1,0.9663,-1,-1,-1
495,487,1178.4,344.48,40.33,101.45,0.9602,-1,-1,-1
495,529,630.19,514.1,101.05,97.02,0.9503,-1,-1,-1
495,429,1689.78,392.78,36.46,108.92,0.94,-1,-1,-1
495,426,1661.4,434.14,59.04,99.3,0.9021,-1,-1,-1
496,527,823.0,384.75,87.77,106.05,0.9796,-1,-1,-1
496,518,767.54,461.82,94.77,103.79,0.978,-1,-1,-1
496,515,585.55,599.13,86.44,128.55,0.973,-1,-1,-1
496,474,621.36,780.2,63.43,142.33,0.9728,-1,-1,-1
496,418,1652.98,564.17,66.36,126.69,0.9726,-1,-1,-1
496,487,1173.03,341.81,53.43,103.32,0.9685,-1,-1,-1
496,479,1334.25,342.71,45.52,95.36,0.9659,-1,-1,-1
496,529,634.34,513.97,79.8,97.75,0.959,-1,-1,-1
496,422,1510.95,449.5,84.19,93.91,0.9571,-1,-1,-1
496,429,1685.47,390.98,32.26,89.98,0.7371,-1,-1,-1
496,426,1666.45,444.28,46.2,88.52,0.6357,-1,-1,-1
497,527,815.68,385.15,94.44,104.59,0.9839,-1,-1,-1
497,474,609.6,774.65,77.21,148.12,0.9735,-1,-1,-1
497,418,1646.39,561.27,75.56,129.98,0.9705,-1,-1,-1
497,487,1167.62,340.83,62.43,100.29,0.9701,-1,-1,-1
497,515,591.93,594.98,81.6,122.95,0.9699,-1,-1,-1
497,518,759.54,458.76,95.07,107.37,0.9695,-1,-1,-1
497,422,1503.24,449.35,84.39,94.63,0.9601,-1,-1,-1
497,479,1336.39,340.83,36.86,97.34,0.9552,-1,-1,-1
497,529,636.29,516.96,48.76,92.35,0.9488,-1,-1,-1
497,429,1678.12,392.96,42.55,124.58,0.9238,-1,-1,-1
498,418,1628.15,560.1,96.53,126.06,0.9797,-1,-1,-1
498,487,1161.02,339.39,70.91,100.23,0.9788,-1,-1,-1
498,474,597.53,770.47,89.33,150.66,0.9766,-1,-1,-1
498,527,815.95,382.57,84.35,109.32,0.973,-1,-1,-1
498,515,598.02,593.05,75.75,123.33,0.9697,-1,-1,-1
498,479,1331.47,338.17,36.91,99.06,0.9633,-1,-1,-1
498,422,1503.63,449.62,50.53,93.78,0.9588,-1,-1,-1
498,518,762.94,458.56,75.19,110.4,0.9578,-1,-1,-1
498,426,1674.39,432.39,45.51,101.13,0.951,-1,-1,-1
498,529,618.63,517.07,57.58,91.53,0.922,-1,-1,-1
498,429,1659.71,391.65,52.17,108.72,0.8024,-1,-1,-1
499,487,1147.31,340.98,84.51,99.2,0.9791,-1,-1,-1
499,479,1325.85,335.58,44.85,100.56,0.9725,-1,-1,-1
499,518,752.56,456.83,51.08,110.87,0.9707,-1,-1,-1
499,422,1496.64,448.83,44.42,92.92,0.9705,-1,-1,-1
499,515,593.59,590.39,77.82,123.7,0.9704,-1,-1,-1
499,527,820.54,383.0,65.81,108.75,0.9639,-1,-1,-1
499,474,585.21,769.62,99.74,137.07,0.9626,-1,-1,-1
499,529,599.15,516.88,64.33,83.5,0.9581,-1,-1,-1
499,418,1623.19,561.82,93.25,122.93,0.9581,-1,-1,-1
499,429,1635.37,388.54,67.35,108.2,0.9549,-1,-1,-1
499,426,1671.99,425.44,53.76,108.43,0.9506,-1,-1,-1
500,515,589.61,588.77,79.85,124.08,0.9769,-1,-1,-1
500,487,1145.28,340.73,78.08,100.23,0.973,-1,-1,-1
500,518,742.33,454.89,55.02,114.48,0.9722,-1,-1,-1
500,422,1484.51,447.72,59.8,94.83,0.971,-1,-1,-1
500,529,575.87,517.05,74.56,91.63,0.9685,-1,-1,-1
500,479,1317.49,334.62,51.99,93.29,0.9667,-1,-1,-1
500,418,1618.67,561.11,93.03,127.46,0.9645,-1,-1,-1
500,533,1226.94,111.37,57.99,81.58,0.9596,-1,-1,-1
500,527,817.27,381.47,51.35,111.07,0.9542,-1,-1,-1
500,429,1627.68,390.74,65.1,110.79,0.9451,-1,-1,-1
500,474,559.31,768.13,114.99,129.44,0.9439,-1,-1,-1
500,426,1666.6,418.91,65.45,110.28,0.9117,-1,-1,-1
501,515,589.58,588.84,79.93,124.13,0.9769,-1,-1,-1
501,487,1145.43,341.12,77.75,99.57,0.9742,-1,-1,-1
501,518,742.36,454.94,54.93,114.45,0.9721,-1,-1,-1
501,422,1484.47,447.76,59.84,94.76,0.971,-1,-1,-1
501,529,575.79,517.01,74.64,91.65,0.9686,-1,-1,-1
501,479,1317.39,334.63,52.06,93.26,0.9667,-1,-1,-1
501,418,1618.62,561.1,92.97,127.48,0.9645,-1,-1,-1
501,533,1226.92,111.41,58.04,81.56,0.9594,-1,-1,-1
501,527,817.24,381.46,51.29,111.12,0.9535,-1,-1,-1
501,429,1627.44,390.82,65.68,111.09,0.9442,-1,-1,-1
501,474,559.12,768.13,115.2,129.59,0.9435,-1,-1,-1
501,426,1666.63,417.9,65.51,111.33,0.901,-1,-1,-1
502,515,591.32,583.72,75.49,127.7,0.9791,-1,-1,-1
502,518,725.75,452.83,68.68,115.23,0.9761,-1,-1,-1
502,422,1472.2,446.03,71.3,95.85,0.9739,-1,-1,-1
502,527,806.3,381.31,45.69,110.34,0.9739,-1,-1,-1
502,479,1309.2,334.15,58.67,88.38,0.972,-1,-1,-1
502,487,1149.85,340.94,61.26,100.01,0.9715,-1,-1,-1
502,426,1661.72,420.99,71.62,107.49,0.9659,-1,-1,-1
502,529,554.21,518.66,78.96,95.14,0.9658,-1,-1,-1
502,429,1626.99,391.21,51.92,109.68,0.9648,-1,-1,-1
502,533,1220.56,113.42,62.86,74.41,0.9627,-1,-1,-1
502,474,546.06,768.25,111.81,134.11,0.9557,-1,-1,-1
502,418,1623.84,563.16,69.2,127.88,0.9522,-1,-1,-1
503,518,701.15,455.21,89.96,109.71,0.9787,-1,-1,-1
503,527,793.41,378.47,58.57,113.49,0.9734,-1,-1,-1
503,426,1648.59,419.12,87.92,106.48,0.9732,-1,-1,-1
503,487,1148.35,339.39,46.59,101.3,0.9725,-1,-1,-1
503,515,592.78,579.9,69.96,124.24,0.9721,-1,-1,-1
503,479,1304.57,333.8,54.92,89.38,0.9681,-1,-1,-1
503,429,1627.09,390.72,37.97,109.55,0.9667,-1,-1,-1
503,418,1618.02,563.27,46.4,124.85,0.9664,-1,-1,-1
503,422,1455.37,445.12,82.6,91.19,0.9661,-1,-1,-1
503,529,533.23,520.67,81.25,98.48,0.9592,-1,-1,-1
503,474,536.5,771.42,106.69,132.02,0.9516,-1,-1,-1
503,533,1212.59,114.16,60.48,72.39,0.8944,-1,-1,-1
504,426,1646.55,421.57,87.59,103.9,0.9781,-1,-1,-1
504,474,531.15,770.06,87.15,136.99,0.976,-1,-1,-1
504,429,1612.97,386.27,44.74,109.98,0.9756,-1,-1,-1
504,527,779.27,376.4,69.31,111.78,0.9735,-1,-1,-1
504,518,677.83,457.62,103.86,105.26,0.971,-1,-1,-1
504,418,1601.81,561.43,51.26,126.3,0.9702,-1,-1,-1
504,479,1303.12,332.25,41.63,90.03,0.9683,-1,-1,-1
504,515,594.78,578.97,64.81,118.72,0.9682,-1,-1,-1
504,487,1143.0,336.52,35.53,102.9,0.9642,-1,-1,-1
504,529,535.57,523.32,51.48,95.39,0.9641,-1,-1,-1
504,422,1427.24,445.21,101.29,90.67,0.956,-1,-1,-1
504,533,1210.41,113.91,48.11,75.82,0.7877,-1,-1,-1
505,429,1600.58,384.64,52.82,111.64,0.9771,-1,-1,-1
505,527,760.63,376.32,84.13,104.28,0.9761,-1,-1,-1
505,487,1135.58,333.35,43.98,105.84,0.9751,-1,-1,-1
505,422,1421.74,446.13,94.82,91.57,0.9724,-1,-1,-1
505,515,594.46,574.14,68.35,120.46,0.9707,-1,-1,-1
505,418,1587.96,558.53,66.95,129.57,0.9697,-1,-1,-1
505,474,527.19,767.4,61.48,140.01,0.968,-1,-1,-1
505,529,533.12,524.12,52.12,96.12,0.9632,-1,-1,-1
505,518,667.95,457.8,96.16,109.7,0.9615,-1,-1,-1
505,426,1650.6,424.9,76.34,101.55,0.9534,-1,-1,-1
505,479,1295.14,327.71,35.33,93.27,0.9516,-1,-1,-1
506,527,742.59,376.5,96.42,106.95,0.9837,-1,-1,-1
506,418,1579.9,557.84,72.15,129.27,0.9775,-1,-1,-1
506,474,522.89,763.1,49.58,140.48,0.9754,-1,-1,-1
506,487,1127.2,331.86,54.01,104.77,0.9736,-1,-1,-1
506,429,1578.02,382.41,74.34,113.78,0.9735,-1,-1,-1
506,479,1286.62,322.55,44.0,99.26,0.9711,-1,-1,-1
506,515,603.24,569.79,64.3,121.31,0.9693,-1,-1,-1
506,422,1425.7,444.93,71.61,93.0,0.9692,-1,-1,-1
506,518,668.42,456.71,80.24,109.14,0.9674,-1,-1,-1
506,529,508.09,524.48,62.22,98.1,0.9592,-1,-1,-1
506,426,1651.34,425.23,66.78,101.43,0.9273,-1,-1,-1
506,533,1200.56,122.81,36.7,68.14,0.8812,-1,-1,-1
507,527,742.49,376.46,96.55,107.2,0.9837,-1,-1,-1
507,418,1579.84,557.86,72.22,129.33,0.9775,-1,-1,-1
507,474,522.92,763.88,48.62,139.93,0.9756,-1,-1,-1
507,487,1127.17,331.81,53.98,104.75,0.9735,-1,-1,-1
507,429,1578.09,382.43,74.28,113.69,0.9734,-1,-1,-1
507,479,1286.63,322.98,43.97,98.66,0.971,-1,-1,-1
507,515,603.34,569.76,64.16,121.48,0.9695,-1,-1,-1
507,422,1425.71,444.88,71.54,93.07,0.9692,-1,-1,-1
507,518,668.34,456.6,80.48,109.29,0.9676,-1,-1,-1
507,529,507.69,524.43,62.51,98.19,0.9604,-1,-1,-1
507,426,1651.31,425.26,66.98,101.42,0.9298,-1,-1,-1
507,533,1200.54,123.12,36.69,67.79,0.8805,-1,-1,-1
508,418,1557.35,557.69,93.93,127.38,0.9783,-1,-1,-1
508,429,1568.06,381.81,80.02,111.01,0.9773,-1,-1,-1
508,487,1109.02,329.83,73.34,103.26,0.9771,-1,-1,-1
508,474,507.66,759.39,65.45,144.86,0.9758,-1,-1,-1
508,527,736.55,377.4,93.08,107.62,0.9745,-1,-1,-1
508,479,1279.64,317.69,51.92,100.26,0.974,-1,-1,-1
508,529,492.3,524.92,73.72,97.39,0.9699,-1,-1,-1
508,515,611.37,564.78,58.74,124.67,0.9692,-1,-1,-1
508,518,669.86,456.37,57.29,110.59,0.968,-1,-1,-1
508,422,1428.37,443.9,46.17,92.99,0.9672,-1,-1,-1
508,533,1193.12,114.58,45.98,77.93,0.9595,-1,-1,-1
508,426,1658.95,422.56,43.1,103.87,0.9303,-1,-1,-1
509,429,1565.12,382.54,73.05,109.06,0.98,-1,-1,-1
509,529,473.96,526.48,88.11,99.31,0.9793,-1,-1,-1
509,518,661.28,454.49,46.48,110.7,0.9725,-1,-1,-1
509,479,1266.67,311.01,66.99,102.64,0.972,-1,-1,-1
509,515,612.87,561.77,58.28,120.2,0.9712,-1,-1,-1
509,474,494.36,755.23,78.85,145.9,0.9708,-1,-1,-1
509,487,1100.42,329.19,78.3,103.35,0.9706,-1,-1,-1
509,418,1549.02,558.89,99.44,124.75,0.9704,-1,-1,-1
509,426,1656.71,420.37,38.98,103.5,0.9698,-1,-1,-1
509,422,1418.55,442.11,41.03,95.59,0.9672,-1,-1,-1
509,533,1186.72,117.26,54.61,71.16,0.9602,-1,-1,-1
509,527,739.49,378.49,75.79,109.07,0.9533,-1,-1,-1
510,487,1098.28,330.59,75.44,102.63,0.9829,-1,-1,-1
510,429,1570.25,384.3,56.35,108.78,0.9756,-1,-1,-1
510,529,459.1,532.35,96.36,95.86,0.9754,-1,-1,-1
510,426,1653.39,415.79,44.01,108.51,0.9752,-1,-1,-1
510,422,1406.2,438.33,55.64,99.65,0.9751,-1,-1,-1
510,418,1549.89,561.2,85.58,126.35,0.9731,-1,-1,-1
510,515,613.61,558.88,56.87,117.4,0.9723,-1,-1,-1
510,479,1258.81,308.58,70.94,100.37,0.9721,-1,-1,-1
510,518,647.63,451.98,52.57,113.97,0.9702,-1,-1,-1
510,527,740.72,378.23,60.07,108.55,0.9653,-1,-1,-1
510,474,473.72,753.57,96.43,141.67,0.9647,-1,-1,-1
510,533,1183.73,117.6,60.1,68.06,0.958,-1,-1,-1
511,426,1650.12,412.14,48.15,111.68,0.9772,-1,-1,-1
511,515,616.63,557.03,52.84,117.96,0.9745,-1,-1,-1
511,422,1394.16,435.67,69.85,100.03,0.9732,-1,-1,-1
511,429,1575.76,383.74,38.77,107.27,0.9716,-1,-1,-1
511,487,1102.97,333.14,62.05,101.58,0.9711,-1,-1,-1
511,518,625.82,450.66,70.93,112.73,0.9675,-1,-1,-1
511,474,458.93,755.24,105.04,132.77,0.9675,-1,-1,-1
511,479,1258.88,307.93,61.26,104.41,0.9655,-1,-1,-1
511,529,441.67,533.5,101.07,100.55,0.963,-1,-1,-1
511,418,1557.43,563.16,62.14,124.2,0.9619,-1,-1,-1
511,533,1171.5,110.72,69.45,76.3,0.9617,-1,-1,-1
511,527,731.78,375.15,49.85,111.34,0.9597,-1,-1,-1
512,422,1370.81,437.03,90.36,100.15,0.9815,-1,-1,-1
512,518,605.98,451.6,82.8,111.17,0.9779,-1,-1,-1
512,527,726.18,374.31,51.38,111.86,0.9765,-1,-1,-1
512,515,622.86,556.0,47.13,119.06,0.9744,-1,-1,-1
512,426,1640.66,411.26,54.35,110.4,0.974,-1,-1,-1
512,529,443.36,534.79,79.69,101.09,0.9723,-1,-1,-1
512,429,1568.44,381.0,36.99,110.48,0.9695,-1,-1,-1
512,479,1263.5,306.7,43.66,104.95,0.9672,-1,-1,-1
512,418,1551.14,561.65,44.01,124.16,0.9652,-1,-1,-1
512,487,1110.24,331.54,38.15,101.7,0.9606,-1,-1,-1
512,474,445.32,756.11,107.05,135.14,0.9554,-1,-1,-1
512,533,1165.68,110.74,70.35,77.6,0.9097,-1,-1,-1
513,422,1370.72,437.0,90.27,100.17,0.9812,-1,-1,-1
513,518,605.99,451.59,82.87,111.12,0.978,-1,-1,-1
513,527,726.25,374.35,51.3,111.76,0.9764,-1,-1,-1
513,515,622.81,555.96,47.13,119.11,0.9744,-1,-1,-1
513,426,1640.68,411.25,54.34,110.46,0.9741,-1,-1,-1
513,529,443.33,534.84,79.59,101.0,0.9725,-1,-1,-1
513,429,1568.69,381.21,36.69,109.47,0.969,-1,-1,-1
513,479,1263.51,306.85,43.6,104.75,0.9672,-1,-1,-1
513,418,1551.06,561.68,44.16,124.09,0.9656,-1,-1,-1
513,487,1110.27,331.51,38.02,101.79,0.9596,-1,-1,-1
513,474,445.27,756.09,107.12,135.19,0.9554,-1,-1,-1
513,533,1165.64,110.77,70.51,77.62,0.9145,-1,-1,-1
514,429,1552.69,380.0,52.3,111.45,0.9794,-1,-1,-1
514,474,444.44,758.57,91.82,135.92,0.9779,-1,-1,-1
514,515,628.35,554.15,44.89,119.66,0.9745,-1,-1,-1
514,426,1634.99,410.91,51.07,109.35,0.9739,-1,-1,-1
514,418,1538.56,559.31,50.55,124.97,0.9737,-1,-1,-1
514,422,1358.07,437.68,95.03,99.67,0.9731,-1,-1,-1
514,527,718.73,371.58,58.1,114.73,0.9723,-1,-1,-1
514,518,598.75,452.78,74.21,113.67,0.9711,-1,-1,-1
514,529,449.38,537.66,52.31,98.39,0.9677,-1,-1,-1
514,487,1102.28,330.46,33.52,103.39,0.9582,-1,-1,-1
514,479,1261.29,311.53,30.48,98.68,0.9398,-1,-1,-1
514,533,1168.34,112.75,54.32,78.64,0.8676,-1,-1,-1
515,429,1534.33,378.74,67.05,112.85,0.9761,-1,-1,-1
515,515,631.73,550.91,49.26,121.68,0.9734,-1,-1,-1
515,527,698.3,370.18,78.02,115.65,0.9731,-1,-1,-1
515,529,445.41,536.18,42.49,100.23,0.9717,-1,-1,-1
515,426,1632.95,411.38,46.75,108.32,0.971,-1,-1,-1
515,474,446.02,758.49,68.98,137.46,0.9706,-1,-1,-1
515,422,1358.59,437.45,76.47,102.03,0.9702,-1,-1,-1
515,418,1528.54,557.14,60.85,129.24,0.9702,-1,-1,-1
515,487,1094.98,326.68,41.23,106.35,0.9688,-1,-1,-1
515,518,601.08,454.13,59.31,112.61,0.9599,-1,-1,-1
515,479,1254.66,309.58,32.91,99.39,0.9521,-1,-1,-1
516,527,683.27,371.61,89.13,110.22,0.9786,-1,-1,-1
516,487,1088.61,324.44,50.59,106.1,0.9757,-1,-1,-1
516,429,1524.69,379.27,72.58,110.09,0.9748,-1,-1,-1
516,529,425.94,536.44,54.06,99.32,0.9726,-1,-1,-1
516,474,434.7,753.88,67.83,142.09,0.9719,-1,-1,-1
516,426,1628.76,413.75,49.11,109.08,0.9719,-1,-1,-1
516,422,1361.37,437.56,50.11,101.87,0.9713,-1,-1,-1
516,515,627.51,548.51,62.88,119.24,0.9709,-1,-1,-1
516,479,1247.9,307.45,38.88,97.43,0.9701,-1,-1,-1
516,418,1511.76,554.79,77.69,133.38,0.9697,-1,-1,-1
516,518,591.37,453.26,59.68,112.98,0.9586,-1,-1,-1
516,533,1155.67,111.0,38.43,80.85,0.7241,-1,-1,-1
517,418,1491.71,558.16,94.83,126.24,0.9781,-1,-1,-1
517,527,682.84,372.31,80.47,112.11,0.9781,-1,-1,-1
517,487,1076.18,323.02,64.67,103.21,0.9754,-1,-1,-1
517,429,1523.06,378.8,64.8,109.35,0.9747,-1,-1,-1
517,426,1622.08,416.81,54.14,107.8,0.9736,-1,-1,-1
517,479,1233.96,306.33,50.87,93.5,0.9724,-1,-1,-1
517,515,624.07,548.39,63.12,115.78,0.9712,-1,-1,-1
517,529,402.27,534.77,71.12,102.88,0.9711,-1,-1,-1
517,474,425.14,752.25,70.05,141.7,0.9694,-1,-1,-1
517,422,1349.72,435.8,43.64,103.55,0.969,-1,-1,-1
517,518,580.61,453.82,56.25,112.62,0.967,-1,-1,-1
517,533,1151.02,112.2,41.16,80.84,0.8562,-1,-1,-1
518,418,1484.75,558.78,96.35,130.3,0.9818,-1,-1,-1
518,422,1337.78,434.71,52.21,105.19,0.9772,-1,-1,-1
518,518,556.05,452.23,72.56,115.77,0.9771,-1,-1,-1
518,429,1527.38,378.79,46.75,108.39,0.9751,-1,-1,-1
518,479,1222.15,307.02,58.5,89.1,0.9745,-1,-1,-1
518,426,1614.3,421.76,55.73,103.91,0.9743,-1,-1,-1
518,474,420.31,750.57,70.65,144.36,0.9726,-1,-1,-1
518,515,619.97,547.9,70.67,117.4,0.9725,-1,-1,-1
518,529,387.67,534.15,84.5,109.77,0.9723,-1,-1,-1
518,527,684.94,373.53,62.95,110.4,0.9699,-1,-1,-1
518,487,1065.57,322.04,74.94,101.42,0.9582,-1,-1,-1
518,533,1145.6,112.36,43.83,77.62,0.4375,-1,-1,-1
519,418,1484.79,558.83,96.64,130.23,0.9818,-1,-1,-1
519,422,1337.82,434.68,52.07,105.1,0.9773,-1,-1,-1
519,518,555.94,452.15,72.74,115.95,0.9771,-1,-1,-1
519,429,1527.44,378.8,46.68,108.44,0.9749,-1,-1,-1
519,479,1222.06,306.86,58.63,89.17,0.9749,-1,-1,-1
519,426,1614.32,421.71,55.76,103.96,0.9742,-1,-1,-1
519,474,420.36,750.6,70.55,144.39,0.9728,-1,-1,-1
519,529,387.92,533.96,84.18,109.89,0.972,-1,-1,-1
519,515,620.1,547.88,70.61,117.39,0.9719,-1,-1,-1
519,527,684.98,373.52,62.81,110.41,0.9701,-1,-1,-1
519,487,1065.68,321.97,74.95,101.5,0.9547,-1,-1,-1
519,533,1145.67,112.35,43.74,77.68,0.4608,-1,-1,-1
520,487,1061.05,323.2,75.8,101.4,0.9798,-1,-1,-1
520,529,374.48,539.14,92.02,108.42,0.9762,-1,-1,-1
520,518,538.62,453.8,80.64,112.43,0.975,-1,-1,-1
520,422,1329.04,433.25,58.26,103.96,0.9734,-1,-1,-1
520,429,1523.99,376.83,39.78,109.02,0.9725,-1,-1,-1
520,479,1215.62,306.92,57.39,91.22,0.9721,-1,-1,-1
520,515,621.46,547.06,75.43,120.01,0.9709,-1,-1,-1
520,426,1605.99,427.44,60.05,98.44,0.9708,-1,-1,-1
520,474,402.47,749.55,79.59,143.87,0.9697,-1,-1,-1
520,418,1491.5,560.16,72.47,129.33,0.9678,-1,-1,-1
520,527,679.5,372.73,49.03,112.28,0.9647,-1,-1,-1
520,533,1133.85,111.68,50.65,76.92,0.9572,-1,-1,-1
521,518,525.19,455.96,83.9,110.87,0.981,-1,-1,-1
521,474,386.79,751.28,86.19,140.0,0.9782,-1,-1,-1
521,529,373.43,540.79,78.65,111.26,0.9769,-1,-1,-1
521,422,1310.44,433.46,73.32,109.73,0.9747,-1,-1,-1
521,515,624.3,547.86,78.04,115.51,0.9746,-1,-1,-1
521,429,1514.1,375.09,43.36,111.36,0.9709,-1,-1,-1
521,487,1058.65,324.12,68.84,102.78,0.9707,-1,-1,-1
521,479,1213.55,307.77,48.05,93.11,0.9703,-1,-1,-1
521,426,1598.49,431.04,69.04,95.66,0.9698,-1,-1,-1
521,527,675.59,371.14,40.35,112.58,0.9691,-1,-1,-1
521,418,1484.48,560.18,58.29,129.01,0.966,-1,-1,-1
521,533,1129.74,113.36,44.03,77.16,0.9302,-1,-1,-1
522,422,1290.55,434.17,85.83,107.45,0.9816,-1,-1,-1
522,527,664.26,368.73,47.93,115.25,0.978,-1,-1,-1
522,474,374.39,752.34,88.38,140.83,0.9773,-1,-1,-1
522,515,632.4,549.03,67.17,113.85,0.9767,-1,-1,-1
522,418,1473.58,560.86,46.15,124.1,0.9745,-1,-1,-1
522,518,516.35,458.35,76.12,113.49,0.974,-1,-1,-1
522,487,1061.42,326.04,50.19,101.03,0.9722,-1,-1,-1
522,426,1595.46,432.33,74.65,96.41,0.9719,-1,-1,-1
522,529,376.17,542.33,60.26,109.76,0.9713,-1,-1,-1
522,429,1496.99,373.58,54.95,114.44,0.9711,-1,-1,-1
522,479,1212.17,306.49,32.28,93.14,0.9402,-1,-1,-1
522,533,1129.54,114.51,35.34,75.75,0.7326,-1,-1,-1
523,474,366.22,755.29,86.06,140.48,0.9768,-1,-1,-1
523,515,636.93,548.51,60.93,111.98,0.9766,-1,-1,-1
523,527,649.73,368.14,59.51,116.33,0.9766,-1,-1,-1
523,529,375.11,541.35,53.95,110.88,0.9746,-1,-1,-1
523,518,519.78,460.23,58.14,112.43,0.9741,-1,-1,-1
523,426,1596.58,433.55,71.77,96.55,0.9713,-1,-1,-1
523,418,1462.58,562.58,47.78,127.58,0.9699,-1,-1,-1
523,429,1477.86,373.64,67.95,111.55,0.9696,-1,-1,-1
523,422,1279.26,435.36,80.51,109.8,0.9678,-1,-1,-1
523,487,1058.99,323.92,38.91,102.75,0.9616,-1,-1,-1
523,479,1200.34,303.72,31.95,96.22,0.945,-1,-1,-1
523,533,1122.95,113.7,36.28,79.15,0.528,-1,-1,-1
524,422,1276.92,438.13,72.29,109.5,0.976,-1,-1,-1
524,515,639.05,548.51,58.94,110.47,0.975,-1,-1,-1
524,527,627.67,366.02,74.99,115.85,0.9747,-1,-1,-1
524,429,1467.16,373.61,70.19,109.67,0.9746,-1,-1,-1
524,474,369.77,755.77,70.87,138.35,0.9744,-1,-1,-1
524,426,1593.54,434.21,71.31,95.99,0.974,-1,-1,-1
524,518,514.6,459.35,49.75,112.33,0.9722,-1,-1,-1
524,418,1451.77,565.54,50.34,128.7,0.971,-1,-1,-1
524,529,367.11,540.4,55.5,113.99,0.971,-1,-1,-1
524,479,1189.84,302.78,39.62,95.72,0.9698,-1,-1,-1
524,487,1056.32,322.3,30.11,103.95,0.9497,-1,-1,-1
524,533,1110.22,114.43,40.47,78.81,0.7801,-1,-1,-1
525,422,1276.64,438.12,72.51,109.89,0.9755,-1,-1,-1
525,515,639.1,548.48,58.89,110.54,0.975,-1,-1,-1
525,527,627.72,366.01,74.95,115.9,0.9747,-1,-1,-1
525,429,1467.28,373.57,70.0,109.65,0.9746,-1,-1,-1
525,426,1593.39,434.32,71.42,95.88,0.9745,-1,-1,-1
525,474,369.81,755.61,70.6,138.48,0.9743,-1,-1,-1
525,518,514.51,459.3,49.88,112.33,0.9722,-1,-1,-1
525,418,1451.78,565.4,50.29,128.84,0.971,-1,-1,-1
525,529,367.1,540.39,55.46,114.06,0.971,-1,-1,-1
525,479,1189.84,302.77,39.59,95.68,0.9698,-1,-1,-1
525,487,1056.32,322.27,30.03,103.93,0.9501,-1,-1,-1
525,533,1110.16,114.4,40.55,78.88,0.761,-1,-1,-1
525,534,1902.9,454.71,17.08,105.62,0.7386,-1,-1,-1
526,527,614.53,368.42,79.39,114.17,0.9768,-1,-1,-1
526,474,364.82,753.54,63.21,139.0,0.9758,-1,-1,-1
526,429,1461.12,375.65,64.73,108.04,0.9755,-1,-1,-1
526,518,495.72,460.07,58.9,113.45,0.9723,-1,-1,-1
526,426,1581.19,435.21,72.61,95.94,0.9703,-1,-1,-1
526,515,643.88,547.18,56.87,111.89,0.9684,-1,-1,-1
526,529,351.04,540.65,64.58,116.5,0.9673,-1,-1,-1
526,418,1437.38,570.31,55.5,124.9,0.9673,-1,-1,-1
526,487,1046.85,319.66,36.25,107.53,0.9616,-1,-1,-1
526,422,1276.3,440.23,40.9,108.43,0.9474,-1,-1,-1
526,534,1889.84,444.38,30.16,111.91,0.9249,-1,-1,-1
526,533,1096.28,114.97,47.83,76.59,0.9153,-1,-1,-1
526,479,1175.26,301.57,50.9,94.27,0.9026,-1,-1,-1
527,515,650.94,546.54,51.42,112.18,0.9767,-1,-1,-1
527,527,604.78,370.42,77.49,114.21,0.974,-1,-1,-1
527,479,1159.42,300.56,62.02,92.75,0.9735,-1,-1,-1
527,474,356.33,751.58,63.72,140.39,0.9729,-1,-1,-1
527,529,337.45,539.5,73.32,118.27,0.9718,-1,-1,-1
527,518,472.05,459.41,71.37,114.1,0.9717,-1,-1,-1
527,429,1460.4,377.22,53.48,107.45,0.9708,-1,-1,-1
527,418,1417.49,575.58,64.95,120.88,0.9699,-1,-1,-1
527,487,1036.44,319.57,43.56,103.31,0.9676,-1,-1,-1
527,534,1875.19,443.47,44.81,123.2,0.9673,-1,-1,-1
527,426,1576.21,434.23,65.25,97.57,0.9666,-1,-1,-1
527,422,1264.51,439.25,35.9,110.26,0.9579,-1,-1,-1
527,533,1091.71,122.43,44.56,70.05,0.3507,-1,-1,-1
528,518,458.74,460.76,77.59,112.27,0.9791,-1,-1,-1
528,474,341.29,750.5,71.98,141.66,0.9773,-1,-1,-1
528,487,1022.73,318.6,55.74,100.23,0.9769,-1,-1,-1
528,529,330.52,541.35,76.94,119.11,0.9758,-1,-1,-1
528,515,661.1,545.45,45.19,113.91,0.9748,-1,-1,-1
528,527,604.15,373.32,64.74,113.59,0.9722,-1,-1,-1
528,422,1250.9,437.84,46.36,112.66,0.972,-1,-1,-1
528,426,1573.9,434.16,59.73,96.46,0.9719,-1,-1,-1
528,429,1462.79,376.49,40.16,108.54,0.9704,-1,-1,-1
528,479,1152.94,301.21,59.98,91.71,0.9703,-1,-1,-1
528,534,1854.32,444.65,65.68,125.19,0.9673,-1,-1,-1
528,418,1401.57,580.88,73.14,112.73,0.9672,-1,-1,-1
528,536,1893.19,316.42,26.49,73.76,0.5806,-1,-1,-1
528,535,1892.9,340.41,27.1,118.55,0.4749,-1,-1,-1
529,474,325.83,750.75,81.7,140.88,0.9798,-1,-1,-1
529,527,607.45,373.69,46.9,113.25,0.9789,-1,-1,-1
529,515,664.42,544.41,46.83,115.66,0.978,-1,-1,-1
529,487,1014.2,318.1,60.45,99.77,0.9762,-1,-1,-1
529,529,323.51,543.23,80.48,124.98,0.976,-1,-1,-1
529,422,1237.02,436.75,59.04,113.26,0.9757,-1,-1,-1
529,426,1572.72,433.29,57.04,100.34,0.9729,-1,-1,-1
529,534,1837.9,445.67,81.13,124.89,0.9715,-1,-1,-1
529,429,1458.14,375.89,38.84,109.12,0.97,-1,-1,-1
529,418,1389.76,584.73,76.38,106.65,0.969,-1,-1,-1
529,518,450.52,464.09,77.75,110.43,0.969,-1,-1,-1
529,479,1154.85,301.24,44.79,91.94,0.959,-1,-1,-1
529,533,1086.1,118.48,38.36,75.92,0.85,-1,-1,-1
529,536,1895.35,312.74,24.2,76.93,0.7632,-1,-1,-1
530,426,1570.42,434.59,58.63,103.67,0.9782,-1,-1,-1
530,474,314.6,749.93,88.28,140.95,0.9776,-1,-1,-1
530,534,1821.02,449.75,95.21,123.89,0.9771,-1,-1,-1
530,487,1011.63,320.56,58.59,100.23,0.9762,-1,-1,-1
530,515,667.57,544.42,48.1,114.5,0.9741,-1,-1,-1
530,429,1445.25,375.47,47.16,110.46,0.9731,-1,-1,-1
530,518,453.01,468.09,66.71,108.41,0.9723,-1,-1,-1
530,529,323.96,545.81,76.04,123.77,0.9721,-1,-1,-1
530,422,1224.71,436.75,69.01,114.34,0.9702,-1,-1,-1
530,527,603.76,373.08,40.77,112.42,0.9682,-1,-1,-1
530,418,1376.01,588.1,83.73,105.15,0.9682,-1,-1,-1
530,479,1155.39,301.38,35.72,92.37,0.9609,-1,-1,-1
530,533,1076.33,120.03,46.3,73.86,0.8254,-1,-1,-1
530,536,1895.36,313.77,24.18,76.45,0.7895,-1,-1,-1
531,426,1570.45,434.48,58.59,103.76,0.9782,-1,-1,-1
531,474,314.66,749.94,88.28,140.86,0.9776,-1,-1,-1
531,534,1821.0,449.7,95.24,123.89,0.977,-1,-1,-1
531,487,1011.61,320.54,58.69,100.25,0.9762,-1,-1,-1
531,515,667.58,544.45,48.18,114.53,0.9741,-1,-1,-1
531,429,1445.3,375.41,47.19,110.54,0.973,-1,-1,-1
531,518,452.92,468.05,66.67,108.51,0.9723,-1,-1,-1
531,529,323.81,545.83,76.22,123.66,0.9722,-1,-1,-1
531,422,1224.68,436.73,69.03,114.11,0.97,-1,-1,-1
531,527,603.72,373.17,40.76,112.31,0.9683,-1,-1,-1
531,418,1376.14,588.1,83.61,105.1,0.9679,-1,-1,-1
531,479,1155.27,301.44,35.83,92.37,0.961,-1,-1,-1
531,533,1076.25,119.78,46.51,74.18,0.8127,-1,-1,-1
531,536,1895.39,313.62,24.14,76.52,0.789,-1,-1,-1
532,534,1814.71,451.29,89.51,122.67,0.983,-1,-1,-1
532,527,597.32,371.8,42.12,112.63,0.9759,-1,-1,-1
532,487,1012.17,321.08,49.46,100.47,0.9749,-1,-1,-1
532,426,1561.85,434.98,64.51,104.74,0.9749,-1,-1,-1
532,518,452.45,468.3,59.94,108.48,0.9748,-1,-1,-1
532,429,1429.59,374.54,57.52,109.81,0.9746,-1,-1,-1
532,529,319.46,547.05,75.56,121.98,0.9738,-1,-1,-1
532,474,306.16,751.71,89.17,139.36,0.9714,-1,-1,-1
532,418,1370.07,590.24,81.63,107.82,0.9712,-1,-1,-1
532,515,670.63,543.32,47.97,114.86,0.9708,-1,-1,-1
532,479,1147.35,299.77,39.42,93.39,0.9641,-1,-1,-1
532,422,1206.62,436.97,82.39,113.67,0.9505,-1,-1,-1
532,536,1898.36,315.69,21.22,75.47,0.8033,-1,-1,-1
532,533,1066.92,125.65,47.51,68.03,0.6145,-1,-1,-1
533,529,300.95,549.09,87.27,121.92,0.9786,-1,-1,-1
533,422,1195.3,437.81,85.05,115.34,0.9784,-1,-1,-1
533,426,1556.27,437.33,69.36,105.71,0.9778,-1,-1,-1
533,527,584.59,370.76,48.79,112.18,0.9768,-1,-1,-1
533,534,1818.78,454.24,70.0,122.94,0.9752,-1,-1,-1
533,418,1364.27,592.33,82.46,103.64,0.9742,-1,-1,-1
533,479,1136.8,297.58,46.1,94.58,0.9727,-1,-1,-1
533,474,303.61,753.75,83.38,140.09,0.9721,-1,-1,-1
533,429,1422.72,376.34,57.61,105.76,0.9712,-1,-1,-1
533,515,672.07,541.35,48.47,113.76,0.9708,-1,-1,-1
533,518,432.74,468.33,72.05,111.64,0.9693,-1,-1,-1
533,487,1013.5,320.7,38.22,100.58,0.9442,-1,-1,-1
533,536,1903.21,322.02,16.34,70.83,0.731,-1,-1,-1
534,529,290.48,548.97,86.73,122.15,0.9773,-1,-1,-1
534,534,1819.87,455.73,48.38,120.81,0.9763,-1,-1,-1
534,429,1421.61,378.69,50.97,103.38,0.9737,-1,-1,-1
534,422,1193.58,442.85,71.66,115.33,0.9732,-1,-1,-1
534,474,308.16,757.03,73.62,137.33,0.9719,-1,-1,-1
534,527,568.97,370.57,58.13,110.28,0.9717,-1,-1,-1
534,518,417.65,467.87,79.76,112.84,0.9715,-1,-1,-1
534,479,1126.95,296.9,51.35,93.18,0.9706,-1,-1,-1
534,418,1367.46,594.57,70.83,105.12,0.9703,-1,-1,-1
534,515,673.43,539.32,47.27,112.44,0.9686,-1,-1,-1
534,487,1007.91,319.26,35.27,102.31,0.9627,-1,-1,-1
534,426,1551.34,439.9,69.3,104.49,0.9609,-1,-1,-1
534,536,1906.66,326.12,12.65,71.42,0.7711,-1,-1,-1
535,529,279.46,549.03,86.92,121.47,0.9794,-1,-1,-1
535,518,405.43,469.47,83.79,112.27,0.9782,-1,-1,-1
535,534,1807.79,454.45,42.34,122.53,0.9732,-1,-1,-1
535,479,1120.2,297.25,51.08,89.07,0.973,-1,-1,-1
535,426,1546.18,444.23,59.93,101.88,0.9729,-1,-1,-1
535,418,1367.91,596.12,57.76,105.02,0.9727,-1,-1,-1
535,527,557.81,370.43,61.14,111.55,0.9722,-1,-1,-1
535,474,304.82,757.32,70.56,138.35,0.9706,-1,-1,-1
535,429,1418.17,378.89,43.31,101.8,0.9703,-1,-1,-1
535,515,674.76,537.02,46.14,114.52,0.9638,-1,-1,-1
535,487,1001.48,316.7,35.66,104.75,0.9559,-1,-1,-1
535,422,1185.35,444.72,54.73,113.6,0.9449,-1,-1,-1
535,536,1906.66,325.22,12.79,70.6,0.8453,-1,-1,-1
536,518,398.33,470.75,83.0,113.28,0.9804,-1,-1,-1
536,529,272.48,552.44,87.73,121.29,0.9754,-1,-1,-1
536,426,1544.97,446.9,47.39,99.01,0.9753,-1,-1,-1
536,418,1367.3,596.03,50.41,104.82,0.9731,-1,-1,-1
536,527,550.39,371.28,60.02,113.38,0.9728,-1,-1,-1
536,474,295.79,757.04,75.71,137.13,0.9726,-1,-1,-1
536,429,1406.61,378.23,46.55,102.38,0.9717,-1,-1,-1
536,479,1113.05,298.32,50.72,88.05,0.9715,-1,-1,-1
536,534,1793.21,453.19,44.03,122.51,0.9714,-1,-1,-1
536,422,1174.19,444.93,45.24,112.32,0.9665,-1,-1,-1
536,487,995.56,314.41,37.21,106.36,0.9661,-1,-1,-1
536,515,673.68,535.03,46.74,117.37,0.9622,-1,-1,-1
536,536,1906.29,325.72,13.19,69.27,0.877,-1,-1,-1
537,518,398.3,470.72,83.01,113.35,0.9803,-1,-1,-1
537,529,272.53,552.32,87.68,121.49,0.9754,-1,-1,-1
537,426,1544.98,446.89,47.41,98.97,0.9752,-1,-1,-1
537,418,1367.42,596.0,50.24,104.8,0.9731,-1,-1,-1
537,527,550.36,371.16,60.11,113.49,0.9726,-1,-1,-1
537,474,295.83,757.03,75.63,137.16,0.9725,-1,-1,-1
537,429,1406.65,378.24,46.49,102.39,0.9718,-1,-1,-1
537,534,1793.15,453.19,44.05,122.43,0.9715,-1,-1,-1
537,479,1113.03,298.28,50.74,88.05,0.9715,-1,-1,-1
537,422,1173.39,444.93,45.97,112.28,0.9679,-1,-1,-1
537,487,995.29,313.78,37.31,106.21,0.9661,-1,-1,-1
537,515,673.71,535.02,46.75,117.31,0.962,-1,-1,-1
537,537,1856.45,582.39,63.55,112.03,0.9596,-1,-1,-1
537,536,1906.33,325.69,13.17,69.33,0.8766,-1,-1,-1
538,422,1163.47,443.4,46.59,116.34,0.9754,-1,-1,-1
538,418,1363.25,594.33,47.29,106.58,0.9753,-1,-1,-1
538,518,398.87,474.18,72.55,110.85,0.9745,-1,-1,-1
538,534,1779.52,451.77,52.35,125.27,0.9742,-1,-1,-1
538,474,287.4,754.9,77.31,138.96,0.9739,-1,-1,-1
538,479,1112.64,296.73,43.17,89.19,0.9715,-1,-1,-1
538,527,548.38,373.02,53.93,111.9,0.9711,-1,-1,-1
538,487,985.05,311.27,44.61,105.78,0.971,-1,-1,-1
538,429,1387.12,377.59,59.95,102.47,0.968,-1,-1,-1
538,426,1544.05,448.15,39.47,97.6,0.9666,-1,-1,-1
538,529,272.35,553.74,78.73,120.67,0.9634,-1,-1,-1
538,515,673.91,533.2,44.85,118.27,0.9607,-1,-1,-1
538,537,1844.41,581.85,73.9,115.42,0.9575,-1,-1,-1
538,536,1905.34,326.17,14.49,65.66,0.8929,-1,-1,-1
539,429,1375.4,376.75,64.97,104.56,0.9768,-1,-1,-1
539,487,974.57,310.29,53.38,104.42,0.9758,-1,-1,-1
539,422,1154.96,442.65,49.02,115.55,0.975,-1,-1,-1
539,527,542.47,373.03,49.62,111.07,0.974,-1,-1,-1
539,529,270.31,555.99,74.12,119.99,0.9733,-1,-1,-1
539,534,1760.93,451.09,63.7,125.51,0.9728,-1,-1,-1
539,474,282.56,754.59,77.67,138.29,0.9686,-1,-1,-1
539,418,1350.11,594.48,56.67,108.38,0.9683,-1,-1,-1
539,426,1536.2,448.08,39.85,98.09,0.9682,-1,-1,-1
539,518,399.78,474.13,62.99,110.66,0.9676,-1,-1,-1
539,479,1110.68,295.27,38.17,90.14,0.967,-1,-1,-1
539,515,675.69,533.48,41.89,117.37,0.9604,-1,-1,-1
539,537,1839.59,587.11,62.18,112.74,0.9303,-1,-1,-1
539,536,1901.01,325.72,18.8,66.22,0.9023,-1,-1,-1
539,533,1034.38,118.81,44.13,76.9,0.7553,-1,-1,-1
540,474,281.05,754.57,78.07,137.96,0.9782,-1,-1,-1
540,529,269.12,556.62,68.33,120.96,0.9741,-1,-1,-1
540,426,1525.26,447.32,45.44,101.85,0.9735,-1,-1,-1
540,429,1371.58,376.34,63.95,105.01,0.9732,-1,-1,-1
540,518,392.31,473.76,62.41,111.55,0.9731,-1,-1,-1
540,422,1136.39,443.11,63.79,115.7,0.9722,-1,-1,-1
540,534,1741.98,451.34,75.61,124.26,0.9713,-1,-1,-1
540,487,967.91,310.63,56.82,99.73,0.9712,-1,-1,-1
540,527,532.27,373.27,52.06,111.42,0.9712,-1,-1,-1
540,479,1100.68,291.92,41.64,92.36,0.9708,-1,-1,-1
540,515,673.25,533.93,44.29,117.49,0.9701,-1,-1,-1
540,418,1334.68,593.94,67.65,113.55,0.9675,-1,-1,-1
540,537,1825.29,587.91,46.77,109.93,0.9652,-1,-1,-1
540,536,1898.6,320.53,21.23,71.85,0.8903,-1,-1,-1
540,533,1033.24,122.4,42.46,75.11,0.8221,-1,-1,-1
541,534,1725.31,453.75,82.99,121.01,0.9775,-1,-1,-1
541,474,280.9,753.75,74.57,135.36,0.9771,-1,-1,-1
541,429,1369.72,377.47,59.72,102.62,0.977,-1,-1,-1
541,418,1324.09,594.67,70.81,119.25,0.9764,-1,-1,-1
541,426,1511.54,446.8,56.88,107.6,0.9757,-1,-1,-1
541,529,271.1,554.46,62.81,123.95,0.9741,-1,-1,-1
541,422,1113.64,443.79,80.62,115.15,0.9737,-1,-1,-1
541,487,964.24,311.57,55.06,100.34,0.9725,-1,-1,-1
541,527,514.02,372.73,61.73,113.32,0.9715,-1,-1,-1
541,518,374.95,471.76,74.3,115.4,0.9712,-1,-1,-1
541,479,1088.54,289.94,48.27,94.43,0.9704,-1,-1,-1
541,537,1800.14,589.06,58.97,108.15,0.9689,-1,-1,-1
541,515,661.34,534.07,58.76,118.04,0.968,-1,-1,-1
541,536,1899.09,313.57,20.66,78.12,0.8655,-1,-1,-1
541,533,1025.69,121.31,42.61,76.94,0.5599,-1,-1,-1
542,422,1095.84,446.51,86.74,112.49,0.9763,-1,-1,-1
542,418,1321.49,597.31,68.72,120.95,0.9763,-1,-1,-1
542,426,1500.16,448.15,62.71,107.99,0.975,-1,-1,-1
542,429,1368.59,377.03,51.37,101.16,0.9748,-1,-1,-1
542,529,269.15,553.05,59.66,124.77,0.9747,-1,-1,-1
542,518,362.8,472.3,79.02,114.28,0.9747,-1,-1,-1
542,527,498.66,373.59,67.76,111.65,0.9729,-1,-1,-1
542,479,1081.22,288.63,49.4,92.88,0.9714,-1,-1,-1
542,487,963.74,312.29,46.98,99.81,0.971,-1,-1,-1
542,537,1773.2,589.26,83.07,105.47,0.9697,-1,-1,-1
542,515,658.68,533.04,79.1,121.27,0.9697,-1,-1,-1
542,534,1715.29,458.8,77.09,119.5,0.9696,-1,-1,-1
542,474,280.6,749.73,71.37,136.9,0.9694,-1,-1,-1
542,533,1010.99,119.35,50.54,77.66,0.8967,-1,-1,-1
542,536,1898.81,291.76,21.1,100.7,0.8918,-1,-1,-1
543,418,1321.5,597.29,68.59,120.98,0.9763,-1,-1,-1
543,422,1095.92,446.52,86.64,112.35,0.9761,-1,-1,-1
543,426,1500.15,448.14,62.7,107.99,0.975,-1,-1,-1
543,429,1368.6,377.02,51.4,101.19,0.9748,-1,-1,-1
543,529,269.16,553.04,59.65,124.83,0.9748,-1,-1,-1
543,518,362.8,472.31,79.03,114.32,0.9747,-1,-1,-1
543,527,498.62,373.6,67.72,111.64,0.9726,-1,-1,-1
543,479,1081.23,288.63,49.42,92.87,0.9714,-1,-1,-1
543,487,963.74,312.24,46.98,99.85,0.9711,-1,-1,-1
543,537,1773.19,589.36,83.14,105.44,0.9702,-1,-1,-1
543,534,1715.24,458.82,77.12,119.55,0.9697,-1,-1,-1
543,515,658.57,533.04,79.22,121.27,0.9693,-1,-1,-1
543,474,280.62,749.73,71.32,136.92,0.9693,-1,-1,-1
543,533,1011.01,119.35,50.54,77.65,0.8948,-1,-1,-1
543,536,1898.8,291.65,21.09,100.85,0.8928,-1,-1,-1
544,474,275.74,747.98,73.47,138.61,0.9758,-1,-1,-1
544,529,268.46,549.94,57.86,128.35,0.9758,-1,-1,-1
544,418,1321.64,602.57,61.22,115.99,0.9757,-1,-1,-1
544,518,353.23,472.11,81.87,115.04,0.9746,-1,-1,-1
544,527,491.46,374.34,70.42,110.86,0.9734,-1,-1,-1
544,429,1367.74,376.03,42.33,101.27,0.9728,-1,-1,-1
544,479,1076.31,289.0,48.28,90.44,0.9727,-1,-1,-1
544,534,1713.01,461.13,62.47,116.71,0.9723,-1,-1,-1
544,426,1493.35,450.53,62.59,108.69,0.9695,-1,-1,-1
544,487,960.47,311.17,39.94,101.0,0.9674,-1,-1,-1
544,515,657.34,533.74,100.15,119.2,0.9576,-1,-1,-1
544,422,1091.8,448.56,66.88,114.27,0.9568,-1,-1,-1
544,537,1738.08,593.82,101.35,97.3,0.9486,-1,-1,-1
544,533,1003.66,119.2,55.86,77.79,0.9267,-1,-1,-1
544,536,1898.71,292.01,21.12,100.36,0.9081,-1,-1,-1
545,534,1712.41,462.34,44.45,115.15,0.9791,-1,-1,-1
545,515,653.71,532.72,92.24,120.74,0.9789,-1,-1,-1
545,474,271.99,744.14,74.67,141.73,0.9774,-1,-1,-1
545,518,349.69,475.21,78.3,113.48,0.9769,-1,-1,-1
545,527,490.98,374.67,66.79,108.45,0.9762,-1,-1,-1
545,418,1321.55,606.88,54.14,110.79,0.9748,-1,-1,-1
545,479,1075.64,288.82,43.62,88.28,0.9741,-1,-1,-1
545,529,266.69,548.6,57.05,131.41,0.9736,-1,-1,-1
545,426,1494.16,454.67,51.93,103.59,0.973,-1,-1,-1
545,429,1363.63,372.85,40.11,104.31,0.9702,-1,-1,-1
545,422,1093.12,451.96,40.87,108.84,0.9647,-1,-1,-1
545,487,955.57,309.68,37.0,101.81,0.9624,-1,-1,-1
545,533,1001.31,118.49,53.71,77.29,0.959,-1,-1,-1
545,537,1726.96,594.28,79.04,99.0,0.9267,-1,-1,-1
545,536,1898.58,291.21,21.32,101.07,0.9124,-1,-1,-1
546,474,270.9,741.68,73.28,143.54,0.9781,-1,-1,-1
546,529,266.19,547.3,54.83,133.65,0.9744,-1,-1,-1
546,518,346.7,477.54,74.39,111.17,0.9741,-1,-1,-1
546,527,491.13,374.18,59.26,107.95,0.974,-1,-1,-1
546,418,1318.85,610.09,52.23,113.67,0.973,-1,-1,-1
546,479,1075.36,288.87,39.42,87.63,0.9727,-1,-1,-1
546,534,1701.71,462.02,41.22,115.09,0.9716,-1,-1,-1
546,426,1487.76,457.99,49.81,101.17,0.9709,-1,-1,-1
546,429,1355.87,369.76,41.27,106.88,0.9706,-1,-1,-1
546,515,660.14,531.17,79.69,121.8,0.9656,-1,-1,-1
546,487,949.61,306.28,36.73,105.09,0.9554,-1,-1,-1
546,422,1084.43,452.72,36.02,108.69,0.9501,-1,-1,-1
546,533,999.24,120.25,47.01,77.55,0.9444,-1,-1,-1
546,536,1893.62,289.94,26.28,102.48,0.9182,-1,-1,-1
546,537,1723.6,600.34,60.5,95.93,0.8583,-1,-1,-1
547,474,270.58,739.74,70.0,145.62,0.9797,-1,-1,-1
547,534,1690.35,459.46,42.55,117.62,0.9768,-1,-1,-1
547,518,346.16,479.94,66.33,109.76,0.9758,-1,-1,-1
547,527,489.22,370.21,51.06,108.97,0.9753,-1,-1,-1
547,426,1477.63,459.99,57.44,98.64,0.972,-1,-1,-1
547,418,1317.6,610.04,48.85,118.92,0.9718,-1,-1,-1
547,529,264.16,547.11,53.55,133.79,0.9708,-1,-1,-1
547,515,670.34,530.75,57.89,121.11,0.9691,-1,-1,-1
547,422,1068.92,451.58,38.86,109.04,0.9678,-1,-1,-1
547,479,1073.19,286.81,37.43,88.33,0.9659,-1,-1,-1
547,429,1344.76,367.09,46.59,108.86,0.9608,-1,-1,-1
547,487,945.06,303.19,35.15,107.07,0.9559,-1,-1,-1
547,533,998.25,119.35,42.92,77.67,0.935,-1,-1,-1
547,536,1889.97,287.75,30.03,104.34,0.9329,-1,-1,-1
547,537,1714.99,606.64,35.57,87.47,0.8992,-1,-1,-1
548,474,269.25,738.69,67.0,145.6,0.9808,-1,-1,-1
548,515,666.45,527.54,50.32,124.5,0.9772,-1,-1,-1
548,534,1675.59,458.12,49.36,121.61,0.9762,-1,-1,-1
548,418,1313.3,610.07,48.46,125.22,0.9754,-1,-1,-1
548,518,344.66,480.4,61.22,111.76,0.9753,-1,-1,-1
548,527,484.02,366.16,45.1,110.63,0.9744,-1,-1,-1
548,422,1051.01,450.44,51.0,109.74,0.9736,-1,-1,-1
548,426,1472.45,460.01,56.81,98.67,0.971,-1,-1,-1
548,479,1067.75,283.69,38.36,90.56,0.967,-1,-1,-1
548,529,257.06,548.54,57.76,134.09,0.9655,-1,-1,-1
548,429,1327.04,364.31,57.68,113.08,0.965,-1,-1,-1
548,537,1681.48,603.09,53.24,91.66,0.964,-1,-1,-1
548,536,1883.61,287.86,36.39,103.72,0.9567,-1,-1,-1
548,487,937.29,301.1,35.96,108.02,0.9553,-1,-1,-1
548,533,994.56,118.57,39.33,76.81,0.948,-1,-1,-1
549,474,269.26,738.67,66.99,145.57,0.9808,-1,-1,-1
549,515,666.47,527.6,50.43,124.47,0.9771,-1,-1,-1
549,534,1675.69,458.16,49.18,121.51,0.9761,-1,-1,-1
549,418,1313.34,610.01,48.43,125.27,0.9753,-1,-1,-1
549,518,344.67,480.29,61.21,111.9,0.9752,-1,-1,-1
549,527,484.0,366.17,45.11,110.57,0.9744,-1,-1,-1
549,422,1051.02,450.39,50.94,109.76,0.9736,-1,-1,-1
549,426,1472.44,460.04,56.77,98.66,0.9711,-1,-1,-1
549,479,1067.78,283.68,38.34,90.56,0.967,-1,-1,-1
549,529,257.03,548.49,57.78,134.14,0.9655,-1,-1,-1
549,429,1326.91,364.31,57.79,112.94,0.965,-1,-1,-1
549,537,1681.23,602.98,53.57,91.71,0.9639,-1,-1,-1
549,536,1883.55,287.9,36.45,103.66,0.9573,-1,-1,-1
549,487,937.3,301.14,36.12,108.09,0.9562,-1,-1,-1
549,533,994.43,118.59,39.37,76.9,0.9479,-1,-1,-1
550,474,266.44,738.25,67.65,146.1,0.9794,-1,-1,-1
550,529,253.15,549.84,57.25,133.29,0.9758,-1,-1,-1
550,518,338.3,478.71,60.5,115.99,0.9747,-1,-1,-1
550,515,659.62,525.73,50.35,124.88,0.974,-1,-1,-1
550,534,1650.38,458.56,64.43,121.41,0.9724,-1,-1,-1
550,426,1467.89,460.0,54.88,102.86,0.972,-1,-1,-1
550,527,480.59,361.98,39.78,113.3,0.9709,-1,-1,-1
550,418,1310.87,609.76,47.38,126.36,0.97,-1,-1,-1
550,422,1034.94,449.63,60.69,110.96,0.9698,-1,-1,-1
550,487,926.62,299.9,39.22,103.39,0.9684,-1,-1,-1
550,479,1061.51,281.95,38.25,89.44,0.9659,-1,-1,-1
550,536,1878.4,287.53,41.6,103.79,0.9648,-1,-1,-1
550,537,1657.62,602.48,72.32,93.42,0.9614,-1,-1,-1
550,429,1313.4,362.08,63.09,110.94,0.9588,-1,-1,-1
551,474,262.48,737.46,68.36,145.04,0.9787,-1,-1,-1
551,529,249.45,553.13,57.28,131.18,0.9753,-1,-1,-1
551,429,1300.7,361.18,67.07,110.83,0.9743,-1,-1,-1
551,515,650.99,522.69,51.29,125.87,0.9737,-1,-1,-1
551,518,331.45,477.2,60.52,119.41,0.9732,-1,-1,-1
551,418,1307.08,611.39,46.69,124.43,0.9724,-1,-1,-1
551,422,1011.75,448.61,75.44,108.6,0.9719,-1,-1,-1
551,487,916.3,298.4,43.31,101.99,0.9714,-1,-1,-1
551,527,474.02,359.11,39.13,113.7,0.9694,-1,-1,-1
551,426,1459.39,460.28,53.86,106.77,0.9686,-1,-1,-1
551,534,1630.29,457.12,73.07,121.43,0.9683,-1,-1,-1
551,479,1053.66,280.6,39.46,86.55,0.9673,-1,-1,-1
551,536,1875.71,285.16,44.29,105.03,0.967,-1,-1,-1
551,537,1619.87,602.97,97.84,92.4,0.9591,-1,-1,-1
552,422,984.69,448.56,92.22,106.85,0.9802,-1,-1,-1
552,518,322.77,475.24,61.47,121.01,0.9774,-1,-1,-1
552,418,1301.34,611.04,47.24,123.72,0.9757,-1,-1,-1
552,529,244.38,554.19,57.65,131.05,0.9752,-1,-1,-1
552,474,258.49,735.97,67.36,145.39,0.9748,-1,-1,-1
552,426,1445.98,459.9,56.86,109.62,0.9739,-1,-1,-1
552,515,642.82,519.73,54.38,126.31,0.9723,-1,-1,-1
552,534,1615.21,458.25,75.54,119.4,0.9708,-1,-1,-1
552,487,909.48,298.56,40.75,99.44,0.9706,-1,-1,-1
552,429,1287.19,360.42,70.67,110.78,0.9703,-1,-1,-1
552,527,464.46,354.0,40.57,116.16,0.9694,-1,-1,-1
552,479,1044.45,278.75,39.84,86.58,0.9664,-1,-1,-1
552,536,1871.48,283.16,48.23,105.96,0.9659,-1,-1,-1
552,537,1594.47,604.92,101.57,95.96,0.9581,-1,-1,-1
553,422,971.48,450.92,83.67,107.22,0.9788,-1,-1,-1
553,429,1275.02,361.31,70.95,108.98,0.9755,-1,-1,-1
553,534,1602.24,460.66,70.8,118.7,0.9733,-1,-1,-1
553,518,316.38,475.35,58.9,120.43,0.9731,-1,-1,-1
553,474,252.79,734.5,66.29,144.78,0.9719,-1,-1,-1
553,515,633.77,517.67,63.01,125.54,0.9716,-1,-1,-1
553,536,1865.36,282.78,48.41,104.24,0.9708,-1,-1,-1
553,529,235.16,555.68,58.61,131.78,0.9706,-1,-1,-1
553,527,453.23,351.72,42.51,115.93,0.9703,-1,-1,-1
553,537,1581.72,606.99,86.25,94.82,0.9691,-1,-1,-1
553,479,1033.46,278.82,40.03,84.5,0.9676,-1,-1,-1
553,426,1432.87,462.19,57.35,110.91,0.967,-1,-1,-1
553,418,1293.47,610.56,52.27,124.65,0.9658,-1,-1,-1
553,487,902.58,298.63,35.37,99.72,0.9586,-1,-1,-1
554,474,246.43,733.16,65.35,144.2,0.9774,-1,-1,-1
554,534,1594.9,463.09,60.36,116.01,0.9745,-1,-1,-1
554,529,222.87,556.73,62.29,131.4,0.9742,-1,-1,-1
554,527,437.66,351.45,46.79,115.91,0.9733,-1,-1,-1
554,426,1422.09,465.6,54.48,108.51,0.9732,-1,-1,-1
554,518,310.53,474.06,55.83,121.77,0.973,-1,-1,-1
554,418,1292.16,611.0,51.51,127.26,0.9718,-1,-1,-1
554,429,1261.76,364.56,72.23,107.22,0.9692,-1,-1,-1
554,537,1572.37,608.89,58.69,91.07,0.968,-1,-1,-1
554,515,624.07,516.61,67.09,124.46,0.9679,-1,-1,-1
554,536,1859.74,282.4,46.67,103.78,0.9677,-1,-1,-1
554,422,961.82,452.75,68.63,105.79,0.9587,-1,-1,-1
554,479,1022.02,277.98,42.31,83.5,0.9573,-1,-1,-1
554,487,893.48,297.09,30.24,99.43,0.9561,-1,-1,-1
555,474,246.42,733.15,65.38,144.22,0.9774,-1,-1,-1
555,534,1594.95,463.14,60.24,115.9,0.9745,-1,-1,-1
555,529,222.68,556.71,62.53,131.53,0.9741,-1,-1,-1
555,426,1422.09,465.63,54.41,108.43,0.9734,-1,-1,-1
555,527,437.59,351.46,46.84,115.9,0.9732,-1,-1,-1
555,518,310.56,474.08,55.75,121.78,0.973,-1,-1,-1
555,418,1292.0,610.98,51.75,127.27,0.9713,-1,-1,-1
555,429,1261.75,364.56,72.24,107.25,0.969,-1,-1,-1
555,537,1572.38,608.9,58.48,91.07,0.9685,-1,-1,-1
555,515,624.11,516.6,67.1,124.45,0.9682,-1,-1,-1
555,536,1859.71,282.41,46.88,103.81,0.9676,-1,-1,-1
555,422,961.93,452.78,68.37,105.72,0.9583,-1,-1,-1
555,479,1022.15,277.99,42.15,83.48,0.9577,-1,-1,-1
555,487,893.47,297.07,30.2,99.46,0.956,-1,-1,-1
556,534,1586.71,464.37,48.86,113.98,0.9773,-1,-1,-1
556,474,241.07,732.98,64.79,143.58,0.9749,-1,-1,-1
556,518,299.71,473.04,56.77,122.97,0.9742,-1,-1,-1
556,429,1248.75,367.24,71.58,103.17,0.9733,-1,-1,-1
556,426,1411.43,469.48,51.88,103.32,0.9732,-1,-1,-1
556,529,209.29,556.37,65.7,131.88,0.9726,-1,-1,-1
556,536,1852.98,281.53,45.62,103.37,0.9721,-1,-1,-1
556,527,419.67,350.89,53.37,116.0,0.9702,-1,-1,-1
556,418,1268.02,613.23,69.02,130.93,0.9702,-1,-1,-1
556,422,949.25,453.76,51.45,102.75,0.9669,-1,-1,-1
556,479,1006.23,276.58,47.58,83.37,0.9665,-1,-1,-1
556,515,614.4,514.5,66.98,125.99,0.9663,-1,-1,-1
556,487,881.38,294.23,26.01,102.51,0.9515,-1,-1,-1
556,537,1551.59,610.11,46.45,89.41,0.9474,-1,-1,-1
556,533,954.42,106.02,33.39,82.54,0.663,-1,-1,-1
557,534,1568.62,462.32,47.49,114.24,0.9779,-1,-1,-1
557,529,197.31,555.77,65.25,132.49,0.9755,-1,-1,-1
557,474,234.67,730.93,64.14,144.45,0.975,-1,-1,-1
557,426,1401.97,468.95,48.04,102.93,0.9736,-1,-1,-1
557,518,286.85,471.61,59.41,122.95,0.9713,-1,-1,-1
557,515,600.72,511.04,66.83,127.11,0.9708,-1,-1,-1
557,536,1844.31,280.75,45.39,102.88,0.97,-1,-1,-1
557,418,1263.63,615.82,70.17,130.29,0.9696,-1,-1,-1
557,422,931.91,453.02,47.64,103.3,0.9689,-1,-1,-1
557,527,400.26,352.28,60.61,114.19,0.9663,-1,-1,-1
557,479,994.43,276.31,48.6,81.54,0.9617,-1,-1,-1
557,429,1234.55,369.68,73.16,100.9,0.9558,-1,-1,-1
557,537,1521.17,609.51,55.42,89.21,0.9469,-1,-1,-1
557,487,867.58,290.27,28.96,104.91,0.9462,-1,-1,-1
557,533,938.64,106.52,38.6,82.9,0.8534,-1,-1,-1
558,518,274.11,470.86,61.94,124.83,0.9765,-1,-1,-1
558,474,228.42,729.89,61.9,143.6,0.9762,-1,-1,-1
558,418,1252.66,616.9,71.22,132.66,0.9755,-1,-1,-1
558,534,1548.99,461.39,48.37,113.67,0.9724,-1,-1,-1
558,515,589.92,509.4,63.23,126.54,0.9722,-1,-1,-1
558,527,381.25,355.01,66.34,110.76,0.972,-1,-1,-1
558,529,189.47,556.01,61.66,131.59,0.9712,-1,-1,-1
558,426,1391.69,468.12,46.2,102.91,0.971,-1,-1,-1
558,479,986.57,275.65,45.89,80.87,0.9694,-1,-1,-1
558,536,1836.63,279.84,43.28,103.44,0.9689,-1,-1,-1
558,429,1222.58,369.83,70.15,100.97,0.9676,-1,-1,-1
558,422,920.73,450.87,40.51,103.81,0.9656,-1,-1,-1
558,487,851.22,287.37,34.44,106.72,0.952,-1,-1,-1
558,537,1484.59,610.05,73.11,90.24,0.9426,-1,-1,-1
558,533,924.52,106.3,42.97,84.2,0.7245,-1,-1,-1
559,474,224.26,729.1,58.78,141.1,0.9775,-1,-1,-1
559,518,265.43,470.78,59.94,124.65,0.9757,-1,-1,-1
559,529,180.79,556.12,59.63,132.69,0.9749,-1,-1,-1
559,479,977.5,274.85,43.76,81.27,0.9747,-1,-1,-1
559,426,1378.28,466.76,47.64,105.45,0.9746,-1,-1,-1
559,534,1529.26,460.92,48.81,113.99,0.9744,-1,-1,-1
559,527,361.27,357.25,72.08,108.15,0.9743,-1,-1,-1
559,515,576.9,508.49,62.89,125.04,0.9736,-1,-1,-1
559,418,1250.67,618.25,62.61,137.21,0.9702,-1,-1,-1
559,536,1829.03,279.33,42.35,102.9,0.9699,-1,-1,-1
559,422,899.65,451.79,44.79,104.9,0.9697,-1,-1,-1
559,487,833.78,287.17,39.84,103.53,0.9692,-1,-1,-1
559,429,1209.86,368.91,70.25,102.4,0.9682,-1,-1,-1
559,538,1858.36,451.1,61.45,114.6,0.9678,-1,-1,-1
559,537,1457.75,612.63,78.02,93.7,0.7439,-1,-1,-1
559,533,910.85,106.43,46.0,83.87,0.3667,-1,-1,-1
560,527,344.93,359.84,76.15,105.72,0.9762,-1,-1,-1
560,474,218.88,729.82,57.65,138.91,0.9751,-1,-1,-1
560,515,562.38,507.27,61.66,123.66,0.9737,-1,-1,-1
560,426,1366.84,466.58,48.24,113.47,0.9735,-1,-1,-1
560,537,1436.13,616.85,71.67,96.85,0.9719,-1,-1,-1
560,529,173.28,557.17,57.1,131.07,0.9712,-1,-1,-1
560,429,1199.73,367.43,66.36,103.9,0.9705,-1,-1,-1
560,479,969.27,273.56,42.67,82.37,0.9701,-1,-1,-1
560,536,1820.42,279.79,42.08,102.6,0.9693,-1,-1,-1
560,422,867.13,451.62,63.62,106.07,0.9687,-1,-1,-1
560,418,1249.95,618.92,47.22,137.58,0.9681,-1,-1,-1
560,518,257.97,469.95,56.66,127.01,0.9677,-1,-1,-1
560,538,1842.65,453.74,77.2,110.42,0.9665,-1,-1,-1
560,487,820.49,286.61,40.58,102.22,0.9662,-1,-1,-1
560,534,1505.12,461.35,58.23,114.16,0.9607,-1,-1,-1
560,539,1873.56,742.83,45.91,138.63,0.952,-1,-1,-1
560,533,898.73,107.2,47.28,82.93,0.9356,-1,-1,-1
561,527,344.96,359.87,76.14,105.68,0.976,-1,-1,-1
561,474,218.85,729.83,57.63,138.9,0.9751,-1,-1,-1
561,515,562.32,507.31,61.67,123.59,0.9735,-1,-1,-1
561,426,1366.83,466.4,48.26,113.65,0.9734,-1,-1,-1
561,537,1435.95,616.84,71.81,96.9,0.9721,-1,-1,-1
561,529,173.29,557.25,57.12,131.05,0.9713,-1,-1,-1
561,429,1199.73,367.42,66.35,103.94,0.9705,-1,-1,-1
561,479,969.29,273.56,42.65,82.38,0.97,-1,-1,-1
561,536,1820.4,279.78,42.06,102.61,0.9693,-1,-1,-1
561,422,867.03,451.63,63.86,105.9,0.9685,-1,-1,-1
561,518,257.94,469.97,56.69,127.0,0.968,-1,-1,-1
561,418,1248.78,618.94,48.31,137.56,0.9664,-1,-1,-1
561,538,1842.76,453.62,77.11,110.49,0.9662,-1,-1,-1
561,487,820.54,286.54,40.52,102.36,0.9662,-1,-1,-1
561,534,1504.58,461.38,58.75,114.2,0.962,-1,-1,-1
561,539,1873.67,742.76,45.79,138.73,0.9512,-1,-1,-1
561,533,898.81,107.19,47.3,82.97,0.9334,-1,-1,-1
562,527,330.99,361.99,75.15,104.88,0.9754,-1,-1,-1
562,518,248.73,470.21,56.45,128.66,0.9752,-1,-1,-1
562,422,842.08,452.53,74.36,105.63,0.9746,-1,-1,-1
562,538,1834.1,454.85,76.36,107.96,0.9732,-1,-1,-1
562,534,1481.96,460.8,68.17,115.29,0.9729,-1,-1,-1
562,426,1357.08,466.51,45.84,116.13,0.9722,-1,-1,-1
562,536,1811.16,278.82,42.5,102.85,0.9717,-1,-1,-1
562,539,1863.73,743.84,47.92,137.79,0.9701,-1,-1,-1
562,418,1242.97,623.29,41.03,134.15,0.9696,-1,-1,-1
562,487,807.99,286.52,38.97,102.04,0.9689,-1,-1,-1
562,474,209.62,728.85,59.16,137.53,0.9675,-1,-1,-1
562,537,1425.77,620.4,57.91,91.06,0.9675,-1,-1,-1
562,529,163.96,557.35,56.95,131.68,0.9674,-1,-1,-1
562,479,960.57,270.65,42.93,84.98,0.9646,-1,-1,-1
562,429,1190.71,366.0,62.99,105.02,0.9643,-1,-1,-1
562,515,545.32,507.84,63.13,120.03,0.9636,-1,-1,-1
562,533,886.94,106.68,48.51,83.26,0.9437,-1,-1,-1
563,527,320.8,362.29,75.31,104.04,0.9769,-1,-1,-1
563,474,197.64,727.69,65.12,139.63,0.976,-1,-1,-1
563,422,825.14,454.49,72.52,106.19,0.9749,-1,-1,-1
563,534,1465.39,461.95,71.79,116.55,0.9741,-1,-1,-1
563,515,528.23,508.48,65.68,117.47,0.9736,-1,-1,-1
563,429,1181.5,364.28,61.44,106.28,0.9726,-1,-1,-1
563,418,1230.42,625.69,42.19,129.94,0.9723,-1,-1,-1
563,539,1847.23,742.95,52.79,137.5,0.971,-1,-1,-1
563,529,154.07,557.97,57.38,130.91,0.9706,-1,-1,-1
563,538,1822.63,454.28,66.08,107.91,0.9705,-1,-1,-1
563,518,239.02,471.19,56.42,128.44,0.9704,-1,-1,-1
563,536,1801.57,277.85,43.71,102.24,0.9702,-1,-1,-1
563,426,1347.12,467.5,43.63,117.02,0.9697,-1,-1,-1
563,487,794.13,286.89,38.71,100.63,0.9674,-1,-1,-1
563,537,1411.57,622.08,52.28,88.06,0.9653,-1,-1,-1
563,479,951.54,269.07,44.04,85.91,0.9525,-1,-1,-1
563,533,878.13,106.53,44.97,82.34,0.8914,-1,-1,-1
564,474,189.04,728.12,66.41,137.87,0.9758,-1,-1,-1
564,418,1215.55,629.58,46.04,126.84,0.975,-1,-1,-1
564,527,309.07,362.29,75.9,104.27,0.9745,-1,-1,-1
564,515,511.53,509.24,72.85,115.14,0.9741,-1,-1,-1
564,518,227.47,472.48,59.96,127.68,0.9738,-1,-1,-1
564,536,1790.84,276.7,45.67,103.29,0.973,-1,-1,-1
564,529,147.4,558.64,56.12,130.13,0.9729,-1,-1,-1
564,422,811.6,457.59,62.79,104.42,0.9714,-1,-1,-1
564,534,1450.91,465.33,70.78,116.58,0.9711,-1,-1,-1
564,538,1806.73,452.77,54.71,107.14,0.9698,-1,-1,-1
564,539,1828.72,745.44,63.11,141.38,0.9693,-1,-1,-1
564,487,778.37,287.39,40.85,99.1,0.9685,-1,-1,-1
564,429,1171.97,362.76,61.28,107.48,0.9673,-1,-1,-1
564,426,1332.0,469.7,45.5,118.71,0.9669,-1,-1,-1
564,537,1390.16,623.39,57.43,90.9,0.9627,-1,-1,-1
564,479,945.62,266.62,43.52,85.45,0.9606,-1,-1,-1
564,533,869.22,106.25,42.91,82.41,0.5803,-1,-1,-1
565,418,1202.85,633.76,47.92,123.83,0.9757,-1,-1,-1
565,527,298.4,360.33,74.89,104.93,0.9753,-1,-1,-1
565,536,1780.4,276.29,46.0,102.31,0.9746,-1,-1,-1
565,534,1441.92,468.39,58.04,112.33,0.9736,-1,-1,-1
565,539,1809.25,747.76,70.04,145.67,0.9732,-1,-1,-1
565,426,1314.2,473.42,50.48,114.44,0.9727,-1,-1,-1
565,474,178.67,728.75,73.41,137.18,0.9719,-1,-1,-1
565,515,497.84,509.18,76.64,114.56,0.9708,-1,-1,-1
565,422,800.86,461.42,52.75,99.75,0.9705,-1,-1,-1
565,429,1159.44,361.15,60.29,108.25,0.9691,-1,-1,-1
565,487,763.77,287.9,41.47,98.06,0.9684,-1,-1,-1
565,537,1361.17,623.97,66.57,93.97,0.9681,-1,-1,-1
565,518,218.31,473.53,60.81,126.75,0.9675,-1,-1,-1
565,529,139.72,559.49,55.7,130.27,0.9651,-1,-1,-1
565,479,940.32,263.84,41.93,86.63,0.9628,-1,-1,-1
565,538,1790.77,450.5,41.51,106.99,0.9587,-1,-1,-1
565,533,859.72,105.28,41.03,81.86,0.9004,-1,-1,-1
566,418,1192.14,638.87,47.73,120.49,0.9786,-1,-1,-1
566,534,1430.77,468.84,47.85,109.38,0.9769,-1,-1,-1
566,474,169.92,728.83,80.27,135.56,0.9758,-1,-1,-1
566,537,1338.27,625.67,69.19,101.38,0.9732,-1,-1,-1
566,536,1769.67,274.65,47.99,102.62,0.973,-1,-1,-1
566,527,288.56,358.17,67.36,106.67,0.9722,-1,-1,-1
566,426,1301.1,477.03,52.6,108.83,0.9713,-1,-1,-1
566,529,130.57,558.62,56.4,133.04,0.971,-1,-1,-1
566,422,788.77,462.13,47.07,97.08,0.9704,-1,-1,-1
566,515,487.41,507.8,78.6,114.66,0.9674,-1,-1,-1
566,487,744.24,286.54,45.62,98.2,0.9672,-1,-1,-1
566,539,1793.89,751.6,63.83,145.9,0.9648,-1,-1,-1
566,479,937.69,260.48,38.63,88.21,0.964,-1,-1,-1
566,429,1147.76,358.55,62.38,110.01,0.961,-1,-1,-1
566,518,209.34,473.17,61.97,129.11,0.9588,-1,-1,-1
566,538,1776.79,448.22,37.1,105.11,0.9538,-1,-1,-1
566,533,848.67,102.39,41.76,85.28,0.6715,-1,-1,-1
567,418,1192.09,638.81,47.8,120.76,0.9787,-1,-1,-1
567,534,1430.83,468.84,47.77,109.4,0.977,-1,-1,-1
567,474,169.93,728.82,80.32,135.57,0.9758,-1,-1,-1
567,537,1338.16,625.65,69.36,101.34,0.9732,-1,-1,-1
567,536,1769.62,274.63,48.01,102.68,0.9729,-1,-1,-1
567,527,288.62,358.2,67.28,106.62,0.9722,-1,-1,-1
567,426,1301.12,477.07,52.64,108.8,0.9714,-1,-1,-1
567,529,130.55,558.65,56.41,133.04,0.971,-1,-1,-1
567,422,788.72,462.13,47.06,97.06,0.9704,-1,-1,-1
567,487,744.21,286.56,45.63,98.23,0.9671,-1,-1,-1
567,515,487.39,507.84,78.69,114.62,0.967,-1,-1,-1
567,539,1793.81,751.56,63.86,145.81,0.9643,-1,-1,-1
567,479,937.72,260.45,38.57,88.23,0.9639,-1,-1,-1
567,429,1147.86,358.61,62.26,109.95,0.9613,-1,-1,-1
567,518,209.2,473.15,62.15,129.18,0.9586,-1,-1,-1
567,538,1776.71,448.18,37.22,105.2,0.954,-1,-1,-1
567,533,848.71,102.41,41.73,85.19,0.6054,-1,-1,-1
568,474,158.45,729.76,89.18,133.2,0.9814,-1,-1,-1
568,418,1182.45,641.89,48.41,122.49,0.9761,-1,-1,-1
568,426,1291.23,478.57,51.43,106.2,0.9744,-1,-1,-1
568,515,477.28,505.07,78.03,114.14,0.974,-1,-1,-1
568,536,1759.88,272.76,49.46,102.45,0.9733,-1,-1,-1
568,534,1416.85,467.59,46.06,107.81,0.9732,-1,-1,-1
568,527,280.47,354.91,57.67,108.1,0.9726,-1,-1,-1
568,487,724.87,284.71,51.29,99.28,0.971,-1,-1,-1
568,529,123.34,558.66,55.77,134.14,0.9699,-1,-1,-1
568,539,1781.74,756.47,50.15,140.41,0.9687,-1,-1,-1
568,422,770.34,461.41,46.81,97.25,0.9681,-1,-1,-1
568,537,1320.87,628.71,65.95,97.28,0.968,-1,-1,-1
568,518,200.09,471.28,63.3,130.4,0.9666,-1,-1,-1
568,429,1135.71,356.99,64.69,110.36,0.965,-1,-1,-1
568,479,930.26,256.84,39.28,88.56,0.961,-1,-1,-1
568,538,1756.92,446.74,40.19,106.41,0.9551,-1,-1,-1
569,474,150.41,727.42,92.06,134.01,0.9773,-1,-1,-1
569,534,1401.72,464.79,46.88,108.54,0.9761,-1,-1,-1
569,515,465.88,501.67,77.14,115.73,0.9739,-1,-1,-1
569,487,713.16,282.09,50.13,99.32,0.9736,-1,-1,-1
569,527,270.91,352.23,49.81,108.36,0.9729,-1,-1,-1
569,418,1168.06,643.3,56.04,124.56,0.9722,-1,-1,-1
569,426,1280.16,479.4,49.73,107.44,0.972,-1,-1,-1
569,537,1310.04,629.19,57.69,95.16,0.9712,-1,-1,-1
569,538,1734.15,445.92,45.29,105.3,0.9691,-1,-1,-1
569,518,192.66,470.1,62.4,130.65,0.9687,-1,-1,-1
569,539,1763.5,758.36,57.73,137.38,0.9686,-1,-1,-1
569,529,114.85,558.93,57.63,133.66,0.9651,-1,-1,-1
569,536,1750.77,270.94,48.93,101.46,0.9643,-1,-1,-1
569,479,921.52,252.92,42.0,90.35,0.9634,-1,-1,-1
569,429,1124.19,355.46,57.47,111.85,0.959,-1,-1,-1
569,422,755.21,458.83,44.93,97.66,0.9505,-1,-1,-1
570,474,143.79,725.2,95.32,133.57,0.983,-1,-1,-1
570,426,1266.28,479.89,49.99,111.59,0.9763,-1,-1,-1
570,487,703.92,280.83,49.02,96.75,0.9755,-1,-1,-1
570,534,1387.42,461.68,47.01,110.36,0.975,-1,-1,-1
570,527,260.95,349.03,46.6,110.88,0.9741,-1,-1,-1
570,529,104.73,557.57,60.6,135.6,0.9734,-1,-1,-1
570,536,1740.78,268.36,49.21,101.96,0.9731,-1,-1,-1
570,515,450.37,498.47,75.43,116.96,0.9725,-1,-1,-1
570,429,1112.02,355.39,55.47,110.99,0.9679,-1,-1,-1
570,422,728.24,457.29,56.66,100.91,0.9675,-1,-1,-1
570,537,1295.43,628.48,53.04,95.19,0.9661,-1,-1,-1
570,418,1156.54,643.51,57.6,126.92,0.9652,-1,-1,-1
570,479,915.28,251.02,41.82,90.96,0.965,-1,-1,-1
570,538,1710.53,445.9,55.3,105.46,0.9629,-1,-1,-1
570,518,184.62,469.52,62.27,130.63,0.9597,-1,-1,-1
570,539,1724.9,757.74,86.12,137.22,0.9534,-1,-1,-1
571,474,142.44,720.69,92.28,133.77,0.98,-1,-1,-1
571,527,248.73,346.25,46.28,109.82,0.9761,-1,-1,-1
571,422,707.36,455.31,61.7,104.36,0.9758,-1,-1,-1
571,529,96.94,558.15,62.34,133.06,0.9749,-1,-1,-1
571,536,1732.62,266.05,47.64,101.88,0.9734,-1,-1,-1
571,426,1254.88,479.74,48.73,115.18,0.9726,-1,-1,-1
571,537,1268.45,628.42,62.62,98.38,0.9713,-1,-1,-1
571,487,695.23,276.81,45.65,96.3,0.9698,-1,-1,-1
571,539,1705.26,755.94,91.75,134.03,0.9689,-1,-1,-1
571,429,1098.33,354.3,56.5,110.71,0.9682,-1,-1,-1
571,515,436.01,493.9,68.86,119.68,0.9681,-1,-1,-1
571,518,180.24,466.6,55.09,130.04,0.9674,-1,-1,-1
571,479,911.82,249.08,37.95,90.05,0.9633,-1,-1,-1
571,538,1702.42,445.36,49.02,102.19,0.9625,-1,-1,-1
571,534,1367.14,459.34,51.34,117.04,0.9592,-1,-1,-1
571,418,1145.38,644.49,57.07,128.13,0.9472,-1,-1,-1
572,426,1243.16,480.75,47.31,112.9,0.9773,-1,-1,-1
572,527,235.62,344.47,48.74,108.95,0.9753,-1,-1,-1
572,534,1344.37,458.09,59.74,119.49,0.9745,-1,-1,-1
572,537,1251.33,629.0,63.64,101.03,0.9719,-1,-1,-1
572,422,691.67,455.33,62.51,105.37,0.9718,-1,-1,-1
572,474,146.74,715.72,84.6,134.32,0.9718,-1,-1,-1
572,429,1085.45,352.14,57.1,110.79,0.9714,-1,-1,-1
572,529,90.73,555.27,61.88,134.53,0.9707,-1,-1,-1
572,538,1686.11,443.14,52.45,104.34,0.9703,-1,-1,-1
572,536,1726.91,263.27,43.24,101.86,0.9698,-1,-1,-1
572,515,423.47,489.49,59.85,120.37,0.9692,-1,-1,-1
572,418,1141.86,644.67,46.96,126.06,0.9689,-1,-1,-1
572,487,686.47,271.05,40.82,98.24,0.9683,-1,-1,-1
572,479,905.33,246.19,37.78,90.37,0.9658,-1,-1,-1
572,518,175.14,464.2,49.32,130.1,0.9633,-1,-1,-1
572,539,1688.29,754.49,88.35,140.59,0.9615,-1,-1,-1
572,533,799.43,94.13,36.52,83.73,0.4415,-1,-1,-1
573,426,1243.16,480.63,47.3,113.01,0.9773,-1,-1,-1
573,527,235.62,344.47,48.72,108.95,0.9753,-1,-1,-1
573,534,1344.38,458.07,59.71,119.45,0.9745,-1,-1,-1
573,422,691.74,455.4,62.44,105.29,0.9718,-1,-1,-1
573,537,1251.37,628.97,63.6,101.03,0.9718,-1,-1,-1
573,474,146.76,715.71,84.6,134.33,0.9717,-1,-1,-1
573,429,1085.41,352.13,57.14,110.82,0.9714,-1,-1,-1
573,529,90.71,555.28,61.9,134.5,0.9707,-1,-1,-1
573,538,1686.07,443.13,52.48,104.34,0.9702,-1,-1,-1
573,536,1726.92,263.18,43.23,101.96,0.9698,-1,-1,-1
573,515,423.45,489.49,59.87,120.38,0.9693,-1,-1,-1
573,418,1141.84,644.67,46.98,126.15,0.9688,-1,-1,-1
573,487,686.46,271.04,40.84,98.25,0.9683,-1,-1,-1
573,479,905.33,246.19,37.78,90.37,0.9657,-1,-1,-1
573,518,175.12,464.18,49.45,130.12,0.9633,-1,-1,-1
573,539,1688.28,754.51,88.35,140.2,0.9612,-1,-1,-1
573,533,799.44,94.14,36.52,83.73,0.4502,-1,-1,-1
574,515,410.86,484.5,52.02,122.96,0.976,-1,-1,-1
574,426,1232.84,482.2,47.21,107.86,0.9753,-1,-1,-1
574,474,151.62,712.76,74.2,133.39,0.9748,-1,-1,-1
574,537,1234.86,629.11,64.06,104.8,0.9742,-1,-1,-1
574,534,1326.34,456.31,62.21,121.5,0.9742,-1,-1,-1
574,529,86.43,554.11,60.01,132.76,0.9741,-1,-1,-1
574,527,221.29,343.22,53.73,110.03,0.9739,-1,-1,-1
574,479,897.41,244.36,42.96,87.77,0.9734,-1,-1,-1
574,418,1134.11,642.26,42.71,126.31,0.9715,-1,-1,-1
574,422,679.28,455.37,60.12,105.62,0.9708,-1,-1,-1
574,536,1718.89,260.42,41.16,101.51,0.9702,-1,-1,-1
574,429,1076.23,351.02,52.5,110.23,0.9699,-1,-1,-1
574,538,1668.35,439.27,56.66,103.71,0.9694,-1,-1,-1
574,518,168.69,463.25,46.96,127.74,0.9634,-1,-1,-1
574,539,1672.54,752.57,81.28,150.65,0.9621,-1,-1,-1
574,487,675.91,265.66,36.8,100.74,0.962,-1,-1,-1
574,533,789.52,90.82,37.17,83.78,0.551,-1,-1,-1
575,529,84.33,550.63,60.03,133.16,0.9753,-1,-1,-1
575,515,400.75,480.24,49.12,122.36,0.9748,-1,-1,-1
575,426,1221.2,481.83,47.44,105.46,0.9744,-1,-1,-1
575,429,1067.08,347.69,48.91,110.75,0.9719,-1,-1,-1
575,527,208.04,343.47,57.96,108.6,0.9718,-1,-1,-1
575,518,162.49,460.46,42.95,128.39,0.971,-1,-1,-1
575,479,889.28,243.07,49.74,86.79,0.97,-1,-1,-1
575,537,1221.39,631.1,63.18,105.21,0.9698,-1,-1,-1
575,418,1124.58,639.6,40.71,122.63,0.9682,-1,-1,-1
575,536,1710.64,257.17,40.64,100.65,0.9681,-1,-1,-1
575,422,669.88,455.24,55.79,104.88,0.9671,-1,-1,-1
575,538,1649.52,435.43,61.05,106.95,0.9646,-1,-1,-1
575,539,1656.57,752.87,72.53,155.25,0.9618,-1,-1,-1
575,474,160.59,708.0,61.82,134.49,0.9582,-1,-1,-1
575,487,668.01,259.43,32.51,103.81,0.9231,-1,-1,-1
575,534,1313.74,457.31,60.77,119.72,0.9054,-1,-1,-1
576,515,390.5,477.85,48.53,121.06,0.9746,-1,-1,-1
576,518,157.17,458.42,40.42,127.35,0.9745,-1,-1,-1
576,534,1302.72,456.68,56.79,115.67,0.9745,-1,-1,-1
576,538,1628.89,431.3,68.75,107.69,0.974,-1,-1,-1
576,537,1211.85,631.89,61.12,99.81,0.9738,-1,-1,-1
576,529,83.86,547.23,58.34,133.04,0.9723,-1,-1,-1
576,426,1209.64,479.79,51.67,105.62,0.9723,-1,-1,-1
576,479,881.32,240.32,53.39,86.42,0.972,-1,-1,-1
576,527,195.09,343.7,61.91,107.15,0.9713,-1,-1,-1
576,418,1115.57,636.47,40.1,124.57,0.9694,-1,-1,-1
576,536,1702.54,254.65,40.58,100.38,0.9685,-1,-1,-1
576,422,661.75,454.74,50.5,101.48,0.9678,-1,-1,-1
576,429,1059.3,343.34,42.44,111.39,0.9658,-1,-1,-1
576,474,165.19,703.57,55.22,133.66,0.9644,-1,-1,-1
576,487,657.77,254.72,33.07,103.03,0.9595,-1,-1,-1
576,539,1640.21,754.97,63.15,153.62,0.9539,-1,-1,-1
577,515,380.02,476.36,48.11,119.09,0.9765,-1,-1,-1
577,538,1613.15,427.63,70.25,109.95,0.9761,-1,-1,-1
577,518,151.61,455.39,41.56,129.32,0.973,-1,-1,-1
577,422,653.45,450.87,47.81,100.46,0.9729,-1,-1,-1
577,534,1295.02,456.23,50.66,113.87,0.9713,-1,-1,-1
577,537,1203.05,630.66,61.78,100.18,0.9709,-1,-1,-1
577,474,157.59,700.32,62.08,134.68,0.9696,-1,-1,-1
577,479,874.66,238.14,53.7,84.9,0.9693,-1,-1,-1
577,536,1695.11,251.21,39.46,99.88,0.9691,-1,-1,-1
577,429,1050.91,341.48,39.19,110.05,0.969,-1,-1,-1
577,529,83.64,542.08,56.31,132.69,0.9688,-1,-1,-1
577,426,1195.62,476.75,57.07,111.98,0.9643,-1,-1,-1
577,418,1107.22,632.84,40.26,130.07,0.9609,-1,-1,-1
577,487,648.12,250.42,33.94,102.81,0.9523,-1,-1,-1
577,527,184.88,342.43,63.94,106.05,0.9316,-1,-1,-1
577,539,1632.2,755.37,49.83,146.84,0.9247,-1,-1,-1
578,474,151.96,696.7,69.02,133.79,0.9772,-1,-1,-1
578,534,1285.36,454.31,47.08,110.27,0.9768,-1,-1,-1
578,527,174.85,341.73,64.2,104.51,0.9765,-1,-1,-1
578,529,82.85,537.37,51.73,132.98,0.9728,-1,-1,-1
578,538,1599.58,423.56,70.49,111.76,0.9727,-1,-1,-1
578,515,362.82,474.97,54.98,118.89,0.9726,-1,-1,-1
578,422,646.44,446.26,44.41,100.72,0.9722,-1,-1,-1
578,418,1096.31,629.78,44.11,131.53,0.9721,-1,-1,-1
578,479,870.76,232.36,52.84,86.31,0.9714,-1,-1,-1
578,537,1197.89,629.47,57.3,104.13,0.9693,-1,-1,-1
578,429,1040.2,337.4,40.39,109.1,0.9689,-1,-1,-1
578,426,1184.93,474.21,56.33,113.66,0.9685,-1,-1,-1
578,539,1622.91,754.48,41.74,143.02,0.9681,-1,-1,-1
578,536,1687.99,246.99,38.59,100.55,0.9646,-1,-1,-1
578,487,639.23,246.66,33.68,101.07,0.9619,-1,-1,-1
578,518,146.26,450.62,45.03,132.7,0.9454,-1,-1,-1
579,474,151.91,696.71,69.01,133.77,0.9771,-1,-1,-1
579,534,1285.38,454.31,47.05,110.21,0.9769,-1,-1,-1
579,527,174.8,341.67,64.19,104.57,0.9764,-1,-1,-1
579,529,82.88,537.35,51.64,133.0,0.9728,-1,-1,-1
579,538,1599.64,423.55,70.44,111.74,0.9727,-1,-1,-1
579,515,362.82,474.98,54.94,118.87,0.9726,-1,-1,-1
579,422,646.44,446.23,44.3,100.67,0.9723,-1,-1,-1
579,418,1096.21,629.75,44.16,131.6,0.972,-1,-1,-1
579,479,870.83,232.37,52.76,86.3,0.9715,-1,-1,-1
579,429,1040.26,337.39,40.36,109.1,0.9691,-1,-1,-1
579,537,1197.83,629.47,57.4,104.24,0.9691,-1,-1,-1
579,426,1184.87,474.25,56.46,113.62,0.9685,-1,-1,-1
579,539,1622.68,754.49,41.93,142.95,0.9683,-1,-1,-1
579,536,1688.02,246.96,38.6,100.61,0.9647,-1,-1,-1
579,487,639.22,246.68,33.69,101.04,0.9619,-1,-1,-1
579,518,146.27,450.64,45.09,132.68,0.9462,-1,-1,-1
580,518,140.46,450.62,47.23,125.97,0.9776,-1,-1,-1
580,538,1589.32,421.95,67.88,109.86,0.9759,-1,-1,-1
580,422,632.87,441.61,46.66,105.4,0.9748,-1,-1,-1
580,527,166.23,339.59,64.26,104.84,0.9745,-1,-1,-1
580,515,345.8,474.36,61.86,118.01,0.9736,-1,-1,-1
580,474,147.99,693.61,78.94,131.71,0.9735,-1,-1,-1
580,479,868.06,226.74,49.72,86.72,0.9722,-1,-1,-1
580,529,81.49,534.19,49.39,131.64,0.9722,-1,-1,-1
580,534,1274.36,449.58,46.72,110.67,0.9722,-1,-1,-1
580,537,1184.27,628.83,57.63,109.88,0.9711,-1,-1,-1
580,539,1604.56,750.31,47.54,141.88,0.9704,-1,-1,-1
580,429,1031.11,333.35,39.68,109.67,0.9692,-1,-1,-1
580,418,1080.72,628.81,53.78,132.91,0.9683,-1,-1,-1
580,426,1166.82,472.15,58.26,115.39,0.9671,-1,-1,-1
580,536,1680.37,242.87,38.83,100.88,0.9657,-1,-1,-1
580,487,629.96,244.2,34.35,99.74,0.9486,-1,-1,-1
581,474,142.31,689.77,85.4,128.67,0.9831,-1,-1,-1
581,529,78.65,530.54,47.47,130.52,0.9762,-1,-1,-1
581,518,134.72,446.25,47.42,126.7,0.9755,-1,-1,-1
581,422,615.77,437.31,53.18,110.25,0.9745,-1,-1,-1
581,538,1581.25,418.57,61.91,107.07,0.9729,-1,-1,-1
581,527,159.56,335.64,62.41,104.66,0.9721,-1,-1,-1
581,418,1069.43,627.86,60.28,133.27,0.9721,-1,-1,-1
581,429,1020.04,328.75,40.64,110.16,0.971,-1,-1,-1
581,534,1261.03,444.19,48.5,111.55,0.9706,-1,-1,-1
581,479,867.77,220.37,44.62,88.13,0.9704,-1,-1,-1
581,515,330.51,473.97,68.81,114.72,0.969,-1,-1,-1
581,539,1581.16,747.06,62.85,140.82,0.969,-1,-1,-1
581,536,1673.62,239.34,37.91,99.58,0.9621,-1,-1,-1
581,426,1153.14,468.93,54.12,115.99,0.9613,-1,-1,-1
581,487,621.07,240.97,35.99,101.13,0.9537,-1,-1,-1
581,537,1168.03,628.39,60.67,112.15,0.9338,-1,-1,-1
582,474,136.76,685.09,86.74,127.49,0.9817,-1,-1,-1
582,518,129.0,441.87,46.3,127.24,0.9749,-1,-1,-1
582,537,1162.81,626.51,51.01,109.71,0.9742,-1,-1,-1
582,422,602.68,434.14,55.77,110.57,0.9735,-1,-1,-1
582,529,73.75,525.82,54.14,130.71,0.9733,-1,-1,-1
582,426,1142.86,469.03,47.62,111.75,0.9731,-1,-1,-1
582,538,1571.44,415.22,57.28,103.64,0.9728,-1,-1,-1
582,539,1561.34,744.67,72.27,145.27,0.9724,-1,-1,-1
582,527,153.33,331.04,60.42,104.08,0.9722,-1,-1,-1
582,429,1007.6,324.72,44.13,110.14,0.9712,-1,-1,-1
582,515,316.97,470.37,69.9,113.15,0.9711,-1,-1,-1
582,479,868.12,213.31,38.78,90.22,0.9699,-1,-1,-1
582,534,1239.51,439.7,58.42,112.69,0.9691,-1,-1,-1
582,536,1663.91,233.21,39.75,99.69,0.9663,-1,-1,-1
582,487,609.42,237.97,39.96,97.29,0.9619,-1,-1,-1
582,418,1056.47,624.81,69.26,128.96,0.9618,-1,-1,-1
583,537,1137.85,623.53,63.96,105.63,0.9776,-1,-1,-1
583,539,1542.46,743.46,81.35,145.8,0.9768,-1,-1,-1
583,518,123.36,437.15,46.09,127.62,0.9756,-1,-1,-1
583,474,135.73,678.52,85.21,129.89,0.9754,-1,-1,-1
583,426,1130.67,462.88,46.33,111.45,0.9749,-1,-1,-1
583,422,589.56,432.12,56.82,110.24,0.9744,-1,-1,-1
583,538,1560.86,410.52,53.84,103.62,0.9742,-1,-1,-1
583,429,992.55,318.88,49.8,111.03,0.9741,-1,-1,-1
583,529,66.15,521.9,62.93,130.45,0.9728,-1,-1,-1
583,534,1227.97,434.6,58.45,114.54,0.9725,-1,-1,-1
583,527,146.39,326.66,59.1,103.9,0.972,-1,-1,-1
583,515,306.01,466.25,70.45,113.85,0.9699,-1,-1,-1
583,536,1654.95,228.12,39.76,99.18,0.9688,-1,-1,-1
583,418,1039.78,622.54,78.87,125.75,0.965,-1,-1,-1
583,487,601.79,232.48,39.06,96.66,0.9624,-1,-1,-1
583,479,868.17,205.09,33.14,93.52,0.9598,-1,-1,-1
584,539,1530.69,740.63,74.42,148.09,0.9768,-1,-1,-1
584,426,1118.26,457.09,45.82,110.34,0.9759,-1,-1,-1
584,518,117.01,429.55,44.76,129.05,0.9757,-1,-1,-1
584,515,295.66,457.83,67.99,115.79,0.9753,-1,-1,-1
584,529,57.99,516.75,70.07,130.35,0.975,-1,-1,-1
584,418,1032.83,619.01,77.01,130.71,0.9746,-1,-1,-1
584,429,981.84,313.71,48.97,109.13,0.9739,-1,-1,-1
584,474,137.97,670.22,82.63,128.39,0.973,-1,-1,-1
584,422,579.74,429.36,54.49,109.05,0.9728,-1,-1,-1
584,538,1547.71,403.89,54.58,103.67,0.9727,-1,-1,-1
584,534,1214.89,429.66,59.34,116.98,0.9714,-1,-1,-1
584,536,1646.82,221.31,38.64,99.36,0.9669,-1,-1,-1
584,537,1128.8,620.28,62.63,108.4,0.9667,-1,-1,-1
584,487,590.73,227.6,42.12,93.66,0.9621,-1,-1,-1
584,479,865.5,198.29,28.89,93.05,0.9331,-1,-1,-1
584,527,138.9,320.0,56.61,103.08,0.933,-1,-1,-1
585,539,1530.53,740.67,74.57,148.09,0.9769,-1,-1,-1
585,426,1118.26,457.13,45.8,110.34,0.9758,-1,-1,-1
585,518,117.02,429.48,44.71,129.07,0.9756,-1,-1,-1
585,515,295.71,457.94,67.93,115.67,0.9753,-1,-1,-1
585,529,57.93,516.74,70.16,130.36,0.975,-1,-1,-1
585,418,1032.69,618.98,77.11,130.77,0.9745,-1,-1,-1
585,429,981.86,313.71,48.9,109.11,0.9739,-1,-1,-1
585,538,1547.71,403.88,54.58,103.72,0.9727,-1,-1,-1
585,422,579.52,429.29,54.57,109.3,0.9727,-1,-1,-1
585,474,137.99,670.25,82.45,128.34,0.9723,-1,-1,-1
585,534,1214.67,429.66,59.53,117.0,0.9712,-1,-1,-1
585,536,1646.79,221.32,38.64,99.35,0.9669,-1,-1,-1
585,537,1128.94,620.26,62.55,108.4,0.9665,-1,-1,-1
585,487,590.7,227.59,42.07,93.65,0.962,-1,-1,-1
585,527,138.92,320.04,56.75,103.01,0.9357,-1,-1,-1
585,479,865.47,198.33,28.94,93.04,0.9325,-1,-1,-1
586,429,971.94,308.68,48.18,108.03,0.9768,-1,-1,-1
586,474,144.6,664.12,75.98,126.72,0.9759,-1,-1,-1
586,527,131.32,313.98,56.19,103.57,0.9747,-1,-1,-1
586,422,570.82,426.28,51.2,106.48,0.9746,-1,-1,-1
586,426,1103.64,450.04,45.7,109.88,0.9744,-1,-1,-1
586,529,50.67,511.55,72.18,129.45,0.9735,-1,-1,-1
586,539,1518.09,739.12,65.95,143.7,0.9731,-1,-1,-1
586,518,111.23,423.83,44.6,128.88,0.9731,-1,-1,-1
586,534,1203.43,426.27,58.56,119.05,0.9731,-1,-1,-1
586,515,287.66,451.63,63.96,115.78,0.9722,-1,-1,-1
586,538,1535.11,396.02,55.49,103.06,0.9717,-1,-1,-1
586,418,1023.33,616.82,73.48,131.33,0.9702,-1,-1,-1
586,537,1115.48,616.15,65.14,114.28,0.9695,-1,-1,-1
586,536,1637.6,214.7,38.73,97.89,0.9626,-1,-1,-1
586,487,580.68,220.27,41.85,94.84,0.9626,-1,-1,-1
586,479,861.08,190.63,28.34,93.82,0.9448,-1,-1,-1
587,426,1087.94,443.15,48.5,116.6,0.9773,-1,-1,-1
587,422,561.58,420.3,48.45,105.04,0.9744,-1,-1,-1
587,429,963.38,301.76,46.08,109.37,0.9742,-1,-1,-1
587,538,1522.19,387.97,57.34,105.77,0.9738,-1,-1,-1
587,474,149.44,656.14,71.45,125.99,0.9715,-1,-1,-1
587,529,44.75,504.62,72.45,128.7,0.9713,-1,-1,-1
587,518,107.78,417.15,41.26,128.93,0.9711,-1,-1,-1
587,527,123.63,307.1,55.4,102.63,0.9703,-1,-1,-1
587,539,1507.07,735.36,50.49,136.63,0.9692,-1,-1,-1
587,537,1103.77,612.07,65.66,120.21,0.9684,-1,-1,-1
587,534,1196.84,423.36,52.2,115.25,0.9684,-1,-1,-1
587,515,280.68,444.28,59.82,116.56,0.9674,-1,-1,-1
587,536,1628.12,207.31,38.42,97.26,0.9635,-1,-1,-1
587,487,572.1,213.25,41.42,92.2,0.9633,-1,-1,-1
587,418,991.08,613.59,95.47,133.24,0.9564,-1,-1,-1
587,479,855.95,187.12,26.89,88.24,0.9159,-1,-1,-1
588,537,1089.22,609.68,72.08,121.18,0.9757,-1,-1,-1
588,534,1186.25,419.67,50.87,112.39,0.9747,-1,-1,-1
588,429,952.12,294.92,46.42,111.05,0.9744,-1,-1,-1
588,426,1065.63,435.96,55.41,124.57,0.9721,-1,-1,-1
588,422,553.03,413.52,46.31,103.4,0.9717,-1,-1,-1
588,518,103.5,410.27,39.43,128.12,0.9708,-1,-1,-1
588,538,1511.93,380.55,56.12,110.17,0.9708,-1,-1,-1
588,515,271.62,436.38,56.83,117.03,0.9696,-1,-1,-1
588,529,37.07,496.78,71.54,130.95,0.9691,-1,-1,-1
588,474,156.7,646.58,64.5,126.83,0.9668,-1,-1,-1
588,418,993.25,611.27,82.49,130.81,0.9664,-1,-1,-1
588,539,1491.34,728.86,44.41,138.39,0.9657,-1,-1,-1
588,527,114.46,298.76,56.25,103.8,0.9648,-1,-1,-1
588,536,1617.6,198.92,39.28,98.46,0.9646,-1,-1,-1
588,487,562.26,203.41,38.69,92.46,0.9593,-1,-1,-1
588,479,850.55,177.7,27.46,91.39,0.9495,-1,-1,-1
589,527,106.09,290.08,56.69,105.29,0.9762,-1,-1,-1
589,429,943.51,288.99,43.28,109.22,0.9748,-1,-1,-1
589,538,1501.68,373.37,55.87,111.76,0.9737,-1,-1,-1
589,426,1044.62,431.78,60.2,122.55,0.9727,-1,-1,-1
589,537,1079.46,606.63,84.22,118.48,0.9727,-1,-1,-1
589,515,263.44,429.44,54.29,115.97,0.9726,-1,-1,-1
589,474,153.79,636.26,66.51,129.14,0.9722,-1,-1,-1
589,529,32.82,489.01,68.47,131.6,0.9715,-1,-1,-1
589,539,1474.21,724.72,41.8,141.56,0.9712,-1,-1,-1
589,422,540.78,406.0,47.82,104.25,0.9709,-1,-1,-1
589,418,991.12,607.0,72.2,130.04,0.9705,-1,-1,-1
589,518,97.38,403.0,38.49,127.5,0.9692,-1,-1,-1
589,536,1608.88,191.39,38.36,98.0,0.9646,-1,-1,-1
589,479,843.41,171.44,32.99,91.8,0.9633,-1,-1,-1
589,487,551.39,193.64,36.14,93.42,0.9497,-1,-1,-1
589,534,1176.33,415.0,48.79,107.18,0.9437,-1,-1,-1
590,537,1069.56,606.18,90.13,110.97,0.9789,-1,-1,-1
590,534,1166.68,407.22,48.27,106.56,0.9766,-1,-1,-1
590,474,147.69,626.66,69.14,133.35,0.976,-1,-1,-1
590,418,994.22,601.73,61.29,130.58,0.9752,-1,-1,-1
590,527,98.02,283.99,59.23,106.31,0.9737,-1,-1,-1
590,479,834.18,167.29,41.61,87.22,0.9734,-1,-1,-1
590,529,31.78,480.6,59.8,129.73,0.9733,-1,-1,-1
590,515,252.98,423.14,53.06,115.4,0.9703,-1,-1,-1
590,429,933.75,281.1,41.96,110.51,0.9702,-1,-1,-1
590,426,1027.17,429.53,61.68,122.13,0.9702,-1,-1,-1
590,538,1491.29,367.28,54.51,113.04,0.9689,-1,-1,-1
590,422,524.56,398.7,54.49,105.69,0.9686,-1,-1,-1
590,539,1458.53,718.74,42.05,143.16,0.9683,-1,-1,-1
590,518,89.78,395.33,44.37,128.09,0.9677,-1,-1,-1
590,536,1602.14,182.95,35.36,99.34,0.947,-1,-1,-1
590,487,540.41,185.46,34.73,94.49,0.9237,-1,-1,-1
591,537,1069.5,605.99,90.17,111.26,0.9789,-1,-1,-1
591,534,1166.69,407.21,48.18,106.54,0.9766,-1,-1,-1
591,474,147.68,626.58,69.11,133.4,0.9759,-1,-1,-1
591,418,994.36,601.73,61.13,130.6,0.9751,-1,-1,-1
591,527,98.09,283.94,59.15,106.33,0.9736,-1,-1,-1
591,479,834.17,167.28,41.62,87.23,0.9734,-1,-1,-1
591,529,31.77,480.64,59.81,129.73,0.9733,-1,-1,-1
591,515,252.97,423.08,52.94,115.41,0.9705,-1,-1,-1
591,429,933.7,281.08,42.0,110.56,0.9703,-1,-1,-1
591,426,1026.99,429.49,61.94,122.24,0.9702,-1,-1,-1
591,538,1491.39,367.28,54.43,113.05,0.9691,-1,-1,-1
591,422,524.58,398.7,54.51,105.76,0.9684,-1,-1,-1
591,539,1458.43,718.74,42.2,143.45,0.9682,-1,-1,-1
591,518,89.82,395.32,44.46,128.1,0.9676,-1,-1,-1
591,536,1602.21,182.96,35.29,99.34,0.9468,-1,-1,-1
591,487,540.3,185.49,34.88,94.45,0.9234,-1,-1,-1
591,541,1878.07,707.31,40.02,108.61,0.8448,-1,-1,-1
592,537,1060.55,604.67,91.94,111.56,0.9766,-1,-1,-1
592,418,985.89,598.21,60.53,127.51,0.9746,-1,-1,-1
592,529,32.43,473.5,50.02,129.06,0.9746,-1,-1,-1
592,539,1437.11,715.33,45.47,145.87,0.9745,-1,-1,-1
592,534,1155.46,398.5,49.83,109.43,0.9737,-1,-1,-1
592,474,143.14,617.68,72.47,136.11,0.9728,-1,-1,-1
592,479,824.62,159.92,48.33,86.38,0.9725,-1,-1,-1
592,538,1477.11,361.79,57.07,110.57,0.9725,-1,-1,-1
592,518,82.57,388.08,45.29,130.01,0.9721,-1,-1,-1
592,515,243.37,416.63,51.71,115.51,0.972,-1,-1,-1
592,429,922.54,273.02,42.19,110.84,0.9717,-1,-1,-1
592,426,1009.48,426.84,63.89,119.13,0.9694,-1,-1,-1
592,422,513.4,393.09,54.64,111.54,0.9687,-1,-1,-1
592,527,90.21,276.5,59.38,107.16,0.9687,-1,-1,-1
592,487,530.09,176.61,33.86,94.88,0.9528,-1,-1,-1
592,536,1590.58,175.35,36.45,99.29,0.948,-1,-1,-1
592,541,1853.64,703.15,66.24,116.28,0.9396,-1,-1,-1
593,534,1144.48,390.23,49.24,113.23,0.9758,-1,-1,-1
593,515,232.2,411.01,51.39,116.29,0.9748,-1,-1,-1
593,426,992.22,425.63,68.89,112.95,0.9741,-1,-1,-1
593,474,138.96,610.25,76.28,134.59,0.973,-1,-1,-1
593,418,972.11,595.29,64.47,125.55,0.9722,-1,-1,-1
593,527,82.84,270.01,59.19,108.2,0.9716,-1,-1,-1
593,422,505.07,388.17,52.44,113.75,0.9714,-1,-1,-1
593,429,910.13,266.81,43.14,109.27,0.9698,-1,-1,-1
593,538,1464.88,356.75,58.35,110.19,0.9685,-1,-1,-1
593,479,814.28,155.3,52.75,84.43,0.9682,-1,-1,-1
593,529,29.56,465.51,46.34,130.77,0.9677,-1,-1,-1
593,537,1050.49,601.83,94.55,111.66,0.9654,-1,-1,-1
593,539,1419.16,711.29,43.67,149.56,0.9641,-1,-1,-1
593,541,1823.78,694.89,94.02,119.72,0.9639,-1,-1,-1
593,518,73.57,381.62,50.15,130.86,0.9615,-1,-1,-1
593,536,1579.3,168.57,37.51,98.71,0.9599,-1,-1,-1
593,487,519.16,167.37,33.49,96.23,0.9544,-1,-1,-1
594,474,138.41,606.15,74.79,131.93,0.9811,-1,-1,-1
594,422,496.23,385.53,48.67,111.51,0.9766,-1,-1,-1
594,534,1135.05,383.06,47.42,119.74,0.9755,-1,-1,-1
594,515,219.67,405.84,50.93,117.3,0.974,-1,-1,-1
594,418,959.76,593.72,66.49,127.68,0.9739,-1,-1,-1
594,538,1453.99,350.65,56.35,108.5,0.9729,-1,-1,-1
594,527,76.66,264.99,57.51,106.46,0.9723,-1,-1,-1
594,539,1402.97,708.75,38.77,144.41,0.9717,-1,-1,-1
594,426,981.08,421.57,62.94,109.19,0.968,-1,-1,-1
594,479,804.91,146.6,53.27,86.37,0.967,-1,-1,-1
594,429,899.46,259.85,43.14,109.49,0.9666,-1,-1,-1
594,537,1043.39,600.99,92.12,113.87,0.9657,-1,-1,-1
594,518,64.9,375.78,54.23,129.13,0.9651,-1,-1,-1
594,541,1797.71,690.47,95.17,123.12,0.9605,-1,-1,-1
594,529,24.59,460.43,39.23,128.94,0.9584,-1,-1,-1
594,487,507.31,160.86,33.9,95.23,0.9577,-1,-1,-1
594,536,1568.04,160.88,37.2,99.93,0.9556,-1,-1,-1
595,534,1122.79,378.01,46.66,120.03,0.9773,-1,-1,-1
595,422,485.31,383.01,47.24,109.76,0.9755,-1,-1,-1
595,474,138.73,601.58,66.13,132.27,0.9754,-1,-1,-1
595,515,207.39,401.25,51.02,115.22,0.9744,-1,-1,-1
595,538,1445.52,344.59,51.55,107.94,0.9734,-1,-1,-1
595,418,945.53,592.91,71.05,126.64,0.9728,-1,-1,-1
595,539,1383.71,703.34,39.12,142.8,0.9718,-1,-1,-1
595,541,1770.94,684.19,93.97,130.93,0.9714,-1,-1,-1
595,529,14.22,452.97,42.22,132.03,0.9698,-1,-1,-1
595,527,70.41,259.66,54.91,106.32,0.969,-1,-1,-1
595,479,796.62,141.04,50.99,84.39,0.9684,-1,-1,-1
595,426,969.6,414.35,59.27,108.85,0.9672,-1,-1,-1
595,429,885.25,254.13,45.0,108.52,0.9669,-1,-1,-1
595,518,54.86,370.59,56.59,127.61,0.9644,-1,-1,-1
595,487,493.6,154.41,35.12,93.94,0.9578,-1,-1,-1
595,536,1557.62,153.72,36.2,98.89,0.9508,-1,-1,-1
595,537,1028.97,600.93,97.8,117.39,0.9482,-1,-1,-1
596,538,1433.67,338.11,49.32,105.91,0.9762,-1,-1,-1
596,422,473.0,379.79,45.64,107.07,0.9738,-1,-1,-1
596,527,61.01,252.74,54.54,105.28,0.9728,-1,-1,-1
596,426,948.38,409.31,65.22,111.18,0.9728,-1,-1,-1
596,541,1746.91,679.52,73.22,132.96,0.9726,-1,-1,-1
596,479,789.01,132.78,48.52,86.71,0.9725,-1,-1,-1
596,534,1107.62,373.61,48.7,121.41,0.9715,-1,-1,-1
596,515,193.64,395.87,51.69,116.28,0.9714,-1,-1,-1
596,529,4.83,447.51,46.93,132.6,0.9696,-1,-1,-1
596,539,1362.59,695.35,42.1,143.92,0.9696,-1,-1,-1
596,429,874.55,247.1,43.89,110.38,0.9689,-1,-1,-1
596,418,932.18,589.84,74.39,123.88,0.9674,-1,-1,-1
596,474,140.94,596.44,56.85,129.9,0.9648,-1,-1,-1
596,518,42.02,366.07,61.74,127.4,0.9634,-1,-1,-1
596,537,1012.84,604.11,99.55,105.3,0.9615,-1,-1,-1
596,536,1545.18,147.31,35.85,99.06,0.9576,-1,-1,-1
596,487,479.43,148.97,35.22,93.37,0.9563,-1,-1,-1
597,538,1433.68,338.1,49.31,105.94,0.9761,-1,-1,-1
597,422,473.0,379.8,45.62,107.03,0.9739,-1,-1,-1
597,541,1746.86,679.53,73.44,132.93,0.9728,-1,-1,-1
597,527,60.96,252.72,54.59,105.28,0.9728,-1,-1,-1
597,426,948.44,409.33,65.16,111.23,0.9727,-1,-1,-1
597,479,789.0,132.81,48.59,86.76,0.9725,-1,-1,-1
597,534,1107.61,373.61,48.72,121.44,0.9715,-1,-1,-1
597,515,193.63,395.87,51.71,116.26,0.9714,-1,-1,-1
597,539,1362.57,695.34,42.13,143.93,0.9695,-1,-1,-1
597,529,4.82,447.55,46.95,132.59,0.9695,-1,-1,-1
597,429,874.47,247.09,43.97,110.33,0.969,-1,-1,-1
597,418,932.21,589.83,74.34,123.85,0.9675,-1,-1,-1
597,474,140.96,596.46,56.83,129.85,0.9648,-1,-1,-1
597,518,42.02,366.04,61.69,127.48,0.9633,-1,-1,-1
597,537,1012.8,604.15,99.64,105.21,0.9617,-1,-1,-1
597,536,1545.15,147.33,35.94,99.07,0.9576,-1,-1,-1
597,487,479.4,148.95,35.22,93.51,0.9554,-1,-1,-1
598,527,56.43,245.46,49.61,105.67,0.9746,-1,-1,-1
598,474,143.24,593.25,46.02,126.06,0.9745,-1,-1,-1
598,422,460.43,373.19,45.04,106.66,0.9737,-1,-1,-1
598,538,1419.63,330.67,47.74,108.36,0.9728,-1,-1,-1
598,534,1092.2,370.79,50.3,120.56,0.9726,-1,-1,-1
598,418,920.77,584.47,77.67,122.67,0.9719,-1,-1,-1
598,541,1721.86,674.35,63.27,128.76,0.9719,-1,-1,-1
598,426,928.23,404.3,69.61,118.26,0.9713,-1,-1,-1
598,429,860.47,242.15,44.67,108.97,0.9712,-1,-1,-1
598,515,180.85,390.57,51.32,116.33,0.9702,-1,-1,-1
598,539,1342.94,687.53,42.9,142.68,0.9696,-1,-1,-1
598,518,29.99,360.2,63.76,130.19,0.9694,-1,-1,-1
598,537,1000.09,601.64,95.85,101.03,0.9676,-1,-1,-1
598,529,0.12,442.27,44.77,133.51,0.963,-1,-1,-1
598,479,782.97,125.28,44.18,87.39,0.9628,-1,-1,-1
598,487,464.26,143.58,36.5,91.58,0.9583,-1,-1,-1
598,536,1531.52,141.01,36.24,97.11,0.9535,-1,-1,-1
599,418,907.24,576.62,84.15,126.01,0.9796,-1,-1,-1
599,537,987.73,603.49,93.73,100.55,0.9786,-1,-1,-1
599,422,447.3,366.35,45.41,107.91,0.9738,-1,-1,-1
599,538,1405.71,324.83,47.48,111.41,0.9732,-1,-1,-1
599,534,1076.95,369.08,51.01,117.3,0.973,-1,-1,-1
599,474,140.13,585.56,43.78,125.63,0.9727,-1,-1,-1
599,527,47.01,238.17,48.19,107.42,0.9723,-1,-1,-1
599,429,845.65,236.23,47.02,109.84,0.9721,-1,-1,-1
599,426,910.65,399.75,71.2,119.59,0.9701,-1,-1,-1
599,479,776.85,119.85,41.1,85.31,0.9656,-1,-1,-1
599,518,20.83,355.37,62.74,130.04,0.9639,-1,-1,-1
599,529,0.0,439.73,37.71,130.89,0.9593,-1,-1,-1
599,536,1517.72,134.26,37.01,98.06,0.9581,-1,-1,-1
599,487,449.81,139.19,36.28,89.01,0.9521,-1,-1,-1
599,539,1322.77,682.57,42.94,143.82,0.9484,-1,-1,-1
599,515,167.03,385.49,51.73,115.26,0.9448,-1,-1,-1
599,541,1686.71,666.18,82.61,131.28,0.9201,-1,-1,-1
600,537,972.2,603.47,89.05,101.53,0.9824,-1,-1,-1
600,418,893.93,572.84,91.52,128.45,0.9764,-1,-1,-1
600,534,1061.75,365.66,52.07,115.58,0.9757,-1,-1,-1
600,474,129.27,580.52,48.3,125.69,0.9745,-1,-1,-1
600,426,893.11,399.85,72.42,118.61,0.9736,-1,-1,-1
600,538,1389.95,320.22,48.05,113.01,0.9732,-1,-1,-1
600,527,33.68,233.54,50.32,110.27,0.9721,-1,-1,-1
600,515,152.19,381.65,52.16,113.67,0.9719,-1,-1,-1
600,422,434.75,361.28,44.45,107.83,0.9715,-1,-1,-1
600,539,1301.64,680.19,44.88,145.56,0.9686,-1,-1,-1
600,541,1652.98,662.81,94.76,125.83,0.9661,-1,-1,-1
600,429,832.16,232.58,45.39,110.14,0.9656,-1,-1,-1
600,536,1502.15,129.6,39.02,97.17,0.9655,-1,-1,-1
600,518,9.37,349.9,59.99,129.42,0.963,-1,-1,-1
600,479,770.78,114.18,36.54,88.15,0.9579,-1,-1,-1
600,487,435.85,135.8,35.61,86.86,0.9528,-1,-1,-1
600,529,0.01,432.54,29.4,133.76,0.863,-1,-1,-1
601,537,957.94,603.4,95.04,101.9,0.9785,-1,-1,-1
601,534,1047.14,364.01,52.77,112.31,0.9767,-1,-1,-1
601,418,887.99,570.15,90.21,124.65,0.9766,-1,-1,-1
601,515,138.03,378.72,51.42,113.16,0.9762,-1,-1,-1
601,538,1374.21,317.15,47.62,113.61,0.9749,-1,-1,-1
601,422,421.36,359.93,43.11,111.86,0.9728,-1,-1,-1
601,426,875.84,402.08,70.7,116.54,0.9708,-1,-1,-1
601,527,22.81,229.31,49.59,113.49,0.9676,-1,-1,-1
601,474,117.03,575.0,54.78,129.9,0.9654,-1,-1,-1
601,536,1486.77,126.17,40.77,97.25,0.9644,-1,-1,-1
601,429,818.56,229.93,44.16,108.5,0.963,-1,-1,-1
601,539,1276.9,678.41,60.51,151.24,0.9588,-1,-1,-1
601,487,419.34,132.02,36.5,87.19,0.9556,-1,-1,-1
601,518,0.5,347.69,53.86,127.87,0.9476,-1,-1,-1
601,541,1615.14,660.42,101.74,129.94,0.9423,-1,-1,-1
601,479,762.69,111.76,35.76,85.83,0.935,-1,-1,-1
602,537,943.68,603.78,94.07,100.8,0.9769,-1,-1,-1
602,426,862.55,407.65,65.74,107.35,0.9755,-1,-1,-1
602,538,1358.68,315.97,48.21,115.0,0.9745,-1,-1,-1
602,534,1033.55,361.67,52.55,112.52,0.9736,-1,-1,-1
602,418,884.9,567.13,89.76,125.35,0.9722,-1,-1,-1
602,474,103.46,571.58,68.44,133.43,0.9708,-1,-1,-1
602,422,408.4,358.1,42.51,114.19,0.9699,-1,-1,-1
602,527,10.08,228.35,50.81,112.44,0.9683,-1,-1,-1
602,539,1252.64,679.67,71.26,152.14,0.9662,-1,-1,-1
602,515,122.21,377.06,52.13,113.96,0.9659,-1,-1,-1
602,429,803.08,228.65,42.99,109.06,0.9654,-1,-1,-1
602,536,1471.46,124.22,41.67,96.24,0.9633,-1,-1,-1
602,541,1588.6,657.97,83.9,134.74,0.9619,-1,-1,-1
602,487,404.5,129.58,36.86,86.84,0.9573,-1,-1,-1
602,518,0.29,346.98,38.89,132.91,0.9484,-1,-1,-1
602,479,749.53,110.35,37.54,85.32,0.9483,-1,-1,-1
602,542,1897.3,154.78,22.32,101.34,0.7752,-1,-1,-1
603,537,943.66,603.69,94.1,100.92,0.9771,-1,-1,-1
603,426,862.58,407.67,65.8,107.32,0.9755,-1,-1,-1
603,538,1358.67,316.11,48.21,114.89,0.9744,-1,-1,-1
603,534,1033.44,361.67,52.63,112.5,0.9736,-1,-1,-1
603,418,884.92,567.16,89.74,125.28,0.9721,-1,-1,-1
603,474,103.61,571.53,68.41,133.44,0.9709,-1,-1,-1
603,422,408.4,358.05,42.56,114.27,0.97,-1,-1,-1
603,527,10.17,228.34,50.7,112.45,0.9683,-1,-1,-1
603,515,122.19,377.04,52.12,113.96,0.9661,-1,-1,-1
603,539,1252.73,679.66,71.05,152.12,0.9658,-1,-1,-1
603,429,803.24,228.67,42.78,109.07,0.9646,-1,-1,-1
603,536,1471.41,124.18,41.73,96.32,0.9632,-1,-1,-1
603,541,1588.55,657.92,84.18,134.83,0.9632,-1,-1,-1
603,487,404.5,129.58,36.86,86.76,0.9572,-1,-1,-1
603,479,749.6,110.36,37.44,85.35,0.9477,-1,-1,-1
603,518,0.3,346.98,38.93,133.7,0.9475,-1,-1,-1
603,542,1897.32,154.56,22.28,101.23,0.7827,-1,-1,-1
604,426,847.53,408.86,63.5,105.41,0.9785,-1,-1,-1
604,534,1020.36,360.51,51.63,111.84,0.9754,-1,-1,-1
604,418,881.27,564.79,90.56,126.81,0.9746,-1,-1,-1
604,422,395.06,360.05,42.04,113.52,0.9725,-1,-1,-1
604,515,108.76,377.45,50.12,114.61,0.9709,-1,-1,-1
604,474,91.28,570.12,72.67,137.06,0.9703,-1,-1,-1
604,429,788.51,228.12,43.89,108.45,0.969,-1,-1,-1
604,527,1.3,229.0,46.57,113.87,0.9674,-1,-1,-1
604,537,935.46,601.56,98.35,107.26,0.9661,-1,-1,-1
604,539,1226.77,681.51,84.77,147.78,0.9646,-1,-1,-1
604,536,1456.14,123.02,40.73,96.17,0.9633,-1,-1,-1
604,538,1343.35,317.93,48.71,112.42,0.9628,-1,-1,-1
604,479,735.13,109.64,39.1,84.66,0.9621,-1,-1,-1
604,541,1559.71,658.32,69.08,133.9,0.9601,-1,-1,-1
604,542,1880.87,149.79,37.82,103.05,0.9561,-1,-1,-1
604,487,389.02,126.65,36.52,87.62,0.9502,-1,-1,-1
604,518,0.26,344.54,22.91,115.91,0.6536,-1,-1,-1
605,474,80.22,571.77,70.48,136.41,0.9743,-1,-1,-1
605,538,1326.02,320.26,50.62,110.97,0.9731,-1,-1,-1
605,541,1524.11,657.96,61.67,134.06,0.9731,-1,-1,-1
605,422,380.97,362.27,42.47,113.95,0.9719,-1,-1,-1
605,515,92.74,378.2,50.22,116.71,0.9711,-1,-1,-1
605,418,875.86,565.29,91.39,125.43,0.9707,-1,-1,-1
605,426,832.95,409.5,62.43,103.64,0.9695,-1,-1,-1
605,429,773.25,227.48,43.54,108.75,0.9678,-1,-1,-1
605,542,1864.76,151.17,42.34,101.3,0.9662,-1,-1,-1
605,536,1439.22,123.34,41.56,95.28,0.9647,-1,-1,-1
605,534,1007.52,360.43,50.88,115.27,0.9638,-1,-1,-1
605,487,372.85,124.31,38.6,88.37,0.9626,-1,-1,-1
605,479,720.08,111.43,44.64,81.53,0.9615,-1,-1,-1
605,539,1195.13,683.61,99.62,144.91,0.9598,-1,-1,-1
605,527,0.49,232.29,33.97,110.86,0.9471,-1,-1,-1
605,537,929.4,600.52,101.92,112.47,0.9241,-1,-1,-1
606,541,1492.12,656.6,72.28,134.81,0.9769,-1,-1,-1
606,474,75.39,576.25,63.37,132.42,0.9764,-1,-1,-1
606,515,78.27,380.42,49.45,117.39,0.974,-1,-1,-1
606,534,995.25,360.41,49.48,120.19,0.9729,-1,-1,-1
606,418,862.75,566.62,94.41,124.41,0.9728,-1,-1,-1
606,422,366.35,366.57,42.56,112.17,0.9724,-1,-1,-1
606,426,819.68,410.99,60.6,110.18,0.9712,-1,-1,-1
606,538,1308.86,321.63,53.72,107.32,0.9703,-1,-1,-1
606,479,706.09,110.6,47.01,82.64,0.969,-1,-1,-1
606,536,1421.73,122.75,42.54,95.22,0.9635,-1,-1,-1
606,487,357.07,121.42,38.36,90.46,0.9603,-1,-1,-1
606,429,760.46,227.62,41.4,108.54,0.9601,-1,-1,-1
606,542,1847.9,153.22,46.84,98.94,0.9573,-1,-1,-1
606,537,923.16,601.36,107.53,108.67,0.9422,-1,-1,-1
606,539,1169.9,687.45,96.8,142.58,0.9357,-1,-1,-1
606,527,0.29,231.13,19.56,94.06,0.7578,-1,-1,-1
607,474,70.35,579.56,62.35,129.12,0.9759,-1,-1,-1
607,541,1456.76,657.57,87.91,138.91,0.9746,-1,-1,-1
607,537,925.26,608.72,96.45,103.9,0.9736,-1,-1,-1
607,542,1831.5,153.46,47.79,98.58,0.9727,-1,-1,-1
607,534,983.86,363.13,47.52,122.16,0.9726,-1,-1,-1
607,538,1296.61,321.65,53.08,106.77,0.9718,-1,-1,-1
607,515,62.43,382.51,49.39,117.62,0.9715,-1,-1,-1
607,418,854.99,568.37,97.1,122.78,0.9713,-1,-1,-1
607,422,352.81,369.13,42.46,110.01,0.9702,-1,-1,-1
607,479,695.63,113.15,43.99,79.63,0.9689,-1,-1,-1
607,536,1406.23,122.69,42.93,95.02,0.9642,-1,-1,-1
607,539,1151.17,694.4,102.68,135.31,0.9641,-1,-1,-1
607,429,745.18,227.63,42.42,107.31,0.9629,-1,-1,-1
607,426,809.33,413.27,57.73,111.31,0.9627,-1,-1,-1
607,487,341.83,119.71,36.65,91.76,0.9558,-1,-1,-1
608,537,929.16,609.0,88.26,104.03,0.9838,-1,-1,-1
608,418,849.16,570.26,99.23,126.39,0.9772,-1,-1,-1
608,534,970.65,366.68,47.75,122.06,0.975,-1,-1,-1
608,542,1814.51,154.55,50.94,98.77,0.973,-1,-1,-1
608,538,1285.47,321.82,51.07,107.23,0.9724,-1,-1,-1
608,426,798.73,415.32,55.8,115.41,0.9712,-1,-1,-1
608,474,63.23,582.68,63.91,126.15,0.9699,-1,-1,-1
608,422,341.07,370.43,42.06,108.95,0.9696,-1,-1,-1
608,429,731.46,227.98,42.16,108.06,0.9682,-1,-1,-1
608,536,1392.83,122.65,41.97,94.81,0.9629,-1,-1,-1
608,541,1423.68,660.94,89.81,138.51,0.9626,-1,-1,-1
608,479,687.84,113.8,41.71,79.25,0.9585,-1,-1,-1
608,487,326.93,120.45,35.21,91.51,0.9579,-1,-1,-1
608,515,48.83,385.4,48.91,116.62,0.951,-1,-1,-1
608,544,1888.36,330.98,31.64,117.85,0.925,-1,-1,-1
608,539,1134.2,697.41,95.22,133.24,0.9225,-1,-1,-1
609,537,929.15,608.93,88.25,104.1,0.9839,-1,-1,-1
609,418,850.61,571.84,98.11,126.82,0.9772,-1,-1,-1
609,534,970.57,366.67,47.83,122.07,0.9751,-1,-1,-1
609,542,1814.53,154.54,50.86,98.77,0.973,-1,-1,-1
609,538,1285.51,321.81,51.03,107.22,0.9724,-1,-1,-1
609,426,798.68,415.26,55.83,115.44,0.9712,-1,-1,-1
609,474,63.3,582.69,63.86,126.04,0.9698,-1,-1,-1
609,422,341.08,370.4,42.08,108.99,0.9696,-1,-1,-1
609,429,731.5,227.97,42.07,108.03,0.9682,-1,-1,-1
609,541,1423.76,661.13,90.48,138.24,0.9645,-1,-1,-1
609,536,1392.8,122.65,41.95,94.8,0.9629,-1,-1,-1
609,479,687.78,113.75,41.79,79.29,0.9591,-1,-1,-1
609,487,326.92,120.42,35.2,91.54,0.958,-1,-1,-1
609,515,48.84,385.41,48.87,116.64,0.9506,-1,-1,-1
609,544,1888.21,330.7,31.79,118.18,0.9248,-1,-1,-1
609,539,1134.13,697.37,95.11,133.2,0.919,-1,-1,-1
610,537,921.21,610.03,96.44,101.42,0.9816,-1,-1,-1
610,418,856.95,573.15,86.01,127.78,0.9802,-1,-1,-1
610,534,956.74,371.62,48.55,117.21,0.9741,-1,-1,-1
610,474,51.97,583.35,70.52,125.44,0.9722,-1,-1,-1
610,426,784.97,420.45,56.38,114.39,0.9721,-1,-1,-1
610,538,1273.89,322.15,50.98,110.76,0.972,-1,-1,-1
610,515,34.16,386.99,48.31,116.02,0.971,-1,-1,-1
610,422,328.39,370.34,42.81,110.39,0.97,-1,-1,-1
610,541,1394.83,667.39,79.36,134.8,0.9691,-1,-1,-1
610,429,717.38,229.02,42.8,107.36,0.9674,-1,-1,-1
610,536,1381.04,123.07,39.74,94.4,0.9634,-1,-1,-1
610,542,1799.89,154.1,52.14,100.56,0.9614,-1,-1,-1
610,479,680.68,113.38,38.97,80.04,0.9613,-1,-1,-1
610,544,1872.04,328.24,46.31,119.11,0.958,-1,-1,-1
610,487,311.87,120.12,34.88,91.43,0.9516,-1,-1,-1
610,539,1101.29,699.83,98.07,129.28,0.9405,-1,-1,-1
611,474,43.6,583.19,67.89,130.89,0.9767,-1,-1,-1
611,426,770.32,426.05,58.14,110.39,0.9758,-1,-1,-1
611,534,944.29,374.64,48.38,113.85,0.9753,-1,-1,-1
611,538,1260.36,322.1,52.66,113.93,0.9714,-1,-1,-1
611,418,870.67,577.04,68.93,121.16,0.971,-1,-1,-1
611,422,315.74,370.71,44.19,110.85,0.9709,-1,-1,-1
611,544,1854.46,331.37,47.96,117.4,0.9702,-1,-1,-1
611,515,20.85,388.56,47.53,114.72,0.9699,-1,-1,-1
611,542,1788.58,155.96,50.15,100.05,0.9696,-1,-1,-1
611,429,704.52,229.3,41.95,107.67,0.9663,-1,-1,-1
611,537,914.03,608.36,106.03,102.73,0.9638,-1,-1,-1
611,541,1374.05,674.08,54.75,135.01,0.9628,-1,-1,-1
611,536,1370.93,122.25,35.95,95.69,0.9521,-1,-1,-1
611,487,297.13,119.92,34.05,90.92,0.9508,-1,-1,-1
611,539,1062.92,700.28,102.75,129.9,0.9498,-1,-1,-1
611,479,675.6,114.84,33.32,79.41,0.9478,-1,-1,-1
612,426,756.39,429.8,60.95,106.71,0.9779,-1,-1,-1
612,474,34.67,581.65,65.52,139.13,0.9755,-1,-1,-1
612,544,1840.64,332.29,47.23,117.95,0.9746,-1,-1,-1
612,534,932.82,376.93,46.05,113.37,0.9744,-1,-1,-1
612,515,9.31,387.86,44.82,116.35,0.9716,-1,-1,-1
612,422,303.6,371.16,44.35,118.49,0.9713,-1,-1,-1
612,538,1247.68,323.21,54.15,115.0,0.9713,-1,-1,-1
612,539,1050.58,699.5,95.65,129.67,0.9698,-1,-1,-1
612,429,693.31,230.53,40.64,107.15,0.9652,-1,-1,-1
612,418,860.46,580.63,77.6,114.78,0.9648,-1,-1,-1
612,541,1341.75,682.21,50.93,140.5,0.955,-1,-1,-1
612,542,1776.33,155.46,49.04,99.98,0.9539,-1,-1,-1
612,536,1359.7,121.75,33.65,95.91,0.9531,-1,-1,-1
612,479,664.4,116.49,34.89,77.7,0.9422,-1,-1,-1
612,487,282.04,119.13,34.37,92.38,0.9386,-1,-1,-1
612,537,912.95,610.01,108.62,108.62,0.936,-1,-1,-1
613,418,847.69,576.92,93.14,121.27,0.9818,-1,-1,-1
613,539,1050.52,698.92,75.33,132.08,0.9778,-1,-1,-1
613,534,919.76,377.1,48.69,112.26,0.9766,-1,-1,-1
613,474,25.98,582.46,66.29,137.97,0.9752,-1,-1,-1
613,426,744.41,430.56,63.45,106.9,0.9743,-1,-1,-1
613,544,1825.91,333.9,47.3,115.92,0.9721,-1,-1,-1
613,538,1237.0,324.99,52.86,114.91,0.972,-1,-1,-1
613,542,1762.1,155.4,49.81,99.77,0.9688,-1,-1,-1
613,541,1303.62,687.26,68.8,135.94,0.968,-1,-1,-1
613,429,681.48,230.47,40.33,107.17,0.9671,-1,-1,-1
613,422,292.67,373.29,43.63,120.57,0.9667,-1,-1,-1
613,479,652.19,111.75,41.12,82.74,0.9637,-1,-1,-1
613,515,0.64,387.45,39.83,116.52,0.9612,-1,-1,-1
613,487,268.1,119.82,34.34,91.3,0.9523,-1,-1,-1
613,536,1348.58,121.31,32.78,96.58,0.9516,-1,-1,-1
613,537,918.49,611.81,107.15,112.63,0.9082,-1,-1,-1
614,418,843.99,578.32,98.13,118.9,0.9813,-1,-1,-1
614,547,1852.51,298.6,46.66,118.16,0.9767,-1,-1,-1
614,474,18.66,583.48,66.33,139.89,0.9762,-1,-1,-1
614,534,906.64,376.31,52.05,113.59,0.9748,-1,-1,-1
614,544,1811.44,336.02,45.5,115.53,0.9745,-1,-1,-1
614,422,281.51,376.53,43.81,120.48,0.9734,-1,-1,-1
614,538,1228.71,327.87,49.77,113.07,0.9728,-1,-1,-1
614,426,734.93,430.8,64.05,106.57,0.9714,-1,-1,-1
614,479,641.49,109.9,42.93,85.65,0.9709,-1,-1,-1
614,539,1052.36,701.04,57.69,128.37,0.9695,-1,-1,-1
614,429,669.86,231.61,39.92,108.33,0.9665,-1,-1,-1
614,541,1259.96,690.9,96.91,132.53,0.9664,-1,-1,-1
614,537,930.4,614.47,91.61,115.01,0.9561,-1,-1,-1
614,487,255.13,119.36,34.39,91.7,0.9524,-1,-1,-1
614,536,1337.62,121.34,31.53,96.62,0.951,-1,-1,-1
614,542,1751.54,155.34,48.33,99.64,0.9427,-1,-1,-1
614,515,0.33,388.76,26.71,118.5,0.9111,-1,-1,-1
615,418,844.05,578.34,98.1,118.83,0.9813,-1,-1,-1
615,547,1852.46,298.64,46.77,118.14,0.9767,-1,-1,-1
615,474,18.67,583.46,66.33,139.91,0.9762,-1,-1,-1
615,534,906.64,376.33,52.02,113.59,0.9748,-1,-1,-1
615,544,1811.46,336.04,45.46,115.57,0.9745,-1,-1,-1
615,422,281.46,376.55,43.86,120.46,0.9736,-1,-1,-1
615,538,1228.7,327.86,49.8,113.04,0.9729,-1,-1,-1
615,426,734.99,430.83,64.02,106.5,0.9712,-1,-1,-1
615,479,641.46,109.82,43.01,85.68,0.9711,-1,-1,-1
615,539,1052.33,701.03,57.72,128.32,0.9696,-1,-1,-1
615,429,669.94,231.61,39.86,108.31,0.9666,-1,-1,-1
615,541,1259.94,690.88,96.8,132.51,0.9662,-1,-1,-1
615,537,930.54,614.57,91.5,114.93,0.9551,-1,-1,-1
615,487,255.1,119.34,34.42,91.7,0.9527,-1,-1,-1
615,536,1337.58,121.33,31.58,96.65,0.9512,-1,-1,-1
615,542,1751.28,155.34,48.7,99.59,0.9423,-1,-1,-1
615,515,0.0,387.3,27.33,121.82,0.9119,-1,-1,-1
616,537,927.22,617.36,86.49,115.22,0.9815,-1,-1,-1
616,474,10.86,585.9,64.22,141.75,0.9797,-1,-1,-1
616,547,1838.43,296.33,49.5,123.06,0.9782,-1,-1,-1
616,426,724.72,430.71,66.02,111.58,0.9767,-1,-1,-1
616,418,846.74,577.77,94.5,115.34,0.9748,-1,-1,-1
616,538,1220.81,330.57,45.59,110.71,0.974,-1,-1,-1
616,544,1797.84,338.69,45.57,114.34,0.973,-1,-1,-1
616,539,1043.13,700.29,51.41,129.67,0.9722,-1,-1,-1
616,422,268.6,380.41,44.79,119.98,0.9715,-1,-1,-1
616,534,894.4,375.73,53.72,117.99,0.9713,-1,-1,-1
616,479,630.37,110.97,46.15,84.12,0.97,-1,-1,-1
616,429,657.22,231.82,40.93,109.33,0.9674,-1,-1,-1
616,542,1740.46,154.92,48.05,99.82,0.9664,-1,-1,-1
616,487,241.25,119.28,35.13,92.17,0.9507,-1,-1,-1
616,536,1325.2,121.19,31.73,97.22,0.9505,-1,-1,-1
616,541,1222.65,690.89,103.91,128.34,0.899,-1,-1,-1
616,515,0.54,386.39,14.44,106.84,0.7254,-1,-1,-1
617,537,916.09,618.22,94.81,113.91,0.9772,-1,-1,-1
617,547,1825.22,296.99,51.69,123.83,0.9762,-1,-1,-1
617,418,850.11,575.68,91.78,121.72,0.9761,-1,-1,-1
617,474,4.71,590.42,59.79,138.98,0.976,-1,-1,-1
617,544,1782.64,338.99,45.89,116.86,0.975,-1,-1,-1
617,426,716.19,431.45,66.32,121.5,0.9745,-1,-1,-1
617,539,1029.97,701.04,48.68,128.12,0.9729,-1,-1,-1
617,479,621.01,109.93,47.35,85.17,0.9726,-1,-1,-1
617,422,256.31,385.04,43.72,115.52,0.9725,-1,-1,-1
617,538,1211.74,332.94,42.5,107.91,0.9703,-1,-1,-1
617,534,882.6,376.87,55.68,121.01,0.9703,-1,-1,-1
617,429,643.88,233.09,42.18,108.44,0.967,-1,-1,-1
617,542,1732.0,155.77,44.67,99.27,0.9669,-1,-1,-1
617,541,1184.03,700.25,111.92,118.84,0.9512,-1,-1,-1
617,536,1311.99,121.57,32.52,96.15,0.9507,-1,-1,-1
617,487,227.27,119.2,34.99,92.41,0.9462,-1,-1,-1
618,537,911.53,617.24,94.93,114.5,0.9762,-1,-1,-1
618,534,868.55,378.85,59.07,123.25,0.9751,-1,-1,-1
618,547,1811.34,297.43,53.23,123.77,0.9746,-1,-1,-1
618,541,1165.76,701.49,90.56,122.58,0.9733,-1,-1,-1
618,542,1719.36,156.77,44.97,99.13,0.9728,-1,-1,-1
618,426,705.67,433.13,67.4,121.79,0.9722,-1,-1,-1
618,544,1766.94,339.72,45.65,117.62,0.9702,-1,-1,-1
618,539,1013.0,701.69,50.85,134.25,0.9699,-1,-1,-1
618,474,0.0,595.19,51.94,136.37,0.9698,-1,-1,-1
618,418,866.07,573.86,74.53,122.73,0.9697,-1,-1,-1
618,538,1200.89,334.35,41.58,107.49,0.9685,-1,-1,-1
618,429,630.47,233.95,43.93,107.74,0.9683,-1,-1,-1
618,479,613.33,111.59,44.99,84.29,0.9679,-1,-1,-1
618,422,243.37,388.24,42.12,113.75,0.952,-1,-1,-1
618,536,1298.26,122.13,33.8,94.67,0.9464,-1,-1,-1
618,487,213.84,119.1,34.49,92.5,0.9458,-1,-1,-1
619,418,861.07,574.18,82.96,124.42,0.9747,-1,-1,-1
619,538,1186.87,335.3,43.19,105.95,0.9736,-1,-1,-1
619,537,912.69,615.99,96.94,115.14,0.9731,-1,-1,-1
619,547,1798.53,298.94,55.41,124.61,0.9709,-1,-1,-1
619,426,695.98,437.41,66.05,122.54,0.9708,-1,-1,-1
619,422,230.78,388.81,41.47,114.31,0.9708,-1,-1,-1
619,541,1152.08,704.09,62.79,128.19,0.9696,-1,-1,-1
619,542,1703.06,157.23,49.81,99.34,0.9693,-1,-1,-1
619,544,1750.31,341.15,47.61,115.71,0.968,-1,-1,-1
619,429,614.92,234.87,45.99,107.73,0.9676,-1,-1,-1
619,539,993.09,703.03,58.87,137.81,0.9663,-1,-1,-1
619,474,0.0,598.87,41.97,133.27,0.966,-1,-1,-1
619,534,857.0,382.67,59.71,123.14,0.9599,-1,-1,-1
619,479,606.89,114.24,40.43,80.88,0.9585,-1,-1,-1
619,536,1282.34,123.95,37.94,91.88,0.9549,-1,-1,-1
619,487,197.48,119.15,35.58,93.42,0.9422,-1,-1,-1
620,418,849.0,575.15,97.09,123.61,0.9777,-1,-1,-1
620,538,1170.81,335.32,46.9,109.13,0.9762,-1,-1,-1
620,537,920.81,615.31,92.01,115.88,0.975,-1,-1,-1
620,547,1784.74,303.04,56.66,122.02,0.9749,-1,-1,-1
620,542,1686.16,160.15,54.73,96.91,0.9722,-1,-1,-1
620,534,845.42,384.9,58.89,124.75,0.9715,-1,-1,-1
620,422,216.17,389.24,42.6,113.78,0.9712,-1,-1,-1
620,539,976.45,706.44,55.08,136.04,0.9699,-1,-1,-1
620,544,1729.55,340.05,51.0,116.89,0.9669,-1,-1,-1
620,429,600.4,234.78,47.2,109.32,0.9648,-1,-1,-1
620,536,1266.84,124.11,41.32,91.31,0.9647,-1,-1,-1
620,426,688.7,442.94,61.04,121.15,0.9632,-1,-1,-1
620,479,600.55,114.41,38.97,80.64,0.9609,-1,-1,-1
620,541,1119.23,705.11,68.11,126.66,0.9558,-1,-1,-1
620,487,181.21,120.21,36.47,91.12,0.9493,-1,-1,-1
620,474,0.0,597.23,30.18,133.92,0.9106,-1,-1,-1
621,418,848.97,575.15,97.14,123.55,0.9779,-1,-1,-1
621,538,1170.8,335.34,46.92,109.1,0.9763,-1,-1,-1
621,537,920.92,615.35,92.13,115.84,0.9752,-1,-1,-1
621,547,1784.79,303.04,56.6,122.05,0.9749,-1,-1,-1
621,542,1686.07,159.7,54.49,97.47,0.9722,-1,-1,-1
621,534,845.4,384.87,58.83,124.74,0.9715,-1,-1,-1
621,422,216.13,389.29,42.63,113.74,0.9712,-1,-1,-1
621,539,976.33,706.58,55.15,135.81,0.9703,-1,-1,-1
621,544,1729.56,340.04,50.96,116.88,0.9669,-1,-1,-1
621,536,1266.92,124.11,41.3,91.27,0.9647,-1,-1,-1
621,429,600.47,234.8,46.97,109.33,0.9646,-1,-1,-1
621,426,688.71,442.94,61.03,121.15,0.9632,-1,-1,-1
621,479,600.56,114.39,38.96,80.71,0.9607,-1,-1,-1
621,541,1119.23,704.96,68.15,126.83,0.956,-1,-1,-1
621,487,181.19,120.19,36.7,91.2,0.9511,-1,-1,-1
621,474,0.0,597.32,30.1,133.96,0.9105,-1,-1,-1
622,418,842.35,576.3,99.59,121.74,0.9836,-1,-1,-1
622,422,199.22,389.42,45.78,118.93,0.9756,-1,-1,-1
622,538,1155.29,335.77,49.76,112.35,0.9752,-1,-1,-1
622,542,1667.88,159.45,57.31,98.41,0.9728,-1,-1,-1
622,547,1775.07,305.35,56.96,119.38,0.9709,-1,-1,-1
622,426,680.61,447.67,56.84,117.94,0.9704,-1,-1,-1
622,429,584.08,235.76,48.09,107.59,0.9685,-1,-1,-1
622,544,1710.75,339.58,53.25,117.38,0.9685,-1,-1,-1
622,534,834.34,389.65,57.84,120.28,0.9673,-1,-1,-1
622,539,956.14,710.98,57.86,132.31,0.9666,-1,-1,-1
622,536,1250.5,124.15,44.62,91.16,0.9648,-1,-1,-1
622,479,589.58,113.91,40.94,81.65,0.9638,-1,-1,-1
622,541,1080.03,708.77,76.95,128.42,0.9636,-1,-1,-1
622,537,935.44,614.56,75.9,116.04,0.9578,-1,-1,-1
622,487,164.62,120.25,36.35,91.62,0.9438,-1,-1,-1
622,474,0.0,605.01,17.58,121.82,0.7052,-1,-1,-1
623,422,182.5,390.63,48.21,122.44,0.9751,-1,-1,-1
623,538,1138.65,335.39,53.69,115.34,0.9743,-1,-1,-1
623,547,1763.37,307.63,56.42,118.32,0.9735,-1,-1,-1
623,544,1695.52,339.81,51.63,115.8,0.9717,-1,-1,-1
623,534,821.36,394.04,58.07,116.66,0.9711,-1,-1,-1
623,426,663.44,454.22,62.56,111.84,0.9703,-1,-1,-1
623,429,571.02,235.39,43.83,109.22,0.9692,-1,-1,-1
623,537,944.38,611.55,78.24,118.95,0.968,-1,-1,-1
623,536,1232.15,124.42,48.33,91.18,0.9677,-1,-1,-1
623,542,1651.3,160.52,58.11,98.13,0.9671,-1,-1,-1
623,539,939.24,711.97,58.84,134.03,0.9669,-1,-1,-1
623,479,572.68,113.07,45.84,84.08,0.9659,-1,-1,-1
623,541,1050.6,711.21,76.01,129.7,0.9652,-1,-1,-1
623,418,839.9,573.73,96.77,126.45,0.9527,-1,-1,-1
623,487,147.18,120.6,36.76,91.52,0.9507,-1,-1,-1
623,548,1890.15,401.29,29.85,115.18,0.9378,-1,-1,-1
623,549,883.24,587.38,102.06,128.17,0.4203,-1,-1,-1
624,542,1634.82,161.16,58.61,98.14,0.9743,-1,-1,-1
624,426,648.12,456.63,67.74,108.66,0.9734,-1,-1,-1
624,422,166.18,393.53,49.89,121.13,0.9708,-1,-1,-1
624,547,1751.61,308.13,52.96,118.57,0.9708,-1,-1,-1
624,534,810.55,395.67,57.09,115.27,0.9702,-1,-1,-1
624,541,1034.85,712.3,66.64,127.67,0.9693,-1,-1,-1
624,479,556.25,112.61,50.05,85.17,0.9684,-1,-1,-1
624,536,1215.43,124.46,47.98,91.14,0.967,-1,-1,-1
624,537,938.26,609.32,82.62,120.77,0.9669,-1,-1,-1
624,539,924.47,713.42,60.29,143.56,0.9656,-1,-1,-1
624,538,1123.53,337.36,56.12,113.57,0.9646,-1,-1,-1
624,548,1874.23,402.64,45.02,113.63,0.9611,-1,-1,-1
624,429,557.27,236.17,41.92,108.92,0.9601,-1,-1,-1
624,418,846.8,576.96,83.56,124.78,0.9562,-1,-1,-1
624,544,1678.93,340.06,50.01,114.96,0.9562,-1,-1,-1
624,487,129.11,120.34,36.73,92.14,0.9424,-1,-1,-1
625,426,631.01,456.43,77.15,113.12,0.9781,-1,-1,-1
625,534,796.64,394.9,59.87,116.47,0.9732,-1,-1,-1
625,544,1660.95,341.78,49.36,114.69,0.9726,-1,-1,-1
625,547,1732.55,308.56,56.36,118.67,0.9706,-1,-1,-1
625,542,1619.32,160.01,57.92,98.85,0.9706,-1,-1,-1
625,537,936.6,608.02,69.59,116.75,0.9703,-1,-1,-1
625,538,1109.86,340.05,56.34,116.74,0.9699,-1,-1,-1
625,422,153.5,397.2,49.02,121.63,0.9697,-1,-1,-1
625,539,906.3,716.75,66.51,148.55,0.9695,-1,-1,-1
625,418,856.76,575.11,75.28,125.22,0.9678,-1,-1,-1
625,479,540.91,113.15,53.4,84.99,0.9667,-1,-1,-1
625,548,1855.45,402.95,62.32,115.9,0.9664,-1,-1,-1
625,536,1197.31,124.54,48.3,90.8,0.966,-1,-1,-1
625,429,543.41,236.27,39.29,108.99,0.9648,-1,-1,-1
625,541,1005.22,711.88,70.75,128.44,0.9607,-1,-1,-1
625,487,111.3,121.35,36.62,92.26,0.9474,-1,-1,-1
625,549,901.52,594.99,78.78,122.51,0.533,-1,-1,-1
626,426,617.7,458.49,83.28,116.27,0.9783,-1,-1,-1
626,537,941.88,609.63,49.1,113.81,0.9772,-1,-1,-1
626,422,138.92,402.34,47.52,120.61,0.9758,-1,-1,-1
626,544,1644.5,343.31,49.2,115.77,0.9724,-1,-1,-1
626,534,782.58,395.16,61.82,116.59,0.972,-1,-1,-1
626,542,1608.58,159.3,53.21,98.84,0.9716,-1,-1,-1
626,547,1715.37,308.96,58.29,119.64,0.9713,-1,-1,-1
626,418,869.31,575.68,62.54,123.54,0.9712,-1,-1,-1
626,548,1835.61,402.47,72.19,120.44,0.9706,-1,-1,-1
626,538,1097.23,343.01,56.68,113.55,0.9673,-1,-1,-1
626,539,886.23,721.54,69.77,146.4,0.9666,-1,-1,-1
626,536,1181.01,124.86,48.19,90.67,0.9649,-1,-1,-1
626,479,527.76,113.72,51.56,84.75,0.962,-1,-1,-1
626,541,971.62,713.1,80.08,127.8,0.962,-1,-1,-1
626,429,531.35,237.03,37.21,107.7,0.96,-1,-1,-1
626,487,93.37,122.05,35.47,93.32,0.9267,-1,-1,-1
627,426,617.77,458.45,83.19,116.27,0.9781,-1,-1,-1
627,537,941.87,609.68,49.14,113.59,0.9771,-1,-1,-1
627,422,138.9,402.3,47.53,120.57,0.9759,-1,-1,-1
627,544,1644.48,343.33,49.25,115.83,0.9724,-1,-1,-1
627,534,782.58,395.17,61.82,116.58,0.972,-1,-1,-1
627,542,1608.59,159.33,53.15,98.85,0.9716,-1,-1,-1
627,547,1715.42,308.96,58.11,119.57,0.9713,-1,-1,-1
627,418,869.32,575.64,62.49,123.64,0.9711,-1,-1,-1
627,548,1835.65,402.55,71.93,120.31,0.9704,-1,-1,-1
627,538,1097.19,343.02,56.72,113.58,0.9674,-1,-1,-1
627,539,886.24,721.47,69.99,146.41,0.9662,-1,-1,-1
627,536,1181.0,124.84,48.2,90.71,0.9647,-1,-1,-1
627,479,527.82,113.72,51.57,84.71,0.9624,-1,-1,-1
627,541,971.54,713.09,80.18,127.84,0.9622,-1,-1,-1
627,429,531.47,237.02,37.1,107.69,0.9594,-1,-1,-1
627,487,93.36,122.07,35.5,93.25,0.9265,-1,-1,-1
628,537,942.22,611.24,44.21,112.53,0.9748,-1,-1,-1
628,544,1625.61,346.14,50.48,114.61,0.9746,-1,-1,-1
628,548,1817.7,404.34,83.98,122.4,0.9742,-1,-1,-1
628,422,123.56,407.46,49.63,116.82,0.9741,-1,-1,-1
628,534,767.79,393.94,65.22,121.21,0.9732,-1,-1,-1
628,418,858.54,574.35,73.72,126.01,0.9707,-1,-1,-1
628,542,1598.14,159.35,47.39,98.97,0.9704,-1,-1,-1
628,541,947.24,713.2,81.37,128.48,0.9688,-1,-1,-1
628,538,1084.51,344.98,57.73,110.78,0.9684,-1,-1,-1
628,429,516.44,237.55,38.93,107.15,0.9677,-1,-1,-1
628,426,611.69,461.26,78.74,120.06,0.9672,-1,-1,-1
628,547,1700.1,309.97,59.18,119.14,0.9659,-1,-1,-1
628,479,518.03,115.65,47.18,82.79,0.9658,-1,-1,-1
628,536,1166.74,123.99,45.81,91.48,0.9624,-1,-1,-1
628,539,866.49,723.89,64.49,145.16,0.9622,-1,-1,-1
628,487,75.16,122.78,35.65,93.38,0.945,-1,-1,-1
629,548,1802.21,404.91,84.36,122.73,0.9783,-1,-1,-1
629,539,847.29,724.57,76.24,145.88,0.9762,-1,-1,-1
629,422,108.38,409.8,51.25,115.3,0.9751,-1,-1,-1
629,544,1609.12,347.03,51.2,114.56,0.9739,-1,-1,-1
629,547,1684.68,311.1,61.27,119.86,0.9703,-1,-1,-1
629,418,852.7,574.29,77.82,122.8,0.9698,-1,-1,-1
629,429,500.7,237.81,41.97,106.62,0.9694,-1,-1,-1
629,534,758.11,395.93,64.4,125.55,0.9689,-1,-1,-1
629,426,609.79,463.75,74.38,116.06,0.9673,-1,-1,-1
629,537,939.05,614.12,50.61,115.24,0.9662,-1,-1,-1
629,542,1587.65,158.05,43.56,99.21,0.9649,-1,-1,-1
629,541,931.0,710.91,77.19,134.76,0.963,-1,-1,-1
629,538,1077.22,345.92,54.27,108.53,0.9627,-1,-1,-1
629,536,1153.62,124.03,41.85,90.71,0.9616,-1,-1,-1
629,479,510.81,118.12,41.95,80.9,0.9572,-1,-1,-1
629,487,57.79,124.74,37.22,90.88,0.9558,-1,-1,-1
630,548,1786.06,408.84,87.52,120.14,0.978,-1,-1,-1
630,418,848.11,574.93,87.68,115.75,0.9751,-1,-1,-1
630,538,1070.69,344.8,49.35,111.44,0.9747,-1,-1,-1
630,539,820.54,725.1,84.35,144.25,0.9742,-1,-1,-1
630,534,747.06,397.41,65.37,127.58,0.974,-1,-1,-1
630,429,485.05,238.6,47.95,105.89,0.9732,-1,-1,-1
630,537,938.86,619.68,53.54,109.36,0.9711,-1,-1,-1
630,544,1592.63,348.09,53.11,114.59,0.97,-1,-1,-1
630,426,607.16,465.32,68.7,117.64,0.969,-1,-1,-1
630,542,1575.36,157.27,41.92,99.79,0.9671,-1,-1,-1
630,541,915.1,716.88,79.59,130.44,0.965,-1,-1,-1
630,536,1142.79,123.83,37.32,89.65,0.9603,-1,-1,-1
630,547,1673.9,314.22,59.4,119.71,0.9601,-1,-1,-1
630,422,93.69,410.16,55.06,115.71,0.9583,-1,-1,-1
630,487,42.04,125.02,37.72,91.1,0.9563,-1,-1,-1
630,479,505.3,120.01,35.46,78.98,0.9305,-1,-1,-1
631,418,853.34,578.39,86.23,108.59,0.9837,-1,-1,-1
631,539,795.58,726.25,83.97,142.76,0.9766,-1,-1,-1
631,534,743.0,401.63,60.34,127.43,0.9753,-1,-1,-1
631,548,1775.26,409.96,83.54,118.85,0.9738,-1,-1,-1
631,541,895.77,714.75,70.87,141.22,0.9734,-1,-1,-1
631,538,1057.06,343.88,53.93,115.29,0.9731,-1,-1,-1
631,547,1667.54,318.01,52.25,115.97,0.9729,-1,-1,-1
631,422,82.43,410.54,56.11,117.01,0.9725,-1,-1,-1
631,429,470.77,239.59,57.3,106.15,0.9723,-1,-1,-1
631,537,935.8,622.41,65.66,123.89,0.9719,-1,-1,-1
631,426,608.69,466.24,63.93,118.04,0.9713,-1,-1,-1
631,544,1576.83,349.36,56.89,116.91,0.9666,-1,-1,-1
631,487,26.02,125.82,40.07,90.17,0.9654,-1,-1,-1
631,542,1563.14,157.87,40.19,99.38,0.9649,-1,-1,-1
631,536,1133.0,123.44,33.68,89.88,0.9556,-1,-1,-1
631,479,497.96,114.69,36.42,85.26,0.9425,-1,-1,-1
632,547,1659.84,321.82,48.26,113.49,0.9775,-1,-1,-1
632,418,872.86,583.01,60.35,104.04,0.9736,-1,-1,-1
632,538,1046.63,344.03,56.21,118.26,0.9724,-1,-1,-1
632,429,457.24,240.06,62.92,106.0,0.9723,-1,-1,-1
632,422,71.55,411.54,58.33,119.32,0.9718,-1,-1,-1
632,541,881.35,717.54,64.68,142.14,0.9713,-1,-1,-1
632,539,776.01,728.88,85.38,145.59,0.9711,-1,-1,-1
632,542,1550.72,158.15,40.4,99.94,0.9703,-1,-1,-1
632,426,609.01,463.9,60.7,119.17,0.9701,-1,-1,-1
632,544,1563.31,349.76,59.22,115.05,0.9696,-1,-1,-1
632,548,1765.75,412.47,75.62,113.64,0.9686,-1,-1,-1
632,537,943.68,626.27,54.68,101.2,0.9674,-1,-1,-1
632,487,11.62,127.16,40.54,89.08,0.9632,-1,-1,-1
632,479,484.86,115.34,41.84,84.04,0.9502,-1,-1,-1
632,534,739.93,405.72,55.09,122.73,0.9446,-1,-1,-1
632,536,1125.62,122.46,29.58,90.49,0.9026,-1,-1,-1
633,547,1659.87,321.78,48.26,113.53,0.9775,-1,-1,-1
633,418,872.76,582.97,60.38,103.95,0.9737,-1,-1,-1
633,429,457.22,240.08,62.94,106.0,0.9724,-1,-1,-1
633,538,1046.63,344.01,56.21,118.31,0.9724,-1,-1,-1
633,422,71.53,411.53,58.32,119.32,0.9719,-1,-1,-1
633,539,775.98,728.88,85.44,145.6,0.9711,-1,-1,-1
633,541,881.31,717.32,64.88,142.32,0.9711,-1,-1,-1
633,426,608.91,463.84,60.82,119.23,0.9705,-1,-1,-1
633,542,1550.71,158.18,40.41,99.91,0.9704,-1,-1,-1
633,544,1563.3,349.77,59.21,115.03,0.9698,-1,-1,-1
633,548,1765.75,412.49,75.65,113.6,0.9685,-1,-1,-1
633,537,943.68,626.24,54.57,101.17,0.9676,-1,-1,-1
633,487,11.59,127.12,40.55,89.14,0.9631,-1,-1,-1
633,479,484.89,115.55,41.93,83.78,0.9515,-1,-1,-1
633,534,739.94,405.71,55.08,122.74,0.9442,-1,-1,-1
633,536,1125.7,122.45,29.49,90.5,0.9059,-1,-1,-1
634,534,739.14,408.01,46.24,118.34,0.9765,-1,-1,-1
634,548,1759.45,412.0,66.76,114.76,0.9756,-1,-1,-1
634,422,59.63,413.03,62.01,125.24,0.9749,-1,-1,-1
634,541,864.32,717.89,63.38,141.27,0.9748,-1,-1,-1
634,429,443.66,240.62,65.53,106.11,0.9739,-1,-1,-1
634,547,1645.69,323.2,57.13,110.58,0.9738,-1,-1,-1
634,537,944.72,626.2,67.92,102.23,0.9714,-1,-1,-1
634,426,602.47,462.28,63.77,120.94,0.9713,-1,-1,-1
634,538,1036.41,344.46,58.82,119.14,0.9711,-1,-1,-1
634,418,882.35,587.23,46.37,98.86,0.9709,-1,-1,-1
634,479,474.11,115.99,45.48,83.44,0.9697,-1,-1,-1
634,544,1552.58,348.79,57.71,116.49,0.9686,-1,-1,-1
634,539,759.3,732.39,84.72,152.09,0.9682,-1,-1,-1
634,542,1537.78,158.87,42.7,99.73,0.966,-1,-1,-1
634,487,0.64,128.5,38.94,89.05,0.9632,-1,-1,-1
634,536,1119.07,122.96,25.87,90.07,0.9457,-1,-1,-1
635,537,932.46,625.85,85.91,103.43,0.9817,-1,-1,-1
635,539,743.51,739.66,86.09,145.92,0.981,-1,-1,-1
635,548,1753.69,412.33,60.98,116.53,0.9757,-1,-1,-1
635,547,1632.53,324.12,63.44,110.79,0.9753,-1,-1,-1
635,426,596.45,461.12,65.78,124.35,0.9748,-1,-1,-1
635,429,431.22,241.29,64.79,105.63,0.9742,-1,-1,-1
635,479,464.0,111.34,49.14,86.91,0.9718,-1,-1,-1
635,541,843.63,714.95,64.32,143.94,0.9714,-1,-1,-1
635,534,735.32,408.2,40.88,119.16,0.9711,-1,-1,-1
635,542,1524.77,160.19,41.81,98.96,0.9708,-1,-1,-1
635,538,1028.1,346.71,58.65,117.82,0.9705,-1,-1,-1
635,544,1543.99,347.19,53.92,117.77,0.9685,-1,-1,-1
635,418,874.04,591.01,64.47,101.97,0.9661,-1,-1,-1
635,422,53.71,415.28,59.45,124.96,0.9604,-1,-1,-1
635,536,1106.25,123.01,29.17,89.94,0.9377,-1,-1,-1
635,487,0.03,128.77,26.55,89.87,0.9356,-1,-1,-1
636,537,929.13,626.57,87.28,107.69,0.9857,-1,-1,-1
636,539,732.2,745.25,81.95,143.1,0.9816,-1,-1,-1
636,541,824.35,710.38,65.57,148.02,0.9763,-1,-1,-1
636,429,418.73,241.17,63.56,106.76,0.976,-1,-1,-1
636,534,725.14,407.69,43.74,120.87,0.9751,-1,-1,-1
636,426,589.35,459.99,70.42,130.67,0.9741,-1,-1,-1
636,544,1534.66,345.91,51.0,119.09,0.9724,-1,-1,-1
636,542,1511.45,161.22,43.2,99.11,0.972,-1,-1,-1
636,547,1619.71,322.93,69.43,112.34,0.9719,-1,-1,-1
636,548,1742.95,412.37,60.0,121.52,0.9719,-1,-1,-1
636,418,870.38,590.99,70.57,99.74,0.9712,-1,-1,-1
636,538,1020.76,349.0,56.96,119.14,0.971,-1,-1,-1
636,422,45.52,419.88,59.1,124.06,0.9623,-1,-1,-1
636,479,454.3,110.32,53.77,88.12,0.9532,-1,-1,-1
636,536,1093.52,123.56,31.78,89.47,0.9494,-1,-1,-1
636,487,0.0,122.9,14.42,101.19,0.7974,-1,-1,-1
637,534,712.72,406.56,48.97,121.67,0.9774,-1,-1,-1
637,418,872.22,590.06,74.14,101.19,0.9763,-1,-1,-1
637,426,584.15,460.92,83.24,132.22,0.9753,-1,-1,-1
637,537,932.44,630.99,72.4,104.11,0.9743,-1,-1,-1
637,547,1609.31,320.97,73.34,114.92,0.974,-1,-1,-1
637,429,408.65,240.92,61.21,106.99,0.9736,-1,-1,-1
637,539,719.45,746.86,79.4,142.56,0.9734,-1,-1,-1
637,541,812.15,705.77,62.09,151.38,0.9731,-1,-1,-1
637,544,1522.41,344.78,49.57,119.34,0.9727,-1,-1,-1
637,542,1498.63,161.74,44.9,100.05,0.9725,-1,-1,-1
637,548,1732.08,413.88,60.54,122.4,0.9709,-1,-1,-1
637,479,447.49,112.42,50.31,85.92,0.9709,-1,-1,-1
637,538,1016.69,351.79,50.44,115.23,0.9706,-1,-1,-1
637,422,36.74,424.25,57.22,122.86,0.9688,-1,-1,-1
637,536,1079.19,122.78,39.76,91.74,0.9627,-1,-1,-1
638,426,577.68,464.07,91.72,130.48,0.979,-1,-1,-1
638,539,704.86,745.88,80.1,142.86,0.9772,-1,-1,-1
638,418,869.84,591.43,79.3,104.62,0.9772,-1,-1,-1
638,547,1597.07,322.34,78.95,115.44,0.9758,-1,-1,-1
638,534,702.04,405.46,51.98,125.62,0.9756,-1,-1,-1
638,429,400.29,240.92,54.3,106.48,0.9756,-1,-1,-1
638,422,33.25,428.81,49.0,117.96,0.9745,-1,-1,-1
638,544,1510.1,344.66,48.92,119.22,0.9744,-1,-1,-1
638,541,800.71,701.98,55.57,153.78,0.974,-1,-1,-1
638,542,1488.33,162.17,44.81,99.28,0.9708,-1,-1,-1
638,538,1014.73,353.33,42.91,113.58,0.9702,-1,-1,-1
638,548,1724.1,416.43,58.56,120.98,0.9696,-1,-1,-1
638,536,1065.15,122.52,45.78,91.37,0.9667,-1,-1,-1
638,479,442.35,113.03,43.39,85.93,0.9663,-1,-1,-1
638,537,940.33,633.66,67.59,101.81,0.9539,-1,-1,-1
639,426,577.94,464.05,91.48,130.49,0.9787,-1,-1,-1
639,539,704.86,745.92,80.18,142.9,0.9775,-1,-1,-1
639,418,869.86,591.46,78.91,104.56,0.9771,-1,-1,-1
639,547,1597.1,322.33,78.92,115.44,0.9758,-1,-1,-1
639,534,702.12,405.49,51.94,125.57,0.9756,-1,-1,-1
639,429,400.27,240.91,54.3,106.44,0.9756,-1,-1,-1
639,422,33.18,428.83,49.1,118.0,0.9744,-1,-1,-1
639,544,1510.02,344.65,49.01,119.24,0.9744,-1,-1,-1
639,541,800.3,701.95,55.88,153.77,0.9741,-1,-1,-1
639,542,1488.29,162.18,44.98,99.27,0.971,-1,-1,-1
639,538,1014.76,353.27,42.88,113.51,0.9701,-1,-1,-1
639,548,1724.14,416.41,58.63,120.96,0.9697,-1,-1,-1
639,536,1065.09,122.51,45.82,91.43,0.9666,-1,-1,-1
639,479,442.3,112.99,43.43,86.01,0.9664,-1,-1,-1
639,537,940.33,633.72,67.54,101.79,0.954,-1,-1,-1
639,552,731.26,723.91,76.77,143.8,0.4969,-1,-1,-1
640,418,869.61,593.76,74.42,105.15,0.9762,-1,-1,-1
640,429,393.65,240.78,47.0,105.04,0.9743,-1,-1,-1
640,544,1497.32,345.01,48.46,119.84,0.9737,-1,-1,-1
640,547,1588.36,323.25,81.41,115.29,0.9737,-1,-1,-1
640,422,28.45,429.75,44.0,117.44,0.9735,-1,-1,-1
640,548,1717.67,418.62,53.07,121.37,0.9712,-1,-1,-1
640,426,578.76,467.59,84.34,126.15,0.9701,-1,-1,-1
640,539,691.05,744.07,77.56,142.78,0.9695,-1,-1,-1
640,542,1478.58,161.98,42.23,99.74,0.9674,-1,-1,-1
640,541,790.78,697.76,48.9,156.26,0.9664,-1,-1,-1
640,538,1009.5,355.17,38.71,110.97,0.9661,-1,-1,-1
640,536,1051.01,122.65,49.67,91.48,0.965,-1,-1,-1
640,534,690.31,403.73,59.68,131.12,0.9508,-1,-1,-1
640,479,439.53,117.75,36.95,79.63,0.9363,-1,-1,-1
640,537,949.04,633.27,52.36,101.26,0.9251,-1,-1,-1
641,422,14.85,428.73,47.94,118.61,0.9775,-1,-1,-1
641,534,678.76,404.33,66.92,130.51,0.9774,-1,-1,-1
641,544,1481.86,346.33,49.65,120.4,0.9751,-1,-1,-1
641,539,677.32,743.07,78.48,145.47,0.974,-1,-1,-1
641,548,1708.9,422.06,51.34,117.97,0.9733,-1,-1,-1
641,538,996.45,354.78,44.27,111.66,0.9716,-1,-1,-1
641,541,772.17,696.64,50.69,151.4,0.9712,-1,-1,-1
641,418,879.34,595.6,58.71,104.51,0.971,-1,-1,-1
641,547,1580.4,325.41,79.67,112.18,0.9704,-1,-1,-1
641,426,583.89,469.76,69.78,125.69,0.9699,-1,-1,-1
641,536,1037.18,122.2,51.07,91.33,0.967,-1,-1,-1
641,429,388.4,239.6,39.06,106.79,0.964,-1,-1,-1
641,542,1468.98,161.46,39.13,100.03,0.9616,-1,-1,-1
641,537,948.88,633.0,63.03,99.84,0.9583,-1,-1,-1
641,479,436.23,113.83,32.67,83.27,0.9511,-1,-1,-1
642,547,1577.07,326.77,75.73,110.97,0.9794,-1,-1,-1
642,534,669.92,406.83,67.33,129.55,0.9769,-1,-1,-1
642,539,664.66,742.98,79.68,145.36,0.9768,-1,-1,-1
642,422,1.36,427.56,51.99,119.37,0.9745,-1,-1,-1
642,541,754.03,696.48,51.79,147.76,0.9726,-1,-1,-1
642,426,586.78,471.75,60.0,122.71,0.9716,-1,-1,-1
642,418,886.79,592.37,46.16,106.46,0.9712,-1,-1,-1
642,548,1692.55,424.12,58.25,117.7,0.9708,-1,-1,-1
642,544,1467.99,349.28,50.74,119.33,0.9708,-1,-1,-1
642,538,984.4,352.87,48.17,116.58,0.9701,-1,-1,-1
642,537,935.01,632.1,69.96,102.66,0.9678,-1,-1,-1
642,536,1023.97,122.2,50.87,91.18,0.965,-1,-1,-1
642,542,1457.84,161.05,36.87,99.67,0.9581,-1,-1,-1
642,479,425.42,114.09,36.74,83.69,0.9413,-1,-1,-1
642,429,383.37,239.94,35.83,107.68,0.9412,-1,-1,-1
643,418,884.02,596.33,45.08,103.57,0.9763,-1,-1,-1
643,544,1455.0,353.25,49.25,115.21,0.9749,-1,-1,-1
643,538,971.95,353.67,51.86,117.96,0.9744,-1,-1,-1
643,426,594.95,471.7,46.54,121.24,0.9738,-1,-1,-1
643,547,1575.16,325.17,71.77,113.07,0.9734,-1,-1,-1
643,541,734.94,695.59,53.03,150.66,0.9714,-1,-1,-1
643,548,1678.11,424.85,62.74,115.88,0.9712,-1,-1,-1
643,534,662.77,410.59,63.93,131.38,0.9698,-1,-1,-1
643,536,1011.81,121.59,48.05,91.46,0.9685,-1,-1,-1
643,422,0.55,428.64,43.9,123.94,0.9668,-1,-1,-1
643,537,925.64,635.08,76.02,110.0,0.9659,-1,-1,-1
643,539,655.02,744.17,84.64,145.84,0.9656,-1,-1,-1
643,542,1445.87,160.71,36.33,98.96,0.9517,-1,-1,-1
643,429,373.3,240.3,36.27,108.63,0.9377,-1,-1,-1
643,479,411.96,112.64,40.55,85.94,0.8792,-1,-1,-1
644,548,1663.26,424.91,68.08,116.92,0.9751,-1,-1,-1
644,539,651.07,745.1,75.48,144.23,0.9742,-1,-1,-1
644,538,960.16,354.01,56.23,118.3,0.972,-1,-1,-1
644,418,875.47,598.34,53.91,103.03,0.9719,-1,-1,-1
644,534,656.98,413.52,57.32,127.93,0.971,-1,-1,-1
644,547,1576.54,323.53,63.77,114.31,0.9707,-1,-1,-1
644,426,588.67,469.48,48.61,123.73,0.9707,-1,-1,-1
644,544,1439.19,356.51,52.41,111.47,0.9704,-1,-1,-1
644,536,1001.58,121.21,44.21,91.48,0.9687,-1,-1,-1
644,479,400.01,114.22,47.63,83.04,0.9667,-1,-1,-1
644,541,716.94,695.39,54.89,149.26,0.9617,-1,-1,-1
644,429,359.96,241.69,43.97,108.82,0.9586,-1,-1,-1
644,422,0.33,429.0,35.46,128.97,0.9566,-1,-1,-1
644,542,1433.82,159.82,36.05,99.83,0.9534,-1,-1,-1
644,537,925.72,636.09,66.15,116.92,0.953,-1,-1,-1
644,553,1829.82,931.9,90.18,145.29,0.9384,-1,-1,-1
645,548,1663.21,425.05,68.15,116.77,0.9753,-1,-1,-1
645,539,651.08,745.1,75.14,144.19,0.9741,-1,-1,-1
645,538,960.21,354.02,56.21,118.33,0.9721,-1,-1,-1
645,534,657.01,413.53,57.28,127.92,0.9712,-1,-1,-1
645,418,875.46,598.29,53.82,102.9,0.9711,-1,-1,-1
645,426,588.67,469.47,48.7,123.73,0.9709,-1,-1,-1
645,547,1576.55,323.51,63.92,114.4,0.9707,-1,-1,-1
645,544,1439.11,356.51,52.49,111.49,0.9705,-1,-1,-1
645,536,1001.58,121.18,44.19,91.47,0.9687,-1,-1,-1
645,479,400.01,114.26,47.61,83.0,0.9668,-1,-1,-1
645,541,716.87,695.38,55.03,149.28,0.9618,-1,-1,-1
645,429,359.96,241.65,44.67,108.84,0.9608,-1,-1,-1
645,422,0.32,428.99,35.51,129.01,0.9567,-1,-1,-1
645,537,925.37,636.09,66.58,116.96,0.9537,-1,-1,-1
645,542,1433.82,159.78,36.02,99.82,0.953,-1,-1,-1
645,553,1829.68,932.0,90.32,145.2,0.9421,-1,-1,-1
646,548,1650.42,424.38,74.32,120.66,0.9771,-1,-1,-1
646,538,951.23,355.2,60.07,118.6,0.9738,-1,-1,-1
646,534,654.93,416.18,52.62,125.1,0.9733,-1,-1,-1
646,418,865.59,599.53,62.9,110.25,0.9731,-1,-1,-1
646,429,346.15,242.21,54.77,107.82,0.9725,-1,-1,-1
646,426,579.7,469.19,54.77,124.9,0.9716,-1,-1,-1
646,547,1576.65,321.74,58.12,115.94,0.9715,-1,-1,-1
646,544,1423.47,359.38,56.27,110.05,0.9711,-1,-1,-1
646,539,648.44,748.35,70.81,140.23,0.9706,-1,-1,-1
646,479,389.48,112.73,54.17,84.24,0.9688,-1,-1,-1
646,542,1420.9,159.94,37.05,100.34,0.9636,-1,-1,-1
646,536,993.59,120.8,38.68,91.36,0.9624,-1,-1,-1
646,537,931.92,637.85,64.11,119.16,0.9562,-1,-1,-1
646,541,705.66,693.6,51.96,150.63,0.9559,-1,-1,-1
646,422,0.0,432.21,28.8,127.38,0.9324,-1,-1,-1
646,553,1809.26,933.04,110.74,138.59,0.8924,-1,-1,-1
647,548,1639.51,424.89,78.12,122.64,0.9786,-1,-1,-1
647,534,653.55,418.18,48.91,122.2,0.9745,-1,-1,-1
647,538,942.81,356.93,59.94,118.49,0.9733,-1,-1,-1
647,542,1406.87,159.43,43.71,100.46,0.9725,-1,-1,-1
647,547,1566.26,319.35,62.34,119.59,0.972,-1,-1,-1
647,418,862.69,601.13,63.39,118.1,0.9715,-1,-1,-1
647,429,333.7,243.17,61.64,107.69,0.9709,-1,-1,-1
647,426,569.71,468.46,63.4,129.18,0.9705,-1,-1,-1
647,544,1411.01,361.43,59.05,110.65,0.9669,-1,-1,-1
647,537,940.99,641.14,59.94,115.02,0.9607,-1,-1,-1
647,536,986.05,120.27,32.03,92.79,0.959,-1,-1,-1
647,422,0.22,436.69,20.33,124.71,0.9145,-1,-1,-1
647,553,1800.04,928.91,104.86,148.02,0.9139,-1,-1,-1
647,479,383.62,112.05,49.32,86.34,0.9129,-1,-1,-1
647,539,638.36,754.07,70.96,136.82,0.7432,-1,-1,-1
647,541,639.79,691.05,106.97,190.69,0.4973,-1,-1,-1
648,548,1634.42,426.47,77.1,123.09,0.9799,-1,-1,-1
648,429,319.92,243.83,67.56,106.16,0.9762,-1,-1,-1
648,542,1394.43,160.01,48.83,99.7,0.9747,-1,-1,-1
648,538,936.24,360.61,60.81,115.01,0.9741,-1,-1,-1
648,426,562.91,468.68,78.08,130.79,0.9738,-1,-1,-1
648,547,1557.76,318.79,62.79,121.44,0.9737,-1,-1,-1
648,537,937.59,642.79,63.77,113.76,0.9736,-1,-1,-1
648,544,1399.54,363.31,60.23,110.67,0.9735,-1,-1,-1
648,539,624.59,756.0,86.76,134.48,0.9716,-1,-1,-1
648,534,650.48,416.95,47.33,123.21,0.9714,-1,-1,-1
648,418,866.08,604.69,53.16,113.46,0.9678,-1,-1,-1
648,479,379.31,113.57,40.94,84.92,0.961,-1,-1,-1
648,536,979.49,119.31,27.16,92.93,0.9569,-1,-1,-1
648,553,1799.39,926.13,98.92,150.38,0.9502,-1,-1,-1
648,541,673.56,689.83,59.15,146.65,0.8383,-1,-1,-1
648,422,0.24,439.32,14.62,111.85,0.7371,-1,-1,-1
649,547,1549.39,319.24,63.25,121.65,0.9756,-1,-1,-1
649,534,643.93,415.65,46.41,125.47,0.9751,-1,-1,-1
649,537,928.91,643.67,72.26,120.9,0.9749,-1,-1,-1
649,426,558.9,471.1,81.36,131.27,0.9748,-1,-1,-1
649,542,1381.21,160.58,52.42,99.84,0.9735,-1,-1,-1
649,429,308.11,245.22,70.42,105.6,0.9734,-1,-1,-1
649,544,1391.48,366.31,60.13,110.27,0.9728,-1,-1,-1
649,548,1629.77,428.81,76.16,125.59,0.9702,-1,-1,-1
649,418,866.73,609.66,55.19,108.87,0.9683,-1,-1,-1
649,538,933.07,362.06,57.11,113.01,0.9615,-1,-1,-1
649,539,614.24,750.0,95.08,137.56,0.9565,-1,-1,-1
649,479,376.58,113.49,32.75,83.67,0.951,-1,-1,-1
649,553,1794.37,923.23,98.94,152.61,0.9372,-1,-1,-1
649,536,972.14,119.21,25.13,93.89,0.9215,-1,-1,-1
649,541,656.21,694.53,62.75,112.77,0.9125,-1,-1,-1
650,547,1541.65,320.82,64.45,121.17,0.9752,-1,-1,-1
650,542,1368.99,162.15,54.23,99.16,0.975,-1,-1,-1
650,429,298.68,244.84,66.85,107.22,0.9742,-1,-1,-1
650,418,862.04,613.77,59.79,106.31,0.9741,-1,-1,-1
650,534,636.17,414.49,49.26,129.74,0.9722,-1,-1,-1
650,548,1627.18,432.31,71.84,122.18,0.9703,-1,-1,-1
650,544,1384.16,370.46,58.61,105.31,0.9695,-1,-1,-1
650,537,923.26,645.87,74.94,127.36,0.9694,-1,-1,-1
650,426,558.34,475.98,74.36,129.95,0.9678,-1,-1,-1
650,539,610.26,748.95,83.33,141.78,0.9655,-1,-1,-1
650,479,374.21,111.66,28.4,84.99,0.9465,-1,-1,-1
650,553,1774.41,927.22,113.55,117.04,0.9392,-1,-1,-1
650,536,961.98,120.78,26.25,92.28,0.9144,-1,-1,-1
650,538,936.54,363.59,48.52,111.87,0.9139,-1,-1,-1
650,541,613.77,696.98,87.26,122.76,0.789,-1,-1,-1
651,547,1541.66,320.81,64.4,121.18,0.9752,-1,-1,-1
651,542,1368.98,162.15,54.23,99.17,0.9751,-1,-1,-1
651,418,862.05,613.78,59.7,106.35,0.9743,-1,-1,-1
651,429,298.69,244.87,66.46,107.23,0.9739,-1,-1,-1
651,534,636.18,414.51,49.29,129.63,0.9722,-1,-1,-1
651,548,1627.19,432.25,71.77,122.31,0.9702,-1,-1,-1
651,544,1384.1,370.42,58.66,105.32,0.9698,-1,-1,-1
651,537,923.26,645.89,75.1,127.33,0.9696,-1,-1,-1
651,426,558.3,476.05,74.46,129.84,0.9673,-1,-1,-1
651,539,610.36,749.03,83.4,141.67,0.9645,-1,-1,-1
651,479,374.18,111.76,28.37,84.9,0.9457,-1,-1,-1
651,553,1774.55,927.25,113.28,117.03,0.9398,-1,-1,-1
651,536,961.99,120.76,26.26,92.21,0.9181,-1,-1,-1
651,538,936.52,363.6,48.6,111.85,0.9165,-1,-1,-1
651,541,613.78,697.17,87.37,122.91,0.7921,-1,-1,-1
652,537,920.73,649.63,74.05,129.8,0.9772,-1,-1,-1
652,534,628.59,414.88,51.17,132.92,0.9759,-1,-1,-1
652,538,933.69,363.39,45.06,110.86,0.9756,-1,-1,-1
652,542,1357.09,163.47,54.39,98.61,0.9747,-1,-1,-1
652,547,1539.2,323.06,60.86,119.78,0.9737,-1,-1,-1
652,548,1626.77,435.06,66.07,118.52,0.9717,-1,-1,-1
652,429,290.78,244.77,62.61,108.19,0.9716,-1,-1,-1
652,544,1375.55,374.51,59.28,102.15,0.9711,-1,-1,-1
652,418,858.55,617.05,63.38,115.56,0.9705,-1,-1,-1
652,426,559.99,481.35,59.95,125.1,0.9687,-1,-1,-1
652,539,605.8,749.76,86.86,138.06,0.9665,-1,-1,-1
652,541,602.12,696.46,74.39,138.97,0.9659,-1,-1,-1
652,479,366.07,113.89,30.54,83.4,0.9487,-1,-1,-1
652,536,950.73,120.41,29.92,92.78,0.9429,-1,-1,-1
652,553,1769.47,920.38,111.24,129.26,0.9424,-1,-1,-1
653,538,924.03,362.25,50.11,114.65,0.9753,-1,-1,-1
653,542,1345.6,163.06,53.31,98.61,0.9735,-1,-1,-1
653,547,1536.18,325.43,55.81,117.6,0.9712,-1,-1,-1
653,426,564.3,482.46,50.83,124.31,0.9695,-1,-1,-1
653,534,619.99,417.07,55.53,131.72,0.9694,-1,-1,-1
653,544,1364.22,376.6,64.12,99.7,0.9691,-1,-1,-1
653,539,606.94,742.66,74.19,137.57,0.9683,-1,-1,-1
653,541,591.53,695.75,63.37,141.56,0.9673,-1,-1,-1
653,537,924.83,657.27,63.68,128.41,0.9644,-1,-1,-1
653,429,285.98,243.87,55.96,109.92,0.9622,-1,-1,-1
653,418,855.72,619.81,63.41,124.21,0.9612,-1,-1,-1
653,548,1625.9,435.22,61.04,118.61,0.9606,-1,-1,-1
653,536,939.0,120.65,36.38,92.61,0.957,-1,-1,-1
653,479,355.05,112.32,35.03,86.12,0.9161,-1,-1,-1
653,553,1771.17,910.31,102.59,163.76,0.5106,-1,-1,-1
654,548,1614.25,435.17,67.58,117.26,0.9764,-1,-1,-1
654,538,915.62,361.94,52.17,118.58,0.9764,-1,-1,-1
654,544,1350.43,379.32,71.48,95.97,0.9751,-1,-1,-1
654,534,613.72,419.42,55.15,131.29,0.9745,-1,-1,-1
654,542,1335.01,162.48,52.25,99.64,0.9738,-1,-1,-1
654,547,1536.61,325.39,48.31,116.96,0.9735,-1,-1,-1
654,541,578.9,697.32,60.56,141.74,0.9728,-1,-1,-1
654,539,610.03,738.83,62.47,136.71,0.9723,-1,-1,-1
654,418,851.86,627.03,63.18,123.31,0.9712,-1,-1,-1
654,537,932.82,661.26,55.24,124.03,0.9695,-1,-1,-1
654,536,927.24,121.6,40.16,90.53,0.9664,-1,-1,-1
654,429,282.2,244.42,40.5,108.74,0.9662,-1,-1,-1
654,479,343.72,112.71,41.29,83.62,0.9613,-1,-1,-1
654,426,567.48,482.43,45.92,124.55,0.9546,-1,-1,-1
654,553,1760.0,911.45,109.21,161.09,0.6416,-1,-1,-1
655,544,1338.38,379.99,75.3,96.03,0.9754,-1,-1,-1
655,534,613.16,421.94,48.15,133.89,0.9749,-1,-1,-1
655,537,920.88,665.69,75.62,120.08,0.9748,-1,-1,-1
655,418,850.61,631.16,61.38,121.72,0.9746,-1,-1,-1
655,539,598.81,738.97,69.68,138.36,0.9745,-1,-1,-1
655,542,1324.8,161.83,53.16,99.94,0.9742,-1,-1,-1
655,541,566.13,695.89,61.64,144.5,0.974,-1,-1,-1
655,548,1606.15,434.86,71.14,122.58,0.972,-1,-1,-1
655,547,1537.47,325.09,41.46,116.12,0.9704,-1,-1,-1
655,479,334.32,109.76,46.33,85.72,0.9694,-1,-1,-1
655,536,914.94,121.61,44.1,90.17,0.9673,-1,-1,-1
655,426,561.89,480.22,59.86,126.37,0.967,-1,-1,-1
655,538,906.33,360.72,56.5,124.08,0.9663,-1,-1,-1
655,429,278.68,244.21,35.32,108.09,0.9506,-1,-1,-1
655,553,1753.34,910.5,106.09,164.0,0.9098,-1,-1,-1
656,537,911.49,669.71,89.12,120.94,0.9793,-1,-1,-1
656,547,1526.8,323.68,47.81,117.86,0.9773,-1,-1,-1
656,544,1325.66,378.67,78.78,101.02,0.9769,-1,-1,-1
656,548,1599.06,436.07,73.63,125.69,0.9741,-1,-1,-1
656,538,898.66,362.96,57.34,121.48,0.9738,-1,-1,-1
656,542,1318.33,160.46,49.77,100.25,0.9725,-1,-1,-1
656,534,610.79,426.81,42.16,129.49,0.9725,-1,-1,-1
656,541,553.51,694.15,56.73,146.95,0.9714,-1,-1,-1
656,418,850.76,632.56,57.71,119.97,0.9709,-1,-1,-1
656,539,584.77,735.6,86.17,138.9,0.9693,-1,-1,-1
656,426,555.26,480.54,61.28,129.58,0.9685,-1,-1,-1
656,536,902.24,121.63,46.19,90.99,0.966,-1,-1,-1
656,479,326.5,113.4,44.76,80.83,0.9648,-1,-1,-1
656,429,271.29,244.12,33.34,109.08,0.9417,-1,-1,-1
657,537,911.45,669.72,89.23,120.96,0.9792,-1,-1,-1
657,547,1526.9,323.77,47.73,117.75,0.9774,-1,-1,-1
657,544,1325.75,378.68,78.76,101.01,0.9768,-1,-1,-1
657,548,1599.09,436.06,73.57,125.71,0.9739,-1,-1,-1
657,538,898.56,362.98,57.46,121.5,0.9738,-1,-1,-1
657,534,610.69,426.84,42.26,129.59,0.9727,-1,-1,-1
657,542,1318.29,160.45,49.71,100.25,0.9725,-1,-1,-1
657,541,553.66,693.85,56.44,148.06,0.9717,-1,-1,-1
657,418,850.69,632.59,57.79,119.9,0.9707,-1,-1,-1
657,539,584.79,735.61,86.27,138.95,0.9696,-1,-1,-1
657,426,555.32,480.56,60.81,129.56,0.9688,-1,-1,-1
657,536,902.21,121.59,46.21,90.99,0.9657,-1,-1,-1
657,479,326.54,113.59,44.62,80.69,0.9643,-1,-1,-1
657,429,271.25,244.1,33.39,109.03,0.9414,-1,-1,-1
658,542,1312.92,159.36,45.58,101.23,0.9754,-1,-1,-1
658,548,1593.39,438.21,76.26,126.41,0.9753,-1,-1,-1
658,538,893.1,366.02,56.62,120.09,0.9745,-1,-1,-1
658,547,1514.99,324.18,58.01,117.72,0.9738,-1,-1,-1
658,541,540.8,693.73,52.73,147.94,0.9733,-1,-1,-1
658,544,1318.14,378.2,77.76,102.9,0.9725,-1,-1,-1
658,537,912.29,669.06,91.45,125.01,0.9722,-1,-1,-1
658,418,840.26,632.97,68.69,120.77,0.9711,-1,-1,-1
658,426,545.7,479.44,67.6,136.93,0.9691,-1,-1,-1
658,539,577.66,734.84,90.25,139.02,0.9684,-1,-1,-1
658,536,890.42,121.58,47.35,90.97,0.9679,-1,-1,-1
658,429,259.0,246.36,38.48,106.98,0.9654,-1,-1,-1
658,479,320.35,114.28,38.77,80.8,0.9599,-1,-1,-1
658,534,605.31,430.23,39.72,125.61,0.9581,-1,-1,-1
659,539,568.69,731.46,94.52,139.85,0.9807,-1,-1,-1
659,544,1317.37,379.73,70.76,104.5,0.9794,-1,-1,-1
659,426,537.53,481.09,69.26,136.88,0.976,-1,-1,-1
659,538,890.39,369.7,50.76,118.42,0.9757,-1,-1,-1
659,418,831.76,634.19,79.43,123.97,0.9755,-1,-1,-1
659,548,1592.9,440.4,70.73,126.52,0.9751,-1,-1,-1
659,429,245.26,247.51,50.36,106.61,0.9742,-1,-1,-1
659,537,912.98,674.35,90.75,127.73,0.9741,-1,-1,-1
659,542,1308.95,158.45,40.19,101.68,0.9699,-1,-1,-1
659,541,529.39,693.48,48.62,148.53,0.9695,-1,-1,-1
659,547,1505.59,322.93,61.65,120.18,0.9674,-1,-1,-1
659,534,602.18,433.12,37.62,121.56,0.9672,-1,-1,-1
659,536,878.5,121.52,47.06,91.26,0.9653,-1,-1,-1
659,479,316.18,112.39,33.37,82.03,0.9479,-1,-1,-1
660,539,564.8,730.95,92.27,138.12,0.9851,-1,-1,-1
660,418,820.21,633.42,93.48,130.68,0.9786,-1,-1,-1
660,426,532.66,484.89,71.66,137.81,0.9753,-1,-1,-1
660,547,1496.4,321.53,66.06,122.03,0.9742,-1,-1,-1
660,541,516.19,693.89,45.61,149.73,0.9718,-1,-1,-1
660,544,1314.28,381.84,67.66,103.06,0.9718,-1,-1,-1
660,538,890.36,371.64,43.67,115.91,0.9696,-1,-1,-1
660,548,1599.48,445.35,58.55,118.7,0.969,-1,-1,-1
660,542,1299.3,158.21,38.56,101.65,0.9668,-1,-1,-1
660,429,231.92,250.22,59.46,104.68,0.9651,-1,-1,-1
660,536,868.56,120.97,44.72,91.51,0.9649,-1,-1,-1
660,534,596.89,431.25,38.44,120.31,0.9605,-1,-1,-1
660,537,929.8,678.7,76.75,126.49,0.9492,-1,-1,-1
660,479,312.83,111.3,31.01,82.3,0.944,-1,-1,-1
661,539,562.96,730.51,88.52,137.51,0.9831,-1,-1,-1
661,418,817.53,637.13,95.89,131.99,0.977,-1,-1,-1
661,548,1595.6,447.45,57.51,118.57,0.9728,-1,-1,-1
661,547,1490.25,322.5,67.15,121.09,0.9727,-1,-1,-1
661,537,940.74,680.63,67.83,126.01,0.9721,-1,-1,-1
661,426,528.63,488.6,70.19,137.92,0.9714,-1,-1,-1
661,534,590.09,428.72,41.2,118.82,0.9692,-1,-1,-1
661,429,217.57,251.63,65.23,104.86,0.9685,-1,-1,-1
661,544,1313.33,384.39,63.72,102.42,0.9679,-1,-1,-1
661,542,1289.32,157.55,37.62,102.24,0.9657,-1,-1,-1
661,538,889.99,373.23,38.19,113.38,0.9639,-1,-1,-1
661,536,859.8,120.89,39.51,91.82,0.9615,-1,-1,-1
661,541,503.62,694.24,41.39,151.02,0.9611,-1,-1,-1
661,479,303.09,112.52,30.9,81.4,0.9339,-1,-1,-1
662,539,564.92,730.32,84.2,138.08,0.9822,-1,-1,-1
662,537,929.85,681.88,83.07,127.41,0.9778,-1,-1,-1
662,547,1485.3,324.39,66.13,120.99,0.9763,-1,-1,-1
662,544,1307.71,385.12,66.2,101.32,0.9746,-1,-1,-1
662,426,527.09,494.06,62.7,131.85,0.9727,-1,-1,-1
662,548,1582.75,447.8,66.78,118.62,0.9724,-1,-1,-1
662,418,820.68,640.09,93.11,136.92,0.9711,-1,-1,-1
662,429,203.67,253.83,67.34,102.48,0.9708,-1,-1,-1
662,541,485.13,694.46,44.06,151.0,0.969,-1,-1,-1
662,534,584.2,427.1,40.83,126.01,0.968,-1,-1,-1
662,542,1278.19,157.96,37.71,102.21,0.9631,-1,-1,-1
662,538,881.52,373.75,41.28,115.62,0.953,-1,-1,-1
662,479,290.15,111.09,34.69,83.17,0.9519,-1,-1,-1
662,536,851.96,120.88,35.39,92.86,0.949,-1,-1,-1
663,539,564.94,730.33,84.18,138.09,0.9823,-1,-1,-1
663,537,929.86,681.76,83.38,127.47,0.9783,-1,-1,-1
663,547,1485.3,324.36,66.12,121.1,0.9763,-1,-1,-1
663,544,1307.77,385.11,66.14,101.37,0.9744,-1,-1,-1
663,426,527.11,493.98,62.76,131.9,0.9725,-1,-1,-1
663,548,1582.74,447.74,66.81,118.65,0.9725,-1,-1,-1
663,429,203.7,253.87,67.3,102.43,0.9708,-1,-1,-1
663,418,820.68,640.14,93.12,136.8,0.9707,-1,-1,-1
663,541,485.11,694.46,44.05,151.03,0.9689,-1,-1,-1
663,534,583.9,427.09,41.16,126.11,0.9679,-1,-1,-1
663,542,1278.18,157.96,37.66,102.2,0.9631,-1,-1,-1
663,538,881.44,373.73,41.35,115.73,0.9559,-1,-1,-1
663,479,290.15,111.21,34.68,83.09,0.9523,-1,-1,-1
663,536,851.92,120.91,35.37,92.85,0.9489,-1,-1,-1
664,537,926.4,683.26,97.36,127.32,0.9795,-1,-1,-1
664,429,192.42,255.73,64.14,102.32,0.9753,-1,-1,-1
664,548,1570.41,447.62,75.0,120.81,0.9742,-1,-1,-1
664,418,831.95,644.14,88.42,135.28,0.9742,-1,-1,-1
664,538,868.86,372.52,46.99,116.05,0.9742,-1,-1,-1
664,544,1296.1,384.77,72.67,102.12,0.9731,-1,-1,-1
664,539,571.06,729.03,75.75,139.61,0.9731,-1,-1,-1
664,426,528.46,498.46,54.22,127.64,0.9688,-1,-1,-1
664,541,465.7,695.31,44.94,150.77,0.9682,-1,-1,-1
664,547,1481.26,326.05,62.0,119.49,0.9647,-1,-1,-1
664,479,275.57,112.73,42.57,81.08,0.9639,-1,-1,-1
664,542,1266.27,157.54,37.15,102.01,0.9632,-1,-1,-1
664,534,576.76,425.91,42.5,130.26,0.9587,-1,-1,-1
664,536,843.93,120.96,29.4,92.16,0.9504,-1,-1,-1
664,553,1718.84,922.47,104.77,127.36,0.3498,-1,-1,-1
665,537,924.8,686.08,100.68,125.95,0.9774,-1,-1,-1
665,544,1284.88,384.41,76.13,104.77,0.9771,-1,-1,-1
665,539,575.31,725.07,66.07,144.84,0.9766,-1,-1,-1
665,548,1561.1,447.84,80.3,122.74,0.9759,-1,-1,-1
665,429,180.92,254.85,62.4,102.16,0.9735,-1,-1,-1
665,426,528.94,497.69,49.19,127.96,0.9732,-1,-1,-1
665,538,856.76,372.33,51.56,118.92,0.9708,-1,-1,-1
665,418,843.74,646.61,81.63,132.36,0.9702,-1,-1,-1
665,479,261.53,113.16,48.35,79.23,0.9672,-1,-1,-1
665,547,1480.35,328.84,59.58,116.3,0.9671,-1,-1,-1
665,534,570.68,425.49,41.18,133.61,0.9617,-1,-1,-1
665,542,1253.15,157.18,37.83,101.54,0.9613,-1,-1,-1
665,541,439.76,697.97,54.66,147.32,0.9548,-1,-1,-1
665,536,834.92,119.18,27.63,93.19,0.9525,-1,-1,-1
665,553,1712.41,916.04,114.49,148.51,0.344,-1,-1,-1
666,548,1552.08,449.44,86.34,120.76,0.985,-1,-1,-1
666,544,1276.26,383.98,78.7,108.7,0.9821,-1,-1,-1
666,539,562.07,720.56,75.68,149.38,0.9768,-1,-1,-1
666,426,519.5,498.57,51.66,126.48,0.9754,-1,-1,-1
666,418,830.87,650.14,100.31,128.53,0.975,-1,-1,-1
666,537,936.95,687.29,89.11,131.18,0.9731,-1,-1,-1
666,429,170.42,256.3,62.51,101.8,0.9726,-1,-1,-1
666,542,1238.48,156.18,39.2,102.4,0.9703,-1,-1,-1
666,538,843.88,371.77,58.36,121.46,0.9698,-1,-1,-1
666,534,561.5,426.1,43.08,134.87,0.9698,-1,-1,-1
666,547,1481.12,329.06,52.84,115.47,0.9697,-1,-1,-1
666,541,416.3,697.2,59.82,151.5,0.9667,-1,-1,-1
666,479,247.34,113.61,49.8,77.48,0.9643,-1,-1,-1
666,536,821.73,119.02,28.83,92.72,0.9537,-1,-1,-1
666,553,1698.22,916.64,131.46,150.27,0.82,-1,-1,-1
667,548,1546.5,450.52,88.09,124.71,0.9829,-1,-1,-1
667,544,1266.97,386.32,82.32,111.48,0.9767,-1,-1,-1
667,539,552.56,716.97,74.95,154.18,0.9753,-1,-1,-1
667,426,504.88,497.07,61.98,130.23,0.9749,-1,-1,-1
667,429,161.48,257.41,59.31,100.23,0.9714,-1,-1,-1
667,538,830.59,373.71,62.86,123.21,0.97,-1,-1,-1
667,542,1224.02,156.0,39.2,101.45,0.9689,-1,-1,-1
667,541,392.63,698.13,63.68,152.19,0.9674,-1,-1,-1
667,547,1467.44,327.75,60.23,118.57,0.965,-1,-1,-1
667,537,954.87,690.92,77.48,131.78,0.9649,-1,-1,-1
667,418,819.85,653.49,110.22,124.61,0.9649,-1,-1,-1
667,479,234.37,112.82,44.83,79.23,0.9623,-1,-1,-1
667,534,553.62,431.24,38.5,132.16,0.9611,-1,-1,-1
667,536,807.94,119.74,30.02,92.41,0.9547,-1,-1,-1
667,553,1695.56,916.49,131.92,151.12,0.6779,-1,-1,-1
668,539,538.93,716.67,84.32,151.17,0.9819,-1,-1,-1
668,548,1544.15,453.28,88.32,124.24,0.9777,-1,-1,-1
668,426,489.11,496.04,69.58,135.04,0.9749,-1,-1,-1
668,544,1258.69,388.1,81.66,113.93,0.9731,-1,-1,-1
668,541,370.57,697.73,66.71,155.45,0.9699,-1,-1,-1
668,547,1453.32,325.59,68.2,122.19,0.9693,-1,-1,-1
668,429,152.25,256.72,55.64,99.58,0.969,-1,-1,-1
668,538,819.43,375.76,63.02,123.81,0.9681,-1,-1,-1
668,542,1209.81,154.61,38.45,101.3,0.9665,-1,-1,-1
668,418,816.32,657.62,111.78,123.5,0.9645,-1,-1,-1
668,537,962.11,695.46,86.71,127.57,0.9517,-1,-1,-1
668,536,791.29,119.71,35.94,92.8,0.9466,-1,-1,-1
668,479,223.13,114.96,39.87,75.88,0.9437,-1,-1,-1
668,534,543.5,432.74,32.88,133.94,0.9264,-1,-1,-1
668,553,1698.44,927.14,121.32,136.09,0.5304,-1,-1,-1
669,539,538.94,716.69,84.45,151.15,0.982,-1,-1,-1
669,548,1544.08,453.27,88.54,124.32,0.9776,-1,-1,-1
669,426,489.03,495.96,69.66,135.17,0.9752,-1,-1,-1
669,544,1258.73,388.04,81.59,113.81,0.973,-1,-1,-1
669,547,1453.21,325.32,69.0,122.48,0.9701,-1,-1,-1
669,541,370.58,697.7,66.74,155.48,0.9696,-1,-1,-1
669,429,152.2,256.73,55.64,99.58,0.969,-1,-1,-1
669,538,819.39,375.73,63.1,123.86,0.9681,-1,-1,-1
669,542,1209.8,154.65,38.49,101.23,0.9667,-1,-1,-1
669,418,816.32,657.66,111.85,123.46,0.9639,-1,-1,-1
669,537,962.12,695.46,86.87,127.66,0.951,-1,-1,-1
669,536,791.24,119.73,35.96,92.77,0.9454,-1,-1,-1
669,479,223.14,114.88,39.85,75.95,0.9437,-1,-1,-1
669,534,543.52,432.72,32.89,134.1,0.9273,-1,-1,-1
669,553,1698.34,927.07,121.57,136.43,0.5302,-1,-1,-1
670,539,530.81,713.42,89.0,146.95,0.9795,-1,-1,-1
670,547,1442.01,323.62,74.86,124.31,0.9717,-1,-1,-1
670,429,144.86,255.41,52.4,100.07,0.9712,-1,-1,-1
670,541,348.14,698.85,70.5,156.02,0.9703,-1,-1,-1
670,548,1547.69,454.31,79.95,120.92,0.9685,-1,-1,-1
670,544,1257.48,390.88,74.08,113.63,0.9679,-1,-1,-1
670,536,774.79,118.73,42.92,92.59,0.9665,-1,-1,-1
670,418,814.62,656.58,108.98,137.19,0.9629,-1,-1,-1
670,538,809.05,379.78,64.68,121.3,0.9624,-1,-1,-1
670,542,1194.52,152.78,38.68,101.64,0.962,-1,-1,-1
670,426,475.8,501.07,79.66,129.67,0.9619,-1,-1,-1
670,479,212.63,114.71,38.69,75.07,0.9507,-1,-1,-1
670,534,531.85,440.14,35.53,123.57,0.9507,-1,-1,-1
670,537,947.26,699.48,106.34,120.44,0.9506,-1,-1,-1
671,426,464.61,521.9,86.59,113.38,0.9812,-1,-1,-1
671,547,1432.58,322.88,74.0,123.8,0.9809,-1,-1,-1
671,539,524.65,714.61,84.97,144.43,0.9801,-1,-1,-1
671,538,801.21,380.73,64.07,119.69,0.9753,-1,-1,-1
671,537,945.15,698.15,100.54,120.3,0.9748,-1,-1,-1
671,541,330.0,700.0,71.27,156.25,0.9728,-1,-1,-1
671,544,1258.14,394.43,64.24,110.01,0.9728,-1,-1,-1
671,418,823.15,658.08,94.23,139.28,0.9673,-1,-1,-1
671,536,759.47,118.78,47.26,92.84,0.9668,-1,-1,-1
671,548,1552.81,453.43,72.58,121.9,0.9657,-1,-1,-1
671,429,126.15,253.54,61.41,104.66,0.9654,-1,-1,-1
671,534,517.98,439.85,42.16,107.56,0.9519,-1,-1,-1
671,542,1180.22,151.79,38.7,101.61,0.9506,-1,-1,-1
671,479,202.74,112.93,36.13,76.63,0.9111,-1,-1,-1
671,553,1697.79,924.67,107.06,126.29,0.7254,-1,-1,-1
672,539,521.73,716.29,74.51,143.15,0.9787,-1,-1,-1
672,547,1424.13,323.7,75.61,123.12,0.9742,-1,-1,-1
672,541,310.59,702.46,71.55,155.12,0.9742,-1,-1,-1
672,548,1544.0,452.79,77.48,122.36,0.974,-1,-1,-1
672,538,799.11,382.57,60.09,118.13,0.9719,-1,-1,-1
672,544,1255.34,395.19,58.67,109.37,0.9716,-1,-1,-1
672,429,111.24,252.14,63.6,107.0,0.9685,-1,-1,-1
672,536,742.94,118.91,49.7,93.1,0.9658,-1,-1,-1
672,426,458.43,520.98,81.63,116.31,0.9643,-1,-1,-1
672,542,1165.92,150.2,39.12,102.05,0.9638,-1,-1,-1
672,418,846.71,663.66,72.02,133.91,0.9622,-1,-1,-1
672,534,511.59,439.99,41.61,100.32,0.961,-1,-1,-1
672,479,189.98,111.45,36.76,76.44,0.9294,-1,-1,-1
672,537,970.9,698.91,90.69,126.6,0.921,-1,-1,-1
672,553,1697.1,924.66,98.75,123.64,0.8755,-1,-1,-1
673,541,292.91,703.91,71.23,154.08,0.978,-1,-1,-1
673,538,799.4,382.97,50.98,115.91,0.9754,-1,-1,-1
673,548,1531.95,453.74,82.85,125.49,0.9751,-1,-1,-1
673,539,521.38,715.2,63.0,144.97,0.9746,-1,-1,-1
673,544,1242.17,393.91,66.94,109.62,0.9724,-1,-1,-1
673,429,96.07,249.28,67.88,110.82,0.9716,-1,-1,-1
673,547,1418.31,326.28,68.14,120.92,0.9713,-1,-1,-1
673,536,727.24,118.58,50.14,93.4,0.969,-1,-1,-1
673,534,502.42,437.92,42.4,109.15,0.9682,-1,-1,-1
673,426,457.32,525.39,70.91,112.7,0.9681,-1,-1,-1
673,542,1152.92,148.79,37.07,103.24,0.9618,-1,-1,-1
673,479,174.0,108.55,40.12,79.0,0.9599,-1,-1,-1
673,537,966.25,699.85,91.23,132.57,0.9514,-1,-1,-1
673,418,844.02,665.23,86.77,133.57,0.9501,-1,-1,-1
673,553,1698.64,923.23,92.76,123.06,0.9456,-1,-1,-1
674,548,1523.88,454.05,84.98,128.34,0.9774,-1,-1,-1
674,539,526.09,713.76,53.96,146.47,0.9751,-1,-1,-1
674,544,1231.24,392.37,73.74,112.92,0.9735,-1,-1,-1
674,538,790.0,381.05,55.09,119.75,0.9715,-1,-1,-1
674,429,83.7,248.78,66.8,111.91,0.9707,-1,-1,-1
674,536,712.7,117.62,50.2,93.99,0.9698,-1,-1,-1
674,547,1416.98,327.64,61.15,118.9,0.9698,-1,-1,-1
674,418,836.74,664.43,96.8,135.87,0.9686,-1,-1,-1
674,542,1139.72,148.57,37.83,103.24,0.9666,-1,-1,-1
674,537,988.8,701.28,64.62,131.25,0.9652,-1,-1,-1
674,541,275.05,706.87,76.24,151.48,0.962,-1,-1,-1
674,534,493.47,435.83,45.9,122.28,0.9598,-1,-1,-1
674,426,459.36,523.05,60.32,115.74,0.9591,-1,-1,-1
674,479,159.69,107.15,41.73,79.35,0.9571,-1,-1,-1
674,553,1687.51,917.38,103.98,130.07,0.9221,-1,-1,-1
675,548,1523.86,454.07,84.89,128.32,0.9772,-1,-1,-1
675,539,526.03,713.75,54.06,146.46,0.9751,-1,-1,-1
675,544,1231.23,392.4,73.74,112.86,0.9734,-1,-1,-1
675,538,790.01,381.04,55.03,119.78,0.9715,-1,-1,-1
675,429,83.69,248.77,66.81,111.96,0.9707,-1,-1,-1
675,536,712.66,117.59,50.43,94.07,0.9697,-1,-1,-1
675,547,1417.0,327.69,61.06,118.83,0.9696,-1,-1,-1
675,418,836.72,664.46,97.34,135.73,0.9675,-1,-1,-1
675,542,1139.7,148.64,37.86,103.18,0.9665,-1,-1,-1
675,537,989.06,701.22,64.28,131.23,0.9652,-1,-1,-1
675,541,275.01,706.86,76.28,151.37,0.9613,-1,-1,-1
675,534,493.08,435.95,46.34,122.54,0.9602,-1,-1,-1
675,426,459.47,523.52,60.11,115.13,0.959,-1,-1,-1
675,479,159.55,107.14,41.94,79.28,0.9573,-1,-1,-1
675,553,1687.21,917.24,104.67,130.48,0.9087,-1,-1,-1
676,548,1520.03,456.22,84.09,129.07,0.9758,-1,-1,-1
676,538,775.36,379.55,61.12,124.57,0.9745,-1,-1,-1
676,541,258.6,707.07,76.48,153.49,0.9739,-1,-1,-1
676,547,1419.73,326.22,50.53,119.9,0.9734,-1,-1,-1
676,537,994.7,703.06,65.89,131.9,0.9715,-1,-1,-1
676,544,1223.7,391.44,78.89,117.18,0.9708,-1,-1,-1
676,536,699.76,117.45,49.13,93.6,0.9707,-1,-1,-1
676,429,75.08,249.86,63.89,112.71,0.97,-1,-1,-1
676,539,526.44,709.25,49.11,152.14,0.9693,-1,-1,-1
676,542,1126.73,148.4,39.42,102.46,0.9671,-1,-1,-1
676,418,831.25,664.07,105.72,132.07,0.9622,-1,-1,-1
676,479,144.46,107.09,45.45,77.08,0.9613,-1,-1,-1
676,426,462.44,514.8,54.46,123.45,0.9494,-1,-1,-1
676,553,1678.44,919.36,106.88,125.97,0.9482,-1,-1,-1
676,534,484.03,435.39,44.36,130.26,0.931,-1,-1,-1
677,544,1215.77,391.0,83.29,121.21,0.979,-1,-1,-1
677,537,983.71,701.12,89.8,134.67,0.9776,-1,-1,-1
677,541,242.28,708.63,77.18,152.54,0.9761,-1,-1,-1
677,548,1520.32,458.66,80.83,130.21,0.9747,-1,-1,-1
677,538,764.21,380.26,65.18,127.0,0.9738,-1,-1,-1
677,539,511.21,706.89,60.03,153.2,0.9734,-1,-1,-1
677,542,1111.03,149.3,43.62,101.84,0.972,-1,-1,-1
677,547,1419.81,324.63,45.18,121.41,0.9698,-1,-1,-1
677,429,67.29,251.98,59.49,111.79,0.9678,-1,-1,-1
677,536,688.07,116.99,44.2,94.1,0.9663,-1,-1,-1
677,426,452.42,505.75,57.68,132.58,0.9634,-1,-1,-1
677,479,131.31,107.5,42.8,75.82,0.9612,-1,-1,-1
677,534,477.51,437.78,43.95,130.04,0.9504,-1,-1,-1
677,418,826.44,663.6,117.87,137.35,0.943,-1,-1,-1
677,553,1672.55,916.8,106.7,126.67,0.9199,-1,-1,-1
678,537,981.07,703.35,105.65,124.67,0.979,-1,-1,-1
678,544,1212.58,393.3,82.03,120.24,0.9771,-1,-1,-1
678,542,1097.34,148.63,44.8,102.25,0.9763,-1,-1,-1
678,538,753.24,380.77,69.13,126.52,0.9762,-1,-1,-1
678,548,1524.25,460.48,82.75,128.6,0.9751,-1,-1,-1
678,429,61.17,253.17,51.73,109.81,0.975,-1,-1,-1
678,541,224.64,709.78,80.25,151.54,0.9748,-1,-1,-1
678,539,498.14,703.59,67.19,156.71,0.9728,-1,-1,-1
678,426,440.12,511.51,66.77,131.26,0.9682,-1,-1,-1
678,547,1404.81,323.43,60.39,122.51,0.9673,-1,-1,-1
678,536,677.06,117.01,39.07,92.7,0.9641,-1,-1,-1
678,418,841.55,668.45,101.75,137.63,0.9629,-1,-1,-1
678,479,120.11,109.01,36.51,73.74,0.9502,-1,-1,-1
678,534,469.79,436.85,42.49,125.56,0.926,-1,-1,-1
678,553,1667.51,915.35,110.0,130.21,0.7871,-1,-1,-1
679,541,207.41,712.22,78.08,150.47,0.9788,-1,-1,-1
679,547,1392.04,321.05,64.55,124.67,0.9751,-1,-1,-1
679,429,57.46,254.82,43.63,106.15,0.973,-1,-1,-1
679,542,1082.25,148.18,46.26,102.19,0.9727,-1,-1,-1
679,539,485.76,702.24,76.62,155.09,0.972,-1,-1,-1
679,538,744.88,383.24,70.31,126.15,0.9689,-1,-1,-1
679,548,1530.49,461.79,77.37,127.25,0.9652,-1,-1,-1
679,544,1215.56,396.24,73.77,117.05,0.9626,-1,-1,-1
679,426,428.82,507.37,74.55,136.24,0.9589,-1,-1,-1
679,418,860.87,665.93,82.57,142.76,0.9579,-1,-1,-1
679,536,665.94,114.7,34.21,95.92,0.9534,-1,-1,-1
679,537,983.66,706.81,119.87,122.18,0.9451,-1,-1,-1
679,479,110.7,105.58,31.54,75.06,0.9328,-1,-1,-1
679,534,441.98,439.88,59.87,120.55,0.7383,-1,-1,-1
679,553,1672.65,921.28,97.78,118.68,0.589,-1,-1,-1
680,548,1513.15,463.46,94.25,123.87,0.9792,-1,-1,-1
680,539,475.62,702.27,86.78,149.12,0.9782,-1,-1,-1
680,429,44.18,254.61,46.64,107.78,0.9746,-1,-1,-1
680,418,883.54,667.37,67.56,142.94,0.9733,-1,-1,-1
680,542,1067.3,147.66,46.12,101.21,0.9729,-1,-1,-1
680,547,1383.82,320.6,62.97,124.5,0.9705,-1,-1,-1
680,541,189.93,713.12,78.28,151.45,0.9688,-1,-1,-1
680,538,735.2,385.54,70.8,125.88,0.9681,-1,-1,-1
680,544,1217.44,399.38,69.86,115.24,0.966,-1,-1,-1
680,537,992.57,704.5,111.84,135.0,0.9553,-1,-1,-1
680,426,413.73,458.9,91.85,179.88,0.9515,-1,-1,-1
680,536,655.06,114.0,28.82,95.06,0.9507,-1,-1,-1
680,479,100.37,100.59,28.81,79.57,0.9164,-1,-1,-1
681,548,1513.15,463.45,94.24,123.89,0.9793,-1,-1,-1
681,539,475.51,702.3,86.87,148.97,0.9783,-1,-1,-1
681,429,44.24,254.6,46.57,107.77,0.9746,-1,-1,-1
681,418,883.57,667.4,67.68,142.9,0.9731,-1,-1,-1
681,542,1067.26,147.63,46.17,101.26,0.973,-1,-1,-1
681,547,1383.71,320.54,63.08,124.61,0.9705,-1,-1,-1
681,541,189.94,713.06,78.29,151.53,0.969,-1,-1,-1
681,538,735.21,385.57,70.78,125.79,0.968,-1,-1,-1
681,544,1215.93,399.35,72.22,115.43,0.9664,-1,-1,-1
681,537,992.57,704.58,111.94,134.91,0.955,-1,-1,-1
681,426,413.56,456.91,92.03,182.22,0.9508,-1,-1,-1
681,536,655.05,113.99,28.88,95.1,0.9506,-1,-1,-1
681,479,100.38,100.5,28.72,79.71,0.9163,-1,-1,-1
682,539,465.07,703.18,89.17,147.67,0.9779,-1,-1,-1
682,418,871.34,666.71,84.0,142.66,0.9774,-1,-1,-1
682,537,1018.22,704.9,81.42,137.22,0.9754,-1,-1,-1
682,547,1375.36,320.89,67.13,122.83,0.9754,-1,-1,-1
682,542,1051.57,146.69,46.54,100.83,0.9753,-1,-1,-1
682,541,170.51,715.89,77.64,151.59,0.9745,-1,-1,-1
682,538,732.29,388.7,65.14,123.26,0.9693,-1,-1,-1
682,429,25.06,253.75,55.53,108.95,0.9682,-1,-1,-1
682,548,1499.02,462.23,104.96,122.68,0.9636,-1,-1,-1
682,544,1218.34,400.3,63.06,114.06,0.9628,-1,-1,-1
682,536,641.53,114.13,29.71,95.82,0.9425,-1,-1,-1
682,479,82.0,98.03,33.27,81.89,0.9294,-1,-1,-1
682,426,399.98,512.08,108.35,141.09,0.8417,-1,-1,-1
682,534,435.03,447.61,44.95,109.04,0.6146,-1,-1,-1
683,547,1368.7,320.01,63.25,122.69,0.9757,-1,-1,-1
683,539,459.76,704.6,76.6,147.29,0.9746,-1,-1,-1
683,541,150.39,718.11,82.07,151.46,0.9742,-1,-1,-1
683,544,1210.05,399.45,67.25,114.94,0.9739,-1,-1,-1
683,538,732.47,389.66,58.14,120.96,0.9735,-1,-1,-1
683,542,1035.69,144.97,46.79,101.41,0.971,-1,-1,-1
683,537,1030.41,702.86,79.21,137.88,0.9675,-1,-1,-1
683,548,1489.2,464.95,109.07,119.45,0.9672,-1,-1,-1
683,429,7.5,251.59,61.65,112.36,0.9666,-1,-1,-1
683,418,865.92,664.05,93.43,140.51,0.9666,-1,-1,-1
683,426,398.8,528.03,91.1,117.52,0.9605,-1,-1,-1
683,553,1685.95,919.34,73.79,125.32,0.9551,-1,-1,-1
683,479,63.0,91.4,38.13,86.84,0.9453,-1,-1,-1
683,536,625.92,114.3,34.94,97.07,0.9245,-1,-1,-1
683,534,434.4,447.33,37.77,115.89,0.8849,-1,-1,-1
684,539,455.84,705.04,78.74,149.11,0.978,-1,-1,-1
684,541,131.57,720.09,80.77,152.55,0.9748,-1,-1,-1
684,538,722.91,389.04,60.34,122.38,0.9737,-1,-1,-1
684,547,1365.28,320.11,58.33,121.07,0.9733,-1,-1,-1
684,544,1196.87,396.81,75.18,117.95,0.9708,-1,-1,-1
684,429,0.0,250.38,60.97,114.72,0.9707,-1,-1,-1
684,542,1021.17,143.41,47.78,102.87,0.9689,-1,-1,-1
684,548,1474.77,460.91,116.43,127.08,0.9619,-1,-1,-1
684,537,1025.69,702.74,97.01,136.93,0.9611,-1,-1,-1
684,536,609.43,114.71,38.26,95.28,0.9601,-1,-1,-1
684,418,861.71,663.67,105.14,142.06,0.9544,-1,-1,-1
684,479,44.74,91.18,42.81,86.7,0.9496,-1,-1,-1
684,534,408.75,448.03,56.96,129.27,0.9437,-1,-1,-1
684,553,1677.05,916.12,81.82,130.81,0.9287,-1,-1,-1
684,426,392.4,524.24,78.57,123.25,0.8527,-1,-1,-1
685,544,1187.27,396.73,81.01,119.22,0.978,-1,-1,-1
685,538,707.65,386.77,66.55,125.82,0.9721,-1,-1,-1
685,539,453.91,703.34,73.28,151.19,0.9718,-1,-1,-1
685,429,0.0,249.67,52.67,114.45,0.97,-1,-1,-1
685,541,112.98,721.18,81.52,152.23,0.9697,-1,-1,-1
685,547,1362.92,321.47,59.9,120.25,0.9693,-1,-1,-1
685,426,394.05,532.28,63.49,115.71,0.969,-1,-1,-1
685,534,393.99,443.63,67.33,134.67,0.9688,-1,-1,-1
685,542,1008.91,142.29,44.29,103.06,0.9661,-1,-1,-1
685,537,1030.7,703.02,95.99,125.51,0.9642,-1,-1,-1
685,536,591.58,114.34,43.35,95.0,0.9633,-1,-1,-1
685,548,1468.27,465.69,121.52,122.63,0.9348,-1,-1,-1
685,479,25.28,90.89,50.51,85.67,0.9199,-1,-1,-1
685,418,863.66,667.21,123.71,139.92,0.9126,-1,-1,-1
685,553,1682.6,913.26,77.69,134.63,0.788,-1,-1,-1
686,544,1175.91,396.8,88.29,121.65,0.9784,-1,-1,-1
686,534,380.89,442.33,70.78,137.16,0.9732,-1,-1,-1
686,538,693.51,386.48,71.32,126.99,0.9711,-1,-1,-1
686,541,94.2,722.64,82.65,146.87,0.9704,-1,-1,-1
686,547,1355.25,321.04,61.91,121.71,0.9688,-1,-1,-1
686,542,995.21,141.09,41.17,103.14,0.9666,-1,-1,-1
686,536,572.85,114.39,48.3,94.93,0.9657,-1,-1,-1
686,426,394.4,533.77,59.01,114.7,0.9648,-1,-1,-1
686,537,1022.96,700.8,106.07,124.2,0.9606,-1,-1,-1
686,539,452.8,700.6,65.76,154.28,0.9566,-1,-1,-1
686,429,0.91,252.47,37.43,111.21,0.9525,-1,-1,-1
686,479,9.3,85.79,50.38,91.24,0.9516,-1,-1,-1
686,548,1465.53,470.85,119.76,118.07,0.9342,-1,-1,-1
686,418,867.26,669.02,121.13,142.27,0.9088,-1,-1,-1
686,553,1696.8,912.71,58.05,129.58,0.8048,-1,-1,-1
686,556,1114.73,805.44,20.49,21.15,0.6807,-1,-1,-1
687,544,1175.9,396.81,88.24,121.56,0.9786,-1,-1,-1
687,534,380.98,442.27,70.7,137.23,0.9732,-1,-1,-1
687,538,693.37,386.44,71.35,127.07,0.9714,-1,-1,-1
687,541,94.12,722.58,82.66,147.03,0.9701,-1,-1,-1
687,547,1355.1,321.01,61.95,121.73,0.9689,-1,-1,-1
687,542,995.22,141.08,41.14,103.17,0.9666,-1,-1,-1
687,536,572.72,114.42,48.62,94.93,0.9655,-1,-1,-1
687,426,394.45,533.85,58.98,114.54,0.964,-1,-1,-1
687,537,1022.96,700.89,105.96,124.12,0.9602,-1,-1,-1
687,539,452.79,700.58,65.79,154.32,0.9566,-1,-1,-1
687,429,0.89,252.52,37.42,111.13,0.9519,-1,-1,-1
687,479,9.28,85.7,50.53,91.44,0.9506,-1,-1,-1
687,548,1465.55,470.85,119.77,118.07,0.934,-1,-1,-1
687,418,867.22,669.02,121.19,142.25,0.9088,-1,-1,-1
687,553,1696.72,912.81,58.19,129.23,0.7767,-1,-1,-1
687,556,1114.79,805.5,20.38,21.18,0.6852,-1,-1,-1
688,544,1173.35,397.37,87.27,122.01,0.9821,-1,-1,-1
688,547,1340.06,319.44,72.65,123.07,0.9769,-1,-1,-1
688,541,75.76,723.53,84.66,150.13,0.9764,-1,-1,-1
688,538,678.61,386.78,79.41,127.09,0.9737,-1,-1,-1
688,539,439.79,697.25,57.29,155.52,0.9736,-1,-1,-1
688,534,365.92,440.79,76.81,136.14,0.9731,-1,-1,-1
688,418,881.31,667.5,88.18,148.72,0.9713,-1,-1,-1
688,536,554.55,113.95,50.4,95.62,0.9703,-1,-1,-1
688,542,980.56,139.95,40.1,103.3,0.9664,-1,-1,-1
688,537,1036.3,705.99,92.08,125.92,0.963,-1,-1,-1
688,426,388.13,533.14,60.42,115.5,0.9519,-1,-1,-1
688,548,1465.61,473.03,114.96,117.4,0.9471,-1,-1,-1
688,553,1696.17,911.92,57.31,133.6,0.9202,-1,-1,-1
688,479,1.51,91.12,36.2,84.5,0.8847,-1,-1,-1
688,429,0.17,251.9,15.87,109.89,0.8739,-1,-1,-1
688,556,1116.64,806.08,19.34,21.46,0.5768,-1,-1,-1
689,544,1169.97,400.03,83.06,123.66,0.9792,-1,-1,-1
689,538,664.31,386.01,83.13,127.32,0.9771,-1,-1,-1
689,534,353.81,440.52,74.89,131.8,0.977,-1,-1,-1
689,541,61.44,724.23,81.51,152.36,0.9761,-1,-1,-1
689,547,1324.02,318.08,78.98,123.37,0.9751,-1,-1,-1
689,418,897.05,666.84,68.58,149.62,0.9733,-1,-1,-1
689,537,1052.43,706.13,63.48,125.7,0.9689,-1,-1,-1
689,539,425.22,693.04,68.03,160.31,0.9661,-1,-1,-1
689,426,373.96,526.4,65.04,122.78,0.9657,-1,-1,-1
689,536,536.36,114.05,52.34,95.76,0.9648,-1,-1,-1
689,548,1467.23,471.4,109.67,119.74,0.961,-1,-1,-1
689,542,963.07,139.13,42.79,103.86,0.9607,-1,-1,-1
689,553,1696.5,912.29,51.75,130.86,0.9601,-1,-1,-1
690,418,914.22,664.95,60.43,148.73,0.9789,-1,-1,-1
690,547,1313.48,317.25,76.6,123.77,0.9782,-1,-1,-1
690,541,46.78,723.71,77.38,156.87,0.9761,-1,-1,-1
690,539,410.55,693.35,68.41,156.52,0.9754,-1,-1,-1
690,538,654.7,387.01,84.06,129.62,0.9746,-1,-1,-1
690,544,1172.68,402.04,70.34,121.87,0.9697,-1,-1,-1
690,537,1067.47,702.1,69.45,131.69,0.9697,-1,-1,-1
690,534,341.37,441.89,75.63,127.62,0.9695,-1,-1,-1
690,426,360.37,523.39,70.9,126.69,0.9674,-1,-1,-1
690,542,947.9,138.47,41.12,104.14,0.9664,-1,-1,-1
690,536,520.72,113.91,50.13,95.78,0.9656,-1,-1,-1
690,548,1471.32,467.42,103.19,125.84,0.9589,-1,-1,-1
690,553,1692.4,912.51,57.01,125.93,0.952,-1,-1,-1
691,418,906.21,658.38,77.34,157.5,0.9783,-1,-1,-1
691,539,399.32,692.96,72.29,152.69,0.9746,-1,-1,-1
691,547,1301.7,316.35,79.9,122.91,0.9739,-1,-1,-1
691,538,642.57,385.62,85.51,133.54,0.9735,-1,-1,-1
691,537,1057.83,699.28,79.51,133.33,0.9731,-1,-1,-1
691,544,1178.49,404.65,57.96,116.95,0.9698,-1,-1,-1
691,548,1476.73,462.81,92.03,132.64,0.9673,-1,-1,-1
691,426,343.51,527.33,87.99,121.9,0.9645,-1,-1,-1
691,542,931.54,139.3,41.94,103.0,0.9628,-1,-1,-1
691,534,334.78,443.48,74.91,122.66,0.9583,-1,-1,-1
691,541,35.12,723.13,76.12,158.57,0.9514,-1,-1,-1
691,536,506.18,112.83,45.78,96.75,0.9479,-1,-1,-1
691,553,1685.26,912.76,66.9,127.16,0.9153,-1,-1,-1
692,538,640.5,388.93,78.9,130.68,0.9784,-1,-1,-1
692,539,390.31,693.17,69.17,151.02,0.9763,-1,-1,-1
692,544,1175.55,403.97,53.74,118.8,0.9748,-1,-1,-1
692,537,1042.31,697.63,93.45,123.34,0.9745,-1,-1,-1
692,548,1467.33,463.59,94.49,133.1,0.9738,-1,-1,-1
692,541,21.84,725.07,76.01,162.96,0.9722,-1,-1,-1
692,426,334.47,525.95,93.55,120.26,0.9718,-1,-1,-1
692,547,1292.84,316.89,74.03,121.38,0.971,-1,-1,-1
692,418,898.31,659.2,93.66,151.86,0.9674,-1,-1,-1
692,534,330.39,445.7,66.25,118.27,0.9569,-1,-1,-1
692,542,914.36,138.3,42.87,102.55,0.9557,-1,-1,-1
692,536,494.69,113.34,39.56,96.62,0.9474,-1,-1,-1
692,553,1679.49,914.11,72.26,112.42,0.8698,-1,-1,-1
693,538,640.49,388.97,79.05,130.91,0.978,-1,-1,-1
693,539,390.3,693.15,69.15,151.07,0.9764,-1,-1,-1
693,544,1175.57,403.96,53.72,118.76,0.9748,-1,-1,-1
693,537,1042.32,697.62,93.52,123.36,0.9747,-1,-1,-1
693,548,1467.33,463.61,94.49,133.06,0.9738,-1,-1,-1
693,541,21.74,725.05,76.08,162.93,0.972,-1,-1,-1
693,426,334.49,525.89,93.52,120.3,0.9719,-1,-1,-1
693,547,1292.8,316.94,73.82,121.37,0.9711,-1,-1,-1
693,418,898.3,659.22,93.6,151.83,0.9675,-1,-1,-1
693,534,330.43,445.71,66.04,118.27,0.9572,-1,-1,-1
693,542,914.34,138.31,42.91,102.55,0.9558,-1,-1,-1
693,536,494.65,113.35,39.62,96.61,0.9476,-1,-1,-1
693,553,1679.53,914.15,72.45,112.42,0.8546,-1,-1,-1
694,426,322.39,537.67,94.87,112.4,0.9797,-1,-1,-1
694,544,1158.44,402.0,67.41,122.46,0.9771,-1,-1,-1
694,539,383.29,696.55,61.24,147.48,0.9735,-1,-1,-1
694,547,1286.93,318.6,66.76,119.86,0.9722,-1,-1,-1
694,537,1037.28,695.37,80.7,124.32,0.9717,-1,-1,-1
694,548,1456.88,462.52,96.14,138.12,0.9712,-1,-1,-1
694,538,639.37,394.79,69.87,119.68,0.9697,-1,-1,-1
694,541,10.89,725.82,69.87,164.69,0.9683,-1,-1,-1
694,542,899.33,137.6,41.03,102.83,0.9616,-1,-1,-1
694,534,329.78,447.78,57.14,127.35,0.951,-1,-1,-1
694,418,893.45,659.89,118.84,144.47,0.9465,-1,-1,-1
694,536,480.94,112.35,35.18,97.59,0.8746,-1,-1,-1
694,553,1667.31,908.27,86.1,130.99,0.7987,-1,-1,-1
695,539,380.57,696.56,50.48,148.77,0.9728,-1,-1,-1
695,541,0.88,730.92,62.49,162.39,0.9717,-1,-1,-1
695,547,1284.53,317.78,58.9,119.74,0.9717,-1,-1,-1
695,537,1037.97,688.08,79.46,131.49,0.9693,-1,-1,-1
695,544,1146.19,400.2,76.93,123.79,0.9686,-1,-1,-1
695,548,1451.36,462.83,92.53,136.79,0.9664,-1,-1,-1
695,538,637.72,395.64,60.82,120.91,0.9655,-1,-1,-1
695,534,329.46,446.48,49.78,130.94,0.9647,-1,-1,-1
695,426,317.8,549.25,76.64,101.49,0.9583,-1,-1,-1
695,542,881.57,137.0,42.51,102.12,0.9577,-1,-1,-1
695,418,891.17,660.45,124.71,146.06,0.9243,-1,-1,-1
695,536,467.98,112.14,31.23,97.12,0.8736,-1,-1,-1
695,553,1670.98,902.48,76.86,136.46,0.7273,-1,-1,-1
696,544,1134.73,402.76,90.19,118.82,0.9782,-1,-1,-1
696,548,1444.84,464.93,89.39,136.08,0.9781,-1,-1,-1
696,537,1041.51,679.53,77.45,141.16,0.9761,-1,-1,-1
696,534,315.4,444.39,59.8,137.93,0.9725,-1,-1,-1
696,547,1283.49,316.65,47.52,119.86,0.9725,-1,-1,-1
696,539,375.39,694.83,45.14,152.11,0.9714,-1,-1,-1
696,538,621.99,394.44,64.95,125.25,0.966,-1,-1,-1
696,426,314.46,553.18,63.96,98.79,0.9561,-1,-1,-1
696,542,863.85,136.38,41.53,100.99,0.953,-1,-1,-1
696,541,0.86,732.8,46.47,164.8,0.9507,-1,-1,-1
696,418,894.72,664.89,119.56,145.58,0.9492,-1,-1,-1
696,536,450.01,111.08,34.21,98.77,0.6171,-1,-1,-1
697,544,1128.16,405.58,102.0,114.77,0.9767,-1,-1,-1
697,548,1436.98,467.22,87.96,132.36,0.9756,-1,-1,-1
697,418,909.04,665.64,84.81,147.53,0.974,-1,-1,-1
697,547,1272.38,314.29,52.02,122.36,0.9721,-1,-1,-1
697,538,607.25,392.82,67.18,130.51,0.9716,-1,-1,-1
697,534,296.22,441.86,65.42,139.82,0.9715,-1,-1,-1
697,539,359.43,692.7,54.97,153.49,0.9661,-1,-1,-1
697,542,845.85,134.91,43.78,102.88,0.9659,-1,-1,-1
697,537,1046.28,679.37,70.45,141.29,0.9572,-1,-1,-1
697,426,318.11,526.04,49.39,126.71,0.9411,-1,-1,-1
697,536,435.6,111.05,33.23,98.43,0.8516,-1,-1,-1
697,553,1665.97,900.82,75.09,139.46,0.8143,-1,-1,-1
697,541,0.0,741.2,32.13,145.71,0.6991,-1,-1,-1
698,537,1036.05,684.05,87.91,135.69,0.976,-1,-1,-1
698,418,927.79,666.55,60.64,146.74,0.9748,-1,-1,-1
698,548,1426.58,470.28,88.83,129.54,0.9746,-1,-1,-1
698,538,594.84,395.04,70.76,129.29,0.9741,-1,-1,-1
698,547,1258.67,312.72,58.79,124.74,0.9736,-1,-1,-1
698,534,283.03,440.98,69.21,140.6,0.9715,-1,-1,-1
698,539,341.57,690.79,65.56,157.34,0.9713,-1,-1,-1
698,426,315.21,524.37,51.3,130.9,0.9681,-1,-1,-1
698,544,1126.0,407.24,103.25,120.33,0.962,-1,-1,-1
698,536,417.28,112.01,41.26,96.99,0.9594,-1,-1,-1
698,542,829.51,134.52,45.23,104.14,0.9592,-1,-1,-1
698,553,1664.64,902.02,74.62,138.5,0.9505,-1,-1,-1
699,537,1036.01,684.03,87.94,135.75,0.976,-1,-1,-1
699,418,927.85,666.61,60.58,146.61,0.9748,-1,-1,-1
699,548,1426.25,470.22,89.16,129.54,0.9744,-1,-1,-1
699,538,594.84,394.96,70.71,129.35,0.9739,-1,-1,-1
699,547,1258.68,312.73,58.8,124.71,0.9736,-1,-1,-1
699,534,283.07,440.95,69.79,140.71,0.9726,-1,-1,-1
699,539,341.53,690.79,65.6,157.41,0.9714,-1,-1,-1
699,426,315.35,524.66,51.13,130.56,0.9683,-1,-1,-1
699,544,1126.06,407.29,103.2,120.3,0.962,-1,-1,-1
699,536,417.31,112.0,41.19,97.02,0.959,-1,-1,-1
699,542,829.54,134.54,45.16,104.12,0.9583,-1,-1,-1
699,553,1664.72,901.98,74.46,138.52,0.9486,-1,-1,-1
699,558,300.58,477.31,62.3,139.3,0.3948,-1,-1,-1
700,418,942.49,664.48,44.59,150.26,0.9776,-1,-1,-1
700,539,327.33,690.37,74.38,157.59,0.9771,-1,-1,-1
700,547,1247.34,312.31,65.7,124.6,0.9771,-1,-1,-1
700,538,584.91,396.34,74.94,130.17,0.9762,-1,-1,-1
700,534,268.46,439.48,70.64,141.05,0.9759,-1,-1,-1
700,548,1424.09,470.82,82.2,130.35,0.9745,-1,-1,-1
700,537,1030.4,690.59,101.0,126.49,0.9729,-1,-1,-1
700,426,298.56,523.24,60.97,132.7,0.9701,-1,-1,-1
700,542,815.64,133.73,39.74,104.18,0.9592,-1,-1,-1
700,536,399.95,113.08,48.94,98.37,0.959,-1,-1,-1
700,544,1120.98,405.96,103.77,122.6,0.9528,-1,-1,-1
701,548,1421.75,470.88,78.02,132.3,0.9794,-1,-1,-1
701,539,315.13,690.86,92.49,153.07,0.977,-1,-1,-1
701,538,579.08,398.07,72.58,130.73,0.9769,-1,-1,-1
701,534,258.38,443.16,74.01,132.98,0.9759,-1,-1,-1
701,426,287.09,520.14,67.93,139.71,0.9756,-1,-1,-1
701,418,934.91,660.78,58.31,154.08,0.9754,-1,-1,-1
701,544,1125.1,409.43,86.18,120.62,0.9753,-1,-1,-1
701,547,1237.55,312.85,79.01,119.64,0.9728,-1,-1,-1
701,536,383.59,114.69,53.23,98.19,0.9688,-1,-1,-1
701,542,801.84,134.04,38.82,104.57,0.9644,-1,-1,-1
701,537,1030.29,696.58,112.34,120.25,0.9568,-1,-1,-1
702,548,1413.82,471.24,91.21,131.23,0.982,-1,-1,-1
702,539,310.22,692.8,95.59,149.27,0.9818,-1,-1,-1
702,426,276.24,523.94,88.24,137.72,0.9795,-1,-1,-1
702,538,577.26,398.33,70.86,134.91,0.9775,-1,-1,-1
702,418,936.18,659.73,77.07,158.28,0.976,-1,-1,-1
702,544,1133.32,411.72,74.44,119.23,0.9716,-1,-1,-1
702,547,1234.7,315.27,80.84,116.71,0.9693,-1,-1,-1
702,542,788.94,135.13,41.0,104.82,0.9682,-1,-1,-1
702,536,369.0,116.93,55.63,97.64,0.9678,-1,-1,-1
702,534,249.97,444.59,77.05,129.62,0.9652,-1,-1,-1
702,537,1036.13,698.15,110.75,126.14,0.9195,-1,-1,-1
702,553,1674.98,911.35,59.78,127.19,0.4037,-1,-1,-1
703,426,271.32,524.73,99.09,139.85,0.9789,-1,-1,-1
703,418,932.14,661.54,98.46,155.62,0.9779,-1,-1,-1
703,539,315.72,696.94,81.14,148.71,0.9773,-1,-1,-1
703,542,779.36,137.47,43.47,103.81,0.9753,-1,-1,-1
703,538,582.3,403.75,65.02,131.21,0.9736,-1,-1,-1
703,547,1234.27,318.83,78.9,115.44,0.9727,-1,-1,-1
703,548,1407.29,472.95,102.02,130.95,0.9697,-1,-1,-1
703,544,1146.59,413.99,60.52,120.49,0.9694,-1,-1,-1
703,536,357.97,118.99,56.19,97.93,0.9693,-1,-1,-1
703,534,245.74,449.51,77.65,121.63,0.9688,-1,-1,-1
703,537,1050.04,699.12,92.3,129.23,0.9674,-1,-1,-1
703,553,1681.91,910.65,58.23,130.84,0.8704,-1,-1,-1
704,544,1158.87,414.86,48.68,122.69,0.9789,-1,-1,-1
704,426,270.57,528.51,102.5,141.89,0.9773,-1,-1,-1
704,538,593.72,410.01,53.69,126.99,0.9748,-1,-1,-1
704,542,772.7,141.41,44.89,103.21,0.9728,-1,-1,-1
704,539,322.78,701.55,71.26,148.14,0.9728,-1,-1,-1
704,536,350.04,121.43,53.75,98.23,0.9718,-1,-1,-1
704,547,1243.09,323.32,61.8,113.49,0.9709,-1,-1,-1
704,548,1406.27,479.33,101.3,128.16,0.9695,-1,-1,-1
704,418,941.34,668.05,99.82,146.86,0.9684,-1,-1,-1
704,534,248.08,454.37,76.71,115.86,0.9675,-1,-1,-1
704,553,1684.65,909.86,66.41,141.96,0.961,-1,-1,-1
704,537,1070.36,702.51,100.48,127.67,0.9601,-1,-1,-1
705,544,1158.86,414.86,48.68,122.69,0.9789,-1,-1,-1
705,426,270.55,528.36,102.53,142.01,0.9774,-1,-1,-1
705,538,593.77,410.0,53.66,126.95,0.9747,-1,-1,-1
705,542,772.77,141.43,44.82,103.21,0.9729,-1,-1,-1
705,539,322.78,701.52,71.48,148.18,0.9728,-1,-1,-1
705,536,350.04,121.44,53.78,98.2,0.9718,-1,-1,-1
705,547,1243.08,323.36,61.75,113.4,0.9709,-1,-1,-1
705,548,1406.36,479.36,101.09,128.19,0.9698,-1,-1,-1
705,418,941.36,668.04,99.72,146.75,0.9682,-1,-1,-1
705,534,247.99,454.4,76.68,115.79,0.9679,-1,-1,-1
705,537,1070.77,702.52,100.51,127.49,0.9605,-1,-1,-1
705,553,1684.48,909.88,66.74,142.04,0.9595,-1,-1,-1
706,548,1409.02,479.6,95.87,130.04,0.9797,-1,-1,-1
706,547,1255.9,326.0,46.39,113.71,0.979,-1,-1,-1
706,426,271.43,531.02,95.93,145.12,0.9786,-1,-1,-1
706,553,1683.15,911.95,86.45,143.92,0.9754,-1,-1,-1
706,536,347.01,124.56,51.09,99.43,0.9725,-1,-1,-1
706,534,255.37,458.24,69.63,116.67,0.9725,-1,-1,-1
706,542,769.44,144.62,45.6,103.47,0.9718,-1,-1,-1
706,544,1162.88,417.15,49.6,126.19,0.9715,-1,-1,-1
706,538,592.0,415.98,59.56,128.16,0.9692,-1,-1,-1
706,537,1091.54,703.36,77.9,133.27,0.9689,-1,-1,-1
706,539,318.97,705.11,75.54,148.64,0.9687,-1,-1,-1
706,418,955.37,673.03,83.83,144.98,0.967,-1,-1,-1
707,548,1416.56,482.22,91.17,134.66,0.9794,-1,-1,-1
707,418,966.91,676.09,68.75,148.4,0.979,-1,-1,-1
707,544,1167.64,422.75,57.46,124.07,0.9766,-1,-1,-1
707,542,767.12,148.15,44.33,102.46,0.9756,-1,-1,-1
707,537,1105.19,704.56,66.23,135.13,0.9732,-1,-1,-1
707,534,267.71,458.78,60.9,138.2,0.9726,-1,-1,-1
707,536,345.24,128.81,47.4,97.19,0.9724,-1,-1,-1
707,547,1264.93,328.19,41.03,116.02,0.9711,-1,-1,-1
707,539,319.56,706.45,72.73,150.27,0.9703,-1,-1,-1
707,538,587.91,423.2,67.35,124.9,0.9702,-1,-1,-1
707,426,279.73,536.13,81.56,144.25,0.9688,-1,-1,-1
707,553,1687.95,915.16,93.26,147.06,0.9646,-1,-1,-1
708,537,1109.08,704.57,79.39,138.7,0.9786,-1,-1,-1
708,548,1434.21,480.59,77.37,139.11,0.9761,-1,-1,-1
708,542,764.59,150.58,43.94,103.31,0.9753,-1,-1,-1
708,544,1174.52,428.92,59.0,123.22,0.9748,-1,-1,-1
708,547,1269.11,331.35,43.4,116.72,0.9747,-1,-1,-1
708,536,344.72,132.07,45.07,97.69,0.9743,-1,-1,-1
708,426,293.43,542.55,67.25,139.94,0.974,-1,-1,-1
708,539,322.71,703.78,67.29,157.24,0.973,-1,-1,-1
708,418,975.17,676.08,71.21,151.31,0.9726,-1,-1,-1
708,534,284.11,459.83,45.48,139.32,0.9712,-1,-1,-1
708,538,587.63,426.13,76.36,126.57,0.9695,-1,-1,-1
708,553,1690.71,916.37,107.52,148.01,0.9584,-1,-1,-1
709,537,1113.9,706.88,93.0,133.97,0.9807,-1,-1,-1
709,538,591.01,431.83,91.45,125.98,0.9775,-1,-1,-1
709,547,1271.16,333.95,56.81,117.38,0.9748,-1,-1,-1
709,542,760.67,153.95,44.98,104.31,0.9747,-1,-1,-1
709,539,328.82,704.43,68.89,158.38,0.9741,-1,-1,-1
709,418,981.64,674.39,70.61,156.69,0.9739,-1,-1,-1
709,536,342.46,134.53,42.87,98.42,0.9729,-1,-1,-1
709,548,1447.78,481.0,68.95,141.66,0.9729,-1,-1,-1
709,544,1181.67,435.39,63.83,127.21,0.9729,-1,-1,-1
709,553,1701.75,918.08,111.23,148.57,0.9647,-1,-1,-1
709,426,308.02,545.76,57.17,140.44,0.9634,-1,-1,-1
709,534,293.14,458.8,42.61,144.85,0.9609,-1,-1,-1
710,539,333.01,705.55,66.86,151.31,0.9763,-1,-1,-1
710,538,596.79,434.77,93.07,124.92,0.9761,-1,-1,-1
710,547,1272.13,338.41,62.76,117.5,0.9756,-1,-1,-1
710,418,988.97,674.59,77.45,158.93,0.9741,-1,-1,-1
710,542,757.65,157.25,45.37,101.6,0.9739,-1,-1,-1
710,548,1468.8,481.57,52.67,141.13,0.9736,-1,-1,-1
710,536,340.95,136.93,42.28,100.16,0.9712,-1,-1,-1
710,544,1188.56,440.54,61.39,125.33,0.9712,-1,-1,-1
710,426,324.71,545.85,42.22,143.58,0.9686,-1,-1,-1
710,534,291.66,459.5,45.92,146.58,0.9676,-1,-1,-1
710,537,1118.38,710.03,108.91,134.76,0.9594,-1,-1,-1
710,553,1711.14,923.22,118.66,145.79,0.9387,-1,-1,-1
711,539,333.1,705.6,66.76,151.28,0.9765,-1,-1,-1
711,538,596.81,434.68,93.06,125.03,0.976,-1,-1,-1
711,547,1272.18,338.41,62.66,117.49,0.9755,-1,-1,-1
711,418,988.96,674.58,77.44,158.9,0.9742,-1,-1,-1
711,542,757.6,157.22,45.5,101.59,0.9739,-1,-1,-1
711,548,1468.89,481.63,52.52,141.18,0.9737,-1,-1,-1
711,536,340.96,136.89,42.39,100.22,0.9715,-1,-1,-1
711,544,1188.48,440.54,61.52,125.38,0.9709,-1,-1,-1
711,426,324.7,545.88,42.51,143.56,0.9683,-1,-1,-1
711,534,291.75,459.46,45.74,146.5,0.9677,-1,-1,-1
711,537,1118.61,710.09,108.23,134.44,0.9603,-1,-1,-1
711,553,1711.16,923.27,118.47,145.67,0.9385,-1,-1,-1
712,539,335.08,706.77,63.31,139.92,0.9757,-1,-1,-1
712,542,756.43,159.23,44.09,101.09,0.9744,-1,-1,-1
712,534,291.41,460.21,49.81,146.1,0.9742,-1,-1,-1
712,426,323.92,545.62,49.28,146.83,0.9738,-1,-1,-1
712,547,1272.87,342.35,61.21,116.14,0.9732,-1,-1,-1
712,548,1477.54,482.71,49.27,139.79,0.9729,-1,-1,-1
712,538,606.91,439.71,81.3,124.62,0.972,-1,-1,-1
712,418,999.98,672.89,83.26,160.11,0.9697,-1,-1,-1
712,544,1197.15,446.21,67.43,122.38,0.9692,-1,-1,-1
712,536,339.12,139.56,42.26,98.68,0.962,-1,-1,-1
712,537,1129.41,710.33,127.24,133.6,0.8953,-1,-1,-1
712,553,1728.31,931.31,125.88,138.58,0.8797,-1,-1,-1
713,418,1009.56,674.09,86.77,157.13,0.9777,-1,-1,-1
713,426,323.7,549.68,63.55,144.74,0.977,-1,-1,-1
713,539,338.57,707.45,58.77,140.91,0.9756,-1,-1,-1
713,544,1207.0,446.88,78.32,124.05,0.975,-1,-1,-1
713,534,292.67,462.92,52.75,141.77,0.9742,-1,-1,-1
713,548,1484.59,483.9,50.31,139.59,0.9721,-1,-1,-1
713,542,749.15,160.33,48.39,101.05,0.9717,-1,-1,-1
713,538,622.32,443.79,63.73,122.4,0.9711,-1,-1,-1
713,547,1276.74,344.24,56.86,116.92,0.9703,-1,-1,-1
713,536,336.53,140.92,44.84,100.61,0.9658,-1,-1,-1
713,553,1751.22,939.6,121.11,128.31,0.8943,-1,-1,-1
713,537,1164.18,715.22,95.49,139.79,0.7944,-1,-1,-1
714,426,324.55,551.03,77.09,145.6,0.9808,-1,-1,-1
714,544,1215.44,447.38,78.3,126.07,0.9753,-1,-1,-1
714,539,340.36,704.45,55.62,144.38,0.9751,-1,-1,-1
714,534,292.98,463.99,57.17,140.26,0.974,-1,-1,-1
714,547,1280.45,343.98,62.75,118.94,0.9737,-1,-1,-1
714,418,1017.35,676.15,83.92,153.71,0.9716,-1,-1,-1
714,536,330.87,142.93,49.07,100.66,0.9713,-1,-1,-1
714,548,1488.88,485.53,53.82,139.4,0.9711,-1,-1,-1
714,538,638.02,443.24,47.71,125.74,0.9702,-1,-1,-1
714,542,748.91,159.64,45.74,103.06,0.9665,-1,-1,-1
714,553,1771.6,939.02,105.05,135.53,0.9522,-1,-1,-1
714,537,1174.24,722.24,104.29,135.75,0.9265,-1,-1,-1
715,544,1216.19,447.61,81.58,125.86,0.9776,-1,-1,-1
715,548,1490.99,487.96,60.46,138.57,0.9773,-1,-1,-1
715,426,327.96,554.27,81.39,142.28,0.9768,-1,-1,-1
715,534,295.11,466.45,57.35,136.2,0.9747,-1,-1,-1
715,539,342.17,701.57,54.68,147.32,0.9734,-1,-1,-1
715,418,1026.09,677.94,77.48,149.1,0.9722,-1,-1,-1
715,547,1284.15,341.83,70.01,122.46,0.9714,-1,-1,-1
715,536,325.29,143.51,52.69,102.0,0.9688,-1,-1,-1
715,538,644.34,445.13,47.2,121.29,0.9688,-1,-1,-1
715,542,756.77,156.37,36.25,107.77,0.957,-1,-1,-1
715,553,1787.54,934.7,93.57,141.77,0.9551,-1,-1,-1
715,537,1187.73,724.6,104.4,134.51,0.9522,-1,-1,-1
716,544,1215.26,448.24,82.39,123.72,0.9783,-1,-1,-1
716,418,1034.21,678.69,69.29,149.37,0.976,-1,-1,-1
716,548,1493.61,491.77,66.4,137.3,0.9745,-1,-1,-1
716,534,300.09,468.49,55.72,133.58,0.9741,-1,-1,-1
716,547,1287.72,340.66,71.27,123.89,0.9738,-1,-1,-1
716,426,333.85,555.26,79.72,143.03,0.9731,-1,-1,-1
716,539,342.68,693.55,53.49,156.53,0.9686,-1,-1,-1
716,536,320.59,143.85,53.9,103.34,0.9677,-1,-1,-1
716,538,650.0,446.04,50.31,121.49,0.964,-1,-1,-1
716,542,755.9,155.4,34.22,107.35,0.9553,-1,-1,-1
716,537,1210.0,723.92,103.36,137.23,0.9436,-1,-1,-1
716,553,1794.77,933.5,90.44,141.19,0.9427,-1,-1,-1
717,544,1215.28,448.24,82.36,123.72,0.9782,-1,-1,-1
717,418,1034.19,678.68,69.29,149.39,0.976,-1,-1,-1
717,548,1493.57,491.78,66.45,137.3,0.9745,-1,-1,-1
717,534,300.12,468.52,55.69,133.44,0.974,-1,-1,-1
717,547,1287.73,340.66,71.27,123.88,0.9739,-1,-1,-1
717,426,333.88,555.29,79.69,142.98,0.9733,-1,-1,-1
717,539,342.7,693.58,53.45,156.52,0.9686,-1,-1,-1
717,536,320.57,143.86,53.83,103.37,0.9674,-1,-1,-1
717,538,650.01,446.01,50.32,121.56,0.9641,-1,-1,-1
717,542,755.85,155.42,34.29,107.31,0.9547,-1,-1,-1
717,537,1209.99,723.95,103.44,137.2,0.9443,-1,-1,-1
717,553,1794.86,933.53,90.35,141.21,0.9431,-1,-1,-1
718,418,1040.83,676.73,63.27,151.7,0.977,-1,-1,-1
718,548,1496.74,495.44,72.05,134.88,0.9767,-1,-1,-1
718,426,340.24,559.94,71.71,138.49,0.9765,-1,-1,-1
718,547,1291.69,340.88,67.68,118.59,0.9746,-1,-1,-1
718,534,305.47,468.02,53.82,138.02,0.9737,-1,-1,-1
718,544,1221.27,447.69,73.37,124.8,0.9696,-1,-1,-1
718,536,316.92,144.49,54.44,104.3,0.966,-1,-1,-1
718,539,342.3,687.96,57.24,160.77,0.9657,-1,-1,-1
718,538,657.26,447.09,57.96,122.44,0.9649,-1,-1,-1
718,537,1237.02,718.76,89.84,146.03,0.963,-1,-1,-1
718,542,754.12,154.77,33.77,105.81,0.9578,-1,-1,-1
718,553,1785.12,932.05,110.52,134.9,0.9013,-1,-1,-1
719,537,1259.73,715.25,74.5,150.46,0.9783,-1,-1,-1
719,547,1293.98,341.81,66.85,117.28,0.977,-1,-1,-1
719,539,340.13,681.22,63.71,159.16,0.9752,-1,-1,-1
719,544,1232.71,445.75,61.06,125.79,0.9736,-1,-1,-1
719,426,348.76,560.38,61.34,134.95,0.9727,-1,-1,-1
719,534,311.08,468.72,47.79,136.81,0.9703,-1,-1,-1
719,418,1047.49,670.32,65.61,157.27,0.9693,-1,-1,-1
719,536,314.12,145.42,54.26,103.53,0.968,-1,-1,-1
719,548,1500.29,497.77,76.04,134.13,0.9652,-1,-1,-1
719,538,665.63,449.39,57.14,123.1,0.9649,-1,-1,-1
719,542,752.07,155.64,36.41,105.42,0.9637,-1,-1,-1
719,553,1805.83,934.86,99.49,130.88,0.948,-1,-1,-1
720,539,339.57,682.54,66.4,146.15,0.9772,-1,-1,-1
720,547,1296.45,341.98,65.13,114.45,0.9767,-1,-1,-1
720,534,314.84,466.93,48.25,138.55,0.9749,-1,-1,-1
720,426,351.44,558.57,57.1,138.46,0.974,-1,-1,-1
720,544,1247.87,442.81,46.88,129.48,0.9735,-1,-1,-1
720,537,1267.79,713.22,77.04,150.39,0.9734,-1,-1,-1
720,548,1504.85,497.64,80.35,133.61,0.9699,-1,-1,-1
720,418,1053.41,666.91,76.26,160.35,0.9697,-1,-1,-1
720,538,672.5,450.49,54.91,124.18,0.9672,-1,-1,-1
720,542,750.79,157.28,41.16,102.74,0.967,-1,-1,-1
720,536,309.33,146.4,56.1,103.81,0.9639,-1,-1,-1
720,553,1813.77,932.5,106.23,135.74,0.8397,-1,-1,-1
721,548,1510.11,497.81,85.98,132.97,0.9787,-1,-1,-1
721,537,1272.17,712.05,90.68,142.08,0.9784,-1,-1,-1
721,539,339.05,680.8,69.37,141.81,0.9767,-1,-1,-1
721,544,1255.85,440.06,44.98,130.47,0.9767,-1,-1,-1
721,534,320.16,464.92,45.83,142.84,0.9755,-1,-1,-1
721,547,1299.92,342.6,63.45,113.19,0.974,-1,-1,-1
721,418,1058.94,663.23,82.62,163.68,0.9727,-1,-1,-1
721,542,746.41,158.36,47.31,101.16,0.9724,-1,-1,-1
721,426,353.86,557.25,53.08,140.81,0.9685,-1,-1,-1
721,536,307.51,146.32,54.14,103.54,0.9675,-1,-1,-1
721,538,672.33,448.86,74.4,127.11,0.9671,-1,-1,-1
721,553,1825.22,934.7,94.78,137.31,0.8584,-1,-1,-1
722,418,1063.46,659.88,83.83,163.31,0.9776,-1,-1,-1
722,539,340.28,681.2,67.34,143.43,0.9762,-1,-1,-1
722,547,1300.63,342.01,64.37,114.49,0.975,-1,-1,-1
722,542,746.22,158.27,47.97,101.63,0.9733,-1,-1,-1
722,536,305.36,146.99,52.37,103.15,0.973,-1,-1,-1
722,548,1514.31,497.77,87.86,133.58,0.9717,-1,-1,-1
722,544,1263.05,437.99,43.54,129.35,0.9709,-1,-1,-1
722,534,324.38,463.95,42.3,142.72,0.9692,-1,-1,-1
722,538,674.78,446.27,76.05,129.36,0.969,-1,-1,-1
722,537,1281.49,713.86,107.43,135.06,0.9613,-1,-1,-1
722,426,355.56,556.35,56.25,140.4,0.9463,-1,-1,-1
722,553,1840.71,942.11,78.1,134.55,0.9347,-1,-1,-1
723,418,1063.41,659.94,83.9,163.22,0.9777,-1,-1,-1
723,539,340.32,681.17,67.4,143.48,0.9761,-1,-1,-1
723,547,1300.67,342.02,64.31,114.51,0.975,-1,-1,-1
723,542,746.21,158.27,47.99,101.6,0.9732,-1,-1,-1
723,536,305.41,146.94,52.19,103.2,0.9728,-1,-1,-1
723,548,1514.31,497.75,87.81,133.63,0.9715,-1,-1,-1
723,544,1263.03,438.08,43.53,129.22,0.9708,-1,-1,-1
723,534,324.39,463.98,42.25,142.7,0.9691,-1,-1,-1
723,538,674.81,446.24,75.99,129.38,0.969,-1,-1,-1
723,537,1281.46,713.82,107.64,135.08,0.9614,-1,-1,-1
723,426,355.52,555.96,56.29,140.73,0.9465,-1,-1,-1
723,553,1840.66,942.09,78.17,134.57,0.9362,-1,-1,-1
724,418,1069.28,660.62,83.55,155.43,0.9786,-1,-1,-1
724,539,343.31,679.87,61.86,145.09,0.9755,-1,-1,-1
724,547,1301.61,340.13,64.82,116.85,0.9748,-1,-1,-1
724,537,1295.68,718.39,109.81,133.11,0.9747,-1,-1,-1
724,542,746.7,156.83,46.27,103.36,0.9739,-1,-1,-1
724,536,305.39,147.64,50.04,102.47,0.9729,-1,-1,-1
724,544,1270.24,437.68,44.89,129.33,0.9708,-1,-1,-1
724,548,1524.88,498.36,76.96,132.8,0.97,-1,-1,-1
724,538,678.43,443.7,78.65,132.43,0.9696,-1,-1,-1
724,534,328.15,463.12,41.18,143.79,0.9681,-1,-1,-1
724,426,356.27,552.93,62.71,141.05,0.9662,-1,-1,-1
724,553,1855.81,946.16,63.36,127.69,0.9279,-1,-1,-1
725,426,357.34,551.46,66.28,142.4,0.9782,-1,-1,-1
725,544,1278.78,436.84,50.68,129.23,0.9764,-1,-1,-1
725,418,1075.04,660.61,85.07,148.11,0.9759,-1,-1,-1
725,547,1301.34,337.2,65.04,120.9,0.9753,-1,-1,-1
725,539,346.05,676.58,57.64,148.06,0.9743,-1,-1,-1
725,548,1539.22,497.25,63.41,132.55,0.9742,-1,-1,-1
725,536,305.01,148.16,45.24,102.51,0.9738,-1,-1,-1
725,537,1315.16,719.45,103.63,141.93,0.9719,-1,-1,-1
725,542,751.2,153.75,38.58,107.06,0.9681,-1,-1,-1
725,538,681.24,440.69,76.14,133.37,0.9674,-1,-1,-1
725,534,331.3,463.35,44.66,144.36,0.9653,-1,-1,-1
726,537,1336.92,721.28,92.42,140.82,0.9785,-1,-1,-1
726,418,1081.42,662.67,80.29,147.33,0.9748,-1,-1,-1
726,548,1554.38,493.55,47.88,135.42,0.9741,-1,-1,-1
726,547,1297.73,335.18,66.18,123.51,0.9736,-1,-1,-1
726,539,346.86,670.92,56.28,152.27,0.9729,-1,-1,-1
726,544,1286.41,438.03,55.11,130.12,0.9716,-1,-1,-1
726,426,359.92,552.27,68.47,142.35,0.9686,-1,-1,-1
726,536,306.68,148.76,41.6,102.11,0.9676,-1,-1,-1
726,534,333.72,465.71,46.06,142.9,0.9642,-1,-1,-1
726,538,688.59,440.04,69.02,131.64,0.9604,-1,-1,-1
726,542,752.05,152.3,36.26,106.28,0.9598,-1,-1,-1
727,418,1088.67,663.54,72.62,149.51,0.9784,-1,-1,-1
727,547,1293.0,334.29,67.07,122.19,0.9749,-1,-1,-1
727,539,346.04,664.86,58.01,158.83,0.9743,-1,-1,-1
727,544,1295.39,440.51,54.41,128.5,0.9694,-1,-1,-1
727,542,751.86,151.82,37.77,105.1,0.9667,-1,-1,-1
727,536,306.65,149.34,39.89,102.51,0.9657,-1,-1,-1
727,537,1362.98,721.46,76.83,142.63,0.9641,-1,-1,-1
727,548,1561.62,490.73,43.86,137.19,0.9602,-1,-1,-1
727,426,364.43,563.78,65.68,131.64,0.9598,-1,-1,-1
727,534,335.3,468.4,50.96,140.98,0.9261,-1,-1,-1
727,538,688.61,437.7,66.37,132.62,0.9256,-1,-1,-1
728,539,346.8,662.63,56.88,155.71,0.9786,-1,-1,-1
728,426,367.46,571.64,63.53,125.58,0.9745,-1,-1,-1
728,418,1096.61,662.68,65.55,149.51,0.9737,-1,-1,-1
728,547,1282.74,334.6,77.57,115.57,0.9723,-1,-1,-1
728,544,1304.58,443.62,54.7,126.54,0.9692,-1,-1,-1
728,537,1382.43,718.71,67.54,146.6,0.9691,-1,-1,-1
728,542,752.81,152.75,38.42,103.76,0.9681,-1,-1,-1
728,536,306.23,149.75,39.53,102.64,0.9669,-1,-1,-1
728,548,1561.69,488.7,53.13,138.36,0.9653,-1,-1,-1
728,538,690.62,441.01,60.17,128.99,0.9572,-1,-1,-1
728,534,336.19,470.27,53.73,139.64,0.943,-1,-1,-1
729,539,346.77,662.61,57.06,155.7,0.9786,-1,-1,-1
729,426,367.38,571.6,63.57,125.6,0.9746,-1,-1,-1
729,418,1096.62,662.65,65.6,149.59,0.9735,-1,-1,-1
729,547,1282.79,334.6,77.54,115.68,0.9724,-1,-1,-1
729,544,1304.69,443.58,54.47,126.61,0.9691,-1,-1,-1
729,537,1382.76,718.79,66.9,146.48,0.9684,-1,-1,-1
729,542,752.56,152.77,38.68,103.73,0.9684,-1,-1,-1
729,536,306.23,149.71,39.53,102.71,0.9668,-1,-1,-1
729,548,1561.56,488.67,53.25,138.34,0.9654,-1,-1,-1
729,538,690.65,441.06,60.8,129.03,0.9576,-1,-1,-1
729,534,336.19,470.22,53.75,139.65,0.9449,-1,-1,-1
729,559,747.59,553.33,19.47,17.58,0.5188,-1,-1,-1
730,418,1101.93,660.36,59.8,150.21,0.9755,-1,-1,-1
730,539,347.64,659.21,54.66,149.56,0.9753,-1,-1,-1
730,534,340.9,470.85,52.88,137.88,0.972,-1,-1,-1
730,547,1280.45,336.04,82.56,111.27,0.9718,-1,-1,-1
730,537,1397.42,717.43,60.24,147.22,0.9711,-1,-1,-1
730,542,751.9,154.11,40.78,102.14,0.9708,-1,-1,-1
730,426,371.94,577.15,60.39,121.89,0.9705,-1,-1,-1
730,548,1567.69,486.8,59.42,138.72,0.9679,-1,-1,-1
730,536,306.42,150.19,40.08,103.38,0.9671,-1,-1,-1
730,538,694.79,443.22,61.35,127.63,0.9615,-1,-1,-1
730,544,1311.6,445.1,60.06,127.33,0.9605,-1,-1,-1
731,547,1276.05,338.56,89.37,110.95,0.9792,-1,-1,-1
731,539,347.58,658.36,55.69,140.96,0.9767,-1,-1,-1
731,418,1105.3,656.25,65.18,154.35,0.9742,-1,-1,-1
731,534,346.87,469.47,47.94,138.93,0.9739,-1,-1,-1
731,426,372.09,576.19,60.71,123.35,0.9739,-1,-1,-1
731,544,1318.19,445.89,65.09,128.33,0.9722,-1,-1,-1
731,537,1408.9,716.05,63.76,149.48,0.9717,-1,-1,-1
731,542,745.51,154.06,52.77,102.17,0.9713,-1,-1,-1
731,536,306.93,152.0,40.74,102.37,0.9686,-1,-1,-1
731,538,700.55,446.0,57.44,128.28,0.965,-1,-1,-1
731,548,1576.78,487.27,64.92,138.23,0.9627,-1,-1,-1
732,547,1272.3,336.75,94.6,113.41,0.9829,-1,-1,-1
732,426,373.9,564.54,60.4,137.51,0.9772,-1,-1,-1
732,418,1108.77,655.1,70.3,149.84,0.9768,-1,-1,-1
732,539,346.88,659.0,59.73,140.13,0.9759,-1,-1,-1
732,537,1416.27,713.83,80.01,150.1,0.9738,-1,-1,-1
732,534,350.21,468.03,47.3,138.7,0.9726,-1,-1,-1
732,548,1583.59,489.41,68.9,137.76,0.9704,-1,-1,-1
732,544,1322.62,445.2,69.44,129.86,0.9704,-1,-1,-1
732,538,711.62,448.4,51.94,127.87,0.9693,-1,-1,-1
732,542,745.07,153.59,59.35,103.62,0.9692,-1,-1,-1
732,536,307.54,153.44,41.42,101.81,0.969,-1,-1,-1
732,560,0.31,555.27,30.8,105.99,0.861,-1,-1,-1
733,547,1272.87,334.15,92.72,116.38,0.9809,-1,-1,-1
733,539,346.4,659.3,63.61,142.09,0.9774,-1,-1,-1
733,418,1113.33,653.93,72.25,145.21,0.9756,-1,-1,-1
733,534,351.85,465.96,49.98,139.29,0.9744,-1,-1,-1
733,544,1326.15,444.7,72.84,128.81,0.9738,-1,-1,-1
733,548,1591.71,493.5,72.72,137.3,0.9723,-1,-1,-1
733,537,1420.48,715.81,96.86,136.98,0.9707,-1,-1,-1
733,536,308.63,153.43,41.57,102.94,0.9695,-1,-1,-1
733,542,746.32,152.79,62.42,106.06,0.9688,-1,-1,-1
733,426,372.23,567.16,64.16,137.65,0.9686,-1,-1,-1
733,560,0.0,539.73,47.56,128.28,0.9622,-1,-1,-1
733,538,723.92,449.73,43.61,129.24,0.9568,-1,-1,-1
733,561,0.0,300.51,25.61,120.52,0.8312,-1,-1,-1
734,539,346.89,659.59,64.71,142.88,0.9786,-1,-1,-1
734,542,746.55,150.12,71.28,108.26,0.9744,-1,-1,-1
734,547,1278.18,331.23,83.37,117.55,0.9734,-1,-1,-1
734,534,353.45,466.09,55.77,138.87,0.9722,-1,-1,-1
734,544,1329.99,444.99,75.32,127.09,0.9707,-1,-1,-1
734,536,310.35,154.78,41.84,103.34,0.9696,-1,-1,-1
734,418,1117.65,655.15,75.53,138.77,0.9691,-1,-1,-1
734,548,1604.62,498.2,70.13,139.3,0.9683,-1,-1,-1
734,538,729.88,449.45,40.19,130.91,0.9682,-1,-1,-1
734,561,0.0,299.44,44.13,121.79,0.9664,-1,-1,-1
734,560,0.0,537.81,74.8,132.57,0.966,-1,-1,-1
734,537,1430.59,715.87,103.03,132.81,0.9647,-1,-1,-1
734,426,378.81,569.27,63.94,134.33,0.9629,-1,-1,-1
735,539,346.91,659.65,64.66,142.8,0.9785,-1,-1,-1
735,542,746.73,150.1,71.02,108.28,0.9747,-1,-1,-1
735,547,1278.2,331.25,83.3,117.27,0.9733,-1,-1,-1
735,534,353.43,466.07,55.94,139.12,0.9712,-1,-1,-1
735,544,1329.98,444.75,75.33,127.32,0.971,-1,-1,-1
735,536,310.38,154.77,41.83,103.34,0.9696,-1,-1,-1
735,418,1117.63,655.13,75.43,138.8,0.9693,-1,-1,-1
735,548,1605.01,498.1,69.73,139.32,0.9682,-1,-1,-1
735,538,729.88,449.42,40.25,130.95,0.968,-1,-1,-1
735,561,0.0,299.4,44.15,121.87,0.9665,-1,-1,-1
735,560,0.0,537.67,74.85,132.91,0.9662,-1,-1,-1
735,537,1430.65,715.86,102.94,132.8,0.9649,-1,-1,-1
735,426,378.76,569.17,63.98,134.43,0.9626,-1,-1,-1
736,560,0.0,539.16,93.76,136.14,0.98,-1,-1,-1
736,542,748.79,149.92,76.14,106.52,0.9798,-1,-1,-1
736,548,1613.3,501.27,68.54,139.5,0.9761,-1,-1,-1
736,539,348.15,658.09,65.94,146.03,0.9754,-1,-1,-1
736,537,1450.37,719.44,97.71,137.37,0.9737,-1,-1,-1
736,426,380.45,570.18,66.42,135.18,0.9728,-1,-1,-1
736,547,1285.19,332.23,74.66,112.03,0.9726,-1,-1,-1
736,561,0.0,299.58,63.72,124.81,0.9696,-1,-1,-1
736,418,1123.78,657.62,74.87,137.24,0.9694,-1,-1,-1
736,536,312.45,156.51,40.85,105.65,0.9689,-1,-1,-1
736,538,736.6,449.39,40.76,128.59,0.9683,-1,-1,-1
736,544,1334.25,441.06,73.01,130.89,0.9666,-1,-1,-1
736,534,356.22,467.52,60.52,134.51,0.9662,-1,-1,-1
737,547,1283.11,332.67,76.28,110.75,0.9778,-1,-1,-1
737,537,1472.51,721.53,83.45,139.06,0.9758,-1,-1,-1
737,426,385.87,576.14,61.14,128.95,0.9734,-1,-1,-1
737,548,1621.88,504.97,71.55,138.0,0.9729,-1,-1,-1
737,561,0.78,300.97,75.37,125.79,0.9722,-1,-1,-1
737,539,350.28,654.57,66.01,149.54,0.9713,-1,-1,-1
737,418,1129.18,659.0,76.41,137.08,0.971,-1,-1,-1
737,536,317.15,158.26,41.35,104.79,0.9702,-1,-1,-1
737,538,744.01,448.91,43.02,125.6,0.968,-1,-1,-1
737,544,1343.21,437.91,68.22,132.39,0.9662,-1,-1,-1
737,534,360.24,467.23,64.06,131.63,0.9662,-1,-1,-1
737,560,14.02,536.09,91.44,131.65,0.965,-1,-1,-1
737,542,750.09,151.01,83.15,104.53,0.9341,-1,-1,-1
738,542,754.91,154.0,85.91,102.54,0.9754,-1,-1,-1
738,548,1635.26,506.91,75.07,136.67,0.9752,-1,-1,-1
738,418,1135.57,659.05,78.33,138.32,0.9752,-1,-1,-1
738,537,1492.38,721.38,79.49,140.31,0.9749,-1,-1,-1
738,426,390.74,571.71,58.49,134.93,0.9746,-1,-1,-1
738,538,753.19,448.21,47.91,124.52,0.9743,-1,-1,-1
738,547,1284.82,333.92,72.8,109.27,0.9741,-1,-1,-1
738,544,1351.22,435.29,66.34,136.15,0.9735,-1,-1,-1
738,539,352.58,648.77,64.98,155.8,0.9722,-1,-1,-1
738,561,14.91,303.56,70.05,125.1,0.969,-1,-1,-1
738,536,323.65,159.05,39.91,103.63,0.9685,-1,-1,-1
738,534,365.78,469.49,68.46,124.43,0.9672,-1,-1,-1
738,560,37.25,538.6,71.83,129.77,0.9615,-1,-1,-1
738,564,0.91,852.1,37.39,137.94,0.9393,-1,-1,-1
739,537,1509.21,720.27,70.73,142.45,0.9804,-1,-1,-1
739,548,1646.4,506.53,80.11,139.22,0.9795,-1,-1,-1
739,542,761.44,156.07,86.02,100.25,0.9771,-1,-1,-1
739,539,356.69,645.64,63.65,155.84,0.9747,-1,-1,-1
739,426,396.28,574.52,60.8,132.98,0.9739,-1,-1,-1
739,544,1365.06,433.56,62.55,135.53,0.9725,-1,-1,-1
739,547,1284.17,332.71,72.89,111.2,0.9724,-1,-1,-1
739,418,1140.92,655.24,76.41,142.27,0.9721,-1,-1,-1
739,560,62.5,538.27,55.29,131.2,0.9715,-1,-1,-1
739,538,762.98,447.83,53.13,128.28,0.9702,-1,-1,-1
739,536,330.9,160.24,40.35,103.92,0.9696,-1,-1,-1
739,561,37.11,307.26,55.61,121.84,0.9691,-1,-1,-1
739,534,374.52,474.55,70.38,114.61,0.9649,-1,-1,-1
739,564,0.0,819.81,51.1,168.42,0.9435,-1,-1,-1
740,547,1291.25,332.39,72.74,112.99,0.9804,-1,-1,-1
740,539,362.71,645.0,60.94,145.74,0.9786,-1,-1,-1
740,548,1664.44,505.68,77.29,140.13,0.9763,-1,-1,-1
740,537,1527.35,717.07,58.12,146.2,0.9761,-1,-1,-1
740,418,1147.13,650.19,77.56,147.18,0.9737,-1,-1,-1
740,426,403.62,580.58,62.04,127.48,0.973,-1,-1,-1
740,544,1378.64,433.43,61.62,132.8,0.9719,-1,-1,-1
740,538,771.39,448.94,60.73,128.2,0.9716,-1,-1,-1
740,534,380.04,473.36,75.41,121.91,0.9677,-1,-1,-1
740,560,77.11,535.72,52.19,134.57,0.9664,-1,-1,-1
740,536,340.27,161.03,39.11,103.16,0.9637,-1,-1,-1
740,564,10.12,817.13,53.16,174.83,0.9633,-1,-1,-1
740,561,60.79,309.27,44.04,119.96,0.9624,-1,-1,-1
740,542,772.58,154.77,84.58,101.52,0.957,-1,-1,-1
741,547,1291.21,332.37,72.78,113.02,0.9804,-1,-1,-1
741,539,362.83,645.02,60.89,145.72,0.978,-1,-1,-1
741,537,1527.5,717.03,57.99,146.23,0.9762,-1,-1,-1
741,548,1664.31,505.7,77.43,140.1,0.9761,-1,-1,-1
741,418,1147.15,650.16,77.56,147.25,0.9736,-1,-1,-1
741,426,403.6,580.74,62.04,127.3,0.9729,-1,-1,-1
741,544,1378.5,433.45,61.71,132.81,0.9721,-1,-1,-1
741,538,771.41,448.93,60.73,128.29,0.9716,-1,-1,-1
741,534,380.01,473.34,75.56,122.01,0.9674,-1,-1,-1
741,560,76.99,535.72,52.31,134.61,0.9666,-1,-1,-1
741,536,340.22,161.0,39.14,103.19,0.9637,-1,-1,-1
741,564,9.98,817.1,53.31,174.92,0.9633,-1,-1,-1
741,561,60.7,309.25,44.18,120.01,0.9632,-1,-1,-1
741,542,772.67,154.77,84.51,101.48,0.9569,-1,-1,-1
742,534,388.73,473.92,77.55,119.79,0.9775,-1,-1,-1
742,542,780.91,153.3,84.42,103.72,0.9762,-1,-1,-1
742,537,1544.28,715.08,60.58,146.21,0.9756,-1,-1,-1
742,539,369.34,642.54,58.61,142.29,0.9756,-1,-1,-1
742,426,406.97,574.59,68.12,136.78,0.9747,-1,-1,-1
742,418,1153.62,647.31,83.26,151.13,0.9734,-1,-1,-1
742,544,1394.31,433.2,61.11,129.2,0.9716,-1,-1,-1
742,547,1295.23,328.8,74.4,118.29,0.9702,-1,-1,-1
742,548,1678.66,507.0,72.81,137.1,0.9676,-1,-1,-1
742,561,85.21,310.52,41.16,119.14,0.9645,-1,-1,-1
742,536,349.67,161.52,38.92,103.76,0.9639,-1,-1,-1
742,564,19.08,818.92,60.1,173.52,0.9586,-1,-1,-1
742,538,782.82,448.61,63.97,130.56,0.9575,-1,-1,-1
742,560,91.35,532.12,57.4,139.79,0.9554,-1,-1,-1
743,542,792.7,148.94,82.61,108.21,0.979,-1,-1,-1
743,418,1161.18,643.5,81.25,147.6,0.9784,-1,-1,-1
743,537,1561.87,712.53,73.09,146.94,0.976,-1,-1,-1
743,426,414.26,573.62,70.31,138.65,0.9756,-1,-1,-1
743,547,1301.87,325.12,70.77,121.53,0.9752,-1,-1,-1
743,564,28.82,820.87,69.14,175.59,0.9747,-1,-1,-1
743,539,376.33,643.89,58.68,138.15,0.9741,-1,-1,-1
743,548,1693.24,505.98,70.72,136.7,0.9724,-1,-1,-1
743,534,396.81,475.49,78.14,118.0,0.9713,-1,-1,-1
743,538,792.57,447.19,66.56,132.71,0.9697,-1,-1,-1
743,544,1409.17,435.08,62.86,127.64,0.9687,-1,-1,-1
743,561,97.37,309.67,47.87,121.31,0.9676,-1,-1,-1
743,560,107.46,527.41,64.11,142.15,0.9667,-1,-1,-1
743,536,359.4,162.77,40.33,103.83,0.9649,-1,-1,-1
744,418,1169.8,642.84,75.33,140.62,0.9766,-1,-1,-1
744,534,403.17,473.35,83.1,126.64,0.9749,-1,-1,-1
744,548,1707.89,504.78,67.3,135.69,0.9747,-1,-1,-1
744,539,383.64,643.41,55.68,141.15,0.9737,-1,-1,-1
744,426,420.41,575.26,74.11,137.95,0.9735,-1,-1,-1
744,537,1578.48,711.7,73.5,135.59,0.9734,-1,-1,-1
744,544,1421.72,437.56,65.24,128.07,0.9729,-1,-1,-1
744,542,803.34,149.47,81.39,106.48,0.9726,-1,-1,-1
744,547,1311.28,326.15,64.66,111.86,0.9725,-1,-1,-1
744,560,125.23,525.24,79.39,131.34,0.9707,-1,-1,-1
744,538,806.03,444.59,63.85,134.27,0.9698,-1,-1,-1
744,561,106.2,307.85,61.73,124.8,0.9691,-1,-1,-1
744,536,369.14,163.02,40.06,103.88,0.9684,-1,-1,-1
744,564,37.92,820.12,72.64,175.56,0.9388,-1,-1,-1
745,560,142.47,522.25,83.13,126.55,0.979,-1,-1,-1
745,426,425.52,575.84,76.99,138.29,0.9768,-1,-1,-1
745,539,389.14,643.01,56.28,142.62,0.9759,-1,-1,-1
745,538,818.74,443.4,61.28,135.91,0.9758,-1,-1,-1
745,542,813.9,148.74,78.89,106.28,0.9748,-1,-1,-1
745,548,1724.95,500.88,61.12,137.5,0.974,-1,-1,-1
745,547,1316.11,325.71,62.56,108.32,0.9739,-1,-1,-1
745,534,412.06,472.11,80.5,132.25,0.9721,-1,-1,-1
745,537,1596.89,713.95,74.49,130.64,0.9715,-1,-1,-1
745,544,1434.38,441.66,67.68,126.92,0.9698,-1,-1,-1
745,561,117.75,306.64,73.23,126.96,0.9695,-1,-1,-1
745,418,1177.01,644.46,69.0,134.41,0.9693,-1,-1,-1
745,536,377.69,164.07,39.97,103.39,0.9677,-1,-1,-1
745,564,46.25,822.75,85.07,176.94,0.9634,-1,-1,-1
746,539,393.53,639.05,60.84,145.7,0.9799,-1,-1,-1
746,542,822.19,148.89,80.47,104.2,0.9793,-1,-1,-1
746,548,1738.39,498.97,56.61,137.24,0.9755,-1,-1,-1
746,418,1182.8,644.05,68.6,136.52,0.9753,-1,-1,-1
746,547,1320.08,323.47,53.54,110.05,0.9744,-1,-1,-1
746,426,432.13,577.42,77.15,139.6,0.9743,-1,-1,-1
746,537,1608.38,714.75,77.51,133.45,0.9732,-1,-1,-1
746,538,829.61,441.37,60.63,132.07,0.9726,-1,-1,-1
746,564,53.56,824.17,89.96,177.83,0.9723,-1,-1,-1
746,560,158.88,522.22,81.68,127.88,0.9722,-1,-1,-1
746,534,424.0,472.33,73.66,132.84,0.9713,-1,-1,-1
746,544,1443.89,444.97,70.39,124.11,0.9713,-1,-1,-1
746,536,385.76,164.33,40.43,103.49,0.9674,-1,-1,-1
746,561,132.16,306.96,77.74,126.23,0.9658,-1,-1,-1
747,539,393.57,639.03,60.89,145.76,0.9799,-1,-1,-1
747,542,822.15,148.88,80.44,104.25,0.9794,-1,-1,-1
747,548,1738.42,498.99,56.56,137.22,0.9756,-1,-1,-1
747,418,1182.8,644.07,68.48,136.55,0.9754,-1,-1,-1
747,547,1320.16,323.43,53.41,110.08,0.9744,-1,-1,-1
747,426,432.08,577.46,77.17,139.56,0.9743,-1,-1,-1
747,537,1608.42,714.77,77.49,133.45,0.9731,-1,-1,-1
747,538,829.6,441.37,60.66,132.08,0.9727,-1,-1,-1
747,564,53.57,824.1,89.88,177.87,0.9726,-1,-1,-1
747,560,158.72,522.19,81.85,127.94,0.9724,-1,-1,-1
747,534,424.03,472.32,73.58,132.99,0.9714,-1,-1,-1
747,544,1443.89,444.91,70.42,124.17,0.9711,-1,-1,-1
747,536,385.76,164.3,40.37,103.54,0.9674,-1,-1,-1
747,561,132.12,306.97,77.75,126.2,0.9659,-1,-1,-1
748,547,1323.64,323.12,57.22,110.95,0.9786,-1,-1,-1
748,426,436.68,577.35,79.69,137.92,0.9776,-1,-1,-1
748,538,840.77,441.56,61.57,130.02,0.9759,-1,-1,-1
748,561,150.04,308.52,72.91,124.58,0.9754,-1,-1,-1
748,542,831.44,150.01,79.71,101.33,0.9734,-1,-1,-1
748,537,1623.42,715.43,72.99,134.51,0.9723,-1,-1,-1
748,548,1750.68,496.61,55.71,139.62,0.9715,-1,-1,-1
748,418,1189.07,643.31,72.32,135.57,0.9698,-1,-1,-1
748,536,393.16,164.53,41.79,103.65,0.9696,-1,-1,-1
748,560,178.27,522.72,70.78,129.69,0.9695,-1,-1,-1
748,544,1455.55,448.63,68.37,120.07,0.969,-1,-1,-1
748,539,398.04,634.57,63.94,149.14,0.9664,-1,-1,-1
748,534,429.39,467.29,74.55,145.14,0.9618,-1,-1,-1
748,564,64.35,824.99,89.45,176.73,0.945,-1,-1,-1
749,426,441.15,575.6,78.82,140.42,0.979,-1,-1,-1
749,548,1762.45,495.75,55.72,139.49,0.9753,-1,-1,-1
749,547,1324.97,319.23,64.89,115.37,0.9747,-1,-1,-1
749,539,400.75,632.74,68.35,150.43,0.9745,-1,-1,-1
749,542,838.77,148.76,79.43,102.67,0.9741,-1,-1,-1
749,534,439.92,468.86,69.76,141.44,0.9734,-1,-1,-1
749,537,1636.29,714.64,73.01,135.35,0.9725,-1,-1,-1
749,561,170.95,311.81,60.33,121.84,0.9715,-1,-1,-1
749,538,851.94,442.16,62.24,127.79,0.9708,-1,-1,-1
749,418,1193.13,638.73,75.16,141.63,0.9706,-1,-1,-1
749,536,399.59,165.16,43.69,103.99,0.9702,-1,-1,-1
749,560,197.16,522.19,60.22,130.77,0.9689,-1,-1,-1
749,544,1466.17,446.99,68.06,125.09,0.968,-1,-1,-1
749,564,69.71,829.09,98.24,169.58,0.9394,-1,-1,-1
750,539,404.2,628.37,72.39,148.89,0.9792,-1,-1,-1
750,547,1326.47,315.14,70.48,119.43,0.9771,-1,-1,-1
750,542,849.72,146.13,76.13,104.51,0.9761,-1,-1,-1
750,426,447.84,575.44,70.49,139.71,0.9761,-1,-1,-1
750,536,406.88,164.93,44.41,105.45,0.9736,-1,-1,-1
750,538,863.1,443.91,65.52,127.93,0.9718,-1,-1,-1
750,537,1649.33,710.36,71.55,139.99,0.9715,-1,-1,-1
750,544,1477.66,445.45,64.21,127.08,0.9707,-1,-1,-1
750,534,447.48,468.98,68.7,140.23,0.9694,-1,-1,-1
750,418,1195.42,634.81,80.39,149.42,0.9668,-1,-1,-1
750,548,1774.02,495.47,55.43,139.94,0.9643,-1,-1,-1
750,560,212.64,518.42,56.03,133.87,0.9635,-1,-1,-1
750,561,193.67,314.61,46.86,118.2,0.9524,-1,-1,-1
750,564,91.26,823.09,83.13,178.7,0.9138,-1,-1,-1
751,547,1327.92,312.64,72.5,121.31,0.9774,-1,-1,-1
751,426,453.17,574.43,65.03,140.74,0.9771,-1,-1,-1
751,539,405.34,628.37,73.81,141.76,0.977,-1,-1,-1
751,534,457.18,468.2,64.31,140.85,0.9759,-1,-1,-1
751,537,1659.51,705.33,77.04,145.64,0.9753,-1,-1,-1
751,548,1785.45,497.04,54.97,138.43,0.9753,-1,-1,-1
751,536,415.17,165.33,45.42,105.95,0.9741,-1,-1,-1
751,418,1199.33,631.21,82.08,146.14,0.974,-1,-1,-1
751,538,873.02,441.86,68.61,131.44,0.9727,-1,-1,-1
751,542,862.71,145.14,68.66,107.98,0.9722,-1,-1,-1
751,544,1487.26,444.65,61.32,127.96,0.9721,-1,-1,-1
751,560,226.59,513.05,53.94,139.66,0.9721,-1,-1,-1
751,561,215.56,313.46,42.47,119.67,0.9656,-1,-1,-1
751,564,122.9,832.04,51.77,160.2,0.6267,-1,-1,-1
752,537,1672.81,702.22,77.34,147.97,0.9835,-1,-1,-1
752,426,459.03,573.77,57.97,139.98,0.9774,-1,-1,-1
752,542,873.12,143.46,68.17,104.92,0.9759,-1,-1,-1
752,418,1200.24,632.5,87.23,138.39,0.9757,-1,-1,-1
752,534,466.1,468.64,63.31,140.19,0.9754,-1,-1,-1
752,536,423.45,166.28,45.05,105.28,0.9748,-1,-1,-1
752,539,408.73,628.15,74.8,139.54,0.9744,-1,-1,-1
752,547,1330.0,310.56,74.68,117.16,0.9726,-1,-1,-1
752,560,239.63,509.66,63.65,141.68,0.9716,-1,-1,-1
752,548,1797.13,498.29,56.83,140.35,0.9714,-1,-1,-1
752,538,883.54,442.87,68.1,131.6,0.9705,-1,-1,-1
752,544,1497.58,444.38,57.08,125.24,0.9704,-1,-1,-1
752,561,233.27,313.25,43.19,121.5,0.9685,-1,-1,-1
753,537,1672.88,702.21,77.17,148.03,0.9835,-1,-1,-1
753,426,459.03,573.74,57.98,139.98,0.9774,-1,-1,-1
753,542,873.15,143.45,67.99,105.01,0.9759,-1,-1,-1
753,418,1200.27,632.53,87.19,138.38,0.9756,-1,-1,-1
753,534,466.08,468.63,63.33,140.17,0.9755,-1,-1,-1
753,536,423.45,166.27,45.06,105.28,0.9749,-1,-1,-1
753,539,408.72,628.16,74.83,139.52,0.9744,-1,-1,-1
753,547,1329.95,310.55,74.76,117.18,0.9728,-1,-1,-1
753,548,1797.13,498.31,56.82,140.35,0.9714,-1,-1,-1
753,560,239.63,509.67,63.62,141.82,0.9713,-1,-1,-1
753,544,1497.55,444.37,57.1,125.41,0.9706,-1,-1,-1
753,538,883.58,442.84,67.97,131.6,0.9705,-1,-1,-1
753,561,233.23,313.21,43.23,121.62,0.9687,-1,-1,-1
754,426,464.82,573.74,50.89,140.7,0.9787,-1,-1,-1
754,537,1686.19,699.49,75.54,146.66,0.978,-1,-1,-1
754,539,411.67,628.95,74.4,139.59,0.9776,-1,-1,-1
754,548,1808.05,501.62,59.95,138.82,0.9769,-1,-1,-1
754,418,1202.97,631.35,87.57,135.25,0.9755,-1,-1,-1
754,561,244.47,312.81,51.26,124.43,0.9754,-1,-1,-1
754,547,1334.04,310.45,73.83,116.41,0.9725,-1,-1,-1
754,536,432.28,166.06,45.04,106.12,0.9717,-1,-1,-1
754,542,885.1,144.25,59.7,103.42,0.9717,-1,-1,-1
754,538,894.78,440.3,63.76,133.71,0.9688,-1,-1,-1
754,534,474.71,469.7,62.46,139.87,0.966,-1,-1,-1
754,544,1508.22,443.57,58.08,121.22,0.9655,-1,-1,-1
754,560,256.03,507.05,64.1,133.34,0.959,-1,-1,-1
755,537,1700.8,697.47,71.73,139.75,0.9835,-1,-1,-1
755,539,414.87,629.8,72.27,139.97,0.9789,-1,-1,-1
755,534,484.24,469.05,59.14,141.0,0.975,-1,-1,-1
755,536,441.25,166.99,45.19,104.89,0.9749,-1,-1,-1
755,418,1209.93,631.09,80.44,135.45,0.9739,-1,-1,-1
755,548,1817.15,504.06,63.66,138.3,0.9739,-1,-1,-1
755,426,471.8,576.1,46.77,141.14,0.9733,-1,-1,-1
755,547,1339.0,311.99,69.11,114.87,0.973,-1,-1,-1
755,542,896.1,143.87,57.09,103.1,0.9717,-1,-1,-1
755,544,1518.51,442.68,59.44,118.73,0.97,-1,-1,-1
755,560,270.58,504.24,60.81,126.63,0.9653,-1,-1,-1
755,538,906.57,438.67,59.6,133.32,0.9651,-1,-1,-1
755,561,255.87,311.77,66.78,125.58,0.9597,-1,-1,-1
755,564,177.16,829.69,50.56,139.25,0.6618,-1,-1,-1
756,539,417.8,628.46,70.12,142.32,0.9783,-1,-1,-1
756,547,1341.1,311.85,65.59,114.58,0.9778,-1,-1,-1
756,536,450.93,167.12,44.88,105.16,0.9767,-1,-1,-1
756,534,493.3,468.76,57.93,142.18,0.9755,-1,-1,-1
756,548,1827.09,505.68,67.33,137.53,0.9752,-1,-1,-1
756,561,268.24,310.76,75.75,127.13,0.975,-1,-1,-1
756,537,1715.21,696.67,70.69,134.1,0.9742,-1,-1,-1
756,542,910.77,144.77,56.92,103.31,0.9725,-1,-1,-1
756,426,475.41,577.31,52.31,139.7,0.9718,-1,-1,-1
756,418,1214.0,631.81,73.7,136.34,0.9716,-1,-1,-1
756,560,284.33,503.71,60.46,124.39,0.9698,-1,-1,-1
756,544,1528.91,441.88,61.65,120.21,0.9693,-1,-1,-1
756,538,918.96,436.06,59.58,132.64,0.969,-1,-1,-1
757,539,421.14,623.73,67.21,146.24,0.9772,-1,-1,-1
757,536,460.1,167.71,46.92,105.07,0.9761,-1,-1,-1
757,418,1218.24,631.13,68.9,137.62,0.9746,-1,-1,-1
757,547,1342.97,308.78,57.87,117.99,0.9744,-1,-1,-1
757,548,1837.0,504.48,71.06,138.36,0.9744,-1,-1,-1
757,544,1536.81,438.28,65.2,123.48,0.9741,-1,-1,-1
757,426,479.57,575.5,58.05,143.02,0.9733,-1,-1,-1
757,542,923.61,143.78,56.18,102.59,0.9728,-1,-1,-1
757,537,1729.84,699.02,70.19,133.97,0.9717,-1,-1,-1
757,538,931.89,435.76,61.7,128.38,0.9714,-1,-1,-1
757,561,285.54,313.24,71.69,127.33,0.9699,-1,-1,-1
757,534,503.04,470.15,56.95,142.05,0.9689,-1,-1,-1
757,560,298.56,502.74,54.77,127.23,0.964,-1,-1,-1
758,426,484.62,576.61,62.17,142.26,0.9769,-1,-1,-1
758,544,1543.88,434.61,71.08,128.5,0.9767,-1,-1,-1
758,534,512.39,469.32,55.08,143.89,0.9759,-1,-1,-1
758,539,423.93,620.28,68.25,150.19,0.9755,-1,-1,-1
758,536,469.36,167.72,47.94,105.04,0.9754,-1,-1,-1
758,547,1344.07,306.06,63.82,120.24,0.974,-1,-1,-1
758,418,1219.62,625.83,76.34,144.41,0.9731,-1,-1,-1
758,538,944.67,436.7,60.67,126.56,0.9731,-1,-1,-1
758,537,1744.87,699.39,67.9,135.08,0.9729,-1,-1,-1
758,542,937.78,142.23,51.62,104.14,0.972,-1,-1,-1
758,548,1847.27,506.26,70.97,133.36,0.9719,-1,-1,-1
758,561,308.3,317.0,59.04,124.37,0.9676,-1,-1,-1
758,560,312.12,501.15,51.34,129.95,0.9668,-1,-1,-1
759,426,484.76,576.59,62.08,142.31,0.9767,-1,-1,-1
759,544,1543.87,434.62,71.07,128.48,0.9767,-1,-1,-1
759,534,512.42,469.32,55.04,143.91,0.9758,-1,-1,-1
759,536,469.36,167.72,47.94,105.06,0.9755,-1,-1,-1
759,539,423.96,620.28,68.22,150.26,0.9753,-1,-1,-1
759,547,1344.1,306.06,63.76,120.23,0.974,-1,-1,-1
759,538,944.65,436.71,60.63,126.49,0.9731,-1,-1,-1
759,418,1219.6,625.84,76.45,144.47,0.973,-1,-1,-1
759,537,1744.88,699.44,67.85,134.97,0.9729,-1,-1,-1
759,542,937.7,142.2,51.68,104.21,0.9721,-1,-1,-1
759,548,1847.3,506.32,70.85,133.17,0.9719,-1,-1,-1
759,561,308.25,316.94,59.06,124.44,0.9678,-1,-1,-1
759,560,312.08,501.16,51.37,129.95,0.9664,-1,-1,-1
760,426,487.54,578.06,69.31,143.31,0.9794,-1,-1,-1
760,539,426.52,616.61,69.27,151.37,0.978,-1,-1,-1
760,544,1552.54,432.58,71.56,130.78,0.9771,-1,-1,-1
760,537,1756.46,697.58,68.91,138.28,0.9762,-1,-1,-1
760,534,520.9,469.84,54.88,143.07,0.9745,-1,-1,-1
760,548,1859.03,504.27,60.97,131.26,0.9737,-1,-1,-1
760,560,323.58,497.51,51.59,133.48,0.9721,-1,-1,-1
760,542,951.07,139.86,45.55,105.75,0.9718,-1,-1,-1
760,418,1222.23,620.45,79.84,149.33,0.9712,-1,-1,-1
760,538,956.96,437.8,60.44,124.15,0.9709,-1,-1,-1
760,536,479.11,167.62,47.38,104.99,0.9702,-1,-1,-1
760,561,330.42,317.88,50.02,123.74,0.9692,-1,-1,-1
760,547,1344.99,300.72,68.4,125.77,0.9692,-1,-1,-1
760,564,232.73,828.11,57.4,140.64,0.7969,-1,-1,-1
761,539,428.97,614.59,69.23,153.35,0.9812,-1,-1,-1
761,418,1221.17,614.75,85.52,151.62,0.9773,-1,-1,-1
761,536,487.6,167.42,48.78,105.02,0.9764,-1,-1,-1
761,426,491.97,578.12,73.7,143.93,0.9761,-1,-1,-1
761,537,1768.73,692.27,69.04,142.92,0.9753,-1,-1,-1
761,534,529.28,468.87,53.9,144.2,0.9727,-1,-1,-1
761,547,1347.71,296.97,68.59,127.21,0.9712,-1,-1,-1
761,538,967.48,438.82,57.88,125.2,0.9712,-1,-1,-1
761,548,1870.26,500.9,49.74,134.85,0.9685,-1,-1,-1
761,544,1557.6,429.96,73.69,128.56,0.9677,-1,-1,-1
761,560,335.04,491.67,50.36,139.12,0.9667,-1,-1,-1
761,561,356.84,318.88,43.8,122.86,0.9648,-1,-1,-1
761,542,969.01,137.93,34.11,104.24,0.9535,-1,-1,-1
761,564,243.33,828.93,65.23,143.32,0.8746,-1,-1,-1
762,544,1564.02,429.86,74.81,122.93,0.9807,-1,-1,-1
762,426,497.02,578.8,73.9,141.53,0.9798,-1,-1,-1
762,539,430.28,612.03,70.99,147.03,0.9768,-1,-1,-1
762,534,537.02,468.55,54.24,145.47,0.9765,-1,-1,-1
762,537,1776.95,690.51,73.28,145.78,0.9756,-1,-1,-1
762,536,496.08,167.2,48.04,104.79,0.9754,-1,-1,-1
762,547,1349.52,296.06,69.82,122.2,0.9739,-1,-1,-1
762,418,1222.91,611.79,89.53,144.63,0.973,-1,-1,-1
762,560,345.81,487.09,50.41,142.43,0.9729,-1,-1,-1
762,561,374.01,317.63,44.77,124.77,0.9704,-1,-1,-1
762,548,1880.83,500.77,38.98,134.91,0.9702,-1,-1,-1
762,538,975.07,437.91,60.83,124.8,0.9676,-1,-1,-1
762,542,979.0,136.77,33.89,104.43,0.9495,-1,-1,-1
762,564,259.17,826.43,57.25,142.96,0.4537,-1,-1,-1
763,539,433.03,611.92,69.53,140.71,0.978,-1,-1,-1
763,426,501.18,576.46,71.9,145.4,0.9769,-1,-1,-1
763,537,1784.27,685.71,75.77,146.42,0.9764,-1,-1,-1
763,547,1350.28,294.76,70.71,120.71,0.9764,-1,-1,-1
763,538,987.2,435.88,57.61,127.43,0.9758,-1,-1,-1
763,534,544.63,468.65,54.39,145.37,0.9756,-1,-1,-1
763,544,1568.26,429.52,77.03,120.73,0.975,-1,-1,-1
763,418,1225.52,612.16,85.68,139.7,0.9747,-1,-1,-1
763,561,384.0,316.65,53.7,126.02,0.9722,-1,-1,-1
763,536,503.84,166.37,45.07,105.41,0.9716,-1,-1,-1
763,560,357.49,481.88,50.86,135.49,0.9671,-1,-1,-1
763,542,987.89,136.21,34.91,103.76,0.9627,-1,-1,-1
763,548,1890.92,499.21,29.08,132.3,0.8625,-1,-1,-1
763,564,272.18,829.72,59.27,143.02,0.6505,-1,-1,-1
764,539,435.92,613.21,67.57,140.47,0.9794,-1,-1,-1
764,418,1228.78,613.05,78.82,139.52,0.9762,-1,-1,-1
764,547,1354.9,295.18,62.5,121.13,0.9743,-1,-1,-1
764,426,505.12,575.76,69.92,144.92,0.974,-1,-1,-1
764,537,1792.56,682.95,72.59,144.94,0.9729,-1,-1,-1
764,538,995.0,431.79,58.57,129.36,0.9719,-1,-1,-1
764,561,395.63,315.27,67.59,127.49,0.9713,-1,-1,-1
764,534,551.73,467.49,54.98,144.73,0.971,-1,-1,-1
764,536,511.08,166.0,41.3,105.55,0.9686,-1,-1,-1
764,544,1570.45,429.08,78.65,121.97,0.9686,-1,-1,-1
764,560,368.65,478.93,52.38,127.89,0.968,-1,-1,-1
764,542,996.73,138.14,35.82,97.67,0.9263,-1,-1,-1
764,567,0.09,63.68,24.36,97.29,0.8573,-1,-1,-1
764,564,283.1,829.83,58.34,137.13,0.7113,-1,-1,-1
765,539,435.89,613.17,67.61,140.61,0.9794,-1,-1,-1
765,418,1228.76,613.06,78.71,139.49,0.9763,-1,-1,-1
765,547,1354.85,295.18,62.58,121.11,0.9743,-1,-1,-1
765,426,505.05,575.79,70.02,144.93,0.9741,-1,-1,-1
765,537,1792.49,682.78,72.68,145.55,0.9729,-1,-1,-1
765,538,994.98,431.77,58.57,129.36,0.9718,-1,-1,-1
765,561,395.63,315.31,67.53,127.45,0.9713,-1,-1,-1
765,534,551.71,467.51,54.99,144.69,0.971,-1,-1,-1
765,536,511.01,166.01,41.43,105.54,0.9688,-1,-1,-1
765,544,1570.26,429.05,78.77,122.0,0.9683,-1,-1,-1
765,560,368.6,478.9,52.52,128.02,0.9679,-1,-1,-1
765,542,996.72,138.12,35.79,97.62,0.9245,-1,-1,-1
765,567,0.09,63.55,24.28,97.46,0.86,-1,-1,-1
765,564,282.99,829.88,58.52,137.09,0.7383,-1,-1,-1
766,547,1363.41,295.42,48.52,119.1,0.9794,-1,-1,-1
766,539,440.39,613.44,58.41,139.8,0.979,-1,-1,-1
766,418,1230.42,613.44,66.38,139.99,0.9765,-1,-1,-1
766,426,511.29,574.8,63.42,142.55,0.9754,-1,-1,-1
766,534,559.54,465.97,53.09,144.18,0.9747,-1,-1,-1
766,561,409.95,314.44,71.69,125.77,0.9716,-1,-1,-1
766,537,1798.36,681.46,72.66,131.09,0.9709,-1,-1,-1
766,544,1575.07,429.15,75.88,121.02,0.9708,-1,-1,-1
766,564,302.27,828.08,49.27,143.13,0.9689,-1,-1,-1
766,536,519.16,165.48,37.11,106.12,0.9645,-1,-1,-1
766,542,1000.8,137.92,41.37,96.83,0.964,-1,-1,-1
766,560,380.02,477.14,53.3,126.31,0.9568,-1,-1,-1
766,567,0.34,63.71,35.68,93.84,0.9476,-1,-1,-1
766,538,1002.02,430.49,59.57,121.42,0.9431,-1,-1,-1
767,539,444.56,610.0,52.21,142.9,0.98,-1,-1,-1
767,418,1233.29,612.28,54.17,138.7,0.9778,-1,-1,-1
767,534,567.43,464.09,52.01,141.33,0.976,-1,-1,-1
767,426,519.79,573.08,55.9,141.94,0.9758,-1,-1,-1
767,560,392.36,475.16,51.5,129.92,0.9734,-1,-1,-1
767,537,1805.85,681.71,71.76,127.1,0.972,-1,-1,-1
767,544,1579.44,427.21,73.32,123.47,0.9714,-1,-1,-1
767,538,1009.81,429.09,63.12,115.79,0.9707,-1,-1,-1
767,542,1006.7,135.64,47.15,99.84,0.9705,-1,-1,-1
767,561,426.64,314.17,65.0,121.91,0.9698,-1,-1,-1
767,564,318.29,826.66,47.02,144.58,0.9697,-1,-1,-1
767,547,1368.44,293.73,36.49,120.1,0.9651,-1,-1,-1
767,536,527.21,164.41,35.34,106.13,0.9634,-1,-1,-1
767,567,0.72,61.28,45.53,93.83,0.9016,-1,-1,-1
768,539,447.29,606.15,57.61,144.41,0.9808,-1,-1,-1
768,418,1234.37,608.16,61.43,143.51,0.9777,-1,-1,-1
768,544,1586.83,421.79,74.27,130.11,0.9766,-1,-1,-1
768,426,528.09,571.18,46.37,143.81,0.974,-1,-1,-1
768,534,575.98,462.65,52.61,142.07,0.9734,-1,-1,-1
768,542,1011.28,131.9,53.48,102.66,0.9732,-1,-1,-1
768,538,1018.32,428.38,65.27,111.53,0.9714,-1,-1,-1
768,561,446.49,312.61,54.71,121.19,0.9708,-1,-1,-1
768,537,1815.57,682.34,71.21,127.76,0.9686,-1,-1,-1
768,564,331.74,825.23,47.16,145.47,0.9664,-1,-1,-1
768,567,5.44,58.54,52.02,95.96,0.9663,-1,-1,-1
768,547,1367.86,288.34,36.41,124.04,0.9619,-1,-1,-1
768,536,535.85,163.45,34.97,106.63,0.9573,-1,-1,-1
768,560,406.09,473.46,50.33,130.03,0.9536,-1,-1,-1
769,426,533.98,572.09,46.5,143.09,0.98,-1,-1,-1
769,537,1822.13,679.64,66.12,130.57,0.9774,-1,-1,-1
769,418,1234.16,603.03,69.4,149.42,0.9773,-1,-1,-1
769,534,584.2,461.07,51.55,142.23,0.975,-1,-1,-1
769,561,467.65,311.17,44.48,122.27,0.9739,-1,-1,-1
769,542,1017.24,129.54,57.93,104.87,0.9723,-1,-1,-1
769,544,1595.68,416.23,75.21,134.35,0.9721,-1,-1,-1
769,539,449.08,603.03,61.58,147.89,0.9694,-1,-1,-1
769,560,417.59,468.31,50.03,139.08,0.9679,-1,-1,-1
769,538,1025.56,428.33,67.65,110.87,0.9677,-1,-1,-1
769,536,544.65,163.78,33.98,105.69,0.958,-1,-1,-1
769,567,17.87,56.23,48.68,95.03,0.9546,-1,-1,-1
769,564,344.09,824.8,53.15,146.93,0.9526,-1,-1,-1
769,547,1370.42,283.75,43.53,129.04,0.9508,-1,-1,-1
770,426,537.87,572.24,52.77,142.69,0.9777,-1,-1,-1
770,534,591.43,461.94,52.98,141.34,0.9774,-1,-1,-1
770,547,1371.34,281.79,50.97,130.5,0.9773,-1,-1,-1
770,542,1020.28,128.09,63.03,102.81,0.9756,-1,-1,-1
770,544,1604.03,412.3,75.01,137.4,0.9748,-1,-1,-1
770,537,1826.01,675.3,72.53,136.9,0.9742,-1,-1,-1
770,418,1234.28,598.87,75.39,151.18,0.9736,-1,-1,-1
770,539,450.03,599.14,69.5,150.55,0.9717,-1,-1,-1
770,538,1031.21,423.82,67.2,117.79,0.9691,-1,-1,-1
770,561,491.58,309.46,36.74,123.08,0.9588,-1,-1,-1
770,536,552.82,163.57,33.21,107.11,0.9533,-1,-1,-1
770,567,22.44,54.93,55.89,93.81,0.9504,-1,-1,-1
770,560,429.94,463.49,49.55,150.41,0.9293,-1,-1,-1
770,564,356.68,821.27,53.99,149.86,0.6389,-1,-1,-1
771,426,537.84,572.24,52.8,142.68,0.9777,-1,-1,-1
771,534,591.41,461.92,52.95,141.34,0.9775,-1,-1,-1
771,547,1371.35,281.78,51.0,130.51,0.9773,-1,-1,-1
771,542,1020.35,128.01,62.93,102.78,0.9754,-1,-1,-1
771,544,1604.02,412.26,74.95,137.38,0.9749,-1,-1,-1
771,537,1826.03,675.4,72.49,136.77,0.974,-1,-1,-1
771,418,1234.29,598.83,75.42,151.19,0.9735,-1,-1,-1
771,539,450.0,599.16,69.51,150.62,0.9718,-1,-1,-1
771,538,1031.25,423.85,67.15,117.82,0.969,-1,-1,-1
771,561,491.59,309.5,36.69,123.07,0.9586,-1,-1,-1
771,536,552.81,163.58,33.18,107.1,0.953,-1,-1,-1
771,567,21.0,54.7,57.34,94.16,0.9504,-1,-1,-1
771,560,429.96,463.61,49.56,149.99,0.9259,-1,-1,-1
771,564,353.21,825.47,61.84,140.56,0.6847,-1,-1,-1
772,544,1609.35,409.51,78.38,133.95,0.9797,-1,-1,-1
772,537,1829.8,669.42,80.9,141.18,0.9783,-1,-1,-1
772,426,533.96,572.4,67.94,143.75,0.9783,-1,-1,-1
772,418,1233.29,596.51,80.4,146.42,0.9771,-1,-1,-1
772,539,451.38,596.48,74.37,145.56,0.9762,-1,-1,-1
772,547,1369.95,278.99,61.74,126.64,0.9744,-1,-1,-1
772,538,1037.51,418.57,69.43,119.7,0.9738,-1,-1,-1
772,560,441.37,459.87,49.19,140.19,0.9737,-1,-1,-1
772,534,598.38,460.65,54.16,143.23,0.9731,-1,-1,-1
772,542,1025.6,127.83,67.8,101.44,0.9723,-1,-1,-1
772,567,40.87,55.02,46.63,92.3,0.9607,-1,-1,-1
772,536,561.08,163.07,31.9,107.98,0.9472,-1,-1,-1
772,561,509.54,307.75,36.38,123.69,0.9449,-1,-1,-1
772,564,365.03,821.55,68.12,150.75,0.9344,-1,-1,-1
773,418,1232.72,596.38,83.14,143.37,0.9778,-1,-1,-1
773,537,1834.04,663.22,83.65,145.26,0.9771,-1,-1,-1
773,539,449.64,596.38,82.9,141.04,0.9755,-1,-1,-1
773,538,1043.29,412.55,70.41,129.24,0.9748,-1,-1,-1
773,534,604.75,459.95,54.99,142.81,0.9739,-1,-1,-1
773,426,532.94,574.07,79.89,142.21,0.9736,-1,-1,-1
773,544,1616.59,408.46,77.57,127.43,0.9731,-1,-1,-1
773,542,1030.91,127.06,70.08,98.97,0.9721,-1,-1,-1
773,547,1368.55,275.99,72.06,122.24,0.9706,-1,-1,-1
773,560,454.41,455.91,47.83,137.45,0.9692,-1,-1,-1
773,561,523.38,306.46,42.79,123.13,0.9623,-1,-1,-1
773,536,569.27,162.13,32.98,108.17,0.9585,-1,-1,-1
773,564,378.8,820.47,73.5,151.17,0.9546,-1,-1,-1
773,567,54.72,54.59,42.82,90.19,0.934,-1,-1,-1
773,569,0.81,0.0,41.06,81.19,0.9035,-1,-1,-1
774,539,449.94,595.96,85.86,141.66,0.9797,-1,-1,-1
774,542,1038.23,125.33,73.18,98.2,0.9788,-1,-1,-1
774,426,537.8,575.66,83.5,140.52,0.9771,-1,-1,-1
774,534,608.23,459.35,58.42,144.02,0.9767,-1,-1,-1
774,418,1231.12,596.54,82.46,142.73,0.9766,-1,-1,-1
774,547,1371.54,275.41,74.1,120.77,0.9751,-1,-1,-1
774,544,1623.94,408.34,73.44,126.24,0.9731,-1,-1,-1
774,560,465.69,453.35,47.87,134.76,0.9726,-1,-1,-1
774,537,1838.35,658.82,81.05,136.86,0.9712,-1,-1,-1
774,561,538.65,305.72,51.98,122.08,0.9698,-1,-1,-1
774,538,1050.2,408.91,65.53,125.23,0.9671,-1,-1,-1
774,536,576.87,162.57,35.9,108.01,0.9613,-1,-1,-1
774,564,389.29,820.71,75.79,148.86,0.957,-1,-1,-1
774,567,65.86,53.56,43.36,90.51,0.9418,-1,-1,-1
774,569,0.45,0.0,52.89,81.42,0.8686,-1,-1,-1
775,539,448.9,596.86,85.1,140.88,0.9784,-1,-1,-1
775,544,1630.73,409.46,68.01,125.6,0.9775,-1,-1,-1
775,542,1049.35,124.21,69.79,98.47,0.9771,-1,-1,-1
775,534,615.85,460.28,58.72,143.6,0.9767,-1,-1,-1
775,418,1228.46,597.7,78.23,142.24,0.9763,-1,-1,-1
775,538,1054.86,407.13,66.51,120.07,0.9762,-1,-1,-1
775,426,542.84,575.76,86.13,141.24,0.9729,-1,-1,-1
775,547,1381.29,276.25,64.44,121.57,0.9712,-1,-1,-1
775,560,476.9,451.27,47.82,127.59,0.9683,-1,-1,-1
775,561,554.64,306.31,57.2,121.12,0.967,-1,-1,-1
775,537,1844.23,657.89,75.77,130.85,0.9643,-1,-1,-1
775,536,584.44,161.6,37.92,107.56,0.9635,-1,-1,-1
775,564,401.53,820.16,77.57,150.81,0.9616,-1,-1,-1
775,567,74.34,51.32,41.66,91.91,0.9484,-1,-1,-1
775,569,0.65,0.0,61.71,80.92,0.9438,-1,-1,-1
776,418,1227.27,598.22,66.58,142.47,0.9769,-1,-1,-1
776,539,450.01,593.68,77.21,145.81,0.976,-1,-1,-1
776,544,1636.23,409.34,60.77,127.27,0.9735,-1,-1,-1
776,538,1057.82,404.87,66.01,115.86,0.9728,-1,-1,-1
776,426,550.69,575.73,82.3,139.44,0.9727,-1,-1,-1
776,542,1060.45,119.8,61.47,101.7,0.9717,-1,-1,-1
776,534,621.65,459.63,59.67,143.66,0.9713,-1,-1,-1
776,536,592.16,160.98,38.1,108.05,0.9674,-1,-1,-1
776,547,1384.77,276.9,58.27,120.0,0.9668,-1,-1,-1
776,537,1846.76,654.9,73.24,131.21,0.962,-1,-1,-1
776,560,487.8,452.21,45.75,125.5,0.9604,-1,-1,-1
776,561,568.47,307.55,62.78,120.94,0.959,-1,-1,-1
776,564,414.12,819.12,77.98,150.72,0.9535,-1,-1,-1
776,567,83.11,48.34,38.29,94.36,0.9235,-1,-1,-1
776,569,8.38,0.0,59.63,81.11,0.7591,-1,-1,-1
777,418,1227.25,598.25,66.55,142.58,0.9767,-1,-1,-1
777,539,449.97,593.64,77.23,145.85,0.9762,-1,-1,-1
777,544,1636.23,409.36,60.76,127.24,0.9734,-1,-1,-1
777,426,550.82,575.77,82.19,139.41,0.9729,-1,-1,-1
777,538,1057.75,404.89,66.03,115.76,0.9728,-1,-1,-1
777,542,1060.49,119.78,61.43,101.73,0.9717,-1,-1,-1
777,534,621.67,459.61,59.6,143.7,0.9712,-1,-1,-1
777,536,592.06,160.97,38.28,108.1,0.9681,-1,-1,-1
777,547,1384.93,276.96,58.07,119.95,0.9662,-1,-1,-1
777,537,1846.83,654.95,73.17,131.15,0.962,-1,-1,-1
777,561,568.52,307.56,62.78,120.94,0.9595,-1,-1,-1
777,560,487.89,452.33,45.56,125.41,0.9584,-1,-1,-1
777,564,414.18,819.12,78.04,150.71,0.9522,-1,-1,-1
777,567,83.16,48.44,38.22,94.26,0.9262,-1,-1,-1
777,569,7.86,0.0,60.42,81.15,0.7952,-1,-1,-1
778,418,1224.55,596.28,62.47,143.52,0.9811,-1,-1,-1
778,426,559.27,574.73,75.51,141.99,0.978,-1,-1,-1
778,539,449.14,591.62,70.93,146.87,0.9774,-1,-1,-1
778,542,1071.66,117.89,55.5,101.33,0.9751,-1,-1,-1
778,544,1641.69,407.47,51.17,128.05,0.9747,-1,-1,-1
778,534,627.35,459.64,61.45,143.16,0.9746,-1,-1,-1
778,561,577.9,308.65,69.78,120.01,0.9732,-1,-1,-1
778,538,1063.48,403.66,59.51,114.16,0.971,-1,-1,-1
778,537,1853.29,653.84,66.71,133.38,0.9678,-1,-1,-1
778,564,426.96,816.46,74.74,156.38,0.9677,-1,-1,-1
778,536,598.76,160.11,39.41,107.84,0.9671,-1,-1,-1
778,547,1383.94,274.6,53.78,122.83,0.9665,-1,-1,-1
778,560,496.56,458.41,44.4,121.09,0.9393,-1,-1,-1
778,567,88.74,44.74,38.04,95.31,0.9235,-1,-1,-1
778,569,10.37,0.0,62.61,80.42,0.8247,-1,-1,-1
779,534,632.96,458.04,63.03,146.51,0.9799,-1,-1,-1
779,418,1222.45,590.28,70.58,151.13,0.9794,-1,-1,-1
779,426,566.96,573.18,66.38,141.54,0.9769,-1,-1,-1
779,544,1645.54,403.73,47.66,130.06,0.9754,-1,-1,-1
779,538,1068.98,401.9,51.63,115.17,0.9736,-1,-1,-1
779,542,1080.49,115.83,52.52,100.72,0.9727,-1,-1,-1
779,537,1858.04,655.32,60.67,132.43,0.9677,-1,-1,-1
779,547,1389.63,269.76,47.94,127.11,0.9676,-1,-1,-1
779,564,437.87,815.43,73.05,157.38,0.9653,-1,-1,-1
779,560,504.37,448.38,46.18,129.94,0.9632,-1,-1,-1
779,561,586.17,310.12,75.47,120.32,0.9621,-1,-1,-1
779,539,449.0,588.15,62.45,147.69,0.9576,-1,-1,-1
779,536,606.28,159.02,36.95,107.69,0.9556,-1,-1,-1
779,569,16.96,0.0,59.08,78.86,0.8135,-1,-1,-1
779,567,98.57,44.34,34.13,93.86,0.7857,-1,-1,-1
780,418,1219.71,583.05,74.94,156.62,0.9779,-1,-1,-1
780,544,1648.28,400.17,56.22,131.25,0.9762,-1,-1,-1
780,560,510.26,443.89,49.51,134.39,0.976,-1,-1,-1
780,542,1088.22,115.09,48.94,99.03,0.9751,-1,-1,-1
780,426,570.7,571.76,59.47,141.92,0.9751,-1,-1,-1
780,534,639.61,457.92,62.88,145.39,0.9738,-1,-1,-1
780,537,1864.66,654.54,55.15,132.7,0.9719,-1,-1,-1
780,547,1394.57,265.53,46.52,131.56,0.969,-1,-1,-1
780,561,596.46,310.0,77.94,120.05,0.9689,-1,-1,-1
780,564,449.63,813.66,70.4,161.64,0.9667,-1,-1,-1
780,536,612.35,158.03,38.03,108.48,0.9623,-1,-1,-1
780,538,1061.91,397.78,60.25,120.15,0.9384,-1,-1,-1
780,539,450.38,582.5,56.7,153.54,0.8958,-1,-1,-1
780,567,105.04,41.34,35.93,95.47,0.8826,-1,-1,-1
780,569,30.61,0.0,45.54,79.05,0.8517,-1,-1,-1
781,534,644.09,456.86,65.68,145.05,0.977,-1,-1,-1
781,426,574.78,570.65,49.95,144.42,0.9733,-1,-1,-1
781,560,517.27,438.5,49.12,139.38,0.9728,-1,-1,-1
781,564,459.47,814.31,68.47,158.73,0.9724,-1,-1,-1
781,418,1217.13,580.99,79.53,151.33,0.9723,-1,-1,-1
781,542,1093.73,115.74,46.1,97.86,0.9718,-1,-1,-1
781,561,609.34,310.29,74.59,121.23,0.9707,-1,-1,-1
781,547,1396.0,261.16,49.89,132.45,0.9699,-1,-1,-1
781,536,619.02,157.6,39.46,109.54,0.9667,-1,-1,-1
781,538,1077.35,393.72,52.99,124.68,0.9663,-1,-1,-1
781,537,1867.14,650.49,52.56,134.97,0.9661,-1,-1,-1
781,544,1649.63,398.07,60.48,135.67,0.9637,-1,-1,-1
781,539,447.52,580.06,64.34,156.99,0.9623,-1,-1,-1
781,567,112.43,47.12,35.66,89.37,0.7617,-1,-1,-1
781,569,39.98,6.0,35.53,73.83,0.6269,-1,-1,-1
782,418,1211.45,581.26,85.16,144.39,0.9767,-1,-1,-1
782,547,1399.0,259.12,50.38,129.87,0.9756,-1,-1,-1
782,561,622.96,310.49,68.35,121.42,0.9744,-1,-1,-1
782,544,1651.67,395.41,65.77,134.93,0.9739,-1,-1,-1
782,534,652.82,456.2,60.04,143.33,0.9736,-1,-1,-1
782,539,447.8,579.38,68.7,153.88,0.9731,-1,-1,-1
782,538,1079.8,388.82,56.34,127.64,0.9728,-1,-1,-1
782,426,576.43,570.0,43.96,144.34,0.972,-1,-1,-1
782,560,523.49,436.27,51.96,139.04,0.9685,-1,-1,-1
782,536,625.64,157.69,39.34,108.95,0.9661,-1,-1,-1
782,542,1099.27,115.8,41.12,97.35,0.9657,-1,-1,-1
782,537,1869.44,644.01,50.41,127.45,0.9609,-1,-1,-1
782,564,469.17,814.96,65.14,157.82,0.9585,-1,-1,-1
783,418,1211.37,581.26,85.22,144.53,0.9768,-1,-1,-1
783,547,1398.98,259.11,50.39,129.89,0.9755,-1,-1,-1
783,561,622.91,310.55,68.37,121.33,0.9744,-1,-1,-1
783,544,1651.72,395.44,65.74,134.89,0.9739,-1,-1,-1
783,534,652.81,456.18,60.06,143.37,0.9737,-1,-1,-1
783,539,447.9,579.33,68.56,154.03,0.9732,-1,-1,-1
783,538,1079.83,388.83,56.25,127.63,0.9728,-1,-1,-1
783,426,576.44,570.0,44.0,144.29,0.9722,-1,-1,-1
783,560,523.31,436.32,52.21,139.2,0.9687,-1,-1,-1
783,536,625.64,157.69,39.31,109.0,0.966,-1,-1,-1
783,542,1099.29,115.82,41.12,97.34,0.9657,-1,-1,-1
783,537,1869.45,644.03,50.4,127.43,0.9608,-1,-1,-1
783,564,469.19,815.02,65.13,157.76,0.9582,-1,-1,-1
783,570,132.64,100.71,25.01,34.78,0.5768,-1,-1,-1
784,547,1401.63,259.07,50.57,122.21,0.9773,-1,-1,-1
784,418,1212.56,581.02,82.14,146.69,0.9773,-1,-1,-1
784,538,1080.6,387.14,60.52,126.83,0.9766,-1,-1,-1
784,560,532.44,433.11,49.32,129.96,0.9753,-1,-1,-1
784,534,656.22,455.45,59.13,142.91,0.9746,-1,-1,-1
784,426,576.87,569.31,47.96,146.63,0.9739,-1,-1,-1
784,539,448.72,579.55,68.28,147.55,0.9728,-1,-1,-1
784,564,477.92,813.09,65.71,158.64,0.9727,-1,-1,-1
784,544,1649.47,395.49,71.88,130.07,0.9703,-1,-1,-1
784,536,631.99,158.34,40.33,108.47,0.9677,-1,-1,-1
784,542,1104.32,115.09,39.31,98.58,0.9636,-1,-1,-1
784,561,641.46,309.44,59.93,123.63,0.9533,-1,-1,-1
784,537,1869.93,641.6,49.69,130.99,0.9476,-1,-1,-1
784,570,139.97,103.35,26.27,32.76,0.7636,-1,-1,-1
785,539,450.48,582.29,66.73,143.09,0.9772,-1,-1,-1
785,547,1403.5,259.66,50.4,121.21,0.9767,-1,-1,-1
785,534,661.47,455.64,58.29,142.56,0.9759,-1,-1,-1
785,538,1079.6,385.64,61.39,126.26,0.9756,-1,-1,-1
785,561,661.38,308.43,48.72,125.41,0.9753,-1,-1,-1
785,426,575.22,572.01,58.74,146.2,0.9743,-1,-1,-1
785,560,539.49,430.16,50.2,130.0,0.973,-1,-1,-1
785,544,1650.29,396.39,74.99,128.43,0.9724,-1,-1,-1
785,564,487.6,812.01,63.77,161.47,0.9721,-1,-1,-1
785,418,1212.6,583.3,73.78,145.77,0.9715,-1,-1,-1
785,536,636.79,159.09,41.19,108.75,0.9713,-1,-1,-1
785,542,1107.05,113.06,44.87,102.17,0.963,-1,-1,-1
785,537,1869.08,638.17,50.92,134.05,0.9629,-1,-1,-1
785,570,150.05,103.6,24.15,33.32,0.7711,-1,-1,-1
786,539,452.35,583.72,65.02,143.08,0.9783,-1,-1,-1
786,542,1109.89,112.46,48.43,103.06,0.9779,-1,-1,-1
786,426,575.47,572.44,67.48,144.98,0.9771,-1,-1,-1
786,418,1211.07,584.76,60.31,145.41,0.9765,-1,-1,-1
786,547,1407.35,260.53,47.57,123.08,0.9753,-1,-1,-1
786,537,1864.81,636.42,55.19,132.84,0.9748,-1,-1,-1
786,536,640.83,161.07,44.84,108.03,0.9743,-1,-1,-1
786,560,547.48,430.63,49.76,127.92,0.9733,-1,-1,-1
786,544,1653.93,398.17,69.87,126.51,0.9729,-1,-1,-1
786,538,1077.53,385.84,58.86,124.65,0.9711,-1,-1,-1
786,534,667.65,455.11,57.36,143.72,0.9702,-1,-1,-1
786,564,497.53,810.79,62.49,163.36,0.9632,-1,-1,-1
786,561,682.32,307.93,36.52,127.07,0.9603,-1,-1,-1
786,570,157.67,103.15,26.86,34.57,0.7346,-1,-1,-1
787,418,1209.04,585.0,48.34,145.25,0.98,-1,-1,-1
787,539,455.6,583.94,53.46,143.78,0.976,-1,-1,-1
787,560,557.16,431.46,47.0,128.81,0.9754,-1,-1,-1
787,536,645.12,162.29,47.37,107.28,0.9753,-1,-1,-1
787,542,1113.31,111.51,49.78,103.94,0.9744,-1,-1,-1
787,426,575.7,575.2,74.7,145.55,0.9742,-1,-1,-1
787,537,1861.56,636.42,58.44,131.92,0.9741,-1,-1,-1
787,544,1653.79,400.74,68.78,126.76,0.9739,-1,-1,-1
787,534,672.68,457.44,59.0,142.31,0.9727,-1,-1,-1
787,538,1071.61,386.93,65.78,125.2,0.971,-1,-1,-1
787,547,1412.75,261.56,41.53,124.64,0.9708,-1,-1,-1
787,564,506.09,812.39,62.6,158.54,0.963,-1,-1,-1
787,561,698.18,308.5,32.14,129.21,0.9434,-1,-1,-1
787,570,165.43,104.54,27.82,31.87,0.6789,-1,-1,-1
788,426,579.09,577.92,79.04,144.66,0.9791,-1,-1,-1
788,418,1201.32,581.95,62.75,149.43,0.9758,-1,-1,-1
788,536,650.47,164.55,51.09,106.57,0.9741,-1,-1,-1
788,534,677.94,457.37,59.88,143.61,0.9735,-1,-1,-1
788,544,1653.53,401.82,65.21,126.64,0.9734,-1,-1,-1
788,560,567.34,429.19,44.27,132.47,0.9731,-1,-1,-1
788,539,457.8,583.09,45.85,144.95,0.9726,-1,-1,-1
788,542,1118.58,112.47,47.88,102.06,0.9723,-1,-1,-1
788,537,1858.9,637.66,60.77,135.36,0.9711,-1,-1,-1
788,538,1078.75,390.08,68.13,122.32,0.9683,-1,-1,-1
788,564,516.63,812.62,62.6,161.07,0.9679,-1,-1,-1
788,547,1418.01,261.35,35.92,124.19,0.9601,-1,-1,-1
788,561,711.33,310.25,35.99,127.23,0.9591,-1,-1,-1
788,570,176.05,103.94,26.02,32.5,0.7927,-1,-1,-1
789,426,579.17,577.99,79.02,144.59,0.9791,-1,-1,-1
789,418,1201.32,581.93,62.71,149.45,0.9757,-1,-1,-1
789,536,650.47,164.58,51.11,106.55,0.9741,-1,-1,-1
789,544,1653.42,401.82,65.39,126.65,0.9736,-1,-1,-1
789,534,677.92,457.31,59.9,143.63,0.9735,-1,-1,-1
789,560,567.34,429.18,44.28,132.44,0.973,-1,-1,-1
789,539,457.83,583.11,45.81,144.94,0.9726,-1,-1,-1
789,542,1118.55,112.5,47.91,102.09,0.9722,-1,-1,-1
789,537,1858.91,637.62,60.75,135.42,0.971,-1,-1,-1
789,538,1078.71,390.07,68.18,122.36,0.9685,-1,-1,-1
789,564,516.63,812.69,62.47,160.99,0.9681,-1,-1,-1
789,547,1418.0,261.34,35.87,124.15,0.9597,-1,-1,-1
789,561,711.33,310.26,35.93,127.21,0.9585,-1,-1,-1
789,570,176.05,103.83,26.03,32.65,0.7973,-1,-1,-1
790,426,583.32,579.31,82.03,145.27,0.9816,-1,-1,-1
790,534,684.39,458.98,60.22,144.62,0.9782,-1,-1,-1
790,539,457.34,580.42,51.01,147.09,0.9765,-1,-1,-1
790,418,1197.22,579.77,70.21,153.34,0.9741,-1,-1,-1
790,536,657.18,165.8,53.52,106.7,0.9737,-1,-1,-1
790,544,1654.99,401.14,59.54,128.68,0.9722,-1,-1,-1
790,537,1858.81,641.46,61.07,132.82,0.9708,-1,-1,-1
790,542,1119.02,113.84,48.89,99.67,0.9707,-1,-1,-1
790,561,724.35,312.01,44.27,129.92,0.9702,-1,-1,-1
790,538,1083.92,391.58,69.42,123.39,0.9701,-1,-1,-1
790,564,525.21,814.41,66.2,158.37,0.9667,-1,-1,-1
790,560,577.66,426.42,41.15,133.4,0.9585,-1,-1,-1
790,547,1419.78,259.92,37.19,126.5,0.9552,-1,-1,-1
790,570,184.99,101.72,26.25,34.4,0.8247,-1,-1,-1
790,569,68.88,0.0,57.22,83.99,0.553,-1,-1,-1
791,538,1085.47,390.24,71.88,125.26,0.9771,-1,-1,-1
791,536,665.38,168.23,54.58,105.55,0.9764,-1,-1,-1
791,426,587.4,580.76,81.05,144.94,0.9761,-1,-1,-1
791,539,455.86,577.99,60.95,150.53,0.9754,-1,-1,-1
791,544,1657.28,398.82,62.93,132.24,0.9752,-1,-1,-1
791,561,735.64,315.89,49.74,129.27,0.9746,-1,-1,-1
791,418,1194.71,578.1,76.53,150.04,0.9741,-1,-1,-1
791,537,1859.6,641.21,58.7,135.62,0.974,-1,-1,-1
791,542,1119.91,114.78,48.37,98.2,0.973,-1,-1,-1
791,560,588.79,422.71,38.2,139.46,0.9724,-1,-1,-1
791,534,689.98,460.97,60.28,142.49,0.9686,-1,-1,-1
791,547,1422.73,257.46,41.52,129.96,0.9686,-1,-1,-1
791,564,533.99,815.01,64.54,158.9,0.9581,-1,-1,-1
791,570,190.15,101.3,29.35,36.69,0.7145,-1,-1,-1
792,547,1424.72,256.49,46.79,131.21,0.9791,-1,-1,-1
792,534,694.75,462.74,62.01,143.43,0.9787,-1,-1,-1
792,544,1659.95,395.52,66.12,137.3,0.9784,-1,-1,-1
792,539,455.79,578.51,67.68,149.55,0.9769,-1,-1,-1
792,418,1182.29,579.97,89.8,144.67,0.9769,-1,-1,-1
792,537,1861.82,638.98,57.64,139.13,0.9757,-1,-1,-1
792,538,1087.79,388.22,69.04,130.31,0.9748,-1,-1,-1
792,536,674.04,168.95,52.78,106.23,0.9746,-1,-1,-1
792,426,592.29,581.39,74.73,144.39,0.9743,-1,-1,-1
792,542,1120.34,116.91,47.56,97.27,0.9705,-1,-1,-1
792,561,743.24,319.96,58.41,126.78,0.9682,-1,-1,-1
792,560,598.48,420.46,37.07,141.45,0.963,-1,-1,-1
792,564,543.58,814.08,65.11,158.83,0.9601,-1,-1,-1
792,570,199.85,103.66,23.84,34.39,0.8759,-1,-1,-1
792,569,77.05,1.83,55.16,84.22,0.7564,-1,-1,-1
793,544,1662.47,393.57,67.37,139.07,0.9793,-1,-1,-1
793,534,699.22,464.88,62.91,142.88,0.979,-1,-1,-1
793,537,1859.4,634.49,60.6,144.95,0.9769,-1,-1,-1
793,418,1176.77,581.07,95.91,144.14,0.9767,-1,-1,-1
793,426,596.8,582.3,69.33,143.93,0.9767,-1,-1,-1
793,547,1426.12,256.2,52.37,126.62,0.9754,-1,-1,-1
793,536,682.45,170.21,51.28,106.19,0.9754,-1,-1,-1
793,539,452.56,579.55,74.99,144.5,0.9744,-1,-1,-1
793,538,1090.59,385.07,65.35,133.89,0.9743,-1,-1,-1
793,542,1121.75,118.01,53.43,98.09,0.9705,-1,-1,-1
793,561,751.58,323.52,64.27,125.04,0.9675,-1,-1,-1
793,564,551.06,815.45,66.77,156.54,0.9668,-1,-1,-1
793,560,606.95,418.2,37.08,135.28,0.9509,-1,-1,-1
793,570,206.09,102.81,20.61,37.22,0.8802,-1,-1,-1
793,569,86.03,8.97,45.31,77.87,0.4504,-1,-1,-1
794,534,703.83,465.65,64.01,144.04,0.9782,-1,-1,-1
794,544,1662.8,393.39,71.16,134.22,0.9781,-1,-1,-1
794,536,689.41,171.57,48.42,106.38,0.9779,-1,-1,-1
794,426,600.22,582.55,63.3,143.68,0.9759,-1,-1,-1
794,539,443.86,582.88,90.65,140.48,0.9748,-1,-1,-1
794,418,1182.11,581.72,82.14,147.03,0.9744,-1,-1,-1
794,547,1422.86,257.48,61.82,123.31,0.9737,-1,-1,-1
794,560,614.91,418.6,38.37,129.63,0.9692,-1,-1,-1
794,538,1098.23,383.25,59.98,135.03,0.9688,-1,-1,-1
794,561,759.75,324.42,66.85,126.24,0.9681,-1,-1,-1
794,537,1857.09,631.37,62.91,138.24,0.9676,-1,-1,-1
794,542,1124.84,117.53,57.81,101.39,0.9662,-1,-1,-1
794,564,557.8,814.26,66.32,158.52,0.9595,-1,-1,-1
794,570,214.76,102.9,18.9,38.9,0.8608,-1,-1,-1
795,534,703.78,465.65,64.07,144.02,0.9782,-1,-1,-1
795,544,1662.87,393.41,71.04,134.24,0.9782,-1,-1,-1
795,536,689.41,171.5,48.54,106.42,0.9781,-1,-1,-1
795,426,600.21,582.59,63.24,143.59,0.9757,-1,-1,-1
795,539,443.76,582.89,90.72,140.44,0.9748,-1,-1,-1
795,418,1182.07,581.62,82.25,147.21,0.9744,-1,-1,-1
795,547,1422.81,257.46,61.92,123.27,0.9738,-1,-1,-1
795,538,1098.18,383.23,60.07,135.17,0.9691,-1,-1,-1
795,560,614.91,418.63,38.31,129.61,0.969,-1,-1,-1
795,561,759.72,324.41,66.84,126.3,0.9683,-1,-1,-1
795,537,1857.09,631.38,62.91,138.56,0.9668,-1,-1,-1
795,542,1124.86,117.45,57.83,101.43,0.9662,-1,-1,-1
795,564,557.79,814.13,66.36,158.71,0.9605,-1,-1,-1
795,570,214.77,102.8,18.88,39.0,0.859,-1,-1,-1
796,544,1663.24,394.53,70.74,131.32,0.9778,-1,-1,-1
796,426,605.09,582.65,53.77,143.69,0.9756,-1,-1,-1
796,418,1179.77,583.82,72.24,145.59,0.9753,-1,-1,-1
796,539,442.76,586.26,95.07,137.69,0.9748,-1,-1,-1
796,547,1427.12,259.9,61.66,120.9,0.9746,-1,-1,-1
796,542,1132.21,117.16,54.42,101.78,0.9737,-1,-1,-1
796,534,709.59,467.26,64.18,143.94,0.9733,-1,-1,-1
796,536,696.81,172.83,42.21,107.34,0.9731,-1,-1,-1
796,537,1855.23,629.85,64.77,134.74,0.9719,-1,-1,-1
796,561,771.63,326.08,63.44,126.27,0.9714,-1,-1,-1
796,538,1105.41,382.49,55.67,129.78,0.9714,-1,-1,-1
796,560,620.79,420.82,41.12,124.99,0.9677,-1,-1,-1
796,564,567.09,813.02,64.72,159.79,0.9597,-1,-1,-1
796,570,221.51,103.06,18.23,38.52,0.8662,-1,-1,-1
796,569,85.87,0.0,47.39,95.38,0.4135,-1,-1,-1
797,539,450.69,588.82,88.26,137.06,0.9809,-1,-1,-1
797,426,609.2,583.76,47.61,143.9,0.9799,-1,-1,-1
797,544,1665.14,397.28,68.42,131.0,0.9778,-1,-1,-1
797,418,1174.41,585.63,62.26,145.95,0.9753,-1,-1,-1
797,542,1133.13,118.12,55.82,102.36,0.9739,-1,-1,-1
797,538,1109.38,381.58,53.91,128.65,0.9736,-1,-1,-1
797,564,572.75,813.25,66.24,157.86,0.9709,-1,-1,-1
797,547,1434.77,262.7,54.02,121.06,0.9706,-1,-1,-1
797,537,1851.57,628.13,68.43,135.27,0.9697,-1,-1,-1
797,534,714.86,468.8,61.39,144.41,0.967,-1,-1,-1
797,536,703.08,174.21,37.43,110.07,0.9641,-1,-1,-1
797,561,786.46,328.04,57.73,126.19,0.9627,-1,-1,-1
797,560,627.54,422.29,42.99,128.03,0.9625,-1,-1,-1
797,570,228.36,104.67,16.63,37.12,0.9197,-1,-1,-1
797,569,91.58,0.0,44.57,95.04,0.4881,-1,-1,-1
798,547,1433.68,265.37,51.73,120.47,0.9773,-1,-1,-1
798,544,1666.78,400.97,61.2,130.38,0.9764,-1,-1,-1
798,426,610.36,585.45,51.7,144.43,0.9763,-1,-1,-1
798,418,1170.09,582.76,52.64,151.6,0.9758,-1,-1,-1
798,561,800.23,327.73,50.6,125.23,0.9749,-1,-1,-1
798,538,1111.31,381.2,53.99,129.62,0.9745,-1,-1,-1
798,534,718.93,469.45,58.81,145.62,0.9735,-1,-1,-1
798,542,1136.51,119.56,53.89,99.67,0.9725,-1,-1,-1
798,539,450.9,588.91,82.72,139.19,0.9722,-1,-1,-1
798,537,1849.78,628.65,69.88,134.96,0.9693,-1,-1,-1
798,536,708.75,176.39,35.95,108.88,0.9664,-1,-1,-1
798,564,579.13,813.6,61.24,157.19,0.9657,-1,-1,-1
798,560,633.26,426.19,44.54,125.42,0.9654,-1,-1,-1
798,570,233.12,104.97,19.52,39.01,0.9034,-1,-1,-1
799,544,1668.04,403.14,49.25,129.27,0.9767,-1,-1,-1
799,534,723.3,469.19,54.31,143.41,0.9765,-1,-1,-1
799,418,1164.24,579.54,58.37,157.04,0.9758,-1,-1,-1
799,538,1110.45,380.8,55.79,130.79,0.9746,-1,-1,-1
799,426,610.46,588.46,58.08,143.65,0.9745,-1,-1,-1
799,547,1432.31,264.72,47.94,123.67,0.9739,-1,-1,-1
799,539,450.44,588.2,74.11,143.11,0.9732,-1,-1,-1
799,560,636.84,425.58,50.86,127.4,0.973,-1,-1,-1
799,542,1142.31,121.96,46.64,98.04,0.9708,-1,-1,-1
799,537,1847.93,630.96,71.58,135.89,0.9689,-1,-1,-1
799,561,816.88,328.96,41.56,125.44,0.9664,-1,-1,-1
799,564,584.78,814.05,59.28,160.41,0.9652,-1,-1,-1
799,536,712.2,178.88,35.54,107.12,0.9636,-1,-1,-1
799,570,238.21,104.39,20.57,39.61,0.9291,-1,-1,-1
800,418,1157.73,578.32,63.94,156.33,0.9785,-1,-1,-1
800,534,726.99,469.97,50.15,141.96,0.978,-1,-1,-1
800,560,640.68,424.06,50.16,131.83,0.9769,-1,-1,-1
800,538,1106.88,382.17,60.27,130.69,0.9753,-1,-1,-1
800,544,1667.09,404.06,42.42,130.1,0.9753,-1,-1,-1
800,426,606.26,591.01,68.0,144.16,0.9751,-1,-1,-1
800,537,1845.41,634.1,70.88,135.46,0.9743,-1,-1,-1
800,547,1431.2,263.65,46.43,126.12,0.9708,-1,-1,-1
800,539,448.68,586.05,67.71,147.48,0.9707,-1,-1,-1
800,536,716.25,180.52,35.3,109.05,0.9673,-1,-1,-1
800,542,1143.89,124.1,41.99,97.82,0.967,-1,-1,-1
800,564,587.31,815.04,61.06,158.1,0.9618,-1,-1,-1
800,561,833.22,332.2,34.54,124.74,0.9471,-1,-1,-1
800,570,241.97,105.49,23.33,41.42,0.9053,-1,-1,-1
801,418,1157.73,578.32,63.99,156.16,0.9785,-1,-1,-1
801,534,727.03,469.97,50.12,141.98,0.978,-1,-1,-1
801,560,640.62,424.06,50.21,131.83,0.9769,-1,-1,-1
801,538,1106.83,382.14,60.34,130.66,0.9754,-1,-1,-1
801,544,1667.08,404.05,42.42,130.08,0.9753,-1,-1,-1
801,426,606.25,591.01,68.02,144.16,0.9751,-1,-1,-1
801,537,1845.4,634.11,70.89,135.52,0.9742,-1,-1,-1
801,547,1431.25,263.56,46.4,126.29,0.9712,-1,-1,-1
801,539,448.68,586.06,67.64,147.49,0.9707,-1,-1,-1
801,536,716.28,180.52,35.26,109.02,0.9673,-1,-1,-1
801,542,1143.89,124.15,41.99,97.82,0.9672,-1,-1,-1
801,564,587.3,815.04,61.08,158.18,0.9617,-1,-1,-1
801,561,833.22,332.22,34.55,124.81,0.9468,-1,-1,-1
801,570,241.97,105.49,23.31,41.4,0.9054,-1,-1,-1
802,534,729.82,472.08,47.49,141.11,0.9785,-1,-1,-1
802,544,1662.9,403.17,46.44,131.2,0.9784,-1,-1,-1
802,418,1143.52,578.74,76.98,149.54,0.977,-1,-1,-1
802,426,602.51,594.49,76.27,144.2,0.9765,-1,-1,-1
802,538,1105.96,382.64,61.44,130.66,0.9747,-1,-1,-1
802,539,447.85,583.69,51.39,149.55,0.9732,-1,-1,-1
802,547,1431.82,261.24,47.69,130.58,0.9725,-1,-1,-1
802,537,1842.74,636.59,61.46,136.7,0.9701,-1,-1,-1
802,560,645.39,422.51,48.68,134.52,0.9672,-1,-1,-1
802,564,588.55,817.52,63.55,155.96,0.9625,-1,-1,-1
802,536,718.85,182.67,35.46,111.16,0.9618,-1,-1,-1
802,561,842.7,333.81,35.89,124.1,0.9574,-1,-1,-1
802,542,1139.78,127.23,35.69,97.46,0.9417,-1,-1,-1
802,570,244.57,105.02,25.94,43.7,0.9168,-1,-1,-1
803,534,730.77,474.43,46.42,142.52,0.9786,-1,-1,-1
803,418,1131.74,580.84,85.87,145.46,0.9774,-1,-1,-1
803,426,603.66,598.44,77.76,143.74,0.9771,-1,-1,-1
803,544,1656.85,402.81,56.1,134.56,0.976,-1,-1,-1
803,537,1838.77,635.72,47.22,139.03,0.9753,-1,-1,-1
803,538,1107.55,383.2,59.62,127.09,0.9748,-1,-1,-1
803,547,1433.49,260.36,46.93,132.07,0.9725,-1,-1,-1
803,560,649.56,420.19,49.34,138.39,0.9719,-1,-1,-1
803,539,444.03,582.06,49.05,155.05,0.9702,-1,-1,-1
803,536,720.61,186.84,36.77,110.72,0.9641,-1,-1,-1
803,561,851.72,339.42,36.52,122.55,0.9634,-1,-1,-1
803,542,1134.6,128.96,38.78,98.13,0.957,-1,-1,-1
803,564,590.57,820.97,64.91,152.1,0.9552,-1,-1,-1
803,570,246.52,104.63,28.65,43.1,0.9385,-1,-1,-1
803,569,94.54,12.95,45.53,91.78,0.9248,-1,-1,-1
804,426,604.74,601.06,75.82,144.26,0.9784,-1,-1,-1
804,534,732.18,476.71,45.27,143.73,0.9782,-1,-1,-1
804,537,1828.49,633.92,58.43,142.95,0.9771,-1,-1,-1
804,544,1652.29,402.51,63.31,137.18,0.976,-1,-1,-1
804,418,1127.12,583.5,82.04,147.69,0.9753,-1,-1,-1
804,560,654.32,420.19,49.38,133.28,0.9743,-1,-1,-1
804,538,1111.05,384.45,55.61,126.33,0.9739,-1,-1,-1
804,547,1433.51,261.39,45.92,128.36,0.9737,-1,-1,-1
804,539,442.7,583.59,46.81,151.78,0.9721,-1,-1,-1
804,561,857.83,345.62,38.83,121.11,0.969,-1,-1,-1
804,536,722.44,190.57,37.3,108.03,0.9634,-1,-1,-1
804,564,592.24,823.44,65.92,149.22,0.9527,-1,-1,-1
804,542,1130.59,130.66,46.23,100.46,0.9467,-1,-1,-1
804,570,247.35,104.24,31.93,46.31,0.9363,-1,-1,-1
804,569,91.92,16.52,45.79,89.12,0.9164,-1,-1,-1
805,534,729.7,479.4,49.12,142.91,0.9762,-1,-1,-1
805,537,1820.91,631.68,66.86,145.8,0.9757,-1,-1,-1
805,538,1116.02,385.59,50.34,127.39,0.9755,-1,-1,-1
805,418,1128.21,588.1,67.3,148.07,0.9749,-1,-1,-1
805,426,601.12,604.9,75.53,141.42,0.9737,-1,-1,-1
805,547,1431.33,264.32,46.53,123.26,0.9732,-1,-1,-1
805,560,659.11,420.46,48.47,127.48,0.972,-1,-1,-1
805,539,440.99,586.39,46.58,147.47,0.9714,-1,-1,-1
805,561,866.14,350.85,38.34,117.64,0.9654,-1,-1,-1
805,536,724.07,192.86,37.82,107.3,0.964,-1,-1,-1
805,564,595.72,824.98,65.74,148.78,0.946,-1,-1,-1
805,570,250.17,104.61,31.68,48.16,0.9362,-1,-1,-1
805,542,1126.72,129.14,51.1,104.23,0.9349,-1,-1,-1
805,544,1644.17,403.66,72.2,131.5,0.9318,-1,-1,-1
805,569,94.97,19.76,41.48,89.99,0.6233,-1,-1,-1
806,544,1636.3,403.68,76.83,130.54,0.9811,-1,-1,-1
806,560,663.46,422.26,46.53,125.8,0.9763,-1,-1,-1
806,534,720.11,483.61,61.25,142.09,0.976,-1,-1,-1
806,538,1118.4,385.64,47.87,130.04,0.9757,-1,-1,-1
806,426,597.36,606.55,73.45,142.62,0.9754,-1,-1,-1
806,539,440.5,590.08,44.79,145.77,0.9752,-1,-1,-1
806,547,1433.16,268.2,42.56,119.75,0.9731,-1,-1,-1
806,537,1814.75,633.49,72.47,138.98,0.9705,-1,-1,-1
806,418,1121.55,591.42,54.39,145.57,0.97,-1,-1,-1
806,561,871.82,355.84,41.51,116.53,0.9686,-1,-1,-1
806,542,1125.23,128.52,51.34,104.8,0.9616,-1,-1,-1
806,536,724.92,195.26,38.73,107.55,0.9613,-1,-1,-1
806,564,600.38,825.51,63.33,147.99,0.9528,-1,-1,-1
806,570,253.57,105.34,29.59,49.46,0.9184,-1,-1,-1
807,544,1636.28,403.68,76.95,130.57,0.9811,-1,-1,-1
807,560,663.47,422.28,46.64,125.74,0.9763,-1,-1,-1
807,534,720.11,483.61,61.22,142.09,0.9759,-1,-1,-1
807,538,1118.46,385.63,47.8,129.92,0.9756,-1,-1,-1
807,426,597.29,606.57,73.51,142.61,0.9755,-1,-1,-1
807,539,440.58,590.09,44.73,145.72,0.9752,-1,-1,-1
807,547,1433.25,268.23,42.43,119.71,0.9731,-1,-1,-1
807,537,1814.64,633.7,72.67,138.51,0.9705,-1,-1,-1
807,418,1121.7,591.38,54.15,145.59,0.9696,-1,-1,-1
807,561,871.64,355.85,41.68,116.51,0.9685,-1,-1,-1
807,542,1125.16,128.76,51.49,104.67,0.9617,-1,-1,-1
807,536,724.88,195.28,38.78,107.52,0.9614,-1,-1,-1
807,564,600.37,825.52,63.3,148.05,0.9528,-1,-1,-1
807,570,253.55,105.3,29.63,49.48,0.9199,-1,-1,-1
808,539,436.61,595.46,48.1,143.55,0.9768,-1,-1,-1
808,544,1634.02,408.02,75.11,127.97,0.9753,-1,-1,-1
808,538,1118.87,384.4,48.52,131.97,0.9753,-1,-1,-1
808,418,1112.07,591.63,44.65,146.23,0.9752,-1,-1,-1
808,537,1801.6,631.64,83.74,134.4,0.9747,-1,-1,-1
808,426,592.86,607.37,68.81,143.99,0.9741,-1,-1,-1
808,560,668.6,426.17,43.67,125.13,0.9728,-1,-1,-1
808,534,716.65,484.91,66.41,144.1,0.9726,-1,-1,-1
808,561,877.58,359.14,46.02,115.66,0.9724,-1,-1,-1
808,542,1122.26,131.64,51.65,100.5,0.9711,-1,-1,-1
808,547,1434.58,272.37,37.25,117.58,0.9668,-1,-1,-1
808,536,727.09,199.25,38.14,107.92,0.9655,-1,-1,-1
808,564,605.05,825.61,59.93,146.21,0.959,-1,-1,-1
808,570,256.4,105.96,28.93,51.73,0.9188,-1,-1,-1
809,537,1790.51,631.73,91.06,133.0,0.9785,-1,-1,-1
809,561,884.48,360.68,45.13,116.44,0.9763,-1,-1,-1
809,534,718.63,489.13,67.26,142.1,0.9762,-1,-1,-1
809,426,589.97,608.41,61.43,144.14,0.9761,-1,-1,-1
809,538,1119.03,385.24,50.35,126.27,0.9754,-1,-1,-1
809,544,1630.59,413.43,69.67,126.43,0.972,-1,-1,-1
809,542,1122.4,135.67,46.13,98.3,0.9699,-1,-1,-1
809,547,1431.08,274.25,36.86,116.76,0.9696,-1,-1,-1
809,539,425.54,600.28,57.78,142.06,0.9688,-1,-1,-1
809,560,671.83,428.44,42.37,125.45,0.9681,-1,-1,-1
809,418,1100.61,588.96,56.03,152.47,0.9676,-1,-1,-1
809,536,729.39,202.35,36.43,106.39,0.9639,-1,-1,-1
809,564,609.17,827.68,58.83,144.66,0.9441,-1,-1,-1
809,570,259.7,105.98,27.11,53.79,0.9161,-1,-1,-1
809,569,97.78,24.77,48.9,96.47,0.5041,-1,-1,-1
810,534,718.48,490.34,69.47,143.49,0.9775,-1,-1,-1
810,537,1786.9,635.64,83.78,133.15,0.9757,-1,-1,-1
810,426,587.23,607.58,58.96,147.68,0.9748,-1,-1,-1
810,538,1116.11,386.57,58.48,122.38,0.9745,-1,-1,-1
810,418,1091.68,586.79,64.67,155.93,0.9744,-1,-1,-1
810,539,412.76,603.65,68.44,142.41,0.9744,-1,-1,-1
810,547,1429.13,274.06,37.59,119.14,0.9704,-1,-1,-1
810,561,893.04,361.17,42.01,119.87,0.9664,-1,-1,-1
810,544,1624.52,416.01,65.27,126.71,0.9661,-1,-1,-1
810,542,1121.22,137.96,40.42,98.87,0.966,-1,-1,-1
810,536,731.59,204.22,35.54,106.03,0.9568,-1,-1,-1
810,564,611.7,828.47,59.59,142.55,0.9185,-1,-1,-1
810,570,261.83,106.01,26.75,56.45,0.9084,-1,-1,-1
810,560,675.74,427.32,40.62,129.02,0.9004,-1,-1,-1
811,426,585.18,607.08,61.26,151.56,0.9776,-1,-1,-1
811,534,723.3,492.88,66.97,142.52,0.9764,-1,-1,-1
811,538,1116.95,388.47,61.03,122.64,0.9763,-1,-1,-1
811,537,1780.61,637.66,77.26,133.5,0.9748,-1,-1,-1
811,561,899.89,363.21,39.63,120.52,0.973,-1,-1,-1
811,547,1427.52,274.01,39.56,124.41,0.9727,-1,-1,-1
811,539,401.92,607.14,77.11,141.37,0.9726,-1,-1,-1
811,544,1616.85,416.25,60.69,130.03,0.97,-1,-1,-1
811,418,1074.95,588.05,79.77,152.93,0.9669,-1,-1,-1
811,560,678.01,426.41,40.68,132.3,0.9654,-1,-1,-1
811,536,734.63,206.44,30.31,104.71,0.952,-1,-1,-1
811,542,1116.13,140.15,35.74,100.57,0.9416,-1,-1,-1
811,564,615.85,830.28,58.56,140.26,0.9127,-1,-1,-1
811,570,264.61,105.84,25.3,57.61,0.9038,-1,-1,-1
811,569,97.3,25.03,36.24,101.29,0.5004,-1,-1,-1
812,426,582.21,608.4,63.53,152.84,0.9798,-1,-1,-1
812,534,725.09,494.77,65.58,144.0,0.9794,-1,-1,-1
812,539,398.25,608.4,80.19,142.12,0.9756,-1,-1,-1
812,547,1425.67,273.58,42.86,127.22,0.9754,-1,-1,-1
812,418,1062.58,589.23,90.73,144.68,0.9746,-1,-1,-1
812,537,1776.09,640.82,63.98,134.28,0.9732,-1,-1,-1
812,560,680.09,425.37,41.08,134.28,0.9715,-1,-1,-1
812,538,1120.24,388.19,60.56,126.23,0.9705,-1,-1,-1
812,544,1614.22,416.02,57.92,129.66,0.97,-1,-1,-1
812,561,905.85,365.04,37.67,118.76,0.9677,-1,-1,-1
812,536,736.43,207.82,26.11,104.76,0.9551,-1,-1,-1
812,542,1109.92,143.74,38.71,97.51,0.9494,-1,-1,-1
812,570,266.35,104.44,27.09,60.93,0.8996,-1,-1,-1
812,564,619.23,831.9,57.55,139.61,0.8838,-1,-1,-1
813,426,582.2,608.43,63.64,152.88,0.9798,-1,-1,-1
813,534,725.0,494.77,65.65,144.0,0.9794,-1,-1,-1
813,539,398.15,608.39,80.21,142.17,0.9757,-1,-1,-1
813,547,1425.67,273.58,42.85,127.18,0.9754,-1,-1,-1
813,418,1062.56,589.22,90.8,144.79,0.9746,-1,-1,-1
813,537,1776.07,640.76,63.88,134.32,0.9732,-1,-1,-1
813,560,680.1,425.37,41.08,134.26,0.9714,-1,-1,-1
813,538,1120.21,388.18,60.58,126.27,0.9704,-1,-1,-1
813,544,1614.2,416.0,57.91,129.77,0.9701,-1,-1,-1
813,561,905.85,365.02,37.65,118.79,0.9676,-1,-1,-1
813,542,1109.36,143.21,38.91,98.38,0.9556,-1,-1,-1
813,536,736.43,207.84,26.11,104.69,0.9551,-1,-1,-1
813,570,266.32,104.4,27.29,61.0,0.8991,-1,-1,-1
813,564,619.18,831.91,57.7,139.58,0.882,-1,-1,-1
814,534,727.19,496.56,62.18,143.75,0.9799,-1,-1,-1
814,426,578.42,610.0,67.03,152.47,0.9782,-1,-1,-1
814,544,1612.04,414.83,57.31,132.88,0.9776,-1,-1,-1
814,539,396.72,608.42,85.62,142.66,0.9768,-1,-1,-1
814,418,1054.6,591.81,91.32,143.83,0.9756,-1,-1,-1
814,547,1421.76,273.96,48.82,127.0,0.9752,-1,-1,-1
814,537,1767.41,638.84,55.65,137.16,0.9747,-1,-1,-1
814,538,1124.86,385.96,58.42,128.16,0.9706,-1,-1,-1
814,560,682.95,425.16,40.68,128.34,0.9692,-1,-1,-1
814,542,1105.91,143.63,45.35,100.82,0.9686,-1,-1,-1
814,561,913.02,365.71,36.05,115.89,0.9585,-1,-1,-1
814,536,734.77,210.26,29.51,104.31,0.9529,-1,-1,-1
814,564,622.73,833.3,56.28,139.52,0.927,-1,-1,-1
814,570,268.55,104.03,28.79,63.81,0.9106,-1,-1,-1
815,534,728.46,497.33,57.49,142.31,0.9783,-1,-1,-1
815,539,398.04,611.75,87.23,140.79,0.9777,-1,-1,-1
815,426,576.04,612.92,67.99,150.11,0.9774,-1,-1,-1
815,544,1607.44,413.88,61.03,136.98,0.9773,-1,-1,-1
815,542,1101.51,143.9,49.65,102.54,0.9746,-1,-1,-1
815,537,1758.11,635.31,58.43,142.05,0.9743,-1,-1,-1
815,538,1129.66,383.84,54.45,132.21,0.9727,-1,-1,-1
815,547,1417.34,275.03,55.09,123.87,0.9725,-1,-1,-1
815,418,1055.18,595.2,79.68,148.33,0.9712,-1,-1,-1
815,560,686.15,426.53,42.58,125.85,0.9691,-1,-1,-1
815,561,919.31,365.1,35.58,115.67,0.9611,-1,-1,-1
815,536,731.57,213.35,34.6,102.81,0.9569,-1,-1,-1
815,564,625.71,834.18,58.35,138.73,0.9464,-1,-1,-1
815,570,271.16,102.5,30.78,68.3,0.8911,-1,-1,-1
815,569,95.64,34.31,33.94,97.14,0.4129,-1,-1,-1
816,426,574.95,618.37,65.66,147.01,0.9811,-1,-1,-1
816,418,1053.78,599.29,66.81,144.82,0.9802,-1,-1,-1
816,534,729.04,498.23,52.24,142.61,0.9771,-1,-1,-1
816,547,1416.92,279.0,59.79,117.59,0.9759,-1,-1,-1
816,539,402.71,613.85,84.48,140.96,0.9752,-1,-1,-1
816,544,1602.58,413.05,65.11,134.06,0.9752,-1,-1,-1
816,560,688.7,427.76,46.73,119.28,0.9746,-1,-1,-1
816,542,1095.25,144.76,55.55,101.84,0.9745,-1,-1,-1
816,537,1750.45,630.97,61.93,148.98,0.9743,-1,-1,-1
816,538,1131.8,384.21,56.3,126.05,0.9724,-1,-1,-1
816,536,729.88,217.11,40.47,100.79,0.9682,-1,-1,-1
816,561,926.21,365.2,35.66,116.96,0.9623,-1,-1,-1
816,564,629.88,836.01,56.88,136.39,0.9387,-1,-1,-1
816,570,272.34,102.9,31.79,69.05,0.9181,-1,-1,-1
816,569,94.1,35.84,35.31,100.69,0.3291,-1,-1,-1
817,534,730.77,499.41,46.61,143.36,0.9784,-1,-1,-1
817,426,572.46,620.91,63.0,145.05,0.9764,-1,-1,-1
817,544,1595.13,415.53,68.57,127.06,0.9753,-1,-1,-1
817,418,1044.39,601.29,58.01,145.03,0.974,-1,-1,-1
817,537,1743.79,629.11,67.75,143.89,0.974,-1,-1,-1
817,560,691.54,429.41,48.48,121.76,0.9731,-1,-1,-1
817,547,1421.67,280.95,55.13,118.17,0.9727,-1,-1,-1
817,542,1093.8,146.42,54.79,98.96,0.9726,-1,-1,-1
817,538,1133.71,385.29,55.94,123.27,0.9726,-1,-1,-1
817,536,729.01,220.64,45.5,99.98,0.9721,-1,-1,-1
817,539,405.59,614.97,76.89,143.76,0.9692,-1,-1,-1
817,561,930.8,363.38,37.2,121.75,0.965,-1,-1,-1
817,564,635.5,837.35,53.76,135.19,0.9461,-1,-1,-1
817,570,273.45,99.77,35.24,73.69,0.9326,-1,-1,-1
817,569,89.52,40.06,39.28,96.77,0.8106,-1,-1,-1
818,547,1422.51,284.08,51.65,115.78,0.9774,-1,-1,-1
818,537,1737.35,628.65,75.05,138.7,0.9774,-1,-1,-1
818,542,1096.12,148.36,49.22,99.95,0.9752,-1,-1,-1
818,544,1592.26,416.25,67.38,128.67,0.9745,-1,-1,-1
818,539,403.99,613.7,68.68,145.89,0.9738,-1,-1,-1
818,418,1038.87,598.91,53.18,148.9,0.9729,-1,-1,-1
818,534,732.09,500.88,42.28,142.84,0.9724,-1,-1,-1
818,536,729.56,224.47,52.84,98.45,0.9723,-1,-1,-1
818,426,571.41,624.75,52.12,143.28,0.9722,-1,-1,-1
818,538,1136.46,386.05,56.34,122.45,0.9714,-1,-1,-1
818,561,936.49,361.49,39.82,123.88,0.9693,-1,-1,-1
818,564,638.36,837.57,54.59,134.24,0.9284,-1,-1,-1
818,570,276.83,100.32,34.32,73.67,0.9251,-1,-1,-1
818,560,695.03,430.75,49.22,118.25,0.8676,-1,-1,-1
818,569,83.66,44.34,46.53,94.93,0.8403,-1,-1,-1
819,537,1737.36,628.62,75.03,138.7,0.9775,-1,-1,-1
819,547,1422.46,284.04,51.72,115.81,0.9774,-1,-1,-1
819,542,1096.08,148.34,49.26,99.98,0.9752,-1,-1,-1
819,544,1592.3,416.24,67.34,128.74,0.9744,-1,-1,-1
819,539,403.92,613.69,68.69,145.86,0.9739,-1,-1,-1
819,418,1038.89,598.97,53.17,148.9,0.973,-1,-1,-1
819,534,732.05,500.87,42.34,142.82,0.9722,-1,-1,-1
819,536,729.59,224.47,52.93,98.49,0.9722,-1,-1,-1
819,426,571.3,624.79,52.39,143.3,0.9719,-1,-1,-1
819,538,1136.41,386.06,56.35,122.35,0.9714,-1,-1,-1
819,561,936.51,361.47,39.86,123.87,0.9693,-1,-1,-1
819,564,638.37,837.54,54.64,134.22,0.9269,-1,-1,-1
819,570,276.87,100.73,34.25,73.38,0.9249,-1,-1,-1
819,560,695.01,430.67,49.15,118.21,0.8671,-1,-1,-1
819,569,83.48,44.3,46.78,95.06,0.8519,-1,-1,-1
820,537,1732.07,629.06,80.59,133.79,0.9773,-1,-1,-1
820,426,571.43,625.11,46.38,142.95,0.975,-1,-1,-1
820,547,1418.82,284.77,50.68,116.54,0.9746,-1,-1,-1
820,561,942.78,361.29,43.2,125.12,0.9746,-1,-1,-1
820,534,732.66,502.33,42.87,143.05,0.9724,-1,-1,-1
820,538,1140.17,386.73,55.04,121.89,0.9717,-1,-1,-1
820,418,1034.63,595.38,52.35,153.07,0.9707,-1,-1,-1
820,536,731.05,227.09,57.84,97.29,0.9692,-1,-1,-1
820,544,1593.11,419.32,62.55,127.45,0.9681,-1,-1,-1
820,542,1101.04,151.56,38.89,98.34,0.9656,-1,-1,-1
820,560,698.45,431.14,45.62,120.97,0.9598,-1,-1,-1
820,570,279.45,104.35,35.75,70.35,0.951,-1,-1,-1
820,539,403.85,609.13,58.19,152.29,0.93,-1,-1,-1
820,569,79.25,47.04,51.7,95.31,0.9098,-1,-1,-1
820,564,645.24,840.33,54.63,130.46,0.8837,-1,-1,-1
821,426,570.74,623.75,47.64,144.92,0.975,-1,-1,-1
821,561,949.56,361.45,42.23,121.55,0.9749,-1,-1,-1
821,538,1144.49,385.65,53.5,122.55,0.9749,-1,-1,-1
821,537,1729.41,630.15,76.77,133.26,0.9738,-1,-1,-1
821,544,1592.62,421.56,51.38,125.3,0.9737,-1,-1,-1
821,539,404.9,608.01,45.19,150.9,0.9717,-1,-1,-1
821,418,1029.4,592.23,53.87,156.38,0.9702,-1,-1,-1
821,547,1416.47,283.25,48.97,119.45,0.9702,-1,-1,-1
821,534,733.7,502.61,44.07,143.91,0.9693,-1,-1,-1
821,536,733.41,229.36,58.21,96.82,0.9689,-1,-1,-1
821,560,700.57,425.86,45.11,130.37,0.9669,-1,-1,-1
821,570,283.48,105.81,37.26,70.44,0.9568,-1,-1,-1
821,564,650.9,840.57,54.8,131.43,0.9554,-1,-1,-1
821,569,79.67,50.8,53.23,92.68,0.9537,-1,-1,-1
821,542,1101.65,153.15,28.46,98.74,0.9145,-1,-1,-1
822,418,1014.06,591.12,68.2,151.51,0.978,-1,-1,-1
822,544,1591.81,421.67,43.9,125.93,0.9762,-1,-1,-1
822,560,703.55,423.57,45.1,124.89,0.9744,-1,-1,-1
822,426,569.72,623.26,53.38,147.02,0.9734,-1,-1,-1
822,537,1727.41,632.81,70.19,133.84,0.9731,-1,-1,-1
822,534,729.9,504.12,51.04,145.64,0.9704,-1,-1,-1
822,539,404.64,607.18,45.84,151.92,0.9691,-1,-1,-1
822,561,956.81,362.88,38.87,116.36,0.9681,-1,-1,-1
822,570,288.44,105.38,39.75,71.0,0.965,-1,-1,-1
822,538,1149.66,383.18,53.09,126.73,0.9644,-1,-1,-1
822,536,739.27,230.53,55.66,96.6,0.9606,-1,-1,-1
822,569,83.64,55.75,53.6,89.07,0.959,-1,-1,-1
822,542,1098.15,152.63,29.06,98.69,0.9539,-1,-1,-1
822,547,1418.73,281.71,44.25,122.99,0.9442,-1,-1,-1
822,564,658.33,840.57,53.78,131.96,0.8367,-1,-1,-1
823,426,567.96,622.63,58.2,148.21,0.9739,-1,-1,-1
823,538,1154.28,381.77,52.21,125.85,0.9735,-1,-1,-1
823,560,706.94,422.87,45.82,121.67,0.9728,-1,-1,-1
823,418,1003.86,592.52,77.4,145.73,0.9726,-1,-1,-1
823,544,1589.65,419.5,42.42,128.47,0.9725,-1,-1,-1
823,536,745.86,230.64,49.92,98.45,0.9715,-1,-1,-1
823,539,405.35,607.32,45.52,150.83,0.9707,-1,-1,-1
823,537,1725.12,634.15,59.41,132.68,0.9706,-1,-1,-1
823,534,728.89,506.85,54.62,143.05,0.9697,-1,-1,-1
823,561,964.2,364.26,37.71,116.78,0.9636,-1,-1,-1
823,570,293.17,104.87,41.3,72.28,0.9632,-1,-1,-1
823,542,1097.48,151.54,33.61,101.49,0.9585,-1,-1,-1
823,547,1426.4,280.77,40.18,123.6,0.9551,-1,-1,-1
823,564,661.72,839.47,55.62,132.23,0.9457,-1,-1,-1
823,569,88.85,57.92,52.64,88.17,0.9414,-1,-1,-1
824,418,1000.73,594.54,76.22,144.63,0.9802,-1,-1,-1
824,426,561.5,621.66,66.66,150.94,0.9751,-1,-1,-1
824,544,1585.42,416.97,50.12,131.55,0.9744,-1,-1,-1
824,537,1723.57,634.69,47.27,133.49,0.9744,-1,-1,-1
824,534,726.79,508.33,60.75,142.55,0.9737,-1,-1,-1
824,560,710.12,421.1,45.77,119.1,0.9733,-1,-1,-1
824,539,405.29,608.54,46.4,152.05,0.9733,-1,-1,-1
824,536,751.6,231.16,44.27,97.97,0.9722,-1,-1,-1
824,561,968.65,366.36,41.95,116.06,0.969,-1,-1,-1
824,542,1094.49,150.67,39.56,103.57,0.9687,-1,-1,-1
824,538,1158.73,378.36,47.9,130.2,0.9671,-1,-1,-1
824,570,297.95,105.61,43.28,72.25,0.9668,-1,-1,-1
824,547,1428.68,279.54,39.67,122.03,0.9604,-1,-1,-1
824,569,94.7,58.5,49.95,89.33,0.9192,-1,-1,-1
824,564,669.45,841.49,53.66,129.75,0.4729,-1,-1,-1
825,418,1000.96,594.49,75.95,144.64,0.9802,-1,-1,-1
825,426,561.39,621.66,66.71,151.01,0.9751,-1,-1,-1
825,544,1585.4,416.91,50.09,131.76,0.9745,-1,-1,-1
825,537,1723.47,634.41,46.94,133.54,0.9743,-1,-1,-1
825,534,726.77,508.34,60.78,142.55,0.9736,-1,-1,-1
825,560,710.17,421.07,45.79,119.11,0.9734,-1,-1,-1
825,539,405.29,608.54,46.42,151.94,0.9733,-1,-1,-1
825,536,751.55,231.14,44.32,97.99,0.9723,-1,-1,-1
825,561,968.5,366.29,42.19,116.16,0.9696,-1,-1,-1
825,542,1094.5,150.62,39.57,103.5,0.9686,-1,-1,-1
825,538,1158.74,378.34,47.78,130.14,0.9669,-1,-1,-1
825,570,297.94,105.65,43.38,72.22,0.9667,-1,-1,-1
825,547,1428.6,279.6,39.78,121.98,0.9608,-1,-1,-1
825,569,94.7,58.52,49.95,89.32,0.9221,-1,-1,-1
825,564,669.44,841.37,53.71,129.84,0.5183,-1,-1,-1
826,534,727.77,509.86,62.59,143.92,0.9799,-1,-1,-1
826,539,400.63,612.77,51.8,149.3,0.9767,-1,-1,-1
826,560,713.04,420.21,46.0,118.92,0.9756,-1,-1,-1
826,537,1720.47,630.38,46.5,141.19,0.975,-1,-1,-1
826,426,559.51,623.56,69.2,148.75,0.9748,-1,-1,-1
826,418,1002.17,597.08,65.18,146.55,0.9738,-1,-1,-1
826,538,1161.95,377.65,46.39,132.05,0.9724,-1,-1,-1
826,542,1088.55,148.59,46.02,101.8,0.9723,-1,-1,-1
826,544,1582.57,415.44,57.52,134.55,0.9714,-1,-1,-1
826,536,756.6,230.29,41.75,97.07,0.9714,-1,-1,-1
826,561,969.54,364.74,50.29,119.52,0.9673,-1,-1,-1
826,547,1428.96,280.56,40.95,118.92,0.9665,-1,-1,-1
826,570,302.81,106.41,46.09,72.64,0.962,-1,-1,-1
826,564,675.53,839.73,55.53,131.85,0.9517,-1,-1,-1
826,569,97.44,57.59,48.32,90.51,0.9454,-1,-1,-1
827,534,729.72,510.49,63.71,145.07,0.9833,-1,-1,-1
827,539,388.23,616.85,64.86,149.57,0.9775,-1,-1,-1
827,560,716.34,421.96,45.7,117.18,0.974,-1,-1,-1
827,426,559.72,625.09,67.25,147.17,0.974,-1,-1,-1
827,537,1714.29,627.67,57.76,143.28,0.9738,-1,-1,-1
827,538,1164.66,377.33,46.82,130.51,0.9734,-1,-1,-1
827,542,1085.77,148.37,47.9,101.33,0.9726,-1,-1,-1
827,544,1578.99,413.76,64.67,132.73,0.9721,-1,-1,-1
827,418,1004.15,599.2,44.36,146.35,0.9716,-1,-1,-1
827,536,761.25,228.05,41.95,98.52,0.9689,-1,-1,-1
827,561,974.24,362.51,51.29,123.12,0.9684,-1,-1,-1
827,570,308.39,106.17,45.56,73.74,0.9648,-1,-1,-1
827,547,1434.09,283.25,37.27,114.3,0.9623,-1,-1,-1
827,564,682.47,840.09,53.95,132.2,0.944,-1,-1,-1
827,569,99.8,55.49,45.38,93.36,0.7943,-1,-1,-1
828,534,731.19,513.22,63.11,143.55,0.9807,-1,-1,-1
828,539,381.28,620.82,72.42,148.61,0.9764,-1,-1,-1
828,426,556.36,628.22,68.19,145.25,0.9758,-1,-1,-1
828,538,1167.27,378.63,52.36,127.69,0.9757,-1,-1,-1
828,537,1710.85,626.16,62.97,140.55,0.9753,-1,-1,-1
828,544,1570.05,415.08,74.91,128.62,0.9748,-1,-1,-1
828,418,995.81,600.02,43.45,146.21,0.9743,-1,-1,-1
828,547,1434.28,283.85,40.18,115.4,0.9739,-1,-1,-1
828,542,1085.31,149.23,45.2,101.2,0.9728,-1,-1,-1
828,536,765.67,226.88,42.11,98.45,0.9725,-1,-1,-1
828,560,719.32,421.95,46.53,118.99,0.9704,-1,-1,-1
828,561,985.34,360.82,45.96,125.82,0.9689,-1,-1,-1
828,570,314.87,107.1,49.02,72.88,0.955,-1,-1,-1
828,564,687.13,841.28,54.92,129.83,0.9261,-1,-1,-1
828,569,102.75,53.97,39.59,96.3,0.3373,-1,-1,-1
829,539,373.89,624.1,81.04,150.21,0.9793,-1,-1,-1
829,547,1434.33,284.09,46.51,114.97,0.9792,-1,-1,-1
829,544,1568.39,415.9,74.58,126.83,0.9771,-1,-1,-1
829,426,552.03,631.35,63.89,144.01,0.9769,-1,-1,-1
829,534,733.1,512.76,62.12,144.62,0.9762,-1,-1,-1
829,418,987.53,597.31,48.3,150.51,0.9738,-1,-1,-1
829,561,990.5,359.96,45.27,126.85,0.9736,-1,-1,-1
829,537,1704.43,625.28,71.91,137.78,0.9728,-1,-1,-1
829,560,721.27,420.78,44.8,121.85,0.9675,-1,-1,-1
829,542,1085.93,150.9,39.43,101.21,0.9592,-1,-1,-1
829,536,770.41,226.44,41.85,97.77,0.9573,-1,-1,-1
829,564,692.5,843.33,56.45,128.58,0.956,-1,-1,-1
829,570,324.01,107.05,47.24,72.56,0.9553,-1,-1,-1
829,538,1169.21,380.91,59.92,125.16,0.9521,-1,-1,-1
830,547,1434.26,282.5,53.41,118.6,0.979,-1,-1,-1
830,539,370.23,627.01,84.37,149.72,0.9773,-1,-1,-1
830,537,1696.58,625.61,78.94,130.98,0.9768,-1,-1,-1
830,534,734.17,512.2,58.93,146.82,0.9766,-1,-1,-1
830,426,550.27,631.12,57.85,146.32,0.9748,-1,-1,-1
830,544,1568.21,418.9,69.91,126.94,0.974,-1,-1,-1
830,561,995.84,359.4,43.02,120.33,0.9725,-1,-1,-1
830,538,1169.89,382.03,68.43,123.49,0.9711,-1,-1,-1
830,536,773.59,225.49,42.75,99.37,0.9696,-1,-1,-1
830,418,980.64,593.82,55.41,155.63,0.9651,-1,-1,-1
830,560,723.37,417.05,41.73,123.99,0.9613,-1,-1,-1
830,564,694.74,844.89,59.99,127.43,0.9574,-1,-1,-1
830,542,1085.75,153.03,36.88,98.58,0.9404,-1,-1,-1
830,570,332.21,106.36,45.35,74.09,0.9343,-1,-1,-1
831,547,1434.29,282.45,53.35,118.63,0.9791,-1,-1,-1
831,539,370.15,627.1,84.39,149.56,0.9774,-1,-1,-1
831,537,1696.6,625.59,78.95,131.01,0.9768,-1,-1,-1
831,534,734.13,512.2,58.94,146.81,0.9766,-1,-1,-1
831,426,550.27,631.14,57.78,146.32,0.9749,-1,-1,-1
831,544,1568.15,418.87,70.0,126.95,0.9742,-1,-1,-1
831,561,995.84,359.4,43.07,120.39,0.9724,-1,-1,-1
831,538,1169.82,381.99,68.54,123.44,0.9711,-1,-1,-1
831,536,773.57,225.47,42.83,99.49,0.9699,-1,-1,-1
831,418,980.62,593.76,55.45,155.74,0.965,-1,-1,-1
831,560,723.43,417.11,41.73,123.98,0.9617,-1,-1,-1
831,564,694.69,844.87,60.09,127.51,0.9565,-1,-1,-1
831,542,1085.96,153.02,36.76,98.57,0.9405,-1,-1,-1
831,570,332.2,106.32,45.44,74.24,0.9334,-1,-1,-1
832,537,1690.98,628.7,82.26,130.13,0.9774,-1,-1,-1
832,539,369.36,628.96,83.61,148.55,0.977,-1,-1,-1
832,418,973.8,594.69,63.7,153.37,0.9749,-1,-1,-1
832,534,736.39,513.53,52.85,144.57,0.9744,-1,-1,-1
832,536,775.41,226.44,46.63,99.19,0.9741,-1,-1,-1
832,544,1566.49,421.26,63.98,126.1,0.9718,-1,-1,-1
832,560,724.89,414.45,41.81,123.38,0.9698,-1,-1,-1
832,561,1002.7,361.42,40.48,118.01,0.9696,-1,-1,-1
832,538,1171.67,380.37,70.53,126.9,0.9693,-1,-1,-1
832,547,1433.47,281.47,57.8,120.28,0.9685,-1,-1,-1
832,426,547.35,632.44,53.9,146.48,0.9676,-1,-1,-1
832,564,697.04,847.32,62.52,124.97,0.9528,-1,-1,-1
832,570,340.86,106.16,41.03,75.09,0.945,-1,-1,-1
832,542,1088.47,152.1,33.62,100.1,0.9348,-1,-1,-1
833,426,544.04,630.82,55.03,151.79,0.9761,-1,-1,-1
833,534,736.51,515.35,48.03,143.41,0.9759,-1,-1,-1
833,536,776.49,227.58,49.83,99.49,0.9751,-1,-1,-1
833,539,370.54,631.43,83.57,147.86,0.9749,-1,-1,-1
833,544,1561.75,422.91,58.58,126.43,0.9731,-1,-1,-1
833,561,1008.02,362.23,39.85,119.89,0.9696,-1,-1,-1
833,418,958.1,594.98,77.97,149.49,0.9689,-1,-1,-1
833,560,726.76,412.97,40.35,121.44,0.9686,-1,-1,-1
833,542,1080.61,152.03,40.13,101.57,0.9677,-1,-1,-1
833,538,1171.7,375.26,71.49,133.3,0.9669,-1,-1,-1
833,547,1434.37,281.61,59.88,120.16,0.9662,-1,-1,-1
833,537,1691.58,632.6,72.82,131.57,0.9649,-1,-1,-1
833,564,699.63,848.42,63.92,124.3,0.9482,-1,-1,-1
833,570,348.76,106.65,36.9,75.17,0.9176,-1,-1,-1
834,418,952.42,595.84,79.98,146.11,0.9778,-1,-1,-1
834,426,541.2,629.48,55.08,156.57,0.9769,-1,-1,-1
834,536,777.45,229.13,50.98,100.15,0.975,-1,-1,-1
834,534,735.87,516.43,46.73,144.05,0.9746,-1,-1,-1
834,544,1560.4,420.89,53.76,128.96,0.9745,-1,-1,-1
834,539,374.06,633.5,76.01,146.48,0.9712,-1,-1,-1
834,560,727.75,411.86,39.83,119.51,0.9705,-1,-1,-1
834,542,1081.05,151.08,40.18,104.82,0.9701,-1,-1,-1
834,537,1686.12,633.35,63.29,131.51,0.9687,-1,-1,-1
834,564,703.14,851.05,64.36,122.56,0.9662,-1,-1,-1
834,547,1434.82,282.76,59.04,118.23,0.9652,-1,-1,-1
834,538,1174.19,374.85,67.05,135.17,0.9585,-1,-1,-1
834,561,1014.74,361.94,35.73,123.0,0.9543,-1,-1,-1
834,570,354.61,106.25,36.32,75.94,0.9031,-1,-1,-1
835,426,534.13,630.95,59.77,156.25,0.9774,-1,-1,-1
835,534,733.15,518.4,47.31,144.97,0.9766,-1,-1,-1
835,418,945.82,600.32,80.29,146.71,0.976,-1,-1,-1
835,542,1073.47,151.63,47.97,103.47,0.9757,-1,-1,-1
835,536,777.9,231.71,52.12,99.23,0.9746,-1,-1,-1
835,537,1680.62,632.4,58.11,134.59,0.9727,-1,-1,-1
835,544,1557.21,417.52,55.52,134.74,0.9718,-1,-1,-1
835,539,374.48,634.23,71.0,147.03,0.9712,-1,-1,-1
835,560,727.76,411.38,40.3,120.88,0.9705,-1,-1,-1
835,547,1433.28,284.92,57.67,113.33,0.9688,-1,-1,-1
835,561,1018.13,361.25,35.83,123.76,0.9609,-1,-1,-1
835,564,706.1,853.08,65.73,119.97,0.9602,-1,-1,-1
835,538,1181.16,374.41,57.54,134.62,0.9535,-1,-1,-1
835,570,360.08,106.16,34.47,78.12,0.8927,-1,-1,-1
835,569,101.38,62.79,46.54,94.2,0.8097,-1,-1,-1
836,534,730.51,523.15,46.01,142.43,0.9777,-1,-1,-1
836,426,527.98,632.3,63.61,154.81,0.9777,-1,-1,-1
836,537,1672.88,630.86,54.62,138.64,0.9761,-1,-1,-1
836,418,946.1,603.34,65.63,147.89,0.9757,-1,-1,-1
836,536,778.26,234.16,52.9,98.87,0.9749,-1,-1,-1
836,547,1430.25,286.54,57.22,112.78,0.9747,-1,-1,-1
836,542,1071.51,152.87,47.6,101.06,0.9737,-1,-1,-1
836,560,726.47,411.95,43.71,122.97,0.9736,-1,-1,-1
836,544,1553.5,416.99,57.98,135.1,0.9735,-1,-1,-1
836,539,373.67,633.35,62.03,149.21,0.9706,-1,-1,-1
836,561,1020.84,362.24,36.49,124.07,0.9681,-1,-1,-1
836,564,707.31,854.68,67.33,118.6,0.9609,-1,-1,-1
836,538,1180.44,375.0,56.66,130.61,0.9573,-1,-1,-1
836,570,362.71,107.09,35.48,78.55,0.9025,-1,-1,-1
836,569,101.74,64.45,46.23,94.14,0.6936,-1,-1,-1
837,534,730.48,522.94,46.09,142.62,0.9779,-1,-1,-1
837,426,528.0,632.24,63.6,154.72,0.9778,-1,-1,-1
837,537,1672.89,630.87,54.6,138.61,0.9762,-1,-1,-1
837,418,946.46,603.77,65.25,146.4,0.9755,-1,-1,-1
837,536,778.12,234.15,53.07,98.89,0.9748,-1,-1,-1
837,547,1430.24,286.53,57.23,112.83,0.9748,-1,-1,-1
837,542,1071.53,152.89,47.56,101.02,0.9738,-1,-1,-1
837,560,726.56,412.0,43.57,122.95,0.9735,-1,-1,-1
837,544,1553.45,417.04,58.09,135.01,0.9734,-1,-1,-1
837,539,373.7,633.38,61.91,149.14,0.9709,-1,-1,-1
837,561,1020.83,362.28,36.51,124.02,0.9682,-1,-1,-1
837,564,707.32,854.7,67.29,118.57,0.9606,-1,-1,-1
837,538,1178.75,374.6,58.34,131.14,0.9574,-1,-1,-1
837,570,362.92,106.36,35.19,79.55,0.8989,-1,-1,-1
837,569,101.78,64.37,46.19,94.32,0.7152,-1,-1,-1
838,426,523.41,636.45,63.49,150.09,0.9767,-1,-1,-1
838,534,721.73,525.37,52.05,143.3,0.9756,-1,-1,-1
838,544,1547.89,416.69,61.83,133.0,0.9754,-1,-1,-1
838,560,724.23,414.37,46.67,122.81,0.9752,-1,-1,-1
838,536,780.15,235.8,51.8,99.19,0.9742,-1,-1,-1
838,418,938.48,607.91,57.07,143.29,0.9739,-1,-1,-1
838,537,1665.32,626.66,58.03,143.47,0.9738,-1,-1,-1
838,539,370.84,634.01,54.08,151.02,0.9732,-1,-1,-1
838,542,1070.13,153.95,44.89,101.34,0.9723,-1,-1,-1
838,561,1021.49,360.16,37.98,126.16,0.9722,-1,-1,-1
838,547,1431.05,286.76,47.96,113.85,0.9715,-1,-1,-1
838,538,1171.66,373.79,65.48,129.36,0.9636,-1,-1,-1
838,564,712.44,858.55,64.54,113.59,0.9425,-1,-1,-1
838,570,363.98,108.92,40.51,77.83,0.8644,-1,-1,-1
838,569,101.51,64.08,45.35,95.58,0.5103,-1,-1,-1
839,537,1658.23,624.68,61.7,142.24,0.9792,-1,-1,-1
839,426,518.97,639.93,59.25,147.58,0.9771,-1,-1,-1
839,536,783.86,236.21,47.97,100.37,0.9769,-1,-1,-1
839,418,928.65,605.69,54.78,148.02,0.9763,-1,-1,-1
839,544,1539.58,416.84,66.18,129.11,0.9745,-1,-1,-1
839,539,368.08,635.27,50.31,151.79,0.9738,-1,-1,-1
839,560,722.78,416.41,48.95,122.59,0.9728,-1,-1,-1
839,538,1167.58,375.11,70.62,127.3,0.9677,-1,-1,-1
839,534,712.76,530.01,59.9,141.45,0.9674,-1,-1,-1
839,561,1022.1,359.38,37.83,118.8,0.967,-1,-1,-1
839,547,1429.05,286.9,42.96,115.42,0.9613,-1,-1,-1
839,542,1070.67,155.89,37.63,100.18,0.9598,-1,-1,-1
839,564,715.06,858.54,64.21,113.26,0.9242,-1,-1,-1
839,570,363.39,110.02,50.55,79.72,0.9038,-1,-1,-1
839,569,99.54,64.85,45.49,96.91,0.3798,-1,-1,-1
840,544,1534.91,419.67,64.63,126.51,0.9761,-1,-1,-1
840,426,513.83,643.43,53.61,147.68,0.9756,-1,-1,-1
840,537,1650.17,621.7,68.13,141.93,0.9755,-1,-1,-1
840,534,703.34,528.66,68.29,146.27,0.9755,-1,-1,-1
840,418,920.07,602.6,54.05,153.03,0.9739,-1,-1,-1
840,547,1426.25,286.49,44.87,117.66,0.9733,-1,-1,-1
840,539,362.66,637.82,50.44,151.33,0.9729,-1,-1,-1
840,536,787.49,236.79,45.03,101.45,0.9717,-1,-1,-1
840,561,1022.77,359.86,39.45,120.24,0.9699,-1,-1,-1
840,538,1165.88,377.79,72.6,127.87,0.9679,-1,-1,-1
840,560,721.27,417.62,45.39,123.9,0.9627,-1,-1,-1
840,542,1064.49,159.47,33.93,98.15,0.9454,-1,-1,-1
840,564,719.44,857.83,63.82,115.11,0.8894,-1,-1,-1
840,570,363.46,109.76,55.64,80.96,0.8548,-1,-1,-1
840,569,98.25,65.18,44.49,97.54,0.461,-1,-1,-1
841,534,703.61,530.96,67.74,145.07,0.9755,-1,-1,-1
841,537,1643.04,621.05,72.57,135.37,0.9735,-1,-1,-1
841,426,508.52,645.62,47.92,148.43,0.9735,-1,-1,-1
841,536,787.11,237.92,47.41,101.29,0.9735,-1,-1,-1
841,418,912.88,599.32,53.53,157.12,0.9716,-1,-1,-1
841,561,1023.41,360.62,42.69,122.13,0.9716,-1,-1,-1
841,544,1530.63,420.82,62.02,128.09,0.9708,-1,-1,-1
841,560,719.89,416.33,44.04,125.76,0.969,-1,-1,-1
841,547,1425.41,286.83,40.95,119.04,0.969,-1,-1,-1
841,539,357.11,638.33,53.15,154.71,0.9677,-1,-1,-1
841,538,1165.19,380.47,73.34,124.79,0.9603,-1,-1,-1
841,542,1059.12,162.09,32.04,96.16,0.9478,-1,-1,-1
841,570,365.09,110.4,53.48,81.12,0.9395,-1,-1,-1
841,569,95.76,65.66,44.94,99.11,0.8978,-1,-1,-1
841,564,724.91,859.76,60.59,112.64,0.8718,-1,-1,-1
842,537,1637.48,623.0,73.94,130.73,0.9772,-1,-1,-1
842,534,701.52,532.2,69.01,144.75,0.975,-1,-1,-1
842,418,899.4,598.48,59.8,155.74,0.9749,-1,-1,-1
842,561,1021.59,361.21,45.02,123.12,0.9746,-1,-1,-1
842,536,787.19,237.39,46.08,103.49,0.9742,-1,-1,-1
842,539,352.03,641.09,54.9,153.57,0.9732,-1,-1,-1
842,560,717.36,413.53,44.04,130.4,0.9732,-1,-1,-1
842,544,1525.03,422.46,54.62,127.83,0.9725,-1,-1,-1
842,426,502.52,644.73,44.38,150.06,0.9712,-1,-1,-1
842,542,1050.89,166.04,42.26,92.1,0.9697,-1,-1,-1
842,538,1160.91,377.72,74.66,130.78,0.9676,-1,-1,-1
842,547,1421.91,288.01,40.93,116.78,0.9628,-1,-1,-1
842,564,731.05,860.17,57.4,111.03,0.894,-1,-1,-1
842,570,372.49,109.48,46.78,82.41,0.8148,-1,-1,-1
842,569,93.26,67.2,44.61,97.66,0.2893,-1,-1,-1
843,537,1637.48,622.92,73.95,130.86,0.9771,-1,-1,-1
843,534,701.57,532.18,69.0,144.76,0.9751,-1,-1,-1
843,418,899.34,598.44,59.87,155.94,0.9751,-1,-1,-1
843,561,1021.63,361.22,44.97,123.13,0.9746,-1,-1,-1
843,536,787.2,237.42,46.08,103.46,0.9742,-1,-1,-1
843,539,351.98,641.11,54.97,153.56,0.9733,-1,-1,-1
843,560,717.33,413.56,44.09,130.44,0.9733,-1,-1,-1
843,544,1524.95,422.44,54.78,127.83,0.9725,-1,-1,-1
843,426,502.47,644.69,44.41,150.04,0.9713,-1,-1,-1
843,542,1050.72,165.96,42.15,92.08,0.9696,-1,-1,-1
843,538,1160.94,377.8,74.62,130.71,0.9669,-1,-1,-1
843,547,1422.02,287.88,40.84,116.9,0.9631,-1,-1,-1
843,564,730.89,860.17,57.49,111.04,0.9043,-1,-1,-1
843,570,372.48,109.43,46.72,82.44,0.7908,-1,-1,-1
843,569,93.25,67.19,44.64,97.65,0.2955,-1,-1,-1
844,544,1520.79,421.96,49.09,128.98,0.9771,-1,-1,-1
844,418,885.9,600.12,68.46,151.32,0.9764,-1,-1,-1
844,534,699.98,532.72,70.05,145.99,0.9764,-1,-1,-1
844,539,346.19,643.04,58.0,153.68,0.9743,-1,-1,-1
844,560,715.9,410.46,44.37,132.64,0.9742,-1,-1,-1
844,537,1631.88,626.39,69.95,134.03,0.9739,-1,-1,-1
844,538,1159.14,377.51,72.36,131.57,0.9738,-1,-1,-1
844,536,787.08,237.63,43.91,103.2,0.9734,-1,-1,-1
844,426,496.28,643.05,46.37,153.33,0.9734,-1,-1,-1
844,561,1020.96,360.92,45.27,124.64,0.9729,-1,-1,-1
844,542,1044.36,170.71,49.92,87.3,0.9703,-1,-1,-1
844,547,1415.68,289.44,41.01,113.25,0.9696,-1,-1,-1
844,569,91.69,66.77,41.55,99.39,0.8173,-1,-1,-1
844,570,384.24,109.92,39.16,82.48,0.6485,-1,-1,-1
844,564,735.99,860.26,54.43,111.7,0.4179,-1,-1,-1
845,544,1517.94,419.62,45.3,131.84,0.9769,-1,-1,-1
845,534,698.08,533.57,69.4,146.16,0.9754,-1,-1,-1
845,539,339.0,643.74,65.68,155.02,0.9738,-1,-1,-1
845,560,714.44,407.76,43.66,127.91,0.9738,-1,-1,-1
845,538,1156.64,375.82,70.66,132.9,0.9734,-1,-1,-1
845,418,876.33,601.04,73.6,148.38,0.9728,-1,-1,-1
845,537,1627.83,626.79,60.41,134.89,0.9727,-1,-1,-1
845,426,490.04,642.06,51.38,155.27,0.9715,-1,-1,-1
845,536,786.32,237.88,40.47,103.97,0.9715,-1,-1,-1
845,561,1018.41,358.08,49.72,128.6,0.9714,-1,-1,-1
845,542,1039.15,172.01,55.72,86.57,0.9682,-1,-1,-1
845,547,1411.4,289.61,41.02,114.66,0.968,-1,-1,-1
845,569,89.35,66.63,41.11,100.01,0.9328,-1,-1,-1
845,564,740.99,861.64,53.65,110.46,0.6316,-1,-1,-1
846,426,480.16,642.55,59.94,153.6,0.9787,-1,-1,-1
846,418,870.42,602.77,65.34,148.28,0.9763,-1,-1,-1
846,547,1405.47,288.88,47.04,115.08,0.9757,-1,-1,-1
846,534,697.41,533.68,66.59,146.5,0.9755,-1,-1,-1
846,560,712.2,406.02,44.49,126.7,0.9747,-1,-1,-1
846,544,1512.12,416.76,47.78,134.59,0.9726,-1,-1,-1
846,539,331.71,644.03,75.04,157.38,0.9722,-1,-1,-1
846,561,1020.84,355.93,47.98,127.69,0.972,-1,-1,-1
846,542,1033.16,170.41,63.22,87.43,0.9719,-1,-1,-1
846,538,1155.46,375.84,69.87,133.02,0.9716,-1,-1,-1
846,537,1621.11,627.32,48.96,135.64,0.9716,-1,-1,-1
846,536,784.53,237.03,37.51,104.35,0.9642,-1,-1,-1
846,569,87.64,66.89,38.47,101.27,0.9114,-1,-1,-1
846,573,0.15,208.11,16.8,104.83,0.905,-1,-1,-1
846,564,744.67,862.95,51.92,109.46,0.8402,-1,-1,-1
846,570,395.42,112.4,33.73,80.66,0.5676,-1,-1,-1
847,561,1023.86,355.85,46.62,118.85,0.9784,-1,-1,-1
847,539,326.43,644.63,82.24,156.21,0.9779,-1,-1,-1
847,544,1504.89,414.92,55.67,136.85,0.9776,-1,-1,-1
847,534,696.19,532.2,62.22,145.76,0.9771,-1,-1,-1
847,418,871.39,605.34,51.24,145.79,0.9769,-1,-1,-1
847,547,1402.18,286.79,50.96,117.46,0.9764,-1,-1,-1
847,426,471.42,641.56,65.66,157.35,0.9727,-1,-1,-1
847,560,710.96,405.56,42.32,125.58,0.9718,-1,-1,-1
847,542,1029.59,170.24,63.56,87.73,0.9689,-1,-1,-1
847,537,1614.79,625.4,42.21,137.39,0.9686,-1,-1,-1
847,538,1155.43,375.83,66.81,132.66,0.9655,-1,-1,-1
847,536,782.28,235.12,34.22,106.63,0.9561,-1,-1,-1
847,564,747.28,862.85,55.1,108.95,0.9425,-1,-1,-1
847,569,86.68,67.17,37.63,100.49,0.9366,-1,-1,-1
847,573,0.06,210.01,25.76,101.08,0.9289,-1,-1,-1
847,570,397.55,113.71,34.66,79.51,0.8536,-1,-1,-1
848,539,321.75,644.38,87.99,156.35,0.9807,-1,-1,-1
848,547,1398.61,285.59,50.61,118.37,0.979,-1,-1,-1
848,538,1150.68,375.95,68.42,126.72,0.9777,-1,-1,-1
848,561,1026.34,355.72,44.27,117.66,0.9773,-1,-1,-1
848,426,467.38,642.18,66.25,152.89,0.9767,-1,-1,-1
848,560,708.27,406.41,44.1,125.98,0.9757,-1,-1,-1
848,537,1605.46,619.0,50.63,143.05,0.9747,-1,-1,-1
848,544,1497.21,413.46,61.16,131.82,0.9731,-1,-1,-1
848,534,694.29,531.49,54.09,147.32,0.9713,-1,-1,-1
848,418,862.16,604.94,45.74,147.46,0.971,-1,-1,-1
848,542,1024.56,172.24,63.59,84.25,0.9536,-1,-1,-1
848,536,779.51,232.39,34.39,109.03,0.9518,-1,-1,-1
848,573,0.0,211.49,30.79,101.21,0.9474,-1,-1,-1
848,564,751.28,863.56,53.17,108.34,0.9382,-1,-1,-1
848,570,398.46,112.67,36.87,81.49,0.8542,-1,-1,-1
848,569,85.59,67.26,37.04,100.06,0.268,-1,-1,-1
849,539,321.8,644.37,88.01,156.44,0.9805,-1,-1,-1
849,547,1398.61,285.58,50.62,118.37,0.979,-1,-1,-1
849,538,1150.67,375.95,68.42,126.66,0.9777,-1,-1,-1
849,561,1026.34,355.71,44.25,117.67,0.9773,-1,-1,-1
849,426,467.34,642.15,66.25,152.93,0.9767,-1,-1,-1
849,560,708.32,406.4,44.13,125.93,0.9757,-1,-1,-1
849,537,1605.41,618.85,50.64,143.16,0.9748,-1,-1,-1
849,544,1497.25,413.45,61.13,132.01,0.9731,-1,-1,-1
849,534,694.23,531.49,54.13,147.29,0.9712,-1,-1,-1
849,418,862.19,604.96,45.73,147.42,0.9708,-1,-1,-1
849,542,1024.61,172.25,63.53,84.28,0.9532,-1,-1,-1
849,536,779.5,232.38,34.34,109.05,0.9518,-1,-1,-1
849,573,0.0,211.53,30.82,101.23,0.9474,-1,-1,-1
849,564,751.21,863.61,53.35,108.31,0.9378,-1,-1,-1
849,569,85.85,66.06,37.06,100.79,0.8704,-1,-1,-1
849,570,398.56,112.55,36.75,81.58,0.8398,-1,-1,-1
850,539,317.62,642.7,91.19,153.47,0.9792,-1,-1,-1
850,561,1029.42,353.71,44.99,119.5,0.9773,-1,-1,-1
850,544,1486.12,412.44,70.09,128.73,0.977,-1,-1,-1
850,537,1598.76,615.12,56.96,146.42,0.9767,-1,-1,-1
850,426,463.46,644.95,62.63,148.77,0.9761,-1,-1,-1
850,547,1396.56,285.24,46.54,118.67,0.976,-1,-1,-1
850,538,1147.75,375.6,68.19,124.43,0.9758,-1,-1,-1
850,418,850.89,603.03,46.21,149.72,0.9753,-1,-1,-1
850,534,690.36,531.82,51.3,146.98,0.9752,-1,-1,-1
850,560,706.76,407.07,44.0,124.57,0.9745,-1,-1,-1
850,573,0.07,209.38,33.98,105.79,0.9466,-1,-1,-1
850,542,1014.27,172.56,62.03,83.21,0.9464,-1,-1,-1
850,536,776.53,230.54,33.21,113.82,0.9407,-1,-1,-1
850,564,755.79,864.09,52.85,107.8,0.9358,-1,-1,-1
850,569,84.77,65.71,36.58,100.74,0.8896,-1,-1,-1
850,570,399.01,113.26,39.0,78.91,0.6855,-1,-1,-1
851,539,315.5,642.38,92.92,150.79,0.9789,-1,-1,-1
851,537,1589.8,612.64,62.32,139.48,0.9774,-1,-1,-1
851,426,458.57,648.19,60.14,146.63,0.9769,-1,-1,-1
851,560,703.4,405.18,45.58,127.39,0.9755,-1,-1,-1
851,544,1479.27,412.65,71.2,127.18,0.9746,-1,-1,-1
851,538,1146.65,374.61,66.78,123.91,0.9732,-1,-1,-1
851,561,1031.67,352.74,45.53,120.61,0.9729,-1,-1,-1
851,418,841.85,597.86,49.01,156.22,0.9726,-1,-1,-1
851,534,686.26,531.29,48.61,147.36,0.9702,-1,-1,-1
851,547,1394.61,284.17,42.15,118.43,0.967,-1,-1,-1
851,536,771.81,231.12,34.76,112.28,0.9636,-1,-1,-1
851,573,1.65,209.24,40.83,104.51,0.9626,-1,-1,-1
851,542,1008.15,175.25,44.61,80.39,0.9577,-1,-1,-1
851,564,758.96,864.56,56.08,107.09,0.9045,-1,-1,-1
851,570,404.23,115.95,36.13,76.86,0.576,-1,-1,-1
851,569,83.58,67.23,37.11,100.02,0.2764,-1,-1,-1
852,539,315.77,641.73,85.93,155.1,0.9767,-1,-1,-1
852,560,701.02,402.15,47.29,129.87,0.9745,-1,-1,-1
852,544,1474.88,414.73,66.7,126.27,0.9743,-1,-1,-1
852,418,832.97,595.45,54.56,159.21,0.9717,-1,-1,-1
852,537,1577.62,613.26,71.78,132.84,0.9716,-1,-1,-1
852,536,763.51,232.26,40.11,109.3,0.9715,-1,-1,-1
852,534,679.67,531.82,53.32,148.27,0.9709,-1,-1,-1
852,426,453.13,646.83,54.69,150.88,0.9703,-1,-1,-1
852,538,1145.22,376.27,61.26,124.29,0.9687,-1,-1,-1
852,542,994.17,177.31,56.48,81.63,0.9683,-1,-1,-1
852,561,1032.67,349.34,44.04,124.49,0.9678,-1,-1,-1
852,573,5.13,207.51,42.5,106.75,0.9666,-1,-1,-1
852,547,1395.1,283.85,34.46,119.91,0.9594,-1,-1,-1
852,564,763.56,865.28,56.26,106.35,0.8576,-1,-1,-1
852,569,83.62,68.12,36.99,97.69,0.7225,-1,-1,-1
852,570,407.68,123.57,40.43,71.74,0.695,-1,-1,-1
853,538,1144.66,378.12,54.28,121.01,0.9769,-1,-1,-1
853,537,1567.95,612.01,77.95,131.37,0.975,-1,-1,-1
853,426,448.38,646.87,51.59,150.57,0.9746,-1,-1,-1
853,560,698.73,399.37,48.55,132.89,0.9736,-1,-1,-1
853,418,816.39,594.44,68.09,157.6,0.9733,-1,-1,-1
853,536,758.1,234.61,45.22,107.22,0.9723,-1,-1,-1
853,539,320.01,640.76,78.72,158.61,0.9719,-1,-1,-1
853,534,675.76,532.4,55.29,148.31,0.9707,-1,-1,-1
853,561,1032.79,347.4,43.09,123.98,0.9683,-1,-1,-1
853,573,10.28,205.87,40.8,108.89,0.9677,-1,-1,-1
853,544,1469.27,416.38,61.59,126.06,0.9665,-1,-1,-1
853,542,983.21,174.23,67.62,83.08,0.9641,-1,-1,-1
853,547,1391.63,281.61,33.45,123.2,0.9526,-1,-1,-1
853,569,82.3,68.72,36.67,98.31,0.8627,-1,-1,-1
853,564,766.14,864.85,57.36,107.41,0.7338,-1,-1,-1
853,570,414.43,118.52,42.49,73.36,0.6752,-1,-1,-1
854,538,1144.16,375.94,49.27,123.32,0.9801,-1,-1,-1
854,418,806.61,594.33,75.97,152.27,0.9797,-1,-1,-1
854,537,1565.24,613.54,71.68,132.39,0.976,-1,-1,-1
854,536,752.33,236.91,51.69,105.69,0.9738,-1,-1,-1
854,426,443.4,644.61,53.38,154.41,0.973,-1,-1,-1
854,561,1032.95,346.46,42.34,115.8,0.9727,-1,-1,-1
854,539,322.02,641.57,67.35,157.99,0.9725,-1,-1,-1
854,560,697.05,397.18,48.13,131.07,0.9721,-1,-1,-1
854,547,1384.18,281.52,39.88,123.46,0.9718,-1,-1,-1
854,542,975.05,174.85,69.6,83.66,0.9705,-1,-1,-1
854,573,13.44,202.18,43.1,111.78,0.9705,-1,-1,-1
854,544,1467.24,415.69,52.51,126.17,0.97,-1,-1,-1
854,534,672.94,533.76,55.46,148.7,0.9673,-1,-1,-1
854,570,416.14,122.22,43.86,72.6,0.9005,-1,-1,-1
854,569,82.69,69.35,36.03,98.02,0.8816,-1,-1,-1
854,564,772.9,864.49,55.81,109.47,0.3185,-1,-1,-1
855,538,1144.17,375.96,49.27,123.28,0.9802,-1,-1,-1
855,418,806.65,594.38,75.92,152.27,0.9796,-1,-1,-1
855,537,1565.07,613.53,71.73,132.55,0.9759,-1,-1,-1
855,536,752.35,236.89,51.67,105.73,0.9737,-1,-1,-1
855,426,443.4,644.56,53.35,154.45,0.973,-1,-1,-1
855,561,1032.89,346.48,42.5,115.79,0.9729,-1,-1,-1
855,539,321.94,641.57,67.25,158.03,0.9726,-1,-1,-1
855,560,697.04,397.18,48.23,130.98,0.9721,-1,-1,-1
855,547,1384.01,281.51,40.03,123.52,0.9718,-1,-1,-1
855,573,13.38,202.19,43.17,111.73,0.9706,-1,-1,-1
855,544,1467.29,415.65,52.45,126.22,0.97,-1,-1,-1
855,542,974.77,174.7,69.97,83.79,0.9697,-1,-1,-1
855,534,672.95,533.73,55.45,148.7,0.9673,-1,-1,-1
855,570,416.19,122.1,43.82,72.66,0.8954,-1,-1,-1
855,569,82.68,69.37,36.02,97.98,0.8811,-1,-1,-1
855,564,772.83,864.23,56.0,109.81,0.2838,-1,-1,-1
856,418,799.45,595.66,77.83,149.99,0.9783,-1,-1,-1
856,538,1141.19,374.89,50.64,125.25,0.9766,-1,-1,-1
856,561,1031.5,345.96,44.83,114.74,0.9754,-1,-1,-1
856,573,17.55,200.52,44.48,111.29,0.9741,-1,-1,-1
856,536,747.63,238.11,57.32,105.72,0.9737,-1,-1,-1
856,539,311.25,643.56,68.53,155.09,0.9735,-1,-1,-1
856,544,1457.55,413.3,56.16,128.41,0.9728,-1,-1,-1
856,547,1381.52,280.14,40.16,123.49,0.971,-1,-1,-1
856,426,438.37,641.58,54.25,158.22,0.9707,-1,-1,-1
856,534,668.08,535.65,58.99,148.81,0.9706,-1,-1,-1
856,542,968.19,174.17,70.27,83.94,0.97,-1,-1,-1
856,537,1561.15,622.83,63.22,125.14,0.9697,-1,-1,-1
856,560,695.55,396.81,47.63,123.6,0.9659,-1,-1,-1
856,570,418.0,124.36,43.61,71.49,0.9011,-1,-1,-1
856,569,82.62,69.78,35.83,99.0,0.8822,-1,-1,-1
856,564,779.27,865.17,53.53,107.67,0.6441,-1,-1,-1
857,544,1455.06,408.56,51.91,135.08,0.9768,-1,-1,-1
857,418,798.72,598.3,65.75,149.29,0.9761,-1,-1,-1
857,561,1030.56,345.96,48.33,116.3,0.9757,-1,-1,-1
857,538,1136.88,372.86,54.17,127.2,0.9738,-1,-1,-1
857,536,744.12,239.96,62.1,104.86,0.973,-1,-1,-1
857,539,302.87,644.19,69.5,154.21,0.9728,-1,-1,-1
857,426,432.17,639.6,55.89,160.28,0.9704,-1,-1,-1
857,547,1374.95,278.51,41.37,124.33,0.9698,-1,-1,-1
857,560,693.11,396.74,49.64,118.81,0.968,-1,-1,-1
857,573,22.63,200.39,47.99,105.39,0.9664,-1,-1,-1
857,534,663.41,537.34,62.52,147.58,0.9653,-1,-1,-1
857,537,1552.3,616.48,59.03,131.87,0.9639,-1,-1,-1
857,542,956.89,175.7,67.72,84.94,0.9593,-1,-1,-1
857,570,420.68,125.64,42.46,71.06,0.9242,-1,-1,-1
857,569,82.82,71.72,35.48,96.58,0.8644,-1,-1,-1
857,564,783.12,864.95,52.88,107.94,0.68,-1,-1,-1
858,561,1031.42,344.69,50.54,118.25,0.9772,-1,-1,-1
858,534,659.52,537.12,64.8,148.11,0.9766,-1,-1,-1
858,544,1449.18,404.38,54.05,138.62,0.9758,-1,-1,-1
858,418,796.58,601.03,56.33,145.09,0.9755,-1,-1,-1
858,536,743.47,239.91,63.23,105.65,0.9744,-1,-1,-1
858,537,1542.7,612.63,53.76,135.71,0.9744,-1,-1,-1
858,426,426.53,639.47,57.12,159.62,0.974,-1,-1,-1
858,573,27.3,199.98,50.83,105.92,0.9738,-1,-1,-1
858,538,1132.94,370.71,58.4,128.96,0.9736,-1,-1,-1
858,560,691.07,397.07,51.5,121.73,0.9716,-1,-1,-1
858,539,301.86,647.11,68.4,153.05,0.9716,-1,-1,-1
858,547,1369.61,280.09,42.43,121.87,0.9674,-1,-1,-1
858,570,423.69,125.32,39.91,71.92,0.9518,-1,-1,-1
858,542,942.95,177.35,52.27,83.12,0.9375,-1,-1,-1
858,564,784.56,864.69,54.18,107.13,0.8281,-1,-1,-1
858,569,83.07,72.49,34.89,96.05,0.8139,-1,-1,-1
859,534,656.4,537.21,66.19,149.04,0.9787,-1,-1,-1
859,560,690.11,397.28,52.07,123.02,0.9783,-1,-1,-1
859,561,1032.83,343.38,53.38,120.43,0.9772,-1,-1,-1
859,426,421.19,640.0,57.86,156.69,0.9768,-1,-1,-1
859,538,1129.53,371.11,62.09,123.95,0.9752,-1,-1,-1
859,544,1443.7,402.83,56.42,133.98,0.9751,-1,-1,-1
859,536,742.93,239.49,63.85,106.38,0.9745,-1,-1,-1
859,573,34.79,201.86,45.93,105.01,0.9741,-1,-1,-1
859,539,301.79,649.12,67.33,151.56,0.9739,-1,-1,-1
859,537,1534.77,608.19,51.64,141.91,0.9731,-1,-1,-1
859,418,787.7,599.64,54.44,149.22,0.9698,-1,-1,-1
859,547,1367.14,282.5,41.33,119.45,0.969,-1,-1,-1
859,542,929.37,177.86,58.52,82.36,0.9673,-1,-1,-1
859,570,423.69,125.62,41.33,72.24,0.957,-1,-1,-1
859,564,787.07,863.49,55.03,107.45,0.9049,-1,-1,-1
859,569,82.3,73.1,34.79,95.71,0.8384,-1,-1,-1
860,534,654.46,538.22,65.69,150.09,0.9794,-1,-1,-1
860,561,1036.72,340.26,54.33,123.02,0.9766,-1,-1,-1
860,538,1123.43,371.86,66.96,120.32,0.9764,-1,-1,-1
860,426,417.05,641.65,56.78,152.54,0.9761,-1,-1,-1
860,537,1525.39,603.94,57.74,146.07,0.976,-1,-1,-1
860,544,1436.83,402.81,59.53,127.69,0.9757,-1,-1,-1
860,547,1363.01,284.58,42.67,119.17,0.9748,-1,-1,-1
860,560,689.01,396.75,47.65,123.93,0.9745,-1,-1,-1
860,539,303.76,649.36,63.92,151.5,0.9731,-1,-1,-1
860,542,917.3,177.11,70.41,83.96,0.9726,-1,-1,-1
860,536,742.87,238.37,61.35,107.0,0.9724,-1,-1,-1
860,418,780.08,596.18,54.03,153.6,0.9719,-1,-1,-1
860,573,40.38,201.45,42.68,105.78,0.9663,-1,-1,-1
860,570,424.08,129.31,41.71,68.84,0.9479,-1,-1,-1
860,569,81.92,71.69,34.17,98.12,0.8804,-1,-1,-1
860,564,788.78,864.45,57.5,108.72,0.8716,-1,-1,-1
861,534,654.46,538.22,65.63,150.14,0.9794,-1,-1,-1
861,561,1036.67,340.26,54.36,123.03,0.9767,-1,-1,-1
861,538,1123.39,371.86,67.1,120.42,0.9766,-1,-1,-1
861,426,417.02,641.58,56.78,152.6,0.9761,-1,-1,-1
861,537,1525.48,603.87,57.73,146.06,0.976,-1,-1,-1
861,544,1436.8,402.8,59.49,127.78,0.9755,-1,-1,-1
861,547,1362.94,284.55,42.75,119.21,0.975,-1,-1,-1
861,560,689.07,396.76,47.54,123.99,0.9746,-1,-1,-1
861,539,303.7,649.33,63.96,151.74,0.9732,-1,-1,-1
861,542,917.19,177.06,70.53,84.03,0.9726,-1,-1,-1
861,536,742.88,238.37,61.38,106.98,0.9725,-1,-1,-1
861,418,780.1,596.19,53.98,153.6,0.9719,-1,-1,-1
861,573,40.47,201.51,42.58,105.63,0.9655,-1,-1,-1
861,570,424.07,129.38,41.55,68.74,0.9486,-1,-1,-1
861,569,81.91,71.67,34.17,98.14,0.8918,-1,-1,-1
861,564,788.8,864.3,57.15,109.09,0.86,-1,-1,-1
862,534,653.45,538.02,63.65,151.07,0.9784,-1,-1,-1
862,537,1516.37,601.23,63.53,142.11,0.9756,-1,-1,-1
862,544,1431.24,402.86,60.52,125.85,0.9749,-1,-1,-1
862,426,414.65,643.97,53.12,149.06,0.9748,-1,-1,-1
862,547,1354.56,287.07,47.09,117.8,0.9746,-1,-1,-1
862,538,1118.85,370.44,71.14,123.5,0.9739,-1,-1,-1
862,539,303.64,648.95,62.57,152.32,0.9739,-1,-1,-1
862,418,773.19,592.6,54.98,155.77,0.9733,-1,-1,-1
862,561,1040.36,337.32,55.51,119.39,0.973,-1,-1,-1
862,536,744.16,237.95,52.31,108.16,0.973,-1,-1,-1
862,560,686.73,394.1,44.66,126.66,0.9723,-1,-1,-1
862,573,47.77,200.81,42.27,106.83,0.97,-1,-1,-1
862,542,911.58,177.17,69.88,85.31,0.9659,-1,-1,-1
862,570,424.42,126.66,47.73,72.32,0.961,-1,-1,-1
862,564,787.84,864.34,60.24,108.3,0.8661,-1,-1,-1
862,569,81.22,71.51,34.65,99.25,0.8173,-1,-1,-1
863,537,1509.83,598.95,69.35,137.72,0.9803,-1,-1,-1
863,561,1049.25,336.11,49.42,113.85,0.9788,-1,-1,-1
863,560,685.05,390.43,43.32,130.7,0.9756,-1,-1,-1
863,544,1427.31,403.45,57.54,129.06,0.9755,-1,-1,-1
863,539,302.55,647.6,56.17,150.98,0.9747,-1,-1,-1
863,534,651.74,537.51,59.62,152.0,0.9742,-1,-1,-1
863,426,412.26,644.14,49.03,150.73,0.9738,-1,-1,-1
863,538,1114.66,373.09,67.49,120.76,0.9732,-1,-1,-1
863,418,766.66,586.96,52.91,161.17,0.9719,-1,-1,-1
863,542,902.76,177.46,72.56,86.47,0.9716,-1,-1,-1
863,573,53.95,199.47,41.94,107.58,0.9703,-1,-1,-1
863,536,744.67,237.28,41.94,109.17,0.9699,-1,-1,-1
863,547,1342.34,289.08,59.43,116.67,0.9692,-1,-1,-1
863,570,425.77,128.93,48.07,70.65,0.9554,-1,-1,-1
863,569,80.53,71.03,34.81,100.26,0.8669,-1,-1,-1
863,564,788.77,863.74,62.02,106.79,0.8215,-1,-1,-1
864,418,758.79,586.19,56.11,156.61,0.9773,-1,-1,-1
864,539,302.71,645.68,48.38,154.3,0.9755,-1,-1,-1
864,544,1423.5,405.54,53.53,127.99,0.9748,-1,-1,-1
864,547,1342.8,288.58,62.73,118.18,0.9746,-1,-1,-1
864,534,651.73,536.81,54.56,150.09,0.9744,-1,-1,-1
864,560,684.01,387.48,42.32,130.44,0.974,-1,-1,-1
864,537,1502.81,597.68,71.55,131.8,0.9731,-1,-1,-1
864,573,61.11,198.45,43.35,108.46,0.9731,-1,-1,-1
864,542,895.04,178.4,68.39,87.54,0.973,-1,-1,-1
864,561,1057.12,334.73,45.11,117.57,0.9706,-1,-1,-1
864,538,1108.94,373.53,65.16,121.16,0.9696,-1,-1,-1
864,426,409.42,641.67,46.18,153.64,0.9683,-1,-1,-1
864,536,742.75,237.48,35.29,108.95,0.9623,-1,-1,-1
864,570,429.33,129.18,52.51,70.96,0.9538,-1,-1,-1
864,569,78.28,71.46,36.83,100.66,0.8979,-1,-1,-1
864,564,789.76,856.38,67.36,147.76,0.7632,-1,-1,-1
865,561,1060.46,333.49,45.95,119.17,0.9771,-1,-1,-1
865,418,754.09,585.38,57.2,151.65,0.9767,-1,-1,-1
865,534,651.88,537.17,51.4,146.85,0.976,-1,-1,-1
865,544,1420.74,404.63,49.2,129.18,0.976,-1,-1,-1
865,560,683.83,385.08,41.95,126.48,0.9754,-1,-1,-1
865,426,406.06,640.59,45.13,151.22,0.975,-1,-1,-1
865,537,1498.95,598.26,71.07,131.45,0.9745,-1,-1,-1
865,539,298.08,644.86,49.37,155.03,0.9726,-1,-1,-1
865,547,1341.2,285.95,65.75,121.18,0.9716,-1,-1,-1
865,538,1104.25,371.97,59.23,122.31,0.9682,-1,-1,-1
865,542,887.31,179.32,54.76,87.13,0.9589,-1,-1,-1
865,536,739.59,236.59,35.16,110.12,0.958,-1,-1,-1
865,573,68.48,197.6,52.75,107.22,0.9482,-1,-1,-1
865,570,436.34,120.83,56.22,78.67,0.9385,-1,-1,-1
865,569,75.28,72.45,40.8,100.54,0.9382,-1,-1,-1
865,564,792.32,856.17,69.78,143.91,0.7222,-1,-1,-1
866,560,683.69,383.38,43.94,123.6,0.9769,-1,-1,-1
866,537,1497.07,600.18,65.3,130.21,0.9767,-1,-1,-1
866,561,1063.53,331.48,49.18,118.99,0.9766,-1,-1,-1
866,426,403.98,635.64,46.01,156.59,0.9763,-1,-1,-1
866,418,753.04,584.95,53.65,150.39,0.9755,-1,-1,-1
866,544,1419.34,401.63,47.02,131.79,0.9755,-1,-1,-1
866,534,652.7,536.32,49.48,146.41,0.9755,-1,-1,-1
866,573,76.31,197.93,59.67,104.42,0.9717,-1,-1,-1
866,538,1099.52,368.89,53.99,124.61,0.9687,-1,-1,-1
866,547,1340.38,283.73,67.76,123.22,0.9684,-1,-1,-1
866,542,880.7,179.97,40.93,86.41,0.9682,-1,-1,-1
866,539,294.69,644.45,53.12,155.51,0.9677,-1,-1,-1
866,536,736.29,237.1,37.28,109.77,0.9591,-1,-1,-1
866,569,74.43,73.06,44.07,99.37,0.9528,-1,-1,-1
866,570,449.69,120.35,49.98,77.7,0.9114,-1,-1,-1
866,564,800.18,865.55,66.85,105.74,0.8001,-1,-1,-1
867,560,683.71,383.4,43.92,123.51,0.9769,-1,-1,-1
867,537,1497.05,600.18,65.21,130.24,0.9768,-1,-1,-1
867,561,1063.54,331.46,49.21,119.05,0.9766,-1,-1,-1
867,426,403.95,635.64,46.01,156.59,0.9763,-1,-1,-1
867,534,652.84,536.3,49.33,146.44,0.9756,-1,-1,-1
867,544,1419.35,401.63,47.08,131.8,0.9755,-1,-1,-1
867,418,753.04,584.95,53.61,150.36,0.9754,-1,-1,-1
867,573,76.36,197.94,59.59,104.41,0.9716,-1,-1,-1
867,547,1340.52,283.75,67.52,123.2,0.9685,-1,-1,-1
867,538,1099.62,368.99,53.86,124.5,0.9685,-1,-1,-1
867,542,880.71,179.92,40.94,86.39,0.968,-1,-1,-1
867,539,294.54,644.43,53.31,155.6,0.9676,-1,-1,-1
867,536,736.27,237.1,37.37,109.8,0.9596,-1,-1,-1
867,569,74.43,73.1,44.08,99.33,0.9534,-1,-1,-1
867,570,449.81,120.32,49.93,77.77,0.9128,-1,-1,-1
867,564,800.17,865.54,66.94,105.79,0.8025,-1,-1,-1
868,426,402.24,632.71,49.2,158.83,0.9777,-1,-1,-1
868,534,655.03,535.54,47.21,147.75,0.9775,-1,-1,-1
868,418,753.24,586.51,47.4,149.84,0.9775,-1,-1,-1
868,560,684.64,382.14,43.78,123.7,0.9749,-1,-1,-1
868,547,1352.15,281.96,55.01,124.54,0.9745,-1,-1,-1
868,544,1419.51,397.85,44.25,133.95,0.9744,-1,-1,-1
868,537,1494.26,600.04,56.97,130.01,0.9743,-1,-1,-1
868,542,871.89,176.94,51.83,88.57,0.9727,-1,-1,-1
868,561,1068.88,327.58,51.9,121.34,0.9724,-1,-1,-1
868,539,292.5,643.57,57.87,156.87,0.9694,-1,-1,-1
868,536,734.66,237.53,39.59,109.57,0.9668,-1,-1,-1
868,538,1098.07,368.82,56.44,123.29,0.9637,-1,-1,-1
868,573,86.25,198.74,64.61,102.73,0.9624,-1,-1,-1
868,569,75.73,72.64,45.79,99.15,0.9528,-1,-1,-1
868,570,459.39,117.28,45.29,79.48,0.8463,-1,-1,-1
868,564,803.52,860.63,74.84,155.93,0.669,-1,-1,-1
869,426,398.28,631.97,55.32,158.1,0.9791,-1,-1,-1
869,547,1356.09,280.69,50.38,122.0,0.9774,-1,-1,-1
869,537,1491.86,597.95,48.0,132.64,0.977,-1,-1,-1
869,534,653.43,535.45,49.07,149.51,0.977,-1,-1,-1
869,418,752.05,588.88,44.47,146.51,0.9762,-1,-1,-1
869,544,1417.97,394.44,46.04,137.09,0.9748,-1,-1,-1
869,536,734.38,237.93,43.49,108.51,0.973,-1,-1,-1
869,560,685.38,383.55,41.5,121.33,0.9725,-1,-1,-1
869,542,863.27,174.51,62.69,91.61,0.9699,-1,-1,-1
869,539,293.79,643.16,59.08,157.63,0.9692,-1,-1,-1
869,538,1086.68,368.99,69.88,120.88,0.969,-1,-1,-1
869,573,94.77,200.92,65.67,100.24,0.9689,-1,-1,-1
869,561,1077.85,326.43,52.86,114.16,0.9492,-1,-1,-1
869,569,78.22,71.67,46.28,100.35,0.9486,-1,-1,-1
869,570,466.25,116.28,51.05,82.76,0.8918,-1,-1,-1
869,564,811.94,856.95,72.67,156.95,0.8085,-1,-1,-1
870,536,735.07,237.97,47.2,109.32,0.9784,-1,-1,-1
870,426,397.62,632.22,59.32,153.52,0.9773,-1,-1,-1
870,547,1360.01,280.58,44.93,118.21,0.9764,-1,-1,-1
870,534,649.11,535.98,54.24,148.86,0.9759,-1,-1,-1
870,544,1416.53,391.21,50.58,137.53,0.975,-1,-1,-1
870,539,294.78,642.79,62.52,158.3,0.9738,-1,-1,-1
870,542,851.59,173.12,72.56,92.68,0.9735,-1,-1,-1
870,560,686.9,383.48,41.75,123.37,0.9721,-1,-1,-1
870,573,102.01,201.77,64.5,98.53,0.9693,-1,-1,-1
870,537,1490.1,594.07,47.91,136.99,0.9692,-1,-1,-1
870,538,1094.8,365.12,61.39,120.09,0.9654,-1,-1,-1
870,418,748.18,587.44,44.16,149.15,0.964,-1,-1,-1
870,569,82.72,72.13,45.18,99.13,0.9421,-1,-1,-1
870,570,475.38,113.41,51.28,83.49,0.9409,-1,-1,-1
870,561,1100.73,323.76,43.64,97.55,0.9047,-1,-1,-1
870,564,821.04,852.97,72.61,143.22,0.8667,-1,-1,-1
871,536,737.37,238.7,48.67,107.13,0.9793,-1,-1,-1
871,539,294.33,644.83,70.23,154.15,0.976,-1,-1,-1
871,534,643.08,535.85,61.66,148.4,0.9739,-1,-1,-1
871,544,1414.09,389.48,57.34,131.72,0.9734,-1,-1,-1
871,573,107.91,201.88,62.44,97.42,0.9731,-1,-1,-1
871,426,399.0,631.81,59.76,149.32,0.9728,-1,-1,-1
871,542,843.7,172.7,74.71,96.63,0.9724,-1,-1,-1
871,560,687.99,381.11,43.22,125.64,0.9721,-1,-1,-1
871,537,1486.61,589.94,54.73,141.04,0.9691,-1,-1,-1
871,547,1361.74,280.61,40.63,116.82,0.9675,-1,-1,-1
871,538,1094.21,361.53,60.69,121.1,0.9596,-1,-1,-1
871,561,1110.51,321.22,42.19,117.71,0.9448,-1,-1,-1
871,570,485.1,116.37,50.4,81.12,0.935,-1,-1,-1
871,569,88.39,71.18,43.15,100.5,0.9215,-1,-1,-1
871,418,743.61,584.23,47.55,151.8,0.9211,-1,-1,-1
871,564,832.13,861.55,69.32,110.73,0.8688,-1,-1,-1
872,539,294.76,643.11,74.63,158.65,0.9782,-1,-1,-1
872,426,399.29,633.74,58.9,146.46,0.9758,-1,-1,-1
872,536,741.13,238.53,49.28,106.96,0.9754,-1,-1,-1
872,544,1411.27,390.11,61.73,125.82,0.9745,-1,-1,-1
872,560,688.49,378.25,45.42,127.51,0.9741,-1,-1,-1
872,534,642.4,535.86,66.69,149.31,0.9732,-1,-1,-1
872,537,1482.8,586.96,60.07,139.33,0.9703,-1,-1,-1
872,573,113.42,199.74,62.91,100.88,0.9643,-1,-1,-1
872,538,1095.1,358.77,56.31,121.76,0.9622,-1,-1,-1
872,542,841.73,174.36,65.05,95.82,0.962,-1,-1,-1
872,561,1118.57,319.55,42.86,138.41,0.961,-1,-1,-1
872,547,1361.82,278.06,37.15,118.06,0.9514,-1,-1,-1
872,418,740.66,582.17,51.43,154.37,0.9422,-1,-1,-1
872,564,848.44,861.02,60.4,109.83,0.8768,-1,-1,-1
872,569,93.57,70.33,42.6,101.66,0.8564,-1,-1,-1
872,570,502.64,119.33,43.19,81.67,0.6551,-1,-1,-1
873,539,294.73,643.13,74.72,158.61,0.9784,-1,-1,-1
873,426,399.32,633.8,58.84,146.38,0.9758,-1,-1,-1
873,536,741.1,238.53,49.31,107.0,0.9755,-1,-1,-1
873,544,1411.33,390.1,61.71,125.82,0.9746,-1,-1,-1
873,560,688.48,378.24,45.48,127.6,0.9742,-1,-1,-1
873,534,642.37,535.84,66.64,149.35,0.9731,-1,-1,-1
873,537,1482.78,587.16,60.08,140.25,0.9699,-1,-1,-1
873,573,113.37,199.75,62.94,100.81,0.9641,-1,-1,-1
873,542,841.11,174.36,65.5,95.81,0.9618,-1,-1,-1
873,538,1095.11,358.62,56.3,121.99,0.9612,-1,-1,-1
873,561,1118.49,319.52,42.94,138.8,0.9611,-1,-1,-1
873,547,1361.86,278.03,37.07,117.98,0.9526,-1,-1,-1
873,418,740.65,582.19,51.51,154.3,0.9407,-1,-1,-1
873,564,848.43,860.99,60.36,109.89,0.8829,-1,-1,-1
873,569,93.53,70.25,42.67,101.76,0.8506,-1,-1,-1
873,570,502.75,121.15,42.4,79.52,0.5847,-1,-1,-1
874,539,298.38,642.2,76.48,160.16,0.9793,-1,-1,-1
874,560,689.42,373.59,45.22,132.04,0.9774,-1,-1,-1
874,426,398.21,634.3,58.15,146.62,0.9767,-1,-1,-1
874,538,1095.25,361.45,53.66,119.46,0.9744,-1,-1,-1
874,573,116.49,198.02,64.53,100.68,0.9735,-1,-1,-1
874,534,644.42,536.44,67.91,148.79,0.9733,-1,-1,-1
874,544,1410.09,390.86,62.66,126.92,0.9728,-1,-1,-1
874,537,1476.13,584.85,69.55,135.96,0.9727,-1,-1,-1
874,561,1125.74,318.47,46.0,117.68,0.9722,-1,-1,-1
874,536,744.97,237.16,47.11,108.38,0.9714,-1,-1,-1
874,418,736.66,578.76,58.54,156.28,0.9702,-1,-1,-1
874,542,831.91,175.18,57.63,93.91,0.9681,-1,-1,-1
874,547,1361.35,275.82,37.56,121.28,0.9634,-1,-1,-1
874,564,856.87,860.04,58.53,110.57,0.916,-1,-1,-1
874,569,96.35,69.88,45.0,102.22,0.8742,-1,-1,-1
874,570,516.17,121.43,35.67,76.52,0.7501,-1,-1,-1
875,539,300.38,641.99,75.97,159.93,0.9793,-1,-1,-1
875,534,649.43,535.43,67.05,148.78,0.9767,-1,-1,-1
875,426,398.1,633.29,56.27,148.76,0.9763,-1,-1,-1
875,560,689.79,370.27,45.62,133.04,0.9759,-1,-1,-1
875,538,1095.19,361.01,46.21,121.59,0.9758,-1,-1,-1
875,418,732.84,576.83,65.07,152.72,0.9749,-1,-1,-1
875,537,1469.08,585.38,77.93,129.65,0.9745,-1,-1,-1
875,573,118.98,195.09,65.49,103.48,0.9743,-1,-1,-1
875,547,1360.51,272.98,40.53,124.49,0.9732,-1,-1,-1
875,561,1134.84,312.36,45.67,127.67,0.9731,-1,-1,-1
875,542,823.05,175.16,52.02,93.55,0.9716,-1,-1,-1
875,536,750.02,236.36,39.72,109.3,0.9709,-1,-1,-1
875,544,1408.5,393.05,60.15,124.77,0.9703,-1,-1,-1
875,569,100.07,69.67,46.12,103.64,0.9475,-1,-1,-1
875,570,531.37,119.66,32.88,78.12,0.9183,-1,-1,-1
875,564,864.97,859.16,57.89,112.68,0.6799,-1,-1,-1
876,539,303.18,641.54,74.3,159.75,0.9798,-1,-1,-1
876,534,653.61,536.54,65.59,148.85,0.9779,-1,-1,-1
876,560,691.08,369.4,46.33,124.96,0.9758,-1,-1,-1
876,538,1094.14,360.48,41.83,122.05,0.9753,-1,-1,-1
876,542,816.68,174.44,60.1,95.09,0.9752,-1,-1,-1
876,418,731.16,577.38,66.03,147.43,0.9747,-1,-1,-1
876,426,397.66,630.0,56.43,152.27,0.9747,-1,-1,-1
876,547,1357.78,271.32,46.47,123.66,0.9743,-1,-1,-1
876,544,1408.8,393.03,55.68,126.21,0.973,-1,-1,-1
876,573,121.99,192.17,61.58,104.67,0.9713,-1,-1,-1
876,561,1143.55,308.56,47.81,124.19,0.9708,-1,-1,-1
876,564,873.4,857.22,54.65,181.98,0.9663,-1,-1,-1
876,537,1463.34,585.74,80.17,130.61,0.965,-1,-1,-1
876,536,751.91,233.92,34.53,110.93,0.9596,-1,-1,-1
876,569,103.53,71.58,45.37,99.94,0.9372,-1,-1,-1
876,570,536.52,117.07,38.67,80.41,0.9305,-1,-1,-1
877,538,1090.43,359.23,46.64,123.69,0.9784,-1,-1,-1
877,539,305.64,641.95,71.22,155.14,0.9765,-1,-1,-1
877,534,657.09,536.35,63.82,149.92,0.9759,-1,-1,-1
877,560,691.03,369.83,47.7,120.03,0.9752,-1,-1,-1
877,426,396.43,626.87,56.12,156.32,0.9741,-1,-1,-1
877,418,728.6,577.83,63.06,147.23,0.9736,-1,-1,-1
877,547,1356.65,271.39,40.61,123.46,0.9729,-1,-1,-1
877,544,1405.23,390.83,55.24,128.93,0.9727,-1,-1,-1
877,561,1153.19,307.4,48.41,116.0,0.9722,-1,-1,-1
877,542,811.96,173.67,59.87,98.58,0.972,-1,-1,-1
877,573,124.99,188.98,56.36,107.51,0.972,-1,-1,-1
877,537,1459.16,586.83,77.67,130.44,0.9671,-1,-1,-1
877,564,879.81,858.98,54.74,181.73,0.967,-1,-1,-1
877,570,542.07,113.37,47.2,85.07,0.9567,-1,-1,-1
877,536,751.64,232.35,31.72,112.87,0.9482,-1,-1,-1
877,569,104.77,69.65,44.81,105.2,0.9393,-1,-1,-1
878,542,800.79,174.38,68.14,99.37,0.9794,-1,-1,-1
878,538,1086.59,357.17,52.96,125.74,0.9769,-1,-1,-1
878,544,1404.67,387.55,53.62,132.5,0.9755,-1,-1,-1
878,560,691.13,370.95,48.72,118.95,0.9754,-1,-1,-1
878,418,723.99,580.2,58.9,145.16,0.9748,-1,-1,-1
878,426,396.43,623.74,54.52,160.63,0.9746,-1,-1,-1
878,561,1160.26,306.9,50.4,116.27,0.9743,-1,-1,-1
878,539,309.9,642.37,66.88,151.81,0.9732,-1,-1,-1
878,573,127.4,187.37,52.69,108.1,0.9727,-1,-1,-1
878,534,660.11,535.3,62.01,149.46,0.9727,-1,-1,-1
878,537,1457.22,586.86,67.34,131.64,0.9654,-1,-1,-1
878,547,1355.63,271.96,36.96,124.36,0.9633,-1,-1,-1
878,564,887.79,862.02,53.57,178.98,0.9532,-1,-1,-1
878,536,751.95,232.52,31.99,113.2,0.95,-1,-1,-1
878,570,549.12,112.3,56.78,84.66,0.927,-1,-1,-1
878,569,108.44,71.12,39.7,102.56,0.7573,-1,-1,-1
879,542,800.76,174.3,68.16,99.5,0.9794,-1,-1,-1
879,538,1086.55,357.16,52.95,125.76,0.9769,-1,-1,-1
879,544,1404.67,387.46,53.64,132.62,0.9756,-1,-1,-1
879,560,691.1,370.94,48.72,118.99,0.9755,-1,-1,-1
879,418,724.05,580.25,58.81,145.1,0.9747,-1,-1,-1
879,426,396.4,623.74,54.5,160.63,0.9746,-1,-1,-1
879,561,1160.44,306.84,50.12,116.3,0.9744,-1,-1,-1
879,539,309.71,642.4,67.06,151.81,0.9736,-1,-1,-1
879,573,127.38,187.29,52.68,108.11,0.9728,-1,-1,-1
879,534,660.09,535.28,61.98,149.55,0.9725,-1,-1,-1
879,537,1458.48,589.1,64.95,128.33,0.9654,-1,-1,-1
879,547,1355.67,271.97,36.94,124.35,0.9633,-1,-1,-1
879,564,887.81,862.07,53.61,178.89,0.9538,-1,-1,-1
879,536,751.94,232.48,32.02,113.3,0.9502,-1,-1,-1
879,570,549.1,112.44,57.0,84.57,0.9254,-1,-1,-1
879,569,108.46,71.18,39.75,102.68,0.8109,-1,-1,-1
880,561,1169.53,307.49,46.23,116.85,0.9798,-1,-1,-1
880,544,1405.97,384.23,51.04,136.99,0.9769,-1,-1,-1
880,538,1083.08,356.32,59.9,126.96,0.9768,-1,-1,-1
880,534,662.5,536.08,58.61,147.72,0.9765,-1,-1,-1
880,537,1452.47,585.9,59.68,133.63,0.9743,-1,-1,-1
880,426,396.67,622.61,54.07,163.14,0.9742,-1,-1,-1
880,560,692.31,372.35,48.33,119.18,0.9742,-1,-1,-1
880,542,790.6,176.81,70.93,98.94,0.9722,-1,-1,-1
880,573,130.33,184.7,49.92,109.49,0.9712,-1,-1,-1
880,418,718.59,579.75,55.58,147.5,0.9708,-1,-1,-1
880,564,893.94,862.82,56.7,179.67,0.9681,-1,-1,-1
880,539,312.51,642.44,63.05,151.97,0.9681,-1,-1,-1
880,536,748.76,233.16,34.44,116.26,0.9633,-1,-1,-1
880,547,1356.86,272.56,34.93,127.48,0.9484,-1,-1,-1
880,570,562.19,114.99,53.94,85.23,0.7491,-1,-1,-1
880,569,111.17,76.36,38.39,97.5,0.2744,-1,-1,-1
881,534,663.67,535.93,54.43,148.37,0.9785,-1,-1,-1
881,538,1078.67,356.62,65.77,124.18,0.9778,-1,-1,-1
881,544,1404.27,381.86,52.21,137.43,0.9776,-1,-1,-1
881,426,397.02,623.45,54.6,158.18,0.9737,-1,-1,-1
881,537,1449.39,582.5,53.81,138.59,0.9731,-1,-1,-1
881,560,694.77,372.97,42.45,119.6,0.9722,-1,-1,-1
881,573,134.96,183.92,47.54,110.45,0.971,-1,-1,-1
881,561,1179.03,305.13,44.36,119.72,0.9709,-1,-1,-1
881,539,319.44,642.78,54.33,153.01,0.9697,-1,-1,-1
881,418,713.94,578.61,57.37,148.96,0.9684,-1,-1,-1
881,564,902.38,862.78,56.73,179.79,0.968,-1,-1,-1
881,536,744.73,236.0,37.06,112.56,0.9659,-1,-1,-1
881,547,1357.44,274.24,34.62,124.68,0.954,-1,-1,-1
881,542,789.69,180.23,55.85,100.65,0.9535,-1,-1,-1
881,569,112.57,76.99,39.98,99.06,0.4989,-1,-1,-1
882,534,665.52,537.18,49.29,148.68,0.978,-1,-1,-1
882,544,1402.27,380.79,55.65,131.28,0.9762,-1,-1,-1
882,538,1075.47,356.56,69.29,121.58,0.9761,-1,-1,-1
882,560,694.6,371.46,44.26,122.33,0.9749,-1,-1,-1
882,561,1186.98,303.03,46.02,121.45,0.9747,-1,-1,-1
882,426,398.54,624.22,53.9,154.89,0.9742,-1,-1,-1
882,418,711.18,575.91,59.29,151.87,0.974,-1,-1,-1
882,537,1444.89,578.34,55.83,143.26,0.9736,-1,-1,-1
882,573,140.6,184.94,44.27,108.22,0.9724,-1,-1,-1
882,539,324.32,642.47,48.52,155.35,0.9713,-1,-1,-1
882,536,743.14,238.91,40.07,110.85,0.9712,-1,-1,-1
882,547,1350.11,275.98,41.2,121.48,0.9684,-1,-1,-1
882,564,909.36,863.43,56.36,178.7,0.96,-1,-1,-1
882,542,787.21,182.57,34.51,98.64,0.9418,-1,-1,-1
883,537,1442.81,576.68,58.24,143.63,0.9779,-1,-1,-1
883,534,665.75,536.65,47.01,149.88,0.9768,-1,-1,-1
883,544,1401.82,380.74,55.98,127.0,0.9768,-1,-1,-1
883,426,399.77,627.34,54.89,150.35,0.9765,-1,-1,-1
883,538,1071.95,356.47,73.46,124.24,0.9751,-1,-1,-1
883,547,1349.42,274.5,43.04,122.35,0.9745,-1,-1,-1
883,539,326.99,642.42,47.58,154.69,0.9741,-1,-1,-1
883,418,707.72,573.11,60.17,152.34,0.9738,-1,-1,-1
883,560,694.63,368.2,47.85,124.52,0.9737,-1,-1,-1
883,561,1192.32,299.88,50.26,124.07,0.9726,-1,-1,-1
883,573,144.19,186.8,43.72,105.01,0.9713,-1,-1,-1
883,564,916.21,865.64,54.93,177.84,0.9694,-1,-1,-1
883,536,742.65,244.33,40.81,107.69,0.9675,-1,-1,-1
883,542,773.81,183.44,38.51,98.78,0.9554,-1,-1,-1
883,569,116.09,94.13,45.48,83.5,0.9301,-1,-1,-1
883,570,609.79,121.87,33.06,79.12,0.5042,-1,-1,-1
884,537,1437.79,575.05,62.72,134.39,0.9767,-1,-1,-1
884,544,1403.23,382.08,53.47,126.25,0.9757,-1,-1,-1
884,534,665.41,537.53,46.65,148.81,0.9756,-1,-1,-1
884,426,400.7,629.54,55.96,148.38,0.975,-1,-1,-1
884,547,1344.19,273.83,53.61,124.61,0.9741,-1,-1,-1
884,560,694.96,366.6,50.98,123.54,0.9729,-1,-1,-1
884,539,325.71,643.94,50.95,153.76,0.9727,-1,-1,-1
884,573,142.76,189.53,48.05,101.86,0.9712,-1,-1,-1
884,561,1198.3,298.68,49.79,119.62,0.9711,-1,-1,-1
884,542,768.27,183.04,47.22,100.14,0.9696,-1,-1,-1
884,418,697.9,570.85,68.62,148.87,0.9689,-1,-1,-1
884,564,923.49,863.25,53.73,180.32,0.9669,-1,-1,-1
884,538,1069.76,358.63,71.19,122.28,0.964,-1,-1,-1
884,536,745.59,251.56,37.76,101.55,0.9623,-1,-1,-1
884,570,619.08,120.96,35.26,81.96,0.654,-1,-1,-1
885,537,1437.8,575.06,62.64,134.39,0.9766,-1,-1,-1
885,544,1403.23,382.07,53.5,126.25,0.9757,-1,-1,-1
885,534,665.48,537.49,46.56,148.75,0.9756,-1,-1,-1
885,426,400.69,629.51,55.95,148.38,0.9752,-1,-1,-1
885,547,1344.29,273.81,53.52,124.76,0.9741,-1,-1,-1
885,560,694.95,366.55,51.02,123.6,0.9729,-1,-1,-1
885,539,325.72,643.9,50.96,153.81,0.9728,-1,-1,-1
885,573,142.72,189.54,48.1,101.86,0.9712,-1,-1,-1
885,561,1198.24,298.68,49.9,119.63,0.9711,-1,-1,-1
885,542,768.3,182.91,47.29,100.22,0.9695,-1,-1,-1
885,418,697.83,570.88,68.77,148.78,0.9688,-1,-1,-1
885,564,923.48,863.29,53.79,180.27,0.967,-1,-1,-1
885,538,1069.79,358.61,71.13,122.29,0.9647,-1,-1,-1
885,536,745.21,250.8,38.01,102.16,0.9622,-1,-1,-1
885,570,619.08,120.91,35.18,81.98,0.6463,-1,-1,-1
886,547,1340.44,274.33,64.02,120.29,0.9765,-1,-1,-1
886,544,1404.33,384.56,50.98,127.01,0.9763,-1,-1,-1
886,538,1065.26,360.77,65.97,119.58,0.9761,-1,-1,-1
886,537,1433.86,574.1,67.06,131.9,0.9758,-1,-1,-1
886,534,665.0,538.69,48.21,149.21,0.9753,-1,-1,-1
886,561,1203.5,297.87,51.32,113.09,0.9739,-1,-1,-1
886,560,694.95,364.96,54.03,121.47,0.9737,-1,-1,-1
886,426,402.52,630.14,53.31,149.22,0.973,-1,-1,-1
886,539,321.14,646.12,58.15,152.24,0.9729,-1,-1,-1
886,573,143.83,193.11,50.41,99.8,0.9713,-1,-1,-1
886,542,756.37,181.8,58.94,101.24,0.9705,-1,-1,-1
886,418,697.95,571.1,70.06,145.85,0.9702,-1,-1,-1
886,564,929.18,863.24,54.64,179.76,0.9668,-1,-1,-1
886,536,750.4,252.47,34.84,101.9,0.9542,-1,-1,-1
886,570,627.05,116.76,40.12,83.93,0.8588,-1,-1,-1
886,569,121.7,107.01,48.66,71.08,0.3905,-1,-1,-1
887,547,1336.97,275.96,73.08,113.69,0.9798,-1,-1,-1
887,544,1404.48,385.92,48.84,127.05,0.9757,-1,-1,-1
887,418,698.97,572.99,63.36,143.0,0.9748,-1,-1,-1
887,539,320.37,647.74,61.83,152.14,0.9748,-1,-1,-1
887,534,664.13,540.18,51.25,148.17,0.9744,-1,-1,-1
887,426,404.24,628.39,50.38,151.11,0.974,-1,-1,-1
887,537,1430.46,574.38,70.02,130.67,0.9727,-1,-1,-1
887,573,147.36,195.99,50.38,97.97,0.9727,-1,-1,-1
887,538,1062.38,360.19,57.45,123.18,0.9724,-1,-1,-1
887,561,1208.06,297.53,54.66,114.6,0.9712,-1,-1,-1
887,560,694.0,364.61,57.58,117.93,0.971,-1,-1,-1
887,564,936.32,863.76,55.05,177.1,0.9628,-1,-1,-1
887,542,750.04,183.01,63.89,96.9,0.9618,-1,-1,-1
887,536,754.23,255.24,32.96,101.19,0.9537,-1,-1,-1
887,570,635.67,118.33,44.72,83.34,0.9399,-1,-1,-1
887,569,126.06,103.36,49.84,75.94,0.5273,-1,-1,-1
888,547,1336.72,279.12,70.87,111.51,0.9766,-1,-1,-1
888,418,701.28,575.27,49.85,144.07,0.9765,-1,-1,-1
888,544,1404.41,385.94,46.85,127.9,0.9759,-1,-1,-1
888,538,1058.26,359.29,55.2,122.87,0.9754,-1,-1,-1
888,534,664.49,541.74,50.42,144.59,0.9752,-1,-1,-1
888,537,1429.89,577.65,63.71,129.4,0.9751,-1,-1,-1
888,561,1212.04,298.05,57.45,116.05,0.9742,-1,-1,-1
888,539,327.62,649.55,58.88,150.85,0.9739,-1,-1,-1
888,560,692.89,364.36,57.43,118.71,0.9714,-1,-1,-1
888,426,405.95,624.82,47.29,155.71,0.971,-1,-1,-1
888,573,152.44,197.35,52.94,98.38,0.9703,-1,-1,-1
888,564,945.08,861.75,54.2,179.38,0.9629,-1,-1,-1
888,570,645.13,121.12,47.89,85.74,0.9619,-1,-1,-1
888,542,734.87,184.82,49.55,100.67,0.9539,-1,-1,-1
888,536,757.89,253.05,44.27,103.94,0.9356,-1,-1,-1
888,569,128.94,101.61,49.13,77.97,0.6548,-1,-1,-1
889,544,1405.19,384.57,45.12,129.86,0.9778,-1,-1,-1
889,538,1054.4,357.66,61.2,127.1,0.9768,-1,-1,-1
889,537,1427.46,578.75,54.83,131.44,0.9763,-1,-1,-1
889,534,665.33,542.6,51.53,140.44,0.9756,-1,-1,-1
889,561,1213.65,298.01,59.67,116.61,0.9747,-1,-1,-1
889,539,333.45,647.89,56.14,154.56,0.972,-1,-1,-1
889,536,756.81,253.83,38.41,103.48,0.9715,-1,-1,-1
889,547,1331.0,281.55,68.72,110.33,0.9713,-1,-1,-1
889,573,158.05,198.13,56.74,97.01,0.9711,-1,-1,-1
889,560,693.33,367.31,51.65,118.46,0.9703,-1,-1,-1
889,564,951.78,862.24,54.79,177.76,0.969,-1,-1,-1
889,418,697.74,578.05,44.54,144.57,0.9672,-1,-1,-1
889,426,408.22,621.05,46.41,162.59,0.9666,-1,-1,-1
889,570,655.62,124.41,47.39,85.79,0.9663,-1,-1,-1
889,542,728.8,187.47,43.57,104.01,0.9601,-1,-1,-1
889,569,133.77,101.91,49.69,79.9,0.7578,-1,-1,-1
890,544,1405.12,382.49,44.23,130.71,0.9793,-1,-1,-1
890,537,1425.4,579.28,48.77,131.57,0.9773,-1,-1,-1
890,560,692.15,368.28,49.71,117.69,0.9765,-1,-1,-1
890,538,1050.52,356.35,65.05,127.89,0.9761,-1,-1,-1
890,534,666.55,544.32,49.86,138.8,0.975,-1,-1,-1
890,539,337.67,649.41,58.98,153.65,0.975,-1,-1,-1
890,561,1218.91,297.26,57.51,116.85,0.9716,-1,-1,-1
890,547,1329.32,283.18,73.86,109.7,0.9715,-1,-1,-1
890,426,410.87,620.28,46.42,162.27,0.9705,-1,-1,-1
890,536,756.67,253.23,38.02,105.54,0.9684,-1,-1,-1
890,573,162.72,198.32,61.39,99.37,0.968,-1,-1,-1
890,542,714.33,190.85,60.7,102.87,0.9652,-1,-1,-1
890,418,694.17,578.56,44.26,144.58,0.9639,-1,-1,-1
890,564,959.75,863.49,55.62,177.42,0.9553,-1,-1,-1
890,570,668.98,124.29,41.88,87.8,0.9536,-1,-1,-1
890,569,139.56,102.53,47.75,79.43,0.7179,-1,-1,-1
891,544,1405.16,382.54,44.13,130.69,0.9792,-1,-1,-1
891,537,1425.39,579.27,48.75,131.56,0.9773,-1,-1,-1
891,560,692.15,368.27,49.66,117.67,0.9765,-1,-1,-1
891,538,1050.55,356.35,65.04,127.79,0.9761,-1,-1,-1
891,534,666.52,544.31,49.82,138.79,0.9751,-1,-1,-1
891,539,337.75,649.43,58.89,153.54,0.975,-1,-1,-1
891,547,1329.36,283.18,73.84,109.72,0.9716,-1,-1,-1
891,561,1218.9,297.27,57.47,116.83,0.9716,-1,-1,-1
891,426,410.87,620.3,46.55,162.23,0.9708,-1,-1,-1
891,536,756.67,253.12,38.01,105.68,0.9685,-1,-1,-1
891,573,162.66,198.35,61.51,99.48,0.9684,-1,-1,-1
891,542,714.29,190.8,60.7,102.87,0.965,-1,-1,-1
891,418,694.18,578.46,44.29,144.78,0.9637,-1,-1,-1
891,564,959.77,863.54,55.6,177.34,0.9556,-1,-1,-1
891,570,668.63,124.02,42.32,88.14,0.9539,-1,-1,-1
891,569,139.59,102.5,47.64,79.37,0.7059,-1,-1,-1
892,544,1404.33,380.19,47.26,134.67,0.9789,-1,-1,-1
892,547,1329.47,283.66,77.38,110.01,0.9778,-1,-1,-1
892,537,1423.75,576.7,45.13,135.62,0.9772,-1,-1,-1
892,560,692.05,368.01,50.17,118.73,0.977,-1,-1,-1
892,561,1228.11,295.07,55.26,119.4,0.9769,-1,-1,-1
892,538,1048.09,355.06,69.37,128.0,0.9769,-1,-1,-1
892,539,340.87,649.91,58.72,153.9,0.9764,-1,-1,-1
892,542,706.89,194.35,68.18,92.94,0.9753,-1,-1,-1
892,426,411.41,621.59,49.0,156.97,0.974,-1,-1,-1
892,536,755.54,252.55,38.71,109.38,0.9687,-1,-1,-1
892,534,668.53,546.07,46.06,127.63,0.9681,-1,-1,-1
892,573,172.9,200.74,61.4,93.32,0.9664,-1,-1,-1
892,418,687.81,574.4,55.96,149.7,0.9645,-1,-1,-1
892,564,964.76,862.28,59.68,180.78,0.9603,-1,-1,-1
892,570,680.35,122.02,38.99,91.83,0.9536,-1,-1,-1
892,569,146.57,104.28,46.43,81.98,0.3606,-1,-1,-1
893,537,1422.4,574.09,51.64,138.82,0.9809,-1,-1,-1
893,544,1405.82,379.17,49.69,132.76,0.9774,-1,-1,-1
893,547,1332.21,285.52,77.79,109.94,0.9768,-1,-1,-1
893,560,692.33,365.46,51.02,121.26,0.9767,-1,-1,-1
893,539,344.69,650.42,56.36,149.99,0.9766,-1,-1,-1
893,538,1046.56,355.4,70.6,127.47,0.9761,-1,-1,-1
893,426,412.82,623.76,51.29,151.66,0.9751,-1,-1,-1
893,542,702.25,196.27,65.4,96.31,0.9739,-1,-1,-1
893,561,1234.1,292.97,57.49,119.77,0.9719,-1,-1,-1
893,418,684.04,572.76,61.73,150.61,0.9691,-1,-1,-1
893,564,967.24,862.36,66.03,180.89,0.9678,-1,-1,-1
893,573,183.34,203.15,61.58,89.74,0.9668,-1,-1,-1
893,536,758.2,253.45,36.3,109.84,0.9605,-1,-1,-1
893,569,152.36,102.57,46.84,84.75,0.9347,-1,-1,-1
893,534,671.66,549.09,44.86,100.16,0.9318,-1,-1,-1
893,570,689.15,122.23,43.57,92.37,0.8632,-1,-1,-1
894,544,1405.78,379.91,55.89,129.93,0.9782,-1,-1,-1
894,537,1420.9,571.52,56.3,139.36,0.9767,-1,-1,-1
894,539,348.39,649.03,51.48,151.48,0.9755,-1,-1,-1
894,426,414.5,626.65,54.18,147.26,0.9755,-1,-1,-1
894,542,700.41,192.83,63.34,103.65,0.9727,-1,-1,-1
894,547,1340.91,288.08,72.93,107.59,0.9727,-1,-1,-1
894,560,693.04,362.54,53.8,125.98,0.972,-1,-1,-1
894,418,678.35,565.61,71.32,151.53,0.9685,-1,-1,-1
894,538,1046.81,359.67,68.7,122.69,0.9679,-1,-1,-1
894,564,974.54,861.99,71.56,181.32,0.9674,-1,-1,-1
894,536,759.81,253.57,33.29,110.84,0.9612,-1,-1,-1
894,573,193.82,204.41,63.77,90.32,0.9585,-1,-1,-1
894,561,1242.79,294.86,55.56,109.22,0.9583,-1,-1,-1
894,534,672.86,548.85,51.41,89.63,0.4574,-1,-1,-1
895,426,417.55,629.56,57.29,144.1,0.977,-1,-1,-1
895,547,1347.67,289.98,72.07,105.18,0.9763,-1,-1,-1
895,542,696.65,200.5,67.35,100.12,0.9756,-1,-1,-1
895,539,352.55,647.15,49.17,154.7,0.9753,-1,-1,-1
895,544,1406.92,382.07,60.36,124.77,0.9748,-1,-1,-1
895,537,1419.09,571.26,64.07,133.17,0.9742,-1,-1,-1
895,418,679.32,560.93,70.85,149.36,0.9734,-1,-1,-1
895,561,1250.83,295.33,55.05,105.96,0.9721,-1,-1,-1
895,560,694.87,361.05,55.35,122.04,0.9717,-1,-1,-1
895,538,1049.59,361.52,63.92,120.57,0.9673,-1,-1,-1
895,564,983.84,863.17,72.64,185.63,0.967,-1,-1,-1
895,573,207.75,205.49,65.25,89.69,0.9483,-1,-1,-1
895,536,762.12,256.25,35.45,111.48,0.9359,-1,-1,-1
895,569,162.36,104.51,49.08,86.04,0.6325,-1,-1,-1
895,570,711.16,120.67,55.69,91.37,0.4928,-1,-1,-1
896,426,422.46,629.07,58.46,145.41,0.979,-1,-1,-1
896,537,1418.66,570.41,69.77,128.85,0.9769,-1,-1,-1
896,560,698.65,360.35,58.42,118.67,0.9746,-1,-1,-1
896,561,1259.37,296.73,54.11,106.66,0.9735,-1,-1,-1
896,539,356.48,648.41,49.27,154.24,0.972,-1,-1,-1
896,573,217.78,203.53,73.51,91.85,0.9715,-1,-1,-1
896,538,1054.98,364.36,53.8,120.19,0.9701,-1,-1,-1
896,544,1409.82,382.4,61.96,128.05,0.969,-1,-1,-1
896,536,765.02,260.04,36.22,110.19,0.9687,-1,-1,-1
896,564,993.96,864.28,76.83,183.25,0.9662,-1,-1,-1
896,542,697.98,203.75,66.14,103.98,0.9651,-1,-1,-1
896,547,1359.09,292.06,64.99,104.58,0.9649,-1,-1,-1
896,418,684.76,563.03,67.1,148.9,0.9598,-1,-1,-1
896,570,723.43,126.3,58.67,89.22,0.9322,-1,-1,-1
896,569,179.16,104.63,41.39,87.06,0.6296,-1,-1,-1
897,426,422.46,629.06,58.39,145.46,0.979,-1,-1,-1
897,537,1418.64,570.39,69.84,128.88,0.9769,-1,-1,-1
897,560,698.69,360.33,58.39,118.68,0.9746,-1,-1,-1
897,561,1259.18,296.63,54.26,106.83,0.9735,-1,-1,-1
897,539,356.44,648.46,49.4,154.28,0.9718,-1,-1,-1
897,573,217.71,203.52,73.79,91.89,0.9718,-1,-1,-1
897,538,1054.95,364.33,53.77,120.24,0.9701,-1,-1,-1
897,544,1409.86,382.43,61.9,128.07,0.9691,-1,-1,-1
897,536,765.02,260.02,36.22,110.18,0.9688,-1,-1,-1
897,564,994.06,864.27,76.75,183.23,0.9667,-1,-1,-1
897,542,697.91,203.67,66.09,104.02,0.9656,-1,-1,-1
897,547,1359.13,292.07,64.93,104.58,0.9649,-1,-1,-1
897,418,684.69,562.96,67.15,148.99,0.9603,-1,-1,-1
897,570,723.47,126.32,58.67,89.32,0.9329,-1,-1,-1
897,569,179.12,104.53,41.5,87.14,0.6583,-1,-1,-1
898,537,1420.03,571.58,71.9,128.95,0.976,-1,-1,-1
898,538,1059.5,364.33,44.81,120.03,0.9759,-1,-1,-1
898,544,1411.71,387.43,62.45,124.47,0.9756,-1,-1,-1
898,560,702.72,359.81,59.74,118.31,0.9747,-1,-1,-1
898,426,428.63,628.9,55.79,147.01,0.9728,-1,-1,-1
898,542,701.07,208.78,51.28,101.6,0.9725,-1,-1,-1
898,539,360.86,650.71,51.44,154.38,0.972,-1,-1,-1
898,547,1368.27,292.57,61.34,104.11,0.9703,-1,-1,-1
898,418,688.79,577.54,62.23,137.12,0.97,-1,-1,-1
898,536,770.09,264.92,37.64,105.6,0.9692,-1,-1,-1
898,573,233.42,202.39,76.29,93.14,0.9666,-1,-1,-1
898,564,1008.64,864.15,73.79,185.48,0.9626,-1,-1,-1
898,561,1267.14,296.59,59.31,108.0,0.9624,-1,-1,-1
898,570,737.74,131.59,59.29,91.3,0.9569,-1,-1,-1
898,569,188.06,104.38,46.62,89.93,0.7042,-1,-1,-1
898,534,696.18,556.91,44.3,95.49,0.6737,-1,-1,-1
899,538,1061.99,364.7,44.99,122.93,0.9774,-1,-1,-1
899,544,1417.6,388.73,60.43,124.53,0.9757,-1,-1,-1
899,426,435.83,627.6,57.62,148.81,0.9753,-1,-1,-1
899,547,1376.68,292.29,54.14,104.34,0.974,-1,-1,-1
899,560,708.89,361.89,55.54,117.92,0.9737,-1,-1,-1
899,561,1271.14,295.62,67.22,110.35,0.9715,-1,-1,-1
899,539,366.3,652.33,57.28,153.78,0.9707,-1,-1,-1
899,537,1423.28,574.22,70.62,128.76,0.9701,-1,-1,-1
899,564,1024.79,866.86,72.77,179.31,0.9699,-1,-1,-1
899,542,700.3,211.4,39.87,99.54,0.9698,-1,-1,-1
899,418,691.31,575.48,62.11,140.84,0.9695,-1,-1,-1
899,536,774.32,267.88,40.48,104.44,0.9666,-1,-1,-1
899,573,250.7,201.15,76.21,89.4,0.9656,-1,-1,-1
899,570,753.05,137.64,58.91,86.15,0.9327,-1,-1,-1
899,534,705.41,551.77,41.62,117.1,0.858,-1,-1,-1
900,547,1389.37,290.68,49.43,105.49,0.976,-1,-1,-1
900,426,444.05,622.84,58.01,155.78,0.9758,-1,-1,-1
900,561,1285.24,293.46,62.13,112.74,0.9748,-1,-1,-1
900,538,1064.25,363.17,54.33,125.16,0.9747,-1,-1,-1
900,544,1425.93,386.86,56.23,127.43,0.9739,-1,-1,-1
900,536,781.63,268.95,44.07,105.71,0.9725,-1,-1,-1
900,537,1425.75,574.67,66.69,129.59,0.971,-1,-1,-1
900,560,717.57,365.06,47.47,115.03,0.9697,-1,-1,-1
900,542,689.92,212.91,62.01,101.26,0.9664,-1,-1,-1
900,564,1038.39,865.32,72.58,181.89,0.9635,-1,-1,-1
900,418,695.02,576.23,50.97,140.42,0.9629,-1,-1,-1
900,573,266.53,201.52,77.09,92.64,0.9621,-1,-1,-1
900,539,373.35,652.51,66.69,154.32,0.9608,-1,-1,-1
900,570,768.79,135.78,53.84,90.12,0.9115,-1,-1,-1
900,569,210.3,105.59,48.15,91.55,0.9099,-1,-1,-1
900,534,706.64,552.82,60.9,142.52,0.9036,-1,-1,-1
