track_id,label,frame,outside,occluded,xtl,ytl,xbr,ybr,jersey_number
0,player,80,0,0,320.65,825.12,414.16,1009.79,22
0,player,81,0,0,320.65,822.11,414.16,1006.79,22
0,player,82,0,0,320.65,819.11,414.16,1003.78,22
0,player,83,0,0,320.65,816.10,414.16,1000.78,22
0,player,84,0,0,320.65,813.09,414.16,997.77,22
0,player,85,0,0,320.65,810.09,414.16,994.76,22
0,player,86,0,0,320.65,807.08,414.16,991.76,22
0,player,87,0,0,320.65,804.08,414.16,988.75,22
0,player,88,0,0,320.65,801.41,414.16,986.08,22
0,player,89,0,0,320.65,798.73,414.16,983.41,22
0,player,90,0,0,320.65,796.06,414.16,980.74,22
0,player,91,0,0,320.65,793.39,414.16,978.07,22
0,player,92,0,0,320.65,790.72,414.16,975.39,22
0,player,93,0,0,320.65,788.05,414.16,972.72,22
0,player,94,0,0,320.65,785.38,414.16,970.05,22
0,player,95,0,0,324.97,783.22,418.47,967.89,22
0,player,96,0,0,329.28,781.06,422.79,965.74,22
0,player,97,0,0,333.60,778.90,427.10,963.58,22
0,player,98,0,0,337.91,776.75,431.42,961.42,22
0,player,99,0,0,342.23,774.59,435.73,959.26,22
0,player,100,0,0,346.54,772.43,440.05,957.10,22
0,player,101,0,0,350.86,770.27,444.37,954.95,22
0,player,102,0,0,355.18,768.11,448.68,952.79,22
0,player,103,0,0,359.49,765.96,453.00,950.63,22
0,player,104,0,0,363.81,763.80,457.31,948.47,22
0,player,105,0,0,368.12,761.64,461.63,946.31,22
0,player,106,0,0,372.44,759.48,465.94,944.16,22
0,player,107,0,0,376.75,757.32,470.26,942.00,22
0,player,108,0,0,394.29,752.65,487.79,937.32,22
0,player,109,0,0,411.82,747.97,505.32,932.65,22
0,player,110,0,0,429.35,743.30,522.86,927.97,22
0,player,111,0,0,446.88,738.62,540.39,923.30,22
0,player,112,0,0,464.42,733.95,557.92,918.62,22
0,player,113,0,0,481.95,729.27,575.46,913.95,22
0,player,114,0,0,487.48,725.65,580.99,910.32,22
0,player,115,0,0,493.02,722.02,586.52,906.70,22
0,player,116,0,0,498.55,718.40,592.06,903.07,22
0,player,117,0,0,504.09,714.77,597.59,899.44,22
0,player,118,0,0,509.62,711.14,603.13,895.82,22
0,player,119,0,0,515.15,707.52,608.66,892.19,22
0,player,120,0,0,520.69,703.89,614.19,888.57,22
0,player,121,0,0,526.22,700.27,619.73,884.94,22
0,player,122,0,0,531.76,696.64,625.26,881.32,22
0,player,123,0,0,537.29,693.01,630.80,877.69,22
0,player,124,0,0,542.82,689.39,636.33,874.06,22
0,player,125,0,0,548.36,685.76,641.86,870.44,22
0,player,126,0,0,553.89,682.14,647.40,866.81,22
0,player,127,0,0,559.43,678.51,652.93,863.19,22
0,player,128,0,0,564.96,674.89,658.47,859.56,22
0,player,129,0,0,570.49,671.26,664.00,855.94,22
0,player,130,0,0,576.03,667.63,669.53,852.31,22
0,player,131,0,0,581.56,664.01,675.07,848.68,22
0,player,132,0,0,587.10,660.38,680.60,845.06,22
0,player,133,0,0,592.63,656.76,686.14,841.43,22
0,player,134,0,0,598.16,653.13,691.67,837.81,22
0,player,135,0,0,603.70,649.51,697.20,834.18,22
0,player,136,0,0,609.23,645.88,702.74,830.55,22
0,player,137,0,0,614.77,642.25,708.27,826.93,22
0,player,138,0,0,620.30,638.63,713.81,823.30,22
0,player,139,0,0,625.83,635.00,719.34,819.68,22
0,player,140,0,0,631.37,631.38,724.87,816.05,22
0,player,141,0,0,636.90,627.75,730.41,812.43,22
0,player,142,0,0,642.44,624.13,735.94,808.80,22
0,player,143,0,0,647.97,620.50,741.48,805.17,22
0,player,144,0,0,653.51,616.87,747.01,801.55,22
0,player,145,0,0,659.04,613.25,752.55,797.92,22
0,player,146,0,0,664.57,609.62,758.08,794.30,22
0,player,147,0,0,670.11,606.00,763.61,790.67,22
0,player,148,0,0,675.64,602.37,769.15,787.05,22
0,player,149,0,0,681.18,598.75,774.68,783.42,22
0,player,150,0,0,686.71,595.12,780.22,779.79,22
0,player,151,0,0,692.24,591.49,785.75,776.17,22
0,player,152,0,0,697.78,587.87,791.28,772.54,22
0,player,153,0,0,703.31,584.24,796.82,768.92,22
0,player,154,0,0,708.85,580.62,802.35,765.29,22
0,player,155,0,0,714.38,576.99,807.89,761.67,22
0,player,156,0,0,719.91,573.36,813.42,758.04,22
0,player,157,0,0,725.45,569.74,818.95,754.41,22
0,player,158,0,0,730.98,566.11,824.49,750.79,22
0,player,159,0,0,736.52,562.49,830.02,747.16,22
0,player,160,0,0,742.05,558.86,835.56,743.54,22
0,player,161,0,0,747.58,555.24,841.09,739.91,22
0,player,162,0,0,753.12,551.61,846.62,736.29,22
0,player,163,0,0,760.13,546.16,853.64,730.83,22
0,player,164,0,0,767.14,540.70,860.65,725.38,22
0,player,165,0,0,774.16,535.25,867.66,719.92,22
0,player,166,0,0,781.17,529.79,874.68,714.47,22
0,player,167,0,0,788.18,524.34,881.69,709.01,22
0,player,168,0,0,795.20,518.88,888.70,703.56,22
0,player,169,0,0,802.21,513.43,895.72,698.10,22
0,player,170,0,0,809.22,507.97,902.73,692.65,22
0,player,171,0,0,816.24,502.52,909.74,687.19,22
0,player,172,0,0,822.71,500.81,916.21,685.49,22
0,player,173,0,0,829.18,499.10,922.69,683.78,22
0,player,174,0,0,835.66,497.39,929.16,682.07,22
0,player,175,0,0,842.13,495.69,935.64,680.36,22
0,player,176,0,0,848.60,493.98,942.11,678.65,22
0,player,177,0,0,855.08,492.27,948.58,676.94,22
0,player,178,0,0,861.55,490.56,955.06,675.24,22
0,player,179,0,0,868.02,488.85,961.53,673.53,22
0,player,180,0,0,874.50,487.14,968.00,671.82,22
0,player,181,0,0,880.97,485.44,974.48,670.11,22
0,player,182,0,0,887.44,483.73,980.95,668.40,22
0,player,183,0,0,893.92,482.02,987.42,666.69,22
0,player,184,0,0,900.39,480.31,993.90,664.99,22
0,player,185,0,0,906.86,478.60,1000.37,663.28,22
0,player,186,0,0,913.34,476.89,1006.84,661.57,22
0,player,187,0,0,919.81,475.19,1013.32,659.86,22
0,player,188,0,0,926.29,473.48,1019.79,658.15,22
0,player,189,0,0,932.76,471.77,1026.26,656.44,22
0,player,190,0,0,939.23,470.06,1032.74,654.74,22
0,player,191,0,0,945.71,468.35,1039.21,653.03,22
0,player,192,0,0,952.18,466.65,1045.69,651.32,22
0,player,193,0,0,958.65,464.94,1052.16,649.61,22
0,player,194,0,0,965.13,463.23,1058.63,647.90,22
0,player,195,0,0,971.60,461.52,1065.11,646.19,22
0,player,196,0,0,978.07,459.81,1071.58,644.49,22
0,player,197,0,0,984.55,458.10,1078.05,642.78,22
0,player,198,0,0,986.51,467.98,1080.01,652.66,22
0,player,199,0,0,988.47,477.86,1081.97,662.54,22
0,player,200,0,0,990.43,487.74,1083.93,672.41,22
0,player,201,0,0,992.39,497.62,1085.90,682.29,22
0,player,202,0,0,994.35,507.50,1087.86,692.17,22
0,player,203,0,0,996.31,517.37,1089.82,702.05,22
0,player,204,0,0,998.27,527.25,1091.78,711.93,22
0,player,205,0,0,1000.23,537.13,1093.74,721.81,22
0,player,206,0,0,1002.19,547.01,1095.70,731.68,22
0,player,207,0,0,1004.15,556.89,1097.66,741.56,22
0,player,208,0,0,1006.11,566.77,1099.62,751.44,22
0,player,209,0,0,1008.07,576.65,1101.58,761.32,22
0,player,210,0,0,1010.03,586.52,1103.54,771.20,22
0,player,211,0,0,1012.00,596.40,1105.50,781.08,22
0,player,212,0,0,1013.96,606.28,1107.46,790.96,22
0,player,213,0,0,1015.92,616.16,1109.42,800.83,22
0,player,214,0,0,1017.88,626.04,1111.38,810.71,22
0,player,215,0,0,1019.84,635.92,1113.34,820.59,22
0,player,216,0,0,1021.80,645.79,1115.30,830.47,22
0,player,217,0,0,1023.76,655.67,1117.26,840.35,22
0,player,218,0,0,1025.72,665.55,1119.23,850.23,22
0,player,219,0,0,1027.68,675.43,1121.19,860.11,22
0,player,220,0,0,1029.64,685.31,1123.15,869.98,22
0,player,221,0,0,1031.60,695.19,1125.11,879.86,22
0,player,222,0,0,1033.56,705.07,1127.07,889.74,22
0,player,223,0,0,1035.52,714.94,1129.03,899.62,22
0,player,224,0,0,1037.48,724.82,1130.99,909.50,22
0,player,225,0,0,1039.44,734.70,1132.95,919.38,22
0,player,226,0,0,1041.40,744.58,1134.91,929.25,22
0,player,227,0,0,1043.36,754.46,1136.87,939.13,22
0,player,228,1,0,1045.33,764.34,1138.83,949.01,22
1,player,80,0,0,858.31,576.23,951.82,760.91,7
1,player,81,0,0,858.65,572.56,952.15,757.24,7
1,player,82,0,0,858.98,568.89,952.49,753.56,7
1,player,83,0,0,859.31,565.21,952.82,749.89,7
1,player,84,0,0,859.65,561.54,953.15,746.21,7
1,player,85,0,0,859.98,557.87,953.49,742.54,7
1,player,86,0,0,860.32,554.19,953.82,738.87,7
1,player,87,0,0,860.65,550.52,954.16,735.19,7
1,player,88,0,0,860.32,549.85,953.82,734.53,7
1,player,89,0,0,859.98,549.18,953.49,733.86,7
1,player,90,0,0,859.65,548.51,953.15,733.19,7
1,player,91,0,0,859.31,547.85,952.82,732.52,7
1,player,92,0,0,858.98,547.18,952.49,731.85,7
1,player,93,0,0,858.65,546.51,952.15,731.19,7
1,player,94,0,0,858.31,545.84,951.82,730.52,7
1,player,95,0,0,859.03,544.40,952.54,729.08,7
1,player,96,0,0,859.75,542.97,953.26,727.64,7
1,player,97,0,0,860.47,541.53,953.98,726.20,7
1,player,98,0,0,861.19,540.09,954.69,724.76,7
1,player,99,0,0,861.91,538.65,955.41,723.32,7
1,player,100,0,0,862.63,537.21,956.13,721.89,7
1,player,101,0,0,863.35,535.77,956.85,720.45,7
1,player,102,0,0,864.07,534.33,957.57,719.01,7
1,player,103,0,0,864.79,532.90,958.29,717.57,7
1,player,104,0,0,865.50,531.46,959.01,716.13,7
1,player,105,0,0,866.22,530.02,959.73,714.69,7
1,player,106,0,0,866.94,528.58,960.45,713.25,7
1,player,107,0,0,867.66,527.14,961.17,711.82,7
1,player,108,0,0,876.62,526.36,970.13,711.04,7
1,player,109,0,0,885.58,525.58,979.09,710.26,7
1,player,110,0,0,894.55,524.80,988.05,709.48,7
1,player,111,0,0,903.51,524.02,997.01,708.70,7
1,player,112,0,0,912.47,523.24,1005.97,707.92,7
1,player,113,0,0,921.43,522.47,1014.93,707.14,7
1,player,114,0,0,923.05,523.28,1016.56,707.95,7
1,player,115,0,0,924.67,524.09,1018.18,708.76,7
1,player,116,0,0,926.29,524.90,1019.80,709.57,7
1,player,117,0,0,927.92,525.71,1021.42,710.38,7
1,player,118,0,0,929.54,526.52,1023.04,711.20,7
1,player,119,0,0,931.16,527.33,1024.67,712.01,7
1,player,120,0,0,932.78,528.14,1026.29,712.82,7
1,player,121,0,0,934.41,528.95,1027.91,713.63,7
1,player,122,0,0,936.03,529.77,1029.53,714.44,7
1,player,123,0,0,937.65,530.58,1031.16,715.25,7
1,player,124,0,0,939.27,531.39,1032.78,716.06,7
1,player,125,0,0,940.89,532.20,1034.40,716.87,7
1,player,126,0,0,942.52,533.01,1036.02,717.68,7
1,player,127,0,0,944.14,533.82,1037.64,718.49,7
1,player,128,0,0,945.76,534.63,1039.27,719.31,7
1,player,129,0,0,947.38,535.44,1040.89,720.12,7
1,player,130,0,0,949.00,536.25,1042.51,720.93,7
1,player,131,0,0,950.63,537.06,1044.13,721.74,7
1,player,132,0,0,952.25,537.88,1045.75,722.55,7
1,player,133,0,0,953.87,538.69,1047.38,723.36,7
1,player,134,0,0,955.49,539.50,1049.00,724.17,7
1,player,135,0,0,957.11,540.31,1050.62,724.98,7
1,player,136,0,0,958.74,541.12,1052.24,725.79,7
1,player,137,0,0,960.36,541.93,1053.86,726.61,7
1,player,138,0,0,961.98,542.74,1055.49,727.42,7
1,player,139,0,0,963.60,543.55,1057.11,728.23,7
1,player,140,0,0,965.22,544.36,1058.73,729.04,7
1,player,141,0,0,966.85,545.17,1060.35,729.85,7
1,player,142,0,0,968.47,545.99,1061.97,730.66,7
1,player,143,0,0,970.09,546.80,1063.60,731.47,7
1,player,144,0,0,971.71,547.61,1065.22,732.28,7
1,player,145,0,0,973.33,548.42,1066.84,733.09,7
1,player,146,0,0,974.96,549.23,1068.46,733.90,7
1,player,147,0,0,976.58,550.04,1070.08,734.72,7
1,player,148,0,0,978.20,550.85,1071.71,735.53,7
1,player,149,0,0,979.82,551.66,1073.33,736.34,7
1,player,150,0,0,981.44,552.47,1074.95,737.15,7
1,player,151,0,0,983.07,553.28,1076.57,737.96,7
1,player,152,0,0,984.69,554.10,1078.19,738.77,7
1,player,153,0,0,986.31,554.91,1079.82,739.58,7
1,player,154,0,0,987.93,555.72,1081.44,740.39,7
1,player,155,0,0,989.55,556.53,1083.06,741.20,7
1,player,156,0,0,991.18,557.34,1084.68,742.01,7
1,player,157,0,0,992.80,558.15,1086.30,742.83,7
1,player,158,0,0,994.42,558.96,1087.93,743.64,7
1,player,159,0,0,996.04,559.77,1089.55,744.45,7
1,player,160,0,0,997.67,560.58,1091.17,745.26,7
1,player,161,0,0,999.29,561.40,1092.79,746.07,7
1,player,162,0,0,1000.91,562.21,1094.42,746.88,7
1,player,163,0,0,1004.36,564.13,1097.87,748.80,7
1,player,164,0,0,1007.81,566.05,1101.32,750.72,7
1,player,165,0,0,1011.26,567.97,1104.77,752.65,7
1,player,166,0,0,1014.71,569.89,1108.22,754.57,7
1,player,167,0,0,1018.16,571.82,1111.67,756.49,7
1,player,168,0,0,1021.61,573.74,1115.12,758.41,7
1,player,169,0,0,1025.07,575.66,1118.57,760.33,7
1,player,170,0,0,1028.52,577.58,1122.02,762.26,7
1,player,171,0,0,1031.97,579.50,1125.47,764.18,7
1,player,172,0,0,1037.52,577.58,1131.02,762.25,7
1,player,173,0,0,1043.07,575.66,1136.57,760.33,7
1,player,174,0,0,1048.61,573.73,1142.12,758.41,7
1,player,175,0,0,1054.16,571.81,1147.67,756.48,7
1,player,176,0,0,1059.71,569.88,1153.22,754.56,7
1,player,177,0,0,1065.26,567.96,1158.77,752.63,7
1,player,178,0,0,1070.81,566.04,1164.31,750.71,7
1,player,179,0,0,1076.36,564.11,1169.86,748.79,7
1,player,180,0,0,1081.91,562.19,1175.41,746.86,7
1,player,181,0,0,1087.45,560.26,1180.96,744.94,7
1,player,182,0,0,1093.00,558.34,1186.51,743.01,7
1,player,183,0,0,1098.55,556.42,1192.06,741.09,7
1,player,184,0,0,1104.10,554.49,1197.61,739.17,7
1,player,185,0,0,1109.65,552.57,1203.16,737.24,7
1,player,186,0,0,1115.20,550.64,1208.70,735.32,7
1,player,187,0,0,1120.75,548.72,1214.25,733.39,7
1,player,188,0,0,1126.30,546.79,1219.80,731.47,7
1,player,189,0,0,1131.84,544.87,1225.35,729.55,7
1,player,190,0,0,1137.39,542.95,1230.90,727.62,7
1,player,191,0,0,1142.94,541.02,1236.45,725.70,7
1,player,192,0,0,1148.49,539.10,1242.00,723.77,7
1,player,193,0,0,1154.04,537.17,1247.54,721.85,7
1,player,194,0,0,1159.59,535.25,1253.09,719.93,7
1,player,195,0,0,1165.14,533.33,1258.64,718.00,7
1,player,196,0,0,1170.68,531.40,1264.19,716.08,7
1,player,197,0,0,1176.23,529.48,1269.74,714.15,7
1,player,198,0,0,1191.62,528.95,1285.12,713.63,7
1,player,199,0,0,1207.00,528.42,1300.51,713.10,7
1,player,200,0,0,1222.38,527.89,1315.89,712.57,7
1,player,201,0,0,1237.77,527.37,1331.27,712.04,7
1,player,202,0,0,1253.15,526.84,1346.66,711.51,7
1,player,203,0,0,1268.53,526.31,1362.04,710.99,7
1,player,204,0,0,1283.92,525.78,1377.42,710.46,7
1,player,205,0,0,1299.30,525.26,1392.81,709.93,7
1,player,206,0,0,1314.68,524.73,1408.19,709.40,7
1,player,207,0,0,1330.07,524.20,1423.57,708.87,7
1,player,208,0,0,1345.45,523.67,1438.96,708.35,7
1,player,209,0,0,1360.83,523.14,1454.34,707.82,7
1,player,210,0,0,1376.22,522.62,1469.72,707.29,7
1,player,211,0,0,1391.60,522.09,1485.11,706.76,7
1,player,212,0,0,1406.98,521.56,1500.49,706.24,7
1,player,213,0,0,1422.37,521.03,1515.87,705.71,7
1,player,214,0,0,1437.75,520.51,1531.26,705.18,7
1,player,215,0,0,1453.13,519.98,1546.64,704.65,7
1,player,216,0,0,1468.52,519.45,1562.02,704.12,7
1,player,217,0,0,1483.90,518.92,1577.41,703.60,7
1,player,218,0,0,1499.28,518.39,1592.79,703.07,7
1,player,219,0,0,1514.67,517.87,1608.17,702.54,7
1,player,220,0,0,1530.05,517.34,1623.56,702.01,7
1,player,221,0,0,1545.43,516.81,1638.94,701.48,7
1,player,222,0,0,1560.82,516.28,1654.32,700.96,7
1,player,223,0,0,1576.20,515.75,1669.71,700.43,7
1,player,224,0,0,1591.58,515.23,1685.09,699.90,7
1,player,225,0,0,1606.97,514.70,1700.47,699.37,7
1,player,226,0,0,1622.35,514.17,1715.86,698.85,7
1,player,227,0,0,1637.73,513.64,1731.24,698.32,7
1,player,228,0,0,1653.12,513.12,1746.62,697.79,7
1,player,229,0,0,1658.46,512.78,1751.64,695.96,7
1,player,230,0,0,1663.80,512.45,1756.65,694.12,7
1,player,231,0,0,1669.15,512.11,1761.66,692.29,7
1,player,232,0,0,1674.49,511.78,1766.67,690.45,7
1,player,233,0,0,1679.83,511.45,1771.69,688.62,7
1,player,234,0,0,1685.18,511.11,1776.70,686.78,7
1,player,235,0,0,1690.52,510.78,1781.71,684.95,7
1,player,236,0,0,1695.86,510.44,1786.72,683.11,7
1,player,237,0,0,1701.21,510.11,1791.74,681.28,7
1,player,238,0,0,1706.55,509.78,1796.75,679.44,7
1,player,239,0,0,1711.89,509.44,1801.76,677.61,7
1,player,240,0,0,1717.24,509.11,1806.77,675.77,7
1,player,241,0,0,1722.58,508.77,1811.79,673.94,7
1,player,242,0,0,1727.92,508.44,1816.80,672.10,7
1,player,243,0,0,1721.73,508.44,1810.61,672.10,7
1,player,244,0,0,1715.55,508.44,1804.42,672.10,7
1,player,245,0,0,1709.36,508.44,1798.24,672.10,7
1,player,246,0,0,1703.17,508.44,1792.05,672.10,7
1,player,247,0,0,1696.98,508.44,1785.86,672.10,7
1,player,248,0,0,1690.79,508.44,1779.67,672.10,7
1,player,249,0,0,1684.61,508.44,1773.48,672.10,7
1,player,250,0,0,1678.42,508.44,1767.30,672.10,7
1,player,251,0,0,1672.23,508.44,1761.11,672.10,7
1,player,252,0,0,1666.04,508.44,1754.92,672.10,7
1,player,253,0,0,1659.85,508.44,1748.73,672.10,7
1,player,254,0,0,1653.67,508.44,1742.54,672.10,7
1,player,255,0,0,1647.48,508.44,1736.36,672.10,7
1,player,256,0,0,1641.29,508.44,1730.17,672.10,7
1,player,257,0,0,1635.10,508.44,1723.98,672.10,7
1,player,258,0,0,1628.91,508.44,1717.79,672.10,7
1,player,259,0,0,1622.73,508.44,1711.61,672.10,7
1,player,260,0,0,1616.54,508.44,1705.42,672.10,7
1,player,261,0,0,1610.35,508.44,1699.23,672.10,7
1,player,262,0,0,1604.16,508.44,1693.04,672.10,7
1,player,263,0,0,1597.98,508.44,1686.85,672.10,7
1,player,264,0,0,1591.79,508.44,1680.67,672.10,7
1,player,265,0,0,1585.60,508.44,1674.48,672.10,7
1,player,266,0,0,1579.41,508.44,1668.29,672.10,7
1,player,267,0,0,1573.22,508.44,1662.10,672.10,7
1,player,268,0,0,1567.04,508.44,1655.91,672.10,7
1,player,269,0,0,1560.85,508.44,1649.73,672.10,7
1,player,270,0,0,1554.66,508.44,1643.54,672.10,7
1,player,271,0,0,1548.47,508.44,1637.35,672.10,7
1,player,272,0,0,1542.28,508.44,1631.16,672.10,7
1,player,273,0,0,1536.10,508.44,1624.97,672.10,7
1,player,274,0,0,1529.91,508.44,1618.79,672.10,7
1,player,275,0,0,1523.72,508.44,1612.60,672.10,7
1,player,276,0,0,1517.53,508.44,1606.41,672.10,7
1,player,277,0,0,1511.92,507.97,1600.80,671.63,7
1,player,278,0,0,1506.31,507.51,1595.19,671.17,7
1,player,279,0,0,1500.70,507.04,1589.58,670.70,7
1,player,280,0,0,1495.09,506.57,1583.97,670.23,7
1,player,281,0,0,1489.48,506.10,1578.36,669.76,7
1,player,282,0,0,1487.14,506.10,1576.02,669.76,7
1,player,283,0,0,1484.81,506.10,1573.68,669.76,7
1,player,284,0,0,1482.47,506.10,1571.35,669.76,7
1,player,285,0,0,1480.13,506.10,1569.01,669.76,7
1,player,286,0,0,1477.79,506.10,1566.67,669.76,7
1,player,287,0,0,1478.63,506.10,1567.51,669.76,7
1,player,288,0,0,1479.46,506.10,1568.34,669.76,7
1,player,289,0,0,1480.30,506.10,1569.17,669.76,7
1,player,290,0,0,1481.13,506.10,1570.01,669.76,7
1,player,291,0,0,1481.97,506.10,1570.84,669.76,7
1,player,292,0,0,1482.80,506.10,1571.68,669.76,7
1,player,293,0,0,1483.64,506.10,1572.51,669.76,7
1,player,294,0,0,1484.47,506.10,1573.35,669.76,7
1,player,295,0,0,1485.31,506.10,1574.18,669.76,7
1,player,296,0,0,1486.14,506.10,1575.02,669.76,7
1,player,297,0,0,1486.98,506.10,1575.85,669.76,7
1,player,298,0,0,1487.81,506.10,1576.69,669.76,7
1,player,299,0,0,1488.65,506.10,1577.52,669.76,7
1,player,300,0,0,1489.48,506.10,1578.36,669.76,7
1,player,301,0,0,1486.93,506.32,1575.81,669.98,7
1,player,302,0,0,1484.38,506.53,1573.26,670.19,7
1,player,303,0,0,1481.83,506.74,1570.71,670.40,7
1,player,304,0,0,1479.28,506.95,1568.16,670.61,7
1,player,305,0,0,1476.73,507.17,1565.61,670.83,7
1,player,306,0,0,1474.18,507.38,1563.06,671.04,7
1,player,307,0,0,1471.63,507.59,1560.51,671.25,7
1,player,308,0,0,1469.08,507.80,1557.96,671.46,7
1,player,309,0,0,1466.53,508.02,1555.41,671.68,7
1,player,310,0,0,1463.98,508.23,1552.86,671.89,7
1,player,311,0,0,1461.43,508.44,1550.31,672.10,7
1,player,312,0,0,1458.26,508.29,1547.14,671.95,7
1,player,313,0,0,1455.09,508.14,1543.97,671.80,7
1,player,314,0,0,1451.93,507.99,1540.80,671.65,7
1,player,315,0,0,1448.76,507.84,1537.64,671.50,7
1,player,316,0,0,1445.59,507.69,1534.47,671.35,7
1,player,317,0,0,1442.42,507.54,1531.30,671.20,7
1,player,318,0,0,1439.26,507.39,1528.14,671.05,7
1,player,319,0,0,1436.09,507.23,1524.97,670.89,7
1,player,320,0,0,1432.92,507.08,1521.80,670.74,7
1,player,321,0,0,1429.76,506.93,1518.63,670.59,7
1,player,322,0,0,1426.59,506.78,1515.47,670.44,7
1,player,323,0,0,1423.42,506.63,1512.30,670.29,7
1,player,324,0,0,1420.25,506.48,1509.13,670.14,7
1,player,325,0,0,1417.09,506.33,1505.97,669.99,7
1,player,326,0,0,1413.92,506.18,1502.80,669.84,7
1,player,327,0,0,1410.75,506.03,1499.63,669.69,7
1,player,328,0,0,1407.59,505.88,1496.46,669.54,7
1,player,329,0,0,1404.42,505.73,1493.30,669.39,7
1,player,330,0,0,1401.25,505.58,1490.13,669.24,7
1,player,331,0,0,1398.08,505.42,1486.96,669.08,7
1,player,332,0,0,1394.92,505.27,1483.80,668.93,7
1,player,333,0,0,1391.75,505.12,1480.63,668.78,7
1,player,334,0,0,1388.58,504.97,1477.46,668.63,7
1,player,335,0,0,1385.42,504.82,1474.29,668.48,7
1,player,336,0,0,1382.25,504.67,1471.13,668.33,7
1,player,337,0,0,1379.08,504.52,1467.96,668.18,7
1,player,338,0,0,1375.91,504.37,1464.79,668.03,7
1,player,339,0,0,1372.75,504.22,1461.63,667.88,7
1,player,340,0,0,1369.58,504.07,1458.46,667.73,7
1,player,341,0,0,1366.41,503.92,1455.29,667.58,7
1,player,342,0,0,1363.25,503.77,1452.12,667.43,7
1,player,343,0,0,1362.38,504.11,1451.26,667.77,7
1,player,344,0,0,1361.51,504.46,1450.39,668.12,7
1,player,345,0,0,1360.65,504.80,1449.53,668.46,7
1,player,346,0,0,1359.78,505.15,1448.66,668.81,7
1,player,347,0,0,1358.92,505.50,1447.80,669.16,7
1,player,348,0,0,1358.05,505.84,1446.93,669.50,7
1,player,349,0,0,1357.19,506.19,1446.06,669.85,7
1,player,350,0,0,1356.32,506.54,1445.20,670.20,7
1,player,351,0,0,1355.45,506.88,1444.33,670.54,7
1,player,352,0,0,1354.59,507.23,1443.47,670.89,7
1,player,353,0,0,1353.72,507.58,1442.60,671.23,7
1,player,354,0,0,1352.86,507.92,1441.73,671.58,7
1,player,355,0,0,1351.99,508.27,1440.87,671.93,7
1,player,356,0,0,1351.12,508.61,1440.00,672.27,7
1,player,357,0,0,1350.26,508.96,1439.14,672.62,7
1,player,358,0,0,1349.39,509.31,1438.27,672.97,7
1,player,359,0,0,1348.53,509.65,1437.41,673.31,7
1,player,360,0,0,1347.66,510.00,1436.54,673.66,7
1,player,361,0,0,1346.80,510.35,1435.67,674.01,7
1,player,362,0,0,1345.93,510.69,1434.81,674.35,7
1,player,363,0,0,1345.06,511.04,1433.94,674.70,7
1,player,364,0,0,1344.20,511.38,1433.08,675.04,7
1,player,365,0,0,1343.33,511.73,1432.21,675.39,7
1,player,366,0,0,1342.47,512.08,1431.34,675.74,7
1,player,367,0,0,1341.60,512.42,1430.48,676.08,7
1,player,368,0,0,1340.73,512.77,1429.61,676.43,7
1,player,369,0,0,1339.87,513.12,1428.75,676.78,7
1,player,370,0,0,1334.07,513.17,1422.94,676.83,7
1,player,371,0,0,1328.26,513.22,1417.14,676.88,7
1,player,372,0,0,1322.46,513.27,1411.34,676.93,7
1,player,373,0,0,1316.66,513.32,1405.53,676.98,7
1,player,374,0,0,1310.85,513.37,1399.73,677.03,7
1,player,375,0,0,1305.05,513.42,1393.93,677.08,7
1,player,376,0,0,1299.25,513.47,1388.12,677.13,7
1,player,377,0,0,1293.44,513.52,1382.32,677.18,7
1,player,378,0,0,1287.64,513.57,1376.52,677.23,7
1,player,379,0,0,1281.84,513.63,1370.71,677.28,7
1,player,380,0,0,1276.03,513.68,1364.91,677.34,7
1,player,381,0,0,1270.23,513.73,1359.11,677.39,7
1,player,382,0,0,1264.43,513.78,1353.30,677.44,7
1,player,383,0,0,1258.62,513.83,1347.50,677.49,7
1,player,384,0,0,1252.82,513.88,1341.70,677.54,7
1,player,385,0,0,1247.02,513.93,1335.89,677.59,7
1,player,386,0,0,1241.21,513.98,1330.09,677.64,7
1,player,387,0,0,1235.41,514.03,1324.29,677.69,7
1,player,388,0,0,1229.61,514.08,1318.48,677.74,7
1,player,389,0,0,1223.80,514.13,1312.68,677.79,7
1,player,390,0,0,1218.00,514.19,1306.88,677.84,7
1,player,391,0,0,1212.20,514.24,1301.07,677.90,7
1,player,392,0,0,1206.39,514.29,1295.27,677.95,7
1,player,393,0,0,1200.59,514.34,1289.47,678.00,7
1,player,394,0,0,1194.79,514.39,1283.66,678.05,7
1,player,395,0,0,1188.98,514.44,1277.86,678.10,7
1,player,396,0,0,1183.18,514.49,1272.06,678.15,7
1,player,397,0,0,1177.38,514.54,1266.25,678.20,7
1,player,398,0,0,1171.57,514.59,1260.45,678.25,7
1,player,399,0,0,1165.77,514.64,1254.65,678.30,7
1,player,400,0,0,1159.96,514.69,1248.84,678.35,7
1,player,401,0,0,1154.16,514.74,1243.04,678.40,7
1,player,402,0,0,1148.36,514.80,1237.24,678.46,7
1,player,403,0,0,1142.55,514.85,1231.43,678.51,7
1,player,404,0,0,1136.75,514.90,1225.63,678.56,7
1,player,405,0,0,1130.95,514.95,1219.83,678.61,7
1,player,406,0,0,1125.14,515.00,1214.02,678.66,7
1,player,407,0,0,1119.34,515.05,1208.22,678.71,7
1,player,408,0,0,1113.54,515.10,1202.42,678.76,7
1,player,409,0,0,1107.73,515.15,1196.61,678.81,7
1,player,410,0,0,1101.93,515.20,1190.81,678.86,7
1,player,411,0,0,1096.13,515.25,1185.01,678.91,7
1,player,412,0,0,1089.71,515.02,1178.59,678.68,7
1,player,413,0,0,1083.30,514.78,1172.18,678.44,7
1,player,414,0,0,1076.89,514.54,1165.76,678.20,7
1,player,415,0,0,1070.47,514.30,1159.35,677.96,7
1,player,416,0,0,1064.06,514.07,1152.93,677.73,7
1,player,417,0,0,1057.64,513.83,1146.52,677.49,7
1,player,418,0,0,1051.23,513.59,1140.11,677.25,7
1,player,419,0,0,1044.81,513.35,1133.69,677.01,7
1,player,420,0,0,1038.40,513.12,1127.28,676.78,7
1,player,421,0,0,1033.59,510.80,1122.47,674.46,7
1,player,422,0,0,1028.78,508.48,1117.66,672.14,7
1,player,423,0,0,1023.97,506.17,1112.85,669.83,7
1,player,424,0,0,1019.16,503.85,1108.04,667.51,7
1,player,425,0,0,1014.35,501.53,1103.22,665.19,7
1,player,426,0,0,1009.54,499.22,1098.41,662.88,7
1,player,427,0,0,1004.73,496.90,1093.60,660.56,7
1,player,428,0,0,999.91,494.59,1088.79,658.25,7
1,player,429,0,0,995.10,492.27,1083.98,655.93,7
1,player,430,0,0,990.29,489.95,1079.17,653.61,7
1,player,431,0,0,985.48,487.64,1074.36,651.30,7
1,player,432,0,0,980.67,485.32,1069.55,648.98,7
1,player,433,0,0,976.40,487.04,1064.42,646.42,7
1,player,434,0,0,972.12,488.75,1059.29,643.87,7
1,player,435,0,0,967.84,490.47,1054.16,641.31,7
1,player,436,0,0,963.57,492.18,1049.03,638.76,7
1,player,437,0,0,959.29,493.90,1043.90,636.20,7
1,player,438,0,0,946.55,493.40,1031.16,635.70,7
1,player,439,0,0,933.80,492.89,1018.41,635.19,7
1,player,440,0,0,921.06,492.39,1005.67,634.69,7
1,player,441,0,0,908.31,491.89,992.92,634.19,7
1,player,442,0,0,895.57,491.38,980.18,633.68,7
1,player,443,0,0,882.82,490.88,967.43,633.18,7
1,player,444,0,0,870.08,490.38,954.69,632.68,7
1,player,445,0,0,857.33,489.87,941.94,632.18,7
1,player,446,0,0,844.59,489.37,929.20,631.67,7
1,player,447,0,0,831.84,488.87,916.45,631.17,7
1,player,448,0,0,819.10,488.37,903.71,630.67,7
1,player,449,0,0,806.36,487.86,890.96,630.16,7
1,player,450,0,0,793.61,487.36,878.22,629.66,7
1,player,451,0,0,780.87,486.86,865.47,629.16,7
1,player,452,0,0,768.12,486.35,852.73,628.65,7
1,player,453,0,0,755.38,485.85,839.99,628.15,7
1,player,454,0,0,742.63,485.35,827.24,627.65,7
1,player,455,0,0,729.89,484.84,814.50,627.14,7
1,player,456,0,0,717.14,484.34,801.75,626.64,7
1,player,457,0,0,704.40,483.84,789.01,626.14,7
1,player,458,0,0,691.65,483.33,776.26,625.63,7
1,player,459,0,0,678.91,482.83,763.52,625.13,7
1,player,460,0,0,666.16,482.33,750.77,624.63,7
1,player,461,0,0,653.42,481.82,738.03,624.13,7
1,player,462,0,0,640.67,481.32,725.28,623.62,7
1,player,463,0,0,627.93,480.82,712.54,623.12,7
1,player,464,0,0,615.19,480.32,699.79,622.62,7
1,player,465,0,0,602.44,479.81,687.05,622.11,7
1,player,466,0,0,589.70,479.31,674.30,621.61,7
1,player,467,0,0,576.95,478.81,661.56,621.11,7
1,player,468,0,0,564.21,478.30,648.82,620.60,7
1,player,469,0,0,551.46,477.80,636.07,620.10,7
1,player,470,0,0,538.72,477.30,623.33,619.60,7
1,player,471,0,0,525.97,476.79,610.58,619.09,7
1,player,472,0,0,513.23,476.29,597.84,618.59,7
1,player,473,0,0,500.48,475.79,585.09,618.09,7
1,player,474,0,0,487.74,475.28,572.35,617.59,7
1,player,475,0,0,474.99,474.78,559.60,617.08,7
1,player,476,0,0,462.25,474.28,546.86,616.58,7
1,player,477,0,0,449.50,473.78,534.11,616.08,7
1,player,478,0,0,436.76,473.27,521.37,615.57,7
1,player,479,0,0,424.02,472.77,508.62,615.07,7
1,player,480,0,0,411.27,472.27,495.88,614.57,7
1,player,481,0,0,398.53,471.76,483.14,614.06,7
1,player,482,0,0,385.78,471.26,470.39,613.56,7
1,player,483,0,0,373.04,470.76,457.65,613.06,7
1,player,484,0,0,360.29,470.25,444.90,612.55,7
1,player,485,0,0,347.55,469.75,432.16,612.05,7
1,player,486,0,0,334.80,469.25,419.41,611.55,7
1,player,487,0,0,322.06,468.74,406.67,611.04,7
1,player,488,0,0,309.31,468.24,393.92,610.54,7
1,player,489,0,0,293.10,467.71,377.71,610.01,7
1,player,490,0,0,276.89,467.17,361.49,609.47,7
1,player,491,0,0,260.67,466.64,345.28,608.94,7
1,player,492,0,0,244.46,466.10,329.07,608.40,7
1,player,493,0,0,228.24,465.57,312.85,607.87,7
1,player,494,0,0,212.03,465.03,296.64,607.33,7
1,player,495,0,0,195.82,464.50,280.43,606.80,7
1,player,496,0,0,179.60,463.97,264.21,606.27,7
1,player,497,0,0,163.39,463.43,248.00,605.73,7
1,player,498,0,0,147.18,462.90,231.78,605.20,7
1,player,499,0,0,130.96,462.36,215.57,604.66,7
1,player,500,0,0,114.75,461.83,199.36,604.13,7
1,player,501,0,0,114.38,461.99,198.99,604.29,7
1,player,502,0,0,114.01,462.16,198.62,604.46,7
1,player,503,0,0,113.65,462.33,198.25,604.63,7
1,player,504,0,0,113.28,462.49,197.89,604.79,7
1,player,505,0,0,112.91,462.66,197.52,604.96,7
1,player,506,0,0,112.54,462.82,197.15,605.12,7
1,player,507,0,0,112.17,462.99,196.78,605.29,7
1,player,508,0,0,111.81,463.16,196.42,605.46,7
1,player,509,0,0,111.44,463.32,196.05,605.62,7
1,player,510,0,0,111.07,463.49,195.68,605.79,7
1,player,511,0,0,110.70,463.65,195.31,605.96,7
1,player,512,0,0,110.34,463.82,194.95,606.12,7
1,player,513,0,0,109.97,463.99,194.58,606.29,7
1,player,514,0,0,109.60,464.15,194.21,606.45,7
1,player,515,0,0,109.23,464.32,193.84,606.62,7
1,player,516,0,0,108.87,464.49,193.48,606.79,7
1,player,517,0,0,108.50,464.65,193.11,606.95,7
1,player,518,0,0,108.13,464.82,192.74,607.12,7
1,player,519,0,0,107.76,464.98,192.37,607.28,7
1,player,520,0,0,107.40,465.15,192.00,607.45,7
1,player,521,0,0,107.03,465.32,191.64,607.62,7
1,player,522,0,0,106.66,465.48,191.27,607.78,7
1,player,523,0,0,106.29,465.65,190.90,607.95,7
1,player,524,0,0,105.93,465.82,190.53,608.12,7
1,player,525,0,0,105.56,465.98,190.17,608.28,7
1,player,526,0,0,105.19,466.15,189.80,608.45,7
1,player,527,0,0,104.82,466.31,189.43,608.61,7
1,player,528,0,0,104.45,466.48,189.06,608.78,7
1,player,529,0,0,104.09,466.65,188.70,608.95,7
1,player,530,0,0,103.72,466.81,188.33,609.11,7
1,player,531,0,0,103.35,466.98,187.96,609.28,7
1,player,532,0,0,102.98,467.14,187.59,609.45,7
1,player,533,0,0,102.62,467.31,187.23,609.61,7
1,player,534,0,0,102.25,467.48,186.86,609.78,7
1,player,535,0,0,101.88,467.64,186.49,609.94,7
1,player,536,0,0,101.51,467.81,186.12,610.11,7
1,player,537,0,0,101.15,467.98,185.76,610.28,7
1,player,538,0,0,100.78,468.14,185.39,610.44,7
1,player,539,0,0,100.41,468.31,185.02,610.61,7
1,player,540,0,0,100.04,468.47,184.65,610.77,7
1,player,541,0,0,99.68,468.64,184.28,610.94,7
1,player,542,0,0,99.31,468.81,183.92,611.11,7
1,player,543,0,0,98.94,468.97,183.55,611.27,7
1,player,544,0,0,98.57,469.14,183.18,611.44,7
1,player,545,0,0,98.21,469.30,182.81,611.61,7
1,player,546,0,0,101.42,468.04,186.03,610.34,7
1,player,547,0,0,104.63,466.77,189.24,609.07,7
1,player,548,0,0,107.85,465.51,192.45,607.81,7
1,player,549,0,0,111.06,464.24,195.67,606.54,7
1,player,550,0,0,114.27,462.97,198.88,605.27,7
1,player,551,0,0,117.49,461.71,202.10,604.01,7
1,player,552,0,0,120.70,460.44,205.31,602.74,7
1,player,553,0,0,123.44,458.75,208.05,601.05,7
1,player,554,0,0,126.18,457.07,210.79,599.37,7
1,player,555,0,0,128.93,455.38,213.54,597.68,7
1,player,556,0,0,131.67,453.69,216.28,595.99,7
1,player,557,0,0,134.41,452.01,219.02,594.31,7
1,player,558,0,0,137.15,450.32,221.76,592.62,7
1,player,559,0,0,139.90,448.64,224.50,590.94,7
1,player,560,0,0,142.64,446.95,227.25,589.25,7
1,player,561,0,0,145.38,445.26,229.99,587.56,7
1,player,562,0,0,148.12,443.58,232.73,585.88,7
1,player,563,0,0,150.86,441.89,235.47,584.19,7
1,player,564,0,0,153.61,440.20,238.22,582.50,7
1,player,565,0,0,156.35,438.52,240.96,580.82,7
1,player,566,0,0,159.09,436.83,243.70,579.13,7
1,player,567,0,0,161.83,435.14,246.44,577.45,7
1,player,568,0,0,164.58,433.46,249.18,575.76,7
1,player,569,0,0,167.32,431.77,251.93,574.07,7
1,player,570,0,0,170.06,430.09,254.67,572.39,7
1,player,571,0,0,172.80,428.40,257.41,570.70,7
1,player,572,0,0,175.54,426.71,260.15,569.01,7
1,player,573,0,0,178.29,425.03,262.90,567.33,7
1,player,574,0,0,181.03,423.34,265.64,565.64,7
1,player,575,0,0,183.14,422.88,267.75,565.18,7
1,player,576,0,0,185.26,422.41,269.87,564.71,7
1,player,577,0,0,187.37,421.95,271.98,564.25,7
1,player,578,0,0,189.49,421.48,274.10,563.78,7
1,player,579,0,0,191.60,421.02,276.21,563.32,7
1,player,580,0,0,193.72,420.55,278.33,562.85,7
1,player,581,0,0,195.83,420.09,280.44,562.39,7
1,player,582,0,0,197.95,419.62,282.56,561.92,7
1,player,583,0,0,200.06,419.16,284.67,561.46,7
1,player,584,0,0,202.18,418.69,286.79,560.99,7
1,player,585,0,0,204.29,418.23,288.90,560.53,7
1,player,586,0,0,206.41,417.76,291.02,560.06,7
1,player,587,0,0,208.52,417.30,293.13,559.60,7
1,player,588,0,0,210.64,416.83,295.25,559.13,7
1,player,589,0,0,212.75,416.37,297.36,558.67,7
1,player,590,0,0,214.87,415.90,299.47,558.20,7
1,player,591,0,0,216.98,415.44,301.59,557.74,7
1,player,592,0,0,219.10,414.97,303.70,557.27,7
1,player,593,0,0,221.21,414.51,305.82,556.81,7
1,player,594,0,0,223.33,414.04,307.93,556.35,7
1,player,595,0,0,225.44,413.58,310.05,555.88,7
1,player,596,0,0,227.55,413.12,312.16,555.42,7
1,player,597,0,0,229.67,412.65,314.28,554.95,7
1,player,598,0,0,231.78,412.19,316.39,554.49,7
1,player,599,0,0,233.90,411.72,318.51,554.02,7
1,player,600,0,0,236.01,411.26,320.62,553.56,7
1,player,601,0,0,238.13,410.79,322.74,553.09,7
1,player,602,0,0,240.24,410.33,324.85,552.63,7
1,player,603,0,0,242.36,409.86,326.97,552.16,7
1,player,604,0,0,244.47,409.40,329.08,551.70,7
1,player,605,0,0,246.59,408.93,331.20,551.23,7
1,player,606,0,0,248.70,408.47,333.31,550.77,7
1,player,607,0,0,250.82,408.00,335.43,550.30,7
1,player,608,0,0,252.93,407.54,337.54,549.84,7
1,player,609,0,0,255.05,407.07,339.66,549.37,7
1,player,610,0,0,257.16,406.61,341.77,548.91,7
1,player,611,0,0,259.28,406.14,343.89,548.44,7
1,player,612,0,0,261.39,405.68,346.00,547.98,7
1,player,613,0,0,263.51,405.21,348.12,547.51,7
1,player,614,0,0,265.62,404.75,350.23,547.05,7
1,player,615,0,0,267.74,404.28,352.35,546.58,7
1,player,616,0,0,269.85,403.82,354.46,546.12,7
1,player,617,0,0,271.97,403.35,356.58,545.65,7
1,player,618,0,0,274.08,402.89,358.69,545.19,7
1,player,619,0,0,276.20,402.42,360.81,544.73,7
1,player,620,0,0,278.31,401.96,362.92,544.26,7
1,player,621,0,0,280.43,401.50,365.03,543.80,7
1,player,622,0,0,282.54,401.03,367.15,543.33,7
1,player,623,0,0,284.66,400.57,369.26,542.87,7
1,player,624,0,0,286.77,400.10,371.38,542.40,7
1,player,625,0,0,288.89,399.64,373.49,541.94,7
1,player,626,0,0,291.00,399.17,375.61,541.47,7
1,player,627,0,0,293.11,398.71,377.72,541.01,7
1,player,628,0,0,295.23,398.24,379.84,540.54,7
1,player,629,0,0,297.34,397.78,381.95,540.08,7
1,player,630,0,0,299.46,397.31,384.07,539.61,7
1,player,631,0,0,301.57,396.85,386.18,539.15,7
1,player,632,0,0,303.69,396.38,388.30,538.68,7
1,player,633,0,0,305.80,395.92,390.41,538.22,7
1,player,634,0,0,307.92,395.45,392.53,537.75,7
1,player,635,0,0,310.03,394.99,394.64,537.29,7
1,player,636,0,0,312.15,394.52,396.76,536.82,7
1,player,637,0,0,314.26,394.06,398.87,536.36,7
1,player,638,0,0,316.38,393.59,400.99,535.89,7
1,player,639,0,0,318.49,393.13,403.10,535.43,7
1,player,640,0,0,320.61,392.66,405.22,534.96,7
1,player,641,0,0,322.72,392.20,407.33,534.50,7
1,player,642,0,0,324.84,391.73,409.45,534.03,7
1,player,643,0,0,326.95,391.27,411.56,533.57,7
1,player,644,0,0,329.07,390.80,413.68,533.11,7
1,player,645,0,0,331.18,390.34,415.79,532.64,7
1,player,646,0,0,333.30,389.88,417.91,532.18,7
1,player,647,0,0,335.41,389.41,420.02,531.71,7
1,player,648,0,0,337.53,388.95,422.14,531.25,7
1,player,649,0,0,339.64,388.48,424.25,530.78,7
1,player,650,0,0,341.76,388.02,426.37,530.32,7
1,player,651,0,0,343.87,387.55,428.48,529.85,7
1,player,652,0,0,345.99,387.09,430.59,529.39,7
1,player,653,0,0,348.10,386.62,432.71,528.92,7
1,player,654,0,0,350.22,386.16,434.82,528.46,7
1,player,655,0,0,352.33,385.69,436.94,527.99,7
1,player,656,0,0,354.45,385.23,439.05,527.53,7
1,player,657,0,0,356.56,384.76,441.17,527.06,7
1,player,658,0,0,358.68,384.30,443.28,526.60,7
1,player,659,0,0,360.79,383.83,445.40,526.13,7
1,player,660,0,0,362.90,383.37,447.51,525.67,7
1,player,661,0,0,365.02,382.90,449.63,525.20,7
1,player,662,0,0,367.13,382.44,451.74,524.74,7
1,player,663,0,0,369.25,381.97,453.86,524.27,7
1,player,664,0,0,371.36,381.51,455.97,523.81,7
1,player,665,0,0,373.48,381.04,458.09,523.34,7
1,player,666,0,0,375.59,380.58,460.20,522.88,7
1,player,667,0,0,379.23,379.72,463.84,522.02,7
1,player,668,0,0,382.86,378.87,467.47,521.17,7
1,player,669,0,0,386.50,378.01,471.11,520.31,7
1,player,670,0,0,390.13,377.16,474.74,519.46,7
1,player,671,0,0,393.77,376.30,478.38,518.60,7
1,player,672,0,0,397.40,375.45,482.01,517.75,7
1,player,673,0,0,401.04,374.59,485.65,516.89,7
1,player,674,0,0,404.67,373.74,489.28,516.04,7
1,player,675,0,0,408.31,372.88,492.92,515.18,7
1,player,676,0,0,411.94,372.03,496.55,514.33,7
1,player,677,0,0,412.94,371.58,497.55,513.88,7
1,player,678,0,0,413.95,371.14,498.55,513.44,7
1,player,679,0,0,414.95,370.69,499.56,512.99,7
1,player,680,0,0,415.95,370.25,500.56,512.55,7
1,player,681,0,0,416.95,369.80,501.56,512.10,7
1,player,682,0,0,417.95,369.36,502.56,511.66,7
1,player,683,0,0,418.95,368.91,503.56,511.21,7
1,player,684,0,0,419.96,368.47,504.56,510.77,7
1,player,685,0,0,420.96,368.02,505.57,510.32,7
1,player,686,0,0,421.96,367.57,506.57,509.88,7
1,player,687,0,0,422.96,367.13,507.57,509.43,7
1,player,688,0,0,423.96,366.68,508.57,508.98,7
1,player,689,0,0,424.96,366.24,509.57,508.54,7
1,player,690,0,0,425.97,365.79,510.58,508.09,7
1,player,691,0,0,426.97,365.35,511.58,507.65,7
1,player,692,0,0,427.97,364.90,512.58,507.20,7
1,player,693,0,0,428.97,364.46,513.58,506.76,7
1,player,694,0,0,429.97,364.01,514.58,506.31,7
1,player,695,0,0,430.98,363.57,515.58,505.87,7
1,player,696,0,0,431.98,363.12,516.59,505.42,7
1,player,697,0,0,432.98,362.68,517.59,504.98,7
1,player,698,0,0,437.81,361.65,522.42,503.95,7
1,player,699,0,0,442.64,360.62,527.25,502.92,7
1,player,700,0,0,447.47,359.59,532.08,501.89,7
1,player,701,0,0,452.30,358.56,536.91,500.86,7
1,player,702,0,0,457.13,357.53,541.74,499.83,7
1,player,703,0,0,461.96,356.50,546.57,498.80,7
1,player,704,0,0,466.79,355.47,551.40,497.77,7
1,player,705,0,0,471.62,354.44,556.23,496.74,7
1,player,706,0,0,476.45,353.41,561.06,495.71,7
1,player,707,0,0,481.28,352.38,565.89,494.68,7
1,player,708,0,0,486.11,351.35,570.72,493.65,7
1,player,709,0,0,490.95,350.32,575.55,492.62,7
1,player,710,0,0,495.78,349.29,580.38,491.59,7
1,player,711,0,0,500.61,348.26,585.22,490.57,7
1,player,712,0,0,505.44,347.24,590.05,489.54,7
1,player,713,0,0,510.27,346.21,594.88,488.51,7
1,player,714,0,0,515.10,345.18,599.71,487.48,7
1,player,715,0,0,519.93,344.15,604.54,486.45,7
1,player,716,0,0,524.76,343.12,609.37,485.42,7
1,player,717,0,0,529.59,342.09,614.20,484.39,7
1,player,718,0,0,534.42,341.06,619.03,483.36,7
1,player,719,0,0,539.25,340.03,623.86,482.33,7
1,player,720,0,0,544.08,339.00,628.69,481.30,7
1,player,721,0,0,548.91,337.97,633.52,480.27,7
1,player,722,0,0,553.74,336.94,638.35,479.24,7
1,player,723,0,0,558.57,335.91,643.18,478.21,7
1,player,724,0,0,563.40,334.88,648.01,477.18,7
1,player,725,0,0,575.62,333.97,660.23,476.27,7
1,player,726,0,0,587.84,333.05,672.45,475.35,7
1,player,727,0,0,600.06,332.13,684.66,474.43,7
1,player,728,0,0,612.27,331.22,696.88,473.52,7
1,player,729,0,0,624.49,330.30,709.10,472.60,7
1,player,730,0,0,636.71,329.38,721.32,471.68,7
1,player,731,0,0,648.93,328.47,733.53,470.77,7
1,player,732,0,0,657.42,328.58,741.60,470.65,7
1,player,733,0,0,665.92,328.70,749.67,470.54,7
1,player,734,0,0,674.41,328.81,757.74,470.43,7
1,player,735,0,0,682.91,328.92,765.81,470.31,7
1,player,736,0,0,691.40,329.04,773.87,470.20,7
1,player,737,0,0,699.90,329.15,781.94,470.08,7
1,player,738,0,0,708.40,329.27,790.01,469.97,7
1,player,739,0,0,716.89,329.38,798.08,469.85,7
1,player,740,0,0,725.39,329.49,806.14,469.74,7
1,player,741,0,0,733.88,329.61,814.21,469.63,7
1,player,742,0,0,742.38,329.72,822.28,469.51,7
1,player,743,0,0,750.87,329.84,830.35,469.40,7
1,player,744,0,0,759.37,329.95,838.42,469.28,7
1,player,745,0,0,767.86,330.06,846.48,469.17,7
1,player,746,0,0,776.36,330.18,854.55,469.05,7
1,player,747,0,0,784.86,330.29,862.62,468.94,7
1,player,748,0,0,793.35,330.41,870.69,468.83,7
1,player,749,0,0,801.85,330.52,878.75,468.71,7
1,player,750,0,0,810.34,330.63,886.82,468.60,7
1,player,751,0,0,818.84,330.75,894.89,468.48,7
1,player,752,0,0,827.33,330.86,902.96,468.37,7
1,player,753,0,0,835.83,330.98,911.02,468.25,7
1,player,754,0,0,844.33,331.09,919.09,468.14,7
1,player,755,0,0,852.82,331.20,927.16,468.03,7
1,player,756,0,0,861.32,331.32,935.23,467.91,7
1,player,757,0,0,869.81,331.43,943.30,467.80,7
1,player,758,0,0,878.31,331.55,951.36,467.68,7
1,player,759,0,0,886.80,331.66,959.43,467.57,7
1,player,760,0,0,895.30,331.77,967.50,467.46,7
1,player,761,0,0,903.80,331.89,975.57,467.34,7
1,player,762,0,0,912.29,332.00,983.63,467.23,7
1,player,763,0,0,920.79,332.12,991.70,467.11,7
1,player,764,0,0,929.28,332.23,999.77,467.00,7
1,player,765,0,0,937.78,332.35,1007.84,466.88,7
1,player,766,0,0,946.27,332.46,1015.90,466.77,7
1,player,767,0,0,954.77,332.57,1023.97,466.66,7
1,player,768,0,0,963.27,332.69,1032.04,466.54,7
1,player,769,0,0,971.76,332.80,1040.11,466.43,7
1,player,770,0,0,980.26,332.92,1048.18,466.31,7
1,player,771,0,0,988.75,333.03,1056.24,466.20,7
1,player,772,0,0,997.25,333.14,1064.31,466.08,7
1,player,773,0,0,1005.74,333.26,1072.38,465.97,7
1,player,774,0,0,1014.24,333.37,1080.45,465.86,7
1,player,775,0,0,1022.73,333.49,1088.51,465.74,7
1,player,776,0,0,1031.23,333.60,1096.58,465.63,7
1,player,777,0,0,1039.73,333.71,1104.65,465.51,7
1,player,778,0,0,1048.22,333.83,1112.72,465.40,7
1,player,779,0,0,1056.72,333.94,1120.79,465.28,7
1,player,780,0,0,1065.21,334.06,1128.85,465.17,7
1,player,781,0,0,1073.71,334.17,1136.92,465.06,7
1,player,782,0,0,1082.20,334.28,1144.99,464.94,7
1,player,783,0,0,1090.70,334.40,1153.06,464.83,7
1,player,784,0,0,1099.20,334.51,1161.12,464.71,7
1,player,785,0,0,1107.69,334.63,1169.19,464.60,7
1,player,786,0,0,1116.19,334.74,1177.26,464.48,7
1,player,787,0,0,1124.68,334.85,1185.33,464.37,7
1,player,788,0,0,1133.18,334.97,1193.39,464.26,7
1,player,789,0,0,1141.67,335.08,1201.46,464.14,7
1,player,790,0,0,1150.17,335.20,1209.53,464.03,7
1,player,791,0,0,1158.67,335.31,1217.60,463.91,7
1,player,792,0,0,1167.16,335.42,1225.67,463.80,7
1,player,793,0,0,1175.66,335.54,1233.73,463.69,7
1,player,794,0,0,1184.15,335.65,1241.80,463.57,7
1,player,795,0,0,1192.65,335.77,1249.87,463.46,7
1,player,796,0,0,1201.14,335.88,1257.94,463.34,7
1,player,797,0,0,1209.64,335.99,1266.00,463.23,7
1,player,798,0,0,1218.13,336.11,1274.07,463.11,7
1,player,799,0,0,1226.63,336.22,1282.14,463.00,7
1,player,800,0,0,1235.13,336.34,1290.21,462.89,7
1,player,801,0,0,1243.62,336.45,1298.27,462.77,7
1,player,802,0,0,1252.12,336.56,1306.34,462.66,7
1,player,803,0,0,1260.61,336.68,1314.41,462.54,7
1,player,804,0,0,1269.11,336.79,1322.48,462.43,7
1,player,805,0,0,1277.60,336.91,1330.55,462.31,7
1,player,806,0,0,1286.10,337.02,1338.61,462.20,7
1,player,807,0,0,1283.14,337.51,1335.65,462.69,7
1,player,808,0,0,1280.18,338.01,1332.69,463.19,7
1,player,809,0,0,1277.22,338.50,1329.73,463.68,7
1,player,810,0,0,1274.26,338.99,1326.77,464.17,7
1,player,811,0,0,1271.30,339.49,1323.81,464.67,7
1,player,812,0,0,1268.34,339.98,1320.85,465.16,7
1,player,813,0,0,1265.38,340.47,1317.89,465.65,7
1,player,814,0,0,1262.42,340.97,1314.93,466.15,7
1,player,815,0,0,1259.46,341.46,1311.97,466.64,7
1,player,816,0,0,1256.50,341.95,1309.01,467.13,7
1,player,817,0,0,1253.54,342.45,1306.05,467.63,7
1,player,818,0,0,1250.58,342.94,1303.09,468.12,7
1,player,819,0,0,1247.62,343.43,1300.13,468.61,7
1,player,820,0,0,1243.34,343.67,1295.85,468.85,7
1,player,821,0,0,1239.06,343.91,1291.58,469.09,7
1,player,822,0,0,1234.79,344.15,1287.30,469.33,7
1,player,823,0,0,1230.51,344.38,1283.02,469.56,7
1,player,824,0,0,1226.23,344.62,1278.75,469.80,7
1,player,825,0,0,1221.96,344.86,1274.47,470.04,7
1,player,826,0,0,1217.68,345.10,1270.20,470.28,7
1,player,827,0,0,1213.41,345.33,1265.92,470.51,7
1,player,828,0,0,1209.13,345.57,1261.64,470.75,7
1,player,829,0,0,1206.74,345.95,1259.25,471.13,7
1,player,830,0,0,1204.35,346.33,1256.86,471.51,7
1,player,831,0,0,1201.96,346.70,1254.47,471.88,7
1,player,832,0,0,1199.57,347.08,1252.08,472.26,7
1,player,833,0,0,1197.18,347.46,1249.70,472.64,7
1,player,834,0,0,1194.79,347.84,1247.31,473.02,7
1,player,835,0,0,1192.40,348.21,1244.92,473.39,7
1,player,836,0,0,1190.01,348.59,1242.53,473.77,7
1,player,837,0,0,1187.62,348.97,1240.14,474.15,7
1,player,838,0,0,1185.23,349.35,1237.75,474.52,7
1,player,839,0,0,1182.84,349.72,1235.36,474.90,7
1,player,840,0,0,1180.45,350.10,1232.97,475.28,7
1,player,841,0,0,1178.07,350.48,1230.58,475.66,7
1,player,842,0,0,1175.68,350.85,1228.19,476.03,7
1,player,843,0,0,1173.29,351.23,1225.80,476.41,7
1,player,844,0,0,1170.90,351.61,1223.41,476.79,7
1,player,845,0,0,1168.51,351.99,1221.02,477.17,7
1,player,846,0,0,1168.51,353.46,1221.02,478.64,7
1,player,847,0,0,1168.51,354.93,1221.02,480.11,7
1,player,848,0,0,1168.51,356.40,1221.02,481.58,7
1,player,849,0,0,1168.51,357.87,1221.02,483.05,7
1,player,850,0,0,1168.51,359.34,1221.02,484.52,7
1,player,851,0,0,1168.51,360.81,1221.02,485.99,7
1,player,852,0,0,1168.51,362.28,1221.02,487.46,7
1,player,853,0,0,1168.51,363.75,1221.02,488.93,7
1,player,854,0,0,1168.51,365.22,1221.02,490.40,7
1,player,855,0,0,1168.51,366.69,1221.02,491.87,7
1,player,856,0,0,1168.51,368.16,1221.02,493.34,7
1,player,857,0,0,1168.51,369.63,1221.02,494.81,7
1,player,858,0,0,1168.51,371.10,1221.02,496.28,7
1,player,859,0,0,1168.51,372.57,1221.02,497.75,7
1,player,860,0,0,1168.51,374.04,1221.02,499.22,7
1,player,861,0,0,1168.51,375.51,1221.02,500.69,7
1,player,862,0,0,1171.87,376.27,1224.38,501.45,7
1,player,863,0,0,1175.23,377.03,1227.74,502.21,7
1,player,864,0,0,1178.59,377.80,1231.10,502.98,7
1,player,865,0,0,1181.95,378.56,1234.46,503.74,7
1,player,866,0,0,1185.31,379.32,1237.82,504.50,7
1,player,867,0,0,1188.67,380.09,1241.18,505.27,7
1,player,868,0,0,1192.03,380.85,1244.54,506.03,7
1,player,869,0,0,1195.39,381.61,1247.90,506.79,7
1,player,870,0,0,1198.75,382.38,1251.26,507.56,7
1,player,871,0,0,1202.11,383.14,1254.62,508.32,7
1,player,872,0,0,1205.47,383.90,1257.98,509.08,7
1,player,873,0,0,1208.83,384.67,1261.34,509.85,7
1,player,874,0,0,1212.19,385.43,1264.70,510.61,7
1,player,875,0,0,1215.54,386.20,1268.06,511.37,7
1,player,876,0,0,1219.73,387.18,1272.25,512.35,7
1,player,877,0,0,1223.92,388.16,1276.43,513.33,7
1,player,878,0,0,1228.11,389.14,1280.62,514.31,7
1,player,879,0,0,1232.29,390.12,1284.81,515.29,7
1,player,880,0,0,1236.48,391.10,1288.99,516.27,7
1,player,881,0,0,1240.67,392.07,1293.18,517.25,7
1,player,882,0,0,1244.85,393.05,1297.37,518.23,7
1,player,883,0,0,1249.04,394.03,1301.55,519.21,7
1,player,884,0,0,1253.23,395.01,1305.74,520.19,7
1,player,885,0,0,1257.42,395.99,1309.93,521.17,7
1,player,886,0,0,1261.60,396.97,1314.12,522.15,7
1,player,887,0,0,1265.79,397.95,1318.30,523.13,7
1,player,888,0,0,1269.98,398.93,1322.49,524.11,7
1,player,889,0,0,1274.16,399.91,1326.68,525.09,7
1,player,890,0,0,1278.35,400.89,1330.86,526.07,7
1,player,891,0,0,1282.54,401.87,1335.05,527.05,7
1,player,892,0,0,1286.72,402.85,1339.24,528.03,7
1,player,893,0,0,1290.91,403.83,1343.43,529.01,7
1,player,894,0,0,1295.10,404.81,1347.61,529.99,7
1,player,895,0,0,1299.29,405.79,1351.80,530.97,7
1,player,896,0,0,1303.47,406.77,1355.99,531.95,7
1,player,897,0,0,1307.66,407.75,1360.17,532.93,7
1,player,898,0,0,1311.85,408.73,1364.36,533.91,7
1,player,899,0,0,1316.03,409.71,1368.55,534.89,7
2,player,80,0,0,1281.43,723.51,1374.93,908.18,19
2,player,81,0,0,1286.77,724.18,1380.28,908.85,19
2,player,82,0,0,1292.12,724.84,1385.62,909.52,19
2,player,83,0,0,1297.46,725.51,1390.96,910.19,19
2,player,84,0,0,1302.80,726.18,1396.31,910.85,19
2,player,85,0,0,1308.14,726.85,1401.65,911.52,19
2,player,86,0,0,1313.49,727.51,1406.99,912.19,19
2,player,87,0,0,1318.83,728.18,1412.34,912.86,19
2,player,88,0,0,1322.84,725.51,1416.34,910.18,19
2,player,89,0,0,1326.85,722.84,1420.35,907.51,19
2,player,90,0,0,1330.85,720.17,1424.36,904.84,19
2,player,91,0,0,1334.86,717.49,1428.37,902.17,19
2,player,92,0,0,1338.87,714.82,1432.37,899.50,19
2,player,93,0,0,1342.88,712.15,1436.38,896.83,19
2,player,94,0,0,1346.88,709.48,1440.39,894.15,19
2,player,95,0,0,1352.28,708.22,1445.78,892.90,19
2,player,96,0,0,1357.67,706.96,1451.18,891.64,19
2,player,97,0,0,1363.07,705.70,1456.57,890.38,19
2,player,98,0,0,1368.46,704.44,1461.97,889.12,19
2,player,99,0,0,1373.86,703.19,1467.36,887.86,19
2,player,100,0,0,1379.25,701.93,1472.76,886.60,19
2,player,101,0,0,1384.65,700.67,1478.15,885.34,19
2,player,102,0,0,1390.04,699.41,1483.55,884.08,19
2,player,103,0,0,1395.44,698.15,1488.94,882.83,19
2,player,104,0,0,1400.83,696.89,1494.34,881.57,19
2,player,105,0,0,1406.22,695.63,1499.73,880.31,19
2,player,106,0,0,1411.62,694.37,1505.12,879.05,19
2,player,107,0,0,1417.01,693.12,1510.52,877.79,19
2,player,108,0,0,1434.16,687.66,1527.66,872.34,19
2,player,109,0,0,1451.30,682.21,1544.81,866.88,19
2,player,110,0,0,1468.44,676.75,1561.95,861.43,19
2,player,111,0,0,1485.59,671.30,1579.09,855.97,19
2,player,112,0,0,1502.73,665.84,1596.23,850.52,19
2,player,113,0,0,1519.87,660.39,1613.38,845.06,19
2,player,114,0,0,1526.12,659.91,1619.63,844.59,19
2,player,115,0,0,1532.37,659.43,1625.88,844.11,19
2,player,116,0,0,1538.62,658.96,1632.13,843.63,19
2,player,117,0,0,1544.87,658.48,1638.38,843.15,19
2,player,118,0,0,1551.12,658.00,1644.63,842.68,19
2,player,119,0,0,1557.37,657.53,1650.87,842.20,19
2,player,120,0,0,1563.62,657.05,1657.12,841.72,19
2,player,121,0,0,1569.87,656.57,1663.37,841.25,19
2,player,122,0,0,1576.12,656.09,1669.62,840.77,19
2,player,123,0,0,1582.37,655.62,1675.87,840.29,19
2,player,124,0,0,1588.62,655.14,1682.12,839.81,19
2,player,125,0,0,1594.87,654.66,1688.37,839.34,19
2,player,126,0,0,1601.12,654.19,1694.62,838.86,19
2,player,127,0,0,1607.37,653.71,1700.87,838.38,19
2,player,128,0,0,1613.62,653.23,1707.12,837.91,19
2,player,129,0,0,1619.87,652.75,1713.37,837.43,19
2,player,130,0,0,1626.12,652.28,1719.62,836.95,19
2,player,131,0,0,1632.36,651.80,1725.87,836.48,19
2,player,132,0,0,1638.61,651.32,1732.12,836.00,19
2,player,133,0,0,1644.86,650.85,1738.37,835.52,19
2,player,134,0,0,1651.11,650.37,1744.62,835.04,19
2,player,135,0,0,1657.36,649.89,1750.87,834.57,19
2,player,136,0,0,1663.61,649.41,1757.12,834.09,19
2,player,137,0,0,1669.86,648.94,1763.37,833.61,19
2,player,138,0,0,1676.11,648.46,1769.62,833.14,19
2,player,139,0,0,1682.36,647.98,1775.87,832.66,19
2,player,140,0,0,1688.61,647.51,1782.12,832.18,19
2,player,141,0,0,1694.86,647.03,1788.37,831.70,19
2,player,142,0,0,1701.11,646.55,1794.62,831.23,19
2,player,143,0,0,1707.36,646.08,1800.87,830.75,19
2,player,144,0,0,1713.61,645.60,1807.12,830.27,19
2,player,145,0,0,1719.86,645.12,1813.37,829.80,19
2,player,146,0,0,1726.11,644.64,1819.62,829.32,19
2,player,147,0,0,1732.36,644.17,1825.87,828.84,19
2,player,148,0,0,1738.61,643.69,1832.12,828.36,19
2,player,149,0,0,1744.86,643.21,1838.36,827.89,19
2,player,150,0,0,1751.11,642.74,1844.61,827.41,19
2,player,151,0,0,1757.36,642.26,1850.86,826.93,19
2,player,152,0,0,1763.61,641.78,1857.11,826.46,19
2,player,153,0,0,1769.86,641.30,1863.36,825.98,19
2,player,154,0,0,1776.11,640.83,1869.61,825.50,19
2,player,155,0,0,1782.36,640.35,1875.86,825.03,19
2,player,156,0,0,1788.61,639.87,1882.11,824.55,19
2,player,157,0,0,1794.86,639.40,1888.36,824.07,19
2,player,158,0,0,1801.11,638.92,1894.61,823.59,19
2,player,159,0,0,1807.36,638.44,1900.86,823.12,19
2,player,160,0,0,1813.61,637.96,1907.11,822.64,19
2,player,161,0,0,1819.85,637.49,1913.36,822.16,19
2,player,162,0,0,1826.10,637.01,1919.61,821.69,19
2,player,163,0,0,1825.97,636.14,1919.48,820.82,19
2,player,164,0,0,1825.84,635.27,1919.34,819.95,19
2,player,165,0,0,1825.70,634.41,1919.21,819.08,19
2,player,166,0,0,1825.57,633.54,1919.08,818.21,19
2,player,167,0,0,1825.44,632.67,1918.94,817.34,19
2,player,168,0,0,1825.30,631.80,1918.81,816.48,19
2,player,169,0,0,1825.17,630.93,1918.68,815.61,19
2,player,170,0,0,1825.04,630.06,1918.54,814.74,19
2,player,171,0,0,1824.90,629.20,1918.41,813.87,19
2,player,172,0,0,1824.77,628.33,1918.27,813.00,19
2,player,173,0,0,1824.64,627.46,1918.14,812.13,19
2,player,174,0,0,1824.50,626.59,1918.01,811.27,19
2,player,175,0,0,1824.37,625.72,1917.87,810.40,19
2,player,176,0,0,1824.23,624.85,1917.74,809.53,19
2,player,177,0,0,1824.10,623.99,1917.61,808.66,19
2,player,178,0,0,1823.97,623.12,1917.47,807.79,19
2,player,179,0,0,1823.83,622.25,1917.34,806.92,19
2,player,180,0,0,1823.70,621.38,1917.21,806.06,19
2,player,181,0,0,1823.57,620.51,1917.07,805.19,19
2,player,182,0,0,1823.43,619.65,1916.94,804.32,19
2,player,183,0,0,1823.30,618.78,1916.81,803.45,19
2,player,184,0,0,1823.17,617.91,1916.67,802.58,19
2,player,185,0,0,1823.03,617.04,1916.54,801.72,19
2,player,186,0,0,1822.90,616.17,1916.40,800.85,19
2,player,187,0,0,1822.77,615.30,1916.27,799.98,19
2,player,188,0,0,1822.63,614.44,1916.14,799.11,19
2,player,189,0,0,1822.50,613.57,1916.00,798.24,19
2,player,190,0,0,1822.36,612.70,1915.87,797.37,19
2,player,191,0,0,1822.23,611.83,1915.74,796.51,19
2,player,192,0,0,1822.10,610.96,1915.60,795.64,19
2,player,193,0,0,1821.96,610.09,1915.47,794.77,19
2,player,194,0,0,1821.83,609.23,1915.34,793.90,19
2,player,195,0,0,1821.70,608.36,1915.20,793.03,19
2,player,196,0,0,1821.56,607.49,1915.07,792.16,19
2,player,197,0,0,1821.43,606.62,1914.94,791.30,19
2,player,198,0,0,1814.04,610.39,1907.55,795.07,19
2,player,199,0,0,1806.65,614.16,1900.16,798.84,19
2,player,200,0,0,1799.26,617.93,1892.77,802.61,19
2,player,201,0,0,1791.87,621.70,1885.38,806.38,19
2,player,202,0,0,1784.48,625.47,1877.99,810.15,19
2,player,203,0,0,1777.09,629.24,1870.60,813.92,19
2,player,204,0,0,1769.70,633.01,1863.21,817.69,19
2,player,205,0,0,1762.31,636.78,1855.82,821.46,19
2,player,206,0,0,1754.92,640.55,1848.43,825.23,19
2,player,207,0,0,1747.53,644.33,1841.04,829.00,19
2,player,208,0,0,1740.14,648.10,1833.65,832.77,19
2,player,209,0,0,1732.75,651.87,1826.26,836.54,19
2,player,210,0,0,1725.36,655.64,1818.87,840.31,19
2,player,211,0,0,1717.97,659.41,1811.48,844.08,19
2,player,212,0,0,1710.58,663.18,1804.09,847.85,19
2,player,213,0,0,1703.19,666.95,1796.70,851.62,19
2,player,214,0,0,1695.80,670.72,1789.31,855.39,19
2,player,215,0,0,1688.41,674.49,1781.92,859.16,19
2,player,216,0,0,1681.02,678.26,1774.53,862.93,19
2,player,217,0,0,1673.63,682.03,1767.14,866.70,19
2,player,218,0,0,1666.24,685.80,1759.74,870.47,19
2,player,219,0,0,1658.85,689.57,1752.35,874.24,19
2,player,220,0,0,1651.46,693.34,1744.96,878.02,19
2,player,221,0,0,1644.07,697.11,1737.57,881.79,19
2,player,222,0,0,1636.68,700.88,1730.18,885.56,19
2,player,223,0,0,1629.29,704.65,1722.79,889.33,19
2,player,224,0,0,1621.90,708.42,1715.40,893.10,19
2,player,225,0,0,1614.51,712.19,1708.01,896.87,19
2,player,226,0,0,1607.12,715.96,1700.62,900.64,19
2,player,227,0,0,1599.73,719.73,1693.23,904.41,19
2,player,228,1,0,1592.34,723.50,1685.84,908.18,19
3,player,80,0,0,1157.53,552.08,1251.04,736.75,14
3,player,81,0,0,1159.54,550.74,1253.04,735.42,14
3,player,82,0,0,1161.54,549.41,1255.05,734.08,14
3,player,83,0,0,1163.54,548.07,1257.05,732.74,14
3,player,84,0,0,1165.55,546.73,1259.05,731.41,14
3,player,85,0,0,1167.55,545.40,1261.06,730.07,14
3,player,86,0,0,1169.55,544.06,1263.06,728.74,14
3,player,87,0,0,1171.56,542.73,1265.06,727.40,14
3,player,88,0,0,1173.90,540.05,1267.40,724.73,14
3,player,89,0,0,1176.23,537.38,1269.74,722.06,14
3,player,90,0,0,1178.57,534.71,1272.08,719.39,14
3,player,91,0,0,1180.91,532.04,1274.41,716.71,14
3,player,92,0,0,1183.25,529.37,1276.75,714.04,14
3,player,93,0,0,1185.58,526.70,1279.09,711.37,14
3,player,94,0,0,1187.92,524.03,1281.43,708.70,14
3,player,95,0,0,1188.10,521.87,1281.61,706.54,14
3,player,96,0,0,1188.28,519.71,1281.79,704.38,14
3,player,97,0,0,1188.46,517.55,1281.97,702.23,14
3,player,98,0,0,1188.64,515.39,1282.15,700.07,14
3,player,99,0,0,1188.82,513.24,1282.33,697.91,14
3,player,100,0,0,1189.00,511.08,1282.51,695.75,14
3,player,101,0,0,1189.18,508.92,1282.69,693.60,14
3,player,102,0,0,1189.36,506.76,1282.87,691.44,14
3,player,103,0,0,1189.54,504.60,1283.05,689.28,14
3,player,104,0,0,1189.72,502.45,1283.23,687.12,14
3,player,105,0,0,1189.90,500.29,1283.40,684.96,14
3,player,106,0,0,1190.08,498.13,1283.58,682.81,14
3,player,107,0,0,1190.26,495.97,1283.76,680.65,14
3,player,108,0,0,1197.27,490.52,1290.78,675.19,14
3,player,109,0,0,1204.28,485.06,1297.79,669.74,14
3,player,110,0,0,1211.30,479.61,1304.80,664.28,14
3,player,111,0,0,1218.31,474.15,1311.82,658.83,14
3,player,112,0,0,1225.32,468.70,1318.83,653.37,14
3,player,113,0,0,1232.34,463.25,1325.84,647.92,14
3,player,114,0,0,1228.61,463.91,1322.12,648.59,14
3,player,115,0,0,1224.89,464.58,1318.40,649.26,14
3,player,116,0,0,1221.17,465.25,1314.68,649.92,14
3,player,117,0,0,1217.45,465.92,1310.96,650.59,14
3,player,118,0,0,1213.73,466.58,1307.24,651.26,14
3,player,119,0,0,1210.01,467.25,1303.51,651.93,14
3,player,120,0,0,1206.29,467.92,1299.79,652.60,14
3,player,121,0,0,1202.57,468.59,1296.07,653.26,14
3,player,122,0,0,1198.85,469.26,1292.35,653.93,14
3,player,123,0,0,1195.12,469.92,1288.63,654.60,14
3,player,124,0,0,1191.40,470.59,1284.91,655.27,14
3,player,125,0,0,1187.68,471.26,1281.19,655.93,14
3,player,126,0,0,1183.96,471.93,1277.47,656.60,14
3,player,127,0,0,1180.24,472.60,1273.75,657.27,14
3,player,128,0,0,1176.52,473.26,1270.02,657.94,14
3,player,129,0,0,1172.80,473.93,1266.30,658.61,14
3,player,130,0,0,1169.08,474.60,1262.58,659.27,14
3,player,131,0,0,1165.35,475.27,1258.86,659.94,14
3,player,132,0,0,1161.63,475.94,1255.14,660.61,14
3,player,133,0,0,1157.91,476.60,1251.42,661.28,14
3,player,134,0,0,1154.19,477.27,1247.70,661.95,14
3,player,135,0,0,1150.47,477.94,1243.98,662.61,14
3,player,136,0,0,1146.75,478.61,1240.25,663.28,14
3,player,137,0,0,1143.03,479.27,1236.53,663.95,14
3,player,138,0,0,1139.31,479.94,1232.81,664.62,14
3,player,139,0,0,1135.59,480.61,1229.09,665.29,14
3,player,140,0,0,1131.86,481.28,1225.37,665.95,14
3,player,141,0,0,1128.14,481.95,1221.65,666.62,14
3,player,142,0,0,1124.42,482.61,1217.93,667.29,14
3,player,143,0,0,1120.70,483.28,1214.21,667.96,14
3,player,144,0,0,1116.98,483.95,1210.49,668.63,14
3,player,145,0,0,1113.26,484.62,1206.76,669.29,14
3,player,146,0,0,1109.54,485.29,1203.04,669.96,14
3,player,147,0,0,1105.82,485.95,1199.32,670.63,14
3,player,148,0,0,1102.09,486.62,1195.60,671.30,14
3,player,149,0,0,1098.37,487.29,1191.88,671.96,14
3,player,150,0,0,1094.65,487.96,1188.16,672.63,14
3,player,151,0,0,1090.93,488.63,1184.44,673.30,14
3,player,152,0,0,1087.21,489.29,1180.72,673.97,14
3,player,153,0,0,1083.49,489.96,1176.99,674.64,14
3,player,154,0,0,1079.77,490.63,1173.27,675.30,14
3,player,155,0,0,1076.05,491.30,1169.55,675.97,14
3,player,156,0,0,1072.33,491.97,1165.83,676.64,14
3,player,157,0,0,1068.60,492.63,1162.11,677.31,14
3,player,158,0,0,1064.88,493.30,1158.39,677.98,14
3,player,159,0,0,1061.16,493.97,1154.67,678.64,14
3,player,160,0,0,1057.44,494.64,1150.95,679.31,14
3,player,161,0,0,1053.72,495.30,1147.23,679.98,14
3,player,162,0,0,1050.00,495.97,1143.50,680.65,14
3,player,163,0,0,1043.42,497.16,1136.73,681.17,14
3,player,164,0,0,1036.85,498.35,1129.95,681.68,14
3,player,165,0,0,1030.28,499.53,1123.18,682.20,14
3,player,166,0,0,1023.70,500.72,1116.40,682.72,14
3,player,167,0,0,1017.13,501.91,1109.63,683.24,14
3,player,168,0,0,1010.55,503.10,1102.85,683.76,14
3,player,169,0,0,1003.98,504.28,1096.08,684.27,14
3,player,170,0,0,997.41,505.47,1089.30,684.79,14
3,player,171,0,0,990.83,506.66,1082.53,685.31,14
3,player,172,0,0,992.30,507.15,1083.79,685.13,14
3,player,173,0,0,993.77,507.63,1085.06,684.95,14
3,player,174,0,0,995.24,508.12,1086.32,684.77,14
3,player,175,0,0,996.70,508.61,1087.59,684.59,14
3,player,176,0,0,998.17,509.10,1088.86,684.40,14
3,player,177,0,0,999.64,509.59,1090.12,684.22,14
3,player,178,0,0,1001.11,510.07,1091.39,684.04,14
3,player,179,0,0,1002.58,510.56,1092.66,683.86,14
3,player,180,0,0,1004.04,511.05,1093.92,683.68,14
3,player,181,0,0,1005.51,511.54,1095.19,683.50,14
3,player,182,0,0,1006.98,512.03,1096.46,683.32,14
3,player,183,0,0,1008.45,512.52,1097.72,683.14,14
3,player,184,0,0,1009.92,513.00,1098.99,682.95,14
3,player,185,0,0,1011.38,513.49,1100.26,682.77,14
3,player,186,0,0,1012.85,513.98,1101.52,682.59,14
3,player,187,0,0,1014.32,514.47,1102.79,682.41,14
3,player,188,0,0,1015.79,514.96,1104.05,682.23,14
3,player,189,0,0,1017.26,515.44,1105.32,682.05,14
3,player,190,0,0,1018.72,515.93,1106.59,681.87,14
3,player,191,0,0,1020.19,516.42,1107.85,681.69,14
3,player,192,0,0,1021.66,516.91,1109.12,681.51,14
3,player,193,0,0,1023.13,517.40,1110.39,681.32,14
3,player,194,0,0,1024.60,517.88,1111.65,681.14,14
3,player,195,0,0,1026.06,518.37,1112.92,680.96,14
3,player,196,0,0,1027.53,518.86,1114.19,680.78,14
3,player,197,0,0,1029.00,519.35,1115.45,680.60,14
3,player,198,0,0,1043.18,518.52,1129.63,679.77,14
3,player,199,0,0,1057.35,517.69,1143.81,678.94,14
3,player,200,0,0,1071.53,516.86,1157.98,678.11,14
3,player,201,0,0,1085.71,516.03,1172.16,677.28,14
3,player,202,0,0,1099.88,515.20,1186.34,676.45,14
3,player,203,0,0,1114.06,514.37,1200.51,675.62,14
3,player,204,0,0,1128.24,513.54,1214.69,674.79,14
3,player,205,0,0,1142.41,512.71,1228.87,673.96,14
3,player,206,0,0,1156.59,511.88,1243.04,673.13,14
3,player,207,0,0,1170.77,511.05,1257.22,672.31,14
3,player,208,0,0,1184.94,510.22,1271.40,671.48,14
3,player,209,0,0,1199.12,509.39,1285.57,670.65,14
3,player,210,0,0,1213.30,508.57,1299.75,669.82,14
3,player,211,0,0,1227.48,507.74,1313.93,668.99,14
3,player,212,0,0,1241.65,506.91,1328.10,668.16,14
3,player,213,0,0,1255.83,506.08,1342.28,667.33,14
3,player,214,0,0,1270.01,505.25,1356.46,666.50,14
3,player,215,0,0,1284.18,504.42,1370.63,665.67,14
3,player,216,0,0,1298.36,503.59,1384.81,664.84,14
3,player,217,0,0,1312.54,502.76,1398.99,664.01,14
3,player,218,0,0,1326.71,501.93,1413.16,663.18,14
3,player,219,0,0,1340.89,501.10,1427.34,662.35,14
3,player,220,0,0,1355.07,500.27,1441.52,661.52,14
3,player,221,0,0,1369.24,499.44,1455.70,660.69,14
3,player,222,0,0,1383.42,498.61,1469.87,659.86,14
3,player,223,0,0,1397.60,497.78,1484.05,659.03,14
3,player,224,0,0,1411.77,496.95,1498.23,658.20,14
3,player,225,0,0,1425.95,496.12,1512.40,657.37,14
3,player,226,0,0,1440.13,495.29,1526.58,656.55,14
3,player,227,0,0,1454.30,494.46,1540.76,655.72,14
3,player,228,0,0,1468.48,493.63,1554.93,654.89,14
3,player,229,0,0,1473.99,491.46,1560.44,652.72,14
3,player,230,0,0,1479.50,489.29,1565.95,650.54,14
3,player,231,0,0,1485.01,487.12,1571.46,648.37,14
3,player,232,0,0,1490.52,484.95,1576.97,646.20,14
3,player,233,0,0,1496.03,482.78,1582.48,644.03,14
3,player,234,0,0,1501.54,480.61,1587.99,641.86,14
3,player,235,0,0,1507.05,478.44,1593.50,639.69,14
3,player,236,0,0,1512.56,476.27,1599.01,637.52,14
3,player,237,0,0,1518.07,474.10,1604.52,635.35,14
3,player,238,0,0,1523.58,471.93,1610.03,633.18,14
3,player,239,0,0,1529.09,469.76,1615.54,631.01,14
3,player,240,0,0,1534.60,467.59,1621.05,628.84,14
3,player,241,0,0,1540.11,465.42,1626.57,626.67,14
3,player,242,0,0,1545.62,463.25,1632.08,624.50,14
3,player,243,0,0,1540.26,462.08,1626.71,623.33,14
3,player,244,0,0,1534.90,460.91,1621.35,622.16,14
3,player,245,0,0,1529.53,459.74,1615.99,620.99,14
3,player,246,0,0,1524.17,458.57,1610.62,619.82,14
3,player,247,0,0,1518.81,457.40,1605.26,618.65,14
3,player,248,0,0,1513.45,456.23,1599.90,617.48,14
3,player,249,0,0,1508.08,455.06,1594.54,616.31,14
3,player,250,0,0,1502.72,453.89,1589.17,615.15,14
3,player,251,0,0,1497.36,452.73,1583.81,613.98,14
3,player,252,0,0,1491.99,451.56,1578.45,612.81,14
3,player,253,0,0,1486.63,450.39,1573.08,611.64,14
3,player,254,0,0,1481.27,449.22,1567.72,610.47,14
3,player,255,0,0,1475.91,448.05,1562.36,609.30,14
3,player,256,0,0,1470.54,446.88,1556.99,608.13,14
3,player,257,0,0,1465.18,445.71,1551.63,606.96,14
3,player,258,0,0,1459.82,444.54,1546.27,605.80,14
3,player,259,0,0,1454.45,443.38,1540.91,604.63,14
3,player,260,0,0,1449.09,442.21,1535.54,603.46,14
3,player,261,0,0,1443.73,441.04,1530.18,602.29,14
3,player,262,0,0,1438.37,439.87,1524.82,601.12,14
3,player,263,0,0,1433.00,438.70,1519.45,599.95,14
3,player,264,0,0,1427.64,437.53,1514.09,598.78,14
3,player,265,0,0,1422.28,436.36,1508.73,597.61,14
3,player,266,0,0,1416.91,435.19,1503.37,596.44,14
3,player,267,0,0,1411.55,434.02,1498.00,595.28,14
3,player,268,0,0,1406.19,432.86,1492.64,594.11,14
3,player,269,0,0,1400.83,431.69,1487.28,592.94,14
3,player,270,0,0,1395.46,430.52,1481.91,591.77,14
3,player,271,0,0,1390.10,429.35,1476.55,590.60,14
3,player,272,0,0,1384.74,428.18,1471.19,589.43,14
3,player,273,0,0,1379.37,427.01,1465.83,588.26,14
3,player,274,0,0,1374.01,425.84,1460.46,587.09,14
3,player,275,0,0,1368.65,424.67,1455.10,585.93,14
3,player,276,0,0,1363.29,423.50,1449.74,584.76,14
3,player,277,0,0,1353.00,424.44,1439.45,585.69,14
3,player,278,0,0,1342.71,425.37,1429.17,586.63,14
3,player,279,0,0,1332.43,426.31,1418.88,587.56,14
3,player,280,0,0,1322.14,427.24,1408.59,588.50,14
3,player,281,0,0,1311.86,428.18,1398.31,589.43,14
3,player,282,0,0,1311.86,427.32,1398.31,588.57,14
3,player,283,0,0,1311.86,426.46,1398.31,587.71,14
3,player,284,0,0,1311.86,425.60,1398.31,586.85,14
3,player,285,0,0,1311.86,424.73,1398.31,585.99,14
3,player,286,0,0,1311.86,423.87,1398.31,585.12,14
3,player,287,0,0,1311.86,423.01,1398.31,584.26,14
3,player,288,0,0,1311.86,422.15,1398.31,583.40,14
3,player,289,0,0,1311.86,421.29,1398.31,582.54,14
3,player,290,0,0,1311.86,420.43,1398.31,581.68,14
3,player,291,0,0,1311.86,419.57,1398.31,580.82,14
3,player,292,0,0,1311.86,418.71,1398.31,579.96,14
3,player,293,0,0,1311.86,417.84,1398.31,579.10,14
3,player,294,0,0,1311.86,416.98,1398.31,578.24,14
3,player,295,0,0,1311.86,416.12,1398.31,577.37,14
3,player,296,0,0,1311.86,415.26,1398.31,576.51,14
3,player,297,0,0,1311.86,414.40,1398.31,575.65,14
3,player,298,0,0,1311.86,413.54,1398.31,574.79,14
3,player,299,0,0,1311.86,412.68,1398.31,573.93,14
3,player,300,0,0,1311.86,411.82,1398.31,573.07,14
3,player,301,0,0,1311.86,409.27,1398.31,570.52,14
3,player,302,0,0,1311.86,406.72,1398.31,567.97,14
3,player,303,0,0,1311.86,404.17,1398.31,565.42,14
3,player,304,0,0,1311.86,401.62,1398.31,562.87,14
3,player,305,0,0,1311.86,399.07,1398.31,560.32,14
3,player,306,0,0,1311.86,396.52,1398.31,557.77,14
3,player,307,0,0,1311.86,393.97,1398.31,555.22,14
3,player,308,0,0,1311.86,391.42,1398.31,552.67,14
3,player,309,0,0,1311.86,388.86,1398.31,550.12,14
3,player,310,0,0,1311.86,386.31,1398.31,547.57,14
3,player,311,0,0,1311.86,383.76,1398.31,545.02,14
3,player,312,0,0,1308.01,383.61,1394.46,544.87,14
3,player,313,0,0,1304.16,383.46,1390.62,544.71,14
3,player,314,0,0,1300.32,383.31,1386.77,544.56,14
3,player,315,0,0,1296.47,383.16,1382.93,544.41,14
3,player,316,0,0,1292.63,383.01,1379.08,544.26,14
3,player,317,0,0,1288.78,382.86,1375.23,544.11,14
3,player,318,0,0,1284.94,382.71,1371.39,543.96,14
3,player,319,0,0,1281.09,382.56,1367.54,543.81,14
3,player,320,0,0,1277.24,382.41,1363.70,543.66,14
3,player,321,0,0,1273.40,382.26,1359.85,543.51,14
3,player,322,0,0,1269.55,382.11,1356.00,543.36,14
3,player,323,0,0,1265.71,381.96,1352.16,543.21,14
3,player,324,0,0,1261.86,381.80,1348.31,543.06,14
3,player,325,0,0,1258.01,381.65,1344.47,542.90,14
3,player,326,0,0,1254.17,381.50,1340.62,542.75,14
3,player,327,0,0,1250.32,381.35,1336.78,542.60,14
3,player,328,0,0,1246.48,381.20,1332.93,542.45,14
3,player,329,0,0,1242.63,381.05,1329.08,542.30,14
3,player,330,0,0,1238.79,380.90,1325.24,542.15,14
3,player,331,0,0,1234.94,380.75,1321.39,542.00,14
3,player,332,0,0,1231.09,380.60,1317.55,541.85,14
3,player,333,0,0,1227.25,380.45,1313.70,541.70,14
3,player,334,0,0,1223.40,380.30,1309.85,541.55,14
3,player,335,0,0,1219.56,380.15,1306.01,541.40,14
3,player,336,0,0,1215.71,379.99,1302.16,541.25,14
3,player,337,0,0,1211.86,379.84,1298.32,541.10,14
3,player,338,0,0,1208.02,379.69,1294.47,540.94,14
3,player,339,0,0,1204.17,379.54,1290.63,540.79,14
3,player,340,0,0,1200.33,379.39,1286.78,540.64,14
3,player,341,0,0,1196.48,379.24,1282.93,540.49,14
3,player,342,0,0,1192.64,379.09,1279.09,540.34,14
3,player,343,0,0,1190.12,378.14,1276.58,539.39,14
3,player,344,0,0,1187.61,377.19,1274.07,538.44,14
3,player,345,0,0,1185.10,376.23,1271.56,537.48,14
3,player,346,0,0,1182.59,375.28,1269.04,536.53,14
3,player,347,0,0,1180.08,374.33,1266.53,535.58,14
3,player,348,0,0,1177.57,373.38,1264.02,534.63,14
3,player,349,0,0,1175.06,372.42,1261.51,533.67,14
3,player,350,0,0,1172.55,371.47,1259.00,532.72,14
3,player,351,0,0,1170.04,370.52,1256.49,531.77,14
3,player,352,0,0,1167.53,369.57,1253.98,530.82,14
3,player,353,0,0,1165.02,368.61,1251.47,529.87,14
3,player,354,0,0,1162.51,367.66,1248.96,528.91,14
3,player,355,0,0,1159.99,366.71,1246.45,527.96,14
3,player,356,0,0,1157.48,365.76,1243.94,527.01,14
3,player,357,0,0,1154.97,364.80,1241.43,526.06,14
3,player,358,0,0,1152.46,363.85,1238.91,525.10,14
3,player,359,0,0,1149.95,362.90,1236.40,524.15,14
3,player,360,0,0,1147.44,361.95,1233.89,523.20,14
3,player,361,0,0,1144.93,360.99,1231.38,522.25,14
3,player,362,0,0,1142.42,360.04,1228.87,521.29,14
3,player,363,0,0,1139.91,359.09,1226.36,520.34,14
3,player,364,0,0,1137.40,358.14,1223.85,519.39,14
3,player,365,0,0,1134.89,357.19,1221.34,518.44,14
3,player,366,0,0,1132.38,356.23,1218.83,517.48,14
3,player,367,0,0,1129.86,355.28,1216.32,516.53,14
3,player,368,0,0,1127.35,354.33,1213.81,515.58,14
3,player,369,0,0,1124.84,353.38,1211.29,514.63,14
3,player,370,0,0,1118.94,352.21,1205.14,512.69,14
3,player,371,0,0,1113.03,351.03,1198.98,510.76,14
3,player,372,0,0,1107.13,349.86,1192.82,508.83,14
3,player,373,0,0,1101.22,348.69,1186.66,506.89,14
3,player,374,0,0,1095.32,347.52,1180.50,504.96,14
3,player,375,0,0,1089.41,346.35,1174.34,503.02,14
3,player,376,0,0,1083.51,345.18,1168.18,501.09,14
3,player,377,0,0,1077.60,344.01,1162.02,499.16,14
3,player,378,0,0,1071.70,342.84,1155.86,497.22,14
3,player,379,0,0,1065.79,341.67,1149.70,495.29,14
3,player,380,0,0,1059.89,340.50,1143.54,493.35,14
3,player,381,0,0,1053.98,339.33,1137.38,491.42,14
3,player,382,0,0,1048.08,338.15,1131.22,489.49,14
3,player,383,0,0,1042.17,336.98,1125.06,487.55,14
3,player,384,0,0,1036.27,335.81,1118.90,485.62,14
3,player,385,0,0,1030.36,334.64,1112.74,483.68,14
3,player,386,0,0,1024.45,333.47,1106.59,481.75,14
3,player,387,0,0,1018.55,332.30,1100.43,479.82,14
3,player,388,0,0,1012.64,331.13,1094.27,477.88,14
3,player,389,0,0,1006.74,329.96,1088.11,475.95,14
3,player,390,0,0,1000.83,328.79,1081.95,474.01,14
3,player,391,0,0,994.93,327.62,1075.79,472.08,14
3,player,392,0,0,989.02,326.45,1069.63,470.15,14
3,player,393,0,0,983.12,325.28,1063.47,468.21,14
3,player,394,0,0,977.21,324.10,1057.31,466.28,14
3,player,395,0,0,971.31,322.93,1051.15,464.34,14
3,player,396,0,0,965.40,321.76,1044.99,462.41,14
3,player,397,0,0,959.50,320.59,1038.83,460.48,14
3,player,398,0,0,953.59,319.42,1032.67,458.54,14
3,player,399,0,0,947.69,318.25,1026.51,456.61,14
3,player,400,0,0,941.78,317.08,1020.35,454.67,14
3,player,401,0,0,935.88,315.91,1014.19,452.74,14
3,player,402,0,0,929.97,314.74,1008.03,450.81,14
3,player,403,0,0,924.07,313.57,1001.88,448.87,14
3,player,404,0,0,918.16,312.40,995.72,446.94,14
3,player,405,0,0,912.26,311.23,989.56,445.00,14
3,player,406,0,0,906.35,310.05,983.40,443.07,14
3,player,407,0,0,900.45,308.88,977.24,441.14,14
3,player,408,0,0,894.54,307.71,971.08,439.20,14
3,player,409,0,0,888.64,306.54,964.92,437.27,14
3,player,410,0,0,882.73,305.37,958.76,435.33,14
3,player,411,0,0,876.83,304.20,952.60,433.40,14
3,player,412,0,0,870.65,303.96,946.42,433.16,14
3,player,413,0,0,864.47,303.72,940.25,432.92,14
3,player,414,0,0,858.30,303.49,934.07,432.69,14
3,player,415,0,0,852.12,303.25,927.89,432.45,14
3,player,416,0,0,845.94,303.01,921.72,432.21,14
3,player,417,0,0,839.77,302.77,915.54,431.97,14
3,player,418,0,0,833.59,302.54,909.36,431.74,14
3,player,419,0,0,827.41,302.30,903.19,431.50,14
3,player,420,0,0,821.24,302.06,897.01,431.26,14
3,player,421,0,0,813.93,300.99,889.71,430.19,14
3,player,422,0,0,806.63,299.92,882.40,429.12,14
3,player,423,0,0,799.32,298.85,875.09,428.05,14
3,player,424,0,0,792.01,297.79,867.79,426.99,14
3,player,425,0,0,784.71,296.72,860.48,425.92,14
3,player,426,0,0,777.40,295.65,853.18,424.85,14
3,player,427,0,0,770.10,294.58,845.87,423.78,14
3,player,428,0,0,762.79,293.51,838.57,422.71,14
3,player,429,0,0,755.49,292.44,831.26,421.64,14
3,player,430,0,0,748.18,291.37,823.96,420.57,14
3,player,431,0,0,740.88,290.30,816.65,419.50,14
3,player,432,0,0,733.57,289.23,809.35,418.43,14
3,player,433,0,0,727.16,286.67,802.93,415.87,14
3,player,434,0,0,720.75,284.10,796.52,413.30,14
3,player,435,0,0,714.33,281.54,790.11,410.74,14
3,player,436,0,0,707.92,278.97,783.69,408.17,14
3,player,437,0,0,701.50,276.40,777.28,405.60,14
3,player,438,0,0,688.84,276.32,764.62,405.52,14
3,player,439,0,0,676.18,276.24,751.96,405.44,14
3,player,440,0,0,663.52,276.15,739.30,405.35,14
3,player,441,0,0,650.86,276.07,726.63,405.27,14
3,player,442,0,0,638.20,275.99,713.97,405.18,14
3,player,443,0,0,625.54,275.90,701.31,405.10,14
3,player,444,0,0,612.88,275.82,688.65,405.02,14
3,player,445,0,0,600.22,275.73,675.99,404.93,14
3,player,446,0,0,587.56,275.65,663.33,404.85,14
3,player,447,0,0,574.89,275.57,650.67,404.77,14
3,player,448,0,0,562.23,275.48,638.01,404.68,14
3,player,449,0,0,549.57,275.40,625.35,404.60,14
3,player,450,0,0,536.91,275.31,612.69,404.51,14
3,player,451,0,0,524.25,275.23,600.03,404.43,14
3,player,452,0,0,511.59,275.15,587.37,404.35,14
3,player,453,0,0,498.93,275.06,574.70,404.26,14
3,player,454,0,0,486.27,274.98,562.04,404.18,14
3,player,455,0,0,473.61,274.89,549.38,404.09,14
3,player,456,0,0,460.95,274.81,536.72,404.01,14
3,player,457,0,0,448.29,274.73,524.06,403.93,14
3,player,458,0,0,435.63,274.64,511.40,403.84,14
3,player,459,0,0,422.97,274.56,498.74,403.76,14
3,player,460,0,0,410.30,274.48,486.08,403.68,14
3,player,461,0,0,397.64,274.39,473.42,403.59,14
3,player,462,0,0,384.98,274.31,460.76,403.51,14
3,player,463,0,0,372.32,274.22,448.10,403.42,14
3,player,464,0,0,359.66,274.14,435.44,403.34,14
3,player,465,0,0,347.00,274.06,422.78,403.26,14
3,player,466,0,0,334.34,273.97,410.11,403.17,14
3,player,467,0,0,321.68,273.89,397.45,403.09,14
3,player,468,0,0,309.02,273.80,384.79,403.00,14
3,player,469,0,0,296.36,273.72,372.13,402.92,14
3,player,470,0,0,283.70,273.64,359.47,402.84,14
3,player,471,0,0,271.04,273.55,346.81,402.75,14
3,player,472,0,0,258.37,273.47,334.15,402.67,14
3,player,473,0,0,245.71,273.39,321.49,402.59,14
3,player,474,0,0,233.05,273.30,308.83,402.50,14
3,player,475,0,0,220.39,273.22,296.17,402.42,14
3,player,476,0,0,207.73,273.13,283.51,402.33,14
3,player,477,0,0,195.07,273.05,270.85,402.25,14
3,player,478,0,0,182.41,272.97,258.18,402.17,14
3,player,479,0,0,169.75,272.88,245.52,402.08,14
3,player,480,0,0,157.09,272.80,232.86,402.00,14
3,player,481,0,0,144.43,272.71,220.20,401.91,14
3,player,482,0,0,131.77,272.63,207.54,401.83,14
3,player,483,0,0,119.11,272.55,194.88,401.75,14
3,player,484,0,0,106.44,272.46,182.22,401.66,14
3,player,485,0,0,93.78,272.38,169.56,401.58,14
3,player,486,0,0,81.12,272.30,156.90,401.50,14
3,player,487,0,0,68.46,272.21,144.24,401.41,14
3,player,488,0,0,55.80,272.13,131.58,401.33,14
3,player,489,0,0,62.93,275.87,138.70,405.07,14
3,player,490,0,0,70.06,279.61,145.83,408.81,14
3,player,491,0,0,77.18,283.35,152.96,412.55,14
3,player,492,0,0,84.31,287.09,160.08,416.29,14
3,player,493,0,0,91.44,290.84,167.21,420.04,14
3,player,494,0,0,98.56,294.58,174.34,423.78,14
3,player,495,0,0,105.69,298.32,181.47,427.52,14
3,player,496,0,0,112.82,302.06,188.59,431.26,14
3,player,497,0,0,119.94,305.80,195.72,435.00,14
3,player,498,0,0,127.07,309.54,202.85,438.74,14
3,player,499,0,0,134.20,313.29,209.97,442.49,14
3,player,500,1,0,141.33,317.03,217.10,446.23,14
4,player,80,0,0,1699.87,694.68,1793.38,879.35,21
4,player,81,0,0,1703.21,694.68,1796.72,879.35,21
4,player,82,0,0,1706.55,694.68,1800.06,879.35,21
4,player,83,0,0,1709.89,694.68,1803.39,879.35,21
4,player,84,0,0,1713.23,694.68,1806.73,879.35,21
4,player,85,0,0,1716.57,694.67,1810.07,879.35,21
4,player,86,0,0,1719.91,694.67,1813.41,879.35,21
4,player,87,0,0,1723.25,694.67,1816.75,879.35,21
4,player,88,0,0,1725.58,693.01,1819.09,877.68,21
4,player,89,0,0,1727.92,691.34,1821.43,876.01,21
4,player,90,0,0,1730.26,689.67,1823.77,874.34,21
4,player,91,0,0,1732.60,688.00,1826.10,872.67,21
4,player,92,0,0,1734.94,686.33,1828.44,871.00,21
4,player,93,0,0,1737.27,684.66,1830.78,869.33,21
4,player,94,0,0,1739.61,682.99,1833.12,867.66,21
4,player,95,0,0,1743.93,682.99,1837.43,867.66,21
4,player,96,0,0,1748.24,682.99,1841.75,867.66,21
4,player,97,0,0,1752.56,682.99,1846.06,867.66,21
4,player,98,0,0,1756.87,682.99,1850.38,867.66,21
4,player,99,0,0,1761.19,682.99,1854.69,867.66,21
4,player,100,0,0,1765.50,682.99,1859.01,867.66,21
4,player,101,0,0,1769.82,682.99,1863.33,867.66,21
4,player,102,0,0,1774.14,682.99,1867.64,867.66,21
4,player,103,0,0,1778.45,682.99,1871.96,867.66,21
4,player,104,0,0,1782.77,682.99,1876.27,867.66,21
4,player,105,0,0,1787.08,682.99,1880.59,867.66,21
4,player,106,0,0,1791.40,682.99,1884.90,867.66,21
4,player,107,0,0,1795.71,682.99,1889.22,867.66,21
4,player,108,0,0,1807.01,683.77,1894.35,868.44,21
4,player,109,0,0,1818.31,684.54,1899.48,869.22,21
4,player,110,0,0,1829.60,685.32,1904.61,870.00,21
4,player,111,0,0,1840.90,686.10,1909.74,870.78,21
4,player,112,0,0,1852.19,686.88,1914.87,871.56,21
4,player,113,0,0,1863.49,687.66,1920.00,872.34,21
4,player,114,0,0,1851.99,687.23,1908.65,871.91,21
4,player,115,0,0,1840.49,686.80,1897.29,871.48,21
4,player,116,0,0,1829.00,686.37,1885.94,871.05,21
4,player,117,0,0,1817.50,685.94,1874.58,870.62,21
4,player,118,0,0,1806.00,685.52,1863.23,870.19,21
4,player,119,0,0,1794.50,685.09,1851.87,869.76,21
4,player,120,0,0,1783.01,684.66,1840.52,869.33,21
4,player,121,0,0,1771.51,684.23,1829.17,868.90,21
4,player,122,0,0,1760.01,683.80,1817.81,868.47,21
4,player,123,0,0,1748.52,683.37,1806.46,868.04,21
4,player,124,0,0,1737.02,682.94,1795.10,867.61,21
4,player,125,0,0,1725.52,682.51,1783.75,867.18,21
4,player,126,0,0,1714.03,682.08,1772.39,866.76,21
4,player,127,0,0,1702.53,681.65,1761.04,866.33,21
4,player,128,0,0,1691.03,681.22,1749.68,865.90,21
4,player,129,0,0,1679.53,680.79,1738.33,865.47,21
4,player,130,0,0,1668.04,680.36,1726.98,865.04,21
4,player,131,0,0,1656.54,679.93,1715.62,864.61,21
4,player,132,0,0,1645.04,679.50,1704.27,864.18,21
4,player,133,0,0,1633.55,679.07,1692.91,863.75,21
4,player,134,0,0,1622.05,678.65,1681.56,863.32,21
4,player,135,0,0,1610.55,678.22,1670.20,862.89,21
4,player,136,0,0,1599.05,677.79,1658.85,862.46,21
4,player,137,0,0,1587.56,677.36,1647.50,862.03,21
4,player,138,0,0,1576.06,676.93,1636.14,861.60,21
4,player,139,0,0,1564.56,676.50,1624.79,861.17,21
4,player,140,0,0,1553.07,676.07,1613.43,860.74,21
4,player,141,0,0,1541.57,675.64,1602.08,860.31,21
4,player,142,0,0,1530.07,675.21,1590.72,859.89,21
4,player,143,0,0,1518.57,674.78,1579.37,859.46,21
4,player,144,0,0,1507.08,674.35,1568.02,859.03,21
4,player,145,0,0,1495.58,673.92,1556.66,858.60,21
4,player,146,0,0,1484.08,673.49,1545.31,858.17,21
4,player,147,0,0,1472.59,673.06,1533.95,857.74,21
4,player,148,0,0,1461.09,672.63,1522.60,857.31,21
4,player,149,0,0,1449.59,672.20,1511.24,856.88,21
4,player,150,0,0,1438.09,671.78,1499.89,856.45,21
4,player,151,0,0,1426.60,671.35,1488.53,856.02,21
4,player,152,0,0,1415.10,670.92,1477.18,855.59,21
4,player,153,0,0,1403.60,670.49,1465.83,855.16,21
4,player,154,0,0,1392.11,670.06,1454.47,854.73,21
4,player,155,0,0,1380.61,669.63,1443.12,854.30,21
4,player,156,0,0,1369.11,669.20,1431.76,853.87,21
4,player,157,0,0,1357.62,668.77,1420.41,853.44,21
4,player,158,0,0,1346.12,668.34,1409.05,853.02,21
4,player,159,0,0,1334.62,667.91,1397.70,852.59,21
4,player,160,0,0,1323.12,667.48,1386.35,852.16,21
4,player,161,0,0,1311.63,667.05,1374.99,851.73,21
4,player,162,1,0,1300.13,666.62,1363.64,851.30,21
5,player,80,0,0,1741.95,594.16,1835.45,778.83,23
5,player,81,0,0,1743.28,592.99,1836.79,777.66,23
5,player,82,0,0,1744.62,591.82,1838.13,776.49,23
5,player,83,0,0,1745.96,590.65,1839.46,775.32,23
5,player,84,0,0,1747.29,589.48,1840.80,774.15,23
5,player,85,0,0,1748.63,588.31,1842.13,772.99,23
5,player,86,0,0,1749.96,587.14,1843.47,771.82,23
5,player,87,0,0,1751.30,585.97,1844.80,770.65,23
5,player,88,0,0,1752.63,584.80,1846.14,769.48,23
5,player,89,0,0,1753.97,583.64,1847.48,768.31,23
5,player,90,0,0,1755.31,582.47,1848.81,767.14,23
5,player,91,0,0,1756.64,581.30,1850.15,765.97,23
5,player,92,0,0,1757.98,580.13,1851.48,764.80,23
5,player,93,0,0,1759.31,578.96,1852.82,763.63,23
5,player,94,0,0,1760.65,577.79,1854.16,762.47,23
5,player,95,0,0,1764.25,575.09,1857.75,759.77,23
5,player,96,0,0,1767.84,572.40,1861.35,757.07,23
5,player,97,0,0,1771.44,569.70,1864.94,754.37,23
5,player,98,0,0,1775.03,567.00,1868.54,751.68,23
5,player,99,0,0,1778.63,564.30,1872.14,748.98,23
5,player,100,0,0,1782.23,561.61,1875.73,746.28,23
5,player,101,0,0,1785.82,558.91,1879.33,743.58,23
5,player,102,0,0,1789.42,556.21,1882.93,740.89,23
5,player,103,0,0,1793.02,553.52,1886.52,738.19,23
5,player,104,0,0,1796.61,550.82,1890.12,735.49,23
5,player,105,0,0,1800.21,548.12,1893.72,732.80,23
5,player,106,0,0,1803.81,545.42,1897.31,730.10,23
5,player,107,0,0,1807.40,542.73,1900.91,727.40,23
5,player,108,0,0,1814.81,541.17,1904.09,725.84,23
5,player,109,0,0,1822.21,539.61,1907.27,724.28,23
5,player,110,0,0,1829.61,538.05,1910.45,722.73,23
5,player,111,0,0,1837.01,536.49,1913.64,721.17,23
5,player,112,0,0,1844.42,534.93,1916.82,719.61,23
5,player,113,0,0,1851.82,533.38,1920.00,718.05,23
5,player,114,0,0,1850.67,531.99,1918.86,716.67,23
5,player,115,0,0,1849.53,530.61,1917.71,715.28,23
5,player,116,0,0,1848.38,529.23,1916.57,713.90,23
5,player,117,0,0,1847.24,527.84,1915.42,712.52,23
5,player,118,0,0,1846.09,526.46,1914.28,711.13,23
5,player,119,0,0,1844.95,525.07,1913.13,709.75,23
5,player,120,0,0,1843.80,523.69,1911.99,708.37,23
5,player,121,0,0,1842.66,522.31,1910.84,706.98,23
5,player,122,0,0,1841.51,520.92,1909.70,705.60,23
5,player,123,0,0,1840.37,519.54,1908.55,704.22,23
5,player,124,0,0,1839.22,518.16,1907.41,702.83,23
5,player,125,0,0,1838.08,516.77,1906.26,701.45,23
5,player,126,0,0,1836.93,515.39,1905.12,700.07,23
5,player,127,0,0,1835.79,514.01,1903.97,698.68,23
5,player,128,0,0,1834.64,512.62,1902.83,697.30,23
5,player,129,0,0,1833.50,511.24,1901.68,695.91,23
5,player,130,0,0,1832.35,509.86,1900.54,694.53,23
5,player,131,0,0,1831.21,508.47,1899.39,693.15,23
5,player,132,0,0,1830.06,507.09,1898.25,691.76,23
5,player,133,0,0,1828.92,505.71,1897.10,690.38,23
5,player,134,0,0,1827.77,504.32,1895.96,689.00,23
5,player,135,0,0,1826.63,502.94,1894.81,687.61,23
5,player,136,0,0,1825.48,501.56,1893.67,686.23,23
5,player,137,0,0,1824.34,500.17,1892.52,684.85,23
5,player,138,0,0,1823.19,498.79,1891.38,683.46,23
5,player,139,0,0,1822.05,497.40,1890.23,682.08,23
5,player,140,0,0,1820.90,496.02,1889.09,680.70,23
5,player,141,0,0,1819.76,494.64,1887.94,679.31,23
5,player,142,0,0,1818.61,493.25,1886.80,677.93,23
5,player,143,0,0,1817.47,491.87,1885.65,676.55,23
5,player,144,0,0,1816.32,490.49,1884.51,675.16,23
5,player,145,0,0,1815.18,489.10,1883.36,673.78,23
5,player,146,0,0,1814.03,487.72,1882.22,672.39,23
5,player,147,0,0,1812.89,486.34,1881.07,671.01,23
5,player,148,0,0,1811.74,484.95,1879.93,669.63,23
5,player,149,0,0,1810.60,483.57,1878.78,668.24,23
5,player,150,0,0,1809.45,482.19,1877.64,666.86,23
5,player,151,0,0,1808.31,480.80,1876.49,665.48,23
5,player,152,0,0,1807.16,479.42,1875.35,664.09,23
5,player,153,0,0,1806.02,478.04,1874.20,662.71,23
5,player,154,0,0,1804.87,476.65,1873.06,661.33,23
5,player,155,0,0,1803.73,475.27,1871.91,659.94,23
5,player,156,0,0,1802.58,473.89,1870.77,658.56,23
5,player,157,0,0,1801.44,472.50,1869.62,657.18,23
5,player,158,0,0,1800.29,471.12,1868.48,655.79,23
5,player,159,0,0,1799.15,469.73,1867.33,654.41,23
5,player,160,0,0,1798.00,468.35,1866.19,653.03,23
5,player,161,0,0,1796.86,466.97,1865.04,651.64,23
5,player,162,0,0,1795.71,465.58,1863.90,650.26,23
5,player,163,0,0,1790.52,463.77,1858.70,648.44,23
5,player,164,0,0,1785.33,461.95,1853.51,646.62,23
5,player,165,0,0,1780.13,460.13,1848.31,644.80,23
5,player,166,0,0,1774.94,458.31,1843.12,642.99,23
5,player,167,0,0,1769.74,456.49,1837.92,641.17,23
5,player,168,0,0,1764.55,454.67,1832.73,639.35,23
5,player,169,0,0,1759.35,452.86,1827.53,637.53,23
5,player,170,0,0,1754.16,451.04,1822.34,635.71,23
5,player,171,0,0,1748.96,449.22,1817.14,633.89,23
5,player,172,0,0,1746.98,448.32,1815.53,633.00,23
5,player,173,0,0,1745.00,447.42,1813.91,632.10,23
5,player,174,0,0,1743.03,446.52,1812.29,631.20,23
5,player,175,0,0,1741.05,445.62,1810.67,630.30,23
5,player,176,0,0,1739.07,444.72,1809.06,629.40,23
5,player,177,0,0,1737.09,443.83,1807.44,628.50,23
5,player,178,0,0,1735.11,442.93,1805.82,627.60,23
5,player,179,0,0,1733.14,442.03,1804.21,626.70,23
5,player,180,0,0,1731.16,441.13,1802.59,625.80,23
5,player,181,0,0,1729.18,440.23,1800.97,624.90,23
5,player,182,0,0,1727.20,439.33,1799.36,624.00,23
5,player,183,0,0,1725.22,438.43,1797.74,623.11,23
5,player,184,0,0,1723.25,437.53,1796.12,622.21,23
5,player,185,0,0,1721.27,436.63,1794.50,621.31,23
5,player,186,0,0,1719.29,435.73,1792.89,620.41,23
5,player,187,0,0,1717.31,434.83,1791.27,619.51,23
5,player,188,0,0,1715.33,433.94,1789.65,618.61,23
5,player,189,0,0,1713.36,433.04,1788.04,617.71,23
5,player,190,0,0,1711.38,432.14,1786.42,616.81,23
5,player,191,0,0,1709.40,431.24,1784.80,615.91,23
5,player,192,0,0,1707.42,430.34,1783.19,615.01,23
5,player,193,0,0,1705.44,429.44,1781.57,614.11,23
5,player,194,0,0,1703.47,428.54,1779.95,613.22,23
5,player,195,0,0,1701.49,427.64,1778.33,612.32,23
5,player,196,0,0,1699.51,426.74,1776.72,611.42,23
5,player,197,0,0,1697.53,425.84,1775.10,610.52,23
5,player,198,0,0,1686.15,435.12,1763.71,619.79,23
5,player,199,0,0,1674.76,444.39,1752.33,629.07,23
5,player,200,0,0,1663.37,453.67,1740.94,638.34,23
5,player,201,0,0,1651.99,462.94,1729.55,647.62,23
5,player,202,0,0,1640.60,472.22,1718.17,656.89,23
5,player,203,0,0,1629.21,481.50,1706.78,666.17,23
5,player,204,0,0,1617.83,490.77,1695.39,675.45,23
5,player,205,0,0,1606.44,500.05,1684.01,684.72,23
5,player,206,0,0,1595.05,509.32,1672.62,694.00,23
5,player,207,0,0,1583.67,518.60,1661.23,703.27,23
5,player,208,0,0,1572.28,527.87,1649.85,712.55,23
5,player,209,0,0,1560.89,537.15,1638.46,721.82,23
5,player,210,0,0,1549.51,546.42,1627.07,731.10,23
5,player,211,0,0,1538.12,555.70,1615.69,740.37,23
5,player,212,0,0,1526.73,564.97,1604.30,749.65,23
5,player,213,0,0,1515.35,574.25,1592.91,758.92,23
5,player,214,0,0,1503.96,583.52,1581.53,768.20,23
5,player,215,0,0,1492.57,592.80,1570.14,777.47,23
5,player,216,0,0,1481.19,602.07,1558.75,786.75,23
5,player,217,0,0,1469.80,611.35,1547.37,796.02,23
5,player,218,0,0,1458.41,620.62,1535.98,805.30,23
5,player,219,0,0,1447.03,629.90,1524.59,814.57,23
5,player,220,0,0,1435.64,639.17,1513.21,823.85,23
5,player,221,0,0,1424.25,648.45,1501.82,833.12,23
5,player,222,0,0,1412.87,657.72,1490.43,842.40,23
5,player,223,0,0,1401.48,667.00,1479.05,851.67,23
5,player,224,0,0,1390.09,676.28,1467.66,860.95,23
5,player,225,0,0,1378.70,685.55,1456.27,870.23,23
5,player,226,0,0,1367.32,694.83,1444.89,879.50,23
5,player,227,0,0,1355.93,704.10,1433.50,888.78,23
5,player,228,1,0,1344.54,713.38,1422.11,898.05,23
6,player,80,0,0,1239.35,472.60,1332.86,657.27,81
6,player,81,0,0,1247.37,470.26,1340.87,654.93,81
6,player,82,0,0,1255.38,467.92,1348.89,652.60,81
6,player,83,0,0,1263.39,465.58,1356.90,650.26,81
6,player,84,0,0,1271.41,463.25,1364.92,647.92,81
6,player,85,0,0,1279.42,460.91,1372.93,645.58,81
6,player,86,0,0,1287.44,458.57,1380.95,643.25,81
6,player,87,0,0,1295.45,456.23,1388.96,640.91,81
6,player,88,0,0,1301.80,456.57,1395.30,641.24,81
6,player,89,0,0,1308.14,456.90,1401.65,641.58,81
6,player,90,0,0,1314.49,457.23,1407.99,641.91,81
6,player,91,0,0,1320.83,457.57,1414.34,642.24,81
6,player,92,0,0,1327.18,457.90,1420.68,642.58,81
6,player,93,0,0,1333.52,458.24,1427.03,642.91,81
6,player,94,0,0,1339.87,458.57,1433.38,643.25,81
6,player,95,0,0,1351.56,450.39,1445.06,635.06,81
6,player,96,0,0,1363.25,442.21,1456.75,626.88,81
6,player,97,0,0,1368.98,440.93,1462.49,625.61,81
6,player,98,0,0,1374.72,439.66,1468.23,624.33,81
6,player,99,0,0,1380.46,438.38,1473.97,623.06,81
6,player,100,0,0,1386.20,437.11,1479.70,621.78,81
6,player,101,0,0,1391.94,435.83,1485.44,620.51,81
6,player,102,0,0,1397.67,434.56,1491.18,619.23,81
6,player,103,0,0,1403.41,433.28,1496.92,617.96,81
6,player,104,0,0,1409.15,432.01,1502.66,616.68,81
6,player,105,0,0,1414.89,430.73,1508.39,615.41,81
6,player,106,0,0,1420.63,429.46,1514.13,614.13,81
6,player,107,0,0,1426.36,428.18,1519.87,612.86,81
6,player,108,0,0,1442.73,421.95,1536.23,606.62,81
6,player,109,0,0,1459.09,415.71,1552.60,600.39,81
6,player,110,0,0,1475.45,409.48,1568.96,594.16,81
6,player,111,0,0,1491.82,403.25,1585.32,587.92,81
6,player,112,0,0,1508.18,397.01,1601.69,581.69,81
6,player,113,0,0,1524.55,390.78,1618.05,575.45,81
6,player,114,0,0,1522.73,390.21,1616.24,574.88,81
6,player,115,0,0,1520.92,389.63,1614.43,574.31,81
6,player,116,0,0,1519.11,389.06,1612.61,573.74,81
6,player,117,0,0,1517.29,388.49,1610.80,573.16,81
6,player,118,0,0,1515.48,387.92,1608.99,572.59,81
6,player,119,0,0,1513.67,387.34,1607.17,572.02,81
6,player,120,0,0,1511.86,386.77,1605.36,571.45,81
6,player,121,0,0,1510.04,386.20,1603.55,570.87,81
6,player,122,0,0,1508.23,385.63,1601.74,570.30,81
6,player,123,0,0,1506.42,385.05,1599.92,569.73,81
6,player,124,0,0,1504.60,384.48,1598.11,569.16,81
6,player,125,0,0,1502.79,383.91,1596.30,568.58,81
6,player,126,0,0,1500.98,383.34,1594.48,568.01,81
6,player,127,0,0,1499.17,382.76,1592.67,567.44,81
6,player,128,0,0,1497.35,382.19,1590.86,566.87,81
6,player,129,0,0,1495.54,381.62,1589.05,566.29,81
6,player,130,0,0,1493.73,381.05,1587.23,565.72,81
6,player,131,0,0,1491.91,380.47,1585.42,565.15,81
6,player,132,0,0,1490.10,379.90,1583.61,564.58,81
6,player,133,0,0,1488.29,379.33,1581.79,564.00,81
6,player,134,0,0,1486.48,378.76,1579.98,563.43,81
6,player,135,0,0,1484.66,378.18,1578.17,562.86,81
6,player,136,0,0,1482.85,377.61,1576.36,562.29,81
6,player,137,0,0,1481.04,377.04,1574.54,561.71,81
6,player,138,0,0,1479.22,376.47,1572.73,561.14,81
6,player,139,0,0,1477.41,375.89,1570.92,560.57,81
6,player,140,0,0,1475.60,375.32,1569.10,560.00,81
6,player,141,0,0,1473.79,374.75,1567.29,559.42,81
6,player,142,0,0,1471.97,374.18,1565.48,558.85,81
6,player,143,0,0,1470.16,373.60,1563.67,558.28,81
6,player,144,0,0,1468.35,373.03,1561.85,557.71,81
6,player,145,0,0,1466.53,372.46,1560.04,557.13,81
6,player,146,0,0,1464.72,371.89,1558.23,556.56,81
6,player,147,0,0,1462.91,371.31,1556.41,555.99,81
6,player,148,0,0,1461.10,370.74,1554.60,555.42,81
6,player,149,0,0,1459.28,370.17,1552.79,554.84,81
6,player,150,0,0,1457.47,369.60,1550.98,554.27,81
6,player,151,0,0,1455.66,369.02,1549.16,553.70,81
6,player,152,0,0,1453.84,368.45,1547.35,553.13,81
6,player,153,0,0,1452.03,367.88,1545.54,552.55,81
6,player,154,0,0,1450.22,367.31,1543.72,551.98,81
6,player,155,0,0,1448.40,366.73,1541.91,551.41,81
6,player,156,0,0,1446.59,366.16,1540.10,550.84,81
6,player,157,0,0,1444.78,365.59,1538.29,550.26,81
6,player,158,0,0,1442.97,365.02,1536.47,549.69,81
6,player,159,0,0,1441.15,364.44,1534.66,549.12,81
6,player,160,0,0,1439.34,363.87,1532.85,548.55,81
6,player,161,0,0,1437.53,363.30,1531.03,547.97,81
6,player,162,0,0,1435.71,362.73,1529.22,547.40,81
6,player,163,0,0,1430.52,362.47,1524.03,547.14,81
6,player,164,0,0,1425.33,362.21,1518.83,546.88,81
6,player,165,0,0,1420.13,361.95,1513.64,546.62,81
6,player,166,0,0,1414.94,361.69,1508.44,546.36,81
6,player,167,0,0,1409.74,361.43,1503.25,546.10,81
6,player,168,0,0,1404.55,361.17,1498.05,545.84,81
6,player,169,0,0,1399.35,360.91,1492.86,545.58,81
6,player,170,0,0,1394.16,360.65,1487.66,545.32,81
6,player,171,0,0,1388.96,360.39,1482.47,545.06,81
6,player,172,0,0,1385.09,360.39,1478.60,545.06,81
6,player,173,0,0,1381.23,360.39,1474.73,545.06,81
6,player,174,0,0,1377.36,360.39,1470.87,545.06,81
6,player,175,0,0,1373.50,360.39,1467.00,545.06,81
6,player,176,0,0,1369.63,360.39,1463.14,545.06,81
6,player,177,0,0,1365.76,360.39,1459.27,545.06,81
6,player,178,0,0,1361.90,360.39,1455.40,545.06,81
6,player,179,0,0,1358.03,360.39,1451.54,545.06,81
6,player,180,0,0,1354.17,360.39,1447.67,545.06,81
6,player,181,0,0,1350.30,360.39,1443.81,545.06,81
6,player,182,0,0,1346.43,360.39,1439.94,545.06,81
6,player,183,0,0,1342.57,360.39,1436.07,545.06,81
6,player,184,0,0,1338.70,360.39,1432.21,545.06,81
6,player,185,0,0,1334.84,360.39,1428.34,545.06,81
6,player,186,0,0,1330.97,360.39,1424.47,545.06,81
6,player,187,0,0,1327.10,360.39,1420.61,545.06,81
6,player,188,0,0,1323.24,360.39,1416.74,545.06,81
6,player,189,0,0,1319.37,360.39,1412.88,545.06,81
6,player,190,0,0,1315.50,360.39,1409.01,545.06,81
6,player,191,0,0,1311.64,360.39,1405.14,545.06,81
6,player,192,0,0,1307.77,360.39,1401.28,545.06,81
6,player,193,0,0,1303.91,360.39,1397.41,545.06,81
6,player,194,0,0,1300.04,360.39,1393.55,545.06,81
6,player,195,0,0,1296.17,360.39,1389.68,545.06,81
6,player,196,0,0,1292.31,360.39,1385.81,545.06,81
6,player,197,0,0,1288.44,360.39,1381.95,545.06,81
6,player,198,0,0,1303.15,361.07,1396.65,545.74,81
6,player,199,0,0,1317.85,361.75,1411.36,546.42,81
6,player,200,0,0,1332.56,362.43,1426.06,547.10,81
6,player,201,0,0,1347.26,363.10,1440.77,547.78,81
6,player,202,0,0,1361.96,363.78,1455.47,548.46,81
6,player,203,0,0,1376.67,364.46,1470.18,549.14,81
6,player,204,0,0,1391.37,365.14,1484.88,549.82,81
6,player,205,0,0,1406.08,365.82,1499.58,550.49,81
6,player,206,0,0,1420.78,366.50,1514.29,551.17,81
6,player,207,0,0,1435.49,367.18,1528.99,551.85,81
6,player,208,0,0,1450.19,367.86,1543.70,552.53,81
6,player,209,0,0,1464.90,368.53,1558.40,553.21,81
6,player,210,0,0,1479.60,369.21,1573.11,553.89,81
6,player,211,0,0,1494.31,369.89,1587.81,554.57,81
6,player,212,0,0,1509.01,370.57,1602.52,555.24,81
6,player,213,0,0,1523.72,371.25,1617.22,555.92,81
6,player,214,0,0,1538.42,371.93,1631.93,556.60,81
6,player,215,0,0,1553.12,372.61,1646.63,557.28,81
6,player,216,0,0,1567.83,373.28,1661.34,557.96,81
6,player,217,0,0,1582.53,373.96,1676.04,558.64,81
6,player,218,0,0,1597.24,374.64,1690.74,559.32,81
6,player,219,0,0,1611.94,375.32,1705.45,560.00,81
6,player,220,0,0,1626.65,376.00,1720.15,560.67,81
6,player,221,0,0,1641.35,376.68,1734.86,561.35,81
6,player,222,0,0,1656.06,377.36,1749.56,562.03,81
6,player,223,0,0,1670.76,378.04,1764.27,562.71,81
6,player,224,0,0,1685.47,378.71,1778.97,563.39,81
6,player,225,0,0,1700.17,379.39,1793.68,564.07,81
6,player,226,0,0,1714.88,380.07,1808.38,564.75,81
6,player,227,0,0,1729.58,380.75,1823.09,565.42,81
6,player,228,0,0,1744.29,381.43,1837.79,566.10,81
6,player,229,0,0,1732.26,405.31,1825.77,589.98,81
6,player,230,0,0,1720.24,429.18,1813.75,613.86,81
6,player,231,0,0,1708.22,453.06,1801.72,637.74,81
6,player,232,0,0,1696.20,476.94,1789.70,661.61,81
6,player,233,0,0,1684.17,500.82,1777.68,685.49,81
6,player,234,0,0,1672.15,524.69,1765.66,709.37,81
6,player,235,0,0,1660.13,548.57,1753.64,733.25,81
6,player,236,0,0,1648.11,572.45,1741.61,757.12,81
6,player,237,0,0,1636.08,596.33,1729.59,781.00,81
6,player,238,0,0,1624.06,620.20,1717.57,804.88,81
6,player,239,0,0,1612.04,644.08,1705.55,828.76,81
6,player,240,0,0,1600.02,667.96,1693.52,852.63,81
6,player,241,0,0,1588.00,691.84,1681.50,876.51,81
6,player,242,1,0,1575.97,715.71,1669.48,900.39,81
7,player,80,0,0,1220.65,409.48,1314.16,594.16,33
7,player,81,0,0,1223.65,408.81,1317.16,593.49,33
7,player,82,0,0,1226.66,408.15,1320.17,592.82,33
7,player,83,0,0,1229.67,407.48,1323.17,592.15,33
7,player,84,0,0,1232.67,406.81,1326.18,591.48,33
7,player,85,0,0,1235.68,406.14,1329.18,590.82,33
7,player,86,0,0,1238.68,405.47,1332.19,590.15,33
7,player,87,0,0,1241.69,404.81,1335.19,589.48,33
7,player,88,0,0,1247.70,403.47,1341.20,588.14,33
7,player,89,0,0,1253.71,402.13,1347.22,586.81,33
7,player,90,0,0,1259.72,400.80,1353.23,585.47,33
7,player,91,0,0,1265.73,399.46,1359.24,584.14,33
7,player,92,0,0,1271.74,398.13,1365.25,582.80,33
7,player,93,0,0,1277.75,396.79,1371.26,581.47,33
7,player,94,0,0,1283.76,395.46,1377.27,580.13,33
7,player,95,0,0,1289.52,395.46,1383.02,580.13,33
7,player,96,0,0,1295.27,395.46,1388.78,580.13,33
7,player,97,0,0,1301.03,395.46,1394.53,580.13,33
7,player,98,0,0,1306.78,395.46,1400.29,580.13,33
7,player,99,0,0,1312.54,395.46,1406.04,580.13,33
7,player,100,0,0,1318.29,395.46,1411.80,580.13,33
7,player,101,0,0,1324.04,395.46,1417.55,580.13,33
7,player,102,0,0,1329.80,395.46,1423.30,580.13,33
7,player,103,0,0,1335.55,395.46,1429.06,580.13,33
7,player,104,0,0,1341.31,395.46,1434.81,580.13,33
7,player,105,0,0,1347.06,395.46,1440.57,580.13,33
7,player,106,0,0,1352.82,395.46,1446.32,580.13,33
7,player,107,0,0,1358.57,395.46,1452.08,580.13,33
7,player,108,0,0,1375.71,393.90,1469.22,578.57,33
7,player,109,0,0,1392.86,392.34,1486.36,577.01,33
7,player,110,0,0,1410.00,390.78,1503.50,575.45,33
7,player,111,0,0,1427.14,389.22,1520.65,573.90,33
7,player,112,0,0,1444.28,387.66,1537.79,572.34,33
7,player,113,0,0,1461.43,386.10,1554.93,570.78,33
7,player,114,0,0,1463.57,385.87,1557.08,570.54,33
7,player,115,0,0,1465.72,385.63,1559.23,570.30,33
7,player,116,0,0,1467.87,385.39,1561.37,570.06,33
7,player,117,0,0,1470.01,385.15,1563.52,569.83,33
7,player,118,0,0,1472.16,384.91,1565.67,569.59,33
7,player,119,0,0,1474.31,384.67,1567.81,569.35,33
7,player,120,0,0,1476.45,384.43,1569.96,569.11,33
7,player,121,0,0,1478.60,384.20,1572.11,568.87,33
7,player,122,0,0,1480.75,383.96,1574.25,568.63,33
7,player,123,0,0,1482.90,383.72,1576.40,568.39,33
7,player,124,0,0,1485.04,383.48,1578.55,568.16,33
7,player,125,0,0,1487.19,383.24,1580.69,567.92,33
7,player,126,0,0,1489.34,383.00,1582.84,567.68,33
7,player,127,0,0,1491.48,382.76,1584.99,567.44,33
7,player,128,0,0,1493.63,382.53,1587.14,567.20,33
7,player,129,0,0,1495.78,382.29,1589.28,566.96,33
7,player,130,0,0,1497.92,382.05,1591.43,566.72,33
7,player,131,0,0,1500.07,381.81,1593.58,566.49,33
7,player,132,0,0,1502.22,381.57,1595.72,566.25,33
7,player,133,0,0,1504.36,381.33,1597.87,566.01,33
7,player,134,0,0,1506.51,381.10,1600.02,565.77,33
7,player,135,0,0,1508.66,380.86,1602.16,565.53,33
7,player,136,0,0,1510.80,380.62,1604.31,565.29,33
7,player,137,0,0,1512.95,380.38,1606.46,565.05,33
7,player,138,0,0,1515.10,380.14,1608.60,564.82,33
7,player,139,0,0,1517.24,379.90,1610.75,564.58,33
7,player,140,0,0,1519.39,379.66,1612.90,564.34,33
7,player,141,0,0,1521.54,379.43,1615.04,564.10,33
7,player,142,0,0,1523.69,379.19,1617.19,563.86,33
7,player,143,0,0,1525.83,378.95,1619.34,563.62,33
7,player,144,0,0,1527.98,378.71,1621.48,563.38,33
7,player,145,0,0,1530.13,378.47,1623.63,563.15,33
7,player,146,0,0,1532.27,378.23,1625.78,562.91,33
7,player,147,0,0,1534.42,377.99,1627.93,562.67,33
7,player,148,0,0,1536.57,377.76,1630.07,562.43,33
7,player,149,0,0,1538.71,377.52,1632.22,562.19,33
7,player,150,0,0,1540.86,377.28,1634.37,561.95,33
7,player,151,0,0,1543.01,377.04,1636.51,561.71,33
7,player,152,0,0,1545.15,376.80,1638.66,561.48,33
7,player,153,0,0,1547.30,376.56,1640.81,561.24,33
7,player,154,0,0,1549.45,376.32,1642.95,561.00,33
7,player,155,0,0,1551.59,376.09,1645.10,560.76,33
7,player,156,0,0,1553.74,375.85,1647.25,560.52,33
7,player,157,0,0,1555.89,375.61,1649.39,560.28,33
7,player,158,0,0,1558.03,375.37,1651.54,560.04,33
7,player,159,0,0,1560.18,375.13,1653.69,559.81,33
7,player,160,0,0,1562.33,374.89,1655.83,559.57,33
7,player,161,0,0,1564.48,374.65,1657.98,559.33,33
7,player,162,0,0,1566.62,374.42,1660.13,559.09,33
7,player,163,0,0,1560.39,375.45,1653.89,560.13,33
7,player,164,0,0,1554.15,376.49,1647.66,561.17,33
7,player,165,0,0,1547.92,377.53,1641.43,562.21,33
7,player,166,0,0,1541.69,378.57,1635.19,563.25,33
7,player,167,0,0,1535.45,379.61,1628.96,564.29,33
7,player,168,0,0,1529.22,380.65,1622.73,565.32,33
7,player,169,0,0,1522.99,381.69,1616.49,566.36,33
7,player,170,0,0,1516.75,382.73,1610.26,567.40,33
7,player,171,0,0,1510.52,383.77,1604.02,568.44,33
7,player,172,0,0,1506.20,383.68,1599.71,568.35,33
7,player,173,0,0,1501.89,383.59,1595.39,568.26,33
7,player,174,0,0,1497.57,383.50,1591.08,568.17,33
7,player,175,0,0,1493.26,383.41,1586.76,568.08,33
7,player,176,0,0,1488.94,383.32,1582.45,567.99,33
7,player,177,0,0,1484.62,383.23,1578.13,567.90,33
7,player,178,0,0,1480.31,383.14,1573.81,567.81,33
7,player,179,0,0,1475.99,383.05,1569.50,567.72,33
7,player,180,0,0,1471.68,382.96,1565.18,567.63,33
7,player,181,0,0,1467.36,382.87,1560.87,567.54,33
7,player,182,0,0,1463.05,382.78,1556.55,567.45,33
7,player,183,0,0,1458.73,382.69,1552.24,567.36,33
7,player,184,0,0,1454.42,382.60,1547.92,567.27,33
7,player,185,0,0,1450.10,382.51,1543.61,567.18,33
7,player,186,0,0,1445.78,382.42,1539.29,567.09,33
7,player,187,0,0,1441.47,382.33,1534.97,567.00,33
7,player,188,0,0,1437.15,382.24,1530.66,566.91,33
7,player,189,0,0,1432.84,382.15,1526.34,566.82,33
7,player,190,0,0,1428.52,382.06,1522.03,566.73,33
7,player,191,0,0,1424.21,381.97,1517.71,566.64,33
7,player,192,0,0,1419.89,381.88,1513.40,566.55,33
7,player,193,0,0,1415.57,381.79,1509.08,566.46,33
7,player,194,0,0,1411.26,381.70,1504.76,566.37,33
7,player,195,0,0,1406.94,381.61,1500.45,566.28,33
7,player,196,0,0,1402.63,381.52,1496.13,566.19,33
7,player,197,0,0,1398.31,381.43,1491.82,566.10,33
7,player,198,0,0,1411.06,382.03,1504.56,566.71,33
7,player,199,0,0,1423.80,382.64,1517.31,567.31,33
7,player,200,0,0,1436.54,383.24,1530.05,567.91,33
7,player,201,0,0,1449.29,383.84,1542.79,568.52,33
7,player,202,0,0,1462.03,384.45,1555.54,569.12,33
7,player,203,0,0,1474.78,385.05,1568.28,569.72,33
7,player,204,0,0,1487.52,385.65,1581.03,570.33,33
7,player,205,0,0,1500.26,386.25,1593.77,570.93,33
7,player,206,0,0,1513.01,386.86,1606.51,571.53,33
7,player,207,0,0,1525.75,387.46,1619.26,572.14,33
7,player,208,0,0,1538.50,388.06,1632.00,572.74,33
7,player,209,0,0,1551.24,388.67,1644.75,573.34,33
7,player,210,0,0,1563.98,389.27,1657.49,573.95,33
7,player,211,0,0,1576.73,389.87,1670.23,574.55,33
7,player,212,0,0,1589.47,390.48,1682.98,575.15,33
7,player,213,0,0,1602.22,391.08,1695.72,575.76,33
7,player,214,0,0,1614.96,391.68,1708.47,576.36,33
7,player,215,0,0,1627.70,392.29,1721.21,576.96,33
7,player,216,0,0,1640.45,392.89,1733.95,577.57,33
7,player,217,0,0,1653.19,393.49,1746.70,578.17,33
7,player,218,0,0,1665.94,394.10,1759.44,578.77,33
7,player,219,0,0,1678.68,394.70,1772.19,579.38,33
7,player,220,0,0,1691.42,395.30,1784.93,579.98,33
7,player,221,0,0,1704.17,395.91,1797.67,580.58,33
7,player,222,0,0,1716.91,396.51,1810.42,581.19,33
7,player,223,0,0,1729.66,397.11,1823.16,581.79,33
7,player,224,0,0,1742.40,397.72,1835.91,582.39,33
7,player,225,0,0,1755.14,398.32,1848.65,582.99,33
7,player,226,0,0,1767.89,398.92,1861.39,583.60,33
7,player,227,0,0,1780.63,399.53,1874.14,584.20,33
7,player,228,0,0,1793.38,400.13,1886.88,584.80,33
7,player,229,0,0,1796.72,398.46,1889.25,583.13,33
7,player,230,0,0,1800.06,396.79,1891.61,581.47,33
7,player,231,0,0,1803.39,395.12,1893.98,579.80,33
7,player,232,0,0,1806.73,393.45,1896.34,578.13,33
7,player,233,0,0,1810.07,391.78,1898.71,576.46,33
7,player,234,0,0,1813.41,390.11,1901.08,574.79,33
7,player,235,0,0,1816.75,388.44,1903.44,573.12,33
7,player,236,0,0,1820.09,386.77,1905.81,571.45,33
7,player,237,0,0,1823.43,385.10,1908.17,569.78,33
7,player,238,0,0,1826.77,383.43,1910.54,568.11,33
7,player,239,0,0,1830.11,381.76,1912.90,566.44,33
7,player,240,0,0,1833.45,380.09,1915.27,564.77,33
7,player,241,0,0,1836.79,378.42,1917.63,563.10,33
7,player,242,0,0,1840.13,376.75,1920.00,561.43,33
7,player,243,0,0,1842.47,374.42,1920.00,559.09,33
7,player,244,0,0,1844.81,372.08,1920.00,556.75,33
7,player,245,0,0,1841.96,372.08,1917.15,556.75,33
7,player,246,0,0,1839.11,372.08,1914.30,556.75,33
7,player,247,0,0,1836.26,372.08,1911.45,556.75,33
7,player,248,0,0,1833.41,372.08,1908.60,556.75,33
7,player,249,0,0,1830.56,372.08,1905.76,556.75,33
7,player,250,0,0,1827.71,372.08,1902.91,556.75,33
7,player,251,0,0,1824.86,372.08,1900.06,556.75,33
7,player,252,0,0,1822.01,372.08,1897.21,556.75,33
7,player,253,0,0,1819.16,372.08,1894.36,556.75,33
7,player,254,0,0,1816.32,372.08,1891.51,556.75,33
7,player,255,0,0,1813.47,372.08,1888.66,556.75,33
7,player,256,0,0,1810.62,372.08,1885.81,556.75,33
7,player,257,0,0,1807.77,372.08,1882.96,556.75,33
7,player,258,0,0,1804.92,372.08,1880.11,556.75,33
7,player,259,0,0,1802.07,372.08,1877.27,556.75,33
7,player,260,0,0,1799.22,372.08,1874.42,556.75,33
7,player,261,0,0,1796.37,372.08,1871.57,556.75,33
7,player,262,0,0,1793.52,372.08,1868.72,556.75,33
7,player,263,0,0,1790.67,372.08,1865.87,556.75,33
7,player,264,0,0,1787.83,372.08,1863.02,556.75,33
7,player,265,0,0,1784.98,372.08,1860.17,556.75,33
7,player,266,0,0,1782.13,372.08,1857.32,556.75,33
7,player,267,0,0,1779.28,372.08,1854.47,556.75,33
7,player,268,0,0,1776.43,372.08,1851.62,556.75,33
7,player,269,0,0,1773.58,372.08,1848.78,556.75,33
7,player,270,0,0,1770.73,372.08,1845.93,556.75,33
7,player,271,0,0,1767.88,372.08,1843.08,556.75,33
7,player,272,0,0,1765.03,372.08,1840.23,556.75,33
7,player,273,0,0,1762.18,372.08,1837.38,556.75,33
7,player,274,0,0,1759.34,372.08,1834.53,556.75,33
7,player,275,0,0,1756.49,372.08,1831.68,556.75,33
7,player,276,0,0,1753.64,372.08,1828.83,556.75,33
7,player,277,0,0,1747.56,373.48,1822.75,551.14,33
7,player,278,0,0,1741.48,374.89,1816.66,545.53,33
7,player,279,0,0,1735.40,376.29,1810.58,539.92,33
7,player,280,0,0,1729.33,377.70,1804.50,534.31,33
7,player,281,0,0,1723.25,379.10,1798.41,528.70,33
7,player,282,0,0,1726.08,378.36,1801.24,527.96,33
7,player,283,0,0,1728.91,377.62,1804.07,527.22,33
7,player,284,0,0,1731.74,376.89,1806.90,526.49,33
7,player,285,0,0,1734.57,376.15,1809.73,525.75,33
7,player,286,0,0,1737.40,375.41,1812.56,525.01,33
7,player,287,0,0,1740.23,374.67,1815.39,524.27,33
7,player,288,0,0,1743.06,373.93,1818.22,523.53,33
7,player,289,0,0,1745.89,373.19,1821.05,522.79,33
7,player,290,0,0,1748.72,372.46,1823.88,522.06,33
7,player,291,0,0,1751.55,371.72,1826.71,521.32,33
7,player,292,0,0,1754.38,370.98,1829.54,520.58,33
7,player,293,0,0,1757.21,370.24,1832.37,519.84,33
7,player,294,0,0,1760.04,369.50,1835.20,519.10,33
7,player,295,0,0,1762.87,368.77,1838.03,518.36,33
7,player,296,0,0,1765.70,368.03,1840.86,517.63,33
7,player,297,0,0,1768.53,367.29,1843.69,516.89,33
7,player,298,0,0,1771.36,366.55,1846.52,516.15,33
7,player,299,0,0,1774.18,365.81,1849.35,515.41,33
7,player,300,0,0,1777.01,365.07,1852.18,514.67,33
7,player,301,0,0,1776.18,366.30,1851.34,515.90,33
7,player,302,0,0,1775.34,367.52,1850.51,517.12,33
7,player,303,0,0,1774.51,368.75,1849.67,518.35,33
7,player,304,0,0,1773.68,369.97,1848.84,519.57,33
7,player,305,0,0,1772.84,371.20,1848.00,520.80,33
7,player,306,0,0,1772.01,372.42,1847.17,522.02,33
7,player,307,0,0,1771.17,373.65,1846.33,523.24,33
7,player,308,0,0,1770.34,374.87,1845.50,524.47,33
7,player,309,0,0,1769.50,376.09,1844.66,525.69,33
7,player,310,0,0,1768.67,377.32,1843.83,526.92,33
7,player,311,0,0,1767.83,378.54,1842.99,528.14,33
7,player,312,0,0,1767.00,379.77,1842.16,529.37,33
7,player,313,0,0,1766.16,380.99,1841.32,530.59,33
7,player,314,0,0,1765.33,382.22,1840.49,531.82,33
7,player,315,0,0,1764.49,383.44,1839.65,533.04,33
7,player,316,0,0,1763.66,384.67,1838.82,534.27,33
7,player,317,0,0,1762.82,385.89,1837.98,535.49,33
7,player,318,0,0,1761.99,387.12,1837.15,536.71,33
7,player,319,0,0,1761.15,388.34,1836.32,537.94,33
7,player,320,0,0,1760.32,389.56,1835.48,539.16,33
7,player,321,0,0,1759.48,390.79,1834.65,540.39,33
7,player,322,0,0,1758.65,392.01,1833.81,541.61,33
7,player,323,0,0,1757.81,393.24,1832.98,542.84,33
7,player,324,0,0,1756.98,394.46,1832.14,544.06,33
7,player,325,0,0,1756.14,395.69,1831.31,545.29,33
7,player,326,0,0,1755.31,396.91,1830.47,546.51,33
7,player,327,0,0,1754.47,398.14,1829.64,547.73,33
7,player,328,0,0,1753.64,399.36,1828.80,548.96,33
7,player,329,0,0,1752.80,400.58,1827.97,550.18,33
7,player,330,0,0,1751.97,401.81,1827.13,551.41,33
7,player,331,0,0,1751.13,403.03,1826.30,552.63,33
7,player,332,0,0,1750.30,404.26,1825.46,553.86,33
7,player,333,0,0,1749.46,405.48,1824.63,555.08,33
7,player,334,0,0,1748.63,406.71,1823.79,556.31,33
7,player,335,0,0,1747.79,407.93,1822.96,557.53,33
7,player,336,0,0,1746.96,409.16,1822.12,558.76,33
7,player,337,0,0,1746.12,410.38,1821.29,559.98,33
7,player,338,0,0,1745.29,411.60,1820.45,561.20,33
7,player,339,0,0,1744.45,412.83,1819.62,562.43,33
7,player,340,0,0,1743.62,414.05,1818.78,563.65,33
7,player,341,0,0,1742.78,415.28,1817.95,564.88,33
7,player,342,0,0,1741.95,416.50,1817.11,566.10,33
7,player,343,0,0,1740.04,417.37,1815.21,566.97,33
7,player,344,0,0,1738.14,418.23,1813.30,567.83,33
7,player,345,0,0,1736.24,419.10,1811.40,568.70,33
7,player,346,0,0,1734.33,419.97,1809.49,569.57,33
7,player,347,0,0,1732.43,420.83,1807.59,570.43,33
7,player,348,0,0,1730.52,421.70,1805.68,571.30,33
7,player,349,0,0,1728.62,422.56,1803.78,572.16,33
7,player,350,0,0,1726.71,423.43,1801.87,573.03,33
7,player,351,0,0,1724.81,424.30,1799.97,573.89,33
7,player,352,0,0,1722.90,425.16,1798.07,574.76,33
7,player,353,0,0,1721.00,426.03,1796.16,575.63,33
7,player,354,0,0,1719.09,426.89,1794.26,576.49,33
7,player,355,0,0,1717.19,427.76,1792.35,577.36,33
7,player,356,0,0,1715.28,428.62,1790.45,578.22,33
7,player,357,0,0,1713.38,429.49,1788.54,579.09,33
7,player,358,0,0,1711.47,430.36,1786.64,579.96,33
7,player,359,0,0,1709.57,431.22,1784.73,580.82,33
7,player,360,0,0,1707.66,432.09,1782.83,581.69,33
7,player,361,0,0,1705.76,432.95,1780.92,582.55,33
7,player,362,0,0,1703.85,433.82,1779.02,583.42,33
7,player,363,0,0,1701.95,434.69,1777.11,584.28,33
7,player,364,0,0,1700.05,435.55,1775.21,585.15,33
7,player,365,0,0,1698.14,436.42,1773.30,586.02,33
7,player,366,0,0,1696.24,437.28,1771.40,586.88,33
7,player,367,0,0,1694.33,438.15,1769.49,587.75,33
7,player,368,0,0,1692.43,439.01,1767.59,588.61,33
7,player,369,0,0,1690.52,439.88,1765.68,589.48,33
7,player,370,0,0,1685.23,440.13,1760.39,589.73,33
7,player,371,0,0,1679.93,440.39,1755.10,589.99,33
7,player,372,0,0,1674.64,440.64,1749.80,590.24,33
7,player,373,0,0,1669.34,440.90,1744.51,590.50,33
7,player,374,0,0,1664.05,441.15,1739.21,590.75,33
7,player,375,0,0,1658.76,441.41,1733.92,591.01,33
7,player,376,0,0,1653.46,441.66,1728.62,591.26,33
7,player,377,0,0,1648.17,441.92,1723.33,591.52,33
7,player,378,0,0,1642.87,442.17,1718.04,591.77,33
7,player,379,0,0,1637.58,442.43,1712.74,592.02,33
7,player,380,0,0,1632.28,442.68,1707.45,592.28,33
7,player,381,0,0,1626.99,442.93,1702.15,592.53,33
7,player,382,0,0,1621.70,443.19,1696.86,592.79,33
7,player,383,0,0,1616.40,443.44,1691.56,593.04,33
7,player,384,0,0,1611.11,443.70,1686.27,593.30,33
7,player,385,0,0,1605.81,443.95,1680.98,593.55,33
7,player,386,0,0,1600.52,444.21,1675.68,593.81,33
7,player,387,0,0,1595.22,444.46,1670.39,594.06,33
7,player,388,0,0,1589.93,444.72,1665.09,594.32,33
7,player,389,0,0,1584.64,444.97,1659.80,594.57,33
7,player,390,0,0,1579.34,445.23,1654.50,594.82,33
7,player,391,0,0,1574.05,445.48,1649.21,595.08,33
7,player,392,0,0,1568.75,445.73,1643.92,595.33,33
7,player,393,0,0,1563.46,445.99,1638.62,595.59,33
7,player,394,0,0,1558.16,446.24,1633.33,595.84,33
7,player,395,0,0,1552.87,446.50,1628.03,596.10,33
7,player,396,0,0,1547.58,446.75,1622.74,596.35,33
7,player,397,0,0,1542.28,447.01,1617.44,596.61,33
7,player,398,0,0,1536.99,447.26,1612.15,596.86,33
7,player,399,0,0,1531.69,447.52,1606.86,597.12,33
7,player,400,0,0,1526.40,447.77,1601.56,597.37,33
7,player,401,0,0,1521.10,448.02,1596.27,597.62,33
7,player,402,0,0,1515.81,448.28,1590.97,597.88,33
7,player,403,0,0,1510.52,448.53,1585.68,598.13,33
7,player,404,0,0,1505.22,448.79,1580.38,598.39,33
7,player,405,0,0,1499.93,449.04,1575.09,598.64,33
7,player,406,0,0,1494.63,449.30,1569.80,598.90,33
7,player,407,0,0,1489.34,449.55,1564.50,599.15,33
7,player,408,0,0,1484.04,449.81,1559.21,599.41,33
7,player,409,0,0,1478.75,450.06,1553.91,599.66,33
7,player,410,0,0,1473.46,450.32,1548.62,599.91,33
7,player,411,0,0,1468.16,450.57,1543.32,600.17,33
7,player,412,0,0,1462.22,448.91,1537.39,598.51,33
7,player,413,0,0,1456.28,447.24,1531.45,596.84,33
7,player,414,0,0,1450.34,445.58,1525.51,595.18,33
7,player,415,0,0,1444.40,443.92,1519.57,593.52,33
7,player,416,0,0,1438.47,442.26,1513.63,591.85,33
7,player,417,0,0,1432.53,440.59,1507.69,590.19,33
7,player,418,0,0,1426.59,438.93,1501.75,588.53,33
7,player,419,0,0,1420.65,437.27,1495.81,586.87,33
7,player,420,0,0,1414.71,435.60,1489.87,585.20,33
7,player,421,0,0,1409.36,434.36,1484.53,583.96,33
7,player,422,0,0,1404.02,433.11,1479.18,582.71,33
7,player,423,0,0,1398.67,431.86,1473.84,581.46,33
7,player,424,0,0,1393.33,430.61,1468.49,580.21,33
7,player,425,0,0,1387.98,429.37,1463.15,578.97,33
7,player,426,0,0,1382.64,428.12,1457.80,577.72,33
7,player,427,0,0,1377.29,426.87,1452.46,576.47,33
7,player,428,0,0,1371.95,425.63,1447.11,575.23,33
7,player,429,0,0,1366.60,424.38,1441.77,573.98,33
7,player,430,0,0,1361.26,423.13,1436.42,572.73,33
7,player,431,0,0,1355.91,421.88,1431.08,571.48,33
7,player,432,0,0,1350.57,420.64,1425.73,570.24,33
7,player,433,0,0,1345.01,419.78,1419.32,565.97,33
7,player,434,0,0,1339.45,418.93,1412.92,561.70,33
7,player,435,0,0,1333.89,418.07,1406.51,557.43,33
7,player,436,0,0,1328.33,417.22,1400.11,553.17,33
7,player,437,0,0,1322.77,416.36,1393.70,548.90,33
7,player,438,0,0,1311.49,416.45,1382.42,548.98,33
7,player,439,0,0,1300.22,416.53,1371.15,549.07,33
7,player,440,0,0,1288.94,416.61,1359.87,549.15,33
7,player,441,0,0,1277.66,416.70,1348.59,549.24,33
7,player,442,0,0,1266.38,416.78,1337.31,549.32,33
7,player,443,0,0,1255.11,416.86,1326.04,549.40,33
7,player,444,0,0,1243.83,416.95,1314.76,549.49,33
7,player,445,0,0,1232.55,417.03,1303.48,549.57,33
7,player,446,0,0,1221.28,417.12,1292.20,549.65,33
7,player,447,0,0,1210.00,417.20,1280.93,549.74,33
7,player,448,0,0,1198.72,417.28,1269.65,549.82,33
7,player,449,0,0,1187.44,417.37,1258.37,549.91,33
7,player,450,0,0,1176.17,417.45,1247.09,549.99,33
7,player,451,0,0,1164.89,417.54,1235.82,550.07,33
7,player,452,0,0,1153.61,417.62,1224.54,550.16,33
7,player,453,0,0,1142.33,417.70,1213.26,550.24,33
7,player,454,0,0,1131.06,417.79,1201.98,550.33,33
7,player,455,0,0,1119.78,417.87,1190.71,550.41,33
7,player,456,0,0,1108.50,417.95,1179.43,550.49,33
7,player,457,0,0,1097.22,418.04,1168.15,550.58,33
7,player,458,0,0,1085.95,418.12,1156.88,550.66,33
7,player,459,0,0,1074.67,418.21,1145.60,550.74,33
7,player,460,0,0,1063.39,418.29,1134.32,550.83,33
7,player,461,0,0,1052.11,418.37,1123.04,550.91,33
7,player,462,0,0,1040.84,418.46,1111.77,551.00,33
7,player,463,0,0,1029.56,418.54,1100.49,551.08,33
7,player,464,0,0,1018.28,418.63,1089.21,551.16,33
7,player,465,0,0,1007.01,418.71,1077.93,551.25,33
7,player,466,0,0,995.73,418.79,1066.66,551.33,33
7,player,467,0,0,984.45,418.88,1055.38,551.42,33
7,player,468,0,0,973.17,418.96,1044.10,551.50,33
7,player,469,0,0,961.90,419.04,1032.82,551.58,33
7,player,470,0,0,950.62,419.13,1021.55,551.67,33
7,player,471,0,0,939.34,419.21,1010.27,551.75,33
7,player,472,0,0,928.06,419.30,998.99,551.83,33
7,player,473,0,0,916.79,419.38,987.71,551.92,33
7,player,474,0,0,905.51,419.46,976.44,552.00,33
7,player,475,0,0,894.23,419.55,965.16,552.09,33
7,player,476,0,0,882.95,419.63,953.88,552.17,33
7,player,477,0,0,871.68,419.72,942.61,552.25,33
7,player,478,0,0,860.40,419.80,931.33,552.34,33
7,player,479,0,0,849.12,419.88,920.05,552.42,33
7,player,480,0,0,837.84,419.97,908.77,552.51,33
7,player,481,0,0,826.57,420.05,897.50,552.59,33
7,player,482,0,0,815.29,420.13,886.22,552.67,33
7,player,483,0,0,804.01,420.22,874.94,552.76,33
7,player,484,0,0,792.74,420.30,863.66,552.84,33
7,player,485,0,0,781.46,420.39,852.39,552.92,33
7,player,486,0,0,770.18,420.47,841.11,553.01,33
7,player,487,0,0,758.90,420.55,829.83,553.09,33
7,player,488,0,0,747.63,420.64,818.55,553.18,33
7,player,489,0,0,734.26,421.88,805.19,554.42,33
7,player,490,0,0,720.90,423.13,791.83,555.67,33
7,player,491,0,0,707.54,424.38,778.47,556.92,33
7,player,492,0,0,694.17,425.63,765.10,558.17,33
7,player,493,0,0,680.81,426.87,751.74,559.41,33
7,player,494,0,0,667.45,428.12,738.38,560.66,33
7,player,495,0,0,654.08,429.37,725.01,561.91,33
7,player,496,0,0,640.72,430.62,711.65,563.15,33
7,player,497,0,0,627.36,431.86,698.29,564.40,33
7,player,498,0,0,614.00,433.11,684.92,565.65,33
7,player,499,0,0,600.63,434.36,671.56,566.90,33
7,player,500,0,0,587.27,435.60,658.20,568.14,33
7,player,501,0,0,588.27,436.03,659.15,568.57,33
7,player,502,0,0,589.26,436.46,660.10,569.00,33
7,player,503,0,0,590.26,436.89,661.05,569.43,33
7,player,504,0,0,591.26,437.31,662.00,569.85,33
7,player,505,0,0,592.26,437.74,662.95,570.28,33
7,player,506,0,0,593.26,438.17,663.90,570.71,33
7,player,507,0,0,594.25,438.60,664.85,571.14,33
7,player,508,0,0,595.25,439.03,665.80,571.56,33
7,player,509,0,0,596.25,439.45,666.75,571.99,33
7,player,510,0,0,597.25,439.88,667.70,572.42,33
7,player,511,0,0,598.24,440.31,668.65,572.85,33
7,player,512,0,0,599.24,440.74,669.60,573.27,33
7,player,513,0,0,600.24,441.16,670.55,573.70,33
7,player,514,0,0,601.24,441.59,671.50,574.13,33
7,player,515,0,0,602.23,442.02,672.45,574.56,33
7,player,516,0,0,603.23,442.45,673.40,574.99,33
7,player,517,0,0,604.23,442.87,674.35,575.41,33
7,player,518,0,0,605.23,443.30,675.30,575.84,33
7,player,519,0,0,606.22,443.73,676.25,576.27,33
7,player,520,0,0,607.22,444.16,677.20,576.70,33
7,player,521,0,0,608.22,444.58,678.15,577.12,33
7,player,522,0,0,609.22,445.01,679.10,577.55,33
7,player,523,0,0,610.21,445.44,680.05,577.98,33
7,player,524,0,0,611.21,445.87,681.00,578.41,33
7,player,525,0,0,612.21,446.30,681.95,578.83,33
7,player,526,0,0,613.21,446.72,682.90,579.26,33
7,player,527,0,0,614.20,447.15,683.85,579.69,33
7,player,528,0,0,615.20,447.58,684.80,580.12,33
7,player,529,0,0,616.20,448.01,685.76,580.54,33
7,player,530,0,0,617.20,448.43,686.71,580.97,33
7,player,531,0,0,618.19,448.86,687.66,581.40,33
7,player,532,0,0,619.19,449.29,688.61,581.83,33
7,player,533,0,0,620.19,449.72,689.56,582.25,33
7,player,534,0,0,621.19,450.14,690.51,582.68,33
7,player,535,0,0,622.19,450.57,691.46,583.11,33
7,player,536,0,0,623.18,451.00,692.41,583.54,33
7,player,537,0,0,624.18,451.43,693.36,583.97,33
7,player,538,0,0,625.18,451.85,694.31,584.39,33
7,player,539,0,0,626.18,452.28,695.26,584.82,33
7,player,540,0,0,627.17,452.71,696.21,585.25,33
7,player,541,0,0,628.17,453.14,697.16,585.68,33
7,player,542,0,0,629.17,453.56,698.11,586.10,33
7,player,543,0,0,630.17,453.99,699.06,586.53,33
7,player,544,0,0,631.16,454.42,700.01,586.96,33
7,player,545,0,0,632.16,454.85,700.96,587.39,33
7,player,546,0,0,637.05,455.15,705.85,587.69,33
7,player,547,0,0,641.94,455.46,710.73,588.00,33
7,player,548,0,0,646.82,455.76,715.62,588.30,33
7,player,549,0,0,651.71,456.07,720.51,588.61,33
7,player,550,0,0,656.60,456.37,725.39,588.91,33
7,player,551,0,0,661.48,456.68,730.28,589.22,33
7,player,552,0,0,666.37,456.99,735.17,589.52,33
7,player,553,0,0,668.80,455.92,737.60,588.45,33
7,player,554,0,0,671.23,454.85,740.03,587.39,33
7,player,555,0,0,673.66,453.78,742.46,586.32,33
7,player,556,0,0,676.09,452.71,744.89,585.25,33
7,player,557,0,0,678.52,451.64,747.32,584.18,33
7,player,558,0,0,680.95,450.57,749.75,583.11,33
7,player,559,0,0,683.38,449.50,752.18,582.04,33
7,player,560,0,0,685.81,448.43,754.61,580.97,33
7,player,561,0,0,688.24,447.36,757.04,579.90,33
7,player,562,0,0,690.67,446.29,759.47,578.83,33
7,player,563,0,0,693.10,445.23,761.90,577.76,33
7,player,564,0,0,695.53,444.16,764.32,576.70,33
7,player,565,0,0,697.96,443.09,766.75,575.63,33
7,player,566,0,0,700.39,442.02,769.18,574.56,33
7,player,567,0,0,702.82,440.95,771.61,573.49,33
7,player,568,0,0,705.25,439.88,774.04,572.42,33
7,player,569,0,0,707.68,438.81,776.47,571.35,33
7,player,570,0,0,710.10,437.74,778.90,570.28,33
7,player,571,0,0,712.53,436.67,781.33,569.21,33
7,player,572,0,0,714.96,435.60,783.76,568.14,33
7,player,573,0,0,717.39,434.53,786.19,567.07,33
7,player,574,0,0,719.82,433.47,788.62,566.00,33
7,player,575,0,0,721.91,432.82,790.71,565.35,33
7,player,576,0,0,724.01,432.16,792.80,564.70,33
7,player,577,0,0,726.10,431.51,794.90,564.05,33
7,player,578,0,0,728.19,430.86,796.99,563.40,33
7,player,579,0,0,730.28,430.21,799.08,562.75,33
7,player,580,0,0,732.37,429.56,801.17,562.10,33
7,player,581,0,0,734.46,428.91,803.26,561.45,33
7,player,582,0,0,736.56,428.26,805.35,560.80,33
7,player,583,0,0,738.65,427.61,807.45,560.15,33
7,player,584,0,0,740.74,426.96,809.54,559.50,33
7,player,585,0,0,742.83,426.31,811.63,558.85,33
7,player,586,0,0,744.92,425.66,813.72,558.20,33
7,player,587,0,0,747.01,425.01,815.81,557.55,33
7,player,588,0,0,749.11,424.36,817.90,556.89,33
7,player,589,0,0,751.20,423.71,820.00,556.24,33
7,player,590,0,0,753.29,423.05,822.09,555.59,33
7,player,591,0,0,755.38,422.40,824.18,554.94,33
7,player,592,0,0,757.47,421.75,826.27,554.29,33
7,player,593,0,0,759.56,421.10,828.36,553.64,33
7,player,594,0,0,761.66,420.45,830.45,552.99,33
7,player,595,0,0,763.75,419.80,832.55,552.34,33
7,player,596,0,0,765.84,419.15,834.64,551.69,33
7,player,597,0,0,767.93,418.50,836.73,551.04,33
7,player,598,0,0,770.02,417.85,838.82,550.39,33
7,player,599,0,0,772.11,417.20,840.91,549.74,33
7,player,600,0,0,774.20,416.55,843.00,549.09,33
7,player,601,0,0,776.30,415.90,845.09,548.44,33
7,player,602,0,0,778.39,415.25,847.19,547.78,33
7,player,603,0,0,780.48,414.59,849.28,547.13,33
7,player,604,0,0,782.57,413.94,851.37,546.48,33
7,player,605,0,0,784.66,413.29,853.46,545.83,33
7,player,606,0,0,786.75,412.64,855.55,545.18,33
7,player,607,0,0,788.85,411.99,857.64,544.53,33
7,player,608,0,0,790.94,411.34,859.74,543.88,33
7,player,609,0,0,793.03,410.69,861.83,543.23,33
7,player,610,0,0,795.12,410.04,863.92,542.58,33
7,player,611,0,0,797.21,409.39,866.01,541.93,33
7,player,612,0,0,799.30,408.74,868.10,541.28,33
7,player,613,0,0,801.40,408.09,870.19,540.63,33
7,player,614,0,0,803.49,407.44,872.29,539.98,33
7,player,615,0,0,805.58,406.79,874.38,539.32,33
7,player,616,0,0,807.67,406.14,876.47,538.67,33
7,player,617,0,0,809.76,405.48,878.56,538.02,33
7,player,618,0,0,811.85,404.83,880.65,537.37,33
7,player,619,0,0,813.95,404.18,882.74,536.72,33
7,player,620,0,0,816.04,403.53,884.84,536.07,33
7,player,621,0,0,818.13,402.88,886.93,535.42,33
7,player,622,0,0,820.22,402.23,889.02,534.77,33
7,player,623,0,0,822.31,401.58,891.11,534.12,33
7,player,624,0,0,824.40,400.93,893.20,533.47,33
7,player,625,0,0,826.50,400.28,895.29,532.82,33
7,player,626,0,0,828.59,399.63,897.38,532.17,33
7,player,627,0,0,830.68,398.98,899.48,531.52,33
7,player,628,0,0,832.77,398.33,901.57,530.87,33
7,player,629,0,0,834.86,397.68,903.66,530.21,33
7,player,630,0,0,836.95,397.03,905.75,529.56,33
7,player,631,0,0,839.04,396.37,907.84,528.91,33
7,player,632,0,0,841.14,395.72,909.93,528.26,33
7,player,633,0,0,843.23,395.07,912.03,527.61,33
7,player,634,0,0,845.32,394.42,914.12,526.96,33
7,player,635,0,0,847.41,393.77,916.21,526.31,33
7,player,636,0,0,849.50,393.12,918.30,525.66,33
7,player,637,0,0,851.59,392.47,920.39,525.01,33
7,player,638,0,0,853.69,391.82,922.48,524.36,33
7,player,639,0,0,855.78,391.17,924.58,523.71,33
7,player,640,0,0,857.87,390.52,926.67,523.06,33
7,player,641,0,0,859.96,389.87,928.76,522.41,33
7,player,642,0,0,862.05,389.22,930.85,521.76,33
7,player,643,0,0,864.14,388.57,932.94,521.10,33
7,player,644,0,0,866.24,387.92,935.03,520.45,33
7,player,645,0,0,868.33,387.26,937.13,519.80,33
7,player,646,0,0,870.42,386.61,939.22,519.15,33
7,player,647,0,0,872.51,385.96,941.31,518.50,33
7,player,648,0,0,874.60,385.31,943.40,517.85,33
7,player,649,0,0,876.69,384.66,945.49,517.20,33
7,player,650,0,0,878.79,384.01,947.58,516.55,33
7,player,651,0,0,880.88,383.36,949.67,515.90,33
7,player,652,0,0,882.97,382.71,951.77,515.25,33
7,player,653,0,0,885.06,382.06,953.86,514.60,33
7,player,654,0,0,887.15,381.41,955.95,513.95,33
7,player,655,0,0,889.24,380.76,958.04,513.30,33
7,player,656,0,0,891.33,380.11,960.13,512.65,33
7,player,657,0,0,893.43,379.46,962.22,511.99,33
7,player,658,0,0,895.52,378.81,964.32,511.34,33
7,player,659,0,0,897.61,378.15,966.41,510.69,33
7,player,660,0,0,899.70,377.50,968.50,510.04,33
7,player,661,0,0,901.79,376.85,970.59,509.39,33
7,player,662,0,0,903.88,376.20,972.68,508.74,33
7,player,663,0,0,905.98,375.55,974.77,508.09,33
7,player,664,0,0,908.07,374.90,976.87,507.44,33
7,player,665,0,0,910.16,374.25,978.96,506.79,33
7,player,666,0,0,912.25,373.60,981.05,506.14,33
7,player,667,0,0,914.39,371.89,983.19,504.43,33
7,player,668,0,0,916.53,370.18,985.33,502.72,33
7,player,669,0,0,918.67,368.47,987.46,501.01,33
7,player,670,0,0,920.80,366.76,989.60,499.30,33
7,player,671,0,0,922.94,365.05,991.74,497.59,33
7,player,672,0,0,925.08,363.34,993.88,495.88,33
7,player,673,0,0,927.22,361.63,996.02,494.17,33
7,player,674,0,0,929.36,359.92,998.15,492.45,33
7,player,675,0,0,931.49,358.21,1000.29,490.74,33
7,player,676,0,0,933.63,356.50,1002.43,489.03,33
7,player,677,0,0,933.63,355.31,1002.43,487.85,33
7,player,678,0,0,933.63,354.12,1002.43,486.66,33
7,player,679,0,0,933.63,352.93,1002.43,485.47,33
7,player,680,0,0,933.63,351.74,1002.43,484.28,33
7,player,681,0,0,933.63,350.56,1002.43,483.09,33
7,player,682,0,0,933.63,349.37,1002.43,481.91,33
7,player,683,0,0,933.63,348.18,1002.43,480.72,33
7,player,684,0,0,933.63,346.99,1002.43,479.53,33
7,player,685,0,0,933.63,345.80,1002.43,478.34,33
7,player,686,0,0,933.63,344.62,1002.43,477.16,33
7,player,687,0,0,933.63,343.43,1002.43,475.97,33
7,player,688,0,0,933.63,342.24,1002.43,474.78,33
7,player,689,0,0,933.63,341.05,1002.43,473.59,33
7,player,690,0,0,933.63,339.87,1002.43,472.40,33
7,player,691,0,0,933.63,338.68,1002.43,471.22,33
7,player,692,0,0,933.63,337.49,1002.43,470.03,33
7,player,693,0,0,933.63,336.30,1002.43,468.84,33
7,player,694,0,0,933.63,335.11,1002.43,467.65,33
7,player,695,0,0,940.64,335.11,1009.44,467.65,33
7,player,696,0,0,947.66,335.11,1016.46,467.65,33
7,player,697,0,0,954.67,335.11,1023.47,467.65,33
7,player,698,0,0,959.11,336.66,1027.90,469.20,33
7,player,699,0,0,963.54,338.20,1032.34,470.74,33
7,player,700,0,0,966.52,337.99,1035.32,470.53,33
7,player,701,0,0,969.50,337.78,1038.30,470.32,33
7,player,702,0,0,972.48,337.58,1041.28,470.11,33
7,player,703,0,0,975.46,337.37,1044.26,469.91,33
7,player,704,0,0,978.44,337.16,1047.24,469.70,33
7,player,705,0,0,981.42,336.95,1050.22,469.49,33
7,player,706,0,0,984.40,336.74,1053.20,469.28,33
7,player,707,0,0,987.39,336.53,1056.18,469.07,33
7,player,708,0,0,990.37,336.32,1059.16,468.86,33
7,player,709,0,0,993.35,336.11,1062.14,468.65,33
7,player,710,0,0,996.33,335.90,1065.13,468.44,33
7,player,711,0,0,999.31,335.69,1068.11,468.23,33
7,player,712,0,0,1002.29,335.48,1071.09,468.02,33
7,player,713,0,0,1005.27,335.28,1074.07,467.81,33
7,player,714,0,0,1008.25,335.07,1077.05,467.61,33
7,player,715,0,0,1011.23,334.86,1080.03,467.40,33
7,player,716,0,0,1014.21,334.65,1083.01,467.19,33
7,player,717,0,0,1017.19,334.44,1085.99,466.98,33
7,player,718,0,0,1020.17,334.23,1088.97,466.77,33
7,player,719,0,0,1023.15,334.02,1091.95,466.56,33
7,player,720,0,0,1026.13,333.81,1094.93,466.35,33
7,player,721,0,0,1029.11,333.60,1097.91,466.14,33
7,player,722,0,0,1032.10,333.39,1100.89,465.93,33
7,player,723,0,0,1035.08,333.18,1103.87,465.72,33
7,player,724,0,0,1038.06,332.98,1106.85,465.51,33
7,player,725,0,0,1049.66,332.98,1118.46,465.51,33
7,player,726,0,0,1061.27,332.98,1130.07,465.51,33
7,player,727,0,0,1072.88,332.98,1141.67,465.51,33
7,player,728,0,0,1084.48,332.98,1153.28,465.51,33
7,player,729,0,0,1096.09,332.98,1164.89,465.51,33
7,player,730,0,0,1107.70,332.98,1176.50,465.51,33
7,player,731,0,0,1119.30,332.98,1188.10,465.51,33
7,player,732,0,0,1124.92,333.89,1193.72,466.43,33
7,player,733,0,0,1130.54,334.80,1199.33,467.34,33
7,player,734,0,0,1136.15,335.71,1204.95,468.25,33
7,player,735,0,0,1141.77,336.62,1210.57,469.16,33
7,player,736,0,0,1147.38,337.54,1216.18,470.08,33
7,player,737,0,0,1153.00,338.45,1221.80,470.99,33
7,player,738,0,0,1158.62,339.36,1227.41,471.90,33
7,player,739,0,0,1164.23,340.27,1233.03,472.81,33
7,player,740,0,0,1169.85,341.19,1238.65,473.72,33
7,player,741,0,0,1175.46,342.10,1244.26,474.64,33
7,player,742,0,0,1181.08,343.01,1249.88,475.55,33
7,player,743,0,0,1186.70,343.92,1255.49,476.46,33
7,player,744,0,0,1192.31,344.83,1261.11,477.37,33
7,player,745,0,0,1197.93,345.75,1266.73,478.29,33
7,player,746,0,0,1203.54,346.66,1272.34,479.20,33
7,player,747,0,0,1209.16,347.57,1277.96,480.11,33
7,player,748,0,0,1214.78,348.48,1283.57,481.02,33
7,player,749,0,0,1220.39,349.40,1289.19,481.93,33
7,player,750,0,0,1226.01,350.31,1294.81,482.85,33
7,player,751,0,0,1231.62,351.22,1300.42,483.76,33
7,player,752,0,0,1237.24,352.13,1306.04,484.67,33
7,player,753,0,0,1242.86,353.05,1311.65,485.58,33
7,player,754,0,0,1248.47,353.96,1317.27,486.50,33
7,player,755,0,0,1254.09,354.87,1322.89,487.41,33
7,player,756,0,0,1259.70,355.78,1328.50,488.32,33
7,player,757,0,0,1265.32,356.69,1334.12,489.23,33
7,player,758,0,0,1270.94,357.61,1339.73,490.15,33
7,player,759,0,0,1276.55,358.52,1345.35,491.06,33
7,player,760,0,0,1282.17,359.43,1350.97,491.97,33
7,player,761,0,0,1287.78,360.34,1356.58,492.88,33
7,player,762,0,0,1293.40,361.26,1362.20,493.79,33
7,player,763,0,0,1299.02,362.17,1367.81,494.71,33
7,player,764,0,0,1304.63,363.08,1373.43,495.62,33
7,player,765,0,0,1310.25,363.99,1379.05,496.53,33
7,player,766,0,0,1315.86,364.90,1384.66,497.44,33
7,player,767,0,0,1321.48,365.82,1390.28,498.36,33
7,player,768,0,0,1327.10,366.73,1395.89,499.27,33
7,player,769,0,0,1332.71,367.64,1401.51,500.18,33
7,player,770,0,0,1338.33,368.55,1407.13,501.09,33
7,player,771,0,0,1343.94,369.47,1412.74,502.00,33
7,player,772,0,0,1349.56,370.38,1418.36,502.92,33
7,player,773,0,0,1355.18,371.29,1423.97,503.83,33
7,player,774,0,0,1360.79,372.20,1429.59,504.74,33
7,player,775,0,0,1366.41,373.11,1435.21,505.65,33
7,player,776,0,0,1372.03,374.03,1440.82,506.57,33
7,player,777,0,0,1377.64,374.94,1446.44,507.48,33
7,player,778,0,0,1383.26,375.85,1452.06,508.39,33
7,player,779,0,0,1388.87,376.76,1457.67,509.30,33
7,player,780,0,0,1394.49,377.68,1463.29,510.21,33
7,player,781,0,0,1400.11,378.59,1468.90,511.13,33
7,player,782,0,0,1405.72,379.50,1474.52,512.04,33
7,player,783,0,0,1411.34,380.41,1480.14,512.95,33
7,player,784,0,0,1416.95,381.32,1485.75,513.86,33
7,player,785,0,0,1422.57,382.24,1491.37,514.78,33
7,player,786,0,0,1428.19,383.15,1496.98,515.69,33
7,player,787,0,0,1433.80,384.06,1502.60,516.60,33
7,player,788,0,0,1439.42,384.97,1508.22,517.51,33
7,player,789,0,0,1445.03,385.89,1513.83,518.42,33
7,player,790,0,0,1450.65,386.80,1519.45,519.34,33
7,player,791,0,0,1456.27,387.71,1525.06,520.25,33
7,player,792,0,0,1461.88,388.62,1530.68,521.16,33
7,player,793,0,0,1467.50,389.54,1536.30,522.07,33
7,player,794,0,0,1473.11,390.45,1541.91,522.99,33
7,player,795,0,0,1478.73,391.36,1547.53,523.90,33
7,player,796,0,0,1484.35,392.27,1553.14,524.81,33
7,player,797,0,0,1489.96,393.18,1558.76,525.72,33
7,player,798,0,0,1495.58,394.10,1564.38,526.64,33
7,player,799,0,0,1501.19,395.01,1569.99,527.55,33
7,player,800,0,0,1506.81,395.92,1575.61,528.46,33
7,player,801,0,0,1512.43,396.83,1581.22,529.37,33
7,player,802,0,0,1518.04,397.75,1586.84,530.28,33
7,player,803,0,0,1523.66,398.66,1592.46,531.20,33
7,player,804,0,0,1529.27,399.57,1598.07,532.11,33
7,player,805,0,0,1534.89,400.48,1603.69,533.02,33
7,player,806,1,0,1540.51,401.39,1609.30,533.93,33
7,player,819,1,0,1375.87,512.57,1444.67,645.11,33
7,player,821,1,0,1459.26,407.81,1528.06,540.35,33
7,player,828,1,0,1281.80,521.13,1350.60,653.67,33
7,player,845,0,0,1852.67,401.39,1920.00,533.93,33
7,player,846,0,0,1850.40,401.26,1917.83,533.80,33
7,player,847,0,0,1848.14,401.13,1915.65,533.67,33
7,player,848,0,0,1845.87,400.99,1913.48,533.53,33
7,player,849,0,0,1843.61,400.86,1911.31,533.40,33
7,player,850,0,0,1841.34,400.73,1909.13,533.26,33
7,player,851,0,0,1839.08,400.59,1906.96,533.13,33
7,player,852,0,0,1836.81,400.46,1904.79,533.00,33
7,player,853,0,0,1834.55,400.33,1902.61,532.86,33
7,player,854,0,0,1832.28,400.19,1900.44,532.73,33
7,player,855,0,0,1830.02,400.06,1898.27,532.60,33
7,player,856,0,0,1827.75,399.92,1896.09,532.46,33
7,player,857,0,0,1825.49,399.79,1893.92,532.33,33
7,player,858,0,0,1823.22,399.66,1891.75,532.20,33
7,player,859,0,0,1820.96,399.52,1889.57,532.06,33
7,player,860,0,0,1818.69,399.39,1887.40,531.93,33
7,player,861,0,0,1816.43,399.26,1885.23,531.80,33
7,player,862,0,0,1814.85,399.03,1883.65,531.57,33
7,player,863,0,0,1813.28,398.81,1882.08,531.35,33
7,player,864,0,0,1811.70,398.58,1880.50,531.12,33
7,player,865,0,0,1810.13,398.36,1878.93,530.90,33
7,player,866,0,0,1808.55,398.13,1877.35,530.67,33
7,player,867,0,0,1806.98,397.91,1875.78,530.45,33
7,player,868,0,0,1805.40,397.68,1874.20,530.22,33
7,player,869,0,0,1803.83,397.46,1872.62,529.99,33
7,player,870,0,0,1802.25,397.23,1871.05,529.77,33
7,player,871,0,0,1800.68,397.01,1869.47,529.54,33
7,player,872,0,0,1799.10,396.78,1867.90,529.32,33
7,player,873,0,0,1797.52,396.56,1866.32,529.09,33
7,player,874,0,0,1795.95,396.33,1864.75,528.87,33
7,player,875,0,0,1794.37,396.11,1863.17,528.64,33
7,player,876,0,0,1792.80,395.88,1861.60,528.42,33
7,player,877,0,0,1791.22,395.66,1860.02,528.19,33
7,player,878,0,0,1789.65,395.43,1858.45,527.97,33
7,player,879,0,0,1788.07,395.21,1856.87,527.74,33
7,player,880,0,0,1786.50,394.98,1855.29,527.52,33
7,player,881,0,0,1784.92,394.76,1853.72,527.29,33
7,player,882,0,0,1783.35,394.53,1852.14,527.07,33
7,player,883,0,0,1781.77,394.31,1850.57,526.84,33
7,player,884,0,0,1780.19,394.08,1848.99,526.62,33
7,player,885,0,0,1778.62,393.86,1847.42,526.39,33
7,player,886,0,0,1777.04,393.63,1845.84,526.17,33
7,player,887,0,0,1775.47,393.40,1844.27,525.94,33
7,player,888,0,0,1773.89,393.18,1842.69,525.72,33
7,player,889,0,0,1772.32,392.95,1841.12,525.49,33
7,player,890,0,0,1770.74,392.73,1839.54,525.27,33
7,player,891,0,0,1769.17,392.50,1837.96,525.04,33
7,player,892,0,0,1767.59,392.28,1836.39,524.82,33
7,player,893,0,0,1766.02,392.05,1834.81,524.59,33
7,player,894,0,0,1764.44,391.83,1833.24,524.37,33
7,player,895,0,0,1762.87,391.60,1831.66,524.14,33
7,player,896,0,0,1761.29,391.38,1830.09,523.92,33
7,player,897,0,0,1759.71,391.15,1828.51,523.69,33
7,player,898,0,0,1758.14,390.93,1826.94,523.47,33
7,player,899,0,0,1756.56,390.70,1825.36,523.24,33
8,player,80,0,0,596.49,301.95,690.00,486.62,20
8,player,81,0,0,603.51,301.28,697.01,485.95,20
8,player,82,0,0,610.52,300.61,704.03,485.29,20
8,player,83,0,0,617.53,299.94,711.04,484.62,20
8,player,84,0,0,624.55,299.28,718.05,483.95,20
8,player,85,0,0,631.56,298.61,725.06,483.28,20
8,player,86,0,0,638.57,297.94,732.08,482.62,20
8,player,87,0,0,645.58,297.27,739.09,481.95,20
8,player,88,0,0,651.93,298.28,745.44,482.95,20
8,player,89,0,0,658.28,299.28,751.78,483.95,20
8,player,90,0,0,664.62,300.28,758.13,484.95,20
8,player,91,0,0,670.97,301.28,764.47,485.96,20
8,player,92,0,0,677.31,302.28,770.82,486.96,20
8,player,93,0,0,683.66,303.28,777.16,487.96,20
8,player,94,0,0,690.00,304.29,783.51,488.96,20
8,player,95,0,0,698.27,304.29,791.78,488.96,20
8,player,96,0,0,706.54,304.29,800.05,488.96,20
8,player,97,0,0,714.82,304.29,808.32,488.96,20
8,player,98,0,0,723.09,304.29,816.59,488.96,20
8,player,99,0,0,731.36,304.29,824.87,488.96,20
8,player,100,0,0,739.63,304.29,833.14,488.96,20
8,player,101,0,0,747.90,304.29,841.41,488.96,20
8,player,102,0,0,756.17,304.29,849.68,488.96,20
8,player,103,0,0,764.45,304.29,857.95,488.96,20
8,player,104,0,0,772.72,304.29,866.22,488.96,20
8,player,105,0,0,780.99,304.29,874.50,488.96,20
8,player,106,0,0,789.26,304.29,882.77,488.96,20
8,player,107,0,0,797.53,304.29,891.04,488.96,20
8,player,108,0,0,813.90,304.29,907.40,488.96,20
8,player,109,0,0,830.26,304.29,923.77,488.96,20
8,player,110,0,0,846.62,304.29,940.13,488.96,20
8,player,111,0,0,862.99,304.29,956.49,488.96,20
8,player,112,0,0,879.35,304.29,972.86,488.96,20
8,player,113,0,0,895.72,304.29,989.22,488.96,20
8,player,114,0,0,896.62,305.48,990.13,490.15,20
8,player,115,0,0,897.53,306.67,991.03,491.35,20
8,player,116,0,0,898.44,307.86,991.94,492.54,20
8,player,117,0,0,899.34,309.06,992.85,493.73,20
8,player,118,0,0,900.25,310.25,993.75,494.92,20
8,player,119,0,0,901.15,311.44,994.66,496.12,20
8,player,120,0,0,902.06,312.63,995.57,497.31,20
8,player,121,0,0,902.97,313.83,996.47,498.50,20
8,player,122,0,0,903.87,315.02,997.38,499.70,20
8,player,123,0,0,904.78,316.21,998.29,500.89,20
8,player,124,0,0,905.69,317.41,999.19,502.08,20
8,player,125,0,0,906.59,318.60,1000.10,503.27,20
8,player,126,0,0,907.50,319.79,1001.01,504.47,20
8,player,127,0,0,908.41,320.98,1001.91,505.66,20
8,player,128,0,0,909.31,322.18,1002.82,506.85,20
8,player,129,0,0,910.22,323.37,1003.72,508.04,20
8,player,130,0,0,911.13,324.56,1004.63,509.24,20
8,player,131,0,0,912.03,325.75,1005.54,510.43,20
8,player,132,0,0,912.94,326.95,1006.44,511.62,20
8,player,133,0,0,913.84,328.14,1007.35,512.81,20
8,player,134,0,0,914.75,329.33,1008.26,514.01,20
8,player,135,0,0,915.66,330.53,1009.16,515.20,20
8,player,136,0,0,916.56,331.72,1010.07,516.39,20
8,player,137,0,0,917.47,332.91,1010.98,517.59,20
8,player,138,0,0,918.38,334.10,1011.88,518.78,20
8,player,139,0,0,919.28,335.30,1012.79,519.97,20
8,player,140,0,0,920.19,336.49,1013.70,521.16,20
8,player,141,0,0,921.10,337.68,1014.60,522.36,20
8,player,142,0,0,922.00,338.87,1015.51,523.55,20
8,player,143,0,0,922.91,340.07,1016.42,524.74,20
8,player,144,0,0,923.82,341.26,1017.32,525.93,20
8,player,145,0,0,924.72,342.45,1018.23,527.13,20
8,player,146,0,0,925.63,343.64,1019.13,528.32,20
8,player,147,0,0,926.54,344.84,1020.04,529.51,20
8,player,148,0,0,927.44,346.03,1020.95,530.70,20
8,player,149,0,0,928.35,347.22,1021.85,531.90,20
8,player,150,0,0,929.25,348.42,1022.76,533.09,20
8,player,151,0,0,930.16,349.61,1023.67,534.28,20
8,player,152,0,0,931.07,350.80,1024.57,535.48,20
8,player,153,0,0,931.97,351.99,1025.48,536.67,20
8,player,154,0,0,932.88,353.19,1026.39,537.86,20
8,player,155,0,0,933.79,354.38,1027.29,539.05,20
8,player,156,0,0,934.69,355.57,1028.20,540.25,20
8,player,157,0,0,935.60,356.76,1029.11,541.44,20
8,player,158,0,0,936.51,357.96,1030.01,542.63,20
8,player,159,0,0,937.41,359.15,1030.92,543.82,20
8,player,160,0,0,938.32,360.34,1031.82,545.02,20
8,player,161,0,0,939.23,361.53,1032.73,546.21,20
8,player,162,0,0,940.13,362.73,1033.64,547.40,20
8,player,163,0,0,937.13,363.33,1030.63,548.00,20
8,player,164,0,0,934.12,363.93,1027.63,548.60,20
8,player,165,0,0,931.12,364.53,1024.62,549.21,20
8,player,166,0,0,928.11,365.13,1021.62,549.81,20
8,player,167,0,0,925.10,365.73,1018.61,550.41,20
8,player,168,0,0,922.10,366.33,1015.60,551.01,20
8,player,169,0,0,919.09,366.94,1012.60,551.61,20
8,player,170,0,0,916.09,367.54,1009.59,552.21,20
8,player,171,0,0,913.08,368.14,1006.59,552.81,20
8,player,172,0,0,910.08,368.74,1003.58,553.41,20
8,player,173,0,0,907.07,369.34,1000.58,554.01,20
8,player,174,0,0,904.07,369.94,997.57,554.62,20
8,player,175,0,0,901.06,370.54,994.57,555.22,20
8,player,176,0,0,898.05,371.14,991.56,555.82,20
8,player,177,0,0,895.05,371.74,988.55,556.42,20
8,player,178,0,0,892.04,372.35,985.55,557.02,20
8,player,179,0,0,889.04,372.95,982.54,557.62,20
8,player,180,0,0,886.03,373.55,979.54,558.22,20
8,player,181,0,0,883.03,374.15,976.53,558.82,20
8,player,182,0,0,880.02,374.75,973.53,559.42,20
8,player,183,0,0,877.02,375.35,970.52,560.03,20
8,player,184,0,0,874.01,375.95,967.52,560.63,20
8,player,185,0,0,871.00,376.55,964.51,561.23,20
8,player,186,0,0,868.00,377.15,961.50,561.83,20
8,player,187,0,0,864.99,377.76,958.50,562.43,20
8,player,188,0,0,861.99,378.36,955.49,563.03,20
8,player,189,0,0,858.98,378.96,952.49,563.63,20
8,player,190,0,0,855.98,379.56,949.48,564.23,20
8,player,191,0,0,852.97,380.16,946.48,564.83,20
8,player,192,0,0,849.97,380.76,943.47,565.44,20
8,player,193,0,0,846.96,381.36,940.47,566.04,20
8,player,194,0,0,843.95,381.96,937.46,566.64,20
8,player,195,0,0,840.95,382.56,934.45,567.24,20
8,player,196,0,0,837.94,383.17,931.45,567.84,20
8,player,197,0,0,834.94,383.77,928.44,568.44,20
8,player,198,0,0,845.12,383.62,938.62,568.29,20
8,player,199,0,0,855.30,383.46,948.80,568.14,20
8,player,200,0,0,865.48,383.31,958.98,567.99,20
8,player,201,0,0,875.66,383.16,969.16,567.84,20
8,player,202,0,0,885.84,383.01,979.34,567.69,20
8,player,203,0,0,896.02,382.86,989.52,567.54,20
8,player,204,0,0,906.20,382.71,999.70,567.39,20
8,player,205,0,0,916.38,382.56,1009.88,567.23,20
8,player,206,0,0,926.56,382.41,1020.06,567.08,20
8,player,207,0,0,936.74,382.26,1030.24,566.93,20
8,player,208,0,0,946.92,382.11,1040.42,566.78,20
8,player,209,0,0,957.10,381.96,1050.60,566.63,20
8,player,210,0,0,967.28,381.81,1060.79,566.48,20
8,player,211,0,0,977.46,381.65,1070.97,566.33,20
8,player,212,0,0,987.64,381.50,1081.15,566.18,20
8,player,213,0,0,997.82,381.35,1091.33,566.03,20
8,player,214,0,0,1008.00,381.20,1101.51,565.88,20
8,player,215,0,0,1018.18,381.05,1111.69,565.73,20
8,player,216,0,0,1028.36,380.90,1121.87,565.58,20
8,player,217,0,0,1038.54,380.75,1132.05,565.42,20
8,player,218,0,0,1048.72,380.60,1142.23,565.27,20
8,player,219,0,0,1058.90,380.45,1152.41,565.12,20
8,player,220,0,0,1069.08,380.30,1162.59,564.97,20
8,player,221,0,0,1079.26,380.15,1172.77,564.82,20
8,player,222,0,0,1089.44,380.00,1182.95,564.67,20
8,player,223,0,0,1099.62,379.84,1193.13,564.52,20
8,player,224,0,0,1109.80,379.69,1203.31,564.37,20
8,player,225,0,0,1119.98,379.54,1213.49,564.22,20
8,player,226,0,0,1130.16,379.39,1223.67,564.07,20
8,player,227,0,0,1140.34,379.24,1233.85,563.92,20
8,player,228,0,0,1150.52,379.09,1244.03,563.77,20
8,player,229,0,0,1160.71,379.09,1254.21,563.77,20
8,player,230,0,0,1170.89,379.09,1264.40,563.77,20
8,player,231,0,0,1181.08,379.09,1274.58,563.77,20
8,player,232,0,0,1191.26,379.09,1284.77,563.77,20
8,player,233,0,0,1201.45,379.09,1294.96,563.77,20
8,player,234,0,0,1211.63,379.09,1305.14,563.77,20
8,player,235,0,0,1221.82,379.09,1315.33,563.77,20
8,player,236,0,0,1232.01,379.09,1325.51,563.77,20
8,player,237,0,0,1242.19,379.09,1335.70,563.77,20
8,player,238,0,0,1252.38,379.09,1345.88,563.77,20
8,player,239,0,0,1262.56,379.09,1356.07,563.77,20
8,player,240,0,0,1272.75,379.09,1366.25,563.77,20
8,player,241,0,0,1282.93,379.09,1376.44,563.77,20
8,player,242,0,0,1293.12,379.09,1386.62,563.77,20
8,player,243,0,0,1295.46,377.92,1388.96,562.60,20
8,player,244,0,0,1297.79,376.75,1391.30,561.43,20
8,player,245,0,0,1297.50,374.56,1391.01,559.24,20
8,player,246,0,0,1297.21,372.37,1390.72,557.04,20
8,player,247,0,0,1296.92,370.18,1390.42,554.85,20
8,player,248,0,0,1296.63,367.99,1390.13,552.66,20
8,player,249,0,0,1296.33,365.80,1389.84,550.47,20
8,player,250,0,0,1296.04,363.60,1389.55,548.28,20
8,player,251,0,0,1295.75,361.41,1389.25,546.09,20
8,player,252,0,0,1295.46,359.22,1388.96,543.90,20
8,player,253,0,0,1295.16,357.03,1388.67,541.70,20
8,player,254,0,0,1294.87,354.84,1388.38,539.51,20
8,player,255,0,0,1294.58,352.65,1388.09,537.32,20
8,player,256,0,0,1294.29,350.45,1387.79,535.13,20
8,player,257,0,0,1294.00,348.26,1387.50,532.94,20
8,player,258,0,0,1293.70,346.07,1387.21,530.75,20
8,player,259,0,0,1293.41,343.88,1386.92,528.55,20
8,player,260,0,0,1293.12,341.69,1386.62,526.36,20
8,player,261,0,0,1292.83,339.50,1386.33,524.17,20
8,player,262,0,0,1292.53,337.30,1386.04,521.98,20
8,player,263,0,0,1292.24,335.11,1385.75,519.79,20
8,player,264,0,0,1291.95,332.92,1385.46,517.60,20
8,player,265,0,0,1291.66,330.73,1385.16,515.40,20
8,player,266,0,0,1291.37,328.54,1384.87,513.21,20
8,player,267,0,0,1291.07,326.35,1384.58,511.02,20
8,player,268,0,0,1290.78,324.16,1384.29,508.83,20
8,player,269,0,0,1290.49,321.96,1383.99,506.64,20
8,player,270,0,0,1290.20,319.77,1383.70,504.45,20
8,player,271,0,0,1289.90,317.58,1383.41,502.26,20
8,player,272,0,0,1289.61,315.39,1383.12,500.06,20
8,player,273,0,0,1289.32,313.20,1382.83,497.87,20
8,player,274,0,0,1289.03,311.01,1382.53,495.68,20
8,player,275,0,0,1288.74,308.81,1382.24,493.49,20
8,player,276,0,0,1288.44,306.62,1381.95,491.30,20
8,player,277,0,0,1283.77,305.69,1377.27,490.36,20
8,player,278,0,0,1279.09,304.75,1372.60,489.43,20
8,player,279,0,0,1274.42,303.82,1367.92,488.49,20
8,player,280,0,0,1269.74,302.88,1363.25,487.56,20
8,player,281,0,0,1265.07,301.95,1358.57,486.62,20
8,player,282,0,0,1269.25,301.95,1362.76,486.62,20
8,player,283,0,0,1273.43,301.95,1366.94,486.62,20
8,player,284,0,0,1277.62,301.95,1371.12,486.62,20
8,player,285,0,0,1281.80,301.95,1375.30,486.62,20
8,player,286,0,0,1285.98,301.95,1379.49,486.62,20
8,player,287,0,0,1290.17,301.95,1383.67,486.62,20
8,player,288,0,0,1294.35,301.95,1387.85,486.62,20
8,player,289,0,0,1298.53,301.95,1392.04,486.62,20
8,player,290,0,0,1302.72,301.95,1396.22,486.62,20
8,player,291,0,0,1306.90,301.95,1400.40,486.62,20
8,player,292,0,0,1311.08,301.95,1404.59,486.62,20
8,player,293,0,0,1315.26,301.95,1408.77,486.62,20
8,player,294,0,0,1319.45,301.95,1412.95,486.62,20
8,player,295,0,0,1323.63,301.95,1417.14,486.62,20
8,player,296,0,0,1327.81,301.95,1421.32,486.62,20
8,player,297,0,0,1332.00,301.95,1425.50,486.62,20
8,player,298,0,0,1336.18,301.95,1429.69,486.62,20
8,player,299,0,0,1340.36,301.95,1433.87,486.62,20
8,player,300,0,0,1344.55,301.95,1438.05,486.62,20
8,player,301,0,0,1346.67,301.73,1440.18,486.41,20
8,player,302,0,0,1348.80,301.52,1442.30,486.20,20
8,player,303,0,0,1350.92,301.31,1444.43,485.98,20
8,player,304,0,0,1353.05,301.10,1446.55,485.77,20
8,player,305,0,0,1355.17,300.88,1448.68,485.56,20
8,player,306,0,0,1357.30,300.67,1450.80,485.35,20
8,player,307,0,0,1359.42,300.46,1452.93,485.13,20
8,player,308,0,0,1361.55,300.25,1455.05,484.92,20
8,player,309,0,0,1363.67,300.03,1457.18,484.71,20
8,player,310,0,0,1365.80,299.82,1459.30,484.50,20
8,player,311,0,0,1367.92,299.61,1461.43,484.28,20
8,player,312,0,0,1368.53,299.16,1462.03,483.83,20
8,player,313,0,0,1369.13,298.70,1462.64,483.38,20
8,player,314,0,0,1369.73,298.25,1463.24,482.93,20
8,player,315,0,0,1370.34,297.80,1463.84,482.47,20
8,player,316,0,0,1370.94,297.35,1464.45,482.02,20
8,player,317,0,0,1371.54,296.89,1465.05,481.57,20
8,player,318,0,0,1372.15,296.44,1465.65,481.12,20
8,player,319,0,0,1372.75,295.99,1466.26,480.66,20
8,player,320,0,0,1373.35,295.54,1466.86,480.21,20
8,player,321,0,0,1373.96,295.09,1467.46,479.76,20
8,player,322,0,0,1374.56,294.63,1468.07,479.31,20
8,player,323,0,0,1375.16,294.18,1468.67,478.85,20
8,player,324,0,0,1375.77,293.73,1469.27,478.40,20
8,player,325,0,0,1376.37,293.28,1469.88,477.95,20
8,player,326,0,0,1376.97,292.82,1470.48,477.50,20
8,player,327,0,0,1377.58,292.37,1471.08,477.05,20
8,player,328,0,0,1378.18,291.92,1471.69,476.59,20
8,player,329,0,0,1378.78,291.47,1472.29,476.14,20
8,player,330,0,0,1379.39,291.01,1472.89,475.69,20
8,player,331,0,0,1379.99,290.56,1473.50,475.24,20
8,player,332,0,0,1380.59,290.11,1474.10,474.78,20
8,player,333,0,0,1381.20,289.66,1474.70,474.33,20
8,player,334,0,0,1381.80,289.20,1475.31,473.88,20
8,player,335,0,0,1382.40,288.75,1475.91,473.43,20
8,player,336,0,0,1383.01,288.30,1476.51,472.97,20
8,player,337,0,0,1383.61,287.85,1477.12,472.52,20
8,player,338,0,0,1384.21,287.39,1477.72,472.07,20
8,player,339,0,0,1384.82,286.94,1478.32,471.62,20
8,player,340,0,0,1385.42,286.49,1478.93,471.16,20
8,player,341,0,0,1386.02,286.04,1479.53,470.71,20
8,player,342,0,0,1386.63,285.58,1480.13,470.26,20
8,player,343,0,0,1388.70,283.85,1482.21,468.53,20
8,player,344,0,0,1390.78,282.12,1484.29,466.80,20
8,player,345,0,0,1392.86,280.39,1486.37,465.06,20
8,player,346,0,0,1394.94,278.66,1488.44,463.33,20
8,player,347,0,0,1397.02,276.93,1490.52,461.60,20
8,player,348,0,0,1399.09,275.19,1492.60,459.87,20
8,player,349,0,0,1401.17,273.46,1494.68,458.14,20
8,player,350,0,0,1403.25,271.73,1496.76,456.41,20
8,player,351,0,0,1405.33,270.00,1498.83,454.67,20
8,player,352,0,0,1407.41,268.27,1500.91,452.94,20
8,player,353,0,0,1409.48,266.54,1502.99,451.21,20
8,player,354,0,0,1411.56,264.80,1505.07,449.48,20
8,player,355,0,0,1413.64,263.07,1507.15,447.75,20
8,player,356,0,0,1415.72,261.34,1509.22,446.02,20
8,player,357,0,0,1417.80,259.61,1511.30,444.28,20
8,player,358,0,0,1419.87,257.88,1513.38,442.55,20
8,player,359,0,0,1421.95,256.15,1515.46,440.82,20
8,player,360,0,0,1424.03,254.42,1517.53,439.09,20
8,player,361,0,0,1426.11,252.68,1519.61,437.36,20
8,player,362,0,0,1428.18,250.95,1521.69,435.63,20
8,player,363,0,0,1430.26,249.22,1523.77,433.90,20
8,player,364,0,0,1432.34,247.49,1525.85,432.16,20
8,player,365,0,0,1434.42,245.76,1527.92,430.43,20
8,player,366,0,0,1436.50,244.03,1530.00,428.70,20
8,player,367,0,0,1438.57,242.29,1532.08,426.97,20
8,player,368,0,0,1440.65,240.56,1534.16,425.24,20
8,player,369,0,0,1442.73,238.83,1536.24,423.51,20
8,player,370,0,0,1440.13,238.47,1532.93,422.33,20
8,player,371,0,0,1437.54,238.12,1529.62,421.16,20
8,player,372,0,0,1434.94,237.76,1526.31,419.99,20
8,player,373,0,0,1432.35,237.41,1523.00,418.82,20
8,player,374,0,0,1429.75,237.05,1519.69,417.65,20
8,player,375,0,0,1427.15,236.69,1516.38,416.48,20
8,player,376,0,0,1424.56,236.34,1513.07,415.30,20
8,player,377,0,0,1421.96,235.98,1509.76,414.13,20
8,player,378,0,0,1419.37,235.62,1506.46,412.96,20
8,player,379,0,0,1416.77,235.27,1503.15,411.79,20
8,player,380,0,0,1414.17,234.91,1499.84,410.62,20
8,player,381,0,0,1411.58,234.55,1496.53,409.45,20
8,player,382,0,0,1408.98,234.20,1493.22,408.28,20
8,player,383,0,0,1406.39,233.84,1489.91,407.10,20
8,player,384,0,0,1403.79,233.49,1486.60,405.93,20
8,player,385,0,0,1401.20,233.13,1483.29,404.76,20
8,player,386,0,0,1398.60,232.77,1479.98,403.59,20
8,player,387,0,0,1396.00,232.42,1476.68,402.42,20
8,player,388,0,0,1393.41,232.06,1473.37,401.25,20
8,player,389,0,0,1390.81,231.70,1470.06,400.07,20
8,player,390,0,0,1388.22,231.35,1466.75,398.90,20
8,player,391,0,0,1385.62,230.99,1463.44,397.73,20
8,player,392,0,0,1383.02,230.63,1460.13,396.56,20
8,player,393,0,0,1380.43,230.28,1456.82,395.39,20
8,player,394,0,0,1377.83,229.92,1453.51,394.22,20
8,player,395,0,0,1375.24,229.57,1450.20,393.05,20
8,player,396,0,0,1372.64,229.21,1446.89,391.87,20
8,player,397,0,0,1370.04,228.85,1443.59,390.70,20
8,player,398,0,0,1367.45,228.50,1440.28,389.53,20
8,player,399,0,0,1364.85,228.14,1436.97,388.36,20
8,player,400,0,0,1362.26,227.78,1433.66,387.19,20
8,player,401,0,0,1359.66,227.43,1430.35,386.02,20
8,player,402,0,0,1357.06,227.07,1427.04,384.84,20
8,player,403,0,0,1354.47,226.72,1423.73,383.67,20
8,player,404,0,0,1351.87,226.36,1420.42,382.50,20
8,player,405,0,0,1349.28,226.00,1417.11,381.33,20
8,player,406,0,0,1346.68,225.65,1413.81,380.16,20
8,player,407,0,0,1344.08,225.29,1410.50,378.99,20
8,player,408,0,0,1341.49,224.93,1407.19,377.81,20
8,player,409,0,0,1338.89,224.58,1403.88,376.64,20
8,player,410,0,0,1336.30,224.22,1400.57,375.47,20
8,player,411,0,0,1333.70,223.86,1397.26,374.30,20
8,player,412,0,0,1333.70,223.86,1398.45,374.30,20
8,player,413,0,0,1333.70,223.86,1399.65,374.30,20
8,player,414,0,0,1333.70,223.86,1400.84,374.30,20
8,player,415,0,0,1333.70,223.86,1402.03,374.30,20
8,player,416,0,0,1333.70,223.86,1403.23,374.30,20
8,player,417,0,0,1333.70,223.86,1404.42,374.30,20
8,player,418,0,0,1333.70,223.86,1405.61,374.30,20
8,player,419,0,0,1333.70,223.86,1406.81,374.30,20
8,player,420,0,0,1333.70,223.86,1408.00,374.30,20
8,player,421,0,0,1337.98,222.80,1412.28,373.23,20
8,player,422,0,0,1342.25,221.73,1416.55,372.16,20
8,player,423,0,0,1346.53,220.66,1420.83,371.09,20
8,player,424,0,0,1350.80,219.59,1425.10,370.02,20
8,player,425,0,0,1355.08,218.52,1429.38,368.95,20
8,player,426,0,0,1359.36,217.45,1433.66,367.89,20
8,player,427,0,0,1363.63,216.38,1437.93,366.82,20
8,player,428,0,0,1367.91,215.31,1442.21,365.75,20
8,player,429,0,0,1372.19,214.24,1446.49,364.68,20
8,player,430,0,0,1376.46,213.17,1450.76,363.61,20
8,player,431,0,0,1380.74,212.11,1455.04,362.54,20
8,player,432,0,0,1385.01,211.04,1459.31,361.47,20
8,player,433,0,0,1390.14,209.75,1461.87,355.06,20
8,player,434,0,0,1395.28,208.47,1464.43,348.64,20
8,player,435,0,0,1400.41,207.19,1466.99,342.23,20
8,player,436,0,0,1405.54,205.90,1469.54,335.81,20
8,player,437,0,0,1410.67,204.62,1472.10,329.40,20
8,player,438,0,0,1406.44,204.71,1467.87,329.48,20
8,player,439,0,0,1402.20,204.79,1463.63,329.57,20
8,player,440,0,0,1397.97,204.87,1459.40,329.65,20
8,player,441,0,0,1393.73,204.96,1455.16,329.74,20
8,player,442,0,0,1389.50,205.04,1450.93,329.82,20
8,player,443,0,0,1385.26,205.13,1446.69,329.90,20
8,player,444,0,0,1381.03,205.21,1442.46,329.99,20
8,player,445,0,0,1376.80,205.29,1438.23,330.07,20
8,player,446,0,0,1372.56,205.38,1433.99,330.15,20
8,player,447,0,0,1368.33,205.46,1429.76,330.24,20
8,player,448,0,0,1364.09,205.54,1425.52,330.32,20
8,player,449,0,0,1359.86,205.63,1421.29,330.41,20
8,player,450,0,0,1355.62,205.71,1417.05,330.49,20
8,player,451,0,0,1351.39,205.80,1412.82,330.57,20
8,player,452,0,0,1347.16,205.88,1408.59,330.66,20
8,player,453,0,0,1342.92,205.96,1404.35,330.74,20
8,player,454,0,0,1338.69,206.05,1400.12,330.83,20
8,player,455,0,0,1334.45,206.13,1395.88,330.91,20
8,player,456,0,0,1330.22,206.22,1391.65,330.99,20
8,player,457,0,0,1325.98,206.30,1387.41,331.08,20
8,player,458,0,0,1321.75,206.38,1383.18,331.16,20
8,player,459,0,0,1317.52,206.47,1378.95,331.24,20
8,player,460,0,0,1313.28,206.55,1374.71,331.33,20
8,player,461,0,0,1309.05,206.63,1370.48,331.41,20
8,player,462,0,0,1304.81,206.72,1366.24,331.50,20
8,player,463,0,0,1300.58,206.80,1362.01,331.58,20
8,player,464,0,0,1296.34,206.89,1357.77,331.66,20
8,player,465,0,0,1292.11,206.97,1353.54,331.75,20
8,player,466,0,0,1287.88,207.05,1349.31,331.83,20
8,player,467,0,0,1283.64,207.14,1345.07,331.92,20
8,player,468,0,0,1279.41,207.22,1340.84,332.00,20
8,player,469,0,0,1275.17,207.31,1336.60,332.08,20
8,player,470,0,0,1270.94,207.39,1332.37,332.17,20
8,player,471,0,0,1266.71,207.47,1328.14,332.25,20
8,player,472,0,0,1262.47,207.56,1323.90,332.33,20
8,player,473,0,0,1258.24,207.64,1319.67,332.42,20
8,player,474,0,0,1254.00,207.72,1315.43,332.50,20
8,player,475,0,0,1249.77,207.81,1311.20,332.59,20
8,player,476,0,0,1245.53,207.89,1306.96,332.67,20
8,player,477,0,0,1241.30,207.98,1302.73,332.75,20
8,player,478,0,0,1237.07,208.06,1298.50,332.84,20
8,player,479,0,0,1232.83,208.14,1294.26,332.92,20
8,player,480,0,0,1228.60,208.23,1290.03,333.01,20
8,player,481,0,0,1224.36,208.31,1285.79,333.09,20
8,player,482,0,0,1220.13,208.40,1281.56,333.17,20
8,player,483,0,0,1215.89,208.48,1277.32,333.26,20
8,player,484,0,0,1211.66,208.56,1273.09,333.34,20
8,player,485,0,0,1207.43,208.65,1268.86,333.42,20
8,player,486,0,0,1203.19,208.73,1264.62,333.51,20
8,player,487,0,0,1198.96,208.81,1260.39,333.59,20
8,player,488,0,0,1194.72,208.90,1256.15,333.68,20
8,player,489,0,0,1190.09,208.19,1251.52,332.96,20
8,player,490,0,0,1185.46,207.47,1246.89,332.25,20
8,player,491,0,0,1180.82,206.76,1242.26,331.54,20
8,player,492,0,0,1176.19,206.05,1237.62,330.83,20
8,player,493,0,0,1171.56,205.33,1232.99,330.11,20
8,player,494,0,0,1166.93,204.62,1228.36,329.40,20
8,player,495,0,0,1162.29,203.91,1223.72,328.69,20
8,player,496,0,0,1157.66,203.20,1219.09,327.97,20
8,player,497,0,0,1153.03,202.48,1214.46,327.26,20
8,player,498,0,0,1148.40,201.77,1209.83,326.55,20
8,player,499,0,0,1143.76,201.06,1205.19,325.84,20
8,player,500,0,0,1139.13,200.35,1200.56,325.12,20
8,player,501,0,0,1141.51,200.30,1202.94,325.08,20
8,player,502,0,0,1143.88,200.25,1205.31,325.03,20
8,player,503,0,0,1146.26,200.20,1207.69,324.98,20
8,player,504,0,0,1148.63,200.16,1210.06,324.93,20
8,player,505,0,0,1151.01,200.11,1212.44,324.89,20
8,player,506,0,0,1153.39,200.06,1214.82,324.84,20
8,player,507,0,0,1155.76,200.01,1217.19,324.79,20
8,player,508,0,0,1158.14,199.97,1219.57,324.74,20
8,player,509,0,0,1160.51,199.92,1221.94,324.70,20
8,player,510,0,0,1162.89,199.87,1224.32,324.65,20
8,player,511,0,0,1165.26,199.82,1226.69,324.60,20
8,player,512,0,0,1167.64,199.78,1229.07,324.55,20
8,player,513,0,0,1170.02,199.73,1231.45,324.51,20
8,player,514,0,0,1172.39,199.68,1233.82,324.46,20
8,player,515,0,0,1174.77,199.63,1236.20,324.41,20
8,player,516,0,0,1177.14,199.59,1238.57,324.36,20
8,player,517,0,0,1179.52,199.54,1240.95,324.32,20
8,player,518,0,0,1181.89,199.49,1243.32,324.27,20
8,player,519,0,0,1184.27,199.44,1245.70,324.22,20
8,player,520,0,0,1186.64,199.40,1248.07,324.17,20
8,player,521,0,0,1189.02,199.35,1250.45,324.13,20
8,player,522,0,0,1191.40,199.30,1252.83,324.08,20
8,player,523,0,0,1193.77,199.25,1255.20,324.03,20
8,player,524,0,0,1196.15,199.21,1257.58,323.98,20
8,player,525,0,0,1198.52,199.16,1259.95,323.94,20
8,player,526,0,0,1200.90,199.11,1262.33,323.89,20
8,player,527,0,0,1203.27,199.06,1264.70,323.84,20
8,player,528,0,0,1205.65,199.02,1267.08,323.79,20
8,player,529,0,0,1208.03,198.97,1269.46,323.75,20
8,player,530,0,0,1210.40,198.92,1271.83,323.70,20
8,player,531,0,0,1212.78,198.87,1274.21,323.65,20
8,player,532,0,0,1215.15,198.83,1276.58,323.60,20
8,player,533,0,0,1217.53,198.78,1278.96,323.56,20
8,player,534,0,0,1219.90,198.73,1281.33,323.51,20
8,player,535,0,0,1222.28,198.68,1283.71,323.46,20
8,player,536,0,0,1224.66,198.64,1286.09,323.41,20
8,player,537,0,0,1227.03,198.59,1288.46,323.37,20
8,player,538,0,0,1229.41,198.54,1290.84,323.32,20
8,player,539,0,0,1231.78,198.49,1293.21,323.27,20
8,player,540,0,0,1234.16,198.45,1295.59,323.22,20
8,player,541,0,0,1236.53,198.40,1297.96,323.18,20
8,player,542,0,0,1238.91,198.35,1300.34,323.13,20
8,player,543,0,0,1241.28,198.30,1302.71,323.08,20
8,player,544,0,0,1243.66,198.26,1305.09,323.03,20
8,player,545,0,0,1246.04,198.21,1307.47,322.99,20
8,player,546,0,0,1242.68,199.74,1305.94,324.52,20
8,player,547,0,0,1239.32,201.27,1304.41,326.05,20
8,player,548,0,0,1235.97,202.81,1302.89,327.58,20
8,player,549,0,0,1232.61,204.34,1301.36,329.12,20
8,player,550,0,0,1229.25,205.87,1299.83,330.65,20
8,player,551,0,0,1225.89,207.40,1298.31,332.18,20
8,player,552,0,0,1222.54,208.94,1296.78,333.71,20
8,player,553,0,0,1215.44,209.33,1289.69,334.10,20
8,player,554,0,0,1208.35,209.71,1282.59,334.49,20
8,player,555,0,0,1201.25,210.10,1275.50,334.88,20
8,player,556,0,0,1194.16,210.49,1268.40,335.27,20
8,player,557,0,0,1187.06,210.88,1261.31,335.66,20
8,player,558,0,0,1179.97,211.27,1254.21,336.05,20
8,player,559,0,0,1172.87,211.66,1247.12,336.43,20
8,player,560,0,0,1165.78,212.05,1240.02,336.82,20
8,player,561,0,0,1158.69,212.44,1232.93,337.21,20
8,player,562,0,0,1151.59,212.82,1225.83,337.60,20
8,player,563,0,0,1144.50,213.21,1218.74,337.99,20
8,player,564,0,0,1137.40,213.60,1211.65,338.38,20
8,player,565,0,0,1130.31,213.99,1204.55,338.77,20
8,player,566,0,0,1123.21,214.38,1197.46,339.16,20
8,player,567,0,0,1116.12,214.77,1190.36,339.54,20
8,player,568,0,0,1109.02,215.16,1183.27,339.93,20
8,player,569,0,0,1101.93,215.55,1176.17,340.32,20
8,player,570,0,0,1094.83,215.93,1169.08,340.71,20
8,player,571,0,0,1087.74,216.32,1161.98,341.10,20
8,player,572,0,0,1080.65,216.71,1154.89,341.49,20
8,player,573,0,0,1073.55,217.10,1147.79,341.88,20
8,player,574,0,0,1066.46,217.49,1140.70,342.27,20
8,player,575,0,0,1063.46,217.79,1137.70,342.57,20
8,player,576,0,0,1060.46,218.09,1134.70,342.87,20
8,player,577,0,0,1057.46,218.40,1131.71,343.17,20
8,player,578,0,0,1054.46,218.70,1128.71,343.47,20
8,player,579,0,0,1051.47,219.00,1125.71,343.78,20
8,player,580,0,0,1048.47,219.30,1122.71,344.08,20
8,player,581,0,0,1045.47,219.60,1119.71,344.38,20
8,player,582,0,0,1042.47,219.91,1116.72,344.68,20
8,player,583,0,0,1039.47,220.21,1113.72,344.98,20
8,player,584,0,0,1036.48,220.51,1110.72,345.29,20
8,player,585,0,0,1033.48,220.81,1107.72,345.59,20
8,player,586,0,0,1030.48,221.11,1104.72,345.89,20
8,player,587,0,0,1027.48,221.42,1101.73,346.19,20
8,player,588,0,0,1024.48,221.72,1098.73,346.50,20
8,player,589,0,0,1021.49,222.02,1095.73,346.80,20
8,player,590,0,0,1018.49,222.32,1092.73,347.10,20
8,player,591,0,0,1015.49,222.63,1089.73,347.40,20
8,player,592,0,0,1012.49,222.93,1086.74,347.70,20
8,player,593,0,0,1009.49,223.23,1083.74,348.01,20
8,player,594,0,0,1006.50,223.53,1080.74,348.31,20
8,player,595,0,0,1003.50,223.83,1077.74,348.61,20
8,player,596,0,0,1000.50,224.14,1074.74,348.91,20
8,player,597,0,0,997.50,224.44,1071.75,349.21,20
8,player,598,0,0,994.50,224.74,1068.75,349.52,20
8,player,599,0,0,991.51,225.04,1065.75,349.82,20
8,player,600,0,0,988.51,225.34,1062.75,350.12,20
8,player,601,0,0,985.51,225.65,1059.75,350.42,20
8,player,602,0,0,982.51,225.95,1056.76,350.72,20
8,player,603,0,0,979.52,226.25,1053.76,351.03,20
8,player,604,0,0,976.52,226.55,1050.76,351.33,20
8,player,605,0,0,973.52,226.85,1047.76,351.63,20
8,player,606,0,0,970.52,227.16,1044.77,351.93,20
8,player,607,0,0,967.52,227.46,1041.77,352.24,20
8,player,608,0,0,964.53,227.76,1038.77,352.54,20
8,player,609,0,0,961.53,228.06,1035.77,352.84,20
8,player,610,0,0,958.53,228.37,1032.77,353.14,20
8,player,611,0,0,955.53,228.67,1029.78,353.44,20
8,player,612,0,0,952.53,228.97,1026.78,353.75,20
8,player,613,0,0,949.54,229.27,1023.78,354.05,20
8,player,614,0,0,946.54,229.57,1020.78,354.35,20
8,player,615,0,0,943.54,229.88,1017.78,354.65,20
8,player,616,0,0,940.54,230.18,1014.79,354.95,20
8,player,617,0,0,937.54,230.48,1011.79,355.26,20
8,player,618,0,0,934.55,230.78,1008.79,355.56,20
8,player,619,0,0,931.55,231.08,1005.79,355.86,20
8,player,620,0,0,928.55,231.39,1002.79,356.16,20
8,player,621,0,0,925.55,231.69,999.80,356.47,20
8,player,622,0,0,922.55,231.99,996.80,356.77,20
8,player,623,0,0,919.56,232.29,993.80,357.07,20
8,player,624,0,0,916.56,232.60,990.80,357.37,20
8,player,625,0,0,913.56,232.90,987.80,357.67,20
8,player,626,0,0,910.56,233.20,984.81,357.98,20
8,player,627,0,0,907.56,233.50,981.81,358.28,20
8,player,628,0,0,904.57,233.80,978.81,358.58,20
8,player,629,0,0,901.57,234.11,975.81,358.88,20
8,player,630,0,0,898.57,234.41,972.81,359.18,20
8,player,631,0,0,895.57,234.71,969.82,359.49,20
8,player,632,0,0,892.57,235.01,966.82,359.79,20
8,player,633,0,0,889.58,235.31,963.82,360.09,20
8,player,634,0,0,886.58,235.62,960.82,360.39,20
8,player,635,0,0,883.58,235.92,957.82,360.69,20
8,player,636,0,0,880.58,236.22,954.83,361.00,20
8,player,637,0,0,877.58,236.52,951.83,361.30,20
8,player,638,0,0,874.59,236.82,948.83,361.60,20
8,player,639,0,0,871.59,237.13,945.83,361.90,20
8,player,640,0,0,868.59,237.43,942.83,362.21,20
8,player,641,0,0,865.59,237.73,939.84,362.51,20
8,player,642,0,0,862.59,238.03,936.84,362.81,20
8,player,643,0,0,859.60,238.34,933.84,363.11,20
8,player,644,0,0,856.60,238.64,930.84,363.41,20
8,player,645,0,0,853.60,238.94,927.84,363.72,20
8,player,646,0,0,850.60,239.24,924.85,364.02,20
8,player,647,0,0,847.60,239.54,921.85,364.32,20
8,player,648,0,0,844.61,239.85,918.85,364.62,20
8,player,649,0,0,841.61,240.15,915.85,364.92,20
8,player,650,0,0,838.61,240.45,912.85,365.23,20
8,player,651,0,0,835.61,240.75,909.86,365.53,20
8,player,652,0,0,832.62,241.05,906.86,365.83,20
8,player,653,0,0,829.62,241.36,903.86,366.13,20
8,player,654,0,0,826.62,241.66,900.86,366.44,20
8,player,655,0,0,823.62,241.96,897.86,366.74,20
8,player,656,0,0,820.62,242.26,894.87,367.04,20
8,player,657,0,0,817.63,242.57,891.87,367.34,20
8,player,658,0,0,814.63,242.87,888.87,367.64,20
8,player,659,0,0,811.63,243.17,885.87,367.95,20
8,player,660,0,0,808.63,243.47,882.88,368.25,20
8,player,661,0,0,805.63,243.77,879.88,368.55,20
8,player,662,0,0,802.64,244.08,876.88,368.85,20
8,player,663,0,0,799.64,244.38,873.88,369.15,20
8,player,664,0,0,796.64,244.68,870.88,369.46,20
8,player,665,0,0,793.64,244.98,867.89,369.76,20
8,player,666,0,0,790.64,245.28,864.89,370.06,20
8,player,667,0,0,791.28,244.64,865.53,369.42,20
8,player,668,0,0,791.93,244.00,866.17,368.78,20
8,player,669,0,0,792.57,243.36,866.81,368.14,20
8,player,670,0,0,793.21,242.72,867.45,367.49,20
8,player,671,0,0,793.85,242.08,868.09,366.85,20
8,player,672,0,0,794.49,241.44,868.74,366.21,20
8,player,673,0,0,795.13,240.79,869.38,365.57,20
8,player,674,0,0,795.77,240.15,870.02,364.93,20
8,player,675,0,0,796.42,239.51,870.66,364.29,20
8,player,676,0,0,797.06,238.87,871.30,363.65,20
8,player,677,0,0,795.93,238.74,870.17,363.51,20
8,player,678,0,0,794.80,238.60,869.04,363.38,20
8,player,679,0,0,793.67,238.47,867.92,363.25,20
8,player,680,0,0,792.54,238.34,866.79,363.11,20
8,player,681,0,0,791.42,238.20,865.66,362.98,20
8,player,682,0,0,790.29,238.07,864.53,362.84,20
8,player,683,0,0,789.16,237.93,863.40,362.71,20
8,player,684,0,0,788.03,237.80,862.27,362.58,20
8,player,685,0,0,786.90,237.67,861.15,362.44,20
8,player,686,0,0,785.77,237.53,860.02,362.31,20
8,player,687,0,0,784.65,237.40,858.89,362.18,20
8,player,688,0,0,783.52,237.27,857.76,362.04,20
8,player,689,0,0,782.39,237.13,856.63,361.91,20
8,player,690,0,0,781.26,237.00,855.50,361.78,20
8,player,691,0,0,780.13,236.87,854.38,361.64,20
8,player,692,0,0,779.00,236.73,853.25,361.51,20
8,player,693,0,0,777.87,236.60,852.12,361.37,20
8,player,694,0,0,776.75,236.46,850.99,361.24,20
8,player,695,0,0,779.99,236.90,854.23,361.68,20
8,player,696,0,0,783.23,237.34,857.48,362.11,20
8,player,697,0,0,786.47,237.77,860.72,362.55,20
8,player,698,0,0,789.72,238.21,863.96,362.99,20
8,player,699,0,0,792.96,238.65,867.20,363.42,20
8,player,700,0,0,796.20,239.08,870.45,363.86,20
8,player,701,0,0,799.45,239.52,873.69,364.30,20
8,player,702,0,0,802.69,239.96,876.93,364.73,20
8,player,703,0,0,805.93,240.39,880.17,365.17,20
8,player,704,0,0,809.17,240.83,883.42,365.61,20
8,player,705,0,0,812.42,241.27,886.66,366.04,20
8,player,706,0,0,815.66,241.70,889.90,366.48,20
8,player,707,0,0,818.90,242.14,893.15,366.92,20
8,player,708,0,0,822.14,242.58,896.39,367.35,20
8,player,709,0,0,825.39,243.01,899.63,367.79,20
8,player,710,0,0,828.63,243.45,902.87,368.23,20
8,player,711,0,0,831.87,243.89,906.12,368.66,20
8,player,712,0,0,835.12,244.32,909.36,369.10,20
8,player,713,0,0,838.36,244.76,912.60,369.54,20
8,player,714,0,0,841.60,245.20,915.84,369.97,20
8,player,715,0,0,844.84,245.63,919.09,370.41,20
8,player,716,0,0,848.09,246.07,922.33,370.84,20
8,player,717,0,0,851.33,246.50,925.57,371.28,20
8,player,718,0,0,854.57,246.94,928.82,371.72,20
8,player,719,0,0,857.81,247.38,932.06,372.15,20
8,player,720,0,0,861.06,247.81,935.30,372.59,20
8,player,721,0,0,864.30,248.25,938.54,373.03,20
8,player,722,0,0,867.54,248.69,941.79,373.46,20
8,player,723,0,0,870.79,249.12,945.03,373.90,20
8,player,724,0,0,874.03,249.56,948.27,374.34,20
8,player,725,0,0,884.72,250.78,958.96,375.56,20
8,player,726,0,0,895.41,252.00,969.65,376.78,20
8,player,727,0,0,906.10,253.23,980.34,378.00,20
8,player,728,0,0,916.79,254.45,991.03,379.22,20
8,player,729,0,0,927.48,255.67,1001.72,380.45,20
8,player,730,0,0,938.17,256.89,1012.41,381.67,20
8,player,731,0,0,948.86,258.11,1023.11,382.89,20
8,player,732,0,0,958.53,258.85,1032.66,383.60,20
8,player,733,0,0,968.19,259.60,1042.21,384.32,20
8,player,734,0,0,977.85,260.34,1051.76,385.03,20
8,player,735,0,0,987.52,261.08,1061.31,385.74,20
8,player,736,0,0,997.18,261.82,1070.86,386.46,20
8,player,737,0,0,1006.85,262.56,1080.41,387.17,20
8,player,738,0,0,1016.51,263.30,1089.96,387.88,20
8,player,739,0,0,1026.17,264.04,1099.51,388.60,20
8,player,740,0,0,1035.84,264.78,1109.06,389.31,20
8,player,741,0,0,1045.50,265.53,1118.61,390.02,20
8,player,742,0,0,1055.16,266.27,1128.16,390.74,20
8,player,743,0,0,1064.83,267.01,1137.71,391.45,20
8,player,744,0,0,1074.49,267.75,1147.26,392.16,20
8,player,745,0,0,1084.16,268.49,1156.81,392.88,20
8,player,746,0,0,1093.82,269.23,1166.36,393.59,20
8,player,747,0,0,1103.48,269.97,1175.91,394.30,20
8,player,748,0,0,1113.15,270.71,1185.46,395.02,20
8,player,749,0,0,1122.81,271.46,1195.01,395.73,20
8,player,750,0,0,1132.48,272.20,1204.56,396.44,20
8,player,751,0,0,1142.14,272.94,1214.11,397.16,20
8,player,752,0,0,1151.80,273.68,1223.66,397.87,20
8,player,753,0,0,1161.47,274.42,1233.21,398.58,20
8,player,754,0,0,1171.13,275.16,1242.76,399.30,20
8,player,755,0,0,1180.80,275.90,1252.31,400.01,20
8,player,756,0,0,1190.46,276.64,1261.86,400.72,20
8,player,757,0,0,1200.12,277.38,1271.41,401.44,20
8,player,758,0,0,1209.79,278.13,1280.96,402.15,20
8,player,759,0,0,1219.45,278.87,1290.51,402.86,20
8,player,760,0,0,1229.12,279.61,1300.06,403.58,20
8,player,761,0,0,1238.78,280.35,1309.61,404.29,20
8,player,762,0,0,1248.44,281.09,1319.16,405.00,20
8,player,763,0,0,1258.11,281.83,1328.71,405.72,20
8,player,764,0,0,1267.77,282.57,1338.26,406.43,20
8,player,765,0,0,1277.44,283.31,1347.81,407.14,20
8,player,766,0,0,1287.10,284.06,1357.36,407.86,20
8,player,767,0,0,1296.76,284.80,1366.91,408.57,20
8,player,768,0,0,1306.43,285.54,1376.46,409.28,20
8,player,769,0,0,1316.09,286.28,1386.01,410.00,20
8,player,770,0,0,1325.76,287.02,1395.56,410.71,20
8,player,771,0,0,1335.42,287.76,1405.11,411.42,20
8,player,772,0,0,1345.08,288.50,1414.66,412.14,20
8,player,773,0,0,1354.75,289.24,1424.21,412.85,20
8,player,774,0,0,1364.41,289.99,1433.76,413.56,20
8,player,775,0,0,1374.08,290.73,1443.31,414.28,20
8,player,776,0,0,1383.74,291.47,1452.86,414.99,20
8,player,777,0,0,1393.40,292.21,1462.41,415.70,20
8,player,778,0,0,1403.07,292.95,1471.96,416.42,20
8,player,779,0,0,1412.73,293.69,1481.51,417.13,20
8,player,780,0,0,1422.40,294.43,1491.06,417.84,20
8,player,781,0,0,1432.06,295.17,1500.61,418.56,20
8,player,782,0,0,1441.72,295.92,1510.16,419.27,20
8,player,783,0,0,1451.39,296.66,1519.71,419.98,20
8,player,784,0,0,1461.05,297.40,1529.26,420.70,20
8,player,785,0,0,1470.72,298.14,1538.81,421.41,20
8,player,786,0,0,1480.38,298.88,1548.36,422.12,20
8,player,787,0,0,1490.04,299.62,1557.91,422.84,20
8,player,788,0,0,1499.71,300.36,1567.46,423.55,20
8,player,789,0,0,1509.37,301.10,1577.01,424.26,20
8,player,790,0,0,1519.03,301.84,1586.56,424.98,20
8,player,791,0,0,1528.70,302.59,1596.11,425.69,20
8,player,792,0,0,1538.36,303.33,1605.66,426.40,20
8,player,793,0,0,1548.03,304.07,1615.21,427.12,20
8,player,794,0,0,1557.69,304.81,1624.76,427.83,20
8,player,795,0,0,1567.35,305.55,1634.31,428.54,20
8,player,796,0,0,1577.02,306.29,1643.86,429.26,20
8,player,797,0,0,1586.68,307.03,1653.41,429.97,20
8,player,798,0,0,1596.35,307.77,1662.96,430.68,20
8,player,799,0,0,1606.01,308.52,1672.51,431.40,20
8,player,800,0,0,1615.67,309.26,1682.06,432.11,20
8,player,801,0,0,1625.34,310.00,1691.61,432.82,20
8,player,802,0,0,1635.00,310.74,1701.16,433.54,20
8,player,803,0,0,1644.67,311.48,1710.71,434.25,20
8,player,804,0,0,1654.33,312.22,1720.26,434.96,20
8,player,805,0,0,1663.99,312.96,1729.81,435.68,20
8,player,806,0,0,1673.66,313.70,1739.36,436.39,20
8,player,807,0,0,1672.01,314.86,1737.72,437.54,20
8,player,808,0,0,1670.37,316.01,1736.07,438.69,20
8,player,809,0,0,1668.72,317.16,1734.43,439.84,20
8,player,810,0,0,1667.08,318.31,1732.78,441.00,20
8,player,811,0,0,1665.43,319.46,1731.14,442.15,20
8,player,812,0,0,1663.79,320.61,1729.50,443.30,20
8,player,813,0,0,1662.15,321.76,1727.85,444.45,20
8,player,814,0,0,1660.50,322.91,1726.21,445.60,20
8,player,815,0,0,1658.86,324.07,1724.56,446.75,20
8,player,816,0,0,1657.21,325.22,1722.92,447.90,20
8,player,817,0,0,1655.57,326.37,1721.27,449.06,20
8,player,818,0,0,1653.92,327.52,1719.63,450.21,20
8,player,819,0,0,1652.28,328.67,1717.98,451.36,20
8,player,820,0,0,1641.59,327.60,1707.29,450.29,20
8,player,821,0,0,1630.90,326.53,1696.60,449.22,20
8,player,822,0,0,1627.84,327.45,1693.55,450.14,20
8,player,823,0,0,1624.79,328.37,1690.49,451.05,20
8,player,824,0,0,1621.73,329.28,1687.44,451.97,20
8,player,825,0,0,1618.68,330.20,1684.38,452.89,20
8,player,826,0,0,1615.62,331.11,1681.33,453.80,20
8,player,827,0,0,1612.57,332.03,1678.28,454.72,20
8,player,828,0,0,1609.52,332.95,1675.22,455.63,20
8,player,829,0,0,1606.87,333.45,1672.58,456.14,20
8,player,830,0,0,1604.23,333.95,1669.94,456.64,20
8,player,831,0,0,1601.59,334.46,1667.30,457.14,20
8,player,832,0,0,1598.95,334.96,1664.66,457.65,20
8,player,833,0,0,1596.31,335.46,1662.01,458.15,20
8,player,834,0,0,1593.67,335.97,1659.37,458.65,20
8,player,835,0,0,1591.03,336.47,1656.73,459.16,20
8,player,836,0,0,1588.39,336.97,1654.09,459.66,20
8,player,837,0,0,1585.75,337.48,1651.45,460.16,20
8,player,838,0,0,1583.10,337.98,1648.81,460.67,20
8,player,839,0,0,1580.46,338.48,1646.17,461.17,20
8,player,840,0,0,1577.82,338.98,1643.53,461.67,20
8,player,841,0,0,1575.18,339.49,1640.89,462.17,20
8,player,842,0,0,1572.54,339.99,1638.24,462.68,20
8,player,843,0,0,1569.90,340.49,1635.60,463.18,20
8,player,844,0,0,1567.26,341.00,1632.96,463.68,20
8,player,845,0,0,1564.62,341.50,1630.32,464.19,20
8,player,846,0,0,1562.48,341.77,1628.18,464.45,20
8,player,847,0,0,1560.34,342.03,1626.05,464.72,20
8,player,848,0,0,1558.20,342.30,1623.91,464.99,20
8,player,849,0,0,1556.06,342.57,1621.77,465.26,20
8,player,850,0,0,1553.93,342.84,1619.63,465.52,20
8,player,851,0,0,1551.79,343.10,1617.49,465.79,20
8,player,852,0,0,1549.65,343.37,1615.35,466.06,20
8,player,853,0,0,1547.51,343.64,1613.22,466.32,20
8,player,854,0,0,1545.37,343.91,1611.08,466.59,20
8,player,855,0,0,1543.24,344.17,1608.94,466.86,20
8,player,856,0,0,1541.10,344.44,1606.80,467.13,20
8,player,857,0,0,1538.96,344.71,1604.66,467.39,20
8,player,858,0,0,1536.82,344.97,1602.53,467.66,20
8,player,859,0,0,1534.68,345.24,1600.39,467.93,20
8,player,860,0,0,1532.55,345.51,1598.25,468.20,20
8,player,861,0,0,1530.41,345.78,1596.11,468.46,20
8,player,862,0,0,1529.49,344.40,1595.20,467.09,20
8,player,863,0,0,1528.57,343.03,1594.28,465.71,20
8,player,864,0,0,1527.66,341.65,1593.36,464.34,20
8,player,865,0,0,1526.74,340.28,1592.45,462.97,20
8,player,866,0,0,1525.83,338.90,1591.53,461.59,20
8,player,867,0,0,1524.91,337.53,1590.61,460.22,20
8,player,868,0,0,1523.99,336.16,1589.70,458.84,20
8,player,869,0,0,1523.08,334.78,1588.78,457.47,20
8,player,870,0,0,1522.16,333.41,1587.87,456.09,20
8,player,871,0,0,1521.24,332.03,1586.95,454.72,20
8,player,872,0,0,1520.33,330.66,1586.03,453.34,20
8,player,873,0,0,1519.41,329.28,1585.12,451.97,20
8,player,874,0,0,1518.50,327.91,1584.20,450.60,20
8,player,875,0,0,1517.58,326.53,1583.28,449.22,20
8,player,876,0,0,1516.42,326.18,1582.13,448.86,20
8,player,877,0,0,1515.26,325.82,1580.97,448.51,20
8,player,878,0,0,1514.10,325.47,1579.81,448.15,20
8,player,879,0,0,1512.95,325.11,1578.65,447.80,20
8,player,880,0,0,1511.79,324.75,1577.49,447.44,20
8,player,881,0,0,1510.63,324.40,1576.34,447.08,20
8,player,882,0,0,1509.47,324.04,1575.18,446.73,20
8,player,883,0,0,1508.31,323.68,1574.02,446.37,20
8,player,884,0,0,1507.16,323.33,1572.86,446.01,20
8,player,885,0,0,1506.00,322.97,1571.70,445.66,20
8,player,886,0,0,1504.84,322.61,1570.54,445.30,20
8,player,887,0,0,1503.68,322.26,1569.39,444.94,20
8,player,888,0,0,1502.52,321.90,1568.23,444.59,20
8,player,889,0,0,1501.37,321.55,1567.07,444.23,20
8,player,890,0,0,1500.21,321.19,1565.91,443.88,20
8,player,891,0,0,1499.05,320.83,1564.75,443.52,20
8,player,892,0,0,1497.89,320.48,1563.60,443.16,20
8,player,893,0,0,1496.73,320.12,1562.44,442.81,20
8,player,894,0,0,1495.57,319.76,1561.28,442.45,20
8,player,895,0,0,1494.42,319.41,1560.12,442.09,20
8,player,896,0,0,1493.26,319.05,1558.96,441.74,20
8,player,897,0,0,1492.10,318.69,1557.81,441.38,20
8,player,898,0,0,1490.94,318.34,1556.65,441.02,20
8,player,899,0,0,1489.78,317.98,1555.49,440.67,20
9,player,80,0,0,825.58,283.25,919.09,467.92,80
9,player,81,0,0,832.60,282.24,926.10,466.92,80
9,player,82,0,0,839.61,281.24,933.12,465.92,80
9,player,83,0,0,846.62,280.24,940.13,464.92,80
9,player,84,0,0,853.64,279.24,947.14,463.91,80
9,player,85,0,0,860.65,278.24,954.16,462.91,80
9,player,86,0,0,867.66,277.24,961.17,461.91,80
9,player,87,0,0,874.68,276.23,968.18,460.91,80
9,player,88,0,0,879.02,275.57,972.52,460.24,80
9,player,89,0,0,883.36,274.90,976.86,459.57,80
9,player,90,0,0,887.70,274.23,981.21,458.91,80
9,player,91,0,0,892.04,273.56,985.55,458.24,80
9,player,92,0,0,896.38,272.90,989.89,457.57,80
9,player,93,0,0,900.72,272.23,994.23,456.90,80
9,player,94,0,0,905.07,271.56,998.57,456.23,80
9,player,95,0,0,909.56,273.36,1003.07,458.03,80
9,player,96,0,0,914.06,275.16,1007.56,459.83,80
9,player,97,0,0,918.55,276.95,1012.06,461.63,80
9,player,98,0,0,923.05,278.75,1016.55,463.43,80
9,player,99,0,0,927.54,280.55,1021.05,465.23,80
9,player,100,0,0,932.04,282.35,1025.54,467.02,80
9,player,101,0,0,936.53,284.15,1030.04,468.82,80
9,player,102,0,0,941.03,285.95,1034.54,470.62,80
9,player,103,0,0,945.53,287.74,1039.03,472.42,80
9,player,104,0,0,950.02,289.54,1043.53,474.22,80
9,player,105,0,0,954.52,291.34,1048.02,476.01,80
9,player,106,0,0,959.01,293.14,1052.52,477.81,80
9,player,107,0,0,963.51,294.94,1057.01,479.61,80
9,player,108,0,0,977.53,294.94,1071.04,479.61,80
9,player,109,0,0,991.56,294.94,1085.07,479.61,80
9,player,110,0,0,1005.59,294.94,1099.09,479.61,80
9,player,111,0,0,1019.61,294.94,1113.12,479.61,80
9,player,112,0,0,1033.64,294.94,1127.14,479.61,80
9,player,113,0,0,1047.66,294.94,1141.17,479.61,80
9,player,114,0,0,1047.62,296.13,1141.12,480.80,80
9,player,115,0,0,1047.57,297.32,1141.07,482.00,80
9,player,116,0,0,1047.52,298.51,1141.03,483.19,80
9,player,117,0,0,1047.47,299.71,1140.98,484.38,80
9,player,118,0,0,1047.42,300.90,1140.93,485.57,80
9,player,119,0,0,1047.38,302.09,1140.88,486.77,80
9,player,120,0,0,1047.33,303.29,1140.83,487.96,80
9,player,121,0,0,1047.28,304.48,1140.79,489.15,80
9,player,122,0,0,1047.23,305.67,1140.74,490.35,80
9,player,123,0,0,1047.19,306.86,1140.69,491.54,80
9,player,124,0,0,1047.14,308.06,1140.64,492.73,80
9,player,125,0,0,1047.09,309.25,1140.60,493.92,80
9,player,126,0,0,1047.04,310.44,1140.55,495.12,80
9,player,127,0,0,1047.00,311.63,1140.50,496.31,80
9,player,128,0,0,1046.95,312.83,1140.45,497.50,80
9,player,129,0,0,1046.90,314.02,1140.41,498.69,80
9,player,130,0,0,1046.85,315.21,1140.36,499.89,80
9,player,131,0,0,1046.80,316.40,1140.31,501.08,80
9,player,132,0,0,1046.76,317.60,1140.26,502.27,80
9,player,133,0,0,1046.71,318.79,1140.21,503.46,80
9,player,134,0,0,1046.66,319.98,1140.17,504.66,80
9,player,135,0,0,1046.61,321.18,1140.12,505.85,80
9,player,136,0,0,1046.57,322.37,1140.07,507.04,80
9,player,137,0,0,1046.52,323.56,1140.02,508.24,80
9,player,138,0,0,1046.47,324.75,1139.98,509.43,80
9,player,139,0,0,1046.42,325.95,1139.93,510.62,80
9,player,140,0,0,1046.37,327.14,1139.88,511.81,80
9,player,141,0,0,1046.33,328.33,1139.83,513.01,80
9,player,142,0,0,1046.28,329.52,1139.79,514.20,80
9,player,143,0,0,1046.23,330.72,1139.74,515.39,80
9,player,144,0,0,1046.18,331.91,1139.69,516.58,80
9,player,145,0,0,1046.14,333.10,1139.64,517.78,80
9,player,146,0,0,1046.09,334.30,1139.59,518.97,80
9,player,147,0,0,1046.04,335.49,1139.55,520.16,80
9,player,148,0,0,1045.99,336.68,1139.50,521.36,80
9,player,149,0,0,1045.95,337.87,1139.45,522.55,80
9,player,150,0,0,1045.90,339.07,1139.40,523.74,80
9,player,151,0,0,1045.85,340.26,1139.36,524.93,80
9,player,152,0,0,1045.80,341.45,1139.31,526.13,80
9,player,153,0,0,1045.75,342.64,1139.26,527.32,80
9,player,154,0,0,1045.71,343.84,1139.21,528.51,80
9,player,155,0,0,1045.66,345.03,1139.17,529.70,80
9,player,156,0,0,1045.61,346.22,1139.12,530.90,80
9,player,157,0,0,1045.56,347.41,1139.07,532.09,80
9,player,158,0,0,1045.52,348.61,1139.02,533.28,80
9,player,159,0,0,1045.47,349.80,1138.97,534.47,80
9,player,160,0,0,1045.42,350.99,1138.93,535.67,80
9,player,161,0,0,1045.37,352.19,1138.88,536.86,80
9,player,162,0,0,1045.33,353.38,1138.83,538.05,80
9,player,163,0,0,1040.65,353.38,1134.16,538.05,80
9,player,164,0,0,1035.97,353.38,1129.48,538.05,80
9,player,165,0,0,1031.30,353.38,1124.81,538.05,80
9,player,166,0,0,1026.62,353.38,1120.13,538.05,80
9,player,167,0,0,1021.95,353.38,1115.45,538.05,80
9,player,168,0,0,1017.27,353.38,1110.78,538.05,80
9,player,169,0,0,1012.60,353.38,1106.10,538.05,80
9,player,170,0,0,1007.92,353.38,1101.43,538.05,80
9,player,171,0,0,1003.25,353.38,1096.75,538.05,80
9,player,172,0,0,999.02,354.73,1092.53,539.40,80
9,player,173,0,0,994.80,356.08,1088.30,540.75,80
9,player,174,0,0,990.57,357.42,1084.08,542.10,80
9,player,175,0,0,986.34,358.77,1079.85,543.45,80
9,player,176,0,0,982.12,360.12,1075.63,544.80,80
9,player,177,0,0,977.89,361.47,1071.40,546.14,80
9,player,178,0,0,973.67,362.82,1067.17,547.49,80
9,player,179,0,0,969.44,364.17,1062.95,548.84,80
9,player,180,0,0,965.22,365.52,1058.72,550.19,80
9,player,181,0,0,960.99,366.86,1054.50,551.54,80
9,player,182,0,0,956.76,368.21,1050.27,552.89,80
9,player,183,0,0,952.54,369.56,1046.04,554.24,80
9,player,184,0,0,948.31,370.91,1041.82,555.58,80
9,player,185,0,0,944.09,372.26,1037.59,556.93,80
9,player,186,0,0,939.86,373.61,1033.37,558.28,80
9,player,187,0,0,935.64,374.96,1029.14,559.63,80
9,player,188,0,0,931.41,376.30,1024.92,560.98,80
9,player,189,0,0,927.18,377.65,1020.69,562.33,80
9,player,190,0,0,922.96,379.00,1016.46,563.68,80
9,player,191,0,0,918.73,380.35,1012.24,565.03,80
9,player,192,0,0,914.51,381.70,1008.01,566.37,80
9,player,193,0,0,910.28,383.05,1003.79,567.72,80
9,player,194,0,0,906.06,384.40,999.56,569.07,80
9,player,195,0,0,901.83,385.75,995.34,570.42,80
9,player,196,0,0,897.60,387.09,991.11,571.77,80
9,player,197,0,0,893.38,388.44,986.88,573.12,80
9,player,198,0,0,903.56,388.29,997.06,572.97,80
9,player,199,0,0,913.74,388.14,1007.24,572.82,80
9,player,200,0,0,923.92,387.99,1017.42,572.66,80
9,player,201,0,0,934.10,387.84,1027.60,572.51,80
9,player,202,0,0,944.28,387.69,1037.78,572.36,80
9,player,203,0,0,954.46,387.54,1047.96,572.21,80
9,player,204,0,0,964.64,387.39,1058.14,572.06,80
9,player,205,0,0,974.82,387.24,1068.33,571.91,80
9,player,206,0,0,985.00,387.09,1078.51,571.76,80
9,player,207,0,0,995.18,386.93,1088.69,571.61,80
9,player,208,0,0,1005.36,386.78,1098.87,571.46,80
9,player,209,0,0,1015.54,386.63,1109.05,571.31,80
9,player,210,0,0,1025.72,386.48,1119.23,571.16,80
9,player,211,0,0,1035.90,386.33,1129.41,571.01,80
9,player,212,0,0,1046.08,386.18,1139.59,570.86,80
9,player,213,0,0,1056.26,386.03,1149.77,570.70,80
9,player,214,0,0,1066.44,385.88,1159.95,570.55,80
9,player,215,0,0,1076.62,385.73,1170.13,570.40,80
9,player,216,0,0,1086.80,385.58,1180.31,570.25,80
9,player,217,0,0,1096.98,385.43,1190.49,570.10,80
9,player,218,0,0,1107.16,385.28,1200.67,569.95,80
9,player,219,0,0,1117.34,385.12,1210.85,569.80,80
9,player,220,0,0,1127.52,384.97,1221.03,569.65,80
9,player,221,0,0,1137.70,384.82,1231.21,569.50,80
9,player,222,0,0,1147.88,384.67,1241.39,569.35,80
9,player,223,0,0,1158.06,384.52,1251.57,569.20,80
9,player,224,0,0,1168.24,384.37,1261.75,569.05,80
9,player,225,0,0,1178.42,384.22,1271.93,568.89,80
9,player,226,0,0,1188.60,384.07,1282.11,568.74,80
9,player,227,0,0,1198.78,383.92,1292.29,568.59,80
9,player,228,0,0,1208.96,383.77,1302.47,568.44,80
9,player,229,0,0,1219.98,383.10,1313.49,567.77,80
9,player,230,0,0,1231.00,382.43,1324.51,567.11,80
9,player,231,0,0,1242.02,381.76,1335.53,566.44,80
9,player,232,0,0,1253.04,381.10,1346.55,565.77,80
9,player,233,0,0,1264.07,380.43,1357.57,565.10,80
9,player,234,0,0,1275.09,379.76,1368.59,564.43,80
9,player,235,0,0,1286.11,379.09,1379.61,563.77,80
9,player,236,0,0,1297.13,378.42,1390.63,563.10,80
9,player,237,0,0,1308.15,377.76,1401.65,562.43,80
9,player,238,0,0,1319.17,377.09,1412.67,561.76,80
9,player,239,0,0,1330.19,376.42,1423.69,561.10,80
9,player,240,0,0,1341.21,375.75,1434.71,560.43,80
9,player,241,0,0,1352.23,375.08,1445.73,559.76,80
9,player,242,0,0,1363.25,374.42,1456.75,559.09,80
9,player,243,0,0,1369.09,373.25,1462.60,557.92,80
9,player,244,0,0,1374.94,372.08,1468.44,556.75,80
9,player,245,0,0,1374.21,370.11,1467.71,554.78,80
9,player,246,0,0,1373.48,368.14,1466.98,552.81,80
9,player,247,0,0,1372.75,366.16,1466.25,550.84,80
9,player,248,0,0,1372.02,364.19,1465.52,548.87,80
9,player,249,0,0,1371.28,362.22,1464.79,546.89,80
9,player,250,0,0,1370.55,360.25,1464.06,544.92,80
9,player,251,0,0,1369.82,358.27,1463.33,542.95,80
9,player,252,0,0,1369.09,356.30,1462.60,540.98,80
9,player,253,0,0,1368.36,354.33,1461.87,539.00,80
9,player,254,0,0,1367.63,352.36,1461.14,537.03,80
9,player,255,0,0,1366.90,350.38,1460.41,535.06,80
9,player,256,0,0,1366.17,348.41,1459.68,533.09,80
9,player,257,0,0,1365.44,346.44,1458.95,531.11,80
9,player,258,0,0,1364.71,344.47,1458.22,529.14,80
9,player,259,0,0,1363.98,342.49,1457.49,527.17,80
9,player,260,0,0,1363.25,340.52,1456.75,525.20,80
9,player,261,0,0,1362.52,338.55,1456.02,523.22,80
9,player,262,0,0,1361.79,336.58,1455.29,521.25,80
9,player,263,0,0,1361.06,334.60,1454.56,519.28,80
9,player,264,0,0,1360.33,332.63,1453.83,517.31,80
9,player,265,0,0,1359.60,330.66,1453.10,515.33,80
9,player,266,0,0,1358.87,328.69,1452.37,513.36,80
9,player,267,0,0,1358.14,326.72,1451.64,511.39,80
9,player,268,0,0,1357.40,324.74,1450.91,509.42,80
9,player,269,0,0,1356.67,322.77,1450.18,507.45,80
9,player,270,0,0,1355.94,320.80,1449.45,505.47,80
9,player,271,0,0,1355.21,318.83,1448.72,503.50,80
9,player,272,0,0,1354.48,316.85,1447.99,501.53,80
9,player,273,0,0,1353.75,314.88,1447.26,499.56,80
9,player,274,0,0,1353.02,312.91,1446.53,497.58,80
9,player,275,0,0,1352.29,310.94,1445.80,495.61,80
9,player,276,0,0,1351.56,308.96,1445.07,493.64,80
9,player,277,0,0,1346.42,308.96,1439.92,493.64,80
9,player,278,0,0,1341.28,308.96,1434.78,493.64,80
9,player,279,0,0,1336.13,308.96,1429.64,493.64,80
9,player,280,0,0,1330.99,308.96,1424.50,493.64,80
9,player,281,0,0,1325.85,308.96,1419.35,493.64,80
9,player,282,0,0,1330.52,308.96,1424.03,493.64,80
9,player,283,0,0,1335.20,308.96,1428.70,493.64,80
9,player,284,0,0,1339.87,308.96,1433.38,493.64,80
9,player,285,0,0,1344.55,308.96,1438.05,493.64,80
9,player,286,0,0,1349.22,308.96,1442.73,493.64,80
9,player,287,0,0,1353.90,308.96,1447.40,493.64,80
9,player,288,0,0,1358.57,308.96,1452.08,493.64,80
9,player,289,0,0,1363.25,308.96,1456.75,493.64,80
9,player,290,0,0,1367.92,308.96,1461.43,493.64,80
9,player,291,0,0,1372.60,308.96,1466.11,493.64,80
9,player,292,0,0,1377.27,308.96,1470.78,493.64,80
9,player,293,0,0,1381.95,308.96,1475.46,493.64,80
9,player,294,0,0,1386.63,308.96,1480.13,493.64,80
9,player,295,0,0,1391.30,308.96,1484.81,493.64,80
9,player,296,0,0,1395.98,308.96,1489.48,493.64,80
9,player,297,0,0,1400.65,308.96,1494.16,493.64,80
9,player,298,0,0,1405.33,308.96,1498.83,493.64,80
9,player,299,0,0,1410.00,308.96,1503.51,493.64,80
9,player,300,0,0,1414.68,308.96,1508.18,493.64,80
9,player,301,0,0,1415.53,307.26,1509.03,491.94,80
9,player,302,0,0,1416.38,305.56,1509.88,490.24,80
9,player,303,0,0,1417.23,303.86,1510.73,488.54,80
9,player,304,0,0,1418.08,302.16,1511.58,486.84,80
9,player,305,0,0,1418.93,300.46,1512.43,485.14,80
9,player,306,0,0,1419.78,298.76,1513.28,483.44,80
9,player,307,0,0,1420.63,297.06,1514.13,481.74,80
9,player,308,0,0,1421.48,295.36,1514.98,480.04,80
9,player,309,0,0,1422.33,293.66,1515.83,478.34,80
9,player,310,0,0,1423.18,291.96,1516.68,476.64,80
9,player,311,0,0,1424.03,290.26,1517.53,474.94,80
9,player,312,0,0,1424.40,290.11,1517.91,474.79,80
9,player,313,0,0,1424.78,289.96,1518.29,474.63,80
9,player,314,0,0,1425.16,289.81,1518.66,474.48,80
9,player,315,0,0,1425.54,289.66,1519.04,474.33,80
9,player,316,0,0,1425.91,289.51,1519.42,474.18,80
9,player,317,0,0,1426.29,289.36,1519.80,474.03,80
9,player,318,0,0,1426.67,289.21,1520.17,473.88,80
9,player,319,0,0,1427.04,289.06,1520.55,473.73,80
9,player,320,0,0,1427.42,288.90,1520.93,473.58,80
9,player,321,0,0,1427.80,288.75,1521.30,473.43,80
9,player,322,0,0,1428.17,288.60,1521.68,473.28,80
9,player,323,0,0,1428.55,288.45,1522.06,473.13,80
9,player,324,0,0,1428.93,288.30,1522.43,472.98,80
9,player,325,0,0,1429.31,288.15,1522.81,472.83,80
9,player,326,0,0,1429.68,288.00,1523.19,472.67,80
9,player,327,0,0,1430.06,287.85,1523.57,472.52,80
9,player,328,0,0,1430.44,287.70,1523.94,472.37,80
9,player,329,0,0,1430.81,287.55,1524.32,472.22,80
9,player,330,0,0,1431.19,287.40,1524.70,472.07,80
9,player,331,0,0,1431.57,287.25,1525.07,471.92,80
9,player,332,0,0,1431.95,287.09,1525.45,471.77,80
9,player,333,0,0,1432.32,286.94,1525.83,471.62,80
9,player,334,0,0,1432.70,286.79,1526.21,471.47,80
9,player,335,0,0,1433.08,286.64,1526.58,471.32,80
9,player,336,0,0,1433.45,286.49,1526.96,471.17,80
9,player,337,0,0,1433.83,286.34,1527.34,471.02,80
9,player,338,0,0,1434.21,286.19,1527.71,470.86,80
9,player,339,0,0,1434.58,286.04,1528.09,470.71,80
9,player,340,0,0,1434.96,285.89,1528.47,470.56,80
9,player,341,0,0,1435.34,285.74,1528.84,470.41,80
9,player,342,0,0,1435.72,285.59,1529.22,470.26,80
9,player,343,0,0,1434.66,285.22,1528.11,469.05,80
9,player,344,0,0,1433.61,284.84,1526.99,467.85,80
9,player,345,0,0,1432.56,284.47,1525.88,466.64,80
9,player,346,0,0,1431.50,284.10,1524.76,465.43,80
9,player,347,0,0,1430.45,283.73,1523.65,464.22,80
9,player,348,0,0,1429.39,283.36,1522.53,463.01,80
9,player,349,0,0,1428.34,282.98,1521.42,461.80,80
9,player,350,0,0,1427.29,282.61,1520.30,460.60,80
9,player,351,0,0,1426.23,282.24,1519.19,459.39,80
9,player,352,0,0,1425.18,281.87,1518.07,458.18,80
9,player,353,0,0,1424.13,281.50,1516.96,456.97,80
9,player,354,0,0,1423.07,281.12,1515.84,455.76,80
9,player,355,0,0,1422.02,280.75,1514.73,454.56,80
9,player,356,0,0,1420.97,280.38,1513.61,453.35,80
9,player,357,0,0,1419.91,280.01,1512.50,452.14,80
9,player,358,0,0,1418.86,279.64,1511.38,450.93,80
9,player,359,0,0,1417.81,279.27,1510.27,449.72,80
9,player,360,0,0,1416.75,278.89,1509.16,448.52,80
9,player,361,0,0,1415.70,278.52,1508.04,447.31,80
9,player,362,0,0,1414.64,278.15,1506.93,446.10,80
9,player,363,0,0,1413.59,277.78,1505.81,444.89,80
9,player,364,0,0,1412.54,277.41,1504.70,443.68,80
9,player,365,0,0,1411.48,277.03,1503.58,442.47,80
9,player,366,0,0,1410.43,276.66,1502.47,441.27,80
9,player,367,0,0,1409.38,276.29,1501.35,440.06,80
9,player,368,0,0,1408.32,275.92,1500.24,438.85,80
9,player,369,0,0,1407.27,275.55,1499.12,437.64,80
9,player,370,0,0,1406.22,275.18,1498.01,436.43,80
9,player,371,0,0,1405.16,274.80,1496.89,435.23,80
9,player,372,0,0,1404.11,274.43,1495.78,434.02,80
9,player,373,0,0,1403.06,274.06,1494.66,432.81,80
9,player,374,0,0,1402.00,273.69,1493.55,431.60,80
9,player,375,0,0,1400.95,273.32,1492.43,430.39,80
9,player,376,0,0,1399.90,272.94,1491.32,429.18,80
9,player,377,0,0,1398.84,272.57,1490.20,427.98,80
9,player,378,0,0,1397.79,272.20,1489.09,426.77,80
9,player,379,0,0,1396.73,271.83,1487.97,425.56,80
9,player,380,0,0,1395.68,271.46,1486.86,424.35,80
9,player,381,0,0,1394.63,271.09,1485.74,423.14,80
9,player,382,0,0,1393.57,270.71,1484.63,421.94,80
9,player,383,0,0,1392.52,270.34,1483.51,420.73,80
9,player,384,0,0,1391.47,269.97,1482.40,419.52,80
9,player,385,0,0,1390.41,269.60,1481.28,418.31,80
9,player,386,0,0,1389.36,269.23,1480.17,417.10,80
9,player,387,0,0,1388.31,268.85,1479.06,415.90,80
9,player,388,0,0,1387.25,268.48,1477.94,414.69,80
9,player,389,0,0,1386.20,268.11,1476.83,413.48,80
9,player,390,0,0,1385.15,267.74,1475.71,412.27,80
9,player,391,0,0,1384.09,267.37,1474.60,411.06,80
9,player,392,0,0,1383.04,266.99,1473.48,409.85,80
9,player,393,0,0,1381.99,266.62,1472.37,408.65,80
9,player,394,0,0,1380.93,266.25,1471.25,407.44,80
9,player,395,0,0,1379.88,265.88,1470.14,406.23,80
9,player,396,0,0,1378.82,265.51,1469.02,405.02,80
9,player,397,0,0,1377.77,265.14,1467.91,403.81,80
9,player,398,0,0,1376.72,264.76,1466.79,402.61,80
9,player,399,0,0,1375.66,264.39,1465.68,401.40,80
9,player,400,0,0,1374.61,264.02,1464.56,400.19,80
9,player,401,0,0,1373.56,263.65,1463.45,398.98,80
9,player,402,0,0,1372.50,263.28,1462.33,397.77,80
9,player,403,0,0,1371.45,262.90,1461.22,396.57,80
9,player,404,0,0,1370.40,262.53,1460.10,395.36,80
9,player,405,0,0,1369.34,262.16,1458.99,394.15,80
9,player,406,0,0,1368.29,261.79,1457.87,392.94,80
9,player,407,0,0,1367.24,261.42,1456.76,391.73,80
9,player,408,0,0,1366.18,261.05,1455.64,390.52,80
9,player,409,0,0,1365.13,260.67,1454.53,389.32,80
9,player,410,0,0,1364.08,260.30,1453.41,388.11,80
9,player,411,0,0,1363.02,259.93,1452.30,386.90,80
9,player,412,0,0,1361.83,258.98,1451.11,385.95,80
9,player,413,0,0,1360.65,258.03,1449.92,385.00,80
9,player,414,0,0,1359.46,257.08,1448.74,384.05,80
9,player,415,0,0,1358.27,256.13,1447.55,383.10,80
9,player,416,0,0,1357.08,255.18,1446.36,382.15,80
9,player,417,0,0,1355.89,254.23,1445.17,381.20,80
9,player,418,0,0,1354.71,253.28,1443.99,380.25,80
9,player,419,0,0,1353.52,252.33,1442.80,379.30,80
9,player,420,0,0,1352.33,251.38,1441.61,378.35,80
9,player,421,0,0,1349.48,248.88,1438.76,375.85,80
9,player,422,0,0,1346.63,246.39,1435.91,373.36,80
9,player,423,0,0,1343.78,243.89,1433.06,370.86,80
9,player,424,0,0,1340.93,241.40,1430.21,368.37,80
9,player,425,0,0,1338.08,238.91,1427.36,365.88,80
9,player,426,0,0,1335.23,236.41,1424.50,363.38,80
9,player,427,0,0,1332.38,233.92,1421.65,360.89,80
9,player,428,0,0,1329.52,231.42,1418.80,358.39,80
9,player,429,0,0,1326.67,228.93,1415.95,355.90,80
9,player,430,0,0,1323.82,226.43,1413.10,353.40,80
9,player,431,0,0,1320.97,223.94,1410.25,350.91,80
9,player,432,0,0,1318.12,221.44,1407.40,348.41,80
9,player,433,0,0,1321.54,220.16,1408.68,347.13,80
9,player,434,0,0,1324.96,218.88,1409.97,345.84,80
9,player,435,0,0,1328.38,217.60,1411.25,344.56,80
9,player,436,0,0,1331.80,216.31,1412.53,343.27,80
9,player,437,0,0,1335.21,215.03,1413.81,341.99,80
9,player,438,0,0,1328.97,214.99,1407.57,341.94,80
9,player,439,0,0,1322.72,214.95,1401.32,341.90,80
9,player,440,0,0,1316.47,214.90,1395.07,341.86,80
9,player,441,0,0,1310.23,214.86,1388.83,341.82,80
9,player,442,0,0,1303.98,214.82,1382.58,341.78,80
9,player,443,0,0,1297.73,214.78,1376.33,341.73,80
9,player,444,0,0,1291.49,214.74,1370.09,341.69,80
9,player,445,0,0,1285.24,214.69,1363.84,341.65,80
9,player,446,0,0,1278.99,214.65,1357.59,341.61,80
9,player,447,0,0,1272.75,214.61,1351.35,341.57,80
9,player,448,0,0,1266.50,214.57,1345.10,341.52,80
9,player,449,0,0,1260.26,214.53,1338.85,341.48,80
9,player,450,0,0,1254.01,214.49,1332.61,341.44,80
9,player,451,0,0,1247.76,214.44,1326.36,341.40,80
9,player,452,0,0,1241.52,214.40,1320.12,341.36,80
9,player,453,0,0,1235.27,214.36,1313.87,341.31,80
9,player,454,0,0,1229.02,214.32,1307.62,341.27,80
9,player,455,0,0,1222.78,214.28,1301.38,341.23,80
9,player,456,0,0,1216.53,214.23,1295.13,341.19,80
9,player,457,0,0,1210.28,214.19,1288.88,341.15,80
9,player,458,0,0,1204.04,214.15,1282.64,341.11,80
9,player,459,0,0,1197.79,214.11,1276.39,341.06,80
9,player,460,0,0,1191.54,214.07,1270.14,341.02,80
9,player,461,0,0,1185.30,214.02,1263.90,340.98,80
9,player,462,0,0,1179.05,213.98,1257.65,340.94,80
9,player,463,0,0,1172.80,213.94,1251.40,340.90,80
9,player,464,0,0,1166.56,213.90,1245.16,340.85,80
9,player,465,0,0,1160.31,213.86,1238.91,340.81,80
9,player,466,0,0,1154.06,213.81,1232.66,340.77,80
9,player,467,0,0,1147.82,213.77,1226.42,340.73,80
9,player,468,0,0,1141.57,213.73,1220.17,340.69,80
9,player,469,0,0,1135.32,213.69,1213.92,340.64,80
9,player,470,0,0,1129.08,213.65,1207.68,340.60,80
9,player,471,0,0,1122.83,213.60,1201.43,340.56,80
9,player,472,0,0,1116.58,213.56,1195.18,340.52,80
9,player,473,0,0,1110.34,213.52,1188.94,340.48,80
9,player,474,0,0,1104.09,213.48,1182.69,340.43,80
9,player,475,0,0,1097.84,213.44,1176.44,340.39,80
9,player,476,0,0,1091.60,213.39,1170.20,340.35,80
9,player,477,0,0,1085.35,213.35,1163.95,340.31,80
9,player,478,0,0,1079.11,213.31,1157.70,340.27,80
9,player,479,0,0,1072.86,213.27,1151.46,340.22,80
9,player,480,0,0,1066.61,213.23,1145.21,340.18,80
9,player,481,0,0,1060.37,213.19,1138.97,340.14,80
9,player,482,0,0,1054.12,213.14,1132.72,340.10,80
9,player,483,0,0,1047.87,213.10,1126.47,340.06,80
9,player,484,0,0,1041.63,213.06,1120.23,340.02,80
9,player,485,0,0,1035.38,213.02,1113.98,339.97,80
9,player,486,0,0,1029.13,212.98,1107.73,339.93,80
9,player,487,0,0,1022.89,212.93,1101.49,339.89,80
9,player,488,0,0,1016.64,212.89,1095.24,339.85,80
9,player,489,0,0,1010.40,212.36,1088.47,337.35,80
9,player,490,0,0,1004.17,211.83,1081.70,334.85,80
9,player,491,0,0,997.93,211.29,1074.93,332.36,80
9,player,492,0,0,991.70,210.76,1068.16,329.86,80
9,player,493,0,0,985.46,210.23,1061.39,327.37,80
9,player,494,0,0,979.22,209.70,1054.62,324.87,80
9,player,495,0,0,972.99,209.16,1047.85,322.37,80
9,player,496,0,0,966.75,208.63,1041.08,319.88,80
9,player,497,0,0,960.51,208.10,1034.31,317.38,80
9,player,498,0,0,954.28,207.57,1027.54,314.88,80
9,player,499,0,0,948.04,207.03,1020.77,312.39,80
9,player,500,0,0,941.81,206.50,1014.00,309.89,80
9,player,501,0,0,944.75,206.74,1016.95,310.13,80
9,player,502,0,0,947.70,206.98,1019.89,310.37,80
9,player,503,0,0,950.64,207.21,1022.84,310.60,80
9,player,504,0,0,953.59,207.45,1025.78,310.84,80
9,player,505,0,0,956.54,207.69,1028.73,311.08,80
9,player,506,0,0,959.48,207.93,1031.67,311.32,80
9,player,507,0,0,962.43,208.16,1034.62,311.55,80
9,player,508,0,0,965.37,208.40,1037.57,311.79,80
9,player,509,0,0,968.32,208.64,1040.51,312.03,80
9,player,510,0,0,971.26,208.88,1043.46,312.27,80
9,player,511,0,0,974.21,209.11,1046.40,312.50,80
9,player,512,0,0,977.16,209.35,1049.35,312.74,80
9,player,513,0,0,980.10,209.59,1052.30,312.98,80
9,player,514,0,0,983.05,209.83,1055.24,313.22,80
9,player,515,0,0,985.99,210.06,1058.19,313.45,80
9,player,516,0,0,988.94,210.30,1061.13,313.69,80
9,player,517,0,0,991.89,210.54,1064.08,313.93,80
9,player,518,0,0,994.83,210.78,1067.02,314.17,80
9,player,519,0,0,997.78,211.01,1069.97,314.40,80
9,player,520,0,0,1000.72,211.25,1072.92,314.64,80
9,player,521,0,0,1003.67,211.49,1075.86,314.88,80
9,player,522,0,0,1006.61,211.73,1078.81,315.12,80
9,player,523,0,0,1009.56,211.96,1081.75,315.35,80
9,player,524,0,0,1012.51,212.20,1084.70,315.59,80
9,player,525,0,0,1015.45,212.44,1087.65,315.83,80
9,player,526,0,0,1018.40,212.68,1090.59,316.07,80
9,player,527,0,0,1021.34,212.91,1093.54,316.30,80
9,player,528,0,0,1024.29,213.15,1096.48,316.54,80
9,player,529,0,0,1027.24,213.39,1099.43,316.78,80
9,player,530,0,0,1030.18,213.63,1102.37,317.02,80
9,player,531,0,0,1033.13,213.86,1105.32,317.25,80
9,player,532,0,0,1036.07,214.10,1108.27,317.49,80
9,player,533,0,0,1039.02,214.34,1111.21,317.73,80
9,player,534,0,0,1041.96,214.58,1114.16,317.97,80
9,player,535,0,0,1044.91,214.81,1117.10,318.21,80
9,player,536,0,0,1047.86,215.05,1120.05,318.44,80
9,player,537,0,0,1050.80,215.29,1123.00,318.68,80
9,player,538,0,0,1053.75,215.53,1125.94,318.92,80
9,player,539,0,0,1056.69,215.77,1128.89,319.16,80
9,player,540,0,0,1059.64,216.00,1131.83,319.39,80
9,player,541,0,0,1062.58,216.24,1134.78,319.63,80
9,player,542,0,0,1065.53,216.48,1137.72,319.87,80
9,player,543,0,0,1068.48,216.72,1140.67,320.11,80
9,player,544,0,0,1071.42,216.95,1143.62,320.34,80
9,player,545,0,0,1074.37,217.19,1146.56,320.58,80
9,player,546,0,0,1071.31,218.11,1143.51,321.50,80
9,player,547,0,0,1068.26,219.02,1140.45,322.41,80
9,player,548,0,0,1065.20,219.94,1137.40,323.33,80
9,player,549,0,0,1062.15,220.86,1134.34,324.25,80
9,player,550,0,0,1059.10,221.77,1131.29,325.16,80
9,player,551,0,0,1056.04,222.69,1128.24,326.08,80
9,player,552,0,0,1052.99,223.60,1125.18,326.99,80
9,player,553,0,0,1049.10,223.90,1121.29,327.29,80
9,player,554,0,0,1045.21,224.19,1117.41,327.58,80
9,player,555,0,0,1041.33,224.48,1113.52,327.87,80
9,player,556,0,0,1037.44,224.77,1109.63,328.16,80
9,player,557,0,0,1033.55,225.06,1105.74,328.45,80
9,player,558,0,0,1029.66,225.35,1101.86,328.74,80
9,player,559,0,0,1025.78,225.65,1097.97,329.04,80
9,player,560,0,0,1021.89,225.94,1094.08,329.33,80
9,player,561,0,0,1018.00,226.23,1090.19,329.62,80
9,player,562,0,0,1014.11,226.52,1086.31,329.91,80
9,player,563,0,0,1010.23,226.81,1082.42,330.20,80
9,player,564,0,0,1006.34,227.10,1078.53,330.49,80
9,player,565,0,0,1002.45,227.39,1074.64,330.79,80
9,player,566,0,0,998.56,227.69,1070.76,331.08,80
9,player,567,0,0,994.68,227.98,1066.87,331.37,80
9,player,568,0,0,990.79,228.27,1062.98,331.66,80
9,player,569,0,0,986.90,228.56,1059.09,331.95,80
9,player,570,0,0,983.01,228.85,1055.21,332.24,80
9,player,571,0,0,979.13,229.14,1051.32,332.53,80
9,player,572,0,0,975.24,229.44,1047.43,332.83,80
9,player,573,0,0,971.35,229.73,1043.54,333.12,80
9,player,574,0,0,967.46,230.02,1039.66,333.41,80
9,player,575,0,0,964.30,230.25,1036.50,333.64,80
9,player,576,0,0,961.14,230.48,1033.34,333.87,80
9,player,577,0,0,957.98,230.72,1030.18,334.11,80
9,player,578,0,0,954.82,230.95,1027.01,334.34,80
9,player,579,0,0,951.66,231.18,1023.85,334.57,80
9,player,580,0,0,948.50,231.41,1020.69,334.80,80
9,player,581,0,0,945.34,231.65,1017.53,335.04,80
9,player,582,0,0,942.18,231.88,1014.37,335.27,80
9,player,583,0,0,939.02,232.11,1011.21,335.50,80
9,player,584,0,0,935.86,232.34,1008.05,335.73,80
9,player,585,0,0,932.70,232.57,1004.89,335.97,80
9,player,586,0,0,929.54,232.81,1001.73,336.20,80
9,player,587,0,0,926.38,233.04,998.57,336.43,80
9,player,588,0,0,923.21,233.27,995.41,336.66,80
9,player,589,0,0,920.05,233.50,992.25,336.89,80
9,player,590,0,0,916.89,233.74,989.09,337.13,80
9,player,591,0,0,913.73,233.97,985.93,337.36,80
9,player,592,0,0,910.57,234.20,982.77,337.59,80
9,player,593,0,0,907.41,234.43,979.60,337.82,80
9,player,594,0,0,904.25,234.67,976.44,338.06,80
9,player,595,0,0,901.09,234.90,973.28,338.29,80
9,player,596,0,0,897.93,235.13,970.12,338.52,80
9,player,597,0,0,894.77,235.36,966.96,338.75,80
9,player,598,0,0,891.61,235.60,963.80,338.99,80
9,player,599,0,0,888.45,235.83,960.64,339.22,80
9,player,600,0,0,885.29,236.06,957.48,339.45,80
9,player,601,0,0,882.13,236.29,954.32,339.68,80
9,player,602,0,0,878.97,236.53,951.16,339.92,80
9,player,603,0,0,875.81,236.76,948.00,340.15,80
9,player,604,0,0,872.64,236.99,944.84,340.38,80
9,player,605,0,0,869.48,237.22,941.68,340.61,80
9,player,606,0,0,866.32,237.46,938.52,340.85,80
9,player,607,0,0,863.16,237.69,935.36,341.08,80
9,player,608,0,0,860.00,237.92,932.20,341.31,80
9,player,609,0,0,856.84,238.15,929.03,341.54,80
9,player,610,0,0,853.68,238.38,925.87,341.78,80
9,player,611,0,0,850.52,238.62,922.71,342.01,80
9,player,612,0,0,847.36,238.85,919.55,342.24,80
9,player,613,0,0,844.20,239.08,916.39,342.47,80
9,player,614,0,0,841.04,239.31,913.23,342.71,80
9,player,615,0,0,837.88,239.55,910.07,342.94,80
9,player,616,0,0,834.72,239.78,906.91,343.17,80
9,player,617,0,0,831.56,240.01,903.75,343.40,80
9,player,618,0,0,828.40,240.24,900.59,343.63,80
9,player,619,0,0,825.23,240.48,897.43,343.87,80
9,player,620,0,0,822.07,240.71,894.27,344.10,80
9,player,621,0,0,818.91,240.94,891.11,344.33,80
9,player,622,0,0,815.75,241.17,887.95,344.56,80
9,player,623,0,0,812.59,241.41,884.79,344.80,80
9,player,624,0,0,809.43,241.64,881.62,345.03,80
9,player,625,0,0,806.27,241.87,878.46,345.26,80
9,player,626,0,0,803.11,242.10,875.30,345.49,80
9,player,627,0,0,799.95,242.34,872.14,345.73,80
9,player,628,0,0,796.79,242.57,868.98,345.96,80
9,player,629,0,0,793.63,242.80,865.82,346.19,80
9,player,630,0,0,790.47,243.03,862.66,346.42,80
9,player,631,0,0,787.31,243.27,859.50,346.66,80
9,player,632,0,0,784.15,243.50,856.34,346.89,80
9,player,633,0,0,780.99,243.73,853.18,347.12,80
9,player,634,0,0,777.83,243.96,850.02,347.35,80
9,player,635,0,0,774.66,244.19,846.86,347.59,80
9,player,636,0,0,771.50,244.43,843.70,347.82,80
9,player,637,0,0,768.34,244.66,840.54,348.05,80
9,player,638,0,0,765.18,244.89,837.38,348.28,80
9,player,639,0,0,762.02,245.12,834.22,348.52,80
9,player,640,0,0,758.86,245.36,831.05,348.75,80
9,player,641,0,0,755.70,245.59,827.89,348.98,80
9,player,642,0,0,752.54,245.82,824.73,349.21,80
9,player,643,0,0,749.38,246.05,821.57,349.44,80
9,player,644,0,0,746.22,246.29,818.41,349.68,80
9,player,645,0,0,743.06,246.52,815.25,349.91,80
9,player,646,0,0,739.90,246.75,812.09,350.14,80
9,player,647,0,0,736.74,246.98,808.93,350.37,80
9,player,648,0,0,733.58,247.22,805.77,350.61,80
9,player,649,0,0,730.42,247.45,802.61,350.84,80
9,player,650,0,0,727.25,247.68,799.45,351.07,80
9,player,651,0,0,724.09,247.91,796.29,351.30,80
9,player,652,0,0,720.93,248.15,793.13,351.54,80
9,player,653,0,0,717.77,248.38,789.97,351.77,80
9,player,654,0,0,714.61,248.61,786.81,352.00,80
9,player,655,0,0,711.45,248.84,783.65,352.23,80
9,player,656,0,0,708.29,249.08,780.48,352.47,80
9,player,657,0,0,705.13,249.31,777.32,352.70,80
9,player,658,0,0,701.97,249.54,774.16,352.93,80
9,player,659,0,0,698.81,249.77,771.00,353.16,80
9,player,660,0,0,695.65,250.01,767.84,353.40,80
9,player,661,0,0,692.49,250.24,764.68,353.63,80
9,player,662,0,0,689.33,250.47,761.52,353.86,80
9,player,663,0,0,686.17,250.70,758.36,354.09,80
9,player,664,0,0,683.01,250.93,755.20,354.33,80
9,player,665,0,0,679.85,251.17,752.04,354.56,80
9,player,666,0,0,676.68,251.40,748.88,354.79,80
9,player,667,0,0,673.90,251.40,746.10,354.79,80
9,player,668,0,0,671.13,251.40,743.32,354.79,80
9,player,669,0,0,668.35,251.40,740.54,354.79,80
9,player,670,0,0,665.57,251.40,737.76,354.79,80
9,player,671,0,0,662.79,251.40,734.98,354.79,80
9,player,672,0,0,660.01,251.40,732.20,354.79,80
9,player,673,0,0,657.23,251.40,729.42,354.79,80
9,player,674,0,0,654.45,251.40,726.64,354.79,80
9,player,675,0,0,651.67,251.40,723.86,354.79,80
9,player,676,0,0,648.89,251.40,721.08,354.79,80
9,player,677,0,0,643.74,250.50,715.93,353.89,80
9,player,678,0,0,638.58,249.60,710.77,352.99,80
9,player,679,0,0,633.43,248.71,705.62,352.10,80
9,player,680,0,0,628.27,247.81,700.47,351.20,80
9,player,681,0,0,623.12,246.91,695.31,350.30,80
9,player,682,0,0,617.97,246.01,690.16,349.40,80
9,player,683,0,0,612.81,245.11,685.01,348.50,80
9,player,684,0,0,607.66,244.22,679.85,347.61,80
9,player,685,0,0,602.51,243.32,674.70,346.71,80
9,player,686,0,0,597.35,242.42,669.55,345.81,80
9,player,687,0,0,592.20,241.52,664.39,344.91,80
9,player,688,0,0,587.04,240.62,659.24,344.01,80
9,player,689,0,0,581.89,239.73,654.08,343.12,80
9,player,690,0,0,576.74,238.83,648.93,342.22,80
9,player,691,0,0,571.58,237.93,643.78,341.32,80
9,player,692,0,0,566.43,237.03,638.62,340.42,80
9,player,693,0,0,561.28,236.13,633.47,339.52,80
9,player,694,0,0,556.12,235.24,628.32,338.63,80
9,player,695,0,0,554.56,236.01,626.76,339.41,80
9,player,696,0,0,553.01,236.79,625.20,340.18,80
9,player,697,0,0,551.45,237.57,623.64,340.96,80
9,player,698,0,0,542.10,237.57,614.29,340.96,80
9,player,699,0,0,532.75,237.57,604.94,340.96,80
9,player,700,0,0,530.09,237.23,602.29,340.62,80
9,player,701,0,0,527.44,236.89,599.64,340.28,80
9,player,702,0,0,524.79,236.55,596.99,339.94,80
9,player,703,0,0,522.14,236.20,594.33,339.60,80
9,player,704,0,0,519.49,235.86,591.68,339.25,80
9,player,705,0,0,516.84,235.52,589.03,338.91,80
9,player,706,0,0,514.19,235.18,586.38,338.57,80
9,player,707,0,0,511.54,234.84,583.73,338.23,80
9,player,708,0,0,508.89,234.49,581.08,337.88,80
9,player,709,0,0,506.23,234.15,578.43,337.54,80
9,player,710,0,0,503.58,233.81,575.78,337.20,80
9,player,711,0,0,500.93,233.47,573.12,336.86,80
9,player,712,0,0,498.28,233.13,570.47,336.52,80
9,player,713,0,0,495.63,232.78,567.82,336.17,80
9,player,714,0,0,492.98,232.44,565.17,335.83,80
9,player,715,0,0,490.33,232.10,562.52,335.49,80
9,player,716,0,0,487.68,231.76,559.87,335.15,80
9,player,717,0,0,485.02,231.42,557.22,334.81,80
9,player,718,0,0,482.37,231.07,554.57,334.46,80
9,player,719,0,0,479.72,230.73,551.92,334.12,80
9,player,720,0,0,477.07,230.39,549.26,333.78,80
9,player,721,0,0,474.42,230.05,546.61,333.44,80
9,player,722,0,0,471.77,229.70,543.96,333.10,80
9,player,723,0,0,469.12,229.36,541.31,332.75,80
9,player,724,0,0,466.47,229.02,538.66,332.41,80
9,player,725,0,0,471.96,229.02,544.16,332.41,80
9,player,726,0,0,477.46,229.02,549.65,332.41,80
9,player,727,0,0,482.96,229.02,555.15,332.41,80
9,player,728,0,0,488.46,229.02,560.65,332.41,80
9,player,729,0,0,493.96,229.02,566.15,332.41,80
9,player,730,0,0,499.45,229.02,571.65,332.41,80
9,player,731,0,0,504.95,229.02,577.14,332.41,80
9,player,732,0,0,511.42,229.36,583.62,332.75,80
9,player,733,0,0,517.89,229.70,590.09,333.10,80
9,player,734,0,0,524.36,230.05,596.56,333.44,80
9,player,735,0,0,530.84,230.39,603.03,333.78,80
9,player,736,0,0,537.31,230.73,609.50,334.12,80
9,player,737,0,0,543.78,231.07,615.97,334.46,80
9,player,738,0,0,550.25,231.42,622.44,334.81,80
9,player,739,0,0,556.72,231.76,628.91,335.15,80
9,player,740,0,0,563.19,232.10,635.39,335.49,80
9,player,741,0,0,569.66,232.44,641.86,335.83,80
9,player,742,0,0,576.14,232.78,648.33,336.17,80
9,player,743,0,0,582.61,233.13,654.80,336.52,80
9,player,744,0,0,589.08,233.47,661.27,336.86,80
9,player,745,0,0,595.55,233.81,667.74,337.20,80
9,player,746,0,0,602.02,234.15,674.21,337.54,80
9,player,747,0,0,608.49,234.49,680.68,337.88,80
9,player,748,0,0,614.96,234.84,687.16,338.23,80
9,player,749,0,0,621.43,235.18,693.63,338.57,80
9,player,750,0,0,627.91,235.52,700.10,338.91,80
9,player,751,0,0,634.38,235.86,706.57,339.25,80
9,player,752,0,0,640.85,236.20,713.04,339.59,80
9,player,753,0,0,647.32,236.55,719.51,339.94,80
9,player,754,0,0,653.79,236.89,725.98,340.28,80
9,player,755,0,0,660.26,237.23,732.45,340.62,80
9,player,756,0,0,666.73,237.57,738.93,340.96,80
9,player,757,0,0,673.20,237.92,745.40,341.31,80
9,player,758,0,0,679.68,238.26,751.87,341.65,80
9,player,759,0,0,686.15,238.60,758.34,341.99,80
9,player,760,0,0,692.62,238.94,764.81,342.33,80
9,player,761,0,0,699.09,239.28,771.28,342.67,80
9,player,762,0,0,705.56,239.63,777.75,343.02,80
9,player,763,0,0,712.03,239.97,784.22,343.36,80
9,player,764,0,0,718.50,240.31,790.70,343.70,80
9,player,765,0,0,724.97,240.65,797.17,344.04,80
9,player,766,0,0,731.45,240.99,803.64,344.38,80
9,player,767,0,0,737.92,241.34,810.11,344.73,80
9,player,768,0,0,744.39,241.68,816.58,345.07,80
9,player,769,0,0,750.86,242.02,823.05,345.41,80
9,player,770,0,0,757.33,242.36,829.52,345.75,80
9,player,771,0,0,763.80,242.70,836.00,346.09,80
9,player,772,0,0,770.27,243.05,842.47,346.44,80
9,player,773,0,0,776.74,243.39,848.94,346.78,80
9,player,774,0,0,783.22,243.73,855.41,347.12,80
9,player,775,0,0,789.69,244.07,861.88,347.46,80
9,player,776,0,0,796.16,244.41,868.35,347.81,80
9,player,777,0,0,802.63,244.76,874.82,348.15,80
9,player,778,0,0,809.10,245.10,881.29,348.49,80
9,player,779,0,0,815.57,245.44,887.77,348.83,80
9,player,780,0,0,822.04,245.78,894.24,349.17,80
9,player,781,0,0,828.51,246.13,900.71,349.52,80
9,player,782,0,0,834.99,246.47,907.18,349.86,80
9,player,783,0,0,841.46,246.81,913.65,350.20,80
9,player,784,0,0,847.93,247.15,920.12,350.54,80
9,player,785,0,0,854.40,247.49,926.59,350.88,80
9,player,786,0,0,860.87,247.84,933.06,351.23,80
9,player,787,0,0,867.34,248.18,939.54,351.57,80
9,player,788,0,0,873.81,248.52,946.01,351.91,80
9,player,789,0,0,880.28,248.86,952.48,352.25,80
9,player,790,0,0,886.76,249.20,958.95,352.59,80
9,player,791,0,0,893.23,249.55,965.42,352.94,80
9,player,792,0,0,899.70,249.89,971.89,353.28,80
9,player,793,0,0,906.17,250.23,978.36,353.62,80
9,player,794,0,0,912.64,250.57,984.83,353.96,80
9,player,795,0,0,919.11,250.91,991.31,354.31,80
9,player,796,0,0,925.58,251.26,997.78,354.65,80
9,player,797,0,0,932.05,251.60,1004.25,354.99,80
9,player,798,0,0,938.53,251.94,1010.72,355.33,80
9,player,799,0,0,945.00,252.28,1017.19,355.67,80
9,player,800,0,0,951.47,252.63,1023.66,356.02,80
9,player,801,0,0,957.94,252.97,1030.13,356.36,80
9,player,802,0,0,964.41,253.31,1036.60,356.70,80
9,player,803,0,0,970.88,253.65,1043.08,357.04,80
9,player,804,0,0,977.35,253.99,1049.55,357.38,80
9,player,805,0,0,983.82,254.34,1056.02,357.73,80
9,player,806,0,0,990.30,254.68,1062.49,358.07,80
9,player,807,0,0,991.61,254.84,1063.80,358.23,80
9,player,808,0,0,992.93,255.01,1065.12,358.40,80
9,player,809,0,0,994.24,255.17,1066.44,358.56,80
9,player,810,0,0,995.56,255.34,1067.75,358.73,80
9,player,811,0,0,996.87,255.50,1069.07,358.89,80
9,player,812,0,0,998.19,255.66,1070.38,359.06,80
9,player,813,0,0,999.51,255.83,1071.70,359.22,80
9,player,814,0,0,1000.82,255.99,1073.02,359.38,80
9,player,815,0,0,1002.14,256.16,1074.33,359.55,80
9,player,816,0,0,1003.45,256.32,1075.65,359.71,80
9,player,817,0,0,1004.77,256.49,1076.96,359.88,80
9,player,818,0,0,1006.08,256.65,1078.28,360.04,80
9,player,819,0,0,1007.40,256.82,1079.59,360.21,80
9,player,820,0,0,1007.53,256.61,1079.73,360.00,80
9,player,821,0,0,1007.66,256.41,1079.86,359.80,80
9,player,822,0,0,1007.80,256.21,1079.99,359.60,80
9,player,823,0,0,1007.93,256.00,1080.12,359.39,80
9,player,824,0,0,1008.06,255.80,1080.25,359.19,80
9,player,825,0,0,1008.19,255.59,1080.38,358.99,80
9,player,826,0,0,1008.32,255.39,1080.52,358.78,80
9,player,827,0,0,1008.45,255.19,1080.65,358.58,80
9,player,828,0,0,1008.59,254.98,1080.78,358.37,80
9,player,829,0,0,1008.72,254.78,1080.91,358.17,80
9,player,830,0,0,1008.85,254.58,1081.04,357.97,80
9,player,831,0,0,1008.98,254.37,1081.17,357.76,80
9,player,832,0,0,1009.11,254.17,1081.31,357.56,80
9,player,833,0,0,1009.24,253.97,1081.44,357.36,80
9,player,834,0,0,1009.38,253.76,1081.57,357.15,80
9,player,835,0,0,1009.51,253.56,1081.70,356.95,80
9,player,836,0,0,1009.64,253.35,1081.83,356.75,80
9,player,837,0,0,1009.77,253.15,1081.96,356.54,80
9,player,838,0,0,1009.90,252.95,1082.10,356.34,80
9,player,839,0,0,1010.03,252.74,1082.23,356.13,80
9,player,840,0,0,1010.17,252.54,1082.36,355.93,80
9,player,841,0,0,1010.30,252.34,1082.49,355.73,80
9,player,842,0,0,1010.43,252.13,1082.62,355.52,80
9,player,843,0,0,1010.56,251.93,1082.75,355.32,80
9,player,844,0,0,1010.69,251.73,1082.88,355.12,80
9,player,845,0,0,1010.82,251.52,1083.02,354.91,80
9,player,846,0,0,1007.67,251.32,1079.86,354.71,80
9,player,847,0,0,1004.52,251.12,1076.71,354.51,80
9,player,848,0,0,1001.36,250.91,1073.56,354.30,80
9,player,849,0,0,998.21,250.71,1070.40,354.10,80
9,player,850,0,0,995.05,250.50,1067.25,353.89,80
9,player,851,0,0,991.90,250.30,1064.09,353.69,80
9,player,852,0,0,988.75,250.10,1060.94,353.49,80
9,player,853,0,0,985.59,249.89,1057.79,353.28,80
9,player,854,0,0,982.44,249.69,1054.63,353.08,80
9,player,855,0,0,979.29,249.49,1051.48,352.88,80
9,player,856,0,0,976.13,249.28,1048.32,352.67,80
9,player,857,0,0,972.98,249.08,1045.17,352.47,80
9,player,858,0,0,969.82,248.87,1042.02,352.27,80
9,player,859,0,0,966.67,248.67,1038.86,352.06,80
9,player,860,0,0,963.52,248.47,1035.71,351.86,80
9,player,861,0,0,960.36,248.26,1032.56,351.65,80
9,player,862,0,0,957.00,248.42,1029.20,351.81,80
9,player,863,0,0,953.64,248.57,1025.84,351.96,80
9,player,864,0,0,950.28,248.72,1022.48,352.11,80
9,player,865,0,0,946.92,248.87,1019.12,352.27,80
9,player,866,0,0,943.56,249.03,1015.76,352.42,80
9,player,867,0,0,940.20,249.18,1012.40,352.57,80
9,player,868,0,0,936.84,249.33,1009.04,352.72,80
9,player,869,0,0,933.48,249.49,1005.68,352.88,80
9,player,870,0,0,930.12,249.64,1002.32,353.03,80
9,player,871,0,0,926.76,249.79,998.96,353.18,80
9,player,872,0,0,923.40,249.94,995.60,353.33,80
9,player,873,0,0,920.04,250.10,992.24,353.49,80
9,player,874,0,0,916.68,250.25,988.88,353.64,80
9,player,875,0,0,913.32,250.40,985.52,353.79,80
9,player,876,0,0,911.99,250.76,984.18,354.15,80
9,player,877,0,0,910.65,251.11,982.84,354.51,80
9,player,878,0,0,909.32,251.47,981.51,354.86,80
9,player,879,0,0,907.98,251.83,980.17,355.22,80
9,player,880,0,0,906.64,252.18,978.84,355.57,80
9,player,881,0,0,905.31,252.54,977.50,355.93,80
9,player,882,0,0,903.97,252.90,976.16,356.29,80
9,player,883,0,0,902.63,253.25,974.83,356.64,80
9,player,884,0,0,901.30,253.61,973.49,357.00,80
9,player,885,0,0,899.96,253.97,972.15,357.36,80
9,player,886,0,0,898.62,254.32,970.82,357.71,80
9,player,887,0,0,897.29,254.68,969.48,358.07,80
9,player,888,0,0,895.95,255.03,968.15,358.42,80
9,player,889,0,0,894.62,255.39,966.81,358.78,80
9,player,890,0,0,893.28,255.75,965.47,359.14,80
9,player,891,0,0,891.94,256.10,964.14,359.49,80
9,player,892,0,0,890.61,256.46,962.80,359.85,80
9,player,893,0,0,889.27,256.82,961.46,360.21,80
9,player,894,0,0,887.93,257.17,960.13,360.56,80
9,player,895,0,0,886.60,257.53,958.79,360.92,80
9,player,896,0,0,885.26,257.89,957.46,361.28,80
9,player,897,0,0,883.93,258.24,956.12,361.63,80
9,player,898,0,0,882.59,258.60,954.78,361.99,80
9,player,899,0,0,881.25,258.95,953.45,362.34,80
10,player,80,0,0,891.04,175.71,984.54,360.39,-1
10,player,81,0,0,899.39,174.71,992.89,359.39,-1
10,player,82,0,0,907.74,173.71,1001.24,358.39,-1
10,player,83,0,0,916.09,172.71,1009.59,357.38,-1
10,player,84,0,0,924.43,171.71,1017.94,356.38,-1
10,player,85,0,0,932.78,170.70,1026.29,355.38,-1
10,player,86,0,0,941.13,169.70,1034.64,354.38,-1
10,player,87,0,0,949.48,168.70,1042.99,353.38,-1
10,player,88,0,0,955.49,168.37,1049.00,353.04,-1
10,player,89,0,0,961.50,168.03,1055.01,352.71,-1
10,player,90,0,0,967.51,167.70,1061.02,352.37,-1
10,player,91,0,0,973.53,167.37,1067.03,352.04,-1
10,player,92,0,0,979.54,167.03,1073.04,351.71,-1
10,player,93,0,0,985.55,166.70,1079.05,351.37,-1
10,player,94,0,0,991.56,166.36,1085.06,351.04,-1
10,player,95,0,0,999.74,164.03,1093.25,348.70,-1
10,player,96,0,0,1007.92,161.69,1101.43,346.36,-1
10,player,97,0,0,1015.36,161.26,1108.87,345.94,-1
10,player,98,0,0,1022.80,160.84,1116.30,345.51,-1
10,player,99,0,0,1030.24,160.41,1123.74,345.09,-1
10,player,100,0,0,1037.67,159.99,1131.18,344.66,-1
10,player,101,0,0,1045.11,159.56,1138.62,344.24,-1
10,player,102,0,0,1052.55,159.14,1146.06,343.81,-1
10,player,103,0,0,1059.99,158.71,1153.49,343.39,-1
10,player,104,0,0,1067.43,158.29,1160.93,342.96,-1
10,player,105,0,0,1074.86,157.86,1168.37,342.54,-1
10,player,106,0,0,1082.30,157.44,1175.81,342.11,-1
10,player,107,0,0,1089.74,157.01,1183.25,341.69,-1
10,player,108,0,0,1107.66,156.23,1201.17,340.91,-1
10,player,109,0,0,1125.58,155.45,1219.09,340.13,-1
10,player,110,0,0,1143.51,154.67,1237.01,339.35,-1
10,player,111,0,0,1161.43,153.90,1254.93,338.57,-1
10,player,112,0,0,1179.35,153.12,1272.86,337.79,-1
10,player,113,0,0,1197.27,152.34,1290.78,337.01,-1
10,player,114,0,0,1198.51,152.72,1292.02,337.39,-1
10,player,115,0,0,1199.75,153.10,1293.26,337.78,-1
10,player,116,0,0,1200.99,153.48,1294.50,338.16,-1
10,player,117,0,0,1202.23,153.86,1295.74,338.54,-1
10,player,118,0,0,1203.47,154.25,1296.98,338.92,-1
10,player,119,0,0,1204.71,154.63,1298.22,339.30,-1
10,player,120,0,0,1205.96,155.01,1299.46,339.68,-1
10,player,121,0,0,1207.20,155.39,1300.70,340.06,-1
10,player,122,0,0,1208.44,155.77,1301.94,340.45,-1
10,player,123,0,0,1209.68,156.15,1303.18,340.83,-1
10,player,124,0,0,1210.92,156.54,1304.42,341.21,-1
10,player,125,0,0,1212.16,156.92,1305.66,341.59,-1
10,player,126,0,0,1213.40,157.30,1306.90,341.97,-1
10,player,127,0,0,1214.64,157.68,1308.14,342.35,-1
10,player,128,0,0,1215.88,158.06,1309.38,342.74,-1
10,player,129,0,0,1217.12,158.44,1310.62,343.12,-1
10,player,130,0,0,1218.36,158.83,1311.86,343.50,-1
10,player,131,0,0,1219.60,159.21,1313.11,343.88,-1
10,player,132,0,0,1220.84,159.59,1314.35,344.26,-1
10,player,133,0,0,1222.08,159.97,1315.59,344.64,-1
10,player,134,0,0,1223.32,160.35,1316.83,345.03,-1
10,player,135,0,0,1224.56,160.73,1318.07,345.41,-1
10,player,136,0,0,1225.80,161.12,1319.31,345.79,-1
10,player,137,0,0,1227.04,161.50,1320.55,346.17,-1
10,player,138,0,0,1228.28,161.88,1321.79,346.55,-1
10,player,139,0,0,1229.52,162.26,1323.03,346.93,-1
10,player,140,0,0,1230.76,162.64,1324.27,347.32,-1
10,player,141,0,0,1232.00,163.02,1325.51,347.70,-1
10,player,142,0,0,1233.24,163.40,1326.75,348.08,-1
10,player,143,0,0,1234.48,163.79,1327.99,348.46,-1
10,player,144,0,0,1235.72,164.17,1329.23,348.84,-1
10,player,145,0,0,1236.96,164.55,1330.47,349.22,-1
10,player,146,0,0,1238.20,164.93,1331.71,349.61,-1
10,player,147,0,0,1239.45,165.31,1332.95,349.99,-1
10,player,148,0,0,1240.69,165.69,1334.19,350.37,-1
10,player,149,0,0,1241.93,166.08,1335.43,350.75,-1
10,player,150,0,0,1243.17,166.46,1336.67,351.13,-1
10,player,151,0,0,1244.41,166.84,1337.91,351.51,-1
10,player,152,0,0,1245.65,167.22,1339.15,351.90,-1
10,player,153,0,0,1246.89,167.60,1340.39,352.28,-1
10,player,154,0,0,1248.13,167.98,1341.63,352.66,-1
10,player,155,0,0,1249.37,168.37,1342.87,353.04,-1
10,player,156,0,0,1250.61,168.75,1344.11,353.42,-1
10,player,157,0,0,1251.85,169.13,1345.35,353.80,-1
10,player,158,0,0,1253.09,169.51,1346.60,354.19,-1
10,player,159,0,0,1254.33,169.89,1347.84,354.57,-1
10,player,160,0,0,1255.57,170.27,1349.08,354.95,-1
10,player,161,0,0,1256.81,170.66,1350.32,355.33,-1
10,player,162,0,0,1258.05,171.04,1351.56,355.71,-1
10,player,163,0,0,1255.19,171.82,1348.70,356.49,-1
10,player,164,0,0,1252.34,172.60,1345.84,357.27,-1
10,player,165,0,0,1249.48,173.38,1342.99,358.05,-1
10,player,166,0,0,1246.62,174.16,1340.13,358.83,-1
10,player,167,0,0,1243.77,174.93,1337.27,359.61,-1
10,player,168,0,0,1240.91,175.71,1334.41,360.39,-1
10,player,169,0,0,1238.05,176.49,1331.56,361.17,-1
10,player,170,0,0,1235.19,177.27,1328.70,361.95,-1
10,player,171,0,0,1232.34,178.05,1325.84,362.73,-1
10,player,172,0,0,1230.63,178.23,1324.13,362.91,-1
10,player,173,0,0,1228.92,178.41,1322.43,363.09,-1
10,player,174,0,0,1227.21,178.59,1320.72,363.27,-1
10,player,175,0,0,1225.50,178.77,1319.01,363.45,-1
10,player,176,0,0,1223.80,178.95,1317.30,363.63,-1
10,player,177,0,0,1222.09,179.13,1315.59,363.81,-1
10,player,178,0,0,1220.38,179.31,1313.88,363.99,-1
10,player,179,0,0,1218.67,179.49,1312.18,364.16,-1
10,player,180,0,0,1216.96,179.67,1310.47,364.34,-1
10,player,181,0,0,1215.25,179.85,1308.76,364.52,-1
10,player,182,0,0,1213.55,180.03,1307.05,364.70,-1
10,player,183,0,0,1211.84,180.21,1305.34,364.88,-1
10,player,184,0,0,1210.13,180.39,1303.64,365.06,-1
10,player,185,0,0,1208.42,180.57,1301.93,365.24,-1
10,player,186,0,0,1206.71,180.75,1300.22,365.42,-1
10,player,187,0,0,1205.00,180.93,1298.51,365.60,-1
10,player,188,0,0,1203.30,181.11,1296.80,365.78,-1
10,player,189,0,0,1201.59,181.29,1295.09,365.96,-1
10,player,190,0,0,1199.88,181.47,1293.39,366.14,-1
10,player,191,0,0,1198.17,181.65,1291.68,366.32,-1
10,player,192,0,0,1196.46,181.83,1289.97,366.50,-1
10,player,193,0,0,1194.75,182.01,1288.26,366.68,-1
10,player,194,0,0,1193.05,182.19,1286.55,366.86,-1
10,player,195,0,0,1191.34,182.37,1284.84,367.04,-1
10,player,196,0,0,1189.63,182.55,1283.14,367.22,-1
10,player,197,0,0,1187.92,182.73,1281.43,367.40,-1
10,player,198,0,0,1202.10,182.95,1295.60,367.63,-1
10,player,199,0,0,1216.28,183.18,1309.78,367.85,-1
10,player,200,0,0,1230.45,183.41,1323.96,368.08,-1
10,player,201,0,0,1244.63,183.63,1338.13,368.31,-1
10,player,202,0,0,1258.81,183.86,1352.31,368.53,-1
10,player,203,0,0,1272.98,184.08,1366.49,368.76,-1
10,player,204,0,0,1287.16,184.31,1380.67,368.98,-1
10,player,205,0,0,1301.34,184.54,1394.84,369.21,-1
10,player,206,0,0,1315.51,184.76,1409.02,369.44,-1
10,player,207,0,0,1329.69,184.99,1423.20,369.66,-1
10,player,208,0,0,1343.87,185.21,1437.37,369.89,-1
10,player,209,0,0,1358.04,185.44,1451.55,370.12,-1
10,player,210,0,0,1372.22,185.67,1465.73,370.34,-1
10,player,211,0,0,1386.40,185.89,1479.90,370.57,-1
10,player,212,0,0,1400.57,186.12,1494.08,370.79,-1
10,player,213,0,0,1414.75,186.35,1508.26,371.02,-1
10,player,214,0,0,1428.93,186.57,1522.43,371.25,-1
10,player,215,0,0,1443.10,186.80,1536.61,371.47,-1
10,player,216,0,0,1457.28,187.02,1550.79,371.70,-1
10,player,217,0,0,1471.46,187.25,1564.96,371.93,-1
10,player,218,0,0,1485.63,187.48,1579.14,372.15,-1
10,player,219,0,0,1499.81,187.70,1593.32,372.38,-1
10,player,220,0,0,1513.99,187.93,1607.49,372.60,-1
10,player,221,0,0,1528.16,188.16,1621.67,372.83,-1
10,player,222,0,0,1542.34,188.38,1635.85,373.06,-1
10,player,223,0,0,1556.52,188.61,1650.02,373.28,-1
10,player,224,0,0,1570.70,188.83,1664.20,373.51,-1
10,player,225,0,0,1584.87,189.06,1678.38,373.74,-1
10,player,226,0,0,1599.05,189.29,1692.55,373.96,-1
10,player,227,0,0,1613.23,189.51,1706.73,374.19,-1
10,player,228,0,0,1627.40,189.74,1720.91,374.41,-1
10,player,229,0,0,1634.92,190.07,1728.42,374.75,-1
10,player,230,0,0,1642.43,190.41,1735.94,375.08,-1
10,player,231,0,0,1649.94,190.74,1743.45,375.42,-1
10,player,232,0,0,1657.46,191.08,1750.96,375.75,-1
10,player,233,0,0,1664.97,191.41,1758.48,376.08,-1
10,player,234,0,0,1672.49,191.74,1765.99,376.42,-1
10,player,235,0,0,1680.00,192.08,1773.51,376.75,-1
10,player,236,0,0,1687.51,192.41,1781.02,377.09,-1
10,player,237,0,0,1695.03,192.75,1788.53,377.42,-1
10,player,238,0,0,1702.54,193.08,1796.05,377.75,-1
10,player,239,0,0,1710.06,193.41,1803.56,378.09,-1
10,player,240,0,0,1717.57,193.75,1811.08,378.42,-1
10,player,241,0,0,1725.08,194.08,1818.59,378.76,-1
10,player,242,0,0,1732.60,194.42,1826.10,379.09,-1
10,player,243,0,0,1729.49,193.97,1823.00,378.64,-1
10,player,244,0,0,1726.39,193.52,1819.90,378.20,-1
10,player,245,0,0,1723.29,193.08,1816.79,377.75,-1
10,player,246,0,0,1720.18,192.63,1813.69,377.30,-1
10,player,247,0,0,1717.08,192.18,1810.59,376.86,-1
10,player,248,0,0,1713.98,191.74,1807.48,376.41,-1
10,player,249,0,0,1710.87,191.29,1804.38,375.96,-1
10,player,250,0,0,1707.77,190.84,1801.28,375.52,-1
10,player,251,0,0,1704.67,190.40,1798.17,375.07,-1
10,player,252,0,0,1701.56,189.95,1795.07,374.62,-1
10,player,253,0,0,1698.46,189.50,1791.97,374.18,-1
10,player,254,0,0,1695.36,189.06,1788.86,373.73,-1
10,player,255,0,0,1692.25,188.61,1785.76,373.28,-1
10,player,256,0,0,1689.15,188.16,1782.66,372.84,-1
10,player,257,0,0,1686.05,187.72,1779.55,372.39,-1
10,player,258,0,0,1682.94,187.27,1776.45,371.94,-1
10,player,259,0,0,1679.84,186.82,1773.35,371.50,-1
10,player,260,0,0,1676.74,186.38,1770.24,371.05,-1
10,player,261,0,0,1673.63,185.93,1767.14,370.60,-1
10,player,262,0,0,1670.53,185.48,1764.04,370.16,-1
10,player,263,0,0,1667.43,185.04,1760.93,369.71,-1
10,player,264,0,0,1664.32,184.59,1757.83,369.26,-1
10,player,265,0,0,1661.22,184.14,1754.73,368.82,-1
10,player,266,0,0,1658.12,183.70,1751.62,368.37,-1
10,player,267,0,0,1655.01,183.25,1748.52,367.92,-1
10,player,268,0,0,1651.91,182.80,1745.42,367.48,-1
10,player,269,0,0,1648.81,182.36,1742.31,367.03,-1
10,player,270,0,0,1645.70,181.91,1739.21,366.58,-1
10,player,271,0,0,1642.60,181.46,1736.11,366.14,-1
10,player,272,0,0,1639.50,181.02,1733.00,365.69,-1
10,player,273,0,0,1636.39,180.57,1729.90,365.24,-1
10,player,274,0,0,1633.29,180.12,1726.80,364.80,-1
10,player,275,0,0,1630.19,179.68,1723.69,364.35,-1
10,player,276,0,0,1627.08,179.23,1720.59,363.90,-1
10,player,277,0,0,1623.41,187.46,1715.17,361.80,-1
10,player,278,0,0,1619.73,195.70,1709.75,359.70,-1
10,player,279,0,0,1616.05,203.93,1704.34,357.60,-1
10,player,280,0,0,1612.38,212.17,1698.92,355.50,-1
10,player,281,0,0,1608.70,220.40,1693.50,353.40,-1
10,player,282,0,0,1611.78,217.31,1697.03,351.68,-1
10,player,283,0,0,1614.85,214.22,1700.57,349.96,-1
10,player,284,0,0,1617.93,211.13,1704.10,348.23,-1
10,player,285,0,0,1621.00,208.04,1707.64,346.51,-1
10,player,286,0,0,1624.08,204.95,1711.17,344.79,-1
10,player,287,0,0,1627.16,201.86,1714.70,343.06,-1
10,player,288,0,0,1630.23,198.77,1718.24,341.34,-1
10,player,289,0,0,1633.31,195.68,1721.77,339.62,-1
10,player,290,0,0,1636.38,192.59,1725.30,337.90,-1
10,player,291,0,0,1639.46,189.50,1728.84,336.17,-1
10,player,292,0,0,1642.54,186.41,1732.37,334.45,-1
10,player,293,0,0,1645.61,183.32,1735.91,332.73,-1
10,player,294,0,0,1648.69,180.23,1739.44,331.01,-1
10,player,295,0,0,1651.76,177.14,1742.97,329.28,-1
10,player,296,0,0,1654.84,174.05,1746.51,327.56,-1
10,player,297,0,0,1657.91,170.96,1750.04,325.84,-1
10,player,298,0,0,1660.99,167.87,1753.57,324.12,-1
10,player,299,0,0,1664.07,164.78,1757.11,322.39,-1
10,player,300,0,0,1667.14,161.69,1760.64,320.67,-1
10,player,301,0,0,1668.63,162.54,1762.13,321.52,-1
10,player,302,0,0,1670.12,163.39,1763.62,322.37,-1
10,player,303,0,0,1671.61,164.24,1765.10,323.22,-1
10,player,304,0,0,1673.09,165.09,1766.59,324.07,-1
10,player,305,0,0,1674.58,165.94,1768.08,324.92,-1
10,player,306,0,0,1676.07,166.79,1769.57,325.77,-1
10,player,307,0,0,1677.56,167.64,1771.06,326.62,-1
10,player,308,0,0,1679.04,168.49,1772.54,327.47,-1
10,player,309,0,0,1680.53,169.34,1774.03,328.32,-1
10,player,310,0,0,1682.02,170.19,1775.52,329.17,-1
10,player,311,0,0,1683.51,171.04,1777.01,330.02,-1
10,player,312,0,0,1684.95,171.23,1777.53,329.72,-1
10,player,313,0,0,1686.38,171.42,1778.06,329.42,-1
10,player,314,0,0,1687.82,171.61,1778.59,329.12,-1
10,player,315,0,0,1689.26,171.79,1779.12,328.82,-1
10,player,316,0,0,1690.70,171.98,1779.65,328.51,-1
10,player,317,0,0,1692.14,172.17,1780.17,328.21,-1
10,player,318,0,0,1693.58,172.36,1780.70,327.91,-1
10,player,319,0,0,1695.01,172.55,1781.23,327.61,-1
10,player,320,0,0,1696.45,172.74,1781.76,327.31,-1
10,player,321,0,0,1697.89,172.93,1782.28,327.01,-1
10,player,322,0,0,1699.33,173.12,1782.81,326.71,-1
10,player,323,0,0,1700.77,173.31,1783.34,326.40,-1
10,player,324,0,0,1702.21,173.50,1783.87,326.10,-1
10,player,325,0,0,1703.65,173.69,1784.40,325.80,-1
10,player,326,0,0,1705.08,173.87,1784.92,325.50,-1
10,player,327,0,0,1706.52,174.06,1785.45,325.20,-1
10,player,328,0,0,1707.96,174.25,1785.98,324.90,-1
10,player,329,0,0,1709.40,174.44,1786.51,324.59,-1
10,player,330,0,0,1710.84,174.63,1787.04,324.29,-1
10,player,331,0,0,1712.28,174.82,1787.56,323.99,-1
10,player,332,0,0,1713.72,175.01,1788.09,323.69,-1
10,player,333,0,0,1715.15,175.20,1788.62,323.39,-1
10,player,334,0,0,1716.59,175.39,1789.15,323.09,-1
10,player,335,0,0,1718.03,175.58,1789.67,322.78,-1
10,player,336,0,0,1719.47,175.77,1790.20,322.48,-1
10,player,337,0,0,1720.91,175.95,1790.73,322.18,-1
10,player,338,0,0,1722.35,176.14,1791.26,321.88,-1
10,player,339,0,0,1723.78,176.33,1791.79,321.58,-1
10,player,340,0,0,1725.22,176.52,1792.31,321.28,-1
10,player,341,0,0,1726.66,176.71,1792.84,320.97,-1
10,player,342,0,0,1728.10,176.90,1793.37,320.67,-1
10,player,343,0,0,1730.78,175.64,1797.09,319.98,-1
10,player,344,0,0,1733.45,174.39,1800.82,319.29,-1
10,player,345,0,0,1736.13,173.13,1804.54,318.59,-1
10,player,346,0,0,1738.81,171.88,1808.26,317.90,-1
10,player,347,0,0,1741.49,170.62,1811.98,317.21,-1
10,player,348,0,0,1744.16,169.36,1815.71,316.52,-1
10,player,349,0,0,1746.84,168.11,1819.43,315.82,-1
10,player,350,0,0,1749.52,166.85,1823.15,315.13,-1
10,player,351,0,0,1752.20,165.60,1826.88,314.44,-1
10,player,352,0,0,1754.87,164.34,1830.60,313.75,-1
10,player,353,0,0,1757.55,163.08,1834.32,313.05,-1
10,player,354,0,0,1760.23,161.83,1838.05,312.36,-1
10,player,355,0,0,1762.91,160.57,1841.77,311.67,-1
10,player,356,0,0,1765.58,159.32,1845.49,310.98,-1
10,player,357,0,0,1768.26,158.06,1849.21,310.28,-1
10,player,358,0,0,1770.94,156.80,1852.94,309.59,-1
10,player,359,0,0,1773.62,155.55,1856.66,308.90,-1
10,player,360,0,0,1776.29,154.29,1860.38,308.21,-1
10,player,361,0,0,1778.97,153.03,1864.11,307.51,-1
10,player,362,0,0,1781.65,151.78,1867.83,306.82,-1
10,player,363,0,0,1784.33,150.52,1871.55,306.13,-1
10,player,364,0,0,1787.00,149.27,1875.27,305.43,-1
10,player,365,0,0,1789.68,148.01,1879.00,304.74,-1
10,player,366,0,0,1792.36,146.75,1882.72,304.05,-1
10,player,367,0,0,1795.04,145.50,1886.44,303.36,-1
10,player,368,0,0,1797.71,144.24,1890.17,302.66,-1
10,player,369,0,0,1800.39,142.99,1893.89,301.97,-1
10,player,370,0,0,1795.81,143.39,1888.60,301.61,-1
10,player,371,0,0,1791.23,143.80,1883.30,301.26,-1
10,player,372,0,0,1786.65,144.21,1878.01,300.90,-1
10,player,373,0,0,1782.07,144.62,1872.71,300.55,-1
10,player,374,0,0,1777.49,145.02,1867.42,300.19,-1
10,player,375,0,0,1772.91,145.43,1862.12,299.83,-1
10,player,376,0,0,1768.33,145.84,1856.83,299.48,-1
10,player,377,0,0,1763.74,146.24,1851.53,299.12,-1
10,player,378,0,0,1759.16,146.65,1846.24,298.76,-1
10,player,379,0,0,1754.58,147.06,1840.95,298.41,-1
10,player,380,0,0,1750.00,147.47,1835.65,298.05,-1
10,player,381,0,0,1745.42,147.87,1830.36,297.69,-1
10,player,382,0,0,1740.84,148.28,1825.06,297.34,-1
10,player,383,0,0,1736.26,148.69,1819.77,296.98,-1
10,player,384,0,0,1731.68,149.10,1814.47,296.62,-1
10,player,385,0,0,1727.10,149.50,1809.18,296.27,-1
10,player,386,0,0,1722.52,149.91,1803.89,295.91,-1
10,player,387,0,0,1717.94,150.32,1798.59,295.56,-1
10,player,388,0,0,1713.36,150.72,1793.30,295.20,-1
10,player,389,0,0,1708.78,151.13,1788.00,294.84,-1
10,player,390,0,0,1704.20,151.54,1782.71,294.49,-1
10,player,391,0,0,1699.61,151.95,1777.41,294.13,-1
10,player,392,0,0,1695.03,152.35,1772.12,293.77,-1
10,player,393,0,0,1690.45,152.76,1766.83,293.42,-1
10,player,394,0,0,1685.87,153.17,1761.53,293.06,-1
10,player,395,0,0,1681.29,153.57,1756.24,292.70,-1
10,player,396,0,0,1676.71,153.98,1750.94,292.35,-1
10,player,397,0,0,1672.13,154.39,1745.65,291.99,-1
10,player,398,0,0,1667.55,154.80,1740.35,291.63,-1
10,player,399,0,0,1662.97,155.20,1735.06,291.28,-1
10,player,400,0,0,1658.39,155.61,1729.77,290.92,-1
10,player,401,0,0,1653.81,156.02,1724.47,290.56,-1
10,player,402,0,0,1649.23,156.43,1719.18,290.21,-1
10,player,403,0,0,1644.65,156.83,1713.88,289.85,-1
10,player,404,0,0,1640.07,157.24,1708.59,289.50,-1
10,player,405,0,0,1635.48,157.65,1703.29,289.14,-1
10,player,406,0,0,1630.90,158.05,1698.00,288.78,-1
10,player,407,0,0,1626.32,158.46,1692.71,288.43,-1
10,player,408,0,0,1621.74,158.87,1687.41,288.07,-1
10,player,409,0,0,1617.16,159.28,1682.12,287.71,-1
10,player,410,0,0,1612.58,159.68,1676.82,287.36,-1
10,player,411,0,0,1608.00,160.09,1671.53,287.00,-1
10,player,412,0,0,1598.26,159.14,1661.79,286.05,-1
10,player,413,0,0,1588.52,158.19,1652.05,285.10,-1
10,player,414,0,0,1578.78,157.24,1642.31,284.15,-1
10,player,415,0,0,1569.04,156.29,1632.57,283.20,-1
10,player,416,0,0,1559.30,155.34,1622.83,282.25,-1
10,player,417,0,0,1549.56,154.39,1613.09,281.30,-1
10,player,418,0,0,1539.82,153.44,1603.35,280.35,-1
10,player,419,0,0,1530.08,152.49,1593.61,279.40,-1
10,player,420,0,0,1520.34,151.54,1583.87,278.45,-1
10,player,421,0,0,1510.18,151.18,1573.71,278.09,-1
10,player,422,0,0,1500.03,150.83,1563.56,277.73,-1
10,player,423,0,0,1489.87,150.47,1553.40,277.38,-1
10,player,424,0,0,1479.72,150.11,1543.24,277.02,-1
10,player,425,0,0,1469.56,149.76,1533.09,276.67,-1
10,player,426,0,0,1459.40,149.40,1522.93,276.31,-1
10,player,427,0,0,1449.25,149.04,1512.78,275.95,-1
10,player,428,0,0,1439.09,148.69,1502.62,275.60,-1
10,player,429,0,0,1428.94,148.33,1492.46,275.24,-1
10,player,430,0,0,1418.78,147.97,1482.31,274.88,-1
10,player,431,0,0,1408.62,147.62,1472.15,274.53,-1
10,player,432,0,0,1398.47,147.26,1462.00,274.17,-1
10,player,433,0,0,1389.92,145.12,1453.44,272.03,-1
10,player,434,0,0,1381.36,142.99,1444.89,269.89,-1
10,player,435,0,0,1372.81,140.85,1436.34,267.76,-1
10,player,436,0,0,1364.26,138.71,1427.79,265.62,-1
10,player,437,0,0,1355.71,136.57,1419.23,263.48,-1
10,player,438,0,0,1340.66,137.45,1404.18,264.36,-1
10,player,439,0,0,1325.61,138.33,1389.13,265.24,-1
10,player,440,0,0,1310.55,139.21,1374.08,266.12,-1
10,player,441,0,0,1295.50,140.09,1359.03,267.00,-1
10,player,442,0,0,1280.45,140.97,1343.98,267.88,-1
10,player,443,0,0,1265.40,141.85,1328.93,268.76,-1
10,player,444,0,0,1250.35,142.73,1313.88,269.64,-1
10,player,445,0,0,1235.30,143.61,1298.83,270.52,-1
10,player,446,0,0,1220.25,144.49,1283.78,271.40,-1
10,player,447,0,0,1205.20,145.38,1268.73,272.28,-1
10,player,448,0,0,1190.15,146.26,1253.68,273.16,-1
10,player,449,0,0,1175.10,147.14,1238.63,274.05,-1
10,player,450,0,0,1160.05,148.02,1223.58,274.93,-1
10,player,451,0,0,1145.00,148.90,1208.53,275.81,-1
10,player,452,0,0,1129.95,149.78,1193.48,276.69,-1
10,player,453,0,0,1114.90,150.66,1178.43,277.57,-1
10,player,454,0,0,1099.85,151.54,1163.38,278.45,-1
10,player,455,0,0,1084.80,152.42,1148.33,279.33,-1
10,player,456,0,0,1069.75,153.30,1133.28,280.21,-1
10,player,457,0,0,1054.70,154.18,1118.23,281.09,-1
10,player,458,0,0,1039.65,155.06,1103.18,281.97,-1
10,player,459,0,0,1024.60,155.94,1088.12,282.85,-1
10,player,460,0,0,1009.55,156.82,1073.07,283.73,-1
10,player,461,0,0,994.50,157.70,1058.02,284.61,-1
10,player,462,0,0,979.45,158.58,1042.97,285.49,-1
10,player,463,0,0,964.39,159.46,1027.92,286.37,-1
10,player,464,0,0,949.34,160.34,1012.87,287.25,-1
10,player,465,0,0,934.29,161.22,997.82,288.13,-1
10,player,466,0,0,919.24,162.10,982.77,289.01,-1
10,player,467,0,0,904.19,162.98,967.72,289.89,-1
10,player,468,0,0,889.14,163.86,952.67,290.77,-1
10,player,469,0,0,874.09,164.74,937.62,291.65,-1
10,player,470,0,0,859.04,165.62,922.57,292.53,-1
10,player,471,0,0,843.99,166.50,907.52,293.41,-1
10,player,472,0,0,828.94,167.38,892.47,294.29,-1
10,player,473,0,0,813.89,168.26,877.42,295.17,-1
10,player,474,0,0,798.84,169.15,862.37,296.05,-1
10,player,475,0,0,783.79,170.03,847.32,296.93,-1
10,player,476,0,0,768.74,170.91,832.27,297.82,-1
10,player,477,0,0,753.69,171.79,817.22,298.70,-1
10,player,478,0,0,738.64,172.67,802.17,299.58,-1
10,player,479,0,0,723.59,173.55,787.12,300.46,-1
10,player,480,0,0,708.54,174.43,772.07,301.34,-1
10,player,481,0,0,693.49,175.31,757.01,302.22,-1
10,player,482,0,0,678.44,176.19,741.96,303.10,-1
10,player,483,0,0,663.39,177.07,726.91,303.98,-1
10,player,484,0,0,648.34,177.95,711.86,304.86,-1
10,player,485,0,0,633.29,178.83,696.81,305.74,-1
10,player,486,0,0,618.23,179.71,681.76,306.62,-1
10,player,487,0,0,603.18,180.59,666.71,307.50,-1
10,player,488,0,0,588.13,181.47,651.66,308.38,-1
10,player,489,0,0,573.52,181.29,637.05,308.20,-1
10,player,490,0,0,558.91,181.11,622.44,308.02,-1
10,player,491,0,0,544.30,180.94,607.83,307.85,-1
10,player,492,0,0,529.69,180.76,593.22,307.67,-1
10,player,493,0,0,515.08,180.58,578.61,307.49,-1
10,player,494,0,0,500.47,180.40,564.00,307.31,-1
10,player,495,0,0,485.86,180.22,549.39,307.13,-1
10,player,496,0,0,471.25,180.05,534.78,306.96,-1
10,player,497,0,0,456.64,179.87,520.17,306.78,-1
10,player,498,0,0,442.03,179.69,505.56,306.60,-1
10,player,499,0,0,427.42,179.51,490.95,306.42,-1
10,player,500,0,0,412.81,179.33,476.34,306.24,-1
10,player,501,0,0,415.38,179.52,478.90,306.43,-1
10,player,502,0,0,417.94,179.71,481.47,306.62,-1
10,player,503,0,0,420.51,179.90,484.04,306.81,-1
10,player,504,0,0,423.07,180.09,486.60,307.00,-1
10,player,505,0,0,425.64,180.28,489.17,307.19,-1
10,player,506,0,0,428.20,180.47,491.73,307.38,-1
10,player,507,0,0,430.77,180.66,494.30,307.57,-1
10,player,508,0,0,433.34,180.85,496.86,307.76,-1
10,player,509,0,0,435.90,181.04,499.43,307.95,-1
10,player,510,0,0,438.47,181.23,502.00,308.14,-1
10,player,511,0,0,441.03,181.42,504.56,308.33,-1
10,player,512,0,0,443.60,181.61,507.13,308.52,-1
10,player,513,0,0,446.16,181.80,509.69,308.71,-1
10,player,514,0,0,448.73,181.99,512.26,308.90,-1
10,player,515,0,0,451.30,182.18,514.82,309.09,-1
10,player,516,0,0,453.86,182.37,517.39,309.28,-1
10,player,517,0,0,456.43,182.57,519.96,309.47,-1
10,player,518,0,0,458.99,182.76,522.52,309.66,-1
10,player,519,0,0,461.56,182.95,525.09,309.85,-1
10,player,520,0,0,464.12,183.14,527.65,310.04,-1
10,player,521,0,0,466.69,183.33,530.22,310.23,-1
10,player,522,0,0,469.26,183.52,532.78,310.42,-1
10,player,523,0,0,471.82,183.71,535.35,310.61,-1
10,player,524,0,0,474.39,183.90,537.92,310.80,-1
10,player,525,0,0,476.95,184.09,540.48,310.99,-1
10,player,526,0,0,479.52,184.28,543.05,311.18,-1
10,player,527,0,0,482.08,184.47,545.61,311.37,-1
10,player,528,0,0,484.65,184.66,548.18,311.56,-1
10,player,529,0,0,487.22,184.85,550.74,311.75,-1
10,player,530,0,0,489.78,185.04,553.31,311.94,-1
10,player,531,0,0,492.35,185.23,555.88,312.14,-1
10,player,532,0,0,494.91,185.42,558.44,312.33,-1
10,player,533,0,0,497.48,185.61,561.01,312.52,-1
10,player,534,0,0,500.04,185.80,563.57,312.71,-1
10,player,535,0,0,502.61,185.99,566.14,312.90,-1
10,player,536,0,0,505.18,186.18,568.70,313.09,-1
10,player,537,0,0,507.74,186.37,571.27,313.28,-1
10,player,538,0,0,510.31,186.56,573.83,313.47,-1
10,player,539,0,0,512.87,186.75,576.40,313.66,-1
10,player,540,0,0,515.44,186.94,578.97,313.85,-1
10,player,541,0,0,518.00,187.13,581.53,314.04,-1
10,player,542,0,0,520.57,187.32,584.10,314.23,-1
10,player,543,0,0,523.14,187.51,586.66,314.42,-1
10,player,544,0,0,525.70,187.70,589.23,314.61,-1
10,player,545,0,0,528.27,187.89,591.79,314.80,-1
10,player,546,0,0,538.04,188.50,601.57,315.41,-1
10,player,547,0,0,547.81,189.11,611.34,316.02,-1
10,player,548,0,0,557.59,189.72,621.12,316.63,-1
10,player,549,0,0,567.36,190.33,630.89,317.24,-1
10,player,550,0,0,577.14,190.94,640.67,317.85,-1
10,player,551,0,0,586.91,191.55,650.44,318.46,-1
10,player,552,0,0,596.69,192.16,660.21,319.07,-1
10,player,553,0,0,602.13,191.00,665.66,317.91,-1
10,player,554,0,0,607.57,189.83,671.10,316.74,-1
10,player,555,0,0,613.01,188.66,676.54,315.57,-1
10,player,556,0,0,618.46,187.50,681.98,314.41,-1
10,player,557,0,0,623.90,186.33,687.43,313.24,-1
10,player,558,0,0,629.34,185.17,692.87,312.07,-1
10,player,559,0,0,634.78,184.00,698.31,310.91,-1
10,player,560,0,0,640.22,182.83,703.75,309.74,-1
10,player,561,0,0,645.67,181.67,709.20,308.58,-1
10,player,562,0,0,651.11,180.50,714.64,307.41,-1
10,player,563,0,0,656.55,179.33,720.08,306.24,-1
10,player,564,0,0,661.99,178.17,725.52,305.08,-1
10,player,565,0,0,667.44,177.00,730.97,303.91,-1
10,player,566,0,0,672.88,175.84,736.41,302.74,-1
10,player,567,0,0,678.32,174.67,741.85,301.58,-1
10,player,568,0,0,683.76,173.50,747.29,300.41,-1
10,player,569,0,0,689.21,172.34,752.73,299.25,-1
10,player,570,0,0,694.65,171.17,758.18,298.08,-1
10,player,571,0,0,700.09,170.00,763.62,296.91,-1
10,player,572,0,0,705.53,168.84,769.06,295.75,-1
10,player,573,0,0,710.98,167.67,774.50,294.58,-1
10,player,574,0,0,716.42,166.51,779.95,293.42,-1
10,player,575,0,0,716.00,166.79,779.55,293.35,-1
10,player,576,0,0,715.58,167.06,779.16,293.28,-1
10,player,577,0,0,715.16,167.34,778.76,293.21,-1
10,player,578,0,0,714.75,167.62,778.37,293.14,-1
10,player,579,0,0,714.33,167.90,777.97,293.07,-1
10,player,580,0,0,713.91,168.18,777.58,293.00,-1
10,player,581,0,0,713.49,168.46,777.18,292.93,-1
10,player,582,0,0,713.07,168.74,776.79,292.86,-1
10,player,583,0,0,712.65,169.02,776.39,292.79,-1
10,player,584,0,0,712.24,169.30,776.00,292.72,-1
10,player,585,0,0,711.82,169.58,775.60,292.65,-1
10,player,586,0,0,711.40,169.86,775.21,292.58,-1
10,player,587,0,0,710.98,170.14,774.81,292.51,-1
10,player,588,0,0,710.56,170.42,774.42,292.44,-1
10,player,589,0,0,710.14,170.70,774.02,292.37,-1
10,player,590,0,0,709.73,170.97,773.63,292.30,-1
10,player,591,0,0,709.31,171.25,773.23,292.23,-1
10,player,592,0,0,708.89,171.53,772.84,292.16,-1
10,player,593,0,0,708.47,171.81,772.44,292.09,-1
10,player,594,0,0,708.05,172.09,772.05,292.02,-1
10,player,595,0,0,707.63,172.37,771.65,291.95,-1
10,player,596,0,0,707.22,172.65,771.26,291.88,-1
10,player,597,0,0,706.80,172.93,770.86,291.81,-1
10,player,598,0,0,706.38,173.21,770.47,291.74,-1
10,player,599,0,0,705.96,173.49,770.07,291.67,-1
10,player,600,0,0,705.54,173.77,769.68,291.60,-1
10,player,601,0,0,705.12,174.05,769.28,291.53,-1
10,player,602,0,0,704.71,174.33,768.88,291.46,-1
10,player,603,0,0,704.29,174.61,768.49,291.39,-1
10,player,604,0,0,703.87,174.88,768.09,291.32,-1
10,player,605,0,0,703.45,175.16,767.70,291.25,-1
10,player,606,0,0,703.03,175.44,767.30,291.18,-1
10,player,607,0,0,702.61,175.72,766.91,291.11,-1
10,player,608,0,0,702.20,176.00,766.51,291.04,-1
10,player,609,0,0,701.78,176.28,766.12,290.97,-1
10,player,610,0,0,701.36,176.56,765.72,290.91,-1
10,player,611,0,0,700.94,176.84,765.33,290.84,-1
10,player,612,0,0,700.52,177.12,764.93,290.77,-1
10,player,613,0,0,700.10,177.40,764.54,290.70,-1
10,player,614,0,0,699.69,177.68,764.14,290.63,-1
10,player,615,0,0,699.27,177.96,763.75,290.56,-1
10,player,616,0,0,698.85,178.24,763.35,290.49,-1
10,player,617,0,0,698.43,178.52,762.96,290.42,-1
10,player,618,0,0,698.01,178.79,762.56,290.35,-1
10,player,619,0,0,697.59,179.07,762.17,290.28,-1
10,player,620,0,0,697.18,179.35,761.77,290.21,-1
10,player,621,0,0,696.76,179.63,761.38,290.14,-1
10,player,622,0,0,696.34,179.91,760.98,290.07,-1
10,player,623,0,0,695.92,180.19,760.59,290.00,-1
10,player,624,0,0,695.50,180.47,760.19,289.93,-1
10,player,625,0,0,695.08,180.75,759.80,289.86,-1
10,player,626,0,0,694.67,181.03,759.40,289.79,-1
10,player,627,0,0,694.25,181.31,759.01,289.72,-1
10,player,628,0,0,693.83,181.59,758.61,289.65,-1
10,player,629,0,0,693.41,181.87,758.22,289.58,-1
10,player,630,0,0,692.99,182.15,757.82,289.51,-1
10,player,631,0,0,692.57,182.43,757.43,289.44,-1
10,player,632,0,0,692.16,182.70,757.03,289.37,-1
10,player,633,0,0,691.74,182.98,756.64,289.30,-1
10,player,634,0,0,691.32,183.26,756.24,289.23,-1
10,player,635,0,0,690.90,183.54,755.85,289.16,-1
10,player,636,0,0,690.48,183.82,755.45,289.09,-1
10,player,637,0,0,690.06,184.10,755.06,289.02,-1
10,player,638,0,0,689.65,184.38,754.66,288.95,-1
10,player,639,0,0,689.23,184.66,754.27,288.88,-1
10,player,640,0,0,688.81,184.94,753.87,288.81,-1
10,player,641,0,0,688.39,185.22,753.48,288.74,-1
10,player,642,0,0,687.97,185.50,753.08,288.67,-1
10,player,643,0,0,687.55,185.78,752.69,288.60,-1
10,player,644,0,0,687.14,186.06,752.29,288.53,-1
10,player,645,0,0,686.72,186.34,751.90,288.47,-1
10,player,646,0,0,686.30,186.61,751.50,288.40,-1
10,player,647,0,0,685.88,186.89,751.11,288.33,-1
10,player,648,0,0,685.46,187.17,750.71,288.26,-1
10,player,649,0,0,685.05,187.45,750.32,288.19,-1
10,player,650,0,0,684.63,187.73,749.92,288.12,-1
10,player,651,0,0,684.21,188.01,749.53,288.05,-1
10,player,652,0,0,683.79,188.29,749.13,287.98,-1
10,player,653,0,0,683.37,188.57,748.74,287.91,-1
10,player,654,0,0,682.95,188.85,748.34,287.84,-1
10,player,655,0,0,682.54,189.13,747.95,287.77,-1
10,player,656,0,0,682.12,189.41,747.55,287.70,-1
10,player,657,0,0,681.70,189.69,747.16,287.63,-1
10,player,658,0,0,681.28,189.97,746.76,287.56,-1
10,player,659,0,0,680.86,190.25,746.37,287.49,-1
10,player,660,0,0,680.44,190.52,745.97,287.42,-1
10,player,661,0,0,680.03,190.80,745.58,287.35,-1
10,player,662,0,0,679.61,191.08,745.18,287.28,-1
10,player,663,0,0,679.19,191.36,744.79,287.21,-1
10,player,664,0,0,678.77,191.64,744.39,287.14,-1
10,player,665,0,0,678.35,191.92,744.00,287.07,-1
10,player,666,0,0,677.93,192.20,743.60,287.00,-1
10,player,667,0,0,683.92,195.19,749.59,289.99,-1
10,player,668,0,0,689.91,198.19,755.57,292.99,-1
10,player,669,0,0,695.89,201.18,761.56,295.98,-1
10,player,670,0,0,701.88,204.17,767.55,298.97,-1
10,player,671,0,0,707.87,207.17,773.53,301.97,-1
10,player,672,0,0,713.85,210.16,779.52,304.96,-1
10,player,673,0,0,719.84,213.15,785.51,307.95,-1
10,player,674,0,0,725.83,216.15,791.49,310.95,-1
10,player,675,0,0,731.81,219.14,797.48,313.94,-1
10,player,676,0,0,737.80,222.13,803.47,316.93,-1
10,player,677,0,0,742.61,223.56,808.27,318.36,-1
10,player,678,0,0,747.41,224.99,813.08,319.79,-1
10,player,679,0,0,752.22,226.42,817.88,321.22,-1
10,player,680,0,0,757.02,227.85,822.69,322.65,-1
10,player,681,0,0,761.83,229.28,827.49,324.08,-1
10,player,682,0,0,766.63,230.71,832.30,325.51,-1
10,player,683,0,0,771.44,232.13,837.10,326.93,-1
10,player,684,0,0,776.24,233.56,841.91,328.36,-1
10,player,685,0,0,781.05,234.99,846.71,329.79,-1
10,player,686,0,0,785.85,236.42,851.52,331.22,-1
10,player,687,0,0,790.66,237.85,856.32,332.65,-1
10,player,688,0,0,795.46,239.28,861.13,334.08,-1
10,player,689,0,0,800.27,240.70,865.93,335.51,-1
10,player,690,0,0,805.07,242.13,870.74,336.93,-1
10,player,691,0,0,809.88,243.56,875.54,338.36,-1
10,player,692,0,0,814.68,244.99,880.35,339.79,-1
10,player,693,0,0,819.49,246.42,885.16,341.22,-1
10,player,694,0,0,824.29,247.85,889.96,342.65,-1
10,player,695,0,0,825.07,247.85,890.74,342.65,-1
10,player,696,0,0,825.85,247.85,891.52,342.65,-1
10,player,697,0,0,826.63,247.85,892.30,342.65,-1
10,player,698,0,0,833.64,249.02,899.31,343.82,-1
10,player,699,0,0,840.66,250.18,906.32,344.99,-1
10,player,700,0,0,846.22,251.90,911.88,346.70,-1
10,player,701,0,0,851.78,253.61,917.44,348.41,-1
10,player,702,0,0,857.33,255.32,923.00,350.12,-1
10,player,703,0,0,862.89,257.03,928.56,351.83,-1
10,player,704,0,0,868.45,258.74,934.12,353.54,-1
10,player,705,0,0,874.01,260.45,939.68,355.25,-1
10,player,706,0,0,879.57,262.16,945.24,356.96,-1
10,player,707,0,0,885.13,263.87,950.80,358.67,-1
10,player,708,0,0,890.69,265.58,956.35,360.38,-1
10,player,709,0,0,896.25,267.29,961.91,362.09,-1
10,player,710,0,0,901.81,269.00,967.47,363.80,-1
10,player,711,0,0,907.37,270.71,973.03,365.51,-1
10,player,712,0,0,912.92,272.42,978.59,367.22,-1
10,player,713,0,0,918.48,274.13,984.15,368.93,-1
10,player,714,0,0,924.04,275.84,989.71,370.64,-1
10,player,715,0,0,929.60,277.55,995.27,372.35,-1
10,player,716,0,0,935.16,279.26,1000.83,374.06,-1
10,player,717,0,0,940.72,280.97,1006.39,375.77,-1
10,player,718,0,0,946.28,282.68,1011.94,377.48,-1
10,player,719,0,0,951.84,284.39,1017.50,379.19,-1
10,player,720,0,0,957.40,286.10,1023.06,380.91,-1
10,player,721,0,0,962.95,287.81,1028.62,382.62,-1
10,player,722,0,0,968.51,289.53,1034.18,384.33,-1
10,player,723,0,0,974.07,291.24,1039.74,386.04,-1
10,player,724,0,0,979.63,292.95,1045.30,387.75,-1
10,player,725,0,0,988.80,294.17,1054.46,388.97,-1
10,player,726,0,0,997.96,295.39,1063.62,390.19,-1
10,player,727,0,0,1007.12,296.61,1072.79,391.41,-1
10,player,728,0,0,1016.28,297.83,1081.95,392.63,-1
10,player,729,0,0,1025.45,299.06,1091.11,393.86,-1
10,player,730,0,0,1034.61,300.28,1100.28,395.08,-1
10,player,731,0,0,1043.77,301.50,1109.44,396.30,-1
10,player,732,0,0,1044.74,303.95,1110.41,398.75,-1
10,player,733,0,0,1045.71,306.40,1111.38,401.20,-1
10,player,734,0,0,1046.68,308.85,1112.35,403.65,-1
10,player,735,0,0,1047.65,311.31,1113.32,406.11,-1
10,player,736,0,0,1048.62,313.76,1114.29,408.56,-1
10,player,737,0,0,1049.59,316.21,1115.26,411.01,-1
10,player,738,0,0,1050.56,318.66,1116.23,413.46,-1
10,player,739,0,0,1051.53,321.11,1117.19,415.91,-1
10,player,740,0,0,1052.50,323.56,1118.16,418.36,-1
10,player,741,0,0,1053.47,326.02,1119.13,420.82,-1
10,player,742,0,0,1054.44,328.47,1120.10,423.27,-1
10,player,743,0,0,1055.41,330.92,1121.07,425.72,-1
10,player,744,0,0,1056.37,333.37,1122.04,428.17,-1
10,player,745,0,0,1057.34,335.82,1123.01,430.62,-1
10,player,746,0,0,1058.31,338.27,1123.98,433.07,-1
10,player,747,0,0,1059.28,340.73,1124.95,435.53,-1
10,player,748,0,0,1060.25,343.18,1125.92,437.98,-1
10,player,749,0,0,1061.22,345.63,1126.89,440.43,-1
10,player,750,0,0,1062.19,348.08,1127.86,442.88,-1
10,player,751,0,0,1063.16,350.53,1128.83,445.33,-1
10,player,752,0,0,1064.13,352.98,1129.80,447.78,-1
10,player,753,0,0,1065.10,355.44,1130.76,450.24,-1
10,player,754,0,0,1066.07,357.89,1131.73,452.69,-1
10,player,755,0,0,1067.04,360.34,1132.70,455.14,-1
10,player,756,0,0,1068.01,362.79,1133.67,457.59,-1
10,player,757,0,0,1068.98,365.24,1134.64,460.04,-1
10,player,758,0,0,1069.94,367.69,1135.61,462.49,-1
10,player,759,0,0,1070.91,370.15,1136.58,464.95,-1
10,player,760,0,0,1071.88,372.60,1137.55,467.40,-1
10,player,761,0,0,1072.85,375.05,1138.52,469.85,-1
10,player,762,0,0,1073.82,377.50,1139.49,472.30,-1
10,player,763,0,0,1074.79,379.95,1140.46,474.75,-1
10,player,764,0,0,1075.76,382.40,1141.43,477.20,-1
10,player,765,0,0,1076.73,384.86,1142.40,479.66,-1
10,player,766,0,0,1077.70,387.31,1143.36,482.11,-1
10,player,767,0,0,1078.67,389.76,1144.33,484.56,-1
10,player,768,0,0,1079.64,392.21,1145.30,487.01,-1
10,player,769,0,0,1080.61,394.66,1146.27,489.46,-1
10,player,770,0,0,1081.58,397.11,1147.24,491.91,-1
10,player,771,0,0,1082.54,399.57,1148.21,494.37,-1
10,player,772,0,0,1083.51,402.02,1149.18,496.82,-1
10,player,773,0,0,1084.48,404.47,1150.15,499.27,-1
10,player,774,0,0,1085.45,406.92,1151.12,501.72,-1
10,player,775,0,0,1086.42,409.37,1152.09,504.17,-1
10,player,776,0,0,1087.39,411.82,1153.06,506.62,-1
10,player,777,0,0,1088.36,414.28,1154.03,509.08,-1
10,player,778,0,0,1089.33,416.73,1155.00,511.53,-1
10,player,779,0,0,1090.30,419.18,1155.97,513.98,-1
10,player,780,0,0,1091.27,421.63,1156.93,516.43,-1
10,player,781,0,0,1092.24,424.08,1157.90,518.88,-1
10,player,782,0,0,1093.21,426.53,1158.87,521.33,-1
10,player,783,0,0,1094.18,428.99,1159.84,523.79,-1
10,player,784,0,0,1095.15,431.44,1160.81,526.24,-1
10,player,785,0,0,1096.11,433.89,1161.78,528.69,-1
10,player,786,0,0,1097.08,436.34,1162.75,531.14,-1
10,player,787,0,0,1098.05,438.79,1163.72,533.59,-1
10,player,788,0,0,1099.02,441.24,1164.69,536.04,-1
10,player,789,0,0,1099.99,443.70,1165.66,538.50,-1
10,player,790,0,0,1100.96,446.15,1166.63,540.95,-1
10,player,791,0,0,1101.93,448.60,1167.60,543.40,-1
10,player,792,0,0,1102.90,451.05,1168.57,545.85,-1
10,player,793,0,0,1103.87,453.50,1169.53,548.30,-1
10,player,794,0,0,1104.84,455.95,1170.50,550.75,-1
10,player,795,0,0,1105.81,458.41,1171.47,553.21,-1
10,player,796,0,0,1106.78,460.86,1172.44,555.66,-1
10,player,797,0,0,1107.75,463.31,1173.41,558.11,-1
10,player,798,0,0,1108.71,465.76,1174.38,560.56,-1
10,player,799,0,0,1109.68,468.21,1175.35,563.01,-1
10,player,800,0,0,1110.65,470.66,1176.32,565.46,-1
10,player,801,0,0,1111.62,473.12,1177.29,567.92,-1
10,player,802,0,0,1112.59,475.57,1178.26,570.37,-1
10,player,803,0,0,1113.56,478.02,1179.23,572.82,-1
10,player,804,0,0,1114.53,480.47,1180.20,575.27,-1
10,player,805,0,0,1115.50,482.92,1181.17,577.72,-1
10,player,806,1,0,1116.47,485.37,1182.14,580.17,-1
11,player,80,0,0,661.95,112.60,755.45,297.27,6
11,player,81,0,0,666.96,111.60,760.46,296.27,6
11,player,82,0,0,671.97,110.59,765.47,295.27,6
11,player,83,0,0,676.98,109.59,770.48,294.27,6
11,player,84,0,0,681.99,108.59,775.49,293.26,6
11,player,85,0,0,686.99,107.59,780.50,292.26,6
11,player,86,0,0,692.00,106.59,785.51,291.26,6
11,player,87,0,0,697.01,105.58,790.52,290.26,6
11,player,88,0,0,701.69,105.58,795.19,290.26,6
11,player,89,0,0,706.36,105.58,799.87,290.26,6
11,player,90,0,0,711.04,105.58,804.55,290.26,6
11,player,91,0,0,715.72,105.58,809.22,290.26,6
11,player,92,0,0,720.39,105.58,813.90,290.26,6
11,player,93,0,0,725.07,105.58,818.57,290.26,6
11,player,94,0,0,729.74,105.58,823.25,290.26,6
11,player,95,0,0,737.92,103.25,831.43,287.92,6
11,player,96,0,0,746.10,100.91,839.61,285.58,6
11,player,97,0,0,751.84,100.91,845.35,285.58,6
11,player,98,0,0,757.58,100.91,851.09,285.58,6
11,player,99,0,0,763.32,100.91,856.82,285.58,6
11,player,100,0,0,769.06,100.91,862.56,285.58,6
11,player,101,0,0,774.79,100.91,868.30,285.58,6
11,player,102,0,0,780.53,100.91,874.04,285.58,6
11,player,103,0,0,786.27,100.91,879.78,285.58,6
11,player,104,0,0,792.01,100.91,885.51,285.58,6
11,player,105,0,0,797.75,100.91,891.25,285.58,6
11,player,106,0,0,803.48,100.91,896.99,285.58,6
11,player,107,0,0,809.22,100.91,902.73,285.58,6
11,player,108,0,0,827.14,100.13,920.65,284.80,6
11,player,109,0,0,845.07,99.35,938.57,284.02,6
11,player,110,0,0,862.99,98.57,956.49,283.25,6
11,player,111,0,0,880.91,97.79,974.42,282.47,6
11,player,112,0,0,898.83,97.01,992.34,281.69,6
11,player,113,0,0,916.75,96.23,1010.26,280.91,6
11,player,114,0,0,919.00,95.90,1012.50,280.57,6
11,player,115,0,0,921.24,95.57,1014.74,280.24,6
11,player,116,0,0,923.48,95.23,1016.99,279.91,6
11,player,117,0,0,925.72,94.90,1019.23,279.57,6
11,player,118,0,0,927.97,94.56,1021.47,279.24,6
11,player,119,0,0,930.21,94.23,1023.71,278.90,6
11,player,120,0,0,932.45,93.90,1025.96,278.57,6
11,player,121,0,0,934.69,93.56,1028.20,278.24,6
11,player,122,0,0,936.93,93.23,1030.44,277.90,6
11,player,123,0,0,939.18,92.89,1032.68,277.57,6
11,player,124,0,0,941.42,92.56,1034.92,277.23,6
11,player,125,0,0,943.66,92.23,1037.17,276.90,6
11,player,126,0,0,945.90,91.89,1039.41,276.57,6
11,player,127,0,0,948.15,91.56,1041.65,276.23,6
11,player,128,0,0,950.39,91.22,1043.89,275.90,6
11,player,129,0,0,952.63,90.89,1046.14,275.57,6
11,player,130,0,0,954.87,90.56,1048.38,275.23,6
11,player,131,0,0,957.11,90.22,1050.62,274.90,6
11,player,132,0,0,959.36,89.89,1052.86,274.56,6
11,player,133,0,0,961.60,89.55,1055.10,274.23,6
11,player,134,0,0,963.84,89.22,1057.35,273.90,6
11,player,135,0,0,966.08,88.89,1059.59,273.56,6
11,player,136,0,0,968.33,88.55,1061.83,273.23,6
11,player,137,0,0,970.57,88.22,1064.07,272.89,6
11,player,138,0,0,972.81,87.88,1066.32,272.56,6
11,player,139,0,0,975.05,87.55,1068.56,272.23,6
11,player,140,0,0,977.29,87.22,1070.80,271.89,6
11,player,141,0,0,979.54,86.88,1073.04,271.56,6
11,player,142,0,0,981.78,86.55,1075.28,271.22,6
11,player,143,0,0,984.02,86.22,1077.53,270.89,6
11,player,144,0,0,986.26,85.88,1079.77,270.56,6
11,player,145,0,0,988.51,85.55,1082.01,270.22,6
11,player,146,0,0,990.75,85.21,1084.25,269.89,6
11,player,147,0,0,992.99,84.88,1086.50,269.55,6
11,player,148,0,0,995.23,84.55,1088.74,269.22,6
11,player,149,0,0,997.47,84.21,1090.98,268.89,6
11,player,150,0,0,999.72,83.88,1093.22,268.55,6
11,player,151,0,0,1001.96,83.54,1095.47,268.22,6
11,player,152,0,0,1004.20,83.21,1097.71,267.88,6
11,player,153,0,0,1006.44,82.88,1099.95,267.55,6
11,player,154,0,0,1008.69,82.54,1102.19,267.22,6
11,player,155,0,0,1010.93,82.21,1104.43,266.88,6
11,player,156,0,0,1013.17,81.87,1106.68,266.55,6
11,player,157,0,0,1015.41,81.54,1108.92,266.21,6
11,player,158,0,0,1017.66,81.21,1111.16,265.88,6
11,player,159,0,0,1019.90,80.87,1113.40,265.55,6
11,player,160,0,0,1022.14,80.54,1115.65,265.21,6
11,player,161,0,0,1024.38,80.20,1117.89,264.88,6
11,player,162,0,0,1026.62,79.87,1120.13,264.54,6
11,player,163,0,0,1023.25,82.47,1116.75,267.14,6
11,player,164,0,0,1019.87,85.06,1113.38,269.74,6
11,player,165,0,0,1016.49,87.66,1110.00,272.34,6
11,player,166,0,0,1013.12,90.26,1106.62,274.93,6
11,player,167,0,0,1009.74,92.86,1103.25,277.53,6
11,player,168,0,0,1006.36,95.45,1099.87,280.13,6
11,player,169,0,0,1002.99,98.05,1096.49,282.73,6
11,player,170,0,0,999.61,100.65,1093.12,285.32,6
11,player,171,0,0,996.23,103.25,1089.74,287.92,6
11,player,172,0,0,995.61,103.16,1089.11,287.83,6
11,player,173,0,0,994.98,103.07,1088.48,287.74,6
11,player,174,0,0,994.35,102.98,1087.85,287.65,6
11,player,175,0,0,993.72,102.89,1087.22,287.56,6
11,player,176,0,0,993.09,102.80,1086.59,287.47,6
11,player,177,0,0,992.46,102.71,1085.96,287.38,6
11,player,178,0,0,991.83,102.62,1085.33,287.29,6
11,player,179,0,0,991.20,102.53,1084.71,287.20,6
11,player,180,0,0,990.57,102.44,1084.08,287.11,6
11,player,181,0,0,989.94,102.35,1083.45,287.02,6
11,player,182,0,0,989.31,102.26,1082.82,286.93,6
11,player,183,0,0,988.68,102.17,1082.19,286.84,6
11,player,184,0,0,988.05,102.08,1081.56,286.75,6
11,player,185,0,0,987.42,101.99,1080.93,286.66,6
11,player,186,0,0,986.79,101.90,1080.30,286.57,6
11,player,187,0,0,986.16,101.81,1079.67,286.48,6
11,player,188,0,0,985.54,101.72,1079.04,286.39,6
11,player,189,0,0,984.91,101.63,1078.41,286.30,6
11,player,190,0,0,984.28,101.54,1077.78,286.21,6
11,player,191,0,0,983.65,101.45,1077.15,286.12,6
11,player,192,0,0,983.02,101.36,1076.52,286.03,6
11,player,193,0,0,982.39,101.27,1075.89,285.94,6
11,player,194,0,0,981.76,101.18,1075.27,285.85,6
11,player,195,0,0,981.13,101.09,1074.64,285.76,6
11,player,196,0,0,980.50,101.00,1074.01,285.67,6
11,player,197,0,0,979.87,100.91,1073.38,285.58,6
11,player,198,0,0,994.80,100.68,1088.31,285.36,6
11,player,199,0,0,1009.73,100.46,1103.24,285.13,6
11,player,200,0,0,1024.66,100.23,1118.17,284.91,6
11,player,201,0,0,1039.59,100.00,1133.10,284.68,6
11,player,202,0,0,1054.53,99.78,1148.03,284.45,6
11,player,203,0,0,1069.46,99.55,1162.96,284.23,6
11,player,204,0,0,1084.39,99.33,1177.89,284.00,6
11,player,205,0,0,1099.32,99.10,1192.82,283.77,6
11,player,206,0,0,1114.25,98.87,1207.75,283.55,6
11,player,207,0,0,1129.18,98.65,1222.69,283.32,6
11,player,208,0,0,1144.11,98.42,1237.62,283.10,6
11,player,209,0,0,1159.04,98.19,1252.55,282.87,6
11,player,210,0,0,1173.97,97.97,1267.48,282.64,6
11,player,211,0,0,1188.90,97.74,1282.41,282.42,6
11,player,212,0,0,1203.83,97.52,1297.34,282.19,6
11,player,213,0,0,1218.77,97.29,1312.27,281.96,6
11,player,214,0,0,1233.70,97.06,1327.20,281.74,6
11,player,215,0,0,1248.63,96.84,1342.13,281.51,6
11,player,216,0,0,1263.56,96.61,1357.06,281.29,6
11,player,217,0,0,1278.49,96.38,1371.99,281.06,6
11,player,218,0,0,1293.42,96.16,1386.93,280.83,6
11,player,219,0,0,1308.35,95.93,1401.86,280.61,6
11,player,220,0,0,1323.28,95.71,1416.79,280.38,6
11,player,221,0,0,1338.21,95.48,1431.72,280.15,6
11,player,222,0,0,1353.14,95.25,1446.65,279.93,6
11,player,223,0,0,1368.07,95.03,1461.58,279.70,6
11,player,224,0,0,1383.00,94.80,1476.51,279.48,6
11,player,225,0,0,1397.94,94.57,1491.44,279.25,6
11,player,226,0,0,1412.87,94.35,1506.37,279.02,6
11,player,227,0,0,1427.80,94.12,1521.30,278.80,6
11,player,228,0,0,1442.73,93.90,1536.23,278.57,6
11,player,229,0,0,1449.07,95.06,1542.58,279.74,6
11,player,230,0,0,1455.42,96.23,1548.92,280.91,6
11,player,231,0,0,1461.76,97.40,1555.27,282.08,6
11,player,232,0,0,1468.11,98.57,1561.61,283.25,6
11,player,233,0,0,1474.45,99.74,1567.96,284.41,6
11,player,234,0,0,1480.80,100.91,1574.30,285.58,6
11,player,235,0,0,1487.14,102.08,1580.65,286.75,6
11,player,236,0,0,1493.49,103.25,1586.99,287.92,6
11,player,237,0,0,1499.83,104.41,1593.34,289.09,6
11,player,238,0,0,1506.18,105.58,1599.69,290.26,6
11,player,239,0,0,1512.52,106.75,1606.03,291.43,6
11,player,240,0,0,1518.87,107.92,1612.38,292.60,6
11,player,241,0,0,1525.21,109.09,1618.72,293.76,6
11,player,242,0,0,1531.56,110.26,1625.07,294.93,6
11,player,243,0,0,1527.02,110.05,1620.53,294.73,6
11,player,244,0,0,1522.48,109.85,1615.99,294.52,6
11,player,245,0,0,1517.95,109.64,1611.45,294.31,6
11,player,246,0,0,1513.41,109.43,1606.91,294.11,6
11,player,247,0,0,1508.87,109.23,1602.38,293.90,6
11,player,248,0,0,1504.33,109.02,1597.84,293.70,6
11,player,249,0,0,1499.79,108.81,1593.30,293.49,6
11,player,250,0,0,1495.26,108.61,1588.76,293.28,6
11,player,251,0,0,1490.72,108.40,1584.22,293.08,6
11,player,252,0,0,1486.18,108.20,1579.69,292.87,6
11,player,253,0,0,1481.64,107.99,1575.15,292.66,6
11,player,254,0,0,1477.11,107.78,1570.61,292.46,6
11,player,255,0,0,1472.57,107.58,1566.07,292.25,6
11,player,256,0,0,1468.03,107.37,1561.54,292.05,6
11,player,257,0,0,1463.49,107.16,1557.00,291.84,6
11,player,258,0,0,1458.95,106.96,1552.46,291.63,6
11,player,259,0,0,1454.42,106.75,1547.92,291.43,6
11,player,260,0,0,1449.88,106.55,1543.38,291.22,6
11,player,261,0,0,1445.34,106.34,1538.85,291.01,6
11,player,262,0,0,1440.80,106.13,1534.31,290.81,6
11,player,263,0,0,1436.27,105.93,1529.77,290.60,6
11,player,264,0,0,1431.73,105.72,1525.23,290.40,6
11,player,265,0,0,1427.19,105.51,1520.70,290.19,6
11,player,266,0,0,1422.65,105.31,1516.16,289.98,6
11,player,267,0,0,1418.11,105.10,1511.62,289.78,6
11,player,268,0,0,1413.58,104.90,1507.08,289.57,6
11,player,269,0,0,1409.04,104.69,1502.54,289.36,6
11,player,270,0,0,1404.50,104.48,1498.01,289.16,6
11,player,271,0,0,1399.96,104.28,1493.47,288.95,6
11,player,272,0,0,1395.42,104.07,1488.93,288.75,6
11,player,273,0,0,1390.89,103.86,1484.39,288.54,6
11,player,274,0,0,1386.35,103.66,1479.85,288.33,6
11,player,275,0,0,1381.81,103.45,1475.32,288.13,6
11,player,276,0,0,1377.27,103.25,1470.78,287.92,6
11,player,277,0,0,1371.18,109.80,1461.43,282.32,6
11,player,278,0,0,1365.08,116.35,1452.08,276.72,6
11,player,279,0,0,1358.99,122.91,1442.73,271.12,6
11,player,280,0,0,1352.89,129.46,1433.38,265.51,6
11,player,281,0,0,1346.80,136.01,1424.03,259.91,6
11,player,282,0,0,1348.03,135.52,1425.26,259.42,6
11,player,283,0,0,1349.26,135.03,1426.49,258.93,6
11,player,284,0,0,1350.49,134.54,1427.72,258.44,6
11,player,285,0,0,1351.72,134.04,1428.95,257.94,6
11,player,286,0,0,1352.95,133.55,1430.18,257.45,6
11,player,287,0,0,1354.18,133.06,1431.41,256.96,6
11,player,288,0,0,1355.41,132.57,1432.64,256.47,6
11,player,289,0,0,1356.64,132.08,1433.87,255.98,6
11,player,290,0,0,1357.87,131.58,1435.10,255.48,6
11,player,291,0,0,1359.10,131.09,1436.33,254.99,6
11,player,292,0,0,1360.33,130.60,1437.56,254.50,6
11,player,293,0,0,1361.56,130.11,1438.79,254.01,6
11,player,294,0,0,1362.79,129.61,1440.02,253.51,6
11,player,295,0,0,1364.02,129.12,1441.25,253.02,6
11,player,296,0,0,1365.26,128.63,1442.48,252.53,6
11,player,297,0,0,1366.49,128.14,1443.71,252.04,6
11,player,298,0,0,1367.72,127.65,1444.94,251.55,6
11,player,299,0,0,1368.95,127.15,1446.17,251.05,6
11,player,300,0,0,1370.18,126.66,1447.40,250.56,6
11,player,301,0,0,1370.46,126.22,1447.68,250.12,6
11,player,302,0,0,1370.73,125.77,1447.96,249.67,6
11,player,303,0,0,1371.01,125.33,1448.24,249.23,6
11,player,304,0,0,1371.29,124.88,1448.52,248.78,6
11,player,305,0,0,1371.57,124.44,1448.79,248.34,6
11,player,306,0,0,1371.85,123.99,1449.07,247.89,6
11,player,307,0,0,1372.12,123.55,1449.35,247.45,6
11,player,308,0,0,1372.40,123.10,1449.63,247.00,6
11,player,309,0,0,1372.68,122.65,1449.91,246.55,6
11,player,310,0,0,1372.96,122.21,1450.19,246.11,6
11,player,311,0,0,1373.24,121.76,1450.46,245.66,6
11,player,312,0,0,1373.52,121.32,1450.74,245.22,6
11,player,313,0,0,1373.79,120.87,1451.02,244.77,6
11,player,314,0,0,1374.07,120.43,1451.30,244.33,6
11,player,315,0,0,1374.35,119.98,1451.58,243.88,6
11,player,316,0,0,1374.63,119.54,1451.86,243.44,6
11,player,317,0,0,1374.91,119.09,1452.13,242.99,6
11,player,318,0,0,1375.19,118.65,1452.41,242.55,6
11,player,319,0,0,1375.46,118.20,1452.69,242.10,6
11,player,320,0,0,1375.74,117.76,1452.97,241.66,6
11,player,321,0,0,1376.02,117.31,1453.25,241.21,6
11,player,322,0,0,1376.30,116.87,1453.53,240.77,6
11,player,323,0,0,1376.58,116.42,1453.80,240.32,6
11,player,324,0,0,1376.86,115.98,1454.08,239.88,6
11,player,325,0,0,1377.13,115.53,1454.36,239.43,6
11,player,326,0,0,1377.41,115.09,1454.64,238.99,6
11,player,327,0,0,1377.69,114.64,1454.92,238.54,6
11,player,328,0,0,1377.97,114.19,1455.20,238.09,6
11,player,329,0,0,1378.25,113.75,1455.47,237.65,6
11,player,330,0,0,1378.53,113.30,1455.75,237.20,6
11,player,331,0,0,1378.80,112.86,1456.03,236.76,6
11,player,332,0,0,1379.08,112.41,1456.31,236.31,6
11,player,333,0,0,1379.36,111.97,1456.59,235.87,6
11,player,334,0,0,1379.64,111.52,1456.87,235.42,6
11,player,335,0,0,1379.92,111.08,1457.14,234.98,6
11,player,336,0,0,1380.20,110.63,1457.42,234.53,6
11,player,337,0,0,1380.47,110.19,1457.70,234.09,6
11,player,338,0,0,1380.75,109.74,1457.98,233.64,6
11,player,339,0,0,1381.03,109.30,1458.26,233.20,6
11,player,340,0,0,1381.31,108.85,1458.54,232.75,6
11,player,341,0,0,1381.59,108.41,1458.81,232.31,6
11,player,342,0,0,1381.87,107.96,1459.09,231.86,6
11,player,343,0,0,1384.38,107.96,1461.60,231.86,6
11,player,344,0,0,1386.89,107.96,1464.11,231.86,6
11,player,345,0,0,1389.40,107.96,1466.62,231.86,6
11,player,346,0,0,1391.91,107.96,1469.14,231.86,6
11,player,347,0,0,1394.42,107.96,1471.65,231.86,6
11,player,348,0,0,1396.93,107.96,1474.16,231.86,6
11,player,349,0,0,1399.44,107.96,1476.67,231.86,6
11,player,350,0,0,1401.95,107.96,1479.18,231.86,6
11,player,351,0,0,1404.46,107.96,1481.69,231.86,6
11,player,352,0,0,1406.97,107.96,1484.20,231.86,6
11,player,353,0,0,1409.48,107.96,1486.71,231.86,6
11,player,354,0,0,1412.00,107.96,1489.22,231.86,6
11,player,355,0,0,1414.51,107.96,1491.73,231.86,6
11,player,356,0,0,1417.02,107.96,1494.24,231.86,6
11,player,357,0,0,1419.53,107.96,1496.75,231.86,6
11,player,358,0,0,1422.04,107.96,1499.26,231.86,6
11,player,359,0,0,1424.55,107.96,1501.78,231.86,6
11,player,360,0,0,1427.06,107.96,1504.29,231.86,6
11,player,361,0,0,1429.57,107.96,1506.80,231.86,6
11,player,362,0,0,1432.08,107.96,1509.31,231.86,6
11,player,363,0,0,1434.59,107.96,1511.82,231.86,6
11,player,364,0,0,1437.10,107.96,1514.33,231.86,6
11,player,365,0,0,1439.61,107.96,1516.84,231.86,6
11,player,366,0,0,1442.12,107.96,1519.35,231.86,6
11,player,367,0,0,1444.64,107.96,1521.86,231.86,6
11,player,368,0,0,1447.15,107.96,1524.37,231.86,6
11,player,369,0,0,1449.66,107.96,1526.88,231.86,6
11,player,370,0,0,1444.97,107.66,1522.20,231.56,6
11,player,371,0,0,1440.29,107.35,1517.52,231.25,6
11,player,372,0,0,1435.61,107.04,1512.83,230.94,6
11,player,373,0,0,1430.92,106.74,1508.15,230.64,6
11,player,374,0,0,1426.24,106.43,1503.47,230.33,6
11,player,375,0,0,1421.56,106.13,1498.78,230.03,6
11,player,376,0,0,1416.87,105.82,1494.10,229.72,6
11,player,377,0,0,1412.19,105.52,1489.42,229.42,6
11,player,378,0,0,1407.51,105.21,1484.73,229.11,6
11,player,379,0,0,1402.82,104.91,1480.05,228.81,6
11,player,380,0,0,1398.14,104.60,1475.37,228.50,6
11,player,381,0,0,1393.46,104.30,1470.68,228.20,6
11,player,382,0,0,1388.77,103.99,1466.00,227.89,6
11,player,383,0,0,1384.09,103.68,1461.32,227.58,6
11,player,384,0,0,1379.41,103.38,1456.63,227.28,6
11,player,385,0,0,1374.72,103.07,1451.95,226.97,6
11,player,386,0,0,1370.04,102.77,1447.27,226.67,6
11,player,387,0,0,1365.36,102.46,1442.58,226.36,6
11,player,388,0,0,1360.67,102.16,1437.90,226.06,6
11,player,389,0,0,1355.99,101.85,1433.22,225.75,6
11,player,390,0,0,1351.31,101.55,1428.53,225.45,6
11,player,391,0,0,1346.62,101.24,1423.85,225.14,6
11,player,392,0,0,1341.94,100.94,1419.17,224.84,6
11,player,393,0,0,1337.26,100.63,1414.48,224.53,6
11,player,394,0,0,1332.57,100.33,1409.80,224.23,6
11,player,395,0,0,1327.89,100.02,1405.12,223.92,6
11,player,396,0,0,1323.21,99.71,1400.43,223.61,6
11,player,397,0,0,1318.52,99.41,1395.75,223.31,6
11,player,398,0,0,1313.84,99.10,1391.06,223.00,6
11,player,399,0,0,1309.15,98.80,1386.38,222.70,6
11,player,400,0,0,1304.47,98.49,1381.70,222.39,6
11,player,401,0,0,1299.79,98.19,1377.01,222.09,6
11,player,402,0,0,1295.10,97.88,1372.33,221.78,6
11,player,403,0,0,1290.42,97.58,1367.65,221.48,6
11,player,404,0,0,1285.74,97.27,1362.96,221.17,6
11,player,405,0,0,1281.05,96.97,1358.28,220.87,6
11,player,406,0,0,1276.37,96.66,1353.60,220.56,6
11,player,407,0,0,1271.69,96.35,1348.91,220.25,6
11,player,408,0,0,1267.00,96.05,1344.23,219.95,6
11,player,409,0,0,1262.32,95.74,1339.55,219.64,6
11,player,410,0,0,1257.64,95.44,1334.86,219.34,6
11,player,411,0,0,1252.95,95.13,1330.18,219.03,6
11,player,412,0,0,1244.64,95.61,1321.87,219.51,6
11,player,413,0,0,1236.32,96.08,1313.55,219.98,6
11,player,414,0,0,1228.01,96.56,1305.24,220.46,6
11,player,415,0,0,1219.69,97.03,1296.92,220.93,6
11,player,416,0,0,1211.38,97.51,1288.61,221.41,6
11,player,417,0,0,1203.07,97.98,1280.29,221.88,6
11,player,418,0,0,1194.75,98.46,1271.98,222.36,6
11,player,419,0,0,1186.44,98.93,1263.66,222.83,6
11,player,420,0,0,1178.12,99.41,1255.35,223.31,6
11,player,421,0,0,1167.79,99.41,1245.01,223.31,6
11,player,422,0,0,1157.45,99.41,1234.68,223.31,6
11,player,423,0,0,1147.12,99.41,1224.35,223.31,6
11,player,424,0,0,1136.78,99.41,1214.01,223.31,6
11,player,425,0,0,1126.45,99.41,1203.68,223.31,6
11,player,426,0,0,1116.12,99.41,1193.34,223.31,6
11,player,427,0,0,1105.78,99.41,1183.01,223.31,6
11,player,428,0,0,1095.45,99.41,1172.67,223.31,6
11,player,429,0,0,1085.11,99.41,1162.34,223.31,6
11,player,430,0,0,1074.78,99.41,1152.01,223.31,6
11,player,431,0,0,1064.45,99.41,1141.67,223.31,6
11,player,432,0,0,1054.11,99.41,1131.34,223.31,6
11,player,433,0,0,1051.11,100.26,1123.64,220.75,6
11,player,434,0,0,1048.11,101.12,1115.94,218.19,6
11,player,435,0,0,1045.10,101.97,1108.25,215.62,6
11,player,436,0,0,1042.10,102.83,1100.55,213.06,6
11,player,437,0,0,1039.10,103.69,1092.85,210.50,6
11,player,438,0,0,1025.73,104.78,1079.48,211.59,6
11,player,439,0,0,1012.35,105.87,1066.10,212.68,6
11,player,440,0,0,998.98,106.96,1052.73,213.77,6
11,player,441,0,0,985.61,108.05,1039.36,214.86,6
11,player,442,0,0,972.23,109.14,1025.98,215.95,6
11,player,443,0,0,958.86,110.23,1012.61,217.04,6
11,player,444,0,0,945.49,111.32,999.24,218.13,6
11,player,445,0,0,932.11,112.41,985.86,219.22,6
11,player,446,0,0,918.74,113.50,972.49,220.31,6
11,player,447,0,0,905.36,114.59,959.12,221.40,6
11,player,448,0,0,891.99,115.68,945.74,222.49,6
11,player,449,0,0,878.62,116.77,932.37,223.58,6
11,player,450,0,0,865.24,117.86,919.00,224.67,6
11,player,451,0,0,851.87,118.95,905.62,225.76,6
11,player,452,0,0,838.50,120.04,892.25,226.85,6
11,player,453,0,0,825.12,121.13,878.88,227.94,6
11,player,454,0,0,811.75,122.22,865.50,229.03,6
11,player,455,0,0,798.38,123.31,852.13,230.12,6
11,player,456,0,0,785.00,124.40,838.75,231.21,6
11,player,457,0,0,771.63,125.49,825.38,232.30,6
11,player,458,0,0,758.26,126.58,812.01,233.39,6
11,player,459,0,0,744.88,127.67,798.63,234.48,6
11,player,460,0,0,731.51,128.76,785.26,235.57,6
11,player,461,0,0,718.14,129.85,771.89,236.66,6
11,player,462,0,0,704.76,130.94,758.51,237.75,6
11,player,463,0,0,691.39,132.03,745.14,238.84,6
11,player,464,0,0,678.02,133.12,731.77,239.93,6
11,player,465,0,0,664.64,134.21,718.39,241.02,6
11,player,466,0,0,651.27,135.30,705.02,242.11,6
11,player,467,0,0,637.89,136.39,691.65,243.20,6
11,player,468,0,0,624.52,137.48,678.27,244.29,6
11,player,469,0,0,611.15,138.57,664.90,245.38,6
11,player,470,0,0,597.77,139.66,651.53,246.47,6
11,player,471,0,0,584.40,140.75,638.15,247.56,6
11,player,472,0,0,571.03,141.84,624.78,248.65,6
11,player,473,0,0,557.65,142.93,611.41,249.74,6
11,player,474,0,0,544.28,144.02,598.03,250.83,6
11,player,475,0,0,530.91,145.11,584.66,251.92,6
11,player,476,0,0,517.53,146.20,571.28,253.01,6
11,player,477,0,0,504.16,147.29,557.91,254.10,6
11,player,478,0,0,490.79,148.38,544.54,255.19,6
11,player,479,0,0,477.41,149.47,531.16,256.28,6
11,player,480,0,0,464.04,150.56,517.79,257.37,6
11,player,481,0,0,450.67,151.65,504.42,258.46,6
11,player,482,0,0,437.29,152.74,491.04,259.55,6
11,player,483,0,0,423.92,153.83,477.67,260.64,6
11,player,484,0,0,410.54,154.92,464.30,261.73,6
11,player,485,0,0,397.17,156.01,450.92,262.82,6
11,player,486,0,0,383.80,157.10,437.55,263.91,6
11,player,487,0,0,370.42,158.19,424.18,265.00,6
11,player,488,0,0,357.05,159.28,410.80,266.09,6
11,player,489,0,0,343.69,159.99,397.44,266.80,6
11,player,490,0,0,330.32,160.70,384.08,267.52,6
11,player,491,0,0,316.96,161.41,370.71,268.23,6
11,player,492,0,0,303.60,162.13,357.35,268.94,6
11,player,493,0,0,290.24,162.84,343.99,269.65,6
11,player,494,0,0,276.87,163.55,330.62,270.37,6
11,player,495,0,0,263.51,164.26,317.26,271.08,6
11,player,496,0,0,250.15,164.98,303.90,271.79,6
11,player,497,0,0,236.78,165.69,290.54,272.50,6
11,player,498,0,0,223.42,166.40,277.17,273.22,6
11,player,499,0,0,210.06,167.11,263.81,273.93,6
11,player,500,0,0,196.70,167.83,250.45,274.64,6
11,player,501,0,0,201.40,168.11,255.15,274.93,6
11,player,502,0,0,206.10,168.40,259.85,275.21,6
11,player,503,0,0,210.81,168.68,264.56,275.50,6
11,player,504,0,0,215.51,168.97,269.26,275.78,6
11,player,505,0,0,220.21,169.25,273.97,276.07,6
11,player,506,0,0,224.92,169.54,278.67,276.35,6
11,player,507,0,0,229.62,169.82,283.37,276.64,6
11,player,508,0,0,234.33,170.11,288.08,276.92,6
11,player,509,0,0,239.03,170.39,292.78,277.21,6
11,player,510,0,0,243.73,170.68,297.48,277.49,6
11,player,511,0,0,248.44,170.96,302.19,277.78,6
11,player,512,0,0,253.14,171.25,306.89,278.06,6
11,player,513,0,0,257.84,171.53,311.60,278.35,6
11,player,514,0,0,262.55,171.82,316.30,278.63,6
11,player,515,0,0,267.25,172.10,321.00,278.92,6
11,player,516,0,0,271.96,172.39,325.71,279.20,6
11,player,517,0,0,276.66,172.67,330.41,279.49,6
11,player,518,0,0,281.36,172.96,335.12,279.77,6
11,player,519,0,0,286.07,173.24,339.82,280.06,6
11,player,520,0,0,290.77,173.53,344.52,280.34,6
11,player,521,0,0,295.48,173.81,349.23,280.63,6
11,player,522,0,0,300.18,174.10,353.93,280.91,6
11,player,523,0,0,304.88,174.38,358.63,281.20,6
11,player,524,0,0,309.59,174.67,363.34,281.48,6
11,player,525,0,0,314.29,174.95,368.04,281.77,6
11,player,526,0,0,318.99,175.24,372.75,282.05,6
11,player,527,0,0,323.70,175.52,377.45,282.34,6
11,player,528,0,0,328.40,175.81,382.15,282.62,6
11,player,529,0,0,333.11,176.09,386.86,282.91,6
11,player,530,0,0,337.81,176.38,391.56,283.19,6
11,player,531,0,0,342.51,176.66,396.26,283.48,6
11,player,532,0,0,347.22,176.95,400.97,283.76,6
11,player,533,0,0,351.92,177.23,405.67,284.05,6
11,player,534,0,0,356.62,177.52,410.38,284.33,6
11,player,535,0,0,361.33,177.80,415.08,284.62,6
11,player,536,0,0,366.03,178.09,419.78,284.90,6
11,player,537,0,0,370.74,178.37,424.49,285.19,6
11,player,538,0,0,375.44,178.66,429.19,285.47,6
11,player,539,0,0,380.14,178.94,433.89,285.76,6
11,player,540,0,0,384.85,179.23,438.60,286.04,6
11,player,541,0,0,389.55,179.51,443.30,286.33,6
11,player,542,0,0,394.25,179.80,448.01,286.61,6
11,player,543,0,0,398.96,180.09,452.71,286.90,6
11,player,544,0,0,403.66,180.37,457.41,287.18,6
11,player,545,0,0,408.37,180.66,462.12,287.47,6
11,player,546,0,0,421.19,182.79,474.95,289.61,6
11,player,547,0,0,434.02,184.93,487.77,291.75,6
11,player,548,0,0,446.85,187.07,500.60,293.88,6
11,player,549,0,0,459.68,189.21,513.43,296.02,6
11,player,550,0,0,472.51,191.35,526.26,298.16,6
11,player,551,0,0,485.34,193.48,539.09,300.30,6
11,player,552,0,0,498.17,195.62,551.92,302.44,6
11,player,553,0,0,509.63,196.30,563.39,303.12,6
11,player,554,0,0,521.10,196.98,574.85,303.80,6
11,player,555,0,0,532.57,197.66,586.32,304.48,6
11,player,556,0,0,544.04,198.34,597.79,305.16,6
11,player,557,0,0,555.51,199.02,609.26,305.84,6
11,player,558,0,0,566.97,199.70,620.73,306.52,6
11,player,559,0,0,578.44,200.38,632.19,307.20,6
11,player,560,0,0,589.91,201.06,643.66,307.88,6
11,player,561,0,0,601.38,201.74,655.13,308.56,6
11,player,562,0,0,612.85,202.43,666.60,309.24,6
11,player,563,0,0,624.31,203.11,678.06,309.92,6
11,player,564,0,0,635.78,203.79,689.53,310.60,6
11,player,565,0,0,647.25,204.47,701.00,311.28,6
11,player,566,0,0,658.72,205.15,712.47,311.96,6
11,player,567,0,0,670.18,205.83,723.94,312.64,6
11,player,568,0,0,681.65,206.51,735.40,313.32,6
11,player,569,0,0,693.12,207.19,746.87,314.00,6
11,player,570,0,0,704.59,207.87,758.34,314.68,6
11,player,571,0,0,716.06,208.55,769.81,315.36,6
11,player,572,0,0,727.52,209.23,781.28,316.04,6
11,player,573,0,0,738.99,209.91,792.74,316.72,6
11,player,574,0,0,750.46,210.59,804.21,317.40,6
11,player,575,0,0,748.60,210.57,802.35,317.38,6
11,player,576,0,0,746.74,210.54,800.49,317.36,6
11,player,577,0,0,744.88,210.52,798.63,317.33,6
11,player,578,0,0,743.02,210.50,796.77,317.31,6
11,player,579,0,0,741.16,210.47,794.92,317.29,6
11,player,580,0,0,739.30,210.45,793.06,317.26,6
11,player,581,0,0,737.45,210.43,791.20,317.24,6
11,player,582,0,0,735.59,210.40,789.34,317.22,6
11,player,583,0,0,733.73,210.38,787.48,317.19,6
11,player,584,0,0,731.87,210.36,785.62,317.17,6
11,player,585,0,0,730.01,210.33,783.76,317.15,6
11,player,586,0,0,728.15,210.31,781.90,317.12,6
11,player,587,0,0,726.29,210.29,780.04,317.10,6
11,player,588,0,0,724.43,210.26,778.18,317.08,6
11,player,589,0,0,722.57,210.24,776.32,317.05,6
11,player,590,0,0,720.71,210.22,774.46,317.03,6
11,player,591,0,0,718.85,210.19,772.61,317.01,6
11,player,592,0,0,716.99,210.17,770.75,316.99,6
11,player,593,0,0,715.14,210.15,768.89,316.96,6
11,player,594,0,0,713.28,210.12,767.03,316.94,6
11,player,595,0,0,711.42,210.10,765.17,316.92,6
11,player,596,0,0,709.56,210.08,763.31,316.89,6
11,player,597,0,0,707.70,210.05,761.45,316.87,6
11,player,598,0,0,705.84,210.03,759.59,316.85,6
11,player,599,0,0,703.98,210.01,757.73,316.82,6
11,player,600,0,0,702.12,209.98,755.87,316.80,6
11,player,601,0,0,700.26,209.96,754.01,316.78,6
11,player,602,0,0,698.40,209.94,752.15,316.75,6
11,player,603,0,0,696.54,209.92,750.29,316.73,6
11,player,604,0,0,694.68,209.89,748.44,316.71,6
11,player,605,0,0,692.82,209.87,746.58,316.68,6
11,player,606,0,0,690.97,209.85,744.72,316.66,6
11,player,607,0,0,689.11,209.82,742.86,316.64,6
11,player,608,0,0,687.25,209.80,741.00,316.61,6
11,player,609,0,0,685.39,209.78,739.14,316.59,6
11,player,610,0,0,683.53,209.75,737.28,316.57,6
11,player,611,0,0,681.67,209.73,735.42,316.54,6
11,player,612,0,0,679.81,209.71,733.56,316.52,6
11,player,613,0,0,677.95,209.68,731.70,316.50,6
11,player,614,0,0,676.09,209.66,729.84,316.47,6
11,player,615,0,0,674.23,209.64,727.98,316.45,6
11,player,616,0,0,672.37,209.61,726.12,316.43,6
11,player,617,0,0,670.51,209.59,724.27,316.40,6
11,player,618,0,0,668.65,209.57,722.41,316.38,6
11,player,619,0,0,666.80,209.54,720.55,316.36,6
11,player,620,0,0,664.94,209.52,718.69,316.33,6
11,player,621,0,0,663.08,209.50,716.83,316.31,6
11,player,622,0,0,661.22,209.47,714.97,316.29,6
11,player,623,0,0,659.36,209.45,713.11,316.26,6
11,player,624,0,0,657.50,209.43,711.25,316.24,6
11,player,625,0,0,655.64,209.40,709.39,316.22,6
11,player,626,0,0,653.78,209.38,707.53,316.20,6
11,player,627,0,0,651.92,209.36,705.67,316.17,6
11,player,628,0,0,650.06,209.33,703.81,316.15,6
11,player,629,0,0,648.20,209.31,701.96,316.13,6
11,player,630,0,0,646.34,209.29,700.10,316.10,6
11,player,631,0,0,644.49,209.26,698.24,316.08,6
11,player,632,0,0,642.63,209.24,696.38,316.06,6
11,player,633,0,0,640.77,209.22,694.52,316.03,6
11,player,634,0,0,638.91,209.19,692.66,316.01,6
11,player,635,0,0,637.05,209.17,690.80,315.99,6
11,player,636,0,0,635.19,209.15,688.94,315.96,6
11,player,637,0,0,633.33,209.13,687.08,315.94,6
11,player,638,0,0,631.47,209.10,685.22,315.92,6
11,player,639,0,0,629.61,209.08,683.36,315.89,6
11,player,640,0,0,627.75,209.06,681.50,315.87,6
11,player,641,0,0,625.89,209.03,679.64,315.85,6
11,player,642,0,0,624.03,209.01,677.79,315.82,6
11,player,643,0,0,622.17,208.99,675.93,315.80,6
11,player,644,0,0,620.32,208.96,674.07,315.78,6
11,player,645,0,0,618.46,208.94,672.21,315.75,6
11,player,646,0,0,616.60,208.92,670.35,315.73,6
11,player,647,0,0,614.74,208.89,668.49,315.71,6
11,player,648,0,0,612.88,208.87,666.63,315.68,6
11,player,649,0,0,611.02,208.85,664.77,315.66,6
11,player,650,0,0,609.16,208.82,662.91,315.64,6
11,player,651,0,0,607.30,208.80,661.05,315.61,6
11,player,652,0,0,605.44,208.78,659.19,315.59,6
11,player,653,0,0,603.58,208.75,657.33,315.57,6
11,player,654,0,0,601.72,208.73,655.48,315.54,6
11,player,655,0,0,599.86,208.71,653.62,315.52,6
11,player,656,0,0,598.01,208.68,651.76,315.50,6
11,player,657,0,0,596.15,208.66,649.90,315.47,6
11,player,658,0,0,594.29,208.64,648.04,315.45,6
11,player,659,0,0,592.43,208.61,646.18,315.43,6
11,player,660,0,0,590.57,208.59,644.32,315.41,6
11,player,661,0,0,588.71,208.57,642.46,315.38,6
11,player,662,0,0,586.85,208.54,640.60,315.36,6
11,player,663,0,0,584.99,208.52,638.74,315.34,6
11,player,664,0,0,583.13,208.50,636.88,315.31,6
11,player,665,0,0,581.27,208.47,635.02,315.29,6
11,player,666,0,0,579.41,208.45,633.16,315.27,6
11,player,667,0,0,584.76,207.60,638.51,314.41,6
11,player,668,0,0,590.10,206.74,643.86,313.56,6
11,player,669,0,0,595.45,205.89,649.20,312.70,6
11,player,670,0,0,600.79,205.03,654.55,311.84,6
11,player,671,0,0,606.14,204.18,659.89,310.99,6
11,player,672,0,0,611.48,203.32,665.24,310.13,6
11,player,673,0,0,616.83,202.46,670.58,309.28,6
11,player,674,0,0,622.17,201.61,675.93,308.42,6
11,player,675,0,0,627.52,200.75,681.27,307.57,6
11,player,676,0,0,632.87,199.90,686.62,306.71,6
11,player,677,0,0,635.72,201.72,689.47,308.53,6
11,player,678,0,0,638.58,203.54,692.33,310.35,6
11,player,679,0,0,641.44,205.35,695.19,312.17,6
11,player,680,0,0,644.29,207.17,698.05,313.99,6
11,player,681,0,0,647.15,208.99,700.90,315.80,6
11,player,682,0,0,650.01,210.81,703.76,317.62,6
11,player,683,0,0,652.87,212.63,706.62,319.44,6
11,player,684,0,0,655.72,214.44,709.47,321.26,6
11,player,685,0,0,658.58,216.26,712.33,323.08,6
11,player,686,0,0,661.44,218.08,715.19,324.90,6
11,player,687,0,0,664.29,219.90,718.05,326.71,6
11,player,688,0,0,667.15,221.72,720.90,328.53,6
11,player,689,0,0,670.01,223.54,723.76,330.35,6
11,player,690,0,0,672.87,225.35,726.62,332.17,6
11,player,691,0,0,675.72,227.17,729.47,333.99,6
11,player,692,0,0,678.58,228.99,732.33,335.80,6
11,player,693,0,0,681.44,230.81,735.19,337.62,6
11,player,694,0,0,684.29,232.63,738.05,339.44,6
11,player,695,0,0,692.09,234.18,745.84,341.00,6
11,player,696,0,0,699.88,235.74,753.63,342.56,6
11,player,697,0,0,707.67,237.30,761.42,344.12,6
11,player,698,0,0,709.49,238.09,763.24,344.91,6
11,player,699,0,0,711.31,238.88,765.07,345.70,6
11,player,700,0,0,713.13,239.68,766.89,346.49,6
11,player,701,0,0,714.96,240.47,768.71,347.28,6
11,player,702,0,0,716.78,241.26,770.53,348.07,6
11,player,703,0,0,718.60,242.05,772.35,348.87,6
11,player,704,0,0,720.42,242.84,774.17,349.66,6
11,player,705,0,0,722.24,243.64,775.99,350.45,6
11,player,706,0,0,724.06,244.43,777.81,351.24,6
11,player,707,0,0,725.88,245.22,779.64,352.03,6
11,player,708,0,0,727.71,246.01,781.46,352.83,6
11,player,709,0,0,729.53,246.80,783.28,353.62,6
11,player,710,0,0,731.35,247.60,785.10,354.41,6
11,player,711,0,0,733.17,248.39,786.92,355.20,6
11,player,712,0,0,734.99,249.18,788.74,355.99,6
11,player,713,0,0,736.81,249.97,790.56,356.79,6
11,player,714,0,0,738.63,250.76,792.39,357.58,6
11,player,715,0,0,740.46,251.55,794.21,358.37,6
11,player,716,0,0,742.28,252.35,796.03,359.16,6
11,player,717,0,0,744.10,253.14,797.85,359.95,6
11,player,718,0,0,745.92,253.93,799.67,360.74,6
11,player,719,0,0,747.74,254.72,801.49,361.54,6
11,player,720,0,0,749.56,255.51,803.31,362.33,6
11,player,721,0,0,751.38,256.31,805.14,363.12,6
11,player,722,0,0,753.20,257.10,806.96,363.91,6
11,player,723,0,0,755.03,257.89,808.78,364.70,6
11,player,724,0,0,756.85,258.68,810.60,365.50,6
11,player,725,0,0,764.18,259.90,817.93,366.72,6
11,player,726,0,0,771.51,261.13,825.26,367.94,6
11,player,727,0,0,778.84,262.35,832.59,369.16,6
11,player,728,0,0,786.17,263.57,839.92,370.38,6
11,player,729,0,0,793.50,264.79,847.25,371.61,6
11,player,730,0,0,800.83,266.01,854.58,372.83,6
11,player,731,0,0,808.16,267.23,861.91,374.05,6
11,player,732,0,0,815.54,267.46,869.30,374.28,6
11,player,733,0,0,822.93,267.69,876.68,374.50,6
11,player,734,0,0,830.31,267.92,884.06,374.73,6
11,player,735,0,0,837.70,268.15,891.45,374.96,6
11,player,736,0,0,845.08,268.37,898.83,375.19,6
11,player,737,0,0,852.46,268.60,906.21,375.42,6
11,player,738,0,0,859.85,268.83,913.60,375.65,6
11,player,739,0,0,867.23,269.06,920.98,375.87,6
11,player,740,0,0,874.61,269.29,928.36,376.10,6
11,player,741,0,0,882.00,269.51,935.75,376.33,6
11,player,742,0,0,889.38,269.74,943.13,376.56,6
11,player,743,0,0,896.76,269.97,950.51,376.79,6
11,player,744,0,0,904.15,270.20,957.90,377.01,6
11,player,745,0,0,911.53,270.43,965.28,377.24,6
11,player,746,0,0,918.91,270.66,972.67,377.47,6
11,player,747,0,0,926.30,270.88,980.05,377.70,6
11,player,748,0,0,933.68,271.11,987.43,377.93,6
11,player,749,0,0,941.06,271.34,994.82,378.15,6
11,player,750,0,0,948.45,271.57,1002.20,378.38,6
11,player,751,0,0,955.83,271.80,1009.58,378.61,6
11,player,752,0,0,963.21,272.02,1016.97,378.84,6
11,player,753,0,0,970.60,272.25,1024.35,379.07,6
11,player,754,0,0,977.98,272.48,1031.73,379.29,6
11,player,755,0,0,985.37,272.71,1039.12,379.52,6
11,player,756,0,0,992.75,272.94,1046.50,379.75,6
11,player,757,0,0,1000.13,273.16,1053.88,379.98,6
11,player,758,0,0,1007.52,273.39,1061.27,380.21,6
11,player,759,0,0,1014.90,273.62,1068.65,380.43,6
11,player,760,0,0,1022.28,273.85,1076.03,380.66,6
11,player,761,0,0,1029.67,274.08,1083.42,380.89,6
11,player,762,0,0,1037.05,274.30,1090.80,381.12,6
11,player,763,0,0,1044.43,274.53,1098.19,381.35,6
11,player,764,0,0,1051.82,274.76,1105.57,381.57,6
11,player,765,0,0,1059.20,274.99,1112.95,381.80,6
11,player,766,0,0,1066.58,275.22,1120.34,382.03,6
11,player,767,0,0,1073.97,275.44,1127.72,382.26,6
11,player,768,0,0,1081.35,275.67,1135.10,382.49,6
11,player,769,0,0,1088.73,275.90,1142.49,382.72,6
11,player,770,0,0,1096.12,276.13,1149.87,382.94,6
11,player,771,0,0,1103.50,276.36,1157.25,383.17,6
11,player,772,0,0,1110.89,276.58,1164.64,383.40,6
11,player,773,0,0,1118.27,276.81,1172.02,383.63,6
11,player,774,0,0,1125.65,277.04,1179.40,383.86,6
11,player,775,0,0,1133.04,277.27,1186.79,384.08,6
11,player,776,0,0,1140.42,277.50,1194.17,384.31,6
11,player,777,0,0,1147.80,277.73,1201.55,384.54,6
11,player,778,0,0,1155.19,277.95,1208.94,384.77,6
11,player,779,0,0,1162.57,278.18,1216.32,385.00,6
11,player,780,0,0,1169.95,278.41,1223.70,385.22,6
11,player,781,0,0,1177.34,278.64,1231.09,385.45,6
11,player,782,0,0,1184.72,278.87,1238.47,385.68,6
11,player,783,0,0,1192.10,279.09,1245.86,385.91,6
11,player,784,0,0,1199.49,279.32,1253.24,386.14,6
11,player,785,0,0,1206.87,279.55,1260.62,386.36,6
11,player,786,0,0,1214.25,279.78,1268.01,386.59,6
11,player,787,0,0,1221.64,280.01,1275.39,386.82,6
11,player,788,0,0,1229.02,280.23,1282.77,387.05,6
11,player,789,0,0,1236.41,280.46,1290.16,387.28,6
11,player,790,0,0,1243.79,280.69,1297.54,387.50,6
11,player,791,0,0,1251.17,280.92,1304.92,387.73,6
11,player,792,0,0,1258.56,281.15,1312.31,387.96,6
11,player,793,0,0,1265.94,281.37,1319.69,388.19,6
11,player,794,0,0,1273.32,281.60,1327.07,388.42,6
11,player,795,0,0,1280.71,281.83,1334.46,388.64,6
11,player,796,0,0,1288.09,282.06,1341.84,388.87,6
11,player,797,0,0,1295.47,282.29,1349.22,389.10,6
11,player,798,0,0,1302.86,282.51,1356.61,389.33,6
11,player,799,0,0,1310.24,282.74,1363.99,389.56,6
11,player,800,0,0,1317.62,282.97,1371.38,389.78,6
11,player,801,0,0,1325.01,283.20,1378.76,390.01,6
11,player,802,0,0,1332.39,283.43,1386.14,390.24,6
11,player,803,0,0,1339.77,283.65,1393.53,390.47,6
11,player,804,0,0,1347.16,283.88,1400.91,390.70,6
11,player,805,0,0,1354.54,284.11,1408.29,390.93,6
11,player,806,0,0,1361.92,284.34,1415.68,391.15,6
11,player,807,0,0,1359.13,284.67,1412.88,391.48,6
11,player,808,0,0,1356.33,285.00,1410.08,391.81,6
11,player,809,0,0,1353.54,285.33,1407.29,392.14,6
11,player,810,0,0,1350.74,285.65,1404.49,392.47,6
11,player,811,0,0,1347.94,285.98,1401.70,392.80,6
11,player,812,0,0,1345.15,286.31,1398.90,393.13,6
11,player,813,0,0,1342.35,286.64,1396.10,393.46,6
11,player,814,0,0,1339.56,286.97,1393.31,393.78,6
11,player,815,0,0,1336.76,287.30,1390.51,394.11,6
11,player,816,0,0,1333.97,287.63,1387.72,394.44,6
11,player,817,0,0,1331.17,287.96,1384.92,394.77,6
11,player,818,0,0,1328.37,288.29,1382.12,395.10,6
11,player,819,0,0,1325.58,288.62,1379.33,395.43,6
11,player,820,0,0,1321.54,288.85,1375.29,395.67,6
11,player,821,0,0,1317.50,289.09,1371.25,395.90,6
11,player,822,0,0,1313.46,289.33,1367.21,396.14,6
11,player,823,0,0,1309.42,289.57,1363.17,396.38,6
11,player,824,0,0,1305.38,289.80,1359.14,396.62,6
11,player,825,0,0,1301.35,290.04,1355.10,396.85,6
11,player,826,0,0,1297.31,290.28,1351.06,397.09,6
11,player,827,0,0,1293.27,290.52,1347.02,397.33,6
11,player,828,0,0,1289.23,290.75,1342.98,397.57,6
11,player,829,0,0,1286.34,290.38,1340.09,397.19,6
11,player,830,0,0,1283.44,290.00,1337.20,396.81,6
11,player,831,0,0,1280.55,289.62,1334.30,396.44,6
11,player,832,0,0,1277.66,289.24,1331.41,396.06,6
11,player,833,0,0,1274.77,288.87,1328.52,395.68,6
11,player,834,0,0,1271.87,288.49,1325.62,395.30,6
11,player,835,0,0,1268.98,288.11,1322.73,394.93,6
11,player,836,0,0,1266.09,287.73,1319.84,394.55,6
11,player,837,0,0,1263.20,287.36,1316.95,394.17,6
11,player,838,0,0,1260.30,286.98,1314.05,393.79,6
11,player,839,0,0,1257.41,286.60,1311.16,393.42,6
11,player,840,0,0,1254.52,286.23,1308.27,393.04,6
11,player,841,0,0,1251.62,285.85,1305.38,392.66,6
11,player,842,0,0,1248.73,285.47,1302.48,392.29,6
11,player,843,0,0,1245.84,285.09,1299.59,391.91,6
11,player,844,0,0,1242.95,284.72,1296.70,391.53,6
11,player,845,0,0,1240.05,284.34,1293.81,391.15,6
11,player,846,0,0,1241.26,283.54,1295.01,390.35,6
11,player,847,0,0,1242.46,282.74,1296.21,389.55,6
11,player,848,0,0,1243.66,281.93,1297.41,388.75,6
11,player,849,0,0,1244.86,281.13,1298.62,387.95,6
11,player,850,0,0,1246.07,280.33,1299.82,387.14,6
11,player,851,0,0,1247.27,279.53,1301.02,386.34,6
11,player,852,0,0,1248.47,278.73,1302.22,385.54,6
11,player,853,0,0,1249.68,277.92,1303.43,384.74,6
11,player,854,0,0,1250.88,277.12,1304.63,383.94,6
11,player,855,0,0,1252.08,276.32,1305.83,383.14,6
11,player,856,0,0,1253.28,275.52,1307.03,382.33,6
11,player,857,0,0,1254.49,274.72,1308.24,381.53,6
11,player,858,0,0,1255.69,273.92,1309.44,380.73,6
11,player,859,0,0,1256.89,273.11,1310.64,379.93,6
11,player,860,0,0,1258.09,272.31,1311.85,379.13,6
11,player,861,0,0,1259.30,271.51,1313.05,378.33,6
11,player,862,0,0,1261.28,270.14,1315.03,376.95,6
11,player,863,0,0,1263.27,268.76,1317.02,375.58,6
11,player,864,0,0,1265.25,267.39,1319.00,374.20,6
11,player,865,0,0,1267.24,266.01,1320.99,372.83,6
11,player,866,0,0,1269.22,264.64,1322.98,371.45,6
11,player,867,0,0,1271.21,263.26,1324.96,370.08,6
11,player,868,0,0,1273.19,261.89,1326.95,368.70,6
11,player,869,0,0,1275.18,260.52,1328.93,367.33,6
11,player,870,0,0,1277.17,259.14,1330.92,365.96,6
11,player,871,0,0,1279.15,257.77,1332.90,364.58,6
11,player,872,0,0,1281.14,256.39,1334.89,363.21,6
11,player,873,0,0,1283.12,255.02,1336.87,361.83,6
11,player,874,0,0,1285.11,253.64,1338.86,360.46,6
11,player,875,0,0,1287.09,252.27,1340.84,359.08,6
11,player,876,0,0,1288.25,251.47,1342.00,358.28,6
11,player,877,0,0,1289.41,250.66,1343.16,357.48,6
11,player,878,0,0,1290.57,249.86,1344.32,356.68,6
11,player,879,0,0,1291.72,249.06,1345.48,355.88,6
11,player,880,0,0,1292.88,248.26,1346.63,355.07,6
11,player,881,0,0,1294.04,247.46,1347.79,354.27,6
11,player,882,0,0,1295.20,246.66,1348.95,353.47,6
11,player,883,0,0,1296.36,245.85,1350.11,352.67,6
11,player,884,0,0,1297.52,245.05,1351.27,351.87,6
11,player,885,0,0,1298.67,244.25,1352.42,351.07,6
11,player,886,0,0,1299.83,243.45,1353.58,350.26,6
11,player,887,0,0,1300.99,242.65,1354.74,349.46,6
11,player,888,0,0,1302.15,241.85,1355.90,348.66,6
11,player,889,0,0,1303.31,241.04,1357.06,347.86,6
11,player,890,0,0,1304.46,240.24,1358.22,347.06,6
11,player,891,0,0,1305.62,239.44,1359.37,346.25,6
11,player,892,0,0,1306.78,238.64,1360.53,345.45,6
11,player,893,0,0,1307.94,237.84,1361.69,344.65,6
11,player,894,0,0,1309.10,237.03,1362.85,343.85,6
11,player,895,0,0,1310.26,236.23,1364.01,343.05,6
11,player,896,0,0,1311.41,235.43,1365.16,342.25,6
11,player,897,0,0,1312.57,234.63,1366.32,341.44,6
11,player,898,0,0,1313.73,233.83,1367.48,340.64,6
11,player,899,0,0,1314.89,233.03,1368.64,339.84,6
12,player,80,0,0,35.46,248.18,128.96,432.86,11
12,player,81,0,0,37.79,247.85,131.30,432.52,11
12,player,82,0,0,40.13,247.51,133.64,432.19,11
12,player,83,0,0,42.47,247.18,135.97,431.86,11
12,player,84,0,0,44.81,246.85,138.31,431.52,11
12,player,85,0,0,47.14,246.51,140.65,431.19,11
12,player,86,0,0,49.48,246.18,142.99,430.85,11
12,player,87,0,0,51.82,245.84,145.32,430.52,11
12,player,88,0,0,55.83,246.18,149.33,430.85,11
12,player,89,0,0,59.83,246.51,153.34,431.19,11
12,player,90,0,0,63.84,246.85,157.35,431.52,11
12,player,91,0,0,67.85,247.18,161.35,431.86,11
12,player,92,0,0,71.86,247.51,165.36,432.19,11
12,player,93,0,0,75.86,247.85,169.37,432.52,11
12,player,94,0,0,79.87,248.18,173.38,432.86,11
12,player,95,0,0,85.62,247.46,179.13,432.14,11
12,player,96,0,0,91.38,246.74,184.88,431.42,11
12,player,97,0,0,97.13,246.02,190.64,430.70,11
12,player,98,0,0,102.89,245.31,196.39,429.98,11
12,player,99,0,0,108.64,244.59,202.15,429.26,11
12,player,100,0,0,114.40,243.87,207.90,428.54,11
12,player,101,0,0,120.15,243.15,213.66,427.82,11
12,player,102,0,0,125.90,242.43,219.41,427.10,11
12,player,103,0,0,131.66,241.71,225.16,426.38,11
12,player,104,0,0,137.41,240.99,230.92,425.66,11
12,player,105,0,0,143.17,240.27,236.67,424.95,11
12,player,106,0,0,148.92,239.55,242.43,424.23,11
12,player,107,0,0,154.67,238.83,248.18,423.51,11
12,player,108,0,0,171.43,236.49,264.93,421.17,11
12,player,109,0,0,188.18,234.16,281.69,418.83,11
12,player,110,0,0,204.93,231.82,298.44,416.49,11
12,player,111,0,0,221.69,229.48,315.19,414.16,11
12,player,112,0,0,238.44,227.14,331.95,411.82,11
12,player,113,0,0,255.19,224.81,348.70,409.48,11
12,player,114,0,0,261.16,224.81,354.66,409.48,11
12,player,115,0,0,267.12,224.81,360.63,409.48,11
12,player,116,0,0,273.08,224.81,366.59,409.48,11
12,player,117,0,0,279.05,224.81,372.55,409.48,11
12,player,118,0,0,285.01,224.81,378.52,409.48,11
12,player,119,0,0,290.97,224.81,384.48,409.48,11
12,player,120,0,0,296.94,224.81,390.44,409.48,11
12,player,121,0,0,302.90,224.81,396.41,409.48,11
12,player,122,0,0,308.87,224.81,402.37,409.48,11
12,player,123,0,0,314.83,224.81,408.33,409.48,11
12,player,124,0,0,320.79,224.81,414.30,409.48,11
12,player,125,0,0,326.76,224.81,420.26,409.48,11
12,player,126,0,0,332.72,224.81,426.22,409.48,11
12,player,127,0,0,338.68,224.81,432.19,409.48,11
12,player,128,0,0,344.65,224.81,438.15,409.48,11
12,player,129,0,0,350.61,224.81,444.11,409.48,11
12,player,130,0,0,356.57,224.81,450.08,409.48,11
12,player,131,0,0,362.54,224.81,456.04,409.48,11
12,player,132,0,0,368.50,224.81,462.00,409.48,11
12,player,133,0,0,374.46,224.81,467.97,409.48,11
12,player,134,0,0,380.43,224.81,473.93,409.48,11
12,player,135,0,0,386.39,224.81,479.90,409.48,11
12,player,136,0,0,392.35,224.81,485.86,409.48,11
12,player,137,0,0,398.32,224.81,491.82,409.48,11
12,player,138,0,0,404.28,224.81,497.79,409.48,11
12,player,139,0,0,410.24,224.81,503.75,409.48,11
12,player,140,0,0,416.21,224.81,509.71,409.48,11
12,player,141,0,0,422.17,224.81,515.68,409.48,11
12,player,142,0,0,428.13,224.81,521.64,409.48,11
12,player,143,0,0,434.10,224.81,527.60,409.48,11
12,player,144,0,0,440.06,224.81,533.57,409.48,11
12,player,145,0,0,446.02,224.81,539.53,409.48,11
12,player,146,0,0,451.99,224.81,545.49,409.48,11
12,player,147,0,0,457.95,224.81,551.46,409.48,11
12,player,148,0,0,463.91,224.81,557.42,409.48,11
12,player,149,0,0,469.88,224.81,563.38,409.48,11
12,player,150,0,0,475.84,224.81,569.35,409.48,11
12,player,151,0,0,481.80,224.81,575.31,409.48,11
12,player,152,0,0,487.77,224.81,581.27,409.48,11
12,player,153,0,0,493.73,224.81,587.24,409.48,11
12,player,154,0,0,499.69,224.81,593.20,409.48,11
12,player,155,0,0,505.66,224.81,599.16,409.48,11
12,player,156,0,0,511.62,224.81,605.13,409.48,11
12,player,157,0,0,517.58,224.81,611.09,409.48,11
12,player,158,0,0,523.55,224.81,617.05,409.48,11
12,player,159,0,0,529.51,224.81,623.02,409.48,11
12,player,160,0,0,535.47,224.81,628.98,409.48,11
12,player,161,0,0,541.44,224.81,634.94,409.48,11
12,player,162,0,0,547.40,224.81,640.91,409.48,11
12,player,163,0,0,547.66,227.92,641.17,412.60,11
12,player,164,0,0,547.92,231.04,641.43,415.72,11
12,player,165,0,0,548.18,234.16,641.69,418.83,11
12,player,166,0,0,548.44,237.27,641.95,421.95,11
12,player,167,0,0,548.70,240.39,642.21,425.07,11
12,player,168,0,0,548.96,243.51,642.47,428.18,11
12,player,169,0,0,549.22,246.62,642.73,431.30,11
12,player,170,0,0,549.48,249.74,642.99,434.42,11
12,player,171,0,0,549.74,252.86,643.25,437.53,11
12,player,172,0,0,550.37,252.86,643.87,437.53,11
12,player,173,0,0,551.00,252.86,644.50,437.53,11
12,player,174,0,0,551.63,252.86,645.13,437.53,11
12,player,175,0,0,552.26,252.86,645.76,437.53,11
12,player,176,0,0,552.89,252.86,646.39,437.53,11
12,player,177,0,0,553.52,252.86,647.02,437.53,11
12,player,178,0,0,554.14,252.86,647.65,437.53,11
12,player,179,0,0,554.77,252.86,648.28,437.53,11
12,player,180,0,0,555.40,252.86,648.91,437.53,11
12,player,181,0,0,556.03,252.86,649.54,437.53,11
12,player,182,0,0,556.66,252.86,650.17,437.53,11
12,player,183,0,0,557.29,252.86,650.80,437.53,11
12,player,184,0,0,557.92,252.86,651.43,437.53,11
12,player,185,0,0,558.55,252.86,652.06,437.53,11
12,player,186,0,0,559.18,252.86,652.69,437.53,11
12,player,187,0,0,559.81,252.86,653.31,437.53,11
12,player,188,0,0,560.44,252.86,653.94,437.53,11
12,player,189,0,0,561.07,252.86,654.57,437.53,11
12,player,190,0,0,561.70,252.86,655.20,437.53,11
12,player,191,0,0,562.33,252.86,655.83,437.53,11
12,player,192,0,0,562.96,252.86,656.46,437.53,11
12,player,193,0,0,563.59,252.86,657.09,437.53,11
12,player,194,0,0,564.21,252.86,657.72,437.53,11
12,player,195,0,0,564.84,252.86,658.35,437.53,11
12,player,196,0,0,565.47,252.86,658.98,437.53,11
12,player,197,0,0,566.10,252.86,659.61,437.53,11
12,player,198,0,0,580.73,253.39,674.24,438.06,11
12,player,199,0,0,595.36,253.91,688.87,438.59,11
12,player,200,0,0,609.99,254.44,703.50,439.12,11
12,player,201,0,0,624.62,254.97,718.13,439.64,11
12,player,202,0,0,639.25,255.50,732.75,440.17,11
12,player,203,0,0,653.88,256.03,747.38,440.70,11
12,player,204,0,0,668.51,256.55,762.01,441.23,11
12,player,205,0,0,683.14,257.08,776.64,441.76,11
12,player,206,0,0,697.77,257.61,791.27,442.28,11
12,player,207,0,0,712.40,258.14,805.90,442.81,11
12,player,208,0,0,727.02,258.66,820.53,443.34,11
12,player,209,0,0,741.65,259.19,835.16,443.87,11
12,player,210,0,0,756.28,259.72,849.79,444.40,11
12,player,211,0,0,770.91,260.25,864.42,444.92,11
12,player,212,0,0,785.54,260.78,879.05,445.45,11
12,player,213,0,0,800.17,261.30,893.68,445.98,11
12,player,214,0,0,814.80,261.83,908.31,446.51,11
12,player,215,0,0,829.43,262.36,922.93,447.03,11
12,player,216,0,0,844.06,262.89,937.56,447.56,11
12,player,217,0,0,858.69,263.42,952.19,448.09,11
12,player,218,0,0,873.32,263.94,966.82,448.62,11
12,player,219,0,0,887.95,264.47,981.45,449.15,11
12,player,220,0,0,902.58,265.00,996.08,449.67,11
12,player,221,0,0,917.20,265.53,1010.71,450.20,11
12,player,222,0,0,931.83,266.05,1025.34,450.73,11
12,player,223,0,0,946.46,266.58,1039.97,451.26,11
12,player,224,0,0,961.09,267.11,1054.60,451.79,11
12,player,225,0,0,975.72,267.64,1069.23,452.31,11
12,player,226,0,0,990.35,268.17,1083.86,452.84,11
12,player,227,0,0,1004.98,268.69,1098.49,453.37,11
12,player,228,0,0,1019.61,269.22,1113.12,453.90,11
12,player,229,0,0,1023.95,269.39,1117.46,454.06,11
12,player,230,0,0,1028.29,269.56,1121.80,454.23,11
12,player,231,0,0,1032.63,269.72,1126.14,454.40,11
12,player,232,0,0,1036.97,269.89,1130.48,454.56,11
12,player,233,0,0,1041.32,270.06,1134.82,454.73,11
12,player,234,0,0,1045.66,270.22,1139.16,454.90,11
12,player,235,0,0,1050.00,270.39,1143.50,455.07,11
12,player,236,0,0,1054.34,270.56,1147.85,455.23,11
12,player,237,0,0,1058.68,270.72,1152.19,455.40,11
12,player,238,0,0,1063.02,270.89,1156.53,455.57,11
12,player,239,0,0,1067.36,271.06,1160.87,455.73,11
12,player,240,0,0,1071.71,271.23,1165.21,455.90,11
12,player,241,0,0,1076.05,271.39,1169.55,456.07,11
12,player,242,0,0,1080.39,271.56,1173.89,456.23,11
12,player,243,0,0,1087.40,266.88,1180.91,451.56,11
12,player,244,0,0,1094.42,262.21,1187.92,446.88,11
12,player,245,0,0,1088.64,262.72,1181.93,446.37,11
12,player,246,0,0,1082.87,263.23,1175.94,445.86,11
12,player,247,0,0,1077.10,263.74,1169.95,445.35,11
12,player,248,0,0,1071.33,264.25,1163.96,444.84,11
12,player,249,0,0,1065.55,264.77,1157.97,444.32,11
12,player,250,0,0,1059.78,265.28,1151.98,443.81,11
12,player,251,0,0,1054.01,265.79,1145.99,443.30,11
12,player,252,0,0,1048.24,266.30,1140.00,442.79,11
12,player,253,0,0,1042.46,266.81,1134.01,442.28,11
12,player,254,0,0,1036.69,267.32,1128.02,441.76,11
12,player,255,0,0,1030.92,267.83,1122.03,441.25,11
12,player,256,0,0,1025.15,268.35,1116.04,440.74,11
12,player,257,0,0,1019.37,268.86,1110.05,440.23,11
12,player,258,0,0,1013.60,269.37,1104.06,439.72,11
12,player,259,0,0,1007.83,269.88,1098.07,439.20,11
12,player,260,0,0,1002.06,270.39,1092.08,438.69,11
12,player,261,0,0,996.29,270.90,1086.09,438.18,11
12,player,262,0,0,990.51,271.41,1080.10,437.67,11
12,player,263,0,0,984.74,271.92,1074.11,437.16,11
12,player,264,0,0,978.97,272.44,1068.12,436.64,11
12,player,265,0,0,973.20,272.95,1062.13,436.13,11
12,player,266,0,0,967.42,273.46,1056.14,435.62,11
12,player,267,0,0,961.65,273.97,1050.14,435.11,11
12,player,268,0,0,955.88,274.48,1044.15,434.60,11
12,player,269,0,0,950.11,274.99,1038.16,434.08,11
12,player,270,0,0,944.33,275.50,1032.17,433.57,11
12,player,271,0,0,938.56,276.02,1026.18,433.06,11
12,player,272,0,0,932.79,276.53,1020.19,432.55,11
12,player,273,0,0,927.02,277.04,1014.20,432.04,11
12,player,274,0,0,921.24,277.55,1008.21,431.52,11
12,player,275,0,0,915.47,278.06,1002.22,431.01,11
12,player,276,0,0,909.70,278.57,996.23,430.50,11
12,player,277,0,0,899.88,277.64,985.01,428.16,11
12,player,278,0,0,890.06,276.70,973.79,425.82,11
12,player,279,0,0,880.24,275.77,962.57,423.48,11
12,player,280,0,0,870.42,274.83,951.35,421.14,11
12,player,281,0,0,860.60,273.90,940.13,418.80,11
12,player,282,0,0,860.11,273.28,940.38,420.28,11
12,player,283,0,0,859.62,272.67,940.62,421.76,11
12,player,284,0,0,859.13,272.05,940.87,423.23,11
12,player,285,0,0,858.64,271.44,941.11,424.71,11
12,player,286,0,0,858.15,270.82,941.36,426.19,11
12,player,287,0,0,857.66,270.21,941.61,427.67,11
12,player,288,0,0,857.17,269.59,941.85,429.15,11
12,player,289,0,0,856.68,268.98,942.10,430.62,11
12,player,290,0,0,856.19,268.36,942.34,432.10,11
12,player,291,0,0,855.70,267.75,942.59,433.58,11
12,player,292,0,0,855.22,267.13,942.84,435.06,11
12,player,293,0,0,854.73,266.51,943.08,436.54,11
12,player,294,0,0,854.24,265.90,943.33,438.02,11
12,player,295,0,0,853.75,265.28,943.57,439.49,11
12,player,296,0,0,853.26,264.67,943.82,440.97,11
12,player,297,0,0,852.77,264.05,944.07,442.45,11
12,player,298,0,0,852.28,263.44,944.31,443.93,11
12,player,299,0,0,851.79,262.82,944.56,445.41,11
12,player,300,0,0,851.30,262.21,944.80,446.88,11
12,player,301,0,0,851.30,262.21,943.53,444.55,11
12,player,302,0,0,851.30,262.21,942.26,442.21,11
12,player,303,0,0,851.30,262.21,940.99,439.88,11
12,player,304,0,0,851.30,262.21,939.71,437.54,11
12,player,305,0,0,851.30,262.21,938.44,435.21,11
12,player,306,0,0,851.30,262.21,937.17,432.87,11
12,player,307,0,0,851.30,262.21,935.89,430.54,11
12,player,308,0,0,851.30,262.21,934.62,428.20,11
12,player,309,0,0,851.30,262.21,933.35,425.87,11
12,player,310,0,0,851.30,262.21,932.07,423.53,11
12,player,311,0,0,851.30,262.21,930.80,421.20,11
12,player,312,0,0,850.85,262.21,930.35,421.20,11
12,player,313,0,0,850.39,262.21,929.90,421.20,11
12,player,314,0,0,849.94,262.21,929.44,421.20,11
12,player,315,0,0,849.49,262.21,928.99,421.20,11
12,player,316,0,0,849.04,262.21,928.54,421.20,11
12,player,317,0,0,848.58,262.21,928.09,421.20,11
12,player,318,0,0,848.13,262.21,927.63,421.20,11
12,player,319,0,0,847.68,262.21,927.18,421.20,11
12,player,320,0,0,847.23,262.21,926.73,421.20,11
12,player,321,0,0,846.77,262.21,926.28,421.20,11
12,player,322,0,0,846.32,262.21,925.82,421.20,11
12,player,323,0,0,845.87,262.21,925.37,421.20,11
12,player,324,0,0,845.42,262.21,924.92,421.20,11
12,player,325,0,0,844.96,262.21,924.47,421.20,11
12,player,326,0,0,844.51,262.21,924.01,421.20,11
12,player,327,0,0,844.06,262.21,923.56,421.20,11
12,player,328,0,0,843.61,262.21,923.11,421.20,11
12,player,329,0,0,843.15,262.21,922.66,421.20,11
12,player,330,0,0,842.70,262.21,922.20,421.20,11
12,player,331,0,0,842.25,262.21,921.75,421.20,11
12,player,332,0,0,841.80,262.21,921.30,421.20,11
12,player,333,0,0,841.34,262.21,920.85,421.20,11
12,player,334,0,0,840.89,262.21,920.39,421.20,11
12,player,335,0,0,840.44,262.21,919.94,421.20,11
12,player,336,0,0,839.99,262.21,919.49,421.20,11
12,player,337,0,0,839.53,262.21,919.04,421.20,11
12,player,338,0,0,839.08,262.21,918.58,421.20,11
12,player,339,0,0,838.63,262.21,918.13,421.20,11
12,player,340,0,0,838.18,262.21,917.68,421.20,11
12,player,341,0,0,837.72,262.21,917.23,421.20,11
12,player,342,0,0,837.27,262.21,916.77,421.20,11
12,player,343,0,0,839.87,261.52,919.37,420.51,11
12,player,344,0,0,842.47,260.82,921.97,419.81,11
12,player,345,0,0,845.06,260.13,924.57,419.12,11
12,player,346,0,0,847.66,259.44,927.16,418.43,11
12,player,347,0,0,850.26,258.75,929.76,417.74,11
12,player,348,0,0,852.86,258.05,932.36,417.04,11
12,player,349,0,0,855.45,257.36,934.96,416.35,11
12,player,350,0,0,858.05,256.67,937.55,415.66,11
12,player,351,0,0,860.65,255.98,940.15,414.97,11
12,player,352,0,0,863.25,255.28,942.75,414.27,11
12,player,353,0,0,865.84,254.59,945.35,413.58,11
12,player,354,0,0,868.44,253.90,947.94,412.89,11
12,player,355,0,0,871.04,253.20,950.54,412.20,11
12,player,356,0,0,873.64,252.51,953.14,411.50,11
12,player,357,0,0,876.23,251.82,955.73,410.81,11
12,player,358,0,0,878.83,251.13,958.33,410.12,11
12,player,359,0,0,881.43,250.43,960.93,409.43,11
12,player,360,0,0,884.03,249.74,963.53,408.73,11
12,player,361,0,0,886.62,249.05,966.12,408.04,11
12,player,362,0,0,889.22,248.36,968.72,407.35,11
12,player,363,0,0,891.82,247.66,971.32,406.65,11
12,player,364,0,0,894.42,246.97,973.92,405.96,11
12,player,365,0,0,897.01,246.28,976.51,405.27,11
12,player,366,0,0,899.61,245.59,979.11,404.58,11
12,player,367,0,0,902.21,244.89,981.71,403.88,11
12,player,368,0,0,904.80,244.20,984.31,403.19,11
12,player,369,0,0,907.40,243.51,986.90,402.50,11
12,player,370,0,0,904.86,242.59,984.36,401.58,11
12,player,371,0,0,902.31,241.68,981.81,400.67,11
12,player,372,0,0,899.77,240.76,979.27,399.75,11
12,player,373,0,0,897.22,239.84,976.72,398.83,11
12,player,374,0,0,894.68,238.93,974.18,397.92,11
12,player,375,0,0,892.13,238.01,971.63,397.00,11
12,player,376,0,0,889.59,237.09,969.09,396.08,11
12,player,377,0,0,887.04,236.18,966.54,395.17,11
12,player,378,0,0,884.49,235.26,964.00,394.25,11
12,player,379,0,0,881.95,234.34,961.45,393.34,11
12,player,380,0,0,879.40,233.43,958.91,392.42,11
12,player,381,0,0,876.86,232.51,956.36,391.50,11
12,player,382,0,0,874.31,231.60,953.81,390.59,11
12,player,383,0,0,871.77,230.68,951.27,389.67,11
12,player,384,0,0,869.22,229.76,948.72,388.75,11
12,player,385,0,0,866.68,228.85,946.18,387.84,11
12,player,386,0,0,864.13,227.93,943.63,386.92,11
12,player,387,0,0,861.59,227.01,941.09,386.01,11
12,player,388,0,0,859.04,226.10,938.54,385.09,11
12,player,389,0,0,856.50,225.18,936.00,384.17,11
12,player,390,0,0,853.95,224.27,933.45,383.26,11
12,player,391,0,0,851.41,223.35,930.91,382.34,11
12,player,392,0,0,848.86,222.43,928.36,381.42,11
12,player,393,0,0,846.31,221.52,925.82,380.51,11
12,player,394,0,0,843.77,220.60,923.27,379.59,11
12,player,395,0,0,841.22,219.68,920.73,378.67,11
12,player,396,0,0,838.68,218.77,918.18,377.76,11
12,player,397,0,0,836.13,217.85,915.63,376.84,11
12,player,398,0,0,833.59,216.93,913.09,375.93,11
12,player,399,0,0,831.04,216.02,910.54,375.01,11
12,player,400,0,0,828.50,215.10,908.00,374.09,11
12,player,401,0,0,825.95,214.19,905.45,373.18,11
12,player,402,0,0,823.41,213.27,902.91,372.26,11
12,player,403,0,0,820.86,212.35,900.36,371.34,11
12,player,404,0,0,818.32,211.44,897.82,370.43,11
12,player,405,0,0,815.77,210.52,895.27,369.51,11
12,player,406,0,0,813.23,209.60,892.73,368.60,11
12,player,407,0,0,810.68,208.69,890.18,367.68,11
12,player,408,0,0,808.13,207.77,887.64,366.76,11
12,player,409,0,0,805.59,206.86,885.09,365.85,11
12,player,410,0,0,803.04,205.94,882.55,364.93,11
12,player,411,0,0,800.50,205.02,880.00,364.01,11
12,player,412,0,0,797.41,205.02,875.49,360.21,11
12,player,413,0,0,794.32,205.02,870.98,356.41,11
12,player,414,0,0,791.23,205.02,866.47,352.61,11
12,player,415,0,0,788.15,205.02,861.96,348.81,11
12,player,416,0,0,785.06,205.02,857.44,345.01,11
12,player,417,0,0,781.97,205.02,852.93,341.20,11
12,player,418,0,0,778.88,205.02,848.42,337.40,11
12,player,419,0,0,775.79,205.02,843.91,333.60,11
12,player,420,0,0,772.70,205.02,839.40,329.80,11
12,player,421,0,0,770.21,205.02,836.91,329.80,11
12,player,422,0,0,767.72,205.02,834.41,329.80,11
12,player,423,0,0,765.22,205.02,831.92,329.80,11
12,player,424,0,0,762.73,205.02,829.42,329.80,11
12,player,425,0,0,760.23,205.02,826.93,329.80,11
12,player,426,0,0,757.74,205.02,824.43,329.80,11
12,player,427,0,0,755.24,205.02,821.94,329.80,11
12,player,428,0,0,752.75,205.02,819.44,329.80,11
12,player,429,0,0,750.25,205.02,816.95,329.80,11
12,player,430,0,0,747.76,205.02,814.46,329.80,11
12,player,431,0,0,745.27,205.02,811.96,329.80,11
12,player,432,0,0,742.77,205.02,809.47,329.80,11
12,player,433,0,0,737.64,202.46,804.34,327.23,11
12,player,434,0,0,732.51,199.89,799.20,324.67,11
12,player,435,0,0,727.38,197.33,794.07,322.10,11
12,player,436,0,0,722.25,194.76,788.94,319.54,11
12,player,437,0,0,717.11,192.19,783.81,316.97,11
12,player,438,0,0,706.13,192.19,772.83,316.97,11
12,player,439,0,0,695.15,192.19,761.84,316.97,11
12,player,440,0,0,684.16,192.19,750.86,316.97,11
12,player,441,0,0,673.18,192.19,739.87,316.97,11
12,player,442,0,0,662.19,192.19,728.89,316.97,11
12,player,443,0,0,651.21,192.19,717.91,316.97,11
12,player,444,0,0,640.23,192.19,706.92,316.97,11
12,player,445,0,0,629.24,192.19,695.94,316.97,11
12,player,446,0,0,618.26,192.19,684.96,316.97,11
12,player,447,0,0,607.28,192.19,673.97,316.97,11
12,player,448,0,0,596.29,192.19,662.99,316.97,11
12,player,449,0,0,585.31,192.19,652.00,316.97,11
12,player,450,0,0,574.32,192.19,641.02,316.97,11
12,player,451,0,0,563.34,192.19,630.04,316.97,11
12,player,452,0,0,552.36,192.19,619.05,316.97,11
12,player,453,0,0,541.37,192.19,608.07,316.97,11
12,player,454,0,0,530.39,192.19,597.08,316.97,11
12,player,455,0,0,519.40,192.19,586.10,316.97,11
12,player,456,0,0,508.42,192.19,575.12,316.97,11
12,player,457,0,0,497.44,192.19,564.13,316.97,11
12,player,458,0,0,486.45,192.19,553.15,316.97,11
12,player,459,0,0,475.47,192.19,542.16,316.97,11
12,player,460,0,0,464.49,192.19,531.18,316.97,11
12,player,461,0,0,453.50,192.19,520.20,316.97,11
12,player,462,0,0,442.52,192.19,509.21,316.97,11
12,player,463,0,0,431.53,192.19,498.23,316.97,11
12,player,464,0,0,420.55,192.19,487.25,316.97,11
12,player,465,0,0,409.57,192.19,476.26,316.97,11
12,player,466,0,0,398.58,192.19,465.28,316.97,11
12,player,467,0,0,387.60,192.19,454.29,316.97,11
12,player,468,0,0,376.61,192.19,443.31,316.97,11
12,player,469,0,0,365.63,192.19,432.33,316.97,11
12,player,470,0,0,354.65,192.19,421.34,316.97,11
12,player,471,0,0,343.66,192.19,410.36,316.97,11
12,player,472,0,0,332.68,192.19,399.37,316.97,11
12,player,473,0,0,321.69,192.19,388.39,316.97,11
12,player,474,0,0,310.71,192.19,377.41,316.97,11
12,player,475,0,0,299.73,192.19,366.42,316.97,11
12,player,476,0,0,288.74,192.19,355.44,316.97,11
12,player,477,0,0,277.76,192.19,344.46,316.97,11
12,player,478,0,0,266.78,192.19,333.47,316.97,11
12,player,479,0,0,255.79,192.19,322.49,316.97,11
12,player,480,0,0,244.81,192.19,311.50,316.97,11
12,player,481,0,0,233.82,192.19,300.52,316.97,11
12,player,482,0,0,222.84,192.19,289.54,316.97,11
12,player,483,0,0,211.86,192.19,278.55,316.97,11
12,player,484,0,0,200.87,192.19,267.57,316.97,11
12,player,485,0,0,189.89,192.19,256.58,316.97,11
12,player,486,0,0,178.90,192.19,245.60,316.97,11
12,player,487,0,0,167.92,192.19,234.62,316.97,11
12,player,488,0,0,156.94,192.19,223.63,316.97,11
12,player,489,0,0,143.86,192.19,209.91,316.97,11
12,player,490,0,0,130.78,192.19,196.19,316.97,11
12,player,491,0,0,117.70,192.19,182.47,316.97,11
12,player,492,0,0,104.62,192.19,168.75,316.97,11
12,player,493,0,0,91.55,192.19,155.04,316.97,11
12,player,494,0,0,78.47,192.19,141.32,316.97,11
12,player,495,0,0,65.39,192.19,127.60,316.97,11
12,player,496,0,0,52.31,192.19,113.88,316.97,11
12,player,497,0,0,39.23,192.20,100.16,316.97,11
12,player,498,0,0,26.16,192.20,86.44,316.97,11
12,player,499,0,0,13.08,192.20,72.72,316.97,11
12,player,500,0,0,0.00,192.20,59.00,316.97,11
12,player,501,0,0,0.00,192.55,58.78,317.33,11
12,player,502,0,0,0.00,192.91,58.57,317.69,11
12,player,503,0,0,0.00,193.27,58.35,318.04,11
12,player,504,0,0,0.00,193.62,58.14,318.40,11
12,player,505,0,0,0.00,193.98,57.92,318.76,11
12,player,506,0,0,0.00,194.34,57.71,319.12,11
12,player,507,0,0,0.00,194.70,57.49,319.47,11
12,player,508,0,0,0.00,195.05,57.28,319.83,11
12,player,509,0,0,0.00,195.41,57.06,320.19,11
12,player,510,0,0,0.00,195.77,56.84,320.55,11
12,player,511,0,0,0.00,196.13,56.63,320.90,11
12,player,512,0,0,0.00,196.48,56.41,321.26,11
12,player,513,0,0,0.00,196.84,56.20,321.62,11
12,player,514,0,0,0.00,197.20,55.98,321.97,11
12,player,515,0,0,0.00,197.55,55.77,322.33,11
12,player,516,0,0,0.00,197.91,55.55,322.69,11
12,player,517,0,0,0.00,198.27,55.34,323.05,11
12,player,518,0,0,0.00,198.63,55.12,323.40,11
12,player,519,0,0,0.00,198.98,54.90,323.76,11
12,player,520,0,0,0.00,199.34,54.69,324.12,11
12,player,521,0,0,0.00,199.70,54.47,324.48,11
12,player,522,0,0,0.00,200.06,54.26,324.83,11
12,player,523,0,0,0.00,200.41,54.04,325.19,11
12,player,524,0,0,0.00,200.77,53.83,325.55,11
12,player,525,0,0,0.00,201.13,53.61,325.91,11
12,player,526,0,0,0.00,201.48,53.40,326.26,11
12,player,527,0,0,0.00,201.84,53.18,326.62,11
12,player,528,0,0,0.00,202.20,52.96,326.98,11
12,player,529,0,0,0.00,202.56,52.75,327.33,11
12,player,530,0,0,0.00,202.91,52.53,327.69,11
12,player,531,0,0,0.00,203.27,52.32,328.05,11
12,player,532,0,0,0.00,203.63,52.10,328.41,11
12,player,533,0,0,0.00,203.99,51.89,328.76,11
12,player,534,0,0,0.00,204.34,51.67,329.12,11
12,player,535,0,0,0.00,204.70,51.46,329.48,11
12,player,536,0,0,0.00,205.06,51.24,329.84,11
12,player,537,0,0,0.00,205.42,51.02,330.19,11
12,player,538,0,0,0.00,205.77,50.81,330.55,11
12,player,539,0,0,0.00,206.13,50.59,330.91,11
12,player,540,0,0,0.00,206.49,50.38,331.26,11
12,player,541,0,0,0.00,206.84,50.16,331.62,11
12,player,542,0,0,0.00,207.20,49.95,331.98,11
12,player,543,0,0,0.00,207.56,49.73,332.34,11
12,player,544,0,0,0.00,207.92,49.51,332.69,11
12,player,545,0,0,0.00,208.27,49.30,333.05,11
12,player,546,0,0,3.05,207.20,53.74,331.98,11
12,player,547,0,0,6.11,206.12,58.18,330.90,11
12,player,548,0,0,9.16,205.05,62.62,329.83,11
12,player,549,0,0,12.22,203.97,67.06,328.75,11
12,player,550,0,0,15.27,202.90,71.50,327.68,11
12,player,551,0,0,18.33,201.82,75.94,326.60,11
12,player,552,0,0,21.38,200.75,80.38,325.52,11
12,player,553,0,0,25.66,200.36,84.66,324.26,11
12,player,554,0,0,29.93,199.97,88.94,323.00,11
12,player,555,0,0,34.21,199.58,93.21,321.73,11
12,player,556,0,0,38.49,199.19,97.49,320.47,11
12,player,557,0,0,42.76,198.80,101.77,319.21,11
12,player,558,0,0,47.04,198.42,106.05,317.94,11
12,player,559,0,0,51.31,198.03,110.33,316.68,11
12,player,560,0,0,55.59,197.64,114.61,315.42,11
12,player,561,0,0,59.87,197.25,118.88,314.15,11
12,player,562,0,0,64.14,196.86,123.16,312.89,11
12,player,563,0,0,68.42,196.47,127.44,311.63,11
12,player,564,0,0,72.70,196.09,131.72,310.36,11
12,player,565,0,0,76.97,195.70,136.00,309.10,11
12,player,566,0,0,81.25,195.31,140.27,307.84,11
12,player,567,0,0,85.52,194.92,144.55,306.57,11
12,player,568,0,0,89.80,194.53,148.83,305.31,11
12,player,569,0,0,94.08,194.14,153.11,304.05,11
12,player,570,0,0,98.35,193.75,157.39,302.78,11
12,player,571,0,0,102.63,193.37,161.67,301.52,11
12,player,572,0,0,106.90,192.98,165.94,300.26,11
12,player,573,0,0,111.18,192.59,170.22,298.99,11
12,player,574,0,0,115.46,192.20,174.50,297.73,11
12,player,575,0,0,115.46,192.20,174.50,297.73,11
12,player,576,0,0,115.46,192.20,174.50,297.73,11
12,player,577,0,0,115.46,192.20,174.50,297.73,11
12,player,578,0,0,115.46,192.20,174.50,297.73,11
12,player,579,0,0,115.46,192.20,174.50,297.73,11
12,player,580,0,0,115.46,192.20,174.50,297.73,11
12,player,581,0,0,115.46,192.20,174.50,297.73,11
12,player,582,0,0,115.46,192.20,174.50,297.73,11
12,player,583,0,0,115.46,192.20,174.50,297.73,11
12,player,584,0,0,115.46,192.20,174.50,297.73,11
12,player,585,0,0,115.46,192.20,174.50,297.73,11
12,player,586,0,0,115.46,192.20,174.50,297.73,11
12,player,587,0,0,115.46,192.20,174.50,297.73,11
12,player,588,0,0,115.46,192.20,174.50,297.73,11
12,player,589,0,0,115.46,192.20,174.50,297.73,11
12,player,590,0,0,115.46,192.20,174.50,297.73,11
12,player,591,0,0,115.46,192.20,174.50,297.73,11
12,player,592,0,0,115.46,192.20,174.50,297.73,11
12,player,593,0,0,115.46,192.20,174.50,297.73,11
12,player,594,0,0,115.46,192.20,174.50,297.73,11
12,player,595,0,0,115.46,192.20,174.50,297.73,11
12,player,596,0,0,115.46,192.20,174.50,297.73,11
12,player,597,0,0,115.46,192.20,174.50,297.73,11
12,player,598,0,0,115.46,192.20,174.50,297.73,11
12,player,599,0,0,115.46,192.20,174.50,297.73,11
12,player,600,0,0,115.46,192.20,174.50,297.73,11
12,player,601,0,0,115.46,192.20,174.50,297.73,11
12,player,602,0,0,115.46,192.20,174.50,297.73,11
12,player,603,0,0,115.46,192.20,174.50,297.73,11
12,player,604,0,0,115.46,192.20,174.50,297.73,11
12,player,605,0,0,115.46,192.20,174.50,297.73,11
12,player,606,0,0,115.46,192.20,174.50,297.73,11
12,player,607,0,0,115.46,192.20,174.50,297.73,11
12,player,608,0,0,115.46,192.20,174.50,297.73,11
12,player,609,0,0,115.46,192.20,174.50,297.73,11
12,player,610,0,0,115.46,192.20,174.50,297.73,11
12,player,611,0,0,115.46,192.20,174.50,297.73,11
12,player,612,0,0,115.46,192.20,174.50,297.73,11
12,player,613,0,0,115.46,192.20,174.50,297.73,11
12,player,614,0,0,115.46,192.20,174.50,297.73,11
12,player,615,0,0,115.46,192.20,174.50,297.73,11
12,player,616,0,0,115.46,192.20,174.50,297.73,11
12,player,617,0,0,115.46,192.20,174.50,297.73,11
12,player,618,0,0,115.46,192.20,174.50,297.73,11
12,player,619,0,0,115.46,192.20,174.50,297.73,11
12,player,620,0,0,115.46,192.20,174.50,297.73,11
12,player,621,0,0,115.46,192.20,174.50,297.73,11
12,player,622,0,0,115.46,192.20,174.50,297.73,11
12,player,623,0,0,115.46,192.20,174.50,297.73,11
12,player,624,0,0,115.46,192.20,174.50,297.73,11
12,player,625,0,0,115.46,192.20,174.50,297.73,11
12,player,626,0,0,115.46,192.20,174.50,297.73,11
12,player,627,0,0,115.46,192.20,174.50,297.73,11
12,player,628,0,0,115.46,192.20,174.50,297.73,11
12,player,629,0,0,115.46,192.20,174.50,297.73,11
12,player,630,0,0,115.46,192.20,174.50,297.73,11
12,player,631,0,0,115.46,192.20,174.50,297.73,11
12,player,632,0,0,115.46,192.20,174.50,297.73,11
12,player,633,0,0,115.46,192.20,174.50,297.73,11
12,player,634,0,0,115.46,192.20,174.50,297.73,11
12,player,635,0,0,115.46,192.20,174.50,297.73,11
12,player,636,0,0,115.46,192.20,174.50,297.73,11
12,player,637,0,0,115.46,192.20,174.50,297.73,11
12,player,638,0,0,115.46,192.20,174.50,297.73,11
12,player,639,0,0,115.46,192.20,174.50,297.73,11
12,player,640,0,0,115.46,192.20,174.50,297.73,11
12,player,641,0,0,115.46,192.20,174.50,297.73,11
12,player,642,0,0,115.46,192.20,174.50,297.73,11
12,player,643,0,0,115.46,192.20,174.50,297.73,11
12,player,644,0,0,115.46,192.20,174.50,297.73,11
12,player,645,0,0,115.46,192.20,174.50,297.73,11
12,player,646,0,0,115.46,192.20,174.50,297.73,11
12,player,647,0,0,115.46,192.20,174.50,297.73,11
12,player,648,0,0,115.46,192.20,174.50,297.73,11
12,player,649,0,0,115.46,192.20,174.50,297.73,11
12,player,650,0,0,115.46,192.20,174.50,297.73,11
12,player,651,0,0,115.46,192.20,174.50,297.73,11
12,player,652,0,0,115.46,192.20,174.50,297.73,11
12,player,653,0,0,115.46,192.20,174.50,297.73,11
12,player,654,0,0,115.46,192.20,174.50,297.73,11
12,player,655,0,0,115.46,192.20,174.50,297.73,11
12,player,656,0,0,115.46,192.20,174.50,297.73,11
12,player,657,0,0,115.46,192.20,174.50,297.73,11
12,player,658,0,0,115.46,192.20,174.50,297.73,11
12,player,659,0,0,115.46,192.20,174.50,297.73,11
12,player,660,0,0,115.46,192.20,174.50,297.73,11
12,player,661,0,0,115.46,192.20,174.50,297.73,11
12,player,662,0,0,115.46,192.20,174.50,297.73,11
12,player,663,0,0,115.46,192.20,174.50,297.73,11
12,player,664,0,0,115.46,192.20,174.50,297.73,11
12,player,665,0,0,115.46,192.20,174.50,297.73,11
12,player,666,1,0,115.46,192.20,174.50,297.73,11
13,player,80,0,0,1248.70,259.87,1342.21,444.55,20
13,player,81,0,0,1256.38,260.20,1349.89,444.88,20
13,player,82,0,0,1264.06,260.54,1357.57,445.21,20
13,player,83,0,0,1271.74,260.87,1365.25,445.55,20
13,player,84,0,0,1279.42,261.21,1372.93,445.88,20
13,player,85,0,0,1287.11,261.54,1380.61,446.21,20
13,player,86,0,0,1294.79,261.87,1388.29,446.55,20
13,player,87,0,0,1302.47,262.21,1395.97,446.88,20
13,player,88,0,0,1308.14,262.54,1401.65,447.22,20
13,player,89,0,0,1313.82,262.87,1407.33,447.55,20
13,player,90,0,0,1319.50,263.21,1413.01,447.88,20
13,player,91,0,0,1325.18,263.54,1418.68,448.22,20
13,player,92,0,0,1330.85,263.88,1424.36,448.55,20
13,player,93,0,0,1336.53,264.21,1430.04,448.88,20
13,player,94,0,0,1342.21,264.54,1435.71,449.22,20
13,player,95,0,0,1351.56,263.38,1445.06,448.05,20
13,player,96,0,0,1360.91,262.21,1454.42,446.88,20
13,player,97,0,0,1369.20,264.54,1462.70,449.22,20
13,player,98,0,0,1377.49,266.88,1470.99,451.56,20
13,player,99,0,0,1385.77,269.22,1479.28,453.89,20
13,player,100,0,0,1394.06,271.56,1487.57,456.23,20
13,player,101,0,0,1402.35,273.89,1495.86,458.57,20
13,player,102,0,0,1410.64,276.23,1504.14,460.91,20
13,player,103,0,0,1418.93,278.57,1512.43,463.24,20
13,player,104,0,0,1427.21,280.91,1520.72,465.58,20
13,player,105,0,0,1435.50,283.24,1529.01,467.92,20
13,player,106,0,0,1443.79,285.58,1537.30,470.26,20
13,player,107,0,0,1452.08,287.92,1545.58,472.59,20
13,player,108,0,0,1465.32,282.08,1558.83,466.75,20
13,player,109,0,0,1478.57,276.23,1572.08,460.91,20
13,player,110,0,0,1491.82,270.39,1585.32,455.06,20
13,player,111,0,0,1505.07,264.54,1598.57,449.22,20
13,player,112,0,0,1518.31,258.70,1611.82,443.37,20
13,player,113,0,0,1531.56,252.85,1625.06,437.53,20
13,player,114,0,0,1529.55,253.57,1623.06,438.24,20
13,player,115,0,0,1527.55,254.29,1621.06,438.96,20
13,player,116,0,0,1525.55,255.00,1619.05,439.68,20
13,player,117,0,0,1523.54,255.72,1617.05,440.39,20
13,player,118,0,0,1521.54,256.43,1615.05,441.11,20
13,player,119,0,0,1519.54,257.15,1613.04,441.82,20
13,player,120,0,0,1517.53,257.86,1611.04,442.54,20
13,player,121,0,0,1515.53,258.58,1609.03,443.25,20
13,player,122,0,0,1513.53,259.29,1607.03,443.97,20
13,player,123,0,0,1511.52,260.01,1605.03,444.69,20
13,player,124,0,0,1509.52,260.73,1603.02,445.40,20
13,player,125,0,0,1507.51,261.44,1601.02,446.12,20
13,player,126,0,0,1505.51,262.16,1599.02,446.83,20
13,player,127,0,0,1503.51,262.87,1597.01,447.55,20
13,player,128,0,0,1501.50,263.59,1595.01,448.26,20
13,player,129,0,0,1499.50,264.30,1593.00,448.98,20
13,player,130,0,0,1497.50,265.02,1591.00,449.69,20
13,player,131,0,0,1495.49,265.74,1589.00,450.41,20
13,player,132,0,0,1493.49,266.45,1586.99,451.13,20
13,player,133,0,0,1491.48,267.17,1584.99,451.84,20
13,player,134,0,0,1489.48,267.88,1582.99,452.56,20
13,player,135,0,0,1487.48,268.60,1580.98,453.27,20
13,player,136,0,0,1485.47,269.31,1578.98,453.99,20
13,player,137,0,0,1483.47,270.03,1576.98,454.70,20
13,player,138,0,0,1481.47,270.74,1574.97,455.42,20
13,player,139,0,0,1479.46,271.46,1572.97,456.13,20
13,player,140,0,0,1477.46,272.18,1570.96,456.85,20
13,player,141,0,0,1475.45,272.89,1568.96,457.57,20
13,player,142,0,0,1473.45,273.61,1566.96,458.28,20
13,player,143,0,0,1471.45,274.32,1564.95,459.00,20
13,player,144,0,0,1469.44,275.04,1562.95,459.71,20
13,player,145,0,0,1467.44,275.75,1560.95,460.43,20
13,player,146,0,0,1465.44,276.47,1558.94,461.14,20
13,player,147,0,0,1463.43,277.18,1556.94,461.86,20
13,player,148,0,0,1461.43,277.90,1554.93,462.58,20
13,player,149,0,0,1459.42,278.62,1552.93,463.29,20
13,player,150,0,0,1457.42,279.33,1550.93,464.01,20
13,player,151,0,0,1455.42,280.05,1548.92,464.72,20
13,player,152,0,0,1453.41,280.76,1546.92,465.44,20
13,player,153,0,0,1451.41,281.48,1544.92,466.15,20
13,player,154,0,0,1449.41,282.19,1542.91,466.87,20
13,player,155,0,0,1447.40,282.91,1540.91,467.58,20
13,player,156,0,0,1445.40,283.63,1538.90,468.30,20
13,player,157,0,0,1443.39,284.34,1536.90,469.02,20
13,player,158,0,0,1441.39,285.06,1534.90,469.73,20
13,player,159,0,0,1439.39,285.77,1532.89,470.45,20
13,player,160,0,0,1437.38,286.49,1530.89,471.16,20
13,player,161,0,0,1435.38,287.20,1528.89,471.88,20
13,player,162,0,0,1433.38,287.92,1526.88,472.59,20
13,player,163,0,0,1430.26,287.92,1523.76,472.59,20
13,player,164,0,0,1427.14,287.92,1520.65,472.59,20
13,player,165,0,0,1424.03,287.92,1517.53,472.59,20
13,player,166,0,0,1420.91,287.92,1514.41,472.59,20
13,player,167,0,0,1417.79,287.92,1511.30,472.59,20
13,player,168,0,0,1414.67,287.92,1508.18,472.59,20
13,player,169,0,0,1411.56,287.92,1505.06,472.59,20
13,player,170,0,0,1408.44,287.92,1501.95,472.59,20
13,player,171,0,0,1405.32,287.92,1498.83,472.59,20
13,player,172,0,0,1402.09,288.19,1495.59,472.86,20
13,player,173,0,0,1398.85,288.46,1492.36,473.13,20
13,player,174,0,0,1395.61,288.73,1489.12,473.40,20
13,player,175,0,0,1392.38,289.00,1485.88,473.67,20
13,player,176,0,0,1389.14,289.27,1482.65,473.94,20
13,player,177,0,0,1385.90,289.54,1479.41,474.21,20
13,player,178,0,0,1382.67,289.81,1476.17,474.48,20
13,player,179,0,0,1379.43,290.08,1472.94,474.75,20
13,player,180,0,0,1376.19,290.35,1469.70,475.02,20
13,player,181,0,0,1372.96,290.62,1466.46,475.29,20
13,player,182,0,0,1369.72,290.89,1463.23,475.56,20
13,player,183,0,0,1366.48,291.16,1459.99,475.83,20
13,player,184,0,0,1363.25,291.43,1456.75,476.10,20
13,player,185,0,0,1360.01,291.70,1453.52,476.37,20
13,player,186,0,0,1356.77,291.96,1450.28,476.64,20
13,player,187,0,0,1353.54,292.23,1447.04,476.91,20
13,player,188,0,0,1350.30,292.50,1443.81,477.18,20
13,player,189,0,0,1347.06,292.77,1440.57,477.45,20
13,player,190,0,0,1343.83,293.04,1437.33,477.72,20
13,player,191,0,0,1340.59,293.31,1434.10,477.99,20
13,player,192,0,0,1337.35,293.58,1430.86,478.26,20
13,player,193,0,0,1334.12,293.85,1427.62,478.53,20
13,player,194,0,0,1330.88,294.12,1424.39,478.80,20
13,player,195,0,0,1327.64,294.39,1421.15,479.07,20
13,player,196,0,0,1324.41,294.66,1417.91,479.34,20
13,player,197,0,0,1321.17,294.93,1414.67,479.61,20
13,player,198,0,0,1333.69,295.31,1427.19,479.98,20
13,player,199,0,0,1346.20,295.69,1439.71,480.36,20
13,player,200,0,0,1358.72,296.06,1452.23,480.74,20
13,player,201,0,0,1371.24,296.44,1464.75,481.11,20
13,player,202,0,0,1383.76,296.82,1477.26,481.49,20
13,player,203,0,0,1396.28,297.19,1489.78,481.87,20
13,player,204,0,0,1408.79,297.57,1502.30,482.25,20
13,player,205,0,0,1421.31,297.95,1514.82,482.62,20
13,player,206,0,0,1433.83,298.33,1527.33,483.00,20
13,player,207,0,0,1446.35,298.70,1539.85,483.38,20
13,player,208,0,0,1458.86,299.08,1552.37,483.75,20
13,player,209,0,0,1471.38,299.46,1564.89,484.13,20
13,player,210,0,0,1483.90,299.83,1577.41,484.51,20
13,player,211,0,0,1496.42,300.21,1589.92,484.89,20
13,player,212,0,0,1508.94,300.59,1602.44,485.26,20
13,player,213,0,0,1521.45,300.96,1614.96,485.64,20
13,player,214,0,0,1533.97,301.34,1627.48,486.02,20
13,player,215,0,0,1546.49,301.72,1640.00,486.39,20
13,player,216,0,0,1559.01,302.10,1652.51,486.77,20
13,player,217,0,0,1571.52,302.47,1665.03,487.15,20
13,player,218,0,0,1584.04,302.85,1677.55,487.52,20
13,player,219,0,0,1596.56,303.23,1690.07,487.90,20
13,player,220,0,0,1609.08,303.60,1702.58,488.28,20
13,player,221,0,0,1621.60,303.98,1715.10,488.66,20
13,player,222,0,0,1634.11,304.36,1727.62,489.03,20
13,player,223,0,0,1646.63,304.73,1740.14,489.41,20
13,player,224,0,0,1659.15,305.11,1752.66,489.79,20
13,player,225,0,0,1671.67,305.49,1765.17,490.16,20
13,player,226,0,0,1684.19,305.87,1777.69,490.54,20
13,player,227,0,0,1696.70,306.24,1790.21,490.92,20
13,player,228,0,0,1709.22,306.62,1802.73,491.29,20
13,player,229,0,0,1716.57,304.78,1810.07,489.46,20
13,player,230,0,0,1723.91,302.95,1817.42,487.62,20
13,player,231,0,0,1731.26,301.11,1824.77,485.78,20
13,player,232,0,0,1738.61,299.27,1832.11,483.95,20
13,player,233,0,0,1745.96,297.44,1839.46,482.11,20
13,player,234,0,0,1753.30,295.60,1846.81,480.27,20
13,player,235,0,0,1760.65,293.76,1854.15,478.44,20
13,player,236,0,0,1768.00,291.93,1861.50,476.60,20
13,player,237,0,0,1775.34,290.09,1868.85,474.76,20
13,player,238,0,0,1782.69,288.25,1876.20,472.93,20
13,player,239,0,0,1790.04,286.42,1883.54,471.09,20
13,player,240,0,0,1797.38,284.58,1890.89,469.25,20
13,player,241,0,0,1804.73,282.74,1898.24,467.42,20
13,player,242,0,0,1812.08,280.91,1905.58,465.58,20
13,player,243,0,0,1810.56,280.36,1904.07,465.03,20
13,player,244,0,0,1809.05,279.81,1902.56,464.48,20
13,player,245,0,0,1807.54,279.26,1901.05,463.93,20
13,player,246,0,0,1806.03,278.71,1899.53,463.38,20
13,player,247,0,0,1804.51,278.16,1898.02,462.83,20
13,player,248,0,0,1803.00,277.61,1896.51,462.28,20
13,player,249,0,0,1801.49,277.06,1894.99,461.73,20
13,player,250,0,0,1799.98,276.51,1893.48,461.18,20
13,player,251,0,0,1798.46,275.96,1891.97,460.63,20
13,player,252,0,0,1796.95,275.41,1890.46,460.08,20
13,player,253,0,0,1795.44,274.86,1888.94,459.53,20
13,player,254,0,0,1793.93,274.31,1887.43,458.98,20
13,player,255,0,0,1792.41,273.76,1885.92,458.43,20
13,player,256,0,0,1790.90,273.21,1884.41,457.88,20
13,player,257,0,0,1789.39,272.66,1882.89,457.33,20
13,player,258,0,0,1787.88,272.11,1881.38,456.78,20
13,player,259,0,0,1786.36,271.56,1879.87,456.23,20
13,player,260,0,0,1784.85,271.01,1878.36,455.68,20
13,player,261,0,0,1783.34,270.46,1876.84,455.13,20
13,player,262,0,0,1781.82,269.91,1875.33,454.58,20
13,player,263,0,0,1780.31,269.36,1873.82,454.03,20
13,player,264,0,0,1778.80,268.81,1872.31,453.48,20
13,player,265,0,0,1777.29,268.26,1870.79,452.93,20
13,player,266,0,0,1775.77,267.71,1869.28,452.38,20
13,player,267,0,0,1774.26,267.16,1867.77,451.83,20
13,player,268,0,0,1772.75,266.61,1866.26,451.28,20
13,player,269,0,0,1771.24,266.06,1864.74,450.73,20
13,player,270,0,0,1769.72,265.51,1863.23,450.18,20
13,player,271,0,0,1768.21,264.96,1861.72,449.63,20
13,player,272,0,0,1766.70,264.41,1860.20,449.08,20
13,player,273,0,0,1765.19,263.86,1858.69,448.53,20
13,player,274,0,0,1763.67,263.31,1857.18,447.98,20
13,player,275,0,0,1762.16,262.76,1855.67,447.43,20
13,player,276,0,0,1760.65,262.21,1854.15,446.88,20
13,player,277,0,0,1758.78,267.82,1851.35,445.95,20
13,player,278,0,0,1756.91,273.43,1848.55,445.03,20
13,player,279,0,0,1755.04,279.04,1845.74,444.10,20
13,player,280,0,0,1753.17,284.65,1842.94,443.18,20
13,player,281,0,0,1751.30,290.26,1840.14,442.25,20
13,player,282,0,0,1754.74,290.01,1843.58,442.01,20
13,player,283,0,0,1758.19,289.76,1847.03,441.76,20
13,player,284,0,0,1761.63,289.52,1850.47,441.51,20
13,player,285,0,0,1765.08,289.27,1853.92,441.27,20
13,player,286,0,0,1768.52,289.03,1857.36,441.02,20
13,player,287,0,0,1771.97,288.78,1860.81,440.78,20
13,player,288,0,0,1775.41,288.53,1864.25,440.53,20
13,player,289,0,0,1778.86,288.29,1867.70,440.28,20
13,player,290,0,0,1782.30,288.04,1871.14,440.04,20
13,player,291,0,0,1785.75,287.80,1874.59,439.79,20
13,player,292,0,0,1789.19,287.55,1878.03,439.54,20
13,player,293,0,0,1792.64,287.30,1881.48,439.30,20
13,player,294,0,0,1796.08,287.06,1884.92,439.05,20
13,player,295,0,0,1799.53,286.81,1888.37,438.81,20
13,player,296,0,0,1802.97,286.57,1891.81,438.56,20
13,player,297,0,0,1806.42,286.32,1895.26,438.31,20
13,player,298,0,0,1809.86,286.07,1898.70,438.07,20
13,player,299,0,0,1813.31,285.83,1902.15,437.82,20
13,player,300,0,0,1816.75,285.58,1905.59,437.58,20
13,player,301,0,0,1819.33,285.69,1906.39,437.69,20
13,player,302,0,0,1821.90,285.80,1907.19,437.80,20
13,player,303,0,0,1824.47,285.92,1907.99,437.91,20
13,player,304,0,0,1827.04,286.03,1908.79,438.02,20
13,player,305,0,0,1829.62,286.14,1909.59,438.13,20
13,player,306,0,0,1832.19,286.25,1910.38,438.24,20
13,player,307,0,0,1834.76,286.36,1911.18,438.36,20
13,player,308,0,0,1837.34,286.47,1911.98,438.47,20
13,player,309,0,0,1839.91,286.58,1912.78,438.58,20
13,player,310,0,0,1842.48,286.69,1913.58,438.69,20
13,player,311,0,0,1845.06,286.81,1914.38,438.80,20
13,player,312,0,0,1843.09,286.92,1913.04,438.91,20
13,player,313,0,0,1841.12,287.03,1911.70,439.02,20
13,player,314,0,0,1839.15,287.14,1910.36,439.13,20
13,player,315,0,0,1837.18,287.25,1909.02,439.25,20
13,player,316,0,0,1835.21,287.36,1907.68,439.36,20
13,player,317,0,0,1833.24,287.47,1906.34,439.47,20
13,player,318,0,0,1831.27,287.58,1905.00,439.58,20
13,player,319,0,0,1829.31,287.70,1903.66,439.69,20
13,player,320,0,0,1827.34,287.81,1902.33,439.80,20
13,player,321,0,0,1825.37,287.92,1900.99,439.91,20
13,player,322,0,0,1823.40,288.03,1899.65,440.03,20
13,player,323,0,0,1821.43,288.14,1898.31,440.14,20
13,player,324,0,0,1819.46,288.25,1896.97,440.25,20
13,player,325,0,0,1817.49,288.36,1895.63,440.36,20
13,player,326,0,0,1815.52,288.48,1894.29,440.47,20
13,player,327,0,0,1813.56,288.59,1892.95,440.58,20
13,player,328,0,0,1811.59,288.70,1891.61,440.69,20
13,player,329,0,0,1809.62,288.81,1890.27,440.80,20
13,player,330,0,0,1807.65,288.92,1888.93,440.92,20
13,player,331,0,0,1805.68,289.03,1887.60,441.03,20
13,player,332,0,0,1803.71,289.14,1886.26,441.14,20
13,player,333,0,0,1801.74,289.25,1884.92,441.25,20
13,player,334,0,0,1799.78,289.37,1883.58,441.36,20
13,player,335,0,0,1797.81,289.48,1882.24,441.47,20
13,player,336,0,0,1795.84,289.59,1880.90,441.58,20
13,player,337,0,0,1793.87,289.70,1879.56,441.70,20
13,player,338,0,0,1791.90,289.81,1878.22,441.81,20
13,player,339,0,0,1789.93,289.92,1876.88,441.92,20
13,player,340,0,0,1787.96,290.03,1875.54,442.03,20
13,player,341,0,0,1785.99,290.15,1874.20,442.14,20
13,player,342,0,0,1784.03,290.26,1872.87,442.25,20
13,player,343,0,0,1782.20,289.79,1870.88,441.54,20
13,player,344,0,0,1780.37,289.33,1868.90,440.83,20
13,player,345,0,0,1778.54,288.86,1866.92,440.11,20
13,player,346,0,0,1776.71,288.40,1864.93,439.40,20
13,player,347,0,0,1774.89,287.93,1862.95,438.69,20
13,player,348,0,0,1773.06,287.47,1860.97,437.98,20
13,player,349,0,0,1771.23,287.00,1858.98,437.27,20
13,player,350,0,0,1769.40,286.54,1857.00,436.55,20
13,player,351,0,0,1767.57,286.07,1855.02,435.84,20
13,player,352,0,0,1765.75,285.61,1853.03,435.13,20
13,player,353,0,0,1763.92,285.14,1851.05,434.42,20
13,player,354,0,0,1762.09,284.68,1849.07,433.70,20
13,player,355,0,0,1760.26,284.21,1847.08,432.99,20
13,player,356,0,0,1758.43,283.75,1845.10,432.28,20
13,player,357,0,0,1756.61,283.28,1843.12,431.57,20
13,player,358,0,0,1754.78,282.82,1841.13,430.85,20
13,player,359,0,0,1752.95,282.36,1839.15,430.14,20
13,player,360,0,0,1751.12,281.89,1837.17,429.43,20
13,player,361,0,0,1749.30,281.43,1835.19,428.72,20
13,player,362,0,0,1747.47,280.96,1833.20,428.00,20
13,player,363,0,0,1745.64,280.50,1831.22,427.29,20
13,player,364,0,0,1743.81,280.03,1829.24,426.58,20
13,player,365,0,0,1741.98,279.57,1827.25,425.87,20
13,player,366,0,0,1740.16,279.10,1825.27,425.16,20
13,player,367,0,0,1738.33,278.64,1823.29,424.44,20
13,player,368,0,0,1736.50,278.17,1821.30,423.73,20
13,player,369,0,0,1734.67,277.71,1819.32,423.02,20
13,player,370,0,0,1732.84,277.24,1817.34,422.31,20
13,player,371,0,0,1731.02,276.78,1815.35,421.59,20
13,player,372,0,0,1729.19,276.31,1813.37,420.88,20
13,player,373,0,0,1727.36,275.85,1811.39,420.17,20
13,player,374,0,0,1725.53,275.38,1809.40,419.46,20
13,player,375,0,0,1723.70,274.92,1807.42,418.74,20
13,player,376,0,0,1721.88,274.45,1805.44,418.03,20
13,player,377,0,0,1720.05,273.99,1803.45,417.32,20
13,player,378,0,0,1718.22,273.52,1801.47,416.61,20
13,player,379,0,0,1716.39,273.06,1799.49,415.90,20
13,player,380,0,0,1714.57,272.59,1797.51,415.18,20
13,player,381,0,0,1712.74,272.13,1795.52,414.47,20
13,player,382,0,0,1710.91,271.66,1793.54,413.76,20
13,player,383,0,0,1709.08,271.20,1791.56,413.05,20
13,player,384,0,0,1707.25,270.74,1789.57,412.33,20
13,player,385,0,0,1705.43,270.27,1787.59,411.62,20
13,player,386,0,0,1703.60,269.81,1785.61,410.91,20
13,player,387,0,0,1701.77,269.34,1783.62,410.20,20
13,player,388,0,0,1699.94,268.88,1781.64,409.48,20
13,player,389,0,0,1698.11,268.41,1779.66,408.77,20
13,player,390,0,0,1696.29,267.95,1777.67,408.06,20
13,player,391,0,0,1694.46,267.48,1775.69,407.35,20
13,player,392,0,0,1692.63,267.02,1773.71,406.63,20
13,player,393,0,0,1690.80,266.55,1771.72,405.92,20
13,player,394,0,0,1688.97,266.09,1769.74,405.21,20
13,player,395,0,0,1687.15,265.62,1767.76,404.50,20
13,player,396,0,0,1685.32,265.16,1765.77,403.79,20
13,player,397,0,0,1683.49,264.69,1763.79,403.07,20
13,player,398,0,0,1681.66,264.23,1761.81,402.36,20
13,player,399,0,0,1679.83,263.76,1759.83,401.65,20
13,player,400,0,0,1678.01,263.30,1757.84,400.94,20
13,player,401,0,0,1676.18,262.83,1755.86,400.22,20
13,player,402,0,0,1674.35,262.37,1753.88,399.51,20
13,player,403,0,0,1672.52,261.90,1751.89,398.80,20
13,player,404,0,0,1670.70,261.44,1749.91,398.09,20
13,player,405,0,0,1668.87,260.97,1747.93,397.37,20
13,player,406,0,0,1667.04,260.51,1745.94,396.66,20
13,player,407,0,0,1665.21,260.04,1743.96,395.95,20
13,player,408,0,0,1663.38,259.58,1741.98,395.24,20
13,player,409,0,0,1661.56,259.12,1739.99,394.52,20
13,player,410,0,0,1659.73,258.65,1738.01,393.81,20
13,player,411,0,0,1657.90,258.19,1736.03,393.10,20
13,player,412,0,0,1654.81,257.47,1732.94,392.39,20
13,player,413,0,0,1651.72,256.76,1729.85,391.67,20
13,player,414,0,0,1648.63,256.05,1726.76,390.96,20
13,player,415,0,0,1645.55,255.33,1723.67,390.25,20
13,player,416,0,0,1642.46,254.62,1720.59,389.54,20
13,player,417,0,0,1639.37,253.91,1717.50,388.82,20
13,player,418,0,0,1636.28,253.20,1714.41,388.11,20
13,player,419,0,0,1633.19,252.48,1711.32,387.40,20
13,player,420,0,0,1630.10,251.77,1708.23,386.69,20
13,player,421,0,0,1627.25,250.70,1705.38,385.62,20
13,player,422,0,0,1624.40,249.63,1702.53,384.55,20
13,player,423,0,0,1621.55,248.56,1699.68,383.48,20
13,player,424,0,0,1618.70,247.50,1696.83,382.41,20
13,player,425,0,0,1615.85,246.43,1693.98,381.34,20
13,player,426,0,0,1613.00,245.36,1691.13,380.27,20
13,player,427,0,0,1610.15,244.29,1688.28,379.20,20
13,player,428,0,0,1607.30,243.22,1685.42,378.13,20
13,player,429,0,0,1604.45,242.15,1682.57,377.06,20
13,player,430,0,0,1601.60,241.08,1679.72,376.00,20
13,player,431,0,0,1598.74,240.01,1676.87,374.93,20
13,player,432,0,0,1595.89,238.94,1674.02,373.86,20
13,player,433,0,0,1592.82,236.88,1670.83,371.45,20
13,player,434,0,0,1589.74,234.81,1667.64,369.03,20
13,player,435,0,0,1586.66,232.74,1664.45,366.62,20
13,player,436,0,0,1583.58,230.67,1661.25,364.21,20
13,player,437,0,0,1580.50,228.60,1658.06,361.80,20
13,player,438,0,0,1574.14,228.41,1651.58,361.27,20
13,player,439,0,0,1567.77,228.22,1645.10,360.73,20
13,player,440,0,0,1561.41,228.03,1638.63,360.20,20
13,player,441,0,0,1555.04,227.84,1632.15,359.67,20
13,player,442,0,0,1548.68,227.65,1625.67,359.13,20
13,player,443,0,0,1542.32,227.46,1619.19,358.60,20
13,player,444,0,0,1535.95,227.27,1612.71,358.07,20
13,player,445,0,0,1529.59,227.08,1606.23,357.53,20
13,player,446,0,0,1523.22,226.89,1599.75,357.00,20
13,player,447,0,0,1516.86,226.70,1593.28,356.47,20
13,player,448,0,0,1510.49,226.51,1586.80,355.93,20
13,player,449,0,0,1504.13,226.32,1580.32,355.40,20
13,player,450,0,0,1497.76,226.13,1573.84,354.87,20
13,player,451,0,0,1491.40,225.94,1567.36,354.33,20
13,player,452,0,0,1485.03,225.75,1560.88,353.80,20
13,player,453,0,0,1478.67,225.56,1554.40,353.27,20
13,player,454,0,0,1472.30,225.37,1547.93,352.73,20
13,player,455,0,0,1465.94,225.18,1541.45,352.20,20
13,player,456,0,0,1459.57,224.99,1534.97,351.67,20
13,player,457,0,0,1453.21,224.80,1528.49,351.13,20
13,player,458,0,0,1446.84,224.61,1522.01,350.60,20
13,player,459,0,0,1440.48,224.42,1515.53,350.07,20
13,player,460,0,0,1434.11,224.23,1509.05,349.53,20
13,player,461,0,0,1427.75,224.04,1502.57,349.00,20
13,player,462,0,0,1421.38,223.85,1496.10,348.47,20
13,player,463,0,0,1415.02,223.66,1489.62,347.93,20
13,player,464,0,0,1408.65,223.47,1483.14,347.40,20
13,player,465,0,0,1402.29,223.28,1476.66,346.87,20
13,player,466,0,0,1395.93,223.08,1470.18,346.33,20
13,player,467,0,0,1389.56,222.89,1463.70,345.80,20
13,player,468,0,0,1383.20,222.70,1457.22,345.26,20
13,player,469,0,0,1376.83,222.51,1450.75,344.73,20
13,player,470,0,0,1370.47,222.32,1444.27,344.20,20
13,player,471,0,0,1364.10,222.13,1437.79,343.66,20
13,player,472,0,0,1357.74,221.94,1431.31,343.13,20
13,player,473,0,0,1351.37,221.75,1424.83,342.60,20
13,player,474,0,0,1345.01,221.56,1418.35,342.06,20
13,player,475,0,0,1338.64,221.37,1411.87,341.53,20
13,player,476,0,0,1332.28,221.18,1405.39,341.00,20
13,player,477,0,0,1325.91,220.99,1398.92,340.46,20
13,player,478,0,0,1319.55,220.80,1392.44,339.93,20
13,player,479,0,0,1313.18,220.61,1385.96,339.40,20
13,player,480,0,0,1306.82,220.42,1379.48,338.86,20
13,player,481,0,0,1300.45,220.23,1373.00,338.33,20
13,player,482,0,0,1294.09,220.04,1366.52,337.80,20
13,player,483,0,0,1287.72,219.85,1360.04,337.26,20
13,player,484,0,0,1281.36,219.66,1353.57,336.73,20
13,player,485,0,0,1274.99,219.47,1347.09,336.20,20
13,player,486,0,0,1268.63,219.28,1340.61,335.66,20
13,player,487,0,0,1262.26,219.09,1334.13,335.13,20
13,player,488,0,0,1255.90,218.90,1327.65,334.60,20
13,player,489,0,0,1249.13,217.65,1320.88,333.35,20
13,player,490,0,0,1242.36,216.41,1314.11,332.10,20
13,player,491,0,0,1235.59,215.16,1307.34,330.86,20
13,player,492,0,0,1228.82,213.91,1300.57,329.61,20
13,player,493,0,0,1222.05,212.66,1293.80,328.36,20
13,player,494,0,0,1215.28,211.42,1287.03,327.11,20
13,player,495,0,0,1208.50,210.17,1280.26,325.87,20
13,player,496,0,0,1201.73,208.92,1273.49,324.62,20
13,player,497,0,0,1194.96,207.67,1266.71,323.37,20
13,player,498,0,0,1188.19,206.43,1259.94,322.12,20
13,player,499,0,0,1181.42,205.18,1253.17,320.88,20
13,player,500,0,0,1174.65,203.93,1246.40,319.63,20
13,player,501,0,0,1177.45,203.79,1249.21,319.49,20
13,player,502,0,0,1180.26,203.65,1252.01,319.34,20
13,player,503,0,0,1183.06,203.51,1254.81,319.20,20
13,player,504,0,0,1185.86,203.36,1257.62,319.06,20
13,player,505,0,0,1188.67,203.22,1260.42,318.92,20
13,player,506,0,0,1191.47,203.08,1263.22,318.77,20
13,player,507,0,0,1194.27,202.93,1266.03,318.63,20
13,player,508,0,0,1197.08,202.79,1268.83,318.49,20
13,player,509,0,0,1199.88,202.65,1271.63,318.35,20
13,player,510,0,0,1202.68,202.51,1274.43,318.20,20
13,player,511,0,0,1205.49,202.36,1277.24,318.06,20
13,player,512,0,0,1208.29,202.22,1280.04,317.92,20
13,player,513,0,0,1211.09,202.08,1282.84,317.78,20
13,player,514,0,0,1213.90,201.94,1285.65,317.63,20
13,player,515,0,0,1216.70,201.79,1288.45,317.49,20
13,player,516,0,0,1219.50,201.65,1291.25,317.35,20
13,player,517,0,0,1222.31,201.51,1294.06,317.21,20
13,player,518,0,0,1225.11,201.37,1296.86,317.06,20
13,player,519,0,0,1227.91,201.22,1299.66,316.92,20
13,player,520,0,0,1230.72,201.08,1302.47,316.78,20
13,player,521,0,0,1233.52,200.94,1305.27,316.64,20
13,player,522,0,0,1236.32,200.80,1308.07,316.49,20
13,player,523,0,0,1239.13,200.65,1310.88,316.35,20
13,player,524,0,0,1241.93,200.51,1313.68,316.21,20
13,player,525,0,0,1244.73,200.37,1316.48,316.07,20
13,player,526,0,0,1247.54,200.23,1319.29,315.92,20
13,player,527,0,0,1250.34,200.08,1322.09,315.78,20
13,player,528,0,0,1253.14,199.94,1324.89,315.64,20
13,player,529,0,0,1255.95,199.80,1327.70,315.50,20
13,player,530,0,0,1258.75,199.66,1330.50,315.35,20
13,player,531,0,0,1261.55,199.51,1333.30,315.21,20
13,player,532,0,0,1264.36,199.37,1336.11,315.07,20
13,player,533,0,0,1267.16,199.23,1338.91,314.93,20
13,player,534,0,0,1269.96,199.09,1341.71,314.78,20
13,player,535,0,0,1272.77,198.94,1344.52,314.64,20
13,player,536,0,0,1275.57,198.80,1347.32,314.50,20
13,player,537,0,0,1278.37,198.66,1350.12,314.36,20
13,player,538,0,0,1281.18,198.52,1352.93,314.21,20
13,player,539,0,0,1283.98,198.37,1355.73,314.07,20
13,player,540,0,0,1286.78,198.23,1358.53,313.93,20
13,player,541,0,0,1289.58,198.09,1361.34,313.79,20
13,player,542,0,0,1292.39,197.95,1364.14,313.64,20
13,player,543,0,0,1295.19,197.80,1366.94,313.50,20
13,player,544,0,0,1297.99,197.66,1369.75,313.36,20
13,player,545,0,0,1300.80,197.52,1372.55,313.22,20
13,player,546,0,0,1302.63,197.21,1374.38,312.91,20
13,player,547,0,0,1304.46,196.91,1376.21,312.60,20
13,player,548,0,0,1306.30,196.60,1378.05,312.30,20
13,player,549,0,0,1308.13,196.30,1379.88,311.99,20
13,player,550,0,0,1309.96,195.99,1381.71,311.69,20
13,player,551,0,0,1311.79,195.69,1383.54,311.38,20
13,player,552,0,0,1313.63,195.38,1385.38,311.08,20
13,player,553,0,0,1317.32,195.19,1389.07,310.88,20
13,player,554,0,0,1321.01,194.99,1392.76,310.69,20
13,player,555,0,0,1324.71,194.80,1396.46,310.49,20
13,player,556,0,0,1328.40,194.60,1400.15,310.30,20
13,player,557,0,0,1332.09,194.41,1403.84,310.11,20
13,player,558,0,0,1335.78,194.21,1407.54,309.91,20
13,player,559,0,0,1339.48,194.02,1411.23,309.72,20
13,player,560,0,0,1343.17,193.82,1414.92,309.52,20
13,player,561,0,0,1346.86,193.63,1418.61,309.33,20
13,player,562,0,0,1350.56,193.44,1422.31,309.13,20
13,player,563,0,0,1354.25,193.24,1426.00,308.94,20
13,player,564,0,0,1357.94,193.05,1429.69,308.74,20
13,player,565,0,0,1361.64,192.85,1433.39,308.55,20
13,player,566,0,0,1365.33,192.66,1437.08,308.36,20
13,player,567,0,0,1369.02,192.46,1440.77,308.16,20
13,player,568,0,0,1372.71,192.27,1444.47,307.97,20
13,player,569,0,0,1376.41,192.08,1448.16,307.77,20
13,player,570,0,0,1380.10,191.88,1451.85,307.58,20
13,player,571,0,0,1383.79,191.69,1455.54,307.38,20
13,player,572,0,0,1387.49,191.49,1459.24,307.19,20
13,player,573,0,0,1391.18,191.30,1462.93,306.99,20
13,player,574,0,0,1394.87,191.10,1466.62,306.80,20
13,player,575,0,0,1397.99,191.03,1469.74,306.73,20
13,player,576,0,0,1401.10,190.96,1472.85,306.66,20
13,player,577,0,0,1404.22,190.89,1475.97,306.59,20
13,player,578,0,0,1407.33,190.82,1479.08,306.52,20
13,player,579,0,0,1410.44,190.75,1482.19,306.45,20
13,player,580,0,0,1413.56,190.69,1485.31,306.38,20
13,player,581,0,0,1416.67,190.62,1488.42,306.31,20
13,player,582,0,0,1419.79,190.55,1491.54,306.24,20
13,player,583,0,0,1422.90,190.48,1494.65,306.17,20
13,player,584,0,0,1426.01,190.41,1497.77,306.10,20
13,player,585,0,0,1429.13,190.34,1500.88,306.03,20
13,player,586,0,0,1432.24,190.27,1503.99,305.96,20
13,player,587,0,0,1435.36,190.20,1507.11,305.89,20
13,player,588,0,0,1438.47,190.13,1510.22,305.82,20
13,player,589,0,0,1441.59,190.06,1513.34,305.75,20
13,player,590,0,0,1444.70,189.99,1516.45,305.68,20
13,player,591,0,0,1447.81,189.92,1519.56,305.62,20
13,player,592,0,0,1450.93,189.85,1522.68,305.55,20
13,player,593,0,0,1454.04,189.78,1525.79,305.48,20
13,player,594,0,0,1457.16,189.71,1528.91,305.41,20
13,player,595,0,0,1460.27,189.64,1532.02,305.34,20
13,player,596,0,0,1463.38,189.57,1535.14,305.27,20
13,player,597,0,0,1466.50,189.50,1538.25,305.20,20
13,player,598,0,0,1469.61,189.43,1541.36,305.13,20
13,player,599,0,0,1472.73,189.36,1544.48,305.06,20
13,player,600,0,0,1475.84,189.29,1547.59,304.99,20
13,player,601,0,0,1478.96,189.22,1550.71,304.92,20
13,player,602,0,0,1482.07,189.15,1553.82,304.85,20
13,player,603,0,0,1485.18,189.08,1556.93,304.78,20
13,player,604,0,0,1488.30,189.01,1560.05,304.71,20
13,player,605,0,0,1491.41,188.94,1563.16,304.64,20
13,player,606,0,0,1494.53,188.87,1566.28,304.57,20
13,player,607,0,0,1497.64,188.80,1569.39,304.50,20
13,player,608,0,0,1500.75,188.73,1572.51,304.43,20
13,player,609,0,0,1503.87,188.66,1575.62,304.36,20
13,player,610,0,0,1506.98,188.59,1578.73,304.29,20
13,player,611,0,0,1510.10,188.52,1581.85,304.22,20
13,player,612,0,0,1513.21,188.45,1584.96,304.15,20
13,player,613,0,0,1516.33,188.38,1588.08,304.08,20
13,player,614,0,0,1519.44,188.31,1591.19,304.01,20
13,player,615,0,0,1522.55,188.24,1594.30,303.94,20
13,player,616,0,0,1525.67,188.17,1597.42,303.87,20
13,player,617,0,0,1528.78,188.11,1600.53,303.80,20
13,player,618,0,0,1531.90,188.04,1603.65,303.73,20
13,player,619,0,0,1535.01,187.97,1606.76,303.66,20
13,player,620,0,0,1538.12,187.90,1609.88,303.59,20
13,player,621,0,0,1541.24,187.83,1612.99,303.52,20
13,player,622,0,0,1544.35,187.76,1616.10,303.45,20
13,player,623,0,0,1547.47,187.69,1619.22,303.38,20
13,player,624,0,0,1550.58,187.62,1622.33,303.31,20
13,player,625,0,0,1553.70,187.55,1625.45,303.24,20
13,player,626,0,0,1556.81,187.48,1628.56,303.17,20
13,player,627,0,0,1559.92,187.41,1631.67,303.10,20
13,player,628,0,0,1563.04,187.34,1634.79,303.04,20
13,player,629,0,0,1566.15,187.27,1637.90,302.97,20
13,player,630,0,0,1569.27,187.20,1641.02,302.90,20
13,player,631,0,0,1572.38,187.13,1644.13,302.83,20
13,player,632,0,0,1575.49,187.06,1647.25,302.76,20
13,player,633,0,0,1578.61,186.99,1650.36,302.69,20
13,player,634,0,0,1581.72,186.92,1653.47,302.62,20
13,player,635,0,0,1584.84,186.85,1656.59,302.55,20
13,player,636,0,0,1587.95,186.78,1659.70,302.48,20
13,player,637,0,0,1591.07,186.71,1662.82,302.41,20
13,player,638,0,0,1594.18,186.64,1665.93,302.34,20
13,player,639,0,0,1597.29,186.57,1669.04,302.27,20
13,player,640,0,0,1600.41,186.50,1672.16,302.20,20
13,player,641,0,0,1603.52,186.43,1675.27,302.13,20
13,player,642,0,0,1606.64,186.36,1678.39,302.06,20
13,player,643,0,0,1609.75,186.29,1681.50,301.99,20
13,player,644,0,0,1612.86,186.22,1684.62,301.92,20
13,player,645,0,0,1615.98,186.15,1687.73,301.85,20
13,player,646,0,0,1619.09,186.08,1690.84,301.78,20
13,player,647,0,0,1622.21,186.01,1693.96,301.71,20
13,player,648,0,0,1625.32,185.94,1697.07,301.64,20
13,player,649,0,0,1628.44,185.87,1700.19,301.57,20
13,player,650,0,0,1631.55,185.80,1703.30,301.50,20
13,player,651,0,0,1634.66,185.73,1706.41,301.43,20
13,player,652,0,0,1637.78,185.66,1709.53,301.36,20
13,player,653,0,0,1640.89,185.59,1712.64,301.29,20
13,player,654,0,0,1644.01,185.53,1715.76,301.22,20
13,player,655,0,0,1647.12,185.46,1718.87,301.15,20
13,player,656,0,0,1650.23,185.39,1721.99,301.08,20
13,player,657,0,0,1653.35,185.32,1725.10,301.01,20
13,player,658,0,0,1656.46,185.25,1728.21,300.94,20
13,player,659,0,0,1659.58,185.18,1731.33,300.87,20
13,player,660,0,0,1662.69,185.11,1734.44,300.80,20
13,player,661,0,0,1665.81,185.04,1737.56,300.73,20
13,player,662,0,0,1668.92,184.97,1740.67,300.66,20
13,player,663,0,0,1672.03,184.90,1743.78,300.59,20
13,player,664,0,0,1675.15,184.83,1746.90,300.52,20
13,player,665,0,0,1678.26,184.76,1750.01,300.46,20
13,player,666,0,0,1681.38,184.69,1753.13,300.39,20
13,player,667,0,0,1686.08,187.25,1757.83,302.95,20
13,player,668,0,0,1690.78,189.82,1762.53,305.52,20
13,player,669,0,0,1695.49,192.39,1767.24,308.08,20
13,player,670,0,0,1700.19,194.95,1771.94,310.65,20
13,player,671,0,0,1704.89,197.52,1776.65,313.21,20
13,player,672,0,0,1709.60,200.08,1781.35,315.78,20
13,player,673,0,0,1714.30,202.65,1786.05,318.35,20
13,player,674,0,0,1719.01,205.21,1790.76,320.91,20
13,player,675,0,0,1723.71,207.78,1795.46,323.48,20
13,player,676,0,0,1728.41,210.35,1800.16,326.04,20
13,player,677,0,0,1730.31,210.35,1802.06,326.04,20
13,player,678,0,0,1732.21,210.35,1803.97,326.04,20
13,player,679,0,0,1734.11,210.35,1805.87,326.04,20
13,player,680,0,0,1736.02,210.35,1807.77,326.04,20
13,player,681,0,0,1737.92,210.35,1809.67,326.04,20
13,player,682,0,0,1739.82,210.35,1811.57,326.04,20
13,player,683,0,0,1741.72,210.35,1813.47,326.04,20
13,player,684,0,0,1743.62,210.35,1815.37,326.04,20
13,player,685,0,0,1745.52,210.35,1817.27,326.04,20
13,player,686,0,0,1747.42,210.35,1819.17,326.04,20
13,player,687,0,0,1749.32,210.35,1821.07,326.04,20
13,player,688,0,0,1751.22,210.35,1822.97,326.04,20
13,player,689,0,0,1753.12,210.35,1824.87,326.04,20
13,player,690,0,0,1755.02,210.35,1826.77,326.04,20
13,player,691,0,0,1756.92,210.35,1828.67,326.04,20
13,player,692,0,0,1758.82,210.35,1830.57,326.04,20
13,player,693,0,0,1760.72,210.35,1832.47,326.04,20
13,player,694,0,0,1762.62,210.35,1834.37,326.04,20
13,player,695,0,0,1770.57,210.35,1842.32,326.04,20
13,player,696,0,0,1778.52,210.35,1850.27,326.04,20
13,player,697,0,0,1786.47,210.35,1858.22,326.04,20
13,player,698,0,0,1794.41,210.35,1866.17,326.04,20
13,player,699,0,0,1802.36,210.35,1874.11,326.04,20
13,player,700,0,0,1802.36,210.35,1874.11,326.04,20
13,player,701,0,0,1802.36,210.35,1874.11,326.04,20
13,player,702,0,0,1802.36,210.35,1874.11,326.04,20
13,player,703,0,0,1802.36,210.35,1874.11,326.04,20
13,player,704,0,0,1802.36,210.35,1874.11,326.04,20
13,player,705,0,0,1802.36,210.35,1874.11,326.04,20
13,player,706,0,0,1802.36,210.35,1874.11,326.04,20
13,player,707,0,0,1802.36,210.35,1874.11,326.04,20
13,player,708,0,0,1802.36,210.35,1874.11,326.04,20
13,player,709,0,0,1802.36,210.35,1874.11,326.04,20
13,player,710,0,0,1802.36,210.35,1874.11,326.04,20
13,player,711,0,0,1802.36,210.35,1874.11,326.04,20
13,player,712,0,0,1802.36,210.35,1874.11,326.04,20
13,player,713,0,0,1802.36,210.35,1874.11,326.04,20
13,player,714,0,0,1802.36,210.35,1874.11,326.04,20
13,player,715,0,0,1802.36,210.35,1874.11,326.04,20
13,player,716,0,0,1802.36,210.35,1874.11,326.04,20
13,player,717,0,0,1802.36,210.35,1874.11,326.04,20
13,player,718,0,0,1802.36,210.35,1874.11,326.04,20
13,player,719,0,0,1802.36,210.35,1874.11,326.04,20
13,player,720,0,0,1802.36,210.35,1874.11,326.04,20
13,player,721,0,0,1802.36,210.35,1874.11,326.04,20
13,player,722,0,0,1802.36,210.35,1874.11,326.04,20
13,player,723,0,0,1802.36,210.35,1874.11,326.04,20
13,player,724,1,0,1802.36,210.35,1874.11,326.04,20
14,player,107,0,0,0.00,494.42,75.19,679.09,68
14,player,108,0,0,22.99,493.64,98.18,678.31,68
14,player,109,0,0,45.97,492.86,121.17,677.53,68
14,player,110,0,0,68.96,492.08,144.16,676.75,68
14,player,111,0,0,91.95,491.30,167.14,675.97,68
14,player,112,0,0,114.93,490.52,190.13,675.20,68
14,player,113,0,0,137.92,489.74,213.12,674.42,68
14,player,114,0,0,144.94,489.36,220.42,674.03,68
14,player,115,0,0,151.95,488.98,227.71,673.65,68
14,player,116,0,0,158.96,488.60,235.01,673.27,68
14,player,117,0,0,165.98,488.21,242.31,672.89,68
14,player,118,0,0,172.99,487.83,249.61,672.51,68
14,player,119,0,0,180.00,487.45,256.91,672.13,68
14,player,120,0,0,187.02,487.07,264.21,671.74,68
14,player,121,0,0,194.03,486.69,271.51,671.36,68
14,player,122,0,0,201.05,486.31,278.81,670.98,68
14,player,123,0,0,208.06,485.92,286.11,670.60,68
14,player,124,0,0,215.07,485.54,293.41,670.22,68
14,player,125,0,0,222.09,485.16,300.71,669.84,68
14,player,126,0,0,229.10,484.78,308.01,669.45,68
14,player,127,0,0,236.12,484.40,315.31,669.07,68
14,player,128,0,0,243.13,484.02,322.60,668.69,68
14,player,129,0,0,250.14,483.63,329.90,668.31,68
14,player,130,0,0,257.16,483.25,337.20,667.93,68
14,player,131,0,0,264.17,482.87,344.50,667.55,68
14,player,132,0,0,271.18,482.49,351.80,667.16,68
14,player,133,0,0,278.20,482.11,359.10,666.78,68
14,player,134,0,0,285.21,481.73,366.40,666.40,68
14,player,135,0,0,292.23,481.34,373.70,666.02,68
14,player,136,0,0,299.24,480.96,381.00,665.64,68
14,player,137,0,0,306.25,480.58,388.30,665.26,68
14,player,138,0,0,313.27,480.20,395.60,664.87,68
14,player,139,0,0,320.28,479.82,402.90,664.49,68
14,player,140,0,0,327.30,479.44,410.20,664.11,68
14,player,141,0,0,334.31,479.05,417.49,663.73,68
14,player,142,0,0,341.32,478.67,424.79,663.35,68
14,player,143,0,0,348.34,478.29,432.09,662.97,68
14,player,144,0,0,355.35,477.91,439.39,662.58,68
14,player,145,0,0,362.36,477.53,446.69,662.20,68
14,player,146,0,0,369.38,477.15,453.99,661.82,68
14,player,147,0,0,376.39,476.76,461.29,661.44,68
14,player,148,0,0,383.41,476.38,468.59,661.06,68
14,player,149,0,0,390.42,476.00,475.89,660.68,68
14,player,150,0,0,397.43,475.62,483.19,660.29,68
14,player,151,0,0,404.45,475.24,490.49,659.91,68
14,player,152,0,0,411.46,474.86,497.79,659.53,68
14,player,153,0,0,418.48,474.47,505.09,659.15,68
14,player,154,0,0,425.49,474.09,512.38,658.77,68
14,player,155,0,0,432.50,473.71,519.68,658.39,68
14,player,156,0,0,439.52,473.33,526.98,658.00,68
14,player,157,0,0,446.53,472.95,534.28,657.62,68
14,player,158,0,0,453.54,472.57,541.58,657.24,68
14,player,159,0,0,460.56,472.19,548.88,656.86,68
14,player,160,0,0,467.57,471.80,556.18,656.48,68
14,player,161,0,0,474.59,471.42,563.48,656.10,68
14,player,162,0,0,481.60,471.04,570.78,655.71,68
14,player,163,0,0,482.33,470.77,571.51,655.45,68
14,player,164,0,0,483.07,470.51,572.25,655.18,68
14,player,165,0,0,483.80,470.24,572.98,654.91,68
14,player,166,0,0,484.54,469.97,573.72,654.65,68
14,player,167,0,0,485.27,469.70,574.45,654.38,68
14,player,168,0,0,486.01,469.44,575.19,654.11,68
14,player,169,0,0,486.74,469.17,575.92,653.84,68
14,player,170,0,0,487.48,468.90,576.66,653.58,68
14,player,171,0,0,488.21,468.64,577.39,653.31,68
14,player,172,0,0,488.95,468.37,578.13,653.04,68
14,player,173,0,0,489.68,468.10,578.86,652.78,68
14,player,174,0,0,490.42,467.83,579.60,652.51,68
14,player,175,0,0,491.15,467.57,580.33,652.24,68
14,player,176,0,0,491.89,467.30,581.06,651.97,68
14,player,177,0,0,492.62,467.03,581.80,651.71,68
14,player,178,0,0,493.36,466.77,582.53,651.44,68
14,player,179,0,0,494.09,466.50,583.27,651.17,68
14,player,180,0,0,494.83,466.23,584.00,650.91,68
14,player,181,0,0,495.56,465.96,584.74,650.64,68
14,player,182,0,0,496.29,465.70,585.47,650.37,68
14,player,183,0,0,497.03,465.43,586.21,650.10,68
14,player,184,0,0,497.76,465.16,586.94,649.84,68
14,player,185,0,0,498.50,464.90,587.68,649.57,68
14,player,186,0,0,499.23,464.63,588.41,649.30,68
14,player,187,0,0,499.97,464.36,589.15,649.04,68
14,player,188,0,0,500.70,464.09,589.88,648.77,68
14,player,189,0,0,501.44,463.83,590.62,648.50,68
14,player,190,0,0,502.17,463.56,591.35,648.23,68
14,player,191,0,0,502.91,463.29,592.09,647.97,68
14,player,192,0,0,503.64,463.03,592.82,647.70,68
14,player,193,0,0,504.38,462.76,593.55,647.43,68
14,player,194,0,0,505.11,462.49,594.29,647.17,68
14,player,195,0,0,505.85,462.22,595.02,646.90,68
14,player,196,0,0,506.58,461.96,595.76,646.63,68
14,player,197,0,0,507.32,461.69,596.49,646.36,68
14,player,198,0,0,521.42,461.24,610.60,645.91,68
14,player,199,0,0,535.52,460.78,624.70,645.46,68
14,player,200,0,0,549.62,460.33,638.80,645.01,68
14,player,201,0,0,563.72,459.88,652.90,644.55,68
14,player,202,0,0,577.82,459.43,667.00,644.10,68
14,player,203,0,0,591.92,458.97,681.10,643.65,68
14,player,204,0,0,606.03,458.52,695.20,643.20,68
14,player,205,0,0,620.13,458.07,709.30,642.74,68
14,player,206,0,0,634.23,457.62,723.41,642.29,68
14,player,207,0,0,648.33,457.17,737.51,641.84,68
14,player,208,0,0,662.43,456.71,751.61,641.39,68
14,player,209,0,0,676.53,456.26,765.71,640.94,68
14,player,210,0,0,690.63,455.81,779.81,640.48,68
14,player,211,0,0,704.73,455.36,793.91,640.03,68
14,player,212,0,0,718.84,454.90,808.01,639.58,68
14,player,213,0,0,732.94,454.45,822.12,639.13,68
14,player,214,0,0,747.04,454.00,836.22,638.67,68
14,player,215,0,0,761.14,453.55,850.32,638.22,68
14,player,216,0,0,775.24,453.09,864.42,637.77,68
14,player,217,0,0,789.34,452.64,878.52,637.32,68
14,player,218,0,0,803.44,452.19,892.62,636.86,68
14,player,219,0,0,817.55,451.74,906.72,636.41,68
14,player,220,0,0,831.65,451.28,920.83,635.96,68
14,player,221,0,0,845.75,450.83,934.93,635.51,68
14,player,222,0,0,859.85,450.38,949.03,635.05,68
14,player,223,0,0,873.95,449.93,963.13,634.60,68
14,player,224,0,0,888.05,449.47,977.23,634.15,68
14,player,225,0,0,902.15,449.02,991.33,633.70,68
14,player,226,0,0,916.26,448.57,1005.43,633.24,68
14,player,227,0,0,930.36,448.12,1019.53,632.79,68
14,player,228,0,0,944.46,447.66,1033.64,632.34,68
14,player,229,0,0,952.31,447.50,1041.48,632.17,68
14,player,230,0,0,960.15,447.33,1049.33,632.00,68
14,player,231,0,0,968.00,447.16,1057.18,631.84,68
14,player,232,0,0,975.85,447.00,1065.03,631.67,68
14,player,233,0,0,983.70,446.83,1072.88,631.50,68
14,player,234,0,0,991.55,446.66,1080.72,631.34,68
14,player,235,0,0,999.39,446.50,1088.57,631.17,68
14,player,236,0,0,1007.24,446.33,1096.42,631.00,68
14,player,237,0,0,1015.09,446.16,1104.27,630.84,68
14,player,238,0,0,1022.94,445.99,1112.11,630.67,68
14,player,239,0,0,1030.78,445.83,1119.96,630.50,68
14,player,240,0,0,1038.63,445.66,1127.81,630.33,68
14,player,241,0,0,1046.48,445.49,1135.66,630.17,68
14,player,242,0,0,1054.33,445.33,1143.51,630.00,68
14,player,243,0,0,1057.83,442.99,1147.01,627.66,68
14,player,244,0,0,1061.34,440.65,1150.52,625.33,68
14,player,245,0,0,1058.13,439.70,1147.16,622.92,68
14,player,246,0,0,1054.91,438.75,1143.80,620.51,68
14,player,247,0,0,1051.70,437.80,1140.44,618.10,68
14,player,248,0,0,1048.48,436.85,1137.08,615.69,68
14,player,249,0,0,1045.27,435.90,1133.72,613.28,68
14,player,250,0,0,1042.06,434.95,1130.36,610.87,68
14,player,251,0,0,1038.84,434.00,1127.00,608.45,68
14,player,252,0,0,1035.63,433.05,1123.64,606.04,68
14,player,253,0,0,1032.41,432.10,1120.28,603.63,68
14,player,254,0,0,1029.20,431.15,1116.92,601.22,68
14,player,255,0,0,1025.98,430.20,1113.56,598.81,68
14,player,256,0,0,1022.77,429.26,1110.20,596.40,68
14,player,257,0,0,1019.55,428.31,1106.84,593.99,68
14,player,258,0,0,1016.34,427.36,1103.48,591.58,68
14,player,259,0,0,1013.13,426.41,1100.12,589.17,68
14,player,260,0,0,1009.91,425.46,1096.76,586.76,68
14,player,261,0,0,1006.70,424.51,1093.40,584.35,68
14,player,262,0,0,1003.48,423.56,1090.04,581.94,68
14,player,263,0,0,1000.27,422.61,1086.68,579.53,68
14,player,264,0,0,997.05,421.66,1083.32,577.12,68
14,player,265,0,0,993.84,420.71,1079.96,574.71,68
14,player,266,0,0,990.63,419.76,1076.60,572.30,68
14,player,267,0,0,987.41,418.81,1073.24,569.89,68
14,player,268,0,0,984.20,417.86,1069.88,567.48,68
14,player,269,0,0,980.98,416.91,1066.52,565.07,68
14,player,270,0,0,977.77,415.96,1063.16,562.66,68
14,player,271,0,0,974.55,415.01,1059.80,560.25,68
14,player,272,0,0,971.34,414.06,1056.44,557.84,68
14,player,273,0,0,968.13,413.11,1053.08,555.43,68
14,player,274,0,0,964.91,412.16,1049.72,553.02,68
14,player,275,0,0,961.70,411.21,1046.36,550.61,68
14,player,276,0,0,958.48,410.26,1043.00,548.20,68
14,player,277,0,0,953.81,408.86,1039.26,556.14,68
14,player,278,0,0,949.13,407.46,1035.51,564.09,68
14,player,279,0,0,944.46,406.05,1031.77,572.03,68
14,player,280,0,0,939.78,404.65,1028.03,579.98,68
14,player,281,0,0,935.11,403.25,1024.28,587.92,68
14,player,282,0,0,937.69,402.02,1026.87,586.69,68
14,player,283,0,0,940.27,400.79,1029.45,585.46,68
14,player,284,0,0,942.86,399.56,1032.04,584.23,68
14,player,285,0,0,945.44,398.33,1034.62,583.00,68
14,player,286,0,0,948.03,397.10,1037.20,581.77,68
14,player,287,0,0,950.61,395.87,1039.79,580.54,68
14,player,288,0,0,953.19,394.64,1042.37,579.31,68
14,player,289,0,0,955.78,393.41,1044.95,578.08,68
14,player,290,0,0,958.36,392.18,1047.54,576.85,68
14,player,291,0,0,960.94,390.95,1050.12,575.62,68
14,player,292,0,0,963.53,389.72,1052.71,574.39,68
14,player,293,0,0,966.11,388.49,1055.29,573.16,68
14,player,294,0,0,968.69,387.25,1057.87,571.93,68
14,player,295,0,0,971.28,386.02,1060.46,570.70,68
14,player,296,0,0,973.86,384.79,1063.04,569.47,68
14,player,297,0,0,976.45,383.56,1065.62,568.24,68
14,player,298,0,0,979.03,382.33,1068.21,567.01,68
14,player,299,0,0,981.61,381.10,1070.79,565.78,68
14,player,300,0,0,984.20,379.87,1073.38,564.55,68
14,player,301,0,0,984.83,376.90,1074.01,561.57,68
14,player,302,0,0,985.47,373.92,1074.65,558.60,68
14,player,303,0,0,986.11,370.95,1075.29,555.62,68
14,player,304,0,0,986.75,367.97,1075.93,552.65,68
14,player,305,0,0,987.39,365.00,1076.56,549.67,68
14,player,306,0,0,988.02,362.02,1077.20,546.70,68
14,player,307,0,0,988.66,359.05,1077.84,543.72,68
14,player,308,0,0,989.30,356.07,1078.48,540.75,68
14,player,309,0,0,989.94,353.10,1079.11,537.77,68
14,player,310,0,0,990.57,350.12,1079.75,534.80,68
14,player,311,0,0,991.21,347.15,1080.39,531.82,68
14,player,312,0,0,989.63,346.84,1078.81,531.52,68
14,player,313,0,0,988.04,346.54,1077.22,531.22,68
14,player,314,0,0,986.46,346.24,1075.64,530.92,68
14,player,315,0,0,984.88,345.94,1074.05,530.61,68
14,player,316,0,0,983.29,345.64,1072.47,530.31,68
14,player,317,0,0,981.71,345.34,1070.89,530.01,68
14,player,318,0,0,980.13,345.03,1069.30,529.71,68
14,player,319,0,0,978.54,344.73,1067.72,529.41,68
14,player,320,0,0,976.96,344.43,1066.14,529.11,68
14,player,321,0,0,975.38,344.13,1064.55,528.80,68
14,player,322,0,0,973.79,343.83,1062.97,528.50,68
14,player,323,0,0,972.21,343.53,1061.39,528.20,68
14,player,324,0,0,970.62,343.22,1059.80,527.90,68
14,player,325,0,0,969.04,342.92,1058.22,527.60,68
14,player,326,0,0,967.46,342.62,1056.64,527.30,68
14,player,327,0,0,965.87,342.32,1055.05,526.99,68
14,player,328,0,0,964.29,342.02,1053.47,526.69,68
14,player,329,0,0,962.71,341.72,1051.88,526.39,68
14,player,330,0,0,961.12,341.41,1050.30,526.09,68
14,player,331,0,0,959.54,341.11,1048.72,525.79,68
14,player,332,0,0,957.96,340.81,1047.13,525.49,68
14,player,333,0,0,956.37,340.51,1045.55,525.18,68
14,player,334,0,0,954.79,340.21,1043.97,524.88,68
14,player,335,0,0,953.21,339.91,1042.38,524.58,68
14,player,336,0,0,951.62,339.60,1040.80,524.28,68
14,player,337,0,0,950.04,339.30,1039.22,523.98,68
14,player,338,0,0,948.45,339.00,1037.63,523.68,68
14,player,339,0,0,946.87,338.70,1036.05,523.37,68
14,player,340,0,0,945.29,338.40,1034.47,523.07,68
14,player,341,0,0,943.70,338.10,1032.88,522.77,68
14,player,342,0,0,942.12,337.79,1031.30,522.47,68
14,player,343,0,0,940.91,337.02,1030.09,521.69,68
14,player,344,0,0,939.70,336.24,1028.87,520.91,68
14,player,345,0,0,938.48,335.46,1027.66,520.13,68
14,player,346,0,0,937.27,334.68,1026.45,519.35,68
14,player,347,0,0,936.06,333.90,1025.24,518.57,68
14,player,348,0,0,934.85,333.12,1024.03,517.79,68
14,player,349,0,0,933.64,332.34,1022.81,517.02,68
14,player,350,0,0,932.42,331.56,1021.60,516.24,68
14,player,351,0,0,931.21,330.78,1020.39,515.46,68
14,player,352,0,0,930.00,330.00,1019.18,514.68,68
14,player,353,0,0,928.79,329.22,1017.96,513.90,68
14,player,354,0,0,927.57,328.44,1016.75,513.12,68
14,player,355,0,0,926.36,327.67,1015.54,512.34,68
14,player,356,0,0,925.15,326.89,1014.33,511.56,68
14,player,357,0,0,923.94,326.11,1013.12,510.78,68
14,player,358,0,0,922.73,325.33,1011.90,510.00,68
14,player,359,0,0,921.51,324.55,1010.69,509.22,68
14,player,360,0,0,920.30,323.77,1009.48,508.44,68
14,player,361,0,0,919.09,322.99,1008.27,507.66,68
14,player,362,0,0,917.88,322.21,1007.06,506.89,68
14,player,363,0,0,916.67,321.43,1005.84,506.11,68
14,player,364,0,0,915.45,320.65,1004.63,505.33,68
14,player,365,0,0,914.24,319.87,1003.42,504.55,68
14,player,366,0,0,913.03,319.09,1002.21,503.77,68
14,player,367,0,0,911.82,318.31,1001.00,502.99,68
14,player,368,0,0,910.60,317.54,999.78,502.21,68
14,player,369,0,0,909.39,316.76,998.57,501.43,68
14,player,370,0,0,903.23,315.64,992.31,499.04,68
14,player,371,0,0,897.07,314.52,986.05,496.64,68
14,player,372,0,0,890.91,313.40,979.79,494.25,68
14,player,373,0,0,884.76,312.28,973.53,491.86,68
14,player,374,0,0,878.60,311.16,967.26,489.46,68
14,player,375,0,0,872.44,310.04,961.00,487.07,68
14,player,376,0,0,866.28,308.92,954.74,484.68,68
14,player,377,0,0,860.12,307.80,948.48,482.28,68
14,player,378,0,0,853.96,306.68,942.22,479.89,68
14,player,379,0,0,847.80,305.56,935.96,477.49,68
14,player,380,0,0,841.64,304.44,929.70,475.10,68
14,player,381,0,0,835.48,303.32,923.44,472.71,68
14,player,382,0,0,829.32,302.20,917.18,470.31,68
14,player,383,0,0,823.16,301.08,910.91,467.92,68
14,player,384,0,0,817.00,299.96,904.65,465.53,68
14,player,385,0,0,810.84,298.84,898.39,463.13,68
14,player,386,0,0,804.68,297.72,892.13,460.74,68
14,player,387,0,0,798.52,296.60,885.87,458.35,68
14,player,388,0,0,792.37,295.48,879.61,455.95,68
14,player,389,0,0,786.21,294.36,873.35,453.56,68
14,player,390,0,0,780.05,293.24,867.09,451.17,68
14,player,391,0,0,773.89,292.12,860.82,448.77,68
14,player,392,0,0,767.73,291.00,854.56,446.38,68
14,player,393,0,0,761.57,289.88,848.30,443.98,68
14,player,394,0,0,755.41,288.76,842.04,441.59,68
14,player,395,0,0,749.25,287.64,835.78,439.20,68
14,player,396,0,0,743.09,286.52,829.52,436.80,68
14,player,397,0,0,736.93,285.40,823.26,434.41,68
14,player,398,0,0,730.77,284.28,817.00,432.02,68
14,player,399,0,0,724.61,283.16,810.73,429.62,68
14,player,400,0,0,718.45,282.04,804.47,427.23,68
14,player,401,0,0,712.29,280.92,798.21,424.84,68
14,player,402,0,0,706.13,279.80,791.95,422.44,68
14,player,403,0,0,699.97,278.68,785.69,420.05,68
14,player,404,0,0,693.82,277.56,779.43,417.66,68
14,player,405,0,0,687.66,276.44,773.17,415.26,68
14,player,406,0,0,681.50,275.32,766.91,412.87,68
14,player,407,0,0,675.34,274.20,760.64,410.47,68
14,player,408,0,0,669.18,273.08,754.38,408.08,68
14,player,409,0,0,663.02,271.96,748.12,405.69,68
14,player,410,0,0,656.86,270.84,741.86,403.29,68
14,player,411,0,0,650.70,269.72,735.60,400.90,68
14,player,412,0,0,644.29,269.96,729.19,401.14,68
14,player,413,0,0,637.87,270.19,722.77,401.38,68
14,player,414,0,0,631.46,270.43,716.36,401.61,68
14,player,415,0,0,625.04,270.67,709.94,401.85,68
14,player,416,0,0,618.63,270.91,703.53,402.09,68
14,player,417,0,0,612.21,271.14,697.11,402.33,68
14,player,418,0,0,605.80,271.38,690.70,402.56,68
14,player,419,0,0,599.39,271.62,684.29,402.80,68
14,player,420,0,0,592.97,271.86,677.87,403.04,68
14,player,421,0,0,584.42,271.50,669.32,402.68,68
14,player,422,0,0,575.87,271.14,660.77,402.32,68
14,player,423,0,0,567.31,270.79,652.21,401.97,68
14,player,424,0,0,558.76,270.43,643.66,401.61,68
14,player,425,0,0,550.21,270.07,635.11,401.26,68
14,player,426,0,0,541.66,269.72,626.56,400.90,68
14,player,427,0,0,533.11,269.36,618.01,400.54,68
14,player,428,0,0,524.55,269.00,609.45,400.19,68
14,player,429,0,0,516.00,268.65,600.90,399.83,68
14,player,430,0,0,507.45,268.29,592.35,399.47,68
14,player,431,0,0,498.90,267.94,583.80,399.12,68
14,player,432,0,0,490.34,267.58,575.24,398.76,68
14,player,433,0,0,483.93,266.72,568.83,397.91,68
14,player,434,0,0,477.52,265.87,562.42,397.05,68
14,player,435,0,0,471.10,265.01,556.00,396.20,68
14,player,436,0,0,464.69,264.16,549.59,395.34,68
14,player,437,0,0,458.27,263.30,543.17,394.48,68
14,player,438,0,0,458.27,263.30,543.17,394.48,68
14,player,439,0,0,458.27,263.30,543.17,394.48,68
14,player,440,0,0,458.27,263.30,543.17,394.48,68
14,player,441,0,0,458.27,263.30,543.17,394.48,68
14,player,442,0,0,458.27,263.30,543.17,394.48,68
14,player,443,0,0,458.27,263.30,543.17,394.48,68
14,player,444,0,0,458.27,263.30,543.17,394.48,68
14,player,445,0,0,458.27,263.30,543.17,394.48,68
14,player,446,0,0,458.27,263.30,543.17,394.48,68
14,player,447,0,0,458.27,263.30,543.17,394.48,68
14,player,448,0,0,458.27,263.30,543.17,394.48,68
14,player,449,0,0,458.27,263.30,543.17,394.48,68
14,player,450,0,0,458.27,263.30,543.17,394.48,68
14,player,451,0,0,458.27,263.30,543.17,394.48,68
14,player,452,0,0,458.27,263.30,543.17,394.48,68
14,player,453,0,0,458.27,263.30,543.17,394.48,68
14,player,454,0,0,458.27,263.30,543.17,394.48,68
14,player,455,0,0,458.27,263.30,543.17,394.48,68
14,player,456,0,0,458.27,263.30,543.17,394.48,68
14,player,457,0,0,458.27,263.30,543.17,394.48,68
14,player,458,0,0,458.27,263.30,543.17,394.48,68
14,player,459,0,0,458.27,263.30,543.17,394.48,68
14,player,460,0,0,458.27,263.30,543.17,394.48,68
14,player,461,0,0,458.27,263.30,543.17,394.48,68
14,player,462,0,0,458.27,263.30,543.17,394.48,68
14,player,463,0,0,458.27,263.30,543.17,394.48,68
14,player,464,0,0,458.27,263.30,543.17,394.48,68
14,player,465,0,0,458.27,263.30,543.17,394.48,68
14,player,466,0,0,458.27,263.30,543.17,394.48,68
14,player,467,0,0,458.27,263.30,543.17,394.48,68
14,player,468,0,0,458.27,263.30,543.17,394.48,68
14,player,469,0,0,458.27,263.30,543.17,394.48,68
14,player,470,0,0,458.27,263.30,543.17,394.48,68
14,player,471,0,0,458.27,263.30,543.17,394.48,68
14,player,472,0,0,458.27,263.30,543.17,394.48,68
14,player,473,0,0,458.27,263.30,543.17,394.48,68
14,player,474,0,0,458.27,263.30,543.17,394.48,68
14,player,475,0,0,458.27,263.30,543.17,394.48,68
14,player,476,0,0,458.27,263.30,543.17,394.48,68
14,player,477,0,0,458.27,263.30,543.17,394.48,68
14,player,478,0,0,458.27,263.30,543.17,394.48,68
14,player,479,0,0,458.27,263.30,543.17,394.48,68
14,player,480,0,0,458.27,263.30,543.17,394.48,68
14,player,481,0,0,458.27,263.30,543.17,394.48,68
14,player,482,0,0,458.27,263.30,543.17,394.48,68
14,player,483,0,0,458.27,263.30,543.17,394.48,68
14,player,484,0,0,458.27,263.30,543.17,394.48,68
14,player,485,0,0,458.27,263.30,543.17,394.48,68
14,player,486,0,0,458.27,263.30,543.17,394.48,68
14,player,487,0,0,458.27,263.30,543.17,394.48,68
14,player,488,1,0,458.27,263.30,543.17,394.48,68
15,player,162,0,0,315.97,599.61,409.48,784.29,10
15,player,163,0,0,322.21,600.39,415.71,785.06,10
15,player,164,0,0,328.44,601.17,421.95,785.84,10
15,player,165,0,0,334.68,601.95,428.18,786.62,10
15,player,166,0,0,340.91,602.73,434.42,787.40,10
15,player,167,0,0,347.14,603.51,440.65,788.18,10
15,player,168,0,0,353.38,604.29,446.88,788.96,10
15,player,169,0,0,359.61,605.07,453.12,789.74,10
15,player,170,0,0,365.84,605.84,459.35,790.52,10
15,player,171,0,0,372.08,606.62,465.58,791.30,10
15,player,172,0,0,375.14,606.53,468.64,791.21,10
15,player,173,0,0,378.19,606.44,471.70,791.12,10
15,player,174,0,0,381.25,606.35,474.75,791.03,10
15,player,175,0,0,384.31,606.26,477.81,790.94,10
15,player,176,0,0,387.36,606.17,480.87,790.85,10
15,player,177,0,0,390.42,606.08,483.93,790.76,10
15,player,178,0,0,393.48,605.99,486.98,790.67,10
15,player,179,0,0,396.53,605.90,490.04,790.58,10
15,player,180,0,0,399.59,605.82,493.10,790.49,10
15,player,181,0,0,402.65,605.73,496.15,790.40,10
15,player,182,0,0,405.70,605.64,499.21,790.31,10
15,player,183,0,0,408.76,605.55,502.27,790.22,10
15,player,184,0,0,411.82,605.46,505.32,790.13,10
15,player,185,0,0,414.88,605.37,508.38,790.04,10
15,player,186,0,0,417.93,605.28,511.44,789.95,10
15,player,187,0,0,420.99,605.19,514.50,789.86,10
15,player,188,0,0,424.05,605.10,517.55,789.77,10
15,player,189,0,0,427.10,605.01,520.61,789.68,10
15,player,190,0,0,430.16,604.92,523.67,789.59,10
15,player,191,0,0,433.22,604.83,526.72,789.50,10
15,player,192,0,0,436.27,604.74,529.78,789.41,10
15,player,193,0,0,439.33,604.65,532.84,789.32,10
15,player,194,0,0,442.39,604.56,535.89,789.23,10
15,player,195,0,0,445.44,604.47,538.95,789.14,10
15,player,196,0,0,448.50,604.38,542.01,789.05,10
15,player,197,0,0,451.56,604.29,545.06,788.96,10
15,player,198,0,0,464.76,602.40,558.26,787.08,10
15,player,199,0,0,477.95,600.52,571.46,785.19,10
15,player,200,0,0,491.15,598.63,584.65,783.31,10
15,player,201,0,0,504.34,596.75,597.85,781.42,10
15,player,202,0,0,517.54,594.86,611.05,779.54,10
15,player,203,0,0,530.74,592.98,624.24,777.65,10
15,player,204,0,0,543.93,591.09,637.44,775.77,10
15,player,205,0,0,557.13,589.21,650.64,773.88,10
15,player,206,0,0,570.33,587.32,663.83,772.00,10
15,player,207,0,0,583.52,585.44,677.03,770.11,10
15,player,208,0,0,596.72,583.55,690.23,768.22,10
15,player,209,0,0,609.92,581.66,703.42,766.34,10
15,player,210,0,0,623.11,579.78,716.62,764.45,10
15,player,211,0,0,636.31,577.89,729.82,762.57,10
15,player,212,0,0,649.51,576.01,743.01,760.68,10
15,player,213,0,0,662.70,574.12,756.21,758.80,10
15,player,214,0,0,675.90,572.24,769.41,756.91,10
15,player,215,0,0,689.10,570.35,782.60,755.03,10
15,player,216,0,0,702.29,568.47,795.80,753.14,10
15,player,217,0,0,715.49,566.58,808.99,751.26,10
15,player,218,0,0,728.69,564.70,822.19,749.37,10
15,player,219,0,0,741.88,562.81,835.39,747.49,10
15,player,220,0,0,755.08,560.93,848.58,745.60,10
15,player,221,0,0,768.27,559.04,861.78,743.72,10
15,player,222,0,0,781.47,557.16,874.98,741.83,10
15,player,223,0,0,794.67,555.27,888.17,739.95,10
15,player,224,0,0,807.86,553.39,901.37,738.06,10
15,player,225,0,0,821.06,551.50,914.57,736.18,10
15,player,226,0,0,834.26,549.62,927.76,734.29,10
15,player,227,0,0,847.45,547.73,940.96,732.41,10
15,player,228,0,0,860.65,545.85,954.16,730.52,10
15,player,229,0,0,868.67,546.01,962.17,730.69,10
15,player,230,0,0,876.68,546.18,970.19,730.85,10
15,player,231,0,0,884.69,546.35,978.20,731.02,10
15,player,232,0,0,892.71,546.51,986.22,731.19,10
15,player,233,0,0,900.72,546.68,994.23,731.36,10
15,player,234,0,0,908.74,546.85,1002.25,731.52,10
15,player,235,0,0,916.75,547.01,1010.26,731.69,10
15,player,236,0,0,924.77,547.18,1018.28,731.86,10
15,player,237,0,0,932.78,547.35,1026.29,732.02,10
15,player,238,0,0,940.80,547.51,1034.30,732.19,10
15,player,239,0,0,948.81,547.68,1042.32,732.36,10
15,player,240,0,0,956.83,547.85,1050.33,732.52,10
15,player,241,0,0,964.84,548.02,1058.35,732.69,10
15,player,242,0,0,972.86,548.18,1066.36,732.86,10
15,player,243,0,0,982.21,541.17,1075.71,725.84,10
15,player,244,0,0,991.56,534.16,1085.07,718.83,10
15,player,245,0,0,989.59,534.23,1083.09,718.03,10
15,player,246,0,0,987.61,534.30,1081.12,717.22,10
15,player,247,0,0,985.64,534.38,1079.14,716.42,10
15,player,248,0,0,983.67,534.45,1077.17,715.62,10
15,player,249,0,0,981.70,534.52,1075.20,714.81,10
15,player,250,0,0,979.73,534.60,1073.22,714.01,10
15,player,251,0,0,977.75,534.67,1071.25,713.20,10
15,player,252,0,0,975.78,534.74,1069.27,712.40,10
15,player,253,0,0,973.81,534.81,1067.30,711.59,10
15,player,254,0,0,971.84,534.89,1065.33,710.79,10
15,player,255,0,0,969.86,534.96,1063.35,709.99,10
15,player,256,0,0,967.89,535.03,1061.38,709.18,10
15,player,257,0,0,965.92,535.11,1059.40,708.38,10
15,player,258,0,0,963.95,535.18,1057.43,707.57,10
15,player,259,0,0,961.97,535.25,1055.46,706.77,10
15,player,260,0,0,960.00,535.33,1053.48,705.97,10
15,player,261,0,0,958.03,535.40,1051.51,705.16,10
15,player,262,0,0,956.06,535.47,1049.53,704.36,10
15,player,263,0,0,954.08,535.54,1047.56,703.55,10
15,player,264,0,0,952.11,535.62,1045.59,702.75,10
15,player,265,0,0,950.14,535.69,1043.61,701.95,10
15,player,266,0,0,948.17,535.76,1041.64,701.14,10
15,player,267,0,0,946.19,535.84,1039.67,700.34,10
15,player,268,0,0,944.22,535.91,1037.69,699.53,10
15,player,269,0,0,942.25,535.98,1035.72,698.73,10
15,player,270,0,0,940.28,536.06,1033.74,697.92,10
15,player,271,0,0,938.30,536.13,1031.77,697.12,10
15,player,272,0,0,936.33,536.20,1029.80,696.32,10
15,player,273,0,0,934.36,536.28,1027.82,695.51,10
15,player,274,0,0,932.39,536.35,1025.85,694.71,10
15,player,275,0,0,930.41,536.42,1023.87,693.90,10
15,player,276,0,0,928.44,536.49,1021.90,693.10,10
15,player,277,0,0,922.36,533.22,1015.83,695.44,10
15,player,278,0,0,916.29,529.95,1009.76,697.78,10
15,player,279,0,0,910.21,526.68,1003.70,700.12,10
15,player,280,0,0,904.13,523.40,997.63,702.46,10
15,player,281,0,0,898.05,520.13,991.56,704.81,10
15,player,282,0,0,899.78,520.01,993.28,704.68,10
15,player,283,0,0,901.50,519.88,995.00,704.56,10
15,player,284,0,0,903.22,519.76,996.73,704.44,10
15,player,285,0,0,904.94,519.64,998.45,704.31,10
15,player,286,0,0,906.67,519.52,1000.17,704.19,10
15,player,287,0,0,908.39,519.39,1001.89,704.07,10
15,player,288,0,0,910.11,519.27,1003.62,703.94,10
15,player,289,0,0,911.83,519.15,1005.34,703.82,10
15,player,290,0,0,913.56,519.02,1007.06,703.70,10
15,player,291,0,0,915.28,518.90,1008.78,703.58,10
15,player,292,0,0,917.00,518.78,1010.51,703.45,10
15,player,293,0,0,918.72,518.65,1012.23,703.33,10
15,player,294,0,0,920.45,518.53,1013.95,703.21,10
15,player,295,0,0,922.17,518.41,1015.67,703.08,10
15,player,296,0,0,923.89,518.29,1017.40,702.96,10
15,player,297,0,0,925.61,518.16,1019.12,702.84,10
15,player,298,0,0,927.34,518.04,1020.84,702.71,10
15,player,299,0,0,929.06,517.92,1022.56,702.59,10
15,player,300,0,0,930.78,517.79,1024.29,702.47,10
15,player,301,0,0,932.13,517.57,1025.64,702.24,10
15,player,302,0,0,933.49,517.34,1026.99,702.01,10
15,player,303,0,0,934.84,517.11,1028.35,701.79,10
15,player,304,0,0,936.20,516.88,1029.70,701.56,10
15,player,305,0,0,937.55,516.66,1031.06,701.33,10
15,player,306,0,0,938.90,516.43,1032.41,701.10,10
15,player,307,0,0,940.26,516.20,1033.76,700.88,10
15,player,308,0,0,941.61,515.97,1035.12,700.65,10
15,player,309,0,0,942.97,515.75,1036.47,700.42,10
15,player,310,0,0,944.32,515.52,1037.83,700.19,10
15,player,311,0,0,945.67,515.29,1039.18,699.97,10
15,player,312,0,0,941.95,515.60,1035.46,700.27,10
15,player,313,0,0,938.23,515.91,1031.73,700.58,10
15,player,314,0,0,934.50,516.21,1028.01,700.89,10
15,player,315,0,0,930.78,516.52,1024.29,701.19,10
15,player,316,0,0,927.06,516.83,1020.56,701.50,10
15,player,317,0,0,923.34,517.13,1016.84,701.81,10
15,player,318,0,0,919.61,517.44,1013.12,702.12,10
15,player,319,0,0,915.89,517.75,1009.40,702.42,10
15,player,320,0,0,912.17,518.05,1005.67,702.73,10
15,player,321,0,0,908.44,518.36,1001.95,703.04,10
15,player,322,0,0,904.72,518.67,998.23,703.34,10
15,player,323,0,0,901.00,518.98,994.50,703.65,10
15,player,324,0,0,897.27,519.28,990.78,703.96,10
15,player,325,0,0,893.55,519.59,987.06,704.26,10
15,player,326,0,0,889.83,519.90,983.33,704.57,10
15,player,327,0,0,886.11,520.20,979.61,704.88,10
15,player,328,0,0,882.38,520.51,975.89,705.18,10
15,player,329,0,0,878.66,520.82,972.17,705.49,10
15,player,330,0,0,874.94,521.12,968.44,705.80,10
15,player,331,0,0,871.21,521.43,964.72,706.11,10
15,player,332,0,0,867.49,521.74,961.00,706.41,10
15,player,333,0,0,863.77,522.04,957.27,706.72,10
15,player,334,0,0,860.04,522.35,953.55,707.03,10
15,player,335,0,0,856.32,522.66,949.83,707.33,10
15,player,336,0,0,852.60,522.97,946.10,707.64,10
15,player,337,0,0,848.88,523.27,942.38,707.95,10
15,player,338,0,0,845.15,523.58,938.66,708.25,10
15,player,339,0,0,841.43,523.89,934.94,708.56,10
15,player,340,0,0,837.71,524.19,931.21,708.87,10
15,player,341,0,0,833.98,524.50,927.49,709.17,10
15,player,342,0,0,830.26,524.81,923.77,709.48,10
15,player,343,0,0,826.28,524.81,919.78,709.48,10
15,player,344,0,0,822.30,524.81,915.80,709.48,10
15,player,345,0,0,818.31,524.81,911.82,709.48,10
15,player,346,0,0,814.33,524.81,907.84,709.48,10
15,player,347,0,0,810.35,524.81,903.85,709.48,10
15,player,348,0,0,806.36,524.81,899.87,709.48,10
15,player,349,0,0,802.38,524.81,895.89,709.48,10
15,player,350,0,0,798.40,524.81,891.90,709.48,10
15,player,351,0,0,794.42,524.81,887.92,709.48,10
15,player,352,0,0,790.43,524.81,883.94,709.48,10
15,player,353,0,0,786.45,524.81,879.96,709.48,10
15,player,354,0,0,782.47,524.81,875.97,709.48,10
15,player,355,0,0,778.49,524.81,871.99,709.48,10
15,player,356,0,0,774.50,524.81,868.01,709.48,10
15,player,357,0,0,770.52,524.81,864.03,709.48,10
15,player,358,0,0,766.54,524.81,860.04,709.48,10
15,player,359,0,0,762.55,524.81,856.06,709.48,10
15,player,360,0,0,758.57,524.81,852.08,709.48,10
15,player,361,0,0,754.59,524.81,848.10,709.48,10
15,player,362,0,0,750.61,524.81,844.11,709.48,10
15,player,363,0,0,746.62,524.81,840.13,709.48,10
15,player,364,0,0,742.64,524.81,836.15,709.48,10
15,player,365,0,0,738.66,524.81,832.16,709.48,10
15,player,366,0,0,734.68,524.81,828.18,709.48,10
15,player,367,0,0,730.69,524.81,824.20,709.48,10
15,player,368,0,0,726.71,524.81,820.22,709.48,10
15,player,369,0,0,722.73,524.81,816.23,709.48,10
15,player,370,0,0,715.38,524.70,808.78,708.66,10
15,player,371,0,0,708.03,524.58,801.34,707.83,10
15,player,372,0,0,700.69,524.47,793.89,707.01,10
15,player,373,0,0,693.34,524.36,786.44,706.19,10
15,player,374,0,0,685.99,524.25,778.99,705.36,10
15,player,375,0,0,678.65,524.14,771.54,704.54,10
15,player,376,0,0,671.30,524.03,764.09,703.72,10
15,player,377,0,0,663.95,523.92,756.65,702.89,10
15,player,378,0,0,656.61,523.80,749.20,702.07,10
15,player,379,0,0,649.26,523.69,741.75,701.25,10
15,player,380,0,0,641.91,523.58,734.30,700.42,10
15,player,381,0,0,634.56,523.47,726.85,699.60,10
15,player,382,0,0,627.22,523.36,719.40,698.78,10
15,player,383,0,0,619.87,523.25,711.96,697.95,10
15,player,384,0,0,612.52,523.14,704.51,697.13,10
15,player,385,0,0,605.18,523.03,697.06,696.31,10
15,player,386,0,0,597.83,522.91,689.61,695.48,10
15,player,387,0,0,590.48,522.80,682.16,694.66,10
15,player,388,0,0,583.14,522.69,674.71,693.84,10
15,player,389,0,0,575.79,522.58,667.27,693.01,10
15,player,390,0,0,568.44,522.47,659.82,692.19,10
15,player,391,0,0,561.09,522.36,652.37,691.37,10
15,player,392,0,0,553.75,522.25,644.92,690.54,10
15,player,393,0,0,546.40,522.14,637.47,689.72,10
15,player,394,0,0,539.05,522.02,630.02,688.90,10
15,player,395,0,0,531.71,521.91,622.57,688.07,10
15,player,396,0,0,524.36,521.80,615.13,687.25,10
15,player,397,0,0,517.01,521.69,607.68,686.43,10
15,player,398,0,0,509.67,521.58,600.23,685.60,10
15,player,399,0,0,502.32,521.47,592.78,684.78,10
15,player,400,0,0,494.97,521.36,585.33,683.96,10
15,player,401,0,0,487.63,521.24,577.88,683.13,10
15,player,402,0,0,480.28,521.13,570.44,682.31,10
15,player,403,0,0,472.93,521.02,562.99,681.49,10
15,player,404,0,0,465.58,520.91,555.54,680.66,10
15,player,405,0,0,458.24,520.80,548.09,679.84,10
15,player,406,0,0,450.89,520.69,540.64,679.02,10
15,player,407,0,0,443.54,520.58,533.19,678.19,10
15,player,408,0,0,436.20,520.47,525.75,677.37,10
15,player,409,0,0,428.85,520.35,518.30,676.55,10
15,player,410,0,0,421.50,520.24,510.85,675.72,10
15,player,411,0,0,414.16,520.13,503.40,674.90,10
15,player,412,0,0,407.74,520.61,496.99,675.38,10
15,player,413,0,0,401.33,521.08,490.57,675.85,10
15,player,414,0,0,394.91,521.56,484.16,676.33,10
15,player,415,0,0,388.50,522.03,477.74,676.80,10
15,player,416,0,0,382.09,522.51,471.33,677.28,10
15,player,417,0,0,375.67,522.98,464.91,677.75,10
15,player,418,0,0,369.26,523.46,458.50,678.23,10
15,player,419,0,0,362.84,523.93,452.09,678.70,10
15,player,420,0,0,356.43,524.41,445.67,679.18,10
15,player,421,0,0,350.37,521.74,439.61,676.50,10
15,player,422,0,0,344.31,519.06,433.56,673.83,10
15,player,423,0,0,338.25,516.39,427.50,671.16,10
15,player,424,0,0,332.20,513.72,421.44,668.49,10
15,player,425,0,0,326.14,511.05,415.38,665.81,10
15,player,426,0,0,320.08,508.37,409.32,663.14,10
15,player,427,0,0,314.02,505.70,403.27,660.47,10
15,player,428,0,0,307.97,503.03,397.21,657.80,10
15,player,429,0,0,301.91,500.35,391.15,655.12,10
15,player,430,0,0,295.85,497.68,385.09,652.45,10
15,player,431,0,0,289.79,495.01,379.04,649.78,10
15,player,432,0,0,283.73,492.34,372.98,647.11,10
15,player,433,0,0,277.75,495.75,365.70,646.68,10
15,player,434,0,0,271.76,499.16,358.43,646.25,10
15,player,435,0,0,265.77,502.57,351.15,645.82,10
15,player,436,0,0,259.79,505.99,343.88,645.39,10
15,player,437,0,0,253.80,509.40,336.60,644.97,10
15,player,438,0,0,250.57,512.29,333.37,647.86,10
15,player,439,0,0,247.34,515.19,330.14,650.75,10
15,player,440,0,0,244.12,518.08,326.92,653.65,10
15,player,441,0,0,240.89,520.97,323.69,656.54,10
15,player,442,0,0,237.66,523.86,320.46,659.43,10
15,player,443,0,0,234.43,526.76,317.23,662.32,10
15,player,444,0,0,231.20,529.65,314.00,665.22,10
15,player,445,0,0,227.98,532.54,310.78,668.11,10
15,player,446,0,0,224.75,535.43,307.55,671.00,10
15,player,447,0,0,221.52,538.33,304.32,673.89,10
15,player,448,0,0,218.29,541.22,301.09,676.79,10
15,player,449,0,0,215.06,544.11,297.86,679.68,10
15,player,450,0,0,211.84,547.00,294.64,682.57,10
15,player,451,0,0,208.61,549.90,291.41,685.46,10
15,player,452,0,0,205.38,552.79,288.18,688.36,10
15,player,453,0,0,202.15,555.68,284.95,691.25,10
15,player,454,0,0,198.92,558.58,281.72,694.14,10
15,player,455,0,0,195.70,561.47,278.49,697.04,10
15,player,456,0,0,192.47,564.36,275.27,699.93,10
15,player,457,0,0,189.24,567.25,272.04,702.82,10
15,player,458,0,0,186.01,570.15,268.81,705.71,10
15,player,459,0,0,182.78,573.04,265.58,708.61,10
15,player,460,0,0,179.56,575.93,262.35,711.50,10
15,player,461,0,0,176.33,578.82,259.13,714.39,10
15,player,462,0,0,173.10,581.72,255.90,717.28,10
15,player,463,0,0,169.87,584.61,252.67,720.18,10
15,player,464,0,0,166.64,587.50,249.44,723.07,10
15,player,465,0,0,163.41,590.40,246.21,725.96,10
15,player,466,0,0,160.19,593.29,242.99,728.86,10
15,player,467,0,0,156.96,596.18,239.76,731.75,10
15,player,468,0,0,153.73,599.07,236.53,734.64,10
15,player,469,0,0,150.50,601.97,233.30,737.53,10
15,player,470,0,0,147.27,604.86,230.07,740.43,10
15,player,471,0,0,144.05,607.75,226.85,743.32,10
15,player,472,0,0,140.82,610.64,223.62,746.21,10
15,player,473,0,0,137.59,613.54,220.39,749.10,10
15,player,474,0,0,134.36,616.43,217.16,752.00,10
15,player,475,0,0,131.13,619.32,213.93,754.89,10
15,player,476,0,0,127.91,622.21,210.71,757.78,10
15,player,477,0,0,124.68,625.11,207.48,760.67,10
15,player,478,0,0,121.45,628.00,204.25,763.57,10
15,player,479,0,0,118.22,630.89,201.02,766.46,10
15,player,480,0,0,114.99,633.79,197.79,769.35,10
15,player,481,0,0,111.77,636.68,194.56,772.25,10
15,player,482,0,0,108.54,639.57,191.34,775.14,10
15,player,483,0,0,105.31,642.46,188.11,778.03,10
15,player,484,0,0,102.08,645.36,184.88,780.92,10
15,player,485,0,0,98.85,648.25,181.65,783.82,10
15,player,486,0,0,95.63,651.14,178.42,786.71,10
15,player,487,0,0,92.40,654.03,175.20,789.60,10
15,player,488,1,0,89.17,656.93,171.97,792.49,10
16,player,162,0,0,0.00,611.30,84.54,795.97,13
16,player,163,0,0,2.60,611.30,87.14,795.97,13
16,player,164,0,0,5.19,611.30,89.74,795.97,13
16,player,165,0,0,7.79,611.30,92.34,795.97,13
16,player,166,0,0,10.39,611.30,94.93,795.97,13
16,player,167,0,0,12.99,611.30,97.53,795.97,13
16,player,168,0,0,15.58,611.30,100.13,795.97,13
16,player,169,0,0,18.18,611.30,102.73,795.97,13
16,player,170,0,0,20.78,611.30,105.32,795.97,13
16,player,171,0,0,23.38,611.30,107.92,795.97,13
16,player,172,0,0,32.32,611.22,116.86,795.89,13
16,player,173,0,0,41.26,611.14,125.80,795.81,13
16,player,174,0,0,50.20,611.05,134.74,795.73,13
16,player,175,0,0,59.14,610.97,143.68,795.65,13
16,player,176,0,0,68.08,610.89,152.62,795.56,13
16,player,177,0,0,77.02,610.81,161.57,795.48,13
16,player,178,0,0,85.96,610.73,170.51,795.40,13
16,player,179,0,0,94.90,610.64,179.45,795.32,13
16,player,180,0,0,103.84,610.56,188.39,795.24,13
16,player,181,0,0,112.78,610.48,197.33,795.15,13
16,player,182,0,0,121.72,610.40,206.27,795.07,13
16,player,183,0,0,130.66,610.32,215.21,794.99,13
16,player,184,0,0,139.60,610.23,224.15,794.91,13
16,player,185,0,0,148.54,610.15,233.09,794.83,13
16,player,186,0,0,157.48,610.07,242.03,794.74,13
16,player,187,0,0,166.43,609.99,250.97,794.66,13
16,player,188,0,0,175.37,609.91,259.91,794.58,13
16,player,189,0,0,184.31,609.82,268.85,794.50,13
16,player,190,0,0,193.25,609.74,277.79,794.42,13
16,player,191,0,0,202.19,609.66,286.73,794.33,13
16,player,192,0,0,211.13,609.58,295.67,794.25,13
16,player,193,0,0,220.07,609.50,304.61,794.17,13
16,player,194,0,0,229.01,609.41,313.55,794.09,13
16,player,195,0,0,237.95,609.33,322.49,794.01,13
16,player,196,0,0,246.89,609.25,331.44,793.92,13
16,player,197,0,0,255.83,609.17,340.38,793.84,13
16,player,198,0,0,264.77,609.08,349.32,793.76,13
16,player,199,0,0,273.71,609.00,358.26,793.68,13
16,player,200,0,0,282.65,608.92,367.20,793.60,13
16,player,201,0,0,291.59,608.84,376.14,793.51,13
16,player,202,0,0,300.53,608.76,385.08,793.43,13
16,player,203,0,0,309.47,608.67,394.02,793.35,13
16,player,204,0,0,318.41,608.59,402.96,793.27,13
16,player,205,0,0,327.36,608.51,411.90,793.19,13
16,player,206,0,0,336.30,608.43,420.84,793.10,13
16,player,207,0,0,345.24,608.35,429.78,793.02,13
16,player,208,0,0,354.18,608.26,438.72,792.94,13
16,player,209,0,0,363.12,608.18,447.66,792.86,13
16,player,210,0,0,372.06,608.10,456.60,792.78,13
16,player,211,0,0,381.00,608.02,465.54,792.69,13
16,player,212,0,0,389.94,607.94,474.48,792.61,13
16,player,213,0,0,398.88,607.85,483.42,792.53,13
16,player,214,0,0,407.82,607.77,492.36,792.45,13
16,player,215,0,0,416.76,607.69,501.31,792.37,13
16,player,216,0,0,425.70,607.61,510.25,792.28,13
16,player,217,0,0,434.64,607.53,519.19,792.20,13
16,player,218,0,0,443.58,607.44,528.13,792.12,13
16,player,219,0,0,452.52,607.36,537.07,792.04,13
16,player,220,0,0,461.46,607.28,546.01,791.96,13
16,player,221,0,0,470.40,607.20,554.95,791.87,13
16,player,222,0,0,479.34,607.12,563.89,791.79,13
16,player,223,0,0,488.28,607.03,572.83,791.71,13
16,player,224,0,0,497.23,606.95,581.77,791.63,13
16,player,225,0,0,506.17,606.87,590.71,791.54,13
16,player,226,0,0,515.11,606.79,599.65,791.46,13
16,player,227,0,0,524.05,606.71,608.59,791.38,13
16,player,228,0,0,532.99,606.62,617.53,791.30,13
16,player,229,0,0,541.17,604.29,625.71,788.96,13
16,player,230,0,0,549.35,601.95,633.90,786.62,13
16,player,231,0,0,557.53,599.61,642.08,784.29,13
16,player,232,0,0,565.71,597.27,650.26,781.95,13
16,player,233,0,0,573.90,594.94,658.44,779.61,13
16,player,234,0,0,582.08,592.60,666.62,777.27,13
16,player,235,0,0,590.26,590.26,674.80,774.94,13
16,player,236,0,0,598.44,587.92,682.99,772.60,13
16,player,237,0,0,606.62,585.59,691.17,770.26,13
16,player,238,0,0,614.81,583.25,699.35,767.92,13
16,player,239,0,0,622.99,580.91,707.53,765.59,13
16,player,240,0,0,631.17,578.57,715.71,763.25,13
16,player,241,0,0,639.35,576.24,723.90,760.91,13
16,player,242,0,0,647.53,573.90,732.08,758.57,13
16,player,243,0,0,647.53,564.55,732.08,749.22,13
16,player,244,0,0,647.53,555.20,732.08,739.87,13
16,player,245,0,0,643.15,554.76,727.69,739.43,13
16,player,246,0,0,638.77,554.32,723.31,738.99,13
16,player,247,0,0,634.38,553.88,718.93,738.56,13
16,player,248,0,0,630.00,553.44,714.54,738.12,13
16,player,249,0,0,625.62,553.00,710.16,737.68,13
16,player,250,0,0,621.23,552.57,705.78,737.24,13
16,player,251,0,0,616.85,552.13,701.40,736.80,13
16,player,252,0,0,612.47,551.69,697.01,736.36,13
16,player,253,0,0,608.08,551.25,692.63,735.93,13
16,player,254,0,0,603.70,550.81,688.25,735.49,13
16,player,255,0,0,599.32,550.37,683.86,735.05,13
16,player,256,0,0,594.93,549.94,679.48,734.61,13
16,player,257,0,0,590.55,549.50,675.10,734.17,13
16,player,258,0,0,586.17,549.06,670.71,733.73,13
16,player,259,0,0,581.79,548.62,666.33,733.30,13
16,player,260,0,0,577.40,548.18,661.95,732.86,13
16,player,261,0,0,573.02,547.74,657.56,732.42,13
16,player,262,0,0,568.64,547.31,653.18,731.98,13
16,player,263,0,0,564.25,546.87,648.80,731.54,13
16,player,264,0,0,559.87,546.43,644.41,731.10,13
16,player,265,0,0,555.49,545.99,640.03,730.67,13
16,player,266,0,0,551.10,545.55,635.65,730.23,13
16,player,267,0,0,546.72,545.11,631.27,729.79,13
16,player,268,0,0,542.34,544.68,626.88,729.35,13
16,player,269,0,0,537.95,544.24,622.50,728.91,13
16,player,270,0,0,533.57,543.80,618.12,728.47,13
16,player,271,0,0,529.19,543.36,613.73,728.04,13
16,player,272,0,0,524.80,542.92,609.35,727.60,13
16,player,273,0,0,520.42,542.48,604.97,727.16,13
16,player,274,0,0,516.04,542.05,600.58,726.72,13
16,player,275,0,0,511.66,541.61,596.20,726.28,13
16,player,276,0,0,507.27,541.17,591.82,725.84,13
16,player,277,0,0,496.99,540.23,581.53,724.91,13
16,player,278,0,0,486.70,539.30,571.25,723.97,13
16,player,279,0,0,476.42,538.37,560.96,723.04,13
16,player,280,0,0,466.13,537.43,550.67,722.10,13
16,player,281,0,0,455.84,536.50,540.39,721.17,13
16,player,282,0,0,453.97,536.50,538.52,721.17,13
16,player,283,0,0,452.10,536.50,536.65,721.17,13
16,player,284,0,0,450.23,536.50,534.78,721.17,13
16,player,285,0,0,448.36,536.50,532.91,721.17,13
16,player,286,0,0,446.49,536.50,531.04,721.17,13
16,player,287,0,0,446.49,534.99,531.04,719.67,13
16,player,288,0,0,446.49,533.49,531.04,718.16,13
16,player,289,0,0,446.49,531.99,531.04,716.66,13
16,player,290,0,0,446.49,530.48,531.04,715.16,13
16,player,291,0,0,446.49,528.98,531.04,713.66,13
16,player,292,0,0,446.49,527.48,531.04,712.15,13
16,player,293,0,0,446.49,525.98,531.04,710.65,13
16,player,294,0,0,446.49,524.47,531.04,709.15,13
16,player,295,0,0,446.49,522.97,531.04,707.64,13
16,player,296,0,0,446.49,521.47,531.04,706.14,13
16,player,297,0,0,446.49,519.96,531.04,704.64,13
16,player,298,0,0,446.49,518.46,531.04,703.14,13
16,player,299,0,0,446.49,516.96,531.04,701.63,13
16,player,300,0,0,446.49,515.46,531.04,700.13,13
16,player,301,0,0,442.24,515.88,526.79,700.56,13
16,player,302,0,0,437.99,516.31,522.54,700.98,13
16,player,303,0,0,433.74,516.73,518.29,701.41,13
16,player,304,0,0,429.49,517.16,514.04,701.83,13
16,player,305,0,0,425.24,517.58,509.79,702.26,13
16,player,306,0,0,420.99,518.01,505.54,702.68,13
16,player,307,0,0,416.74,518.43,501.29,703.11,13
16,player,308,0,0,412.49,518.86,497.04,703.53,13
16,player,309,0,0,408.24,519.28,492.79,703.96,13
16,player,310,0,0,403.99,519.71,488.54,704.38,13
16,player,311,0,0,399.74,520.13,484.29,704.81,13
16,player,312,0,0,393.10,520.21,477.65,704.88,13
16,player,313,0,0,386.47,520.28,471.01,704.96,13
16,player,314,0,0,379.83,520.36,464.38,705.03,13
16,player,315,0,0,373.20,520.43,457.74,705.11,13
16,player,316,0,0,366.56,520.51,451.11,705.18,13
16,player,317,0,0,359.92,520.58,444.47,705.26,13
16,player,318,0,0,353.29,520.66,437.83,705.33,13
16,player,319,0,0,346.65,520.73,431.20,705.41,13
16,player,320,0,0,340.02,520.81,424.56,705.48,13
16,player,321,0,0,333.38,520.89,417.93,705.56,13
16,player,322,0,0,326.74,520.96,411.29,705.64,13
16,player,323,0,0,320.11,521.04,404.65,705.71,13
16,player,324,0,0,313.47,521.11,398.02,705.79,13
16,player,325,0,0,306.84,521.19,391.38,705.86,13
16,player,326,0,0,300.20,521.26,384.75,705.94,13
16,player,327,0,0,293.56,521.34,378.11,706.01,13
16,player,328,0,0,286.93,521.41,371.47,706.09,13
16,player,329,0,0,280.29,521.49,364.84,706.16,13
16,player,330,0,0,273.66,521.56,358.20,706.24,13
16,player,331,0,0,267.02,521.64,351.57,706.31,13
16,player,332,0,0,260.39,521.71,344.93,706.39,13
16,player,333,0,0,253.75,521.79,338.29,706.46,13
16,player,334,0,0,247.11,521.87,331.66,706.54,13
16,player,335,0,0,240.48,521.94,325.02,706.62,13
16,player,336,0,0,233.84,522.02,318.39,706.69,13
16,player,337,0,0,227.21,522.09,311.75,706.77,13
16,player,338,0,0,220.57,522.17,305.11,706.84,13
16,player,339,0,0,213.93,522.24,298.48,706.92,13
16,player,340,0,0,207.30,522.32,291.84,706.99,13
16,player,341,0,0,200.66,522.39,285.21,707.07,13
16,player,342,0,0,194.03,522.47,278.57,707.14,13
16,player,343,0,0,189.35,522.38,273.90,707.06,13
16,player,344,0,0,184.67,522.30,269.22,706.97,13
16,player,345,0,0,180.00,522.21,264.54,706.88,13
16,player,346,0,0,175.32,522.12,259.87,706.80,13
16,player,347,0,0,170.65,522.04,255.19,706.71,13
16,player,348,0,0,165.97,521.95,250.52,706.62,13
16,player,349,0,0,161.30,521.86,245.84,706.54,13
16,player,350,0,0,156.62,521.78,241.17,706.45,13
16,player,351,0,0,151.95,521.69,236.49,706.36,13
16,player,352,0,0,147.27,521.60,231.82,706.28,13
16,player,353,0,0,142.60,521.52,227.14,706.19,13
16,player,354,0,0,137.92,521.43,222.47,706.10,13
16,player,355,0,0,133.25,521.34,217.79,706.02,13
16,player,356,0,0,128.57,521.26,213.12,705.93,13
16,player,357,0,0,123.90,521.17,208.44,705.85,13
16,player,358,0,0,119.22,521.08,203.77,705.76,13
16,player,359,0,0,114.55,521.00,199.09,705.67,13
16,player,360,0,0,109.87,520.91,194.41,705.59,13
16,player,361,0,0,105.19,520.82,189.74,705.50,13
16,player,362,0,0,100.52,520.74,185.06,705.41,13
16,player,363,0,0,95.84,520.65,180.39,705.33,13
16,player,364,0,0,91.17,520.56,175.71,705.24,13
16,player,365,0,0,86.49,520.48,171.04,705.15,13
16,player,366,0,0,81.82,520.39,166.36,705.07,13
16,player,367,0,0,77.14,520.30,161.69,704.98,13
16,player,368,0,0,72.47,520.22,157.01,704.89,13
16,player,369,0,0,67.79,520.13,152.34,704.81,13
16,player,370,0,0,67.79,520.13,152.34,704.81,13
16,player,371,0,0,67.79,520.13,152.34,704.81,13
16,player,372,0,0,67.79,520.13,152.34,704.81,13
16,player,373,0,0,67.79,520.13,152.34,704.81,13
16,player,374,0,0,67.79,520.13,152.34,704.81,13
16,player,375,0,0,67.79,520.13,152.34,704.81,13
16,player,376,0,0,67.79,520.13,152.34,704.81,13
16,player,377,0,0,67.79,520.13,152.34,704.81,13
16,player,378,0,0,67.79,520.13,152.34,704.81,13
16,player,379,0,0,67.79,520.13,152.34,704.81,13
16,player,380,0,0,67.79,520.13,152.34,704.81,13
16,player,381,0,0,67.79,520.13,152.34,704.81,13
16,player,382,0,0,67.79,520.13,152.34,704.81,13
16,player,383,0,0,67.79,520.13,152.34,704.81,13
16,player,384,0,0,67.79,520.13,152.34,704.81,13
16,player,385,0,0,67.79,520.13,152.34,704.81,13
16,player,386,0,0,67.79,520.13,152.34,704.81,13
16,player,387,0,0,67.79,520.13,152.34,704.81,13
16,player,388,0,0,67.79,520.13,152.34,704.81,13
16,player,389,0,0,67.79,520.13,152.34,704.81,13
16,player,390,0,0,67.79,520.13,152.34,704.81,13
16,player,391,0,0,67.79,520.13,152.34,704.81,13
16,player,392,0,0,67.79,520.13,152.34,704.81,13
16,player,393,0,0,67.79,520.13,152.34,704.81,13
16,player,394,0,0,67.79,520.13,152.34,704.81,13
16,player,395,0,0,67.79,520.13,152.34,704.81,13
16,player,396,0,0,67.79,520.13,152.34,704.81,13
16,player,397,0,0,67.79,520.13,152.34,704.81,13
16,player,398,0,0,67.79,520.13,152.34,704.81,13
16,player,399,0,0,67.79,520.13,152.34,704.81,13
16,player,400,0,0,67.79,520.13,152.34,704.81,13
16,player,401,0,0,67.79,520.13,152.34,704.81,13
16,player,402,0,0,67.79,520.13,152.34,704.81,13
16,player,403,0,0,67.79,520.13,152.34,704.81,13
16,player,404,0,0,67.79,520.13,152.34,704.81,13
16,player,405,0,0,67.79,520.13,152.34,704.81,13
16,player,406,0,0,67.79,520.13,152.34,704.81,13
16,player,407,0,0,67.79,520.13,152.34,704.81,13
16,player,408,0,0,67.79,520.13,152.34,704.81,13
16,player,409,0,0,67.79,520.13,152.34,704.81,13
16,player,410,0,0,67.79,520.13,152.34,704.81,13
16,player,411,1,0,67.79,520.13,152.34,704.81,13
17,player,162,0,0,654.94,534.16,748.44,718.83,9
17,player,163,0,0,665.07,534.68,758.57,719.35,9
17,player,164,0,0,675.20,535.20,768.70,719.87,9
17,player,165,0,0,685.33,535.72,778.83,720.39,9
17,player,166,0,0,695.46,536.23,788.96,720.91,9
17,player,167,0,0,705.58,536.75,799.09,721.43,9
17,player,168,0,0,715.71,537.27,809.22,721.95,9
17,player,169,0,0,725.84,537.79,819.35,722.47,9
17,player,170,0,0,735.97,538.31,829.48,722.99,9
17,player,171,0,0,746.10,538.83,839.61,723.51,9
17,player,172,0,0,748.89,539.01,842.40,723.69,9
17,player,173,0,0,751.68,539.19,845.18,723.87,9
17,player,174,0,0,754.47,539.37,847.97,724.05,9
17,player,175,0,0,757.25,539.55,850.76,724.23,9
17,player,176,0,0,760.04,539.73,853.55,724.41,9
17,player,177,0,0,762.83,539.91,856.33,724.59,9
17,player,178,0,0,765.62,540.09,859.12,724.77,9
17,player,179,0,0,768.40,540.27,861.91,724.95,9
17,player,180,0,0,771.19,540.45,864.70,725.13,9
17,player,181,0,0,773.98,540.63,867.48,725.30,9
17,player,182,0,0,776.76,540.81,870.27,725.48,9
17,player,183,0,0,779.55,540.99,873.06,725.66,9
17,player,184,0,0,782.34,541.17,875.84,725.84,9
17,player,185,0,0,785.13,541.35,878.63,726.02,9
17,player,186,0,0,787.91,541.53,881.42,726.20,9
17,player,187,0,0,790.70,541.71,884.21,726.38,9
17,player,188,0,0,793.49,541.89,886.99,726.56,9
17,player,189,0,0,796.27,542.07,889.78,726.74,9
17,player,190,0,0,799.06,542.25,892.57,726.92,9
17,player,191,0,0,801.85,542.43,895.35,727.10,9
17,player,192,0,0,804.64,542.61,898.14,727.28,9
17,player,193,0,0,807.42,542.79,900.93,727.46,9
17,player,194,0,0,810.21,542.97,903.72,727.64,9
17,player,195,0,0,813.00,543.15,906.50,727.82,9
17,player,196,0,0,815.79,543.33,909.29,728.00,9
17,player,197,0,0,818.57,543.51,912.08,728.18,9
17,player,198,0,0,831.09,543.58,924.60,728.26,9
17,player,199,0,0,843.61,543.66,937.11,728.33,9
17,player,200,0,0,856.13,543.73,949.63,728.41,9
17,player,201,0,0,868.64,543.81,962.15,728.48,9
17,player,202,0,0,881.16,543.88,974.67,728.56,9
17,player,203,0,0,893.68,543.96,987.19,728.63,9
17,player,204,0,0,906.20,544.03,999.70,728.71,9
17,player,205,0,0,918.71,544.11,1012.22,728.78,9
17,player,206,0,0,931.23,544.19,1024.74,728.86,9
17,player,207,0,0,943.75,544.26,1037.26,728.94,9
17,player,208,0,0,956.27,544.34,1049.77,729.01,9
17,player,209,0,0,968.79,544.41,1062.29,729.09,9
17,player,210,0,0,981.30,544.49,1074.81,729.16,9
17,player,211,0,0,993.82,544.56,1087.33,729.24,9
17,player,212,0,0,1006.34,544.64,1099.85,729.31,9
17,player,213,0,0,1018.86,544.71,1112.36,729.39,9
17,player,214,0,0,1031.38,544.79,1124.88,729.46,9
17,player,215,0,0,1043.89,544.86,1137.40,729.54,9
17,player,216,0,0,1056.41,544.94,1149.92,729.61,9
17,player,217,0,0,1068.93,545.02,1162.43,729.69,9
17,player,218,0,0,1081.45,545.09,1174.95,729.77,9
17,player,219,0,0,1093.96,545.17,1187.47,729.84,9
17,player,220,0,0,1106.48,545.24,1199.99,729.92,9
17,player,221,0,0,1119.00,545.32,1212.51,729.99,9
17,player,222,0,0,1131.52,545.39,1225.02,730.07,9
17,player,223,0,0,1144.04,545.47,1237.54,730.14,9
17,player,224,0,0,1156.55,545.54,1250.06,730.22,9
17,player,225,0,0,1169.07,545.62,1262.58,730.29,9
17,player,226,0,0,1181.59,545.69,1275.10,730.37,9
17,player,227,0,0,1194.11,545.77,1287.61,730.44,9
17,player,228,0,0,1206.62,545.84,1300.13,730.52,9
17,player,229,0,0,1212.80,546.68,1306.31,731.35,9
17,player,230,0,0,1218.98,547.51,1312.49,732.19,9
17,player,231,0,0,1225.16,548.35,1318.67,733.02,9
17,player,232,0,0,1231.34,549.18,1324.84,733.86,9
17,player,233,0,0,1237.52,550.02,1331.02,734.69,9
17,player,234,0,0,1243.69,550.85,1337.20,735.53,9
17,player,235,0,0,1249.87,551.69,1343.38,736.36,9
17,player,236,0,0,1256.05,552.52,1349.56,737.20,9
17,player,237,0,0,1262.23,553.36,1355.73,738.03,9
17,player,238,0,0,1268.41,554.19,1361.91,738.87,9
17,player,239,0,0,1274.58,555.03,1368.09,739.70,9
17,player,240,0,0,1280.76,555.86,1374.27,740.54,9
17,player,241,0,0,1286.94,556.70,1380.45,741.37,9
17,player,242,0,0,1293.12,557.53,1386.62,742.21,9
17,player,243,0,0,1293.12,549.35,1386.62,734.03,9
17,player,244,0,0,1293.12,541.17,1386.62,725.84,9
17,player,245,0,0,1289.10,539.78,1382.61,724.46,9
17,player,246,0,0,1285.08,538.39,1378.59,723.07,9
17,player,247,0,0,1281.06,537.00,1374.57,721.68,9
17,player,248,0,0,1277.05,535.62,1370.55,720.29,9
17,player,249,0,0,1273.03,534.23,1366.53,718.90,9
17,player,250,0,0,1269.01,532.84,1362.52,717.52,9
17,player,251,0,0,1264.99,531.45,1358.50,716.13,9
17,player,252,0,0,1260.98,530.06,1354.48,714.74,9
17,player,253,0,0,1256.96,528.68,1350.46,713.35,9
17,player,254,0,0,1252.94,527.29,1346.45,711.96,9
17,player,255,0,0,1248.92,525.90,1342.43,710.58,9
17,player,256,0,0,1244.90,524.51,1338.41,709.19,9
17,player,257,0,0,1240.89,523.12,1334.39,707.80,9
17,player,258,0,0,1236.87,521.74,1330.37,706.41,9
17,player,259,0,0,1232.85,520.35,1326.36,705.02,9
17,player,260,0,0,1228.83,518.96,1322.34,703.64,9
17,player,261,0,0,1224.81,517.57,1318.32,702.25,9
17,player,262,0,0,1220.80,516.18,1314.30,700.86,9
17,player,263,0,0,1216.78,514.80,1310.28,699.47,9
17,player,264,0,0,1212.76,513.41,1306.27,698.08,9
17,player,265,0,0,1208.74,512.02,1302.25,696.70,9
17,player,266,0,0,1204.73,510.63,1298.23,695.31,9
17,player,267,0,0,1200.71,509.24,1294.21,693.92,9
17,player,268,0,0,1196.69,507.86,1290.20,692.53,9
17,player,269,0,0,1192.67,506.47,1286.18,691.14,9
17,player,270,0,0,1188.65,505.08,1282.16,689.76,9
17,player,271,0,0,1184.64,503.69,1278.14,688.37,9
17,player,272,0,0,1180.62,502.30,1274.12,686.98,9
17,player,273,0,0,1176.60,500.92,1270.11,685.59,9
17,player,274,0,0,1172.58,499.53,1266.09,684.20,9
17,player,275,0,0,1168.56,498.14,1262.07,682.82,9
17,player,276,0,0,1164.55,496.75,1258.05,681.43,9
17,player,277,0,0,1162.21,492.55,1255.72,677.22,9
17,player,278,0,0,1159.87,488.34,1253.38,673.01,9
17,player,279,0,0,1157.53,484.13,1251.04,668.80,9
17,player,280,0,0,1155.20,479.92,1248.70,664.60,9
17,player,281,0,0,1152.86,475.71,1246.36,660.39,9
17,player,282,0,0,1150.52,474.78,1244.03,659.45,9
17,player,283,0,0,1148.18,473.84,1241.69,658.52,9
17,player,284,0,0,1145.85,472.91,1239.35,657.58,9
17,player,285,0,0,1143.51,471.97,1237.01,656.65,9
17,player,286,0,0,1141.17,471.04,1234.68,655.71,9
17,player,287,0,0,1142.17,467.37,1235.68,652.04,9
17,player,288,0,0,1143.17,463.69,1236.68,648.37,9
17,player,289,0,0,1144.18,460.02,1237.68,644.69,9
17,player,290,0,0,1145.18,456.35,1238.68,641.02,9
17,player,291,0,0,1146.18,452.67,1239.68,637.35,9
17,player,292,0,0,1147.18,449.00,1240.69,633.67,9
17,player,293,0,0,1148.18,445.32,1241.69,630.00,9
17,player,294,0,0,1149.18,441.65,1242.69,626.33,9
17,player,295,0,0,1150.19,437.98,1243.69,622.65,9
17,player,296,0,0,1151.19,434.30,1244.69,618.98,9
17,player,297,0,0,1152.19,430.63,1245.70,615.31,9
17,player,298,0,0,1153.19,426.96,1246.70,611.63,9
17,player,299,0,0,1154.19,423.28,1247.70,607.96,9
17,player,300,0,0,1155.20,419.61,1248.70,604.29,9
17,player,301,0,0,1152.22,420.04,1245.73,604.71,9
17,player,302,0,0,1149.24,420.46,1242.75,605.14,9
17,player,303,0,0,1146.27,420.89,1239.78,605.56,9
17,player,304,0,0,1143.29,421.31,1236.80,605.99,9
17,player,305,0,0,1140.32,421.74,1233.83,606.41,9
17,player,306,0,0,1137.34,422.16,1230.85,606.84,9
17,player,307,0,0,1134.37,422.59,1227.87,607.26,9
17,player,308,0,0,1131.39,423.01,1224.90,607.69,9
17,player,309,0,0,1128.42,423.44,1221.92,608.11,9
17,player,310,0,0,1125.44,423.86,1218.95,608.54,9
17,player,311,0,0,1122.47,424.29,1215.97,608.96,9
17,player,312,0,0,1115.83,423.46,1209.34,608.13,9
17,player,313,0,0,1109.20,422.63,1202.70,607.30,9
17,player,314,0,0,1102.56,421.80,1196.07,606.47,9
17,player,315,0,0,1095.92,420.97,1189.43,605.64,9
17,player,316,0,0,1089.29,420.14,1182.79,604.81,9
17,player,317,0,0,1082.65,419.31,1176.16,603.98,9
17,player,318,0,0,1076.02,418.48,1169.52,603.15,9
17,player,319,0,0,1069.38,417.65,1162.89,602.32,9
17,player,320,0,0,1062.74,416.82,1156.25,601.50,9
17,player,321,0,0,1056.11,415.99,1149.61,600.67,9
17,player,322,0,0,1049.47,415.16,1142.98,599.84,9
17,player,323,0,0,1042.84,414.33,1136.34,599.01,9
17,player,324,0,0,1036.20,413.50,1129.71,598.18,9
17,player,325,0,0,1029.56,412.67,1123.07,597.35,9
17,player,326,0,0,1022.93,411.84,1116.43,596.52,9
17,player,327,0,0,1016.29,411.01,1109.80,595.69,9
17,player,328,0,0,1009.66,410.18,1103.16,594.86,9
17,player,329,0,0,1003.02,409.35,1096.53,594.03,9
17,player,330,0,0,996.39,408.53,1089.89,593.20,9
17,player,331,0,0,989.75,407.70,1083.26,592.37,9
17,player,332,0,0,983.11,406.87,1076.62,591.54,9
17,player,333,0,0,976.48,406.04,1069.98,590.71,9
17,player,334,0,0,969.84,405.21,1063.35,589.88,9
17,player,335,0,0,963.21,404.38,1056.71,589.05,9
17,player,336,0,0,956.57,403.55,1050.08,588.22,9
17,player,337,0,0,949.93,402.72,1043.44,587.39,9
17,player,338,0,0,943.30,401.89,1036.80,586.56,9
17,player,339,0,0,936.66,401.06,1030.17,585.73,9
17,player,340,0,0,930.03,400.23,1023.53,584.91,9
17,player,341,0,0,923.39,399.40,1016.90,584.08,9
17,player,342,0,0,916.75,398.57,1010.26,583.25,9
17,player,343,0,0,911.21,397.71,1004.72,582.38,9
17,player,344,0,0,905.67,396.84,999.18,581.51,9
17,player,345,0,0,900.13,395.97,993.64,580.65,9
17,player,346,0,0,894.59,395.11,988.10,579.78,9
17,player,347,0,0,889.05,394.24,982.55,578.92,9
17,player,348,0,0,883.51,393.38,977.01,578.05,9
17,player,349,0,0,877.97,392.51,971.47,577.19,9
17,player,350,0,0,872.42,391.65,965.93,576.32,9
17,player,351,0,0,866.88,390.78,960.39,575.45,9
17,player,352,0,0,861.34,389.91,954.85,574.59,9
17,player,353,0,0,855.80,389.05,949.31,573.72,9
17,player,354,0,0,850.26,388.18,943.77,572.86,9
17,player,355,0,0,844.72,387.32,938.23,571.99,9
17,player,356,0,0,839.18,386.45,932.68,571.13,9
17,player,357,0,0,833.64,385.58,927.14,570.26,9
17,player,358,0,0,828.10,384.72,921.60,569.39,9
17,player,359,0,0,822.55,383.85,916.06,568.53,9
17,player,360,0,0,817.01,382.99,910.52,567.66,9
17,player,361,0,0,811.47,382.12,904.98,566.80,9
17,player,362,0,0,805.93,381.26,899.44,565.93,9
17,player,363,0,0,800.39,380.39,893.90,565.06,9
17,player,364,0,0,794.85,379.52,888.36,564.20,9
17,player,365,0,0,789.31,378.66,882.81,563.33,9
17,player,366,0,0,783.77,377.79,877.27,562.47,9
17,player,367,0,0,778.23,376.93,871.73,561.60,9
17,player,368,0,0,772.68,376.06,866.19,560.74,9
17,player,369,0,0,767.14,375.20,860.65,559.87,9
17,player,370,0,0,760.24,373.80,853.19,557.51,9
17,player,371,0,0,753.34,372.41,845.73,555.15,9
17,player,372,0,0,746.44,371.02,838.27,552.79,9
17,player,373,0,0,739.54,369.63,830.81,550.43,9
17,player,374,0,0,732.64,368.24,823.35,548.08,9
17,player,375,0,0,725.73,366.85,815.89,545.72,9
17,player,376,0,0,718.83,365.46,808.42,543.36,9
17,player,377,0,0,711.93,364.06,800.96,541.00,9
17,player,378,0,0,705.03,362.67,793.50,538.64,9
17,player,379,0,0,698.13,361.28,786.04,536.28,9
17,player,380,0,0,691.23,359.89,778.58,533.92,9
17,player,381,0,0,684.32,358.50,771.12,531.56,9
17,player,382,0,0,677.42,357.11,763.66,529.21,9
17,player,383,0,0,670.52,355.71,756.20,526.85,9
17,player,384,0,0,663.62,354.32,748.74,524.49,9
17,player,385,0,0,656.72,352.93,741.28,522.13,9
17,player,386,0,0,649.82,351.54,733.82,519.77,9
17,player,387,0,0,642.91,350.15,726.36,517.41,9
17,player,388,0,0,636.01,348.76,718.90,515.05,9
17,player,389,0,0,629.11,347.37,711.44,512.69,9
17,player,390,0,0,622.21,345.97,703.97,510.34,9
17,player,391,0,0,615.31,344.58,696.51,507.98,9
17,player,392,0,0,608.41,343.19,689.05,505.62,9
17,player,393,0,0,601.50,341.80,681.59,503.26,9
17,player,394,0,0,594.60,340.41,674.13,500.90,9
17,player,395,0,0,587.70,339.02,666.67,498.54,9
17,player,396,0,0,580.80,337.63,659.21,496.18,9
17,player,397,0,0,573.90,336.23,651.75,493.82,9
17,player,398,0,0,567.00,334.84,644.29,491.46,9
17,player,399,0,0,560.09,333.45,636.83,489.11,9
17,player,400,0,0,553.19,332.06,629.37,486.75,9
17,player,401,0,0,546.29,330.67,621.91,484.39,9
17,player,402,0,0,539.39,329.28,614.45,482.03,9
17,player,403,0,0,532.49,327.89,606.99,479.67,9
17,player,404,0,0,525.59,326.49,599.52,477.31,9
17,player,405,0,0,518.68,325.10,592.06,474.95,9
17,player,406,0,0,511.78,323.71,584.60,472.59,9
17,player,407,0,0,504.88,322.32,577.14,470.24,9
17,player,408,0,0,497.98,320.93,569.68,467.88,9
17,player,409,0,0,491.08,319.54,562.22,465.52,9
17,player,410,0,0,484.18,318.15,554.76,463.16,9
17,player,411,0,0,477.27,316.75,547.30,460.80,9
17,player,412,0,0,468.01,316.04,538.03,460.09,9
17,player,413,0,0,458.74,315.33,528.77,459.37,9
17,player,414,0,0,449.48,314.62,519.50,458.66,9
17,player,415,0,0,440.21,313.90,510.24,457.95,9
17,player,416,0,0,430.95,313.19,500.97,457.24,9
17,player,417,0,0,421.68,312.48,491.71,456.52,9
17,player,418,0,0,412.42,311.76,482.44,455.81,9
17,player,419,0,0,403.15,311.05,473.18,455.10,9
17,player,420,0,0,393.89,310.34,463.91,454.38,9
17,player,421,0,0,386.58,309.98,456.61,454.03,9
17,player,422,0,0,379.28,309.63,449.30,453.67,9
17,player,423,0,0,371.97,309.27,442.00,453.32,9
17,player,424,0,0,364.67,308.91,434.69,452.96,9
17,player,425,0,0,357.36,308.56,427.39,452.60,9
17,player,426,0,0,350.06,308.20,420.08,452.25,9
17,player,427,0,0,342.75,307.84,412.78,451.89,9
17,player,428,0,0,335.45,307.49,405.47,451.53,9
17,player,429,0,0,328.14,307.13,398.17,451.18,9
17,player,430,0,0,320.84,306.78,390.86,450.82,9
17,player,431,0,0,313.53,306.42,383.56,450.46,9
17,player,432,0,0,306.23,306.06,376.25,450.11,9
17,player,433,0,0,301.10,306.06,371.12,450.11,9
17,player,434,0,0,295.96,306.06,365.99,450.11,9
17,player,435,0,0,290.83,306.06,360.86,450.11,9
17,player,436,0,0,285.70,306.06,355.73,450.11,9
17,player,437,0,0,280.57,306.06,350.60,450.11,9
17,player,438,0,0,280.57,306.06,350.60,450.11,9
17,player,439,0,0,280.57,306.06,350.60,450.11,9
17,player,440,0,0,280.57,306.06,350.60,450.11,9
17,player,441,0,0,280.57,306.06,350.60,450.11,9
17,player,442,0,0,280.57,306.06,350.60,450.11,9
17,player,443,0,0,280.57,306.06,350.60,450.11,9
17,player,444,0,0,280.57,306.06,350.60,450.11,9
17,player,445,0,0,280.57,306.06,350.60,450.11,9
17,player,446,0,0,280.57,306.06,350.60,450.11,9
17,player,447,0,0,280.57,306.06,350.60,450.11,9
17,player,448,0,0,280.57,306.06,350.60,450.11,9
17,player,449,0,0,280.57,306.06,350.60,450.11,9
17,player,450,0,0,280.57,306.06,350.60,450.11,9
17,player,451,0,0,280.57,306.06,350.60,450.11,9
17,player,452,0,0,280.57,306.06,350.60,450.11,9
17,player,453,0,0,280.57,306.06,350.60,450.11,9
17,player,454,0,0,280.57,306.06,350.60,450.11,9
17,player,455,0,0,280.57,306.06,350.60,450.11,9
17,player,456,0,0,280.57,306.06,350.60,450.11,9
17,player,457,0,0,280.57,306.06,350.60,450.11,9
17,player,458,0,0,280.57,306.06,350.60,450.11,9
17,player,459,0,0,280.57,306.06,350.60,450.11,9
17,player,460,0,0,280.57,306.06,350.60,450.11,9
17,player,461,0,0,280.57,306.06,350.60,450.11,9
17,player,462,0,0,280.57,306.06,350.60,450.11,9
17,player,463,0,0,280.57,306.06,350.60,450.11,9
17,player,464,0,0,280.57,306.06,350.60,450.11,9
17,player,465,0,0,280.57,306.06,350.60,450.11,9
17,player,466,0,0,280.57,306.06,350.60,450.11,9
17,player,467,0,0,280.57,306.06,350.60,450.11,9
17,player,468,0,0,280.57,306.06,350.60,450.11,9
17,player,469,0,0,280.57,306.06,350.60,450.11,9
17,player,470,0,0,280.57,306.06,350.60,450.11,9
17,player,471,0,0,280.57,306.06,350.60,450.11,9
17,player,472,0,0,280.57,306.06,350.60,450.11,9
17,player,473,0,0,280.57,306.06,350.60,450.11,9
17,player,474,0,0,280.57,306.06,350.60,450.11,9
17,player,475,0,0,280.57,306.06,350.60,450.11,9
17,player,476,0,0,280.57,306.06,350.60,450.11,9
17,player,477,0,0,280.57,306.06,350.60,450.11,9
17,player,478,0,0,280.57,306.06,350.60,450.11,9
17,player,479,0,0,280.57,306.06,350.60,450.11,9
17,player,480,0,0,280.57,306.06,350.60,450.11,9
17,player,481,0,0,280.57,306.06,350.60,450.11,9
17,player,482,0,0,280.57,306.06,350.60,450.11,9
17,player,483,0,0,280.57,306.06,350.60,450.11,9
17,player,484,0,0,280.57,306.06,350.60,450.11,9
17,player,485,0,0,280.57,306.06,350.60,450.11,9
17,player,486,0,0,280.57,306.06,350.60,450.11,9
17,player,487,0,0,280.57,306.06,350.60,450.11,9
17,player,488,1,0,280.57,306.06,350.60,450.11,9
18,player,228,0,0,1629.74,423.51,1723.25,608.18,22
18,player,229,0,0,1642.60,426.85,1736.10,611.52,22
18,player,230,0,0,1655.45,430.19,1748.96,614.86,22
18,player,231,0,0,1668.31,433.53,1761.82,618.20,22
18,player,232,0,0,1681.17,436.86,1774.67,621.54,22
18,player,233,0,0,1694.03,440.20,1787.53,624.88,22
18,player,234,0,0,1706.88,443.54,1800.39,628.22,22
18,player,235,0,0,1719.74,446.88,1813.25,631.56,22
18,player,236,0,0,1732.60,450.22,1826.10,634.90,22
18,player,237,0,0,1745.45,453.56,1838.96,638.24,22
18,player,238,0,0,1758.31,456.90,1851.82,641.58,22
18,player,239,0,0,1771.17,460.24,1864.67,644.92,22
18,player,240,0,0,1784.03,463.58,1877.53,648.26,22
18,player,241,0,0,1796.88,466.92,1890.39,651.60,22
18,player,242,0,0,1809.74,470.26,1903.25,654.94,22
18,player,243,0,0,1807.13,471.50,1900.63,656.17,22
18,player,244,0,0,1804.51,472.74,1898.02,657.41,22
18,player,245,0,0,1801.90,473.97,1895.41,658.65,22
18,player,246,0,0,1799.29,475.21,1892.80,659.89,22
18,player,247,0,0,1796.68,476.45,1890.18,661.12,22
18,player,248,0,0,1794.06,477.69,1887.57,662.36,22
18,player,249,0,0,1791.45,478.92,1884.96,663.60,22
18,player,250,0,0,1788.84,480.16,1882.34,664.84,22
18,player,251,0,0,1786.23,481.40,1879.73,666.07,22
18,player,252,0,0,1783.61,482.64,1877.12,667.31,22
18,player,253,0,0,1781.00,483.87,1874.51,668.55,22
18,player,254,0,0,1778.39,485.11,1871.89,669.79,22
18,player,255,0,0,1775.78,486.35,1869.28,671.02,22
18,player,256,0,0,1773.16,487.59,1866.67,672.26,22
18,player,257,0,0,1770.55,488.82,1864.06,673.50,22
18,player,258,0,0,1767.94,490.06,1861.44,674.74,22
18,player,259,0,0,1765.32,491.30,1858.83,675.97,22
18,player,260,0,0,1762.71,492.54,1856.22,677.21,22
18,player,261,0,0,1760.10,493.77,1853.61,678.45,22
18,player,262,0,0,1757.49,495.01,1850.99,679.69,22
18,player,263,0,0,1754.87,496.25,1848.38,680.92,22
18,player,264,0,0,1752.26,497.49,1845.77,682.16,22
18,player,265,0,0,1749.65,498.72,1843.15,683.40,22
18,player,266,0,0,1747.04,499.96,1840.54,684.64,22
18,player,267,0,0,1744.42,501.20,1837.93,685.87,22
18,player,268,0,0,1741.81,502.44,1835.32,687.11,22
18,player,269,0,0,1739.20,503.67,1832.70,688.35,22
18,player,270,0,0,1736.59,504.91,1830.09,689.59,22
18,player,271,0,0,1733.97,506.15,1827.48,690.82,22
18,player,272,0,0,1731.36,507.39,1824.87,692.06,22
18,player,273,0,0,1728.75,508.63,1822.25,693.30,22
18,player,274,0,0,1726.13,509.86,1819.64,694.54,22
18,player,275,0,0,1723.52,511.10,1817.03,695.78,22
18,player,276,0,0,1720.91,512.34,1814.42,697.01,22
18,player,277,0,0,1719.51,508.60,1813.01,693.27,22
18,player,278,0,0,1718.10,504.86,1811.61,689.53,22
18,player,279,0,0,1716.70,501.12,1810.21,685.79,22
18,player,280,0,0,1715.30,497.38,1808.80,682.05,22
18,player,281,0,0,1713.90,493.64,1807.40,678.31,22
18,player,282,0,0,1715.77,499.71,1809.27,684.39,22
18,player,283,0,0,1717.64,505.79,1811.14,690.47,22
18,player,284,0,0,1719.51,511.87,1813.01,696.55,22
18,player,285,0,0,1721.38,517.95,1814.88,702.62,22
18,player,286,0,0,1723.25,524.03,1816.75,708.70,22
18,player,287,0,0,1726.59,523.69,1820.09,708.37,22
18,player,288,0,0,1729.93,523.36,1823.43,708.03,22
18,player,289,0,0,1733.26,523.02,1826.77,707.70,22
18,player,290,0,0,1736.60,522.69,1830.11,707.37,22
18,player,291,0,0,1739.94,522.36,1833.45,707.03,22
18,player,292,0,0,1743.28,522.02,1836.79,706.70,22
18,player,293,0,0,1746.62,521.69,1840.13,706.36,22
18,player,294,0,0,1749.96,521.36,1843.47,706.03,22
18,player,295,0,0,1753.30,521.02,1846.81,705.70,22
18,player,296,0,0,1756.64,520.69,1850.15,705.36,22
18,player,297,0,0,1759.98,520.35,1853.49,705.03,22
18,player,298,0,0,1763.32,520.02,1856.83,704.69,22
18,player,299,0,0,1766.66,519.69,1860.17,704.36,22
18,player,300,0,0,1770.00,519.35,1863.50,704.03,22
18,player,301,0,0,1771.27,523.39,1864.78,708.06,22
18,player,302,0,0,1772.55,527.43,1866.05,712.10,22
18,player,303,0,0,1773.82,531.47,1867.33,716.14,22
18,player,304,0,0,1775.10,535.50,1868.61,720.18,22
18,player,305,0,0,1776.37,539.54,1869.88,724.22,22
18,player,306,0,0,1777.65,543.58,1871.16,728.25,22
18,player,307,0,0,1778.92,547.62,1872.43,732.29,22
18,player,308,0,0,1780.20,551.65,1873.71,736.33,22
18,player,309,0,0,1781.47,555.69,1874.98,740.37,22
18,player,310,0,0,1782.75,559.73,1876.26,744.40,22
18,player,311,0,0,1784.02,563.77,1877.53,748.44,22
18,player,312,0,0,1784.93,566.11,1878.44,750.78,22
18,player,313,0,0,1785.83,568.44,1879.34,753.12,22
18,player,314,0,0,1786.74,570.78,1880.24,755.46,22
18,player,315,0,0,1787.64,573.12,1881.15,757.79,22
18,player,316,0,0,1788.55,575.46,1882.05,760.13,22
18,player,317,0,0,1789.45,577.79,1882.96,762.47,22
18,player,318,0,0,1790.36,580.13,1883.86,764.81,22
18,player,319,0,0,1791.26,582.47,1884.77,767.14,22
18,player,320,0,0,1792.17,584.81,1885.67,769.48,22
18,player,321,0,0,1793.07,587.14,1886.58,771.82,22
18,player,322,0,0,1793.98,589.48,1887.48,774.16,22
18,player,323,0,0,1794.88,591.82,1888.39,776.49,22
18,player,324,0,0,1795.79,594.16,1889.29,778.83,22
18,player,325,0,0,1796.69,596.49,1890.20,781.17,22
18,player,326,0,0,1797.60,598.83,1891.10,783.51,22
18,player,327,0,0,1798.50,601.17,1892.01,785.85,22
18,player,328,0,0,1799.41,603.51,1892.91,788.18,22
18,player,329,0,0,1800.31,605.85,1893.82,790.52,22
18,player,330,0,0,1801.22,608.18,1894.72,792.86,22
18,player,331,0,0,1802.12,610.52,1895.63,795.20,22
18,player,332,0,0,1803.03,612.86,1896.53,797.53,22
18,player,333,0,0,1803.93,615.20,1897.44,799.87,22
18,player,334,0,0,1804.84,617.53,1898.34,802.21,22
18,player,335,0,0,1805.74,619.87,1899.25,804.55,22
18,player,336,0,0,1806.65,622.21,1900.15,806.88,22
18,player,337,0,0,1807.55,624.55,1901.06,809.22,22
18,player,338,0,0,1808.46,626.88,1901.96,811.56,22
18,player,339,0,0,1809.36,629.22,1902.87,813.90,22
18,player,340,0,0,1810.27,631.56,1903.77,816.23,22
18,player,341,0,0,1811.17,633.90,1904.68,818.57,22
18,player,342,0,0,1812.08,636.24,1905.58,820.91,22
18,player,343,0,0,1812.34,639.09,1905.84,823.77,22
18,player,344,0,0,1812.60,641.95,1906.10,826.62,22
18,player,345,0,0,1812.86,644.81,1906.36,829.48,22
18,player,346,0,0,1813.12,647.66,1906.62,832.34,22
18,player,347,0,0,1813.37,650.52,1906.88,835.20,22
18,player,348,0,0,1813.63,653.38,1907.14,838.05,22
18,player,349,0,0,1813.89,656.24,1907.40,840.91,22
18,player,350,0,0,1814.15,659.09,1907.66,843.77,22
18,player,351,0,0,1814.41,661.95,1907.92,846.62,22
18,player,352,0,0,1814.67,664.81,1908.18,849.48,22
18,player,353,0,0,1814.93,667.66,1908.44,852.34,22
18,player,354,0,0,1815.19,670.52,1908.70,855.20,22
18,player,355,0,0,1815.45,673.38,1908.96,858.05,22
18,player,356,0,0,1815.71,676.24,1909.22,860.91,22
18,player,357,0,0,1815.97,679.09,1909.48,863.77,22
18,player,358,0,0,1816.23,681.95,1909.74,866.62,22
18,player,359,0,0,1816.49,684.81,1910.00,869.48,22
18,player,360,0,0,1816.75,687.66,1910.26,872.34,22
18,player,361,0,0,1817.01,690.52,1910.52,875.20,22
18,player,362,0,0,1817.27,693.38,1910.78,878.05,22
18,player,363,0,0,1817.53,696.24,1911.04,880.91,22
18,player,364,0,0,1817.79,699.09,1911.30,883.77,22
18,player,365,0,0,1818.05,701.95,1911.56,886.62,22
18,player,366,0,0,1818.31,704.81,1911.82,889.48,22
18,player,367,0,0,1818.57,707.66,1912.08,892.34,22
18,player,368,0,0,1818.83,710.52,1912.33,895.20,22
18,player,369,0,0,1819.09,713.38,1912.59,898.05,22
18,player,370,0,0,1809.74,713.94,1903.25,898.61,22
18,player,371,0,0,1800.39,714.49,1893.90,899.17,22
18,player,372,0,0,1791.04,715.05,1884.55,899.72,22
18,player,373,0,0,1781.69,715.61,1875.20,900.28,22
18,player,374,0,0,1772.34,716.16,1865.85,900.84,22
18,player,375,0,0,1762.99,716.72,1856.50,901.40,22
18,player,376,0,0,1753.64,717.28,1847.15,901.95,22
18,player,377,0,0,1744.29,717.84,1837.80,902.51,22
18,player,378,0,0,1734.94,718.39,1828.45,903.07,22
18,player,379,0,0,1725.59,718.95,1819.10,903.63,22
18,player,380,0,0,1716.24,719.51,1809.75,904.18,22
18,player,381,0,0,1706.89,720.07,1800.40,904.74,22
18,player,382,0,0,1697.55,720.62,1791.05,905.30,22
18,player,383,0,0,1688.20,721.18,1781.70,905.85,22
18,player,384,0,0,1678.85,721.74,1772.35,906.41,22
18,player,385,0,0,1669.50,722.29,1763.00,906.97,22
18,player,386,0,0,1660.15,722.85,1753.65,907.53,22
18,player,387,0,0,1650.80,723.41,1744.30,908.08,22
18,player,388,0,0,1641.45,723.97,1734.95,908.64,22
18,player,389,0,0,1632.10,724.52,1725.60,909.20,22
18,player,390,0,0,1622.75,725.08,1716.26,909.76,22
18,player,391,0,0,1613.40,725.64,1706.91,910.31,22
18,player,392,0,0,1604.05,726.20,1697.56,910.87,22
18,player,393,0,0,1594.70,726.75,1688.21,911.43,22
18,player,394,0,0,1585.35,727.31,1678.86,911.98,22
18,player,395,0,0,1576.00,727.87,1669.51,912.54,22
18,player,396,0,0,1566.65,728.42,1660.16,913.10,22
18,player,397,0,0,1557.30,728.98,1650.81,913.66,22
18,player,398,0,0,1547.95,729.54,1641.46,914.21,22
18,player,399,0,0,1538.60,730.10,1632.11,914.77,22
18,player,400,0,0,1529.25,730.65,1622.76,915.33,22
18,player,401,0,0,1519.91,731.21,1613.41,915.89,22
18,player,402,0,0,1510.56,731.77,1604.06,916.44,22
18,player,403,0,0,1501.21,732.33,1594.71,917.00,22
18,player,404,0,0,1491.86,732.88,1585.36,917.56,22
18,player,405,0,0,1482.51,733.44,1576.01,918.11,22
18,player,406,0,0,1473.16,734.00,1566.66,918.67,22
18,player,407,0,0,1463.81,734.55,1557.31,919.23,22
18,player,408,0,0,1454.46,735.11,1547.96,919.79,22
18,player,409,0,0,1445.11,735.67,1538.62,920.34,22
18,player,410,0,0,1435.76,736.23,1529.27,920.90,22
18,player,411,0,0,1426.41,736.78,1519.92,921.46,22
18,player,412,0,0,1415.01,736.31,1508.51,920.98,22
18,player,413,0,0,1403.60,735.83,1497.11,920.51,22
18,player,414,0,0,1392.20,735.36,1485.71,920.03,22
18,player,415,0,0,1380.80,734.88,1474.30,919.56,22
18,player,416,0,0,1369.39,734.41,1462.90,919.08,22
18,player,417,0,0,1357.99,733.93,1451.50,918.61,22
18,player,418,0,0,1346.59,733.46,1440.09,918.13,22
18,player,419,0,0,1335.19,732.98,1428.69,917.66,22
18,player,420,0,0,1323.78,732.51,1417.29,917.18,22
18,player,421,0,0,1312.38,731.44,1405.89,916.11,22
18,player,422,0,0,1300.98,730.37,1394.48,915.04,22
18,player,423,0,0,1289.57,729.30,1383.08,913.97,22
18,player,424,0,0,1278.17,728.23,1371.68,912.91,22
18,player,425,0,0,1266.77,727.16,1360.27,911.84,22
18,player,426,0,0,1255.36,726.09,1348.87,910.77,22
18,player,427,0,0,1243.96,725.02,1337.47,909.70,22
18,player,428,0,0,1232.56,723.95,1326.06,908.63,22
18,player,429,0,0,1221.15,722.89,1314.66,907.56,22
18,player,430,0,0,1209.75,721.82,1303.26,906.49,22
18,player,431,0,0,1198.35,720.75,1291.85,905.42,22
18,player,432,0,0,1186.95,719.68,1280.45,904.35,22
18,player,433,0,0,1174.12,721.38,1267.20,903.07,22
18,player,434,0,0,1161.29,723.09,1253.95,901.79,22
18,player,435,0,0,1148.46,724.79,1240.70,900.51,22
18,player,436,0,0,1135.63,726.50,1227.45,899.22,22
18,player,437,0,0,1122.80,728.20,1214.20,897.94,22
18,player,438,0,0,1105.70,728.28,1197.10,898.02,22
18,player,439,0,0,1088.59,728.37,1179.99,898.11,22
18,player,440,0,0,1071.49,728.45,1162.89,898.19,22
18,player,441,0,0,1054.38,728.54,1145.78,898.27,22
18,player,442,0,0,1037.28,728.62,1128.68,898.36,22
18,player,443,0,0,1020.17,728.70,1111.57,898.44,22
18,player,444,0,0,1003.07,728.79,1094.47,898.53,22
18,player,445,0,0,985.97,728.87,1077.36,898.61,22
18,player,446,0,0,968.86,728.95,1060.26,898.69,22
18,player,447,0,0,951.76,729.04,1043.15,898.78,22
18,player,448,0,0,934.65,729.12,1026.05,898.86,22
18,player,449,0,0,917.55,729.21,1008.94,898.95,22
18,player,450,0,0,900.44,729.29,991.84,899.03,22
18,player,451,0,0,883.34,729.37,974.73,899.11,22
18,player,452,0,0,866.23,729.46,957.63,899.20,22
18,player,453,0,0,849.13,729.54,940.53,899.28,22
18,player,454,0,0,832.02,729.63,923.42,899.36,22
18,player,455,0,0,814.92,729.71,906.32,899.45,22
18,player,456,0,0,797.81,729.79,889.21,899.53,22
18,player,457,0,0,780.71,729.88,872.11,899.62,22
18,player,458,0,0,763.60,729.96,855.00,899.70,22
18,player,459,0,0,746.50,730.04,837.90,899.78,22
18,player,460,0,0,729.40,730.13,820.79,899.87,22
18,player,461,0,0,712.29,730.21,803.69,899.95,22
18,player,462,0,0,695.19,730.30,786.58,900.04,22
18,player,463,0,0,678.08,730.38,769.48,900.12,22
18,player,464,0,0,660.98,730.46,752.37,900.20,22
18,player,465,0,0,643.87,730.55,735.27,900.29,22
18,player,466,0,0,626.77,730.63,718.16,900.37,22
18,player,467,0,0,609.66,730.72,701.06,900.46,22
18,player,468,0,0,592.56,730.80,683.95,900.54,22
18,player,469,0,0,575.45,730.88,666.85,900.62,22
18,player,470,0,0,558.35,730.97,649.75,900.71,22
18,player,471,0,0,541.24,731.05,632.64,900.79,22
18,player,472,0,0,524.14,731.13,615.54,900.87,22
18,player,473,0,0,507.03,731.22,598.43,900.96,22
18,player,474,0,0,489.93,731.30,581.33,901.04,22
18,player,475,0,0,472.82,731.39,564.22,901.13,22
18,player,476,0,0,455.72,731.47,547.12,901.21,22
18,player,477,0,0,438.62,731.55,530.01,901.29,22
18,player,478,0,0,421.51,731.64,512.91,901.38,22
18,player,479,0,0,404.41,731.72,495.80,901.46,22
18,player,480,0,0,387.30,731.81,478.70,901.55,22
18,player,481,0,0,370.20,731.89,461.59,901.63,22
18,player,482,0,0,353.09,731.97,444.49,901.71,22
18,player,483,0,0,335.99,732.06,427.38,901.80,22
18,player,484,0,0,318.88,732.14,410.28,901.88,22
18,player,485,0,0,301.78,732.23,393.18,901.96,22
18,player,486,0,0,284.67,732.31,376.07,902.05,22
18,player,487,0,0,267.57,732.39,358.97,902.13,22
18,player,488,0,0,250.46,732.48,341.86,902.22,22
18,player,489,0,0,230.86,732.12,322.26,901.86,22
18,player,490,0,0,211.27,731.76,302.66,901.50,22
18,player,491,0,0,191.67,731.41,283.06,901.15,22
18,player,492,0,0,172.07,731.05,263.46,900.79,22
18,player,493,0,0,152.47,730.69,243.87,900.43,22
18,player,494,0,0,132.87,730.34,224.27,900.08,22
18,player,495,0,0,113.27,729.98,204.67,899.72,22
18,player,496,0,0,93.67,729.63,185.07,899.37,22
18,player,497,0,0,74.07,729.27,165.47,899.01,22
18,player,498,0,0,54.47,728.91,145.87,898.65,22
18,player,499,0,0,34.87,728.56,126.27,898.30,22
18,player,500,0,0,15.27,728.20,106.67,897.94,22
18,player,501,0,0,15.27,728.20,106.67,897.94,22
18,player,502,0,0,15.27,728.20,106.67,897.94,22
18,player,503,0,0,15.27,728.20,106.67,897.94,22
18,player,504,0,0,15.27,728.20,106.67,897.94,22
18,player,505,0,0,15.27,728.20,106.67,897.94,22
18,player,506,0,0,15.27,728.20,106.67,897.94,22
18,player,507,0,0,15.27,728.20,106.67,897.94,22
18,player,508,0,0,15.27,728.20,106.67,897.94,22
18,player,509,0,0,15.27,728.20,106.67,897.94,22
18,player,510,0,0,15.27,728.20,106.67,897.94,22
18,player,511,0,0,15.27,728.20,106.67,897.94,22
18,player,512,0,0,15.27,728.20,106.67,897.94,22
18,player,513,0,0,15.27,728.20,106.67,897.94,22
18,player,514,0,0,15.27,728.20,106.67,897.94,22
18,player,515,0,0,15.27,728.20,106.67,897.94,22
18,player,516,0,0,15.27,728.20,106.67,897.94,22
18,player,517,0,0,15.27,728.20,106.67,897.94,22
18,player,518,0,0,15.27,728.20,106.67,897.94,22
18,player,519,0,0,15.27,728.20,106.67,897.94,22
18,player,520,0,0,15.27,728.20,106.67,897.94,22
18,player,521,0,0,15.27,728.20,106.67,897.94,22
18,player,522,0,0,15.27,728.20,106.67,897.94,22
18,player,523,0,0,15.27,728.20,106.67,897.94,22
18,player,524,0,0,15.27,728.20,106.67,897.94,22
18,player,525,0,0,15.27,728.20,106.67,897.94,22
18,player,526,0,0,15.27,728.20,106.67,897.94,22
18,player,527,0,0,15.27,728.20,106.67,897.94,22
18,player,528,0,0,15.27,728.20,106.67,897.94,22
18,player,529,0,0,15.27,728.20,106.67,897.94,22
18,player,530,0,0,15.27,728.20,106.67,897.94,22
18,player,531,0,0,15.27,728.20,106.67,897.94,22
18,player,532,0,0,15.27,728.20,106.67,897.94,22
18,player,533,0,0,15.27,728.20,106.67,897.94,22
18,player,534,0,0,15.27,728.20,106.67,897.94,22
18,player,535,0,0,15.27,728.20,106.67,897.94,22
18,player,536,0,0,15.27,728.20,106.67,897.94,22
18,player,537,0,0,15.27,728.20,106.67,897.94,22
18,player,538,0,0,15.27,728.20,106.67,897.94,22
18,player,539,0,0,15.27,728.20,106.67,897.94,22
18,player,540,0,0,15.27,728.20,106.67,897.94,22
18,player,541,0,0,15.27,728.20,106.67,897.94,22
18,player,542,0,0,15.27,728.20,106.67,897.94,22
18,player,543,0,0,15.27,728.20,106.67,897.94,22
18,player,544,0,0,15.27,728.20,106.67,897.94,22
18,player,545,1,0,15.27,728.20,106.67,897.94,22
19,player,228,0,0,381.43,271.56,474.93,456.23,6
19,player,229,0,0,390.78,270.89,484.29,455.57,6
19,player,230,0,0,400.13,270.22,493.64,454.90,6
19,player,231,0,0,409.48,269.56,502.99,454.23,6
19,player,232,0,0,418.83,268.89,512.34,453.56,6
19,player,233,0,0,428.18,268.22,521.69,452.89,6
19,player,234,0,0,437.53,267.55,531.04,452.23,6
19,player,235,0,0,446.88,266.88,540.39,451.56,6
19,player,236,0,0,456.23,266.22,549.74,450.89,6
19,player,237,0,0,465.58,265.55,559.09,450.22,6
19,player,238,0,0,474.94,264.88,568.44,449.56,6
19,player,239,0,0,484.29,264.21,577.79,448.89,6
19,player,240,0,0,493.64,263.54,587.14,448.22,6
19,player,241,0,0,502.99,262.88,596.49,447.55,6
19,player,242,0,0,512.34,262.21,605.84,446.88,6
19,player,243,0,0,521.69,262.21,615.19,446.88,6
19,player,244,0,0,531.04,262.21,624.54,446.88,6
19,player,245,0,0,530.31,262.43,623.67,446.30,6
19,player,246,0,0,529.58,262.65,622.79,445.72,6
19,player,247,0,0,528.85,262.87,621.92,445.13,6
19,player,248,0,0,528.12,263.09,621.04,444.55,6
19,player,249,0,0,527.39,263.30,620.16,443.96,6
19,player,250,0,0,526.66,263.52,619.29,443.38,6
19,player,251,0,0,525.93,263.74,618.41,442.80,6
19,player,252,0,0,525.19,263.96,617.53,442.21,6
19,player,253,0,0,524.46,264.18,616.66,441.63,6
19,player,254,0,0,523.73,264.40,615.78,441.05,6
19,player,255,0,0,523.00,264.62,614.90,440.46,6
19,player,256,0,0,522.27,264.84,614.03,439.88,6
19,player,257,0,0,521.54,265.06,613.15,439.29,6
19,player,258,0,0,520.81,265.28,612.28,438.71,6
19,player,259,0,0,520.08,265.50,611.40,438.13,6
19,player,260,0,0,519.35,265.72,610.52,437.54,6
19,player,261,0,0,518.62,265.93,609.65,436.96,6
19,player,262,0,0,517.89,266.15,608.77,436.37,6
19,player,263,0,0,517.16,266.37,607.89,435.79,6
19,player,264,0,0,516.43,266.59,607.02,435.21,6
19,player,265,0,0,515.70,266.81,606.14,434.62,6
19,player,266,0,0,514.97,267.03,605.26,434.04,6
19,player,267,0,0,514.24,267.25,604.39,433.45,6
19,player,268,0,0,513.51,267.47,603.51,432.87,6
19,player,269,0,0,512.78,267.69,602.63,432.29,6
19,player,270,0,0,512.05,267.91,601.76,431.70,6
19,player,271,0,0,511.31,268.13,600.88,431.12,6
19,player,272,0,0,510.58,268.35,600.01,430.54,6
19,player,273,0,0,509.85,268.56,599.13,429.95,6
19,player,274,0,0,509.12,268.78,598.25,429.37,6
19,player,275,0,0,508.39,269.00,597.38,428.78,6
19,player,276,0,0,507.66,269.22,596.50,428.20,6
19,player,277,0,0,504.39,268.29,593.22,427.26,6
19,player,278,0,0,501.12,267.35,589.94,426.32,6
19,player,279,0,0,497.84,266.42,586.66,425.38,6
19,player,280,0,0,494.57,265.48,583.38,424.44,6
19,player,281,0,0,491.30,264.55,580.10,423.50,6
19,player,282,0,0,495.36,264.05,584.41,424.36,6
19,player,283,0,0,499.42,263.56,588.72,425.22,6
19,player,284,0,0,503.48,263.07,593.02,426.08,6
19,player,285,0,0,507.54,262.58,597.33,426.95,6
19,player,286,0,0,511.60,262.09,601.64,427.81,6
19,player,287,0,0,515.66,261.59,605.95,428.67,6
19,player,288,0,0,519.72,261.10,610.25,429.53,6
19,player,289,0,0,523.78,260.61,614.56,430.39,6
19,player,290,0,0,527.84,260.12,618.87,431.25,6
19,player,291,0,0,531.90,259.62,623.18,432.12,6
19,player,292,0,0,535.96,259.13,627.49,432.98,6
19,player,293,0,0,540.02,258.64,631.79,433.84,6
19,player,294,0,0,544.08,258.15,636.10,434.70,6
19,player,295,0,0,548.14,257.66,640.41,435.56,6
19,player,296,0,0,552.20,257.16,644.72,436.42,6
19,player,297,0,0,556.26,256.67,649.02,437.29,6
19,player,298,0,0,560.32,256.18,653.33,438.15,6
19,player,299,0,0,564.38,255.69,657.64,439.01,6
19,player,300,0,0,568.44,255.20,661.95,439.87,6
19,player,301,0,0,571.84,255.20,663.65,436.89,6
19,player,302,0,0,575.23,255.20,665.35,433.91,6
19,player,303,0,0,578.63,255.20,667.05,430.93,6
19,player,304,0,0,582.03,255.20,668.75,427.95,6
19,player,305,0,0,585.42,255.20,670.45,424.97,6
19,player,306,0,0,588.82,255.20,672.15,422.00,6
19,player,307,0,0,592.22,255.20,673.85,419.02,6
19,player,308,0,0,595.61,255.20,675.55,416.04,6
19,player,309,0,0,599.01,255.20,677.25,413.06,6
19,player,310,0,0,602.40,255.20,678.95,410.08,6
19,player,311,0,0,605.80,255.20,680.65,407.10,6
19,player,312,0,0,606.55,254.67,681.40,406.57,6
19,player,313,0,0,607.31,254.14,682.16,406.04,6
19,player,314,0,0,608.06,253.61,682.91,405.52,6
19,player,315,0,0,608.82,253.08,683.67,404.99,6
19,player,316,0,0,609.57,252.56,684.42,404.46,6
19,player,317,0,0,610.32,252.03,685.17,403.93,6
19,player,318,0,0,611.08,251.50,685.93,403.40,6
19,player,319,0,0,611.83,250.97,686.68,402.88,6
19,player,320,0,0,612.59,250.44,687.44,402.35,6
19,player,321,0,0,613.34,249.92,688.19,401.82,6
19,player,322,0,0,614.09,249.39,688.94,401.29,6
19,player,323,0,0,614.85,248.86,689.70,400.77,6
19,player,324,0,0,615.60,248.33,690.45,400.24,6
19,player,325,0,0,616.36,247.81,691.21,399.71,6
19,player,326,0,0,617.11,247.28,691.96,399.18,6
19,player,327,0,0,617.87,246.75,692.71,398.65,6
19,player,328,0,0,618.62,246.22,693.47,398.13,6
19,player,329,0,0,619.37,245.69,694.22,397.60,6
19,player,330,0,0,620.13,245.17,694.98,397.07,6
19,player,331,0,0,620.88,244.64,695.73,396.54,6
19,player,332,0,0,621.64,244.11,696.49,396.01,6
19,player,333,0,0,622.39,243.58,697.24,395.49,6
19,player,334,0,0,623.14,243.05,697.99,394.96,6
19,player,335,0,0,623.90,242.53,698.75,394.43,6
19,player,336,0,0,624.65,242.00,699.50,393.90,6
19,player,337,0,0,625.41,241.47,700.26,393.38,6
19,player,338,0,0,626.16,240.94,701.01,392.85,6
19,player,339,0,0,626.91,240.41,701.76,392.32,6
19,player,340,0,0,627.67,239.89,702.52,391.79,6
19,player,341,0,0,628.42,239.36,703.27,391.26,6
19,player,342,0,0,629.18,238.83,704.03,390.74,6
19,player,343,0,0,630.48,237.62,705.32,389.52,6
19,player,344,0,0,631.77,236.41,706.62,388.31,6
19,player,345,0,0,633.07,235.19,707.92,387.10,6
19,player,346,0,0,634.37,233.98,709.22,385.89,6
19,player,347,0,0,635.67,232.77,710.52,384.68,6
19,player,348,0,0,636.97,231.56,711.82,383.46,6
19,player,349,0,0,638.27,230.35,713.12,382.25,6
19,player,350,0,0,639.57,229.13,714.42,381.04,6
19,player,351,0,0,640.87,227.92,715.71,379.83,6
19,player,352,0,0,642.16,226.71,717.01,378.61,6
19,player,353,0,0,643.46,225.50,718.31,377.40,6
19,player,354,0,0,644.76,224.29,719.61,376.19,6
19,player,355,0,0,646.06,223.07,720.91,374.98,6
19,player,356,0,0,647.36,221.86,722.21,373.77,6
19,player,357,0,0,648.66,220.65,723.51,372.55,6
19,player,358,0,0,649.96,219.44,724.81,371.34,6
19,player,359,0,0,651.25,218.23,726.10,370.13,6
19,player,360,0,0,652.55,217.01,727.40,368.92,6
19,player,361,0,0,653.85,215.80,728.70,367.71,6
19,player,362,0,0,655.15,214.59,730.00,366.49,6
19,player,363,0,0,656.45,213.38,731.30,365.28,6
19,player,364,0,0,657.75,212.16,732.60,364.07,6
19,player,365,0,0,659.05,210.95,733.90,362.86,6
19,player,366,0,0,660.35,209.74,735.20,361.65,6
19,player,367,0,0,661.64,208.53,736.49,360.43,6
19,player,368,0,0,662.94,207.32,737.79,359.22,6
19,player,369,0,0,664.24,206.10,739.09,358.01,6
19,player,370,0,0,663.94,205.95,738.58,356.89,6
19,player,371,0,0,663.63,205.80,738.07,355.77,6
19,player,372,0,0,663.32,205.65,737.56,354.65,6
19,player,373,0,0,663.02,205.49,737.06,353.53,6
19,player,374,0,0,662.71,205.34,736.55,352.41,6
19,player,375,0,0,662.41,205.19,736.04,351.29,6
19,player,376,0,0,662.10,205.04,735.53,350.17,6
19,player,377,0,0,661.80,204.88,735.02,349.05,6
19,player,378,0,0,661.49,204.73,734.51,347.93,6
19,player,379,0,0,661.18,204.58,734.00,346.81,6
19,player,380,0,0,660.88,204.43,733.49,345.69,6
19,player,381,0,0,660.57,204.27,732.98,344.57,6
19,player,382,0,0,660.27,204.12,732.47,343.45,6
19,player,383,0,0,659.96,203.97,731.96,342.33,6
19,player,384,0,0,659.66,203.82,731.46,341.21,6
19,player,385,0,0,659.35,203.66,730.95,340.09,6
19,player,386,0,0,659.04,203.51,730.44,338.97,6
19,player,387,0,0,658.74,203.36,729.93,337.85,6
19,player,388,0,0,658.43,203.21,729.42,336.73,6
19,player,389,0,0,658.13,203.05,728.91,335.61,6
19,player,390,0,0,657.82,202.90,728.40,334.49,6
19,player,391,0,0,657.52,202.75,727.89,333.37,6
19,player,392,0,0,657.21,202.60,727.38,332.25,6
19,player,393,0,0,656.90,202.44,726.87,331.13,6
19,player,394,0,0,656.60,202.29,726.36,330.01,6
19,player,395,0,0,656.29,202.14,725.86,328.89,6
19,player,396,0,0,655.99,201.99,725.35,327.77,6
19,player,397,0,0,655.68,201.83,724.84,326.65,6
19,player,398,0,0,655.37,201.68,724.33,325.53,6
19,player,399,0,0,655.07,201.53,723.82,324.41,6
19,player,400,0,0,654.76,201.38,723.31,323.29,6
19,player,401,0,0,654.46,201.22,722.80,322.17,6
19,player,402,0,0,654.15,201.07,722.29,321.05,6
19,player,403,0,0,653.85,200.92,721.78,319.93,6
19,player,404,0,0,653.54,200.77,721.27,318.81,6
19,player,405,0,0,653.23,200.61,720.77,317.69,6
19,player,406,0,0,652.93,200.46,720.26,316.57,6
19,player,407,0,0,652.62,200.31,719.75,315.45,6
19,player,408,0,0,652.32,200.16,719.24,314.33,6
19,player,409,0,0,652.01,200.00,718.73,313.21,6
19,player,410,0,0,651.71,199.85,718.22,312.09,6
19,player,411,0,0,651.40,199.70,717.71,310.97,6
19,player,412,0,0,650.45,198.99,716.76,310.26,6
19,player,413,0,0,649.50,198.27,715.81,309.55,6
19,player,414,0,0,648.55,197.56,714.86,308.83,6
19,player,415,0,0,647.60,196.85,713.91,308.12,6
19,player,416,0,0,646.65,196.14,712.96,307.41,6
19,player,417,0,0,645.70,195.42,712.01,306.70,6
19,player,418,0,0,644.75,194.71,711.06,305.98,6
19,player,419,0,0,643.80,194.00,710.11,305.27,6
19,player,420,0,0,642.85,193.29,709.16,304.56,6
19,player,421,0,0,640.00,192.93,706.31,304.20,6
19,player,422,0,0,637.15,192.57,703.46,303.84,6
19,player,423,0,0,634.30,192.22,700.61,303.49,6
19,player,424,0,0,631.44,191.86,697.76,303.13,6
19,player,425,0,0,628.59,191.50,694.90,302.78,6
19,player,426,0,0,625.74,191.15,692.05,302.42,6
19,player,427,0,0,622.89,190.79,689.20,302.06,6
19,player,428,0,0,620.04,190.44,686.35,301.71,6
19,player,429,0,0,617.19,190.08,683.50,301.35,6
19,player,430,0,0,614.34,189.72,680.65,300.99,6
19,player,431,0,0,611.49,189.37,677.80,300.64,6
19,player,432,0,0,608.64,189.01,674.95,300.28,6
19,player,433,0,0,607.39,188.92,673.70,300.19,6
19,player,434,0,0,606.15,188.83,672.46,300.10,6
19,player,435,0,0,604.90,188.73,671.22,300.01,6
19,player,436,0,0,603.66,188.64,669.97,299.91,6
19,player,437,0,0,602.42,188.55,668.73,299.82,6
19,player,438,0,0,590.60,189.48,656.56,300.75,6
19,player,439,0,0,578.79,190.41,644.40,301.69,6
19,player,440,0,0,566.98,191.35,632.24,302.62,6
19,player,441,0,0,555.17,192.28,620.08,303.55,6
19,player,442,0,0,543.35,193.21,607.92,304.48,6
19,player,443,0,0,531.54,194.14,595.76,305.41,6
19,player,444,0,0,519.73,195.07,583.60,306.34,6
19,player,445,0,0,507.92,196.00,571.43,307.27,6
19,player,446,0,0,496.11,196.93,559.27,308.20,6
19,player,447,0,0,484.29,197.86,547.11,309.14,6
19,player,448,0,0,472.48,198.80,534.95,310.07,6
19,player,449,0,0,460.67,199.73,522.79,311.00,6
19,player,450,0,0,448.86,200.66,510.63,311.93,6
19,player,451,0,0,437.05,201.59,498.47,312.86,6
19,player,452,0,0,425.23,202.52,486.30,313.79,6
19,player,453,0,0,413.42,203.45,474.14,314.72,6
19,player,454,0,0,401.61,204.38,461.98,315.65,6
19,player,455,0,0,389.80,205.31,449.82,316.59,6
19,player,456,0,0,377.99,206.25,437.66,317.52,6
19,player,457,0,0,366.17,207.18,425.50,318.45,6
19,player,458,0,0,354.36,208.11,413.34,319.38,6
19,player,459,0,0,342.55,209.04,401.17,320.31,6
19,player,460,0,0,330.74,209.97,389.01,321.24,6
19,player,461,0,0,318.93,210.90,376.85,322.17,6
19,player,462,0,0,307.11,211.83,364.69,323.10,6
19,player,463,0,0,295.30,212.76,352.53,324.04,6
19,player,464,0,0,283.49,213.70,340.37,324.97,6
19,player,465,0,0,271.68,214.63,328.20,325.90,6
19,player,466,0,0,259.87,215.56,316.04,326.83,6
19,player,467,0,0,248.05,216.49,303.88,327.76,6
19,player,468,0,0,236.24,217.42,291.72,328.69,6
19,player,469,0,0,224.43,218.35,279.56,329.62,6
19,player,470,0,0,212.62,219.28,267.40,330.55,6
19,player,471,0,0,200.81,220.22,255.24,331.49,6
19,player,472,0,0,188.99,221.15,243.07,332.42,6
19,player,473,0,0,177.18,222.08,230.91,333.35,6
19,player,474,0,0,165.37,223.01,218.75,334.28,6
19,player,475,0,0,153.56,223.94,206.59,335.21,6
19,player,476,0,0,141.74,224.87,194.43,336.14,6
19,player,477,0,0,129.93,225.80,182.27,337.07,6
19,player,478,0,0,118.12,226.73,170.11,338.01,6
19,player,479,0,0,106.31,227.67,157.94,338.94,6
19,player,480,0,0,94.50,228.60,145.78,339.87,6
19,player,481,0,0,82.68,229.53,133.62,340.80,6
19,player,482,0,0,70.87,230.46,121.46,341.73,6
19,player,483,0,0,59.06,231.39,109.30,342.66,6
19,player,484,0,0,47.25,232.32,97.14,343.59,6
19,player,485,0,0,35.44,233.25,84.98,344.52,6
19,player,486,0,0,23.62,234.18,72.81,345.46,6
19,player,487,0,0,11.81,235.12,60.65,346.39,6
19,player,488,0,0,0.00,236.05,48.49,347.32,6
19,player,489,0,0,0.36,236.05,48.49,352.67,6
19,player,490,0,0,0.72,236.05,48.49,358.01,6
19,player,491,0,0,1.08,236.05,48.49,363.36,6
19,player,492,0,0,1.43,236.05,48.49,368.71,6
19,player,493,0,0,1.79,236.05,48.49,374.06,6
19,player,494,0,0,2.15,236.05,48.49,379.41,6
19,player,495,0,0,2.51,236.05,48.49,384.76,6
19,player,496,0,0,2.87,236.05,48.49,390.11,6
19,player,497,0,0,3.23,236.05,48.49,395.45,6
19,player,498,0,0,3.58,236.05,48.49,400.80,6
19,player,499,0,0,3.94,236.05,48.49,406.15,6
19,player,500,1,0,4.30,236.05,48.49,411.50,6
20,player,228,0,0,0.00,411.82,89.22,596.49,3
20,player,229,0,0,17.03,410.82,106.25,595.49,3
20,player,230,0,0,34.06,409.81,123.28,594.49,3
20,player,231,0,0,51.09,408.81,140.32,593.49,3
20,player,232,0,0,68.13,407.81,157.35,592.49,3
20,player,233,0,0,85.16,406.81,174.38,591.48,3
20,player,234,0,0,102.19,405.81,191.41,590.48,3
20,player,235,0,0,119.22,404.80,208.44,589.48,3
20,player,236,0,0,136.25,403.80,225.47,588.48,3
20,player,237,0,0,153.28,402.80,242.50,587.48,3
20,player,238,0,0,170.32,401.80,259.54,586.47,3
20,player,239,0,0,187.35,400.80,276.57,585.47,3
20,player,240,0,0,204.38,399.79,293.60,584.47,3
20,player,241,0,0,221.41,398.79,310.63,583.47,3
20,player,242,0,0,238.44,397.79,327.66,582.47,3
20,player,243,0,0,241.95,393.12,331.17,577.79,3
20,player,244,0,0,245.45,388.44,334.67,573.12,3
20,player,245,0,0,244.50,387.42,333.73,572.09,3
20,player,246,0,0,243.55,386.40,332.78,571.07,3
20,player,247,0,0,242.61,385.37,331.83,570.05,3
20,player,248,0,0,241.66,384.35,330.88,569.02,3
20,player,249,0,0,240.71,383.33,329.93,568.00,3
20,player,250,0,0,239.76,382.30,328.98,566.98,3
20,player,251,0,0,238.81,381.28,328.03,565.96,3
20,player,252,0,0,237.86,380.26,327.08,564.93,3
20,player,253,0,0,236.91,379.24,326.13,563.91,3
20,player,254,0,0,235.96,378.21,325.18,562.89,3
20,player,255,0,0,235.01,377.19,324.23,561.87,3
20,player,256,0,0,234.06,376.17,323.28,560.84,3
20,player,257,0,0,233.11,375.15,322.33,559.82,3
20,player,258,0,0,232.16,374.12,321.38,558.80,3
20,player,259,0,0,231.21,373.10,320.43,557.77,3
20,player,260,0,0,230.26,372.08,319.48,556.75,3
20,player,261,0,0,229.31,371.05,318.53,555.73,3
20,player,262,0,0,228.36,370.03,317.58,554.71,3
20,player,263,0,0,227.41,369.01,316.63,553.68,3
20,player,264,0,0,226.46,367.99,315.68,552.66,3
20,player,265,0,0,225.51,366.96,314.73,551.64,3
20,player,266,0,0,224.56,365.94,313.78,550.62,3
20,player,267,0,0,223.61,364.92,312.83,549.59,3
20,player,268,0,0,222.66,363.90,311.88,548.57,3
20,player,269,0,0,221.71,362.87,310.93,547.55,3
20,player,270,0,0,220.76,361.85,309.98,546.52,3
20,player,271,0,0,219.81,360.83,309.03,545.50,3
20,player,272,0,0,218.86,359.80,308.08,544.48,3
20,player,273,0,0,217.91,358.78,307.13,543.46,3
20,player,274,0,0,216.96,357.76,306.18,542.43,3
20,player,275,0,0,216.01,356.74,305.23,541.41,3
20,player,276,0,0,215.06,355.71,304.29,540.39,3
20,player,277,0,0,208.99,355.71,298.21,540.39,3
20,player,278,0,0,202.91,355.71,292.13,540.39,3
20,player,279,0,0,196.83,355.71,286.05,540.39,3
20,player,280,0,0,190.75,355.71,279.97,540.39,3
20,player,281,0,0,184.67,355.71,273.90,540.39,3
20,player,282,0,0,186.47,355.64,275.69,540.31,3
20,player,283,0,0,188.26,355.56,277.48,540.23,3
20,player,284,0,0,190.05,355.48,279.27,540.15,3
20,player,285,0,0,191.84,355.40,281.06,540.08,3
20,player,286,0,0,193.64,355.32,282.86,540.00,3
20,player,287,0,0,195.43,355.25,284.65,539.92,3
20,player,288,0,0,197.22,355.17,286.44,539.84,3
20,player,289,0,0,199.01,355.09,288.23,539.77,3
20,player,290,0,0,200.80,355.01,290.03,539.69,3
20,player,291,0,0,202.60,354.93,291.82,539.61,3
20,player,292,0,0,204.39,354.86,293.61,539.53,3
20,player,293,0,0,206.18,354.78,295.40,539.45,3
20,player,294,0,0,207.97,354.70,297.19,539.38,3
20,player,295,0,0,209.77,354.62,298.99,539.30,3
20,player,296,0,0,211.56,354.55,300.78,539.22,3
20,player,297,0,0,213.35,354.47,302.57,539.14,3
20,player,298,0,0,215.14,354.39,304.36,539.06,3
20,player,299,0,0,216.93,354.31,306.16,538.99,3
20,player,300,0,0,218.73,354.23,307.95,538.91,3
20,player,301,0,0,220.52,354.16,309.74,538.83,3
20,player,302,0,0,222.31,354.08,311.53,538.75,3
20,player,303,0,0,224.10,354.00,313.32,538.67,3
20,player,304,0,0,225.90,353.92,315.12,538.60,3
20,player,305,0,0,227.69,353.84,316.91,538.52,3
20,player,306,0,0,229.48,353.77,318.70,538.44,3
20,player,307,0,0,231.27,353.69,320.49,538.36,3
20,player,308,0,0,233.06,353.61,322.29,538.29,3
20,player,309,0,0,234.86,353.53,324.08,538.21,3
20,player,310,0,0,236.65,353.45,325.87,538.13,3
20,player,311,0,0,238.44,353.38,327.66,538.05,3
20,player,312,0,0,239.35,352.92,328.57,537.60,3
20,player,313,0,0,240.25,352.47,329.47,537.15,3
20,player,314,0,0,241.16,352.02,330.38,536.69,3
20,player,315,0,0,242.06,351.57,331.28,536.24,3
20,player,316,0,0,242.97,351.11,332.19,535.79,3
20,player,317,0,0,243.87,350.66,333.09,535.34,3
20,player,318,0,0,244.78,350.21,334.00,534.88,3
20,player,319,0,0,245.68,349.76,334.90,534.43,3
20,player,320,0,0,246.59,349.31,335.81,533.98,3
20,player,321,0,0,247.49,348.85,336.71,533.53,3
20,player,322,0,0,248.40,348.40,337.62,533.08,3
20,player,323,0,0,249.30,347.95,338.52,532.62,3
20,player,324,0,0,250.21,347.50,339.43,532.17,3
20,player,325,0,0,251.11,347.04,340.33,531.72,3
20,player,326,0,0,252.01,346.59,341.24,531.27,3
20,player,327,0,0,252.92,346.14,342.14,530.81,3
20,player,328,0,0,253.82,345.69,343.05,530.36,3
20,player,329,0,0,254.73,345.23,343.95,529.91,3
20,player,330,0,0,255.63,344.78,344.86,529.46,3
20,player,331,0,0,256.54,344.33,345.76,529.00,3
20,player,332,0,0,257.44,343.88,346.66,528.55,3
20,player,333,0,0,258.35,343.42,347.57,528.10,3
20,player,334,0,0,259.25,342.97,348.47,527.65,3
20,player,335,0,0,260.16,342.52,349.38,527.19,3
20,player,336,0,0,261.06,342.07,350.28,526.74,3
20,player,337,0,0,261.97,341.61,351.19,526.29,3
20,player,338,0,0,262.87,341.16,352.09,525.84,3
20,player,339,0,0,263.78,340.71,353.00,525.38,3
20,player,340,0,0,264.68,340.26,353.90,524.93,3
20,player,341,0,0,265.59,339.80,354.81,524.48,3
20,player,342,0,0,266.49,339.35,355.71,524.03,3
20,player,343,0,0,271.51,338.83,360.74,523.51,3
20,player,344,0,0,276.54,338.31,365.76,522.99,3
20,player,345,0,0,281.56,337.79,370.78,522.47,3
20,player,346,0,0,286.58,337.27,375.80,521.95,3
20,player,347,0,0,291.60,336.75,380.82,521.43,3
20,player,348,0,0,296.62,336.23,385.84,520.91,3
20,player,349,0,0,301.64,335.72,390.87,520.39,3
20,player,350,0,0,306.67,335.20,395.89,519.87,3
20,player,351,0,0,311.69,334.68,400.91,519.35,3
20,player,352,0,0,316.71,334.16,405.93,518.83,3
20,player,353,0,0,321.73,333.64,410.95,518.31,3
20,player,354,0,0,326.75,333.12,415.97,517.79,3
20,player,355,0,0,331.77,332.60,421.00,517.27,3
20,player,356,0,0,336.80,332.08,426.02,516.75,3
20,player,357,0,0,341.82,331.56,431.04,516.23,3
20,player,358,0,0,346.84,331.04,436.06,515.71,3
20,player,359,0,0,351.86,330.52,441.08,515.19,3
20,player,360,0,0,356.88,330.00,446.10,514.68,3
20,player,361,0,0,361.90,329.48,451.12,514.16,3
20,player,362,0,0,366.93,328.96,456.15,513.64,3
20,player,363,0,0,371.95,328.44,461.17,513.12,3
20,player,364,0,0,376.97,327.92,466.19,512.60,3
20,player,365,0,0,381.99,327.40,471.21,512.08,3
20,player,366,0,0,387.01,326.88,476.23,511.56,3
20,player,367,0,0,392.03,326.36,481.25,511.04,3
20,player,368,0,0,397.06,325.84,486.28,510.52,3
20,player,369,0,0,402.08,325.33,491.30,510.00,3
20,player,370,0,0,398.85,324.55,487.76,508.46,3
20,player,371,0,0,395.62,323.77,484.23,506.91,3
20,player,372,0,0,392.39,322.99,480.70,505.37,3
20,player,373,0,0,389.16,322.21,477.16,503.83,3
20,player,374,0,0,385.94,321.43,473.63,502.29,3
20,player,375,0,0,382.71,320.65,470.10,500.74,3
20,player,376,0,0,379.48,319.87,466.56,499.20,3
20,player,377,0,0,376.25,319.09,463.03,497.66,3
20,player,378,0,0,373.02,318.31,459.50,496.11,3
20,player,379,0,0,369.80,317.53,455.97,494.57,3
20,player,380,0,0,366.57,316.75,452.43,493.03,3
20,player,381,0,0,363.34,315.97,448.90,491.49,3
20,player,382,0,0,360.11,315.20,445.37,489.94,3
20,player,383,0,0,356.88,314.42,441.83,488.40,3
20,player,384,0,0,353.65,313.64,438.30,486.86,3
20,player,385,0,0,350.43,312.86,434.77,485.31,3
20,player,386,0,0,347.20,312.08,431.23,483.77,3
20,player,387,0,0,343.97,311.30,427.70,482.23,3
20,player,388,0,0,340.74,310.52,424.17,480.69,3
20,player,389,0,0,337.51,309.74,420.63,479.14,3
20,player,390,0,0,334.29,308.96,417.10,477.60,3
20,player,391,0,0,331.06,308.18,413.57,476.06,3
20,player,392,0,0,327.83,307.40,410.03,474.51,3
20,player,393,0,0,324.60,306.62,406.50,472.97,3
20,player,394,0,0,321.37,305.84,402.97,471.43,3
20,player,395,0,0,318.14,305.07,399.43,469.89,3
20,player,396,0,0,314.92,304.29,395.90,468.34,3
20,player,397,0,0,311.69,303.51,392.37,466.80,3
20,player,398,0,0,308.46,302.73,388.83,465.26,3
20,player,399,0,0,305.23,301.95,385.30,463.71,3
20,player,400,0,0,302.00,301.17,381.77,462.17,3
20,player,401,0,0,298.78,300.39,378.23,460.63,3
20,player,402,0,0,295.55,299.61,374.70,459.09,3
20,player,403,0,0,292.32,298.83,371.17,457.54,3
20,player,404,0,0,289.09,298.05,367.63,456.00,3
20,player,405,0,0,285.86,297.27,364.10,454.46,3
20,player,406,0,0,282.63,296.49,360.57,452.91,3
20,player,407,0,0,279.41,295.71,357.03,451.37,3
20,player,408,0,0,276.18,294.94,353.50,449.83,3
20,player,409,0,0,272.95,294.16,349.97,448.29,3
20,player,410,0,0,269.72,293.38,346.43,446.74,3
20,player,411,0,0,266.49,292.60,342.90,445.20,3
20,player,412,0,0,259.84,291.65,336.25,444.25,3
20,player,413,0,0,253.19,290.70,329.60,443.30,3
20,player,414,0,0,246.54,289.75,322.94,442.35,3
20,player,415,0,0,239.89,288.80,316.29,441.40,3
20,player,416,0,0,233.23,287.85,309.64,440.45,3
20,player,417,0,0,226.58,286.90,302.99,439.50,3
20,player,418,0,0,219.93,285.95,296.34,438.55,3
20,player,419,0,0,213.28,285.00,289.68,437.60,3
20,player,420,0,0,206.63,284.05,283.03,436.65,3
20,player,421,0,0,197.90,283.87,274.30,436.47,3
20,player,422,0,0,189.17,283.69,265.57,436.29,3
20,player,423,0,0,180.43,283.51,256.84,436.11,3
20,player,424,0,0,171.70,283.33,248.11,435.94,3
20,player,425,0,0,162.97,283.16,239.38,435.76,3
20,player,426,0,0,154.24,282.98,230.65,435.58,3
20,player,427,0,0,145.51,282.80,221.92,435.40,3
20,player,428,0,0,136.78,282.62,213.19,435.22,3
20,player,429,0,0,128.05,282.44,204.46,435.04,3
20,player,430,0,0,119.32,282.26,195.73,434.87,3
20,player,431,0,0,110.59,282.09,187.00,434.69,3
20,player,432,0,0,101.86,281.91,178.27,434.51,3
20,player,433,0,0,93.31,284.47,170.99,434.08,3
20,player,434,0,0,84.76,287.02,163.72,433.66,3
20,player,435,0,0,76.20,289.58,156.45,433.23,3
20,player,436,0,0,67.65,292.14,149.17,432.80,3
20,player,437,0,0,59.10,294.70,141.90,432.37,3
20,player,438,0,0,59.39,297.89,142.19,435.56,3
20,player,439,0,0,59.69,301.07,142.49,438.74,3
20,player,440,0,0,59.98,304.26,142.78,441.93,3
20,player,441,0,0,60.27,307.44,143.07,445.12,3
20,player,442,0,0,60.57,310.63,143.37,448.30,3
20,player,443,0,0,60.86,313.82,143.66,451.49,3
20,player,444,0,0,61.15,317.00,143.95,454.68,3
20,player,445,0,0,61.45,320.19,144.25,457.86,3
20,player,446,0,0,61.74,323.38,144.54,461.05,3
20,player,447,0,0,62.03,326.56,144.83,464.23,3
20,player,448,0,0,62.33,329.75,145.13,467.42,3
20,player,449,0,0,62.62,332.93,145.42,470.61,3
20,player,450,0,0,62.91,336.12,145.72,473.79,3
20,player,451,0,0,63.21,339.31,146.01,476.98,3
20,player,452,0,0,63.50,342.49,146.30,480.16,3
20,player,453,0,0,63.79,345.68,146.60,483.35,3
20,player,454,0,0,64.09,348.87,146.89,486.54,3
20,player,455,0,0,64.38,352.05,147.18,489.72,3
20,player,456,0,0,64.67,355.24,147.48,492.91,3
20,player,457,0,0,64.97,358.42,147.77,496.10,3
20,player,458,0,0,65.26,361.61,148.06,499.28,3
20,player,459,0,0,65.55,364.80,148.36,502.47,3
20,player,460,0,0,65.85,367.98,148.65,505.65,3
20,player,461,0,0,66.14,371.17,148.94,508.84,3
20,player,462,0,0,66.44,374.35,149.24,512.03,3
20,player,463,0,0,66.73,377.54,149.53,515.21,3
20,player,464,0,0,67.02,380.73,149.82,518.40,3
20,player,465,0,0,67.32,383.91,150.12,521.58,3
20,player,466,0,0,67.61,387.10,150.41,524.77,3
20,player,467,0,0,67.90,390.29,150.70,527.96,3
20,player,468,0,0,68.20,393.47,151.00,531.14,3
20,player,469,0,0,68.49,396.66,151.29,534.33,3
20,player,470,0,0,68.78,399.84,151.58,537.52,3
20,player,471,0,0,69.08,403.03,151.88,540.70,3
20,player,472,0,0,69.37,406.22,152.17,543.89,3
20,player,473,0,0,69.66,409.40,152.46,547.07,3
20,player,474,0,0,69.96,412.59,152.76,550.26,3
20,player,475,0,0,70.25,415.77,153.05,553.45,3
20,player,476,0,0,70.54,418.96,153.35,556.63,3
20,player,477,0,0,70.84,422.15,153.64,559.82,3
20,player,478,0,0,71.13,425.33,153.93,563.01,3
20,player,479,0,0,71.42,428.52,154.23,566.19,3
20,player,480,0,0,71.72,431.71,154.52,569.38,3
20,player,481,0,0,72.01,434.89,154.81,572.56,3
20,player,482,0,0,72.30,438.08,155.11,575.75,3
20,player,483,0,0,72.60,441.26,155.40,578.94,3
20,player,484,0,0,72.89,444.45,155.69,582.12,3
20,player,485,0,0,73.19,447.64,155.99,585.31,3
20,player,486,0,0,73.48,450.82,156.28,588.49,3
20,player,487,0,0,73.77,454.01,156.57,591.68,3
20,player,488,1,0,74.07,457.20,156.87,594.87,3
21,player,342,0,0,1893.90,418.83,1920.00,603.51,23
21,player,343,0,0,1891.91,418.83,1920.00,602.81,23
21,player,344,0,0,1889.92,418.83,1920.00,602.12,23
21,player,345,0,0,1887.93,418.83,1920.00,601.43,23
21,player,346,0,0,1885.94,418.83,1920.00,600.73,23
21,player,347,0,0,1883.95,418.83,1920.00,600.04,23
21,player,348,0,0,1881.96,418.83,1920.00,599.35,23
21,player,349,0,0,1879.98,418.83,1920.00,598.66,23
21,player,350,0,0,1877.99,418.83,1920.00,597.96,23
21,player,351,0,0,1876.00,418.83,1920.00,597.27,23
21,player,352,0,0,1874.01,418.83,1920.00,596.58,23
21,player,353,0,0,1872.02,418.83,1920.00,595.88,23
21,player,354,0,0,1870.03,418.83,1920.00,595.19,23
21,player,355,0,0,1868.04,418.83,1920.00,594.50,23
21,player,356,0,0,1866.05,418.83,1920.00,593.81,23
21,player,357,0,0,1864.07,418.83,1920.00,593.11,23
21,player,358,0,0,1862.08,418.83,1920.00,592.42,23
21,player,359,0,0,1860.09,418.83,1920.00,591.73,23
21,player,360,0,0,1858.10,418.83,1920.00,591.04,23
21,player,361,0,0,1856.11,418.83,1920.00,590.34,23
21,player,362,0,0,1854.12,418.83,1920.00,589.65,23
21,player,363,0,0,1852.13,418.83,1920.00,588.96,23
21,player,364,0,0,1850.14,418.83,1920.00,588.26,23
21,player,365,0,0,1848.16,418.83,1920.00,587.57,23
21,player,366,0,0,1846.17,418.83,1920.00,586.88,23
21,player,367,0,0,1844.18,418.83,1920.00,586.19,23
21,player,368,0,0,1842.19,418.83,1920.00,585.49,23
21,player,369,0,0,1840.20,418.83,1920.00,584.80,23
21,player,370,0,0,1836.18,417.76,1915.98,583.73,23
21,player,371,0,0,1832.16,416.69,1911.96,582.66,23
21,player,372,0,0,1828.14,415.62,1907.94,581.59,23
21,player,373,0,0,1824.11,414.55,1903.91,580.52,23
21,player,374,0,0,1820.09,413.49,1899.89,579.45,23
21,player,375,0,0,1816.07,412.42,1895.87,578.39,23
21,player,376,0,0,1812.05,411.35,1891.85,577.32,23
21,player,377,0,0,1808.03,410.28,1887.83,576.25,23
21,player,378,0,0,1804.01,409.21,1883.81,575.18,23
21,player,379,0,0,1799.98,408.14,1879.78,574.11,23
21,player,380,0,0,1795.96,407.07,1875.76,573.04,23
21,player,381,0,0,1791.94,406.00,1871.74,571.97,23
21,player,382,0,0,1787.92,404.93,1867.72,570.90,23
21,player,383,0,0,1783.90,403.86,1863.70,569.83,23
21,player,384,0,0,1779.88,402.80,1859.68,568.76,23
21,player,385,0,0,1775.85,401.73,1855.65,567.70,23
21,player,386,0,0,1771.83,400.66,1851.63,566.63,23
21,player,387,0,0,1767.81,399.59,1847.61,565.56,23
21,player,388,0,0,1763.79,398.52,1843.59,564.49,23
21,player,389,0,0,1759.77,397.45,1839.57,563.42,23
21,player,390,0,0,1755.75,396.38,1835.55,562.35,23
21,player,391,0,0,1751.72,395.31,1831.52,561.28,23
21,player,392,0,0,1747.70,394.24,1827.50,560.21,23
21,player,393,0,0,1743.68,393.17,1823.48,559.14,23
21,player,394,0,0,1739.66,392.11,1819.46,558.07,23
21,player,395,0,0,1735.64,391.04,1815.44,557.01,23
21,player,396,0,0,1731.62,389.97,1811.42,555.94,23
21,player,397,0,0,1727.59,388.90,1807.39,554.87,23
21,player,398,0,0,1723.57,387.83,1803.37,553.80,23
21,player,399,0,0,1719.55,386.76,1799.35,552.73,23
21,player,400,0,0,1715.53,385.69,1795.33,551.66,23
21,player,401,0,0,1711.51,384.62,1791.31,550.59,23
21,player,402,0,0,1707.49,383.55,1787.29,549.52,23
21,player,403,0,0,1703.46,382.48,1783.26,548.45,23
21,player,404,0,0,1699.44,381.41,1779.24,547.38,23
21,player,405,0,0,1695.42,380.35,1775.22,546.31,23
21,player,406,0,0,1691.40,379.28,1771.20,545.25,23
21,player,407,0,0,1687.38,378.21,1767.18,544.18,23
21,player,408,0,0,1683.36,377.14,1763.16,543.11,23
21,player,409,0,0,1679.33,376.07,1759.13,542.04,23
21,player,410,0,0,1675.31,375.00,1755.11,540.97,23
21,player,411,0,0,1671.29,373.93,1751.09,539.90,23
21,player,412,0,0,1668.44,370.84,1748.24,536.81,23
21,player,413,0,0,1665.59,367.75,1745.39,533.72,23
21,player,414,0,0,1662.74,364.67,1742.54,530.64,23
21,player,415,0,0,1659.89,361.58,1739.69,527.55,23
21,player,416,0,0,1657.04,358.49,1736.84,524.46,23
21,player,417,0,0,1654.19,355.40,1733.99,521.37,23
21,player,418,0,0,1651.34,352.31,1731.14,518.28,23
21,player,419,0,0,1648.48,349.22,1728.28,515.19,23
21,player,420,0,0,1645.63,346.14,1725.43,512.10,23
21,player,421,0,0,1643.50,347.03,1723.83,510.50,23
21,player,422,0,0,1641.37,347.92,1722.23,508.90,23
21,player,423,0,0,1639.23,348.81,1720.62,507.30,23
21,player,424,0,0,1637.10,349.70,1719.02,505.70,23
21,player,425,0,0,1634.96,350.59,1717.42,504.11,23
21,player,426,0,0,1632.83,351.48,1715.81,502.51,23
21,player,427,0,0,1630.69,352.37,1714.21,500.91,23
21,player,428,0,0,1628.56,353.26,1712.60,499.31,23
21,player,429,0,0,1626.43,354.15,1711.00,497.71,23
21,player,430,0,0,1624.29,355.05,1709.40,496.11,23
21,player,431,0,0,1622.16,355.94,1707.79,494.51,23
21,player,432,0,0,1620.02,356.83,1706.19,492.91,23
21,player,433,0,0,1617.83,354.70,1704.00,490.78,23
21,player,434,0,0,1615.64,352.58,1701.81,488.66,23
21,player,435,0,0,1613.45,350.46,1699.62,486.54,23
21,player,436,0,0,1611.26,348.34,1697.42,484.41,23
21,player,437,0,0,1609.07,346.21,1695.23,482.29,23
21,player,438,0,0,1602.91,345.58,1689.07,481.66,23
21,player,439,0,0,1596.75,344.95,1682.92,481.03,23
21,player,440,0,0,1590.59,344.32,1676.76,480.40,23
21,player,441,0,0,1584.44,343.69,1670.60,479.77,23
21,player,442,0,0,1578.28,343.06,1664.45,479.14,23
21,player,443,0,0,1572.12,342.43,1658.29,478.51,23
21,player,444,0,0,1565.96,341.80,1652.13,477.88,23
21,player,445,0,0,1559.81,341.17,1645.97,477.25,23
21,player,446,0,0,1553.65,340.54,1639.82,476.62,23
21,player,447,0,0,1547.49,339.91,1633.66,475.99,23
21,player,448,0,0,1541.33,339.28,1627.50,475.36,23
21,player,449,0,0,1535.18,338.65,1621.34,474.73,23
21,player,450,0,0,1529.02,338.02,1615.19,474.10,23
21,player,451,0,0,1522.86,337.39,1609.03,473.47,23
21,player,452,0,0,1516.70,336.76,1602.87,472.84,23
21,player,453,0,0,1510.55,336.13,1596.71,472.21,23
21,player,454,0,0,1504.39,335.50,1590.56,471.58,23
21,player,455,0,0,1498.23,334.87,1584.40,470.95,23
21,player,456,0,0,1492.07,334.24,1578.24,470.32,23
21,player,457,0,0,1485.92,333.61,1572.08,469.68,23
21,player,458,0,0,1479.76,332.98,1565.93,469.05,23
21,player,459,0,0,1473.60,332.35,1559.77,468.42,23
21,player,460,0,0,1467.44,331.72,1553.61,467.79,23
21,player,461,0,0,1461.29,331.09,1547.45,467.16,23
21,player,462,0,0,1455.13,330.45,1541.30,466.53,23
21,player,463,0,0,1448.97,329.82,1535.14,465.90,23
21,player,464,0,0,1442.81,329.19,1528.98,465.27,23
21,player,465,0,0,1436.66,328.56,1522.82,464.64,23
21,player,466,0,0,1430.50,327.93,1516.67,464.01,23
21,player,467,0,0,1424.34,327.30,1510.51,463.38,23
21,player,468,0,0,1418.18,326.67,1504.35,462.75,23
21,player,469,0,0,1412.03,326.04,1498.19,462.12,23
21,player,470,0,0,1405.87,325.41,1492.04,461.49,23
21,player,471,0,0,1399.71,324.78,1485.88,460.86,23
21,player,472,0,0,1393.55,324.15,1479.72,460.23,23
21,player,473,0,0,1387.40,323.52,1473.56,459.60,23
21,player,474,0,0,1381.24,322.89,1467.41,458.97,23
21,player,475,0,0,1375.08,322.26,1461.25,458.34,23
21,player,476,0,0,1368.92,321.63,1455.09,457.71,23
21,player,477,0,0,1362.77,321.00,1448.93,457.08,23
21,player,478,0,0,1356.61,320.37,1442.78,456.45,23
21,player,479,0,0,1350.45,319.74,1436.62,455.82,23
21,player,480,0,0,1344.29,319.11,1430.46,455.19,23
21,player,481,0,0,1338.14,318.48,1424.30,454.56,23
21,player,482,0,0,1331.98,317.85,1418.15,453.93,23
21,player,483,0,0,1325.82,317.22,1411.99,453.30,23
21,player,484,0,0,1319.66,316.59,1405.83,452.67,23
21,player,485,0,0,1313.51,315.96,1399.67,452.03,23
21,player,486,0,0,1307.35,315.33,1393.52,451.40,23
21,player,487,0,0,1301.19,314.70,1387.36,450.77,23
21,player,488,0,0,1295.04,314.07,1381.20,450.14,23
21,player,489,0,0,1286.66,313.53,1372.83,449.61,23
21,player,490,0,0,1278.29,313.00,1364.45,449.07,23
21,player,491,0,0,1269.91,312.46,1356.08,448.54,23
21,player,492,0,0,1261.54,311.93,1347.71,448.01,23
21,player,493,0,0,1253.16,311.39,1339.33,447.47,23
21,player,494,0,0,1244.79,310.86,1330.96,446.94,23
21,player,495,0,0,1236.42,310.32,1322.58,446.40,23
21,player,496,0,0,1228.04,309.79,1314.21,445.87,23
21,player,497,0,0,1219.67,309.25,1305.84,445.33,23
21,player,498,0,0,1211.29,308.72,1297.46,444.80,23
21,player,499,0,0,1202.92,308.19,1289.09,444.26,23
21,player,500,0,0,1194.55,307.65,1280.71,443.73,23
21,player,501,0,0,1199.30,307.65,1285.46,443.73,23
21,player,502,0,0,1204.05,307.65,1290.22,443.73,23
21,player,503,0,0,1208.80,307.65,1294.97,443.73,23
21,player,504,0,0,1213.55,307.65,1299.72,443.73,23
21,player,505,0,0,1218.30,307.65,1304.47,443.73,23
21,player,506,0,0,1223.05,307.65,1309.22,443.73,23
21,player,507,0,0,1227.81,307.65,1313.97,443.73,23
21,player,508,0,0,1232.56,307.65,1318.72,443.73,23
21,player,509,0,0,1237.31,307.65,1323.47,443.73,23
21,player,510,0,0,1242.06,307.65,1328.23,443.73,23
21,player,511,0,0,1246.81,307.65,1332.98,443.73,23
21,player,512,0,0,1251.56,307.65,1337.73,443.73,23
21,player,513,0,0,1256.31,307.65,1342.48,443.73,23
21,player,514,0,0,1261.06,307.65,1347.23,443.73,23
21,player,515,0,0,1265.82,307.65,1351.98,443.73,23
21,player,516,0,0,1270.57,307.65,1356.73,443.73,23
21,player,517,0,0,1275.32,307.65,1361.49,443.73,23
21,player,518,0,0,1280.07,307.65,1366.24,443.73,23
21,player,519,0,0,1284.82,307.65,1370.99,443.73,23
21,player,520,0,0,1289.57,307.65,1375.74,443.73,23
21,player,521,0,0,1294.32,307.65,1380.49,443.73,23
21,player,522,0,0,1299.07,307.65,1385.24,443.73,23
21,player,523,0,0,1303.83,307.65,1389.99,443.73,23
21,player,524,0,0,1308.58,307.65,1394.74,443.73,23
21,player,525,0,0,1313.33,307.65,1399.50,443.73,23
21,player,526,0,0,1318.08,307.65,1404.25,443.73,23
21,player,527,0,0,1322.83,307.65,1409.00,443.73,23
21,player,528,0,0,1327.58,307.65,1413.75,443.73,23
21,player,529,0,0,1332.33,307.65,1418.50,443.73,23
21,player,530,0,0,1337.08,307.65,1423.25,443.73,23
21,player,531,0,0,1341.84,307.65,1428.00,443.73,23
21,player,532,0,0,1346.59,307.65,1432.75,443.73,23
21,player,533,0,0,1351.34,307.65,1437.51,443.73,23
21,player,534,0,0,1356.09,307.65,1442.26,443.73,23
21,player,535,0,0,1360.84,307.65,1447.01,443.73,23
21,player,536,0,0,1365.59,307.65,1451.76,443.73,23
21,player,537,0,0,1370.34,307.65,1456.51,443.73,23
21,player,538,0,0,1375.10,307.65,1461.26,443.73,23
21,player,539,0,0,1379.85,307.65,1466.01,443.73,23
21,player,540,0,0,1384.60,307.65,1470.76,443.73,23
21,player,541,0,0,1389.35,307.65,1475.52,443.73,23
21,player,542,0,0,1394.10,307.65,1480.27,443.73,23
21,player,543,0,0,1398.85,307.65,1485.02,443.73,23
21,player,544,0,0,1403.60,307.65,1489.77,443.73,23
21,player,545,0,0,1408.35,307.65,1494.52,443.73,23
21,player,546,0,0,1414.78,307.04,1498.49,443.13,23
21,player,547,0,0,1421.20,306.43,1502.46,442.52,23
21,player,548,0,0,1427.62,305.82,1506.43,441.92,23
21,player,549,0,0,1434.04,305.21,1510.40,441.31,23
21,player,550,0,0,1440.46,304.60,1514.37,440.71,23
21,player,551,0,0,1446.88,303.99,1518.35,440.10,23
21,player,552,0,0,1453.30,303.38,1522.32,439.50,23
21,player,553,0,0,1454.50,302.67,1523.52,438.79,23
21,player,554,0,0,1455.70,301.96,1524.72,438.08,23
21,player,555,0,0,1456.90,301.25,1525.92,437.37,23
21,player,556,0,0,1458.11,300.54,1527.12,436.67,23
21,player,557,0,0,1459.31,299.83,1528.32,435.96,23
21,player,558,0,0,1460.51,299.12,1529.53,435.25,23
21,player,559,0,0,1461.71,298.42,1530.73,434.54,23
21,player,560,0,0,1462.91,297.71,1531.93,433.83,23
21,player,561,0,0,1464.11,297.00,1533.13,433.12,23
21,player,562,0,0,1465.32,296.29,1534.33,432.42,23
21,player,563,0,0,1466.52,295.58,1535.53,431.71,23
21,player,564,0,0,1467.72,294.87,1536.74,431.00,23
21,player,565,0,0,1468.92,294.17,1537.94,430.29,23
21,player,566,0,0,1470.12,293.46,1539.14,429.58,23
21,player,567,0,0,1471.32,292.75,1540.34,428.87,23
21,player,568,0,0,1472.53,292.04,1541.54,428.16,23
21,player,569,0,0,1473.73,291.33,1542.74,427.46,23
21,player,570,0,0,1474.93,290.62,1543.95,426.75,23
21,player,571,0,0,1476.13,289.91,1545.15,426.04,23
21,player,572,0,0,1477.33,289.21,1546.35,425.33,23
21,player,573,0,0,1478.53,288.50,1547.55,424.62,23
21,player,574,0,0,1479.74,287.79,1548.75,423.91,23
21,player,575,0,0,1482.57,288.02,1551.59,424.15,23
21,player,576,0,0,1485.41,288.25,1554.42,424.38,23
21,player,577,0,0,1488.24,288.49,1557.26,424.61,23
21,player,578,0,0,1491.08,288.72,1560.09,424.84,23
21,player,579,0,0,1493.91,288.95,1562.93,425.08,23
21,player,580,0,0,1496.75,289.18,1565.76,425.31,23
21,player,581,0,0,1499.58,289.42,1568.60,425.54,23
21,player,582,0,0,1502.42,289.65,1571.44,425.77,23
21,player,583,0,0,1505.25,289.88,1574.27,426.01,23
21,player,584,0,0,1508.09,290.11,1577.11,426.24,23
21,player,585,0,0,1510.92,290.35,1579.94,426.47,23
21,player,586,0,0,1513.76,290.58,1582.78,426.70,23
21,player,587,0,0,1516.60,290.81,1585.61,426.94,23
21,player,588,0,0,1519.43,291.04,1588.45,427.17,23
21,player,589,0,0,1522.27,291.28,1591.28,427.40,23
21,player,590,0,0,1525.10,291.51,1594.12,427.63,23
21,player,591,0,0,1527.94,291.74,1596.95,427.86,23
21,player,592,0,0,1530.77,291.97,1599.79,428.10,23
21,player,593,0,0,1533.61,292.20,1602.62,428.33,23
21,player,594,0,0,1536.44,292.44,1605.46,428.56,23
21,player,595,0,0,1539.28,292.67,1608.29,428.79,23
21,player,596,0,0,1542.11,292.90,1611.13,429.03,23
21,player,597,0,0,1544.95,293.13,1613.96,429.26,23
21,player,598,0,0,1547.78,293.37,1616.80,429.49,23
21,player,599,0,0,1550.62,293.60,1619.63,429.72,23
21,player,600,0,0,1553.45,293.83,1622.47,429.96,23
21,player,601,0,0,1556.29,294.06,1625.31,430.19,23
21,player,602,0,0,1559.12,294.30,1628.14,430.42,23
21,player,603,0,0,1561.96,294.53,1630.98,430.65,23
21,player,604,0,0,1564.80,294.76,1633.81,430.89,23
21,player,605,0,0,1567.63,294.99,1636.65,431.12,23
21,player,606,0,0,1570.47,295.23,1639.48,431.35,23
21,player,607,0,0,1573.30,295.46,1642.32,431.58,23
21,player,608,0,0,1576.14,295.69,1645.15,431.82,23
21,player,609,0,0,1578.97,295.92,1647.99,432.05,23
21,player,610,0,0,1581.81,296.16,1650.82,432.28,23
21,player,611,0,0,1584.64,296.39,1653.66,432.51,23
21,player,612,0,0,1587.48,296.62,1656.49,432.75,23
21,player,613,0,0,1590.31,296.85,1659.33,432.98,23
21,player,614,0,0,1593.15,297.09,1662.16,433.21,23
21,player,615,0,0,1595.98,297.32,1665.00,433.44,23
21,player,616,0,0,1598.82,297.55,1667.83,433.67,23
21,player,617,0,0,1601.65,297.78,1670.67,433.91,23
21,player,618,0,0,1604.49,298.01,1673.51,434.14,23
21,player,619,0,0,1607.32,298.25,1676.34,434.37,23
21,player,620,0,0,1610.16,298.48,1679.18,434.60,23
21,player,621,0,0,1612.99,298.71,1682.01,434.84,23
21,player,622,0,0,1615.83,298.94,1684.85,435.07,23
21,player,623,0,0,1618.67,299.18,1687.68,435.30,23
21,player,624,0,0,1621.50,299.41,1690.52,435.53,23
21,player,625,0,0,1624.34,299.64,1693.35,435.77,23
21,player,626,0,0,1627.17,299.87,1696.19,436.00,23
21,player,627,0,0,1630.01,300.11,1699.02,436.23,23
21,player,628,0,0,1632.84,300.34,1701.86,436.46,23
21,player,629,0,0,1635.68,300.57,1704.69,436.70,23
21,player,630,0,0,1638.51,300.80,1707.53,436.93,23
21,player,631,0,0,1641.35,301.04,1710.36,437.16,23
21,player,632,0,0,1644.18,301.27,1713.20,437.39,23
21,player,633,0,0,1647.02,301.50,1716.03,437.63,23
21,player,634,0,0,1649.85,301.73,1718.87,437.86,23
21,player,635,0,0,1652.69,301.97,1721.71,438.09,23
21,player,636,0,0,1655.52,302.20,1724.54,438.32,23
21,player,637,0,0,1658.36,302.43,1727.38,438.56,23
21,player,638,0,0,1661.19,302.66,1730.21,438.79,23
21,player,639,0,0,1664.03,302.90,1733.05,439.02,23
21,player,640,0,0,1666.87,303.13,1735.88,439.25,23
21,player,641,0,0,1669.70,303.36,1738.72,439.48,23
21,player,642,0,0,1672.54,303.59,1741.55,439.72,23
21,player,643,0,0,1675.37,303.82,1744.39,439.95,23
21,player,644,0,0,1678.21,304.06,1747.22,440.18,23
21,player,645,0,0,1681.04,304.29,1750.06,440.41,23
21,player,646,0,0,1683.88,304.52,1752.89,440.65,23
21,player,647,0,0,1686.71,304.75,1755.73,440.88,23
21,player,648,0,0,1689.55,304.99,1758.56,441.11,23
21,player,649,0,0,1692.38,305.22,1761.40,441.34,23
21,player,650,0,0,1695.22,305.45,1764.23,441.58,23
21,player,651,0,0,1698.05,305.68,1767.07,441.81,23
21,player,652,0,0,1700.89,305.92,1769.91,442.04,23
21,player,653,0,0,1703.72,306.15,1772.74,442.27,23
21,player,654,0,0,1706.56,306.38,1775.58,442.51,23
21,player,655,0,0,1709.39,306.61,1778.41,442.74,23
21,player,656,0,0,1712.23,306.85,1781.25,442.97,23
21,player,657,0,0,1715.07,307.08,1784.08,443.20,23
21,player,658,0,0,1717.90,307.31,1786.92,443.44,23
21,player,659,0,0,1720.74,307.54,1789.75,443.67,23
21,player,660,0,0,1723.57,307.78,1792.59,443.90,23
21,player,661,0,0,1726.41,308.01,1795.42,444.13,23
21,player,662,0,0,1729.24,308.24,1798.26,444.37,23
21,player,663,0,0,1732.08,308.47,1801.09,444.60,23
21,player,664,0,0,1734.91,308.71,1803.93,444.83,23
21,player,665,0,0,1737.75,308.94,1806.76,445.06,23
21,player,666,0,0,1740.58,309.17,1809.60,445.29,23
21,player,667,0,0,1744.00,309.60,1813.02,445.72,23
21,player,668,0,0,1747.42,310.03,1816.44,446.15,23
21,player,669,0,0,1750.85,310.45,1819.86,446.58,23
21,player,670,0,0,1754.27,310.88,1823.28,447.01,23
21,player,671,0,0,1757.69,311.31,1826.70,447.43,23
21,player,672,0,0,1761.11,311.74,1830.12,447.86,23
21,player,673,0,0,1764.53,312.16,1833.55,448.29,23
21,player,674,0,0,1767.95,312.59,1836.97,448.72,23
21,player,675,0,0,1771.37,313.02,1840.39,449.14,23
21,player,676,0,0,1774.79,313.45,1843.81,449.57,23
21,player,677,0,0,1777.64,313.92,1846.66,450.05,23
21,player,678,0,0,1780.49,314.40,1849.51,450.52,23
21,player,679,0,0,1783.34,314.87,1852.36,451.00,23
21,player,680,0,0,1786.20,315.35,1855.21,451.47,23
21,player,681,0,0,1789.05,315.82,1858.06,451.95,23
21,player,682,0,0,1791.90,316.30,1860.91,452.42,23
21,player,683,0,0,1794.75,316.77,1863.76,452.90,23
21,player,684,0,0,1797.60,317.25,1866.61,453.37,23
21,player,685,0,0,1800.45,317.72,1869.47,453.85,23
21,player,686,0,0,1803.30,318.20,1872.32,454.32,23
21,player,687,0,0,1806.15,318.67,1875.17,454.80,23
21,player,688,0,0,1809.00,319.15,1878.02,455.27,23
21,player,689,0,0,1811.85,319.62,1880.87,455.75,23
21,player,690,0,0,1814.70,320.10,1883.72,456.22,23
21,player,691,0,0,1817.55,320.57,1886.57,456.70,23
21,player,692,0,0,1820.40,321.05,1889.42,457.17,23
21,player,693,0,0,1823.26,321.52,1892.27,457.65,23
21,player,694,0,0,1826.11,322.00,1895.12,458.12,23
21,player,695,0,0,1830.78,320.13,1899.80,456.25,23
21,player,696,0,0,1835.46,318.26,1904.47,454.38,23
21,player,697,0,0,1840.13,316.39,1909.15,452.51,23
21,player,698,0,0,1844.81,314.52,1913.82,450.64,23
21,player,699,0,0,1849.48,312.65,1918.50,448.77,23
21,player,700,0,0,1849.48,312.65,1918.50,448.77,23
21,player,701,0,0,1849.48,312.65,1918.50,448.77,23
21,player,702,0,0,1849.48,312.65,1918.50,448.77,23
21,player,703,0,0,1849.48,312.65,1918.50,448.77,23
21,player,704,0,0,1849.48,312.65,1918.50,448.77,23
21,player,705,0,0,1849.48,312.65,1918.50,448.77,23
21,player,706,0,0,1849.48,312.65,1918.50,448.77,23
21,player,707,0,0,1849.48,312.65,1918.50,448.77,23
21,player,708,0,0,1849.48,312.65,1918.50,448.77,23
21,player,709,0,0,1849.48,312.65,1918.50,448.77,23
21,player,710,0,0,1849.48,312.65,1918.50,448.77,23
21,player,711,0,0,1849.48,312.65,1918.50,448.77,23
21,player,712,0,0,1849.48,312.65,1918.50,448.77,23
21,player,713,0,0,1849.48,312.65,1918.50,448.77,23
21,player,714,0,0,1849.48,312.65,1918.50,448.77,23
21,player,715,0,0,1849.48,312.65,1918.50,448.77,23
21,player,716,0,0,1849.48,312.65,1918.50,448.77,23
21,player,717,0,0,1849.48,312.65,1918.50,448.77,23
21,player,718,0,0,1849.48,312.65,1918.50,448.77,23
21,player,719,0,0,1849.48,312.65,1918.50,448.77,23
21,player,720,0,0,1849.48,312.65,1918.50,448.77,23
21,player,721,0,0,1849.48,312.65,1918.50,448.77,23
21,player,722,0,0,1849.48,312.65,1918.50,448.77,23
21,player,723,0,0,1849.48,312.65,1918.50,448.77,23
21,player,724,1,0,1849.48,312.65,1918.50,448.77,23
22,player,411,0,0,1727.86,578.08,1806.39,752.06,19
22,player,412,0,0,1722.87,577.85,1801.40,751.82,19
22,player,413,0,0,1717.88,577.61,1796.41,751.59,19
22,player,414,0,0,1712.89,577.37,1791.42,751.35,19
22,player,415,0,0,1707.90,577.13,1786.43,751.11,19
22,player,416,0,0,1702.91,576.90,1781.45,750.87,19
22,player,417,0,0,1697.92,576.66,1776.46,750.64,19
22,player,418,0,0,1692.94,576.42,1771.47,750.40,19
22,player,419,0,0,1687.95,576.18,1766.48,750.16,19
22,player,420,0,0,1682.96,575.95,1761.49,749.92,19
22,player,421,0,0,1678.86,574.52,1757.39,746.18,19
22,player,422,0,0,1674.76,573.10,1753.29,742.44,19
22,player,423,0,0,1670.66,571.67,1749.19,738.69,19
22,player,424,0,0,1666.57,570.25,1745.09,734.95,19
22,player,425,0,0,1662.47,568.82,1740.99,731.21,19
22,player,426,0,0,1658.37,567.40,1736.90,727.46,19
22,player,427,0,0,1654.27,565.97,1732.80,723.72,19
22,player,428,0,0,1650.17,564.54,1728.70,719.97,19
22,player,429,0,0,1646.08,563.12,1724.60,716.23,19
22,player,430,0,0,1641.98,561.69,1720.50,712.49,19
22,player,431,0,0,1637.88,560.27,1716.40,708.74,19
22,player,432,0,0,1633.78,558.84,1712.30,705.00,19
22,player,433,0,0,1631.22,557.13,1710.16,703.29,19
22,player,434,0,0,1628.65,555.43,1708.02,701.58,19
22,player,435,0,0,1626.08,553.72,1705.88,699.87,19
22,player,436,0,0,1623.52,552.01,1703.74,698.16,19
22,player,437,0,0,1620.95,550.30,1701.60,696.45,19
22,player,438,0,0,1613.41,550.01,1694.05,696.15,19
22,player,439,0,0,1605.86,549.71,1686.51,695.86,19
22,player,440,0,0,1598.31,549.42,1678.96,695.57,19
22,player,441,0,0,1590.77,549.13,1671.42,695.27,19
22,player,442,0,0,1583.22,548.83,1663.87,694.98,19
22,player,443,0,0,1575.68,548.54,1656.32,694.69,19
22,player,444,0,0,1568.13,548.25,1648.78,694.39,19
22,player,445,0,0,1560.58,547.95,1641.23,694.10,19
22,player,446,0,0,1553.04,547.66,1633.68,693.81,19
22,player,447,0,0,1545.49,547.37,1626.14,693.51,19
22,player,448,0,0,1537.94,547.07,1618.59,693.22,19
22,player,449,0,0,1530.40,546.78,1611.05,692.93,19
22,player,450,0,0,1522.85,546.48,1603.50,692.63,19
22,player,451,0,0,1515.31,546.19,1595.95,692.34,19
22,player,452,0,0,1507.76,545.90,1588.41,692.05,19
22,player,453,0,0,1500.21,545.60,1580.86,691.75,19
22,player,454,0,0,1492.67,545.31,1573.31,691.46,19
22,player,455,0,0,1485.12,545.02,1565.77,691.17,19
22,player,456,0,0,1477.57,544.72,1558.22,690.87,19
22,player,457,0,0,1470.03,544.43,1550.68,690.58,19
22,player,458,0,0,1462.48,544.14,1543.13,690.29,19
22,player,459,0,0,1454.94,543.84,1535.58,689.99,19
22,player,460,0,0,1447.39,543.55,1528.04,689.70,19
22,player,461,0,0,1439.84,543.26,1520.49,689.40,19
22,player,462,0,0,1432.30,542.96,1512.95,689.11,19
22,player,463,0,0,1424.75,542.67,1505.40,688.82,19
22,player,464,0,0,1417.21,542.38,1497.85,688.52,19
22,player,465,0,0,1409.66,542.08,1490.31,688.23,19
22,player,466,0,0,1402.11,541.79,1482.76,687.94,19
22,player,467,0,0,1394.57,541.50,1475.21,687.64,19
22,player,468,0,0,1387.02,541.20,1467.67,687.35,19
22,player,469,0,0,1379.47,540.91,1460.12,687.06,19
22,player,470,0,0,1371.93,540.62,1452.58,686.76,19
22,player,471,0,0,1364.38,540.32,1445.03,686.47,19
22,player,472,0,0,1356.84,540.03,1437.48,686.18,19
22,player,473,0,0,1349.29,539.74,1429.94,685.88,19
22,player,474,0,0,1341.74,539.44,1422.39,685.59,19
22,player,475,0,0,1334.20,539.15,1414.84,685.30,19
22,player,476,0,0,1326.65,538.85,1407.30,685.00,19
22,player,477,0,0,1319.10,538.56,1399.75,684.71,19
22,player,478,0,0,1311.56,538.27,1392.21,684.42,19
22,player,479,0,0,1304.01,537.97,1384.66,684.12,19
22,player,480,0,0,1296.47,537.68,1377.11,683.83,19
22,player,481,0,0,1288.92,537.39,1369.57,683.54,19
22,player,482,0,0,1281.37,537.09,1362.02,683.24,19
22,player,483,0,0,1273.83,536.80,1354.48,682.95,19
22,player,484,0,0,1266.28,536.51,1346.93,682.66,19
22,player,485,0,0,1258.74,536.21,1339.38,682.36,19
22,player,486,0,0,1251.19,535.92,1331.84,682.07,19
22,player,487,0,0,1243.64,535.63,1324.29,681.77,19
22,player,488,0,0,1236.10,535.33,1316.74,681.48,19
22,player,489,0,0,1229.86,535.15,1310.51,681.30,19
22,player,490,0,0,1223.62,534.98,1304.27,681.12,19
22,player,491,0,0,1217.39,534.80,1298.04,680.95,19
22,player,492,0,0,1211.15,534.62,1291.80,680.77,19
22,player,493,0,0,1204.92,534.44,1285.56,680.59,19
22,player,494,0,0,1198.68,534.26,1279.33,680.41,19
22,player,495,0,0,1192.44,534.09,1273.09,680.23,19
22,player,496,0,0,1186.21,533.91,1266.86,680.06,19
22,player,497,0,0,1179.97,533.73,1260.62,679.88,19
22,player,498,0,0,1173.74,533.55,1254.38,679.70,19
22,player,499,0,0,1167.50,533.37,1248.15,679.52,19
22,player,500,0,0,1161.26,533.20,1241.91,679.34,19
22,player,501,0,0,1167.35,533.81,1247.99,679.96,19
22,player,502,0,0,1173.43,534.43,1254.07,680.58,19
22,player,503,0,0,1179.51,535.05,1260.16,681.20,19
22,player,504,0,0,1185.59,535.67,1266.24,681.81,19
22,player,505,0,0,1191.67,536.28,1272.32,682.43,19
22,player,506,0,0,1197.75,536.90,1278.40,683.05,19
22,player,507,0,0,1203.84,537.52,1284.48,683.67,19
22,player,508,0,0,1209.92,538.14,1290.56,684.29,19
22,player,509,0,0,1216.00,538.75,1296.65,684.90,19
22,player,510,0,0,1222.08,539.37,1302.73,685.52,19
22,player,511,0,0,1228.16,539.99,1308.81,686.14,19
22,player,512,0,0,1234.24,540.61,1314.89,686.76,19
22,player,513,0,0,1240.33,541.23,1320.97,687.37,19
22,player,514,0,0,1246.41,541.84,1327.05,687.99,19
22,player,515,0,0,1252.49,542.46,1333.14,688.61,19
22,player,516,0,0,1258.57,543.08,1339.22,689.23,19
22,player,517,0,0,1264.65,543.70,1345.30,689.84,19
22,player,518,0,0,1270.73,544.31,1351.38,690.46,19
22,player,519,0,0,1276.82,544.93,1357.46,691.08,19
22,player,520,0,0,1282.90,545.55,1363.54,691.70,19
22,player,521,0,0,1288.98,546.17,1369.63,692.31,19
22,player,522,0,0,1295.06,546.78,1375.71,692.93,19
22,player,523,0,0,1301.14,547.40,1381.79,693.55,19
22,player,524,0,0,1307.22,548.02,1387.87,694.17,19
22,player,525,0,0,1313.31,548.64,1393.95,694.79,19
22,player,526,0,0,1319.39,549.26,1400.03,695.40,19
22,player,527,0,0,1325.47,549.87,1406.12,696.02,19
22,player,528,0,0,1331.55,550.49,1412.20,696.64,19
22,player,529,0,0,1337.63,551.11,1418.28,697.26,19
22,player,530,0,0,1343.71,551.73,1424.36,697.87,19
22,player,531,0,0,1349.80,552.34,1430.44,698.49,19
22,player,532,0,0,1355.88,552.96,1436.52,699.11,19
22,player,533,0,0,1361.96,553.58,1442.61,699.73,19
22,player,534,0,0,1368.04,554.20,1448.69,700.34,19
22,player,535,0,0,1374.12,554.81,1454.77,700.96,19
22,player,536,0,0,1380.20,555.43,1460.85,701.58,19
22,player,537,0,0,1386.29,556.05,1466.93,702.20,19
22,player,538,0,0,1392.37,556.67,1473.01,702.82,19
22,player,539,0,0,1398.45,557.29,1479.10,703.43,19
22,player,540,0,0,1404.53,557.90,1485.18,704.05,19
22,player,541,0,0,1410.61,558.52,1491.26,704.67,19
22,player,542,0,0,1416.69,559.14,1497.34,705.29,19
22,player,543,0,0,1422.78,559.76,1503.42,705.90,19
22,player,544,0,0,1428.86,560.37,1509.50,706.52,19
22,player,545,0,0,1434.94,560.99,1515.59,707.14,19
22,player,546,0,0,1438.30,559.16,1518.95,705.31,19
22,player,547,0,0,1441.66,557.33,1522.31,703.47,19
22,player,548,0,0,1445.02,555.49,1525.67,701.64,19
22,player,549,0,0,1448.38,553.66,1529.03,699.81,19
22,player,550,0,0,1451.74,551.83,1532.39,697.98,19
22,player,551,0,0,1455.10,550.00,1535.75,696.14,19
22,player,552,0,0,1458.46,548.16,1539.10,694.31,19
22,player,553,0,0,1461.18,548.36,1541.83,694.51,19
22,player,554,0,0,1463.90,548.55,1544.55,694.70,19
22,player,555,0,0,1466.62,548.75,1547.27,694.89,19
22,player,556,0,0,1469.34,548.94,1549.99,695.09,19
22,player,557,0,0,1472.06,549.13,1552.71,695.28,19
22,player,558,0,0,1474.78,549.33,1555.43,695.48,19
22,player,559,0,0,1477.51,549.52,1558.15,695.67,19
22,player,560,0,0,1480.23,549.72,1560.87,695.87,19
22,player,561,0,0,1482.95,549.91,1563.60,696.06,19
22,player,562,0,0,1485.67,550.11,1566.32,696.26,19
22,player,563,0,0,1488.39,550.30,1569.04,696.45,19
22,player,564,0,0,1491.11,550.50,1571.76,696.64,19
22,player,565,0,0,1493.83,550.69,1574.48,696.84,19
22,player,566,0,0,1496.55,550.88,1577.20,697.03,19
22,player,567,0,0,1499.27,551.08,1579.92,697.23,19
22,player,568,0,0,1502.00,551.27,1582.64,697.42,19
22,player,569,0,0,1504.72,551.47,1585.37,697.62,19
22,player,570,0,0,1507.44,551.66,1588.09,697.81,19
22,player,571,0,0,1510.16,551.86,1590.81,698.00,19
22,player,572,0,0,1512.88,552.05,1593.53,698.20,19
22,player,573,0,0,1515.60,552.25,1596.25,698.39,19
22,player,574,0,0,1518.32,552.44,1598.97,698.59,19
22,player,575,0,0,1520.79,553.04,1601.43,699.19,19
22,player,576,0,0,1523.25,553.65,1603.90,699.80,19
22,player,577,0,0,1525.71,554.25,1606.36,700.40,19
22,player,578,0,0,1528.18,554.86,1608.82,701.00,19
22,player,579,0,0,1530.64,555.46,1611.29,701.61,19
22,player,580,0,0,1533.10,556.06,1613.75,702.21,19
22,player,581,0,0,1535.57,556.67,1616.22,702.82,19
22,player,582,0,0,1538.03,557.27,1618.68,703.42,19
22,player,583,0,0,1540.49,557.88,1621.14,704.03,19
22,player,584,0,0,1542.96,558.48,1623.61,704.63,19
22,player,585,0,0,1545.42,559.09,1626.07,705.23,19
22,player,586,0,0,1547.88,559.69,1628.53,705.84,19
22,player,587,0,0,1550.35,560.29,1631.00,706.44,19
22,player,588,0,0,1552.81,560.90,1633.46,707.05,19
22,player,589,0,0,1555.27,561.50,1635.92,707.65,19
22,player,590,0,0,1557.74,562.11,1638.39,708.26,19
22,player,591,0,0,1560.20,562.71,1640.85,708.86,19
22,player,592,0,0,1562.67,563.32,1643.31,709.46,19
22,player,593,0,0,1565.13,563.92,1645.78,710.07,19
22,player,594,0,0,1567.59,564.52,1648.24,710.67,19
22,player,595,0,0,1570.06,565.13,1650.70,711.28,19
22,player,596,0,0,1572.52,565.73,1653.17,711.88,19
22,player,597,0,0,1574.98,566.34,1655.63,712.49,19
22,player,598,0,0,1577.45,566.94,1658.09,713.09,19
22,player,599,0,0,1579.91,567.55,1660.56,713.69,19
22,player,600,0,0,1582.37,568.15,1663.02,714.30,19
22,player,601,0,0,1584.84,568.75,1665.48,714.90,19
22,player,602,0,0,1587.30,569.36,1667.95,715.51,19
22,player,603,0,0,1589.76,569.96,1670.41,716.11,19
22,player,604,0,0,1592.23,570.57,1672.87,716.71,19
22,player,605,0,0,1594.69,571.17,1675.34,717.32,19
22,player,606,0,0,1597.15,571.78,1677.80,717.92,19
22,player,607,0,0,1599.62,572.38,1680.26,718.53,19
22,player,608,0,0,1602.08,572.98,1682.73,719.13,19
22,player,609,0,0,1604.54,573.59,1685.19,719.74,19
22,player,610,0,0,1607.01,574.19,1687.66,720.34,19
22,player,611,0,0,1609.47,574.80,1690.12,720.94,19
22,player,612,0,0,1611.93,575.40,1692.58,721.55,19
22,player,613,0,0,1614.40,576.00,1695.05,722.15,19
22,player,614,0,0,1616.86,576.61,1697.51,722.76,19
22,player,615,0,0,1619.32,577.21,1699.97,723.36,19
22,player,616,0,0,1621.79,577.82,1702.44,723.97,19
22,player,617,0,0,1624.25,578.42,1704.90,724.57,19
22,player,618,0,0,1626.71,579.03,1707.36,725.17,19
22,player,619,0,0,1629.18,579.63,1709.83,725.78,19
22,player,620,0,0,1631.64,580.23,1712.29,726.38,19
22,player,621,0,0,1634.11,580.84,1714.75,726.99,19
22,player,622,0,0,1636.57,581.44,1717.22,727.59,19
22,player,623,0,0,1639.03,582.05,1719.68,728.20,19
22,player,624,0,0,1641.50,582.65,1722.14,728.80,19
22,player,625,0,0,1643.96,583.26,1724.61,729.40,19
22,player,626,0,0,1646.42,583.86,1727.07,730.01,19
22,player,627,0,0,1648.89,584.46,1729.53,730.61,19
22,player,628,0,0,1651.35,585.07,1732.00,731.22,19
22,player,629,0,0,1653.81,585.67,1734.46,731.82,19
22,player,630,0,0,1656.28,586.28,1736.92,732.42,19
22,player,631,0,0,1658.74,586.88,1739.39,733.03,19
22,player,632,0,0,1661.20,587.49,1741.85,733.63,19
22,player,633,0,0,1663.67,588.09,1744.31,734.24,19
22,player,634,0,0,1666.13,588.69,1746.78,734.84,19
22,player,635,0,0,1668.59,589.30,1749.24,735.45,19
22,player,636,0,0,1671.06,589.90,1751.70,736.05,19
22,player,637,0,0,1673.52,590.51,1754.17,736.65,19
22,player,638,0,0,1675.98,591.11,1756.63,737.26,19
22,player,639,0,0,1678.45,591.71,1759.09,737.86,19
22,player,640,0,0,1680.91,592.32,1761.56,738.47,19
22,player,641,0,0,1683.37,592.92,1764.02,739.07,19
22,player,642,0,0,1685.84,593.53,1766.49,739.68,19
22,player,643,0,0,1688.30,594.13,1768.95,740.28,19
22,player,644,0,0,1690.76,594.74,1771.41,740.88,19
22,player,645,0,0,1693.23,595.34,1773.88,741.49,19
22,player,646,0,0,1695.69,595.94,1776.34,742.09,19
22,player,647,0,0,1698.15,596.55,1778.80,742.70,19
22,player,648,0,0,1700.62,597.15,1781.27,743.30,19
22,player,649,0,0,1703.08,597.76,1783.73,743.91,19
22,player,650,0,0,1705.54,598.36,1786.19,744.51,19
22,player,651,0,0,1708.01,598.97,1788.66,745.11,19
22,player,652,0,0,1710.47,599.57,1791.12,745.72,19
22,player,653,0,0,1712.94,600.17,1793.58,746.32,19
22,player,654,0,0,1715.40,600.78,1796.05,746.93,19
22,player,655,0,0,1717.86,601.38,1798.51,747.53,19
22,player,656,0,0,1720.33,601.99,1800.97,748.14,19
22,player,657,0,0,1722.79,602.59,1803.44,748.74,19
22,player,658,0,0,1725.25,603.20,1805.90,749.34,19
22,player,659,0,0,1727.72,603.80,1808.36,749.95,19
22,player,660,0,0,1730.18,604.40,1810.83,750.55,19
22,player,661,0,0,1732.64,605.01,1813.29,751.16,19
22,player,662,0,0,1735.11,605.61,1815.75,751.76,19
22,player,663,0,0,1737.57,606.22,1818.22,752.36,19
22,player,664,0,0,1740.03,606.82,1820.68,752.97,19
22,player,665,0,0,1742.50,607.43,1823.14,753.57,19
22,player,666,0,0,1744.96,608.03,1825.61,754.18,19
22,player,667,0,0,1749.02,607.17,1829.67,753.32,19
22,player,668,0,0,1753.08,606.32,1833.73,752.47,19
22,player,669,0,0,1757.15,605.46,1837.79,751.61,19
22,player,670,0,0,1761.21,604.61,1841.86,750.76,19
22,player,671,0,0,1765.27,603.75,1845.92,749.90,19
22,player,672,0,0,1769.33,602.90,1849.98,749.05,19
22,player,673,0,0,1773.40,602.04,1854.04,748.19,19
22,player,674,0,0,1777.46,601.19,1858.11,747.34,19
22,player,675,0,0,1781.52,600.33,1862.17,746.48,19
22,player,676,0,0,1785.58,599.48,1866.23,745.62,19
22,player,677,0,0,1786.77,600.90,1867.42,747.05,19
22,player,678,0,0,1787.96,602.33,1868.61,748.48,19
22,player,679,0,0,1789.15,603.75,1869.79,749.90,19
22,player,680,0,0,1790.33,605.18,1870.98,751.33,19
22,player,681,0,0,1791.52,606.60,1872.17,752.75,19
22,player,682,0,0,1792.71,608.03,1873.36,754.18,19
22,player,683,0,0,1793.90,609.45,1874.55,755.60,19
22,player,684,0,0,1795.09,610.88,1875.73,757.03,19
22,player,685,0,0,1796.27,612.31,1876.92,758.45,19
22,player,686,0,0,1797.46,613.73,1878.11,759.88,19
22,player,687,0,0,1798.65,615.16,1879.30,761.30,19
22,player,688,0,0,1799.84,616.58,1880.48,762.73,19
22,player,689,0,0,1801.02,618.01,1881.67,764.16,19
22,player,690,0,0,1802.21,619.43,1882.86,765.58,19
22,player,691,0,0,1803.40,620.86,1884.05,767.01,19
22,player,692,0,0,1804.59,622.28,1885.24,768.43,19
22,player,693,0,0,1805.78,623.71,1886.42,769.86,19
22,player,694,0,0,1806.96,625.13,1887.61,771.28,19
22,player,695,0,0,1808.89,626.13,1888.69,772.28,19
22,player,696,0,0,1810.81,627.13,1889.77,773.28,19
22,player,697,0,0,1812.74,628.13,1890.85,774.28,19
22,player,698,0,0,1814.66,629.12,1891.93,775.27,19
22,player,699,0,0,1816.59,630.12,1893.01,776.27,19
22,player,700,0,0,1818.51,631.12,1894.09,777.27,19
22,player,701,0,0,1820.43,632.12,1895.17,778.27,19
22,player,702,0,0,1822.36,633.12,1896.25,779.26,19
22,player,703,0,0,1824.28,634.11,1897.33,780.26,19
22,player,704,0,0,1826.21,635.11,1898.41,781.26,19
22,player,705,0,0,1828.13,636.11,1899.49,782.26,19
22,player,706,0,0,1830.06,637.11,1900.57,783.26,19
22,player,707,0,0,1831.98,638.10,1901.65,784.25,19
22,player,708,0,0,1833.90,639.10,1902.73,785.25,19
22,player,709,0,0,1835.83,640.10,1903.81,786.25,19
22,player,710,0,0,1837.75,641.10,1904.89,787.25,19
22,player,711,0,0,1839.68,642.10,1905.97,788.24,19
22,player,712,0,0,1841.60,643.09,1907.04,789.24,19
22,player,713,0,0,1843.53,644.09,1908.12,790.24,19
22,player,714,0,0,1845.45,645.09,1909.20,791.24,19
22,player,715,0,0,1847.37,646.09,1910.28,792.23,19
22,player,716,0,0,1849.30,647.08,1911.36,793.23,19
22,player,717,0,0,1851.22,648.08,1912.44,794.23,19
22,player,718,0,0,1853.15,649.08,1913.52,795.23,19
22,player,719,0,0,1855.07,650.08,1914.60,796.23,19
22,player,720,0,0,1857.00,651.08,1915.68,797.22,19
22,player,721,0,0,1858.92,652.07,1916.76,798.22,19
22,player,722,0,0,1860.84,653.07,1917.84,799.22,19
22,player,723,0,0,1862.77,654.07,1918.92,800.22,19
22,player,724,0,0,1864.69,655.07,1920.00,801.21,19
22,player,725,0,0,1864.69,655.07,1920.00,801.21,19
22,player,726,0,0,1864.69,655.07,1920.00,801.21,19
22,player,727,0,0,1864.69,655.07,1920.00,801.21,19
22,player,728,0,0,1864.69,655.07,1920.00,801.21,19
22,player,729,0,0,1864.69,655.07,1920.00,801.21,19
22,player,730,0,0,1864.69,655.07,1920.00,801.21,19
22,player,731,1,0,1864.69,655.07,1920.00,801.21,19
23,player,411,0,0,1856.10,315.10,1920.00,465.60,81
23,player,412,0,0,1848.74,315.10,1912.64,465.60,81
23,player,413,0,0,1841.37,315.10,1905.27,465.60,81
23,player,414,0,0,1834.01,315.10,1897.91,465.60,81
23,player,415,0,0,1826.64,315.10,1890.54,465.60,81
23,player,416,0,0,1819.28,315.10,1883.18,465.60,81
23,player,417,0,0,1811.91,315.10,1875.81,465.60,81
23,player,418,0,0,1804.55,315.10,1868.45,465.60,81
23,player,419,0,0,1797.18,315.10,1861.08,465.60,81
23,player,420,0,0,1789.82,315.10,1853.72,465.60,81
23,player,421,0,0,1781.45,313.14,1845.35,463.64,81
23,player,422,0,0,1773.07,311.18,1836.97,461.68,81
23,player,423,0,0,1764.70,309.22,1828.60,459.72,81
23,player,424,0,0,1756.32,307.26,1820.22,457.76,81
23,player,425,0,0,1747.95,305.30,1811.85,455.80,81
23,player,426,0,0,1739.57,303.34,1803.47,453.84,81
23,player,427,0,0,1731.20,301.38,1795.10,451.88,81
23,player,428,0,0,1722.83,299.42,1786.73,449.92,81
23,player,429,0,0,1714.45,297.46,1778.35,447.96,81
23,player,430,0,0,1706.08,295.50,1769.98,446.00,81
23,player,431,0,0,1697.70,293.54,1761.60,444.04,81
23,player,432,0,0,1689.33,291.58,1753.23,442.08,81
23,player,433,0,0,1685.05,290.30,1748.95,440.80,81
23,player,434,0,0,1680.78,289.02,1744.68,439.51,81
23,player,435,0,0,1676.50,287.73,1740.40,438.23,81
23,player,436,0,0,1672.23,286.45,1736.13,436.95,81
23,player,437,0,0,1667.95,285.17,1731.85,435.67,81
23,player,438,0,0,1654.79,285.42,1718.69,435.00,81
23,player,439,0,0,1641.62,285.67,1705.52,434.33,81
23,player,440,0,0,1628.46,285.92,1692.36,433.66,81
23,player,441,0,0,1615.29,286.18,1679.19,432.99,81
23,player,442,0,0,1602.13,286.43,1666.03,432.32,81
23,player,443,0,0,1588.97,286.68,1652.87,431.65,81
23,player,444,0,0,1575.80,286.93,1639.70,430.98,81
23,player,445,0,0,1562.64,287.18,1626.54,430.31,81
23,player,446,0,0,1549.48,287.43,1613.37,429.64,81
23,player,447,0,0,1536.31,287.68,1600.21,428.97,81
23,player,448,0,0,1523.15,287.94,1587.05,428.30,81
23,player,449,0,0,1509.98,288.19,1573.88,427.63,81
23,player,450,0,0,1496.82,288.44,1560.72,426.96,81
23,player,451,0,0,1483.66,288.69,1547.55,426.29,81
23,player,452,0,0,1470.49,288.94,1534.39,425.62,81
23,player,453,0,0,1457.33,289.19,1521.23,424.95,81
23,player,454,0,0,1444.17,289.45,1508.06,424.28,81
23,player,455,0,0,1431.00,289.70,1494.90,423.61,81
23,player,456,0,0,1417.84,289.95,1481.74,422.94,81
23,player,457,0,0,1404.68,290.20,1468.57,422.27,81
23,player,458,0,0,1391.51,290.45,1455.41,421.60,81
23,player,459,0,0,1378.35,290.70,1442.24,420.93,81
23,player,460,0,0,1365.18,290.96,1429.08,420.26,81
23,player,461,0,0,1352.02,291.21,1415.92,419.59,81
23,player,462,0,0,1338.86,291.46,1402.75,418.92,81
23,player,463,0,0,1325.69,291.71,1389.59,418.25,81
23,player,464,0,0,1312.53,291.96,1376.42,417.58,81
23,player,465,0,0,1299.37,292.21,1363.26,416.91,81
23,player,466,0,0,1286.20,292.47,1350.10,416.24,81
23,player,467,0,0,1273.04,292.72,1336.93,415.57,81
23,player,468,0,0,1259.87,292.97,1323.77,414.90,81
23,player,469,0,0,1246.71,293.22,1310.61,414.23,81
23,player,470,0,0,1233.55,293.47,1297.44,413.56,81
23,player,471,0,0,1220.38,293.72,1284.28,412.89,81
23,player,472,0,0,1207.22,293.97,1271.11,412.22,81
23,player,473,0,0,1194.06,294.23,1257.95,411.55,81
23,player,474,0,0,1180.89,294.48,1244.79,410.88,81
23,player,475,0,0,1167.73,294.73,1231.62,410.21,81
23,player,476,0,0,1154.56,294.98,1218.46,409.54,81
23,player,477,0,0,1141.40,295.23,1205.29,408.87,81
23,player,478,0,0,1128.24,295.48,1192.13,408.20,81
23,player,479,0,0,1115.07,295.74,1178.97,407.53,81
23,player,480,0,0,1101.91,295.99,1165.80,406.86,81
23,player,481,0,0,1088.75,296.24,1152.64,406.19,81
23,player,482,0,0,1075.58,296.49,1139.47,405.52,81
23,player,483,0,0,1062.42,296.74,1126.31,404.85,81
23,player,484,0,0,1049.25,296.99,1113.15,404.18,81
23,player,485,0,0,1036.09,297.25,1099.98,403.51,81
23,player,486,0,0,1022.93,297.50,1086.82,402.84,81
23,player,487,0,0,1009.76,297.75,1073.66,402.17,81
23,player,488,0,0,996.60,298.00,1060.49,401.50,81
23,player,489,0,0,986.80,297.64,1051.58,402.03,81
23,player,490,0,0,977.00,297.29,1042.67,402.57,81
23,player,491,0,0,967.20,296.93,1033.76,403.10,81
23,player,492,0,0,957.40,296.57,1024.85,403.63,81
23,player,493,0,0,947.60,296.22,1015.94,404.17,81
23,player,494,0,0,937.80,295.86,1007.02,404.70,81
23,player,495,0,0,928.00,295.50,998.11,405.23,81
23,player,496,0,0,918.20,295.15,989.20,405.77,81
23,player,497,0,0,908.40,294.79,980.29,406.30,81
23,player,498,0,0,898.60,294.44,971.38,406.83,81
23,player,499,0,0,888.81,294.08,962.47,407.37,81
23,player,500,0,0,879.01,293.72,953.56,407.90,81
23,player,501,0,0,883.47,294.18,958.02,408.36,81
23,player,502,0,0,887.93,294.64,962.48,408.82,81
23,player,503,0,0,892.39,295.10,966.94,409.28,81
23,player,504,0,0,896.85,295.56,971.40,409.74,81
23,player,505,0,0,901.31,296.02,975.86,410.19,81
23,player,506,0,0,905.77,296.48,980.32,410.65,81
23,player,507,0,0,910.23,296.94,984.78,411.11,81
23,player,508,0,0,914.69,297.39,989.24,411.57,81
23,player,509,0,0,919.15,297.85,993.70,412.03,81
23,player,510,0,0,923.61,298.31,998.16,412.49,81
23,player,511,0,0,928.07,298.77,1002.62,412.95,81
23,player,512,0,0,932.53,299.23,1007.08,413.41,81
23,player,513,0,0,936.99,299.69,1011.55,413.87,81
23,player,514,0,0,941.46,300.15,1016.01,414.33,81
23,player,515,0,0,945.92,300.61,1020.47,414.78,81
23,player,516,0,0,950.38,301.07,1024.93,415.24,81
23,player,517,0,0,954.84,301.53,1029.39,415.70,81
23,player,518,0,0,959.30,301.98,1033.85,416.16,81
23,player,519,0,0,963.76,302.44,1038.31,416.62,81
23,player,520,0,0,968.22,302.90,1042.77,417.08,81
23,player,521,0,0,972.68,303.36,1047.23,417.54,81
23,player,522,0,0,977.14,303.82,1051.69,418.00,81
23,player,523,0,0,981.60,304.28,1056.15,418.46,81
23,player,524,0,0,986.06,304.74,1060.61,418.92,81
23,player,525,0,0,990.52,305.20,1065.07,419.37,81
23,player,526,0,0,994.98,305.66,1069.53,419.83,81
23,player,527,0,0,999.44,306.12,1074.00,420.29,81
23,player,528,0,0,1003.90,306.57,1078.46,420.75,81
23,player,529,0,0,1008.37,307.03,1082.92,421.21,81
23,player,530,0,0,1012.83,307.49,1087.38,421.67,81
23,player,531,0,0,1017.29,307.95,1091.84,422.13,81
23,player,532,0,0,1021.75,308.41,1096.30,422.59,81
23,player,533,0,0,1026.21,308.87,1100.76,423.05,81
23,player,534,0,0,1030.67,309.33,1105.22,423.51,81
23,player,535,0,0,1035.13,309.79,1109.68,423.96,81
23,player,536,0,0,1039.59,310.25,1114.14,424.42,81
23,player,537,0,0,1044.05,310.71,1118.60,424.88,81
23,player,538,0,0,1048.51,311.16,1123.06,425.34,81
23,player,539,0,0,1052.97,311.62,1127.52,425.80,81
23,player,540,0,0,1057.43,312.08,1131.98,426.26,81
23,player,541,0,0,1061.89,312.54,1136.44,426.72,81
23,player,542,0,0,1066.35,313.00,1140.91,427.18,81
23,player,543,0,0,1070.81,313.46,1145.37,427.64,81
23,player,544,0,0,1075.28,313.92,1149.83,428.10,81
23,player,545,0,0,1079.74,314.38,1154.29,428.55,81
23,player,546,0,0,1085.85,314.07,1160.40,428.25,81
23,player,547,0,0,1091.95,313.77,1166.51,427.94,81
23,player,548,0,0,1098.06,313.46,1172.61,427.64,81
23,player,549,0,0,1104.17,313.16,1178.72,427.33,81
23,player,550,0,0,1110.28,312.85,1184.83,427.03,81
23,player,551,0,0,1116.39,312.54,1190.94,426.72,81
23,player,552,0,0,1122.50,312.24,1197.05,426.42,81
23,player,553,0,0,1124.64,311.75,1199.19,425.93,81
23,player,554,0,0,1126.78,311.27,1201.33,425.44,81
23,player,555,0,0,1128.91,310.78,1203.46,424.96,81
23,player,556,0,0,1131.05,310.30,1205.60,424.47,81
23,player,557,0,0,1133.19,309.81,1207.74,423.99,81
23,player,558,0,0,1135.33,309.32,1209.88,423.50,81
23,player,559,0,0,1137.47,308.84,1212.02,423.01,81
23,player,560,0,0,1139.60,308.35,1214.15,422.53,81
23,player,561,0,0,1141.74,307.87,1216.29,422.04,81
23,player,562,0,0,1143.88,307.38,1218.43,421.56,81
23,player,563,0,0,1146.02,306.89,1220.57,421.07,81
23,player,564,0,0,1148.16,306.41,1222.71,420.58,81
23,player,565,0,0,1150.29,305.92,1224.85,420.10,81
23,player,566,0,0,1152.43,305.44,1226.98,419.61,81
23,player,567,0,0,1154.57,304.95,1229.12,419.13,81
23,player,568,0,0,1156.71,304.46,1231.26,418.64,81
23,player,569,0,0,1158.85,303.98,1233.40,418.15,81
23,player,570,0,0,1160.98,303.49,1235.54,417.67,81
23,player,571,0,0,1163.12,303.01,1237.67,417.18,81
23,player,572,0,0,1165.26,302.52,1239.81,416.70,81
23,player,573,0,0,1167.40,302.03,1241.95,416.21,81
23,player,574,0,0,1169.54,301.55,1244.09,415.73,81
23,player,575,0,0,1173.42,301.43,1247.97,415.61,81
23,player,576,0,0,1177.30,301.32,1251.85,415.49,81
23,player,577,0,0,1181.18,301.20,1255.73,415.38,81
23,player,578,0,0,1185.06,301.08,1259.61,415.26,81
23,player,579,0,0,1188.94,300.97,1263.49,415.14,81
23,player,580,0,0,1192.82,300.85,1267.37,415.03,81
23,player,581,0,0,1196.70,300.74,1271.26,414.91,81
23,player,582,0,0,1200.59,300.62,1275.14,414.80,81
23,player,583,0,0,1204.47,300.50,1279.02,414.68,81
23,player,584,0,0,1208.35,300.39,1282.90,414.56,81
23,player,585,0,0,1212.23,300.27,1286.78,414.45,81
23,player,586,0,0,1216.11,300.15,1290.66,414.33,81
23,player,587,0,0,1219.99,300.04,1294.54,414.21,81
23,player,588,0,0,1223.87,299.92,1298.42,414.10,81
23,player,589,0,0,1227.75,299.81,1302.30,413.98,81
23,player,590,0,0,1231.63,299.69,1306.19,413.87,81
23,player,591,0,0,1235.52,299.57,1310.07,413.75,81
23,player,592,0,0,1239.40,299.46,1313.95,413.63,81
23,player,593,0,0,1243.28,299.34,1317.83,413.52,81
23,player,594,0,0,1247.16,299.22,1321.71,413.40,81
23,player,595,0,0,1251.04,299.11,1325.59,413.28,81
23,player,596,0,0,1254.92,298.99,1329.47,413.17,81
23,player,597,0,0,1258.80,298.88,1333.35,413.05,81
23,player,598,0,0,1262.68,298.76,1337.23,412.94,81
23,player,599,0,0,1266.56,298.64,1341.12,412.82,81
23,player,600,0,0,1270.45,298.53,1345.00,412.70,81
23,player,601,0,0,1274.33,298.41,1348.88,412.59,81
23,player,602,0,0,1278.21,298.30,1352.76,412.47,81
23,player,603,0,0,1282.09,298.18,1356.64,412.36,81
23,player,604,0,0,1285.97,298.06,1360.52,412.24,81
23,player,605,0,0,1289.85,297.95,1364.40,412.12,81
23,player,606,0,0,1293.73,297.83,1368.28,412.01,81
23,player,607,0,0,1297.61,297.71,1372.16,411.89,81
23,player,608,0,0,1301.49,297.60,1376.04,411.77,81
23,player,609,0,0,1305.37,297.48,1379.93,411.66,81
23,player,610,0,0,1309.26,297.37,1383.81,411.54,81
23,player,611,0,0,1313.14,297.25,1387.69,411.43,81
23,player,612,0,0,1317.02,297.13,1391.57,411.31,81
23,player,613,0,0,1320.90,297.02,1395.45,411.19,81
23,player,614,0,0,1324.78,296.90,1399.33,411.08,81
23,player,615,0,0,1328.66,296.78,1403.21,410.96,81
23,player,616,0,0,1332.54,296.67,1407.09,410.84,81
23,player,617,0,0,1336.42,296.55,1410.97,410.73,81
23,player,618,0,0,1340.30,296.44,1414.86,410.61,81
23,player,619,0,0,1344.19,296.32,1418.74,410.50,81
23,player,620,0,0,1348.07,296.20,1422.62,410.38,81
23,player,621,0,0,1351.95,296.09,1426.50,410.26,81
23,player,622,0,0,1355.83,295.97,1430.38,410.15,81
23,player,623,0,0,1359.71,295.86,1434.26,410.03,81
23,player,624,0,0,1363.59,295.74,1438.14,409.92,81
23,player,625,0,0,1367.47,295.62,1442.02,409.80,81
23,player,626,0,0,1371.35,295.51,1445.90,409.68,81
23,player,627,0,0,1375.23,295.39,1449.79,409.57,81
23,player,628,0,0,1379.12,295.27,1453.67,409.45,81
23,player,629,0,0,1383.00,295.16,1457.55,409.33,81
23,player,630,0,0,1386.88,295.04,1461.43,409.22,81
23,player,631,0,0,1390.76,294.93,1465.31,409.10,81
23,player,632,0,0,1394.64,294.81,1469.19,408.99,81
23,player,633,0,0,1398.52,294.69,1473.07,408.87,81
23,player,634,0,0,1402.40,294.58,1476.95,408.75,81
23,player,635,0,0,1406.28,294.46,1480.83,408.64,81
23,player,636,0,0,1410.16,294.34,1484.72,408.52,81
23,player,637,0,0,1414.05,294.23,1488.60,408.40,81
23,player,638,0,0,1417.93,294.11,1492.48,408.29,81
23,player,639,0,0,1421.81,294.00,1496.36,408.17,81
23,player,640,0,0,1425.69,293.88,1500.24,408.06,81
23,player,641,0,0,1429.57,293.76,1504.12,407.94,81
23,player,642,0,0,1433.45,293.65,1508.00,407.82,81
23,player,643,0,0,1437.33,293.53,1511.88,407.71,81
23,player,644,0,0,1441.21,293.41,1515.76,407.59,81
23,player,645,0,0,1445.09,293.30,1519.64,407.47,81
23,player,646,0,0,1448.98,293.18,1523.53,407.36,81
23,player,647,0,0,1452.86,293.07,1527.41,407.24,81
23,player,648,0,0,1456.74,292.95,1531.29,407.13,81
23,player,649,0,0,1460.62,292.83,1535.17,407.01,81
23,player,650,0,0,1464.50,292.72,1539.05,406.89,81
23,player,651,0,0,1468.38,292.60,1542.93,406.78,81
23,player,652,0,0,1472.26,292.49,1546.81,406.66,81
23,player,653,0,0,1476.14,292.37,1550.69,406.55,81
23,player,654,0,0,1480.02,292.25,1554.57,406.43,81
23,player,655,0,0,1483.90,292.14,1558.46,406.31,81
23,player,656,0,0,1487.79,292.02,1562.34,406.20,81
23,player,657,0,0,1491.67,291.90,1566.22,406.08,81
23,player,658,0,0,1495.55,291.79,1570.10,405.96,81
23,player,659,0,0,1499.43,291.67,1573.98,405.85,81
23,player,660,0,0,1503.31,291.56,1577.86,405.73,81
23,player,661,0,0,1507.19,291.44,1581.74,405.62,81
23,player,662,0,0,1511.07,291.32,1585.62,405.50,81
23,player,663,0,0,1514.95,291.21,1589.50,405.38,81
23,player,664,0,0,1518.83,291.09,1593.39,405.27,81
23,player,665,0,0,1522.72,290.97,1597.27,405.15,81
23,player,666,0,0,1526.60,290.86,1601.15,405.03,81
23,player,667,0,0,1529.38,290.22,1603.93,404.39,81
23,player,668,0,0,1532.16,289.58,1606.71,403.75,81
23,player,669,0,0,1534.94,288.93,1609.49,403.11,81
23,player,670,0,0,1537.71,288.29,1612.27,402.47,81
23,player,671,0,0,1540.49,287.65,1615.05,401.83,81
23,player,672,0,0,1543.27,287.01,1617.82,401.19,81
23,player,673,0,0,1546.05,286.37,1620.60,400.54,81
23,player,674,0,0,1548.83,285.73,1623.38,399.90,81
23,player,675,0,0,1551.61,285.09,1626.16,399.26,81
23,player,676,0,0,1554.39,284.44,1628.94,398.62,81
23,player,677,0,0,1553.32,284.56,1627.87,398.74,81
23,player,678,0,0,1552.25,284.68,1626.80,398.86,81
23,player,679,0,0,1551.18,284.80,1625.74,398.98,81
23,player,680,0,0,1550.12,284.92,1624.67,399.10,81
23,player,681,0,0,1549.05,285.04,1623.60,399.21,81
23,player,682,0,0,1547.98,285.16,1622.53,399.33,81
23,player,683,0,0,1546.91,285.28,1621.46,399.45,81
23,player,684,0,0,1545.84,285.39,1620.39,399.57,81
23,player,685,0,0,1544.77,285.51,1619.32,399.69,81
23,player,686,0,0,1543.70,285.63,1618.25,399.81,81
23,player,687,0,0,1542.63,285.75,1617.18,399.93,81
23,player,688,0,0,1541.56,285.87,1616.11,400.05,81
23,player,689,0,0,1540.49,285.99,1615.05,400.17,81
23,player,690,0,0,1539.43,286.11,1613.98,400.28,81
23,player,691,0,0,1538.36,286.23,1612.91,400.40,81
23,player,692,0,0,1537.29,286.35,1611.84,400.52,81
23,player,693,0,0,1536.22,286.46,1610.77,400.64,81
23,player,694,0,0,1535.15,286.58,1609.70,400.76,81
23,player,695,0,0,1539.82,286.58,1614.38,400.76,81
23,player,696,0,0,1544.50,286.58,1619.05,400.76,81
23,player,697,0,0,1549.18,286.58,1623.73,400.76,81
23,player,698,0,0,1553.85,286.58,1628.40,400.76,81
23,player,699,0,0,1558.53,286.58,1633.08,400.76,81
23,player,700,0,0,1561.18,287.35,1635.73,401.53,81
23,player,701,0,0,1563.83,288.12,1638.38,402.30,81
23,player,702,0,0,1566.48,288.89,1641.03,403.07,81
23,player,703,0,0,1569.13,289.66,1643.68,403.84,81
23,player,704,0,0,1571.78,290.43,1646.33,404.61,81
23,player,705,0,0,1574.43,291.20,1648.98,405.38,81
23,player,706,0,0,1577.08,291.97,1651.64,406.15,81
23,player,707,0,0,1579.74,292.74,1654.29,406.92,81
23,player,708,0,0,1582.39,293.51,1656.94,407.69,81
23,player,709,0,0,1585.04,294.28,1659.59,408.46,81
23,player,710,0,0,1587.69,295.05,1662.24,409.23,81
23,player,711,0,0,1590.34,295.82,1664.89,410.00,81
23,player,712,0,0,1592.99,296.59,1667.54,410.77,81
23,player,713,0,0,1595.64,297.36,1670.19,411.53,81
23,player,714,0,0,1598.29,298.13,1672.85,412.30,81
23,player,715,0,0,1600.95,298.90,1675.50,413.07,81
23,player,716,0,0,1603.60,299.67,1678.15,413.84,81
23,player,717,0,0,1606.25,300.44,1680.80,414.61,81
23,player,718,0,0,1608.90,301.21,1683.45,415.38,81
23,player,719,0,0,1611.55,301.98,1686.10,416.15,81
23,player,720,0,0,1614.20,302.75,1688.75,416.92,81
23,player,721,0,0,1616.85,303.52,1691.40,417.69,81
23,player,722,0,0,1619.50,304.29,1694.06,418.46,81
23,player,723,0,0,1622.16,305.06,1696.71,419.23,81
23,player,724,0,0,1624.81,305.83,1699.36,420.00,81
23,player,725,0,0,1635.50,306.13,1710.05,420.31,81
23,player,726,0,0,1646.19,306.44,1720.74,420.61,81
23,player,727,0,0,1656.88,306.74,1731.43,420.92,81
23,player,728,0,0,1667.57,307.05,1742.12,421.22,81
23,player,729,0,0,1678.26,307.35,1752.81,421.53,81
23,player,730,0,0,1688.95,307.66,1763.50,421.83,81
23,player,731,0,0,1699.64,307.96,1774.19,422.14,81
23,player,732,0,0,1695.28,310.67,1770.00,424.85,81
23,player,733,0,0,1690.92,313.38,1765.81,427.56,81
23,player,734,0,0,1686.55,316.09,1761.62,430.26,81
23,player,735,0,0,1682.19,318.80,1757.43,432.97,81
23,player,736,0,0,1677.83,321.51,1753.24,435.68,81
23,player,737,0,0,1673.47,324.21,1749.05,438.39,81
23,player,738,0,0,1669.11,326.92,1744.85,441.10,81
23,player,739,0,0,1664.75,329.63,1740.66,443.81,81
23,player,740,0,0,1660.38,332.34,1736.47,446.51,81
23,player,741,0,0,1656.02,335.05,1732.28,449.22,81
23,player,742,0,0,1651.66,337.75,1728.09,451.93,81
23,player,743,0,0,1647.30,340.46,1723.90,454.64,81
23,player,744,0,0,1642.94,343.17,1719.71,457.35,81
23,player,745,0,0,1638.58,345.88,1715.52,460.06,81
23,player,746,0,0,1634.21,348.59,1711.33,462.76,81
23,player,747,0,0,1629.85,351.30,1707.14,465.47,81
23,player,748,0,0,1625.49,354.00,1702.95,468.18,81
23,player,749,0,0,1621.13,356.71,1698.75,470.89,81
23,player,750,0,0,1616.77,359.42,1694.56,473.60,81
23,player,751,0,0,1612.41,362.13,1690.37,476.30,81
23,player,752,0,0,1608.04,364.84,1686.18,479.01,81
23,player,753,0,0,1603.68,367.54,1681.99,481.72,81
23,player,754,0,0,1599.32,370.25,1677.80,484.43,81
23,player,755,0,0,1594.96,372.96,1673.61,487.14,81
23,player,756,0,0,1590.60,375.67,1669.42,489.85,81
23,player,757,0,0,1586.24,378.38,1665.23,492.55,81
23,player,758,0,0,1581.87,381.09,1661.04,495.26,81
23,player,759,0,0,1577.51,383.79,1656.85,497.97,81
23,player,760,0,0,1573.15,386.50,1652.65,500.68,81
23,player,761,0,0,1568.79,389.21,1648.46,503.39,81
23,player,762,0,0,1564.43,391.92,1644.27,506.10,81
23,player,763,0,0,1560.07,394.63,1640.08,508.80,81
23,player,764,0,0,1555.70,397.34,1635.89,511.51,81
23,player,765,0,0,1551.34,400.04,1631.70,514.22,81
23,player,766,0,0,1546.98,402.75,1627.51,516.93,81
23,player,767,0,0,1542.62,405.46,1623.32,519.64,81
23,player,768,0,0,1538.26,408.17,1619.13,522.34,81
23,player,769,0,0,1533.90,410.88,1614.94,525.05,81
23,player,770,0,0,1529.53,413.58,1610.75,527.76,81
23,player,771,0,0,1525.17,416.29,1606.55,530.47,81
23,player,772,0,0,1520.81,419.00,1602.36,533.18,81
23,player,773,0,0,1516.45,421.71,1598.17,535.89,81
23,player,774,0,0,1512.09,424.42,1593.98,538.59,81
23,player,775,0,0,1507.73,427.13,1589.79,541.30,81
23,player,776,0,0,1503.36,429.83,1585.60,544.01,81
23,player,777,0,0,1499.00,432.54,1581.41,546.72,81
23,player,778,0,0,1494.64,435.25,1577.22,549.43,81
23,player,779,0,0,1490.28,437.96,1573.03,552.14,81
23,player,780,0,0,1485.92,440.67,1568.84,554.84,81
23,player,781,0,0,1481.56,443.38,1564.65,557.55,81
23,player,782,0,0,1477.19,446.08,1560.45,560.26,81
23,player,783,0,0,1472.83,448.79,1556.26,562.97,81
23,player,784,0,0,1468.47,451.50,1552.07,565.68,81
23,player,785,0,0,1464.11,454.21,1547.88,568.38,81
23,player,786,0,0,1459.75,456.92,1543.69,571.09,81
23,player,787,0,0,1455.38,459.62,1539.50,573.80,81
23,player,788,0,0,1451.02,462.33,1535.31,576.51,81
23,player,789,0,0,1446.66,465.04,1531.12,579.22,81
23,player,790,0,0,1442.30,467.75,1526.93,581.93,81
23,player,791,0,0,1437.94,470.46,1522.74,584.63,81
23,player,792,0,0,1433.58,473.17,1518.55,587.34,81
23,player,793,0,0,1429.21,475.87,1514.35,590.05,81
23,player,794,0,0,1424.85,478.58,1510.16,592.76,81
23,player,795,0,0,1420.49,481.29,1505.97,595.47,81
23,player,796,0,0,1416.13,484.00,1501.78,598.18,81
23,player,797,0,0,1411.77,486.71,1497.59,600.88,81
23,player,798,0,0,1407.41,489.42,1493.40,603.59,81
23,player,799,0,0,1403.04,492.12,1489.21,606.30,81
23,player,800,0,0,1398.68,494.83,1485.02,609.01,81
23,player,801,0,0,1394.32,497.54,1480.83,611.72,81
23,player,802,0,0,1389.96,500.25,1476.64,614.42,81
23,player,803,0,0,1385.60,502.96,1472.45,617.13,81
23,player,804,0,0,1381.24,505.66,1468.25,619.84,81
23,player,805,0,0,1376.87,508.37,1464.06,622.55,81
23,player,806,1,0,1372.51,511.08,1459.87,625.26,81
24,player,420,0,0,1856.14,871.00,1920.00,1055.68,21
24,player,421,0,0,1849.91,871.00,1915.72,1053.36,21
24,player,422,0,0,1843.67,871.00,1911.45,1051.05,21
24,player,423,0,0,1837.43,871.00,1907.17,1048.73,21
24,player,424,0,0,1831.20,871.00,1902.89,1046.41,21
24,player,425,0,0,1824.96,871.00,1898.61,1044.10,21
24,player,426,0,0,1818.73,871.00,1894.34,1041.78,21
24,player,427,0,0,1812.49,871.00,1890.06,1039.47,21
24,player,428,0,0,1806.25,871.00,1885.78,1037.15,21
24,player,429,0,0,1800.02,871.00,1881.50,1034.83,21
24,player,430,0,0,1793.78,871.00,1877.23,1032.52,21
24,player,431,0,0,1787.54,871.00,1872.95,1030.20,21
24,player,432,0,0,1781.31,871.00,1868.67,1027.88,21
24,player,433,0,0,1775.32,870.14,1862.68,1027.03,21
24,player,434,0,0,1769.33,869.29,1856.70,1026.17,21
24,player,435,0,0,1763.35,868.43,1850.71,1025.32,21
24,player,436,0,0,1757.36,867.58,1844.72,1024.46,21
24,player,437,0,0,1751.37,866.72,1838.74,1023.61,21
24,player,438,0,0,1740.39,865.63,1827.75,1022.52,21
24,player,439,0,0,1729.41,864.54,1816.77,1021.43,21
24,player,440,0,0,1718.42,863.45,1805.78,1020.34,21
24,player,441,0,0,1707.44,862.36,1794.80,1019.25,21
24,player,442,0,0,1696.45,861.27,1783.82,1018.16,21
24,player,443,0,0,1685.47,860.18,1772.83,1017.07,21
24,player,444,0,0,1674.49,859.09,1761.85,1015.98,21
24,player,445,0,0,1663.50,858.00,1750.87,1014.89,21
24,player,446,0,0,1652.52,856.91,1739.88,1013.80,21
24,player,447,0,0,1641.54,855.82,1728.90,1012.71,21
24,player,448,0,0,1630.55,854.73,1717.91,1011.62,21
24,player,449,0,0,1619.57,853.64,1706.93,1010.53,21
24,player,450,0,0,1608.58,852.55,1695.95,1009.44,21
24,player,451,0,0,1597.60,851.46,1684.96,1008.35,21
24,player,452,0,0,1586.62,850.37,1673.98,1007.26,21
24,player,453,0,0,1575.63,849.28,1662.99,1006.17,21
24,player,454,0,0,1564.65,848.19,1652.01,1005.08,21
24,player,455,0,0,1553.66,847.11,1641.03,1003.99,21
24,player,456,0,0,1542.68,846.02,1630.04,1002.90,21
24,player,457,0,0,1531.70,844.93,1619.06,1001.81,21
24,player,458,0,0,1520.71,843.84,1608.07,1000.72,21
24,player,459,0,0,1509.73,842.75,1597.09,999.63,21
24,player,460,0,0,1498.74,841.66,1586.11,998.54,21
24,player,461,0,0,1487.76,840.57,1575.12,997.45,21
24,player,462,0,0,1476.78,839.48,1564.14,996.36,21
24,player,463,0,0,1465.79,838.39,1553.16,995.27,21
24,player,464,0,0,1454.81,837.30,1542.17,994.18,21
24,player,465,0,0,1443.82,836.21,1531.19,993.09,21
24,player,466,0,0,1432.84,835.12,1520.20,992.00,21
24,player,467,0,0,1421.86,834.03,1509.22,990.91,21
24,player,468,0,0,1410.87,832.94,1498.24,989.82,21
24,player,469,0,0,1399.89,831.85,1487.25,988.73,21
24,player,470,0,0,1388.91,830.76,1476.27,987.64,21
24,player,471,0,0,1377.92,829.67,1465.28,986.55,21
24,player,472,0,0,1366.94,828.58,1454.30,985.46,21
24,player,473,0,0,1355.95,827.49,1443.32,984.37,21
24,player,474,0,0,1344.97,826.40,1432.33,983.28,21
24,player,475,0,0,1333.99,825.31,1421.35,982.19,21
24,player,476,0,0,1323.00,824.22,1410.36,981.10,21
24,player,477,0,0,1312.02,823.13,1399.38,980.01,21
24,player,478,0,0,1301.03,822.04,1388.40,978.92,21
24,player,479,0,0,1290.05,820.95,1377.41,977.83,21
24,player,480,0,0,1279.07,819.86,1366.43,976.74,21
24,player,481,0,0,1268.08,818.77,1355.44,975.65,21
24,player,482,0,0,1257.10,817.68,1344.46,974.56,21
24,player,483,0,0,1246.11,816.59,1333.48,973.47,21
24,player,484,0,0,1235.13,815.50,1322.49,972.38,21
24,player,485,0,0,1224.15,814.41,1311.51,971.29,21
24,player,486,0,0,1213.16,813.32,1300.53,970.20,21
24,player,487,0,0,1202.18,812.23,1289.54,969.11,21
24,player,488,0,0,1191.20,811.14,1278.56,968.02,21
24,player,489,0,0,1181.04,811.31,1268.40,968.20,21
24,player,490,0,0,1170.88,811.49,1258.25,968.38,21
24,player,491,0,0,1160.73,811.67,1248.09,968.55,21
24,player,492,0,0,1150.57,811.85,1237.93,968.73,21
24,player,493,0,0,1140.42,812.03,1227.78,968.91,21
24,player,494,0,0,1130.26,812.21,1217.62,969.09,21
24,player,495,0,0,1120.10,812.38,1207.47,969.27,21
24,player,496,0,0,1109.95,812.56,1197.31,969.45,21
24,player,497,0,0,1099.79,812.74,1187.16,969.62,21
24,player,498,0,0,1089.64,812.92,1177.00,969.80,21
24,player,499,0,0,1079.48,813.10,1166.84,969.98,21
24,player,500,0,0,1069.33,813.27,1156.69,970.16,21
24,player,501,0,0,1072.56,813.08,1159.92,969.97,21
24,player,502,0,0,1075.79,812.89,1163.15,969.78,21
24,player,503,0,0,1079.02,812.70,1166.38,969.59,21
24,player,504,0,0,1082.25,812.51,1169.61,969.40,21
24,player,505,0,0,1085.48,812.32,1172.84,969.21,21
24,player,506,0,0,1088.71,812.13,1176.07,969.02,21
24,player,507,0,0,1091.94,811.94,1179.30,968.83,21
24,player,508,0,0,1095.17,811.75,1182.53,968.64,21
24,player,509,0,0,1098.40,811.56,1185.77,968.45,21
24,player,510,0,0,1101.63,811.37,1189.00,968.26,21
24,player,511,0,0,1104.86,811.18,1192.23,968.07,21
24,player,512,0,0,1108.10,810.99,1195.46,967.88,21
24,player,513,0,0,1111.33,810.80,1198.69,967.69,21
24,player,514,0,0,1114.56,810.61,1201.92,967.50,21
24,player,515,0,0,1117.79,810.42,1205.15,967.31,21
24,player,516,0,0,1121.02,810.23,1208.38,967.12,21
24,player,517,0,0,1124.25,810.04,1211.61,966.93,21
24,player,518,0,0,1127.48,809.85,1214.84,966.74,21
24,player,519,0,0,1130.71,809.66,1218.07,966.55,21
24,player,520,0,0,1133.94,809.47,1221.31,966.36,21
24,player,521,0,0,1137.17,809.28,1224.54,966.17,21
24,player,522,0,0,1140.40,809.09,1227.77,965.98,21
24,player,523,0,0,1143.64,808.90,1231.00,965.79,21
24,player,524,0,0,1146.87,808.71,1234.23,965.60,21
24,player,525,0,0,1150.10,808.52,1237.46,965.41,21
24,player,526,0,0,1153.33,808.33,1240.69,965.22,21
24,player,527,0,0,1156.56,808.14,1243.92,965.03,21
24,player,528,0,0,1159.79,807.95,1247.15,964.84,21
24,player,529,0,0,1163.02,807.76,1250.38,964.65,21
24,player,530,0,0,1166.25,807.57,1253.61,964.46,21
24,player,531,0,0,1169.48,807.38,1256.84,964.27,21
24,player,532,0,0,1172.71,807.19,1260.08,964.08,21
24,player,533,0,0,1175.94,807.00,1263.31,963.89,21
24,player,534,0,0,1179.18,806.81,1266.54,963.70,21
24,player,535,0,0,1182.41,806.62,1269.77,963.51,21
24,player,536,0,0,1185.64,806.43,1273.00,963.32,21
24,player,537,0,0,1188.87,806.24,1276.23,963.13,21
24,player,538,0,0,1192.10,806.05,1279.46,962.94,21
24,player,539,0,0,1195.33,805.86,1282.69,962.75,21
24,player,540,0,0,1198.56,805.67,1285.92,962.56,21
24,player,541,0,0,1201.79,805.48,1289.15,962.37,21
24,player,542,0,0,1205.02,805.29,1292.38,962.18,21
24,player,543,0,0,1208.25,805.10,1295.62,961.99,21
24,player,544,0,0,1211.48,804.91,1298.85,961.80,21
24,player,545,0,0,1214.71,804.72,1302.08,961.61,21
24,player,546,0,0,1221.74,803.19,1309.10,960.08,21
24,player,547,0,0,1228.77,801.67,1316.13,958.55,21
24,player,548,0,0,1235.79,800.14,1323.15,957.02,21
24,player,549,0,0,1242.82,798.61,1330.18,955.50,21
24,player,550,0,0,1249.84,797.09,1337.20,953.97,21
24,player,551,0,0,1256.87,795.56,1344.23,952.44,21
24,player,552,0,0,1263.89,794.03,1351.25,950.92,21
24,player,553,0,0,1266.11,792.31,1353.47,949.19,21
24,player,554,0,0,1268.32,790.58,1355.68,947.47,21
24,player,555,0,0,1270.54,788.86,1357.90,945.74,21
24,player,556,0,0,1272.75,787.13,1360.11,944.02,21
24,player,557,0,0,1274.97,785.41,1362.33,942.29,21
24,player,558,0,0,1277.18,783.68,1364.54,940.56,21
24,player,559,0,0,1279.40,781.96,1366.76,938.84,21
24,player,560,0,0,1281.61,780.23,1368.97,937.11,21
24,player,561,0,0,1283.83,778.51,1371.19,935.39,21
24,player,562,0,0,1286.04,776.78,1373.40,933.66,21
24,player,563,0,0,1288.26,775.06,1375.62,931.94,21
24,player,564,0,0,1290.47,773.33,1377.83,930.21,21
24,player,565,0,0,1292.69,771.61,1380.05,928.49,21
24,player,566,0,0,1294.90,769.88,1382.27,926.76,21
24,player,567,0,0,1297.12,768.16,1384.48,925.04,21
24,player,568,0,0,1299.33,766.43,1386.70,923.31,21
24,player,569,0,0,1301.55,764.71,1388.91,921.59,21
24,player,570,0,0,1303.76,762.98,1391.13,919.86,21
24,player,571,0,0,1305.98,761.26,1393.34,918.14,21
24,player,572,0,0,1308.19,759.53,1395.56,916.41,21
24,player,573,0,0,1310.41,757.81,1397.77,914.69,21
24,player,574,0,0,1312.62,756.08,1399.99,912.96,21
24,player,575,0,0,1313.74,755.29,1401.10,912.17,21
24,player,576,0,0,1314.86,754.50,1402.22,911.38,21
24,player,577,0,0,1315.97,753.71,1403.33,910.59,21
24,player,578,0,0,1317.09,752.92,1404.45,909.80,21
24,player,579,0,0,1318.20,752.13,1405.56,909.01,21
24,player,580,0,0,1319.32,751.34,1406.68,908.22,21
24,player,581,0,0,1320.43,750.55,1407.80,907.43,21
24,player,582,0,0,1321.55,749.76,1408.91,906.64,21
24,player,583,0,0,1322.66,748.97,1410.03,905.85,21
24,player,584,0,0,1323.78,748.18,1411.14,905.06,21
24,player,585,0,0,1324.89,747.39,1412.26,904.27,21
24,player,586,0,0,1326.01,746.60,1413.37,903.48,21
24,player,587,0,0,1327.13,745.81,1414.49,902.69,21
24,player,588,0,0,1328.24,745.02,1415.60,901.90,21
24,player,589,0,0,1329.36,744.23,1416.72,901.11,21
24,player,590,0,0,1330.47,743.44,1417.83,900.32,21
24,player,591,0,0,1331.59,742.65,1418.95,899.53,21
24,player,592,0,0,1332.70,741.86,1420.07,898.74,21
24,player,593,0,0,1333.82,741.07,1421.18,897.95,21
24,player,594,0,0,1334.93,740.28,1422.30,897.16,21
24,player,595,0,0,1336.05,739.49,1423.41,896.37,21
24,player,596,0,0,1337.17,738.70,1424.53,895.58,21
24,player,597,0,0,1338.28,737.91,1425.64,894.79,21
24,player,598,0,0,1339.40,737.12,1426.76,894.00,21
24,player,599,0,0,1340.51,736.33,1427.87,893.21,21
24,player,600,0,0,1341.63,735.54,1428.99,892.42,21
24,player,601,0,0,1342.74,734.75,1430.11,891.63,21
24,player,602,0,0,1343.86,733.96,1431.22,890.84,21
24,player,603,0,0,1344.97,733.17,1432.34,890.05,21
24,player,604,0,0,1346.09,732.38,1433.45,889.26,21
24,player,605,0,0,1347.21,731.59,1434.57,888.47,21
24,player,606,0,0,1348.32,730.80,1435.68,887.68,21
24,player,607,0,0,1349.44,730.01,1436.80,886.89,21
24,player,608,0,0,1350.55,729.22,1437.91,886.10,21
24,player,609,0,0,1351.67,728.43,1439.03,885.31,21
24,player,610,0,0,1352.78,727.64,1440.15,884.52,21
24,player,611,0,0,1353.90,726.84,1441.26,883.73,21
24,player,612,0,0,1355.01,726.05,1442.38,882.94,21
24,player,613,0,0,1356.13,725.26,1443.49,882.15,21
24,player,614,0,0,1357.25,724.47,1444.61,881.36,21
24,player,615,0,0,1358.36,723.68,1445.72,880.57,21
24,player,616,0,0,1359.48,722.89,1446.84,879.78,21
24,player,617,0,0,1360.59,722.10,1447.95,878.99,21
24,player,618,0,0,1361.71,721.31,1449.07,878.20,21
24,player,619,0,0,1362.82,720.52,1450.19,877.41,21
24,player,620,0,0,1363.94,719.73,1451.30,876.62,21
24,player,621,0,0,1365.05,718.94,1452.42,875.83,21
24,player,622,0,0,1366.17,718.15,1453.53,875.04,21
24,player,623,0,0,1367.29,717.36,1454.65,874.25,21
24,player,624,0,0,1368.40,716.57,1455.76,873.46,21
24,player,625,0,0,1369.52,715.78,1456.88,872.67,21
24,player,626,0,0,1370.63,714.99,1457.99,871.88,21
24,player,627,0,0,1371.75,714.20,1459.11,871.09,21
24,player,628,0,0,1372.86,713.41,1460.23,870.30,21
24,player,629,0,0,1373.98,712.62,1461.34,869.51,21
24,player,630,0,0,1375.09,711.83,1462.46,868.72,21
24,player,631,0,0,1376.21,711.04,1463.57,867.93,21
24,player,632,0,0,1377.32,710.25,1464.69,867.14,21
24,player,633,0,0,1378.44,709.46,1465.80,866.35,21
24,player,634,0,0,1379.56,708.67,1466.92,865.55,21
24,player,635,0,0,1380.67,707.88,1468.03,864.76,21
24,player,636,0,0,1381.79,707.09,1469.15,863.97,21
24,player,637,0,0,1382.90,706.30,1470.26,863.18,21
24,player,638,0,0,1384.02,705.51,1471.38,862.39,21
24,player,639,0,0,1385.13,704.72,1472.50,861.60,21
24,player,640,0,0,1386.25,703.93,1473.61,860.81,21
24,player,641,0,0,1387.36,703.14,1474.73,860.02,21
24,player,642,0,0,1388.48,702.35,1475.84,859.23,21
24,player,643,0,0,1389.60,701.56,1476.96,858.44,21
24,player,644,0,0,1390.71,700.77,1478.07,857.65,21
24,player,645,0,0,1391.83,699.98,1479.19,856.86,21
24,player,646,0,0,1392.94,699.19,1480.30,856.07,21
24,player,647,0,0,1394.06,698.40,1481.42,855.28,21
24,player,648,0,0,1395.17,697.61,1482.54,854.49,21
24,player,649,0,0,1396.29,696.82,1483.65,853.70,21
24,player,650,0,0,1397.40,696.03,1484.77,852.91,21
24,player,651,0,0,1398.52,695.24,1485.88,852.12,21
24,player,652,0,0,1399.64,694.45,1487.00,851.33,21
24,player,653,0,0,1400.75,693.66,1488.11,850.54,21
24,player,654,0,0,1401.87,692.87,1489.23,849.75,21
24,player,655,0,0,1402.98,692.08,1490.34,848.96,21
24,player,656,0,0,1404.10,691.29,1491.46,848.17,21
24,player,657,0,0,1405.21,690.50,1492.58,847.38,21
24,player,658,0,0,1406.33,689.71,1493.69,846.59,21
24,player,659,0,0,1407.44,688.92,1494.81,845.80,21
24,player,660,0,0,1408.56,688.13,1495.92,845.01,21
24,player,661,0,0,1409.68,687.34,1497.04,844.22,21
24,player,662,0,0,1410.79,686.55,1498.15,843.43,21
24,player,663,0,0,1411.91,685.76,1499.27,842.64,21
24,player,664,0,0,1413.02,684.97,1500.38,841.85,21
24,player,665,0,0,1414.14,684.18,1501.50,841.06,21
24,player,666,0,0,1415.25,683.39,1502.62,840.27,21
24,player,667,0,0,1416.11,681.25,1503.47,838.13,21
24,player,668,0,0,1416.96,679.11,1504.33,835.99,21
24,player,669,0,0,1417.82,676.97,1505.18,833.86,21
24,player,670,0,0,1418.67,674.83,1506.04,831.72,21
24,player,671,0,0,1419.53,672.70,1506.89,829.58,21
24,player,672,0,0,1420.38,670.56,1507.75,827.44,21
24,player,673,0,0,1421.24,668.42,1508.60,825.30,21
24,player,674,0,0,1422.09,666.28,1509.46,823.16,21
24,player,675,0,0,1422.95,664.14,1510.31,821.03,21
24,player,676,0,0,1423.80,662.00,1511.17,818.89,21
24,player,677,0,0,1423.09,662.36,1510.45,819.25,21
24,player,678,0,0,1422.38,662.72,1509.74,819.60,21
24,player,679,0,0,1421.67,663.07,1509.03,819.96,21
24,player,680,0,0,1420.95,663.43,1508.32,820.31,21
24,player,681,0,0,1420.24,663.79,1507.60,820.67,21
24,player,682,0,0,1419.53,664.14,1506.89,821.03,21
24,player,683,0,0,1418.82,664.50,1506.18,821.38,21
24,player,684,0,0,1418.10,664.86,1505.47,821.74,21
24,player,685,0,0,1417.39,665.21,1504.75,822.10,21
24,player,686,0,0,1416.68,665.57,1504.04,822.45,21
24,player,687,0,0,1415.97,665.92,1503.33,822.81,21
24,player,688,0,0,1415.25,666.28,1502.61,823.16,21
24,player,689,0,0,1414.54,666.64,1501.90,823.52,21
24,player,690,0,0,1413.83,666.99,1501.19,823.88,21
24,player,691,0,0,1413.11,667.35,1500.48,824.23,21
24,player,692,0,0,1412.40,667.71,1499.76,824.59,21
24,player,693,0,0,1411.69,668.06,1499.05,824.95,21
24,player,694,0,0,1410.98,668.42,1498.34,825.30,21
24,player,695,0,0,1411.47,668.13,1498.83,825.01,21
24,player,696,0,0,1411.96,667.84,1499.32,824.72,21
24,player,697,0,0,1412.45,667.55,1499.81,824.44,21
24,player,698,0,0,1412.94,667.26,1500.30,824.15,21
24,player,699,0,0,1413.43,666.97,1500.79,823.86,21
24,player,700,0,0,1413.92,666.69,1501.29,823.57,21
24,player,701,0,0,1414.41,666.40,1501.78,823.28,21
24,player,702,0,0,1414.91,666.11,1502.27,822.99,21
24,player,703,0,0,1415.40,665.82,1502.76,822.70,21
24,player,704,0,0,1415.89,665.53,1503.25,822.41,21
24,player,705,0,0,1416.38,665.24,1503.74,822.12,21
24,player,706,0,0,1416.87,664.95,1504.23,821.84,21
24,player,707,0,0,1417.36,664.66,1504.72,821.55,21
24,player,708,0,0,1417.85,664.37,1505.22,821.26,21
24,player,709,0,0,1418.34,664.08,1505.71,820.97,21
24,player,710,0,0,1418.84,663.80,1506.20,820.68,21
24,player,711,0,0,1419.33,663.51,1506.69,820.39,21
24,player,712,0,0,1419.82,663.22,1507.18,820.10,21
24,player,713,0,0,1420.31,662.93,1507.67,819.81,21
24,player,714,0,0,1420.80,662.64,1508.16,819.52,21
24,player,715,0,0,1421.29,662.35,1508.65,819.24,21
24,player,716,0,0,1421.78,662.06,1509.14,818.95,21
24,player,717,0,0,1422.27,661.77,1509.64,818.66,21
24,player,718,0,0,1422.76,661.48,1510.13,818.37,21
24,player,719,0,0,1423.26,661.20,1510.62,818.08,21
24,player,720,0,0,1423.75,660.91,1511.11,817.79,21
24,player,721,0,0,1424.24,660.62,1511.60,817.50,21
24,player,722,0,0,1424.73,660.33,1512.09,817.21,21
24,player,723,0,0,1425.22,660.04,1512.58,816.92,21
24,player,724,0,0,1425.71,659.75,1513.07,816.63,21
24,player,725,0,0,1431.85,659.46,1519.22,816.35,21
24,player,726,0,0,1438.00,659.17,1525.36,816.06,21
24,player,727,0,0,1444.14,658.88,1531.50,815.77,21
24,player,728,0,0,1450.28,658.60,1537.64,815.48,21
24,player,729,0,0,1456.42,658.31,1543.78,815.19,21
24,player,730,0,0,1462.56,658.02,1549.93,814.90,21
24,player,731,0,0,1468.71,657.73,1556.07,814.61,21
24,player,732,0,0,1468.71,657.73,1556.07,814.61,21
24,player,733,0,0,1468.71,657.73,1556.07,814.61,21
24,player,734,0,0,1468.71,657.73,1556.07,814.61,21
24,player,735,0,0,1468.71,657.73,1556.07,814.61,21
24,player,736,0,0,1468.71,657.73,1556.07,814.61,21
24,player,737,0,0,1468.71,657.73,1556.07,814.61,21
24,player,738,0,0,1468.71,657.73,1556.07,814.61,21
24,player,739,0,0,1468.71,657.73,1556.07,814.61,21
24,player,740,0,0,1468.71,657.73,1556.07,814.61,21
24,player,741,0,0,1468.71,657.73,1556.07,814.61,21
24,player,742,0,0,1468.71,657.73,1556.07,814.61,21
24,player,743,0,0,1468.71,657.73,1556.07,814.61,21
24,player,744,0,0,1468.71,657.73,1556.07,814.61,21
24,player,745,0,0,1468.71,657.73,1556.07,814.61,21
24,player,746,0,0,1468.71,657.73,1556.07,814.61,21
24,player,747,0,0,1468.71,657.73,1556.07,814.61,21
24,player,748,0,0,1468.71,657.73,1556.07,814.61,21
24,player,749,0,0,1468.71,657.73,1556.07,814.61,21
24,player,750,0,0,1468.71,657.73,1556.07,814.61,21
24,player,751,0,0,1468.71,657.73,1556.07,814.61,21
24,player,752,0,0,1468.71,657.73,1556.07,814.61,21
24,player,753,0,0,1468.71,657.73,1556.07,814.61,21
24,player,754,0,0,1468.71,657.73,1556.07,814.61,21
24,player,755,0,0,1468.71,657.73,1556.07,814.61,21
24,player,756,0,0,1468.71,657.73,1556.07,814.61,21
24,player,757,0,0,1468.71,657.73,1556.07,814.61,21
24,player,758,0,0,1468.71,657.73,1556.07,814.61,21
24,player,759,0,0,1468.71,657.73,1556.07,814.61,21
24,player,760,0,0,1468.71,657.73,1556.07,814.61,21
24,player,761,0,0,1468.71,657.73,1556.07,814.61,21
24,player,762,0,0,1468.71,657.73,1556.07,814.61,21
24,player,763,0,0,1468.71,657.73,1556.07,814.61,21
24,player,764,0,0,1468.71,657.73,1556.07,814.61,21
24,player,765,0,0,1468.71,657.73,1556.07,814.61,21
24,player,766,0,0,1468.71,657.73,1556.07,814.61,21
24,player,767,0,0,1468.71,657.73,1556.07,814.61,21
24,player,768,0,0,1468.71,657.73,1556.07,814.61,21
24,player,769,0,0,1468.71,657.73,1556.07,814.61,21
24,player,770,0,0,1468.71,657.73,1556.07,814.61,21
24,player,771,0,0,1468.71,657.73,1556.07,814.61,21
24,player,772,0,0,1468.71,657.73,1556.07,814.61,21
24,player,773,0,0,1468.71,657.73,1556.07,814.61,21
24,player,774,0,0,1468.71,657.73,1556.07,814.61,21
24,player,775,0,0,1468.71,657.73,1556.07,814.61,21
24,player,776,0,0,1468.71,657.73,1556.07,814.61,21
24,player,777,0,0,1468.71,657.73,1556.07,814.61,21
24,player,778,0,0,1468.71,657.73,1556.07,814.61,21
24,player,779,0,0,1468.71,657.73,1556.07,814.61,21
24,player,780,0,0,1468.71,657.73,1556.07,814.61,21
24,player,781,0,0,1468.71,657.73,1556.07,814.61,21
24,player,782,0,0,1468.71,657.73,1556.07,814.61,21
24,player,783,0,0,1468.71,657.73,1556.07,814.61,21
24,player,784,0,0,1468.71,657.73,1556.07,814.61,21
24,player,785,0,0,1468.71,657.73,1556.07,814.61,21
24,player,786,0,0,1468.71,657.73,1556.07,814.61,21
24,player,787,0,0,1468.71,657.73,1556.07,814.61,21
24,player,788,0,0,1468.71,657.73,1556.07,814.61,21
24,player,789,0,0,1468.71,657.73,1556.07,814.61,21
24,player,790,0,0,1468.71,657.73,1556.07,814.61,21
24,player,791,0,0,1468.71,657.73,1556.07,814.61,21
24,player,792,0,0,1468.71,657.73,1556.07,814.61,21
24,player,793,0,0,1468.71,657.73,1556.07,814.61,21
24,player,794,0,0,1468.71,657.73,1556.07,814.61,21
24,player,795,0,0,1468.71,657.73,1556.07,814.61,21
24,player,796,0,0,1468.71,657.73,1556.07,814.61,21
24,player,797,0,0,1468.71,657.73,1556.07,814.61,21
24,player,798,0,0,1468.71,657.73,1556.07,814.61,21
24,player,799,0,0,1468.71,657.73,1556.07,814.61,21
24,player,800,0,0,1468.71,657.73,1556.07,814.61,21
24,player,801,0,0,1468.71,657.73,1556.07,814.61,21
24,player,802,0,0,1468.71,657.73,1556.07,814.61,21
24,player,803,0,0,1468.71,657.73,1556.07,814.61,21
24,player,804,0,0,1468.71,657.73,1556.07,814.61,21
24,player,805,0,0,1468.71,657.73,1556.07,814.61,21
24,player,806,1,0,1468.71,657.73,1556.07,814.61,21
25,player,574,0,0,96.45,268.06,166.50,403.53,68
25,player,575,0,0,99.66,267.74,169.71,403.21,68
25,player,576,0,0,102.87,267.41,172.91,402.88,68
25,player,577,0,0,106.07,267.09,176.12,402.56,68
25,player,578,0,0,109.28,266.76,179.33,402.23,68
25,player,579,0,0,112.49,266.44,182.54,401.91,68
25,player,580,0,0,115.69,266.11,185.74,401.58,68
25,player,581,0,0,118.90,265.79,188.95,401.26,68
25,player,582,0,0,122.11,265.46,192.16,400.93,68
25,player,583,0,0,125.32,265.14,195.36,400.60,68
25,player,584,0,0,128.52,264.81,198.57,400.28,68
25,player,585,0,0,131.73,264.49,201.78,399.95,68
25,player,586,0,0,134.94,264.16,204.99,399.63,68
25,player,587,0,0,138.14,263.83,208.19,399.30,68
25,player,588,0,0,141.35,263.51,211.40,398.98,68
25,player,589,0,0,144.56,263.18,214.61,398.65,68
25,player,590,0,0,147.77,262.86,217.81,398.33,68
25,player,591,0,0,150.97,262.53,221.02,398.00,68
25,player,592,0,0,154.18,262.21,224.23,397.68,68
25,player,593,0,0,157.39,261.88,227.44,397.35,68
25,player,594,0,0,160.59,261.56,230.64,397.03,68
25,player,595,0,0,163.80,261.23,233.85,396.70,68
25,player,596,0,0,167.01,260.91,237.06,396.37,68
25,player,597,0,0,170.22,260.58,240.26,396.05,68
25,player,598,0,0,173.42,260.26,243.47,395.72,68
25,player,599,0,0,176.63,259.93,246.68,395.40,68
25,player,600,0,0,179.84,259.60,249.89,395.07,68
25,player,601,0,0,183.04,259.28,253.09,394.75,68
25,player,602,0,0,186.25,258.95,256.30,394.42,68
25,player,603,0,0,189.46,258.63,259.51,394.10,68
25,player,604,0,0,192.67,258.30,262.71,393.77,68
25,player,605,0,0,195.87,257.98,265.92,393.45,68
25,player,606,0,0,199.08,257.65,269.13,393.12,68
25,player,607,0,0,202.29,257.33,272.34,392.80,68
25,player,608,0,0,205.49,257.00,275.54,392.47,68
25,player,609,0,0,208.70,256.68,278.75,392.14,68
25,player,610,0,0,211.91,256.35,281.96,391.82,68
25,player,611,0,0,215.12,256.03,285.16,391.49,68
25,player,612,0,0,218.32,255.70,288.37,391.17,68
25,player,613,0,0,221.53,255.38,291.58,390.84,68
25,player,614,0,0,224.74,255.05,294.79,390.52,68
25,player,615,0,0,227.94,254.72,297.99,390.19,68
25,player,616,0,0,231.15,254.40,301.20,389.87,68
25,player,617,0,0,234.36,254.07,304.41,389.54,68
25,player,618,0,0,237.57,253.75,307.61,389.22,68
25,player,619,0,0,240.77,253.42,310.82,388.89,68
25,player,620,0,0,243.98,253.10,314.03,388.57,68
25,player,621,0,0,247.19,252.77,317.23,388.24,68
25,player,622,0,0,250.39,252.45,320.44,387.92,68
25,player,623,0,0,253.60,252.12,323.65,387.59,68
25,player,624,0,0,256.81,251.80,326.86,387.26,68
25,player,625,0,0,260.02,251.47,330.06,386.94,68
25,player,626,0,0,263.22,251.15,333.27,386.61,68
25,player,627,0,0,266.43,250.82,336.48,386.29,68
25,player,628,0,0,269.64,250.49,339.68,385.96,68
25,player,629,0,0,272.84,250.17,342.89,385.64,68
25,player,630,0,0,276.05,249.84,346.10,385.31,68
25,player,631,0,0,279.26,249.52,349.31,384.99,68
25,player,632,0,0,282.47,249.19,352.51,384.66,68
25,player,633,0,0,285.67,248.87,355.72,384.34,68
25,player,634,0,0,288.88,248.54,358.93,384.01,68
25,player,635,0,0,292.09,248.22,362.13,383.69,68
25,player,636,0,0,295.29,247.89,365.34,383.36,68
25,player,637,0,0,298.50,247.57,368.55,383.03,68
25,player,638,0,0,301.71,247.24,371.76,382.71,68
25,player,639,0,0,304.92,246.92,374.96,382.38,68
25,player,640,0,0,308.12,246.59,378.17,382.06,68
25,player,641,0,0,311.33,246.26,381.38,381.73,68
25,player,642,0,0,314.54,245.94,384.58,381.41,68
25,player,643,0,0,317.74,245.61,387.79,381.08,68
25,player,644,0,0,320.95,245.29,391.00,380.76,68
25,player,645,0,0,324.16,244.96,394.21,380.43,68
25,player,646,0,0,327.37,244.64,397.41,380.11,68
25,player,647,0,0,330.57,244.31,400.62,379.78,68
25,player,648,0,0,333.78,243.99,403.83,379.46,68
25,player,649,0,0,336.99,243.66,407.03,379.13,68
25,player,650,0,0,340.19,243.34,410.24,378.80,68
25,player,651,0,0,343.40,243.01,413.45,378.48,68
25,player,652,0,0,346.61,242.69,416.66,378.15,68
25,player,653,0,0,349.82,242.36,419.86,377.83,68
25,player,654,0,0,353.02,242.04,423.07,377.50,68
25,player,655,0,0,356.23,241.71,426.28,377.18,68
25,player,656,0,0,359.44,241.38,429.48,376.85,68
25,player,657,0,0,362.64,241.06,432.69,376.53,68
25,player,658,0,0,365.85,240.73,435.90,376.20,68
25,player,659,0,0,369.06,240.41,439.11,375.88,68
25,player,660,0,0,372.27,240.08,442.31,375.55,68
25,player,661,0,0,375.47,239.76,445.52,375.23,68
25,player,662,0,0,378.68,239.43,448.73,374.90,68
25,player,663,0,0,381.89,239.11,451.93,374.58,68
25,player,664,0,0,385.09,238.78,455.14,374.25,68
25,player,665,0,0,388.30,238.46,458.35,373.92,68
25,player,666,0,0,391.51,238.13,461.56,373.60,68
25,player,667,0,0,396.85,237.28,466.90,372.74,68
25,player,668,0,0,402.20,236.42,472.25,371.89,68
25,player,669,0,0,407.54,235.57,477.59,371.03,68
25,player,670,0,0,412.89,234.71,482.94,370.18,68
25,player,671,0,0,418.23,233.85,488.28,369.32,68
25,player,672,0,0,423.58,233.00,493.63,368.47,68
25,player,673,0,0,428.92,232.14,498.97,367.61,68
25,player,674,0,0,434.27,231.29,504.32,366.76,68
25,player,675,0,0,439.61,230.43,509.66,365.90,68
25,player,676,0,0,444.96,229.58,515.01,365.05,68
25,player,677,0,0,446.15,229.93,516.20,365.40,68
25,player,678,0,0,447.34,230.29,517.38,365.76,68
25,player,679,0,0,448.52,230.65,518.57,366.12,68
25,player,680,0,0,449.71,231.00,519.76,366.47,68
25,player,681,0,0,450.90,231.36,520.95,366.83,68
25,player,682,0,0,452.09,231.72,522.13,367.18,68
25,player,683,0,0,453.27,232.07,523.32,367.54,68
25,player,684,0,0,454.46,232.43,524.51,367.90,68
25,player,685,0,0,455.65,232.79,525.70,368.25,68
25,player,686,0,0,456.84,233.14,526.89,368.61,68
25,player,687,0,0,458.03,233.50,528.07,368.97,68
25,player,688,0,0,459.21,233.85,529.26,369.32,68
25,player,689,0,0,460.40,234.21,530.45,369.68,68
25,player,690,0,0,461.59,234.57,531.64,370.04,68
25,player,691,0,0,462.78,234.92,532.83,370.39,68
25,player,692,0,0,463.97,235.28,534.01,370.75,68
25,player,693,0,0,465.15,235.64,535.20,371.10,68
25,player,694,0,0,466.34,235.99,536.39,371.46,68
25,player,695,0,0,476.47,235.99,546.52,371.46,68
25,player,696,0,0,486.60,235.99,556.65,371.46,68
25,player,697,0,0,496.73,235.99,566.78,371.46,68
25,player,698,0,0,493.52,235.99,563.57,371.46,68
25,player,699,0,0,490.32,235.99,560.36,371.46,68
25,player,700,0,0,491.60,236.25,561.65,371.72,68
25,player,701,0,0,492.88,236.51,562.93,371.97,68
25,player,702,0,0,494.16,236.76,564.21,372.23,68
25,player,703,0,0,495.45,237.02,565.50,372.49,68
25,player,704,0,0,496.73,237.28,566.78,372.74,68
25,player,705,0,0,498.01,237.53,568.06,373.00,68
25,player,706,0,0,499.30,237.79,569.34,373.26,68
25,player,707,0,0,500.58,238.04,570.63,373.51,68
25,player,708,0,0,501.86,238.30,571.91,373.77,68
25,player,709,0,0,503.14,238.56,573.19,374.03,68
25,player,710,0,0,504.43,238.81,574.48,374.28,68
25,player,711,0,0,505.71,239.07,575.76,374.54,68
25,player,712,0,0,506.99,239.33,577.04,374.80,68
25,player,713,0,0,508.28,239.58,578.32,375.05,68
25,player,714,0,0,509.56,239.84,579.61,375.31,68
25,player,715,0,0,510.84,240.10,580.89,375.57,68
25,player,716,0,0,512.12,240.35,582.17,375.82,68
25,player,717,0,0,513.41,240.61,583.46,376.08,68
25,player,718,0,0,514.69,240.87,584.74,376.34,68
25,player,719,0,0,515.97,241.12,586.02,376.59,68
25,player,720,0,0,517.26,241.38,587.30,376.85,68
25,player,721,0,0,518.54,241.64,588.59,377.10,68
25,player,722,0,0,519.82,241.89,589.87,377.36,68
25,player,723,0,0,521.10,242.15,591.15,377.62,68
25,player,724,0,0,522.39,242.41,592.44,377.87,68
25,player,725,0,0,529.11,244.54,599.16,380.01,68
25,player,726,0,0,535.83,246.68,605.88,382.15,68
25,player,727,0,0,542.55,248.82,612.59,384.29,68
25,player,728,0,0,549.27,250.96,619.31,386.43,68
25,player,729,0,0,555.99,253.10,626.03,388.56,68
25,player,730,0,0,562.71,255.23,632.75,390.70,68
25,player,731,0,0,569.43,257.37,639.47,392.84,68
25,player,732,0,0,574.44,257.34,644.49,392.81,68
25,player,733,0,0,579.46,257.32,649.51,392.78,68
25,player,734,0,0,584.48,257.29,654.53,392.76,68
25,player,735,0,0,589.50,257.26,659.54,392.73,68
25,player,736,0,0,594.51,257.23,664.56,392.70,68
25,player,737,0,0,599.53,257.20,669.58,392.67,68
25,player,738,0,0,604.55,257.17,674.60,392.64,68
25,player,739,0,0,609.56,257.14,679.61,392.61,68
25,player,740,0,0,614.58,257.12,684.63,392.58,68
25,player,741,0,0,619.60,257.09,689.65,392.56,68
25,player,742,0,0,624.62,257.06,694.66,392.53,68
25,player,743,0,0,629.63,257.03,699.68,392.50,68
25,player,744,0,0,634.65,257.00,704.70,392.47,68
25,player,745,0,0,639.67,256.97,709.72,392.44,68
25,player,746,0,0,644.69,256.95,714.73,392.41,68
25,player,747,0,0,649.70,256.92,719.75,392.38,68
25,player,748,0,0,654.72,256.89,724.77,392.36,68
25,player,749,0,0,659.74,256.86,729.79,392.33,68
25,player,750,0,0,664.76,256.83,734.80,392.30,68
25,player,751,0,0,669.77,256.80,739.82,392.27,68
25,player,752,0,0,674.79,256.77,744.84,392.24,68
25,player,753,0,0,679.81,256.75,749.86,392.21,68
25,player,754,0,0,684.83,256.72,754.87,392.19,68
25,player,755,0,0,689.84,256.69,759.89,392.16,68
25,player,756,0,0,694.86,256.66,764.91,392.13,68
25,player,757,0,0,699.88,256.63,769.93,392.10,68
25,player,758,0,0,704.89,256.60,774.94,392.07,68
25,player,759,0,0,709.91,256.57,779.96,392.04,68
25,player,760,0,0,714.93,256.55,784.98,392.01,68
25,player,761,0,0,719.95,256.52,789.99,391.99,68
25,player,762,0,0,724.96,256.49,795.01,391.96,68
25,player,763,0,0,729.98,256.46,800.03,391.93,68
25,player,764,0,0,735.00,256.43,805.05,391.90,68
25,player,765,0,0,740.02,256.40,810.06,391.87,68
25,player,766,0,0,745.03,256.38,815.08,391.84,68
25,player,767,0,0,750.05,256.35,820.10,391.81,68
25,player,768,0,0,755.07,256.32,825.12,391.79,68
25,player,769,0,0,760.09,256.29,830.13,391.76,68
25,player,770,0,0,765.10,256.26,835.15,391.73,68
25,player,771,0,0,770.12,256.23,840.17,391.70,68
25,player,772,0,0,775.14,256.20,845.19,391.67,68
25,player,773,0,0,780.16,256.18,850.20,391.64,68
25,player,774,0,0,785.17,256.15,855.22,391.62,68
25,player,775,0,0,790.19,256.12,860.24,391.59,68
25,player,776,0,0,795.21,256.09,865.26,391.56,68
25,player,777,0,0,800.22,256.06,870.27,391.53,68
25,player,778,0,0,805.24,256.03,875.29,391.50,68
25,player,779,0,0,810.26,256.00,880.31,391.47,68
25,player,780,0,0,815.28,255.98,885.32,391.44,68
25,player,781,0,0,820.29,255.95,890.34,391.42,68
25,player,782,0,0,825.31,255.92,895.36,391.39,68
25,player,783,0,0,830.33,255.89,900.38,391.36,68
25,player,784,0,0,835.35,255.86,905.39,391.33,68
25,player,785,0,0,840.36,255.83,910.41,391.30,68
25,player,786,0,0,845.38,255.80,915.43,391.27,68
25,player,787,0,0,850.40,255.78,920.45,391.24,68
25,player,788,0,0,855.42,255.75,925.46,391.22,68
25,player,789,0,0,860.43,255.72,930.48,391.19,68
25,player,790,0,0,865.45,255.69,935.50,391.16,68
25,player,791,0,0,870.47,255.66,940.52,391.13,68
25,player,792,0,0,875.49,255.63,945.53,391.10,68
25,player,793,0,0,880.50,255.61,950.55,391.07,68
25,player,794,0,0,885.52,255.58,955.57,391.04,68
25,player,795,0,0,890.54,255.55,960.59,391.02,68
25,player,796,0,0,895.55,255.52,965.60,390.99,68
25,player,797,0,0,900.57,255.49,970.62,390.96,68
25,player,798,0,0,905.59,255.46,975.64,390.93,68
25,player,799,0,0,910.61,255.43,980.65,390.90,68
25,player,800,0,0,915.62,255.41,985.67,390.87,68
25,player,801,0,0,920.64,255.38,990.69,390.85,68
25,player,802,0,0,925.66,255.35,995.71,390.82,68
25,player,803,0,0,930.68,255.32,1000.72,390.79,68
25,player,804,0,0,935.69,255.29,1005.74,390.76,68
25,player,805,0,0,940.71,255.26,1010.76,390.73,68
25,player,806,0,0,945.73,255.23,1015.78,390.70,68
25,player,807,0,0,943.75,254.91,1013.80,390.37,68
25,player,808,0,0,941.78,254.58,1011.83,390.04,68
25,player,809,0,0,939.81,254.25,1009.86,389.72,68
25,player,810,0,0,937.83,253.92,1007.88,389.39,68
25,player,811,0,0,935.86,253.59,1005.91,389.06,68
25,player,812,0,0,933.89,253.26,1003.93,388.73,68
25,player,813,0,0,931.91,252.93,1001.96,388.40,68
25,player,814,0,0,929.94,252.60,999.99,388.07,68
25,player,815,0,0,927.97,252.27,998.01,387.74,68
25,player,816,0,0,925.99,251.94,996.04,387.41,68
25,player,817,0,0,924.02,251.62,994.07,387.08,68
25,player,818,0,0,922.04,251.29,992.09,386.76,68
25,player,819,0,0,920.07,250.96,990.12,386.43,68
25,player,820,0,0,918.82,250.91,987.32,383.70,68
25,player,821,0,0,917.57,250.87,984.51,380.98,68
25,player,822,0,0,916.32,250.83,981.71,378.25,68
25,player,823,0,0,915.06,250.79,978.91,375.53,68
25,player,824,0,0,913.81,250.74,976.11,372.80,68
25,player,825,0,0,912.56,250.70,973.31,370.08,68
25,player,826,0,0,911.31,250.66,970.50,367.35,68
25,player,827,0,0,910.06,250.61,967.70,364.63,68
25,player,828,0,0,908.80,250.57,964.90,361.90,68
25,player,829,0,0,905.53,250.44,961.63,361.77,68
25,player,830,0,0,902.26,250.32,958.36,361.65,68
25,player,831,0,0,898.99,250.19,955.09,361.52,68
25,player,832,0,0,895.72,250.07,951.82,361.40,68
25,player,833,0,0,892.45,249.94,948.55,361.27,68
25,player,834,0,0,889.18,249.81,945.28,361.15,68
25,player,835,0,0,885.91,249.69,942.01,361.02,68
25,player,836,0,0,882.64,249.56,938.74,360.89,68
25,player,837,0,0,879.37,249.44,935.47,360.77,68
25,player,838,0,0,876.10,249.31,932.20,360.64,68
25,player,839,0,0,872.83,249.19,928.93,360.52,68
25,player,840,0,0,869.56,249.06,925.66,360.39,68
25,player,841,0,0,866.29,248.93,922.39,360.26,68
25,player,842,0,0,863.02,248.81,919.12,360.14,68
25,player,843,0,0,859.75,248.68,915.85,360.01,68
25,player,844,0,0,856.48,248.56,912.58,359.89,68
25,player,845,0,0,853.21,248.43,909.31,359.76,68
25,player,846,0,0,852.01,248.30,908.11,359.63,68
25,player,847,0,0,850.81,248.16,906.90,359.49,68
25,player,848,0,0,849.61,248.03,905.70,359.36,68
25,player,849,0,0,848.40,247.90,904.50,359.23,68
25,player,850,0,0,847.20,247.76,903.30,359.09,68
25,player,851,0,0,846.00,247.63,902.09,358.96,68
25,player,852,0,0,844.80,247.50,900.89,358.83,68
25,player,853,0,0,843.59,247.36,899.69,358.69,68
25,player,854,0,0,842.39,247.23,898.49,358.56,68
25,player,855,0,0,841.19,247.09,897.28,358.43,68
25,player,856,0,0,839.98,246.96,896.08,358.29,68
25,player,857,0,0,838.78,246.83,894.88,358.16,68
25,player,858,0,0,837.58,246.69,893.68,358.02,68
25,player,859,0,0,836.38,246.56,892.47,357.89,68
25,player,860,0,0,835.17,246.43,891.27,357.76,68
25,player,861,0,0,833.97,246.29,890.07,357.62,68
25,player,862,0,0,833.18,246.86,889.28,358.19,68
25,player,863,0,0,832.40,247.42,888.49,358.75,68
25,player,864,0,0,831.61,247.98,887.70,359.31,68
25,player,865,0,0,830.82,248.54,886.92,359.87,68
25,player,866,0,0,830.03,249.11,886.13,360.44,68
25,player,867,0,0,829.25,249.67,885.34,361.00,68
25,player,868,0,0,828.46,250.23,884.55,361.56,68
25,player,869,0,0,827.67,250.79,883.77,362.12,68
25,player,870,0,0,826.88,251.36,882.98,362.69,68
25,player,871,0,0,826.09,251.92,882.19,363.25,68
25,player,872,0,0,825.31,252.48,881.40,363.81,68
25,player,873,0,0,824.52,253.04,880.62,364.38,68
25,player,874,0,0,823.73,253.61,879.83,364.94,68
25,player,875,0,0,822.94,254.17,879.04,365.50,68
25,player,876,0,0,822.16,254.73,878.25,366.06,68
25,player,877,0,0,821.37,255.30,877.46,366.63,68
25,player,878,0,0,820.58,255.86,876.68,367.19,68
25,player,879,0,0,819.79,256.42,875.89,367.75,68
25,player,880,0,0,819.01,256.98,875.10,368.31,68
25,player,881,0,0,818.22,257.55,874.31,368.88,68
25,player,882,0,0,817.43,258.11,873.53,369.44,68
25,player,883,0,0,816.64,258.67,872.74,370.00,68
25,player,884,0,0,815.85,259.23,871.95,370.56,68
25,player,885,0,0,815.07,259.80,871.16,371.13,68
25,player,886,0,0,814.28,260.36,870.38,371.69,68
25,player,887,0,0,813.49,260.92,869.59,372.25,68
25,player,888,0,0,812.70,261.48,868.80,372.82,68
25,player,889,0,0,811.92,262.05,868.01,373.38,68
25,player,890,0,0,811.13,262.61,867.22,373.94,68
25,player,891,0,0,810.34,263.17,866.44,374.50,68
25,player,892,0,0,809.55,263.74,865.65,375.07,68
25,player,893,0,0,808.77,264.30,864.86,375.63,68
25,player,894,0,0,807.98,264.86,864.07,376.19,68
25,player,895,0,0,807.19,265.42,863.29,376.75,68
25,player,896,0,0,806.40,265.99,862.50,377.32,68
25,player,897,0,0,805.61,266.55,861.71,377.88,68
25,player,898,0,0,804.83,267.11,860.92,378.44,68
25,player,899,0,0,804.04,267.67,860.14,379.00,68
26,player,574,0,0,12.01,318.32,82.06,453.79,4
26,player,575,0,0,14.38,318.28,84.43,453.75,4
26,player,576,0,0,16.76,318.23,86.80,453.70,4
26,player,577,0,0,19.13,318.19,89.17,453.65,4
26,player,578,0,0,21.50,318.14,91.54,453.61,4
26,player,579,0,0,23.87,318.09,93.91,453.56,4
26,player,580,0,0,26.24,318.05,96.28,453.51,4
26,player,581,0,0,28.61,318.00,98.66,453.47,4
26,player,582,0,0,30.98,317.95,101.03,453.42,4
26,player,583,0,0,33.35,317.91,103.40,453.37,4
26,player,584,0,0,35.72,317.86,105.77,453.33,4
26,player,585,0,0,38.09,317.81,108.14,453.28,4
26,player,586,0,0,40.46,317.77,110.51,453.23,4
26,player,587,0,0,42.83,317.72,112.88,453.19,4
26,player,588,0,0,45.20,317.67,115.25,453.14,4
26,player,589,0,0,47.57,317.63,117.62,453.10,4
26,player,590,0,0,49.94,317.58,119.99,453.05,4
26,player,591,0,0,52.31,317.53,122.36,453.00,4
26,player,592,0,0,54.68,317.49,124.73,452.96,4
26,player,593,0,0,57.05,317.44,127.10,452.91,4
26,player,594,0,0,59.42,317.39,129.47,452.86,4
26,player,595,0,0,61.79,317.35,131.84,452.82,4
26,player,596,0,0,64.16,317.30,134.21,452.77,4
26,player,597,0,0,66.54,317.26,136.58,452.72,4
26,player,598,0,0,68.91,317.21,138.95,452.68,4
26,player,599,0,0,71.28,317.16,141.32,452.63,4
26,player,600,0,0,73.65,317.12,143.69,452.58,4
26,player,601,0,0,76.02,317.07,146.07,452.54,4
26,player,602,0,0,78.39,317.02,148.44,452.49,4
26,player,603,0,0,80.76,316.98,150.81,452.44,4
26,player,604,0,0,83.13,316.93,153.18,452.40,4
26,player,605,0,0,85.50,316.88,155.55,452.35,4
26,player,606,0,0,87.87,316.84,157.92,452.31,4
26,player,607,0,0,90.24,316.79,160.29,452.26,4
26,player,608,0,0,92.61,316.74,162.66,452.21,4
26,player,609,0,0,94.98,316.70,165.03,452.17,4
26,player,610,0,0,97.35,316.65,167.40,452.12,4
26,player,611,0,0,99.72,316.60,169.77,452.07,4
26,player,612,0,0,102.09,316.56,172.14,452.03,4
26,player,613,0,0,104.46,316.51,174.51,451.98,4
26,player,614,0,0,106.83,316.47,176.88,451.93,4
26,player,615,0,0,109.20,316.42,179.25,451.89,4
26,player,616,0,0,111.57,316.37,181.62,451.84,4
26,player,617,0,0,113.94,316.33,183.99,451.79,4
26,player,618,0,0,116.32,316.28,186.36,451.75,4
26,player,619,0,0,118.69,316.23,188.73,451.70,4
26,player,620,0,0,121.06,316.19,191.10,451.65,4
26,player,621,0,0,123.43,316.14,193.47,451.61,4
26,player,622,0,0,125.80,316.09,195.85,451.56,4
26,player,623,0,0,128.17,316.05,198.22,451.51,4
26,player,624,0,0,130.54,316.00,200.59,451.47,4
26,player,625,0,0,132.91,315.95,202.96,451.42,4
26,player,626,0,0,135.28,315.91,205.33,451.38,4
26,player,627,0,0,137.65,315.86,207.70,451.33,4
26,player,628,0,0,140.02,315.81,210.07,451.28,4
26,player,629,0,0,142.39,315.77,212.44,451.24,4
26,player,630,0,0,144.76,315.72,214.81,451.19,4
26,player,631,0,0,147.13,315.67,217.18,451.14,4
26,player,632,0,0,149.50,315.63,219.55,451.10,4
26,player,633,0,0,151.87,315.58,221.92,451.05,4
26,player,634,0,0,154.24,315.54,224.29,451.00,4
26,player,635,0,0,156.61,315.49,226.66,450.96,4
26,player,636,0,0,158.98,315.44,229.03,450.91,4
26,player,637,0,0,161.35,315.40,231.40,450.86,4
26,player,638,0,0,163.73,315.35,233.77,450.82,4
26,player,639,0,0,166.10,315.30,236.14,450.77,4
26,player,640,0,0,168.47,315.26,238.51,450.72,4
26,player,641,0,0,170.84,315.21,240.88,450.68,4
26,player,642,0,0,173.21,315.16,243.25,450.63,4
26,player,643,0,0,175.58,315.12,245.63,450.59,4
26,player,644,0,0,177.95,315.07,248.00,450.54,4
26,player,645,0,0,180.32,315.02,250.37,450.49,4
26,player,646,0,0,182.69,314.98,252.74,450.45,4
26,player,647,0,0,185.06,314.93,255.11,450.40,4
26,player,648,0,0,187.43,314.88,257.48,450.35,4
26,player,649,0,0,189.80,314.84,259.85,450.31,4
26,player,650,0,0,192.17,314.79,262.22,450.26,4
26,player,651,0,0,194.54,314.75,264.59,450.21,4
26,player,652,0,0,196.91,314.70,266.96,450.17,4
26,player,653,0,0,199.28,314.65,269.33,450.12,4
26,player,654,0,0,201.65,314.61,271.70,450.07,4
26,player,655,0,0,204.02,314.56,274.07,450.03,4
26,player,656,0,0,206.39,314.51,276.44,449.98,4
26,player,657,0,0,208.76,314.47,278.81,449.93,4
26,player,658,0,0,211.13,314.42,281.18,449.89,4
26,player,659,0,0,213.51,314.37,283.55,449.84,4
26,player,660,0,0,215.88,314.33,285.92,449.79,4
26,player,661,0,0,218.25,314.28,288.29,449.75,4
26,player,662,0,0,220.62,314.23,290.66,449.70,4
26,player,663,0,0,222.99,314.19,293.04,449.66,4
26,player,664,0,0,225.36,314.14,295.41,449.61,4
26,player,665,0,0,227.73,314.09,297.78,449.56,4
26,player,666,0,0,230.10,314.05,300.15,449.52,4
26,player,667,0,0,233.73,315.12,303.78,450.59,4
26,player,668,0,0,237.37,316.19,307.42,451.65,4
26,player,669,0,0,241.00,317.25,311.05,452.72,4
26,player,670,0,0,244.64,318.32,314.69,453.79,4
26,player,671,0,0,248.27,319.39,318.32,454.86,4
26,player,672,0,0,251.91,320.46,321.96,455.93,4
26,player,673,0,0,255.54,321.53,325.59,457.00,4
26,player,674,0,0,259.18,322.60,329.22,458.07,4
26,player,675,0,0,262.81,323.67,332.86,459.14,4
26,player,676,0,0,266.45,324.74,336.49,460.21,4
26,player,677,0,0,269.06,325.33,339.11,460.80,4
26,player,678,0,0,271.67,325.93,341.72,461.39,4
26,player,679,0,0,274.29,326.52,344.33,461.99,4
26,player,680,0,0,276.90,327.11,346.95,462.58,4
26,player,681,0,0,279.51,327.71,349.56,463.18,4
26,player,682,0,0,282.13,328.30,352.17,463.77,4
26,player,683,0,0,284.74,328.90,354.79,464.36,4
26,player,684,0,0,287.35,329.49,357.40,464.96,4
26,player,685,0,0,289.97,330.08,360.01,465.55,4
26,player,686,0,0,292.58,330.68,362.63,466.15,4
26,player,687,0,0,295.19,331.27,365.24,466.74,4
26,player,688,0,0,297.81,331.87,367.85,467.33,4
26,player,689,0,0,300.42,332.46,370.47,467.93,4
26,player,690,0,0,303.03,333.05,373.08,468.52,4
26,player,691,0,0,305.64,333.65,375.69,469.12,4
26,player,692,0,0,308.26,334.24,378.31,469.71,4
26,player,693,0,0,310.87,334.83,380.92,470.30,4
26,player,694,0,0,313.48,335.43,383.53,470.90,4
26,player,695,0,0,318.94,335.43,388.99,470.90,4
26,player,696,0,0,324.39,335.43,394.44,470.90,4
26,player,697,0,0,329.85,335.43,399.90,470.90,4
26,player,698,0,0,341.54,336.60,411.58,472.07,4
26,player,699,0,0,353.22,337.77,423.27,473.23,4
26,player,700,0,0,362.29,335.46,432.34,470.92,4
26,player,701,0,0,371.36,333.15,441.40,468.62,4
26,player,702,0,0,380.42,330.84,450.47,466.31,4
26,player,703,0,0,389.49,328.53,459.53,464.00,4
26,player,704,0,0,398.55,326.22,468.60,461.69,4
26,player,705,0,0,407.62,323.91,477.67,459.38,4
26,player,706,0,0,416.68,321.60,486.73,457.07,4
26,player,707,0,0,425.75,319.29,495.80,454.76,4
26,player,708,0,0,434.81,316.98,504.86,452.45,4
26,player,709,0,0,443.88,314.67,513.93,450.14,4
26,player,710,0,0,452.94,312.37,522.99,447.83,4
26,player,711,0,0,462.01,310.06,532.06,445.52,4
26,player,712,0,0,471.08,307.75,541.12,443.21,4
26,player,713,0,0,480.14,305.44,550.19,440.91,4
26,player,714,0,0,489.21,303.13,559.25,438.60,4
26,player,715,0,0,498.27,300.82,568.32,436.29,4
26,player,716,0,0,507.34,298.51,577.39,433.98,4
26,player,717,0,0,516.40,296.20,586.45,431.67,4
26,player,718,0,0,525.47,293.89,595.52,429.36,4
26,player,719,0,0,534.53,291.58,604.58,427.05,4
26,player,720,0,0,543.60,289.27,613.65,424.74,4
26,player,721,0,0,552.66,286.96,622.71,422.43,4
26,player,722,0,0,561.73,284.66,631.78,420.12,4
26,player,723,0,0,570.80,282.35,640.84,417.81,4
26,player,724,0,0,579.86,280.04,649.91,415.51,4
26,player,725,0,0,595.13,281.56,665.18,417.03,4
26,player,726,0,0,610.41,283.09,680.45,418.56,4
26,player,727,0,0,625.68,284.62,695.73,420.09,4
26,player,728,0,0,640.95,286.15,711.00,421.61,4
26,player,729,0,0,656.22,287.67,726.27,423.14,4
26,player,730,0,0,671.49,289.20,741.54,424.67,4
26,player,731,0,0,686.77,290.73,756.81,426.19,4
26,player,732,0,0,695.09,291.18,765.14,426.39,4
26,player,733,0,0,703.41,291.64,773.46,426.59,4
26,player,734,0,0,711.74,292.09,781.78,426.79,4
26,player,735,0,0,720.06,292.55,790.11,426.99,4
26,player,736,0,0,728.39,293.00,798.43,427.19,4
26,player,737,0,0,736.71,293.46,806.76,427.39,4
26,player,738,0,0,745.04,293.92,815.08,427.59,4
26,player,739,0,0,753.36,294.37,823.40,427.79,4
26,player,740,0,0,761.68,294.83,831.73,427.99,4
26,player,741,0,0,770.01,295.28,840.05,428.19,4
26,player,742,0,0,778.33,295.74,848.38,428.39,4
26,player,743,0,0,786.66,296.19,856.70,428.59,4
26,player,744,0,0,794.98,296.65,865.02,428.79,4
26,player,745,0,0,803.31,297.11,873.35,428.99,4
26,player,746,0,0,811.63,297.56,881.67,429.19,4
26,player,747,0,0,819.95,298.02,889.99,429.39,4
26,player,748,0,0,828.28,298.47,898.32,429.59,4
26,player,749,0,0,836.60,298.93,906.64,429.79,4
26,player,750,0,0,844.93,299.38,914.97,429.99,4
26,player,751,0,0,853.25,299.84,923.29,430.19,4
26,player,752,0,0,861.58,300.30,931.61,430.39,4
26,player,753,0,0,869.90,300.75,939.94,430.58,4
26,player,754,0,0,878.22,301.21,948.26,430.78,4
26,player,755,0,0,886.55,301.66,956.59,430.98,4
26,player,756,0,0,894.87,302.12,964.91,431.18,4
26,player,757,0,0,903.20,302.57,973.23,431.38,4
26,player,758,0,0,911.52,303.03,981.56,431.58,4
26,player,759,0,0,919.85,303.48,989.88,431.78,4
26,player,760,0,0,928.17,303.94,998.20,431.98,4
26,player,761,0,0,936.49,304.40,1006.53,432.18,4
26,player,762,0,0,944.82,304.85,1014.85,432.38,4
26,player,763,0,0,953.14,305.31,1023.18,432.58,4
26,player,764,0,0,961.47,305.76,1031.50,432.78,4
26,player,765,0,0,969.79,306.22,1039.82,432.98,4
26,player,766,0,0,978.12,306.67,1048.15,433.18,4
26,player,767,0,0,986.44,307.13,1056.47,433.38,4
26,player,768,0,0,994.76,307.59,1064.79,433.58,4
26,player,769,0,0,1003.09,308.04,1073.12,433.78,4
26,player,770,0,0,1011.41,308.50,1081.44,433.98,4
26,player,771,0,0,1019.74,308.95,1089.77,434.18,4
26,player,772,0,0,1028.06,309.41,1098.09,434.38,4
26,player,773,0,0,1036.38,309.86,1106.41,434.58,4
26,player,774,0,0,1044.71,310.32,1114.74,434.78,4
26,player,775,0,0,1053.03,310.77,1123.06,434.98,4
26,player,776,0,0,1061.36,311.23,1131.39,435.17,4
26,player,777,0,0,1069.68,311.69,1139.71,435.37,4
26,player,778,0,0,1078.01,312.14,1148.03,435.57,4
26,player,779,0,0,1086.33,312.60,1156.36,435.77,4
26,player,780,0,0,1094.65,313.05,1164.68,435.97,4
26,player,781,0,0,1102.98,313.51,1173.00,436.17,4
26,player,782,0,0,1111.30,313.96,1181.33,436.37,4
26,player,783,0,0,1119.63,314.42,1189.65,436.57,4
26,player,784,0,0,1127.95,314.88,1197.98,436.77,4
26,player,785,0,0,1136.28,315.33,1206.30,436.97,4
26,player,786,0,0,1144.60,315.79,1214.62,437.17,4
26,player,787,0,0,1152.92,316.24,1222.95,437.37,4
26,player,788,0,0,1161.25,316.70,1231.27,437.57,4
26,player,789,0,0,1169.57,317.15,1239.60,437.77,4
26,player,790,0,0,1177.90,317.61,1247.92,437.97,4
26,player,791,0,0,1186.22,318.07,1256.24,438.17,4
26,player,792,0,0,1194.55,318.52,1264.57,438.37,4
26,player,793,0,0,1202.87,318.98,1272.89,438.57,4
26,player,794,0,0,1211.19,319.43,1281.21,438.77,4
26,player,795,0,0,1219.52,319.89,1289.54,438.97,4
26,player,796,0,0,1227.84,320.34,1297.86,439.17,4
26,player,797,0,0,1236.17,320.80,1306.19,439.37,4
26,player,798,0,0,1244.49,321.25,1314.51,439.57,4
26,player,799,0,0,1252.82,321.71,1322.83,439.76,4
26,player,800,0,0,1261.14,322.17,1331.16,439.96,4
26,player,801,0,0,1269.46,322.62,1339.48,440.16,4
26,player,802,0,0,1277.79,323.08,1347.80,440.36,4
26,player,803,0,0,1286.11,323.53,1356.13,440.56,4
26,player,804,0,0,1294.44,323.99,1364.45,440.76,4
26,player,805,0,0,1302.76,324.44,1372.78,440.96,4
26,player,806,0,0,1311.09,324.90,1381.10,441.16,4
26,player,807,0,0,1307.63,324.74,1377.65,441.00,4
26,player,808,0,0,1304.18,324.57,1374.19,440.83,4
26,player,809,0,0,1300.72,324.41,1370.74,440.67,4
26,player,810,0,0,1297.27,324.24,1367.28,440.50,4
26,player,811,0,0,1293.82,324.08,1363.83,440.34,4
26,player,812,0,0,1290.36,323.91,1360.38,440.17,4
26,player,813,0,0,1286.91,323.75,1356.92,440.01,4
26,player,814,0,0,1283.45,323.58,1353.47,439.85,4
26,player,815,0,0,1280.00,323.42,1350.02,439.68,4
26,player,816,0,0,1276.55,323.25,1346.56,439.52,4
26,player,817,0,0,1273.09,323.09,1343.11,439.35,4
26,player,818,0,0,1269.64,322.93,1339.65,439.19,4
26,player,819,0,0,1266.19,322.76,1336.20,439.02,4
26,player,820,0,0,1264.05,324.90,1334.06,441.16,4
26,player,821,0,0,1261.91,327.04,1331.92,443.30,4
26,player,822,0,0,1256.11,327.04,1326.12,443.30,4
26,player,823,0,0,1250.30,327.04,1320.32,443.30,4
26,player,824,0,0,1244.50,327.04,1314.51,443.30,4
26,player,825,0,0,1238.70,327.04,1308.71,443.30,4
26,player,826,0,0,1232.89,327.04,1302.91,443.30,4
26,player,827,0,0,1227.09,327.04,1297.10,443.30,4
26,player,828,0,0,1221.29,327.04,1291.30,443.30,4
26,player,829,0,0,1216.13,326.53,1286.14,442.80,4
26,player,830,0,0,1210.97,326.03,1280.99,442.29,4
26,player,831,0,0,1205.82,325.53,1275.83,441.79,4
26,player,832,0,0,1200.66,325.02,1270.67,441.29,4
26,player,833,0,0,1195.50,324.52,1265.52,440.78,4
26,player,834,0,0,1190.35,324.02,1260.36,440.28,4
26,player,835,0,0,1185.19,323.52,1255.20,439.78,4
26,player,836,0,0,1180.03,323.01,1250.05,439.27,4
26,player,837,0,0,1174.88,322.51,1244.89,438.77,4
26,player,838,0,0,1169.72,322.01,1239.73,438.27,4
26,player,839,0,0,1164.56,321.50,1234.58,437.76,4
26,player,840,0,0,1159.41,321.00,1229.42,437.26,4
26,player,841,0,0,1154.25,320.50,1224.26,436.76,4
26,player,842,0,0,1149.09,319.99,1219.11,436.26,4
26,player,843,0,0,1143.94,319.49,1213.95,435.75,4
26,player,844,0,0,1138.78,318.99,1208.79,435.25,4
26,player,845,0,0,1133.62,318.48,1203.64,434.75,4
26,player,846,0,0,1129.48,318.48,1199.50,434.75,4
26,player,847,0,0,1125.34,318.48,1195.35,434.75,4
26,player,848,0,0,1121.20,318.48,1191.21,434.75,4
26,player,849,0,0,1117.05,318.48,1187.07,434.75,4
26,player,850,0,0,1112.91,318.48,1182.93,434.75,4
26,player,851,0,0,1108.77,318.48,1178.78,434.75,4
26,player,852,0,0,1104.63,318.48,1174.64,434.75,4
26,player,853,0,0,1100.48,318.48,1170.50,434.75,4
26,player,854,0,0,1096.34,318.48,1166.35,434.75,4
26,player,855,0,0,1092.20,318.48,1162.21,434.75,4
26,player,856,0,0,1088.06,318.48,1158.07,434.75,4
26,player,857,0,0,1083.91,318.48,1153.93,434.75,4
26,player,858,0,0,1079.77,318.48,1149.78,434.75,4
26,player,859,0,0,1075.63,318.48,1145.64,434.75,4
26,player,860,0,0,1071.49,318.48,1141.50,434.75,4
26,player,861,0,0,1067.34,318.48,1137.36,434.75,4
26,player,862,0,0,1065.51,318.33,1135.52,434.59,4
26,player,863,0,0,1063.68,318.18,1133.69,434.44,4
26,player,864,0,0,1061.85,318.03,1131.86,434.29,4
26,player,865,0,0,1060.01,317.87,1130.03,434.13,4
26,player,866,0,0,1058.18,317.72,1128.19,433.98,4
26,player,867,0,0,1056.35,317.57,1126.36,433.83,4
26,player,868,0,0,1054.51,317.42,1124.53,433.68,4
26,player,869,0,0,1052.68,317.26,1122.70,433.52,4
26,player,870,0,0,1050.85,317.11,1120.86,433.37,4
26,player,871,0,0,1049.02,316.96,1119.03,433.22,4
26,player,872,0,0,1047.18,316.80,1117.20,433.07,4
26,player,873,0,0,1045.35,316.65,1115.37,432.91,4
26,player,874,0,0,1043.52,316.50,1113.53,432.76,4
26,player,875,0,0,1041.69,316.35,1111.70,432.61,4
26,player,876,0,0,1039.90,315.99,1109.92,432.25,4
26,player,877,0,0,1038.12,315.63,1108.14,431.89,4
26,player,878,0,0,1036.34,315.28,1106.36,431.54,4
26,player,879,0,0,1034.56,314.92,1104.57,431.18,4
26,player,880,0,0,1032.78,314.56,1102.79,430.83,4
26,player,881,0,0,1031.00,314.21,1101.01,430.47,4
26,player,882,0,0,1029.21,313.85,1099.23,430.11,4
26,player,883,0,0,1027.43,313.49,1097.45,429.76,4
26,player,884,0,0,1025.65,313.14,1095.66,429.40,4
26,player,885,0,0,1023.87,312.78,1093.88,429.04,4
26,player,886,0,0,1022.09,312.43,1092.10,428.69,4
26,player,887,0,0,1020.31,312.07,1090.32,428.33,4
26,player,888,0,0,1018.52,311.71,1088.54,427.97,4
26,player,889,0,0,1016.74,311.36,1086.76,427.62,4
26,player,890,0,0,1014.96,311.00,1084.97,427.26,4
26,player,891,0,0,1013.18,310.64,1083.19,426.91,4
26,player,892,0,0,1011.40,310.29,1081.41,426.55,4
26,player,893,0,0,1009.62,309.93,1079.63,426.19,4
26,player,894,0,0,1007.83,309.57,1077.85,425.84,4
26,player,895,0,0,1006.05,309.22,1076.07,425.48,4
26,player,896,0,0,1004.27,308.86,1074.28,425.12,4
26,player,897,0,0,1002.49,308.51,1072.50,424.77,4
26,player,898,0,0,1000.71,308.15,1070.72,424.41,4
26,player,899,0,0,998.92,307.79,1068.94,424.05,4
27,player,666,0,0,1136.60,162.24,1198.14,284.90,-1
27,player,667,0,0,1144.30,163.10,1205.84,285.76,-1
27,player,668,0,0,1151.99,163.95,1213.54,286.61,-1
27,player,669,0,0,1159.69,164.81,1221.23,287.47,-1
27,player,670,0,0,1167.39,165.67,1228.93,288.32,-1
27,player,671,0,0,1175.09,166.52,1236.63,289.18,-1
27,player,672,0,0,1182.78,167.38,1244.33,290.03,-1
27,player,673,0,0,1190.48,168.23,1252.02,290.89,-1
27,player,674,0,0,1198.18,169.09,1259.72,291.74,-1
27,player,675,0,0,1205.88,169.94,1267.42,292.60,-1
27,player,676,0,0,1213.57,170.80,1275.11,293.45,-1
27,player,677,0,0,1218.56,170.92,1280.10,293.57,-1
27,player,678,0,0,1223.55,171.03,1285.09,293.69,-1
27,player,679,0,0,1228.54,171.15,1290.08,293.81,-1
27,player,680,0,0,1233.53,171.27,1295.07,293.93,-1
27,player,681,0,0,1238.52,171.39,1300.06,294.05,-1
27,player,682,0,0,1243.51,171.51,1305.05,294.17,-1
27,player,683,0,0,1248.49,171.63,1310.04,294.28,-1
27,player,684,0,0,1253.48,171.75,1315.03,294.40,-1
27,player,685,0,0,1258.47,171.87,1320.01,294.52,-1
27,player,686,0,0,1263.46,171.99,1325.00,294.64,-1
27,player,687,0,0,1268.45,172.10,1329.99,294.76,-1
27,player,688,0,0,1273.44,172.22,1334.98,294.88,-1
27,player,689,0,0,1278.43,172.34,1339.97,295.00,-1
27,player,690,0,0,1283.42,172.46,1344.96,295.12,-1
27,player,691,0,0,1288.41,172.58,1349.95,295.23,-1
27,player,692,0,0,1293.39,172.70,1354.94,295.35,-1
27,player,693,0,0,1298.38,172.82,1359.93,295.47,-1
27,player,694,0,0,1303.37,172.94,1364.91,295.59,-1
27,player,695,0,0,1311.16,174.49,1372.71,297.15,-1
27,player,696,0,0,1318.96,176.05,1380.50,298.71,-1
27,player,697,0,0,1326.75,177.61,1388.29,300.27,-1
27,player,698,0,0,1334.93,179.95,1396.47,302.60,-1
27,player,699,0,0,1343.11,182.29,1404.65,304.94,-1
27,player,700,0,0,1348.41,182.71,1409.96,305.37,-1
27,player,701,0,0,1353.72,183.14,1415.26,305.80,-1
27,player,702,0,0,1359.02,183.57,1420.56,306.22,-1
27,player,703,0,0,1364.32,184.00,1425.86,306.65,-1
27,player,704,0,0,1369.62,184.42,1431.17,307.08,-1
27,player,705,0,0,1374.93,184.85,1436.47,307.51,-1
27,player,706,0,0,1380.23,185.28,1441.77,307.93,-1
27,player,707,0,0,1385.53,185.71,1447.07,308.36,-1
27,player,708,0,0,1390.83,186.13,1452.38,308.79,-1
27,player,709,0,0,1396.14,186.56,1457.68,309.22,-1
27,player,710,0,0,1401.44,186.99,1462.98,309.64,-1
27,player,711,0,0,1406.74,187.42,1468.28,310.07,-1
27,player,712,0,0,1412.04,187.84,1473.59,310.50,-1
27,player,713,0,0,1417.35,188.27,1478.89,310.93,-1
27,player,714,0,0,1422.65,188.70,1484.19,311.36,-1
27,player,715,0,0,1427.95,189.13,1489.49,311.78,-1
27,player,716,0,0,1433.25,189.55,1494.80,312.21,-1
27,player,717,0,0,1438.55,189.98,1500.10,312.64,-1
27,player,718,0,0,1443.86,190.41,1505.40,313.07,-1
27,player,719,0,0,1449.16,190.84,1510.70,313.49,-1
27,player,720,0,0,1454.46,191.27,1516.00,313.92,-1
27,player,721,0,0,1459.76,191.69,1521.31,314.35,-1
27,player,722,0,0,1465.07,192.12,1526.61,314.78,-1
27,player,723,0,0,1470.37,192.55,1531.91,315.20,-1
27,player,724,0,0,1475.67,192.98,1537.21,315.63,-1
27,player,725,0,0,1489.72,193.89,1551.26,316.55,-1
27,player,726,0,0,1503.77,194.81,1565.31,317.46,-1
27,player,727,0,0,1517.82,195.72,1579.37,318.38,-1
27,player,728,0,0,1531.87,196.64,1593.42,319.30,-1
27,player,729,0,0,1545.92,197.56,1607.47,320.21,-1
27,player,730,0,0,1559.97,198.47,1621.52,321.13,-1
27,player,731,0,0,1574.02,199.39,1635.57,322.05,-1
27,player,732,0,0,1574.02,199.39,1635.57,322.05,-1
27,player,733,0,0,1574.02,199.39,1635.57,322.05,-1
27,player,734,0,0,1574.02,199.39,1635.57,322.05,-1
27,player,735,0,0,1574.02,199.39,1635.57,322.05,-1
27,player,736,0,0,1574.02,199.39,1635.57,322.05,-1
27,player,737,0,0,1574.02,199.39,1635.57,322.05,-1
27,player,738,0,0,1574.02,199.39,1635.57,322.05,-1
27,player,739,0,0,1574.02,199.39,1635.57,322.05,-1
27,player,740,0,0,1574.02,199.39,1635.57,322.05,-1
27,player,741,0,0,1574.02,199.39,1635.57,322.05,-1
27,player,742,0,0,1574.02,199.39,1635.57,322.05,-1
27,player,743,0,0,1574.02,199.39,1635.57,322.05,-1
27,player,744,0,0,1574.02,199.39,1635.57,322.05,-1
27,player,745,0,0,1574.02,199.39,1635.57,322.05,-1
27,player,746,0,0,1574.02,199.39,1635.57,322.05,-1
27,player,747,0,0,1574.02,199.39,1635.57,322.05,-1
27,player,748,0,0,1574.02,199.39,1635.57,322.05,-1
27,player,749,0,0,1574.02,199.39,1635.57,322.05,-1
27,player,750,0,0,1574.02,199.39,1635.57,322.05,-1
27,player,751,0,0,1574.02,199.39,1635.57,322.05,-1
27,player,752,0,0,1574.02,199.39,1635.57,322.05,-1
27,player,753,0,0,1574.02,199.39,1635.57,322.05,-1
27,player,754,0,0,1574.02,199.39,1635.57,322.05,-1
27,player,755,0,0,1574.02,199.39,1635.57,322.05,-1
27,player,756,0,0,1574.02,199.39,1635.57,322.05,-1
27,player,757,0,0,1574.02,199.39,1635.57,322.05,-1
27,player,758,0,0,1574.02,199.39,1635.57,322.05,-1
27,player,759,0,0,1574.02,199.39,1635.57,322.05,-1
27,player,760,0,0,1574.02,199.39,1635.57,322.05,-1
27,player,761,0,0,1574.02,199.39,1635.57,322.05,-1
27,player,762,0,0,1574.02,199.39,1635.57,322.05,-1
27,player,763,0,0,1574.02,199.39,1635.57,322.05,-1
27,player,764,0,0,1574.02,199.39,1635.57,322.05,-1
27,player,765,0,0,1574.02,199.39,1635.57,322.05,-1
27,player,766,0,0,1574.02,199.39,1635.57,322.05,-1
27,player,767,0,0,1574.02,199.39,1635.57,322.05,-1
27,player,768,0,0,1574.02,199.39,1635.57,322.05,-1
27,player,769,0,0,1574.02,199.39,1635.57,322.05,-1
27,player,770,0,0,1574.02,199.39,1635.57,322.05,-1
27,player,771,0,0,1574.02,199.39,1635.57,322.05,-1
27,player,772,0,0,1574.02,199.39,1635.57,322.05,-1
27,player,773,0,0,1574.02,199.39,1635.57,322.05,-1
27,player,774,0,0,1574.02,199.39,1635.57,322.05,-1
27,player,775,0,0,1574.02,199.39,1635.57,322.05,-1
27,player,776,0,0,1574.02,199.39,1635.57,322.05,-1
27,player,777,0,0,1574.02,199.39,1635.57,322.05,-1
27,player,778,0,0,1574.02,199.39,1635.57,322.05,-1
27,player,779,0,0,1574.02,199.39,1635.57,322.05,-1
27,player,780,0,0,1574.02,199.39,1635.57,322.05,-1
27,player,781,0,0,1574.02,199.39,1635.57,322.05,-1
27,player,782,0,0,1574.02,199.39,1635.57,322.05,-1
27,player,783,0,0,1574.02,199.39,1635.57,322.05,-1
27,player,784,0,0,1574.02,199.39,1635.57,322.05,-1
27,player,785,0,0,1574.02,199.39,1635.57,322.05,-1
27,player,786,0,0,1574.02,199.39,1635.57,322.05,-1
27,player,787,0,0,1574.02,199.39,1635.57,322.05,-1
27,player,788,0,0,1574.02,199.39,1635.57,322.05,-1
27,player,789,0,0,1574.02,199.39,1635.57,322.05,-1
27,player,790,0,0,1574.02,199.39,1635.57,322.05,-1
27,player,791,0,0,1574.02,199.39,1635.57,322.05,-1
27,player,792,0,0,1574.02,199.39,1635.57,322.05,-1
27,player,793,0,0,1574.02,199.39,1635.57,322.05,-1
27,player,794,0,0,1574.02,199.39,1635.57,322.05,-1
27,player,795,0,0,1574.02,199.39,1635.57,322.05,-1
27,player,796,0,0,1574.02,199.39,1635.57,322.05,-1
27,player,797,0,0,1574.02,199.39,1635.57,322.05,-1
27,player,798,0,0,1574.02,199.39,1635.57,322.05,-1
27,player,799,0,0,1574.02,199.39,1635.57,322.05,-1
27,player,800,0,0,1574.02,199.39,1635.57,322.05,-1
27,player,801,0,0,1574.02,199.39,1635.57,322.05,-1
27,player,802,0,0,1574.02,199.39,1635.57,322.05,-1
27,player,803,0,0,1574.02,199.39,1635.57,322.05,-1
27,player,804,0,0,1574.02,199.39,1635.57,322.05,-1
27,player,805,0,0,1574.02,199.39,1635.57,322.05,-1
27,player,806,1,0,1574.02,199.39,1635.57,322.05,-1
28,player,666,0,0,766.76,164.38,836.81,299.85,-1
28,player,667,0,0,771.68,167.37,842.16,300.28,-1
28,player,668,0,0,776.59,170.37,847.50,300.71,-1
28,player,669,0,0,781.51,173.36,852.85,301.13,-1
28,player,670,0,0,786.43,176.35,858.20,301.56,-1
28,player,671,0,0,791.35,179.34,863.55,301.99,-1
28,player,672,0,0,796.26,182.33,868.90,302.42,-1
28,player,673,0,0,801.18,185.32,874.25,302.84,-1
28,player,674,0,0,806.10,188.32,879.60,303.27,-1
28,player,675,0,0,811.02,191.31,884.95,303.70,-1
28,player,676,0,0,815.93,194.30,890.30,304.13,-1
28,player,677,0,0,819.31,195.47,893.68,305.30,-1
28,player,678,0,0,822.69,196.64,897.05,306.46,-1
28,player,679,0,0,826.06,197.81,900.43,307.63,-1
28,player,680,0,0,829.44,198.98,903.81,308.80,-1
28,player,681,0,0,832.82,200.14,907.18,309.97,-1
28,player,682,0,0,836.19,201.31,910.56,311.14,-1
28,player,683,0,0,839.57,202.48,913.94,312.31,-1
28,player,684,0,0,842.95,203.65,917.31,313.48,-1
28,player,685,0,0,846.32,204.82,920.69,314.65,-1
28,player,686,0,0,849.70,205.99,924.07,315.81,-1
28,player,687,0,0,853.08,207.16,927.44,316.98,-1
28,player,688,0,0,856.45,208.33,930.82,318.15,-1
28,player,689,0,0,859.83,209.49,934.20,319.32,-1
28,player,690,0,0,863.21,210.66,937.57,320.49,-1
28,player,691,0,0,866.58,211.83,940.95,321.66,-1
28,player,692,0,0,869.96,213.00,944.33,322.83,-1
28,player,693,0,0,873.34,214.17,947.70,324.00,-1
28,player,694,0,0,876.71,215.34,951.08,325.17,-1
28,player,695,0,0,879.83,215.34,954.20,325.17,-1
28,player,696,0,0,882.95,215.34,957.31,325.17,-1
28,player,697,0,0,886.06,215.34,960.43,325.17,-1
28,player,698,0,0,890.82,215.66,965.18,325.48,-1
28,player,699,0,0,895.57,215.97,969.93,325.80,-1
28,player,700,0,0,900.32,216.29,974.68,326.12,-1
28,player,701,0,0,905.07,216.61,979.44,326.43,-1
28,player,702,0,0,909.82,216.92,984.19,326.75,-1
28,player,703,0,0,914.57,217.24,988.94,327.07,-1
28,player,704,0,0,919.32,217.56,993.69,327.38,-1
28,player,705,0,0,924.07,217.87,998.44,327.70,-1
28,player,706,0,0,928.83,218.19,1003.19,328.02,-1
28,player,707,0,0,933.58,218.51,1007.94,328.33,-1
28,player,708,0,0,938.33,218.82,1012.69,328.65,-1
28,player,709,0,0,943.08,219.14,1017.45,328.97,-1
28,player,710,0,0,947.83,219.46,1022.20,329.28,-1
28,player,711,0,0,952.58,219.77,1026.95,329.60,-1
28,player,712,0,0,957.33,220.09,1031.70,329.92,-1
28,player,713,0,0,962.09,220.41,1036.45,330.23,-1
28,player,714,0,0,966.84,220.72,1041.20,330.55,-1
28,player,715,0,0,971.59,221.04,1045.95,330.87,-1
28,player,716,0,0,976.34,221.36,1050.70,331.18,-1
28,player,717,0,0,981.09,221.67,1055.46,331.50,-1
28,player,718,0,0,985.84,221.99,1060.21,331.82,-1
28,player,719,0,0,990.59,222.31,1064.96,332.13,-1
28,player,720,0,0,995.34,222.62,1069.71,332.45,-1
28,player,721,0,0,1000.10,222.94,1074.46,332.77,-1
28,player,722,0,0,1004.85,223.26,1079.21,333.08,-1
28,player,723,0,0,1009.60,223.57,1083.96,333.40,-1
28,player,724,0,0,1014.35,223.89,1088.72,333.72,-1
28,player,725,0,0,1027.18,225.42,1101.54,335.24,-1
28,player,726,0,0,1040.01,226.95,1114.37,336.77,-1
28,player,727,0,0,1052.84,228.47,1127.20,338.30,-1
28,player,728,0,0,1065.66,230.00,1140.03,339.83,-1
28,player,729,0,0,1078.49,231.53,1152.86,341.35,-1
28,player,730,0,0,1091.32,233.05,1165.69,342.88,-1
28,player,731,0,0,1104.15,234.58,1178.51,344.41,-1
28,player,732,0,0,1104.15,234.58,1178.51,344.41,-1
28,player,733,0,0,1104.15,234.58,1178.51,344.41,-1
28,player,734,0,0,1104.15,234.58,1178.51,344.41,-1
28,player,735,0,0,1104.15,234.58,1178.51,344.41,-1
28,player,736,0,0,1104.15,234.58,1178.51,344.41,-1
28,player,737,0,0,1104.15,234.58,1178.51,344.41,-1
28,player,738,0,0,1104.15,234.58,1178.51,344.41,-1
28,player,739,0,0,1104.15,234.58,1178.51,344.41,-1
28,player,740,0,0,1104.15,234.58,1178.51,344.41,-1
28,player,741,0,0,1104.15,234.58,1178.51,344.41,-1
28,player,742,0,0,1104.15,234.58,1178.51,344.41,-1
28,player,743,0,0,1104.15,234.58,1178.51,344.41,-1
28,player,744,0,0,1104.15,234.58,1178.51,344.41,-1
28,player,745,0,0,1104.15,234.58,1178.51,344.41,-1
28,player,746,0,0,1104.15,234.58,1178.51,344.41,-1
28,player,747,0,0,1104.15,234.58,1178.51,344.41,-1
28,player,748,0,0,1104.15,234.58,1178.51,344.41,-1
28,player,749,0,0,1104.15,234.58,1178.51,344.41,-1
28,player,750,0,0,1104.15,234.58,1178.51,344.41,-1
28,player,751,0,0,1104.15,234.58,1178.51,344.41,-1
28,player,752,0,0,1104.15,234.58,1178.51,344.41,-1
28,player,753,0,0,1104.15,234.58,1178.51,344.41,-1
28,player,754,0,0,1104.15,234.58,1178.51,344.41,-1
28,player,755,0,0,1104.15,234.58,1178.51,344.41,-1
28,player,756,0,0,1104.15,234.58,1178.51,344.41,-1
28,player,757,0,0,1104.15,234.58,1178.51,344.41,-1
28,player,758,0,0,1104.15,234.58,1178.51,344.41,-1
28,player,759,0,0,1104.15,234.58,1178.51,344.41,-1
28,player,760,0,0,1104.15,234.58,1178.51,344.41,-1
28,player,761,0,0,1104.15,234.58,1178.51,344.41,-1
28,player,762,0,0,1104.15,234.58,1178.51,344.41,-1
28,player,763,0,0,1104.15,234.58,1178.51,344.41,-1
28,player,764,0,0,1104.15,234.58,1178.51,344.41,-1
28,player,765,0,0,1104.15,234.58,1178.51,344.41,-1
28,player,766,0,0,1104.15,234.58,1178.51,344.41,-1
28,player,767,0,0,1104.15,234.58,1178.51,344.41,-1
28,player,768,0,0,1104.15,234.58,1178.51,344.41,-1
28,player,769,0,0,1104.15,234.58,1178.51,344.41,-1
28,player,770,0,0,1104.15,234.58,1178.51,344.41,-1
28,player,771,0,0,1104.15,234.58,1178.51,344.41,-1
28,player,772,0,0,1104.15,234.58,1178.51,344.41,-1
28,player,773,0,0,1104.15,234.58,1178.51,344.41,-1
28,player,774,0,0,1104.15,234.58,1178.51,344.41,-1
28,player,775,0,0,1104.15,234.58,1178.51,344.41,-1
28,player,776,0,0,1104.15,234.58,1178.51,344.41,-1
28,player,777,0,0,1104.15,234.58,1178.51,344.41,-1
28,player,778,0,0,1104.15,234.58,1178.51,344.41,-1
28,player,779,0,0,1104.15,234.58,1178.51,344.41,-1
28,player,780,0,0,1104.15,234.58,1178.51,344.41,-1
28,player,781,0,0,1104.15,234.58,1178.51,344.41,-1
28,player,782,0,0,1104.15,234.58,1178.51,344.41,-1
28,player,783,0,0,1104.15,234.58,1178.51,344.41,-1
28,player,784,0,0,1104.15,234.58,1178.51,344.41,-1
28,player,785,0,0,1104.15,234.58,1178.51,344.41,-1
28,player,786,0,0,1104.15,234.58,1178.51,344.41,-1
28,player,787,0,0,1104.15,234.58,1178.51,344.41,-1
28,player,788,0,0,1104.15,234.58,1178.51,344.41,-1
28,player,789,0,0,1104.15,234.58,1178.51,344.41,-1
28,player,790,0,0,1104.15,234.58,1178.51,344.41,-1
28,player,791,0,0,1104.15,234.58,1178.51,344.41,-1
28,player,792,0,0,1104.15,234.58,1178.51,344.41,-1
28,player,793,0,0,1104.15,234.58,1178.51,344.41,-1
28,player,794,0,0,1104.15,234.58,1178.51,344.41,-1
28,player,795,0,0,1104.15,234.58,1178.51,344.41,-1
28,player,796,0,0,1104.15,234.58,1178.51,344.41,-1
28,player,797,0,0,1104.15,234.58,1178.51,344.41,-1
28,player,798,0,0,1104.15,234.58,1178.51,344.41,-1
28,player,799,0,0,1104.15,234.58,1178.51,344.41,-1
28,player,800,0,0,1104.15,234.58,1178.51,344.41,-1
28,player,801,0,0,1104.15,234.58,1178.51,344.41,-1
28,player,802,0,0,1104.15,234.58,1178.51,344.41,-1
28,player,803,0,0,1104.15,234.58,1178.51,344.41,-1
28,player,804,0,0,1104.15,234.58,1178.51,344.41,-1
28,player,805,0,0,1104.15,234.58,1178.51,344.41,-1
28,player,806,1,0,1104.15,234.58,1178.51,344.41,-1
29,player,676,0,0,0.00,583.45,47.85,718.91,10
29,player,677,0,0,4.87,584.04,53.67,719.51,10
29,player,678,0,0,9.74,584.63,59.49,720.10,10
29,player,679,0,0,14.62,585.23,65.31,720.70,10
29,player,680,0,0,19.49,585.82,71.13,721.29,10
29,player,681,0,0,24.36,586.42,76.95,721.88,10
29,player,682,0,0,29.23,587.01,82.78,722.48,10
29,player,683,0,0,34.11,587.60,88.60,723.07,10
29,player,684,0,0,38.98,588.20,94.42,723.67,10
29,player,685,0,0,43.85,588.79,100.24,724.26,10
29,player,686,0,0,48.72,589.39,106.06,724.85,10
29,player,687,0,0,53.59,589.98,111.88,725.45,10
29,player,688,0,0,58.47,590.57,117.70,726.04,10
29,player,689,0,0,63.34,591.17,123.52,726.64,10
29,player,690,0,0,68.21,591.76,129.34,727.23,10
29,player,691,0,0,73.08,592.36,135.16,727.82,10
29,player,692,0,0,77.96,592.95,140.98,728.42,10
29,player,693,0,0,82.83,593.54,146.80,729.01,10
29,player,694,0,0,87.70,594.14,152.62,729.60,10
29,player,695,0,0,97.83,594.14,162.75,729.60,10
29,player,696,0,0,107.96,594.14,172.88,729.60,10
29,player,697,0,0,118.09,594.14,183.01,729.60,10
29,player,698,0,0,129.78,592.97,194.70,728.44,10
29,player,699,0,0,141.47,591.80,206.39,727.27,10
29,player,700,0,0,149.76,592.06,214.68,727.52,10
29,player,701,0,0,158.06,592.31,222.98,727.78,10
29,player,702,0,0,166.35,592.57,231.27,728.04,10
29,player,703,0,0,174.65,592.83,239.57,728.29,10
29,player,704,0,0,182.95,593.08,247.87,728.55,10
29,player,705,0,0,191.24,593.34,256.16,728.81,10
29,player,706,0,0,199.54,593.60,264.46,729.06,10
29,player,707,0,0,207.83,593.85,272.75,729.32,10
29,player,708,0,0,216.13,594.11,281.05,729.58,10
29,player,709,0,0,224.42,594.36,289.34,729.83,10
29,player,710,0,0,232.72,594.62,297.64,730.09,10
29,player,711,0,0,241.02,594.88,305.94,730.35,10
29,player,712,0,0,249.31,595.13,314.23,730.60,10
29,player,713,0,0,257.61,595.39,322.53,730.86,10
29,player,714,0,0,265.90,595.65,330.82,731.12,10
29,player,715,0,0,274.20,595.90,339.12,731.37,10
29,player,716,0,0,282.50,596.16,347.41,731.63,10
29,player,717,0,0,290.79,596.42,355.71,731.89,10
29,player,718,0,0,299.09,596.67,364.01,732.14,10
29,player,719,0,0,307.38,596.93,372.30,732.40,10
29,player,720,0,0,315.68,597.19,380.60,732.66,10
29,player,721,0,0,323.97,597.44,388.89,732.91,10
29,player,722,0,0,332.27,597.70,397.19,733.17,10
29,player,723,0,0,340.57,597.96,405.49,733.43,10
29,player,724,0,0,348.86,598.21,413.78,733.68,10
29,player,725,0,0,365.66,600.35,430.58,735.82,10
29,player,726,0,0,382.46,602.49,447.38,737.96,10
29,player,727,0,0,399.26,604.63,464.18,740.10,10
29,player,728,0,0,416.06,606.77,480.98,742.23,10
29,player,729,0,0,432.86,608.90,497.78,744.37,10
29,player,730,0,0,449.66,611.04,514.58,746.51,10
29,player,731,0,0,466.46,613.18,531.38,748.65,10
29,player,732,0,0,473.75,612.98,538.67,748.45,10
29,player,733,0,0,481.05,612.78,545.97,748.25,10
29,player,734,0,0,488.35,612.58,553.27,748.05,10
29,player,735,0,0,495.65,612.38,560.57,747.85,10
29,player,736,0,0,502.95,612.18,567.87,747.65,10
29,player,737,0,0,510.24,611.98,575.16,747.45,10
29,player,738,0,0,517.54,611.78,582.46,747.25,10
29,player,739,0,0,524.84,611.58,589.76,747.05,10
29,player,740,0,0,532.14,611.38,597.06,746.85,10
29,player,741,0,0,539.44,611.19,604.36,746.65,10
29,player,742,0,0,546.73,610.99,611.65,746.45,10
29,player,743,0,0,554.03,610.79,618.95,746.25,10
29,player,744,0,0,561.33,610.59,626.25,746.05,10
29,player,745,0,0,568.63,610.39,633.55,745.86,10
29,player,746,0,0,575.93,610.19,640.85,745.66,10
29,player,747,0,0,583.22,609.99,648.14,745.46,10
29,player,748,0,0,590.52,609.79,655.44,745.26,10
29,player,749,0,0,597.82,609.59,662.74,745.06,10
29,player,750,0,0,605.12,609.39,670.04,744.86,10
29,player,751,0,0,612.42,609.19,677.34,744.66,10
29,player,752,0,0,619.71,608.99,684.63,744.46,10
29,player,753,0,0,627.01,608.79,691.93,744.26,10
29,player,754,0,0,634.31,608.59,699.23,744.06,10
29,player,755,0,0,641.61,608.39,706.53,743.86,10
29,player,756,0,0,648.91,608.19,713.83,743.66,10
29,player,757,0,0,656.20,607.99,721.12,743.46,10
29,player,758,0,0,663.50,607.79,728.42,743.26,10
29,player,759,0,0,670.80,607.59,735.72,743.06,10
29,player,760,0,0,678.10,607.39,743.02,742.86,10
29,player,761,0,0,685.40,607.19,750.32,742.66,10
29,player,762,0,0,692.69,606.99,757.61,742.46,10
29,player,763,0,0,699.99,606.79,764.91,742.26,10
29,player,764,0,0,707.29,606.60,772.21,742.06,10
29,player,765,0,0,714.59,606.40,779.51,741.86,10
29,player,766,0,0,721.89,606.20,786.81,741.66,10
29,player,767,0,0,729.18,606.00,794.10,741.46,10
29,player,768,0,0,736.48,605.80,801.40,741.27,10
29,player,769,0,0,743.78,605.60,808.70,741.07,10
29,player,770,0,0,751.08,605.40,816.00,740.87,10
29,player,771,0,0,758.38,605.20,823.29,740.67,10
29,player,772,0,0,765.67,605.00,830.59,740.47,10
29,player,773,0,0,772.97,604.80,837.89,740.27,10
29,player,774,0,0,780.27,604.60,845.19,740.07,10
29,player,775,0,0,787.57,604.40,852.49,739.87,10
29,player,776,0,0,794.87,604.20,859.78,739.67,10
29,player,777,0,0,802.16,604.00,867.08,739.47,10
29,player,778,0,0,809.46,603.80,874.38,739.27,10
29,player,779,0,0,816.76,603.60,881.68,739.07,10
29,player,780,0,0,824.06,603.40,888.98,738.87,10
29,player,781,0,0,831.36,603.20,896.27,738.67,10
29,player,782,0,0,838.65,603.00,903.57,738.47,10
29,player,783,0,0,845.95,602.80,910.87,738.27,10
29,player,784,0,0,853.25,602.60,918.17,738.07,10
29,player,785,0,0,860.55,602.40,925.47,737.87,10
29,player,786,0,0,867.85,602.21,932.76,737.67,10
29,player,787,0,0,875.14,602.01,940.06,737.47,10
29,player,788,0,0,882.44,601.81,947.36,737.27,10
29,player,789,0,0,889.74,601.61,954.66,737.07,10
29,player,790,0,0,897.04,601.41,961.96,736.87,10
29,player,791,0,0,904.33,601.21,969.25,736.68,10
29,player,792,0,0,911.63,601.01,976.55,736.48,10
29,player,793,0,0,918.93,600.81,983.85,736.28,10
29,player,794,0,0,926.23,600.61,991.15,736.08,10
29,player,795,0,0,933.53,600.41,998.45,735.88,10
29,player,796,0,0,940.82,600.21,1005.74,735.68,10
29,player,797,0,0,948.12,600.01,1013.04,735.48,10
29,player,798,0,0,955.42,599.81,1020.34,735.28,10
29,player,799,0,0,962.72,599.61,1027.64,735.08,10
29,player,800,0,0,970.02,599.41,1034.94,734.88,10
29,player,801,0,0,977.31,599.21,1042.23,734.68,10
29,player,802,0,0,984.61,599.01,1049.53,734.48,10
29,player,803,0,0,991.91,598.81,1056.83,734.28,10
29,player,804,0,0,999.21,598.61,1064.13,734.08,10
29,player,805,0,0,1006.51,598.41,1071.43,733.88,10
29,player,806,0,0,1013.80,598.21,1078.72,733.68,10
29,player,807,0,0,1010.68,597.88,1075.60,733.35,10
29,player,808,0,0,1007.55,597.56,1072.47,733.02,10
29,player,809,0,0,1004.43,597.23,1069.35,732.70,10
29,player,810,0,0,1001.30,596.90,1066.22,732.37,10
29,player,811,0,0,998.18,596.57,1063.10,732.04,10
29,player,812,0,0,995.06,596.24,1059.97,731.71,10
29,player,813,0,0,991.93,595.91,1056.85,731.38,10
29,player,814,0,0,988.81,595.58,1053.72,731.05,10
29,player,815,0,0,985.68,595.25,1050.60,730.72,10
29,player,816,0,0,982.56,594.93,1047.48,730.39,10
29,player,817,0,0,979.43,594.60,1044.35,730.06,10
29,player,818,0,0,976.31,594.27,1041.23,729.74,10
29,player,819,0,0,973.18,593.94,1038.10,729.41,10
29,player,820,0,0,968.90,591.80,1033.82,727.27,10
29,player,821,0,0,964.63,589.66,1029.55,725.13,10
29,player,822,0,0,958.52,589.66,1023.44,725.13,10
29,player,823,0,0,952.41,589.66,1017.33,725.13,10
29,player,824,0,0,946.30,589.66,1011.22,725.13,10
29,player,825,0,0,940.19,589.66,1005.11,725.13,10
29,player,826,0,0,934.08,589.66,999.00,725.13,10
29,player,827,0,0,927.98,589.66,992.89,725.13,10
29,player,828,0,0,921.87,589.66,986.79,725.13,10
29,player,829,0,0,917.59,589.66,982.51,725.13,10
29,player,830,0,0,913.31,589.66,978.23,725.13,10
29,player,831,0,0,909.04,589.66,973.96,725.13,10
29,player,832,0,0,904.76,589.66,969.68,725.13,10
29,player,833,0,0,900.49,589.66,965.41,725.13,10
29,player,834,0,0,896.21,589.66,961.13,725.13,10
29,player,835,0,0,891.93,589.66,956.85,725.13,10
29,player,836,0,0,887.66,589.66,952.58,725.13,10
29,player,837,0,0,883.38,589.66,948.30,725.13,10
29,player,838,0,0,879.10,589.66,944.02,725.13,10
29,player,839,0,0,874.83,589.66,939.75,725.13,10
29,player,840,0,0,870.55,589.66,935.47,725.13,10
29,player,841,0,0,866.28,589.66,931.20,725.13,10
29,player,842,0,0,862.00,589.66,926.92,725.13,10
29,player,843,0,0,857.72,589.66,922.64,725.13,10
29,player,844,0,0,853.45,589.66,918.37,725.13,10
29,player,845,0,0,849.17,589.66,914.09,725.13,10
29,player,846,0,0,844.63,588.46,909.55,723.93,10
29,player,847,0,0,840.09,587.26,905.00,722.73,10
29,player,848,0,0,835.54,586.05,900.46,721.52,10
29,player,849,0,0,831.00,584.85,895.92,720.32,10
29,player,850,0,0,826.45,583.65,891.37,719.12,10
29,player,851,0,0,821.91,582.45,886.83,717.92,10
29,player,852,0,0,817.37,581.24,882.29,716.71,10
29,player,853,0,0,812.82,580.04,877.74,715.51,10
29,player,854,0,0,808.28,578.84,873.20,714.31,10
29,player,855,0,0,803.74,577.64,868.66,713.10,10
29,player,856,0,0,799.19,576.43,864.11,711.90,10
29,player,857,0,0,794.65,575.23,859.57,710.70,10
29,player,858,0,0,790.11,574.03,855.03,709.50,10
29,player,859,0,0,785.56,572.83,850.48,708.29,10
29,player,860,0,0,781.02,571.62,845.94,707.09,10
29,player,861,0,0,776.48,570.42,841.40,705.89,10
29,player,862,0,0,774.64,570.11,839.56,705.58,10
29,player,863,0,0,772.81,569.81,837.73,705.28,10
29,player,864,0,0,770.98,569.50,835.90,704.97,10
29,player,865,0,0,769.15,569.20,834.07,704.67,10
29,player,866,0,0,767.31,568.89,832.23,704.36,10
29,player,867,0,0,765.48,568.59,830.40,704.06,10
29,player,868,0,0,763.65,568.28,828.57,703.75,10
29,player,869,0,0,761.82,567.98,826.74,703.44,10
29,player,870,0,0,759.98,567.67,824.90,703.14,10
29,player,871,0,0,758.15,567.37,823.07,702.83,10
29,player,872,0,0,756.32,567.06,821.24,702.53,10
29,player,873,0,0,754.49,566.75,819.41,702.22,10
29,player,874,0,0,752.65,566.45,817.57,701.92,10
29,player,875,0,0,750.82,566.14,815.74,701.61,10
29,player,876,0,0,748.41,565.97,813.33,701.43,10
29,player,877,0,0,746.01,565.79,810.93,701.26,10
29,player,878,0,0,743.60,565.61,808.52,701.08,10
29,player,879,0,0,741.20,565.43,806.12,700.90,10
29,player,880,0,0,738.79,565.25,803.71,700.72,10
29,player,881,0,0,736.39,565.07,801.31,700.54,10
29,player,882,0,0,733.98,564.90,798.90,700.36,10
29,player,883,0,0,731.58,564.72,796.50,700.19,10
29,player,884,0,0,729.17,564.54,794.09,700.01,10
29,player,885,0,0,726.77,564.36,791.69,699.83,10
29,player,886,0,0,724.36,564.18,789.28,699.65,10
29,player,887,0,0,721.96,564.01,786.88,699.47,10
29,player,888,0,0,719.55,563.83,784.47,699.30,10
29,player,889,0,0,717.15,563.65,782.07,699.12,10
29,player,890,0,0,714.74,563.47,779.66,698.94,10
29,player,891,0,0,712.34,563.29,777.25,698.76,10
29,player,892,0,0,709.93,563.12,774.85,698.58,10
29,player,893,0,0,707.52,562.94,772.44,698.41,10
29,player,894,0,0,705.12,562.76,770.04,698.23,10
29,player,895,0,0,702.71,562.58,767.63,698.05,10
29,player,896,0,0,700.31,562.40,765.23,697.87,10
29,player,897,0,0,697.90,562.22,762.82,697.69,10
29,player,898,0,0,695.50,562.05,760.42,697.51,10
29,player,899,0,0,693.09,561.87,758.01,697.34,10
30,player,724,0,0,0.00,614.88,54.66,734.56,22
30,player,725,0,0,8.86,614.57,65.05,734.26,22
30,player,726,0,0,17.71,614.27,75.43,733.95,22
30,player,727,0,0,26.57,613.96,85.82,733.65,22
30,player,728,0,0,35.43,613.66,96.20,733.34,22
30,player,729,0,0,44.29,613.35,106.59,733.04,22
30,player,730,0,0,53.14,613.05,116.97,732.73,22
30,player,731,0,0,62.00,612.74,127.36,732.42,22
30,player,732,0,0,68.96,612.20,134.31,731.88,22
30,player,733,0,0,75.91,611.66,141.27,731.34,22
30,player,734,0,0,82.87,611.12,148.22,730.80,22
30,player,735,0,0,89.82,610.57,155.18,730.26,22
30,player,736,0,0,96.78,610.03,162.14,729.72,22
30,player,737,0,0,103.74,609.49,169.09,729.17,22
30,player,738,0,0,110.69,608.95,176.05,728.63,22
30,player,739,0,0,117.65,608.41,183.00,728.09,22
30,player,740,0,0,124.60,607.87,189.96,727.55,22
30,player,741,0,0,131.56,607.32,196.91,727.01,22
30,player,742,0,0,138.51,606.78,203.87,726.47,22
30,player,743,0,0,145.47,606.24,210.83,725.92,22
30,player,744,0,0,152.43,605.70,217.78,725.38,22
30,player,745,0,0,159.38,605.16,224.74,724.84,22
30,player,746,0,0,166.34,604.62,231.69,724.30,22
30,player,747,0,0,173.29,604.07,238.65,723.76,22
30,player,748,0,0,180.25,603.53,245.61,723.22,22
30,player,749,0,0,187.21,602.99,252.56,722.67,22
30,player,750,0,0,194.16,602.45,259.52,722.13,22
30,player,751,0,0,201.12,601.91,266.47,721.59,22
30,player,752,0,0,208.07,601.37,273.43,721.05,22
30,player,753,0,0,215.03,600.82,280.39,720.51,22
30,player,754,0,0,221.99,600.28,287.34,719.97,22
30,player,755,0,0,228.94,599.74,294.30,719.42,22
30,player,756,0,0,235.90,599.20,301.25,718.88,22
30,player,757,0,0,242.85,598.66,308.21,718.34,22
30,player,758,0,0,249.81,598.12,315.16,717.80,22
30,player,759,0,0,256.77,597.57,322.12,717.26,22
30,player,760,0,0,263.72,597.03,329.08,716.72,22
30,player,761,0,0,270.68,596.49,336.03,716.18,22
30,player,762,0,0,277.63,595.95,342.99,715.63,22
30,player,763,0,0,284.59,595.41,349.94,715.09,22
30,player,764,0,0,291.54,594.87,356.90,714.55,22
30,player,765,0,0,298.50,594.32,363.86,714.01,22
30,player,766,0,0,305.46,593.78,370.81,713.47,22
30,player,767,0,0,312.41,593.24,377.77,712.93,22
30,player,768,0,0,319.37,592.70,384.72,712.38,22
30,player,769,0,0,326.32,592.16,391.68,711.84,22
30,player,770,0,0,333.28,591.62,398.64,711.30,22
30,player,771,0,0,340.24,591.08,405.59,710.76,22
30,player,772,0,0,347.19,590.53,412.55,710.22,22
30,player,773,0,0,354.15,589.99,419.50,709.68,22
30,player,774,0,0,361.10,589.45,426.46,709.13,22
30,player,775,0,0,368.06,588.91,433.42,708.59,22
30,player,776,0,0,375.02,588.37,440.37,708.05,22
30,player,777,0,0,381.97,587.83,447.33,707.51,22
30,player,778,0,0,388.93,587.28,454.28,706.97,22
30,player,779,0,0,395.88,586.74,461.24,706.43,22
30,player,780,0,0,402.84,586.20,468.19,705.88,22
30,player,781,0,0,409.79,585.66,475.15,705.34,22
30,player,782,0,0,416.75,585.12,482.11,704.80,22
30,player,783,0,0,423.71,584.58,489.06,704.26,22
30,player,784,0,0,430.66,584.03,496.02,703.72,22
30,player,785,0,0,437.62,583.49,502.97,703.18,22
30,player,786,0,0,444.57,582.95,509.93,702.63,22
30,player,787,0,0,451.53,582.41,516.89,702.09,22
30,player,788,0,0,458.49,581.87,523.84,701.55,22
30,player,789,0,0,465.44,581.33,530.80,701.01,22
30,player,790,0,0,472.40,580.78,537.75,700.47,22
30,player,791,0,0,479.35,580.24,544.71,699.93,22
30,player,792,0,0,486.31,579.70,551.67,699.38,22
30,player,793,0,0,493.27,579.16,558.62,698.84,22
30,player,794,0,0,500.22,578.62,565.58,698.30,22
30,player,795,0,0,507.18,578.08,572.53,697.76,22
30,player,796,0,0,514.13,577.53,579.49,697.22,22
30,player,797,0,0,521.09,576.99,586.44,696.68,22
30,player,798,0,0,528.05,576.45,593.40,696.13,22
30,player,799,0,0,535.00,575.91,600.36,695.59,22
30,player,800,0,0,541.96,575.37,607.31,695.05,22
30,player,801,0,0,548.91,574.83,614.27,694.51,22
30,player,802,0,0,555.87,574.28,621.22,693.97,22
30,player,803,0,0,562.82,573.74,628.18,693.43,22
30,player,804,0,0,569.78,573.20,635.14,692.88,22
30,player,805,0,0,576.74,572.66,642.09,692.34,22
30,player,806,0,0,583.69,572.12,649.05,691.80,22
30,player,807,0,0,579.58,572.28,644.94,691.97,22
30,player,808,0,0,575.47,572.45,640.82,692.13,22
30,player,809,0,0,571.36,572.61,636.71,692.29,22
30,player,810,0,0,567.25,572.77,632.60,692.46,22
30,player,811,0,0,563.13,572.94,628.49,692.62,22
30,player,812,0,0,559.02,573.10,624.38,692.79,22
30,player,813,0,0,554.91,573.27,620.27,692.95,22
30,player,814,0,0,550.80,573.43,616.15,693.12,22
30,player,815,0,0,546.69,573.60,612.04,693.28,22
30,player,816,0,0,542.58,573.76,607.93,693.44,22
30,player,817,0,0,538.46,573.93,603.82,693.61,22
30,player,818,0,0,534.35,574.09,599.71,693.77,22
30,player,819,0,0,530.24,574.25,595.60,693.94,22
30,player,820,0,0,524.90,574.25,590.25,693.94,22
30,player,821,0,0,519.55,574.25,584.91,693.94,22
30,player,822,0,0,513.14,574.25,578.49,693.94,22
30,player,823,0,0,506.72,574.25,572.08,693.94,22
30,player,824,0,0,500.31,574.25,565.66,693.94,22
30,player,825,0,0,493.89,574.25,559.25,693.94,22
30,player,826,0,0,487.48,574.25,552.83,693.94,22
30,player,827,0,0,481.06,574.25,546.42,693.94,22
30,player,828,0,0,474.65,574.25,540.01,693.94,22
30,player,829,0,0,469.87,574.25,535.23,693.94,22
30,player,830,0,0,465.09,574.25,530.45,693.94,22
30,player,831,0,0,460.31,574.25,525.67,693.94,22
30,player,832,0,0,455.53,574.25,520.89,693.94,22
30,player,833,0,0,450.75,574.25,516.11,693.94,22
30,player,834,0,0,445.97,574.25,511.33,693.94,22
30,player,835,0,0,441.20,574.25,506.55,693.94,22
30,player,836,0,0,436.42,574.25,501.77,693.94,22
30,player,837,0,0,431.64,574.25,496.99,693.94,22
30,player,838,0,0,426.86,574.25,492.21,693.94,22
30,player,839,0,0,422.08,574.25,487.43,693.94,22
30,player,840,0,0,417.30,574.25,482.66,693.94,22
30,player,841,0,0,412.52,574.25,477.88,693.94,22
30,player,842,0,0,407.74,574.25,473.10,693.94,22
30,player,843,0,0,402.96,574.25,468.32,693.94,22
30,player,844,0,0,398.18,574.25,463.54,693.94,22
30,player,845,0,0,393.40,574.25,458.76,693.94,22
30,player,846,0,0,389.93,574.79,455.28,694.47,22
30,player,847,0,0,386.45,575.32,451.81,695.01,22
30,player,848,0,0,382.98,575.86,448.34,695.54,22
30,player,849,0,0,379.51,576.39,444.86,696.08,22
30,player,850,0,0,376.03,576.93,441.39,696.61,22
30,player,851,0,0,372.56,577.46,437.91,697.15,22
30,player,852,0,0,369.08,578.00,434.44,697.68,22
30,player,853,0,0,365.61,578.53,430.96,698.21,22
30,player,854,0,0,362.13,579.07,427.49,698.75,22
30,player,855,0,0,358.66,579.60,424.02,699.28,22
30,player,856,0,0,355.19,580.13,420.54,699.82,22
30,player,857,0,0,351.71,580.67,417.07,700.35,22
30,player,858,0,0,348.24,581.20,413.59,700.89,22
30,player,859,0,0,344.76,581.74,410.12,701.42,22
30,player,860,0,0,341.29,582.27,406.64,701.96,22
30,player,861,0,0,337.81,582.81,403.17,702.49,22
30,player,862,0,0,336.59,582.04,401.95,701.73,22
30,player,863,0,0,335.37,581.28,400.73,700.96,22
30,player,864,0,0,334.15,580.52,399.50,700.20,22
30,player,865,0,0,332.93,579.75,398.28,699.44,22
30,player,866,0,0,331.70,578.99,397.06,698.67,22
30,player,867,0,0,330.48,578.23,395.84,697.91,22
30,player,868,0,0,329.26,577.46,394.62,697.15,22
30,player,869,0,0,328.04,576.70,393.39,696.38,22
30,player,870,0,0,326.82,575.94,392.17,695.62,22
30,player,871,0,0,325.60,575.17,390.95,694.85,22
30,player,872,0,0,324.37,574.41,389.73,694.09,22
30,player,873,0,0,323.15,573.64,388.51,693.33,22
30,player,874,0,0,321.93,572.88,387.29,692.56,22
30,player,875,0,0,320.71,572.12,386.06,691.80,22
30,player,876,0,0,319.10,572.38,384.46,692.07,22
30,player,877,0,0,317.50,572.65,382.86,692.34,22
30,player,878,0,0,315.90,572.92,381.25,692.60,22
30,player,879,0,0,314.29,573.19,379.65,692.87,22
30,player,880,0,0,312.69,573.45,378.05,693.14,22
30,player,881,0,0,311.09,573.72,376.44,693.40,22
30,player,882,0,0,309.48,573.99,374.84,693.67,22
30,player,883,0,0,307.88,574.26,373.23,693.94,22
30,player,884,0,0,306.28,574.52,371.63,694.21,22
30,player,885,0,0,304.67,574.79,370.03,694.47,22
30,player,886,0,0,303.07,575.06,368.42,694.74,22
30,player,887,0,0,301.46,575.32,366.82,695.01,22
30,player,888,0,0,299.86,575.59,365.22,695.27,22
30,player,889,0,0,298.26,575.86,363.61,695.54,22
30,player,890,0,0,296.65,576.13,362.01,695.81,22
30,player,891,0,0,295.05,576.39,360.41,696.08,22
30,player,892,0,0,293.45,576.66,358.80,696.34,22
30,player,893,0,0,291.84,576.93,357.20,696.61,22
30,player,894,0,0,290.24,577.19,355.60,696.88,22
30,player,895,0,0,288.64,577.46,353.99,697.15,22
30,player,896,0,0,287.03,577.73,352.39,697.41,22
30,player,897,0,0,285.43,578.00,350.78,697.68,22
30,player,898,0,0,283.83,578.26,349.18,697.95,22
30,player,899,0,0,282.22,578.53,347.58,698.21,22
31,player,724,0,0,0.00,445.95,39.09,565.63,13
31,player,725,0,0,3.66,442.28,47.94,561.97,13
31,player,726,0,0,7.33,438.62,56.79,558.30,13
31,player,727,0,0,10.99,434.95,65.65,554.64,13
31,player,728,0,0,14.66,431.29,74.50,550.97,13
31,player,729,0,0,18.32,427.62,83.35,547.31,13
31,player,730,0,0,21.99,423.96,92.20,543.64,13
31,player,731,0,0,25.65,420.29,101.05,539.98,13
31,player,732,0,0,32.69,420.04,108.09,539.72,13
31,player,733,0,0,39.74,419.78,115.14,539.46,13
31,player,734,0,0,46.78,419.52,122.18,539.21,13
31,player,735,0,0,53.82,419.27,129.22,538.95,13
31,player,736,0,0,60.86,419.01,136.26,538.69,13
31,player,737,0,0,67.90,418.75,143.30,538.44,13
31,player,738,0,0,74.94,418.50,150.34,538.18,13
31,player,739,0,0,81.98,418.24,157.38,537.92,13
31,player,740,0,0,89.03,417.98,164.43,537.67,13
31,player,741,0,0,96.07,417.73,171.47,537.41,13
31,player,742,0,0,103.11,417.47,178.51,537.15,13
31,player,743,0,0,110.15,417.21,185.55,536.90,13
31,player,744,0,0,117.19,416.96,192.59,536.64,13
31,player,745,0,0,124.23,416.70,199.63,536.38,13
31,player,746,0,0,131.27,416.44,206.67,536.13,13
31,player,747,0,0,138.32,416.19,213.72,535.87,13
31,player,748,0,0,145.36,415.93,220.76,535.61,13
31,player,749,0,0,152.40,415.67,227.80,535.36,13
31,player,750,0,0,159.44,415.42,234.84,535.10,13
31,player,751,0,0,166.48,415.16,241.88,534.84,13
31,player,752,0,0,173.52,414.90,248.92,534.59,13
31,player,753,0,0,180.56,414.65,255.96,534.33,13
31,player,754,0,0,187.61,414.39,263.01,534.07,13
31,player,755,0,0,194.65,414.13,270.05,533.82,13
31,player,756,0,0,201.69,413.88,277.09,533.56,13
31,player,757,0,0,208.73,413.62,284.13,533.30,13
31,player,758,0,0,215.77,413.36,291.17,533.05,13
31,player,759,0,0,222.81,413.11,298.21,532.79,13
31,player,760,0,0,229.85,412.85,305.25,532.54,13
31,player,761,0,0,236.90,412.60,312.30,532.28,13
31,player,762,0,0,243.94,412.34,319.34,532.02,13
31,player,763,0,0,250.98,412.08,326.38,531.77,13
31,player,764,0,0,258.02,411.83,333.42,531.51,13
31,player,765,0,0,265.06,411.57,340.46,531.25,13
31,player,766,0,0,272.10,411.31,347.50,531.00,13
31,player,767,0,0,279.14,411.06,354.54,530.74,13
31,player,768,0,0,286.19,410.80,361.59,530.48,13
31,player,769,0,0,293.23,410.54,368.63,530.23,13
31,player,770,0,0,300.27,410.29,375.67,529.97,13
31,player,771,0,0,307.31,410.03,382.71,529.71,13
31,player,772,0,0,314.35,409.77,389.75,529.46,13
31,player,773,0,0,321.39,409.52,396.79,529.20,13
31,player,774,0,0,328.43,409.26,403.83,528.94,13
31,player,775,0,0,335.48,409.00,410.88,528.69,13
31,player,776,0,0,342.52,408.75,417.92,528.43,13
31,player,777,0,0,349.56,408.49,424.96,528.17,13
31,player,778,0,0,356.60,408.23,432.00,527.92,13
31,player,779,0,0,363.64,407.98,439.04,527.66,13
31,player,780,0,0,370.68,407.72,446.08,527.40,13
31,player,781,0,0,377.72,407.46,453.12,527.15,13
31,player,782,0,0,384.77,407.21,460.17,526.89,13
31,player,783,0,0,391.81,406.95,467.21,526.63,13
31,player,784,0,0,398.85,406.69,474.25,526.38,13
31,player,785,0,0,405.89,406.44,481.29,526.12,13
31,player,786,0,0,412.93,406.18,488.33,525.86,13
31,player,787,0,0,419.97,405.92,495.37,525.61,13
31,player,788,0,0,427.01,405.67,502.41,525.35,13
31,player,789,0,0,434.06,405.41,509.46,525.09,13
31,player,790,0,0,441.10,405.15,516.50,524.84,13
31,player,791,0,0,448.14,404.90,523.54,524.58,13
31,player,792,0,0,455.18,404.64,530.58,524.33,13
31,player,793,0,0,462.22,404.39,537.62,524.07,13
31,player,794,0,0,469.26,404.13,544.66,523.81,13
31,player,795,0,0,476.30,403.87,551.70,523.56,13
31,player,796,0,0,483.35,403.62,558.74,523.30,13
31,player,797,0,0,490.39,403.36,565.79,523.04,13
31,player,798,0,0,497.43,403.10,572.83,522.79,13
31,player,799,0,0,504.47,402.85,579.87,522.53,13
31,player,800,0,0,511.51,402.59,586.91,522.27,13
31,player,801,0,0,518.55,402.33,593.95,522.02,13
31,player,802,0,0,525.59,402.08,600.99,521.76,13
31,player,803,0,0,532.64,401.82,608.03,521.50,13
31,player,804,0,0,539.68,401.56,615.08,521.25,13
31,player,805,0,0,546.72,401.31,622.12,520.99,13
31,player,806,0,0,553.76,401.05,629.16,520.73,13
31,player,807,0,0,549.65,401.21,625.05,520.90,13
31,player,808,0,0,545.54,401.38,620.94,521.06,13
31,player,809,0,0,541.42,401.54,616.82,521.23,13
31,player,810,0,0,537.31,401.71,612.71,521.39,13
31,player,811,0,0,533.20,401.87,608.60,521.56,13
31,player,812,0,0,529.09,402.04,604.49,521.72,13
31,player,813,0,0,524.98,402.20,600.38,521.88,13
31,player,814,0,0,520.87,402.37,596.27,522.05,13
31,player,815,0,0,516.75,402.53,592.15,522.21,13
31,player,816,0,0,512.64,402.69,588.04,522.38,13
31,player,817,0,0,508.53,402.86,583.93,522.54,13
31,player,818,0,0,504.42,403.02,579.82,522.71,13
31,player,819,0,0,500.31,403.19,575.71,522.87,13
31,player,820,0,0,494.84,403.43,570.24,523.11,13
31,player,821,0,0,489.38,403.66,564.78,523.35,13
31,player,822,0,0,483.92,403.90,559.32,523.58,13
31,player,823,0,0,478.45,404.14,553.85,523.82,13
31,player,824,0,0,472.99,404.38,548.39,524.06,13
31,player,825,0,0,467.52,404.61,542.92,524.30,13
31,player,826,0,0,462.06,404.85,537.46,524.54,13
31,player,827,0,0,456.60,405.09,532.00,524.77,13
31,player,828,0,0,451.13,405.33,526.53,525.01,13
31,player,829,0,0,445.85,405.33,521.25,525.01,13
31,player,830,0,0,440.57,405.33,515.97,525.01,13
31,player,831,0,0,435.28,405.33,510.68,525.01,13
31,player,832,0,0,430.00,405.33,505.40,525.01,13
31,player,833,0,0,424.72,405.33,500.12,525.01,13
31,player,834,0,0,419.44,405.33,494.84,525.01,13
31,player,835,0,0,414.16,405.33,489.55,525.01,13
31,player,836,0,0,408.87,405.33,484.27,525.01,13
31,player,837,0,0,403.59,405.33,478.99,525.01,13
31,player,838,0,0,398.31,405.33,473.71,525.01,13
31,player,839,0,0,393.03,405.33,468.43,525.01,13
31,player,840,0,0,387.74,405.33,463.14,525.01,13
31,player,841,0,0,382.46,405.33,457.86,525.01,13
31,player,842,0,0,377.18,405.33,452.58,525.01,13
31,player,843,0,0,371.90,405.33,447.30,525.01,13
31,player,844,0,0,366.61,405.33,442.01,525.01,13
31,player,845,0,0,361.33,405.33,436.73,525.01,13
31,player,846,0,0,357.19,405.46,432.59,524.61,13
31,player,847,0,0,353.05,405.60,428.45,524.21,13
31,player,848,0,0,348.90,405.73,424.30,523.81,13
31,player,849,0,0,344.76,405.87,420.16,523.41,13
31,player,850,0,0,340.62,406.00,416.02,523.01,13
31,player,851,0,0,336.48,406.14,411.88,522.61,13
31,player,852,0,0,332.33,406.27,407.73,522.20,13
31,player,853,0,0,328.19,406.41,403.59,521.80,13
31,player,854,0,0,324.05,406.54,399.45,521.40,13
31,player,855,0,0,319.91,406.68,395.31,521.00,13
31,player,856,0,0,315.76,406.81,391.16,520.60,13
31,player,857,0,0,311.62,406.95,387.02,520.20,13
31,player,858,0,0,307.48,407.08,382.88,519.80,13
31,player,859,0,0,303.34,407.22,378.74,519.40,13
31,player,860,0,0,299.19,407.35,374.59,519.00,13
31,player,861,0,0,295.05,407.49,370.45,518.60,13
31,player,862,0,0,293.52,407.33,368.92,518.44,13
31,player,863,0,0,292.00,407.18,367.40,518.29,13
31,player,864,0,0,290.47,407.03,365.87,518.14,13
31,player,865,0,0,288.94,406.87,364.34,517.98,13
31,player,866,0,0,287.42,406.72,362.82,517.83,13
31,player,867,0,0,285.89,406.57,361.29,517.68,13
31,player,868,0,0,284.36,406.42,359.76,517.53,13
31,player,869,0,0,282.83,406.26,358.23,517.37,13
31,player,870,0,0,281.31,406.11,356.71,517.22,13
31,player,871,0,0,279.78,405.96,355.18,517.07,13
31,player,872,0,0,278.25,405.80,353.65,516.92,13
31,player,873,0,0,276.73,405.65,352.12,516.76,13
31,player,874,0,0,275.20,405.50,350.60,516.61,13
31,player,875,0,0,273.67,405.35,349.07,516.46,13
31,player,876,0,0,272.60,405.35,348.00,516.46,13
31,player,877,0,0,271.53,405.35,346.93,516.46,13
31,player,878,0,0,270.46,405.35,345.86,516.46,13
31,player,879,0,0,269.39,405.35,344.79,516.46,13
31,player,880,0,0,268.33,405.35,343.73,516.46,13
31,player,881,0,0,267.26,405.35,342.66,516.46,13
31,player,882,0,0,266.19,405.35,341.59,516.46,13
31,player,883,0,0,265.12,405.35,340.52,516.46,13
31,player,884,0,0,264.05,405.35,339.45,516.46,13
31,player,885,0,0,262.98,405.35,338.38,516.46,13
31,player,886,0,0,261.91,405.35,337.31,516.46,13
31,player,887,0,0,260.84,405.35,336.24,516.46,13
31,player,888,0,0,259.77,405.35,335.17,516.46,13
31,player,889,0,0,258.70,405.35,334.10,516.46,13
31,player,890,0,0,257.64,405.35,333.03,516.46,13
31,player,891,0,0,256.57,405.35,331.97,516.46,13
31,player,892,0,0,255.50,405.35,330.90,516.46,13
31,player,893,0,0,254.43,405.35,329.83,516.46,13
31,player,894,0,0,253.36,405.35,328.76,516.46,13
31,player,895,0,0,252.29,405.35,327.69,516.46,13
31,player,896,0,0,251.22,405.35,326.62,516.46,13
31,player,897,0,0,250.15,405.35,325.55,516.46,13
31,player,898,0,0,249.08,405.35,324.48,516.46,13
31,player,899,0,0,248.01,405.35,323.41,516.46,13
32,player,724,0,0,99.89,383.95,163.10,503.63,9
32,player,725,0,0,114.55,382.42,177.76,502.10,9
32,player,726,0,0,129.21,380.89,192.42,500.57,9
32,player,727,0,0,143.87,379.36,207.08,499.05,9
32,player,728,0,0,158.53,377.84,221.74,497.52,9
32,player,729,0,0,173.19,376.31,236.41,495.99,9
32,player,730,0,0,187.85,374.78,251.07,494.47,9
32,player,731,0,0,202.51,373.25,265.73,492.94,9
32,player,732,0,0,211.12,373.31,274.34,493.00,9
32,player,733,0,0,219.73,373.37,282.95,493.05,9
32,player,734,0,0,228.34,373.43,291.56,493.11,9
32,player,735,0,0,236.95,373.48,300.17,493.17,9
32,player,736,0,0,245.56,373.54,308.77,493.22,9
32,player,737,0,0,254.17,373.60,317.38,493.28,9
32,player,738,0,0,262.78,373.65,325.99,493.34,9
32,player,739,0,0,271.39,373.71,334.60,493.39,9
32,player,740,0,0,280.00,373.77,343.21,493.45,9
32,player,741,0,0,288.61,373.82,351.82,493.51,9
32,player,742,0,0,297.22,373.88,360.43,493.57,9
32,player,743,0,0,305.83,373.94,369.04,493.62,9
32,player,744,0,0,314.44,374.00,377.65,493.68,9
32,player,745,0,0,323.05,374.05,386.26,493.74,9
32,player,746,0,0,331.65,374.11,394.87,493.79,9
32,player,747,0,0,340.26,374.17,403.48,493.85,9
32,player,748,0,0,348.87,374.22,412.09,493.91,9
32,player,749,0,0,357.48,374.28,420.70,493.96,9
32,player,750,0,0,366.09,374.34,429.31,494.02,9
32,player,751,0,0,374.70,374.39,437.91,494.08,9
32,player,752,0,0,383.31,374.45,446.52,494.14,9
32,player,753,0,0,391.92,374.51,455.13,494.19,9
32,player,754,0,0,400.53,374.57,463.74,494.25,9
32,player,755,0,0,409.14,374.62,472.35,494.31,9
32,player,756,0,0,417.75,374.68,480.96,494.36,9
32,player,757,0,0,426.36,374.74,489.57,494.42,9
32,player,758,0,0,434.97,374.79,498.18,494.48,9
32,player,759,0,0,443.58,374.85,506.79,494.53,9
32,player,760,0,0,452.19,374.91,515.40,494.59,9
32,player,761,0,0,460.80,374.97,524.01,494.65,9
32,player,762,0,0,469.40,375.02,532.62,494.71,9
32,player,763,0,0,478.01,375.08,541.23,494.76,9
32,player,764,0,0,486.62,375.14,549.84,494.82,9
32,player,765,0,0,495.23,375.19,558.45,494.88,9
32,player,766,0,0,503.84,375.25,567.06,494.93,9
32,player,767,0,0,512.45,375.31,575.66,494.99,9
32,player,768,0,0,521.06,375.36,584.27,495.05,9
32,player,769,0,0,529.67,375.42,592.88,495.10,9
32,player,770,0,0,538.28,375.48,601.49,495.16,9
32,player,771,0,0,546.89,375.54,610.10,495.22,9
32,player,772,0,0,555.50,375.59,618.71,495.28,9
32,player,773,0,0,564.11,375.65,627.32,495.33,9
32,player,774,0,0,572.72,375.71,635.93,495.39,9
32,player,775,0,0,581.33,375.76,644.54,495.45,9
32,player,776,0,0,589.94,375.82,653.15,495.50,9
32,player,777,0,0,598.54,375.88,661.76,495.56,9
32,player,778,0,0,607.15,375.93,670.37,495.62,9
32,player,779,0,0,615.76,375.99,678.98,495.67,9
32,player,780,0,0,624.37,376.05,687.59,495.73,9
32,player,781,0,0,632.98,376.11,696.20,495.79,9
32,player,782,0,0,641.59,376.16,704.80,495.85,9
32,player,783,0,0,650.20,376.22,713.41,495.90,9
32,player,784,0,0,658.81,376.28,722.02,495.96,9
32,player,785,0,0,667.42,376.33,730.63,496.02,9
32,player,786,0,0,676.03,376.39,739.24,496.07,9
32,player,787,0,0,684.64,376.45,747.85,496.13,9
32,player,788,0,0,693.25,376.50,756.46,496.19,9
32,player,789,0,0,701.86,376.56,765.07,496.24,9
32,player,790,0,0,710.47,376.62,773.68,496.30,9
32,player,791,0,0,719.08,376.68,782.29,496.36,9
32,player,792,0,0,727.68,376.73,790.90,496.42,9
32,player,793,0,0,736.29,376.79,799.51,496.47,9
32,player,794,0,0,744.90,376.85,808.12,496.53,9
32,player,795,0,0,753.51,376.90,816.73,496.59,9
32,player,796,0,0,762.12,376.96,825.34,496.64,9
32,player,797,0,0,770.73,377.02,833.94,496.70,9
32,player,798,0,0,779.34,377.07,842.55,496.76,9
32,player,799,0,0,787.95,377.13,851.16,496.81,9
32,player,800,0,0,796.56,377.19,859.77,496.87,9
32,player,801,0,0,805.17,377.25,868.38,496.93,9
32,player,802,0,0,813.78,377.30,876.99,496.99,9
32,player,803,0,0,822.39,377.36,885.60,497.04,9
32,player,804,0,0,831.00,377.42,894.21,497.10,9
32,player,805,0,0,839.61,377.47,902.82,497.16,9
32,player,806,0,0,848.22,377.53,911.43,497.21,9
32,player,807,0,0,845.42,377.53,908.63,497.21,9
32,player,808,0,0,842.62,377.53,905.84,497.21,9
32,player,809,0,0,839.83,377.53,903.04,497.21,9
32,player,810,0,0,837.03,377.53,900.25,497.21,9
32,player,811,0,0,834.24,377.53,897.45,497.21,9
32,player,812,0,0,831.44,377.53,894.65,497.21,9
32,player,813,0,0,828.64,377.53,891.86,497.21,9
32,player,814,0,0,825.85,377.53,889.06,497.21,9
32,player,815,0,0,823.05,377.53,886.27,497.21,9
32,player,816,0,0,820.26,377.53,883.47,497.21,9
32,player,817,0,0,817.46,377.53,880.67,497.21,9
32,player,818,0,0,814.67,377.53,877.88,497.21,9
32,player,819,0,0,811.87,377.53,875.08,497.21,9
32,player,820,0,0,806.52,377.53,869.74,497.21,9
32,player,821,0,0,801.18,377.53,864.39,497.21,9
32,player,822,0,0,795.68,377.53,858.89,497.21,9
32,player,823,0,0,790.18,377.53,853.40,497.21,9
32,player,824,0,0,784.68,377.53,847.90,497.21,9
32,player,825,0,0,779.19,377.53,842.40,497.21,9
32,player,826,0,0,773.69,377.53,836.90,497.21,9
32,player,827,0,0,768.19,377.53,831.40,497.21,9
32,player,828,0,0,762.69,377.53,825.91,497.21,9
32,player,829,0,0,760.05,377.53,823.27,497.21,9
32,player,830,0,0,757.41,377.53,820.62,497.21,9
32,player,831,0,0,754.77,377.53,817.98,497.21,9
32,player,832,0,0,752.13,377.53,815.34,497.21,9
32,player,833,0,0,749.49,377.53,812.70,497.21,9
32,player,834,0,0,746.85,377.53,810.06,497.21,9
32,player,835,0,0,744.21,377.53,807.42,497.21,9
32,player,836,0,0,741.56,377.53,804.78,497.21,9
32,player,837,0,0,738.92,377.53,802.14,497.21,9
32,player,838,0,0,736.28,377.53,799.50,497.21,9
32,player,839,0,0,733.64,377.53,796.85,497.21,9
32,player,840,0,0,731.00,377.53,794.21,497.21,9
32,player,841,0,0,728.36,377.53,791.57,497.21,9
32,player,842,0,0,725.72,377.53,788.93,497.21,9
32,player,843,0,0,723.08,377.53,786.29,497.21,9
32,player,844,0,0,720.44,377.53,783.65,497.21,9
32,player,845,0,0,717.79,377.53,781.01,497.21,9
32,player,846,0,0,714.99,376.86,778.20,496.55,9
32,player,847,0,0,712.18,376.19,775.39,495.88,9
32,player,848,0,0,709.38,375.53,772.59,495.21,9
32,player,849,0,0,706.57,374.86,769.78,494.54,9
32,player,850,0,0,703.76,374.19,766.98,493.87,9
32,player,851,0,0,700.96,373.52,764.17,493.20,9
32,player,852,0,0,698.15,372.85,761.36,492.54,9
32,player,853,0,0,695.34,372.19,758.56,491.87,9
32,player,854,0,0,692.54,371.52,755.75,491.20,9
32,player,855,0,0,689.73,370.85,752.94,490.53,9
32,player,856,0,0,686.92,370.18,750.14,489.86,9
32,player,857,0,0,684.12,369.51,747.33,489.20,9
32,player,858,0,0,681.31,368.84,744.53,488.53,9
32,player,859,0,0,678.51,368.18,741.72,487.86,9
32,player,860,0,0,675.70,367.51,738.91,487.19,9
32,player,861,0,0,672.89,366.84,736.11,486.52,9
32,player,862,0,0,671.67,365.01,734.89,484.69,9
32,player,863,0,0,670.45,363.17,733.66,482.86,9
32,player,864,0,0,669.23,361.34,732.44,481.03,9
32,player,865,0,0,668.01,359.51,731.22,479.19,9
32,player,866,0,0,666.78,357.68,730.00,477.36,9
32,player,867,0,0,665.56,355.84,728.78,475.53,9
32,player,868,0,0,664.34,354.01,727.55,473.70,9
32,player,869,0,0,663.12,352.18,726.33,471.86,9
32,player,870,0,0,661.90,350.35,725.11,470.03,9
32,player,871,0,0,660.68,348.51,723.89,468.20,9
32,player,872,0,0,659.45,346.68,722.67,466.36,9
32,player,873,0,0,658.23,344.85,721.45,464.53,9
32,player,874,0,0,657.01,343.02,720.22,462.70,9
32,player,875,0,0,655.79,341.18,719.00,460.87,9
32,player,876,0,0,655.70,340.03,718.91,459.71,9
32,player,877,0,0,655.61,338.87,718.82,458.55,9
32,player,878,0,0,655.52,337.71,718.74,457.39,9
32,player,879,0,0,655.43,336.55,718.65,456.23,9
32,player,880,0,0,655.34,335.39,718.56,455.08,9
32,player,881,0,0,655.25,334.23,718.47,453.92,9
32,player,882,0,0,655.17,333.08,718.38,452.76,9
32,player,883,0,0,655.08,331.92,718.29,451.60,9
32,player,884,0,0,654.99,330.76,718.20,450.44,9
32,player,885,0,0,654.90,329.60,718.11,449.29,9
32,player,886,0,0,654.81,328.44,718.02,448.13,9
32,player,887,0,0,654.72,327.29,717.93,446.97,9
32,player,888,0,0,654.63,326.13,717.84,445.81,9
32,player,889,0,0,654.54,324.97,717.76,444.65,9
32,player,890,0,0,654.45,323.81,717.67,443.50,9
32,player,891,0,0,654.36,322.65,717.58,442.34,9
32,player,892,0,0,654.27,321.50,717.49,441.18,9
32,player,893,0,0,654.19,320.34,717.40,440.02,9
32,player,894,0,0,654.10,319.18,717.31,438.86,9
32,player,895,0,0,654.01,318.02,717.22,437.70,9
32,player,896,0,0,653.92,316.86,717.13,436.55,9
32,player,897,0,0,653.83,315.70,717.04,435.39,9
32,player,898,0,0,653.74,314.55,716.95,434.23,9
32,player,899,0,0,653.65,313.39,716.86,433.07,9
33,player,731,0,0,0.29,339.04,47.93,458.73,3
33,player,732,0,0,9.01,338.82,56.65,458.50,3
33,player,733,0,0,17.73,338.59,65.38,458.27,3
33,player,734,0,0,26.46,338.36,74.10,458.04,3
33,player,735,0,0,35.18,338.13,82.82,457.82,3
33,player,736,0,0,43.91,337.90,91.55,457.59,3
33,player,737,0,0,52.63,337.68,100.27,457.36,3
33,player,738,0,0,61.35,337.45,108.99,457.13,3
33,player,739,0,0,70.08,337.22,117.72,456.90,3
33,player,740,0,0,78.80,336.99,126.44,456.68,3
33,player,741,0,0,87.52,336.76,135.17,456.45,3
33,player,742,0,0,96.25,336.54,143.89,456.22,3
33,player,743,0,0,104.97,336.31,152.61,455.99,3
33,player,744,0,0,113.69,336.08,161.34,455.76,3
33,player,745,0,0,122.42,335.85,170.06,455.54,3
33,player,746,0,0,131.14,335.62,178.78,455.31,3
33,player,747,0,0,139.86,335.40,187.51,455.08,3
33,player,748,0,0,148.59,335.17,196.23,454.85,3
33,player,749,0,0,157.31,334.94,204.95,454.62,3
33,player,750,0,0,166.03,334.71,213.68,454.40,3
33,player,751,0,0,174.76,334.48,222.40,454.17,3
33,player,752,0,0,183.48,334.26,231.12,453.94,3
33,player,753,0,0,192.20,334.03,239.85,453.71,3
33,player,754,0,0,200.93,333.80,248.57,453.48,3
33,player,755,0,0,209.65,333.57,257.29,453.25,3
33,player,756,0,0,218.37,333.34,266.02,453.03,3
33,player,757,0,0,227.10,333.12,274.74,452.80,3
33,player,758,0,0,235.82,332.89,283.46,452.57,3
33,player,759,0,0,244.54,332.66,292.19,452.34,3
33,player,760,0,0,253.27,332.43,300.91,452.11,3
33,player,761,0,0,261.99,332.20,309.63,451.89,3
33,player,762,0,0,270.71,331.98,318.36,451.66,3
33,player,763,0,0,279.44,331.75,327.08,451.43,3
33,player,764,0,0,288.16,331.52,335.80,451.20,3
33,player,765,0,0,296.88,331.29,344.53,450.97,3
33,player,766,0,0,305.61,331.06,353.25,450.75,3
33,player,767,0,0,314.33,330.83,361.97,450.52,3
33,player,768,0,0,323.05,330.61,370.70,450.29,3
33,player,769,0,0,331.78,330.38,379.42,450.06,3
33,player,770,0,0,340.50,330.15,388.14,449.83,3
33,player,771,0,0,349.22,329.92,396.87,449.61,3
33,player,772,0,0,357.95,329.69,405.59,449.38,3
33,player,773,0,0,366.67,329.47,414.31,449.15,3
33,player,774,0,0,375.39,329.24,423.04,448.92,3
33,player,775,0,0,384.12,329.01,431.76,448.69,3
33,player,776,0,0,392.84,328.78,440.48,448.47,3
33,player,777,0,0,401.56,328.55,449.21,448.24,3
33,player,778,0,0,410.29,328.33,457.93,448.01,3
33,player,779,0,0,419.01,328.10,466.65,447.78,3
33,player,780,0,0,427.73,327.87,475.38,447.55,3
33,player,781,0,0,436.46,327.64,484.10,447.33,3
33,player,782,0,0,445.18,327.41,492.82,447.10,3
33,player,783,0,0,453.90,327.19,501.55,446.87,3
33,player,784,0,0,462.63,326.96,510.27,446.64,3
33,player,785,0,0,471.35,326.73,518.99,446.41,3
33,player,786,0,0,480.07,326.50,527.72,446.19,3
33,player,787,0,0,488.80,326.27,536.44,445.96,3
33,player,788,0,0,497.52,326.05,545.16,445.73,3
33,player,789,0,0,506.24,325.82,553.89,445.50,3
33,player,790,0,0,514.97,325.59,562.61,445.27,3
33,player,791,0,0,523.69,325.36,571.33,445.04,3
33,player,792,0,0,532.41,325.13,580.06,444.82,3
33,player,793,0,0,541.14,324.91,588.78,444.59,3
33,player,794,0,0,549.86,324.68,597.50,444.36,3
33,player,795,0,0,558.58,324.45,606.23,444.13,3
33,player,796,0,0,567.31,324.22,614.95,443.90,3
33,player,797,0,0,576.03,323.99,623.67,443.68,3
33,player,798,0,0,584.75,323.76,632.40,443.45,3
33,player,799,0,0,593.48,323.54,641.12,443.22,3
33,player,800,0,0,602.20,323.31,649.84,442.99,3
33,player,801,0,0,610.93,323.08,658.57,442.76,3
33,player,802,0,0,619.65,322.85,667.29,442.54,3
33,player,803,0,0,628.37,322.62,676.01,442.31,3
33,player,804,0,0,637.10,322.40,684.74,442.08,3
33,player,805,0,0,645.82,322.17,693.46,441.85,3
33,player,806,0,0,654.54,321.94,702.19,441.62,3
33,player,807,0,0,652.07,322.27,700.71,441.95,3
33,player,808,0,0,649.61,322.60,699.23,442.28,3
33,player,809,0,0,647.14,322.93,697.75,442.61,3
33,player,810,0,0,644.67,323.26,696.27,442.94,3
33,player,811,0,0,642.21,323.59,694.79,443.27,3
33,player,812,0,0,639.74,323.91,693.31,443.60,3
33,player,813,0,0,637.27,324.24,691.83,443.93,3
33,player,814,0,0,634.81,324.57,690.36,444.26,3
33,player,815,0,0,632.34,324.90,688.88,444.58,3
33,player,816,0,0,629.87,325.23,687.40,444.91,3
33,player,817,0,0,627.40,325.56,685.92,445.24,3
33,player,818,0,0,624.94,325.89,684.44,445.57,3
33,player,819,0,0,622.47,326.22,682.96,445.90,3
33,player,820,0,0,619.26,326.22,679.75,445.90,3
33,player,821,0,0,616.06,326.22,676.55,445.90,3
33,player,822,0,0,611.17,326.22,671.66,445.90,3
33,player,823,0,0,606.28,326.22,666.77,445.90,3
33,player,824,0,0,601.39,326.22,661.89,445.90,3
33,player,825,0,0,596.51,326.22,657.00,445.90,3
33,player,826,0,0,591.62,326.22,652.11,445.90,3
33,player,827,0,0,586.73,326.22,647.22,445.90,3
33,player,828,0,0,581.85,326.22,642.34,445.90,3
33,player,829,0,0,578.58,325.46,639.07,445.15,3
33,player,830,0,0,575.31,324.71,635.80,444.39,3
33,player,831,0,0,572.04,323.95,632.53,443.64,3
33,player,832,0,0,568.77,323.20,629.26,442.88,3
33,player,833,0,0,565.50,322.44,625.99,442.13,3
33,player,834,0,0,562.23,321.69,622.72,441.37,3
33,player,835,0,0,558.96,320.93,619.45,440.62,3
33,player,836,0,0,555.69,320.18,616.18,439.86,3
33,player,837,0,0,552.42,319.43,612.91,439.11,3
33,player,838,0,0,549.15,318.67,609.64,438.35,3
33,player,839,0,0,545.88,317.92,606.37,437.60,3
33,player,840,0,0,542.61,317.16,603.10,436.85,3
33,player,841,0,0,539.34,316.41,599.83,436.09,3
33,player,842,0,0,536.07,315.65,596.56,435.34,3
33,player,843,0,0,532.79,314.90,593.29,434.58,3
33,player,844,0,0,529.52,314.14,590.02,433.83,3
33,player,845,0,0,526.25,313.39,586.75,433.07,3
33,player,846,0,0,524.12,312.72,584.61,432.40,3
33,player,847,0,0,521.98,312.05,582.47,431.74,3
33,player,848,0,0,519.84,311.38,580.33,431.07,3
33,player,849,0,0,517.70,310.72,578.19,430.40,3
33,player,850,0,0,515.56,310.05,576.06,429.73,3
33,player,851,0,0,513.43,309.38,573.92,429.06,3
33,player,852,0,0,511.29,308.71,571.78,428.40,3
33,player,853,0,0,509.15,308.04,569.64,427.73,3
33,player,854,0,0,507.01,307.38,567.50,427.06,3
33,player,855,0,0,504.87,306.71,565.37,426.39,3
33,player,856,0,0,502.74,306.04,563.23,425.72,3
33,player,857,0,0,500.60,305.37,561.09,425.05,3
33,player,858,0,0,498.46,304.70,558.95,424.39,3
33,player,859,0,0,496.32,304.03,556.81,423.72,3
33,player,860,0,0,494.18,303.37,554.67,423.05,3
33,player,861,0,0,492.04,302.70,552.54,422.38,3
33,player,862,0,0,492.04,301.78,552.54,421.47,3
33,player,863,0,0,492.04,300.87,552.54,420.55,3
33,player,864,0,0,492.04,299.95,552.54,419.63,3
33,player,865,0,0,492.04,299.03,552.54,418.72,3
33,player,866,0,0,492.04,298.12,552.54,417.80,3
33,player,867,0,0,492.04,297.20,552.54,416.88,3
33,player,868,0,0,492.04,296.28,552.54,415.97,3
33,player,869,0,0,492.04,295.37,552.54,415.05,3
33,player,870,0,0,492.04,294.45,552.54,414.13,3
33,player,871,0,0,492.04,293.53,552.54,413.22,3
33,player,872,0,0,492.04,292.62,552.54,412.30,3
33,player,873,0,0,492.04,291.70,552.54,411.39,3
33,player,874,0,0,492.04,290.79,552.54,410.47,3
33,player,875,0,0,492.04,289.87,552.54,409.55,3
33,player,876,0,0,490.44,288.98,550.93,408.66,3
33,player,877,0,0,488.84,288.09,549.33,407.77,3
33,player,878,0,0,487.23,287.20,547.73,406.88,3
33,player,879,0,0,485.63,286.31,546.12,405.99,3
33,player,880,0,0,484.03,285.41,544.52,405.10,3
33,player,881,0,0,482.42,284.52,542.92,404.21,3
33,player,882,0,0,480.82,283.63,541.31,403.32,3
33,player,883,0,0,479.22,282.74,539.71,402.43,3
33,player,884,0,0,477.61,281.85,538.10,401.53,3
33,player,885,0,0,476.01,280.96,536.50,400.64,3
33,player,886,0,0,474.41,280.07,534.90,399.75,3
33,player,887,0,0,472.80,279.18,533.29,398.86,3
33,player,888,0,0,471.20,278.29,531.69,397.97,3
33,player,889,0,0,469.60,277.40,530.09,397.08,3
33,player,890,0,0,467.99,276.51,528.48,396.19,3
33,player,891,0,0,466.39,275.62,526.88,395.30,3
33,player,892,0,0,464.78,274.72,525.28,394.41,3
33,player,893,0,0,463.18,273.83,523.67,393.52,3
33,player,894,0,0,461.58,272.94,522.07,392.63,3
33,player,895,0,0,459.97,272.05,520.47,391.74,3
33,player,896,0,0,458.37,271.16,518.86,390.84,3
33,player,897,0,0,456.77,270.27,517.26,389.95,3
33,player,898,0,0,455.16,269.38,515.65,389.06,3
33,player,899,0,0,453.56,268.49,514.05,388.17,3
34,player,819,0,0,1818.90,711.10,1882.12,832.89,27
34,player,820,0,0,1814.62,711.10,1877.84,832.89,27
34,player,821,0,0,1810.35,711.10,1873.57,832.89,27
34,player,822,0,0,1803.02,710.18,1866.24,831.98,27
34,player,823,0,0,1795.69,709.27,1858.91,831.06,27
34,player,824,0,0,1788.36,708.35,1851.58,830.15,27
34,player,825,0,0,1781.03,707.44,1844.24,829.23,27
34,player,826,0,0,1773.69,706.52,1836.91,828.31,27
34,player,827,0,0,1766.36,705.60,1829.58,827.40,27
34,player,828,0,0,1759.03,704.69,1822.25,826.48,27
34,player,829,0,0,1753.25,704.81,1816.47,826.61,27
34,player,830,0,0,1747.46,704.94,1810.68,826.73,27
34,player,831,0,0,1741.68,705.06,1804.90,826.86,27
34,player,832,0,0,1735.89,705.19,1799.11,826.98,27
34,player,833,0,0,1730.11,705.32,1793.33,827.11,27
34,player,834,0,0,1724.32,705.44,1787.54,827.23,27
34,player,835,0,0,1718.54,705.57,1781.75,827.36,27
34,player,836,0,0,1712.75,705.69,1775.97,827.49,27
34,player,837,0,0,1706.96,705.82,1770.18,827.61,27
34,player,838,0,0,1701.18,705.94,1764.40,827.74,27
34,player,839,0,0,1695.39,706.07,1758.61,827.86,27
34,player,840,0,0,1689.61,706.20,1752.83,827.99,27
34,player,841,0,0,1683.82,706.32,1747.04,828.11,27
34,player,842,0,0,1678.04,706.45,1741.26,828.24,27
34,player,843,0,0,1672.25,706.57,1735.47,828.37,27
34,player,844,0,0,1666.47,706.70,1729.69,828.49,27
34,player,845,0,0,1660.68,706.82,1723.90,828.62,27
34,player,846,0,0,1656.41,708.16,1719.62,829.95,27
34,player,847,0,0,1652.13,709.50,1715.35,831.29,27
34,player,848,0,0,1647.85,710.83,1711.07,832.63,27
34,player,849,0,0,1643.58,712.17,1706.80,833.96,27
34,player,850,0,0,1639.30,713.51,1702.52,835.30,27
34,player,851,0,0,1635.02,714.84,1698.24,836.64,27
34,player,852,0,0,1630.75,716.18,1693.97,837.97,27
34,player,853,0,0,1626.47,717.51,1689.69,839.31,27
34,player,854,0,0,1622.20,718.85,1685.42,840.64,27
34,player,855,0,0,1617.92,720.19,1681.14,841.98,27
34,player,856,0,0,1613.64,721.52,1676.86,843.32,27
34,player,857,0,0,1609.37,722.86,1672.59,844.65,27
34,player,858,0,0,1605.09,724.20,1668.31,845.99,27
34,player,859,0,0,1600.82,725.53,1664.03,847.32,27
34,player,860,0,0,1596.54,726.87,1659.76,848.66,27
34,player,861,0,0,1592.26,728.20,1655.48,850.00,27
34,player,862,0,0,1592.11,729.43,1655.33,851.22,27
34,player,863,0,0,1591.96,730.65,1655.18,852.44,27
34,player,864,0,0,1591.80,731.87,1655.02,853.66,27
34,player,865,0,0,1591.65,733.09,1654.87,854.88,27
34,player,866,0,0,1591.50,734.31,1654.72,856.11,27
34,player,867,0,0,1591.35,735.53,1654.57,857.33,27
34,player,868,0,0,1591.19,736.76,1654.41,858.55,27
34,player,869,0,0,1591.04,737.98,1654.26,859.77,27
34,player,870,0,0,1590.89,739.20,1654.11,860.99,27
34,player,871,0,0,1590.74,740.42,1653.95,862.21,27
34,player,872,0,0,1590.58,741.64,1653.80,863.44,27
34,player,873,0,0,1590.43,742.87,1653.65,864.66,27
34,player,874,0,0,1590.28,744.09,1653.50,865.88,27
34,player,875,0,0,1590.12,745.31,1653.34,867.10,27
34,player,876,0,0,1591.01,746.73,1654.23,868.53,27
34,player,877,0,0,1591.91,748.16,1655.13,869.95,27
34,player,878,0,0,1592.80,749.58,1656.02,871.38,27
34,player,879,0,0,1593.69,751.01,1656.91,872.80,27
34,player,880,0,0,1594.58,752.44,1657.80,874.23,27
34,player,881,0,0,1595.47,753.86,1658.69,875.65,27
34,player,882,0,0,1596.36,755.29,1659.58,877.08,27
34,player,883,0,0,1597.25,756.71,1660.47,878.51,27
34,player,884,0,0,1598.14,758.14,1661.36,879.93,27
34,player,885,0,0,1599.03,759.56,1662.25,881.36,27
34,player,886,0,0,1599.92,760.99,1663.14,882.78,27
34,player,887,0,0,1600.81,762.41,1664.03,884.21,27
34,player,888,0,0,1601.71,763.84,1664.92,885.63,27
34,player,889,0,0,1602.60,765.26,1665.82,887.06,27
34,player,890,0,0,1603.49,766.69,1666.71,888.48,27
34,player,891,0,0,1604.38,768.12,1667.60,889.91,27
34,player,892,0,0,1605.27,769.54,1668.49,891.33,27
34,player,893,0,0,1606.16,770.97,1669.38,892.76,27
34,player,894,0,0,1607.05,772.39,1670.27,894.18,27
34,player,895,0,0,1607.94,773.82,1671.16,895.61,27
34,player,896,0,0,1608.83,775.24,1672.05,897.04,27
34,player,897,0,0,1609.72,776.67,1672.94,898.46,27
34,player,898,0,0,1610.61,778.09,1673.83,899.89,27
34,player,899,0,0,1611.50,779.52,1674.72,901.31,27
35,player,845,1,0,1498.19,548.58,1545.83,668.26,-1
35,player,861,1,0,1329.29,612.72,1376.93,732.40,-1
36,player,845,0,0,1885.19,749.56,1920.00,869.24,-1
36,player,846,0,0,1885.19,749.56,1920.00,869.24,-1
36,player,847,0,0,1885.19,749.56,1920.00,869.24,-1
36,player,848,0,0,1885.19,749.56,1920.00,869.24,-1
36,player,849,0,0,1885.19,749.56,1920.00,869.24,-1
36,player,850,0,0,1885.19,749.56,1920.00,869.24,-1
36,player,851,0,0,1885.19,749.56,1920.00,869.24,-1
36,player,852,0,0,1885.19,749.56,1920.00,869.24,-1
36,player,853,0,0,1885.19,749.56,1920.00,869.24,-1
36,player,854,0,0,1885.19,749.56,1920.00,869.24,-1
36,player,855,0,0,1885.19,749.56,1920.00,869.24,-1
36,player,856,0,0,1885.19,749.56,1920.00,869.24,-1
36,player,857,0,0,1885.19,749.56,1920.00,869.24,-1
36,player,858,0,0,1885.19,749.56,1920.00,869.24,-1
36,player,859,0,0,1885.19,749.56,1920.00,869.24,-1
36,player,860,0,0,1885.19,749.56,1920.00,869.24,-1
36,player,861,0,0,1885.19,749.56,1920.00,869.24,-1
36,player,862,0,0,1885.19,749.56,1920.00,869.24,-1
36,player,863,0,0,1885.19,749.56,1920.00,869.24,-1
36,player,864,0,0,1885.19,749.56,1920.00,869.24,-1
36,player,865,0,0,1885.19,749.56,1920.00,869.24,-1
36,player,866,0,0,1885.19,749.56,1920.00,869.24,-1
36,player,867,0,0,1885.19,749.56,1920.00,869.24,-1
36,player,868,0,0,1885.19,749.56,1920.00,869.24,-1
36,player,869,0,0,1885.19,749.56,1920.00,869.24,-1
36,player,870,0,0,1885.19,749.56,1920.00,869.24,-1
36,player,871,0,0,1885.19,749.56,1920.00,869.24,-1
36,player,872,0,0,1885.19,749.56,1920.00,869.24,-1
36,player,873,0,0,1885.19,749.56,1920.00,869.24,-1
36,player,874,0,0,1885.19,749.56,1920.00,869.24,-1
36,player,875,1,0,1885.19,749.56,1920.00,869.24,-1
37,player,806,0,0,1536.68,398.91,1597.79,518.59,11
37,player,807,0,0,1531.25,400.56,1592.36,520.24,11
37,player,808,0,0,1525.82,402.20,1586.93,521.88,11
37,player,809,0,0,1520.40,403.85,1581.50,523.53,11
37,player,810,0,0,1514.97,405.49,1576.08,525.17,11
37,player,811,0,0,1509.54,407.13,1570.65,526.82,11
37,player,812,0,0,1504.11,408.78,1565.22,528.46,11
37,player,813,0,0,1498.69,410.42,1559.79,530.11,11
37,player,814,0,0,1493.26,412.07,1554.37,531.75,11
37,player,815,0,0,1487.83,413.71,1548.94,533.40,11
37,player,816,0,0,1482.40,415.36,1543.51,535.04,11
37,player,817,0,0,1476.98,417.00,1538.08,536.69,11
37,player,818,0,0,1471.55,418.65,1532.66,538.33,11
37,player,819,0,0,1466.12,420.29,1527.23,539.98,11
37,player,820,0,0,1460.66,420.29,1521.77,539.98,11
37,player,821,0,0,1455.19,420.29,1516.30,539.98,11
37,player,822,0,0,1449.73,420.29,1510.84,539.98,11
37,player,823,0,0,1444.27,420.29,1505.37,539.98,11
37,player,824,0,0,1438.80,420.29,1499.91,539.98,11
37,player,825,0,0,1433.34,420.29,1494.45,539.98,11
37,player,826,0,0,1427.87,420.29,1488.98,539.98,11
37,player,827,0,0,1422.41,420.29,1483.52,539.98,11
37,player,828,0,0,1416.95,420.29,1478.05,539.98,11
37,player,829,0,0,1411.92,420.54,1473.02,540.23,11
37,player,830,0,0,1406.88,420.80,1467.99,540.48,11
37,player,831,0,0,1401.85,421.05,1462.96,540.73,11
37,player,832,0,0,1396.82,421.30,1457.93,540.98,11
37,player,833,0,0,1391.79,421.55,1452.90,541.23,11
37,player,834,0,0,1386.76,421.80,1447.87,541.48,11
37,player,835,0,0,1381.73,422.05,1442.84,541.74,11
37,player,836,0,0,1376.70,422.30,1437.81,541.99,11
37,player,837,0,0,1371.67,422.56,1432.78,542.24,11
37,player,838,0,0,1366.64,422.81,1427.75,542.49,11
37,player,839,0,0,1361.61,423.06,1422.71,542.74,11
37,player,840,0,0,1356.58,423.31,1417.68,542.99,11
37,player,841,0,0,1351.55,423.56,1412.65,543.25,11
37,player,842,0,0,1346.52,423.81,1407.62,543.50,11
37,player,843,0,0,1341.48,424.07,1402.59,543.75,11
37,player,844,0,0,1336.45,424.32,1397.56,544.00,11
37,player,845,0,0,1331.42,424.57,1392.53,544.25,11
37,player,846,0,0,1328.22,423.10,1389.32,542.78,11
37,player,847,0,0,1325.01,421.63,1386.12,541.31,11
37,player,848,0,0,1321.80,420.16,1382.91,539.84,11
37,player,849,0,0,1318.59,418.69,1379.70,538.37,11
37,player,850,0,0,1315.39,417.22,1376.49,536.90,11
37,player,851,0,0,1312.18,415.75,1373.29,535.43,11
37,player,852,0,0,1308.97,414.28,1370.08,533.96,11
37,player,853,0,0,1305.77,412.81,1366.87,532.49,11
37,player,854,0,0,1302.56,411.34,1363.67,531.02,11
37,player,855,0,0,1299.35,409.87,1360.46,529.55,11
37,player,856,0,0,1296.14,408.40,1357.25,528.08,11
37,player,857,0,0,1292.94,406.93,1354.04,526.61,11
37,player,858,0,0,1289.73,405.46,1350.84,525.14,11
37,player,859,0,0,1286.52,403.99,1347.63,523.67,11
37,player,860,0,0,1283.32,402.52,1344.42,522.20,11
37,player,861,0,0,1280.11,401.05,1341.22,520.73,11
37,player,862,0,0,1280.11,400.29,1341.22,519.97,11
37,player,863,0,0,1280.11,399.52,1341.22,519.21,11
37,player,864,0,0,1280.11,398.76,1341.22,518.44,11
37,player,865,0,0,1280.11,397.99,1341.22,517.68,11
37,player,866,0,0,1280.11,397.23,1341.22,516.91,11
37,player,867,0,0,1280.11,396.47,1341.22,516.15,11
37,player,868,0,0,1280.11,395.70,1341.22,515.39,11
37,player,869,0,0,1280.11,394.94,1341.22,514.62,11
37,player,870,0,0,1280.11,394.18,1341.22,513.86,11
37,player,871,0,0,1280.11,393.41,1341.22,513.10,11
37,player,872,0,0,1280.11,392.65,1341.22,512.33,11
37,player,873,0,0,1280.11,391.89,1341.22,511.57,11
37,player,874,0,0,1280.11,391.12,1341.22,510.81,11
37,player,875,0,0,1280.11,390.36,1341.22,510.04,11
37,player,876,0,0,1282.60,388.93,1343.71,508.62,11
37,player,877,0,0,1285.10,387.51,1346.20,507.19,11
37,player,878,0,0,1287.59,386.08,1348.70,505.77,11
37,player,879,0,0,1290.09,384.66,1351.19,504.34,11
37,player,880,0,0,1292.58,383.23,1353.69,502.91,11
37,player,881,0,0,1295.07,381.81,1356.18,501.49,11
37,player,882,0,0,1297.57,380.38,1358.68,500.06,11
37,player,883,0,0,1300.06,378.96,1361.17,498.64,11
37,player,884,0,0,1302.56,377.53,1363.67,497.21,11
37,player,885,0,0,1305.05,376.10,1366.16,495.79,11
37,player,886,0,0,1307.55,374.68,1368.65,494.36,11
37,player,887,0,0,1310.04,373.25,1371.15,492.94,11
37,player,888,0,0,1312.54,371.83,1373.64,491.51,11
37,player,889,0,0,1315.03,370.40,1376.14,490.09,11
37,player,890,0,0,1317.52,368.98,1378.63,488.66,11
37,player,891,0,0,1320.02,367.55,1381.13,487.24,11
37,player,892,0,0,1322.51,366.13,1383.62,485.81,11
37,player,893,0,0,1325.01,364.70,1386.12,484.39,11
37,player,894,0,0,1327.50,363.28,1388.61,482.96,11
37,player,895,0,0,1330.00,361.85,1391.10,481.53,11
37,player,896,0,0,1332.49,360.43,1393.60,480.11,11
37,player,897,0,0,1334.99,359.00,1396.09,478.68,11
37,player,898,0,0,1337.48,357.57,1398.59,477.26,11
37,player,899,0,0,1339.97,356.15,1401.08,475.83,11
