track_id,label,frame,outside,occluded,xtl,ytl,xbr,ybr,jersey_number
0,player,52,0,0,1124.59,828.68,1205.83,974.07,11
0,player,53,0,0,1126.44,830.35,1207.68,975.74,11
0,player,54,0,0,1128.29,832.03,1209.53,977.42,11
0,player,55,0,0,1130.14,833.70,1211.38,979.09,11
0,player,56,0,0,1131.98,835.38,1213.23,980.77,11
0,player,57,0,0,1133.83,837.06,1215.08,982.45,11
0,player,58,0,0,1135.68,838.73,1216.93,984.12,11
0,player,59,0,0,1137.53,840.41,1218.78,985.80,11
0,player,60,0,0,1139.38,842.08,1220.63,987.47,11
0,player,61,0,0,1141.23,843.76,1222.48,989.15,11
0,player,62,0,0,1143.08,845.43,1224.33,990.83,11
0,player,63,0,0,1144.93,847.11,1226.18,992.50,11
0,player,64,0,0,1146.78,848.79,1228.02,994.18,11
0,player,65,0,0,1148.63,850.46,1229.87,995.85,11
0,player,66,0,0,1150.48,852.14,1231.72,997.53,11
0,player,67,0,0,1152.33,853.81,1233.57,999.20,11
0,player,68,0,0,1154.17,855.49,1235.42,1000.88,11
0,player,69,0,0,1156.02,857.17,1237.27,1002.56,11
0,player,70,0,0,1157.87,858.84,1239.12,1004.23,11
0,player,71,0,0,1159.72,860.52,1240.97,1005.91,11
0,player,72,0,0,1161.57,862.19,1242.82,1007.58,11
0,player,73,0,0,1163.42,863.87,1244.67,1009.26,11
0,player,74,0,0,1165.27,865.54,1246.52,1010.94,11
0,player,75,0,0,1167.12,867.22,1248.37,1012.61,11
0,player,76,0,0,1168.97,868.90,1250.21,1014.29,11
0,player,77,0,0,1170.82,870.57,1252.06,1015.96,11
0,player,78,0,0,1172.67,872.25,1253.91,1017.64,11
0,player,79,0,0,1174.52,873.92,1255.76,1019.31,11
0,player,80,0,0,1176.36,875.60,1257.61,1020.99,11
0,player,81,0,0,1178.21,877.28,1259.46,1022.67,11
0,player,82,0,0,1180.06,878.95,1261.31,1024.34,11
0,player,83,0,0,1181.91,880.63,1263.16,1026.02,11
0,player,84,0,0,1183.76,882.30,1265.01,1027.69,11
0,player,85,0,0,1185.61,883.98,1266.86,1029.37,11
0,player,86,0,0,1187.46,885.65,1268.71,1031.04,11
0,player,87,0,0,1189.31,887.33,1270.56,1032.72,11
0,player,88,0,0,1191.16,889.01,1272.40,1034.40,11
0,player,89,0,0,1193.01,890.68,1274.25,1036.07,11
0,player,90,0,0,1192.09,889.15,1273.34,1034.55,11
0,player,91,0,0,1191.17,887.63,1272.42,1033.02,11
0,player,92,0,0,1190.26,886.10,1271.50,1031.49,11
0,player,93,0,0,1189.34,884.57,1270.59,1029.96,11
0,player,94,0,0,1188.43,883.05,1269.67,1028.44,11
0,player,95,0,0,1187.51,881.52,1268.76,1026.91,11
0,player,96,0,0,1186.59,879.99,1267.84,1025.38,11
0,player,97,0,0,1185.68,878.46,1266.92,1023.85,11
0,player,98,0,0,1184.76,876.94,1266.01,1022.33,11
0,player,99,0,0,1183.84,875.41,1265.09,1020.80,11
0,player,100,0,0,1182.93,873.88,1264.17,1019.27,11
0,player,101,0,0,1182.01,872.36,1263.26,1017.75,11
0,player,102,0,0,1181.09,870.83,1262.34,1016.22,11
0,player,103,0,0,1180.18,869.30,1261.43,1014.69,11
0,player,104,0,0,1179.26,867.77,1260.51,1013.16,11
0,player,105,0,0,1178.35,866.25,1259.59,1011.64,11
0,player,106,0,0,1177.43,864.72,1258.68,1010.11,11
0,player,107,0,0,1176.51,863.19,1257.76,1008.58,11
0,player,108,0,0,1175.60,861.66,1256.84,1007.06,11
0,player,109,0,0,1174.68,860.14,1255.93,1005.53,11
0,player,110,0,0,1173.76,858.61,1255.01,1004.00,11
0,player,111,0,0,1172.85,857.08,1254.09,1002.47,11
0,player,112,0,0,1171.93,855.56,1253.18,1000.95,11
0,player,113,0,0,1171.01,854.03,1252.26,999.42,11
0,player,114,0,0,1170.10,852.50,1251.35,997.89,11
0,player,115,0,0,1169.18,850.97,1250.43,996.36,11
0,player,116,0,0,1168.27,849.45,1249.51,994.84,11
0,player,117,0,0,1167.35,847.92,1248.60,993.31,11
0,player,118,0,0,1170.51,845.11,1251.76,990.50,11
0,player,119,0,0,1173.67,842.31,1254.92,987.70,11
0,player,120,0,0,1176.84,839.50,1258.08,984.89,11
0,player,121,0,0,1180.00,836.69,1261.25,982.09,11
0,player,122,0,0,1183.16,833.89,1264.41,979.28,11
0,player,123,0,0,1186.33,831.08,1267.57,976.47,11
0,player,124,0,0,1189.49,828.28,1270.73,973.67,11
0,player,125,0,0,1192.65,825.47,1273.90,970.86,11
0,player,126,0,0,1195.81,822.66,1277.06,968.05,11
0,player,127,0,0,1198.98,819.86,1280.22,965.25,11
0,player,128,0,0,1202.14,817.05,1283.39,962.44,11
0,player,129,0,0,1205.30,814.25,1286.55,959.64,11
0,player,130,0,0,1208.46,811.44,1289.71,956.83,11
0,player,131,0,0,1211.63,808.63,1292.87,954.02,11
0,player,132,0,0,1214.79,805.83,1296.04,951.22,11
0,player,133,0,0,1217.95,803.02,1299.20,948.41,11
0,player,134,0,0,1221.11,800.21,1302.36,945.60,11
0,player,135,0,0,1224.28,797.41,1305.52,942.80,11
0,player,136,0,0,1227.44,794.60,1308.69,939.99,11
0,player,137,0,0,1230.60,791.80,1311.85,937.19,11
0,player,138,0,0,1233.76,788.99,1315.01,934.38,11
0,player,139,0,0,1236.93,786.18,1318.17,931.57,11
0,player,140,0,0,1240.09,783.38,1321.34,928.77,11
0,player,141,0,0,1243.25,780.57,1324.50,925.96,11
0,player,142,0,0,1246.41,777.76,1327.66,923.15,11
0,player,143,0,0,1249.58,774.96,1330.82,920.35,11
0,player,144,0,0,1252.74,772.15,1333.99,917.54,11
0,player,145,0,0,1255.90,769.35,1337.15,914.74,11
0,player,146,0,0,1259.06,766.54,1340.31,911.93,11
0,player,147,0,0,1262.23,763.73,1343.47,909.12,11
0,player,148,0,0,1265.39,760.93,1346.64,906.32,11
0,player,149,0,0,1268.55,758.12,1349.80,903.51,11
0,player,150,0,0,1271.71,755.31,1352.96,900.70,11
0,player,151,0,0,1274.88,752.51,1356.12,897.90,11
0,player,152,0,0,1278.04,749.70,1359.29,895.09,11
0,player,153,0,0,1281.20,746.90,1362.45,892.29,11
0,player,154,0,0,1284.36,744.09,1365.61,889.48,11
0,player,155,0,0,1287.53,741.28,1368.77,886.67,11
0,player,156,0,0,1290.69,738.48,1371.94,883.87,11
0,player,157,0,0,1293.85,735.67,1375.10,881.06,11
0,player,158,0,0,1297.02,732.86,1378.26,878.25,11
0,player,159,0,0,1300.18,730.06,1381.42,875.45,11
0,player,160,0,0,1303.34,727.25,1384.59,872.64,11
0,player,161,0,0,1306.50,724.45,1387.75,869.84,11
0,player,162,0,0,1309.67,721.64,1390.91,867.03,11
0,player,163,0,0,1312.83,718.83,1394.08,864.22,11
0,player,164,0,0,1315.99,716.03,1397.24,861.42,11
0,player,165,0,0,1319.15,713.22,1400.40,858.61,11
0,player,166,0,0,1319.69,708.14,1400.93,853.53,11
0,player,167,0,0,1320.22,703.06,1401.47,848.46,11
0,player,168,0,0,1320.76,697.99,1402.00,843.38,11
0,player,169,0,0,1321.29,692.91,1402.54,838.30,11
0,player,170,0,0,1321.83,687.83,1403.07,833.22,11
0,player,171,0,0,1322.36,682.75,1403.61,828.14,11
0,player,172,0,0,1322.90,677.67,1404.14,823.07,11
0,player,173,0,0,1323.43,672.60,1404.68,817.99,11
0,player,174,0,0,1324.07,670.89,1405.32,816.28,11
0,player,175,0,0,1324.71,669.18,1405.96,814.57,11
0,player,176,0,0,1325.35,667.47,1406.60,812.86,11
0,player,177,0,0,1326.00,665.75,1407.24,811.15,11
0,player,178,0,0,1326.64,664.04,1407.88,809.44,11
0,player,179,0,0,1327.28,662.33,1408.53,807.72,11
0,player,180,0,0,1327.92,660.62,1409.17,806.01,11
0,player,181,0,0,1328.56,658.91,1409.81,804.30,11
0,player,182,0,0,1329.20,657.20,1410.45,802.59,11
0,player,183,0,0,1329.84,655.49,1411.09,800.88,11
0,player,184,0,0,1328.78,657.10,1410.02,802.49,11
0,player,185,0,0,1327.71,658.70,1408.95,804.09,11
0,player,186,0,0,1326.64,660.30,1407.88,805.69,11
0,player,187,0,0,1325.57,661.91,1406.82,807.30,11
0,player,188,0,0,1324.50,663.51,1405.75,808.90,11
0,player,189,0,0,1323.43,665.11,1404.68,810.50,11
0,player,190,0,0,1322.36,666.72,1403.61,812.11,11
0,player,191,0,0,1321.29,668.32,1402.54,813.71,11
0,player,192,0,0,1320.22,669.92,1401.47,815.31,11
0,player,193,0,0,1319.15,671.53,1400.40,816.92,11
0,player,194,0,0,1318.09,673.13,1399.33,818.52,11
0,player,195,0,0,1317.02,674.73,1398.26,820.13,11
0,player,196,0,0,1315.95,676.34,1397.19,821.73,11
0,player,197,0,0,1314.88,677.94,1396.13,823.33,11
0,player,198,0,0,1313.81,679.55,1395.06,824.94,11
0,player,199,0,0,1312.74,681.15,1393.99,826.54,11
0,player,200,0,0,1311.67,682.75,1392.92,828.14,11
0,player,201,0,0,1310.60,684.36,1391.85,829.75,11
0,player,202,0,0,1309.53,685.96,1390.78,831.35,11
0,player,203,0,0,1308.46,687.56,1389.71,832.95,11
0,player,204,0,0,1307.39,689.17,1388.64,834.56,11
0,player,205,0,0,1306.33,690.77,1387.57,836.16,11
0,player,206,0,0,1305.26,692.37,1386.50,837.76,11
0,player,207,0,0,1304.19,693.98,1385.43,839.37,11
0,player,208,0,0,1299.19,691.84,1380.43,837.23,11
0,player,209,0,0,1294.19,689.70,1375.43,835.09,11
0,player,210,0,0,1289.18,687.56,1370.43,832.95,11
0,player,211,0,0,1284.18,685.43,1365.43,830.82,11
0,player,212,0,0,1279.18,683.29,1360.43,828.68,11
0,player,213,0,0,1274.18,681.15,1355.43,826.54,11
0,player,214,0,0,1269.18,679.01,1350.43,824.40,11
0,player,215,0,0,1264.18,676.87,1345.43,822.26,11
0,player,216,0,0,1259.18,674.73,1340.43,820.13,11
0,player,217,0,0,1254.18,672.60,1335.43,817.99,11
0,player,218,0,0,1249.18,670.46,1330.42,815.85,11
0,player,219,0,0,1244.18,668.32,1325.42,813.71,11
0,player,220,0,0,1239.18,666.18,1320.42,811.57,11
0,player,221,0,0,1234.17,664.04,1315.42,809.43,11
0,player,222,0,0,1229.17,661.91,1310.42,807.30,11
0,player,223,0,0,1224.17,659.77,1305.42,805.16,11
0,player,224,0,0,1219.17,657.63,1300.42,803.02,11
0,player,225,0,0,1214.17,655.49,1295.42,800.88,11
0,player,226,0,0,1209.17,653.35,1290.42,798.74,11
0,player,227,0,0,1204.17,651.22,1285.42,796.61,11
0,player,228,0,0,1199.17,649.08,1280.41,794.47,11
0,player,229,0,0,1194.17,646.94,1275.41,792.33,11
0,player,230,0,0,1189.17,644.80,1270.41,790.19,11
0,player,231,0,0,1184.16,642.66,1265.41,788.05,11
0,player,232,0,0,1179.16,640.53,1260.41,785.92,11
0,player,233,0,0,1174.16,638.39,1255.41,783.78,11
0,player,234,0,0,1169.16,636.25,1250.41,781.64,11
0,player,235,0,0,1164.16,634.11,1245.41,779.50,11
0,player,236,0,0,1159.16,631.97,1240.41,777.36,11
0,player,237,0,0,1154.16,629.83,1235.41,775.23,11
0,player,238,0,0,1149.16,627.70,1230.41,773.09,11
0,player,239,0,0,1144.16,625.56,1225.40,770.95,11
0,player,240,0,0,1139.16,623.42,1220.40,768.81,11
0,player,241,0,0,1134.16,621.28,1215.40,766.67,11
0,player,242,0,0,1129.15,619.14,1210.40,764.53,11
0,player,243,0,0,1124.15,617.01,1205.40,762.40,11
0,player,244,0,0,1119.15,614.87,1200.40,760.26,11
0,player,245,0,0,1114.15,612.73,1195.40,758.12,11
0,player,246,0,0,1109.15,610.59,1190.40,755.98,11
0,player,247,0,0,1104.15,608.45,1185.40,753.84,11
0,player,248,0,0,1099.15,606.32,1180.40,751.71,11
0,player,249,0,0,1094.15,604.18,1175.39,749.57,11
0,player,250,0,0,1089.15,602.04,1170.39,747.43,11
0,player,251,0,0,1084.15,599.90,1165.39,745.29,11
0,player,252,0,0,1079.15,597.76,1160.39,743.15,11
0,player,253,0,0,1074.14,595.63,1155.39,741.02,11
0,player,254,0,0,1069.14,593.49,1150.39,738.88,11
0,player,255,0,0,1064.14,591.35,1145.39,736.74,11
0,player,256,0,0,1059.14,589.21,1140.39,734.60,11
0,player,257,0,0,1054.14,587.07,1135.39,732.46,11
0,player,258,0,0,1049.14,584.93,1130.39,730.33,11
0,player,259,0,0,1044.14,582.80,1125.39,728.19,11
0,player,260,0,0,1039.14,580.66,1120.38,726.05,11
0,player,261,0,0,1034.14,578.52,1115.38,723.91,11
0,player,262,0,0,1029.14,576.38,1110.38,721.77,11
0,player,263,0,0,1024.13,574.24,1105.38,719.63,11
0,player,264,0,0,1019.13,572.11,1100.38,717.50,11
0,player,265,0,0,1014.13,569.97,1095.38,715.36,11
0,player,266,0,0,1009.13,567.83,1090.38,713.22,11
0,player,267,0,0,1003.94,565.16,1085.19,710.55,11
0,player,268,0,0,998.75,562.48,1079.99,707.88,11
0,player,269,0,0,993.55,559.81,1074.80,705.20,11
0,player,270,0,0,988.36,557.14,1069.61,702.53,11
0,player,271,0,0,983.17,554.47,1064.42,699.86,11
0,player,272,0,0,977.98,551.79,1059.22,697.19,11
0,player,273,0,0,972.78,549.12,1054.03,694.51,11
0,player,274,0,0,967.59,546.45,1048.84,691.84,11
0,player,275,0,0,962.40,543.78,1043.65,689.17,11
0,player,276,0,0,957.21,541.10,1038.45,686.49,11
0,player,277,0,0,952.01,538.43,1033.26,683.82,11
0,player,278,0,0,946.82,535.76,1028.07,681.15,11
0,player,279,0,0,941.63,533.09,1022.88,678.48,11
0,player,280,0,0,936.44,530.41,1017.68,675.80,11
0,player,281,0,0,931.24,527.74,1012.49,673.13,11
0,player,282,0,0,926.05,525.07,1007.30,670.46,11
0,player,283,0,0,920.86,522.40,1002.11,667.79,11
0,player,284,0,0,915.67,519.72,996.91,665.11,11
0,player,285,0,0,910.47,517.05,991.72,662.44,11
0,player,286,0,0,905.28,514.38,986.53,659.77,11
0,player,287,0,0,900.09,511.71,981.34,657.10,11
0,player,288,0,0,894.90,509.03,976.14,654.42,11
0,player,289,0,0,889.70,506.36,970.95,651.75,11
0,player,290,0,0,884.51,503.69,965.76,649.08,11
0,player,291,0,0,879.32,501.01,960.57,646.41,11
0,player,292,0,0,874.13,498.34,955.37,643.73,11
0,player,293,0,0,868.93,495.67,950.18,641.06,11
0,player,294,0,0,863.74,493.00,944.99,638.39,11
0,player,295,0,0,853.97,491.47,935.21,636.86,11
0,player,296,0,0,844.19,489.94,925.44,635.33,11
0,player,297,0,0,834.42,488.42,915.67,633.81,11
0,player,298,0,0,824.64,486.89,905.89,632.28,11
0,player,299,0,0,814.87,485.36,896.12,630.75,11
0,player,300,0,0,805.10,483.83,886.34,629.22,11
0,player,301,0,0,795.32,482.31,876.57,627.70,11
0,player,302,0,0,785.55,480.78,866.80,626.17,11
0,player,303,0,0,775.77,479.25,857.02,624.64,11
0,player,304,0,0,766.00,477.73,847.25,623.12,11
0,player,305,0,0,756.23,476.20,837.47,621.59,11
0,player,306,0,0,746.45,474.67,827.70,620.06,11
0,player,307,0,0,736.68,473.14,817.92,618.53,11
0,player,308,0,0,726.90,471.62,808.15,617.01,11
0,player,309,0,0,717.13,470.09,798.38,615.48,11
0,player,310,0,0,707.36,468.56,788.60,613.95,11
0,player,311,0,0,697.58,467.03,778.83,612.43,11
0,player,312,0,0,687.81,465.51,769.05,610.90,11
0,player,313,0,0,678.03,463.98,759.28,609.37,11
0,player,314,0,0,668.26,462.45,749.51,607.84,11
0,player,315,0,0,658.49,460.93,739.73,606.32,11
0,player,316,0,0,648.71,459.40,729.96,604.79,11
0,player,317,0,0,638.94,457.87,720.18,603.26,11
0,player,318,0,0,629.16,456.34,710.41,601.73,11
0,player,319,0,0,619.39,454.82,700.64,600.21,11
0,player,320,0,0,609.61,453.29,690.86,598.68,11
0,player,321,0,0,599.84,451.76,681.09,597.15,11
0,player,322,0,0,590.07,450.24,671.31,595.63,11
0,player,323,0,0,590.73,450.24,671.98,595.63,11
0,player,324,0,0,591.40,450.24,672.65,595.63,11
0,player,325,0,0,592.07,450.24,673.32,595.63,11
0,player,326,0,0,592.74,450.24,673.99,595.63,11
0,player,327,0,0,593.41,450.24,674.65,595.63,11
0,player,328,0,0,594.08,450.24,675.32,595.63,11
0,player,329,0,0,594.74,450.24,675.99,595.63,11
0,player,330,0,0,595.41,450.24,676.66,595.63,11
0,player,331,0,0,596.08,450.24,677.33,595.63,11
0,player,332,0,0,596.75,450.24,677.99,595.63,11
0,player,333,0,0,597.42,450.24,678.66,595.63,11
0,player,334,0,0,598.08,450.24,679.33,595.63,11
0,player,335,0,0,598.75,450.24,680.00,595.63,11
0,player,336,0,0,599.42,450.24,680.67,595.63,11
0,player,337,0,0,600.09,450.24,681.34,595.63,11
0,player,338,0,0,600.76,450.24,682.00,595.63,11
0,player,339,0,0,601.42,450.24,682.67,595.63,11
0,player,340,0,0,602.09,450.24,683.34,595.63,11
0,player,341,0,0,602.76,450.24,684.01,595.63,11
0,player,342,0,0,603.43,450.24,684.68,595.63,11
0,player,343,0,0,604.10,450.24,685.34,595.63,11
0,player,344,0,0,604.77,450.24,686.01,595.63,11
0,player,345,0,0,605.43,450.24,686.68,595.63,11
0,player,346,0,0,606.10,450.24,687.35,595.63,11
0,player,347,0,0,606.77,450.24,688.02,595.63,11
0,player,348,0,0,607.44,450.24,688.69,595.63,11
0,player,349,0,0,608.11,450.24,689.35,595.63,11
0,player,350,0,0,608.77,450.24,690.02,595.63,11
0,player,351,0,0,609.44,450.24,690.69,595.63,11
0,player,352,0,0,610.11,450.24,691.36,595.63,11
0,player,353,0,0,610.78,450.24,692.03,595.63,11
0,player,354,0,0,611.45,450.24,692.69,595.63,11
0,player,355,0,0,622.85,448.10,704.10,593.49,11
0,player,356,0,0,634.25,445.96,715.50,591.35,11
0,player,357,0,0,645.66,443.82,726.90,589.21,11
0,player,358,0,0,652.86,443.71,734.11,589.10,11
0,player,359,0,0,660.06,443.60,741.31,588.99,11
0,player,360,0,0,667.26,443.48,748.51,588.87,11
0,player,361,0,0,674.46,443.37,755.71,588.76,11
0,player,362,0,0,681.67,443.26,762.91,588.65,11
0,player,363,0,0,688.87,443.15,770.11,588.54,11
0,player,364,0,0,696.07,443.03,777.32,588.42,11
0,player,365,0,0,703.27,442.92,784.52,588.31,11
0,player,366,0,0,710.47,442.81,791.72,588.20,11
0,player,367,0,0,717.68,442.70,798.92,588.09,11
0,player,368,0,0,724.88,442.58,806.12,587.97,11
0,player,369,0,0,732.08,442.47,813.33,587.86,11
0,player,370,0,0,739.28,442.36,820.53,587.75,11
0,player,371,0,0,746.48,442.25,827.73,587.64,11
0,player,372,0,0,753.69,442.13,834.93,587.52,11
0,player,373,0,0,760.89,442.02,842.13,587.41,11
0,player,374,0,0,768.09,441.91,849.34,587.30,11
0,player,375,0,0,775.29,441.80,856.54,587.19,11
0,player,376,0,0,782.49,441.68,863.74,587.07,11
0,player,377,0,0,782.49,441.68,864.27,587.08,11
0,player,378,0,0,782.49,441.68,864.81,587.08,11
0,player,379,0,0,782.49,441.68,865.34,587.08,11
0,player,380,0,0,782.49,441.68,865.87,587.09,11
0,player,381,0,0,782.49,441.68,866.40,587.09,11
0,player,382,0,0,782.49,441.68,866.94,587.09,11
0,player,383,0,0,782.49,441.68,867.47,587.10,11
0,player,384,0,0,782.49,441.68,868.00,587.10,11
0,player,385,0,0,781.53,444.19,867.04,589.61,11
0,player,386,0,0,780.58,446.70,866.08,592.11,11
0,player,387,0,0,779.62,449.20,865.12,594.62,11
0,player,388,0,0,778.66,451.71,864.17,597.13,11
0,player,389,0,0,777.70,454.22,863.21,599.63,11
0,player,390,0,0,776.74,456.72,862.25,602.14,11
0,player,391,0,0,775.78,459.23,861.29,604.65,11
0,player,392,0,0,774.83,461.74,860.33,607.15,11
0,player,393,0,0,773.87,464.24,859.37,609.66,11
0,player,394,0,0,772.91,466.75,858.42,612.17,11
0,player,395,0,0,771.95,469.26,857.46,614.67,11
0,player,396,0,0,770.99,471.76,856.50,617.18,11
0,player,397,0,0,770.03,474.27,855.54,619.69,11
0,player,398,0,0,769.07,476.78,854.58,622.19,11
0,player,399,0,0,768.12,479.28,853.62,624.70,11
0,player,400,0,0,767.16,481.79,852.66,627.21,11
0,player,401,0,0,766.20,484.30,851.71,629.71,11
0,player,402,0,0,765.24,486.80,850.75,632.22,11
0,player,403,0,0,764.28,489.31,849.79,634.73,11
0,player,404,0,0,763.32,491.82,848.83,637.23,11
0,player,405,0,0,762.37,494.32,847.87,639.74,11
0,player,406,0,0,761.41,496.83,846.91,642.25,11
0,player,407,0,0,760.45,499.34,845.96,644.75,11
0,player,408,0,0,759.49,501.84,845.00,647.26,11
0,player,409,0,0,758.53,504.35,844.04,649.77,11
0,player,410,0,0,757.57,506.86,843.08,652.28,11
0,player,411,0,0,756.62,509.36,842.12,654.78,11
0,player,412,0,0,755.66,511.87,841.16,657.29,11
0,player,413,0,0,754.70,514.38,840.21,659.80,11
0,player,414,0,0,746.50,518.48,832.01,663.89,11
0,player,415,0,0,738.31,522.57,823.81,667.99,11
0,player,416,0,0,730.11,526.67,815.62,672.09,11
0,player,417,0,0,721.91,530.77,807.42,676.19,11
0,player,418,0,0,713.72,534.87,799.23,680.29,11
0,player,419,0,0,705.52,538.97,791.03,684.38,11
0,player,420,0,0,697.33,543.06,782.83,688.48,11
0,player,421,0,0,689.13,547.16,774.64,692.58,11
0,player,422,0,0,680.93,551.26,766.44,696.68,11
0,player,423,0,0,672.74,555.36,758.25,700.78,11
0,player,424,0,0,664.54,559.46,750.05,704.87,11
0,player,425,0,0,656.35,563.55,741.85,708.97,11
0,player,426,0,0,671.50,566.53,757.01,711.95,11
0,player,427,0,0,659.83,569.50,745.34,714.92,11
0,player,428,0,0,648.16,572.48,733.67,717.90,11
0,player,429,0,0,636.49,575.45,721.99,720.87,11
0,player,430,0,0,624.82,578.43,710.32,723.84,11
0,player,431,0,0,613.15,581.40,698.65,726.82,11
0,player,432,0,0,601.48,584.38,686.98,729.79,11
0,player,433,0,0,589.80,587.35,675.31,732.77,11
0,player,434,0,0,578.13,590.33,663.64,735.74,11
0,player,435,0,0,566.46,593.30,651.97,738.72,11
0,player,436,0,0,554.79,596.28,640.30,741.69,11
0,player,437,0,0,543.12,599.25,628.63,744.67,11
0,player,438,0,0,531.45,602.23,616.96,747.64,11
0,player,439,0,0,519.78,605.20,605.29,750.62,11
0,player,440,0,0,508.11,608.17,593.62,753.59,11
0,player,441,0,0,496.44,611.15,581.95,756.57,11
0,player,442,0,0,484.77,614.12,570.27,759.54,11
0,player,443,0,0,473.10,617.10,558.60,762.52,11
0,player,444,0,0,461.43,620.07,546.93,765.49,11
0,player,445,0,0,449.76,623.05,535.26,768.47,11
0,player,446,0,0,438.08,626.02,523.59,771.44,11
0,player,447,0,0,426.41,629.00,511.92,774.42,11
0,player,448,0,0,414.74,631.97,500.25,777.39,11
0,player,449,0,0,402.18,637.35,486.97,782.77,11
0,player,450,0,0,389.61,642.73,473.69,788.15,11
0,player,451,0,0,377.04,648.11,460.40,793.52,11
0,player,452,0,0,364.47,653.48,447.12,798.90,11
0,player,453,0,0,351.90,658.86,433.84,804.28,11
0,player,454,0,0,339.34,664.24,420.56,809.66,11
0,player,455,0,0,326.77,669.62,407.28,815.03,11
0,player,456,0,0,314.20,674.99,393.99,820.41,11
0,player,457,0,0,301.63,680.37,380.71,825.79,11
0,player,458,0,0,289.06,685.75,367.43,831.17,11
0,player,459,0,0,276.50,691.13,354.15,836.54,11
0,player,460,0,0,263.93,696.50,340.87,841.92,11
0,player,461,0,0,251.36,701.88,327.58,847.30,11
0,player,462,0,0,238.79,707.26,314.30,852.68,11
0,player,463,0,0,226.22,712.64,301.02,858.05,11
0,player,464,0,0,213.66,718.01,287.74,863.43,11
0,player,465,0,0,201.09,723.39,274.46,868.81,11
0,player,466,0,0,188.52,728.77,261.17,874.19,11
0,player,467,0,0,175.95,734.15,247.89,879.56,11
0,player,468,0,0,163.38,739.52,234.61,884.94,11
0,player,469,0,0,150.82,744.90,221.33,890.32,11
0,player,470,0,0,138.25,750.28,208.04,895.70,11
0,player,471,0,0,125.68,755.66,194.76,901.07,11
0,player,472,0,0,113.11,761.04,181.48,906.45,11
0,player,473,0,0,100.54,766.41,168.20,911.83,11
0,player,474,0,0,87.98,771.79,154.92,917.21,11
0,player,475,0,0,75.41,777.17,141.63,922.59,11
0,player,476,0,0,62.84,782.55,128.35,927.96,11
0,player,477,0,0,50.27,787.92,115.07,933.34,11
0,player,478,0,0,37.70,793.30,101.79,938.72,11
0,player,479,0,0,25.14,798.68,88.51,944.10,11
0,player,480,0,0,12.57,804.06,75.22,949.47,11
0,player,481,0,0,0.00,809.43,61.94,954.85,11
0,player,482,0,0,2.86,809.59,64.87,955.01,11
0,player,483,0,0,5.71,809.75,67.79,955.16,11
0,player,484,0,0,8.57,809.90,70.71,955.32,11
0,player,485,0,0,11.42,810.06,73.63,955.48,11
0,player,486,1,0,14.28,810.22,76.56,955.64,11
0,player,767,0,0,816.71,854.33,897.93,999.75,11
0,player,768,0,0,822.88,851.69,904.10,997.11,11
0,player,769,0,0,829.04,849.05,910.26,994.47,11
0,player,770,0,0,835.20,846.41,916.42,991.83,11
0,player,771,0,0,841.36,843.77,922.58,989.18,11
0,player,772,0,0,847.53,841.13,928.75,986.54,11
0,player,773,0,0,853.69,838.49,934.91,983.90,11
0,player,774,0,0,859.85,835.84,941.07,981.26,11
0,player,775,0,0,866.02,833.20,947.23,978.62,11
0,player,776,0,0,872.18,830.56,953.40,975.98,11
0,player,777,0,0,878.34,827.92,959.56,973.34,11
0,player,778,0,0,884.50,825.28,965.72,970.70,11
0,player,779,0,0,890.67,822.64,971.89,968.06,11
0,player,780,0,0,896.83,820.00,978.05,965.41,11
0,player,781,0,0,902.99,817.36,984.21,962.77,11
0,player,782,0,0,909.15,814.71,990.37,960.13,11
0,player,783,0,0,915.32,812.07,996.54,957.49,11
0,player,784,0,0,921.48,809.43,1002.70,954.85,11
0,player,785,0,0,929.03,806.51,1010.25,951.93,11
0,player,786,0,0,936.59,803.59,1017.81,949.01,11
0,player,787,0,0,944.14,800.67,1025.36,946.08,11
0,player,788,0,0,951.70,797.74,1032.92,943.16,11
0,player,789,0,0,959.25,794.82,1040.47,940.24,11
0,player,790,0,0,966.81,791.90,1048.03,937.32,11
0,player,791,0,0,974.36,788.98,1055.58,934.40,11
0,player,792,0,0,981.92,786.06,1063.14,931.47,11
0,player,793,0,0,989.47,783.13,1070.69,928.55,11
0,player,794,0,0,997.03,780.21,1078.24,925.63,11
0,player,795,0,0,1004.58,777.29,1085.80,922.71,11
0,player,796,0,0,1012.13,774.37,1093.35,919.79,11
0,player,797,0,0,1019.69,771.45,1100.91,916.86,11
0,player,798,0,0,1027.24,768.52,1108.46,913.94,11
0,player,799,0,0,1034.80,765.60,1116.02,911.02,11
0,player,800,0,0,1042.35,762.68,1123.57,908.10,11
0,player,801,0,0,1049.91,759.76,1131.13,905.17,11
0,player,802,0,0,1057.46,756.84,1138.68,902.25,11
0,player,803,0,0,1065.02,753.91,1146.24,899.33,11
0,player,804,0,0,1072.57,750.99,1153.79,896.41,11
0,player,805,0,0,1080.13,748.07,1161.35,893.49,11
0,player,806,0,0,1087.68,745.15,1168.90,890.56,11
0,player,807,0,0,1095.24,742.23,1176.45,887.64,11
0,player,808,0,0,1102.79,739.30,1184.01,884.72,11
0,player,809,0,0,1110.34,736.38,1191.56,881.80,11
0,player,810,0,0,1117.90,733.46,1199.12,878.88,11
0,player,811,0,0,1125.45,730.54,1206.67,875.95,11
0,player,812,0,0,1133.01,727.61,1214.23,873.03,11
0,player,813,0,0,1140.56,724.69,1221.78,870.11,11
0,player,814,0,0,1148.12,721.77,1229.34,867.19,11
0,player,815,0,0,1153.64,719.81,1234.86,865.23,11
0,player,816,0,0,1159.16,717.85,1240.38,863.27,11
0,player,817,0,0,1164.69,715.89,1245.91,861.31,11
0,player,818,0,0,1170.21,713.93,1251.43,859.35,11
0,player,819,0,0,1175.73,711.97,1256.95,857.39,11
0,player,820,0,0,1181.26,710.01,1262.48,855.43,11
0,player,821,0,0,1186.78,708.05,1268.00,853.47,11
0,player,822,0,0,1192.30,706.09,1273.52,851.51,11
0,player,823,0,0,1197.83,704.13,1279.05,849.55,11
0,player,824,0,0,1203.35,702.17,1284.57,847.59,11
0,player,825,0,0,1208.87,700.21,1290.09,845.63,11
0,player,826,0,0,1214.40,698.25,1295.62,843.67,11
0,player,827,0,0,1219.92,696.29,1301.14,841.71,11
0,player,828,0,0,1225.44,694.33,1306.66,839.75,11
0,player,829,0,0,1230.97,692.37,1312.19,837.79,11
0,player,830,0,0,1236.49,690.41,1317.71,835.83,11
0,player,831,0,0,1242.01,688.45,1323.23,833.87,11
0,player,832,0,0,1247.54,686.49,1328.76,831.91,11
0,player,833,0,0,1253.06,684.53,1334.28,829.95,11
0,player,834,0,0,1258.59,682.57,1339.80,827.99,11
0,player,835,0,0,1264.11,680.61,1345.33,826.03,11
0,player,836,0,0,1269.63,678.65,1350.85,824.07,11
0,player,837,0,0,1275.16,676.69,1356.37,822.11,11
0,player,838,0,0,1280.68,674.73,1361.90,820.15,11
0,player,839,0,0,1284.46,674.07,1365.68,819.49,11
0,player,840,0,0,1288.24,673.42,1369.46,818.83,11
0,player,841,0,0,1292.03,672.76,1373.25,818.18,11
0,player,842,0,0,1295.81,672.10,1377.03,817.52,11
0,player,843,0,0,1299.59,671.44,1380.81,816.86,11
0,player,844,0,0,1303.38,670.79,1384.59,816.20,11
0,player,845,0,0,1307.16,670.13,1388.38,815.55,11
0,player,846,0,0,1310.94,669.47,1392.16,814.89,11
0,player,847,0,0,1314.72,668.81,1395.94,814.23,11
0,player,848,0,0,1318.51,668.15,1399.73,813.57,11
0,player,849,0,0,1322.29,667.50,1403.51,812.91,11
0,player,850,0,0,1326.07,666.84,1407.29,812.26,11
0,player,851,0,0,1329.85,666.18,1411.07,811.60,11
0,player,852,0,0,1331.82,664.40,1413.04,809.81,11
0,player,853,0,0,1333.79,662.61,1415.01,808.03,11
0,player,854,0,0,1335.75,660.83,1416.97,806.25,11
0,player,855,0,0,1337.72,659.05,1418.94,804.46,11
0,player,856,0,0,1339.69,657.26,1420.91,802.68,11
0,player,857,0,0,1341.66,655.48,1422.87,800.89,11
0,player,858,0,0,1343.62,653.69,1424.84,799.11,11
0,player,859,0,0,1345.59,651.91,1426.81,797.33,11
0,player,860,0,0,1347.56,650.13,1428.78,795.54,11
0,player,861,0,0,1349.52,648.34,1430.74,793.76,11
0,player,862,0,0,1351.49,646.56,1432.71,791.98,11
0,player,863,0,0,1353.46,644.77,1434.68,790.19,11
0,player,864,0,0,1355.42,642.99,1436.64,788.41,11
0,player,865,0,0,1357.39,641.21,1438.61,786.62,11
0,player,866,0,0,1359.36,639.42,1440.58,784.84,11
0,player,867,0,0,1361.32,637.64,1442.54,783.06,11
0,player,868,0,0,1363.29,635.86,1444.51,781.27,11
0,player,869,0,0,1365.26,634.07,1446.48,779.49,11
0,player,870,0,0,1367.22,632.29,1448.44,777.70,11
0,player,871,0,0,1369.19,630.50,1450.41,775.92,11
0,player,872,0,0,1371.16,628.72,1452.38,774.14,11
0,player,873,0,0,1373.12,626.94,1454.34,772.35,11
0,player,874,0,0,1375.09,625.15,1456.31,770.57,11
0,player,875,0,0,1377.06,623.37,1458.28,768.79,11
0,player,876,0,0,1379.02,621.58,1460.24,767.00,11
0,player,877,0,0,1380.99,619.80,1462.21,765.22,11
0,player,878,0,0,1382.96,618.02,1464.18,763.43,11
0,player,879,0,0,1384.93,616.23,1466.14,761.65,11
0,player,880,0,0,1386.89,614.45,1468.11,759.87,11
0,player,881,0,0,1388.86,612.67,1470.08,758.08,11
0,player,882,0,0,1390.83,610.88,1472.05,756.30,11
0,player,883,0,0,1392.79,609.10,1474.01,754.51,11
0,player,884,0,0,1394.76,607.31,1475.98,752.73,11
0,player,885,0,0,1396.73,605.53,1477.95,750.95,11
0,player,886,0,0,1398.69,603.75,1479.91,749.16,11
0,player,887,0,0,1400.66,601.96,1481.88,747.38,11
0,player,888,0,0,1402.63,600.18,1483.85,745.60,11
0,player,889,0,0,1404.59,598.39,1485.81,743.81,11
0,player,890,0,0,1406.56,596.61,1487.78,742.03,11
0,player,891,0,0,1408.53,594.83,1489.75,740.24,11
0,player,892,0,0,1410.49,593.04,1491.71,738.46,11
0,player,893,0,0,1412.46,591.26,1493.68,736.68,11
0,player,894,0,0,1414.43,589.47,1495.65,734.89,11
0,player,895,0,0,1416.39,587.69,1497.61,733.11,11
0,player,896,0,0,1418.36,585.91,1499.58,731.32,11
0,player,897,0,0,1420.33,584.12,1501.55,729.54,11
0,player,898,0,0,1422.29,582.34,1503.51,727.76,11
0,player,899,0,0,1424.26,580.56,1505.48,725.97,11
1,player,52,0,0,183.88,886.37,265.12,1031.76,7
1,player,53,0,0,182.03,885.91,263.27,1031.30,7
1,player,54,0,0,180.18,885.45,261.42,1030.84,7
1,player,55,0,0,178.33,884.98,259.58,1030.37,7
1,player,56,0,0,176.48,884.52,257.73,1029.91,7
1,player,57,0,0,174.63,884.06,255.88,1029.45,7
1,player,58,0,0,172.78,883.60,254.03,1028.99,7
1,player,59,0,0,170.93,883.13,252.18,1028.52,7
1,player,60,0,0,169.08,882.67,250.33,1028.06,7
1,player,61,0,0,167.23,882.21,248.48,1027.60,7
1,player,62,0,0,165.38,881.75,246.63,1027.14,7
1,player,63,0,0,163.53,881.28,244.78,1026.68,7
1,player,64,0,0,161.69,880.82,242.93,1026.21,7
1,player,65,0,0,159.84,880.36,241.08,1025.75,7
1,player,66,0,0,157.99,879.90,239.23,1025.29,7
1,player,67,0,0,156.14,879.44,237.39,1024.83,7
1,player,68,0,0,154.29,878.97,235.54,1024.36,7
1,player,69,0,0,152.44,878.51,233.69,1023.90,7
1,player,70,0,0,150.59,878.05,231.84,1023.44,7
1,player,71,0,0,148.74,877.59,229.99,1022.98,7
1,player,72,0,0,146.89,877.12,228.14,1022.52,7
1,player,73,0,0,145.04,876.66,226.29,1022.05,7
1,player,74,0,0,143.19,876.20,224.44,1021.59,7
1,player,75,0,0,141.35,875.74,222.59,1021.13,7
1,player,76,0,0,139.50,875.28,220.74,1020.67,7
1,player,77,0,0,137.65,874.81,218.89,1020.20,7
1,player,78,0,0,135.80,874.35,217.04,1019.74,7
1,player,79,0,0,133.95,873.89,215.20,1019.28,7
1,player,80,0,0,132.10,873.43,213.35,1018.82,7
1,player,81,0,0,130.25,872.96,211.50,1018.35,7
1,player,82,0,0,128.40,872.50,209.65,1017.89,7
1,player,83,0,0,126.55,872.04,207.80,1017.43,7
1,player,84,0,0,124.70,871.58,205.95,1016.97,7
1,player,85,0,0,122.85,871.11,204.10,1016.51,7
1,player,86,0,0,121.00,870.65,202.25,1016.04,7
1,player,87,0,0,119.16,870.19,200.40,1015.58,7
1,player,88,0,0,117.31,869.73,198.55,1015.12,7
1,player,89,0,0,115.46,869.27,196.70,1014.66,7
1,player,90,0,0,115.46,869.27,196.70,1014.66,7
1,player,91,0,0,115.46,869.27,196.70,1014.66,7
1,player,92,0,0,115.46,869.27,196.70,1014.66,7
1,player,93,0,0,115.46,869.27,196.70,1014.66,7
1,player,94,0,0,115.46,869.27,196.70,1014.66,7
1,player,95,0,0,115.46,869.27,196.70,1014.66,7
1,player,96,0,0,115.46,869.27,196.70,1014.66,7
1,player,97,0,0,115.46,869.27,196.70,1014.66,7
1,player,98,0,0,115.46,869.27,196.70,1014.66,7
1,player,99,0,0,115.46,869.27,196.70,1014.66,7
1,player,100,0,0,115.46,869.27,196.70,1014.66,7
1,player,101,0,0,115.46,869.27,196.70,1014.66,7
1,player,102,0,0,115.46,869.27,196.70,1014.66,7
1,player,103,0,0,115.46,869.27,196.70,1014.66,7
1,player,104,0,0,115.46,869.27,196.70,1014.66,7
1,player,105,0,0,115.46,869.27,196.70,1014.66,7
1,player,106,0,0,115.46,869.27,196.70,1014.66,7
1,player,107,0,0,115.46,869.27,196.70,1014.66,7
1,player,108,0,0,115.46,869.27,196.70,1014.66,7
1,player,109,0,0,115.46,869.27,196.70,1014.66,7
1,player,110,0,0,115.46,869.27,196.70,1014.66,7
1,player,111,0,0,115.46,869.27,196.70,1014.66,7
1,player,112,0,0,115.46,869.27,196.70,1014.66,7
1,player,113,0,0,115.46,869.27,196.70,1014.66,7
1,player,114,0,0,115.46,869.27,196.70,1014.66,7
1,player,115,0,0,115.46,869.27,196.70,1014.66,7
1,player,116,0,0,115.46,869.27,196.70,1014.66,7
1,player,117,1,0,115.46,869.27,196.70,1014.66,7
2,player,52,0,0,560.18,559.24,641.43,704.63,7
2,player,53,0,0,562.78,559.36,644.03,704.75,7
2,player,54,0,0,565.38,559.47,646.63,704.86,7
2,player,55,0,0,567.98,559.59,649.23,704.98,7
2,player,56,0,0,570.58,559.71,651.83,705.10,7
2,player,57,0,0,573.18,559.82,654.43,705.21,7
2,player,58,0,0,575.78,559.94,657.03,705.33,7
2,player,59,0,0,578.38,560.05,659.63,705.44,7
2,player,60,0,0,580.98,560.17,662.23,705.56,7
2,player,61,0,0,583.58,560.28,664.83,705.67,7
2,player,62,0,0,586.18,560.40,667.43,705.79,7
2,player,63,0,0,588.78,560.51,670.03,705.91,7
2,player,64,0,0,591.38,560.63,672.63,706.02,7
2,player,65,0,0,593.98,560.75,675.23,706.14,7
2,player,66,0,0,596.58,560.86,677.83,706.25,7
2,player,67,0,0,599.18,560.98,680.43,706.37,7
2,player,68,0,0,601.78,561.09,683.03,706.48,7
2,player,69,0,0,604.39,561.21,685.63,706.60,7
2,player,70,0,0,606.99,561.32,688.23,706.71,7
2,player,71,0,0,609.59,561.44,690.83,706.83,7
2,player,72,0,0,612.19,561.55,693.43,706.95,7
2,player,73,0,0,614.79,561.67,696.03,707.06,7
2,player,74,0,0,617.39,561.79,698.63,707.18,7
2,player,75,0,0,619.99,561.90,701.23,707.29,7
2,player,76,0,0,622.59,562.02,703.83,707.41,7
2,player,77,0,0,625.19,562.13,706.44,707.52,7
2,player,78,0,0,627.79,562.25,709.04,707.64,7
2,player,79,0,0,630.39,562.36,711.64,707.75,7
2,player,80,0,0,632.99,562.48,714.24,707.87,7
2,player,81,0,0,635.59,562.59,716.84,707.99,7
2,player,82,0,0,638.19,562.71,719.44,708.10,7
2,player,83,0,0,640.79,562.83,722.04,708.22,7
2,player,84,0,0,643.39,562.94,724.64,708.33,7
2,player,85,0,0,645.99,563.06,727.24,708.45,7
2,player,86,0,0,648.59,563.17,729.84,708.56,7
2,player,87,0,0,651.19,563.29,732.44,708.68,7
2,player,88,0,0,653.79,563.40,735.04,708.79,7
2,player,89,0,0,656.39,563.52,737.64,708.91,7
2,player,90,0,0,660.13,559.93,741.38,705.32,7
2,player,91,0,0,663.88,556.34,745.12,701.73,7
2,player,92,0,0,667.62,552.75,748.86,698.14,7
2,player,93,0,0,671.36,549.16,752.61,694.55,7
2,player,94,0,0,675.10,545.57,756.35,690.97,7
2,player,95,0,0,678.84,541.99,760.09,687.38,7
2,player,96,0,0,682.58,538.40,763.83,683.79,7
2,player,97,0,0,686.33,534.81,767.57,680.20,7
2,player,98,0,0,690.07,531.22,771.31,676.61,7
2,player,99,0,0,693.81,527.63,775.06,673.02,7
2,player,100,0,0,697.55,524.04,778.80,669.43,7
2,player,101,0,0,701.29,520.45,782.54,665.84,7
2,player,102,0,0,705.03,516.86,786.28,662.25,7
2,player,103,0,0,708.78,513.27,790.02,658.67,7
2,player,104,0,0,712.52,509.69,793.76,655.08,7
2,player,105,0,0,716.26,506.10,797.51,651.49,7
2,player,106,0,0,720.00,502.51,801.25,647.90,7
2,player,107,0,0,723.74,498.92,804.99,644.31,7
2,player,108,0,0,727.48,495.33,808.73,640.72,7
2,player,109,0,0,731.23,491.74,812.47,637.13,7
2,player,110,0,0,734.97,488.15,816.21,633.54,7
2,player,111,0,0,738.71,484.56,819.96,629.95,7
2,player,112,0,0,742.45,480.97,823.70,626.36,7
2,player,113,0,0,746.19,477.39,827.44,622.78,7
2,player,114,0,0,749.93,473.80,831.18,619.19,7
2,player,115,0,0,753.68,470.21,834.92,615.60,7
2,player,116,0,0,757.42,466.62,838.66,612.01,7
2,player,117,0,0,761.16,463.03,842.41,608.42,7
2,player,118,0,0,770.78,460.18,852.03,605.57,7
2,player,119,0,0,780.40,457.33,861.65,602.72,7
2,player,120,0,0,790.02,454.48,871.27,599.87,7
2,player,121,0,0,799.64,451.63,880.89,597.02,7
2,player,122,0,0,809.27,448.78,890.51,594.17,7
2,player,123,0,0,818.89,445.92,900.13,591.32,7
2,player,124,0,0,828.51,443.07,909.76,588.46,7
2,player,125,0,0,838.13,440.22,919.38,585.61,7
2,player,126,0,0,847.75,437.37,929.00,582.76,7
2,player,127,0,0,857.37,434.52,938.62,579.91,7
2,player,128,0,0,866.99,431.67,948.24,577.06,7
2,player,129,0,0,876.62,428.82,957.86,574.21,7
2,player,130,0,0,886.24,425.97,967.48,571.36,7
2,player,131,0,0,895.86,423.12,977.11,568.51,7
2,player,132,0,0,905.48,420.27,986.73,565.66,7
2,player,133,0,0,915.10,417.42,996.35,562.81,7
2,player,134,0,0,924.72,414.57,1005.97,559.96,7
2,player,135,0,0,934.34,411.72,1015.59,557.11,7
2,player,136,0,0,943.97,408.86,1025.21,554.25,7
2,player,137,0,0,953.59,406.01,1034.83,551.40,7
2,player,138,0,0,963.21,403.16,1044.46,548.55,7
2,player,139,0,0,972.83,400.31,1054.08,545.70,7
2,player,140,0,0,982.45,397.46,1063.70,542.85,7
2,player,141,0,0,992.07,394.61,1073.32,540.00,7
2,player,142,0,0,1001.69,391.76,1082.94,537.15,7
2,player,143,0,0,1011.32,388.91,1092.56,534.30,7
2,player,144,0,0,1020.94,386.06,1102.18,531.45,7
2,player,145,0,0,1030.56,383.21,1111.80,528.60,7
2,player,146,0,0,1040.18,380.36,1121.43,525.75,7
2,player,147,0,0,1049.80,377.51,1131.05,522.90,7
2,player,148,0,0,1059.42,374.65,1140.67,520.05,7
2,player,149,0,0,1069.04,371.80,1150.29,517.19,7
2,player,150,0,0,1078.66,368.95,1159.91,514.34,7
2,player,151,0,0,1088.29,366.10,1169.53,511.49,7
2,player,152,0,0,1097.91,363.25,1179.15,508.64,7
2,player,153,0,0,1107.53,360.40,1188.78,505.79,7
2,player,154,0,0,1117.15,357.55,1198.40,502.94,7
2,player,155,0,0,1126.77,354.70,1208.02,500.09,7
2,player,156,0,0,1136.39,351.85,1217.64,497.24,7
2,player,157,0,0,1146.01,349.00,1227.26,494.39,7
2,player,158,0,0,1155.64,346.15,1236.88,491.54,7
2,player,159,0,0,1165.26,343.30,1246.50,488.69,7
2,player,160,0,0,1174.88,340.45,1256.13,485.84,7
2,player,161,0,0,1184.50,337.59,1265.75,482.99,7
2,player,162,0,0,1194.12,334.74,1275.37,480.13,7
2,player,163,0,0,1203.74,331.89,1284.99,477.28,7
2,player,164,0,0,1213.36,329.04,1294.61,474.43,7
2,player,165,0,0,1222.99,326.19,1304.23,471.58,7
2,player,166,0,0,1223.79,329.67,1305.03,475.06,7
2,player,167,0,0,1224.59,333.14,1305.84,478.53,7
2,player,168,0,0,1225.39,336.61,1306.64,482.01,7
2,player,169,0,0,1226.19,340.09,1307.44,485.48,7
2,player,170,0,0,1226.99,343.56,1308.24,488.95,7
2,player,171,0,0,1227.80,347.04,1309.04,492.43,7
2,player,172,0,0,1228.60,350.51,1309.84,495.90,7
2,player,173,0,0,1229.40,353.99,1310.65,499.38,7
2,player,174,0,0,1229.40,357.19,1310.65,502.59,7
2,player,175,0,0,1229.40,360.40,1310.65,505.79,7
2,player,176,0,0,1229.40,363.61,1310.65,509.00,7
2,player,177,0,0,1229.40,366.82,1310.65,512.21,7
2,player,178,0,0,1229.40,370.02,1310.65,515.41,7
2,player,179,0,0,1229.40,373.23,1310.65,518.62,7
2,player,180,0,0,1229.40,376.44,1310.65,521.83,7
2,player,181,0,0,1229.40,379.64,1310.65,525.03,7
2,player,182,0,0,1229.40,382.85,1310.65,528.24,7
2,player,183,0,0,1229.40,386.06,1310.65,531.45,7
2,player,184,0,0,1231.00,389.27,1312.25,534.66,7
2,player,185,0,0,1232.61,392.47,1313.85,537.86,7
2,player,186,0,0,1234.21,395.68,1315.46,541.07,7
2,player,187,0,0,1235.81,398.89,1317.06,544.28,7
2,player,188,0,0,1237.42,402.09,1318.66,547.48,7
2,player,189,0,0,1239.02,405.30,1320.27,550.69,7
2,player,190,0,0,1240.62,408.51,1321.87,553.90,7
2,player,191,0,0,1242.23,411.72,1323.47,557.11,7
2,player,192,0,0,1243.83,414.92,1325.08,560.31,7
2,player,193,0,0,1245.43,418.13,1326.68,563.52,7
2,player,194,0,0,1247.04,421.34,1328.29,566.73,7
2,player,195,0,0,1248.64,424.54,1329.89,569.93,7
2,player,196,0,0,1250.25,427.75,1331.49,573.14,7
2,player,197,0,0,1251.85,430.96,1333.10,576.35,7
2,player,198,0,0,1253.45,434.17,1334.70,579.56,7
2,player,199,0,0,1255.06,437.37,1336.30,582.76,7
2,player,200,0,0,1256.66,440.58,1337.91,585.97,7
2,player,201,0,0,1258.26,443.79,1339.51,589.18,7
2,player,202,0,0,1259.87,446.99,1341.11,592.38,7
2,player,203,0,0,1261.47,450.20,1342.72,595.59,7
2,player,204,0,0,1263.07,453.41,1344.32,598.80,7
2,player,205,0,0,1264.68,456.62,1345.92,602.01,7
2,player,206,0,0,1266.28,459.82,1347.53,605.21,7
2,player,207,0,0,1267.88,463.03,1349.13,608.42,7
2,player,208,0,0,1265.02,464.41,1346.27,609.80,7
2,player,209,0,0,1262.16,465.78,1343.41,611.17,7
2,player,210,0,0,1259.30,467.16,1340.54,612.55,7
2,player,211,0,0,1256.43,468.54,1337.68,613.93,7
2,player,212,0,0,1253.57,469.91,1334.82,615.31,7
2,player,213,0,0,1250.71,471.29,1331.95,616.68,7
2,player,214,0,0,1247.84,472.67,1329.09,618.06,7
2,player,215,0,0,1244.98,474.05,1326.23,619.44,7
2,player,216,0,0,1242.12,475.42,1323.37,620.81,7
2,player,217,0,0,1239.26,476.80,1320.50,622.19,7
2,player,218,0,0,1236.39,478.18,1317.64,623.57,7
2,player,219,0,0,1233.53,479.55,1314.78,624.94,7
2,player,220,0,0,1230.67,480.93,1311.91,626.32,7
2,player,221,0,0,1227.80,482.31,1309.05,627.70,7
2,player,222,0,0,1224.94,483.69,1306.19,629.08,7
2,player,223,0,0,1222.08,485.06,1303.33,630.45,7
2,player,224,0,0,1219.22,486.44,1300.46,631.83,7
2,player,225,0,0,1216.35,487.82,1297.60,633.21,7
2,player,226,0,0,1213.49,489.19,1294.74,634.58,7
2,player,227,0,0,1210.63,490.57,1291.87,635.96,7
2,player,228,0,0,1207.76,491.95,1289.01,637.34,7
2,player,229,0,0,1204.90,493.32,1286.15,638.72,7
2,player,230,0,0,1202.04,494.70,1283.29,640.09,7
2,player,231,0,0,1199.18,496.08,1280.42,641.47,7
2,player,232,0,0,1196.31,497.46,1277.56,642.85,7
2,player,233,0,0,1193.45,498.83,1274.70,644.22,7
2,player,234,0,0,1190.59,500.21,1271.83,645.60,7
2,player,235,0,0,1187.72,501.59,1268.97,646.98,7
2,player,236,0,0,1184.86,502.96,1266.11,648.35,7
2,player,237,0,0,1182.00,504.34,1263.25,649.73,7
2,player,238,0,0,1179.14,505.72,1260.38,651.11,7
2,player,239,0,0,1176.27,507.10,1257.52,652.49,7
2,player,240,0,0,1173.41,508.47,1254.66,653.86,7
2,player,241,0,0,1170.55,509.85,1251.79,655.24,7
2,player,242,0,0,1167.68,511.23,1248.93,656.62,7
2,player,243,0,0,1164.82,512.60,1246.07,657.99,7
2,player,244,0,0,1161.96,513.98,1243.21,659.37,7
2,player,245,0,0,1159.10,515.36,1240.34,660.75,7
2,player,246,0,0,1156.23,516.73,1237.48,662.13,7
2,player,247,0,0,1153.37,518.11,1234.62,663.50,7
2,player,248,0,0,1150.51,519.49,1231.75,664.88,7
2,player,249,0,0,1147.65,520.87,1228.89,666.26,7
2,player,250,0,0,1144.78,522.24,1226.03,667.63,7
2,player,251,0,0,1141.92,523.62,1223.17,669.01,7
2,player,252,0,0,1139.06,525.00,1220.30,670.39,7
2,player,253,0,0,1136.19,526.37,1217.44,671.77,7
2,player,254,0,0,1133.33,527.75,1214.58,673.14,7
2,player,255,0,0,1130.47,529.13,1211.71,674.52,7
2,player,256,0,0,1127.61,530.51,1208.85,675.90,7
2,player,257,0,0,1124.74,531.88,1205.99,677.27,7
2,player,258,0,0,1121.88,533.26,1203.13,678.65,7
2,player,259,0,0,1119.02,534.64,1200.26,680.03,7
2,player,260,0,0,1116.15,536.01,1197.40,681.40,7
2,player,261,0,0,1113.29,537.39,1194.54,682.78,7
2,player,262,0,0,1110.43,538.77,1191.68,684.16,7
2,player,263,0,0,1107.57,540.15,1188.81,685.54,7
2,player,264,0,0,1104.70,541.52,1185.95,686.91,7
2,player,265,0,0,1101.84,542.90,1183.09,688.29,7
2,player,266,0,0,1098.98,544.28,1180.22,689.67,7
2,player,267,0,0,1094.09,543.28,1175.34,688.67,7
2,player,268,0,0,1089.20,542.29,1170.45,687.68,7
2,player,269,0,0,1084.32,541.30,1165.56,686.69,7
2,player,270,0,0,1079.43,540.31,1160.68,685.70,7
2,player,271,0,0,1074.54,539.31,1155.79,684.70,7
2,player,272,0,0,1069.65,538.32,1150.90,683.71,7
2,player,273,0,0,1064.77,537.33,1146.01,682.72,7
2,player,274,0,0,1059.88,536.33,1141.13,681.73,7
2,player,275,0,0,1054.99,535.34,1136.24,680.73,7
2,player,276,0,0,1050.11,534.35,1131.35,679.74,7
2,player,277,0,0,1045.22,533.36,1126.47,678.75,7
2,player,278,0,0,1040.33,532.36,1121.58,677.75,7
2,player,279,0,0,1035.44,531.37,1116.69,676.76,7
2,player,280,0,0,1030.56,530.38,1111.80,675.77,7
2,player,281,0,0,1025.67,529.39,1106.92,674.78,7
2,player,282,0,0,1020.78,528.39,1102.03,673.78,7
2,player,283,0,0,1015.90,527.40,1097.14,672.79,7
2,player,284,0,0,1011.01,526.41,1092.26,671.80,7
2,player,285,0,0,1006.12,525.42,1087.37,670.81,7
2,player,286,0,0,1001.24,524.42,1082.48,669.81,7
2,player,287,0,0,996.35,523.43,1077.60,668.82,7
2,player,288,0,0,991.46,522.44,1072.71,667.83,7
2,player,289,0,0,986.57,521.44,1067.82,666.84,7
2,player,290,0,0,981.69,520.45,1062.93,665.84,7
2,player,291,0,0,976.80,519.46,1058.05,664.85,7
2,player,292,0,0,971.91,518.47,1053.16,663.86,7
2,player,293,0,0,967.03,517.47,1048.27,662.86,7
2,player,294,0,0,962.14,516.48,1043.39,661.87,7
2,player,295,0,0,957.86,516.48,1039.11,661.87,7
2,player,296,0,0,953.59,516.48,1034.83,661.87,7
2,player,297,0,0,949.31,516.48,1030.56,661.87,7
2,player,298,0,0,945.03,516.48,1026.28,661.87,7
2,player,299,0,0,940.76,516.48,1022.00,661.87,7
2,player,300,0,0,936.48,516.48,1017.73,661.87,7
2,player,301,0,0,932.21,516.48,1013.45,661.87,7
2,player,302,0,0,927.93,516.48,1009.18,661.87,7
2,player,303,0,0,923.65,516.48,1004.90,661.87,7
2,player,304,0,0,919.38,516.48,1000.62,661.87,7
2,player,305,0,0,915.10,516.48,996.35,661.87,7
2,player,306,0,0,910.82,516.48,992.07,661.87,7
2,player,307,0,0,906.55,516.48,987.80,661.87,7
2,player,308,0,0,902.27,516.48,983.52,661.87,7
2,player,309,0,0,898.00,516.48,979.24,661.87,7
2,player,310,0,0,893.72,516.48,974.97,661.87,7
2,player,311,0,0,889.44,516.48,970.69,661.87,7
2,player,312,0,0,885.17,516.48,966.41,661.87,7
2,player,313,0,0,880.89,516.48,962.14,661.87,7
2,player,314,0,0,876.61,516.48,957.86,661.87,7
2,player,315,0,0,872.34,516.48,953.59,661.87,7
2,player,316,0,0,868.06,516.48,949.31,661.87,7
2,player,317,0,0,863.79,516.48,945.03,661.87,7
2,player,318,0,0,859.51,516.48,940.76,661.87,7
2,player,319,0,0,855.23,516.48,936.48,661.87,7
2,player,320,0,0,850.96,516.48,932.20,661.87,7
2,player,321,0,0,846.68,516.48,927.93,661.87,7
2,player,322,0,0,842.41,516.48,923.65,661.87,7
2,player,323,0,0,852.43,517.42,933.67,662.81,7
2,player,324,0,0,862.45,518.35,943.70,663.74,7
2,player,325,0,0,872.47,519.29,953.72,664.68,7
2,player,326,0,0,882.49,520.22,963.74,665.61,7
2,player,327,0,0,892.52,521.16,973.76,666.55,7
2,player,328,0,0,902.54,522.09,983.79,667.48,7
2,player,329,0,0,912.56,523.03,993.81,668.42,7
2,player,330,0,0,922.58,523.96,1003.83,669.36,7
2,player,331,0,0,932.61,524.90,1013.85,670.29,7
2,player,332,0,0,942.63,525.84,1023.87,671.23,7
2,player,333,0,0,952.65,526.77,1033.90,672.16,7
2,player,334,0,0,962.67,527.71,1043.92,673.10,7
2,player,335,0,0,972.69,528.64,1053.94,674.03,7
2,player,336,0,0,982.72,529.58,1063.96,674.97,7
2,player,337,0,0,992.74,530.51,1073.99,675.90,7
2,player,338,0,0,1002.76,531.45,1084.01,676.84,7
2,player,339,0,0,1012.78,532.38,1094.03,677.77,7
2,player,340,0,0,1022.81,533.32,1104.05,678.71,7
2,player,341,0,0,1032.83,534.25,1114.08,679.65,7
2,player,342,0,0,1042.85,535.19,1124.10,680.58,7
2,player,343,0,0,1052.87,536.13,1134.12,681.52,7
2,player,344,0,0,1062.89,537.06,1144.14,682.45,7
2,player,345,0,0,1072.92,538.00,1154.16,683.39,7
2,player,346,0,0,1082.94,538.93,1164.19,684.32,7
2,player,347,0,0,1092.96,539.87,1174.21,685.26,7
2,player,348,0,0,1102.98,540.80,1184.23,686.19,7
2,player,349,0,0,1113.01,541.74,1194.25,687.13,7
2,player,350,0,0,1123.03,542.67,1204.28,688.06,7
2,player,351,0,0,1133.05,543.61,1214.30,689.00,7
2,player,352,0,0,1143.07,544.54,1224.32,689.93,7
2,player,353,0,0,1153.09,545.48,1234.34,690.87,7
2,player,354,0,0,1163.12,546.42,1244.36,691.81,7
2,player,355,0,0,1184.50,549.27,1265.75,694.66,7
2,player,356,0,0,1205.88,552.12,1287.13,697.51,7
2,player,357,0,0,1227.26,554.97,1308.51,700.36,7
2,player,358,0,0,1239.08,554.52,1320.32,699.91,7
2,player,359,0,0,1250.89,554.07,1332.14,699.46,7
2,player,360,0,0,1262.71,553.62,1343.95,699.01,7
2,player,361,0,0,1274.52,553.17,1355.77,698.56,7
2,player,362,0,0,1286.34,552.72,1367.59,698.11,7
2,player,363,0,0,1298.15,552.27,1379.40,697.66,7
2,player,364,0,0,1309.97,551.82,1391.22,697.21,7
2,player,365,0,0,1321.79,551.37,1403.03,696.76,7
2,player,366,0,0,1333.60,550.92,1414.85,696.31,7
2,player,367,0,0,1345.42,550.47,1426.66,695.86,7
2,player,368,0,0,1357.23,550.02,1438.48,695.41,7
2,player,369,0,0,1369.05,549.57,1450.30,694.96,7
2,player,370,0,0,1380.86,549.12,1462.11,694.51,7
2,player,371,0,0,1392.68,548.67,1473.93,694.06,7
2,player,372,0,0,1404.50,548.22,1485.74,693.61,7
2,player,373,0,0,1416.31,547.77,1497.56,693.16,7
2,player,374,0,0,1428.13,547.32,1509.37,692.71,7
2,player,375,0,0,1439.94,546.87,1521.19,692.26,7
2,player,376,0,0,1451.76,546.42,1533.01,691.81,7
2,player,377,0,0,1458.17,546.95,1539.42,692.34,7
2,player,378,0,0,1464.59,547.48,1545.83,692.88,7
2,player,379,0,0,1471.00,548.02,1552.25,693.41,7
2,player,380,0,0,1477.42,548.55,1558.66,693.94,7
2,player,381,0,0,1478.06,548.81,1559.31,694.20,7
2,player,382,0,0,1478.71,549.07,1559.96,694.46,7
2,player,383,0,0,1479.36,549.33,1560.61,694.72,7
2,player,384,0,0,1480.01,549.59,1561.25,694.98,7
2,player,385,0,0,1480.66,549.85,1561.90,695.24,7
2,player,386,0,0,1481.30,550.11,1562.55,695.50,7
2,player,387,0,0,1481.95,550.37,1563.20,695.76,7
2,player,388,0,0,1482.60,550.63,1563.85,696.02,7
2,player,389,0,0,1483.25,550.89,1564.49,696.28,7
2,player,390,0,0,1483.90,551.15,1565.14,696.54,7
2,player,391,0,0,1484.54,551.40,1565.79,696.80,7
2,player,392,0,0,1485.19,551.66,1566.44,697.05,7
2,player,393,0,0,1485.84,551.92,1567.09,697.31,7
2,player,394,0,0,1486.49,552.18,1567.73,697.57,7
2,player,395,0,0,1487.13,552.44,1568.38,697.83,7
2,player,396,0,0,1487.78,552.70,1569.03,698.09,7
2,player,397,0,0,1488.43,552.96,1569.68,698.35,7
2,player,398,0,0,1489.08,553.22,1570.33,698.61,7
2,player,399,0,0,1489.73,553.48,1570.97,698.87,7
2,player,400,0,0,1490.37,553.74,1571.62,699.13,7
2,player,401,0,0,1491.02,554.00,1572.27,699.39,7
2,player,402,0,0,1491.67,554.26,1572.92,699.65,7
2,player,403,0,0,1492.32,554.51,1573.56,699.91,7
2,player,404,0,0,1492.97,554.77,1574.21,700.16,7
2,player,405,0,0,1493.61,555.03,1574.86,700.42,7
2,player,406,0,0,1494.26,555.29,1575.51,700.68,7
2,player,407,0,0,1494.91,555.55,1576.16,700.94,7
2,player,408,0,0,1495.56,555.81,1576.80,701.20,7
2,player,409,0,0,1496.21,556.07,1577.45,701.46,7
2,player,410,0,0,1496.85,556.33,1578.10,701.72,7
2,player,411,0,0,1497.50,556.59,1578.75,701.98,7
2,player,412,0,0,1498.15,556.85,1579.40,702.24,7
2,player,413,0,0,1498.80,557.11,1580.04,702.50,7
2,player,414,0,0,1493.63,557.11,1574.88,702.50,7
2,player,415,0,0,1488.46,557.11,1569.71,702.50,7
2,player,416,0,0,1483.30,557.11,1564.54,702.50,7
2,player,417,0,0,1478.13,557.11,1559.38,702.50,7
2,player,418,0,0,1472.96,557.11,1554.21,702.50,7
2,player,419,0,0,1467.79,557.11,1549.04,702.50,7
2,player,420,0,0,1462.63,557.11,1543.88,702.50,7
2,player,421,0,0,1457.46,557.11,1538.71,702.50,7
2,player,422,0,0,1452.29,557.11,1533.54,702.50,7
2,player,423,0,0,1447.13,557.11,1528.37,702.50,7
2,player,424,0,0,1441.96,557.11,1523.21,702.50,7
2,player,425,0,0,1436.79,557.11,1518.04,702.50,7
2,player,426,0,0,1431.03,556.73,1512.28,702.13,7
2,player,427,0,0,1425.27,556.36,1506.51,701.75,7
2,player,428,0,0,1419.50,555.99,1500.75,701.38,7
2,player,429,0,0,1413.74,555.62,1494.99,701.01,7
2,player,430,0,0,1407.98,555.25,1489.22,700.64,7
2,player,431,0,0,1402.21,554.88,1483.46,700.27,7
2,player,432,0,0,1396.45,554.50,1477.70,699.89,7
2,player,433,0,0,1390.68,554.13,1471.93,699.52,7
2,player,434,0,0,1384.92,553.76,1466.17,699.15,7
2,player,435,0,0,1379.16,553.39,1460.40,698.78,7
2,player,436,0,0,1373.39,553.02,1454.64,698.41,7
2,player,437,0,0,1367.63,552.64,1448.88,698.03,7
2,player,438,0,0,1361.87,552.27,1443.11,697.66,7
2,player,439,0,0,1356.10,551.90,1437.35,697.29,7
2,player,440,0,0,1350.34,551.53,1431.59,696.92,7
2,player,441,0,0,1344.58,551.16,1425.82,696.55,7
2,player,442,0,0,1338.81,550.78,1420.06,696.18,7
2,player,443,0,0,1333.05,550.41,1414.30,695.80,7
2,player,444,0,0,1327.29,550.04,1408.53,695.43,7
2,player,445,0,0,1321.52,549.67,1402.77,695.06,7
2,player,446,0,0,1315.76,549.30,1397.01,694.69,7
2,player,447,0,0,1309.99,548.93,1391.24,694.32,7
2,player,448,0,0,1304.23,548.55,1385.48,693.94,7
2,player,449,0,0,1297.88,548.29,1379.13,693.69,7
2,player,450,0,0,1291.53,548.04,1372.78,693.43,7
2,player,451,0,0,1285.18,547.78,1366.43,693.17,7
2,player,452,0,0,1278.83,547.52,1360.08,692.91,7
2,player,453,0,0,1272.48,547.26,1353.73,692.65,7
2,player,454,0,0,1266.13,547.00,1347.38,692.39,7
2,player,455,0,0,1259.79,546.74,1341.03,692.13,7
2,player,456,0,0,1253.44,546.48,1334.68,691.87,7
2,player,457,0,0,1247.09,546.22,1328.33,691.61,7
2,player,458,0,0,1240.74,545.96,1321.98,691.35,7
2,player,459,0,0,1234.39,545.70,1315.63,691.09,7
2,player,460,0,0,1228.04,545.44,1309.28,690.83,7
2,player,461,0,0,1221.69,545.18,1302.94,690.58,7
2,player,462,0,0,1215.34,544.93,1296.59,690.32,7
2,player,463,0,0,1208.99,544.67,1290.24,690.06,7
2,player,464,0,0,1202.64,544.41,1283.89,689.80,7
2,player,465,0,0,1196.29,544.15,1277.54,689.54,7
2,player,466,0,0,1189.94,543.89,1271.19,689.28,7
2,player,467,0,0,1183.59,543.63,1264.84,689.02,7
2,player,468,0,0,1177.24,543.37,1258.49,688.76,7
2,player,469,0,0,1170.89,543.11,1252.14,688.50,7
2,player,470,0,0,1164.54,542.85,1245.79,688.24,7
2,player,471,0,0,1158.19,542.59,1239.44,687.98,7
2,player,472,0,0,1151.84,542.33,1233.09,687.72,7
2,player,473,0,0,1145.49,542.08,1226.74,687.47,7
2,player,474,0,0,1139.15,541.82,1220.39,687.21,7
2,player,475,0,0,1132.80,541.56,1214.04,686.95,7
2,player,476,0,0,1126.45,541.30,1207.69,686.69,7
2,player,477,0,0,1120.10,541.04,1201.34,686.43,7
2,player,478,0,0,1113.75,540.78,1194.99,686.17,7
2,player,479,0,0,1107.40,540.52,1188.65,685.91,7
2,player,480,0,0,1101.05,540.26,1182.30,685.65,7
2,player,481,0,0,1094.70,540.00,1175.95,685.39,7
2,player,482,0,0,1090.85,540.43,1172.10,685.82,7
2,player,483,0,0,1087.00,540.86,1168.25,686.25,7
2,player,484,0,0,1083.15,541.29,1164.40,686.68,7
2,player,485,0,0,1079.30,541.71,1160.55,687.10,7
2,player,486,0,0,1075.46,542.14,1156.70,687.53,7
2,player,487,0,0,1076.31,542.08,1157.56,687.47,7
2,player,488,0,0,1077.17,542.03,1158.41,687.42,7
2,player,489,0,0,1078.02,541.97,1159.27,687.36,7
2,player,490,0,0,1078.88,541.91,1160.12,687.30,7
2,player,491,0,0,1079.73,541.86,1160.98,687.25,7
2,player,492,0,0,1080.59,541.80,1161.83,687.19,7
2,player,493,0,0,1081.44,541.74,1162.69,687.13,7
2,player,494,0,0,1082.30,541.68,1163.55,687.08,7
2,player,495,0,0,1083.15,541.63,1164.40,687.02,7
2,player,496,0,0,1084.01,541.57,1165.26,686.96,7
2,player,497,0,0,1084.86,541.51,1166.11,686.90,7
2,player,498,0,0,1085.72,541.46,1166.97,686.85,7
2,player,499,0,0,1086.57,541.40,1167.82,686.79,7
2,player,500,0,0,1087.43,541.34,1168.68,686.73,7
2,player,501,0,0,1088.28,541.29,1169.53,686.68,7
2,player,502,0,0,1089.14,541.23,1170.39,686.62,7
2,player,503,0,0,1090.00,541.17,1171.24,686.56,7
2,player,504,0,0,1090.85,541.11,1172.10,686.50,7
2,player,505,0,0,1091.71,541.06,1172.95,686.45,7
2,player,506,0,0,1092.56,541.00,1173.81,686.39,7
2,player,507,0,0,1093.42,540.94,1174.66,686.33,7
2,player,508,0,0,1094.27,540.89,1175.52,686.28,7
2,player,509,0,0,1095.13,540.83,1176.37,686.22,7
2,player,510,0,0,1095.98,540.77,1177.23,686.16,7
2,player,511,0,0,1096.84,540.72,1178.08,686.11,7
2,player,512,0,0,1097.69,540.66,1178.94,686.05,7
2,player,513,0,0,1098.55,540.60,1179.79,685.99,7
2,player,514,0,0,1099.40,540.54,1180.65,685.93,7
2,player,515,0,0,1100.26,540.49,1181.50,685.88,7
2,player,516,0,0,1101.11,540.43,1182.36,685.82,7
2,player,517,0,0,1101.97,540.37,1183.22,685.76,7
2,player,518,0,0,1102.82,540.32,1184.07,685.71,7
2,player,519,0,0,1103.68,540.26,1184.93,685.65,7
2,player,520,0,0,1104.53,540.20,1185.78,685.59,7
2,player,521,0,0,1105.39,540.14,1186.64,685.54,7
2,player,522,0,0,1106.24,540.09,1187.49,685.48,7
2,player,523,0,0,1107.10,540.03,1188.35,685.42,7
2,player,524,0,0,1107.95,539.97,1189.20,685.36,7
2,player,525,0,0,1108.81,539.92,1190.06,685.31,7
2,player,526,0,0,1109.67,539.86,1190.91,685.25,7
2,player,527,0,0,1110.52,539.80,1191.77,685.19,7
2,player,528,0,0,1111.38,539.75,1192.62,685.14,7
2,player,529,0,0,1112.23,539.69,1193.48,685.08,7
2,player,530,0,0,1113.09,539.63,1194.33,685.02,7
2,player,531,0,0,1113.94,539.57,1195.19,684.97,7
2,player,532,0,0,1114.80,539.52,1196.04,684.91,7
2,player,533,0,0,1115.65,539.46,1196.90,684.85,7
2,player,534,0,0,1116.51,539.40,1197.75,684.79,7
2,player,535,0,0,1117.36,539.35,1198.61,684.74,7
2,player,536,0,0,1118.22,539.29,1199.46,684.68,7
2,player,537,0,0,1119.07,539.23,1200.32,684.62,7
2,player,538,0,0,1119.93,539.18,1201.18,684.57,7
2,player,539,0,0,1120.78,539.12,1202.03,684.51,7
2,player,540,0,0,1121.64,539.06,1202.89,684.45,7
2,player,541,0,0,1122.49,539.00,1203.74,684.40,7
2,player,542,0,0,1123.35,538.95,1204.60,684.34,7
2,player,543,0,0,1124.20,538.89,1205.45,684.28,7
2,player,544,0,0,1125.06,538.83,1206.31,684.22,7
2,player,545,0,0,1125.91,538.78,1207.16,684.17,7
2,player,546,0,0,1126.77,538.72,1208.02,684.11,7
2,player,547,0,0,1127.63,538.66,1208.87,684.05,7
2,player,548,0,0,1128.48,538.61,1209.73,684.00,7
2,player,549,0,0,1129.34,538.55,1210.58,683.94,7
2,player,550,0,0,1130.19,538.49,1211.44,683.88,7
2,player,551,0,0,1131.05,538.43,1212.29,683.83,7
2,player,552,0,0,1131.90,538.38,1213.15,683.77,7
2,player,553,0,0,1132.76,538.32,1214.00,683.71,7
2,player,554,0,0,1133.61,538.26,1214.86,683.65,7
2,player,555,0,0,1134.47,538.21,1215.71,683.60,7
2,player,556,0,0,1135.32,538.15,1216.57,683.54,7
2,player,557,0,0,1136.18,538.09,1217.42,683.48,7
2,player,558,0,0,1137.03,538.04,1218.28,683.43,7
2,player,559,0,0,1137.89,537.98,1219.14,683.37,7
2,player,560,0,0,1138.74,537.92,1219.99,683.31,7
2,player,561,0,0,1139.60,537.86,1220.85,683.25,7
2,player,562,0,0,1144.26,540.39,1225.51,685.78,7
2,player,563,0,0,1148.93,542.92,1230.18,688.31,7
2,player,564,0,0,1153.59,545.44,1234.84,690.84,7
2,player,565,0,0,1158.26,547.97,1239.51,693.36,7
2,player,566,0,0,1162.92,550.50,1244.17,695.89,7
2,player,567,0,0,1167.59,553.03,1248.83,698.42,7
2,player,568,0,0,1172.25,555.55,1253.50,700.94,7
2,player,569,0,0,1176.92,558.08,1258.16,703.47,7
2,player,570,0,0,1181.58,560.61,1262.83,706.00,7
2,player,571,0,0,1186.25,563.13,1267.49,708.52,7
2,player,572,0,0,1190.91,565.66,1272.16,711.05,7
2,player,573,0,0,1196.61,567.80,1277.86,713.19,7
2,player,574,0,0,1202.32,569.94,1283.56,715.33,7
2,player,575,0,0,1208.02,572.07,1289.26,717.46,7
2,player,576,0,0,1210.58,572.93,1291.83,718.32,7
2,player,577,0,0,1213.15,573.78,1294.40,719.17,7
2,player,578,0,0,1215.72,574.64,1296.96,720.03,7
2,player,579,0,0,1218.28,575.49,1299.53,720.88,7
2,player,580,0,0,1220.85,576.35,1302.09,721.74,7
2,player,581,0,0,1226.25,578.04,1307.50,723.43,7
2,player,582,0,0,1231.65,579.73,1312.90,725.12,7
2,player,583,0,0,1237.05,581.41,1318.30,726.80,7
2,player,584,0,0,1242.45,583.10,1323.70,728.49,7
2,player,585,0,0,1247.85,584.79,1329.10,730.18,7
2,player,586,0,0,1253.26,586.48,1334.50,731.87,7
2,player,587,0,0,1258.66,588.17,1339.90,733.56,7
2,player,588,0,0,1264.06,589.85,1345.31,735.24,7
2,player,589,0,0,1269.46,591.54,1350.71,736.93,7
2,player,590,0,0,1274.86,593.23,1356.11,738.62,7
2,player,591,0,0,1280.26,594.92,1361.51,740.31,7
2,player,592,0,0,1285.66,596.61,1366.91,742.00,7
2,player,593,0,0,1291.07,598.29,1372.31,743.68,7
2,player,594,0,0,1296.47,599.98,1377.71,745.37,7
2,player,595,0,0,1301.87,601.67,1383.12,747.06,7
2,player,596,0,0,1307.27,603.36,1388.52,748.75,7
2,player,597,0,0,1312.67,605.04,1393.92,750.44,7
2,player,598,0,0,1318.07,606.73,1399.32,752.12,7
2,player,599,0,0,1323.47,608.42,1404.72,753.81,7
2,player,600,0,0,1326.53,609.64,1407.78,755.03,7
2,player,601,0,0,1329.58,610.86,1410.83,756.26,7
2,player,602,0,0,1332.64,612.09,1413.88,757.48,7
2,player,603,0,0,1335.69,613.31,1416.94,758.70,7
2,player,604,0,0,1338.75,614.53,1419.99,759.92,7
2,player,605,0,0,1341.80,615.75,1423.05,761.14,7
2,player,606,0,0,1344.86,616.97,1426.10,762.36,7
2,player,607,0,0,1342.91,616.97,1424.16,762.36,7
2,player,608,0,0,1340.97,616.97,1422.22,762.36,7
2,player,609,0,0,1339.02,616.97,1420.27,762.36,7
2,player,610,0,0,1337.08,616.97,1418.33,762.36,7
2,player,611,0,0,1335.14,616.97,1416.38,762.36,7
2,player,612,0,0,1333.19,616.97,1414.44,762.36,7
2,player,613,0,0,1331.25,616.97,1412.50,762.36,7
2,player,614,0,0,1329.31,616.97,1410.55,762.36,7
2,player,615,0,0,1327.36,616.97,1408.61,762.36,7
2,player,616,0,0,1325.42,616.97,1406.67,762.36,7
2,player,617,0,0,1323.47,616.97,1404.72,762.36,7
2,player,618,0,0,1320.27,615.90,1401.51,761.30,7
2,player,619,0,0,1317.06,614.84,1398.31,760.23,7
2,player,620,0,0,1313.85,613.77,1395.10,759.16,7
2,player,621,0,0,1310.65,612.70,1391.89,758.09,7
2,player,622,0,0,1302.70,612.70,1383.95,758.09,7
2,player,623,0,0,1294.76,612.70,1376.01,758.09,7
2,player,624,0,0,1286.82,612.70,1368.07,758.09,7
2,player,625,0,0,1278.88,612.70,1360.13,758.09,7
2,player,626,0,0,1270.94,612.70,1352.19,758.09,7
2,player,627,0,0,1263.00,612.70,1344.24,758.09,7
2,player,628,0,0,1255.06,612.70,1336.30,758.09,7
2,player,629,0,0,1247.38,612.95,1328.63,758.34,7
2,player,630,0,0,1239.71,613.20,1320.96,758.59,7
2,player,631,0,0,1232.04,613.45,1313.29,758.84,7
2,player,632,0,0,1224.37,613.70,1305.62,759.10,7
2,player,633,0,0,1216.70,613.96,1297.94,759.35,7
2,player,634,0,0,1209.02,614.21,1290.27,759.60,7
2,player,635,0,0,1201.35,614.46,1282.60,759.85,7
2,player,636,0,0,1193.68,614.71,1274.93,760.10,7
2,player,637,0,0,1186.01,614.96,1267.26,760.35,7
2,player,638,0,0,1178.34,615.21,1259.58,760.60,7
2,player,639,0,0,1170.66,615.47,1251.91,760.86,7
2,player,640,0,0,1162.99,615.72,1244.24,761.11,7
2,player,641,0,0,1155.32,615.97,1236.57,761.36,7
2,player,642,0,0,1147.65,616.22,1228.90,761.61,7
2,player,643,0,0,1139.98,616.47,1221.22,761.86,7
2,player,644,0,0,1132.30,616.72,1213.55,762.11,7
2,player,645,0,0,1124.63,616.97,1205.88,762.37,7
2,player,646,0,0,1118.22,613.41,1199.47,758.80,7
2,player,647,0,0,1111.80,609.85,1193.05,755.24,7
2,player,648,0,0,1105.39,606.28,1186.64,751.67,7
2,player,649,0,0,1099.97,606.07,1181.22,751.46,7
2,player,650,0,0,1094.56,605.86,1175.80,751.25,7
2,player,651,0,0,1089.14,605.64,1170.39,751.03,7
2,player,652,0,0,1083.72,605.43,1164.97,750.82,7
2,player,653,0,0,1078.31,605.22,1159.55,750.61,7
2,player,654,0,0,1072.89,605.00,1154.14,750.39,7
2,player,655,0,0,1067.47,604.79,1148.72,750.18,7
2,player,656,0,0,1062.06,604.57,1143.30,749.96,7
2,player,657,0,0,1056.64,604.36,1137.89,749.75,7
2,player,658,0,0,1051.22,604.15,1132.47,749.54,7
2,player,659,0,0,1045.81,603.93,1127.06,749.32,7
2,player,660,0,0,1040.39,603.72,1121.64,749.11,7
2,player,661,0,0,1034.98,603.50,1116.22,748.90,7
2,player,662,0,0,1029.56,603.29,1110.81,748.68,7
2,player,663,0,0,1024.14,603.08,1105.39,748.47,7
2,player,664,0,0,1018.73,602.86,1099.97,748.25,7
2,player,665,0,0,1013.31,602.65,1094.56,748.04,7
2,player,666,0,0,1007.89,602.44,1089.14,747.83,7
2,player,667,0,0,1002.48,602.22,1083.72,747.61,7
2,player,668,0,0,997.06,602.01,1078.31,747.40,7
2,player,669,0,0,991.64,601.79,1072.89,747.18,7
2,player,670,0,0,986.23,601.58,1067.47,746.97,7
2,player,671,0,0,980.81,601.37,1062.06,746.76,7
2,player,672,0,0,975.39,601.15,1056.64,746.54,7
2,player,673,0,0,969.98,600.94,1051.22,746.33,7
2,player,674,0,0,964.56,600.73,1045.81,746.12,7
2,player,675,0,0,959.14,600.51,1040.39,745.90,7
2,player,676,0,0,953.73,600.30,1034.98,745.69,7
2,player,677,0,0,948.31,600.08,1029.56,745.47,7
2,player,678,0,0,942.90,599.87,1024.14,745.26,7
2,player,679,0,0,938.62,599.44,1019.87,744.83,7
2,player,680,0,0,934.34,599.02,1015.59,744.41,7
2,player,681,0,0,930.07,598.59,1011.31,743.98,7
2,player,682,0,0,925.79,598.16,1007.04,743.55,7
2,player,683,0,0,921.51,597.73,1002.76,743.12,7
2,player,684,0,0,921.92,596.80,1003.16,742.19,7
2,player,685,0,0,922.32,595.86,1003.56,741.25,7
2,player,686,0,0,922.72,594.93,1003.96,740.32,7
2,player,687,0,0,923.12,593.99,1004.37,739.38,7
2,player,688,0,0,923.52,593.06,1004.77,738.45,7
2,player,689,0,0,923.92,592.12,1005.17,737.51,7
2,player,690,0,0,924.32,591.18,1005.57,736.58,7
2,player,691,0,0,924.72,590.25,1005.97,735.64,7
2,player,692,0,0,925.12,589.31,1006.37,734.70,7
2,player,693,0,0,925.52,588.38,1006.77,733.77,7
2,player,694,0,0,925.92,587.44,1007.17,732.83,7
2,player,695,0,0,926.33,586.51,1007.57,731.90,7
2,player,696,0,0,926.73,585.57,1007.97,730.96,7
2,player,697,0,0,927.13,584.64,1008.37,730.03,7
2,player,698,0,0,927.53,583.70,1008.77,729.09,7
2,player,699,0,0,927.93,582.77,1009.18,728.16,7
2,player,700,0,0,925.26,582.23,1006.50,727.62,7
2,player,701,0,0,922.58,581.70,1003.83,727.09,7
2,player,702,0,0,919.91,581.16,1001.16,726.55,7
2,player,703,0,0,917.24,580.63,998.49,726.02,7
2,player,704,0,0,914.57,580.09,995.81,725.48,7
2,player,705,0,0,911.89,579.56,993.14,724.95,7
2,player,706,0,0,909.22,579.02,990.47,724.41,7
2,player,707,0,0,906.55,578.49,987.79,723.88,7
2,player,708,0,0,903.88,577.96,985.12,723.35,7
2,player,709,0,0,901.20,577.42,982.45,722.81,7
2,player,710,0,0,898.53,576.89,979.78,722.28,7
2,player,711,0,0,895.86,576.35,977.10,721.74,7
2,player,712,0,0,898.30,574.48,979.55,719.87,7
2,player,713,0,0,900.74,572.61,981.99,718.00,7
2,player,714,0,0,903.19,570.74,984.44,716.13,7
2,player,715,0,0,905.63,568.87,986.88,714.26,7
2,player,716,0,0,908.08,567.00,989.32,712.39,7
2,player,717,0,0,910.52,565.13,991.77,710.52,7
2,player,718,0,0,912.96,563.26,994.21,708.65,7
2,player,719,0,0,915.41,561.39,996.65,706.78,7
2,player,720,0,0,917.85,559.51,999.10,704.90,7
2,player,721,0,0,920.29,557.64,1001.54,703.03,7
2,player,722,0,0,922.74,555.77,1003.98,701.16,7
2,player,723,0,0,925.18,553.90,1006.43,699.29,7
2,player,724,0,0,927.62,552.03,1008.87,697.42,7
2,player,725,0,0,930.07,550.16,1011.31,695.55,7
2,player,726,0,0,932.51,548.29,1013.76,693.68,7
2,player,727,0,0,934.95,546.42,1016.20,691.81,7
2,player,728,0,0,937.40,544.55,1018.64,689.94,7
2,player,729,0,0,939.84,542.68,1021.09,688.07,7
2,player,730,0,0,942.28,540.81,1023.53,686.20,7
2,player,731,0,0,944.73,538.94,1025.97,684.33,7
2,player,732,0,0,947.17,537.06,1028.42,682.46,7
2,player,733,0,0,949.61,535.19,1030.86,680.58,7
2,player,734,0,0,952.06,533.32,1033.31,678.71,7
2,player,735,0,0,954.50,531.45,1035.75,676.84,7
2,player,736,0,0,956.95,529.58,1038.19,674.97,7
2,player,737,0,0,959.39,527.71,1040.64,673.10,7
2,player,738,0,0,961.83,525.84,1043.08,671.23,7
2,player,739,0,0,964.28,523.97,1045.52,669.36,7
2,player,740,0,0,966.72,522.10,1047.97,667.49,7
2,player,741,0,0,969.16,520.23,1050.41,665.62,7
2,player,742,0,0,971.61,518.36,1052.85,663.75,7
2,player,743,0,0,974.05,516.49,1055.30,661.88,7
2,player,744,0,0,976.49,514.61,1057.74,660.01,7
2,player,745,0,0,978.94,512.74,1060.18,658.13,7
2,player,746,0,0,981.38,510.87,1062.63,656.26,7
2,player,747,0,0,983.82,509.00,1065.07,654.39,7
2,player,748,0,0,986.27,507.13,1067.51,652.52,7
2,player,749,0,0,988.71,505.26,1069.96,650.65,7
2,player,750,0,0,991.15,503.39,1072.40,648.78,7
2,player,751,0,0,993.60,501.52,1074.85,646.91,7
2,player,752,0,0,996.04,499.65,1077.29,645.04,7
2,player,753,0,0,998.49,497.78,1079.73,643.17,7
2,player,754,0,0,1000.93,495.91,1082.18,641.30,7
2,player,755,0,0,1003.37,494.04,1084.62,639.43,7
2,player,756,0,0,1005.82,492.16,1087.06,637.56,7
2,player,757,0,0,1008.26,490.29,1089.51,635.68,7
2,player,758,0,0,1010.70,488.42,1091.95,633.81,7
2,player,759,0,0,1013.15,486.55,1094.39,631.94,7
2,player,760,0,0,1015.59,484.68,1096.84,630.07,7
2,player,761,0,0,1018.03,482.81,1099.28,628.20,7
2,player,762,0,0,1020.48,480.94,1101.72,626.33,7
2,player,763,0,0,1022.92,479.07,1104.17,624.46,7
2,player,764,0,0,1025.36,477.20,1106.61,622.59,7
2,player,765,0,0,1027.81,475.33,1109.05,620.72,7
2,player,766,0,0,1030.25,473.46,1111.50,618.85,7
2,player,767,0,0,1032.69,471.59,1113.94,616.98,7
2,player,768,0,0,1042.13,469.45,1123.37,614.84,7
2,player,769,0,0,1051.56,467.31,1132.81,612.70,7
2,player,770,0,0,1060.99,465.17,1142.24,610.56,7
2,player,771,0,0,1070.43,463.03,1151.67,608.42,7
2,player,772,0,0,1079.86,460.90,1161.10,606.29,7
2,player,773,0,0,1089.29,458.76,1170.54,604.15,7
2,player,774,0,0,1098.72,456.62,1179.97,602.01,7
2,player,775,0,0,1108.16,454.48,1189.40,599.87,7
2,player,776,0,0,1117.59,452.34,1198.84,597.73,7
2,player,777,0,0,1127.02,450.21,1208.27,595.60,7
2,player,778,0,0,1136.45,448.07,1217.70,593.46,7
2,player,779,0,0,1145.89,445.93,1227.13,591.32,7
2,player,780,0,0,1155.32,443.79,1236.57,589.18,7
2,player,781,0,0,1164.75,441.65,1246.00,587.04,7
2,player,782,0,0,1174.18,439.52,1255.43,584.91,7
2,player,783,0,0,1183.62,437.38,1264.86,582.77,7
2,player,784,0,0,1193.05,435.24,1274.30,580.63,7
2,player,785,0,0,1198.61,435.67,1279.86,581.06,7
2,player,786,0,0,1204.17,436.09,1285.41,581.49,7
2,player,787,0,0,1209.73,436.52,1290.97,581.91,7
2,player,788,0,0,1215.29,436.95,1296.53,582.34,7
2,player,789,0,0,1220.84,437.38,1302.09,582.77,7
2,player,790,0,0,1226.40,437.80,1307.65,583.20,7
2,player,791,0,0,1231.96,438.23,1313.21,583.62,7
2,player,792,0,0,1237.52,438.66,1318.77,584.05,7
2,player,793,0,0,1243.08,439.09,1324.33,584.48,7
2,player,794,0,0,1248.64,439.52,1329.89,584.91,7
2,player,795,0,0,1254.20,439.94,1335.45,585.33,7
2,player,796,0,0,1259.76,440.37,1341.01,585.76,7
2,player,797,0,0,1265.32,440.80,1346.56,586.19,7
2,player,798,0,0,1270.88,441.23,1352.12,586.62,7
2,player,799,0,0,1276.44,441.65,1357.68,587.04,7
2,player,800,0,0,1281.99,442.08,1363.24,587.47,7
2,player,801,0,0,1287.55,442.51,1368.80,587.90,7
2,player,802,0,0,1293.11,442.94,1374.36,588.33,7
2,player,803,0,0,1298.67,443.36,1379.92,588.75,7
2,player,804,0,0,1304.23,443.79,1385.48,589.18,7
2,player,805,0,0,1309.79,444.22,1391.04,589.61,7
2,player,806,0,0,1315.35,444.65,1396.60,590.04,7
2,player,807,0,0,1320.91,445.07,1402.15,590.46,7
2,player,808,0,0,1326.47,445.50,1407.71,590.89,7
2,player,809,0,0,1332.03,445.93,1413.27,591.32,7
2,player,810,0,0,1337.58,446.36,1418.83,591.75,7
2,player,811,0,0,1343.14,446.78,1424.39,592.18,7
2,player,812,0,0,1348.70,447.21,1429.95,592.60,7
2,player,813,0,0,1354.26,447.64,1435.51,593.03,7
2,player,814,0,0,1359.82,448.07,1441.07,593.46,7
2,player,815,0,0,1358.57,450.12,1439.82,595.51,7
2,player,816,0,0,1357.33,452.17,1438.57,597.56,7
2,player,817,0,0,1356.08,454.21,1437.33,599.60,7
2,player,818,0,0,1354.83,456.26,1436.08,601.65,7
2,player,819,0,0,1353.58,458.31,1434.83,603.70,7
2,player,820,0,0,1352.34,460.36,1433.58,605.75,7
2,player,821,0,0,1351.09,462.41,1432.34,607.80,7
2,player,822,0,0,1349.84,464.46,1431.09,609.85,7
2,player,823,0,0,1348.60,466.51,1429.84,611.90,7
2,player,824,0,0,1347.35,468.56,1428.60,613.95,7
2,player,825,0,0,1346.10,470.61,1427.35,616.00,7
2,player,826,0,0,1344.85,472.66,1426.10,618.05,7
2,player,827,0,0,1343.61,474.70,1424.85,620.09,7
2,player,828,0,0,1342.36,476.75,1423.61,622.14,7
2,player,829,0,0,1341.11,478.80,1422.36,624.19,7
2,player,830,0,0,1339.87,480.85,1421.11,626.24,7
2,player,831,0,0,1338.62,482.90,1419.87,628.29,7
2,player,832,0,0,1337.37,484.95,1418.62,630.34,7
2,player,833,0,0,1336.12,487.00,1417.37,632.39,7
2,player,834,0,0,1334.88,489.05,1416.12,634.44,7
2,player,835,0,0,1333.63,491.10,1414.88,636.49,7
2,player,836,0,0,1332.38,493.15,1413.63,638.54,7
2,player,837,0,0,1331.13,495.19,1412.38,640.58,7
2,player,838,0,0,1329.89,497.24,1411.13,642.63,7
2,player,839,0,0,1324.62,498.72,1405.87,644.11,7
2,player,840,0,0,1319.36,500.20,1400.61,645.59,7
2,player,841,0,0,1314.10,501.68,1395.35,647.07,7
2,player,842,0,0,1308.84,503.16,1390.08,648.55,7
2,player,843,0,0,1303.57,504.64,1384.82,650.04,7
2,player,844,0,0,1298.31,506.12,1379.56,651.52,7
2,player,845,0,0,1293.05,507.60,1374.29,653.00,7
2,player,846,0,0,1287.78,509.09,1369.03,654.48,7
2,player,847,0,0,1282.52,510.57,1363.77,655.96,7
2,player,848,0,0,1277.26,512.05,1358.50,657.44,7
2,player,849,0,0,1271.99,513.53,1353.24,658.92,7
2,player,850,0,0,1266.73,515.01,1347.98,660.40,7
2,player,851,0,0,1261.47,516.49,1342.72,661.88,7
2,player,852,0,0,1260.74,516.17,1341.98,661.56,7
2,player,853,0,0,1260.01,515.85,1341.25,661.24,7
2,player,854,0,0,1259.27,515.53,1340.52,660.92,7
2,player,855,0,0,1258.54,515.21,1339.79,660.60,7
2,player,856,0,0,1257.81,514.89,1339.06,660.28,7
2,player,857,0,0,1257.08,514.57,1338.32,659.96,7
2,player,858,0,0,1256.35,514.24,1337.59,659.64,7
2,player,859,0,0,1255.61,513.92,1336.86,659.32,7
2,player,860,0,0,1254.88,513.60,1336.13,659.00,7
2,player,861,0,0,1254.15,513.28,1335.40,658.68,7
2,player,862,0,0,1253.42,512.96,1334.67,658.35,7
2,player,863,0,0,1252.69,512.64,1333.93,658.03,7
2,player,864,0,0,1251.95,512.32,1333.20,657.71,7
2,player,865,0,0,1251.22,512.00,1332.47,657.39,7
2,player,866,0,0,1250.49,511.68,1331.74,657.07,7
2,player,867,0,0,1249.76,511.36,1331.01,656.75,7
2,player,868,0,0,1249.03,511.04,1330.27,656.43,7
2,player,869,0,0,1248.30,510.72,1329.54,656.11,7
2,player,870,0,0,1247.56,510.40,1328.81,655.79,7
2,player,871,0,0,1246.83,510.08,1328.08,655.47,7
2,player,872,0,0,1246.10,509.76,1327.35,655.15,7
2,player,873,0,0,1245.37,509.44,1326.62,654.83,7
2,player,874,0,0,1244.64,509.12,1325.88,654.51,7
2,player,875,0,0,1243.90,508.80,1325.15,654.19,7
2,player,876,0,0,1243.17,508.48,1324.42,653.87,7
2,player,877,0,0,1242.44,508.16,1323.69,653.55,7
2,player,878,0,0,1241.71,507.84,1322.96,653.23,7
2,player,879,0,0,1240.98,507.52,1322.22,652.91,7
2,player,880,0,0,1240.25,507.20,1321.49,652.59,7
2,player,881,0,0,1239.51,506.88,1320.76,652.27,7
2,player,882,0,0,1238.78,506.56,1320.03,651.95,7
2,player,883,0,0,1238.05,506.24,1319.30,651.63,7
2,player,884,0,0,1237.32,505.92,1318.57,651.31,7
2,player,885,0,0,1236.59,505.60,1317.83,650.99,7
2,player,886,0,0,1235.85,505.28,1317.10,650.67,7
2,player,887,0,0,1235.12,504.96,1316.37,650.35,7
2,player,888,0,0,1234.39,504.64,1315.64,650.03,7
2,player,889,0,0,1233.66,504.32,1314.91,649.71,7
2,player,890,0,0,1232.93,504.00,1314.17,649.39,7
2,player,891,0,0,1232.20,503.68,1313.44,649.07,7
2,player,892,0,0,1231.46,503.36,1312.71,648.75,7
2,player,893,0,0,1230.73,503.04,1311.98,648.43,7
2,player,894,0,0,1230.00,502.72,1311.25,648.11,7
2,player,895,0,0,1229.27,502.40,1310.52,647.79,7
2,player,896,0,0,1228.54,502.08,1309.78,647.47,7
2,player,897,0,0,1227.80,501.76,1309.05,647.15,7
2,player,898,0,0,1227.07,501.44,1308.32,646.83,7
2,player,899,0,0,1226.34,501.12,1307.59,646.51,7
3,player,52,0,0,573.01,428.80,654.30,565.66,5
3,player,53,0,0,574.74,428.80,656.03,565.66,5
3,player,54,0,0,576.47,428.80,657.77,565.66,5
3,player,55,0,0,578.21,428.80,659.50,565.66,5
3,player,56,0,0,579.94,428.80,661.23,565.66,5
3,player,57,0,0,581.67,428.80,662.97,565.66,5
3,player,58,0,0,583.41,428.80,664.70,565.66,5
3,player,59,0,0,585.14,428.80,666.44,565.66,5
3,player,60,0,0,586.88,428.80,668.17,565.66,5
3,player,61,0,0,588.61,428.80,669.90,565.66,5
3,player,62,0,0,590.34,428.80,671.64,565.66,5
3,player,63,0,0,592.08,428.80,673.37,565.66,5
3,player,64,0,0,593.81,428.80,675.10,565.66,5
3,player,65,0,0,595.54,428.80,676.84,565.66,5
3,player,66,0,0,597.28,428.80,678.57,565.66,5
3,player,67,0,0,599.01,428.80,680.30,565.66,5
3,player,68,0,0,600.74,428.80,682.04,565.66,5
3,player,69,0,0,602.48,428.80,683.77,565.66,5
3,player,70,0,0,604.21,428.80,685.50,565.66,5
3,player,71,0,0,605.94,428.80,687.24,565.66,5
3,player,72,0,0,607.68,428.80,688.97,565.66,5
3,player,73,0,0,609.41,428.80,690.71,565.66,5
3,player,74,0,0,611.15,428.80,692.44,565.66,5
3,player,75,0,0,612.88,428.80,694.17,565.66,5
3,player,76,0,0,614.61,428.80,695.91,565.66,5
3,player,77,0,0,616.35,428.80,697.64,565.66,5
3,player,78,0,0,618.08,428.80,699.37,565.66,5
3,player,79,0,0,619.81,428.80,701.11,565.66,5
3,player,80,0,0,621.55,428.80,702.84,565.66,5
3,player,81,0,0,623.28,428.80,704.57,565.66,5
3,player,82,0,0,625.01,428.80,706.31,565.66,5
3,player,83,0,0,626.75,428.80,708.04,565.66,5
3,player,84,0,0,628.48,428.80,709.77,565.66,5
3,player,85,0,0,630.22,428.80,711.51,565.66,5
3,player,86,0,0,631.95,428.80,713.24,565.66,5
3,player,87,0,0,633.68,428.80,714.98,565.66,5
3,player,88,0,0,635.42,428.80,716.71,565.66,5
3,player,89,0,0,637.15,428.80,718.44,565.66,5
3,player,90,0,0,639.59,426.59,720.89,563.44,5
3,player,91,0,0,642.04,424.37,723.33,561.23,5
3,player,92,0,0,644.48,422.16,725.77,559.01,5
3,player,93,0,0,646.92,419.94,728.22,556.80,5
3,player,94,0,0,649.37,417.73,730.66,554.59,5
3,player,95,0,0,651.81,415.51,733.10,552.37,5
3,player,96,0,0,654.25,413.30,735.55,550.16,5
3,player,97,0,0,656.70,411.08,737.99,547.94,5
3,player,98,0,0,659.14,408.87,740.43,545.73,5
3,player,99,0,0,661.58,406.66,742.88,543.51,5
3,player,100,0,0,664.03,404.44,745.32,541.30,5
3,player,101,0,0,666.47,402.23,747.76,539.08,5
3,player,102,0,0,668.91,400.01,750.21,536.87,5
3,player,103,0,0,671.36,397.80,752.65,534.66,5
3,player,104,0,0,673.80,395.58,755.10,532.44,5
3,player,105,0,0,676.25,393.37,757.54,530.23,5
3,player,106,0,0,678.69,391.15,759.98,528.01,5
3,player,107,0,0,681.13,388.94,762.43,525.80,5
3,player,108,0,0,683.58,386.73,764.87,523.58,5
3,player,109,0,0,686.02,384.51,767.31,521.37,5
3,player,110,0,0,688.46,382.30,769.76,519.15,5
3,player,111,0,0,690.91,380.08,772.20,516.94,5
3,player,112,0,0,693.35,377.87,774.64,514.73,5
3,player,113,0,0,695.79,375.65,777.09,512.51,5
3,player,114,0,0,698.24,373.44,779.53,510.30,5
3,player,115,0,0,700.68,371.22,781.97,508.08,5
3,player,116,0,0,703.12,369.01,784.42,505.87,5
3,player,117,0,0,705.57,366.79,786.86,503.65,5
3,player,118,0,0,713.45,364.12,794.74,500.98,5
3,player,119,0,0,721.34,361.45,802.63,498.31,5
3,player,120,0,0,729.22,358.78,810.51,495.64,5
3,player,121,0,0,737.10,356.10,818.40,492.96,5
3,player,122,0,0,744.99,353.43,826.28,490.29,5
3,player,123,0,0,752.87,350.76,834.17,487.62,5
3,player,124,0,0,760.76,348.09,842.05,484.94,5
3,player,125,0,0,768.64,345.41,849.93,482.27,5
3,player,126,0,0,776.52,342.74,857.82,479.60,5
3,player,127,0,0,784.41,340.07,865.70,476.93,5
3,player,128,0,0,792.29,337.40,873.59,474.25,5
3,player,129,0,0,800.18,334.72,881.47,471.58,5
3,player,130,0,0,808.06,332.05,889.35,468.91,5
3,player,131,0,0,815.95,329.38,897.24,466.24,5
3,player,132,0,0,823.83,326.71,905.12,463.56,5
3,player,133,0,0,831.71,324.03,913.01,460.89,5
3,player,134,0,0,839.60,321.36,920.89,458.22,5
3,player,135,0,0,847.48,318.69,928.78,455.55,5
3,player,136,0,0,855.37,316.02,936.66,452.87,5
3,player,137,0,0,863.25,313.34,944.54,450.20,5
3,player,138,0,0,871.14,310.67,952.43,447.53,5
3,player,139,0,0,879.02,308.00,960.31,444.86,5
3,player,140,0,0,886.90,305.32,968.20,442.18,5
3,player,141,0,0,894.79,302.65,976.08,439.51,5
3,player,142,0,0,902.67,299.98,983.96,436.84,5
3,player,143,0,0,910.56,297.31,991.85,434.17,5
3,player,144,0,0,918.44,294.63,999.73,431.49,5
3,player,145,0,0,926.32,291.96,1007.62,428.82,5
3,player,146,0,0,934.21,289.29,1015.50,426.15,5
3,player,147,0,0,942.09,286.62,1023.39,423.47,5
3,player,148,0,0,949.98,283.94,1031.27,420.80,5
3,player,149,0,0,957.86,281.27,1039.15,418.13,5
3,player,150,0,0,965.75,278.60,1047.04,415.46,5
3,player,151,0,0,973.63,275.93,1054.92,412.78,5
3,player,152,0,0,981.51,273.25,1062.81,410.11,5
3,player,153,0,0,989.40,270.58,1070.69,407.44,5
3,player,154,0,0,997.28,267.91,1078.58,404.77,5
3,player,155,0,0,1005.17,265.24,1086.46,402.09,5
3,player,156,0,0,1013.05,262.56,1094.34,399.42,5
3,player,157,0,0,1020.93,259.89,1102.23,396.75,5
3,player,158,0,0,1028.82,257.22,1110.11,394.08,5
3,player,159,0,0,1036.70,254.55,1118.00,391.40,5
3,player,160,0,0,1044.59,251.87,1125.88,388.73,5
3,player,161,0,0,1052.47,249.20,1133.76,386.06,5
3,player,162,0,0,1060.36,246.53,1141.65,383.39,5
3,player,163,0,0,1068.24,243.85,1149.53,380.71,5
3,player,164,0,0,1076.12,241.18,1157.42,378.04,5
3,player,165,0,0,1084.01,238.51,1165.30,375.37,5
3,player,166,0,0,1084.01,240.65,1165.30,377.51,5
3,player,167,0,0,1084.01,242.79,1165.30,379.64,5
3,player,168,0,0,1084.01,244.92,1165.30,381.78,5
3,player,169,0,0,1084.01,247.06,1165.30,383.92,5
3,player,170,0,0,1084.01,249.20,1165.30,386.06,5
3,player,171,0,0,1084.01,251.34,1165.30,388.20,5
3,player,172,0,0,1084.01,253.48,1165.30,390.33,5
3,player,173,0,0,1084.01,255.61,1165.30,392.47,5
3,player,174,0,0,1086.15,257.75,1167.44,394.61,5
3,player,175,0,0,1088.28,259.89,1169.58,396.75,5
3,player,176,0,0,1090.42,262.03,1171.72,398.89,5
3,player,177,0,0,1092.56,264.17,1173.85,401.02,5
3,player,178,0,0,1094.70,266.30,1175.99,403.16,5
3,player,179,0,0,1096.41,268.87,1177.70,405.73,5
3,player,180,0,0,1098.12,271.44,1179.41,408.29,5
3,player,181,0,0,1099.83,274.00,1181.12,410.86,5
3,player,182,0,0,1101.54,276.57,1182.83,413.43,5
3,player,183,0,0,1103.25,279.13,1184.54,415.99,5
3,player,184,0,0,1104.85,281.54,1186.15,418.40,5
3,player,185,0,0,1106.46,283.94,1187.75,420.80,5
3,player,186,0,0,1108.06,286.35,1189.35,423.21,5
3,player,187,0,0,1109.67,288.75,1190.96,425.61,5
3,player,188,0,0,1111.27,291.16,1192.56,428.02,5
3,player,189,0,0,1112.87,293.56,1194.17,430.42,5
3,player,190,0,0,1114.48,295.97,1195.77,432.83,5
3,player,191,0,0,1116.08,298.38,1197.37,435.23,5
3,player,192,0,0,1117.68,300.78,1198.98,437.64,5
3,player,193,0,0,1119.29,303.19,1200.58,440.04,5
3,player,194,0,0,1120.89,305.59,1202.18,442.45,5
3,player,195,0,0,1122.49,308.00,1203.79,444.85,5
3,player,196,0,0,1124.10,310.40,1205.39,447.26,5
3,player,197,0,0,1125.70,312.81,1206.99,449.67,5
3,player,198,0,0,1127.30,315.21,1208.60,452.07,5
3,player,199,0,0,1128.91,317.62,1210.20,454.48,5
3,player,200,0,0,1130.51,320.02,1211.80,456.88,5
3,player,201,0,0,1132.11,322.43,1213.41,459.29,5
3,player,202,0,0,1133.72,324.83,1215.01,461.69,5
3,player,203,0,0,1135.32,327.24,1216.62,464.10,5
3,player,204,0,0,1136.93,329.64,1218.22,466.50,5
3,player,205,0,0,1138.53,332.05,1219.82,468.91,5
3,player,206,0,0,1140.13,334.46,1221.43,471.31,5
3,player,207,0,0,1141.74,336.86,1223.03,473.72,5
3,player,208,0,0,1142.21,338.60,1223.50,475.46,5
3,player,209,0,0,1142.68,340.34,1223.97,477.20,5
3,player,210,0,0,1143.15,342.08,1224.44,478.94,5
3,player,211,0,0,1143.62,343.82,1224.91,480.68,5
3,player,212,0,0,1144.09,345.56,1225.39,482.42,5
3,player,213,0,0,1144.56,347.30,1225.86,484.16,5
3,player,214,0,0,1145.03,349.04,1226.33,485.89,5
3,player,215,0,0,1145.51,350.78,1226.80,487.63,5
3,player,216,0,0,1145.98,352.52,1227.27,489.37,5
3,player,217,0,0,1146.45,354.25,1227.74,491.11,5
3,player,218,0,0,1146.92,355.99,1228.21,492.85,5
3,player,219,0,0,1147.39,357.73,1228.68,494.59,5
3,player,220,0,0,1147.86,359.47,1229.15,496.33,5
3,player,221,0,0,1148.33,361.21,1229.63,498.07,5
3,player,222,0,0,1148.80,362.95,1230.10,499.81,5
3,player,223,0,0,1149.27,364.69,1230.57,501.55,5
3,player,224,0,0,1149.75,366.43,1231.04,503.29,5
3,player,225,0,0,1150.22,368.17,1231.51,505.03,5
3,player,226,0,0,1150.69,369.91,1231.98,506.77,5
3,player,227,0,0,1151.16,371.65,1232.45,508.51,5
3,player,228,0,0,1151.63,373.39,1232.92,510.25,5
3,player,229,0,0,1152.10,375.13,1233.39,511.99,5
3,player,230,0,0,1152.57,376.87,1233.87,513.73,5
3,player,231,0,0,1153.04,378.61,1234.34,515.47,5
3,player,232,0,0,1153.51,380.35,1234.81,517.20,5
3,player,233,0,0,1153.99,382.09,1235.28,518.94,5
3,player,234,0,0,1154.46,383.83,1235.75,520.68,5
3,player,235,0,0,1154.93,385.57,1236.22,522.42,5
3,player,236,0,0,1155.40,387.30,1236.69,524.16,5
3,player,237,0,0,1155.87,389.04,1237.16,525.90,5
3,player,238,0,0,1156.34,390.78,1237.63,527.64,5
3,player,239,0,0,1156.81,392.52,1238.11,529.38,5
3,player,240,0,0,1157.28,394.26,1238.58,531.12,5
3,player,241,0,0,1157.75,396.00,1239.05,532.86,5
3,player,242,0,0,1158.23,397.74,1239.52,534.60,5
3,player,243,0,0,1158.70,399.48,1239.99,536.34,5
3,player,244,0,0,1159.17,401.22,1240.46,538.08,5
3,player,245,0,0,1159.64,402.96,1240.93,539.82,5
3,player,246,0,0,1160.11,404.70,1241.40,541.56,5
3,player,247,0,0,1160.58,406.44,1241.87,543.30,5
3,player,248,0,0,1161.05,408.18,1242.35,545.04,5
3,player,249,0,0,1161.52,409.92,1242.82,546.78,5
3,player,250,0,0,1161.99,411.66,1243.29,548.52,5
3,player,251,0,0,1162.47,413.40,1243.76,550.25,5
3,player,252,0,0,1162.94,415.14,1244.23,551.99,5
3,player,253,0,0,1163.41,416.88,1244.70,553.73,5
3,player,254,0,0,1163.88,418.61,1245.17,555.47,5
3,player,255,0,0,1164.35,420.35,1245.64,557.21,5
3,player,256,0,0,1164.82,422.09,1246.11,558.95,5
3,player,257,0,0,1165.29,423.83,1246.59,560.69,5
3,player,258,0,0,1165.76,425.57,1247.06,562.43,5
3,player,259,0,0,1166.23,427.31,1247.53,564.17,5
3,player,260,0,0,1166.71,429.05,1248.00,565.91,5
3,player,261,0,0,1167.18,430.79,1248.47,567.65,5
3,player,262,0,0,1167.65,432.53,1248.94,569.39,5
3,player,263,0,0,1168.12,434.27,1249.41,571.13,5
3,player,264,0,0,1168.59,436.01,1249.88,572.87,5
3,player,265,0,0,1169.06,437.75,1250.35,574.61,5
3,player,266,0,0,1169.53,439.49,1250.83,576.35,5
3,player,267,0,0,1163.88,441.09,1245.17,577.95,5
3,player,268,0,0,1158.23,442.70,1239.52,579.55,5
3,player,269,0,0,1152.58,444.30,1233.87,581.16,5
3,player,270,0,0,1146.93,445.90,1228.22,582.76,5
3,player,271,0,0,1141.28,447.51,1222.57,584.36,5
3,player,272,0,0,1135.63,449.11,1216.92,585.97,5
3,player,273,0,0,1129.98,450.71,1211.27,587.57,5
3,player,274,0,0,1124.33,452.32,1205.62,589.17,5
3,player,275,0,0,1118.68,453.92,1199.97,590.78,5
3,player,276,0,0,1113.03,455.52,1194.32,592.38,5
3,player,277,0,0,1107.38,457.13,1188.67,593.99,5
3,player,278,0,0,1101.72,458.73,1183.02,595.59,5
3,player,279,0,0,1096.07,460.33,1177.37,597.19,5
3,player,280,0,0,1090.42,461.94,1171.72,598.80,5
3,player,281,0,0,1084.77,463.54,1166.07,600.40,5
3,player,282,0,0,1079.12,465.15,1160.42,602.00,5
3,player,283,0,0,1073.47,466.75,1154.76,603.61,5
3,player,284,0,0,1067.82,468.35,1149.11,605.21,5
3,player,285,0,0,1062.17,469.96,1143.46,606.81,5
3,player,286,0,0,1056.52,471.56,1137.81,608.42,5
3,player,287,0,0,1050.87,473.16,1132.16,610.02,5
3,player,288,0,0,1045.22,474.77,1126.51,611.62,5
3,player,289,0,0,1039.57,476.37,1120.86,613.23,5
3,player,290,0,0,1033.92,477.97,1115.21,614.83,5
3,player,291,0,0,1028.27,479.58,1109.56,616.44,5
3,player,292,0,0,1022.62,481.18,1103.91,618.04,5
3,player,293,0,0,1016.97,482.78,1098.26,619.64,5
3,player,294,0,0,1011.31,484.39,1092.61,621.25,5
3,player,295,0,0,1003.68,485.84,1084.97,622.70,5
3,player,296,0,0,996.04,487.29,1077.34,624.15,5
3,player,297,0,0,988.41,488.74,1069.70,625.60,5
3,player,298,0,0,980.77,490.19,1062.06,627.05,5
3,player,299,0,0,973.13,491.64,1054.43,628.50,5
3,player,300,0,0,965.50,493.09,1046.79,629.95,5
3,player,301,0,0,957.86,494.54,1039.16,631.40,5
3,player,302,0,0,950.23,495.99,1031.52,632.85,5
3,player,303,0,0,942.59,497.45,1023.88,634.30,5
3,player,304,0,0,934.95,498.90,1016.25,635.75,5
3,player,305,0,0,927.32,500.35,1008.61,637.21,5
3,player,306,0,0,919.68,501.80,1000.98,638.66,5
3,player,307,0,0,912.05,503.25,993.34,640.11,5
3,player,308,0,0,904.41,504.70,985.70,641.56,5
3,player,309,0,0,896.77,506.15,978.07,643.01,5
3,player,310,0,0,889.14,507.60,970.43,644.46,5
3,player,311,0,0,881.50,509.05,962.80,645.91,5
3,player,312,0,0,873.87,510.50,955.16,647.36,5
3,player,313,0,0,866.23,511.95,947.52,648.81,5
3,player,314,0,0,858.59,513.40,939.89,650.26,5
3,player,315,0,0,850.96,514.86,932.25,651.71,5
3,player,316,0,0,843.32,516.31,924.62,653.16,5
3,player,317,0,0,835.69,517.76,916.98,654.62,5
3,player,318,0,0,828.05,519.21,909.34,656.07,5
3,player,319,0,0,820.41,520.66,901.71,657.52,5
3,player,320,0,0,812.78,522.11,894.07,658.97,5
3,player,321,0,0,805.14,523.56,886.44,660.42,5
3,player,322,0,0,797.51,525.01,878.80,661.87,5
3,player,323,0,0,798.71,523.54,880.00,660.40,5
3,player,324,0,0,799.91,522.07,881.20,658.93,5
3,player,325,0,0,801.11,520.60,882.41,657.46,5
3,player,326,0,0,802.32,519.13,883.61,655.99,5
3,player,327,0,0,803.52,517.66,884.81,654.52,5
3,player,328,0,0,804.72,516.19,886.02,653.05,5
3,player,329,0,0,805.92,514.72,887.22,651.58,5
3,player,330,0,0,807.13,513.25,888.42,650.11,5
3,player,331,0,0,808.33,511.78,889.62,648.64,5
3,player,332,0,0,809.53,510.31,890.83,647.17,5
3,player,333,0,0,810.74,508.84,892.03,645.70,5
3,player,334,0,0,811.94,507.37,893.23,644.23,5
3,player,335,0,0,813.14,505.90,894.43,642.76,5
3,player,336,0,0,814.34,504.43,895.64,641.29,5
3,player,337,0,0,815.55,502.96,896.84,639.82,5
3,player,338,0,0,816.75,501.49,898.04,638.35,5
3,player,339,0,0,817.95,500.02,899.24,636.88,5
3,player,340,0,0,819.15,498.55,900.45,635.41,5
3,player,341,0,0,820.36,497.08,901.65,633.94,5
3,player,342,0,0,821.56,495.61,902.85,632.47,5
3,player,343,0,0,822.76,494.14,904.06,631.00,5
3,player,344,0,0,823.96,492.67,905.26,629.53,5
3,player,345,0,0,825.17,491.20,906.46,628.06,5
3,player,346,0,0,826.37,489.73,907.66,626.59,5
3,player,347,0,0,827.57,488.26,908.87,625.12,5
3,player,348,0,0,828.78,486.79,910.07,623.65,5
3,player,349,0,0,829.98,485.32,911.27,622.18,5
3,player,350,0,0,831.18,483.85,912.47,620.71,5
3,player,351,0,0,832.38,482.38,913.68,619.24,5
3,player,352,0,0,833.59,480.91,914.88,617.77,5
3,player,353,0,0,834.79,479.44,916.08,616.30,5
3,player,354,0,0,835.99,477.97,917.28,614.83,5
3,player,355,0,0,846.68,475.12,927.97,611.98,5
3,player,356,0,0,857.37,472.27,938.67,609.13,5
3,player,357,0,0,868.06,469.42,949.36,606.28,5
3,player,358,0,0,873.46,467.73,954.76,604.59,5
3,player,359,0,0,878.87,466.04,960.16,602.90,5
3,player,360,0,0,884.27,464.36,965.56,601.22,5
3,player,361,0,0,889.67,462.67,970.96,599.53,5
3,player,362,0,0,895.07,460.98,976.36,597.84,5
3,player,363,0,0,900.47,459.29,981.76,596.15,5
3,player,364,0,0,905.87,457.61,987.17,594.46,5
3,player,365,0,0,911.27,455.92,992.57,592.78,5
3,player,366,0,0,916.68,454.23,997.97,591.09,5
3,player,367,0,0,922.08,452.54,1003.37,589.40,5
3,player,368,0,0,927.48,450.85,1008.77,587.71,5
3,player,369,0,0,932.88,449.17,1014.17,586.02,5
3,player,370,0,0,938.28,447.48,1019.57,584.34,5
3,player,371,0,0,943.68,445.79,1024.98,582.65,5
3,player,372,0,0,949.08,444.10,1030.38,580.96,5
3,player,373,0,0,954.49,442.41,1035.78,579.27,5
3,player,374,0,0,959.89,440.73,1041.18,577.58,5
3,player,375,0,0,965.29,439.04,1046.58,575.90,5
3,player,376,0,0,970.69,437.35,1051.98,574.21,5
3,player,377,0,0,975.50,436.28,1056.79,573.14,5
3,player,378,0,0,980.31,435.21,1061.60,572.07,5
3,player,379,0,0,985.12,434.14,1066.42,571.00,5
3,player,380,0,0,989.93,433.07,1071.23,569.93,5
3,player,381,0,0,994.74,432.00,1076.04,568.86,5
3,player,382,0,0,999.55,430.94,1080.85,567.79,5
3,player,383,0,0,1004.37,429.87,1085.66,566.72,5
3,player,384,0,0,1009.18,428.80,1090.47,565.66,5
3,player,385,0,0,1013.08,429.31,1094.38,566.17,5
3,player,386,0,0,1016.99,429.83,1098.28,566.69,5
3,player,387,0,0,1020.90,430.35,1102.19,567.20,5
3,player,388,0,0,1024.81,430.86,1106.10,567.72,5
3,player,389,0,0,1028.71,431.38,1110.01,568.24,5
3,player,390,0,0,1032.62,431.89,1113.91,568.75,5
3,player,391,0,0,1036.53,432.41,1117.82,569.27,5
3,player,392,0,0,1040.44,432.93,1121.73,569.78,5
3,player,393,0,0,1044.34,433.44,1125.64,570.30,5
3,player,394,0,0,1048.25,433.96,1129.54,570.82,5
3,player,395,0,0,1052.16,434.47,1133.45,571.33,5
3,player,396,0,0,1056.07,434.99,1137.36,571.85,5
3,player,397,0,0,1059.97,435.51,1141.27,572.36,5
3,player,398,0,0,1063.88,436.02,1145.17,572.88,5
3,player,399,0,0,1067.79,436.54,1149.08,573.40,5
3,player,400,0,0,1071.70,437.05,1152.99,573.91,5
3,player,401,0,0,1075.60,437.57,1156.90,574.43,5
3,player,402,0,0,1079.51,438.09,1160.80,574.94,5
3,player,403,0,0,1083.42,438.60,1164.71,575.46,5
3,player,404,0,0,1087.33,439.12,1168.62,575.98,5
3,player,405,0,0,1091.23,439.63,1172.53,576.49,5
3,player,406,0,0,1095.14,440.15,1176.43,577.01,5
3,player,407,0,0,1099.05,440.67,1180.34,577.53,5
3,player,408,0,0,1102.96,441.18,1184.25,578.04,5
3,player,409,0,0,1106.86,441.70,1188.16,578.56,5
3,player,410,0,0,1110.77,442.22,1192.06,579.07,5
3,player,411,0,0,1114.68,442.73,1195.97,579.59,5
3,player,412,0,0,1118.59,443.25,1199.88,580.11,5
3,player,413,0,0,1122.49,443.76,1203.79,580.62,5
3,player,414,0,0,1122.49,443.94,1203.79,580.80,5
3,player,415,0,0,1122.49,444.12,1203.79,580.98,5
3,player,416,0,0,1122.49,444.30,1203.79,581.16,5
3,player,417,0,0,1122.49,444.48,1203.79,581.33,5
3,player,418,0,0,1122.49,444.65,1203.79,581.51,5
3,player,419,0,0,1122.49,444.83,1203.79,581.69,5
3,player,420,0,0,1122.49,445.01,1203.79,581.87,5
3,player,421,0,0,1122.49,445.19,1203.79,582.05,5
3,player,422,0,0,1122.49,445.37,1203.79,582.23,5
3,player,423,0,0,1122.49,445.55,1203.79,582.40,5
3,player,424,0,0,1122.49,445.72,1203.79,582.58,5
3,player,425,0,0,1122.49,445.90,1203.79,582.76,5
3,player,426,0,0,1120.73,445.72,1202.02,582.57,5
3,player,427,0,0,1118.96,445.53,1200.25,582.39,5
3,player,428,0,0,1117.20,445.34,1198.49,582.20,5
3,player,429,0,0,1115.43,445.16,1196.72,582.02,5
3,player,430,0,0,1113.66,444.97,1194.96,581.83,5
3,player,431,0,0,1111.90,444.79,1193.19,581.64,5
3,player,432,0,0,1110.13,444.60,1191.42,581.46,5
3,player,433,0,0,1108.36,444.41,1189.66,581.27,5
3,player,434,0,0,1106.60,444.23,1187.89,581.09,5
3,player,435,0,0,1104.83,444.04,1186.12,580.90,5
3,player,436,0,0,1103.07,443.86,1184.36,580.72,5
3,player,437,0,0,1101.30,443.67,1182.59,580.53,5
3,player,438,0,0,1099.53,443.49,1180.83,580.34,5
3,player,439,0,0,1097.77,443.30,1179.06,580.16,5
3,player,440,0,0,1096.00,443.11,1177.29,579.97,5
3,player,441,0,0,1094.23,442.93,1175.53,579.79,5
3,player,442,0,0,1092.47,442.74,1173.76,579.60,5
3,player,443,0,0,1090.70,442.56,1171.99,579.41,5
3,player,444,0,0,1088.94,442.37,1170.23,579.23,5
3,player,445,0,0,1087.17,442.18,1168.46,579.04,5
3,player,446,0,0,1085.40,442.00,1166.70,578.86,5
3,player,447,0,0,1083.64,441.81,1164.93,578.67,5
3,player,448,0,0,1081.87,441.63,1163.16,578.48,5
3,player,449,0,0,1072.54,440.59,1153.83,577.45,5
3,player,450,0,0,1063.21,439.55,1144.50,576.41,5
3,player,451,0,0,1053.88,438.52,1135.17,575.37,5
3,player,452,0,0,1044.55,437.48,1125.84,574.34,5
3,player,453,0,0,1035.22,436.44,1116.51,573.30,5
3,player,454,0,0,1025.89,435.41,1107.18,572.26,5
3,player,455,0,0,1016.56,434.37,1097.85,571.23,5
3,player,456,0,0,1007.23,433.33,1088.52,570.19,5
3,player,457,0,0,997.90,432.30,1079.19,569.15,5
3,player,458,0,0,988.57,431.26,1069.86,568.12,5
3,player,459,0,0,979.24,430.22,1060.54,567.08,5
3,player,460,0,0,969.91,429.19,1051.21,566.04,5
3,player,461,0,0,960.58,428.15,1041.88,565.01,5
3,player,462,0,0,951.25,427.11,1032.55,563.97,5
3,player,463,0,0,941.92,426.08,1023.22,562.93,5
3,player,464,0,0,932.59,425.04,1013.89,561.90,5
3,player,465,0,0,923.26,424.00,1004.56,560.86,5
3,player,466,0,0,913.93,422.97,995.23,559.82,5
3,player,467,0,0,904.60,421.93,985.90,558.79,5
3,player,468,0,0,895.27,420.89,976.57,557.75,5
3,player,469,0,0,885.94,419.86,967.24,556.71,5
3,player,470,0,0,876.61,418.82,957.91,555.68,5
3,player,471,0,0,867.28,417.78,948.58,554.64,5
3,player,472,0,0,857.95,416.75,939.25,553.60,5
3,player,473,0,0,848.62,415.71,929.92,552.57,5
3,player,474,0,0,839.29,414.67,920.59,551.53,5
3,player,475,0,0,829.96,413.64,911.26,550.50,5
3,player,476,0,0,820.63,412.60,901.93,549.46,5
3,player,477,0,0,811.30,411.56,892.60,548.42,5
3,player,478,0,0,801.97,410.53,883.27,547.39,5
3,player,479,0,0,792.65,409.49,873.94,546.35,5
3,player,480,0,0,783.32,408.45,864.61,545.31,5
3,player,481,0,0,773.99,407.42,855.28,544.28,5
3,player,482,0,0,767.57,407.84,848.86,544.70,5
3,player,483,0,0,761.16,408.27,842.45,545.13,5
3,player,484,0,0,754.74,408.70,836.04,545.56,5
3,player,485,0,0,748.33,409.13,829.62,545.99,5
3,player,486,0,0,741.91,409.56,823.21,546.41,5
3,player,487,0,0,740.06,408.81,821.35,545.67,5
3,player,488,0,0,738.21,408.07,819.50,544.93,5
3,player,489,0,0,736.36,407.33,817.65,544.19,5
3,player,490,0,0,734.50,406.59,815.80,543.45,5
3,player,491,0,0,732.65,405.85,813.94,542.71,5
3,player,492,0,0,730.80,405.11,812.09,541.97,5
3,player,493,0,0,728.94,404.37,810.24,541.23,5
3,player,494,0,0,727.09,403.63,808.38,540.48,5
3,player,495,0,0,725.24,402.88,806.53,539.74,5
3,player,496,0,0,723.38,402.14,804.68,539.00,5
3,player,497,0,0,721.53,401.40,802.82,538.26,5
3,player,498,0,0,719.68,400.66,800.97,537.52,5
3,player,499,0,0,717.82,399.92,799.12,536.78,5
3,player,500,0,0,715.97,399.18,797.27,536.04,5
3,player,501,0,0,714.12,398.44,795.41,535.30,5
3,player,502,0,0,712.27,397.70,793.56,534.55,5
3,player,503,0,0,710.41,396.96,791.71,533.81,5
3,player,504,0,0,708.56,396.21,789.85,533.07,5
3,player,505,0,0,706.71,395.47,788.00,532.33,5
3,player,506,0,0,704.85,394.73,786.15,531.59,5
3,player,507,0,0,703.00,393.99,784.29,530.85,5
3,player,508,0,0,701.15,393.25,782.44,530.11,5
3,player,509,0,0,699.29,392.51,780.59,529.37,5
3,player,510,0,0,697.44,391.77,778.74,528.63,5
3,player,511,0,0,695.59,391.03,776.88,527.88,5
3,player,512,0,0,693.74,390.28,775.03,527.14,5
3,player,513,0,0,691.88,389.54,773.18,526.40,5
3,player,514,0,0,690.03,388.80,771.32,525.66,5
3,player,515,0,0,688.18,388.06,769.47,524.92,5
3,player,516,0,0,686.32,387.32,767.62,524.18,5
3,player,517,0,0,684.47,386.58,765.76,523.44,5
3,player,518,0,0,682.62,385.84,763.91,522.70,5
3,player,519,0,0,680.76,385.10,762.06,521.95,5
3,player,520,0,0,678.91,384.35,760.20,521.21,5
3,player,521,0,0,677.06,383.61,758.35,520.47,5
3,player,522,0,0,675.21,382.87,756.50,519.73,5
3,player,523,0,0,673.35,382.13,754.65,518.99,5
3,player,524,0,0,671.50,381.39,752.79,518.25,5
3,player,525,0,0,669.65,380.65,750.94,517.51,5
3,player,526,0,0,667.79,379.91,749.09,516.77,5
3,player,527,0,0,665.94,379.17,747.23,516.02,5
3,player,528,0,0,664.09,378.43,745.38,515.28,5
3,player,529,0,0,662.23,377.68,743.53,514.54,5
3,player,530,0,0,660.38,376.94,741.67,513.80,5
3,player,531,0,0,658.53,376.20,739.82,513.06,5
3,player,532,0,0,656.68,375.46,737.97,512.32,5
3,player,533,0,0,654.82,374.72,736.12,511.58,5
3,player,534,0,0,652.97,373.98,734.26,510.84,5
3,player,535,0,0,651.12,373.24,732.41,510.10,5
3,player,536,0,0,649.26,372.50,730.56,509.35,5
3,player,537,0,0,647.41,371.75,728.70,508.61,5
3,player,538,0,0,645.56,371.01,726.85,507.87,5
3,player,539,0,0,643.70,370.27,725.00,507.13,5
3,player,540,0,0,641.85,369.53,723.14,506.39,5
3,player,541,0,0,640.00,368.79,721.29,505.65,5
3,player,542,0,0,638.15,368.05,719.44,504.91,5
3,player,543,0,0,636.29,367.31,717.59,504.17,5
3,player,544,0,0,634.44,366.57,715.73,503.42,5
3,player,545,0,0,632.59,365.82,713.88,502.68,5
3,player,546,0,0,630.73,365.08,712.03,501.94,5
3,player,547,0,0,628.88,364.34,710.17,501.20,5
3,player,548,0,0,627.03,363.60,708.32,500.46,5
3,player,549,0,0,625.17,362.86,706.47,499.72,5
3,player,550,0,0,623.32,362.12,704.61,498.98,5
3,player,551,0,0,621.47,361.38,702.76,498.24,5
3,player,552,0,0,619.62,360.64,700.91,497.49,5
3,player,553,0,0,617.76,359.90,699.06,496.75,5
3,player,554,0,0,615.91,359.15,697.20,496.01,5
3,player,555,0,0,614.06,358.41,695.35,495.27,5
3,player,556,0,0,612.20,357.67,693.50,494.53,5
3,player,557,0,0,610.35,356.93,691.64,493.79,5
3,player,558,0,0,608.50,356.19,689.79,493.05,5
3,player,559,0,0,606.64,355.45,687.94,492.31,5
3,player,560,0,0,604.79,354.71,686.08,491.57,5
3,player,561,0,0,602.94,353.97,684.23,490.82,5
3,player,562,0,0,607.21,355.72,688.51,492.57,5
3,player,563,0,0,611.49,357.46,692.78,494.32,5
3,player,564,0,0,615.77,359.21,697.06,496.07,5
3,player,565,0,0,620.04,360.96,701.34,497.82,5
3,player,566,0,0,624.32,362.71,705.61,499.57,5
3,player,567,0,0,628.60,364.46,709.89,501.32,5
3,player,568,0,0,632.87,366.21,714.16,503.07,5
3,player,569,0,0,637.15,367.96,718.44,504.82,5
3,player,570,0,0,641.42,369.71,722.72,506.57,5
3,player,571,0,0,645.70,371.46,726.99,508.32,5
3,player,572,0,0,649.98,373.21,731.27,510.07,5
3,player,573,0,0,654.97,373.21,736.26,510.07,5
3,player,574,0,0,659.95,373.21,741.25,510.07,5
3,player,575,0,0,664.94,373.21,746.24,510.07,5
3,player,576,0,0,670.93,373.21,752.22,510.07,5
3,player,577,0,0,676.92,373.21,758.21,510.07,5
3,player,578,0,0,682.90,373.21,764.20,510.07,5
3,player,579,0,0,688.89,373.21,770.18,510.07,5
3,player,580,0,0,694.88,373.21,776.17,510.07,5
3,player,581,0,0,701.40,373.10,782.70,509.95,5
3,player,582,0,0,707.93,372.98,789.22,509.84,5
3,player,583,0,0,714.46,372.87,795.75,509.73,5
3,player,584,0,0,720.98,372.76,802.28,509.62,5
3,player,585,0,0,727.51,372.65,808.80,509.50,5
3,player,586,0,0,734.04,372.53,815.33,509.39,5
3,player,587,0,0,740.56,372.42,821.86,509.28,5
3,player,588,0,0,747.09,372.31,828.38,509.17,5
3,player,589,0,0,753.62,372.20,834.91,509.05,5
3,player,590,0,0,760.14,372.08,841.44,508.94,5
3,player,591,0,0,766.67,371.97,847.96,508.83,5
3,player,592,0,0,773.20,371.86,854.49,508.72,5
3,player,593,0,0,779.72,371.75,861.02,508.60,5
3,player,594,0,0,786.25,371.63,867.54,508.49,5
3,player,595,0,0,792.78,371.52,874.07,508.38,5
3,player,596,0,0,799.30,371.41,880.60,508.27,5
3,player,597,0,0,805.83,371.30,887.12,508.15,5
3,player,598,0,0,812.36,371.18,893.65,508.04,5
3,player,599,0,0,818.88,371.07,900.18,507.93,5
3,player,600,0,0,824.69,371.07,905.98,507.93,5
3,player,601,0,0,830.49,371.07,911.78,507.93,5
3,player,602,0,0,836.29,371.07,917.59,507.93,5
3,player,603,0,0,842.10,371.07,923.39,507.93,5
3,player,604,0,0,847.90,371.07,929.19,507.93,5
3,player,605,0,0,853.70,371.07,935.00,507.93,5
3,player,606,0,0,859.51,371.07,940.80,507.93,5
3,player,607,0,0,866.84,370.15,948.13,507.01,5
3,player,608,0,0,874.17,369.24,955.46,506.10,5
3,player,609,0,0,881.50,368.32,962.79,505.18,5
3,player,610,0,0,888.83,367.41,970.12,504.26,5
3,player,611,0,0,896.16,366.49,977.45,503.35,5
3,player,612,0,0,903.49,365.57,984.78,502.43,5
3,player,613,0,0,910.82,364.66,992.12,501.52,5
3,player,614,0,0,912.96,363.86,994.25,500.71,5
3,player,615,0,0,915.10,363.05,996.39,499.91,5
3,player,616,0,0,917.24,362.25,998.53,499.11,5
3,player,617,0,0,919.37,361.45,1000.67,498.31,5
3,player,618,0,0,921.51,360.65,1002.81,497.51,5
3,player,619,0,0,923.65,359.85,1004.94,496.70,5
3,player,620,0,0,925.79,359.04,1007.08,495.90,5
3,player,621,0,0,927.93,358.24,1009.22,495.10,5
3,player,622,0,0,928.54,354.88,1009.83,491.74,5
3,player,623,0,0,929.15,351.52,1010.44,488.38,5
3,player,624,0,0,929.76,348.16,1011.05,485.02,5
3,player,625,0,0,930.37,344.80,1011.66,481.66,5
3,player,626,0,0,930.98,341.44,1012.27,478.30,5
3,player,627,0,0,931.59,338.08,1012.89,474.94,5
3,player,628,0,0,932.20,334.72,1013.50,471.58,5
3,player,629,0,0,934.22,334.98,1015.51,471.83,5
3,player,630,0,0,936.23,335.23,1017.52,472.09,5
3,player,631,0,0,938.24,335.48,1019.53,472.34,5
3,player,632,0,0,940.25,335.73,1021.55,472.59,5
3,player,633,0,0,942.26,335.98,1023.56,472.84,5
3,player,634,0,0,944.28,336.23,1025.57,473.09,5
3,player,635,0,0,946.29,336.49,1027.58,473.34,5
3,player,636,0,0,948.30,336.74,1029.59,473.59,5
3,player,637,0,0,950.31,336.99,1031.61,473.85,5
3,player,638,0,0,952.33,337.24,1033.62,474.10,5
3,player,639,0,0,954.34,337.49,1035.63,474.35,5
3,player,640,0,0,956.35,337.74,1037.64,474.60,5
3,player,641,0,0,958.36,337.99,1039.66,474.85,5
3,player,642,0,0,960.38,338.25,1041.67,475.10,5
3,player,643,0,0,962.39,338.50,1043.68,475.36,5
3,player,644,0,0,964.40,338.75,1045.69,475.61,5
3,player,645,0,0,966.41,339.00,1047.71,475.86,5
3,player,646,0,0,967.64,339.00,1048.94,475.86,5
3,player,647,0,0,968.87,339.00,1050.17,475.86,5
3,player,648,0,0,970.11,339.00,1051.40,475.86,5
3,player,649,0,0,971.34,339.00,1052.63,475.86,5
3,player,650,0,0,972.57,339.00,1053.86,475.86,5
3,player,651,0,0,973.80,339.00,1055.09,475.86,5
3,player,652,0,0,975.03,339.00,1056.32,475.86,5
3,player,653,0,0,976.26,339.00,1057.55,475.86,5
3,player,654,0,0,977.49,339.00,1058.78,475.86,5
3,player,655,0,0,978.72,339.00,1060.02,475.86,5
3,player,656,0,0,979.95,339.00,1061.25,475.86,5
3,player,657,0,0,981.18,339.00,1062.48,475.86,5
3,player,658,0,0,982.42,339.00,1063.71,475.86,5
3,player,659,0,0,983.65,339.00,1064.94,475.86,5
3,player,660,0,0,984.88,339.00,1066.17,475.86,5
3,player,661,0,0,986.11,339.00,1067.40,475.86,5
3,player,662,0,0,987.34,339.00,1068.63,475.86,5
3,player,663,0,0,988.57,339.00,1069.86,475.86,5
3,player,664,0,0,989.80,339.00,1071.09,475.86,5
3,player,665,0,0,991.03,339.00,1072.33,475.86,5
3,player,666,0,0,992.26,339.00,1073.56,475.86,5
3,player,667,0,0,993.49,339.00,1074.79,475.86,5
3,player,668,0,0,994.73,339.00,1076.02,475.86,5
3,player,669,0,0,995.96,339.00,1077.25,475.86,5
3,player,670,0,0,997.19,339.00,1078.48,475.86,5
3,player,671,0,0,998.42,339.00,1079.71,475.86,5
3,player,672,0,0,999.65,339.00,1080.94,475.86,5
3,player,673,0,0,1000.88,339.00,1082.17,475.86,5
3,player,674,0,0,1002.11,339.00,1083.40,475.86,5
3,player,675,0,0,1003.34,339.00,1084.64,475.86,5
3,player,676,0,0,1004.57,339.00,1085.87,475.86,5
3,player,677,0,0,1005.80,339.00,1087.10,475.86,5
3,player,678,0,0,1007.04,339.00,1088.33,475.86,5
3,player,679,0,0,1013.45,339.00,1094.74,475.86,5
3,player,680,0,0,1019.86,339.00,1101.16,475.86,5
3,player,681,0,0,1026.28,339.00,1107.57,475.86,5
3,player,682,0,0,1032.69,339.00,1113.99,475.86,5
3,player,683,0,0,1039.11,339.00,1120.40,475.86,5
3,player,684,0,0,1044.72,338.73,1126.01,475.59,5
3,player,685,0,0,1050.33,338.47,1131.62,475.32,5
3,player,686,0,0,1055.94,338.20,1137.24,475.06,5
3,player,687,0,0,1061.56,337.93,1142.85,474.79,5
3,player,688,0,0,1067.17,337.66,1148.46,474.52,5
3,player,689,0,0,1072.78,337.40,1154.07,474.25,5
3,player,690,0,0,1078.39,337.13,1159.69,473.99,5
3,player,691,0,0,1084.01,336.86,1165.30,473.72,5
3,player,692,0,0,1089.62,336.59,1170.91,473.45,5
3,player,693,0,0,1095.23,336.33,1176.52,473.19,5
3,player,694,0,0,1100.84,336.06,1182.14,472.92,5
3,player,695,0,0,1106.46,335.79,1187.75,472.65,5
3,player,696,0,0,1112.07,335.53,1193.36,472.38,5
3,player,697,0,0,1117.68,335.26,1198.97,472.12,5
3,player,698,0,0,1123.29,334.99,1204.59,471.85,5
3,player,699,0,0,1128.91,334.72,1210.20,471.58,5
3,player,700,0,0,1132.11,335.44,1213.41,472.29,5
3,player,701,0,0,1135.32,336.15,1216.61,473.01,5
3,player,702,0,0,1138.53,336.86,1219.82,473.72,5
3,player,703,0,0,1141.74,337.57,1223.03,474.43,5
3,player,704,0,0,1144.94,338.29,1226.24,475.15,5
3,player,705,0,0,1148.15,339.00,1229.44,475.86,5
3,player,706,0,0,1151.36,339.71,1232.65,476.57,5
3,player,707,0,0,1154.56,340.43,1235.86,477.28,5
3,player,708,0,0,1157.77,341.14,1239.06,478.00,5
3,player,709,0,0,1160.98,341.85,1242.27,478.71,5
3,player,710,0,0,1164.19,342.56,1245.48,479.42,5
3,player,711,0,0,1167.39,343.28,1248.69,480.13,5
3,player,712,0,0,1163.84,342.51,1245.13,479.37,5
3,player,713,0,0,1160.29,341.75,1241.58,478.61,5
3,player,714,0,0,1156.74,340.99,1238.03,477.84,5
3,player,715,0,0,1153.19,340.22,1234.48,477.08,5
3,player,716,0,0,1149.64,339.46,1230.93,476.32,5
3,player,717,0,0,1146.09,338.69,1227.38,475.55,5
3,player,718,0,0,1142.54,337.93,1223.83,474.79,5
3,player,719,0,0,1138.99,337.17,1220.28,474.03,5
3,player,720,0,0,1135.44,336.40,1216.73,473.26,5
3,player,721,0,0,1131.89,335.64,1213.18,472.50,5
3,player,722,0,0,1128.33,334.88,1209.63,471.73,5
3,player,723,0,0,1124.78,334.11,1206.08,470.97,5
3,player,724,0,0,1121.23,333.35,1202.53,470.21,5
3,player,725,0,0,1117.68,332.59,1198.98,469.44,5
3,player,726,0,0,1114.13,331.82,1195.42,468.68,5
3,player,727,0,0,1110.58,331.06,1191.87,467.92,5
3,player,728,0,0,1107.03,330.30,1188.32,467.15,5
3,player,729,0,0,1103.48,329.53,1184.77,466.39,5
3,player,730,0,0,1099.93,328.77,1181.22,465.63,5
3,player,731,0,0,1096.38,328.00,1177.67,464.86,5
3,player,732,0,0,1092.83,327.24,1174.12,464.10,5
3,player,733,0,0,1089.28,326.48,1170.57,463.34,5
3,player,734,0,0,1085.73,325.71,1167.02,462.57,5
3,player,735,0,0,1082.17,324.95,1163.47,461.81,5
3,player,736,0,0,1078.62,324.19,1159.92,461.04,5
3,player,737,0,0,1075.07,323.42,1156.37,460.28,5
3,player,738,0,0,1071.52,322.66,1152.82,459.52,5
3,player,739,0,0,1067.97,321.90,1149.26,458.75,5
3,player,740,0,0,1064.42,321.13,1145.71,457.99,5
3,player,741,0,0,1060.87,320.37,1142.16,457.23,5
3,player,742,0,0,1057.32,319.60,1138.61,456.46,5
3,player,743,0,0,1053.77,318.84,1135.06,455.70,5
3,player,744,0,0,1050.22,318.08,1131.51,454.94,5
3,player,745,0,0,1046.67,317.31,1127.96,454.17,5
3,player,746,0,0,1043.12,316.55,1124.41,453.41,5
3,player,747,0,0,1039.57,315.79,1120.86,452.64,5
3,player,748,0,0,1036.01,315.02,1117.31,451.88,5
3,player,749,0,0,1032.46,314.26,1113.76,451.12,5
3,player,750,0,0,1028.91,313.50,1110.21,450.35,5
3,player,751,0,0,1025.36,312.73,1106.66,449.59,5
3,player,752,0,0,1021.81,311.97,1103.11,448.83,5
3,player,753,0,0,1018.26,311.21,1099.55,448.06,5
3,player,754,0,0,1014.71,310.44,1096.00,447.30,5
3,player,755,0,0,1011.16,309.68,1092.45,446.54,5
3,player,756,0,0,1007.61,308.91,1088.90,445.77,5
3,player,757,0,0,1004.06,308.15,1085.35,445.01,5
3,player,758,0,0,1000.51,307.39,1081.80,444.25,5
3,player,759,0,0,996.96,306.62,1078.25,443.48,5
3,player,760,0,0,993.41,305.86,1074.70,442.72,5
3,player,761,0,0,989.86,305.10,1071.15,441.95,5
3,player,762,0,0,986.30,304.33,1067.60,441.19,5
3,player,763,0,0,982.75,303.57,1064.05,440.43,5
3,player,764,0,0,979.20,302.81,1060.50,439.66,5
3,player,765,0,0,975.65,302.04,1056.95,438.90,5
3,player,766,0,0,972.10,301.28,1053.39,438.14,5
3,player,767,0,0,968.55,300.51,1049.84,437.37,5
3,player,768,0,0,969.81,300.01,1051.10,436.87,5
3,player,769,0,0,971.07,299.51,1052.36,436.37,5
3,player,770,0,0,972.32,299.01,1053.62,435.86,5
3,player,771,0,0,973.58,298.50,1054.87,435.36,5
3,player,772,0,0,974.84,298.00,1056.13,434.86,5
3,player,773,0,0,976.10,297.50,1057.39,434.35,5
3,player,774,0,0,977.35,296.99,1058.65,433.85,5
3,player,775,0,0,978.61,296.49,1059.91,433.35,5
3,player,776,0,0,979.87,295.99,1061.16,432.84,5
3,player,777,0,0,981.13,295.48,1062.42,432.34,5
3,player,778,0,0,982.39,294.98,1063.68,431.84,5
3,player,779,0,0,983.64,294.48,1064.94,431.34,5
3,player,780,0,0,984.90,293.97,1066.19,430.83,5
3,player,781,0,0,986.16,293.47,1067.45,430.33,5
3,player,782,0,0,987.42,292.97,1068.71,429.83,5
3,player,783,0,0,988.67,292.47,1069.97,429.32,5
3,player,784,0,0,989.93,291.96,1071.22,428.82,5
3,player,785,0,0,992.00,291.53,1073.29,428.39,5
3,player,786,0,0,994.07,291.11,1075.36,427.96,5
3,player,787,0,0,996.13,290.68,1077.43,427.54,5
3,player,788,0,0,998.20,290.25,1079.49,427.11,5
3,player,789,0,0,1000.27,289.82,1081.56,426.68,5
3,player,790,0,0,1002.33,289.40,1083.63,426.25,5
3,player,791,0,0,1004.40,288.97,1085.69,425.83,5
3,player,792,0,0,1006.47,288.54,1087.76,425.40,5
3,player,793,0,0,1008.53,288.11,1089.83,424.97,5
3,player,794,0,0,1010.60,287.69,1091.89,424.54,5
3,player,795,0,0,1012.67,287.26,1093.96,424.12,5
3,player,796,0,0,1014.73,286.83,1096.03,423.69,5
3,player,797,0,0,1016.80,286.40,1098.09,423.26,5
3,player,798,0,0,1018.87,285.98,1100.16,422.83,5
3,player,799,0,0,1020.93,285.55,1102.23,422.41,5
3,player,800,0,0,1023.00,285.12,1104.29,421.98,5
3,player,801,0,0,1025.07,284.69,1106.36,421.55,5
3,player,802,0,0,1027.13,284.27,1108.43,421.12,5
3,player,803,0,0,1029.20,283.84,1110.49,420.70,5
3,player,804,0,0,1031.27,283.41,1112.56,420.27,5
3,player,805,0,0,1033.34,282.98,1114.63,419.84,5
3,player,806,0,0,1035.40,282.55,1116.70,419.41,5
3,player,807,0,0,1037.47,282.13,1118.76,418.99,5
3,player,808,0,0,1039.54,281.70,1120.83,418.56,5
3,player,809,0,0,1041.60,281.27,1122.90,418.13,5
3,player,810,0,0,1043.67,280.84,1124.96,417.70,5
3,player,811,0,0,1045.74,280.42,1127.03,417.27,5
3,player,812,0,0,1047.80,279.99,1129.10,416.85,5
3,player,813,0,0,1049.87,279.56,1131.16,416.42,5
3,player,814,0,0,1051.94,279.13,1133.23,415.99,5
3,player,815,0,0,1053.81,279.58,1135.10,416.44,5
3,player,816,0,0,1055.68,280.02,1136.97,416.88,5
3,player,817,0,0,1057.55,280.47,1138.84,417.33,5
3,player,818,0,0,1059.42,280.92,1140.71,417.77,5
3,player,819,0,0,1061.29,281.36,1142.58,418.22,5
3,player,820,0,0,1063.16,281.81,1144.45,418.66,5
3,player,821,0,0,1065.03,282.25,1146.33,419.11,5
3,player,822,0,0,1066.90,282.70,1148.20,419.56,5
3,player,823,0,0,1068.77,283.14,1150.07,420.00,5
3,player,824,0,0,1070.64,283.59,1151.94,420.45,5
3,player,825,0,0,1072.52,284.03,1153.81,420.89,5
3,player,826,0,0,1074.39,284.48,1155.68,421.34,5
3,player,827,0,0,1076.26,284.92,1157.55,421.78,5
3,player,828,0,0,1078.13,285.37,1159.42,422.23,5
3,player,829,0,0,1080.00,285.82,1161.29,422.67,5
3,player,830,0,0,1081.87,286.26,1163.16,423.12,5
3,player,831,0,0,1083.74,286.71,1165.03,423.56,5
3,player,832,0,0,1085.61,287.15,1166.90,424.01,5
3,player,833,0,0,1087.48,287.60,1168.78,424.46,5
3,player,834,0,0,1089.35,288.04,1170.65,424.90,5
3,player,835,0,0,1091.22,288.49,1172.52,425.35,5
3,player,836,0,0,1093.09,288.93,1174.39,425.79,5
3,player,837,0,0,1094.97,289.38,1176.26,426.24,5
3,player,838,0,0,1096.84,289.82,1178.13,426.68,5
3,player,839,0,0,1100.13,291.47,1181.42,428.33,5
3,player,840,0,0,1103.41,293.11,1184.71,429.97,5
3,player,841,0,0,1106.70,294.76,1188.00,431.62,5
3,player,842,0,0,1109.99,296.40,1191.29,433.26,5
3,player,843,0,0,1113.28,298.05,1194.58,434.91,5
3,player,844,0,0,1116.57,299.69,1197.87,436.55,5
3,player,845,0,0,1119.86,301.34,1201.15,438.20,5
3,player,846,0,0,1123.15,302.98,1204.44,439.84,5
3,player,847,0,0,1126.44,304.63,1207.73,441.48,5
3,player,848,0,0,1129.73,306.27,1211.02,443.13,5
3,player,849,0,0,1133.02,307.92,1214.31,444.77,5
3,player,850,0,0,1136.31,309.56,1217.60,446.42,5
3,player,851,0,0,1139.60,311.21,1220.89,448.06,5
3,player,852,0,0,1145.65,311.44,1226.95,448.30,5
3,player,853,0,0,1151.71,311.68,1233.00,448.54,5
3,player,854,0,0,1157.77,311.92,1239.06,448.78,5
3,player,855,0,0,1163.83,312.16,1245.12,449.01,5
3,player,856,0,0,1169.88,312.39,1251.18,449.25,5
3,player,857,0,0,1175.94,312.63,1257.23,449.49,5
3,player,858,0,0,1182.00,312.87,1263.29,449.73,5
3,player,859,0,0,1188.05,313.11,1269.35,449.96,5
3,player,860,0,0,1194.11,313.34,1275.40,450.20,5
3,player,861,0,0,1200.17,313.58,1281.46,450.44,5
3,player,862,0,0,1206.22,313.82,1287.52,450.68,5
3,player,863,0,0,1212.28,314.06,1293.57,450.92,5
3,player,864,0,0,1218.34,314.30,1299.63,451.15,5
3,player,865,0,0,1224.40,314.53,1305.69,451.39,5
3,player,866,0,0,1230.45,314.77,1311.75,451.63,5
3,player,867,0,0,1236.51,315.01,1317.80,451.87,5
3,player,868,0,0,1242.57,315.25,1323.86,452.10,5
3,player,869,0,0,1248.62,315.48,1329.92,452.34,5
3,player,870,0,0,1254.68,315.72,1335.97,452.58,5
3,player,871,0,0,1260.74,315.96,1342.03,452.82,5
3,player,872,0,0,1266.79,316.20,1348.09,453.06,5
3,player,873,0,0,1272.85,316.43,1354.14,453.29,5
3,player,874,0,0,1278.91,316.67,1360.20,453.53,5
3,player,875,0,0,1284.97,316.91,1366.26,453.77,5
3,player,876,0,0,1291.02,317.15,1372.32,454.01,5
3,player,877,0,0,1297.08,317.39,1378.37,454.24,5
3,player,878,0,0,1303.14,317.62,1384.43,454.48,5
3,player,879,0,0,1309.19,317.86,1390.49,454.72,5
3,player,880,0,0,1315.25,318.10,1396.54,454.96,5
3,player,881,0,0,1321.31,318.34,1402.60,455.19,5
3,player,882,0,0,1327.36,318.57,1408.66,455.43,5
3,player,883,0,0,1333.42,318.81,1414.71,455.67,5
3,player,884,0,0,1339.48,319.05,1420.77,455.91,5
3,player,885,0,0,1345.54,319.29,1426.83,456.15,5
3,player,886,0,0,1351.59,319.52,1432.89,456.38,5
3,player,887,0,0,1357.65,319.76,1438.94,456.62,5
3,player,888,0,0,1363.71,320.00,1445.00,456.86,5
3,player,889,0,0,1369.76,320.24,1451.06,457.10,5
3,player,890,0,0,1375.82,320.48,1457.11,457.33,5
3,player,891,0,0,1381.88,320.71,1463.17,457.57,5
3,player,892,0,0,1387.93,320.95,1469.23,457.81,5
3,player,893,0,0,1393.99,321.19,1475.28,458.05,5
3,player,894,0,0,1400.05,321.43,1481.34,458.28,5
3,player,895,0,0,1406.11,321.66,1487.40,458.52,5
3,player,896,0,0,1412.16,321.90,1493.46,458.76,5
3,player,897,0,0,1418.22,322.14,1499.51,459.00,5
3,player,898,0,0,1424.28,322.38,1505.57,459.24,5
3,player,899,0,0,1430.33,322.62,1511.63,459.47,5
4,player,52,0,0,1419.69,503.65,1500.94,649.04,6
4,player,53,0,0,1425.49,504.04,1506.74,649.43,6
4,player,54,0,0,1431.29,504.44,1512.54,649.83,6
4,player,55,0,0,1437.09,504.83,1518.34,650.22,6
4,player,56,0,0,1442.89,505.22,1524.14,650.61,6
4,player,57,0,0,1448.69,505.61,1529.94,651.00,6
4,player,58,0,0,1454.49,506.00,1535.74,651.39,6
4,player,59,0,0,1460.29,506.40,1541.54,651.79,6
4,player,60,0,0,1466.09,506.79,1547.34,652.18,6
4,player,61,0,0,1471.89,507.18,1553.14,652.57,6
4,player,62,0,0,1477.69,507.57,1558.94,652.96,6
4,player,63,0,0,1483.49,507.96,1564.74,653.35,6
4,player,64,0,0,1489.30,508.35,1570.54,653.74,6
4,player,65,0,0,1495.10,508.75,1576.34,654.14,6
4,player,66,0,0,1500.90,509.14,1582.14,654.53,6
4,player,67,0,0,1506.70,509.53,1587.94,654.92,6
4,player,68,0,0,1512.50,509.92,1593.74,655.31,6
4,player,69,0,0,1518.30,510.31,1599.54,655.70,6
4,player,70,0,0,1524.10,510.70,1605.35,656.10,6
4,player,71,0,0,1529.90,511.10,1611.15,656.49,6
4,player,72,0,0,1535.70,511.49,1616.95,656.88,6
4,player,73,0,0,1541.50,511.88,1622.75,657.27,6
4,player,74,0,0,1547.30,512.27,1628.55,657.66,6
4,player,75,0,0,1553.10,512.66,1634.35,658.05,6
4,player,76,0,0,1558.90,513.06,1640.15,658.45,6
4,player,77,0,0,1564.70,513.45,1645.95,658.84,6
4,player,78,0,0,1570.50,513.84,1651.75,659.23,6
4,player,79,0,0,1576.30,514.23,1657.55,659.62,6
4,player,80,0,0,1582.10,514.62,1663.35,660.01,6
4,player,81,0,0,1587.90,515.01,1669.15,660.41,6
4,player,82,0,0,1593.70,515.41,1674.95,660.80,6
4,player,83,0,0,1599.50,515.80,1680.75,661.19,6
4,player,84,0,0,1605.31,516.19,1686.55,661.58,6
4,player,85,0,0,1611.11,516.58,1692.35,661.97,6
4,player,86,0,0,1616.91,516.97,1698.15,662.36,6
4,player,87,0,0,1622.71,517.37,1703.95,662.76,6
4,player,88,0,0,1628.51,517.76,1709.75,663.15,6
4,player,89,0,0,1634.31,518.15,1715.55,663.54,6
4,player,90,0,0,1633.39,514.94,1714.64,660.33,6
4,player,91,0,0,1632.47,511.74,1713.72,657.13,6
4,player,92,0,0,1631.56,508.53,1712.81,653.92,6
4,player,93,0,0,1630.64,505.32,1711.89,650.71,6
4,player,94,0,0,1629.73,502.11,1710.97,647.50,6
4,player,95,0,0,1628.81,498.91,1710.06,644.30,6
4,player,96,0,0,1627.89,495.70,1709.14,641.09,6
4,player,97,0,0,1626.98,492.49,1708.22,637.88,6
4,player,98,0,0,1626.06,489.29,1707.31,634.68,6
4,player,99,0,0,1625.14,486.08,1706.39,631.47,6
4,player,100,0,0,1624.23,482.87,1705.48,628.26,6
4,player,101,0,0,1623.31,479.66,1704.56,625.05,6
4,player,102,0,0,1622.40,476.46,1703.64,621.85,6
4,player,103,0,0,1621.48,473.25,1702.73,618.64,6
4,player,104,0,0,1620.56,470.04,1701.81,615.43,6
4,player,105,0,0,1619.65,466.84,1700.89,612.23,6
4,player,106,0,0,1618.73,463.63,1699.98,609.02,6
4,player,107,0,0,1617.81,460.42,1699.06,605.81,6
4,player,108,0,0,1616.90,457.21,1698.14,602.60,6
4,player,109,0,0,1615.98,454.01,1697.23,599.40,6
4,player,110,0,0,1615.06,450.80,1696.31,596.19,6
4,player,111,0,0,1614.15,447.59,1695.40,592.98,6
4,player,112,0,0,1613.23,444.39,1694.48,589.78,6
4,player,113,0,0,1612.32,441.18,1693.56,586.57,6
4,player,114,0,0,1611.40,437.97,1692.65,583.36,6
4,player,115,0,0,1610.48,434.76,1691.73,580.15,6
4,player,116,0,0,1609.57,431.56,1690.81,576.95,6
4,player,117,0,0,1608.65,428.35,1689.90,573.74,6
4,player,118,0,0,1607.58,426.21,1688.83,571.60,6
4,player,119,0,0,1606.51,424.07,1687.76,569.46,6
4,player,120,0,0,1605.44,421.94,1686.69,567.33,6
4,player,121,0,0,1604.37,419.80,1685.62,565.19,6
4,player,122,0,0,1603.31,417.66,1684.55,563.05,6
4,player,123,0,0,1602.24,415.52,1683.48,560.91,6
4,player,124,0,0,1601.17,413.38,1682.41,558.77,6
4,player,125,0,0,1600.10,411.24,1681.35,556.64,6
4,player,126,0,0,1599.03,409.11,1680.28,554.50,6
4,player,127,0,0,1597.96,406.97,1679.21,552.36,6
4,player,128,0,0,1596.89,404.83,1678.14,550.22,6
4,player,129,0,0,1595.82,402.69,1677.07,548.08,6
4,player,130,0,0,1594.75,400.55,1676.00,545.95,6
4,player,131,0,0,1593.68,398.42,1674.93,543.81,6
4,player,132,0,0,1592.61,396.28,1673.86,541.67,6
4,player,133,0,0,1591.55,394.14,1672.79,539.53,6
4,player,134,0,0,1590.48,392.00,1671.72,537.39,6
4,player,135,0,0,1589.41,389.86,1670.65,535.25,6
4,player,136,0,0,1588.34,387.73,1669.59,533.12,6
4,player,137,0,0,1587.27,385.59,1668.52,530.98,6
4,player,138,0,0,1586.20,383.45,1667.45,528.84,6
4,player,139,0,0,1585.13,381.31,1666.38,526.70,6
4,player,140,0,0,1584.06,379.17,1665.31,524.56,6
4,player,141,0,0,1582.99,377.04,1664.24,522.43,6
4,player,142,0,0,1581.92,374.90,1663.17,520.29,6
4,player,143,0,0,1580.86,372.76,1662.10,518.15,6
4,player,144,0,0,1579.79,370.62,1661.03,516.01,6
4,player,145,0,0,1578.72,368.48,1659.96,513.87,6
4,player,146,0,0,1577.65,366.35,1658.90,511.74,6
4,player,147,0,0,1576.58,364.21,1657.83,509.60,6
4,player,148,0,0,1575.51,362.07,1656.76,507.46,6
4,player,149,0,0,1574.44,359.93,1655.69,505.32,6
4,player,150,0,0,1573.37,357.79,1654.62,503.18,6
4,player,151,0,0,1572.30,355.65,1653.55,501.05,6
4,player,152,0,0,1571.23,353.52,1652.48,498.91,6
4,player,153,0,0,1570.17,351.38,1651.41,496.77,6
4,player,154,0,0,1569.10,349.24,1650.34,494.63,6
4,player,155,0,0,1568.03,347.10,1649.27,492.49,6
4,player,156,0,0,1566.96,344.96,1648.21,490.36,6
4,player,157,0,0,1565.89,342.83,1647.14,488.22,6
4,player,158,0,0,1564.82,340.69,1646.07,486.08,6
4,player,159,0,0,1563.75,338.55,1645.00,483.94,6
4,player,160,0,0,1562.68,336.41,1643.93,481.80,6
4,player,161,0,0,1561.61,334.27,1642.86,479.66,6
4,player,162,0,0,1560.54,332.14,1641.79,477.53,6
4,player,163,0,0,1559.47,330.00,1640.72,475.39,6
4,player,164,0,0,1558.41,327.86,1639.65,473.25,6
4,player,165,0,0,1557.34,325.72,1638.58,471.11,6
4,player,166,0,0,1556.80,326.26,1638.05,471.65,6
4,player,167,0,0,1556.27,326.79,1637.51,472.18,6
4,player,168,0,0,1555.73,327.33,1636.98,472.72,6
4,player,169,0,0,1555.20,327.86,1636.45,473.25,6
4,player,170,0,0,1554.66,328.39,1635.91,473.79,6
4,player,171,0,0,1554.13,328.93,1635.38,474.32,6
4,player,172,0,0,1553.60,329.46,1634.84,474.85,6
4,player,173,0,0,1553.06,330.00,1634.31,475.39,6
4,player,174,0,0,1556.05,330.00,1637.30,475.39,6
4,player,175,0,0,1559.05,330.00,1640.29,475.39,6
4,player,176,0,0,1562.04,330.00,1643.29,475.39,6
4,player,177,0,0,1565.03,330.00,1646.28,475.39,6
4,player,178,0,0,1568.03,330.00,1649.27,475.39,6
4,player,179,0,0,1573.16,330.85,1654.40,476.24,6
4,player,180,0,0,1578.29,331.71,1659.54,477.10,6
4,player,181,0,0,1583.42,332.56,1664.67,477.95,6
4,player,182,0,0,1588.55,333.42,1669.80,478.81,6
4,player,183,0,0,1593.68,334.27,1674.93,479.67,6
4,player,184,0,0,1602.95,336.59,1684.20,481.98,6
4,player,185,0,0,1612.21,338.91,1693.46,484.30,6
4,player,186,0,0,1621.48,341.22,1702.73,486.61,6
4,player,187,0,0,1630.74,343.54,1711.99,488.93,6
4,player,188,0,0,1640.01,345.86,1721.26,491.25,6
4,player,189,0,0,1649.27,348.17,1730.52,493.56,6
4,player,190,0,0,1658.54,350.49,1739.79,495.88,6
4,player,191,0,0,1667.80,352.80,1749.05,498.19,6
4,player,192,0,0,1677.07,355.12,1758.32,500.51,6
4,player,193,0,0,1686.33,357.44,1767.58,502.83,6
4,player,194,0,0,1695.60,359.75,1776.85,505.14,6
4,player,195,0,0,1704.86,362.07,1786.11,507.46,6
4,player,196,0,0,1714.13,364.39,1795.38,509.78,6
4,player,197,0,0,1723.39,366.70,1804.64,512.09,6
4,player,198,0,0,1732.66,369.02,1813.91,514.41,6
4,player,199,0,0,1741.92,371.33,1823.17,516.72,6
4,player,200,0,0,1751.19,373.65,1832.44,519.04,6
4,player,201,0,0,1760.45,375.97,1841.70,521.36,6
4,player,202,0,0,1769.72,378.28,1850.97,523.67,6
4,player,203,0,0,1778.98,380.60,1860.23,525.99,6
4,player,204,0,0,1788.25,382.92,1869.50,528.31,6
4,player,205,0,0,1797.51,385.23,1878.76,530.62,6
4,player,206,0,0,1806.78,387.55,1888.03,532.94,6
4,player,207,0,0,1816.04,389.86,1897.29,535.25,6
4,player,208,0,0,1816.04,389.86,1897.29,535.25,6
4,player,209,0,0,1816.04,389.86,1897.29,535.25,6
4,player,210,0,0,1816.04,389.86,1897.29,535.25,6
4,player,211,0,0,1816.04,389.86,1897.29,535.25,6
4,player,212,0,0,1816.04,389.86,1897.29,535.25,6
4,player,213,0,0,1816.04,389.86,1897.29,535.25,6
4,player,214,0,0,1816.04,389.86,1897.29,535.25,6
4,player,215,0,0,1816.04,389.86,1897.29,535.25,6
4,player,216,0,0,1816.04,389.86,1897.29,535.25,6
4,player,217,0,0,1816.04,389.86,1897.29,535.25,6
4,player,218,0,0,1816.04,389.86,1897.29,535.25,6
4,player,219,0,0,1816.04,389.86,1897.29,535.25,6
4,player,220,0,0,1816.04,389.86,1897.29,535.25,6
4,player,221,0,0,1816.04,389.86,1897.29,535.25,6
4,player,222,0,0,1816.04,389.86,1897.29,535.25,6
4,player,223,0,0,1816.04,389.86,1897.29,535.25,6
4,player,224,0,0,1816.04,389.86,1897.29,535.25,6
4,player,225,0,0,1816.04,389.86,1897.29,535.25,6
4,player,226,0,0,1816.04,389.86,1897.29,535.25,6
4,player,227,0,0,1816.04,389.86,1897.29,535.25,6
4,player,228,0,0,1816.04,389.86,1897.29,535.25,6
4,player,229,0,0,1816.04,389.86,1897.29,535.25,6
4,player,230,0,0,1816.04,389.86,1897.29,535.25,6
4,player,231,0,0,1816.04,389.86,1897.29,535.25,6
4,player,232,0,0,1816.04,389.86,1897.29,535.25,6
4,player,233,0,0,1816.04,389.86,1897.29,535.25,6
4,player,234,0,0,1816.04,389.86,1897.29,535.25,6
4,player,235,0,0,1816.04,389.86,1897.29,535.25,6
4,player,236,0,0,1816.04,389.86,1897.29,535.25,6
4,player,237,0,0,1816.04,389.86,1897.29,535.25,6
4,player,238,0,0,1816.04,389.86,1897.29,535.25,6
4,player,239,0,0,1816.04,389.86,1897.29,535.25,6
4,player,240,0,0,1816.04,389.86,1897.29,535.25,6
4,player,241,0,0,1816.04,389.86,1897.29,535.25,6
4,player,242,0,0,1816.04,389.86,1897.29,535.25,6
4,player,243,0,0,1816.04,389.86,1897.29,535.25,6
4,player,244,0,0,1816.04,389.86,1897.29,535.25,6
4,player,245,0,0,1816.04,389.86,1897.29,535.25,6
4,player,246,0,0,1816.04,389.86,1897.29,535.25,6
4,player,247,0,0,1816.04,389.86,1897.29,535.25,6
4,player,248,0,0,1816.04,389.86,1897.29,535.25,6
4,player,249,0,0,1816.04,389.86,1897.29,535.25,6
4,player,250,0,0,1816.04,389.86,1897.29,535.25,6
4,player,251,0,0,1816.04,389.86,1897.29,535.25,6
4,player,252,0,0,1816.04,389.86,1897.29,535.25,6
4,player,253,0,0,1816.04,389.86,1897.29,535.25,6
4,player,254,0,0,1816.04,389.86,1897.29,535.25,6
4,player,255,0,0,1816.04,389.86,1897.29,535.25,6
4,player,256,0,0,1816.04,389.86,1897.29,535.25,6
4,player,257,0,0,1816.04,389.86,1897.29,535.25,6
4,player,258,0,0,1816.04,389.86,1897.29,535.25,6
4,player,259,0,0,1816.04,389.86,1897.29,535.25,6
4,player,260,0,0,1816.04,389.86,1897.29,535.25,6
4,player,261,0,0,1816.04,389.86,1897.29,535.25,6
4,player,262,0,0,1816.04,389.86,1897.29,535.25,6
4,player,263,0,0,1816.04,389.86,1897.29,535.25,6
4,player,264,0,0,1816.04,389.86,1897.29,535.25,6
4,player,265,0,0,1816.04,389.86,1897.29,535.25,6
4,player,266,1,0,1816.04,389.86,1897.29,535.25,6
5,player,52,0,0,1582.18,304.81,1663.43,450.20,-1
5,player,53,0,0,1584.32,305.10,1665.57,450.49,-1
5,player,54,0,0,1586.46,305.39,1667.71,450.78,-1
5,player,55,0,0,1588.60,305.68,1669.84,451.07,-1
5,player,56,0,0,1590.74,305.97,1671.98,451.36,-1
5,player,57,0,0,1592.87,306.26,1674.12,451.65,-1
5,player,58,0,0,1595.01,306.54,1676.26,451.93,-1
5,player,59,0,0,1597.15,306.83,1678.40,452.22,-1
5,player,60,0,0,1599.29,307.12,1680.53,452.51,-1
5,player,61,0,0,1601.43,307.41,1682.67,452.80,-1
5,player,62,0,0,1603.56,307.70,1684.81,453.09,-1
5,player,63,0,0,1605.70,307.99,1686.95,453.38,-1
5,player,64,0,0,1607.84,308.28,1689.09,453.67,-1
5,player,65,0,0,1609.98,308.57,1691.22,453.96,-1
5,player,66,0,0,1612.12,308.86,1693.36,454.25,-1
5,player,67,0,0,1614.25,309.14,1695.50,454.54,-1
5,player,68,0,0,1616.39,309.43,1697.64,454.82,-1
5,player,69,0,0,1618.53,309.72,1699.78,455.11,-1
5,player,70,0,0,1620.67,310.01,1701.92,455.40,-1
5,player,71,0,0,1622.81,310.30,1704.05,455.69,-1
5,player,72,0,0,1624.94,310.59,1706.19,455.98,-1
5,player,73,0,0,1627.08,310.88,1708.33,456.27,-1
5,player,74,0,0,1629.22,311.17,1710.47,456.56,-1
5,player,75,0,0,1631.36,311.46,1712.61,456.85,-1
5,player,76,0,0,1633.50,311.74,1714.74,457.14,-1
5,player,77,0,0,1635.63,312.03,1716.88,457.42,-1
5,player,78,0,0,1637.77,312.32,1719.02,457.71,-1
5,player,79,0,0,1639.91,312.61,1721.16,458.00,-1
5,player,80,0,0,1642.05,312.90,1723.30,458.29,-1
5,player,81,0,0,1644.19,313.19,1725.43,458.58,-1
5,player,82,0,0,1646.32,313.48,1727.57,458.87,-1
5,player,83,0,0,1648.46,313.77,1729.71,459.16,-1
5,player,84,0,0,1650.60,314.06,1731.85,459.45,-1
5,player,85,0,0,1652.74,314.35,1733.99,459.74,-1
5,player,86,0,0,1654.88,314.63,1736.12,460.02,-1
5,player,87,0,0,1657.01,314.92,1738.26,460.31,-1
5,player,88,0,0,1659.15,315.21,1740.40,460.60,-1
5,player,89,0,0,1661.29,315.50,1742.54,460.89,-1
5,player,90,0,0,1662.05,312.90,1743.30,458.30,-1
5,player,91,0,0,1662.82,310.31,1744.07,455.70,-1
5,player,92,0,0,1663.58,307.71,1744.83,453.10,-1
5,player,93,0,0,1664.35,305.12,1745.59,450.51,-1
5,player,94,0,0,1665.11,302.52,1746.36,447.91,-1
5,player,95,0,0,1665.87,299.92,1747.12,445.31,-1
5,player,96,0,0,1666.64,297.33,1747.88,442.72,-1
5,player,97,0,0,1667.40,294.73,1748.65,440.12,-1
5,player,98,0,0,1668.16,292.13,1749.41,437.53,-1
5,player,99,0,0,1668.93,289.54,1750.17,434.93,-1
5,player,100,0,0,1669.69,286.94,1750.94,432.33,-1
5,player,101,0,0,1670.45,284.35,1751.70,429.74,-1
5,player,102,0,0,1671.22,281.75,1752.46,427.14,-1
5,player,103,0,0,1671.98,279.15,1753.23,424.54,-1
5,player,104,0,0,1672.75,276.56,1753.99,421.95,-1
5,player,105,0,0,1673.51,273.96,1754.76,419.35,-1
5,player,106,0,0,1674.27,271.36,1755.52,416.76,-1
5,player,107,0,0,1675.04,268.77,1756.28,414.16,-1
5,player,108,0,0,1675.80,266.17,1757.05,411.56,-1
5,player,109,0,0,1676.56,263.58,1757.81,408.97,-1
5,player,110,0,0,1677.33,260.98,1758.57,406.37,-1
5,player,111,0,0,1678.09,258.38,1759.34,403.77,-1
5,player,112,0,0,1678.85,255.79,1760.10,401.18,-1
5,player,113,0,0,1679.62,253.19,1760.86,398.58,-1
5,player,114,0,0,1680.38,250.59,1761.63,395.99,-1
5,player,115,0,0,1681.14,248.00,1762.39,393.39,-1
5,player,116,0,0,1681.91,245.40,1763.16,390.79,-1
5,player,117,0,0,1682.67,242.81,1763.92,388.20,-1
5,player,118,0,0,1684.99,240.36,1766.24,385.75,-1
5,player,119,0,0,1687.30,237.91,1768.55,383.30,-1
5,player,120,0,0,1689.62,235.46,1770.87,380.85,-1
5,player,121,0,0,1691.94,233.01,1773.18,378.40,-1
5,player,122,0,0,1694.25,230.56,1775.50,375.95,-1
5,player,123,0,0,1696.57,228.11,1777.82,373.50,-1
5,player,124,0,0,1698.89,225.66,1780.13,371.05,-1
5,player,125,0,0,1701.20,223.21,1782.45,368.60,-1
5,player,126,0,0,1703.52,220.76,1784.77,366.15,-1
5,player,127,0,0,1705.83,218.31,1787.08,363.70,-1
5,player,128,0,0,1708.15,215.86,1789.40,361.25,-1
5,player,129,0,0,1710.47,213.41,1791.71,358.80,-1
5,player,130,0,0,1712.78,210.96,1794.03,356.35,-1
5,player,131,0,0,1715.10,208.51,1796.35,353.90,-1
5,player,132,0,0,1717.42,206.06,1798.66,351.45,-1
5,player,133,0,0,1719.73,203.61,1800.98,349.00,-1
5,player,134,0,0,1722.05,201.16,1803.30,346.55,-1
5,player,135,0,0,1724.36,198.71,1805.61,344.10,-1
5,player,136,0,0,1726.68,196.26,1807.93,341.65,-1
5,player,137,0,0,1729.00,193.81,1810.24,339.20,-1
5,player,138,0,0,1731.31,191.36,1812.56,336.75,-1
5,player,139,0,0,1733.63,188.91,1814.88,334.30,-1
5,player,140,0,0,1735.95,186.46,1817.19,331.85,-1
5,player,141,0,0,1738.26,184.01,1819.51,329.40,-1
5,player,142,0,0,1740.58,181.56,1821.83,326.95,-1
5,player,143,0,0,1742.89,179.11,1824.14,324.50,-1
5,player,144,0,0,1745.21,176.66,1826.46,322.05,-1
5,player,145,0,0,1747.53,174.21,1828.77,319.60,-1
5,player,146,0,0,1749.84,171.76,1831.09,317.15,-1
5,player,147,0,0,1752.16,169.31,1833.41,314.70,-1
5,player,148,0,0,1754.48,166.86,1835.72,312.25,-1
5,player,149,0,0,1756.79,164.41,1838.04,309.80,-1
5,player,150,0,0,1759.11,161.96,1840.36,307.35,-1
5,player,151,0,0,1761.42,159.51,1842.67,304.90,-1
5,player,152,0,0,1763.74,157.06,1844.99,302.45,-1
5,player,153,0,0,1766.06,154.61,1847.30,300.00,-1
5,player,154,0,0,1768.37,152.16,1849.62,297.55,-1
5,player,155,0,0,1770.69,149.71,1851.94,295.10,-1
5,player,156,0,0,1773.01,147.26,1854.25,292.65,-1
5,player,157,0,0,1775.32,144.81,1856.57,290.20,-1
5,player,158,0,0,1777.64,142.36,1858.89,287.75,-1
5,player,159,0,0,1779.95,139.91,1861.20,285.30,-1
5,player,160,0,0,1782.27,137.46,1863.52,282.85,-1
5,player,161,0,0,1784.59,135.01,1865.83,280.40,-1
5,player,162,0,0,1786.90,132.56,1868.15,277.95,-1
5,player,163,0,0,1789.22,130.11,1870.47,275.50,-1
5,player,164,0,0,1791.54,127.66,1872.78,273.05,-1
5,player,165,0,0,1793.85,125.21,1875.10,270.60,-1
5,player,166,0,0,1794.46,125.77,1875.71,271.16,-1
5,player,167,0,0,1795.07,126.33,1876.32,271.72,-1
5,player,168,0,0,1795.69,126.89,1876.93,272.28,-1
5,player,169,0,0,1796.30,127.45,1877.54,272.84,-1
5,player,170,0,0,1796.91,128.01,1878.15,273.40,-1
5,player,171,0,0,1797.52,128.57,1878.76,273.96,-1
5,player,172,0,0,1798.13,129.13,1879.38,274.52,-1
5,player,173,0,0,1798.74,129.69,1879.99,275.08,-1
5,player,174,0,0,1799.35,130.25,1880.60,275.64,-1
5,player,175,0,0,1799.96,130.81,1881.21,276.20,-1
5,player,176,0,0,1800.57,131.37,1881.82,276.76,-1
5,player,177,0,0,1801.18,131.93,1882.43,277.32,-1
5,player,178,0,0,1801.79,132.49,1883.04,277.88,-1
5,player,179,0,0,1802.40,133.05,1883.65,278.44,-1
5,player,180,0,0,1803.02,133.61,1884.26,279.00,-1
5,player,181,0,0,1803.63,134.17,1884.87,279.56,-1
5,player,182,0,0,1804.24,134.73,1885.48,280.12,-1
5,player,183,0,0,1804.85,135.29,1886.10,280.68,-1
5,player,184,0,0,1805.46,135.85,1886.71,281.24,-1
5,player,185,0,0,1806.07,136.41,1887.32,281.80,-1
5,player,186,0,0,1806.68,136.97,1887.93,282.36,-1
5,player,187,0,0,1807.29,137.53,1888.54,282.92,-1
5,player,188,0,0,1807.90,138.09,1889.15,283.48,-1
5,player,189,0,0,1808.51,138.65,1889.76,284.04,-1
5,player,190,0,0,1809.12,139.21,1890.37,284.60,-1
5,player,191,0,0,1809.74,139.77,1890.98,285.16,-1
5,player,192,0,0,1810.35,140.33,1891.59,285.72,-1
5,player,193,0,0,1810.96,140.89,1892.20,286.28,-1
5,player,194,0,0,1811.57,141.45,1892.82,286.84,-1
5,player,195,0,0,1812.18,142.01,1893.43,287.40,-1
5,player,196,0,0,1812.79,142.57,1894.04,287.96,-1
5,player,197,0,0,1813.40,143.13,1894.65,288.52,-1
5,player,198,0,0,1814.01,143.69,1895.26,289.08,-1
5,player,199,0,0,1814.62,144.25,1895.87,289.64,-1
5,player,200,0,0,1815.23,144.81,1896.48,290.20,-1
5,player,201,0,0,1815.84,145.37,1897.09,290.76,-1
5,player,202,0,0,1816.46,145.93,1897.70,291.32,-1
5,player,203,0,0,1817.07,146.49,1898.31,291.88,-1
5,player,204,0,0,1817.68,147.05,1898.92,292.44,-1
5,player,205,0,0,1818.29,147.61,1899.54,293.00,-1
5,player,206,0,0,1818.90,148.17,1900.15,293.56,-1
5,player,207,0,0,1819.51,148.73,1900.76,294.12,-1
5,player,208,0,0,1819.51,148.73,1900.76,294.12,-1
5,player,209,0,0,1819.51,148.73,1900.76,294.12,-1
5,player,210,0,0,1819.51,148.73,1900.76,294.12,-1
5,player,211,0,0,1819.51,148.73,1900.76,294.12,-1
5,player,212,0,0,1819.51,148.73,1900.76,294.12,-1
5,player,213,0,0,1819.51,148.73,1900.76,294.12,-1
5,player,214,0,0,1819.51,148.73,1900.76,294.12,-1
5,player,215,0,0,1819.51,148.73,1900.76,294.12,-1
5,player,216,0,0,1819.51,148.73,1900.76,294.12,-1
5,player,217,0,0,1819.51,148.73,1900.76,294.12,-1
5,player,218,0,0,1819.51,148.73,1900.76,294.12,-1
5,player,219,0,0,1819.51,148.73,1900.76,294.12,-1
5,player,220,0,0,1819.51,148.73,1900.76,294.12,-1
5,player,221,0,0,1819.51,148.73,1900.76,294.12,-1
5,player,222,0,0,1819.51,148.73,1900.76,294.12,-1
5,player,223,0,0,1819.51,148.73,1900.76,294.12,-1
5,player,224,0,0,1819.51,148.73,1900.76,294.12,-1
5,player,225,0,0,1819.51,148.73,1900.76,294.12,-1
5,player,226,0,0,1819.51,148.73,1900.76,294.12,-1
5,player,227,0,0,1819.51,148.73,1900.76,294.12,-1
5,player,228,0,0,1819.51,148.73,1900.76,294.12,-1
5,player,229,0,0,1819.51,148.73,1900.76,294.12,-1
5,player,230,0,0,1819.51,148.73,1900.76,294.12,-1
5,player,231,0,0,1819.51,148.73,1900.76,294.12,-1
5,player,232,0,0,1819.51,148.73,1900.76,294.12,-1
5,player,233,0,0,1819.51,148.73,1900.76,294.12,-1
5,player,234,0,0,1819.51,148.73,1900.76,294.12,-1
5,player,235,0,0,1819.51,148.73,1900.76,294.12,-1
5,player,236,0,0,1819.51,148.73,1900.76,294.12,-1
5,player,237,0,0,1819.51,148.73,1900.76,294.12,-1
5,player,238,0,0,1819.51,148.73,1900.76,294.12,-1
5,player,239,0,0,1819.51,148.73,1900.76,294.12,-1
5,player,240,0,0,1819.51,148.73,1900.76,294.12,-1
5,player,241,0,0,1819.51,148.73,1900.76,294.12,-1
5,player,242,0,0,1819.51,148.73,1900.76,294.12,-1
5,player,243,0,0,1819.51,148.73,1900.76,294.12,-1
5,player,244,0,0,1819.51,148.73,1900.76,294.12,-1
5,player,245,0,0,1819.51,148.73,1900.76,294.12,-1
5,player,246,0,0,1819.51,148.73,1900.76,294.12,-1
5,player,247,0,0,1819.51,148.73,1900.76,294.12,-1
5,player,248,0,0,1819.51,148.73,1900.76,294.12,-1
5,player,249,0,0,1819.51,148.73,1900.76,294.12,-1
5,player,250,0,0,1819.51,148.73,1900.76,294.12,-1
5,player,251,0,0,1819.51,148.73,1900.76,294.12,-1
5,player,252,0,0,1819.51,148.73,1900.76,294.12,-1
5,player,253,0,0,1819.51,148.73,1900.76,294.12,-1
5,player,254,0,0,1819.51,148.73,1900.76,294.12,-1
5,player,255,0,0,1819.51,148.73,1900.76,294.12,-1
5,player,256,0,0,1819.51,148.73,1900.76,294.12,-1
5,player,257,0,0,1819.51,148.73,1900.76,294.12,-1
5,player,258,0,0,1819.51,148.73,1900.76,294.12,-1
5,player,259,0,0,1819.51,148.73,1900.76,294.12,-1
5,player,260,0,0,1819.51,148.73,1900.76,294.12,-1
5,player,261,0,0,1819.51,148.73,1900.76,294.12,-1
5,player,262,0,0,1819.51,148.73,1900.76,294.12,-1
5,player,263,0,0,1819.51,148.73,1900.76,294.12,-1
5,player,264,0,0,1819.51,148.73,1900.76,294.12,-1
5,player,265,0,0,1819.51,148.73,1900.76,294.12,-1
5,player,266,1,0,1819.51,148.73,1900.76,294.12,-1
6,player,52,0,0,1212.30,163.70,1278.57,292.00,-1
6,player,53,0,0,1219.35,163.47,1285.62,291.77,-1
6,player,54,0,0,1226.40,163.24,1292.67,291.54,-1
6,player,55,0,0,1233.45,163.00,1299.72,291.31,-1
6,player,56,0,0,1240.50,162.77,1306.77,291.08,-1
6,player,57,0,0,1247.55,162.54,1313.82,290.84,-1
6,player,58,0,0,1254.60,162.31,1320.87,290.61,-1
6,player,59,0,0,1261.65,162.08,1327.92,290.38,-1
6,player,60,0,0,1268.70,161.85,1334.97,290.15,-1
6,player,61,0,0,1275.75,161.62,1342.02,289.92,-1
6,player,62,0,0,1282.80,161.39,1349.07,289.69,-1
6,player,63,0,0,1289.85,161.15,1356.12,289.46,-1
6,player,64,0,0,1296.90,160.92,1363.17,289.23,-1
6,player,65,0,0,1303.95,160.69,1370.22,289.00,-1
6,player,66,0,0,1311.00,160.46,1377.27,288.76,-1
6,player,67,0,0,1318.05,160.23,1384.32,288.53,-1
6,player,68,0,0,1325.10,160.00,1391.37,288.30,-1
6,player,69,0,0,1332.15,159.77,1398.42,288.07,-1
6,player,70,0,0,1339.20,159.54,1405.47,287.84,-1
6,player,71,0,0,1346.25,159.31,1412.52,287.61,-1
6,player,72,0,0,1353.30,159.07,1419.57,287.38,-1
6,player,73,0,0,1360.35,158.84,1426.62,287.15,-1
6,player,74,0,0,1367.40,158.61,1433.67,286.92,-1
6,player,75,0,0,1374.45,158.38,1440.72,286.68,-1
6,player,76,0,0,1381.50,158.15,1447.77,286.45,-1
6,player,77,0,0,1388.55,157.92,1454.82,286.22,-1
6,player,78,0,0,1395.60,157.69,1461.87,285.99,-1
6,player,79,0,0,1402.65,157.46,1468.92,285.76,-1
6,player,80,0,0,1409.70,157.23,1475.97,285.53,-1
6,player,81,0,0,1416.75,156.99,1483.02,285.30,-1
6,player,82,0,0,1423.80,156.76,1490.07,285.07,-1
6,player,83,0,0,1430.85,156.53,1497.12,284.84,-1
6,player,84,0,0,1437.90,156.30,1504.17,284.60,-1
6,player,85,0,0,1444.95,156.07,1511.22,284.37,-1
6,player,86,0,0,1452.00,155.84,1518.27,284.14,-1
6,player,87,0,0,1459.05,155.61,1525.32,283.91,-1
6,player,88,0,0,1466.10,155.38,1532.37,283.68,-1
6,player,89,0,0,1473.15,155.15,1539.42,283.45,-1
6,player,90,0,0,1472.23,153.16,1538.50,281.46,-1
6,player,91,0,0,1471.31,151.17,1537.59,279.48,-1
6,player,92,0,0,1470.40,149.19,1536.67,277.49,-1
6,player,93,0,0,1469.48,147.20,1535.76,275.51,-1
6,player,94,0,0,1468.56,145.22,1534.84,273.52,-1
6,player,95,0,0,1467.65,143.23,1533.92,271.54,-1
6,player,96,0,0,1466.73,141.25,1533.01,269.55,-1
6,player,97,0,0,1465.82,139.26,1532.09,267.57,-1
6,player,98,0,0,1464.90,137.28,1531.17,265.58,-1
6,player,99,0,0,1463.98,135.29,1530.26,263.59,-1
6,player,100,0,0,1463.07,133.31,1529.34,261.61,-1
6,player,101,0,0,1462.15,131.32,1528.42,259.62,-1
6,player,102,0,0,1461.23,129.34,1527.51,257.64,-1
6,player,103,0,0,1460.32,127.35,1526.59,255.65,-1
6,player,104,0,0,1459.40,125.37,1525.68,253.67,-1
6,player,105,0,0,1458.49,123.38,1524.76,251.68,-1
6,player,106,0,0,1457.57,121.39,1523.84,249.70,-1
6,player,107,0,0,1456.65,119.41,1522.93,247.71,-1
6,player,108,0,0,1455.74,117.42,1522.01,245.73,-1
6,player,109,0,0,1454.82,115.44,1521.09,243.74,-1
6,player,110,0,0,1453.90,113.45,1520.18,241.76,-1
6,player,111,0,0,1452.99,111.47,1519.26,239.77,-1
6,player,112,0,0,1452.07,109.48,1518.35,237.79,-1
6,player,113,0,0,1451.15,107.50,1517.43,235.80,-1
6,player,114,0,0,1450.24,105.51,1516.51,233.81,-1
6,player,115,0,0,1449.32,103.53,1515.60,231.83,-1
6,player,116,0,0,1448.41,101.54,1514.68,229.84,-1
6,player,117,0,0,1447.49,99.56,1513.76,227.86,-1
6,player,118,0,0,1447.98,97.60,1514.25,225.90,-1
6,player,119,0,0,1448.47,95.64,1514.74,223.94,-1
6,player,120,0,0,1448.96,93.68,1515.23,221.98,-1
6,player,121,0,0,1449.45,91.72,1515.72,220.02,-1
6,player,122,0,0,1449.94,89.76,1516.21,218.06,-1
6,player,123,0,0,1450.43,87.80,1516.70,216.10,-1
6,player,124,0,0,1450.92,85.84,1517.19,214.14,-1
6,player,125,0,0,1451.41,83.88,1517.68,212.18,-1
6,player,126,0,0,1451.90,81.92,1518.17,210.22,-1
6,player,127,0,0,1452.39,79.96,1518.66,208.26,-1
6,player,128,0,0,1452.88,78.00,1519.15,206.30,-1
6,player,129,0,0,1453.37,76.04,1519.64,204.34,-1
6,player,130,0,0,1453.86,74.08,1520.13,202.38,-1
6,player,131,0,0,1454.35,72.12,1520.62,200.42,-1
6,player,132,0,0,1454.84,70.16,1521.11,198.46,-1
6,player,133,0,0,1455.33,68.20,1521.60,196.50,-1
6,player,134,0,0,1455.82,66.24,1522.09,194.54,-1
6,player,135,0,0,1456.31,64.28,1522.58,192.58,-1
6,player,136,0,0,1456.80,62.32,1523.07,190.62,-1
6,player,137,0,0,1457.29,60.36,1523.56,188.66,-1
6,player,138,0,0,1457.78,58.40,1524.05,186.70,-1
6,player,139,0,0,1458.27,56.44,1524.54,184.74,-1
6,player,140,0,0,1458.76,54.48,1525.03,182.78,-1
6,player,141,0,0,1459.25,52.52,1525.52,180.82,-1
6,player,142,0,0,1459.74,50.56,1526.01,178.86,-1
6,player,143,0,0,1460.23,48.60,1526.50,176.90,-1
6,player,144,0,0,1460.72,46.64,1526.99,174.94,-1
6,player,145,0,0,1461.21,44.68,1527.48,172.98,-1
6,player,146,0,0,1461.70,42.72,1527.97,171.02,-1
6,player,147,0,0,1462.19,40.76,1528.46,169.06,-1
6,player,148,0,0,1462.68,38.80,1528.95,167.10,-1
6,player,149,0,0,1463.17,36.84,1529.44,165.14,-1
6,player,150,0,0,1463.66,34.88,1529.93,163.18,-1
6,player,151,0,0,1464.15,32.92,1530.42,161.22,-1
6,player,152,0,0,1464.64,30.96,1530.91,159.26,-1
6,player,153,0,0,1465.13,29.00,1531.40,157.30,-1
6,player,154,0,0,1465.62,27.04,1531.89,155.34,-1
6,player,155,0,0,1466.11,25.08,1532.38,153.38,-1
6,player,156,0,0,1466.60,23.12,1532.87,151.42,-1
6,player,157,0,0,1467.09,21.16,1533.36,149.46,-1
6,player,158,0,0,1467.58,19.20,1533.85,147.50,-1
6,player,159,0,0,1468.07,17.24,1534.34,145.54,-1
6,player,160,0,0,1468.56,15.28,1534.83,143.58,-1
6,player,161,0,0,1469.05,13.32,1535.32,141.62,-1
6,player,162,0,0,1469.54,11.36,1535.81,139.66,-1
6,player,163,0,0,1470.03,9.40,1536.30,137.70,-1
6,player,164,0,0,1470.52,7.44,1536.79,135.74,-1
6,player,165,0,0,1471.01,5.48,1537.28,133.78,-1
6,player,166,0,0,1469.14,5.21,1535.41,133.52,-1
6,player,167,0,0,1467.27,4.95,1533.54,133.25,-1
6,player,168,0,0,1465.40,4.68,1531.67,132.98,-1
6,player,169,0,0,1463.52,4.41,1529.80,132.71,-1
6,player,170,0,0,1461.65,4.14,1527.93,132.45,-1
6,player,171,0,0,1459.78,3.88,1526.06,132.18,-1
6,player,172,0,0,1457.91,3.61,1524.19,131.91,-1
6,player,173,0,0,1456.04,3.34,1522.32,131.65,-1
6,player,174,0,0,1455.79,4.29,1522.06,132.59,-1
6,player,175,0,0,1455.54,5.23,1521.81,133.53,-1
6,player,176,0,0,1455.29,6.17,1521.56,134.48,-1
6,player,177,0,0,1455.03,7.12,1521.31,135.42,-1
6,player,178,0,0,1454.78,8.06,1521.06,136.36,-1
6,player,179,0,0,1454.53,9.00,1520.81,137.31,-1
6,player,180,0,0,1454.28,9.95,1520.55,138.25,-1
6,player,181,0,0,1454.03,10.89,1520.30,139.19,-1
6,player,182,0,0,1453.78,11.83,1520.05,140.13,-1
6,player,183,0,0,1453.53,12.78,1519.80,141.08,-1
6,player,184,0,0,1453.27,13.72,1519.55,142.02,-1
6,player,185,0,0,1453.02,14.66,1519.30,142.96,-1
6,player,186,0,0,1452.77,15.61,1519.05,143.91,-1
6,player,187,0,0,1452.52,16.55,1518.79,144.85,-1
6,player,188,0,0,1452.27,17.49,1518.54,145.79,-1
6,player,189,0,0,1452.02,18.44,1518.29,146.74,-1
6,player,190,0,0,1451.76,19.38,1518.04,147.68,-1
6,player,191,0,0,1451.51,20.32,1517.79,148.62,-1
6,player,192,0,0,1451.26,21.26,1517.54,149.57,-1
6,player,193,0,0,1451.01,22.21,1517.28,150.51,-1
6,player,194,0,0,1450.76,23.15,1517.03,151.45,-1
6,player,195,0,0,1450.51,24.09,1516.78,152.40,-1
6,player,196,0,0,1450.26,25.04,1516.53,153.34,-1
6,player,197,0,0,1450.00,25.98,1516.28,154.28,-1
6,player,198,0,0,1449.75,26.92,1516.03,155.23,-1
6,player,199,0,0,1449.50,27.87,1515.77,156.17,-1
6,player,200,0,0,1449.25,28.81,1515.52,157.11,-1
6,player,201,0,0,1449.00,29.75,1515.27,158.06,-1
6,player,202,0,0,1448.75,30.70,1515.02,159.00,-1
6,player,203,0,0,1448.49,31.64,1514.77,159.94,-1
6,player,204,0,0,1448.24,32.58,1514.52,160.89,-1
6,player,205,0,0,1447.99,33.53,1514.27,161.83,-1
6,player,206,0,0,1447.74,34.47,1514.01,162.77,-1
6,player,207,0,0,1447.49,35.41,1513.76,163.72,-1
6,player,208,0,0,1448.97,36.21,1515.25,164.51,-1
6,player,209,0,0,1450.46,37.01,1516.73,165.31,-1
6,player,210,0,0,1451.95,37.81,1518.22,166.11,-1
6,player,211,0,0,1453.43,38.60,1519.71,166.91,-1
6,player,212,0,0,1454.92,39.40,1521.19,167.70,-1
6,player,213,0,0,1456.40,40.20,1522.68,168.50,-1
6,player,214,0,0,1457.89,40.99,1524.16,169.30,-1
6,player,215,0,0,1459.37,41.79,1525.65,170.09,-1
6,player,216,0,0,1460.86,42.59,1527.13,170.89,-1
6,player,217,0,0,1462.35,43.39,1528.62,171.69,-1
6,player,218,0,0,1463.83,44.18,1530.11,172.49,-1
6,player,219,0,0,1465.32,44.98,1531.59,173.28,-1
6,player,220,0,0,1466.80,45.78,1533.08,174.08,-1
6,player,221,0,0,1468.29,46.58,1534.56,174.88,-1
6,player,222,0,0,1469.78,47.37,1536.05,175.68,-1
6,player,223,0,0,1471.26,48.17,1537.54,176.47,-1
6,player,224,0,0,1472.75,48.97,1539.02,177.27,-1
6,player,225,0,0,1474.23,49.76,1540.51,178.07,-1
6,player,226,0,0,1475.72,50.56,1541.99,178.86,-1
6,player,227,0,0,1477.20,51.36,1543.48,179.66,-1
6,player,228,0,0,1478.69,52.16,1544.96,180.46,-1
6,player,229,0,0,1480.18,52.95,1546.45,181.26,-1
6,player,230,0,0,1481.66,53.75,1547.94,182.05,-1
6,player,231,0,0,1483.15,54.55,1549.42,182.85,-1
6,player,232,0,0,1484.63,55.35,1550.91,183.65,-1
6,player,233,0,0,1486.12,56.14,1552.39,184.45,-1
6,player,234,0,0,1487.60,56.94,1553.88,185.24,-1
6,player,235,0,0,1489.09,57.74,1555.36,186.04,-1
6,player,236,0,0,1490.58,58.53,1556.85,186.84,-1
6,player,237,0,0,1492.06,59.33,1558.34,187.63,-1
6,player,238,0,0,1493.55,60.13,1559.82,188.43,-1
6,player,239,0,0,1495.03,60.93,1561.31,189.23,-1
6,player,240,0,0,1496.52,61.72,1562.79,190.03,-1
6,player,241,0,0,1498.00,62.52,1564.28,190.82,-1
6,player,242,0,0,1499.49,63.32,1565.76,191.62,-1
6,player,243,0,0,1500.98,64.12,1567.25,192.42,-1
6,player,244,0,0,1502.46,64.91,1568.74,193.22,-1
6,player,245,0,0,1503.95,65.71,1570.22,194.01,-1
6,player,246,0,0,1505.43,66.51,1571.71,194.81,-1
6,player,247,0,0,1506.92,67.30,1573.19,195.61,-1
6,player,248,0,0,1508.41,68.10,1574.68,196.40,-1
6,player,249,0,0,1509.89,68.90,1576.17,197.20,-1
6,player,250,0,0,1511.38,69.70,1577.65,198.00,-1
6,player,251,0,0,1512.86,70.49,1579.14,198.80,-1
6,player,252,0,0,1514.35,71.29,1580.62,199.59,-1
6,player,253,0,0,1515.83,72.09,1582.11,200.39,-1
6,player,254,0,0,1517.32,72.89,1583.59,201.19,-1
6,player,255,0,0,1518.81,73.68,1585.08,201.99,-1
6,player,256,0,0,1520.29,74.48,1586.57,202.78,-1
6,player,257,0,0,1521.78,75.28,1588.05,203.58,-1
6,player,258,0,0,1523.26,76.07,1589.54,204.38,-1
6,player,259,0,0,1524.75,76.87,1591.02,205.17,-1
6,player,260,0,0,1526.23,77.67,1592.51,205.97,-1
6,player,261,0,0,1527.72,78.47,1593.99,206.77,-1
6,player,262,0,0,1529.21,79.26,1595.48,207.57,-1
6,player,263,0,0,1530.69,80.06,1596.97,208.36,-1
6,player,264,0,0,1532.18,80.86,1598.45,209.16,-1
6,player,265,0,0,1533.66,81.65,1599.94,209.96,-1
6,player,266,0,0,1535.15,82.45,1601.42,210.75,-1
6,player,267,0,0,1530.26,83.14,1596.23,211.21,-1
6,player,268,0,0,1525.37,83.83,1591.04,211.67,-1
6,player,269,0,0,1520.49,84.51,1585.85,212.13,-1
6,player,270,0,0,1515.60,85.20,1580.65,212.59,-1
6,player,271,0,0,1510.71,85.89,1575.46,213.05,-1
6,player,272,0,0,1505.82,86.58,1570.27,213.50,-1
6,player,273,0,0,1500.94,87.26,1565.08,213.96,-1
6,player,274,0,0,1496.05,87.95,1559.88,214.42,-1
6,player,275,0,0,1491.16,88.64,1554.69,214.88,-1
6,player,276,0,0,1486.27,89.33,1549.50,215.34,-1
6,player,277,0,0,1481.39,90.01,1544.31,215.79,-1
6,player,278,0,0,1476.50,90.70,1539.11,216.25,-1
6,player,279,0,0,1471.61,91.39,1533.92,216.71,-1
6,player,280,0,0,1466.72,92.08,1528.73,217.17,-1
6,player,281,0,0,1461.84,92.76,1523.54,217.63,-1
6,player,282,0,0,1456.95,93.45,1518.34,218.09,-1
6,player,283,0,0,1452.06,94.14,1513.15,218.54,-1
6,player,284,0,0,1447.17,94.83,1507.96,219.00,-1
6,player,285,0,0,1442.29,95.51,1502.77,219.46,-1
6,player,286,0,0,1437.40,96.20,1497.57,219.92,-1
6,player,287,0,0,1432.51,96.89,1492.38,220.38,-1
6,player,288,0,0,1427.62,97.58,1487.19,220.83,-1
6,player,289,0,0,1422.74,98.26,1482.00,221.29,-1
6,player,290,0,0,1417.85,98.95,1476.80,221.75,-1
6,player,291,0,0,1412.96,99.64,1471.61,222.21,-1
6,player,292,0,0,1408.07,100.33,1466.42,222.67,-1
6,player,293,0,0,1403.19,101.01,1461.23,223.12,-1
6,player,294,0,0,1398.30,101.70,1456.03,223.58,-1
6,player,295,0,0,1388.75,103.07,1446.49,224.96,-1
6,player,296,0,0,1379.21,104.45,1436.94,226.33,-1
6,player,297,0,0,1369.66,105.82,1427.40,227.71,-1
6,player,298,0,0,1360.12,107.20,1417.85,229.08,-1
6,player,299,0,0,1350.57,108.57,1408.31,230.46,-1
6,player,300,0,0,1341.03,109.95,1398.76,231.83,-1
6,player,301,0,0,1331.48,111.32,1389.22,233.20,-1
6,player,302,0,0,1321.94,112.70,1379.67,234.58,-1
6,player,303,0,0,1312.39,114.07,1370.13,235.95,-1
6,player,304,0,0,1302.85,115.45,1360.58,237.33,-1
6,player,305,0,0,1293.30,116.82,1351.04,238.70,-1
6,player,306,0,0,1283.76,118.19,1341.49,240.08,-1
6,player,307,0,0,1274.21,119.57,1331.95,241.45,-1
6,player,308,0,0,1264.67,120.94,1322.40,242.83,-1
6,player,309,0,0,1255.12,122.32,1312.86,244.20,-1
6,player,310,0,0,1245.58,123.69,1303.31,245.58,-1
6,player,311,0,0,1236.03,125.07,1293.77,246.95,-1
6,player,312,0,0,1226.49,126.44,1284.22,248.32,-1
6,player,313,0,0,1216.94,127.82,1274.68,249.70,-1
6,player,314,0,0,1207.40,129.19,1265.13,251.07,-1
6,player,315,0,0,1197.85,130.56,1255.59,252.45,-1
6,player,316,0,0,1188.31,131.94,1246.04,253.82,-1
6,player,317,0,0,1178.76,133.31,1236.50,255.20,-1
6,player,318,0,0,1169.22,134.69,1226.95,256.57,-1
6,player,319,0,0,1159.67,136.06,1217.41,257.95,-1
6,player,320,0,0,1150.13,137.44,1207.86,259.32,-1
6,player,321,0,0,1140.58,138.81,1198.32,260.70,-1
6,player,322,0,0,1131.04,140.19,1188.77,262.07,-1
6,player,323,0,0,1131.57,139.85,1189.71,261.74,-1
6,player,324,0,0,1132.11,139.52,1190.64,261.40,-1
6,player,325,0,0,1132.64,139.18,1191.58,261.07,-1
6,player,326,0,0,1133.18,138.85,1192.51,260.73,-1
6,player,327,0,0,1133.71,138.52,1193.45,260.40,-1
6,player,328,0,0,1134.25,138.18,1194.38,260.07,-1
6,player,329,0,0,1134.78,137.85,1195.32,259.73,-1
6,player,330,0,0,1135.32,137.51,1196.25,259.40,-1
6,player,331,0,0,1135.85,137.18,1197.19,259.06,-1
6,player,332,0,0,1136.38,136.85,1198.13,258.73,-1
6,player,333,0,0,1136.92,136.51,1199.06,258.39,-1
6,player,334,0,0,1137.45,136.18,1200.00,258.06,-1
6,player,335,0,0,1137.99,135.84,1200.93,257.73,-1
6,player,336,0,0,1138.52,135.51,1201.87,257.39,-1
6,player,337,0,0,1139.06,135.18,1202.80,257.06,-1
6,player,338,0,0,1139.59,134.84,1203.74,256.72,-1
6,player,339,0,0,1140.13,134.51,1204.67,256.39,-1
6,player,340,0,0,1140.66,134.17,1205.61,256.06,-1
6,player,341,0,0,1141.19,133.84,1206.54,255.72,-1
6,player,342,0,0,1141.73,133.51,1207.48,255.39,-1
6,player,343,0,0,1142.26,133.17,1208.41,255.05,-1
6,player,344,0,0,1142.80,132.84,1209.35,254.72,-1
6,player,345,0,0,1143.33,132.50,1210.28,254.39,-1
6,player,346,0,0,1143.87,132.17,1211.22,254.05,-1
6,player,347,0,0,1144.40,131.83,1212.15,253.72,-1
6,player,348,0,0,1144.94,131.50,1213.09,253.38,-1
6,player,349,0,0,1145.47,131.17,1214.02,253.05,-1
6,player,350,0,0,1146.01,130.83,1214.96,252.72,-1
6,player,351,0,0,1146.54,130.50,1215.89,252.38,-1
6,player,352,0,0,1147.07,130.16,1216.83,252.05,-1
6,player,353,0,0,1147.61,129.83,1217.76,251.71,-1
6,player,354,0,0,1148.14,129.50,1218.70,251.38,-1
6,player,355,0,0,1160.97,128.07,1231.53,249.95,-1
6,player,356,0,0,1173.80,126.65,1244.36,248.53,-1
6,player,357,0,0,1186.63,125.22,1257.19,247.10,-1
6,player,358,0,0,1190.68,124.32,1261.24,246.20,-1
6,player,359,0,0,1194.73,123.42,1265.29,245.30,-1
6,player,360,0,0,1198.78,122.52,1269.34,244.40,-1
6,player,361,0,0,1202.83,121.62,1273.39,243.50,-1
6,player,362,0,0,1206.88,120.72,1277.44,242.60,-1
6,player,363,0,0,1210.94,119.82,1281.49,241.70,-1
6,player,364,0,0,1214.99,118.92,1285.54,240.80,-1
6,player,365,0,0,1219.04,118.02,1289.59,239.90,-1
6,player,366,0,0,1223.09,117.12,1293.65,239.00,-1
6,player,367,0,0,1227.14,116.22,1297.70,238.10,-1
6,player,368,0,0,1231.19,115.32,1301.75,237.20,-1
6,player,369,0,0,1235.24,114.42,1305.80,236.30,-1
6,player,370,0,0,1239.29,113.52,1309.85,235.40,-1
6,player,371,0,0,1243.34,112.62,1313.90,234.50,-1
6,player,372,0,0,1247.40,111.72,1317.95,233.60,-1
6,player,373,0,0,1251.45,110.82,1322.00,232.70,-1
6,player,374,0,0,1255.50,109.92,1326.05,231.80,-1
6,player,375,0,0,1259.55,109.02,1330.10,230.90,-1
6,player,376,0,0,1263.60,108.12,1334.16,230.00,-1
6,player,377,0,0,1263.25,108.12,1333.81,230.00,-1
6,player,378,0,0,1262.91,108.12,1333.46,230.00,-1
6,player,379,0,0,1262.56,108.12,1333.12,230.00,-1
6,player,380,0,0,1262.21,108.12,1332.77,230.00,-1
6,player,381,0,0,1261.87,108.12,1332.42,230.00,-1
6,player,382,0,0,1261.52,108.12,1332.08,230.00,-1
6,player,383,0,0,1261.17,108.12,1331.73,230.00,-1
6,player,384,0,0,1260.83,108.12,1331.38,230.00,-1
6,player,385,0,0,1260.48,108.12,1331.04,230.00,-1
6,player,386,0,0,1260.13,108.12,1330.69,230.00,-1
6,player,387,0,0,1259.79,108.12,1330.34,230.00,-1
6,player,388,0,0,1259.44,108.12,1330.00,230.00,-1
6,player,389,0,0,1259.09,108.12,1329.65,230.00,-1
6,player,390,0,0,1258.75,108.12,1329.30,230.00,-1
6,player,391,0,0,1258.40,108.12,1328.96,230.00,-1
6,player,392,0,0,1258.05,108.12,1328.61,230.00,-1
6,player,393,0,0,1257.71,108.12,1328.26,230.00,-1
6,player,394,0,0,1257.36,108.12,1327.91,230.00,-1
6,player,395,0,0,1257.01,108.12,1327.57,230.00,-1
6,player,396,0,0,1256.66,108.12,1327.22,230.00,-1
6,player,397,0,0,1256.32,108.12,1326.87,230.00,-1
6,player,398,0,0,1255.97,108.12,1326.53,230.00,-1
6,player,399,0,0,1255.62,108.12,1326.18,230.00,-1
6,player,400,0,0,1255.28,108.12,1325.83,230.00,-1
6,player,401,0,0,1254.93,108.12,1325.49,230.00,-1
6,player,402,0,0,1254.58,108.12,1325.14,230.00,-1
6,player,403,0,0,1254.24,108.12,1324.79,230.00,-1
6,player,404,0,0,1253.89,108.12,1324.45,230.00,-1
6,player,405,0,0,1253.54,108.12,1324.10,230.00,-1
6,player,406,0,0,1253.20,108.12,1323.75,230.00,-1
6,player,407,0,0,1252.85,108.12,1323.41,230.00,-1
6,player,408,0,0,1252.50,108.12,1323.06,230.00,-1
6,player,409,0,0,1252.16,108.12,1322.71,230.00,-1
6,player,410,0,0,1251.81,108.12,1322.37,230.00,-1
6,player,411,0,0,1251.46,108.12,1322.02,230.00,-1
6,player,412,0,0,1251.12,108.12,1321.67,230.00,-1
6,player,413,0,0,1250.77,108.12,1321.33,230.00,-1
6,player,414,0,0,1243.29,107.76,1313.84,229.64,-1
6,player,415,0,0,1235.80,107.40,1306.36,229.29,-1
6,player,416,0,0,1228.32,107.05,1298.88,228.93,-1
6,player,417,0,0,1220.84,106.69,1291.39,228.57,-1
6,player,418,0,0,1213.35,106.33,1283.91,228.22,-1
6,player,419,0,0,1205.87,105.98,1276.43,227.86,-1
6,player,420,0,0,1198.39,105.62,1268.94,227.50,-1
6,player,421,0,0,1190.90,105.27,1261.46,227.15,-1
6,player,422,0,0,1183.42,104.91,1253.98,226.79,-1
6,player,423,0,0,1175.94,104.55,1246.49,226.44,-1
6,player,424,0,0,1168.45,104.20,1239.01,226.08,-1
6,player,425,0,0,1160.97,103.84,1231.53,225.72,-1
6,player,426,0,0,1151.49,102.82,1222.05,224.70,-1
6,player,427,0,0,1142.01,101.79,1212.56,223.68,-1
6,player,428,0,0,1132.52,100.77,1203.08,222.66,-1
6,player,429,0,0,1123.04,99.75,1193.60,221.63,-1
6,player,430,0,0,1113.56,98.73,1184.12,220.61,-1
6,player,431,0,0,1104.08,97.70,1174.64,219.59,-1
6,player,432,0,0,1094.60,96.68,1165.15,218.57,-1
6,player,433,0,0,1085.12,95.66,1155.67,217.54,-1
6,player,434,0,0,1075.63,94.64,1146.19,216.52,-1
6,player,435,0,0,1066.15,93.61,1136.71,215.50,-1
6,player,436,0,0,1056.67,92.59,1127.23,214.47,-1
6,player,437,0,0,1047.19,91.57,1117.74,213.45,-1
6,player,438,0,0,1037.71,90.55,1108.26,212.43,-1
6,player,439,0,0,1028.22,89.52,1098.78,211.41,-1
6,player,440,0,0,1018.74,88.50,1089.30,210.38,-1
6,player,441,0,0,1009.26,87.48,1079.82,209.36,-1
6,player,442,0,0,999.78,86.46,1070.33,208.34,-1
6,player,443,0,0,990.30,85.43,1060.85,207.32,-1
6,player,444,0,0,980.81,84.41,1051.37,206.29,-1
6,player,445,0,0,971.33,83.39,1041.89,205.27,-1
6,player,446,0,0,961.85,82.37,1032.41,204.25,-1
6,player,447,0,0,952.37,81.34,1022.92,203.23,-1
6,player,448,0,0,942.89,80.32,1013.44,202.20,-1
6,player,449,0,0,933.69,80.90,1004.24,202.79,-1
6,player,450,0,0,924.49,81.49,995.04,203.37,-1
6,player,451,0,0,915.29,82.07,985.84,203.95,-1
6,player,452,0,0,906.08,82.65,976.64,204.54,-1
6,player,453,0,0,896.88,83.24,967.44,205.12,-1
6,player,454,0,0,887.68,83.82,958.24,205.70,-1
6,player,455,0,0,878.48,84.40,949.04,206.29,-1
6,player,456,0,0,869.28,84.99,939.84,206.87,-1
6,player,457,0,0,860.08,85.57,930.64,207.45,-1
6,player,458,0,0,850.88,86.15,921.44,208.04,-1
6,player,459,0,0,841.68,86.74,912.24,208.62,-1
6,player,460,0,0,832.48,87.32,903.04,209.20,-1
6,player,461,0,0,823.28,87.90,893.84,209.78,-1
6,player,462,0,0,814.08,88.49,884.64,210.37,-1
6,player,463,0,0,804.88,89.07,875.44,210.95,-1
6,player,464,0,0,795.68,89.65,866.24,211.53,-1
6,player,465,0,0,786.48,90.23,857.04,212.12,-1
6,player,466,0,0,777.28,90.82,847.84,212.70,-1
6,player,467,0,0,768.08,91.40,838.64,213.28,-1
6,player,468,0,0,758.88,91.98,829.44,213.87,-1
6,player,469,0,0,749.68,92.57,820.24,214.45,-1
6,player,470,0,0,740.48,93.15,811.04,215.03,-1
6,player,471,0,0,731.28,93.73,801.84,215.62,-1
6,player,472,0,0,722.08,94.32,792.64,216.20,-1
6,player,473,0,0,712.88,94.90,783.44,216.78,-1
6,player,474,0,0,703.68,95.48,774.24,217.37,-1
6,player,475,0,0,694.48,96.07,765.04,217.95,-1
6,player,476,0,0,685.28,96.65,755.84,218.53,-1
6,player,477,0,0,676.08,97.23,746.64,219.11,-1
6,player,478,0,0,666.88,97.82,737.44,219.70,-1
6,player,479,0,0,657.68,98.40,728.24,220.28,-1
6,player,480,0,0,648.48,98.98,719.03,220.86,-1
6,player,481,0,0,639.28,99.56,709.83,221.45,-1
6,player,482,0,0,631.15,100.42,701.71,222.30,-1
6,player,483,0,0,623.03,101.28,693.59,223.16,-1
6,player,484,0,0,614.90,102.13,685.46,224.01,-1
6,player,485,0,0,606.78,102.99,677.34,224.87,-1
6,player,486,0,0,598.65,103.84,669.21,225.72,-1
6,player,487,0,0,598.43,103.87,668.98,225.75,-1
6,player,488,0,0,598.20,103.90,668.75,225.78,-1
6,player,489,0,0,597.97,103.93,668.53,225.81,-1
6,player,490,0,0,597.74,103.95,668.30,225.84,-1
6,player,491,0,0,597.51,103.98,668.07,225.87,-1
6,player,492,0,0,597.29,104.01,667.84,225.89,-1
6,player,493,0,0,597.06,104.04,667.61,225.92,-1
6,player,494,0,0,596.83,104.07,667.39,225.95,-1
6,player,495,0,0,596.60,104.10,667.16,225.98,-1
6,player,496,0,0,596.37,104.13,666.93,226.01,-1
6,player,497,0,0,596.15,104.15,666.70,226.04,-1
6,player,498,0,0,595.92,104.18,666.47,226.07,-1
6,player,499,0,0,595.69,104.21,666.25,226.09,-1
6,player,500,0,0,595.46,104.24,666.02,226.12,-1
6,player,501,0,0,595.23,104.27,665.79,226.15,-1
6,player,502,0,0,595.01,104.30,665.56,226.18,-1
6,player,503,0,0,594.78,104.33,665.33,226.21,-1
6,player,504,0,0,594.55,104.35,665.11,226.24,-1
6,player,505,0,0,594.32,104.38,664.88,226.27,-1
6,player,506,0,0,594.09,104.41,664.65,226.29,-1
6,player,507,0,0,593.87,104.44,664.42,226.32,-1
6,player,508,0,0,593.64,104.47,664.19,226.35,-1
6,player,509,0,0,593.41,104.50,663.97,226.38,-1
6,player,510,0,0,593.18,104.53,663.74,226.41,-1
6,player,511,0,0,592.95,104.55,663.51,226.44,-1
6,player,512,0,0,592.72,104.58,663.28,226.47,-1
6,player,513,0,0,592.50,104.61,663.05,226.49,-1
6,player,514,0,0,592.27,104.64,662.83,226.52,-1
6,player,515,0,0,592.04,104.67,662.60,226.55,-1
6,player,516,0,0,591.81,104.70,662.37,226.58,-1
6,player,517,0,0,591.58,104.72,662.14,226.61,-1
6,player,518,0,0,591.36,104.75,661.91,226.64,-1
6,player,519,0,0,591.13,104.78,661.68,226.66,-1
6,player,520,0,0,590.90,104.81,661.46,226.69,-1
6,player,521,0,0,590.67,104.84,661.23,226.72,-1
6,player,522,0,0,590.44,104.87,661.00,226.75,-1
6,player,523,0,0,590.22,104.90,660.77,226.78,-1
6,player,524,0,0,589.99,104.92,660.54,226.81,-1
6,player,525,0,0,589.76,104.95,660.32,226.84,-1
6,player,526,0,0,589.53,104.98,660.09,226.86,-1
6,player,527,0,0,589.30,105.01,659.86,226.89,-1
6,player,528,0,0,589.08,105.04,659.63,226.92,-1
6,player,529,0,0,588.85,105.07,659.40,226.95,-1
6,player,530,0,0,588.62,105.10,659.18,226.98,-1
6,player,531,0,0,588.39,105.12,658.95,227.01,-1
6,player,532,0,0,588.16,105.15,658.72,227.04,-1
6,player,533,0,0,587.94,105.18,658.49,227.06,-1
6,player,534,0,0,587.71,105.21,658.26,227.09,-1
6,player,535,0,0,587.48,105.24,658.04,227.12,-1
6,player,536,0,0,587.25,105.27,657.81,227.15,-1
6,player,537,0,0,587.02,105.30,657.58,227.18,-1
6,player,538,0,0,586.80,105.32,657.35,227.21,-1
6,player,539,0,0,586.57,105.35,657.12,227.24,-1
6,player,540,0,0,586.34,105.38,656.90,227.26,-1
6,player,541,0,0,586.11,105.41,656.67,227.29,-1
6,player,542,0,0,585.88,105.44,656.44,227.32,-1
6,player,543,0,0,585.65,105.47,656.21,227.35,-1
6,player,544,0,0,585.43,105.49,655.98,227.38,-1
6,player,545,0,0,585.20,105.52,655.76,227.41,-1
6,player,546,0,0,584.97,105.55,655.53,227.43,-1
6,player,547,0,0,584.74,105.58,655.30,227.46,-1
6,player,548,0,0,584.51,105.61,655.07,227.49,-1
6,player,549,0,0,584.29,105.64,654.84,227.52,-1
6,player,550,0,0,584.06,105.67,654.61,227.55,-1
6,player,551,0,0,583.83,105.69,654.39,227.58,-1
6,player,552,0,0,583.60,105.72,654.16,227.61,-1
6,player,553,0,0,583.37,105.75,653.93,227.63,-1
6,player,554,0,0,583.15,105.78,653.70,227.66,-1
6,player,555,0,0,582.92,105.81,653.47,227.69,-1
6,player,556,0,0,582.69,105.84,653.25,227.72,-1
6,player,557,0,0,582.46,105.87,653.02,227.75,-1
6,player,558,0,0,582.23,105.89,652.79,227.78,-1
6,player,559,0,0,582.01,105.92,652.56,227.81,-1
6,player,560,0,0,581.78,105.95,652.33,227.83,-1
6,player,561,0,0,581.55,105.98,652.11,227.86,-1
6,player,562,0,0,586.80,107.15,657.35,229.03,-1
6,player,563,0,0,592.05,108.31,662.60,230.19,-1
6,player,564,0,0,597.29,109.48,667.85,231.36,-1
6,player,565,0,0,602.54,110.64,673.10,232.53,-1
6,player,566,0,0,607.79,111.81,678.35,233.69,-1
6,player,567,0,0,613.04,112.98,683.59,234.86,-1
6,player,568,0,0,618.29,114.14,688.84,236.03,-1
6,player,569,0,0,623.53,115.31,694.09,237.19,-1
6,player,570,0,0,628.78,116.48,699.34,238.36,-1
6,player,571,0,0,634.03,117.64,704.59,239.52,-1
6,player,572,0,0,639.28,118.81,709.83,240.69,-1
6,player,573,0,0,647.12,120.23,717.67,242.12,-1
6,player,574,0,0,654.96,121.66,725.51,243.54,-1
6,player,575,0,0,662.80,123.08,733.35,244.97,-1
6,player,576,0,0,668.78,123.51,739.34,245.39,-1
6,player,577,0,0,674.77,123.94,745.33,245.82,-1
6,player,578,0,0,680.76,124.37,751.31,246.25,-1
6,player,579,0,0,686.74,124.79,757.30,246.68,-1
6,player,580,0,0,692.73,125.22,763.29,247.10,-1
6,player,581,0,0,699.93,124.55,770.49,246.43,-1
6,player,582,0,0,707.14,123.87,777.69,245.75,-1
6,player,583,0,0,714.34,123.20,784.89,245.08,-1
6,player,584,0,0,721.54,122.52,792.10,244.40,-1
6,player,585,0,0,728.74,121.85,799.30,243.73,-1
6,player,586,0,0,735.94,121.17,806.50,243.05,-1
6,player,587,0,0,743.15,120.50,813.70,242.38,-1
6,player,588,0,0,750.35,119.82,820.90,241.70,-1
6,player,589,0,0,757.55,119.15,828.11,241.03,-1
6,player,590,0,0,764.75,118.47,835.31,240.35,-1
6,player,591,0,0,771.95,117.79,842.51,239.68,-1
6,player,592,0,0,779.16,117.12,849.71,239.00,-1
6,player,593,0,0,786.36,116.44,856.91,238.33,-1
6,player,594,0,0,793.56,115.77,864.12,237.65,-1
6,player,595,0,0,800.76,115.09,871.32,236.98,-1
6,player,596,0,0,807.96,114.42,878.52,236.30,-1
6,player,597,0,0,815.17,113.74,885.72,235.63,-1
6,player,598,0,0,822.37,113.07,892.92,234.95,-1
6,player,599,0,0,829.57,112.39,900.13,234.28,-1
6,player,600,0,0,835.68,111.48,906.23,233.36,-1
6,player,601,0,0,841.79,110.56,912.34,232.44,-1
6,player,602,0,0,847.90,109.64,918.45,231.53,-1
6,player,603,0,0,854.00,108.73,924.56,230.61,-1
6,player,604,0,0,860.11,107.81,930.67,229.70,-1
6,player,605,0,0,866.22,106.90,936.78,228.78,-1
6,player,606,0,0,872.33,105.98,942.89,227.86,-1
6,player,607,0,0,875.38,106.28,945.94,228.17,-1
6,player,608,0,0,878.44,106.59,949.00,228.47,-1
6,player,609,0,0,881.49,106.90,952.05,228.78,-1
6,player,610,0,0,884.55,107.20,955.10,229.08,-1
6,player,611,0,0,887.60,107.51,958.16,229.39,-1
6,player,612,0,0,890.66,107.81,961.21,229.69,-1
6,player,613,0,0,893.71,108.12,964.27,230.00,-1
6,player,614,0,0,890.50,108.12,961.06,230.00,-1
6,player,615,0,0,887.30,108.12,957.85,230.00,-1
6,player,616,0,0,884.09,108.12,954.65,230.00,-1
6,player,617,0,0,880.88,108.12,951.44,230.00,-1
6,player,618,0,0,878.21,107.58,948.77,229.47,-1
6,player,619,0,0,875.54,107.05,946.09,228.93,-1
6,player,620,0,0,872.86,106.51,943.42,228.40,-1
6,player,621,0,0,870.19,105.98,940.75,227.86,-1
6,player,622,0,0,865.00,105.98,935.56,227.86,-1
6,player,623,0,0,859.81,105.98,930.36,227.86,-1
6,player,624,0,0,854.61,105.98,925.17,227.86,-1
6,player,625,0,0,849.42,105.98,919.98,227.86,-1
6,player,626,0,0,844.23,105.98,914.79,227.86,-1
6,player,627,0,0,839.04,105.98,909.59,227.86,-1
6,player,628,0,0,833.84,105.98,904.40,227.86,-1
6,player,629,0,0,829.19,105.85,899.75,227.74,-1
6,player,630,0,0,824.54,105.73,895.09,227.61,-1
6,player,631,0,0,819.88,105.60,890.44,227.49,-1
6,player,632,0,0,815.23,105.48,885.79,227.36,-1
6,player,633,0,0,810.58,105.35,881.13,227.23,-1
6,player,634,0,0,805.92,105.23,876.48,227.11,-1
6,player,635,0,0,801.27,105.10,871.83,226.98,-1
6,player,636,0,0,796.62,104.97,867.17,226.86,-1
6,player,637,0,0,791.96,104.85,862.52,226.73,-1
6,player,638,0,0,787.31,104.72,857.87,226.61,-1
6,player,639,0,0,782.66,104.60,853.21,226.48,-1
6,player,640,0,0,778.00,104.47,848.56,226.35,-1
6,player,641,0,0,773.35,104.34,843.91,226.23,-1
6,player,642,0,0,768.70,104.22,839.25,226.10,-1
6,player,643,0,0,764.04,104.09,834.60,225.98,-1
6,player,644,0,0,759.39,103.97,829.95,225.85,-1
6,player,645,0,0,754.74,103.84,825.29,225.72,-1
6,player,646,0,0,747.61,108.12,818.16,230.00,-1
6,player,647,0,0,740.48,112.39,811.04,234.28,-1
6,player,648,0,0,733.35,116.67,803.91,238.55,-1
6,player,649,0,0,730.57,116.53,801.13,238.41,-1
6,player,650,0,0,727.80,116.38,798.35,238.27,-1
6,player,651,0,0,725.02,116.24,795.57,238.13,-1
6,player,652,0,0,722.24,116.10,792.79,237.98,-1
6,player,653,0,0,719.46,115.96,790.01,237.84,-1
6,player,654,0,0,716.68,115.81,787.23,237.70,-1
6,player,655,0,0,713.90,115.67,784.45,237.56,-1
6,player,656,0,0,711.12,115.53,781.67,237.41,-1
6,player,657,0,0,708.34,115.39,778.90,237.27,-1
6,player,658,0,0,705.56,115.24,776.12,237.13,-1
6,player,659,0,0,702.78,115.10,773.34,236.99,-1
6,player,660,0,0,700.00,114.96,770.56,236.84,-1
6,player,661,0,0,697.22,114.82,767.78,236.70,-1
6,player,662,0,0,694.44,114.67,765.00,236.56,-1
6,player,663,0,0,691.66,114.53,762.22,236.42,-1
6,player,664,0,0,688.88,114.39,759.44,236.27,-1
6,player,665,0,0,686.10,114.25,756.66,236.13,-1
6,player,666,0,0,683.32,114.10,753.88,235.99,-1
6,player,667,0,0,680.54,113.96,751.10,235.85,-1
6,player,668,0,0,677.76,113.82,748.32,235.70,-1
6,player,669,0,0,674.98,113.68,745.54,235.56,-1
6,player,670,0,0,672.20,113.53,742.76,235.42,-1
6,player,671,0,0,669.43,113.39,739.98,235.28,-1
6,player,672,0,0,666.65,113.25,737.20,235.13,-1
6,player,673,0,0,663.87,113.11,734.42,234.99,-1
6,player,674,0,0,661.09,112.96,731.64,234.85,-1
6,player,675,0,0,658.31,112.82,728.86,234.71,-1
6,player,676,0,0,655.53,112.68,726.08,234.56,-1
6,player,677,0,0,652.75,112.54,723.30,234.42,-1
6,player,678,0,0,649.97,112.39,720.53,234.28,-1
6,player,679,0,0,653.33,112.19,723.89,234.07,-1
6,player,680,0,0,656.69,111.99,727.24,233.87,-1
6,player,681,0,0,660.05,111.78,730.60,233.67,-1
6,player,682,0,0,663.41,111.58,733.96,233.46,-1
6,player,683,0,0,666.77,111.38,737.32,233.26,-1
6,player,684,0,0,670.13,111.17,740.68,233.06,-1
6,player,685,0,0,673.49,110.97,744.04,232.85,-1
6,player,686,0,0,676.85,110.77,747.40,232.65,-1
6,player,687,0,0,680.21,110.56,750.76,232.44,-1
6,player,688,0,0,683.57,110.36,754.12,232.24,-1
6,player,689,0,0,686.93,110.15,757.48,232.04,-1
6,player,690,0,0,690.29,109.95,760.84,231.83,-1
6,player,691,0,0,693.65,109.75,764.20,231.63,-1
6,player,692,0,0,697.01,109.54,767.56,231.43,-1
6,player,693,0,0,700.37,109.34,770.92,231.22,-1
6,player,694,0,0,703.73,109.14,774.28,231.02,-1
6,player,695,0,0,707.09,108.93,777.64,230.82,-1
6,player,696,0,0,710.45,108.73,781.00,230.61,-1
6,player,697,0,0,713.81,108.53,784.36,230.41,-1
6,player,698,0,0,717.17,108.32,787.72,230.20,-1
6,player,699,0,0,720.53,108.12,791.08,230.00,-1
6,player,700,0,0,723.20,110.26,793.75,232.14,-1
6,player,701,0,0,725.87,112.39,796.43,234.28,-1
6,player,702,0,0,728.54,114.53,799.10,236.42,-1
6,player,703,0,0,731.22,116.67,801.77,238.55,-1
6,player,704,0,0,733.89,118.81,804.44,240.69,-1
6,player,705,0,0,736.56,120.95,807.12,242.83,-1
6,player,706,0,0,739.23,123.08,809.79,244.97,-1
6,player,707,0,0,741.91,125.22,812.46,247.11,-1
6,player,708,0,0,744.58,127.36,815.14,249.24,-1
6,player,709,0,0,747.25,129.50,817.81,251.38,-1
6,player,710,0,0,749.92,131.64,820.48,253.52,-1
6,player,711,0,0,752.60,133.78,823.15,255.66,-1
6,player,712,0,0,749.96,132.90,820.52,254.78,-1
6,player,713,0,0,747.33,132.02,817.88,253.90,-1
6,player,714,0,0,744.69,131.14,815.25,253.02,-1
6,player,715,0,0,742.06,130.26,812.62,252.15,-1
6,player,716,0,0,739.42,129.38,809.98,251.27,-1
6,player,717,0,0,736.79,128.51,807.35,250.39,-1
6,player,718,0,0,734.16,127.63,804.71,249.51,-1
6,player,719,0,0,731.52,126.75,802.08,248.63,-1
6,player,720,0,0,728.89,125.87,799.44,247.76,-1
6,player,721,0,0,726.25,124.99,796.81,246.88,-1
6,player,722,0,0,723.62,124.12,794.17,246.00,-1
6,player,723,0,0,720.98,123.24,791.54,245.12,-1
6,player,724,0,0,718.35,122.36,788.91,244.24,-1
6,player,725,0,0,715.71,121.48,786.27,243.36,-1
6,player,726,0,0,713.08,120.60,783.64,242.49,-1
6,player,727,0,0,710.45,119.73,781.00,241.61,-1
6,player,728,0,0,707.81,118.85,778.37,240.73,-1
6,player,729,0,0,705.18,117.97,775.73,239.85,-1
6,player,730,0,0,702.54,117.09,773.10,238.97,-1
6,player,731,0,0,699.91,116.21,770.46,238.10,-1
6,player,732,0,0,697.27,115.33,767.83,237.22,-1
6,player,733,0,0,694.64,114.46,765.20,236.34,-1
6,player,734,0,0,692.00,113.58,762.56,235.46,-1
6,player,735,0,0,689.37,112.70,759.93,234.58,-1
6,player,736,0,0,686.74,111.82,757.29,233.70,-1
6,player,737,0,0,684.10,110.94,754.66,232.83,-1
6,player,738,0,0,681.47,110.07,752.02,231.95,-1
6,player,739,0,0,678.83,109.19,749.39,231.07,-1
6,player,740,0,0,676.20,108.31,746.75,230.19,-1
6,player,741,0,0,673.56,107.43,744.12,229.31,-1
6,player,742,0,0,670.93,106.55,741.49,228.44,-1
6,player,743,0,0,668.29,105.67,738.85,227.56,-1
6,player,744,0,0,665.66,104.80,736.22,226.68,-1
6,player,745,0,0,663.03,103.92,733.58,225.80,-1
6,player,746,0,0,660.39,103.04,730.95,224.92,-1
6,player,747,0,0,657.76,102.16,728.31,224.05,-1
6,player,748,0,0,655.12,101.28,725.68,223.17,-1
6,player,749,0,0,652.49,100.41,723.04,222.29,-1
6,player,750,0,0,649.85,99.53,720.41,221.41,-1
6,player,751,0,0,647.22,98.65,717.78,220.53,-1
6,player,752,0,0,644.58,97.77,715.14,219.65,-1
6,player,753,0,0,641.95,96.89,712.51,218.78,-1
6,player,754,0,0,639.32,96.02,709.87,217.90,-1
6,player,755,0,0,636.68,95.14,707.24,217.02,-1
6,player,756,0,0,634.05,94.26,704.60,216.14,-1
6,player,757,0,0,631.41,93.38,701.97,215.26,-1
6,player,758,0,0,628.78,92.50,699.33,214.39,-1
6,player,759,0,0,626.14,91.62,696.70,213.51,-1
6,player,760,0,0,623.51,90.75,694.07,212.63,-1
6,player,761,0,0,620.87,89.87,691.43,211.75,-1
6,player,762,0,0,618.24,88.99,688.80,210.87,-1
6,player,763,0,0,615.61,88.11,686.16,210.00,-1
6,player,764,0,0,612.97,87.23,683.53,209.12,-1
6,player,765,0,0,610.34,86.36,680.89,208.24,-1
6,player,766,0,0,607.70,85.48,678.26,207.36,-1
6,player,767,0,0,605.07,84.60,675.62,206.48,-1
6,player,768,0,0,604.31,82.21,674.87,204.09,-1
6,player,769,0,0,603.56,79.82,674.12,201.70,-1
6,player,770,0,0,602.80,77.43,673.36,199.31,-1
6,player,771,0,0,602.05,75.04,672.61,196.92,-1
6,player,772,0,0,601.30,72.65,671.85,194.53,-1
6,player,773,0,0,600.54,70.26,671.10,192.15,-1
6,player,774,0,0,599.79,67.87,670.34,189.76,-1
6,player,775,0,0,599.03,65.48,669.59,187.37,-1
6,player,776,0,0,598.28,63.09,668.83,184.98,-1
6,player,777,0,0,597.52,60.70,668.08,182.59,-1
6,player,778,0,0,596.77,58.31,667.32,180.20,-1
6,player,779,0,0,596.01,55.92,666.57,177.81,-1
6,player,780,0,0,595.26,53.53,665.82,175.42,-1
6,player,781,0,0,594.50,51.15,665.06,173.03,-1
6,player,782,0,0,593.75,48.76,664.31,170.64,-1
6,player,783,0,0,592.99,46.37,663.55,168.25,-1
6,player,784,0,0,592.24,43.98,662.80,165.86,-1
6,player,785,0,0,592.31,42.84,662.87,164.72,-1
6,player,786,0,0,592.38,41.70,662.94,163.58,-1
6,player,787,0,0,592.45,40.56,663.01,162.44,-1
6,player,788,0,0,592.53,39.42,663.08,161.30,-1
6,player,789,0,0,592.60,38.28,663.15,160.16,-1
6,player,790,0,0,592.67,37.13,663.22,159.02,-1
6,player,791,0,0,592.74,35.99,663.30,157.88,-1
6,player,792,0,0,592.81,34.85,663.37,156.74,-1
6,player,793,0,0,592.88,33.71,663.44,155.60,-1
6,player,794,0,0,592.95,32.57,663.51,154.46,-1
6,player,795,0,0,593.02,31.43,663.58,153.32,-1
6,player,796,0,0,593.10,30.29,663.65,152.18,-1
6,player,797,0,0,593.17,29.15,663.72,151.04,-1
6,player,798,0,0,593.24,28.01,663.79,149.90,-1
6,player,799,0,0,593.31,26.87,663.87,148.76,-1
6,player,800,0,0,593.38,25.73,663.94,147.61,-1
6,player,801,0,0,593.45,24.59,664.01,146.47,-1
6,player,802,0,0,593.52,23.45,664.08,145.33,-1
6,player,803,0,0,593.59,22.31,664.15,144.19,-1
6,player,804,0,0,593.67,21.17,664.22,143.05,-1
6,player,805,0,0,593.74,20.03,664.29,141.91,-1
6,player,806,0,0,593.81,18.89,664.37,140.77,-1
6,player,807,0,0,593.88,17.75,664.44,139.63,-1
6,player,808,0,0,593.95,16.61,664.51,138.49,-1
6,player,809,0,0,594.02,15.47,664.58,137.35,-1
6,player,810,0,0,594.09,14.33,664.65,136.21,-1
6,player,811,0,0,594.17,13.19,664.72,135.07,-1
6,player,812,0,0,594.24,12.05,664.79,133.93,-1
6,player,813,0,0,594.31,10.91,664.86,132.79,-1
6,player,814,0,0,594.38,9.77,664.94,131.65,-1
6,player,815,0,0,597.41,9.41,667.96,131.29,-1
6,player,816,0,0,600.44,9.05,670.99,130.94,-1
6,player,817,0,0,603.47,8.70,674.02,130.58,-1
6,player,818,0,0,606.49,8.34,677.05,130.23,-1
6,player,819,0,0,609.52,7.99,680.08,129.87,-1
6,player,820,0,0,612.55,7.63,683.11,129.51,-1
6,player,821,0,0,615.58,7.27,686.14,129.16,-1
6,player,822,0,0,618.61,6.92,689.17,128.80,-1
6,player,823,0,0,621.64,6.56,692.20,128.44,-1
6,player,824,0,0,624.67,6.20,695.22,128.09,-1
6,player,825,0,0,627.70,5.85,698.25,127.73,-1
6,player,826,0,0,630.73,5.49,701.28,127.37,-1
6,player,827,0,0,633.76,5.13,704.31,127.02,-1
6,player,828,0,0,636.78,4.78,707.34,126.66,-1
6,player,829,0,0,639.81,4.42,710.37,126.31,-1
6,player,830,0,0,642.84,4.07,713.40,125.95,-1
6,player,831,0,0,645.87,3.71,716.43,125.59,-1
6,player,832,0,0,648.90,3.35,719.46,125.24,-1
6,player,833,0,0,651.93,3.00,722.49,124.88,-1
6,player,834,0,0,654.96,2.64,725.51,124.52,-1
6,player,835,0,0,657.99,2.28,728.54,124.17,-1
6,player,836,0,0,661.02,1.93,731.57,123.81,-1
6,player,837,0,0,664.04,1.57,734.60,123.45,-1
6,player,838,0,0,667.07,1.21,737.63,123.10,-1
6,player,839,0,0,670.20,1.21,740.75,123.10,-1
6,player,840,0,0,673.32,1.21,743.88,123.10,-1
6,player,841,0,0,676.45,1.21,747.00,123.10,-1
6,player,842,0,0,679.57,1.21,750.13,123.10,-1
6,player,843,0,0,682.70,1.21,753.25,123.10,-1
6,player,844,0,0,685.82,1.21,756.38,123.10,-1
6,player,845,0,0,688.95,1.21,759.50,123.10,-1
6,player,846,0,0,692.07,1.21,762.63,123.10,-1
6,player,847,0,0,695.20,1.21,765.75,123.10,-1
6,player,848,0,0,698.32,1.21,768.88,123.10,-1
6,player,849,0,0,701.45,1.21,772.00,123.10,-1
6,player,850,0,0,704.57,1.21,775.13,123.10,-1
6,player,851,0,0,707.70,1.21,778.25,123.10,-1
6,player,852,0,0,716.61,1.57,787.16,123.45,-1
6,player,853,0,0,725.51,1.93,796.07,123.81,-1
6,player,854,0,0,734.42,2.28,804.98,124.17,-1
6,player,855,0,0,743.33,2.64,813.89,124.52,-1
6,player,856,0,0,752.24,3.00,822.80,124.88,-1
6,player,857,0,0,761.15,3.35,831.71,125.24,-1
6,player,858,0,0,770.06,3.71,840.61,125.59,-1
6,player,859,0,0,778.97,4.07,849.52,125.95,-1
6,player,860,0,0,787.88,4.42,858.43,126.30,-1
6,player,861,0,0,796.78,4.78,867.34,126.66,-1
6,player,862,0,0,805.69,5.13,876.25,127.02,-1
6,player,863,0,0,814.60,5.49,885.16,127.37,-1
6,player,864,0,0,823.51,5.85,894.07,127.73,-1
6,player,865,0,0,832.42,6.20,902.98,128.09,-1
6,player,866,0,0,841.33,6.56,911.88,128.44,-1
6,player,867,0,0,850.24,6.92,920.79,128.80,-1
6,player,868,0,0,859.15,7.27,929.70,129.16,-1
6,player,869,0,0,868.05,7.63,938.61,129.51,-1
6,player,870,0,0,876.96,7.99,947.52,129.87,-1
6,player,871,0,0,885.87,8.34,956.43,130.22,-1
6,player,872,0,0,894.78,8.70,965.34,130.58,-1
6,player,873,0,0,903.69,9.05,974.24,130.94,-1
6,player,874,0,0,912.60,9.41,983.15,131.29,-1
6,player,875,0,0,921.51,9.77,992.06,131.65,-1
6,player,876,0,0,930.41,10.12,1000.97,132.01,-1
6,player,877,0,0,939.32,10.48,1009.88,132.36,-1
6,player,878,0,0,948.23,10.84,1018.79,132.72,-1
6,player,879,0,0,957.14,11.19,1027.70,133.08,-1
6,player,880,0,0,966.05,11.55,1036.61,133.43,-1
6,player,881,0,0,974.96,11.91,1045.51,133.79,-1
6,player,882,0,0,983.87,12.26,1054.42,134.14,-1
6,player,883,0,0,992.78,12.62,1063.33,134.50,-1
6,player,884,0,0,1001.68,12.97,1072.24,134.86,-1
6,player,885,0,0,1010.59,13.33,1081.15,135.21,-1
6,player,886,0,0,1019.50,13.69,1090.06,135.57,-1
6,player,887,0,0,1028.41,14.04,1098.97,135.93,-1
6,player,888,0,0,1037.32,14.40,1107.88,136.28,-1
6,player,889,0,0,1046.23,14.76,1116.78,136.64,-1
6,player,890,0,0,1055.14,15.11,1125.69,137.00,-1
6,player,891,0,0,1064.04,15.47,1134.60,137.35,-1
6,player,892,0,0,1072.95,15.82,1143.51,137.71,-1
6,player,893,0,0,1081.86,16.18,1152.42,138.06,-1
6,player,894,0,0,1090.77,16.54,1161.33,138.42,-1
6,player,895,0,0,1099.68,16.89,1170.24,138.78,-1
6,player,896,0,0,1108.59,17.25,1179.14,139.13,-1
6,player,897,0,0,1117.50,17.61,1188.05,139.49,-1
6,player,898,0,0,1126.41,17.96,1196.96,139.85,-1
6,player,899,0,0,1135.31,18.32,1205.87,140.20,-1
7,player,52,0,0,902.27,272.74,981.40,398.90,17
7,player,53,0,0,917.59,274.01,996.71,400.17,17
7,player,54,0,0,932.90,275.28,1012.03,401.44,17
7,player,55,0,0,948.21,276.55,1027.34,402.71,17
7,player,56,0,0,963.53,277.82,1042.65,403.99,17
7,player,57,0,0,978.84,279.10,1057.97,405.26,17
7,player,58,0,0,994.15,280.37,1073.28,406.53,17
7,player,59,0,0,1009.47,281.64,1088.59,407.80,17
7,player,60,0,0,1024.78,282.91,1103.91,409.07,17
7,player,61,0,0,1040.09,284.18,1119.22,410.34,17
7,player,62,0,0,1055.41,285.45,1134.53,411.61,17
7,player,63,0,0,1070.72,286.72,1149.85,412.88,17
7,player,64,0,0,1086.03,287.99,1165.16,414.16,17
7,player,65,0,0,1101.35,289.27,1180.47,415.43,17
7,player,66,0,0,1116.66,290.54,1195.79,416.70,17
7,player,67,0,0,1131.97,291.81,1211.10,417.97,17
7,player,68,0,0,1147.29,293.08,1226.41,419.24,17
7,player,69,0,0,1162.60,294.35,1241.73,420.51,17
7,player,70,0,0,1177.91,295.62,1257.04,421.78,17
7,player,71,0,0,1193.23,296.89,1272.35,423.05,17
7,player,72,0,0,1208.54,298.17,1287.67,424.33,17
7,player,73,0,0,1223.85,299.44,1302.98,425.60,17
7,player,74,0,0,1239.17,300.71,1318.29,426.87,17
7,player,75,0,0,1254.48,301.98,1333.61,428.14,17
7,player,76,0,0,1269.79,303.25,1348.92,429.41,17
7,player,77,0,0,1285.11,304.52,1364.23,430.68,17
7,player,78,0,0,1300.42,305.79,1379.55,431.95,17
7,player,79,0,0,1315.73,307.06,1394.86,433.23,17
7,player,80,0,0,1331.05,308.34,1410.17,434.50,17
7,player,81,0,0,1346.36,309.61,1425.49,435.77,17
7,player,82,0,0,1361.67,310.88,1440.80,437.04,17
7,player,83,0,0,1376.99,312.15,1456.11,438.31,17
7,player,84,0,0,1392.30,313.42,1471.43,439.58,17
7,player,85,0,0,1407.61,314.69,1486.74,440.85,17
7,player,86,0,0,1422.93,315.96,1502.05,442.12,17
7,player,87,0,0,1438.24,317.23,1517.37,443.40,17
7,player,88,0,0,1453.55,318.51,1532.68,444.67,17
7,player,89,0,0,1468.87,319.78,1547.99,445.94,17
7,player,90,0,0,1471.08,319.17,1550.21,445.33,17
7,player,91,0,0,1473.29,318.56,1552.42,444.72,17
7,player,92,0,0,1475.51,317.94,1554.64,444.11,17
7,player,93,0,0,1477.72,317.33,1556.85,443.49,17
7,player,94,0,0,1479.94,316.72,1559.06,442.88,17
7,player,95,0,0,1482.15,316.11,1561.28,442.27,17
7,player,96,0,0,1484.37,315.50,1563.49,441.66,17
7,player,97,0,0,1486.58,314.89,1565.71,441.05,17
7,player,98,0,0,1488.80,314.28,1567.92,440.44,17
7,player,99,0,0,1491.01,313.67,1570.14,439.83,17
7,player,100,0,0,1493.22,313.06,1572.35,439.22,17
7,player,101,0,0,1495.44,312.45,1574.57,438.61,17
7,player,102,0,0,1497.65,311.84,1576.78,438.00,17
7,player,103,0,0,1499.87,311.22,1578.99,437.39,17
7,player,104,0,0,1502.08,310.61,1581.21,436.77,17
7,player,105,0,0,1504.30,310.00,1583.42,436.16,17
7,player,106,0,0,1506.51,309.39,1585.64,435.55,17
7,player,107,0,0,1508.72,308.78,1587.85,434.94,17
7,player,108,0,0,1510.94,308.17,1590.07,434.33,17
7,player,109,0,0,1513.15,307.56,1592.28,433.72,17
7,player,110,0,0,1515.37,306.95,1594.50,433.11,17
7,player,111,0,0,1517.58,306.34,1596.71,432.50,17
7,player,112,0,0,1519.80,305.73,1598.92,431.89,17
7,player,113,0,0,1522.01,305.12,1601.14,431.28,17
7,player,114,0,0,1524.23,304.50,1603.35,430.67,17
7,player,115,0,0,1526.44,303.89,1605.57,430.05,17
7,player,116,0,0,1528.65,303.28,1607.78,429.44,17
7,player,117,0,0,1530.87,302.67,1610.00,428.83,17
7,player,118,0,0,1529.93,302.14,1609.06,428.30,17
7,player,119,0,0,1529.00,301.60,1608.13,427.76,17
7,player,120,0,0,1528.06,301.07,1607.19,427.23,17
7,player,121,0,0,1527.13,300.53,1606.25,426.69,17
7,player,122,0,0,1526.19,300.00,1605.32,426.16,17
7,player,123,0,0,1525.26,299.46,1604.38,425.63,17
7,player,124,0,0,1524.32,298.93,1603.45,425.09,17
7,player,125,0,0,1523.39,298.40,1602.51,424.56,17
7,player,126,0,0,1522.45,297.86,1601.58,424.02,17
7,player,127,0,0,1521.51,297.33,1600.64,423.49,17
7,player,128,0,0,1520.58,296.79,1599.71,422.95,17
7,player,129,0,0,1519.64,296.26,1598.77,422.42,17
7,player,130,0,0,1518.71,295.72,1597.84,421.88,17
7,player,131,0,0,1517.77,295.19,1596.90,421.35,17
7,player,132,0,0,1516.84,294.65,1595.97,420.81,17
7,player,133,0,0,1515.90,294.12,1595.03,420.28,17
7,player,134,0,0,1514.97,293.58,1594.09,419.75,17
7,player,135,0,0,1514.03,293.05,1593.16,419.21,17
7,player,136,0,0,1513.10,292.52,1592.22,418.68,17
7,player,137,0,0,1512.16,291.98,1591.29,418.14,17
7,player,138,0,0,1511.23,291.45,1590.35,417.61,17
7,player,139,0,0,1510.29,290.91,1589.42,417.07,17
7,player,140,0,0,1509.35,290.38,1588.48,416.54,17
7,player,141,0,0,1508.42,289.84,1587.55,416.00,17
7,player,142,0,0,1507.48,289.31,1586.61,415.47,17
7,player,143,0,0,1506.55,288.77,1585.68,414.93,17
7,player,144,0,0,1505.61,288.24,1584.74,414.40,17
7,player,145,0,0,1504.68,287.71,1583.80,413.87,17
7,player,146,0,0,1503.74,287.17,1582.87,413.33,17
7,player,147,0,0,1502.81,286.64,1581.93,412.80,17
7,player,148,0,0,1501.87,286.10,1581.00,412.26,17
7,player,149,0,0,1500.94,285.57,1580.06,411.73,17
7,player,150,0,0,1500.00,285.03,1579.13,411.19,17
7,player,151,0,0,1499.06,284.50,1578.19,410.66,17
7,player,152,0,0,1498.13,283.96,1577.26,410.12,17
7,player,153,0,0,1497.19,283.43,1576.32,409.59,17
7,player,154,0,0,1496.26,282.89,1575.39,409.06,17
7,player,155,0,0,1495.32,282.36,1574.45,408.52,17
7,player,156,0,0,1494.39,281.83,1573.52,407.99,17
7,player,157,0,0,1493.45,281.29,1572.58,407.45,17
7,player,158,0,0,1492.52,280.76,1571.64,406.92,17
7,player,159,0,0,1491.58,280.22,1570.71,406.38,17
7,player,160,0,0,1490.65,279.69,1569.77,405.85,17
7,player,161,0,0,1489.71,279.15,1568.84,405.31,17
7,player,162,0,0,1488.78,278.62,1567.90,404.78,17
7,player,163,0,0,1487.84,278.08,1566.97,404.24,17
7,player,164,0,0,1486.90,277.55,1566.03,403.71,17
7,player,165,0,0,1485.97,277.01,1565.10,403.18,17
7,player,166,0,0,1479.82,276.48,1558.95,402.64,17
7,player,167,0,0,1473.67,275.95,1552.80,402.11,17
7,player,168,0,0,1467.53,275.41,1546.66,401.57,17
7,player,169,0,0,1461.38,274.88,1540.51,401.04,17
7,player,170,0,0,1455.23,274.34,1534.36,400.50,17
7,player,171,0,0,1449.09,273.81,1528.21,399.97,17
7,player,172,0,0,1442.94,273.27,1522.07,399.43,17
7,player,173,0,0,1436.79,272.74,1515.92,398.90,17
7,player,174,0,0,1430.38,274.02,1509.51,400.18,17
7,player,175,0,0,1423.96,275.30,1503.09,401.46,17
7,player,176,0,0,1417.55,276.59,1496.68,402.75,17
7,player,177,0,0,1411.14,277.87,1490.26,404.03,17
7,player,178,0,0,1404.72,279.15,1483.85,405.31,17
7,player,179,0,0,1399.59,283.00,1478.72,409.16,17
7,player,180,0,0,1394.46,286.85,1473.59,413.01,17
7,player,181,0,0,1389.33,290.70,1468.45,416.86,17
7,player,182,0,0,1384.20,294.55,1463.32,420.71,17
7,player,183,0,0,1379.06,298.40,1458.19,424.56,17
7,player,184,0,0,1374.88,300.09,1454.00,426.25,17
7,player,185,0,0,1370.69,301.78,1449.82,427.94,17
7,player,186,0,0,1366.50,303.47,1445.63,429.63,17
7,player,187,0,0,1362.32,305.17,1441.44,431.33,17
7,player,188,0,0,1358.13,306.86,1437.26,433.02,17
7,player,189,0,0,1353.94,308.55,1433.07,434.71,17
7,player,190,0,0,1349.75,310.24,1428.88,436.40,17
7,player,191,0,0,1345.57,311.94,1424.70,438.10,17
7,player,192,0,0,1341.38,313.63,1420.51,439.79,17
7,player,193,0,0,1337.19,315.32,1416.32,441.48,17
7,player,194,0,0,1333.01,317.01,1412.13,443.18,17
7,player,195,0,0,1328.82,318.71,1407.95,444.87,17
7,player,196,0,0,1324.63,320.40,1403.76,446.56,17
7,player,197,0,0,1320.45,322.09,1399.57,448.25,17
7,player,198,0,0,1316.26,323.79,1395.39,449.95,17
7,player,199,0,0,1312.07,325.48,1391.20,451.64,17
7,player,200,0,0,1307.88,327.17,1387.01,453.33,17
7,player,201,0,0,1303.70,328.86,1382.82,455.02,17
7,player,202,0,0,1299.51,330.56,1378.64,456.72,17
7,player,203,0,0,1295.32,332.25,1374.45,458.41,17
7,player,204,0,0,1291.14,333.94,1370.26,460.10,17
7,player,205,0,0,1286.95,335.63,1366.08,461.79,17
7,player,206,0,0,1282.76,337.33,1361.89,463.49,17
7,player,207,0,0,1278.57,339.02,1357.70,465.18,17
7,player,208,0,0,1277.85,339.93,1356.98,466.09,17
7,player,209,0,0,1277.12,340.83,1356.25,466.99,17
7,player,210,0,0,1276.40,341.74,1355.53,467.90,17
7,player,211,0,0,1275.68,342.64,1354.80,468.80,17
7,player,212,0,0,1274.95,343.55,1354.08,469.71,17
7,player,213,0,0,1274.23,344.46,1353.35,470.62,17
7,player,214,0,0,1273.50,345.36,1352.63,471.52,17
7,player,215,0,0,1272.78,346.27,1351.90,472.43,17
7,player,216,0,0,1272.05,347.17,1351.18,473.33,17
7,player,217,0,0,1271.33,348.08,1350.45,474.24,17
7,player,218,0,0,1270.60,348.99,1349.73,475.15,17
7,player,219,0,0,1269.88,349.89,1349.00,476.05,17
7,player,220,0,0,1269.15,350.80,1348.28,476.96,17
7,player,221,0,0,1268.43,351.70,1347.55,477.86,17
7,player,222,0,0,1267.70,352.61,1346.83,478.77,17
7,player,223,0,0,1266.98,353.52,1346.11,479.68,17
7,player,224,0,0,1266.25,354.42,1345.38,480.58,17
7,player,225,0,0,1265.53,355.33,1344.66,481.49,17
7,player,226,0,0,1264.80,356.23,1343.93,482.39,17
7,player,227,0,0,1264.08,357.14,1343.21,483.30,17
7,player,228,0,0,1263.35,358.04,1342.48,484.21,17
7,player,229,0,0,1262.63,358.95,1341.76,485.11,17
7,player,230,0,0,1261.90,359.86,1341.03,486.02,17
7,player,231,0,0,1261.18,360.76,1340.31,486.92,17
7,player,232,0,0,1260.45,361.67,1339.58,487.83,17
7,player,233,0,0,1259.73,362.57,1338.86,488.74,17
7,player,234,0,0,1259.01,363.48,1338.13,489.64,17
7,player,235,0,0,1258.28,364.39,1337.41,490.55,17
7,player,236,0,0,1257.56,365.29,1336.68,491.45,17
7,player,237,0,0,1256.83,366.20,1335.96,492.36,17
7,player,238,0,0,1256.11,367.10,1335.23,493.27,17
7,player,239,0,0,1255.38,368.01,1334.51,494.17,17
7,player,240,0,0,1254.66,368.92,1333.78,495.08,17
7,player,241,0,0,1253.93,369.82,1333.06,495.98,17
7,player,242,0,0,1253.21,370.73,1332.33,496.89,17
7,player,243,0,0,1252.48,371.63,1331.61,497.80,17
7,player,244,0,0,1251.76,372.54,1330.89,498.70,17
7,player,245,0,0,1251.03,373.45,1330.16,499.61,17
7,player,246,0,0,1250.31,374.35,1329.44,500.51,17
7,player,247,0,0,1249.58,375.26,1328.71,501.42,17
7,player,248,0,0,1248.86,376.16,1327.99,502.32,17
7,player,249,0,0,1248.13,377.07,1327.26,503.23,17
7,player,250,0,0,1247.41,377.98,1326.54,504.14,17
7,player,251,0,0,1246.68,378.88,1325.81,505.04,17
7,player,252,0,0,1245.96,379.79,1325.09,505.95,17
7,player,253,0,0,1245.23,380.69,1324.36,506.85,17
7,player,254,0,0,1244.51,381.60,1323.64,507.76,17
7,player,255,0,0,1243.79,382.51,1322.91,508.67,17
7,player,256,0,0,1243.06,383.41,1322.19,509.57,17
7,player,257,0,0,1242.34,384.32,1321.46,510.48,17
7,player,258,0,0,1241.61,385.22,1320.74,511.38,17
7,player,259,0,0,1240.89,386.13,1320.01,512.29,17
7,player,260,0,0,1240.16,387.04,1319.29,513.20,17
7,player,261,0,0,1239.44,387.94,1318.56,514.10,17
7,player,262,0,0,1238.71,388.85,1317.84,515.01,17
7,player,263,0,0,1237.99,389.75,1317.11,515.91,17
7,player,264,0,0,1237.26,390.66,1316.39,516.82,17
7,player,265,0,0,1236.54,391.57,1315.66,517.73,17
7,player,266,0,0,1235.81,392.47,1314.94,518.63,17
7,player,267,0,0,1231.31,393.08,1310.43,519.24,17
7,player,268,0,0,1226.80,393.69,1305.93,519.85,17
7,player,269,0,0,1222.30,394.30,1301.42,520.47,17
7,player,270,0,0,1217.79,394.92,1296.92,521.08,17
7,player,271,0,0,1213.29,395.53,1292.41,521.69,17
7,player,272,0,0,1208.78,396.14,1287.91,522.30,17
7,player,273,0,0,1204.28,396.75,1283.40,522.91,17
7,player,274,0,0,1199.77,397.36,1278.90,523.52,17
7,player,275,0,0,1195.27,397.97,1274.39,524.13,17
7,player,276,0,0,1190.76,398.58,1269.89,524.74,17
7,player,277,0,0,1186.25,399.19,1265.38,525.35,17
7,player,278,0,0,1181.75,399.80,1260.88,525.96,17
7,player,279,0,0,1177.24,400.41,1256.37,526.57,17
7,player,280,0,0,1172.74,401.02,1251.87,527.19,17
7,player,281,0,0,1168.23,401.64,1247.36,527.80,17
7,player,282,0,0,1163.73,402.25,1242.86,528.41,17
7,player,283,0,0,1159.22,402.86,1238.35,529.02,17
7,player,284,0,0,1154.72,403.47,1233.85,529.63,17
7,player,285,0,0,1150.21,404.08,1229.34,530.24,17
7,player,286,0,0,1145.71,404.69,1224.83,530.85,17
7,player,287,0,0,1141.20,405.30,1220.33,531.46,17
7,player,288,0,0,1136.70,405.91,1215.82,532.07,17
7,player,289,0,0,1132.19,406.52,1211.32,532.68,17
7,player,290,0,0,1127.69,407.13,1206.81,533.29,17
7,player,291,0,0,1123.18,407.74,1202.31,533.91,17
7,player,292,0,0,1118.68,408.36,1197.80,534.52,17
7,player,293,0,0,1114.17,408.97,1193.30,535.13,17
7,player,294,0,0,1109.67,409.58,1188.79,535.74,17
7,player,295,0,0,1102.11,409.65,1181.23,535.81,17
7,player,296,0,0,1094.55,409.73,1173.67,535.89,17
7,player,297,0,0,1086.99,409.81,1166.11,535.97,17
7,player,298,0,0,1079.43,409.88,1158.55,536.04,17
7,player,299,0,0,1071.87,409.96,1150.99,536.12,17
7,player,300,0,0,1064.31,410.04,1143.43,536.20,17
7,player,301,0,0,1056.75,410.11,1135.87,536.27,17
7,player,302,0,0,1049.19,410.19,1128.32,536.35,17
7,player,303,0,0,1041.63,410.26,1120.76,536.43,17
7,player,304,0,0,1034.07,410.34,1113.20,536.50,17
7,player,305,0,0,1026.51,410.42,1105.64,536.58,17
7,player,306,0,0,1018.95,410.49,1098.08,536.65,17
7,player,307,0,0,1011.39,410.57,1090.52,536.73,17
7,player,308,0,0,1003.83,410.65,1082.96,536.81,17
7,player,309,0,0,996.27,410.72,1075.40,536.88,17
7,player,310,0,0,988.71,410.80,1067.84,536.96,17
7,player,311,0,0,981.15,410.88,1060.28,537.04,17
7,player,312,0,0,973.59,410.95,1052.72,537.11,17
7,player,313,0,0,966.03,411.03,1045.16,537.19,17
7,player,314,0,0,958.47,411.10,1037.60,537.26,17
7,player,315,0,0,950.91,411.18,1030.04,537.34,17
7,player,316,0,0,943.35,411.26,1022.48,537.42,17
7,player,317,0,0,935.79,411.33,1014.92,537.49,17
7,player,318,0,0,928.23,411.41,1007.36,537.57,17
7,player,319,0,0,920.67,411.49,999.80,537.65,17
7,player,320,0,0,913.11,411.56,992.24,537.72,17
7,player,321,0,0,905.55,411.64,984.68,537.80,17
7,player,322,0,0,897.99,411.71,977.12,537.88,17
7,player,323,0,0,901.13,410.85,980.26,537.01,17
7,player,324,0,0,904.27,409.98,983.40,536.14,17
7,player,325,0,0,907.42,409.11,986.54,535.27,17
7,player,326,0,0,910.56,408.24,989.68,534.40,17
7,player,327,0,0,913.70,407.37,992.82,533.53,17
7,player,328,0,0,916.84,406.50,995.96,532.66,17
7,player,329,0,0,919.98,405.63,999.10,531.80,17
7,player,330,0,0,923.12,404.77,1002.24,530.93,17
7,player,331,0,0,926.26,403.90,1005.38,530.06,17
7,player,332,0,0,929.40,403.03,1008.52,529.19,17
7,player,333,0,0,932.54,402.16,1011.67,528.32,17
7,player,334,0,0,935.68,401.29,1014.81,527.45,17
7,player,335,0,0,938.82,400.42,1017.95,526.58,17
7,player,336,0,0,941.96,399.55,1021.09,525.72,17
7,player,337,0,0,945.10,398.69,1024.23,524.85,17
7,player,338,0,0,948.24,397.82,1027.37,523.98,17
7,player,339,0,0,951.38,396.95,1030.51,523.11,17
7,player,340,0,0,954.52,396.08,1033.65,522.24,17
7,player,341,0,0,957.66,395.21,1036.79,521.37,17
7,player,342,0,0,960.80,394.34,1039.93,520.50,17
7,player,343,0,0,963.94,393.47,1043.07,519.64,17
7,player,344,0,0,967.08,392.61,1046.21,518.77,17
7,player,345,0,0,970.22,391.74,1049.35,517.90,17
7,player,346,0,0,973.36,390.87,1052.49,517.03,17
7,player,347,0,0,976.50,390.00,1055.63,516.16,17
7,player,348,0,0,979.64,389.13,1058.77,515.29,17
7,player,349,0,0,982.78,388.26,1061.91,514.42,17
7,player,350,0,0,985.92,387.39,1065.05,513.56,17
7,player,351,0,0,989.06,386.53,1068.19,512.69,17
7,player,352,0,0,992.20,385.66,1071.33,511.82,17
7,player,353,0,0,995.34,384.79,1074.47,510.95,17
7,player,354,0,0,998.48,383.92,1077.61,510.08,17
7,player,355,0,0,1009.89,381.07,1089.02,507.23,17
7,player,356,0,0,1021.29,378.22,1100.42,504.38,17
7,player,357,0,0,1032.69,375.37,1111.82,501.53,17
7,player,358,0,0,1040.01,373.68,1119.14,499.84,17
7,player,359,0,0,1047.32,371.99,1126.45,498.15,17
7,player,360,0,0,1054.64,370.30,1133.77,496.47,17
7,player,361,0,0,1061.95,368.62,1141.08,494.78,17
7,player,362,0,0,1069.27,366.93,1148.39,493.09,17
7,player,363,0,0,1076.58,365.24,1155.71,491.40,17
7,player,364,0,0,1083.90,363.55,1163.02,489.71,17
7,player,365,0,0,1091.21,361.86,1170.34,488.03,17
7,player,366,0,0,1098.52,360.18,1177.65,486.34,17
7,player,367,0,0,1105.84,358.49,1184.97,484.65,17
7,player,368,0,0,1113.15,356.80,1192.28,482.96,17
7,player,369,0,0,1120.47,355.11,1199.60,481.27,17
7,player,370,0,0,1127.78,353.42,1206.91,479.59,17
7,player,371,0,0,1135.10,351.74,1214.22,477.90,17
7,player,372,0,0,1142.41,350.05,1221.54,476.21,17
7,player,373,0,0,1149.73,348.36,1228.85,474.52,17
7,player,374,0,0,1157.04,346.67,1236.17,472.83,17
7,player,375,0,0,1164.36,344.98,1243.48,471.15,17
7,player,376,0,0,1171.67,343.30,1250.80,469.46,17
7,player,377,0,0,1175.41,343.83,1254.54,469.99,17
7,player,378,0,0,1179.15,344.37,1258.28,470.53,17
7,player,379,0,0,1182.89,344.90,1262.02,471.06,17
7,player,380,0,0,1186.64,345.44,1265.76,471.60,17
7,player,381,0,0,1190.38,345.97,1269.51,472.13,17
7,player,382,0,0,1194.12,346.50,1273.25,472.66,17
7,player,383,0,0,1197.86,347.04,1276.99,473.20,17
7,player,384,0,0,1201.60,347.57,1280.73,473.73,17
7,player,385,0,0,1204.11,347.13,1283.24,473.29,17
7,player,386,0,0,1206.62,346.69,1285.74,472.85,17
7,player,387,0,0,1209.12,346.25,1288.25,472.41,17
7,player,388,0,0,1211.63,345.80,1290.76,471.96,17
7,player,389,0,0,1214.14,345.36,1293.26,471.52,17
7,player,390,0,0,1216.64,344.92,1295.77,471.08,17
7,player,391,0,0,1219.15,344.48,1298.28,470.64,17
7,player,392,0,0,1221.66,344.03,1300.78,470.19,17
7,player,393,0,0,1224.16,343.59,1303.29,469.75,17
7,player,394,0,0,1226.67,343.15,1305.80,469.31,17
7,player,395,0,0,1229.18,342.71,1308.30,468.87,17
7,player,396,0,0,1231.68,342.26,1310.81,468.43,17
7,player,397,0,0,1234.19,341.82,1313.32,467.98,17
7,player,398,0,0,1236.70,341.38,1315.82,467.54,17
7,player,399,0,0,1239.20,340.94,1318.33,467.10,17
7,player,400,0,0,1241.71,340.50,1320.84,466.66,17
7,player,401,0,0,1244.22,340.05,1323.34,466.21,17
7,player,402,0,0,1246.72,339.61,1325.85,465.77,17
7,player,403,0,0,1249.23,339.17,1328.36,465.33,17
7,player,404,0,0,1251.74,338.73,1330.86,464.89,17
7,player,405,0,0,1254.24,338.28,1333.37,464.44,17
7,player,406,0,0,1256.75,337.84,1335.88,464.00,17
7,player,407,0,0,1259.26,337.40,1338.38,463.56,17
7,player,408,0,0,1261.76,336.96,1340.89,463.12,17
7,player,409,0,0,1264.27,336.51,1343.40,462.67,17
7,player,410,0,0,1266.78,336.07,1345.90,462.23,17
7,player,411,0,0,1269.28,335.63,1348.41,461.79,17
7,player,412,0,0,1271.79,335.19,1350.92,461.35,17
7,player,413,0,0,1274.30,334.74,1353.42,460.90,17
7,player,414,0,0,1271.45,335.28,1350.57,461.44,17
7,player,415,0,0,1268.60,335.81,1347.72,461.97,17
7,player,416,0,0,1265.74,336.35,1344.87,462.51,17
7,player,417,0,0,1262.89,336.88,1342.02,463.04,17
7,player,418,0,0,1260.04,337.42,1339.17,463.58,17
7,player,419,0,0,1257.19,337.95,1336.32,464.11,17
7,player,420,0,0,1254.34,338.49,1333.47,464.65,17
7,player,421,0,0,1251.49,339.02,1330.62,465.18,17
7,player,422,0,0,1248.64,339.55,1327.77,465.72,17
7,player,423,0,0,1245.79,340.09,1324.92,466.25,17
7,player,424,0,0,1242.94,340.62,1322.07,466.78,17
7,player,425,0,0,1240.09,341.16,1319.22,467.32,17
7,player,426,0,0,1235.35,340.79,1314.47,466.95,17
7,player,427,0,0,1230.61,340.41,1309.73,466.58,17
7,player,428,0,0,1225.87,340.04,1304.99,466.20,17
7,player,429,0,0,1221.12,339.67,1300.25,465.83,17
7,player,430,0,0,1216.38,339.30,1295.51,465.46,17
7,player,431,0,0,1211.64,338.93,1290.77,465.09,17
7,player,432,0,0,1206.90,338.56,1286.03,464.72,17
7,player,433,0,0,1202.16,338.18,1281.29,464.34,17
7,player,434,0,0,1197.42,337.81,1276.55,463.97,17
7,player,435,0,0,1192.68,337.44,1271.81,463.60,17
7,player,436,0,0,1187.94,337.07,1267.06,463.23,17
7,player,437,0,0,1183.20,336.70,1262.32,462.86,17
7,player,438,0,0,1178.46,336.32,1257.58,462.48,17
7,player,439,0,0,1173.71,335.95,1252.84,462.11,17
7,player,440,0,0,1168.97,335.58,1248.10,461.74,17
7,player,441,0,0,1164.23,335.21,1243.36,461.37,17
7,player,442,0,0,1159.49,334.84,1238.62,461.00,17
7,player,443,0,0,1154.75,334.46,1233.88,460.63,17
7,player,444,0,0,1150.01,334.09,1229.14,460.25,17
7,player,445,0,0,1145.27,333.72,1224.40,459.88,17
7,player,446,0,0,1140.53,333.35,1219.66,459.51,17
7,player,447,0,0,1135.79,332.98,1214.91,459.14,17
7,player,448,0,0,1131.05,332.61,1210.17,458.77,17
7,player,449,0,0,1123.34,333.06,1202.46,459.22,17
7,player,450,0,0,1115.63,333.51,1194.75,459.67,17
7,player,451,0,0,1107.92,333.97,1187.04,460.13,17
7,player,452,0,0,1100.21,334.42,1179.33,460.58,17
7,player,453,0,0,1092.50,334.87,1171.62,461.03,17
7,player,454,0,0,1084.79,335.33,1163.91,461.49,17
7,player,455,0,0,1077.08,335.78,1156.20,461.94,17
7,player,456,0,0,1069.37,336.23,1148.49,462.39,17
7,player,457,0,0,1061.66,336.69,1140.78,462.85,17
7,player,458,0,0,1053.95,337.14,1133.07,463.30,17
7,player,459,0,0,1046.24,337.59,1125.36,463.76,17
7,player,460,0,0,1038.52,338.05,1117.65,464.21,17
7,player,461,0,0,1030.81,338.50,1109.94,464.66,17
7,player,462,0,0,1023.10,338.96,1102.23,465.12,17
7,player,463,0,0,1015.39,339.41,1094.52,465.57,17
7,player,464,0,0,1007.68,339.86,1086.81,466.02,17
7,player,465,0,0,999.97,340.32,1079.10,466.48,17
7,player,466,0,0,992.26,340.77,1071.39,466.93,17
7,player,467,0,0,984.55,341.22,1063.68,467.38,17
7,player,468,0,0,976.84,341.68,1055.97,467.84,17
7,player,469,0,0,969.13,342.13,1048.26,468.29,17
7,player,470,0,0,961.42,342.58,1040.55,468.74,17
7,player,471,0,0,953.71,343.04,1032.84,469.20,17
7,player,472,0,0,946.00,343.49,1025.13,469.65,17
7,player,473,0,0,938.29,343.94,1017.42,470.10,17
7,player,474,0,0,930.58,344.40,1009.71,470.56,17
7,player,475,0,0,922.87,344.85,1002.00,471.01,17
7,player,476,0,0,915.16,345.30,994.29,471.47,17
7,player,477,0,0,907.45,345.76,986.58,471.92,17
7,player,478,0,0,899.74,346.21,978.87,472.37,17
7,player,479,0,0,892.03,346.67,971.16,472.83,17
7,player,480,0,0,884.32,347.12,963.45,473.28,17
7,player,481,0,0,876.61,347.57,955.74,473.73,17
7,player,482,0,0,868.49,347.57,947.62,473.73,17
7,player,483,0,0,860.36,347.57,939.49,473.73,17
7,player,484,0,0,852.24,347.57,931.37,473.73,17
7,player,485,0,0,844.11,347.57,923.24,473.73,17
7,player,486,0,0,835.99,347.57,915.12,473.73,17
7,player,487,0,0,835.19,347.17,914.32,473.33,17
7,player,488,0,0,834.39,346.77,913.52,472.93,17
7,player,489,0,0,833.59,346.37,912.72,472.54,17
7,player,490,0,0,832.80,345.98,911.92,472.14,17
7,player,491,0,0,832.00,345.58,911.13,471.74,17
7,player,492,0,0,831.20,345.18,910.33,471.34,17
7,player,493,0,0,830.40,344.78,909.53,470.94,17
7,player,494,0,0,829.60,344.38,908.73,470.54,17
7,player,495,0,0,828.81,343.98,907.93,470.14,17
7,player,496,0,0,828.01,343.58,907.13,469.74,17
7,player,497,0,0,827.21,343.18,906.34,469.34,17
7,player,498,0,0,826.41,342.78,905.54,468.94,17
7,player,499,0,0,825.61,342.38,904.74,468.54,17
7,player,500,0,0,824.81,341.98,903.94,468.15,17
7,player,501,0,0,824.02,341.59,903.14,467.75,17
7,player,502,0,0,823.22,341.19,902.35,467.35,17
7,player,503,0,0,822.42,340.79,901.55,466.95,17
7,player,504,0,0,821.62,340.39,900.75,466.55,17
7,player,505,0,0,820.82,339.99,899.95,466.15,17
7,player,506,0,0,820.02,339.59,899.15,465.75,17
7,player,507,0,0,819.23,339.19,898.35,465.35,17
7,player,508,0,0,818.43,338.79,897.56,464.95,17
7,player,509,0,0,817.63,338.39,896.76,464.55,17
7,player,510,0,0,816.83,337.99,895.96,464.15,17
7,player,511,0,0,816.03,337.59,895.16,463.75,17
7,player,512,0,0,815.24,337.19,894.36,463.36,17
7,player,513,0,0,814.44,336.80,893.56,462.96,17
7,player,514,0,0,813.64,336.40,892.77,462.56,17
7,player,515,0,0,812.84,336.00,891.97,462.16,17
7,player,516,0,0,812.04,335.60,891.17,461.76,17
7,player,517,0,0,811.24,335.20,890.37,461.36,17
7,player,518,0,0,810.45,334.80,889.57,460.96,17
7,player,519,0,0,809.65,334.40,888.78,460.56,17
7,player,520,0,0,808.85,334.00,887.98,460.16,17
7,player,521,0,0,808.05,333.60,887.18,459.76,17
7,player,522,0,0,807.25,333.20,886.38,459.36,17
7,player,523,0,0,806.46,332.80,885.58,458.97,17
7,player,524,0,0,805.66,332.41,884.78,458.57,17
7,player,525,0,0,804.86,332.01,883.99,458.17,17
7,player,526,0,0,804.06,331.61,883.19,457.77,17
7,player,527,0,0,803.26,331.21,882.39,457.37,17
7,player,528,0,0,802.46,330.81,881.59,456.97,17
7,player,529,0,0,801.67,330.41,880.79,456.57,17
7,player,530,0,0,800.87,330.01,880.00,456.17,17
7,player,531,0,0,800.07,329.61,879.20,455.77,17
7,player,532,0,0,799.27,329.21,878.40,455.37,17
7,player,533,0,0,798.47,328.81,877.60,454.97,17
7,player,534,0,0,797.67,328.41,876.80,454.57,17
7,player,535,0,0,796.88,328.02,876.00,454.18,17
7,player,536,0,0,796.08,327.62,875.21,453.78,17
7,player,537,0,0,795.28,327.22,874.41,453.38,17
7,player,538,0,0,794.48,326.82,873.61,452.98,17
7,player,539,0,0,793.68,326.42,872.81,452.58,17
7,player,540,0,0,792.89,326.02,872.01,452.18,17
7,player,541,0,0,792.09,325.62,871.21,451.78,17
7,player,542,0,0,791.29,325.22,870.42,451.38,17
7,player,543,0,0,790.49,324.82,869.62,450.98,17
7,player,544,0,0,789.69,324.42,868.82,450.58,17
7,player,545,0,0,788.89,324.02,868.02,450.18,17
7,player,546,0,0,788.10,323.62,867.22,449.79,17
7,player,547,0,0,787.30,323.23,866.43,449.39,17
7,player,548,0,0,786.50,322.83,865.63,448.99,17
7,player,549,0,0,785.70,322.43,864.83,448.59,17
7,player,550,0,0,784.90,322.03,864.03,448.19,17
7,player,551,0,0,784.11,321.63,863.23,447.79,17
7,player,552,0,0,783.31,321.23,862.43,447.39,17
7,player,553,0,0,782.51,320.83,861.64,446.99,17
7,player,554,0,0,781.71,320.43,860.84,446.59,17
7,player,555,0,0,780.91,320.03,860.04,446.19,17
7,player,556,0,0,780.11,319.63,859.24,445.79,17
7,player,557,0,0,779.32,319.23,858.44,445.39,17
7,player,558,0,0,778.52,318.84,857.65,445.00,17
7,player,559,0,0,777.72,318.44,856.85,444.60,17
7,player,560,0,0,776.92,318.04,856.05,444.20,17
7,player,561,0,0,776.12,317.64,855.25,443.80,17
7,player,562,0,0,780.20,317.64,859.33,443.80,17
7,player,563,0,0,784.29,317.64,863.41,443.80,17
7,player,564,0,0,788.37,317.64,867.50,443.80,17
7,player,565,0,0,792.45,317.64,871.58,443.80,17
7,player,566,0,0,796.53,317.64,875.66,443.80,17
7,player,567,0,0,800.61,317.64,879.74,443.80,17
7,player,568,0,0,804.70,317.64,883.82,443.80,17
7,player,569,0,0,808.78,317.64,887.90,443.80,17
7,player,570,0,0,812.86,317.64,891.99,443.80,17
7,player,571,0,0,816.94,317.64,896.07,443.80,17
7,player,572,0,0,821.02,317.64,900.15,443.80,17
7,player,573,0,0,823.87,314.07,903.00,440.23,17
7,player,574,0,0,826.72,310.51,905.85,436.67,17
7,player,575,0,0,829.58,306.95,908.70,433.11,17
7,player,576,0,0,837.70,305.66,916.83,431.83,17
7,player,577,0,0,845.82,304.38,924.95,430.54,17
7,player,578,0,0,853.95,303.10,933.08,429.26,17
7,player,579,0,0,862.07,301.82,941.20,427.98,17
7,player,580,0,0,870.20,300.53,949.33,426.69,17
7,player,581,0,0,875.37,299.86,954.50,426.02,17
7,player,582,0,0,880.55,299.18,959.68,425.34,17
7,player,583,0,0,885.73,298.51,964.86,424.67,17
7,player,584,0,0,890.90,297.83,970.03,423.99,17
7,player,585,0,0,896.08,297.16,975.21,423.32,17
7,player,586,0,0,901.26,296.48,980.38,422.64,17
7,player,587,0,0,906.43,295.81,985.56,421.97,17
7,player,588,0,0,911.61,295.13,990.74,421.29,17
7,player,589,0,0,916.79,294.46,995.91,420.62,17
7,player,590,0,0,921.96,293.78,1001.09,419.94,17
7,player,591,0,0,927.14,293.11,1006.27,419.27,17
7,player,592,0,0,932.32,292.43,1011.44,418.59,17
7,player,593,0,0,937.49,291.76,1016.62,417.92,17
7,player,594,0,0,942.67,291.08,1021.80,417.24,17
7,player,595,0,0,947.84,290.41,1026.97,416.57,17
7,player,596,0,0,953.02,289.73,1032.15,415.89,17
7,player,597,0,0,958.20,289.06,1037.33,415.22,17
7,player,598,0,0,963.37,288.38,1042.50,414.54,17
7,player,599,0,0,968.55,287.71,1047.68,413.87,17
7,player,600,0,0,973.44,287.40,1052.57,413.56,17
7,player,601,0,0,978.33,287.09,1057.45,413.25,17
7,player,602,0,0,983.21,286.79,1062.34,412.95,17
7,player,603,0,0,988.10,286.48,1067.23,412.64,17
7,player,604,0,0,992.99,286.18,1072.11,412.34,17
7,player,605,0,0,997.87,285.87,1077.00,412.03,17
7,player,606,0,0,1002.76,285.57,1081.89,411.73,17
7,player,607,0,0,1005.82,285.87,1084.94,412.03,17
7,player,608,0,0,1008.87,286.18,1088.00,412.34,17
7,player,609,0,0,1011.92,286.48,1091.05,412.64,17
7,player,610,0,0,1014.98,286.79,1094.11,412.95,17
7,player,611,0,0,1018.03,287.09,1097.16,413.25,17
7,player,612,0,0,1021.09,287.40,1100.21,413.56,17
7,player,613,0,0,1024.14,287.71,1103.27,413.87,17
7,player,614,0,0,1024.68,286.10,1103.80,412.26,17
7,player,615,0,0,1025.21,284.50,1104.34,410.66,17
7,player,616,0,0,1025.74,282.89,1104.87,409.06,17
7,player,617,0,0,1026.28,281.29,1105.41,407.45,17
7,player,618,0,0,1026.28,280.22,1105.41,406.38,17
7,player,619,0,0,1026.28,279.15,1105.41,405.31,17
7,player,620,0,0,1026.28,278.08,1105.41,404.24,17
7,player,621,0,0,1026.28,277.01,1105.41,403.18,17
7,player,622,0,0,1027.81,275.49,1106.93,401.65,17
7,player,623,0,0,1029.33,273.96,1108.46,400.12,17
7,player,624,0,0,1030.86,272.43,1109.99,398.59,17
7,player,625,0,0,1032.39,270.91,1111.52,397.07,17
7,player,626,0,0,1033.92,269.38,1113.04,395.54,17
7,player,627,0,0,1035.44,267.85,1114.57,394.01,17
7,player,628,0,0,1036.97,266.32,1116.10,392.48,17
7,player,629,0,0,1036.59,265.44,1115.72,391.60,17
7,player,630,0,0,1036.22,264.56,1115.34,390.72,17
7,player,631,0,0,1035.84,263.68,1114.97,389.84,17
7,player,632,0,0,1035.46,262.80,1114.59,388.96,17
7,player,633,0,0,1035.08,261.92,1114.21,388.08,17
7,player,634,0,0,1034.71,261.04,1113.83,387.20,17
7,player,635,0,0,1034.33,260.16,1113.46,386.32,17
7,player,636,0,0,1033.95,259.28,1113.08,385.44,17
7,player,637,0,0,1033.57,258.40,1112.70,384.56,17
7,player,638,0,0,1033.20,257.52,1112.32,383.68,17
7,player,639,0,0,1032.82,256.64,1111.95,382.80,17
7,player,640,0,0,1032.44,255.76,1111.57,381.92,17
7,player,641,0,0,1032.06,254.88,1111.19,381.04,17
7,player,642,0,0,1031.69,254.00,1110.81,380.16,17
7,player,643,0,0,1031.31,253.12,1110.44,379.28,17
7,player,644,0,0,1030.93,252.24,1110.06,378.40,17
7,player,645,0,0,1030.55,251.36,1109.68,377.52,17
7,player,646,0,0,1030.43,251.48,1109.56,377.64,17
7,player,647,0,0,1030.30,251.61,1109.43,377.77,17
7,player,648,0,0,1030.17,251.73,1109.30,377.89,17
7,player,649,0,0,1030.05,251.86,1109.17,378.02,17
7,player,650,0,0,1029.92,251.98,1109.05,378.14,17
7,player,651,0,0,1029.79,252.11,1108.92,378.27,17
7,player,652,0,0,1029.66,252.23,1108.79,378.39,17
7,player,653,0,0,1029.54,252.36,1108.67,378.52,17
7,player,654,0,0,1029.41,252.48,1108.54,378.64,17
7,player,655,0,0,1029.28,252.61,1108.41,378.77,17
7,player,656,0,0,1029.16,252.73,1108.28,378.89,17
7,player,657,0,0,1029.03,252.86,1108.16,379.02,17
7,player,658,0,0,1028.90,252.98,1108.03,379.14,17
7,player,659,0,0,1028.78,253.11,1107.90,379.27,17
7,player,660,0,0,1028.65,253.23,1107.78,379.39,17
7,player,661,0,0,1028.52,253.36,1107.65,379.52,17
7,player,662,0,0,1028.39,253.48,1107.52,379.64,17
7,player,663,0,0,1028.27,253.61,1107.39,379.77,17
7,player,664,0,0,1028.14,253.73,1107.27,379.89,17
7,player,665,0,0,1028.01,253.86,1107.14,380.02,17
7,player,666,0,0,1027.89,253.98,1107.01,380.14,17
7,player,667,0,0,1027.76,254.11,1106.89,380.27,17
7,player,668,0,0,1027.63,254.23,1106.76,380.39,17
7,player,669,0,0,1027.50,254.36,1106.63,380.52,17
7,player,670,0,0,1027.38,254.48,1106.50,380.64,17
7,player,671,0,0,1027.25,254.61,1106.38,380.77,17
7,player,672,0,0,1027.12,254.73,1106.25,380.89,17
7,player,673,0,0,1027.00,254.86,1106.12,381.02,17
7,player,674,0,0,1026.87,254.98,1106.00,381.14,17
7,player,675,0,0,1026.74,255.11,1105.87,381.27,17
7,player,676,0,0,1026.61,255.23,1105.74,381.39,17
7,player,677,0,0,1026.49,255.36,1105.61,381.52,17
7,player,678,0,0,1026.36,255.48,1105.49,381.64,17
7,player,679,0,0,1026.23,255.61,1105.36,381.77,17
7,player,680,0,0,1026.11,255.73,1105.23,381.89,17
7,player,681,0,0,1025.98,255.86,1105.11,382.02,17
7,player,682,0,0,1025.85,255.98,1104.98,382.15,17
7,player,683,0,0,1025.72,256.11,1104.85,382.27,17
7,player,684,0,0,1031.10,256.61,1110.23,382.77,17
7,player,685,0,0,1036.48,257.12,1115.61,383.28,17
7,player,686,0,0,1041.86,257.62,1120.99,383.78,17
7,player,687,0,0,1047.24,258.13,1126.37,384.29,17
7,player,688,0,0,1052.62,258.63,1131.75,384.79,17
7,player,689,0,0,1058.00,259.14,1137.13,385.30,17
7,player,690,0,0,1063.38,259.64,1142.51,385.80,17
7,player,691,0,0,1068.76,260.15,1147.89,386.31,17
7,player,692,0,0,1074.14,260.65,1153.27,386.81,17
7,player,693,0,0,1079.52,261.16,1158.65,387.32,17
7,player,694,0,0,1084.90,261.66,1164.03,387.82,17
7,player,695,0,0,1090.28,262.17,1169.41,388.33,17
7,player,696,0,0,1095.66,262.67,1174.79,388.83,17
7,player,697,0,0,1101.04,263.18,1180.17,389.34,17
7,player,698,0,0,1106.42,263.68,1185.55,389.84,17
7,player,699,0,0,1111.80,264.19,1190.93,390.35,17
7,player,700,0,0,1108.66,264.25,1187.79,390.41,17
7,player,701,0,0,1105.51,264.31,1184.64,390.47,17
7,player,702,0,0,1102.37,264.37,1181.50,390.53,17
7,player,703,0,0,1099.22,264.44,1178.35,390.60,17
7,player,704,0,0,1096.08,264.50,1175.21,390.66,17
7,player,705,0,0,1092.94,264.56,1172.06,390.72,17
7,player,706,0,0,1089.79,264.63,1168.92,390.79,17
7,player,707,0,0,1086.65,264.69,1165.78,390.85,17
7,player,708,0,0,1083.50,264.75,1162.63,390.91,17
7,player,709,0,0,1080.36,264.81,1159.49,390.98,17
7,player,710,0,0,1077.22,264.88,1156.34,391.04,17
7,player,711,0,0,1074.07,264.94,1153.20,391.10,17
7,player,712,0,0,1070.93,265.00,1150.05,391.16,17
7,player,713,0,0,1067.78,265.07,1146.91,391.23,17
7,player,714,0,0,1064.64,265.13,1143.77,391.29,17
7,player,715,0,0,1061.49,265.19,1140.62,391.35,17
7,player,716,0,0,1058.35,265.25,1137.48,391.42,17
7,player,717,0,0,1055.21,265.32,1134.33,391.48,17
7,player,718,0,0,1052.06,265.38,1131.19,391.54,17
7,player,719,0,0,1048.92,265.44,1128.04,391.60,17
7,player,720,0,0,1045.77,265.51,1124.90,391.67,17
7,player,721,0,0,1042.63,265.57,1121.76,391.73,17
7,player,722,0,0,1039.48,265.63,1118.61,391.79,17
7,player,723,0,0,1036.34,265.69,1115.47,391.86,17
7,player,724,0,0,1033.20,265.76,1112.32,391.92,17
7,player,725,0,0,1030.05,265.82,1109.18,391.98,17
7,player,726,0,0,1026.91,265.88,1106.03,392.04,17
7,player,727,0,0,1023.76,265.95,1102.89,392.11,17
7,player,728,0,0,1020.62,266.01,1099.75,392.17,17
7,player,729,0,0,1017.47,266.07,1096.60,392.23,17
7,player,730,0,0,1014.33,266.14,1093.46,392.30,17
7,player,731,0,0,1011.19,266.20,1090.31,392.36,17
7,player,732,0,0,1008.04,266.26,1087.17,392.42,17
7,player,733,0,0,1004.90,266.32,1084.03,392.48,17
7,player,734,0,0,1001.75,266.39,1080.88,392.55,17
7,player,735,0,0,998.61,266.45,1077.74,392.61,17
7,player,736,0,0,995.46,266.51,1074.59,392.67,17
7,player,737,0,0,992.32,266.58,1071.45,392.74,17
7,player,738,0,0,989.18,266.64,1068.30,392.80,17
7,player,739,0,0,986.03,266.70,1065.16,392.86,17
7,player,740,0,0,982.89,266.76,1062.02,392.92,17
7,player,741,0,0,979.74,266.83,1058.87,392.99,17
7,player,742,0,0,976.60,266.89,1055.73,393.05,17
7,player,743,0,0,973.46,266.95,1052.58,393.11,17
7,player,744,0,0,970.31,267.02,1049.44,393.18,17
7,player,745,0,0,967.17,267.08,1046.29,393.24,17
7,player,746,0,0,964.02,267.14,1043.15,393.30,17
7,player,747,0,0,960.88,267.20,1040.01,393.36,17
7,player,748,0,0,957.73,267.27,1036.86,393.43,17
7,player,749,0,0,954.59,267.33,1033.72,393.49,17
7,player,750,0,0,951.45,267.39,1030.57,393.55,17
7,player,751,0,0,948.30,267.46,1027.43,393.62,17
7,player,752,0,0,945.16,267.52,1024.28,393.68,17
7,player,753,0,0,942.01,267.58,1021.14,393.74,17
7,player,754,0,0,938.87,267.64,1018.00,393.81,17
7,player,755,0,0,935.72,267.71,1014.85,393.87,17
7,player,756,0,0,932.58,267.77,1011.71,393.93,17
7,player,757,0,0,929.44,267.83,1008.56,393.99,17
7,player,758,0,0,926.29,267.90,1005.42,394.06,17
7,player,759,0,0,923.15,267.96,1002.27,394.12,17
7,player,760,0,0,920.00,268.02,999.13,394.18,17
7,player,761,0,0,916.86,268.08,995.99,394.25,17
7,player,762,0,0,913.71,268.15,992.84,394.31,17
7,player,763,0,0,910.57,268.21,989.70,394.37,17
7,player,764,0,0,907.43,268.27,986.55,394.43,17
7,player,765,0,0,904.28,268.34,983.41,394.50,17
7,player,766,0,0,901.14,268.40,980.26,394.56,17
7,player,767,0,0,897.99,268.46,977.12,394.62,17
7,player,768,0,0,898.08,267.78,977.21,393.94,17
7,player,769,0,0,898.18,267.10,977.30,393.26,17
7,player,770,0,0,898.27,266.41,977.39,392.58,17
7,player,771,0,0,898.36,265.73,977.48,391.89,17
7,player,772,0,0,898.45,265.05,977.58,391.21,17
7,player,773,0,0,898.54,264.37,977.67,390.53,17
7,player,774,0,0,898.63,263.69,977.76,389.85,17
7,player,775,0,0,898.72,263.00,977.85,389.16,17
7,player,776,0,0,898.81,262.32,977.94,388.48,17
7,player,777,0,0,898.90,261.64,978.03,387.80,17
7,player,778,0,0,898.99,260.96,978.12,387.12,17
7,player,779,0,0,899.09,260.27,978.21,386.43,17
7,player,780,0,0,899.18,259.59,978.30,385.75,17
7,player,781,0,0,899.27,258.91,978.39,385.07,17
7,player,782,0,0,899.36,258.23,978.49,384.39,17
7,player,783,0,0,899.45,257.54,978.58,383.70,17
7,player,784,0,0,899.54,256.86,978.67,383.02,17
7,player,785,0,0,899.63,256.18,978.76,382.34,17
7,player,786,0,0,899.72,255.50,978.85,381.66,17
7,player,787,0,0,899.81,254.81,978.94,380.98,17
7,player,788,0,0,899.90,254.13,979.03,380.29,17
7,player,789,0,0,899.99,253.45,979.12,379.61,17
7,player,790,0,0,900.09,252.77,979.21,378.93,17
7,player,791,0,0,900.18,252.09,979.30,378.25,17
7,player,792,0,0,900.27,251.40,979.40,377.56,17
7,player,793,0,0,900.36,250.72,979.49,376.88,17
7,player,794,0,0,900.45,250.04,979.58,376.20,17
7,player,795,0,0,900.54,249.36,979.67,375.52,17
7,player,796,0,0,900.63,248.67,979.76,374.83,17
7,player,797,0,0,900.72,247.99,979.85,374.15,17
7,player,798,0,0,900.81,247.31,979.94,373.47,17
7,player,799,0,0,900.90,246.63,980.03,372.79,17
7,player,800,0,0,901.00,245.94,980.12,372.10,17
7,player,801,0,0,901.09,245.26,980.21,371.42,17
7,player,802,0,0,901.18,244.58,980.31,370.74,17
7,player,803,0,0,901.27,243.90,980.40,370.06,17
7,player,804,0,0,901.36,243.21,980.49,369.38,17
7,player,805,0,0,901.45,242.53,980.58,368.69,17
7,player,806,0,0,901.54,241.85,980.67,368.01,17
7,player,807,0,0,901.63,241.17,980.76,367.33,17
7,player,808,0,0,901.72,240.48,980.85,366.65,17
7,player,809,0,0,901.81,239.80,980.94,365.96,17
7,player,810,0,0,901.91,239.12,981.03,365.28,17
7,player,811,0,0,902.00,238.44,981.12,364.60,17
7,player,812,0,0,902.09,237.76,981.22,363.92,17
7,player,813,0,0,902.18,237.07,981.31,363.23,17
7,player,814,0,0,902.27,236.39,981.40,362.55,17
7,player,815,0,0,904.41,236.93,983.54,363.09,17
7,player,816,0,0,906.55,237.46,985.67,363.62,17
7,player,817,0,0,908.68,237.99,987.81,364.15,17
7,player,818,0,0,910.82,238.53,989.95,364.69,17
7,player,819,0,0,912.96,239.06,992.09,365.22,17
7,player,820,0,0,915.10,239.60,994.23,365.76,17
7,player,821,0,0,917.24,240.13,996.36,366.29,17
7,player,822,0,0,919.37,240.67,998.50,366.83,17
7,player,823,0,0,921.51,241.20,1000.64,367.36,17
7,player,824,0,0,923.65,241.74,1002.78,367.90,17
7,player,825,0,0,925.79,242.27,1004.92,368.43,17
7,player,826,0,0,927.93,242.80,1007.05,368.97,17
7,player,827,0,0,930.06,243.34,1009.19,369.50,17
7,player,828,0,0,932.20,243.87,1011.33,370.03,17
7,player,829,0,0,934.34,244.41,1013.47,370.57,17
7,player,830,0,0,936.48,244.94,1015.61,371.10,17
7,player,831,0,0,938.62,245.48,1017.74,371.64,17
7,player,832,0,0,940.76,246.01,1019.88,372.17,17
7,player,833,0,0,942.89,246.55,1022.02,372.71,17
7,player,834,0,0,945.03,247.08,1024.16,373.24,17
7,player,835,0,0,947.17,247.62,1026.30,373.78,17
7,player,836,0,0,949.31,248.15,1028.44,374.31,17
7,player,837,0,0,951.45,248.68,1030.57,374.84,17
7,player,838,0,0,953.58,249.22,1032.71,375.38,17
7,player,839,0,0,955.27,249.05,1034.40,375.21,17
7,player,840,0,0,956.96,248.88,1036.09,375.04,17
7,player,841,0,0,958.65,248.71,1037.78,374.87,17
7,player,842,0,0,960.34,248.54,1039.47,374.70,17
7,player,843,0,0,962.03,248.37,1041.16,374.54,17
7,player,844,0,0,963.72,248.21,1042.84,374.37,17
7,player,845,0,0,965.41,248.04,1044.53,374.20,17
7,player,846,0,0,967.09,247.87,1046.22,374.03,17
7,player,847,0,0,968.78,247.70,1047.91,373.86,17
7,player,848,0,0,970.47,247.53,1049.60,373.69,17
7,player,849,0,0,972.16,247.36,1051.29,373.52,17
7,player,850,0,0,973.85,247.19,1052.98,373.35,17
7,player,851,0,0,975.54,247.02,1054.67,373.18,17
7,player,852,0,0,982.64,246.76,1061.76,372.92,17
7,player,853,0,0,989.73,246.49,1068.86,372.65,17
7,player,854,0,0,996.83,246.22,1075.96,372.38,17
7,player,855,0,0,1003.93,245.95,1083.06,372.11,17
7,player,856,0,0,1011.03,245.68,1090.15,371.84,17
7,player,857,0,0,1018.12,245.41,1097.25,371.58,17
7,player,858,0,0,1025.22,245.15,1104.35,371.31,17
7,player,859,0,0,1032.32,244.88,1111.45,371.04,17
7,player,860,0,0,1039.42,244.61,1118.54,370.77,17
7,player,861,0,0,1046.52,244.34,1125.64,370.50,17
7,player,862,0,0,1053.61,244.07,1132.74,370.24,17
7,player,863,0,0,1060.71,243.81,1139.84,369.97,17
7,player,864,0,0,1067.81,243.54,1146.94,369.70,17
7,player,865,0,0,1074.91,243.27,1154.03,369.43,17
7,player,866,0,0,1082.00,243.00,1161.13,369.16,17
7,player,867,0,0,1089.10,242.73,1168.23,368.89,17
7,player,868,0,0,1096.20,242.47,1175.33,368.63,17
7,player,869,0,0,1103.30,242.20,1182.42,368.36,17
7,player,870,0,0,1110.39,241.93,1189.52,368.09,17
7,player,871,0,0,1117.49,241.66,1196.62,367.82,17
7,player,872,0,0,1124.59,241.39,1203.72,367.55,17
7,player,873,0,0,1131.69,241.13,1210.81,367.29,17
7,player,874,0,0,1138.78,240.86,1217.91,367.02,17
7,player,875,0,0,1145.88,240.59,1225.01,366.75,17
7,player,876,0,0,1152.98,240.32,1232.11,366.48,17
7,player,877,0,0,1160.08,240.05,1239.20,366.21,17
7,player,878,0,0,1167.17,239.79,1246.30,365.95,17
7,player,879,0,0,1174.27,239.52,1253.40,365.68,17
7,player,880,0,0,1181.37,239.25,1260.50,365.41,17
7,player,881,0,0,1188.47,238.98,1267.59,365.14,17
7,player,882,0,0,1195.56,238.71,1274.69,364.87,17
7,player,883,0,0,1202.66,238.44,1281.79,364.61,17
7,player,884,0,0,1209.76,238.18,1288.89,364.34,17
7,player,885,0,0,1216.86,237.91,1295.98,364.07,17
7,player,886,0,0,1223.95,237.64,1303.08,363.80,17
7,player,887,0,0,1231.05,237.37,1310.18,363.53,17
7,player,888,0,0,1238.15,237.10,1317.28,363.26,17
7,player,889,0,0,1245.25,236.84,1324.38,363.00,17
7,player,890,0,0,1252.35,236.57,1331.47,362.73,17
7,player,891,0,0,1259.44,236.30,1338.57,362.46,17
7,player,892,0,0,1266.54,236.03,1345.67,362.19,17
7,player,893,0,0,1273.64,235.76,1352.77,361.92,17
7,player,894,0,0,1280.74,235.50,1359.86,361.66,17
7,player,895,0,0,1287.83,235.23,1366.96,361.39,17
7,player,896,0,0,1294.93,234.96,1374.06,361.12,17
7,player,897,0,0,1302.03,234.69,1381.16,360.85,17
7,player,898,0,0,1309.13,234.42,1388.25,360.58,17
7,player,899,0,0,1316.22,234.16,1395.35,360.32,17
8,player,52,0,0,444.70,253.50,517.42,381.80,10
8,player,53,0,0,447.01,254.36,519.73,382.67,10
8,player,54,0,0,449.32,255.23,522.04,383.53,10
8,player,55,0,0,451.63,256.10,524.35,384.40,10
8,player,56,0,0,453.95,256.96,526.66,385.27,10
8,player,57,0,0,456.26,257.83,528.98,386.13,10
8,player,58,0,0,458.57,258.70,531.29,387.00,10
8,player,59,0,0,460.88,259.56,533.60,387.87,10
8,player,60,0,0,463.19,260.43,535.91,388.73,10
8,player,61,0,0,465.50,261.30,538.22,389.60,10
8,player,62,0,0,467.81,262.16,540.53,390.47,10
8,player,63,0,0,470.13,263.03,542.84,391.33,10
8,player,64,0,0,472.44,263.90,545.16,392.20,10
8,player,65,0,0,474.75,264.77,547.47,393.07,10
8,player,66,0,0,477.06,265.63,549.78,393.94,10
8,player,67,0,0,479.37,266.50,552.09,394.80,10
8,player,68,0,0,481.68,267.37,554.40,395.67,10
8,player,69,0,0,483.99,268.23,556.71,396.54,10
8,player,70,0,0,486.31,269.10,559.02,397.40,10
8,player,71,0,0,488.62,269.97,561.34,398.27,10
8,player,72,0,0,490.93,270.83,563.65,399.14,10
8,player,73,0,0,493.24,271.70,565.96,400.00,10
8,player,74,0,0,495.55,272.57,568.27,400.87,10
8,player,75,0,0,497.86,273.43,570.58,401.74,10
8,player,76,0,0,500.17,274.30,572.89,402.60,10
8,player,77,0,0,502.49,275.17,575.20,403.47,10
8,player,78,0,0,504.80,276.03,577.52,404.34,10
8,player,79,0,0,507.11,276.90,579.83,405.20,10
8,player,80,0,0,509.42,277.77,582.14,406.07,10
8,player,81,0,0,511.73,278.63,584.45,406.94,10
8,player,82,0,0,514.04,279.50,586.76,407.80,10
8,player,83,0,0,516.35,280.37,589.07,408.67,10
8,player,84,0,0,518.67,281.23,591.38,409.54,10
8,player,85,0,0,520.98,282.10,593.70,410.40,10
8,player,86,0,0,523.29,282.97,596.01,411.27,10
8,player,87,0,0,525.60,283.83,598.32,412.14,10
8,player,88,0,0,527.91,284.70,600.63,413.00,10
8,player,89,0,0,530.22,285.57,602.94,413.87,10
8,player,90,0,0,529.00,283.66,601.72,411.96,10
8,player,91,0,0,527.78,281.75,600.50,410.05,10
8,player,92,0,0,526.56,279.84,599.28,408.14,10
8,player,93,0,0,525.34,277.93,598.05,406.24,10
8,player,94,0,0,524.11,276.02,596.83,404.33,10
8,player,95,0,0,522.89,274.11,595.61,402.42,10
8,player,96,0,0,521.67,272.21,594.39,400.51,10
8,player,97,0,0,520.45,270.30,593.17,398.60,10
8,player,98,0,0,519.23,268.39,591.95,396.69,10
8,player,99,0,0,518.01,266.48,590.72,394.78,10
8,player,100,0,0,516.78,264.57,589.50,392.87,10
8,player,101,0,0,515.56,262.66,588.28,390.96,10
8,player,102,0,0,514.34,260.75,587.06,389.05,10
8,player,103,0,0,513.12,258.84,585.84,387.15,10
8,player,104,0,0,511.90,256.93,584.62,385.24,10
8,player,105,0,0,510.68,255.02,583.39,383.33,10
8,player,106,0,0,509.45,253.12,582.17,381.42,10
8,player,107,0,0,508.23,251.21,580.95,379.51,10
8,player,108,0,0,507.01,249.30,579.73,377.60,10
8,player,109,0,0,505.79,247.39,578.51,375.69,10
8,player,110,0,0,504.57,245.48,577.28,373.78,10
8,player,111,0,0,503.35,243.57,576.06,371.87,10
8,player,112,0,0,502.12,241.66,574.84,369.96,10
8,player,113,0,0,500.90,239.75,573.62,368.06,10
8,player,114,0,0,499.68,237.84,572.40,366.15,10
8,player,115,0,0,498.46,235.93,571.18,364.24,10
8,player,116,0,0,497.24,234.03,569.95,362.33,10
8,player,117,0,0,496.01,232.12,568.73,360.42,10
8,player,118,0,0,498.78,229.00,571.49,357.30,10
8,player,119,0,0,501.54,225.88,574.26,354.18,10
8,player,120,0,0,504.30,222.76,577.02,351.07,10
8,player,121,0,0,507.06,219.64,579.78,347.95,10
8,player,122,0,0,509.82,216.53,582.54,344.83,10
8,player,123,0,0,512.58,213.41,585.30,341.71,10
8,player,124,0,0,515.35,210.29,588.06,338.59,10
8,player,125,0,0,518.11,207.17,590.83,335.47,10
8,player,126,0,0,520.87,204.05,593.59,332.36,10
8,player,127,0,0,523.63,200.94,596.35,329.24,10
8,player,128,0,0,526.39,197.82,599.11,326.12,10
8,player,129,0,0,529.16,194.70,601.87,323.00,10
8,player,130,0,0,531.92,191.58,604.63,319.88,10
8,player,131,0,0,534.68,188.46,607.40,316.77,10
8,player,132,0,0,537.44,185.35,610.16,313.65,10
8,player,133,0,0,540.20,182.23,612.92,310.53,10
8,player,134,0,0,542.96,179.11,615.68,307.41,10
8,player,135,0,0,545.73,175.99,618.44,304.29,10
8,player,136,0,0,548.49,172.87,621.20,301.18,10
8,player,137,0,0,551.25,169.76,623.97,298.06,10
8,player,138,0,0,554.01,166.64,626.73,294.94,10
8,player,139,0,0,556.77,163.52,629.49,291.82,10
8,player,140,0,0,559.53,160.40,632.25,288.70,10
8,player,141,0,0,562.30,157.28,635.01,285.59,10
8,player,142,0,0,565.06,154.17,637.78,282.47,10
8,player,143,0,0,567.82,151.05,640.54,279.35,10
8,player,144,0,0,570.58,147.93,643.30,276.23,10
8,player,145,0,0,573.34,144.81,646.06,273.11,10
8,player,146,0,0,576.10,141.69,648.82,270.00,10
8,player,147,0,0,578.87,138.57,651.58,266.88,10
8,player,148,0,0,581.63,135.46,654.35,263.76,10
8,player,149,0,0,584.39,132.34,657.11,260.64,10
8,player,150,0,0,587.15,129.22,659.87,257.52,10
8,player,151,0,0,589.91,126.10,662.63,254.41,10
8,player,152,0,0,592.67,122.98,665.39,251.29,10
8,player,153,0,0,595.44,119.87,668.15,248.17,10
8,player,154,0,0,598.20,116.75,670.92,245.05,10
8,player,155,0,0,600.96,113.63,673.68,241.93,10
8,player,156,0,0,603.72,110.51,676.44,238.82,10
8,player,157,0,0,606.48,107.39,679.20,235.70,10
8,player,158,0,0,609.24,104.28,681.96,232.58,10
8,player,159,0,0,612.01,101.16,684.72,229.46,10
8,player,160,0,0,614.77,98.04,687.49,226.34,10
8,player,161,0,0,617.53,94.92,690.25,223.23,10
8,player,162,0,0,620.29,91.80,693.01,220.11,10
8,player,163,0,0,623.05,88.69,695.77,216.99,10
8,player,164,0,0,625.81,85.57,698.53,213.87,10
8,player,165,0,0,628.58,82.45,701.29,210.75,10
8,player,166,0,0,627.78,84.59,701.56,210.75,10
8,player,167,0,0,626.98,86.74,701.82,210.75,10
8,player,168,0,0,626.19,88.88,702.08,210.74,10
8,player,169,0,0,625.39,91.03,702.35,210.74,10
8,player,170,0,0,624.59,93.17,702.61,210.73,10
8,player,171,0,0,623.79,95.31,702.87,210.73,10
8,player,172,0,0,623.00,97.46,703.14,210.73,10
8,player,173,0,0,622.20,99.60,703.40,210.72,10
8,player,174,0,0,622.20,100.67,703.40,211.79,10
8,player,175,0,0,622.20,101.74,703.40,212.86,10
8,player,176,0,0,622.20,102.81,703.40,213.93,10
8,player,177,0,0,622.20,103.88,703.40,215.00,10
8,player,178,0,0,622.20,104.95,703.40,216.07,10
8,player,179,0,0,622.20,106.01,703.40,217.14,10
8,player,180,0,0,622.20,107.08,703.40,218.21,10
8,player,181,0,0,622.20,108.15,703.40,219.28,10
8,player,182,0,0,622.20,109.22,703.40,220.35,10
8,player,183,0,0,622.20,110.29,703.40,221.41,10
8,player,184,0,0,622.20,111.36,703.40,222.48,10
8,player,185,0,0,622.20,112.43,703.40,223.55,10
8,player,186,0,0,622.20,113.50,703.40,224.62,10
8,player,187,0,0,622.20,114.57,703.40,225.69,10
8,player,188,0,0,622.20,115.64,703.40,226.76,10
8,player,189,0,0,622.20,116.71,703.40,227.83,10
8,player,190,0,0,622.20,117.77,703.40,228.90,10
8,player,191,0,0,622.20,118.84,703.40,229.97,10
8,player,192,0,0,622.20,119.91,703.40,231.04,10
8,player,193,0,0,622.20,120.98,703.40,232.10,10
8,player,194,0,0,622.20,122.05,703.40,233.17,10
8,player,195,0,0,622.20,123.12,703.40,234.24,10
8,player,196,0,0,622.20,124.19,703.40,235.31,10
8,player,197,0,0,622.20,125.26,703.40,236.38,10
8,player,198,0,0,622.20,126.33,703.40,237.45,10
8,player,199,0,0,622.20,127.40,703.40,238.52,10
8,player,200,0,0,622.20,128.46,703.40,239.59,10
8,player,201,0,0,622.20,129.53,703.40,240.66,10
8,player,202,0,0,622.20,130.60,703.40,241.73,10
8,player,203,0,0,622.20,131.67,703.40,242.80,10
8,player,204,0,0,622.20,132.74,703.40,243.86,10
8,player,205,0,0,622.20,133.81,703.40,244.93,10
8,player,206,0,0,622.20,134.88,703.40,246.00,10
8,player,207,0,0,622.20,135.95,703.40,247.07,10
8,player,208,0,0,623.69,136.89,704.89,248.01,10
8,player,209,0,0,625.17,137.83,706.37,248.96,10
8,player,210,0,0,626.66,138.77,707.86,249.90,10
8,player,211,0,0,628.14,139.72,709.34,250.84,10
8,player,212,0,0,629.63,140.66,710.83,251.78,10
8,player,213,0,0,631.11,141.60,712.31,252.73,10
8,player,214,0,0,632.60,142.54,713.80,253.67,10
8,player,215,0,0,634.09,143.49,715.29,254.61,10
8,player,216,0,0,635.57,144.43,716.77,255.55,10
8,player,217,0,0,637.06,145.37,718.26,256.49,10
8,player,218,0,0,638.54,146.31,719.74,257.44,10
8,player,219,0,0,640.03,147.25,721.23,258.38,10
8,player,220,0,0,641.52,148.20,722.72,259.32,10
8,player,221,0,0,643.00,149.14,724.20,260.26,10
8,player,222,0,0,644.49,150.08,725.69,261.21,10
8,player,223,0,0,645.97,151.02,727.17,262.15,10
8,player,224,0,0,647.46,151.97,728.66,263.09,10
8,player,225,0,0,648.94,152.91,730.14,264.03,10
8,player,226,0,0,650.43,153.85,731.63,264.97,10
8,player,227,0,0,651.92,154.79,733.12,265.92,10
8,player,228,0,0,653.40,155.73,734.60,266.86,10
8,player,229,0,0,654.89,156.68,736.09,267.80,10
8,player,230,0,0,656.37,157.62,737.57,268.74,10
8,player,231,0,0,657.86,158.56,739.06,269.69,10
8,player,232,0,0,659.34,159.50,740.54,270.63,10
8,player,233,0,0,660.83,160.45,742.03,271.57,10
8,player,234,0,0,662.32,161.39,743.52,272.51,10
8,player,235,0,0,663.80,162.33,745.00,273.45,10
8,player,236,0,0,665.29,163.27,746.49,274.40,10
8,player,237,0,0,666.77,164.21,747.97,275.34,10
8,player,238,0,0,668.26,165.16,749.46,276.28,10
8,player,239,0,0,669.75,166.10,750.95,277.22,10
8,player,240,0,0,671.23,167.04,752.43,278.17,10
8,player,241,0,0,672.72,167.98,753.92,279.11,10
8,player,242,0,0,674.20,168.93,755.40,280.05,10
8,player,243,0,0,675.69,169.87,756.89,280.99,10
8,player,244,0,0,677.17,170.81,758.37,281.93,10
8,player,245,0,0,678.66,171.75,759.86,282.88,10
8,player,246,0,0,680.15,172.69,761.35,283.82,10
8,player,247,0,0,681.63,173.64,762.83,284.76,10
8,player,248,0,0,683.12,174.58,764.32,285.70,10
8,player,249,0,0,684.60,175.52,765.80,286.65,10
8,player,250,0,0,686.09,176.46,767.29,287.59,10
8,player,251,0,0,687.57,177.41,768.77,288.53,10
8,player,252,0,0,689.06,178.35,770.26,289.47,10
8,player,253,0,0,690.55,179.29,771.75,290.41,10
8,player,254,0,0,692.03,180.23,773.23,291.36,10
8,player,255,0,0,693.52,181.17,774.72,292.30,10
8,player,256,0,0,695.00,182.12,776.20,293.24,10
8,player,257,0,0,696.49,183.06,777.69,294.18,10
8,player,258,0,0,697.98,184.00,779.17,295.12,10
8,player,259,0,0,699.46,184.94,780.66,296.07,10
8,player,260,0,0,700.95,185.89,782.15,297.01,10
8,player,261,0,0,702.43,186.83,783.63,297.95,10
8,player,262,0,0,703.92,187.77,785.12,298.89,10
8,player,263,0,0,705.40,188.71,786.60,299.84,10
8,player,264,0,0,706.89,189.65,788.09,300.78,10
8,player,265,0,0,708.38,190.60,789.58,301.72,10
8,player,266,0,0,709.86,191.54,791.06,302.66,10
8,player,267,0,0,702.00,192.76,783.20,303.88,10
8,player,268,0,0,694.13,193.98,775.33,305.11,10
8,player,269,0,0,686.27,195.20,767.47,306.33,10
8,player,270,0,0,678.40,196.43,759.60,307.55,10
8,player,271,0,0,670.54,197.65,751.74,308.77,10
8,player,272,0,0,662.67,198.87,743.87,309.99,10
8,player,273,0,0,654.81,200.09,736.01,311.22,10
8,player,274,0,0,646.94,201.31,728.14,312.44,10
8,player,275,0,0,639.08,202.54,720.28,313.66,10
8,player,276,0,0,631.21,203.76,712.41,314.88,10
8,player,277,0,0,623.35,204.98,704.55,316.10,10
8,player,278,0,0,615.48,206.20,696.68,317.32,10
8,player,279,0,0,607.62,207.42,688.81,318.55,10
8,player,280,0,0,599.75,208.64,680.95,319.77,10
8,player,281,0,0,591.88,209.87,673.08,320.99,10
8,player,282,0,0,584.02,211.09,665.22,322.21,10
8,player,283,0,0,576.15,212.31,657.35,323.43,10
8,player,284,0,0,568.29,213.53,649.49,324.65,10
8,player,285,0,0,560.42,214.75,641.62,325.88,10
8,player,286,0,0,552.56,215.97,633.76,327.10,10
8,player,287,0,0,544.69,217.20,625.89,328.32,10
8,player,288,0,0,536.83,218.42,618.03,329.54,10
8,player,289,0,0,528.96,219.64,610.16,330.76,10
8,player,290,0,0,521.10,220.86,602.30,331.99,10
8,player,291,0,0,513.23,222.08,594.43,333.21,10
8,player,292,0,0,505.37,223.31,586.57,334.43,10
8,player,293,0,0,497.50,224.53,578.70,335.65,10
8,player,294,0,0,489.64,225.75,570.84,336.87,10
8,player,295,0,0,478.57,226.82,559.77,337.94,10
8,player,296,0,0,467.49,227.89,548.69,339.01,10
8,player,297,0,0,456.42,228.96,537.62,340.08,10
8,player,298,0,0,445.35,230.03,526.55,341.15,10
8,player,299,0,0,434.28,231.09,515.48,342.22,10
8,player,300,0,0,423.21,232.16,504.41,343.29,10
8,player,301,0,0,412.13,233.23,493.33,344.36,10
8,player,302,0,0,401.06,234.30,482.26,345.43,10
8,player,303,0,0,389.99,235.37,471.19,346.49,10
8,player,304,0,0,378.92,236.44,460.12,347.56,10
8,player,305,0,0,367.84,237.51,449.04,348.63,10
8,player,306,0,0,356.77,238.58,437.97,349.70,10
8,player,307,0,0,345.70,239.65,426.90,350.77,10
8,player,308,0,0,334.63,240.72,415.83,351.84,10
8,player,309,0,0,323.56,241.78,404.76,352.91,10
8,player,310,0,0,312.48,242.85,393.68,353.98,10
8,player,311,0,0,301.41,243.92,382.61,355.05,10
8,player,312,0,0,290.34,244.99,371.54,356.12,10
8,player,313,0,0,279.27,246.06,360.47,357.18,10
8,player,314,0,0,268.19,247.13,349.39,358.25,10
8,player,315,0,0,257.12,248.20,338.32,359.32,10
8,player,316,0,0,246.05,249.27,327.25,360.39,10
8,player,317,0,0,234.98,250.34,316.18,361.46,10
8,player,318,0,0,223.91,251.41,305.10,362.53,10
8,player,319,0,0,212.83,252.48,294.03,363.60,10
8,player,320,0,0,201.76,253.54,282.96,364.67,10
8,player,321,0,0,190.69,254.61,271.89,365.74,10
8,player,322,0,0,179.62,255.68,260.82,366.81,10
8,player,323,0,0,177.61,255.55,258.81,366.67,10
8,player,324,0,0,175.61,255.42,256.81,366.54,10
8,player,325,0,0,173.60,255.28,254.80,366.41,10
8,player,326,0,0,171.60,255.15,252.80,366.27,10
8,player,327,0,0,169.59,255.01,250.79,366.14,10
8,player,328,0,0,167.59,254.88,248.79,366.00,10
8,player,329,0,0,165.59,254.75,246.78,365.87,10
8,player,330,0,0,163.58,254.61,244.78,365.74,10
8,player,331,0,0,161.58,254.48,242.78,365.60,10
8,player,332,0,0,159.57,254.35,240.77,365.47,10
8,player,333,0,0,157.57,254.21,238.77,365.34,10
8,player,334,0,0,155.56,254.08,236.76,365.20,10
8,player,335,0,0,153.56,253.95,234.76,365.07,10
8,player,336,0,0,151.55,253.81,232.75,364.94,10
8,player,337,0,0,149.55,253.68,230.75,364.80,10
8,player,338,0,0,147.54,253.54,228.74,364.67,10
8,player,339,0,0,145.54,253.41,226.74,364.53,10
8,player,340,0,0,143.54,253.28,224.74,364.40,10
8,player,341,0,0,141.53,253.14,222.73,364.27,10
8,player,342,0,0,139.53,253.01,220.73,364.13,10
8,player,343,0,0,137.52,252.88,218.72,364.00,10
8,player,344,0,0,135.52,252.74,216.72,363.87,10
8,player,345,0,0,133.51,252.61,214.71,363.73,10
8,player,346,0,0,131.51,252.48,212.71,363.60,10
8,player,347,0,0,129.50,252.34,210.70,363.47,10
8,player,348,0,0,127.50,252.21,208.70,363.33,10
8,player,349,0,0,125.50,252.07,206.70,363.20,10
8,player,350,0,0,123.49,251.94,204.69,363.06,10
8,player,351,0,0,121.49,251.81,202.69,362.93,10
8,player,352,0,0,119.48,251.67,200.68,362.80,10
8,player,353,0,0,117.48,251.54,198.68,362.66,10
8,player,354,0,0,115.47,251.41,196.67,362.53,10
8,player,355,0,0,122.60,250.69,203.80,361.82,10
8,player,356,0,0,129.73,249.98,210.93,361.10,10
8,player,357,0,0,136.85,249.27,218.05,360.39,10
8,player,358,0,0,143.83,248.14,225.03,359.27,10
8,player,359,0,0,150.81,247.02,232.01,358.14,10
8,player,360,0,0,157.79,245.89,238.98,357.02,10
8,player,361,0,0,164.76,244.77,245.96,355.89,10
8,player,362,0,0,171.74,243.64,252.94,354.76,10
8,player,363,0,0,178.72,242.52,259.92,353.64,10
8,player,364,0,0,185.69,241.39,266.89,352.51,10
8,player,365,0,0,192.67,240.27,273.87,351.39,10
8,player,366,0,0,199.65,239.14,280.85,350.26,10
8,player,367,0,0,206.62,238.01,287.82,349.14,10
8,player,368,0,0,213.60,236.89,294.80,348.01,10
8,player,369,0,0,220.58,235.76,301.78,346.89,10
8,player,370,0,0,227.55,234.64,308.75,345.76,10
8,player,371,0,0,234.53,233.51,315.73,344.64,10
8,player,372,0,0,241.51,232.39,322.71,343.51,10
8,player,373,0,0,248.48,231.26,329.68,342.39,10
8,player,374,0,0,255.46,230.14,336.66,341.26,10
8,player,375,0,0,262.44,229.01,343.64,340.14,10
8,player,376,0,0,269.42,227.89,350.61,339.01,10
8,player,377,0,0,271.02,227.35,352.22,338.48,10
8,player,378,0,0,272.62,226.82,353.82,337.94,10
8,player,379,0,0,274.23,226.28,355.43,337.41,10
8,player,380,0,0,275.83,225.75,357.03,336.87,10
8,player,381,0,0,277.43,225.21,358.63,336.34,10
8,player,382,0,0,279.04,224.68,360.24,335.80,10
8,player,383,0,0,280.64,224.14,361.84,335.27,10
8,player,384,0,0,282.24,223.61,363.44,334.73,10
8,player,385,0,0,280.18,223.98,361.38,335.10,10
8,player,386,0,0,278.11,224.35,359.31,335.47,10
8,player,387,0,0,276.05,224.72,357.25,335.84,10
8,player,388,0,0,273.99,225.08,355.19,336.21,10
8,player,389,0,0,271.92,225.45,353.12,336.58,10
8,player,390,0,0,269.86,225.82,351.06,336.95,10
8,player,391,0,0,267.79,226.19,348.99,337.31,10
8,player,392,0,0,265.73,226.56,346.93,337.68,10
8,player,393,0,0,263.66,226.93,344.86,338.05,10
8,player,394,0,0,261.60,227.30,342.80,338.42,10
8,player,395,0,0,259.54,227.67,340.74,338.79,10
8,player,396,0,0,257.47,228.03,338.67,339.16,10
8,player,397,0,0,255.41,228.40,336.61,339.53,10
8,player,398,0,0,253.34,228.77,334.54,339.89,10
8,player,399,0,0,251.28,229.14,332.48,340.26,10
8,player,400,0,0,249.21,229.51,330.41,340.63,10
8,player,401,0,0,247.15,229.88,328.35,341.00,10
8,player,402,0,0,245.08,230.25,326.28,341.37,10
8,player,403,0,0,243.02,230.61,324.22,341.74,10
8,player,404,0,0,240.96,230.98,322.16,342.11,10
8,player,405,0,0,238.89,231.35,320.09,342.48,10
8,player,406,0,0,236.83,231.72,318.03,342.84,10
8,player,407,0,0,234.76,232.09,315.96,343.21,10
8,player,408,0,0,232.70,232.46,313.90,343.58,10
8,player,409,0,0,230.63,232.83,311.83,343.95,10
8,player,410,0,0,228.57,233.19,309.77,344.32,10
8,player,411,0,0,226.51,233.56,307.71,344.69,10
8,player,412,0,0,224.44,233.93,305.64,345.06,10
8,player,413,0,0,222.38,234.30,303.58,345.42,10
8,player,414,0,0,212.76,234.12,293.96,345.25,10
8,player,415,0,0,203.13,233.94,284.33,345.07,10
8,player,416,0,0,193.51,233.77,274.71,344.89,10
8,player,417,0,0,183.89,233.59,265.09,344.71,10
8,player,418,0,0,174.27,233.41,255.47,344.53,10
8,player,419,0,0,164.65,233.23,245.85,344.36,10
8,player,420,0,0,155.03,233.05,236.23,344.18,10
8,player,421,0,0,145.41,232.88,226.61,344.00,10
8,player,422,0,0,135.78,232.70,216.98,343.82,10
8,player,423,0,0,126.16,232.52,207.36,343.64,10
8,player,424,0,0,116.54,232.34,197.74,343.46,10
8,player,425,0,0,106.92,232.16,188.12,343.29,10
8,player,426,0,0,106.92,232.16,188.12,343.29,10
8,player,427,0,0,106.92,232.16,188.12,343.29,10
8,player,428,0,0,106.92,232.16,188.12,343.29,10
8,player,429,0,0,106.92,232.16,188.12,343.29,10
8,player,430,0,0,106.92,232.16,188.12,343.29,10
8,player,431,0,0,106.92,232.16,188.12,343.29,10
8,player,432,0,0,106.92,232.16,188.12,343.29,10
8,player,433,0,0,106.92,232.16,188.12,343.29,10
8,player,434,0,0,106.92,232.16,188.12,343.29,10
8,player,435,0,0,106.92,232.16,188.12,343.29,10
8,player,436,0,0,106.92,232.16,188.12,343.29,10
8,player,437,0,0,106.92,232.16,188.12,343.29,10
8,player,438,0,0,106.92,232.16,188.12,343.29,10
8,player,439,0,0,106.92,232.16,188.12,343.29,10
8,player,440,0,0,106.92,232.16,188.12,343.29,10
8,player,441,0,0,106.92,232.16,188.12,343.29,10
8,player,442,0,0,106.92,232.16,188.12,343.29,10
8,player,443,0,0,106.92,232.16,188.12,343.29,10
8,player,444,0,0,106.92,232.16,188.12,343.29,10
8,player,445,0,0,106.92,232.16,188.12,343.29,10
8,player,446,0,0,106.92,232.16,188.12,343.29,10
8,player,447,0,0,106.92,232.16,188.12,343.29,10
8,player,448,1,0,106.92,232.16,188.12,343.29,10
9,player,52,0,0,4.28,368.95,85.52,514.34,-1
9,player,53,0,0,4.28,368.95,85.52,514.34,-1
9,player,54,0,0,4.28,368.95,85.52,514.34,-1
9,player,55,0,0,4.28,368.95,85.52,514.34,-1
9,player,56,0,0,4.28,368.95,85.52,514.34,-1
9,player,57,0,0,4.28,368.95,85.52,514.34,-1
9,player,58,0,0,4.28,368.95,85.52,514.34,-1
9,player,59,0,0,4.28,368.95,85.52,514.34,-1
9,player,60,0,0,4.28,368.95,85.52,514.34,-1
9,player,61,0,0,4.28,368.95,85.52,514.34,-1
9,player,62,0,0,4.28,368.95,85.52,514.34,-1
9,player,63,0,0,4.28,368.95,85.52,514.34,-1
9,player,64,0,0,4.28,368.95,85.52,514.34,-1
9,player,65,0,0,4.28,368.95,85.52,514.34,-1
9,player,66,0,0,4.28,368.95,85.52,514.34,-1
9,player,67,0,0,4.28,368.95,85.52,514.34,-1
9,player,68,0,0,4.28,368.95,85.52,514.34,-1
9,player,69,0,0,4.28,368.95,85.52,514.34,-1
9,player,70,0,0,4.28,368.95,85.52,514.34,-1
9,player,71,0,0,4.28,368.95,85.52,514.34,-1
9,player,72,0,0,4.28,368.95,85.52,514.34,-1
9,player,73,0,0,4.28,368.95,85.52,514.34,-1
9,player,74,0,0,4.28,368.95,85.52,514.34,-1
9,player,75,0,0,4.28,368.95,85.52,514.34,-1
9,player,76,0,0,4.28,368.95,85.52,514.34,-1
9,player,77,0,0,4.28,368.95,85.52,514.34,-1
9,player,78,0,0,4.28,368.95,85.52,514.34,-1
9,player,79,0,0,4.28,368.95,85.52,514.34,-1
9,player,80,0,0,4.28,368.95,85.52,514.34,-1
9,player,81,0,0,4.28,368.95,85.52,514.34,-1
9,player,82,0,0,4.28,368.95,85.52,514.34,-1
9,player,83,0,0,4.28,368.95,85.52,514.34,-1
9,player,84,0,0,4.28,368.95,85.52,514.34,-1
9,player,85,0,0,4.28,368.95,85.52,514.34,-1
9,player,86,0,0,4.28,368.95,85.52,514.34,-1
9,player,87,0,0,4.28,368.95,85.52,514.34,-1
9,player,88,0,0,4.28,368.95,85.52,514.34,-1
9,player,89,1,0,4.28,368.95,85.52,514.34,-1
10,player,52,0,0,102.63,262.05,179.60,390.30,-1
10,player,53,0,0,107.89,262.74,184.86,390.99,-1
10,player,54,0,0,113.15,263.44,190.12,391.69,-1
10,player,55,0,0,118.40,264.13,195.38,392.38,-1
10,player,56,0,0,123.66,264.82,200.63,393.07,-1
10,player,57,0,0,128.92,265.52,205.89,393.77,-1
10,player,58,0,0,134.18,266.21,211.15,394.46,-1
10,player,59,0,0,139.44,266.90,216.41,395.15,-1
10,player,60,0,0,144.70,267.60,221.67,395.85,-1
10,player,61,0,0,149.95,268.29,226.93,396.54,-1
10,player,62,0,0,155.21,268.98,232.19,397.23,-1
10,player,63,0,0,160.47,269.68,237.44,397.93,-1
10,player,64,0,0,165.73,270.37,242.70,398.62,-1
10,player,65,0,0,170.99,271.06,247.96,399.31,-1
10,player,66,0,0,176.25,271.76,253.22,400.01,-1
10,player,67,0,0,181.51,272.45,258.48,400.70,-1
10,player,68,0,0,186.76,273.14,263.74,401.40,-1
10,player,69,0,0,192.02,273.84,269.00,402.09,-1
10,player,70,0,0,197.28,274.53,274.25,402.78,-1
10,player,71,0,0,202.54,275.22,279.51,403.48,-1
10,player,72,0,0,207.80,275.92,284.77,404.17,-1
10,player,73,0,0,213.06,276.61,290.03,404.86,-1
10,player,74,0,0,218.32,277.30,295.29,405.56,-1
10,player,75,0,0,223.57,278.00,300.55,406.25,-1
10,player,76,0,0,228.83,278.69,305.81,406.94,-1
10,player,77,0,0,234.09,279.38,311.06,407.64,-1
10,player,78,0,0,239.35,280.08,316.32,408.33,-1
10,player,79,0,0,244.61,280.77,321.58,409.02,-1
10,player,80,0,0,249.87,281.47,326.84,409.72,-1
10,player,81,0,0,255.13,282.16,332.10,410.41,-1
10,player,82,0,0,260.38,282.85,337.36,411.10,-1
10,player,83,0,0,265.64,283.55,342.62,411.80,-1
10,player,84,0,0,270.90,284.24,347.87,412.49,-1
10,player,85,0,0,276.16,284.93,353.13,413.18,-1
10,player,86,0,0,281.42,285.63,358.39,413.88,-1
10,player,87,0,0,286.68,286.32,363.65,414.57,-1
10,player,88,0,0,291.94,287.01,368.91,415.26,-1
10,player,89,0,0,297.19,287.71,374.17,415.96,-1
10,player,90,0,0,297.50,285.72,374.47,413.97,-1
10,player,91,0,0,297.81,283.74,374.78,411.99,-1
10,player,92,0,0,298.11,281.75,375.08,410.00,-1
10,player,93,0,0,298.42,279.76,375.39,408.02,-1
10,player,94,0,0,298.72,277.78,375.69,406.03,-1
10,player,95,0,0,299.03,275.79,376.00,404.04,-1
10,player,96,0,0,299.33,273.81,376.30,402.06,-1
10,player,97,0,0,299.64,271.82,376.61,400.07,-1
10,player,98,0,0,299.94,269.84,376.92,398.09,-1
10,player,99,0,0,300.25,267.85,377.22,396.10,-1
10,player,100,0,0,300.55,265.87,377.53,394.12,-1
10,player,101,0,0,300.86,263.88,377.83,392.13,-1
10,player,102,0,0,301.17,261.90,378.14,390.15,-1
10,player,103,0,0,301.47,259.91,378.44,388.16,-1
10,player,104,0,0,301.78,257.93,378.75,386.18,-1
10,player,105,0,0,302.08,255.94,379.05,384.19,-1
10,player,106,0,0,302.39,253.95,379.36,382.21,-1
10,player,107,0,0,302.69,251.97,379.66,380.22,-1
10,player,108,0,0,303.00,249.98,379.97,378.23,-1
10,player,109,0,0,303.30,248.00,380.28,376.25,-1
10,player,110,0,0,303.61,246.01,380.58,374.26,-1
10,player,111,0,0,303.91,244.03,380.89,372.28,-1
10,player,112,0,0,304.22,242.04,381.19,370.29,-1
10,player,113,0,0,304.53,240.06,381.50,368.31,-1
10,player,114,0,0,304.83,238.07,381.80,366.32,-1
10,player,115,0,0,305.14,236.09,382.11,364.34,-1
10,player,116,0,0,305.44,234.10,382.41,362.35,-1
10,player,117,0,0,305.75,232.12,382.72,360.37,-1
10,player,118,0,0,311.94,230.38,388.64,358.05,-1
10,player,119,0,0,318.13,228.64,394.57,355.73,-1
10,player,120,0,0,324.32,226.90,400.49,353.42,-1
10,player,121,0,0,330.51,225.17,406.42,351.10,-1
10,player,122,0,0,336.70,223.43,412.34,348.79,-1
10,player,123,0,0,342.89,221.69,418.26,346.47,-1
10,player,124,0,0,349.08,219.95,424.19,344.15,-1
10,player,125,0,0,355.27,218.22,430.11,341.84,-1
10,player,126,0,0,361.46,216.48,436.04,339.52,-1
10,player,127,0,0,367.65,214.74,441.96,337.21,-1
10,player,128,0,0,373.84,213.01,447.89,334.89,-1
10,player,129,0,0,380.04,211.27,453.81,332.57,-1
10,player,130,0,0,386.23,209.53,459.73,330.26,-1
10,player,131,0,0,392.42,207.79,465.66,327.94,-1
10,player,132,0,0,398.61,206.06,471.58,325.63,-1
10,player,133,0,0,404.80,204.32,477.51,323.31,-1
10,player,134,0,0,410.99,202.58,483.43,320.99,-1
10,player,135,0,0,417.18,200.85,489.36,318.68,-1
10,player,136,0,0,423.37,199.11,495.28,316.36,-1
10,player,137,0,0,429.56,197.37,501.20,314.05,-1
10,player,138,0,0,435.75,195.63,507.13,311.73,-1
10,player,139,0,0,441.94,193.90,513.05,309.42,-1
10,player,140,0,0,448.13,192.16,518.98,307.10,-1
10,player,141,0,0,454.32,190.42,524.90,304.78,-1
10,player,142,0,0,460.51,188.69,530.83,302.47,-1
10,player,143,0,0,466.70,186.95,536.75,300.15,-1
10,player,144,0,0,472.90,185.21,542.67,297.84,-1
10,player,145,0,0,479.09,183.47,548.60,295.52,-1
10,player,146,0,0,485.28,181.74,554.52,293.20,-1
10,player,147,0,0,491.47,180.00,560.45,290.89,-1
10,player,148,0,0,497.66,178.26,566.37,288.57,-1
10,player,149,0,0,503.85,176.52,572.30,286.26,-1
10,player,150,0,0,510.04,174.79,578.22,283.94,-1
10,player,151,0,0,516.23,173.05,584.14,281.62,-1
10,player,152,0,0,522.42,171.31,590.07,279.31,-1
10,player,153,0,0,528.61,169.58,595.99,276.99,-1
10,player,154,0,0,534.80,167.84,601.92,274.68,-1
10,player,155,0,0,540.99,166.10,607.84,272.36,-1
10,player,156,0,0,547.18,164.36,613.77,270.04,-1
10,player,157,0,0,553.37,162.63,619.69,267.73,-1
10,player,158,0,0,559.57,160.89,625.61,265.41,-1
10,player,159,0,0,565.76,159.15,631.54,263.10,-1
10,player,160,0,0,571.95,157.42,637.46,260.78,-1
10,player,161,0,0,578.14,155.68,643.39,258.46,-1
10,player,162,0,0,584.33,153.94,649.31,256.15,-1
10,player,163,0,0,590.52,152.20,655.24,253.83,-1
10,player,164,0,0,596.71,150.47,661.16,251.52,-1
10,player,165,0,0,602.90,148.73,667.08,249.20,-1
10,player,166,0,0,606.91,149.53,671.09,250.00,-1
10,player,167,0,0,610.92,150.33,675.10,250.80,-1
10,player,168,0,0,614.93,151.13,679.11,251.61,-1
10,player,169,0,0,618.94,151.94,683.12,252.41,-1
10,player,170,0,0,622.94,152.74,687.13,253.21,-1
10,player,171,0,0,626.95,153.54,691.14,254.01,-1
10,player,172,0,0,630.96,154.34,695.15,254.81,-1
10,player,173,0,0,634.97,155.14,699.16,255.61,-1
10,player,174,0,0,636.04,156.09,700.22,256.56,-1
10,player,175,0,0,637.11,157.03,701.29,257.50,-1
10,player,176,0,0,638.18,157.97,702.36,258.44,-1
10,player,177,0,0,639.25,158.92,703.43,259.39,-1
10,player,178,0,0,640.32,159.86,704.50,260.33,-1
10,player,179,0,0,641.38,160.80,705.57,261.27,-1
10,player,180,0,0,642.45,161.75,706.64,262.22,-1
10,player,181,0,0,643.52,162.69,707.71,263.16,-1
10,player,182,0,0,644.59,163.63,708.78,264.10,-1
10,player,183,0,0,645.66,164.58,709.85,265.05,-1
10,player,184,0,0,646.73,165.52,710.91,265.99,-1
10,player,185,0,0,647.80,166.46,711.98,266.93,-1
10,player,186,0,0,648.87,167.41,713.05,267.88,-1
10,player,187,0,0,649.94,168.35,714.12,268.82,-1
10,player,188,0,0,651.01,169.29,715.19,269.76,-1
10,player,189,0,0,652.08,170.24,716.26,270.71,-1
10,player,190,0,0,653.14,171.18,717.33,271.65,-1
10,player,191,0,0,654.21,172.12,718.40,272.59,-1
10,player,192,0,0,655.28,173.07,719.47,273.54,-1
10,player,193,0,0,656.35,174.01,720.54,274.48,-1
10,player,194,0,0,657.42,174.95,721.60,275.42,-1
10,player,195,0,0,658.49,175.90,722.67,276.37,-1
10,player,196,0,0,659.56,176.84,723.74,277.31,-1
10,player,197,0,0,660.63,177.78,724.81,278.25,-1
10,player,198,0,0,661.70,178.73,725.88,279.20,-1
10,player,199,0,0,662.77,179.67,726.95,280.14,-1
10,player,200,0,0,663.83,180.61,728.02,281.08,-1
10,player,201,0,0,664.90,181.56,729.09,282.03,-1
10,player,202,0,0,665.97,182.50,730.16,282.97,-1
10,player,203,0,0,667.04,183.44,731.23,283.91,-1
10,player,204,0,0,668.11,184.39,732.29,284.86,-1
10,player,205,0,0,669.18,185.33,733.36,285.80,-1
10,player,206,0,0,670.25,186.27,734.43,286.74,-1
10,player,207,0,0,671.32,187.21,735.50,287.69,-1
10,player,208,0,0,673.96,188.16,738.15,288.63,-1
10,player,209,0,0,676.61,189.10,740.79,289.57,-1
10,player,210,0,0,679.25,190.04,743.44,290.51,-1
10,player,211,0,0,681.90,190.98,746.08,291.45,-1
10,player,212,0,0,684.54,191.93,748.73,292.40,-1
10,player,213,0,0,687.19,192.87,751.37,293.34,-1
10,player,214,0,0,689.84,193.81,754.02,294.28,-1
10,player,215,0,0,692.48,194.75,756.67,295.22,-1
10,player,216,0,0,695.13,195.69,759.31,296.17,-1
10,player,217,0,0,697.77,196.64,761.96,297.11,-1
10,player,218,0,0,700.42,197.58,764.60,298.05,-1
10,player,219,0,0,703.06,198.52,767.25,298.99,-1
10,player,220,0,0,705.71,199.46,769.89,299.93,-1
10,player,221,0,0,708.35,200.41,772.54,300.88,-1
10,player,222,0,0,711.00,201.35,775.18,301.82,-1
10,player,223,0,0,713.64,202.29,777.83,302.76,-1
10,player,224,0,0,716.29,203.23,780.47,303.70,-1
10,player,225,0,0,718.94,204.17,783.12,304.64,-1
10,player,226,0,0,721.58,205.12,785.76,305.59,-1
10,player,227,0,0,724.23,206.06,788.41,306.53,-1
10,player,228,0,0,726.87,207.00,791.06,307.47,-1
10,player,229,0,0,729.52,207.94,793.70,308.41,-1
10,player,230,0,0,732.16,208.89,796.35,309.36,-1
10,player,231,0,0,734.81,209.83,798.99,310.30,-1
10,player,232,0,0,737.45,210.77,801.64,311.24,-1
10,player,233,0,0,740.10,211.71,804.28,312.18,-1
10,player,234,0,0,742.74,212.65,806.93,313.12,-1
10,player,235,0,0,745.39,213.60,809.57,314.07,-1
10,player,236,0,0,748.03,214.54,812.22,315.01,-1
10,player,237,0,0,750.68,215.48,814.86,315.95,-1
10,player,238,0,0,753.33,216.42,817.51,316.89,-1
10,player,239,0,0,755.97,217.37,820.16,317.84,-1
10,player,240,0,0,758.62,218.31,822.80,318.78,-1
10,player,241,0,0,761.26,219.25,825.45,319.72,-1
10,player,242,0,0,763.91,220.19,828.09,320.66,-1
10,player,243,0,0,766.55,221.13,830.74,321.60,-1
10,player,244,0,0,769.20,222.08,833.38,322.55,-1
10,player,245,0,0,771.84,223.02,836.03,323.49,-1
10,player,246,0,0,774.49,223.96,838.67,324.43,-1
10,player,247,0,0,777.13,224.90,841.32,325.37,-1
10,player,248,0,0,779.78,225.85,843.96,326.32,-1
10,player,249,0,0,782.43,226.79,846.61,327.26,-1
10,player,250,0,0,785.07,227.73,849.26,328.20,-1
10,player,251,0,0,787.72,228.67,851.90,329.14,-1
10,player,252,0,0,790.36,229.61,854.55,330.08,-1
10,player,253,0,0,793.01,230.56,857.19,331.03,-1
10,player,254,0,0,795.65,231.50,859.84,331.97,-1
10,player,255,0,0,798.30,232.44,862.48,332.91,-1
10,player,256,0,0,800.94,233.38,865.13,333.85,-1
10,player,257,0,0,803.59,234.32,867.77,334.80,-1
10,player,258,0,0,806.23,235.27,870.42,335.74,-1
10,player,259,0,0,808.88,236.21,873.06,336.68,-1
10,player,260,0,0,811.52,237.15,875.71,337.62,-1
10,player,261,0,0,814.17,238.09,878.35,338.56,-1
10,player,262,0,0,816.82,239.04,881.00,339.51,-1
10,player,263,0,0,819.46,239.98,883.65,340.45,-1
10,player,264,0,0,822.11,240.92,886.29,341.39,-1
10,player,265,0,0,824.75,241.86,888.94,342.33,-1
10,player,266,0,0,827.40,242.80,891.58,343.28,-1
10,player,267,0,0,820.98,244.18,885.17,344.65,-1
10,player,268,0,0,814.57,245.55,878.75,346.02,-1
10,player,269,0,0,808.15,246.93,872.34,347.40,-1
10,player,270,0,0,801.74,248.30,865.92,348.77,-1
10,player,271,0,0,795.33,249.68,859.51,350.15,-1
10,player,272,0,0,788.91,251.05,853.10,351.52,-1
10,player,273,0,0,782.50,252.43,846.68,352.90,-1
10,player,274,0,0,776.08,253.80,840.27,354.27,-1
10,player,275,0,0,769.67,255.18,833.85,355.65,-1
10,player,276,0,0,763.25,256.55,827.44,357.02,-1
10,player,277,0,0,756.84,257.92,821.02,358.39,-1
10,player,278,0,0,750.43,259.30,814.61,359.77,-1
10,player,279,0,0,744.01,260.67,808.20,361.14,-1
10,player,280,0,0,737.60,262.05,801.78,362.52,-1
10,player,281,0,0,731.18,263.42,795.37,363.89,-1
10,player,282,0,0,724.77,264.80,788.95,365.27,-1
10,player,283,0,0,718.35,266.17,782.54,366.64,-1
10,player,284,0,0,711.94,267.55,776.12,368.02,-1
10,player,285,0,0,705.53,268.92,769.71,369.39,-1
10,player,286,0,0,699.11,270.29,763.30,370.77,-1
10,player,287,0,0,692.70,271.67,756.88,372.14,-1
10,player,288,0,0,686.28,273.04,750.47,373.51,-1
10,player,289,0,0,679.87,274.42,744.05,374.89,-1
10,player,290,0,0,673.45,275.79,737.64,376.26,-1
10,player,291,0,0,667.04,277.17,731.23,377.64,-1
10,player,292,0,0,660.63,278.54,724.81,379.01,-1
10,player,293,0,0,654.21,279.92,718.40,380.39,-1
10,player,294,0,0,647.80,281.29,711.98,381.76,-1
10,player,295,0,0,639.25,282.05,703.43,382.53,-1
10,player,296,0,0,630.69,282.82,694.88,383.29,-1
10,player,297,0,0,622.14,283.58,686.33,384.05,-1
10,player,298,0,0,613.59,284.35,677.77,384.82,-1
10,player,299,0,0,605.04,285.11,669.22,385.58,-1
10,player,300,0,0,596.48,285.87,660.67,386.34,-1
10,player,301,0,0,587.93,286.64,652.12,387.11,-1
10,player,302,0,0,579.38,287.40,643.56,387.87,-1
10,player,303,0,0,570.83,288.16,635.01,388.63,-1
10,player,304,0,0,562.27,288.93,626.46,389.40,-1
10,player,305,0,0,553.72,289.69,617.91,390.16,-1
10,player,306,0,0,545.17,290.45,609.35,390.92,-1
10,player,307,0,0,536.62,291.22,600.80,391.69,-1
10,player,308,0,0,528.07,291.98,592.25,392.45,-1
10,player,309,0,0,519.51,292.75,583.70,393.22,-1
10,player,310,0,0,510.96,293.51,575.15,393.98,-1
10,player,311,0,0,502.41,294.27,566.59,394.74,-1
10,player,312,0,0,493.86,295.04,558.04,395.51,-1
10,player,313,0,0,485.30,295.80,549.49,396.27,-1
10,player,314,0,0,476.75,296.56,540.94,397.03,-1
10,player,315,0,0,468.20,297.33,532.38,397.80,-1
10,player,316,0,0,459.65,298.09,523.83,398.56,-1
10,player,317,0,0,451.09,298.85,515.28,399.32,-1
10,player,318,0,0,442.54,299.62,506.73,400.09,-1
10,player,319,0,0,433.99,300.38,498.17,400.85,-1
10,player,320,0,0,425.44,301.14,489.62,401.62,-1
10,player,321,0,0,416.89,301.91,481.07,402.38,-1
10,player,322,0,0,408.33,302.67,472.52,403.14,-1
10,player,323,0,0,408.60,302.40,472.78,402.88,-1
10,player,324,0,0,408.87,302.14,473.05,402.61,-1
10,player,325,0,0,409.13,301.87,473.32,402.34,-1
10,player,326,0,0,409.40,301.60,473.59,402.07,-1
10,player,327,0,0,409.67,301.34,473.85,401.81,-1
10,player,328,0,0,409.94,301.07,474.12,401.54,-1
10,player,329,0,0,410.20,300.80,474.39,401.27,-1
10,player,330,0,0,410.47,300.53,474.66,401.00,-1
10,player,331,0,0,410.74,300.27,474.92,400.74,-1
10,player,332,0,0,411.01,300.00,475.19,400.47,-1
10,player,333,0,0,411.27,299.73,475.46,400.20,-1
10,player,334,0,0,411.54,299.46,475.72,399.94,-1
10,player,335,0,0,411.81,299.20,475.99,399.67,-1
10,player,336,0,0,412.07,298.93,476.26,399.40,-1
10,player,337,0,0,412.34,298.66,476.53,399.13,-1
10,player,338,0,0,412.61,298.40,476.79,398.87,-1
10,player,339,0,0,412.88,298.13,477.06,398.60,-1
10,player,340,0,0,413.14,297.86,477.33,398.33,-1
10,player,341,0,0,413.41,297.59,477.59,398.06,-1
10,player,342,0,0,413.68,297.33,477.86,397.80,-1
10,player,343,0,0,413.95,297.06,478.13,397.53,-1
10,player,344,0,0,414.21,296.79,478.40,397.26,-1
10,player,345,0,0,414.48,296.53,478.66,397.00,-1
10,player,346,0,0,414.75,296.26,478.93,396.73,-1
10,player,347,0,0,415.01,295.99,479.20,396.46,-1
10,player,348,0,0,415.28,295.72,479.47,396.19,-1
10,player,349,0,0,415.55,295.46,479.73,395.93,-1
10,player,350,0,0,415.82,295.19,480.00,395.66,-1
10,player,351,0,0,416.08,294.92,480.27,395.39,-1
10,player,352,0,0,416.35,294.65,480.53,395.13,-1
10,player,353,0,0,416.62,294.39,480.80,394.86,-1
10,player,354,0,0,416.88,294.12,481.07,394.59,-1
10,player,355,0,0,431.14,290.56,495.32,391.03,-1
10,player,356,0,0,445.39,286.99,509.58,387.46,-1
10,player,357,0,0,459.65,283.43,523.83,383.90,-1
10,player,358,0,0,466.96,283.09,531.15,383.56,-1
10,player,359,0,0,474.28,282.75,538.46,383.23,-1
10,player,360,0,0,481.59,282.42,545.77,382.89,-1
10,player,361,0,0,488.90,282.08,553.09,382.55,-1
10,player,362,0,0,496.22,281.74,560.40,382.21,-1
10,player,363,0,0,503.53,281.40,567.72,381.87,-1
10,player,364,0,0,510.85,281.07,575.03,381.54,-1
10,player,365,0,0,518.16,280.73,582.35,381.20,-1
10,player,366,0,0,525.48,280.39,589.66,380.86,-1
10,player,367,0,0,532.79,280.05,596.98,380.52,-1
10,player,368,0,0,540.11,279.72,604.29,380.19,-1
10,player,369,0,0,547.42,279.38,611.60,379.85,-1
10,player,370,0,0,554.74,279.04,618.92,379.51,-1
10,player,371,0,0,562.05,278.70,626.23,379.17,-1
10,player,372,0,0,569.36,278.37,633.55,378.84,-1
10,player,373,0,0,576.68,278.03,640.86,378.50,-1
10,player,374,0,0,583.99,277.69,648.18,378.16,-1
10,player,375,0,0,591.31,277.35,655.49,377.82,-1
10,player,376,0,0,598.62,277.02,662.81,377.49,-1
10,player,377,0,0,599.16,274.34,663.34,374.81,-1
10,player,378,0,0,599.69,271.67,663.88,372.14,-1
10,player,379,0,0,600.23,269.00,664.41,369.47,-1
10,player,380,0,0,600.76,266.33,664.95,366.80,-1
10,player,381,0,0,601.73,266.71,665.92,367.18,-1
10,player,382,0,0,602.70,267.10,666.89,367.57,-1
10,player,383,0,0,603.68,267.49,667.86,367.96,-1
10,player,384,0,0,604.65,267.88,668.83,368.35,-1
10,player,385,0,0,605.62,268.27,669.80,368.74,-1
10,player,386,0,0,606.59,268.66,670.78,369.13,-1
10,player,387,0,0,607.56,269.05,671.75,369.52,-1
10,player,388,0,0,608.54,269.44,672.72,369.91,-1
10,player,389,0,0,609.51,269.82,673.69,370.29,-1
10,player,390,0,0,610.48,270.21,674.66,370.68,-1
10,player,391,0,0,611.45,270.60,675.64,371.07,-1
10,player,392,0,0,612.42,270.99,676.61,371.46,-1
10,player,393,0,0,613.39,271.38,677.58,371.85,-1
10,player,394,0,0,614.37,271.77,678.55,372.24,-1
10,player,395,0,0,615.34,272.16,679.52,372.63,-1
10,player,396,0,0,616.31,272.54,680.49,373.02,-1
10,player,397,0,0,617.28,272.93,681.47,373.40,-1
10,player,398,0,0,618.25,273.32,682.44,373.79,-1
10,player,399,0,0,619.23,273.71,683.41,374.18,-1
10,player,400,0,0,620.20,274.10,684.38,374.57,-1
10,player,401,0,0,621.17,274.49,685.35,374.96,-1
10,player,402,0,0,622.14,274.88,686.33,375.35,-1
10,player,403,0,0,623.11,275.27,687.30,375.74,-1
10,player,404,0,0,624.09,275.65,688.27,376.13,-1
10,player,405,0,0,625.06,276.04,689.24,376.51,-1
10,player,406,0,0,626.03,276.43,690.21,376.90,-1
10,player,407,0,0,627.00,276.82,691.19,377.29,-1
10,player,408,0,0,627.97,277.21,692.16,377.68,-1
10,player,409,0,0,628.94,277.60,693.13,378.07,-1
10,player,410,0,0,629.92,277.99,694.10,378.46,-1
10,player,411,0,0,630.89,278.38,695.07,378.85,-1
10,player,412,0,0,631.86,278.76,696.04,379.24,-1
10,player,413,0,0,632.83,279.15,697.02,379.62,-1
10,player,414,0,0,625.17,279.69,689.35,380.16,-1
10,player,415,0,0,617.51,280.22,681.69,380.69,-1
10,player,416,0,0,609.85,280.76,674.03,381.23,-1
10,player,417,0,0,602.19,281.29,666.37,381.76,-1
10,player,418,0,0,594.52,281.83,658.71,382.30,-1
10,player,419,0,0,586.86,282.36,651.05,382.83,-1
10,player,420,0,0,579.20,282.89,643.39,383.37,-1
10,player,421,0,0,571.54,283.43,635.72,383.90,-1
10,player,422,0,0,563.88,283.96,628.06,384.43,-1
10,player,423,0,0,556.22,284.50,620.40,384.97,-1
10,player,424,0,0,548.56,285.03,612.74,385.50,-1
10,player,425,0,0,540.89,285.57,605.08,386.04,-1
10,player,426,0,0,550.38,290.87,614.56,391.34,-1
10,player,427,0,0,541.98,291.69,606.16,392.16,-1
10,player,428,0,0,533.58,292.52,597.76,392.99,-1
10,player,429,0,0,525.18,293.35,589.36,393.82,-1
10,player,430,0,0,516.78,294.18,580.96,394.65,-1
10,player,431,0,0,508.38,295.01,572.56,395.48,-1
10,player,432,0,0,499.98,295.84,564.16,396.31,-1
10,player,433,0,0,491.58,296.66,555.76,397.13,-1
10,player,434,0,0,483.17,297.49,547.36,397.96,-1
10,player,435,0,0,474.77,298.32,538.96,398.79,-1
10,player,436,0,0,466.37,299.15,530.56,399.62,-1
10,player,437,0,0,457.97,299.98,522.16,400.45,-1
10,player,438,0,0,449.57,300.80,513.76,401.28,-1
10,player,439,0,0,441.17,301.63,505.36,402.10,-1
10,player,440,0,0,432.77,302.46,496.96,402.93,-1
10,player,441,0,0,424.37,303.29,488.56,403.76,-1
10,player,442,0,0,415.97,304.12,480.16,404.59,-1
10,player,443,0,0,407.57,304.95,471.76,405.42,-1
10,player,444,0,0,399.17,305.77,463.36,406.24,-1
10,player,445,0,0,390.77,306.60,454.96,407.07,-1
10,player,446,0,0,382.37,307.43,446.56,407.90,-1
10,player,447,0,0,373.97,308.26,438.16,408.73,-1
10,player,448,0,0,365.57,309.09,429.76,409.56,-1
10,player,449,0,0,354.75,309.67,418.94,410.14,-1
10,player,450,0,0,343.93,310.25,408.12,410.72,-1
10,player,451,0,0,333.11,310.84,397.30,411.31,-1
10,player,452,0,0,322.29,311.42,386.48,411.89,-1
10,player,453,0,0,311.47,312.00,375.66,412.47,-1
10,player,454,0,0,300.65,312.59,364.84,413.06,-1
10,player,455,0,0,289.83,313.17,354.02,413.64,-1
10,player,456,0,0,279.01,313.75,343.20,414.22,-1
10,player,457,0,0,268.19,314.34,332.38,414.81,-1
10,player,458,0,0,257.37,314.92,321.56,415.39,-1
10,player,459,0,0,246.55,315.50,310.74,415.97,-1
10,player,460,0,0,235.73,316.08,299.92,416.55,-1
10,player,461,0,0,224.91,316.67,289.10,417.14,-1
10,player,462,0,0,214.09,317.25,278.28,417.72,-1
10,player,463,0,0,203.27,317.83,267.46,418.30,-1
10,player,464,0,0,192.45,318.42,256.64,418.89,-1
10,player,465,0,0,181.63,319.00,245.82,419.47,-1
10,player,466,0,0,170.81,319.58,235.00,420.05,-1
10,player,467,0,0,159.99,320.17,224.18,420.64,-1
10,player,468,0,0,149.17,320.75,213.36,421.22,-1
10,player,469,0,0,138.35,321.33,202.54,421.80,-1
10,player,470,0,0,127.53,321.92,191.72,422.39,-1
10,player,471,0,0,116.71,322.50,180.90,422.97,-1
10,player,472,0,0,105.89,323.08,170.08,423.55,-1
10,player,473,0,0,95.07,323.67,159.26,424.14,-1
10,player,474,0,0,84.25,324.25,148.44,424.72,-1
10,player,475,0,0,73.43,324.83,137.62,425.30,-1
10,player,476,0,0,62.61,325.41,126.80,425.88,-1
10,player,477,0,0,51.79,326.00,115.98,426.47,-1
10,player,478,0,0,40.97,326.58,105.16,427.05,-1
10,player,479,0,0,30.15,327.16,94.34,427.63,-1
10,player,480,0,0,19.33,327.75,83.52,428.22,-1
10,player,481,0,0,8.51,328.33,72.70,428.80,-1
10,player,482,0,0,8.51,328.33,72.70,428.80,-1
10,player,483,0,0,8.51,328.33,72.70,428.80,-1
10,player,484,0,0,8.51,328.33,72.70,428.80,-1
10,player,485,0,0,8.51,328.33,72.70,428.80,-1
10,player,486,1,0,8.51,328.33,72.70,428.80,-1
11,player,52,0,0,203.12,178.62,280.10,296.26,-1
11,player,53,0,0,206.82,178.51,283.80,296.14,-1
11,player,54,0,0,210.51,178.39,287.50,296.03,-1
11,player,55,0,0,214.21,178.28,291.19,295.91,-1
11,player,56,0,0,217.91,178.16,294.89,295.80,-1
11,player,57,0,0,221.61,178.05,298.59,295.68,-1
11,player,58,0,0,225.31,177.93,302.29,295.57,-1
11,player,59,0,0,229.01,177.81,305.99,295.45,-1
11,player,60,0,0,232.70,177.70,309.69,295.33,-1
11,player,61,0,0,236.40,177.58,313.38,295.22,-1
11,player,62,0,0,240.10,177.47,317.08,295.10,-1
11,player,63,0,0,243.80,177.35,320.78,294.99,-1
11,player,64,0,0,247.50,177.24,324.48,294.87,-1
11,player,65,0,0,251.20,177.12,328.18,294.76,-1
11,player,66,0,0,254.89,177.01,331.88,294.64,-1
11,player,67,0,0,258.59,176.89,335.57,294.53,-1
11,player,68,0,0,262.29,176.77,339.27,294.41,-1
11,player,69,0,0,265.99,176.66,342.97,294.29,-1
11,player,70,0,0,269.69,176.54,346.67,294.18,-1
11,player,71,0,0,273.39,176.43,350.37,294.06,-1
11,player,72,0,0,277.08,176.31,354.07,293.95,-1
11,player,73,0,0,280.78,176.20,357.76,293.83,-1
11,player,74,0,0,284.48,176.08,361.46,293.72,-1
11,player,75,0,0,288.18,175.97,365.16,293.60,-1
11,player,76,0,0,291.88,175.85,368.86,293.49,-1
11,player,77,0,0,295.58,175.73,372.56,293.37,-1
11,player,78,0,0,299.27,175.62,376.26,293.25,-1
11,player,79,0,0,302.97,175.50,379.95,293.14,-1
11,player,80,0,0,306.67,175.39,383.65,293.02,-1
11,player,81,0,0,310.37,175.27,387.35,292.91,-1
11,player,82,0,0,314.07,175.16,391.05,292.79,-1
11,player,83,0,0,317.77,175.04,394.75,292.68,-1
11,player,84,0,0,321.46,174.93,398.45,292.56,-1
11,player,85,0,0,325.16,174.81,402.14,292.45,-1
11,player,86,0,0,328.86,174.69,405.84,292.33,-1
11,player,87,0,0,332.56,174.58,409.54,292.21,-1
11,player,88,0,0,336.26,174.46,413.24,292.10,-1
11,player,89,0,0,339.96,174.35,416.94,291.98,-1
11,player,90,0,0,338.20,172.06,415.18,289.69,-1
11,player,91,0,0,336.44,169.77,413.42,287.40,-1
11,player,92,0,0,334.69,167.48,411.67,285.11,-1
11,player,93,0,0,332.93,165.18,409.91,282.82,-1
11,player,94,0,0,331.17,162.89,408.16,280.53,-1
11,player,95,0,0,329.42,160.60,406.40,278.24,-1
11,player,96,0,0,327.66,158.31,404.64,275.95,-1
11,player,97,0,0,325.90,156.02,402.89,273.66,-1
11,player,98,0,0,324.15,153.73,401.13,271.37,-1
11,player,99,0,0,322.39,151.44,399.37,269.07,-1
11,player,100,0,0,320.64,149.15,397.62,266.78,-1
11,player,101,0,0,318.88,146.86,395.86,264.49,-1
11,player,102,0,0,317.12,144.57,394.11,262.20,-1
11,player,103,0,0,315.37,142.28,392.35,259.91,-1
11,player,104,0,0,313.61,139.99,390.59,257.62,-1
11,player,105,0,0,311.85,137.69,388.84,255.33,-1
11,player,106,0,0,310.10,135.40,387.08,253.04,-1
11,player,107,0,0,308.34,133.11,385.32,250.75,-1
11,player,108,0,0,306.59,130.82,383.57,248.46,-1
11,player,109,0,0,304.83,128.53,381.81,246.17,-1
11,player,110,0,0,303.07,126.24,380.06,243.88,-1
11,player,111,0,0,301.32,123.95,378.30,241.59,-1
11,player,112,0,0,299.56,121.66,376.54,239.29,-1
11,player,113,0,0,297.80,119.37,374.79,237.00,-1
11,player,114,0,0,296.05,117.08,373.03,234.71,-1
11,player,115,0,0,294.29,114.79,371.27,232.42,-1
11,player,116,0,0,292.54,112.50,369.52,230.13,-1
11,player,117,0,0,290.78,110.21,367.76,227.84,-1
11,player,118,0,0,293.59,107.91,370.57,225.17,-1
11,player,119,0,0,296.39,105.61,373.37,222.50,-1
11,player,120,0,0,299.20,103.32,376.18,219.82,-1
11,player,121,0,0,302.00,101.02,378.99,217.15,-1
11,player,122,0,0,304.81,98.73,381.79,214.48,-1
11,player,123,0,0,307.62,96.43,384.60,211.80,-1
11,player,124,0,0,310.42,94.13,387.40,209.13,-1
11,player,125,0,0,313.23,91.84,390.21,206.46,-1
11,player,126,0,0,316.04,89.54,393.02,203.79,-1
11,player,127,0,0,318.84,87.25,395.82,201.11,-1
11,player,128,0,0,321.65,84.95,398.63,198.44,-1
11,player,129,0,0,324.45,82.65,401.44,195.77,-1
11,player,130,0,0,327.26,80.36,404.24,193.10,-1
11,player,131,0,0,330.07,78.06,407.05,190.42,-1
11,player,132,0,0,332.87,75.77,409.85,187.75,-1
11,player,133,0,0,335.68,73.47,412.66,185.08,-1
11,player,134,0,0,338.49,71.17,415.47,182.41,-1
11,player,135,0,0,341.29,68.88,418.27,179.73,-1
11,player,136,0,0,344.10,66.58,421.08,177.06,-1
11,player,137,0,0,346.90,64.29,423.89,174.39,-1
11,player,138,0,0,349.71,61.99,426.69,171.72,-1
11,player,139,0,0,352.52,59.69,429.50,169.04,-1
11,player,140,0,0,355.32,57.40,432.30,166.37,-1
11,player,141,0,0,358.13,55.10,435.11,163.70,-1
11,player,142,0,0,360.94,52.81,437.92,161.03,-1
11,player,143,0,0,363.74,50.51,440.72,158.35,-1
11,player,144,0,0,366.55,48.21,443.53,155.68,-1
11,player,145,0,0,369.35,45.92,446.34,153.01,-1
11,player,146,0,0,372.16,43.62,449.14,150.33,-1
11,player,147,0,0,374.97,41.33,451.95,147.66,-1
11,player,148,0,0,377.77,39.03,454.75,144.99,-1
11,player,149,0,0,380.58,36.74,457.56,142.32,-1
11,player,150,0,0,383.39,34.44,460.37,139.64,-1
11,player,151,0,0,386.19,32.14,463.17,136.97,-1
11,player,152,0,0,389.00,29.85,465.98,134.30,-1
11,player,153,0,0,391.80,27.55,468.79,131.63,-1
11,player,154,0,0,394.61,25.26,471.59,128.95,-1
11,player,155,0,0,397.42,22.96,474.40,126.28,-1
11,player,156,0,0,400.22,20.66,477.20,123.61,-1
11,player,157,0,0,403.03,18.37,480.01,120.94,-1
11,player,158,0,0,405.83,16.07,482.82,118.26,-1
11,player,159,0,0,408.64,13.78,485.62,115.59,-1
11,player,160,0,0,411.45,11.48,488.43,112.92,-1
11,player,161,0,0,414.25,9.18,491.24,110.25,-1
11,player,162,0,0,417.06,6.89,494.04,107.57,-1
11,player,163,0,0,419.87,4.59,496.85,104.90,-1
11,player,164,0,0,422.67,2.30,499.65,102.23,-1
11,player,165,0,0,425.48,0.00,502.46,99.56,-1
11,player,166,0,0,426.81,0.27,503.80,99.82,-1
11,player,167,0,0,428.15,0.53,505.13,100.09,-1
11,player,168,0,0,429.49,0.80,506.47,100.36,-1
11,player,169,0,0,430.82,1.07,507.81,100.62,-1
11,player,170,0,0,432.16,1.34,509.14,100.89,-1
11,player,171,0,0,433.50,1.60,510.48,101.16,-1
11,player,172,0,0,434.83,1.87,511.81,101.43,-1
11,player,173,0,0,436.17,2.14,513.15,101.69,-1
11,player,174,0,0,438.31,2.99,515.29,102.55,-1
11,player,175,0,0,440.45,3.85,517.43,103.40,-1
11,player,176,0,0,442.58,4.70,519.57,104.26,-1
11,player,177,0,0,444.72,5.56,521.70,105.11,-1
11,player,178,0,0,446.86,6.41,523.84,105.97,-1
11,player,179,0,0,447.60,7.08,524.58,106.63,-1
11,player,180,0,0,448.33,7.74,525.32,107.30,-1
11,player,181,0,0,449.07,8.40,526.05,107.96,-1
11,player,182,0,0,449.81,9.07,526.79,108.62,-1
11,player,183,0,0,450.55,9.73,527.53,109.29,-1
11,player,184,0,0,451.28,10.39,528.26,109.95,-1
11,player,185,0,0,452.02,11.06,529.00,110.61,-1
11,player,186,0,0,452.76,11.72,529.74,111.28,-1
11,player,187,0,0,453.49,12.38,530.48,111.94,-1
11,player,188,0,0,454.23,13.05,531.21,112.60,-1
11,player,189,0,0,454.97,13.71,531.95,113.27,-1
11,player,190,0,0,455.71,14.38,532.69,113.93,-1
11,player,191,0,0,456.44,15.04,533.43,114.59,-1
11,player,192,0,0,457.18,15.70,534.16,115.26,-1
11,player,193,0,0,457.92,16.37,534.90,115.92,-1
11,player,194,0,0,458.66,17.03,535.64,116.58,-1
11,player,195,0,0,459.39,17.69,536.37,117.25,-1
11,player,196,0,0,460.13,18.36,537.11,117.91,-1
11,player,197,0,0,460.87,19.02,537.85,118.58,-1
11,player,198,0,0,461.60,19.68,538.59,119.24,-1
11,player,199,0,0,462.34,20.35,539.32,119.90,-1
11,player,200,0,0,463.08,21.01,540.06,120.57,-1
11,player,201,0,0,463.82,21.67,540.80,121.23,-1
11,player,202,0,0,464.55,22.34,541.54,121.89,-1
11,player,203,0,0,465.29,23.00,542.27,122.56,-1
11,player,204,0,0,466.03,23.66,543.01,123.22,-1
11,player,205,0,0,466.77,24.33,543.75,123.88,-1
11,player,206,0,0,467.50,24.99,544.48,124.55,-1
11,player,207,0,0,468.24,25.66,545.22,125.21,-1
11,player,208,0,0,471.86,26.52,548.81,126.08,-1
11,player,209,0,0,475.49,27.39,552.40,126.95,-1
11,player,210,0,0,479.11,28.26,555.99,127.82,-1
11,player,211,0,0,482.74,29.13,559.57,128.69,-1
11,player,212,0,0,486.36,30.00,563.16,129.56,-1
11,player,213,0,0,489.98,30.87,566.75,130.43,-1
11,player,214,0,0,493.61,31.74,570.34,131.30,-1
11,player,215,0,0,497.23,32.61,573.92,132.17,-1
11,player,216,0,0,500.86,33.48,577.51,133.04,-1
11,player,217,0,0,504.48,34.35,581.10,133.91,-1
11,player,218,0,0,508.10,35.22,584.69,134.78,-1
11,player,219,0,0,511.73,36.09,588.28,135.65,-1
11,player,220,0,0,515.35,36.96,591.86,136.52,-1
11,player,221,0,0,518.97,37.83,595.45,137.39,-1
11,player,222,0,0,522.60,38.70,599.04,138.26,-1
11,player,223,0,0,526.22,39.57,602.63,139.13,-1
11,player,224,0,0,529.85,40.44,606.21,140.00,-1
11,player,225,0,0,533.47,41.31,609.80,140.87,-1
11,player,226,0,0,537.09,42.18,613.39,141.74,-1
11,player,227,0,0,540.72,43.05,616.98,142.60,-1
11,player,228,0,0,544.34,43.92,620.57,143.47,-1
11,player,229,0,0,547.97,44.79,624.15,144.34,-1
11,player,230,0,0,551.59,45.66,627.74,145.21,-1
11,player,231,0,0,555.21,46.53,631.33,146.08,-1
11,player,232,0,0,558.84,47.40,634.92,146.95,-1
11,player,233,0,0,562.46,48.27,638.50,147.82,-1
11,player,234,0,0,566.08,49.14,642.09,148.69,-1
11,player,235,0,0,569.71,50.01,645.68,149.56,-1
11,player,236,0,0,573.33,50.88,649.27,150.43,-1
11,player,237,0,0,576.96,51.75,652.85,151.30,-1
11,player,238,0,0,580.58,52.62,656.44,152.17,-1
11,player,239,0,0,584.20,53.49,660.03,153.04,-1
11,player,240,0,0,587.83,54.36,663.62,153.91,-1
11,player,241,0,0,591.45,55.23,667.21,154.78,-1
11,player,242,0,0,595.08,56.10,670.79,155.65,-1
11,player,243,0,0,598.70,56.97,674.38,156.52,-1
11,player,244,0,0,602.32,57.83,677.97,157.39,-1
11,player,245,0,0,605.95,58.70,681.56,158.26,-1
11,player,246,0,0,609.57,59.57,685.14,159.13,-1
11,player,247,0,0,613.20,60.44,688.73,160.00,-1
11,player,248,0,0,616.82,61.31,692.32,160.87,-1
11,player,249,0,0,620.44,62.18,695.91,161.74,-1
11,player,250,0,0,624.07,63.05,699.50,162.61,-1
11,player,251,0,0,627.69,63.92,703.08,163.48,-1
11,player,252,0,0,631.31,64.79,706.67,164.35,-1
11,player,253,0,0,634.94,65.66,710.26,165.22,-1
11,player,254,0,0,638.56,66.53,713.85,166.09,-1
11,player,255,0,0,642.19,67.40,717.43,166.96,-1
11,player,256,0,0,645.81,68.27,721.02,167.83,-1
11,player,257,0,0,649.43,69.14,724.61,168.70,-1
11,player,258,0,0,653.06,70.01,728.20,169.57,-1
11,player,259,0,0,656.68,70.88,731.79,170.44,-1
11,player,260,0,0,660.31,71.75,735.37,171.31,-1
11,player,261,0,0,663.93,72.62,738.96,172.18,-1
11,player,262,0,0,667.55,73.49,742.55,173.04,-1
11,player,263,0,0,671.18,74.36,746.14,173.91,-1
11,player,264,0,0,674.80,75.23,749.72,174.78,-1
11,player,265,0,0,678.42,76.10,753.31,175.65,-1
11,player,266,0,0,682.05,76.97,756.90,176.52,-1
11,player,267,0,0,677.54,77.73,752.39,177.29,-1
11,player,268,0,0,673.04,78.50,747.89,178.05,-1
11,player,269,0,0,668.53,79.26,743.38,178.81,-1
11,player,270,0,0,664.03,80.02,738.88,179.58,-1
11,player,271,0,0,659.52,80.79,734.37,180.34,-1
11,player,272,0,0,655.02,81.55,729.87,181.11,-1
11,player,273,0,0,650.51,82.31,725.36,181.87,-1
11,player,274,0,0,646.01,83.08,720.86,182.63,-1
11,player,275,0,0,641.50,83.84,716.35,183.40,-1
11,player,276,0,0,637.00,84.60,711.85,184.16,-1
11,player,277,0,0,632.49,85.37,707.34,184.92,-1
11,player,278,0,0,627.99,86.13,702.84,185.69,-1
11,player,279,0,0,623.48,86.90,698.33,186.45,-1
11,player,280,0,0,618.98,87.66,693.83,187.21,-1
11,player,281,0,0,614.47,88.42,689.32,187.98,-1
11,player,282,0,0,609.97,89.19,684.82,188.74,-1
11,player,283,0,0,605.46,89.95,680.31,189.51,-1
11,player,284,0,0,600.95,90.71,675.81,190.27,-1
11,player,285,0,0,596.45,91.48,671.30,191.03,-1
11,player,286,0,0,591.94,92.24,666.80,191.80,-1
11,player,287,0,0,587.44,93.00,662.29,192.56,-1
11,player,288,0,0,582.93,93.77,657.78,193.32,-1
11,player,289,0,0,578.43,94.53,653.28,194.09,-1
11,player,290,0,0,573.92,95.30,648.77,194.85,-1
11,player,291,0,0,569.42,96.06,644.27,195.61,-1
11,player,292,0,0,564.91,96.82,639.76,196.38,-1
11,player,293,0,0,560.41,97.59,635.26,197.14,-1
11,player,294,0,0,555.90,98.35,630.75,197.90,-1
11,player,295,0,0,545.75,99.72,620.60,199.28,-1
11,player,296,0,0,535.59,101.10,610.44,200.65,-1
11,player,297,0,0,525.43,102.47,600.29,202.03,-1
11,player,298,0,0,515.28,103.85,590.13,203.40,-1
11,player,299,0,0,505.12,105.22,579.97,204.78,-1
11,player,300,0,0,494.97,106.60,569.82,206.15,-1
11,player,301,0,0,484.81,107.97,559.66,207.53,-1
11,player,302,0,0,474.66,109.35,549.51,208.90,-1
11,player,303,0,0,464.50,110.72,539.35,210.27,-1
11,player,304,0,0,454.34,112.09,529.19,211.65,-1
11,player,305,0,0,444.19,113.47,519.04,213.02,-1
11,player,306,0,0,434.03,114.84,508.88,214.40,-1
11,player,307,0,0,423.88,116.22,498.73,215.77,-1
11,player,308,0,0,413.72,117.59,488.57,217.15,-1
11,player,309,0,0,403.56,118.97,478.41,218.52,-1
11,player,310,0,0,393.41,120.34,468.26,219.90,-1
11,player,311,0,0,383.25,121.72,458.10,221.27,-1
11,player,312,0,0,373.10,123.09,447.95,222.65,-1
11,player,313,0,0,362.94,124.46,437.79,224.02,-1
11,player,314,0,0,352.78,125.84,427.64,225.39,-1
11,player,315,0,0,342.63,127.21,417.48,226.77,-1
11,player,316,0,0,332.47,128.59,407.32,228.14,-1
11,player,317,0,0,322.32,129.96,397.17,229.52,-1
11,player,318,0,0,312.16,131.34,387.01,230.89,-1
11,player,319,0,0,302.00,132.71,376.86,232.27,-1
11,player,320,0,0,291.85,134.09,366.70,233.64,-1
11,player,321,0,0,281.69,135.46,356.54,235.02,-1
11,player,322,0,0,271.54,136.83,346.39,236.39,-1
11,player,323,0,0,271.87,136.57,346.72,236.12,-1
11,player,324,0,0,272.21,136.30,347.06,235.86,-1
11,player,325,0,0,272.54,136.03,347.39,235.59,-1
11,player,326,0,0,272.87,135.77,347.72,235.32,-1
11,player,327,0,0,273.21,135.50,348.06,235.05,-1
11,player,328,0,0,273.54,135.23,348.39,234.79,-1
11,player,329,0,0,273.88,134.96,348.73,234.52,-1
11,player,330,0,0,274.21,134.70,349.06,234.25,-1
11,player,331,0,0,274.54,134.43,349.39,233.98,-1
11,player,332,0,0,274.88,134.16,349.73,233.72,-1
11,player,333,0,0,275.21,133.89,350.06,233.45,-1
11,player,334,0,0,275.55,133.63,350.40,233.18,-1
11,player,335,0,0,275.88,133.36,350.73,232.92,-1
11,player,336,0,0,276.21,133.09,351.07,232.65,-1
11,player,337,0,0,276.55,132.83,351.40,232.38,-1
11,player,338,0,0,276.88,132.56,351.73,232.11,-1
11,player,339,0,0,277.22,132.29,352.07,231.85,-1
11,player,340,0,0,277.55,132.02,352.40,231.58,-1
11,player,341,0,0,277.88,131.76,352.74,231.31,-1
11,player,342,0,0,278.22,131.49,353.07,231.04,-1
11,player,343,0,0,278.55,131.22,353.40,230.78,-1
11,player,344,0,0,278.89,130.95,353.74,230.51,-1
11,player,345,0,0,279.22,130.69,354.07,230.24,-1
11,player,346,0,0,279.55,130.42,354.41,229.98,-1
11,player,347,0,0,279.89,130.15,354.74,229.71,-1
11,player,348,0,0,280.22,129.89,355.07,229.44,-1
11,player,349,0,0,280.56,129.62,355.41,229.17,-1
11,player,350,0,0,280.89,129.35,355.74,228.91,-1
11,player,351,0,0,281.23,129.08,356.08,228.64,-1
11,player,352,0,0,281.56,128.82,356.41,228.37,-1
11,player,353,0,0,281.89,128.55,356.74,228.10,-1
11,player,354,0,0,282.23,128.28,357.08,227.84,-1
11,player,355,0,0,294.34,131.85,369.19,231.40,-1
11,player,356,0,0,306.46,135.41,381.31,234.96,-1
11,player,357,0,0,318.58,138.97,393.43,238.53,-1
11,player,358,0,0,324.99,138.64,399.84,238.19,-1
11,player,359,0,0,331.40,138.30,406.25,237.85,-1
11,player,360,0,0,337.82,137.96,412.67,237.51,-1
11,player,361,0,0,344.23,137.62,419.08,237.18,-1
11,player,362,0,0,350.65,137.28,425.50,236.84,-1
11,player,363,0,0,357.06,136.95,431.91,236.50,-1
11,player,364,0,0,363.48,136.61,438.33,236.16,-1
11,player,365,0,0,369.89,136.27,444.74,235.83,-1
11,player,366,0,0,376.30,135.93,451.15,235.49,-1
11,player,367,0,0,382.72,135.60,457.57,235.15,-1
11,player,368,0,0,389.13,135.26,463.98,234.81,-1
11,player,369,0,0,395.55,134.92,470.40,234.48,-1
11,player,370,0,0,401.96,134.58,476.81,234.14,-1
11,player,371,0,0,408.37,134.25,483.23,233.80,-1
11,player,372,0,0,414.79,133.91,489.64,233.46,-1
11,player,373,0,0,421.20,133.57,496.05,233.13,-1
11,player,374,0,0,427.62,133.23,502.47,232.79,-1
11,player,375,0,0,434.03,132.90,508.88,232.45,-1
11,player,376,0,0,440.45,132.56,515.30,232.11,-1
11,player,377,0,0,442.85,132.83,517.70,232.38,-1
11,player,378,0,0,445.26,133.09,520.11,232.65,-1
11,player,379,0,0,447.66,133.36,522.51,232.92,-1
11,player,380,0,0,450.07,133.63,524.92,233.18,-1
11,player,381,0,0,452.47,133.90,527.32,233.45,-1
11,player,382,0,0,454.88,134.16,529.73,233.72,-1
11,player,383,0,0,457.28,134.43,532.14,233.99,-1
11,player,384,0,0,459.69,134.70,534.54,234.25,-1
11,player,385,0,0,459.84,135.43,534.69,234.99,-1
11,player,386,0,0,459.98,136.17,534.84,235.73,-1
11,player,387,0,0,460.13,136.91,534.98,236.46,-1
11,player,388,0,0,460.28,137.65,535.13,237.20,-1
11,player,389,0,0,460.43,138.38,535.28,237.94,-1
11,player,390,0,0,460.57,139.12,535.43,238.68,-1
11,player,391,0,0,460.72,139.86,535.57,239.41,-1
11,player,392,0,0,460.87,140.60,535.72,240.15,-1
11,player,393,0,0,461.02,141.33,535.87,240.89,-1
11,player,394,0,0,461.16,142.07,536.01,241.63,-1
11,player,395,0,0,461.31,142.81,536.16,242.36,-1
11,player,396,0,0,461.46,143.54,536.31,243.10,-1
11,player,397,0,0,461.61,144.28,536.46,243.84,-1
11,player,398,0,0,461.75,145.02,536.60,244.57,-1
11,player,399,0,0,461.90,145.76,536.75,245.31,-1
11,player,400,0,0,462.05,146.49,536.90,246.05,-1
11,player,401,0,0,462.20,147.23,537.05,246.79,-1
11,player,402,0,0,462.34,147.97,537.19,247.52,-1
11,player,403,0,0,462.49,148.71,537.34,248.26,-1
11,player,404,0,0,462.64,149.44,537.49,249.00,-1
11,player,405,0,0,462.79,150.18,537.64,249.74,-1
11,player,406,0,0,462.93,150.92,537.78,250.47,-1
11,player,407,0,0,463.08,151.65,537.93,251.21,-1
11,player,408,0,0,463.23,152.39,538.08,251.95,-1
11,player,409,0,0,463.38,153.13,538.23,252.68,-1
11,player,410,0,0,463.52,153.87,538.37,253.42,-1
11,player,411,0,0,463.67,154.60,538.52,254.16,-1
11,player,412,0,0,463.82,155.34,538.67,254.90,-1
11,player,413,0,0,463.96,156.08,538.82,255.63,-1
11,player,414,0,0,455.41,156.08,530.26,255.63,-1
11,player,415,0,0,446.86,156.08,521.71,255.63,-1
11,player,416,0,0,438.31,156.08,513.16,255.63,-1
11,player,417,0,0,429.76,156.08,504.61,255.63,-1
11,player,418,0,0,421.20,156.08,496.05,255.63,-1
11,player,419,0,0,412.65,156.08,487.50,255.63,-1
11,player,420,0,0,404.10,156.08,478.95,255.63,-1
11,player,421,0,0,395.55,156.08,470.40,255.63,-1
11,player,422,0,0,386.99,156.08,461.85,255.63,-1
11,player,423,0,0,378.44,156.08,453.29,255.63,-1
11,player,424,0,0,369.89,156.08,444.74,255.63,-1
11,player,425,0,0,361.34,156.08,436.19,255.63,-1
11,player,426,0,0,354.36,155.89,429.22,255.45,-1
11,player,427,0,0,347.39,155.71,422.24,255.26,-1
11,player,428,0,0,340.42,155.52,415.27,255.08,-1
11,player,429,0,0,333.45,155.33,408.30,254.89,-1
11,player,430,0,0,326.48,155.15,401.33,254.70,-1
11,player,431,0,0,319.50,154.96,394.36,254.52,-1
11,player,432,0,0,312.53,154.78,387.38,254.33,-1
11,player,433,0,0,305.56,154.59,380.41,254.15,-1
11,player,434,0,0,298.59,154.40,373.44,253.96,-1
11,player,435,0,0,291.62,154.22,366.47,253.77,-1
11,player,436,0,0,284.64,154.03,359.50,253.59,-1
11,player,437,0,0,277.67,153.85,352.52,253.40,-1
11,player,438,0,0,270.70,153.66,345.55,253.22,-1
11,player,439,0,0,263.73,153.48,338.58,253.03,-1
11,player,440,0,0,256.76,153.29,331.61,252.84,-1
11,player,441,0,0,249.78,153.10,324.64,252.66,-1
11,player,442,0,0,242.81,152.92,317.66,252.47,-1
11,player,443,0,0,235.84,152.73,310.69,252.29,-1
11,player,444,0,0,228.87,152.55,303.72,252.10,-1
11,player,445,0,0,221.90,152.36,296.75,251.91,-1
11,player,446,0,0,214.92,152.17,289.78,251.73,-1
11,player,447,0,0,207.95,151.99,282.80,251.54,-1
11,player,448,0,0,200.98,151.80,275.83,251.36,-1
11,player,449,0,0,200.98,151.80,275.83,251.36,-1
11,player,450,0,0,200.98,151.80,275.83,251.36,-1
11,player,451,0,0,200.98,151.80,275.83,251.36,-1
11,player,452,0,0,200.98,151.80,275.83,251.36,-1
11,player,453,0,0,200.98,151.80,275.83,251.36,-1
11,player,454,0,0,200.98,151.80,275.83,251.36,-1
11,player,455,0,0,200.98,151.80,275.83,251.36,-1
11,player,456,0,0,200.98,151.80,275.83,251.36,-1
11,player,457,0,0,200.98,151.80,275.83,251.36,-1
11,player,458,0,0,200.98,151.80,275.83,251.36,-1
11,player,459,0,0,200.98,151.80,275.83,251.36,-1
11,player,460,0,0,200.98,151.80,275.83,251.36,-1
11,player,461,0,0,200.98,151.80,275.83,251.36,-1
11,player,462,0,0,200.98,151.80,275.83,251.36,-1
11,player,463,0,0,200.98,151.80,275.83,251.36,-1
11,player,464,0,0,200.98,151.80,275.83,251.36,-1
11,player,465,0,0,200.98,151.80,275.83,251.36,-1
11,player,466,0,0,200.98,151.80,275.83,251.36,-1
11,player,467,0,0,200.98,151.80,275.83,251.36,-1
11,player,468,0,0,200.98,151.80,275.83,251.36,-1
11,player,469,0,0,200.98,151.80,275.83,251.36,-1
11,player,470,0,0,200.98,151.80,275.83,251.36,-1
11,player,471,0,0,200.98,151.80,275.83,251.36,-1
11,player,472,0,0,200.98,151.80,275.83,251.36,-1
11,player,473,0,0,200.98,151.80,275.83,251.36,-1
11,player,474,0,0,200.98,151.80,275.83,251.36,-1
11,player,475,0,0,200.98,151.80,275.83,251.36,-1
11,player,476,0,0,200.98,151.80,275.83,251.36,-1
11,player,477,0,0,200.98,151.80,275.83,251.36,-1
11,player,478,0,0,200.98,151.80,275.83,251.36,-1
11,player,479,0,0,200.98,151.80,275.83,251.36,-1
11,player,480,0,0,200.98,151.80,275.83,251.36,-1
11,player,481,1,0,200.98,151.80,275.83,251.36,-1
12,player,52,0,0,256.57,116.70,325.00,232.12,-1
12,player,53,0,0,260.91,116.76,329.33,232.17,-1
12,player,54,0,0,265.24,116.82,333.67,232.23,-1
12,player,55,0,0,269.57,116.87,338.00,232.29,-1
12,player,56,0,0,273.91,116.93,342.34,232.35,-1
12,player,57,0,0,278.24,116.99,346.67,232.41,-1
12,player,58,0,0,282.58,117.05,351.00,232.46,-1
12,player,59,0,0,286.91,117.10,355.34,232.52,-1
12,player,60,0,0,291.24,117.16,359.67,232.58,-1
12,player,61,0,0,295.58,117.22,364.01,232.64,-1
12,player,62,0,0,299.91,117.28,368.34,232.69,-1
12,player,63,0,0,304.24,117.34,372.67,232.75,-1
12,player,64,0,0,308.58,117.39,377.01,232.81,-1
12,player,65,0,0,312.91,117.45,381.34,232.87,-1
12,player,66,0,0,317.25,117.51,385.68,232.93,-1
12,player,67,0,0,321.58,117.57,390.01,232.98,-1
12,player,68,0,0,325.91,117.62,394.34,233.04,-1
12,player,69,0,0,330.25,117.68,398.68,233.10,-1
12,player,70,0,0,334.58,117.74,403.01,233.16,-1
12,player,71,0,0,338.92,117.80,407.35,233.22,-1
12,player,72,0,0,343.25,117.86,411.68,233.27,-1
12,player,73,0,0,347.58,117.91,416.01,233.33,-1
12,player,74,0,0,351.92,117.97,420.35,233.39,-1
12,player,75,0,0,356.25,118.03,424.68,233.45,-1
12,player,76,0,0,360.59,118.09,429.01,233.50,-1
12,player,77,0,0,364.92,118.14,433.35,233.56,-1
12,player,78,0,0,369.25,118.20,437.68,233.62,-1
12,player,79,0,0,373.59,118.26,442.02,233.68,-1
12,player,80,0,0,377.92,118.32,446.35,233.74,-1
12,player,81,0,0,382.26,118.38,450.68,233.79,-1
12,player,82,0,0,386.59,118.43,455.02,233.85,-1
12,player,83,0,0,390.92,118.49,459.35,233.91,-1
12,player,84,0,0,395.26,118.55,463.69,233.97,-1
12,player,85,0,0,399.59,118.61,468.02,234.02,-1
12,player,86,0,0,403.93,118.66,472.35,234.08,-1
12,player,87,0,0,408.26,118.72,476.69,234.14,-1
12,player,88,0,0,412.59,118.78,481.02,234.20,-1
12,player,89,0,0,416.93,118.84,485.36,234.26,-1
12,player,90,0,0,417.46,117.46,485.89,232.88,-1
12,player,91,0,0,418.00,116.09,486.43,231.51,-1
12,player,92,0,0,418.53,114.71,486.96,230.13,-1
12,player,93,0,0,419.07,113.34,487.49,228.76,-1
12,player,94,0,0,419.60,111.97,488.03,227.38,-1
12,player,95,0,0,420.13,110.59,488.56,226.01,-1
12,player,96,0,0,420.67,109.22,489.10,224.63,-1
12,player,97,0,0,421.20,107.84,489.63,223.26,-1
12,player,98,0,0,421.74,106.47,490.17,221.88,-1
12,player,99,0,0,422.27,105.09,490.70,220.51,-1
12,player,100,0,0,422.81,103.72,491.24,219.14,-1
12,player,101,0,0,423.34,102.34,491.77,217.76,-1
12,player,102,0,0,423.88,100.97,492.30,216.39,-1
12,player,103,0,0,424.41,99.60,492.84,215.01,-1
12,player,104,0,0,424.95,98.22,493.37,213.64,-1
12,player,105,0,0,425.48,96.85,493.91,212.26,-1
12,player,106,0,0,426.01,95.47,494.44,210.89,-1
12,player,107,0,0,426.55,94.10,494.98,209.51,-1
12,player,108,0,0,427.08,92.72,495.51,208.14,-1
12,player,109,0,0,427.62,91.35,496.05,206.77,-1
12,player,110,0,0,428.15,89.97,496.58,205.39,-1
12,player,111,0,0,428.69,88.60,497.12,204.02,-1
12,player,112,0,0,429.22,87.22,497.65,202.64,-1
12,player,113,0,0,429.76,85.85,498.18,201.27,-1
12,player,114,0,0,430.29,84.48,498.72,199.89,-1
12,player,115,0,0,430.82,83.10,499.25,198.52,-1
12,player,116,0,0,431.36,81.73,499.79,197.14,-1
12,player,117,0,0,431.89,80.35,500.32,195.77,-1
12,player,118,0,0,434.57,78.68,502.99,193.68,-1
12,player,119,0,0,437.24,77.00,505.67,191.58,-1
12,player,120,0,0,439.91,75.33,508.34,189.49,-1
12,player,121,0,0,442.58,73.66,511.01,187.40,-1
12,player,122,0,0,445.26,71.98,513.69,185.30,-1
12,player,123,0,0,447.93,70.31,516.36,183.21,-1
12,player,124,0,0,450.60,68.63,519.03,181.12,-1
12,player,125,0,0,453.27,66.96,521.70,179.02,-1
12,player,126,0,0,455.95,65.29,524.38,176.93,-1
12,player,127,0,0,458.62,63.61,527.05,174.83,-1
12,player,128,0,0,461.29,61.94,529.72,172.74,-1
12,player,129,0,0,463.96,60.26,532.39,170.65,-1
12,player,130,0,0,466.64,58.59,535.07,168.55,-1
12,player,131,0,0,469.31,56.92,537.74,166.46,-1
12,player,132,0,0,471.98,55.24,540.41,164.37,-1
12,player,133,0,0,474.66,53.57,543.08,162.27,-1
12,player,134,0,0,477.33,51.89,545.76,160.18,-1
12,player,135,0,0,480.00,50.22,548.43,158.09,-1
12,player,136,0,0,482.67,48.55,551.10,155.99,-1
12,player,137,0,0,485.35,46.87,553.77,153.90,-1
12,player,138,0,0,488.02,45.20,556.45,151.81,-1
12,player,139,0,0,490.69,43.52,559.12,149.71,-1
12,player,140,0,0,493.36,41.85,561.79,147.62,-1
12,player,141,0,0,496.04,40.18,564.46,145.53,-1
12,player,142,0,0,498.71,38.50,567.14,143.43,-1
12,player,143,0,0,501.38,36.83,569.81,141.34,-1
12,player,144,0,0,504.05,35.15,572.48,139.24,-1
12,player,145,0,0,506.73,33.48,575.16,137.15,-1
12,player,146,0,0,509.40,31.81,577.83,135.06,-1
12,player,147,0,0,512.07,30.13,580.50,132.96,-1
12,player,148,0,0,514.74,28.46,583.17,130.87,-1
12,player,149,0,0,517.42,26.78,585.85,128.78,-1
12,player,150,0,0,520.09,25.11,588.52,126.68,-1
12,player,151,0,0,522.76,23.44,591.19,124.59,-1
12,player,152,0,0,525.43,21.76,593.86,122.50,-1
12,player,153,0,0,528.11,20.09,596.54,120.40,-1
12,player,154,0,0,530.78,18.41,599.21,118.31,-1
12,player,155,0,0,533.45,16.74,601.88,116.22,-1
12,player,156,0,0,536.13,15.07,604.55,114.12,-1
12,player,157,0,0,538.80,13.39,607.23,112.03,-1
12,player,158,0,0,541.47,11.72,609.90,109.94,-1
12,player,159,0,0,544.14,10.04,612.57,107.84,-1
12,player,160,0,0,546.82,8.37,615.24,105.75,-1
12,player,161,0,0,549.49,6.70,617.92,103.65,-1
12,player,162,0,0,552.16,5.02,620.59,101.56,-1
12,player,163,0,0,554.83,3.35,623.26,99.47,-1
12,player,164,0,0,557.51,1.67,625.93,97.37,-1
12,player,165,0,0,560.18,0.00,628.61,95.28,-1
12,player,166,0,0,561.52,0.00,630.21,94.48,-1
12,player,167,0,0,562.85,0.00,631.80,93.67,-1
12,player,168,0,0,564.19,0.00,633.40,92.87,-1
12,player,169,0,0,565.52,0.00,635.00,92.06,-1
12,player,170,0,0,566.86,0.00,636.60,91.26,-1
12,player,171,0,0,568.20,0.00,638.19,90.46,-1
12,player,172,0,0,569.53,0.00,639.79,89.65,-1
12,player,173,0,0,570.87,0.00,641.39,88.85,-1
12,player,174,0,0,574.29,0.43,644.81,89.27,-1
12,player,175,0,0,577.71,0.86,648.23,89.70,-1
12,player,176,0,0,581.13,1.28,651.65,90.13,-1
12,player,177,0,0,584.55,1.71,655.07,90.56,-1
12,player,178,0,0,587.97,2.14,658.49,90.99,-1
12,player,179,0,0,589.60,2.21,660.12,91.06,-1
12,player,180,0,0,591.22,2.29,661.74,91.13,-1
12,player,181,0,0,592.84,2.36,663.36,91.21,-1
12,player,182,0,0,594.46,2.43,664.98,91.28,-1
12,player,183,0,0,596.08,2.51,666.60,91.35,-1
12,player,184,0,0,597.71,2.58,668.23,91.43,-1
12,player,185,0,0,599.33,2.65,669.85,91.50,-1
12,player,186,0,0,600.95,2.73,671.47,91.58,-1
12,player,187,0,0,602.57,2.80,673.09,91.65,-1
12,player,188,0,0,604.19,2.88,674.71,91.72,-1
12,player,189,0,0,605.82,2.95,676.34,91.80,-1
12,player,190,0,0,607.44,3.02,677.96,91.87,-1
12,player,191,0,0,609.06,3.10,679.58,91.94,-1
12,player,192,0,0,610.68,3.17,681.20,92.02,-1
12,player,193,0,0,612.30,3.24,682.82,92.09,-1
12,player,194,0,0,613.93,3.32,684.45,92.17,-1
12,player,195,0,0,615.55,3.39,686.07,92.24,-1
12,player,196,0,0,617.17,3.47,687.69,92.31,-1
12,player,197,0,0,618.79,3.54,689.31,92.39,-1
12,player,198,0,0,620.41,3.61,690.93,92.46,-1
12,player,199,0,0,622.04,3.69,692.56,92.53,-1
12,player,200,0,0,623.66,3.76,694.18,92.61,-1
12,player,201,0,0,625.28,3.83,695.80,92.68,-1
12,player,202,0,0,626.90,3.91,697.42,92.76,-1
12,player,203,0,0,628.52,3.98,699.04,92.83,-1
12,player,204,0,0,630.15,4.06,700.67,92.90,-1
12,player,205,0,0,631.77,4.13,702.29,92.98,-1
12,player,206,0,0,633.39,4.20,703.91,93.05,-1
12,player,207,0,0,635.01,4.28,705.53,93.12,-1
12,player,208,0,0,640.30,5.22,710.82,94.07,-1
12,player,209,0,0,645.59,6.16,716.11,95.01,-1
12,player,210,0,0,650.88,7.10,721.41,95.95,-1
12,player,211,0,0,656.18,8.05,726.70,96.89,-1
12,player,212,0,0,661.47,8.99,731.99,97.84,-1
12,player,213,0,0,666.76,9.93,737.28,98.78,-1
12,player,214,0,0,672.05,10.87,742.57,99.72,-1
12,player,215,0,0,677.34,11.81,747.86,100.66,-1
12,player,216,0,0,682.63,12.76,753.15,101.60,-1
12,player,217,0,0,687.92,13.70,758.44,102.55,-1
12,player,218,0,0,693.21,14.64,763.73,103.49,-1
12,player,219,0,0,698.50,15.58,769.02,104.43,-1
12,player,220,0,0,703.79,16.53,774.31,105.37,-1
12,player,221,0,0,709.08,17.47,779.60,106.32,-1
12,player,222,0,0,714.37,18.41,784.90,107.26,-1
12,player,223,0,0,719.67,19.35,790.19,108.20,-1
12,player,224,0,0,724.96,20.29,795.48,109.14,-1
12,player,225,0,0,730.25,21.24,800.77,110.08,-1
12,player,226,0,0,735.54,22.18,806.06,111.03,-1
12,player,227,0,0,740.83,23.12,811.35,111.97,-1
12,player,228,0,0,746.12,24.06,816.64,112.91,-1
12,player,229,0,0,751.41,25.01,821.93,113.85,-1
12,player,230,0,0,756.70,25.95,827.22,114.80,-1
12,player,231,0,0,761.99,26.89,832.51,115.74,-1
12,player,232,0,0,767.28,27.83,837.80,116.68,-1
12,player,233,0,0,772.57,28.77,843.10,117.62,-1
12,player,234,0,0,777.86,29.72,848.39,118.56,-1
12,player,235,0,0,783.16,30.66,853.68,119.51,-1
12,player,236,0,0,788.45,31.60,858.97,120.45,-1
12,player,237,0,0,793.74,32.54,864.26,121.39,-1
12,player,238,0,0,799.03,33.49,869.55,122.33,-1
12,player,239,0,0,804.32,34.43,874.84,123.28,-1
12,player,240,0,0,809.61,35.37,880.13,124.22,-1
12,player,241,0,0,814.90,36.31,885.42,125.16,-1
12,player,242,0,0,820.19,37.25,890.71,126.10,-1
12,player,243,0,0,825.48,38.20,896.00,127.04,-1
12,player,244,0,0,830.77,39.14,901.29,127.99,-1
12,player,245,0,0,836.06,40.08,906.59,128.93,-1
12,player,246,0,0,841.35,41.02,911.88,129.87,-1
12,player,247,0,0,846.65,41.97,917.17,130.81,-1
12,player,248,0,0,851.94,42.91,922.46,131.75,-1
12,player,249,0,0,857.23,43.85,927.75,132.70,-1
12,player,250,0,0,862.52,44.79,933.04,133.64,-1
12,player,251,0,0,867.81,45.73,938.33,134.58,-1
12,player,252,0,0,873.10,46.68,943.62,135.52,-1
12,player,253,0,0,878.39,47.62,948.91,136.47,-1
12,player,254,0,0,883.68,48.56,954.20,137.41,-1
12,player,255,0,0,888.97,49.50,959.49,138.35,-1
12,player,256,0,0,894.26,50.45,964.78,139.29,-1
12,player,257,0,0,899.55,51.39,970.08,140.23,-1
12,player,258,0,0,904.85,52.33,975.37,141.18,-1
12,player,259,0,0,910.14,53.27,980.66,142.12,-1
12,player,260,0,0,915.43,54.21,985.95,143.06,-1
12,player,261,0,0,920.72,55.16,991.24,144.00,-1
12,player,262,0,0,926.01,56.10,996.53,144.95,-1
12,player,263,0,0,931.30,57.04,1001.82,145.89,-1
12,player,264,0,0,936.59,57.98,1007.11,146.83,-1
12,player,265,0,0,941.88,58.92,1012.40,147.77,-1
12,player,266,0,0,947.17,59.87,1017.69,148.71,-1
12,player,267,0,0,944.42,60.10,1014.71,148.94,-1
12,player,268,0,0,941.67,60.33,1011.74,149.17,-1
12,player,269,0,0,938.93,60.55,1008.76,149.40,-1
12,player,270,0,0,936.18,60.78,1005.78,149.63,-1
12,player,271,0,0,933.43,61.01,1002.80,149.86,-1
12,player,272,0,0,930.68,61.24,999.82,150.09,-1
12,player,273,0,0,927.93,61.47,996.84,150.32,-1
12,player,274,0,0,925.18,61.70,993.87,150.55,-1
12,player,275,0,0,922.43,61.93,990.89,150.78,-1
12,player,276,0,0,919.68,62.16,987.91,151.01,-1
12,player,277,0,0,916.93,62.39,984.93,151.23,-1
12,player,278,0,0,914.18,62.62,981.95,151.46,-1
12,player,279,0,0,911.44,62.85,978.97,151.69,-1
12,player,280,0,0,908.69,63.07,976.00,151.92,-1
12,player,281,0,0,905.94,63.30,973.02,152.15,-1
12,player,282,0,0,903.19,63.53,970.04,152.38,-1
12,player,283,0,0,900.44,63.76,967.06,152.61,-1
12,player,284,0,0,897.69,63.99,964.08,152.84,-1
12,player,285,0,0,894.94,64.22,961.10,153.07,-1
12,player,286,0,0,892.19,64.45,958.13,153.30,-1
12,player,287,0,0,889.44,64.68,955.15,153.52,-1
12,player,288,0,0,886.69,64.91,952.17,153.75,-1
12,player,289,0,0,883.95,65.14,949.19,153.98,-1
12,player,290,0,0,881.20,65.36,946.21,154.21,-1
12,player,291,0,0,878.45,65.59,943.23,154.44,-1
12,player,292,0,0,875.70,65.82,940.26,154.67,-1
12,player,293,0,0,872.95,66.05,937.28,154.90,-1
12,player,294,0,0,870.20,66.28,934.30,155.13,-1
12,player,295,0,0,859.51,67.43,923.61,156.27,-1
12,player,296,0,0,848.82,68.57,912.92,157.42,-1
12,player,297,0,0,838.13,69.72,902.23,158.56,-1
12,player,298,0,0,827.44,70.86,891.54,159.71,-1
12,player,299,0,0,816.75,72.01,880.85,160.86,-1
12,player,300,0,0,806.06,73.15,870.16,162.00,-1
12,player,301,0,0,795.37,74.30,859.47,163.15,-1
12,player,302,0,0,784.68,75.44,848.78,164.29,-1
12,player,303,0,0,773.99,76.59,838.09,165.44,-1
12,player,304,0,0,763.30,77.74,827.40,166.58,-1
12,player,305,0,0,752.61,78.88,816.71,167.73,-1
12,player,306,0,0,741.92,80.03,806.02,168.87,-1
12,player,307,0,0,731.23,81.17,795.32,170.02,-1
12,player,308,0,0,720.54,82.32,784.63,171.16,-1
12,player,309,0,0,709.85,83.46,773.94,172.31,-1
12,player,310,0,0,699.15,84.61,763.25,173.45,-1
12,player,311,0,0,688.46,85.75,752.56,174.60,-1
12,player,312,0,0,677.77,86.90,741.87,175.75,-1
12,player,313,0,0,667.08,88.04,731.18,176.89,-1
12,player,314,0,0,656.39,89.19,720.49,178.04,-1
12,player,315,0,0,645.70,90.33,709.80,179.18,-1
12,player,316,0,0,635.01,91.48,699.11,180.33,-1
12,player,317,0,0,624.32,92.63,688.42,181.47,-1
12,player,318,0,0,613.63,93.77,677.73,182.62,-1
12,player,319,0,0,602.94,94.92,667.04,183.76,-1
12,player,320,0,0,592.25,96.06,656.35,184.91,-1
12,player,321,0,0,581.56,97.21,645.66,186.05,-1
12,player,322,0,0,570.87,98.35,634.97,187.20,-1
12,player,323,0,0,567.80,98.02,631.90,186.87,-1
12,player,324,0,0,564.72,97.68,628.82,186.53,-1
12,player,325,0,0,561.65,97.35,625.75,186.20,-1
12,player,326,0,0,558.58,97.02,622.68,185.86,-1
12,player,327,0,0,555.50,96.68,619.60,185.53,-1
12,player,328,0,0,552.43,96.35,616.53,185.20,-1
12,player,329,0,0,549.36,96.01,613.45,184.86,-1
12,player,330,0,0,546.28,95.68,610.38,184.53,-1
12,player,331,0,0,543.21,95.35,607.31,184.19,-1
12,player,332,0,0,540.14,95.01,604.23,183.86,-1
12,player,333,0,0,537.06,94.68,601.16,183.52,-1
12,player,334,0,0,533.99,94.34,598.09,183.19,-1
12,player,335,0,0,530.91,94.01,595.01,182.86,-1
12,player,336,0,0,527.84,93.68,591.94,182.52,-1
12,player,337,0,0,524.77,93.34,588.87,182.19,-1
12,player,338,0,0,521.69,93.01,585.79,181.85,-1
12,player,339,0,0,518.62,92.67,582.72,181.52,-1
12,player,340,0,0,515.55,92.34,579.65,181.19,-1
12,player,341,0,0,512.47,92.01,576.57,180.85,-1
12,player,342,0,0,509.40,91.67,573.50,180.52,-1
12,player,343,0,0,506.33,91.34,570.43,180.18,-1
12,player,344,0,0,503.25,91.00,567.35,179.85,-1
12,player,345,0,0,500.18,90.67,564.28,179.52,-1
12,player,346,0,0,497.11,90.33,561.21,179.18,-1
12,player,347,0,0,494.03,90.00,558.13,178.85,-1
12,player,348,0,0,490.96,89.67,555.06,178.51,-1
12,player,349,0,0,487.89,89.33,551.98,178.18,-1
12,player,350,0,0,484.81,89.00,548.91,177.85,-1
12,player,351,0,0,481.74,88.66,545.84,177.51,-1
12,player,352,0,0,478.67,88.33,542.76,177.18,-1
12,player,353,0,0,475.59,88.00,539.69,176.84,-1
12,player,354,0,0,472.52,87.66,536.62,176.51,-1
12,player,355,0,0,473.23,87.66,537.33,176.51,-1
12,player,356,0,0,473.94,87.66,538.04,176.51,-1
12,player,357,0,0,474.66,87.66,538.76,176.51,-1
12,player,358,0,0,477.81,87.32,541.91,176.17,-1
12,player,359,0,0,480.96,86.99,545.06,175.83,-1
12,player,360,0,0,484.11,86.65,548.21,175.50,-1
12,player,361,0,0,487.26,86.31,551.36,175.16,-1
12,player,362,0,0,490.41,85.97,554.51,174.82,-1
12,player,363,0,0,493.56,85.64,557.66,174.48,-1
12,player,364,0,0,496.71,85.30,560.81,174.15,-1
12,player,365,0,0,499.86,84.96,563.96,173.81,-1
12,player,366,0,0,503.01,84.62,567.11,173.47,-1
12,player,367,0,0,506.16,84.29,570.26,173.13,-1
12,player,368,0,0,509.32,83.95,573.41,172.80,-1
12,player,369,0,0,512.47,83.61,576.57,172.46,-1
12,player,370,0,0,515.62,83.27,579.72,172.12,-1
12,player,371,0,0,518.77,82.94,582.87,171.78,-1
12,player,372,0,0,521.92,82.60,586.02,171.45,-1
12,player,373,0,0,525.07,82.26,589.17,171.11,-1
12,player,374,0,0,528.22,81.92,592.32,170.77,-1
12,player,375,0,0,531.37,81.59,595.47,170.43,-1
12,player,376,0,0,534.52,81.25,598.62,170.10,-1
12,player,377,0,0,534.26,81.25,598.35,170.10,-1
12,player,378,0,0,533.99,81.25,598.09,170.10,-1
12,player,379,0,0,533.72,81.25,597.82,170.10,-1
12,player,380,0,0,533.45,81.25,597.55,170.10,-1
12,player,381,0,0,533.19,81.25,597.29,170.10,-1
12,player,382,0,0,532.92,81.25,597.02,170.10,-1
12,player,383,0,0,532.65,81.25,596.75,170.10,-1
12,player,384,0,0,532.38,81.25,596.48,170.10,-1
12,player,385,0,0,529.88,81.40,593.98,170.24,-1
12,player,386,0,0,527.37,81.54,591.47,170.39,-1
12,player,387,0,0,524.86,81.69,588.96,170.54,-1
12,player,388,0,0,522.36,81.84,586.46,170.69,-1
12,player,389,0,0,519.85,81.99,583.95,170.83,-1
12,player,390,0,0,517.34,82.13,581.44,170.98,-1
12,player,391,0,0,514.84,82.28,578.94,171.13,-1
12,player,392,0,0,512.33,82.43,576.43,171.27,-1
12,player,393,0,0,509.82,82.57,573.92,171.42,-1
12,player,394,0,0,507.32,82.72,571.42,171.57,-1
12,player,395,0,0,504.81,82.87,568.91,171.72,-1
12,player,396,0,0,502.30,83.02,566.40,171.86,-1
12,player,397,0,0,499.80,83.16,563.90,172.01,-1
12,player,398,0,0,497.29,83.31,561.39,172.16,-1
12,player,399,0,0,494.78,83.46,558.88,172.31,-1
12,player,400,0,0,492.28,83.61,556.38,172.45,-1
12,player,401,0,0,489.77,83.75,553.87,172.60,-1
12,player,402,0,0,487.26,83.90,551.36,172.75,-1
12,player,403,0,0,484.76,84.05,548.86,172.90,-1
12,player,404,0,0,482.25,84.20,546.35,173.04,-1
12,player,405,0,0,479.74,84.34,543.84,173.19,-1
12,player,406,0,0,477.24,84.49,541.34,173.34,-1
12,player,407,0,0,474.73,84.64,538.83,173.49,-1
12,player,408,0,0,472.22,84.79,536.32,173.63,-1
12,player,409,0,0,469.72,84.93,533.82,173.78,-1
12,player,410,0,0,467.21,85.08,531.31,173.93,-1
12,player,411,0,0,464.70,85.23,528.80,174.08,-1
12,player,412,0,0,462.20,85.38,526.30,174.22,-1
12,player,413,0,0,459.69,85.52,523.79,174.37,-1
12,player,414,0,0,447.93,85.88,512.03,174.73,-1
12,player,415,0,0,436.17,86.24,500.27,175.08,-1
12,player,416,0,0,424.41,86.59,488.51,175.44,-1
12,player,417,0,0,412.65,86.95,476.75,175.80,-1
12,player,418,0,0,400.89,87.30,464.99,176.15,-1
12,player,419,0,0,389.13,87.66,453.23,176.51,-1
12,player,420,0,0,377.37,88.02,441.47,176.86,-1
12,player,421,0,0,365.61,88.37,429.71,177.22,-1
12,player,422,0,0,353.86,88.73,417.95,177.58,-1
12,player,423,0,0,342.10,89.09,406.19,177.93,-1
12,player,424,0,0,330.34,89.44,394.44,178.29,-1
12,player,425,0,0,318.58,89.80,382.68,178.65,-1
12,player,426,0,0,305.47,90.17,369.57,179.02,-1
12,player,427,0,0,292.36,90.54,356.46,179.39,-1
12,player,428,0,0,279.26,90.91,343.35,179.76,-1
12,player,429,0,0,266.15,91.29,330.25,180.13,-1
12,player,430,0,0,253.04,91.66,317.14,180.51,-1
12,player,431,0,0,239.93,92.03,304.03,180.88,-1
12,player,432,0,0,226.83,92.40,290.92,181.25,-1
12,player,433,0,0,213.72,92.77,277.82,181.62,-1
12,player,434,0,0,200.61,93.15,264.71,181.99,-1
12,player,435,0,0,187.50,93.52,251.60,182.36,-1
12,player,436,0,0,174.40,93.89,238.49,182.74,-1
12,player,437,0,0,161.29,94.26,225.39,183.11,-1
12,player,438,0,0,148.18,94.63,212.28,183.48,-1
12,player,439,0,0,135.07,95.00,199.17,183.85,-1
12,player,440,0,0,121.97,95.38,186.07,184.22,-1
12,player,441,0,0,108.86,95.75,172.96,184.60,-1
12,player,442,0,0,95.75,96.12,159.85,184.97,-1
12,player,443,0,0,82.64,96.49,146.74,185.34,-1
12,player,444,0,0,69.54,96.86,133.64,185.71,-1
12,player,445,0,0,56.43,97.24,120.53,186.08,-1
12,player,446,0,0,43.32,97.61,107.42,186.46,-1
12,player,447,0,0,30.21,97.98,94.31,186.83,-1
12,player,448,0,0,17.11,98.35,81.21,187.20,-1
12,player,449,0,0,17.11,98.35,81.21,187.20,-1
12,player,450,0,0,17.11,98.35,81.21,187.20,-1
12,player,451,0,0,17.11,98.35,81.21,187.20,-1
12,player,452,0,0,17.11,98.35,81.21,187.20,-1
12,player,453,0,0,17.11,98.35,81.21,187.20,-1
12,player,454,0,0,17.11,98.35,81.21,187.20,-1
12,player,455,0,0,17.11,98.35,81.21,187.20,-1
12,player,456,0,0,17.11,98.35,81.21,187.20,-1
12,player,457,0,0,17.11,98.35,81.21,187.20,-1
12,player,458,0,0,17.11,98.35,81.21,187.20,-1
12,player,459,0,0,17.11,98.35,81.21,187.20,-1
12,player,460,0,0,17.11,98.35,81.21,187.20,-1
12,player,461,0,0,17.11,98.35,81.21,187.20,-1
12,player,462,0,0,17.11,98.35,81.21,187.20,-1
12,player,463,0,0,17.11,98.35,81.21,187.20,-1
12,player,464,0,0,17.11,98.35,81.21,187.20,-1
12,player,465,0,0,17.11,98.35,81.21,187.20,-1
12,player,466,0,0,17.11,98.35,81.21,187.20,-1
12,player,467,0,0,17.11,98.35,81.21,187.20,-1
12,player,468,0,0,17.11,98.35,81.21,187.20,-1
12,player,469,0,0,17.11,98.35,81.21,187.20,-1
12,player,470,0,0,17.11,98.35,81.21,187.20,-1
12,player,471,0,0,17.11,98.35,81.21,187.20,-1
12,player,472,0,0,17.11,98.35,81.21,187.20,-1
12,player,473,0,0,17.11,98.35,81.21,187.20,-1
12,player,474,0,0,17.11,98.35,81.21,187.20,-1
12,player,475,0,0,17.11,98.35,81.21,187.20,-1
12,player,476,0,0,17.11,98.35,81.21,187.20,-1
12,player,477,0,0,17.11,98.35,81.21,187.20,-1
12,player,478,0,0,17.11,98.35,81.21,187.20,-1
12,player,479,0,0,17.11,98.35,81.21,187.20,-1
12,player,480,0,0,17.11,98.35,81.21,187.20,-1
12,player,481,1,0,17.11,98.35,81.21,187.20,-1
13,player,89,0,0,224.50,460.89,305.75,606.28,32
13,player,90,0,0,231.37,458.07,312.62,603.46,32
13,player,91,0,0,238.24,455.24,319.49,600.63,32
13,player,92,0,0,245.12,452.41,326.36,597.81,32
13,player,93,0,0,251.99,449.59,333.24,594.98,32
13,player,94,0,0,258.86,446.76,340.11,592.15,32
13,player,95,0,0,265.73,443.94,346.98,589.33,32
13,player,96,0,0,272.61,441.11,353.85,586.50,32
13,player,97,0,0,279.48,438.29,360.73,583.68,32
13,player,98,0,0,286.35,435.46,367.60,580.85,32
13,player,99,0,0,293.22,432.64,374.47,578.03,32
13,player,100,0,0,300.10,429.81,381.34,575.20,32
13,player,101,0,0,306.97,426.99,388.22,572.38,32
13,player,102,0,0,313.84,424.16,395.09,569.55,32
13,player,103,0,0,320.71,421.34,401.96,566.73,32
13,player,104,0,0,327.59,418.51,408.83,563.90,32
13,player,105,0,0,334.46,415.69,415.71,561.08,32
13,player,106,0,0,341.33,412.86,422.58,558.25,32
13,player,107,0,0,348.20,410.03,429.45,555.43,32
13,player,108,0,0,355.08,407.21,436.32,552.60,32
13,player,109,0,0,361.95,404.38,443.19,549.77,32
13,player,110,0,0,368.82,401.56,450.07,546.95,32
13,player,111,0,0,375.69,398.73,456.94,544.12,32
13,player,112,0,0,382.56,395.91,463.81,541.30,32
13,player,113,0,0,389.44,393.08,470.68,538.47,32
13,player,114,0,0,396.31,390.26,477.56,535.65,32
13,player,115,0,0,403.18,387.43,484.43,532.82,32
13,player,116,0,0,410.05,384.61,491.30,530.00,32
13,player,117,0,0,416.93,381.78,498.17,527.17,32
13,player,118,0,0,421.47,380.49,502.72,525.88,32
13,player,119,0,0,426.01,379.20,507.26,524.59,32
13,player,120,0,0,430.56,377.91,511.80,523.30,32
13,player,121,0,0,435.10,376.61,516.35,522.00,32
13,player,122,0,0,439.64,375.32,520.89,520.71,32
13,player,123,0,0,444.19,374.03,525.43,519.42,32
13,player,124,0,0,448.73,372.74,529.98,518.13,32
13,player,125,0,0,453.27,371.45,534.52,516.84,32
13,player,126,0,0,457.82,370.16,539.06,515.55,32
13,player,127,0,0,462.36,368.86,543.61,514.25,32
13,player,128,0,0,466.90,367.57,548.15,512.96,32
13,player,129,0,0,471.45,366.28,552.70,511.67,32
13,player,130,0,0,475.99,364.99,557.24,510.38,32
13,player,131,0,0,480.53,363.70,561.78,509.09,32
13,player,132,0,0,485.08,362.41,566.33,507.80,32
13,player,133,0,0,489.62,361.11,570.87,506.50,32
13,player,134,0,0,494.17,359.82,575.41,505.21,32
13,player,135,0,0,498.71,358.53,579.96,503.92,32
13,player,136,0,0,503.25,357.24,584.50,502.63,32
13,player,137,0,0,507.80,355.95,589.04,501.34,32
13,player,138,0,0,512.34,354.65,593.59,500.05,32
13,player,139,0,0,516.88,353.36,598.13,498.75,32
13,player,140,0,0,521.43,352.07,602.67,497.46,32
13,player,141,0,0,525.97,350.78,607.22,496.17,32
13,player,142,0,0,530.51,349.49,611.76,494.88,32
13,player,143,0,0,535.06,348.20,616.30,493.59,32
13,player,144,0,0,539.60,346.90,620.85,492.29,32
13,player,145,0,0,544.14,345.61,625.39,491.00,32
13,player,146,0,0,548.69,344.32,629.93,489.71,32
13,player,147,0,0,553.23,343.03,634.48,488.42,32
13,player,148,0,0,557.77,341.74,639.02,487.13,32
13,player,149,0,0,562.32,340.45,643.56,485.84,32
13,player,150,0,0,566.86,339.15,648.11,484.54,32
13,player,151,0,0,571.40,337.86,652.65,483.25,32
13,player,152,0,0,575.95,336.57,657.19,481.96,32
13,player,153,0,0,580.49,335.28,661.74,480.67,32
13,player,154,0,0,585.03,333.99,666.28,479.38,32
13,player,155,0,0,589.58,332.69,670.82,478.09,32
13,player,156,0,0,594.12,331.40,675.37,476.79,32
13,player,157,0,0,598.66,330.11,679.91,475.50,32
13,player,158,0,0,603.21,328.82,684.45,474.21,32
13,player,159,0,0,607.75,327.53,689.00,472.92,32
13,player,160,0,0,612.29,326.24,693.54,471.63,32
13,player,161,0,0,616.84,324.94,698.09,470.33,32
13,player,162,0,0,621.38,323.65,702.63,469.04,32
13,player,163,0,0,625.92,322.36,707.17,467.75,32
13,player,164,0,0,630.47,321.07,711.72,466.46,32
13,player,165,0,0,635.01,319.78,716.26,465.17,32
13,player,166,0,0,632.34,319.24,713.59,464.63,32
13,player,167,0,0,629.67,318.71,710.91,464.10,32
13,player,168,0,0,626.99,318.17,708.24,463.56,32
13,player,169,0,0,624.32,317.64,705.57,463.03,32
13,player,170,0,0,621.65,317.10,702.90,462.50,32
13,player,171,0,0,618.98,316.57,700.22,461.96,32
13,player,172,0,0,616.30,316.04,697.55,461.43,32
13,player,173,0,0,613.63,315.50,694.88,460.89,32
13,player,174,0,0,613.20,318.92,694.45,464.31,32
13,player,175,0,0,612.78,322.34,694.02,467.73,32
13,player,176,0,0,612.35,325.76,693.60,471.15,32
13,player,177,0,0,611.92,329.18,693.17,474.58,32
13,player,178,0,0,611.49,332.61,692.74,478.00,32
13,player,179,0,0,611.07,336.03,692.31,481.42,32
13,player,180,0,0,610.64,339.45,691.88,484.84,32
13,player,181,0,0,610.21,342.87,691.46,488.26,32
13,player,182,0,0,609.78,346.29,691.03,491.68,32
13,player,183,0,0,609.35,349.71,690.60,495.10,32
13,player,184,0,0,606.24,352.20,687.48,497.60,32
13,player,185,0,0,603.12,354.70,684.37,500.09,32
13,player,186,0,0,600.00,357.19,681.25,502.58,32
13,player,187,0,0,596.88,359.69,678.13,505.08,32
13,player,188,0,0,593.76,362.18,675.01,507.57,32
13,player,189,0,0,590.65,364.68,671.89,510.07,32
13,player,190,0,0,587.53,367.17,668.78,512.56,32
13,player,191,0,0,584.41,369.67,665.66,515.06,32
13,player,192,0,0,581.29,372.16,662.54,517.55,32
13,player,193,0,0,578.17,374.65,659.42,520.04,32
13,player,194,0,0,575.06,377.15,656.30,522.54,32
13,player,195,0,0,571.94,379.64,653.19,525.03,32
13,player,196,0,0,568.82,382.14,650.07,527.53,32
13,player,197,0,0,565.70,384.63,646.95,530.02,32
13,player,198,0,0,562.58,387.13,643.83,532.52,32
13,player,199,0,0,559.47,389.62,640.71,535.01,32
13,player,200,0,0,556.35,392.12,637.59,537.51,32
13,player,201,0,0,553.23,394.61,634.48,540.00,32
13,player,202,0,0,550.11,397.10,631.36,542.49,32
13,player,203,0,0,546.99,399.60,628.24,544.99,32
13,player,204,0,0,543.88,402.09,625.12,547.48,32
13,player,205,0,0,540.76,404.59,622.00,549.98,32
13,player,206,0,0,537.64,407.08,618.89,552.47,32
13,player,207,0,0,534.52,409.58,615.77,554.97,32
13,player,208,0,0,534.70,411.10,615.95,556.49,32
13,player,209,0,0,534.88,412.62,616.13,558.01,32
13,player,210,0,0,535.07,414.14,616.31,559.53,32
13,player,211,0,0,535.25,415.66,616.49,561.05,32
13,player,212,0,0,535.43,417.19,616.67,562.58,32
13,player,213,0,0,535.61,418.71,616.86,564.10,32
13,player,214,0,0,535.79,420.23,617.04,565.62,32
13,player,215,0,0,535.97,421.75,617.22,567.14,32
13,player,216,0,0,536.15,423.27,617.40,568.67,32
13,player,217,0,0,536.33,424.80,617.58,570.19,32
13,player,218,0,0,536.51,426.32,617.76,571.71,32
13,player,219,0,0,536.70,427.84,617.94,573.23,32
13,player,220,0,0,536.88,429.36,618.12,574.75,32
13,player,221,0,0,537.06,430.88,618.31,576.28,32
13,player,222,0,0,537.24,432.41,618.49,577.80,32
13,player,223,0,0,537.42,433.93,618.67,579.32,32
13,player,224,0,0,537.60,435.45,618.85,580.84,32
13,player,225,0,0,537.78,436.97,619.03,582.36,32
13,player,226,0,0,537.96,438.49,619.21,583.89,32
13,player,227,0,0,538.15,440.02,619.39,585.41,32
13,player,228,0,0,538.33,441.54,619.57,586.93,32
13,player,229,0,0,538.51,443.06,619.75,588.45,32
13,player,230,0,0,538.69,444.58,619.94,589.97,32
13,player,231,0,0,538.87,446.10,620.12,591.50,32
13,player,232,0,0,539.05,447.63,620.30,593.02,32
13,player,233,0,0,539.23,449.15,620.48,594.54,32
13,player,234,0,0,539.41,450.67,620.66,596.06,32
13,player,235,0,0,539.59,452.19,620.84,597.58,32
13,player,236,0,0,539.78,453.72,621.02,599.11,32
13,player,237,0,0,539.96,455.24,621.20,600.63,32
13,player,238,0,0,540.14,456.76,621.39,602.15,32
13,player,239,0,0,540.32,458.28,621.57,603.67,32
13,player,240,0,0,540.50,459.80,621.75,605.19,32
13,player,241,0,0,540.68,461.33,621.93,606.72,32
13,player,242,0,0,540.86,462.85,622.11,608.24,32
13,player,243,0,0,541.04,464.37,622.29,609.76,32
13,player,244,0,0,541.23,465.89,622.47,611.28,32
13,player,245,0,0,541.41,467.41,622.65,612.80,32
13,player,246,0,0,541.59,468.94,622.84,614.33,32
13,player,247,0,0,541.77,470.46,623.02,615.85,32
13,player,248,0,0,541.95,471.98,623.20,617.37,32
13,player,249,0,0,542.13,473.50,623.38,618.89,32
13,player,250,0,0,542.31,475.02,623.56,620.41,32
13,player,251,0,0,542.49,476.55,623.74,621.94,32
13,player,252,0,0,542.68,478.07,623.92,623.46,32
13,player,253,0,0,542.86,479.59,624.10,624.98,32
13,player,254,0,0,543.04,481.11,624.28,626.50,32
13,player,255,0,0,543.22,482.63,624.47,628.02,32
13,player,256,0,0,543.40,484.16,624.65,629.55,32
13,player,257,0,0,543.58,485.68,624.83,631.07,32
13,player,258,0,0,543.76,487.20,625.01,632.59,32
13,player,259,0,0,543.94,488.72,625.19,634.11,32
13,player,260,0,0,544.12,490.24,625.37,635.63,32
13,player,261,0,0,544.31,491.77,625.55,637.16,32
13,player,262,0,0,544.49,493.29,625.73,638.68,32
13,player,263,0,0,544.67,494.81,625.92,640.20,32
13,player,264,0,0,544.85,496.33,626.10,641.72,32
13,player,265,0,0,545.03,497.85,626.28,643.24,32
13,player,266,0,0,545.21,499.38,626.46,644.77,32
13,player,267,0,0,542.16,499.22,623.40,644.61,32
13,player,268,0,0,539.10,499.07,620.35,644.46,32
13,player,269,0,0,536.05,498.92,617.30,644.31,32
13,player,270,0,0,532.99,498.77,614.24,644.16,32
13,player,271,0,0,529.94,498.61,611.19,644.00,32
13,player,272,0,0,526.89,498.46,608.13,643.85,32
13,player,273,0,0,523.83,498.31,605.08,643.70,32
13,player,274,0,0,520.78,498.15,602.02,643.54,32
13,player,275,0,0,517.72,498.00,598.97,643.39,32
13,player,276,0,0,514.67,497.85,595.91,643.24,32
13,player,277,0,0,511.61,497.70,592.86,643.09,32
13,player,278,0,0,508.56,497.54,589.81,642.93,32
13,player,279,0,0,505.50,497.39,586.75,642.78,32
13,player,280,0,0,502.45,497.24,583.70,642.63,32
13,player,281,0,0,499.40,497.09,580.64,642.48,32
13,player,282,0,0,496.34,496.93,577.59,642.32,32
13,player,283,0,0,493.29,496.78,574.53,642.17,32
13,player,284,0,0,490.23,496.63,571.48,642.02,32
13,player,285,0,0,487.18,496.47,568.43,641.86,32
13,player,286,0,0,484.12,496.32,565.37,641.71,32
13,player,287,0,0,481.07,496.17,562.32,641.56,32
13,player,288,0,0,478.01,496.02,559.26,641.41,32
13,player,289,0,0,474.96,495.86,556.21,641.25,32
13,player,290,0,0,471.91,495.71,553.15,641.10,32
13,player,291,0,0,468.85,495.56,550.10,640.95,32
13,player,292,0,0,465.80,495.41,547.04,640.80,32
13,player,293,0,0,462.74,495.25,543.99,640.64,32
13,player,294,0,0,459.69,495.10,540.94,640.49,32
13,player,295,0,0,453.12,494.72,534.37,640.11,32
13,player,296,0,0,446.55,494.34,527.80,639.73,32
13,player,297,0,0,439.99,493.95,521.23,639.34,32
13,player,298,0,0,433.42,493.57,514.67,638.96,32
13,player,299,0,0,426.85,493.19,508.10,638.58,32
13,player,300,0,0,420.29,492.81,501.53,638.20,32
13,player,301,0,0,413.72,492.43,494.97,637.82,32
13,player,302,0,0,407.15,492.05,488.40,637.44,32
13,player,303,0,0,400.59,491.66,481.83,637.05,32
13,player,304,0,0,394.02,491.28,475.27,636.67,32
13,player,305,0,0,387.45,490.90,468.70,636.29,32
13,player,306,0,0,380.88,490.52,462.13,635.91,32
13,player,307,0,0,374.32,490.14,455.57,635.53,32
13,player,308,0,0,367.75,489.75,449.00,635.15,32
13,player,309,0,0,361.18,489.37,442.43,634.76,32
13,player,310,0,0,354.62,488.99,435.86,634.38,32
13,player,311,0,0,348.05,488.61,429.30,634.00,32
13,player,312,0,0,341.48,488.23,422.73,633.62,32
13,player,313,0,0,334.92,487.85,416.16,633.24,32
13,player,314,0,0,328.35,487.46,409.60,632.85,32
13,player,315,0,0,321.78,487.08,403.03,632.47,32
13,player,316,0,0,315.22,486.70,396.46,632.09,32
13,player,317,0,0,308.65,486.32,389.90,631.71,32
13,player,318,0,0,302.08,485.94,383.33,631.33,32
13,player,319,0,0,295.51,485.55,376.76,630.95,32
13,player,320,0,0,288.95,485.17,370.19,630.56,32
13,player,321,0,0,282.38,484.79,363.63,630.18,32
13,player,322,0,0,275.81,484.41,357.06,629.80,32
13,player,323,0,0,277.02,484.21,358.26,629.60,32
13,player,324,0,0,278.22,484.01,359.47,629.40,32
13,player,325,0,0,279.42,483.81,360.67,629.20,32
13,player,326,0,0,280.62,483.61,361.87,629.00,32
13,player,327,0,0,281.83,483.41,363.07,628.80,32
13,player,328,0,0,283.03,483.21,364.28,628.60,32
13,player,329,0,0,284.23,483.01,365.48,628.40,32
13,player,330,0,0,285.44,482.81,366.68,628.20,32
13,player,331,0,0,286.64,482.60,367.88,628.00,32
13,player,332,0,0,287.84,482.40,369.09,627.80,32
13,player,333,0,0,289.04,482.20,370.29,627.59,32
13,player,334,0,0,290.25,482.00,371.49,627.39,32
13,player,335,0,0,291.45,481.80,372.70,627.19,32
13,player,336,0,0,292.65,481.60,373.90,626.99,32
13,player,337,0,0,293.85,481.40,375.10,626.79,32
13,player,338,0,0,295.06,481.20,376.30,626.59,32
13,player,339,0,0,296.26,481.00,377.51,626.39,32
13,player,340,0,0,297.46,480.80,378.71,626.19,32
13,player,341,0,0,298.66,480.60,379.91,625.99,32
13,player,342,0,0,299.87,480.40,381.11,625.79,32
13,player,343,0,0,301.07,480.20,382.32,625.59,32
13,player,344,0,0,302.27,480.00,383.52,625.39,32
13,player,345,0,0,303.48,479.80,384.72,625.19,32
13,player,346,0,0,304.68,479.60,385.93,624.99,32
13,player,347,0,0,305.88,479.40,387.13,624.79,32
13,player,348,0,0,307.08,479.20,388.33,624.59,32
13,player,349,0,0,308.29,479.00,389.53,624.39,32
13,player,350,0,0,309.49,478.80,390.74,624.19,32
13,player,351,0,0,310.69,478.60,391.94,623.99,32
13,player,352,0,0,311.89,478.40,393.14,623.79,32
13,player,353,0,0,313.10,478.19,394.34,623.59,32
13,player,354,0,0,314.30,477.99,395.55,623.38,32
13,player,355,0,0,328.55,474.43,409.80,619.82,32
13,player,356,0,0,342.81,470.87,424.05,616.26,32
13,player,357,0,0,357.06,467.30,438.31,612.69,32
13,player,358,0,0,364.60,465.95,445.85,611.34,32
13,player,359,0,0,372.14,464.60,453.39,609.99,32
13,player,360,0,0,379.68,463.25,460.93,608.64,32
13,player,361,0,0,387.22,461.90,468.47,607.29,32
13,player,362,0,0,394.76,460.55,476.01,605.94,32
13,player,363,0,0,402.30,459.20,483.55,604.59,32
13,player,364,0,0,409.84,457.85,491.09,603.24,32
13,player,365,0,0,417.38,456.50,498.63,601.89,32
13,player,366,0,0,424.92,455.15,506.17,600.54,32
13,player,367,0,0,432.46,453.80,513.70,599.19,32
13,player,368,0,0,440.00,452.45,521.24,597.84,32
13,player,369,0,0,447.54,451.10,528.78,596.49,32
13,player,370,0,0,455.08,449.75,536.32,595.14,32
13,player,371,0,0,462.62,448.40,543.86,593.79,32
13,player,372,0,0,470.16,447.05,551.40,592.44,32
13,player,373,0,0,477.70,445.70,558.94,591.09,32
13,player,374,0,0,485.24,444.35,566.48,589.74,32
13,player,375,0,0,492.77,443.00,574.02,588.39,32
13,player,376,0,0,500.31,441.65,581.56,587.04,32
13,player,377,0,0,502.72,441.91,583.97,587.30,32
13,player,378,0,0,505.12,442.18,586.37,587.57,32
13,player,379,0,0,507.53,442.45,588.78,587.84,32
13,player,380,0,0,509.94,442.72,591.18,588.11,32
13,player,381,0,0,512.34,442.98,593.59,588.37,32
13,player,382,0,0,514.75,443.25,595.99,588.64,32
13,player,383,0,0,517.15,443.52,598.40,588.91,32
13,player,384,0,0,519.56,443.79,600.80,589.18,32
13,player,385,0,0,523.91,443.20,605.15,588.59,32
13,player,386,0,0,528.26,442.61,609.50,588.00,32
13,player,387,0,0,532.61,442.02,613.85,587.41,32
13,player,388,0,0,536.96,441.43,618.20,586.82,32
13,player,389,0,0,541.31,440.84,622.55,586.23,32
13,player,390,0,0,545.66,440.25,626.90,585.64,32
13,player,391,0,0,550.01,439.66,631.25,585.05,32
13,player,392,0,0,554.36,439.07,635.60,584.46,32
13,player,393,0,0,558.71,438.48,639.95,583.87,32
13,player,394,0,0,563.06,437.89,644.30,583.28,32
13,player,395,0,0,567.41,437.30,648.65,582.69,32
13,player,396,0,0,571.76,436.71,653.00,582.10,32
13,player,397,0,0,576.11,436.12,657.35,581.51,32
13,player,398,0,0,580.45,435.53,661.70,580.92,32
13,player,399,0,0,584.80,434.94,666.05,580.33,32
13,player,400,0,0,589.15,434.35,670.40,579.74,32
13,player,401,0,0,593.50,433.76,674.75,579.15,32
13,player,402,0,0,597.85,433.17,679.10,578.56,32
13,player,403,0,0,602.20,432.58,683.45,577.97,32
13,player,404,0,0,606.55,431.99,687.80,577.38,32
13,player,405,0,0,610.90,431.40,692.15,576.79,32
13,player,406,0,0,615.25,430.81,696.50,576.20,32
13,player,407,0,0,619.60,430.22,700.85,575.61,32
13,player,408,0,0,623.95,429.63,705.20,575.02,32
13,player,409,0,0,628.30,429.04,709.55,574.43,32
13,player,410,0,0,632.65,428.45,713.90,573.84,32
13,player,411,0,0,637.00,427.86,718.25,573.25,32
13,player,412,0,0,641.35,427.27,722.60,572.66,32
13,player,413,0,0,645.70,426.68,726.95,572.07,32
13,player,414,0,0,641.78,429.18,723.03,574.57,32
13,player,415,0,0,637.86,431.67,719.11,577.06,32
13,player,416,0,0,633.94,434.16,715.19,579.55,32
13,player,417,0,0,630.02,436.66,711.27,582.05,32
13,player,418,0,0,626.10,439.15,707.35,584.54,32
13,player,419,0,0,622.18,441.65,703.43,587.04,32
13,player,420,0,0,618.26,444.14,699.51,589.53,32
13,player,421,0,0,614.34,446.64,695.59,592.03,32
13,player,422,0,0,610.42,449.13,691.67,594.52,32
13,player,423,0,0,606.50,451.63,687.75,597.02,32
13,player,424,0,0,602.58,454.12,683.83,599.51,32
13,player,425,0,0,598.67,456.61,679.91,602.00,32
13,player,426,0,0,593.09,457.82,674.33,603.21,32
13,player,427,0,0,587.51,459.03,668.76,604.42,32
13,player,428,0,0,581.93,460.24,663.18,605.63,32
13,player,429,0,0,576.35,461.45,657.60,606.84,32
13,player,430,0,0,570.78,462.66,652.02,608.05,32
13,player,431,0,0,565.20,463.87,646.45,609.26,32
13,player,432,0,0,559.62,465.07,640.87,610.46,32
13,player,433,0,0,554.04,466.28,635.29,611.67,32
13,player,434,0,0,548.47,467.49,629.71,612.88,32
13,player,435,0,0,542.89,468.70,624.14,614.09,32
13,player,436,0,0,537.31,469.91,618.56,615.30,32
13,player,437,0,0,531.73,471.12,612.98,616.51,32
13,player,438,0,0,526.16,472.32,607.40,617.72,32
13,player,439,0,0,520.58,473.53,601.83,618.92,32
13,player,440,0,0,515.00,474.74,596.25,620.13,32
13,player,441,0,0,509.42,475.95,590.67,621.34,32
13,player,442,0,0,503.85,477.16,585.09,622.55,32
13,player,443,0,0,498.27,478.37,579.52,623.76,32
13,player,444,0,0,492.69,479.58,573.94,624.97,32
13,player,445,0,0,487.11,480.78,568.36,626.17,32
13,player,446,0,0,481.54,481.99,562.78,627.38,32
13,player,447,0,0,475.96,483.20,557.20,628.59,32
13,player,448,0,0,470.38,484.41,551.63,629.80,32
13,player,449,0,0,460.27,485.32,541.52,630.71,32
13,player,450,0,0,450.17,486.22,531.41,631.61,32
13,player,451,0,0,440.06,487.13,521.31,632.52,32
13,player,452,0,0,429.95,488.04,511.20,633.43,32
13,player,453,0,0,419.84,488.94,501.09,634.34,32
13,player,454,0,0,409.74,489.85,490.98,635.24,32
13,player,455,0,0,399.63,490.76,480.88,636.15,32
13,player,456,0,0,389.52,491.67,470.77,637.06,32
13,player,457,0,0,379.41,492.57,460.66,637.96,32
13,player,458,0,0,369.31,493.48,450.55,638.87,32
13,player,459,0,0,359.20,494.39,440.45,639.78,32
13,player,460,0,0,349.09,495.29,430.34,640.68,32
13,player,461,0,0,338.98,496.20,420.23,641.59,32
13,player,462,0,0,328.88,497.11,410.12,642.50,32
13,player,463,0,0,318.77,498.02,400.02,643.41,32
13,player,464,0,0,308.66,498.92,389.91,644.31,32
13,player,465,0,0,298.56,499.83,379.80,645.22,32
13,player,466,0,0,288.45,500.74,369.70,646.13,32
13,player,467,0,0,278.34,501.64,359.59,647.03,32
13,player,468,0,0,268.23,502.55,349.48,647.94,32
13,player,469,0,0,258.13,503.46,339.37,648.85,32
13,player,470,0,0,248.02,504.36,329.27,649.76,32
13,player,471,0,0,237.91,505.27,319.16,650.66,32
13,player,472,0,0,227.80,506.18,309.05,651.57,32
13,player,473,0,0,217.70,507.09,298.94,652.48,32
13,player,474,0,0,207.59,507.99,288.84,653.38,32
13,player,475,0,0,197.48,508.90,278.73,654.29,32
13,player,476,0,0,187.38,509.81,268.62,655.20,32
13,player,477,0,0,177.27,510.71,258.52,656.11,32
13,player,478,0,0,167.16,511.62,248.41,657.01,32
13,player,479,0,0,157.05,512.53,238.30,657.92,32
13,player,480,0,0,146.95,513.44,228.19,658.83,32
13,player,481,0,0,136.84,514.34,218.09,659.73,32
13,player,482,0,0,128.29,513.06,209.53,658.45,32
13,player,483,0,0,119.73,511.78,200.98,657.17,32
13,player,484,0,0,111.18,510.49,192.43,655.88,32
13,player,485,0,0,102.63,509.21,183.88,654.60,32
13,player,486,0,0,94.08,507.93,175.32,653.32,32
13,player,487,0,0,94.08,507.93,175.32,653.32,32
13,player,488,0,0,94.08,507.93,175.32,653.32,32
13,player,489,0,0,94.08,507.93,175.32,653.32,32
13,player,490,0,0,94.08,507.93,175.32,653.32,32
13,player,491,0,0,94.08,507.93,175.32,653.32,32
13,player,492,0,0,94.08,507.93,175.32,653.32,32
13,player,493,0,0,94.08,507.93,175.32,653.32,32
13,player,494,0,0,94.08,507.93,175.32,653.32,32
13,player,495,0,0,94.08,507.93,175.32,653.32,32
13,player,496,0,0,94.08,507.93,175.32,653.32,32
13,player,497,0,0,94.08,507.93,175.32,653.32,32
13,player,498,0,0,94.08,507.93,175.32,653.32,32
13,player,499,0,0,94.08,507.93,175.32,653.32,32
13,player,500,0,0,94.08,507.93,175.32,653.32,32
13,player,501,0,0,94.08,507.93,175.32,653.32,32
13,player,502,0,0,94.08,507.93,175.32,653.32,32
13,player,503,0,0,94.08,507.93,175.32,653.32,32
13,player,504,0,0,94.08,507.93,175.32,653.32,32
13,player,505,0,0,94.08,507.93,175.32,653.32,32
13,player,506,0,0,94.08,507.93,175.32,653.32,32
13,player,507,0,0,94.08,507.93,175.32,653.32,32
13,player,508,0,0,94.08,507.93,175.32,653.32,32
13,player,509,0,0,94.08,507.93,175.32,653.32,32
13,player,510,0,0,94.08,507.93,175.32,653.32,32
13,player,511,0,0,94.08,507.93,175.32,653.32,32
13,player,512,0,0,94.08,507.93,175.32,653.32,32
13,player,513,0,0,94.08,507.93,175.32,653.32,32
13,player,514,0,0,94.08,507.93,175.32,653.32,32
13,player,515,0,0,94.08,507.93,175.32,653.32,32
13,player,516,0,0,94.08,507.93,175.32,653.32,32
13,player,517,0,0,94.08,507.93,175.32,653.32,32
13,player,518,0,0,94.08,507.93,175.32,653.32,32
13,player,519,0,0,94.08,507.93,175.32,653.32,32
13,player,520,0,0,94.08,507.93,175.32,653.32,32
13,player,521,0,0,94.08,507.93,175.32,653.32,32
13,player,522,0,0,94.08,507.93,175.32,653.32,32
13,player,523,0,0,94.08,507.93,175.32,653.32,32
13,player,524,0,0,94.08,507.93,175.32,653.32,32
13,player,525,0,0,94.08,507.93,175.32,653.32,32
13,player,526,0,0,94.08,507.93,175.32,653.32,32
13,player,527,0,0,94.08,507.93,175.32,653.32,32
13,player,528,0,0,94.08,507.93,175.32,653.32,32
13,player,529,0,0,94.08,507.93,175.32,653.32,32
13,player,530,0,0,94.08,507.93,175.32,653.32,32
13,player,531,0,0,94.08,507.93,175.32,653.32,32
13,player,532,0,0,94.08,507.93,175.32,653.32,32
13,player,533,0,0,94.08,507.93,175.32,653.32,32
13,player,534,0,0,94.08,507.93,175.32,653.32,32
13,player,535,0,0,94.08,507.93,175.32,653.32,32
13,player,536,0,0,94.08,507.93,175.32,653.32,32
13,player,537,0,0,94.08,507.93,175.32,653.32,32
13,player,538,0,0,94.08,507.93,175.32,653.32,32
13,player,539,0,0,94.08,507.93,175.32,653.32,32
13,player,540,0,0,94.08,507.93,175.32,653.32,32
13,player,541,0,0,94.08,507.93,175.32,653.32,32
13,player,542,0,0,94.08,507.93,175.32,653.32,32
13,player,543,0,0,94.08,507.93,175.32,653.32,32
13,player,544,0,0,94.08,507.93,175.32,653.32,32
13,player,545,0,0,94.08,507.93,175.32,653.32,32
13,player,546,0,0,94.08,507.93,175.32,653.32,32
13,player,547,0,0,94.08,507.93,175.32,653.32,32
13,player,548,0,0,94.08,507.93,175.32,653.32,32
13,player,549,0,0,94.08,507.93,175.32,653.32,32
13,player,550,0,0,94.08,507.93,175.32,653.32,32
13,player,551,0,0,94.08,507.93,175.32,653.32,32
13,player,552,0,0,94.08,507.93,175.32,653.32,32
13,player,553,0,0,94.08,507.93,175.32,653.32,32
13,player,554,0,0,94.08,507.93,175.32,653.32,32
13,player,555,0,0,94.08,507.93,175.32,653.32,32
13,player,556,0,0,94.08,507.93,175.32,653.32,32
13,player,557,0,0,94.08,507.93,175.32,653.32,32
13,player,558,0,0,94.08,507.93,175.32,653.32,32
13,player,559,0,0,94.08,507.93,175.32,653.32,32
13,player,560,0,0,94.08,507.93,175.32,653.32,32
13,player,561,1,0,94.08,507.93,175.32,653.32,32
14,player,165,0,0,0.00,495.10,79.11,640.49,7
14,player,166,0,0,2.41,492.96,81.52,638.35,7
14,player,167,0,0,4.81,490.82,83.92,636.22,7
14,player,168,0,0,7.22,488.69,86.33,634.08,7
14,player,169,0,0,9.62,486.55,88.73,631.94,7
14,player,170,0,0,12.03,484.41,91.14,629.80,7
14,player,171,0,0,14.43,482.27,93.54,627.66,7
14,player,172,0,0,16.84,480.13,95.95,625.52,7
14,player,173,0,0,19.24,478.00,98.35,623.39,7
14,player,174,0,0,20.95,476.71,100.06,622.10,7
14,player,175,0,0,22.66,475.43,101.77,620.82,7
14,player,176,0,0,24.37,474.15,103.48,619.54,7
14,player,177,0,0,26.09,472.86,105.20,618.26,7
14,player,178,0,0,27.80,471.58,106.91,616.97,7
14,player,179,0,0,31.22,472.01,110.33,617.40,7
14,player,180,0,0,34.64,472.44,113.75,617.83,7
14,player,181,0,0,38.06,472.87,117.17,618.26,7
14,player,182,0,0,41.48,473.29,120.59,618.68,7
14,player,183,0,0,44.90,473.72,124.01,619.11,7
14,player,184,0,0,48.82,472.92,127.93,618.31,7
14,player,185,0,0,52.74,472.12,131.85,617.51,7
14,player,186,0,0,56.66,471.32,135.77,616.71,7
14,player,187,0,0,60.58,470.51,139.69,615.90,7
14,player,188,0,0,64.50,469.71,143.61,615.10,7
14,player,189,0,0,68.42,468.91,147.53,614.30,7
14,player,190,0,0,72.34,468.11,151.45,613.50,7
14,player,191,0,0,76.26,467.31,155.37,612.70,7
14,player,192,0,0,80.18,466.50,159.29,611.90,7
14,player,193,0,0,84.10,465.70,163.21,611.09,7
14,player,194,0,0,88.02,464.90,167.13,610.29,7
14,player,195,0,0,91.94,464.10,171.05,609.49,7
14,player,196,0,0,95.86,463.30,174.97,608.69,7
14,player,197,0,0,99.78,462.50,178.89,607.89,7
14,player,198,0,0,103.70,461.69,182.81,607.08,7
14,player,199,0,0,107.62,460.89,186.73,606.28,7
14,player,200,0,0,111.54,460.09,190.65,605.48,7
14,player,201,0,0,115.46,459.29,194.57,604.68,7
14,player,202,0,0,119.38,458.49,198.49,603.88,7
14,player,203,0,0,123.30,457.69,202.41,603.08,7
14,player,204,0,0,127.22,456.88,206.33,602.27,7
14,player,205,0,0,131.14,456.08,210.25,601.47,7
14,player,206,0,0,135.06,455.28,214.17,600.67,7
14,player,207,0,0,138.98,454.48,218.09,599.87,7
14,player,208,0,0,141.95,455.67,221.06,601.07,7
14,player,209,0,0,144.92,456.87,224.03,602.26,7
14,player,210,0,0,147.89,458.07,227.00,603.46,7
14,player,211,0,0,150.86,459.26,229.97,604.65,7
14,player,212,0,0,153.83,460.46,232.94,605.85,7
14,player,213,0,0,156.81,461.65,235.92,607.04,7
14,player,214,0,0,159.78,462.85,238.89,608.24,7
14,player,215,0,0,162.75,464.05,241.86,609.44,7
14,player,216,0,0,165.72,465.24,244.83,610.63,7
14,player,217,0,0,168.69,466.44,247.80,611.83,7
14,player,218,0,0,171.66,467.63,250.77,613.02,7
14,player,219,0,0,174.64,468.83,253.75,614.22,7
14,player,220,0,0,177.61,470.02,256.72,615.42,7
14,player,221,0,0,180.58,471.22,259.69,616.61,7
14,player,222,0,0,183.55,472.42,262.66,617.81,7
14,player,223,0,0,186.52,473.61,265.63,619.00,7
14,player,224,0,0,189.49,474.81,268.60,620.20,7
14,player,225,0,0,192.47,476.00,271.57,621.39,7
14,player,226,0,0,195.44,477.20,274.55,622.59,7
14,player,227,0,0,198.41,478.40,277.52,623.79,7
14,player,228,0,0,201.38,479.59,280.49,624.98,7
14,player,229,0,0,204.35,480.79,283.46,626.18,7
14,player,230,0,0,207.32,481.98,286.43,627.37,7
14,player,231,0,0,210.29,483.18,289.40,628.57,7
14,player,232,0,0,213.27,484.38,292.38,629.77,7
14,player,233,0,0,216.24,485.57,295.35,630.96,7
14,player,234,0,0,219.21,486.77,298.32,632.16,7
14,player,235,0,0,222.18,487.96,301.29,633.35,7
14,player,236,0,0,225.15,489.16,304.26,634.55,7
14,player,237,0,0,228.12,490.35,307.23,635.75,7
14,player,238,0,0,231.10,491.55,310.21,636.94,7
14,player,239,0,0,234.07,492.75,313.18,638.14,7
14,player,240,0,0,237.04,493.94,316.15,639.33,7
14,player,241,0,0,240.01,495.14,319.12,640.53,7
14,player,242,0,0,242.98,496.33,322.09,641.72,7
14,player,243,0,0,245.95,497.53,325.06,642.92,7
14,player,244,0,0,248.93,498.73,328.03,644.12,7
14,player,245,0,0,251.90,499.92,331.01,645.31,7
14,player,246,0,0,254.87,501.12,333.98,646.51,7
14,player,247,0,0,257.84,502.31,336.95,647.70,7
14,player,248,0,0,260.81,503.51,339.92,648.90,7
14,player,249,0,0,263.78,504.71,342.89,650.10,7
14,player,250,0,0,266.75,505.90,345.86,651.29,7
14,player,251,0,0,269.73,507.10,348.84,652.49,7
14,player,252,0,0,272.70,508.29,351.81,653.68,7
14,player,253,0,0,275.67,509.49,354.78,654.88,7
14,player,254,0,0,278.64,510.68,357.75,656.08,7
14,player,255,0,0,281.61,511.88,360.72,657.27,7
14,player,256,0,0,284.58,513.08,363.69,658.47,7
14,player,257,0,0,287.56,514.27,366.67,659.66,7
14,player,258,0,0,290.53,515.47,369.64,660.86,7
14,player,259,0,0,293.50,516.66,372.61,662.05,7
14,player,260,0,0,296.47,517.86,375.58,663.25,7
14,player,261,0,0,299.44,519.06,378.55,664.45,7
14,player,262,0,0,302.41,520.25,381.52,665.64,7
14,player,263,0,0,305.39,521.45,384.49,666.84,7
14,player,264,0,0,308.36,522.64,387.47,668.03,7
14,player,265,0,0,311.33,523.84,390.44,669.23,7
14,player,266,0,0,314.30,525.04,393.41,670.43,7
14,player,267,0,0,304.83,527.78,383.94,673.17,7
14,player,268,0,0,295.36,530.53,374.47,675.92,7
14,player,269,0,0,285.89,533.28,365.00,678.67,7
14,player,270,0,0,276.43,536.03,355.53,681.42,7
14,player,271,0,0,266.96,538.78,346.07,684.17,7
14,player,272,0,0,257.49,541.53,336.60,686.92,7
14,player,273,0,0,248.02,544.28,327.13,689.67,7
14,player,274,0,0,238.55,547.03,317.66,692.42,7
14,player,275,0,0,229.08,549.78,308.19,695.17,7
14,player,276,0,0,219.61,552.52,298.72,697.92,7
14,player,277,0,0,210.14,555.27,289.25,700.66,7
14,player,278,0,0,200.68,558.02,279.79,703.41,7
14,player,279,0,0,191.21,560.77,270.32,706.16,7
14,player,280,0,0,181.74,563.52,260.85,708.91,7
14,player,281,0,0,172.27,566.27,251.38,711.66,7
14,player,282,0,0,162.80,569.02,241.91,714.41,7
14,player,283,0,0,153.33,571.77,232.44,717.16,7
14,player,284,0,0,143.86,574.52,222.97,719.91,7
14,player,285,0,0,134.39,577.27,213.50,722.66,7
14,player,286,0,0,124.93,580.01,204.04,725.40,7
14,player,287,0,0,115.46,582.76,194.57,728.15,7
14,player,288,0,0,105.99,585.51,185.10,730.90,7
14,player,289,0,0,96.52,588.26,175.63,733.65,7
14,player,290,0,0,87.05,591.01,166.16,736.40,7
14,player,291,0,0,77.58,593.76,156.69,739.15,7
14,player,292,0,0,68.11,596.51,147.22,741.90,7
14,player,293,0,0,58.65,599.26,137.76,744.65,7
14,player,294,0,0,49.18,602.01,128.29,747.40,7
14,player,295,0,0,49.18,602.01,128.29,747.40,7
14,player,296,0,0,49.18,602.01,128.29,747.40,7
14,player,297,0,0,49.18,602.01,128.29,747.40,7
14,player,298,0,0,49.18,602.01,128.29,747.40,7
14,player,299,0,0,49.18,602.01,128.29,747.40,7
14,player,300,0,0,49.18,602.01,128.29,747.40,7
14,player,301,0,0,49.18,602.01,128.29,747.40,7
14,player,302,0,0,49.18,602.01,128.29,747.40,7
14,player,303,0,0,49.18,602.01,128.29,747.40,7
14,player,304,0,0,49.18,602.01,128.29,747.40,7
14,player,305,0,0,49.18,602.01,128.29,747.40,7
14,player,306,0,0,49.18,602.01,128.29,747.40,7
14,player,307,0,0,49.18,602.01,128.29,747.40,7
14,player,308,0,0,49.18,602.01,128.29,747.40,7
14,player,309,0,0,49.18,602.01,128.29,747.40,7
14,player,310,0,0,49.18,602.01,128.29,747.40,7
14,player,311,0,0,49.18,602.01,128.29,747.40,7
14,player,312,0,0,49.18,602.01,128.29,747.40,7
14,player,313,0,0,49.18,602.01,128.29,747.40,7
14,player,314,0,0,49.18,602.01,128.29,747.40,7
14,player,315,0,0,49.18,602.01,128.29,747.40,7
14,player,316,0,0,49.18,602.01,128.29,747.40,7
14,player,317,0,0,49.18,602.01,128.29,747.40,7
14,player,318,0,0,49.18,602.01,128.29,747.40,7
14,player,319,0,0,49.18,602.01,128.29,747.40,7
14,player,320,0,0,49.18,602.01,128.29,747.40,7
14,player,321,0,0,49.18,602.01,128.29,747.40,7
14,player,322,1,0,49.18,602.01,128.29,747.40,7
15,player,165,0,0,562.32,537.86,643.56,683.25,6
15,player,166,0,0,577.02,538.66,658.26,684.05,6
15,player,167,0,0,591.72,539.47,672.96,684.86,6
15,player,168,0,0,606.42,540.27,687.66,685.66,6
15,player,169,0,0,621.11,541.07,702.36,686.46,6
15,player,170,0,0,635.81,541.87,717.06,687.26,6
15,player,171,0,0,650.51,542.67,731.76,688.06,6
15,player,172,0,0,665.21,543.47,746.46,688.87,6
15,player,173,0,0,679.91,544.28,761.16,689.67,6
15,player,174,0,0,693.60,548.55,774.84,693.94,6
15,player,175,0,0,707.28,552.83,788.53,698.22,6
15,player,176,0,0,720.96,557.10,802.21,702.50,6
15,player,177,0,0,734.65,561.38,815.89,706.77,6
15,player,178,0,0,748.33,565.66,829.58,711.05,6
15,player,179,0,0,761.16,567.80,842.41,713.19,6
15,player,180,0,0,773.99,569.93,855.24,715.32,6
15,player,181,0,0,786.82,572.07,868.06,717.46,6
15,player,182,0,0,799.65,574.21,880.89,719.60,6
15,player,183,0,0,812.47,576.35,893.72,721.74,6
15,player,184,0,0,825.12,579.91,906.37,725.30,6
15,player,185,0,0,837.77,583.47,919.02,728.87,6
15,player,186,0,0,850.42,587.04,931.67,732.43,6
15,player,187,0,0,863.08,590.60,944.32,735.99,6
15,player,188,0,0,875.73,594.17,956.97,739.56,6
15,player,189,0,0,888.38,597.73,969.62,743.12,6
15,player,190,0,0,901.03,601.29,982.27,746.68,6
15,player,191,0,0,913.68,604.86,994.92,750.25,6
15,player,192,0,0,926.33,608.42,1007.57,753.81,6
15,player,193,0,0,938.98,611.98,1020.22,757.37,6
15,player,194,0,0,951.63,615.55,1032.87,760.94,6
15,player,195,0,0,964.28,619.11,1045.52,764.50,6
15,player,196,0,0,976.93,622.67,1058.18,768.06,6
15,player,197,0,0,989.58,626.24,1070.83,771.63,6
15,player,198,0,0,1002.23,629.80,1083.48,775.19,6
15,player,199,0,0,1014.88,633.36,1096.13,778.75,6
15,player,200,0,0,1027.53,636.93,1108.78,782.32,6
15,player,201,0,0,1040.18,640.49,1121.43,785.88,6
15,player,202,0,0,1052.83,644.05,1134.08,789.44,6
15,player,203,0,0,1065.48,647.62,1146.73,793.01,6
15,player,204,0,0,1078.13,651.18,1159.38,796.57,6
15,player,205,0,0,1090.78,654.74,1172.03,800.13,6
15,player,206,0,0,1103.43,658.31,1184.68,803.70,6
15,player,207,0,0,1116.08,661.87,1197.33,807.26,6
15,player,208,0,0,1115.65,661.73,1196.89,807.12,6
15,player,209,0,0,1115.21,661.58,1196.46,806.97,6
15,player,210,0,0,1114.78,661.44,1196.02,806.83,6
15,player,211,0,0,1114.34,661.29,1195.59,806.68,6
15,player,212,0,0,1113.91,661.15,1195.15,806.54,6
15,player,213,0,0,1113.47,661.00,1194.72,806.39,6
15,player,214,0,0,1113.04,660.86,1194.29,806.25,6
15,player,215,0,0,1112.60,660.71,1193.85,806.10,6
15,player,216,0,0,1112.17,660.57,1193.42,805.96,6
15,player,217,0,0,1111.73,660.42,1192.98,805.81,6
15,player,218,0,0,1111.30,660.28,1192.55,805.67,6
15,player,219,0,0,1110.86,660.13,1192.11,805.52,6
15,player,220,0,0,1110.43,659.99,1191.68,805.38,6
15,player,221,0,0,1109.99,659.84,1191.24,805.23,6
15,player,222,0,0,1109.56,659.70,1190.81,805.09,6
15,player,223,0,0,1109.12,659.55,1190.37,804.94,6
15,player,224,0,0,1108.69,659.41,1189.94,804.80,6
15,player,225,0,0,1108.25,659.26,1189.50,804.65,6
15,player,226,0,0,1107.82,659.12,1189.07,804.51,6
15,player,227,0,0,1107.38,658.97,1188.63,804.36,6
15,player,228,0,0,1106.95,658.83,1188.20,804.22,6
15,player,229,0,0,1106.52,658.68,1187.76,804.07,6
15,player,230,0,0,1106.08,658.54,1187.33,803.93,6
15,player,231,0,0,1105.65,658.39,1186.89,803.78,6
15,player,232,0,0,1105.21,658.25,1186.46,803.64,6
15,player,233,0,0,1104.78,658.10,1186.02,803.49,6
15,player,234,0,0,1104.34,657.96,1185.59,803.35,6
15,player,235,0,0,1103.91,657.81,1185.15,803.20,6
15,player,236,0,0,1103.47,657.67,1184.72,803.06,6
15,player,237,0,0,1103.04,657.52,1184.28,802.91,6
15,player,238,0,0,1102.60,657.38,1183.85,802.77,6
15,player,239,0,0,1102.17,657.23,1183.41,802.62,6
15,player,240,0,0,1101.73,657.09,1182.98,802.48,6
15,player,241,0,0,1101.30,656.94,1182.54,802.33,6
15,player,242,0,0,1100.86,656.80,1182.11,802.19,6
15,player,243,0,0,1100.43,656.65,1181.67,802.04,6
15,player,244,0,0,1099.99,656.51,1181.24,801.90,6
15,player,245,0,0,1099.56,656.36,1180.80,801.75,6
15,player,246,0,0,1099.12,656.22,1180.37,801.61,6
15,player,247,0,0,1098.69,656.07,1179.94,801.46,6
15,player,248,0,0,1098.25,655.93,1179.50,801.32,6
15,player,249,0,0,1097.82,655.78,1179.07,801.17,6
15,player,250,0,0,1097.38,655.64,1178.63,801.03,6
15,player,251,0,0,1096.95,655.49,1178.20,800.88,6
15,player,252,0,0,1096.51,655.35,1177.76,800.74,6
15,player,253,0,0,1096.08,655.20,1177.33,800.59,6
15,player,254,0,0,1095.64,655.06,1176.89,800.45,6
15,player,255,0,0,1095.21,654.91,1176.46,800.30,6
15,player,256,0,0,1094.77,654.77,1176.02,800.16,6
15,player,257,0,0,1094.34,654.62,1175.59,800.01,6
15,player,258,0,0,1093.90,654.48,1175.15,799.87,6
15,player,259,0,0,1093.47,654.33,1174.72,799.72,6
15,player,260,0,0,1093.03,654.19,1174.28,799.58,6
15,player,261,0,0,1092.60,654.04,1173.85,799.43,6
15,player,262,0,0,1092.17,653.90,1173.41,799.29,6
15,player,263,0,0,1091.73,653.75,1172.98,799.14,6
15,player,264,0,0,1091.30,653.61,1172.54,799.00,6
15,player,265,0,0,1090.86,653.46,1172.11,798.85,6
15,player,266,0,0,1090.43,653.32,1171.67,798.71,6
15,player,267,0,0,1087.37,650.87,1168.62,796.27,6
15,player,268,0,0,1084.32,648.43,1165.56,793.82,6
15,player,269,0,0,1081.26,645.99,1162.51,791.38,6
15,player,270,0,0,1078.21,643.54,1159.46,788.93,6
15,player,271,0,0,1075.15,641.10,1156.40,786.49,6
15,player,272,0,0,1072.10,638.66,1153.35,784.05,6
15,player,273,0,0,1069.04,636.21,1150.29,781.60,6
15,player,274,0,0,1065.99,633.77,1147.24,779.16,6
15,player,275,0,0,1062.94,631.33,1144.18,776.72,6
15,player,276,0,0,1059.88,628.88,1141.13,774.27,6
15,player,277,0,0,1056.83,626.44,1138.07,771.83,6
15,player,278,0,0,1053.77,624.00,1135.02,769.39,6
15,player,279,0,0,1050.72,621.55,1131.97,766.94,6
15,player,280,0,0,1047.66,619.11,1128.91,764.50,6
15,player,281,0,0,1044.61,616.67,1125.86,762.06,6
15,player,282,0,0,1041.56,614.22,1122.80,759.61,6
15,player,283,0,0,1038.50,611.78,1119.75,757.17,6
15,player,284,0,0,1035.45,609.33,1116.69,754.73,6
15,player,285,0,0,1032.39,606.89,1113.64,752.28,6
15,player,286,0,0,1029.34,604.45,1110.58,749.84,6
15,player,287,0,0,1026.28,602.00,1107.53,747.39,6
15,player,288,0,0,1023.23,599.56,1104.48,744.95,6
15,player,289,0,0,1020.17,597.12,1101.42,742.51,6
15,player,290,0,0,1017.12,594.67,1098.37,740.06,6
15,player,291,0,0,1014.07,592.23,1095.31,737.62,6
15,player,292,0,0,1011.01,589.79,1092.26,735.18,6
15,player,293,0,0,1007.96,587.34,1089.20,732.73,6
15,player,294,0,0,1004.90,584.90,1086.15,730.29,6
15,player,295,0,0,994.21,583.75,1075.46,729.14,6
15,player,296,0,0,983.52,582.61,1064.77,728.00,6
15,player,297,0,0,972.83,581.46,1054.08,726.85,6
15,player,298,0,0,962.14,580.32,1043.39,725.71,6
15,player,299,0,0,951.45,579.17,1032.70,724.56,6
15,player,300,0,0,940.76,578.03,1022.01,723.42,6
15,player,301,0,0,930.07,576.88,1011.32,722.27,6
15,player,302,0,0,919.38,575.74,1000.63,721.13,6
15,player,303,0,0,908.69,574.59,989.94,719.98,6
15,player,304,0,0,898.00,573.45,979.25,718.84,6
15,player,305,0,0,887.31,572.30,968.55,717.69,6
15,player,306,0,0,876.62,571.15,957.86,716.55,6
15,player,307,0,0,865.93,570.01,947.17,715.40,6
15,player,308,0,0,855.24,568.86,936.48,714.25,6
15,player,309,0,0,844.55,567.72,925.79,713.11,6
15,player,310,0,0,833.86,566.57,915.10,711.96,6
15,player,311,0,0,823.17,565.43,904.41,710.82,6
15,player,312,0,0,812.47,564.28,893.72,709.67,6
15,player,313,0,0,801.78,563.14,883.03,708.53,6
15,player,314,0,0,791.09,561.99,872.34,707.38,6
15,player,315,0,0,780.40,560.85,861.65,706.24,6
15,player,316,0,0,769.71,559.70,850.96,705.09,6
15,player,317,0,0,759.02,558.56,840.27,703.95,6
15,player,318,0,0,748.33,557.41,829.58,702.80,6
15,player,319,0,0,737.64,556.26,818.89,701.65,6
15,player,320,0,0,726.95,555.12,808.20,700.51,6
15,player,321,0,0,716.26,553.97,797.51,699.36,6
15,player,322,0,0,705.57,552.83,786.82,698.22,6
15,player,323,0,0,704.70,551.22,785.95,696.62,6
15,player,324,0,0,703.83,549.62,785.08,695.01,6
15,player,325,0,0,702.96,548.02,784.21,693.41,6
15,player,326,0,0,702.10,546.41,783.34,691.80,6
15,player,327,0,0,701.23,544.81,782.47,690.20,6
15,player,328,0,0,700.36,543.21,781.61,688.60,6
15,player,329,0,0,699.49,541.60,780.74,686.99,6
15,player,330,0,0,698.62,540.00,779.87,685.39,6
15,player,331,0,0,697.75,538.40,779.00,683.79,6
15,player,332,0,0,696.88,536.79,778.13,682.18,6
15,player,333,0,0,696.02,535.19,777.26,680.58,6
15,player,334,0,0,695.15,533.59,776.39,678.98,6
15,player,335,0,0,694.28,531.98,775.53,677.37,6
15,player,336,0,0,693.41,530.38,774.66,675.77,6
15,player,337,0,0,692.54,528.77,773.79,674.17,6
15,player,338,0,0,691.67,527.17,772.92,672.56,6
15,player,339,0,0,690.80,525.57,772.05,670.96,6
15,player,340,0,0,689.94,523.96,771.18,669.35,6
15,player,341,0,0,689.07,522.36,770.31,667.75,6
15,player,342,0,0,688.20,520.76,769.45,666.15,6
15,player,343,0,0,687.33,519.15,768.58,664.54,6
15,player,344,0,0,686.46,517.55,767.71,662.94,6
15,player,345,0,0,685.59,515.95,766.84,661.34,6
15,player,346,0,0,684.72,514.34,765.97,659.73,6
15,player,347,0,0,683.86,512.74,765.10,658.13,6
15,player,348,0,0,682.99,511.14,764.23,656.53,6
15,player,349,0,0,682.12,509.53,763.37,654.92,6
15,player,350,0,0,681.25,507.93,762.50,653.32,6
15,player,351,0,0,680.38,506.33,761.63,651.72,6
15,player,352,0,0,679.51,504.72,760.76,650.11,6
15,player,353,0,0,678.64,503.12,759.89,648.51,6
15,player,354,0,0,677.78,501.51,759.02,646.91,6
15,player,355,0,0,683.48,501.51,764.72,646.91,6
15,player,356,0,0,689.18,501.51,770.43,646.91,6
15,player,357,0,0,694.88,501.51,776.13,646.91,6
15,player,358,0,0,701.63,500.95,782.88,646.34,6
15,player,359,0,0,708.38,500.39,789.63,645.78,6
15,player,360,0,0,715.14,499.83,796.38,645.22,6
15,player,361,0,0,721.89,499.26,803.13,644.65,6
15,player,362,0,0,728.64,498.70,809.89,644.09,6
15,player,363,0,0,735.39,498.14,816.64,643.53,6
15,player,364,0,0,742.14,497.58,823.39,642.97,6
15,player,365,0,0,748.89,497.01,830.14,642.40,6
15,player,366,0,0,755.65,496.45,836.89,641.84,6
15,player,367,0,0,762.40,495.89,843.65,641.28,6
15,player,368,0,0,769.15,495.33,850.40,640.72,6
15,player,369,0,0,775.90,494.76,857.15,640.15,6
15,player,370,0,0,782.65,494.20,863.90,639.59,6
15,player,371,0,0,789.41,493.64,870.65,639.03,6
15,player,372,0,0,796.16,493.07,877.40,638.47,6
15,player,373,0,0,802.91,492.51,884.16,637.90,6
15,player,374,0,0,809.66,491.95,890.91,637.34,6
15,player,375,0,0,816.41,491.39,897.66,636.78,6
15,player,376,0,0,823.17,490.82,904.41,636.21,6
15,player,377,0,0,826.37,490.82,907.62,636.21,6
15,player,378,0,0,829.58,490.82,910.83,636.21,6
15,player,379,0,0,832.79,490.82,914.03,636.21,6
15,player,380,0,0,835.99,490.82,917.24,636.21,6
15,player,381,0,0,839.20,490.82,920.45,636.21,6
15,player,382,0,0,842.41,490.82,923.66,636.21,6
15,player,383,0,0,845.62,490.82,926.86,636.21,6
15,player,384,0,0,848.82,490.82,930.07,636.21,6
15,player,385,0,0,855.01,489.50,935.67,634.30,6
15,player,386,0,0,861.21,488.17,941.28,632.38,6
15,player,387,0,0,867.40,486.84,946.88,630.46,6
15,player,388,0,0,873.59,485.51,952.48,628.55,6
15,player,389,0,0,879.78,484.18,958.09,626.63,6
15,player,390,0,0,885.98,482.85,963.69,624.71,6
15,player,391,0,0,892.17,481.53,969.29,622.80,6
15,player,392,0,0,898.36,480.20,974.90,620.88,6
15,player,393,0,0,904.55,478.87,980.50,618.96,6
15,player,394,0,0,910.75,477.54,986.10,617.05,6
15,player,395,0,0,916.94,476.21,991.71,615.13,6
15,player,396,0,0,923.13,474.88,997.31,613.21,6
15,player,397,0,0,929.32,473.55,1002.91,611.29,6
15,player,398,0,0,935.51,472.23,1008.52,609.38,6
15,player,399,0,0,941.71,470.90,1014.12,607.46,6
15,player,400,0,0,947.90,469.57,1019.72,605.54,6
15,player,401,0,0,954.09,468.24,1025.33,603.63,6
15,player,402,0,0,960.28,466.91,1030.93,601.71,6
15,player,403,0,0,966.48,465.58,1036.53,599.79,6
15,player,404,0,0,972.67,464.26,1042.13,597.88,6
15,player,405,0,0,978.86,462.93,1047.74,595.96,6
15,player,406,0,0,985.05,461.60,1053.34,594.04,6
15,player,407,0,0,991.25,460.27,1058.94,592.13,6
15,player,408,0,0,997.44,458.94,1064.55,590.21,6
15,player,409,0,0,1003.63,457.61,1070.15,588.29,6
15,player,410,0,0,1009.82,456.29,1075.75,586.37,6
15,player,411,0,0,1016.02,454.96,1081.36,584.46,6
15,player,412,0,0,1022.21,453.63,1086.96,582.54,6
15,player,413,0,0,1028.40,452.30,1092.56,580.62,6
15,player,414,0,0,1029.83,452.66,1093.99,580.98,6
15,player,415,0,0,1031.25,453.01,1095.42,581.34,6
15,player,416,0,0,1032.68,453.37,1096.84,581.69,6
15,player,417,0,0,1034.10,453.73,1098.27,582.05,6
15,player,418,0,0,1035.53,454.08,1099.69,582.41,6
15,player,419,0,0,1036.95,454.44,1101.12,582.76,6
15,player,420,0,0,1038.38,454.79,1102.54,583.12,6
15,player,421,0,0,1039.80,455.15,1103.97,583.47,6
15,player,422,0,0,1041.23,455.51,1105.39,583.83,6
15,player,423,0,0,1042.65,455.86,1106.82,584.19,6
15,player,424,0,0,1044.08,456.22,1108.24,584.54,6
15,player,425,0,0,1045.50,456.58,1109.67,584.90,6
15,player,426,0,0,1045.20,456.71,1109.36,585.03,6
15,player,427,0,0,1044.89,456.84,1109.06,585.16,6
15,player,428,0,0,1044.59,456.97,1108.75,585.29,6
15,player,429,0,0,1044.28,457.10,1108.45,585.42,6
15,player,430,0,0,1043.98,457.23,1108.14,585.56,6
15,player,431,0,0,1043.67,457.36,1107.84,585.69,6
15,player,432,0,0,1043.37,457.49,1107.53,585.82,6
15,player,433,0,0,1043.06,457.63,1107.23,585.95,6
15,player,434,0,0,1042.76,457.76,1106.92,586.08,6
15,player,435,0,0,1042.45,457.89,1106.62,586.21,6
15,player,436,0,0,1042.15,458.02,1106.31,586.34,6
15,player,437,0,0,1041.84,458.15,1106.00,586.47,6
15,player,438,0,0,1041.53,458.28,1105.70,586.60,6
15,player,439,0,0,1041.23,458.41,1105.39,586.74,6
15,player,440,0,0,1040.92,458.54,1105.09,586.87,6
15,player,441,0,0,1040.62,458.67,1104.78,587.00,6
15,player,442,0,0,1040.31,458.81,1104.48,587.13,6
15,player,443,0,0,1040.01,458.94,1104.17,587.26,6
15,player,444,0,0,1039.70,459.07,1103.87,587.39,6
15,player,445,0,0,1039.40,459.20,1103.56,587.52,6
15,player,446,0,0,1039.09,459.33,1103.26,587.65,6
15,player,447,0,0,1038.79,459.46,1102.95,587.78,6
15,player,448,0,0,1038.48,459.59,1102.64,587.92,6
15,player,449,0,0,1030.92,459.57,1095.08,587.89,6
15,player,450,0,0,1023.36,459.54,1087.52,587.86,6
15,player,451,0,0,1015.79,459.51,1079.96,587.84,6
15,player,452,0,0,1008.23,459.49,1072.40,587.81,6
15,player,453,0,0,1000.67,459.46,1064.83,587.78,6
15,player,454,0,0,993.11,459.43,1057.27,587.76,6
15,player,455,0,0,985.55,459.41,1049.71,587.73,6
15,player,456,0,0,977.98,459.38,1042.15,587.70,6
15,player,457,0,0,970.42,459.35,1034.59,587.68,6
15,player,458,0,0,962.86,459.33,1027.02,587.65,6
15,player,459,0,0,955.30,459.30,1019.46,587.62,6
15,player,460,0,0,947.74,459.27,1011.90,587.60,6
15,player,461,0,0,940.17,459.25,1004.34,587.57,6
15,player,462,0,0,932.61,459.22,996.78,587.54,6
15,player,463,0,0,925.05,459.19,989.21,587.52,6
15,player,464,0,0,917.49,459.17,981.65,587.49,6
15,player,465,0,0,909.93,459.14,974.09,587.46,6
15,player,466,0,0,902.36,459.11,966.53,587.44,6
15,player,467,0,0,894.80,459.09,958.97,587.41,6
15,player,468,0,0,887.24,459.06,951.40,587.38,6
15,player,469,0,0,879.68,459.03,943.84,587.36,6
15,player,470,0,0,872.12,459.01,936.28,587.33,6
15,player,471,0,0,864.55,458.98,928.72,587.30,6
15,player,472,0,0,856.99,458.95,921.16,587.28,6
15,player,473,0,0,849.43,458.93,913.59,587.25,6
15,player,474,0,0,841.87,458.90,906.03,587.22,6
15,player,475,0,0,834.31,458.87,898.47,587.20,6
15,player,476,0,0,826.74,458.85,890.91,587.17,6
15,player,477,0,0,819.18,458.82,883.35,587.15,6
15,player,478,0,0,811.62,458.79,875.79,587.12,6
15,player,479,0,0,804.06,458.77,868.22,587.09,6
15,player,480,0,0,796.50,458.74,860.66,587.07,6
15,player,481,0,0,788.93,458.71,853.10,587.04,6
15,player,482,0,0,781.24,458.71,845.40,587.04,6
15,player,483,0,0,773.54,458.71,837.70,587.04,6
15,player,484,0,0,765.84,458.71,830.01,587.04,6
15,player,485,0,0,758.15,458.71,822.31,587.04,6
15,player,486,0,0,750.45,458.71,814.61,587.04,6
15,player,487,0,0,747.06,459.14,811.22,587.47,6
15,player,488,0,0,743.66,459.57,807.83,587.89,6
15,player,489,0,0,740.27,460.00,804.44,588.32,6
15,player,490,0,0,736.88,460.43,801.04,588.75,6
15,player,491,0,0,733.49,460.85,797.65,589.18,6
15,player,492,0,0,730.09,461.28,794.26,589.60,6
15,player,493,0,0,726.70,461.71,790.87,590.03,6
15,player,494,0,0,723.31,462.14,787.47,590.46,6
15,player,495,0,0,719.92,462.56,784.08,590.89,6
15,player,496,0,0,716.52,462.99,780.69,591.32,6
15,player,497,0,0,713.13,463.42,777.30,591.74,6
15,player,498,0,0,709.74,463.85,773.90,592.17,6
15,player,499,0,0,706.35,464.27,770.51,592.60,6
15,player,500,0,0,702.96,464.70,767.12,593.03,6
15,player,501,0,0,699.56,465.13,763.73,593.45,6
15,player,502,0,0,696.17,465.56,760.33,593.88,6
15,player,503,0,0,692.78,465.98,756.94,594.31,6
15,player,504,0,0,689.39,466.41,753.55,594.74,6
15,player,505,0,0,685.99,466.84,750.16,595.16,6
15,player,506,0,0,682.60,467.27,746.76,595.59,6
15,player,507,0,0,679.21,467.69,743.37,596.02,6
15,player,508,0,0,675.82,468.12,739.98,596.45,6
15,player,509,0,0,672.42,468.55,736.59,596.87,6
15,player,510,0,0,669.03,468.98,733.20,597.30,6
15,player,511,0,0,665.64,469.41,729.80,597.73,6
15,player,512,0,0,662.25,469.83,726.41,598.16,6
15,player,513,0,0,658.85,470.26,723.02,598.58,6
15,player,514,0,0,655.46,470.69,719.63,599.01,6
15,player,515,0,0,652.07,471.12,716.23,599.44,6
15,player,516,0,0,648.68,471.54,712.84,599.87,6
15,player,517,0,0,645.28,471.97,709.45,600.29,6
15,player,518,0,0,641.89,472.40,706.06,600.72,6
15,player,519,0,0,638.50,472.83,702.66,601.15,6
15,player,520,0,0,635.11,473.25,699.27,601.58,6
15,player,521,0,0,631.71,473.68,695.88,602.01,6
15,player,522,0,0,628.32,474.11,692.49,602.43,6
15,player,523,0,0,624.93,474.54,689.09,602.86,6
15,player,524,0,0,621.54,474.96,685.70,603.29,6
15,player,525,0,0,618.14,475.39,682.31,603.72,6
15,player,526,0,0,614.75,475.82,678.92,604.14,6
15,player,527,0,0,611.36,476.25,675.52,604.57,6
15,player,528,0,0,607.97,476.67,672.13,605.00,6
15,player,529,0,0,604.57,477.10,668.74,605.43,6
15,player,530,0,0,601.18,477.53,665.35,605.85,6
15,player,531,0,0,597.79,477.96,661.95,606.28,6
15,player,532,0,0,594.40,478.39,658.56,606.71,6
15,player,533,0,0,591.00,478.81,655.17,607.14,6
15,player,534,0,0,587.61,479.24,651.78,607.56,6
15,player,535,0,0,584.22,479.67,648.38,607.99,6
15,player,536,0,0,580.83,480.10,644.99,608.42,6
15,player,537,0,0,577.44,480.52,641.60,608.85,6
15,player,538,0,0,574.04,480.95,638.21,609.27,6
15,player,539,0,0,570.65,481.38,634.81,609.70,6
15,player,540,0,0,567.26,481.81,631.42,610.13,6
15,player,541,0,0,563.87,482.23,628.03,610.56,6
15,player,542,0,0,560.47,482.66,624.64,610.99,6
15,player,543,0,0,557.08,483.09,621.24,611.41,6
15,player,544,0,0,553.69,483.52,617.85,611.84,6
15,player,545,0,0,550.30,483.94,614.46,612.27,6
15,player,546,0,0,546.90,484.37,611.07,612.70,6
15,player,547,0,0,543.51,484.80,607.68,613.12,6
15,player,548,0,0,540.12,485.23,604.28,613.55,6
15,player,549,0,0,536.73,485.65,600.89,613.98,6
15,player,550,0,0,533.33,486.08,597.50,614.41,6
15,player,551,0,0,529.94,486.51,594.11,614.83,6
15,player,552,0,0,526.55,486.94,590.71,615.26,6
15,player,553,0,0,523.16,487.37,587.32,615.69,6
15,player,554,0,0,519.76,487.79,583.93,616.12,6
15,player,555,0,0,516.37,488.22,580.54,616.54,6
15,player,556,0,0,512.98,488.65,577.14,616.97,6
15,player,557,0,0,509.59,489.08,573.75,617.40,6
15,player,558,0,0,506.19,489.50,570.36,617.83,6
15,player,559,0,0,502.80,489.93,566.97,618.25,6
15,player,560,0,0,499.41,490.36,563.57,618.68,6
15,player,561,0,0,496.02,490.79,560.18,619.11,6
15,player,562,0,0,499.90,492.34,564.07,620.67,6
15,player,563,0,0,503.79,493.90,567.96,622.22,6
15,player,564,0,0,507.68,495.45,571.84,623.78,6
15,player,565,0,0,511.57,497.01,575.73,625.33,6
15,player,566,0,0,515.45,498.56,579.62,626.88,6
15,player,567,0,0,519.34,500.12,583.51,628.44,6
15,player,568,0,0,523.23,501.67,587.39,629.99,6
15,player,569,0,0,527.12,503.23,591.28,631.55,6
15,player,570,0,0,531.00,504.78,595.17,633.10,6
15,player,571,0,0,534.89,506.34,599.06,634.66,6
15,player,572,0,0,538.78,507.89,602.94,636.21,6
15,player,573,0,0,543.77,509.32,607.93,637.64,6
15,player,574,0,0,548.76,510.74,612.92,639.07,6
15,player,575,0,0,553.75,512.17,617.91,640.49,6
15,player,576,0,0,557.49,512.88,621.65,641.20,6
15,player,577,0,0,561.23,513.59,625.39,641.92,6
15,player,578,0,0,564.97,514.31,629.13,642.63,6
15,player,579,0,0,568.71,515.02,632.88,643.34,6
15,player,580,0,0,572.45,515.73,636.62,644.05,6
15,player,581,0,0,576.19,516.44,640.36,644.77,6
15,player,582,0,0,579.94,517.16,644.10,645.48,6
15,player,583,0,0,583.68,517.87,647.84,646.19,6
15,player,584,0,0,587.42,518.58,651.58,646.91,6
15,player,585,0,0,591.16,519.29,655.33,647.62,6
15,player,586,0,0,594.90,520.01,659.07,648.33,6
15,player,587,0,0,598.64,520.72,662.81,649.04,6
15,player,588,0,0,602.39,521.43,666.55,649.76,6
15,player,589,0,0,606.13,522.15,670.29,650.47,6
15,player,590,0,0,609.87,522.86,674.03,651.18,6
15,player,591,0,0,613.61,523.57,677.78,651.89,6
15,player,592,0,0,617.35,524.28,681.52,652.61,6
15,player,593,0,0,621.09,525.00,685.26,653.32,6
15,player,594,0,0,624.84,525.71,689.00,654.03,6
15,player,595,0,0,628.58,526.42,692.74,654.75,6
15,player,596,0,0,632.32,527.13,696.48,655.46,6
15,player,597,0,0,636.06,527.85,700.23,656.17,6
15,player,598,0,0,639.80,528.56,703.97,656.88,6
15,player,599,0,0,643.54,529.27,707.71,657.60,6
15,player,600,0,0,646.90,529.27,711.07,657.60,6
15,player,601,0,0,650.26,529.27,714.43,657.60,6
15,player,602,0,0,653.62,529.27,717.79,657.60,6
15,player,603,0,0,656.98,529.27,721.15,657.60,6
15,player,604,0,0,660.34,529.27,724.51,657.60,6
15,player,605,0,0,663.70,529.27,727.87,657.60,6
15,player,606,0,0,667.06,529.27,731.23,657.60,6
15,player,607,0,0,663.71,529.27,730.62,658.81,6
15,player,608,0,0,660.36,529.27,730.01,660.03,6
15,player,609,0,0,657.01,529.27,729.39,661.24,6
15,player,610,0,0,653.66,529.27,728.78,662.46,6
15,player,611,0,0,650.30,529.27,728.17,663.67,6
15,player,612,0,0,646.95,529.27,727.56,664.89,6
15,player,613,0,0,643.60,529.27,726.95,666.10,6
15,player,614,0,0,642.53,528.74,725.88,665.57,6
15,player,615,0,0,641.46,528.20,724.81,665.03,6
15,player,616,0,0,640.39,527.67,723.74,664.50,6
15,player,617,0,0,639.32,527.13,722.67,663.96,6
15,player,618,0,0,633.98,527.13,717.33,663.96,6
15,player,619,0,0,628.63,527.13,711.98,663.96,6
15,player,620,0,0,623.29,527.13,706.64,663.96,6
15,player,621,0,0,617.94,527.13,701.29,663.96,6
15,player,622,0,0,611.83,527.44,695.18,664.27,6
15,player,623,0,0,605.73,527.75,689.08,664.57,6
15,player,624,0,0,599.62,528.05,682.97,664.88,6
15,player,625,0,0,593.51,528.36,676.86,665.18,6
15,player,626,0,0,587.40,528.66,670.75,665.49,6
15,player,627,0,0,581.29,528.97,664.64,665.79,6
15,player,628,0,0,575.18,529.27,658.53,666.10,6
15,player,629,0,0,569.77,530.15,653.12,666.98,6
15,player,630,0,0,564.37,531.03,647.72,667.86,6
15,player,631,0,0,558.96,531.91,642.31,668.74,6
15,player,632,0,0,553.55,532.79,636.90,669.62,6
15,player,633,0,0,548.14,533.67,631.49,670.50,6
15,player,634,0,0,542.73,534.55,626.08,671.38,6
15,player,635,0,0,537.33,535.44,620.68,672.26,6
15,player,636,0,0,531.92,536.32,615.27,673.14,6
15,player,637,0,0,526.51,537.20,609.86,674.02,6
15,player,638,0,0,521.10,538.08,604.45,674.90,6
15,player,639,0,0,515.69,538.96,599.04,675.78,6
15,player,640,0,0,510.28,539.84,593.63,676.66,6
15,player,641,0,0,504.88,540.72,588.23,677.55,6
15,player,642,0,0,499.47,541.60,582.82,678.43,6
15,player,643,0,0,494.06,542.48,577.41,679.31,6
15,player,644,0,0,488.65,543.36,572.00,680.19,6
15,player,645,0,0,483.24,544.24,566.59,681.07,6
15,player,646,0,0,485.45,541.52,568.80,678.35,6
15,player,647,0,0,487.65,538.80,571.00,675.62,6
15,player,648,0,0,489.85,536.08,573.20,672.90,6
15,player,649,0,0,492.06,533.35,575.41,670.18,6
15,player,650,0,0,494.26,530.63,577.61,667.46,6
15,player,651,0,0,496.46,527.91,579.81,664.74,6
15,player,652,0,0,498.66,525.19,582.01,662.02,6
15,player,653,0,0,500.87,522.47,584.22,659.30,6
15,player,654,0,0,503.07,519.75,586.42,656.58,6
15,player,655,0,0,505.27,517.03,588.62,653.85,6
15,player,656,0,0,507.48,514.31,590.83,651.13,6
15,player,657,0,0,509.68,511.58,593.03,648.41,6
15,player,658,0,0,511.88,508.86,595.23,645.69,6
15,player,659,0,0,514.08,506.14,597.43,642.97,6
15,player,660,0,0,516.29,503.42,599.64,640.25,6
15,player,661,0,0,518.49,500.70,601.84,637.53,6
15,player,662,0,0,520.69,497.98,604.04,634.81,6
15,player,663,0,0,522.90,495.26,606.25,632.09,6
15,player,664,0,0,525.10,492.54,608.45,629.36,6
15,player,665,0,0,527.30,489.82,610.65,626.64,6
15,player,666,0,0,529.50,487.09,612.85,623.92,6
15,player,667,0,0,531.71,484.37,615.06,621.20,6
15,player,668,0,0,533.91,481.65,617.26,618.48,6
15,player,669,0,0,536.11,478.93,619.46,615.76,6
15,player,670,0,0,538.32,476.21,621.67,613.04,6
15,player,671,0,0,540.52,473.49,623.87,610.32,6
15,player,672,0,0,542.72,470.77,626.07,607.59,6
15,player,673,0,0,544.92,468.05,628.27,604.87,6
15,player,674,0,0,547.13,465.32,630.48,602.15,6
15,player,675,0,0,549.33,462.60,632.68,599.43,6
15,player,676,0,0,551.53,459.88,634.88,596.71,6
15,player,677,0,0,553.74,457.16,637.09,593.99,6
15,player,678,0,0,555.94,454.44,639.29,591.27,6
15,player,679,0,0,567.91,451.02,651.26,587.85,6
15,player,680,0,0,579.88,447.60,663.24,584.43,6
15,player,681,0,0,591.86,444.18,675.21,581.00,6
15,player,682,0,0,603.83,440.76,687.18,577.58,6
15,player,683,0,0,615.80,437.33,699.16,574.16,6
15,player,684,0,0,626.36,435.20,709.71,572.02,6
15,player,685,0,0,636.92,433.06,720.27,569.89,6
15,player,686,0,0,647.48,430.92,730.83,567.75,6
15,player,687,0,0,658.03,428.78,741.38,565.61,6
15,player,688,0,0,668.59,426.64,751.94,563.47,6
15,player,689,0,0,679.15,424.51,762.50,561.33,6
15,player,690,0,0,689.70,422.37,773.05,559.20,6
15,player,691,0,0,700.26,420.23,783.61,557.06,6
15,player,692,0,0,710.82,418.09,794.17,554.92,6
15,player,693,0,0,721.37,415.95,804.72,552.78,6
15,player,694,0,0,731.93,413.82,815.28,550.64,6
15,player,695,0,0,742.49,411.68,825.84,548.51,6
15,player,696,0,0,753.04,409.54,836.39,546.37,6
15,player,697,0,0,763.60,407.40,846.95,544.23,6
15,player,698,0,0,774.16,405.26,857.51,542.09,6
15,player,699,0,0,784.71,403.13,868.06,539.95,6
15,player,700,0,0,794.34,401.88,877.69,538.71,6
15,player,701,0,0,803.96,400.63,887.31,537.46,6
15,player,702,0,0,813.58,399.38,896.93,536.21,6
15,player,703,0,0,823.20,398.14,906.55,534.96,6
15,player,704,0,0,832.82,396.89,916.17,533.72,6
15,player,705,0,0,842.44,395.64,925.79,532.47,6
15,player,706,0,0,852.06,394.40,935.41,531.22,6
15,player,707,0,0,861.69,393.15,945.04,529.98,6
15,player,708,0,0,871.31,391.90,954.66,528.73,6
15,player,709,0,0,880.93,390.65,964.28,527.48,6
15,player,710,0,0,890.55,389.41,973.90,526.23,6
15,player,711,0,0,900.17,388.16,983.52,524.99,6
15,player,712,0,0,902.73,387.36,986.08,524.19,6
15,player,713,0,0,905.29,386.56,988.64,523.38,6
15,player,714,0,0,907.85,385.75,991.20,522.58,6
15,player,715,0,0,910.40,384.95,993.75,521.78,6
15,player,716,0,0,912.96,384.15,996.31,520.98,6
15,player,717,0,0,915.52,383.35,998.87,520.18,6
15,player,718,0,0,918.08,382.55,1001.43,519.38,6
15,player,719,0,0,920.64,381.75,1003.99,518.57,6
15,player,720,0,0,923.19,380.94,1006.54,517.77,6
15,player,721,0,0,925.75,380.14,1009.10,516.97,6
15,player,722,0,0,928.31,379.34,1011.66,516.17,6
15,player,723,0,0,930.87,378.54,1014.22,515.37,6
15,player,724,0,0,933.43,377.74,1016.78,514.56,6
15,player,725,0,0,935.98,376.94,1019.33,513.76,6
15,player,726,0,0,938.54,376.13,1021.89,512.96,6
15,player,727,0,0,941.10,375.33,1024.45,512.16,6
15,player,728,0,0,943.66,374.53,1027.01,511.36,6
15,player,729,0,0,946.22,373.73,1029.57,510.56,6
15,player,730,0,0,948.77,372.93,1032.12,509.75,6
15,player,731,0,0,951.33,372.12,1034.68,508.95,6
15,player,732,0,0,953.89,371.32,1037.24,508.15,6
15,player,733,0,0,956.45,370.52,1039.80,507.35,6
15,player,734,0,0,959.01,369.72,1042.36,506.55,6
15,player,735,0,0,961.56,368.92,1044.91,505.74,6
15,player,736,0,0,964.12,368.12,1047.47,504.94,6
15,player,737,0,0,966.68,367.31,1050.03,504.14,6
15,player,738,0,0,969.24,366.51,1052.59,503.34,6
15,player,739,0,0,971.80,365.71,1055.15,502.54,6
15,player,740,0,0,974.35,364.91,1057.71,501.74,6
15,player,741,0,0,976.91,364.11,1060.26,500.93,6
15,player,742,0,0,979.47,363.30,1062.82,500.13,6
15,player,743,0,0,982.03,362.50,1065.38,499.33,6
15,player,744,0,0,984.59,361.70,1067.94,498.53,6
15,player,745,0,0,987.15,360.90,1070.50,497.73,6
15,player,746,0,0,989.70,360.10,1073.05,496.92,6
15,player,747,0,0,992.26,359.30,1075.61,496.12,6
15,player,748,0,0,994.82,358.49,1078.17,495.32,6
15,player,749,0,0,997.38,357.69,1080.73,494.52,6
15,player,750,0,0,999.94,356.89,1083.29,493.72,6
15,player,751,0,0,1002.49,356.09,1085.84,492.92,6
15,player,752,0,0,1005.05,355.29,1088.40,492.11,6
15,player,753,0,0,1007.61,354.48,1090.96,491.31,6
15,player,754,0,0,1010.17,353.68,1093.52,490.51,6
15,player,755,0,0,1012.73,352.88,1096.08,489.71,6
15,player,756,0,0,1015.28,352.08,1098.63,488.91,6
15,player,757,0,0,1017.84,351.28,1101.19,488.11,6
15,player,758,0,0,1020.40,350.48,1103.75,487.30,6
15,player,759,0,0,1022.96,349.67,1106.31,486.50,6
15,player,760,0,0,1025.52,348.87,1108.87,485.70,6
15,player,761,0,0,1028.07,348.07,1111.42,484.90,6
15,player,762,0,0,1030.63,347.27,1113.98,484.10,6
15,player,763,0,0,1033.19,346.47,1116.54,483.29,6
15,player,764,0,0,1035.75,345.67,1119.10,482.49,6
15,player,765,0,0,1038.31,344.86,1121.66,481.69,6
15,player,766,0,0,1040.86,344.06,1124.22,480.89,6
15,player,767,0,0,1043.42,343.26,1126.77,480.09,6
15,player,768,0,0,1041.92,343.62,1125.27,480.45,6
15,player,769,0,0,1040.42,343.99,1123.77,480.82,6
15,player,770,0,0,1038.92,344.35,1122.27,481.18,6
15,player,771,0,0,1037.42,344.72,1120.77,481.54,6
15,player,772,0,0,1035.92,345.08,1119.27,481.91,6
15,player,773,0,0,1034.42,345.44,1117.77,482.27,6
15,player,774,0,0,1032.91,345.81,1116.26,482.63,6
15,player,775,0,0,1031.41,346.17,1114.76,483.00,6
15,player,776,0,0,1029.91,346.54,1113.26,483.36,6
15,player,777,0,0,1028.41,346.90,1111.76,483.73,6
15,player,778,0,0,1026.91,347.26,1110.26,484.09,6
15,player,779,0,0,1025.41,347.63,1108.76,484.45,6
15,player,780,0,0,1023.91,347.99,1107.26,484.82,6
15,player,781,0,0,1022.41,348.36,1105.76,485.18,6
15,player,782,0,0,1020.90,348.72,1104.26,485.55,6
15,player,783,0,0,1019.40,349.08,1102.75,485.91,6
15,player,784,0,0,1017.90,349.45,1101.25,486.27,6
15,player,785,0,0,1016.40,349.81,1099.75,486.64,6
15,player,786,0,0,1014.90,350.17,1098.25,487.00,6
15,player,787,0,0,1013.40,350.54,1096.75,487.37,6
15,player,788,0,0,1011.90,350.90,1095.25,487.73,6
15,player,789,0,0,1010.40,351.27,1093.75,488.09,6
15,player,790,0,0,1008.90,351.63,1092.25,488.46,6
15,player,791,0,0,1007.39,351.99,1090.74,488.82,6
15,player,792,0,0,1005.89,352.36,1089.24,489.19,6
15,player,793,0,0,1004.39,352.72,1087.74,489.55,6
15,player,794,0,0,1002.89,353.09,1086.24,489.91,6
15,player,795,0,0,1001.39,353.45,1084.74,490.28,6
15,player,796,0,0,999.89,353.81,1083.24,490.64,6
15,player,797,0,0,998.39,354.18,1081.74,491.01,6
15,player,798,0,0,996.89,354.54,1080.24,491.37,6
15,player,799,0,0,995.38,354.91,1078.73,491.73,6
15,player,800,0,0,993.88,355.27,1077.23,492.10,6
15,player,801,0,0,992.38,355.63,1075.73,492.46,6
15,player,802,0,0,990.88,356.00,1074.23,492.83,6
15,player,803,0,0,989.38,356.36,1072.73,493.19,6
15,player,804,0,0,987.88,356.73,1071.23,493.55,6
15,player,805,0,0,986.38,357.09,1069.73,493.92,6
15,player,806,0,0,984.88,357.45,1068.23,494.28,6
15,player,807,0,0,983.37,357.82,1066.73,494.65,6
15,player,808,0,0,981.87,358.18,1065.22,495.01,6
15,player,809,0,0,980.37,358.55,1063.72,495.37,6
15,player,810,0,0,978.87,358.91,1062.22,495.74,6
15,player,811,0,0,977.37,359.27,1060.72,496.10,6
15,player,812,0,0,975.87,359.64,1059.22,496.46,6
15,player,813,0,0,974.37,360.00,1057.72,496.83,6
15,player,814,0,0,972.87,360.37,1056.22,497.19,6
15,player,815,0,0,972.87,362.33,1056.22,499.15,6
15,player,816,0,0,972.87,364.29,1056.22,501.11,6
15,player,817,0,0,972.87,366.24,1056.22,503.07,6
15,player,818,0,0,972.87,368.20,1056.22,505.03,6
15,player,819,0,0,972.87,370.16,1056.22,506.99,6
15,player,820,0,0,972.87,372.12,1056.22,508.95,6
15,player,821,0,0,972.87,374.08,1056.22,510.91,6
15,player,822,0,0,972.87,376.04,1056.22,512.87,6
15,player,823,0,0,972.87,378.00,1056.22,514.83,6
15,player,824,0,0,972.87,379.96,1056.22,516.79,6
15,player,825,0,0,972.87,381.92,1056.22,518.75,6
15,player,826,0,0,972.87,383.88,1056.22,520.71,6
15,player,827,0,0,972.87,385.84,1056.22,522.67,6
15,player,828,0,0,972.87,387.80,1056.22,524.63,6
15,player,829,0,0,972.87,389.76,1056.22,526.59,6
15,player,830,0,0,972.87,391.72,1056.22,528.55,6
15,player,831,0,0,972.87,393.68,1056.22,530.51,6
15,player,832,0,0,972.87,395.64,1056.22,532.47,6
15,player,833,0,0,972.87,397.60,1056.22,534.43,6
15,player,834,0,0,972.87,399.56,1056.22,536.39,6
15,player,835,0,0,972.87,401.52,1056.22,538.35,6
15,player,836,0,0,972.87,403.48,1056.22,540.31,6
15,player,837,0,0,972.87,405.44,1056.22,542.27,6
15,player,838,0,0,972.87,407.40,1056.22,544.23,6
15,player,839,0,0,971.37,409.58,1054.72,546.40,6
15,player,840,0,0,969.87,411.75,1053.22,548.58,6
15,player,841,0,0,968.37,413.92,1051.72,550.75,6
15,player,842,0,0,966.87,416.10,1050.23,552.92,6
15,player,843,0,0,965.38,418.27,1048.73,555.10,6
15,player,844,0,0,963.88,420.44,1047.23,557.27,6
15,player,845,0,0,962.38,422.62,1045.73,559.45,6
15,player,846,0,0,960.88,424.79,1044.23,561.62,6
15,player,847,0,0,959.39,426.96,1042.74,563.79,6
15,player,848,0,0,957.89,429.14,1041.24,565.97,6
15,player,849,0,0,956.39,431.31,1039.74,568.14,6
15,player,850,0,0,954.89,433.48,1038.24,570.31,6
15,player,851,0,0,953.39,435.66,1036.74,572.49,6
15,player,852,0,0,957.05,437.40,1040.40,574.23,6
15,player,853,0,0,960.70,439.15,1044.05,575.97,6
15,player,854,0,0,964.35,440.89,1047.70,577.72,6
15,player,855,0,0,968.01,442.63,1051.36,579.46,6
15,player,856,0,0,971.66,444.38,1055.01,581.21,6
15,player,857,0,0,975.31,446.12,1058.66,582.95,6
15,player,858,0,0,978.97,447.87,1062.32,584.69,6
15,player,859,0,0,982.62,449.61,1065.97,586.44,6
15,player,860,0,0,986.27,451.36,1069.62,588.18,6
15,player,861,0,0,989.93,453.10,1073.28,589.93,6
15,player,862,0,0,993.58,454.84,1076.93,591.67,6
15,player,863,0,0,997.23,456.59,1080.58,593.41,6
15,player,864,0,0,1000.89,458.33,1084.24,595.16,6
15,player,865,0,0,1004.54,460.08,1087.89,596.90,6
15,player,866,0,0,1008.19,461.82,1091.54,598.65,6
15,player,867,0,0,1011.85,463.56,1095.20,600.39,6
15,player,868,0,0,1015.50,465.31,1098.85,602.14,6
15,player,869,0,0,1019.15,467.05,1102.50,603.88,6
15,player,870,0,0,1022.80,468.80,1106.16,605.62,6
15,player,871,0,0,1026.46,470.54,1109.81,607.37,6
15,player,872,0,0,1030.11,472.28,1113.46,609.11,6
15,player,873,0,0,1033.76,474.03,1117.11,610.86,6
15,player,874,0,0,1037.42,475.77,1120.77,612.60,6
15,player,875,0,0,1041.07,477.52,1124.42,614.34,6
15,player,876,0,0,1044.72,479.26,1128.07,616.09,6
15,player,877,0,0,1048.38,481.00,1131.73,617.83,6
15,player,878,0,0,1052.03,482.75,1135.38,619.58,6
15,player,879,0,0,1055.68,484.49,1139.03,621.32,6
15,player,880,0,0,1059.34,486.24,1142.69,623.06,6
15,player,881,0,0,1062.99,487.98,1146.34,624.81,6
15,player,882,0,0,1066.64,489.73,1149.99,626.55,6
15,player,883,0,0,1070.30,491.47,1153.65,628.30,6
15,player,884,0,0,1073.95,493.21,1157.30,630.04,6
15,player,885,0,0,1077.60,494.96,1160.95,631.79,6
15,player,886,0,0,1081.26,496.70,1164.61,633.53,6
15,player,887,0,0,1084.91,498.45,1168.26,635.27,6
15,player,888,0,0,1088.56,500.19,1171.91,637.02,6
15,player,889,0,0,1092.22,501.93,1175.57,638.76,6
15,player,890,0,0,1095.87,503.68,1179.22,640.51,6
15,player,891,0,0,1099.52,505.42,1182.87,642.25,6
15,player,892,0,0,1103.17,507.17,1186.53,643.99,6
15,player,893,0,0,1106.83,508.91,1190.18,645.74,6
15,player,894,0,0,1110.48,510.65,1193.83,647.48,6
15,player,895,0,0,1114.13,512.40,1197.48,649.23,6
15,player,896,0,0,1117.79,514.14,1201.14,650.97,6
15,player,897,0,0,1121.44,515.89,1204.79,652.71,6
15,player,898,0,0,1125.09,517.63,1208.44,654.46,6
15,player,899,0,0,1128.75,519.38,1212.10,656.20,6
16,player,165,0,0,0.00,189.35,79.11,334.75,-1
16,player,166,0,0,3.74,190.96,82.85,336.35,-1
16,player,167,0,0,7.48,192.56,86.59,337.95,-1
16,player,168,0,0,11.23,194.17,90.33,339.56,-1
16,player,169,0,0,14.97,195.77,94.08,341.16,-1
16,player,170,0,0,18.71,197.37,97.82,342.76,-1
16,player,171,0,0,22.45,198.98,101.56,344.37,-1
16,player,172,0,0,26.19,200.58,105.30,345.97,-1
16,player,173,0,0,29.93,202.18,109.04,347.57,-1
16,player,174,0,0,29.93,203.47,109.04,348.86,-1
16,player,175,0,0,29.93,204.75,109.04,350.14,-1
16,player,176,0,0,29.93,206.03,109.04,351.42,-1
16,player,177,0,0,29.93,207.31,109.04,352.70,-1
16,player,178,0,0,29.93,208.60,109.04,353.99,-1
16,player,179,0,0,28.90,211.18,107.57,356.57,-1
16,player,180,0,0,27.87,213.76,106.09,359.15,-1
16,player,181,0,0,26.84,216.34,104.62,361.73,-1
16,player,182,0,0,25.80,218.92,103.15,364.31,-1
16,player,183,0,0,24.77,221.50,101.67,366.89,-1
16,player,184,0,0,23.74,224.08,100.20,369.47,-1
16,player,185,0,0,22.71,226.66,98.72,372.05,-1
16,player,186,0,0,21.68,229.24,97.25,374.63,-1
16,player,187,0,0,20.64,231.82,95.77,377.21,-1
16,player,188,0,0,19.61,234.40,94.30,379.79,-1
16,player,189,0,0,18.58,236.98,92.82,382.37,-1
16,player,190,0,0,17.55,239.56,91.35,384.95,-1
16,player,191,0,0,16.52,242.14,89.87,387.53,-1
16,player,192,0,0,15.48,244.72,88.40,390.11,-1
16,player,193,0,0,14.45,247.30,86.93,392.69,-1
16,player,194,0,0,13.42,249.88,85.45,395.27,-1
16,player,195,0,0,12.39,252.46,83.98,397.85,-1
16,player,196,0,0,11.35,255.04,82.50,400.44,-1
16,player,197,0,0,10.32,257.63,81.03,403.02,-1
16,player,198,0,0,9.29,260.21,79.55,405.60,-1
16,player,199,0,0,8.26,262.79,78.08,408.18,-1
16,player,200,0,0,7.23,265.37,76.60,410.76,-1
16,player,201,0,0,6.19,267.95,75.13,413.34,-1
16,player,202,0,0,5.16,270.53,73.65,415.92,-1
16,player,203,0,0,4.13,273.11,72.18,418.50,-1
16,player,204,0,0,3.10,275.69,70.71,421.08,-1
16,player,205,0,0,2.06,278.27,69.23,423.66,-1
16,player,206,0,0,1.03,280.85,67.76,426.24,-1
16,player,207,0,0,0.00,283.43,66.28,428.82,-1
16,player,208,0,0,0.00,283.43,66.28,428.82,-1
16,player,209,0,0,0.00,283.43,66.28,428.82,-1
16,player,210,0,0,0.00,283.43,66.28,428.82,-1
16,player,211,0,0,0.00,283.43,66.28,428.82,-1
16,player,212,0,0,0.00,283.43,66.28,428.82,-1
16,player,213,0,0,0.00,283.43,66.28,428.82,-1
16,player,214,0,0,0.00,283.43,66.28,428.82,-1
16,player,215,0,0,0.00,283.43,66.28,428.82,-1
16,player,216,0,0,0.00,283.43,66.28,428.82,-1
16,player,217,0,0,0.00,283.43,66.28,428.82,-1
16,player,218,0,0,0.00,283.43,66.28,428.82,-1
16,player,219,0,0,0.00,283.43,66.28,428.82,-1
16,player,220,0,0,0.00,283.43,66.28,428.82,-1
16,player,221,0,0,0.00,283.43,66.28,428.82,-1
16,player,222,0,0,0.00,283.43,66.28,428.82,-1
16,player,223,0,0,0.00,283.43,66.28,428.82,-1
16,player,224,0,0,0.00,283.43,66.28,428.82,-1
16,player,225,0,0,0.00,283.43,66.28,428.82,-1
16,player,226,0,0,0.00,283.43,66.28,428.82,-1
16,player,227,0,0,0.00,283.43,66.28,428.82,-1
16,player,228,0,0,0.00,283.43,66.28,428.82,-1
16,player,229,0,0,0.00,283.43,66.28,428.82,-1
16,player,230,0,0,0.00,283.43,66.28,428.82,-1
16,player,231,0,0,0.00,283.43,66.28,428.82,-1
16,player,232,0,0,0.00,283.43,66.28,428.82,-1
16,player,233,0,0,0.00,283.43,66.28,428.82,-1
16,player,234,0,0,0.00,283.43,66.28,428.82,-1
16,player,235,0,0,0.00,283.43,66.28,428.82,-1
16,player,236,0,0,0.00,283.43,66.28,428.82,-1
16,player,237,0,0,0.00,283.43,66.28,428.82,-1
16,player,238,0,0,0.00,283.43,66.28,428.82,-1
16,player,239,0,0,0.00,283.43,66.28,428.82,-1
16,player,240,0,0,0.00,283.43,66.28,428.82,-1
16,player,241,0,0,0.00,283.43,66.28,428.82,-1
16,player,242,0,0,0.00,283.43,66.28,428.82,-1
16,player,243,0,0,0.00,283.43,66.28,428.82,-1
16,player,244,0,0,0.00,283.43,66.28,428.82,-1
16,player,245,0,0,0.00,283.43,66.28,428.82,-1
16,player,246,0,0,0.00,283.43,66.28,428.82,-1
16,player,247,0,0,0.00,283.43,66.28,428.82,-1
16,player,248,0,0,0.00,283.43,66.28,428.82,-1
16,player,249,0,0,0.00,283.43,66.28,428.82,-1
16,player,250,0,0,0.00,283.43,66.28,428.82,-1
16,player,251,0,0,0.00,283.43,66.28,428.82,-1
16,player,252,0,0,0.00,283.43,66.28,428.82,-1
16,player,253,0,0,0.00,283.43,66.28,428.82,-1
16,player,254,0,0,0.00,283.43,66.28,428.82,-1
16,player,255,0,0,0.00,283.43,66.28,428.82,-1
16,player,256,0,0,0.00,283.43,66.28,428.82,-1
16,player,257,0,0,0.00,283.43,66.28,428.82,-1
16,player,258,0,0,0.00,283.43,66.28,428.82,-1
16,player,259,0,0,0.00,283.43,66.28,428.82,-1
16,player,260,0,0,0.00,283.43,66.28,428.82,-1
16,player,261,0,0,0.00,283.43,66.28,428.82,-1
16,player,262,0,0,0.00,283.43,66.28,428.82,-1
16,player,263,0,0,0.00,283.43,66.28,428.82,-1
16,player,264,0,0,0.00,283.43,66.28,428.82,-1
16,player,265,0,0,0.00,283.43,66.28,428.82,-1
16,player,266,1,0,0.00,283.43,66.28,428.82,-1
17,player,165,0,0,0.00,61.07,42.76,206.46,-1
17,player,166,0,0,0.00,61.40,43.42,206.79,-1
17,player,167,0,0,0.00,61.73,44.08,207.12,-1
17,player,168,0,0,0.00,62.06,44.74,207.45,-1
17,player,169,0,0,0.00,62.39,45.39,207.78,-1
17,player,170,0,0,0.00,62.71,46.05,208.10,-1
17,player,171,0,0,0.00,63.04,46.71,208.43,-1
17,player,172,0,0,0.00,63.37,47.37,208.76,-1
17,player,173,0,0,0.00,63.70,48.02,209.09,-1
17,player,174,0,0,0.00,64.03,48.68,209.42,-1
17,player,175,0,0,0.00,64.36,49.34,209.75,-1
17,player,176,0,0,0.00,64.69,50.00,210.08,-1
17,player,177,0,0,0.00,65.02,50.66,210.41,-1
17,player,178,0,0,0.00,65.35,51.31,210.74,-1
17,player,179,0,0,3.04,66.34,54.64,211.49,-1
17,player,180,0,0,6.07,67.34,57.97,212.24,-1
17,player,181,0,0,9.11,68.33,61.30,213.00,-1
17,player,182,0,0,12.15,69.33,64.63,213.75,-1
17,player,183,0,0,15.19,70.33,67.96,214.50,-1
17,player,184,0,0,18.22,71.32,71.28,215.25,-1
17,player,185,0,0,21.26,72.32,74.61,216.01,-1
17,player,186,0,0,24.30,73.31,77.94,216.76,-1
17,player,187,0,0,27.34,74.31,81.27,217.51,-1
17,player,188,0,0,30.37,75.31,84.60,218.27,-1
17,player,189,0,0,33.41,76.30,87.92,219.02,-1
17,player,190,0,0,36.45,77.30,91.25,219.77,-1
17,player,191,0,0,39.49,78.30,94.58,220.53,-1
17,player,192,0,0,42.52,79.29,97.91,221.28,-1
17,player,193,0,0,45.56,80.29,101.24,222.03,-1
17,player,194,0,0,48.60,81.28,104.57,222.78,-1
17,player,195,0,0,51.64,82.28,107.89,223.54,-1
17,player,196,0,0,54.67,83.28,111.22,224.29,-1
17,player,197,0,0,57.71,84.27,114.55,225.04,-1
17,player,198,0,0,60.75,85.27,117.88,225.80,-1
17,player,199,0,0,63.79,86.26,121.21,226.55,-1
17,player,200,0,0,66.82,87.26,124.54,227.30,-1
17,player,201,0,0,69.86,88.26,127.86,228.06,-1
17,player,202,0,0,72.90,89.25,131.19,228.81,-1
17,player,203,0,0,75.94,90.25,134.52,229.56,-1
17,player,204,0,0,78.97,91.25,137.85,230.31,-1
17,player,205,0,0,82.01,92.24,141.18,231.07,-1
17,player,206,0,0,85.05,93.24,144.50,231.82,-1
17,player,207,0,0,88.09,94.23,147.83,232.57,-1
17,player,208,0,0,91.12,95.23,151.16,233.33,-1
17,player,209,0,0,94.16,96.23,154.49,234.08,-1
17,player,210,0,0,97.20,97.22,157.82,234.83,-1
17,player,211,0,0,100.24,98.22,161.15,235.59,-1
17,player,212,0,0,103.27,99.21,164.47,236.34,-1
17,player,213,0,0,106.31,100.21,167.80,237.09,-1
17,player,214,0,0,109.35,101.21,171.13,237.84,-1
17,player,215,0,0,112.39,102.20,174.46,238.60,-1
17,player,216,0,0,115.42,103.20,177.79,239.35,-1
17,player,217,0,0,118.46,104.20,181.12,240.10,-1
17,player,218,0,0,121.50,105.19,184.44,240.86,-1
17,player,219,0,0,124.54,106.19,187.77,241.61,-1
17,player,220,0,0,127.57,107.18,191.10,242.36,-1
17,player,221,0,0,130.61,108.18,194.43,243.12,-1
17,player,222,0,0,133.65,109.18,197.76,243.87,-1
17,player,223,0,0,136.69,110.17,201.09,244.62,-1
17,player,224,0,0,139.72,111.17,204.41,245.37,-1
17,player,225,0,0,142.76,112.16,207.74,246.13,-1
17,player,226,0,0,145.80,113.16,211.07,246.88,-1
17,player,227,0,0,148.84,114.16,214.40,247.63,-1
17,player,228,0,0,151.87,115.15,217.73,248.39,-1
17,player,229,0,0,154.91,116.15,221.05,249.14,-1
17,player,230,0,0,157.95,117.15,224.38,249.89,-1
17,player,231,0,0,160.99,118.14,227.71,250.65,-1
17,player,232,0,0,164.02,119.14,231.04,251.40,-1
17,player,233,0,0,167.06,120.13,234.37,252.15,-1
17,player,234,0,0,170.10,121.13,237.70,252.90,-1
17,player,235,0,0,173.14,122.13,241.02,253.66,-1
17,player,236,0,0,176.17,123.12,244.35,254.41,-1
17,player,237,0,0,179.21,124.12,247.68,255.16,-1
17,player,238,0,0,182.25,125.11,251.01,255.92,-1
17,player,239,0,0,185.29,126.11,254.34,256.67,-1
17,player,240,0,0,188.32,127.11,257.67,257.42,-1
17,player,241,0,0,191.36,128.10,260.99,258.18,-1
17,player,242,0,0,194.40,129.10,264.32,258.93,-1
17,player,243,0,0,197.44,130.10,267.65,259.68,-1
17,player,244,0,0,200.47,131.09,270.98,260.43,-1
17,player,245,0,0,203.51,132.09,274.31,261.19,-1
17,player,246,0,0,206.55,133.08,277.63,261.94,-1
17,player,247,0,0,209.59,134.08,280.96,262.69,-1
17,player,248,0,0,212.62,135.08,284.29,263.45,-1
17,player,249,0,0,215.66,136.07,287.62,264.20,-1
17,player,250,0,0,218.70,137.07,290.95,264.95,-1
17,player,251,0,0,221.74,138.06,294.28,265.71,-1
17,player,252,0,0,224.77,139.06,297.60,266.46,-1
17,player,253,0,0,227.81,140.06,300.93,267.21,-1
17,player,254,0,0,230.85,141.05,304.26,267.96,-1
17,player,255,0,0,233.89,142.05,307.59,268.72,-1
17,player,256,0,0,236.92,143.05,310.92,269.47,-1
17,player,257,0,0,239.96,144.04,314.25,270.22,-1
17,player,258,0,0,243.00,145.04,317.57,270.98,-1
17,player,259,0,0,246.04,146.03,320.90,271.73,-1
17,player,260,0,0,249.07,147.03,324.23,272.48,-1
17,player,261,0,0,252.11,148.03,327.56,273.24,-1
17,player,262,0,0,255.15,149.02,330.89,273.99,-1
17,player,263,0,0,258.19,150.02,334.22,274.74,-1
17,player,264,0,0,261.22,151.01,337.54,275.49,-1
17,player,265,0,0,264.26,152.01,340.87,276.25,-1
17,player,266,0,0,267.30,153.01,344.20,277.00,-1
17,player,267,0,0,263.56,154.38,340.46,278.37,-1
17,player,268,0,0,259.82,155.76,336.72,279.75,-1
17,player,269,0,0,256.07,157.13,332.98,281.12,-1
17,player,270,0,0,252.33,158.50,329.23,282.50,-1
17,player,271,0,0,248.59,159.88,325.49,283.87,-1
17,player,272,0,0,244.85,161.25,321.75,285.25,-1
17,player,273,0,0,241.11,162.63,318.01,286.62,-1
17,player,274,0,0,237.37,164.00,314.27,288.00,-1
17,player,275,0,0,233.62,165.38,310.53,289.37,-1
17,player,276,0,0,229.88,166.75,306.78,290.74,-1
17,player,277,0,0,226.14,168.13,303.04,292.12,-1
17,player,278,0,0,222.40,169.50,299.30,293.49,-1
17,player,279,0,0,218.66,170.88,295.56,294.87,-1
17,player,280,0,0,214.92,172.25,291.82,296.24,-1
17,player,281,0,0,211.17,173.62,288.08,297.62,-1
17,player,282,0,0,207.43,175.00,284.33,298.99,-1
17,player,283,0,0,203.69,176.37,280.59,300.37,-1
17,player,284,0,0,199.95,177.75,276.85,301.74,-1
17,player,285,0,0,196.21,179.12,273.11,303.12,-1
17,player,286,0,0,192.47,180.50,269.37,304.49,-1
17,player,287,0,0,188.72,181.87,265.63,305.86,-1
17,player,288,0,0,184.98,183.25,261.88,307.24,-1
17,player,289,0,0,181.24,184.62,258.14,308.61,-1
17,player,290,0,0,177.50,185.99,254.40,309.99,-1
17,player,291,0,0,173.76,187.37,250.66,311.36,-1
17,player,292,0,0,170.02,188.74,246.92,312.74,-1
17,player,293,0,0,166.27,190.12,243.18,314.11,-1
17,player,294,0,0,162.53,191.49,239.43,315.49,-1
17,player,295,0,0,162.53,191.49,239.43,315.49,-1
17,player,296,0,0,162.53,191.49,239.43,315.49,-1
17,player,297,0,0,162.53,191.49,239.43,315.49,-1
17,player,298,0,0,162.53,191.49,239.43,315.49,-1
17,player,299,0,0,162.53,191.49,239.43,315.49,-1
17,player,300,0,0,162.53,191.49,239.43,315.49,-1
17,player,301,0,0,162.53,191.49,239.43,315.49,-1
17,player,302,0,0,162.53,191.49,239.43,315.49,-1
17,player,303,0,0,162.53,191.49,239.43,315.49,-1
17,player,304,0,0,162.53,191.49,239.43,315.49,-1
17,player,305,0,0,162.53,191.49,239.43,315.49,-1
17,player,306,0,0,162.53,191.49,239.43,315.49,-1
17,player,307,0,0,162.53,191.49,239.43,315.49,-1
17,player,308,0,0,162.53,191.49,239.43,315.49,-1
17,player,309,0,0,162.53,191.49,239.43,315.49,-1
17,player,310,0,0,162.53,191.49,239.43,315.49,-1
17,player,311,0,0,162.53,191.49,239.43,315.49,-1
17,player,312,0,0,162.53,191.49,239.43,315.49,-1
17,player,313,0,0,162.53,191.49,239.43,315.49,-1
17,player,314,0,0,162.53,191.49,239.43,315.49,-1
17,player,315,0,0,162.53,191.49,239.43,315.49,-1
17,player,316,0,0,162.53,191.49,239.43,315.49,-1
17,player,317,0,0,162.53,191.49,239.43,315.49,-1
17,player,318,0,0,162.53,191.49,239.43,315.49,-1
17,player,319,0,0,162.53,191.49,239.43,315.49,-1
17,player,320,0,0,162.53,191.49,239.43,315.49,-1
17,player,321,0,0,162.53,191.49,239.43,315.49,-1
17,player,322,1,0,162.53,191.49,239.43,315.49,-1
18,player,207,0,0,14.97,811.54,96.21,956.93,-1
18,player,208,0,0,14.97,811.54,96.21,956.93,-1
18,player,209,0,0,14.97,811.54,96.21,956.93,-1
18,player,210,0,0,14.97,811.54,96.21,956.93,-1
18,player,211,0,0,14.97,811.54,96.21,956.93,-1
18,player,212,0,0,14.97,811.54,96.21,956.93,-1
18,player,213,0,0,14.97,811.54,96.21,956.93,-1
18,player,214,0,0,14.97,811.54,96.21,956.93,-1
18,player,215,0,0,14.97,811.54,96.21,956.93,-1
18,player,216,0,0,14.97,811.54,96.21,956.93,-1
18,player,217,0,0,14.97,811.54,96.21,956.93,-1
18,player,218,0,0,14.97,811.54,96.21,956.93,-1
18,player,219,0,0,14.97,811.54,96.21,956.93,-1
18,player,220,0,0,14.97,811.54,96.21,956.93,-1
18,player,221,0,0,14.97,811.54,96.21,956.93,-1
18,player,222,0,0,14.97,811.54,96.21,956.93,-1
18,player,223,0,0,14.97,811.54,96.21,956.93,-1
18,player,224,0,0,14.97,811.54,96.21,956.93,-1
18,player,225,0,0,14.97,811.54,96.21,956.93,-1
18,player,226,0,0,14.97,811.54,96.21,956.93,-1
18,player,227,0,0,14.97,811.54,96.21,956.93,-1
18,player,228,0,0,14.97,811.54,96.21,956.93,-1
18,player,229,0,0,14.97,811.54,96.21,956.93,-1
18,player,230,0,0,14.97,811.54,96.21,956.93,-1
18,player,231,0,0,14.97,811.54,96.21,956.93,-1
18,player,232,0,0,14.97,811.54,96.21,956.93,-1
18,player,233,0,0,14.97,811.54,96.21,956.93,-1
18,player,234,0,0,14.97,811.54,96.21,956.93,-1
18,player,235,0,0,14.97,811.54,96.21,956.93,-1
18,player,236,0,0,14.97,811.54,96.21,956.93,-1
18,player,237,0,0,14.97,811.54,96.21,956.93,-1
18,player,238,0,0,14.97,811.54,96.21,956.93,-1
18,player,239,0,0,14.97,811.54,96.21,956.93,-1
18,player,240,0,0,14.97,811.54,96.21,956.93,-1
18,player,241,0,0,14.97,811.54,96.21,956.93,-1
18,player,242,0,0,14.97,811.54,96.21,956.93,-1
18,player,243,0,0,14.97,811.54,96.21,956.93,-1
18,player,244,0,0,14.97,811.54,96.21,956.93,-1
18,player,245,0,0,14.97,811.54,96.21,956.93,-1
18,player,246,0,0,14.97,811.54,96.21,956.93,-1
18,player,247,0,0,14.97,811.54,96.21,956.93,-1
18,player,248,0,0,14.97,811.54,96.21,956.93,-1
18,player,249,0,0,14.97,811.54,96.21,956.93,-1
18,player,250,0,0,14.97,811.54,96.21,956.93,-1
18,player,251,0,0,14.97,811.54,96.21,956.93,-1
18,player,252,0,0,14.97,811.54,96.21,956.93,-1
18,player,253,0,0,14.97,811.54,96.21,956.93,-1
18,player,254,0,0,14.97,811.54,96.21,956.93,-1
18,player,255,0,0,14.97,811.54,96.21,956.93,-1
18,player,256,0,0,14.97,811.54,96.21,956.93,-1
18,player,257,0,0,14.97,811.54,96.21,956.93,-1
18,player,258,0,0,14.97,811.54,96.21,956.93,-1
18,player,259,0,0,14.97,811.54,96.21,956.93,-1
18,player,260,0,0,14.97,811.54,96.21,956.93,-1
18,player,261,0,0,14.97,811.54,96.21,956.93,-1
18,player,262,0,0,14.97,811.54,96.21,956.93,-1
18,player,263,0,0,14.97,811.54,96.21,956.93,-1
18,player,264,0,0,14.97,811.54,96.21,956.93,-1
18,player,265,0,0,14.97,811.54,96.21,956.93,-1
18,player,266,1,0,14.97,811.54,96.21,956.93,-1
19,player,266,0,0,829.58,719.60,910.82,864.99,77
19,player,267,0,0,821.18,720.13,902.43,865.52,77
19,player,268,0,0,812.78,720.67,894.03,866.06,77
19,player,269,0,0,804.38,721.20,885.63,866.59,77
19,player,270,0,0,795.98,721.74,877.23,867.13,77
19,player,271,0,0,787.58,722.27,868.83,867.66,77
19,player,272,0,0,779.18,722.81,860.43,868.20,77
19,player,273,0,0,770.78,723.34,852.03,868.73,77
19,player,274,0,0,762.38,723.88,843.63,869.27,77
19,player,275,0,0,753.98,724.41,835.23,869.80,77
19,player,276,0,0,745.58,724.94,826.83,870.34,77
19,player,277,0,0,737.18,725.48,818.43,870.87,77
19,player,278,0,0,728.78,726.01,810.03,871.40,77
19,player,279,0,0,720.38,726.55,801.63,871.94,77
19,player,280,0,0,711.98,727.08,793.23,872.47,77
19,player,281,0,0,703.58,727.62,784.83,873.01,77
19,player,282,0,0,695.18,728.15,776.43,873.54,77
19,player,283,0,0,686.78,728.69,768.03,874.08,77
19,player,284,0,0,678.38,729.22,759.63,874.61,77
19,player,285,0,0,669.98,729.76,751.23,875.15,77
19,player,286,0,0,661.58,730.29,742.83,875.68,77
19,player,287,0,0,653.19,730.82,734.43,876.22,77
19,player,288,0,0,644.79,731.36,726.03,876.75,77
19,player,289,0,0,636.39,731.89,717.63,877.28,77
19,player,290,0,0,627.99,732.43,709.23,877.82,77
19,player,291,0,0,619.59,732.96,700.83,878.35,77
19,player,292,0,0,611.19,733.50,692.43,878.89,77
19,player,293,0,0,602.79,734.03,684.03,879.42,77
19,player,294,0,0,594.39,734.57,675.63,879.96,77
19,player,295,0,0,576.60,735.18,657.84,880.57,77
19,player,296,0,0,558.80,735.79,640.05,881.18,77
19,player,297,0,0,541.01,736.40,622.26,881.79,77
19,player,298,0,0,523.22,737.01,604.47,882.40,77
19,player,299,0,0,505.43,737.62,586.68,883.01,77
19,player,300,0,0,487.64,738.23,568.88,883.62,77
19,player,301,0,0,469.84,738.84,551.09,884.23,77
19,player,302,0,0,452.05,739.45,533.30,884.84,77
19,player,303,0,0,434.26,740.06,515.51,885.45,77
19,player,304,0,0,416.47,740.68,497.72,886.07,77
19,player,305,0,0,398.68,741.29,479.92,886.68,77
19,player,306,0,0,380.89,741.90,462.13,887.29,77
19,player,307,0,0,363.09,742.51,444.34,887.90,77
19,player,308,0,0,345.30,743.12,426.55,888.51,77
19,player,309,0,0,327.51,743.73,408.76,889.12,77
19,player,310,0,0,309.72,744.34,390.96,889.73,77
19,player,311,0,0,291.93,744.95,373.17,890.34,77
19,player,312,0,0,274.13,745.56,355.38,890.95,77
19,player,313,0,0,256.34,746.17,337.59,891.56,77
19,player,314,0,0,238.55,746.78,319.80,892.17,77
19,player,315,0,0,220.76,747.39,302.01,892.79,77
19,player,316,0,0,202.97,748.01,284.21,893.40,77
19,player,317,0,0,185.17,748.62,266.42,894.01,77
19,player,318,0,0,167.38,749.23,248.63,894.62,77
19,player,319,0,0,149.59,749.84,230.84,895.23,77
19,player,320,0,0,131.80,750.45,213.05,895.84,77
19,player,321,0,0,114.01,751.06,195.25,896.45,77
19,player,322,0,0,96.21,751.67,177.46,897.06,77
19,player,323,0,0,96.21,751.67,177.46,897.06,77
19,player,324,0,0,96.21,751.67,177.46,897.06,77
19,player,325,0,0,96.21,751.67,177.46,897.06,77
19,player,326,0,0,96.21,751.67,177.46,897.06,77
19,player,327,0,0,96.21,751.67,177.46,897.06,77
19,player,328,0,0,96.21,751.67,177.46,897.06,77
19,player,329,0,0,96.21,751.67,177.46,897.06,77
19,player,330,0,0,96.21,751.67,177.46,897.06,77
19,player,331,0,0,96.21,751.67,177.46,897.06,77
19,player,332,0,0,96.21,751.67,177.46,897.06,77
19,player,333,0,0,96.21,751.67,177.46,897.06,77
19,player,334,0,0,96.21,751.67,177.46,897.06,77
19,player,335,0,0,96.21,751.67,177.46,897.06,77
19,player,336,0,0,96.21,751.67,177.46,897.06,77
19,player,337,0,0,96.21,751.67,177.46,897.06,77
19,player,338,0,0,96.21,751.67,177.46,897.06,77
19,player,339,0,0,96.21,751.67,177.46,897.06,77
19,player,340,0,0,96.21,751.67,177.46,897.06,77
19,player,341,0,0,96.21,751.67,177.46,897.06,77
19,player,342,0,0,96.21,751.67,177.46,897.06,77
19,player,343,0,0,96.21,751.67,177.46,897.06,77
19,player,344,0,0,96.21,751.67,177.46,897.06,77
19,player,345,0,0,96.21,751.67,177.46,897.06,77
19,player,346,0,0,96.21,751.67,177.46,897.06,77
19,player,347,0,0,96.21,751.67,177.46,897.06,77
19,player,348,0,0,96.21,751.67,177.46,897.06,77
19,player,349,0,0,96.21,751.67,177.46,897.06,77
19,player,350,0,0,96.21,751.67,177.46,897.06,77
19,player,351,0,0,96.21,751.67,177.46,897.06,77
19,player,352,0,0,96.21,751.67,177.46,897.06,77
19,player,353,0,0,96.21,751.67,177.46,897.06,77
19,player,354,1,0,96.21,751.67,177.46,897.06,77
20,player,266,0,0,972.83,698.22,1054.08,843.61,25
20,player,267,0,0,974.20,695.93,1055.45,841.32,25
20,player,268,0,0,975.58,693.64,1056.83,839.03,25
20,player,269,0,0,976.95,691.35,1058.20,836.74,25
20,player,270,0,0,978.33,689.06,1059.57,834.45,25
20,player,271,0,0,979.70,686.76,1060.95,832.16,25
20,player,272,0,0,981.08,684.47,1062.32,829.86,25
20,player,273,0,0,982.45,682.18,1063.70,827.57,25
20,player,274,0,0,983.83,679.89,1065.07,825.28,25
20,player,275,0,0,985.20,677.60,1066.45,822.99,25
20,player,276,0,0,986.57,675.31,1067.82,820.70,25
20,player,277,0,0,987.95,673.02,1069.20,818.41,25
20,player,278,0,0,989.32,670.73,1070.57,816.12,25
20,player,279,0,0,990.70,668.44,1071.94,813.83,25
20,player,280,0,0,992.07,666.15,1073.32,811.54,25
20,player,281,0,0,993.45,663.86,1074.69,809.25,25
20,player,282,0,0,994.82,661.57,1076.07,806.96,25
20,player,283,0,0,996.20,659.28,1077.44,804.67,25
20,player,284,0,0,997.57,656.98,1078.82,802.37,25
20,player,285,0,0,998.94,654.69,1080.19,800.08,25
20,player,286,0,0,1000.32,652.40,1081.57,797.79,25
20,player,287,0,0,1001.69,650.11,1082.94,795.50,25
20,player,288,0,0,1003.07,647.82,1084.31,793.21,25
20,player,289,0,0,1004.44,645.53,1085.69,790.92,25
20,player,290,0,0,1005.82,643.24,1087.06,788.63,25
20,player,291,0,0,1007.19,640.95,1088.44,786.34,25
20,player,292,0,0,1008.57,638.66,1089.81,784.05,25
20,player,293,0,0,1009.94,636.37,1091.19,781.76,25
20,player,294,0,0,1011.31,634.08,1092.56,779.47,25
20,player,295,0,0,1005.43,632.40,1086.68,777.79,25
20,player,296,0,0,999.55,630.72,1080.80,776.11,25
20,player,297,0,0,993.68,629.04,1074.92,774.43,25
20,player,298,0,0,987.80,627.36,1069.04,772.75,25
20,player,299,0,0,981.92,625.68,1063.16,771.07,25
20,player,300,0,0,976.04,624.00,1057.28,769.39,25
20,player,301,0,0,970.16,622.32,1051.40,767.71,25
20,player,302,0,0,964.28,620.64,1045.52,766.03,25
20,player,303,0,0,958.40,618.96,1039.64,764.35,25
20,player,304,0,0,952.52,617.28,1033.76,762.67,25
20,player,305,0,0,946.64,615.60,1027.88,760.99,25
20,player,306,0,0,940.76,613.92,1022.00,759.31,25
20,player,307,0,0,934.88,612.24,1016.12,757.63,25
20,player,308,0,0,929.00,610.56,1010.25,755.95,25
20,player,309,0,0,923.12,608.88,1004.37,754.27,25
20,player,310,0,0,917.24,607.20,998.49,752.59,25
20,player,311,0,0,911.36,605.52,992.61,750.91,25
20,player,312,0,0,905.48,603.84,986.73,749.23,25
20,player,313,0,0,899.60,602.16,980.85,747.55,25
20,player,314,0,0,893.72,600.48,974.97,745.87,25
20,player,315,0,0,887.84,598.80,969.09,744.19,25
20,player,316,0,0,881.96,597.12,963.21,742.51,25
20,player,317,0,0,876.08,595.44,957.33,740.83,25
20,player,318,0,0,870.20,593.76,951.45,739.15,25
20,player,319,0,0,864.32,592.08,945.57,737.47,25
20,player,320,0,0,858.44,590.40,939.69,735.79,25
20,player,321,0,0,852.56,588.72,933.81,734.11,25
20,player,322,0,0,846.68,587.04,927.93,732.43,25
20,player,323,0,0,847.42,585.57,928.66,730.96,25
20,player,324,0,0,848.15,584.10,929.40,729.49,25
20,player,325,0,0,848.89,582.63,930.13,728.02,25
20,player,326,0,0,849.62,581.16,930.87,726.55,25
20,player,327,0,0,850.36,579.69,931.60,725.08,25
20,player,328,0,0,851.09,578.22,932.34,723.61,25
20,player,329,0,0,851.83,576.75,933.07,722.14,25
20,player,330,0,0,852.56,575.28,933.81,720.67,25
20,player,331,0,0,853.30,573.81,934.54,719.20,25
20,player,332,0,0,854.03,572.34,935.28,717.73,25
20,player,333,0,0,854.77,570.87,936.01,716.26,25
20,player,334,0,0,855.50,569.40,936.75,714.79,25
20,player,335,0,0,856.24,567.93,937.48,713.32,25
20,player,336,0,0,856.97,566.46,938.22,711.85,25
20,player,337,0,0,857.71,564.99,938.95,710.38,25
20,player,338,0,0,858.44,563.52,939.69,708.91,25
20,player,339,0,0,859.18,562.05,940.42,707.44,25
20,player,340,0,0,859.91,560.58,941.16,705.97,25
20,player,341,0,0,860.65,559.11,941.89,704.50,25
20,player,342,0,0,861.38,557.64,942.63,703.03,25
20,player,343,0,0,862.12,556.17,943.36,701.56,25
20,player,344,0,0,862.85,554.70,944.10,700.09,25
20,player,345,0,0,863.59,553.23,944.83,698.62,25
20,player,346,0,0,864.32,551.76,945.57,697.15,25
20,player,347,0,0,865.06,550.29,946.30,695.68,25
20,player,348,0,0,865.79,548.82,947.04,694.21,25
20,player,349,0,0,866.53,547.35,947.77,692.74,25
20,player,350,0,0,867.26,545.88,948.51,691.27,25
20,player,351,0,0,868.00,544.41,949.24,689.80,25
20,player,352,0,0,868.73,542.94,949.98,688.33,25
20,player,353,0,0,869.47,541.47,950.71,686.86,25
20,player,354,0,0,870.20,540.00,951.45,685.39,25
20,player,355,0,0,874.28,539.03,955.53,684.42,25
20,player,356,0,0,878.36,538.06,959.61,683.45,25
20,player,357,0,0,882.45,537.08,963.69,682.48,25
20,player,358,0,0,886.53,536.11,967.77,681.50,25
20,player,359,0,0,890.61,535.14,971.86,680.53,25
20,player,360,0,0,894.69,534.17,975.94,679.56,25
20,player,361,0,0,898.77,533.20,980.02,678.59,25
20,player,362,0,0,902.85,532.23,984.10,677.62,25
20,player,363,0,0,906.94,531.25,988.18,676.64,25
20,player,364,0,0,911.02,530.28,992.26,675.67,25
20,player,365,0,0,915.10,529.31,996.35,674.70,25
20,player,366,0,0,919.18,528.34,1000.43,673.73,25
20,player,367,0,0,923.26,527.37,1004.51,672.76,25
20,player,368,0,0,927.34,526.39,1008.59,671.78,25
20,player,369,0,0,931.43,525.42,1012.67,670.81,25
20,player,370,0,0,935.51,524.45,1016.76,669.84,25
20,player,371,0,0,939.59,523.48,1020.84,668.87,25
20,player,372,0,0,943.67,522.51,1024.92,667.90,25
20,player,373,0,0,947.75,521.53,1029.00,666.93,25
20,player,374,0,0,951.84,520.56,1033.08,665.95,25
20,player,375,0,0,955.92,519.59,1037.16,664.98,25
20,player,376,0,0,960.00,518.62,1041.25,664.01,25
20,player,377,0,0,960.00,515.68,1041.25,661.07,25
20,player,378,0,0,960.00,512.74,1041.25,658.13,25
20,player,379,0,0,960.00,509.80,1041.25,655.19,25
20,player,380,0,0,960.00,506.86,1041.25,652.25,25
20,player,381,0,0,960.00,503.92,1041.25,649.31,25
20,player,382,0,0,960.00,500.98,1041.25,646.37,25
20,player,383,0,0,960.00,498.04,1041.25,643.43,25
20,player,384,0,0,960.00,495.10,1041.25,640.49,25
20,player,385,0,0,962.95,496.28,1044.20,641.67,25
20,player,386,0,0,965.90,497.46,1047.14,642.85,25
20,player,387,0,0,968.85,498.64,1050.09,644.03,25
20,player,388,0,0,971.80,499.82,1053.04,645.21,25
20,player,389,0,0,974.74,501.00,1055.99,646.39,25
20,player,390,0,0,977.69,502.18,1058.94,647.57,25
20,player,391,0,0,980.64,503.36,1061.89,648.75,25
20,player,392,0,0,983.59,504.54,1064.84,649.93,25
20,player,393,0,0,986.54,505.72,1067.79,651.11,25
20,player,394,0,0,989.49,506.90,1070.74,652.29,25
20,player,395,0,0,992.44,508.08,1073.69,653.47,25
20,player,396,0,0,995.39,509.26,1076.64,654.65,25
20,player,397,0,0,998.34,510.44,1079.58,655.83,25
20,player,398,0,0,1001.29,511.61,1082.53,657.01,25
20,player,399,0,0,1004.24,512.79,1085.48,658.19,25
20,player,400,0,0,1007.18,513.97,1088.43,659.36,25
20,player,401,0,0,1010.13,515.15,1091.38,660.54,25
20,player,402,0,0,1013.08,516.33,1094.33,661.72,25
20,player,403,0,0,1016.03,517.51,1097.28,662.90,25
20,player,404,0,0,1018.98,518.69,1100.23,664.08,25
20,player,405,0,0,1021.93,519.87,1103.18,665.26,25
20,player,406,0,0,1024.88,521.05,1106.13,666.44,25
20,player,407,0,0,1027.83,522.23,1109.08,667.62,25
20,player,408,0,0,1030.78,523.41,1112.02,668.80,25
20,player,409,0,0,1033.73,524.59,1114.97,669.98,25
20,player,410,0,0,1036.68,525.77,1117.92,671.16,25
20,player,411,0,0,1039.62,526.95,1120.87,672.34,25
20,player,412,0,0,1042.57,528.13,1123.82,673.52,25
20,player,413,0,0,1045.52,529.31,1126.77,674.70,25
20,player,414,0,0,1042.49,531.98,1123.74,677.37,25
20,player,415,0,0,1039.46,534.65,1120.71,680.05,25
20,player,416,0,0,1036.44,537.33,1117.68,682.72,25
20,player,417,0,0,1033.41,540.00,1114.65,685.39,25
20,player,418,0,0,1030.38,542.67,1111.62,688.06,25
20,player,419,0,0,1027.35,545.35,1108.60,690.74,25
20,player,420,0,0,1024.32,548.02,1105.57,693.41,25
20,player,421,0,0,1021.29,550.69,1102.54,696.08,25
20,player,422,0,0,1018.26,553.36,1099.51,698.75,25
20,player,423,0,0,1015.23,556.04,1096.48,701.43,25
20,player,424,0,0,1012.20,558.71,1093.45,704.10,25
20,player,425,0,0,1009.17,561.38,1090.42,706.77,25
20,player,426,0,0,1005.83,562.40,1087.08,707.79,25
20,player,427,0,0,1002.48,563.43,1083.73,708.82,25
20,player,428,0,0,999.14,564.45,1080.38,709.84,25
20,player,429,0,0,995.79,565.47,1077.04,710.86,25
20,player,430,0,0,992.44,566.49,1073.69,711.88,25
20,player,431,0,0,989.10,567.52,1070.34,712.91,25
20,player,432,0,0,985.75,568.54,1067.00,713.93,25
20,player,433,0,0,982.40,569.56,1063.65,714.95,25
20,player,434,0,0,979.06,570.58,1060.30,715.97,25
20,player,435,0,0,975.71,571.61,1056.96,717.00,25
20,player,436,0,0,972.36,572.63,1053.61,718.02,25
20,player,437,0,0,969.02,573.65,1050.26,719.04,25
20,player,438,0,0,965.67,574.67,1046.92,720.07,25
20,player,439,0,0,962.32,575.70,1043.57,721.09,25
20,player,440,0,0,958.98,576.72,1040.22,722.11,25
20,player,441,0,0,955.63,577.74,1036.88,723.13,25
20,player,442,0,0,952.28,578.76,1033.53,724.16,25
20,player,443,0,0,948.94,579.79,1030.18,725.18,25
20,player,444,0,0,945.59,580.81,1026.84,726.20,25
20,player,445,0,0,942.24,581.83,1023.49,727.22,25
20,player,446,0,0,938.90,582.86,1020.14,728.25,25
20,player,447,0,0,935.55,583.88,1016.80,729.27,25
20,player,448,0,0,932.20,584.90,1013.45,730.29,25
20,player,449,0,0,928.25,587.62,1009.50,733.01,25
20,player,450,0,0,924.30,590.34,1005.55,735.73,25
20,player,451,0,0,920.35,593.06,1001.59,738.45,25
20,player,452,0,0,916.40,595.79,997.64,741.18,25
20,player,453,0,0,912.44,598.51,993.69,743.90,25
20,player,454,0,0,908.49,601.23,989.74,746.62,25
20,player,455,0,0,904.54,603.95,985.79,749.34,25
20,player,456,0,0,900.59,606.67,981.83,752.06,25
20,player,457,0,0,896.63,609.39,977.88,754.78,25
20,player,458,0,0,892.68,612.11,973.93,757.50,25
20,player,459,0,0,888.73,614.83,969.98,760.22,25
20,player,460,0,0,884.78,617.55,966.02,762.95,25
20,player,461,0,0,880.83,620.28,962.07,765.67,25
20,player,462,0,0,876.87,623.00,958.12,768.39,25
20,player,463,0,0,872.92,625.72,954.17,771.11,25
20,player,464,0,0,868.97,628.44,950.22,773.83,25
20,player,465,0,0,865.02,631.16,946.26,776.55,25
20,player,466,0,0,861.06,633.88,942.31,779.27,25
20,player,467,0,0,857.11,636.60,938.36,781.99,25
20,player,468,0,0,853.16,639.32,934.41,784.71,25
20,player,469,0,0,849.21,642.05,930.45,787.44,25
20,player,470,0,0,845.26,644.77,926.50,790.16,25
20,player,471,0,0,841.30,647.49,922.55,792.88,25
20,player,472,0,0,837.35,650.21,918.60,795.60,25
20,player,473,0,0,833.40,652.93,914.65,798.32,25
20,player,474,0,0,829.45,655.65,910.69,801.04,25
20,player,475,0,0,825.49,658.37,906.74,803.76,25
20,player,476,0,0,821.54,661.09,902.79,806.48,25
20,player,477,0,0,817.59,663.81,898.84,809.21,25
20,player,478,0,0,813.64,666.54,894.88,811.93,25
20,player,479,0,0,809.69,669.26,890.93,814.65,25
20,player,480,0,0,805.73,671.98,886.98,817.37,25
20,player,481,0,0,801.78,674.70,883.03,820.09,25
20,player,482,0,0,802.56,674.85,883.81,820.24,25
20,player,483,0,0,803.34,675.01,884.58,820.40,25
20,player,484,0,0,804.11,675.16,885.36,820.55,25
20,player,485,0,0,804.89,675.32,886.14,820.71,25
20,player,486,0,0,805.67,675.47,886.91,820.86,25
20,player,487,0,0,806.45,675.62,887.69,821.02,25
20,player,488,0,0,807.22,675.78,888.47,821.17,25
20,player,489,0,0,808.00,675.93,889.25,821.32,25
20,player,490,0,0,808.78,676.09,890.02,821.48,25
20,player,491,0,0,809.55,676.24,890.80,821.63,25
20,player,492,0,0,810.33,676.40,891.58,821.79,25
20,player,493,0,0,811.11,676.55,892.36,821.94,25
20,player,494,0,0,811.89,676.70,893.13,822.10,25
20,player,495,0,0,812.66,676.86,893.91,822.25,25
20,player,496,0,0,813.44,677.01,894.69,822.40,25
20,player,497,0,0,814.22,677.17,895.47,822.56,25
20,player,498,0,0,815.00,677.32,896.24,822.71,25
20,player,499,0,0,815.77,677.48,897.02,822.87,25
20,player,500,0,0,816.55,677.63,897.80,823.02,25
20,player,501,0,0,817.33,677.78,898.57,823.18,25
20,player,502,0,0,818.10,677.94,899.35,823.33,25
20,player,503,0,0,818.88,678.09,900.13,823.48,25
20,player,504,0,0,819.66,678.25,900.91,823.64,25
20,player,505,0,0,820.44,678.40,901.68,823.79,25
20,player,506,0,0,821.21,678.56,902.46,823.95,25
20,player,507,0,0,821.99,678.71,903.24,824.10,25
20,player,508,0,0,822.77,678.86,904.02,824.26,25
20,player,509,0,0,823.55,679.02,904.79,824.41,25
20,player,510,0,0,824.32,679.17,905.57,824.56,25
20,player,511,0,0,825.10,679.33,906.35,824.72,25
20,player,512,0,0,825.88,679.48,907.12,824.87,25
20,player,513,0,0,826.65,679.64,907.90,825.03,25
20,player,514,0,0,827.43,679.79,908.68,825.18,25
20,player,515,0,0,828.21,679.94,909.46,825.34,25
20,player,516,0,0,828.99,680.10,910.23,825.49,25
20,player,517,0,0,829.76,680.25,911.01,825.64,25
20,player,518,0,0,830.54,680.41,911.79,825.80,25
20,player,519,0,0,831.32,680.56,912.57,825.95,25
20,player,520,0,0,832.10,680.72,913.34,826.11,25
20,player,521,0,0,832.87,680.87,914.12,826.26,25
20,player,522,0,0,833.65,681.02,914.90,826.42,25
20,player,523,0,0,834.43,681.18,915.67,826.57,25
20,player,524,0,0,835.20,681.33,916.45,826.72,25
20,player,525,0,0,835.98,681.49,917.23,826.88,25
20,player,526,0,0,836.76,681.64,918.01,827.03,25
20,player,527,0,0,837.54,681.80,918.78,827.19,25
20,player,528,0,0,838.31,681.95,919.56,827.34,25
20,player,529,0,0,839.09,682.10,920.34,827.49,25
20,player,530,0,0,839.87,682.26,921.12,827.65,25
20,player,531,0,0,840.65,682.41,921.89,827.80,25
20,player,532,0,0,841.42,682.57,922.67,827.96,25
20,player,533,0,0,842.20,682.72,923.45,828.11,25
20,player,534,0,0,842.98,682.88,924.22,828.27,25
20,player,535,0,0,843.76,683.03,925.00,828.42,25
20,player,536,0,0,844.53,683.18,925.78,828.57,25
20,player,537,0,0,845.31,683.34,926.56,828.73,25
20,player,538,0,0,846.09,683.49,927.33,828.88,25
20,player,539,0,0,846.86,683.65,928.11,829.04,25
20,player,540,0,0,847.64,683.80,928.89,829.19,25
20,player,541,0,0,848.42,683.96,929.67,829.35,25
20,player,542,0,0,849.20,684.11,930.44,829.50,25
20,player,543,0,0,849.97,684.26,931.22,829.65,25
20,player,544,0,0,850.75,684.42,932.00,829.81,25
20,player,545,0,0,851.53,684.57,932.78,829.96,25
20,player,546,0,0,852.31,684.73,933.55,830.12,25
20,player,547,0,0,853.08,684.88,934.33,830.27,25
20,player,548,0,0,853.86,685.04,935.11,830.43,25
20,player,549,0,0,854.64,685.19,935.88,830.58,25
20,player,550,0,0,855.41,685.34,936.66,830.73,25
20,player,551,0,0,856.19,685.50,937.44,830.89,25
20,player,552,0,0,856.97,685.65,938.22,831.04,25
20,player,553,0,0,857.75,685.81,938.99,831.20,25
20,player,554,0,0,858.52,685.96,939.77,831.35,25
20,player,555,0,0,859.30,686.12,940.55,831.51,25
20,player,556,0,0,860.08,686.27,941.33,831.66,25
20,player,557,0,0,860.86,686.42,942.10,831.81,25
20,player,558,0,0,861.63,686.58,942.88,831.97,25
20,player,559,0,0,862.41,686.73,943.66,832.12,25
20,player,560,0,0,863.19,686.89,944.43,832.28,25
20,player,561,0,0,863.96,687.04,945.21,832.43,25
20,player,562,0,0,868.59,687.55,949.84,832.94,25
20,player,563,0,0,873.22,688.06,954.47,833.45,25
20,player,564,0,0,877.85,688.57,959.10,833.96,25
20,player,565,0,0,882.48,689.08,963.73,834.47,25
20,player,566,0,0,887.11,689.59,968.36,834.98,25
20,player,567,0,0,891.74,690.10,972.99,835.49,25
20,player,568,0,0,896.37,690.61,977.62,836.00,25
20,player,569,0,0,901.00,691.12,982.25,836.52,25
20,player,570,0,0,905.63,691.64,986.88,837.03,25
20,player,571,0,0,910.26,692.15,991.51,837.54,25
20,player,572,0,0,914.89,692.66,996.13,838.05,25
20,player,573,0,0,922.55,691.34,1003.80,836.73,25
20,player,574,0,0,930.22,690.03,1011.46,835.42,25
20,player,575,0,0,937.88,688.71,1019.13,834.10,25
20,player,576,0,0,944.88,689.42,1026.13,834.81,25
20,player,577,0,0,951.88,690.13,1033.12,835.52,25
20,player,578,0,0,958.88,690.84,1040.12,836.23,25
20,player,579,0,0,965.87,691.55,1047.12,836.94,25
20,player,580,0,0,972.87,692.26,1054.12,837.65,25
20,player,581,0,0,977.54,692.50,1058.79,837.89,25
20,player,582,0,0,982.22,692.73,1063.46,838.12,25
20,player,583,0,0,986.89,692.96,1068.14,838.35,25
20,player,584,0,0,991.56,693.20,1072.81,838.59,25
20,player,585,0,0,996.24,693.43,1077.48,838.82,25
20,player,586,0,0,1000.91,693.66,1082.16,839.05,25
20,player,587,0,0,1005.58,693.90,1086.83,839.29,25
20,player,588,0,0,1010.25,694.13,1091.50,839.52,25
20,player,589,0,0,1014.93,694.36,1096.17,839.75,25
20,player,590,0,0,1019.60,694.60,1100.85,839.99,25
20,player,591,0,0,1024.27,694.83,1105.52,840.22,25
20,player,592,0,0,1028.94,695.06,1110.19,840.45,25
20,player,593,0,0,1033.62,695.30,1114.86,840.69,25
20,player,594,0,0,1038.29,695.53,1119.54,840.92,25
20,player,595,0,0,1042.96,695.76,1124.21,841.15,25
20,player,596,0,0,1047.64,695.99,1128.88,841.39,25
20,player,597,0,0,1052.31,696.23,1133.55,841.62,25
20,player,598,0,0,1056.98,696.46,1138.23,841.85,25
20,player,599,0,0,1061.65,696.69,1142.90,842.08,25
20,player,600,0,0,1063.51,697.51,1144.75,842.90,25
20,player,601,0,0,1065.36,698.33,1146.61,843.72,25
20,player,602,0,0,1067.21,699.14,1148.46,844.53,25
20,player,603,0,0,1069.06,699.96,1150.31,845.35,25
20,player,604,0,0,1070.92,700.78,1152.16,846.17,25
20,player,605,0,0,1072.77,701.59,1154.02,846.98,25
20,player,606,0,0,1074.62,702.41,1155.87,847.80,25
20,player,607,0,0,1087.16,705.37,1168.41,850.76,25
20,player,608,0,0,1086.77,703.94,1168.01,849.33,25
20,player,609,0,0,1086.37,702.51,1167.61,847.90,25
20,player,610,0,0,1085.97,701.09,1167.22,846.48,25
20,player,611,0,0,1085.57,699.66,1166.82,845.05,25
20,player,612,0,0,1085.17,698.24,1166.42,843.63,25
20,player,613,0,0,1084.77,696.81,1166.02,842.20,25
20,player,614,0,0,1076.44,695.38,1157.69,840.77,25
20,player,615,0,0,1068.11,693.96,1149.36,839.35,25
20,player,616,0,0,1059.78,692.53,1141.03,837.92,25
20,player,617,0,0,1051.45,691.11,1132.70,836.50,25
20,player,618,0,0,1043.12,689.68,1124.37,835.07,25
20,player,619,0,0,1034.79,688.25,1116.04,833.65,25
20,player,620,0,0,1026.46,686.83,1107.71,832.22,25
20,player,621,0,0,1018.13,685.40,1099.38,830.79,25
20,player,622,0,0,1009.80,683.98,1091.05,829.37,25
20,player,623,0,0,1001.47,682.55,1082.72,827.94,25
20,player,624,0,0,993.14,681.13,1074.39,826.52,25
20,player,625,0,0,984.81,679.70,1066.06,825.09,25
20,player,626,0,0,976.48,678.27,1057.73,823.66,25
20,player,627,0,0,968.15,676.85,1049.40,822.24,25
20,player,628,0,0,959.83,675.42,1041.07,820.81,25
20,player,629,0,0,951.50,674.00,1032.74,819.39,25
20,player,630,0,0,943.17,672.57,1024.41,817.96,25
20,player,631,0,0,934.84,671.14,1016.08,816.53,25
20,player,632,0,0,926.51,669.72,1007.75,815.11,25
20,player,633,0,0,918.18,668.29,999.42,813.68,25
20,player,634,0,0,909.85,666.87,991.09,812.26,25
20,player,635,0,0,901.52,665.44,982.76,810.83,25
20,player,636,0,0,893.19,664.01,974.43,809.41,25
20,player,637,0,0,884.86,662.59,966.10,807.98,25
20,player,638,0,0,876.53,661.16,957.77,806.55,25
20,player,639,0,0,868.20,659.74,949.44,805.13,25
20,player,640,0,0,859.87,658.31,941.11,803.70,25
20,player,641,0,0,851.54,656.89,932.78,802.28,25
20,player,642,0,0,843.21,655.46,924.45,800.85,25
20,player,643,0,0,834.88,654.03,916.12,799.42,25
20,player,644,0,0,826.55,652.61,907.79,798.00,25
20,player,645,0,0,818.22,651.18,899.47,796.57,25
20,player,646,0,0,809.89,649.76,891.14,795.15,25
20,player,647,0,0,801.56,648.33,882.81,793.72,25
20,player,648,0,0,793.23,646.90,874.48,792.29,25
20,player,649,0,0,786.24,645.05,867.49,790.44,25
20,player,650,0,0,779.26,643.20,860.51,788.59,25
20,player,651,0,0,772.28,641.35,853.52,786.74,25
20,player,652,0,0,765.29,639.49,846.54,784.88,25
20,player,653,0,0,758.31,637.64,839.55,783.03,25
20,player,654,0,0,751.32,635.79,832.57,781.18,25
20,player,655,0,0,744.34,633.93,825.58,779.32,25
20,player,656,0,0,737.35,632.08,818.60,777.47,25
20,player,657,0,0,730.37,630.23,811.62,775.62,25
20,player,658,0,0,723.38,628.37,804.63,773.76,25
20,player,659,0,0,716.40,626.52,797.65,771.91,25
20,player,660,0,0,709.42,624.67,790.66,770.06,25
20,player,661,0,0,702.43,622.82,783.68,768.21,25
20,player,662,0,0,695.45,620.96,776.69,766.35,25
20,player,663,0,0,688.46,619.11,769.71,764.50,25
20,player,664,0,0,681.48,617.26,762.73,762.65,25
20,player,665,0,0,674.49,615.40,755.74,760.79,25
20,player,666,0,0,667.51,613.55,748.76,758.94,25
20,player,667,0,0,660.52,611.70,741.77,757.09,25
20,player,668,0,0,653.54,609.84,734.79,755.24,25
20,player,669,0,0,646.56,607.99,727.80,753.38,25
20,player,670,0,0,639.57,606.14,720.82,751.53,25
20,player,671,0,0,632.59,604.29,713.83,749.68,25
20,player,672,0,0,625.60,602.43,706.85,747.82,25
20,player,673,0,0,618.62,600.58,699.87,745.97,25
20,player,674,0,0,611.63,598.73,692.88,744.12,25
20,player,675,0,0,604.65,596.87,685.90,742.26,25
20,player,676,0,0,597.67,595.02,678.91,740.41,25
20,player,677,0,0,590.68,593.17,671.93,738.56,25
20,player,678,0,0,583.70,591.31,664.94,736.71,25
20,player,679,0,0,585.94,589.28,667.18,734.67,25
20,player,680,0,0,588.18,587.24,669.42,732.63,25
20,player,681,0,0,590.42,585.21,671.66,730.60,25
20,player,682,0,0,592.66,583.17,673.90,728.56,25
20,player,683,0,0,594.90,581.13,676.14,726.52,25
20,player,684,0,0,597.14,579.10,678.38,724.49,25
20,player,685,0,0,599.38,577.06,680.62,722.45,25
20,player,686,0,0,601.62,575.02,682.86,720.41,25
20,player,687,0,0,603.86,572.99,685.10,718.38,25
20,player,688,0,0,606.10,570.95,687.34,716.34,25
20,player,689,0,0,608.34,568.92,689.58,714.31,25
20,player,690,0,0,610.58,566.88,691.82,712.27,25
20,player,691,0,0,612.82,564.84,694.06,710.23,25
20,player,692,0,0,615.06,562.81,696.30,708.20,25
20,player,693,0,0,617.29,560.77,698.54,706.16,25
20,player,694,0,0,619.53,558.73,700.78,704.12,25
20,player,695,0,0,621.77,556.70,703.02,702.09,25
20,player,696,0,0,624.01,554.66,705.26,700.05,25
20,player,697,0,0,626.25,552.63,707.50,698.02,25
20,player,698,0,0,628.49,550.59,709.74,695.98,25
20,player,699,0,0,630.73,548.55,711.98,693.94,25
20,player,700,0,0,632.16,548.37,713.41,693.77,25
20,player,701,0,0,633.59,548.20,714.83,693.59,25
20,player,702,0,0,635.01,548.02,716.26,693.41,25
20,player,703,0,0,636.44,547.84,717.68,693.23,25
20,player,704,0,0,637.86,547.66,719.11,693.05,25
20,player,705,0,0,639.29,547.48,720.53,692.87,25
20,player,706,0,0,640.71,547.31,721.96,692.70,25
20,player,707,0,0,642.14,547.13,723.38,692.52,25
20,player,708,0,0,643.56,546.95,724.81,692.34,25
20,player,709,0,0,644.99,546.77,726.24,692.16,25
20,player,710,0,0,646.41,546.59,727.66,691.98,25
20,player,711,0,0,647.84,546.41,729.09,691.80,25
20,player,712,0,0,646.62,544.73,727.86,690.12,25
20,player,713,0,0,645.40,543.05,726.64,688.44,25
20,player,714,0,0,644.17,541.37,725.42,686.76,25
20,player,715,0,0,642.95,539.69,724.20,685.09,25
20,player,716,0,0,641.73,538.01,722.98,683.41,25
20,player,717,0,0,640.51,536.33,721.76,681.73,25
20,player,718,0,0,639.29,534.65,720.53,680.05,25
20,player,719,0,0,638.06,532.97,719.31,678.37,25
20,player,720,0,0,636.84,531.29,718.09,676.69,25
20,player,721,0,0,635.62,529.61,716.87,675.01,25
20,player,722,0,0,634.40,527.94,715.65,673.33,25
20,player,723,0,0,633.18,526.26,714.42,671.65,25
20,player,724,0,0,631.96,524.58,713.20,669.97,25
20,player,725,0,0,630.73,522.90,711.98,668.29,25
20,player,726,0,0,629.51,521.22,710.76,666.61,25
20,player,727,0,0,628.29,519.54,709.54,664.93,25
20,player,728,0,0,627.07,517.86,708.32,663.25,25
20,player,729,0,0,625.85,516.18,707.09,661.57,25
20,player,730,0,0,624.63,514.50,705.87,659.89,25
20,player,731,0,0,623.40,512.82,704.65,658.21,25
20,player,732,0,0,622.18,511.14,703.43,656.53,25
20,player,733,0,0,620.96,509.46,702.21,654.85,25
20,player,734,0,0,619.74,507.78,700.99,653.17,25
20,player,735,0,0,618.52,506.10,699.76,651.49,25
20,player,736,0,0,617.29,504.42,698.54,649.81,25
20,player,737,0,0,616.07,502.74,697.32,648.13,25
20,player,738,0,0,614.85,501.06,696.10,646.45,25
20,player,739,0,0,613.63,499.38,694.88,644.77,25
20,player,740,0,0,612.41,497.70,693.65,643.09,25
20,player,741,0,0,611.19,496.02,692.43,641.41,25
20,player,742,0,0,609.96,494.34,691.21,639.73,25
20,player,743,0,0,608.74,492.66,689.99,638.05,25
20,player,744,0,0,607.52,490.98,688.77,636.37,25
20,player,745,0,0,606.30,489.30,687.55,634.69,25
20,player,746,0,0,605.08,487.62,686.32,633.01,25
20,player,747,0,0,603.86,485.94,685.10,631.33,25
20,player,748,0,0,602.63,484.26,683.88,629.65,25
20,player,749,0,0,601.41,482.58,682.66,627.97,25
20,player,750,0,0,600.19,480.90,681.44,626.29,25
20,player,751,0,0,598.97,479.22,680.22,624.61,25
20,player,752,0,0,597.75,477.54,678.99,622.93,25
20,player,753,0,0,596.52,475.86,677.77,621.25,25
20,player,754,0,0,595.30,474.18,676.55,619.57,25
20,player,755,0,0,594.08,472.50,675.33,617.89,25
20,player,756,0,0,592.86,470.82,674.11,616.21,25
20,player,757,0,0,591.64,469.14,672.88,614.53,25
20,player,758,0,0,590.42,467.46,671.66,612.85,25
20,player,759,0,0,589.19,465.78,670.44,611.17,25
20,player,760,0,0,587.97,464.10,669.22,609.49,25
20,player,761,0,0,586.75,462.42,668.00,607.81,25
20,player,762,0,0,585.53,460.74,666.78,606.13,25
20,player,763,0,0,584.31,459.06,665.55,604.45,25
20,player,764,0,0,583.09,457.38,664.33,602.77,25
20,player,765,0,0,581.86,455.70,663.11,601.09,25
20,player,766,0,0,580.64,454.02,661.89,599.41,25
20,player,767,0,0,579.42,452.34,660.67,597.73,25
20,player,768,0,0,572.63,451.33,653.88,596.72,25
20,player,769,0,0,565.84,450.33,647.08,595.72,25
20,player,770,0,0,559.05,449.32,640.29,594.71,25
20,player,771,0,0,552.25,448.31,633.50,593.70,25
20,player,772,0,0,545.46,447.31,626.71,592.70,25
20,player,773,0,0,538.67,446.30,619.92,591.69,25
20,player,774,0,0,531.88,445.30,613.13,590.69,25
20,player,775,0,0,525.09,444.29,606.33,589.68,25
20,player,776,0,0,518.30,443.28,599.54,588.67,25
20,player,777,0,0,511.50,442.28,592.75,587.67,25
20,player,778,0,0,504.71,441.27,585.96,586.66,25
20,player,779,0,0,497.92,440.27,579.17,585.66,25
20,player,780,0,0,491.13,439.26,572.38,584.65,25
20,player,781,0,0,484.34,438.25,565.58,583.64,25
20,player,782,0,0,477.55,437.25,558.79,582.64,25
20,player,783,0,0,470.75,436.24,552.00,581.63,25
20,player,784,0,0,463.96,435.23,545.21,580.62,25
20,player,785,0,0,457.55,435.88,538.80,581.27,25
20,player,786,0,0,451.13,436.52,532.38,581.91,25
20,player,787,0,0,444.72,437.16,525.97,582.55,25
20,player,788,0,0,438.31,437.80,519.55,583.19,25
20,player,789,0,0,431.89,438.44,513.14,583.83,25
20,player,790,0,0,425.48,439.08,506.72,584.47,25
20,player,791,0,0,419.06,439.72,500.31,585.12,25
20,player,792,0,0,412.65,440.37,493.90,585.76,25
20,player,793,0,0,406.23,441.01,487.48,586.40,25
20,player,794,0,0,399.82,441.65,481.07,587.04,25
20,player,795,0,0,393.41,442.29,474.65,587.68,25
20,player,796,0,0,386.99,442.93,468.24,588.32,25
20,player,797,0,0,380.58,443.57,461.82,588.96,25
20,player,798,0,0,374.16,444.21,455.41,589.61,25
20,player,799,0,0,367.75,444.86,449.00,590.25,25
20,player,800,0,0,361.33,445.50,442.58,590.89,25
20,player,801,0,0,354.92,446.14,436.17,591.53,25
20,player,802,0,0,348.51,446.78,429.75,592.17,25
20,player,803,0,0,342.09,447.42,423.34,592.81,25
20,player,804,0,0,335.68,448.06,416.92,593.45,25
20,player,805,0,0,329.26,448.70,410.51,594.10,25
20,player,806,0,0,322.85,449.35,404.10,594.74,25
20,player,807,0,0,316.43,449.99,397.68,595.38,25
20,player,808,0,0,310.02,450.63,391.27,596.02,25
20,player,809,0,0,303.61,451.27,384.85,596.66,25
20,player,810,0,0,297.19,451.91,378.44,597.30,25
20,player,811,0,0,290.78,452.55,372.02,597.94,25
20,player,812,0,0,284.36,453.19,365.61,598.59,25
20,player,813,0,0,277.95,453.84,359.20,599.23,25
20,player,814,0,0,271.54,454.48,352.78,599.87,25
20,player,815,0,0,279.02,454.66,360.27,600.05,25
20,player,816,0,0,286.50,454.83,367.75,600.22,25
20,player,817,0,0,293.99,455.01,375.23,600.40,25
20,player,818,0,0,301.47,455.19,382.72,600.58,25
20,player,819,0,0,308.95,455.37,390.20,600.76,25
20,player,820,0,0,316.44,455.55,397.68,600.94,25
20,player,821,0,0,323.92,455.72,405.17,601.12,25
20,player,822,0,0,331.40,455.90,412.65,601.29,25
20,player,823,0,0,338.89,456.08,420.13,601.47,25
20,player,824,0,0,346.37,456.26,427.62,601.65,25
20,player,825,0,0,353.85,456.44,435.10,601.83,25
20,player,826,0,0,361.33,456.62,442.58,602.01,25
20,player,827,0,0,368.82,456.79,450.07,602.18,25
20,player,828,0,0,376.30,456.97,457.55,602.36,25
20,player,829,0,0,383.78,457.15,465.03,602.54,25
20,player,830,0,0,391.27,457.33,472.52,602.72,25
20,player,831,0,0,398.75,457.51,480.00,602.90,25
20,player,832,0,0,406.23,457.68,487.48,603.08,25
20,player,833,0,0,413.72,457.86,494.97,603.25,25
20,player,834,0,0,421.20,458.04,502.45,603.43,25
20,player,835,0,0,428.68,458.22,509.93,603.61,25
20,player,836,0,0,436.17,458.40,517.42,603.79,25
20,player,837,0,0,443.65,458.58,524.90,603.97,25
20,player,838,0,0,451.13,458.75,532.38,604.14,25
20,player,839,0,0,460.84,459.41,542.09,604.80,25
20,player,840,0,0,470.54,460.07,551.79,605.46,25
20,player,841,0,0,480.25,460.73,561.49,606.12,25
20,player,842,0,0,489.95,461.39,571.20,606.78,25
20,player,843,0,0,499.65,462.04,580.90,607.43,25
20,player,844,0,0,509.36,462.70,590.60,608.09,25
20,player,845,0,0,519.06,463.36,600.31,608.75,25
20,player,846,0,0,528.76,464.02,610.01,609.41,25
20,player,847,0,0,538.47,464.68,619.71,610.07,25
20,player,848,0,0,548.17,465.33,629.42,610.72,25
20,player,849,0,0,557.87,465.99,639.12,611.38,25
20,player,850,0,0,567.58,466.65,648.83,612.04,25
20,player,851,0,0,577.28,467.31,658.53,612.70,25
20,player,852,0,0,587.41,467.79,668.66,613.18,25
20,player,853,0,0,597.54,468.27,678.78,613.66,25
20,player,854,0,0,607.66,468.75,688.91,614.14,25
20,player,855,0,0,617.79,469.23,699.04,614.62,25
20,player,856,0,0,627.92,469.71,709.16,615.10,25
20,player,857,0,0,638.04,470.19,719.29,615.58,25
20,player,858,0,0,648.17,470.67,729.42,616.06,25
20,player,859,0,0,658.30,471.15,739.54,616.54,25
20,player,860,0,0,668.42,471.63,749.67,617.02,25
20,player,861,0,0,678.55,472.11,759.80,617.50,25
20,player,862,0,0,688.68,472.59,769.93,617.98,25
20,player,863,0,0,698.81,473.06,780.05,618.46,25
20,player,864,0,0,708.93,473.54,790.18,618.94,25
20,player,865,0,0,719.06,474.02,800.31,619.42,25
20,player,866,0,0,729.19,474.50,810.43,619.90,25
20,player,867,0,0,739.31,474.98,820.56,620.38,25
20,player,868,0,0,749.44,475.46,830.69,620.85,25
20,player,869,0,0,759.57,475.94,840.81,621.33,25
20,player,870,0,0,769.69,476.42,850.94,621.81,25
20,player,871,0,0,779.82,476.90,861.07,622.29,25
20,player,872,0,0,789.95,477.38,871.19,622.77,25
20,player,873,0,0,800.07,477.86,881.32,623.25,25
20,player,874,0,0,810.20,478.34,891.45,623.73,25
20,player,875,0,0,820.33,478.82,901.58,624.21,25
20,player,876,0,0,830.46,479.30,911.70,624.69,25
20,player,877,0,0,840.58,479.78,921.83,625.17,25
20,player,878,0,0,850.71,480.26,931.96,625.65,25
20,player,879,0,0,860.84,480.74,942.08,626.13,25
20,player,880,0,0,870.96,481.22,952.21,626.61,25
20,player,881,0,0,881.09,481.70,962.34,627.09,25
20,player,882,0,0,891.22,482.18,972.46,627.57,25
20,player,883,0,0,901.34,482.66,982.59,628.05,25
20,player,884,0,0,911.47,483.14,992.72,628.53,25
20,player,885,0,0,921.60,483.62,1002.84,629.01,25
20,player,886,0,0,931.72,484.10,1012.97,629.49,25
20,player,887,0,0,941.85,484.58,1023.10,629.97,25
20,player,888,0,0,951.98,485.06,1033.23,630.45,25
20,player,889,0,0,962.10,485.54,1043.35,630.93,25
20,player,890,0,0,972.23,486.02,1053.48,631.41,25
20,player,891,0,0,982.36,486.50,1063.61,631.89,25
20,player,892,0,0,992.49,486.98,1073.73,632.37,25
20,player,893,0,0,1002.61,487.46,1083.86,632.85,25
20,player,894,0,0,1012.74,487.94,1093.99,633.33,25
20,player,895,0,0,1022.87,488.42,1104.11,633.81,25
20,player,896,0,0,1032.99,488.90,1114.24,634.29,25
20,player,897,0,0,1043.12,489.38,1124.37,634.77,25
20,player,898,0,0,1053.25,489.86,1134.49,635.25,25
20,player,899,0,0,1063.37,490.34,1144.62,635.73,25
21,player,266,0,0,252.29,309.09,333.54,454.48,-1
21,player,267,0,0,247.41,310.08,328.65,455.47,-1
21,player,268,0,0,242.52,311.07,323.77,456.46,-1
21,player,269,0,0,237.63,312.06,318.88,457.46,-1
21,player,270,0,0,232.75,313.06,313.99,458.45,-1
21,player,271,0,0,227.86,314.05,309.11,459.44,-1
21,player,272,0,0,222.97,315.04,304.22,460.43,-1
21,player,273,0,0,218.09,316.04,299.33,461.43,-1
21,player,274,0,0,213.20,317.03,294.45,462.42,-1
21,player,275,0,0,208.31,318.02,289.56,463.41,-1
21,player,276,0,0,203.42,319.01,284.67,464.40,-1
21,player,277,0,0,198.54,320.01,279.78,465.40,-1
21,player,278,0,0,193.65,321.00,274.90,466.39,-1
21,player,279,0,0,188.76,321.99,270.01,467.38,-1
21,player,280,0,0,183.88,322.98,265.12,468.38,-1
21,player,281,0,0,178.99,323.98,260.24,469.37,-1
21,player,282,0,0,174.10,324.97,255.35,470.36,-1
21,player,283,0,0,169.21,325.96,250.46,471.35,-1
21,player,284,0,0,164.33,326.96,245.57,472.35,-1
21,player,285,0,0,159.44,327.95,240.69,473.34,-1
21,player,286,0,0,154.55,328.94,235.80,474.33,-1
21,player,287,0,0,149.67,329.93,230.91,475.32,-1
21,player,288,0,0,144.78,330.93,226.03,476.32,-1
21,player,289,0,0,139.89,331.92,221.14,477.31,-1
21,player,290,0,0,135.01,332.91,216.25,478.30,-1
21,player,291,0,0,130.12,333.90,211.37,479.29,-1
21,player,292,0,0,125.23,334.90,206.48,480.29,-1
21,player,293,0,0,120.34,335.89,201.59,481.28,-1
21,player,294,0,0,115.46,336.88,196.70,482.27,-1
21,player,295,0,0,115.46,336.88,196.70,482.27,-1
21,player,296,0,0,115.46,336.88,196.70,482.27,-1
21,player,297,0,0,115.46,336.88,196.70,482.27,-1
21,player,298,0,0,115.46,336.88,196.70,482.27,-1
21,player,299,0,0,115.46,336.88,196.70,482.27,-1
21,player,300,0,0,115.46,336.88,196.70,482.27,-1
21,player,301,0,0,115.46,336.88,196.70,482.27,-1
21,player,302,0,0,115.46,336.88,196.70,482.27,-1
21,player,303,0,0,115.46,336.88,196.70,482.27,-1
21,player,304,0,0,115.46,336.88,196.70,482.27,-1
21,player,305,0,0,115.46,336.88,196.70,482.27,-1
21,player,306,0,0,115.46,336.88,196.70,482.27,-1
21,player,307,0,0,115.46,336.88,196.70,482.27,-1
21,player,308,0,0,115.46,336.88,196.70,482.27,-1
21,player,309,0,0,115.46,336.88,196.70,482.27,-1
21,player,310,0,0,115.46,336.88,196.70,482.27,-1
21,player,311,0,0,115.46,336.88,196.70,482.27,-1
21,player,312,0,0,115.46,336.88,196.70,482.27,-1
21,player,313,0,0,115.46,336.88,196.70,482.27,-1
21,player,314,0,0,115.46,336.88,196.70,482.27,-1
21,player,315,0,0,115.46,336.88,196.70,482.27,-1
21,player,316,0,0,115.46,336.88,196.70,482.27,-1
21,player,317,0,0,115.46,336.88,196.70,482.27,-1
21,player,318,0,0,115.46,336.88,196.70,482.27,-1
21,player,319,0,0,115.46,336.88,196.70,482.27,-1
21,player,320,0,0,115.46,336.88,196.70,482.27,-1
21,player,321,0,0,115.46,336.88,196.70,482.27,-1
21,player,322,1,0,115.46,336.88,196.70,482.27,-1
22,player,266,0,0,98.35,488.69,179.60,634.08,-1
22,player,267,0,0,98.35,488.69,179.60,634.08,-1
22,player,268,0,0,98.35,488.69,179.60,634.08,-1
22,player,269,0,0,98.35,488.69,179.60,634.08,-1
22,player,270,0,0,98.35,488.69,179.60,634.08,-1
22,player,271,0,0,98.35,488.69,179.60,634.08,-1
22,player,272,0,0,98.35,488.69,179.60,634.08,-1
22,player,273,0,0,98.35,488.69,179.60,634.08,-1
22,player,274,0,0,98.35,488.69,179.60,634.08,-1
22,player,275,0,0,98.35,488.69,179.60,634.08,-1
22,player,276,0,0,98.35,488.69,179.60,634.08,-1
22,player,277,0,0,98.35,488.69,179.60,634.08,-1
22,player,278,0,0,98.35,488.69,179.60,634.08,-1
22,player,279,0,0,98.35,488.69,179.60,634.08,-1
22,player,280,0,0,98.35,488.69,179.60,634.08,-1
22,player,281,0,0,98.35,488.69,179.60,634.08,-1
22,player,282,0,0,98.35,488.69,179.60,634.08,-1
22,player,283,0,0,98.35,488.69,179.60,634.08,-1
22,player,284,0,0,98.35,488.69,179.60,634.08,-1
22,player,285,0,0,98.35,488.69,179.60,634.08,-1
22,player,286,0,0,98.35,488.69,179.60,634.08,-1
22,player,287,0,0,98.35,488.69,179.60,634.08,-1
22,player,288,0,0,98.35,488.69,179.60,634.08,-1
22,player,289,0,0,98.35,488.69,179.60,634.08,-1
22,player,290,0,0,98.35,488.69,179.60,634.08,-1
22,player,291,0,0,98.35,488.69,179.60,634.08,-1
22,player,292,0,0,98.35,488.69,179.60,634.08,-1
22,player,293,0,0,98.35,488.69,179.60,634.08,-1
22,player,294,1,0,98.35,488.69,179.60,634.08,-1
23,player,294,0,0,1755.40,262.05,1836.62,390.30,-1
23,player,295,0,0,1743.79,261.90,1825.01,390.15,-1
23,player,296,0,0,1732.19,261.74,1813.40,389.99,-1
23,player,297,0,0,1720.58,261.59,1801.80,389.84,-1
23,player,298,0,0,1708.97,261.44,1790.19,389.69,-1
23,player,299,0,0,1697.37,261.29,1778.58,389.54,-1
23,player,300,0,0,1685.76,261.13,1766.98,389.38,-1
23,player,301,0,0,1674.15,260.98,1755.37,389.23,-1
23,player,302,0,0,1662.55,260.83,1743.76,389.08,-1
23,player,303,0,0,1650.94,260.67,1732.16,388.93,-1
23,player,304,0,0,1639.33,260.52,1720.55,388.77,-1
23,player,305,0,0,1627.73,260.37,1708.94,388.62,-1
23,player,306,0,0,1616.12,260.22,1697.33,388.47,-1
23,player,307,0,0,1604.51,260.06,1685.73,388.31,-1
23,player,308,0,0,1592.91,259.91,1674.12,388.16,-1
23,player,309,0,0,1581.30,259.76,1662.51,388.01,-1
23,player,310,0,0,1569.69,259.61,1650.91,387.86,-1
23,player,311,0,0,1558.08,259.45,1639.30,387.70,-1
23,player,312,0,0,1546.48,259.30,1627.69,387.55,-1
23,player,313,0,0,1534.87,259.15,1616.09,387.40,-1
23,player,314,0,0,1523.26,258.99,1604.48,387.25,-1
23,player,315,0,0,1511.66,258.84,1592.87,387.09,-1
23,player,316,0,0,1500.05,258.69,1581.27,386.94,-1
23,player,317,0,0,1488.44,258.54,1569.66,386.79,-1
23,player,318,0,0,1476.84,258.38,1558.05,386.63,-1
23,player,319,0,0,1465.23,258.23,1546.45,386.48,-1
23,player,320,0,0,1453.62,258.08,1534.84,386.33,-1
23,player,321,0,0,1442.02,257.93,1523.23,386.18,-1
23,player,322,0,0,1430.41,257.77,1511.63,386.02,-1
23,player,323,0,0,1430.74,257.30,1511.96,385.56,-1
23,player,324,0,0,1431.08,256.84,1512.29,385.09,-1
23,player,325,0,0,1431.41,256.37,1512.63,384.62,-1
23,player,326,0,0,1431.75,255.90,1512.96,384.15,-1
23,player,327,0,0,1432.08,255.43,1513.30,383.69,-1
23,player,328,0,0,1432.41,254.97,1513.63,383.22,-1
23,player,329,0,0,1432.75,254.50,1513.96,382.75,-1
23,player,330,0,0,1433.08,254.03,1514.30,382.28,-1
23,player,331,0,0,1433.42,253.56,1514.63,381.81,-1
23,player,332,0,0,1433.75,253.10,1514.97,381.35,-1
23,player,333,0,0,1434.08,252.63,1515.30,380.88,-1
23,player,334,0,0,1434.42,252.16,1515.64,380.41,-1
23,player,335,0,0,1434.75,251.69,1515.97,379.94,-1
23,player,336,0,0,1435.09,251.22,1516.30,379.48,-1
23,player,337,0,0,1435.42,250.76,1516.64,379.01,-1
23,player,338,0,0,1435.76,250.29,1516.97,378.54,-1
23,player,339,0,0,1436.09,249.82,1517.31,378.07,-1
23,player,340,0,0,1436.42,249.35,1517.64,377.60,-1
23,player,341,0,0,1436.76,248.89,1517.97,377.14,-1
23,player,342,0,0,1437.09,248.42,1518.31,376.67,-1
23,player,343,0,0,1437.43,247.95,1518.64,376.20,-1
23,player,344,0,0,1437.76,247.48,1518.98,375.73,-1
23,player,345,0,0,1438.09,247.02,1519.31,375.27,-1
23,player,346,0,0,1438.43,246.55,1519.64,374.80,-1
23,player,347,0,0,1438.76,246.08,1519.98,374.33,-1
23,player,348,0,0,1439.10,245.61,1520.31,373.86,-1
23,player,349,0,0,1439.43,245.14,1520.65,373.40,-1
23,player,350,0,0,1439.76,244.68,1520.98,372.93,-1
23,player,351,0,0,1440.10,244.21,1521.31,372.46,-1
23,player,352,0,0,1440.43,243.74,1521.65,371.99,-1
23,player,353,0,0,1440.77,243.27,1521.98,371.52,-1
23,player,354,0,0,1441.10,242.81,1522.32,371.06,-1
23,player,355,0,0,1448.94,240.67,1530.16,368.92,-1
23,player,356,0,0,1456.78,238.53,1538.00,366.78,-1
23,player,357,0,0,1464.62,236.39,1545.84,364.64,-1
23,player,358,0,0,1468.67,235.49,1549.89,363.74,-1
23,player,359,0,0,1472.72,234.59,1553.94,362.84,-1
23,player,360,0,0,1476.77,233.69,1557.99,361.94,-1
23,player,361,0,0,1480.82,232.79,1562.04,361.04,-1
23,player,362,0,0,1484.87,231.89,1566.09,360.14,-1
23,player,363,0,0,1488.93,230.99,1570.14,359.24,-1
23,player,364,0,0,1492.98,230.09,1574.19,358.34,-1
23,player,365,0,0,1497.03,229.19,1578.24,357.44,-1
23,player,366,0,0,1501.08,228.29,1582.30,356.54,-1
23,player,367,0,0,1505.13,227.39,1586.35,355.64,-1
23,player,368,0,0,1509.18,226.49,1590.40,354.74,-1
23,player,369,0,0,1513.23,225.59,1594.45,353.84,-1
23,player,370,0,0,1517.28,224.69,1598.50,352.94,-1
23,player,371,0,0,1521.33,223.79,1602.55,352.04,-1
23,player,372,0,0,1525.39,222.89,1606.60,351.14,-1
23,player,373,0,0,1529.44,221.99,1610.65,350.24,-1
23,player,374,0,0,1533.49,221.09,1614.70,349.34,-1
23,player,375,0,0,1537.54,220.19,1618.75,348.44,-1
23,player,376,0,0,1541.59,219.29,1622.81,347.54,-1
23,player,377,0,0,1545.87,219.82,1627.08,348.07,-1
23,player,378,0,0,1550.14,220.36,1631.36,348.61,-1
23,player,379,0,0,1554.42,220.89,1635.63,349.14,-1
23,player,380,0,0,1558.69,221.42,1639.91,349.68,-1
23,player,381,0,0,1559.93,221.30,1641.14,349.55,-1
23,player,382,0,0,1561.16,221.17,1642.37,349.42,-1
23,player,383,0,0,1562.39,221.04,1643.60,349.29,-1
23,player,384,0,0,1563.62,220.91,1644.83,349.16,-1
23,player,385,0,0,1564.85,220.78,1646.07,349.03,-1
23,player,386,0,0,1566.08,220.65,1647.30,348.90,-1
23,player,387,0,0,1567.31,220.52,1648.53,348.77,-1
23,player,388,0,0,1568.54,220.39,1649.76,348.64,-1
23,player,389,0,0,1569.77,220.26,1650.99,348.51,-1
23,player,390,0,0,1571.00,220.13,1652.22,348.38,-1
23,player,391,0,0,1572.24,220.00,1653.45,348.25,-1
23,player,392,0,0,1573.47,219.87,1654.68,348.12,-1
23,player,393,0,0,1574.70,219.74,1655.91,347.99,-1
23,player,394,0,0,1575.93,219.61,1657.14,347.86,-1
23,player,395,0,0,1577.16,219.48,1658.38,347.73,-1
23,player,396,0,0,1578.39,219.35,1659.61,347.60,-1
23,player,397,0,0,1579.62,219.22,1660.84,347.47,-1
23,player,398,0,0,1580.85,219.09,1662.07,347.34,-1
23,player,399,0,0,1582.08,218.96,1663.30,347.21,-1
23,player,400,0,0,1583.31,218.83,1664.53,347.08,-1
23,player,401,0,0,1584.55,218.70,1665.76,346.95,-1
23,player,402,0,0,1585.78,218.57,1666.99,346.83,-1
23,player,403,0,0,1587.01,218.44,1668.22,346.70,-1
23,player,404,0,0,1588.24,218.31,1669.45,346.57,-1
23,player,405,0,0,1589.47,218.19,1670.69,346.44,-1
23,player,406,0,0,1590.70,218.06,1671.92,346.31,-1
23,player,407,0,0,1591.93,217.93,1673.15,346.18,-1
23,player,408,0,0,1593.16,217.80,1674.38,346.05,-1
23,player,409,0,0,1594.39,217.67,1675.61,345.92,-1
23,player,410,0,0,1595.62,217.54,1676.84,345.79,-1
23,player,411,0,0,1596.86,217.41,1678.07,345.66,-1
23,player,412,0,0,1598.09,217.28,1679.30,345.53,-1
23,player,413,0,0,1599.32,217.15,1680.53,345.40,-1
23,player,414,0,0,1596.47,217.33,1677.68,345.58,-1
23,player,415,0,0,1593.62,217.50,1674.83,345.76,-1
23,player,416,0,0,1590.76,217.68,1671.98,345.93,-1
23,player,417,0,0,1587.91,217.86,1669.13,346.11,-1
23,player,418,0,0,1585.06,218.04,1666.28,346.29,-1
23,player,419,0,0,1582.21,218.22,1663.43,346.47,-1
23,player,420,0,0,1579.36,218.40,1660.58,346.65,-1
23,player,421,0,0,1576.51,218.57,1657.73,346.83,-1
23,player,422,0,0,1573.66,218.75,1654.88,347.00,-1
23,player,423,0,0,1570.81,218.93,1652.03,347.18,-1
23,player,424,0,0,1567.96,219.11,1649.17,347.36,-1
23,player,425,0,0,1565.11,219.29,1646.32,347.54,-1
23,player,426,0,0,1559.07,218.92,1640.28,347.17,-1
23,player,427,0,0,1553.02,218.54,1634.24,346.79,-1
23,player,428,0,0,1546.98,218.17,1628.20,346.42,-1
23,player,429,0,0,1540.94,217.80,1622.15,346.05,-1
23,player,430,0,0,1534.90,217.43,1616.11,345.68,-1
23,player,431,0,0,1528.85,217.06,1610.07,345.31,-1
23,player,432,0,0,1522.81,216.68,1604.03,344.94,-1
23,player,433,0,0,1516.77,216.31,1597.98,344.56,-1
23,player,434,0,0,1510.73,215.94,1591.94,344.19,-1
23,player,435,0,0,1504.68,215.57,1585.90,343.82,-1
23,player,436,0,0,1498.64,215.20,1579.86,343.45,-1
23,player,437,0,0,1492.60,214.83,1573.81,343.08,-1
23,player,438,0,0,1486.56,214.45,1567.77,342.70,-1
23,player,439,0,0,1480.51,214.08,1561.73,342.33,-1
23,player,440,0,0,1474.47,213.71,1555.69,341.96,-1
23,player,441,0,0,1468.43,213.34,1549.64,341.59,-1
23,player,442,0,0,1462.39,212.97,1543.60,341.22,-1
23,player,443,0,0,1456.34,212.59,1537.56,340.85,-1
23,player,444,0,0,1450.30,212.22,1531.52,340.47,-1
23,player,445,0,0,1444.26,211.85,1525.48,340.10,-1
23,player,446,0,0,1438.22,211.48,1519.43,339.73,-1
23,player,447,0,0,1432.17,211.11,1513.39,339.36,-1
23,player,448,0,0,1426.13,210.74,1507.35,338.99,-1
23,player,449,0,0,1416.09,210.41,1497.31,338.66,-1
23,player,450,0,0,1406.05,210.09,1487.26,338.34,-1
23,player,451,0,0,1396.00,209.76,1477.22,338.01,-1
23,player,452,0,0,1385.96,209.44,1467.18,337.69,-1
23,player,453,0,0,1375.92,209.12,1457.14,337.37,-1
23,player,454,0,0,1365.88,208.79,1447.09,337.04,-1
23,player,455,0,0,1355.83,208.47,1437.05,336.72,-1
23,player,456,0,0,1345.79,208.14,1427.01,336.39,-1
23,player,457,0,0,1335.75,207.82,1416.97,336.07,-1
23,player,458,0,0,1325.71,207.50,1406.92,335.75,-1
23,player,459,0,0,1315.66,207.17,1396.88,335.42,-1
23,player,460,0,0,1305.62,206.85,1386.84,335.10,-1
23,player,461,0,0,1295.58,206.52,1376.80,334.78,-1
23,player,462,0,0,1285.54,206.20,1366.75,334.45,-1
23,player,463,0,0,1275.49,205.88,1356.71,334.13,-1
23,player,464,0,0,1265.45,205.55,1346.67,333.80,-1
23,player,465,0,0,1255.41,205.23,1336.63,333.48,-1
23,player,466,0,0,1245.37,204.90,1326.58,333.16,-1
23,player,467,0,0,1235.32,204.58,1316.54,332.83,-1
23,player,468,0,0,1225.28,204.26,1306.50,332.51,-1
23,player,469,0,0,1215.24,203.93,1296.46,332.18,-1
23,player,470,0,0,1205.20,203.61,1286.41,331.86,-1
23,player,471,0,0,1195.15,203.28,1276.37,331.54,-1
23,player,472,0,0,1185.11,202.96,1266.33,331.21,-1
23,player,473,0,0,1175.07,202.64,1256.28,330.89,-1
23,player,474,0,0,1165.03,202.31,1246.24,330.56,-1
23,player,475,0,0,1154.98,201.99,1236.20,330.24,-1
23,player,476,0,0,1144.94,201.66,1226.16,329.92,-1
23,player,477,0,0,1134.90,201.34,1216.11,329.59,-1
23,player,478,0,0,1124.86,201.02,1206.07,329.27,-1
23,player,479,0,0,1114.81,200.69,1196.03,328.94,-1
23,player,480,0,0,1104.77,200.37,1185.99,328.62,-1
23,player,481,0,0,1094.73,200.04,1175.94,328.30,-1
23,player,482,0,0,1089.17,200.47,1170.39,328.72,-1
23,player,483,0,0,1083.61,200.90,1164.83,329.15,-1
23,player,484,0,0,1078.05,201.33,1159.27,329.58,-1
23,player,485,0,0,1072.49,201.76,1153.71,330.01,-1
23,player,486,0,0,1066.93,202.18,1148.15,330.43,-1
23,player,487,0,0,1066.31,202.04,1147.52,330.29,-1
23,player,488,0,0,1065.68,201.90,1146.90,330.15,-1
23,player,489,0,0,1065.05,201.76,1146.27,330.01,-1
23,player,490,0,0,1064.42,201.61,1145.64,329.86,-1
23,player,491,0,0,1063.80,201.47,1145.01,329.72,-1
23,player,492,0,0,1063.17,201.33,1144.39,329.58,-1
23,player,493,0,0,1062.54,201.19,1143.76,329.44,-1
23,player,494,0,0,1061.92,201.04,1143.13,329.29,-1
23,player,495,0,0,1061.29,200.90,1142.51,329.15,-1
23,player,496,0,0,1060.66,200.76,1141.88,329.01,-1
23,player,497,0,0,1060.03,200.62,1141.25,328.87,-1
23,player,498,0,0,1059.41,200.47,1140.62,328.72,-1
23,player,499,0,0,1058.78,200.33,1140.00,328.58,-1
23,player,500,0,0,1058.15,200.19,1139.37,328.44,-1
23,player,501,0,0,1057.53,200.05,1138.74,328.30,-1
23,player,502,0,0,1056.90,199.90,1138.12,328.15,-1
23,player,503,0,0,1056.27,199.76,1137.49,328.01,-1
23,player,504,0,0,1055.64,199.62,1136.86,327.87,-1
23,player,505,0,0,1055.02,199.48,1136.23,327.73,-1
23,player,506,0,0,1054.39,199.33,1135.61,327.58,-1
23,player,507,0,0,1053.76,199.19,1134.98,327.44,-1
23,player,508,0,0,1053.14,199.05,1134.35,327.30,-1
23,player,509,0,0,1052.51,198.91,1133.73,327.16,-1
23,player,510,0,0,1051.88,198.76,1133.10,327.01,-1
23,player,511,0,0,1051.25,198.62,1132.47,326.87,-1
23,player,512,0,0,1050.63,198.48,1131.84,326.73,-1
23,player,513,0,0,1050.00,198.34,1131.22,326.59,-1
23,player,514,0,0,1049.37,198.19,1130.59,326.44,-1
23,player,515,0,0,1048.75,198.05,1129.96,326.30,-1
23,player,516,0,0,1048.12,197.91,1129.33,326.16,-1
23,player,517,0,0,1047.49,197.76,1128.71,326.02,-1
23,player,518,0,0,1046.86,197.62,1128.08,325.87,-1
23,player,519,0,0,1046.24,197.48,1127.45,325.73,-1
23,player,520,0,0,1045.61,197.34,1126.83,325.59,-1
23,player,521,0,0,1044.98,197.19,1126.20,325.45,-1
23,player,522,0,0,1044.36,197.05,1125.57,325.30,-1
23,player,523,0,0,1043.73,196.91,1124.94,325.16,-1
23,player,524,0,0,1043.10,196.77,1124.32,325.02,-1
23,player,525,0,0,1042.47,196.62,1123.69,324.88,-1
23,player,526,0,0,1041.85,196.48,1123.06,324.73,-1
23,player,527,0,0,1041.22,196.34,1122.44,324.59,-1
23,player,528,0,0,1040.59,196.20,1121.81,324.45,-1
23,player,529,0,0,1039.97,196.05,1121.18,324.31,-1
23,player,530,0,0,1039.34,195.91,1120.55,324.16,-1
23,player,531,0,0,1038.71,195.77,1119.93,324.02,-1
23,player,532,0,0,1038.08,195.63,1119.30,323.88,-1
23,player,533,0,0,1037.46,195.48,1118.67,323.74,-1
23,player,534,0,0,1036.83,195.34,1118.05,323.59,-1
23,player,535,0,0,1036.20,195.20,1117.42,323.45,-1
23,player,536,0,0,1035.58,195.06,1116.79,323.31,-1
23,player,537,0,0,1034.95,194.91,1116.16,323.17,-1
23,player,538,0,0,1034.32,194.77,1115.54,323.02,-1
23,player,539,0,0,1033.69,194.63,1114.91,322.88,-1
23,player,540,0,0,1033.07,194.49,1114.28,322.74,-1
23,player,541,0,0,1032.44,194.34,1113.66,322.60,-1
23,player,542,0,0,1031.81,194.20,1113.03,322.45,-1
23,player,543,0,0,1031.19,194.06,1112.40,322.31,-1
23,player,544,0,0,1030.56,193.92,1111.77,322.17,-1
23,player,545,0,0,1029.93,193.77,1111.15,322.02,-1
23,player,546,0,0,1029.30,193.63,1110.52,321.88,-1
23,player,547,0,0,1028.68,193.49,1109.89,321.74,-1
23,player,548,0,0,1028.05,193.35,1109.27,321.60,-1
23,player,549,0,0,1027.42,193.20,1108.64,321.45,-1
23,player,550,0,0,1026.80,193.06,1108.01,321.31,-1
23,player,551,0,0,1026.17,192.92,1107.38,321.17,-1
23,player,552,0,0,1025.54,192.78,1106.76,321.03,-1
23,player,553,0,0,1024.91,192.63,1106.13,320.88,-1
23,player,554,0,0,1024.29,192.49,1105.50,320.74,-1
23,player,555,0,0,1023.66,192.35,1104.88,320.60,-1
23,player,556,0,0,1023.03,192.21,1104.25,320.46,-1
23,player,557,0,0,1022.41,192.06,1103.62,320.31,-1
23,player,558,0,0,1021.78,191.92,1102.99,320.17,-1
23,player,559,0,0,1021.15,191.78,1102.37,320.03,-1
23,player,560,0,0,1020.52,191.64,1101.74,319.89,-1
23,player,561,0,0,1019.90,191.49,1101.11,319.74,-1
23,player,562,0,0,1024.37,191.10,1105.58,319.36,-1
23,player,563,0,0,1028.84,190.72,1110.05,318.97,-1
23,player,564,0,0,1033.31,190.33,1114.52,318.58,-1
23,player,565,0,0,1037.78,189.94,1118.99,318.19,-1
23,player,566,0,0,1042.25,189.55,1123.47,317.80,-1
23,player,567,0,0,1046.72,189.16,1127.94,317.41,-1
23,player,568,0,0,1051.19,188.77,1132.41,317.02,-1
23,player,569,0,0,1055.66,188.38,1136.88,316.63,-1
23,player,570,0,0,1060.13,187.99,1141.35,316.25,-1
23,player,571,0,0,1064.60,187.61,1145.82,315.86,-1
23,player,572,0,0,1069.07,187.22,1150.29,315.47,-1
23,player,573,0,0,1074.77,190.78,1155.99,319.03,-1
23,player,574,0,0,1080.48,194.34,1161.69,322.59,-1
23,player,575,0,0,1086.18,197.91,1167.39,326.16,-1
23,player,576,0,0,1091.31,197.48,1172.52,325.73,-1
23,player,577,0,0,1096.44,197.05,1177.66,325.30,-1
23,player,578,0,0,1101.57,196.62,1182.79,324.88,-1
23,player,579,0,0,1106.70,196.20,1187.92,324.45,-1
23,player,580,0,0,1111.83,195.77,1193.05,324.02,-1
23,player,581,0,0,1119.37,195.66,1200.59,323.91,-1
23,player,582,0,0,1126.91,195.54,1208.13,323.80,-1
23,player,583,0,0,1134.45,195.43,1215.67,323.68,-1
23,player,584,0,0,1141.99,195.32,1223.21,323.57,-1
23,player,585,0,0,1149.53,195.21,1230.75,323.46,-1
23,player,586,0,0,1157.07,195.09,1238.29,323.35,-1
23,player,587,0,0,1164.61,194.98,1245.83,323.23,-1
23,player,588,0,0,1172.15,194.87,1253.37,323.12,-1
23,player,589,0,0,1179.69,194.76,1260.91,323.01,-1
23,player,590,0,0,1187.23,194.64,1268.45,322.90,-1
23,player,591,0,0,1194.77,194.53,1275.99,322.78,-1
23,player,592,0,0,1202.31,194.42,1283.53,322.67,-1
23,player,593,0,0,1209.85,194.31,1291.06,322.56,-1
23,player,594,0,0,1217.39,194.19,1298.60,322.45,-1
23,player,595,0,0,1224.93,194.08,1306.14,322.33,-1
23,player,596,0,0,1232.47,193.97,1313.68,322.22,-1
23,player,597,0,0,1240.01,193.86,1321.22,322.11,-1
23,player,598,0,0,1247.55,193.74,1328.76,322.00,-1
23,player,599,0,0,1255.09,193.63,1336.30,321.88,-1
23,player,600,0,0,1260.89,193.63,1342.11,321.88,-1
23,player,601,0,0,1266.69,193.63,1347.91,321.88,-1
23,player,602,0,0,1272.50,193.63,1353.71,321.88,-1
23,player,603,0,0,1278.30,193.63,1359.52,321.88,-1
23,player,604,0,0,1284.10,193.63,1365.32,321.88,-1
23,player,605,0,0,1289.91,193.63,1371.12,321.88,-1
23,player,606,0,0,1295.71,193.63,1376.93,321.88,-1
23,player,607,0,0,1301.51,193.63,1382.73,321.88,-1
23,player,608,0,0,1307.32,193.63,1388.53,321.88,-1
23,player,609,0,0,1313.12,193.63,1394.34,321.88,-1
23,player,610,0,0,1318.92,193.63,1400.14,321.88,-1
23,player,611,0,0,1324.73,193.63,1405.94,321.88,-1
23,player,612,0,0,1330.53,193.63,1411.75,321.88,-1
23,player,613,0,0,1336.33,193.63,1417.55,321.88,-1
23,player,614,0,0,1335.26,194.17,1416.48,322.42,-1
23,player,615,0,0,1334.20,194.70,1415.41,322.95,-1
23,player,616,0,0,1333.13,195.24,1414.34,323.49,-1
23,player,617,0,0,1332.06,195.77,1413.27,324.02,-1
23,player,618,0,0,1329.14,195.96,1410.36,324.22,-1
23,player,619,0,0,1326.23,196.16,1407.44,324.41,-1
23,player,620,0,0,1323.31,196.35,1404.53,324.60,-1
23,player,621,0,0,1320.40,196.55,1401.61,324.80,-1
23,player,622,0,0,1317.48,196.74,1398.70,324.99,-1
23,player,623,0,0,1314.56,196.94,1395.78,325.19,-1
23,player,624,0,0,1311.65,197.13,1392.86,325.38,-1
23,player,625,0,0,1308.73,197.32,1389.95,325.58,-1
23,player,626,0,0,1305.82,197.52,1387.03,325.77,-1
23,player,627,0,0,1302.90,197.71,1384.12,325.96,-1
23,player,628,0,0,1299.99,197.91,1381.20,326.16,-1
23,player,629,0,0,1293.95,198.54,1375.17,326.79,-1
23,player,630,0,0,1287.91,199.17,1369.13,327.42,-1
23,player,631,0,0,1281.88,199.79,1363.09,328.05,-1
23,player,632,0,0,1275.84,200.42,1357.05,328.67,-1
23,player,633,0,0,1269.80,201.05,1351.02,329.30,-1
23,player,634,0,0,1263.76,201.68,1344.98,329.93,-1
23,player,635,0,0,1257.73,202.31,1338.94,330.56,-1
23,player,636,0,0,1251.69,202.94,1332.91,331.19,-1
23,player,637,0,0,1245.65,203.57,1326.87,331.82,-1
23,player,638,0,0,1239.62,204.20,1320.83,332.45,-1
23,player,639,0,0,1233.58,204.83,1314.80,333.08,-1
23,player,640,0,0,1227.54,205.45,1308.76,333.71,-1
23,player,641,0,0,1221.51,206.08,1302.72,334.33,-1
23,player,642,0,0,1215.47,206.71,1296.69,334.96,-1
23,player,643,0,0,1209.43,207.34,1290.65,335.59,-1
23,player,644,0,0,1203.40,207.97,1284.61,336.22,-1
23,player,645,0,0,1197.36,208.60,1278.57,336.85,-1
23,player,646,0,0,1193.08,208.60,1274.30,336.85,-1
23,player,647,0,0,1188.81,208.60,1270.02,336.85,-1
23,player,648,0,0,1184.53,208.60,1265.75,336.85,-1
23,player,649,0,0,1179.11,207.67,1260.33,335.92,-1
23,player,650,0,0,1173.70,206.75,1254.91,335.00,-1
23,player,651,0,0,1168.28,205.82,1249.50,334.07,-1
23,player,652,0,0,1162.86,204.89,1244.08,333.14,-1
23,player,653,0,0,1157.45,203.97,1238.66,332.22,-1
23,player,654,0,0,1152.03,203.04,1233.25,331.29,-1
23,player,655,0,0,1146.61,202.11,1227.83,330.36,-1
23,player,656,0,0,1141.20,201.19,1222.41,329.44,-1
23,player,657,0,0,1135.78,200.26,1217.00,328.51,-1
23,player,658,0,0,1130.36,199.33,1211.58,327.58,-1
23,player,659,0,0,1124.95,198.41,1206.16,326.66,-1
23,player,660,0,0,1119.53,197.48,1200.75,325.73,-1
23,player,661,0,0,1114.11,196.55,1195.33,324.81,-1
23,player,662,0,0,1108.70,195.63,1189.91,323.88,-1
23,player,663,0,0,1103.28,194.70,1184.50,322.95,-1
23,player,664,0,0,1097.87,193.77,1179.08,322.03,-1
23,player,665,0,0,1092.45,192.85,1173.66,321.10,-1
23,player,666,0,0,1087.03,191.92,1168.25,320.17,-1
23,player,667,0,0,1081.62,191.00,1162.83,319.25,-1
23,player,668,0,0,1076.20,190.07,1157.42,318.32,-1
23,player,669,0,0,1070.78,189.14,1152.00,317.39,-1
23,player,670,0,0,1065.37,188.22,1146.58,316.47,-1
23,player,671,0,0,1059.95,187.29,1141.17,315.54,-1
23,player,672,0,0,1054.53,186.36,1135.75,314.61,-1
23,player,673,0,0,1049.12,185.44,1130.33,313.69,-1
23,player,674,0,0,1043.70,184.51,1124.92,312.76,-1
23,player,675,0,0,1038.28,183.58,1119.50,311.83,-1
23,player,676,0,0,1032.87,182.66,1114.08,310.91,-1
23,player,677,0,0,1027.45,181.73,1108.67,309.98,-1
23,player,678,0,0,1022.03,180.80,1103.25,309.05,-1
23,player,679,0,0,1024.88,181.52,1106.10,309.77,-1
23,player,680,0,0,1027.74,182.23,1108.95,310.48,-1
23,player,681,0,0,1030.59,182.94,1111.80,311.19,-1
23,player,682,0,0,1033.44,183.65,1114.65,311.91,-1
23,player,683,0,0,1036.29,184.37,1117.50,312.62,-1
23,player,684,0,0,1039.14,185.08,1120.36,313.33,-1
23,player,685,0,0,1041.99,185.79,1123.21,314.04,-1
23,player,686,0,0,1044.84,186.51,1126.06,314.76,-1
23,player,687,0,0,1047.69,187.22,1128.91,315.47,-1
23,player,688,0,0,1050.54,187.93,1131.76,316.18,-1
23,player,689,0,0,1053.39,188.64,1134.61,316.89,-1
23,player,690,0,0,1056.24,189.36,1137.46,317.61,-1
23,player,691,0,0,1059.09,190.07,1140.31,318.32,-1
23,player,692,0,0,1061.94,190.78,1143.16,319.03,-1
23,player,693,0,0,1064.80,191.49,1146.01,319.75,-1
23,player,694,0,0,1067.65,192.21,1148.86,320.46,-1
23,player,695,0,0,1070.50,192.92,1151.71,321.17,-1
23,player,696,0,0,1073.35,193.63,1154.56,321.88,-1
23,player,697,0,0,1076.20,194.35,1157.42,322.60,-1
23,player,698,0,0,1079.05,195.06,1160.27,323.31,-1
23,player,699,0,0,1081.90,195.77,1163.12,324.02,-1
23,player,700,0,0,1080.83,195.33,1162.05,323.58,-1
23,player,701,0,0,1079.76,194.89,1160.98,323.14,-1
23,player,702,0,0,1078.69,194.45,1159.91,322.70,-1
23,player,703,0,0,1077.62,194.01,1158.84,322.26,-1
23,player,704,0,0,1076.56,193.57,1157.77,321.82,-1
23,player,705,0,0,1075.49,193.13,1156.70,321.38,-1
23,player,706,0,0,1074.42,192.69,1155.63,320.94,-1
23,player,707,0,0,1073.35,192.25,1154.56,320.50,-1
23,player,708,0,0,1072.28,191.81,1153.50,320.06,-1
23,player,709,0,0,1071.21,191.37,1152.43,319.62,-1
23,player,710,0,0,1070.14,190.93,1151.36,319.18,-1
23,player,711,0,0,1069.07,190.49,1150.29,318.74,-1
23,player,712,0,0,1068.00,190.05,1149.22,318.30,-1
23,player,713,0,0,1066.93,189.61,1148.15,317.86,-1
23,player,714,0,0,1065.86,189.17,1147.08,317.42,-1
23,player,715,0,0,1064.80,188.73,1146.01,316.98,-1
23,player,716,0,0,1063.73,188.29,1144.94,316.54,-1
23,player,717,0,0,1062.66,187.85,1143.87,316.10,-1
23,player,718,0,0,1061.59,187.41,1142.80,315.66,-1
23,player,719,0,0,1060.52,186.97,1141.74,315.22,-1
23,player,720,0,0,1059.45,186.53,1140.67,314.78,-1
23,player,721,0,0,1058.38,186.09,1139.60,314.34,-1
23,player,722,0,0,1057.31,185.65,1138.53,313.90,-1
23,player,723,0,0,1056.24,185.21,1137.46,313.46,-1
23,player,724,0,0,1055.17,184.77,1136.39,313.02,-1
23,player,725,0,0,1054.11,184.33,1135.32,312.58,-1
23,player,726,0,0,1053.04,183.89,1134.25,312.14,-1
23,player,727,0,0,1051.97,183.45,1133.18,311.70,-1
23,player,728,0,0,1050.90,183.01,1132.11,311.26,-1
23,player,729,0,0,1049.83,182.56,1131.05,310.82,-1
23,player,730,0,0,1048.76,182.12,1129.98,310.38,-1
23,player,731,0,0,1047.69,181.68,1128.91,309.94,-1
23,player,732,0,0,1046.62,181.24,1127.84,309.50,-1
23,player,733,0,0,1045.55,180.80,1126.77,309.06,-1
23,player,734,0,0,1044.48,180.36,1125.70,308.62,-1
23,player,735,0,0,1043.41,179.92,1124.63,308.18,-1
23,player,736,0,0,1042.35,179.48,1123.56,307.73,-1
23,player,737,0,0,1041.28,179.04,1122.49,307.29,-1
23,player,738,0,0,1040.21,178.60,1121.42,306.85,-1
23,player,739,0,0,1039.14,178.16,1120.35,306.41,-1
23,player,740,0,0,1038.07,177.72,1119.29,305.97,-1
23,player,741,0,0,1037.00,177.28,1118.22,305.53,-1
23,player,742,0,0,1035.93,176.84,1117.15,305.09,-1
23,player,743,0,0,1034.86,176.40,1116.08,304.65,-1
23,player,744,0,0,1033.79,175.96,1115.01,304.21,-1
23,player,745,0,0,1032.72,175.52,1113.94,303.77,-1
23,player,746,0,0,1031.66,175.08,1112.87,303.33,-1
23,player,747,0,0,1030.59,174.64,1111.80,302.89,-1
23,player,748,0,0,1029.52,174.20,1110.73,302.45,-1
23,player,749,0,0,1028.45,173.76,1109.66,302.01,-1
23,player,750,0,0,1027.38,173.32,1108.60,301.57,-1
23,player,751,0,0,1026.31,172.88,1107.53,301.13,-1
23,player,752,0,0,1025.24,172.44,1106.46,300.69,-1
23,player,753,0,0,1024.17,172.00,1105.39,300.25,-1
23,player,754,0,0,1023.10,171.56,1104.32,299.81,-1
23,player,755,0,0,1022.03,171.12,1103.25,299.37,-1
23,player,756,0,0,1020.96,170.68,1102.18,298.93,-1
23,player,757,0,0,1019.90,170.24,1101.11,298.49,-1
23,player,758,0,0,1018.83,169.80,1100.04,298.05,-1
23,player,759,0,0,1017.76,169.36,1098.97,297.61,-1
23,player,760,0,0,1016.69,168.92,1097.90,297.17,-1
23,player,761,0,0,1015.62,168.48,1096.84,296.73,-1
23,player,762,0,0,1014.55,168.04,1095.77,296.29,-1
23,player,763,0,0,1013.48,167.60,1094.70,295.85,-1
23,player,764,0,0,1012.41,167.16,1093.63,295.41,-1
23,player,765,0,0,1011.34,166.72,1092.56,294.97,-1
23,player,766,0,0,1010.27,166.28,1091.49,294.53,-1
23,player,767,0,0,1009.21,165.84,1090.42,294.09,-1
23,player,768,0,0,1012.60,164.45,1093.82,292.71,-1
23,player,769,0,0,1016.00,163.07,1097.21,291.32,-1
23,player,770,0,0,1019.39,161.69,1100.61,289.94,-1
23,player,771,0,0,1022.79,160.30,1104.00,288.56,-1
23,player,772,0,0,1026.18,158.92,1107.40,287.17,-1
23,player,773,0,0,1029.58,157.54,1110.80,285.79,-1
23,player,774,0,0,1032.98,156.15,1114.19,284.40,-1
23,player,775,0,0,1036.37,154.77,1117.59,283.02,-1
23,player,776,0,0,1039.77,153.39,1120.98,281.64,-1
23,player,777,0,0,1043.16,152.00,1124.38,280.25,-1
23,player,778,0,0,1046.56,150.62,1127.78,278.87,-1
23,player,779,0,0,1049.96,149.24,1131.17,277.49,-1
23,player,780,0,0,1053.35,147.85,1134.57,276.10,-1
23,player,781,0,0,1056.75,146.47,1137.96,274.72,-1
23,player,782,0,0,1060.14,145.09,1141.36,273.34,-1
23,player,783,0,0,1063.54,143.70,1144.75,271.95,-1
23,player,784,0,0,1066.93,142.32,1148.15,270.57,-1
23,player,785,0,0,1069.64,141.39,1150.86,269.64,-1
23,player,786,0,0,1072.35,140.47,1153.57,268.72,-1
23,player,787,0,0,1075.06,139.54,1156.28,267.79,-1
23,player,788,0,0,1077.77,138.61,1158.98,266.86,-1
23,player,789,0,0,1080.48,137.69,1161.69,265.94,-1
23,player,790,0,0,1083.18,136.76,1164.40,265.01,-1
23,player,791,0,0,1085.89,135.83,1167.11,264.08,-1
23,player,792,0,0,1088.60,134.91,1169.82,263.16,-1
23,player,793,0,0,1091.31,133.98,1172.53,262.23,-1
23,player,794,0,0,1094.02,133.05,1175.23,261.30,-1
23,player,795,0,0,1096.73,132.13,1177.94,260.38,-1
23,player,796,0,0,1099.43,131.20,1180.65,259.45,-1
23,player,797,0,0,1102.14,130.27,1183.36,258.53,-1
23,player,798,0,0,1104.85,129.35,1186.07,257.60,-1
23,player,799,0,0,1107.56,128.42,1188.77,256.67,-1
23,player,800,0,0,1110.27,127.49,1191.48,255.75,-1
23,player,801,0,0,1112.98,126.57,1194.19,254.82,-1
23,player,802,0,0,1115.68,125.64,1196.90,253.89,-1
23,player,803,0,0,1118.39,124.71,1199.61,252.97,-1
23,player,804,0,0,1121.10,123.79,1202.32,252.04,-1
23,player,805,0,0,1123.81,122.86,1205.02,251.11,-1
23,player,806,0,0,1126.52,121.94,1207.73,250.19,-1
23,player,807,0,0,1129.22,121.01,1210.44,249.26,-1
23,player,808,0,0,1131.93,120.08,1213.15,248.33,-1
23,player,809,0,0,1134.64,119.16,1215.86,247.41,-1
23,player,810,0,0,1137.35,118.23,1218.57,246.48,-1
23,player,811,0,0,1140.06,117.30,1221.27,245.55,-1
23,player,812,0,0,1142.77,116.38,1223.98,244.63,-1
23,player,813,0,0,1145.47,115.45,1226.69,243.70,-1
23,player,814,0,0,1148.18,114.52,1229.40,242.77,-1
23,player,815,0,0,1151.39,114.97,1232.61,243.22,-1
23,player,816,0,0,1154.60,115.41,1235.81,243.67,-1
23,player,817,0,0,1157.80,115.86,1239.02,244.11,-1
23,player,818,0,0,1161.01,116.31,1242.23,244.56,-1
23,player,819,0,0,1164.22,116.75,1245.43,245.00,-1
23,player,820,0,0,1167.43,117.20,1248.64,245.45,-1
23,player,821,0,0,1170.63,117.64,1251.85,245.89,-1
23,player,822,0,0,1173.84,118.09,1255.06,246.34,-1
23,player,823,0,0,1177.05,118.53,1258.26,246.78,-1
23,player,824,0,0,1180.25,118.98,1261.47,247.23,-1
23,player,825,0,0,1183.46,119.42,1264.68,247.67,-1
23,player,826,0,0,1186.67,119.87,1267.88,248.12,-1
23,player,827,0,0,1189.88,120.31,1271.09,248.57,-1
23,player,828,0,0,1193.08,120.76,1274.30,249.01,-1
23,player,829,0,0,1196.29,121.20,1277.51,249.46,-1
23,player,830,0,0,1199.50,121.65,1280.71,249.90,-1
23,player,831,0,0,1202.70,122.10,1283.92,250.35,-1
23,player,832,0,0,1205.91,122.54,1287.13,250.79,-1
23,player,833,0,0,1209.12,122.99,1290.33,251.24,-1
23,player,834,0,0,1212.33,123.43,1293.54,251.68,-1
23,player,835,0,0,1215.53,123.88,1296.75,252.13,-1
23,player,836,0,0,1218.74,124.32,1299.96,252.57,-1
23,player,837,0,0,1221.95,124.77,1303.16,253.02,-1
23,player,838,0,0,1225.15,125.21,1306.37,253.47,-1
23,player,839,0,0,1228.77,126.04,1309.99,254.29,-1
23,player,840,0,0,1232.39,126.86,1313.61,255.11,-1
23,player,841,0,0,1236.01,127.68,1317.23,255.93,-1
23,player,842,0,0,1239.63,128.50,1320.84,256.75,-1
23,player,843,0,0,1243.25,129.33,1324.46,257.58,-1
23,player,844,0,0,1246.86,130.15,1328.08,258.40,-1
23,player,845,0,0,1250.48,130.97,1331.70,259.22,-1
23,player,846,0,0,1254.10,131.79,1335.32,260.04,-1
23,player,847,0,0,1257.72,132.61,1338.94,260.87,-1
23,player,848,0,0,1261.34,133.44,1342.55,261.69,-1
23,player,849,0,0,1264.96,134.26,1346.17,262.51,-1
23,player,850,0,0,1268.57,135.08,1349.79,263.33,-1
23,player,851,0,0,1272.19,135.90,1353.41,264.16,-1
23,player,852,0,0,1280.30,136.13,1361.52,264.38,-1
23,player,853,0,0,1288.41,136.35,1369.62,264.60,-1
23,player,854,0,0,1296.51,136.57,1377.73,264.82,-1
23,player,855,0,0,1304.62,136.80,1385.84,265.05,-1
23,player,856,0,0,1312.73,137.02,1393.94,265.27,-1
23,player,857,0,0,1320.83,137.24,1402.05,265.49,-1
23,player,858,0,0,1328.94,137.46,1410.16,265.71,-1
23,player,859,0,0,1337.05,137.69,1418.26,265.94,-1
23,player,860,0,0,1345.15,137.91,1426.37,266.16,-1
23,player,861,0,0,1353.26,138.13,1434.48,266.38,-1
23,player,862,0,0,1361.37,138.35,1442.58,266.61,-1
23,player,863,0,0,1369.47,138.58,1450.69,266.83,-1
23,player,864,0,0,1377.58,138.80,1458.80,267.05,-1
23,player,865,0,0,1385.69,139.02,1466.90,267.27,-1
23,player,866,0,0,1393.80,139.24,1475.01,267.50,-1
23,player,867,0,0,1401.90,139.47,1483.12,267.72,-1
23,player,868,0,0,1410.01,139.69,1491.23,267.94,-1
23,player,869,0,0,1418.12,139.91,1499.33,268.16,-1
23,player,870,0,0,1426.22,140.14,1507.44,268.39,-1
23,player,871,0,0,1434.33,140.36,1515.55,268.61,-1
23,player,872,0,0,1442.44,140.58,1523.65,268.83,-1
23,player,873,0,0,1450.54,140.80,1531.76,269.05,-1
23,player,874,0,0,1458.65,141.03,1539.87,269.28,-1
23,player,875,0,0,1466.76,141.25,1547.97,269.50,-1
23,player,876,0,0,1474.86,141.47,1556.08,269.72,-1
23,player,877,0,0,1482.97,141.69,1564.19,269.95,-1
23,player,878,0,0,1491.08,141.92,1572.29,270.17,-1
23,player,879,0,0,1499.18,142.14,1580.40,270.39,-1
23,player,880,0,0,1507.29,142.36,1588.51,270.61,-1
23,player,881,0,0,1515.40,142.59,1596.61,270.84,-1
23,player,882,0,0,1523.51,142.81,1604.72,271.06,-1
23,player,883,0,0,1531.61,143.03,1612.83,271.28,-1
23,player,884,0,0,1539.72,143.25,1620.94,271.50,-1
23,player,885,0,0,1547.83,143.48,1629.04,271.73,-1
23,player,886,0,0,1555.93,143.70,1637.15,271.95,-1
23,player,887,0,0,1564.04,143.92,1645.26,272.17,-1
23,player,888,0,0,1572.15,144.14,1653.36,272.40,-1
23,player,889,0,0,1580.25,144.37,1661.47,272.62,-1
23,player,890,0,0,1588.36,144.59,1669.58,272.84,-1
23,player,891,0,0,1596.47,144.81,1677.68,273.06,-1
23,player,892,0,0,1604.57,145.03,1685.79,273.29,-1
23,player,893,0,0,1612.68,145.26,1693.90,273.51,-1
23,player,894,0,0,1620.79,145.48,1702.00,273.73,-1
23,player,895,0,0,1628.89,145.70,1710.11,273.95,-1
23,player,896,0,0,1637.00,145.93,1718.22,274.18,-1
23,player,897,0,0,1645.11,146.15,1726.32,274.40,-1
23,player,898,0,0,1653.22,146.37,1734.43,274.62,-1
23,player,899,0,0,1661.32,146.59,1742.54,274.84,-1
24,player,322,0,0,1612.12,540.00,1693.36,685.39,6
24,player,323,0,0,1612.51,540.05,1693.76,685.44,6
24,player,324,0,0,1612.90,540.10,1694.15,685.49,6
24,player,325,0,0,1613.29,540.15,1694.54,685.54,6
24,player,326,0,0,1613.69,540.20,1694.93,685.59,6
24,player,327,0,0,1614.08,540.25,1695.33,685.64,6
24,player,328,0,0,1614.47,540.30,1695.72,685.69,6
24,player,329,0,0,1614.86,540.35,1696.11,685.75,6
24,player,330,0,0,1615.25,540.41,1696.50,685.80,6
24,player,331,0,0,1615.65,540.46,1696.89,685.85,6
24,player,332,0,0,1616.04,540.51,1697.29,685.90,6
24,player,333,0,0,1616.43,540.56,1697.68,685.95,6
24,player,334,0,0,1616.82,540.61,1698.07,686.00,6
24,player,335,0,0,1617.22,540.66,1698.46,686.05,6
24,player,336,0,0,1617.61,540.71,1698.86,686.10,6
24,player,337,0,0,1618.00,540.76,1699.25,686.15,6
24,player,338,0,0,1618.39,540.81,1699.64,686.20,6
24,player,339,0,0,1618.79,540.86,1700.03,686.25,6
24,player,340,0,0,1619.18,540.91,1700.42,686.30,6
24,player,341,0,0,1619.57,540.96,1700.82,686.35,6
24,player,342,0,0,1619.96,541.01,1701.21,686.40,6
24,player,343,0,0,1620.35,541.06,1701.60,686.45,6
24,player,344,0,0,1620.75,541.11,1701.99,686.50,6
24,player,345,0,0,1621.14,541.16,1702.39,686.56,6
24,player,346,0,0,1621.53,541.22,1702.78,686.61,6
24,player,347,0,0,1621.92,541.27,1703.17,686.66,6
24,player,348,0,0,1622.32,541.32,1703.56,686.71,6
24,player,349,0,0,1622.71,541.37,1703.95,686.76,6
24,player,350,0,0,1623.10,541.42,1704.35,686.81,6
24,player,351,0,0,1623.49,541.47,1704.74,686.86,6
24,player,352,0,0,1623.88,541.52,1705.13,686.91,6
24,player,353,0,0,1624.28,541.57,1705.52,686.96,6
24,player,354,0,0,1624.67,541.62,1705.92,687.01,6
24,player,355,0,0,1629.66,541.62,1710.90,687.01,6
24,player,356,0,0,1634.65,541.62,1715.89,687.01,6
24,player,357,0,0,1639.64,541.62,1720.88,687.01,6
24,player,358,0,0,1641.89,541.40,1723.13,686.79,6
24,player,359,0,0,1644.14,541.17,1725.38,686.56,6
24,player,360,0,0,1646.39,540.95,1727.63,686.34,6
24,player,361,0,0,1648.64,540.72,1729.89,686.11,6
24,player,362,0,0,1650.89,540.50,1732.14,685.89,6
24,player,363,0,0,1653.14,540.27,1734.39,685.66,6
24,player,364,0,0,1655.39,540.04,1736.64,685.44,6
24,player,365,0,0,1657.64,539.82,1738.89,685.21,6
24,player,366,0,0,1659.89,539.59,1741.14,684.99,6
24,player,367,0,0,1662.14,539.37,1743.39,684.76,6
24,player,368,0,0,1664.39,539.14,1745.64,684.54,6
24,player,369,0,0,1666.64,538.92,1747.89,684.31,6
24,player,370,0,0,1668.89,538.69,1750.14,684.09,6
24,player,371,0,0,1671.14,538.47,1752.39,683.86,6
24,player,372,0,0,1673.39,538.24,1754.64,683.64,6
24,player,373,0,0,1675.65,538.02,1756.89,683.41,6
24,player,374,0,0,1677.90,537.79,1759.14,683.19,6
24,player,375,0,0,1680.15,537.57,1761.39,682.96,6
24,player,376,0,0,1682.40,537.34,1763.64,682.74,6
24,player,377,0,0,1683.32,537.40,1764.57,682.79,6
24,player,378,0,0,1684.25,537.46,1765.49,682.85,6
24,player,379,0,0,1685.17,537.52,1766.42,682.91,6
24,player,380,0,0,1686.10,537.58,1767.34,682.97,6
24,player,381,0,0,1687.02,537.63,1768.27,683.02,6
24,player,382,0,0,1687.94,537.69,1769.19,683.08,6
24,player,383,0,0,1688.87,537.75,1770.12,683.14,6
24,player,384,0,0,1689.79,537.81,1771.04,683.20,6
24,player,385,0,0,1690.72,537.86,1771.97,683.26,6
24,player,386,0,0,1691.64,537.92,1772.89,683.31,6
24,player,387,0,0,1692.57,537.98,1773.81,683.37,6
24,player,388,0,0,1693.49,538.04,1774.74,683.43,6
24,player,389,0,0,1694.42,538.10,1775.66,683.49,6
24,player,390,0,0,1695.34,538.15,1776.59,683.54,6
24,player,391,0,0,1696.27,538.21,1777.51,683.60,6
24,player,392,0,0,1697.19,538.27,1778.44,683.66,6
24,player,393,0,0,1698.12,538.33,1779.36,683.72,6
24,player,394,0,0,1699.04,538.39,1780.29,683.78,6
24,player,395,0,0,1699.96,538.44,1781.21,683.83,6
24,player,396,0,0,1700.89,538.50,1782.14,683.89,6
24,player,397,0,0,1701.81,538.56,1783.06,683.95,6
24,player,398,0,0,1702.74,538.62,1783.99,684.01,6
24,player,399,0,0,1703.66,538.67,1784.91,684.06,6
24,player,400,0,0,1704.59,538.73,1785.83,684.12,6
24,player,401,0,0,1705.51,538.79,1786.76,684.18,6
24,player,402,0,0,1706.44,538.85,1787.68,684.24,6
24,player,403,0,0,1707.36,538.91,1788.61,684.30,6
24,player,404,0,0,1708.29,538.96,1789.53,684.35,6
24,player,405,0,0,1709.21,539.02,1790.46,684.41,6
24,player,406,0,0,1710.13,539.08,1791.38,684.47,6
24,player,407,0,0,1711.06,539.14,1792.31,684.53,6
24,player,408,0,0,1711.98,539.19,1793.23,684.59,6
24,player,409,0,0,1712.91,539.25,1794.16,684.64,6
24,player,410,0,0,1713.83,539.31,1795.08,684.70,6
24,player,411,0,0,1714.76,539.37,1796.00,684.76,6
24,player,412,0,0,1715.68,539.43,1796.93,684.82,6
24,player,413,0,0,1716.61,539.48,1797.85,684.87,6
24,player,414,0,0,1714.47,539.36,1795.72,684.75,6
24,player,415,0,0,1712.33,539.24,1793.58,684.63,6
24,player,416,0,0,1710.19,539.12,1791.44,684.51,6
24,player,417,0,0,1708.05,538.99,1789.30,684.39,6
24,player,418,0,0,1705.92,538.87,1787.16,684.26,6
24,player,419,0,0,1703.78,538.75,1785.03,684.14,6
24,player,420,0,0,1701.64,538.63,1782.89,684.02,6
24,player,421,0,0,1699.50,538.51,1780.75,683.90,6
24,player,422,0,0,1697.36,538.38,1778.61,683.77,6
24,player,423,0,0,1695.23,538.26,1776.47,683.65,6
24,player,424,0,0,1693.09,538.14,1774.33,683.53,6
24,player,425,0,0,1690.95,538.02,1772.20,683.41,6
24,player,426,0,0,1688.81,537.90,1770.06,683.29,6
24,player,427,0,0,1686.67,537.77,1767.92,683.16,6
24,player,428,0,0,1684.54,537.65,1765.78,683.04,6
24,player,429,0,0,1682.40,537.53,1763.64,682.92,6
24,player,430,0,0,1680.26,537.41,1761.51,682.80,6
24,player,431,0,0,1678.12,537.28,1759.37,682.68,6
24,player,432,0,0,1675.98,537.16,1757.23,682.55,6
24,player,433,0,0,1673.84,537.04,1755.09,682.43,6
24,player,434,0,0,1671.71,536.92,1752.95,682.31,6
24,player,435,0,0,1669.57,536.80,1750.82,682.19,6
24,player,436,0,0,1667.43,536.67,1748.68,682.06,6
24,player,437,0,0,1665.29,536.55,1746.54,681.94,6
24,player,438,0,0,1663.15,536.43,1744.40,681.82,6
24,player,439,0,0,1661.02,536.31,1742.26,681.70,6
24,player,440,0,0,1658.88,536.19,1740.13,681.58,6
24,player,441,0,0,1656.74,536.06,1737.99,681.45,6
24,player,442,0,0,1654.60,535.94,1735.85,681.33,6
24,player,443,0,0,1652.46,535.82,1733.71,681.21,6
24,player,444,0,0,1650.33,535.70,1731.57,681.09,6
24,player,445,0,0,1648.19,535.57,1729.43,680.97,6
24,player,446,0,0,1646.05,535.45,1727.30,680.84,6
24,player,447,0,0,1643.91,535.33,1725.16,680.72,6
24,player,448,0,0,1641.77,535.21,1723.02,680.60,6
24,player,449,0,0,1639.51,534.75,1720.75,680.15,6
24,player,450,0,0,1637.24,534.30,1718.49,679.69,6
24,player,451,0,0,1634.97,533.85,1716.22,679.24,6
24,player,452,0,0,1632.70,533.39,1713.95,678.78,6
24,player,453,0,0,1630.44,532.94,1711.68,678.33,6
24,player,454,0,0,1628.17,532.49,1709.41,677.88,6
24,player,455,0,0,1625.90,532.03,1707.15,677.42,6
24,player,456,0,0,1623.63,531.58,1704.88,676.97,6
24,player,457,0,0,1621.36,531.13,1702.61,676.52,6
24,player,458,0,0,1619.10,530.67,1700.34,676.06,6
24,player,459,0,0,1616.83,530.22,1698.08,675.61,6
24,player,460,0,0,1614.56,529.77,1695.81,675.16,6
24,player,461,0,0,1612.29,529.31,1693.54,674.70,6
24,player,462,0,0,1610.03,528.86,1691.27,674.25,6
24,player,463,0,0,1607.76,528.41,1689.01,673.80,6
24,player,464,0,0,1605.49,527.95,1686.74,673.34,6
24,player,465,0,0,1603.22,527.50,1684.47,672.89,6
24,player,466,0,0,1600.96,527.04,1682.20,672.44,6
24,player,467,0,0,1598.69,526.59,1679.93,671.98,6
24,player,468,0,0,1596.42,526.14,1677.67,671.53,6
24,player,469,0,0,1594.15,525.68,1675.40,671.07,6
24,player,470,0,0,1591.88,525.23,1673.13,670.62,6
24,player,471,0,0,1589.62,524.78,1670.86,670.17,6
24,player,472,0,0,1587.35,524.32,1668.60,669.71,6
24,player,473,0,0,1585.08,523.87,1666.33,669.26,6
24,player,474,0,0,1582.81,523.42,1664.06,668.81,6
24,player,475,0,0,1580.55,522.96,1661.79,668.35,6
24,player,476,0,0,1578.28,522.51,1659.53,667.90,6
24,player,477,0,0,1576.01,522.06,1657.26,667.45,6
24,player,478,0,0,1573.74,521.60,1654.99,666.99,6
24,player,479,0,0,1571.48,521.15,1652.72,666.54,6
24,player,480,0,0,1569.21,520.70,1650.46,666.09,6
24,player,481,0,0,1566.94,520.24,1648.19,665.63,6
24,player,482,0,0,1569.51,518.96,1650.75,664.35,6
24,player,483,0,0,1572.07,517.68,1653.32,663.07,6
24,player,484,0,0,1574.64,516.39,1655.88,661.78,6
24,player,485,0,0,1577.20,515.11,1658.45,660.50,6
24,player,486,0,0,1579.77,513.83,1661.02,659.22,6
24,player,487,0,0,1579.77,513.83,1661.02,659.22,6
24,player,488,0,0,1579.77,513.83,1661.02,659.22,6
24,player,489,0,0,1579.77,513.83,1661.02,659.22,6
24,player,490,0,0,1579.77,513.83,1661.02,659.22,6
24,player,491,0,0,1579.77,513.83,1661.02,659.22,6
24,player,492,0,0,1579.77,513.83,1661.02,659.22,6
24,player,493,0,0,1579.77,513.83,1661.02,659.22,6
24,player,494,0,0,1579.77,513.83,1661.02,659.22,6
24,player,495,0,0,1579.77,513.83,1661.02,659.22,6
24,player,496,0,0,1579.77,513.83,1661.02,659.22,6
24,player,497,0,0,1579.77,513.83,1661.02,659.22,6
24,player,498,0,0,1579.77,513.83,1661.02,659.22,6
24,player,499,0,0,1579.77,513.83,1661.02,659.22,6
24,player,500,0,0,1579.77,513.83,1661.02,659.22,6
24,player,501,0,0,1579.77,513.83,1661.02,659.22,6
24,player,502,0,0,1579.77,513.83,1661.02,659.22,6
24,player,503,0,0,1579.77,513.83,1661.02,659.22,6
24,player,504,0,0,1579.77,513.83,1661.02,659.22,6
24,player,505,0,0,1579.77,513.83,1661.02,659.22,6
24,player,506,0,0,1579.77,513.83,1661.02,659.22,6
24,player,507,0,0,1579.77,513.83,1661.02,659.22,6
24,player,508,0,0,1579.77,513.83,1661.02,659.22,6
24,player,509,0,0,1579.77,513.83,1661.02,659.22,6
24,player,510,0,0,1579.77,513.83,1661.02,659.22,6
24,player,511,0,0,1579.77,513.83,1661.02,659.22,6
24,player,512,0,0,1579.77,513.83,1661.02,659.22,6
24,player,513,0,0,1579.77,513.83,1661.02,659.22,6
24,player,514,0,0,1579.77,513.83,1661.02,659.22,6
24,player,515,0,0,1579.77,513.83,1661.02,659.22,6
24,player,516,0,0,1579.77,513.83,1661.02,659.22,6
24,player,517,0,0,1579.77,513.83,1661.02,659.22,6
24,player,518,0,0,1579.77,513.83,1661.02,659.22,6
24,player,519,0,0,1579.77,513.83,1661.02,659.22,6
24,player,520,0,0,1579.77,513.83,1661.02,659.22,6
24,player,521,0,0,1579.77,513.83,1661.02,659.22,6
24,player,522,0,0,1579.77,513.83,1661.02,659.22,6
24,player,523,0,0,1579.77,513.83,1661.02,659.22,6
24,player,524,0,0,1579.77,513.83,1661.02,659.22,6
24,player,525,0,0,1579.77,513.83,1661.02,659.22,6
24,player,526,0,0,1579.77,513.83,1661.02,659.22,6
24,player,527,0,0,1579.77,513.83,1661.02,659.22,6
24,player,528,0,0,1579.77,513.83,1661.02,659.22,6
24,player,529,0,0,1579.77,513.83,1661.02,659.22,6
24,player,530,0,0,1579.77,513.83,1661.02,659.22,6
24,player,531,0,0,1579.77,513.83,1661.02,659.22,6
24,player,532,0,0,1579.77,513.83,1661.02,659.22,6
24,player,533,0,0,1579.77,513.83,1661.02,659.22,6
24,player,534,0,0,1579.77,513.83,1661.02,659.22,6
24,player,535,0,0,1579.77,513.83,1661.02,659.22,6
24,player,536,0,0,1579.77,513.83,1661.02,659.22,6
24,player,537,0,0,1579.77,513.83,1661.02,659.22,6
24,player,538,0,0,1579.77,513.83,1661.02,659.22,6
24,player,539,0,0,1579.77,513.83,1661.02,659.22,6
24,player,540,0,0,1579.77,513.83,1661.02,659.22,6
24,player,541,0,0,1579.77,513.83,1661.02,659.22,6
24,player,542,0,0,1579.77,513.83,1661.02,659.22,6
24,player,543,0,0,1579.77,513.83,1661.02,659.22,6
24,player,544,0,0,1579.77,513.83,1661.02,659.22,6
24,player,545,0,0,1579.77,513.83,1661.02,659.22,6
24,player,546,0,0,1579.77,513.83,1661.02,659.22,6
24,player,547,0,0,1579.77,513.83,1661.02,659.22,6
24,player,548,0,0,1579.77,513.83,1661.02,659.22,6
24,player,549,0,0,1579.77,513.83,1661.02,659.22,6
24,player,550,0,0,1579.77,513.83,1661.02,659.22,6
24,player,551,0,0,1579.77,513.83,1661.02,659.22,6
24,player,552,0,0,1579.77,513.83,1661.02,659.22,6
24,player,553,0,0,1579.77,513.83,1661.02,659.22,6
24,player,554,0,0,1579.77,513.83,1661.02,659.22,6
24,player,555,0,0,1579.77,513.83,1661.02,659.22,6
24,player,556,0,0,1579.77,513.83,1661.02,659.22,6
24,player,557,0,0,1579.77,513.83,1661.02,659.22,6
24,player,558,0,0,1579.77,513.83,1661.02,659.22,6
24,player,559,0,0,1579.77,513.83,1661.02,659.22,6
24,player,560,0,0,1579.77,513.83,1661.02,659.22,6
24,player,561,1,0,1579.77,513.83,1661.02,659.22,6
25,player,376,0,0,12.83,215.01,87.70,343.30,-1
25,player,377,0,0,12.83,215.01,87.70,343.30,-1
25,player,378,0,0,12.83,215.01,87.70,343.30,-1
25,player,379,0,0,12.83,215.01,87.70,343.30,-1
25,player,380,0,0,12.83,215.01,87.70,343.30,-1
25,player,381,0,0,12.83,215.01,87.70,343.30,-1
25,player,382,0,0,12.83,215.01,87.70,343.30,-1
25,player,383,0,0,12.83,215.01,87.70,343.30,-1
25,player,384,0,0,12.83,215.01,87.70,343.30,-1
25,player,385,0,0,12.83,215.01,87.70,343.30,-1
25,player,386,0,0,12.83,215.01,87.70,343.30,-1
25,player,387,0,0,12.83,215.01,87.70,343.30,-1
25,player,388,0,0,12.83,215.01,87.70,343.30,-1
25,player,389,0,0,12.83,215.01,87.70,343.30,-1
25,player,390,0,0,12.83,215.01,87.70,343.30,-1
25,player,391,0,0,12.83,215.01,87.70,343.30,-1
25,player,392,0,0,12.83,215.01,87.70,343.30,-1
25,player,393,0,0,12.83,215.01,87.70,343.30,-1
25,player,394,0,0,12.83,215.01,87.70,343.30,-1
25,player,395,0,0,12.83,215.01,87.70,343.30,-1
25,player,396,0,0,12.83,215.01,87.70,343.30,-1
25,player,397,0,0,12.83,215.01,87.70,343.30,-1
25,player,398,0,0,12.83,215.01,87.70,343.30,-1
25,player,399,0,0,12.83,215.01,87.70,343.30,-1
25,player,400,0,0,12.83,215.01,87.70,343.30,-1
25,player,401,0,0,12.83,215.01,87.70,343.30,-1
25,player,402,0,0,12.83,215.01,87.70,343.30,-1
25,player,403,0,0,12.83,215.01,87.70,343.30,-1
25,player,404,0,0,12.83,215.01,87.70,343.30,-1
25,player,405,0,0,12.83,215.01,87.70,343.30,-1
25,player,406,0,0,12.83,215.01,87.70,343.30,-1
25,player,407,0,0,12.83,215.01,87.70,343.30,-1
25,player,408,0,0,12.83,215.01,87.70,343.30,-1
25,player,409,0,0,12.83,215.01,87.70,343.30,-1
25,player,410,0,0,12.83,215.01,87.70,343.30,-1
25,player,411,0,0,12.83,215.01,87.70,343.30,-1
25,player,412,0,0,12.83,215.01,87.70,343.30,-1
25,player,413,1,0,12.83,215.01,87.70,343.30,-1
26,player,376,0,0,0.00,356.12,59.87,501.52,-1
26,player,377,0,0,0.00,358.53,56.12,502.58,-1
26,player,378,0,0,0.00,360.94,52.38,503.65,-1
26,player,379,0,0,0.00,363.35,48.63,504.72,-1
26,player,380,0,0,0.00,365.76,44.88,505.79,-1
26,player,381,0,0,0.00,368.17,41.14,506.86,-1
26,player,382,0,0,0.00,370.58,37.39,507.93,-1
26,player,383,0,0,0.00,372.99,33.65,509.00,-1
26,player,384,0,0,0.00,375.40,29.90,510.07,-1
26,player,385,0,0,0.00,375.40,29.90,510.07,-1
26,player,386,0,0,0.00,375.40,29.90,510.07,-1
26,player,387,0,0,0.00,375.40,29.90,510.07,-1
26,player,388,0,0,0.00,375.40,29.90,510.07,-1
26,player,389,0,0,0.00,375.40,29.90,510.07,-1
26,player,390,0,0,0.00,375.40,29.90,510.07,-1
26,player,391,0,0,0.00,375.40,29.90,510.07,-1
26,player,392,0,0,0.00,375.40,29.90,510.07,-1
26,player,393,0,0,0.00,375.40,29.90,510.07,-1
26,player,394,0,0,0.00,375.40,29.90,510.07,-1
26,player,395,0,0,0.00,375.40,29.90,510.07,-1
26,player,396,0,0,0.00,375.40,29.90,510.07,-1
26,player,397,0,0,0.00,375.40,29.90,510.07,-1
26,player,398,0,0,0.00,375.40,29.90,510.07,-1
26,player,399,0,0,0.00,375.40,29.90,510.07,-1
26,player,400,0,0,0.00,375.40,29.90,510.07,-1
26,player,401,0,0,0.00,375.40,29.90,510.07,-1
26,player,402,0,0,0.00,375.40,29.90,510.07,-1
26,player,403,0,0,0.00,375.40,29.90,510.07,-1
26,player,404,0,0,0.00,375.40,29.90,510.07,-1
26,player,405,0,0,0.00,375.40,29.90,510.07,-1
26,player,406,0,0,0.00,375.40,29.90,510.07,-1
26,player,407,0,0,0.00,375.40,29.90,510.07,-1
26,player,408,0,0,0.00,375.40,29.90,510.07,-1
26,player,409,0,0,0.00,375.40,29.90,510.07,-1
26,player,410,0,0,0.00,375.40,29.90,510.07,-1
26,player,411,0,0,0.00,375.40,29.90,510.07,-1
26,player,412,0,0,0.00,375.40,29.90,510.07,-1
26,player,413,1,0,0.00,375.40,29.90,510.07,-1
27,player,481,0,0,1787.44,232.12,1868.69,377.51,-1
27,player,482,0,0,1782.31,231.69,1863.56,377.08,-1
27,player,483,0,0,1777.18,231.26,1858.42,376.65,-1
27,player,484,0,0,1772.05,230.83,1853.29,376.22,-1
27,player,485,0,0,1766.91,230.41,1848.16,375.80,-1
27,player,486,0,0,1761.78,229.98,1843.03,375.37,-1
27,player,487,0,0,1758.13,230.24,1839.38,375.63,-1
27,player,488,0,0,1754.49,230.49,1835.73,375.88,-1
27,player,489,0,0,1750.84,230.75,1832.08,376.14,-1
27,player,490,0,0,1747.19,231.00,1828.43,376.40,-1
27,player,491,0,0,1743.54,231.26,1824.79,376.65,-1
27,player,492,0,0,1739.89,231.52,1821.14,376.91,-1
27,player,493,0,0,1736.24,231.77,1817.49,377.17,-1
27,player,494,0,0,1732.59,232.03,1813.84,377.42,-1
27,player,495,0,0,1728.94,232.29,1810.19,377.68,-1
27,player,496,0,0,1725.29,232.54,1806.54,377.93,-1
27,player,497,0,0,1721.64,232.80,1802.89,378.19,-1
27,player,498,0,0,1718.00,233.06,1799.24,378.45,-1
27,player,499,0,0,1714.35,233.31,1795.59,378.70,-1
27,player,500,0,0,1710.70,233.57,1791.94,378.96,-1
27,player,501,0,0,1707.05,233.83,1788.30,379.22,-1
27,player,502,0,0,1703.40,234.08,1784.65,379.47,-1
27,player,503,0,0,1699.75,234.34,1781.00,379.73,-1
27,player,504,0,0,1696.10,234.60,1777.35,379.99,-1
27,player,505,0,0,1692.45,234.85,1773.70,380.24,-1
27,player,506,0,0,1688.80,235.11,1770.05,380.50,-1
27,player,507,0,0,1685.15,235.37,1766.40,380.76,-1
27,player,508,0,0,1681.51,235.62,1762.75,381.01,-1
27,player,509,0,0,1677.86,235.88,1759.10,381.27,-1
27,player,510,0,0,1674.21,236.14,1755.45,381.53,-1
27,player,511,0,0,1670.56,236.39,1751.81,381.78,-1
27,player,512,0,0,1666.91,236.65,1748.16,382.04,-1
27,player,513,0,0,1663.26,236.91,1744.51,382.30,-1
27,player,514,0,0,1659.61,237.16,1740.86,382.55,-1
27,player,515,0,0,1655.96,237.42,1737.21,382.81,-1
27,player,516,0,0,1652.31,237.68,1733.56,383.07,-1
27,player,517,0,0,1648.66,237.93,1729.91,383.32,-1
27,player,518,0,0,1645.02,238.19,1726.26,383.58,-1
27,player,519,0,0,1641.37,238.45,1722.61,383.84,-1
27,player,520,0,0,1637.72,238.70,1718.96,384.09,-1
27,player,521,0,0,1634.07,238.96,1715.32,384.35,-1
27,player,522,0,0,1630.42,239.22,1711.67,384.61,-1
27,player,523,0,0,1626.77,239.47,1708.02,384.86,-1
27,player,524,0,0,1623.12,239.73,1704.37,385.12,-1
27,player,525,0,0,1619.47,239.98,1700.72,385.38,-1
27,player,526,0,0,1615.82,240.24,1697.07,385.63,-1
27,player,527,0,0,1612.17,240.50,1693.42,385.89,-1
27,player,528,0,0,1608.53,240.75,1689.77,386.15,-1
27,player,529,0,0,1604.88,241.01,1686.12,386.40,-1
27,player,530,0,0,1601.23,241.27,1682.47,386.66,-1
27,player,531,0,0,1597.58,241.52,1678.83,386.92,-1
27,player,532,0,0,1593.93,241.78,1675.18,387.17,-1
27,player,533,0,0,1590.28,242.04,1671.53,387.43,-1
27,player,534,0,0,1586.63,242.29,1667.88,387.68,-1
27,player,535,0,0,1582.98,242.55,1664.23,387.94,-1
27,player,536,0,0,1579.33,242.81,1660.58,388.20,-1
27,player,537,0,0,1575.68,243.06,1656.93,388.45,-1
27,player,538,0,0,1572.04,243.32,1653.28,388.71,-1
27,player,539,0,0,1568.39,243.58,1649.63,388.97,-1
27,player,540,0,0,1564.74,243.83,1645.98,389.22,-1
27,player,541,0,0,1561.09,244.09,1642.34,389.48,-1
27,player,542,0,0,1557.44,244.35,1638.69,389.74,-1
27,player,543,0,0,1553.79,244.60,1635.04,389.99,-1
27,player,544,0,0,1550.14,244.86,1631.39,390.25,-1
27,player,545,0,0,1546.49,245.12,1627.74,390.51,-1
27,player,546,0,0,1542.84,245.37,1624.09,390.76,-1
27,player,547,0,0,1539.19,245.63,1620.44,391.02,-1
27,player,548,0,0,1535.55,245.89,1616.79,391.28,-1
27,player,549,0,0,1531.90,246.14,1613.14,391.53,-1
27,player,550,0,0,1528.25,246.40,1609.49,391.79,-1
27,player,551,0,0,1524.60,246.66,1605.85,392.05,-1
27,player,552,0,0,1520.95,246.91,1602.20,392.30,-1
27,player,553,0,0,1517.30,247.17,1598.55,392.56,-1
27,player,554,0,0,1513.65,247.43,1594.90,392.82,-1
27,player,555,0,0,1510.00,247.68,1591.25,393.07,-1
27,player,556,0,0,1506.35,247.94,1587.60,393.33,-1
27,player,557,0,0,1502.70,248.20,1583.95,393.59,-1
27,player,558,0,0,1499.06,248.45,1580.30,393.84,-1
27,player,559,0,0,1495.41,248.71,1576.65,394.10,-1
27,player,560,0,0,1491.76,248.97,1573.00,394.36,-1
27,player,561,0,0,1488.11,249.22,1569.36,394.61,-1
27,player,562,0,0,1497.24,250.97,1578.49,396.36,-1
27,player,563,0,0,1506.38,252.72,1587.63,398.11,-1
27,player,564,0,0,1515.51,254.47,1596.76,399.86,-1
27,player,565,0,0,1524.65,256.22,1605.90,401.61,-1
27,player,566,0,0,1533.79,257.97,1615.03,403.36,-1
27,player,567,0,0,1542.92,259.72,1624.17,405.11,-1
27,player,568,0,0,1552.06,261.47,1633.30,406.86,-1
27,player,569,0,0,1561.19,263.22,1642.44,408.61,-1
27,player,570,0,0,1570.33,264.97,1651.57,410.36,-1
27,player,571,0,0,1579.46,266.72,1660.71,412.11,-1
27,player,572,0,0,1588.60,268.46,1669.85,413.86,-1
27,player,573,0,0,1608.55,268.46,1689.80,413.86,-1
27,player,574,0,0,1628.51,268.46,1709.76,413.86,-1
27,player,575,0,0,1648.46,268.46,1729.71,413.86,-1
27,player,576,0,0,1658.30,269.32,1739.55,414.71,-1
27,player,577,0,0,1668.14,270.18,1749.38,415.57,-1
27,player,578,0,0,1677.97,271.03,1759.22,416.42,-1
27,player,579,0,0,1687.81,271.89,1769.05,417.28,-1
27,player,580,0,0,1697.64,272.74,1778.89,418.13,-1
27,player,581,0,0,1697.64,272.74,1778.89,418.13,-1
27,player,582,0,0,1697.64,272.74,1778.89,418.13,-1
27,player,583,0,0,1697.64,272.74,1778.89,418.13,-1
27,player,584,0,0,1697.64,272.74,1778.89,418.13,-1
27,player,585,0,0,1697.64,272.74,1778.89,418.13,-1
27,player,586,0,0,1697.64,272.74,1778.89,418.13,-1
27,player,587,0,0,1697.64,272.74,1778.89,418.13,-1
27,player,588,0,0,1697.64,272.74,1778.89,418.13,-1
27,player,589,0,0,1697.64,272.74,1778.89,418.13,-1
27,player,590,0,0,1697.64,272.74,1778.89,418.13,-1
27,player,591,0,0,1697.64,272.74,1778.89,418.13,-1
27,player,592,0,0,1697.64,272.74,1778.89,418.13,-1
27,player,593,0,0,1697.64,272.74,1778.89,418.13,-1
27,player,594,0,0,1697.64,272.74,1778.89,418.13,-1
27,player,595,0,0,1697.64,272.74,1778.89,418.13,-1
27,player,596,0,0,1697.64,272.74,1778.89,418.13,-1
27,player,597,0,0,1697.64,272.74,1778.89,418.13,-1
27,player,598,0,0,1697.64,272.74,1778.89,418.13,-1
27,player,599,1,0,1697.64,272.74,1778.89,418.13,-1
28,player,561,0,0,42.76,180.80,121.90,311.23,-1
28,player,562,0,0,50.73,182.36,129.87,312.78,-1
28,player,563,0,0,58.70,183.91,137.84,314.34,-1
28,player,564,0,0,66.67,185.47,145.81,315.89,-1
28,player,565,0,0,74.64,187.02,153.78,317.45,-1
28,player,566,0,0,82.61,188.58,161.75,319.00,-1
28,player,567,0,0,90.58,190.13,169.72,320.56,-1
28,player,568,0,0,98.55,191.69,177.68,322.11,-1
28,player,569,0,0,106.52,193.24,185.65,323.67,-1
28,player,570,0,0,114.49,194.80,193.62,325.22,-1
28,player,571,0,0,122.45,196.35,201.59,326.78,-1
28,player,572,0,0,130.42,197.91,209.56,328.33,-1
28,player,573,0,0,141.83,197.19,220.96,327.62,-1
28,player,574,0,0,153.23,196.48,232.37,326.91,-1
28,player,575,0,0,164.63,195.77,243.77,326.19,-1
28,player,576,0,0,176.61,196.62,255.74,327.05,-1
28,player,577,0,0,188.58,197.48,267.72,327.90,-1
28,player,578,0,0,200.55,198.33,279.69,328.76,-1
28,player,579,0,0,212.53,199.19,291.66,329.61,-1
28,player,580,0,0,224.50,200.04,303.64,330.47,-1
28,player,581,0,0,235.41,201.17,314.55,331.59,-1
28,player,582,0,0,246.33,202.29,325.47,332.72,-1
28,player,583,0,0,257.25,203.42,336.38,333.85,-1
28,player,584,0,0,268.16,204.55,347.30,334.97,-1
28,player,585,0,0,279.08,205.67,358.21,336.10,-1
28,player,586,0,0,289.99,206.80,369.13,337.22,-1
28,player,587,0,0,300.91,207.92,380.04,338.35,-1
28,player,588,0,0,311.82,209.05,390.96,339.47,-1
28,player,589,0,0,322.74,210.17,401.88,340.60,-1
28,player,590,0,0,333.65,211.30,412.79,341.72,-1
28,player,591,0,0,344.57,212.42,423.71,342.85,-1
28,player,592,0,0,355.49,213.55,434.62,343.97,-1
28,player,593,0,0,366.40,214.67,445.54,345.10,-1
28,player,594,0,0,377.32,215.80,456.45,346.22,-1
28,player,595,0,0,388.23,216.92,467.37,347.35,-1
28,player,596,0,0,399.15,218.05,478.28,348.47,-1
28,player,597,0,0,410.06,219.17,489.20,349.60,-1
28,player,598,0,0,420.98,220.30,500.12,350.73,-1
28,player,599,0,0,431.89,221.42,511.03,351.85,-1
28,player,600,0,0,440.75,220.81,519.89,351.24,-1
28,player,601,0,0,449.61,220.20,528.75,350.63,-1
28,player,602,0,0,458.47,219.59,537.60,350.02,-1
28,player,603,0,0,467.32,218.98,546.46,349.41,-1
28,player,604,0,0,476.18,218.37,555.32,348.80,-1
28,player,605,0,0,485.04,217.76,564.18,348.18,-1
28,player,606,0,0,493.90,217.15,573.04,347.57,-1
28,player,607,0,0,500.62,216.23,579.76,346.66,-1
28,player,608,0,0,507.34,215.31,586.48,345.74,-1
28,player,609,0,0,514.06,214.40,593.19,344.82,-1
28,player,610,0,0,520.78,213.48,599.91,343.91,-1
28,player,611,0,0,527.50,212.57,606.63,342.99,-1
28,player,612,0,0,534.22,211.65,613.35,342.08,-1
28,player,613,0,0,540.94,210.73,620.07,341.16,-1
28,player,614,0,0,539.94,210.45,619.08,340.87,-1
28,player,615,0,0,538.94,210.16,618.08,340.59,-1
28,player,616,0,0,537.94,209.88,617.08,340.30,-1
28,player,617,0,0,536.95,209.59,616.08,340.02,-1
28,player,618,0,0,535.95,209.31,615.08,339.73,-1
28,player,619,0,0,534.95,209.02,614.09,339.45,-1
28,player,620,0,0,533.95,208.74,613.09,339.16,-1
28,player,621,0,0,532.95,208.45,612.09,338.88,-1
28,player,622,0,0,531.96,208.17,611.09,338.59,-1
28,player,623,0,0,530.96,207.88,610.10,338.31,-1
28,player,624,0,0,529.96,207.60,609.10,338.02,-1
28,player,625,0,0,528.96,207.31,608.10,337.74,-1
28,player,626,0,0,527.97,207.03,607.10,337.45,-1
28,player,627,0,0,526.97,206.74,606.10,337.17,-1
28,player,628,0,0,525.97,206.46,605.11,336.88,-1
28,player,629,0,0,521.95,206.71,601.08,337.14,-1
28,player,630,0,0,517.92,206.96,597.06,337.39,-1
28,player,631,0,0,513.90,207.21,593.03,337.64,-1
28,player,632,0,0,509.87,207.46,589.01,337.89,-1
28,player,633,0,0,505.85,207.72,584.98,338.14,-1
28,player,634,0,0,501.82,207.97,580.96,338.39,-1
28,player,635,0,0,497.80,208.22,576.93,338.64,-1
28,player,636,0,0,493.77,208.47,572.91,338.90,-1
28,player,637,0,0,489.75,208.72,568.89,339.15,-1
28,player,638,0,0,485.72,208.97,564.86,339.40,-1
28,player,639,0,0,481.70,209.23,560.84,339.65,-1
28,player,640,0,0,477.67,209.48,556.81,339.90,-1
28,player,641,0,0,473.65,209.73,552.79,340.15,-1
28,player,642,0,0,469.62,209.98,548.76,340.41,-1
28,player,643,0,0,465.60,210.23,544.74,340.66,-1
28,player,644,0,0,461.58,210.48,540.71,340.91,-1
28,player,645,0,0,457.55,210.73,536.69,341.16,-1
28,player,646,0,0,453.66,210.67,532.80,341.10,-1
28,player,647,0,0,449.78,210.60,528.91,341.03,-1
28,player,648,0,0,445.89,210.54,525.03,340.97,-1
28,player,649,0,0,442.00,210.48,521.14,340.90,-1
28,player,650,0,0,438.11,210.41,517.25,340.84,-1
28,player,651,0,0,434.23,210.35,513.36,340.77,-1
28,player,652,0,0,430.34,210.28,509.48,340.71,-1
28,player,653,0,0,426.45,210.22,505.59,340.64,-1
28,player,654,0,0,422.56,210.15,501.70,340.58,-1
28,player,655,0,0,418.68,210.09,497.81,340.51,-1
28,player,656,0,0,414.79,210.02,493.93,340.45,-1
28,player,657,0,0,410.90,209.96,490.04,340.38,-1
28,player,658,0,0,407.01,209.89,486.15,340.32,-1
28,player,659,0,0,403.13,209.83,482.26,340.25,-1
28,player,660,0,0,399.24,209.76,478.38,340.19,-1
28,player,661,0,0,395.35,209.70,474.49,340.12,-1
28,player,662,0,0,391.46,209.63,470.60,340.06,-1
28,player,663,0,0,387.58,209.57,466.71,339.99,-1
28,player,664,0,0,383.69,209.50,462.83,339.93,-1
28,player,665,0,0,379.80,209.44,458.94,339.86,-1
28,player,666,0,0,375.91,209.37,455.05,339.80,-1
28,player,667,0,0,372.03,209.31,451.16,339.73,-1
28,player,668,0,0,368.14,209.24,447.28,339.67,-1
28,player,669,0,0,364.25,209.18,443.39,339.60,-1
28,player,670,0,0,360.37,209.11,439.50,339.54,-1
28,player,671,0,0,356.48,209.05,435.61,339.47,-1
28,player,672,0,0,352.59,208.98,431.73,339.41,-1
28,player,673,0,0,348.70,208.92,427.84,339.35,-1
28,player,674,0,0,344.82,208.85,423.95,339.28,-1
28,player,675,0,0,340.93,208.79,420.07,339.22,-1
28,player,676,0,0,337.04,208.73,416.18,339.15,-1
28,player,677,0,0,333.15,208.66,412.29,339.09,-1
28,player,678,0,0,329.27,208.60,408.40,339.02,-1
28,player,679,0,0,331.40,208.29,410.54,338.72,-1
28,player,680,0,0,333.54,207.98,412.68,338.41,-1
28,player,681,0,0,335.68,207.68,414.82,338.10,-1
28,player,682,0,0,337.82,207.37,416.96,337.80,-1
28,player,683,0,0,339.96,207.07,419.09,337.49,-1
28,player,684,0,0,342.09,206.76,421.23,337.19,-1
28,player,685,0,0,344.23,206.46,423.37,336.88,-1
28,player,686,0,0,346.37,206.15,425.51,336.58,-1
28,player,687,0,0,348.51,205.85,427.65,336.27,-1
28,player,688,0,0,350.65,205.54,429.78,335.97,-1
28,player,689,0,0,352.78,205.24,431.92,335.66,-1
28,player,690,0,0,354.92,204.93,434.06,335.36,-1
28,player,691,0,0,357.06,204.63,436.20,335.05,-1
28,player,692,0,0,359.20,204.32,438.34,334.75,-1
28,player,693,0,0,361.34,204.01,440.47,334.44,-1
28,player,694,0,0,363.47,203.71,442.61,334.13,-1
28,player,695,0,0,365.61,203.40,444.75,333.83,-1
28,player,696,0,0,367.75,203.10,446.89,333.52,-1
28,player,697,0,0,369.89,202.79,449.03,333.22,-1
28,player,698,0,0,372.03,202.49,451.16,332.91,-1
28,player,699,0,0,374.17,202.18,453.30,332.61,-1
28,player,700,0,0,373.99,202.72,452.77,331.72,-1
28,player,701,0,0,373.81,203.25,452.23,330.83,-1
28,player,702,0,0,373.63,203.79,451.69,329.93,-1
28,player,703,0,0,373.45,204.32,451.16,329.04,-1
28,player,704,0,0,373.27,204.86,450.62,328.15,-1
28,player,705,0,0,373.10,205.40,450.08,327.26,-1
28,player,706,0,0,372.92,205.93,449.55,326.37,-1
28,player,707,0,0,372.74,206.47,449.01,325.48,-1
28,player,708,0,0,372.56,207.00,448.47,324.59,-1
28,player,709,0,0,372.38,207.54,447.93,323.70,-1
28,player,710,0,0,372.20,208.07,447.40,322.81,-1
28,player,711,0,0,372.03,208.61,446.86,321.92,-1
28,player,712,0,0,368.28,207.65,443.12,320.96,-1
28,player,713,0,0,364.54,206.70,439.38,320.01,-1
28,player,714,0,0,360.80,205.75,435.64,319.05,-1
28,player,715,0,0,357.06,204.79,431.89,318.10,-1
28,player,716,0,0,353.32,203.84,428.15,317.14,-1
28,player,717,0,0,349.58,202.88,424.41,316.19,-1
28,player,718,0,0,345.83,201.93,420.67,315.24,-1
28,player,719,0,0,342.09,200.97,416.93,314.28,-1
28,player,720,0,0,338.35,200.02,413.19,313.33,-1
28,player,721,0,0,334.61,199.06,409.44,312.37,-1
28,player,722,0,0,330.87,198.11,405.70,311.42,-1
28,player,723,0,0,327.13,197.16,401.96,310.46,-1
28,player,724,0,0,323.38,196.20,398.22,309.51,-1
28,player,725,0,0,319.64,195.25,394.48,308.55,-1
28,player,726,0,0,315.90,194.29,390.74,307.60,-1
28,player,727,0,0,312.16,193.34,386.99,306.64,-1
28,player,728,0,0,308.42,192.38,383.25,305.69,-1
28,player,729,0,0,304.68,191.43,379.51,304.74,-1
28,player,730,0,0,300.94,190.47,375.77,303.78,-1
28,player,731,0,0,297.19,189.52,372.03,302.83,-1
28,player,732,0,0,293.45,188.56,368.29,301.87,-1
28,player,733,0,0,289.71,187.61,364.55,300.92,-1
28,player,734,0,0,285.97,186.66,360.80,299.96,-1
28,player,735,0,0,282.23,185.70,357.06,299.01,-1
28,player,736,0,0,278.49,184.75,353.32,298.05,-1
28,player,737,0,0,274.74,183.79,349.58,297.10,-1
28,player,738,0,0,271.00,182.84,345.84,296.15,-1
28,player,739,0,0,267.26,181.88,342.10,295.19,-1
28,player,740,0,0,263.52,180.93,338.35,294.24,-1
28,player,741,0,0,259.78,179.97,334.61,293.28,-1
28,player,742,0,0,256.04,179.02,330.87,292.33,-1
28,player,743,0,0,252.29,178.07,327.13,291.37,-1
28,player,744,0,0,248.55,177.11,323.39,290.42,-1
28,player,745,0,0,244.81,176.16,319.65,289.46,-1
28,player,746,0,0,241.07,175.20,315.90,288.51,-1
28,player,747,0,0,237.33,174.25,312.16,287.55,-1
28,player,748,0,0,233.59,173.29,308.42,286.60,-1
28,player,749,0,0,229.84,172.34,304.68,285.65,-1
28,player,750,0,0,226.10,171.38,300.94,284.69,-1
28,player,751,0,0,222.36,170.43,297.20,283.74,-1
28,player,752,0,0,218.62,169.47,293.45,282.78,-1
28,player,753,0,0,214.88,168.52,289.71,281.83,-1
28,player,754,0,0,211.14,167.57,285.97,280.87,-1
28,player,755,0,0,207.39,166.61,282.23,279.92,-1
28,player,756,0,0,203.65,165.66,278.49,278.96,-1
28,player,757,0,0,199.91,164.70,274.75,278.01,-1
28,player,758,0,0,196.17,163.75,271.00,277.05,-1
28,player,759,0,0,192.43,162.79,267.26,276.10,-1
28,player,760,0,0,188.69,161.84,263.52,275.15,-1
28,player,761,0,0,184.94,160.88,259.78,274.19,-1
28,player,762,0,0,181.20,159.93,256.04,273.24,-1
28,player,763,0,0,177.46,158.98,252.30,272.28,-1
28,player,764,0,0,173.72,158.02,248.55,271.33,-1
28,player,765,0,0,169.98,157.07,244.81,270.37,-1
28,player,766,0,0,166.24,156.11,241.07,269.42,-1
28,player,767,0,0,162.49,155.16,237.33,268.46,-1
28,player,768,0,0,159.85,154.15,234.69,267.46,-1
28,player,769,0,0,157.21,153.14,232.05,266.45,-1
28,player,770,0,0,154.57,152.14,229.41,265.45,-1
28,player,771,0,0,151.93,151.13,226.76,264.44,-1
28,player,772,0,0,149.29,150.13,224.12,263.43,-1
28,player,773,0,0,146.65,149.12,221.48,262.43,-1
28,player,774,0,0,144.01,148.11,218.84,261.42,-1
28,player,775,0,0,141.37,147.11,216.20,260.42,-1
28,player,776,0,0,138.72,146.10,213.56,259.41,-1
28,player,777,0,0,136.08,145.10,210.92,258.40,-1
28,player,778,0,0,133.44,144.09,208.28,257.40,-1
28,player,779,0,0,130.80,143.08,205.64,256.39,-1
28,player,780,0,0,128.16,142.08,202.99,255.38,-1
28,player,781,0,0,125.52,141.07,200.35,254.38,-1
28,player,782,0,0,122.88,140.07,197.71,253.37,-1
28,player,783,0,0,120.24,139.06,195.07,252.37,-1
28,player,784,0,0,117.59,138.05,192.43,251.36,-1
28,player,785,0,0,116.24,136.63,191.08,249.93,-1
28,player,786,0,0,114.89,135.20,189.72,248.51,-1
28,player,787,0,0,113.53,133.78,188.37,247.08,-1
28,player,788,0,0,112.18,132.35,187.01,245.66,-1
28,player,789,0,0,110.82,130.93,185.66,244.23,-1
28,player,790,0,0,109.47,129.50,184.31,242.81,-1
28,player,791,0,0,108.12,128.07,182.95,241.38,-1
28,player,792,0,0,106.76,126.65,181.60,239.96,-1
28,player,793,0,0,105.41,125.22,180.24,238.53,-1
28,player,794,0,0,104.05,123.80,178.89,237.11,-1
28,player,795,0,0,102.70,122.37,177.53,235.68,-1
28,player,796,0,0,101.35,120.95,176.18,234.26,-1
28,player,797,0,0,99.99,119.52,174.83,232.83,-1
28,player,798,0,0,98.64,118.10,173.47,231.40,-1
28,player,799,0,0,97.28,116.67,172.12,229.98,-1
28,player,800,0,0,95.93,115.25,170.76,228.55,-1
28,player,801,0,0,94.58,113.82,169.41,227.13,-1
28,player,802,0,0,93.22,112.40,168.06,225.70,-1
28,player,803,0,0,91.87,110.97,166.70,224.28,-1
28,player,804,0,0,90.51,109.54,165.35,222.85,-1
28,player,805,0,0,89.16,108.12,163.99,221.43,-1
28,player,806,0,0,87.80,106.69,162.64,220.00,-1
28,player,807,0,0,86.45,105.27,161.29,218.58,-1
28,player,808,0,0,85.10,103.84,159.93,217.15,-1
28,player,809,0,0,83.74,102.42,158.58,215.73,-1
28,player,810,0,0,82.39,100.99,157.22,214.30,-1
28,player,811,0,0,81.03,99.57,155.87,212.87,-1
28,player,812,0,0,79.68,98.14,154.51,211.45,-1
28,player,813,0,0,78.33,96.72,153.16,210.02,-1
28,player,814,0,0,76.97,95.29,151.81,208.60,-1
28,player,815,0,0,78.93,95.65,153.77,208.95,-1
28,player,816,0,0,80.89,96.00,155.73,209.31,-1
28,player,817,0,0,82.85,96.36,157.69,209.67,-1
28,player,818,0,0,84.81,96.72,159.65,210.02,-1
28,player,819,0,0,86.77,97.07,161.61,210.38,-1
28,player,820,0,0,88.73,97.43,163.57,210.74,-1
28,player,821,0,0,90.69,97.79,165.53,211.09,-1
28,player,822,0,0,92.65,98.14,167.49,211.45,-1
28,player,823,0,0,94.61,98.50,169.45,211.81,-1
28,player,824,0,0,96.57,98.85,171.41,212.16,-1
28,player,825,0,0,98.53,99.21,173.37,212.52,-1
28,player,826,0,0,100.49,99.57,175.33,212.87,-1
28,player,827,0,0,102.45,99.92,177.29,213.23,-1
28,player,828,0,0,104.41,100.28,179.25,213.59,-1
28,player,829,0,0,106.37,100.64,181.21,213.94,-1
28,player,830,0,0,108.33,100.99,183.17,214.30,-1
28,player,831,0,0,110.29,101.35,185.13,214.66,-1
28,player,832,0,0,112.25,101.71,187.09,215.01,-1
28,player,833,0,0,114.21,102.06,189.05,215.37,-1
28,player,834,0,0,116.17,102.42,191.01,215.73,-1
28,player,835,0,0,118.13,102.77,192.96,216.08,-1
28,player,836,0,0,120.09,103.13,194.92,216.44,-1
28,player,837,0,0,122.05,103.49,196.88,216.79,-1
28,player,838,0,0,124.01,103.84,198.84,217.15,-1
28,player,839,0,0,125.98,102.36,200.82,215.67,-1
28,player,840,0,0,127.96,100.88,202.79,214.19,-1
28,player,841,0,0,129.93,99.40,204.77,212.71,-1
28,player,842,0,0,131.90,97.92,206.74,211.23,-1
28,player,843,0,0,133.88,96.44,208.71,209.75,-1
28,player,844,0,0,135.85,94.96,210.69,208.27,-1
28,player,845,0,0,137.83,93.48,212.66,206.79,-1
28,player,846,0,0,139.80,92.00,214.63,205.31,-1
28,player,847,0,0,141.77,90.52,216.61,203.83,-1
28,player,848,0,0,143.75,89.04,218.58,202.35,-1
28,player,849,0,0,145.72,87.56,220.55,200.87,-1
28,player,850,0,0,147.69,86.08,222.53,199.39,-1
28,player,851,0,0,149.67,84.60,224.50,197.91,-1
28,player,852,0,0,159.47,84.25,234.30,197.55,-1
28,player,853,0,0,169.27,83.89,244.10,197.20,-1
28,player,854,0,0,179.07,83.53,253.90,196.84,-1
28,player,855,0,0,188.87,83.18,263.70,196.48,-1
28,player,856,0,0,198.66,82.82,273.50,196.13,-1
28,player,857,0,0,208.46,82.46,283.30,195.77,-1
28,player,858,0,0,218.26,82.11,293.10,195.41,-1
28,player,859,0,0,228.06,81.75,302.90,195.06,-1
28,player,860,0,0,237.86,81.39,312.70,194.70,-1
28,player,861,0,0,247.66,81.04,322.50,194.35,-1
28,player,862,0,0,257.46,80.68,332.30,193.99,-1
28,player,863,0,0,267.26,80.33,342.10,193.63,-1
28,player,864,0,0,277.06,79.97,351.90,193.28,-1
28,player,865,0,0,286.86,79.61,361.70,192.92,-1
28,player,866,0,0,296.66,79.26,371.50,192.56,-1
28,player,867,0,0,306.46,78.90,381.29,192.21,-1
28,player,868,0,0,316.26,78.54,391.09,191.85,-1
28,player,869,0,0,326.06,78.19,400.89,191.49,-1
28,player,870,0,0,335.86,77.83,410.69,191.14,-1
28,player,871,0,0,345.66,77.47,420.49,190.78,-1
28,player,872,0,0,355.46,77.12,430.29,190.43,-1
28,player,873,0,0,365.26,76.76,440.09,190.07,-1
28,player,874,0,0,375.06,76.41,449.89,189.71,-1
28,player,875,0,0,384.86,76.05,459.69,189.36,-1
28,player,876,0,0,394.66,75.69,469.49,189.00,-1
28,player,877,0,0,404.46,75.34,479.29,188.64,-1
28,player,878,0,0,414.25,74.98,489.09,188.29,-1
28,player,879,0,0,424.05,74.62,498.89,187.93,-1
28,player,880,0,0,433.85,74.27,508.69,187.57,-1
28,player,881,0,0,443.65,73.91,518.49,187.22,-1
28,player,882,0,0,453.45,73.55,528.29,186.86,-1
28,player,883,0,0,463.25,73.20,538.09,186.51,-1
28,player,884,0,0,473.05,72.84,547.89,186.15,-1
28,player,885,0,0,482.85,72.49,557.69,185.79,-1
28,player,886,0,0,492.65,72.13,567.49,185.44,-1
28,player,887,0,0,502.45,71.77,577.29,185.08,-1
28,player,888,0,0,512.25,71.42,587.08,184.72,-1
28,player,889,0,0,522.05,71.06,596.88,184.37,-1
28,player,890,0,0,531.85,70.70,606.68,184.01,-1
28,player,891,0,0,541.65,70.35,616.48,183.66,-1
28,player,892,0,0,551.45,69.99,626.28,183.30,-1
28,player,893,0,0,561.25,69.64,636.08,182.94,-1
28,player,894,0,0,571.05,69.28,645.88,182.59,-1
28,player,895,0,0,580.85,68.92,655.68,182.23,-1
28,player,896,0,0,590.65,68.57,665.48,181.87,-1
28,player,897,0,0,600.45,68.21,675.28,181.52,-1
28,player,898,0,0,610.25,67.85,685.08,181.16,-1
28,player,899,0,0,620.04,67.50,694.88,180.80,-1
29,player,572,0,0,34.21,309.09,115.46,454.48,10
29,player,573,0,0,44.19,308.37,125.44,453.76,10
29,player,574,0,0,54.17,307.66,135.41,453.05,10
29,player,575,0,0,64.14,306.95,145.39,452.34,10
29,player,576,0,0,73.12,306.52,154.37,451.91,10
29,player,577,0,0,82.10,306.09,163.35,451.48,10
29,player,578,0,0,91.08,305.67,172.33,451.06,10
29,player,579,0,0,100.06,305.24,181.31,450.63,10
29,player,580,0,0,109.04,304.81,190.29,450.20,10
29,player,581,0,0,117.37,304.59,198.62,449.98,10
29,player,582,0,0,125.70,304.36,206.94,449.75,10
29,player,583,0,0,134.02,304.14,215.27,449.53,10
29,player,584,0,0,142.35,303.91,223.60,449.30,10
29,player,585,0,0,150.68,303.69,231.93,449.08,10
29,player,586,0,0,159.01,303.46,240.25,448.85,10
29,player,587,0,0,167.33,303.24,248.58,448.63,10
29,player,588,0,0,175.66,303.01,256.91,448.40,10
29,player,589,0,0,183.99,302.79,265.24,448.18,10
29,player,590,0,0,192.32,302.56,273.56,447.95,10
29,player,591,0,0,200.64,302.34,281.89,447.73,10
29,player,592,0,0,208.97,302.11,290.22,447.50,10
29,player,593,0,0,217.30,301.89,298.54,447.28,10
29,player,594,0,0,225.62,301.66,306.87,447.05,10
29,player,595,0,0,233.95,301.44,315.20,446.83,10
29,player,596,0,0,242.28,301.21,323.53,446.60,10
29,player,597,0,0,250.61,300.99,331.85,446.38,10
29,player,598,0,0,258.93,300.76,340.18,446.15,10
29,player,599,0,0,267.26,300.54,348.51,445.93,10
29,player,600,0,0,274.10,299.40,355.34,444.79,10
29,player,601,0,0,280.93,298.25,362.18,443.65,10
29,player,602,0,0,287.77,297.11,369.01,442.50,10
29,player,603,0,0,294.60,295.97,375.85,441.36,10
29,player,604,0,0,301.44,294.83,382.68,440.22,10
29,player,605,0,0,308.27,293.69,389.52,439.08,10
29,player,606,0,0,315.11,292.55,396.36,437.94,10
29,player,607,0,0,317.25,291.33,398.49,436.72,10
29,player,608,0,0,319.38,290.11,400.63,435.50,10
29,player,609,0,0,321.52,288.89,402.77,434.28,10
29,player,610,0,0,323.66,287.66,404.91,433.05,10
29,player,611,0,0,325.80,286.44,407.05,431.83,10
29,player,612,0,0,327.94,285.22,409.18,430.61,10
29,player,613,0,0,330.08,284.00,411.32,429.39,10
29,player,614,0,0,329.36,282.57,410.61,427.96,10
29,player,615,0,0,328.65,281.15,409.90,426.54,10
29,player,616,0,0,327.94,279.72,409.18,425.11,10
29,player,617,0,0,327.22,278.30,408.47,423.69,10
29,player,618,0,0,326.51,276.87,407.76,422.26,10
29,player,619,0,0,325.80,275.45,407.05,420.84,10
29,player,620,0,0,325.09,274.02,406.33,419.41,10
29,player,621,0,0,324.37,272.59,405.62,417.99,10
29,player,622,0,0,323.66,271.17,404.91,416.56,10
29,player,623,0,0,322.95,269.74,404.20,415.13,10
29,player,624,0,0,322.24,268.32,403.48,413.71,10
29,player,625,0,0,321.52,266.89,402.77,412.28,10
29,player,626,0,0,320.81,265.47,402.06,410.86,10
29,player,627,0,0,320.10,264.04,401.34,409.43,10
29,player,628,0,0,319.38,262.62,400.63,408.01,10
29,player,629,0,0,318.50,262.99,399.75,408.39,10
29,player,630,0,0,317.62,263.37,398.87,408.76,10
29,player,631,0,0,316.74,263.75,397.99,409.14,10
29,player,632,0,0,315.86,264.13,397.11,409.52,10
29,player,633,0,0,314.98,264.50,396.23,409.89,10
29,player,634,0,0,314.10,264.88,395.35,410.27,10
29,player,635,0,0,313.22,265.26,394.47,410.65,10
29,player,636,0,0,312.34,265.64,393.59,411.03,10
29,player,637,0,0,311.46,266.01,392.71,411.40,10
29,player,638,0,0,310.58,266.39,391.83,411.78,10
29,player,639,0,0,309.70,266.77,390.95,412.16,10
29,player,640,0,0,308.82,267.14,390.07,412.54,10
29,player,641,0,0,307.94,267.52,389.19,412.91,10
29,player,642,0,0,307.06,267.90,388.31,413.29,10
29,player,643,0,0,306.18,268.28,387.43,413.67,10
29,player,644,0,0,305.30,268.65,386.55,414.04,10
29,player,645,0,0,304.42,269.03,385.67,414.42,10
29,player,646,0,0,296.58,268.32,377.83,413.71,10
29,player,647,0,0,288.74,267.61,369.99,413.00,10
29,player,648,0,0,280.90,266.89,362.15,412.28,10
29,player,649,0,0,279.90,267.18,361.15,412.57,10
29,player,650,0,0,278.90,267.46,360.15,412.85,10
29,player,651,0,0,277.91,267.75,359.15,413.14,10
29,player,652,0,0,276.91,268.03,358.15,413.42,10
29,player,653,0,0,275.91,268.32,357.16,413.71,10
29,player,654,0,0,274.91,268.60,356.16,413.99,10
29,player,655,0,0,273.91,268.89,355.16,414.28,10
29,player,656,0,0,272.92,269.17,354.16,414.56,10
29,player,657,0,0,271.92,269.46,353.17,414.85,10
29,player,658,0,0,270.92,269.74,352.17,415.13,10
29,player,659,0,0,269.92,270.03,351.17,415.42,10
29,player,660,0,0,268.93,270.31,350.17,415.70,10
29,player,661,0,0,267.93,270.60,349.17,415.99,10
29,player,662,0,0,266.93,270.88,348.18,416.27,10
29,player,663,0,0,265.93,271.17,347.18,416.56,10
29,player,664,0,0,264.93,271.45,346.18,416.85,10
29,player,665,0,0,263.94,271.74,345.18,417.13,10
29,player,666,0,0,262.94,272.02,344.19,417.42,10
29,player,667,0,0,261.94,272.31,343.19,417.70,10
29,player,668,0,0,260.94,272.59,342.19,417.99,10
29,player,669,0,0,259.95,272.88,341.19,418.27,10
29,player,670,0,0,258.95,273.16,340.19,418.56,10
29,player,671,0,0,257.95,273.45,339.20,418.84,10
29,player,672,0,0,256.95,273.73,338.20,419.13,10
29,player,673,0,0,255.95,274.02,337.20,419.41,10
29,player,674,0,0,254.96,274.31,336.20,419.70,10
29,player,675,0,0,253.96,274.59,335.21,419.98,10
29,player,676,0,0,252.96,274.88,334.21,420.27,10
29,player,677,0,0,251.96,275.16,333.21,420.55,10
29,player,678,0,0,250.97,275.45,332.21,420.84,10
29,player,679,0,0,255.24,275.45,336.49,420.84,10
29,player,680,0,0,259.52,275.45,340.77,420.84,10
29,player,681,0,0,263.79,275.45,345.04,420.84,10
29,player,682,0,0,268.07,275.45,349.32,420.84,10
29,player,683,0,0,272.35,275.45,353.59,420.84,10
29,player,684,0,0,277.69,275.45,358.94,420.84,10
29,player,685,0,0,283.04,275.45,364.28,420.84,10
29,player,686,0,0,288.38,275.45,369.63,420.84,10
29,player,687,0,0,293.73,275.45,374.97,420.84,10
29,player,688,0,0,299.07,275.45,380.32,420.84,10
29,player,689,0,0,304.42,275.45,385.67,420.84,10
29,player,690,0,0,309.76,275.45,391.01,420.84,10
29,player,691,0,0,315.11,275.45,396.36,420.84,10
29,player,692,0,0,320.45,275.45,401.70,420.84,10
29,player,693,0,0,325.80,275.45,407.05,420.84,10
29,player,694,0,0,331.14,275.45,412.39,420.84,10
29,player,695,0,0,336.49,275.45,417.74,420.84,10
29,player,696,0,0,341.83,275.45,423.08,420.84,10
29,player,697,0,0,347.18,275.45,428.43,420.84,10
29,player,698,0,0,352.52,275.45,433.77,420.84,10
29,player,699,0,0,357.87,275.45,439.12,420.84,10
29,player,700,0,0,360.36,275.80,441.61,421.19,10
29,player,701,0,0,362.86,276.16,444.11,421.55,10
29,player,702,0,0,365.35,276.51,446.60,421.91,10
29,player,703,0,0,367.85,276.87,449.10,422.26,10
29,player,704,0,0,370.34,277.23,451.59,422.62,10
29,player,705,0,0,372.84,277.58,454.08,422.97,10
29,player,706,0,0,375.33,277.94,456.58,423.33,10
29,player,707,0,0,377.83,278.30,459.07,423.69,10
29,player,708,0,0,380.32,278.65,461.57,424.04,10
29,player,709,0,0,382.81,279.01,464.06,424.40,10
29,player,710,0,0,385.31,279.37,466.56,424.76,10
29,player,711,0,0,387.80,279.72,469.05,425.11,10
29,player,712,0,0,385.13,278.96,466.38,424.35,10
29,player,713,0,0,382.46,278.19,463.71,423.59,10
29,player,714,0,0,379.79,277.43,461.03,422.82,10
29,player,715,0,0,377.11,276.67,458.36,422.06,10
29,player,716,0,0,374.44,275.90,455.69,421.29,10
29,player,717,0,0,371.77,275.14,453.02,420.53,10
29,player,718,0,0,369.10,274.38,450.34,419.77,10
29,player,719,0,0,366.42,273.61,447.67,419.00,10
29,player,720,0,0,363.75,272.85,445.00,418.24,10
29,player,721,0,0,361.08,272.09,442.32,417.48,10
29,player,722,0,0,358.41,271.32,439.65,416.71,10
29,player,723,0,0,355.73,270.56,436.98,415.95,10
29,player,724,0,0,353.06,269.79,434.31,415.19,10
29,player,725,0,0,350.39,269.03,431.63,414.42,10
29,player,726,0,0,347.71,268.27,428.96,413.66,10
29,player,727,0,0,345.04,267.50,426.29,412.89,10
29,player,728,0,0,342.37,266.74,423.62,412.13,10
29,player,729,0,0,339.70,265.98,420.94,411.37,10
29,player,730,0,0,337.02,265.21,418.27,410.60,10
29,player,731,0,0,334.35,264.45,415.60,409.84,10
29,player,732,0,0,331.68,263.69,412.93,409.08,10
29,player,733,0,0,329.01,262.92,410.25,408.31,10
29,player,734,0,0,326.33,262.16,407.58,407.55,10
29,player,735,0,0,323.66,261.40,404.91,406.79,10
29,player,736,0,0,320.99,260.63,402.24,406.02,10
29,player,737,0,0,318.32,259.87,399.56,405.26,10
29,player,738,0,0,315.64,259.10,396.89,404.50,10
29,player,739,0,0,312.97,258.34,394.22,403.73,10
29,player,740,0,0,310.30,257.58,391.55,402.97,10
29,player,741,0,0,307.63,256.81,388.87,402.20,10
29,player,742,0,0,304.95,256.05,386.20,401.44,10
29,player,743,0,0,302.28,255.29,383.53,400.68,10
29,player,744,0,0,299.61,254.52,380.85,399.91,10
29,player,745,0,0,296.94,253.76,378.18,399.15,10
29,player,746,0,0,294.26,253.00,375.51,398.39,10
29,player,747,0,0,291.59,252.23,372.84,397.62,10
29,player,748,0,0,288.92,251.47,370.16,396.86,10
29,player,749,0,0,286.24,250.70,367.49,396.10,10
29,player,750,0,0,283.57,249.94,364.82,395.33,10
29,player,751,0,0,280.90,249.18,362.15,394.57,10
29,player,752,0,0,278.23,248.41,359.47,393.80,10
29,player,753,0,0,275.55,247.65,356.80,393.04,10
29,player,754,0,0,272.88,246.89,354.13,392.28,10
29,player,755,0,0,270.21,246.12,351.46,391.51,10
29,player,756,0,0,267.54,245.36,348.78,390.75,10
29,player,757,0,0,264.86,244.60,346.11,389.99,10
29,player,758,0,0,262.19,243.83,343.44,389.22,10
29,player,759,0,0,259.52,243.07,340.77,388.46,10
29,player,760,0,0,256.85,242.31,338.09,387.70,10
29,player,761,0,0,254.17,241.54,335.42,386.93,10
29,player,762,0,0,251.50,240.78,332.75,386.17,10
29,player,763,0,0,248.83,240.01,330.08,385.40,10
29,player,764,0,0,246.16,239.25,327.40,384.64,10
29,player,765,0,0,243.48,238.49,324.73,383.88,10
29,player,766,0,0,240.81,237.72,322.06,383.11,10
29,player,767,0,0,238.14,236.96,319.38,382.35,10
29,player,768,0,0,236.25,236.58,317.50,381.97,10
29,player,769,0,0,234.36,236.21,315.61,381.60,10
29,player,770,0,0,232.48,235.83,313.73,381.22,10
29,player,771,0,0,230.59,235.45,311.84,380.84,10
29,player,772,0,0,228.70,235.07,309.95,380.46,10
29,player,773,0,0,226.82,234.70,308.07,380.09,10
29,player,774,0,0,224.93,234.32,306.18,379.71,10
29,player,775,0,0,223.05,233.94,304.29,379.33,10
29,player,776,0,0,221.16,233.56,302.41,378.95,10
29,player,777,0,0,219.27,233.19,300.52,378.58,10
29,player,778,0,0,217.39,232.81,298.63,378.20,10
29,player,779,0,0,215.50,232.43,296.75,377.82,10
29,player,780,0,0,213.61,232.06,294.86,377.45,10
29,player,781,0,0,211.73,231.68,292.97,377.07,10
29,player,782,0,0,209.84,231.30,291.09,376.69,10
29,player,783,0,0,207.95,230.92,289.20,376.31,10
29,player,784,0,0,206.07,230.55,287.31,375.94,10
29,player,785,0,0,204.43,229.55,285.67,374.94,10
29,player,786,0,0,202.79,228.55,284.04,373.94,10
29,player,787,0,0,201.15,227.55,282.40,372.94,10
29,player,788,0,0,199.51,226.55,280.76,371.95,10
29,player,789,0,0,197.87,225.56,279.12,370.95,10
29,player,790,0,0,196.23,224.56,277.48,369.95,10
29,player,791,0,0,194.59,223.56,275.84,368.95,10
29,player,792,0,0,192.95,222.56,274.20,367.95,10
29,player,793,0,0,191.31,221.57,272.56,366.96,10
29,player,794,0,0,189.67,220.57,270.92,365.96,10
29,player,795,0,0,188.04,219.57,269.28,364.96,10
29,player,796,0,0,186.40,218.57,267.64,363.96,10
29,player,797,0,0,184.76,217.57,266.00,362.97,10
29,player,798,0,0,183.12,216.58,264.36,361.97,10
29,player,799,0,0,181.48,215.58,262.73,360.97,10
29,player,800,0,0,179.84,214.58,261.09,359.97,10
29,player,801,0,0,178.20,213.58,259.45,358.97,10
29,player,802,0,0,176.56,212.59,257.81,357.98,10
29,player,803,0,0,174.92,211.59,256.17,356.98,10
29,player,804,0,0,173.28,210.59,254.53,355.98,10
29,player,805,0,0,171.64,209.59,252.89,354.98,10
29,player,806,0,0,170.00,208.59,251.25,353.99,10
29,player,807,0,0,168.36,207.60,249.61,352.99,10
29,player,808,0,0,166.73,206.60,247.97,351.99,10
29,player,809,0,0,165.09,205.60,246.33,350.99,10
29,player,810,0,0,163.45,204.60,244.69,349.99,10
29,player,811,0,0,161.81,203.61,243.06,349.00,10
29,player,812,0,0,160.17,202.61,241.42,348.00,10
29,player,813,0,0,158.53,201.61,239.78,347.00,10
29,player,814,0,0,156.89,200.61,238.14,346.00,10
29,player,815,0,0,159.03,200.70,240.28,346.09,10
29,player,816,0,0,161.17,200.79,242.41,346.18,10
29,player,817,0,0,163.30,200.88,244.55,346.27,10
29,player,818,0,0,165.44,200.97,246.69,346.36,10
29,player,819,0,0,167.58,201.06,248.83,346.45,10
29,player,820,0,0,169.72,201.15,250.97,346.54,10
29,player,821,0,0,171.86,201.24,253.10,346.63,10
29,player,822,0,0,174.00,201.32,255.24,346.72,10
29,player,823,0,0,176.13,201.41,257.38,346.80,10
29,player,824,0,0,178.27,201.50,259.52,346.89,10
29,player,825,0,0,180.41,201.59,261.66,346.98,10
29,player,826,0,0,182.55,201.68,263.79,347.07,10
29,player,827,0,0,184.69,201.77,265.93,347.16,10
29,player,828,0,0,186.82,201.86,268.07,347.25,10
29,player,829,0,0,188.96,201.95,270.21,347.34,10
29,player,830,0,0,191.10,202.04,272.35,347.43,10
29,player,831,0,0,193.24,202.13,274.48,347.52,10
29,player,832,0,0,195.38,202.22,276.62,347.61,10
29,player,833,0,0,197.51,202.30,278.76,347.70,10
29,player,834,0,0,199.65,202.39,280.90,347.78,10
29,player,835,0,0,201.79,202.48,283.04,347.87,10
29,player,836,0,0,203.93,202.57,285.18,347.96,10
29,player,837,0,0,206.07,202.66,287.31,348.05,10
29,player,838,0,0,208.20,202.75,289.45,348.14,10
29,player,839,0,0,209.85,203.57,291.10,348.96,10
29,player,840,0,0,211.49,204.39,292.74,349.79,10
29,player,841,0,0,213.14,205.22,294.39,350.61,10
29,player,842,0,0,214.78,206.04,296.03,351.43,10
29,player,843,0,0,216.43,206.86,297.67,352.25,10
29,player,844,0,0,218.07,207.68,299.32,353.07,10
29,player,845,0,0,219.72,208.51,300.96,353.90,10
29,player,846,0,0,221.36,209.33,302.61,354.72,10
29,player,847,0,0,223.01,210.15,304.25,355.54,10
29,player,848,0,0,224.65,210.97,305.90,356.36,10
29,player,849,0,0,226.30,211.80,307.54,357.19,10
29,player,850,0,0,227.94,212.62,309.19,358.01,10
29,player,851,0,0,229.58,213.44,310.83,358.83,10
29,player,852,0,0,238.76,213.22,320.01,358.61,10
29,player,853,0,0,247.94,212.99,329.18,358.39,10
29,player,854,0,0,257.11,212.77,338.36,358.16,10
29,player,855,0,0,266.29,212.55,347.54,357.94,10
29,player,856,0,0,275.46,212.33,356.71,357.72,10
29,player,857,0,0,284.64,212.10,365.89,357.49,10
29,player,858,0,0,293.82,211.88,375.06,357.27,10
29,player,859,0,0,302.99,211.66,384.24,357.05,10
29,player,860,0,0,312.17,211.44,393.42,356.83,10
29,player,861,0,0,321.34,211.21,402.59,356.60,10
29,player,862,0,0,330.52,210.99,411.77,356.38,10
29,player,863,0,0,339.70,210.77,420.94,356.16,10
29,player,864,0,0,348.87,210.55,430.12,355.94,10
29,player,865,0,0,358.05,210.32,439.30,355.71,10
29,player,866,0,0,367.22,210.10,448.47,355.49,10
29,player,867,0,0,376.40,209.88,457.65,355.27,10
29,player,868,0,0,385.58,209.65,466.82,355.04,10
29,player,869,0,0,394.75,209.43,476.00,354.82,10
29,player,870,0,0,403.93,209.21,485.17,354.60,10
29,player,871,0,0,413.10,208.99,494.35,354.38,10
29,player,872,0,0,422.28,208.76,503.53,354.15,10
29,player,873,0,0,431.46,208.54,512.70,353.93,10
29,player,874,0,0,440.63,208.32,521.88,353.71,10
29,player,875,0,0,449.81,208.10,531.05,353.49,10
29,player,876,0,0,458.98,207.87,540.23,353.26,10
29,player,877,0,0,468.16,207.65,549.41,353.04,10
29,player,878,0,0,477.34,207.43,558.58,352.82,10
29,player,879,0,0,486.51,207.20,567.76,352.59,10
29,player,880,0,0,495.69,206.98,576.93,352.37,10
29,player,881,0,0,504.86,206.76,586.11,352.15,10
29,player,882,0,0,514.04,206.54,595.29,351.93,10
29,player,883,0,0,523.22,206.31,604.46,351.70,10
29,player,884,0,0,532.39,206.09,613.64,351.48,10
29,player,885,0,0,541.57,205.87,622.81,351.26,10
29,player,886,0,0,550.74,205.65,631.99,351.04,10
29,player,887,0,0,559.92,205.42,641.17,350.81,10
29,player,888,0,0,569.09,205.20,650.34,350.59,10
29,player,889,0,0,578.27,204.98,659.52,350.37,10
29,player,890,0,0,587.45,204.75,668.69,350.15,10
29,player,891,0,0,596.62,204.53,677.87,349.92,10
29,player,892,0,0,605.80,204.31,687.05,349.70,10
29,player,893,0,0,614.97,204.09,696.22,349.48,10
29,player,894,0,0,624.15,203.86,705.40,349.25,10
29,player,895,0,0,633.33,203.64,714.57,349.03,10
29,player,896,0,0,642.50,203.42,723.75,348.81,10
29,player,897,0,0,651.68,203.20,732.93,348.59,10
29,player,898,0,0,660.85,202.97,742.10,348.36,10
29,player,899,0,0,670.03,202.75,751.28,348.14,10
30,player,599,0,0,34.21,394.61,115.46,540.00,32
30,player,600,0,0,39.71,395.53,120.96,540.92,32
30,player,601,0,0,45.21,396.44,126.45,541.83,32
30,player,602,0,0,50.70,397.36,131.95,542.75,32
30,player,603,0,0,56.20,398.28,137.45,543.67,32
30,player,604,0,0,61.70,399.19,142.95,544.58,32
30,player,605,0,0,67.20,400.11,148.44,545.50,32
30,player,606,0,0,72.70,401.02,153.94,546.42,32
30,player,607,0,0,75.75,398.89,157.00,544.28,32
30,player,608,0,0,78.80,396.75,160.05,542.14,32
30,player,609,0,0,81.86,394.61,163.11,540.00,32
30,player,610,0,0,84.91,392.47,166.16,537.86,32
30,player,611,0,0,87.97,390.33,169.21,535.73,32
30,player,612,0,0,91.02,388.20,172.27,533.59,32
30,player,613,0,0,94.08,386.06,175.32,531.45,32
30,player,614,0,0,93.22,384.92,174.47,530.31,32
30,player,615,0,0,92.37,383.78,173.61,529.17,32
30,player,616,0,0,91.51,382.64,172.76,528.03,32
30,player,617,0,0,90.66,381.50,171.90,526.89,32
30,player,618,0,0,89.80,380.36,171.05,525.75,32
30,player,619,0,0,88.94,379.22,170.19,524.61,32
30,player,620,0,0,88.09,378.08,169.34,523.47,32
30,player,621,0,0,87.23,376.94,168.48,522.33,32
30,player,622,0,0,86.38,375.80,167.63,521.19,32
30,player,623,0,0,85.52,374.66,166.77,520.05,32
30,player,624,0,0,84.67,373.52,165.92,518.91,32
30,player,625,0,0,83.81,372.38,165.06,517.77,32
30,player,626,0,0,82.96,371.23,164.20,516.63,32
30,player,627,0,0,82.10,370.09,163.35,515.49,32
30,player,628,0,0,81.25,368.95,162.49,514.34,32
30,player,629,0,0,79.86,369.21,161.11,514.60,32
30,player,630,0,0,78.48,369.46,159.73,514.85,32
30,player,631,0,0,77.10,369.71,158.34,515.10,32
30,player,632,0,0,75.71,369.96,156.96,515.35,32
30,player,633,0,0,74.33,370.21,155.58,515.60,32
30,player,634,0,0,72.95,370.46,154.19,515.85,32
30,player,635,0,0,71.56,370.71,152.81,516.11,32
30,player,636,0,0,70.18,370.97,151.43,516.36,32
30,player,637,0,0,68.80,371.22,150.04,516.61,32
30,player,638,0,0,67.41,371.47,148.66,516.86,32
30,player,639,0,0,66.03,371.72,147.28,517.11,32
30,player,640,0,0,64.65,371.97,145.89,517.36,32
30,player,641,0,0,63.26,372.22,144.51,517.61,32
30,player,642,0,0,61.88,372.48,143.13,517.87,32
30,player,643,0,0,60.49,372.73,141.74,518.12,32
30,player,644,0,0,59.11,372.98,140.36,518.37,32
30,player,645,0,0,57.73,373.23,138.97,518.62,32
30,player,646,0,0,54.16,372.52,135.41,517.91,32
30,player,647,0,0,50.60,371.81,131.85,517.20,32
30,player,648,0,0,47.04,371.09,128.28,516.48,32
30,player,649,0,0,46.25,371.09,127.50,516.48,32
30,player,650,0,0,45.47,371.09,126.72,516.48,32
30,player,651,0,0,44.69,371.09,125.93,516.48,32
30,player,652,0,0,43.90,371.09,125.15,516.48,32
30,player,653,0,0,43.12,371.09,124.36,516.48,32
30,player,654,0,0,42.33,371.09,123.58,516.48,32
30,player,655,0,0,41.55,371.09,122.80,516.48,32
30,player,656,0,0,40.77,371.09,122.01,516.48,32
30,player,657,0,0,39.98,371.09,121.23,516.48,32
30,player,658,0,0,39.20,371.09,120.44,516.48,32
30,player,659,0,0,38.41,371.09,119.66,516.48,32
30,player,660,0,0,37.63,371.09,118.88,516.48,32
30,player,661,0,0,36.85,371.09,118.09,516.48,32
30,player,662,0,0,36.06,371.09,117.31,516.48,32
30,player,663,0,0,35.28,371.09,116.52,516.48,32
30,player,664,0,0,34.49,371.09,115.74,516.48,32
30,player,665,0,0,33.71,371.09,114.96,516.48,32
30,player,666,0,0,32.93,371.09,114.17,516.48,32
30,player,667,0,0,32.14,371.09,113.39,516.48,32
30,player,668,0,0,31.36,371.09,112.60,516.48,32
30,player,669,0,0,30.57,371.09,111.82,516.48,32
30,player,670,0,0,29.79,371.09,111.04,516.48,32
30,player,671,0,0,29.01,371.09,110.25,516.48,32
30,player,672,0,0,28.22,371.09,109.47,516.48,32
30,player,673,0,0,27.44,371.09,108.68,516.48,32
30,player,674,0,0,26.65,371.09,107.90,516.48,32
30,player,675,0,0,25.87,371.09,107.12,516.48,32
30,player,676,0,0,25.09,371.09,106.33,516.48,32
30,player,677,0,0,24.30,371.09,105.55,516.48,32
30,player,678,0,0,23.52,371.09,104.76,516.48,32
30,player,679,0,0,26.51,371.09,107.76,516.48,32
30,player,680,0,0,29.50,371.09,110.75,516.48,32
30,player,681,0,0,32.50,371.09,113.74,516.48,32
30,player,682,0,0,35.49,371.09,116.74,516.48,32
30,player,683,0,0,38.48,371.09,119.73,516.48,32
30,player,684,0,0,43.16,371.09,124.41,516.48,32
30,player,685,0,0,47.84,371.09,129.09,516.48,32
30,player,686,0,0,52.52,371.09,133.76,516.48,32
30,player,687,0,0,57.19,371.09,138.44,516.48,32
30,player,688,0,0,61.87,371.09,143.12,516.48,32
30,player,689,0,0,66.55,371.09,147.79,516.48,32
30,player,690,0,0,71.22,371.09,152.47,516.48,32
30,player,691,0,0,75.90,371.09,157.15,516.48,32
30,player,692,0,0,80.58,371.09,161.83,516.48,32
30,player,693,0,0,85.26,371.09,166.50,516.48,32
30,player,694,0,0,89.93,371.09,171.18,516.48,32
30,player,695,0,0,94.61,371.09,175.86,516.48,32
30,player,696,0,0,99.29,371.09,180.53,516.48,32
30,player,697,0,0,103.96,371.09,185.21,516.48,32
30,player,698,0,0,108.64,371.09,189.89,516.48,32
30,player,699,0,0,113.32,371.09,194.56,516.48,32
30,player,700,0,0,117.77,372.16,199.02,517.55,32
30,player,701,0,0,122.23,373.23,203.47,518.62,32
30,player,702,0,0,126.68,374.30,207.93,519.69,32
30,player,703,0,0,131.13,375.37,212.38,520.76,32
30,player,704,0,0,135.59,376.44,216.84,521.83,32
30,player,705,0,0,140.04,377.51,221.29,522.90,32
30,player,706,0,0,144.50,378.58,225.74,523.97,32
30,player,707,0,0,148.95,379.65,230.20,525.04,32
30,player,708,0,0,153.41,380.71,234.65,526.11,32
30,player,709,0,0,157.86,381.78,239.11,527.17,32
30,player,710,0,0,162.32,382.85,243.56,528.24,32
30,player,711,0,0,166.77,383.92,248.02,529.31,32
30,player,712,0,0,167.24,384.10,248.49,529.49,32
30,player,713,0,0,167.71,384.27,248.95,529.66,32
30,player,714,0,0,168.18,384.45,249.42,529.84,32
30,player,715,0,0,168.64,384.62,249.89,530.02,32
30,player,716,0,0,169.11,384.80,250.36,530.19,32
30,player,717,0,0,169.58,384.98,250.83,530.37,32
30,player,718,0,0,170.05,385.15,251.30,530.54,32
30,player,719,0,0,170.52,385.33,251.77,530.72,32
30,player,720,0,0,170.99,385.50,252.23,530.89,32
30,player,721,0,0,171.46,385.68,252.70,531.07,32
30,player,722,0,0,171.92,385.85,253.17,531.25,32
30,player,723,0,0,172.39,386.03,253.64,531.42,32
30,player,724,0,0,172.86,386.21,254.11,531.60,32
30,player,725,0,0,173.33,386.38,254.58,531.77,32
30,player,726,0,0,173.80,386.56,255.05,531.95,32
30,player,727,0,0,174.27,386.73,255.51,532.12,32
30,player,728,0,0,174.74,386.91,255.98,532.30,32
30,player,729,0,0,175.20,387.08,256.45,532.48,32
30,player,730,0,0,175.67,387.26,256.92,532.65,32
30,player,731,0,0,176.14,387.44,257.39,532.83,32
30,player,732,0,0,176.61,387.61,257.86,533.00,32
30,player,733,0,0,177.08,387.79,258.33,533.18,32
30,player,734,0,0,177.55,387.96,258.79,533.35,32
30,player,735,0,0,178.02,388.14,259.26,533.53,32
30,player,736,0,0,178.48,388.32,259.73,533.71,32
30,player,737,0,0,178.95,388.49,260.20,533.88,32
30,player,738,0,0,179.42,388.67,260.67,534.06,32
30,player,739,0,0,179.89,388.84,261.14,534.23,32
30,player,740,0,0,180.36,389.02,261.61,534.41,32
30,player,741,0,0,180.83,389.19,262.08,534.58,32
30,player,742,0,0,181.30,389.37,262.54,534.76,32
30,player,743,0,0,181.77,389.55,263.01,534.94,32
30,player,744,0,0,182.23,389.72,263.48,535.11,32
30,player,745,0,0,182.70,389.90,263.95,535.29,32
30,player,746,0,0,183.17,390.07,264.42,535.46,32
30,player,747,0,0,183.64,390.25,264.89,535.64,32
30,player,748,0,0,184.11,390.42,265.36,535.81,32
30,player,749,0,0,184.58,390.60,265.82,535.99,32
30,player,750,0,0,185.05,390.78,266.29,536.17,32
30,player,751,0,0,185.51,390.95,266.76,536.34,32
30,player,752,0,0,185.98,391.13,267.23,536.52,32
30,player,753,0,0,186.45,391.30,267.70,536.69,32
30,player,754,0,0,186.92,391.48,268.17,536.87,32
30,player,755,0,0,187.39,391.65,268.64,537.04,32
30,player,756,0,0,187.86,391.83,269.10,537.22,32
30,player,757,0,0,188.33,392.01,269.57,537.40,32
30,player,758,0,0,188.79,392.18,270.04,537.57,32
30,player,759,0,0,189.26,392.36,270.51,537.75,32
30,player,760,0,0,189.73,392.53,270.98,537.92,32
30,player,761,0,0,190.20,392.71,271.45,538.10,32
30,player,762,0,0,190.67,392.88,271.92,538.27,32
30,player,763,0,0,191.14,393.06,272.38,538.45,32
30,player,764,0,0,191.61,393.24,272.85,538.63,32
30,player,765,0,0,192.07,393.41,273.32,538.80,32
30,player,766,0,0,192.54,393.59,273.79,538.98,32
30,player,767,0,0,193.01,393.76,274.26,539.15,32
30,player,768,0,0,193.48,393.94,274.73,539.33,32
30,player,769,0,0,193.95,394.11,275.20,539.50,32
30,player,770,0,0,194.42,394.29,275.66,539.68,32
30,player,771,0,0,194.89,394.47,276.13,539.86,32
30,player,772,0,0,195.36,394.64,276.60,540.03,32
30,player,773,0,0,195.82,394.82,277.07,540.21,32
30,player,774,0,0,196.29,394.99,277.54,540.38,32
30,player,775,0,0,196.76,395.17,278.01,540.56,32
30,player,776,0,0,197.23,395.34,278.48,540.73,32
30,player,777,0,0,197.70,395.52,278.95,540.91,32
30,player,778,0,0,198.17,395.70,279.41,541.09,32
30,player,779,0,0,198.64,395.87,279.88,541.26,32
30,player,780,0,0,199.10,396.05,280.35,541.44,32
30,player,781,0,0,199.57,396.22,280.82,541.61,32
30,player,782,0,0,200.04,396.40,281.29,541.79,32
30,player,783,0,0,200.51,396.57,281.76,541.96,32
30,player,784,0,0,200.98,396.75,282.23,542.14,32
30,player,785,0,0,201.33,397.75,282.58,543.14,32
30,player,786,0,0,201.69,398.75,282.94,544.14,32
30,player,787,0,0,202.05,399.74,283.29,545.13,32
30,player,788,0,0,202.40,400.74,283.65,546.13,32
30,player,789,0,0,202.76,401.74,284.01,547.13,32
30,player,790,0,0,203.12,402.74,284.36,548.13,32
30,player,791,0,0,203.47,403.73,284.72,549.13,32
30,player,792,0,0,203.83,404.73,285.08,550.12,32
30,player,793,0,0,204.19,405.73,285.43,551.12,32
30,player,794,0,0,204.54,406.73,285.79,552.12,32
30,player,795,0,0,204.90,407.73,286.15,553.12,32
30,player,796,0,0,205.25,408.72,286.50,554.11,32
30,player,797,0,0,205.61,409.72,286.86,555.11,32
30,player,798,0,0,205.97,410.72,287.21,556.11,32
30,player,799,0,0,206.32,411.72,287.57,557.11,32
30,player,800,0,0,206.68,412.71,287.93,558.11,32
30,player,801,0,0,207.04,413.71,288.28,559.10,32
30,player,802,0,0,207.39,414.71,288.64,560.10,32
30,player,803,0,0,207.75,415.71,289.00,561.10,32
30,player,804,0,0,208.11,416.71,289.35,562.10,32
30,player,805,0,0,208.46,417.70,289.71,563.09,32
30,player,806,0,0,208.82,418.70,290.07,564.09,32
30,player,807,0,0,209.17,419.70,290.42,565.09,32
30,player,808,0,0,209.53,420.70,290.78,566.09,32
30,player,809,0,0,209.89,421.69,291.13,567.09,32
30,player,810,0,0,210.24,422.69,291.49,568.08,32
30,player,811,0,0,210.60,423.69,291.85,569.08,32
30,player,812,0,0,210.96,424.69,292.20,570.08,32
30,player,813,0,0,211.31,425.69,292.56,571.08,32
30,player,814,0,0,211.67,426.68,292.92,572.07,32
30,player,815,0,0,213.72,428.47,294.97,573.86,32
30,player,816,0,0,215.77,430.25,297.01,575.64,32
30,player,817,0,0,217.82,432.03,299.06,577.42,32
30,player,818,0,0,219.86,433.81,301.11,579.20,32
30,player,819,0,0,221.91,435.59,303.16,580.98,32
30,player,820,0,0,223.96,437.37,305.21,582.76,32
30,player,821,0,0,226.01,439.16,307.26,584.55,32
30,player,822,0,0,228.06,440.94,309.31,586.33,32
30,player,823,0,0,230.11,442.72,311.36,588.11,32
30,player,824,0,0,232.16,444.50,313.41,589.89,32
30,player,825,0,0,234.21,446.28,315.45,591.67,32
30,player,826,0,0,236.26,448.06,317.50,593.46,32
30,player,827,0,0,238.31,449.85,319.55,595.24,32
30,player,828,0,0,240.35,451.63,321.60,597.02,32
30,player,829,0,0,242.40,453.41,323.65,598.80,32
30,player,830,0,0,244.45,455.19,325.70,600.58,32
30,player,831,0,0,246.50,456.97,327.75,602.36,32
30,player,832,0,0,248.55,458.75,329.80,604.15,32
30,player,833,0,0,250.60,460.54,331.85,605.93,32
30,player,834,0,0,252.65,462.32,333.90,607.71,32
30,player,835,0,0,254.70,464.10,335.94,609.49,32
30,player,836,0,0,256.75,465.88,337.99,611.27,32
30,player,837,0,0,258.80,467.66,340.04,613.05,32
30,player,838,0,0,260.84,469.45,342.09,614.84,32
30,player,839,0,0,265.78,470.27,347.03,615.66,32
30,player,840,0,0,270.71,471.09,351.96,616.48,32
30,player,841,0,0,275.65,471.91,356.89,617.30,32
30,player,842,0,0,280.58,472.73,361.83,618.13,32
30,player,843,0,0,285.51,473.56,366.76,618.95,32
30,player,844,0,0,290.45,474.38,371.70,619.77,32
30,player,845,0,0,295.38,475.20,376.63,620.59,32
30,player,846,0,0,300.32,476.02,381.56,621.41,32
30,player,847,0,0,305.25,476.85,386.50,622.24,32
30,player,848,0,0,310.19,477.67,391.43,623.06,32
30,player,849,0,0,315.12,478.49,396.37,623.88,32
30,player,850,0,0,320.05,479.31,401.30,624.70,32
30,player,851,0,0,324.99,480.14,406.23,625.53,32
30,player,852,0,0,334.30,480.29,415.55,625.68,32
30,player,853,0,0,343.61,480.44,424.86,625.83,32
30,player,854,0,0,352.92,480.59,434.17,625.98,32
30,player,855,0,0,362.23,480.74,443.48,626.13,32
30,player,856,0,0,371.55,480.89,452.79,626.28,32
30,player,857,0,0,380.86,481.04,462.10,626.43,32
30,player,858,0,0,390.17,481.19,471.42,626.58,32
30,player,859,0,0,399.48,481.34,480.73,626.73,32
30,player,860,0,0,408.79,481.49,490.04,626.88,32
30,player,861,0,0,418.10,481.64,499.35,627.03,32
30,player,862,0,0,427.42,481.79,508.66,627.18,32
30,player,863,0,0,436.73,481.94,517.97,627.33,32
30,player,864,0,0,446.04,482.09,527.29,627.48,32
30,player,865,0,0,455.35,482.24,536.60,627.63,32
30,player,866,0,0,464.66,482.39,545.91,627.78,32
30,player,867,0,0,473.97,482.54,555.22,627.93,32
30,player,868,0,0,483.29,482.69,564.53,628.08,32
30,player,869,0,0,492.60,482.84,573.85,628.23,32
30,player,870,0,0,501.91,482.99,583.16,628.38,32
30,player,871,0,0,511.22,483.14,592.47,628.53,32
30,player,872,0,0,520.53,483.29,601.78,628.68,32
30,player,873,0,0,529.84,483.44,611.09,628.83,32
30,player,874,0,0,539.16,483.59,620.40,628.98,32
30,player,875,0,0,548.47,483.74,629.72,629.13,32
30,player,876,0,0,557.78,483.89,639.03,629.28,32
30,player,877,0,0,567.09,484.04,648.34,629.43,32
30,player,878,0,0,576.40,484.19,657.65,629.58,32
30,player,879,0,0,585.72,484.34,666.96,629.73,32
30,player,880,0,0,595.03,484.49,676.27,629.88,32
30,player,881,0,0,604.34,484.64,685.59,630.03,32
30,player,882,0,0,613.65,484.79,694.90,630.18,32
30,player,883,0,0,622.96,484.94,704.21,630.33,32
30,player,884,0,0,632.27,485.09,713.52,630.48,32
30,player,885,0,0,641.59,485.24,722.83,630.63,32
30,player,886,0,0,650.90,485.39,732.14,630.78,32
30,player,887,0,0,660.21,485.54,741.46,630.93,32
30,player,888,0,0,669.52,485.69,750.77,631.08,32
30,player,889,0,0,678.83,485.84,760.08,631.23,32
30,player,890,0,0,688.14,485.99,769.39,631.38,32
30,player,891,0,0,697.46,486.14,778.70,631.53,32
30,player,892,0,0,706.77,486.29,788.01,631.68,32
30,player,893,0,0,716.08,486.44,797.33,631.83,32
30,player,894,0,0,725.39,486.59,806.64,631.98,32
30,player,895,0,0,734.70,486.74,815.95,632.13,32
30,player,896,0,0,744.01,486.89,825.26,632.28,32
30,player,897,0,0,753.33,487.04,834.57,632.43,32
30,player,898,0,0,762.64,487.19,843.88,632.58,32
30,player,899,0,0,771.95,487.34,853.20,632.73,32
31,player,678,0,0,1843.03,283.43,1920.00,428.82,-1
31,player,679,0,0,1843.03,283.43,1920.00,428.82,-1
31,player,680,0,0,1843.03,283.43,1920.00,428.82,-1
31,player,681,0,0,1843.03,283.43,1920.00,428.82,-1
31,player,682,0,0,1843.03,283.43,1920.00,428.82,-1
31,player,683,0,0,1843.03,283.43,1920.00,428.82,-1
31,player,684,0,0,1843.03,283.43,1920.00,428.82,-1
31,player,685,0,0,1843.03,283.43,1920.00,428.82,-1
31,player,686,0,0,1843.03,283.43,1920.00,428.82,-1
31,player,687,0,0,1843.03,283.43,1920.00,428.82,-1
31,player,688,0,0,1843.03,283.43,1920.00,428.82,-1
31,player,689,0,0,1843.03,283.43,1920.00,428.82,-1
31,player,690,0,0,1843.03,283.43,1920.00,428.82,-1
31,player,691,0,0,1843.03,283.43,1920.00,428.82,-1
31,player,692,0,0,1843.03,283.43,1920.00,428.82,-1
31,player,693,0,0,1843.03,283.43,1920.00,428.82,-1
31,player,694,0,0,1843.03,283.43,1920.00,428.82,-1
31,player,695,0,0,1843.03,283.43,1920.00,428.82,-1
31,player,696,0,0,1843.03,283.43,1920.00,428.82,-1
31,player,697,0,0,1843.03,283.43,1920.00,428.82,-1
31,player,698,0,0,1843.03,283.43,1920.00,428.82,-1
31,player,699,1,0,1843.03,283.43,1920.00,428.82,-1
32,player,711,0,0,835.99,997.55,917.24,1080.00,-1
32,player,712,0,0,835.99,997.55,917.24,1080.00,-1
32,player,713,0,0,835.99,997.55,917.24,1080.00,-1
32,player,714,0,0,835.99,997.55,917.24,1080.00,-1
32,player,715,0,0,835.99,997.55,917.24,1080.00,-1
32,player,716,0,0,835.99,997.55,917.24,1080.00,-1
32,player,717,0,0,835.99,997.55,917.24,1080.00,-1
32,player,718,0,0,835.99,997.55,917.24,1080.00,-1
32,player,719,0,0,835.99,997.55,917.24,1080.00,-1
32,player,720,0,0,835.99,997.55,917.24,1080.00,-1
32,player,721,0,0,835.99,997.55,917.24,1080.00,-1
32,player,722,0,0,835.99,997.55,917.24,1080.00,-1
32,player,723,0,0,835.99,997.55,917.24,1080.00,-1
32,player,724,0,0,835.99,997.55,917.24,1080.00,-1
32,player,725,0,0,835.99,997.55,917.24,1080.00,-1
32,player,726,0,0,835.99,997.55,917.24,1080.00,-1
32,player,727,0,0,835.99,997.55,917.24,1080.00,-1
32,player,728,0,0,835.99,997.55,917.24,1080.00,-1
32,player,729,0,0,835.99,997.55,917.24,1080.00,-1
32,player,730,0,0,835.99,997.55,917.24,1080.00,-1
32,player,731,0,0,835.99,997.55,917.24,1080.00,-1
32,player,732,0,0,835.99,997.55,917.24,1080.00,-1
32,player,733,0,0,835.99,997.55,917.24,1080.00,-1
32,player,734,0,0,835.99,997.55,917.24,1080.00,-1
32,player,735,0,0,835.99,997.55,917.24,1080.00,-1
32,player,736,0,0,835.99,997.55,917.24,1080.00,-1
32,player,737,0,0,835.99,997.55,917.24,1080.00,-1
32,player,738,0,0,835.99,997.55,917.24,1080.00,-1
32,player,739,0,0,835.99,997.55,917.24,1080.00,-1
32,player,740,0,0,835.99,997.55,917.24,1080.00,-1
32,player,741,0,0,835.99,997.55,917.24,1080.00,-1
32,player,742,0,0,835.99,997.55,917.24,1080.00,-1
32,player,743,0,0,835.99,997.55,917.24,1080.00,-1
32,player,744,0,0,835.99,997.55,917.24,1080.00,-1
32,player,745,0,0,835.99,997.55,917.24,1080.00,-1
32,player,746,0,0,835.99,997.55,917.24,1080.00,-1
32,player,747,0,0,835.99,997.55,917.24,1080.00,-1
32,player,748,0,0,835.99,997.55,917.24,1080.00,-1
32,player,749,0,0,835.99,997.55,917.24,1080.00,-1
32,player,750,0,0,835.99,997.55,917.24,1080.00,-1
32,player,751,0,0,835.99,997.55,917.24,1080.00,-1
32,player,752,0,0,835.99,997.55,917.24,1080.00,-1
32,player,753,0,0,835.99,997.55,917.24,1080.00,-1
32,player,754,0,0,835.99,997.55,917.24,1080.00,-1
32,player,755,0,0,835.99,997.55,917.24,1080.00,-1
32,player,756,0,0,835.99,997.55,917.24,1080.00,-1
32,player,757,0,0,835.99,997.55,917.24,1080.00,-1
32,player,758,0,0,835.99,997.55,917.24,1080.00,-1
32,player,759,0,0,835.99,997.55,917.24,1080.00,-1
32,player,760,0,0,835.99,997.55,917.24,1080.00,-1
32,player,761,0,0,835.99,997.55,917.24,1080.00,-1
32,player,762,0,0,835.99,997.55,917.24,1080.00,-1
32,player,763,0,0,835.99,997.55,917.24,1080.00,-1
32,player,764,0,0,835.99,997.55,917.24,1080.00,-1
32,player,765,0,0,835.99,997.55,917.24,1080.00,-1
32,player,766,0,0,835.99,997.55,917.24,1080.00,-1
32,player,767,1,0,835.99,997.55,917.24,1080.00,-1
33,player,767,0,0,1689.09,458.75,1770.33,604.14,-1
33,player,768,0,0,1687.70,457.12,1768.95,602.51,-1
33,player,769,0,0,1686.32,455.48,1767.57,600.87,-1
33,player,770,0,0,1684.94,453.85,1766.18,599.24,-1
33,player,771,0,0,1683.55,452.21,1764.80,597.60,-1
33,player,772,0,0,1682.17,450.58,1763.42,595.97,-1
33,player,773,0,0,1680.79,448.94,1762.03,594.33,-1
33,player,774,0,0,1679.40,447.31,1760.65,592.70,-1
33,player,775,0,0,1678.02,445.67,1759.27,591.06,-1
33,player,776,0,0,1676.64,444.04,1757.88,589.43,-1
33,player,777,0,0,1675.25,442.40,1756.50,587.79,-1
33,player,778,0,0,1673.87,440.77,1755.12,586.16,-1
33,player,779,0,0,1672.49,439.13,1753.73,584.52,-1
33,player,780,0,0,1671.10,437.50,1752.35,582.89,-1
33,player,781,0,0,1669.72,435.86,1750.97,581.25,-1
33,player,782,0,0,1668.33,434.23,1749.58,579.62,-1
33,player,783,0,0,1666.95,432.59,1748.20,577.98,-1
33,player,784,0,0,1665.57,430.96,1746.81,576.35,-1
33,player,785,0,0,1664.28,431.03,1745.53,576.42,-1
33,player,786,0,0,1663.00,431.10,1744.25,576.49,-1
33,player,787,0,0,1661.72,431.17,1742.97,576.56,-1
33,player,788,0,0,1660.44,431.24,1741.68,576.63,-1
33,player,789,0,0,1659.15,431.31,1740.40,576.70,-1
33,player,790,0,0,1657.87,431.39,1739.12,576.78,-1
33,player,791,0,0,1656.59,431.46,1737.83,576.85,-1
33,player,792,0,0,1655.30,431.53,1736.55,576.92,-1
33,player,793,0,0,1654.02,431.60,1735.27,576.99,-1
33,player,794,0,0,1652.74,431.67,1733.99,577.06,-1
33,player,795,0,0,1651.46,431.74,1732.70,577.13,-1
33,player,796,0,0,1650.17,431.81,1731.42,577.20,-1
33,player,797,0,0,1648.89,431.88,1730.14,577.27,-1
33,player,798,0,0,1647.61,431.96,1728.85,577.35,-1
33,player,799,0,0,1646.32,432.03,1727.57,577.42,-1
33,player,800,0,0,1645.04,432.10,1726.29,577.49,-1
33,player,801,0,0,1643.76,432.17,1725.01,577.56,-1
33,player,802,0,0,1642.48,432.24,1723.72,577.63,-1
33,player,803,0,0,1641.19,432.31,1722.44,577.70,-1
33,player,804,0,0,1639.91,432.38,1721.16,577.77,-1
33,player,805,0,0,1638.63,432.45,1719.87,577.85,-1
33,player,806,0,0,1637.34,432.53,1718.59,577.92,-1
33,player,807,0,0,1636.06,432.60,1717.31,577.99,-1
33,player,808,0,0,1634.78,432.67,1716.03,578.06,-1
33,player,809,0,0,1633.50,432.74,1714.74,578.13,-1
33,player,810,0,0,1632.21,432.81,1713.46,578.20,-1
33,player,811,0,0,1630.93,432.88,1712.18,578.27,-1
33,player,812,0,0,1629.65,432.95,1710.89,578.34,-1
33,player,813,0,0,1628.36,433.02,1709.61,578.42,-1
33,player,814,0,0,1627.08,433.10,1708.33,578.49,-1
33,player,815,0,0,1629.40,432.74,1710.64,578.13,-1
33,player,816,0,0,1631.71,432.38,1712.96,577.77,-1
33,player,817,0,0,1634.03,432.03,1715.28,577.42,-1
33,player,818,0,0,1636.35,431.67,1717.59,577.06,-1
33,player,819,0,0,1638.66,431.31,1719.91,576.70,-1
33,player,820,0,0,1640.98,430.96,1722.23,576.35,-1
33,player,821,0,0,1643.29,430.60,1724.54,575.99,-1
33,player,822,0,0,1645.61,430.24,1726.86,575.64,-1
33,player,823,0,0,1647.93,429.89,1729.17,575.28,-1
33,player,824,0,0,1650.24,429.53,1731.49,574.92,-1
33,player,825,0,0,1652.56,429.18,1733.81,574.57,-1
33,player,826,0,0,1654.88,428.82,1736.12,574.21,-1
33,player,827,0,0,1657.19,428.46,1738.44,573.85,-1
33,player,828,0,0,1659.51,428.11,1740.76,573.50,-1
33,player,829,0,0,1661.82,427.75,1743.07,573.14,-1
33,player,830,0,0,1664.14,427.39,1745.39,572.78,-1
33,player,831,0,0,1666.46,427.04,1747.70,572.43,-1
33,player,832,0,0,1668.77,426.68,1750.02,572.07,-1
33,player,833,0,0,1671.09,426.32,1752.34,571.72,-1
33,player,834,0,0,1673.41,425.97,1754.65,571.36,-1
33,player,835,0,0,1675.72,425.61,1756.97,571.00,-1
33,player,836,0,0,1678.04,425.26,1759.29,570.65,-1
33,player,837,0,0,1680.35,424.90,1761.60,570.29,-1
33,player,838,0,0,1682.67,424.54,1763.92,569.93,-1
33,player,839,0,0,1687.60,423.39,1768.85,568.78,-1
33,player,840,0,0,1692.54,422.24,1773.79,567.63,-1
33,player,841,0,0,1697.47,421.09,1778.72,566.48,-1
33,player,842,0,0,1702.41,419.94,1783.65,565.33,-1
33,player,843,0,0,1707.34,418.79,1788.59,564.18,-1
33,player,844,0,0,1712.28,417.64,1793.52,563.03,-1
33,player,845,0,0,1717.21,416.48,1798.46,561.87,-1
33,player,846,0,0,1722.14,415.33,1803.39,560.72,-1
33,player,847,0,0,1727.08,414.18,1808.32,559.57,-1
33,player,848,0,0,1732.01,413.03,1813.26,558.42,-1
33,player,849,0,0,1736.95,411.88,1818.19,557.27,-1
33,player,850,0,0,1741.88,410.73,1823.13,556.12,-1
33,player,851,0,0,1746.81,409.58,1828.06,554.97,-1
33,player,852,0,0,1742.09,408.95,1823.34,554.34,-1
33,player,853,0,0,1737.37,408.33,1818.62,553.72,-1
33,player,854,0,0,1732.65,407.71,1813.90,553.10,-1
33,player,855,0,0,1727.93,407.08,1809.17,552.47,-1
33,player,856,0,0,1723.21,406.46,1804.45,551.85,-1
33,player,857,0,0,1718.48,405.83,1799.73,551.23,-1
33,player,858,0,0,1713.76,405.21,1795.01,550.60,-1
33,player,859,0,0,1709.04,404.59,1790.29,549.98,-1
33,player,860,0,0,1704.32,403.96,1785.57,549.35,-1
33,player,861,0,0,1699.60,403.34,1780.84,548.73,-1
33,player,862,0,0,1694.88,402.72,1776.12,548.11,-1
33,player,863,0,0,1690.15,402.09,1771.40,547.48,-1
33,player,864,0,0,1685.43,401.47,1766.68,546.86,-1
33,player,865,0,0,1680.71,400.85,1761.96,546.24,-1
33,player,866,0,0,1675.99,400.22,1757.24,545.61,-1
33,player,867,0,0,1671.27,399.60,1752.51,544.99,-1
33,player,868,0,0,1666.55,398.97,1747.79,544.37,-1
33,player,869,0,0,1661.82,398.35,1743.07,543.74,-1
33,player,870,0,0,1657.10,397.73,1738.35,543.12,-1
33,player,871,0,0,1652.38,397.10,1733.63,542.49,-1
33,player,872,0,0,1647.66,396.48,1728.91,541.87,-1
33,player,873,0,0,1642.94,395.86,1724.19,541.25,-1
33,player,874,0,0,1638.22,395.23,1719.46,540.62,-1
33,player,875,0,0,1633.50,394.61,1714.74,540.00,-1
33,player,876,0,0,1628.77,393.99,1710.02,539.38,-1
33,player,877,0,0,1624.05,393.36,1705.30,538.75,-1
33,player,878,0,0,1619.33,392.74,1700.58,538.13,-1
33,player,879,0,0,1614.61,392.11,1695.86,537.51,-1
33,player,880,0,0,1609.89,391.49,1691.13,536.88,-1
33,player,881,0,0,1605.17,390.87,1686.41,536.26,-1
33,player,882,0,0,1600.44,390.24,1681.69,535.63,-1
33,player,883,0,0,1595.72,389.62,1676.97,535.01,-1
33,player,884,0,0,1591.00,389.00,1672.25,534.39,-1
33,player,885,0,0,1586.28,388.37,1667.53,533.76,-1
33,player,886,0,0,1581.56,387.75,1662.80,533.14,-1
33,player,887,0,0,1576.84,387.13,1658.08,532.52,-1
33,player,888,0,0,1572.11,386.50,1653.36,531.89,-1
33,player,889,0,0,1567.39,385.88,1648.64,531.27,-1
33,player,890,0,0,1562.67,385.26,1643.92,530.65,-1
33,player,891,0,0,1557.95,384.63,1639.20,530.02,-1
33,player,892,0,0,1553.23,384.01,1634.48,529.40,-1
33,player,893,0,0,1548.51,383.38,1629.75,528.77,-1
33,player,894,0,0,1543.78,382.76,1625.03,528.15,-1
33,player,895,0,0,1539.06,382.14,1620.31,527.53,-1
33,player,896,0,0,1534.34,381.51,1615.59,526.90,-1
33,player,897,0,0,1529.62,380.89,1610.87,526.28,-1
33,player,898,0,0,1524.90,380.27,1606.15,525.66,-1
33,player,899,1,0,1520.18,379.64,1601.42,525.03,-1
34,player,767,0,0,1733.99,180.80,1815.23,326.19,-1
34,player,768,0,0,1736.00,179.04,1817.25,324.43,-1
34,player,769,0,0,1738.01,177.28,1819.26,322.67,-1
34,player,770,0,0,1740.02,175.52,1821.27,320.91,-1
34,player,771,0,0,1742.04,173.76,1823.28,319.15,-1
34,player,772,0,0,1744.05,172.00,1825.30,317.39,-1
34,player,773,0,0,1746.06,170.24,1827.31,315.63,-1
34,player,774,0,0,1748.07,168.48,1829.32,313.87,-1
34,player,775,0,0,1750.09,166.72,1831.33,312.11,-1
34,player,776,0,0,1752.10,164.95,1833.35,310.35,-1
34,player,777,0,0,1754.11,163.19,1835.36,308.58,-1
34,player,778,0,0,1756.12,161.43,1837.37,306.82,-1
34,player,779,0,0,1758.14,159.67,1839.38,305.06,-1
34,player,780,0,0,1760.15,157.91,1841.40,303.30,-1
34,player,781,0,0,1762.16,156.15,1843.41,301.54,-1
34,player,782,0,0,1764.17,154.39,1845.42,299.78,-1
34,player,783,0,0,1766.18,152.63,1847.43,298.02,-1
34,player,784,0,0,1768.20,150.87,1849.44,296.26,-1
34,player,785,0,0,1769.27,149.30,1850.51,294.69,-1
34,player,786,0,0,1770.34,147.73,1851.58,293.12,-1
34,player,787,0,0,1771.40,146.16,1852.65,291.56,-1
34,player,788,0,0,1772.47,144.60,1853.72,289.99,-1
34,player,789,0,0,1773.54,143.03,1854.79,288.42,-1
34,player,790,0,0,1774.61,141.46,1855.86,286.85,-1
34,player,791,0,0,1775.68,139.89,1856.93,285.28,-1
34,player,792,0,0,1776.75,138.32,1858.00,283.72,-1
34,player,793,0,0,1777.82,136.76,1859.07,282.15,-1
34,player,794,0,0,1778.89,135.19,1860.13,280.58,-1
34,player,795,0,0,1779.96,133.62,1861.20,279.01,-1
34,player,796,0,0,1781.03,132.05,1862.27,277.44,-1
34,player,797,0,0,1782.09,130.49,1863.34,275.88,-1
34,player,798,0,0,1783.16,128.92,1864.41,274.31,-1
34,player,799,0,0,1784.23,127.35,1865.48,272.74,-1
34,player,800,0,0,1785.30,125.78,1866.55,271.17,-1
34,player,801,0,0,1786.37,124.21,1867.62,269.60,-1
34,player,802,0,0,1787.44,122.65,1868.69,268.04,-1
34,player,803,0,0,1788.51,121.08,1869.76,266.47,-1
34,player,804,0,0,1789.58,119.51,1870.83,264.90,-1
34,player,805,0,0,1790.65,117.94,1871.89,263.33,-1
34,player,806,0,0,1791.72,116.37,1872.96,261.76,-1
34,player,807,0,0,1792.79,114.81,1874.03,260.20,-1
34,player,808,0,0,1793.85,113.24,1875.10,258.63,-1
34,player,809,0,0,1794.92,111.67,1876.17,257.06,-1
34,player,810,0,0,1795.99,110.10,1877.24,255.49,-1
34,player,811,0,0,1797.06,108.53,1878.31,253.93,-1
34,player,812,0,0,1798.13,106.97,1879.38,252.36,-1
34,player,813,0,0,1799.20,105.40,1880.45,250.79,-1
34,player,814,0,0,1800.27,103.83,1881.52,249.22,-1
34,player,815,0,0,1802.67,103.83,1883.12,249.22,-1
34,player,816,0,0,1805.08,103.83,1884.72,249.22,-1
34,player,817,0,0,1807.48,103.83,1886.33,249.22,-1
34,player,818,0,0,1809.89,103.83,1887.93,249.22,-1
34,player,819,0,0,1812.30,103.83,1889.53,249.22,-1
34,player,820,0,0,1814.70,103.83,1891.14,249.22,-1
34,player,821,0,0,1817.11,103.83,1892.74,249.22,-1
34,player,822,0,0,1819.51,103.83,1894.34,249.22,-1
34,player,823,0,0,1821.92,103.83,1895.95,249.22,-1
34,player,824,0,0,1824.32,103.83,1897.55,249.22,-1
34,player,825,0,0,1826.73,103.83,1899.15,249.22,-1
34,player,826,0,0,1829.13,103.83,1900.76,249.22,-1
34,player,827,0,0,1831.54,103.83,1902.36,249.22,-1
34,player,828,0,0,1833.94,103.83,1903.96,249.22,-1
34,player,829,0,0,1836.35,103.83,1905.57,249.22,-1
34,player,830,0,0,1838.75,103.83,1907.17,249.22,-1
34,player,831,0,0,1841.16,103.83,1908.78,249.22,-1
34,player,832,0,0,1843.56,103.83,1910.38,249.22,-1
34,player,833,0,0,1845.97,103.83,1911.98,249.22,-1
34,player,834,0,0,1848.38,103.83,1913.59,249.22,-1
34,player,835,0,0,1850.78,103.83,1915.19,249.22,-1
34,player,836,0,0,1853.19,103.83,1916.79,249.22,-1
34,player,837,0,0,1855.59,103.83,1918.40,249.22,-1
34,player,838,0,0,1858.00,103.83,1920.00,249.22,-1
34,player,839,0,0,1858.00,103.83,1920.00,249.22,-1
34,player,840,0,0,1858.00,103.83,1920.00,249.22,-1
34,player,841,0,0,1858.00,103.83,1920.00,249.22,-1
34,player,842,0,0,1858.00,103.83,1920.00,249.22,-1
34,player,843,0,0,1858.00,103.83,1920.00,249.22,-1
34,player,844,0,0,1858.00,103.83,1920.00,249.22,-1
34,player,845,0,0,1858.00,103.83,1920.00,249.22,-1
34,player,846,0,0,1858.00,103.83,1920.00,249.22,-1
34,player,847,0,0,1858.00,103.83,1920.00,249.22,-1
34,player,848,0,0,1858.00,103.83,1920.00,249.22,-1
34,player,849,0,0,1858.00,103.83,1920.00,249.22,-1
34,player,850,0,0,1858.00,103.83,1920.00,249.22,-1
34,player,851,1,0,1858.00,103.83,1920.00,249.22,-1
35,player,814,0,0,346.37,659.73,427.62,805.12,-1
35,player,815,0,0,365.61,660.27,446.86,805.66,-1
35,player,816,0,0,384.86,660.80,466.10,806.19,-1
35,player,817,0,0,404.10,661.34,485.35,806.73,-1
35,player,818,0,0,423.34,661.87,504.59,807.26,-1
35,player,819,0,0,442.58,662.41,523.83,807.80,-1
35,player,820,0,0,461.83,662.94,543.07,808.33,-1
35,player,821,0,0,481.07,663.48,562.32,808.87,-1
35,player,822,0,0,500.31,664.01,581.56,809.40,-1
35,player,823,0,0,519.56,664.54,600.80,809.93,-1
35,player,824,0,0,538.80,665.08,620.05,810.47,-1
35,player,825,0,0,558.04,665.61,639.29,811.00,-1
35,player,826,0,0,577.28,666.15,658.53,811.54,-1
35,player,827,0,0,596.53,666.68,677.77,812.07,-1
35,player,828,0,0,615.77,667.22,697.02,812.61,-1
35,player,829,0,0,635.01,667.75,716.26,813.14,-1
35,player,830,0,0,654.25,668.29,735.50,813.68,-1
35,player,831,0,0,673.50,668.82,754.74,814.21,-1
35,player,832,0,0,692.74,669.36,773.99,814.75,-1
35,player,833,0,0,711.98,669.89,793.23,815.28,-1
35,player,834,0,0,731.23,670.42,812.47,815.81,-1
35,player,835,0,0,750.47,670.96,831.72,816.35,-1
35,player,836,0,0,769.71,671.49,850.96,816.88,-1
35,player,837,0,0,788.95,672.03,870.20,817.42,-1
35,player,838,0,0,808.20,672.56,889.44,817.95,-1
35,player,839,0,0,822.83,673.22,904.08,818.61,-1
35,player,840,0,0,837.47,673.88,918.72,819.27,-1
35,player,841,0,0,852.11,674.54,933.36,819.93,-1
35,player,842,0,0,866.75,675.19,947.99,820.58,-1
35,player,843,0,0,881.38,675.85,962.63,821.24,-1
35,player,844,0,0,896.02,676.51,977.27,821.90,-1
35,player,845,0,0,910.66,677.17,991.91,822.56,-1
35,player,846,0,0,925.30,677.83,1006.54,823.22,-1
35,player,847,0,0,939.93,678.48,1021.18,823.87,-1
35,player,848,0,0,954.57,679.14,1035.82,824.53,-1
35,player,849,0,0,969.21,679.80,1050.46,825.19,-1
35,player,850,0,0,983.85,680.46,1065.09,825.85,-1
35,player,851,0,0,998.49,681.11,1079.73,826.50,-1
35,player,852,0,0,1005.94,679.79,1087.19,825.18,-1
35,player,853,0,0,1013.40,678.46,1094.64,823.85,-1
35,player,854,0,0,1020.85,677.13,1102.10,822.53,-1
35,player,855,0,0,1028.31,675.81,1109.55,821.20,-1
35,player,856,0,0,1035.76,674.48,1117.01,819.87,-1
35,player,857,0,0,1043.22,673.16,1124.47,818.55,-1
35,player,858,0,0,1050.67,671.83,1131.92,817.22,-1
35,player,859,0,0,1058.13,670.50,1139.38,815.89,-1
35,player,860,0,0,1065.59,669.18,1146.83,814.57,-1
35,player,861,0,0,1073.04,667.85,1154.29,813.24,-1
35,player,862,0,0,1080.50,666.52,1161.74,811.91,-1
35,player,863,0,0,1087.95,665.20,1169.20,810.59,-1
35,player,864,0,0,1095.41,663.87,1176.66,809.26,-1
35,player,865,0,0,1102.86,662.54,1184.11,807.93,-1
35,player,866,0,0,1110.32,661.22,1191.57,806.61,-1
35,player,867,0,0,1117.78,659.89,1199.02,805.28,-1
35,player,868,0,0,1125.23,658.56,1206.48,803.96,-1
35,player,869,0,0,1132.69,657.24,1213.93,802.63,-1
35,player,870,0,0,1140.14,655.91,1221.39,801.30,-1
35,player,871,0,0,1147.60,654.59,1228.84,799.98,-1
35,player,872,0,0,1155.05,653.26,1236.30,798.65,-1
35,player,873,0,0,1162.51,651.93,1243.76,797.32,-1
35,player,874,0,0,1169.96,650.61,1251.21,796.00,-1
35,player,875,0,0,1177.42,649.28,1258.67,794.67,-1
35,player,876,0,0,1184.88,647.95,1266.12,793.34,-1
35,player,877,0,0,1192.33,646.63,1273.58,792.02,-1
35,player,878,0,0,1199.79,645.30,1281.03,790.69,-1
35,player,879,0,0,1207.24,643.97,1288.49,789.36,-1
35,player,880,0,0,1214.70,642.65,1295.95,788.04,-1
35,player,881,0,0,1222.15,641.32,1303.40,786.71,-1
35,player,882,0,0,1229.61,639.99,1310.86,785.38,-1
35,player,883,0,0,1237.06,638.67,1318.31,784.06,-1
35,player,884,0,0,1244.52,637.34,1325.77,782.73,-1
35,player,885,0,0,1251.98,636.01,1333.22,781.41,-1
35,player,886,0,0,1259.43,634.69,1340.68,780.08,-1
35,player,887,0,0,1266.89,633.36,1348.13,778.75,-1
35,player,888,0,0,1274.34,632.04,1355.59,777.43,-1
35,player,889,0,0,1281.80,630.71,1363.05,776.10,-1
35,player,890,0,0,1289.25,629.38,1370.50,774.77,-1
35,player,891,0,0,1296.71,628.06,1377.96,773.45,-1
35,player,892,0,0,1304.17,626.73,1385.41,772.12,-1
35,player,893,0,0,1311.62,625.40,1392.87,770.79,-1
35,player,894,0,0,1319.08,624.08,1400.32,769.47,-1
35,player,895,0,0,1326.53,622.75,1407.78,768.14,-1
35,player,896,0,0,1333.99,621.42,1415.23,766.81,-1
35,player,897,0,0,1341.44,620.10,1422.69,765.49,-1
35,player,898,0,0,1348.90,618.77,1430.15,764.16,-1
35,player,899,0,0,1356.35,617.44,1437.60,762.83,-1
36,player,851,0,0,47.04,202.18,128.29,347.57,-1
36,player,852,0,0,56.75,201.60,138.00,346.99,-1
36,player,853,0,0,66.46,201.02,147.71,346.42,-1
36,player,854,0,0,76.17,200.45,157.42,345.84,-1
36,player,855,0,0,85.88,199.87,167.13,345.26,-1
36,player,856,0,0,95.59,199.29,176.84,344.68,-1
36,player,857,0,0,105.30,198.71,186.55,344.10,-1
36,player,858,0,0,115.01,198.13,196.26,343.52,-1
36,player,859,0,0,124.72,197.55,205.97,342.94,-1
36,player,860,0,0,134.43,196.97,215.68,342.36,-1
36,player,861,0,0,144.14,196.39,225.39,341.78,-1
36,player,862,0,0,153.85,195.81,235.10,341.20,-1
36,player,863,0,0,163.56,195.23,244.81,340.62,-1
36,player,864,0,0,173.27,194.65,254.52,340.05,-1
36,player,865,0,0,182.99,194.08,264.23,339.47,-1
36,player,866,0,0,192.70,193.50,273.94,338.89,-1
36,player,867,0,0,202.41,192.92,283.65,338.31,-1
36,player,868,0,0,212.12,192.34,293.36,337.73,-1
36,player,869,0,0,221.83,191.76,303.07,337.15,-1
36,player,870,0,0,231.54,191.18,312.78,336.57,-1
36,player,871,0,0,241.25,190.60,322.49,335.99,-1
36,player,872,0,0,250.96,190.02,332.21,335.41,-1
36,player,873,0,0,260.67,189.44,341.92,334.83,-1
36,player,874,0,0,270.38,188.86,351.63,334.25,-1
36,player,875,0,0,280.09,188.29,361.34,333.68,-1
36,player,876,0,0,289.80,187.71,371.05,333.10,-1
36,player,877,0,0,299.51,187.13,380.76,332.52,-1
36,player,878,0,0,309.22,186.55,390.47,331.94,-1
36,player,879,0,0,318.93,185.97,400.18,331.36,-1
36,player,880,0,0,328.64,185.39,409.89,330.78,-1
36,player,881,0,0,338.35,184.81,419.60,330.20,-1
36,player,882,0,0,348.06,184.23,429.31,329.62,-1
36,player,883,0,0,357.77,183.65,439.02,329.04,-1
36,player,884,0,0,367.48,183.07,448.73,328.46,-1
36,player,885,0,0,377.19,182.49,458.44,327.89,-1
36,player,886,0,0,386.90,181.92,468.15,327.31,-1
36,player,887,0,0,396.62,181.34,477.86,326.73,-1
36,player,888,0,0,406.33,180.76,487.57,326.15,-1
36,player,889,0,0,416.04,180.18,497.28,325.57,-1
36,player,890,0,0,425.75,179.60,506.99,324.99,-1
36,player,891,0,0,435.46,179.02,516.70,324.41,-1
36,player,892,0,0,445.17,178.44,526.41,323.83,-1
36,player,893,0,0,454.88,177.86,536.12,323.25,-1
36,player,894,0,0,464.59,177.28,545.84,322.67,-1
36,player,895,0,0,474.30,176.70,555.55,322.09,-1
36,player,896,0,0,484.01,176.12,565.26,321.52,-1
36,player,897,0,0,493.72,175.55,574.97,320.94,-1
36,player,898,0,0,503.43,174.97,584.68,320.36,-1
36,player,899,0,0,513.14,174.39,594.39,319.78,-1
37,player,899,0,0,406.24,604.14,487.48,749.53,-1
38,player,899,0,0,598.66,606.28,679.91,751.67,-1
39,player,899,0,0,128.29,411.71,209.53,557.11,-1
40,player,899,0,0,0.00,413.85,68.42,559.24,-1
41,player,899,0,0,226.64,167.97,307.88,313.36,-1
