1,833,458.65,641.85,46.14,111.58,0.9755,-1,-1,-1
1,834,982.37,539.3,47.06,89.7,0.9741,-1,-1,-1
1,835,1812.12,468.59,55.29,91.2,0.9728,-1,-1,-1
1,836,409.64,443.77,45.4,91.71,0.9694,-1,-1,-1
1,837,1021.41,691.22,41.5,110.83,0.969,-1,-1,-1
1,838,924.58,143.17,40.2,53.43,0.966,-1,-1,-1
1,839,540.99,136.35,35.7,67.76,0.9629,-1,-1,-1
1,840,1758.71,314.63,38.13,76.45,0.9607,-1,-1,-1
1,841,847.42,361.66,23.55,75.56,0.9586,-1,-1,-1
1,842,1271.11,131.06,27.75,45.85,0.9521,-1,-1,-1
1,843,790.18,417.78,26.42,85.93,0.9518,-1,-1,-1
1,844,1678.94,148.38,28.29,61.27,0.9498,-1,-1,-1
1,845,558.84,613.13,46.44,86.65,0.9465,-1,-1,-1
1,846,1371.45,103.93,25.96,51.29,0.9436,-1,-1,-1
1,847,1375.68,479.4,28.46,75.46,0.9402,-1,-1,-1
1,848,1295.38,63.76,14.5,44.6,0.9191,-1,-1,-1
1,849,1356.11,447.41,34.52,85.54,0.8835,-1,-1,-1
1,850,624.28,1026.55,52.51,52.5,0.7852,-1,-1,-1
2,834,980.3,538.43,42.88,90.65,0.9763,-1,-1,-1
2,833,455.96,642.62,46.68,111.18,0.9753,-1,-1,-1
2,835,1817.82,467.92,51.69,92.07,0.974,-1,-1,-1
2,837,1019.71,690.87,41.24,110.08,0.9735,-1,-1,-1
2,836,410.78,444.81,43.25,91.03,0.9651,-1,-1,-1
2,845,549.4,612.65,50.49,88.14,0.964,-1,-1,-1
2,839,539.12,137.53,36.6,67.16,0.9636,-1,-1,-1
2,838,921.65,144.5,36.68,52.25,0.9598,-1,-1,-1
2,840,1759.56,312.75,33.02,78.43,0.9573,-1,-1,-1
2,841,846.99,361.88,22.59,76.4,0.9562,-1,-1,-1
2,842,1266.39,130.46,32.22,46.61,0.9514,-1,-1,-1
2,844,1681.45,148.48,25.8,62.13,0.9499,-1,-1,-1
2,846,1371.82,104.05,25.26,52.3,0.9474,-1,-1,-1
2,843,791.21,418.51,25.33,84.09,0.9439,-1,-1,-1
2,849,1355.16,445.36,36.27,87.91,0.9413,-1,-1,-1
2,847,1373.43,474.45,30.97,80.37,0.937,-1,-1,-1
2,848,1296.25,64.0,13.9,45.93,0.9187,-1,-1,-1
2,850,622.55,1027.91,52.97,50.74,0.7779,-1,-1,-1
3,833,453.08,643.59,47.96,111.65,0.9807,-1,-1,-1
3,834,977.71,539.03,39.39,90.83,0.9742,-1,-1,-1
3,837,1018.4,691.64,41.51,110.59,0.9736,-1,-1,-1
3,845,546.59,612.31,48.57,90.35,0.9702,-1,-1,-1
3,835,1825.65,468.13,46.74,92.55,0.9666,-1,-1,-1
3,839,536.9,139.21,38.0,65.34,0.9645,-1,-1,-1
3,840,1758.88,311.52,32.13,80.46,0.9574,-1,-1,-1
3,842,1262.14,129.89,35.25,48.17,0.9563,-1,-1,-1
3,838,918.21,146.11,32.79,51.79,0.952,-1,-1,-1
3,841,846.38,361.72,23.0,77.71,0.9501,-1,-1,-1
3,844,1683.07,149.13,24.25,61.79,0.9492,-1,-1,-1
3,846,1373.97,104.35,23.33,53.31,0.9471,-1,-1,-1
3,843,794.48,419.0,21.32,82.68,0.9454,-1,-1,-1
3,849,1354.83,447.48,41.25,86.7,0.9408,-1,-1,-1
3,847,1375.36,479.28,29.12,74.68,0.9353,-1,-1,-1
3,836,411.41,445.87,41.18,91.08,0.9337,-1,-1,-1
3,848,1295.51,65.07,15.35,45.18,0.9336,-1,-1,-1
3,850,619.87,1029.28,54.29,49.25,0.732,-1,-1,-1
4,833,449.4,645.08,49.37,110.36,0.9814,-1,-1,-1
4,837,1017.32,693.05,41.01,111.12,0.9717,-1,-1,-1
4,834,974.68,538.35,35.8,93.49,0.9711,-1,-1,-1
4,835,1832.81,467.68,42.35,95.17,0.9698,-1,-1,-1
4,839,534.65,141.54,39.82,62.98,0.9689,-1,-1,-1
4,845,546.13,610.65,48.09,94.13,0.9683,-1,-1,-1
4,836,411.52,447.34,38.86,91.93,0.967,-1,-1,-1
4,840,1759.19,311.65,30.37,80.03,0.9611,-1,-1,-1
4,842,1258.89,130.54,37.42,48.49,0.9584,-1,-1,-1
4,841,844.07,362.79,24.32,78.3,0.9495,-1,-1,-1
4,843,794.59,419.82,21.36,83.05,0.9471,-1,-1,-1
4,846,1376.17,105.0,21.29,53.06,0.9463,-1,-1,-1
4,847,1374.44,479.65,30.11,72.55,0.9452,-1,-1,-1
4,844,1683.6,150.22,23.53,62.07,0.9444,-1,-1,-1
4,849,1354.31,446.61,42.62,88.02,0.9443,-1,-1,-1
4,848,1294.83,65.59,19.21,45.72,0.9433,-1,-1,-1
4,838,915.42,147.6,28.05,50.75,0.9408,-1,-1,-1
4,850,616.69,1033.29,55.33,44.37,0.9241,-1,-1,-1
5,833,445.64,645.97,49.78,110.69,0.9775,-1,-1,-1
5,837,1015.78,694.13,40.3,112.87,0.9703,-1,-1,-1
5,836,410.71,448.37,38.02,93.04,0.9701,-1,-1,-1
5,845,545.11,611.04,47.17,95.0,0.967,-1,-1,-1
5,834,971.22,539.49,32.07,92.69,0.9669,-1,-1,-1
5,835,1840.54,468.73,37.88,95.28,0.9653,-1,-1,-1
5,839,532.5,143.35,41.36,60.96,0.9641,-1,-1,-1
5,840,1759.31,311.76,30.39,79.37,0.9573,-1,-1,-1
5,841,840.58,363.99,26.31,78.64,0.9546,-1,-1,-1
5,842,1255.46,130.59,38.87,49.23,0.9545,-1,-1,-1
5,843,794.02,420.83,23.39,83.3,0.9541,-1,-1,-1
5,848,1293.97,66.15,23.67,45.72,0.9479,-1,-1,-1
5,844,1684.35,150.53,22.84,61.89,0.9465,-1,-1,-1
5,847,1371.92,472.18,31.39,79.08,0.9406,-1,-1,-1
5,838,913.46,148.67,24.66,50.82,0.9401,-1,-1,-1
5,846,1378.7,105.56,18.99,53.75,0.9361,-1,-1,-1
5,849,1353.5,448.86,43.53,86.87,0.9311,-1,-1,-1
5,850,616.23,1036.49,53.5,41.25,0.9062,-1,-1,-1
6,833,445.64,646.07,49.75,110.61,0.9775,-1,-1,-1
6,837,1015.77,694.17,40.33,112.86,0.9704,-1,-1,-1
6,836,410.71,448.39,38.06,93.02,0.9701,-1,-1,-1
6,845,545.12,611.0,47.16,95.03,0.9669,-1,-1,-1
6,834,971.24,539.52,32.08,92.61,0.9668,-1,-1,-1
6,835,1840.54,468.65,37.94,95.38,0.9655,-1,-1,-1
6,839,532.5,143.35,41.37,60.97,0.9642,-1,-1,-1
6,840,1759.45,311.88,30.26,79.29,0.9556,-1,-1,-1
6,842,1255.3,130.6,39.04,49.23,0.9547,-1,-1,-1
6,841,840.55,363.99,26.32,78.55,0.9544,-1,-1,-1
6,843,794.01,420.82,23.36,83.3,0.9538,-1,-1,-1
6,848,1293.92,66.16,23.79,45.73,0.9482,-1,-1,-1
6,844,1684.43,150.57,22.67,61.86,0.9467,-1,-1,-1
6,847,1371.97,472.6,31.37,78.6,0.9412,-1,-1,-1
6,838,913.49,148.63,24.6,50.83,0.9403,-1,-1,-1
6,846,1378.69,105.57,19.02,53.74,0.9363,-1,-1,-1
6,849,1353.51,448.36,43.91,87.4,0.931,-1,-1,-1
6,850,616.18,1036.51,53.4,41.18,0.9064,-1,-1,-1
7,833,441.64,647.57,50.95,109.7,0.9766,-1,-1,-1
7,835,1841.48,470.27,42.61,95.27,0.9675,-1,-1,-1
7,836,409.65,449.75,36.69,93.51,0.9646,-1,-1,-1
7,837,1012.72,694.34,41.76,114.25,0.9644,-1,-1,-1
7,839,530.56,142.14,42.86,62.39,0.9631,-1,-1,-1
7,845,547.75,610.33,42.5,98.13,0.9627,-1,-1,-1
7,834,966.83,540.59,31.54,93.37,0.9589,-1,-1,-1
7,843,792.66,422.65,26.42,84.8,0.9536,-1,-1,-1
7,840,1760.24,312.84,30.72,77.6,0.9533,-1,-1,-1
7,841,838.79,364.88,27.58,78.31,0.9532,-1,-1,-1
7,848,1293.64,67.89,25.41,44.42,0.9505,-1,-1,-1
7,838,911.12,149.56,23.1,52.86,0.9452,-1,-1,-1
7,846,1380.95,107.18,19.15,52.56,0.9412,-1,-1,-1
7,844,1685.35,151.79,21.24,61.95,0.9399,-1,-1,-1
7,849,1353.2,448.85,49.38,89.81,0.9382,-1,-1,-1
7,847,1370.87,478.43,32.69,72.52,0.9338,-1,-1,-1
7,850,616.26,1038.61,49.76,38.74,0.9283,-1,-1,-1
7,842,1253.86,131.1,36.57,49.04,0.8857,-1,-1,-1
8,833,437.65,648.88,49.57,109.19,0.9767,-1,-1,-1
8,835,1840.67,471.59,49.09,95.99,0.9734,-1,-1,-1
8,837,1008.48,695.69,43.61,115.0,0.972,-1,-1,-1
8,839,527.44,142.4,44.84,62.66,0.9675,-1,-1,-1
8,845,549.08,611.16,38.95,98.97,0.9632,-1,-1,-1
8,834,962.78,541.05,32.92,95.82,0.9596,-1,-1,-1
8,836,407.89,451.14,36.4,93.7,0.9549,-1,-1,-1
8,841,836.7,365.65,28.19,79.66,0.9544,-1,-1,-1
8,842,1251.63,131.89,33.0,48.93,0.9539,-1,-1,-1
8,848,1293.38,68.22,25.6,45.05,0.9516,-1,-1,-1
8,840,1760.42,314.17,31.07,77.07,0.9504,-1,-1,-1
8,843,790.71,424.6,29.96,85.75,0.9492,-1,-1,-1
8,838,906.34,150.81,23.64,53.57,0.9469,-1,-1,-1
8,846,1383.2,108.0,20.29,53.1,0.9443,-1,-1,-1
8,850,617.8,1041.92,44.92,35.77,0.9239,-1,-1,-1
8,844,1685.3,154.4,19.89,60.45,0.9178,-1,-1,-1
8,847,1369.68,477.73,33.8,74.67,0.917,-1,-1,-1
9,833,432.55,649.96,45.32,109.31,0.9728,-1,-1,-1
9,835,1840.83,473.58,54.84,95.65,0.9724,-1,-1,-1
9,837,1007.57,697.05,42.57,115.61,0.9717,-1,-1,-1
9,834,958.11,541.9,35.49,96.7,0.9689,-1,-1,-1
9,836,406.14,452.42,34.63,93.83,0.9687,-1,-1,-1
9,839,525.06,142.34,44.25,62.89,0.967,-1,-1,-1
9,843,789.14,426.7,33.22,86.46,0.9624,-1,-1,-1
9,840,1755.85,315.29,34.91,75.62,0.9624,-1,-1,-1
9,841,835.16,365.42,28.96,81.18,0.9555,-1,-1,-1
9,842,1249.73,132.15,29.33,50.0,0.9537,-1,-1,-1
9,846,1383.83,109.41,21.5,52.95,0.9504,-1,-1,-1
9,848,1293.39,69.48,26.13,45.1,0.9504,-1,-1,-1
9,844,1685.26,152.89,19.69,62.49,0.9458,-1,-1,-1
9,850,619.05,1045.48,38.45,32.69,0.9318,-1,-1,-1
9,845,551.62,611.75,34.94,101.04,0.9282,-1,-1,-1
9,838,900.71,152.46,24.44,53.67,0.9263,-1,-1,-1
9,847,1371.96,476.77,31.27,76.91,0.909,-1,-1,-1
10,833,427.72,650.48,43.48,109.24,0.9731,-1,-1,-1
10,835,1841.29,474.76,58.13,96.3,0.9723,-1,-1,-1
10,834,951.87,544.38,39.97,95.07,0.971,-1,-1,-1
10,837,1008.1,697.96,40.66,117.58,0.9706,-1,-1,-1
10,839,522.94,143.54,44.67,62.39,0.9681,-1,-1,-1
10,836,405.69,454.11,32.93,93.85,0.9667,-1,-1,-1
10,840,1751.03,317.65,38.03,72.23,0.9634,-1,-1,-1
10,845,550.42,612.7,35.88,101.74,0.9581,-1,-1,-1
10,843,788.29,429.29,34.37,84.5,0.9571,-1,-1,-1
10,844,1685.37,152.84,19.31,63.92,0.9521,-1,-1,-1
10,846,1383.38,110.26,23.11,53.98,0.9507,-1,-1,-1
10,848,1293.73,68.57,25.68,46.03,0.9491,-1,-1,-1
10,842,1247.66,132.29,27.43,50.35,0.9473,-1,-1,-1
10,841,835.48,366.06,27.86,81.38,0.9468,-1,-1,-1
10,847,1371.28,471.51,32.0,84.7,0.9299,-1,-1,-1
10,838,895.78,154.05,23.64,53.94,0.9209,-1,-1,-1
10,850,620.71,1048.33,32.48,29.6,0.9069,-1,-1,-1
11,834,947.91,546.14,42.41,95.57,0.9762,-1,-1,-1
11,837,1006.7,698.94,40.15,118.8,0.9727,-1,-1,-1
11,835,1842.67,476.37,60.09,95.3,0.9695,-1,-1,-1
11,833,423.22,652.1,41.26,110.55,0.9694,-1,-1,-1
11,840,1747.62,315.81,38.92,74.66,0.9681,-1,-1,-1
11,839,522.5,144.08,42.74,63.74,0.968,-1,-1,-1
11,845,550.82,613.81,36.04,102.58,0.9583,-1,-1,-1
11,842,1243.95,133.59,28.0,50.88,0.9559,-1,-1,-1
11,843,786.9,431.31,36.27,84.87,0.9543,-1,-1,-1
11,841,834.44,367.73,27.69,81.86,0.9542,-1,-1,-1
11,846,1383.16,111.82,25.06,54.08,0.9527,-1,-1,-1
11,844,1685.47,154.11,18.53,63.79,0.952,-1,-1,-1
11,848,1296.16,69.1,21.57,46.14,0.9489,-1,-1,-1
11,836,405.37,455.92,30.49,94.45,0.9464,-1,-1,-1
11,838,888.79,157.02,23.81,52.13,0.941,-1,-1,-1
11,847,1370.18,478.56,31.72,77.86,0.9351,-1,-1,-1
11,851,1387.97,448.21,20.01,53.91,0.8732,-1,-1,-1
11,850,621.84,1050.45,27.47,27.32,0.8625,-1,-1,-1
12,834,947.89,546.13,42.44,95.62,0.9762,-1,-1,-1
12,837,1006.69,698.94,40.17,118.77,0.9728,-1,-1,-1
12,833,423.16,652.1,41.33,110.54,0.9694,-1,-1,-1
12,835,1842.68,476.3,60.05,95.38,0.9691,-1,-1,-1
12,839,522.49,144.09,42.73,63.74,0.9681,-1,-1,-1
12,840,1747.67,315.81,38.87,74.69,0.9679,-1,-1,-1
12,845,551.06,613.94,35.59,102.1,0.9584,-1,-1,-1
12,842,1244.0,133.62,28.01,50.9,0.9558,-1,-1,-1
12,843,786.86,431.34,36.33,84.83,0.9544,-1,-1,-1
12,841,834.51,367.74,27.63,81.81,0.9542,-1,-1,-1
12,846,1383.15,111.79,25.01,54.14,0.953,-1,-1,-1
12,844,1685.47,154.1,18.54,63.79,0.9521,-1,-1,-1
12,848,1296.28,69.1,21.44,46.15,0.9484,-1,-1,-1
12,836,405.37,455.9,30.5,94.49,0.9464,-1,-1,-1
12,838,888.91,157.01,23.72,52.14,0.9407,-1,-1,-1
12,847,1370.09,478.22,31.85,78.23,0.9358,-1,-1,-1
12,851,1387.98,448.1,19.96,53.91,0.8729,-1,-1,-1
12,850,621.8,1050.49,27.48,27.25,0.8621,-1,-1,-1
13,834,945.42,547.15,43.26,96.58,0.9779,-1,-1,-1
13,835,1844.22,477.63,62.21,95.92,0.9764,-1,-1,-1
13,837,1005.86,702.41,39.93,116.95,0.9717,-1,-1,-1
13,845,550.66,615.56,37.74,104.12,0.9692,-1,-1,-1
13,839,522.82,145.72,39.8,63.41,0.9656,-1,-1,-1
13,842,1240.5,134.8,30.69,52.1,0.9627,-1,-1,-1
13,833,421.58,653.69,34.68,110.85,0.9563,-1,-1,-1
13,846,1382.89,113.8,26.32,53.29,0.9548,-1,-1,-1
13,841,833.32,368.23,28.3,83.48,0.953,-1,-1,-1
13,843,786.64,434.65,35.52,83.89,0.953,-1,-1,-1
13,836,404.17,457.92,30.28,93.98,0.9504,-1,-1,-1
13,844,1685.63,155.86,17.67,62.8,0.95,-1,-1,-1
13,840,1747.97,314.83,35.31,76.83,0.95,-1,-1,-1
13,838,882.21,158.92,26.91,52.04,0.9479,-1,-1,-1
13,847,1369.23,477.95,32.85,79.8,0.94,-1,-1,-1
13,848,1299.3,69.4,18.3,46.51,0.9367,-1,-1,-1
13,851,1388.89,447.51,21.83,57.18,0.9104,-1,-1,-1
13,850,623.37,1053.4,24.12,25.47,0.8655,-1,-1,-1
14,834,942.95,547.82,44.56,97.32,0.9755,-1,-1,-1
14,835,1847.22,478.81,60.55,96.62,0.9736,-1,-1,-1
14,837,1004.15,703.64,40.99,116.72,0.9728,-1,-1,-1
14,845,548.58,618.07,39.93,106.09,0.9715,-1,-1,-1
14,836,400.66,459.69,31.73,95.26,0.9648,-1,-1,-1
14,833,417.44,656.25,36.1,110.2,0.9647,-1,-1,-1
14,839,523.27,146.55,36.54,64.98,0.9574,-1,-1,-1
14,841,831.79,369.37,29.65,84.29,0.9531,-1,-1,-1
14,846,1382.23,116.13,28.01,52.6,0.9527,-1,-1,-1
14,844,1685.88,156.82,17.08,63.13,0.9525,-1,-1,-1
14,842,1239.57,136.41,29.2,51.62,0.9489,-1,-1,-1
14,838,877.12,161.09,30.65,51.07,0.9487,-1,-1,-1
14,840,1748.59,314.02,34.51,77.65,0.9465,-1,-1,-1
14,843,786.99,436.93,33.96,84.47,0.9436,-1,-1,-1
14,847,1368.05,478.91,34.21,81.25,0.9328,-1,-1,-1
14,848,1302.31,71.22,15.65,45.52,0.9324,-1,-1,-1
14,851,1388.85,447.93,25.21,66.96,0.8503,-1,-1,-1
15,834,941.04,548.01,43.26,99.9,0.9746,-1,-1,-1
15,837,1001.88,704.72,41.81,116.84,0.9725,-1,-1,-1
15,845,546.58,621.37,42.1,107.12,0.9706,-1,-1,-1
15,835,1853.69,479.73,54.74,96.67,0.9704,-1,-1,-1
15,833,413.03,657.53,37.43,112.2,0.9617,-1,-1,-1
15,842,1236.1,138.72,30.11,51.59,0.958,-1,-1,-1
15,843,786.19,437.54,33.81,85.58,0.9578,-1,-1,-1
15,838,872.36,162.47,34.6,52.02,0.9578,-1,-1,-1
15,840,1748.78,312.87,34.13,80.74,0.9556,-1,-1,-1
15,836,398.52,461.75,32.74,94.73,0.955,-1,-1,-1
15,839,523.57,148.06,35.86,64.98,0.9548,-1,-1,-1
15,844,1686.63,158.29,16.42,62.81,0.9503,-1,-1,-1
15,846,1383.25,117.16,28.92,54.21,0.9487,-1,-1,-1
15,848,1305.21,71.3,14.61,47.23,0.929,-1,-1,-1
15,841,830.86,370.26,30.16,85.79,0.9245,-1,-1,-1
15,847,1367.28,478.97,34.06,82.92,0.9124,-1,-1,-1
15,851,1392.52,448.17,26.24,74.61,0.838,-1,-1,-1
16,845,544.19,623.87,45.39,110.35,0.9767,-1,-1,-1
16,837,999.15,705.64,42.86,117.08,0.9757,-1,-1,-1
16,833,402.5,660.14,45.47,113.34,0.975,-1,-1,-1
16,834,939.19,549.68,40.8,100.65,0.9712,-1,-1,-1
16,835,1861.16,480.89,49.41,95.23,0.9695,-1,-1,-1
16,836,395.31,464.31,33.68,95.04,0.9643,-1,-1,-1
16,843,784.72,438.5,34.19,87.61,0.9621,-1,-1,-1
16,838,864.5,165.44,40.76,51.13,0.96,-1,-1,-1
16,839,521.71,149.84,38.64,65.37,0.9591,-1,-1,-1
16,840,1751.02,311.69,31.8,83.3,0.9584,-1,-1,-1
16,846,1384.09,119.65,28.97,53.18,0.9529,-1,-1,-1
16,844,1686.11,159.79,17.79,62.39,0.947,-1,-1,-1
16,842,1233.81,141.28,28.78,51.06,0.9375,-1,-1,-1
16,848,1306.04,73.75,15.43,46.13,0.9314,-1,-1,-1
16,841,830.59,372.68,30.01,85.7,0.9309,-1,-1,-1
16,847,1367.99,483.03,34.85,82.78,0.9075,-1,-1,-1
16,851,1398.66,460.09,22.38,69.88,0.7906,-1,-1,-1
17,845,543.52,626.73,46.47,109.87,0.9768,-1,-1,-1
17,837,994.43,707.75,47.91,116.44,0.976,-1,-1,-1
17,833,393.87,664.08,51.97,112.9,0.9713,-1,-1,-1
17,835,1869.94,482.61,42.96,94.31,0.9687,-1,-1,-1
17,843,783.2,439.41,33.87,89.44,0.9673,-1,-1,-1
17,834,936.96,550.9,36.47,99.18,0.9651,-1,-1,-1
17,839,520.12,152.4,41.01,64.45,0.9632,-1,-1,-1
17,838,856.59,166.91,45.11,51.58,0.9618,-1,-1,-1
17,836,392.11,467.09,34.31,95.38,0.957,-1,-1,-1
17,846,1385.49,121.31,28.48,53.97,0.9551,-1,-1,-1
17,840,1753.37,312.7,28.71,82.55,0.9487,-1,-1,-1
17,842,1231.42,144.44,25.67,49.02,0.9471,-1,-1,-1
17,848,1305.51,75.07,17.77,47.52,0.942,-1,-1,-1
17,844,1685.72,160.92,18.67,62.66,0.9408,-1,-1,-1
17,841,829.32,375.1,30.98,85.62,0.9353,-1,-1,-1
17,847,1362.7,479.68,29.23,70.59,0.9288,-1,-1,-1
17,851,1400.18,458.24,23.99,78.7,0.8913,-1,-1,-1
18,845,543.58,626.68,46.4,109.93,0.9768,-1,-1,-1
18,837,994.38,707.71,47.99,116.53,0.9761,-1,-1,-1
18,833,393.89,664.08,51.94,112.9,0.9712,-1,-1,-1
18,835,1870.0,482.58,42.88,94.3,0.9685,-1,-1,-1
18,843,783.2,439.39,33.87,89.46,0.9673,-1,-1,-1
18,834,936.93,550.88,36.53,99.19,0.9651,-1,-1,-1
18,839,520.11,152.42,41.12,64.43,0.9634,-1,-1,-1
18,838,856.67,166.91,45.21,51.59,0.9619,-1,-1,-1
18,836,392.1,467.09,34.21,95.37,0.9566,-1,-1,-1
18,846,1385.48,121.3,28.61,53.97,0.9555,-1,-1,-1
18,842,1231.43,144.44,25.64,49.01,0.9471,-1,-1,-1
18,840,1753.55,312.78,28.53,82.43,0.9469,-1,-1,-1
18,848,1305.51,75.02,17.8,47.57,0.942,-1,-1,-1
18,844,1685.77,161.01,18.67,62.6,0.9401,-1,-1,-1
18,841,830.07,375.04,30.17,85.62,0.9348,-1,-1,-1
18,847,1362.61,479.62,29.32,70.26,0.9302,-1,-1,-1
18,851,1400.36,459.02,23.86,76.9,0.8824,-1,-1,-1
18,849,1368.09,487.71,33.67,81.14,0.8234,-1,-1,-1
19,845,540.25,628.46,50.69,111.1,0.976,-1,-1,-1
19,837,991.94,710.36,49.73,114.92,0.9728,-1,-1,-1
19,839,517.06,154.2,43.36,64.88,0.9711,-1,-1,-1
19,833,387.08,667.86,56.9,112.45,0.9709,-1,-1,-1
19,835,1876.69,483.78,41.52,94.87,0.9676,-1,-1,-1
19,838,850.62,170.49,46.86,52.93,0.963,-1,-1,-1
19,836,387.78,468.45,35.22,97.28,0.9613,-1,-1,-1
19,834,936.04,553.67,33.06,96.55,0.9613,-1,-1,-1
19,848,1305.39,78.11,21.61,46.44,0.9515,-1,-1,-1
19,846,1387.12,123.2,26.78,54.35,0.9512,-1,-1,-1
19,842,1229.56,145.39,21.83,51.07,0.9473,-1,-1,-1
19,840,1754.58,316.45,26.44,78.29,0.9433,-1,-1,-1
19,841,833.38,377.33,26.46,85.46,0.9376,-1,-1,-1
19,844,1684.82,162.87,19.17,61.91,0.9279,-1,-1,-1
19,843,782.12,440.28,33.17,91.94,0.9203,-1,-1,-1
19,849,1365.96,488.36,30.1,80.46,0.8759,-1,-1,-1
19,847,1358.81,483.89,32.59,54.85,0.8114,-1,-1,-1
19,851,1402.49,463.78,25.85,73.17,0.7649,-1,-1,-1
20,845,538.81,630.56,52.81,111.66,0.9748,-1,-1,-1
20,837,988.57,713.4,51.37,113.34,0.9726,-1,-1,-1
20,833,383.06,670.65,57.72,113.38,0.9726,-1,-1,-1
20,839,513.5,155.72,46.04,65.24,0.9716,-1,-1,-1
20,835,1879.26,485.99,40.32,97.07,0.9698,-1,-1,-1
20,843,779.22,440.63,32.58,93.06,0.9635,-1,-1,-1
20,834,933.91,555.01,31.82,97.22,0.9629,-1,-1,-1
20,838,846.44,173.53,45.44,51.72,0.9528,-1,-1,-1
20,848,1304.97,79.45,24.35,46.7,0.9516,-1,-1,-1
20,846,1389.99,125.41,24.06,53.95,0.9485,-1,-1,-1
20,836,383.63,471.88,36.72,97.87,0.9469,-1,-1,-1
20,849,1356.17,490.21,38.38,82.27,0.9456,-1,-1,-1
20,841,832.19,378.97,28.2,84.82,0.9424,-1,-1,-1
20,844,1683.41,164.24,21.12,62.1,0.9411,-1,-1,-1
20,842,1225.68,146.52,19.35,51.9,0.938,-1,-1,-1
20,840,1755.69,323.09,23.33,69.72,0.9368,-1,-1,-1
20,851,1402.47,469.51,29.13,77.28,0.8899,-1,-1,-1
20,847,1355.84,484.37,33.71,48.84,0.6196,-1,-1,-1
21,837,986.57,715.64,53.06,114.01,0.9779,-1,-1,-1
21,845,538.29,633.72,54.01,111.78,0.976,-1,-1,-1
21,849,1351.55,487.15,43.25,87.33,0.9715,-1,-1,-1
21,836,379.62,474.47,39.33,99.1,0.9668,-1,-1,-1
21,835,1881.94,488.15,37.56,97.64,0.966,-1,-1,-1
21,839,510.62,158.17,49.96,63.7,0.9655,-1,-1,-1
21,833,380.66,673.74,57.09,113.55,0.9604,-1,-1,-1
21,834,931.56,557.27,32.57,99.46,0.9587,-1,-1,-1
21,838,846.12,176.41,37.65,50.82,0.9567,-1,-1,-1
21,843,777.22,443.14,30.33,92.21,0.9556,-1,-1,-1
21,842,1222.51,148.64,20.7,52.0,0.9521,-1,-1,-1
21,848,1305.43,83.05,25.12,45.59,0.9502,-1,-1,-1
21,846,1393.95,127.73,20.18,53.6,0.9348,-1,-1,-1
21,841,825.09,380.32,36.68,84.89,0.93,-1,-1,-1
21,844,1682.22,168.61,22.97,60.01,0.9261,-1,-1,-1
21,840,1754.55,324.88,22.21,68.41,0.9145,-1,-1,-1
21,851,1405.7,472.72,27.78,74.56,0.8812,-1,-1,-1
22,845,537.27,638.29,55.68,109.93,0.976,-1,-1,-1
22,849,1351.58,489.21,43.5,87.37,0.9744,-1,-1,-1
22,837,986.01,719.37,53.64,115.0,0.9738,-1,-1,-1
22,836,376.84,476.84,42.21,100.0,0.9664,-1,-1,-1
22,835,1883.33,491.42,36.67,97.06,0.9661,-1,-1,-1
22,833,375.41,678.17,60.45,112.51,0.9641,-1,-1,-1
22,839,509.15,159.63,50.39,64.2,0.9637,-1,-1,-1
22,834,929.18,559.7,32.82,99.44,0.9627,-1,-1,-1
22,843,775.94,446.15,29.63,90.28,0.9565,-1,-1,-1
22,842,1217.47,150.08,26.17,52.82,0.954,-1,-1,-1
22,838,845.39,179.01,29.78,52.21,0.9467,-1,-1,-1
22,844,1681.51,169.2,24.43,62.69,0.9466,-1,-1,-1
22,851,1403.12,470.22,33.66,87.83,0.9462,-1,-1,-1
22,848,1306.19,86.39,25.41,44.88,0.9431,-1,-1,-1
22,846,1396.07,130.26,17.97,54.83,0.9347,-1,-1,-1
22,841,824.21,380.94,39.4,86.02,0.9289,-1,-1,-1
22,840,1751.81,323.01,24.86,73.63,0.7998,-1,-1,-1
23,849,1353.19,491.31,42.69,86.51,0.9753,-1,-1,-1
23,845,539.06,642.29,56.32,108.28,0.9749,-1,-1,-1
23,837,986.57,723.18,53.33,116.35,0.9741,-1,-1,-1
23,833,372.87,681.38,58.76,114.09,0.9724,-1,-1,-1
23,836,375.5,481.21,44.57,99.67,0.9662,-1,-1,-1
23,834,926.81,561.09,34.0,102.77,0.9645,-1,-1,-1
23,839,509.24,161.16,50.02,64.91,0.9625,-1,-1,-1
23,842,1210.72,152.11,31.72,54.24,0.9616,-1,-1,-1
23,843,773.87,448.31,28.08,89.57,0.9591,-1,-1,-1
23,835,1886.43,495.08,33.57,97.9,0.9571,-1,-1,-1
23,844,1680.57,171.73,27.16,62.59,0.9529,-1,-1,-1
23,851,1404.69,467.43,35.01,91.16,0.9448,-1,-1,-1
23,848,1308.27,89.08,24.67,44.77,0.9445,-1,-1,-1
23,838,843.7,181.48,21.08,53.08,0.9442,-1,-1,-1
23,846,1397.51,133.49,17.21,55.29,0.9402,-1,-1,-1
23,841,823.06,381.46,41.28,85.69,0.9351,-1,-1,-1
23,840,1750.23,322.71,26.52,75.89,0.924,-1,-1,-1
24,849,1353.21,491.31,42.65,86.48,0.9749,-1,-1,-1
24,845,539.07,642.27,56.33,108.27,0.9749,-1,-1,-1
24,837,986.52,723.09,53.37,116.45,0.9741,-1,-1,-1
24,833,372.89,681.38,58.78,114.11,0.9725,-1,-1,-1
24,836,375.53,481.2,44.56,99.66,0.9662,-1,-1,-1
24,834,926.82,561.09,33.99,102.78,0.9645,-1,-1,-1
24,839,509.25,161.18,49.95,64.9,0.9627,-1,-1,-1
24,842,1210.67,151.98,31.79,54.38,0.9616,-1,-1,-1
24,843,773.88,448.36,28.03,89.28,0.9591,-1,-1,-1
24,835,1886.43,495.06,33.57,97.91,0.9572,-1,-1,-1
24,844,1680.58,171.73,27.15,62.61,0.953,-1,-1,-1
24,851,1404.83,467.24,34.93,91.5,0.9456,-1,-1,-1
24,838,843.65,181.49,21.17,53.13,0.9448,-1,-1,-1
24,848,1308.27,89.09,24.71,44.76,0.9446,-1,-1,-1
24,846,1397.51,133.48,17.19,55.32,0.9403,-1,-1,-1
24,841,823.0,381.47,41.37,85.71,0.9371,-1,-1,-1
24,840,1750.13,322.65,26.62,75.95,0.9235,-1,-1,-1
25,845,544.83,646.41,54.18,106.01,0.9762,-1,-1,-1
25,837,987.85,726.31,51.28,117.11,0.9744,-1,-1,-1
25,833,369.43,684.89,55.72,115.12,0.971,-1,-1,-1
25,849,1357.03,495.14,40.39,82.25,0.9699,-1,-1,-1
25,836,373.79,484.09,46.91,101.2,0.9689,-1,-1,-1
25,842,1203.57,154.52,38.93,54.3,0.9654,-1,-1,-1
25,839,510.59,162.51,47.49,65.17,0.9651,-1,-1,-1
25,834,925.11,564.04,34.36,103.3,0.9648,-1,-1,-1
25,841,823.0,383.25,42.89,86.55,0.9599,-1,-1,-1
25,843,771.85,451.71,26.9,87.42,0.9551,-1,-1,-1
25,844,1681.2,175.52,28.55,62.04,0.9522,-1,-1,-1
25,846,1398.99,136.36,17.06,55.39,0.9443,-1,-1,-1
25,840,1750.34,323.85,28.42,78.02,0.9429,-1,-1,-1
25,835,1889.54,498.88,30.46,98.19,0.9399,-1,-1,-1
25,848,1312.3,90.26,22.13,45.82,0.9393,-1,-1,-1
25,838,841.54,183.98,19.81,53.58,0.9384,-1,-1,-1
25,851,1411.06,478.68,31.96,81.0,0.8967,-1,-1,-1
26,837,988.96,729.7,49.69,118.72,0.9755,-1,-1,-1
26,845,551.66,649.95,50.61,107.52,0.9732,-1,-1,-1
26,842,1199.27,157.91,42.04,54.75,0.9725,-1,-1,-1
26,833,364.28,689.81,55.65,115.79,0.9706,-1,-1,-1
26,836,371.84,488.14,46.79,99.99,0.9701,-1,-1,-1
26,839,511.47,164.06,44.28,66.69,0.9679,-1,-1,-1
26,841,823.2,384.31,43.62,87.5,0.9673,-1,-1,-1
26,849,1360.86,495.69,38.79,82.51,0.9663,-1,-1,-1
26,834,923.38,566.91,34.4,104.39,0.9591,-1,-1,-1
26,843,769.88,453.26,26.55,86.92,0.9553,-1,-1,-1
26,844,1681.19,178.28,29.76,61.41,0.9546,-1,-1,-1
26,840,1749.57,323.23,30.01,81.06,0.9518,-1,-1,-1
26,838,837.36,186.57,20.48,53.62,0.9482,-1,-1,-1
26,835,1892.9,505.06,27.1,95.98,0.9394,-1,-1,-1
26,846,1400.66,138.45,18.71,56.88,0.9358,-1,-1,-1
26,848,1316.31,91.66,18.19,46.9,0.9159,-1,-1,-1
26,851,1419.11,472.67,29.47,85.54,0.8744,-1,-1,-1
27,837,990.7,733.42,46.96,121.4,0.9752,-1,-1,-1
27,836,369.54,492.27,46.97,101.72,0.9749,-1,-1,-1
27,833,360.27,693.72,48.45,116.17,0.9713,-1,-1,-1
27,845,552.45,653.19,51.51,108.2,0.97,-1,-1,-1
27,849,1361.73,495.25,38.35,86.35,0.9676,-1,-1,-1
27,834,921.44,570.81,34.62,104.26,0.9645,-1,-1,-1
27,839,512.9,166.47,40.25,66.88,0.9628,-1,-1,-1
27,841,826.35,388.3,40.69,86.92,0.9624,-1,-1,-1
27,842,1196.96,160.99,42.8,54.3,0.9622,-1,-1,-1
27,843,767.85,456.11,26.25,89.06,0.958,-1,-1,-1
27,844,1682.63,180.99,28.53,61.4,0.9557,-1,-1,-1
27,838,832.87,189.97,22.35,53.97,0.9494,-1,-1,-1
27,840,1749.41,324.83,29.9,82.16,0.9479,-1,-1,-1
27,846,1401.11,141.69,21.64,56.55,0.946,-1,-1,-1
27,848,1318.92,93.57,16.37,46.21,0.9333,-1,-1,-1
27,835,1895.25,508.81,24.75,97.63,0.8978,-1,-1,-1
27,851,1424.95,471.75,27.47,84.01,0.8262,-1,-1,-1
28,837,991.51,737.87,44.42,122.63,0.9773,-1,-1,-1
28,836,368.58,495.95,45.51,102.24,0.976,-1,-1,-1
28,833,353.7,698.16,45.65,116.72,0.9751,-1,-1,-1
28,845,551.83,653.55,53.71,112.33,0.9736,-1,-1,-1
28,841,831.45,392.78,36.68,86.99,0.9669,-1,-1,-1
28,849,1361.44,496.34,38.13,89.22,0.9666,-1,-1,-1
28,834,919.41,574.46,35.33,103.64,0.9635,-1,-1,-1
28,844,1682.88,184.13,28.47,61.28,0.9578,-1,-1,-1
28,842,1195.95,165.06,40.2,53.7,0.9578,-1,-1,-1
28,843,765.29,457.93,26.21,91.43,0.9566,-1,-1,-1
28,839,512.59,170.26,39.25,68.07,0.9563,-1,-1,-1
28,840,1747.75,326.78,32.03,81.14,0.9518,-1,-1,-1
28,838,826.33,193.44,25.54,53.52,0.95,-1,-1,-1
28,846,1401.79,146.3,22.61,55.73,0.9429,-1,-1,-1
28,851,1429.02,483.96,26.78,80.23,0.917,-1,-1,-1
28,848,1322.1,96.4,14.0,47.39,0.9156,-1,-1,-1
28,835,1899.02,527.08,20.76,82.05,0.8575,-1,-1,-1
29,837,992.01,741.21,42.77,124.42,0.9767,-1,-1,-1
29,845,551.56,655.76,56.09,114.66,0.9743,-1,-1,-1
29,836,366.86,499.5,44.81,103.43,0.9729,-1,-1,-1
29,833,348.73,703.08,40.5,118.31,0.9722,-1,-1,-1
29,834,916.26,578.41,37.12,103.49,0.9696,-1,-1,-1
29,841,833.04,397.46,35.32,85.5,0.9661,-1,-1,-1
29,849,1362.74,496.11,36.65,92.54,0.9643,-1,-1,-1
29,840,1745.05,333.05,33.94,73.9,0.9629,-1,-1,-1
29,839,511.96,175.56,37.49,64.5,0.9616,-1,-1,-1
29,843,761.69,459.85,27.56,93.12,0.9546,-1,-1,-1
29,844,1682.47,188.23,28.36,60.02,0.9524,-1,-1,-1
29,838,819.28,198.44,28.85,54.62,0.9506,-1,-1,-1
29,846,1402.14,149.5,21.41,55.56,0.9452,-1,-1,-1
29,842,1195.08,168.35,28.58,52.91,0.9411,-1,-1,-1
29,848,1322.73,100.5,14.15,46.54,0.9233,-1,-1,-1
29,851,1432.18,477.44,28.14,87.94,0.9189,-1,-1,-1
29,835,1903.92,541.46,15.94,72.0,0.7951,-1,-1,-1
30,837,992.0,741.21,42.77,124.41,0.9767,-1,-1,-1
30,845,551.57,655.73,56.09,114.69,0.9743,-1,-1,-1
30,836,366.86,499.5,44.79,103.43,0.9729,-1,-1,-1
30,833,348.68,703.08,40.56,118.32,0.9722,-1,-1,-1
30,834,916.27,578.41,37.11,103.5,0.9696,-1,-1,-1
30,841,833.01,397.46,35.35,85.5,0.9664,-1,-1,-1
30,849,1362.73,496.1,36.67,92.53,0.9643,-1,-1,-1
30,840,1745.05,333.04,33.94,73.91,0.9629,-1,-1,-1
30,839,511.94,175.58,37.49,64.49,0.9617,-1,-1,-1
30,843,761.69,459.86,27.57,93.13,0.9547,-1,-1,-1
30,844,1682.47,188.23,28.35,60.05,0.9524,-1,-1,-1
30,838,819.27,198.45,28.86,54.61,0.9507,-1,-1,-1
30,846,1402.14,149.5,21.39,55.55,0.9452,-1,-1,-1
30,842,1195.1,168.36,28.43,52.9,0.941,-1,-1,-1
30,848,1322.73,100.48,14.17,46.56,0.9239,-1,-1,-1
30,851,1432.18,477.54,28.13,87.83,0.9194,-1,-1,-1
30,835,1903.9,541.42,15.96,72.08,0.7947,-1,-1,-1
31,845,551.66,658.2,59.7,114.99,0.975,-1,-1,-1
31,837,992.77,746.03,41.65,122.62,0.9749,-1,-1,-1
31,834,914.0,582.37,37.85,98.28,0.9738,-1,-1,-1
31,836,363.96,502.76,43.03,104.07,0.9685,-1,-1,-1
31,833,341.24,707.33,38.72,117.76,0.965,-1,-1,-1
31,840,1740.77,337.64,35.9,69.43,0.9603,-1,-1,-1
31,849,1362.82,499.21,35.41,90.05,0.9603,-1,-1,-1
31,839,511.26,178.91,35.88,64.66,0.9599,-1,-1,-1
31,844,1681.02,191.24,28.14,58.95,0.9492,-1,-1,-1
31,842,1194.02,171.83,29.29,52.87,0.9483,-1,-1,-1
31,841,834.43,401.91,34.11,85.93,0.9419,-1,-1,-1
31,846,1402.98,153.26,20.65,56.37,0.9419,-1,-1,-1
31,838,812.43,202.09,32.36,55.08,0.941,-1,-1,-1
31,848,1322.41,103.32,17.1,46.72,0.941,-1,-1,-1
31,843,757.87,462.36,28.92,90.84,0.9341,-1,-1,-1
31,851,1437.9,486.6,25.2,82.45,0.9121,-1,-1,-1
31,835,1909.11,536.99,10.89,84.06,0.5755,-1,-1,-1
32,845,553.9,661.49,59.89,112.67,0.9756,-1,-1,-1
32,837,992.72,749.9,41.22,122.53,0.9731,-1,-1,-1
32,834,911.84,582.97,38.56,99.88,0.9716,-1,-1,-1
32,836,361.05,505.77,42.74,104.47,0.9707,-1,-1,-1
32,833,334.82,712.43,40.95,118.71,0.9662,-1,-1,-1
32,849,1363.1,501.99,35.1,87.75,0.9627,-1,-1,-1
32,841,835.6,406.68,33.07,84.27,0.9544,-1,-1,-1
32,838,807.95,205.98,32.35,54.18,0.9502,-1,-1,-1
32,842,1194.48,174.07,23.4,53.28,0.9502,-1,-1,-1
32,840,1737.19,341.62,36.49,68.59,0.9493,-1,-1,-1
32,848,1322.14,106.52,21.81,46.38,0.9468,-1,-1,-1
32,846,1402.63,156.59,20.97,56.69,0.9423,-1,-1,-1
32,839,510.51,182.58,33.96,65.24,0.9405,-1,-1,-1
32,844,1679.28,192.74,26.4,59.73,0.9397,-1,-1,-1
32,843,752.95,464.59,30.33,91.92,0.9381,-1,-1,-1
32,851,1440.98,481.34,27.53,93.96,0.935,-1,-1,-1
33,845,555.56,665.04,59.41,111.5,0.9762,-1,-1,-1
33,837,992.7,752.19,41.48,122.46,0.9747,-1,-1,-1
33,836,358.8,507.33,41.93,105.34,0.9721,-1,-1,-1
33,834,910.58,583.25,38.26,102.79,0.9696,-1,-1,-1
33,833,328.02,716.36,41.33,121.61,0.9696,-1,-1,-1
33,849,1363.55,505.03,33.96,85.13,0.9642,-1,-1,-1
33,839,507.72,184.46,35.3,66.12,0.9622,-1,-1,-1
33,843,747.98,466.16,33.68,93.46,0.9609,-1,-1,-1
33,841,836.02,410.0,32.8,84.01,0.9571,-1,-1,-1
33,840,1735.28,343.5,37.11,69.83,0.9563,-1,-1,-1
33,846,1403.21,159.2,20.99,57.19,0.9485,-1,-1,-1
33,848,1321.43,111.01,25.63,43.79,0.9448,-1,-1,-1
33,838,806.4,209.03,30.6,53.94,0.9409,-1,-1,-1
33,844,1679.77,194.67,23.35,59.56,0.9389,-1,-1,-1
33,842,1190.02,176.14,22.11,55.32,0.9386,-1,-1,-1
33,851,1442.43,483.46,30.22,96.68,0.9361,-1,-1,-1
34,837,991.68,753.86,42.73,124.75,0.976,-1,-1,-1
34,845,562.57,670.22,53.36,107.87,0.9754,-1,-1,-1
34,833,321.96,720.87,41.18,122.72,0.972,-1,-1,-1
34,834,909.81,583.68,37.63,103.96,0.9694,-1,-1,-1
34,836,356.57,509.4,40.67,104.3,0.9689,-1,-1,-1
34,849,1365.21,508.18,31.71,81.12,0.9634,-1,-1,-1
34,839,504.46,186.96,36.93,66.79,0.9617,-1,-1,-1
34,843,743.75,470.89,35.61,90.04,0.9566,-1,-1,-1
34,841,833.46,413.05,36.28,84.45,0.9542,-1,-1,-1
34,842,1184.84,177.7,22.42,56.07,0.9514,-1,-1,-1
34,848,1321.23,113.34,27.34,44.64,0.9502,-1,-1,-1
34,846,1403.84,161.74,20.99,57.19,0.9494,-1,-1,-1
34,840,1735.41,341.87,36.19,73.85,0.9491,-1,-1,-1
34,851,1443.92,487.82,31.75,96.21,0.9466,-1,-1,-1
34,844,1670.47,195.11,31.18,61.77,0.9448,-1,-1,-1
34,838,804.6,211.58,28.92,54.06,0.9359,-1,-1,-1
35,837,991.27,756.51,43.34,125.16,0.9762,-1,-1,-1
35,833,314.54,723.76,45.52,123.65,0.9756,-1,-1,-1
35,845,573.22,673.71,44.16,107.61,0.9756,-1,-1,-1
35,834,908.21,584.29,36.93,106.66,0.9664,-1,-1,-1
35,841,831.16,415.45,39.52,84.53,0.9659,-1,-1,-1
35,836,354.29,512.78,38.04,102.76,0.9637,-1,-1,-1
35,843,738.56,473.7,37.86,88.41,0.9618,-1,-1,-1
35,840,1735.31,338.7,34.51,79.76,0.9568,-1,-1,-1
35,844,1666.41,195.79,35.11,63.1,0.9562,-1,-1,-1
35,839,502.11,188.68,36.21,67.03,0.955,-1,-1,-1
35,842,1181.77,180.01,22.89,56.54,0.9521,-1,-1,-1
35,848,1321.16,115.6,27.54,44.6,0.9497,-1,-1,-1
35,851,1445.33,491.97,33.47,97.1,0.9456,-1,-1,-1
35,846,1404.82,164.23,21.03,58.19,0.9439,-1,-1,-1
35,849,1365.35,510.26,29.62,82.87,0.9088,-1,-1,-1
35,838,801.95,211.13,29.01,58.6,0.8961,-1,-1,-1
36,837,991.2,756.53,43.42,125.13,0.9763,-1,-1,-1
36,833,314.54,723.76,45.58,123.68,0.9756,-1,-1,-1
36,845,573.21,673.71,44.17,107.66,0.9756,-1,-1,-1
36,834,908.19,584.28,36.94,106.7,0.9666,-1,-1,-1
36,841,831.18,415.46,39.54,84.51,0.9658,-1,-1,-1
36,836,354.28,512.8,38.05,102.73,0.9636,-1,-1,-1
36,843,738.81,473.61,37.66,88.53,0.9611,-1,-1,-1
36,840,1735.18,338.6,34.64,79.77,0.9565,-1,-1,-1
36,844,1666.4,195.8,35.16,63.1,0.9563,-1,-1,-1
36,839,502.13,188.64,36.09,67.13,0.954,-1,-1,-1
36,842,1181.65,180.02,23.02,56.69,0.9516,-1,-1,-1
36,848,1321.15,115.57,27.56,44.64,0.9497,-1,-1,-1
36,851,1445.39,491.97,33.47,97.03,0.9446,-1,-1,-1
36,846,1404.94,164.22,20.9,58.17,0.9432,-1,-1,-1
36,849,1365.36,510.22,29.62,83.0,0.9043,-1,-1,-1
36,838,802.03,211.19,28.92,58.52,0.9014,-1,-1,-1
37,837,991.88,759.7,42.61,120.26,0.9754,-1,-1,-1
37,833,307.43,729.05,47.32,122.8,0.9745,-1,-1,-1
37,834,906.38,584.93,37.38,108.31,0.969,-1,-1,-1
37,841,830.66,418.25,40.67,82.3,0.9661,-1,-1,-1
37,843,736.36,476.4,36.98,87.19,0.9626,-1,-1,-1
37,836,351.58,515.47,36.07,101.99,0.9603,-1,-1,-1
37,839,498.32,191.79,37.72,65.82,0.959,-1,-1,-1
37,845,579.18,676.69,40.64,108.92,0.9589,-1,-1,-1
37,840,1734.06,338.3,33.71,82.03,0.954,-1,-1,-1
37,844,1664.02,196.12,37.56,64.8,0.9532,-1,-1,-1
37,848,1320.92,116.65,29.16,45.66,0.9527,-1,-1,-1
37,842,1176.84,181.36,24.86,57.65,0.9497,-1,-1,-1
37,849,1365.45,510.53,28.56,85.2,0.9469,-1,-1,-1
37,846,1406.36,167.44,19.72,56.8,0.9458,-1,-1,-1
37,851,1448.16,496.2,35.42,96.26,0.9395,-1,-1,-1
37,838,798.2,211.82,28.79,60.29,0.9332,-1,-1,-1
38,837,992.3,763.04,42.4,116.4,0.9777,-1,-1,-1
38,833,300.89,733.09,48.8,124.03,0.9768,-1,-1,-1
38,843,735.29,477.96,34.68,89.21,0.9693,-1,-1,-1
38,841,830.81,419.8,40.89,79.91,0.9669,-1,-1,-1
38,845,575.61,677.76,46.66,110.59,0.9665,-1,-1,-1
38,851,1450.21,497.36,37.56,95.73,0.9653,-1,-1,-1
38,834,904.7,587.12,36.32,106.57,0.9634,-1,-1,-1
38,839,493.85,194.43,41.05,64.33,0.9632,-1,-1,-1
38,844,1660.94,197.83,38.76,65.28,0.9581,-1,-1,-1
38,836,349.17,518.02,35.38,100.54,0.9579,-1,-1,-1
38,842,1171.31,183.43,27.42,57.33,0.9578,-1,-1,-1
38,840,1730.82,337.49,33.47,84.3,0.9559,-1,-1,-1
38,849,1365.22,508.19,28.24,89.25,0.9511,-1,-1,-1
38,848,1322.28,116.61,27.37,47.05,0.9504,-1,-1,-1
38,846,1406.94,169.46,20.58,56.03,0.9469,-1,-1,-1
38,838,795.91,212.82,26.95,59.63,0.8936,-1,-1,-1
39,833,293.99,736.37,50.98,126.03,0.9769,-1,-1,-1
39,837,992.7,766.67,41.99,114.07,0.9758,-1,-1,-1
39,845,573.34,678.41,52.14,112.83,0.9711,-1,-1,-1
39,834,902.53,589.11,36.9,104.52,0.9701,-1,-1,-1
39,841,833.04,419.86,39.73,80.36,0.9688,-1,-1,-1
39,839,487.38,197.24,45.02,63.33,0.9686,-1,-1,-1
39,851,1450.8,498.02,38.14,98.32,0.9656,-1,-1,-1
39,836,346.07,520.37,36.9,102.31,0.9626,-1,-1,-1
39,844,1660.63,199.94,36.55,64.19,0.9608,-1,-1,-1
39,840,1727.1,337.39,34.18,82.93,0.9603,-1,-1,-1
39,842,1167.63,185.11,28.89,58.15,0.9561,-1,-1,-1
39,843,733.75,477.03,33.39,91.49,0.9548,-1,-1,-1
39,849,1365.12,509.02,28.76,89.9,0.9544,-1,-1,-1
39,846,1407.06,171.37,21.27,56.64,0.9489,-1,-1,-1
39,848,1323.82,117.22,26.36,47.85,0.9475,-1,-1,-1
39,838,793.56,213.3,25.56,61.11,0.94,-1,-1,-1
40,837,993.35,767.83,42.24,116.43,0.977,-1,-1,-1
40,834,900.82,592.37,37.96,100.81,0.972,-1,-1,-1
40,845,572.51,678.77,59.09,115.33,0.9705,-1,-1,-1
40,841,836.59,419.68,38.54,83.57,0.9702,-1,-1,-1
40,839,481.95,201.58,48.59,59.41,0.9689,-1,-1,-1
40,843,730.32,477.02,33.48,95.23,0.9672,-1,-1,-1
40,851,1453.27,498.61,37.77,99.18,0.9662,-1,-1,-1
40,836,342.76,523.72,38.74,101.26,0.9658,-1,-1,-1
40,840,1722.93,339.31,35.22,79.38,0.957,-1,-1,-1
40,849,1364.21,508.26,29.45,92.29,0.9553,-1,-1,-1
40,842,1166.51,187.77,28.19,58.51,0.9552,-1,-1,-1
40,833,287.72,739.78,48.74,127.08,0.9542,-1,-1,-1
40,844,1661.98,202.6,33.12,62.41,0.9496,-1,-1,-1
40,846,1407.05,173.57,22.32,57.41,0.9491,-1,-1,-1
40,838,791.49,214.38,24.81,61.57,0.9393,-1,-1,-1
40,848,1325.83,119.12,22.43,48.7,0.9366,-1,-1,-1
41,837,992.47,769.97,44.51,117.81,0.9784,-1,-1,-1
41,833,281.6,740.35,47.6,128.2,0.9766,-1,-1,-1
41,845,571.92,681.27,64.84,112.67,0.972,-1,-1,-1
41,834,898.64,596.18,39.34,95.06,0.9717,-1,-1,-1
41,841,838.38,419.16,38.88,87.79,0.9704,-1,-1,-1
41,836,340.32,527.74,39.72,100.66,0.9677,-1,-1,-1
41,839,478.17,204.21,48.5,58.65,0.9661,-1,-1,-1
41,851,1455.23,500.12,37.48,98.17,0.9637,-1,-1,-1
41,849,1363.02,509.27,31.02,89.38,0.9631,-1,-1,-1
41,843,726.97,476.47,33.59,96.05,0.9575,-1,-1,-1
41,842,1165.18,190.63,28.2,57.15,0.9561,-1,-1,-1
41,840,1721.3,342.69,32.97,73.73,0.9546,-1,-1,-1
41,846,1406.48,175.31,22.92,58.49,0.9484,-1,-1,-1
41,848,1327.72,121.32,21.53,48.41,0.9393,-1,-1,-1
41,844,1663.19,204.25,29.83,61.85,0.9288,-1,-1,-1
41,838,788.56,215.56,25.48,60.47,0.9248,-1,-1,-1
42,837,992.45,769.92,44.52,117.85,0.9785,-1,-1,-1
42,833,281.6,740.35,47.6,128.2,0.9765,-1,-1,-1
42,845,571.9,681.27,64.84,112.68,0.972,-1,-1,-1
42,834,898.63,596.17,39.36,95.18,0.9717,-1,-1,-1
42,841,838.35,419.15,38.93,87.81,0.9706,-1,-1,-1
42,836,340.31,527.74,39.7,100.71,0.9677,-1,-1,-1
42,839,478.17,204.22,48.5,58.62,0.9661,-1,-1,-1
42,851,1455.14,500.12,37.55,97.97,0.9647,-1,-1,-1
42,849,1363.02,509.28,31.03,89.32,0.9629,-1,-1,-1
42,843,726.97,476.47,33.63,96.05,0.9576,-1,-1,-1
42,842,1165.18,190.62,28.2,57.16,0.956,-1,-1,-1
42,840,1721.2,342.59,33.06,73.82,0.9551,-1,-1,-1
42,846,1406.48,175.31,22.92,58.49,0.9484,-1,-1,-1
42,848,1327.72,121.31,21.5,48.41,0.9394,-1,-1,-1
42,844,1663.18,204.25,29.77,61.85,0.9289,-1,-1,-1
42,838,788.56,215.55,25.49,60.48,0.9257,-1,-1,-1
43,837,990.99,771.73,47.95,120.9,0.9793,-1,-1,-1
43,845,575.99,683.3,63.65,110.46,0.9762,-1,-1,-1
43,833,275.47,743.96,46.49,126.7,0.9762,-1,-1,-1
43,836,335.84,530.58,42.9,100.9,0.973,-1,-1,-1
43,841,837.77,419.01,41.03,88.97,0.9711,-1,-1,-1
43,834,895.67,597.84,41.65,97.2,0.9706,-1,-1,-1
43,839,477.31,207.14,47.05,56.66,0.9694,-1,-1,-1
43,851,1458.14,501.52,37.85,95.45,0.9676,-1,-1,-1
43,843,724.26,476.71,32.95,96.09,0.9658,-1,-1,-1
43,849,1362.23,510.0,32.45,85.53,0.9641,-1,-1,-1
43,842,1163.03,192.3,27.79,57.52,0.9559,-1,-1,-1
43,840,1721.33,345.2,29.74,71.24,0.9545,-1,-1,-1
43,846,1405.95,178.15,23.92,58.66,0.9524,-1,-1,-1
43,844,1660.93,205.74,29.29,61.05,0.9413,-1,-1,-1
43,838,784.22,215.83,27.3,60.55,0.9385,-1,-1,-1
43,848,1329.7,122.3,17.87,48.55,0.9357,-1,-1,-1
44,837,990.74,774.47,49.96,121.81,0.978,-1,-1,-1
44,836,331.82,532.48,45.25,102.23,0.9762,-1,-1,-1
44,845,580.18,687.15,61.71,107.3,0.9755,-1,-1,-1
44,833,269.17,746.62,44.39,124.36,0.9738,-1,-1,-1
44,834,895.46,598.58,41.43,98.99,0.9711,-1,-1,-1
44,841,837.76,419.23,42.48,88.81,0.9702,-1,-1,-1
44,839,476.49,208.17,44.83,56.9,0.969,-1,-1,-1
44,849,1362.17,512.31,32.33,79.78,0.9627,-1,-1,-1
44,843,721.67,478.11,32.2,92.43,0.9616,-1,-1,-1
44,851,1462.08,501.64,35.91,96.09,0.9597,-1,-1,-1
44,838,781.77,217.91,27.91,59.25,0.959,-1,-1,-1
44,844,1656.25,206.91,32.73,62.23,0.954,-1,-1,-1
44,846,1405.4,180.26,24.2,58.8,0.9501,-1,-1,-1
44,842,1162.0,193.74,26.51,57.29,0.95,-1,-1,-1
44,840,1719.05,345.39,28.76,73.99,0.9446,-1,-1,-1
44,848,1331.97,124.31,14.26,48.38,0.9267,-1,-1,-1
45,837,989.25,777.27,52.92,123.0,0.9766,-1,-1,-1
45,845,585.69,690.52,62.07,108.24,0.9755,-1,-1,-1
45,836,327.63,536.12,45.78,99.97,0.973,-1,-1,-1
45,833,261.12,750.98,43.33,123.32,0.9729,-1,-1,-1
45,841,837.42,420.36,43.42,87.12,0.9706,-1,-1,-1
45,834,895.23,598.3,41.33,102.18,0.9703,-1,-1,-1
45,843,719.14,479.36,31.46,89.43,0.969,-1,-1,-1
45,849,1361.65,514.16,32.46,80.13,0.9655,-1,-1,-1
45,839,474.39,208.85,45.45,58.31,0.9609,-1,-1,-1
45,844,1656.23,206.84,31.74,63.29,0.9546,-1,-1,-1
45,842,1161.25,194.42,22.74,57.72,0.9546,-1,-1,-1
45,838,780.03,220.86,27.31,57.48,0.9516,-1,-1,-1
45,840,1716.99,344.47,27.61,75.61,0.9516,-1,-1,-1
45,846,1405.2,182.02,24.5,59.53,0.9508,-1,-1,-1
45,851,1466.23,501.97,34.24,97.25,0.9499,-1,-1,-1
45,848,1332.22,127.86,15.33,45.93,0.9448,-1,-1,-1
46,837,987.82,780.66,54.77,125.64,0.9744,-1,-1,-1
46,836,321.99,538.34,49.24,101.54,0.9744,-1,-1,-1
46,834,893.36,597.21,43.11,106.44,0.9724,-1,-1,-1
46,833,253.58,754.0,41.01,125.65,0.9718,-1,-1,-1
46,841,837.54,422.64,44.0,84.44,0.9708,-1,-1,-1
46,849,1361.59,513.34,34.08,84.48,0.9667,-1,-1,-1
46,845,596.2,692.34,57.35,109.65,0.9658,-1,-1,-1
46,843,716.35,481.76,30.25,87.81,0.9554,-1,-1,-1
46,839,474.04,210.88,40.09,58.68,0.9551,-1,-1,-1
46,844,1654.45,206.94,31.82,64.13,0.9547,-1,-1,-1
46,842,1160.32,195.05,20.55,59.15,0.9535,-1,-1,-1
46,851,1470.3,502.11,32.44,99.24,0.9491,-1,-1,-1
46,846,1404.51,184.49,24.63,58.87,0.9433,-1,-1,-1
46,848,1331.75,128.77,17.17,46.02,0.9427,-1,-1,-1
46,840,1715.48,348.52,27.26,74.14,0.9034,-1,-1,-1
46,838,779.35,223.24,24.38,57.17,0.8853,-1,-1,-1
47,845,608.3,694.47,49.3,111.64,0.9769,-1,-1,-1
47,837,986.74,784.3,55.77,127.49,0.9766,-1,-1,-1
47,836,318.72,541.92,50.42,100.99,0.9757,-1,-1,-1
47,834,892.92,597.34,43.82,108.11,0.9728,-1,-1,-1
47,841,840.33,426.2,40.74,81.37,0.9689,-1,-1,-1
47,833,243.9,757.45,42.39,127.55,0.9673,-1,-1,-1
47,849,1361.5,512.41,34.65,87.05,0.9638,-1,-1,-1
47,843,713.31,482.64,29.57,90.46,0.957,-1,-1,-1
47,839,474.22,213.4,36.93,58.62,0.9525,-1,-1,-1
47,840,1713.09,341.28,28.06,83.49,0.9511,-1,-1,-1
47,842,1158.59,196.26,18.67,60.79,0.9491,-1,-1,-1
47,844,1655.49,206.94,28.28,65.53,0.9479,-1,-1,-1
47,848,1331.17,129.33,19.01,47.64,0.9434,-1,-1,-1
47,851,1472.98,501.9,31.99,102.8,0.9405,-1,-1,-1
47,838,776.76,224.79,23.96,58.76,0.9381,-1,-1,-1
47,846,1404.27,186.93,24.05,59.8,0.9287,-1,-1,-1
48,845,608.3,694.46,49.38,111.58,0.977,-1,-1,-1
48,837,986.75,784.31,55.73,127.5,0.9766,-1,-1,-1
48,836,318.74,541.93,50.4,101.0,0.9757,-1,-1,-1
48,834,892.92,597.41,43.84,108.04,0.9728,-1,-1,-1
48,841,840.37,426.21,40.65,81.35,0.969,-1,-1,-1
48,833,243.83,757.47,42.51,127.56,0.9673,-1,-1,-1
48,849,1361.54,512.39,34.61,87.11,0.9636,-1,-1,-1
48,843,713.25,482.64,29.63,90.48,0.957,-1,-1,-1
48,839,474.36,213.38,36.82,58.68,0.9522,-1,-1,-1
48,840,1713.11,341.29,28.03,83.44,0.9504,-1,-1,-1
48,842,1158.58,196.24,18.72,60.8,0.9495,-1,-1,-1
48,844,1655.4,206.94,28.39,65.54,0.9476,-1,-1,-1
48,848,1331.16,129.22,19.13,47.72,0.9438,-1,-1,-1
48,851,1472.85,501.91,32.15,102.78,0.9399,-1,-1,-1
48,838,776.77,224.74,23.96,58.83,0.9388,-1,-1,-1
48,846,1404.28,186.94,24.05,59.89,0.93,-1,-1,-1
49,845,605.92,694.51,53.47,115.26,0.9772,-1,-1,-1
49,836,314.83,545.16,52.44,98.5,0.9749,-1,-1,-1
49,837,984.88,787.28,57.93,127.43,0.973,-1,-1,-1
49,834,892.26,598.73,43.77,106.35,0.9725,-1,-1,-1
49,833,236.17,762.64,42.27,128.33,0.9713,-1,-1,-1
49,841,843.58,430.38,37.45,79.54,0.963,-1,-1,-1
49,843,709.42,483.03,30.32,93.53,0.9607,-1,-1,-1
49,849,1361.58,511.34,34.88,89.24,0.9601,-1,-1,-1
49,840,1710.12,340.77,28.92,86.84,0.9535,-1,-1,-1
49,851,1474.63,502.55,32.67,105.61,0.9517,-1,-1,-1
49,844,1651.42,208.69,30.59,65.81,0.9505,-1,-1,-1
49,846,1403.43,189.72,23.99,59.3,0.9495,-1,-1,-1
49,842,1156.68,197.97,18.04,61.89,0.9445,-1,-1,-1
49,848,1329.75,131.49,19.81,48.47,0.9432,-1,-1,-1
49,839,478.52,215.96,29.73,58.41,0.9423,-1,-1,-1
49,838,772.7,225.84,24.13,59.16,0.9374,-1,-1,-1
50,833,226.13,766.22,44.73,129.43,0.9786,-1,-1,-1
50,845,605.31,693.99,55.85,120.32,0.9775,-1,-1,-1
50,836,313.74,548.12,52.84,95.43,0.976,-1,-1,-1
50,837,984.44,789.45,57.68,128.51,0.9717,-1,-1,-1
50,834,892.43,601.05,42.89,104.38,0.9705,-1,-1,-1
50,840,1702.43,342.46,34.26,84.59,0.9631,-1,-1,-1
50,844,1649.69,211.04,31.25,65.45,0.9605,-1,-1,-1
50,849,1362.29,510.61,33.4,89.14,0.957,-1,-1,-1
50,839,479.69,218.24,27.93,59.25,0.9565,-1,-1,-1
50,841,848.08,432.23,32.93,80.19,0.9565,-1,-1,-1
50,851,1475.85,503.95,33.07,104.32,0.9531,-1,-1,-1
50,843,705.32,483.27,30.23,94.37,0.9501,-1,-1,-1
50,846,1403.29,191.59,22.62,60.12,0.9484,-1,-1,-1
50,838,768.86,226.27,25.72,62.16,0.9435,-1,-1,-1
50,842,1154.56,200.33,17.87,62.12,0.9413,-1,-1,-1
50,848,1328.8,131.32,19.36,49.83,0.9359,-1,-1,-1
51,833,216.55,770.9,47.98,129.95,0.9763,-1,-1,-1
51,845,607.02,693.83,58.91,120.06,0.9757,-1,-1,-1
51,836,314.47,549.89,46.39,94.75,0.9745,-1,-1,-1
51,834,893.58,604.9,41.37,100.1,0.9743,-1,-1,-1
51,837,984.94,792.57,55.48,128.43,0.9715,-1,-1,-1
51,849,1361.62,511.26,33.69,87.36,0.9624,-1,-1,-1
51,840,1699.68,346.36,35.27,79.41,0.9615,-1,-1,-1
51,841,848.56,433.8,33.12,81.02,0.9555,-1,-1,-1
51,843,701.32,483.29,30.85,96.58,0.9538,-1,-1,-1
51,844,1652.85,213.61,27.67,63.59,0.9528,-1,-1,-1
51,851,1476.5,505.8,34.34,100.39,0.9517,-1,-1,-1
51,838,764.82,226.31,25.7,64.4,0.9514,-1,-1,-1
51,839,474.8,220.7,33.3,59.07,0.9513,-1,-1,-1
51,846,1403.23,193.97,20.93,60.55,0.9481,-1,-1,-1
51,848,1328.23,133.7,19.01,49.79,0.9421,-1,-1,-1
51,842,1152.49,201.98,17.38,62.6,0.9407,-1,-1,-1
52,845,608.97,694.65,64.05,118.16,0.9765,-1,-1,-1
52,833,208.14,774.18,48.92,132.42,0.9746,-1,-1,-1
52,837,986.24,794.09,52.84,129.68,0.9735,-1,-1,-1
52,836,316.01,551.87,43.57,96.05,0.9721,-1,-1,-1
52,834,896.04,608.16,38.17,98.07,0.9704,-1,-1,-1
52,841,846.96,433.35,36.9,84.58,0.9683,-1,-1,-1
52,849,1361.86,513.28,34.22,82.39,0.9634,-1,-1,-1
52,838,760.65,227.94,24.51,63.88,0.9568,-1,-1,-1
52,839,472.54,222.23,37.09,59.08,0.9533,-1,-1,-1
52,848,1327.54,134.12,18.77,51.29,0.9488,-1,-1,-1
52,851,1476.54,509.34,35.67,95.12,0.9472,-1,-1,-1
52,840,1698.8,352.37,33.88,71.14,0.9464,-1,-1,-1
52,844,1649.34,215.65,29.14,62.88,0.9433,-1,-1,-1
52,846,1403.16,196.61,20.55,60.41,0.9426,-1,-1,-1
52,843,697.58,482.75,31.33,96.2,0.9416,-1,-1,-1
52,842,1150.19,203.81,17.37,63.31,0.941,-1,-1,-1
53,833,202.82,778.73,49.06,131.55,0.9756,-1,-1,-1
53,837,988.04,796.46,49.07,126.3,0.9755,-1,-1,-1
53,845,612.7,697.5,63.01,113.68,0.9744,-1,-1,-1
53,836,317.57,552.09,41.69,99.98,0.9694,-1,-1,-1
53,834,897.25,608.07,36.72,101.77,0.9684,-1,-1,-1
53,841,846.11,433.56,39.25,86.85,0.9679,-1,-1,-1
53,839,470.67,222.92,40.52,60.47,0.9632,-1,-1,-1
53,849,1362.59,514.96,33.12,78.55,0.9566,-1,-1,-1
53,844,1639.92,217.91,37.62,62.1,0.9547,-1,-1,-1
53,840,1697.96,351.92,33.41,73.21,0.9532,-1,-1,-1
53,843,693.88,483.4,31.45,97.28,0.9513,-1,-1,-1
53,838,754.72,229.27,26.11,63.97,0.9476,-1,-1,-1
53,842,1146.52,205.55,19.07,63.7,0.9472,-1,-1,-1
53,848,1327.29,134.98,18.92,51.96,0.9432,-1,-1,-1
53,851,1477.43,511.42,35.14,94.61,0.94,-1,-1,-1
53,846,1402.92,198.3,20.02,61.12,0.9367,-1,-1,-1
54,833,202.9,778.77,48.93,131.54,0.9757,-1,-1,-1
54,837,988.06,796.44,49.08,126.4,0.9755,-1,-1,-1
54,845,612.64,697.53,63.05,113.63,0.9745,-1,-1,-1
54,836,317.5,552.09,41.75,99.89,0.9694,-1,-1,-1
54,834,897.23,608.08,36.79,101.74,0.9684,-1,-1,-1
54,841,846.05,433.55,39.27,86.81,0.9677,-1,-1,-1
54,839,470.69,222.94,40.49,60.45,0.963,-1,-1,-1
54,849,1362.57,514.88,33.18,78.57,0.9568,-1,-1,-1
54,844,1639.79,217.91,37.71,62.1,0.9551,-1,-1,-1
54,843,693.89,483.32,31.42,97.41,0.9512,-1,-1,-1
54,840,1698.01,352.42,33.35,72.7,0.951,-1,-1,-1
54,838,754.73,229.26,26.11,63.96,0.9477,-1,-1,-1
54,842,1146.52,205.58,19.07,63.68,0.9471,-1,-1,-1
54,848,1327.28,134.98,18.93,51.98,0.9438,-1,-1,-1
54,851,1477.48,511.48,35.03,94.54,0.9371,-1,-1,-1
54,846,1402.9,198.3,20.02,61.08,0.9368,-1,-1,-1
55,837,991.26,798.33,43.87,123.78,0.9765,-1,-1,-1
55,833,195.72,782.36,50.35,132.04,0.9757,-1,-1,-1
55,841,845.5,434.81,42.96,87.37,0.9725,-1,-1,-1
55,836,315.02,551.77,43.76,102.84,0.9712,-1,-1,-1
55,834,897.46,609.2,36.76,102.1,0.9665,-1,-1,-1
55,839,471.41,224.17,40.81,60.33,0.9657,-1,-1,-1
55,840,1695.95,353.5,34.61,74.27,0.9635,-1,-1,-1
55,851,1478.36,513.7,35.74,95.31,0.9605,-1,-1,-1
55,843,689.5,486.16,33.52,91.71,0.9602,-1,-1,-1
55,838,749.57,231.23,29.79,61.67,0.9591,-1,-1,-1
55,849,1362.93,516.08,33.41,80.46,0.9564,-1,-1,-1
55,844,1638.59,218.51,36.27,63.15,0.9468,-1,-1,-1
55,842,1144.05,208.0,19.67,63.76,0.9454,-1,-1,-1
55,846,1402.8,200.33,19.72,60.97,0.945,-1,-1,-1
55,845,620.38,700.85,57.73,110.61,0.9426,-1,-1,-1
55,848,1327.65,136.28,17.98,51.89,0.9384,-1,-1,-1
56,845,630.15,704.6,50.19,111.34,0.9759,-1,-1,-1
56,836,311.74,552.79,46.17,104.84,0.975,-1,-1,-1
56,837,994.24,800.33,40.38,122.96,0.9734,-1,-1,-1
56,841,845.5,437.28,45.49,83.28,0.9726,-1,-1,-1
56,834,897.33,609.04,38.53,104.55,0.9706,-1,-1,-1
56,833,187.36,785.63,52.74,131.48,0.9698,-1,-1,-1
56,840,1695.71,352.2,34.74,78.08,0.9678,-1,-1,-1
56,839,471.52,225.06,41.12,58.56,0.9651,-1,-1,-1
56,849,1363.74,515.66,32.98,83.94,0.9573,-1,-1,-1
56,838,746.28,232.18,29.52,60.91,0.9553,-1,-1,-1
56,843,686.13,487.99,32.6,88.26,0.9506,-1,-1,-1
56,851,1480.25,514.56,35.94,95.44,0.9456,-1,-1,-1
56,842,1143.41,210.26,18.78,62.77,0.944,-1,-1,-1
56,846,1402.67,202.59,20.05,61.05,0.9431,-1,-1,-1
56,848,1327.34,135.81,18.59,53.61,0.9399,-1,-1,-1
56,844,1639.05,218.51,35.82,64.87,0.9377,-1,-1,-1
57,836,308.79,553.67,47.05,106.43,0.9773,-1,-1,-1
57,834,895.54,608.46,41.85,107.09,0.9751,-1,-1,-1
57,833,180.75,788.49,50.63,132.15,0.9749,-1,-1,-1
57,841,846.31,440.21,48.0,79.99,0.971,-1,-1,-1
57,845,644.08,706.35,40.44,113.9,0.9706,-1,-1,-1
57,837,996.6,802.22,37.28,121.06,0.968,-1,-1,-1
57,840,1696.03,351.46,34.17,79.48,0.9652,-1,-1,-1
57,839,477.76,225.88,37.54,60.55,0.9632,-1,-1,-1
57,843,682.82,488.55,32.37,90.38,0.9617,-1,-1,-1
57,849,1365.42,513.84,30.93,87.15,0.9572,-1,-1,-1
57,838,741.53,233.49,31.27,60.85,0.9553,-1,-1,-1
57,846,1402.48,204.71,19.91,60.57,0.946,-1,-1,-1
57,848,1327.32,136.99,17.99,53.74,0.9441,-1,-1,-1
57,842,1142.5,211.95,18.09,62.98,0.9397,-1,-1,-1
57,844,1640.26,217.89,32.7,66.74,0.9317,-1,-1,-1
57,851,1484.48,512.41,33.28,100.65,0.8944,-1,-1,-1
58,833,176.34,790.58,48.42,131.47,0.9807,-1,-1,-1
58,836,306.78,555.04,47.25,106.91,0.9782,-1,-1,-1
58,834,894.73,608.11,44.49,108.06,0.9773,-1,-1,-1
58,841,848.81,442.9,48.08,77.74,0.972,-1,-1,-1
58,845,650.56,706.76,40.03,115.5,0.9704,-1,-1,-1
58,837,997.5,802.92,37.16,125.57,0.9664,-1,-1,-1
58,840,1695.3,349.79,33.08,83.37,0.966,-1,-1,-1
58,838,737.39,234.14,30.78,62.01,0.9574,-1,-1,-1
58,849,1365.64,511.11,30.95,89.76,0.957,-1,-1,-1
58,839,485.77,227.32,31.82,59.65,0.9565,-1,-1,-1
58,843,679.28,489.34,32.39,91.84,0.9551,-1,-1,-1
58,846,1401.69,206.69,20.13,61.44,0.9499,-1,-1,-1
58,848,1326.79,138.45,17.65,53.77,0.9441,-1,-1,-1
58,842,1141.08,213.13,17.08,63.32,0.944,-1,-1,-1
58,851,1487.09,512.39,33.26,98.46,0.8556,-1,-1,-1
58,844,1640.21,218.56,30.9,66.79,0.8527,-1,-1,-1
59,834,894.32,608.95,45.69,105.94,0.977,-1,-1,-1
59,836,305.9,556.96,46.54,105.01,0.9766,-1,-1,-1
59,833,170.56,793.81,45.23,130.39,0.9749,-1,-1,-1
59,845,648.26,705.24,50.58,117.37,0.9743,-1,-1,-1
59,837,997.95,807.54,37.52,124.37,0.9708,-1,-1,-1
59,839,484.84,228.23,35.7,61.43,0.9632,-1,-1,-1
59,843,675.9,488.37,32.63,93.64,0.963,-1,-1,-1
59,841,853.03,443.96,46.68,78.61,0.9625,-1,-1,-1
59,840,1693.82,347.93,33.3,86.45,0.9579,-1,-1,-1
59,838,734.58,235.4,29.82,60.68,0.9565,-1,-1,-1
59,849,1365.14,509.43,31.81,91.06,0.9534,-1,-1,-1
59,844,1640.26,218.66,28.71,68.57,0.9509,-1,-1,-1
59,848,1324.92,138.15,18.87,55.72,0.9429,-1,-1,-1
59,842,1139.75,213.83,17.04,63.86,0.9426,-1,-1,-1
59,846,1400.98,208.48,20.08,62.26,0.9398,-1,-1,-1
59,851,1487.87,511.36,33.06,96.44,0.9166,-1,-1,-1
60,834,894.33,608.98,45.73,105.95,0.9769,-1,-1,-1
60,836,305.92,556.97,46.52,105.0,0.9766,-1,-1,-1
60,833,170.56,793.79,45.26,130.38,0.9749,-1,-1,-1
60,845,648.55,705.65,50.47,117.19,0.9742,-1,-1,-1
60,837,997.91,807.57,37.55,124.27,0.9708,-1,-1,-1
60,839,484.83,228.23,35.83,61.57,0.9632,-1,-1,-1
60,841,852.82,444.14,46.7,78.42,0.963,-1,-1,-1
60,843,675.91,488.37,32.62,93.62,0.9629,-1,-1,-1
60,840,1693.72,347.86,33.55,86.75,0.9583,-1,-1,-1
60,838,734.6,235.4,29.7,60.73,0.9565,-1,-1,-1
60,849,1365.1,509.46,31.85,91.01,0.9536,-1,-1,-1
60,844,1640.28,218.66,28.69,68.56,0.9508,-1,-1,-1
60,848,1324.93,138.18,18.83,55.69,0.9428,-1,-1,-1
60,842,1139.73,213.83,17.04,63.91,0.9423,-1,-1,-1
60,846,1400.99,208.49,20.07,62.25,0.9397,-1,-1,-1
60,851,1487.83,511.23,33.14,96.6,0.9175,-1,-1,-1
61,837,996.34,810.15,43.52,125.44,0.9776,-1,-1,-1
61,834,894.5,611.23,46.8,102.93,0.9759,-1,-1,-1
61,833,161.91,796.06,45.8,132.06,0.9747,-1,-1,-1
61,845,646.74,703.95,56.37,121.64,0.9741,-1,-1,-1
61,836,307.04,558.67,42.98,101.39,0.9722,-1,-1,-1
61,841,860.19,444.12,42.13,80.28,0.9715,-1,-1,-1
61,839,481.52,228.4,40.81,62.72,0.971,-1,-1,-1
61,840,1689.88,347.89,35.21,83.99,0.9653,-1,-1,-1
61,843,671.93,486.29,32.01,97.7,0.9595,-1,-1,-1
61,844,1638.81,219.8,28.43,67.41,0.9543,-1,-1,-1
61,849,1364.16,507.53,33.28,88.67,0.9537,-1,-1,-1
61,838,730.42,236.62,27.66,59.21,0.9485,-1,-1,-1
61,846,1400.31,210.76,20.23,61.18,0.936,-1,-1,-1
61,842,1137.57,214.86,17.72,63.95,0.935,-1,-1,-1
61,848,1323.49,139.13,19.06,55.69,0.9343,-1,-1,-1
61,851,1487.68,511.2,34.07,97.06,0.9304,-1,-1,-1
62,834,896.01,613.16,46.21,98.15,0.9773,-1,-1,-1
62,837,995.17,812.22,50.16,127.0,0.9763,-1,-1,-1
62,845,648.57,703.28,62.17,121.77,0.9731,-1,-1,-1
62,841,865.66,443.99,38.04,82.05,0.9689,-1,-1,-1
62,839,480.9,228.64,44.08,62.63,0.9686,-1,-1,-1
62,833,156.11,798.65,44.67,133.14,0.9662,-1,-1,-1
62,836,309.85,561.12,37.53,99.16,0.965,-1,-1,-1
62,849,1364.86,507.84,32.73,82.46,0.9632,-1,-1,-1
62,840,1686.3,348.2,36.77,82.35,0.9604,-1,-1,-1
62,843,668.77,484.7,32.39,99.91,0.9564,-1,-1,-1
62,838,722.88,237.43,28.34,59.31,0.9499,-1,-1,-1
62,844,1638.4,221.79,26.01,64.61,0.9498,-1,-1,-1
62,846,1398.99,212.69,20.26,61.2,0.9469,-1,-1,-1
62,842,1135.2,215.45,17.76,64.07,0.9373,-1,-1,-1
62,848,1321.76,138.85,21.0,56.9,0.8789,-1,-1,-1
62,851,1488.96,516.43,33.22,90.3,0.8078,-1,-1,-1
63,834,898.28,615.24,45.31,97.53,0.9768,-1,-1,-1
63,845,650.25,704.21,70.04,118.94,0.9755,-1,-1,-1
63,837,993.15,815.32,55.28,127.98,0.9734,-1,-1,-1
63,841,865.39,442.28,41.61,85.59,0.9701,-1,-1,-1
63,839,481.05,228.67,46.33,60.58,0.9673,-1,-1,-1
63,836,311.57,563.44,35.16,95.85,0.9653,-1,-1,-1
63,840,1685.0,349.13,36.67,79.16,0.9622,-1,-1,-1
63,849,1364.44,508.71,33.44,78.55,0.9621,-1,-1,-1
63,843,665.21,484.46,31.99,97.76,0.959,-1,-1,-1
63,842,1133.77,216.2,18.81,64.78,0.9515,-1,-1,-1
63,844,1638.2,223.4,23.87,63.77,0.9509,-1,-1,-1
63,838,713.54,239.44,31.27,58.55,0.9474,-1,-1,-1
63,833,148.21,799.46,48.8,136.6,0.943,-1,-1,-1
63,848,1318.25,140.97,22.48,54.76,0.9421,-1,-1,-1
63,846,1398.51,214.65,20.5,61.06,0.9399,-1,-1,-1
63,851,1489.65,516.13,34.59,91.13,0.9089,-1,-1,-1
64,845,653.17,705.69,70.93,116.57,0.9744,-1,-1,-1
64,834,902.02,615.01,42.18,100.84,0.9734,-1,-1,-1
64,837,991.59,817.48,56.41,129.02,0.9731,-1,-1,-1
64,841,866.83,440.68,43.67,89.83,0.971,-1,-1,-1
64,840,1683.53,351.64,36.69,74.92,0.966,-1,-1,-1
64,839,484.15,229.72,41.52,60.41,0.9656,-1,-1,-1
64,849,1364.39,508.86,33.38,80.53,0.9637,-1,-1,-1
64,838,705.3,238.5,36.67,61.21,0.9632,-1,-1,-1
64,836,310.4,564.59,36.92,99.56,0.9595,-1,-1,-1
64,843,662.36,483.94,32.17,96.27,0.9593,-1,-1,-1
64,842,1131.29,216.62,20.93,64.27,0.9557,-1,-1,-1
64,846,1397.44,216.03,21.08,61.86,0.9508,-1,-1,-1
64,851,1490.13,515.49,35.75,93.67,0.9504,-1,-1,-1
64,833,140.92,803.14,50.53,144.64,0.9462,-1,-1,-1
64,848,1317.9,141.68,21.09,54.3,0.9416,-1,-1,-1
64,844,1636.85,224.83,22.96,63.74,0.9408,-1,-1,-1
65,841,868.73,441.2,45.37,87.19,0.9763,-1,-1,-1
65,845,657.37,708.86,66.55,114.44,0.9737,-1,-1,-1
65,837,989.6,820.07,56.89,128.84,0.9723,-1,-1,-1
65,836,306.0,563.88,42.12,103.06,0.972,-1,-1,-1
65,834,904.87,615.49,41.56,103.01,0.9716,-1,-1,-1
65,849,1364.2,507.79,34.94,83.12,0.9676,-1,-1,-1
65,843,659.6,486.03,31.73,89.75,0.9652,-1,-1,-1
65,839,489.59,230.92,34.62,60.52,0.9621,-1,-1,-1
65,833,134.3,804.75,52.44,144.09,0.9603,-1,-1,-1
65,840,1683.52,352.99,34.34,74.56,0.9596,-1,-1,-1
65,838,702.91,238.04,33.81,63.75,0.9544,-1,-1,-1
65,842,1130.95,217.34,20.43,64.57,0.9543,-1,-1,-1
65,846,1396.25,217.52,22.19,62.78,0.9517,-1,-1,-1
65,844,1634.33,225.24,22.94,64.57,0.9442,-1,-1,-1
65,848,1317.3,142.63,20.88,54.3,0.9425,-1,-1,-1
65,851,1490.8,516.21,36.24,95.52,0.9401,-1,-1,-1
66,841,868.64,441.17,45.47,87.34,0.9764,-1,-1,-1
66,845,658.4,709.07,66.01,114.25,0.9737,-1,-1,-1
66,837,989.56,820.1,56.97,128.71,0.9723,-1,-1,-1
66,836,306.0,563.87,42.11,103.09,0.9721,-1,-1,-1
66,834,904.93,615.46,41.51,102.97,0.9718,-1,-1,-1
66,849,1364.16,507.81,35.01,83.08,0.9676,-1,-1,-1
66,843,659.47,486.1,31.88,89.66,0.9653,-1,-1,-1
66,839,489.51,230.92,34.71,60.49,0.962,-1,-1,-1
66,833,134.29,804.76,52.34,143.61,0.9607,-1,-1,-1
66,840,1683.52,352.95,34.38,74.59,0.9602,-1,-1,-1
66,842,1130.93,217.35,20.58,64.59,0.9555,-1,-1,-1
66,838,702.89,237.99,33.84,63.9,0.9549,-1,-1,-1
66,846,1396.26,217.52,22.18,62.78,0.9518,-1,-1,-1
66,844,1634.22,225.15,22.99,64.65,0.9457,-1,-1,-1
66,848,1317.3,142.7,20.88,54.24,0.943,-1,-1,-1
66,851,1490.86,516.58,36.09,95.14,0.9357,-1,-1,-1
67,836,302.11,563.53,46.4,103.93,0.9755,-1,-1,-1
67,841,868.23,442.97,48.2,85.21,0.9742,-1,-1,-1
67,837,990.22,822.06,54.79,129.25,0.9724,-1,-1,-1
67,834,905.95,613.65,41.32,106.75,0.9713,-1,-1,-1
67,849,1364.16,505.76,36.35,86.8,0.9701,-1,-1,-1
67,845,667.52,711.7,60.59,114.9,0.9672,-1,-1,-1
67,833,128.86,807.57,50.52,135.79,0.9586,-1,-1,-1
67,843,656.85,487.76,31.12,88.14,0.9543,-1,-1,-1
67,839,497.07,231.15,30.12,61.33,0.9505,-1,-1,-1
67,851,1492.46,516.03,36.96,97.31,0.949,-1,-1,-1
67,846,1395.49,219.61,22.3,62.51,0.9462,-1,-1,-1
67,838,699.03,238.22,30.44,63.72,0.9445,-1,-1,-1
67,844,1632.4,225.56,23.64,65.08,0.9417,-1,-1,-1
67,848,1315.93,143.21,20.6,54.98,0.9378,-1,-1,-1
67,842,1129.61,219.19,20.91,64.61,0.9295,-1,-1,-1
67,840,1682.38,360.37,32.16,67.88,0.9129,-1,-1,-1
68,836,298.13,564.47,52.23,104.84,0.9744,-1,-1,-1
68,841,871.2,444.08,47.44,81.77,0.9737,-1,-1,-1
68,834,907.0,611.69,42.07,111.5,0.9728,-1,-1,-1
68,837,991.88,823.87,52.53,129.17,0.9721,-1,-1,-1
68,849,1364.62,503.21,36.89,91.08,0.9716,-1,-1,-1
68,845,678.14,714.37,59.06,116.5,0.9677,-1,-1,-1
68,843,654.35,488.52,30.79,89.96,0.9581,-1,-1,-1
68,838,696.47,238.42,28.23,62.19,0.953,-1,-1,-1
68,842,1127.25,220.01,22.29,64.96,0.9504,-1,-1,-1
68,846,1394.66,221.35,22.11,63.19,0.9408,-1,-1,-1
68,844,1629.83,224.68,23.97,66.2,0.9403,-1,-1,-1
68,851,1492.92,514.19,37.29,100.87,0.9382,-1,-1,-1
68,833,117.44,811.73,59.23,140.95,0.9338,-1,-1,-1
68,839,501.25,230.2,25.67,65.54,0.9302,-1,-1,-1
68,848,1316.4,145.1,18.37,54.52,0.9245,-1,-1,-1
68,840,1681.68,358.35,30.46,71.76,0.9199,-1,-1,-1
69,834,906.64,611.36,43.63,112.0,0.9757,-1,-1,-1
69,837,994.75,825.08,49.36,126.67,0.9731,-1,-1,-1
69,836,293.76,565.79,61.28,106.24,0.9728,-1,-1,-1
69,841,876.92,446.73,43.95,80.24,0.9694,-1,-1,-1
69,849,1365.83,501.34,36.75,91.45,0.9673,-1,-1,-1
69,845,693.62,714.75,44.93,117.91,0.9662,-1,-1,-1
69,844,1626.77,224.27,24.49,68.54,0.9511,-1,-1,-1
69,842,1125.6,221.58,22.56,64.56,0.9501,-1,-1,-1
69,839,500.11,229.8,27.62,67.53,0.9478,-1,-1,-1
69,843,650.66,487.55,31.45,93.34,0.9478,-1,-1,-1
69,846,1393.66,222.88,21.96,63.55,0.944,-1,-1,-1
69,838,692.01,239.37,23.1,59.31,0.9415,-1,-1,-1
69,851,1493.67,511.38,37.79,105.07,0.9303,-1,-1,-1
69,848,1315.83,147.47,18.25,52.81,0.9105,-1,-1,-1
69,840,1681.23,367.86,28.98,63.04,0.9004,-1,-1,-1
70,834,906.24,612.36,44.47,108.71,0.9766,-1,-1,-1
70,845,696.56,712.64,49.3,122.2,0.9749,-1,-1,-1
70,837,999.26,825.88,44.02,124.68,0.9748,-1,-1,-1
70,836,290.61,567.94,62.86,103.37,0.9746,-1,-1,-1
70,841,886.02,446.97,37.01,83.17,0.9621,-1,-1,-1
70,843,648.28,485.81,30.35,96.36,0.9598,-1,-1,-1
70,849,1366.46,501.13,36.09,85.77,0.9582,-1,-1,-1
70,839,499.17,229.13,31.23,68.31,0.9554,-1,-1,-1
70,844,1622.75,224.6,25.8,69.31,0.9539,-1,-1,-1
70,842,1124.54,223.74,22.17,63.22,0.9534,-1,-1,-1
70,846,1392.22,224.55,21.72,63.49,0.9484,-1,-1,-1
70,838,685.78,239.82,23.0,60.35,0.9455,-1,-1,-1
70,851,1495.35,511.88,37.62,105.62,0.9452,-1,-1,-1
70,848,1314.85,148.68,18.15,52.94,0.9258,-1,-1,-1
70,840,1679.86,366.57,29.62,66.0,0.8804,-1,-1,-1
70,856,1682.62,348.77,29.89,60.19,0.6688,-1,-1,-1
70,833,111.73,821.09,48.45,124.82,0.5487,-1,-1,-1
71,845,696.16,710.94,51.9,126.63,0.9771,-1,-1,-1
71,836,290.39,570.48,59.99,100.39,0.9752,-1,-1,-1
71,834,907.1,613.84,44.4,103.4,0.9747,-1,-1,-1
71,837,1005.29,829.0,40.45,122.77,0.972,-1,-1,-1
71,839,498.97,228.61,37.34,64.72,0.9641,-1,-1,-1
71,841,893.01,447.44,31.89,83.75,0.9636,-1,-1,-1
71,849,1366.77,500.48,36.03,81.5,0.9559,-1,-1,-1
71,844,1620.85,225.54,26.05,67.17,0.9551,-1,-1,-1
71,842,1122.45,225.01,22.92,63.46,0.952,-1,-1,-1
71,846,1389.48,226.33,22.41,62.97,0.9462,-1,-1,-1
71,838,677.04,239.36,28.04,61.07,0.9443,-1,-1,-1
71,843,644.6,484.21,30.89,100.21,0.9418,-1,-1,-1
71,848,1312.99,150.17,17.9,52.81,0.9304,-1,-1,-1
71,851,1497.37,512.48,36.55,99.86,0.8931,-1,-1,-1
71,840,1677.12,360.06,30.95,72.9,0.8179,-1,-1,-1
72,845,696.28,710.96,51.77,126.62,0.9772,-1,-1,-1
72,836,290.39,570.48,59.96,100.36,0.9752,-1,-1,-1
72,834,906.96,613.94,44.53,103.36,0.9748,-1,-1,-1
72,837,1005.31,828.92,40.44,122.84,0.972,-1,-1,-1
72,839,498.96,228.63,37.63,64.66,0.9648,-1,-1,-1
72,841,892.99,447.43,31.89,83.76,0.9638,-1,-1,-1
72,849,1366.78,500.48,36.0,81.53,0.9562,-1,-1,-1
72,844,1620.93,225.53,26.0,67.56,0.9552,-1,-1,-1
72,842,1122.42,225.0,22.96,63.48,0.9519,-1,-1,-1
72,846,1389.48,226.35,22.55,62.91,0.9459,-1,-1,-1
72,838,677.03,239.36,28.06,61.12,0.9443,-1,-1,-1
72,843,644.58,484.23,30.91,100.12,0.9422,-1,-1,-1
72,848,1312.99,150.19,17.86,52.78,0.9299,-1,-1,-1
72,851,1497.36,512.63,36.6,99.6,0.8689,-1,-1,-1
72,840,1677.14,360.03,30.95,72.95,0.8168,-1,-1,-1
73,845,697.23,709.03,54.36,127.28,0.975,-1,-1,-1
73,836,292.23,572.84,57.35,97.87,0.9744,-1,-1,-1
73,834,911.28,615.39,41.44,100.26,0.9734,-1,-1,-1
73,839,497.86,228.14,43.57,62.7,0.9705,-1,-1,-1
73,837,1008.59,831.39,38.64,122.0,0.9647,-1,-1,-1
73,841,894.16,447.02,33.95,85.78,0.9624,-1,-1,-1
73,838,668.55,238.5,33.09,62.38,0.9576,-1,-1,-1
73,849,1366.84,500.84,35.84,78.15,0.9567,-1,-1,-1
73,842,1120.13,225.61,24.42,64.43,0.9553,-1,-1,-1
73,843,641.2,482.91,31.26,100.74,0.9535,-1,-1,-1
73,844,1620.91,226.11,24.72,66.39,0.9533,-1,-1,-1
73,846,1387.07,227.46,23.13,62.13,0.9423,-1,-1,-1
73,851,1498.18,513.8,36.68,93.76,0.9287,-1,-1,-1
73,848,1312.52,149.59,17.31,54.26,0.9253,-1,-1,-1
73,840,1675.71,352.97,32.43,77.93,0.8966,-1,-1,-1
73,833,99.27,825.83,42.79,106.07,0.5518,-1,-1,-1
74,836,294.9,574.82,54.85,97.97,0.9723,-1,-1,-1
74,845,700.24,709.19,60.35,124.29,0.9717,-1,-1,-1
74,839,498.8,228.47,44.48,63.53,0.9702,-1,-1,-1
74,834,915.22,617.01,38.13,100.32,0.9687,-1,-1,-1
74,841,891.94,445.37,39.96,88.48,0.9657,-1,-1,-1
74,849,1367.05,500.95,36.26,79.92,0.9648,-1,-1,-1
74,842,1118.02,226.31,25.31,63.87,0.956,-1,-1,-1
74,846,1385.32,228.72,22.79,62.54,0.9548,-1,-1,-1
74,838,660.36,238.31,35.9,62.13,0.9547,-1,-1,-1
74,851,1498.61,514.2,36.61,94.34,0.9529,-1,-1,-1
74,837,1009.32,831.75,41.52,125.74,0.9521,-1,-1,-1
74,843,637.21,481.03,32.11,99.29,0.9516,-1,-1,-1
74,844,1620.03,227.57,23.48,64.49,0.9483,-1,-1,-1
74,840,1675.41,357.23,31.08,70.82,0.9209,-1,-1,-1
74,833,92.68,827.23,45.49,138.96,0.9061,-1,-1,-1
74,848,1312.13,149.17,15.54,54.13,0.9003,-1,-1,-1
75,845,702.37,710.46,61.66,122.17,0.9731,-1,-1,-1
75,836,301.42,574.75,47.77,100.41,0.9729,-1,-1,-1
75,841,891.49,444.2,43.79,90.26,0.9712,-1,-1,-1
75,834,916.87,617.5,37.99,102.75,0.9629,-1,-1,-1
75,839,504.12,228.32,39.44,63.95,0.9605,-1,-1,-1
75,849,1367.82,499.42,34.42,83.2,0.9602,-1,-1,-1
75,844,1617.97,227.31,23.86,65.45,0.9564,-1,-1,-1
75,843,632.84,481.73,33.14,96.65,0.9558,-1,-1,-1
75,842,1116.51,226.82,25.64,63.6,0.9557,-1,-1,-1
75,846,1383.46,229.45,23.0,63.72,0.9542,-1,-1,-1
75,838,654.28,238.47,34.26,58.39,0.9537,-1,-1,-1
75,833,86.35,829.39,44.94,144.85,0.9474,-1,-1,-1
75,840,1674.34,355.0,32.16,70.9,0.9254,-1,-1,-1
75,837,1008.8,834.49,46.38,128.21,0.9166,-1,-1,-1
75,848,1311.11,149.93,15.94,53.13,0.8994,-1,-1,-1
75,851,1500.52,523.63,34.1,87.33,0.7685,-1,-1,-1
76,841,891.09,444.1,47.74,87.25,0.9782,-1,-1,-1
76,845,709.04,713.16,56.58,114.38,0.9743,-1,-1,-1
76,836,306.21,574.57,41.56,103.45,0.9706,-1,-1,-1
76,834,919.54,616.79,36.6,104.85,0.9682,-1,-1,-1
76,840,1670.85,351.39,35.94,75.86,0.9669,-1,-1,-1
76,849,1369.0,496.84,33.21,88.41,0.9642,-1,-1,-1
76,843,628.18,482.85,34.48,90.93,0.9631,-1,-1,-1
76,838,648.32,237.97,32.08,58.21,0.9597,-1,-1,-1
76,833,79.83,832.17,45.44,140.8,0.9586,-1,-1,-1
76,839,508.79,227.0,32.97,67.5,0.9562,-1,-1,-1
76,844,1613.79,227.5,28.72,65.81,0.9547,-1,-1,-1
76,842,1115.34,227.84,25.05,62.81,0.9541,-1,-1,-1
76,837,1007.63,835.91,50.98,131.52,0.9491,-1,-1,-1
76,846,1381.0,230.94,24.14,64.06,0.941,-1,-1,-1
76,848,1309.72,149.43,15.98,54.03,0.915,-1,-1,-1
76,851,1501.31,516.84,34.42,95.61,0.866,-1,-1,-1
77,836,303.09,573.75,44.16,107.08,0.9768,-1,-1,-1
77,845,718.48,715.41,47.09,115.03,0.9764,-1,-1,-1
77,841,892.86,445.24,51.33,84.25,0.9729,-1,-1,-1
77,837,1006.52,839.57,53.09,132.01,0.9722,-1,-1,-1
77,834,919.45,614.9,37.44,108.0,0.9684,-1,-1,-1
77,843,624.61,484.57,32.89,91.04,0.9631,-1,-1,-1
77,849,1369.9,494.41,33.08,89.44,0.9615,-1,-1,-1
77,840,1670.86,351.83,34.93,76.6,0.961,-1,-1,-1
77,839,509.11,226.32,33.35,68.45,0.9594,-1,-1,-1
77,844,1611.34,227.05,31.31,66.35,0.9532,-1,-1,-1
77,838,640.19,237.88,29.24,59.28,0.9526,-1,-1,-1
77,842,1115.44,228.02,23.61,64.03,0.9514,-1,-1,-1
77,846,1378.72,232.14,25.12,64.51,0.9431,-1,-1,-1
77,833,73.36,833.92,47.52,140.5,0.9264,-1,-1,-1
77,848,1307.99,150.06,16.35,53.04,0.9205,-1,-1,-1
77,851,1503.0,515.7,33.94,96.98,0.8963,-1,-1,-1
78,836,303.06,573.77,44.37,107.05,0.9769,-1,-1,-1
78,845,718.42,715.44,47.1,115.01,0.9764,-1,-1,-1
78,841,892.91,445.26,51.23,84.26,0.9729,-1,-1,-1
78,837,1006.51,839.55,53.13,132.06,0.9724,-1,-1,-1
78,834,919.47,614.92,37.4,107.95,0.9685,-1,-1,-1
78,843,624.57,484.58,32.92,91.04,0.9632,-1,-1,-1
78,849,1369.89,494.42,33.07,89.7,0.9613,-1,-1,-1
78,840,1670.88,352.03,34.87,76.39,0.9605,-1,-1,-1
78,839,509.07,226.29,33.47,68.45,0.9593,-1,-1,-1
78,844,1611.19,227.05,31.38,66.32,0.9529,-1,-1,-1
78,838,640.15,237.86,29.31,59.25,0.952,-1,-1,-1
78,842,1115.43,228.02,23.64,64.04,0.9514,-1,-1,-1
78,846,1378.72,232.13,25.14,64.55,0.943,-1,-1,-1
78,833,73.31,833.9,47.57,140.5,0.933,-1,-1,-1
78,848,1307.99,150.09,16.34,53.01,0.9205,-1,-1,-1
78,851,1503.1,515.86,33.89,96.77,0.8903,-1,-1,-1
79,836,299.67,573.26,46.0,109.15,0.9775,-1,-1,-1
79,841,896.4,447.47,50.22,82.09,0.9747,-1,-1,-1
79,833,64.8,837.99,47.97,140.59,0.972,-1,-1,-1
79,837,1006.25,842.14,55.62,134.99,0.9715,-1,-1,-1
79,834,917.3,614.38,41.25,110.56,0.9695,-1,-1,-1
79,845,730.66,718.61,38.33,115.81,0.9687,-1,-1,-1
79,849,1371.37,490.91,32.52,94.93,0.9645,-1,-1,-1
79,840,1670.15,350.78,35.95,79.48,0.963,-1,-1,-1
79,839,506.26,224.51,36.63,71.53,0.9614,-1,-1,-1
79,842,1115.21,228.42,22.76,64.99,0.9573,-1,-1,-1
79,843,620.13,484.94,33.54,92.51,0.9562,-1,-1,-1
79,844,1610.65,226.15,31.16,67.86,0.9532,-1,-1,-1
79,846,1376.46,234.15,25.63,64.16,0.9529,-1,-1,-1
79,838,636.57,238.16,20.93,57.1,0.9315,-1,-1,-1
79,848,1306.24,153.44,15.96,49.86,0.9165,-1,-1,-1
79,851,1504.32,516.02,34.74,96.66,0.8489,-1,-1,-1
80,836,296.06,573.55,50.05,113.59,0.978,-1,-1,-1
80,834,915.55,613.9,45.69,110.16,0.9759,-1,-1,-1
80,841,901.99,448.4,49.19,83.85,0.9732,-1,-1,-1
80,837,1006.0,845.22,57.21,135.98,0.97,-1,-1,-1
80,839,503.07,223.97,40.12,71.14,0.9679,-1,-1,-1
80,840,1670.72,349.1,36.11,81.79,0.9675,-1,-1,-1
80,833,58.42,840.85,48.66,141.84,0.9672,-1,-1,-1
80,849,1372.5,490.68,32.02,91.31,0.9653,-1,-1,-1
80,843,616.69,483.4,33.58,97.21,0.9651,-1,-1,-1
80,845,737.35,718.5,36.96,118.57,0.9602,-1,-1,-1
80,844,1607.81,225.62,33.43,68.72,0.9592,-1,-1,-1
80,846,1375.66,235.75,24.87,63.8,0.9552,-1,-1,-1
80,842,1115.55,229.37,21.34,64.71,0.9542,-1,-1,-1
80,838,628.44,237.29,20.56,59.28,0.9452,-1,-1,-1
80,848,1304.64,154.53,15.69,49.35,0.9225,-1,-1,-1
80,851,1506.6,511.28,34.94,96.28,0.7717,-1,-1,-1
81,836,293.78,575.3,52.98,112.33,0.9765,-1,-1,-1
81,834,916.61,615.17,47.15,105.9,0.9759,-1,-1,-1
81,837,1005.45,847.48,58.83,136.11,0.9725,-1,-1,-1
81,839,499.91,223.33,43.75,67.11,0.9708,-1,-1,-1
81,841,910.48,448.96,44.45,85.58,0.9687,-1,-1,-1
81,845,736.67,716.07,43.6,123.24,0.9664,-1,-1,-1
81,840,1671.78,347.5,34.91,85.42,0.9655,-1,-1,-1
81,833,53.02,844.26,48.51,143.2,0.9654,-1,-1,-1
81,843,613.24,481.64,33.31,100.15,0.9647,-1,-1,-1
81,849,1373.11,489.9,32.13,85.31,0.9624,-1,-1,-1
81,844,1605.8,225.92,34.56,68.83,0.9622,-1,-1,-1
81,846,1374.26,237.5,25.09,63.8,0.949,-1,-1,-1
81,842,1115.67,230.61,21.19,65.3,0.9465,-1,-1,-1
81,838,621.38,237.62,19.78,58.51,0.9332,-1,-1,-1
81,848,1303.2,154.24,16.18,49.89,0.9022,-1,-1,-1
81,851,1508.5,510.75,34.45,94.14,0.7529,-1,-1,-1
82,836,293.94,577.59,51.15,106.74,0.9774,-1,-1,-1
82,845,734.99,715.28,51.79,125.09,0.9766,-1,-1,-1
82,837,1005.71,848.21,60.33,138.94,0.9754,-1,-1,-1
82,834,916.72,616.93,50.52,102.37,0.975,-1,-1,-1
82,839,498.54,223.8,45.65,64.7,0.9731,-1,-1,-1
82,841,919.06,448.81,39.04,87.59,0.97,-1,-1,-1
82,840,1671.98,346.87,34.47,86.88,0.9665,-1,-1,-1
82,849,1373.45,490.18,32.83,79.33,0.9647,-1,-1,-1
82,833,46.71,848.39,47.47,144.28,0.9625,-1,-1,-1
82,843,609.75,480.28,33.75,102.47,0.9611,-1,-1,-1
82,844,1604.15,226.53,34.8,66.9,0.9569,-1,-1,-1
82,838,606.87,238.39,27.21,58.29,0.9534,-1,-1,-1
82,846,1373.95,238.68,24.29,64.65,0.9463,-1,-1,-1
82,842,1115.43,231.89,21.31,65.38,0.9456,-1,-1,-1
82,848,1300.91,152.69,18.08,52.36,0.9107,-1,-1,-1
82,851,1511.04,511.54,33.83,96.34,0.7577,-1,-1,-1
83,836,296.63,580.04,46.5,104.23,0.9764,-1,-1,-1
83,837,1008.73,849.54,56.87,139.89,0.9763,-1,-1,-1
83,833,40.33,850.61,48.39,147.25,0.9751,-1,-1,-1
83,834,919.32,618.81,50.52,100.25,0.9751,-1,-1,-1
83,845,734.93,714.92,58.79,125.99,0.9742,-1,-1,-1
83,841,921.95,447.79,38.58,90.35,0.969,-1,-1,-1
83,839,500.02,224.88,41.81,66.03,0.9688,-1,-1,-1
83,840,1672.19,346.74,34.71,85.31,0.9635,-1,-1,-1
83,844,1601.82,228.44,35.36,65.32,0.9582,-1,-1,-1
83,849,1373.69,490.64,34.1,81.0,0.9573,-1,-1,-1
83,846,1372.16,239.9,24.71,64.87,0.954,-1,-1,-1
83,842,1114.18,232.7,22.74,65.97,0.9486,-1,-1,-1
83,843,607.52,478.93,31.92,101.37,0.9425,-1,-1,-1
83,838,597.78,239.57,31.96,58.43,0.9423,-1,-1,-1
83,848,1298.92,153.21,19.26,52.89,0.8955,-1,-1,-1
83,851,1512.79,515.37,32.12,91.17,0.4099,-1,-1,-1
84,837,1008.76,849.54,56.83,139.88,0.9764,-1,-1,-1
84,836,296.6,580.05,46.82,104.23,0.9762,-1,-1,-1
84,833,40.36,850.6,48.4,147.24,0.9752,-1,-1,-1
84,834,919.3,618.84,50.67,100.24,0.9751,-1,-1,-1
84,845,734.99,714.94,58.71,126.19,0.9741,-1,-1,-1
84,841,921.94,447.8,38.61,90.38,0.9691,-1,-1,-1
84,839,500.21,224.87,41.58,66.02,0.9686,-1,-1,-1
84,840,1672.18,346.77,34.73,85.29,0.9636,-1,-1,-1
84,849,1373.71,490.64,34.08,80.97,0.9574,-1,-1,-1
84,844,1601.82,228.41,35.34,65.77,0.9573,-1,-1,-1
84,846,1372.17,239.89,24.73,64.9,0.9538,-1,-1,-1
84,842,1114.18,232.7,22.76,65.97,0.9485,-1,-1,-1
84,838,597.46,239.57,32.27,58.43,0.9413,-1,-1,-1
84,843,607.53,478.91,31.89,101.34,0.941,-1,-1,-1
84,848,1298.91,153.05,19.19,52.98,0.8879,-1,-1,-1
84,851,1512.19,514.94,33.38,92.73,0.4993,-1,-1,-1
85,837,1011.52,851.08,53.17,136.78,0.9783,-1,-1,-1
85,833,34.71,853.58,49.81,148.96,0.9759,-1,-1,-1
85,845,735.77,714.88,67.51,124.64,0.9757,-1,-1,-1
85,834,922.35,621.32,49.91,100.26,0.9733,-1,-1,-1
85,841,922.88,447.69,41.99,92.34,0.9715,-1,-1,-1
85,836,301.52,582.42,41.43,102.91,0.9713,-1,-1,-1
85,840,1672.65,347.54,34.23,83.06,0.9623,-1,-1,-1
85,839,503.72,225.79,38.5,67.25,0.962,-1,-1,-1
85,843,603.45,479.28,32.67,97.37,0.958,-1,-1,-1
85,844,1598.56,229.4,35.38,65.39,0.9566,-1,-1,-1
85,842,1111.33,234.45,25.24,65.5,0.9545,-1,-1,-1
85,838,579.59,241.35,47.56,57.42,0.953,-1,-1,-1
85,849,1372.45,491.58,35.58,81.46,0.9521,-1,-1,-1
85,846,1370.82,241.35,22.86,65.17,0.9514,-1,-1,-1
85,848,1296.8,155.95,19.91,50.83,0.9329,-1,-1,-1
85,851,1512.18,515.78,34.41,92.76,0.7557,-1,-1,-1
86,837,1016.26,852.47,47.0,134.65,0.9791,-1,-1,-1
86,834,927.31,622.89,46.84,101.82,0.9778,-1,-1,-1
86,845,741.24,717.87,66.26,119.06,0.9777,-1,-1,-1
86,833,30.15,858.12,50.25,149.41,0.976,-1,-1,-1
86,841,923.79,446.92,45.08,92.64,0.9742,-1,-1,-1
86,838,573.47,243.05,46.99,57.44,0.9652,-1,-1,-1
86,836,306.75,583.9,37.62,104.3,0.9648,-1,-1,-1
86,843,600.78,480.51,32.31,92.13,0.9648,-1,-1,-1
86,840,1672.32,349.04,34.52,80.24,0.9621,-1,-1,-1
86,849,1373.43,489.81,35.86,84.82,0.9596,-1,-1,-1
86,839,507.17,226.34,33.89,68.11,0.9595,-1,-1,-1
86,842,1104.85,236.18,31.67,66.52,0.9575,-1,-1,-1
86,844,1595.26,230.85,35.76,65.7,0.9547,-1,-1,-1
86,851,1512.21,515.48,36.09,98.85,0.949,-1,-1,-1
86,848,1294.21,158.95,20.64,49.8,0.9426,-1,-1,-1
86,846,1368.93,242.74,22.71,65.63,0.9263,-1,-1,-1
87,845,743.08,721.45,64.15,115.68,0.9785,-1,-1,-1
87,834,931.65,622.26,43.14,105.24,0.9757,-1,-1,-1
87,837,1020.42,854.47,41.71,132.26,0.9746,-1,-1,-1
87,833,25.0,860.72,50.46,151.84,0.974,-1,-1,-1
87,841,926.09,447.83,48.56,89.32,0.9708,-1,-1,-1
87,842,1102.74,238.34,32.31,65.78,0.965,-1,-1,-1
87,836,308.77,584.72,37.1,106.6,0.9642,-1,-1,-1
87,849,1373.99,488.21,36.68,87.83,0.964,-1,-1,-1
87,840,1671.94,351.56,34.13,76.34,0.9638,-1,-1,-1
87,843,597.56,483.04,32.14,90.7,0.9626,-1,-1,-1
87,838,566.04,243.88,47.77,60.02,0.962,-1,-1,-1
87,839,508.63,226.92,30.67,69.92,0.9566,-1,-1,-1
87,844,1593.66,231.2,33.98,66.69,0.9505,-1,-1,-1
87,846,1366.93,244.76,22.18,66.63,0.9483,-1,-1,-1
87,848,1291.85,152.96,22.33,57.58,0.9419,-1,-1,-1
87,851,1513.51,515.93,36.41,100.88,0.9414,-1,-1,-1
88,834,933.25,621.0,43.66,109.37,0.9767,-1,-1,-1
88,841,927.71,449.88,50.92,86.18,0.9759,-1,-1,-1
88,833,18.85,863.76,49.98,152.99,0.9728,-1,-1,-1
88,837,1023.3,857.4,39.18,132.58,0.9727,-1,-1,-1
88,845,750.38,723.01,59.75,117.14,0.9716,-1,-1,-1
88,836,305.18,585.01,41.61,109.93,0.9713,-1,-1,-1
88,838,559.95,244.61,45.78,60.51,0.9671,-1,-1,-1
88,849,1374.56,486.69,37.21,92.62,0.9654,-1,-1,-1
88,842,1101.58,240.16,32.62,65.27,0.9619,-1,-1,-1
88,840,1671.56,352.78,32.68,76.34,0.9606,-1,-1,-1
88,839,508.48,226.46,28.63,71.51,0.955,-1,-1,-1
88,846,1364.96,247.14,22.13,66.45,0.9549,-1,-1,-1
88,844,1593.44,231.41,31.43,67.93,0.9496,-1,-1,-1
88,851,1514.92,515.19,36.38,104.07,0.9493,-1,-1,-1
88,843,595.87,484.57,31.65,90.94,0.9477,-1,-1,-1
88,848,1290.67,153.49,21.49,59.19,0.9389,-1,-1,-1
89,834,934.45,620.95,45.43,111.87,0.9767,-1,-1,-1
89,836,299.2,584.98,48.64,112.45,0.9756,-1,-1,-1
89,837,1023.74,861.37,41.07,133.87,0.9752,-1,-1,-1
89,841,932.09,452.48,48.55,86.64,0.9724,-1,-1,-1
89,833,14.21,866.94,48.55,151.94,0.9715,-1,-1,-1
89,845,760.72,724.75,57.02,119.72,0.9673,-1,-1,-1
89,849,1375.57,486.48,39.74,90.65,0.9667,-1,-1,-1
89,843,592.07,483.97,32.09,96.41,0.9635,-1,-1,-1
89,840,1670.95,352.64,32.01,78.66,0.9574,-1,-1,-1
89,842,1100.55,241.54,33.19,65.1,0.9552,-1,-1,-1
89,839,507.8,225.9,29.38,73.59,0.9528,-1,-1,-1
89,838,559.67,245.33,38.31,62.68,0.9519,-1,-1,-1
89,844,1591.52,231.91,32.12,68.27,0.9509,-1,-1,-1
89,846,1362.8,249.07,22.72,68.36,0.9495,-1,-1,-1
89,848,1289.13,155.86,20.65,57.13,0.9464,-1,-1,-1
89,851,1517.25,514.35,36.22,106.83,0.9388,-1,-1,-1
90,834,934.43,620.95,45.43,111.88,0.9767,-1,-1,-1
90,836,299.27,584.93,48.63,112.54,0.9755,-1,-1,-1
90,837,1023.74,861.39,41.11,133.81,0.9751,-1,-1,-1
90,841,932.09,452.48,48.54,86.53,0.9724,-1,-1,-1
90,833,14.23,866.93,48.55,152.01,0.9716,-1,-1,-1
90,845,760.69,724.71,57.07,119.79,0.9677,-1,-1,-1
90,849,1375.56,486.42,39.63,90.72,0.9666,-1,-1,-1
90,843,592.07,483.95,32.1,96.45,0.9635,-1,-1,-1
90,840,1670.95,352.65,32.0,78.65,0.9574,-1,-1,-1
90,842,1100.57,241.56,33.21,65.09,0.9553,-1,-1,-1
90,839,507.69,225.94,29.53,73.51,0.9528,-1,-1,-1
90,838,559.99,245.32,38.01,62.51,0.9514,-1,-1,-1
90,844,1591.49,231.91,32.14,68.29,0.9511,-1,-1,-1
90,846,1362.61,249.26,22.66,68.07,0.9494,-1,-1,-1
90,848,1289.05,155.85,20.72,57.1,0.9461,-1,-1,-1
90,851,1517.24,514.32,36.23,106.84,0.9393,-1,-1,-1
91,837,1023.95,863.98,43.06,137.25,0.9753,-1,-1,-1
91,845,774.69,725.28,50.51,122.71,0.9749,-1,-1,-1
91,834,934.92,620.3,47.18,115.04,0.9747,-1,-1,-1
91,833,8.91,870.46,49.07,152.68,0.9735,-1,-1,-1
91,836,295.21,586.35,58.61,114.02,0.9728,-1,-1,-1
91,841,940.48,454.81,41.35,86.78,0.9685,-1,-1,-1
91,849,1376.7,487.8,38.24,83.37,0.9607,-1,-1,-1
91,844,1590.65,232.77,29.25,69.87,0.9549,-1,-1,-1
91,839,507.67,226.97,29.73,71.26,0.9535,-1,-1,-1
91,840,1671.15,352.47,30.4,81.41,0.9527,-1,-1,-1
91,843,589.31,483.19,31.65,98.43,0.9493,-1,-1,-1
91,846,1360.1,252.24,24.09,67.56,0.9479,-1,-1,-1
91,848,1287.57,159.13,21.8,54.32,0.9421,-1,-1,-1
91,842,1100.24,242.69,32.78,66.96,0.9229,-1,-1,-1
91,851,1519.82,512.66,35.42,108.45,0.9188,-1,-1,-1
91,838,561.51,247.03,29.1,60.13,0.8913,-1,-1,-1
92,837,1023.41,866.7,45.85,140.74,0.9777,-1,-1,-1
92,836,291.68,588.62,65.99,114.26,0.9749,-1,-1,-1
92,833,4.0,875.21,49.56,150.85,0.9749,-1,-1,-1
92,845,780.56,725.16,48.17,126.27,0.9742,-1,-1,-1
92,834,935.06,620.99,49.45,111.99,0.974,-1,-1,-1
92,843,585.98,481.5,31.94,102.93,0.9588,-1,-1,-1
92,841,951.58,456.25,31.94,89.46,0.9586,-1,-1,-1
92,839,507.27,228.03,30.38,68.54,0.9561,-1,-1,-1
92,844,1587.15,234.59,32.21,69.72,0.9549,-1,-1,-1
92,840,1670.55,352.16,30.51,83.83,0.954,-1,-1,-1
92,842,1100.67,243.08,31.76,68.5,0.95,-1,-1,-1
92,846,1357.79,254.22,24.94,68.19,0.9498,-1,-1,-1
92,849,1378.66,489.93,35.22,76.92,0.9456,-1,-1,-1
92,848,1286.47,160.45,21.65,55.33,0.9373,-1,-1,-1
92,838,557.71,249.11,23.99,57.44,0.9246,-1,-1,-1
92,851,1521.8,513.53,36.11,108.5,0.9232,-1,-1,-1
93,837,1022.49,870.43,49.73,140.85,0.9777,-1,-1,-1
93,834,936.07,623.45,50.82,106.85,0.9762,-1,-1,-1
93,836,288.89,591.78,65.15,109.49,0.9757,-1,-1,-1
93,845,781.62,724.49,50.13,130.37,0.9745,-1,-1,-1
93,833,1.43,878.29,47.58,148.1,0.9723,-1,-1,-1
93,849,1379.8,491.94,36.81,75.59,0.9572,-1,-1,-1
93,844,1584.38,236.75,32.8,67.29,0.9566,-1,-1,-1
93,842,1100.78,244.8,30.47,68.66,0.9536,-1,-1,-1
93,841,956.62,456.85,30.68,89.66,0.9529,-1,-1,-1
93,843,582.38,481.04,31.88,103.8,0.9528,-1,-1,-1
93,840,1670.59,351.7,29.82,88.69,0.9507,-1,-1,-1
93,839,507.24,230.09,30.17,66.1,0.9491,-1,-1,-1
93,846,1355.34,256.42,25.87,67.69,0.949,-1,-1,-1
93,838,551.02,253.54,19.21,50.53,0.9333,-1,-1,-1
93,848,1284.06,161.09,21.36,55.61,0.9314,-1,-1,-1
93,851,1523.25,515.25,36.31,102.92,0.9275,-1,-1,-1
94,837,1021.09,874.7,52.78,137.26,0.9791,-1,-1,-1
94,845,782.95,723.52,49.53,133.26,0.9782,-1,-1,-1
94,834,939.56,626.22,48.45,102.73,0.9758,-1,-1,-1
94,836,288.99,595.61,61.63,105.89,0.9753,-1,-1,-1
94,833,0.87,883.02,43.31,143.47,0.9702,-1,-1,-1
94,849,1380.38,491.49,39.22,78.97,0.9699,-1,-1,-1
94,841,959.4,455.44,32.47,94.98,0.9629,-1,-1,-1
94,844,1580.83,238.76,34.95,65.18,0.9616,-1,-1,-1
94,842,1100.79,245.56,29.58,70.03,0.9546,-1,-1,-1
94,846,1353.42,259.18,26.72,67.56,0.9523,-1,-1,-1
94,843,578.83,481.0,32.18,101.06,0.9522,-1,-1,-1
94,851,1523.43,518.94,36.73,95.22,0.9399,-1,-1,-1
94,839,509.56,231.59,27.5,67.12,0.9377,-1,-1,-1
94,848,1282.38,160.31,21.0,57.93,0.9284,-1,-1,-1
94,840,1671.0,358.01,26.9,81.01,0.922,-1,-1,-1
94,838,542.1,256.87,20.35,49.0,0.9215,-1,-1,-1
95,837,1019.93,877.68,53.89,136.27,0.979,-1,-1,-1
95,845,783.97,725.48,55.68,127.53,0.9764,-1,-1,-1
95,834,945.49,628.83,42.5,102.22,0.9758,-1,-1,-1
95,836,291.87,597.97,58.74,105.18,0.9745,-1,-1,-1
95,841,958.92,454.91,36.78,96.15,0.9694,-1,-1,-1
95,833,0.29,886.2,40.94,145.92,0.966,-1,-1,-1
95,849,1382.28,488.8,34.71,85.77,0.9642,-1,-1,-1
95,844,1577.12,239.77,35.99,64.49,0.9596,-1,-1,-1
95,843,574.92,481.57,32.24,97.66,0.9577,-1,-1,-1
95,846,1350.89,261.36,27.62,67.6,0.9543,-1,-1,-1
95,842,1100.86,247.28,28.52,69.03,0.9524,-1,-1,-1
95,851,1524.71,521.4,35.83,94.41,0.9487,-1,-1,-1
95,838,532.2,259.72,22.39,48.91,0.9277,-1,-1,-1
95,839,512.94,233.4,22.76,65.66,0.9193,-1,-1,-1
95,848,1281.55,159.0,20.26,59.6,0.9143,-1,-1,-1
95,840,1670.52,360.72,27.86,76.48,0.9054,-1,-1,-1
96,837,1019.96,877.67,53.86,136.35,0.9791,-1,-1,-1
96,845,784.03,725.48,55.59,127.43,0.9764,-1,-1,-1
96,834,945.49,628.75,42.51,102.3,0.9758,-1,-1,-1
96,836,291.88,597.98,58.56,105.16,0.9745,-1,-1,-1
96,841,958.92,454.9,36.77,96.19,0.9693,-1,-1,-1
96,833,0.31,886.2,41.0,145.93,0.9659,-1,-1,-1
96,849,1382.28,488.82,34.74,85.78,0.9638,-1,-1,-1
96,844,1577.09,239.76,36.01,64.5,0.9597,-1,-1,-1
96,843,574.91,481.58,32.24,97.66,0.957,-1,-1,-1
96,846,1350.85,261.37,27.71,67.66,0.9543,-1,-1,-1
96,842,1100.9,247.24,28.47,69.12,0.9524,-1,-1,-1
96,851,1524.7,521.43,35.86,94.4,0.9499,-1,-1,-1
96,838,532.18,259.66,22.48,49.06,0.9285,-1,-1,-1
96,839,513.01,233.4,22.61,65.37,0.9207,-1,-1,-1
96,848,1281.53,158.97,20.28,59.64,0.9148,-1,-1,-1
96,840,1670.5,360.61,27.87,76.55,0.9039,-1,-1,-1
97,837,1022.48,880.06,53.17,134.41,0.9799,-1,-1,-1
97,836,296.25,599.41,56.37,106.03,0.9756,-1,-1,-1
97,845,787.06,726.12,56.76,123.79,0.9731,-1,-1,-1
97,841,957.26,454.24,43.81,97.08,0.9726,-1,-1,-1
97,834,951.79,629.67,38.16,105.67,0.9682,-1,-1,-1
97,849,1383.36,485.21,34.05,90.46,0.9665,-1,-1,-1
97,844,1573.69,240.2,36.37,65.48,0.9557,-1,-1,-1
97,842,1100.84,249.01,27.7,68.05,0.9555,-1,-1,-1
97,846,1348.5,264.0,26.71,66.8,0.9527,-1,-1,-1
97,833,0.44,890.1,37.47,144.24,0.9527,-1,-1,-1
97,851,1524.83,522.11,35.66,95.9,0.9502,-1,-1,-1
97,843,570.39,483.06,33.28,94.06,0.9451,-1,-1,-1
97,848,1279.86,159.94,20.0,58.58,0.9138,-1,-1,-1
97,840,1669.18,372.13,26.17,63.18,0.9102,-1,-1,-1
97,839,513.79,233.23,26.9,66.3,0.8945,-1,-1,-1
97,838,518.11,261.35,31.43,49.65,0.8314,-1,-1,-1
97,856,1670.25,354.38,26.91,53.45,0.5782,-1,-1,-1
98,836,304.03,600.55,49.37,107.37,0.9784,-1,-1,-1
98,837,1026.61,882.0,52.59,131.93,0.9778,-1,-1,-1
98,845,794.28,728.28,51.21,117.95,0.9759,-1,-1,-1
98,841,957.45,455.07,50.75,92.48,0.9686,-1,-1,-1
98,844,1567.63,239.83,40.38,67.66,0.9657,-1,-1,-1
98,849,1384.51,482.33,33.06,93.72,0.9654,-1,-1,-1
98,839,506.38,232.19,39.16,82.85,0.9634,-1,-1,-1
98,834,955.82,628.91,35.38,108.02,0.9631,-1,-1,-1
98,842,1099.74,250.45,28.92,67.7,0.9615,-1,-1,-1
98,843,566.44,485.15,33.65,93.16,0.9554,-1,-1,-1
98,846,1346.0,265.17,27.23,68.29,0.9516,-1,-1,-1
98,851,1525.65,521.06,35.18,98.59,0.9285,-1,-1,-1
98,840,1667.15,361.59,28.4,71.85,0.9253,-1,-1,-1
98,848,1277.82,161.28,20.28,57.94,0.924,-1,-1,-1
98,833,0.0,895.99,35.53,138.8,0.9239,-1,-1,-1
99,836,305.31,599.57,46.43,111.85,0.978,-1,-1,-1
99,841,959.56,455.24,53.82,90.28,0.9778,-1,-1,-1
99,845,802.81,730.38,46.09,118.19,0.9762,-1,-1,-1
99,834,955.8,627.54,40.12,110.42,0.9717,-1,-1,-1
99,842,1098.91,252.04,30.81,67.17,0.9629,-1,-1,-1
99,843,563.56,484.54,33.29,95.43,0.959,-1,-1,-1
99,849,1386.6,479.82,32.46,95.37,0.9537,-1,-1,-1
99,839,497.15,231.97,43.68,84.96,0.9519,-1,-1,-1
99,844,1564.38,238.22,42.47,69.76,0.9492,-1,-1,-1
99,846,1345.26,265.87,26.81,69.06,0.9483,-1,-1,-1
99,851,1526.5,518.94,37.92,102.53,0.9456,-1,-1,-1
99,837,1030.68,879.86,51.67,137.54,0.9448,-1,-1,-1
99,840,1665.68,359.1,30.14,75.65,0.919,-1,-1,-1
99,833,0.82,896.71,35.47,136.24,0.9135,-1,-1,-1
99,848,1276.71,162.13,21.26,57.48,0.7725,-1,-1,-1
100,836,304.14,597.75,48.42,116.4,0.9784,-1,-1,-1
100,837,1036.77,881.21,50.39,138.02,0.9771,-1,-1,-1
100,834,956.75,626.41,43.04,112.27,0.9759,-1,-1,-1
100,841,964.73,454.46,50.01,90.93,0.9731,-1,-1,-1
100,845,814.85,731.01,38.71,120.25,0.9707,-1,-1,-1
100,843,560.05,482.26,34.55,99.43,0.9631,-1,-1,-1
100,842,1098.63,252.98,32.11,66.98,0.9621,-1,-1,-1
100,849,1388.63,478.86,32.38,89.34,0.9588,-1,-1,-1
100,844,1563.82,237.26,43.12,70.2,0.9537,-1,-1,-1
100,840,1666.66,357.96,30.64,77.73,0.9526,-1,-1,-1
100,846,1345.88,266.42,26.0,69.87,0.9492,-1,-1,-1
100,838,493.9,259.36,36.29,56.99,0.948,-1,-1,-1
100,839,519.68,231.57,20.56,64.91,0.938,-1,-1,-1
100,833,0.58,899.0,36.97,137.93,0.9348,-1,-1,-1
100,851,1530.07,518.72,36.43,103.48,0.8983,-1,-1,-1
100,848,1276.29,163.1,21.77,56.7,0.7372,-1,-1,-1
101,836,303.66,596.01,50.82,119.64,0.9789,-1,-1,-1
101,837,1041.69,879.6,50.27,142.87,0.9776,-1,-1,-1
101,834,956.54,626.02,48.28,111.71,0.9772,-1,-1,-1
101,841,972.04,454.95,46.75,92.29,0.9714,-1,-1,-1
101,842,1098.28,254.04,33.05,66.84,0.9618,-1,-1,-1
101,844,1563.14,236.06,43.53,70.76,0.9609,-1,-1,-1
101,843,557.22,480.53,34.25,101.87,0.9602,-1,-1,-1
101,849,1390.74,478.56,32.16,82.95,0.9601,-1,-1,-1
101,845,823.2,730.17,36.21,123.81,0.9558,-1,-1,-1
101,846,1345.9,267.32,25.51,70.09,0.9529,-1,-1,-1
101,840,1669.34,357.33,30.59,79.53,0.9524,-1,-1,-1
101,839,517.08,230.82,26.95,63.82,0.9503,-1,-1,-1
101,838,489.8,259.2,33.47,57.86,0.9492,-1,-1,-1
101,833,0.8,915.74,36.64,121.46,0.9248,-1,-1,-1
101,851,1534.32,518.5,35.71,104.18,0.9168,-1,-1,-1
101,848,1276.48,164.03,21.77,57.07,0.8859,-1,-1,-1
102,836,303.63,595.99,50.78,119.73,0.9789,-1,-1,-1
102,837,1041.71,879.58,50.2,142.89,0.9777,-1,-1,-1
102,834,956.52,625.99,48.35,111.76,0.9772,-1,-1,-1
102,841,972.04,454.92,46.72,92.27,0.9715,-1,-1,-1
102,842,1098.33,254.08,33.0,66.77,0.9617,-1,-1,-1
102,844,1563.15,236.07,43.53,70.78,0.961,-1,-1,-1
102,843,557.25,480.53,34.31,101.84,0.9603,-1,-1,-1
102,849,1390.81,478.56,32.08,82.92,0.9594,-1,-1,-1
102,845,823.18,730.11,36.18,123.9,0.9551,-1,-1,-1
102,846,1345.85,267.27,25.54,70.07,0.9531,-1,-1,-1
102,840,1669.37,357.11,30.57,79.76,0.9527,-1,-1,-1
102,839,517.17,230.84,26.8,63.8,0.9504,-1,-1,-1
102,838,489.69,259.19,33.63,58.01,0.9488,-1,-1,-1
102,851,1534.27,518.4,35.88,104.61,0.9252,-1,-1,-1
102,833,0.8,916.05,36.64,121.1,0.9244,-1,-1,-1
102,848,1276.44,164.0,21.8,57.06,0.887,-1,-1,-1
103,836,304.67,596.01,53.39,121.74,0.9792,-1,-1,-1
103,837,1045.97,878.44,50.14,145.38,0.9766,-1,-1,-1
103,834,958.75,626.08,52.58,109.38,0.9738,-1,-1,-1
103,845,823.86,728.32,43.58,126.42,0.9734,-1,-1,-1
103,841,980.39,455.36,44.17,92.83,0.9704,-1,-1,-1
103,842,1097.81,254.75,33.97,67.34,0.9599,-1,-1,-1
103,843,555.96,477.71,33.5,104.08,0.9594,-1,-1,-1
103,849,1392.71,479.09,33.24,81.0,0.9582,-1,-1,-1
103,844,1563.31,236.21,42.7,71.09,0.957,-1,-1,-1
103,846,1346.97,268.95,24.88,69.85,0.9547,-1,-1,-1
103,840,1671.14,354.51,30.69,83.35,0.9547,-1,-1,-1
103,839,511.45,230.63,36.14,64.08,0.953,-1,-1,-1
103,838,485.53,260.16,29.71,58.42,0.9498,-1,-1,-1
103,833,0.0,919.67,34.69,122.96,0.8706,-1,-1,-1
103,851,1539.61,513.75,35.79,105.12,0.8675,-1,-1,-1
103,848,1277.4,164.19,21.57,56.91,0.708,-1,-1,-1
104,837,1048.86,878.45,51.11,148.36,0.9792,-1,-1,-1
104,836,305.32,598.51,55.53,118.38,0.9763,-1,-1,-1
104,834,961.57,627.54,55.28,106.77,0.9743,-1,-1,-1
104,845,824.52,726.69,51.11,130.12,0.9731,-1,-1,-1
104,839,511.13,231.6,40.38,65.54,0.9646,-1,-1,-1
104,843,554.99,475.12,32.28,102.59,0.9616,-1,-1,-1
104,841,990.35,454.15,37.17,96.25,0.9611,-1,-1,-1
104,842,1099.69,255.27,33.2,67.54,0.9549,-1,-1,-1
104,846,1347.92,269.72,24.78,70.96,0.9531,-1,-1,-1
104,840,1674.46,353.62,29.85,84.79,0.952,-1,-1,-1
104,844,1564.69,236.96,41.12,69.32,0.9509,-1,-1,-1
104,849,1395.63,478.64,32.66,80.74,0.9492,-1,-1,-1
104,838,481.04,261.0,24.63,58.96,0.936,-1,-1,-1
104,851,1542.1,517.2,36.36,99.57,0.9172,-1,-1,-1
104,833,0.53,931.03,28.19,116.43,0.8218,-1,-1,-1
104,848,1277.97,164.81,21.09,56.51,0.4354,-1,-1,-1
105,834,968.17,630.06,55.31,104.3,0.9753,-1,-1,-1
105,837,1054.03,876.51,49.38,153.63,0.9727,-1,-1,-1
105,845,827.43,726.13,55.57,130.87,0.9723,-1,-1,-1
105,836,310.9,600.63,50.56,114.45,0.9709,-1,-1,-1
105,841,995.99,453.75,37.05,97.3,0.9648,-1,-1,-1
105,839,516.38,232.53,39.96,66.84,0.9631,-1,-1,-1
105,842,1101.37,255.69,33.15,67.88,0.9622,-1,-1,-1
105,843,554.47,475.73,31.83,99.62,0.9612,-1,-1,-1
105,846,1348.52,271.59,25.5,70.42,0.9501,-1,-1,-1
105,849,1397.31,479.33,34.12,81.96,0.948,-1,-1,-1
105,844,1568.65,238.01,37.03,68.19,0.9478,-1,-1,-1
105,851,1547.59,518.06,35.93,95.72,0.9471,-1,-1,-1
105,838,475.29,262.21,25.7,62.52,0.9293,-1,-1,-1
105,840,1676.79,354.35,30.69,85.33,0.8968,-1,-1,-1
105,833,0.76,935.49,17.89,113.25,0.6429,-1,-1,-1
105,848,1279.53,165.25,20.82,56.94,0.3699,-1,-1,-1
106,837,1056.66,880.03,50.22,152.05,0.9773,-1,-1,-1
106,836,316.8,603.7,45.55,108.53,0.9763,-1,-1,-1
106,834,975.03,632.3,56.58,104.53,0.9745,-1,-1,-1
106,845,831.18,726.25,64.69,130.07,0.9713,-1,-1,-1
106,843,553.78,477.02,31.01,94.37,0.9644,-1,-1,-1
106,851,1551.18,519.08,37.24,95.99,0.9592,-1,-1,-1
106,842,1105.18,255.75,30.55,67.9,0.9592,-1,-1,-1
106,849,1399.96,477.33,35.72,85.93,0.9583,-1,-1,-1
106,846,1349.07,273.41,26.74,70.14,0.9576,-1,-1,-1
106,839,523.62,232.59,38.24,66.92,0.9568,-1,-1,-1
106,841,1001.65,452.55,35.61,100.45,0.9516,-1,-1,-1
106,840,1679.73,351.79,30.72,89.43,0.9478,-1,-1,-1
106,844,1574.3,238.56,29.67,67.78,0.9442,-1,-1,-1
106,838,468.0,261.8,26.84,65.94,0.9212,-1,-1,-1
106,848,1280.73,166.43,20.97,55.34,0.7622,-1,-1,-1
106,833,0.19,957.66,18.29,98.61,0.6128,-1,-1,-1
107,845,836.53,727.14,67.39,122.81,0.9792,-1,-1,-1
107,837,1061.64,883.81,47.94,146.22,0.9772,-1,-1,-1
107,836,325.74,604.17,41.19,109.36,0.9749,-1,-1,-1
107,834,983.77,632.97,53.38,106.89,0.9693,-1,-1,-1
107,839,529.73,231.38,37.26,68.31,0.9663,-1,-1,-1
107,843,552.96,477.5,31.36,94.75,0.9651,-1,-1,-1
107,841,1006.49,451.93,36.44,99.65,0.9651,-1,-1,-1
107,842,1109.21,255.62,29.67,69.6,0.9621,-1,-1,-1
107,849,1403.33,474.66,36.11,89.27,0.9577,-1,-1,-1
107,846,1348.66,274.63,28.33,71.59,0.9543,-1,-1,-1
107,844,1574.06,239.58,30.05,68.54,0.9492,-1,-1,-1
107,840,1681.91,352.62,30.6,89.66,0.9458,-1,-1,-1
107,838,456.54,263.89,32.77,60.17,0.9402,-1,-1,-1
107,851,1555.96,521.33,36.61,96.62,0.9249,-1,-1,-1
107,848,1281.97,167.0,20.87,53.85,0.6713,-1,-1,-1
107,833,0.39,951.59,13.13,104.46,0.5849,-1,-1,-1
108,845,836.34,727.16,67.51,123.12,0.9793,-1,-1,-1
108,837,1061.69,883.84,47.89,146.19,0.9772,-1,-1,-1
108,836,325.72,604.17,41.3,109.36,0.9751,-1,-1,-1
108,834,983.77,632.94,53.31,106.88,0.9691,-1,-1,-1
108,839,529.67,231.39,37.31,68.32,0.9664,-1,-1,-1
108,843,552.92,477.46,31.37,94.84,0.9652,-1,-1,-1
108,841,1006.48,451.94,36.41,99.65,0.965,-1,-1,-1
108,842,1109.24,255.66,29.62,69.6,0.9622,-1,-1,-1
108,849,1403.54,474.15,35.96,90.21,0.9583,-1,-1,-1
108,846,1348.7,274.56,28.27,71.85,0.9548,-1,-1,-1
108,844,1574.03,239.57,30.09,68.54,0.949,-1,-1,-1
108,840,1681.91,352.67,30.74,89.61,0.946,-1,-1,-1
108,838,456.55,263.87,32.83,59.6,0.9418,-1,-1,-1
108,851,1556.02,521.51,36.5,96.31,0.9191,-1,-1,-1
108,848,1282.09,167.01,20.73,53.85,0.681,-1,-1,-1
108,833,0.39,951.39,13.23,104.71,0.5955,-1,-1,-1
109,837,1066.13,887.22,45.83,140.06,0.9786,-1,-1,-1
109,834,992.89,632.08,47.2,109.57,0.975,-1,-1,-1
109,845,843.18,729.31,63.76,120.5,0.9731,-1,-1,-1
109,841,1011.08,451.66,39.48,94.65,0.9721,-1,-1,-1
109,839,531.41,229.71,39.15,70.35,0.9704,-1,-1,-1
109,836,332.25,605.07,38.9,111.06,0.9689,-1,-1,-1
109,849,1407.22,472.1,37.17,92.28,0.963,-1,-1,-1
109,843,551.82,477.15,30.67,96.98,0.9629,-1,-1,-1
109,840,1683.29,354.46,31.95,89.2,0.9595,-1,-1,-1
109,846,1349.92,275.73,28.97,72.25,0.9569,-1,-1,-1
109,838,447.29,265.1,37.65,59.78,0.9569,-1,-1,-1
109,844,1575.09,238.51,29.74,69.99,0.9543,-1,-1,-1
109,842,1113.44,254.75,27.75,71.06,0.9538,-1,-1,-1
109,851,1561.49,517.18,37.69,102.84,0.9211,-1,-1,-1
109,848,1283.45,166.86,20.93,54.75,0.8999,-1,-1,-1
110,837,1070.8,888.62,44.79,140.1,0.9744,-1,-1,-1
110,834,1000.84,630.33,44.84,112.6,0.9743,-1,-1,-1
110,836,334.6,603.68,41.58,112.36,0.9733,-1,-1,-1
110,845,851.65,731.33,61.34,119.7,0.9725,-1,-1,-1
110,841,1014.86,452.49,41.34,89.76,0.9714,-1,-1,-1
110,839,533.67,228.64,40.98,70.45,0.9663,-1,-1,-1
110,840,1685.1,357.85,31.86,85.75,0.9606,-1,-1,-1
110,849,1410.39,471.68,37.59,90.77,0.9605,-1,-1,-1
110,843,550.58,475.42,30.2,99.57,0.9602,-1,-1,-1
110,844,1578.38,237.22,27.5,70.95,0.9567,-1,-1,-1
110,851,1566.47,515.74,37.58,106.93,0.9554,-1,-1,-1
110,842,1120.39,254.93,23.51,72.83,0.9517,-1,-1,-1
110,838,443.86,266.48,35.39,60.9,0.9492,-1,-1,-1
110,846,1355.39,276.86,24.77,72.42,0.9467,-1,-1,-1
110,848,1284.22,165.43,22.1,55.95,0.9119,-1,-1,-1
111,834,1005.97,628.11,45.44,116.55,0.9761,-1,-1,-1
111,836,333.87,602.44,46.12,115.32,0.9756,-1,-1,-1
111,837,1076.29,891.74,43.71,139.93,0.9732,-1,-1,-1
111,841,1021.58,453.39,39.42,90.88,0.9726,-1,-1,-1
111,845,863.95,733.25,59.66,120.28,0.9708,-1,-1,-1
111,839,535.91,227.82,41.65,67.79,0.9698,-1,-1,-1
111,851,1573.02,514.54,37.03,109.29,0.9656,-1,-1,-1
111,849,1414.62,470.34,38.17,88.75,0.9621,-1,-1,-1
111,844,1577.81,237.81,29.6,70.62,0.9575,-1,-1,-1
111,843,549.73,472.38,28.91,102.36,0.9545,-1,-1,-1
111,840,1686.5,358.57,32.57,84.88,0.9541,-1,-1,-1
111,846,1357.96,278.83,23.87,72.18,0.9517,-1,-1,-1
111,838,441.88,269.11,32.25,59.21,0.9515,-1,-1,-1
111,842,1127.79,255.06,19.34,72.76,0.944,-1,-1,-1
111,848,1285.79,165.11,22.04,56.9,0.9187,-1,-1,-1
112,839,539.87,226.87,44.29,67.09,0.9743,-1,-1,-1
112,834,1009.55,626.31,48.6,120.49,0.9731,-1,-1,-1
112,845,882.17,731.94,47.21,123.71,0.9727,-1,-1,-1
112,841,1028.39,454.83,34.55,91.55,0.9684,-1,-1,-1
112,837,1082.36,889.84,42.25,145.58,0.9647,-1,-1,-1
112,849,1418.83,470.49,38.64,84.22,0.9588,-1,-1,-1
112,846,1359.99,280.39,23.91,72.88,0.9523,-1,-1,-1
112,844,1577.76,239.53,31.07,68.64,0.9516,-1,-1,-1
112,843,549.32,469.53,27.49,105.61,0.9508,-1,-1,-1
112,840,1689.53,359.13,30.64,84.56,0.9506,-1,-1,-1
112,838,440.97,269.37,28.34,57.77,0.9442,-1,-1,-1
112,842,1131.46,255.36,18.79,72.93,0.94,-1,-1,-1
112,836,332.07,601.73,54.55,118.32,0.9384,-1,-1,-1
112,851,1578.78,513.81,35.26,110.67,0.9162,-1,-1,-1
112,848,1287.09,164.03,21.67,57.54,0.8995,-1,-1,-1
113,834,1012.68,626.55,51.13,118.1,0.9772,-1,-1,-1
113,837,1087.34,888.73,43.68,147.37,0.9765,-1,-1,-1
113,836,332.38,600.3,64.46,119.68,0.9742,-1,-1,-1
113,845,890.73,728.68,48.28,128.13,0.974,-1,-1,-1
113,839,546.45,227.45,42.87,67.12,0.9715,-1,-1,-1
113,841,1034.64,454.11,33.45,92.4,0.9659,-1,-1,-1
113,849,1422.31,470.32,38.67,80.92,0.9631,-1,-1,-1
113,840,1691.28,355.26,32.15,87.53,0.9594,-1,-1,-1
113,838,439.68,269.08,25.75,59.6,0.9532,-1,-1,-1
113,844,1579.05,238.51,33.41,69.35,0.9508,-1,-1,-1
113,846,1362.23,281.28,23.59,74.02,0.9453,-1,-1,-1
113,843,547.66,468.24,28.99,102.98,0.9439,-1,-1,-1
113,842,1134.95,257.37,19.67,71.61,0.9421,-1,-1,-1
113,851,1585.13,514.98,35.35,102.79,0.8937,-1,-1,-1
113,848,1289.26,163.12,21.3,58.29,0.8176,-1,-1,-1
114,834,1012.65,626.54,51.14,118.06,0.9771,-1,-1,-1
114,837,1087.31,888.73,43.68,147.34,0.9765,-1,-1,-1
114,836,332.42,600.11,64.28,119.75,0.9744,-1,-1,-1
114,845,890.71,728.54,48.3,128.29,0.974,-1,-1,-1
114,839,546.56,227.53,42.84,66.96,0.9713,-1,-1,-1
114,841,1034.64,454.08,33.37,92.49,0.9654,-1,-1,-1
114,849,1422.33,470.24,38.51,81.18,0.9628,-1,-1,-1
114,840,1691.27,355.28,32.04,87.49,0.9595,-1,-1,-1
114,838,439.66,269.11,25.77,59.63,0.9531,-1,-1,-1
114,844,1579.08,238.91,33.32,69.01,0.9474,-1,-1,-1
114,846,1362.22,281.29,23.59,73.99,0.9452,-1,-1,-1
114,843,547.68,468.26,28.97,102.84,0.9444,-1,-1,-1
114,842,1134.94,257.35,19.67,71.62,0.9425,-1,-1,-1
114,851,1585.05,515.36,35.5,102.91,0.8887,-1,-1,-1
114,848,1289.28,163.06,21.24,58.42,0.8281,-1,-1,-1
115,837,1090.0,888.64,46.38,147.13,0.9787,-1,-1,-1
115,836,334.31,600.39,66.43,116.39,0.9766,-1,-1,-1
115,834,1016.89,626.68,53.28,114.22,0.9751,-1,-1,-1
115,845,895.79,725.43,49.93,131.9,0.9746,-1,-1,-1
115,849,1425.49,469.62,41.17,81.05,0.9719,-1,-1,-1
115,839,555.73,227.74,38.09,67.39,0.9675,-1,-1,-1
115,841,1039.87,452.96,34.55,94.18,0.9654,-1,-1,-1
115,844,1581.37,239.04,32.8,68.2,0.9601,-1,-1,-1
115,840,1694.86,353.47,30.94,87.66,0.9566,-1,-1,-1
115,843,546.93,466.33,29.87,100.66,0.9551,-1,-1,-1
115,842,1136.39,258.05,23.68,70.77,0.9536,-1,-1,-1
115,846,1363.09,281.77,25.39,74.15,0.9499,-1,-1,-1
115,838,437.7,269.55,25.34,61.04,0.9448,-1,-1,-1
115,851,1590.75,520.82,33.63,91.21,0.8651,-1,-1,-1
115,848,1291.06,163.09,21.93,57.66,0.7294,-1,-1,-1
116,834,1026.1,627.89,49.42,109.04,0.9792,-1,-1,-1
116,836,338.56,601.09,64.14,110.25,0.9775,-1,-1,-1
116,837,1092.55,888.09,51.23,149.21,0.9768,-1,-1,-1
116,845,901.67,723.76,52.55,134.05,0.9744,-1,-1,-1
116,849,1430.66,468.1,38.67,84.47,0.9673,-1,-1,-1
116,844,1585.37,238.8,31.65,67.89,0.9653,-1,-1,-1
116,841,1046.24,449.81,34.53,97.22,0.963,-1,-1,-1
116,843,546.09,466.91,31.92,94.96,0.9594,-1,-1,-1
116,840,1697.91,352.32,32.79,85.87,0.9579,-1,-1,-1
116,842,1137.96,258.13,28.44,71.46,0.9555,-1,-1,-1
116,851,1594.85,511.76,37.1,96.94,0.9531,-1,-1,-1
116,839,566.02,227.01,34.11,67.83,0.9526,-1,-1,-1
116,846,1363.58,281.41,27.98,75.14,0.95,-1,-1,-1
116,838,435.09,269.12,26.71,62.06,0.946,-1,-1,-1
116,848,1293.54,161.96,22.66,58.03,0.7422,-1,-1,-1
117,836,346.14,601.95,62.32,109.03,0.978,-1,-1,-1
117,837,1096.73,888.79,54.41,148.75,0.9772,-1,-1,-1
117,834,1035.94,628.96,46.28,107.56,0.9752,-1,-1,-1
117,845,907.17,722.46,59.6,130.57,0.9732,-1,-1,-1
117,841,1052.75,446.73,34.8,100.45,0.9675,-1,-1,-1
117,844,1590.29,236.77,30.09,69.15,0.9631,-1,-1,-1
117,843,545.52,466.28,32.91,93.46,0.9616,-1,-1,-1
117,842,1140.56,257.59,30.55,71.99,0.9608,-1,-1,-1
117,839,576.56,224.29,30.14,69.43,0.9603,-1,-1,-1
117,840,1703.85,352.8,31.99,84.03,0.9527,-1,-1,-1
117,838,430.22,268.68,30.55,63.38,0.9483,-1,-1,-1
117,846,1366.53,281.15,28.58,75.54,0.948,-1,-1,-1
117,851,1600.98,511.68,36.15,99.96,0.9365,-1,-1,-1
117,849,1437.24,468.05,35.46,83.37,0.9302,-1,-1,-1
117,848,1297.02,160.1,22.77,61.35,0.7864,-1,-1,-1
118,836,357.44,601.5,58.33,110.48,0.9766,-1,-1,-1
118,845,916.11,721.11,59.56,125.09,0.9738,-1,-1,-1
118,837,1102.1,889.4,54.08,144.74,0.9734,-1,-1,-1
118,834,1047.06,628.87,40.22,109.54,0.9724,-1,-1,-1
118,839,579.3,222.88,34.45,69.73,0.968,-1,-1,-1
118,841,1058.54,442.59,36.28,102.45,0.966,-1,-1,-1
118,849,1444.0,460.74,35.18,91.09,0.966,-1,-1,-1
118,843,544.24,464.81,34.47,94.81,0.9656,-1,-1,-1
118,840,1707.66,349.25,33.53,85.86,0.964,-1,-1,-1
118,842,1143.84,256.67,31.24,71.57,0.9627,-1,-1,-1
118,844,1595.57,233.99,28.11,71.23,0.9593,-1,-1,-1
118,838,424.82,268.94,34.51,64.5,0.9565,-1,-1,-1
118,846,1369.96,280.75,29.17,75.24,0.9497,-1,-1,-1
118,851,1607.11,511.9,36.33,100.05,0.9413,-1,-1,-1
118,857,0.67,937.66,39.69,139.79,0.9299,-1,-1,-1
118,848,1300.94,159.54,21.61,60.78,0.9135,-1,-1,-1
119,837,1107.5,892.52,59.22,138.93,0.9792,-1,-1,-1
119,836,368.32,598.54,50.53,112.65,0.9755,-1,-1,-1
119,845,926.7,721.56,55.48,119.98,0.9751,-1,-1,-1
119,834,1055.96,626.96,39.4,111.05,0.9704,-1,-1,-1
119,839,582.23,220.14,39.16,70.53,0.9703,-1,-1,-1
119,841,1062.97,441.08,40.06,98.27,0.968,-1,-1,-1
119,843,543.86,462.18,34.01,96.61,0.9668,-1,-1,-1
119,842,1146.67,255.03,31.13,72.44,0.9602,-1,-1,-1
119,838,422.29,269.42,35.24,64.37,0.9595,-1,-1,-1
119,844,1600.34,231.54,27.54,73.04,0.9579,-1,-1,-1
119,840,1711.87,348.05,34.46,85.11,0.9578,-1,-1,-1
119,846,1373.88,280.39,29.68,74.99,0.9529,-1,-1,-1
119,849,1449.72,455.84,35.38,96.39,0.9523,-1,-1,-1
119,857,0.0,943.23,33.25,133.22,0.8831,-1,-1,-1
119,851,1614.05,528.39,32.01,83.16,0.8771,-1,-1,-1
119,848,1303.43,158.16,22.69,59.1,0.6369,-1,-1,-1
120,837,1107.65,892.63,58.95,138.79,0.9788,-1,-1,-1
120,836,368.32,598.54,50.72,112.69,0.9753,-1,-1,-1
120,845,926.7,721.59,55.5,119.97,0.9751,-1,-1,-1
120,834,1055.93,626.98,39.47,111.03,0.9705,-1,-1,-1
120,839,582.2,220.19,39.18,70.43,0.9701,-1,-1,-1
120,841,1063.01,441.04,39.95,98.39,0.9681,-1,-1,-1
120,843,543.86,462.19,33.98,96.58,0.9666,-1,-1,-1
120,842,1146.54,255.04,31.27,72.4,0.9606,-1,-1,-1
120,838,422.66,269.38,34.69,64.05,0.9596,-1,-1,-1
120,844,1600.18,231.53,27.71,73.08,0.9585,-1,-1,-1
120,840,1711.86,348.07,34.47,85.1,0.958,-1,-1,-1
120,846,1373.86,280.38,29.69,74.99,0.9528,-1,-1,-1
120,849,1449.73,455.81,35.37,96.55,0.9525,-1,-1,-1
120,857,0.0,942.9,33.43,133.55,0.8827,-1,-1,-1
120,851,1614.16,528.73,31.84,82.81,0.8754,-1,-1,-1
120,848,1303.45,158.16,22.64,59.05,0.6559,-1,-1,-1
121,836,376.14,594.87,49.27,116.79,0.9796,-1,-1,-1
121,845,940.87,721.22,50.04,122.29,0.9764,-1,-1,-1
121,837,1114.05,891.81,56.74,139.59,0.9748,-1,-1,-1
121,841,1068.67,440.59,39.46,93.93,0.9723,-1,-1,-1
121,839,585.6,218.69,43.66,67.45,0.971,-1,-1,-1
121,834,1063.72,623.72,38.34,113.68,0.9682,-1,-1,-1
121,843,543.56,457.26,34.5,101.25,0.9655,-1,-1,-1
121,838,423.06,270.29,33.34,62.97,0.9573,-1,-1,-1
121,842,1151.56,253.74,30.79,72.67,0.9566,-1,-1,-1
121,849,1453.87,455.37,35.72,93.32,0.9537,-1,-1,-1
121,846,1377.42,279.9,29.35,74.99,0.9505,-1,-1,-1
121,844,1604.61,229.64,27.25,74.14,0.9491,-1,-1,-1
121,840,1716.6,349.02,35.05,83.02,0.9481,-1,-1,-1
121,857,0.87,941.35,35.16,136.67,0.9161,-1,-1,-1
121,848,1307.04,157.01,23.15,59.92,0.8765,-1,-1,-1
121,851,1619.17,511.13,35.15,99.78,0.7287,-1,-1,-1
122,836,381.02,589.81,49.96,122.5,0.9758,-1,-1,-1
122,834,1068.27,622.83,41.14,114.66,0.9733,-1,-1,-1
122,845,956.31,719.9,42.43,124.54,0.9708,-1,-1,-1
122,837,1125.23,890.53,54.85,143.23,0.9707,-1,-1,-1
122,839,591.91,216.92,47.89,66.36,0.9689,-1,-1,-1
122,841,1075.04,440.37,36.36,90.64,0.9662,-1,-1,-1
122,843,543.59,453.22,33.59,103.15,0.9626,-1,-1,-1
122,846,1381.81,279.69,28.59,76.16,0.9559,-1,-1,-1
122,840,1721.69,350.38,35.33,81.44,0.9481,-1,-1,-1
122,842,1159.27,250.67,28.01,74.18,0.9478,-1,-1,-1
122,838,422.15,271.19,33.3,65.87,0.947,-1,-1,-1
122,857,0.6,941.84,37.54,136.66,0.943,-1,-1,-1
122,849,1460.33,453.6,34.29,89.3,0.9339,-1,-1,-1
122,844,1608.5,230.07,26.77,72.45,0.9108,-1,-1,-1
122,848,1309.81,155.38,23.93,60.91,0.8963,-1,-1,-1
122,851,1628.57,530.59,33.14,81.16,0.3491,-1,-1,-1
123,837,1133.07,888.35,55.54,147.25,0.9769,-1,-1,-1
123,834,1072.23,619.55,45.29,117.74,0.9769,-1,-1,-1
123,836,384.31,587.63,52.84,125.39,0.9734,-1,-1,-1
123,845,967.1,718.93,40.17,126.28,0.9698,-1,-1,-1
123,839,597.81,215.9,49.22,66.04,0.9683,-1,-1,-1
123,841,1080.9,439.86,36.2,91.14,0.9622,-1,-1,-1
123,843,543.6,449.87,32.28,103.69,0.9609,-1,-1,-1
123,844,1612.09,225.08,27.49,75.09,0.9536,-1,-1,-1
123,846,1386.28,280.12,29.02,76.76,0.953,-1,-1,-1
123,842,1166.18,249.61,25.67,73.97,0.9516,-1,-1,-1
123,840,1727.7,351.56,33.34,80.73,0.9472,-1,-1,-1
123,857,0.08,943.65,39.7,135.52,0.9433,-1,-1,-1
123,838,422.13,270.85,32.25,70.56,0.9415,-1,-1,-1
123,849,1463.9,453.51,35.78,83.0,0.9406,-1,-1,-1
123,848,1312.81,153.8,23.88,61.92,0.7181,-1,-1,-1
123,851,1633.55,513.56,34.36,90.88,0.5837,-1,-1,-1
124,834,1075.45,617.3,51.28,116.69,0.9782,-1,-1,-1
124,836,389.88,587.29,54.39,121.89,0.9753,-1,-1,-1
124,837,1139.43,886.9,54.11,149.46,0.9739,-1,-1,-1
124,845,972.76,716.15,43.34,128.03,0.9729,-1,-1,-1
124,839,606.03,215.58,44.26,67.55,0.9703,-1,-1,-1
124,841,1086.34,437.4,36.59,94.64,0.9627,-1,-1,-1
124,843,543.69,448.72,33.37,100.29,0.9609,-1,-1,-1
124,844,1613.81,224.71,29.09,74.22,0.9604,-1,-1,-1
124,840,1731.11,354.66,34.77,77.36,0.9556,-1,-1,-1
124,846,1390.38,279.92,28.1,78.37,0.9518,-1,-1,-1
124,857,0.27,944.84,39.59,133.72,0.95,-1,-1,-1
124,838,421.67,270.4,31.74,72.91,0.9464,-1,-1,-1
124,842,1174.3,248.0,22.4,73.26,0.9221,-1,-1,-1
124,849,1469.89,453.68,34.59,80.19,0.8809,-1,-1,-1
124,851,1636.81,496.5,35.92,107.94,0.8743,-1,-1,-1
124,848,1315.29,153.81,23.54,59.6,0.8151,-1,-1,-1
125,837,1145.17,884.55,53.59,151.8,0.9763,-1,-1,-1
125,845,976.59,712.9,48.44,131.93,0.9762,-1,-1,-1
125,836,394.12,586.23,53.96,118.35,0.9743,-1,-1,-1
125,834,1079.41,617.15,53.35,113.59,0.9716,-1,-1,-1
125,841,1090.61,434.08,37.76,98.28,0.9693,-1,-1,-1
125,846,1393.14,280.97,28.52,79.21,0.9632,-1,-1,-1
125,844,1614.72,224.71,30.82,74.23,0.9604,-1,-1,-1
125,839,615.94,214.84,40.84,68.46,0.9597,-1,-1,-1
125,838,422.12,270.1,30.74,74.6,0.9568,-1,-1,-1
125,843,543.02,448.19,33.22,97.16,0.9538,-1,-1,-1
125,849,1469.96,453.96,37.97,79.78,0.9345,-1,-1,-1
125,842,1179.5,247.71,21.75,74.09,0.9314,-1,-1,-1
125,840,1734.72,354.49,34.71,79.02,0.9311,-1,-1,-1
125,857,0.46,945.01,37.37,134.1,0.9177,-1,-1,-1
125,851,1643.27,496.7,35.22,101.17,0.904,-1,-1,-1
125,848,1317.46,152.67,23.67,58.91,0.4997,-1,-1,-1
126,837,1145.17,884.6,53.55,151.81,0.9762,-1,-1,-1
126,845,976.55,712.88,48.47,131.95,0.9761,-1,-1,-1
126,836,394.1,586.23,54.02,118.42,0.9743,-1,-1,-1
126,834,1079.41,617.19,53.35,113.54,0.9716,-1,-1,-1
126,841,1090.6,434.08,37.76,98.28,0.9693,-1,-1,-1
126,846,1393.15,280.97,28.52,79.19,0.9632,-1,-1,-1
126,839,615.94,214.86,40.8,68.43,0.9599,-1,-1,-1
126,844,1614.7,224.79,31.0,74.23,0.9599,-1,-1,-1
126,838,422.1,270.09,30.78,74.62,0.9568,-1,-1,-1
126,843,543.0,448.2,33.25,97.14,0.9543,-1,-1,-1
126,849,1469.95,453.92,37.98,79.83,0.9349,-1,-1,-1
126,842,1179.5,247.73,21.75,74.1,0.9341,-1,-1,-1
126,840,1734.73,354.56,34.69,78.95,0.9297,-1,-1,-1
126,857,0.48,944.99,37.14,134.02,0.9182,-1,-1,-1
126,851,1643.25,496.55,35.29,101.3,0.9067,-1,-1,-1
126,848,1317.45,152.66,23.67,58.9,0.4887,-1,-1,-1
127,836,401.14,588.23,50.38,113.77,0.979,-1,-1,-1
127,834,1084.69,618.52,53.79,111.87,0.9727,-1,-1,-1
127,837,1150.81,882.15,51.68,157.11,0.9666,-1,-1,-1
127,845,978.76,709.86,56.04,133.73,0.9643,-1,-1,-1
127,849,1473.13,447.9,37.72,86.01,0.9633,-1,-1,-1
127,844,1614.23,225.71,32.97,72.69,0.9599,-1,-1,-1
127,840,1737.1,354.88,36.12,79.15,0.9597,-1,-1,-1
127,841,1095.75,430.78,35.32,101.29,0.959,-1,-1,-1
127,838,423.12,270.77,29.12,75.3,0.9564,-1,-1,-1
127,843,541.27,447.06,33.66,93.92,0.9543,-1,-1,-1
127,846,1395.37,281.4,28.75,79.82,0.9534,-1,-1,-1
127,839,630.75,213.55,32.87,69.07,0.9501,-1,-1,-1
127,842,1183.83,246.79,20.86,74.68,0.9443,-1,-1,-1
127,857,0.0,947.18,34.68,130.24,0.9133,-1,-1,-1
127,851,1645.77,494.52,38.01,102.21,0.8996,-1,-1,-1
127,848,1319.2,150.55,23.41,61.54,0.6695,-1,-1,-1
128,836,408.26,588.93,50.43,113.43,0.9752,-1,-1,-1
128,834,1090.53,621.11,54.26,108.49,0.975,-1,-1,-1
128,845,981.49,709.81,67.8,130.9,0.9742,-1,-1,-1
128,837,1154.64,884.41,51.4,155.34,0.9705,-1,-1,-1
128,849,1478.96,446.54,36.93,89.04,0.9632,-1,-1,-1
128,844,1612.24,226.3,35.93,72.02,0.9623,-1,-1,-1
128,843,539.42,446.96,34.95,96.07,0.9571,-1,-1,-1
128,846,1396.21,282.38,30.24,80.66,0.9569,-1,-1,-1
128,840,1739.97,353.65,36.03,82.28,0.956,-1,-1,-1
128,838,420.46,273.09,32.17,73.85,0.9557,-1,-1,-1
128,857,0.0,950.37,40.17,124.52,0.9542,-1,-1,-1
128,841,1098.82,429.0,36.09,102.7,0.9535,-1,-1,-1
128,839,636.65,211.99,32.71,70.53,0.9487,-1,-1,-1
128,842,1186.82,248.47,22.6,74.89,0.9486,-1,-1,-1
128,851,1650.25,494.48,38.7,105.55,0.9235,-1,-1,-1
128,848,1320.12,150.48,22.92,61.94,0.4006,-1,-1,-1
129,834,1099.08,622.67,51.37,108.13,0.9773,-1,-1,-1
129,845,987.06,709.29,71.88,131.09,0.9768,-1,-1,-1
129,836,413.89,590.78,49.34,112.93,0.9766,-1,-1,-1
129,837,1158.12,886.34,52.77,150.3,0.9756,-1,-1,-1
129,839,639.83,210.47,35.61,71.8,0.9635,-1,-1,-1
129,841,1103.41,426.6,34.64,101.34,0.9631,-1,-1,-1
129,843,538.35,445.56,35.28,99.79,0.9609,-1,-1,-1
129,846,1398.3,285.04,30.51,80.48,0.9603,-1,-1,-1
129,840,1742.62,353.48,36.98,83.43,0.9592,-1,-1,-1
129,849,1482.38,444.21,37.2,92.62,0.9577,-1,-1,-1
129,844,1613.44,226.08,36.42,73.27,0.9572,-1,-1,-1
129,838,420.63,275.3,32.29,73.51,0.9559,-1,-1,-1
129,842,1189.65,250.02,27.13,72.65,0.9543,-1,-1,-1
129,857,0.5,952.63,42.13,122.6,0.929,-1,-1,-1
129,851,1655.54,497.13,35.95,102.43,0.8919,-1,-1,-1
129,848,1321.54,151.12,21.91,62.18,0.4668,-1,-1,-1
130,834,1106.91,621.71,48.79,111.92,0.9779,-1,-1,-1
130,845,992.98,711.27,71.53,126.84,0.9755,-1,-1,-1
130,837,1161.95,887.24,51.25,145.68,0.9721,-1,-1,-1
130,836,420.8,591.14,46.15,114.75,0.9711,-1,-1,-1
130,839,641.62,209.25,39.46,71.95,0.9697,-1,-1,-1
130,841,1106.96,427.89,33.71,95.92,0.9658,-1,-1,-1
130,838,419.3,277.14,33.12,72.45,0.9625,-1,-1,-1
130,842,1191.04,250.99,31.83,72.97,0.9619,-1,-1,-1
130,843,536.88,442.71,34.95,100.19,0.9585,-1,-1,-1
130,846,1399.95,287.3,31.12,78.67,0.9558,-1,-1,-1
130,844,1615.1,224.66,36.38,73.92,0.9552,-1,-1,-1
130,849,1485.84,442.94,37.1,94.91,0.9551,-1,-1,-1
130,840,1746.26,351.88,35.97,87.11,0.9416,-1,-1,-1
130,857,0.75,954.87,44.1,119.9,0.928,-1,-1,-1
130,851,1656.93,493.51,39.48,107.82,0.8919,-1,-1,-1
131,834,1115.37,620.8,44.84,113.18,0.9767,-1,-1,-1
131,837,1165.71,888.71,49.11,148.1,0.9755,-1,-1,-1
131,845,1002.1,713.91,68.46,125.23,0.9751,-1,-1,-1
131,839,644.05,208.64,44.94,70.63,0.9738,-1,-1,-1
131,836,426.71,588.32,43.92,118.36,0.9719,-1,-1,-1
131,844,1617.22,223.39,36.53,75.08,0.9661,-1,-1,-1
131,849,1488.65,442.78,37.96,92.58,0.966,-1,-1,-1
131,842,1191.25,252.47,37.8,71.58,0.9657,-1,-1,-1
131,838,419.13,278.55,32.63,72.46,0.9647,-1,-1,-1
131,840,1746.96,354.23,38.97,83.96,0.9639,-1,-1,-1
131,841,1109.8,427.61,33.5,92.64,0.9627,-1,-1,-1
131,846,1400.6,287.55,32.24,80.12,0.9513,-1,-1,-1
131,857,1.73,958.32,46.49,119.79,0.8722,-1,-1,-1
131,851,1662.94,490.67,38.69,111.9,0.8711,-1,-1,-1
131,843,536.24,439.3,32.88,104.94,0.84,-1,-1,-1
131,848,1323.33,150.66,22.48,63.11,0.3871,-1,-1,-1
132,834,1115.36,620.82,44.82,113.17,0.9767,-1,-1,-1
132,837,1165.68,888.72,49.1,148.25,0.9756,-1,-1,-1
132,845,1002.17,713.82,68.53,125.35,0.9752,-1,-1,-1
132,839,644.05,208.65,44.97,70.63,0.9736,-1,-1,-1
132,836,426.73,588.3,44.02,118.4,0.9719,-1,-1,-1
132,844,1617.21,223.38,36.54,75.17,0.9661,-1,-1,-1
132,849,1488.64,442.72,37.85,92.72,0.9657,-1,-1,-1
132,842,1191.26,252.42,37.84,71.69,0.9656,-1,-1,-1
132,838,419.19,278.55,32.58,72.43,0.9648,-1,-1,-1
132,840,1746.94,354.24,38.85,83.97,0.9639,-1,-1,-1
132,841,1109.82,427.58,33.48,92.7,0.9627,-1,-1,-1
132,846,1400.57,287.4,32.27,80.26,0.9512,-1,-1,-1
132,857,1.81,958.42,46.35,119.6,0.8735,-1,-1,-1
132,843,536.21,439.29,32.89,104.81,0.8593,-1,-1,-1
132,851,1662.71,490.62,39.14,112.12,0.8428,-1,-1,-1
132,858,0.29,642.91,11.23,63.54,0.7403,-1,-1,-1
132,848,1323.33,150.68,22.45,63.08,0.3999,-1,-1,-1
133,834,1120.87,617.42,46.29,117.91,0.9779,-1,-1,-1
133,837,1169.46,890.13,48.05,146.41,0.9763,-1,-1,-1
133,845,1014.24,714.44,64.09,128.21,0.9756,-1,-1,-1
133,836,431.49,588.77,45.74,119.87,0.9723,-1,-1,-1
133,839,650.47,208.05,46.84,70.36,0.9698,-1,-1,-1
133,849,1490.28,442.58,41.56,90.54,0.9682,-1,-1,-1
133,840,1750.75,354.44,39.03,84.5,0.9674,-1,-1,-1
133,842,1192.76,253.42,39.67,72.92,0.9655,-1,-1,-1
133,844,1620.08,223.13,35.62,74.25,0.9637,-1,-1,-1
133,841,1112.5,428.18,33.18,91.83,0.9606,-1,-1,-1
133,838,421.55,279.2,30.15,76.8,0.9586,-1,-1,-1
133,846,1404.06,287.98,31.84,80.76,0.955,-1,-1,-1
133,843,534.64,436.02,33.52,104.67,0.9345,-1,-1,-1
133,851,1668.66,488.72,36.41,111.1,0.9339,-1,-1,-1
133,857,4.92,962.19,43.39,112.25,0.7736,-1,-1,-1
133,858,0.48,643.79,22.63,58.03,0.601,-1,-1,-1
134,834,1124.12,615.12,48.45,121.08,0.9784,-1,-1,-1
134,842,1193.73,254.46,40.33,72.49,0.9722,-1,-1,-1
134,837,1173.38,891.17,47.32,145.85,0.9719,-1,-1,-1
134,839,655.95,209.34,46.74,70.79,0.9718,-1,-1,-1
134,836,431.27,586.54,54.12,121.72,0.9707,-1,-1,-1
134,849,1490.89,443.19,44.56,86.47,0.9691,-1,-1,-1
134,841,1114.33,428.74,34.71,92.94,0.9659,-1,-1,-1
134,840,1754.39,353.63,38.06,86.71,0.9654,-1,-1,-1
134,845,1030.23,712.94,55.57,131.35,0.9645,-1,-1,-1
134,844,1625.54,222.86,32.12,74.58,0.9603,-1,-1,-1
134,838,422.99,281.03,28.4,81.2,0.9554,-1,-1,-1
134,846,1409.85,289.37,28.54,80.14,0.9499,-1,-1,-1
134,843,532.3,436.74,33.46,102.54,0.9442,-1,-1,-1
134,858,0.51,631.09,30.31,71.25,0.9026,-1,-1,-1
134,851,1671.65,486.26,36.4,111.18,0.8145,-1,-1,-1
134,857,5.88,966.01,42.72,108.64,0.5093,-1,-1,-1
134,848,1324.84,151.17,23.36,64.22,0.4921,-1,-1,-1
135,845,1039.27,710.76,49.43,133.57,0.9757,-1,-1,-1
135,836,431.43,585.67,61.57,117.69,0.9751,-1,-1,-1
135,834,1127.62,613.86,51.65,122.63,0.9745,-1,-1,-1
135,842,1196.29,255.65,38.28,72.52,0.9712,-1,-1,-1
135,837,1179.03,888.06,46.2,151.64,0.9711,-1,-1,-1
135,849,1492.8,444.11,46.36,83.13,0.9708,-1,-1,-1
135,839,666.38,211.14,38.57,70.58,0.9668,-1,-1,-1
135,841,1116.45,429.72,34.33,92.63,0.9616,-1,-1,-1
135,843,530.2,436.93,34.39,99.75,0.9558,-1,-1,-1
135,844,1631.05,224.3,28.26,73.18,0.9545,-1,-1,-1
135,846,1414.01,289.43,26.36,80.76,0.9485,-1,-1,-1
135,838,423.36,282.69,27.97,82.94,0.9458,-1,-1,-1
135,840,1758.21,351.76,36.83,88.16,0.9389,-1,-1,-1
135,858,0.18,612.93,33.32,89.89,0.9133,-1,-1,-1
135,857,9.94,964.86,41.12,113.2,0.9074,-1,-1,-1
135,851,1674.88,489.92,36.69,106.52,0.7217,-1,-1,-1
135,848,1327.09,154.13,22.52,61.46,0.2704,-1,-1,-1
136,845,1046.41,705.91,49.33,137.9,0.9744,-1,-1,-1
136,837,1181.77,887.67,46.56,151.5,0.9742,-1,-1,-1
136,836,437.55,584.38,56.38,114.71,0.9739,-1,-1,-1
136,834,1130.01,613.79,53.1,118.86,0.9733,-1,-1,-1
136,849,1495.62,444.53,46.43,81.94,0.9723,-1,-1,-1
136,841,1118.99,426.49,34.23,97.02,0.9688,-1,-1,-1
136,842,1201.5,254.8,34.19,73.12,0.9652,-1,-1,-1
136,844,1633.24,225.67,27.84,71.81,0.961,-1,-1,-1
136,843,527.46,437.94,36.48,95.57,0.96,-1,-1,-1
136,840,1763.97,351.61,34.58,88.12,0.9529,-1,-1,-1
136,839,677.91,211.62,31.88,70.81,0.9513,-1,-1,-1
136,838,423.11,285.57,28.08,73.41,0.9507,-1,-1,-1
136,846,1418.45,290.35,24.23,81.03,0.9486,-1,-1,-1
136,848,1327.56,153.87,22.82,62.84,0.9242,-1,-1,-1
136,858,0.71,598.79,31.18,106.2,0.9191,-1,-1,-1
136,851,1678.44,489.22,36.56,105.43,0.8871,-1,-1,-1
136,857,15.22,969.3,36.38,110.1,0.8136,-1,-1,-1
137,837,1184.98,887.65,48.79,151.5,0.9775,-1,-1,-1
137,836,442.71,584.62,50.1,107.55,0.9757,-1,-1,-1
137,834,1134.85,615.5,53.96,112.74,0.9722,-1,-1,-1
137,845,1054.07,703.47,48.87,140.56,0.9717,-1,-1,-1
137,849,1500.14,443.79,44.37,83.66,0.9715,-1,-1,-1
137,841,1120.57,423.24,34.23,99.61,0.9662,-1,-1,-1
137,843,525.44,437.56,39.05,96.87,0.9656,-1,-1,-1
137,844,1636.46,225.93,27.67,71.83,0.9595,-1,-1,-1
137,842,1208.38,253.78,28.91,74.25,0.9583,-1,-1,-1
137,840,1770.13,350.1,32.67,88.84,0.9554,-1,-1,-1
137,838,422.38,287.65,28.26,72.12,0.9518,-1,-1,-1
137,846,1422.45,290.92,22.91,80.62,0.9458,-1,-1,-1
137,858,0.46,599.34,28.73,106.12,0.9372,-1,-1,-1
137,848,1328.82,153.97,22.72,62.62,0.9225,-1,-1,-1
137,839,689.0,210.88,25.97,71.12,0.8978,-1,-1,-1
137,851,1680.77,498.48,37.08,91.02,0.6346,-1,-1,-1
137,857,16.99,971.3,38.62,108.47,0.4253,-1,-1,-1
138,837,1184.89,887.65,48.91,151.52,0.9774,-1,-1,-1
138,836,442.66,584.62,50.2,107.61,0.9756,-1,-1,-1
138,834,1134.8,615.51,54.08,112.82,0.9722,-1,-1,-1
138,845,1054.14,703.6,48.76,140.41,0.9717,-1,-1,-1
138,849,1500.16,443.77,44.37,83.7,0.9714,-1,-1,-1
138,843,525.37,437.57,39.15,96.84,0.9659,-1,-1,-1
138,841,1120.52,423.19,34.34,99.69,0.9657,-1,-1,-1
138,844,1636.47,225.97,27.67,71.81,0.9596,-1,-1,-1
138,842,1208.34,253.78,28.93,74.23,0.9586,-1,-1,-1
138,840,1770.11,350.16,32.71,88.83,0.9553,-1,-1,-1
138,838,422.35,287.64,28.29,72.11,0.9517,-1,-1,-1
138,846,1422.47,290.93,22.91,80.58,0.9461,-1,-1,-1
138,858,0.44,599.26,28.74,106.22,0.9372,-1,-1,-1
138,848,1328.82,153.96,22.72,62.6,0.9193,-1,-1,-1
138,839,689.04,210.89,25.94,71.13,0.914,-1,-1,-1
138,851,1680.76,498.24,37.06,91.28,0.6569,-1,-1,-1
138,857,17.04,971.21,38.59,108.66,0.4295,-1,-1,-1
139,836,449.58,583.11,43.14,110.13,0.9753,-1,-1,-1
139,837,1188.5,887.6,49.56,154.02,0.975,-1,-1,-1
139,834,1142.94,617.83,48.75,108.97,0.9748,-1,-1,-1
139,845,1058.74,703.24,53.75,136.66,0.9734,-1,-1,-1
139,849,1507.07,440.29,39.83,88.06,0.9706,-1,-1,-1
139,843,522.29,435.15,40.06,99.59,0.9673,-1,-1,-1
139,844,1637.91,226.66,29.54,71.36,0.9631,-1,-1,-1
139,841,1123.31,419.93,33.65,103.06,0.9579,-1,-1,-1
139,839,691.0,208.98,30.78,73.16,0.9577,-1,-1,-1
139,838,421.31,289.83,28.61,70.91,0.9549,-1,-1,-1
139,842,1215.76,252.22,23.19,76.73,0.953,-1,-1,-1
139,846,1425.3,291.61,24.69,80.37,0.9522,-1,-1,-1
139,840,1775.36,350.32,30.97,88.56,0.9478,-1,-1,-1
139,858,0.37,593.98,26.08,112.62,0.9443,-1,-1,-1
139,848,1329.6,153.82,22.75,62.12,0.9011,-1,-1,-1
139,851,1682.83,499.83,38.19,91.46,0.7268,-1,-1,-1
139,857,17.93,972.07,36.94,107.17,0.4955,-1,-1,-1
140,837,1189.7,887.64,51.34,156.25,0.9776,-1,-1,-1
140,836,450.5,579.9,46.1,113.87,0.977,-1,-1,-1
140,845,1064.31,703.12,54.39,131.84,0.9724,-1,-1,-1
140,834,1152.48,618.04,43.1,110.68,0.9719,-1,-1,-1
140,843,519.69,433.15,39.62,100.72,0.9688,-1,-1,-1
140,839,691.67,208.08,36.49,73.43,0.9686,-1,-1,-1
140,841,1124.78,416.96,34.11,101.48,0.9624,-1,-1,-1
140,846,1427.8,292.27,26.89,81.23,0.959,-1,-1,-1
140,838,419.07,290.92,29.75,69.97,0.958,-1,-1,-1
140,840,1781.51,351.99,27.56,86.6,0.9497,-1,-1,-1
140,844,1640.49,226.19,29.84,72.39,0.9496,-1,-1,-1
140,842,1222.42,252.37,20.03,76.35,0.9412,-1,-1,-1
140,849,1514.08,442.82,33.95,84.93,0.9334,-1,-1,-1
140,858,0.0,589.49,24.81,119.8,0.9316,-1,-1,-1
140,848,1331.03,153.7,22.52,61.43,0.852,-1,-1,-1
141,837,1192.45,891.21,52.5,147.95,0.9781,-1,-1,-1
141,836,448.57,575.61,50.74,119.34,0.9777,-1,-1,-1
141,845,1069.87,704.25,53.98,125.69,0.9729,-1,-1,-1
141,839,693.52,207.08,42.24,71.88,0.9711,-1,-1,-1
141,834,1159.7,616.92,40.32,113.63,0.9706,-1,-1,-1
141,843,516.19,430.77,42.16,103.14,0.9682,-1,-1,-1
141,846,1427.62,292.54,30.22,82.0,0.9661,-1,-1,-1
141,841,1126.02,415.74,34.66,99.65,0.9656,-1,-1,-1
141,838,416.75,291.38,31.2,72.37,0.9575,-1,-1,-1
141,844,1641.92,226.02,30.46,72.71,0.9535,-1,-1,-1
141,840,1783.78,352.69,28.8,86.89,0.9498,-1,-1,-1
141,842,1225.01,251.45,21.09,77.16,0.9494,-1,-1,-1
141,849,1517.95,440.6,31.96,88.31,0.928,-1,-1,-1
141,858,0.0,585.83,23.65,122.42,0.864,-1,-1,-1
141,848,1330.69,153.38,23.1,61.3,0.834,-1,-1,-1
141,851,1688.36,488.49,37.42,107.95,0.4692,-1,-1,-1
142,845,1074.63,704.91,52.71,128.0,0.9747,-1,-1,-1
142,834,1164.95,614.96,39.49,114.54,0.9735,-1,-1,-1
142,837,1197.61,890.89,52.71,148.44,0.9734,-1,-1,-1
142,843,512.53,428.3,42.73,104.61,0.9722,-1,-1,-1
142,836,451.82,571.14,52.09,123.84,0.9707,-1,-1,-1
142,839,695.97,206.33,50.37,69.87,0.9656,-1,-1,-1
142,846,1426.96,293.43,34.2,81.36,0.9655,-1,-1,-1
142,841,1127.32,416.81,35.46,94.26,0.9636,-1,-1,-1
142,844,1641.26,225.27,32.94,73.63,0.9611,-1,-1,-1
142,838,413.99,291.6,33.78,74.86,0.9604,-1,-1,-1
142,842,1226.92,253.24,25.31,75.54,0.9579,-1,-1,-1
142,840,1786.1,353.22,28.51,86.94,0.9395,-1,-1,-1
142,851,1689.81,484.98,38.16,109.42,0.9281,-1,-1,-1
142,858,0.0,581.63,24.9,128.1,0.9207,-1,-1,-1
142,849,1521.1,440.14,30.55,87.12,0.8848,-1,-1,-1
142,848,1330.84,152.39,23.19,62.39,0.8752,-1,-1,-1
143,837,1200.81,891.39,53.47,147.84,0.9751,-1,-1,-1
143,834,1165.67,612.74,43.73,118.73,0.9733,-1,-1,-1
143,836,453.61,568.29,52.13,123.02,0.9711,-1,-1,-1
143,843,509.76,426.78,41.87,103.45,0.9684,-1,-1,-1
143,845,1080.4,705.58,54.99,130.24,0.9683,-1,-1,-1
143,839,699.02,206.6,52.99,69.51,0.9669,-1,-1,-1
143,842,1228.35,254.07,29.84,75.15,0.9665,-1,-1,-1
143,838,411.42,292.66,36.06,76.19,0.9661,-1,-1,-1
143,846,1427.07,294.3,36.08,81.85,0.966,-1,-1,-1
143,844,1642.05,225.21,34.55,73.69,0.9645,-1,-1,-1
143,841,1127.91,416.83,36.87,93.41,0.9632,-1,-1,-1
143,858,0.15,580.61,37.08,129.51,0.962,-1,-1,-1
143,840,1787.99,353.65,29.47,87.52,0.9514,-1,-1,-1
143,849,1520.59,435.68,33.56,90.74,0.8853,-1,-1,-1
143,848,1331.58,152.68,22.34,61.72,0.8553,-1,-1,-1
143,851,1693.78,486.24,35.19,103.65,0.4178,-1,-1,-1
144,837,1200.81,891.37,53.47,147.88,0.9751,-1,-1,-1
144,834,1165.7,612.79,43.83,118.73,0.9731,-1,-1,-1
144,836,453.61,568.29,52.12,122.99,0.9711,-1,-1,-1
144,843,509.71,426.77,41.86,103.44,0.9682,-1,-1,-1
144,845,1080.39,705.56,55.03,130.23,0.9678,-1,-1,-1
144,839,698.99,206.62,52.99,69.53,0.9669,-1,-1,-1
144,842,1228.36,253.95,29.81,75.32,0.9662,-1,-1,-1
144,838,411.49,292.66,35.9,76.25,0.966,-1,-1,-1
144,846,1427.07,294.29,36.14,81.9,0.9659,-1,-1,-1
144,844,1642.03,225.17,34.52,73.76,0.9645,-1,-1,-1
144,841,1127.91,416.85,36.8,93.41,0.963,-1,-1,-1
144,858,0.12,580.69,37.23,129.3,0.9629,-1,-1,-1
144,840,1788.02,353.65,29.44,87.47,0.9511,-1,-1,-1
144,848,1331.54,152.7,22.38,61.73,0.8575,-1,-1,-1
144,849,1520.01,435.87,34.26,90.75,0.8515,-1,-1,-1
144,851,1693.63,486.16,35.37,104.06,0.3761,-1,-1,-1
145,837,1204.12,892.24,53.47,148.94,0.9759,-1,-1,-1
145,834,1166.56,610.52,49.05,120.69,0.9732,-1,-1,-1
145,836,455.77,567.13,52.5,119.27,0.9728,-1,-1,-1
145,845,1085.04,705.05,56.71,131.13,0.9701,-1,-1,-1
145,846,1426.63,294.38,38.92,83.03,0.97,-1,-1,-1
145,841,1130.37,417.3,35.06,93.26,0.9697,-1,-1,-1
145,839,701.86,207.32,53.02,71.75,0.9696,-1,-1,-1
145,843,506.61,427.64,41.04,100.38,0.9673,-1,-1,-1
145,858,0.0,579.35,41.49,129.47,0.9669,-1,-1,-1
145,842,1228.8,256.43,34.65,73.88,0.9659,-1,-1,-1
145,838,410.72,294.4,37.31,77.35,0.9646,-1,-1,-1
145,844,1643.65,226.16,34.79,72.45,0.9613,-1,-1,-1
145,840,1789.2,353.98,32.15,89.39,0.9559,-1,-1,-1
145,851,1693.49,481.39,38.52,103.58,0.9305,-1,-1,-1
145,849,1520.59,436.87,36.17,89.16,0.918,-1,-1,-1
145,848,1331.81,152.44,22.26,61.96,0.8486,-1,-1,-1
146,837,1205.71,889.88,54.39,153.75,0.9754,-1,-1,-1
146,836,457.71,567.91,50.96,109.73,0.9743,-1,-1,-1
146,834,1167.97,611.95,54.05,116.48,0.9718,-1,-1,-1
146,846,1427.14,295.17,40.51,83.59,0.9714,-1,-1,-1
146,841,1131.26,415.88,35.31,95.07,0.9702,-1,-1,-1
146,843,502.85,428.51,43.0,96.15,0.97,-1,-1,-1
146,858,0.0,580.05,42.71,126.19,0.9693,-1,-1,-1
146,845,1089.45,703.03,53.03,133.36,0.9682,-1,-1,-1
146,842,1229.42,259.26,39.25,71.68,0.9674,-1,-1,-1
146,839,710.31,208.64,43.08,72.4,0.967,-1,-1,-1
146,838,410.54,296.92,37.96,78.06,0.9622,-1,-1,-1
146,844,1646.81,225.38,33.41,72.82,0.9617,-1,-1,-1
146,840,1790.02,356.28,34.55,86.98,0.9571,-1,-1,-1
146,849,1520.02,437.12,39.58,87.68,0.9467,-1,-1,-1
146,851,1695.11,479.81,38.73,107.53,0.9059,-1,-1,-1
146,848,1331.83,152.25,22.56,62.03,0.7846,-1,-1,-1
147,837,1206.69,888.41,55.62,156.36,0.9746,-1,-1,-1
147,836,460.54,567.34,48.04,105.73,0.9746,-1,-1,-1
147,845,1093.79,700.35,49.62,136.36,0.972,-1,-1,-1
147,842,1229.24,260.31,41.58,71.0,0.9698,-1,-1,-1
147,858,0.0,580.68,43.82,121.34,0.9698,-1,-1,-1
147,834,1168.82,613.15,60.24,113.52,0.9694,-1,-1,-1
147,843,499.68,429.73,43.6,93.22,0.9694,-1,-1,-1
147,846,1429.49,295.98,39.98,82.14,0.9683,-1,-1,-1
147,839,718.52,207.33,38.12,73.97,0.9669,-1,-1,-1
147,841,1132.57,412.41,34.8,98.6,0.9662,-1,-1,-1
147,849,1520.09,437.15,40.99,85.16,0.964,-1,-1,-1
147,838,411.18,299.5,37.47,76.96,0.9588,-1,-1,-1
147,840,1791.42,358.11,36.18,85.88,0.958,-1,-1,-1
147,844,1651.37,224.26,32.22,74.07,0.9531,-1,-1,-1
147,851,1697.86,481.22,38.36,104.86,0.8136,-1,-1,-1
147,848,1330.79,152.48,24.33,61.71,0.6653,-1,-1,-1
148,837,1208.29,887.24,55.16,157.21,0.9751,-1,-1,-1
148,836,465.07,565.48,43.49,108.16,0.9748,-1,-1,-1
148,845,1097.7,697.86,56.14,138.61,0.9733,-1,-1,-1
148,834,1173.32,612.85,60.88,112.96,0.9733,-1,-1,-1
148,842,1227.58,260.33,45.45,71.62,0.9721,-1,-1,-1
148,843,496.42,427.62,40.65,94.79,0.97,-1,-1,-1
148,838,410.36,301.92,38.28,73.86,0.9697,-1,-1,-1
148,849,1523.0,435.98,39.42,85.56,0.9655,-1,-1,-1
148,858,0.0,582.53,41.13,117.92,0.9655,-1,-1,-1
148,840,1791.63,356.3,38.21,87.79,0.9619,-1,-1,-1
148,841,1133.36,408.31,33.21,102.6,0.9619,-1,-1,-1
148,846,1433.54,295.03,37.51,83.41,0.9606,-1,-1,-1
148,844,1655.86,221.72,29.44,76.26,0.9556,-1,-1,-1
148,839,730.67,206.83,30.93,73.1,0.9464,-1,-1,-1
148,851,1698.22,478.97,38.6,101.65,0.9022,-1,-1,-1
148,848,1329.82,152.84,24.87,60.6,0.7461,-1,-1,-1
149,837,1209.86,886.77,54.77,160.18,0.977,-1,-1,-1
149,845,1100.04,693.64,64.82,138.58,0.9766,-1,-1,-1
149,836,468.59,562.27,40.97,112.57,0.9738,-1,-1,-1
149,834,1179.92,612.88,58.39,113.65,0.9734,-1,-1,-1
149,842,1226.87,260.22,46.28,72.12,0.9724,-1,-1,-1
149,843,493.23,425.01,40.63,96.15,0.9706,-1,-1,-1
149,838,412.75,302.8,36.58,72.8,0.9655,-1,-1,-1
149,840,1792.37,354.77,39.01,89.33,0.9643,-1,-1,-1
149,846,1439.75,294.3,32.51,83.52,0.963,-1,-1,-1
149,849,1525.65,434.28,37.95,86.78,0.9625,-1,-1,-1
149,858,0.0,582.2,36.52,115.9,0.9604,-1,-1,-1
149,839,735.03,204.78,31.79,74.99,0.9564,-1,-1,-1
149,841,1134.79,405.38,31.25,103.86,0.9558,-1,-1,-1
149,844,1660.33,219.22,27.86,77.25,0.954,-1,-1,-1
149,851,1700.62,479.19,38.09,101.3,0.9256,-1,-1,-1
150,837,1209.83,886.76,54.85,160.18,0.977,-1,-1,-1
150,845,1100.08,693.69,64.86,138.53,0.9766,-1,-1,-1
150,836,468.58,562.27,41.02,112.54,0.974,-1,-1,-1
150,834,1179.87,612.84,58.4,113.75,0.9734,-1,-1,-1
150,842,1226.91,260.25,46.3,72.07,0.9728,-1,-1,-1
150,843,493.27,425.02,40.53,96.1,0.9706,-1,-1,-1
150,838,412.78,302.8,36.56,72.8,0.9653,-1,-1,-1
150,840,1792.31,354.44,39.12,89.79,0.965,-1,-1,-1
150,849,1525.5,434.25,38.14,86.84,0.9632,-1,-1,-1
150,846,1439.77,294.27,32.51,83.56,0.9629,-1,-1,-1
150,858,0.0,582.31,36.59,115.75,0.9605,-1,-1,-1
150,839,735.13,204.77,31.67,74.96,0.9564,-1,-1,-1
150,841,1134.81,405.42,31.25,103.78,0.956,-1,-1,-1
150,844,1660.34,219.15,27.86,77.33,0.9541,-1,-1,-1
150,851,1700.54,479.21,38.18,101.3,0.9282,-1,-1,-1
151,845,1104.21,692.27,63.12,133.14,0.9763,-1,-1,-1
151,837,1211.51,888.31,55.02,158.48,0.9762,-1,-1,-1
151,834,1187.93,613.41,56.26,112.75,0.9727,-1,-1,-1
151,842,1226.63,259.72,46.36,72.36,0.971,-1,-1,-1
151,836,472.95,557.95,39.6,115.92,0.9703,-1,-1,-1
151,843,490.92,422.04,37.78,98.14,0.9669,-1,-1,-1
151,838,412.23,302.41,40.07,73.74,0.9662,-1,-1,-1
151,858,0.0,580.58,36.46,116.4,0.9619,-1,-1,-1
151,849,1528.43,431.93,37.49,88.48,0.9602,-1,-1,-1
151,839,737.01,203.03,34.18,75.2,0.9586,-1,-1,-1
151,846,1443.06,294.65,31.25,82.28,0.9566,-1,-1,-1
151,840,1793.23,355.66,39.78,89.3,0.9564,-1,-1,-1
151,844,1661.36,217.79,29.5,77.95,0.954,-1,-1,-1
151,841,1137.18,403.57,29.8,101.24,0.9443,-1,-1,-1
151,851,1704.09,478.01,35.91,102.4,0.7097,-1,-1,-1
151,848,1326.56,155.29,28.48,57.85,0.7053,-1,-1,-1
152,837,1213.97,889.26,55.65,154.24,0.9755,-1,-1,-1
152,834,1198.03,610.66,49.33,113.75,0.9745,-1,-1,-1
152,845,1107.07,691.92,63.14,127.1,0.9734,-1,-1,-1
152,842,1228.69,258.82,46.64,73.49,0.9714,-1,-1,-1
152,838,412.76,301.6,42.89,77.54,0.9688,-1,-1,-1
152,858,0.08,576.74,38.06,119.97,0.9666,-1,-1,-1
152,839,738.62,201.78,37.92,75.02,0.9643,-1,-1,-1
152,849,1531.35,429.81,36.26,88.99,0.9636,-1,-1,-1
152,840,1796.52,353.99,38.8,89.42,0.9631,-1,-1,-1
152,836,478.09,551.86,37.31,121.36,0.963,-1,-1,-1
152,843,488.67,418.19,36.44,102.17,0.9611,-1,-1,-1
152,846,1447.28,294.57,29.98,82.94,0.9568,-1,-1,-1
152,841,1138.15,402.64,31.63,97.94,0.9549,-1,-1,-1
152,844,1664.87,217.26,30.47,77.74,0.9539,-1,-1,-1
152,848,1327.14,157.3,30.36,55.19,0.8711,-1,-1,-1
152,851,1706.31,475.39,36.48,105.38,0.7125,-1,-1,-1
153,834,1206.89,606.85,45.8,117.15,0.9772,-1,-1,-1
153,837,1216.53,889.06,54.62,149.38,0.9759,-1,-1,-1
153,845,1110.86,691.21,61.78,126.65,0.9756,-1,-1,-1
153,838,414.47,301.97,44.9,79.59,0.9731,-1,-1,-1
153,842,1236.0,257.3,42.66,74.53,0.9699,-1,-1,-1
153,839,741.48,199.51,49.05,74.33,0.9678,-1,-1,-1
153,836,478.11,547.1,41.08,125.98,0.9676,-1,-1,-1
153,858,0.0,573.05,41.6,123.77,0.967,-1,-1,-1
153,849,1533.78,427.55,36.71,91.1,0.9636,-1,-1,-1
153,840,1803.09,352.28,36.49,90.97,0.9597,-1,-1,-1
153,846,1451.87,294.2,28.12,82.39,0.9552,-1,-1,-1
153,843,487.61,414.87,35.5,102.76,0.9525,-1,-1,-1
153,844,1670.5,216.74,28.9,77.0,0.9497,-1,-1,-1
153,841,1140.83,401.94,30.15,93.29,0.9396,-1,-1,-1
153,851,1710.48,471.03,35.87,106.95,0.936,-1,-1,-1
153,848,1327.4,157.8,34.77,53.56,0.9259,-1,-1,-1
154,838,415.77,302.78,48.21,81.0,0.9772,-1,-1,-1
154,834,1213.24,603.38,45.5,121.74,0.9746,-1,-1,-1
154,837,1218.54,888.18,54.85,148.59,0.9741,-1,-1,-1
154,845,1115.52,690.76,57.13,128.05,0.9716,-1,-1,-1
154,858,0.0,570.19,43.9,127.0,0.9702,-1,-1,-1
154,842,1243.81,255.82,38.78,76.59,0.9688,-1,-1,-1
154,839,745.92,198.22,53.4,74.3,0.9679,-1,-1,-1
154,836,479.54,542.71,48.02,120.73,0.9676,-1,-1,-1
154,849,1537.34,426.25,35.1,90.38,0.9602,-1,-1,-1
154,846,1454.16,294.37,30.93,83.84,0.9585,-1,-1,-1
154,844,1674.78,217.19,29.65,76.33,0.9585,-1,-1,-1
154,841,1140.72,402.19,32.24,90.06,0.9569,-1,-1,-1
154,840,1809.84,350.75,34.09,92.15,0.9549,-1,-1,-1
154,843,486.06,412.42,34.75,103.57,0.9537,-1,-1,-1
154,851,1713.48,467.99,37.6,110.66,0.9428,-1,-1,-1
154,848,1328.53,157.06,39.85,54.18,0.9349,-1,-1,-1
155,845,1118.1,689.74,56.58,130.24,0.9751,-1,-1,-1
155,834,1218.29,599.52,45.3,124.68,0.9748,-1,-1,-1
155,858,0.0,569.12,45.52,127.41,0.9731,-1,-1,-1
155,837,1221.68,885.64,54.62,150.88,0.9728,-1,-1,-1
155,836,480.05,540.96,50.06,115.65,0.9721,-1,-1,-1
155,838,419.66,304.91,48.48,81.95,0.9705,-1,-1,-1
155,839,752.17,201.89,53.16,71.48,0.9696,-1,-1,-1
155,846,1455.49,295.75,35.65,83.02,0.9669,-1,-1,-1
155,842,1251.72,255.36,35.29,77.23,0.9644,-1,-1,-1
155,849,1540.13,426.69,34.93,89.4,0.9627,-1,-1,-1
155,843,483.46,411.95,36.22,101.46,0.9618,-1,-1,-1
155,844,1675.96,218.98,34.2,74.47,0.9586,-1,-1,-1
155,840,1817.91,350.89,31.01,92.0,0.9522,-1,-1,-1
155,841,1140.31,402.8,34.34,90.7,0.9502,-1,-1,-1
155,851,1715.57,464.62,37.74,113.57,0.9468,-1,-1,-1
155,848,1330.08,156.7,42.8,54.61,0.9458,-1,-1,-1
156,845,1118.21,689.74,56.44,130.21,0.9752,-1,-1,-1
156,834,1218.34,599.45,45.22,124.73,0.9748,-1,-1,-1
156,858,0.0,569.11,45.58,127.39,0.9731,-1,-1,-1
156,837,1221.7,885.64,54.66,150.87,0.9729,-1,-1,-1
156,836,479.89,540.89,50.21,115.97,0.9721,-1,-1,-1
156,838,419.67,304.9,48.51,81.98,0.9705,-1,-1,-1
156,839,752.21,201.9,53.12,71.5,0.9695,-1,-1,-1
156,846,1455.07,295.72,36.04,83.04,0.9671,-1,-1,-1
156,842,1251.75,255.28,35.3,77.33,0.9644,-1,-1,-1
156,849,1540.21,426.68,34.79,89.48,0.9634,-1,-1,-1
156,843,483.44,411.91,36.25,101.51,0.962,-1,-1,-1
156,844,1675.97,218.94,34.2,74.45,0.9586,-1,-1,-1
156,840,1817.96,350.91,30.94,91.93,0.9519,-1,-1,-1
156,841,1140.19,402.79,34.46,90.7,0.9506,-1,-1,-1
156,848,1330.01,156.73,42.97,54.61,0.9476,-1,-1,-1
156,851,1715.55,464.64,37.78,113.62,0.9458,-1,-1,-1
157,845,1118.0,685.39,58.24,132.03,0.9758,-1,-1,-1
157,836,481.38,540.67,52.91,109.88,0.9743,-1,-1,-1
157,834,1222.03,597.57,47.03,126.69,0.9732,-1,-1,-1
157,837,1224.19,884.73,55.33,151.21,0.9727,-1,-1,-1
157,858,0.0,568.32,46.27,125.46,0.9722,-1,-1,-1
157,838,423.92,307.36,45.99,80.18,0.9702,-1,-1,-1
157,844,1677.18,220.15,37.71,73.55,0.9685,-1,-1,-1
157,846,1456.17,297.71,41.42,81.26,0.9672,-1,-1,-1
157,843,481.48,412.71,37.4,98.52,0.9641,-1,-1,-1
157,839,758.53,202.95,46.94,71.11,0.9629,-1,-1,-1
157,842,1254.74,254.48,35.62,78.55,0.961,-1,-1,-1
157,841,1140.68,401.07,34.5,93.0,0.956,-1,-1,-1
157,849,1542.47,428.92,35.33,85.76,0.9553,-1,-1,-1
157,848,1331.88,155.37,42.64,55.99,0.9353,-1,-1,-1
157,851,1718.26,463.34,37.29,114.53,0.9286,-1,-1,-1
157,840,1822.72,353.09,29.57,91.59,0.922,-1,-1,-1
158,836,486.59,540.68,49.96,105.99,0.9785,-1,-1,-1
158,837,1229.45,884.41,54.36,152.91,0.9754,-1,-1,-1
158,846,1457.74,297.43,43.57,82.67,0.9746,-1,-1,-1
158,834,1225.29,596.47,50.02,125.31,0.9735,-1,-1,-1
158,858,0.01,568.32,44.24,123.32,0.9724,-1,-1,-1
158,845,1120.49,681.73,55.88,134.03,0.9723,-1,-1,-1
158,838,430.53,308.47,42.87,79.16,0.9719,-1,-1,-1
158,843,474.58,412.42,45.8,97.26,0.9695,-1,-1,-1
158,849,1545.7,428.75,35.7,85.75,0.9674,-1,-1,-1
158,844,1678.76,219.35,42.21,74.06,0.9663,-1,-1,-1
158,839,767.24,201.94,39.72,72.72,0.9662,-1,-1,-1
158,841,1141.94,397.73,34.45,95.81,0.9648,-1,-1,-1
158,842,1259.09,254.71,36.32,77.19,0.958,-1,-1,-1
158,851,1720.91,462.13,38.06,112.48,0.9325,-1,-1,-1
158,840,1827.68,350.69,29.8,91.78,0.9316,-1,-1,-1
158,848,1334.36,153.64,42.25,58.21,0.8918,-1,-1,-1
158,857,32.69,988.52,43.15,90.78,0.509,-1,-1,-1
159,834,1228.81,597.17,51.12,120.16,0.9785,-1,-1,-1
159,836,491.66,538.17,49.37,109.29,0.975,-1,-1,-1
159,846,1458.71,297.98,46.67,82.84,0.973,-1,-1,-1
159,843,475.38,412.03,46.71,96.02,0.9727,-1,-1,-1
159,845,1121.91,677.95,56.51,134.03,0.9719,-1,-1,-1
159,837,1231.35,883.24,53.35,155.1,0.9712,-1,-1,-1
159,858,0.0,568.46,42.97,121.34,0.971,-1,-1,-1
159,844,1680.78,219.28,42.05,74.45,0.9686,-1,-1,-1
159,841,1142.64,395.29,34.34,95.9,0.9648,-1,-1,-1
159,842,1264.79,254.79,34.68,78.38,0.9633,-1,-1,-1
159,849,1547.66,428.31,35.48,85.67,0.9577,-1,-1,-1
159,838,439.51,309.23,37.8,78.36,0.9535,-1,-1,-1
159,839,777.48,200.01,34.21,73.91,0.9495,-1,-1,-1
159,840,1830.19,351.91,31.63,90.55,0.9409,-1,-1,-1
159,851,1722.2,463.29,38.73,109.51,0.4956,-1,-1,-1
159,857,35.06,987.95,41.98,91.62,0.4851,-1,-1,-1
160,834,1234.73,598.55,50.37,115.46,0.9769,-1,-1,-1
160,836,495.37,534.35,49.04,113.29,0.9763,-1,-1,-1
160,858,0.45,568.93,45.62,117.85,0.9731,-1,-1,-1
160,837,1234.36,882.67,52.95,157.55,0.9731,-1,-1,-1
160,843,476.76,409.43,45.47,97.98,0.9714,-1,-1,-1
160,846,1460.23,297.9,48.59,82.73,0.9713,-1,-1,-1
160,845,1123.56,674.34,59.73,122.93,0.9688,-1,-1,-1
160,844,1682.61,219.07,43.36,73.48,0.9657,-1,-1,-1
160,849,1550.34,426.77,33.55,86.36,0.965,-1,-1,-1
160,841,1143.71,391.37,34.56,101.39,0.9649,-1,-1,-1
160,842,1268.65,255.56,34.21,78.88,0.9608,-1,-1,-1
160,838,450.6,308.86,30.14,79.06,0.9568,-1,-1,-1
160,839,789.32,198.2,27.76,74.58,0.9471,-1,-1,-1
160,840,1832.53,354.82,32.57,88.61,0.9215,-1,-1,-1
160,851,1723.97,463.91,39.1,106.19,0.6811,-1,-1,-1
161,834,1241.52,598.73,48.66,114.25,0.9785,-1,-1,-1
161,845,1126.46,674.03,58.61,117.22,0.9751,-1,-1,-1
161,837,1237.94,882.2,51.97,159.81,0.9739,-1,-1,-1
161,858,0.39,566.66,47.69,116.81,0.9723,-1,-1,-1
161,843,477.11,405.47,43.78,99.68,0.9691,-1,-1,-1
161,844,1689.5,218.23,38.54,73.84,0.9675,-1,-1,-1
161,846,1465.82,298.35,45.25,82.25,0.9674,-1,-1,-1
161,836,502.33,529.56,47.57,117.65,0.966,-1,-1,-1
161,841,1144.45,389.97,35.93,100.74,0.965,-1,-1,-1
161,849,1553.26,425.62,32.6,87.02,0.9626,-1,-1,-1
161,842,1272.36,257.34,36.91,77.2,0.962,-1,-1,-1
161,838,454.37,306.68,32.7,80.31,0.9615,-1,-1,-1
161,840,1835.55,351.75,35.51,90.94,0.9568,-1,-1,-1
161,839,796.42,195.57,26.98,76.47,0.9494,-1,-1,-1
161,851,1725.79,464.48,38.82,102.3,0.8158,-1,-1,-1
162,834,1241.54,598.72,48.65,114.25,0.9785,-1,-1,-1
162,845,1126.47,674.02,58.62,117.21,0.9751,-1,-1,-1
162,837,1237.93,882.17,51.99,159.82,0.9739,-1,-1,-1
162,858,0.41,566.67,47.68,116.8,0.9723,-1,-1,-1
162,843,477.11,405.48,43.77,99.65,0.9691,-1,-1,-1
162,844,1689.51,218.22,38.54,73.85,0.9675,-1,-1,-1
162,846,1465.82,298.33,45.25,82.27,0.9674,-1,-1,-1
162,836,502.44,529.55,47.46,117.66,0.9659,-1,-1,-1
162,841,1144.43,389.98,35.93,100.8,0.965,-1,-1,-1
162,849,1553.27,425.61,32.67,87.17,0.9626,-1,-1,-1
162,842,1272.39,257.31,36.8,77.28,0.962,-1,-1,-1
162,838,454.45,306.64,32.78,80.27,0.9619,-1,-1,-1
162,840,1835.55,351.82,35.52,90.91,0.9564,-1,-1,-1
162,839,796.41,195.73,27.01,76.32,0.9495,-1,-1,-1
162,851,1725.78,464.45,38.82,102.35,0.815,-1,-1,-1
163,858,2.71,563.56,47.5,115.53,0.9766,-1,-1,-1
163,837,1241.33,881.99,51.34,160.2,0.9761,-1,-1,-1
163,836,506.23,525.11,49.98,121.61,0.9744,-1,-1,-1
163,834,1247.93,597.24,47.12,116.04,0.9743,-1,-1,-1
163,845,1128.65,670.04,57.28,120.49,0.9742,-1,-1,-1
163,838,456.92,306.0,38.71,82.18,0.9706,-1,-1,-1
163,846,1470.18,297.98,42.95,82.48,0.9699,-1,-1,-1
163,843,479.26,401.84,41.36,101.93,0.9693,-1,-1,-1
163,844,1694.92,217.45,37.92,74.84,0.9663,-1,-1,-1
163,840,1837.64,352.84,38.11,90.19,0.9641,-1,-1,-1
163,841,1147.17,388.53,35.51,101.1,0.9633,-1,-1,-1
163,842,1276.66,259.19,40.54,75.93,0.9632,-1,-1,-1
163,839,799.64,194.04,31.5,79.24,0.9546,-1,-1,-1
163,849,1555.63,425.17,31.57,87.31,0.9092,-1,-1,-1
163,851,1728.0,463.41,37.38,103.66,0.5331,-1,-1,-1
164,834,1254.52,595.78,46.26,117.35,0.979,-1,-1,-1
164,858,4.68,560.37,45.68,116.18,0.9769,-1,-1,-1
164,845,1130.6,664.57,57.07,125.97,0.9754,-1,-1,-1
164,836,512.06,520.48,48.51,122.62,0.9752,-1,-1,-1
164,838,460.21,305.01,44.97,82.64,0.9713,-1,-1,-1
164,837,1244.72,881.34,51.72,158.7,0.97,-1,-1,-1
164,842,1281.77,260.34,43.21,75.99,0.9699,-1,-1,-1
164,846,1478.49,296.9,37.46,84.58,0.9684,-1,-1,-1
164,843,480.99,398.06,40.98,102.93,0.9678,-1,-1,-1
164,839,802.66,195.37,42.13,76.04,0.9672,-1,-1,-1
164,841,1149.67,387.78,35.83,96.74,0.9649,-1,-1,-1
164,840,1840.52,352.35,40.17,90.67,0.9642,-1,-1,-1
164,844,1703.07,215.4,33.9,76.5,0.961,-1,-1,-1
164,849,1558.18,423.15,31.19,87.81,0.9517,-1,-1,-1
164,851,1729.28,459.29,39.22,106.83,0.946,-1,-1,-1
165,858,7.89,556.1,43.55,119.38,0.9768,-1,-1,-1
165,845,1130.68,658.0,57.64,129.08,0.976,-1,-1,-1
165,834,1262.49,592.37,43.04,119.03,0.9757,-1,-1,-1
165,839,808.65,195.09,45.62,75.2,0.9736,-1,-1,-1
165,837,1247.37,880.05,53.37,156.08,0.9728,-1,-1,-1
165,836,518.92,515.95,47.03,124.03,0.9719,-1,-1,-1
165,838,463.66,305.04,52.42,82.53,0.9715,-1,-1,-1
165,842,1285.5,260.77,43.93,77.16,0.9697,-1,-1,-1
165,841,1153.17,387.01,36.1,92.88,0.9682,-1,-1,-1
165,843,482.44,395.72,40.28,101.77,0.9637,-1,-1,-1
165,840,1842.03,352.14,41.56,91.15,0.962,-1,-1,-1
165,846,1488.52,294.75,29.6,85.12,0.9579,-1,-1,-1
165,844,1710.9,213.47,31.4,78.31,0.9521,-1,-1,-1
165,851,1731.53,455.15,40.15,111.01,0.9474,-1,-1,-1
165,849,1560.11,423.76,31.86,86.95,0.9463,-1,-1,-1
166,836,524.28,514.64,47.22,115.93,0.9802,-1,-1,-1
166,858,10.11,553.06,45.99,118.61,0.9774,-1,-1,-1
166,837,1249.07,879.13,55.38,153.75,0.9754,-1,-1,-1
166,845,1129.85,653.03,57.1,132.39,0.9753,-1,-1,-1
166,834,1268.68,589.86,43.29,120.19,0.9728,-1,-1,-1
166,842,1286.77,260.32,45.69,77.08,0.9715,-1,-1,-1
166,838,469.91,305.84,52.37,82.86,0.9698,-1,-1,-1
166,839,814.99,194.83,46.65,75.46,0.9688,-1,-1,-1
166,840,1843.78,352.2,41.46,89.88,0.9658,-1,-1,-1
166,841,1156.53,386.14,34.94,91.8,0.9648,-1,-1,-1
166,846,1497.42,294.42,24.72,85.12,0.9542,-1,-1,-1
166,849,1562.9,423.3,31.04,86.76,0.9489,-1,-1,-1
166,851,1734.45,451.7,40.4,113.75,0.9481,-1,-1,-1
166,844,1716.37,211.25,29.71,78.27,0.944,-1,-1,-1
166,843,483.43,393.01,41.22,100.66,0.9352,-1,-1,-1
167,858,11.67,552.62,46.82,117.01,0.9767,-1,-1,-1
167,837,1251.97,875.99,55.62,151.94,0.975,-1,-1,-1
167,845,1129.2,649.09,56.39,128.53,0.9718,-1,-1,-1
167,842,1289.62,260.57,45.08,77.72,0.9714,-1,-1,-1
167,838,476.14,307.12,48.58,83.62,0.9713,-1,-1,-1
167,836,528.85,512.22,46.19,109.39,0.9712,-1,-1,-1
167,834,1273.49,586.9,45.51,122.46,0.9707,-1,-1,-1
167,839,821.98,196.78,41.2,73.95,0.9672,-1,-1,-1
167,840,1846.61,352.8,40.92,89.8,0.9637,-1,-1,-1
167,843,484.58,392.37,41.18,98.74,0.9611,-1,-1,-1
167,846,1502.82,294.5,22.37,86.06,0.9507,-1,-1,-1
167,841,1159.37,384.74,32.41,92.98,0.9454,-1,-1,-1
167,851,1735.76,449.6,39.86,115.36,0.9301,-1,-1,-1
167,844,1722.37,211.94,27.65,79.06,0.9253,-1,-1,-1
167,849,1565.2,427.15,30.15,82.72,0.9075,-1,-1,-1
168,858,11.69,552.55,47.01,117.08,0.9766,-1,-1,-1
168,837,1251.98,875.95,55.58,152.04,0.9749,-1,-1,-1
168,845,1129.22,649.1,56.38,128.51,0.9719,-1,-1,-1
168,838,476.1,307.14,48.56,83.59,0.9714,-1,-1,-1
168,836,528.86,512.22,46.2,109.52,0.9714,-1,-1,-1
168,842,1289.61,260.56,45.19,77.76,0.9713,-1,-1,-1
168,834,1273.5,586.92,45.52,122.49,0.9706,-1,-1,-1
168,839,821.96,196.78,41.14,73.95,0.9672,-1,-1,-1
168,840,1846.58,352.98,40.93,89.61,0.963,-1,-1,-1
168,843,484.71,392.44,41.8,98.85,0.9614,-1,-1,-1
168,846,1502.82,294.36,22.39,86.11,0.9515,-1,-1,-1
168,841,1159.3,384.75,32.49,93.08,0.9449,-1,-1,-1
168,851,1735.77,449.67,39.85,115.08,0.9313,-1,-1,-1
168,844,1722.32,211.86,27.69,79.09,0.9244,-1,-1,-1
168,849,1565.19,426.74,30.18,83.1,0.9102,-1,-1,-1
169,834,1275.79,586.58,50.05,119.74,0.9766,-1,-1,-1
169,858,13.39,552.87,48.08,114.06,0.9764,-1,-1,-1
169,836,531.51,511.82,46.34,107.25,0.9752,-1,-1,-1
169,845,1128.71,645.86,54.33,122.07,0.9743,-1,-1,-1
169,837,1252.81,873.01,56.48,151.15,0.9726,-1,-1,-1
169,842,1293.23,261.05,44.07,77.56,0.9698,-1,-1,-1
169,843,484.3,393.55,44.84,97.68,0.968,-1,-1,-1
169,838,485.76,309.12,41.95,81.67,0.963,-1,-1,-1
169,839,831.18,198.11,33.25,72.95,0.9596,-1,-1,-1
169,841,1160.07,382.94,31.51,93.83,0.9573,-1,-1,-1
169,846,1506.17,294.94,23.73,84.95,0.9552,-1,-1,-1
169,840,1850.77,354.49,38.75,88.63,0.9515,-1,-1,-1
169,849,1567.14,422.43,29.64,88.57,0.9503,-1,-1,-1
169,851,1737.27,447.54,40.59,114.84,0.9049,-1,-1,-1
169,844,1725.12,212.39,28.65,78.9,0.7805,-1,-1,-1
170,834,1277.81,586.07,54.35,116.98,0.9794,-1,-1,-1
170,845,1128.13,642.66,53.22,115.76,0.9783,-1,-1,-1
170,836,533.8,511.39,45.36,108.8,0.9774,-1,-1,-1
170,858,15.58,554.11,49.35,112.27,0.9764,-1,-1,-1
170,837,1254.0,870.77,55.52,147.05,0.9752,-1,-1,-1
170,843,481.29,394.13,49.08,97.2,0.9662,-1,-1,-1
170,846,1507.48,296.4,28.29,84.42,0.96,-1,-1,-1
170,849,1566.4,421.56,32.11,87.06,0.9567,-1,-1,-1
170,838,496.82,310.07,38.31,82.21,0.9532,-1,-1,-1
170,842,1300.06,259.77,39.55,78.6,0.9494,-1,-1,-1
170,844,1731.89,214.16,26.94,78.03,0.947,-1,-1,-1
170,839,841.89,196.76,26.04,75.12,0.9468,-1,-1,-1
170,841,1161.02,379.62,29.62,95.98,0.9417,-1,-1,-1
170,860,1379.44,150.9,40.64,61.18,0.9253,-1,-1,-1
170,851,1738.31,446.9,40.61,109.95,0.9245,-1,-1,-1
170,840,1854.53,353.29,37.48,90.35,0.9229,-1,-1,-1
171,858,15.87,555.04,49.1,111.65,0.9769,-1,-1,-1
171,836,537.82,509.19,42.16,109.82,0.9768,-1,-1,-1
171,837,1254.3,868.59,55.44,148.2,0.9756,-1,-1,-1
171,845,1128.48,639.65,49.63,117.2,0.9745,-1,-1,-1
171,834,1281.05,586.04,53.49,115.91,0.9739,-1,-1,-1
171,843,478.54,396.41,53.94,94.35,0.9668,-1,-1,-1
171,838,507.21,309.38,35.3,82.31,0.9605,-1,-1,-1
171,844,1731.72,216.31,33.16,76.05,0.9602,-1,-1,-1
171,842,1308.16,258.19,33.89,80.94,0.9601,-1,-1,-1
171,849,1567.64,419.8,32.25,89.24,0.9592,-1,-1,-1
171,846,1507.58,296.65,33.09,83.68,0.9559,-1,-1,-1
171,841,1160.58,375.92,29.61,98.52,0.9527,-1,-1,-1
171,839,849.42,195.12,21.92,75.59,0.9474,-1,-1,-1
171,860,1381.27,150.78,42.01,61.0,0.9396,-1,-1,-1
171,840,1859.55,353.89,34.58,90.29,0.9313,-1,-1,-1
171,851,1739.09,446.3,40.27,107.79,0.9033,-1,-1,-1
171,857,65.09,975.89,49.54,101.6,0.7826,-1,-1,-1
172,858,19.21,556.38,46.87,109.69,0.9777,-1,-1,-1
172,834,1284.58,587.38,50.41,112.56,0.9774,-1,-1,-1
172,837,1255.71,866.83,54.25,150.52,0.9746,-1,-1,-1
172,845,1127.26,634.76,49.16,119.83,0.9736,-1,-1,-1
172,836,541.9,506.18,40.91,111.83,0.9728,-1,-1,-1
172,843,478.47,396.45,56.07,94.03,0.9683,-1,-1,-1
172,846,1507.45,296.52,38.34,84.33,0.9679,-1,-1,-1
172,849,1567.97,418.93,33.94,89.17,0.9625,-1,-1,-1
172,844,1731.86,216.3,37.72,75.56,0.9607,-1,-1,-1
172,842,1315.25,257.12,29.31,82.15,0.9599,-1,-1,-1
172,838,510.43,308.41,35.92,82.17,0.9581,-1,-1,-1
172,839,851.11,191.17,24.71,79.05,0.9483,-1,-1,-1
172,841,1160.83,374.36,29.16,98.62,0.9477,-1,-1,-1
172,860,1385.6,151.04,40.38,60.55,0.9218,-1,-1,-1
172,840,1866.88,364.13,30.01,79.01,0.8951,-1,-1,-1
172,857,64.87,974.63,55.58,103.0,0.8664,-1,-1,-1
172,851,1740.69,446.44,41.04,103.5,0.7967,-1,-1,-1
173,834,1288.57,586.57,48.2,113.19,0.9796,-1,-1,-1
173,858,23.31,556.31,43.92,109.49,0.976,-1,-1,-1
173,837,1257.17,865.64,52.97,153.06,0.9742,-1,-1,-1
173,845,1124.8,629.77,52.39,122.26,0.9738,-1,-1,-1
173,846,1507.96,296.91,42.02,83.87,0.9715,-1,-1,-1
173,836,547.2,500.16,38.33,116.26,0.9701,-1,-1,-1
173,838,512.71,306.82,37.73,84.58,0.9699,-1,-1,-1
173,849,1567.81,418.36,36.55,89.32,0.9681,-1,-1,-1
173,843,478.36,395.0,57.02,95.54,0.9678,-1,-1,-1
173,844,1731.56,216.52,41.36,75.65,0.9668,-1,-1,-1
173,842,1319.95,257.18,27.83,82.26,0.9597,-1,-1,-1
173,839,853.35,190.07,31.34,80.54,0.9571,-1,-1,-1
173,841,1161.15,372.48,29.34,97.85,0.9325,-1,-1,-1
173,840,1870.62,373.76,27.65,68.39,0.8458,-1,-1,-1
173,857,66.66,972.77,55.83,104.09,0.7798,-1,-1,-1
173,851,1742.36,446.1,40.15,102.65,0.5836,-1,-1,-1
173,860,1390.69,151.05,36.73,59.95,0.5375,-1,-1,-1
174,834,1288.56,586.57,48.25,113.17,0.9796,-1,-1,-1
174,858,23.18,556.32,44.02,109.44,0.9763,-1,-1,-1
174,837,1257.15,865.64,52.97,153.06,0.9742,-1,-1,-1
174,845,1124.79,629.74,52.33,122.23,0.9738,-1,-1,-1
174,846,1507.99,296.9,42.0,83.91,0.9715,-1,-1,-1
174,836,547.15,500.17,38.36,116.22,0.97,-1,-1,-1
174,838,512.71,306.83,37.74,84.55,0.9699,-1,-1,-1
174,849,1567.75,418.34,36.59,89.31,0.9686,-1,-1,-1
174,843,478.33,394.99,57.02,95.61,0.9676,-1,-1,-1
174,844,1731.53,216.55,41.44,75.66,0.9667,-1,-1,-1
174,842,1319.94,257.18,27.82,82.33,0.9594,-1,-1,-1
174,839,853.29,190.09,31.34,80.44,0.9572,-1,-1,-1
174,841,1161.16,372.49,29.31,97.87,0.9333,-1,-1,-1
174,840,1870.63,373.73,27.63,68.4,0.8465,-1,-1,-1
174,857,66.72,972.67,56.03,104.11,0.7072,-1,-1,-1
174,851,1742.3,446.04,40.22,102.85,0.6372,-1,-1,-1
174,862,1870.54,350.16,29.28,53.08,0.6136,-1,-1,-1
174,860,1390.75,151.08,36.6,60.0,0.4997,-1,-1,-1
174,863,520.39,461.81,15.24,16.02,0.4892,-1,-1,-1
175,834,1292.34,584.73,45.57,115.16,0.9778,-1,-1,-1
175,837,1258.51,864.64,51.22,155.64,0.9748,-1,-1,-1
175,845,1120.46,624.02,55.71,126.3,0.9739,-1,-1,-1
175,838,514.16,306.51,44.81,85.13,0.9729,-1,-1,-1
175,858,24.43,554.82,43.65,110.27,0.9715,-1,-1,-1
175,843,479.55,393.63,57.46,96.44,0.9705,-1,-1,-1
175,836,550.41,497.77,38.21,117.17,0.9697,-1,-1,-1
175,846,1510.25,297.21,42.14,83.83,0.9687,-1,-1,-1
175,849,1568.72,417.76,38.76,89.34,0.9683,-1,-1,-1
175,844,1734.37,216.78,42.22,74.16,0.9675,-1,-1,-1
175,839,854.81,191.0,40.01,78.55,0.9665,-1,-1,-1
175,842,1323.68,257.0,27.15,82.27,0.9564,-1,-1,-1
175,851,1744.17,444.29,39.26,104.39,0.9317,-1,-1,-1
175,841,1160.43,372.19,31.45,94.43,0.9269,-1,-1,-1
175,840,1873.37,361.86,29.77,82.19,0.9009,-1,-1,-1
175,860,1397.99,150.38,31.63,62.17,0.7768,-1,-1,-1
175,857,66.69,972.64,60.48,104.46,0.4723,-1,-1,-1
176,837,1258.86,864.04,51.23,156.36,0.9757,-1,-1,-1
176,834,1295.19,579.91,43.86,119.12,0.9753,-1,-1,-1
176,845,1115.87,619.91,58.37,125.91,0.9749,-1,-1,-1
176,836,551.81,493.89,40.72,116.17,0.973,-1,-1,-1
176,858,25.41,553.39,44.35,112.05,0.9704,-1,-1,-1
176,838,516.77,306.44,49.96,84.69,0.9701,-1,-1,-1
176,843,480.29,391.6,58.41,96.22,0.9691,-1,-1,-1
176,849,1569.53,417.16,39.68,90.82,0.969,-1,-1,-1
176,846,1512.64,296.84,42.71,84.06,0.9674,-1,-1,-1
176,844,1737.25,217.17,41.01,74.82,0.9669,-1,-1,-1
176,839,855.92,191.1,45.81,75.23,0.9655,-1,-1,-1
176,842,1326.78,256.78,27.38,83.78,0.9588,-1,-1,-1
176,841,1159.88,372.39,33.0,90.91,0.958,-1,-1,-1
176,840,1875.51,366.01,29.73,78.26,0.8852,-1,-1,-1
176,857,66.31,971.15,66.74,105.53,0.5615,-1,-1,-1
176,851,1746.21,442.84,36.96,104.85,0.5524,-1,-1,-1
176,860,1403.92,149.39,27.21,63.15,0.5197,-1,-1,-1
176,862,1875.92,351.13,30.42,58.0,0.457,-1,-1,-1
177,837,1258.64,862.76,50.53,157.43,0.9752,-1,-1,-1
177,836,552.08,492.2,44.75,109.7,0.9748,-1,-1,-1
177,845,1111.94,615.54,57.37,120.7,0.9728,-1,-1,-1
177,838,520.81,306.14,49.61,85.55,0.9723,-1,-1,-1
177,858,26.73,550.34,43.63,114.49,0.9712,-1,-1,-1
177,834,1296.68,576.38,42.2,121.17,0.9703,-1,-1,-1
177,839,857.49,191.43,48.5,74.62,0.9691,-1,-1,-1
177,849,1569.93,417.52,40.76,90.38,0.9689,-1,-1,-1
177,843,484.01,391.25,55.6,92.14,0.968,-1,-1,-1
177,844,1740.85,216.41,38.02,73.5,0.9658,-1,-1,-1
177,846,1516.07,296.0,41.68,83.44,0.9621,-1,-1,-1
177,841,1158.8,372.35,34.21,90.33,0.9582,-1,-1,-1
177,842,1328.51,258.21,29.89,83.67,0.9494,-1,-1,-1
177,840,1875.99,355.24,33.67,89.98,0.935,-1,-1,-1
177,857,62.26,968.19,74.82,108.45,0.8469,-1,-1,-1
177,851,1746.78,438.69,36.18,109.24,0.7845,-1,-1,-1
178,845,1107.61,614.16,58.18,110.72,0.9784,-1,-1,-1
178,837,1257.47,861.36,51.46,157.98,0.9755,-1,-1,-1
178,858,27.26,549.35,43.67,114.91,0.9754,-1,-1,-1
178,836,554.7,490.19,46.0,103.43,0.975,-1,-1,-1
178,838,527.29,306.83,43.43,85.94,0.9703,-1,-1,-1
178,843,487.71,389.32,55.28,91.8,0.9697,-1,-1,-1
178,839,861.93,191.89,47.27,74.22,0.9681,-1,-1,-1
178,849,1570.44,418.02,40.72,89.82,0.968,-1,-1,-1
178,834,1298.45,571.1,41.28,124.89,0.9665,-1,-1,-1
178,846,1521.19,294.86,38.94,84.48,0.966,-1,-1,-1
178,842,1329.09,259.95,35.76,82.12,0.9634,-1,-1,-1
178,841,1157.06,371.79,35.68,90.97,0.963,-1,-1,-1
178,844,1744.21,214.26,36.38,73.85,0.9597,-1,-1,-1
178,840,1877.15,351.9,35.96,92.76,0.9481,-1,-1,-1
178,857,51.97,964.73,92.13,112.65,0.9176,-1,-1,-1
178,851,1747.88,437.14,34.99,110.5,0.7804,-1,-1,-1
178,860,1410.77,149.05,22.7,62.83,0.5345,-1,-1,-1
179,858,28.2,548.56,43.39,115.52,0.9774,-1,-1,-1
179,836,559.73,488.6,44.53,104.4,0.9774,-1,-1,-1
179,837,1257.32,859.8,51.45,158.31,0.9755,-1,-1,-1
179,845,1104.02,610.75,54.16,111.86,0.9747,-1,-1,-1
179,843,488.75,387.3,54.17,93.63,0.9707,-1,-1,-1
179,842,1329.48,262.23,41.61,80.97,0.9696,-1,-1,-1
179,849,1571.27,418.37,41.26,90.14,0.9696,-1,-1,-1
179,841,1155.28,369.69,35.96,93.77,0.9686,-1,-1,-1
179,834,1298.79,571.87,40.7,120.76,0.9677,-1,-1,-1
179,840,1876.83,353.59,42.55,91.93,0.9615,-1,-1,-1
179,838,536.74,307.88,36.02,84.04,0.9604,-1,-1,-1
179,846,1527.75,294.3,33.37,84.82,0.96,-1,-1,-1
179,839,866.84,190.71,42.38,77.18,0.9597,-1,-1,-1
179,844,1748.18,212.09,35.08,76.23,0.9564,-1,-1,-1
179,857,49.29,963.88,97.77,114.0,0.8887,-1,-1,-1
179,851,1747.21,442.53,37.12,103.44,0.8365,-1,-1,-1
179,860,1411.42,148.23,27.27,63.97,0.4334,-1,-1,-1
180,858,28.21,548.58,43.34,115.46,0.9775,-1,-1,-1
180,836,559.66,488.55,44.58,104.42,0.9773,-1,-1,-1
180,837,1257.29,859.81,51.48,158.3,0.9756,-1,-1,-1
180,845,1103.99,610.73,54.17,111.92,0.9747,-1,-1,-1
180,843,488.74,387.27,54.18,93.66,0.9707,-1,-1,-1
180,849,1571.18,418.55,41.32,89.81,0.9703,-1,-1,-1
180,842,1329.5,262.22,41.58,80.97,0.9694,-1,-1,-1
180,841,1155.27,369.56,35.97,93.8,0.969,-1,-1,-1
180,834,1298.78,571.85,40.75,120.79,0.9676,-1,-1,-1
180,840,1876.81,353.61,42.64,91.92,0.9616,-1,-1,-1
180,838,536.73,307.9,35.99,84.04,0.9603,-1,-1,-1
180,839,866.87,190.79,42.35,77.07,0.9602,-1,-1,-1
180,846,1527.78,294.3,33.34,84.75,0.9597,-1,-1,-1
180,844,1748.18,212.07,35.13,76.32,0.9558,-1,-1,-1
180,857,49.3,963.97,97.68,113.9,0.8936,-1,-1,-1
180,851,1748.03,438.63,36.33,109.81,0.8622,-1,-1,-1
180,860,1411.42,148.22,27.27,63.97,0.4093,-1,-1,-1
181,858,29.09,548.49,43.03,116.79,0.9768,-1,-1,-1
181,836,563.63,487.77,43.99,105.0,0.976,-1,-1,-1
181,837,1257.6,857.54,50.5,160.41,0.9752,-1,-1,-1
181,845,1100.87,607.09,50.1,115.28,0.9751,-1,-1,-1
181,843,490.41,384.39,55.19,96.71,0.9713,-1,-1,-1
181,842,1331.84,264.12,43.94,79.38,0.9709,-1,-1,-1
181,834,1299.08,571.33,41.82,116.7,0.9672,-1,-1,-1
181,841,1155.01,367.68,34.33,93.69,0.9664,-1,-1,-1
181,840,1877.81,352.4,42.19,92.94,0.9659,-1,-1,-1
181,839,873.51,190.69,35.89,77.75,0.963,-1,-1,-1
181,849,1572.11,422.37,42.17,86.84,0.9627,-1,-1,-1
181,844,1751.23,210.34,35.74,77.81,0.9598,-1,-1,-1
181,838,549.93,309.22,26.97,82.66,0.9485,-1,-1,-1
181,860,1411.92,149.1,33.36,62.86,0.9272,-1,-1,-1
181,857,45.56,963.62,101.69,115.54,0.9044,-1,-1,-1
181,846,1533.6,293.45,28.06,84.67,0.8907,-1,-1,-1
181,851,1748.31,436.07,36.17,111.69,0.8886,-1,-1,-1
182,837,1257.12,856.43,50.57,156.83,0.9773,-1,-1,-1
182,858,29.69,549.53,44.07,116.75,0.9768,-1,-1,-1
182,845,1096.45,600.91,45.84,119.78,0.9751,-1,-1,-1
182,836,568.11,485.02,43.58,108.01,0.9748,-1,-1,-1
182,843,492.34,381.39,57.5,98.76,0.9718,-1,-1,-1
182,834,1299.44,571.23,42.75,114.49,0.9702,-1,-1,-1
182,842,1332.39,263.47,47.47,81.74,0.9685,-1,-1,-1
182,849,1572.91,419.97,42.15,88.73,0.966,-1,-1,-1
182,841,1154.15,363.62,33.69,96.04,0.9652,-1,-1,-1
182,840,1877.86,353.72,42.14,91.74,0.9646,-1,-1,-1
182,838,556.86,308.22,27.88,82.67,0.9595,-1,-1,-1
182,839,882.86,190.67,28.87,78.3,0.9543,-1,-1,-1
182,844,1758.37,209.63,31.11,79.08,0.9533,-1,-1,-1
182,846,1538.17,292.99,25.34,84.12,0.9513,-1,-1,-1
182,860,1412.79,148.78,38.93,63.16,0.9507,-1,-1,-1
182,851,1747.53,435.06,37.0,111.62,0.893,-1,-1,-1
182,857,46.89,960.21,94.98,118.7,0.883,-1,-1,-1
183,837,1256.48,854.65,51.15,152.65,0.979,-1,-1,-1
183,858,30.59,548.94,45.08,118.46,0.9788,-1,-1,-1
183,845,1092.25,595.3,46.37,123.78,0.9755,-1,-1,-1
183,843,494.83,379.5,61.81,100.17,0.9746,-1,-1,-1
183,834,1298.7,572.05,44.89,108.11,0.9743,-1,-1,-1
183,836,573.22,480.79,42.32,110.36,0.9739,-1,-1,-1
183,842,1332.28,264.46,50.29,80.01,0.9724,-1,-1,-1
183,849,1575.87,419.04,39.57,88.96,0.9644,-1,-1,-1
183,840,1878.75,354.87,41.25,90.27,0.9631,-1,-1,-1
183,838,557.09,307.06,35.17,82.92,0.9624,-1,-1,-1
183,841,1152.28,360.54,32.32,98.32,0.9617,-1,-1,-1
183,860,1413.41,148.62,40.22,63.65,0.9561,-1,-1,-1
183,844,1759.47,208.81,32.13,80.08,0.9542,-1,-1,-1
183,846,1540.49,293.09,25.47,84.32,0.9516,-1,-1,-1
183,839,891.48,188.4,21.66,78.67,0.941,-1,-1,-1
183,851,1745.42,435.15,39.18,110.45,0.9038,-1,-1,-1
183,857,46.55,959.27,95.97,119.37,0.8875,-1,-1,-1
184,837,1256.02,850.99,49.22,150.47,0.9787,-1,-1,-1
184,858,31.32,549.03,46.02,119.0,0.9783,-1,-1,-1
184,845,1087.68,589.75,46.75,128.12,0.9753,-1,-1,-1
184,834,1297.05,571.83,46.47,107.99,0.9741,-1,-1,-1
184,836,576.58,475.27,43.38,115.87,0.9708,-1,-1,-1
184,843,497.1,377.12,62.55,98.9,0.9705,-1,-1,-1
184,842,1332.49,264.94,50.31,80.19,0.9704,-1,-1,-1
184,838,558.5,305.42,40.63,86.35,0.9663,-1,-1,-1
184,840,1878.03,355.73,41.97,90.07,0.9641,-1,-1,-1
184,844,1760.15,208.75,35.87,80.02,0.9617,-1,-1,-1
184,846,1540.71,293.87,29.28,84.72,0.9609,-1,-1,-1
184,841,1150.52,359.16,32.87,100.46,0.9606,-1,-1,-1
184,849,1580.75,416.54,35.03,91.08,0.9576,-1,-1,-1
184,851,1743.91,433.32,40.44,106.54,0.9458,-1,-1,-1
184,860,1415.49,149.55,38.54,63.53,0.9428,-1,-1,-1
184,839,893.73,187.96,23.07,78.45,0.9402,-1,-1,-1
184,857,44.69,962.02,98.67,115.91,0.9076,-1,-1,-1
185,837,1254.42,849.93,50.11,146.05,0.9774,-1,-1,-1
185,858,32.38,548.56,44.75,119.19,0.9773,-1,-1,-1
185,842,1335.67,264.46,47.06,80.54,0.9759,-1,-1,-1
185,834,1295.54,570.26,48.05,109.47,0.975,-1,-1,-1
185,845,1083.05,584.81,48.52,126.72,0.9748,-1,-1,-1
185,843,499.84,375.14,67.29,95.4,0.973,-1,-1,-1
185,838,562.62,305.13,47.27,83.83,0.9704,-1,-1,-1
185,836,579.12,471.11,45.04,120.48,0.9703,-1,-1,-1
185,851,1743.55,431.94,39.78,103.93,0.967,-1,-1,-1
185,846,1540.21,295.03,35.11,84.18,0.966,-1,-1,-1
185,840,1877.66,353.4,42.34,92.55,0.966,-1,-1,-1
185,844,1762.5,210.06,40.35,78.51,0.9627,-1,-1,-1
185,841,1148.88,358.72,33.22,96.71,0.96,-1,-1,-1
185,860,1419.32,149.87,35.66,63.7,0.9452,-1,-1,-1
185,839,895.75,187.06,25.72,78.68,0.9448,-1,-1,-1
185,849,1585.61,417.0,30.86,90.3,0.9436,-1,-1,-1
185,857,45.96,960.01,96.8,117.83,0.8848,-1,-1,-1
186,837,1254.47,849.92,50.0,146.06,0.9775,-1,-1,-1
186,858,32.39,548.58,44.75,119.21,0.9773,-1,-1,-1
186,842,1335.69,264.47,47.06,80.54,0.9759,-1,-1,-1
186,834,1295.58,570.22,48.04,109.59,0.9748,-1,-1,-1
186,845,1083.05,584.81,48.54,126.82,0.9747,-1,-1,-1
186,843,499.89,375.28,66.99,95.16,0.9727,-1,-1,-1
186,838,562.2,305.13,47.77,84.07,0.9705,-1,-1,-1
186,836,579.11,471.1,45.01,120.57,0.9703,-1,-1,-1
186,851,1743.55,431.95,39.75,103.93,0.9669,-1,-1,-1
186,846,1540.14,295.06,35.22,84.08,0.9662,-1,-1,-1
186,840,1877.65,353.41,42.35,92.56,0.9659,-1,-1,-1
186,844,1762.55,210.11,40.04,78.52,0.9628,-1,-1,-1
186,841,1148.89,358.73,33.26,96.84,0.9601,-1,-1,-1
186,860,1419.34,149.9,35.54,63.68,0.9454,-1,-1,-1
186,839,895.76,186.99,25.67,78.86,0.945,-1,-1,-1
186,849,1585.57,417.0,30.93,90.32,0.9437,-1,-1,-1
186,857,45.63,960.14,97.35,117.69,0.8809,-1,-1,-1
187,834,1293.83,566.14,48.54,112.61,0.9772,-1,-1,-1
187,837,1253.32,848.36,49.9,146.82,0.9772,-1,-1,-1
187,858,32.03,549.06,44.89,120.59,0.9769,-1,-1,-1
187,845,1078.5,582.71,49.06,123.14,0.9757,-1,-1,-1
187,836,582.09,469.05,44.9,113.9,0.9742,-1,-1,-1
187,842,1340.96,264.0,41.74,81.74,0.971,-1,-1,-1
187,838,565.85,305.59,51.25,84.16,0.9698,-1,-1,-1
187,851,1743.57,429.05,40.42,105.1,0.9673,-1,-1,-1
187,846,1538.62,296.18,41.49,83.92,0.9664,-1,-1,-1
187,843,502.9,375.17,65.51,91.11,0.9661,-1,-1,-1
187,844,1763.43,212.09,44.17,76.62,0.965,-1,-1,-1
187,840,1877.47,352.84,42.53,92.65,0.9641,-1,-1,-1
187,841,1147.81,359.17,33.51,94.32,0.9574,-1,-1,-1
187,839,898.63,188.04,30.61,77.33,0.9522,-1,-1,-1
187,849,1588.49,416.45,28.2,90.47,0.9487,-1,-1,-1
187,860,1423.03,150.22,32.54,63.62,0.9357,-1,-1,-1
187,857,50.96,956.61,87.53,118.14,0.931,-1,-1,-1
188,834,1291.16,561.53,47.93,118.16,0.9807,-1,-1,-1
188,836,585.92,467.05,42.9,109.97,0.9785,-1,-1,-1
188,858,31.55,549.29,43.95,120.69,0.9767,-1,-1,-1
188,837,1251.49,847.16,50.47,146.83,0.9764,-1,-1,-1
188,845,1073.48,578.99,49.58,121.08,0.9758,-1,-1,-1
188,838,570.51,306.12,49.83,84.65,0.9715,-1,-1,-1
188,846,1537.42,296.96,44.77,83.7,0.9678,-1,-1,-1
188,844,1765.93,213.41,43.4,75.94,0.9658,-1,-1,-1
188,840,1877.12,352.96,42.88,92.1,0.9646,-1,-1,-1
188,843,506.49,374.4,62.85,90.81,0.9642,-1,-1,-1
188,842,1348.2,262.46,33.17,83.05,0.9638,-1,-1,-1
188,841,1146.5,360.01,33.09,91.25,0.961,-1,-1,-1
188,839,900.87,186.62,33.91,77.91,0.9565,-1,-1,-1
188,849,1589.92,416.61,26.99,89.97,0.9542,-1,-1,-1
188,857,52.97,954.44,83.25,119.66,0.9373,-1,-1,-1
188,851,1744.07,426.0,39.59,106.15,0.9336,-1,-1,-1
188,860,1429.66,149.96,25.64,64.64,0.9278,-1,-1,-1
189,834,1287.65,556.81,47.48,121.29,0.98,-1,-1,-1
189,836,586.57,466.62,43.39,102.45,0.9772,-1,-1,-1
189,845,1069.49,578.29,49.59,114.3,0.976,-1,-1,-1
189,858,31.13,549.76,43.16,120.12,0.976,-1,-1,-1
189,837,1249.55,845.76,51.08,148.4,0.9752,-1,-1,-1
189,843,513.3,371.88,58.33,92.93,0.972,-1,-1,-1
189,844,1764.27,213.87,45.83,75.47,0.9692,-1,-1,-1
189,846,1536.29,297.28,47.01,83.33,0.967,-1,-1,-1
189,838,577.22,307.54,42.99,83.93,0.9655,-1,-1,-1
189,841,1144.26,359.08,31.91,91.51,0.9639,-1,-1,-1
189,840,1878.34,352.69,41.66,91.0,0.9624,-1,-1,-1
189,839,902.7,187.84,33.32,76.48,0.9577,-1,-1,-1
189,849,1591.34,416.47,25.7,90.41,0.9576,-1,-1,-1
189,842,1355.17,261.66,26.43,84.02,0.9534,-1,-1,-1
189,851,1742.0,422.83,40.32,107.56,0.9406,-1,-1,-1
189,857,54.77,953.89,73.54,122.51,0.9385,-1,-1,-1
189,860,1434.28,150.47,21.04,64.01,0.938,-1,-1,-1
190,845,1063.86,578.7,49.01,108.75,0.9758,-1,-1,-1
190,834,1283.1,555.41,48.54,116.65,0.9753,-1,-1,-1
190,858,28.46,550.09,44.22,120.54,0.9748,-1,-1,-1
190,843,516.68,369.53,52.81,95.06,0.9726,-1,-1,-1
190,844,1762.1,214.81,47.1,74.62,0.9697,-1,-1,-1
190,837,1245.99,844.88,51.18,150.49,0.9692,-1,-1,-1
190,851,1740.54,420.97,39.85,109.56,0.9689,-1,-1,-1
190,846,1535.38,297.74,47.08,82.75,0.9684,-1,-1,-1
190,836,587.2,465.35,42.58,104.02,0.9676,-1,-1,-1
190,838,584.53,308.33,34.75,82.92,0.9624,-1,-1,-1
190,840,1879.01,354.03,40.99,90.14,0.9609,-1,-1,-1
190,841,1140.44,357.82,29.01,91.5,0.9608,-1,-1,-1
190,849,1590.82,416.23,26.83,90.13,0.9594,-1,-1,-1
190,839,903.87,188.64,30.3,76.82,0.9532,-1,-1,-1
190,842,1358.94,262.01,23.08,83.45,0.9491,-1,-1,-1
190,860,1437.36,150.74,19.26,63.13,0.932,-1,-1,-1
190,857,56.0,952.02,65.77,125.17,0.9318,-1,-1,-1
191,834,1278.74,554.01,49.52,113.37,0.977,-1,-1,-1
191,837,1241.74,843.8,52.92,150.57,0.9744,-1,-1,-1
191,836,587.42,465.41,41.17,103.99,0.9718,-1,-1,-1
191,843,516.1,367.11,50.74,97.8,0.9716,-1,-1,-1
191,846,1534.64,298.14,46.11,82.45,0.9711,-1,-1,-1
191,845,1056.7,577.86,47.43,110.62,0.9705,-1,-1,-1
191,844,1759.63,215.01,47.88,74.27,0.9691,-1,-1,-1
191,851,1736.51,419.83,41.07,108.5,0.9683,-1,-1,-1
191,840,1880.53,350.74,39.47,93.59,0.9642,-1,-1,-1
191,858,27.09,550.28,43.6,121.87,0.9601,-1,-1,-1
191,849,1590.47,416.7,27.37,89.78,0.9575,-1,-1,-1
191,838,595.66,308.88,27.44,83.3,0.9568,-1,-1,-1
191,841,1137.23,355.64,27.46,92.82,0.9534,-1,-1,-1
191,839,905.06,190.04,27.67,76.14,0.9509,-1,-1,-1
191,842,1359.6,262.56,23.36,83.3,0.9447,-1,-1,-1
191,860,1436.35,151.64,21.12,63.21,0.9346,-1,-1,-1
191,857,53.83,951.06,62.45,126.83,0.9116,-1,-1,-1
192,834,1278.74,554.01,49.58,113.5,0.977,-1,-1,-1
192,837,1241.72,843.87,52.93,150.5,0.9744,-1,-1,-1
192,843,516.03,367.11,51.15,97.89,0.972,-1,-1,-1
192,836,587.43,465.42,41.15,103.98,0.9717,-1,-1,-1
192,846,1534.67,298.14,46.08,82.37,0.9711,-1,-1,-1
192,845,1056.72,577.96,47.37,110.51,0.9703,-1,-1,-1
192,844,1759.62,214.99,48.03,74.28,0.969,-1,-1,-1
192,851,1736.54,419.83,41.05,108.46,0.9684,-1,-1,-1
192,840,1880.53,350.74,39.47,93.78,0.9643,-1,-1,-1
192,858,27.04,550.29,43.62,121.81,0.9596,-1,-1,-1
192,849,1590.4,416.67,27.46,89.79,0.9574,-1,-1,-1
192,838,595.67,308.87,27.4,83.34,0.9566,-1,-1,-1
192,841,1137.26,355.68,27.44,92.79,0.9533,-1,-1,-1
192,839,905.06,190.04,27.62,76.09,0.9509,-1,-1,-1
192,842,1359.54,262.3,23.48,83.57,0.9467,-1,-1,-1
192,860,1436.45,151.53,21.08,63.41,0.9348,-1,-1,-1
192,857,53.56,950.94,62.99,126.77,0.8983,-1,-1,-1
193,834,1275.5,553.48,48.33,108.56,0.9758,-1,-1,-1
193,837,1238.39,842.55,53.57,152.8,0.974,-1,-1,-1
193,845,1048.87,575.21,46.1,112.29,0.9738,-1,-1,-1
193,836,588.18,463.75,39.54,105.47,0.9711,-1,-1,-1
193,846,1535.04,297.99,43.29,82.39,0.9704,-1,-1,-1
193,851,1733.42,419.94,41.76,106.78,0.9703,-1,-1,-1
193,844,1758.29,214.74,47.14,74.56,0.9697,-1,-1,-1
193,843,514.1,364.07,51.86,98.48,0.9693,-1,-1,-1
193,840,1883.21,351.04,36.79,92.55,0.9577,-1,-1,-1
193,858,26.13,551.33,41.75,120.84,0.9574,-1,-1,-1
193,849,1588.09,417.28,28.19,89.75,0.9532,-1,-1,-1
193,838,598.18,307.82,29.29,83.01,0.9516,-1,-1,-1
193,839,905.97,190.74,27.55,75.49,0.951,-1,-1,-1
193,841,1134.0,352.94,26.69,96.37,0.9497,-1,-1,-1
193,842,1359.99,262.33,25.94,84.68,0.9467,-1,-1,-1
193,860,1434.18,151.82,25.67,63.48,0.9403,-1,-1,-1
193,857,51.55,950.42,58.01,127.53,0.9101,-1,-1,-1
194,834,1272.41,553.47,44.14,103.89,0.9762,-1,-1,-1
194,837,1235.93,842.12,53.98,152.36,0.974,-1,-1,-1
194,845,1042.61,571.01,44.92,115.14,0.9736,-1,-1,-1
194,844,1758.06,213.66,45.06,74.94,0.9694,-1,-1,-1
194,843,513.84,362.71,53.04,95.56,0.9692,-1,-1,-1
194,836,590.91,460.55,38.04,105.85,0.9683,-1,-1,-1
194,846,1537.06,297.45,39.46,83.24,0.9678,-1,-1,-1
194,851,1730.76,420.12,42.87,105.19,0.9673,-1,-1,-1
194,838,597.98,306.73,32.51,84.47,0.9655,-1,-1,-1
194,858,27.18,550.72,39.04,120.97,0.9617,-1,-1,-1
194,860,1432.0,152.93,31.8,62.36,0.9555,-1,-1,-1
194,839,907.46,189.98,26.47,76.5,0.9489,-1,-1,-1
194,849,1587.25,417.53,28.67,89.21,0.9488,-1,-1,-1
194,842,1359.61,263.51,29.86,85.33,0.9471,-1,-1,-1
194,841,1129.69,350.8,27.54,97.24,0.9466,-1,-1,-1
194,840,1885.71,351.01,34.29,93.84,0.9316,-1,-1,-1
194,857,50.53,949.53,54.81,128.67,0.834,-1,-1,-1
195,837,1231.84,840.87,56.64,150.77,0.9736,-1,-1,-1
195,834,1270.05,553.62,41.2,103.8,0.9714,-1,-1,-1
195,845,1039.04,566.04,43.42,119.24,0.9707,-1,-1,-1
195,838,597.51,306.05,41.79,85.37,0.9698,-1,-1,-1
195,843,515.16,362.85,52.28,92.0,0.9686,-1,-1,-1
195,844,1759.33,213.03,40.71,76.14,0.9666,-1,-1,-1
195,851,1728.78,422.05,43.28,103.95,0.9645,-1,-1,-1
195,836,593.26,458.34,37.3,108.62,0.9632,-1,-1,-1
195,860,1430.36,153.37,36.33,62.69,0.9576,-1,-1,-1
195,846,1543.19,297.41,32.17,83.08,0.9546,-1,-1,-1
195,841,1124.51,349.78,29.79,96.58,0.9469,-1,-1,-1
195,842,1360.04,266.71,30.46,83.0,0.9467,-1,-1,-1
195,849,1585.35,417.56,30.44,90.53,0.9464,-1,-1,-1
195,858,30.27,551.93,34.86,120.7,0.9419,-1,-1,-1
195,839,908.96,189.13,29.07,78.27,0.9358,-1,-1,-1
195,840,1886.96,349.94,32.91,95.34,0.8949,-1,-1,-1
195,857,48.51,951.43,54.17,128.57,0.3685,-1,-1,-1
196,837,1228.74,840.04,58.51,150.84,0.9711,-1,-1,-1
196,845,1028.99,563.14,51.84,120.23,0.9698,-1,-1,-1
196,834,1266.77,550.67,37.93,108.52,0.9686,-1,-1,-1
196,843,515.67,363.59,52.61,90.43,0.9684,-1,-1,-1
196,838,599.03,306.13,48.15,86.49,0.9678,-1,-1,-1
196,836,595.12,452.83,36.94,114.27,0.9656,-1,-1,-1
196,849,1583.2,418.45,31.9,90.42,0.9637,-1,-1,-1
196,844,1761.45,211.81,36.48,78.41,0.9623,-1,-1,-1
196,851,1728.01,424.38,42.43,102.37,0.9583,-1,-1,-1
196,842,1361.12,268.79,33.08,81.75,0.9538,-1,-1,-1
196,860,1427.97,153.74,38.86,63.82,0.9528,-1,-1,-1
196,846,1550.38,297.1,24.39,84.42,0.9526,-1,-1,-1
196,839,908.61,188.57,32.8,79.12,0.9511,-1,-1,-1
196,841,1121.74,351.17,30.78,92.8,0.9505,-1,-1,-1
196,858,33.23,553.48,31.15,120.29,0.9494,-1,-1,-1
196,840,1887.17,350.49,31.16,93.68,0.8759,-1,-1,-1
197,845,1023.82,562.77,54.89,116.52,0.9745,-1,-1,-1
197,837,1226.87,839.72,59.11,149.29,0.974,-1,-1,-1
197,836,593.41,452.36,40.92,108.75,0.9716,-1,-1,-1
197,843,520.55,363.62,50.03,90.26,0.9707,-1,-1,-1
197,838,601.95,308.37,46.38,83.78,0.9706,-1,-1,-1
197,834,1263.53,549.51,36.23,109.68,0.9664,-1,-1,-1
197,849,1581.26,420.71,33.62,88.92,0.9645,-1,-1,-1
197,841,1118.26,351.26,32.9,88.83,0.9631,-1,-1,-1
197,839,909.22,190.04,33.44,79.39,0.9604,-1,-1,-1
197,860,1427.67,156.66,39.49,62.52,0.952,-1,-1,-1
197,844,1766.2,212.07,29.75,80.51,0.9498,-1,-1,-1
197,846,1552.01,298.52,23.75,84.31,0.9481,-1,-1,-1
197,858,37.62,555.28,28.95,120.41,0.9445,-1,-1,-1
197,842,1361.55,271.49,35.65,79.88,0.9217,-1,-1,-1
197,851,1725.63,426.46,41.63,102.24,0.9034,-1,-1,-1
197,840,1887.36,353.23,31.33,94.5,0.8968,-1,-1,-1
197,857,46.33,951.81,49.86,128.19,0.414,-1,-1,-1
198,845,1023.88,562.76,55.02,116.56,0.9745,-1,-1,-1
198,837,1226.9,839.75,59.05,149.28,0.9739,-1,-1,-1
198,836,593.34,452.34,40.95,108.89,0.9712,-1,-1,-1
198,843,520.52,363.6,50.03,90.31,0.9708,-1,-1,-1
198,838,601.91,308.35,46.43,83.75,0.9706,-1,-1,-1
198,834,1263.53,549.51,36.23,109.7,0.9664,-1,-1,-1
198,849,1581.21,420.72,33.65,88.94,0.9644,-1,-1,-1
198,841,1118.24,351.27,32.93,88.8,0.9631,-1,-1,-1
198,839,909.22,190.04,33.42,79.41,0.9604,-1,-1,-1
198,860,1427.66,156.61,39.49,62.61,0.9523,-1,-1,-1
198,844,1766.14,212.05,29.76,80.53,0.9507,-1,-1,-1
198,846,1552.03,298.54,23.75,84.32,0.9481,-1,-1,-1
198,858,37.65,555.32,29.04,120.36,0.9445,-1,-1,-1
198,842,1361.53,271.47,35.73,79.91,0.9238,-1,-1,-1
198,851,1725.64,426.48,41.61,102.2,0.9092,-1,-1,-1
198,840,1887.27,353.32,31.34,94.35,0.901,-1,-1,-1
199,836,592.03,451.74,45.61,104.53,0.9773,-1,-1,-1
199,837,1225.43,838.72,57.42,148.51,0.9745,-1,-1,-1
199,845,1015.72,561.47,59.12,110.28,0.9706,-1,-1,-1
199,843,524.29,363.39,47.29,91.66,0.9703,-1,-1,-1
199,838,606.37,310.59,40.75,82.37,0.9702,-1,-1,-1
199,834,1258.75,545.79,38.31,111.76,0.9693,-1,-1,-1
199,841,1114.39,353.29,34.09,87.35,0.9654,-1,-1,-1
199,839,909.68,192.45,32.25,78.28,0.9611,-1,-1,-1
199,849,1580.26,421.82,32.0,88.55,0.9523,-1,-1,-1
199,858,35.98,557.4,33.67,121.46,0.952,-1,-1,-1
199,844,1769.36,212.24,24.94,81.27,0.9506,-1,-1,-1
199,860,1429.98,156.85,36.52,64.36,0.9501,-1,-1,-1
199,846,1553.01,300.03,23.94,83.57,0.9486,-1,-1,-1
199,851,1725.4,426.19,39.98,103.29,0.9379,-1,-1,-1
199,840,1885.07,355.68,32.58,92.12,0.9081,-1,-1,-1
199,842,1362.0,280.77,33.46,72.55,0.7723,-1,-1,-1
200,836,593.09,452.35,47.01,101.03,0.9767,-1,-1,-1
200,858,35.11,560.98,38.66,119.0,0.9731,-1,-1,-1
200,845,1008.62,563.34,64.02,104.15,0.972,-1,-1,-1
200,834,1254.19,543.73,41.69,113.9,0.9707,-1,-1,-1
200,837,1224.37,836.8,55.92,145.84,0.9707,-1,-1,-1
200,843,528.61,362.05,42.59,93.57,0.9652,-1,-1,-1
200,839,910.33,194.2,30.59,77.78,0.9595,-1,-1,-1
200,846,1551.99,301.99,27.77,84.25,0.9543,-1,-1,-1
200,841,1112.08,353.91,32.42,86.78,0.9513,-1,-1,-1
200,844,1770.38,214.38,23.1,80.79,0.9512,-1,-1,-1
200,849,1579.7,423.01,31.06,88.85,0.9485,-1,-1,-1
200,838,614.38,312.66,32.73,82.3,0.9484,-1,-1,-1
200,842,1361.95,274.23,35.06,80.91,0.9416,-1,-1,-1
200,851,1723.94,427.43,38.93,103.57,0.9269,-1,-1,-1
200,840,1882.84,367.94,32.19,81.37,0.9199,-1,-1,-1
200,860,1433.47,157.0,33.75,65.65,0.893,-1,-1,-1
201,858,33.95,561.63,47.53,120.01,0.9742,-1,-1,-1
201,836,597.35,453.95,46.63,100.24,0.9742,-1,-1,-1
201,837,1223.28,836.27,55.04,140.47,0.9717,-1,-1,-1
201,834,1250.02,543.97,42.84,112.29,0.9692,-1,-1,-1
201,841,1108.71,353.0,32.37,90.05,0.9681,-1,-1,-1
201,845,997.16,563.75,68.05,103.96,0.9667,-1,-1,-1
201,843,530.05,360.98,42.89,94.84,0.964,-1,-1,-1
201,846,1551.65,304.84,32.03,83.09,0.96,-1,-1,-1
201,839,910.53,196.53,30.06,76.83,0.9596,-1,-1,-1
201,849,1578.76,424.67,30.7,89.95,0.9589,-1,-1,-1
201,842,1361.6,274.11,35.34,81.3,0.9538,-1,-1,-1
201,838,623.36,314.78,29.27,81.51,0.9482,-1,-1,-1
201,844,1770.55,216.45,22.04,80.5,0.9352,-1,-1,-1
201,840,1878.33,362.52,35.93,88.13,0.9142,-1,-1,-1
201,851,1721.76,435.83,35.07,96.01,0.8017,-1,-1,-1
201,857,41.18,949.19,49.21,128.35,0.4574,-1,-1,-1
202,834,1244.55,544.52,44.98,112.24,0.9747,-1,-1,-1
202,837,1222.13,836.24,53.56,141.37,0.9726,-1,-1,-1
202,836,600.98,455.32,46.15,100.74,0.972,-1,-1,-1
202,858,32.43,563.64,56.83,120.9,0.9682,-1,-1,-1
202,840,1873.52,358.94,40.39,95.99,0.9664,-1,-1,-1
202,845,987.84,564.68,66.31,105.04,0.9661,-1,-1,-1
202,843,532.04,361.34,38.6,94.08,0.966,-1,-1,-1
202,841,1105.73,352.62,32.09,91.57,0.9641,-1,-1,-1
202,846,1549.65,306.57,35.64,83.11,0.9633,-1,-1,-1
202,849,1578.27,427.18,30.21,89.4,0.9604,-1,-1,-1
202,839,910.76,199.01,28.51,75.44,0.9579,-1,-1,-1
202,842,1362.9,274.53,32.75,81.87,0.9498,-1,-1,-1
202,838,626.91,315.93,29.83,82.71,0.9487,-1,-1,-1
202,844,1768.92,218.91,22.82,79.95,0.9421,-1,-1,-1
202,857,39.28,949.37,50.61,128.29,0.9221,-1,-1,-1
202,851,1719.05,439.04,35.55,89.41,0.8654,-1,-1,-1
203,837,1219.9,837.38,51.08,143.42,0.975,-1,-1,-1
203,834,1240.01,546.15,44.78,108.16,0.9741,-1,-1,-1
203,836,605.37,453.96,43.86,103.24,0.9739,-1,-1,-1
203,846,1548.08,310.45,39.95,82.13,0.9718,-1,-1,-1
203,858,30.93,566.6,60.62,120.43,0.9696,-1,-1,-1
203,845,978.9,564.13,66.71,106.83,0.9682,-1,-1,-1
203,843,532.79,362.79,39.17,90.05,0.9628,-1,-1,-1
203,841,1102.28,352.75,32.09,93.86,0.9614,-1,-1,-1
203,840,1871.95,360.72,41.78,94.32,0.9608,-1,-1,-1
203,838,627.73,316.34,33.09,83.68,0.9604,-1,-1,-1
203,849,1577.98,429.87,29.47,88.05,0.9583,-1,-1,-1
203,842,1363.16,273.9,30.84,82.78,0.958,-1,-1,-1
203,857,36.03,952.02,54.31,125.06,0.956,-1,-1,-1
203,839,911.78,200.17,26.3,74.89,0.9541,-1,-1,-1
203,844,1770.09,222.52,21.78,78.34,0.9384,-1,-1,-1
203,851,1716.9,431.51,36.44,96.44,0.8924,-1,-1,-1
204,837,1219.91,837.36,51.04,143.41,0.9751,-1,-1,-1
204,834,1239.99,546.14,44.96,108.26,0.9745,-1,-1,-1
204,836,605.31,453.95,43.91,103.22,0.974,-1,-1,-1
204,846,1547.97,310.47,40.06,82.08,0.9718,-1,-1,-1
204,858,30.98,566.6,60.58,120.45,0.9695,-1,-1,-1
204,845,978.83,564.12,66.82,106.83,0.9681,-1,-1,-1
204,843,532.7,362.77,39.32,90.06,0.9627,-1,-1,-1
204,841,1102.29,352.76,32.08,93.8,0.9617,-1,-1,-1
204,840,1871.99,360.67,41.73,94.44,0.9608,-1,-1,-1
204,838,627.74,316.36,33.18,83.72,0.9606,-1,-1,-1
204,849,1577.85,429.84,29.6,88.03,0.9583,-1,-1,-1
204,842,1363.14,273.93,30.87,82.77,0.9579,-1,-1,-1
204,857,36.01,952.01,54.37,125.08,0.9569,-1,-1,-1
204,839,911.81,200.17,26.28,74.91,0.9542,-1,-1,-1
204,844,1770.13,222.7,21.74,78.2,0.9377,-1,-1,-1
204,851,1716.66,431.34,36.68,96.77,0.8897,-1,-1,-1
205,836,608.13,451.89,44.26,106.63,0.979,-1,-1,-1
205,837,1218.05,838.0,50.88,145.13,0.9768,-1,-1,-1
205,834,1235.59,549.52,44.72,103.12,0.9748,-1,-1,-1
205,858,30.19,569.37,63.44,120.71,0.9745,-1,-1,-1
205,846,1546.65,312.03,42.27,82.43,0.974,-1,-1,-1
205,840,1868.62,361.05,44.26,94.27,0.9683,-1,-1,-1
205,843,536.73,364.94,36.38,87.3,0.9644,-1,-1,-1
205,838,629.82,316.64,38.68,85.76,0.9636,-1,-1,-1
205,845,976.44,562.17,65.82,110.49,0.963,-1,-1,-1
205,849,1577.81,431.26,29.06,88.36,0.9605,-1,-1,-1
205,842,1363.41,274.19,29.5,83.63,0.9604,-1,-1,-1
205,841,1099.64,351.97,30.95,95.05,0.9541,-1,-1,-1
205,857,34.35,951.47,56.74,125.83,0.9535,-1,-1,-1
205,839,912.57,200.58,24.48,75.53,0.9501,-1,-1,-1
205,844,1769.58,224.87,23.06,78.85,0.9436,-1,-1,-1
205,851,1714.8,430.79,37.32,97.32,0.9104,-1,-1,-1
206,858,29.76,571.64,62.77,120.99,0.9747,-1,-1,-1
206,837,1216.48,839.0,48.85,146.1,0.9746,-1,-1,-1
206,834,1231.22,550.58,43.16,103.19,0.974,-1,-1,-1
206,836,611.61,450.31,43.56,110.16,0.9736,-1,-1,-1
206,846,1546.4,314.01,42.36,82.67,0.9735,-1,-1,-1
206,840,1865.32,362.72,47.41,93.66,0.9719,-1,-1,-1
206,845,971.52,561.13,64.96,109.63,0.9699,-1,-1,-1
206,838,630.99,317.83,43.86,85.72,0.9694,-1,-1,-1
206,841,1096.94,352.67,31.53,95.8,0.965,-1,-1,-1
206,843,542.38,368.31,32.23,84.2,0.9623,-1,-1,-1
206,842,1363.65,275.18,30.1,83.95,0.959,-1,-1,-1
206,849,1578.02,432.46,28.02,90.49,0.9577,-1,-1,-1
206,857,32.91,951.03,57.82,127.8,0.9574,-1,-1,-1
206,844,1769.34,227.7,23.36,78.8,0.9481,-1,-1,-1
206,839,913.28,199.83,23.49,77.53,0.947,-1,-1,-1
206,851,1712.52,431.56,38.41,98.54,0.9288,-1,-1,-1
206,860,1444.48,171.43,28.11,61.75,0.7735,-1,-1,-1
207,837,1208.85,840.88,54.46,146.65,0.9741,-1,-1,-1
207,845,966.58,560.52,63.84,111.4,0.9741,-1,-1,-1
207,858,31.55,574.21,60.29,120.29,0.9741,-1,-1,-1
207,836,613.57,449.89,43.42,111.22,0.9726,-1,-1,-1
207,846,1547.74,316.57,41.63,81.73,0.9716,-1,-1,-1
207,840,1865.02,363.76,47.89,95.06,0.9711,-1,-1,-1
207,834,1225.99,550.34,41.92,105.26,0.9711,-1,-1,-1
207,838,634.64,319.9,42.39,82.98,0.9706,-1,-1,-1
207,843,544.91,369.81,31.48,84.98,0.9636,-1,-1,-1
207,842,1363.9,277.35,30.07,83.47,0.9575,-1,-1,-1
207,841,1094.52,354.48,31.03,94.4,0.9528,-1,-1,-1
207,849,1576.98,435.75,27.87,90.19,0.9528,-1,-1,-1
207,857,31.12,953.41,60.94,124.55,0.9481,-1,-1,-1
207,844,1769.55,229.5,22.52,79.53,0.9416,-1,-1,-1
207,839,913.21,199.51,23.18,80.29,0.9412,-1,-1,-1
207,851,1712.63,431.39,36.88,100.8,0.8971,-1,-1,-1
207,860,1444.42,172.96,31.98,62.61,0.8948,-1,-1,-1
208,837,1201.6,843.26,59.71,145.57,0.9772,-1,-1,-1
208,845,960.77,562.03,64.08,110.28,0.9761,-1,-1,-1
208,834,1220.71,550.68,40.88,106.04,0.9741,-1,-1,-1
208,836,615.96,449.1,44.24,108.32,0.9736,-1,-1,-1
208,858,35.4,576.67,56.22,119.76,0.9726,-1,-1,-1
208,840,1863.76,365.58,48.91,95.35,0.9687,-1,-1,-1
208,846,1550.96,318.74,38.24,81.54,0.9677,-1,-1,-1
208,841,1091.77,356.2,31.24,92.24,0.9632,-1,-1,-1
208,838,640.35,323.03,37.38,81.28,0.9627,-1,-1,-1
208,843,544.96,369.73,35.7,85.88,0.9623,-1,-1,-1
208,842,1363.53,280.54,30.85,82.41,0.9597,-1,-1,-1
208,849,1575.72,437.58,28.51,90.59,0.9525,-1,-1,-1
208,857,28.08,952.65,63.78,127.35,0.9517,-1,-1,-1
208,844,1767.18,230.99,23.7,79.11,0.9475,-1,-1,-1
208,851,1709.62,431.48,38.39,102.99,0.9461,-1,-1,-1
208,839,912.79,202.67,23.91,79.02,0.9442,-1,-1,-1
208,860,1443.49,174.71,37.22,62.95,0.9314,-1,-1,-1
209,858,42.56,577.84,49.76,119.75,0.9753,-1,-1,-1
209,834,1215.21,548.33,41.78,109.95,0.9747,-1,-1,-1
209,836,618.18,449.47,43.19,105.75,0.9734,-1,-1,-1
209,837,1198.59,842.89,58.8,147.06,0.9713,-1,-1,-1
209,845,953.07,561.2,64.0,106.84,0.9698,-1,-1,-1
209,843,543.79,368.53,42.34,89.54,0.9695,-1,-1,-1
209,840,1864.36,367.62,47.39,95.54,0.9674,-1,-1,-1
209,841,1089.12,358.98,30.52,89.38,0.9579,-1,-1,-1
209,842,1363.4,282.74,31.59,83.03,0.9543,-1,-1,-1
209,844,1765.39,232.81,24.6,77.48,0.9486,-1,-1,-1
209,839,911.95,205.06,24.88,77.91,0.9466,-1,-1,-1
209,838,648.05,324.19,30.36,80.41,0.946,-1,-1,-1
209,846,1555.14,320.36,33.99,81.73,0.9459,-1,-1,-1
209,849,1574.94,440.33,27.73,89.63,0.9384,-1,-1,-1
209,860,1443.26,178.29,38.24,61.75,0.9339,-1,-1,-1
209,857,26.08,956.27,62.7,120.4,0.9058,-1,-1,-1
209,851,1708.64,434.85,36.54,101.16,0.875,-1,-1,-1
210,858,42.51,577.81,49.77,119.83,0.9754,-1,-1,-1
210,834,1215.19,548.33,41.86,109.95,0.9749,-1,-1,-1
210,836,618.17,449.48,43.18,105.77,0.9733,-1,-1,-1
210,837,1198.61,842.93,58.8,147.0,0.9712,-1,-1,-1
210,845,953.03,561.25,64.11,106.68,0.9697,-1,-1,-1
210,843,543.8,368.49,42.28,89.58,0.9695,-1,-1,-1
210,840,1864.31,367.59,47.58,95.33,0.9674,-1,-1,-1
210,841,1089.1,358.97,30.49,89.38,0.9578,-1,-1,-1
210,842,1363.41,282.73,31.6,83.06,0.9541,-1,-1,-1
210,844,1765.42,232.78,24.57,77.51,0.9485,-1,-1,-1
210,839,911.96,205.1,24.87,77.88,0.9465,-1,-1,-1
210,846,1555.11,320.38,34.02,81.71,0.9458,-1,-1,-1
210,838,648.21,324.16,30.36,80.43,0.9449,-1,-1,-1
210,849,1574.93,440.31,27.76,89.66,0.9384,-1,-1,-1
210,857,25.95,956.27,62.89,120.46,0.9124,-1,-1,-1
210,860,1443.32,178.22,38.05,61.72,0.91,-1,-1,-1
210,851,1708.59,435.05,36.57,101.02,0.875,-1,-1,-1
211,834,1210.29,547.04,42.57,111.03,0.9777,-1,-1,-1
211,836,620.15,451.06,42.45,99.78,0.9733,-1,-1,-1
211,843,544.37,366.91,50.8,91.21,0.9725,-1,-1,-1
211,837,1196.53,843.25,57.12,147.38,0.9706,-1,-1,-1
211,840,1861.57,368.69,49.9,95.4,0.9702,-1,-1,-1
211,858,48.62,578.08,44.15,121.38,0.9701,-1,-1,-1
211,845,948.67,563.55,57.68,99.24,0.9694,-1,-1,-1
211,841,1086.67,360.44,29.78,89.08,0.9642,-1,-1,-1
211,842,1362.6,286.84,32.64,80.95,0.961,-1,-1,-1
211,860,1441.86,181.59,38.83,60.84,0.9605,-1,-1,-1
211,846,1558.14,321.22,31.07,82.02,0.9557,-1,-1,-1
211,838,656.11,326.71,27.89,80.25,0.9469,-1,-1,-1
211,844,1764.75,232.74,23.7,78.4,0.9451,-1,-1,-1
211,839,911.53,207.06,25.55,76.54,0.9437,-1,-1,-1
211,857,19.26,954.42,69.43,124.82,0.9166,-1,-1,-1
211,849,1576.06,456.41,24.53,73.86,0.8924,-1,-1,-1
211,851,1705.74,447.91,35.28,87.25,0.7907,-1,-1,-1
212,834,1204.61,545.7,44.59,113.26,0.9749,-1,-1,-1
212,845,941.87,564.4,49.43,97.82,0.9734,-1,-1,-1
212,837,1194.5,846.47,57.14,142.42,0.973,-1,-1,-1
212,843,546.8,366.88,52.0,89.75,0.9723,-1,-1,-1
212,840,1861.37,370.0,50.46,94.6,0.9705,-1,-1,-1
212,836,620.89,452.64,42.26,100.15,0.9704,-1,-1,-1
212,842,1361.59,288.98,32.21,81.02,0.9647,-1,-1,-1
212,838,657.82,326.68,31.65,80.92,0.9623,-1,-1,-1
212,858,54.15,579.77,37.61,121.82,0.9607,-1,-1,-1
212,841,1083.02,360.96,28.62,88.58,0.9599,-1,-1,-1
212,846,1560.75,322.34,29.71,82.46,0.954,-1,-1,-1
212,860,1442.68,184.66,38.55,61.03,0.9458,-1,-1,-1
212,857,11.79,957.81,74.88,115.88,0.9456,-1,-1,-1
212,844,1762.75,232.46,24.47,79.49,0.9438,-1,-1,-1
212,839,911.4,209.95,26.56,74.24,0.9385,-1,-1,-1
212,849,1572.85,460.73,26.1,71.27,0.9216,-1,-1,-1
212,851,1703.73,447.13,35.27,88.37,0.8363,-1,-1,-1
212,866,1569.84,439.21,26.11,56.34,0.5323,-1,-1,-1
213,837,1191.17,842.97,56.57,146.08,0.9787,-1,-1,-1
213,834,1199.39,545.76,45.45,112.16,0.9761,-1,-1,-1
213,836,621.78,453.69,41.2,99.35,0.9707,-1,-1,-1
213,840,1860.65,370.45,51.3,95.47,0.9696,-1,-1,-1
213,838,657.54,325.42,35.08,83.02,0.9696,-1,-1,-1
213,843,549.1,367.47,49.94,87.23,0.9689,-1,-1,-1
213,842,1360.13,291.06,32.67,80.45,0.967,-1,-1,-1
213,858,56.39,580.91,36.3,120.84,0.9655,-1,-1,-1
213,845,934.71,563.82,47.28,98.17,0.9649,-1,-1,-1
213,857,5.51,954.68,79.36,121.63,0.9618,-1,-1,-1
213,841,1078.32,359.54,27.94,91.18,0.9569,-1,-1,-1
213,839,911.57,212.54,27.46,73.25,0.9516,-1,-1,-1
213,846,1561.28,323.67,29.46,82.73,0.9502,-1,-1,-1
213,844,1761.3,231.94,23.67,79.82,0.9455,-1,-1,-1
213,849,1568.99,459.28,28.28,73.89,0.9146,-1,-1,-1
213,860,1443.93,187.02,39.41,60.12,0.8172,-1,-1,-1
213,851,1700.75,442.58,36.49,96.46,0.7802,-1,-1,-1
213,866,1566.79,440.22,27.1,59.04,0.4466,-1,-1,-1
214,834,1194.31,545.95,46.75,108.32,0.9772,-1,-1,-1
214,837,1190.52,841.77,52.17,143.56,0.9748,-1,-1,-1
214,845,926.21,561.42,52.74,99.63,0.9738,-1,-1,-1
214,836,624.37,452.12,38.82,100.86,0.971,-1,-1,-1
214,858,56.99,581.98,36.64,121.62,0.9702,-1,-1,-1
214,843,552.96,366.75,48.26,86.93,0.9689,-1,-1,-1
214,838,657.82,324.01,39.45,84.24,0.9687,-1,-1,-1
214,840,1860.45,372.59,50.52,92.89,0.9651,-1,-1,-1
214,842,1359.14,291.79,32.66,79.73,0.9618,-1,-1,-1
214,841,1075.24,358.63,27.52,91.86,0.9567,-1,-1,-1
214,846,1561.49,324.71,30.33,81.75,0.9534,-1,-1,-1
214,839,909.21,215.74,28.41,70.52,0.9467,-1,-1,-1
214,857,2.76,956.84,78.23,118.66,0.9452,-1,-1,-1
214,844,1760.55,231.32,23.3,80.34,0.9434,-1,-1,-1
214,849,1565.33,453.63,29.91,79.97,0.931,-1,-1,-1
214,860,1448.8,186.0,40.63,62.37,0.7369,-1,-1,-1
214,851,1701.0,443.25,33.25,93.49,0.5751,-1,-1,-1
215,845,915.31,559.05,59.5,102.21,0.9752,-1,-1,-1
215,843,557.78,368.14,44.44,85.84,0.9752,-1,-1,-1
215,834,1189.36,546.96,45.72,103.75,0.9749,-1,-1,-1
215,837,1188.3,840.47,50.22,142.0,0.9745,-1,-1,-1
215,858,57.33,583.4,40.48,121.43,0.9723,-1,-1,-1
215,838,658.75,323.87,47.11,83.61,0.9687,-1,-1,-1
215,836,627.29,449.82,35.54,101.06,0.9653,-1,-1,-1
215,840,1860.15,372.59,46.76,93.06,0.9621,-1,-1,-1
215,842,1357.76,291.71,31.92,79.54,0.9578,-1,-1,-1
215,841,1071.4,357.38,28.42,92.92,0.9548,-1,-1,-1
215,846,1561.95,326.04,33.41,81.45,0.9523,-1,-1,-1
215,839,908.96,217.01,28.33,70.54,0.9487,-1,-1,-1
215,844,1758.8,232.17,23.28,78.79,0.9465,-1,-1,-1
215,857,2.68,955.85,76.15,119.95,0.944,-1,-1,-1
215,849,1561.61,451.79,31.44,82.31,0.9277,-1,-1,-1
215,851,1696.63,443.88,35.0,95.47,0.8583,-1,-1,-1
215,860,1455.12,185.96,32.84,61.05,0.7999,-1,-1,-1
215,866,1560.37,440.47,25.77,57.18,0.3386,-1,-1,-1
216,843,557.78,368.14,44.46,85.87,0.9752,-1,-1,-1
216,845,915.3,559.05,59.53,102.19,0.9752,-1,-1,-1
216,834,1189.35,546.96,45.7,103.76,0.9749,-1,-1,-1
216,837,1188.29,840.47,50.22,141.98,0.9745,-1,-1,-1
216,858,57.34,583.41,40.47,121.41,0.9723,-1,-1,-1
216,838,658.75,323.87,47.12,83.61,0.9687,-1,-1,-1
216,836,627.38,449.82,35.38,101.03,0.9646,-1,-1,-1
216,840,1860.14,372.57,46.76,93.07,0.9621,-1,-1,-1
216,842,1357.76,291.72,31.91,79.54,0.9579,-1,-1,-1
216,841,1071.41,357.39,28.41,92.94,0.955,-1,-1,-1
216,846,1561.97,326.02,33.39,81.46,0.9523,-1,-1,-1
216,839,908.95,217.01,28.35,70.54,0.9487,-1,-1,-1
216,844,1758.8,232.16,23.28,78.79,0.9466,-1,-1,-1
216,857,2.68,955.85,76.17,119.93,0.944,-1,-1,-1
216,849,1561.58,451.52,31.49,82.6,0.9279,-1,-1,-1
216,851,1696.66,443.91,34.97,95.42,0.8578,-1,-1,-1
216,860,1455.11,185.97,32.84,61.09,0.8153,-1,-1,-1
216,866,1560.36,440.41,25.81,57.34,0.3007,-1,-1,-1
217,837,1185.49,838.42,49.02,139.63,0.978,-1,-1,-1
217,858,57.99,584.43,45.18,119.83,0.9774,-1,-1,-1
217,834,1185.87,546.8,41.65,102.28,0.9723,-1,-1,-1
217,838,660.66,324.57,49.25,81.22,0.9713,-1,-1,-1
217,846,1560.95,326.4,38.16,81.94,0.9674,-1,-1,-1
217,845,904.46,557.35,63.73,102.6,0.9662,-1,-1,-1
217,843,564.53,367.48,43.33,85.87,0.9647,-1,-1,-1
217,842,1356.09,291.01,31.63,79.52,0.9608,-1,-1,-1
217,836,630.86,445.93,34.6,105.39,0.9592,-1,-1,-1
217,840,1859.8,374.54,45.06,90.43,0.9575,-1,-1,-1
217,839,908.3,218.27,27.61,70.18,0.9545,-1,-1,-1
217,841,1068.91,356.21,28.14,93.12,0.9536,-1,-1,-1
217,857,1.93,954.64,73.44,119.98,0.9532,-1,-1,-1
217,844,1756.96,233.53,23.43,77.51,0.9485,-1,-1,-1
217,860,1457.23,187.06,30.36,60.81,0.9452,-1,-1,-1
217,849,1559.37,452.16,30.85,81.75,0.9351,-1,-1,-1
217,851,1693.37,438.29,34.65,97.9,0.8763,-1,-1,-1
217,866,1558.83,439.29,24.59,59.46,0.4281,-1,-1,-1
218,858,56.77,585.75,48.26,120.12,0.9782,-1,-1,-1
218,837,1181.74,837.0,47.81,139.61,0.9756,-1,-1,-1
218,845,887.54,555.63,73.78,102.67,0.9744,-1,-1,-1
218,838,664.14,324.55,45.91,80.75,0.9743,-1,-1,-1
218,846,1559.66,327.06,41.72,82.15,0.9686,-1,-1,-1
218,843,572.69,367.42,41.3,87.1,0.9664,-1,-1,-1
218,836,629.62,444.17,37.08,106.27,0.9624,-1,-1,-1
218,842,1353.81,290.91,31.68,78.27,0.959,-1,-1,-1
218,840,1859.17,374.23,42.35,90.1,0.9586,-1,-1,-1
218,834,1181.9,544.97,36.58,105.4,0.9583,-1,-1,-1
218,839,906.42,219.41,27.12,68.56,0.957,-1,-1,-1
218,844,1754.37,234.14,24.15,77.43,0.9522,-1,-1,-1
218,857,0.53,951.3,71.67,127.42,0.9489,-1,-1,-1
218,841,1065.49,356.95,28.83,90.07,0.9474,-1,-1,-1
218,860,1459.48,185.41,30.25,62.86,0.9313,-1,-1,-1
218,851,1690.96,436.43,35.29,96.47,0.9273,-1,-1,-1
218,849,1555.67,444.83,33.05,88.77,0.9125,-1,-1,-1
219,845,875.06,555.7,76.31,100.79,0.9765,-1,-1,-1
219,858,54.19,586.92,45.91,120.79,0.9759,-1,-1,-1
219,837,1176.75,837.0,49.35,140.21,0.9747,-1,-1,-1
219,846,1557.6,328.72,45.66,81.29,0.9719,-1,-1,-1
219,838,668.5,325.91,38.4,81.2,0.9706,-1,-1,-1
219,836,626.38,443.65,41.7,100.35,0.9675,-1,-1,-1
219,834,1176.87,543.31,34.07,106.35,0.9647,-1,-1,-1
219,840,1858.2,370.33,42.19,92.45,0.9622,-1,-1,-1
219,843,580.22,364.77,35.23,90.04,0.9591,-1,-1,-1
219,842,1352.15,290.35,31.67,77.04,0.9585,-1,-1,-1
219,841,1062.51,357.94,30.29,86.81,0.9573,-1,-1,-1
219,839,903.62,217.14,27.46,70.99,0.9543,-1,-1,-1
219,844,1753.36,235.24,23.2,76.98,0.9462,-1,-1,-1
219,860,1458.89,185.62,37.52,62.63,0.9389,-1,-1,-1
219,851,1688.3,434.09,35.27,98.83,0.9382,-1,-1,-1
219,849,1554.79,444.93,31.99,88.16,0.9242,-1,-1,-1
219,857,0.0,950.54,65.75,127.42,0.9022,-1,-1,-1
220,845,866.16,556.0,74.54,101.34,0.9768,-1,-1,-1
220,837,1169.89,836.9,52.27,140.69,0.976,-1,-1,-1
220,858,51.95,588.32,44.84,121.65,0.9746,-1,-1,-1
220,846,1555.72,330.12,47.7,80.83,0.972,-1,-1,-1
220,836,624.0,442.81,44.33,96.5,0.9718,-1,-1,-1
220,842,1347.96,289.65,33.59,77.41,0.9676,-1,-1,-1
220,843,580.68,362.8,37.95,91.64,0.9638,-1,-1,-1
220,840,1857.77,369.66,39.56,93.02,0.9625,-1,-1,-1
220,849,1552.87,438.26,32.17,92.21,0.9572,-1,-1,-1
220,834,1171.09,540.4,32.78,108.63,0.9563,-1,-1,-1
220,839,900.42,217.11,27.09,71.0,0.9562,-1,-1,-1
220,841,1059.69,358.7,30.8,84.55,0.9529,-1,-1,-1
220,857,0.2,950.99,59.34,128.36,0.9479,-1,-1,-1
220,838,675.87,326.2,31.54,80.07,0.9464,-1,-1,-1
220,851,1685.09,433.51,35.06,98.67,0.941,-1,-1,-1
220,844,1750.92,237.32,23.8,75.56,0.9401,-1,-1,-1
220,860,1457.61,185.09,38.48,63.58,0.9352,-1,-1,-1
221,837,1166.13,837.28,52.59,141.23,0.9757,-1,-1,-1
221,836,621.5,443.02,47.79,95.06,0.9733,-1,-1,-1
221,845,855.51,555.73,68.44,102.33,0.971,-1,-1,-1
221,846,1554.1,331.66,47.82,79.49,0.9708,-1,-1,-1
221,858,50.53,588.83,42.45,121.5,0.9679,-1,-1,-1
221,842,1344.83,288.55,34.44,77.95,0.9647,-1,-1,-1
221,843,581.17,361.8,39.99,91.95,0.9646,-1,-1,-1
221,834,1164.11,537.6,34.51,111.15,0.9596,-1,-1,-1
221,841,1056.69,358.35,30.2,83.82,0.9582,-1,-1,-1
221,839,896.19,216.08,28.82,72.74,0.9554,-1,-1,-1
221,860,1456.67,185.7,41.77,62.72,0.9523,-1,-1,-1
221,844,1747.83,236.83,25.48,76.28,0.9507,-1,-1,-1
221,857,0.0,950.64,52.35,129.11,0.9494,-1,-1,-1
221,840,1856.7,369.95,37.11,90.38,0.9492,-1,-1,-1
221,851,1683.34,432.78,33.61,100.39,0.9443,-1,-1,-1
221,838,682.16,324.62,27.07,81.7,0.9415,-1,-1,-1
221,849,1549.77,441.47,32.5,89.23,0.9369,-1,-1,-1
222,837,1166.1,837.29,52.63,141.25,0.9756,-1,-1,-1
222,836,621.54,442.86,47.55,95.35,0.9733,-1,-1,-1
222,845,855.53,555.73,68.45,102.31,0.971,-1,-1,-1
222,846,1554.1,331.66,47.89,79.42,0.9708,-1,-1,-1
222,858,50.54,588.82,42.32,121.49,0.9679,-1,-1,-1
222,842,1344.82,288.53,34.41,78.0,0.9649,-1,-1,-1
222,843,580.96,361.77,40.38,92.1,0.9646,-1,-1,-1
222,834,1164.13,537.51,34.52,111.24,0.9595,-1,-1,-1
222,841,1056.69,358.35,30.18,83.84,0.9581,-1,-1,-1
222,839,896.1,216.16,28.83,72.65,0.9559,-1,-1,-1
222,860,1456.68,185.4,41.7,63.11,0.9521,-1,-1,-1
222,844,1747.79,236.85,25.5,76.25,0.9509,-1,-1,-1
222,840,1856.62,369.85,37.21,90.54,0.9502,-1,-1,-1
222,857,0.0,950.66,52.36,129.13,0.9487,-1,-1,-1
222,851,1683.34,432.62,33.72,100.58,0.9451,-1,-1,-1
222,838,682.2,324.64,27.0,81.69,0.9414,-1,-1,-1
222,849,1549.81,441.65,32.5,89.03,0.9366,-1,-1,-1
223,837,1161.86,837.55,53.18,143.89,0.9714,-1,-1,-1
223,846,1554.14,332.32,46.23,78.99,0.9709,-1,-1,-1
223,845,842.23,554.81,61.56,103.75,0.9703,-1,-1,-1
223,858,47.54,590.42,41.35,122.71,0.9702,-1,-1,-1
223,842,1341.1,287.5,35.25,79.21,0.9689,-1,-1,-1
223,836,623.2,443.48,47.05,94.07,0.9681,-1,-1,-1
223,843,582.36,361.21,40.15,90.95,0.9672,-1,-1,-1
223,849,1546.27,437.17,33.24,93.0,0.965,-1,-1,-1
223,834,1154.56,537.32,39.41,111.29,0.9648,-1,-1,-1
223,841,1052.03,358.58,30.05,83.86,0.9561,-1,-1,-1
223,860,1456.44,185.38,42.42,63.2,0.9557,-1,-1,-1
223,839,891.59,214.64,29.16,73.97,0.9541,-1,-1,-1
223,857,0.01,951.09,45.87,128.24,0.9496,-1,-1,-1
223,844,1746.67,237.75,25.0,75.53,0.9466,-1,-1,-1
223,838,683.95,322.73,23.84,83.7,0.9371,-1,-1,-1
223,840,1854.74,369.84,35.29,90.47,0.9308,-1,-1,-1
223,851,1680.57,432.17,34.82,102.64,0.9299,-1,-1,-1
224,845,831.42,551.8,50.8,106.48,0.9772,-1,-1,-1
224,834,1145.7,537.23,43.52,109.76,0.9742,-1,-1,-1
224,837,1155.38,838.17,56.16,143.74,0.9727,-1,-1,-1
224,858,44.32,590.41,40.07,123.36,0.9684,-1,-1,-1
224,846,1555.79,332.04,42.82,79.29,0.9673,-1,-1,-1
224,843,585.44,361.17,36.51,89.67,0.9643,-1,-1,-1
224,836,623.76,443.09,47.25,95.24,0.9639,-1,-1,-1
224,842,1336.91,286.18,36.55,78.94,0.9628,-1,-1,-1
224,857,0.0,951.9,39.59,126.93,0.9585,-1,-1,-1
224,840,1851.14,369.22,36.31,90.98,0.9585,-1,-1,-1
224,849,1542.87,437.66,34.0,92.8,0.9559,-1,-1,-1
224,839,887.13,214.56,30.4,73.79,0.9557,-1,-1,-1
224,841,1047.32,356.96,30.13,86.32,0.9553,-1,-1,-1
224,860,1458.13,186.68,39.88,63.53,0.9472,-1,-1,-1
224,844,1744.47,236.99,26.24,76.56,0.9459,-1,-1,-1
224,851,1678.44,432.42,35.08,102.26,0.9455,-1,-1,-1
224,838,682.49,320.26,26.94,85.9,0.9426,-1,-1,-1
225,834,1135.32,536.93,50.0,108.34,0.9768,-1,-1,-1
225,845,820.65,549.27,51.91,109.87,0.9762,-1,-1,-1
225,842,1331.7,285.3,38.73,80.04,0.9695,-1,-1,-1
225,837,1150.04,837.21,55.67,144.95,0.9695,-1,-1,-1
225,858,39.54,590.97,39.67,123.73,0.9694,-1,-1,-1
225,836,626.37,440.46,44.84,98.72,0.9694,-1,-1,-1
225,840,1844.76,370.17,39.54,90.39,0.9675,-1,-1,-1
225,846,1558.88,330.2,38.22,81.02,0.967,-1,-1,-1
225,841,1042.72,355.24,31.0,87.62,0.9629,-1,-1,-1
225,838,680.15,319.99,35.39,87.34,0.9616,-1,-1,-1
225,851,1674.26,432.13,37.55,101.66,0.9603,-1,-1,-1
225,849,1537.68,440.54,35.88,89.92,0.9597,-1,-1,-1
225,839,880.54,215.02,31.88,73.46,0.9594,-1,-1,-1
225,843,588.19,362.16,31.68,87.68,0.9585,-1,-1,-1
225,844,1742.7,236.9,27.05,76.43,0.9532,-1,-1,-1
225,860,1460.78,186.62,36.49,64.35,0.9377,-1,-1,-1
225,857,0.0,955.11,32.49,121.79,0.9328,-1,-1,-1
226,834,1129.93,538.51,50.66,107.6,0.9755,-1,-1,-1
226,837,1144.96,838.04,55.69,146.18,0.973,-1,-1,-1
226,845,811.28,546.06,53.03,113.38,0.972,-1,-1,-1
226,836,627.66,438.24,42.39,100.18,0.9705,-1,-1,-1
226,858,35.31,591.07,40.37,125.52,0.9677,-1,-1,-1
226,842,1327.46,285.65,38.59,77.59,0.9665,-1,-1,-1
226,838,680.41,319.15,35.25,86.1,0.9642,-1,-1,-1
226,841,1038.59,352.25,30.21,90.08,0.9628,-1,-1,-1
226,849,1530.59,438.48,38.05,91.54,0.961,-1,-1,-1
226,851,1670.42,431.24,38.96,101.85,0.9589,-1,-1,-1
226,846,1562.05,329.54,34.57,82.04,0.9586,-1,-1,-1
226,840,1840.29,371.94,40.76,89.47,0.9569,-1,-1,-1
226,843,592.5,362.04,26.99,87.09,0.9569,-1,-1,-1
226,844,1740.51,236.36,27.18,75.46,0.9512,-1,-1,-1
226,839,870.56,214.9,36.0,74.15,0.9145,-1,-1,-1
226,857,0.59,954.63,23.04,122.76,0.8755,-1,-1,-1
226,860,1465.02,190.11,31.25,60.83,0.8403,-1,-1,-1
227,834,1125.42,539.11,48.32,103.97,0.9755,-1,-1,-1
227,845,798.51,544.79,56.04,110.95,0.973,-1,-1,-1
227,837,1140.31,838.91,55.03,147.25,0.9719,-1,-1,-1
227,836,625.85,433.42,42.45,104.88,0.9708,-1,-1,-1
227,849,1524.11,439.29,41.62,91.71,0.9704,-1,-1,-1
227,842,1322.89,285.27,38.12,75.37,0.9673,-1,-1,-1
227,851,1667.55,430.53,40.22,101.76,0.9642,-1,-1,-1
227,840,1837.37,369.36,41.72,91.66,0.963,-1,-1,-1
227,839,862.45,217.01,39.44,71.84,0.9611,-1,-1,-1
227,838,680.36,319.0,34.38,86.23,0.9602,-1,-1,-1
227,843,593.26,359.59,25.64,89.31,0.9592,-1,-1,-1
227,846,1567.85,328.15,28.69,82.57,0.9581,-1,-1,-1
227,858,27.82,592.84,41.96,125.67,0.9571,-1,-1,-1
227,841,1033.12,349.29,30.22,91.15,0.9563,-1,-1,-1
227,844,1739.68,233.95,27.43,76.95,0.95,-1,-1,-1
227,860,1470.16,190.63,24.71,58.9,0.5001,-1,-1,-1
228,834,1125.41,539.07,48.28,103.98,0.9756,-1,-1,-1
228,845,798.47,544.68,56.13,110.86,0.9732,-1,-1,-1
228,837,1140.33,838.91,55.06,147.4,0.9719,-1,-1,-1
228,836,625.88,433.44,42.29,104.91,0.9707,-1,-1,-1
228,849,1524.07,439.23,41.66,91.82,0.9706,-1,-1,-1
228,842,1322.9,285.3,38.09,75.34,0.9672,-1,-1,-1
228,851,1667.55,430.5,40.24,101.78,0.9643,-1,-1,-1
228,840,1837.3,369.22,41.78,91.82,0.9636,-1,-1,-1
228,839,862.43,216.99,39.45,71.87,0.9612,-1,-1,-1
228,838,680.4,318.99,34.33,86.22,0.9602,-1,-1,-1
228,843,593.26,359.62,25.6,89.18,0.9588,-1,-1,-1
228,846,1567.81,328.14,28.75,82.54,0.9582,-1,-1,-1
228,858,28.03,592.15,41.96,126.44,0.9574,-1,-1,-1
228,841,1033.11,349.3,30.29,91.18,0.9563,-1,-1,-1
228,844,1739.65,233.98,27.45,76.91,0.9502,-1,-1,-1
228,867,0.39,969.31,13.42,99.32,0.7616,-1,-1,-1
228,860,1470.19,190.67,24.66,58.88,0.5274,-1,-1,-1
229,834,1119.91,538.99,46.43,104.39,0.9762,-1,-1,-1
229,836,623.63,431.14,43.33,106.29,0.9741,-1,-1,-1
229,845,779.99,544.37,65.61,108.8,0.9727,-1,-1,-1
229,849,1516.19,438.43,46.28,92.14,0.9708,-1,-1,-1
229,837,1135.88,838.3,54.63,146.97,0.9697,-1,-1,-1
229,840,1836.44,367.59,39.62,92.61,0.9679,-1,-1,-1
229,851,1664.2,429.35,41.81,102.39,0.9657,-1,-1,-1
229,858,22.64,593.17,40.84,126.07,0.9657,-1,-1,-1
229,842,1318.02,284.94,35.77,75.96,0.9646,-1,-1,-1
229,843,589.96,358.15,30.85,91.06,0.9594,-1,-1,-1
229,839,854.89,215.44,42.13,74.18,0.9593,-1,-1,-1
229,846,1568.45,327.92,27.69,82.84,0.9559,-1,-1,-1
229,841,1027.86,347.48,31.12,93.73,0.9505,-1,-1,-1
229,844,1739.59,231.47,26.53,78.57,0.9457,-1,-1,-1
229,860,1469.44,188.83,26.04,59.82,0.9403,-1,-1,-1
229,838,679.66,318.78,29.27,84.09,0.9391,-1,-1,-1
230,834,1114.09,536.58,41.67,105.55,0.9761,-1,-1,-1
230,836,622.09,428.4,44.13,105.97,0.9749,-1,-1,-1
230,845,766.37,544.7,69.47,107.05,0.9747,-1,-1,-1
230,837,1131.22,837.78,54.27,147.25,0.9693,-1,-1,-1
230,858,14.66,594.22,43.71,126.91,0.9681,-1,-1,-1
230,849,1511.04,438.4,47.02,90.94,0.9674,-1,-1,-1
230,843,586.02,355.17,36.75,92.88,0.9658,-1,-1,-1
230,839,849.07,216.23,44.5,72.98,0.9657,-1,-1,-1
230,841,1023.39,346.25,31.33,93.88,0.9629,-1,-1,-1
230,842,1313.59,283.88,32.63,76.31,0.9594,-1,-1,-1
230,840,1837.22,369.37,36.37,90.33,0.9573,-1,-1,-1
230,846,1567.39,328.42,29.07,82.79,0.9572,-1,-1,-1
230,838,676.95,318.48,27.61,83.74,0.9502,-1,-1,-1
230,851,1662.54,428.75,39.32,103.12,0.9435,-1,-1,-1
230,844,1740.63,228.69,24.27,79.64,0.9394,-1,-1,-1
230,860,1467.31,186.91,28.79,61.32,0.9326,-1,-1,-1
231,836,622.17,426.24,42.95,103.75,0.9737,-1,-1,-1
231,845,755.34,546.09,65.04,108.74,0.9731,-1,-1,-1
231,849,1505.34,438.08,48.21,89.08,0.9715,-1,-1,-1
231,837,1126.07,837.03,54.24,147.65,0.9707,-1,-1,-1
231,858,4.9,594.33,47.3,128.97,0.9688,-1,-1,-1
231,843,583.02,352.33,41.97,94.64,0.9682,-1,-1,-1
231,839,845.52,215.61,43.58,73.5,0.9676,-1,-1,-1
231,841,1018.06,346.32,32.08,91.27,0.9649,-1,-1,-1
231,842,1308.58,281.0,31.3,79.38,0.9562,-1,-1,-1
231,846,1566.87,329.88,32.28,83.33,0.9546,-1,-1,-1
231,838,672.72,317.4,33.36,83.02,0.9542,-1,-1,-1
231,860,1466.07,183.66,31.91,63.36,0.9507,-1,-1,-1
231,851,1659.65,427.81,39.66,102.76,0.9503,-1,-1,-1
231,834,1108.05,532.66,40.18,109.69,0.9462,-1,-1,-1
231,844,1740.48,227.07,23.82,79.74,0.9402,-1,-1,-1
231,840,1836.73,366.95,34.82,92.52,0.9392,-1,-1,-1
232,843,581.15,349.48,44.31,92.18,0.9726,-1,-1,-1
232,836,620.75,426.56,41.95,97.91,0.9726,-1,-1,-1
232,845,744.03,547.49,62.09,108.17,0.9713,-1,-1,-1
232,837,1124.14,836.29,51.88,145.21,0.971,-1,-1,-1
232,834,1103.07,530.71,39.53,111.54,0.9691,-1,-1,-1
232,858,2.14,594.93,47.07,129.24,0.9676,-1,-1,-1
232,841,1013.14,346.24,31.99,90.08,0.9645,-1,-1,-1
232,851,1656.75,425.45,39.38,101.38,0.9627,-1,-1,-1
232,849,1502.01,438.04,46.75,87.51,0.9621,-1,-1,-1
232,860,1464.78,180.62,38.46,66.61,0.9617,-1,-1,-1
232,842,1302.73,279.35,32.98,80.84,0.9594,-1,-1,-1
232,838,670.23,316.02,37.58,82.23,0.959,-1,-1,-1
232,839,840.87,215.65,44.32,72.58,0.953,-1,-1,-1
232,840,1833.78,364.87,34.22,93.7,0.9454,-1,-1,-1
232,846,1565.22,330.68,38.99,83.1,0.9421,-1,-1,-1
232,844,1740.17,225.72,23.9,79.33,0.9192,-1,-1,-1
233,837,1120.66,834.39,51.31,141.77,0.9764,-1,-1,-1
233,836,619.24,426.12,41.96,97.98,0.9736,-1,-1,-1
233,843,581.98,349.42,43.81,89.83,0.9732,-1,-1,-1
233,834,1097.13,529.08,39.37,112.43,0.9704,-1,-1,-1
233,838,666.45,314.24,43.35,83.35,0.9693,-1,-1,-1
233,845,733.82,546.68,55.07,110.38,0.9682,-1,-1,-1
233,849,1499.77,435.04,45.02,90.14,0.9679,-1,-1,-1
233,839,836.54,214.63,43.62,74.27,0.9663,-1,-1,-1
233,860,1464.93,178.99,41.58,68.12,0.9663,-1,-1,-1
233,841,1008.58,344.83,30.09,89.17,0.9642,-1,-1,-1
233,846,1564.92,332.46,41.61,82.56,0.9634,-1,-1,-1
233,851,1654.03,423.55,39.05,100.58,0.9592,-1,-1,-1
233,842,1297.86,276.59,34.22,83.37,0.9562,-1,-1,-1
233,858,0.89,593.98,44.4,132.71,0.9431,-1,-1,-1
233,840,1831.16,366.69,34.35,92.19,0.9351,-1,-1,-1
233,844,1738.72,225.13,24.59,79.08,0.9308,-1,-1,-1
234,837,1120.62,834.44,51.24,141.81,0.9765,-1,-1,-1
234,836,619.3,426.14,41.9,97.82,0.9733,-1,-1,-1
234,843,581.99,349.44,43.79,89.79,0.9732,-1,-1,-1
234,834,1097.13,529.06,39.4,112.46,0.9705,-1,-1,-1
234,838,666.49,314.26,43.36,83.25,0.9694,-1,-1,-1
234,845,733.55,546.75,55.38,110.34,0.9683,-1,-1,-1
234,849,1500.5,435.08,44.18,90.07,0.9668,-1,-1,-1
234,839,836.58,214.62,43.61,74.27,0.9663,-1,-1,-1
234,860,1464.92,179.02,41.64,68.07,0.9661,-1,-1,-1
234,841,1008.51,344.86,30.15,89.16,0.9641,-1,-1,-1
234,846,1564.9,332.49,41.67,82.55,0.9638,-1,-1,-1
234,851,1653.89,423.59,39.1,100.55,0.9593,-1,-1,-1
234,842,1297.87,276.61,34.17,83.33,0.9559,-1,-1,-1
234,858,0.89,593.95,44.41,132.69,0.9427,-1,-1,-1
234,840,1831.15,366.3,34.38,92.42,0.9358,-1,-1,-1
234,844,1738.78,225.31,24.53,78.96,0.9306,-1,-1,-1
235,837,1120.19,834.2,47.01,139.61,0.9742,-1,-1,-1
235,834,1092.42,527.66,40.14,113.71,0.9708,-1,-1,-1
235,838,664.34,313.18,44.46,81.99,0.9702,-1,-1,-1
235,846,1565.16,334.06,43.87,83.02,0.9694,-1,-1,-1
235,849,1500.74,433.0,40.92,91.58,0.9681,-1,-1,-1
235,836,618.58,424.1,39.4,100.3,0.9676,-1,-1,-1
235,843,583.71,350.54,39.98,87.8,0.9668,-1,-1,-1
235,858,0.27,596.0,40.68,130.29,0.9654,-1,-1,-1
235,839,833.67,214.43,43.21,73.9,0.9653,-1,-1,-1
235,845,721.99,545.86,47.33,111.52,0.965,-1,-1,-1
235,860,1465.25,177.79,42.49,68.94,0.9622,-1,-1,-1
235,842,1293.83,275.37,33.93,83.87,0.962,-1,-1,-1
235,841,1005.23,344.43,28.0,88.84,0.9576,-1,-1,-1
235,840,1828.4,366.95,34.8,87.56,0.9388,-1,-1,-1
235,844,1737.5,225.42,25.25,78.57,0.9347,-1,-1,-1
235,851,1650.93,425.22,36.8,97.86,0.8451,-1,-1,-1
236,837,1117.39,833.98,45.62,141.25,0.9746,-1,-1,-1
236,846,1564.6,334.78,46.99,82.71,0.9724,-1,-1,-1
236,834,1087.9,527.14,41.05,114.34,0.9707,-1,-1,-1
236,849,1498.48,430.07,41.78,95.0,0.9701,-1,-1,-1
236,845,715.42,544.43,41.29,113.95,0.97,-1,-1,-1
236,858,0.47,596.61,36.55,129.35,0.9656,-1,-1,-1
236,839,830.85,213.21,41.85,75.04,0.9651,-1,-1,-1
236,836,619.78,423.09,38.12,101.32,0.9645,-1,-1,-1
236,843,587.31,350.55,37.16,88.85,0.9635,-1,-1,-1
236,840,1825.03,360.94,38.28,93.21,0.9635,-1,-1,-1
236,860,1466.49,181.0,40.09,65.53,0.9619,-1,-1,-1
236,838,663.06,313.74,44.02,79.26,0.9614,-1,-1,-1
236,841,1001.22,341.74,26.88,92.03,0.9595,-1,-1,-1
236,842,1290.35,274.98,33.78,82.46,0.9586,-1,-1,-1
236,844,1736.32,226.24,26.01,78.2,0.9428,-1,-1,-1
236,851,1648.39,426.39,35.13,96.14,0.614,-1,-1,-1
237,845,704.76,542.18,46.91,114.8,0.9771,-1,-1,-1
237,846,1563.44,334.92,48.78,84.0,0.9743,-1,-1,-1
237,837,1115.21,835.34,42.31,142.12,0.9735,-1,-1,-1
237,849,1497.77,428.5,38.79,95.79,0.9701,-1,-1,-1
237,834,1084.78,528.76,40.58,111.25,0.9669,-1,-1,-1
237,840,1824.24,358.54,39.09,94.28,0.9665,-1,-1,-1
237,839,827.75,213.32,41.76,75.26,0.9663,-1,-1,-1
237,842,1286.75,275.29,33.82,79.57,0.9644,-1,-1,-1
237,838,662.41,314.45,41.55,78.0,0.9609,-1,-1,-1
237,843,592.27,351.25,37.25,89.4,0.957,-1,-1,-1
237,860,1467.52,183.32,40.55,62.92,0.9567,-1,-1,-1
237,841,997.66,340.83,26.43,92.48,0.9559,-1,-1,-1
237,836,620.82,421.8,36.54,101.96,0.9534,-1,-1,-1
237,844,1736.23,226.99,26.95,77.15,0.9428,-1,-1,-1
237,858,0.0,593.58,31.49,133.73,0.9267,-1,-1,-1
237,851,1647.57,421.96,35.4,100.99,0.8037,-1,-1,-1
238,837,1112.27,835.9,41.31,143.34,0.9734,-1,-1,-1
238,846,1563.59,334.47,48.97,85.0,0.9733,-1,-1,-1
238,834,1081.04,529.96,41.33,109.21,0.9719,-1,-1,-1
238,845,693.7,539.73,51.1,118.12,0.97,-1,-1,-1
238,849,1497.7,428.15,37.69,96.98,0.9684,-1,-1,-1
238,840,1821.99,358.39,40.55,93.44,0.9657,-1,-1,-1
238,838,660.43,315.29,40.46,76.97,0.9655,-1,-1,-1
238,839,824.32,213.33,41.0,75.26,0.965,-1,-1,-1
238,836,621.16,418.22,35.91,104.56,0.9647,-1,-1,-1
238,860,1472.73,181.2,38.12,63.88,0.9615,-1,-1,-1
238,842,1284.29,275.74,30.23,76.79,0.9593,-1,-1,-1
238,843,597.35,350.37,36.73,88.86,0.9571,-1,-1,-1
238,841,994.61,339.74,25.89,93.01,0.9499,-1,-1,-1
238,844,1736.42,227.15,27.98,76.85,0.9423,-1,-1,-1
238,858,0.0,594.78,25.38,127.07,0.9188,-1,-1,-1
238,851,1644.17,421.65,35.37,101.63,0.7271,-1,-1,-1
239,846,1565.02,333.68,46.51,85.87,0.9727,-1,-1,-1
239,845,674.99,539.4,63.93,116.39,0.9718,-1,-1,-1
239,840,1820.32,357.18,42.33,93.38,0.9703,-1,-1,-1
239,849,1495.94,427.76,37.15,97.13,0.9699,-1,-1,-1
239,834,1077.89,532.15,40.99,104.78,0.968,-1,-1,-1
239,836,619.68,417.39,38.1,105.52,0.9677,-1,-1,-1
239,837,1109.55,836.0,39.72,146.24,0.9677,-1,-1,-1
239,843,598.76,348.5,38.26,91.85,0.9624,-1,-1,-1
239,839,821.1,213.53,41.19,74.23,0.9594,-1,-1,-1
239,838,658.97,314.73,37.45,78.01,0.9591,-1,-1,-1
239,841,991.06,338.13,26.13,93.95,0.9587,-1,-1,-1
239,842,1280.63,275.24,27.25,77.49,0.958,-1,-1,-1
239,844,1738.12,226.45,27.21,76.5,0.9256,-1,-1,-1
239,858,0.04,597.1,20.44,118.9,0.8961,-1,-1,-1
239,851,1639.37,423.53,39.98,99.7,0.8521,-1,-1,-1
239,860,1479.0,177.68,33.96,67.73,0.6036,-1,-1,-1
240,846,1564.98,333.65,46.55,85.94,0.9726,-1,-1,-1
240,845,674.99,539.38,63.88,116.48,0.9719,-1,-1,-1
240,840,1820.34,357.14,42.29,93.47,0.9702,-1,-1,-1
240,849,1495.98,427.82,37.09,97.14,0.9699,-1,-1,-1
240,834,1077.77,532.1,41.11,104.77,0.9686,-1,-1,-1
240,836,619.69,417.4,38.11,105.57,0.9678,-1,-1,-1
240,837,1109.43,835.98,39.75,146.32,0.9675,-1,-1,-1
240,843,598.78,348.5,38.25,91.85,0.9622,-1,-1,-1
240,839,821.1,213.49,41.18,74.29,0.9597,-1,-1,-1
240,841,991.05,338.02,26.12,94.04,0.9586,-1,-1,-1
240,838,659.0,314.73,37.37,77.99,0.9585,-1,-1,-1
240,842,1280.64,275.25,27.23,77.5,0.9579,-1,-1,-1
240,844,1738.07,226.42,27.27,76.55,0.9264,-1,-1,-1
240,858,0.02,597.04,20.42,118.96,0.8968,-1,-1,-1
240,851,1639.44,423.39,39.99,99.86,0.8728,-1,-1,-1
240,860,1478.95,177.49,34.05,67.88,0.6645,-1,-1,-1
241,836,616.57,414.06,44.2,106.5,0.9742,-1,-1,-1
241,845,661.16,539.43,72.32,113.06,0.9723,-1,-1,-1
241,846,1568.7,332.36,42.17,86.96,0.972,-1,-1,-1
241,834,1073.84,531.49,39.63,106.39,0.9711,-1,-1,-1
241,840,1819.43,358.24,41.5,92.91,0.9689,-1,-1,-1
241,837,1102.58,836.22,42.8,145.8,0.968,-1,-1,-1
241,849,1495.11,429.04,36.4,95.23,0.9675,-1,-1,-1
241,843,599.01,346.78,37.61,94.03,0.96,-1,-1,-1
241,839,818.63,213.32,40.56,74.44,0.9583,-1,-1,-1
241,841,988.41,338.55,26.42,91.85,0.9536,-1,-1,-1
241,842,1277.44,273.03,24.37,79.11,0.9488,-1,-1,-1
241,844,1737.82,225.96,28.94,77.07,0.923,-1,-1,-1
241,838,656.92,312.63,33.77,77.39,0.921,-1,-1,-1
241,851,1637.99,422.09,39.54,100.43,0.8819,-1,-1,-1
241,860,1485.48,177.21,29.59,69.08,0.8598,-1,-1,-1
241,858,0.09,607.84,15.34,110.17,0.8014,-1,-1,-1
242,836,615.64,413.93,48.87,100.12,0.978,-1,-1,-1
242,845,651.26,540.77,72.92,113.3,0.9741,-1,-1,-1
242,837,1098.61,835.43,44.81,149.98,0.972,-1,-1,-1
242,834,1068.96,530.51,38.72,106.11,0.9697,-1,-1,-1
242,846,1574.47,330.23,34.96,89.74,0.9681,-1,-1,-1
242,840,1818.1,359.95,39.59,89.75,0.965,-1,-1,-1
242,839,815.86,213.19,41.18,75.38,0.9642,-1,-1,-1
242,849,1493.63,429.51,35.94,92.19,0.9629,-1,-1,-1
242,843,599.99,344.31,37.27,95.21,0.9592,-1,-1,-1
242,842,1272.12,271.45,26.65,80.88,0.9586,-1,-1,-1
242,841,986.29,338.91,27.6,90.16,0.9574,-1,-1,-1
242,838,654.3,311.18,36.64,81.69,0.957,-1,-1,-1
242,851,1635.72,420.91,38.42,102.08,0.9304,-1,-1,-1
242,844,1737.11,225.6,30.59,77.91,0.9252,-1,-1,-1
242,860,1488.75,174.46,28.78,72.37,0.8543,-1,-1,-1
242,858,0.12,625.75,12.48,95.39,0.7996,-1,-1,-1
243,836,614.09,413.86,52.41,98.42,0.9767,-1,-1,-1
243,837,1093.19,837.21,47.27,148.94,0.9717,-1,-1,-1
243,845,645.72,542.07,67.24,112.55,0.9717,-1,-1,-1
243,834,1065.89,529.22,37.04,109.28,0.9677,-1,-1,-1
243,849,1491.59,428.65,34.75,90.7,0.9664,-1,-1,-1
243,846,1577.5,329.57,30.54,90.7,0.9663,-1,-1,-1
243,839,813.38,213.23,42.05,75.48,0.9644,-1,-1,-1
243,840,1816.14,362.91,39.37,86.05,0.963,-1,-1,-1
243,843,603.02,344.38,35.25,91.59,0.9607,-1,-1,-1
243,838,652.16,309.83,35.38,82.19,0.9602,-1,-1,-1
243,842,1268.03,269.05,29.34,82.13,0.9595,-1,-1,-1
243,841,983.43,339.28,28.99,87.91,0.9579,-1,-1,-1
243,851,1632.76,420.46,38.34,102.42,0.952,-1,-1,-1
243,844,1737.1,224.91,31.82,77.81,0.9415,-1,-1,-1
243,858,0.0,634.26,9.48,86.01,0.6618,-1,-1,-1
243,860,1491.55,173.89,27.37,72.84,0.5295,-1,-1,-1
244,836,616.15,413.71,50.35,98.37,0.9771,-1,-1,-1
244,837,1093.64,837.52,43.03,149.28,0.9689,-1,-1,-1
244,845,636.58,541.67,62.27,114.94,0.9659,-1,-1,-1
244,840,1805.87,363.31,48.13,85.9,0.9656,-1,-1,-1
244,834,1060.45,528.38,39.15,109.29,0.9653,-1,-1,-1
244,842,1263.57,267.63,32.39,82.95,0.9649,-1,-1,-1
244,846,1579.21,330.03,29.33,90.96,0.9638,-1,-1,-1
244,839,810.59,213.55,43.17,75.06,0.9634,-1,-1,-1
244,849,1490.04,425.77,32.6,93.06,0.9618,-1,-1,-1
244,841,980.57,337.81,29.44,88.7,0.9591,-1,-1,-1
244,838,650.49,309.24,31.09,81.47,0.954,-1,-1,-1
244,844,1737.72,224.21,32.49,76.94,0.9524,-1,-1,-1
244,843,608.74,343.5,30.61,90.02,0.9447,-1,-1,-1
244,851,1631.44,419.86,36.72,104.28,0.9095,-1,-1,-1
244,860,1493.98,173.64,28.75,73.15,0.8901,-1,-1,-1
244,858,0.26,633.22,9.78,85.49,0.5553,-1,-1,-1
245,836,621.01,413.95,48.09,98.63,0.9757,-1,-1,-1
245,834,1054.3,528.17,42.37,110.41,0.972,-1,-1,-1
245,837,1092.96,837.16,41.02,150.2,0.9714,-1,-1,-1
245,840,1801.22,360.58,50.97,88.62,0.9709,-1,-1,-1
245,839,808.92,214.58,43.53,74.57,0.9662,-1,-1,-1
245,841,978.16,336.19,29.29,89.8,0.9651,-1,-1,-1
245,845,622.37,539.33,61.83,115.68,0.9634,-1,-1,-1
245,849,1488.57,423.84,30.62,94.62,0.9624,-1,-1,-1
245,842,1258.87,266.99,34.29,83.33,0.9618,-1,-1,-1
245,846,1579.41,331.25,29.51,89.59,0.9585,-1,-1,-1
245,843,613.62,341.34,27.41,91.86,0.9548,-1,-1,-1
245,838,648.54,308.64,29.4,81.43,0.9527,-1,-1,-1
245,844,1740.52,223.58,31.7,76.81,0.946,-1,-1,-1
245,860,1496.81,172.7,27.2,74.85,0.905,-1,-1,-1
245,851,1629.31,420.56,37.85,104.21,0.8938,-1,-1,-1
246,836,621.03,413.98,48.1,98.63,0.9756,-1,-1,-1
246,834,1054.19,528.24,42.4,110.35,0.9721,-1,-1,-1
246,837,1093.01,837.17,40.97,150.24,0.9715,-1,-1,-1
246,840,1801.19,360.65,51.0,88.55,0.9704,-1,-1,-1
246,839,808.93,214.59,43.51,74.55,0.9661,-1,-1,-1
246,841,978.16,336.16,29.44,89.92,0.9652,-1,-1,-1
246,845,622.28,539.37,62.01,115.67,0.9636,-1,-1,-1
246,849,1488.57,423.87,30.63,94.61,0.9624,-1,-1,-1
246,842,1258.88,266.98,34.29,83.31,0.9618,-1,-1,-1
246,846,1579.39,331.26,29.53,89.61,0.9586,-1,-1,-1
246,843,613.72,341.32,27.32,91.85,0.9548,-1,-1,-1
246,838,648.52,308.65,29.39,81.41,0.9521,-1,-1,-1
246,844,1740.48,223.6,31.73,76.77,0.9459,-1,-1,-1
246,860,1496.82,172.69,27.2,74.83,0.9063,-1,-1,-1
246,851,1629.26,420.56,37.85,104.11,0.8934,-1,-1,-1
247,837,1090.62,835.8,41.29,149.84,0.9729,-1,-1,-1
247,836,626.46,412.09,43.83,101.15,0.9716,-1,-1,-1
247,834,1049.74,528.61,42.66,111.17,0.9706,-1,-1,-1
247,845,614.87,536.91,54.8,118.95,0.9687,-1,-1,-1
247,839,807.18,214.95,44.92,74.69,0.9663,-1,-1,-1
247,841,976.31,334.54,29.41,91.11,0.9654,-1,-1,-1
247,840,1799.75,363.17,50.26,85.6,0.9647,-1,-1,-1
247,842,1254.64,266.98,35.9,81.82,0.9635,-1,-1,-1
247,846,1579.11,333.28,30.99,90.26,0.9593,-1,-1,-1
247,849,1487.42,423.42,29.49,93.34,0.9499,-1,-1,-1
247,843,615.74,339.77,27.74,93.75,0.9491,-1,-1,-1
247,844,1740.05,221.23,33.76,79.42,0.9346,-1,-1,-1
247,838,645.95,306.43,29.65,82.2,0.9038,-1,-1,-1
247,851,1627.89,418.38,36.94,103.96,0.8987,-1,-1,-1
247,860,1499.62,173.08,25.49,73.65,0.5681,-1,-1,-1
248,845,612.91,535.88,48.56,120.48,0.9737,-1,-1,-1
248,837,1087.13,835.58,41.79,148.85,0.9721,-1,-1,-1
248,836,629.21,410.24,41.81,102.52,0.9704,-1,-1,-1
248,834,1050.19,528.54,38.59,111.15,0.968,-1,-1,-1
248,839,805.83,215.58,42.78,75.2,0.9648,-1,-1,-1
248,842,1251.7,268.71,35.36,79.75,0.9643,-1,-1,-1
248,840,1799.25,363.55,50.08,85.87,0.9633,-1,-1,-1
248,846,1578.8,336.26,33.02,88.56,0.9615,-1,-1,-1
248,841,974.77,333.4,29.8,92.56,0.9605,-1,-1,-1
248,843,616.23,338.27,31.62,95.29,0.9589,-1,-1,-1
248,838,643.59,304.05,31.52,82.26,0.9511,-1,-1,-1
248,844,1740.14,220.61,34.68,80.54,0.9395,-1,-1,-1
248,849,1486.0,419.23,28.55,98.06,0.9271,-1,-1,-1
248,851,1626.5,418.25,36.01,103.21,0.7881,-1,-1,-1
249,845,610.28,532.99,44.27,121.57,0.9765,-1,-1,-1
249,839,804.34,215.8,44.49,75.89,0.9689,-1,-1,-1
249,837,1082.62,834.94,43.35,146.49,0.9673,-1,-1,-1
249,836,631.24,408.18,41.71,104.52,0.9664,-1,-1,-1
249,840,1797.71,364.49,48.52,84.45,0.9635,-1,-1,-1
249,842,1248.07,269.17,34.13,79.58,0.9625,-1,-1,-1
249,846,1579.35,338.08,32.01,85.92,0.9592,-1,-1,-1
249,841,973.02,331.45,30.47,94.94,0.9591,-1,-1,-1
249,834,1049.84,529.93,36.42,109.32,0.9582,-1,-1,-1
249,844,1737.79,220.65,37.74,80.25,0.9568,-1,-1,-1
249,849,1482.51,419.01,30.03,97.64,0.9511,-1,-1,-1
249,838,639.92,302.78,34.35,82.25,0.9481,-1,-1,-1
249,843,618.89,338.41,33.58,90.73,0.9214,-1,-1,-1
249,860,1504.81,177.25,24.93,69.73,0.8534,-1,-1,-1
249,851,1624.45,420.29,35.51,97.65,0.4992,-1,-1,-1
250,845,603.63,532.76,45.72,121.97,0.9765,-1,-1,-1
250,837,1079.06,835.07,43.73,142.24,0.9716,-1,-1,-1
250,839,803.52,216.62,45.35,76.0,0.9701,-1,-1,-1
250,836,636.28,405.95,39.66,105.82,0.9679,-1,-1,-1
250,840,1796.43,366.05,47.92,82.4,0.9662,-1,-1,-1
250,841,971.59,330.8,31.16,95.72,0.962,-1,-1,-1
250,846,1579.48,339.02,31.23,85.44,0.9549,-1,-1,-1
250,844,1739.69,221.27,36.26,79.15,0.9545,-1,-1,-1
250,842,1243.27,270.06,32.86,78.4,0.9543,-1,-1,-1
250,834,1048.69,527.35,35.24,112.88,0.9542,-1,-1,-1
250,849,1479.75,419.3,30.81,97.84,0.9505,-1,-1,-1
250,843,625.25,340.44,31.87,86.85,0.9322,-1,-1,-1
250,860,1507.19,180.49,27.33,66.59,0.8961,-1,-1,-1
250,838,641.27,317.42,30.13,67.23,0.6534,-1,-1,-1
251,845,593.33,532.05,49.74,119.5,0.9747,-1,-1,-1
251,836,637.62,404.53,41.73,105.36,0.9693,-1,-1,-1
251,839,803.16,217.12,47.98,76.27,0.9687,-1,-1,-1
251,840,1795.75,363.4,47.28,85.54,0.9675,-1,-1,-1
251,837,1077.83,835.39,42.57,139.23,0.9666,-1,-1,-1
251,844,1739.11,223.0,38.19,78.1,0.9657,-1,-1,-1
251,841,970.56,331.74,31.12,93.76,0.961,-1,-1,-1
251,834,1047.38,527.32,34.69,112.91,0.9565,-1,-1,-1
251,849,1475.2,420.92,35.54,95.89,0.9561,-1,-1,-1
251,846,1580.82,338.61,28.55,86.42,0.9547,-1,-1,-1
251,842,1239.4,269.22,29.89,80.93,0.9542,-1,-1,-1
251,838,636.33,301.46,20.72,51.99,0.9362,-1,-1,-1
251,843,630.38,340.7,33.11,81.67,0.9282,-1,-1,-1
251,860,1507.45,182.32,34.1,65.55,0.9068,-1,-1,-1
251,851,1620.31,417.0,35.45,102.99,0.8105,-1,-1,-1
252,845,593.48,532.02,49.45,119.48,0.9747,-1,-1,-1
252,836,637.59,404.51,41.74,105.62,0.9693,-1,-1,-1
252,839,803.13,217.17,48.09,76.21,0.9687,-1,-1,-1
252,840,1795.81,363.21,47.18,85.75,0.9676,-1,-1,-1
252,837,1077.92,835.65,42.52,139.29,0.9663,-1,-1,-1
252,844,1739.22,222.96,38.05,78.13,0.9654,-1,-1,-1
252,841,970.56,331.75,31.11,93.77,0.9611,-1,-1,-1
252,834,1047.37,527.32,34.71,112.85,0.957,-1,-1,-1
252,849,1475.27,420.87,35.49,95.93,0.9559,-1,-1,-1
252,846,1580.8,338.61,28.58,86.48,0.9547,-1,-1,-1
252,842,1239.4,269.21,29.92,80.91,0.9544,-1,-1,-1
252,838,636.34,301.44,20.74,52.01,0.9363,-1,-1,-1
252,843,630.38,340.67,33.15,81.52,0.9293,-1,-1,-1
252,860,1507.35,182.39,34.22,65.48,0.9071,-1,-1,-1
252,851,1620.29,416.92,35.49,102.92,0.8339,-1,-1,-1
253,837,1074.08,832.98,45.0,140.24,0.9719,-1,-1,-1
253,845,581.48,533.86,56.18,116.08,0.9713,-1,-1,-1
253,839,805.2,218.22,49.34,75.63,0.97,-1,-1,-1
253,840,1793.84,361.39,47.62,88.33,0.9688,-1,-1,-1
253,836,639.49,404.95,41.58,101.43,0.968,-1,-1,-1
253,844,1740.27,223.91,40.79,77.47,0.9654,-1,-1,-1
253,849,1471.55,421.85,38.74,94.49,0.9638,-1,-1,-1
253,834,1045.64,526.58,35.25,111.4,0.962,-1,-1,-1
253,841,968.99,332.91,32.21,92.41,0.9588,-1,-1,-1
253,846,1580.9,337.43,27.89,89.23,0.9577,-1,-1,-1
253,842,1234.43,268.24,30.58,82.38,0.9566,-1,-1,-1
253,843,632.59,340.33,37.1,80.81,0.942,-1,-1,-1
253,838,634.52,301.55,20.78,54.18,0.941,-1,-1,-1
253,860,1507.81,181.72,38.74,66.65,0.8897,-1,-1,-1
253,851,1619.12,418.22,34.83,100.24,0.8258,-1,-1,-1
254,845,579.35,536.13,51.78,112.23,0.9748,-1,-1,-1
254,837,1073.28,832.36,43.95,139.56,0.973,-1,-1,-1
254,839,808.96,217.75,47.64,76.12,0.9721,-1,-1,-1
254,840,1794.68,360.09,46.69,89.4,0.9705,-1,-1,-1
254,836,641.71,404.59,42.63,99.63,0.9655,-1,-1,-1
254,844,1742.64,224.87,41.56,77.01,0.965,-1,-1,-1
254,834,1044.67,525.99,34.68,109.49,0.9606,-1,-1,-1
254,842,1232.37,267.43,31.37,82.67,0.9603,-1,-1,-1
254,846,1580.65,336.3,27.74,91.69,0.9584,-1,-1,-1
254,841,968.82,333.05,31.49,91.37,0.9572,-1,-1,-1
254,849,1469.52,423.6,40.58,90.8,0.9526,-1,-1,-1
254,860,1508.24,182.12,41.45,67.59,0.9313,-1,-1,-1
254,851,1618.02,417.89,36.15,100.34,0.9252,-1,-1,-1
254,843,637.27,342.08,37.57,79.5,0.903,-1,-1,-1
254,838,632.77,302.99,23.91,63.32,0.8463,-1,-1,-1
255,845,578.82,536.8,46.62,111.41,0.9758,-1,-1,-1
255,836,643.6,402.53,43.21,97.16,0.9723,-1,-1,-1
255,837,1072.67,832.29,42.99,138.59,0.97,-1,-1,-1
255,839,815.18,216.91,43.91,77.62,0.969,-1,-1,-1
255,840,1795.53,360.04,45.78,89.45,0.969,-1,-1,-1
255,844,1743.0,226.21,43.67,76.4,0.965,-1,-1,-1
255,834,1043.44,525.73,34.86,107.39,0.9616,-1,-1,-1
255,842,1231.44,266.04,31.28,84.92,0.9612,-1,-1,-1
255,841,968.6,331.9,29.28,90.63,0.9573,-1,-1,-1
255,846,1581.59,335.5,26.5,91.86,0.9559,-1,-1,-1
255,860,1509.71,182.76,41.75,67.38,0.9507,-1,-1,-1
255,849,1467.19,420.81,41.33,92.32,0.9493,-1,-1,-1
255,843,642.57,339.94,38.28,73.68,0.9478,-1,-1,-1
255,851,1617.66,417.19,37.79,101.33,0.9352,-1,-1,-1
255,838,624.84,302.74,29.81,74.36,0.9342,-1,-1,-1
256,845,576.31,535.68,41.32,112.49,0.9704,-1,-1,-1
256,836,649.37,404.14,40.04,96.0,0.9684,-1,-1,-1
256,837,1071.28,828.63,43.22,143.54,0.9681,-1,-1,-1
256,840,1796.82,360.5,45.13,89.46,0.9681,-1,-1,-1
256,844,1743.85,227.58,44.24,74.42,0.9671,-1,-1,-1
256,842,1228.0,265.84,33.82,84.63,0.967,-1,-1,-1
256,849,1467.43,420.11,39.81,91.95,0.9647,-1,-1,-1
256,860,1511.57,182.99,41.4,67.61,0.9639,-1,-1,-1
256,839,821.98,216.35,39.2,77.81,0.9626,-1,-1,-1
256,834,1042.72,524.66,33.92,108.36,0.9624,-1,-1,-1
256,838,621.25,303.39,33.65,74.92,0.96,-1,-1,-1
256,841,968.58,330.57,29.4,90.72,0.958,-1,-1,-1
256,846,1581.43,335.44,26.65,90.49,0.9577,-1,-1,-1
256,851,1616.51,415.87,40.36,103.68,0.9526,-1,-1,-1
256,843,648.79,338.92,35.2,78.48,0.9133,-1,-1,-1
257,834,1041.42,524.47,39.99,108.65,0.97,-1,-1,-1
257,844,1744.18,228.52,45.36,73.44,0.9695,-1,-1,-1
257,837,1071.16,828.84,42.15,144.62,0.9681,-1,-1,-1
257,845,566.88,533.0,45.91,115.74,0.9672,-1,-1,-1
257,840,1798.51,360.26,44.24,89.49,0.9667,-1,-1,-1
257,849,1467.92,418.32,38.61,93.74,0.9661,-1,-1,-1
257,838,618.13,303.28,38.34,76.18,0.9659,-1,-1,-1
257,836,653.43,402.77,39.47,97.65,0.9648,-1,-1,-1
257,860,1513.86,181.15,40.14,68.36,0.9642,-1,-1,-1
257,842,1225.93,265.83,34.45,84.93,0.9607,-1,-1,-1
257,841,969.24,328.8,28.16,90.93,0.9571,-1,-1,-1
257,846,1581.06,336.46,28.06,89.54,0.956,-1,-1,-1
257,839,830.4,211.95,33.41,82.15,0.9558,-1,-1,-1
257,851,1616.4,416.02,39.99,103.02,0.9498,-1,-1,-1
257,843,656.43,341.19,23.96,63.34,0.9155,-1,-1,-1
258,834,1041.37,524.45,40.05,108.65,0.9699,-1,-1,-1
258,844,1744.15,228.54,45.37,73.38,0.9694,-1,-1,-1
258,837,1071.02,828.8,42.27,144.71,0.9682,-1,-1,-1
258,840,1798.08,360.29,44.71,89.53,0.9669,-1,-1,-1
258,845,566.74,533.04,46.02,115.73,0.9667,-1,-1,-1
258,849,1467.91,418.31,38.6,93.75,0.9661,-1,-1,-1
258,838,618.14,303.26,38.33,76.24,0.9659,-1,-1,-1
258,836,653.41,402.78,39.57,97.65,0.9651,-1,-1,-1
258,860,1513.86,181.22,40.19,68.3,0.9644,-1,-1,-1
258,842,1225.93,265.85,34.45,84.92,0.9607,-1,-1,-1
258,841,969.26,328.8,28.14,90.86,0.9562,-1,-1,-1
258,839,830.45,212.0,33.38,82.09,0.9562,-1,-1,-1
258,846,1581.08,336.47,28.07,89.6,0.9556,-1,-1,-1
258,851,1616.38,416.0,39.97,103.02,0.9494,-1,-1,-1
258,843,656.34,341.06,24.16,64.26,0.9166,-1,-1,-1
258,870,656.16,391.68,37.42,31.95,0.3102,-1,-1,-1
259,834,1040.0,523.27,44.59,109.48,0.9774,-1,-1,-1
259,844,1744.9,228.22,45.71,74.04,0.9711,-1,-1,-1
259,845,566.48,530.79,41.87,116.82,0.9682,-1,-1,-1
259,840,1798.57,358.5,45.42,90.39,0.9681,-1,-1,-1
259,837,1070.24,827.18,42.21,147.02,0.9679,-1,-1,-1
259,849,1468.09,416.92,38.59,94.49,0.9673,-1,-1,-1
259,836,657.9,402.92,38.48,96.81,0.9668,-1,-1,-1
259,838,617.75,303.24,39.28,77.37,0.9663,-1,-1,-1
259,842,1226.05,266.97,32.6,81.68,0.9562,-1,-1,-1
259,839,835.77,209.51,29.38,84.26,0.9544,-1,-1,-1
259,851,1616.81,415.0,39.69,104.83,0.9507,-1,-1,-1
259,846,1581.49,339.42,28.39,85.83,0.9506,-1,-1,-1
259,841,970.11,328.21,27.14,89.22,0.9496,-1,-1,-1
259,860,1519.41,181.23,37.18,68.17,0.9412,-1,-1,-1
259,843,662.26,341.19,22.52,59.3,0.9277,-1,-1,-1
260,834,1037.55,522.86,51.24,110.26,0.9753,-1,-1,-1
260,845,562.76,528.04,41.68,118.03,0.9705,-1,-1,-1
260,844,1746.92,227.23,44.35,74.9,0.97,-1,-1,-1
260,837,1069.65,826.77,41.91,146.76,0.9682,-1,-1,-1
260,849,1468.33,415.46,37.67,96.47,0.9678,-1,-1,-1
260,838,617.88,303.39,39.43,77.74,0.9648,-1,-1,-1
260,840,1801.55,356.89,43.42,90.1,0.9645,-1,-1,-1
260,836,662.0,397.58,36.78,101.3,0.9636,-1,-1,-1
260,842,1226.83,267.5,28.87,80.87,0.9575,-1,-1,-1
260,851,1616.09,414.94,40.1,105.08,0.9561,-1,-1,-1
260,839,837.8,208.69,28.07,84.47,0.9339,-1,-1,-1
260,841,970.35,328.16,27.13,87.34,0.9285,-1,-1,-1
260,843,666.93,340.6,26.26,55.19,0.925,-1,-1,-1
260,860,1526.29,177.79,33.23,72.4,0.9137,-1,-1,-1
260,846,1581.89,340.83,28.48,85.53,0.9084,-1,-1,-1
261,834,1036.77,522.61,53.9,110.68,0.976,-1,-1,-1
261,837,1070.14,825.09,40.63,148.22,0.9688,-1,-1,-1
261,845,556.77,526.27,42.76,118.76,0.9686,-1,-1,-1
261,849,1467.7,414.95,37.29,97.13,0.9678,-1,-1,-1
261,844,1751.21,225.74,41.19,76.2,0.9655,-1,-1,-1
261,838,618.03,303.1,37.86,77.4,0.9618,-1,-1,-1
261,840,1804.42,356.13,41.62,90.01,0.9615,-1,-1,-1
261,842,1225.54,267.39,25.19,79.2,0.9567,-1,-1,-1
261,841,969.95,329.18,28.21,84.41,0.9564,-1,-1,-1
261,839,841.09,210.37,26.79,83.16,0.9488,-1,-1,-1
261,836,665.95,396.53,35.59,103.21,0.9425,-1,-1,-1
261,846,1581.81,341.61,29.54,85.46,0.9353,-1,-1,-1
261,843,665.41,338.23,27.58,54.64,0.9082,-1,-1,-1
261,851,1617.74,414.1,37.57,100.52,0.8849,-1,-1,-1
261,860,1534.04,175.38,27.8,75.43,0.785,-1,-1,-1
262,845,548.89,525.39,47.7,118.26,0.9771,-1,-1,-1
262,834,1037.01,522.51,54.53,110.91,0.9752,-1,-1,-1
262,837,1070.2,825.6,40.14,148.04,0.9707,-1,-1,-1
262,849,1467.58,415.19,37.68,96.17,0.9678,-1,-1,-1
262,836,668.52,392.67,36.46,104.5,0.9643,-1,-1,-1
262,840,1807.96,355.6,39.06,89.48,0.9641,-1,-1,-1
262,841,969.66,331.03,30.25,81.74,0.9603,-1,-1,-1
262,844,1756.4,224.62,37.11,77.33,0.9599,-1,-1,-1
262,838,618.27,302.69,34.1,77.64,0.9566,-1,-1,-1
262,846,1581.35,343.65,30.5,83.54,0.9541,-1,-1,-1
262,839,843.88,213.41,27.18,81.3,0.9537,-1,-1,-1
262,842,1223.38,266.46,23.01,79.46,0.9497,-1,-1,-1
262,843,665.61,335.83,52.14,81.75,0.9277,-1,-1,-1
262,851,1615.93,432.24,29.48,83.85,0.8099,-1,-1,-1
262,860,1540.51,175.13,25.55,77.1,0.7304,-1,-1,-1
263,845,543.75,525.74,49.93,116.08,0.9773,-1,-1,-1
263,834,1037.23,522.58,54.71,110.79,0.9747,-1,-1,-1
263,837,1069.79,825.09,40.42,149.49,0.9718,-1,-1,-1
263,840,1809.18,353.52,39.07,90.21,0.9666,-1,-1,-1
263,849,1467.93,415.95,37.59,96.17,0.9655,-1,-1,-1
263,836,671.96,391.85,34.71,102.13,0.9653,-1,-1,-1
263,841,969.35,334.14,32.09,78.78,0.9633,-1,-1,-1
263,839,845.72,217.55,31.31,77.61,0.962,-1,-1,-1
263,844,1761.37,224.61,33.45,78.32,0.9581,-1,-1,-1
263,838,619.15,301.35,28.49,79.14,0.9557,-1,-1,-1
263,846,1580.81,343.65,31.44,84.16,0.955,-1,-1,-1
263,843,669.71,334.86,51.66,80.3,0.9536,-1,-1,-1
263,842,1219.94,266.05,22.42,81.14,0.9435,-1,-1,-1
263,851,1615.33,432.01,30.41,81.24,0.8369,-1,-1,-1
264,845,543.17,526.47,50.83,115.98,0.9773,-1,-1,-1
264,834,1037.25,522.6,54.7,110.8,0.9747,-1,-1,-1
264,837,1069.79,824.97,40.43,149.67,0.9716,-1,-1,-1
264,840,1809.12,353.62,39.11,90.13,0.9666,-1,-1,-1
264,836,671.96,391.93,34.69,101.99,0.9652,-1,-1,-1
264,849,1468.07,415.95,37.5,96.28,0.9649,-1,-1,-1
264,841,969.3,334.14,32.12,79.04,0.9633,-1,-1,-1
264,839,845.72,217.55,31.34,77.53,0.9622,-1,-1,-1
264,844,1761.41,224.63,33.42,78.32,0.9577,-1,-1,-1
264,838,619.16,301.34,28.45,79.14,0.9557,-1,-1,-1
264,846,1580.83,343.53,31.4,84.26,0.9551,-1,-1,-1
264,843,669.82,334.87,51.57,80.31,0.9536,-1,-1,-1
264,842,1219.93,266.04,22.45,81.11,0.9437,-1,-1,-1
264,851,1615.32,431.82,30.54,81.49,0.8342,-1,-1,-1
265,845,543.24,526.53,48.29,111.84,0.9779,-1,-1,-1
265,834,1038.21,521.73,53.6,111.26,0.9731,-1,-1,-1
265,837,1068.14,824.38,42.24,147.69,0.9721,-1,-1,-1
265,840,1809.26,354.63,39.62,88.06,0.9668,-1,-1,-1
265,849,1466.81,416.99,38.27,92.83,0.965,-1,-1,-1
265,841,969.23,335.98,32.72,76.71,0.9647,-1,-1,-1
265,839,848.26,218.92,35.39,77.05,0.9629,-1,-1,-1
265,844,1765.24,224.78,31.2,78.76,0.9613,-1,-1,-1
265,836,675.17,393.64,33.65,97.68,0.9613,-1,-1,-1
265,838,619.06,299.77,25.69,79.84,0.9602,-1,-1,-1
265,842,1217.52,265.05,23.97,81.1,0.9502,-1,-1,-1
265,846,1580.58,341.48,31.96,86.01,0.9419,-1,-1,-1
265,851,1614.73,414.08,35.69,98.52,0.9244,-1,-1,-1
265,843,673.76,332.88,44.31,80.63,0.9002,-1,-1,-1
265,860,1546.27,179.02,28.2,71.35,0.6413,-1,-1,-1
266,845,540.0,528.11,48.55,110.16,0.9738,-1,-1,-1
266,837,1066.97,823.05,42.73,146.28,0.9729,-1,-1,-1
266,834,1039.05,519.87,52.2,112.4,0.971,-1,-1,-1
266,849,1466.64,416.51,37.11,90.34,0.9688,-1,-1,-1
266,840,1809.48,353.79,40.1,87.53,0.967,-1,-1,-1
266,839,849.13,220.08,40.46,76.04,0.9669,-1,-1,-1
266,841,969.44,337.03,32.05,76.15,0.9634,-1,-1,-1
266,844,1767.93,224.59,29.68,77.89,0.9576,-1,-1,-1
266,836,676.51,392.31,36.61,97.65,0.9561,-1,-1,-1
266,838,619.3,299.08,24.33,80.27,0.9556,-1,-1,-1
266,842,1214.78,263.82,26.85,81.29,0.9535,-1,-1,-1
266,843,678.74,331.78,36.06,71.39,0.939,-1,-1,-1
266,846,1580.15,339.92,31.99,85.92,0.9379,-1,-1,-1
266,851,1613.28,422.62,34.44,88.0,0.8986,-1,-1,-1
266,860,1550.24,179.91,27.44,71.17,0.575,-1,-1,-1
267,845,534.88,527.42,48.52,111.16,0.9753,-1,-1,-1
267,834,1040.33,518.36,48.75,112.3,0.9736,-1,-1,-1
267,839,849.74,219.75,44.21,75.74,0.9722,-1,-1,-1
267,837,1066.49,821.62,42.72,145.58,0.9716,-1,-1,-1
267,840,1806.3,352.72,44.02,90.59,0.9706,-1,-1,-1
267,849,1467.65,415.06,32.95,90.33,0.9626,-1,-1,-1
267,844,1769.44,225.81,29.59,77.14,0.9614,-1,-1,-1
267,836,678.76,391.26,41.08,99.92,0.9606,-1,-1,-1
267,842,1208.7,263.81,32.96,81.63,0.959,-1,-1,-1
267,841,970.09,337.41,29.75,75.16,0.9587,-1,-1,-1
267,838,616.23,298.91,27.07,80.44,0.9561,-1,-1,-1
267,846,1579.33,337.87,31.85,85.14,0.9551,-1,-1,-1
267,843,687.16,330.02,30.85,79.37,0.9419,-1,-1,-1
267,851,1612.66,427.91,34.48,82.3,0.8969,-1,-1,-1
267,860,1553.38,181.0,28.32,69.33,0.3009,-1,-1,-1
268,834,1040.54,518.05,46.64,109.17,0.9779,-1,-1,-1
268,845,532.53,525.55,47.65,112.87,0.9772,-1,-1,-1
268,837,1065.25,821.03,44.82,141.2,0.9744,-1,-1,-1
268,836,679.53,387.18,42.93,100.71,0.9729,-1,-1,-1
268,840,1803.29,358.35,48.14,85.63,0.9701,-1,-1,-1
268,839,851.37,219.34,45.85,76.6,0.9692,-1,-1,-1
268,841,970.58,337.69,30.98,75.53,0.9642,-1,-1,-1
268,842,1205.22,264.09,36.23,81.67,0.9623,-1,-1,-1
268,846,1577.84,336.74,31.86,85.91,0.9616,-1,-1,-1
268,844,1770.1,227.46,29.95,76.23,0.9616,-1,-1,-1
268,849,1467.93,412.92,30.63,93.33,0.959,-1,-1,-1
268,838,608.47,299.74,34.94,80.83,0.9588,-1,-1,-1
268,843,693.08,329.78,49.44,90.17,0.9458,-1,-1,-1
268,851,1612.64,423.27,34.24,86.8,0.8866,-1,-1,-1
268,860,1557.69,183.23,30.59,67.77,0.3978,-1,-1,-1
269,834,1040.02,517.83,44.68,107.07,0.976,-1,-1,-1
269,837,1064.88,820.03,46.42,139.4,0.9758,-1,-1,-1
269,840,1802.17,356.94,50.97,87.14,0.9749,-1,-1,-1
269,845,534.72,523.6,43.06,113.79,0.9744,-1,-1,-1
269,836,682.44,384.54,45.41,102.41,0.972,-1,-1,-1
269,839,852.73,219.04,45.86,77.28,0.9667,-1,-1,-1
269,841,972.54,338.02,30.3,74.72,0.9666,-1,-1,-1
269,838,605.41,301.69,38.38,78.71,0.9635,-1,-1,-1
269,842,1206.01,265.04,35.71,80.22,0.9617,-1,-1,-1
269,844,1770.58,228.73,30.92,75.11,0.9611,-1,-1,-1
269,849,1469.28,410.97,30.36,95.24,0.9597,-1,-1,-1
269,846,1579.06,334.87,28.91,87.16,0.9548,-1,-1,-1
269,843,698.27,330.1,46.73,89.29,0.9512,-1,-1,-1
269,851,1611.97,417.02,35.63,95.16,0.9042,-1,-1,-1
269,860,1560.03,185.22,34.59,67.21,0.7992,-1,-1,-1
270,834,1040.01,517.88,44.73,106.98,0.9761,-1,-1,-1
270,837,1064.85,819.89,46.48,139.53,0.9757,-1,-1,-1
270,840,1802.11,356.91,51.02,87.18,0.9751,-1,-1,-1
270,845,534.62,523.61,43.21,113.79,0.9747,-1,-1,-1
270,836,682.42,384.48,45.46,102.46,0.972,-1,-1,-1
270,839,852.74,218.88,45.8,77.37,0.9668,-1,-1,-1
270,841,972.52,338.02,30.31,74.73,0.9665,-1,-1,-1
270,838,605.47,301.7,38.3,78.74,0.9632,-1,-1,-1
270,842,1205.96,265.03,35.78,80.31,0.9617,-1,-1,-1
270,844,1770.57,228.66,30.8,75.13,0.9613,-1,-1,-1
270,849,1469.25,410.98,30.37,95.28,0.9602,-1,-1,-1
270,846,1579.08,334.88,28.89,87.14,0.9547,-1,-1,-1
270,843,698.29,330.16,46.56,89.15,0.9513,-1,-1,-1
270,851,1611.98,416.95,35.62,95.23,0.9047,-1,-1,-1
270,860,1560.02,185.28,34.61,67.17,0.8108,-1,-1,-1
271,837,1065.49,818.49,45.88,137.89,0.9743,-1,-1,-1
271,834,1041.33,516.29,41.7,106.81,0.9729,-1,-1,-1
271,840,1802.94,358.71,51.36,86.33,0.9718,-1,-1,-1
271,839,857.25,218.94,43.39,76.92,0.9702,-1,-1,-1
271,845,533.93,518.8,42.16,117.05,0.9697,-1,-1,-1
271,836,685.37,384.77,46.93,100.52,0.9689,-1,-1,-1
271,838,602.85,303.93,43.51,74.63,0.9674,-1,-1,-1
271,841,975.17,337.18,30.27,75.99,0.9661,-1,-1,-1
271,843,702.87,331.99,48.51,82.73,0.9629,-1,-1,-1
271,849,1469.78,409.45,30.56,95.53,0.9615,-1,-1,-1
271,842,1207.4,266.43,33.64,78.02,0.9606,-1,-1,-1
271,844,1772.32,230.31,31.37,73.34,0.9517,-1,-1,-1
271,851,1611.41,414.18,37.05,97.56,0.949,-1,-1,-1
271,860,1562.29,186.01,38.75,65.99,0.9453,-1,-1,-1
271,846,1582.94,331.92,24.16,88.5,0.9435,-1,-1,-1
272,837,1067.79,816.9,45.03,138.35,0.9753,-1,-1,-1
272,840,1805.97,357.35,51.99,86.51,0.9751,-1,-1,-1
272,836,689.44,381.83,46.88,97.98,0.9733,-1,-1,-1
272,838,601.97,306.34,47.08,71.8,0.97,-1,-1,-1
272,839,861.68,216.86,43.23,78.08,0.9699,-1,-1,-1
272,845,533.67,515.3,41.58,117.14,0.9693,-1,-1,-1
272,841,977.38,336.39,31.06,76.9,0.9666,-1,-1,-1
272,844,1774.3,230.07,32.67,74.28,0.9618,-1,-1,-1
272,834,1044.1,515.78,36.07,107.35,0.9617,-1,-1,-1
272,842,1209.03,265.91,30.64,77.66,0.9585,-1,-1,-1
272,849,1471.33,407.96,30.35,95.41,0.9558,-1,-1,-1
272,843,708.01,332.27,45.5,79.43,0.9521,-1,-1,-1
272,860,1566.52,185.84,39.36,65.35,0.9497,-1,-1,-1
272,851,1613.35,411.66,36.56,98.47,0.9486,-1,-1,-1
272,846,1584.05,328.17,23.97,90.9,0.9479,-1,-1,-1
273,837,1069.89,815.9,44.27,140.23,0.9736,-1,-1,-1
273,836,694.86,382.88,44.94,95.94,0.9714,-1,-1,-1
273,840,1808.49,356.13,52.04,87.88,0.97,-1,-1,-1
273,839,869.45,216.99,41.15,76.98,0.9691,-1,-1,-1
273,838,603.37,307.42,50.03,70.45,0.9685,-1,-1,-1
273,845,533.07,512.69,41.84,118.14,0.9668,-1,-1,-1
273,834,1045.43,514.14,34.17,109.15,0.9586,-1,-1,-1
273,841,979.49,335.65,32.48,78.01,0.9574,-1,-1,-1
273,842,1210.31,264.98,27.93,78.34,0.9564,-1,-1,-1
273,844,1777.64,229.24,33.95,74.82,0.9562,-1,-1,-1
273,846,1584.82,326.99,25.12,88.72,0.9544,-1,-1,-1
273,860,1569.26,185.34,40.66,66.79,0.9509,-1,-1,-1
273,843,712.59,330.15,46.46,80.49,0.9356,-1,-1,-1
273,851,1614.39,410.79,35.95,97.89,0.9308,-1,-1,-1
273,849,1472.17,408.14,31.2,94.92,0.9083,-1,-1,-1
274,837,1070.91,815.84,45.96,141.99,0.9733,-1,-1,-1
274,836,699.63,382.36,45.4,96.05,0.9724,-1,-1,-1
274,838,606.5,307.67,50.45,69.97,0.9698,-1,-1,-1
274,845,533.31,511.3,40.95,113.65,0.9691,-1,-1,-1
274,841,981.49,335.43,33.3,78.48,0.9681,-1,-1,-1
274,840,1812.36,355.06,50.22,88.16,0.9669,-1,-1,-1
274,839,879.06,215.75,36.03,79.01,0.9627,-1,-1,-1
274,834,1047.11,515.28,33.85,108.64,0.9613,-1,-1,-1
274,846,1586.63,325.77,25.31,88.82,0.9563,-1,-1,-1
274,844,1781.65,227.66,34.79,76.76,0.9563,-1,-1,-1
274,860,1574.16,184.54,40.23,67.89,0.9515,-1,-1,-1
274,842,1213.58,263.62,21.95,79.6,0.951,-1,-1,-1
274,843,721.42,330.2,35.39,78.43,0.9439,-1,-1,-1
274,849,1472.14,408.83,32.57,93.45,0.9341,-1,-1,-1
274,851,1616.94,417.37,34.81,91.88,0.9204,-1,-1,-1
275,836,703.99,385.32,49.6,91.63,0.9724,-1,-1,-1
275,837,1069.47,816.03,49.06,142.06,0.9717,-1,-1,-1
275,840,1816.37,355.31,48.38,89.28,0.9707,-1,-1,-1
275,845,534.01,511.95,39.62,111.06,0.9681,-1,-1,-1
275,838,610.83,307.19,49.26,71.69,0.9677,-1,-1,-1
275,841,984.54,335.64,33.21,78.97,0.9675,-1,-1,-1
275,834,1045.96,515.75,35.97,107.39,0.9625,-1,-1,-1
275,844,1783.52,227.8,36.2,77.48,0.9604,-1,-1,-1
275,846,1586.94,326.27,25.42,87.57,0.9554,-1,-1,-1
275,839,887.08,212.91,32.94,81.2,0.9546,-1,-1,-1
275,851,1618.34,411.93,34.52,97.99,0.9538,-1,-1,-1
275,842,1216.19,263.79,19.63,80.5,0.9434,-1,-1,-1
275,843,727.96,328.87,29.14,79.91,0.937,-1,-1,-1
275,860,1579.12,185.76,38.31,66.41,0.9346,-1,-1,-1
275,849,1470.63,410.49,34.79,89.81,0.927,-1,-1,-1
276,836,704.0,385.29,49.58,91.58,0.9724,-1,-1,-1
276,837,1069.43,815.98,49.07,142.12,0.9716,-1,-1,-1
276,840,1816.38,355.38,48.34,89.22,0.9705,-1,-1,-1
276,845,534.07,511.96,39.58,111.04,0.9681,-1,-1,-1
276,838,610.82,307.2,49.26,71.69,0.9677,-1,-1,-1
276,841,984.55,335.65,33.22,78.95,0.9675,-1,-1,-1
276,834,1045.98,515.77,35.93,107.4,0.9622,-1,-1,-1
276,844,1783.17,227.92,36.6,78.03,0.9604,-1,-1,-1
276,846,1586.95,326.23,25.43,87.61,0.9553,-1,-1,-1
276,851,1618.28,411.73,34.58,98.11,0.9548,-1,-1,-1
276,839,887.11,212.9,32.92,81.2,0.9546,-1,-1,-1
276,842,1216.17,263.79,19.64,80.55,0.9433,-1,-1,-1
276,860,1579.08,186.31,38.27,66.78,0.936,-1,-1,-1
276,843,727.81,328.74,29.24,79.85,0.936,-1,-1,-1
276,849,1470.64,410.51,34.83,89.82,0.9275,-1,-1,-1
277,838,616.53,305.22,46.48,74.08,0.9735,-1,-1,-1
277,837,1064.46,815.38,56.56,143.03,0.9726,-1,-1,-1
277,834,1044.17,515.14,38.73,108.14,0.9723,-1,-1,-1
277,840,1817.61,353.49,48.25,89.83,0.9711,-1,-1,-1
277,836,709.22,384.59,51.91,90.94,0.968,-1,-1,-1
277,845,533.62,511.96,39.97,111.7,0.9673,-1,-1,-1
277,844,1786.6,226.61,37.24,78.47,0.966,-1,-1,-1
277,841,987.67,335.15,32.97,79.75,0.9658,-1,-1,-1
277,846,1586.01,327.37,26.73,86.19,0.9549,-1,-1,-1
277,849,1469.21,411.11,36.51,87.55,0.9543,-1,-1,-1
277,839,895.1,210.04,29.57,82.64,0.9517,-1,-1,-1
277,842,1217.11,262.64,19.41,81.33,0.941,-1,-1,-1
277,843,736.06,326.22,24.79,81.06,0.9385,-1,-1,-1
277,860,1585.61,185.99,35.02,66.12,0.877,-1,-1,-1
277,851,1620.72,412.47,32.8,97.6,0.8702,-1,-1,-1
278,837,1064.24,814.92,58.04,142.53,0.9753,-1,-1,-1
278,834,1044.46,514.42,38.99,108.02,0.9723,-1,-1,-1
278,840,1816.0,350.58,50.91,91.88,0.9721,-1,-1,-1
278,838,623.17,303.12,43.81,75.72,0.9713,-1,-1,-1
278,836,713.27,383.71,53.96,91.0,0.9711,-1,-1,-1
278,845,533.89,512.68,39.24,109.02,0.9655,-1,-1,-1
278,844,1790.86,225.81,36.24,79.89,0.9642,-1,-1,-1
278,841,990.04,334.85,32.99,80.83,0.9598,-1,-1,-1
278,846,1582.06,328.8,30.15,85.91,0.9556,-1,-1,-1
278,849,1470.15,410.23,35.83,87.27,0.9512,-1,-1,-1
278,842,1216.17,260.36,21.97,82.87,0.9501,-1,-1,-1
278,839,899.18,208.54,28.91,82.92,0.9421,-1,-1,-1
278,851,1621.45,413.15,31.8,95.48,0.8583,-1,-1,-1
278,843,742.15,324.57,22.67,80.64,0.8374,-1,-1,-1
279,837,1063.77,814.31,59.45,143.69,0.9763,-1,-1,-1
279,840,1814.81,348.95,53.52,92.37,0.9718,-1,-1,-1
279,836,716.46,381.57,53.7,91.65,0.9702,-1,-1,-1
279,834,1046.43,514.24,37.04,107.33,0.9672,-1,-1,-1
279,845,534.49,511.98,39.0,108.68,0.9659,-1,-1,-1
279,838,631.81,301.49,40.34,76.91,0.9658,-1,-1,-1
279,849,1468.93,409.48,38.78,87.73,0.9629,-1,-1,-1
279,841,992.38,334.94,32.83,80.72,0.9622,-1,-1,-1
279,842,1213.39,259.69,24.9,82.73,0.9551,-1,-1,-1
279,846,1576.6,330.32,36.22,84.81,0.9538,-1,-1,-1
279,844,1794.87,225.58,35.21,79.82,0.9427,-1,-1,-1
279,839,904.02,208.51,27.69,82.4,0.9402,-1,-1,-1
279,843,748.21,321.97,22.84,74.6,0.9027,-1,-1,-1
279,860,1599.27,184.0,27.04,67.95,0.8368,-1,-1,-1
279,851,1622.79,410.52,31.44,97.51,0.8036,-1,-1,-1
280,836,720.56,380.61,52.06,89.93,0.9774,-1,-1,-1
280,837,1064.73,814.48,59.47,143.69,0.9769,-1,-1,-1
280,849,1470.23,407.1,39.59,90.41,0.9705,-1,-1,-1
280,841,994.99,335.49,33.54,80.2,0.9703,-1,-1,-1
280,840,1813.71,346.47,55.86,94.09,0.9686,-1,-1,-1
280,846,1572.95,331.92,40.77,82.64,0.9683,-1,-1,-1
280,834,1047.43,513.66,37.42,107.75,0.968,-1,-1,-1
280,845,534.49,510.37,39.51,109.33,0.9678,-1,-1,-1
280,844,1798.95,225.28,34.43,81.04,0.9635,-1,-1,-1
280,838,641.87,299.85,34.7,77.47,0.9586,-1,-1,-1
280,842,1213.74,260.46,25.91,82.79,0.9554,-1,-1,-1
280,851,1623.9,408.15,31.74,99.86,0.9321,-1,-1,-1
280,839,908.46,208.29,28.32,82.42,0.9212,-1,-1,-1
280,843,753.51,321.33,23.53,72.62,0.9164,-1,-1,-1
280,874,0.42,937.6,27.49,102.02,0.7179,-1,-1,-1
280,875,1.0,582.51,13.0,65.09,0.6428,-1,-1,-1
281,837,1066.75,814.0,57.45,144.0,0.9766,-1,-1,-1
281,840,1814.04,345.28,55.7,94.22,0.974,-1,-1,-1
281,836,722.68,380.23,51.31,89.85,0.9732,-1,-1,-1
281,846,1572.09,331.51,42.71,82.86,0.9707,-1,-1,-1
281,849,1471.2,405.31,40.06,91.84,0.9697,-1,-1,-1
281,834,1048.72,512.72,37.59,108.16,0.967,-1,-1,-1
281,838,645.72,297.3,35.7,80.48,0.9662,-1,-1,-1
281,841,998.07,335.72,32.8,80.81,0.9655,-1,-1,-1
281,845,533.42,507.25,40.53,111.96,0.964,-1,-1,-1
281,842,1212.42,261.63,29.14,82.11,0.9575,-1,-1,-1
281,844,1802.67,226.54,34.01,80.09,0.9557,-1,-1,-1
281,851,1623.98,406.12,32.29,100.16,0.9481,-1,-1,-1
281,839,912.69,208.93,28.42,83.01,0.9468,-1,-1,-1
281,843,759.17,319.28,26.03,81.51,0.9278,-1,-1,-1
281,875,0.58,586.28,15.34,59.73,0.7755,-1,-1,-1
281,874,0.68,934.0,29.45,91.65,0.5357,-1,-1,-1
282,837,1066.7,814.02,57.51,144.01,0.9765,-1,-1,-1
282,840,1814.07,345.35,55.69,94.05,0.9739,-1,-1,-1
282,836,722.72,380.23,51.41,89.77,0.9731,-1,-1,-1
282,846,1572.07,331.51,42.73,82.87,0.9707,-1,-1,-1
282,849,1471.19,405.35,40.04,91.79,0.9697,-1,-1,-1
282,834,1048.74,512.72,37.62,108.25,0.9669,-1,-1,-1
282,838,645.76,297.29,35.63,80.47,0.9655,-1,-1,-1
282,841,998.08,335.68,32.79,80.88,0.9654,-1,-1,-1
282,845,533.29,507.23,40.62,111.98,0.9635,-1,-1,-1
282,842,1212.45,261.62,29.11,82.11,0.9574,-1,-1,-1
282,844,1802.63,226.54,34.05,80.07,0.956,-1,-1,-1
282,851,1624.0,406.18,32.26,100.14,0.947,-1,-1,-1
282,839,912.71,208.88,28.46,83.09,0.9469,-1,-1,-1
282,843,759.2,319.3,26.16,81.58,0.9289,-1,-1,-1
282,875,0.58,586.41,15.32,59.51,0.7867,-1,-1,-1
282,874,0.67,934.34,29.46,90.68,0.4919,-1,-1,-1
283,837,1068.32,813.07,56.62,143.67,0.9768,-1,-1,-1
283,840,1813.6,344.48,55.42,92.99,0.9736,-1,-1,-1
283,845,530.22,503.92,44.04,114.15,0.972,-1,-1,-1
283,846,1572.16,329.37,42.91,84.67,0.9708,-1,-1,-1
283,836,729.11,377.87,51.66,89.69,0.9707,-1,-1,-1
283,838,648.37,295.73,37.87,82.47,0.9685,-1,-1,-1
283,849,1472.21,403.09,39.05,93.67,0.9683,-1,-1,-1
283,841,1000.45,335.77,32.44,80.4,0.9683,-1,-1,-1
283,834,1049.67,511.69,37.97,107.69,0.9668,-1,-1,-1
283,839,916.87,212.05,32.38,80.86,0.9623,-1,-1,-1
283,842,1211.68,262.97,31.13,81.1,0.9606,-1,-1,-1
283,844,1804.91,228.03,34.11,79.18,0.9534,-1,-1,-1
283,851,1623.61,405.65,32.04,99.24,0.9405,-1,-1,-1
283,843,762.7,320.59,26.38,73.29,0.909,-1,-1,-1
283,860,1613.44,183.15,26.26,70.52,0.7049,-1,-1,-1
283,874,0.2,929.98,32.63,118.04,0.4907,-1,-1,-1
284,837,1069.66,810.91,53.24,143.73,0.9788,-1,-1,-1
284,840,1813.83,345.07,51.74,91.37,0.9728,-1,-1,-1
284,845,529.19,501.1,45.29,116.64,0.9725,-1,-1,-1
284,836,735.29,373.88,48.91,93.3,0.9691,-1,-1,-1
284,838,651.62,294.47,37.51,83.43,0.9687,-1,-1,-1
284,846,1574.55,326.83,39.62,86.57,0.968,-1,-1,-1
284,849,1472.9,401.58,37.91,93.19,0.9655,-1,-1,-1
284,834,1049.82,509.74,37.31,107.2,0.9649,-1,-1,-1
284,841,1002.03,336.04,32.61,79.89,0.9646,-1,-1,-1
284,842,1211.65,262.88,31.99,81.3,0.9612,-1,-1,-1
284,839,919.37,213.02,37.75,79.85,0.9607,-1,-1,-1
284,844,1807.81,228.34,32.69,80.06,0.9481,-1,-1,-1
284,843,768.26,320.03,39.77,83.75,0.9428,-1,-1,-1
284,851,1623.56,409.41,32.65,93.93,0.9389,-1,-1,-1
284,860,1615.95,182.74,25.95,70.75,0.9224,-1,-1,-1
284,875,0.85,581.91,17.03,64.15,0.8046,-1,-1,-1
284,874,0.0,931.97,32.21,134.49,0.7918,-1,-1,-1
285,837,1070.2,809.17,51.41,144.11,0.9769,-1,-1,-1
285,845,528.97,498.57,45.95,116.97,0.9716,-1,-1,-1
285,849,1473.27,400.0,36.81,92.29,0.9705,-1,-1,-1
285,839,923.37,214.25,40.92,78.54,0.9678,-1,-1,-1
285,840,1814.01,345.23,43.75,89.31,0.9674,-1,-1,-1
285,838,653.72,293.69,39.31,83.16,0.9653,-1,-1,-1
285,834,1049.5,509.96,37.38,105.06,0.9632,-1,-1,-1
285,844,1809.75,229.43,32.71,78.99,0.962,-1,-1,-1
285,846,1577.03,325.32,36.31,85.9,0.9599,-1,-1,-1
285,842,1212.46,262.79,32.46,81.3,0.9599,-1,-1,-1
285,841,1003.17,336.05,33.35,79.37,0.9586,-1,-1,-1
285,836,744.9,370.26,44.86,96.52,0.9551,-1,-1,-1
285,843,771.92,320.66,37.42,79.44,0.9458,-1,-1,-1
285,851,1623.72,415.67,32.0,86.34,0.8851,-1,-1,-1
285,874,0.0,931.11,27.58,137.59,0.7979,-1,-1,-1
285,860,1618.15,182.82,27.51,70.73,0.7407,-1,-1,-1
285,875,0.83,575.75,16.09,76.86,0.6593,-1,-1,-1
286,837,1069.68,808.77,50.57,142.43,0.9762,-1,-1,-1
286,840,1811.82,347.0,38.92,87.29,0.9718,-1,-1,-1
286,845,529.07,497.37,45.61,117.01,0.9699,-1,-1,-1
286,849,1473.18,400.02,35.75,89.18,0.967,-1,-1,-1
286,838,657.04,293.92,38.32,80.8,0.9664,-1,-1,-1
286,839,925.54,215.17,42.97,77.27,0.966,-1,-1,-1
286,834,1048.45,508.17,36.44,105.52,0.9655,-1,-1,-1
286,841,1004.19,335.26,34.06,80.22,0.9645,-1,-1,-1
286,843,776.24,321.14,39.91,81.0,0.9612,-1,-1,-1
286,842,1213.41,262.57,32.13,81.42,0.9608,-1,-1,-1
286,844,1812.39,231.71,36.3,76.5,0.9588,-1,-1,-1
286,846,1582.44,323.62,30.47,84.73,0.9584,-1,-1,-1
286,836,751.92,367.88,39.22,97.01,0.9582,-1,-1,-1
286,860,1620.96,183.22,27.44,70.32,0.9358,-1,-1,-1
286,851,1623.82,414.1,32.92,87.59,0.8817,-1,-1,-1
286,874,0.0,932.95,26.94,135.01,0.7443,-1,-1,-1
286,875,0.59,574.6,16.52,83.51,0.6696,-1,-1,-1
287,837,1068.1,808.54,52.01,140.63,0.9758,-1,-1,-1
287,845,528.56,498.28,44.97,111.83,0.9732,-1,-1,-1
287,841,1004.1,334.26,36.7,81.35,0.9716,-1,-1,-1
287,840,1806.95,349.16,42.43,85.86,0.9707,-1,-1,-1
287,834,1047.91,507.52,35.26,105.81,0.9684,-1,-1,-1
287,839,927.09,214.31,44.45,77.15,0.9683,-1,-1,-1
287,844,1815.08,232.89,36.76,76.38,0.9653,-1,-1,-1
287,838,662.06,294.05,36.76,80.61,0.9634,-1,-1,-1
287,849,1471.68,400.8,37.06,85.89,0.9632,-1,-1,-1
287,842,1214.56,261.94,31.3,81.47,0.9616,-1,-1,-1
287,846,1583.85,322.4,26.43,81.51,0.9542,-1,-1,-1
287,843,781.13,321.38,38.63,83.3,0.9489,-1,-1,-1
287,836,756.54,365.52,36.84,97.77,0.9444,-1,-1,-1
287,860,1623.59,183.93,27.29,71.44,0.9054,-1,-1,-1
287,851,1622.05,415.41,35.18,87.52,0.9042,-1,-1,-1
287,874,0.0,931.25,26.01,135.92,0.7905,-1,-1,-1
287,875,0.47,571.66,15.47,89.68,0.6011,-1,-1,-1
288,837,1068.09,808.54,52.03,140.73,0.9758,-1,-1,-1
288,845,528.56,498.29,44.97,111.82,0.9732,-1,-1,-1
288,841,1004.05,334.24,36.75,81.39,0.9716,-1,-1,-1
288,840,1806.96,349.16,42.42,85.86,0.9706,-1,-1,-1
288,834,1047.89,507.52,35.23,105.81,0.9684,-1,-1,-1
288,839,927.1,214.31,44.44,77.14,0.9683,-1,-1,-1
288,844,1815.12,232.89,36.69,76.4,0.9651,-1,-1,-1
288,838,662.04,294.05,36.78,80.59,0.9635,-1,-1,-1
288,849,1471.69,400.79,37.06,85.89,0.9632,-1,-1,-1
288,842,1214.56,261.93,31.27,81.48,0.9614,-1,-1,-1
288,846,1583.71,322.39,26.92,81.54,0.9543,-1,-1,-1
288,843,781.14,321.36,38.58,83.26,0.9481,-1,-1,-1
288,836,756.57,365.51,36.83,97.78,0.9444,-1,-1,-1
288,860,1623.6,183.95,27.32,71.41,0.9133,-1,-1,-1
288,851,1621.96,415.24,35.32,87.8,0.9129,-1,-1,-1
288,874,0.0,931.32,26.02,135.87,0.7932,-1,-1,-1
288,875,0.47,571.56,15.45,89.95,0.5887,-1,-1,-1
289,837,1065.56,807.89,54.68,139.5,0.9758,-1,-1,-1
289,845,527.99,499.61,44.15,108.76,0.9749,-1,-1,-1
289,840,1801.1,349.17,49.8,86.24,0.9707,-1,-1,-1
289,841,1003.47,332.97,38.02,82.2,0.9706,-1,-1,-1
289,839,927.3,213.9,46.28,78.19,0.9681,-1,-1,-1
289,834,1047.52,506.66,34.81,106.25,0.9673,-1,-1,-1
289,844,1816.63,233.22,36.99,75.91,0.9645,-1,-1,-1
289,851,1616.71,414.49,40.26,88.04,0.9612,-1,-1,-1
289,842,1215.44,260.86,29.43,81.11,0.9604,-1,-1,-1
289,846,1578.73,319.38,29.41,83.85,0.9598,-1,-1,-1
289,849,1471.68,399.84,35.22,86.48,0.9588,-1,-1,-1
289,838,669.1,293.5,33.15,78.07,0.9558,-1,-1,-1
289,836,758.65,363.66,41.04,99.22,0.9503,-1,-1,-1
289,843,786.06,321.21,38.91,81.62,0.95,-1,-1,-1
289,874,0.0,930.56,25.19,135.46,0.7686,-1,-1,-1
289,875,0.38,571.28,15.6,89.29,0.6968,-1,-1,-1
289,860,1625.67,183.33,27.32,71.75,0.4984,-1,-1,-1
290,837,1064.82,806.63,55.36,138.8,0.9755,-1,-1,-1
290,845,528.04,499.64,41.92,107.3,0.9727,-1,-1,-1
290,839,928.47,213.82,46.5,77.47,0.9707,-1,-1,-1
290,834,1046.34,505.62,38.48,106.35,0.9685,-1,-1,-1
290,841,1005.09,330.83,37.21,82.46,0.9684,-1,-1,-1
290,836,762.87,363.08,43.45,99.89,0.9681,-1,-1,-1
290,844,1816.84,231.87,37.55,76.89,0.9661,-1,-1,-1
290,840,1795.97,349.39,57.1,85.37,0.9658,-1,-1,-1
290,851,1615.13,415.06,41.04,86.82,0.9612,-1,-1,-1
290,846,1575.79,316.28,32.15,84.53,0.9606,-1,-1,-1
290,842,1215.95,259.64,27.09,80.89,0.9585,-1,-1,-1
290,849,1472.89,397.4,31.99,87.55,0.9569,-1,-1,-1
290,838,675.48,293.05,31.97,78.12,0.9541,-1,-1,-1
290,843,790.03,320.9,24.93,76.32,0.8926,-1,-1,-1
290,874,0.0,916.95,26.91,147.54,0.7907,-1,-1,-1
290,875,0.5,570.8,14.82,88.59,0.7558,-1,-1,-1
290,860,1628.74,182.57,26.27,71.77,0.4535,-1,-1,-1
291,837,1066.35,805.88,53.64,137.72,0.9761,-1,-1,-1
291,845,528.72,498.38,41.01,107.98,0.9736,-1,-1,-1
291,836,765.33,363.48,45.77,99.53,0.9722,-1,-1,-1
291,839,931.71,213.61,44.4,76.1,0.9692,-1,-1,-1
291,834,1045.88,505.7,40.39,106.93,0.9687,-1,-1,-1
291,841,1007.19,328.56,36.65,83.47,0.9659,-1,-1,-1
291,840,1796.75,346.76,55.5,87.12,0.9651,-1,-1,-1
291,844,1817.84,231.68,37.18,77.19,0.965,-1,-1,-1
291,846,1572.07,314.24,36.47,85.91,0.9648,-1,-1,-1
291,849,1474.28,394.53,30.22,89.55,0.9558,-1,-1,-1
291,838,679.92,290.99,32.06,80.02,0.9549,-1,-1,-1
291,851,1614.84,413.35,39.18,87.95,0.9547,-1,-1,-1
291,842,1215.67,258.01,24.58,81.74,0.9545,-1,-1,-1
291,874,0.0,920.37,26.55,140.99,0.8284,-1,-1,-1
291,843,791.61,318.03,29.09,80.88,0.8191,-1,-1,-1
291,875,0.5,569.98,13.05,87.89,0.7793,-1,-1,-1
292,837,1064.95,805.66,54.97,137.67,0.9756,-1,-1,-1
292,845,529.78,495.92,39.68,109.53,0.9737,-1,-1,-1
292,840,1792.85,345.65,57.99,87.66,0.9715,-1,-1,-1
292,834,1044.9,505.29,42.43,107.62,0.971,-1,-1,-1
292,836,768.24,364.47,48.3,98.76,0.9705,-1,-1,-1
292,846,1569.31,313.06,38.92,84.48,0.969,-1,-1,-1
292,839,936.92,214.01,42.36,75.2,0.9662,-1,-1,-1
292,844,1818.32,232.74,37.36,75.93,0.966,-1,-1,-1
292,841,1008.67,327.17,36.38,84.11,0.964,-1,-1,-1
292,838,682.42,289.81,33.25,81.65,0.9629,-1,-1,-1
292,849,1474.62,392.21,30.87,90.97,0.9558,-1,-1,-1
292,851,1614.86,409.71,37.75,91.67,0.9541,-1,-1,-1
292,842,1215.14,258.07,23.22,81.1,0.9526,-1,-1,-1
292,843,795.98,316.33,27.35,75.03,0.8701,-1,-1,-1
292,874,0.0,920.35,29.42,139.55,0.858,-1,-1,-1
292,860,1632.73,183.29,30.04,72.03,0.8402,-1,-1,-1
292,878,801.55,358.29,20.84,36.24,0.7357,-1,-1,-1
292,875,0.68,567.95,11.2,94.25,0.6986,-1,-1,-1
293,837,1065.77,805.29,54.15,137.04,0.9765,-1,-1,-1
293,834,1044.37,504.91,44.71,108.48,0.9729,-1,-1,-1
293,845,530.99,494.11,38.39,109.58,0.9718,-1,-1,-1
293,836,767.87,366.2,51.11,97.3,0.9716,-1,-1,-1
293,840,1786.02,345.0,59.3,86.49,0.9696,-1,-1,-1
293,846,1566.74,312.47,41.21,82.47,0.969,-1,-1,-1
293,844,1818.68,231.86,38.11,77.09,0.9681,-1,-1,-1
293,841,1012.08,325.32,34.14,85.22,0.968,-1,-1,-1
293,839,943.67,212.36,38.91,76.87,0.9612,-1,-1,-1
293,851,1614.63,404.28,38.81,97.07,0.9596,-1,-1,-1
293,849,1475.05,391.43,31.13,91.51,0.9514,-1,-1,-1
293,842,1215.24,257.88,22.6,80.21,0.9498,-1,-1,-1
293,838,685.12,289.26,34.02,81.73,0.9471,-1,-1,-1
293,843,797.74,316.49,32.06,81.93,0.9221,-1,-1,-1
293,874,0.0,910.7,31.24,145.97,0.8075,-1,-1,-1
293,875,0.65,566.82,11.09,101.47,0.5961,-1,-1,-1
293,860,1633.81,183.93,32.74,71.73,0.4262,-1,-1,-1
294,837,1065.73,805.32,54.22,137.02,0.9764,-1,-1,-1
294,834,1044.39,504.94,44.64,108.44,0.9726,-1,-1,-1
294,836,767.96,366.19,51.1,97.35,0.9722,-1,-1,-1
294,845,530.97,494.11,38.47,109.44,0.9718,-1,-1,-1
294,840,1786.77,345.94,59.08,85.7,0.9701,-1,-1,-1
294,846,1566.65,312.46,41.27,82.48,0.9691,-1,-1,-1
294,841,1012.06,325.3,34.18,85.28,0.9682,-1,-1,-1
294,844,1818.64,231.86,38.15,77.09,0.9681,-1,-1,-1
294,839,943.65,212.34,38.93,76.87,0.9615,-1,-1,-1
294,851,1614.65,404.28,38.8,97.05,0.9595,-1,-1,-1
294,849,1474.98,391.45,31.21,91.52,0.9505,-1,-1,-1
294,842,1215.21,257.87,22.65,80.25,0.9497,-1,-1,-1
294,838,685.12,289.23,34.07,81.76,0.947,-1,-1,-1
294,843,797.49,316.52,32.52,81.73,0.9205,-1,-1,-1
294,874,0.0,910.69,31.19,145.97,0.8077,-1,-1,-1
294,875,0.66,566.82,10.95,100.98,0.5949,-1,-1,-1
294,860,1633.78,183.96,32.76,71.72,0.4346,-1,-1,-1
295,837,1065.59,804.47,54.45,137.49,0.9762,-1,-1,-1
295,834,1043.51,504.2,45.67,108.79,0.974,-1,-1,-1
295,836,769.82,366.65,52.64,97.18,0.9732,-1,-1,-1
295,844,1818.46,230.83,39.13,77.86,0.9726,-1,-1,-1
295,845,531.61,490.94,38.57,110.87,0.9705,-1,-1,-1
295,840,1777.31,344.25,59.53,85.68,0.9694,-1,-1,-1
295,846,1566.44,311.36,38.65,82.99,0.969,-1,-1,-1
295,838,687.16,288.61,36.2,82.05,0.9666,-1,-1,-1
295,851,1614.13,401.71,37.61,99.34,0.9634,-1,-1,-1
295,841,1015.97,323.05,32.07,85.69,0.9613,-1,-1,-1
295,839,951.57,208.65,34.44,80.26,0.9586,-1,-1,-1
295,842,1214.66,258.18,23.36,79.95,0.954,-1,-1,-1
295,849,1474.13,391.05,32.75,87.19,0.951,-1,-1,-1
295,843,796.41,315.45,36.87,79.27,0.9412,-1,-1,-1
295,874,0.0,907.67,30.64,142.35,0.83,-1,-1,-1
295,875,0.58,566.52,10.65,102.69,0.5605,-1,-1,-1
296,837,1065.45,803.93,55.0,138.12,0.9761,-1,-1,-1
296,834,1042.88,503.18,45.81,108.55,0.9754,-1,-1,-1
296,844,1817.74,230.28,40.28,77.92,0.9724,-1,-1,-1
296,836,770.25,365.29,55.12,97.73,0.9704,-1,-1,-1
296,845,532.25,489.1,39.66,112.15,0.9676,-1,-1,-1
296,838,689.26,287.48,38.04,82.67,0.9657,-1,-1,-1
296,841,1017.54,321.93,30.89,86.02,0.9628,-1,-1,-1
296,846,1566.75,311.68,33.83,82.87,0.9609,-1,-1,-1
296,840,1773.03,341.61,52.72,85.69,0.9595,-1,-1,-1
296,843,797.61,314.62,46.27,82.43,0.9568,-1,-1,-1
296,842,1213.87,258.21,24.29,79.76,0.9564,-1,-1,-1
296,849,1473.18,390.25,34.08,84.7,0.9543,-1,-1,-1
296,839,958.91,206.45,29.76,82.0,0.9497,-1,-1,-1
296,851,1614.0,402.14,35.26,98.36,0.9341,-1,-1,-1
296,874,0.0,908.4,29.94,140.6,0.8394,-1,-1,-1
296,875,0.69,565.81,10.1,104.39,0.5444,-1,-1,-1
297,834,1042.9,502.23,44.73,108.71,0.9763,-1,-1,-1
297,837,1065.69,803.9,55.19,138.13,0.9762,-1,-1,-1
297,844,1818.39,230.24,39.93,77.96,0.9742,-1,-1,-1
297,836,772.17,364.22,55.56,97.79,0.969,-1,-1,-1
297,845,531.25,487.09,42.42,112.57,0.9683,-1,-1,-1
297,840,1766.68,339.13,49.72,87.15,0.9682,-1,-1,-1
297,838,691.22,288.3,36.88,81.11,0.9673,-1,-1,-1
297,841,1019.29,321.01,30.22,86.19,0.965,-1,-1,-1
297,842,1213.14,258.96,24.46,78.41,0.9552,-1,-1,-1
297,849,1472.14,390.31,36.59,82.1,0.9542,-1,-1,-1
297,846,1560.46,310.88,34.56,83.64,0.9536,-1,-1,-1
297,839,962.82,205.88,27.33,81.38,0.9445,-1,-1,-1
297,843,799.67,315.08,41.36,76.61,0.9359,-1,-1,-1
297,874,0.0,907.14,29.86,142.06,0.8485,-1,-1,-1
297,851,1612.94,399.92,32.77,95.17,0.7005,-1,-1,-1
297,875,0.72,564.68,9.78,106.12,0.4305,-1,-1,-1
298,837,1066.61,803.75,54.68,138.86,0.9755,-1,-1,-1
298,844,1818.88,229.77,40.15,78.41,0.975,-1,-1,-1
298,834,1041.81,501.52,44.89,108.19,0.9739,-1,-1,-1
298,836,773.1,363.24,55.72,98.54,0.9725,-1,-1,-1
298,845,529.87,487.95,44.97,108.36,0.9718,-1,-1,-1
298,840,1763.21,337.49,48.5,88.59,0.9686,-1,-1,-1
298,841,1021.05,320.98,30.8,86.06,0.9678,-1,-1,-1
298,838,696.66,289.41,36.23,79.87,0.955,-1,-1,-1
298,842,1211.34,260.03,25.79,77.21,0.9542,-1,-1,-1
298,846,1557.07,310.31,31.5,83.76,0.9501,-1,-1,-1
298,849,1471.29,388.8,36.75,82.69,0.9476,-1,-1,-1
298,851,1611.08,398.92,32.41,96.77,0.9397,-1,-1,-1
298,839,965.68,206.35,26.66,78.61,0.9351,-1,-1,-1
298,843,802.7,315.82,42.42,77.67,0.9316,-1,-1,-1
298,874,0.0,906.21,31.96,143.83,0.8378,-1,-1,-1
298,860,1644.35,184.49,32.66,71.01,0.7303,-1,-1,-1
298,875,0.53,563.7,10.28,110.99,0.3791,-1,-1,-1
299,837,1067.77,803.31,54.13,139.26,0.9756,-1,-1,-1
299,844,1819.1,229.86,40.4,78.39,0.975,-1,-1,-1
299,834,1040.92,500.84,43.95,107.89,0.9738,-1,-1,-1
299,840,1759.73,334.62,48.23,91.3,0.9731,-1,-1,-1
299,836,776.03,361.81,53.62,97.49,0.9721,-1,-1,-1
299,845,523.74,488.86,52.81,105.27,0.9706,-1,-1,-1
299,849,1470.41,385.33,40.71,84.96,0.9666,-1,-1,-1
299,841,1022.59,321.85,31.09,85.74,0.9604,-1,-1,-1
299,842,1209.51,260.87,27.87,76.82,0.9497,-1,-1,-1
299,846,1555.26,308.32,30.9,85.08,0.9492,-1,-1,-1
299,838,703.41,289.57,34.23,79.19,0.9491,-1,-1,-1
299,851,1608.87,401.13,33.02,94.15,0.9347,-1,-1,-1
299,839,968.32,207.32,26.61,78.41,0.9282,-1,-1,-1
299,874,0.0,905.44,32.03,144.01,0.856,-1,-1,-1
299,860,1644.8,185.01,34.54,70.41,0.8541,-1,-1,-1
299,843,805.81,316.47,33.93,60.06,0.7673,-1,-1,-1
299,875,0.2,563.44,10.19,111.51,0.4643,-1,-1,-1
300,837,1067.67,803.31,54.28,139.34,0.9756,-1,-1,-1
300,844,1819.1,229.87,40.39,78.38,0.975,-1,-1,-1
300,834,1040.95,500.85,43.91,107.86,0.9739,-1,-1,-1
300,840,1759.73,334.62,48.24,91.31,0.9731,-1,-1,-1
300,836,776.19,361.81,53.5,97.41,0.9721,-1,-1,-1
300,845,523.73,488.89,52.85,105.42,0.9707,-1,-1,-1
300,849,1470.4,385.33,40.74,84.95,0.9666,-1,-1,-1
300,841,1022.6,321.84,31.11,85.72,0.9605,-1,-1,-1
300,842,1209.44,260.87,27.96,76.88,0.9497,-1,-1,-1
300,846,1555.25,308.34,30.9,85.12,0.9496,-1,-1,-1
300,838,703.41,289.59,34.22,79.19,0.949,-1,-1,-1
300,851,1608.85,401.15,33.04,94.13,0.9342,-1,-1,-1
300,839,968.36,207.36,26.55,78.32,0.9264,-1,-1,-1
300,874,0.0,905.42,32.04,143.98,0.8568,-1,-1,-1
300,860,1644.81,184.95,34.52,70.46,0.8477,-1,-1,-1
300,843,805.28,315.07,37.65,69.39,0.7745,-1,-1,-1
300,880,825.1,354.15,23.4,39.86,0.5771,-1,-1,-1
300,875,0.21,563.39,10.25,111.68,0.4562,-1,-1,-1
301,837,1068.05,802.44,54.74,140.02,0.9751,-1,-1,-1
301,844,1818.86,229.89,40.37,78.18,0.975,-1,-1,-1
301,834,1040.38,499.34,42.48,107.49,0.9717,-1,-1,-1
301,840,1756.23,335.03,47.6,86.94,0.9711,-1,-1,-1
301,836,779.98,360.51,50.78,95.96,0.9707,-1,-1,-1
301,845,519.79,490.8,57.81,101.71,0.9682,-1,-1,-1
301,849,1470.05,382.83,42.17,86.32,0.9676,-1,-1,-1
301,841,1023.39,323.05,31.46,85.24,0.9578,-1,-1,-1
301,842,1209.09,260.82,27.97,77.11,0.9548,-1,-1,-1
301,846,1555.71,304.9,27.79,84.4,0.9531,-1,-1,-1
301,839,971.12,206.96,27.18,78.92,0.9444,-1,-1,-1
301,851,1607.5,399.18,32.6,97.19,0.94,-1,-1,-1
301,838,711.24,287.61,30.66,81.12,0.9383,-1,-1,-1
301,843,811.24,313.53,34.42,79.64,0.9268,-1,-1,-1
301,860,1646.23,185.78,34.13,69.2,0.8918,-1,-1,-1
301,874,0.0,899.82,34.08,152.24,0.8724,-1,-1,-1
301,875,0.0,563.29,9.82,109.44,0.5317,-1,-1,-1
302,844,1818.35,229.46,40.75,78.51,0.9748,-1,-1,-1
302,837,1068.13,802.41,55.25,139.98,0.9746,-1,-1,-1
302,834,1039.89,498.42,40.22,106.06,0.9702,-1,-1,-1
302,836,782.65,358.89,48.33,93.9,0.9695,-1,-1,-1
302,840,1750.72,333.04,48.06,84.76,0.9692,-1,-1,-1
302,849,1470.54,380.95,43.14,87.18,0.9681,-1,-1,-1
302,841,1023.91,325.19,31.62,82.99,0.9628,-1,-1,-1
302,846,1556.37,303.88,25.18,83.69,0.956,-1,-1,-1
302,838,714.81,286.79,30.78,81.68,0.9518,-1,-1,-1
302,842,1209.96,260.91,26.69,77.0,0.9503,-1,-1,-1
302,845,519.3,490.09,61.71,99.82,0.9488,-1,-1,-1
302,839,973.82,206.82,30.68,79.29,0.9401,-1,-1,-1
302,851,1604.56,399.05,33.58,96.15,0.927,-1,-1,-1
302,874,0.0,898.62,35.53,152.63,0.8924,-1,-1,-1
302,880,821.28,348.39,21.72,45.86,0.8128,-1,-1,-1
302,843,813.85,311.51,22.3,56.82,0.7869,-1,-1,-1
302,860,1647.5,184.77,31.55,69.32,0.6781,-1,-1,-1
302,875,0.11,563.49,10.03,107.13,0.6028,-1,-1,-1
303,837,1069.97,802.17,53.74,140.47,0.9754,-1,-1,-1
303,844,1818.17,229.82,41.04,78.28,0.9748,-1,-1,-1
303,836,785.35,356.51,45.65,94.07,0.9739,-1,-1,-1
303,840,1743.66,333.07,48.96,83.03,0.9722,-1,-1,-1
303,849,1471.79,379.84,43.39,88.07,0.9699,-1,-1,-1
303,834,1039.96,496.71,36.73,105.69,0.9666,-1,-1,-1
303,845,518.07,487.63,67.12,100.24,0.9657,-1,-1,-1
303,839,976.48,209.03,35.53,77.03,0.9623,-1,-1,-1
303,841,1024.24,326.79,31.47,81.59,0.9622,-1,-1,-1
303,851,1599.34,398.07,36.03,97.26,0.9507,-1,-1,-1
303,846,1556.09,302.64,23.75,82.7,0.9506,-1,-1,-1
303,842,1210.6,260.38,26.14,77.53,0.9456,-1,-1,-1
303,874,1.37,900.32,36.13,150.05,0.9455,-1,-1,-1
303,838,716.12,285.43,31.41,82.64,0.9453,-1,-1,-1
303,843,814.29,309.51,26.77,80.34,0.9077,-1,-1,-1
303,860,1647.74,185.85,31.53,68.54,0.7391,-1,-1,-1
303,875,0.28,564.24,10.54,105.66,0.6737,-1,-1,-1
304,837,1071.09,802.23,52.41,140.61,0.9767,-1,-1,-1
304,844,1818.32,230.82,40.93,77.74,0.9736,-1,-1,-1
304,845,519.97,485.93,68.49,104.05,0.9709,-1,-1,-1
304,849,1472.49,379.38,44.1,88.38,0.9707,-1,-1,-1
304,851,1590.57,399.21,42.3,94.37,0.9685,-1,-1,-1
304,836,790.14,356.63,42.0,92.16,0.9682,-1,-1,-1
304,839,979.32,210.05,38.34,76.97,0.967,-1,-1,-1
304,840,1740.64,334.37,47.16,78.15,0.9661,-1,-1,-1
304,874,0.89,899.71,38.07,151.99,0.9595,-1,-1,-1
304,841,1024.33,327.11,30.89,81.24,0.9585,-1,-1,-1
304,838,717.8,284.05,33.05,84.56,0.9579,-1,-1,-1
304,834,1039.47,496.95,33.68,105.05,0.9557,-1,-1,-1
304,842,1209.82,259.71,26.94,78.55,0.9535,-1,-1,-1
304,846,1555.42,300.24,22.81,82.27,0.9445,-1,-1,-1
304,843,814.01,307.31,24.44,77.57,0.8643,-1,-1,-1
304,875,0.41,565.3,11.65,102.32,0.7911,-1,-1,-1
304,860,1648.8,186.4,31.18,69.19,0.6469,-1,-1,-1
304,880,818.54,349.88,22.8,45.67,0.5303,-1,-1,-1
305,837,1071.54,802.02,51.4,140.73,0.9769,-1,-1,-1
305,844,1818.73,230.47,40.67,78.22,0.9735,-1,-1,-1
305,849,1472.66,380.03,43.9,86.69,0.973,-1,-1,-1
305,845,519.7,483.77,69.92,105.75,0.9714,-1,-1,-1
305,839,980.35,209.5,40.81,77.38,0.9707,-1,-1,-1
305,836,792.15,356.59,44.57,91.6,0.9695,-1,-1,-1
305,840,1737.07,333.78,44.7,77.03,0.9644,-1,-1,-1
305,834,1038.73,496.35,33.36,105.96,0.9599,-1,-1,-1
305,838,719.22,283.29,32.59,85.47,0.9596,-1,-1,-1
305,842,1209.2,258.64,25.82,77.49,0.9587,-1,-1,-1
305,851,1587.54,399.04,43.35,94.36,0.9579,-1,-1,-1
305,874,0.84,898.27,39.44,153.27,0.9568,-1,-1,-1
305,841,1024.2,325.97,29.96,82.58,0.9533,-1,-1,-1
305,846,1552.92,297.77,22.46,82.22,0.9453,-1,-1,-1
305,860,1648.24,186.32,31.92,69.03,0.9393,-1,-1,-1
305,843,814.31,307.8,27.3,83.61,0.9138,-1,-1,-1
305,875,0.35,566.1,12.59,100.09,0.8193,-1,-1,-1
306,837,1071.54,802.02,51.4,140.72,0.9769,-1,-1,-1
306,844,1818.72,230.56,40.69,78.14,0.9734,-1,-1,-1
306,849,1472.65,380.03,43.89,86.71,0.9729,-1,-1,-1
306,845,520.55,484.43,69.45,104.93,0.9715,-1,-1,-1
306,839,980.34,209.4,40.81,77.53,0.9708,-1,-1,-1
306,836,792.12,356.33,44.77,91.83,0.97,-1,-1,-1
306,840,1737.05,333.83,44.65,76.99,0.964,-1,-1,-1
306,851,1586.78,398.84,44.36,94.62,0.9625,-1,-1,-1
306,834,1038.73,496.34,33.35,105.98,0.9598,-1,-1,-1
306,838,719.22,283.29,32.56,85.46,0.9595,-1,-1,-1
306,842,1209.2,258.64,25.81,77.49,0.9587,-1,-1,-1
306,874,0.84,898.27,39.48,153.27,0.9567,-1,-1,-1
306,841,1024.13,326.58,30.25,81.84,0.9532,-1,-1,-1
306,846,1552.94,297.76,22.55,82.5,0.9445,-1,-1,-1
306,860,1648.23,186.34,31.92,69.03,0.94,-1,-1,-1
306,843,814.3,307.72,27.22,83.56,0.9111,-1,-1,-1
306,875,0.35,566.14,12.58,100.04,0.8184,-1,-1,-1
306,881,801.39,353.31,34.71,54.7,0.391,-1,-1,-1
307,837,1071.86,801.68,50.42,141.0,0.9771,-1,-1,-1
307,844,1818.54,229.69,41.03,78.43,0.9745,-1,-1,-1
307,849,1474.65,380.84,41.64,85.45,0.971,-1,-1,-1
307,836,792.1,355.6,48.47,91.63,0.9704,-1,-1,-1
307,845,521.0,482.63,71.61,105.22,0.9704,-1,-1,-1
307,839,980.69,210.41,43.2,76.01,0.9703,-1,-1,-1
307,840,1736.3,330.93,42.94,79.36,0.9638,-1,-1,-1
307,834,1037.87,495.51,32.95,106.36,0.9632,-1,-1,-1
307,851,1584.63,402.73,44.42,89.95,0.9603,-1,-1,-1
307,842,1209.04,257.52,24.89,77.92,0.9573,-1,-1,-1
307,838,722.15,283.39,30.29,84.06,0.9564,-1,-1,-1
307,841,1024.19,323.92,29.22,83.45,0.9537,-1,-1,-1
307,874,0.06,895.56,43.44,155.93,0.9519,-1,-1,-1
307,860,1649.06,185.92,32.12,69.67,0.9504,-1,-1,-1
307,846,1550.97,295.41,20.65,83.73,0.934,-1,-1,-1
307,843,814.9,308.57,28.16,82.36,0.9313,-1,-1,-1
307,875,0.33,566.13,14.12,97.79,0.8172,-1,-1,-1
308,837,1072.28,801.03,49.88,141.45,0.9767,-1,-1,-1
308,839,980.47,208.6,45.16,77.57,0.9722,-1,-1,-1
308,849,1475.77,381.3,40.16,83.41,0.9704,-1,-1,-1
308,844,1817.53,228.87,41.67,79.12,0.9695,-1,-1,-1
308,836,791.58,355.79,52.45,89.9,0.969,-1,-1,-1
308,845,524.08,481.76,72.84,105.38,0.9688,-1,-1,-1
308,851,1583.83,400.28,43.86,92.17,0.9672,-1,-1,-1
308,834,1037.18,494.89,31.89,106.9,0.963,-1,-1,-1
308,860,1649.51,186.06,32.4,68.99,0.9565,-1,-1,-1
308,841,1024.04,322.4,28.26,84.6,0.9556,-1,-1,-1
308,842,1208.75,255.56,24.6,79.16,0.9542,-1,-1,-1
308,838,725.74,283.82,26.21,82.12,0.9542,-1,-1,-1
308,840,1731.95,330.85,41.61,78.44,0.9481,-1,-1,-1
308,874,0.79,896.21,41.75,154.67,0.9468,-1,-1,-1
308,846,1547.35,292.34,22.87,84.81,0.9429,-1,-1,-1
308,843,815.03,309.28,28.54,80.88,0.9316,-1,-1,-1
308,875,0.03,560.09,17.12,103.42,0.8212,-1,-1,-1
309,837,1072.95,801.21,49.5,141.52,0.9778,-1,-1,-1
309,839,981.49,210.05,44.75,76.13,0.972,-1,-1,-1
309,836,790.32,358.31,55.94,86.37,0.9717,-1,-1,-1
309,845,525.05,480.79,78.03,105.98,0.9713,-1,-1,-1
309,844,1818.61,228.63,39.54,78.35,0.969,-1,-1,-1
309,840,1725.18,331.76,43.65,78.33,0.9624,-1,-1,-1
309,841,1023.21,320.08,29.06,87.05,0.9616,-1,-1,-1
309,851,1583.92,398.5,43.48,93.82,0.9598,-1,-1,-1
309,846,1541.1,291.54,28.53,83.88,0.959,-1,-1,-1
309,834,1036.51,495.6,31.93,106.45,0.9579,-1,-1,-1
309,849,1476.33,380.09,35.86,84.36,0.9545,-1,-1,-1
309,860,1649.8,186.1,32.64,68.95,0.9537,-1,-1,-1
309,842,1208.29,254.99,24.76,78.57,0.9525,-1,-1,-1
309,838,730.01,284.79,24.44,79.16,0.9521,-1,-1,-1
309,874,0.16,893.41,43.38,158.04,0.9501,-1,-1,-1
309,843,815.43,309.97,28.68,79.71,0.9293,-1,-1,-1
309,875,0.34,560.32,18.08,101.68,0.8189,-1,-1,-1
310,845,529.19,482.48,81.05,104.41,0.9785,-1,-1,-1
310,837,1073.15,801.17,49.09,141.75,0.9777,-1,-1,-1
310,839,983.78,210.21,42.84,74.9,0.9719,-1,-1,-1
310,836,785.57,364.35,62.49,80.92,0.9693,-1,-1,-1
310,851,1583.74,406.45,41.56,84.46,0.9647,-1,-1,-1
310,834,1035.08,494.48,32.27,108.22,0.9639,-1,-1,-1
310,840,1712.68,332.04,51.24,74.96,0.9632,-1,-1,-1
310,841,1022.74,317.58,29.1,87.78,0.9604,-1,-1,-1
310,844,1818.7,227.36,36.92,78.49,0.9582,-1,-1,-1
310,874,0.56,895.41,41.38,155.88,0.9553,-1,-1,-1
310,846,1536.71,292.08,32.68,79.39,0.9516,-1,-1,-1
310,842,1206.96,253.99,26.09,79.3,0.9504,-1,-1,-1
310,838,734.55,285.19,24.23,76.59,0.9496,-1,-1,-1
310,860,1649.74,186.53,33.13,68.69,0.9456,-1,-1,-1
310,849,1476.58,380.58,31.2,81.31,0.9447,-1,-1,-1
310,843,815.43,311.37,28.61,79.1,0.9443,-1,-1,-1
310,875,0.07,561.49,19.83,101.35,0.8363,-1,-1,-1
311,845,530.96,480.78,85.2,105.46,0.9784,-1,-1,-1
311,837,1073.97,801.33,48.13,141.88,0.9777,-1,-1,-1
311,836,781.2,364.9,67.77,82.0,0.9729,-1,-1,-1
311,839,987.21,207.45,41.24,76.6,0.9667,-1,-1,-1
311,834,1033.68,494.44,32.8,107.91,0.966,-1,-1,-1
311,840,1699.23,331.5,62.45,73.06,0.9644,-1,-1,-1
311,874,0.6,894.89,40.42,156.4,0.9582,-1,-1,-1
311,841,1021.95,315.66,29.98,87.27,0.9564,-1,-1,-1
311,846,1530.52,292.18,37.44,78.76,0.9545,-1,-1,-1
311,842,1205.19,253.72,27.35,79.29,0.9515,-1,-1,-1
311,849,1475.87,376.99,28.75,83.25,0.9492,-1,-1,-1
311,838,736.74,284.91,26.05,77.38,0.9483,-1,-1,-1
311,843,813.35,311.2,29.74,79.12,0.9457,-1,-1,-1
311,860,1649.37,186.82,33.59,68.27,0.9431,-1,-1,-1
311,851,1582.91,401.18,40.5,89.99,0.9429,-1,-1,-1
311,844,1819.5,225.39,33.41,79.7,0.9405,-1,-1,-1
311,875,0.07,561.83,21.29,99.85,0.7943,-1,-1,-1
312,845,531.09,480.8,85.1,105.39,0.9785,-1,-1,-1
312,837,1073.96,801.34,48.14,141.84,0.9776,-1,-1,-1
312,836,780.91,364.93,68.06,81.98,0.9728,-1,-1,-1
312,839,987.19,207.39,41.2,76.67,0.9668,-1,-1,-1
312,834,1033.67,494.43,32.81,107.93,0.966,-1,-1,-1
312,840,1699.11,331.61,62.58,72.94,0.9643,-1,-1,-1
312,874,0.6,894.91,40.41,156.33,0.9582,-1,-1,-1
312,841,1021.95,315.65,30.0,87.28,0.9564,-1,-1,-1
312,846,1530.45,292.17,37.51,78.78,0.9554,-1,-1,-1
312,842,1205.15,253.71,27.37,79.3,0.9515,-1,-1,-1
312,838,736.71,284.88,26.1,77.39,0.9486,-1,-1,-1
312,849,1475.84,377.21,28.85,83.03,0.9482,-1,-1,-1
312,843,813.37,311.2,29.75,79.14,0.946,-1,-1,-1
312,851,1582.93,401.6,40.48,89.49,0.943,-1,-1,-1
312,844,1819.49,225.46,33.38,79.64,0.941,-1,-1,-1
312,860,1649.42,186.83,33.54,68.28,0.9405,-1,-1,-1
312,875,0.11,561.77,21.29,99.7,0.7863,-1,-1,-1
313,845,531.54,483.01,88.65,102.39,0.9812,-1,-1,-1
313,837,1074.28,800.79,48.09,142.24,0.9776,-1,-1,-1
313,839,990.99,204.84,38.83,78.49,0.9698,-1,-1,-1
313,836,779.37,366.01,70.37,79.66,0.9697,-1,-1,-1
313,840,1694.08,332.73,63.25,68.77,0.9637,-1,-1,-1
313,846,1526.91,293.49,38.43,76.78,0.9633,-1,-1,-1
313,834,1032.23,495.78,33.79,105.37,0.9617,-1,-1,-1
313,841,1020.96,313.63,31.77,86.39,0.9616,-1,-1,-1
313,849,1474.18,372.62,30.18,86.18,0.961,-1,-1,-1
313,874,0.76,894.64,39.15,155.69,0.9586,-1,-1,-1
313,838,736.74,283.4,28.91,79.11,0.9538,-1,-1,-1
313,843,811.48,310.78,31.91,79.44,0.9529,-1,-1,-1
313,842,1205.4,253.86,26.71,78.78,0.951,-1,-1,-1
313,844,1818.97,223.44,29.8,80.09,0.9481,-1,-1,-1
313,851,1583.66,400.84,38.13,87.97,0.9334,-1,-1,-1
313,860,1648.27,185.6,34.25,68.3,0.7919,-1,-1,-1
313,875,0.15,561.51,21.11,100.08,0.7562,-1,-1,-1
314,845,534.75,481.87,89.72,102.32,0.9843,-1,-1,-1
314,837,1074.46,800.58,48.63,142.6,0.9778,-1,-1,-1
314,836,780.92,364.36,67.61,82.78,0.9726,-1,-1,-1
314,834,1029.5,495.06,36.16,104.81,0.9683,-1,-1,-1
314,846,1528.11,293.95,34.5,75.06,0.965,-1,-1,-1
314,840,1689.64,332.68,64.24,67.8,0.9649,-1,-1,-1
314,838,737.19,282.32,31.53,77.97,0.9609,-1,-1,-1
314,839,996.87,204.04,35.92,79.13,0.9597,-1,-1,-1
314,849,1472.76,371.18,31.68,85.46,0.959,-1,-1,-1
314,844,1818.34,222.83,26.86,80.07,0.9548,-1,-1,-1
314,843,809.97,310.47,32.85,80.07,0.9527,-1,-1,-1
314,874,1.13,894.18,37.24,154.56,0.952,-1,-1,-1
314,842,1205.3,253.93,26.54,78.48,0.9517,-1,-1,-1
314,841,1020.16,311.89,31.91,86.3,0.9457,-1,-1,-1
314,851,1583.49,400.16,32.63,87.22,0.9298,-1,-1,-1
314,860,1647.93,185.46,34.71,68.36,0.8518,-1,-1,-1
314,875,0.08,559.86,20.99,102.83,0.7873,-1,-1,-1
315,845,538.69,480.39,90.55,102.54,0.9842,-1,-1,-1
315,837,1074.94,800.65,49.38,142.64,0.9779,-1,-1,-1
315,836,780.65,363.16,68.01,80.43,0.9712,-1,-1,-1
315,834,1027.3,494.68,37.79,104.63,0.9697,-1,-1,-1
315,846,1527.54,294.47,32.03,74.6,0.9649,-1,-1,-1
315,841,1018.27,311.65,33.49,85.37,0.9646,-1,-1,-1
315,840,1689.68,334.92,61.37,65.85,0.9621,-1,-1,-1
315,843,807.76,310.38,35.1,80.41,0.961,-1,-1,-1
315,838,737.64,281.61,33.93,77.84,0.9604,-1,-1,-1
315,849,1470.54,371.53,34.65,84.31,0.9578,-1,-1,-1
315,839,1003.97,204.86,29.12,78.03,0.9506,-1,-1,-1
315,842,1204.89,255.07,27.25,77.2,0.9486,-1,-1,-1
315,844,1816.62,223.53,27.32,79.35,0.9484,-1,-1,-1
315,851,1582.59,403.73,28.56,82.07,0.9389,-1,-1,-1
315,874,1.19,893.12,35.89,154.23,0.9156,-1,-1,-1
315,860,1647.9,186.08,34.95,67.82,0.8907,-1,-1,-1
315,875,0.08,560.58,21.13,102.01,0.8098,-1,-1,-1
316,845,542.36,478.54,89.42,103.31,0.9828,-1,-1,-1
316,837,1074.15,800.58,50.49,143.09,0.9768,-1,-1,-1
316,849,1467.37,370.92,38.21,83.34,0.9697,-1,-1,-1
316,843,805.77,309.77,37.18,80.45,0.9684,-1,-1,-1
316,834,1026.21,494.77,39.04,102.3,0.9677,-1,-1,-1
316,836,771.21,360.85,75.88,82.26,0.9672,-1,-1,-1
316,838,739.13,280.36,35.44,79.17,0.9671,-1,-1,-1
316,841,1016.6,311.59,35.79,84.86,0.9643,-1,-1,-1
316,840,1690.15,336.05,57.85,65.79,0.962,-1,-1,-1
316,842,1203.32,255.33,29.01,76.44,0.9526,-1,-1,-1
316,846,1527.37,294.56,27.21,73.32,0.9461,-1,-1,-1
316,851,1581.2,398.6,26.53,86.52,0.9455,-1,-1,-1
316,844,1814.79,226.01,28.22,75.94,0.9354,-1,-1,-1
316,860,1648.22,185.56,34.68,69.39,0.9303,-1,-1,-1
316,839,1009.28,201.41,26.59,80.09,0.9221,-1,-1,-1
316,874,1.04,893.41,35.2,153.24,0.852,-1,-1,-1
316,875,0.29,574.73,18.23,84.6,0.7181,-1,-1,-1
317,845,546.66,476.5,86.62,103.03,0.9775,-1,-1,-1
317,837,1075.29,800.33,50.99,143.03,0.9749,-1,-1,-1
317,849,1461.8,372.54,42.69,82.02,0.9727,-1,-1,-1
317,834,1024.31,494.39,40.24,100.44,0.97,-1,-1,-1
317,843,803.34,308.93,38.57,80.87,0.9698,-1,-1,-1
317,838,740.47,280.61,35.7,78.75,0.9695,-1,-1,-1
317,841,1014.49,311.08,38.1,85.41,0.9663,-1,-1,-1
317,840,1690.17,338.04,55.6,63.54,0.9609,-1,-1,-1
317,836,766.12,359.25,75.73,82.29,0.9593,-1,-1,-1
317,842,1203.07,255.39,29.27,76.27,0.953,-1,-1,-1
317,844,1809.21,225.25,33.7,77.08,0.949,-1,-1,-1
317,851,1578.64,397.73,25.55,87.16,0.9394,-1,-1,-1
317,839,1011.11,200.98,26.65,79.57,0.9368,-1,-1,-1
317,846,1527.38,294.16,26.43,72.05,0.9357,-1,-1,-1
317,860,1647.05,186.17,34.81,67.83,0.8951,-1,-1,-1
317,874,0.0,898.96,34.51,146.28,0.7697,-1,-1,-1
317,875,0.72,572.16,15.0,87.31,0.7682,-1,-1,-1
318,845,546.67,476.46,86.67,102.93,0.9777,-1,-1,-1
318,837,1075.28,800.31,50.98,143.03,0.9749,-1,-1,-1
318,849,1461.77,372.54,42.78,82.06,0.9729,-1,-1,-1
318,834,1024.36,494.43,40.23,100.43,0.9699,-1,-1,-1
318,843,803.35,308.93,38.55,80.85,0.9698,-1,-1,-1
318,838,740.48,280.57,35.67,78.83,0.9696,-1,-1,-1
318,841,1014.49,311.08,38.01,85.4,0.9661,-1,-1,-1
318,840,1690.16,338.07,55.55,63.48,0.9608,-1,-1,-1
318,836,765.9,359.19,75.92,82.33,0.9591,-1,-1,-1
318,842,1203.24,255.38,29.07,76.29,0.9524,-1,-1,-1
318,844,1809.23,225.29,33.67,77.05,0.9478,-1,-1,-1
318,846,1527.25,294.14,26.6,72.46,0.9384,-1,-1,-1
318,851,1578.61,397.83,25.54,87.1,0.9384,-1,-1,-1
318,839,1011.08,201.0,26.67,79.56,0.9377,-1,-1,-1
318,860,1647.02,186.16,34.83,67.86,0.9009,-1,-1,-1
318,874,0.77,893.79,34.78,151.18,0.7686,-1,-1,-1
318,875,0.73,571.99,15.01,87.41,0.7633,-1,-1,-1
318,884,1582.73,389.15,11.89,21.35,0.4161,-1,-1,-1
319,834,1021.46,494.51,42.34,97.31,0.9734,-1,-1,-1
319,849,1455.88,373.3,49.14,80.51,0.9725,-1,-1,-1
319,837,1075.92,800.64,52.27,142.83,0.9719,-1,-1,-1
319,845,551.51,475.46,85.24,102.97,0.9715,-1,-1,-1
319,836,764.82,356.78,71.93,83.54,0.9686,-1,-1,-1
319,841,1012.19,311.63,40.75,83.41,0.9674,-1,-1,-1
319,843,801.05,307.58,39.52,80.72,0.9662,-1,-1,-1
319,840,1689.99,334.63,55.85,67.15,0.9653,-1,-1,-1
319,844,1804.55,226.33,38.75,75.68,0.9631,-1,-1,-1
319,838,743.15,281.15,35.17,77.01,0.9625,-1,-1,-1
319,842,1202.63,254.96,30.01,76.82,0.9529,-1,-1,-1
319,839,1011.52,201.97,28.75,78.26,0.9491,-1,-1,-1
319,846,1527.64,294.22,25.86,73.84,0.9403,-1,-1,-1
319,851,1576.46,397.96,26.54,86.42,0.9162,-1,-1,-1
319,860,1648.26,186.13,33.52,68.43,0.895,-1,-1,-1
319,875,0.62,572.3,14.49,87.37,0.8073,-1,-1,-1
319,874,0.0,904.37,34.86,141.62,0.7974,-1,-1,-1
320,845,555.84,475.32,85.22,104.26,0.9755,-1,-1,-1
320,834,1018.27,494.75,43.33,95.95,0.9748,-1,-1,-1
320,849,1452.17,375.28,55.66,78.71,0.9745,-1,-1,-1
320,840,1691.32,330.51,56.89,70.27,0.9709,-1,-1,-1
320,837,1076.93,801.01,53.38,142.86,0.9695,-1,-1,-1
320,844,1799.84,227.34,45.13,74.34,0.9673,-1,-1,-1
320,841,1010.81,311.31,42.19,83.57,0.9659,-1,-1,-1
320,836,759.44,353.59,71.23,86.16,0.9657,-1,-1,-1
320,843,801.29,306.75,38.2,79.51,0.9628,-1,-1,-1
320,838,748.74,282.84,33.62,73.13,0.9603,-1,-1,-1
320,839,1013.58,202.27,30.18,77.25,0.9549,-1,-1,-1
320,842,1203.68,254.58,29.5,76.62,0.9518,-1,-1,-1
320,846,1529.4,294.12,24.33,71.12,0.9124,-1,-1,-1
320,851,1574.51,400.35,27.35,84.47,0.9043,-1,-1,-1
320,875,0.52,571.26,13.36,88.03,0.7944,-1,-1,-1
320,874,0.86,908.7,34.32,137.32,0.7799,-1,-1,-1
320,860,1648.47,185.95,33.34,68.01,0.7396,-1,-1,-1
321,845,559.62,476.59,87.95,104.35,0.9816,-1,-1,-1
321,834,1016.41,494.57,41.45,96.77,0.9718,-1,-1,-1
321,837,1077.94,801.47,53.8,142.8,0.9716,-1,-1,-1
321,840,1693.53,326.88,56.13,72.55,0.9709,-1,-1,-1
321,849,1451.33,377.85,57.96,76.58,0.9687,-1,-1,-1
321,844,1797.44,227.94,49.66,73.68,0.9675,-1,-1,-1
321,836,758.1,351.02,63.13,87.49,0.9666,-1,-1,-1
321,841,1010.51,311.09,42.97,83.54,0.9654,-1,-1,-1
321,843,800.98,305.74,36.17,79.59,0.9612,-1,-1,-1
321,842,1205.54,253.5,29.14,78.01,0.9572,-1,-1,-1
321,839,1015.69,202.57,33.14,77.38,0.9567,-1,-1,-1
321,838,755.65,282.66,31.27,70.44,0.9549,-1,-1,-1
321,851,1565.88,402.58,36.11,82.01,0.8855,-1,-1,-1
321,874,0.97,912.17,35.28,135.82,0.873,-1,-1,-1
321,846,1535.21,292.43,20.12,55.22,0.8619,-1,-1,-1
321,875,0.41,572.32,14.19,87.67,0.8054,-1,-1,-1
322,845,565.77,477.02,87.75,102.3,0.9775,-1,-1,-1
322,837,1079.31,801.57,53.92,142.51,0.9753,-1,-1,-1
322,836,751.52,346.07,63.44,89.99,0.9718,-1,-1,-1
322,840,1697.15,323.76,55.31,75.85,0.9717,-1,-1,-1
322,849,1452.7,378.58,58.01,76.42,0.9689,-1,-1,-1
322,834,1014.87,495.56,41.83,95.96,0.9688,-1,-1,-1
322,841,1012.43,311.36,41.47,83.21,0.9674,-1,-1,-1
322,844,1797.61,227.82,51.3,74.29,0.9646,-1,-1,-1
322,839,1020.84,203.41,34.0,76.62,0.963,-1,-1,-1
322,842,1206.78,253.25,28.77,78.71,0.9584,-1,-1,-1
322,843,799.73,305.59,34.5,79.0,0.9564,-1,-1,-1
322,838,764.81,282.89,27.23,69.25,0.9429,-1,-1,-1
322,851,1561.09,408.18,42.02,76.18,0.9336,-1,-1,-1
322,846,1535.51,289.24,22.46,69.1,0.9097,-1,-1,-1
322,874,0.99,917.66,36.35,130.82,0.9051,-1,-1,-1
322,875,0.15,571.5,17.32,88.34,0.7908,-1,-1,-1
322,885,1533.17,328.04,18.61,39.05,0.4517,-1,-1,-1
322,860,1652.4,185.79,32.47,69.01,0.3662,-1,-1,-1
323,837,1080.0,801.59,55.33,142.12,0.9738,-1,-1,-1
323,845,574.8,475.91,87.11,102.94,0.9735,-1,-1,-1
323,834,1013.85,494.7,45.26,96.54,0.9731,-1,-1,-1
323,849,1454.85,378.53,56.95,76.5,0.9711,-1,-1,-1
323,841,1014.36,310.63,39.66,83.4,0.9694,-1,-1,-1
323,836,748.2,341.87,58.16,92.14,0.9681,-1,-1,-1
323,844,1800.13,227.69,51.76,74.12,0.9674,-1,-1,-1
323,840,1704.54,321.88,52.4,77.11,0.9668,-1,-1,-1
323,839,1026.28,206.2,32.77,74.56,0.9608,-1,-1,-1
323,842,1208.06,252.55,30.41,79.5,0.9545,-1,-1,-1
323,843,800.5,306.16,30.87,77.43,0.9514,-1,-1,-1
323,838,773.68,281.99,23.47,69.01,0.938,-1,-1,-1
323,851,1560.23,401.7,45.48,82.52,0.925,-1,-1,-1
323,846,1536.71,285.91,23.35,77.74,0.9204,-1,-1,-1
323,874,0.87,922.96,37.56,126.76,0.8968,-1,-1,-1
323,875,0.0,574.75,20.29,85.59,0.7433,-1,-1,-1
323,860,1653.88,185.99,33.13,68.31,0.526,-1,-1,-1
324,845,574.69,475.87,87.2,103.03,0.9738,-1,-1,-1
324,837,1079.99,801.58,55.39,142.14,0.9737,-1,-1,-1
324,834,1013.71,494.71,45.41,96.51,0.9731,-1,-1,-1
324,849,1454.87,378.54,56.93,76.5,0.9711,-1,-1,-1
324,841,1014.36,310.64,39.62,83.36,0.9693,-1,-1,-1
324,836,748.13,341.45,58.2,92.62,0.9684,-1,-1,-1
324,844,1800.14,227.7,51.77,74.14,0.9674,-1,-1,-1
324,840,1704.53,321.91,52.39,77.15,0.9665,-1,-1,-1
324,839,1025.99,205.67,33.36,74.41,0.9606,-1,-1,-1
324,842,1208.04,252.54,30.41,79.44,0.9544,-1,-1,-1
324,843,800.5,306.14,30.88,77.52,0.9511,-1,-1,-1
324,838,774.13,282.0,23.07,68.93,0.9384,-1,-1,-1
324,846,1536.53,285.92,23.55,77.94,0.9236,-1,-1,-1
324,851,1560.24,401.93,45.45,82.26,0.9225,-1,-1,-1
324,874,0.88,924.17,37.54,125.74,0.8919,-1,-1,-1
324,875,0.0,574.42,20.27,85.96,0.742,-1,-1,-1
324,860,1653.89,185.94,33.11,68.38,0.5246,-1,-1,-1
325,845,582.6,477.05,86.6,102.05,0.9775,-1,-1,-1
325,837,1081.54,802.57,60.19,141.44,0.9761,-1,-1,-1
325,834,1014.04,494.78,47.49,95.57,0.9738,-1,-1,-1
325,849,1457.72,377.83,54.24,77.41,0.9716,-1,-1,-1
325,836,748.14,342.26,52.24,90.29,0.9708,-1,-1,-1
325,844,1803.76,226.75,51.04,75.32,0.9697,-1,-1,-1
325,841,1015.83,309.8,39.08,83.74,0.9694,-1,-1,-1
325,839,1031.72,206.95,31.4,73.65,0.9642,-1,-1,-1
325,840,1716.92,318.98,43.85,79.48,0.964,-1,-1,-1
325,842,1208.36,251.88,32.17,79.58,0.956,-1,-1,-1
325,843,800.98,305.63,31.81,77.98,0.9537,-1,-1,-1
325,838,777.37,280.77,27.65,69.09,0.9499,-1,-1,-1
325,846,1539.52,282.44,25.39,81.35,0.9465,-1,-1,-1
325,851,1562.81,406.8,45.38,76.44,0.925,-1,-1,-1
325,860,1657.35,186.48,33.87,67.72,0.8352,-1,-1,-1
325,874,0.79,916.75,35.43,130.71,0.8001,-1,-1,-1
325,875,0.06,571.26,17.89,87.75,0.7107,-1,-1,-1
326,837,1081.59,801.38,63.07,142.71,0.9764,-1,-1,-1
326,845,590.03,476.24,85.89,101.92,0.9764,-1,-1,-1
326,834,1015.74,494.91,50.95,94.96,0.9764,-1,-1,-1
326,836,746.94,340.23,52.69,90.66,0.9706,-1,-1,-1
326,849,1461.73,376.57,50.36,78.64,0.9695,-1,-1,-1
326,844,1807.36,225.48,49.24,76.09,0.9678,-1,-1,-1
326,841,1018.57,308.6,35.32,83.43,0.9675,-1,-1,-1
326,839,1036.53,207.32,30.18,72.24,0.962,-1,-1,-1
326,842,1209.08,251.66,33.15,78.56,0.959,-1,-1,-1
326,846,1545.46,280.67,24.11,80.61,0.9508,-1,-1,-1
326,851,1565.92,414.07,44.3,68.09,0.9453,-1,-1,-1
326,838,779.59,280.11,33.65,72.35,0.9429,-1,-1,-1
326,843,802.75,304.99,34.36,79.45,0.936,-1,-1,-1
326,840,1731.93,316.15,35.76,79.76,0.9248,-1,-1,-1
326,860,1661.99,185.62,33.14,68.29,0.9145,-1,-1,-1
326,887,1580.41,402.8,24.12,49.24,0.7164,-1,-1,-1
326,874,0.0,914.13,28.43,130.06,0.6635,-1,-1,-1
326,875,0.37,568.93,14.11,91.53,0.6523,-1,-1,-1
327,837,1083.67,801.91,62.24,143.09,0.9761,-1,-1,-1
327,845,597.37,475.5,85.44,101.34,0.9735,-1,-1,-1
327,834,1017.3,494.93,52.0,94.9,0.9718,-1,-1,-1
327,836,747.13,340.71,51.77,90.23,0.9717,-1,-1,-1
327,849,1466.06,374.71,46.04,80.4,0.9687,-1,-1,-1
327,844,1812.97,225.15,46.01,76.36,0.9645,-1,-1,-1
327,841,1021.82,306.5,32.31,85.02,0.9642,-1,-1,-1
327,842,1212.02,250.4,33.75,79.18,0.9632,-1,-1,-1
327,839,1042.17,204.82,28.86,75.35,0.9539,-1,-1,-1
327,846,1552.86,279.11,22.39,81.17,0.9474,-1,-1,-1
327,843,803.77,303.73,38.71,78.7,0.9356,-1,-1,-1
327,851,1570.98,416.15,41.37,66.64,0.9325,-1,-1,-1
327,840,1742.56,315.79,32.43,76.71,0.8869,-1,-1,-1
327,860,1665.15,185.38,34.87,68.51,0.863,-1,-1,-1
327,887,1581.66,400.84,25.55,51.64,0.8323,-1,-1,-1
327,838,791.41,276.89,30.4,65.43,0.7835,-1,-1,-1
327,875,0.27,566.12,12.0,94.32,0.6209,-1,-1,-1
327,874,0.0,911.33,24.6,129.7,0.5546,-1,-1,-1
328,837,1087.14,802.03,64.32,143.72,0.9761,-1,-1,-1
328,845,607.9,474.21,81.14,103.46,0.975,-1,-1,-1
328,834,1020.1,495.51,52.54,94.68,0.9746,-1,-1,-1
328,836,749.71,342.01,49.46,89.57,0.9706,-1,-1,-1
328,849,1468.33,373.21,44.1,81.33,0.9695,-1,-1,-1
328,844,1820.18,225.97,39.83,74.92,0.9668,-1,-1,-1
328,842,1215.62,249.45,33.59,79.73,0.9642,-1,-1,-1
328,841,1024.98,305.84,27.92,84.49,0.9604,-1,-1,-1
328,843,795.07,303.89,53.06,77.93,0.9603,-1,-1,-1
328,840,1751.22,316.29,30.25,80.93,0.9586,-1,-1,-1
328,839,1048.19,202.55,27.76,76.97,0.9423,-1,-1,-1
328,851,1575.63,404.17,37.03,77.79,0.9376,-1,-1,-1
328,846,1560.44,277.99,20.84,81.29,0.9353,-1,-1,-1
328,860,1669.25,185.01,35.39,68.64,0.899,-1,-1,-1
328,874,0.0,890.77,27.74,146.51,0.6716,-1,-1,-1
328,887,1582.32,388.24,21.37,49.11,0.4518,-1,-1,-1
329,834,1023.16,495.66,52.93,95.56,0.9737,-1,-1,-1
329,837,1091.11,803.36,64.95,142.07,0.9733,-1,-1,-1
329,836,750.85,343.59,49.03,87.92,0.973,-1,-1,-1
329,849,1471.69,372.39,40.51,81.86,0.9691,-1,-1,-1
329,845,619.86,472.38,77.31,104.67,0.9675,-1,-1,-1
329,843,803.62,303.95,48.2,77.83,0.9617,-1,-1,-1
329,841,1027.95,304.65,26.33,85.25,0.9569,-1,-1,-1
329,844,1826.82,225.6,34.28,75.07,0.9567,-1,-1,-1
329,840,1761.42,317.2,29.3,79.16,0.9444,-1,-1,-1
329,851,1581.84,402.35,31.92,77.71,0.9438,-1,-1,-1
329,846,1568.01,278.0,19.82,81.2,0.941,-1,-1,-1
329,842,1219.47,249.02,33.29,79.56,0.9293,-1,-1,-1
329,839,1054.25,201.17,27.64,77.96,0.8731,-1,-1,-1
329,874,0.0,885.78,33.13,153.68,0.7221,-1,-1,-1
330,834,1023.15,495.66,52.97,95.56,0.9738,-1,-1,-1
330,837,1091.09,803.35,65.01,142.09,0.9732,-1,-1,-1
330,836,750.88,343.61,48.99,87.89,0.973,-1,-1,-1
330,849,1471.74,372.31,40.4,81.94,0.9691,-1,-1,-1
330,845,619.75,472.35,77.45,104.7,0.9677,-1,-1,-1
330,843,803.61,304.02,48.08,77.68,0.9619,-1,-1,-1
330,841,1027.97,304.66,26.3,85.25,0.9567,-1,-1,-1
330,844,1826.94,225.67,34.15,75.01,0.9566,-1,-1,-1
330,840,1761.42,317.18,29.3,79.23,0.9446,-1,-1,-1
330,851,1581.83,402.41,31.91,77.5,0.9409,-1,-1,-1
330,846,1567.98,277.99,19.86,81.15,0.9408,-1,-1,-1
330,842,1219.46,249.02,33.31,79.49,0.9248,-1,-1,-1
330,839,1054.2,201.2,27.73,77.93,0.8738,-1,-1,-1
330,889,818.95,276.8,21.37,45.51,0.7572,-1,-1,-1
330,874,0.0,885.53,33.12,154.07,0.7187,-1,-1,-1
331,836,746.4,344.79,53.34,86.57,0.9739,-1,-1,-1
331,834,1026.08,496.91,51.44,93.6,0.9736,-1,-1,-1
331,845,627.75,470.8,76.97,105.51,0.9715,-1,-1,-1
331,837,1099.93,803.81,60.07,142.53,0.9669,-1,-1,-1
331,843,812.32,301.56,41.83,80.8,0.9644,-1,-1,-1
331,842,1224.89,247.35,31.91,78.78,0.9588,-1,-1,-1
331,841,1030.3,305.15,29.89,84.38,0.957,-1,-1,-1
331,849,1475.16,371.74,35.48,83.11,0.9462,-1,-1,-1
331,839,1060.7,199.99,28.06,78.15,0.9394,-1,-1,-1
331,846,1574.89,278.24,19.59,80.0,0.9389,-1,-1,-1
331,874,0.19,881.19,38.16,162.0,0.9374,-1,-1,-1
331,840,1768.03,321.53,35.34,78.97,0.9357,-1,-1,-1
331,851,1587.24,398.76,27.27,79.61,0.9357,-1,-1,-1
331,844,1833.17,225.92,30.3,75.23,0.88,-1,-1,-1
331,889,828.74,278.75,19.8,57.47,0.8156,-1,-1,-1
331,875,0.13,555.49,10.96,93.96,0.6824,-1,-1,-1
332,836,743.07,345.5,57.86,85.74,0.9743,-1,-1,-1
332,837,1106.53,805.7,59.6,141.2,0.9738,-1,-1,-1
332,834,1029.68,497.29,46.4,93.03,0.9737,-1,-1,-1
332,845,638.38,469.16,74.07,106.86,0.9684,-1,-1,-1
332,841,1032.39,304.94,34.3,84.89,0.963,-1,-1,-1
332,843,815.47,301.98,40.56,80.8,0.9617,-1,-1,-1
332,840,1776.81,320.71,39.44,80.39,0.9582,-1,-1,-1
332,842,1230.08,247.71,31.17,78.44,0.9564,-1,-1,-1
332,839,1066.82,200.24,29.28,77.43,0.9469,-1,-1,-1
332,844,1835.85,225.51,33.76,76.81,0.945,-1,-1,-1
332,846,1581.45,279.75,20.49,77.49,0.9383,-1,-1,-1
332,851,1590.86,399.31,25.98,78.82,0.9383,-1,-1,-1
332,874,0.85,883.28,43.28,160.69,0.9346,-1,-1,-1
332,849,1478.98,372.13,31.59,82.7,0.9304,-1,-1,-1
332,889,837.67,279.66,25.29,65.95,0.9081,-1,-1,-1
332,875,0.24,539.09,14.94,103.7,0.8505,-1,-1,-1
333,836,743.86,344.52,60.6,87.41,0.9752,-1,-1,-1
333,834,1029.28,496.76,45.61,92.94,0.9748,-1,-1,-1
333,837,1111.39,806.7,58.43,139.7,0.9748,-1,-1,-1
333,845,649.33,468.32,71.94,108.16,0.9661,-1,-1,-1
333,840,1782.14,321.49,43.49,81.21,0.963,-1,-1,-1
333,841,1034.75,306.26,37.84,83.1,0.9601,-1,-1,-1
333,839,1073.76,200.19,29.92,77.77,0.9545,-1,-1,-1
333,843,820.89,302.27,35.23,80.13,0.9525,-1,-1,-1
333,842,1236.61,247.39,30.88,77.43,0.9517,-1,-1,-1
333,849,1483.92,372.43,32.0,81.81,0.9506,-1,-1,-1
333,874,0.0,882.2,52.09,161.46,0.9482,-1,-1,-1
333,846,1588.84,281.27,21.59,77.21,0.9455,-1,-1,-1
333,851,1594.0,398.88,27.94,80.75,0.9408,-1,-1,-1
333,889,846.85,280.73,28.94,69.96,0.9343,-1,-1,-1
333,844,1841.24,225.95,35.17,76.39,0.9153,-1,-1,-1
333,875,0.29,536.35,18.86,105.72,0.8877,-1,-1,-1
334,837,1118.32,807.69,56.97,138.7,0.9779,-1,-1,-1
334,834,1029.16,496.14,46.67,92.89,0.9747,-1,-1,-1
334,836,746.33,343.02,62.32,88.71,0.9699,-1,-1,-1
334,849,1484.05,373.39,38.03,81.82,0.9678,-1,-1,-1
334,845,657.84,467.75,75.62,107.77,0.9674,-1,-1,-1
334,841,1037.47,304.88,41.3,84.82,0.9668,-1,-1,-1
334,851,1593.74,398.47,34.13,82.32,0.9632,-1,-1,-1
334,842,1241.3,247.85,32.37,76.61,0.9599,-1,-1,-1
334,840,1788.68,322.15,47.26,80.36,0.9597,-1,-1,-1
334,843,825.65,301.8,31.7,79.3,0.9583,-1,-1,-1
334,874,0.0,881.55,61.77,163.63,0.9567,-1,-1,-1
334,839,1078.94,201.22,31.68,77.61,0.9539,-1,-1,-1
334,844,1845.94,225.54,38.16,76.94,0.9476,-1,-1,-1
334,846,1595.55,282.87,22.34,76.73,0.9452,-1,-1,-1
334,889,854.25,280.05,31.93,70.61,0.9415,-1,-1,-1
334,875,0.51,527.47,23.96,117.86,0.9245,-1,-1,-1
335,836,752.89,341.5,60.96,90.64,0.9726,-1,-1,-1
335,849,1483.22,372.72,45.8,82.58,0.9721,-1,-1,-1
335,841,1041.21,304.25,43.58,84.88,0.9714,-1,-1,-1
335,840,1797.53,322.93,45.96,79.97,0.9695,-1,-1,-1
335,874,0.0,882.05,66.41,162.33,0.9694,-1,-1,-1
335,834,1030.58,494.46,50.01,96.7,0.9687,-1,-1,-1
335,851,1592.34,400.33,41.45,81.86,0.9664,-1,-1,-1
335,845,670.85,468.72,76.62,106.17,0.9643,-1,-1,-1
335,839,1082.68,201.83,35.08,77.48,0.9601,-1,-1,-1
335,889,860.89,279.31,34.13,73.5,0.9588,-1,-1,-1
335,842,1247.22,247.92,32.52,75.81,0.9588,-1,-1,-1
335,846,1602.13,283.26,24.15,75.76,0.952,-1,-1,-1
335,837,1126.26,805.6,53.42,140.59,0.9466,-1,-1,-1
335,843,830.21,301.74,28.87,78.81,0.946,-1,-1,-1
335,875,0.0,529.62,30.29,114.34,0.9432,-1,-1,-1
335,844,1852.25,226.25,37.69,75.99,0.9426,-1,-1,-1
336,836,753.0,342.09,59.83,90.56,0.9729,-1,-1,-1
336,849,1483.3,372.68,45.73,82.56,0.9721,-1,-1,-1
336,841,1041.2,304.27,43.62,84.8,0.9716,-1,-1,-1
336,874,0.0,882.04,66.58,162.4,0.9698,-1,-1,-1
336,840,1797.32,322.92,46.2,79.97,0.9695,-1,-1,-1
336,834,1030.35,494.38,50.23,96.83,0.9691,-1,-1,-1
336,851,1592.32,400.19,41.5,82.01,0.9666,-1,-1,-1
336,845,670.7,468.74,76.74,106.08,0.9642,-1,-1,-1
336,839,1082.67,201.81,35.1,77.51,0.9602,-1,-1,-1
336,842,1246.95,247.89,32.64,76.18,0.9589,-1,-1,-1
336,889,860.81,279.27,34.2,73.43,0.9584,-1,-1,-1
336,846,1602.13,283.26,24.14,75.74,0.952,-1,-1,-1
336,837,1126.26,805.62,53.39,140.55,0.9465,-1,-1,-1
336,843,830.22,301.73,28.84,78.81,0.9463,-1,-1,-1
336,844,1852.21,226.26,37.82,75.94,0.9435,-1,-1,-1
336,875,0.0,529.57,30.29,114.4,0.9427,-1,-1,-1
337,837,1130.41,808.52,54.31,137.9,0.9768,-1,-1,-1
337,834,1032.54,493.98,53.71,96.99,0.9756,-1,-1,-1
337,836,759.32,340.09,54.64,91.41,0.9728,-1,-1,-1
337,845,680.33,469.79,79.51,104.29,0.9726,-1,-1,-1
337,849,1484.71,373.76,50.52,82.85,0.9707,-1,-1,-1
337,841,1045.0,303.81,44.8,85.65,0.9695,-1,-1,-1
337,851,1593.06,401.06,47.43,80.76,0.9694,-1,-1,-1
337,840,1806.75,321.46,44.64,81.79,0.968,-1,-1,-1
337,839,1086.83,203.37,38.62,76.43,0.9656,-1,-1,-1
337,874,0.0,881.7,67.8,162.08,0.9656,-1,-1,-1
337,842,1252.83,247.82,33.4,75.61,0.9636,-1,-1,-1
337,875,0.44,528.15,36.8,115.03,0.961,-1,-1,-1
337,889,868.12,277.41,39.4,74.65,0.9596,-1,-1,-1
337,843,835.24,300.64,29.29,79.8,0.955,-1,-1,-1
337,844,1855.88,226.91,39.23,75.47,0.952,-1,-1,-1
337,846,1610.22,282.72,21.92,76.73,0.9391,-1,-1,-1
338,837,1135.1,807.99,52.4,138.66,0.9775,-1,-1,-1
338,834,1035.05,495.05,56.06,98.34,0.9763,-1,-1,-1
338,845,689.17,471.44,84.84,101.41,0.9743,-1,-1,-1
338,849,1490.01,374.91,51.88,81.95,0.9727,-1,-1,-1
338,836,766.13,338.22,46.1,91.43,0.9721,-1,-1,-1
338,839,1090.9,205.15,41.23,75.17,0.9697,-1,-1,-1
338,841,1049.91,302.47,43.48,86.3,0.9686,-1,-1,-1
338,875,0.0,528.18,42.02,114.16,0.9686,-1,-1,-1
338,889,875.47,276.68,43.88,75.16,0.9678,-1,-1,-1
338,842,1256.82,247.59,35.94,75.28,0.9657,-1,-1,-1
338,840,1818.81,320.41,39.91,83.34,0.964,-1,-1,-1
338,851,1596.55,400.08,50.83,81.88,0.9639,-1,-1,-1
338,844,1861.02,226.86,38.88,75.91,0.9598,-1,-1,-1
338,843,838.58,299.51,30.56,79.93,0.9548,-1,-1,-1
338,846,1616.12,280.86,23.2,78.65,0.9507,-1,-1,-1
338,874,0.45,879.99,64.43,163.59,0.9443,-1,-1,-1
338,890,1714.22,182.92,30.72,71.97,0.909,-1,-1,-1
339,837,1139.31,806.83,49.95,138.88,0.978,-1,-1,-1
339,845,702.22,471.67,80.18,102.62,0.9746,-1,-1,-1
339,834,1037.68,495.06,55.92,100.8,0.9736,-1,-1,-1
339,875,0.0,527.88,49.05,114.67,0.9723,-1,-1,-1
339,849,1494.19,374.71,51.56,82.89,0.9712,-1,-1,-1
339,841,1053.22,302.54,43.03,85.95,0.9703,-1,-1,-1
339,836,769.52,335.92,41.95,91.96,0.9698,-1,-1,-1
339,889,884.48,276.5,44.42,76.58,0.9691,-1,-1,-1
339,842,1258.61,249.07,40.01,73.75,0.9671,-1,-1,-1
339,839,1096.41,207.52,41.6,73.2,0.9657,-1,-1,-1
339,851,1601.3,397.54,50.98,85.67,0.9653,-1,-1,-1
339,843,839.58,299.67,32.96,80.23,0.9625,-1,-1,-1
339,846,1622.67,279.3,22.82,79.89,0.9533,-1,-1,-1
339,844,1865.81,227.78,38.74,75.36,0.9516,-1,-1,-1
339,874,1.38,878.99,60.38,162.8,0.9322,-1,-1,-1
339,840,1830.62,321.92,34.72,81.79,0.8832,-1,-1,-1
339,890,1718.44,185.08,32.65,68.7,0.3977,-1,-1,-1
340,837,1142.97,806.59,47.68,139.23,0.9771,-1,-1,-1
340,834,1041.47,496.43,54.66,99.73,0.9731,-1,-1,-1
340,845,713.87,471.41,78.31,101.53,0.9726,-1,-1,-1
340,875,0.0,526.59,54.83,114.88,0.9719,-1,-1,-1
340,849,1500.04,374.14,49.17,83.71,0.9695,-1,-1,-1
340,841,1056.34,302.16,40.36,84.96,0.9692,-1,-1,-1
340,839,1101.61,208.29,42.12,72.12,0.9686,-1,-1,-1
340,843,837.57,299.5,35.56,80.39,0.9681,-1,-1,-1
340,836,771.23,334.78,41.0,92.63,0.9679,-1,-1,-1
340,889,895.69,277.9,39.77,75.0,0.967,-1,-1,-1
340,842,1261.95,249.05,42.33,73.37,0.9663,-1,-1,-1
340,851,1607.7,397.28,48.02,86.47,0.9655,-1,-1,-1
340,844,1870.01,227.16,39.44,75.44,0.9649,-1,-1,-1
340,874,0.84,879.4,63.07,160.11,0.9644,-1,-1,-1
340,846,1628.58,278.74,23.18,78.89,0.9503,-1,-1,-1
340,890,1722.66,185.21,35.21,69.31,0.9311,-1,-1,-1
340,840,1841.22,322.94,30.64,80.47,0.8946,-1,-1,-1
341,834,1044.14,497.94,51.76,97.57,0.9753,-1,-1,-1
341,845,722.69,470.92,77.74,100.38,0.9739,-1,-1,-1
341,837,1147.09,806.3,43.84,140.28,0.9737,-1,-1,-1
341,849,1505.88,373.94,43.28,83.61,0.9737,-1,-1,-1
341,836,771.19,332.82,39.48,92.97,0.9733,-1,-1,-1
341,851,1611.53,391.43,46.87,91.25,0.9717,-1,-1,-1
341,843,835.15,299.56,41.44,78.11,0.9715,-1,-1,-1
341,875,0.0,525.5,60.23,115.57,0.9708,-1,-1,-1
341,842,1265.68,249.13,43.5,73.46,0.9698,-1,-1,-1
341,874,1.16,880.13,66.31,159.28,0.9662,-1,-1,-1
341,839,1107.02,205.24,41.58,75.51,0.9651,-1,-1,-1
341,889,907.31,279.1,35.83,74.33,0.959,-1,-1,-1
341,841,1061.95,300.9,33.45,84.4,0.9571,-1,-1,-1
341,844,1876.44,227.57,36.7,75.17,0.95,-1,-1,-1
341,846,1633.55,278.3,23.13,80.2,0.9486,-1,-1,-1
341,890,1727.25,186.37,35.52,68.15,0.9432,-1,-1,-1
341,840,1847.3,320.59,30.96,83.6,0.9136,-1,-1,-1
342,834,1044.11,497.95,51.74,97.6,0.9751,-1,-1,-1
342,845,722.63,470.77,77.81,100.53,0.974,-1,-1,-1
342,849,1505.77,373.93,43.61,83.6,0.9739,-1,-1,-1
342,837,1147.1,806.32,43.86,140.21,0.9738,-1,-1,-1
342,836,771.23,332.8,39.58,93.18,0.9733,-1,-1,-1
342,843,835.14,299.57,41.37,78.07,0.9721,-1,-1,-1
342,851,1611.52,391.35,47.02,91.3,0.9717,-1,-1,-1
342,875,0.0,525.51,60.24,115.56,0.9708,-1,-1,-1
342,842,1265.65,249.14,43.47,73.38,0.9696,-1,-1,-1
342,874,1.21,880.17,66.17,159.26,0.9654,-1,-1,-1
342,839,1107.03,205.14,41.62,75.73,0.9651,-1,-1,-1
342,889,907.36,279.08,35.76,74.27,0.9589,-1,-1,-1
342,841,1061.84,300.83,33.57,84.42,0.9577,-1,-1,-1
342,844,1876.48,227.57,36.68,75.16,0.9497,-1,-1,-1
342,846,1633.7,278.09,23.15,80.61,0.9485,-1,-1,-1
342,890,1727.24,186.39,35.52,68.1,0.9438,-1,-1,-1
342,840,1847.42,321.27,30.83,82.94,0.9112,-1,-1,-1
343,834,1043.63,497.19,49.49,98.08,0.9732,-1,-1,-1
343,836,770.34,332.26,40.44,93.95,0.9728,-1,-1,-1
343,843,833.49,298.96,48.36,80.27,0.9724,-1,-1,-1
343,837,1149.97,807.27,39.77,139.2,0.9717,-1,-1,-1
343,875,0.0,524.71,61.34,115.18,0.9717,-1,-1,-1
343,849,1510.32,373.36,38.08,84.28,0.9706,-1,-1,-1
343,839,1111.1,204.22,42.11,76.4,0.9705,-1,-1,-1
343,874,0.92,880.26,72.38,157.22,0.97,-1,-1,-1
343,842,1270.76,249.63,42.3,71.93,0.9696,-1,-1,-1
343,845,733.29,469.17,71.34,102.31,0.9685,-1,-1,-1
343,851,1615.81,397.12,42.84,85.87,0.9624,-1,-1,-1
343,841,1067.77,300.01,26.22,83.47,0.9561,-1,-1,-1
343,840,1852.49,314.43,33.02,90.63,0.9556,-1,-1,-1
343,890,1732.32,187.63,35.14,67.4,0.9545,-1,-1,-1
343,844,1882.22,226.65,33.82,76.81,0.9492,-1,-1,-1
343,846,1638.36,279.09,23.43,80.94,0.9461,-1,-1,-1
343,889,920.56,279.16,30.31,73.66,0.9436,-1,-1,-1
344,834,1043.92,495.61,45.95,99.67,0.9739,-1,-1,-1
344,843,833.9,298.9,52.47,79.71,0.9731,-1,-1,-1
344,845,744.9,468.85,63.39,103.67,0.973,-1,-1,-1
344,839,1115.09,202.79,42.26,78.16,0.9719,-1,-1,-1
344,836,770.44,332.78,41.68,93.22,0.9715,-1,-1,-1
344,874,0.0,881.48,79.79,155.95,0.9712,-1,-1,-1
344,875,0.0,522.88,60.0,115.41,0.968,-1,-1,-1
344,837,1152.23,807.68,36.83,137.67,0.9663,-1,-1,-1
344,842,1275.1,249.84,41.53,72.03,0.9653,-1,-1,-1
344,840,1857.73,316.14,34.93,90.84,0.9605,-1,-1,-1
344,849,1513.66,372.21,33.27,85.55,0.9601,-1,-1,-1
344,841,1068.77,299.78,25.63,83.4,0.9571,-1,-1,-1
344,846,1641.83,280.52,25.74,80.61,0.9547,-1,-1,-1
344,890,1736.9,187.45,34.0,67.56,0.9542,-1,-1,-1
344,851,1620.62,396.47,37.62,85.64,0.9526,-1,-1,-1
344,844,1888.25,225.72,30.67,77.55,0.948,-1,-1,-1
344,889,932.53,279.56,26.79,72.8,0.9461,-1,-1,-1
345,834,1043.97,494.2,41.89,100.3,0.9743,-1,-1,-1
345,843,835.37,298.35,51.6,79.71,0.9739,-1,-1,-1
345,836,767.24,333.63,45.67,92.6,0.9736,-1,-1,-1
345,845,753.56,467.01,59.04,102.53,0.9685,-1,-1,-1
345,874,0.12,882.42,83.07,153.61,0.968,-1,-1,-1
345,875,0.52,518.81,52.97,118.02,0.968,-1,-1,-1
345,837,1154.43,807.26,36.87,137.35,0.9656,-1,-1,-1
345,842,1278.72,248.12,39.96,72.81,0.9651,-1,-1,-1
345,840,1863.47,318.41,36.51,90.08,0.9635,-1,-1,-1
345,839,1120.27,204.6,40.78,75.74,0.9631,-1,-1,-1
345,889,941.28,278.6,28.09,73.25,0.9609,-1,-1,-1
345,849,1516.88,371.98,28.17,87.58,0.9569,-1,-1,-1
345,841,1071.05,299.34,27.53,83.84,0.9547,-1,-1,-1
345,846,1645.42,282.93,26.85,79.94,0.9533,-1,-1,-1
345,844,1892.42,225.41,27.58,77.05,0.9448,-1,-1,-1
345,890,1742.49,186.93,31.32,67.61,0.9403,-1,-1,-1
345,851,1625.09,397.14,34.27,84.79,0.8711,-1,-1,-1
346,836,762.7,334.65,51.78,93.09,0.9751,-1,-1,-1
346,843,836.63,298.96,50.27,79.02,0.9745,-1,-1,-1
346,834,1045.43,491.0,41.16,103.11,0.9728,-1,-1,-1
346,839,1124.1,202.98,40.35,76.98,0.9722,-1,-1,-1
346,875,0.82,516.7,48.31,118.19,0.9711,-1,-1,-1
346,874,1.42,882.81,85.33,153.47,0.9701,-1,-1,-1
346,837,1152.82,807.16,41.53,139.25,0.9673,-1,-1,-1
346,889,946.38,276.44,31.97,74.99,0.9642,-1,-1,-1
346,845,764.31,466.36,52.94,105.54,0.9641,-1,-1,-1
346,842,1282.11,247.21,37.75,73.34,0.9615,-1,-1,-1
346,841,1071.76,299.95,31.51,83.43,0.9594,-1,-1,-1
346,846,1648.17,286.01,29.22,77.84,0.9583,-1,-1,-1
346,840,1869.77,320.93,36.53,87.61,0.9568,-1,-1,-1
346,849,1517.73,372.37,26.65,87.11,0.9517,-1,-1,-1
346,890,1746.89,187.21,29.89,67.61,0.9488,-1,-1,-1
346,851,1630.31,395.19,30.64,86.96,0.9146,-1,-1,-1
346,844,1896.56,226.66,23.44,76.28,0.853,-1,-1,-1
346,891,1631.52,387.62,27.34,47.47,0.4703,-1,-1,-1
347,836,760.41,335.55,56.79,91.76,0.9773,-1,-1,-1
347,845,773.56,466.82,48.22,106.0,0.9743,-1,-1,-1
347,837,1148.32,808.26,48.99,137.59,0.9742,-1,-1,-1
347,843,839.0,300.08,45.56,79.49,0.9741,-1,-1,-1
347,834,1046.53,489.88,42.09,105.67,0.9737,-1,-1,-1
347,875,0.88,514.42,45.32,118.77,0.9698,-1,-1,-1
347,841,1069.8,300.07,37.82,83.6,0.9694,-1,-1,-1
347,874,2.66,882.43,85.13,153.48,0.9679,-1,-1,-1
347,839,1128.47,203.49,38.14,76.9,0.9676,-1,-1,-1
347,889,951.79,275.56,39.38,77.41,0.9633,-1,-1,-1
347,849,1517.9,372.83,29.61,87.21,0.9605,-1,-1,-1
347,840,1876.02,323.38,36.41,86.61,0.9566,-1,-1,-1
347,846,1650.56,289.3,31.49,75.57,0.9561,-1,-1,-1
347,890,1750.73,185.45,27.32,70.0,0.9456,-1,-1,-1
347,842,1286.41,246.85,32.96,73.9,0.9448,-1,-1,-1
347,844,1898.18,225.53,21.82,76.68,0.9146,-1,-1,-1
347,851,1632.86,400.77,29.57,80.64,0.9002,-1,-1,-1
347,891,1637.0,387.36,23.82,40.74,0.3538,-1,-1,-1
348,836,760.39,335.55,56.88,91.72,0.9773,-1,-1,-1
348,845,773.54,466.82,48.24,106.02,0.9743,-1,-1,-1
348,837,1148.31,808.25,48.96,137.64,0.9742,-1,-1,-1
348,843,839.09,300.07,45.44,79.4,0.9739,-1,-1,-1
348,834,1046.58,489.64,42.03,105.94,0.9736,-1,-1,-1
348,875,0.89,514.37,45.34,118.91,0.9698,-1,-1,-1
348,841,1069.8,300.08,37.78,83.6,0.9694,-1,-1,-1
348,874,2.67,882.43,85.09,153.44,0.9685,-1,-1,-1
348,839,1128.46,203.5,38.17,76.9,0.9676,-1,-1,-1
348,889,951.79,275.57,39.41,77.38,0.9634,-1,-1,-1
348,849,1517.79,372.84,29.75,87.12,0.9602,-1,-1,-1
348,846,1650.51,289.3,31.6,75.57,0.9561,-1,-1,-1
348,840,1876.16,323.47,36.27,86.49,0.9559,-1,-1,-1
348,890,1750.76,185.46,27.33,69.97,0.9464,-1,-1,-1
348,842,1286.56,246.82,32.67,74.47,0.9422,-1,-1,-1
348,844,1898.16,225.57,21.84,76.68,0.9149,-1,-1,-1
348,851,1632.85,400.71,29.62,80.71,0.9043,-1,-1,-1
348,891,1637.0,387.37,23.6,40.57,0.3385,-1,-1,-1
349,836,760.14,335.41,58.66,92.15,0.9757,-1,-1,-1
349,834,1046.22,489.88,45.36,105.38,0.9744,-1,-1,-1
349,837,1142.52,809.51,57.33,137.01,0.9713,-1,-1,-1
349,841,1066.45,300.26,45.26,83.38,0.9711,-1,-1,-1
349,845,784.07,467.11,43.64,107.26,0.9703,-1,-1,-1
349,875,0.95,513.25,45.42,119.63,0.9697,-1,-1,-1
349,874,2.31,882.5,82.25,151.76,0.9695,-1,-1,-1
349,843,842.72,301.75,41.07,77.66,0.9671,-1,-1,-1
349,889,958.12,275.38,43.6,76.84,0.9668,-1,-1,-1
349,849,1516.52,373.75,35.03,86.43,0.966,-1,-1,-1
349,839,1132.65,202.65,35.2,77.75,0.9654,-1,-1,-1
349,840,1878.45,323.84,40.4,88.42,0.9638,-1,-1,-1
349,846,1653.07,291.77,33.46,73.93,0.96,-1,-1,-1
349,842,1286.93,245.82,30.2,74.26,0.9438,-1,-1,-1
349,890,1754.5,185.22,24.36,70.53,0.9327,-1,-1,-1
349,844,1899.16,223.44,20.84,79.11,0.9048,-1,-1,-1
349,851,1632.76,394.76,32.63,88.23,0.8758,-1,-1,-1
350,834,1044.91,490.42,50.05,106.13,0.9743,-1,-1,-1
350,837,1135.13,810.75,68.42,136.41,0.9727,-1,-1,-1
350,874,0.93,882.0,70.26,153.28,0.9704,-1,-1,-1
350,836,763.88,335.46,57.47,89.24,0.9704,-1,-1,-1
350,875,1.0,513.01,45.28,119.6,0.9702,-1,-1,-1
350,889,964.69,275.62,44.86,77.79,0.9701,-1,-1,-1
350,841,1066.13,300.03,48.54,83.8,0.9691,-1,-1,-1
350,845,794.41,468.64,42.09,107.14,0.9688,-1,-1,-1
350,849,1513.64,374.42,41.81,87.54,0.9655,-1,-1,-1
350,843,847.31,302.79,36.71,76.48,0.9539,-1,-1,-1
350,839,1136.03,201.67,32.15,79.15,0.9512,-1,-1,-1
350,851,1628.66,405.17,38.28,77.99,0.9511,-1,-1,-1
350,846,1657.76,292.99,33.1,72.73,0.9486,-1,-1,-1
350,840,1883.96,323.66,36.04,88.82,0.9483,-1,-1,-1
350,842,1289.56,244.78,25.29,75.81,0.9375,-1,-1,-1
350,844,1897.69,221.13,22.29,81.65,0.8506,-1,-1,-1
350,890,1757.56,184.52,22.74,71.27,0.3781,-1,-1,-1
351,836,767.17,335.91,55.87,86.7,0.9759,-1,-1,-1
351,874,0.28,880.36,57.46,154.75,0.9756,-1,-1,-1
351,834,1046.69,491.35,48.25,106.0,0.9756,-1,-1,-1
351,837,1133.06,811.45,75.02,135.85,0.9754,-1,-1,-1
351,875,1.1,514.06,44.95,118.32,0.9705,-1,-1,-1
351,841,1070.09,300.41,47.43,83.05,0.9689,-1,-1,-1
351,889,972.95,276.46,42.18,78.33,0.9682,-1,-1,-1
351,843,837.33,303.53,45.73,76.72,0.9636,-1,-1,-1
351,845,805.57,470.04,36.67,107.15,0.9629,-1,-1,-1
351,849,1513.93,375.73,45.33,86.43,0.9606,-1,-1,-1
351,839,1137.83,202.65,29.96,78.27,0.9564,-1,-1,-1
351,851,1625.09,400.89,45.02,83.56,0.9536,-1,-1,-1
351,846,1662.97,293.43,31.09,72.48,0.9526,-1,-1,-1
351,840,1889.54,324.47,30.46,89.03,0.947,-1,-1,-1
351,842,1290.47,243.62,24.7,77.42,0.9415,-1,-1,-1
351,844,1894.45,227.96,25.55,75.86,0.8976,-1,-1,-1
351,890,1758.29,186.61,24.12,68.62,0.5761,-1,-1,-1
352,874,1.0,878.74,50.77,155.29,0.9771,-1,-1,-1
352,834,1046.9,493.04,47.25,104.47,0.977,-1,-1,-1
352,841,1073.22,300.07,46.25,83.55,0.9733,-1,-1,-1
352,875,0.23,515.74,46.13,116.35,0.9727,-1,-1,-1
352,837,1131.24,813.88,81.96,133.75,0.9719,-1,-1,-1
352,849,1515.52,376.89,47.36,85.92,0.971,-1,-1,-1
352,843,833.3,303.47,47.67,76.16,0.9666,-1,-1,-1
352,845,810.97,471.88,37.87,105.75,0.965,-1,-1,-1
352,836,769.23,335.81,63.05,85.96,0.9648,-1,-1,-1
352,851,1623.96,398.08,49.05,88.22,0.9638,-1,-1,-1
352,889,983.06,278.18,38.32,76.44,0.9625,-1,-1,-1
352,846,1667.96,293.62,30.54,73.53,0.9597,-1,-1,-1
352,839,1141.34,202.07,27.29,79.11,0.9567,-1,-1,-1
352,842,1293.18,242.63,26.55,77.98,0.9484,-1,-1,-1
352,844,1893.36,230.95,26.64,74.29,0.9198,-1,-1,-1
352,840,1895.86,322.47,24.14,90.96,0.8825,-1,-1,-1
352,890,1757.28,185.35,28.38,70.04,0.7667,-1,-1,-1
353,874,0.0,877.21,57.62,155.85,0.9767,-1,-1,-1
353,834,1046.9,495.02,44.23,102.49,0.9754,-1,-1,-1
353,837,1130.66,812.38,88.78,133.93,0.9745,-1,-1,-1
353,841,1075.81,299.97,45.42,83.1,0.9729,-1,-1,-1
353,849,1519.1,377.35,45.56,85.5,0.9721,-1,-1,-1
353,836,773.02,335.91,51.69,84.47,0.9721,-1,-1,-1
353,875,0.0,517.69,47.24,115.73,0.9686,-1,-1,-1
353,851,1624.14,402.08,51.97,84.12,0.967,-1,-1,-1
353,843,829.61,303.74,51.29,76.8,0.9641,-1,-1,-1
353,846,1673.98,293.88,28.58,72.79,0.9587,-1,-1,-1
353,839,1143.42,201.72,28.05,79.73,0.9567,-1,-1,-1
353,890,1756.03,185.37,33.83,69.99,0.9558,-1,-1,-1
353,842,1292.15,243.23,32.32,78.14,0.9538,-1,-1,-1
353,845,821.06,472.58,36.51,105.2,0.9501,-1,-1,-1
353,889,997.18,280.13,33.68,74.34,0.9176,-1,-1,-1
353,844,1894.36,249.32,25.44,54.29,0.8855,-1,-1,-1
353,840,1902.01,324.53,17.99,68.11,0.8482,-1,-1,-1
354,874,0.0,877.25,57.62,155.82,0.9767,-1,-1,-1
354,834,1046.8,494.96,44.39,102.5,0.9754,-1,-1,-1
354,837,1130.64,812.39,88.74,133.92,0.9745,-1,-1,-1
354,841,1075.84,299.98,45.28,83.12,0.9728,-1,-1,-1
354,836,773.02,335.92,52.09,84.47,0.9727,-1,-1,-1
354,849,1519.08,377.33,45.59,85.5,0.9721,-1,-1,-1
354,875,0.0,517.69,47.24,115.72,0.9688,-1,-1,-1
354,851,1624.09,401.86,52.03,84.35,0.9675,-1,-1,-1
354,843,829.14,303.69,51.81,76.83,0.9646,-1,-1,-1
354,846,1674.03,293.87,28.54,72.86,0.9588,-1,-1,-1
354,839,1143.41,201.73,28.09,79.71,0.9568,-1,-1,-1
354,890,1755.98,185.36,33.83,69.98,0.956,-1,-1,-1
354,842,1292.11,243.23,32.36,78.11,0.9542,-1,-1,-1
354,845,821.12,472.65,36.44,105.16,0.9495,-1,-1,-1
354,889,996.78,280.11,34.19,74.34,0.9184,-1,-1,-1
354,844,1894.38,249.08,25.41,54.62,0.8781,-1,-1,-1
354,840,1902.02,324.5,17.98,68.06,0.8515,-1,-1,-1
355,834,1043.05,495.13,44.58,101.99,0.9778,-1,-1,-1
355,874,0.0,875.75,62.04,156.99,0.9772,-1,-1,-1
355,837,1135.71,813.85,84.98,133.02,0.9735,-1,-1,-1
355,836,772.38,335.74,52.64,84.54,0.972,-1,-1,-1
355,841,1078.05,299.13,43.5,83.6,0.9694,-1,-1,-1
355,875,0.0,519.31,49.2,114.51,0.9691,-1,-1,-1
355,849,1523.57,378.0,42.71,85.09,0.9687,-1,-1,-1
355,845,830.03,473.16,38.74,104.55,0.9668,-1,-1,-1
355,843,829.87,303.41,54.79,77.18,0.9626,-1,-1,-1
355,890,1755.82,186.39,37.82,69.22,0.9625,-1,-1,-1
355,851,1627.64,398.15,52.63,89.81,0.9613,-1,-1,-1
355,842,1290.75,243.57,38.13,77.08,0.9611,-1,-1,-1
355,846,1679.97,294.33,26.87,72.79,0.9566,-1,-1,-1
355,839,1145.48,200.77,28.57,80.63,0.956,-1,-1,-1
355,889,1009.94,280.42,30.64,73.73,0.9426,-1,-1,-1
355,844,1899.84,251.36,19.78,53.19,0.8703,-1,-1,-1
355,840,1907.56,317.52,12.04,74.04,0.7472,-1,-1,-1
356,834,1040.27,494.85,44.27,102.56,0.9783,-1,-1,-1
356,837,1137.24,812.89,87.76,134.21,0.9751,-1,-1,-1
356,874,0.0,876.2,59.62,158.04,0.9722,-1,-1,-1
356,845,836.27,471.95,43.59,105.02,0.9718,-1,-1,-1
356,875,0.0,519.64,51.03,113.3,0.9708,-1,-1,-1
356,851,1631.96,394.18,52.14,94.25,0.9698,-1,-1,-1
356,836,779.3,335.43,42.62,83.14,0.9696,-1,-1,-1
356,842,1291.69,244.22,42.05,76.76,0.9685,-1,-1,-1
356,843,833.39,303.08,53.97,77.2,0.9667,-1,-1,-1
356,849,1528.61,378.28,38.15,85.33,0.9616,-1,-1,-1
356,890,1759.15,186.38,39.96,70.67,0.9589,-1,-1,-1
356,841,1085.14,298.75,36.58,83.23,0.9578,-1,-1,-1
356,889,1018.59,280.01,31.91,74.52,0.957,-1,-1,-1
356,846,1685.11,295.48,26.03,71.9,0.9521,-1,-1,-1
356,839,1147.5,202.44,30.83,79.59,0.9462,-1,-1,-1
356,844,1904.96,262.52,14.27,88.25,0.6401,-1,-1,-1
357,834,1040.44,492.95,48.3,104.1,0.982,-1,-1,-1
357,837,1142.74,813.91,85.53,133.76,0.9751,-1,-1,-1
357,845,844.64,471.79,46.93,105.7,0.9734,-1,-1,-1
357,875,0.0,518.88,53.93,114.23,0.971,-1,-1,-1
357,843,837.75,302.14,53.63,77.84,0.9702,-1,-1,-1
357,836,782.16,333.45,38.0,85.3,0.9696,-1,-1,-1
357,851,1637.29,398.53,52.37,90.32,0.9679,-1,-1,-1
357,842,1297.29,243.7,41.51,77.16,0.9669,-1,-1,-1
357,890,1764.86,187.16,39.79,69.75,0.9603,-1,-1,-1
357,849,1532.46,377.8,34.83,85.88,0.9596,-1,-1,-1
357,874,0.0,876.96,48.59,158.56,0.9585,-1,-1,-1
357,889,1025.81,279.63,35.1,74.79,0.9584,-1,-1,-1
357,841,1088.81,297.55,31.55,84.31,0.9579,-1,-1,-1
357,846,1690.15,296.18,25.79,71.07,0.9496,-1,-1,-1
357,839,1151.56,202.88,31.01,78.38,0.9429,-1,-1,-1
358,834,1041.4,490.97,51.39,106.99,0.9754,-1,-1,-1
358,875,0.0,520.06,63.99,110.67,0.9746,-1,-1,-1
358,845,853.35,469.48,44.78,107.55,0.9726,-1,-1,-1
358,843,842.45,300.08,52.68,78.78,0.9722,-1,-1,-1
358,851,1642.22,394.52,52.14,94.09,0.9707,-1,-1,-1
358,837,1148.34,811.54,79.2,136.01,0.9706,-1,-1,-1
358,836,785.44,332.11,37.31,85.74,0.9667,-1,-1,-1
358,889,1032.93,278.61,38.48,75.16,0.9667,-1,-1,-1
358,874,0.0,879.71,42.86,152.42,0.9644,-1,-1,-1
358,842,1301.5,243.66,42.09,76.94,0.9626,-1,-1,-1
358,839,1155.22,203.55,31.7,78.12,0.957,-1,-1,-1
358,849,1535.48,377.62,30.47,85.53,0.9556,-1,-1,-1
358,846,1695.9,296.2,24.9,71.92,0.9528,-1,-1,-1
358,841,1095.17,297.2,24.05,84.02,0.9521,-1,-1,-1
358,890,1770.06,186.24,39.66,70.18,0.9475,-1,-1,-1
359,834,1045.59,490.98,49.57,105.73,0.9747,-1,-1,-1
359,875,0.0,518.1,66.42,111.71,0.9734,-1,-1,-1
359,845,863.38,467.36,42.67,106.1,0.9716,-1,-1,-1
359,837,1150.49,811.75,75.4,133.93,0.9713,-1,-1,-1
359,889,1040.31,278.22,42.21,76.46,0.9684,-1,-1,-1
359,843,849.17,299.18,50.97,79.29,0.9683,-1,-1,-1
359,836,787.91,332.41,38.89,85.61,0.9681,-1,-1,-1
359,851,1648.89,396.41,48.4,92.58,0.968,-1,-1,-1
359,842,1308.02,243.44,38.78,76.47,0.9667,-1,-1,-1
359,874,0.02,880.49,42.85,152.27,0.9641,-1,-1,-1
359,849,1537.55,377.66,28.54,85.75,0.9557,-1,-1,-1
359,846,1701.66,295.86,24.67,71.89,0.9542,-1,-1,-1
359,890,1776.7,186.3,37.93,70.37,0.9529,-1,-1,-1
359,839,1158.92,206.35,32.83,75.33,0.9468,-1,-1,-1
359,841,1098.11,296.15,21.95,85.31,0.9453,-1,-1,-1
360,834,1045.61,490.95,49.57,105.74,0.9746,-1,-1,-1
360,875,0.0,518.13,66.29,111.64,0.9735,-1,-1,-1
360,845,863.39,467.35,42.65,106.03,0.9716,-1,-1,-1
360,837,1150.5,811.73,75.44,133.98,0.9713,-1,-1,-1
360,889,1040.31,278.21,42.24,76.59,0.9686,-1,-1,-1
360,836,787.9,332.42,38.89,85.62,0.9684,-1,-1,-1
360,843,849.16,299.19,51.0,79.3,0.9681,-1,-1,-1
360,851,1649.11,396.43,48.18,92.62,0.9675,-1,-1,-1
360,842,1308.04,243.48,38.79,76.43,0.9664,-1,-1,-1
360,874,0.02,880.46,42.86,152.35,0.9641,-1,-1,-1
360,849,1537.57,377.64,28.53,85.81,0.9556,-1,-1,-1
360,846,1701.65,295.84,24.69,71.91,0.9542,-1,-1,-1
360,890,1776.69,186.28,37.92,70.39,0.9523,-1,-1,-1
360,839,1158.93,206.31,32.81,75.41,0.947,-1,-1,-1
360,841,1098.14,296.13,21.92,85.29,0.9454,-1,-1,-1
361,834,1047.72,491.15,51.97,103.91,0.974,-1,-1,-1
361,843,858.48,296.94,46.41,81.64,0.973,-1,-1,-1
361,875,0.0,516.48,66.86,112.58,0.9728,-1,-1,-1
361,836,791.0,332.88,39.71,84.46,0.9719,-1,-1,-1
361,845,873.8,465.54,41.04,105.2,0.9715,-1,-1,-1
361,837,1153.49,811.98,70.58,132.16,0.9711,-1,-1,-1
361,889,1050.48,278.51,41.53,76.6,0.9699,-1,-1,-1
361,851,1656.26,394.87,43.73,93.95,0.9672,-1,-1,-1
361,874,0.29,879.92,41.42,153.27,0.9668,-1,-1,-1
361,849,1539.08,378.05,33.0,85.56,0.9646,-1,-1,-1
361,842,1313.91,242.52,34.07,76.61,0.9589,-1,-1,-1
361,846,1707.36,295.42,24.47,71.75,0.9583,-1,-1,-1
361,839,1164.35,208.2,32.23,73.28,0.9568,-1,-1,-1
361,841,1100.88,296.6,24.33,83.36,0.9489,-1,-1,-1
361,890,1783.49,185.16,35.57,70.92,0.8696,-1,-1,-1
362,837,1154.05,812.45,67.93,130.45,0.9739,-1,-1,-1
362,834,1053.32,491.55,49.48,102.66,0.9739,-1,-1,-1
362,875,3.58,514.24,57.61,113.3,0.9712,-1,-1,-1
362,845,883.75,464.05,41.94,102.98,0.9702,-1,-1,-1
362,843,868.22,295.89,44.05,82.57,0.9692,-1,-1,-1
362,849,1540.92,380.56,39.28,83.35,0.9654,-1,-1,-1
362,874,0.0,878.46,42.8,152.33,0.9653,-1,-1,-1
362,836,795.96,332.63,38.46,83.58,0.9651,-1,-1,-1
362,889,1062.34,280.44,39.34,75.08,0.9638,-1,-1,-1
362,851,1664.32,400.71,39.73,87.05,0.9607,-1,-1,-1
362,839,1169.6,207.83,32.92,73.85,0.9558,-1,-1,-1
362,841,1102.77,298.31,29.55,82.46,0.9538,-1,-1,-1
362,846,1713.13,294.46,27.09,74.13,0.9518,-1,-1,-1
362,842,1322.06,241.63,28.94,76.7,0.9471,-1,-1,-1
362,890,1793.17,184.82,30.75,71.38,0.7623,-1,-1,-1
363,875,9.31,511.17,49.01,115.01,0.9764,-1,-1,-1
363,834,1056.81,493.21,49.28,100.85,0.9739,-1,-1,-1
363,849,1541.43,381.76,47.68,82.22,0.9737,-1,-1,-1
363,837,1156.72,813.17,62.26,129.01,0.9734,-1,-1,-1
363,836,801.51,330.9,37.84,84.63,0.9715,-1,-1,-1
363,845,895.14,462.73,41.79,101.58,0.9669,-1,-1,-1
363,843,878.38,294.32,41.69,84.66,0.9647,-1,-1,-1
363,874,0.0,875.27,48.43,153.63,0.9593,-1,-1,-1
363,841,1102.84,297.36,39.33,82.96,0.9586,-1,-1,-1
363,846,1720.58,294.04,29.57,76.7,0.9571,-1,-1,-1
363,839,1176.24,209.39,35.5,71.5,0.9526,-1,-1,-1
363,842,1328.36,240.21,25.88,77.89,0.9511,-1,-1,-1
363,851,1674.33,399.97,35.81,88.46,0.9222,-1,-1,-1
363,889,1079.43,281.12,34.53,71.87,0.9139,-1,-1,-1
363,890,1801.22,183.45,28.77,72.2,0.4052,-1,-1,-1
364,874,0.0,871.38,60.83,159.71,0.9766,-1,-1,-1
364,875,15.18,509.51,45.91,114.55,0.9757,-1,-1,-1
364,834,1057.84,495.76,49.74,97.77,0.974,-1,-1,-1
364,837,1160.81,813.24,56.55,128.07,0.9738,-1,-1,-1
364,843,883.22,292.44,45.16,86.72,0.9704,-1,-1,-1
364,845,907.54,461.16,42.01,102.29,0.9665,-1,-1,-1
364,849,1543.78,383.61,55.46,79.91,0.9652,-1,-1,-1
364,839,1184.86,206.74,35.97,74.21,0.9643,-1,-1,-1
364,836,808.83,328.33,36.45,85.12,0.9606,-1,-1,-1
364,846,1728.55,293.8,32.11,77.93,0.9603,-1,-1,-1
364,841,1106.74,297.27,44.12,83.15,0.9588,-1,-1,-1
364,842,1335.7,239.8,23.54,77.63,0.9373,-1,-1,-1
364,851,1684.53,396.22,35.93,93.41,0.9267,-1,-1,-1
364,889,1097.44,282.91,28.67,71.66,0.8997,-1,-1,-1
364,890,1812.33,183.85,26.34,71.25,0.4556,-1,-1,-1
365,875,22.56,509.05,44.89,113.33,0.9761,-1,-1,-1
365,874,0.0,866.99,72.2,162.5,0.9745,-1,-1,-1
365,837,1167.3,814.54,54.67,127.42,0.9736,-1,-1,-1
365,834,1060.79,496.65,48.77,96.08,0.9722,-1,-1,-1
365,849,1549.95,384.66,59.7,79.28,0.9715,-1,-1,-1
365,843,888.9,292.54,48.75,86.31,0.9678,-1,-1,-1
365,845,920.04,458.46,41.77,104.26,0.9675,-1,-1,-1
365,836,816.55,326.72,36.06,85.5,0.967,-1,-1,-1
365,846,1740.4,294.6,31.07,78.41,0.9588,-1,-1,-1
365,839,1192.79,209.05,37.37,71.8,0.9574,-1,-1,-1
365,841,1111.52,302.22,49.76,76.72,0.9555,-1,-1,-1
365,851,1692.57,393.69,37.77,96.75,0.9489,-1,-1,-1
365,842,1343.96,239.08,22.1,78.64,0.9143,-1,-1,-1
365,889,1113.98,282.77,27.92,64.99,0.8291,-1,-1,-1
366,875,22.55,509.03,44.89,113.33,0.9761,-1,-1,-1
366,874,0.0,867.0,72.16,162.47,0.9745,-1,-1,-1
366,837,1167.27,814.6,54.68,127.37,0.9736,-1,-1,-1
366,834,1060.78,496.66,48.72,96.07,0.9723,-1,-1,-1
366,849,1550.11,384.68,59.51,79.22,0.9714,-1,-1,-1
366,843,888.87,292.53,48.77,86.3,0.9678,-1,-1,-1
366,845,920.05,458.48,41.76,104.25,0.9673,-1,-1,-1
366,836,816.55,326.74,36.08,85.65,0.9671,-1,-1,-1
366,846,1740.39,294.56,31.09,78.47,0.959,-1,-1,-1
366,839,1192.78,209.14,37.4,71.71,0.9572,-1,-1,-1
366,841,1111.49,302.37,49.77,76.59,0.9557,-1,-1,-1
366,851,1692.47,393.69,37.84,96.55,0.9497,-1,-1,-1
366,842,1343.93,239.01,22.02,78.66,0.917,-1,-1,-1
366,889,1114.04,282.74,28.18,65.37,0.8142,-1,-1,-1
367,875,29.01,509.79,45.99,113.2,0.9782,-1,-1,-1
367,874,0.73,866.14,77.82,161.01,0.9758,-1,-1,-1
367,834,1062.44,497.29,53.73,96.14,0.9722,-1,-1,-1
367,837,1171.86,818.23,60.24,124.63,0.9718,-1,-1,-1
367,843,897.01,292.33,47.9,85.94,0.97,-1,-1,-1
367,849,1560.56,385.53,59.64,79.17,0.9692,-1,-1,-1
367,836,825.68,325.77,34.88,86.6,0.9689,-1,-1,-1
367,845,934.16,457.37,41.18,105.8,0.965,-1,-1,-1
367,839,1201.3,210.41,38.34,70.63,0.9649,-1,-1,-1
367,841,1120.36,297.44,50.0,81.83,0.9641,-1,-1,-1
367,851,1699.5,395.98,40.1,95.57,0.9569,-1,-1,-1
367,846,1750.89,297.12,30.35,78.43,0.9563,-1,-1,-1
367,842,1350.83,239.38,25.52,79.54,0.95,-1,-1,-1
368,875,32.75,510.29,49.57,112.56,0.9774,-1,-1,-1
368,837,1173.83,820.41,68.55,123.23,0.9749,-1,-1,-1
368,845,948.35,456.71,43.56,106.01,0.9737,-1,-1,-1
368,874,8.95,865.61,69.57,161.56,0.9737,-1,-1,-1
368,849,1570.87,388.51,54.72,75.82,0.9702,-1,-1,-1
368,834,1071.3,496.54,55.02,96.63,0.9693,-1,-1,-1
368,843,908.27,290.3,45.34,88.1,0.9678,-1,-1,-1
368,836,835.29,325.73,36.18,87.12,0.9669,-1,-1,-1
368,841,1130.54,295.73,48.59,83.66,0.9599,-1,-1,-1
368,839,1209.91,210.11,38.44,70.65,0.9598,-1,-1,-1
368,842,1355.74,239.47,31.46,78.92,0.9503,-1,-1,-1
368,846,1761.27,298.97,32.41,77.44,0.9433,-1,-1,-1
368,851,1705.82,396.01,45.02,97.15,0.8969,-1,-1,-1
368,889,1151.42,280.21,22.99,61.39,0.689,-1,-1,-1
369,875,37.31,512.16,53.38,110.55,0.9751,-1,-1,-1
369,837,1176.87,822.73,78.07,122.06,0.9748,-1,-1,-1
369,845,962.0,456.84,47.96,105.94,0.9717,-1,-1,-1
369,851,1714.24,398.91,47.58,95.32,0.9678,-1,-1,-1
369,849,1572.92,389.27,57.11,74.55,0.9675,-1,-1,-1
369,836,845.38,326.02,37.82,86.95,0.9651,-1,-1,-1
369,843,920.54,289.58,41.38,88.1,0.9648,-1,-1,-1
369,834,1079.06,496.87,57.47,96.07,0.9625,-1,-1,-1
369,842,1360.81,240.97,38.49,76.3,0.9606,-1,-1,-1
369,841,1141.22,294.99,45.47,83.94,0.9587,-1,-1,-1
369,839,1219.28,210.68,35.71,71.12,0.9565,-1,-1,-1
369,874,20.15,866.71,53.53,161.06,0.9399,-1,-1,-1
369,846,1772.34,300.67,32.46,76.52,0.9389,-1,-1,-1
369,890,1845.85,183.36,35.09,71.43,0.6988,-1,-1,-1
369,889,1163.65,280.21,24.93,73.36,0.5635,-1,-1,-1
370,845,975.8,456.77,52.18,104.54,0.9745,-1,-1,-1
370,874,24.14,866.84,51.89,159.68,0.974,-1,-1,-1
370,837,1182.46,824.59,83.26,119.58,0.9709,-1,-1,-1
370,875,41.64,514.27,59.99,108.51,0.9679,-1,-1,-1
370,836,855.62,326.47,39.31,87.24,0.9678,-1,-1,-1
370,834,1085.65,495.92,58.25,97.46,0.9676,-1,-1,-1
370,851,1724.67,399.0,48.81,95.64,0.9675,-1,-1,-1
370,841,1154.79,295.72,39.92,82.37,0.9662,-1,-1,-1
370,849,1577.03,390.42,55.41,73.03,0.9653,-1,-1,-1
370,843,932.7,289.64,37.14,87.51,0.9601,-1,-1,-1
370,842,1369.95,240.82,41.16,76.82,0.9576,-1,-1,-1
370,839,1229.8,212.27,32.43,69.16,0.9567,-1,-1,-1
370,846,1784.69,300.5,33.01,76.78,0.9364,-1,-1,-1
370,890,1855.14,182.82,39.84,73.08,0.8981,-1,-1,-1
370,889,1182.69,278.25,23.92,75.06,0.4236,-1,-1,-1
371,875,48.83,513.97,64.37,107.04,0.9748,-1,-1,-1
371,837,1185.92,825.2,93.89,118.67,0.9735,-1,-1,-1
371,845,988.46,456.0,56.87,105.1,0.9732,-1,-1,-1
371,874,26.28,866.87,55.26,157.25,0.973,-1,-1,-1
371,851,1734.53,399.35,51.35,96.81,0.9711,-1,-1,-1
371,834,1090.42,496.23,63.42,96.57,0.9704,-1,-1,-1
371,836,866.98,326.98,39.71,86.51,0.9663,-1,-1,-1
371,842,1380.41,240.07,43.53,76.88,0.9658,-1,-1,-1
371,841,1167.83,294.88,33.9,83.03,0.963,-1,-1,-1
371,849,1584.88,389.34,50.77,73.9,0.9629,-1,-1,-1
371,843,946.97,289.3,33.3,87.3,0.9593,-1,-1,-1
371,839,1239.66,211.13,30.04,69.27,0.9459,-1,-1,-1
371,846,1798.0,299.72,32.66,76.91,0.9412,-1,-1,-1
371,889,1194.56,279.06,32.66,78.61,0.8937,-1,-1,-1
371,890,1868.02,181.62,40.66,72.58,0.7452,-1,-1,-1
372,875,48.83,513.94,64.37,107.08,0.9747,-1,-1,-1
372,837,1185.95,825.21,93.86,118.64,0.9736,-1,-1,-1
372,845,988.47,455.96,56.89,105.16,0.9732,-1,-1,-1
372,874,26.17,866.92,55.36,157.19,0.9729,-1,-1,-1
372,851,1734.55,399.31,51.41,96.93,0.9712,-1,-1,-1
372,834,1090.32,496.13,63.47,96.66,0.9707,-1,-1,-1
372,836,866.95,327.05,39.75,86.45,0.9663,-1,-1,-1
372,842,1380.38,240.1,43.55,76.88,0.9659,-1,-1,-1
372,849,1584.78,389.33,50.84,73.9,0.9632,-1,-1,-1
372,841,1167.98,294.89,33.78,83.01,0.963,-1,-1,-1
372,843,947.08,289.28,33.19,87.4,0.9592,-1,-1,-1
372,839,1239.69,211.13,29.9,69.37,0.946,-1,-1,-1
372,846,1798.0,299.74,32.64,77.18,0.9408,-1,-1,-1
372,889,1194.87,279.08,32.27,78.48,0.8808,-1,-1,-1
372,890,1868.08,181.6,40.63,72.62,0.7293,-1,-1,-1
373,834,1100.73,496.7,60.32,95.45,0.9742,-1,-1,-1
373,874,29.57,864.1,57.07,157.89,0.9732,-1,-1,-1
373,875,58.3,512.56,69.59,106.03,0.9717,-1,-1,-1
373,851,1746.03,399.06,53.17,98.07,0.9705,-1,-1,-1
373,849,1592.94,388.5,48.07,76.06,0.9691,-1,-1,-1
373,837,1191.48,824.55,95.82,117.74,0.9686,-1,-1,-1
373,836,879.04,325.11,39.45,87.52,0.9676,-1,-1,-1
373,845,1003.22,455.62,57.72,104.41,0.9664,-1,-1,-1
373,843,960.63,289.09,30.56,85.84,0.9613,-1,-1,-1
373,842,1393.82,240.99,42.23,74.55,0.959,-1,-1,-1
373,841,1180.81,293.25,27.3,82.92,0.9549,-1,-1,-1
373,839,1248.84,209.85,33.3,70.12,0.9516,-1,-1,-1
373,846,1812.08,298.91,32.79,76.89,0.9405,-1,-1,-1
373,890,1879.65,182.84,40.08,71.04,0.8598,-1,-1,-1
373,889,1211.39,279.45,29.67,78.15,0.825,-1,-1,-1
374,875,71.17,509.43,69.92,107.21,0.9762,-1,-1,-1
374,874,32.94,860.34,71.96,158.7,0.9756,-1,-1,-1
374,837,1197.47,823.68,91.13,117.15,0.9749,-1,-1,-1
374,845,1016.63,454.56,59.64,103.63,0.9731,-1,-1,-1
374,834,1110.47,496.3,56.0,94.47,0.9706,-1,-1,-1
374,851,1758.55,397.91,53.22,99.03,0.9703,-1,-1,-1
374,836,891.62,321.65,37.77,88.46,0.967,-1,-1,-1
374,849,1604.17,386.64,48.07,77.26,0.9658,-1,-1,-1
374,842,1406.65,239.18,39.32,74.55,0.9645,-1,-1,-1
374,839,1259.14,207.47,35.79,70.26,0.9621,-1,-1,-1
374,843,973.23,289.5,29.85,83.98,0.9602,-1,-1,-1
374,841,1191.58,292.19,24.56,82.73,0.9511,-1,-1,-1
374,846,1826.19,296.89,32.4,80.92,0.951,-1,-1,-1
374,890,1892.9,181.23,27.1,74.53,0.8951,-1,-1,-1
374,889,1227.42,278.88,32.02,77.96,0.8159,-1,-1,-1
375,874,38.46,854.84,82.78,159.28,0.9785,-1,-1,-1
375,837,1201.59,821.77,88.22,117.21,0.974,-1,-1,-1
375,845,1030.5,452.69,58.11,103.35,0.9725,-1,-1,-1
375,875,83.92,506.75,73.21,108.87,0.9707,-1,-1,-1
375,849,1614.71,384.19,49.27,80.52,0.9695,-1,-1,-1
375,839,1269.3,205.11,37.87,71.73,0.9677,-1,-1,-1
375,834,1117.2,496.35,52.75,91.99,0.9675,-1,-1,-1
375,843,983.17,290.17,31.38,82.39,0.9631,-1,-1,-1
375,836,903.72,315.21,36.11,95.34,0.9613,-1,-1,-1
375,851,1773.27,397.15,49.53,96.61,0.9612,-1,-1,-1
375,842,1421.06,236.98,34.11,74.05,0.9542,-1,-1,-1
375,846,1840.57,294.73,33.13,84.08,0.954,-1,-1,-1
375,841,1199.32,290.69,27.29,83.17,0.9477,-1,-1,-1
375,889,1245.77,279.86,31.54,75.34,0.9018,-1,-1,-1
376,874,45.18,850.92,83.57,160.73,0.9769,-1,-1,-1
376,875,96.4,504.45,72.62,107.7,0.9743,-1,-1,-1
376,845,1044.78,450.12,57.26,102.71,0.9727,-1,-1,-1
376,834,1118.79,495.81,52.16,90.34,0.9701,-1,-1,-1
376,839,1278.76,201.74,41.86,72.77,0.9694,-1,-1,-1
376,849,1624.79,383.98,50.89,80.54,0.9687,-1,-1,-1
376,837,1206.85,817.72,79.47,118.87,0.9684,-1,-1,-1
376,836,916.34,315.39,32.53,90.75,0.9644,-1,-1,-1
376,851,1786.23,395.37,49.49,98.35,0.9632,-1,-1,-1
376,843,989.53,291.19,36.26,77.81,0.9592,-1,-1,-1
376,842,1434.95,235.38,30.1,74.02,0.9478,-1,-1,-1
376,841,1203.29,289.25,34.83,82.52,0.9438,-1,-1,-1
376,889,1265.34,277.3,30.64,76.52,0.9383,-1,-1,-1
376,846,1855.89,294.01,32.97,84.39,0.8098,-1,-1,-1
377,874,50.52,849.74,79.55,160.1,0.9765,-1,-1,-1
377,845,1062.09,447.89,53.05,103.52,0.9742,-1,-1,-1
377,875,108.48,503.73,67.54,106.88,0.9734,-1,-1,-1
377,834,1123.04,495.71,49.13,88.68,0.9717,-1,-1,-1
377,849,1635.05,384.79,50.41,79.75,0.9716,-1,-1,-1
377,843,995.85,292.74,41.13,74.7,0.969,-1,-1,-1
377,839,1287.14,200.09,43.13,73.73,0.9637,-1,-1,-1
377,851,1800.32,392.51,48.24,99.04,0.9625,-1,-1,-1
377,837,1212.46,813.74,73.43,120.98,0.9605,-1,-1,-1
377,841,1209.23,288.66,40.36,82.55,0.9537,-1,-1,-1
377,836,928.31,316.23,27.27,87.21,0.951,-1,-1,-1
377,842,1447.67,232.25,26.97,75.16,0.9451,-1,-1,-1
377,846,1869.51,294.98,32.75,84.8,0.9368,-1,-1,-1
377,889,1280.23,275.44,32.79,76.06,0.896,-1,-1,-1
378,874,50.45,849.67,79.62,160.13,0.9765,-1,-1,-1
378,845,1062.24,447.84,52.88,103.56,0.9742,-1,-1,-1
378,875,108.48,503.68,67.38,106.93,0.9735,-1,-1,-1
378,834,1123.06,495.77,49.09,88.61,0.9717,-1,-1,-1
378,849,1635.04,384.76,50.43,79.77,0.9717,-1,-1,-1
378,843,995.87,292.74,41.2,74.71,0.969,-1,-1,-1
378,839,1287.22,200.08,43.08,73.81,0.9635,-1,-1,-1
378,851,1800.32,392.5,48.27,99.05,0.9625,-1,-1,-1
378,837,1212.39,813.81,73.51,120.9,0.961,-1,-1,-1
378,841,1208.74,288.64,40.85,82.54,0.9569,-1,-1,-1
378,836,928.3,316.22,27.29,87.17,0.9512,-1,-1,-1
378,842,1447.58,232.15,27.1,75.35,0.9457,-1,-1,-1
378,846,1869.47,294.99,32.75,84.85,0.9362,-1,-1,-1
378,889,1280.2,275.47,32.79,75.99,0.896,-1,-1,-1
379,837,1212.62,811.04,84.05,122.91,0.976,-1,-1,-1
379,874,57.15,849.09,67.62,157.17,0.9748,-1,-1,-1
379,875,119.44,502.55,60.98,105.47,0.9708,-1,-1,-1
379,834,1128.21,495.29,52.23,89.21,0.9693,-1,-1,-1
379,849,1645.12,387.82,46.35,76.8,0.9677,-1,-1,-1
379,843,1004.74,292.76,43.75,73.55,0.9677,-1,-1,-1
379,839,1296.97,200.68,42.65,73.61,0.9671,-1,-1,-1
379,845,1083.71,445.22,43.32,103.98,0.9665,-1,-1,-1
379,851,1813.47,392.08,46.96,99.33,0.9663,-1,-1,-1
379,841,1218.59,288.47,42.2,81.91,0.9637,-1,-1,-1
379,846,1882.65,297.31,32.56,82.02,0.9509,-1,-1,-1
379,889,1292.89,274.35,37.22,77.93,0.946,-1,-1,-1
379,836,936.97,315.21,24.81,87.56,0.9457,-1,-1,-1
379,842,1457.73,230.94,28.58,75.98,0.9437,-1,-1,-1
380,837,1216.14,809.88,88.4,122.13,0.9827,-1,-1,-1
380,874,64.81,851.11,54.61,153.55,0.975,-1,-1,-1
380,875,128.15,500.44,53.09,106.12,0.9744,-1,-1,-1
380,834,1135.43,493.82,53.2,92.61,0.9705,-1,-1,-1
380,839,1305.51,200.4,41.94,73.1,0.969,-1,-1,-1
380,849,1656.17,388.78,39.48,76.4,0.9674,-1,-1,-1
380,843,1014.86,292.9,44.73,72.19,0.9659,-1,-1,-1
380,841,1227.42,288.85,44.19,81.71,0.9656,-1,-1,-1
380,851,1827.14,392.41,43.78,98.89,0.9623,-1,-1,-1
380,836,943.94,313.53,27.32,87.63,0.9602,-1,-1,-1
380,845,1100.51,443.91,35.86,103.52,0.9557,-1,-1,-1
380,889,1306.62,272.78,42.57,79.37,0.9531,-1,-1,-1
380,842,1468.18,231.18,28.91,74.66,0.949,-1,-1,-1
380,846,1896.05,298.15,23.95,81.89,0.8741,-1,-1,-1
381,837,1220.8,806.87,88.17,125.22,0.9834,-1,-1,-1
381,875,135.94,498.03,51.09,106.58,0.9754,-1,-1,-1
381,843,1025.18,292.64,44.72,71.68,0.9697,-1,-1,-1
381,834,1139.54,492.42,57.71,95.18,0.9691,-1,-1,-1
381,841,1236.03,289.49,45.06,80.71,0.9626,-1,-1,-1
381,839,1312.35,201.48,41.14,71.34,0.9614,-1,-1,-1
381,836,951.73,311.79,29.33,88.21,0.9591,-1,-1,-1
381,889,1321.1,272.04,46.04,80.86,0.9579,-1,-1,-1
381,842,1475.62,230.01,32.36,76.34,0.9575,-1,-1,-1
381,849,1667.32,389.53,30.42,75.6,0.9552,-1,-1,-1
381,851,1840.58,393.17,40.95,98.71,0.9552,-1,-1,-1
381,874,71.82,849.22,46.48,152.32,0.9525,-1,-1,-1
381,845,1117.75,442.23,31.9,100.94,0.9067,-1,-1,-1
381,846,1907.82,297.48,11.91,87.65,0.7602,-1,-1,-1
382,837,1221.66,805.65,93.47,130.59,0.98,-1,-1,-1
382,875,143.94,495.41,51.32,108.72,0.9728,-1,-1,-1
382,874,75.74,850.34,49.54,148.81,0.9724,-1,-1,-1
382,836,959.63,311.98,31.17,87.57,0.9679,-1,-1,-1
382,834,1145.37,494.33,58.08,93.13,0.9669,-1,-1,-1
382,851,1848.15,393.71,43.67,97.94,0.9653,-1,-1,-1
382,839,1319.14,201.02,38.08,70.62,0.9637,-1,-1,-1
382,843,1033.08,292.45,45.64,71.77,0.9634,-1,-1,-1
382,841,1246.19,289.64,41.88,79.07,0.9624,-1,-1,-1
382,842,1479.56,229.11,38.45,76.86,0.9613,-1,-1,-1
382,889,1337.4,271.09,44.89,83.12,0.9585,-1,-1,-1
382,849,1673.05,389.73,31.37,73.49,0.9557,-1,-1,-1
382,845,1131.78,439.65,32.4,95.53,0.911,-1,-1,-1
383,837,1224.15,806.63,91.04,130.82,0.9768,-1,-1,-1
383,875,150.84,494.48,51.75,108.76,0.9756,-1,-1,-1
383,836,962.74,312.44,37.74,86.93,0.9712,-1,-1,-1
383,834,1151.27,496.48,56.36,90.19,0.9704,-1,-1,-1
383,874,72.8,846.29,63.49,149.0,0.9684,-1,-1,-1
383,851,1854.68,393.69,46.83,99.42,0.9678,-1,-1,-1
383,842,1488.03,228.16,39.22,77.08,0.9677,-1,-1,-1
383,843,1039.49,293.04,46.32,70.14,0.9664,-1,-1,-1
383,889,1353.09,272.43,43.58,82.45,0.9655,-1,-1,-1
383,839,1324.32,198.44,35.66,71.83,0.9561,-1,-1,-1
383,849,1681.36,388.7,28.9,73.39,0.9411,-1,-1,-1
383,841,1257.09,290.15,37.22,77.62,0.9355,-1,-1,-1
383,845,1144.3,440.35,32.76,92.87,0.9232,-1,-1,-1
384,837,1224.2,806.68,90.9,130.74,0.9767,-1,-1,-1
384,875,150.84,494.48,51.76,108.77,0.9756,-1,-1,-1
384,836,962.56,312.45,37.92,86.95,0.9713,-1,-1,-1
384,834,1151.34,496.5,56.34,90.18,0.9706,-1,-1,-1
384,842,1488.08,228.15,39.19,77.08,0.9678,-1,-1,-1
384,851,1854.65,393.8,46.9,99.14,0.9676,-1,-1,-1
384,874,72.77,846.23,63.0,148.94,0.9674,-1,-1,-1
384,843,1039.54,293.05,46.29,70.14,0.9665,-1,-1,-1
384,889,1353.23,272.47,43.45,82.4,0.9651,-1,-1,-1
384,839,1324.32,198.44,35.65,71.81,0.956,-1,-1,-1
384,849,1681.38,388.62,28.88,73.46,0.9408,-1,-1,-1
384,841,1257.53,290.17,36.78,77.59,0.9348,-1,-1,-1
384,845,1144.32,440.38,32.75,93.02,0.9234,-1,-1,-1
385,837,1230.14,807.72,82.37,127.58,0.975,-1,-1,-1
385,875,158.4,494.52,52.3,110.41,0.9749,-1,-1,-1
385,836,968.8,312.65,41.0,86.66,0.9699,-1,-1,-1
385,834,1155.42,497.03,52.22,89.71,0.9679,-1,-1,-1
385,851,1860.61,394.68,50.85,99.89,0.9678,-1,-1,-1
385,842,1495.83,227.44,41.18,77.55,0.9671,-1,-1,-1
385,874,71.47,842.86,73.77,151.11,0.9661,-1,-1,-1
385,843,1048.62,292.98,43.3,69.33,0.9647,-1,-1,-1
385,889,1371.12,273.71,38.84,80.47,0.9611,-1,-1,-1
385,839,1331.7,197.44,36.12,72.35,0.9567,-1,-1,-1
385,849,1685.46,386.62,34.17,76.57,0.9546,-1,-1,-1
385,841,1266.93,290.66,32.78,76.14,0.8999,-1,-1,-1
385,845,1156.02,440.07,34.35,92.28,0.8808,-1,-1,-1
386,837,1229.77,810.16,77.33,125.75,0.9794,-1,-1,-1
386,849,1688.86,386.68,39.95,79.55,0.969,-1,-1,-1
386,836,975.67,313.71,44.05,85.98,0.9687,-1,-1,-1
386,875,164.68,495.07,55.72,111.48,0.9686,-1,-1,-1
386,839,1339.69,195.75,38.12,73.95,0.9658,-1,-1,-1
386,842,1506.47,227.79,39.88,77.48,0.9651,-1,-1,-1
386,874,71.79,840.46,80.02,153.76,0.9601,-1,-1,-1
386,851,1869.74,396.87,49.19,98.92,0.9597,-1,-1,-1
386,843,1061.9,293.82,38.68,67.78,0.9591,-1,-1,-1
386,834,1162.99,498.22,43.88,87.74,0.9577,-1,-1,-1
386,889,1391.05,273.51,33.8,79.32,0.939,-1,-1,-1
386,841,1273.66,290.42,34.02,76.62,0.9063,-1,-1,-1
386,845,1166.73,442.23,37.41,87.94,0.8659,-1,-1,-1
387,875,168.41,496.97,63.4,110.22,0.9738,-1,-1,-1
387,837,1226.48,809.2,68.98,124.8,0.9721,-1,-1,-1
387,849,1690.33,386.81,47.03,80.77,0.9708,-1,-1,-1
387,836,983.34,313.98,45.81,85.36,0.9694,-1,-1,-1
387,839,1346.17,194.21,39.53,77.72,0.9687,-1,-1,-1
387,851,1877.02,393.93,42.98,102.38,0.9652,-1,-1,-1
387,845,1181.79,443.33,43.16,102.95,0.9588,-1,-1,-1
387,843,1072.38,294.54,34.2,66.42,0.9583,-1,-1,-1
387,842,1518.78,227.67,36.44,77.05,0.9582,-1,-1,-1
387,834,1167.54,499.05,37.81,87.61,0.9576,-1,-1,-1
387,889,1408.44,273.32,32.18,79.44,0.9524,-1,-1,-1
387,874,73.17,842.91,86.35,148.27,0.9523,-1,-1,-1
387,841,1279.48,289.12,36.79,76.72,0.9242,-1,-1,-1
388,845,1193.16,445.74,48.03,102.55,0.9748,-1,-1,-1
388,875,173.83,497.19,67.22,113.21,0.9739,-1,-1,-1
388,849,1696.1,387.96,47.61,80.66,0.972,-1,-1,-1
388,836,992.0,314.92,47.83,85.05,0.971,-1,-1,-1
388,837,1227.5,807.78,63.84,124.37,0.9698,-1,-1,-1
388,839,1352.49,194.63,39.84,77.07,0.9658,-1,-1,-1
388,889,1420.81,271.78,36.16,78.12,0.9583,-1,-1,-1
388,842,1531.23,227.71,33.73,77.3,0.955,-1,-1,-1
388,843,1081.68,293.77,31.82,68.5,0.9468,-1,-1,-1
388,834,1171.65,501.04,38.18,81.74,0.9429,-1,-1,-1
388,841,1291.24,288.5,32.44,77.25,0.937,-1,-1,-1
388,874,82.35,840.17,75.93,150.54,0.9221,-1,-1,-1
388,851,1887.36,384.81,32.51,115.93,0.9139,-1,-1,-1
389,836,1000.05,313.58,48.95,86.22,0.9726,-1,-1,-1
389,845,1203.97,445.93,51.58,100.5,0.9726,-1,-1,-1
389,837,1229.48,804.23,69.63,126.69,0.9703,-1,-1,-1
389,849,1701.56,389.13,46.22,82.06,0.9665,-1,-1,-1
389,875,182.47,497.72,65.35,113.21,0.9654,-1,-1,-1
389,839,1358.66,194.54,40.11,77.15,0.9651,-1,-1,-1
389,889,1433.19,270.05,39.75,81.29,0.9649,-1,-1,-1
389,834,1175.58,498.41,43.43,87.91,0.9648,-1,-1,-1
389,842,1541.39,227.33,32.34,77.29,0.9597,-1,-1,-1
389,841,1294.98,287.13,36.97,79.58,0.9584,-1,-1,-1
389,843,1090.44,292.87,31.87,71.95,0.9568,-1,-1,-1
389,851,1899.61,406.14,20.2,91.49,0.8681,-1,-1,-1
390,836,1000.1,313.56,48.93,86.23,0.9726,-1,-1,-1
390,845,1203.97,445.92,51.64,100.51,0.9726,-1,-1,-1
390,837,1229.5,804.11,69.65,126.81,0.9703,-1,-1,-1
390,849,1701.7,389.11,46.05,81.99,0.9672,-1,-1,-1
390,875,182.53,497.76,65.35,113.15,0.9654,-1,-1,-1
390,839,1358.67,194.55,40.11,77.13,0.9651,-1,-1,-1
390,889,1433.25,270.02,39.69,81.26,0.9649,-1,-1,-1
390,834,1175.56,498.38,43.37,87.96,0.9647,-1,-1,-1
390,842,1541.4,227.33,32.32,77.28,0.9598,-1,-1,-1
390,841,1294.86,287.16,37.1,79.55,0.9586,-1,-1,-1
390,843,1090.43,292.86,31.98,71.99,0.9569,-1,-1,-1
390,851,1899.58,406.08,20.23,91.6,0.8678,-1,-1,-1
391,837,1230.01,799.81,76.19,129.9,0.974,-1,-1,-1
391,845,1216.43,446.0,51.38,98.54,0.9719,-1,-1,-1
391,875,192.97,497.93,62.56,109.59,0.9707,-1,-1,-1
391,839,1365.77,195.66,39.19,76.16,0.9705,-1,-1,-1
391,834,1176.79,495.46,50.84,93.82,0.9692,-1,-1,-1
391,836,1007.75,314.12,48.58,85.72,0.9666,-1,-1,-1
391,889,1444.77,268.36,44.4,82.94,0.9638,-1,-1,-1
391,849,1705.01,391.41,46.14,79.3,0.9625,-1,-1,-1
391,841,1303.68,285.35,36.05,82.58,0.9625,-1,-1,-1
391,843,1098.93,291.84,32.96,73.94,0.9556,-1,-1,-1
391,842,1552.55,226.84,29.71,77.04,0.9542,-1,-1,-1
391,874,96.85,837.68,46.04,148.24,0.8873,-1,-1,-1
392,837,1232.2,798.83,78.66,130.93,0.9751,-1,-1,-1
392,875,205.24,497.14,56.68,107.8,0.9719,-1,-1,-1
392,845,1226.25,444.57,53.16,100.5,0.9712,-1,-1,-1
392,834,1177.76,494.1,54.56,94.19,0.9704,-1,-1,-1
392,849,1710.85,392.5,47.63,77.56,0.9695,-1,-1,-1
392,836,1014.59,312.6,50.62,85.93,0.9686,-1,-1,-1
392,841,1310.1,285.93,38.52,82.01,0.9663,-1,-1,-1
392,889,1457.2,268.41,50.46,83.02,0.9661,-1,-1,-1
392,839,1372.85,197.22,35.89,73.89,0.9568,-1,-1,-1
392,843,1107.01,291.62,32.94,74.27,0.9535,-1,-1,-1
392,842,1561.57,226.73,29.93,76.57,0.9529,-1,-1,-1
392,874,96.72,835.9,46.86,146.21,0.9026,-1,-1,-1
393,837,1229.69,798.73,83.43,130.05,0.9767,-1,-1,-1
393,875,218.76,494.59,57.59,108.03,0.9736,-1,-1,-1
393,834,1182.24,495.71,54.01,95.06,0.9713,-1,-1,-1
393,845,1236.25,443.73,53.46,100.33,0.9706,-1,-1,-1
393,836,1022.56,309.18,49.16,87.16,0.9699,-1,-1,-1
393,889,1471.79,269.02,48.84,83.04,0.9692,-1,-1,-1
393,849,1720.41,392.22,46.3,75.72,0.9688,-1,-1,-1
393,841,1318.74,285.61,38.15,82.76,0.9655,-1,-1,-1
393,843,1115.67,291.78,32.81,73.91,0.9535,-1,-1,-1
393,839,1379.34,197.14,31.46,71.64,0.9521,-1,-1,-1
393,842,1568.06,225.37,33.29,76.67,0.9091,-1,-1,-1
394,837,1231.36,798.68,80.44,130.61,0.9764,-1,-1,-1
394,875,232.24,491.33,55.76,107.91,0.9725,-1,-1,-1
394,849,1728.78,391.49,45.26,75.68,0.9663,-1,-1,-1
394,834,1186.53,495.44,51.32,93.76,0.9662,-1,-1,-1
394,836,1030.08,307.62,46.54,87.56,0.9658,-1,-1,-1
394,845,1248.59,442.15,50.39,100.94,0.9646,-1,-1,-1
394,841,1326.57,285.5,39.34,82.53,0.9626,-1,-1,-1
394,842,1572.38,224.07,39.3,76.21,0.9622,-1,-1,-1
394,889,1489.37,270.13,42.91,80.24,0.9547,-1,-1,-1
394,843,1124.84,292.06,31.9,72.55,0.9496,-1,-1,-1
394,839,1384.63,195.75,26.23,72.21,0.9492,-1,-1,-1
394,874,97.49,822.53,67.33,141.39,0.8591,-1,-1,-1
395,875,246.09,488.11,54.79,109.19,0.9732,-1,-1,-1
395,849,1737.93,390.74,41.91,79.35,0.9715,-1,-1,-1
395,845,1262.43,442.28,46.3,99.09,0.9715,-1,-1,-1
395,837,1237.53,799.06,70.51,128.92,0.97,-1,-1,-1
395,834,1188.77,497.33,48.05,89.41,0.9679,-1,-1,-1
395,842,1579.58,222.35,41.73,77.24,0.9675,-1,-1,-1
395,836,1040.37,305.84,42.86,88.48,0.9657,-1,-1,-1
395,841,1333.5,286.91,39.89,80.15,0.9644,-1,-1,-1
395,889,1508.62,271.26,39.24,79.52,0.9596,-1,-1,-1
395,843,1133.2,293.15,31.98,69.7,0.9549,-1,-1,-1
395,839,1389.19,194.27,30.17,73.93,0.9484,-1,-1,-1
395,874,95.16,818.46,91.76,159.95,0.7952,-1,-1,-1
396,875,246.1,488.09,54.68,109.23,0.9733,-1,-1,-1
396,849,1737.93,390.76,41.96,79.31,0.9715,-1,-1,-1
396,845,1262.45,442.29,46.26,99.03,0.9714,-1,-1,-1
396,837,1237.51,799.08,70.43,129.0,0.9698,-1,-1,-1
396,834,1188.69,497.29,48.09,89.45,0.968,-1,-1,-1
396,842,1579.53,222.39,41.81,76.99,0.9676,-1,-1,-1
396,836,1040.37,305.85,42.85,88.48,0.9658,-1,-1,-1
396,841,1333.03,286.86,40.38,80.23,0.9651,-1,-1,-1
396,889,1508.66,271.25,39.18,79.71,0.9595,-1,-1,-1
396,843,1133.22,293.11,31.9,69.75,0.9544,-1,-1,-1
396,839,1389.14,194.24,30.18,73.99,0.9486,-1,-1,-1
396,874,95.07,818.3,91.85,160.24,0.8022,-1,-1,-1
397,834,1193.03,497.18,46.48,87.95,0.9713,-1,-1,-1
397,837,1236.61,800.32,61.74,124.48,0.9705,-1,-1,-1
397,845,1276.57,442.11,42.35,97.63,0.9672,-1,-1,-1
397,849,1744.43,391.47,41.19,81.89,0.9663,-1,-1,-1
397,842,1586.15,222.08,45.05,78.08,0.9651,-1,-1,-1
397,836,1048.26,304.77,43.36,87.54,0.965,-1,-1,-1
397,841,1343.0,286.98,38.56,78.69,0.9642,-1,-1,-1
397,875,259.27,487.57,55.64,109.73,0.9622,-1,-1,-1
397,839,1392.12,192.83,35.96,73.29,0.9588,-1,-1,-1
397,843,1140.28,293.43,33.8,68.29,0.9553,-1,-1,-1
397,889,1528.08,271.24,35.55,78.19,0.9485,-1,-1,-1
397,874,102.89,817.01,76.34,154.62,0.8817,-1,-1,-1
398,837,1234.83,798.54,51.87,125.3,0.9738,-1,-1,-1
398,849,1750.2,393.56,41.08,81.88,0.9728,-1,-1,-1
398,834,1198.04,497.37,45.78,87.33,0.9714,-1,-1,-1
398,875,270.31,487.05,58.52,111.51,0.9707,-1,-1,-1
398,842,1593.8,222.88,46.12,77.77,0.9682,-1,-1,-1
398,845,1289.72,441.31,39.66,97.37,0.9661,-1,-1,-1
398,841,1350.65,287.54,38.94,77.2,0.9642,-1,-1,-1
398,843,1147.83,292.97,34.98,72.82,0.9599,-1,-1,-1
398,836,1059.86,304.41,40.9,89.78,0.955,-1,-1,-1
398,839,1396.73,191.99,38.7,74.44,0.9548,-1,-1,-1
398,889,1542.11,271.3,36.88,78.1,0.9465,-1,-1,-1
398,874,107.69,819.61,65.15,148.29,0.6148,-1,-1,-1
399,875,284.71,489.82,51.19,109.45,0.9723,-1,-1,-1
399,837,1233.39,797.12,53.35,122.67,0.9717,-1,-1,-1
399,834,1202.07,496.68,46.01,93.73,0.9712,-1,-1,-1
399,849,1754.21,395.84,40.36,83.35,0.971,-1,-1,-1
399,839,1398.99,191.52,42.91,75.34,0.9683,-1,-1,-1
399,842,1601.95,222.77,45.95,79.33,0.9672,-1,-1,-1
399,843,1156.41,292.47,35.38,74.52,0.9629,-1,-1,-1
399,836,1069.06,305.7,44.25,88.91,0.961,-1,-1,-1
399,889,1552.51,270.56,40.5,78.2,0.9606,-1,-1,-1
399,845,1300.04,442.58,39.54,94.91,0.9573,-1,-1,-1
399,841,1361.76,287.0,35.36,78.1,0.9531,-1,-1,-1
399,874,111.9,814.03,52.73,141.58,0.8366,-1,-1,-1
400,875,297.88,492.91,44.7,108.14,0.9787,-1,-1,-1
400,834,1206.25,497.09,45.01,96.85,0.9732,-1,-1,-1
400,837,1229.4,793.1,64.83,124.46,0.9718,-1,-1,-1
400,839,1401.25,192.1,45.74,75.62,0.971,-1,-1,-1
400,849,1758.82,399.49,39.32,81.18,0.97,-1,-1,-1
400,842,1610.46,224.33,45.23,77.84,0.9653,-1,-1,-1
400,845,1310.8,441.84,39.06,96.31,0.9646,-1,-1,-1
400,889,1562.74,270.21,44.17,81.3,0.9627,-1,-1,-1
400,836,1078.82,307.06,42.99,88.05,0.9619,-1,-1,-1
400,841,1369.4,286.83,34.41,81.04,0.9605,-1,-1,-1
400,843,1164.71,292.91,34.92,76.16,0.9429,-1,-1,-1
401,834,1209.3,497.63,46.26,98.49,0.9775,-1,-1,-1
401,875,308.6,495.06,46.68,108.22,0.9738,-1,-1,-1
401,837,1227.1,789.23,69.94,128.91,0.9712,-1,-1,-1
401,845,1320.17,442.75,39.18,96.83,0.9683,-1,-1,-1
401,849,1764.54,401.39,36.43,78.56,0.9678,-1,-1,-1
401,839,1406.34,193.81,43.14,75.13,0.9676,-1,-1,-1
401,842,1618.79,224.76,43.06,80.07,0.9665,-1,-1,-1
401,836,1087.75,308.01,46.21,86.86,0.9663,-1,-1,-1
401,889,1572.8,270.58,48.29,81.63,0.9633,-1,-1,-1
401,841,1375.97,287.66,33.28,82.03,0.9582,-1,-1,-1
401,843,1172.21,293.42,33.99,78.59,0.9562,-1,-1,-1
402,834,1209.29,497.57,46.26,98.56,0.9775,-1,-1,-1
402,875,308.62,495.02,46.8,108.3,0.9736,-1,-1,-1
402,837,1227.11,789.22,69.99,128.97,0.9712,-1,-1,-1
402,845,1320.27,442.67,39.05,96.93,0.9682,-1,-1,-1
402,849,1764.57,401.39,36.42,78.57,0.9678,-1,-1,-1
402,839,1406.35,193.82,43.05,75.11,0.9677,-1,-1,-1
402,836,1087.71,308.01,46.51,86.9,0.9668,-1,-1,-1
402,842,1618.78,224.76,43.06,80.07,0.9665,-1,-1,-1
402,889,1572.79,270.57,48.29,81.52,0.9632,-1,-1,-1
402,841,1375.96,287.65,33.29,82.02,0.9583,-1,-1,-1
402,843,1172.21,293.44,33.97,78.57,0.9562,-1,-1,-1
402,896,1228.42,827.07,12.96,16.69,0.3558,-1,-1,-1
403,837,1214.22,787.1,85.21,127.84,0.9794,-1,-1,-1
403,834,1210.85,499.5,46.41,99.3,0.9746,-1,-1,-1
403,839,1409.37,195.31,41.26,74.13,0.9695,-1,-1,-1
403,845,1327.32,443.86,41.89,97.33,0.9664,-1,-1,-1
403,842,1626.76,225.21,41.8,80.61,0.9663,-1,-1,-1
403,875,319.71,496.91,45.17,109.05,0.9663,-1,-1,-1
403,836,1094.76,308.12,45.74,87.64,0.966,-1,-1,-1
403,843,1180.54,295.14,33.08,76.05,0.9648,-1,-1,-1
403,849,1768.42,402.16,36.02,76.98,0.9619,-1,-1,-1
403,889,1583.97,272.43,49.29,81.19,0.9606,-1,-1,-1
403,841,1381.47,287.88,33.37,82.93,0.9512,-1,-1,-1
404,837,1208.69,785.92,90.85,130.83,0.9792,-1,-1,-1
404,834,1212.27,501.8,44.2,96.0,0.9731,-1,-1,-1
404,836,1101.59,309.55,48.36,87.55,0.9677,-1,-1,-1
404,842,1632.32,225.11,40.29,81.39,0.9667,-1,-1,-1
404,845,1334.97,444.68,41.25,96.64,0.9655,-1,-1,-1
404,875,327.62,498.13,36.14,108.1,0.9619,-1,-1,-1
404,889,1596.84,274.67,46.92,80.52,0.9611,-1,-1,-1
404,849,1771.78,401.98,34.63,77.2,0.9594,-1,-1,-1
404,841,1386.41,289.9,33.17,81.99,0.959,-1,-1,-1
404,839,1409.49,198.01,38.74,71.39,0.9585,-1,-1,-1
404,843,1188.44,297.59,31.2,73.12,0.9576,-1,-1,-1
404,874,126.61,805.67,62.97,144.95,0.9442,-1,-1,-1
405,837,1207.95,785.27,85.71,132.28,0.9737,-1,-1,-1
405,836,1107.78,309.08,47.51,88.81,0.9704,-1,-1,-1
405,845,1340.81,444.95,42.85,97.87,0.9702,-1,-1,-1
405,875,335.45,498.49,37.87,108.84,0.9692,-1,-1,-1
405,834,1213.47,502.05,39.15,94.47,0.9685,-1,-1,-1
405,841,1391.46,291.06,32.52,81.93,0.9668,-1,-1,-1
405,849,1773.39,401.7,35.84,76.72,0.9661,-1,-1,-1
405,842,1638.34,226.01,39.09,79.92,0.9626,-1,-1,-1
405,839,1409.82,197.25,36.07,71.01,0.9578,-1,-1,-1
405,843,1195.13,298.26,30.8,72.78,0.9559,-1,-1,-1
405,889,1611.45,276.49,41.76,78.69,0.9556,-1,-1,-1
405,874,118.37,800.81,83.82,147.64,0.9435,-1,-1,-1
406,836,1113.69,309.64,47.63,87.44,0.9696,-1,-1,-1
406,834,1214.35,501.61,35.19,92.28,0.9666,-1,-1,-1
406,875,342.59,496.06,38.79,111.34,0.9655,-1,-1,-1
406,845,1345.55,444.89,45.34,98.71,0.961,-1,-1,-1
406,841,1396.58,293.26,31.9,78.32,0.9609,-1,-1,-1
406,874,130.52,799.96,73.98,144.14,0.9569,-1,-1,-1
406,843,1201.56,299.15,29.35,70.65,0.9559,-1,-1,-1
406,849,1773.96,400.63,36.41,83.11,0.9527,-1,-1,-1
406,839,1411.28,195.7,33.84,71.8,0.9523,-1,-1,-1
406,842,1644.54,226.04,36.58,76.26,0.9514,-1,-1,-1
406,837,1211.2,786.28,72.65,128.75,0.9494,-1,-1,-1
406,889,1626.43,279.24,36.08,74.58,0.9416,-1,-1,-1
407,845,1351.04,444.95,46.62,99.39,0.9719,-1,-1,-1
407,837,1202.09,786.8,67.75,127.18,0.9708,-1,-1,-1
407,849,1773.64,400.79,39.52,85.1,0.9682,-1,-1,-1
407,836,1119.92,308.56,43.85,88.53,0.9679,-1,-1,-1
407,839,1413.42,194.7,34.54,73.33,0.9676,-1,-1,-1
407,875,352.96,494.99,37.49,112.0,0.9664,-1,-1,-1
407,834,1215.74,500.47,34.03,92.49,0.9647,-1,-1,-1
407,841,1401.78,294.03,30.81,77.11,0.9582,-1,-1,-1
407,874,136.93,797.22,64.37,144.79,0.956,-1,-1,-1
407,843,1208.36,298.65,28.86,74.92,0.9534,-1,-1,-1
407,842,1639.77,226.04,43.44,125.9,0.9385,-1,-1,-1
407,889,1639.74,276.45,32.84,78.46,0.3764,-1,-1,-1
408,845,1350.88,444.98,46.81,99.37,0.972,-1,-1,-1
408,837,1202.11,786.78,67.75,127.22,0.9709,-1,-1,-1
408,849,1773.67,400.68,39.48,85.18,0.9683,-1,-1,-1
408,836,1119.94,308.46,43.84,88.65,0.9679,-1,-1,-1
408,839,1413.42,194.7,34.6,73.33,0.9676,-1,-1,-1
408,875,352.79,495.03,37.73,111.99,0.9676,-1,-1,-1
408,834,1215.7,500.27,34.07,92.69,0.9647,-1,-1,-1
408,841,1401.77,294.06,30.81,77.1,0.9582,-1,-1,-1
408,874,136.94,797.19,64.38,144.74,0.9572,-1,-1,-1
408,843,1208.38,298.67,28.84,74.88,0.9535,-1,-1,-1
408,842,1639.88,226.08,43.25,125.89,0.935,-1,-1,-1
408,889,1639.8,276.41,32.84,78.49,0.393,-1,-1,-1
409,837,1196.31,785.07,58.64,123.98,0.9705,-1,-1,-1
409,849,1775.06,401.88,40.1,85.27,0.9696,-1,-1,-1
409,834,1215.9,497.89,38.31,95.13,0.9679,-1,-1,-1
409,875,363.02,494.09,37.85,112.05,0.9678,-1,-1,-1
409,836,1125.52,308.75,42.06,86.82,0.9671,-1,-1,-1
409,845,1357.85,444.11,45.53,98.79,0.9666,-1,-1,-1
409,839,1415.28,194.56,35.0,74.42,0.9666,-1,-1,-1
409,843,1214.59,298.55,28.88,78.74,0.9586,-1,-1,-1
409,874,138.72,795.16,51.92,143.34,0.9523,-1,-1,-1
409,841,1406.55,294.71,30.0,75.48,0.949,-1,-1,-1
409,842,1655.32,225.71,33.44,64.66,0.9457,-1,-1,-1
409,889,1645.79,279.02,37.06,73.17,0.9391,-1,-1,-1
410,849,1774.41,403.39,42.45,85.63,0.9719,-1,-1,-1
410,834,1214.96,495.85,41.52,101.39,0.9701,-1,-1,-1
410,837,1191.3,781.87,61.53,123.26,0.9698,-1,-1,-1
410,845,1361.3,443.15,47.81,97.88,0.9694,-1,-1,-1
410,875,372.64,495.08,39.32,108.87,0.9688,-1,-1,-1
410,874,136.06,791.52,49.01,144.25,0.9658,-1,-1,-1
410,839,1416.17,194.17,36.69,75.2,0.9651,-1,-1,-1
410,889,1651.77,278.25,40.93,73.77,0.9639,-1,-1,-1
410,836,1131.2,307.33,37.43,86.75,0.9636,-1,-1,-1
410,841,1410.1,294.03,30.83,74.18,0.9588,-1,-1,-1
410,843,1220.88,298.99,29.09,78.47,0.9487,-1,-1,-1
410,842,1660.48,225.14,31.81,67.63,0.9449,-1,-1,-1
411,837,1188.62,776.67,66.96,124.46,0.9738,-1,-1,-1
411,874,136.13,787.35,48.08,141.23,0.9735,-1,-1,-1
411,834,1210.44,495.14,47.85,102.03,0.9734,-1,-1,-1
411,849,1774.55,405.97,43.13,83.38,0.9724,-1,-1,-1
411,839,1411.98,194.78,41.69,73.98,0.9687,-1,-1,-1
411,875,383.12,494.32,38.24,107.23,0.9668,-1,-1,-1
411,889,1657.84,275.31,45.81,76.62,0.9651,-1,-1,-1
411,845,1369.31,441.33,46.31,97.24,0.962,-1,-1,-1
411,843,1226.32,299.12,29.01,79.76,0.9596,-1,-1,-1
411,841,1413.78,292.09,31.21,76.47,0.9565,-1,-1,-1
411,836,1136.49,305.23,34.05,88.1,0.9554,-1,-1,-1
411,842,1663.91,224.32,31.53,76.91,0.94,-1,-1,-1
412,837,1184.18,773.82,70.38,125.67,0.9759,-1,-1,-1
412,834,1211.29,495.61,46.85,101.78,0.9717,-1,-1,-1
412,849,1776.18,407.6,42.76,81.11,0.9709,-1,-1,-1
412,874,135.27,782.91,44.61,139.55,0.9708,-1,-1,-1
412,839,1413.4,195.2,39.96,74.25,0.9695,-1,-1,-1
412,845,1372.64,439.81,48.07,96.79,0.9683,-1,-1,-1
412,889,1665.2,273.65,47.83,78.38,0.9672,-1,-1,-1
412,875,392.0,495.29,38.0,103.02,0.9648,-1,-1,-1
412,842,1666.82,224.3,32.38,78.45,0.9642,-1,-1,-1
412,836,1141.23,303.48,29.04,87.08,0.9576,-1,-1,-1
412,841,1417.6,290.69,31.39,79.77,0.9533,-1,-1,-1
412,843,1231.89,300.04,28.85,77.02,0.9506,-1,-1,-1
413,837,1169.84,770.28,85.0,125.62,0.9768,-1,-1,-1
413,849,1779.0,407.25,42.74,79.5,0.9709,-1,-1,-1
413,834,1213.87,496.89,44.15,101.29,0.9693,-1,-1,-1
413,845,1380.74,437.47,45.42,96.56,0.9667,-1,-1,-1
413,889,1674.89,274.01,48.27,77.47,0.965,-1,-1,-1
413,874,134.42,778.02,61.18,139.75,0.9643,-1,-1,-1
413,842,1668.7,223.3,34.54,78.39,0.9633,-1,-1,-1
413,836,1144.44,303.1,29.59,86.01,0.9608,-1,-1,-1
413,841,1421.78,290.32,31.26,81.25,0.9599,-1,-1,-1
413,843,1236.52,300.71,29.74,74.95,0.9584,-1,-1,-1
413,875,402.38,493.79,35.51,99.96,0.9553,-1,-1,-1
413,839,1417.6,195.51,33.85,73.17,0.9544,-1,-1,-1
414,837,1169.58,770.31,85.32,125.67,0.9774,-1,-1,-1
414,849,1778.99,407.25,42.85,79.5,0.971,-1,-1,-1
414,834,1213.85,496.92,44.49,101.23,0.9701,-1,-1,-1
414,845,1380.73,437.44,45.42,96.6,0.9666,-1,-1,-1
414,889,1674.87,273.98,48.28,77.53,0.9652,-1,-1,-1
414,874,135.1,778.77,61.22,138.36,0.9646,-1,-1,-1
414,842,1668.7,223.3,34.55,78.42,0.9633,-1,-1,-1
414,836,1144.46,303.1,29.57,86.03,0.9608,-1,-1,-1
414,841,1421.71,290.3,31.32,81.25,0.9599,-1,-1,-1
414,843,1236.46,300.69,29.83,74.97,0.9587,-1,-1,-1
414,875,402.32,493.79,35.67,99.98,0.9556,-1,-1,-1
414,839,1417.63,195.59,33.84,73.11,0.9547,-1,-1,-1
415,837,1165.47,768.97,82.91,125.52,0.9754,-1,-1,-1
415,845,1386.61,436.58,45.16,96.47,0.9708,-1,-1,-1
415,849,1782.85,406.02,40.53,78.22,0.9697,-1,-1,-1
415,874,135.78,774.79,67.33,134.83,0.9668,-1,-1,-1
415,842,1671.43,223.96,35.24,76.83,0.9631,-1,-1,-1
415,836,1146.46,303.52,32.68,84.77,0.9622,-1,-1,-1
415,843,1241.9,300.53,29.37,73.98,0.9596,-1,-1,-1
415,875,410.9,492.61,34.14,98.57,0.9583,-1,-1,-1
415,841,1426.2,289.32,30.22,82.27,0.9566,-1,-1,-1
415,889,1687.44,274.32,42.74,76.18,0.9527,-1,-1,-1
415,839,1419.15,194.29,28.35,73.48,0.9457,-1,-1,-1
415,834,1213.93,497.79,40.37,95.91,0.9428,-1,-1,-1
416,874,136.82,770.63,65.16,137.35,0.9712,-1,-1,-1
416,837,1167.94,768.15,70.69,125.31,0.9701,-1,-1,-1
416,845,1391.58,434.93,43.71,98.16,0.9698,-1,-1,-1
416,849,1784.83,404.24,38.46,81.29,0.9685,-1,-1,-1
416,836,1149.02,302.85,33.52,84.85,0.9685,-1,-1,-1
416,834,1211.05,499.37,39.22,93.02,0.9647,-1,-1,-1
416,841,1429.04,290.14,31.46,82.25,0.9553,-1,-1,-1
416,842,1675.43,223.19,33.01,76.5,0.9547,-1,-1,-1
416,875,420.82,491.13,31.35,99.27,0.9545,-1,-1,-1
416,843,1245.99,299.3,30.57,72.31,0.9534,-1,-1,-1
416,889,1702.5,275.47,38.19,74.2,0.9524,-1,-1,-1
416,839,1418.54,193.66,24.24,72.76,0.9428,-1,-1,-1
417,845,1395.88,433.4,43.49,99.7,0.9716,-1,-1,-1
417,874,137.51,770.72,55.04,130.85,0.9697,-1,-1,-1
417,849,1786.8,403.67,36.23,85.19,0.9694,-1,-1,-1
417,837,1169.42,768.56,56.3,120.16,0.9679,-1,-1,-1
417,836,1151.38,302.21,34.1,84.36,0.9672,-1,-1,-1
417,834,1208.41,497.5,41.51,92.51,0.9669,-1,-1,-1
417,842,1679.26,222.53,30.7,76.93,0.9617,-1,-1,-1
417,843,1250.71,297.2,29.58,78.3,0.9604,-1,-1,-1
417,889,1712.45,274.88,39.16,72.59,0.9598,-1,-1,-1
417,841,1431.3,290.73,31.45,80.19,0.951,-1,-1,-1
417,875,429.26,488.4,30.86,103.34,0.9461,-1,-1,-1
417,839,1415.34,192.18,25.28,72.3,0.8697,-1,-1,-1
418,874,139.46,767.27,44.26,131.74,0.9743,-1,-1,-1
418,837,1161.92,764.6,43.94,118.77,0.9736,-1,-1,-1
418,845,1399.3,433.13,44.55,98.23,0.9716,-1,-1,-1
418,849,1786.62,403.19,35.83,85.8,0.9704,-1,-1,-1
418,834,1205.53,494.58,43.14,93.21,0.9693,-1,-1,-1
418,889,1715.05,272.51,44.12,72.97,0.9678,-1,-1,-1
418,836,1154.21,301.95,33.36,83.81,0.9612,-1,-1,-1
418,875,436.0,487.07,32.63,104.75,0.961,-1,-1,-1
418,843,1253.84,295.7,30.48,80.15,0.9609,-1,-1,-1
418,842,1680.76,221.62,30.3,76.97,0.9596,-1,-1,-1
418,841,1433.15,290.44,31.47,78.29,0.9581,-1,-1,-1
418,839,1412.76,190.25,29.46,72.91,0.9482,-1,-1,-1
419,845,1402.35,432.04,42.77,97.39,0.9715,-1,-1,-1
419,874,141.07,764.96,40.98,128.46,0.9707,-1,-1,-1
419,834,1202.53,492.53,44.14,98.95,0.9686,-1,-1,-1
419,849,1784.4,404.22,35.84,85.23,0.9684,-1,-1,-1
419,837,1153.81,760.28,44.14,118.63,0.9668,-1,-1,-1
419,889,1718.13,270.19,47.67,73.99,0.9658,-1,-1,-1
419,836,1157.02,300.87,31.71,83.74,0.9625,-1,-1,-1
419,839,1409.1,188.17,33.09,73.14,0.9624,-1,-1,-1
419,841,1434.08,288.92,32.46,77.28,0.9599,-1,-1,-1
419,875,442.69,485.78,32.78,106.3,0.9544,-1,-1,-1
419,842,1681.38,219.91,29.5,76.66,0.9535,-1,-1,-1
419,843,1256.81,294.83,29.74,80.44,0.9424,-1,-1,-1
420,845,1402.36,432.03,42.71,97.37,0.9712,-1,-1,-1
420,874,141.04,764.98,41.01,128.49,0.971,-1,-1,-1
420,834,1202.58,492.54,44.07,98.92,0.9684,-1,-1,-1
420,849,1784.45,404.26,35.77,85.26,0.9683,-1,-1,-1
420,837,1153.72,760.23,44.17,118.63,0.9672,-1,-1,-1
420,889,1718.05,270.21,47.8,74.13,0.966,-1,-1,-1
420,839,1409.08,188.2,33.15,73.13,0.9623,-1,-1,-1
420,836,1157.02,300.88,31.7,83.73,0.9622,-1,-1,-1
420,841,1434.01,288.91,32.54,77.31,0.96,-1,-1,-1
420,875,442.67,485.84,32.82,106.24,0.9544,-1,-1,-1
420,842,1681.36,219.9,29.51,76.67,0.9533,-1,-1,-1
420,843,1256.82,294.86,29.71,80.4,0.9414,-1,-1,-1
421,837,1143.13,754.95,54.23,118.65,0.9726,-1,-1,-1
421,834,1199.94,491.43,44.04,101.16,0.972,-1,-1,-1
421,889,1721.96,267.96,50.82,77.08,0.9696,-1,-1,-1
421,845,1404.79,431.09,43.02,97.6,0.9691,-1,-1,-1
421,839,1403.28,185.69,37.46,74.72,0.9686,-1,-1,-1
421,875,448.19,485.45,35.44,103.28,0.9635,-1,-1,-1
421,842,1680.7,217.69,29.44,77.56,0.9602,-1,-1,-1
421,836,1158.63,299.22,31.29,84.7,0.9576,-1,-1,-1
421,849,1783.17,406.01,34.49,84.2,0.9573,-1,-1,-1
421,841,1435.24,286.77,32.46,78.05,0.9564,-1,-1,-1
421,843,1257.88,295.06,31.12,80.67,0.9559,-1,-1,-1
421,874,143.66,761.24,35.6,129.8,0.9539,-1,-1,-1
422,834,1194.31,490.71,47.4,101.89,0.9731,-1,-1,-1
422,874,131.82,753.91,50.29,132.73,0.9727,-1,-1,-1
422,837,1132.54,748.86,63.56,119.81,0.9717,-1,-1,-1
422,839,1396.41,184.9,43.54,74.46,0.9711,-1,-1,-1
422,889,1726.45,266.24,54.19,78.75,0.9709,-1,-1,-1
422,845,1406.93,429.28,42.55,97.2,0.9692,-1,-1,-1
422,875,453.72,485.88,37.92,98.39,0.9644,-1,-1,-1
422,849,1780.37,407.15,34.29,81.13,0.9612,-1,-1,-1
422,843,1257.39,296.06,32.96,80.4,0.961,-1,-1,-1
422,842,1680.07,216.74,29.31,75.63,0.9588,-1,-1,-1
422,836,1159.95,296.7,31.08,84.46,0.9533,-1,-1,-1
422,841,1435.18,284.99,33.32,77.45,0.8875,-1,-1,-1
423,874,123.36,748.36,63.21,134.12,0.9733,-1,-1,-1
423,834,1191.09,491.01,45.58,101.28,0.9706,-1,-1,-1
423,875,457.72,484.49,40.34,97.0,0.9699,-1,-1,-1
423,845,1407.6,426.41,42.93,96.71,0.9691,-1,-1,-1
423,839,1393.78,184.53,43.71,74.52,0.9681,-1,-1,-1
423,837,1113.42,744.89,79.08,122.72,0.9675,-1,-1,-1
423,843,1259.64,296.31,32.9,78.12,0.9603,-1,-1,-1
423,849,1776.96,406.14,35.47,78.96,0.9598,-1,-1,-1
423,842,1678.77,214.92,29.9,75.58,0.9569,-1,-1,-1
423,889,1737.62,265.16,46.76,78.64,0.9559,-1,-1,-1
423,841,1435.82,282.82,33.77,80.98,0.9529,-1,-1,-1
423,836,1161.03,293.8,30.45,85.39,0.9506,-1,-1,-1
424,837,1105.38,740.27,82.9,126.26,0.9796,-1,-1,-1
424,874,118.09,741.87,77.37,136.99,0.9714,-1,-1,-1
424,839,1393.47,185.25,39.31,72.39,0.9689,-1,-1,-1
424,875,463.74,482.48,39.85,98.76,0.9681,-1,-1,-1
424,845,1408.51,423.31,42.77,97.29,0.968,-1,-1,-1
424,834,1188.52,491.21,41.12,98.07,0.9675,-1,-1,-1
424,841,1436.42,281.3,33.76,81.68,0.964,-1,-1,-1
424,843,1262.14,295.36,32.13,75.96,0.9567,-1,-1,-1
424,836,1162.84,291.42,29.56,84.71,0.9565,-1,-1,-1
424,849,1774.84,404.12,33.0,77.47,0.955,-1,-1,-1
424,889,1743.59,264.21,44.96,77.74,0.9525,-1,-1,-1
424,842,1677.14,213.39,30.83,74.83,0.951,-1,-1,-1
424,897,0.14,313.88,22.78,86.13,0.6771,-1,-1,-1
425,874,113.34,738.91,86.58,132.6,0.9779,-1,-1,-1
425,837,1099.83,739.84,80.41,123.88,0.9693,-1,-1,-1
425,875,470.02,480.91,38.87,101.76,0.969,-1,-1,-1
425,845,1409.0,420.77,42.79,96.72,0.969,-1,-1,-1
425,841,1436.72,280.73,33.67,81.29,0.966,-1,-1,-1
425,834,1185.02,491.17,38.6,94.82,0.9637,-1,-1,-1
425,836,1164.08,289.13,28.22,84.97,0.9606,-1,-1,-1
425,839,1388.62,186.56,37.55,69.88,0.9603,-1,-1,-1
425,843,1263.64,294.24,32.44,74.82,0.9603,-1,-1,-1
425,842,1675.08,211.64,32.09,74.82,0.9552,-1,-1,-1
425,849,1772.31,402.05,32.58,76.69,0.9516,-1,-1,-1
425,889,1757.61,263.56,34.8,75.54,0.9314,-1,-1,-1
425,897,0.0,313.22,28.15,84.19,0.8956,-1,-1,-1
426,874,113.33,738.83,86.45,132.81,0.9778,-1,-1,-1
426,837,1099.76,739.83,80.39,123.91,0.9693,-1,-1,-1
426,845,1408.85,420.83,42.99,96.72,0.9691,-1,-1,-1
426,875,470.05,480.9,38.86,101.77,0.969,-1,-1,-1
426,841,1436.69,280.76,33.8,81.2,0.9664,-1,-1,-1
426,834,1185.03,491.2,38.6,94.72,0.9637,-1,-1,-1
426,839,1388.5,186.65,37.69,69.8,0.9608,-1,-1,-1
426,836,1164.17,289.11,28.14,84.93,0.9606,-1,-1,-1
426,843,1263.63,294.22,32.46,74.82,0.9604,-1,-1,-1
426,842,1675.09,211.62,32.09,74.86,0.9554,-1,-1,-1
426,849,1772.15,402.08,32.83,76.69,0.9533,-1,-1,-1
426,889,1757.77,263.58,34.66,75.53,0.9316,-1,-1,-1
426,897,0.0,313.42,28.15,84.09,0.896,-1,-1,-1
427,874,116.25,734.99,76.5,134.15,0.9711,-1,-1,-1
427,837,1102.05,740.24,65.49,121.3,0.9701,-1,-1,-1
427,845,1409.48,417.63,43.67,97.31,0.9694,-1,-1,-1
427,841,1437.39,280.67,33.03,81.75,0.9675,-1,-1,-1
427,875,475.45,479.7,37.95,102.94,0.9673,-1,-1,-1
427,843,1264.86,292.42,32.09,74.65,0.96,-1,-1,-1
427,834,1182.03,490.19,35.99,92.36,0.9599,-1,-1,-1
427,849,1767.13,401.42,34.45,78.62,0.9584,-1,-1,-1
427,842,1674.17,210.82,31.59,74.48,0.9574,-1,-1,-1
427,836,1164.27,287.2,28.57,84.5,0.9572,-1,-1,-1
427,889,1762.73,262.42,33.58,73.88,0.9534,-1,-1,-1
427,839,1383.39,184.26,33.49,70.39,0.9524,-1,-1,-1
427,897,0.0,303.25,31.34,91.99,0.8995,-1,-1,-1
428,874,120.15,734.12,63.45,131.18,0.978,-1,-1,-1
428,845,1409.72,417.35,43.3,94.04,0.9752,-1,-1,-1
428,837,1096.4,739.48,53.91,116.7,0.9722,-1,-1,-1
428,875,481.57,478.42,38.18,103.43,0.9713,-1,-1,-1
428,834,1178.95,487.13,34.84,91.61,0.9701,-1,-1,-1
428,889,1761.79,259.66,41.37,73.8,0.9696,-1,-1,-1
428,841,1438.08,280.66,32.2,80.43,0.9661,-1,-1,-1
428,836,1164.48,285.74,29.62,83.33,0.9637,-1,-1,-1
428,842,1673.26,208.89,31.57,75.14,0.9616,-1,-1,-1
428,843,1266.2,290.13,32.57,78.44,0.956,-1,-1,-1
428,839,1380.08,181.93,30.93,69.85,0.9547,-1,-1,-1
428,897,0.0,302.81,30.5,88.82,0.9224,-1,-1,-1
428,849,1763.38,400.61,33.1,81.13,0.8784,-1,-1,-1
429,874,125.42,731.04,54.28,130.12,0.9776,-1,-1,-1
429,837,1085.21,736.55,49.53,112.75,0.9732,-1,-1,-1
429,845,1410.45,415.24,43.01,94.83,0.9719,-1,-1,-1
429,875,487.03,478.93,39.3,100.96,0.9703,-1,-1,-1
429,889,1763.95,257.4,44.58,75.9,0.9694,-1,-1,-1
429,834,1175.78,483.33,36.73,96.45,0.9657,-1,-1,-1
429,836,1164.59,284.01,31.11,84.0,0.9647,-1,-1,-1
429,842,1672.37,207.47,32.07,75.27,0.9643,-1,-1,-1
429,841,1440.06,280.49,30.89,78.63,0.9641,-1,-1,-1
429,843,1267.1,288.61,34.59,80.42,0.954,-1,-1,-1
429,839,1376.97,179.65,30.68,69.77,0.9446,-1,-1,-1
429,897,0.0,303.14,31.11,85.56,0.9209,-1,-1,-1
429,849,1759.86,400.71,37.21,70.85,0.859,-1,-1,-1
430,874,131.89,728.57,43.68,129.26,0.9753,-1,-1,-1
430,837,1078.57,731.59,48.86,113.86,0.9749,-1,-1,-1
430,889,1767.39,254.55,49.09,77.84,0.9743,-1,-1,-1
430,875,491.71,479.69,40.24,97.01,0.9725,-1,-1,-1
430,834,1169.06,481.93,42.42,100.35,0.9716,-1,-1,-1
430,845,1411.69,413.71,42.19,95.99,0.9683,-1,-1,-1
430,842,1673.0,206.9,31.1,74.26,0.9638,-1,-1,-1
430,841,1441.12,279.72,30.55,76.7,0.9618,-1,-1,-1
430,836,1165.69,282.2,31.77,85.09,0.9597,-1,-1,-1
430,839,1374.24,176.91,31.75,72.79,0.9592,-1,-1,-1
430,843,1268.32,288.81,36.55,80.05,0.9563,-1,-1,-1
430,897,0.22,297.12,30.95,87.89,0.9408,-1,-1,-1
430,849,1754.69,401.37,37.87,82.52,0.9104,-1,-1,-1
431,874,127.69,725.5,43.06,130.27,0.9744,-1,-1,-1
431,837,1067.86,728.14,58.34,117.26,0.9723,-1,-1,-1
431,889,1771.82,254.71,53.54,75.96,0.9722,-1,-1,-1
431,875,496.88,481.01,40.92,93.11,0.9706,-1,-1,-1
431,845,1411.44,412.57,43.2,95.98,0.9705,-1,-1,-1
431,843,1269.49,288.99,40.14,81.43,0.967,-1,-1,-1
431,839,1371.63,176.04,32.54,73.24,0.9648,-1,-1,-1
431,842,1672.31,206.26,31.4,73.58,0.9645,-1,-1,-1
431,834,1164.77,481.28,44.12,99.9,0.9636,-1,-1,-1
431,836,1165.83,282.48,32.94,83.27,0.9594,-1,-1,-1
431,841,1442.3,278.41,29.52,75.97,0.9586,-1,-1,-1
431,849,1750.55,403.52,40.09,81.81,0.9577,-1,-1,-1
431,897,0.0,292.71,30.98,92.0,0.9509,-1,-1,-1
432,874,127.78,725.52,43.01,130.28,0.9743,-1,-1,-1
432,837,1067.83,728.1,58.39,117.48,0.9723,-1,-1,-1
432,889,1771.78,254.72,53.68,75.8,0.9722,-1,-1,-1
432,845,1411.32,412.44,43.37,96.19,0.9709,-1,-1,-1
432,875,496.89,481.05,40.82,93.06,0.9706,-1,-1,-1
432,843,1269.5,288.99,40.2,81.4,0.9669,-1,-1,-1
432,834,1164.66,481.29,44.36,99.96,0.9648,-1,-1,-1
432,839,1371.55,175.99,32.56,73.3,0.9646,-1,-1,-1
432,842,1672.34,206.28,31.37,73.55,0.9644,-1,-1,-1
432,836,1165.83,282.47,32.92,83.27,0.9594,-1,-1,-1
432,849,1750.5,403.4,40.21,81.95,0.9585,-1,-1,-1
432,841,1442.31,278.38,29.61,76.03,0.9581,-1,-1,-1
432,897,0.0,292.71,30.95,91.89,0.9501,-1,-1,-1
433,874,120.04,721.64,47.31,130.94,0.975,-1,-1,-1
433,845,1411.74,411.15,44.16,95.73,0.9737,-1,-1,-1
433,837,1058.96,724.91,64.5,120.18,0.9731,-1,-1,-1
433,875,500.52,481.06,41.48,90.0,0.9728,-1,-1,-1
433,889,1777.82,254.82,52.36,76.25,0.9724,-1,-1,-1
433,849,1748.81,402.3,41.21,80.6,0.9686,-1,-1,-1
433,843,1271.39,290.44,40.07,81.24,0.9683,-1,-1,-1
433,839,1365.1,175.29,37.03,73.3,0.9666,-1,-1,-1
433,842,1672.47,205.49,30.68,74.13,0.9638,-1,-1,-1
433,841,1443.58,277.13,29.13,76.04,0.9628,-1,-1,-1
433,836,1166.41,282.05,35.87,82.64,0.9625,-1,-1,-1
433,834,1162.3,482.68,40.54,100.74,0.9599,-1,-1,-1
433,897,0.0,290.61,30.82,91.01,0.9519,-1,-1,-1
434,845,1412.11,411.0,44.36,95.06,0.9727,-1,-1,-1
434,837,1046.47,721.76,73.31,120.32,0.9724,-1,-1,-1
434,875,503.9,480.8,40.1,91.07,0.971,-1,-1,-1
434,849,1749.43,402.07,38.62,78.86,0.9689,-1,-1,-1
434,889,1788.52,255.34,45.34,74.68,0.9684,-1,-1,-1
434,843,1272.49,291.03,38.93,78.46,0.967,-1,-1,-1
434,839,1361.25,175.68,38.16,73.05,0.9662,-1,-1,-1
434,874,115.06,717.74,57.36,130.74,0.9657,-1,-1,-1
434,836,1167.09,281.29,37.53,81.44,0.9648,-1,-1,-1
434,842,1671.92,204.29,30.9,74.22,0.9629,-1,-1,-1
434,841,1445.29,274.78,28.75,79.53,0.9619,-1,-1,-1
434,834,1157.64,484.26,38.38,98.7,0.9605,-1,-1,-1
434,897,2.52,288.17,28.42,92.15,0.9541,-1,-1,-1
435,837,1040.96,721.03,73.24,121.39,0.9738,-1,-1,-1
435,874,111.67,713.84,67.51,132.92,0.9728,-1,-1,-1
435,875,507.53,478.64,38.77,95.77,0.9714,-1,-1,-1
435,849,1749.21,400.63,37.08,77.85,0.9696,-1,-1,-1
435,845,1413.02,409.17,43.73,96.59,0.9691,-1,-1,-1
435,889,1801.04,256.38,39.59,71.42,0.9665,-1,-1,-1
435,836,1168.03,280.79,38.26,81.79,0.9651,-1,-1,-1
435,834,1152.02,486.13,42.34,95.31,0.9642,-1,-1,-1
435,843,1272.92,290.71,37.37,76.75,0.9638,-1,-1,-1
435,841,1446.32,273.98,29.56,81.42,0.9629,-1,-1,-1
435,842,1672.07,203.53,30.7,74.36,0.9615,-1,-1,-1
435,839,1360.85,176.79,33.67,70.79,0.9604,-1,-1,-1
435,897,4.75,288.3,28.3,90.72,0.9554,-1,-1,-1
436,874,111.49,711.45,67.91,135.3,0.9761,-1,-1,-1
436,834,1147.7,486.51,43.22,91.74,0.9747,-1,-1,-1
436,837,1040.23,722.74,64.22,119.3,0.9725,-1,-1,-1
436,875,510.31,478.49,40.68,98.58,0.9714,-1,-1,-1
436,849,1747.99,399.5,36.7,80.24,0.9696,-1,-1,-1
436,845,1412.95,407.72,44.94,96.59,0.9687,-1,-1,-1
436,836,1168.83,280.52,39.07,81.8,0.9673,-1,-1,-1
436,897,3.71,288.33,35.33,89.36,0.9671,-1,-1,-1
436,841,1448.18,274.32,29.14,81.07,0.9622,-1,-1,-1
436,889,1813.02,255.36,35.07,70.98,0.9622,-1,-1,-1
436,842,1672.98,202.34,30.18,73.83,0.9593,-1,-1,-1
436,843,1274.76,290.96,33.26,74.62,0.9591,-1,-1,-1
436,839,1359.25,177.59,27.71,68.13,0.9462,-1,-1,-1
437,837,1042.88,724.84,47.22,114.24,0.9743,-1,-1,-1
437,834,1146.5,486.99,42.59,89.55,0.9738,-1,-1,-1
437,897,5.92,288.09,39.94,88.28,0.9717,-1,-1,-1
437,874,113.3,710.39,59.22,133.4,0.9711,-1,-1,-1
437,875,513.66,478.52,38.01,99.76,0.9695,-1,-1,-1
437,836,1170.23,280.26,39.25,81.73,0.9691,-1,-1,-1
437,845,1414.45,408.42,44.2,95.0,0.9674,-1,-1,-1
437,889,1815.3,253.63,39.87,71.09,0.9659,-1,-1,-1
437,849,1747.2,399.61,35.09,84.6,0.9626,-1,-1,-1
437,842,1673.49,201.73,30.3,73.3,0.9612,-1,-1,-1
437,843,1276.2,290.28,31.67,78.78,0.9579,-1,-1,-1
437,841,1449.66,275.07,29.36,80.88,0.9561,-1,-1,-1
437,839,1357.19,177.47,23.34,67.99,0.9449,-1,-1,-1
438,837,1042.83,724.84,47.33,114.24,0.9744,-1,-1,-1
438,834,1146.51,486.97,42.56,89.55,0.9738,-1,-1,-1
438,897,5.92,288.1,39.92,88.3,0.9716,-1,-1,-1
438,874,113.27,710.39,59.25,133.38,0.9711,-1,-1,-1
438,875,513.67,478.53,38.01,99.77,0.9694,-1,-1,-1
438,836,1170.24,280.26,39.25,81.72,0.9691,-1,-1,-1
438,845,1414.46,408.39,44.2,95.03,0.9674,-1,-1,-1
438,889,1815.14,253.65,40.01,70.99,0.966,-1,-1,-1
438,849,1747.15,399.59,35.19,84.61,0.9628,-1,-1,-1
438,842,1673.46,201.73,30.33,73.31,0.9612,-1,-1,-1
438,843,1276.19,290.29,31.68,78.78,0.958,-1,-1,-1
438,841,1449.67,275.08,29.35,80.86,0.9562,-1,-1,-1
438,839,1357.18,177.49,23.36,68.11,0.9455,-1,-1,-1
439,874,117.14,709.72,47.85,129.91,0.9768,-1,-1,-1
439,889,1818.15,252.94,43.79,73.15,0.9739,-1,-1,-1
439,834,1144.6,485.26,42.37,92.86,0.9724,-1,-1,-1
439,897,7.45,289.1,45.84,87.07,0.9714,-1,-1,-1
439,836,1172.28,279.19,38.66,82.32,0.9683,-1,-1,-1
439,875,518.13,479.07,34.78,102.86,0.963,-1,-1,-1
439,845,1418.66,407.96,42.07,94.29,0.9627,-1,-1,-1
439,842,1673.44,201.8,31.29,72.31,0.9615,-1,-1,-1
439,843,1277.9,289.83,30.01,81.4,0.9585,-1,-1,-1
439,837,1034.88,724.14,39.74,110.56,0.9572,-1,-1,-1
439,841,1449.84,276.29,30.97,80.69,0.9572,-1,-1,-1
439,849,1746.36,400.53,34.75,84.92,0.953,-1,-1,-1
439,839,1353.6,176.54,22.48,68.82,0.9384,-1,-1,-1
440,837,1027.34,722.7,40.86,108.5,0.9736,-1,-1,-1
440,834,1143.4,484.26,42.39,99.14,0.9709,-1,-1,-1
440,897,11.17,288.44,49.41,85.73,0.9704,-1,-1,-1
440,889,1823.23,252.29,47.58,74.25,0.9677,-1,-1,-1
440,874,122.76,710.7,40.81,126.09,0.9658,-1,-1,-1
440,845,1419.57,406.79,42.87,93.52,0.965,-1,-1,-1
440,841,1449.14,277.33,33.74,78.56,0.9628,-1,-1,-1
440,842,1674.88,201.05,30.97,72.2,0.9608,-1,-1,-1
440,849,1745.51,401.92,34.87,85.29,0.9595,-1,-1,-1
440,836,1175.18,277.94,36.03,81.68,0.9594,-1,-1,-1
440,875,522.01,481.49,35.42,97.74,0.955,-1,-1,-1
440,843,1279.18,290.47,28.91,80.31,0.9547,-1,-1,-1
440,839,1349.91,174.62,26.82,69.61,0.9466,-1,-1,-1
441,834,1142.04,484.9,42.27,99.62,0.973,-1,-1,-1
441,837,1020.05,719.53,49.77,108.27,0.9727,-1,-1,-1
441,845,1421.24,405.18,42.89,92.71,0.9727,-1,-1,-1
441,897,16.5,286.76,49.85,84.81,0.9724,-1,-1,-1
441,889,1828.38,252.05,51.15,74.82,0.9688,-1,-1,-1
441,874,126.03,710.72,39.73,121.43,0.9667,-1,-1,-1
441,875,527.37,482.07,35.43,95.76,0.9664,-1,-1,-1
441,841,1449.29,277.1,36.36,77.46,0.9663,-1,-1,-1
441,849,1744.25,405.08,36.29,85.44,0.9623,-1,-1,-1
441,839,1347.22,173.23,31.17,69.24,0.9623,-1,-1,-1
441,836,1177.85,277.12,34.58,80.74,0.9546,-1,-1,-1
441,842,1676.22,199.81,31.15,72.66,0.9542,-1,-1,-1
441,843,1280.42,291.02,28.51,81.42,0.951,-1,-1,-1
442,874,122.62,708.32,45.17,119.58,0.9748,-1,-1,-1
442,897,25.0,285.83,51.01,83.63,0.9744,-1,-1,-1
442,837,1010.61,716.43,60.75,112.11,0.9709,-1,-1,-1
442,834,1140.37,485.15,42.03,99.39,0.9702,-1,-1,-1
442,875,531.07,482.05,36.68,94.32,0.9697,-1,-1,-1
442,845,1424.85,404.06,41.59,92.23,0.9686,-1,-1,-1
442,889,1837.65,252.8,48.76,75.15,0.9682,-1,-1,-1
442,849,1742.22,405.97,38.1,83.97,0.9668,-1,-1,-1
442,841,1451.07,276.12,36.92,77.01,0.9649,-1,-1,-1
442,836,1181.24,276.1,32.3,80.2,0.9637,-1,-1,-1
442,839,1343.18,173.51,35.74,68.74,0.9599,-1,-1,-1
442,842,1678.12,199.4,30.18,73.0,0.957,-1,-1,-1
442,843,1280.64,292.93,29.79,80.33,0.9539,-1,-1,-1
443,874,120.47,704.53,49.57,122.48,0.9768,-1,-1,-1
443,837,997.01,713.87,73.69,117.9,0.9715,-1,-1,-1
443,839,1338.34,173.89,40.86,69.36,0.9709,-1,-1,-1
443,834,1138.17,487.15,41.65,98.07,0.9709,-1,-1,-1
443,897,33.18,283.85,49.19,83.7,0.9683,-1,-1,-1
443,845,1427.76,403.62,41.19,93.44,0.9682,-1,-1,-1
443,849,1739.77,406.47,39.73,81.72,0.9675,-1,-1,-1
443,889,1849.46,254.39,42.55,73.1,0.9665,-1,-1,-1
443,841,1453.13,275.03,37.7,77.18,0.9661,-1,-1,-1
443,875,536.93,481.27,35.29,98.71,0.9646,-1,-1,-1
443,842,1679.77,199.24,30.08,72.7,0.9632,-1,-1,-1
443,836,1185.94,276.33,30.35,78.73,0.9571,-1,-1,-1
443,843,1281.24,294.72,30.27,77.88,0.9563,-1,-1,-1
444,874,120.49,704.53,49.55,122.45,0.9768,-1,-1,-1
444,837,996.93,713.85,73.75,117.93,0.9716,-1,-1,-1
444,834,1138.16,487.14,41.65,98.08,0.9709,-1,-1,-1
444,839,1338.34,173.89,40.86,69.36,0.9709,-1,-1,-1
444,897,33.2,283.85,49.18,83.71,0.9684,-1,-1,-1
444,845,1427.73,403.64,41.21,93.41,0.9682,-1,-1,-1
444,849,1739.77,406.48,39.72,81.72,0.9675,-1,-1,-1
444,889,1849.46,254.39,42.56,73.1,0.9665,-1,-1,-1
444,841,1453.14,274.88,37.7,77.36,0.9662,-1,-1,-1
444,875,536.94,481.25,35.32,98.75,0.9646,-1,-1,-1
444,842,1679.77,199.24,30.08,72.71,0.9631,-1,-1,-1
444,836,1185.95,276.34,30.34,78.73,0.9571,-1,-1,-1
444,843,1281.25,294.72,30.29,77.9,0.9564,-1,-1,-1
445,874,120.31,700.45,54.65,127.57,0.9751,-1,-1,-1
445,837,993.41,713.39,76.88,120.08,0.9746,-1,-1,-1
445,839,1337.5,173.43,41.64,70.14,0.9706,-1,-1,-1
445,845,1431.67,402.67,40.12,95.73,0.9701,-1,-1,-1
445,834,1137.38,488.22,40.54,96.6,0.968,-1,-1,-1
445,849,1739.0,406.2,39.82,80.12,0.9672,-1,-1,-1
445,897,41.68,282.16,44.8,84.19,0.9669,-1,-1,-1
445,841,1455.86,273.94,39.16,79.75,0.9641,-1,-1,-1
445,836,1188.84,276.91,29.58,77.83,0.9636,-1,-1,-1
445,875,542.79,481.47,34.8,100.62,0.9612,-1,-1,-1
445,843,1283.51,294.55,29.91,76.89,0.9611,-1,-1,-1
445,889,1863.9,255.12,35.81,72.04,0.9533,-1,-1,-1
445,842,1681.89,199.62,29.9,71.63,0.9512,-1,-1,-1
446,874,122.28,697.34,61.91,132.12,0.976,-1,-1,-1
446,837,993.47,714.63,71.63,118.45,0.9736,-1,-1,-1
446,845,1434.2,403.3,42.3,94.97,0.9715,-1,-1,-1
446,841,1456.34,273.4,41.95,82.22,0.9663,-1,-1,-1
446,849,1739.02,405.61,38.39,79.37,0.965,-1,-1,-1
446,839,1339.56,175.0,36.56,69.18,0.9647,-1,-1,-1
446,897,51.23,279.98,37.19,84.5,0.9641,-1,-1,-1
446,875,547.54,480.83,35.37,102.38,0.9639,-1,-1,-1
446,843,1286.57,294.15,28.95,76.13,0.9581,-1,-1,-1
446,836,1191.52,277.8,29.5,77.57,0.9569,-1,-1,-1
446,834,1137.23,489.33,36.32,91.97,0.9567,-1,-1,-1
446,889,1877.41,255.01,29.06,70.71,0.9481,-1,-1,-1
446,842,1684.53,199.57,29.84,71.17,0.948,-1,-1,-1
447,874,125.97,695.83,60.76,134.53,0.9753,-1,-1,-1
447,845,1438.93,404.17,42.39,93.7,0.9699,-1,-1,-1
447,841,1458.34,273.75,43.39,81.7,0.9699,-1,-1,-1
447,837,997.85,715.91,58.99,113.62,0.9683,-1,-1,-1
447,834,1137.88,489.99,33.46,90.3,0.9638,-1,-1,-1
447,836,1194.48,278.21,29.16,76.91,0.9594,-1,-1,-1
447,875,552.15,482.42,35.92,102.32,0.9591,-1,-1,-1
447,849,1739.95,405.14,36.32,80.92,0.9589,-1,-1,-1
447,843,1289.92,293.82,28.44,74.88,0.957,-1,-1,-1
447,842,1686.96,199.84,29.24,71.39,0.9556,-1,-1,-1
447,889,1881.02,253.84,36.87,71.02,0.9551,-1,-1,-1
447,839,1338.55,175.83,34.19,67.79,0.9475,-1,-1,-1
447,897,58.69,278.34,30.94,85.65,0.9372,-1,-1,-1
448,874,132.77,695.93,52.09,132.54,0.9753,-1,-1,-1
448,845,1441.76,404.94,43.79,93.66,0.9676,-1,-1,-1
448,841,1463.97,275.43,41.7,81.28,0.9665,-1,-1,-1
448,875,555.08,485.12,38.49,102.21,0.9662,-1,-1,-1
448,837,994.86,717.46,49.19,109.05,0.966,-1,-1,-1
448,834,1137.86,489.14,33.25,89.37,0.9621,-1,-1,-1
448,889,1886.12,252.99,33.88,70.89,0.9579,-1,-1,-1
448,843,1292.01,293.16,28.14,78.18,0.9576,-1,-1,-1
448,897,64.08,278.07,32.58,84.2,0.9532,-1,-1,-1
448,842,1689.42,200.0,28.7,71.2,0.9524,-1,-1,-1
448,836,1197.96,278.8,28.05,76.91,0.9521,-1,-1,-1
448,839,1335.16,175.95,30.88,65.63,0.9481,-1,-1,-1
448,849,1742.26,405.78,34.01,84.91,0.9302,-1,-1,-1
449,874,138.63,695.27,46.93,130.43,0.9775,-1,-1,-1
449,845,1444.94,404.55,44.88,93.93,0.9736,-1,-1,-1
449,837,987.38,715.59,45.43,108.08,0.9691,-1,-1,-1
449,875,559.5,486.62,39.42,99.82,0.9673,-1,-1,-1
449,834,1136.62,487.47,36.8,94.73,0.9658,-1,-1,-1
449,841,1467.6,276.27,42.15,81.73,0.9637,-1,-1,-1
449,897,69.99,276.24,35.03,85.74,0.962,-1,-1,-1
449,842,1691.86,199.25,28.74,72.3,0.959,-1,-1,-1
449,836,1201.61,278.81,27.0,76.51,0.9577,-1,-1,-1
449,843,1293.64,292.89,28.51,79.81,0.9567,-1,-1,-1
449,839,1334.01,174.38,29.49,65.13,0.9489,-1,-1,-1
449,889,1891.11,252.2,28.79,70.52,0.9343,-1,-1,-1
449,849,1743.13,406.43,33.55,85.12,0.9056,-1,-1,-1
450,874,138.69,695.27,46.88,130.35,0.9774,-1,-1,-1
450,845,1444.87,404.5,44.91,94.0,0.9736,-1,-1,-1
450,837,987.41,715.56,45.31,108.1,0.9692,-1,-1,-1
450,875,559.49,486.63,39.44,99.8,0.9674,-1,-1,-1
450,834,1136.61,487.47,36.82,94.97,0.9661,-1,-1,-1
450,841,1467.59,276.25,42.32,81.73,0.9643,-1,-1,-1
450,897,70.0,276.26,35.08,85.86,0.9623,-1,-1,-1
450,842,1691.86,199.25,28.74,72.28,0.9591,-1,-1,-1
450,836,1201.56,278.81,27.04,76.49,0.9577,-1,-1,-1
450,843,1293.59,292.91,28.58,79.82,0.9568,-1,-1,-1
450,839,1334.12,174.37,29.34,65.0,0.9489,-1,-1,-1
450,889,1890.88,252.25,29.02,70.42,0.9355,-1,-1,-1
450,849,1743.12,406.48,33.56,85.03,0.9059,-1,-1,-1
451,837,982.1,713.27,48.42,108.68,0.9743,-1,-1,-1
451,845,1448.42,404.3,45.76,93.89,0.9728,-1,-1,-1
451,897,74.97,275.11,40.66,83.77,0.9688,-1,-1,-1
451,834,1135.2,487.54,40.11,98.06,0.9679,-1,-1,-1
451,841,1470.25,278.03,45.37,79.04,0.9676,-1,-1,-1
451,875,563.76,486.77,40.15,96.9,0.9672,-1,-1,-1
451,874,145.93,694.16,42.29,128.71,0.9665,-1,-1,-1
451,843,1296.18,293.1,28.79,81.11,0.9611,-1,-1,-1
451,839,1334.15,173.17,29.61,66.31,0.9555,-1,-1,-1
451,836,1205.61,279.29,25.77,74.7,0.9554,-1,-1,-1
451,842,1695.3,199.6,28.21,70.68,0.9511,-1,-1,-1
451,849,1749.22,410.23,27.18,76.63,0.8205,-1,-1,-1
451,889,1898.24,259.74,21.53,63.99,0.7395,-1,-1,-1
452,834,1131.91,488.1,44.76,97.78,0.973,-1,-1,-1
452,837,978.04,710.76,54.83,113.93,0.9728,-1,-1,-1
452,845,1450.65,403.8,47.51,93.36,0.9702,-1,-1,-1
452,841,1472.58,278.74,47.18,77.22,0.9699,-1,-1,-1
452,897,77.32,274.82,45.36,83.69,0.9685,-1,-1,-1
452,875,568.52,486.91,40.11,98.23,0.9682,-1,-1,-1
452,874,149.34,694.51,40.41,127.03,0.9656,-1,-1,-1
452,839,1334.07,171.74,31.05,68.4,0.9593,-1,-1,-1
452,836,1207.92,279.71,26.32,73.96,0.9562,-1,-1,-1
452,842,1697.36,198.47,29.09,71.97,0.956,-1,-1,-1
452,843,1298.95,294.35,28.51,81.06,0.9545,-1,-1,-1
452,849,1740.74,412.04,37.22,86.48,0.9489,-1,-1,-1
453,897,80.49,274.13,49.51,82.38,0.9724,-1,-1,-1
453,837,971.81,708.65,59.46,117.65,0.9719,-1,-1,-1
453,875,573.06,487.31,39.54,102.72,0.9708,-1,-1,-1
453,874,149.66,692.45,42.26,130.08,0.9687,-1,-1,-1
453,845,1454.62,403.2,46.45,90.67,0.9686,-1,-1,-1
453,834,1130.77,489.62,45.18,97.59,0.9663,-1,-1,-1
453,841,1476.68,277.93,47.2,77.01,0.9647,-1,-1,-1
453,839,1334.96,171.21,31.87,69.2,0.9615,-1,-1,-1
453,843,1301.67,296.74,29.82,80.6,0.9613,-1,-1,-1
453,849,1736.26,415.01,42.76,83.09,0.9596,-1,-1,-1
453,842,1699.62,197.9,28.47,71.86,0.9563,-1,-1,-1
453,836,1211.02,279.9,26.8,72.35,0.9525,-1,-1,-1
454,874,150.17,689.91,42.94,131.55,0.9737,-1,-1,-1
454,897,85.15,273.75,52.96,81.23,0.9736,-1,-1,-1
454,837,961.65,706.45,68.5,120.5,0.9726,-1,-1,-1
454,845,1457.97,401.52,44.94,90.95,0.9726,-1,-1,-1
454,841,1480.81,276.72,47.05,77.18,0.9722,-1,-1,-1
454,875,578.04,487.96,38.36,103.97,0.9699,-1,-1,-1
454,849,1736.54,415.9,42.97,80.68,0.966,-1,-1,-1
454,839,1331.31,170.71,36.74,69.03,0.9617,-1,-1,-1
454,843,1305.15,298.53,28.37,77.94,0.9559,-1,-1,-1
454,842,1702.17,196.19,29.0,72.69,0.9553,-1,-1,-1
454,836,1209.28,280.51,32.08,70.09,0.9551,-1,-1,-1
454,834,1128.8,490.89,45.24,96.03,0.9517,-1,-1,-1
455,874,150.79,686.71,48.58,132.57,0.9774,-1,-1,-1
455,837,958.9,706.06,68.38,121.35,0.9757,-1,-1,-1
455,834,1124.74,491.24,46.51,93.84,0.9719,-1,-1,-1
455,845,1461.85,400.33,43.75,90.08,0.9715,-1,-1,-1
455,897,91.47,272.29,51.86,80.25,0.9706,-1,-1,-1
455,841,1484.94,274.76,47.91,78.08,0.9685,-1,-1,-1
455,849,1739.95,414.98,40.55,78.86,0.9658,-1,-1,-1
455,875,582.9,488.75,39.63,107.84,0.9658,-1,-1,-1
455,839,1329.78,170.61,37.98,68.87,0.9644,-1,-1,-1
455,836,1213.25,279.87,31.4,69.17,0.962,-1,-1,-1
455,842,1704.73,194.76,28.87,71.8,0.9591,-1,-1,-1
455,843,1307.16,298.25,27.8,75.51,0.95,-1,-1,-1
456,874,150.8,686.66,48.41,132.63,0.9773,-1,-1,-1
456,837,958.8,706.04,68.5,121.33,0.976,-1,-1,-1
456,834,1124.7,491.28,46.56,93.79,0.9721,-1,-1,-1
456,845,1461.86,400.34,43.73,90.07,0.9716,-1,-1,-1
456,897,91.47,272.28,51.87,80.24,0.9706,-1,-1,-1
456,841,1484.65,274.74,48.21,78.06,0.9686,-1,-1,-1
456,849,1739.93,414.95,40.54,78.89,0.9658,-1,-1,-1
456,875,582.9,488.72,39.58,107.84,0.9657,-1,-1,-1
456,839,1329.83,170.63,37.92,68.82,0.9643,-1,-1,-1
456,836,1213.22,279.87,31.4,69.11,0.962,-1,-1,-1
456,842,1704.72,194.77,28.89,71.79,0.9591,-1,-1,-1
456,843,1307.15,298.23,27.81,75.5,0.95,-1,-1,-1
457,837,959.48,706.12,61.87,119.76,0.9759,-1,-1,-1
457,834,1121.86,489.72,46.02,92.23,0.9751,-1,-1,-1
457,874,149.16,683.17,59.04,135.36,0.975,-1,-1,-1
457,897,96.17,271.46,52.77,78.98,0.969,-1,-1,-1
457,875,588.8,491.51,36.82,105.41,0.9637,-1,-1,-1
457,841,1487.89,272.62,48.44,81.49,0.9628,-1,-1,-1
457,839,1330.96,170.99,33.68,68.56,0.9623,-1,-1,-1
457,849,1743.39,413.65,35.68,80.21,0.9602,-1,-1,-1
457,843,1309.62,296.34,27.23,74.93,0.9592,-1,-1,-1
457,836,1217.17,279.85,30.54,67.23,0.9565,-1,-1,-1
457,842,1707.43,194.0,28.59,71.09,0.9559,-1,-1,-1
457,845,1466.39,399.51,41.47,88.17,0.9552,-1,-1,-1
458,834,1120.32,489.19,45.83,90.86,0.9772,-1,-1,-1
458,874,148.75,681.92,61.54,136.18,0.9761,-1,-1,-1
458,837,962.28,705.32,48.31,117.04,0.9743,-1,-1,-1
458,897,101.17,269.19,53.27,79.5,0.9721,-1,-1,-1
458,875,591.89,494.38,38.74,105.77,0.971,-1,-1,-1
458,845,1469.77,398.01,40.01,88.55,0.9649,-1,-1,-1
458,841,1489.34,272.25,50.33,81.66,0.9641,-1,-1,-1
458,849,1740.89,412.85,35.54,84.95,0.9633,-1,-1,-1
458,843,1310.85,294.97,26.1,75.84,0.9576,-1,-1,-1
458,842,1708.88,192.97,28.4,72.09,0.9555,-1,-1,-1
458,839,1331.79,171.18,26.54,67.07,0.9328,-1,-1,-1
458,836,1220.64,278.59,29.69,66.13,0.9285,-1,-1,-1
459,874,148.63,682.54,59.18,134.64,0.9763,-1,-1,-1
459,834,1119.72,488.0,43.7,92.74,0.9749,-1,-1,-1
459,897,104.77,268.48,51.48,78.22,0.971,-1,-1,-1
459,875,594.35,496.24,40.63,103.82,0.97,-1,-1,-1
459,849,1737.82,413.54,35.94,85.66,0.9694,-1,-1,-1
459,837,958.76,704.46,38.65,114.19,0.9686,-1,-1,-1
459,845,1471.15,399.44,39.81,87.87,0.9659,-1,-1,-1
459,843,1309.6,293.47,27.32,79.69,0.9643,-1,-1,-1
459,841,1493.23,272.82,48.11,81.5,0.9596,-1,-1,-1
459,842,1709.04,193.42,28.31,71.68,0.955,-1,-1,-1
459,839,1329.06,170.46,22.71,67.49,0.945,-1,-1,-1
459,836,1220.39,277.46,31.55,68.17,0.9313,-1,-1,-1
460,874,151.2,684.03,50.76,131.59,0.977,-1,-1,-1
460,875,595.12,495.39,42.68,105.8,0.973,-1,-1,-1
460,834,1117.87,488.67,42.3,98.58,0.9715,-1,-1,-1
460,897,109.32,267.4,48.17,80.13,0.9705,-1,-1,-1
460,845,1472.09,401.0,38.46,88.3,0.969,-1,-1,-1
460,841,1491.89,274.3,49.6,82.27,0.9653,-1,-1,-1
460,843,1307.37,293.37,28.44,80.89,0.9623,-1,-1,-1
460,837,951.54,702.86,34.0,114.23,0.9614,-1,-1,-1
460,849,1734.39,415.75,35.77,85.55,0.9558,-1,-1,-1
460,842,1707.79,193.97,28.96,70.53,0.9557,-1,-1,-1
460,836,1220.36,275.87,31.82,74.23,0.9445,-1,-1,-1
460,839,1323.16,170.22,21.79,66.7,0.9359,-1,-1,-1
461,874,153.76,686.09,42.84,128.86,0.9762,-1,-1,-1
461,875,595.62,495.45,44.88,106.09,0.9757,-1,-1,-1
461,834,1114.72,489.08,42.51,102.36,0.9742,-1,-1,-1
461,837,941.61,701.76,42.8,114.78,0.9733,-1,-1,-1
461,897,113.27,266.0,43.99,80.45,0.9712,-1,-1,-1
461,845,1472.49,403.78,37.77,87.35,0.9695,-1,-1,-1
461,841,1493.15,277.0,47.68,79.83,0.9674,-1,-1,-1
461,849,1730.71,417.78,35.03,87.19,0.9666,-1,-1,-1
461,842,1706.91,195.44,28.16,69.97,0.9586,-1,-1,-1
461,836,1220.31,276.27,31.56,74.31,0.9522,-1,-1,-1
461,843,1304.87,295.31,29.13,80.1,0.949,-1,-1,-1
461,839,1318.62,170.3,25.46,67.57,0.9146,-1,-1,-1
462,874,153.74,686.02,42.87,128.93,0.9762,-1,-1,-1
462,875,595.68,495.48,44.91,106.01,0.9756,-1,-1,-1
462,834,1114.7,489.1,42.46,102.39,0.9742,-1,-1,-1
462,837,941.63,701.79,42.77,114.75,0.9735,-1,-1,-1
462,897,113.28,266.01,43.91,80.39,0.9712,-1,-1,-1
462,845,1472.53,403.78,37.73,87.38,0.9696,-1,-1,-1
462,841,1493.11,277.02,47.71,79.79,0.9675,-1,-1,-1
462,849,1730.74,417.86,35.0,87.12,0.9663,-1,-1,-1
462,842,1706.9,195.43,28.18,70.1,0.9587,-1,-1,-1
462,836,1220.33,276.26,31.54,74.29,0.9524,-1,-1,-1
462,843,1304.81,295.32,29.22,80.18,0.9493,-1,-1,-1
462,839,1318.64,170.31,25.47,67.59,0.9154,-1,-1,-1
463,875,594.79,495.66,47.85,105.69,0.9781,-1,-1,-1
463,834,1110.25,492.96,44.28,102.83,0.9758,-1,-1,-1
463,874,156.38,686.85,38.79,126.71,0.9717,-1,-1,-1
463,837,920.99,701.7,62.62,117.63,0.9715,-1,-1,-1
463,841,1494.76,278.85,44.61,78.03,0.9685,-1,-1,-1
463,845,1471.76,405.84,37.93,86.78,0.9673,-1,-1,-1
463,897,117.19,266.78,38.1,79.78,0.9649,-1,-1,-1
463,849,1721.6,421.88,39.5,85.97,0.9647,-1,-1,-1
463,843,1300.49,297.89,30.97,80.89,0.9624,-1,-1,-1
463,842,1704.61,197.16,28.75,70.95,0.9596,-1,-1,-1
463,836,1219.55,277.22,31.1,75.36,0.9561,-1,-1,-1
463,839,1312.88,170.92,30.23,67.55,0.9541,-1,-1,-1
464,875,594.03,496.12,48.98,104.09,0.9771,-1,-1,-1
464,834,1106.57,496.8,42.67,101.26,0.9706,-1,-1,-1
464,837,911.0,703.33,71.18,117.58,0.9673,-1,-1,-1
464,845,1470.77,407.79,37.64,84.93,0.9653,-1,-1,-1
464,841,1496.47,280.13,40.3,77.09,0.9645,-1,-1,-1
464,839,1305.97,171.76,34.97,67.51,0.9632,-1,-1,-1
464,836,1219.11,279.4,29.37,74.47,0.9585,-1,-1,-1
464,874,158.43,684.8,35.06,126.9,0.958,-1,-1,-1
464,842,1701.39,198.55,30.05,71.16,0.9529,-1,-1,-1
464,843,1296.96,301.84,30.62,78.68,0.9493,-1,-1,-1
464,849,1713.29,425.11,43.64,77.85,0.9447,-1,-1,-1
464,897,120.82,267.31,33.59,79.45,0.9394,-1,-1,-1
465,837,903.46,704.36,75.14,121.35,0.9762,-1,-1,-1
465,875,594.72,495.37,43.64,101.41,0.9751,-1,-1,-1
465,834,1103.42,498.71,41.37,98.84,0.9728,-1,-1,-1
465,839,1299.41,173.1,38.18,67.31,0.9653,-1,-1,-1
465,845,1467.46,409.73,40.59,82.8,0.9634,-1,-1,-1
465,836,1218.58,281.82,29.18,72.54,0.9586,-1,-1,-1
465,842,1699.47,198.93,30.44,70.84,0.9561,-1,-1,-1
465,841,1499.69,280.34,36.28,76.21,0.955,-1,-1,-1
465,874,157.51,677.78,35.46,131.99,0.9543,-1,-1,-1
465,843,1293.55,303.72,30.86,77.03,0.9516,-1,-1,-1
465,897,125.38,266.45,30.55,81.46,0.9508,-1,-1,-1
465,849,1709.07,425.32,39.57,77.96,0.9218,-1,-1,-1
466,874,155.61,677.94,39.6,128.52,0.974,-1,-1,-1
466,837,898.06,708.39,76.17,121.76,0.9738,-1,-1,-1
466,834,1100.09,498.88,39.48,98.13,0.9695,-1,-1,-1
466,875,594.58,496.6,36.62,98.75,0.9674,-1,-1,-1
466,845,1466.78,412.19,42.11,79.53,0.9648,-1,-1,-1
466,841,1505.38,280.59,30.93,78.97,0.9626,-1,-1,-1
466,839,1297.42,173.65,36.04,69.76,0.9624,-1,-1,-1
466,836,1219.09,284.05,27.99,70.24,0.9585,-1,-1,-1
466,842,1698.94,200.2,29.49,70.03,0.9578,-1,-1,-1
466,843,1293.0,305.56,29.69,74.93,0.9498,-1,-1,-1
466,897,129.13,265.8,28.68,81.41,0.9165,-1,-1,-1
466,849,1707.6,426.75,35.73,70.89,0.9002,-1,-1,-1
467,874,151.29,676.66,45.35,131.07,0.9769,-1,-1,-1
467,837,898.69,712.73,66.02,117.61,0.9729,-1,-1,-1
467,845,1464.94,415.14,45.15,76.99,0.9632,-1,-1,-1
467,834,1100.49,499.4,34.51,97.1,0.9621,-1,-1,-1
467,842,1698.53,201.5,29.79,69.81,0.9619,-1,-1,-1
467,841,1506.35,281.87,29.97,80.55,0.9611,-1,-1,-1
467,836,1219.82,287.69,27.41,66.7,0.9592,-1,-1,-1
467,897,134.44,267.68,27.37,80.47,0.9576,-1,-1,-1
467,839,1297.02,177.21,33.33,68.41,0.9559,-1,-1,-1
467,843,1293.39,306.83,27.86,74.34,0.9521,-1,-1,-1
467,875,595.59,497.29,32.96,103.81,0.9468,-1,-1,-1
467,849,1703.12,425.08,39.38,80.74,0.9386,-1,-1,-1
468,874,151.22,676.64,45.39,131.09,0.977,-1,-1,-1
468,837,898.44,712.7,66.31,117.68,0.9729,-1,-1,-1
468,845,1465.0,415.14,45.11,76.97,0.9632,-1,-1,-1
468,834,1100.63,499.39,34.41,97.16,0.9627,-1,-1,-1
468,842,1698.56,201.5,29.76,69.82,0.9618,-1,-1,-1
468,841,1506.36,281.86,29.96,80.55,0.9611,-1,-1,-1
468,836,1219.8,287.67,27.38,66.7,0.9592,-1,-1,-1
468,897,134.43,267.66,27.4,80.49,0.9578,-1,-1,-1
468,839,1297.03,177.24,33.36,68.37,0.9566,-1,-1,-1
468,843,1293.4,306.84,27.91,74.32,0.9522,-1,-1,-1
468,875,595.57,497.29,33.16,103.92,0.9486,-1,-1,-1
468,849,1702.78,426.77,40.2,78.34,0.9402,-1,-1,-1
469,874,149.12,676.94,49.23,132.18,0.9761,-1,-1,-1
469,837,901.73,715.58,51.48,112.95,0.9743,-1,-1,-1
469,845,1461.93,418.35,50.98,74.13,0.9641,-1,-1,-1
469,842,1698.84,202.93,29.41,69.28,0.9607,-1,-1,-1
469,849,1697.46,427.46,45.34,84.05,0.9588,-1,-1,-1
469,841,1508.73,284.01,28.58,80.66,0.958,-1,-1,-1
469,834,1098.17,500.19,32.77,97.52,0.958,-1,-1,-1
469,836,1220.55,289.94,27.09,65.63,0.9567,-1,-1,-1
469,843,1293.07,307.95,27.42,75.77,0.9559,-1,-1,-1
469,897,139.32,268.73,25.89,80.54,0.9433,-1,-1,-1
469,875,596.93,502.01,30.23,106.63,0.9331,-1,-1,-1
469,839,1291.93,180.59,29.78,67.41,0.9313,-1,-1,-1
470,874,149.41,677.23,52.04,132.48,0.9763,-1,-1,-1
470,837,901.52,714.43,42.16,113.18,0.9708,-1,-1,-1
470,849,1695.7,431.02,48.06,84.36,0.9668,-1,-1,-1
470,834,1093.48,502.14,33.08,99.2,0.9629,-1,-1,-1
470,845,1462.89,420.55,54.24,72.15,0.9605,-1,-1,-1
470,842,1699.11,203.74,29.29,68.76,0.9603,-1,-1,-1
470,843,1292.36,309.59,27.52,78.55,0.9601,-1,-1,-1
470,841,1511.36,287.16,26.63,78.9,0.952,-1,-1,-1
470,839,1287.71,182.29,28.87,66.09,0.9454,-1,-1,-1
470,897,143.55,271.01,28.13,80.27,0.9351,-1,-1,-1
470,875,596.68,505.57,31.36,108.79,0.934,-1,-1,-1
470,836,1222.57,291.41,25.4,65.01,0.929,-1,-1,-1
471,874,149.76,679.27,56.22,130.05,0.9716,-1,-1,-1
471,845,1463.88,421.63,58.46,73.34,0.9685,-1,-1,-1
471,834,1089.22,505.31,33.18,99.75,0.9651,-1,-1,-1
471,837,900.58,710.98,34.9,118.08,0.9638,-1,-1,-1
471,843,1291.27,311.37,28.28,78.58,0.9626,-1,-1,-1
471,849,1690.62,433.16,51.08,87.03,0.9604,-1,-1,-1
471,842,1699.96,205.47,28.52,68.11,0.9589,-1,-1,-1
471,836,1224.73,291.83,24.21,68.35,0.9497,-1,-1,-1
471,875,594.64,508.4,30.07,105.18,0.9493,-1,-1,-1
471,841,1513.24,291.07,26.62,77.15,0.9488,-1,-1,-1
471,839,1284.13,182.84,28.21,65.02,0.9429,-1,-1,-1
471,897,145.95,271.47,33.54,79.42,0.9323,-1,-1,-1
472,834,1076.9,509.59,45.85,97.16,0.9749,-1,-1,-1
472,874,151.6,681.49,58.91,128.15,0.9707,-1,-1,-1
472,837,897.13,709.71,35.05,118.81,0.967,-1,-1,-1
472,845,1464.51,422.29,62.39,77.22,0.9655,-1,-1,-1
472,849,1686.06,436.71,53.11,86.29,0.9575,-1,-1,-1
472,843,1290.13,314.08,29.22,77.12,0.9573,-1,-1,-1
472,836,1225.96,292.29,24.29,73.08,0.9544,-1,-1,-1
472,842,1701.67,206.58,27.24,68.84,0.952,-1,-1,-1
472,841,1515.13,294.77,27.53,78.61,0.9514,-1,-1,-1
472,875,592.11,511.42,35.9,102.39,0.9498,-1,-1,-1
472,897,150.26,274.41,36.02,79.12,0.9497,-1,-1,-1
472,839,1281.03,184.11,31.45,65.02,0.9434,-1,-1,-1
473,834,1067.26,512.94,57.94,94.59,0.9756,-1,-1,-1
473,874,154.32,683.35,60.49,126.68,0.973,-1,-1,-1
473,875,587.55,513.14,44.5,100.05,0.9675,-1,-1,-1
473,845,1467.85,423.66,61.1,81.07,0.9663,-1,-1,-1
473,897,153.29,275.64,39.28,79.32,0.965,-1,-1,-1
473,837,893.1,710.93,36.75,122.68,0.96,-1,-1,-1
473,842,1701.19,209.09,27.09,68.75,0.9573,-1,-1,-1
473,839,1278.11,185.84,34.34,66.97,0.9568,-1,-1,-1
473,841,1515.65,298.42,27.91,77.07,0.9556,-1,-1,-1
473,843,1289.29,318.16,29.2,77.62,0.9545,-1,-1,-1
473,836,1226.33,294.98,24.33,73.91,0.9542,-1,-1,-1
473,849,1677.99,441.45,53.52,84.73,0.9438,-1,-1,-1
474,834,1067.38,512.95,57.82,94.63,0.9752,-1,-1,-1
474,874,154.31,683.34,60.5,126.69,0.9729,-1,-1,-1
474,875,587.53,513.11,44.53,100.1,0.9679,-1,-1,-1
474,845,1467.91,423.64,60.99,81.11,0.9664,-1,-1,-1
474,897,153.31,275.67,39.29,79.31,0.9651,-1,-1,-1
474,837,893.16,710.93,36.61,122.67,0.96,-1,-1,-1
474,842,1701.25,209.08,27.0,68.79,0.9573,-1,-1,-1
474,839,1277.99,185.81,34.45,66.93,0.9566,-1,-1,-1
474,841,1515.63,298.41,27.92,77.06,0.9555,-1,-1,-1
474,836,1226.33,294.99,24.34,73.92,0.9545,-1,-1,-1
474,843,1289.28,318.12,29.2,77.88,0.9543,-1,-1,-1
474,849,1678.39,441.66,53.63,84.84,0.9443,-1,-1,-1
475,834,1060.33,513.76,64.7,94.6,0.9776,-1,-1,-1
475,874,158.88,684.19,59.41,125.38,0.972,-1,-1,-1
475,837,886.39,713.98,39.25,123.14,0.969,-1,-1,-1
475,875,582.19,513.73,50.48,99.73,0.9662,-1,-1,-1
475,897,157.28,277.89,39.21,77.16,0.9658,-1,-1,-1
475,849,1669.08,445.82,56.79,81.65,0.965,-1,-1,-1
475,839,1274.24,187.95,35.87,67.3,0.9641,-1,-1,-1
475,845,1470.36,425.95,57.91,82.18,0.9631,-1,-1,-1
475,841,1515.17,302.41,27.36,73.44,0.9565,-1,-1,-1
475,842,1700.26,212.85,25.96,67.06,0.9552,-1,-1,-1
475,836,1225.26,296.62,24.72,74.96,0.95,-1,-1,-1
475,843,1287.93,322.12,27.67,77.08,0.9497,-1,-1,-1
476,834,1056.93,514.44,66.66,94.77,0.9755,-1,-1,-1
476,837,878.9,715.1,40.8,126.77,0.9714,-1,-1,-1
476,875,576.61,512.87,59.41,100.71,0.9691,-1,-1,-1
476,874,161.4,684.91,58.98,124.48,0.969,-1,-1,-1
476,849,1662.23,445.89,48.8,82.39,0.9689,-1,-1,-1
476,839,1266.93,190.14,38.07,66.59,0.9672,-1,-1,-1
476,845,1473.94,428.53,52.14,83.45,0.9642,-1,-1,-1
476,897,161.36,279.82,37.62,77.09,0.9583,-1,-1,-1
476,842,1697.71,214.86,24.48,67.09,0.9575,-1,-1,-1
476,841,1512.83,303.85,28.1,73.12,0.9554,-1,-1,-1
476,843,1285.4,326.59,26.38,73.24,0.9534,-1,-1,-1
476,836,1224.07,300.65,24.5,74.49,0.9489,-1,-1,-1
477,834,1055.34,514.67,64.47,94.75,0.9751,-1,-1,-1
477,837,873.35,717.8,41.85,124.77,0.9727,-1,-1,-1
477,875,574.25,512.2,61.46,101.13,0.9705,-1,-1,-1
477,849,1661.4,446.37,40.7,83.63,0.9695,-1,-1,-1
477,874,164.84,683.37,57.12,125.02,0.9689,-1,-1,-1
477,845,1474.73,432.36,49.03,79.81,0.9665,-1,-1,-1
477,839,1262.66,192.69,36.51,68.02,0.9613,-1,-1,-1
477,897,164.74,281.1,37.47,78.68,0.9597,-1,-1,-1
477,836,1222.72,304.0,24.6,72.68,0.9543,-1,-1,-1
477,841,1509.96,304.77,28.52,73.53,0.9513,-1,-1,-1
477,842,1695.24,217.83,23.49,66.83,0.9504,-1,-1,-1
477,843,1281.61,328.56,25.29,72.39,0.949,-1,-1,-1
478,834,1054.94,514.21,61.97,94.77,0.9721,-1,-1,-1
478,875,573.92,512.0,60.31,100.27,0.9717,-1,-1,-1
478,849,1657.69,446.35,39.61,85.6,0.9708,-1,-1,-1
478,874,167.72,682.06,55.03,125.04,0.9701,-1,-1,-1
478,845,1477.11,435.86,46.19,76.46,0.9662,-1,-1,-1
478,841,1506.55,304.33,29.08,74.92,0.9584,-1,-1,-1
478,839,1258.02,196.26,33.47,66.19,0.9562,-1,-1,-1
478,897,168.36,282.01,36.85,77.47,0.9549,-1,-1,-1
478,843,1278.35,330.57,26.66,71.87,0.9543,-1,-1,-1
478,837,866.95,720.24,42.83,122.28,0.9532,-1,-1,-1
478,836,1220.51,308.03,25.33,69.17,0.9518,-1,-1,-1
478,842,1691.52,218.95,24.55,67.77,0.933,-1,-1,-1
479,834,1055.69,514.29,53.51,94.11,0.9745,-1,-1,-1
479,837,853.4,723.06,51.19,119.84,0.9739,-1,-1,-1
479,874,172.31,681.48,50.02,124.54,0.9731,-1,-1,-1
479,875,576.06,512.24,55.29,99.33,0.9729,-1,-1,-1
479,849,1650.17,447.75,41.41,84.19,0.9689,-1,-1,-1
479,843,1273.89,331.38,30.59,74.09,0.961,-1,-1,-1
479,845,1479.1,438.74,43.09,73.95,0.959,-1,-1,-1
479,836,1218.27,309.52,27.86,68.07,0.9585,-1,-1,-1
479,841,1503.8,304.07,28.6,75.43,0.9563,-1,-1,-1
479,897,171.74,283.57,35.59,76.02,0.9553,-1,-1,-1
479,842,1688.64,221.39,22.59,66.46,0.9516,-1,-1,-1
479,839,1251.94,198.75,29.43,64.65,0.9503,-1,-1,-1
480,834,1055.7,514.28,53.51,94.13,0.9747,-1,-1,-1
480,837,853.4,723.11,51.21,119.76,0.9738,-1,-1,-1
480,874,172.36,681.49,49.9,124.46,0.9732,-1,-1,-1
480,875,576.05,512.25,55.28,99.32,0.9728,-1,-1,-1
480,849,1650.16,447.67,41.36,84.25,0.9695,-1,-1,-1
480,843,1273.86,331.37,30.63,74.08,0.9611,-1,-1,-1
480,845,1479.11,438.77,43.06,73.92,0.9589,-1,-1,-1
480,836,1218.28,309.53,27.88,68.06,0.9585,-1,-1,-1
480,841,1503.8,304.07,28.57,75.43,0.9564,-1,-1,-1
480,897,171.73,283.55,35.56,76.07,0.9551,-1,-1,-1
480,842,1688.66,221.37,22.62,66.47,0.9516,-1,-1,-1
480,839,1251.98,198.75,29.4,64.64,0.9502,-1,-1,-1
481,875,577.77,510.77,51.4,100.11,0.9768,-1,-1,-1
481,874,176.31,681.22,43.93,123.97,0.9762,-1,-1,-1
481,837,843.88,722.56,57.64,118.77,0.9748,-1,-1,-1
481,834,1055.2,511.52,43.24,95.9,0.9733,-1,-1,-1
481,849,1636.09,449.12,49.65,83.29,0.9706,-1,-1,-1
481,841,1500.62,304.41,30.23,75.76,0.9662,-1,-1,-1
481,843,1268.2,332.43,34.86,74.4,0.9653,-1,-1,-1
481,845,1481.13,439.4,41.74,76.42,0.9635,-1,-1,-1
481,836,1215.8,310.57,29.32,68.1,0.9608,-1,-1,-1
481,842,1684.76,223.57,23.63,65.06,0.9546,-1,-1,-1
481,839,1245.34,199.55,27.43,64.76,0.9478,-1,-1,-1
481,897,175.3,283.19,34.08,76.57,0.9469,-1,-1,-1
482,874,179.37,681.56,40.02,123.02,0.9741,-1,-1,-1
482,837,840.21,722.9,57.8,117.64,0.9738,-1,-1,-1
482,875,579.49,508.36,44.83,101.29,0.9736,-1,-1,-1
482,849,1626.32,451.1,49.98,82.6,0.9701,-1,-1,-1
482,834,1052.77,509.91,35.06,97.42,0.97,-1,-1,-1
482,843,1261.31,334.36,39.39,75.66,0.9696,-1,-1,-1
482,845,1483.37,441.0,39.01,80.46,0.9661,-1,-1,-1
482,836,1213.67,312.22,30.42,68.19,0.9592,-1,-1,-1
482,841,1495.32,305.24,33.1,75.85,0.9581,-1,-1,-1
482,839,1237.88,199.93,32.32,65.28,0.958,-1,-1,-1
482,842,1680.92,225.3,23.85,64.63,0.9518,-1,-1,-1
482,897,178.7,284.15,30.79,76.14,0.9424,-1,-1,-1
483,837,838.27,721.53,58.43,117.51,0.9755,-1,-1,-1
483,875,577.56,506.53,43.64,101.05,0.9726,-1,-1,-1
483,849,1616.78,454.72,48.19,82.3,0.9719,-1,-1,-1
483,874,183.22,681.47,36.26,122.92,0.9661,-1,-1,-1
483,841,1488.1,306.58,36.77,75.97,0.9644,-1,-1,-1
483,843,1254.75,336.38,42.37,76.7,0.9643,-1,-1,-1
483,845,1484.47,443.11,37.32,83.42,0.9643,-1,-1,-1
483,839,1232.48,201.83,34.51,64.67,0.9624,-1,-1,-1
483,836,1211.44,313.04,31.25,73.87,0.957,-1,-1,-1
483,842,1676.74,226.5,24.66,64.43,0.9567,-1,-1,-1
483,834,1049.3,508.23,26.06,98.21,0.9517,-1,-1,-1
483,897,180.49,286.99,29.38,74.84,0.9128,-1,-1,-1
484,875,575.37,506.3,41.5,99.7,0.9722,-1,-1,-1
484,841,1483.16,308.19,39.7,75.56,0.9676,-1,-1,-1
484,839,1225.6,202.87,38.26,64.16,0.9675,-1,-1,-1
484,837,836.99,719.99,56.25,117.18,0.9659,-1,-1,-1
484,845,1486.48,445.68,34.69,83.72,0.9655,-1,-1,-1
484,849,1612.64,458.52,42.15,79.03,0.9639,-1,-1,-1
484,842,1672.12,228.36,26.19,63.89,0.9623,-1,-1,-1
484,836,1208.8,314.69,32.3,77.19,0.9564,-1,-1,-1
484,874,184.42,680.23,35.01,125.41,0.9562,-1,-1,-1
484,843,1248.13,340.58,42.98,73.95,0.956,-1,-1,-1
484,834,1044.16,506.43,24.07,99.51,0.9508,-1,-1,-1
484,897,183.61,288.66,28.7,74.18,0.921,-1,-1,-1
485,875,570.78,506.44,43.38,97.82,0.9776,-1,-1,-1
485,837,836.42,718.7,52.26,116.33,0.9717,-1,-1,-1
485,839,1217.6,205.56,42.04,63.09,0.9679,-1,-1,-1
485,841,1477.34,310.8,44.4,74.81,0.9634,-1,-1,-1
485,834,1032.72,506.33,31.67,98.98,0.9607,-1,-1,-1
485,845,1487.83,448.91,33.24,82.27,0.9583,-1,-1,-1
485,836,1207.86,317.92,31.6,75.37,0.9555,-1,-1,-1
485,842,1668.21,230.45,26.62,62.58,0.9547,-1,-1,-1
485,874,185.86,681.83,34.54,123.76,0.9515,-1,-1,-1
485,843,1243.84,343.14,32.77,73.63,0.949,-1,-1,-1
485,897,185.58,288.55,28.85,75.54,0.948,-1,-1,-1
485,849,1610.98,458.45,33.46,79.74,0.9333,-1,-1,-1
486,875,570.85,506.43,43.34,97.83,0.9776,-1,-1,-1
486,837,836.46,718.72,52.13,116.27,0.972,-1,-1,-1
486,839,1217.64,205.55,41.97,63.16,0.9679,-1,-1,-1
486,841,1477.31,310.79,44.43,74.77,0.9636,-1,-1,-1
486,834,1032.8,506.33,31.61,99.01,0.9606,-1,-1,-1
486,845,1487.84,448.98,33.24,82.26,0.9582,-1,-1,-1
486,836,1207.88,317.93,31.6,75.27,0.9555,-1,-1,-1
486,842,1668.22,230.45,26.71,62.58,0.955,-1,-1,-1
486,874,185.9,681.83,34.48,123.78,0.9513,-1,-1,-1
486,897,185.58,288.53,28.84,75.55,0.9481,-1,-1,-1
486,843,1243.75,343.13,33.01,73.67,0.948,-1,-1,-1
486,849,1610.96,458.58,33.55,79.61,0.9341,-1,-1,-1
487,837,837.12,717.88,45.5,114.63,0.9769,-1,-1,-1
487,875,567.42,507.32,45.26,95.54,0.9766,-1,-1,-1
487,839,1210.93,204.71,43.21,65.22,0.972,-1,-1,-1
487,834,1020.85,506.66,38.7,97.0,0.9692,-1,-1,-1
487,841,1476.24,312.88,42.96,73.55,0.9657,-1,-1,-1
487,845,1486.02,451.75,34.55,80.46,0.9597,-1,-1,-1
487,843,1239.93,344.04,35.3,73.21,0.959,-1,-1,-1
487,842,1664.21,232.52,27.7,61.0,0.9519,-1,-1,-1
487,874,187.02,681.29,34.71,123.94,0.9503,-1,-1,-1
487,849,1603.42,458.32,33.78,80.0,0.9481,-1,-1,-1
487,836,1206.67,320.27,31.44,74.18,0.9458,-1,-1,-1
487,897,187.52,292.74,26.22,71.21,0.9235,-1,-1,-1
488,875,561.64,508.38,51.01,94.75,0.9715,-1,-1,-1
488,837,836.9,715.99,40.77,116.62,0.9711,-1,-1,-1
488,834,1012.01,506.45,41.56,96.33,0.967,-1,-1,-1
488,841,1474.69,313.36,42.23,73.2,0.965,-1,-1,-1
488,839,1206.69,207.65,42.29,64.73,0.9635,-1,-1,-1
488,845,1487.52,455.64,34.34,76.88,0.9598,-1,-1,-1
488,843,1236.94,345.55,32.8,70.9,0.9587,-1,-1,-1
488,842,1660.71,234.47,29.58,60.64,0.9537,-1,-1,-1
488,874,187.05,681.37,34.9,123.54,0.9519,-1,-1,-1
488,849,1598.23,458.91,31.87,78.8,0.9429,-1,-1,-1
488,836,1206.87,323.0,29.69,72.02,0.9409,-1,-1,-1
488,897,187.9,297.93,24.49,66.21,0.8762,-1,-1,-1
489,834,1003.89,508.73,44.13,95.78,0.9752,-1,-1,-1
489,875,561.35,509.95,52.34,93.82,0.9715,-1,-1,-1
489,837,834.08,713.18,39.45,116.91,0.9703,-1,-1,-1
489,841,1475.25,312.62,38.8,73.25,0.9661,-1,-1,-1
489,839,1204.0,208.99,37.38,63.36,0.9594,-1,-1,-1
489,845,1488.54,457.35,35.05,75.98,0.9582,-1,-1,-1
489,843,1235.26,345.72,31.44,69.77,0.9577,-1,-1,-1
489,874,186.76,681.47,35.93,123.29,0.9546,-1,-1,-1
489,842,1659.31,236.46,30.8,59.75,0.9504,-1,-1,-1
489,836,1206.89,326.01,28.0,71.41,0.9497,-1,-1,-1
489,849,1591.69,459.04,33.02,79.65,0.9465,-1,-1,-1
489,897,187.21,294.74,24.5,69.79,0.8449,-1,-1,-1
490,834,997.11,511.8,49.82,93.08,0.9726,-1,-1,-1
490,875,560.86,509.79,55.38,94.49,0.9714,-1,-1,-1
490,837,830.39,713.61,39.99,117.87,0.9705,-1,-1,-1
490,849,1578.48,458.41,42.93,80.33,0.969,-1,-1,-1
490,842,1654.37,237.4,34.98,59.34,0.9642,-1,-1,-1
490,874,186.7,681.98,36.2,121.19,0.9613,-1,-1,-1
490,845,1489.63,456.95,36.25,82.29,0.9594,-1,-1,-1
490,841,1476.47,312.15,33.63,73.12,0.9582,-1,-1,-1
490,843,1232.29,345.68,32.4,73.67,0.9509,-1,-1,-1
490,836,1205.21,327.55,26.42,69.27,0.9501,-1,-1,-1
490,839,1197.04,209.93,34.04,63.0,0.9414,-1,-1,-1
490,897,187.22,290.89,23.9,73.57,0.9045,-1,-1,-1
491,834,990.39,514.53,55.27,91.11,0.977,-1,-1,-1
491,875,561.01,509.95,59.66,92.44,0.9755,-1,-1,-1
491,837,824.98,712.47,42.02,119.46,0.9717,-1,-1,-1
491,845,1489.69,458.15,37.83,85.4,0.9667,-1,-1,-1
491,849,1570.75,458.95,47.5,80.8,0.9666,-1,-1,-1
491,842,1651.28,238.41,36.79,59.47,0.9664,-1,-1,-1
491,874,186.52,682.18,36.7,121.22,0.9647,-1,-1,-1
491,843,1227.93,345.98,34.38,75.59,0.9592,-1,-1,-1
491,836,1203.03,328.29,25.71,67.65,0.9444,-1,-1,-1
491,841,1475.83,311.41,28.9,74.43,0.9439,-1,-1,-1
491,839,1191.61,208.2,29.11,64.24,0.9369,-1,-1,-1
491,897,186.69,289.39,23.35,75.13,0.9339,-1,-1,-1
492,834,990.4,514.58,55.23,91.05,0.9771,-1,-1,-1
492,875,561.02,509.94,59.65,92.45,0.9755,-1,-1,-1
492,837,824.92,712.45,42.1,119.45,0.9719,-1,-1,-1
492,849,1570.73,458.94,47.49,80.82,0.9666,-1,-1,-1
492,845,1489.66,458.09,37.8,85.55,0.9662,-1,-1,-1
492,842,1651.27,238.42,36.78,59.46,0.9661,-1,-1,-1
492,874,186.51,682.18,36.71,121.25,0.9648,-1,-1,-1
492,843,1227.98,345.97,34.21,75.71,0.9586,-1,-1,-1
492,836,1203.12,328.31,25.61,67.57,0.9447,-1,-1,-1
492,841,1476.36,311.45,28.31,74.39,0.9444,-1,-1,-1
492,839,1191.62,208.18,29.05,64.28,0.936,-1,-1,-1
492,897,186.69,289.48,23.32,75.03,0.9321,-1,-1,-1
493,834,985.86,514.64,59.32,90.43,0.9751,-1,-1,-1
493,875,561.18,508.58,60.87,93.59,0.9742,-1,-1,-1
493,837,815.79,711.71,47.11,119.8,0.9705,-1,-1,-1
493,849,1565.27,460.07,50.2,81.21,0.9694,-1,-1,-1
493,842,1647.41,239.63,37.97,58.24,0.9672,-1,-1,-1
493,874,186.12,682.54,36.97,120.91,0.9666,-1,-1,-1
493,845,1489.42,459.08,38.55,88.04,0.9664,-1,-1,-1
493,843,1222.94,346.9,34.07,75.91,0.9589,-1,-1,-1
493,836,1201.44,327.73,25.43,72.45,0.9544,-1,-1,-1
493,897,185.42,288.71,23.93,76.22,0.9436,-1,-1,-1
493,839,1186.22,207.48,29.43,64.8,0.938,-1,-1,-1
493,841,1473.14,309.74,27.1,75.51,0.876,-1,-1,-1
494,875,560.49,506.98,62.01,94.47,0.9738,-1,-1,-1
494,837,804.76,711.42,54.01,120.53,0.9733,-1,-1,-1
494,834,983.23,514.8,58.87,90.27,0.973,-1,-1,-1
494,874,185.18,682.93,38.26,121.81,0.9712,-1,-1,-1
494,849,1561.34,462.64,50.33,79.95,0.9681,-1,-1,-1
494,845,1489.48,461.67,38.05,88.42,0.9666,-1,-1,-1
494,842,1644.67,239.73,34.24,58.05,0.9555,-1,-1,-1
494,839,1179.29,206.72,32.77,64.87,0.9548,-1,-1,-1
494,843,1218.01,349.6,33.99,76.12,0.9512,-1,-1,-1
494,836,1197.9,330.5,24.87,74.73,0.9502,-1,-1,-1
494,897,184.49,289.15,23.52,75.69,0.9394,-1,-1,-1
494,841,1469.91,309.48,25.11,74.82,0.9379,-1,-1,-1
495,834,981.72,515.17,55.84,89.87,0.9736,-1,-1,-1
495,837,796.67,711.81,58.38,120.7,0.973,-1,-1,-1
495,874,183.68,683.68,39.22,122.27,0.9723,-1,-1,-1
495,875,562.26,506.21,60.07,94.94,0.9706,-1,-1,-1
495,849,1558.7,463.73,45.43,79.47,0.9697,-1,-1,-1
495,845,1490.33,465.96,36.92,86.5,0.9649,-1,-1,-1
495,839,1170.85,207.62,37.13,65.01,0.9583,-1,-1,-1
495,842,1640.26,241.13,29.96,56.96,0.9525,-1,-1,-1
495,836,1194.77,331.12,23.34,75.44,0.95,-1,-1,-1
495,897,183.27,289.62,23.34,75.58,0.9422,-1,-1,-1
495,841,1466.72,310.22,24.32,75.82,0.9376,-1,-1,-1
495,843,1213.61,352.61,30.43,74.0,0.9054,-1,-1,-1
496,834,978.31,512.87,51.72,91.01,0.974,-1,-1,-1
496,875,559.17,504.02,61.1,98.5,0.9719,-1,-1,-1
496,837,792.99,712.63,56.73,119.06,0.9718,-1,-1,-1
496,874,181.54,684.09,41.95,123.85,0.9711,-1,-1,-1
496,849,1554.97,465.7,38.98,77.91,0.9673,-1,-1,-1
496,839,1161.28,208.12,42.11,65.71,0.9642,-1,-1,-1
496,845,1488.42,468.87,37.1,83.55,0.963,-1,-1,-1
496,836,1190.39,332.55,23.56,74.61,0.9518,-1,-1,-1
496,843,1210.0,354.43,25.28,71.87,0.9505,-1,-1,-1
496,842,1634.43,241.35,29.39,56.33,0.9497,-1,-1,-1
496,897,182.08,289.04,22.16,75.39,0.9197,-1,-1,-1
496,841,1460.77,308.83,27.36,76.78,0.9116,-1,-1,-1
497,874,178.95,684.98,44.03,123.51,0.9735,-1,-1,-1
497,834,975.54,511.45,43.36,92.02,0.973,-1,-1,-1
497,837,790.91,712.11,55.48,119.22,0.9726,-1,-1,-1
497,875,556.58,502.76,59.26,99.69,0.9684,-1,-1,-1
497,842,1624.17,241.21,38.08,57.1,0.9638,-1,-1,-1
497,849,1550.06,466.7,37.81,80.51,0.9635,-1,-1,-1
497,839,1154.03,209.52,43.39,64.63,0.9592,-1,-1,-1
497,845,1486.53,470.66,36.54,82.38,0.9584,-1,-1,-1
497,841,1455.87,308.12,28.79,76.36,0.9481,-1,-1,-1
497,836,1185.61,334.91,24.99,76.33,0.9412,-1,-1,-1
497,897,179.69,289.53,22.86,75.65,0.9349,-1,-1,-1
497,843,1203.78,357.07,24.27,69.75,0.9325,-1,-1,-1
498,874,178.95,684.97,44.04,123.51,0.9735,-1,-1,-1
498,834,975.54,511.45,43.3,92.01,0.973,-1,-1,-1
498,837,790.87,712.12,55.52,119.24,0.9726,-1,-1,-1
498,875,556.56,502.75,59.25,99.71,0.9684,-1,-1,-1
498,842,1624.15,241.18,38.1,57.14,0.9639,-1,-1,-1
498,849,1549.99,466.72,37.89,80.49,0.9636,-1,-1,-1
498,839,1154.02,209.51,43.39,64.65,0.9592,-1,-1,-1
498,845,1486.54,470.59,36.55,82.43,0.9584,-1,-1,-1
498,841,1455.87,308.12,28.79,76.36,0.948,-1,-1,-1
498,836,1185.6,334.89,24.96,76.32,0.9414,-1,-1,-1
498,897,179.69,289.53,22.87,75.65,0.935,-1,-1,-1
498,843,1203.77,357.09,24.31,69.74,0.9326,-1,-1,-1
499,874,176.01,685.08,45.66,124.84,0.9757,-1,-1,-1
499,837,789.2,712.79,54.17,118.1,0.9698,-1,-1,-1
499,834,969.52,510.42,36.85,92.36,0.9675,-1,-1,-1
499,875,557.17,501.43,53.87,99.53,0.9672,-1,-1,-1
499,849,1544.34,465.21,39.04,84.07,0.9664,-1,-1,-1
499,842,1616.79,240.32,42.11,56.92,0.9661,-1,-1,-1
499,839,1148.16,211.17,40.87,64.37,0.9643,-1,-1,-1
499,845,1486.72,472.62,33.34,80.07,0.9635,-1,-1,-1
499,841,1450.92,308.35,29.89,76.95,0.9561,-1,-1,-1
499,836,1181.48,338.89,25.13,69.42,0.9409,-1,-1,-1
499,843,1198.04,357.68,24.4,68.63,0.9403,-1,-1,-1
499,897,177.64,288.99,22.83,76.39,0.9387,-1,-1,-1
500,837,786.65,712.25,53.35,117.4,0.9772,-1,-1,-1
500,874,174.22,686.22,47.05,124.8,0.9765,-1,-1,-1
500,842,1612.33,240.04,42.0,57.63,0.9683,-1,-1,-1
500,849,1539.71,465.66,39.03,84.65,0.9659,-1,-1,-1
500,845,1486.78,473.19,31.68,85.64,0.9602,-1,-1,-1
500,839,1141.83,213.51,37.13,62.47,0.9578,-1,-1,-1
500,875,556.02,501.51,56.92,96.13,0.9577,-1,-1,-1
500,834,962.97,509.93,31.66,93.5,0.9572,-1,-1,-1
500,843,1186.7,356.78,31.89,71.21,0.952,-1,-1,-1
500,897,175.61,289.07,23.41,76.45,0.9452,-1,-1,-1
500,841,1449.19,309.02,29.06,76.88,0.9244,-1,-1,-1
500,836,1176.18,341.44,23.69,55.74,0.8776,-1,-1,-1
501,837,783.4,712.52,51.71,116.42,0.9772,-1,-1,-1
501,874,172.39,688.02,47.37,124.79,0.9739,-1,-1,-1
501,842,1607.21,239.97,42.73,56.76,0.9736,-1,-1,-1
501,849,1534.7,466.0,39.29,84.86,0.9696,-1,-1,-1
501,875,552.52,502.66,61.31,85.92,0.962,-1,-1,-1
501,845,1486.85,476.01,29.39,88.57,0.9596,-1,-1,-1
501,834,956.95,509.93,32.27,93.44,0.9587,-1,-1,-1
501,841,1446.03,309.61,28.73,76.03,0.9549,-1,-1,-1
501,897,173.65,289.72,23.37,76.39,0.9481,-1,-1,-1
501,843,1175.36,349.95,39.99,80.38,0.9407,-1,-1,-1
501,839,1136.56,213.92,29.83,62.18,0.9374,-1,-1,-1
501,836,1170.2,340.66,29.03,66.87,0.7273,-1,-1,-1
502,837,780.27,710.47,51.4,117.5,0.971,-1,-1,-1
502,874,171.65,688.94,44.31,124.16,0.9695,-1,-1,-1
502,842,1600.57,239.87,41.38,56.66,0.9676,-1,-1,-1
502,834,944.13,511.16,39.08,95.71,0.966,-1,-1,-1
502,849,1528.01,468.84,39.07,83.17,0.9659,-1,-1,-1
502,845,1486.02,478.19,28.86,89.89,0.9594,-1,-1,-1
502,875,552.05,503.26,63.8,83.25,0.9568,-1,-1,-1
502,841,1443.67,310.44,27.32,77.18,0.9549,-1,-1,-1
502,843,1167.22,355.68,43.43,76.46,0.9527,-1,-1,-1
502,897,171.32,290.19,22.35,75.52,0.9417,-1,-1,-1
502,839,1128.31,213.14,25.71,62.86,0.941,-1,-1,-1
502,836,1163.0,341.97,28.23,52.68,0.66,-1,-1,-1
503,837,774.34,708.9,52.14,116.47,0.9724,-1,-1,-1
503,874,168.12,690.52,43.86,122.76,0.9689,-1,-1,-1
503,834,939.96,513.54,38.21,93.86,0.9684,-1,-1,-1
503,849,1522.37,469.38,38.31,86.77,0.9669,-1,-1,-1
503,843,1156.37,345.59,50.23,90.69,0.9624,-1,-1,-1
503,845,1483.83,480.78,29.34,91.91,0.9596,-1,-1,-1
503,842,1592.59,240.08,38.58,57.82,0.9559,-1,-1,-1
503,875,554.08,503.69,63.03,84.46,0.9538,-1,-1,-1
503,841,1440.63,311.33,26.65,75.41,0.9526,-1,-1,-1
503,839,1119.45,211.99,29.67,64.29,0.9481,-1,-1,-1
503,897,168.72,288.89,22.77,76.3,0.9142,-1,-1,-1
504,837,774.27,708.85,52.23,116.69,0.9722,-1,-1,-1
504,874,168.15,690.54,43.87,122.79,0.9689,-1,-1,-1
504,834,939.92,513.55,38.26,93.82,0.9686,-1,-1,-1
504,849,1522.46,469.37,38.26,86.75,0.9669,-1,-1,-1
504,843,1156.31,345.66,50.29,90.59,0.9618,-1,-1,-1
504,845,1483.83,480.78,29.32,91.9,0.9596,-1,-1,-1
504,842,1592.64,240.13,38.43,57.6,0.9574,-1,-1,-1
504,875,554.09,503.69,63.0,84.48,0.9543,-1,-1,-1
504,841,1440.59,311.35,26.67,75.38,0.9526,-1,-1,-1
504,839,1119.47,211.79,29.77,64.49,0.9494,-1,-1,-1
504,897,168.71,288.87,22.78,76.35,0.9143,-1,-1,-1
505,874,165.64,691.93,45.59,121.44,0.9734,-1,-1,-1
505,837,769.1,708.99,52.4,115.38,0.973,-1,-1,-1
505,834,932.73,515.56,40.57,92.33,0.9646,-1,-1,-1
505,845,1481.99,485.47,29.16,92.33,0.9592,-1,-1,-1
505,839,1113.11,211.58,31.58,64.7,0.9554,-1,-1,-1
505,875,560.68,505.44,54.39,81.74,0.9546,-1,-1,-1
505,842,1584.1,240.75,35.43,57.71,0.948,-1,-1,-1
505,843,1153.06,347.24,46.29,92.96,0.9477,-1,-1,-1
505,841,1438.82,311.51,25.16,75.1,0.9377,-1,-1,-1
505,897,167.58,289.27,22.87,77.14,0.9296,-1,-1,-1
505,849,1518.11,473.15,35.79,84.8,0.9293,-1,-1,-1
506,874,165.24,692.54,44.2,122.56,0.973,-1,-1,-1
506,842,1572.37,242.79,41.87,56.28,0.968,-1,-1,-1
506,837,763.31,709.82,56.1,115.86,0.9659,-1,-1,-1
506,834,924.15,517.74,46.44,91.86,0.9658,-1,-1,-1
506,875,567.84,506.42,69.58,83.93,0.9585,-1,-1,-1
506,839,1103.48,213.46,36.44,63.59,0.9544,-1,-1,-1
506,849,1514.81,473.72,32.14,85.88,0.9511,-1,-1,-1
506,843,1150.92,363.06,37.75,76.11,0.9477,-1,-1,-1
506,845,1479.29,489.85,30.75,88.89,0.9429,-1,-1,-1
506,897,166.36,290.29,24.38,76.4,0.9424,-1,-1,-1
506,841,1436.71,312.33,24.22,74.72,0.9416,-1,-1,-1
506,836,1144.94,344.64,32.7,48.82,0.8972,-1,-1,-1
507,837,759.38,709.54,55.71,117.02,0.9718,-1,-1,-1
507,875,568.87,506.76,48.86,82.45,0.9699,-1,-1,-1
507,874,165.69,693.77,41.65,123.63,0.9692,-1,-1,-1
507,842,1563.92,243.67,47.69,55.36,0.9686,-1,-1,-1
507,839,1089.61,213.97,44.51,65.58,0.9675,-1,-1,-1
507,834,917.17,517.61,49.75,92.8,0.9646,-1,-1,-1
507,845,1476.85,492.41,32.39,87.79,0.9605,-1,-1,-1
507,849,1510.77,475.07,29.88,85.68,0.9519,-1,-1,-1
507,841,1434.1,313.94,24.4,74.6,0.9494,-1,-1,-1
507,897,164.45,290.82,25.26,75.77,0.9406,-1,-1,-1
507,843,1144.99,367.57,33.99,72.25,0.9362,-1,-1,-1
507,836,1139.58,345.45,33.23,55.51,0.8835,-1,-1,-1
508,875,568.7,504.73,44.57,85.24,0.9716,-1,-1,-1
508,837,756.45,710.04,53.57,117.84,0.9704,-1,-1,-1
508,845,1474.01,495.0,34.68,85.99,0.9661,-1,-1,-1
508,839,1083.44,216.45,44.72,64.3,0.9659,-1,-1,-1
508,842,1560.87,245.07,46.23,55.5,0.9629,-1,-1,-1
508,874,167.68,695.66,35.31,122.24,0.9593,-1,-1,-1
508,841,1431.37,314.57,24.22,75.2,0.9506,-1,-1,-1
508,849,1507.49,477.72,27.7,82.91,0.9486,-1,-1,-1
508,843,1138.18,369.64,33.35,71.73,0.9421,-1,-1,-1
508,897,162.4,291.25,26.94,75.05,0.9392,-1,-1,-1
508,834,911.6,519.22,47.33,91.28,0.8892,-1,-1,-1
508,900,1893.33,393.64,26.67,88.11,0.8876,-1,-1,-1
508,836,1137.03,352.0,28.98,33.72,0.8377,-1,-1,-1
509,834,908.83,515.78,46.59,94.54,0.9721,-1,-1,-1
509,837,755.43,710.91,53.3,118.36,0.9689,-1,-1,-1
509,842,1553.86,246.15,44.87,57.62,0.9637,-1,-1,-1
509,839,1079.38,219.8,40.64,63.46,0.961,-1,-1,-1
509,845,1471.58,496.78,35.04,88.18,0.9603,-1,-1,-1
509,875,566.97,502.85,36.41,88.07,0.9541,-1,-1,-1
509,874,169.47,697.22,32.18,122.04,0.9493,-1,-1,-1
509,897,160.59,292.63,27.11,73.48,0.9473,-1,-1,-1
509,841,1429.47,315.92,23.11,74.8,0.9423,-1,-1,-1
509,843,1132.59,366.86,31.91,75.97,0.9377,-1,-1,-1
509,849,1501.07,480.33,28.91,82.23,0.9373,-1,-1,-1
509,900,1883.9,391.65,36.1,89.58,0.9311,-1,-1,-1
509,836,1132.03,352.89,30.58,44.35,0.585,-1,-1,-1
510,834,908.83,515.8,46.61,94.52,0.9721,-1,-1,-1
510,837,755.41,710.91,53.38,118.37,0.9689,-1,-1,-1
510,842,1553.84,246.16,44.89,57.61,0.9636,-1,-1,-1
510,839,1079.38,220.03,40.67,63.22,0.9615,-1,-1,-1
510,845,1471.59,496.78,35.06,88.08,0.9601,-1,-1,-1
510,875,566.94,502.87,36.36,88.0,0.9536,-1,-1,-1
510,874,169.5,697.2,32.13,122.0,0.9492,-1,-1,-1
510,897,160.59,292.66,27.13,73.47,0.9465,-1,-1,-1
510,841,1429.45,315.9,23.1,74.78,0.9421,-1,-1,-1
510,843,1132.97,368.26,31.61,74.29,0.9379,-1,-1,-1
510,849,1501.32,480.24,28.63,82.28,0.9367,-1,-1,-1
510,900,1883.93,391.3,36.07,89.91,0.9308,-1,-1,-1
510,836,1131.93,352.88,30.65,44.94,0.6176,-1,-1,-1
510,901,1906.01,179.82,13.83,61.04,0.5982,-1,-1,-1
511,837,753.61,711.24,50.87,118.8,0.9697,-1,-1,-1
511,834,905.9,514.02,42.55,93.75,0.9696,-1,-1,-1
511,900,1876.42,397.62,43.58,84.66,0.9632,-1,-1,-1
511,875,564.81,501.19,36.67,90.73,0.9565,-1,-1,-1
511,842,1546.01,248.47,39.14,56.76,0.9547,-1,-1,-1
511,845,1469.83,499.58,36.07,93.36,0.953,-1,-1,-1
511,839,1075.19,222.23,34.25,62.56,0.9498,-1,-1,-1
511,841,1424.39,317.4,25.53,74.3,0.9479,-1,-1,-1
511,874,173.27,700.34,29.29,121.17,0.9478,-1,-1,-1
511,849,1500.69,482.54,24.56,81.19,0.9453,-1,-1,-1
511,897,159.06,293.53,26.72,73.37,0.932,-1,-1,-1
511,843,1127.66,366.22,28.48,81.62,0.9171,-1,-1,-1
511,901,1897.69,184.97,22.31,53.89,0.7017,-1,-1,-1
512,837,751.03,711.47,49.7,119.96,0.9751,-1,-1,-1
512,834,904.02,515.28,38.76,90.53,0.9664,-1,-1,-1
512,875,561.32,499.65,37.39,93.04,0.9648,-1,-1,-1
512,842,1534.29,250.87,36.65,55.08,0.9592,-1,-1,-1
512,845,1467.24,501.22,36.05,95.1,0.9528,-1,-1,-1
512,900,1873.27,399.18,46.73,84.08,0.9524,-1,-1,-1
512,839,1068.98,222.43,29.4,64.75,0.9497,-1,-1,-1
512,874,173.67,702.6,29.19,119.71,0.9496,-1,-1,-1
512,841,1422.41,318.85,24.35,73.91,0.9432,-1,-1,-1
512,849,1496.03,482.23,23.66,83.04,0.937,-1,-1,-1
512,897,156.72,293.76,28.59,73.88,0.9316,-1,-1,-1
512,901,1886.55,186.53,33.32,51.97,0.9275,-1,-1,-1
512,843,1123.93,371.26,25.97,77.47,0.9172,-1,-1,-1
512,836,1122.39,357.88,25.7,58.06,0.5881,-1,-1,-1
513,837,749.26,713.18,48.36,119.18,0.9766,-1,-1,-1
513,834,901.77,514.89,37.8,88.79,0.9722,-1,-1,-1
513,842,1525.08,253.02,40.1,54.43,0.9675,-1,-1,-1
513,875,558.38,498.92,37.46,94.86,0.9668,-1,-1,-1
513,845,1465.1,505.54,39.33,99.46,0.9609,-1,-1,-1
513,900,1868.35,410.85,51.65,74.98,0.9582,-1,-1,-1
513,841,1420.48,319.86,24.27,73.98,0.9513,-1,-1,-1
513,897,155.04,295.84,31.68,74.48,0.9498,-1,-1,-1
513,839,1060.74,221.97,25.95,66.23,0.9492,-1,-1,-1
513,874,171.13,703.59,33.22,121.79,0.9453,-1,-1,-1
513,901,1876.82,187.2,42.46,52.53,0.9435,-1,-1,-1
513,849,1493.12,487.52,23.42,80.32,0.9409,-1,-1,-1
513,843,1116.89,372.0,27.98,79.95,0.9325,-1,-1,-1
513,836,1117.98,357.56,23.29,58.07,0.3073,-1,-1,-1
514,837,747.27,713.47,47.62,119.91,0.9743,-1,-1,-1
514,900,1863.34,402.22,55.84,85.88,0.9692,-1,-1,-1
514,875,553.74,498.15,38.07,95.24,0.9689,-1,-1,-1
514,874,170.17,705.31,36.85,122.18,0.9659,-1,-1,-1
514,834,900.3,515.11,35.66,86.07,0.961,-1,-1,-1
514,842,1512.73,253.41,49.29,54.93,0.9592,-1,-1,-1
514,845,1462.89,511.89,42.95,99.23,0.9547,-1,-1,-1
514,839,1054.16,222.84,24.79,66.71,0.9535,-1,-1,-1
514,901,1869.51,187.53,44.86,52.71,0.9533,-1,-1,-1
514,841,1418.39,321.59,23.9,73.53,0.9497,-1,-1,-1
514,843,1110.06,372.07,31.25,84.62,0.9402,-1,-1,-1
514,897,152.28,298.51,35.41,73.04,0.9274,-1,-1,-1
514,849,1487.88,492.31,25.37,78.31,0.9183,-1,-1,-1
515,842,1500.09,252.05,54.93,56.75,0.9718,-1,-1,-1
515,874,167.94,706.14,47.54,122.37,0.9712,-1,-1,-1
515,837,745.2,714.4,45.73,119.93,0.9708,-1,-1,-1
515,845,1459.61,515.89,43.19,98.67,0.9692,-1,-1,-1
515,834,893.21,514.66,40.76,89.28,0.9687,-1,-1,-1
515,875,550.54,498.8,38.93,95.12,0.9673,-1,-1,-1
515,900,1859.98,405.76,52.88,83.62,0.9623,-1,-1,-1
515,901,1864.81,186.85,43.37,52.95,0.9611,-1,-1,-1
515,839,1047.8,223.72,25.03,67.42,0.9526,-1,-1,-1
515,897,150.85,298.8,36.23,73.57,0.952,-1,-1,-1
515,849,1484.24,496.31,24.02,80.45,0.9382,-1,-1,-1
515,841,1417.75,322.48,22.1,73.54,0.9335,-1,-1,-1
515,843,1106.78,384.64,29.96,75.75,0.9129,-1,-1,-1
515,836,1103.78,363.84,22.67,68.74,0.8139,-1,-1,-1
516,842,1499.98,252.02,55.02,56.78,0.9719,-1,-1,-1
516,874,167.99,706.11,47.35,122.35,0.9711,-1,-1,-1
516,837,745.22,714.41,45.75,119.92,0.9709,-1,-1,-1
516,845,1459.6,515.87,43.26,98.68,0.9693,-1,-1,-1
516,834,893.15,514.68,40.85,89.27,0.9687,-1,-1,-1
516,875,550.54,498.8,38.9,95.11,0.9672,-1,-1,-1
516,900,1860.04,406.15,52.84,83.23,0.9618,-1,-1,-1
516,901,1864.7,186.87,43.45,52.91,0.9615,-1,-1,-1
516,839,1047.78,223.72,25.04,67.37,0.9526,-1,-1,-1
516,897,150.85,298.75,36.25,73.6,0.9522,-1,-1,-1
516,849,1484.22,496.32,24.04,80.47,0.9381,-1,-1,-1
516,841,1417.81,322.47,22.01,73.58,0.9332,-1,-1,-1
516,843,1106.68,384.52,30.05,76.01,0.9141,-1,-1,-1
516,836,1103.82,364.03,22.75,68.76,0.8048,-1,-1,-1
517,837,744.04,715.3,44.67,119.52,0.9735,-1,-1,-1
517,834,889.51,514.44,42.52,90.48,0.9732,-1,-1,-1
517,875,547.12,499.89,41.88,95.38,0.9701,-1,-1,-1
517,874,165.2,707.28,55.96,123.01,0.9689,-1,-1,-1
517,845,1457.15,520.87,40.08,94.76,0.9653,-1,-1,-1
517,900,1857.79,404.37,46.55,83.64,0.9622,-1,-1,-1
517,897,149.22,299.84,36.15,73.39,0.9598,-1,-1,-1
517,839,1039.3,224.83,28.52,66.1,0.9568,-1,-1,-1
517,842,1499.0,253.26,47.24,54.1,0.9567,-1,-1,-1
517,901,1861.11,187.66,41.92,52.33,0.9558,-1,-1,-1
517,841,1415.18,323.31,22.38,73.96,0.9409,-1,-1,-1
517,849,1481.02,499.77,22.15,80.1,0.9144,-1,-1,-1
517,843,1096.13,386.39,35.97,77.76,0.8941,-1,-1,-1
518,837,742.07,715.55,43.22,118.7,0.9737,-1,-1,-1
518,834,888.0,514.66,41.73,90.61,0.9726,-1,-1,-1
518,875,542.97,502.21,44.85,95.31,0.9702,-1,-1,-1
518,874,161.48,709.13,62.15,123.19,0.9633,-1,-1,-1
518,897,146.03,301.25,36.19,73.21,0.96,-1,-1,-1
518,839,1032.2,226.54,27.66,66.23,0.9571,-1,-1,-1
518,900,1856.02,405.6,40.85,83.57,0.9527,-1,-1,-1
518,845,1458.88,523.45,35.54,91.9,0.9477,-1,-1,-1
518,901,1858.68,188.29,38.27,52.46,0.9427,-1,-1,-1
518,842,1491.03,254.15,39.13,53.97,0.9425,-1,-1,-1
518,841,1413.94,323.48,21.89,74.98,0.9413,-1,-1,-1
518,849,1477.29,503.76,21.94,77.18,0.8891,-1,-1,-1
518,843,1093.55,389.81,36.64,74.62,0.8581,-1,-1,-1
518,836,1091.18,368.11,25.95,70.53,0.7615,-1,-1,-1
519,837,737.58,715.49,46.11,118.84,0.9768,-1,-1,-1
519,875,539.66,504.12,45.47,94.78,0.9718,-1,-1,-1
519,874,159.09,711.06,65.03,123.27,0.9699,-1,-1,-1
519,834,888.02,514.58,39.53,90.99,0.9684,-1,-1,-1
519,842,1480.73,255.47,35.42,53.35,0.9524,-1,-1,-1
519,839,1025.41,227.95,24.9,66.42,0.9512,-1,-1,-1
519,897,143.68,302.18,35.32,73.84,0.9442,-1,-1,-1
519,841,1412.66,323.67,21.32,74.88,0.9441,-1,-1,-1
519,845,1459.7,523.96,32.64,92.97,0.9435,-1,-1,-1
519,900,1855.64,413.1,31.18,76.27,0.8929,-1,-1,-1
519,843,1087.68,388.79,41.54,72.83,0.8566,-1,-1,-1
519,901,1853.43,189.9,35.66,50.89,0.8417,-1,-1,-1
519,836,1085.15,372.61,24.18,67.53,0.7702,-1,-1,-1
519,849,1472.25,504.53,24.33,73.97,0.7369,-1,-1,-1
520,837,734.68,715.57,45.17,119.23,0.9763,-1,-1,-1
520,874,152.64,712.07,68.2,124.83,0.9753,-1,-1,-1
520,875,534.58,505.21,45.99,93.07,0.9744,-1,-1,-1
520,842,1469.9,255.96,40.91,52.69,0.9622,-1,-1,-1
520,845,1457.52,524.34,33.07,99.16,0.9564,-1,-1,-1
520,834,887.9,515.58,36.97,90.52,0.9544,-1,-1,-1
520,897,139.24,302.09,34.7,73.71,0.9487,-1,-1,-1
520,841,1410.24,324.4,21.88,74.67,0.9443,-1,-1,-1
520,839,1019.82,229.38,21.06,66.05,0.9379,-1,-1,-1
520,901,1845.81,190.73,31.03,51.11,0.8438,-1,-1,-1
520,900,1853.93,411.01,24.75,75.16,0.8234,-1,-1,-1
520,843,1076.44,392.22,39.65,73.15,0.7918,-1,-1,-1
520,902,1902.54,391.5,16.76,54.83,0.7476,-1,-1,-1
520,849,1469.68,506.75,24.25,72.85,0.735,-1,-1,-1
520,836,1078.03,374.22,27.24,65.33,0.5893,-1,-1,-1
521,837,729.54,716.47,46.42,114.95,0.9774,-1,-1,-1
521,874,148.52,713.51,66.62,124.75,0.9764,-1,-1,-1
521,875,529.28,505.9,45.09,93.72,0.9697,-1,-1,-1
521,842,1461.18,255.15,45.09,51.95,0.9632,-1,-1,-1
521,834,885.77,514.96,37.21,91.68,0.9629,-1,-1,-1
521,843,1063.39,383.81,43.92,84.52,0.9559,-1,-1,-1
521,841,1406.0,324.1,23.78,76.16,0.9485,-1,-1,-1
521,845,1453.79,527.08,34.21,100.15,0.948,-1,-1,-1
521,897,134.41,301.91,34.48,74.96,0.9467,-1,-1,-1
521,839,1010.25,231.25,22.26,64.71,0.9303,-1,-1,-1
521,901,1834.93,190.59,33.52,50.84,0.9246,-1,-1,-1
521,902,1896.28,363.49,23.72,80.85,0.8305,-1,-1,-1
521,849,1466.9,507.67,25.38,75.84,0.8042,-1,-1,-1
521,900,1847.52,410.36,26.69,78.05,0.7921,-1,-1,-1
522,837,729.5,716.48,46.46,115.11,0.9773,-1,-1,-1
522,874,148.57,713.51,66.5,124.68,0.9764,-1,-1,-1
522,875,529.21,505.84,45.19,93.82,0.9699,-1,-1,-1
522,842,1460.98,255.13,45.34,52.01,0.9641,-1,-1,-1
522,834,885.76,514.96,37.24,91.69,0.9636,-1,-1,-1
522,843,1063.57,383.38,43.78,85.13,0.9558,-1,-1,-1
522,845,1453.79,527.13,34.22,100.07,0.9484,-1,-1,-1
522,841,1405.99,324.11,23.78,76.14,0.9481,-1,-1,-1
522,897,134.37,301.91,34.48,75.0,0.9445,-1,-1,-1
522,839,1010.12,231.04,22.35,64.96,0.9284,-1,-1,-1
522,901,1835.05,190.69,33.33,50.68,0.9248,-1,-1,-1
522,902,1896.35,363.62,23.65,80.98,0.826,-1,-1,-1
522,849,1466.92,507.7,25.36,75.65,0.8104,-1,-1,-1
522,900,1847.55,411.12,26.51,77.38,0.77,-1,-1,-1
523,837,724.45,716.98,48.23,113.79,0.9789,-1,-1,-1
523,874,144.14,715.61,65.32,124.7,0.9779,-1,-1,-1
523,875,522.48,506.0,44.56,94.67,0.9757,-1,-1,-1
523,834,882.05,515.28,38.33,92.04,0.9661,-1,-1,-1
523,843,1056.71,377.1,45.81,93.21,0.9615,-1,-1,-1
523,842,1452.39,254.94,47.12,54.3,0.9611,-1,-1,-1
523,845,1451.75,533.61,33.2,99.42,0.9595,-1,-1,-1
523,897,130.32,301.54,32.95,76.55,0.9552,-1,-1,-1
523,841,1403.77,325.27,24.13,75.29,0.9475,-1,-1,-1
523,901,1826.43,190.83,38.25,50.69,0.9463,-1,-1,-1
523,839,1000.27,231.68,26.63,65.05,0.9452,-1,-1,-1
523,902,1892.05,369.77,27.94,75.22,0.9451,-1,-1,-1
523,900,1840.73,405.54,27.72,85.15,0.9394,-1,-1,-1
523,849,1463.54,511.24,27.72,71.72,0.8511,-1,-1,-1
524,874,143.4,717.07,62.85,123.71,0.9761,-1,-1,-1
524,875,512.13,504.77,48.12,96.29,0.9741,-1,-1,-1
524,837,720.98,717.27,47.97,113.56,0.9733,-1,-1,-1
524,834,879.73,516.53,38.36,90.65,0.9672,-1,-1,-1
524,843,1050.71,379.19,45.15,94.34,0.9662,-1,-1,-1
524,839,989.63,229.94,33.18,66.72,0.9604,-1,-1,-1
524,902,1888.47,371.76,31.37,73.9,0.9579,-1,-1,-1
524,841,1401.84,326.82,24.6,74.14,0.9538,-1,-1,-1
524,842,1442.38,254.73,43.49,56.23,0.9528,-1,-1,-1
524,901,1822.49,189.63,38.21,52.09,0.9524,-1,-1,-1
524,900,1830.88,406.64,35.13,84.38,0.9411,-1,-1,-1
524,845,1448.51,536.38,34.51,102.25,0.9411,-1,-1,-1
524,897,125.98,301.34,30.61,74.79,0.9357,-1,-1,-1
524,849,1460.59,513.12,28.73,71.67,0.6019,-1,-1,-1
525,837,715.06,718.86,49.03,112.97,0.9778,-1,-1,-1
525,874,142.51,718.56,56.57,124.51,0.9701,-1,-1,-1
525,834,878.14,516.65,37.03,90.14,0.9698,-1,-1,-1
525,900,1818.62,408.9,44.49,83.15,0.9696,-1,-1,-1
525,843,1047.33,374.56,41.51,100.74,0.9687,-1,-1,-1
525,875,504.69,504.36,43.34,96.33,0.9681,-1,-1,-1
525,839,976.65,229.27,40.21,67.39,0.9663,-1,-1,-1
525,902,1885.49,372.78,34.51,73.91,0.9614,-1,-1,-1
525,842,1430.8,255.48,39.28,55.79,0.9596,-1,-1,-1
525,845,1446.81,543.01,33.7,105.34,0.9567,-1,-1,-1
525,901,1817.29,186.99,38.74,52.19,0.9547,-1,-1,-1
525,841,1400.7,326.75,24.47,74.0,0.952,-1,-1,-1
525,849,1458.1,513.52,29.16,62.55,0.9437,-1,-1,-1
525,897,123.2,302.07,26.56,75.01,0.7922,-1,-1,-1
526,837,711.39,718.75,49.03,113.94,0.978,-1,-1,-1
526,874,140.16,718.88,50.41,127.27,0.9711,-1,-1,-1
526,875,496.77,504.06,38.97,97.7,0.969,-1,-1,-1
526,834,875.63,515.5,36.58,89.65,0.968,-1,-1,-1
526,839,965.09,229.83,46.96,66.21,0.9653,-1,-1,-1
526,902,1882.12,372.75,37.88,75.2,0.9646,-1,-1,-1
526,900,1811.57,409.37,50.48,81.81,0.9627,-1,-1,-1
526,845,1444.23,548.06,36.07,101.39,0.9616,-1,-1,-1
526,842,1420.92,255.64,35.56,54.9,0.959,-1,-1,-1
526,841,1398.37,326.76,25.53,73.94,0.9577,-1,-1,-1
526,843,1045.56,398.27,36.71,75.57,0.9487,-1,-1,-1
526,901,1811.5,186.79,40.39,51.0,0.9477,-1,-1,-1
526,849,1456.8,514.14,29.84,59.35,0.9462,-1,-1,-1
526,897,117.52,301.67,27.24,75.39,0.9243,-1,-1,-1
526,836,1047.32,371.17,26.78,50.44,0.7519,-1,-1,-1
527,837,707.46,719.37,48.48,114.17,0.9757,-1,-1,-1
527,874,139.74,720.42,45.6,127.22,0.9724,-1,-1,-1
527,834,871.77,514.34,37.64,89.93,0.9722,-1,-1,-1
527,842,1409.9,254.76,41.86,55.63,0.9683,-1,-1,-1
527,845,1441.33,550.73,35.47,100.29,0.966,-1,-1,-1
527,875,490.21,503.72,38.07,98.24,0.9659,-1,-1,-1
527,839,956.74,230.39,48.81,64.05,0.9645,-1,-1,-1
527,902,1880.72,372.61,38.33,75.47,0.9641,-1,-1,-1
527,900,1807.87,412.32,52.46,79.05,0.9627,-1,-1,-1
527,841,1395.87,326.42,27.12,73.9,0.9598,-1,-1,-1
527,901,1805.61,185.67,38.98,50.73,0.9382,-1,-1,-1
527,849,1454.81,512.06,30.27,65.29,0.9381,-1,-1,-1
527,897,110.96,300.54,29.91,76.35,0.9199,-1,-1,-1
527,843,1040.22,399.6,33.2,75.34,0.8711,-1,-1,-1
527,836,1044.54,372.35,22.58,43.09,0.5964,-1,-1,-1
528,837,707.44,719.26,48.51,114.29,0.9758,-1,-1,-1
528,874,139.72,720.41,45.58,127.21,0.9723,-1,-1,-1
528,834,871.78,514.35,37.63,89.99,0.9722,-1,-1,-1
528,842,1409.65,254.73,42.11,55.66,0.9683,-1,-1,-1
528,845,1441.36,550.73,35.45,100.32,0.9661,-1,-1,-1
528,875,490.19,503.69,38.08,98.24,0.966,-1,-1,-1
528,839,956.6,230.59,48.87,64.48,0.9645,-1,-1,-1
528,902,1880.7,372.63,38.4,75.49,0.9642,-1,-1,-1
528,900,1807.48,412.07,52.88,79.33,0.964,-1,-1,-1
528,841,1395.89,326.42,27.11,73.88,0.9598,-1,-1,-1
528,849,1454.83,512.07,30.29,64.83,0.9388,-1,-1,-1
528,901,1805.5,185.67,39.34,50.77,0.9383,-1,-1,-1
528,897,110.98,300.5,29.91,76.38,0.9202,-1,-1,-1
528,843,1040.27,398.29,33.12,76.57,0.8876,-1,-1,-1
528,836,1044.63,372.42,22.5,43.46,0.463,-1,-1,-1
529,837,704.64,720.45,46.76,115.5,0.9751,-1,-1,-1
529,845,1434.88,552.97,38.04,99.27,0.9715,-1,-1,-1
529,900,1803.46,406.91,55.16,84.84,0.9712,-1,-1,-1
529,842,1394.5,252.52,51.67,56.98,0.9711,-1,-1,-1
529,875,482.57,503.71,38.33,98.97,0.9689,-1,-1,-1
529,834,869.09,512.26,38.08,90.39,0.9681,-1,-1,-1
529,874,141.77,722.81,36.09,124.5,0.9651,-1,-1,-1
529,902,1875.91,373.0,40.81,74.98,0.9622,-1,-1,-1
529,839,949.5,230.73,47.22,64.96,0.9615,-1,-1,-1
529,841,1392.41,325.86,29.13,73.31,0.9592,-1,-1,-1
529,849,1451.55,510.07,30.84,70.16,0.9529,-1,-1,-1
529,901,1796.6,185.15,35.37,51.38,0.9244,-1,-1,-1
529,843,1037.14,393.88,25.37,66.4,0.7209,-1,-1,-1
529,836,1040.5,369.47,20.94,53.24,0.6799,-1,-1,-1
529,897,102.23,299.57,34.31,76.95,0.5495,-1,-1,-1
530,837,699.97,721.08,47.05,117.89,0.9747,-1,-1,-1
530,900,1800.75,408.32,53.46,83.93,0.9744,-1,-1,-1
530,834,864.11,511.17,40.95,91.86,0.9716,-1,-1,-1
530,842,1384.03,250.67,51.33,57.06,0.9708,-1,-1,-1
530,845,1429.44,555.92,39.13,99.93,0.9684,-1,-1,-1
530,875,474.11,504.35,37.56,99.74,0.9654,-1,-1,-1
530,902,1866.96,372.73,43.59,75.71,0.9636,-1,-1,-1
530,839,944.24,231.41,42.38,65.83,0.9626,-1,-1,-1
530,874,139.19,724.61,35.98,126.54,0.9594,-1,-1,-1
530,849,1448.3,509.66,32.41,72.71,0.9571,-1,-1,-1
530,841,1390.9,324.43,29.12,74.48,0.957,-1,-1,-1
530,897,94.26,299.71,39.61,78.09,0.9218,-1,-1,-1
530,901,1787.99,184.27,33.77,52.46,0.9131,-1,-1,-1
530,843,1029.5,393.57,27.47,79.67,0.8405,-1,-1,-1
531,834,859.32,509.82,44.04,93.41,0.9759,-1,-1,-1
531,875,466.79,504.41,37.14,100.43,0.9681,-1,-1,-1
531,874,135.22,726.08,36.35,125.78,0.9657,-1,-1,-1
531,845,1425.87,557.55,38.95,104.96,0.9653,-1,-1,-1
531,837,697.06,722.18,44.18,119.66,0.9634,-1,-1,-1
531,900,1798.04,411.51,50.81,80.69,0.962,-1,-1,-1
531,849,1445.77,508.13,31.48,74.34,0.9611,-1,-1,-1
531,902,1861.07,371.72,35.22,76.58,0.961,-1,-1,-1
531,839,939.38,231.66,35.65,65.52,0.9571,-1,-1,-1
531,897,84.68,300.06,43.46,77.84,0.9506,-1,-1,-1
531,901,1780.11,183.17,35.75,51.42,0.9462,-1,-1,-1
531,842,1378.35,250.2,36.93,59.75,0.9184,-1,-1,-1
531,841,1389.7,322.99,28.7,74.87,0.9181,-1,-1,-1
531,843,1023.32,390.66,28.96,84.87,0.8955,-1,-1,-1
532,834,856.93,509.69,44.77,93.74,0.9776,-1,-1,-1
532,837,692.5,722.91,44.0,120.73,0.9739,-1,-1,-1
532,900,1796.11,407.84,45.92,85.51,0.971,-1,-1,-1
532,874,128.77,727.59,41.25,128.12,0.97,-1,-1,-1
532,875,458.44,505.2,37.42,101.95,0.9685,-1,-1,-1
532,902,1854.03,370.62,38.88,77.11,0.9663,-1,-1,-1
532,897,76.84,299.85,44.45,78.22,0.9659,-1,-1,-1
532,845,1422.86,559.05,39.07,107.3,0.9629,-1,-1,-1
532,841,1387.14,320.76,29.66,75.93,0.9604,-1,-1,-1
532,849,1443.99,506.75,30.85,79.0,0.9576,-1,-1,-1
532,901,1771.56,181.1,40.32,52.18,0.9547,-1,-1,-1
532,839,931.66,230.53,29.76,68.19,0.948,-1,-1,-1
532,842,1369.38,250.2,33.12,60.22,0.9403,-1,-1,-1
532,843,1015.65,390.68,31.33,84.33,0.882,-1,-1,-1
533,834,856.11,510.26,44.62,92.98,0.9764,-1,-1,-1
533,837,688.19,723.75,43.29,123.47,0.9742,-1,-1,-1
533,902,1847.75,368.96,41.94,79.34,0.9725,-1,-1,-1
533,874,122.36,729.55,47.44,128.54,0.9716,-1,-1,-1
533,875,451.02,505.96,37.22,101.55,0.9672,-1,-1,-1
533,900,1793.35,407.59,40.36,85.37,0.9656,-1,-1,-1
533,897,69.35,300.87,46.32,79.15,0.964,-1,-1,-1
533,841,1386.48,319.51,28.82,76.52,0.9624,-1,-1,-1
533,845,1420.65,561.77,38.05,108.04,0.9613,-1,-1,-1
533,842,1356.89,250.0,32.67,59.88,0.9607,-1,-1,-1
533,849,1440.62,506.93,31.42,81.16,0.9579,-1,-1,-1
533,901,1761.08,178.71,44.6,52.28,0.9438,-1,-1,-1
533,843,1007.94,390.58,33.96,85.91,0.912,-1,-1,-1
533,839,923.62,229.27,23.95,69.24,0.8701,-1,-1,-1
534,834,856.1,510.26,44.63,93.02,0.9764,-1,-1,-1
534,837,688.18,723.61,43.28,123.61,0.9742,-1,-1,-1
534,902,1847.78,369.26,41.93,79.03,0.9725,-1,-1,-1
534,874,122.34,729.58,47.42,128.54,0.9714,-1,-1,-1
534,875,451.01,505.93,37.2,101.54,0.9672,-1,-1,-1
534,900,1793.38,407.84,40.36,85.08,0.9654,-1,-1,-1
534,841,1386.36,319.51,28.91,76.53,0.9623,-1,-1,-1
534,897,69.77,300.83,45.78,79.31,0.9616,-1,-1,-1
534,842,1356.73,249.97,32.78,59.9,0.9615,-1,-1,-1
534,845,1420.66,561.79,37.97,108.07,0.9612,-1,-1,-1
534,849,1440.64,506.94,31.36,81.2,0.9576,-1,-1,-1
534,901,1761.1,178.69,44.52,52.34,0.9444,-1,-1,-1
534,843,1007.9,390.6,34.05,85.96,0.9118,-1,-1,-1
534,839,923.55,229.26,24.03,69.23,0.8752,-1,-1,-1
535,834,855.72,511.42,43.12,91.49,0.9731,-1,-1,-1
535,837,684.74,725.03,41.99,122.33,0.9718,-1,-1,-1
535,902,1840.28,368.69,44.23,77.89,0.9702,-1,-1,-1
535,842,1342.87,249.12,41.67,59.04,0.9681,-1,-1,-1
535,874,115.37,732.44,55.54,127.16,0.9675,-1,-1,-1
535,845,1418.82,565.25,37.59,106.44,0.9659,-1,-1,-1
535,875,444.61,506.99,36.8,102.05,0.9641,-1,-1,-1
535,841,1387.47,318.43,26.45,77.02,0.9619,-1,-1,-1
535,849,1437.74,507.78,30.99,80.29,0.9589,-1,-1,-1
535,900,1792.54,407.43,32.48,85.23,0.958,-1,-1,-1
535,843,997.77,386.56,39.37,91.06,0.9382,-1,-1,-1
535,839,914.52,228.18,23.96,70.14,0.9262,-1,-1,-1
535,901,1754.39,178.65,44.92,50.67,0.9184,-1,-1,-1
535,897,62.02,299.86,44.44,80.61,0.4842,-1,-1,-1
536,874,107.3,734.63,63.31,128.35,0.9748,-1,-1,-1
536,902,1832.47,368.1,46.71,76.99,0.9741,-1,-1,-1
536,837,679.99,725.3,42.5,122.47,0.9734,-1,-1,-1
536,834,855.39,512.35,40.52,91.01,0.9709,-1,-1,-1
536,842,1330.63,247.8,45.27,58.51,0.9694,-1,-1,-1
536,875,436.38,507.07,38.54,102.69,0.9657,-1,-1,-1
536,845,1417.37,567.91,34.49,104.54,0.9575,-1,-1,-1
536,841,1387.22,317.27,25.29,78.02,0.9569,-1,-1,-1
536,849,1435.35,505.85,29.83,82.67,0.9566,-1,-1,-1
536,843,991.74,392.88,41.77,86.45,0.9508,-1,-1,-1
536,897,55.0,299.58,43.26,81.12,0.9429,-1,-1,-1
536,839,904.86,227.15,25.48,70.69,0.9403,-1,-1,-1
536,900,1791.35,414.62,26.29,76.84,0.9319,-1,-1,-1
536,901,1747.8,177.8,42.27,51.68,0.8826,-1,-1,-1
537,874,100.58,735.55,66.35,129.39,0.977,-1,-1,-1
537,875,429.71,507.46,39.1,101.94,0.9713,-1,-1,-1
537,837,676.07,724.81,41.94,122.51,0.9689,-1,-1,-1
537,834,855.61,511.68,38.4,90.62,0.9682,-1,-1,-1
537,902,1826.46,367.96,45.52,76.09,0.9651,-1,-1,-1
537,842,1316.81,246.28,47.44,60.06,0.9643,-1,-1,-1
537,849,1433.36,503.47,29.98,83.89,0.9638,-1,-1,-1
537,841,1383.78,316.66,27.01,77.98,0.9564,-1,-1,-1
537,845,1415.92,567.61,32.55,106.26,0.952,-1,-1,-1
537,897,48.88,298.68,41.02,81.66,0.9478,-1,-1,-1
537,839,894.78,226.7,26.84,69.93,0.943,-1,-1,-1
537,843,987.39,395.43,39.63,84.03,0.9305,-1,-1,-1
537,901,1740.53,177.2,36.04,51.79,0.924,-1,-1,-1
537,900,1788.1,414.89,24.12,75.55,0.7804,-1,-1,-1
537,906,983.99,377.47,28.85,84.29,0.5303,-1,-1,-1
538,874,93.41,737.64,67.27,129.7,0.9757,-1,-1,-1
538,875,421.47,507.89,41.42,100.59,0.9723,-1,-1,-1
538,837,673.32,725.55,39.93,121.94,0.9699,-1,-1,-1
538,834,855.92,509.8,35.31,93.24,0.9682,-1,-1,-1
538,902,1818.0,366.9,43.67,77.58,0.9619,-1,-1,-1
538,897,40.82,298.14,38.56,81.78,0.9589,-1,-1,-1
538,841,1381.88,315.57,29.22,77.62,0.9572,-1,-1,-1
538,845,1414.26,566.19,30.78,108.23,0.9566,-1,-1,-1
538,849,1431.23,501.02,29.84,86.91,0.9562,-1,-1,-1
538,842,1308.16,245.72,39.11,60.92,0.9462,-1,-1,-1
538,839,884.79,227.21,28.22,68.97,0.9303,-1,-1,-1
538,906,978.05,379.78,27.84,82.75,0.9147,-1,-1,-1
538,901,1733.09,175.82,28.6,52.02,0.8944,-1,-1,-1
538,900,1780.14,414.54,27.29,75.4,0.8368,-1,-1,-1
538,843,983.71,399.13,35.26,80.1,0.8041,-1,-1,-1
539,837,669.48,725.07,40.76,122.04,0.9735,-1,-1,-1
539,875,413.31,508.68,41.24,97.26,0.9698,-1,-1,-1
539,834,855.15,506.57,35.51,97.77,0.9677,-1,-1,-1
539,874,88.66,740.38,66.06,125.86,0.9665,-1,-1,-1
539,902,1810.05,366.64,38.61,76.06,0.965,-1,-1,-1
539,841,1379.66,315.58,31.8,76.15,0.9627,-1,-1,-1
539,849,1429.41,496.85,29.59,90.85,0.9606,-1,-1,-1
539,839,875.28,226.82,29.58,70.91,0.9546,-1,-1,-1
539,845,1413.2,564.2,29.56,111.09,0.9518,-1,-1,-1
539,842,1295.9,245.46,33.65,60.38,0.9493,-1,-1,-1
539,897,35.88,298.34,32.15,79.93,0.9445,-1,-1,-1
539,843,978.93,401.75,34.88,75.94,0.9042,-1,-1,-1
539,901,1725.76,172.86,29.5,53.63,0.8714,-1,-1,-1
539,906,972.2,376.81,29.92,81.04,0.8544,-1,-1,-1
539,900,1768.0,414.68,34.5,74.67,0.8186,-1,-1,-1
540,837,669.46,725.01,40.83,122.18,0.9735,-1,-1,-1
540,875,413.33,508.7,41.21,97.18,0.9696,-1,-1,-1
540,834,855.13,506.55,35.54,97.82,0.9676,-1,-1,-1
540,874,88.72,740.38,65.94,125.84,0.9665,-1,-1,-1
540,902,1810.27,366.56,38.25,76.17,0.9643,-1,-1,-1
540,841,1379.66,315.61,31.76,76.01,0.9628,-1,-1,-1
540,849,1429.41,496.86,29.62,90.8,0.9606,-1,-1,-1
540,839,875.35,226.84,29.49,70.77,0.9548,-1,-1,-1
540,845,1413.25,564.24,29.52,111.03,0.9518,-1,-1,-1
540,842,1295.71,245.43,33.8,60.39,0.9495,-1,-1,-1
540,897,35.59,298.18,32.39,80.21,0.9403,-1,-1,-1
540,843,978.86,401.65,34.94,75.95,0.9018,-1,-1,-1
540,901,1725.6,173.14,29.55,53.34,0.865,-1,-1,-1
540,906,972.19,376.87,30.04,80.59,0.8539,-1,-1,-1
540,900,1768.07,415.21,33.89,73.96,0.8129,-1,-1,-1
540,908,1784.84,411.31,23.78,77.56,0.7337,-1,-1,-1
541,874,78.86,739.27,68.95,133.24,0.9751,-1,-1,-1
541,837,666.16,724.96,42.27,120.67,0.9741,-1,-1,-1
541,875,405.16,508.66,41.59,96.98,0.9721,-1,-1,-1
541,834,854.17,503.3,34.81,100.7,0.9666,-1,-1,-1
541,902,1800.7,365.47,46.14,77.19,0.9648,-1,-1,-1
541,841,1379.01,315.37,32.54,75.72,0.9632,-1,-1,-1
541,842,1285.96,244.46,33.13,61.37,0.9581,-1,-1,-1
541,845,1412.91,563.52,28.36,112.13,0.9546,-1,-1,-1
541,849,1425.9,496.43,31.05,89.55,0.9534,-1,-1,-1
541,897,29.29,297.88,27.76,78.75,0.9466,-1,-1,-1
541,839,868.49,227.83,28.26,70.4,0.9448,-1,-1,-1
541,843,972.63,404.88,35.16,78.97,0.929,-1,-1,-1
541,901,1712.74,172.99,40.09,52.87,0.928,-1,-1,-1
541,900,1758.96,419.53,38.59,67.02,0.9193,-1,-1,-1
541,906,969.4,375.72,26.76,73.87,0.8522,-1,-1,-1
541,908,1783.94,409.99,20.1,57.54,0.7724,-1,-1,-1
542,874,74.73,740.54,65.48,133.05,0.9759,-1,-1,-1
542,837,662.82,725.2,42.38,118.57,0.9739,-1,-1,-1
542,875,395.98,507.12,40.47,98.31,0.9701,-1,-1,-1
542,842,1272.05,242.4,42.74,62.52,0.9676,-1,-1,-1
542,902,1796.84,363.78,48.68,77.92,0.9661,-1,-1,-1
542,841,1378.59,313.91,33.32,76.47,0.9634,-1,-1,-1
542,834,852.39,501.98,35.04,101.62,0.9613,-1,-1,-1
542,900,1753.68,419.54,48.08,69.2,0.9609,-1,-1,-1
542,849,1421.8,494.6,33.76,90.83,0.9577,-1,-1,-1
542,845,1411.74,562.34,27.93,113.93,0.9521,-1,-1,-1
542,839,858.07,228.87,31.0,68.45,0.9469,-1,-1,-1
542,901,1707.56,170.85,40.68,51.95,0.9274,-1,-1,-1
542,906,964.57,374.66,26.72,76.29,0.9178,-1,-1,-1
542,843,970.22,408.24,32.62,71.93,0.9031,-1,-1,-1
542,897,22.44,296.91,27.43,78.38,0.8562,-1,-1,-1
542,908,1780.77,408.79,21.81,44.93,0.8296,-1,-1,-1
543,837,658.69,724.92,44.54,117.36,0.98,-1,-1,-1
543,874,72.44,741.25,61.92,133.5,0.9762,-1,-1,-1
543,875,386.07,505.12,43.55,99.45,0.9714,-1,-1,-1
543,902,1786.82,362.88,55.02,75.27,0.9695,-1,-1,-1
543,842,1253.21,239.61,54.54,61.3,0.9654,-1,-1,-1
543,841,1378.76,311.29,34.35,77.32,0.9644,-1,-1,-1
543,834,850.7,500.35,35.39,103.0,0.9635,-1,-1,-1
543,839,843.09,229.37,37.3,67.28,0.9634,-1,-1,-1
543,900,1750.8,419.08,50.38,69.77,0.9596,-1,-1,-1
543,845,1410.78,563.31,27.95,112.65,0.9521,-1,-1,-1
543,849,1419.91,495.39,35.15,89.89,0.9498,-1,-1,-1
543,897,15.44,293.96,28.19,80.07,0.9309,-1,-1,-1
543,843,965.8,406.19,36.15,77.87,0.9164,-1,-1,-1
543,906,958.06,374.05,28.9,88.12,0.882,-1,-1,-1
543,901,1700.12,168.8,42.51,49.57,0.7925,-1,-1,-1
543,908,1774.34,404.49,26.73,52.07,0.6798,-1,-1,-1
544,875,376.66,502.82,44.8,104.28,0.9793,-1,-1,-1
544,837,654.68,725.73,46.98,119.61,0.9787,-1,-1,-1
544,874,73.05,742.28,52.26,131.93,0.9757,-1,-1,-1
544,841,1378.68,309.58,34.99,79.02,0.9657,-1,-1,-1
544,834,848.66,500.35,35.59,102.83,0.9644,-1,-1,-1
544,839,831.47,229.68,40.68,65.79,0.9638,-1,-1,-1
544,902,1782.22,362.93,57.76,71.5,0.9632,-1,-1,-1
544,842,1243.56,237.43,50.92,62.16,0.9605,-1,-1,-1
544,900,1749.36,417.05,51.11,71.91,0.9594,-1,-1,-1
544,906,947.9,375.48,33.0,87.0,0.9567,-1,-1,-1
544,845,1408.64,564.83,28.93,113.03,0.9502,-1,-1,-1
544,849,1419.64,495.21,34.92,89.3,0.9484,-1,-1,-1
544,843,964.69,403.64,36.3,79.73,0.9438,-1,-1,-1
544,897,6.2,291.9,32.79,80.94,0.9384,-1,-1,-1
544,901,1695.44,166.54,43.16,51.98,0.8945,-1,-1,-1
544,908,1773.37,405.02,25.57,50.47,0.7303,-1,-1,-1
545,875,367.96,501.86,49.31,104.58,0.977,-1,-1,-1
545,837,651.17,727.15,48.81,119.86,0.9752,-1,-1,-1
545,839,822.1,229.89,43.11,65.27,0.9663,-1,-1,-1
545,874,72.69,742.28,42.64,130.52,0.9662,-1,-1,-1
545,841,1378.9,307.44,37.3,79.99,0.9657,-1,-1,-1
545,900,1748.97,419.25,49.13,69.37,0.963,-1,-1,-1
545,906,937.75,374.39,39.05,84.9,0.9621,-1,-1,-1
545,902,1776.34,362.27,56.28,67.57,0.9608,-1,-1,-1
545,834,847.17,501.45,36.25,99.29,0.9606,-1,-1,-1
545,842,1237.17,237.16,39.53,63.48,0.9578,-1,-1,-1
545,845,1406.02,567.1,31.48,112.65,0.9494,-1,-1,-1
545,849,1417.09,496.41,36.24,86.72,0.9494,-1,-1,-1
545,897,0.52,290.68,31.61,83.26,0.9467,-1,-1,-1
545,843,963.46,401.63,34.87,79.55,0.9426,-1,-1,-1
545,908,1768.96,405.51,28.47,51.04,0.8182,-1,-1,-1
545,901,1693.79,168.71,32.2,50.11,0.7329,-1,-1,-1
546,875,367.91,501.84,49.34,104.61,0.9772,-1,-1,-1
546,837,651.18,727.17,48.75,119.86,0.9751,-1,-1,-1
546,839,821.94,229.88,43.74,65.57,0.9663,-1,-1,-1
546,874,72.72,742.28,42.58,130.55,0.9661,-1,-1,-1
546,841,1378.89,307.44,37.32,80.01,0.9657,-1,-1,-1
546,900,1748.95,419.3,49.2,69.41,0.9632,-1,-1,-1
546,906,937.89,374.41,38.87,84.71,0.9618,-1,-1,-1
546,902,1776.32,362.24,56.37,67.56,0.9609,-1,-1,-1
546,834,847.17,501.48,36.25,99.22,0.9605,-1,-1,-1
546,842,1237.19,237.19,39.61,63.69,0.9587,-1,-1,-1
546,845,1406.0,567.05,31.54,112.68,0.9496,-1,-1,-1
546,849,1417.14,496.12,36.17,86.94,0.949,-1,-1,-1
546,897,0.49,290.7,31.66,83.23,0.9472,-1,-1,-1
546,843,963.53,401.66,34.85,79.3,0.9448,-1,-1,-1
546,908,1768.9,405.45,28.51,51.03,0.8203,-1,-1,-1
546,901,1693.64,168.56,32.37,50.31,0.7533,-1,-1,-1
547,837,648.59,727.91,49.07,120.89,0.9742,-1,-1,-1
547,875,358.9,500.48,48.83,105.39,0.9737,-1,-1,-1
547,874,72.48,744.67,37.22,130.31,0.9695,-1,-1,-1
547,841,1379.57,307.25,39.35,80.11,0.9687,-1,-1,-1
547,900,1749.19,414.28,45.18,76.32,0.9673,-1,-1,-1
547,839,818.36,229.97,42.76,65.65,0.9648,-1,-1,-1
547,906,931.34,374.76,40.54,83.38,0.9624,-1,-1,-1
547,849,1417.21,494.78,36.07,86.9,0.9624,-1,-1,-1
547,845,1404.91,570.15,33.79,112.97,0.9559,-1,-1,-1
547,842,1233.4,236.28,26.92,63.61,0.9523,-1,-1,-1
547,834,846.13,502.43,35.12,96.75,0.9522,-1,-1,-1
547,897,0.0,290.4,23.69,82.06,0.9231,-1,-1,-1
547,843,960.89,400.25,35.94,79.51,0.921,-1,-1,-1
547,902,1773.67,362.32,46.31,73.0,0.8878,-1,-1,-1
547,908,1759.49,399.52,34.56,55.02,0.7938,-1,-1,-1
548,837,643.44,728.93,50.83,121.93,0.9748,-1,-1,-1
548,875,350.0,500.44,47.33,100.75,0.9735,-1,-1,-1
548,841,1379.37,306.51,43.5,78.23,0.97,-1,-1,-1
548,839,814.73,230.04,40.77,65.21,0.9667,-1,-1,-1
548,849,1417.74,492.65,36.0,88.65,0.9667,-1,-1,-1
548,842,1222.05,234.38,33.86,64.44,0.9657,-1,-1,-1
548,906,924.97,376.77,42.82,82.55,0.9612,-1,-1,-1
548,845,1401.6,573.08,36.64,111.56,0.9599,-1,-1,-1
548,834,845.58,504.05,33.87,93.78,0.9597,-1,-1,-1
548,900,1750.87,414.12,40.39,75.24,0.9581,-1,-1,-1
548,874,68.02,744.78,36.29,133.53,0.9552,-1,-1,-1
548,897,0.08,290.85,17.34,79.29,0.8724,-1,-1,-1
548,902,1770.98,363.68,31.28,75.98,0.8112,-1,-1,-1
548,843,958.42,400.45,34.41,78.49,0.7408,-1,-1,-1
548,908,1756.96,399.89,34.23,51.67,0.7353,-1,-1,-1
549,837,640.98,729.17,51.25,124.99,0.9752,-1,-1,-1
549,875,340.81,501.58,45.92,98.89,0.9736,-1,-1,-1
549,849,1418.0,489.94,35.78,91.53,0.9701,-1,-1,-1
549,906,919.8,377.37,46.43,84.77,0.9694,-1,-1,-1
549,841,1380.6,306.68,43.58,75.98,0.9686,-1,-1,-1
549,845,1399.17,574.66,39.8,111.8,0.967,-1,-1,-1
549,839,811.57,228.34,37.56,66.08,0.9667,-1,-1,-1
549,842,1210.27,232.4,42.0,63.9,0.9658,-1,-1,-1
549,834,845.85,503.01,33.12,94.99,0.9586,-1,-1,-1
549,874,64.68,746.28,35.57,132.34,0.956,-1,-1,-1
549,902,1765.15,363.5,35.27,70.3,0.9504,-1,-1,-1
549,900,1752.12,406.07,35.9,80.76,0.9288,-1,-1,-1
549,843,958.1,399.27,34.71,76.66,0.9149,-1,-1,-1
549,901,1672.1,161.42,31.98,52.81,0.3937,-1,-1,-1
550,837,639.02,729.69,51.22,126.43,0.9747,-1,-1,-1
550,875,334.63,502.49,39.71,99.62,0.972,-1,-1,-1
550,906,915.39,376.92,48.11,86.92,0.9716,-1,-1,-1
550,874,60.6,748.57,41.82,134.38,0.9699,-1,-1,-1
550,849,1418.07,487.02,35.37,94.1,0.9683,-1,-1,-1
550,845,1398.2,574.38,41.53,113.72,0.9679,-1,-1,-1
550,841,1381.48,306.76,43.47,74.53,0.9676,-1,-1,-1
550,842,1198.34,230.94,45.93,60.19,0.967,-1,-1,-1
550,839,808.47,226.89,31.05,66.53,0.9659,-1,-1,-1
550,902,1756.08,362.15,45.5,71.59,0.9583,-1,-1,-1
550,834,847.5,501.37,32.38,96.65,0.9578,-1,-1,-1
550,843,956.14,397.79,35.07,79.59,0.9547,-1,-1,-1
550,900,1753.31,405.98,31.48,79.26,0.9321,-1,-1,-1
550,901,1660.59,156.59,40.51,55.32,0.538,-1,-1,-1
551,837,638.84,731.59,49.4,127.22,0.9745,-1,-1,-1
551,845,1399.91,574.9,42.32,113.99,0.9713,-1,-1,-1
551,841,1385.31,305.72,42.6,74.3,0.9707,-1,-1,-1
551,874,56.58,750.39,50.42,134.65,0.9701,-1,-1,-1
551,875,328.48,502.14,37.79,100.46,0.9696,-1,-1,-1
551,849,1418.62,484.8,37.17,96.3,0.9695,-1,-1,-1
551,834,848.18,499.68,33.23,98.33,0.9625,-1,-1,-1
551,839,804.94,226.24,28.26,67.13,0.9614,-1,-1,-1
551,843,955.93,394.36,35.63,83.52,0.9516,-1,-1,-1
551,842,1191.11,229.88,41.96,60.39,0.9499,-1,-1,-1
551,902,1752.25,361.56,50.41,70.56,0.9488,-1,-1,-1
551,900,1754.03,405.26,30.27,78.98,0.9454,-1,-1,-1
551,906,912.43,375.55,49.57,88.12,0.9447,-1,-1,-1
552,837,638.72,731.51,49.54,127.36,0.9745,-1,-1,-1
552,845,1399.91,574.95,42.29,113.93,0.9712,-1,-1,-1
552,841,1385.23,305.74,42.65,74.26,0.9705,-1,-1,-1
552,874,56.61,750.41,50.52,134.68,0.97,-1,-1,-1
552,875,328.4,502.16,37.81,100.47,0.9698,-1,-1,-1
552,849,1418.64,484.78,37.14,96.36,0.9696,-1,-1,-1
552,834,848.23,499.67,33.18,98.26,0.9626,-1,-1,-1
552,839,804.92,226.24,28.27,67.07,0.9614,-1,-1,-1
552,843,955.9,394.36,35.66,83.5,0.9516,-1,-1,-1
552,902,1751.85,361.55,50.87,70.64,0.9498,-1,-1,-1
552,842,1191.09,229.9,42.02,60.5,0.9494,-1,-1,-1
552,906,912.45,375.55,49.63,88.16,0.9468,-1,-1,-1
552,900,1754.03,405.12,30.53,79.19,0.944,-1,-1,-1
553,837,638.85,732.19,48.93,127.5,0.9753,-1,-1,-1
553,875,322.97,499.41,39.23,103.85,0.9721,-1,-1,-1
553,874,52.21,750.86,60.47,137.36,0.972,-1,-1,-1
553,834,849.32,497.06,34.49,101.08,0.9713,-1,-1,-1
553,841,1392.68,303.47,39.51,76.07,0.97,-1,-1,-1
553,845,1402.09,574.69,43.38,115.69,0.9693,-1,-1,-1
553,906,910.21,375.18,48.25,88.45,0.9681,-1,-1,-1
553,902,1743.76,359.04,57.65,72.37,0.9648,-1,-1,-1
553,849,1420.86,483.3,36.45,94.2,0.9604,-1,-1,-1
553,842,1185.76,229.6,33.51,60.7,0.9548,-1,-1,-1
553,843,956.49,390.96,34.71,86.72,0.9516,-1,-1,-1
553,839,801.16,225.96,28.3,66.97,0.951,-1,-1,-1
553,900,1754.2,407.21,28.7,77.17,0.95,-1,-1,-1
554,837,638.87,731.99,48.71,127.3,0.9772,-1,-1,-1
554,874,48.91,752.09,66.07,138.54,0.9725,-1,-1,-1
554,906,908.15,374.22,50.23,88.04,0.9724,-1,-1,-1
554,845,1405.35,575.11,43.13,115.01,0.9717,-1,-1,-1
554,875,318.36,496.05,41.17,108.74,0.9701,-1,-1,-1
554,834,849.19,495.22,37.89,102.94,0.9694,-1,-1,-1
554,849,1423.04,483.09,37.18,95.44,0.9648,-1,-1,-1
554,841,1397.77,300.7,36.41,79.15,0.9622,-1,-1,-1
554,843,957.93,388.31,34.93,87.95,0.9596,-1,-1,-1
554,839,796.51,225.55,30.9,66.49,0.9576,-1,-1,-1
554,842,1176.89,228.97,27.39,61.27,0.9522,-1,-1,-1
554,900,1749.63,400.44,38.48,85.1,0.9175,-1,-1,-1
554,902,1738.77,357.73,52.89,74.73,0.8566,-1,-1,-1
555,837,639.28,730.98,48.75,127.62,0.9765,-1,-1,-1
555,874,47.18,753.18,67.53,138.97,0.9756,-1,-1,-1
555,875,312.69,494.21,44.63,108.87,0.9749,-1,-1,-1
555,845,1406.73,575.26,47.09,117.7,0.9738,-1,-1,-1
555,906,905.5,373.31,50.96,87.99,0.9738,-1,-1,-1
555,834,850.22,495.3,39.64,101.03,0.9702,-1,-1,-1
555,849,1424.63,482.86,37.88,92.2,0.97,-1,-1,-1
555,841,1400.51,298.45,39.23,80.71,0.9682,-1,-1,-1
555,842,1166.7,228.28,35.99,61.54,0.9624,-1,-1,-1
555,839,789.44,226.5,34.77,65.59,0.9617,-1,-1,-1
555,843,959.75,386.0,34.82,84.28,0.958,-1,-1,-1
555,900,1741.9,407.79,46.29,77.9,0.9557,-1,-1,-1
555,902,1738.63,358.62,37.13,74.39,0.9471,-1,-1,-1
556,875,306.02,494.39,47.04,106.38,0.9781,-1,-1,-1
556,874,47.08,754.3,66.24,139.2,0.9775,-1,-1,-1
556,837,639.06,729.04,48.09,129.82,0.9754,-1,-1,-1
556,845,1410.36,576.71,49.04,116.96,0.9746,-1,-1,-1
556,841,1403.79,297.36,41.18,81.36,0.9713,-1,-1,-1
556,906,906.53,371.44,46.99,90.21,0.9703,-1,-1,-1
556,834,852.41,496.49,40.66,96.66,0.9676,-1,-1,-1
556,842,1155.9,227.17,44.15,62.06,0.9675,-1,-1,-1
556,849,1427.34,482.6,36.25,90.28,0.9661,-1,-1,-1
556,839,783.92,228.04,38.04,64.66,0.9632,-1,-1,-1
556,900,1737.68,402.85,50.21,83.99,0.9617,-1,-1,-1
556,843,963.68,385.31,32.22,81.17,0.9577,-1,-1,-1
556,902,1733.81,359.63,35.86,73.75,0.911,-1,-1,-1
557,874,46.74,754.78,65.1,140.35,0.9773,-1,-1,-1
557,875,299.46,493.18,49.71,103.35,0.9752,-1,-1,-1
557,837,638.22,729.98,49.15,128.07,0.9747,-1,-1,-1
557,834,854.37,497.44,42.34,96.05,0.9708,-1,-1,-1
557,906,903.97,371.88,45.0,89.41,0.9704,-1,-1,-1
557,841,1409.1,297.8,40.7,79.89,0.9676,-1,-1,-1
557,900,1736.68,406.67,51.68,80.5,0.9652,-1,-1,-1
557,849,1429.57,481.97,35.66,90.47,0.9633,-1,-1,-1
557,842,1143.07,227.49,48.36,56.36,0.9592,-1,-1,-1
557,839,777.97,231.14,39.61,62.2,0.9561,-1,-1,-1
557,843,969.84,384.31,28.1,82.69,0.9527,-1,-1,-1
557,902,1726.8,360.54,36.36,73.26,0.9469,-1,-1,-1
557,845,1414.21,578.56,51.01,117.4,0.9465,-1,-1,-1
558,874,46.74,754.75,65.09,140.42,0.9773,-1,-1,-1
558,875,299.5,493.15,49.63,103.31,0.9752,-1,-1,-1
558,837,638.23,729.96,49.15,128.07,0.9748,-1,-1,-1
558,834,854.28,497.43,42.51,96.04,0.9712,-1,-1,-1
558,906,903.98,371.88,45.04,89.56,0.9703,-1,-1,-1
558,841,1409.05,297.81,40.73,79.86,0.9676,-1,-1,-1
558,900,1736.64,406.74,51.75,80.41,0.9654,-1,-1,-1
558,849,1429.62,481.96,35.52,90.48,0.9631,-1,-1,-1
558,842,1143.05,227.19,48.58,56.61,0.9601,-1,-1,-1
558,839,777.87,231.16,39.69,62.19,0.9562,-1,-1,-1
558,843,969.82,384.46,28.09,82.56,0.953,-1,-1,-1
558,845,1414.19,578.57,51.02,117.38,0.9468,-1,-1,-1
558,902,1726.76,360.56,36.32,73.2,0.9468,-1,-1,-1
559,874,47.56,754.01,61.95,143.17,0.9765,-1,-1,-1
559,834,857.08,498.18,43.12,93.81,0.9756,-1,-1,-1
559,837,638.77,731.31,49.05,123.62,0.975,-1,-1,-1
559,875,292.26,493.9,48.59,100.98,0.9748,-1,-1,-1
559,845,1415.88,578.6,54.67,120.1,0.9705,-1,-1,-1
559,841,1414.53,297.54,39.12,77.71,0.9689,-1,-1,-1
559,849,1431.45,480.64,34.74,91.0,0.965,-1,-1,-1
559,843,971.38,383.54,30.7,83.95,0.9643,-1,-1,-1
559,906,903.11,371.82,40.71,91.3,0.9638,-1,-1,-1
559,900,1738.17,403.36,52.42,83.9,0.9633,-1,-1,-1
559,839,771.55,231.67,43.43,66.7,0.961,-1,-1,-1
559,902,1716.95,359.15,43.1,75.89,0.9584,-1,-1,-1
559,842,1136.69,228.04,39.39,56.33,0.9191,-1,-1,-1
560,837,638.87,731.45,48.83,123.03,0.9755,-1,-1,-1
560,845,1417.61,581.95,58.95,118.5,0.9755,-1,-1,-1
560,875,284.84,494.46,50.04,100.17,0.9726,-1,-1,-1
560,834,860.97,498.47,42.45,94.24,0.9725,-1,-1,-1
560,874,48.44,754.31,57.29,143.96,0.9706,-1,-1,-1
560,906,901.57,372.29,37.13,90.75,0.9665,-1,-1,-1
560,841,1420.39,298.19,39.03,73.76,0.9658,-1,-1,-1
560,849,1433.57,478.34,33.64,93.38,0.9648,-1,-1,-1
560,900,1740.17,404.27,53.42,82.13,0.9643,-1,-1,-1
560,902,1715.05,357.05,45.11,73.0,0.9624,-1,-1,-1
560,839,770.76,233.63,40.96,65.61,0.9616,-1,-1,-1
560,843,972.73,382.08,32.59,84.8,0.947,-1,-1,-1
560,842,1133.45,229.18,24.27,55.66,0.9075,-1,-1,-1
561,837,639.3,732.04,48.25,122.89,0.9756,-1,-1,-1
561,875,277.95,495.52,43.88,99.97,0.9736,-1,-1,-1
561,845,1419.01,581.74,60.01,119.72,0.9721,-1,-1,-1
561,874,51.45,755.0,50.91,141.17,0.9719,-1,-1,-1
561,834,867.24,496.84,39.77,96.25,0.97,-1,-1,-1
561,906,897.29,373.28,39.75,90.58,0.9663,-1,-1,-1
561,902,1708.36,355.02,49.85,71.25,0.9655,-1,-1,-1
561,900,1743.21,399.12,50.75,90.32,0.9653,-1,-1,-1
561,839,770.02,233.17,38.75,66.44,0.9648,-1,-1,-1
561,841,1426.78,298.77,40.33,71.58,0.9648,-1,-1,-1
561,843,974.59,378.95,35.13,88.13,0.9625,-1,-1,-1
561,849,1433.93,475.51,34.35,95.97,0.9625,-1,-1,-1
561,842,1122.01,231.34,27.39,53.3,0.9347,-1,-1,-1
562,837,640.15,732.49,47.43,124.22,0.9767,-1,-1,-1
562,875,272.86,495.2,41.67,101.05,0.9749,-1,-1,-1
562,874,53.56,754.53,43.23,139.73,0.9724,-1,-1,-1
562,834,871.15,494.9,39.01,99.09,0.9713,-1,-1,-1
562,900,1745.1,395.22,47.79,94.64,0.971,-1,-1,-1
562,902,1702.92,353.93,55.21,76.75,0.9706,-1,-1,-1
562,845,1423.19,582.31,58.04,119.95,0.9701,-1,-1,-1
562,906,895.75,374.36,39.14,91.41,0.968,-1,-1,-1
562,843,976.52,376.46,36.65,90.13,0.9646,-1,-1,-1
562,841,1433.26,298.6,41.07,71.92,0.9628,-1,-1,-1
562,839,769.24,232.89,36.97,67.54,0.9622,-1,-1,-1
562,842,1109.54,231.56,40.65,52.11,0.954,-1,-1,-1
562,849,1435.84,472.92,33.86,98.42,0.9536,-1,-1,-1
563,837,641.45,732.89,45.78,125.85,0.977,-1,-1,-1
563,845,1427.73,582.85,55.23,120.67,0.975,-1,-1,-1
563,874,53.55,755.4,45.12,136.61,0.9748,-1,-1,-1
563,875,267.0,493.83,43.95,102.0,0.973,-1,-1,-1
563,834,874.83,493.45,38.56,100.95,0.971,-1,-1,-1
563,906,896.51,376.66,37.28,91.2,0.9686,-1,-1,-1
563,902,1695.9,353.68,61.11,76.49,0.9669,-1,-1,-1
563,900,1748.56,396.01,42.27,92.86,0.9656,-1,-1,-1
563,843,975.54,376.23,39.57,82.77,0.9649,-1,-1,-1
563,841,1436.22,297.74,49.46,73.76,0.9647,-1,-1,-1
563,842,1094.9,232.02,50.28,49.49,0.959,-1,-1,-1
563,849,1436.12,471.14,35.53,100.03,0.9556,-1,-1,-1
563,839,767.6,234.25,36.73,70.03,0.9545,-1,-1,-1
564,837,641.44,732.9,45.78,125.93,0.977,-1,-1,-1
564,845,1427.7,582.85,55.26,120.72,0.9749,-1,-1,-1
564,874,53.6,755.38,45.03,136.62,0.9748,-1,-1,-1
564,875,266.99,493.83,43.98,102.01,0.973,-1,-1,-1
564,834,874.89,493.47,38.51,100.92,0.9709,-1,-1,-1
564,906,896.54,376.66,37.26,91.22,0.9688,-1,-1,-1
564,902,1696.05,353.67,60.97,76.45,0.9665,-1,-1,-1
564,900,1748.57,396.06,42.26,92.82,0.9656,-1,-1,-1
564,843,975.45,376.26,39.68,82.71,0.965,-1,-1,-1
564,841,1436.19,297.75,49.65,73.76,0.9647,-1,-1,-1
564,842,1094.94,232.1,50.15,49.75,0.9592,-1,-1,-1
564,849,1436.21,471.1,35.47,100.01,0.9554,-1,-1,-1
564,839,768.38,233.42,35.54,70.56,0.9546,-1,-1,-1
565,875,261.69,491.54,45.11,105.18,0.9765,-1,-1,-1
565,837,642.43,732.89,44.8,127.3,0.9753,-1,-1,-1
565,874,54.0,756.0,46.6,136.79,0.9751,-1,-1,-1
565,845,1427.43,582.83,56.15,120.93,0.9745,-1,-1,-1
565,834,876.98,491.67,39.56,103.11,0.9725,-1,-1,-1
565,902,1690.85,352.85,60.92,77.8,0.9671,-1,-1,-1
565,906,897.75,379.01,35.14,89.81,0.9646,-1,-1,-1
565,841,1441.26,297.37,51.17,73.87,0.9595,-1,-1,-1
565,843,973.21,375.65,43.58,80.68,0.9588,-1,-1,-1
565,839,766.77,235.2,35.95,72.49,0.9575,-1,-1,-1
565,900,1752.39,396.54,34.28,91.78,0.9556,-1,-1,-1
565,842,1084.24,232.64,52.01,49.73,0.95,-1,-1,-1
565,849,1437.87,472.07,35.43,96.34,0.9448,-1,-1,-1
566,875,255.26,488.68,49.15,110.98,0.9768,-1,-1,-1
566,874,53.83,756.82,47.84,138.1,0.9754,-1,-1,-1
566,845,1431.19,584.34,51.59,119.65,0.975,-1,-1,-1
566,837,642.11,734.32,44.76,128.13,0.9742,-1,-1,-1
566,834,878.73,490.4,41.5,105.54,0.974,-1,-1,-1
566,849,1437.28,473.24,38.23,92.47,0.9653,-1,-1,-1
566,906,897.11,380.01,34.56,89.13,0.9648,-1,-1,-1
566,839,764.65,236.61,36.09,72.66,0.9625,-1,-1,-1
566,843,972.68,374.46,44.23,81.95,0.9609,-1,-1,-1
566,902,1692.8,354.57,47.87,77.85,0.9598,-1,-1,-1
566,841,1445.23,297.52,53.34,73.76,0.9598,-1,-1,-1
566,900,1756.64,401.17,27.12,87.15,0.9342,-1,-1,-1
566,842,1078.83,233.28,38.93,49.85,0.9071,-1,-1,-1
567,845,1435.79,584.07,46.75,119.69,0.975,-1,-1,-1
567,875,247.17,488.4,51.93,106.37,0.9742,-1,-1,-1
567,874,53.85,757.63,50.6,140.88,0.9736,-1,-1,-1
567,834,881.08,490.99,41.61,103.73,0.9707,-1,-1,-1
567,837,643.31,735.24,42.37,128.8,0.9694,-1,-1,-1
567,906,896.37,379.21,36.09,90.0,0.968,-1,-1,-1
567,849,1438.2,474.89,38.4,87.79,0.9642,-1,-1,-1
567,841,1449.07,297.29,54.64,73.47,0.9603,-1,-1,-1
567,839,760.73,239.31,36.73,73.4,0.9565,-1,-1,-1
567,843,974.24,371.98,43.4,85.28,0.9536,-1,-1,-1
567,902,1685.24,354.24,43.96,79.21,0.9527,-1,-1,-1
567,842,1075.37,235.13,24.32,48.7,0.9221,-1,-1,-1
567,900,1757.88,403.47,24.98,85.0,0.8999,-1,-1,-1
568,845,1439.85,584.66,43.58,118.54,0.9735,-1,-1,-1
568,906,895.6,377.87,38.08,91.77,0.9707,-1,-1,-1
568,837,642.69,736.55,42.87,130.64,0.9704,-1,-1,-1
568,834,884.33,492.45,41.12,99.87,0.9698,-1,-1,-1
568,874,52.14,758.49,54.8,141.98,0.9693,-1,-1,-1
568,849,1438.29,473.72,40.24,89.58,0.9683,-1,-1,-1
568,841,1451.58,297.29,55.25,73.4,0.9623,-1,-1,-1
568,843,975.74,368.76,42.5,87.14,0.9612,-1,-1,-1
568,875,239.89,488.21,48.44,101.5,0.9592,-1,-1,-1
568,902,1680.47,353.71,32.04,79.56,0.9536,-1,-1,-1
568,842,1062.13,236.31,29.73,47.59,0.9503,-1,-1,-1
568,839,759.23,242.02,43.39,64.38,0.937,-1,-1,-1
568,900,1756.51,414.86,21.76,74.12,0.8,-1,-1,-1
569,874,51.1,760.21,61.95,143.14,0.9769,-1,-1,-1
569,875,231.58,489.06,44.91,98.36,0.9738,-1,-1,-1
569,849,1439.85,471.56,43.25,92.2,0.9708,-1,-1,-1
569,837,641.89,736.74,43.06,132.03,0.9698,-1,-1,-1
569,834,888.8,494.07,38.13,95.6,0.9696,-1,-1,-1
569,906,894.8,376.66,39.18,92.09,0.9693,-1,-1,-1
569,845,1442.71,585.16,41.77,118.75,0.9689,-1,-1,-1
569,843,979.66,366.0,38.11,91.32,0.9664,-1,-1,-1
569,841,1454.98,297.79,53.42,74.31,0.9659,-1,-1,-1
569,839,757.51,243.92,46.84,73.43,0.9593,-1,-1,-1
569,902,1674.11,352.94,36.08,80.02,0.9583,-1,-1,-1
569,842,1047.09,235.87,44.49,49.93,0.9581,-1,-1,-1
569,900,1749.47,411.81,29.89,77.67,0.7886,-1,-1,-1
569,911,1759.57,397.67,24.6,78.77,0.6837,-1,-1,-1
570,874,51.09,760.23,62.01,143.13,0.9768,-1,-1,-1
570,875,231.4,489.07,45.06,98.39,0.9739,-1,-1,-1
570,849,1439.83,471.58,43.23,92.2,0.9709,-1,-1,-1
570,837,641.87,736.76,43.11,132.02,0.9699,-1,-1,-1
570,834,888.81,494.07,38.11,95.58,0.9696,-1,-1,-1
570,906,894.79,376.62,39.19,92.0,0.9695,-1,-1,-1
570,845,1442.75,585.17,41.66,118.76,0.9688,-1,-1,-1
570,841,1454.96,297.68,53.87,74.42,0.9665,-1,-1,-1
570,843,979.67,365.98,38.08,91.33,0.9663,-1,-1,-1
570,839,757.4,243.9,46.98,73.56,0.96,-1,-1,-1
570,902,1673.99,352.92,36.22,80.13,0.9587,-1,-1,-1
570,842,1047.08,235.93,44.47,49.82,0.9577,-1,-1,-1
570,900,1749.75,412.04,28.94,77.31,0.7836,-1,-1,-1
570,911,1760.1,397.73,24.14,78.11,0.6956,-1,-1,-1
571,874,51.13,761.49,63.28,143.6,0.9768,-1,-1,-1
571,875,224.73,488.33,43.07,101.65,0.9763,-1,-1,-1
571,837,641.07,737.42,43.75,131.75,0.9709,-1,-1,-1
571,906,894.37,375.3,40.36,91.4,0.97,-1,-1,-1
571,902,1662.98,352.23,45.42,81.72,0.97,-1,-1,-1
571,845,1444.81,585.57,40.4,119.88,0.969,-1,-1,-1
571,841,1457.41,298.75,54.09,73.76,0.9683,-1,-1,-1
571,849,1441.97,469.42,40.7,95.43,0.9638,-1,-1,-1
571,839,758.18,245.58,44.98,61.95,0.961,-1,-1,-1
571,843,983.3,363.62,36.31,89.16,0.9608,-1,-1,-1
571,834,894.82,493.92,34.49,96.68,0.9584,-1,-1,-1
571,842,1031.4,236.82,52.09,50.08,0.9457,-1,-1,-1
571,900,1743.19,413.03,39.15,77.89,0.9295,-1,-1,-1
571,911,1759.78,398.45,23.55,61.76,0.7106,-1,-1,-1
572,874,52.6,762.41,62.52,142.98,0.976,-1,-1,-1
572,875,219.04,487.03,45.47,102.14,0.9741,-1,-1,-1
572,845,1448.13,585.91,38.48,119.83,0.9703,-1,-1,-1
572,837,641.81,737.32,43.42,131.37,0.9701,-1,-1,-1
572,906,894.75,376.09,40.81,86.18,0.9695,-1,-1,-1
572,902,1651.43,351.69,56.38,82.09,0.9671,-1,-1,-1
572,841,1461.45,301.08,53.39,71.66,0.9625,-1,-1,-1
572,843,987.45,361.89,35.14,85.68,0.9622,-1,-1,-1
572,834,900.2,492.96,34.45,97.76,0.9615,-1,-1,-1
572,900,1738.93,411.64,47.26,80.75,0.9585,-1,-1,-1
572,839,757.95,247.41,44.55,64.09,0.9583,-1,-1,-1
572,849,1442.73,467.76,43.33,95.72,0.9538,-1,-1,-1
572,842,1026.54,239.41,43.92,49.08,0.9497,-1,-1,-1
573,874,54.71,762.4,59.91,143.25,0.9755,-1,-1,-1
573,875,215.99,484.41,47.1,105.73,0.9737,-1,-1,-1
573,902,1636.43,351.19,67.96,80.83,0.9714,-1,-1,-1
573,837,642.35,736.22,43.27,133.45,0.9704,-1,-1,-1
573,845,1451.52,586.45,37.64,121.35,0.9702,-1,-1,-1
573,841,1465.37,303.07,52.91,69.86,0.9689,-1,-1,-1
573,906,894.75,377.16,41.16,86.68,0.9683,-1,-1,-1
573,849,1445.71,465.68,45.48,98.09,0.9665,-1,-1,-1
573,839,758.27,248.16,42.93,66.22,0.963,-1,-1,-1
573,834,904.48,490.64,36.27,99.77,0.9626,-1,-1,-1
573,900,1740.04,415.63,48.76,76.15,0.9581,-1,-1,-1
573,843,990.05,361.38,37.2,82.66,0.9572,-1,-1,-1
573,842,1024.05,240.18,31.8,48.0,0.9302,-1,-1,-1
573,911,1759.64,399.81,26.84,60.11,0.601,-1,-1,-1
574,875,211.73,481.37,52.09,107.33,0.9762,-1,-1,-1
574,874,55.76,762.32,58.79,142.34,0.9755,-1,-1,-1
574,837,643.78,736.24,43.01,128.22,0.9728,-1,-1,-1
574,845,1454.34,586.87,37.63,121.39,0.9712,-1,-1,-1
574,849,1448.82,464.94,47.22,97.69,0.97,-1,-1,-1
574,834,907.3,488.96,39.78,101.6,0.9698,-1,-1,-1
574,906,895.43,377.2,41.58,86.21,0.9681,-1,-1,-1
574,841,1470.65,303.37,51.39,68.77,0.9668,-1,-1,-1
574,900,1743.22,405.68,49.32,87.06,0.9641,-1,-1,-1
574,902,1629.88,351.47,70.07,78.02,0.963,-1,-1,-1
574,839,760.48,248.56,37.11,65.76,0.9583,-1,-1,-1
574,843,995.34,359.46,36.4,83.89,0.9555,-1,-1,-1
574,842,1021.16,241.09,26.0,46.53,0.9223,-1,-1,-1
575,875,206.66,479.09,56.46,106.8,0.9758,-1,-1,-1
575,874,56.89,762.08,56.93,142.04,0.9751,-1,-1,-1
575,837,644.57,735.69,42.88,126.8,0.9744,-1,-1,-1
575,834,911.26,487.92,42.86,100.99,0.9742,-1,-1,-1
575,902,1627.79,352.62,68.69,79.26,0.9684,-1,-1,-1
575,906,897.43,376.17,40.3,87.15,0.9679,-1,-1,-1
575,845,1458.03,587.67,37.18,121.0,0.9671,-1,-1,-1
575,841,1476.03,303.39,45.32,68.95,0.9663,-1,-1,-1
575,900,1746.47,415.92,49.42,76.59,0.965,-1,-1,-1
575,849,1452.41,465.53,48.44,96.76,0.9647,-1,-1,-1
575,843,999.25,356.37,35.89,87.6,0.9639,-1,-1,-1
575,839,763.28,250.29,30.14,64.06,0.9528,-1,-1,-1
575,842,1012.29,242.24,30.32,48.52,0.9465,-1,-1,-1
575,911,1764.96,400.58,27.39,57.08,0.7779,-1,-1,-1
576,875,206.67,479.14,56.44,106.71,0.9758,-1,-1,-1
576,874,57.19,762.13,56.65,142.12,0.9751,-1,-1,-1
576,837,644.63,735.72,42.87,126.75,0.9744,-1,-1,-1
576,834,911.22,487.94,42.89,101.03,0.9741,-1,-1,-1
576,902,1627.8,352.6,68.62,79.33,0.9684,-1,-1,-1
576,906,897.41,376.18,40.31,87.14,0.9679,-1,-1,-1
576,845,1458.0,587.65,37.2,121.02,0.9673,-1,-1,-1
576,841,1476.04,303.39,45.27,68.94,0.9664,-1,-1,-1
576,900,1746.5,415.77,49.36,76.74,0.9646,-1,-1,-1
576,843,999.31,356.37,35.8,87.59,0.964,-1,-1,-1
576,849,1452.44,465.57,48.12,96.72,0.9637,-1,-1,-1
576,839,763.22,250.31,30.05,64.08,0.9534,-1,-1,-1
576,842,1012.34,242.19,30.34,48.58,0.9465,-1,-1,-1
576,911,1764.65,400.55,27.66,57.45,0.7722,-1,-1,-1
577,874,60.22,762.21,50.99,142.64,0.975,-1,-1,-1
577,837,645.75,735.66,42.8,123.98,0.975,-1,-1,-1
577,875,199.45,477.53,61.55,102.61,0.9744,-1,-1,-1
577,834,913.69,485.58,51.45,104.63,0.9737,-1,-1,-1
577,849,1456.0,466.21,49.88,94.83,0.9681,-1,-1,-1
577,906,900.63,373.06,38.25,91.52,0.9656,-1,-1,-1
577,900,1750.87,416.02,47.72,77.68,0.9653,-1,-1,-1
577,845,1462.04,588.92,36.64,120.19,0.9643,-1,-1,-1
577,902,1629.54,353.68,56.41,78.38,0.9639,-1,-1,-1
577,841,1480.32,303.03,42.84,68.66,0.9638,-1,-1,-1
577,842,994.5,242.93,46.25,49.31,0.9583,-1,-1,-1
577,843,1006.18,353.55,30.43,88.45,0.9545,-1,-1,-1
577,839,764.78,250.94,27.3,62.99,0.9503,-1,-1,-1
577,911,1769.48,405.22,25.63,52.79,0.5655,-1,-1,-1
578,837,646.83,735.44,43.7,122.62,0.9767,-1,-1,-1
578,874,61.92,762.24,49.09,140.75,0.9745,-1,-1,-1
578,834,917.63,488.87,57.81,100.9,0.974,-1,-1,-1
578,875,192.71,477.23,63.68,98.43,0.9715,-1,-1,-1
578,841,1483.51,302.75,43.52,69.06,0.9697,-1,-1,-1
578,902,1633.35,352.97,48.36,79.36,0.9695,-1,-1,-1
578,849,1460.66,467.34,46.51,92.04,0.9683,-1,-1,-1
578,845,1465.64,589.46,37.22,120.58,0.9664,-1,-1,-1
578,906,904.81,371.86,37.23,92.21,0.958,-1,-1,-1
578,842,984.98,242.51,49.3,51.08,0.9555,-1,-1,-1
578,900,1756.15,413.8,43.12,79.13,0.9548,-1,-1,-1
578,843,1008.8,350.6,28.26,90.28,0.9518,-1,-1,-1
578,839,766.07,251.58,26.25,62.1,0.9429,-1,-1,-1
578,911,1760.15,396.31,29.71,56.3,0.7303,-1,-1,-1
579,834,921.9,490.32,62.65,99.35,0.9759,-1,-1,-1
579,874,62.73,762.13,47.85,138.69,0.9751,-1,-1,-1
579,837,647.77,735.11,46.28,125.36,0.9746,-1,-1,-1
579,875,187.15,477.03,63.33,98.34,0.9708,-1,-1,-1
579,841,1487.37,302.29,43.96,68.6,0.9686,-1,-1,-1
579,849,1464.8,467.99,47.46,90.94,0.9648,-1,-1,-1
579,906,910.5,368.96,34.23,89.86,0.9622,-1,-1,-1
579,845,1469.67,588.8,35.99,120.39,0.9572,-1,-1,-1
579,902,1632.9,352.8,35.2,80.75,0.9567,-1,-1,-1
579,843,1011.78,348.23,27.2,91.26,0.9543,-1,-1,-1
579,900,1761.13,413.66,37.54,77.03,0.9532,-1,-1,-1
579,839,766.68,251.71,26.18,64.9,0.9468,-1,-1,-1
579,842,983.51,243.69,38.24,51.68,0.9433,-1,-1,-1
579,911,1765.03,398.51,25.3,55.05,0.8387,-1,-1,-1
580,837,649.4,734.68,46.14,126.97,0.9735,-1,-1,-1
580,874,64.5,762.39,47.63,136.79,0.9728,-1,-1,-1
580,875,182.63,476.9,57.68,97.85,0.9722,-1,-1,-1
580,902,1631.91,351.63,31.34,81.7,0.9676,-1,-1,-1
580,906,914.78,368.03,33.42,86.5,0.9673,-1,-1,-1
580,849,1467.5,467.75,46.35,91.16,0.9664,-1,-1,-1
580,834,926.91,492.22,64.26,98.56,0.9644,-1,-1,-1
580,841,1488.77,301.22,46.67,69.29,0.9641,-1,-1,-1
580,845,1472.48,589.08,36.15,119.01,0.9625,-1,-1,-1
580,843,1014.46,346.76,27.65,89.08,0.9558,-1,-1,-1
580,839,768.44,251.99,26.1,69.5,0.948,-1,-1,-1
580,842,984.47,246.2,28.03,49.07,0.945,-1,-1,-1
580,900,1767.99,408.19,28.63,80.74,0.9349,-1,-1,-1
581,874,65.99,762.43,48.63,136.02,0.9756,-1,-1,-1
581,837,649.94,734.62,47.94,128.66,0.9746,-1,-1,-1
581,875,178.79,475.51,52.41,98.33,0.9738,-1,-1,-1
581,845,1474.99,590.49,38.2,115.72,0.9702,-1,-1,-1
581,834,933.91,493.03,60.53,96.38,0.97,-1,-1,-1
581,841,1491.74,300.74,48.52,69.89,0.9699,-1,-1,-1
581,849,1470.0,467.04,38.03,90.92,0.9684,-1,-1,-1
581,902,1628.44,352.09,32.92,80.16,0.9614,-1,-1,-1
581,906,920.25,368.08,29.93,80.61,0.9519,-1,-1,-1
581,842,980.28,247.11,26.61,48.01,0.949,-1,-1,-1
581,843,1018.26,346.58,26.77,84.89,0.9457,-1,-1,-1
581,839,770.25,252.32,26.01,72.38,0.944,-1,-1,-1
581,900,1769.49,407.76,27.32,80.82,0.9386,-1,-1,-1
582,874,65.97,762.44,48.73,136.04,0.9756,-1,-1,-1
582,837,649.94,734.63,47.91,128.64,0.9746,-1,-1,-1
582,875,178.71,475.51,52.56,98.36,0.9738,-1,-1,-1
582,845,1474.95,590.47,38.17,115.85,0.9701,-1,-1,-1
582,834,933.97,493.02,60.48,96.59,0.9699,-1,-1,-1
582,841,1491.75,300.73,48.5,69.91,0.9699,-1,-1,-1
582,849,1469.96,466.74,38.08,91.26,0.9684,-1,-1,-1
582,902,1628.45,352.08,32.91,80.35,0.9616,-1,-1,-1
582,906,920.26,368.06,29.92,80.68,0.9516,-1,-1,-1
582,842,980.29,247.1,26.63,48.04,0.9486,-1,-1,-1
582,843,1018.27,346.57,26.75,84.89,0.9456,-1,-1,-1
582,839,770.26,252.34,26.0,72.41,0.944,-1,-1,-1
582,900,1769.56,407.45,27.16,81.18,0.94,-1,-1,-1
583,837,651.34,734.71,48.47,130.21,0.976,-1,-1,-1
583,875,174.73,473.54,54.48,99.37,0.9745,-1,-1,-1
583,845,1476.81,589.43,40.98,114.4,0.9723,-1,-1,-1
583,902,1615.31,350.97,43.97,82.03,0.9708,-1,-1,-1
583,834,941.55,492.42,57.3,96.71,0.9695,-1,-1,-1
583,841,1494.2,299.76,49.12,70.79,0.9692,-1,-1,-1
583,874,66.99,762.53,52.88,135.29,0.9666,-1,-1,-1
583,849,1471.02,465.9,35.1,89.65,0.9635,-1,-1,-1
583,839,771.97,254.39,26.74,72.76,0.9543,-1,-1,-1
583,906,924.42,365.1,28.34,82.84,0.952,-1,-1,-1
583,843,1021.43,346.47,26.45,82.3,0.9511,-1,-1,-1
583,842,968.71,246.83,32.75,49.11,0.9493,-1,-1,-1
583,900,1770.57,398.66,28.45,91.39,0.9395,-1,-1,-1
584,875,171.45,472.66,57.85,100.94,0.9784,-1,-1,-1
584,837,652.3,734.81,49.69,131.01,0.9759,-1,-1,-1
584,834,949.67,490.56,50.44,97.95,0.9721,-1,-1,-1
584,902,1611.54,352.16,46.2,80.74,0.9714,-1,-1,-1
584,845,1480.45,589.02,42.63,113.65,0.9714,-1,-1,-1
584,841,1493.72,300.46,54.2,69.37,0.9695,-1,-1,-1
584,849,1472.53,464.6,35.77,88.84,0.9693,-1,-1,-1
584,874,67.72,762.48,54.15,135.82,0.9645,-1,-1,-1
584,842,958.1,247.52,43.95,51.64,0.9617,-1,-1,-1
584,839,773.96,255.59,26.94,72.62,0.9571,-1,-1,-1
584,843,1024.63,345.46,26.63,80.5,0.9543,-1,-1,-1
584,900,1771.06,397.88,31.41,92.14,0.9389,-1,-1,-1
584,906,928.17,366.86,27.69,81.01,0.9338,-1,-1,-1
585,837,656.09,735.46,49.03,131.19,0.9766,-1,-1,-1
585,834,955.9,488.92,48.0,97.72,0.976,-1,-1,-1
585,875,167.65,471.48,60.0,100.13,0.974,-1,-1,-1
585,845,1487.03,589.79,43.7,113.69,0.9716,-1,-1,-1
585,874,69.19,762.13,56.55,137.85,0.9703,-1,-1,-1
585,849,1473.42,463.85,39.4,88.53,0.9688,-1,-1,-1
585,841,1494.1,300.94,55.65,69.74,0.9687,-1,-1,-1
585,900,1765.31,396.48,41.18,94.7,0.9685,-1,-1,-1
585,842,952.54,248.11,44.11,53.51,0.9604,-1,-1,-1
585,843,1026.79,343.33,28.15,81.89,0.9583,-1,-1,-1
585,906,932.36,359.48,28.91,88.4,0.958,-1,-1,-1
585,902,1607.87,355.5,49.02,78.25,0.9563,-1,-1,-1
585,839,776.72,256.47,27.48,73.01,0.9541,-1,-1,-1
586,845,1491.66,589.45,47.32,113.59,0.9751,-1,-1,-1
586,837,659.72,735.8,49.2,130.63,0.9746,-1,-1,-1
586,849,1472.79,464.48,45.1,87.4,0.9737,-1,-1,-1
586,834,961.26,486.79,46.71,100.71,0.9732,-1,-1,-1
586,874,72.55,762.39,56.39,136.72,0.9706,-1,-1,-1
586,900,1762.99,405.79,47.86,85.28,0.9652,-1,-1,-1
586,842,951.27,249.71,39.49,54.71,0.9647,-1,-1,-1
586,841,1493.04,302.83,57.21,68.4,0.9643,-1,-1,-1
586,875,164.33,470.23,57.95,96.34,0.9637,-1,-1,-1
586,906,937.28,355.3,30.29,89.71,0.9614,-1,-1,-1
586,839,779.9,256.53,27.52,73.39,0.9562,-1,-1,-1
586,843,1030.42,341.18,28.49,83.85,0.9461,-1,-1,-1
586,902,1609.18,358.33,46.82,77.25,0.924,-1,-1,-1
587,874,77.77,761.35,51.91,133.78,0.9759,-1,-1,-1
587,837,664.36,735.5,47.83,131.35,0.9746,-1,-1,-1
587,834,964.89,485.55,46.84,101.16,0.9744,-1,-1,-1
587,849,1469.13,465.69,52.03,86.61,0.9716,-1,-1,-1
587,845,1495.42,589.42,52.14,114.64,0.9709,-1,-1,-1
587,875,162.54,469.68,53.41,95.41,0.9702,-1,-1,-1
587,906,942.14,353.07,31.61,92.72,0.9649,-1,-1,-1
587,841,1492.75,304.83,54.68,66.2,0.9629,-1,-1,-1
587,900,1761.51,405.19,53.95,87.03,0.9623,-1,-1,-1
587,842,954.45,252.2,31.4,53.4,0.96,-1,-1,-1
587,902,1610.86,360.21,44.8,74.7,0.9588,-1,-1,-1
587,843,1034.38,339.64,29.97,83.57,0.9564,-1,-1,-1
587,839,784.01,257.28,27.68,72.35,0.9473,-1,-1,-1
588,874,77.78,761.32,51.74,133.84,0.9761,-1,-1,-1
588,837,664.34,735.41,47.89,131.52,0.9747,-1,-1,-1
588,834,964.88,485.56,46.82,101.16,0.9743,-1,-1,-1
588,849,1469.06,465.7,52.1,86.61,0.9716,-1,-1,-1
588,845,1495.43,589.42,52.11,114.59,0.971,-1,-1,-1
588,875,162.55,469.69,53.36,95.41,0.9698,-1,-1,-1
588,906,942.14,353.07,31.59,92.73,0.9649,-1,-1,-1
588,841,1492.64,304.88,54.73,66.19,0.9637,-1,-1,-1
588,900,1761.55,405.73,53.89,86.4,0.962,-1,-1,-1
588,842,954.46,252.2,31.4,53.36,0.9598,-1,-1,-1
588,902,1610.92,360.08,44.46,74.9,0.9589,-1,-1,-1
588,843,1034.47,339.71,29.9,83.51,0.956,-1,-1,-1
588,839,784.01,257.28,27.68,72.36,0.9473,-1,-1,-1
589,834,968.52,484.56,47.05,98.94,0.9746,-1,-1,-1
589,837,668.2,734.71,48.7,131.56,0.9746,-1,-1,-1
589,874,80.96,760.81,51.92,130.27,0.9733,-1,-1,-1
589,849,1473.63,467.36,49.75,85.32,0.9721,-1,-1,-1
589,845,1500.85,589.01,55.35,115.12,0.9715,-1,-1,-1
589,875,160.49,469.13,52.31,94.4,0.9714,-1,-1,-1
589,906,946.27,350.07,34.17,93.62,0.9638,-1,-1,-1
589,900,1764.18,411.67,56.65,79.88,0.9636,-1,-1,-1
589,841,1492.25,307.99,50.28,64.15,0.9598,-1,-1,-1
589,843,1037.05,338.79,31.99,80.56,0.959,-1,-1,-1
589,839,787.35,257.07,28.5,78.91,0.9567,-1,-1,-1
589,902,1609.63,360.9,46.13,74.44,0.9525,-1,-1,-1
589,842,956.83,253.49,28.68,52.65,0.9508,-1,-1,-1
590,834,972.74,484.45,47.42,98.76,0.9745,-1,-1,-1
590,874,84.52,759.96,50.22,128.75,0.9742,-1,-1,-1
590,837,673.84,733.31,47.56,130.18,0.9722,-1,-1,-1
590,875,158.66,466.82,48.96,94.85,0.9695,-1,-1,-1
590,906,950.32,348.9,36.59,89.39,0.9694,-1,-1,-1
590,900,1768.76,415.07,56.27,76.08,0.9667,-1,-1,-1
590,849,1476.85,468.62,47.81,85.25,0.9652,-1,-1,-1
590,845,1507.33,590.95,58.31,114.38,0.9644,-1,-1,-1
590,842,952.69,254.97,32.2,54.52,0.9608,-1,-1,-1
590,843,1040.12,337.92,34.44,78.89,0.9598,-1,-1,-1
590,902,1607.58,360.92,49.72,76.63,0.9589,-1,-1,-1
590,841,1493.6,310.13,48.63,62.07,0.9498,-1,-1,-1
590,839,789.71,257.07,29.51,81.73,0.9496,-1,-1,-1
591,834,976.97,485.49,46.97,98.5,0.9786,-1,-1,-1
591,837,678.6,731.76,46.71,130.65,0.9762,-1,-1,-1
591,874,88.25,757.9,49.94,131.74,0.9753,-1,-1,-1
591,875,156.26,464.01,51.31,96.97,0.9742,-1,-1,-1
591,845,1512.83,591.88,61.36,113.92,0.9735,-1,-1,-1
591,849,1481.16,468.39,43.03,85.54,0.9714,-1,-1,-1
591,902,1611.56,360.56,47.77,78.18,0.9693,-1,-1,-1
591,906,954.36,348.45,40.89,84.51,0.969,-1,-1,-1
591,842,944.32,257.31,37.89,57.22,0.9639,-1,-1,-1
591,900,1771.19,414.37,55.58,77.34,0.9624,-1,-1,-1
591,841,1490.88,310.88,56.98,62.29,0.9579,-1,-1,-1
591,843,1044.8,338.05,34.84,77.96,0.9556,-1,-1,-1
591,839,790.74,258.32,32.68,86.9,0.9553,-1,-1,-1
592,875,153.7,461.32,58.24,99.51,0.9762,-1,-1,-1
592,834,979.24,487.73,50.08,96.23,0.9759,-1,-1,-1
592,837,684.06,730.98,45.48,128.66,0.9751,-1,-1,-1
592,845,1519.14,591.6,61.1,114.97,0.9712,-1,-1,-1
592,874,92.32,758.04,47.89,130.42,0.9705,-1,-1,-1
592,906,960.0,348.47,42.97,81.78,0.9682,-1,-1,-1
592,902,1615.64,360.37,45.87,78.44,0.9643,-1,-1,-1
592,839,792.1,260.23,34.57,85.84,0.963,-1,-1,-1
592,841,1494.49,311.6,56.33,62.28,0.9629,-1,-1,-1
592,849,1484.18,469.6,41.44,85.31,0.9622,-1,-1,-1
592,900,1776.05,406.11,51.03,86.73,0.9607,-1,-1,-1
592,843,1048.84,338.71,36.66,75.7,0.9603,-1,-1,-1
592,842,940.81,259.08,38.96,58.23,0.9496,-1,-1,-1
593,875,149.54,458.99,63.04,98.97,0.9745,-1,-1,-1
593,837,687.71,729.52,46.09,128.53,0.9737,-1,-1,-1
593,845,1524.76,592.84,60.76,114.72,0.9732,-1,-1,-1
593,843,1052.72,338.04,38.97,75.64,0.9729,-1,-1,-1
593,849,1486.49,468.56,44.09,85.55,0.9711,-1,-1,-1
593,906,964.99,348.31,43.57,79.35,0.9703,-1,-1,-1
593,874,96.29,755.84,48.65,132.86,0.9691,-1,-1,-1
593,834,982.31,489.86,52.06,95.83,0.9684,-1,-1,-1
593,839,794.08,261.24,36.18,84.15,0.9663,-1,-1,-1
593,842,938.86,261.35,36.54,59.27,0.9662,-1,-1,-1
593,841,1498.97,312.18,53.5,62.78,0.9632,-1,-1,-1
593,902,1619.72,359.51,45.31,79.55,0.9615,-1,-1,-1
593,900,1780.28,412.79,46.23,77.92,0.9604,-1,-1,-1
594,875,149.48,458.99,63.12,98.95,0.9745,-1,-1,-1
594,837,687.68,729.26,46.12,128.81,0.9737,-1,-1,-1
594,845,1524.7,592.83,60.82,114.71,0.9731,-1,-1,-1
594,843,1052.67,338.03,39.02,75.68,0.9729,-1,-1,-1
594,849,1486.5,468.4,44.08,85.7,0.9713,-1,-1,-1
594,906,965.0,348.3,43.54,79.44,0.9703,-1,-1,-1
594,874,96.32,755.87,48.59,132.72,0.9692,-1,-1,-1
594,834,982.32,489.84,52.06,95.85,0.9685,-1,-1,-1
594,839,793.99,261.22,36.26,84.18,0.9664,-1,-1,-1
594,842,938.71,261.33,36.71,59.36,0.9661,-1,-1,-1
594,841,1498.62,312.17,53.99,62.71,0.9623,-1,-1,-1
594,902,1619.73,359.43,45.32,79.64,0.9616,-1,-1,-1
594,900,1780.3,413.01,46.18,77.65,0.9599,-1,-1,-1
595,837,692.0,728.95,45.2,126.59,0.9747,-1,-1,-1
595,875,147.9,459.07,58.25,97.85,0.9728,-1,-1,-1
595,834,983.74,489.77,56.09,95.76,0.9728,-1,-1,-1
595,906,971.93,346.68,43.12,81.98,0.9717,-1,-1,-1
595,843,1057.9,336.31,42.27,77.52,0.9707,-1,-1,-1
595,845,1532.43,594.49,59.64,113.3,0.9699,-1,-1,-1
595,874,99.42,754.19,46.02,132.59,0.9687,-1,-1,-1
595,841,1500.63,312.67,53.46,64.67,0.9678,-1,-1,-1
595,849,1490.28,469.62,44.73,85.02,0.9665,-1,-1,-1
595,900,1786.38,404.02,39.37,87.6,0.9649,-1,-1,-1
595,902,1623.94,356.8,44.35,82.99,0.964,-1,-1,-1
595,842,939.39,263.24,33.3,57.76,0.9613,-1,-1,-1
595,839,797.47,262.19,36.27,82.82,0.9569,-1,-1,-1
596,875,146.77,458.43,51.09,98.91,0.975,-1,-1,-1
596,837,695.6,728.37,46.05,126.49,0.9739,-1,-1,-1
596,845,1536.09,594.3,62.28,113.95,0.9731,-1,-1,-1
596,834,987.46,491.06,56.51,93.1,0.9729,-1,-1,-1
596,843,1062.36,334.25,43.45,78.78,0.9708,-1,-1,-1
596,906,978.2,344.41,40.91,82.74,0.9695,-1,-1,-1
596,902,1628.89,355.05,43.28,84.44,0.9678,-1,-1,-1
596,849,1493.89,469.38,46.14,84.87,0.9676,-1,-1,-1
596,841,1503.08,312.43,50.89,67.42,0.966,-1,-1,-1
596,874,103.36,752.45,43.95,133.36,0.9629,-1,-1,-1
596,842,941.04,263.81,29.95,56.96,0.9573,-1,-1,-1
596,839,803.08,263.22,34.23,84.56,0.9538,-1,-1,-1
596,900,1791.84,407.59,34.2,83.96,0.9478,-1,-1,-1
597,837,698.37,728.16,48.22,124.7,0.9761,-1,-1,-1
597,875,142.97,458.41,46.33,99.32,0.9733,-1,-1,-1
597,834,993.85,490.35,53.7,93.12,0.9733,-1,-1,-1
597,845,1542.3,595.26,60.96,113.62,0.9725,-1,-1,-1
597,843,1067.41,332.63,44.38,79.57,0.9714,-1,-1,-1
597,849,1498.08,469.83,46.4,85.15,0.9691,-1,-1,-1
597,906,988.28,342.4,34.86,85.06,0.9684,-1,-1,-1
597,841,1508.05,313.62,43.24,65.19,0.967,-1,-1,-1
597,839,807.62,263.53,35.25,93.81,0.9644,-1,-1,-1
597,842,942.12,264.24,27.28,56.87,0.9582,-1,-1,-1
597,902,1634.18,354.41,42.73,86.09,0.9506,-1,-1,-1
597,874,106.38,752.03,41.68,131.07,0.9316,-1,-1,-1
597,900,1798.31,403.28,30.91,89.69,0.9287,-1,-1,-1
598,845,1546.26,595.9,61.65,114.35,0.9774,-1,-1,-1
598,875,136.71,458.1,46.66,98.78,0.9771,-1,-1,-1
598,837,702.25,727.38,47.47,124.75,0.9765,-1,-1,-1
598,834,1000.89,490.29,51.65,92.66,0.9738,-1,-1,-1
598,902,1640.91,354.72,39.62,85.73,0.9707,-1,-1,-1
598,843,1071.3,332.01,46.65,79.58,0.9703,-1,-1,-1
598,849,1504.07,468.99,45.45,86.34,0.9673,-1,-1,-1
598,841,1508.82,314.97,39.25,64.46,0.9635,-1,-1,-1
598,906,994.57,340.23,33.35,86.14,0.9631,-1,-1,-1
598,842,939.34,264.47,29.25,63.25,0.9597,-1,-1,-1
598,839,813.81,268.61,34.12,87.19,0.9563,-1,-1,-1
598,874,108.5,751.37,41.27,125.31,0.9474,-1,-1,-1
598,912,1528.11,141.55,39.06,57.4,0.9246,-1,-1,-1
598,900,1802.72,415.18,29.95,76.63,0.9115,-1,-1,-1
599,837,703.06,726.53,50.42,125.11,0.9764,-1,-1,-1
599,834,1005.77,488.83,51.89,94.27,0.9722,-1,-1,-1
599,849,1509.38,468.29,44.65,87.12,0.9718,-1,-1,-1
599,875,132.17,456.86,47.53,97.5,0.971,-1,-1,-1
599,843,1079.04,331.01,46.23,78.04,0.9692,-1,-1,-1
599,902,1647.32,355.04,37.17,88.07,0.9668,-1,-1,-1
599,845,1552.9,595.36,60.38,115.02,0.9661,-1,-1,-1
599,906,1000.67,338.7,31.46,86.52,0.9632,-1,-1,-1
599,874,111.09,750.86,40.68,125.32,0.963,-1,-1,-1
599,839,817.6,271.36,35.59,86.81,0.9604,-1,-1,-1
599,842,939.68,265.03,28.96,67.96,0.954,-1,-1,-1
599,841,1505.73,315.03,38.81,65.41,0.9437,-1,-1,-1
599,900,1806.18,414.09,29.59,79.08,0.9221,-1,-1,-1
599,912,1526.28,141.81,41.89,56.88,0.8891,-1,-1,-1
599,913,1809.49,397.57,24.73,55.05,0.5045,-1,-1,-1
600,837,703.09,726.5,50.41,125.16,0.9765,-1,-1,-1
600,834,1005.77,488.86,51.88,94.24,0.9722,-1,-1,-1
600,849,1509.39,468.29,44.65,87.12,0.9719,-1,-1,-1
600,875,132.13,456.78,47.56,97.55,0.9711,-1,-1,-1
600,843,1079.11,331.1,46.15,77.92,0.969,-1,-1,-1
600,902,1647.33,355.05,37.2,88.04,0.9668,-1,-1,-1
600,845,1552.95,595.34,60.36,115.02,0.9661,-1,-1,-1
600,874,111.06,750.92,40.56,125.36,0.964,-1,-1,-1
600,906,1000.67,338.73,31.42,86.36,0.963,-1,-1,-1
600,839,817.55,271.33,35.62,86.87,0.96,-1,-1,-1
600,842,939.61,265.05,29.14,67.92,0.9538,-1,-1,-1
600,841,1505.35,314.99,39.23,65.35,0.9467,-1,-1,-1
600,900,1806.12,413.94,29.67,79.24,0.9194,-1,-1,-1
600,912,1526.28,141.87,41.85,56.79,0.8897,-1,-1,-1
600,914,817.57,340.86,10.34,21.6,0.618,-1,-1,-1
600,913,1809.5,397.66,24.7,55.1,0.5002,-1,-1,-1
601,837,700.88,726.1,54.65,125.5,0.9744,-1,-1,-1
601,875,129.33,454.85,55.82,97.73,0.9721,-1,-1,-1
601,845,1561.75,596.03,57.41,115.15,0.9721,-1,-1,-1
601,834,1010.28,487.4,53.37,95.17,0.972,-1,-1,-1
601,843,1087.7,328.56,43.82,79.13,0.9688,-1,-1,-1
601,849,1514.89,468.39,43.33,88.25,0.9647,-1,-1,-1
601,906,1006.26,336.8,32.44,87.16,0.9641,-1,-1,-1
601,839,821.14,273.74,36.61,87.02,0.9621,-1,-1,-1
601,902,1653.33,357.23,35.58,87.01,0.9609,-1,-1,-1
601,874,112.18,750.03,40.08,133.04,0.96,-1,-1,-1
601,842,937.67,266.37,30.76,68.41,0.9586,-1,-1,-1
601,841,1508.08,314.89,37.06,68.95,0.9296,-1,-1,-1
601,900,1806.01,413.63,32.65,80.2,0.911,-1,-1,-1
601,912,1526.41,141.62,42.14,57.98,0.8529,-1,-1,-1
602,837,698.64,725.38,60.73,126.48,0.9751,-1,-1,-1
602,845,1572.86,596.74,50.71,114.97,0.9746,-1,-1,-1
602,834,1014.53,485.86,55.69,96.46,0.9734,-1,-1,-1
602,875,127.58,453.67,61.47,96.26,0.9721,-1,-1,-1
602,839,823.0,274.36,39.18,88.39,0.9704,-1,-1,-1
602,843,1099.34,326.06,38.74,81.25,0.9677,-1,-1,-1
602,849,1520.93,468.25,42.04,88.99,0.9612,-1,-1,-1
602,902,1658.92,358.25,33.47,86.69,0.9607,-1,-1,-1
602,842,937.03,268.19,32.35,66.78,0.9604,-1,-1,-1
602,906,1012.34,336.75,31.73,86.06,0.9598,-1,-1,-1
602,841,1511.4,315.94,35.03,71.75,0.9563,-1,-1,-1
602,874,113.63,749.93,40.2,134.0,0.9258,-1,-1,-1
602,900,1809.98,413.16,32.9,80.23,0.9095,-1,-1,-1
602,912,1531.59,142.69,35.37,58.15,0.8903,-1,-1,-1
603,834,1019.33,486.29,58.09,96.24,0.9744,-1,-1,-1
603,837,698.37,725.28,64.68,126.6,0.9735,-1,-1,-1
603,875,125.36,453.81,59.55,95.53,0.9714,-1,-1,-1
603,845,1588.0,596.1,42.12,117.05,0.9701,-1,-1,-1
603,839,824.43,274.77,42.02,90.19,0.9697,-1,-1,-1
603,874,115.28,750.32,44.68,133.69,0.9652,-1,-1,-1
603,849,1526.28,469.26,41.38,88.63,0.9627,-1,-1,-1
603,842,937.26,269.82,34.69,64.88,0.96,-1,-1,-1
603,902,1663.25,359.91,33.97,86.24,0.9593,-1,-1,-1
603,843,1111.66,323.12,34.17,83.22,0.9549,-1,-1,-1
603,906,1018.78,338.01,30.47,77.9,0.954,-1,-1,-1
603,841,1513.38,316.4,34.09,73.28,0.9508,-1,-1,-1
603,912,1535.4,143.71,28.2,57.7,0.9389,-1,-1,-1
603,900,1814.7,424.0,30.38,69.91,0.8405,-1,-1,-1
604,837,700.18,725.67,67.48,126.8,0.9753,-1,-1,-1
604,834,1025.35,487.61,58.72,94.3,0.9741,-1,-1,-1
604,845,1595.54,598.1,41.08,118.12,0.9739,-1,-1,-1
604,875,125.72,454.64,53.44,93.53,0.9718,-1,-1,-1
604,839,827.89,275.36,42.62,90.66,0.9716,-1,-1,-1
604,849,1531.64,469.4,41.91,88.07,0.9681,-1,-1,-1
604,841,1515.44,317.69,34.39,74.53,0.9672,-1,-1,-1
604,874,114.76,750.31,60.32,134.77,0.9629,-1,-1,-1
604,842,937.01,271.07,36.79,68.46,0.9619,-1,-1,-1
604,843,1122.84,320.7,30.89,85.87,0.9596,-1,-1,-1
604,906,1025.46,338.15,30.01,78.69,0.9581,-1,-1,-1
604,902,1668.36,360.62,33.85,87.37,0.9575,-1,-1,-1
604,900,1823.04,408.67,28.64,81.1,0.8193,-1,-1,-1
604,912,1540.55,144.29,24.28,56.5,0.7762,-1,-1,-1
605,837,704.74,724.44,67.34,127.96,0.9764,-1,-1,-1
605,874,118.69,749.8,64.48,132.36,0.9749,-1,-1,-1
605,834,1031.31,488.63,61.74,93.35,0.9735,-1,-1,-1
605,875,127.16,454.63,41.38,93.02,0.9702,-1,-1,-1
605,839,831.52,278.72,44.6,88.54,0.9691,-1,-1,-1
605,845,1607.01,598.66,37.79,119.57,0.9676,-1,-1,-1
605,841,1515.69,319.24,38.74,75.72,0.9671,-1,-1,-1
605,842,934.35,272.13,37.4,72.06,0.9669,-1,-1,-1
605,906,1031.37,338.7,31.78,77.46,0.9656,-1,-1,-1
605,849,1539.92,470.65,39.45,86.58,0.9622,-1,-1,-1
605,843,1134.09,317.74,27.56,86.4,0.9597,-1,-1,-1
605,902,1675.31,362.04,33.92,85.67,0.9567,-1,-1,-1
605,912,1543.73,144.36,23.27,57.29,0.8864,-1,-1,-1
605,900,1828.2,400.6,28.71,93.03,0.8314,-1,-1,-1
606,837,704.74,724.43,67.32,127.98,0.9765,-1,-1,-1
606,874,118.65,749.81,64.48,132.34,0.9748,-1,-1,-1
606,834,1031.29,488.62,61.78,93.52,0.9735,-1,-1,-1
606,875,127.23,454.61,41.37,93.05,0.9704,-1,-1,-1
606,839,831.4,278.71,44.98,88.6,0.9692,-1,-1,-1
606,845,1607.02,598.67,37.77,119.54,0.9675,-1,-1,-1
606,842,934.45,272.13,37.28,72.06,0.9669,-1,-1,-1
606,841,1515.73,319.25,38.7,75.63,0.9665,-1,-1,-1
606,906,1031.39,338.69,31.8,77.49,0.9656,-1,-1,-1
606,849,1539.9,470.64,39.47,86.58,0.9623,-1,-1,-1
606,843,1134.06,317.73,27.63,86.37,0.9596,-1,-1,-1
606,902,1675.29,362.03,33.95,85.61,0.9568,-1,-1,-1
606,912,1543.68,144.37,23.3,57.25,0.8993,-1,-1,-1
606,900,1827.94,400.66,28.96,93.04,0.8385,-1,-1,-1
607,834,1038.83,491.8,61.45,90.34,0.9752,-1,-1,-1
607,837,708.93,724.02,69.31,128.1,0.9737,-1,-1,-1
607,874,122.11,749.94,67.62,129.7,0.9701,-1,-1,-1
607,875,129.02,454.55,34.7,90.91,0.9691,-1,-1,-1
607,842,931.84,275.26,40.6,72.63,0.9682,-1,-1,-1
607,839,836.12,280.32,46.8,87.61,0.9671,-1,-1,-1
607,849,1548.13,472.05,37.95,85.1,0.966,-1,-1,-1
607,841,1521.09,320.31,37.88,77.59,0.9655,-1,-1,-1
607,906,1037.16,337.28,33.79,77.19,0.9635,-1,-1,-1
607,902,1683.72,361.42,32.4,88.2,0.9601,-1,-1,-1
607,845,1615.53,601.03,36.76,118.6,0.9589,-1,-1,-1
607,843,1144.26,317.4,26.46,84.38,0.9515,-1,-1,-1
607,912,1543.82,144.13,28.21,59.77,0.9332,-1,-1,-1
607,900,1833.65,403.29,30.75,90.85,0.8982,-1,-1,-1
608,837,716.43,723.79,68.09,127.0,0.9749,-1,-1,-1
608,834,1046.16,492.5,61.58,87.77,0.974,-1,-1,-1
608,874,127.08,749.05,67.87,128.81,0.9739,-1,-1,-1
608,842,934.68,278.77,37.74,72.42,0.9672,-1,-1,-1
608,849,1555.69,474.06,37.37,84.7,0.9652,-1,-1,-1
608,875,130.75,453.0,34.33,90.68,0.9651,-1,-1,-1
608,906,1043.48,336.23,37.67,78.43,0.9635,-1,-1,-1
608,845,1626.14,602.52,35.84,120.16,0.9599,-1,-1,-1
608,839,840.07,284.32,46.0,85.66,0.9578,-1,-1,-1
608,841,1528.66,322.17,33.51,76.53,0.9569,-1,-1,-1
608,902,1693.18,361.2,32.48,88.87,0.956,-1,-1,-1
608,843,1154.47,316.79,26.84,83.23,0.9511,-1,-1,-1
608,912,1542.55,144.66,33.05,60.11,0.9229,-1,-1,-1
608,900,1842.0,399.54,30.02,94.29,0.856,-1,-1,-1
609,837,724.24,723.56,67.48,127.61,0.9752,-1,-1,-1
609,874,133.78,746.82,64.21,133.66,0.9715,-1,-1,-1
609,875,131.38,450.3,44.6,93.92,0.9713,-1,-1,-1
609,834,1054.77,493.72,61.84,87.81,0.9702,-1,-1,-1
609,845,1635.23,605.16,38.2,119.87,0.9662,-1,-1,-1
609,839,847.05,286.12,43.96,84.09,0.9658,-1,-1,-1
609,906,1051.12,334.85,38.23,79.04,0.9634,-1,-1,-1
609,841,1538.5,323.32,29.34,75.28,0.9569,-1,-1,-1
609,849,1564.19,476.46,37.49,81.79,0.9566,-1,-1,-1
609,843,1165.05,317.45,27.64,81.88,0.9565,-1,-1,-1
609,902,1703.01,361.08,32.23,90.64,0.9559,-1,-1,-1
609,842,940.61,282.29,34.52,68.58,0.9548,-1,-1,-1
609,912,1547.0,145.06,34.27,58.64,0.9022,-1,-1,-1
609,900,1849.73,398.91,31.28,96.39,0.8814,-1,-1,-1
610,845,1641.8,607.13,44.95,118.26,0.9773,-1,-1,-1
610,875,128.72,447.72,57.32,96.03,0.9726,-1,-1,-1
610,834,1063.35,493.16,61.45,87.61,0.972,-1,-1,-1
610,837,734.57,724.3,65.96,126.67,0.9706,-1,-1,-1
610,874,138.89,745.93,58.1,133.89,0.9682,-1,-1,-1
610,839,855.92,287.65,41.78,84.0,0.9627,-1,-1,-1
610,906,1063.34,334.62,36.11,79.05,0.9616,-1,-1,-1
610,849,1572.45,478.05,37.78,81.57,0.959,-1,-1,-1
610,842,950.46,285.07,32.0,65.75,0.9492,-1,-1,-1
610,841,1547.29,323.9,27.4,75.42,0.9484,-1,-1,-1
610,900,1858.44,399.14,31.84,97.08,0.9459,-1,-1,-1
610,902,1712.61,361.92,32.64,91.58,0.9455,-1,-1,-1
610,843,1176.34,318.28,28.24,80.96,0.9449,-1,-1,-1
610,912,1552.75,144.31,34.76,61.79,0.8927,-1,-1,-1
610,915,0.0,268.21,14.49,80.04,0.7599,-1,-1,-1
611,837,746.3,725.24,62.15,125.72,0.976,-1,-1,-1
611,834,1070.71,493.78,61.62,86.55,0.973,-1,-1,-1
611,845,1649.22,608.46,49.74,121.58,0.9725,-1,-1,-1
611,875,130.63,447.4,56.66,98.15,0.9724,-1,-1,-1
611,874,145.24,743.97,49.59,134.86,0.9715,-1,-1,-1
611,839,864.36,288.0,40.36,81.43,0.9656,-1,-1,-1
611,906,1072.38,334.88,36.66,77.44,0.9626,-1,-1,-1
611,842,954.81,285.4,35.01,69.51,0.9622,-1,-1,-1
611,849,1581.1,479.71,37.32,79.04,0.9612,-1,-1,-1
611,841,1555.47,323.93,27.25,75.97,0.9586,-1,-1,-1
611,843,1186.86,319.94,32.37,80.1,0.9456,-1,-1,-1
611,912,1559.4,144.71,33.25,62.65,0.9184,-1,-1,-1
611,900,1865.25,405.43,34.07,91.55,0.8698,-1,-1,-1
611,902,1723.17,361.63,33.21,92.53,0.8652,-1,-1,-1
611,915,0.0,253.23,21.32,79.39,0.7113,-1,-1,-1
612,837,746.3,725.25,62.21,125.84,0.9761,-1,-1,-1
612,834,1070.8,493.78,61.51,86.55,0.973,-1,-1,-1
612,845,1649.28,608.44,49.6,121.56,0.9727,-1,-1,-1
612,875,129.23,446.75,58.19,98.46,0.9724,-1,-1,-1
612,874,145.2,744.01,49.63,134.81,0.9708,-1,-1,-1
612,839,864.34,288.01,40.35,81.51,0.9653,-1,-1,-1
612,906,1072.36,334.89,36.73,77.51,0.9626,-1,-1,-1
612,842,954.74,285.38,35.07,69.5,0.9623,-1,-1,-1
612,849,1581.16,479.73,37.17,79.04,0.9604,-1,-1,-1
612,841,1555.59,323.93,27.14,75.92,0.9587,-1,-1,-1
612,843,1187.11,319.9,32.05,80.17,0.9455,-1,-1,-1
612,912,1559.43,144.63,33.24,62.7,0.9187,-1,-1,-1
612,900,1865.24,405.54,33.9,91.27,0.8967,-1,-1,-1
612,902,1723.15,361.56,33.23,92.58,0.8665,-1,-1,-1
612,915,0.0,252.67,21.17,87.34,0.7624,-1,-1,-1
613,837,757.5,725.77,58.89,125.29,0.9754,-1,-1,-1
613,874,150.41,744.47,45.2,134.35,0.975,-1,-1,-1
613,875,132.11,447.5,52.59,98.15,0.9734,-1,-1,-1
613,834,1077.59,491.89,63.03,87.06,0.9711,-1,-1,-1
613,845,1656.39,610.78,54.72,119.75,0.9698,-1,-1,-1
613,906,1080.41,335.38,37.79,77.14,0.9684,-1,-1,-1
613,839,870.26,291.12,39.42,81.62,0.9644,-1,-1,-1
613,842,957.74,286.88,33.7,72.5,0.9589,-1,-1,-1
613,841,1562.39,323.41,28.59,76.54,0.9586,-1,-1,-1
613,843,1196.19,321.38,37.39,78.45,0.9548,-1,-1,-1
613,849,1588.7,480.28,38.1,80.62,0.9526,-1,-1,-1
613,902,1734.68,361.08,33.14,93.36,0.9486,-1,-1,-1
613,900,1870.53,404.58,36.84,94.43,0.9265,-1,-1,-1
613,912,1569.46,146.28,27.74,62.04,0.8282,-1,-1,-1
613,915,1.42,268.71,27.55,49.31,0.7948,-1,-1,-1
614,837,766.05,726.98,58.44,122.76,0.9732,-1,-1,-1
614,874,155.68,743.73,47.69,134.35,0.9727,-1,-1,-1
614,875,136.25,448.5,42.57,97.83,0.9727,-1,-1,-1
614,834,1082.98,492.51,64.18,85.92,0.9703,-1,-1,-1
614,906,1089.21,334.54,37.62,78.1,0.9663,-1,-1,-1
614,841,1563.98,323.18,34.39,79.35,0.9647,-1,-1,-1
614,845,1664.11,613.29,58.01,120.01,0.9639,-1,-1,-1
614,839,877.46,293.16,36.95,82.72,0.9623,-1,-1,-1
614,843,1204.29,323.14,41.94,76.77,0.9598,-1,-1,-1
614,902,1746.77,360.94,31.86,93.63,0.9532,-1,-1,-1
614,842,960.42,289.1,29.47,74.89,0.9488,-1,-1,-1
614,900,1876.26,408.54,41.07,91.73,0.9474,-1,-1,-1
614,849,1597.2,480.87,36.95,79.66,0.9358,-1,-1,-1
614,912,1577.87,146.02,23.99,61.09,0.8969,-1,-1,-1
614,917,1.46,298.39,20.52,53.26,0.5347,-1,-1,-1
615,874,158.84,743.7,51.59,132.97,0.9773,-1,-1,-1
615,834,1087.54,492.65,64.5,87.04,0.9772,-1,-1,-1
615,837,769.89,728.24,63.7,120.58,0.9749,-1,-1,-1
615,875,136.87,447.94,39.47,98.28,0.9691,-1,-1,-1
615,841,1568.24,321.79,36.64,81.7,0.9687,-1,-1,-1
615,906,1096.99,332.72,38.15,80.16,0.9676,-1,-1,-1
615,849,1604.22,482.62,38.81,78.61,0.9639,-1,-1,-1
615,845,1672.43,615.53,58.09,118.99,0.9638,-1,-1,-1
615,839,882.13,294.82,37.59,84.2,0.9613,-1,-1,-1
615,843,1213.5,323.61,42.84,76.04,0.9607,-1,-1,-1
615,902,1758.14,362.13,31.78,93.39,0.9594,-1,-1,-1
615,842,961.12,291.95,28.41,73.8,0.9569,-1,-1,-1
615,900,1881.88,410.16,38.12,91.36,0.9411,-1,-1,-1
615,912,1583.04,146.23,23.82,61.28,0.7463,-1,-1,-1
615,918,3.77,268.67,39.93,84.24,0.5185,-1,-1,-1
616,837,771.28,728.07,69.34,118.81,0.9762,-1,-1,-1
616,874,158.12,743.86,64.55,133.05,0.9751,-1,-1,-1
616,834,1089.53,493.15,63.37,85.52,0.9738,-1,-1,-1
616,875,134.9,446.63,41.28,98.98,0.9695,-1,-1,-1
616,845,1681.26,616.66,60.2,119.58,0.9692,-1,-1,-1
616,906,1105.63,330.45,37.66,82.79,0.9686,-1,-1,-1
616,843,1224.44,324.62,40.05,74.8,0.9675,-1,-1,-1
616,841,1575.48,322.52,37.03,81.93,0.9674,-1,-1,-1
616,917,11.06,269.73,40.38,82.44,0.9657,-1,-1,-1
616,839,888.48,295.53,35.17,83.38,0.9618,-1,-1,-1
616,902,1770.11,363.0,29.57,94.81,0.9612,-1,-1,-1
616,849,1612.49,483.69,38.26,78.77,0.9594,-1,-1,-1
616,842,963.01,295.09,30.05,70.79,0.9519,-1,-1,-1
616,912,1588.86,145.89,22.69,62.28,0.9275,-1,-1,-1
616,900,1890.22,405.47,29.78,97.86,0.9193,-1,-1,-1
617,837,770.99,728.68,75.2,116.84,0.9764,-1,-1,-1
617,874,157.64,742.74,73.53,133.55,0.9757,-1,-1,-1
617,875,134.28,446.28,48.44,99.13,0.975,-1,-1,-1
617,906,1113.63,328.04,36.47,84.39,0.9712,-1,-1,-1
617,834,1090.49,495.44,60.73,83.91,0.9701,-1,-1,-1
617,845,1691.22,617.31,58.79,120.69,0.969,-1,-1,-1
617,843,1233.61,323.0,38.71,75.95,0.9673,-1,-1,-1
617,842,963.62,297.49,35.8,68.97,0.9662,-1,-1,-1
617,917,16.47,271.44,40.46,80.39,0.9655,-1,-1,-1
617,849,1619.74,484.85,38.82,77.97,0.9589,-1,-1,-1
617,902,1779.58,365.01,28.95,94.38,0.9542,-1,-1,-1
617,839,895.38,295.32,32.06,83.53,0.9537,-1,-1,-1
617,841,1583.2,322.28,35.6,86.56,0.953,-1,-1,-1
617,912,1592.99,144.84,26.06,64.89,0.9508,-1,-1,-1
617,900,1898.86,401.81,20.95,101.09,0.8391,-1,-1,-1
618,837,770.92,728.8,75.41,116.9,0.9762,-1,-1,-1
618,874,157.66,742.72,73.53,133.6,0.9758,-1,-1,-1
618,875,134.25,446.22,48.45,99.29,0.975,-1,-1,-1
618,906,1113.64,328.07,36.45,84.38,0.9711,-1,-1,-1
618,834,1090.47,495.39,60.78,83.95,0.9702,-1,-1,-1
618,845,1691.21,617.3,58.81,120.71,0.9689,-1,-1,-1
618,843,1233.59,322.99,38.75,75.95,0.9673,-1,-1,-1
618,842,963.6,297.48,35.8,69.0,0.9662,-1,-1,-1
618,917,16.44,271.46,40.47,80.41,0.9653,-1,-1,-1
618,849,1619.84,484.88,38.79,78.05,0.959,-1,-1,-1
618,902,1779.64,365.01,28.9,94.34,0.9551,-1,-1,-1
618,839,895.39,295.28,32.05,83.56,0.953,-1,-1,-1
618,841,1583.18,322.27,35.63,86.66,0.9528,-1,-1,-1
618,912,1593.0,144.86,25.96,64.84,0.9514,-1,-1,-1
618,900,1898.83,401.66,20.98,101.14,0.8351,-1,-1,-1
619,874,161.27,742.66,77.16,133.18,0.9761,-1,-1,-1
619,875,134.22,445.71,52.09,101.98,0.9755,-1,-1,-1
619,837,769.78,729.85,79.4,114.86,0.9732,-1,-1,-1
619,917,21.34,272.0,41.3,80.2,0.9689,-1,-1,-1
619,906,1120.25,327.49,37.83,83.63,0.9688,-1,-1,-1
619,842,962.64,298.68,39.12,74.09,0.9684,-1,-1,-1
619,834,1090.02,498.77,60.07,80.7,0.9666,-1,-1,-1
619,845,1706.77,618.58,52.12,119.74,0.9655,-1,-1,-1
619,843,1242.56,320.93,37.73,78.43,0.9624,-1,-1,-1
619,841,1587.08,324.74,39.32,87.29,0.9618,-1,-1,-1
619,902,1788.2,368.36,29.67,93.47,0.961,-1,-1,-1
619,839,901.55,293.76,32.24,85.08,0.9604,-1,-1,-1
619,849,1626.7,485.54,38.07,78.7,0.9599,-1,-1,-1
619,912,1593.69,145.0,33.08,65.72,0.9516,-1,-1,-1
619,900,1907.7,429.01,12.3,75.35,0.8167,-1,-1,-1
620,875,135.31,446.69,50.97,102.7,0.9753,-1,-1,-1
620,874,168.33,741.43,76.07,134.11,0.9736,-1,-1,-1
620,837,770.67,731.22,77.81,112.43,0.9722,-1,-1,-1
620,845,1716.23,620.67,51.55,117.72,0.9721,-1,-1,-1
620,906,1127.13,326.64,39.05,84.39,0.9709,-1,-1,-1
620,917,28.66,271.91,45.65,80.41,0.9682,-1,-1,-1
620,849,1633.34,487.07,39.88,77.57,0.9677,-1,-1,-1
620,834,1090.48,500.04,67.21,78.76,0.9677,-1,-1,-1
620,841,1593.89,325.65,41.04,87.22,0.9634,-1,-1,-1
620,843,1252.05,318.8,36.99,80.98,0.9612,-1,-1,-1
620,842,962.92,302.38,37.8,76.36,0.9591,-1,-1,-1
620,912,1600.31,145.97,34.05,65.54,0.958,-1,-1,-1
620,902,1797.65,371.66,30.5,92.81,0.943,-1,-1,-1
620,839,907.17,292.44,34.18,85.9,0.9315,-1,-1,-1
621,874,175.54,741.46,75.03,132.33,0.9756,-1,-1,-1
621,875,140.03,448.39,43.6,100.29,0.973,-1,-1,-1
621,906,1135.79,325.72,39.76,84.81,0.9715,-1,-1,-1
621,837,771.03,731.21,77.0,111.21,0.9695,-1,-1,-1
621,845,1726.21,622.73,51.56,117.01,0.9683,-1,-1,-1
621,917,35.91,272.01,47.76,80.38,0.9641,-1,-1,-1
621,842,966.15,305.75,38.08,76.62,0.9628,-1,-1,-1
621,849,1641.42,489.17,39.53,76.48,0.9602,-1,-1,-1
621,843,1259.92,316.73,37.14,82.77,0.9597,-1,-1,-1
621,839,914.08,291.5,34.85,86.31,0.9596,-1,-1,-1
621,912,1605.44,147.88,38.07,65.76,0.9571,-1,-1,-1
621,841,1595.15,328.72,47.69,85.65,0.9457,-1,-1,-1
621,902,1807.42,374.38,31.36,91.05,0.9386,-1,-1,-1
621,834,1091.71,501.51,72.79,77.2,0.8896,-1,-1,-1
622,845,1736.78,625.2,52.27,114.71,0.9732,-1,-1,-1
622,837,778.67,727.94,69.95,113.88,0.9712,-1,-1,-1
622,874,185.69,739.58,67.77,134.18,0.9703,-1,-1,-1
622,906,1143.66,326.43,41.65,84.17,0.968,-1,-1,-1
622,917,42.13,270.45,53.52,80.62,0.9654,-1,-1,-1
622,842,967.65,309.03,37.11,74.39,0.9638,-1,-1,-1
622,843,1270.51,315.55,36.05,84.02,0.9597,-1,-1,-1
622,834,1091.33,500.11,80.24,78.85,0.9594,-1,-1,-1
622,839,920.09,292.07,36.39,86.55,0.957,-1,-1,-1
622,902,1817.38,376.09,33.12,91.84,0.9544,-1,-1,-1
622,875,144.76,449.95,35.71,96.6,0.9505,-1,-1,-1
622,912,1614.12,148.34,37.58,66.48,0.9494,-1,-1,-1
622,849,1648.26,491.41,41.73,75.28,0.9471,-1,-1,-1
622,841,1603.45,330.61,48.03,84.07,0.931,-1,-1,-1
623,874,193.83,739.3,59.41,133.13,0.9757,-1,-1,-1
623,906,1150.26,327.68,43.64,82.5,0.9738,-1,-1,-1
623,845,1745.99,628.97,53.69,114.03,0.9721,-1,-1,-1
623,837,778.06,726.21,77.18,114.93,0.9682,-1,-1,-1
623,849,1653.98,491.21,44.66,77.12,0.9671,-1,-1,-1
623,842,969.79,313.13,42.95,70.91,0.9664,-1,-1,-1
623,834,1098.53,497.72,76.81,81.86,0.9659,-1,-1,-1
623,917,48.38,269.02,53.68,81.7,0.9644,-1,-1,-1
623,843,1280.8,314.86,37.52,84.56,0.9641,-1,-1,-1
623,875,148.61,450.16,31.89,94.17,0.9632,-1,-1,-1
623,839,927.63,291.22,36.06,87.74,0.9611,-1,-1,-1
623,902,1827.41,377.41,34.91,90.92,0.957,-1,-1,-1
623,912,1623.48,150.55,35.11,64.17,0.9504,-1,-1,-1
623,841,1609.25,330.97,50.57,83.9,0.9492,-1,-1,-1
624,874,193.83,739.29,59.45,133.21,0.9757,-1,-1,-1
624,906,1150.19,327.67,43.73,82.75,0.9739,-1,-1,-1
624,845,1745.98,628.95,53.67,114.06,0.9722,-1,-1,-1
624,837,778.12,726.23,77.13,114.95,0.9685,-1,-1,-1
624,849,1654.11,491.23,44.54,77.09,0.967,-1,-1,-1
624,842,969.73,313.16,43.02,70.94,0.9664,-1,-1,-1
624,834,1098.43,497.74,76.91,81.79,0.9663,-1,-1,-1
624,917,48.38,269.02,53.63,81.71,0.9644,-1,-1,-1
624,843,1280.71,314.91,37.62,84.53,0.9641,-1,-1,-1
624,875,148.61,450.13,31.91,94.07,0.9632,-1,-1,-1
624,839,927.66,291.21,36.06,87.76,0.9611,-1,-1,-1
624,902,1827.36,377.4,34.98,91.06,0.9574,-1,-1,-1
624,841,1609.32,330.2,50.5,85.07,0.9515,-1,-1,-1
624,912,1623.54,150.6,35.05,64.14,0.9506,-1,-1,-1
625,874,199.48,737.28,48.36,134.53,0.978,-1,-1,-1
625,845,1755.53,633.18,54.88,111.9,0.9759,-1,-1,-1
625,906,1155.97,329.31,47.51,80.5,0.9719,-1,-1,-1
625,837,783.31,723.68,76.71,116.67,0.9718,-1,-1,-1
625,875,146.58,448.55,39.79,95.93,0.97,-1,-1,-1
625,843,1290.04,315.81,39.7,84.4,0.9655,-1,-1,-1
625,917,54.58,268.18,52.89,82.09,0.9654,-1,-1,-1
625,842,971.12,315.65,49.67,70.05,0.9648,-1,-1,-1
625,839,935.86,291.43,37.58,89.08,0.9632,-1,-1,-1
625,849,1667.28,491.85,41.13,78.72,0.9626,-1,-1,-1
625,841,1617.8,330.62,50.3,85.77,0.9617,-1,-1,-1
625,902,1838.3,377.26,36.21,91.8,0.9597,-1,-1,-1
625,834,1100.71,499.84,76.79,79.52,0.9567,-1,-1,-1
625,912,1631.3,150.97,31.97,64.09,0.9449,-1,-1,-1
626,874,204.6,736.7,40.52,135.41,0.974,-1,-1,-1
626,906,1159.92,332.14,52.22,78.19,0.973,-1,-1,-1
626,845,1764.89,637.37,55.37,111.43,0.9723,-1,-1,-1
626,875,144.31,445.99,52.0,98.99,0.9718,-1,-1,-1
626,849,1676.38,492.24,40.91,81.11,0.9708,-1,-1,-1
626,837,787.72,721.34,76.88,117.75,0.9697,-1,-1,-1
626,839,945.23,293.04,38.23,88.87,0.9685,-1,-1,-1
626,834,1109.69,500.92,66.22,76.58,0.9667,-1,-1,-1
626,842,970.07,317.13,53.79,74.47,0.9653,-1,-1,-1
626,841,1632.2,330.66,44.13,89.09,0.9637,-1,-1,-1
626,902,1849.6,377.61,37.35,92.65,0.9613,-1,-1,-1
626,843,1298.31,316.79,42.33,84.54,0.9606,-1,-1,-1
626,917,60.56,265.48,48.82,84.89,0.9568,-1,-1,-1
626,912,1640.06,150.96,26.11,63.93,0.9369,-1,-1,-1
627,837,793.77,721.31,75.09,117.31,0.9794,-1,-1,-1
627,875,145.52,443.4,61.18,100.44,0.9726,-1,-1,-1
627,843,1305.64,318.66,45.73,84.12,0.9714,-1,-1,-1
627,845,1774.23,639.87,55.55,111.96,0.9714,-1,-1,-1
627,874,208.25,735.86,41.71,137.29,0.9714,-1,-1,-1
627,917,67.18,263.47,46.23,85.83,0.9708,-1,-1,-1
627,906,1163.84,333.37,58.5,77.05,0.9706,-1,-1,-1
627,834,1115.14,500.28,58.98,78.05,0.9671,-1,-1,-1
627,841,1644.31,331.12,40.21,89.76,0.9663,-1,-1,-1
627,902,1861.01,377.48,38.64,93.77,0.9658,-1,-1,-1
627,849,1683.77,492.71,42.8,81.67,0.9637,-1,-1,-1
627,842,968.66,321.56,52.27,74.08,0.9548,-1,-1,-1
627,912,1646.2,149.13,25.51,66.25,0.9331,-1,-1,-1
627,839,956.42,296.82,30.2,84.42,0.925,-1,-1,-1
628,837,798.64,721.86,71.96,118.05,0.9806,-1,-1,-1
628,875,150.17,442.55,55.93,100.81,0.9737,-1,-1,-1
628,845,1783.44,644.43,55.68,109.32,0.9719,-1,-1,-1
628,874,212.56,736.89,42.58,137.17,0.9719,-1,-1,-1
628,834,1119.34,498.98,49.91,78.79,0.9718,-1,-1,-1
628,843,1316.09,320.54,45.7,83.78,0.9707,-1,-1,-1
628,841,1654.52,332.29,39.31,89.1,0.9675,-1,-1,-1
628,849,1684.52,495.6,51.92,80.87,0.9664,-1,-1,-1
628,917,75.74,261.72,42.22,86.49,0.9655,-1,-1,-1
628,902,1873.14,378.67,38.8,93.61,0.9637,-1,-1,-1
628,906,1170.42,334.74,60.95,75.52,0.9494,-1,-1,-1
628,842,972.03,325.54,41.88,71.99,0.9373,-1,-1,-1
628,912,1653.97,148.91,27.24,67.99,0.9162,-1,-1,-1
628,839,965.9,305.65,28.2,76.78,0.4972,-1,-1,-1
629,837,801.49,725.07,68.54,114.86,0.9779,-1,-1,-1
629,845,1793.97,647.81,54.88,107.22,0.9737,-1,-1,-1
629,875,156.95,441.67,48.61,102.04,0.9735,-1,-1,-1
629,834,1120.25,499.46,43.68,78.03,0.9706,-1,-1,-1
629,842,970.71,326.36,40.36,70.87,0.9701,-1,-1,-1
629,906,1178.65,334.65,62.16,75.76,0.9692,-1,-1,-1
629,843,1323.82,323.73,49.33,82.59,0.9688,-1,-1,-1
629,917,83.95,261.2,40.49,85.91,0.9685,-1,-1,-1
629,841,1665.41,334.19,37.8,92.34,0.9618,-1,-1,-1
629,849,1687.52,498.54,57.6,78.91,0.9603,-1,-1,-1
629,874,214.37,737.7,51.21,135.99,0.9602,-1,-1,-1
629,902,1885.43,380.15,34.57,93.61,0.9443,-1,-1,-1
629,912,1663.63,148.61,26.32,69.1,0.9349,-1,-1,-1
629,839,980.4,298.19,27.38,69.39,0.8277,-1,-1,-1
630,837,801.43,725.02,68.64,114.93,0.9779,-1,-1,-1
630,845,1793.91,647.82,54.93,107.26,0.9738,-1,-1,-1
630,875,156.99,441.64,48.66,102.15,0.9737,-1,-1,-1
630,834,1120.4,499.56,43.4,77.86,0.9703,-1,-1,-1
630,842,970.74,326.31,40.28,70.93,0.9701,-1,-1,-1
630,906,1178.66,334.67,62.14,75.75,0.9693,-1,-1,-1
630,843,1323.79,323.74,49.38,82.59,0.9689,-1,-1,-1
630,917,83.94,261.19,40.48,85.89,0.9684,-1,-1,-1
630,841,1665.07,334.17,38.19,92.35,0.9632,-1,-1,-1
630,874,214.44,737.71,50.78,135.93,0.9604,-1,-1,-1
630,849,1687.55,498.41,57.55,79.05,0.96,-1,-1,-1
630,902,1885.41,380.16,34.59,93.43,0.9438,-1,-1,-1
630,912,1663.77,148.6,26.17,69.02,0.9351,-1,-1,-1
630,839,980.45,298.15,27.39,69.44,0.8445,-1,-1,-1
631,874,215.85,739.5,62.08,135.87,0.9763,-1,-1,-1
631,837,804.46,728.07,62.18,111.14,0.9731,-1,-1,-1
631,845,1797.29,650.53,58.93,106.85,0.9715,-1,-1,-1
631,834,1122.71,498.32,42.76,81.25,0.971,-1,-1,-1
631,906,1185.9,334.25,63.83,76.76,0.9705,-1,-1,-1
631,875,156.15,441.3,41.55,101.59,0.9702,-1,-1,-1
631,917,93.63,261.11,39.88,86.11,0.9691,-1,-1,-1
631,843,1334.37,325.68,48.9,81.62,0.969,-1,-1,-1
631,849,1696.15,501.44,55.41,77.02,0.9597,-1,-1,-1
631,842,968.95,327.05,49.84,70.59,0.9564,-1,-1,-1
631,841,1675.15,336.91,36.38,91.02,0.9538,-1,-1,-1
631,912,1668.78,149.22,29.22,68.17,0.9391,-1,-1,-1
631,902,1898.38,380.7,21.62,95.48,0.9295,-1,-1,-1
631,839,987.96,296.14,28.91,83.06,0.836,-1,-1,-1
632,874,220.65,738.37,67.46,137.29,0.9752,-1,-1,-1
632,875,154.64,439.78,43.03,101.31,0.9736,-1,-1,-1
632,837,808.79,728.94,54.13,110.56,0.9731,-1,-1,-1
632,845,1799.01,653.54,62.9,104.9,0.9723,-1,-1,-1
632,834,1127.84,499.01,44.61,85.34,0.9689,-1,-1,-1
632,843,1344.62,325.99,48.14,81.6,0.9683,-1,-1,-1
632,906,1193.52,333.34,65.14,77.37,0.9667,-1,-1,-1
632,917,102.01,261.65,39.93,84.26,0.9631,-1,-1,-1
632,849,1708.96,503.03,51.62,79.67,0.9628,-1,-1,-1
632,841,1686.03,338.7,34.02,90.11,0.9442,-1,-1,-1
632,839,996.93,294.53,28.34,90.71,0.9425,-1,-1,-1
632,842,968.83,326.56,50.73,70.94,0.9357,-1,-1,-1
632,912,1674.26,150.37,30.52,67.14,0.9341,-1,-1,-1
632,902,1909.57,386.15,10.43,89.12,0.7095,-1,-1,-1
633,834,1130.87,497.45,48.5,89.73,0.9756,-1,-1,-1
633,875,153.96,437.97,50.74,101.79,0.9744,-1,-1,-1
633,906,1199.91,332.37,67.08,77.88,0.9721,-1,-1,-1
633,845,1800.33,655.7,68.51,103.66,0.9718,-1,-1,-1
633,843,1354.18,326.57,48.16,80.84,0.9685,-1,-1,-1
633,849,1719.28,503.4,50.03,83.62,0.9682,-1,-1,-1
633,837,811.03,727.82,56.31,110.58,0.9669,-1,-1,-1
633,917,111.93,262.37,38.53,83.63,0.9665,-1,-1,-1
633,874,225.78,738.28,73.58,135.08,0.9641,-1,-1,-1
633,839,1001.51,292.34,32.36,94.0,0.9608,-1,-1,-1
633,841,1696.97,339.56,31.54,89.37,0.954,-1,-1,-1
633,842,968.65,328.24,46.42,75.94,0.9295,-1,-1,-1
633,912,1683.55,152.07,28.74,66.55,0.8965,-1,-1,-1
634,875,155.81,436.54,60.53,101.64,0.9769,-1,-1,-1
634,837,809.65,725.3,67.23,113.08,0.9751,-1,-1,-1
634,845,1805.34,657.13,69.68,103.41,0.975,-1,-1,-1
634,874,235.27,737.66,69.04,135.23,0.9745,-1,-1,-1
634,834,1131.38,498.63,54.46,89.91,0.9739,-1,-1,-1
634,843,1365.91,326.68,46.31,80.39,0.9716,-1,-1,-1
634,917,115.7,263.49,42.54,81.62,0.9695,-1,-1,-1
634,906,1203.83,332.99,68.64,77.8,0.9672,-1,-1,-1
634,839,1009.32,290.03,33.04,93.52,0.9634,-1,-1,-1
634,849,1730.82,506.26,46.62,85.45,0.9633,-1,-1,-1
634,842,967.76,330.76,50.66,77.7,0.9538,-1,-1,-1
634,912,1693.22,152.78,26.27,66.12,0.9328,-1,-1,-1
634,841,1705.6,341.87,31.46,86.84,0.9215,-1,-1,-1
635,875,159.68,435.1,58.7,102.02,0.9763,-1,-1,-1
635,874,243.05,735.91,65.66,135.89,0.9759,-1,-1,-1
635,834,1135.3,501.39,53.62,90.18,0.9732,-1,-1,-1
635,837,812.33,723.61,70.72,114.79,0.973,-1,-1,-1
635,906,1215.39,332.41,61.43,77.94,0.9672,-1,-1,-1
635,917,119.71,263.28,46.61,80.44,0.9645,-1,-1,-1
635,849,1741.02,508.55,45.23,86.92,0.9625,-1,-1,-1
635,843,1383.29,326.39,38.03,80.69,0.9609,-1,-1,-1
635,839,1016.26,289.81,34.32,91.27,0.9607,-1,-1,-1
635,842,967.52,332.14,42.43,77.81,0.9606,-1,-1,-1
635,845,1814.38,658.96,66.91,104.2,0.9585,-1,-1,-1
635,841,1714.54,340.22,31.75,89.18,0.9547,-1,-1,-1
635,912,1700.94,154.6,26.5,63.59,0.9253,-1,-1,-1
636,875,159.73,435.1,58.56,102.03,0.9763,-1,-1,-1
636,874,243.1,735.89,65.72,135.92,0.976,-1,-1,-1
636,834,1135.37,501.4,53.52,90.2,0.9731,-1,-1,-1
636,837,812.31,723.61,70.75,114.82,0.973,-1,-1,-1
636,906,1215.41,332.39,61.45,77.99,0.9661,-1,-1,-1
636,917,119.73,263.28,46.62,80.44,0.9644,-1,-1,-1
636,849,1740.97,508.5,45.26,86.96,0.9629,-1,-1,-1
636,843,1383.2,326.28,38.05,80.82,0.9611,-1,-1,-1
636,839,1016.23,289.76,34.36,91.31,0.9607,-1,-1,-1
636,842,967.51,332.15,42.29,77.78,0.9604,-1,-1,-1
636,845,1814.38,658.94,66.87,104.2,0.9584,-1,-1,-1
636,841,1714.47,340.21,31.77,89.14,0.9549,-1,-1,-1
636,912,1700.84,154.55,26.59,63.74,0.9245,-1,-1,-1
637,834,1143.31,502.77,46.52,88.44,0.9732,-1,-1,-1
637,874,251.66,733.57,58.18,135.17,0.9722,-1,-1,-1
637,917,125.74,263.03,50.17,80.99,0.9705,-1,-1,-1
637,875,165.25,433.07,52.23,104.25,0.9699,-1,-1,-1
637,837,813.16,722.04,74.1,116.96,0.9698,-1,-1,-1
637,849,1750.41,508.64,45.53,90.98,0.9697,-1,-1,-1
637,845,1825.52,659.31,66.26,108.71,0.9685,-1,-1,-1
637,839,1023.19,289.45,35.8,90.92,0.967,-1,-1,-1
637,906,1224.88,332.68,53.13,76.57,0.9654,-1,-1,-1
637,843,1396.35,324.99,33.41,81.87,0.961,-1,-1,-1
637,841,1723.25,341.02,31.88,87.92,0.9509,-1,-1,-1
637,842,964.05,333.45,41.11,75.95,0.9489,-1,-1,-1
637,912,1710.19,155.18,23.89,63.31,0.9215,-1,-1,-1
638,837,814.27,721.42,78.92,118.21,0.973,-1,-1,-1
638,906,1230.21,332.5,48.23,77.2,0.9715,-1,-1,-1
638,874,259.18,730.87,52.24,136.51,0.9712,-1,-1,-1
638,917,132.5,261.99,55.19,80.77,0.9704,-1,-1,-1
638,845,1836.9,659.73,61.63,114.99,0.9697,-1,-1,-1
638,849,1761.07,512.69,41.96,86.16,0.9684,-1,-1,-1
638,875,169.35,433.95,42.23,101.16,0.9684,-1,-1,-1
638,842,958.94,335.0,54.14,74.17,0.9673,-1,-1,-1
638,839,1029.3,289.73,37.23,89.43,0.9663,-1,-1,-1
638,841,1731.04,339.1,33.0,91.75,0.9656,-1,-1,-1
638,834,1149.49,504.02,39.4,86.22,0.9646,-1,-1,-1
638,843,1406.35,324.64,30.84,81.97,0.9336,-1,-1,-1
638,912,1717.81,152.57,23.97,66.3,0.9334,-1,-1,-1
639,837,816.15,721.68,78.76,118.7,0.9756,-1,-1,-1
639,906,1232.87,332.2,45.21,76.37,0.973,-1,-1,-1
639,839,1035.5,290.75,40.02,88.18,0.9702,-1,-1,-1
639,917,141.91,260.89,55.96,81.81,0.9653,-1,-1,-1
639,841,1737.7,339.61,34.94,92.86,0.965,-1,-1,-1
639,845,1846.67,660.58,63.65,117.97,0.9637,-1,-1,-1
639,874,264.81,729.76,47.62,134.45,0.9611,-1,-1,-1
639,875,175.21,432.9,32.5,99.88,0.9523,-1,-1,-1
639,843,1415.38,324.26,28.6,81.56,0.9508,-1,-1,-1
639,912,1724.57,150.94,27.35,66.76,0.9483,-1,-1,-1
639,834,1152.87,504.01,33.33,86.04,0.948,-1,-1,-1
639,849,1771.31,515.26,36.3,83.61,0.9478,-1,-1,-1
639,842,953.43,334.9,63.54,74.02,0.9237,-1,-1,-1
640,837,816.55,722.53,76.07,117.37,0.9748,-1,-1,-1
640,839,1040.97,291.75,43.17,85.78,0.9724,-1,-1,-1
640,874,269.29,728.49,44.98,134.42,0.9686,-1,-1,-1
640,906,1238.35,329.49,42.04,78.65,0.967,-1,-1,-1
640,845,1854.98,663.45,61.68,119.88,0.9647,-1,-1,-1
640,834,1156.45,503.77,33.06,84.85,0.9624,-1,-1,-1
640,917,150.56,258.84,56.55,82.97,0.962,-1,-1,-1
640,841,1744.42,340.33,37.57,93.06,0.9617,-1,-1,-1
640,842,950.48,334.69,64.13,77.7,0.9607,-1,-1,-1
640,849,1781.66,518.23,33.17,81.11,0.9561,-1,-1,-1
640,875,177.42,430.66,31.95,99.86,0.955,-1,-1,-1
640,843,1423.65,323.87,30.64,82.45,0.9523,-1,-1,-1
640,912,1728.56,149.64,32.68,67.95,0.9467,-1,-1,-1
641,906,1241.74,326.66,45.67,81.46,0.9761,-1,-1,-1
641,874,270.69,728.83,48.21,132.93,0.975,-1,-1,-1
641,875,173.22,426.54,45.1,103.7,0.9734,-1,-1,-1
641,837,816.48,723.3,70.58,115.53,0.9711,-1,-1,-1
641,845,1864.37,666.65,54.77,117.4,0.9695,-1,-1,-1
641,917,159.68,255.91,54.25,84.36,0.9689,-1,-1,-1
641,841,1751.83,341.9,39.53,92.4,0.9687,-1,-1,-1
641,839,1046.49,291.98,45.64,84.83,0.9681,-1,-1,-1
641,842,949.96,334.58,57.47,80.47,0.9621,-1,-1,-1
641,912,1731.48,147.9,38.55,69.12,0.962,-1,-1,-1
641,843,1431.35,324.25,30.47,80.27,0.9538,-1,-1,-1
641,834,1159.31,502.0,35.26,85.69,0.9493,-1,-1,-1
641,849,1789.27,518.65,32.36,80.73,0.9419,-1,-1,-1
642,906,1241.81,326.64,45.62,81.44,0.976,-1,-1,-1
642,874,270.66,728.83,48.33,132.95,0.9751,-1,-1,-1
642,875,173.08,426.52,45.04,103.65,0.9734,-1,-1,-1
642,837,816.45,723.33,70.67,115.57,0.9708,-1,-1,-1
642,845,1864.37,666.62,54.8,117.43,0.9694,-1,-1,-1
642,917,159.7,255.88,54.24,84.38,0.969,-1,-1,-1
642,841,1751.82,341.9,39.54,92.41,0.9688,-1,-1,-1
642,839,1046.58,291.99,45.56,84.82,0.9681,-1,-1,-1
642,912,1731.49,147.94,38.59,69.04,0.9622,-1,-1,-1
642,842,949.87,334.55,57.39,80.46,0.961,-1,-1,-1
642,843,1431.34,324.26,30.76,80.26,0.9546,-1,-1,-1
642,834,1159.19,502.0,35.35,85.71,0.9495,-1,-1,-1
642,849,1789.31,518.72,32.26,80.63,0.9404,-1,-1,-1
643,875,169.99,425.04,55.46,102.7,0.9756,-1,-1,-1
643,874,268.08,729.78,59.27,132.97,0.9748,-1,-1,-1
643,837,815.74,723.13,62.51,115.23,0.9743,-1,-1,-1
643,906,1242.37,323.66,52.69,82.37,0.9741,-1,-1,-1
643,839,1052.31,291.53,47.99,84.69,0.9696,-1,-1,-1
643,834,1160.7,501.46,40.46,89.92,0.9689,-1,-1,-1
643,845,1872.09,669.5,46.34,114.34,0.9671,-1,-1,-1
643,917,166.05,254.36,49.59,84.77,0.9663,-1,-1,-1
643,842,944.78,335.86,47.84,79.51,0.9656,-1,-1,-1
643,841,1759.11,343.4,39.45,91.03,0.9654,-1,-1,-1
643,912,1735.64,148.91,42.97,68.13,0.9653,-1,-1,-1
643,843,1437.92,324.95,32.23,78.66,0.9598,-1,-1,-1
643,849,1794.83,519.27,34.4,80.49,0.9399,-1,-1,-1
644,834,1161.19,500.24,44.97,96.03,0.9767,-1,-1,-1
644,875,168.89,423.11,53.43,102.03,0.9761,-1,-1,-1
644,874,267.54,730.9,65.26,133.81,0.9745,-1,-1,-1
644,837,815.74,722.0,56.42,115.27,0.9733,-1,-1,-1
644,839,1060.32,289.81,46.59,86.08,0.9714,-1,-1,-1
644,845,1875.74,672.58,44.05,111.72,0.97,-1,-1,-1
644,906,1245.01,321.62,55.42,82.66,0.9697,-1,-1,-1
644,842,939.34,336.26,42.64,78.34,0.9686,-1,-1,-1
644,917,171.01,252.61,44.86,84.47,0.9674,-1,-1,-1
644,843,1444.15,326.24,33.87,77.83,0.9644,-1,-1,-1
644,841,1764.52,343.62,41.03,90.55,0.9638,-1,-1,-1
644,849,1798.97,519.0,37.8,88.34,0.9589,-1,-1,-1
644,912,1742.22,149.16,43.37,67.76,0.9582,-1,-1,-1
645,837,814.19,718.37,61.4,118.5,0.9761,-1,-1,-1
645,874,267.31,731.35,74.14,134.08,0.9751,-1,-1,-1
645,839,1066.79,288.76,45.26,86.17,0.975,-1,-1,-1
645,875,172.87,422.07,43.7,102.64,0.9732,-1,-1,-1
645,834,1160.59,501.04,50.85,98.68,0.9729,-1,-1,-1
645,906,1247.73,319.85,55.28,83.59,0.9719,-1,-1,-1
645,912,1750.03,150.04,41.03,66.53,0.9698,-1,-1,-1
645,843,1450.08,327.5,35.15,76.77,0.9659,-1,-1,-1
645,917,175.53,251.22,38.77,86.29,0.9622,-1,-1,-1
645,842,933.97,336.25,51.72,77.47,0.9616,-1,-1,-1
645,841,1767.97,343.6,41.61,90.94,0.9613,-1,-1,-1
645,849,1802.69,520.49,40.11,90.88,0.9602,-1,-1,-1
645,845,1878.1,674.39,41.66,105.51,0.958,-1,-1,-1
646,837,813.77,716.61,66.01,120.51,0.9767,-1,-1,-1
646,839,1072.48,287.46,43.57,87.38,0.9748,-1,-1,-1
646,874,270.43,731.46,78.99,136.23,0.9744,-1,-1,-1
646,906,1249.52,320.03,53.5,82.25,0.9724,-1,-1,-1
646,834,1164.94,503.31,49.41,99.63,0.9717,-1,-1,-1
646,843,1454.42,328.86,38.43,76.53,0.9699,-1,-1,-1
646,841,1773.4,343.8,40.09,91.49,0.9693,-1,-1,-1
646,842,926.43,334.68,58.57,78.0,0.9688,-1,-1,-1
646,845,1877.62,675.65,42.19,107.27,0.9681,-1,-1,-1
646,875,172.49,421.0,37.21,101.93,0.9589,-1,-1,-1
646,912,1758.22,150.24,34.55,66.53,0.9534,-1,-1,-1
646,849,1810.5,520.87,38.14,85.19,0.9531,-1,-1,-1
646,917,180.18,249.07,33.42,86.47,0.9523,-1,-1,-1
647,837,811.64,715.65,68.72,120.03,0.9775,-1,-1,-1
647,834,1167.9,505.61,47.39,97.73,0.9731,-1,-1,-1
647,874,275.71,731.02,76.32,135.11,0.9724,-1,-1,-1
647,843,1459.2,329.36,40.3,77.3,0.9723,-1,-1,-1
647,839,1078.19,285.01,39.7,88.49,0.9712,-1,-1,-1
647,906,1253.5,319.48,48.03,82.05,0.9692,-1,-1,-1
647,845,1878.21,676.55,41.29,113.23,0.967,-1,-1,-1
647,841,1776.77,343.82,40.67,91.76,0.9664,-1,-1,-1
647,875,169.68,418.48,36.28,99.7,0.9634,-1,-1,-1
647,917,184.04,249.8,33.54,85.48,0.9623,-1,-1,-1
647,842,918.18,335.29,60.93,79.09,0.962,-1,-1,-1
647,912,1765.52,147.92,28.67,68.49,0.9472,-1,-1,-1
647,849,1814.3,525.14,38.02,75.31,0.9363,-1,-1,-1
648,837,811.69,715.6,68.71,120.2,0.9774,-1,-1,-1
648,874,275.7,731.05,76.31,135.19,0.9726,-1,-1,-1
648,834,1167.93,505.6,47.3,97.61,0.9725,-1,-1,-1
648,843,1459.17,329.34,40.32,77.32,0.9722,-1,-1,-1
648,839,1078.17,285.03,39.76,88.43,0.9712,-1,-1,-1
648,906,1253.48,319.54,48.15,81.98,0.9693,-1,-1,-1
648,841,1776.84,343.82,40.63,91.78,0.9672,-1,-1,-1
648,845,1878.21,676.55,41.29,113.4,0.9671,-1,-1,-1
648,875,169.71,418.48,36.28,99.76,0.9635,-1,-1,-1
648,917,184.04,249.78,33.57,85.49,0.9624,-1,-1,-1
648,842,918.07,335.25,61.06,79.18,0.962,-1,-1,-1
648,912,1765.5,147.89,28.69,68.48,0.9472,-1,-1,-1
648,849,1814.27,525.14,37.99,75.31,0.936,-1,-1,-1
649,837,803.04,715.0,78.53,121.52,0.9765,-1,-1,-1
649,874,282.76,731.88,71.82,133.92,0.9744,-1,-1,-1
649,875,167.04,416.85,44.77,98.77,0.973,-1,-1,-1
649,843,1462.3,329.94,41.92,77.99,0.9701,-1,-1,-1
649,839,1082.28,283.53,34.75,89.57,0.9698,-1,-1,-1
649,845,1877.46,678.69,42.3,115.97,0.9692,-1,-1,-1
649,906,1253.99,320.18,42.86,81.74,0.9677,-1,-1,-1
649,834,1163.83,509.14,49.94,95.32,0.9671,-1,-1,-1
649,842,910.43,336.32,57.24,83.04,0.9654,-1,-1,-1
649,917,187.31,249.17,35.73,86.72,0.9543,-1,-1,-1
649,849,1815.44,529.12,40.1,94.38,0.9525,-1,-1,-1
649,841,1785.49,343.69,36.67,93.78,0.9475,-1,-1,-1
649,912,1768.7,147.77,26.41,69.09,0.9438,-1,-1,-1
650,875,163.66,415.52,50.29,97.77,0.9752,-1,-1,-1
650,874,288.42,730.58,65.5,133.58,0.9751,-1,-1,-1
650,837,801.57,716.34,80.15,121.72,0.975,-1,-1,-1
650,834,1162.73,511.3,46.48,93.19,0.972,-1,-1,-1
650,845,1877.62,681.32,42.03,116.56,0.9702,-1,-1,-1
650,839,1086.51,281.32,30.47,90.3,0.9657,-1,-1,-1
650,917,191.37,250.47,37.68,84.59,0.964,-1,-1,-1
650,843,1465.05,331.8,43.18,78.06,0.9616,-1,-1,-1
650,842,905.34,338.23,44.07,82.54,0.961,-1,-1,-1
650,906,1255.36,320.66,34.16,81.43,0.9555,-1,-1,-1
650,841,1789.47,344.21,37.53,95.22,0.9465,-1,-1,-1
650,912,1770.7,147.85,27.68,68.77,0.9464,-1,-1,-1
650,849,1809.6,531.46,45.48,92.85,0.9176,-1,-1,-1
651,875,160.11,414.98,52.95,97.17,0.9747,-1,-1,-1
651,874,292.42,728.83,57.72,134.32,0.9744,-1,-1,-1
651,834,1164.19,511.01,42.64,92.12,0.9708,-1,-1,-1
651,842,893.82,339.59,40.58,80.85,0.9683,-1,-1,-1
651,845,1876.15,683.38,43.14,116.39,0.9682,-1,-1,-1
651,917,193.96,252.11,39.89,82.8,0.9678,-1,-1,-1
651,843,1467.1,333.06,45.2,76.48,0.9676,-1,-1,-1
651,837,804.36,718.43,73.89,119.03,0.966,-1,-1,-1
651,906,1246.7,319.2,42.92,82.88,0.9635,-1,-1,-1
651,849,1807.65,532.64,48.07,92.0,0.9616,-1,-1,-1
651,841,1792.43,347.26,37.62,92.96,0.957,-1,-1,-1
651,912,1774.58,148.23,27.09,69.4,0.9474,-1,-1,-1
651,839,1090.33,279.56,27.13,89.66,0.9344,-1,-1,-1
652,875,159.18,414.79,51.07,96.82,0.9751,-1,-1,-1
652,874,295.54,727.79,48.64,134.2,0.9747,-1,-1,-1
652,834,1164.31,510.83,44.29,94.11,0.9728,-1,-1,-1
652,837,804.3,719.16,64.78,117.14,0.9713,-1,-1,-1
652,906,1243.96,318.04,49.94,82.47,0.9692,-1,-1,-1
652,917,196.22,252.26,42.28,82.06,0.9689,-1,-1,-1
652,842,884.92,339.57,51.94,81.14,0.9667,-1,-1,-1
652,845,1872.84,687.01,46.11,113.61,0.9647,-1,-1,-1
652,841,1794.85,348.41,38.53,92.36,0.9645,-1,-1,-1
652,849,1810.09,533.72,49.11,91.2,0.963,-1,-1,-1
652,843,1467.77,334.41,44.79,76.0,0.9589,-1,-1,-1
652,912,1775.22,149.11,29.5,69.08,0.957,-1,-1,-1
652,839,1093.5,278.18,25.08,89.79,0.9519,-1,-1,-1
653,837,799.78,718.6,59.49,116.11,0.9748,-1,-1,-1
653,917,197.88,251.9,45.25,82.45,0.9733,-1,-1,-1
653,849,1813.75,532.88,50.41,96.71,0.9731,-1,-1,-1
653,834,1165.36,510.32,43.14,100.56,0.9729,-1,-1,-1
653,906,1241.92,317.07,55.03,81.77,0.9709,-1,-1,-1
653,875,159.07,416.08,49.2,95.08,0.9707,-1,-1,-1
653,841,1796.8,349.48,40.11,93.46,0.9705,-1,-1,-1
653,874,296.55,728.32,41.6,132.67,0.9698,-1,-1,-1
653,845,1864.39,688.87,54.36,111.8,0.9697,-1,-1,-1
653,842,871.97,339.05,64.01,78.27,0.969,-1,-1,-1
653,912,1772.98,150.16,35.92,68.2,0.9636,-1,-1,-1
653,843,1468.74,335.32,44.71,75.77,0.9573,-1,-1,-1
653,839,1095.62,277.4,25.0,89.0,0.9549,-1,-1,-1
654,837,799.8,718.59,59.43,116.11,0.9747,-1,-1,-1
654,917,197.89,251.84,45.24,82.51,0.9733,-1,-1,-1
654,834,1165.32,510.32,43.13,100.64,0.9729,-1,-1,-1
654,849,1813.68,532.82,50.44,96.76,0.9729,-1,-1,-1
654,906,1241.7,317.11,55.22,81.73,0.9715,-1,-1,-1
654,875,159.1,416.07,49.72,95.1,0.9709,-1,-1,-1
654,841,1796.83,349.45,40.05,93.53,0.9705,-1,-1,-1
654,845,1864.32,688.84,54.39,111.77,0.9699,-1,-1,-1
654,874,296.56,728.28,41.58,132.75,0.9698,-1,-1,-1
654,842,871.87,338.36,63.6,78.91,0.9687,-1,-1,-1
654,912,1772.87,150.21,36.02,68.12,0.9634,-1,-1,-1
654,843,1468.74,335.31,44.73,75.79,0.9573,-1,-1,-1
654,839,1095.64,277.41,25.01,89.01,0.9548,-1,-1,-1
655,917,201.22,252.61,47.08,81.36,0.9762,-1,-1,-1
655,837,798.02,717.67,52.98,115.59,0.9752,-1,-1,-1
655,849,1816.17,532.84,47.72,102.32,0.9748,-1,-1,-1
655,834,1166.33,510.9,44.41,104.09,0.9737,-1,-1,-1
655,842,862.18,338.14,67.25,81.41,0.9714,-1,-1,-1
655,906,1238.07,316.08,59.94,82.92,0.9713,-1,-1,-1
655,841,1799.59,351.12,39.45,92.09,0.9711,-1,-1,-1
655,912,1773.1,151.47,39.26,67.44,0.9708,-1,-1,-1
655,874,297.46,728.31,40.87,132.79,0.9697,-1,-1,-1
655,845,1858.58,689.85,59.45,111.73,0.9675,-1,-1,-1
655,875,158.45,417.57,49.18,92.93,0.9638,-1,-1,-1
655,843,1469.39,335.19,41.97,75.24,0.9627,-1,-1,-1
655,839,1098.15,276.78,24.16,88.29,0.9566,-1,-1,-1
656,837,795.45,715.38,50.07,116.42,0.9755,-1,-1,-1
656,834,1165.92,512.62,45.74,104.98,0.9746,-1,-1,-1
656,849,1817.24,534.56,46.58,103.08,0.9735,-1,-1,-1
656,874,297.87,729.01,42.89,135.03,0.9713,-1,-1,-1
656,906,1233.98,315.54,62.71,82.68,0.9712,-1,-1,-1
656,912,1774.67,152.17,40.66,67.62,0.9698,-1,-1,-1
656,845,1854.79,688.62,64.09,119.26,0.9695,-1,-1,-1
656,917,205.37,251.83,47.87,80.39,0.9673,-1,-1,-1
656,841,1802.48,351.02,38.07,93.94,0.9668,-1,-1,-1
656,843,1469.54,334.71,40.49,75.98,0.9645,-1,-1,-1
656,875,157.33,417.99,48.42,91.79,0.9614,-1,-1,-1
656,842,857.54,338.83,56.41,84.04,0.9606,-1,-1,-1
656,839,1099.64,278.18,24.19,86.35,0.9541,-1,-1,-1
657,874,294.89,730.25,53.67,136.13,0.9766,-1,-1,-1
657,917,208.58,251.68,46.94,79.85,0.9752,-1,-1,-1
657,834,1164.73,515.16,45.63,104.13,0.9746,-1,-1,-1
657,849,1817.03,537.15,46.8,102.86,0.9734,-1,-1,-1
657,837,791.33,712.46,56.19,119.99,0.9725,-1,-1,-1
657,845,1855.73,688.3,63.46,122.3,0.9705,-1,-1,-1
657,843,1470.11,334.5,41.05,78.61,0.9693,-1,-1,-1
657,906,1233.25,315.87,61.88,82.1,0.9679,-1,-1,-1
657,912,1777.4,152.44,38.66,68.08,0.9666,-1,-1,-1
657,875,157.39,418.14,45.22,90.92,0.9649,-1,-1,-1
657,839,1101.13,279.47,26.05,85.07,0.9561,-1,-1,-1
657,842,850.92,339.8,42.52,82.56,0.9556,-1,-1,-1
657,841,1805.14,352.06,35.92,91.53,0.9515,-1,-1,-1
658,874,293.72,731.69,59.53,135.69,0.9762,-1,-1,-1
658,845,1852.35,689.56,64.98,123.94,0.9762,-1,-1,-1
658,849,1815.32,540.73,48.32,105.28,0.9739,-1,-1,-1
658,917,212.35,249.9,45.43,80.72,0.9729,-1,-1,-1
658,834,1164.73,518.86,43.41,100.58,0.972,-1,-1,-1
658,875,154.31,418.23,46.37,88.18,0.9717,-1,-1,-1
658,842,839.35,341.04,40.33,81.33,0.9684,-1,-1,-1
658,837,787.98,710.61,60.11,121.81,0.9678,-1,-1,-1
658,843,1470.4,334.51,41.71,79.13,0.967,-1,-1,-1
658,906,1233.16,316.23,54.78,80.69,0.9635,-1,-1,-1
658,912,1781.49,152.89,34.24,67.53,0.9607,-1,-1,-1
658,841,1807.49,351.26,33.0,93.13,0.9476,-1,-1,-1
658,839,1101.57,282.3,29.21,83.02,0.9174,-1,-1,-1
659,874,294.92,733.93,65.72,134.14,0.9765,-1,-1,-1
659,845,1847.56,690.78,68.48,124.07,0.9747,-1,-1,-1
659,875,150.45,418.15,52.26,87.9,0.9734,-1,-1,-1
659,837,779.87,710.27,69.12,122.18,0.9715,-1,-1,-1
659,917,216.52,248.51,43.88,80.65,0.9712,-1,-1,-1
659,849,1814.93,543.53,47.8,105.84,0.9711,-1,-1,-1
659,842,830.89,341.27,50.25,79.15,0.9708,-1,-1,-1
659,843,1471.32,334.81,42.69,80.33,0.9692,-1,-1,-1
659,834,1164.36,520.84,38.56,97.96,0.9661,-1,-1,-1
659,839,1101.64,283.15,34.23,82.23,0.9656,-1,-1,-1
659,906,1236.67,316.21,43.05,79.46,0.9618,-1,-1,-1
659,912,1784.49,153.22,29.99,66.93,0.9493,-1,-1,-1
659,841,1809.41,351.27,30.04,93.09,0.9473,-1,-1,-1
660,874,294.9,733.99,65.77,134.04,0.9764,-1,-1,-1
660,845,1847.55,690.81,68.51,124.06,0.9747,-1,-1,-1
660,875,150.09,417.91,52.62,87.94,0.9734,-1,-1,-1
660,837,779.88,710.25,69.09,122.21,0.9714,-1,-1,-1
660,849,1814.88,543.47,47.83,105.91,0.9712,-1,-1,-1
660,917,216.53,248.45,43.86,80.7,0.9711,-1,-1,-1
660,842,830.91,341.23,50.23,79.2,0.9709,-1,-1,-1
660,843,1471.27,334.8,42.8,80.37,0.9694,-1,-1,-1
660,834,1164.36,520.86,38.59,97.93,0.9663,-1,-1,-1
660,839,1101.68,283.18,34.23,82.26,0.9657,-1,-1,-1
660,906,1236.64,316.2,43.03,79.37,0.9618,-1,-1,-1
660,912,1784.47,153.21,30.09,66.91,0.9495,-1,-1,-1
660,841,1809.6,351.26,29.87,93.03,0.9477,-1,-1,-1
661,874,298.07,732.69,68.33,133.81,0.9764,-1,-1,-1
661,875,148.69,417.97,59.44,87.8,0.9756,-1,-1,-1
661,845,1846.26,694.26,64.1,123.99,0.9733,-1,-1,-1
661,837,777.81,710.97,70.18,121.54,0.9721,-1,-1,-1
661,843,1471.24,336.26,42.69,80.53,0.9702,-1,-1,-1
661,842,819.99,341.71,58.24,75.15,0.969,-1,-1,-1
661,917,220.3,246.66,44.01,82.18,0.9677,-1,-1,-1
661,839,1102.87,283.2,37.35,82.17,0.9664,-1,-1,-1
661,906,1238.71,315.52,32.98,79.46,0.9577,-1,-1,-1
661,849,1817.67,547.19,42.06,102.82,0.9574,-1,-1,-1
661,834,1165.05,521.21,34.65,97.08,0.9539,-1,-1,-1
661,912,1789.39,153.8,24.36,67.39,0.949,-1,-1,-1
661,841,1809.79,351.59,28.99,92.47,0.9473,-1,-1,-1
662,874,301.59,733.15,66.96,131.66,0.9718,-1,-1,-1
662,837,780.51,712.76,61.74,119.03,0.9713,-1,-1,-1
662,839,1104.0,281.81,41.16,83.07,0.9713,-1,-1,-1
662,875,148.56,416.87,64.4,87.48,0.971,-1,-1,-1
662,917,225.0,246.19,41.81,81.91,0.9687,-1,-1,-1
662,842,804.83,341.33,66.44,77.35,0.9638,-1,-1,-1
662,843,1472.78,338.44,36.79,79.79,0.9608,-1,-1,-1
662,906,1236.42,314.12,35.94,81.87,0.9593,-1,-1,-1
662,834,1165.09,521.38,34.75,95.8,0.9589,-1,-1,-1
662,845,1846.13,697.91,56.2,120.76,0.9581,-1,-1,-1
662,849,1823.47,548.34,37.42,101.29,0.9561,-1,-1,-1
662,912,1791.38,153.22,23.45,67.92,0.9488,-1,-1,-1
662,841,1810.73,352.06,29.41,92.4,0.9476,-1,-1,-1
663,906,1231.97,312.1,42.98,82.66,0.9748,-1,-1,-1
663,875,154.35,416.61,63.05,86.9,0.9736,-1,-1,-1
663,845,1843.21,699.2,45.42,118.79,0.9717,-1,-1,-1
663,837,777.59,715.87,55.9,113.87,0.971,-1,-1,-1
663,834,1163.26,520.85,40.92,96.1,0.9707,-1,-1,-1
663,874,303.34,732.06,65.11,132.07,0.9697,-1,-1,-1
663,849,1821.33,548.81,42.8,100.31,0.9673,-1,-1,-1
663,917,230.04,245.11,38.76,80.63,0.9664,-1,-1,-1
663,839,1106.08,281.16,41.45,82.24,0.9655,-1,-1,-1
663,843,1473.93,340.2,31.15,77.79,0.9621,-1,-1,-1
663,842,800.67,342.71,55.63,79.65,0.9603,-1,-1,-1
663,841,1810.33,350.82,33.1,94.97,0.9513,-1,-1,-1
663,912,1792.66,153.77,22.92,67.84,0.9505,-1,-1,-1
664,837,773.02,715.84,49.36,113.37,0.9772,-1,-1,-1
664,834,1162.15,520.1,44.07,100.54,0.9769,-1,-1,-1
664,906,1229.51,310.0,47.83,84.72,0.976,-1,-1,-1
664,845,1838.8,699.09,39.04,117.59,0.9723,-1,-1,-1
664,875,163.7,414.48,52.65,87.11,0.97,-1,-1,-1
664,841,1806.32,351.17,41.06,93.95,0.9678,-1,-1,-1
664,839,1108.09,280.89,40.0,81.09,0.9676,-1,-1,-1
664,874,306.09,730.15,58.98,130.62,0.9652,-1,-1,-1
664,843,1474.49,342.49,30.63,74.9,0.963,-1,-1,-1
664,917,235.93,245.84,35.18,81.6,0.9561,-1,-1,-1
664,912,1790.82,156.3,26.13,65.73,0.9542,-1,-1,-1
664,849,1817.76,549.63,48.56,99.72,0.9501,-1,-1,-1
664,842,797.97,344.04,36.61,77.12,0.9363,-1,-1,-1
665,845,1830.37,696.92,45.72,118.69,0.9777,-1,-1,-1
665,841,1803.86,352.09,47.43,92.59,0.9772,-1,-1,-1
665,834,1159.53,520.97,49.04,100.76,0.9768,-1,-1,-1
665,906,1221.64,309.38,56.43,82.08,0.9733,-1,-1,-1
665,837,770.76,714.25,47.64,113.04,0.9725,-1,-1,-1
665,875,171.81,411.19,47.03,87.61,0.9713,-1,-1,-1
665,839,1107.8,280.15,41.17,79.61,0.9698,-1,-1,-1
665,842,784.26,345.19,39.71,75.53,0.968,-1,-1,-1
665,849,1810.51,546.91,59.14,103.6,0.9669,-1,-1,-1
665,874,306.56,727.76,54.68,131.19,0.9642,-1,-1,-1
665,843,1474.41,343.45,33.16,73.05,0.9638,-1,-1,-1
665,912,1785.85,155.85,33.2,66.59,0.9599,-1,-1,-1
665,917,239.15,247.02,33.32,79.15,0.9499,-1,-1,-1
666,845,1830.39,697.11,45.76,118.46,0.9778,-1,-1,-1
666,841,1803.87,352.13,47.39,92.57,0.9773,-1,-1,-1
666,834,1159.54,520.95,49.01,100.79,0.9769,-1,-1,-1
666,906,1221.59,309.36,56.52,82.03,0.9732,-1,-1,-1
666,837,770.72,714.25,47.64,113.03,0.9724,-1,-1,-1
666,875,171.8,411.23,47.04,87.58,0.9713,-1,-1,-1
666,839,1107.83,280.15,41.16,79.55,0.9696,-1,-1,-1
666,842,784.18,345.21,39.74,75.54,0.968,-1,-1,-1
666,849,1810.5,546.88,59.13,103.67,0.9671,-1,-1,-1
666,843,1474.4,343.44,33.2,73.11,0.9639,-1,-1,-1
666,874,306.57,727.72,54.82,131.21,0.9639,-1,-1,-1
666,912,1785.96,155.81,33.09,66.61,0.96,-1,-1,-1
666,917,239.1,246.94,33.38,79.33,0.9506,-1,-1,-1
667,841,1803.36,353.28,51.53,91.25,0.9769,-1,-1,-1
667,845,1824.12,696.42,53.57,118.97,0.9744,-1,-1,-1
667,834,1156.35,522.11,53.87,100.94,0.9742,-1,-1,-1
667,837,767.7,710.96,53.82,115.19,0.9718,-1,-1,-1
667,842,773.49,345.93,52.67,75.04,0.9704,-1,-1,-1
667,839,1107.8,278.78,39.96,78.34,0.9697,-1,-1,-1
667,843,1473.09,343.28,39.3,74.04,0.9696,-1,-1,-1
667,874,308.72,725.21,49.36,132.21,0.9695,-1,-1,-1
667,875,178.84,408.01,40.41,89.61,0.9692,-1,-1,-1
667,906,1219.95,309.34,56.64,81.23,0.9676,-1,-1,-1
667,849,1805.09,547.29,65.14,105.31,0.963,-1,-1,-1
667,912,1784.41,155.78,37.35,67.35,0.9618,-1,-1,-1
667,917,240.44,249.39,35.32,76.33,0.9533,-1,-1,-1
668,841,1803.83,354.14,52.74,91.48,0.976,-1,-1,-1
668,837,764.89,707.93,60.64,116.82,0.9723,-1,-1,-1
668,843,1469.91,342.82,45.42,75.76,0.9715,-1,-1,-1
668,834,1155.08,524.51,55.53,101.19,0.9712,-1,-1,-1
668,874,310.77,724.44,47.07,131.47,0.9689,-1,-1,-1
668,917,242.1,248.48,39.85,76.16,0.9679,-1,-1,-1
668,839,1107.65,276.02,38.39,79.09,0.9678,-1,-1,-1
668,912,1784.39,156.12,40.5,67.11,0.9634,-1,-1,-1
668,845,1817.95,694.29,60.05,121.01,0.963,-1,-1,-1
668,842,762.17,347.31,59.12,70.18,0.9627,-1,-1,-1
668,849,1805.51,549.84,63.74,103.44,0.9621,-1,-1,-1
668,875,184.39,406.16,36.16,91.23,0.9607,-1,-1,-1
668,906,1225.31,309.75,46.6,79.87,0.96,-1,-1,-1
669,845,1805.1,695.1,74.16,124.05,0.9815,-1,-1,-1
669,841,1804.78,355.56,55.66,90.49,0.976,-1,-1,-1
669,837,758.42,705.62,68.17,120.27,0.974,-1,-1,-1
669,843,1467.65,343.17,49.41,75.67,0.9736,-1,-1,-1
669,834,1157.62,527.81,51.35,98.35,0.9707,-1,-1,-1
669,874,312.53,724.2,44.95,131.46,0.97,-1,-1,-1
669,917,244.67,249.85,44.11,74.21,0.9697,-1,-1,-1
669,875,188.33,404.93,36.08,91.46,0.9689,-1,-1,-1
669,906,1224.88,309.1,42.28,80.62,0.9688,-1,-1,-1
669,849,1800.55,551.04,66.07,105.16,0.9668,-1,-1,-1
669,839,1108.23,274.04,36.04,81.14,0.9666,-1,-1,-1
669,912,1786.6,155.5,41.14,69.29,0.966,-1,-1,-1
669,842,746.63,346.67,62.63,72.31,0.9454,-1,-1,-1
670,845,1800.58,696.8,77.0,125.32,0.9766,-1,-1,-1
670,837,752.35,704.72,74.36,121.96,0.9762,-1,-1,-1
670,843,1465.81,343.65,51.93,76.96,0.9741,-1,-1,-1
670,874,312.6,726.66,45.68,128.91,0.9718,-1,-1,-1
670,841,1807.35,355.52,53.45,90.62,0.9717,-1,-1,-1
670,834,1155.56,529.48,49.5,95.26,0.9701,-1,-1,-1
670,917,249.87,250.12,45.98,73.59,0.968,-1,-1,-1
670,875,190.69,405.15,38.32,90.9,0.9676,-1,-1,-1
670,906,1218.53,308.62,40.08,79.28,0.9675,-1,-1,-1
670,849,1804.54,555.02,60.03,101.81,0.9637,-1,-1,-1
670,912,1788.6,156.7,41.64,68.57,0.9634,-1,-1,-1
670,839,1110.01,271.49,36.67,82.19,0.9613,-1,-1,-1
670,842,745.21,349.53,42.44,70.78,0.9468,-1,-1,-1
671,837,752.4,705.63,72.32,121.14,0.9754,-1,-1,-1
671,917,256.5,248.9,46.31,75.41,0.9716,-1,-1,-1
671,841,1808.28,355.55,52.0,90.73,0.9702,-1,-1,-1
671,834,1152.12,531.52,45.63,93.11,0.9702,-1,-1,-1
671,875,192.64,404.67,40.26,92.87,0.9701,-1,-1,-1
671,849,1805.9,556.54,50.75,99.68,0.9691,-1,-1,-1
671,845,1798.09,701.7,73.42,124.26,0.9683,-1,-1,-1
671,874,309.34,728.2,52.93,128.33,0.9681,-1,-1,-1
671,843,1465.24,344.89,49.63,78.11,0.9678,-1,-1,-1
671,906,1213.87,307.92,37.35,79.27,0.9659,-1,-1,-1
671,912,1791.51,156.04,39.76,69.37,0.9645,-1,-1,-1
671,839,1110.3,270.13,38.52,83.24,0.9644,-1,-1,-1
671,842,738.75,352.49,32.52,67.32,0.9309,-1,-1,-1
672,837,752.49,705.63,72.27,121.15,0.9753,-1,-1,-1
672,917,256.43,248.83,46.38,75.48,0.9717,-1,-1,-1
672,841,1808.18,355.52,52.15,90.75,0.9702,-1,-1,-1
672,834,1152.11,531.5,45.63,93.06,0.9701,-1,-1,-1
672,875,192.68,404.65,40.18,92.87,0.97,-1,-1,-1
672,849,1805.89,556.67,50.73,99.55,0.9691,-1,-1,-1
672,906,1213.05,307.87,38.18,79.32,0.9688,-1,-1,-1
672,845,1798.0,701.7,73.63,124.36,0.968,-1,-1,-1
672,843,1465.24,344.88,49.65,78.15,0.9677,-1,-1,-1
672,874,309.22,728.2,52.98,128.39,0.9677,-1,-1,-1
672,912,1791.44,156.02,39.81,69.41,0.9647,-1,-1,-1
672,839,1110.3,270.13,38.43,83.22,0.9642,-1,-1,-1
672,842,738.73,352.53,32.38,67.24,0.9311,-1,-1,-1
673,834,1150.32,532.66,42.24,90.6,0.9733,-1,-1,-1
673,875,196.44,406.82,42.51,89.74,0.9731,-1,-1,-1
673,837,754.41,707.42,64.89,118.46,0.9722,-1,-1,-1
673,845,1797.29,705.52,62.82,120.8,0.971,-1,-1,-1
673,874,304.84,729.7,63.94,128.4,0.9696,-1,-1,-1
673,843,1461.51,346.41,49.45,78.07,0.9696,-1,-1,-1
673,841,1810.32,356.33,46.48,89.34,0.9677,-1,-1,-1
673,906,1206.28,306.54,47.77,81.73,0.9677,-1,-1,-1
673,917,263.21,248.82,43.19,74.77,0.9677,-1,-1,-1
673,839,1111.23,268.84,40.17,82.41,0.9671,-1,-1,-1
673,912,1794.1,158.7,36.82,67.79,0.959,-1,-1,-1
673,842,728.25,356.16,39.45,63.85,0.9568,-1,-1,-1
673,849,1799.75,558.77,47.46,97.89,0.9391,-1,-1,-1
674,837,753.31,709.86,56.22,114.64,0.9722,-1,-1,-1
674,874,304.31,729.95,70.44,129.1,0.9717,-1,-1,-1
674,834,1149.52,531.72,42.63,92.16,0.9715,-1,-1,-1
674,875,200.98,408.02,43.46,87.85,0.9712,-1,-1,-1
674,843,1457.26,347.91,46.02,76.25,0.9706,-1,-1,-1
674,906,1202.09,305.12,53.6,82.58,0.9696,-1,-1,-1
674,839,1111.11,268.13,41.86,80.73,0.9666,-1,-1,-1
674,842,714.18,357.48,53.78,62.17,0.9661,-1,-1,-1
674,841,1813.31,355.62,37.92,90.04,0.9659,-1,-1,-1
674,845,1791.87,707.91,54.07,118.83,0.9651,-1,-1,-1
674,917,268.59,247.95,38.73,75.24,0.9622,-1,-1,-1
674,849,1801.02,557.79,42.75,99.48,0.9489,-1,-1,-1
674,912,1795.61,159.33,33.45,67.1,0.9273,-1,-1,-1
675,874,307.05,729.88,74.03,127.42,0.9788,-1,-1,-1
675,837,751.2,709.68,47.42,112.45,0.9784,-1,-1,-1
675,906,1199.64,306.21,55.85,80.36,0.9743,-1,-1,-1
675,875,207.05,409.86,46.26,86.0,0.9739,-1,-1,-1
675,834,1148.54,532.16,43.42,97.83,0.9738,-1,-1,-1
675,839,1111.27,268.75,42.98,78.79,0.9688,-1,-1,-1
675,843,1452.67,348.48,40.24,74.93,0.9686,-1,-1,-1
675,849,1778.17,553.55,65.19,103.86,0.9662,-1,-1,-1
675,845,1786.37,708.11,46.93,116.99,0.9641,-1,-1,-1
675,842,698.45,359.89,63.6,61.07,0.9557,-1,-1,-1
675,917,272.41,247.55,35.18,75.22,0.955,-1,-1,-1
675,912,1797.77,159.91,27.14,67.48,0.942,-1,-1,-1
675,841,1815.03,356.6,30.29,88.65,0.9402,-1,-1,-1
676,834,1147.14,532.65,44.33,99.69,0.975,-1,-1,-1
676,837,746.74,707.6,43.88,113.08,0.9724,-1,-1,-1
676,874,312.11,728.79,69.48,126.99,0.9714,-1,-1,-1
676,843,1451.39,347.32,38.73,76.67,0.9708,-1,-1,-1
676,839,1112.17,269.69,42.31,77.35,0.968,-1,-1,-1
676,906,1198.47,306.59,54.55,79.65,0.9678,-1,-1,-1
676,875,209.5,411.08,55.69,86.25,0.9677,-1,-1,-1
676,845,1772.39,707.32,55.83,116.17,0.9639,-1,-1,-1
676,849,1777.82,552.93,63.79,104.78,0.9621,-1,-1,-1
676,917,276.38,245.73,28.95,77.51,0.9597,-1,-1,-1
676,842,689.07,363.16,48.66,62.27,0.9592,-1,-1,-1
676,841,1813.42,357.54,26.01,87.4,0.9473,-1,-1,-1
676,912,1801.16,160.53,22.22,66.54,0.9329,-1,-1,-1
677,834,1144.44,535.2,47.65,98.43,0.9754,-1,-1,-1
677,837,741.02,705.21,52.48,115.33,0.9742,-1,-1,-1
677,843,1448.64,347.06,43.42,78.33,0.9741,-1,-1,-1
677,874,316.27,727.92,66.11,126.3,0.9733,-1,-1,-1
677,845,1770.32,706.58,53.14,121.42,0.9721,-1,-1,-1
677,849,1771.26,552.47,68.34,103.15,0.9705,-1,-1,-1
677,839,1113.17,270.31,40.94,76.9,0.9689,-1,-1,-1
677,906,1198.33,307.56,50.22,78.56,0.9635,-1,-1,-1
677,875,212.7,411.85,52.86,85.95,0.9601,-1,-1,-1
677,841,1810.73,357.48,28.63,87.63,0.9551,-1,-1,-1
677,917,279.35,246.67,26.61,75.17,0.9541,-1,-1,-1
677,912,1801.67,161.34,20.66,66.66,0.9401,-1,-1,-1
677,842,689.75,365.78,39.35,60.26,0.9378,-1,-1,-1
678,834,1144.43,535.16,47.63,98.43,0.9753,-1,-1,-1
678,837,740.98,705.35,52.52,115.17,0.9742,-1,-1,-1
678,843,1448.63,347.05,43.35,78.32,0.9741,-1,-1,-1
678,874,316.29,727.79,66.09,126.44,0.9733,-1,-1,-1
678,845,1770.37,706.56,53.07,121.51,0.9722,-1,-1,-1
678,849,1771.14,552.49,68.47,103.19,0.9706,-1,-1,-1
678,839,1113.14,270.3,40.98,76.82,0.9689,-1,-1,-1
678,906,1198.05,307.49,50.49,78.62,0.9644,-1,-1,-1
678,875,212.69,411.84,52.65,85.81,0.9606,-1,-1,-1
678,841,1810.49,357.44,28.92,87.66,0.9556,-1,-1,-1
678,917,279.4,246.68,26.61,75.18,0.9539,-1,-1,-1
678,912,1801.6,161.39,20.69,66.7,0.9404,-1,-1,-1
678,842,689.84,365.64,38.98,60.38,0.9288,-1,-1,-1
679,874,318.42,726.84,60.87,125.94,0.9738,-1,-1,-1
679,843,1447.73,347.24,43.43,80.43,0.9729,-1,-1,-1
679,834,1143.11,537.74,47.07,97.69,0.9729,-1,-1,-1
679,845,1767.04,706.14,51.99,125.68,0.9719,-1,-1,-1
679,837,736.64,702.96,59.43,116.01,0.9712,-1,-1,-1
679,906,1196.84,307.69,45.43,78.66,0.9702,-1,-1,-1
679,839,1112.02,269.86,39.58,78.02,0.9683,-1,-1,-1
679,849,1763.92,553.63,72.11,102.21,0.9658,-1,-1,-1
679,875,217.27,409.57,44.3,88.3,0.9602,-1,-1,-1
679,841,1806.69,357.07,34.65,89.27,0.9577,-1,-1,-1
679,912,1799.06,162.77,23.72,66.13,0.9475,-1,-1,-1
679,842,683.58,367.69,29.27,57.55,0.9408,-1,-1,-1
679,917,282.46,246.77,27.58,74.7,0.9381,-1,-1,-1
680,874,319.61,725.72,48.83,125.66,0.9772,-1,-1,-1
680,837,729.23,700.52,67.69,117.69,0.9745,-1,-1,-1
680,843,1442.24,348.35,47.46,77.8,0.9735,-1,-1,-1
680,841,1796.91,357.46,45.46,89.42,0.9725,-1,-1,-1
680,845,1755.69,706.83,62.58,126.76,0.9701,-1,-1,-1
680,906,1199.82,308.32,38.81,78.16,0.9691,-1,-1,-1
680,849,1760.26,555.26,66.97,101.58,0.9688,-1,-1,-1
680,834,1143.14,541.84,40.19,93.88,0.9685,-1,-1,-1
680,875,222.96,408.77,35.75,87.73,0.9674,-1,-1,-1
680,839,1111.24,269.95,34.45,77.4,0.9606,-1,-1,-1
680,842,670.9,369.24,40.82,56.02,0.9549,-1,-1,-1
680,912,1793.84,165.2,31.75,64.2,0.9534,-1,-1,-1
680,917,284.89,248.2,30.01,73.11,0.9178,-1,-1,-1
681,837,723.61,699.19,72.71,117.89,0.9757,-1,-1,-1
681,841,1790.2,358.25,52.7,88.5,0.9738,-1,-1,-1
681,843,1437.75,350.49,48.67,78.83,0.9738,-1,-1,-1
681,874,320.2,723.0,41.62,124.72,0.9715,-1,-1,-1
681,845,1748.16,708.21,66.02,126.61,0.9697,-1,-1,-1
681,834,1142.46,542.85,35.89,92.48,0.967,-1,-1,-1
681,849,1759.99,556.2,57.78,99.94,0.9618,-1,-1,-1
681,912,1789.83,168.07,37.33,62.02,0.9609,-1,-1,-1
681,842,653.07,369.07,58.25,60.21,0.9605,-1,-1,-1
681,875,228.72,408.99,33.92,87.86,0.9583,-1,-1,-1
681,906,1201.38,307.49,31.58,78.27,0.958,-1,-1,-1
681,839,1110.49,268.13,31.03,79.05,0.9578,-1,-1,-1
681,917,288.63,248.47,31.45,72.49,0.9524,-1,-1,-1
682,841,1787.98,359.77,56.13,87.65,0.9784,-1,-1,-1
682,837,723.53,701.05,68.29,116.66,0.974,-1,-1,-1
682,843,1437.61,352.6,42.17,78.23,0.9717,-1,-1,-1
682,874,320.95,722.46,37.18,124.63,0.9699,-1,-1,-1
682,906,1197.29,305.57,33.53,80.94,0.9696,-1,-1,-1
682,849,1758.45,556.44,46.63,97.91,0.9653,-1,-1,-1
682,845,1745.82,711.71,59.52,126.96,0.9628,-1,-1,-1
682,842,644.96,371.28,54.64,62.45,0.9606,-1,-1,-1
682,839,1109.33,266.22,33.71,81.44,0.9606,-1,-1,-1
682,912,1788.84,168.6,38.7,62.77,0.9594,-1,-1,-1
682,834,1141.54,544.77,31.66,89.5,0.9585,-1,-1,-1
682,917,290.01,249.93,34.26,71.6,0.9559,-1,-1,-1
682,875,234.82,410.23,32.0,85.81,0.954,-1,-1,-1
683,841,1788.48,360.84,55.88,86.81,0.977,-1,-1,-1
683,845,1743.83,714.8,48.48,123.5,0.972,-1,-1,-1
683,837,724.86,702.02,58.66,115.69,0.9716,-1,-1,-1
683,849,1750.09,554.65,43.37,99.09,0.969,-1,-1,-1
683,906,1194.26,303.61,36.43,83.28,0.9684,-1,-1,-1
683,874,320.82,724.31,36.68,127.54,0.9657,-1,-1,-1
683,843,1435.74,354.26,35.1,76.54,0.9623,-1,-1,-1
683,875,239.5,411.36,31.6,85.74,0.9592,-1,-1,-1
683,839,1110.25,265.3,34.05,81.41,0.9582,-1,-1,-1
683,834,1141.28,545.24,29.76,89.12,0.9569,-1,-1,-1
683,842,644.44,373.55,36.55,62.83,0.9569,-1,-1,-1
683,917,292.64,249.64,36.69,71.88,0.9554,-1,-1,-1
683,912,1787.9,169.3,39.3,63.67,0.9547,-1,-1,-1
684,841,1788.52,360.84,55.85,86.81,0.9767,-1,-1,-1
684,845,1743.86,714.79,48.46,123.52,0.9719,-1,-1,-1
684,837,724.85,702.03,58.69,115.7,0.9716,-1,-1,-1
684,849,1750.04,554.51,43.4,99.23,0.969,-1,-1,-1
684,906,1194.28,303.59,36.41,83.3,0.9684,-1,-1,-1
684,874,320.8,724.29,36.69,127.67,0.9656,-1,-1,-1
684,843,1435.75,354.21,35.06,76.66,0.9621,-1,-1,-1
684,875,239.28,411.04,31.72,85.36,0.9591,-1,-1,-1
684,839,1109.8,265.1,34.75,81.82,0.9583,-1,-1,-1
684,842,644.46,373.54,36.63,62.87,0.9569,-1,-1,-1
684,834,1141.34,545.22,29.75,89.22,0.9565,-1,-1,-1
684,912,1787.88,169.42,39.31,63.57,0.9547,-1,-1,-1
684,917,292.68,249.56,36.61,71.97,0.9547,-1,-1,-1
685,906,1184.63,304.59,45.89,80.6,0.9753,-1,-1,-1
685,841,1789.94,361.93,53.27,85.68,0.9744,-1,-1,-1
685,849,1740.3,552.33,50.49,101.52,0.9704,-1,-1,-1
685,874,316.38,726.19,42.01,129.0,0.9691,-1,-1,-1
685,845,1739.07,716.9,41.25,121.21,0.9681,-1,-1,-1
685,837,719.89,703.4,53.32,113.27,0.9672,-1,-1,-1
685,917,296.5,249.94,35.96,70.46,0.9636,-1,-1,-1
685,839,1110.14,264.56,34.83,80.57,0.9617,-1,-1,-1
685,875,242.85,414.12,31.84,83.3,0.9588,-1,-1,-1
685,912,1789.13,170.02,37.39,63.59,0.9582,-1,-1,-1
685,834,1137.89,544.72,33.3,89.42,0.9579,-1,-1,-1
685,843,1433.01,355.6,26.41,74.87,0.9531,-1,-1,-1
685,842,644.94,376.57,27.77,59.04,0.9351,-1,-1,-1
686,841,1790.99,362.01,48.36,85.5,0.9753,-1,-1,-1
686,837,714.39,704.19,48.89,108.77,0.9752,-1,-1,-1
686,874,312.66,728.43,48.47,127.99,0.9749,-1,-1,-1
686,906,1178.41,303.87,51.8,80.3,0.9719,-1,-1,-1
686,845,1728.97,716.62,42.01,120.09,0.9695,-1,-1,-1
686,834,1133.78,545.41,39.41,93.11,0.9674,-1,-1,-1
686,839,1108.34,264.87,37.93,78.35,0.9659,-1,-1,-1
686,849,1732.67,551.74,57.86,102.06,0.9652,-1,-1,-1
686,843,1429.07,356.01,31.41,74.34,0.9606,-1,-1,-1
686,917,302.15,250.21,34.2,69.02,0.9603,-1,-1,-1
686,842,635.32,380.08,33.8,55.93,0.9577,-1,-1,-1
686,875,246.6,417.43,32.58,80.53,0.9569,-1,-1,-1
686,912,1789.74,171.71,35.1,63.12,0.9555,-1,-1,-1
687,845,1720.79,714.57,46.68,121.56,0.9776,-1,-1,-1
687,906,1175.82,305.76,53.59,76.77,0.9749,-1,-1,-1
687,837,708.3,702.6,50.94,109.7,0.9746,-1,-1,-1
687,841,1792.45,361.75,41.54,84.66,0.9711,-1,-1,-1
687,834,1127.33,545.74,46.39,95.75,0.9704,-1,-1,-1
687,874,308.63,730.29,57.33,127.03,0.9689,-1,-1,-1
687,849,1723.68,551.24,64.95,101.4,0.9686,-1,-1,-1
687,843,1423.14,355.37,38.16,75.6,0.9684,-1,-1,-1
687,839,1108.13,265.91,38.15,75.66,0.9658,-1,-1,-1
687,842,624.47,382.52,42.65,57.59,0.9646,-1,-1,-1
687,875,251.18,420.14,31.44,77.28,0.962,-1,-1,-1
687,917,306.99,247.76,33.6,71.24,0.9551,-1,-1,-1
687,912,1791.78,171.53,32.17,63.93,0.9536,-1,-1,-1
688,849,1712.09,551.84,76.14,99.7,0.9768,-1,-1,-1
688,837,704.7,699.74,58.23,111.9,0.9751,-1,-1,-1
688,845,1714.34,713.47,53.71,121.36,0.9747,-1,-1,-1
688,906,1178.51,306.52,48.77,75.44,0.9743,-1,-1,-1
688,834,1126.37,548.71,47.83,94.09,0.9715,-1,-1,-1
688,843,1416.16,354.71,45.42,77.15,0.9695,-1,-1,-1
688,874,307.77,730.98,63.54,127.01,0.9674,-1,-1,-1
688,875,255.46,422.75,34.59,76.94,0.9634,-1,-1,-1
688,839,1109.35,266.98,36.27,74.21,0.962,-1,-1,-1
688,841,1795.48,361.13,34.0,84.5,0.9607,-1,-1,-1
688,842,609.63,384.88,55.37,61.99,0.9591,-1,-1,-1
688,917,312.27,246.35,31.24,72.64,0.9547,-1,-1,-1
688,912,1793.37,171.44,27.28,64.45,0.9462,-1,-1,-1
689,837,701.48,696.5,62.99,113.16,0.9766,-1,-1,-1
689,874,309.55,729.66,69.07,126.79,0.9764,-1,-1,-1
689,849,1703.83,552.85,80.29,97.5,0.9738,-1,-1,-1
689,845,1704.55,712.28,62.49,122.69,0.9733,-1,-1,-1
689,834,1126.81,550.64,47.02,93.31,0.9713,-1,-1,-1
689,906,1181.61,306.47,41.64,75.65,0.9713,-1,-1,-1
689,843,1404.92,354.22,56.59,77.0,0.9705,-1,-1,-1
689,842,608.34,387.67,42.92,62.88,0.9643,-1,-1,-1
689,839,1110.48,266.99,34.18,74.24,0.9592,-1,-1,-1
689,875,257.68,423.76,36.48,77.99,0.9577,-1,-1,-1
689,917,316.75,243.67,31.3,74.06,0.9569,-1,-1,-1
689,841,1796.11,360.2,28.19,85.21,0.9563,-1,-1,-1
689,912,1795.18,173.13,24.45,62.42,0.9463,-1,-1,-1
690,837,701.46,696.52,63.03,113.25,0.9766,-1,-1,-1
690,874,309.52,729.65,69.09,126.75,0.9764,-1,-1,-1
690,849,1703.81,552.5,80.4,97.83,0.9739,-1,-1,-1
690,845,1704.54,712.34,62.52,122.69,0.9733,-1,-1,-1
690,834,1126.83,550.62,47.02,93.33,0.9714,-1,-1,-1
690,906,1181.6,306.46,41.65,75.6,0.9713,-1,-1,-1
690,843,1404.94,354.21,56.52,76.98,0.9705,-1,-1,-1
690,842,608.27,387.68,43.16,62.87,0.965,-1,-1,-1
690,839,1110.59,266.96,34.06,74.2,0.9596,-1,-1,-1
690,875,257.66,423.77,36.55,78.27,0.9579,-1,-1,-1
690,917,316.76,243.61,31.28,74.08,0.9565,-1,-1,-1
690,841,1796.11,360.2,28.06,85.29,0.9564,-1,-1,-1
690,912,1795.15,173.0,24.5,62.58,0.9461,-1,-1,-1
691,874,310.24,730.32,68.45,124.58,0.9762,-1,-1,-1
691,845,1692.16,712.2,72.87,123.46,0.9747,-1,-1,-1
691,837,691.72,694.67,72.42,113.9,0.9746,-1,-1,-1
691,875,259.9,424.5,42.42,78.3,0.9713,-1,-1,-1
691,843,1399.14,355.37,60.24,76.77,0.9706,-1,-1,-1
691,834,1124.37,554.26,43.26,90.07,0.9683,-1,-1,-1
691,849,1700.01,556.48,77.16,91.81,0.9659,-1,-1,-1
691,906,1182.46,305.22,34.28,76.04,0.9619,-1,-1,-1
691,839,1110.63,265.96,30.07,73.97,0.9606,-1,-1,-1
691,917,320.32,243.32,31.24,72.95,0.9546,-1,-1,-1
691,842,608.05,390.25,27.82,60.78,0.9499,-1,-1,-1
691,841,1795.6,359.78,25.87,84.83,0.9453,-1,-1,-1
691,912,1794.69,174.26,24.54,62.58,0.9449,-1,-1,-1
692,845,1685.49,713.69,74.75,125.07,0.9802,-1,-1,-1
692,837,687.36,695.03,75.15,113.17,0.9776,-1,-1,-1
692,874,310.48,732.89,63.89,119.84,0.9745,-1,-1,-1
692,843,1397.07,356.39,57.79,76.9,0.9698,-1,-1,-1
692,849,1699.02,559.96,69.88,86.2,0.9694,-1,-1,-1
692,875,263.61,426.45,42.05,76.44,0.9673,-1,-1,-1
692,834,1120.47,558.81,42.06,83.91,0.9667,-1,-1,-1
692,917,324.6,243.61,31.55,72.22,0.9632,-1,-1,-1
692,839,1109.57,264.92,25.49,75.05,0.954,-1,-1,-1
692,906,1174.76,303.4,36.43,78.19,0.9521,-1,-1,-1
692,841,1793.43,359.6,26.84,86.03,0.9464,-1,-1,-1
692,912,1794.13,173.67,24.02,63.37,0.9411,-1,-1,-1
692,842,602.77,391.72,25.63,58.55,0.939,-1,-1,-1
693,845,1683.14,716.21,71.11,123.74,0.9777,-1,-1,-1
693,837,685.98,694.62,72.93,114.56,0.9714,-1,-1,-1
693,843,1397.76,358.32,50.59,75.91,0.9696,-1,-1,-1
693,874,311.41,734.28,50.61,117.61,0.969,-1,-1,-1
693,834,1118.53,561.56,42.75,80.97,0.9657,-1,-1,-1
693,917,328.86,244.4,31.12,70.85,0.9638,-1,-1,-1
693,906,1166.49,302.63,42.34,78.79,0.9607,-1,-1,-1
693,875,267.91,429.16,37.78,71.99,0.9582,-1,-1,-1
693,839,1108.11,263.6,27.6,75.68,0.9564,-1,-1,-1
693,849,1700.32,556.2,56.55,89.02,0.9555,-1,-1,-1
693,842,591.91,392.81,37.32,57.11,0.9552,-1,-1,-1
693,912,1792.96,173.16,24.7,64.72,0.9469,-1,-1,-1
693,841,1786.61,360.25,33.32,85.67,0.9468,-1,-1,-1
694,845,1681.71,720.02,61.21,119.24,0.9739,-1,-1,-1
694,874,311.04,735.3,41.31,114.75,0.9701,-1,-1,-1
694,849,1699.9,555.69,44.62,88.25,0.9682,-1,-1,-1
694,842,578.06,391.61,52.3,66.42,0.9677,-1,-1,-1
694,906,1164.25,301.29,44.37,78.51,0.967,-1,-1,-1
694,834,1117.56,563.17,43.35,79.3,0.9667,-1,-1,-1
694,837,687.93,698.45,61.82,109.82,0.965,-1,-1,-1
694,839,1107.69,262.38,28.88,76.92,0.9597,-1,-1,-1
694,917,330.48,246.24,34.03,68.09,0.9542,-1,-1,-1
694,912,1787.14,175.6,30.33,63.12,0.9509,-1,-1,-1
694,875,271.19,431.48,35.24,68.74,0.9503,-1,-1,-1
694,843,1394.63,358.92,44.67,74.64,0.9333,-1,-1,-1
694,841,1786.8,370.28,31.55,75.66,0.8896,-1,-1,-1
695,837,685.77,698.87,54.51,106.98,0.9725,-1,-1,-1
695,906,1161.39,301.09,46.81,77.42,0.9722,-1,-1,-1
695,874,310.94,734.87,40.57,112.9,0.971,-1,-1,-1
695,834,1117.43,564.02,42.05,86.22,0.9696,-1,-1,-1
695,842,571.09,393.65,45.41,70.19,0.9649,-1,-1,-1
695,839,1107.28,261.52,32.3,78.05,0.9642,-1,-1,-1
695,917,332.15,248.77,36.58,65.41,0.9612,-1,-1,-1
695,843,1389.81,359.35,36.68,74.92,0.9605,-1,-1,-1
695,875,273.88,431.89,33.19,68.78,0.9587,-1,-1,-1
695,845,1677.13,721.66,48.4,116.84,0.9582,-1,-1,-1
695,912,1782.81,176.38,33.73,63.75,0.9548,-1,-1,-1
695,849,1698.36,553.67,34.61,90.06,0.9483,-1,-1,-1
695,841,1788.27,363.4,29.27,82.95,0.9254,-1,-1,-1
696,906,1161.41,301.08,46.75,77.39,0.9724,-1,-1,-1
696,837,685.8,698.87,54.39,107.01,0.9721,-1,-1,-1
696,874,310.99,734.91,40.44,112.92,0.971,-1,-1,-1
696,834,1117.43,564.01,42.06,86.22,0.9695,-1,-1,-1
696,842,571.01,393.65,45.54,70.21,0.965,-1,-1,-1
696,839,1107.3,261.51,32.25,78.11,0.9642,-1,-1,-1
696,917,332.14,248.78,36.61,65.45,0.9617,-1,-1,-1
696,843,1389.79,359.35,36.69,74.91,0.9606,-1,-1,-1
696,875,273.89,431.89,33.17,68.73,0.9591,-1,-1,-1
696,845,1677.04,721.97,48.66,116.08,0.9582,-1,-1,-1
696,912,1782.88,176.51,33.63,63.62,0.9546,-1,-1,-1
696,849,1698.2,553.65,34.79,90.0,0.9501,-1,-1,-1
696,841,1788.21,363.46,29.3,82.91,0.9257,-1,-1,-1
697,834,1115.44,565.86,42.62,87.32,0.9745,-1,-1,-1
697,837,683.9,697.46,44.76,105.45,0.974,-1,-1,-1
697,906,1159.95,300.31,47.67,77.18,0.9737,-1,-1,-1
697,874,308.86,734.08,42.93,113.33,0.9732,-1,-1,-1
697,917,332.12,250.23,41.85,63.72,0.9706,-1,-1,-1
697,845,1670.95,722.01,41.38,116.95,0.9653,-1,-1,-1
697,839,1105.01,261.23,36.2,75.6,0.9644,-1,-1,-1
697,912,1780.78,177.49,35.97,62.93,0.9578,-1,-1,-1
697,875,276.28,431.94,31.82,72.63,0.9544,-1,-1,-1
697,841,1789.04,361.79,28.44,84.85,0.9527,-1,-1,-1
697,849,1695.14,554.02,33.28,89.28,0.9496,-1,-1,-1
697,843,1387.45,358.57,34.17,74.9,0.9469,-1,-1,-1
697,842,569.47,396.93,32.98,69.31,0.9469,-1,-1,-1
698,834,1112.65,567.25,44.12,89.15,0.9749,-1,-1,-1
698,917,335.31,252.1,42.35,62.53,0.9747,-1,-1,-1
698,874,302.55,733.64,54.56,114.95,0.9721,-1,-1,-1
698,845,1666.37,722.56,40.19,114.65,0.9716,-1,-1,-1
698,906,1159.9,301.3,47.06,75.33,0.9711,-1,-1,-1
698,837,678.85,695.69,42.06,106.22,0.9687,-1,-1,-1
698,839,1103.9,261.61,39.81,73.79,0.9658,-1,-1,-1
698,849,1682.2,558.23,47.08,84.25,0.9619,-1,-1,-1
698,875,279.46,433.59,31.21,75.34,0.9566,-1,-1,-1
698,912,1781.64,179.1,35.41,61.73,0.9546,-1,-1,-1
698,843,1386.45,358.57,34.1,76.23,0.9543,-1,-1,-1
698,841,1790.89,361.54,25.74,83.39,0.9528,-1,-1,-1
698,842,567.0,399.54,27.06,65.84,0.9338,-1,-1,-1
699,834,1111.43,569.97,43.44,87.72,0.9746,-1,-1,-1
699,837,674.22,693.44,47.64,107.02,0.9736,-1,-1,-1
699,874,295.06,733.57,64.77,119.76,0.9708,-1,-1,-1
699,849,1671.99,551.94,56.86,90.04,0.9706,-1,-1,-1
699,843,1380.49,358.41,39.39,77.13,0.97,-1,-1,-1
699,917,339.75,252.22,43.25,61.48,0.97,-1,-1,-1
699,906,1160.82,301.79,45.86,75.49,0.9689,-1,-1,-1
699,839,1104.97,262.82,39.6,71.75,0.9649,-1,-1,-1
699,875,280.56,434.77,33.21,77.34,0.963,-1,-1,-1
699,912,1783.18,177.26,34.52,64.0,0.9556,-1,-1,-1
699,841,1790.9,360.53,24.9,84.06,0.9545,-1,-1,-1
699,842,555.26,401.42,36.45,64.39,0.9544,-1,-1,-1
699,845,1652.48,720.84,53.14,118.51,0.9327,-1,-1,-1
700,917,342.89,251.66,42.73,61.84,0.9745,-1,-1,-1
700,845,1642.76,720.18,59.19,121.99,0.974,-1,-1,-1
700,849,1665.08,551.59,63.79,88.62,0.9732,-1,-1,-1
700,874,290.58,734.83,63.21,121.99,0.9726,-1,-1,-1
700,843,1372.15,358.99,46.75,76.51,0.9695,-1,-1,-1
700,842,544.09,403.2,45.76,64.9,0.9693,-1,-1,-1
700,906,1158.49,302.79,48.01,74.11,0.968,-1,-1,-1
700,837,668.93,691.63,53.62,109.67,0.9677,-1,-1,-1
700,834,1111.27,575.53,37.19,80.65,0.9653,-1,-1,-1
700,839,1105.87,264.34,38.61,69.01,0.9652,-1,-1,-1
700,912,1783.54,176.27,34.89,65.05,0.9577,-1,-1,-1
700,841,1790.47,359.91,25.68,83.22,0.9535,-1,-1,-1
700,875,281.41,436.37,30.87,77.81,0.9518,-1,-1,-1
701,849,1662.6,553.31,64.78,87.61,0.9775,-1,-1,-1
701,874,290.3,737.46,53.22,117.78,0.9762,-1,-1,-1
701,837,655.02,690.76,67.31,110.55,0.9751,-1,-1,-1
701,845,1631.7,720.9,68.58,120.72,0.9736,-1,-1,-1
701,917,344.71,249.42,44.14,63.42,0.9727,-1,-1,-1
701,843,1365.66,359.81,51.22,76.97,0.9703,-1,-1,-1
701,906,1157.71,302.68,47.52,73.89,0.9648,-1,-1,-1
701,839,1105.35,264.65,37.37,68.93,0.9642,-1,-1,-1
701,842,533.64,406.29,51.42,69.27,0.9627,-1,-1,-1
701,841,1788.03,359.19,28.79,82.67,0.9585,-1,-1,-1
701,834,1112.91,579.83,31.61,76.27,0.9557,-1,-1,-1
701,912,1785.15,176.58,32.52,64.68,0.9543,-1,-1,-1
701,875,282.26,435.53,32.21,90.59,0.9308,-1,-1,-1
702,849,1662.62,553.35,64.68,87.57,0.9775,-1,-1,-1
702,874,290.29,737.45,53.19,117.79,0.9761,-1,-1,-1
702,837,655.1,690.78,67.19,110.56,0.975,-1,-1,-1
702,845,1631.76,720.92,68.52,120.75,0.9736,-1,-1,-1
702,917,344.65,249.41,44.16,63.41,0.9727,-1,-1,-1
702,843,1365.69,359.84,51.16,77.03,0.9705,-1,-1,-1
702,906,1157.71,302.68,47.55,73.88,0.9649,-1,-1,-1
702,839,1105.39,264.64,37.24,68.92,0.9641,-1,-1,-1
702,842,533.56,406.18,51.43,69.37,0.9625,-1,-1,-1
702,841,1788.04,359.18,28.74,82.71,0.9585,-1,-1,-1
702,834,1112.88,579.83,31.63,76.25,0.956,-1,-1,-1
702,912,1784.9,176.73,32.87,64.4,0.954,-1,-1,-1
702,875,282.26,435.78,32.1,89.05,0.9306,-1,-1,-1
703,874,291.02,739.28,45.69,118.14,0.9748,-1,-1,-1
703,843,1363.32,362.6,47.0,75.71,0.9722,-1,-1,-1
703,917,345.04,248.39,45.47,63.26,0.9719,-1,-1,-1
703,837,645.94,690.18,75.17,109.62,0.9704,-1,-1,-1
703,906,1155.74,301.92,48.74,73.74,0.9684,-1,-1,-1
703,845,1621.93,722.1,73.13,119.51,0.968,-1,-1,-1
703,849,1660.58,553.7,61.97,87.21,0.9663,-1,-1,-1
703,841,1783.81,358.85,32.92,83.73,0.9594,-1,-1,-1
703,839,1103.85,263.86,35.32,70.36,0.9586,-1,-1,-1
703,912,1787.33,176.84,30.92,63.99,0.9544,-1,-1,-1
703,834,1111.63,581.96,30.63,72.6,0.9506,-1,-1,-1
703,842,529.29,407.52,40.85,73.81,0.949,-1,-1,-1
703,875,279.78,439.21,35.5,78.94,0.9421,-1,-1,-1
704,837,644.49,691.74,72.77,108.63,0.9733,-1,-1,-1
704,874,287.73,739.62,44.36,117.7,0.9729,-1,-1,-1
704,843,1364.6,364.46,38.84,73.5,0.9724,-1,-1,-1
704,845,1618.82,723.94,67.51,120.43,0.9699,-1,-1,-1
704,849,1662.96,554.09,51.98,86.0,0.9698,-1,-1,-1
704,834,1103.55,583.93,36.81,74.71,0.9671,-1,-1,-1
704,841,1779.95,358.95,37.94,83.1,0.9662,-1,-1,-1
704,906,1148.97,300.48,53.52,75.07,0.9647,-1,-1,-1
704,839,1102.92,260.49,30.57,72.65,0.9587,-1,-1,-1
704,917,346.63,245.78,40.55,65.75,0.9587,-1,-1,-1
704,842,528.98,410.51,30.05,72.21,0.9577,-1,-1,-1
704,875,278.09,440.68,38.61,73.77,0.9551,-1,-1,-1
704,912,1789.81,176.29,28.71,64.4,0.9448,-1,-1,-1
705,874,283.04,739.04,44.2,119.94,0.9778,-1,-1,-1
705,834,1097.66,584.26,42.34,82.63,0.9741,-1,-1,-1
705,837,647.28,694.6,64.39,105.39,0.9739,-1,-1,-1
705,845,1619.74,727.55,53.55,116.38,0.9694,-1,-1,-1
705,906,1144.77,299.84,54.61,74.42,0.9691,-1,-1,-1
705,841,1778.06,358.93,40.7,82.51,0.9688,-1,-1,-1
705,849,1666.15,554.05,40.75,84.27,0.9687,-1,-1,-1
705,917,348.41,243.21,36.57,67.85,0.9568,-1,-1,-1
705,842,521.32,413.49,26.87,68.42,0.9559,-1,-1,-1
705,843,1367.4,365.53,27.42,72.18,0.9532,-1,-1,-1
705,839,1103.47,258.13,26.67,73.16,0.9528,-1,-1,-1
705,875,274.33,441.48,45.84,73.35,0.9498,-1,-1,-1
705,912,1792.72,176.32,26.23,64.22,0.9433,-1,-1,-1
706,874,277.01,738.22,52.39,122.16,0.9766,-1,-1,-1
706,834,1097.7,585.33,41.8,85.76,0.9731,-1,-1,-1
706,845,1619.81,728.56,41.5,112.99,0.9702,-1,-1,-1
706,841,1777.95,359.44,42.54,81.3,0.9685,-1,-1,-1
706,906,1142.31,298.97,55.41,73.73,0.9678,-1,-1,-1
706,837,643.03,694.51,59.7,103.81,0.9647,-1,-1,-1
706,839,1103.4,256.16,29.74,74.55,0.9621,-1,-1,-1
706,842,513.21,414.85,34.74,65.46,0.9562,-1,-1,-1
706,843,1364.5,365.2,26.53,70.67,0.9561,-1,-1,-1
706,917,351.41,242.14,32.67,69.5,0.9561,-1,-1,-1
706,849,1670.22,552.25,28.87,84.4,0.9537,-1,-1,-1
706,875,275.44,442.17,48.81,73.82,0.9527,-1,-1,-1
706,912,1795.64,175.88,25.63,64.52,0.9515,-1,-1,-1
707,874,271.42,737.6,63.33,127.24,0.9767,-1,-1,-1
707,834,1097.53,587.69,41.81,85.78,0.9745,-1,-1,-1
707,906,1143.98,300.04,53.61,72.54,0.9697,-1,-1,-1
707,841,1779.94,359.15,42.81,81.48,0.9694,-1,-1,-1
707,837,637.35,694.25,54.86,102.53,0.9684,-1,-1,-1
707,842,502.68,413.62,47.96,73.76,0.9673,-1,-1,-1
707,839,1104.88,254.78,30.93,74.26,0.9643,-1,-1,-1
707,875,277.68,441.31,50.25,76.09,0.9636,-1,-1,-1
707,845,1612.84,727.17,36.99,112.44,0.9588,-1,-1,-1
707,849,1666.07,551.63,31.85,84.1,0.9555,-1,-1,-1
707,843,1361.13,365.01,27.48,69.83,0.9542,-1,-1,-1
707,917,353.6,240.84,30.04,69.16,0.951,-1,-1,-1
707,912,1797.79,177.34,23.63,62.92,0.9419,-1,-1,-1
708,874,271.41,737.63,63.38,127.22,0.9768,-1,-1,-1
708,834,1097.52,587.69,41.83,85.77,0.9746,-1,-1,-1
708,906,1143.96,299.94,53.7,72.84,0.9698,-1,-1,-1
708,841,1779.94,359.14,42.76,81.47,0.9693,-1,-1,-1
708,837,637.49,694.26,54.57,102.44,0.9681,-1,-1,-1
708,842,502.65,413.38,47.99,74.07,0.9672,-1,-1,-1
708,839,1104.88,254.78,30.86,74.24,0.9642,-1,-1,-1
708,875,277.67,441.37,50.27,75.9,0.9636,-1,-1,-1
708,845,1612.79,727.2,37.1,112.42,0.9589,-1,-1,-1
708,849,1666.04,551.68,31.86,83.99,0.9552,-1,-1,-1
708,843,1361.18,364.96,27.43,69.88,0.954,-1,-1,-1
708,917,353.61,240.85,30.01,69.23,0.9509,-1,-1,-1
708,912,1797.81,177.5,23.44,62.74,0.9419,-1,-1,-1
709,874,267.95,739.19,62.28,128.56,0.9771,-1,-1,-1
709,845,1606.17,725.68,42.61,112.86,0.9747,-1,-1,-1
709,834,1098.42,591.05,43.21,82.1,0.9746,-1,-1,-1
709,906,1147.95,299.3,48.37,70.05,0.972,-1,-1,-1
709,841,1782.79,359.28,41.22,81.2,0.9708,-1,-1,-1
709,875,283.97,442.29,47.49,77.95,0.9663,-1,-1,-1
709,839,1103.26,254.22,33.92,73.41,0.9662,-1,-1,-1
709,837,634.72,692.21,48.93,102.31,0.9662,-1,-1,-1
709,843,1355.09,363.7,35.08,72.01,0.9648,-1,-1,-1
709,842,491.67,414.43,54.87,80.3,0.9625,-1,-1,-1
709,849,1660.35,552.24,37.16,82.43,0.955,-1,-1,-1
709,917,355.23,240.48,28.94,69.13,0.9417,-1,-1,-1
709,912,1799.56,178.07,24.78,61.96,0.939,-1,-1,-1
710,874,267.21,742.25,53.49,125.0,0.9767,-1,-1,-1
710,834,1100.67,594.65,44.9,77.17,0.9734,-1,-1,-1
710,906,1151.89,298.15,41.02,69.81,0.9732,-1,-1,-1
710,837,636.17,690.72,46.04,102.4,0.972,-1,-1,-1
710,845,1593.41,724.26,54.93,114.7,0.9718,-1,-1,-1
710,849,1650.46,551.32,46.4,83.34,0.9713,-1,-1,-1
710,843,1346.23,362.66,44.63,74.26,0.97,-1,-1,-1
710,841,1784.89,358.8,40.65,80.27,0.9694,-1,-1,-1
710,839,1100.73,253.79,37.57,72.76,0.9692,-1,-1,-1
710,842,482.7,417.52,51.8,81.79,0.9616,-1,-1,-1
710,875,292.05,443.83,41.29,77.06,0.9507,-1,-1,-1
710,912,1798.84,179.43,27.02,59.47,0.9368,-1,-1,-1
710,917,357.58,240.57,28.02,68.93,0.9256,-1,-1,-1
711,845,1578.17,724.4,69.6,115.52,0.9754,-1,-1,-1
711,837,631.62,688.9,52.26,104.13,0.9736,-1,-1,-1
711,843,1341.58,362.59,50.23,74.83,0.9697,-1,-1,-1
711,906,1154.57,295.11,34.75,72.63,0.9684,-1,-1,-1
711,841,1787.07,357.77,38.63,80.58,0.9684,-1,-1,-1
711,874,267.79,744.75,43.18,121.03,0.9667,-1,-1,-1
711,849,1647.44,555.95,49.72,78.43,0.9667,-1,-1,-1
711,834,1103.6,597.15,45.81,75.63,0.9656,-1,-1,-1
711,839,1102.91,253.47,36.42,71.48,0.9621,-1,-1,-1
711,875,296.82,446.01,40.83,75.96,0.9603,-1,-1,-1
711,842,482.56,420.97,32.72,77.34,0.9464,-1,-1,-1
711,912,1798.09,179.96,29.52,58.71,0.9411,-1,-1,-1
711,917,360.28,241.13,26.7,68.38,0.9153,-1,-1,-1
712,849,1645.53,552.16,52.35,82.08,0.9736,-1,-1,-1
712,843,1339.64,363.16,51.08,75.74,0.973,-1,-1,-1
712,834,1103.47,598.74,46.91,86.73,0.9717,-1,-1,-1
712,837,621.37,686.8,63.46,108.11,0.9707,-1,-1,-1
712,845,1573.25,726.92,73.63,112.96,0.9675,-1,-1,-1
712,875,299.56,446.21,45.25,92.28,0.9644,-1,-1,-1
712,841,1787.79,357.32,37.03,80.33,0.9638,-1,-1,-1
712,839,1104.05,254.69,34.89,68.7,0.9587,-1,-1,-1
712,906,1157.0,292.09,27.23,74.23,0.9535,-1,-1,-1
712,874,269.43,746.95,37.51,117.28,0.953,-1,-1,-1
712,842,476.17,423.6,33.6,73.96,0.9523,-1,-1,-1
712,912,1798.5,180.86,31.42,57.53,0.9456,-1,-1,-1
712,917,358.85,242.16,29.46,66.29,0.7398,-1,-1,-1
713,837,610.34,686.8,73.78,108.85,0.9766,-1,-1,-1
713,845,1565.32,727.7,76.92,118.13,0.9729,-1,-1,-1
713,849,1646.09,553.75,50.28,81.6,0.9729,-1,-1,-1
713,834,1100.67,601.21,47.73,89.31,0.9727,-1,-1,-1
713,843,1340.91,364.75,45.31,75.16,0.9704,-1,-1,-1
713,874,264.49,747.09,40.91,115.72,0.9692,-1,-1,-1
713,841,1791.83,356.48,33.31,81.36,0.9623,-1,-1,-1
713,875,299.24,448.3,51.98,90.83,0.9592,-1,-1,-1
713,839,1104.77,254.2,30.87,68.76,0.955,-1,-1,-1
713,906,1158.12,290.43,23.74,75.97,0.9526,-1,-1,-1
713,842,469.09,425.0,39.52,71.95,0.9521,-1,-1,-1
713,912,1798.74,181.17,32.94,57.11,0.9441,-1,-1,-1
713,919,356.62,243.57,33.8,65.62,0.657,-1,-1,-1
713,917,356.49,243.26,34.35,65.45,0.7532,-1,-1,-1
714,837,610.34,686.85,73.81,108.8,0.9766,-1,-1,-1
714,849,1646.09,553.73,50.25,81.62,0.973,-1,-1,-1
714,834,1100.71,600.9,47.69,89.6,0.973,-1,-1,-1
714,845,1565.22,727.67,77.03,118.14,0.9728,-1,-1,-1
714,843,1340.95,364.76,45.27,75.15,0.9703,-1,-1,-1
714,874,264.47,747.08,40.92,115.73,0.9692,-1,-1,-1
714,841,1791.88,356.49,33.27,81.35,0.9619,-1,-1,-1
714,875,299.2,448.21,52.09,91.03,0.9594,-1,-1,-1
714,839,1104.71,254.2,30.94,68.78,0.955,-1,-1,-1
714,906,1158.22,290.43,23.65,75.95,0.9527,-1,-1,-1
714,842,469.25,424.98,39.29,71.92,0.952,-1,-1,-1
714,912,1798.83,181.2,32.94,57.1,0.9439,-1,-1,-1
714,919,356.65,243.59,33.75,65.6,0.6534,-1,-1,-1
714,917,356.52,243.26,34.3,65.46,0.7516,-1,-1,-1
715,837,609.0,687.69,74.18,109.85,0.9753,-1,-1,-1
715,874,254.61,746.06,49.26,119.0,0.9753,-1,-1,-1
715,834,1100.27,604.06,46.53,91.51,0.9753,-1,-1,-1
715,845,1564.71,730.59,71.82,118.04,0.9752,-1,-1,-1
715,843,1340.0,366.42,40.18,73.4,0.9717,-1,-1,-1
715,849,1646.74,557.54,45.59,77.9,0.969,-1,-1,-1
715,841,1793.77,355.66,31.35,81.42,0.9611,-1,-1,-1
715,842,462.07,425.96,43.95,78.58,0.9602,-1,-1,-1
715,875,295.81,451.59,60.02,87.09,0.9538,-1,-1,-1
715,912,1799.05,181.88,33.1,57.24,0.953,-1,-1,-1
715,839,1103.55,252.38,28.16,69.21,0.9507,-1,-1,-1
715,906,1156.57,288.96,24.92,76.18,0.9439,-1,-1,-1
715,917,356.0,245.29,38.47,64.15,0.8977,-1,-1,-1
716,834,1099.53,607.75,44.69,90.18,0.9765,-1,-1,-1
716,837,608.33,689.12,69.74,108.74,0.9745,-1,-1,-1
716,874,246.24,745.25,59.51,125.18,0.9731,-1,-1,-1
716,845,1565.08,732.73,56.84,113.83,0.9722,-1,-1,-1
716,842,442.83,429.69,63.64,81.28,0.9687,-1,-1,-1
716,843,1335.35,366.93,36.02,72.09,0.963,-1,-1,-1
716,841,1793.48,355.21,31.22,80.94,0.9628,-1,-1,-1
716,875,291.81,454.29,64.87,87.39,0.9626,-1,-1,-1
716,849,1646.03,560.21,42.26,74.66,0.9571,-1,-1,-1
716,912,1798.46,181.18,32.01,58.2,0.9539,-1,-1,-1
716,917,357.15,245.94,40.77,63.57,0.9527,-1,-1,-1
716,906,1149.42,288.39,31.22,73.1,0.9517,-1,-1,-1
716,839,1101.51,251.09,26.62,69.98,0.9481,-1,-1,-1
717,845,1564.32,732.21,48.35,112.25,0.9766,-1,-1,-1
717,874,238.83,745.98,66.72,128.81,0.976,-1,-1,-1
717,834,1099.04,611.12,42.61,86.92,0.9753,-1,-1,-1
717,837,611.89,690.01,56.71,105.05,0.9685,-1,-1,-1
717,849,1638.46,560.77,50.47,77.54,0.9647,-1,-1,-1
717,875,286.57,456.17,70.01,87.78,0.9631,-1,-1,-1
717,841,1791.91,354.97,31.63,80.53,0.962,-1,-1,-1
717,842,431.55,433.82,64.37,80.52,0.9609,-1,-1,-1
717,906,1145.26,288.21,34.8,71.88,0.9572,-1,-1,-1
717,839,1100.03,249.74,25.76,70.73,0.9563,-1,-1,-1
717,843,1332.28,366.45,35.22,70.98,0.9543,-1,-1,-1
717,912,1798.62,179.45,30.73,59.96,0.9524,-1,-1,-1
717,917,359.65,245.94,40.72,63.37,0.9486,-1,-1,-1
718,874,234.03,748.9,63.99,127.49,0.9746,-1,-1,-1
718,834,1100.7,613.05,40.28,83.72,0.9744,-1,-1,-1
718,845,1562.05,730.72,44.43,115.3,0.9744,-1,-1,-1
718,837,614.65,688.66,40.58,104.28,0.972,-1,-1,-1
718,849,1635.95,560.85,52.71,80.65,0.9681,-1,-1,-1
718,841,1787.75,354.92,34.25,80.82,0.9664,-1,-1,-1
718,906,1142.21,288.98,38.01,70.84,0.9661,-1,-1,-1
718,842,424.94,437.88,56.99,83.34,0.9649,-1,-1,-1
718,839,1098.58,249.74,27.46,69.46,0.9603,-1,-1,-1
718,843,1331.67,365.85,31.8,73.31,0.9599,-1,-1,-1
718,875,290.34,460.33,65.38,83.3,0.9596,-1,-1,-1
718,912,1798.9,178.84,28.08,60.58,0.9475,-1,-1,-1
718,917,362.59,245.75,40.65,62.29,0.5963,-1,-1,-1
719,834,1100.39,613.9,40.5,81.76,0.9744,-1,-1,-1
719,845,1557.2,729.67,45.97,120.49,0.9735,-1,-1,-1
719,837,610.65,686.46,38.78,103.93,0.9709,-1,-1,-1
719,874,231.81,753.02,62.47,125.44,0.9708,-1,-1,-1
719,849,1635.23,560.87,52.9,82.43,0.9704,-1,-1,-1
719,906,1138.92,289.88,40.89,71.38,0.9697,-1,-1,-1
719,875,294.16,460.15,55.81,82.4,0.9695,-1,-1,-1
719,842,426.6,440.55,46.28,79.53,0.9691,-1,-1,-1
719,839,1097.32,248.14,29.53,70.93,0.9621,-1,-1,-1
719,841,1780.46,354.94,39.95,80.6,0.9581,-1,-1,-1
719,843,1328.67,364.93,30.87,76.62,0.9539,-1,-1,-1
719,912,1799.22,178.94,25.5,60.84,0.9475,-1,-1,-1
719,920,364.05,245.09,37.73,61.9,0.8198,-1,-1,-1
719,917,364.37,245.02,37.05,62.63,0.6916,-1,-1,-1
720,834,1100.4,613.9,40.48,81.73,0.9744,-1,-1,-1
720,845,1557.2,729.68,45.98,120.49,0.9735,-1,-1,-1
720,837,610.62,686.43,38.9,103.98,0.9711,-1,-1,-1
720,874,231.71,753.0,62.49,125.47,0.971,-1,-1,-1
720,849,1635.21,560.86,52.88,82.4,0.9703,-1,-1,-1
720,906,1138.92,289.89,40.91,71.41,0.9697,-1,-1,-1
720,875,294.18,460.14,55.77,82.39,0.9694,-1,-1,-1
720,842,426.61,440.55,46.47,79.55,0.9692,-1,-1,-1
720,839,1097.3,248.15,29.64,70.94,0.9622,-1,-1,-1
720,841,1780.35,354.92,40.06,80.72,0.9573,-1,-1,-1
720,843,1328.69,364.95,30.89,76.59,0.9539,-1,-1,-1
720,912,1799.23,178.95,25.5,60.83,0.9475,-1,-1,-1
720,920,364.01,245.07,37.82,61.9,0.8357,-1,-1,-1
720,921,1902.76,526.25,17.04,60.62,0.7013,-1,-1,-1
720,917,364.36,245.0,37.13,62.63,0.6547,-1,-1,-1
721,906,1135.17,291.24,43.53,70.34,0.9711,-1,-1,-1
721,874,231.01,756.23,60.25,123.52,0.9711,-1,-1,-1
721,845,1551.49,728.77,47.75,126.08,0.9709,-1,-1,-1
721,837,603.47,684.11,41.43,104.33,0.9705,-1,-1,-1
721,849,1635.56,561.66,50.99,83.07,0.9699,-1,-1,-1
721,841,1776.35,354.56,41.85,80.02,0.9698,-1,-1,-1
721,834,1098.37,614.95,43.14,88.07,0.9689,-1,-1,-1
721,843,1319.16,365.6,37.23,76.35,0.9646,-1,-1,-1
721,839,1092.76,248.36,34.1,68.65,0.959,-1,-1,-1
721,842,424.01,443.41,36.42,75.43,0.9576,-1,-1,-1
721,875,295.9,463.54,51.35,78.53,0.9562,-1,-1,-1
721,912,1798.05,179.41,25.54,59.99,0.9461,-1,-1,-1
721,921,1897.68,510.92,21.83,77.17,0.79,-1,-1,-1
721,917,363.51,245.37,34.96,61.05,0.6108,-1,-1,-1
721,920,363.81,244.66,34.43,62.79,0.8071,-1,-1,-1
722,874,233.02,758.02,54.46,122.35,0.9785,-1,-1,-1
722,837,596.54,683.26,45.67,106.17,0.9766,-1,-1,-1
722,834,1098.33,615.66,42.88,99.38,0.9749,-1,-1,-1
722,845,1541.44,729.86,51.2,128.59,0.9736,-1,-1,-1
722,906,1131.91,291.63,45.31,70.43,0.9734,-1,-1,-1
722,849,1635.11,563.74,48.26,83.11,0.9723,-1,-1,-1
722,841,1771.17,355.41,44.07,79.26,0.9689,-1,-1,-1
722,839,1087.03,248.85,38.02,67.23,0.9675,-1,-1,-1
722,843,1311.59,366.92,40.33,75.79,0.9669,-1,-1,-1
722,875,296.04,463.33,55.17,81.95,0.9536,-1,-1,-1
722,912,1794.58,180.67,26.05,58.85,0.9505,-1,-1,-1
722,842,402.92,444.52,50.43,77.17,0.9464,-1,-1,-1
722,921,1893.43,508.38,26.26,82.6,0.9145,-1,-1,-1
722,920,362.55,243.16,32.59,65.01,0.8472,-1,-1,-1
723,874,235.25,761.04,47.84,122.02,0.9793,-1,-1,-1
723,837,590.1,682.38,47.85,112.36,0.977,-1,-1,-1
723,849,1632.29,565.58,45.93,81.86,0.971,-1,-1,-1
723,842,397.96,446.35,46.48,81.1,0.969,-1,-1,-1
723,845,1525.4,731.28,58.43,128.04,0.9689,-1,-1,-1
723,839,1083.93,250.85,38.47,65.58,0.9688,-1,-1,-1
723,843,1303.8,367.83,41.78,76.21,0.9687,-1,-1,-1
723,834,1101.05,619.34,38.63,101.98,0.9682,-1,-1,-1
723,841,1766.67,355.73,43.12,78.8,0.968,-1,-1,-1
723,906,1129.08,292.4,46.1,70.62,0.9656,-1,-1,-1
723,912,1787.45,180.08,29.45,60.38,0.9559,-1,-1,-1
723,875,295.24,462.08,57.12,83.15,0.9531,-1,-1,-1
723,921,1889.37,509.72,30.63,79.73,0.9528,-1,-1,-1
723,917,361.47,242.79,31.65,66.39,0.8916,-1,-1,-1
724,874,234.62,761.91,46.71,128.4,0.9758,-1,-1,-1
724,849,1628.53,568.15,44.54,78.46,0.9737,-1,-1,-1
724,837,575.55,683.05,56.43,113.68,0.9731,-1,-1,-1
724,842,389.16,449.02,47.61,83.55,0.9731,-1,-1,-1
724,834,1099.07,623.19,39.05,104.24,0.9712,-1,-1,-1
724,841,1762.08,356.14,42.2,79.58,0.9708,-1,-1,-1
724,906,1127.36,292.61,41.56,70.27,0.9708,-1,-1,-1
724,843,1298.21,370.91,40.69,75.3,0.9694,-1,-1,-1
724,839,1081.33,253.32,35.97,62.98,0.966,-1,-1,-1
724,845,1509.39,733.99,64.36,121.66,0.9654,-1,-1,-1
724,875,295.25,459.99,56.18,84.92,0.9587,-1,-1,-1
724,912,1779.12,181.77,32.48,58.74,0.9522,-1,-1,-1
724,921,1884.36,503.47,35.64,85.14,0.9406,-1,-1,-1
724,917,358.61,242.5,32.71,66.73,0.8946,-1,-1,-1
725,874,226.54,764.85,50.84,132.36,0.9756,-1,-1,-1
725,837,564.06,685.04,63.29,115.2,0.9753,-1,-1,-1
725,834,1094.47,627.63,41.84,102.63,0.9735,-1,-1,-1
725,842,381.88,453.46,46.2,86.37,0.9719,-1,-1,-1
725,845,1493.5,735.16,68.84,121.32,0.9699,-1,-1,-1
725,843,1293.85,373.6,35.26,72.94,0.9677,-1,-1,-1
725,906,1123.72,292.81,35.82,70.74,0.9675,-1,-1,-1
725,849,1623.84,569.57,41.78,76.2,0.9635,-1,-1,-1
725,839,1076.57,254.8,33.59,63.01,0.96,-1,-1,-1
725,921,1877.43,502.66,42.0,85.21,0.9554,-1,-1,-1
725,912,1770.29,183.76,33.83,56.97,0.9472,-1,-1,-1
725,875,299.13,456.99,48.84,87.0,0.9461,-1,-1,-1
725,841,1755.04,356.17,42.24,80.31,0.9205,-1,-1,-1
725,917,355.13,242.74,33.94,67.62,0.7325,-1,-1,-1
726,874,226.59,764.85,50.78,132.39,0.9757,-1,-1,-1
726,837,564.0,685.06,63.37,115.2,0.9753,-1,-1,-1
726,834,1094.47,627.65,41.81,102.52,0.9735,-1,-1,-1
726,842,381.78,453.45,46.33,86.39,0.972,-1,-1,-1
726,845,1493.55,735.2,68.78,121.32,0.9698,-1,-1,-1
726,843,1293.85,373.64,35.25,72.9,0.9676,-1,-1,-1
726,906,1123.72,292.81,35.87,70.74,0.9675,-1,-1,-1
726,849,1623.86,569.58,41.77,76.16,0.9635,-1,-1,-1
726,839,1076.54,254.8,33.58,63.01,0.9599,-1,-1,-1
726,921,1877.41,502.62,41.98,85.32,0.9551,-1,-1,-1
726,912,1770.3,183.75,33.83,56.99,0.9469,-1,-1,-1
726,875,299.16,456.97,48.3,86.62,0.9414,-1,-1,-1
726,841,1755.09,356.17,42.21,80.29,0.9238,-1,-1,-1
726,917,355.22,242.53,33.97,69.18,0.7184,-1,-1,-1
727,834,1088.46,631.54,43.94,96.48,0.9758,-1,-1,-1
727,874,214.81,767.29,56.57,134.61,0.9751,-1,-1,-1
727,837,556.07,687.88,64.32,114.96,0.9716,-1,-1,-1
727,845,1482.72,737.43,69.19,116.8,0.9676,-1,-1,-1
727,841,1747.49,356.01,41.26,80.39,0.967,-1,-1,-1
727,849,1615.73,570.6,42.65,73.66,0.9669,-1,-1,-1
727,842,377.87,457.49,40.31,82.4,0.9668,-1,-1,-1
727,921,1869.66,502.25,47.69,84.4,0.9653,-1,-1,-1
727,843,1287.73,374.95,31.61,71.3,0.9634,-1,-1,-1
727,906,1118.04,292.99,33.69,70.88,0.9632,-1,-1,-1
727,839,1070.43,255.69,30.78,61.67,0.9597,-1,-1,-1
727,875,301.05,455.4,42.74,86.81,0.9585,-1,-1,-1
727,912,1761.55,184.59,34.78,57.62,0.9552,-1,-1,-1
727,917,350.39,244.4,33.32,68.38,0.8954,-1,-1,-1
728,834,1083.72,634.28,44.4,92.98,0.9753,-1,-1,-1
728,874,204.6,770.76,60.66,135.38,0.9746,-1,-1,-1
728,845,1469.88,740.55,70.22,114.8,0.9735,-1,-1,-1
728,837,547.54,692.11,64.89,114.11,0.9723,-1,-1,-1
728,849,1600.58,569.96,47.55,74.28,0.9705,-1,-1,-1
728,841,1738.88,356.12,39.79,79.63,0.9684,-1,-1,-1
728,875,293.65,452.41,41.29,88.57,0.9666,-1,-1,-1
728,921,1859.69,503.3,45.69,87.19,0.9652,-1,-1,-1
728,842,366.02,460.3,41.56,80.05,0.9631,-1,-1,-1
728,843,1278.63,374.37,29.75,71.44,0.9591,-1,-1,-1
728,906,1113.04,292.08,30.39,72.31,0.9529,-1,-1,-1
728,839,1063.6,254.86,26.44,62.67,0.9512,-1,-1,-1
728,912,1752.51,185.51,33.86,57.87,0.9339,-1,-1,-1
728,917,343.46,245.15,33.46,69.5,0.7873,-1,-1,-1
729,837,537.92,695.69,64.69,113.09,0.9763,-1,-1,-1
729,834,1077.79,636.48,44.0,90.05,0.9757,-1,-1,-1
729,874,196.71,773.49,61.81,133.07,0.9721,-1,-1,-1
729,845,1460.32,741.24,66.6,114.47,0.9708,-1,-1,-1
729,875,285.09,450.61,39.51,93.29,0.9702,-1,-1,-1
729,849,1586.25,568.83,51.16,80.04,0.9691,-1,-1,-1
729,841,1727.27,355.3,39.92,79.81,0.968,-1,-1,-1
729,921,1846.0,501.07,48.49,92.15,0.9653,-1,-1,-1
729,842,351.71,461.98,47.4,84.67,0.9643,-1,-1,-1
729,906,1103.55,291.93,30.12,72.09,0.9568,-1,-1,-1
729,843,1263.51,374.53,32.14,70.81,0.9541,-1,-1,-1
729,839,1055.49,254.15,21.96,63.97,0.9363,-1,-1,-1
729,912,1741.16,187.44,32.82,56.41,0.9227,-1,-1,-1
729,917,336.03,247.72,33.76,69.0,0.8409,-1,-1,-1
730,837,528.57,698.76,62.38,112.65,0.9752,-1,-1,-1
730,834,1069.27,639.01,43.57,98.94,0.9748,-1,-1,-1
730,845,1448.21,740.9,63.81,118.36,0.9747,-1,-1,-1
730,874,189.31,774.21,59.46,132.05,0.97,-1,-1,-1
730,849,1573.54,569.25,52.08,83.65,0.9692,-1,-1,-1
730,875,273.63,449.41,41.61,95.31,0.9686,-1,-1,-1
730,921,1829.04,500.85,50.71,94.39,0.9683,-1,-1,-1
730,843,1242.05,374.09,40.09,74.42,0.9676,-1,-1,-1
730,841,1714.76,355.18,38.1,79.03,0.9635,-1,-1,-1
730,842,331.94,463.81,53.39,86.6,0.961,-1,-1,-1
730,906,1090.59,291.91,30.6,71.74,0.9548,-1,-1,-1
730,839,1042.06,252.63,24.51,65.38,0.9444,-1,-1,-1
730,912,1728.26,189.1,31.04,55.42,0.9356,-1,-1,-1
730,917,326.37,251.2,33.22,67.12,0.922,-1,-1,-1
731,837,519.45,699.63,57.22,112.3,0.9758,-1,-1,-1
731,834,1056.65,641.65,46.24,106.22,0.9729,-1,-1,-1
731,875,260.03,448.64,45.4,96.26,0.9709,-1,-1,-1
731,874,179.07,775.32,56.69,130.65,0.9709,-1,-1,-1
731,843,1221.74,374.61,45.8,73.96,0.9699,-1,-1,-1
731,842,312.36,467.7,59.17,88.13,0.9684,-1,-1,-1
731,845,1437.05,740.55,60.99,118.35,0.9663,-1,-1,-1
731,921,1810.51,501.51,50.66,95.81,0.9656,-1,-1,-1
731,849,1560.51,569.73,51.06,84.42,0.9633,-1,-1,-1
731,841,1699.16,354.78,37.95,78.79,0.9575,-1,-1,-1
731,906,1077.28,292.07,31.39,70.84,0.9498,-1,-1,-1
731,839,1028.32,251.89,25.82,66.42,0.9455,-1,-1,-1
731,912,1711.84,189.12,31.56,55.77,0.9126,-1,-1,-1
731,917,314.24,253.77,34.17,65.28,0.9189,-1,-1,-1
732,837,519.46,699.63,57.21,112.25,0.9758,-1,-1,-1
732,834,1056.69,641.63,46.2,106.34,0.9728,-1,-1,-1
732,875,259.94,448.72,45.59,96.22,0.9712,-1,-1,-1
732,874,179.11,775.31,56.62,130.58,0.9709,-1,-1,-1
732,843,1221.75,374.62,45.84,74.11,0.9702,-1,-1,-1
732,842,312.44,467.97,59.09,87.85,0.9683,-1,-1,-1
732,845,1437.23,740.22,60.38,118.82,0.966,-1,-1,-1
732,921,1810.25,501.45,50.99,95.85,0.9655,-1,-1,-1
732,849,1560.49,569.76,51.07,84.4,0.9632,-1,-1,-1
732,841,1699.15,354.75,37.96,78.74,0.9575,-1,-1,-1
732,906,1077.19,292.12,31.49,70.73,0.9496,-1,-1,-1
732,839,1028.16,251.89,25.93,66.11,0.9463,-1,-1,-1
732,912,1711.83,189.1,31.58,55.74,0.913,-1,-1,-1
732,917,314.23,253.84,34.19,65.19,0.9205,-1,-1,-1
733,837,508.25,700.68,53.76,111.54,0.9755,-1,-1,-1
733,834,1042.6,647.28,49.85,103.62,0.9744,-1,-1,-1
733,875,244.46,449.47,47.62,95.75,0.9721,-1,-1,-1
733,874,172.19,774.66,52.0,131.36,0.9718,-1,-1,-1
733,843,1204.22,376.41,47.64,72.73,0.9675,-1,-1,-1
733,921,1792.47,503.57,50.28,95.58,0.967,-1,-1,-1
733,845,1424.13,739.49,57.88,118.97,0.9667,-1,-1,-1
733,849,1545.56,573.91,51.19,80.83,0.9633,-1,-1,-1
733,842,292.13,471.74,63.23,89.72,0.9626,-1,-1,-1
733,841,1683.15,354.8,37.3,78.04,0.9581,-1,-1,-1
733,906,1061.91,292.84,32.84,70.95,0.9522,-1,-1,-1
733,839,1013.6,251.43,26.49,66.4,0.9444,-1,-1,-1
733,912,1695.55,190.86,30.29,54.39,0.894,-1,-1,-1
733,917,301.4,255.49,33.88,65.05,0.9178,-1,-1,-1
734,837,496.46,699.97,49.11,111.55,0.9798,-1,-1,-1
734,834,1031.1,652.19,49.31,104.36,0.9718,-1,-1,-1
734,874,159.83,777.06,51.67,129.79,0.9717,-1,-1,-1
734,849,1524.4,575.97,56.12,84.35,0.9699,-1,-1,-1
734,875,227.88,451.73,43.08,96.24,0.9692,-1,-1,-1
734,842,274.23,478.08,59.99,87.7,0.9683,-1,-1,-1
734,843,1185.34,378.89,47.85,73.4,0.9649,-1,-1,-1
734,845,1405.6,736.38,64.51,121.7,0.9629,-1,-1,-1
734,921,1772.28,504.53,49.78,91.75,0.9627,-1,-1,-1
734,906,1041.94,293.2,37.14,70.45,0.9464,-1,-1,-1
734,841,1664.12,354.99,36.38,79.33,0.9399,-1,-1,-1
734,839,994.35,252.56,31.79,65.24,0.9383,-1,-1,-1
734,912,1676.6,190.03,29.35,55.33,0.8992,-1,-1,-1
734,917,288.06,256.71,33.6,64.5,0.9228,-1,-1,-1
735,837,482.44,699.91,48.93,111.51,0.9757,-1,-1,-1
735,874,150.75,777.11,46.04,134.89,0.9714,-1,-1,-1
735,875,209.1,453.63,45.46,97.28,0.9708,-1,-1,-1
735,834,1012.7,657.9,57.53,106.68,0.9701,-1,-1,-1
735,849,1506.18,578.33,57.73,79.08,0.9661,-1,-1,-1
735,842,250.46,482.7,59.91,84.55,0.9626,-1,-1,-1
735,906,1022.75,295.4,38.94,69.32,0.9623,-1,-1,-1
735,843,1166.9,382.2,46.83,73.37,0.9621,-1,-1,-1
735,845,1390.53,732.85,67.59,122.24,0.9548,-1,-1,-1
735,921,1748.76,504.7,49.72,89.88,0.9465,-1,-1,-1
735,839,974.04,252.87,34.13,64.94,0.9367,-1,-1,-1
735,841,1644.1,355.06,36.89,79.22,0.9353,-1,-1,-1
735,912,1656.14,190.67,28.73,54.59,0.8593,-1,-1,-1
735,917,272.89,257.96,30.3,63.11,0.907,-1,-1,-1
736,837,467.3,700.37,48.7,110.59,0.9745,-1,-1,-1
736,834,993.6,663.1,61.73,101.68,0.9696,-1,-1,-1
736,845,1372.9,728.79,70.46,123.12,0.9665,-1,-1,-1
736,906,1002.84,296.61,41.22,69.25,0.9639,-1,-1,-1
736,843,1148.83,384.09,43.82,71.48,0.9634,-1,-1,-1
736,875,188.91,455.88,43.21,95.05,0.9633,-1,-1,-1
736,842,220.82,486.41,63.56,85.54,0.9594,-1,-1,-1
736,849,1487.7,579.22,60.2,75.45,0.9369,-1,-1,-1
736,841,1621.73,355.01,36.93,79.66,0.9345,-1,-1,-1
736,921,1724.79,508.69,50.12,81.61,0.9158,-1,-1,-1
736,839,952.73,254.92,37.84,63.23,0.9094,-1,-1,-1
736,874,136.74,779.02,40.84,140.49,0.828,-1,-1,-1
736,917,256.38,261.0,28.38,62.62,0.8446,-1,-1,-1
737,837,449.37,702.06,48.38,110.84,0.9769,-1,-1,-1
737,834,976.44,666.18,61.9,97.47,0.9666,-1,-1,-1
737,906,984.46,298.0,38.97,68.65,0.9642,-1,-1,-1
737,845,1358.13,724.98,68.2,124.44,0.9632,-1,-1,-1
737,842,192.93,492.71,65.94,83.6,0.9557,-1,-1,-1
737,875,167.0,460.65,42.5,94.29,0.9547,-1,-1,-1
737,849,1466.34,579.85,62.22,73.8,0.9499,-1,-1,-1
737,843,1129.71,385.62,39.76,69.87,0.9482,-1,-1,-1
737,841,1597.41,355.99,37.97,78.07,0.9481,-1,-1,-1
737,921,1701.96,506.03,49.48,81.48,0.9111,-1,-1,-1
737,839,933.38,256.54,37.26,63.53,0.9039,-1,-1,-1
737,874,93.52,784.62,69.64,157.18,0.8912,-1,-1,-1
737,917,235.81,262.32,29.02,66.25,0.9054,-1,-1,-1
738,837,449.38,702.09,48.37,110.83,0.9768,-1,-1,-1
738,834,976.48,666.13,61.89,97.49,0.9666,-1,-1,-1
738,906,984.46,298.07,38.98,68.6,0.9642,-1,-1,-1
738,845,1358.02,724.79,68.28,124.66,0.9632,-1,-1,-1
738,842,192.85,492.69,66.02,83.62,0.9563,-1,-1,-1
738,875,167.02,460.67,42.45,94.22,0.9548,-1,-1,-1
738,849,1466.36,579.76,62.22,73.94,0.9489,-1,-1,-1
738,843,1129.69,385.59,39.72,70.0,0.9483,-1,-1,-1
738,841,1597.37,356.02,38.01,78.14,0.9483,-1,-1,-1
738,839,933.32,256.56,37.35,63.62,0.9066,-1,-1,-1
738,921,1701.77,505.34,49.52,80.76,0.898,-1,-1,-1
738,874,93.5,784.76,69.45,155.78,0.8947,-1,-1,-1
738,924,1610.05,191.69,28.95,56.62,0.7198,-1,-1,-1
738,917,235.81,262.34,29.01,66.31,0.9056,-1,-1,-1
739,834,958.84,668.62,64.06,95.08,0.9738,-1,-1,-1
739,837,427.17,703.67,50.56,114.86,0.9736,-1,-1,-1
739,845,1344.27,721.72,62.51,121.94,0.9697,-1,-1,-1
739,906,963.13,300.32,39.18,67.28,0.9614,-1,-1,-1
739,874,68.41,796.6,71.99,141.04,0.9608,-1,-1,-1
739,842,164.91,497.82,68.12,85.95,0.9597,-1,-1,-1
739,875,137.41,465.26,45.04,92.57,0.9512,-1,-1,-1
739,841,1570.92,356.43,39.41,76.8,0.95,-1,-1,-1
739,921,1674.73,504.46,50.82,84.83,0.9482,-1,-1,-1
739,849,1443.92,578.83,65.27,76.45,0.9451,-1,-1,-1
739,839,910.59,259.86,38.19,63.2,0.9333,-1,-1,-1
739,843,1108.92,386.75,37.32,69.3,0.9313,-1,-1,-1
739,917,213.96,265.21,30.02,65.64,0.8634,-1,-1,-1
740,834,940.97,669.98,60.13,95.25,0.9704,-1,-1,-1
740,837,403.24,708.66,53.15,115.44,0.9701,-1,-1,-1
740,874,43.14,804.05,75.5,139.69,0.9676,-1,-1,-1
740,845,1326.06,718.82,58.57,122.06,0.9665,-1,-1,-1
740,849,1420.81,578.93,67.84,80.31,0.963,-1,-1,-1
740,875,99.68,468.68,54.99,91.12,0.9521,-1,-1,-1
740,842,137.82,505.53,66.82,87.3,0.9505,-1,-1,-1
740,921,1649.63,502.52,48.55,90.34,0.9439,-1,-1,-1
740,841,1543.08,356.37,39.77,76.66,0.9431,-1,-1,-1
740,843,1086.84,387.29,36.42,68.38,0.9264,-1,-1,-1
740,906,943.74,299.87,35.27,68.9,0.9098,-1,-1,-1
740,839,888.33,264.18,37.74,60.27,0.8834,-1,-1,-1
740,917,191.2,268.56,30.06,64.99,0.8976,-1,-1,-1
741,874,13.82,815.38,85.08,135.4,0.9748,-1,-1,-1
741,834,921.06,670.81,60.14,106.25,0.9746,-1,-1,-1
741,845,1306.11,717.08,54.58,119.44,0.969,-1,-1,-1
741,837,379.83,712.95,54.78,117.2,0.964,-1,-1,-1
741,849,1396.35,576.59,74.76,85.33,0.9627,-1,-1,-1
741,875,69.67,473.11,56.5,88.98,0.9519,-1,-1,-1
741,842,113.66,514.07,63.23,81.19,0.9505,-1,-1,-1
741,843,1062.32,386.87,37.34,73.03,0.9414,-1,-1,-1
741,921,1625.37,502.37,43.93,93.33,0.9402,-1,-1,-1
741,841,1515.2,357.17,39.97,76.38,0.914,-1,-1,-1
741,839,865.82,267.89,36.46,58.92,0.8735,-1,-1,-1
741,906,921.56,301.97,33.86,67.63,0.7679,-1,-1,-1
741,917,167.18,269.74,31.13,66.49,0.9141,-1,-1,-1
742,834,902.14,672.34,60.4,110.65,0.9739,-1,-1,-1
742,874,0.0,824.05,76.65,132.18,0.9704,-1,-1,-1
742,845,1281.93,717.5,54.23,114.99,0.9701,-1,-1,-1
742,849,1376.64,578.1,74.04,84.93,0.9626,-1,-1,-1
742,875,40.36,478.27,58.59,83.51,0.9624,-1,-1,-1
742,841,1486.12,357.35,40.63,76.24,0.9517,-1,-1,-1
742,837,354.75,719.92,56.94,118.11,0.9511,-1,-1,-1
742,843,1034.36,388.31,40.76,74.78,0.9503,-1,-1,-1
742,921,1598.2,501.8,42.29,95.09,0.9463,-1,-1,-1
742,842,88.55,526.38,57.97,77.92,0.9454,-1,-1,-1
742,839,841.47,270.69,35.76,57.73,0.86,-1,-1,-1
742,906,897.04,301.77,32.8,67.94,0.8363,-1,-1,-1
742,917,140.82,274.18,31.33,65.74,0.928,-1,-1,-1
743,874,0.54,833.45,53.44,129.93,0.9677,-1,-1,-1
743,845,1255.9,717.01,54.26,113.14,0.9652,-1,-1,-1
743,875,13.54,480.75,58.21,82.83,0.965,-1,-1,-1
743,849,1355.84,578.47,73.15,84.36,0.9634,-1,-1,-1
743,842,59.08,530.38,59.35,81.27,0.9629,-1,-1,-1
743,837,331.31,725.84,56.4,118.53,0.9599,-1,-1,-1
743,843,1008.08,390.21,41.27,74.82,0.9577,-1,-1,-1
743,921,1567.38,501.47,42.46,96.13,0.9487,-1,-1,-1
743,841,1457.68,356.69,39.94,76.23,0.9424,-1,-1,-1
743,834,881.39,675.01,61.09,112.27,0.9365,-1,-1,-1
743,906,866.5,303.35,37.97,65.9,0.9199,-1,-1,-1
743,839,815.78,272.24,36.08,57.27,0.8959,-1,-1,-1
744,874,0.46,833.44,53.63,129.96,0.9681,-1,-1,-1
744,845,1255.63,717.05,54.45,113.19,0.9654,-1,-1,-1
744,875,13.38,480.72,58.27,82.91,0.9653,-1,-1,-1
744,849,1355.83,578.46,73.36,84.38,0.9639,-1,-1,-1
744,842,58.95,530.37,59.46,81.44,0.9627,-1,-1,-1
744,837,331.3,725.79,56.52,118.66,0.9599,-1,-1,-1
744,843,1008.1,390.2,41.24,74.82,0.9576,-1,-1,-1
744,921,1567.36,501.39,42.45,96.19,0.9479,-1,-1,-1
744,841,1457.64,356.65,40.0,76.23,0.9425,-1,-1,-1
744,834,881.36,675.05,61.14,112.31,0.9355,-1,-1,-1
744,906,866.48,303.39,37.96,65.88,0.9205,-1,-1,-1
744,839,815.73,272.21,36.18,57.44,0.8963,-1,-1,-1
744,930,1469.89,199.19,27.24,53.84,0.5583,-1,-1,-1
744,917,113.09,278.13,31.72,65.0,0.9181,-1,-1,-1
745,834,859.73,680.1,62.14,114.58,0.9674,-1,-1,-1
745,845,1226.35,717.93,56.68,112.37,0.9673,-1,-1,-1
745,837,307.4,730.78,54.29,118.37,0.9569,-1,-1,-1
745,849,1333.73,578.6,70.07,81.84,0.9554,-1,-1,-1
745,842,24.56,534.78,63.87,85.6,0.9509,-1,-1,-1
745,843,979.97,392.31,42.42,73.64,0.9423,-1,-1,-1
745,841,1426.62,356.74,41.43,75.24,0.9342,-1,-1,-1
745,875,0.0,482.89,42.14,86.14,0.93,-1,-1,-1
745,921,1538.11,502.98,39.41,91.04,0.9291,-1,-1,-1
745,874,0.0,839.28,30.19,130.31,0.8909,-1,-1,-1
745,906,846.48,303.23,32.22,66.45,0.8889,-1,-1,-1
745,839,790.27,273.68,36.43,56.61,0.8794,-1,-1,-1
745,917,84.81,280.56,30.24,63.03,0.8712,-1,-1,-1
746,834,840.21,686.27,61.49,109.32,0.9689,-1,-1,-1
746,845,1200.4,717.15,56.25,111.85,0.9682,-1,-1,-1
746,849,1309.62,580.18,68.47,77.89,0.9635,-1,-1,-1
746,837,284.56,735.23,51.65,117.91,0.9545,-1,-1,-1
746,921,1504.24,502.1,42.29,85.08,0.9275,-1,-1,-1
746,841,1396.41,356.3,39.29,75.33,0.9258,-1,-1,-1
746,843,951.02,396.41,43.84,73.48,0.9231,-1,-1,-1
746,842,0.0,542.12,56.93,84.58,0.9227,-1,-1,-1
746,839,765.17,273.37,35.44,56.69,0.8829,-1,-1,-1
746,906,817.85,306.0,32.7,66.71,0.8804,-1,-1,-1
747,849,1280.89,579.78,77.35,76.39,0.9672,-1,-1,-1
747,845,1171.71,715.24,59.38,110.73,0.9653,-1,-1,-1
747,837,256.68,738.96,52.59,119.24,0.9645,-1,-1,-1
747,834,822.13,688.94,57.64,106.16,0.9629,-1,-1,-1
747,843,920.58,400.37,45.55,70.86,0.9535,-1,-1,-1
747,841,1364.86,356.1,38.12,74.36,0.9332,-1,-1,-1
747,921,1470.72,502.29,42.37,85.12,0.9302,-1,-1,-1
747,839,736.31,274.52,37.45,59.04,0.8989,-1,-1,-1
747,906,789.21,306.56,33.25,67.49,0.8671,-1,-1,-1
748,837,231.35,742.64,49.94,117.6,0.9692,-1,-1,-1
748,845,1143.73,712.76,60.63,108.87,0.9687,-1,-1,-1
748,834,801.17,691.34,56.33,104.02,0.9672,-1,-1,-1
748,849,1255.37,579.83,78.6,74.37,0.9546,-1,-1,-1
748,841,1331.95,357.08,39.49,72.8,0.9385,-1,-1,-1
748,843,893.0,402.59,44.57,69.34,0.9311,-1,-1,-1
748,906,759.83,310.17,34.0,66.2,0.9223,-1,-1,-1
748,921,1441.91,501.31,39.91,84.01,0.9158,-1,-1,-1
748,839,707.61,275.82,38.97,60.96,0.8748,-1,-1,-1
749,845,1116.2,710.09,62.71,106.39,0.9707,-1,-1,-1
749,834,777.56,692.68,58.31,101.83,0.969,-1,-1,-1
749,837,206.77,746.64,48.58,117.24,0.9672,-1,-1,-1
749,849,1230.28,577.8,78.71,79.14,0.9593,-1,-1,-1
749,843,863.76,405.75,45.85,65.65,0.9534,-1,-1,-1
749,841,1301.03,357.79,39.18,71.18,0.9274,-1,-1,-1
749,921,1409.59,498.2,38.14,84.41,0.9223,-1,-1,-1
749,839,681.66,277.1,37.24,62.97,0.9084,-1,-1,-1
749,906,731.33,310.71,34.53,68.57,0.8756,-1,-1,-1
750,845,1116.2,710.11,62.7,106.37,0.9707,-1,-1,-1
750,834,777.61,692.92,58.24,101.57,0.9689,-1,-1,-1
750,837,206.85,746.65,48.53,117.21,0.9674,-1,-1,-1
750,849,1230.14,577.78,78.98,79.2,0.9599,-1,-1,-1
750,843,863.68,405.7,46.1,65.64,0.9535,-1,-1,-1
750,841,1300.87,357.71,39.49,71.22,0.9285,-1,-1,-1
750,942,1694.96,497.28,46.14,80.78,0.926,-1,-1,-1
750,921,1409.51,498.36,38.27,84.21,0.9229,-1,-1,-1
750,839,681.56,276.68,37.25,62.89,0.9068,-1,-1,-1
750,906,731.02,310.58,34.85,68.55,0.8832,-1,-1,-1
750,944,1310.13,204.81,30.54,51.55,0.6291,-1,-1,-1
750,943,1905.02,360.23,14.58,67.11,0.5874,-1,-1,-1
751,845,1090.16,706.8,65.29,106.49,0.9725,-1,-1,-1
751,837,183.96,749.67,46.53,116.25,0.9708,-1,-1,-1
751,834,754.0,694.37,58.39,100.47,0.968,-1,-1,-1
751,849,1206.81,577.35,76.85,80.99,0.9657,-1,-1,-1
751,843,836.65,407.77,47.62,65.48,0.9607,-1,-1,-1
751,841,1271.07,357.71,39.75,70.99,0.9409,-1,-1,-1
751,839,657.28,278.54,36.25,63.53,0.8918,-1,-1,-1
751,921,1379.82,495.64,36.27,87.37,0.8874,-1,-1,-1
751,906,703.4,313.5,34.92,69.5,0.7588,-1,-1,-1
752,834,731.3,694.39,59.56,106.1,0.9753,-1,-1,-1
752,837,160.37,754.39,44.18,116.19,0.9679,-1,-1,-1
752,849,1186.55,577.89,73.9,82.2,0.9668,-1,-1,-1
752,845,1072.02,703.94,61.2,103.26,0.9614,-1,-1,-1
752,843,812.66,407.84,46.7,68.38,0.9586,-1,-1,-1
752,906,675.11,315.33,36.33,68.62,0.9289,-1,-1,-1
752,841,1243.75,358.11,37.77,72.27,0.9179,-1,-1,-1
752,839,632.44,281.86,34.47,64.49,0.9044,-1,-1,-1
752,921,1350.39,494.75,35.46,87.04,0.8866,-1,-1,-1
752,943,1898.56,348.42,21.12,77.13,0.6185,-1,-1,-1
753,834,708.65,696.28,62.17,111.46,0.9729,-1,-1,-1
753,845,1052.27,701.1,63.65,101.32,0.9701,-1,-1,-1
753,849,1171.14,581.53,64.73,80.26,0.9619,-1,-1,-1
753,837,135.7,759.31,44.16,112.42,0.9557,-1,-1,-1
753,843,789.44,408.85,44.88,71.22,0.9548,-1,-1,-1
753,906,648.0,318.52,37.01,65.62,0.9349,-1,-1,-1
753,943,1867.39,351.16,49.83,65.65,0.9222,-1,-1,-1
753,839,607.03,285.03,34.35,62.56,0.9146,-1,-1,-1
753,841,1218.28,358.47,35.04,73.21,0.8514,-1,-1,-1
753,921,1321.05,491.84,35.99,87.11,0.7747,-1,-1,-1
754,837,110.69,763.75,46.25,109.84,0.9697,-1,-1,-1
754,845,1034.74,697.64,61.21,102.15,0.9685,-1,-1,-1
754,849,1157.23,582.44,55.89,78.36,0.9649,-1,-1,-1
754,843,765.49,409.74,44.36,74.53,0.956,-1,-1,-1
754,834,689.3,699.06,63.1,110.9,0.9497,-1,-1,-1
754,906,622.2,319.64,36.34,67.05,0.928,-1,-1,-1
754,841,1191.66,359.46,34.42,72.94,0.8903,-1,-1,-1
754,839,580.96,288.02,35.37,60.52,0.8859,-1,-1,-1
754,921,1292.04,491.67,34.21,84.44,0.727,-1,-1,-1
755,834,671.89,703.55,62.36,111.55,0.9723,-1,-1,-1
755,845,1016.82,693.07,55.17,104.96,0.9699,-1,-1,-1
755,849,1145.97,583.24,53.58,76.51,0.9609,-1,-1,-1
755,843,743.2,411.94,43.42,75.47,0.9573,-1,-1,-1
755,837,85.01,770.09,47.29,110.53,0.9512,-1,-1,-1
755,906,595.07,321.12,37.98,67.09,0.9436,-1,-1,-1
755,839,557.18,289.42,34.53,59.33,0.9023,-1,-1,-1
755,841,1164.0,360.03,35.12,72.74,0.8739,-1,-1,-1
755,921,1262.58,491.39,35.18,84.26,0.7316,-1,-1,-1
756,834,671.91,703.58,62.31,111.52,0.9719,-1,-1,-1
756,845,1016.87,692.98,55.05,105.0,0.9699,-1,-1,-1
756,849,1146.02,583.3,53.46,76.48,0.9606,-1,-1,-1
756,843,743.2,411.99,43.43,75.34,0.9577,-1,-1,-1
756,837,84.97,769.85,47.39,110.78,0.9566,-1,-1,-1
756,906,595.18,321.08,37.86,67.15,0.9419,-1,-1,-1
756,964,1797.46,472.71,51.72,68.84,0.9242,-1,-1,-1
756,965,1843.9,562.43,49.09,85.44,0.9143,-1,-1,-1
756,839,557.19,289.45,34.52,59.3,0.9016,-1,-1,-1
756,966,1542.51,496.92,41.82,68.25,0.8845,-1,-1,-1
756,841,1163.97,360.01,35.15,72.8,0.8713,-1,-1,-1
756,967,1809.55,351.23,44.91,60.75,0.8307,-1,-1,-1
756,968,1795.12,538.82,43.19,87.19,0.7889,-1,-1,-1
756,969,1165.4,211.09,29.3,51.18,0.6664,-1,-1,-1
756,970,1716.46,362.35,36.15,57.91,0.5442,-1,-1,-1
757,845,994.9,687.94,54.79,107.57,0.9711,-1,-1,-1
757,834,655.62,708.57,59.93,110.39,0.9665,-1,-1,-1
757,968,1807.03,556.61,50.66,82.19,0.9615,-1,-1,-1
757,849,1122.61,582.03,64.9,76.77,0.9604,-1,-1,-1
757,837,60.39,774.76,50.32,111.56,0.9585,-1,-1,-1
757,843,722.93,415.39,40.24,75.27,0.9563,-1,-1,-1
757,906,569.0,322.87,38.45,67.18,0.9261,-1,-1,-1
757,839,533.57,291.77,34.37,59.1,0.9025,-1,-1,-1
757,841,1138.18,360.98,34.61,73.15,0.8768,-1,-1,-1
758,845,973.75,683.5,53.8,109.09,0.9703,-1,-1,-1
758,834,639.9,713.22,58.39,106.75,0.9695,-1,-1,-1
758,849,1099.2,580.2,71.28,77.79,0.9692,-1,-1,-1
758,837,34.74,779.9,56.11,112.73,0.963,-1,-1,-1
758,843,701.19,419.1,38.71,72.44,0.9531,-1,-1,-1
758,975,1772.66,551.69,47.65,79.56,0.94,-1,-1,-1
758,906,547.05,324.32,34.95,67.68,0.8885,-1,-1,-1
758,841,1112.55,360.62,34.25,74.16,0.885,-1,-1,-1
758,839,509.93,293.58,34.41,59.01,0.8545,-1,-1,-1
758,921,1204.06,493.55,35.19,79.69,0.7874,-1,-1,-1
759,845,952.83,678.93,53.87,110.1,0.9699,-1,-1,-1
759,834,626.22,717.1,57.38,103.42,0.9691,-1,-1,-1
759,837,8.03,784.47,64.14,114.24,0.9645,-1,-1,-1
759,849,1077.93,576.8,71.14,79.6,0.9623,-1,-1,-1
759,970,1712.9,348.81,53.57,64.11,0.9553,-1,-1,-1
759,843,678.18,420.69,37.93,71.47,0.9484,-1,-1,-1
759,981,1738.07,548.03,47.75,79.37,0.938,-1,-1,-1
759,841,1086.95,361.13,33.48,73.5,0.8955,-1,-1,-1
759,839,485.25,294.95,35.47,61.46,0.8815,-1,-1,-1
759,906,522.63,326.92,34.21,65.3,0.8451,-1,-1,-1
759,942,1701.84,518.59,38.64,87.2,0.7462,-1,-1,-1
759,921,1178.02,493.62,34.34,79.44,0.5952,-1,-1,-1
760,849,1059.6,575.51,70.54,80.78,0.9712,-1,-1,-1
760,834,610.8,717.96,56.71,103.35,0.9711,-1,-1,-1
760,845,933.41,676.27,50.89,105.06,0.9696,-1,-1,-1
760,837,0.0,789.44,46.83,113.75,0.966,-1,-1,-1
760,970,1688.25,348.47,50.33,64.51,0.9598,-1,-1,-1
760,843,654.08,422.66,39.94,70.44,0.9561,-1,-1,-1
760,942,1706.84,542.72,41.77,79.95,0.9364,-1,-1,-1
760,839,460.68,296.76,36.92,63.3,0.9204,-1,-1,-1
760,841,1062.28,361.83,32.93,72.57,0.9169,-1,-1,-1
760,906,498.91,327.55,32.73,67.29,0.8779,-1,-1,-1
760,921,1152.68,498.31,32.11,73.3,0.4467,-1,-1,-1
761,834,590.66,719.52,61.6,102.33,0.9718,-1,-1,-1
761,849,1044.61,575.21,65.85,80.29,0.9695,-1,-1,-1
761,845,914.68,673.28,45.88,100.11,0.9664,-1,-1,-1
761,843,631.38,423.85,40.96,69.94,0.954,-1,-1,-1
761,839,437.29,299.89,37.32,63.29,0.9261,-1,-1,-1
761,841,1039.28,362.37,31.06,71.79,0.9006,-1,-1,-1
761,906,474.68,331.62,32.19,64.6,0.8965,-1,-1,-1
761,989,1632.89,473.0,54.58,67.23,0.895,-1,-1,-1
761,992,1674.34,536.32,38.22,80.08,0.8638,-1,-1,-1
761,837,0.28,792.23,19.03,117.28,0.797,-1,-1,-1
761,921,1125.92,491.51,33.17,78.83,0.3818,-1,-1,-1
762,834,590.52,719.53,61.81,102.37,0.972,-1,-1,-1
762,849,1044.62,575.21,65.82,80.28,0.9697,-1,-1,-1
762,845,914.69,673.21,45.87,100.07,0.9664,-1,-1,-1
762,843,631.26,423.87,41.1,69.98,0.9556,-1,-1,-1
762,970,1664.39,349.52,46.46,63.71,0.9534,-1,-1,-1
762,839,437.39,299.89,37.19,63.3,0.9256,-1,-1,-1
762,995,1400.33,494.35,40.81,82.71,0.9188,-1,-1,-1
762,996,1535.08,363.63,45.97,70.63,0.9047,-1,-1,-1
762,906,474.66,331.64,32.19,64.57,0.8954,-1,-1,-1
762,989,1632.78,473.1,54.62,66.48,0.8928,-1,-1,-1
762,992,1674.26,536.17,38.26,80.18,0.8745,-1,-1,-1
762,997,1642.27,514.64,34.41,84.44,0.6346,-1,-1,-1
762,998,1035.49,220.12,25.65,49.68,0.4784,-1,-1,-1
763,834,570.49,719.56,65.21,108.44,0.9721,-1,-1,-1
763,845,897.16,670.96,41.79,96.17,0.9665,-1,-1,-1
763,843,608.31,424.92,44.4,70.74,0.9635,-1,-1,-1
763,849,1033.67,576.68,54.63,77.55,0.9562,-1,-1,-1
763,995,1372.68,494.89,44.6,78.18,0.9473,-1,-1,-1
763,906,450.73,332.55,32.49,66.85,0.9401,-1,-1,-1
763,839,415.44,302.23,36.48,62.77,0.9307,-1,-1,-1
763,970,1641.27,350.1,42.72,63.39,0.9202,-1,-1,-1
763,989,1597.87,471.17,64.73,72.07,0.9127,-1,-1,-1
763,997,1638.66,530.15,45.94,79.42,0.9004,-1,-1,-1
764,834,550.75,720.71,67.06,110.74,0.9758,-1,-1,-1
764,845,878.1,667.89,38.39,98.92,0.9674,-1,-1,-1
764,843,584.08,426.09,47.63,73.93,0.9669,-1,-1,-1
764,849,1025.6,575.76,43.96,76.82,0.9569,-1,-1,-1
764,906,426.76,337.21,31.02,65.06,0.9214,-1,-1,-1
764,989,1571.0,469.63,68.05,78.28,0.9202,-1,-1,-1
764,995,1345.64,497.25,44.18,75.74,0.9053,-1,-1,-1
764,970,1620.05,349.93,39.49,63.09,0.9033,-1,-1,-1
764,839,395.79,305.36,33.84,62.42,0.8922,-1,-1,-1
764,841,991.12,363.59,29.88,71.01,0.8683,-1,-1,-1
764,1004,1602.07,527.07,51.44,74.5,0.8568,-1,-1,-1
765,834,533.09,721.6,72.85,109.89,0.9801,-1,-1,-1
765,845,856.18,663.99,39.55,100.25,0.9696,-1,-1,-1
765,843,562.52,428.6,49.38,74.84,0.9657,-1,-1,-1
765,849,1012.43,579.95,43.2,72.25,0.9427,-1,-1,-1
765,989,1545.41,468.21,68.03,84.07,0.9214,-1,-1,-1
765,970,1594.76,349.49,39.61,61.99,0.9122,-1,-1,-1
765,995,1317.1,496.67,44.79,77.26,0.8871,-1,-1,-1
765,841,967.59,365.81,29.36,68.24,0.8782,-1,-1,-1
765,906,402.59,338.45,31.34,68.04,0.8703,-1,-1,-1
765,839,376.52,308.59,30.24,62.02,0.8682,-1,-1,-1
765,1007,1568.52,520.68,54.43,73.03,0.8295,-1,-1,-1
766,845,832.75,658.51,43.44,103.23,0.9707,-1,-1,-1
766,834,517.91,726.17,75.57,111.22,0.9702,-1,-1,-1
766,849,989.67,573.57,52.49,76.66,0.9676,-1,-1,-1
766,843,543.77,431.12,47.89,75.05,0.9622,-1,-1,-1
766,995,1289.37,499.61,44.85,75.52,0.9476,-1,-1,-1
766,970,1565.42,350.25,43.27,61.11,0.9434,-1,-1,-1
766,989,1527.3,465.46,63.73,72.51,0.9422,-1,-1,-1
766,839,353.91,310.87,30.47,60.04,0.8845,-1,-1,-1
766,841,943.65,367.99,29.47,67.71,0.8832,-1,-1,-1
766,906,379.27,341.5,30.34,67.63,0.8822,-1,-1,-1
766,966,1538.6,513.53,54.05,75.91,0.876,-1,-1,-1
767,845,811.37,654.09,45.0,104.04,0.9736,-1,-1,-1
767,834,504.87,730.33,68.33,107.92,0.9689,-1,-1,-1
767,849,969.09,570.4,57.29,79.86,0.9682,-1,-1,-1
767,843,523.31,434.03,48.43,75.2,0.9666,-1,-1,-1
767,996,1539.72,349.82,43.81,64.32,0.9526,-1,-1,-1
767,989,1506.47,465.18,56.96,70.66,0.9415,-1,-1,-1
767,995,1262.72,503.71,44.96,72.65,0.9398,-1,-1,-1
767,841,920.68,368.73,29.77,68.48,0.9187,-1,-1,-1
767,839,329.36,312.85,32.84,59.76,0.8934,-1,-1,-1
767,906,354.27,343.89,31.98,67.66,0.8656,-1,-1,-1
767,1014,1509.35,502.73,48.07,79.22,0.5311,-1,-1,-1
768,845,811.31,654.1,45.07,104.07,0.9735,-1,-1,-1
768,834,504.89,730.31,68.28,107.92,0.9689,-1,-1,-1
768,849,969.08,570.43,57.34,79.94,0.9684,-1,-1,-1
768,843,523.43,433.95,47.89,75.49,0.9667,-1,-1,-1
768,996,1539.89,349.67,43.67,64.43,0.9521,-1,-1,-1
768,995,1262.57,504.01,45.12,73.09,0.947,-1,-1,-1
768,989,1506.18,465.25,57.56,70.04,0.9428,-1,-1,-1
768,1015,1389.54,370.47,38.22,59.66,0.9098,-1,-1,-1
768,839,329.47,312.87,32.69,59.72,0.8848,-1,-1,-1
768,906,354.16,343.96,32.06,67.63,0.8606,-1,-1,-1
768,1016,1492.14,502.24,44.18,79.99,0.8321,-1,-1,-1
768,1017,911.87,227.94,26.64,47.79,0.7231,-1,-1,-1
768,1014,1509.54,503.11,48.13,78.86,0.5694,-1,-1,-1
769,845,790.36,653.81,47.46,102.85,0.9733,-1,-1,-1
769,849,950.87,570.05,58.98,77.33,0.9701,-1,-1,-1
769,834,495.75,735.24,61.79,104.91,0.9692,-1,-1,-1
769,843,505.55,436.72,46.5,73.68,0.966,-1,-1,-1
769,970,1514.39,349.35,45.5,65.65,0.9623,-1,-1,-1
769,989,1480.71,464.2,57.62,63.37,0.9193,-1,-1,-1
769,906,328.44,347.38,33.51,67.45,0.911,-1,-1,-1
769,1016,1486.4,505.49,40.95,74.3,0.8907,-1,-1,-1
769,839,308.17,314.18,32.71,58.89,0.8758,-1,-1,-1
769,995,1236.82,506.33,44.33,68.42,0.8212,-1,-1,-1
770,845,771.8,651.2,48.98,100.37,0.9732,-1,-1,-1
770,834,488.78,736.53,52.39,103.55,0.9728,-1,-1,-1
770,843,490.82,440.28,42.81,70.4,0.9676,-1,-1,-1
770,849,936.01,568.72,63.95,75.27,0.9659,-1,-1,-1
770,970,1492.33,350.55,44.11,64.33,0.9619,-1,-1,-1
770,989,1455.88,464.3,55.94,67.14,0.9437,-1,-1,-1
770,995,1207.17,508.28,49.42,67.0,0.8872,-1,-1,-1
770,1022,1458.97,507.87,35.32,72.15,0.8664,-1,-1,-1
770,839,285.89,316.06,35.22,60.66,0.844,-1,-1,-1
770,906,306.59,349.47,32.5,67.74,0.8259,-1,-1,-1
771,834,482.53,736.21,46.05,103.13,0.9732,-1,-1,-1
771,845,755.53,650.03,46.42,97.85,0.9708,-1,-1,-1
771,849,924.24,568.74,62.97,73.06,0.9694,-1,-1,-1
771,843,479.15,442.72,37.89,70.09,0.9591,-1,-1,-1
771,970,1472.62,352.54,40.97,63.44,0.9549,-1,-1,-1
771,989,1430.69,464.98,57.76,64.78,0.9505,-1,-1,-1
771,839,263.62,317.11,37.54,59.7,0.8746,-1,-1,-1
771,906,285.27,351.9,31.26,66.44,0.8724,-1,-1,-1
771,995,1182.43,506.14,49.23,69.29,0.7967,-1,-1,-1
771,1024,1426.75,499.12,38.41,77.4,0.7809,-1,-1,-1
772,834,463.63,736.57,54.75,106.14,0.9735,-1,-1,-1
772,845,739.96,649.05,45.26,94.82,0.9698,-1,-1,-1
772,849,916.09,568.45,51.03,74.75,0.9661,-1,-1,-1
772,843,459.91,444.05,39.91,72.11,0.9621,-1,-1,-1
772,995,1156.12,503.82,55.1,70.06,0.9504,-1,-1,-1
772,989,1419.76,464.71,45.41,66.68,0.9399,-1,-1,-1
772,906,264.5,356.1,30.83,64.11,0.9207,-1,-1,-1
772,970,1454.51,355.61,35.81,61.3,0.9188,-1,-1,-1
772,1029,1402.6,504.25,31.27,69.39,0.8768,-1,-1,-1
772,1030,1854.5,924.79,49.88,115.33,0.8758,-1,-1,-1
772,839,244.69,318.73,37.78,60.83,0.5842,-1,-1,-1
773,834,447.35,736.48,58.37,106.84,0.9745,-1,-1,-1
773,849,910.87,569.59,45.84,72.71,0.9654,-1,-1,-1
773,845,727.89,647.49,41.27,94.09,0.9648,-1,-1,-1
773,843,439.18,445.14,43.3,74.36,0.9641,-1,-1,-1
773,989,1399.63,465.04,44.34,66.21,0.9432,-1,-1,-1
773,995,1132.55,502.37,53.41,70.74,0.9378,-1,-1,-1
773,906,239.21,357.57,34.1,66.45,0.9123,-1,-1,-1
773,1034,1375.23,500.69,35.3,68.48,0.8914,-1,-1,-1
773,970,1439.3,354.69,29.72,59.57,0.8281,-1,-1,-1
773,839,226.81,324.45,36.08,55.09,0.7368,-1,-1,-1
774,834,447.42,736.49,58.22,106.81,0.9745,-1,-1,-1
774,849,910.88,569.73,45.79,72.54,0.9648,-1,-1,-1
774,845,728.01,647.49,41.12,94.08,0.9645,-1,-1,-1
774,843,439.13,445.1,43.44,74.4,0.964,-1,-1,-1
774,1036,1826.07,913.89,52.69,118.61,0.9488,-1,-1,-1
774,989,1399.6,465.0,44.36,66.45,0.9425,-1,-1,-1
774,995,1132.61,502.46,53.41,70.53,0.9383,-1,-1,-1
774,1037,1260.35,378.63,39.23,56.8,0.916,-1,-1,-1
774,906,238.77,357.61,34.53,66.35,0.9131,-1,-1,-1
774,1034,1375.06,500.41,35.42,68.67,0.8828,-1,-1,-1
774,970,1439.35,354.62,29.64,59.75,0.8142,-1,-1,-1
774,1038,812.05,374.2,32.94,67.93,0.7871,-1,-1,-1
774,1039,1355.98,501.9,35.98,69.16,0.7418,-1,-1,-1
774,839,226.78,324.38,36.11,55.18,0.7341,-1,-1,-1
774,1040,806.36,237.02,25.82,47.68,0.703,-1,-1,-1
775,834,431.17,737.47,63.81,106.57,0.9788,-1,-1,-1
775,843,421.32,446.37,44.55,75.15,0.968,-1,-1,-1
775,845,714.32,645.22,37.69,96.01,0.9653,-1,-1,-1
775,1036,1799.21,902.82,54.93,117.85,0.9485,-1,-1,-1
775,995,1108.3,499.55,52.26,73.15,0.9477,-1,-1,-1
775,849,905.59,569.63,39.73,72.38,0.9446,-1,-1,-1
775,989,1381.91,466.37,40.57,63.5,0.9317,-1,-1,-1
775,1037,1238.19,379.7,38.9,55.66,0.9266,-1,-1,-1
775,1038,793.01,375.84,32.03,67.91,0.9058,-1,-1,-1
775,906,217.8,361.25,34.56,64.92,0.904,-1,-1,-1
775,970,1420.83,354.76,28.61,60.2,0.8954,-1,-1,-1
775,1039,1346.57,497.28,39.35,67.59,0.8649,-1,-1,-1
775,839,211.25,327.41,32.92,51.87,0.5597,-1,-1,-1
776,834,414.97,737.99,74.7,106.63,0.9789,-1,-1,-1
776,843,404.57,448.37,47.04,74.72,0.9717,-1,-1,-1
776,845,697.73,640.85,38.86,99.69,0.9667,-1,-1,-1
776,849,889.0,564.63,40.43,77.64,0.9577,-1,-1,-1
776,989,1360.88,464.59,43.2,62.77,0.9449,-1,-1,-1
776,995,1084.71,497.56,47.59,75.14,0.9385,-1,-1,-1
776,1038,774.68,376.12,31.27,68.58,0.9348,-1,-1,-1
776,1036,1769.66,895.32,58.66,116.1,0.931,-1,-1,-1
776,1037,1216.81,380.01,40.04,55.21,0.9087,-1,-1,-1
776,1041,1309.59,495.64,50.43,68.21,0.9076,-1,-1,-1
776,970,1398.76,354.1,31.28,59.04,0.8989,-1,-1,-1
776,906,192.53,362.29,39.94,65.72,0.8976,-1,-1,-1
777,834,401.51,741.62,78.32,106.76,0.9745,-1,-1,-1
777,845,680.95,638.27,40.12,100.5,0.969,-1,-1,-1
777,1036,1746.13,884.59,62.71,118.93,0.9682,-1,-1,-1
777,843,388.7,450.2,45.6,75.85,0.964,-1,-1,-1
777,849,872.16,562.77,50.68,78.42,0.9631,-1,-1,-1
777,995,1060.59,493.7,41.23,78.38,0.955,-1,-1,-1
777,989,1339.57,464.1,47.71,60.25,0.9533,-1,-1,-1
777,1041,1285.6,494.04,54.02,67.59,0.9515,-1,-1,-1
777,1037,1197.13,380.32,39.45,59.95,0.9466,-1,-1,-1
777,970,1378.2,354.03,34.87,60.89,0.94,-1,-1,-1
777,1038,758.06,377.02,27.83,68.02,0.9308,-1,-1,-1
777,906,174.83,356.86,35.49,72.62,0.5748,-1,-1,-1
778,834,392.06,743.86,68.65,108.43,0.9762,-1,-1,-1
778,1036,1725.55,879.74,65.66,112.16,0.9686,-1,-1,-1
778,845,663.75,635.85,40.65,101.63,0.9684,-1,-1,-1
778,849,857.95,560.91,53.05,79.55,0.9679,-1,-1,-1
778,843,374.51,453.11,40.83,74.67,0.9611,-1,-1,-1
778,989,1320.27,462.01,52.32,63.47,0.959,-1,-1,-1
778,1041,1262.25,492.07,55.13,67.94,0.9567,-1,-1,-1
778,970,1356.97,352.65,39.27,63.57,0.9447,-1,-1,-1
778,1037,1180.09,381.21,37.56,61.92,0.9432,-1,-1,-1
778,995,1037.62,493.28,33.31,76.3,0.9365,-1,-1,-1
778,1038,739.87,377.77,26.6,68.36,0.915,-1,-1,-1
778,839,155.26,334.29,33.2,48.85,0.7011,-1,-1,-1
778,906,155.21,369.23,32.46,64.71,0.497,-1,-1,-1
779,845,647.49,633.92,41.47,101.82,0.9707,-1,-1,-1
779,834,384.75,748.93,59.1,106.39,0.97,-1,-1,-1
779,849,845.65,561.72,56.83,74.19,0.9685,-1,-1,-1
779,1036,1706.74,874.5,65.5,108.12,0.9649,-1,-1,-1
779,1041,1239.25,490.57,57.03,68.85,0.9646,-1,-1,-1
779,970,1340.41,352.75,41.68,63.58,0.9629,-1,-1,-1
779,989,1304.64,461.49,54.63,65.2,0.9606,-1,-1,-1
779,843,363.74,454.94,33.64,75.12,0.9437,-1,-1,-1
779,1038,723.0,378.24,24.31,68.87,0.9436,-1,-1,-1
779,1037,1163.04,381.7,37.3,61.95,0.9261,-1,-1,-1
779,995,1014.9,491.79,31.96,76.72,0.9245,-1,-1,-1
779,906,133.04,368.53,34.44,66.13,0.736,-1,-1,-1
779,839,136.64,335.63,31.83,45.32,0.6922,-1,-1,-1
780,845,647.55,633.91,41.4,101.85,0.9704,-1,-1,-1
780,834,384.75,748.86,59.16,106.43,0.9695,-1,-1,-1
780,849,845.62,561.79,56.87,74.21,0.9683,-1,-1,-1
780,1041,1239.32,490.46,56.96,68.95,0.9645,-1,-1,-1
780,1036,1706.77,874.65,65.44,108.05,0.9641,-1,-1,-1
780,970,1340.38,352.8,41.69,63.53,0.9632,-1,-1,-1
780,989,1304.6,461.47,54.55,65.24,0.9608,-1,-1,-1
780,843,363.63,455.05,33.7,75.07,0.9446,-1,-1,-1
780,1038,722.99,378.31,24.3,68.81,0.9434,-1,-1,-1
780,1037,1163.15,381.66,37.19,61.92,0.924,-1,-1,-1
780,995,1014.89,491.6,31.99,76.85,0.9237,-1,-1,-1
780,1050,709.04,242.09,25.8,49.25,0.7623,-1,-1,-1
780,906,133.19,368.21,34.39,66.53,0.7239,-1,-1,-1
781,1036,1692.44,871.06,63.02,105.07,0.9688,-1,-1,-1
781,834,381.1,752.11,49.76,105.21,0.9675,-1,-1,-1
781,849,837.04,559.97,57.03,75.79,0.9665,-1,-1,-1
781,845,632.18,633.27,40.44,98.05,0.9652,-1,-1,-1
781,970,1325.18,353.3,42.15,63.88,0.9617,-1,-1,-1
781,989,1290.33,461.6,57.39,66.28,0.9616,-1,-1,-1
781,1041,1220.42,488.43,57.54,70.15,0.9581,-1,-1,-1
781,1038,705.13,379.81,23.55,69.13,0.9414,-1,-1,-1
781,843,350.02,456.55,32.08,73.45,0.9395,-1,-1,-1
781,1037,1148.24,383.69,32.42,60.84,0.9245,-1,-1,-1
781,995,991.85,492.51,34.08,75.71,0.9143,-1,-1,-1
781,906,111.73,369.58,34.69,67.76,0.6506,-1,-1,-1
782,834,377.73,753.11,43.73,107.03,0.9727,-1,-1,-1
782,1036,1680.45,864.79,57.66,107.1,0.9688,-1,-1,-1
782,849,833.18,560.07,47.47,77.17,0.9658,-1,-1,-1
782,845,617.12,633.57,38.16,93.31,0.9639,-1,-1,-1
782,989,1278.69,461.8,55.06,65.44,0.9638,-1,-1,-1
782,1041,1202.2,484.79,52.25,73.43,0.9602,-1,-1,-1
782,843,331.09,458.32,36.79,74.01,0.9581,-1,-1,-1
782,970,1312.17,354.25,38.99,64.28,0.9464,-1,-1,-1
782,1038,688.21,380.95,22.92,70.27,0.9391,-1,-1,-1
782,995,966.88,493.59,36.05,73.65,0.9352,-1,-1,-1
782,1037,1132.12,383.78,30.32,59.92,0.9091,-1,-1,-1
782,906,88.79,355.98,42.92,82.67,0.888,-1,-1,-1
783,834,360.74,753.67,51.74,108.51,0.9751,-1,-1,-1
783,1036,1668.89,858.8,50.28,108.65,0.9713,-1,-1,-1
783,843,312.08,458.59,41.03,74.71,0.9659,-1,-1,-1
783,845,603.29,632.94,36.22,91.99,0.9634,-1,-1,-1
783,989,1269.99,461.67,50.1,65.17,0.9574,-1,-1,-1
783,1037,1113.36,383.51,32.57,60.31,0.9472,-1,-1,-1
783,906,66.16,371.62,45.29,68.62,0.9471,-1,-1,-1
783,1041,1179.89,482.13,50.94,72.61,0.9445,-1,-1,-1
783,970,1300.33,355.26,33.52,62.04,0.9441,-1,-1,-1
783,995,942.92,494.17,37.44,74.94,0.9424,-1,-1,-1
783,1038,669.53,382.45,24.44,69.59,0.9337,-1,-1,-1
783,849,832.14,563.7,33.7,73.83,0.9102,-1,-1,-1
784,1036,1652.96,851.34,50.58,111.37,0.9738,-1,-1,-1
784,834,343.72,752.6,57.95,112.64,0.9718,-1,-1,-1
784,843,293.58,458.39,44.7,76.65,0.9696,-1,-1,-1
784,995,921.3,496.58,39.48,73.89,0.9635,-1,-1,-1
784,906,44.22,375.23,46.95,66.68,0.9613,-1,-1,-1
784,989,1263.27,459.92,42.76,67.45,0.9563,-1,-1,-1
784,1038,651.15,383.83,27.95,69.52,0.9486,-1,-1,-1
784,970,1290.42,355.64,29.4,62.01,0.9462,-1,-1,-1
784,1037,1096.59,383.4,32.97,59.46,0.9458,-1,-1,-1
784,845,589.87,631.33,34.25,94.19,0.9416,-1,-1,-1
784,1041,1156.03,482.78,46.66,70.85,0.9223,-1,-1,-1
784,849,826.32,561.79,28.55,75.27,0.8216,-1,-1,-1
784,839,58.91,339.54,32.01,64.85,0.7178,-1,-1,-1
785,1036,1636.49,845.6,52.19,113.61,0.9726,-1,-1,-1
785,834,329.54,753.31,64.76,111.26,0.9715,-1,-1,-1
785,843,279.68,460.52,48.71,76.31,0.9715,-1,-1,-1
785,995,903.65,497.36,40.14,73.43,0.9605,-1,-1,-1
785,906,22.97,380.43,45.23,64.11,0.9546,-1,-1,-1
785,1038,633.84,385.63,31.46,66.87,0.9495,-1,-1,-1
785,970,1279.94,355.55,25.93,61.98,0.9432,-1,-1,-1
785,845,576.87,630.21,32.07,95.12,0.941,-1,-1,-1
785,849,811.38,561.41,35.49,76.3,0.9397,-1,-1,-1
785,989,1258.26,460.65,34.15,68.34,0.9193,-1,-1,-1
785,1037,1081.01,383.12,33.31,63.62,0.9136,-1,-1,-1
785,1041,1156.99,479.31,28.64,67.5,0.907,-1,-1,-1
785,839,41.86,343.15,30.32,64.91,0.8398,-1,-1,-1
786,1036,1636.49,845.62,52.15,113.59,0.9726,-1,-1,-1
786,843,279.69,460.54,48.71,76.28,0.9714,-1,-1,-1
786,834,329.54,753.3,64.76,111.25,0.9714,-1,-1,-1
786,995,903.52,497.28,40.35,73.44,0.9606,-1,-1,-1
786,906,22.96,380.6,45.46,63.96,0.9533,-1,-1,-1
786,1038,633.82,385.63,31.5,66.84,0.9498,-1,-1,-1
786,970,1279.95,355.54,25.94,61.98,0.9431,-1,-1,-1
786,845,576.92,630.14,32.06,95.41,0.9403,-1,-1,-1
786,849,811.42,561.44,35.51,76.27,0.94,-1,-1,-1
786,989,1258.24,460.35,34.23,68.62,0.9195,-1,-1,-1
786,1037,1080.92,383.12,33.44,63.61,0.918,-1,-1,-1
786,1041,1129.31,484.77,39.28,68.9,0.9176,-1,-1,-1
786,1060,622.1,249.77,23.78,45.55,0.8655,-1,-1,-1
786,839,41.89,343.17,30.18,64.78,0.843,-1,-1,-1
786,1061,695.32,506.66,23.36,68.26,0.7798,-1,-1,-1
787,834,315.81,754.31,77.56,111.07,0.9755,-1,-1,-1
787,1036,1622.94,839.8,51.12,112.76,0.9746,-1,-1,-1
787,849,797.91,560.83,46.12,77.95,0.9722,-1,-1,-1
787,843,266.79,462.66,47.61,75.22,0.9694,-1,-1,-1
787,906,1.49,381.2,48.05,66.22,0.9622,-1,-1,-1
787,845,564.46,626.88,30.97,98.14,0.9561,-1,-1,-1
787,995,884.84,496.75,42.23,74.37,0.9542,-1,-1,-1
787,1038,617.19,387.02,34.51,65.76,0.9502,-1,-1,-1
787,970,1265.41,355.05,28.15,64.68,0.9456,-1,-1,-1
787,1037,1067.96,382.92,33.15,65.04,0.9176,-1,-1,-1
787,989,1250.33,460.18,31.01,69.38,0.9083,-1,-1,-1
787,1041,1111.58,481.16,37.45,70.64,0.8669,-1,-1,-1
787,839,27.2,346.37,26.57,62.9,0.8288,-1,-1,-1
788,1036,1609.84,834.47,51.68,113.71,0.9746,-1,-1,-1
788,834,307.02,756.84,81.81,105.78,0.9727,-1,-1,-1
788,843,259.14,465.08,40.0,75.07,0.9693,-1,-1,-1
788,849,788.52,562.3,55.77,73.33,0.9628,-1,-1,-1
788,1038,601.22,388.39,37.36,66.34,0.9607,-1,-1,-1
788,995,864.8,496.59,42.25,74.68,0.9576,-1,-1,-1
788,845,551.33,624.89,32.83,100.98,0.9537,-1,-1,-1
788,970,1252.3,354.72,27.99,65.32,0.9491,-1,-1,-1
788,1041,1094.87,480.24,37.4,73.62,0.9478,-1,-1,-1
788,1037,1053.62,383.55,33.52,66.69,0.9344,-1,-1,-1
788,989,1239.39,457.03,31.63,73.05,0.9278,-1,-1,-1
788,906,0.58,383.76,28.15,65.62,0.9161,-1,-1,-1
788,839,9.19,348.54,26.17,63.56,0.7463,-1,-1,-1
789,1036,1600.68,831.63,48.53,111.14,0.9772,-1,-1,-1
789,834,303.22,760.44,72.28,107.11,0.9765,-1,-1,-1
789,849,784.16,560.6,54.11,70.68,0.9703,-1,-1,-1
789,845,537.44,622.78,38.78,100.71,0.9676,-1,-1,-1
789,1038,587.58,389.22,37.97,67.3,0.964,-1,-1,-1
789,995,844.74,495.4,45.23,75.77,0.9604,-1,-1,-1
789,1037,1041.51,384.48,33.64,65.98,0.9601,-1,-1,-1
789,970,1241.92,354.63,29.2,65.76,0.9582,-1,-1,-1
789,843,253.98,466.5,32.14,76.48,0.949,-1,-1,-1
789,989,1230.44,456.7,32.65,70.47,0.9365,-1,-1,-1
789,1041,1079.26,481.04,36.74,69.71,0.9175,-1,-1,-1
789,1067,574.35,249.96,29.14,48.26,0.9009,-1,-1,-1
789,839,0.27,345.11,20.05,87.89,0.6724,-1,-1,-1
790,1036,1593.57,831.08,45.49,105.52,0.9781,-1,-1,-1
790,834,300.68,763.78,59.27,107.17,0.9754,-1,-1,-1
790,845,524.91,622.3,40.3,99.14,0.9695,-1,-1,-1
790,849,783.27,560.7,43.38,70.33,0.9658,-1,-1,-1
790,1038,574.54,390.02,36.43,67.64,0.9637,-1,-1,-1
790,995,828.45,494.15,43.41,76.24,0.9601,-1,-1,-1
790,843,245.33,468.3,29.99,76.08,0.959,-1,-1,-1
790,1037,1033.47,385.6,30.72,65.02,0.9556,-1,-1,-1
790,970,1234.66,355.68,28.73,64.95,0.9532,-1,-1,-1
790,989,1222.72,456.49,33.06,70.76,0.948,-1,-1,-1
790,1067,561.0,250.68,29.77,48.27,0.8961,-1,-1,-1
790,1041,1066.72,482.67,30.27,59.47,0.7636,-1,-1,-1
791,834,301.55,766.16,52.69,106.85,0.9756,-1,-1,-1
791,1036,1586.63,829.49,43.39,101.54,0.9719,-1,-1,-1
791,845,513.85,622.09,40.59,96.69,0.9687,-1,-1,-1
791,995,815.51,493.67,43.92,73.5,0.9665,-1,-1,-1
791,843,230.92,468.97,35.17,76.78,0.9653,-1,-1,-1
791,1038,562.91,390.33,34.44,67.27,0.9603,-1,-1,-1
791,989,1216.65,456.44,32.76,71.2,0.956,-1,-1,-1
791,970,1228.5,356.67,25.42,63.75,0.9552,-1,-1,-1
791,849,784.49,559.44,35.98,72.13,0.9538,-1,-1,-1
791,1037,1026.72,386.0,28.05,65.31,0.9487,-1,-1,-1
791,1071,1081.6,467.97,28.42,70.42,0.9407,-1,-1,-1
791,1041,1054.44,483.22,34.67,57.35,0.7613,-1,-1,-1
791,1067,549.82,250.96,29.18,48.51,0.699,-1,-1,-1
792,834,301.34,766.15,52.93,106.87,0.9754,-1,-1,-1
792,1036,1586.68,829.51,43.32,101.53,0.9718,-1,-1,-1
792,845,513.67,622.08,40.78,96.84,0.9687,-1,-1,-1
792,995,815.48,493.63,43.96,73.55,0.9665,-1,-1,-1
792,843,230.92,468.96,35.14,76.83,0.9655,-1,-1,-1
792,1038,562.88,390.29,34.48,67.32,0.9604,-1,-1,-1
792,989,1216.65,456.41,32.78,71.23,0.9563,-1,-1,-1
792,970,1228.51,356.78,25.39,63.59,0.9549,-1,-1,-1
792,849,784.49,559.5,35.5,72.05,0.9542,-1,-1,-1
792,1037,1026.73,385.99,28.06,65.31,0.949,-1,-1,-1
792,1071,1081.48,467.95,28.53,70.34,0.9389,-1,-1,-1
792,1073,620.47,511.06,22.15,67.18,0.846,-1,-1,-1
792,1041,1054.21,483.04,35.11,57.64,0.7522,-1,-1,-1
792,1067,549.87,251.0,29.15,48.45,0.646,-1,-1,-1
793,834,304.57,767.05,47.05,106.57,0.9782,-1,-1,-1
793,1036,1582.66,826.31,41.14,101.99,0.9729,-1,-1,-1
793,843,217.66,467.87,46.95,78.57,0.9689,-1,-1,-1
793,845,504.82,622.56,39.5,93.16,0.9685,-1,-1,-1
793,995,802.68,492.37,49.38,70.39,0.9652,-1,-1,-1
793,1038,553.59,390.64,31.31,67.89,0.9563,-1,-1,-1
793,989,1210.35,458.22,36.31,69.62,0.9542,-1,-1,-1
793,1037,1021.97,385.52,25.22,66.98,0.9462,-1,-1,-1
793,970,1223.89,357.63,22.55,61.47,0.9452,-1,-1,-1
793,849,779.57,557.39,36.67,74.77,0.9413,-1,-1,-1
793,1071,1067.74,466.21,32.54,69.9,0.9245,-1,-1,-1
793,1067,540.14,251.51,30.15,47.31,0.8994,-1,-1,-1
793,1073,607.47,500.06,23.41,78.16,0.8833,-1,-1,-1
793,1041,1039.79,483.26,30.42,61.08,0.7976,-1,-1,-1
794,834,296.71,766.73,50.26,108.95,0.9755,-1,-1,-1
794,1036,1576.72,823.03,43.16,104.24,0.9745,-1,-1,-1
794,843,207.7,469.16,54.28,77.47,0.9709,-1,-1,-1
794,845,498.98,622.61,38.59,92.71,0.9644,-1,-1,-1
794,995,792.68,490.36,50.11,71.82,0.9608,-1,-1,-1
794,849,773.68,553.22,39.27,79.54,0.96,-1,-1,-1
794,1038,545.98,390.28,27.28,69.17,0.9517,-1,-1,-1
794,970,1218.8,356.63,23.03,61.53,0.9495,-1,-1,-1
794,1071,1048.12,466.03,42.68,69.84,0.9451,-1,-1,-1
794,1037,1015.6,384.72,24.29,69.78,0.9412,-1,-1,-1
794,989,1206.92,461.36,39.57,65.1,0.9258,-1,-1,-1
794,1067,533.39,251.99,27.34,46.58,0.9189,-1,-1,-1
794,1073,595.74,505.04,23.04,72.8,0.8643,-1,-1,-1
794,1041,1029.64,480.45,31.67,70.21,0.828,-1,-1,-1
795,1036,1570.76,819.3,45.08,104.94,0.977,-1,-1,-1
795,834,287.98,764.93,55.9,113.96,0.9737,-1,-1,-1
795,995,786.26,488.25,47.15,71.44,0.97,-1,-1,-1
795,845,492.32,621.18,41.14,93.51,0.9685,-1,-1,-1
795,843,199.28,469.5,57.14,77.44,0.9678,-1,-1,-1
795,989,1205.17,461.59,48.03,65.0,0.9663,-1,-1,-1
795,849,770.71,551.15,39.36,79.32,0.959,-1,-1,-1
795,1071,1032.53,466.6,55.21,75.26,0.958,-1,-1,-1
795,970,1214.45,355.3,23.71,62.06,0.9534,-1,-1,-1
795,1038,539.8,390.08,23.17,69.7,0.9463,-1,-1,-1
795,1037,1008.64,385.04,24.63,69.15,0.9363,-1,-1,-1
795,1067,526.55,251.05,27.56,46.44,0.9338,-1,-1,-1
795,1073,585.06,507.0,23.34,70.87,0.8966,-1,-1,-1
795,1041,1019.7,483.06,28.39,54.33,0.864,-1,-1,-1
796,1036,1565.49,815.83,48.35,107.7,0.9785,-1,-1,-1
796,995,778.56,485.44,46.71,71.48,0.972,-1,-1,-1
796,834,280.96,763.56,62.17,117.48,0.9703,-1,-1,-1
796,843,195.01,470.63,51.67,77.06,0.9698,-1,-1,-1
796,845,484.66,618.66,41.58,95.82,0.968,-1,-1,-1
796,989,1204.36,461.08,50.21,65.13,0.9664,-1,-1,-1
796,849,769.15,547.04,42.12,73.58,0.9646,-1,-1,-1
796,1074,1179.04,983.63,43.18,93.0,0.9627,-1,-1,-1
796,970,1208.1,353.12,27.93,65.57,0.959,-1,-1,-1
796,1071,1025.36,467.6,61.88,72.05,0.9539,-1,-1,-1
796,1038,533.53,389.86,21.31,70.02,0.9514,-1,-1,-1
796,1037,999.31,386.67,28.67,67.61,0.9476,-1,-1,-1
796,1067,517.03,250.79,28.95,46.82,0.9387,-1,-1,-1
796,1073,576.66,507.58,23.74,72.26,0.8938,-1,-1,-1
796,1041,1003.65,482.35,32.15,60.22,0.8466,-1,-1,-1
797,1036,1562.57,813.03,50.71,109.02,0.9779,-1,-1,-1
797,834,274.22,763.24,74.78,116.96,0.9744,-1,-1,-1
797,843,193.29,472.47,42.69,75.97,0.9708,-1,-1,-1
797,1071,1016.8,469.22,62.41,75.62,0.9702,-1,-1,-1
797,989,1202.75,460.29,50.93,66.8,0.9685,-1,-1,-1
797,845,478.46,615.85,41.65,98.82,0.9681,-1,-1,-1
797,995,771.85,484.38,45.14,66.45,0.9656,-1,-1,-1
797,849,770.57,545.73,39.76,68.93,0.965,-1,-1,-1
797,970,1203.71,352.23,31.71,65.69,0.9629,-1,-1,-1
797,1074,1175.13,979.8,43.16,97.12,0.9615,-1,-1,-1
797,1037,995.51,388.05,27.31,66.8,0.9517,-1,-1,-1
797,1038,526.73,390.52,21.51,69.39,0.9483,-1,-1,-1
797,1067,508.96,249.69,31.28,49.26,0.9326,-1,-1,-1
797,1073,568.14,505.12,25.27,76.61,0.913,-1,-1,-1
797,1041,999.88,483.37,24.03,56.65,0.902,-1,-1,-1
798,1036,1562.44,812.96,50.8,110.67,0.9779,-1,-1,-1
798,834,274.25,763.2,74.76,116.98,0.9744,-1,-1,-1
798,843,193.29,472.46,42.69,75.88,0.9708,-1,-1,-1
798,1071,1016.84,469.26,62.36,75.33,0.9702,-1,-1,-1
798,989,1202.74,460.35,50.92,66.74,0.9685,-1,-1,-1
798,845,478.43,615.86,41.66,98.82,0.9681,-1,-1,-1
798,995,771.87,484.4,45.09,66.98,0.9657,-1,-1,-1
798,849,770.58,545.59,39.73,69.17,0.9653,-1,-1,-1
798,970,1203.74,352.22,31.7,65.7,0.9628,-1,-1,-1
798,1074,1175.26,979.78,43.02,97.11,0.9614,-1,-1,-1
798,1037,995.5,388.06,27.35,66.77,0.9516,-1,-1,-1
798,1038,526.74,390.56,21.5,69.38,0.9483,-1,-1,-1
798,1067,509.01,249.7,31.24,49.02,0.9357,-1,-1,-1
798,1073,568.15,505.44,25.22,76.17,0.9107,-1,-1,-1
798,1041,999.93,483.19,24.02,56.71,0.8984,-1,-1,-1
799,834,272.8,765.42,75.36,110.82,0.9761,-1,-1,-1
799,1036,1558.61,811.56,56.5,106.83,0.9735,-1,-1,-1
799,995,764.16,484.06,45.32,64.71,0.9704,-1,-1,-1
799,845,473.1,612.35,39.32,102.43,0.9691,-1,-1,-1
799,970,1199.07,351.36,37.14,66.88,0.9683,-1,-1,-1
799,1071,1011.61,472.22,59.99,72.0,0.9674,-1,-1,-1
799,1074,1170.97,977.05,43.2,99.88,0.9651,-1,-1,-1
799,849,768.94,544.29,35.86,71.72,0.9581,-1,-1,-1
799,989,1198.81,459.84,50.65,67.49,0.957,-1,-1,-1
799,1037,992.1,389.96,28.76,68.02,0.9559,-1,-1,-1
799,1038,520.73,390.58,21.63,68.5,0.9526,-1,-1,-1
799,1067,501.49,248.5,31.94,50.37,0.9512,-1,-1,-1
799,843,193.16,472.59,34.04,75.74,0.9497,-1,-1,-1
799,1073,560.45,507.83,25.95,73.37,0.9098,-1,-1,-1
799,1041,991.08,481.83,26.23,62.01,0.903,-1,-1,-1
800,834,273.92,767.32,68.76,110.06,0.976,-1,-1,-1
800,970,1196.54,351.51,39.65,66.95,0.9734,-1,-1,-1
800,845,468.48,610.22,39.56,104.19,0.9719,-1,-1,-1
800,1036,1557.5,812.07,60.76,101.96,0.9694,-1,-1,-1
800,1071,1014.21,472.8,50.93,71.16,0.9672,-1,-1,-1
800,989,1197.14,458.6,48.99,68.76,0.9663,-1,-1,-1
800,1074,1167.6,974.38,43.92,104.6,0.9653,-1,-1,-1
800,1037,988.48,393.68,31.46,66.79,0.9588,-1,-1,-1
800,849,769.3,540.61,30.14,75.02,0.9563,-1,-1,-1
800,1067,496.77,248.34,31.17,49.39,0.9552,-1,-1,-1
800,995,760.11,483.72,43.67,65.76,0.9535,-1,-1,-1
800,1038,513.96,390.99,23.9,69.64,0.9524,-1,-1,-1
800,843,194.61,471.39,26.54,77.6,0.9478,-1,-1,-1
800,1073,552.85,507.07,27.23,74.95,0.923,-1,-1,-1
800,1041,982.24,482.94,28.71,66.91,0.8833,-1,-1,-1
801,1036,1559.84,812.68,61.72,100.59,0.9759,-1,-1,-1
801,970,1196.21,352.31,38.55,66.91,0.9734,-1,-1,-1
801,834,280.29,770.16,60.23,109.7,0.972,-1,-1,-1
801,1037,986.89,396.65,34.17,64.35,0.9705,-1,-1,-1
801,1071,1007.09,473.26,52.79,70.38,0.9687,-1,-1,-1
801,1074,1163.96,973.17,44.03,104.97,0.9686,-1,-1,-1
801,845,464.68,608.67,38.62,103.13,0.9668,-1,-1,-1
801,989,1200.55,457.11,41.51,69.56,0.9643,-1,-1,-1
801,995,756.52,484.53,45.07,65.17,0.9615,-1,-1,-1
801,1038,508.1,391.28,25.87,69.36,0.9554,-1,-1,-1
801,843,191.86,469.03,28.63,80.58,0.9528,-1,-1,-1
801,849,764.53,538.22,38.49,77.65,0.9512,-1,-1,-1
801,1067,493.26,248.97,30.3,50.22,0.949,-1,-1,-1
801,1041,976.01,485.35,28.04,62.29,0.9208,-1,-1,-1
801,1073,546.5,508.81,27.72,73.82,0.8998,-1,-1,-1
802,834,290.25,770.22,48.37,111.96,0.9754,-1,-1,-1
802,1071,1004.2,473.21,50.66,70.75,0.973,-1,-1,-1
802,1036,1564.97,812.26,58.92,101.95,0.9724,-1,-1,-1
802,970,1196.42,352.57,36.99,68.0,0.9699,-1,-1,-1
802,1037,982.21,398.88,40.16,61.69,0.9686,-1,-1,-1
802,849,764.75,534.85,41.53,77.59,0.9684,-1,-1,-1
802,995,752.58,484.58,46.39,64.05,0.9663,-1,-1,-1
802,1074,1160.09,972.78,44.97,106.04,0.9655,-1,-1,-1
802,843,185.08,468.48,33.94,81.89,0.9607,-1,-1,-1
802,989,1205.19,455.47,33.87,70.55,0.9592,-1,-1,-1
802,1038,500.89,391.43,31.41,69.54,0.9574,-1,-1,-1
802,845,461.68,609.37,37.13,97.22,0.9568,-1,-1,-1
802,1067,492.22,249.15,28.06,49.9,0.9482,-1,-1,-1
802,1073,539.57,506.94,32.78,77.52,0.9255,-1,-1,-1
802,1041,967.11,486.17,31.2,62.75,0.8302,-1,-1,-1
803,1036,1574.11,809.95,50.42,104.16,0.9763,-1,-1,-1
803,834,298.21,770.54,42.06,111.9,0.9754,-1,-1,-1
803,1074,1156.96,971.12,46.18,105.41,0.9748,-1,-1,-1
803,1037,978.74,398.74,46.26,61.84,0.9707,-1,-1,-1
803,1071,1001.96,472.69,48.52,69.99,0.9699,-1,-1,-1
803,970,1197.5,353.54,35.15,67.18,0.9696,-1,-1,-1
803,843,179.66,467.86,42.4,83.5,0.9695,-1,-1,-1
803,849,767.86,533.78,39.42,69.18,0.9685,-1,-1,-1
803,1038,494.81,391.47,35.38,69.56,0.9677,-1,-1,-1
803,845,458.26,610.2,36.96,93.74,0.9634,-1,-1,-1
803,989,1211.52,452.81,28.37,73.79,0.9562,-1,-1,-1
803,995,751.29,483.85,43.44,70.37,0.9545,-1,-1,-1
803,1041,955.5,487.32,38.93,61.57,0.9441,-1,-1,-1
803,1067,493.35,248.13,23.31,49.28,0.9426,-1,-1,-1
803,1073,532.53,504.03,37.46,81.72,0.9385,-1,-1,-1
804,1036,1574.11,809.93,50.31,104.19,0.9763,-1,-1,-1
804,834,298.21,770.52,42.08,111.94,0.9753,-1,-1,-1
804,1074,1156.96,971.11,46.16,105.34,0.9748,-1,-1,-1
804,1037,978.74,398.71,46.25,61.86,0.9709,-1,-1,-1
804,1071,1001.91,472.71,48.56,70.0,0.9699,-1,-1,-1
804,970,1197.5,353.56,35.15,67.17,0.9696,-1,-1,-1
804,843,179.67,467.87,42.39,83.51,0.9694,-1,-1,-1
804,849,767.83,533.82,39.46,69.07,0.9684,-1,-1,-1
804,1038,494.82,391.47,35.42,69.62,0.9678,-1,-1,-1
804,845,458.26,610.2,36.96,93.73,0.9634,-1,-1,-1
804,989,1211.52,452.83,28.36,73.76,0.9561,-1,-1,-1
804,995,751.33,483.84,43.51,70.39,0.9545,-1,-1,-1
804,1041,955.53,487.33,38.84,61.57,0.9436,-1,-1,-1
804,1067,493.37,248.13,23.3,49.3,0.9425,-1,-1,-1
804,1073,532.56,504.02,37.42,81.68,0.9375,-1,-1,-1
805,1036,1578.14,807.39,47.55,108.52,0.9789,-1,-1,-1
805,1074,1155.17,968.56,46.59,109.44,0.9759,-1,-1,-1
805,834,291.8,768.24,52.26,114.51,0.9755,-1,-1,-1
805,843,174.04,467.37,47.74,83.62,0.9722,-1,-1,-1
805,1037,975.73,398.31,49.14,63.43,0.9697,-1,-1,-1
805,1038,488.13,391.19,37.69,70.27,0.9676,-1,-1,-1
805,1071,997.89,471.4,45.9,71.55,0.9667,-1,-1,-1
805,970,1200.13,353.17,34.21,66.85,0.9657,-1,-1,-1
805,849,768.29,531.43,37.31,65.3,0.9638,-1,-1,-1
805,1073,525.12,507.29,40.25,79.13,0.962,-1,-1,-1
805,845,456.51,609.57,34.8,93.81,0.9589,-1,-1,-1
805,989,1214.1,452.45,26.82,73.37,0.9538,-1,-1,-1
805,1041,940.0,488.87,49.08,57.46,0.9481,-1,-1,-1
805,1067,488.92,247.84,25.83,48.01,0.9474,-1,-1,-1
805,995,748.22,481.62,42.33,73.04,0.9385,-1,-1,-1
806,1036,1580.8,804.77,47.99,110.79,0.9793,-1,-1,-1
806,1074,1155.19,965.17,46.58,114.5,0.9753,-1,-1,-1
806,834,288.0,766.79,58.09,116.6,0.9739,-1,-1,-1
806,843,171.25,467.63,50.01,83.67,0.9725,-1,-1,-1
806,1037,974.01,397.21,50.44,64.37,0.9725,-1,-1,-1
806,1038,483.22,391.06,36.65,70.63,0.9703,-1,-1,-1
806,1071,993.2,472.49,42.54,72.08,0.9633,-1,-1,-1
806,970,1207.0,352.25,29.45,67.04,0.9588,-1,-1,-1
806,849,768.08,528.83,35.1,68.92,0.9581,-1,-1,-1
806,1073,519.33,505.66,42.11,80.28,0.955,-1,-1,-1
806,845,455.55,607.11,31.49,96.34,0.9528,-1,-1,-1
806,989,1216.61,450.94,25.87,74.14,0.952,-1,-1,-1
806,1067,483.94,246.53,30.93,48.75,0.9513,-1,-1,-1
806,995,746.14,479.31,41.58,76.53,0.9481,-1,-1,-1
806,1041,928.23,492.44,50.91,50.6,0.9244,-1,-1,-1
806,1075,967.77,525.04,19.91,21.73,0.6579,-1,-1,-1
807,1036,1583.45,801.9,50.18,113.47,0.9756,-1,-1,-1
807,834,285.53,764.44,68.11,119.92,0.9754,-1,-1,-1
807,843,169.98,468.41,48.85,84.67,0.9742,-1,-1,-1
807,1074,1154.14,961.43,48.12,117.36,0.9734,-1,-1,-1
807,1037,975.54,398.04,50.66,64.01,0.9702,-1,-1,-1
807,995,746.97,474.95,36.45,77.27,0.9628,-1,-1,-1
807,1073,512.85,510.23,42.97,77.04,0.9603,-1,-1,-1
807,849,765.95,522.74,34.91,75.3,0.9602,-1,-1,-1
807,1067,479.72,245.06,32.9,49.93,0.9596,-1,-1,-1
807,1038,479.15,390.79,35.72,70.83,0.9594,-1,-1,-1
807,989,1218.14,449.64,28.07,73.65,0.952,-1,-1,-1
807,970,1213.23,350.76,25.29,67.58,0.9482,-1,-1,-1
807,845,455.02,604.37,28.09,97.82,0.9473,-1,-1,-1
807,1071,980.1,471.63,49.94,73.29,0.9401,-1,-1,-1
807,1041,920.55,495.62,52.65,48.25,0.9383,-1,-1,-1
807,1075,972.71,525.53,14.27,21.52,0.7101,-1,-1,-1
808,1036,1586.66,801.05,50.72,114.02,0.977,-1,-1,-1
808,1074,1154.61,959.33,47.83,118.63,0.9753,-1,-1,-1
808,834,284.27,763.61,78.29,117.15,0.9723,-1,-1,-1
808,1037,981.5,398.43,47.85,63.55,0.9709,-1,-1,-1
808,843,171.27,469.9,42.34,84.11,0.9681,-1,-1,-1
808,1038,476.64,390.29,33.59,71.62,0.9631,-1,-1,-1
808,1067,477.07,243.52,35.18,50.66,0.9626,-1,-1,-1
808,849,760.06,518.67,41.27,78.65,0.9602,-1,-1,-1
808,1073,509.24,510.95,43.51,77.4,0.9588,-1,-1,-1
808,845,451.05,601.68,30.22,100.53,0.9552,-1,-1,-1
808,989,1221.56,450.52,30.46,73.23,0.9494,-1,-1,-1
808,995,746.62,473.25,32.47,74.0,0.9492,-1,-1,-1
808,970,1216.67,350.8,24.26,67.72,0.9487,-1,-1,-1
808,1071,974.22,473.37,48.22,71.99,0.9312,-1,-1,-1
808,1041,914.75,500.53,58.74,46.33,0.9298,-1,-1,-1
808,1075,964.86,523.83,19.2,22.85,0.5789,-1,-1,-1
809,834,286.76,764.84,77.89,112.21,0.9769,-1,-1,-1
809,1036,1592.0,800.98,49.89,111.53,0.9762,-1,-1,-1
809,1074,1155.74,958.74,47.66,118.72,0.9747,-1,-1,-1
809,849,760.08,514.91,41.86,79.46,0.9635,-1,-1,-1
809,843,174.26,471.06,33.83,84.12,0.9627,-1,-1,-1
809,1037,988.96,397.2,41.79,64.91,0.9623,-1,-1,-1
809,1038,476.37,389.92,29.81,71.96,0.9592,-1,-1,-1
809,845,446.71,597.92,34.32,104.52,0.9588,-1,-1,-1
809,1073,505.13,517.14,44.34,70.38,0.9578,-1,-1,-1
809,1067,477.36,243.03,34.74,51.38,0.9547,-1,-1,-1
809,989,1223.65,449.34,35.39,72.05,0.9547,-1,-1,-1
809,970,1218.65,350.7,25.02,69.32,0.9518,-1,-1,-1
809,995,744.46,471.11,31.7,69.53,0.9443,-1,-1,-1
809,1071,966.67,472.57,52.32,73.14,0.9341,-1,-1,-1
809,1041,913.03,503.96,48.48,43.22,0.9048,-1,-1,-1
809,1075,952.25,521.69,26.46,25.09,0.7569,-1,-1,-1
810,834,286.81,764.86,77.86,112.17,0.977,-1,-1,-1
810,1036,1591.98,801.03,49.9,111.48,0.9762,-1,-1,-1
810,1074,1155.7,958.17,47.98,118.98,0.9745,-1,-1,-1
810,849,760.32,514.72,41.56,79.75,0.9629,-1,-1,-1
810,843,174.24,471.15,33.82,84.07,0.9627,-1,-1,-1
810,1037,989.02,397.21,41.73,64.89,0.9622,-1,-1,-1
810,1038,476.29,389.9,29.9,72.07,0.9594,-1,-1,-1
810,845,446.73,597.92,34.3,104.46,0.9588,-1,-1,-1
810,1073,505.16,517.06,44.2,70.54,0.9579,-1,-1,-1
810,1067,477.46,242.98,34.64,51.35,0.9551,-1,-1,-1
810,989,1223.67,449.37,35.32,72.0,0.9544,-1,-1,-1
810,970,1218.65,350.7,25.0,69.35,0.9519,-1,-1,-1
810,995,744.39,471.09,31.92,70.33,0.9442,-1,-1,-1
810,1071,965.98,472.6,52.96,73.13,0.9346,-1,-1,-1
810,1041,913.04,503.97,48.43,43.26,0.9035,-1,-1,-1
810,1075,952.08,521.76,26.57,24.97,0.7655,-1,-1,-1
811,834,291.61,767.23,69.22,109.06,0.9791,-1,-1,-1
811,1036,1599.91,802.5,45.91,107.32,0.9783,-1,-1,-1
811,1074,1157.04,958.31,47.87,120.8,0.975,-1,-1,-1
811,845,443.97,594.33,37.53,105.68,0.9677,-1,-1,-1
811,1037,1000.05,396.57,33.68,65.35,0.9662,-1,-1,-1
811,989,1227.32,451.37,38.54,71.03,0.9653,-1,-1,-1
811,1073,500.95,514.92,47.79,73.74,0.9626,-1,-1,-1
811,1038,476.55,389.59,26.96,73.08,0.9596,-1,-1,-1
811,843,178.39,470.92,28.51,84.81,0.9593,-1,-1,-1
811,849,767.38,509.35,43.92,76.77,0.9592,-1,-1,-1
811,970,1219.73,351.29,27.01,71.13,0.955,-1,-1,-1
811,1067,480.29,242.5,36.67,52.0,0.9542,-1,-1,-1
811,1041,908.72,507.33,45.12,40.0,0.954,-1,-1,-1
811,995,743.05,470.64,34.4,66.38,0.9526,-1,-1,-1
811,1071,953.48,472.36,61.06,72.28,0.9491,-1,-1,-1
811,1075,950.52,525.73,24.6,19.61,0.7478,-1,-1,-1
812,1036,1607.38,804.69,42.3,105.74,0.9758,-1,-1,-1
812,834,299.65,769.03,62.9,110.24,0.9758,-1,-1,-1
812,1074,1156.56,959.27,51.34,119.68,0.9748,-1,-1,-1
812,845,440.92,593.38,38.99,104.33,0.9695,-1,-1,-1
812,989,1231.04,452.73,39.34,73.64,0.9627,-1,-1,-1
812,1037,1001.55,395.56,35.93,66.55,0.9598,-1,-1,-1
812,843,177.53,470.53,29.62,84.52,0.9588,-1,-1,-1
812,1067,483.87,242.81,35.29,50.55,0.9576,-1,-1,-1
812,1041,904.06,508.03,48.5,39.8,0.9563,-1,-1,-1
812,1038,478.16,389.62,23.98,73.34,0.9562,-1,-1,-1
812,970,1222.47,352.71,27.51,69.48,0.956,-1,-1,-1
812,995,741.05,468.58,35.51,63.0,0.9459,-1,-1,-1
812,1073,498.7,513.99,45.02,75.15,0.9457,-1,-1,-1
812,1071,950.31,472.76,60.49,70.72,0.9387,-1,-1,-1
812,849,769.82,510.3,37.54,66.29,0.9246,-1,-1,-1
812,1075,949.67,524.62,24.32,22.31,0.7821,-1,-1,-1
813,1036,1613.51,805.08,41.57,106.68,0.9701,-1,-1,-1
813,834,311.77,769.92,57.71,111.51,0.9699,-1,-1,-1
813,845,438.61,595.06,39.64,99.53,0.9691,-1,-1,-1
813,1037,1001.94,394.16,38.57,68.47,0.9686,-1,-1,-1
813,843,172.97,470.0,36.83,85.03,0.9663,-1,-1,-1
813,970,1225.87,353.15,33.37,68.7,0.9631,-1,-1,-1
813,989,1234.97,454.1,41.57,72.18,0.9628,-1,-1,-1
813,1067,483.16,240.92,37.14,50.92,0.956,-1,-1,-1
813,995,740.98,466.56,33.58,68.41,0.9559,-1,-1,-1
813,1038,477.23,390.28,23.97,73.56,0.9556,-1,-1,-1
813,849,772.88,501.12,42.68,74.91,0.953,-1,-1,-1
813,1074,1157.16,959.68,54.4,120.03,0.935,-1,-1,-1
813,1071,952.62,473.43,58.25,68.03,0.9319,-1,-1,-1
813,1041,900.31,508.68,50.34,39.7,0.927,-1,-1,-1
813,1073,499.86,524.75,39.38,64.85,0.9092,-1,-1,-1
813,1075,949.09,523.12,24.59,23.72,0.7309,-1,-1,-1
814,1036,1619.21,804.31,41.76,109.55,0.9758,-1,-1,-1
814,834,320.75,768.56,50.63,113.96,0.9753,-1,-1,-1
814,1037,1004.1,392.98,41.89,68.76,0.9731,-1,-1,-1
814,843,168.43,468.09,47.35,88.79,0.9713,-1,-1,-1
814,970,1228.88,353.95,37.0,68.07,0.965,-1,-1,-1
814,845,438.36,595.03,37.78,98.71,0.9648,-1,-1,-1
814,1071,949.9,473.7,57.85,72.84,0.9615,-1,-1,-1
814,1067,480.64,239.33,39.26,51.92,0.9595,-1,-1,-1
814,1038,473.81,392.19,27.16,71.43,0.9585,-1,-1,-1
814,995,739.56,465.53,35.53,71.3,0.9504,-1,-1,-1
814,849,772.4,500.7,40.19,74.41,0.9496,-1,-1,-1
814,1041,896.81,507.76,48.05,40.68,0.9468,-1,-1,-1
814,989,1240.5,456.56,38.7,70.03,0.9399,-1,-1,-1
814,1074,1159.88,957.35,53.57,121.33,0.9357,-1,-1,-1
814,1073,499.44,521.91,42.59,69.56,0.8749,-1,-1,-1
814,1076,526.2,511.91,18.81,46.05,0.7566,-1,-1,-1
814,1075,949.64,528.11,22.0,19.12,0.4765,-1,-1,-1
815,834,320.14,765.27,55.37,118.96,0.9763,-1,-1,-1
815,1036,1622.95,801.76,44.15,111.78,0.9758,-1,-1,-1
815,1074,1166.02,953.97,49.89,121.55,0.9745,-1,-1,-1
815,843,163.93,468.15,53.74,87.72,0.9728,-1,-1,-1
815,1037,1007.36,392.09,42.28,69.41,0.9726,-1,-1,-1
815,970,1232.22,353.2,36.41,69.0,0.9676,-1,-1,-1
815,849,771.41,495.41,40.52,78.57,0.9646,-1,-1,-1
815,845,438.15,595.49,37.52,95.88,0.9643,-1,-1,-1
815,1067,480.3,238.98,39.76,51.17,0.962,-1,-1,-1
815,1038,469.91,394.2,30.41,70.78,0.959,-1,-1,-1
815,995,735.06,462.08,38.18,74.58,0.9563,-1,-1,-1
815,989,1243.25,453.26,39.38,73.74,0.9548,-1,-1,-1
815,1071,949.23,474.56,53.21,73.28,0.9523,-1,-1,-1
815,1041,894.26,507.93,60.76,41.05,0.9252,-1,-1,-1
815,1076,525.89,512.44,26.21,45.05,0.8735,-1,-1,-1
815,1073,502.44,524.38,34.71,63.13,0.8581,-1,-1,-1
816,834,320.1,765.28,55.4,119.02,0.9763,-1,-1,-1
816,1036,1622.96,801.82,44.13,111.8,0.9758,-1,-1,-1
816,1074,1166.06,953.95,49.87,121.85,0.974,-1,-1,-1
816,843,163.94,468.15,53.81,87.74,0.9728,-1,-1,-1
816,1037,1007.38,392.1,42.25,69.37,0.9725,-1,-1,-1
816,970,1232.2,353.23,36.4,68.98,0.9675,-1,-1,-1
816,849,771.43,495.65,40.5,78.27,0.965,-1,-1,-1
816,845,438.13,595.49,37.52,95.86,0.9642,-1,-1,-1
816,1067,480.36,238.96,39.65,51.15,0.9618,-1,-1,-1
816,1038,469.77,394.2,30.59,70.8,0.9593,-1,-1,-1
816,989,1243.1,452.67,39.54,74.27,0.9578,-1,-1,-1
816,995,735.07,462.12,38.12,74.49,0.9566,-1,-1,-1
816,1071,949.25,474.57,53.18,73.28,0.9523,-1,-1,-1
816,1041,894.3,507.93,60.66,41.03,0.9241,-1,-1,-1
816,1076,525.84,512.59,26.18,45.32,0.8734,-1,-1,-1
816,1073,502.53,524.38,34.46,63.09,0.8498,-1,-1,-1
817,1036,1625.56,799.58,47.48,114.81,0.9805,-1,-1,-1
817,834,318.31,762.96,59.38,123.83,0.977,-1,-1,-1
817,1074,1170.48,950.7,47.21,122.79,0.9751,-1,-1,-1
817,843,160.98,468.89,55.82,86.76,0.975,-1,-1,-1
817,970,1232.88,352.45,36.73,69.73,0.968,-1,-1,-1
817,1038,464.76,395.24,36.1,70.58,0.9667,-1,-1,-1
817,845,439.58,594.78,36.6,96.54,0.9661,-1,-1,-1
817,995,732.07,458.01,39.46,78.11,0.965,-1,-1,-1
817,989,1245.69,452.07,39.62,74.52,0.9647,-1,-1,-1
817,1037,1013.14,392.56,39.26,68.77,0.9629,-1,-1,-1
817,1067,479.92,238.75,39.19,51.93,0.9598,-1,-1,-1
817,849,773.13,490.69,38.91,80.67,0.9585,-1,-1,-1
817,1071,949.91,473.63,47.56,74.07,0.9575,-1,-1,-1
817,1073,504.45,516.38,49.96,75.7,0.9419,-1,-1,-1
817,1041,892.75,507.26,49.03,42.75,0.9415,-1,-1,-1
818,834,316.53,761.03,66.2,126.75,0.9775,-1,-1,-1
818,1074,1173.67,948.34,46.63,128.96,0.9746,-1,-1,-1
818,1036,1627.64,798.6,52.56,116.24,0.9744,-1,-1,-1
818,843,161.3,469.33,51.15,86.53,0.9727,-1,-1,-1
818,989,1246.75,450.63,40.41,74.18,0.9706,-1,-1,-1
818,1038,460.56,396.12,38.4,70.45,0.9692,-1,-1,-1
818,970,1231.52,351.05,38.44,70.44,0.9676,-1,-1,-1
818,845,439.81,592.12,37.63,99.88,0.9666,-1,-1,-1
818,995,728.98,454.23,39.77,82.33,0.9639,-1,-1,-1
818,849,777.75,490.48,35.05,69.92,0.9624,-1,-1,-1
818,1073,499.8,515.55,54.44,78.43,0.9616,-1,-1,-1
818,1067,481.78,238.66,37.78,53.18,0.9589,-1,-1,-1
818,1071,947.39,471.12,29.83,77.97,0.9499,-1,-1,-1
818,1041,891.18,506.47,49.97,43.98,0.9268,-1,-1,-1
818,1037,1025.46,392.7,28.99,68.81,0.9199,-1,-1,-1
819,834,316.64,760.0,75.51,122.75,0.9782,-1,-1,-1
819,1036,1631.33,798.69,55.67,113.95,0.9729,-1,-1,-1
819,1074,1174.24,947.92,48.26,129.92,0.9719,-1,-1,-1
819,843,163.55,470.08,41.64,86.98,0.9708,-1,-1,-1
819,1038,457.06,397.12,41.0,70.88,0.9695,-1,-1,-1
819,845,437.88,589.96,39.25,102.82,0.9668,-1,-1,-1
819,970,1231.36,351.2,38.86,69.85,0.9662,-1,-1,-1
819,989,1251.23,448.46,35.99,75.2,0.9662,-1,-1,-1
819,1073,494.51,520.12,54.75,76.25,0.9602,-1,-1,-1
819,849,779.04,491.55,33.92,65.83,0.9588,-1,-1,-1
819,995,725.28,452.02,43.08,78.06,0.9513,-1,-1,-1
819,1071,944.53,468.31,30.63,81.17,0.9473,-1,-1,-1
819,1037,1033.23,392.18,25.45,69.58,0.9458,-1,-1,-1
819,1067,487.84,239.14,32.66,51.96,0.9407,-1,-1,-1
819,1041,889.35,506.14,52.51,44.92,0.9195,-1,-1,-1
820,834,319.8,762.01,75.47,115.25,0.9768,-1,-1,-1
820,1036,1635.05,799.5,60.39,110.13,0.9727,-1,-1,-1
820,1073,492.36,515.37,59.66,82.75,0.9705,-1,-1,-1
820,1074,1174.52,948.03,48.7,129.57,0.9703,-1,-1,-1
820,1038,455.02,398.82,42.87,70.51,0.9672,-1,-1,-1
820,845,436.01,585.94,41.63,106.74,0.9641,-1,-1,-1
820,843,167.06,470.65,36.5,86.01,0.9625,-1,-1,-1
820,989,1254.84,444.55,33.01,76.51,0.9605,-1,-1,-1
820,970,1235.75,350.75,35.13,70.08,0.9602,-1,-1,-1
820,1037,1032.04,391.23,32.63,70.78,0.9601,-1,-1,-1
820,995,723.2,449.56,41.17,79.49,0.9595,-1,-1,-1
820,1071,941.19,465.43,29.04,79.09,0.9548,-1,-1,-1
820,849,771.57,488.77,39.94,69.55,0.9518,-1,-1,-1
820,1067,494.96,238.47,29.81,52.05,0.9475,-1,-1,-1
820,1041,887.91,504.75,46.45,47.89,0.9299,-1,-1,-1
821,1036,1640.5,800.38,61.63,109.06,0.9729,-1,-1,-1
821,1037,1031.13,390.44,41.7,71.5,0.9709,-1,-1,-1
821,1073,490.52,517.01,59.26,83.12,0.9695,-1,-1,-1
821,1074,1174.01,949.78,49.33,127.47,0.9691,-1,-1,-1
821,834,326.5,763.55,67.1,113.49,0.9691,-1,-1,-1
821,995,721.46,448.62,42.52,77.51,0.9675,-1,-1,-1
821,1038,456.59,399.84,40.1,70.11,0.9654,-1,-1,-1
821,845,434.5,585.93,42.42,105.5,0.9636,-1,-1,-1
821,843,171.49,470.45,33.0,86.57,0.9602,-1,-1,-1
821,970,1242.15,349.2,31.02,71.75,0.9558,-1,-1,-1
821,1071,938.28,464.76,26.56,72.47,0.9557,-1,-1,-1
821,849,780.5,482.92,28.9,75.06,0.9551,-1,-1,-1
821,1067,491.08,237.22,37.26,53.06,0.9546,-1,-1,-1
821,1041,886.77,503.54,47.36,50.26,0.9529,-1,-1,-1
821,989,1258.5,443.2,28.52,76.47,0.9489,-1,-1,-1
822,1036,1640.5,800.38,61.61,109.07,0.9729,-1,-1,-1
822,1037,1031.14,390.42,41.49,71.47,0.9705,-1,-1,-1
822,1073,490.6,516.95,59.23,83.26,0.9696,-1,-1,-1
822,1074,1174.02,949.77,49.33,127.48,0.9691,-1,-1,-1
822,834,326.51,763.55,67.1,113.5,0.9691,-1,-1,-1
822,995,721.46,448.6,42.52,77.64,0.9676,-1,-1,-1
822,1038,456.52,399.83,40.15,70.11,0.9658,-1,-1,-1
822,845,434.5,585.93,42.41,105.44,0.9637,-1,-1,-1
822,843,171.49,470.42,33.14,86.6,0.9605,-1,-1,-1
822,970,1242.15,349.2,31.02,71.75,0.9558,-1,-1,-1
822,1071,938.27,464.78,26.58,72.42,0.9558,-1,-1,-1
822,1067,491.08,237.24,37.28,53.04,0.9544,-1,-1,-1
822,849,780.4,482.94,28.98,75.0,0.9539,-1,-1,-1
822,1041,886.77,503.48,47.33,50.33,0.953,-1,-1,-1
822,989,1258.49,443.19,28.53,76.46,0.9489,-1,-1,-1
823,834,337.35,764.96,56.86,114.86,0.974,-1,-1,-1
823,1037,1033.01,389.06,49.6,73.63,0.9697,-1,-1,-1
823,1036,1649.63,801.34,59.57,110.43,0.9693,-1,-1,-1
823,1073,491.36,517.47,56.77,84.04,0.9678,-1,-1,-1
823,1038,458.63,400.59,37.69,70.1,0.9641,-1,-1,-1
823,995,721.11,448.28,41.08,77.64,0.9635,-1,-1,-1
823,843,172.02,469.14,33.2,89.18,0.9613,-1,-1,-1
823,1067,489.96,236.11,39.66,53.8,0.9599,-1,-1,-1
823,845,435.03,584.28,41.49,106.2,0.9594,-1,-1,-1
823,1041,885.77,504.12,42.07,49.98,0.9555,-1,-1,-1
823,989,1260.76,441.93,26.34,76.73,0.9529,-1,-1,-1
823,970,1247.04,347.48,28.76,73.6,0.94,-1,-1,-1
823,1071,933.08,463.95,26.06,72.83,0.9366,-1,-1,-1
823,1074,1175.02,950.8,47.67,127.95,0.9362,-1,-1,-1
823,849,777.1,478.39,30.19,79.36,0.9258,-1,-1,-1
824,1036,1661.06,799.37,52.22,113.0,0.978,-1,-1,-1
824,834,352.58,765.45,45.2,116.35,0.978,-1,-1,-1
824,1074,1175.84,950.19,49.07,128.1,0.9728,-1,-1,-1
824,1037,1036.76,388.55,50.83,71.47,0.9722,-1,-1,-1
824,1067,490.04,235.09,42.34,52.82,0.9683,-1,-1,-1
824,995,720.38,447.96,38.98,76.21,0.9644,-1,-1,-1
824,843,167.31,468.31,37.67,91.56,0.9636,-1,-1,-1
824,1038,461.81,400.66,34.19,70.39,0.9598,-1,-1,-1
824,1041,882.68,503.16,43.73,51.84,0.954,-1,-1,-1
824,845,434.86,585.18,39.96,101.15,0.9505,-1,-1,-1
824,989,1263.68,441.11,25.83,77.78,0.9465,-1,-1,-1
824,970,1252.21,346.09,26.31,74.1,0.9463,-1,-1,-1
824,849,780.47,474.9,28.65,75.76,0.9423,-1,-1,-1
824,1073,495.33,523.67,51.32,78.93,0.9337,-1,-1,-1
824,1071,928.42,462.12,28.07,75.28,0.9268,-1,-1,-1
825,1036,1669.37,797.48,48.42,116.23,0.9755,-1,-1,-1
825,1074,1177.29,948.56,50.74,129.39,0.9745,-1,-1,-1
825,1037,1042.91,388.71,44.9,72.51,0.9734,-1,-1,-1
825,834,359.1,763.93,42.4,117.43,0.9724,-1,-1,-1
825,843,164.76,465.71,41.66,94.94,0.9683,-1,-1,-1
825,1038,458.29,399.24,38.1,71.76,0.968,-1,-1,-1
825,845,434.75,586.65,38.48,96.89,0.9634,-1,-1,-1
825,1067,492.98,235.12,41.41,52.72,0.9614,-1,-1,-1
825,970,1256.61,343.68,24.99,74.69,0.9571,-1,-1,-1
825,1071,915.38,458.21,37.03,80.26,0.9564,-1,-1,-1
825,849,775.84,470.73,38.62,68.25,0.956,-1,-1,-1
825,995,720.38,448.66,35.95,73.61,0.9534,-1,-1,-1
825,1041,879.14,500.47,44.26,56.18,0.9525,-1,-1,-1
825,1073,501.94,519.97,46.4,84.65,0.9514,-1,-1,-1
825,989,1267.17,442.2,25.02,74.59,0.9462,-1,-1,-1
826,1036,1676.02,795.17,46.86,120.41,0.9777,-1,-1,-1
826,1074,1177.33,946.98,53.82,130.63,0.9754,-1,-1,-1
826,843,162.78,465.72,47.97,94.51,0.9734,-1,-1,-1
826,834,355.73,760.48,52.98,122.16,0.9732,-1,-1,-1
826,1038,455.24,398.49,42.24,74.14,0.9702,-1,-1,-1
826,1037,1053.1,387.57,35.41,73.78,0.9677,-1,-1,-1
826,849,775.92,467.24,40.14,64.94,0.9666,-1,-1,-1
826,845,434.55,586.7,38.38,97.08,0.9625,-1,-1,-1
826,1067,498.17,234.31,39.01,54.17,0.9572,-1,-1,-1
826,1041,876.93,497.5,45.7,61.48,0.9554,-1,-1,-1
826,970,1258.98,343.45,27.81,74.12,0.9552,-1,-1,-1
826,995,719.33,448.3,34.85,72.3,0.9509,-1,-1,-1
826,989,1268.6,438.87,26.64,75.96,0.9479,-1,-1,-1
826,1071,911.05,454.61,37.44,83.86,0.9448,-1,-1,-1
826,1073,510.65,526.94,37.98,77.82,0.9441,-1,-1,-1
827,1074,1176.93,946.16,59.16,132.06,0.9754,-1,-1,-1
827,843,162.41,465.77,50.66,94.52,0.9743,-1,-1,-1
827,1036,1681.46,793.99,47.93,122.38,0.9736,-1,-1,-1
827,1038,453.23,396.9,45.76,76.33,0.9731,-1,-1,-1
827,834,354.58,758.45,59.02,125.28,0.9652,-1,-1,-1
827,849,777.49,465.0,39.33,67.96,0.9627,-1,-1,-1
827,1071,901.55,452.69,44.24,82.23,0.9598,-1,-1,-1
827,970,1261.85,342.56,30.91,75.14,0.9592,-1,-1,-1
827,1041,876.58,494.76,42.43,65.73,0.9561,-1,-1,-1
827,995,716.57,446.9,34.18,74.8,0.9559,-1,-1,-1
827,845,437.1,585.79,33.24,99.18,0.9536,-1,-1,-1
827,1037,1064.1,385.58,29.64,75.7,0.9526,-1,-1,-1
827,989,1267.06,438.85,30.78,75.91,0.9454,-1,-1,-1
827,1073,508.35,526.66,42.41,78.75,0.9441,-1,-1,-1
827,1067,508.33,234.06,31.27,54.45,0.9432,-1,-1,-1
828,1074,1176.89,946.07,59.19,132.13,0.9752,-1,-1,-1
828,843,162.47,465.78,50.54,94.49,0.9743,-1,-1,-1
828,1036,1681.43,793.94,47.95,122.57,0.9736,-1,-1,-1
828,1038,453.21,396.89,45.86,76.33,0.973,-1,-1,-1
828,834,354.57,758.31,59.02,125.39,0.965,-1,-1,-1
828,849,777.13,464.82,39.69,68.18,0.9626,-1,-1,-1
828,1071,901.72,452.64,44.11,82.3,0.9587,-1,-1,-1
828,970,1262.1,342.6,30.81,75.11,0.9585,-1,-1,-1
828,995,716.52,446.85,34.2,74.77,0.9564,-1,-1,-1
828,1041,876.68,494.72,42.25,65.87,0.9562,-1,-1,-1
828,845,437.06,585.86,33.27,99.13,0.9533,-1,-1,-1
828,1037,1064.22,385.59,29.56,75.47,0.9526,-1,-1,-1
828,1073,508.27,526.29,42.72,79.16,0.9459,-1,-1,-1
828,989,1266.93,438.85,30.94,75.96,0.9458,-1,-1,-1
828,1067,508.39,234.04,31.43,54.49,0.9452,-1,-1,-1
829,1036,1686.13,792.72,48.92,122.68,0.9782,-1,-1,-1
829,1038,451.99,397.76,47.73,75.47,0.9732,-1,-1,-1
829,843,163.54,466.81,47.62,93.38,0.9731,-1,-1,-1
829,834,353.68,757.1,71.76,124.63,0.9722,-1,-1,-1
829,1074,1177.32,944.18,63.12,133.19,0.9711,-1,-1,-1
829,849,774.72,460.48,41.13,72.14,0.9676,-1,-1,-1
829,1073,504.57,522.39,50.05,85.64,0.9617,-1,-1,-1
829,970,1265.45,343.94,32.1,73.96,0.9607,-1,-1,-1
829,1041,877.31,490.63,42.23,70.57,0.9589,-1,-1,-1
829,1071,902.37,450.18,38.55,79.13,0.9588,-1,-1,-1
829,845,437.28,582.29,31.97,102.65,0.9587,-1,-1,-1
829,1067,510.98,232.6,34.81,54.33,0.9545,-1,-1,-1
829,1037,1072.22,384.2,26.0,76.23,0.9537,-1,-1,-1
829,995,713.4,444.52,34.12,76.18,0.9518,-1,-1,-1
829,989,1266.12,441.73,35.2,71.88,0.9484,-1,-1,-1
830,834,353.9,756.62,77.23,120.1,0.9765,-1,-1,-1
830,1036,1691.19,794.08,49.63,120.32,0.9751,-1,-1,-1
830,1074,1179.72,944.58,63.88,132.47,0.9706,-1,-1,-1
830,1038,452.13,398.08,47.58,76.28,0.9702,-1,-1,-1
830,843,166.14,467.29,40.73,93.52,0.968,-1,-1,-1
830,845,432.83,579.34,35.58,105.89,0.9679,-1,-1,-1
830,1073,503.3,525.63,55.42,83.56,0.9669,-1,-1,-1
830,849,772.9,456.63,42.49,75.01,0.9668,-1,-1,-1
830,1067,508.65,230.18,39.25,55.82,0.9614,-1,-1,-1
830,995,707.75,441.98,35.97,76.81,0.9609,-1,-1,-1
830,1041,875.73,486.21,43.82,74.34,0.959,-1,-1,-1
830,1037,1075.16,382.47,27.64,78.65,0.9588,-1,-1,-1
830,989,1263.28,439.02,40.55,72.48,0.958,-1,-1,-1
830,970,1267.36,344.28,34.97,74.06,0.9554,-1,-1,-1
830,1071,903.52,449.03,31.83,76.78,0.9419,-1,-1,-1
831,1036,1698.03,795.56,46.6,115.96,0.978,-1,-1,-1
831,1074,1183.22,945.76,64.62,131.99,0.9746,-1,-1,-1
831,1038,453.79,398.28,46.2,76.59,0.9722,-1,-1,-1
831,845,430.2,578.33,42.01,107.54,0.9719,-1,-1,-1
831,1073,504.94,524.2,56.15,85.97,0.9714,-1,-1,-1
831,834,358.54,756.57,75.9,115.76,0.9682,-1,-1,-1
831,1067,507.69,228.32,42.26,56.51,0.9651,-1,-1,-1
831,989,1262.9,436.11,43.77,74.52,0.9647,-1,-1,-1
831,995,702.87,439.51,37.27,77.95,0.9611,-1,-1,-1
831,849,770.45,456.23,46.2,72.1,0.9589,-1,-1,-1
831,1041,874.82,480.86,46.26,78.03,0.9573,-1,-1,-1
831,843,171.07,468.77,27.18,91.0,0.9523,-1,-1,-1
831,1071,901.64,446.32,28.6,72.07,0.9476,-1,-1,-1
831,1037,1077.26,381.67,29.67,78.59,0.9467,-1,-1,-1
831,970,1271.29,345.86,35.26,72.12,0.9445,-1,-1,-1
832,845,426.91,577.1,49.13,107.69,0.9776,-1,-1,-1
832,834,362.91,758.08,67.98,115.71,0.9734,-1,-1,-1
832,1067,507.85,227.46,46.09,56.43,0.9729,-1,-1,-1
832,1074,1189.42,946.58,63.41,129.79,0.9701,-1,-1,-1
832,1036,1704.77,797.8,42.47,112.42,0.97,-1,-1,-1
832,1073,507.4,523.14,55.56,88.5,0.9697,-1,-1,-1
832,995,697.48,436.93,39.63,78.81,0.9682,-1,-1,-1
832,1038,458.88,398.96,41.49,75.46,0.9678,-1,-1,-1
832,849,771.26,453.48,42.55,69.84,0.9635,-1,-1,-1
832,989,1264.69,434.04,42.48,74.35,0.9612,-1,-1,-1
832,970,1273.48,345.51,35.86,71.81,0.9599,-1,-1,-1
832,1037,1082.22,380.78,28.36,78.21,0.9561,-1,-1,-1
832,843,171.54,468.9,27.07,90.31,0.9553,-1,-1,-1
832,1041,877.7,479.94,41.29,77.43,0.9402,-1,-1,-1
832,1071,897.33,444.11,28.78,65.59,0.933,-1,-1,-1
833,845,423.18,576.58,54.12,106.5,0.9757,-1,-1,-1
833,1036,1708.41,797.23,43.76,113.4,0.9731,-1,-1,-1
833,834,372.48,759.91,63.2,115.86,0.9727,-1,-1,-1
833,1074,1203.39,945.87,56.18,131.93,0.9696,-1,-1,-1
833,1067,511.04,227.51,43.06,56.05,0.9695,-1,-1,-1
833,849,769.83,450.47,42.5,68.04,0.9681,-1,-1,-1
833,995,692.46,434.32,42.73,80.26,0.9664,-1,-1,-1
833,1038,464.66,399.62,35.58,76.09,0.965,-1,-1,-1
833,989,1266.65,427.46,41.6,81.62,0.9636,-1,-1,-1
833,970,1274.36,342.59,36.44,74.81,0.9616,-1,-1,-1
833,1073,513.54,532.27,48.17,79.69,0.9614,-1,-1,-1
833,843,168.72,467.36,32.24,92.22,0.9595,-1,-1,-1
833,1037,1083.38,379.95,31.36,78.71,0.9586,-1,-1,-1
833,1071,893.85,440.65,28.02,60.66,0.9228,-1,-1,-1
833,1041,879.98,478.7,39.16,77.79,0.8954,-1,-1,-1
833,1076,545.42,520.92,18.64,49.49,0.486,-1,-1,-1
834,845,423.21,576.56,54.09,106.51,0.9757,-1,-1,-1
834,1036,1708.44,797.25,43.71,113.42,0.973,-1,-1,-1
834,834,372.62,760.1,63.22,115.67,0.9727,-1,-1,-1
834,1067,511.04,227.52,43.07,56.05,0.9695,-1,-1,-1
834,1074,1203.22,945.87,56.25,131.75,0.9695,-1,-1,-1
834,849,769.81,450.46,42.52,68.03,0.9681,-1,-1,-1
834,995,692.46,434.3,42.74,80.16,0.9665,-1,-1,-1
834,1038,464.69,399.61,35.61,76.09,0.9652,-1,-1,-1
834,989,1266.74,427.31,41.57,81.8,0.9636,-1,-1,-1
834,1073,513.48,532.68,48.16,79.31,0.962,-1,-1,-1
834,970,1274.41,342.52,36.46,74.87,0.9618,-1,-1,-1
834,843,168.62,467.35,32.34,92.19,0.9593,-1,-1,-1
834,1037,1083.32,380.0,31.39,79.04,0.9583,-1,-1,-1
834,1071,893.92,440.64,27.92,60.43,0.9215,-1,-1,-1
834,1041,879.79,478.65,39.67,77.88,0.9135,-1,-1,-1
834,1076,545.4,520.73,18.74,49.44,0.5664,-1,-1,-1
835,1036,1714.4,795.68,42.2,115.9,0.9762,-1,-1,-1
835,843,162.03,465.59,45.91,94.39,0.9746,-1,-1,-1
835,845,422.14,576.55,53.96,102.54,0.9746,-1,-1,-1
835,1074,1209.92,943.37,54.05,133.23,0.9709,-1,-1,-1
835,849,768.89,446.58,40.64,69.51,0.9686,-1,-1,-1
835,1038,463.36,399.12,38.43,76.53,0.9685,-1,-1,-1
835,995,683.03,432.71,52.94,79.72,0.9681,-1,-1,-1
835,989,1268.76,422.37,40.19,86.64,0.967,-1,-1,-1
835,970,1273.74,341.07,39.42,74.57,0.9649,-1,-1,-1
835,834,383.61,759.31,54.99,117.73,0.9631,-1,-1,-1
835,1037,1087.0,381.6,31.48,77.7,0.957,-1,-1,-1
835,1067,518.52,226.44,33.3,57.03,0.9562,-1,-1,-1
835,1073,522.59,529.87,39.23,83.17,0.9245,-1,-1,-1
835,1041,882.14,479.6,36.85,77.05,0.8798,-1,-1,-1
835,1071,890.08,436.84,30.62,63.77,0.8767,-1,-1,-1
835,1076,549.92,520.56,15.49,44.64,0.3202,-1,-1,-1
836,845,422.83,576.74,48.55,100.2,0.9776,-1,-1,-1
836,834,390.86,757.25,50.17,120.32,0.9741,-1,-1,-1
836,843,155.32,463.69,55.4,96.82,0.9736,-1,-1,-1
836,1036,1719.31,793.78,41.44,118.14,0.9721,-1,-1,-1
836,1038,459.3,397.83,45.66,80.09,0.972,-1,-1,-1
836,1074,1212.58,941.55,55.58,133.49,0.9716,-1,-1,-1
836,849,763.06,443.5,42.89,71.53,0.9704,-1,-1,-1
836,989,1271.95,417.86,38.66,86.16,0.9684,-1,-1,-1
836,995,675.01,430.75,58.89,76.33,0.9683,-1,-1,-1
836,970,1276.9,339.41,36.96,74.21,0.9603,-1,-1,-1
836,1037,1089.09,381.91,35.9,76.6,0.9588,-1,-1,-1
836,1041,882.17,478.79,38.45,78.8,0.9481,-1,-1,-1
836,1067,526.45,224.88,29.06,57.75,0.9357,-1,-1,-1
836,1071,887.89,433.88,30.61,59.96,0.8615,-1,-1,-1
836,1073,536.7,523.93,30.43,73.67,0.8402,-1,-1,-1
837,845,424.52,576.17,46.81,100.74,0.9771,-1,-1,-1
837,1074,1212.7,940.06,60.06,136.52,0.9745,-1,-1,-1
837,843,151.47,461.79,59.44,98.68,0.9742,-1,-1,-1
837,1038,456.83,398.01,52.07,79.58,0.974,-1,-1,-1
837,834,390.18,752.57,53.45,127.29,0.9738,-1,-1,-1
837,1036,1723.44,789.89,42.92,122.64,0.9735,-1,-1,-1
837,1037,1092.58,382.19,42.78,75.94,0.9692,-1,-1,-1
837,849,756.9,439.9,45.0,74.38,0.9685,-1,-1,-1
837,989,1275.34,416.93,35.99,84.43,0.9683,-1,-1,-1
837,995,671.97,429.36,60.88,68.67,0.9679,-1,-1,-1
837,1073,530.76,523.87,42.79,90.77,0.9563,-1,-1,-1
837,1041,881.04,475.45,39.5,82.47,0.9555,-1,-1,-1
837,970,1279.21,337.93,33.29,73.8,0.9547,-1,-1,-1
837,1067,529.61,222.78,30.53,58.91,0.9469,-1,-1,-1
837,1071,880.96,431.26,34.17,63.52,0.9166,-1,-1,-1
838,1036,1725.99,788.6,45.27,123.08,0.9769,-1,-1,-1
838,845,425.86,574.73,45.73,103.6,0.9767,-1,-1,-1
838,834,388.88,750.03,57.6,130.46,0.9749,-1,-1,-1
838,843,147.98,461.69,59.29,95.99,0.9726,-1,-1,-1
838,849,748.85,437.82,48.65,72.17,0.9712,-1,-1,-1
838,1073,527.49,520.31,53.54,95.24,0.9684,-1,-1,-1
838,1038,456.03,397.93,57.02,79.79,0.9682,-1,-1,-1
838,1074,1218.71,938.53,58.1,136.53,0.968,-1,-1,-1
838,1037,1096.53,382.25,41.76,75.45,0.967,-1,-1,-1
838,1071,872.56,428.97,39.45,79.41,0.9652,-1,-1,-1
838,1067,526.79,220.94,36.74,59.29,0.9632,-1,-1,-1
838,995,668.65,430.53,61.7,70.32,0.9603,-1,-1,-1
838,989,1278.1,416.26,34.15,81.34,0.9574,-1,-1,-1
838,1041,883.19,477.21,37.09,80.75,0.9548,-1,-1,-1
838,970,1279.24,335.57,32.01,74.94,0.9408,-1,-1,-1
839,1036,1729.82,787.4,48.62,124.49,0.9768,-1,-1,-1
839,834,386.01,748.73,65.33,132.32,0.9755,-1,-1,-1
839,845,425.27,571.14,45.17,105.85,0.973,-1,-1,-1
839,843,148.99,462.63,51.22,90.82,0.9725,-1,-1,-1
839,1074,1223.22,939.14,55.33,135.69,0.9721,-1,-1,-1
839,1073,528.62,516.94,54.32,99.93,0.9714,-1,-1,-1
839,1038,457.7,397.19,55.36,79.66,0.9688,-1,-1,-1
839,995,657.17,430.07,64.46,71.52,0.9681,-1,-1,-1
839,1037,1101.05,381.08,36.91,73.47,0.9677,-1,-1,-1
839,849,741.13,436.28,48.99,67.08,0.967,-1,-1,-1
839,1067,526.63,218.79,42.11,58.93,0.9647,-1,-1,-1
839,1041,884.61,475.4,37.78,81.59,0.9616,-1,-1,-1
839,1071,868.09,427.87,40.34,78.65,0.954,-1,-1,-1
839,970,1279.13,332.87,30.15,76.52,0.9428,-1,-1,-1
839,989,1280.7,418.9,32.35,76.78,0.9415,-1,-1,-1
840,1036,1729.86,787.4,48.55,124.62,0.9768,-1,-1,-1
840,834,386.05,748.71,65.32,132.38,0.9754,-1,-1,-1
840,845,425.28,571.16,45.25,105.8,0.9732,-1,-1,-1
840,1074,1223.27,939.14,55.23,135.68,0.9723,-1,-1,-1
840,843,149.01,462.64,51.21,90.83,0.9723,-1,-1,-1
840,1073,528.66,516.76,54.21,100.2,0.9715,-1,-1,-1
840,1038,457.66,397.12,55.3,79.74,0.9689,-1,-1,-1
840,995,657.14,430.02,64.38,71.66,0.968,-1,-1,-1
840,1037,1101.09,381.06,36.89,73.58,0.9678,-1,-1,-1
840,849,741.1,436.27,49.0,67.09,0.9671,-1,-1,-1
840,1067,526.64,218.78,42.23,58.95,0.9647,-1,-1,-1
840,1041,884.54,475.46,37.87,81.39,0.9616,-1,-1,-1
840,1071,868.03,427.86,40.38,78.7,0.9536,-1,-1,-1
840,970,1279.04,332.74,30.28,76.63,0.9448,-1,-1,-1
840,989,1280.66,418.94,32.4,76.73,0.9419,-1,-1,-1
841,1036,1732.05,788.49,52.07,118.72,0.979,-1,-1,-1
841,834,386.22,748.28,73.74,123.89,0.9758,-1,-1,-1
841,843,148.96,462.74,46.06,91.05,0.9733,-1,-1,-1
841,1074,1228.53,941.3,52.12,133.27,0.9729,-1,-1,-1
841,845,423.51,566.9,44.75,110.65,0.9728,-1,-1,-1
841,1071,864.96,424.57,40.37,81.85,0.9723,-1,-1,-1
841,1073,527.32,517.37,59.01,96.54,0.9706,-1,-1,-1
841,849,734.26,434.47,49.89,63.69,0.9667,-1,-1,-1
841,1067,527.47,216.4,45.53,58.59,0.966,-1,-1,-1
841,1038,461.49,396.75,48.04,80.41,0.965,-1,-1,-1
841,1041,885.05,472.44,41.76,84.78,0.9638,-1,-1,-1
841,1037,1103.46,378.94,34.73,76.58,0.9612,-1,-1,-1
841,995,649.39,431.22,62.5,66.22,0.9517,-1,-1,-1
841,989,1282.87,415.02,30.3,79.19,0.9453,-1,-1,-1
841,970,1281.76,332.03,28.67,75.07,0.9392,-1,-1,-1
842,1036,1736.77,790.26,53.96,114.85,0.9751,-1,-1,-1
842,834,391.46,748.27,70.8,118.01,0.975,-1,-1,-1
842,845,422.11,564.99,41.87,112.34,0.9719,-1,-1,-1
842,1074,1232.41,943.43,54.9,130.88,0.9702,-1,-1,-1
842,1041,882.58,472.08,47.97,84.85,0.97,-1,-1,-1
842,1071,862.49,421.58,40.01,83.36,0.9689,-1,-1,-1
842,995,644.18,430.82,56.11,66.75,0.967,-1,-1,-1
842,849,729.95,432.66,52.24,61.66,0.9663,-1,-1,-1
842,843,151.78,462.09,41.54,90.84,0.9662,-1,-1,-1
842,1073,532.17,517.8,56.76,95.52,0.9659,-1,-1,-1
842,1067,531.7,215.92,41.53,59.64,0.9584,-1,-1,-1
842,989,1285.31,411.25,28.57,82.54,0.9507,-1,-1,-1
842,1038,468.0,395.86,38.97,80.91,0.9497,-1,-1,-1
842,1037,1113.09,376.4,29.43,77.47,0.9477,-1,-1,-1
842,970,1286.39,332.73,25.21,72.06,0.9336,-1,-1,-1
843,1036,1745.0,791.17,52.28,115.5,0.9789,-1,-1,-1
843,845,419.7,562.79,41.75,113.81,0.9721,-1,-1,-1
843,1074,1232.82,943.62,61.23,133.27,0.9712,-1,-1,-1
843,834,397.24,749.55,64.74,116.56,0.9693,-1,-1,-1
843,1071,856.97,417.67,43.33,85.11,0.969,-1,-1,-1
843,1041,879.48,470.75,53.68,86.64,0.969,-1,-1,-1
843,995,649.62,428.9,46.17,66.8,0.963,-1,-1,-1
843,843,153.98,460.4,38.67,93.53,0.9605,-1,-1,-1
843,849,727.85,430.12,45.57,64.29,0.9581,-1,-1,-1
843,1067,538.93,214.58,36.89,59.58,0.9548,-1,-1,-1
843,1037,1119.74,374.0,27.39,78.34,0.952,-1,-1,-1
843,989,1287.05,406.86,26.98,85.55,0.9484,-1,-1,-1
843,1038,476.32,394.18,30.23,81.73,0.9475,-1,-1,-1
843,970,1289.6,331.68,24.1,70.34,0.9255,-1,-1,-1
843,1073,541.78,521.07,45.24,94.58,0.8545,-1,-1,-1
844,1074,1231.9,942.59,67.43,135.99,0.9747,-1,-1,-1
844,1036,1752.64,789.54,51.62,119.97,0.9746,-1,-1,-1
844,845,417.31,561.97,42.66,112.3,0.9741,-1,-1,-1
844,834,409.01,749.77,57.07,119.01,0.9736,-1,-1,-1
844,1041,877.67,468.61,57.11,87.14,0.9702,-1,-1,-1
844,849,723.71,424.07,52.01,69.74,0.9676,-1,-1,-1
844,1071,853.58,414.87,43.22,86.86,0.9675,-1,-1,-1
844,995,659.16,427.11,33.32,68.77,0.962,-1,-1,-1
844,1037,1124.82,372.34,25.93,77.0,0.9567,-1,-1,-1
844,1038,478.84,391.7,30.74,84.19,0.9466,-1,-1,-1
844,989,1287.19,404.58,27.94,87.16,0.9456,-1,-1,-1
844,1067,548.3,212.75,31.72,59.68,0.9451,-1,-1,-1
844,970,1291.05,328.8,24.79,71.92,0.9373,-1,-1,-1
844,843,151.8,457.47,35.79,95.09,0.9258,-1,-1,-1
844,1073,555.09,529.98,33.64,85.57,0.8293,-1,-1,-1
845,1036,1759.79,786.84,49.05,123.63,0.9788,-1,-1,-1
845,1074,1233.23,941.87,72.09,135.98,0.9768,-1,-1,-1
845,834,422.8,747.95,45.67,121.34,0.9736,-1,-1,-1
845,1041,876.49,467.0,59.67,86.56,0.9726,-1,-1,-1
845,845,415.27,562.32,41.95,108.11,0.9723,-1,-1,-1
845,1071,850.12,413.14,46.1,85.3,0.9677,-1,-1,-1
845,849,720.43,419.69,51.14,71.44,0.963,-1,-1,-1
845,970,1290.17,324.16,29.04,75.35,0.9615,-1,-1,-1
845,995,654.83,424.58,36.37,70.04,0.9605,-1,-1,-1
845,843,149.8,454.06,37.93,98.61,0.9585,-1,-1,-1
845,1037,1130.37,369.71,26.86,79.3,0.9535,-1,-1,-1
845,1067,548.02,209.87,35.79,61.45,0.9494,-1,-1,-1
845,989,1286.21,401.38,29.54,88.21,0.9486,-1,-1,-1
845,1038,475.67,395.44,36.2,81.37,0.9484,-1,-1,-1
845,1073,560.42,527.99,31.26,86.75,0.935,-1,-1,-1
846,1036,1759.77,786.71,49.1,123.8,0.9788,-1,-1,-1
846,1074,1233.19,941.88,72.13,136.01,0.9768,-1,-1,-1
846,834,422.75,747.91,45.8,121.41,0.9738,-1,-1,-1
846,1041,876.41,466.95,59.74,86.61,0.9727,-1,-1,-1
846,845,415.22,562.31,42.0,108.07,0.9724,-1,-1,-1
846,1071,850.06,413.11,46.15,85.4,0.968,-1,-1,-1
846,849,720.43,419.7,51.14,71.37,0.9629,-1,-1,-1
846,970,1290.18,324.14,29.04,75.36,0.9618,-1,-1,-1
846,843,149.66,453.97,38.51,98.68,0.9604,-1,-1,-1
846,995,654.86,424.58,36.38,70.05,0.9604,-1,-1,-1
846,1037,1130.39,369.75,26.86,79.31,0.9554,-1,-1,-1
846,1067,548.07,209.85,35.65,61.5,0.9497,-1,-1,-1
846,1038,475.6,395.08,36.32,81.74,0.9495,-1,-1,-1
846,989,1286.01,401.4,29.77,88.23,0.9492,-1,-1,-1
846,1073,560.36,528.05,31.34,86.64,0.9352,-1,-1,-1
847,1036,1765.62,783.39,49.7,127.27,0.9768,-1,-1,-1
847,1074,1234.9,942.57,77.44,135.32,0.9756,-1,-1,-1
847,1038,472.59,388.48,44.93,87.98,0.9739,-1,-1,-1
847,834,424.46,745.85,45.72,124.48,0.9736,-1,-1,-1
847,1041,879.91,466.05,59.67,87.18,0.9714,-1,-1,-1
847,849,715.91,415.16,48.14,76.87,0.9692,-1,-1,-1
847,843,145.14,451.6,41.11,101.5,0.9688,-1,-1,-1
847,845,412.38,562.76,41.36,105.52,0.9664,-1,-1,-1
847,1071,848.46,411.26,45.23,84.66,0.9652,-1,-1,-1
847,1067,546.1,207.81,41.6,61.9,0.9642,-1,-1,-1
847,1037,1133.91,369.04,30.08,79.5,0.9611,-1,-1,-1
847,970,1290.94,323.12,31.2,75.61,0.9601,-1,-1,-1
847,995,650.95,423.05,37.98,71.3,0.958,-1,-1,-1
847,989,1284.97,401.89,31.52,80.97,0.9521,-1,-1,-1
847,1073,556.42,529.95,41.03,86.12,0.9512,-1,-1,-1
848,1036,1772.16,780.83,49.03,129.19,0.9791,-1,-1,-1
848,1074,1240.18,942.78,79.58,134.49,0.9772,-1,-1,-1
848,843,140.35,449.97,45.17,102.28,0.9749,-1,-1,-1
848,834,418.67,742.67,54.83,128.76,0.9742,-1,-1,-1
848,1041,884.57,466.06,58.92,83.52,0.9741,-1,-1,-1
848,849,715.71,410.95,39.82,77.32,0.9731,-1,-1,-1
848,1067,545.42,206.28,46.37,59.6,0.9727,-1,-1,-1
848,1071,844.39,410.07,47.18,82.28,0.9714,-1,-1,-1
848,1038,470.24,387.89,54.9,88.23,0.9686,-1,-1,-1
848,845,409.71,562.48,41.51,105.65,0.9675,-1,-1,-1
848,1073,551.69,516.6,52.76,99.8,0.9631,-1,-1,-1
848,995,644.52,420.79,42.35,72.36,0.9614,-1,-1,-1
848,1037,1136.13,368.16,35.73,83.62,0.958,-1,-1,-1
848,989,1282.38,399.74,35.7,75.84,0.9573,-1,-1,-1
848,970,1292.0,320.53,31.48,76.9,0.9473,-1,-1,-1
849,843,135.73,449.2,48.15,100.23,0.9769,-1,-1,-1
849,1074,1242.66,943.1,86.39,131.79,0.9753,-1,-1,-1
849,1041,890.76,466.64,53.94,81.66,0.9751,-1,-1,-1
849,834,416.0,739.88,59.95,130.21,0.9737,-1,-1,-1
849,1067,545.82,205.43,45.84,59.21,0.9734,-1,-1,-1
849,1036,1775.33,779.15,50.81,130.88,0.9731,-1,-1,-1
849,1038,468.02,388.67,60.73,87.43,0.972,-1,-1,-1
849,845,407.85,561.93,40.54,107.63,0.9689,-1,-1,-1
849,1071,840.06,411.24,48.53,76.95,0.9689,-1,-1,-1
849,1037,1138.13,368.12,39.23,83.85,0.9686,-1,-1,-1
849,995,639.97,419.21,44.69,72.49,0.9679,-1,-1,-1
849,849,715.69,407.85,35.41,75.76,0.9634,-1,-1,-1
849,1073,550.6,513.61,60.58,105.73,0.9631,-1,-1,-1
849,989,1280.78,397.85,36.67,77.79,0.9606,-1,-1,-1
849,970,1291.62,317.71,30.69,79.26,0.9557,-1,-1,-1
850,1074,1247.48,946.64,92.23,126.98,0.9771,-1,-1,-1
850,1038,468.5,389.63,59.71,87.88,0.9752,-1,-1,-1
850,834,413.31,737.59,67.86,127.88,0.9749,-1,-1,-1
850,1036,1778.36,778.4,50.94,127.81,0.9741,-1,-1,-1
850,843,133.03,449.78,45.29,98.1,0.9726,-1,-1,-1
850,1041,895.62,466.06,51.35,82.96,0.9722,-1,-1,-1
850,1071,834.71,412.82,50.41,75.37,0.9708,-1,-1,-1
850,1037,1141.03,367.93,38.95,84.09,0.9708,-1,-1,-1
850,989,1278.78,394.99,39.24,80.33,0.9672,-1,-1,-1
850,845,405.68,560.23,38.13,108.63,0.9668,-1,-1,-1
850,995,635.72,416.86,45.7,74.35,0.9666,-1,-1,-1
850,849,712.96,407.92,34.98,67.39,0.9589,-1,-1,-1
850,1073,550.55,516.34,64.85,96.0,0.957,-1,-1,-1
850,970,1289.63,314.9,31.06,79.54,0.953,-1,-1,-1
850,1067,551.83,204.55,36.38,59.87,0.9471,-1,-1,-1
851,1036,1782.62,780.15,47.93,121.39,0.9781,-1,-1,-1
851,834,412.94,737.2,71.87,124.47,0.9757,-1,-1,-1
851,1038,469.82,391.52,53.02,88.04,0.9747,-1,-1,-1
851,1071,829.06,412.39,54.68,76.64,0.9725,-1,-1,-1
851,1041,893.18,465.28,58.02,83.61,0.9699,-1,-1,-1
851,1037,1139.93,367.16,43.04,83.48,0.9699,-1,-1,-1
851,995,631.37,415.07,48.85,75.81,0.9698,-1,-1,-1
851,1073,552.57,520.52,60.01,90.67,0.9659,-1,-1,-1
851,989,1281.84,395.8,35.97,78.36,0.9658,-1,-1,-1
851,843,132.86,450.72,37.24,95.83,0.9657,-1,-1,-1
851,849,709.88,407.06,35.23,65.12,0.9639,-1,-1,-1
851,1074,1261.38,948.89,86.94,125.89,0.9613,-1,-1,-1
851,970,1288.74,312.58,31.64,80.11,0.9612,-1,-1,-1
851,845,402.26,556.98,36.35,109.95,0.9559,-1,-1,-1
851,1067,560.13,203.89,33.32,59.07,0.949,-1,-1,-1
852,1036,1782.67,780.14,47.9,121.32,0.9782,-1,-1,-1
852,834,412.92,737.23,71.8,124.62,0.9755,-1,-1,-1
852,1038,469.82,391.52,52.99,88.07,0.9746,-1,-1,-1
852,1071,829.05,412.37,54.69,76.61,0.9727,-1,-1,-1
852,1041,893.19,465.28,58.12,83.61,0.9699,-1,-1,-1
852,995,631.4,415.06,48.79,75.87,0.9698,-1,-1,-1
852,1037,1139.93,367.17,43.06,83.57,0.9696,-1,-1,-1
852,843,132.81,450.73,37.29,95.8,0.966,-1,-1,-1
852,989,1281.79,395.33,36.14,78.84,0.9659,-1,-1,-1
852,1073,552.3,524.8,60.34,85.6,0.9651,-1,-1,-1
852,849,709.88,407.07,35.29,65.14,0.9642,-1,-1,-1
852,1074,1261.32,948.86,87.18,125.82,0.9612,-1,-1,-1
852,970,1288.71,312.58,31.71,80.28,0.9611,-1,-1,-1
852,845,402.27,556.81,36.31,110.24,0.9555,-1,-1,-1
852,1067,560.07,203.93,33.48,59.09,0.95,-1,-1,-1
853,1036,1785.71,782.4,46.82,116.86,0.975,-1,-1,-1
853,834,417.05,739.19,68.45,115.67,0.9747,-1,-1,-1
853,1074,1273.45,946.69,74.7,130.58,0.9724,-1,-1,-1
853,995,630.95,412.57,46.63,77.57,0.9717,-1,-1,-1
853,1038,474.09,392.31,42.71,85.81,0.9711,-1,-1,-1
853,1037,1134.92,366.05,45.83,83.54,0.9711,-1,-1,-1
853,1041,891.09,463.98,63.22,85.34,0.9695,-1,-1,-1
853,1071,824.89,411.4,57.48,74.99,0.9693,-1,-1,-1
853,1073,560.79,515.1,51.08,97.32,0.9687,-1,-1,-1
853,849,704.86,403.31,37.86,69.37,0.9684,-1,-1,-1
853,989,1281.04,388.44,36.62,85.24,0.9648,-1,-1,-1
853,970,1288.47,311.41,31.71,78.69,0.9646,-1,-1,-1
853,845,399.01,552.86,34.05,115.65,0.9619,-1,-1,-1
853,1067,560.85,202.3,35.01,59.58,0.9595,-1,-1,-1
853,843,133.38,450.34,29.33,94.77,0.9589,-1,-1,-1
854,1074,1274.3,945.16,86.66,132.99,0.978,-1,-1,-1
854,995,632.68,411.3,44.52,77.82,0.9728,-1,-1,-1
854,1037,1137.96,365.75,42.6,82.19,0.9727,-1,-1,-1
854,1036,1788.97,782.84,46.96,118.98,0.9723,-1,-1,-1
854,1041,891.65,461.48,66.88,88.21,0.9715,-1,-1,-1
854,834,422.58,739.34,66.42,115.7,0.9692,-1,-1,-1
854,849,700.8,396.36,42.42,75.72,0.9678,-1,-1,-1
854,1067,557.63,199.19,42.74,60.32,0.9658,-1,-1,-1
854,970,1289.75,309.93,30.31,79.6,0.963,-1,-1,-1
854,989,1281.55,388.22,35.72,83.82,0.9628,-1,-1,-1
854,1071,821.24,410.27,60.93,75.7,0.9598,-1,-1,-1
854,845,394.56,551.0,35.18,116.26,0.9592,-1,-1,-1
854,1038,479.65,392.12,33.38,86.6,0.9584,-1,-1,-1
854,843,132.17,449.85,28.96,94.35,0.9567,-1,-1,-1
854,1073,573.16,514.15,43.96,98.3,0.9384,-1,-1,-1
855,1036,1793.7,781.37,46.65,122.34,0.9778,-1,-1,-1
855,1074,1275.29,943.99,94.15,133.59,0.9736,-1,-1,-1
855,995,635.02,408.37,41.88,79.59,0.9735,-1,-1,-1
855,1041,894.14,460.77,67.68,83.09,0.9724,-1,-1,-1
855,834,432.13,740.92,61.78,116.04,0.9689,-1,-1,-1
855,1037,1143.9,364.76,39.7,82.02,0.9689,-1,-1,-1
855,1067,556.89,197.89,45.6,58.63,0.9684,-1,-1,-1
855,989,1280.88,383.96,36.69,84.11,0.9661,-1,-1,-1
855,849,698.25,394.65,44.69,73.36,0.9651,-1,-1,-1
855,845,390.19,549.93,36.95,114.51,0.9624,-1,-1,-1
855,970,1288.72,309.37,31.22,77.64,0.9607,-1,-1,-1
855,1071,821.21,409.12,59.47,71.61,0.9606,-1,-1,-1
855,1038,484.45,390.55,28.52,87.11,0.9598,-1,-1,-1
855,1073,579.79,512.82,39.6,99.18,0.958,-1,-1,-1
855,843,126.76,446.81,33.48,98.06,0.9519,-1,-1,-1
856,1036,1797.1,779.18,48.23,123.82,0.9761,-1,-1,-1
856,834,440.89,740.21,57.59,119.49,0.9735,-1,-1,-1
856,1041,899.44,460.57,64.97,81.75,0.9724,-1,-1,-1
856,1074,1282.74,944.48,88.32,133.37,0.9723,-1,-1,-1
856,845,383.85,550.47,39.63,112.57,0.9707,-1,-1,-1
856,995,636.74,406.77,41.05,81.06,0.9697,-1,-1,-1
856,843,118.74,444.3,40.83,100.77,0.9692,-1,-1,-1
856,849,696.65,389.5,46.83,79.51,0.9683,-1,-1,-1
856,989,1281.15,384.41,36.42,77.63,0.9649,-1,-1,-1
856,1067,559.51,196.56,44.3,57.42,0.9639,-1,-1,-1
856,1071,824.41,407.5,57.46,66.1,0.9633,-1,-1,-1
856,1038,482.13,389.15,30.12,89.66,0.962,-1,-1,-1
856,1037,1152.79,362.5,35.29,83.9,0.9619,-1,-1,-1
856,970,1288.31,308.21,31.55,77.67,0.958,-1,-1,-1
856,1073,577.18,513.02,45.83,100.59,0.9059,-1,-1,-1
857,834,435.92,738.24,65.16,124.96,0.9789,-1,-1,-1
857,843,112.18,441.96,46.04,104.04,0.9744,-1,-1,-1
857,845,379.05,551.41,42.84,109.9,0.9736,-1,-1,-1
857,1036,1797.05,774.9,52.76,127.95,0.9722,-1,-1,-1
857,1038,476.44,386.8,39.07,93.8,0.9719,-1,-1,-1
857,1074,1287.44,942.98,91.21,133.66,0.9704,-1,-1,-1
857,849,697.27,389.24,47.25,74.42,0.9693,-1,-1,-1
857,995,634.9,405.24,41.5,82.37,0.9688,-1,-1,-1
857,1071,829.59,406.29,53.35,66.39,0.968,-1,-1,-1
857,1041,910.37,461.62,56.64,82.47,0.9656,-1,-1,-1
857,989,1280.14,384.94,36.51,68.98,0.9619,-1,-1,-1
857,1073,575.33,508.5,53.05,107.48,0.9616,-1,-1,-1
857,1067,566.73,195.89,39.27,57.3,0.9592,-1,-1,-1
857,1037,1160.52,360.02,30.42,85.26,0.9574,-1,-1,-1
857,970,1289.04,306.47,30.36,79.73,0.9527,-1,-1,-1
858,834,435.92,738.26,65.18,124.96,0.9789,-1,-1,-1
858,843,112.17,441.95,46.13,104.01,0.9744,-1,-1,-1
858,845,379.12,551.41,42.74,110.23,0.9734,-1,-1,-1
858,1036,1797.01,774.9,52.76,128.0,0.9722,-1,-1,-1
858,1038,476.46,386.79,39.05,93.82,0.9718,-1,-1,-1
858,1074,1287.43,942.94,91.13,133.71,0.97,-1,-1,-1
858,849,697.29,389.29,47.22,74.49,0.9693,-1,-1,-1
858,995,635.25,404.73,41.13,83.04,0.9687,-1,-1,-1
858,1071,829.6,406.32,53.31,66.41,0.9679,-1,-1,-1
858,1041,910.39,461.63,56.56,82.47,0.9654,-1,-1,-1
858,1073,575.36,508.51,53.04,107.52,0.9634,-1,-1,-1
858,989,1280.13,385.03,36.48,68.88,0.962,-1,-1,-1
858,1067,566.69,195.87,39.35,57.31,0.9586,-1,-1,-1
858,1037,1160.46,359.77,30.29,85.19,0.9571,-1,-1,-1
858,970,1288.93,306.4,30.47,79.88,0.9534,-1,-1,-1
859,834,432.35,734.71,70.93,131.08,0.9785,-1,-1,-1
859,845,374.79,553.57,46.08,106.84,0.9755,-1,-1,-1
859,1036,1793.95,773.46,57.87,129.2,0.9733,-1,-1,-1
859,1073,574.34,508.01,56.25,106.68,0.973,-1,-1,-1
859,1038,471.89,386.67,45.98,93.26,0.973,-1,-1,-1
859,843,104.51,440.55,54.61,104.75,0.9725,-1,-1,-1
859,1041,922.81,463.39,46.07,81.75,0.9692,-1,-1,-1
859,995,635.49,404.36,39.9,83.59,0.9682,-1,-1,-1
859,1071,828.01,405.96,56.23,67.56,0.967,-1,-1,-1
859,1074,1296.58,946.46,84.75,127.61,0.9637,-1,-1,-1
859,849,697.86,388.6,45.45,67.59,0.9622,-1,-1,-1
859,1037,1160.6,358.2,32.23,86.72,0.9565,-1,-1,-1
859,970,1285.95,303.98,32.1,83.45,0.9527,-1,-1,-1
859,1067,574.11,196.3,37.65,56.47,0.946,-1,-1,-1
859,989,1277.11,386.85,37.34,67.39,0.8837,-1,-1,-1
860,834,431.02,733.52,72.32,132.77,0.9774,-1,-1,-1
860,845,370.55,554.24,47.62,105.43,0.975,-1,-1,-1
860,843,96.78,440.91,59.56,101.1,0.9732,-1,-1,-1
860,1036,1792.02,770.99,61.16,126.8,0.9725,-1,-1,-1
860,1041,918.78,463.19,54.53,81.68,0.9718,-1,-1,-1
860,1074,1315.41,949.3,69.01,125.13,0.9718,-1,-1,-1
860,1038,466.62,385.86,50.11,95.35,0.9697,-1,-1,-1
860,989,1271.27,385.14,40.93,69.2,0.9688,-1,-1,-1
860,1073,572.66,507.42,60.06,101.15,0.9681,-1,-1,-1
860,1071,823.56,404.88,61.91,69.37,0.967,-1,-1,-1
860,995,638.25,404.9,33.77,83.04,0.9634,-1,-1,-1
860,1067,572.84,195.43,43.3,56.3,0.9632,-1,-1,-1
860,970,1280.89,301.37,34.76,84.84,0.9586,-1,-1,-1
860,849,697.48,388.86,41.78,64.3,0.9583,-1,-1,-1
860,1037,1158.11,357.54,36.27,87.6,0.958,-1,-1,-1
861,845,366.74,553.24,46.89,107.64,0.9749,-1,-1,-1
861,834,429.48,732.52,72.87,127.35,0.9727,-1,-1,-1
861,1038,462.27,385.65,47.86,94.32,0.9722,-1,-1,-1
861,1074,1315.15,950.18,73.94,126.42,0.9702,-1,-1,-1
861,1073,575.48,508.58,52.79,99.89,0.969,-1,-1,-1
861,989,1266.12,380.07,44.68,73.45,0.9689,-1,-1,-1
861,1067,568.06,193.32,44.35,58.18,0.9674,-1,-1,-1
861,849,694.74,388.2,38.12,65.43,0.9673,-1,-1,-1
861,1041,912.14,462.38,66.21,82.59,0.9669,-1,-1,-1
861,1036,1790.68,769.77,62.66,121.6,0.9668,-1,-1,-1
861,1037,1156.0,357.31,39.97,84.44,0.9652,-1,-1,-1
861,1071,820.27,401.59,65.89,72.47,0.9651,-1,-1,-1
861,843,91.88,441.86,55.26,97.36,0.9636,-1,-1,-1
861,995,635.8,405.74,31.78,82.65,0.9622,-1,-1,-1
861,970,1277.44,299.27,35.19,83.33,0.9565,-1,-1,-1
862,1074,1309.78,950.45,85.66,124.87,0.9775,-1,-1,-1
862,843,86.43,442.78,50.68,96.29,0.9718,-1,-1,-1
862,845,359.6,550.21,48.28,110.79,0.9711,-1,-1,-1
862,989,1260.84,379.01,48.17,73.29,0.9694,-1,-1,-1
862,834,429.78,732.55,72.6,117.3,0.9693,-1,-1,-1
862,849,687.27,385.24,42.23,67.96,0.9664,-1,-1,-1
862,1038,460.72,385.78,41.41,93.47,0.9663,-1,-1,-1
862,1071,821.05,399.71,63.85,72.08,0.9655,-1,-1,-1
862,1041,909.73,463.0,70.3,81.54,0.9653,-1,-1,-1
862,1037,1154.05,357.59,43.99,84.1,0.9636,-1,-1,-1
862,1067,564.1,192.28,45.65,55.57,0.9635,-1,-1,-1
862,970,1273.96,297.82,34.56,81.26,0.9615,-1,-1,-1
862,995,628.99,405.59,34.72,86.17,0.9551,-1,-1,-1
862,1073,581.33,512.53,43.39,95.49,0.9511,-1,-1,-1
862,1036,1792.53,770.53,61.72,117.4,0.9136,-1,-1,-1
863,845,350.0,548.46,52.49,114.22,0.9762,-1,-1,-1
863,1074,1308.27,950.89,96.81,123.37,0.9762,-1,-1,-1
863,989,1253.95,372.73,51.92,79.57,0.9726,-1,-1,-1
863,834,435.02,733.02,66.65,116.14,0.9703,-1,-1,-1
863,849,678.39,383.2,47.97,69.88,0.9691,-1,-1,-1
863,843,83.89,442.65,46.94,96.6,0.9684,-1,-1,-1
863,995,618.36,405.32,40.16,83.71,0.9664,-1,-1,-1
863,1038,459.56,387.11,37.83,92.17,0.9635,-1,-1,-1
863,1037,1155.29,357.72,43.37,83.31,0.9618,-1,-1,-1
863,1041,908.33,463.33,76.04,79.48,0.9612,-1,-1,-1
863,1071,821.21,397.35,64.08,67.89,0.9576,-1,-1,-1
863,970,1270.73,296.0,32.36,79.48,0.9566,-1,-1,-1
863,1067,561.58,192.08,48.83,55.49,0.9526,-1,-1,-1
863,1036,1795.1,768.48,58.31,120.4,0.9326,-1,-1,-1
863,1073,593.89,526.91,28.66,80.45,0.7701,-1,-1,-1
864,1074,1308.29,950.99,96.89,123.25,0.9763,-1,-1,-1
864,845,349.08,548.35,52.48,114.34,0.9761,-1,-1,-1
864,989,1254.03,372.41,51.86,79.9,0.9728,-1,-1,-1
864,834,435.04,732.97,66.61,116.19,0.9703,-1,-1,-1
864,849,678.35,383.19,47.96,69.98,0.9693,-1,-1,-1
864,843,83.91,442.69,46.94,96.49,0.9684,-1,-1,-1
864,995,618.29,405.28,40.23,84.09,0.9669,-1,-1,-1
864,1038,459.54,387.11,37.83,92.19,0.9636,-1,-1,-1
864,1037,1155.3,357.72,43.44,83.24,0.9623,-1,-1,-1
864,1041,908.36,463.34,75.99,79.5,0.9612,-1,-1,-1
864,1071,821.19,397.29,64.05,67.96,0.958,-1,-1,-1
864,970,1270.59,296.07,32.55,79.21,0.9568,-1,-1,-1
864,1067,561.95,192.61,47.16,55.25,0.9522,-1,-1,-1
864,1036,1795.1,768.51,58.3,120.4,0.9335,-1,-1,-1
864,1073,593.71,526.91,28.9,80.52,0.7728,-1,-1,-1
865,834,446.98,733.32,54.97,115.44,0.9729,-1,-1,-1
865,995,608.95,403.58,47.03,83.59,0.9719,-1,-1,-1
865,845,342.48,545.54,54.49,117.01,0.9718,-1,-1,-1
865,849,670.58,380.53,52.4,71.19,0.9699,-1,-1,-1
865,1037,1156.35,357.24,42.25,82.13,0.9676,-1,-1,-1
865,989,1249.28,368.18,53.44,81.47,0.9675,-1,-1,-1
865,843,82.97,440.25,42.73,100.56,0.9654,-1,-1,-1
865,1071,826.08,396.78,56.57,67.47,0.9632,-1,-1,-1
865,1067,565.02,191.37,42.34,57.25,0.9628,-1,-1,-1
865,1038,458.01,388.2,35.71,91.31,0.9605,-1,-1,-1
865,970,1266.27,295.24,31.18,76.5,0.9604,-1,-1,-1
865,1041,911.26,464.25,73.84,78.12,0.9585,-1,-1,-1
865,1074,1311.2,950.42,102.6,121.23,0.9562,-1,-1,-1
865,1073,587.87,515.48,37.03,92.97,0.8808,-1,-1,-1
865,1036,1796.99,767.98,53.79,120.43,0.8639,-1,-1,-1
866,995,601.89,401.65,52.67,83.76,0.9747,-1,-1,-1
866,1071,833.49,395.7,47.92,68.22,0.973,-1,-1,-1
866,849,666.2,379.14,54.66,69.42,0.9726,-1,-1,-1
866,834,448.76,733.93,59.7,117.05,0.972,-1,-1,-1
866,845,335.2,543.49,55.85,116.05,0.9715,-1,-1,-1
866,1036,1794.29,762.93,55.43,124.7,0.9711,-1,-1,-1
866,1041,918.51,465.48,69.53,78.33,0.9693,-1,-1,-1
866,1037,1151.85,355.8,43.15,83.18,0.9685,-1,-1,-1
866,843,75.78,439.18,42.99,100.57,0.967,-1,-1,-1
866,1073,577.4,503.98,52.94,104.52,0.9669,-1,-1,-1
866,989,1247.29,366.22,51.91,74.45,0.9662,-1,-1,-1
866,1074,1315.93,950.82,102.15,122.85,0.9624,-1,-1,-1
866,970,1261.94,293.3,30.51,77.12,0.9543,-1,-1,-1
866,1038,450.25,389.55,35.81,90.53,0.951,-1,-1,-1
866,1067,569.36,191.53,37.79,56.15,0.9451,-1,-1,-1
867,1036,1790.79,757.27,57.1,130.15,0.9799,-1,-1,-1
867,834,438.49,731.88,71.79,119.62,0.9749,-1,-1,-1
867,845,331.48,544.22,51.69,109.48,0.9739,-1,-1,-1
867,843,65.18,436.46,45.36,104.71,0.9729,-1,-1,-1
867,1074,1324.08,955.54,101.32,116.46,0.9708,-1,-1,-1
867,1037,1143.43,353.23,48.38,82.91,0.9706,-1,-1,-1
867,989,1245.76,365.32,47.32,68.5,0.9689,-1,-1,-1
867,1038,439.54,388.76,45.73,91.56,0.9687,-1,-1,-1
867,1073,573.1,503.66,60.17,104.51,0.9684,-1,-1,-1
867,849,665.19,376.9,51.62,64.41,0.967,-1,-1,-1
867,995,595.87,402.11,55.49,82.17,0.9669,-1,-1,-1
867,1071,825.29,395.73,56.32,68.91,0.9668,-1,-1,-1
867,1041,929.48,465.83,60.67,79.04,0.9613,-1,-1,-1
867,970,1256.26,289.92,31.0,79.51,0.9547,-1,-1,-1
867,1067,572.0,189.31,34.45,56.88,0.9411,-1,-1,-1
868,1036,1788.42,752.15,57.26,133.68,0.977,-1,-1,-1
868,843,56.52,434.97,45.42,105.22,0.9748,-1,-1,-1
868,845,327.63,544.97,46.79,106.19,0.9747,-1,-1,-1
868,995,592.71,402.34,54.52,81.88,0.9738,-1,-1,-1
868,834,430.91,728.41,81.72,123.16,0.9736,-1,-1,-1
868,1037,1138.04,351.94,49.25,83.56,0.9712,-1,-1,-1
868,1074,1339.71,954.08,95.23,125.92,0.9709,-1,-1,-1
868,1071,818.18,394.4,64.17,70.78,0.9707,-1,-1,-1
868,1038,430.77,387.68,52.69,93.69,0.9692,-1,-1,-1
868,989,1243.97,362.07,43.28,72.55,0.9682,-1,-1,-1
868,1041,929.78,465.42,62.17,79.65,0.9673,-1,-1,-1
868,970,1247.93,286.84,33.52,81.57,0.9653,-1,-1,-1
868,1073,571.94,511.66,65.27,87.31,0.9608,-1,-1,-1
868,849,665.62,375.87,46.8,62.1,0.9584,-1,-1,-1
868,1067,563.4,186.92,43.31,58.53,0.9568,-1,-1,-1
869,834,429.55,726.56,86.94,119.98,0.9809,-1,-1,-1
869,1038,422.81,386.23,54.04,94.07,0.9745,-1,-1,-1
869,845,323.15,546.85,41.83,105.66,0.9745,-1,-1,-1
869,1036,1785.62,749.15,57.56,129.95,0.9743,-1,-1,-1
869,1067,558.57,185.63,47.26,56.53,0.9729,-1,-1,-1
869,995,590.59,404.21,53.32,80.65,0.9727,-1,-1,-1
869,1041,920.57,461.37,72.92,83.89,0.9724,-1,-1,-1
869,1037,1132.28,350.96,51.43,84.28,0.9719,-1,-1,-1
869,843,47.15,433.1,47.55,105.83,0.9713,-1,-1,-1
869,1071,817.21,393.18,64.88,70.74,0.9709,-1,-1,-1
869,1074,1357.62,953.63,83.65,123.01,0.9702,-1,-1,-1
869,989,1236.84,359.46,45.49,75.94,0.9684,-1,-1,-1
869,970,1237.67,283.86,37.29,83.09,0.9682,-1,-1,-1
869,849,668.34,372.9,44.29,64.58,0.9658,-1,-1,-1
869,1073,570.69,518.49,64.16,79.26,0.9631,-1,-1,-1
870,834,429.58,726.56,86.85,119.99,0.9809,-1,-1,-1
870,845,323.06,546.86,41.95,105.64,0.9748,-1,-1,-1
870,1038,422.82,386.22,54.06,94.07,0.9745,-1,-1,-1
870,1036,1785.61,749.03,57.6,130.14,0.9744,-1,-1,-1
870,995,590.65,404.21,53.24,80.44,0.9729,-1,-1,-1
870,1067,558.63,185.65,47.22,56.5,0.9728,-1,-1,-1
870,1041,920.58,461.31,72.85,83.94,0.9721,-1,-1,-1
870,1037,1132.27,350.98,51.5,84.26,0.9719,-1,-1,-1
870,843,47.14,433.11,47.58,105.93,0.9715,-1,-1,-1
870,1071,817.19,393.2,64.96,70.69,0.9709,-1,-1,-1
870,1074,1357.6,953.64,83.67,122.94,0.9704,-1,-1,-1
870,970,1237.69,283.88,37.42,83.21,0.9684,-1,-1,-1
870,989,1236.84,359.42,45.47,76.05,0.9681,-1,-1,-1
870,849,668.34,373.0,44.34,64.57,0.9658,-1,-1,-1
870,1073,570.87,518.22,63.9,79.61,0.9635,-1,-1,-1
871,834,431.35,725.96,85.43,112.75,0.9783,-1,-1,-1
871,845,310.76,546.13,47.51,107.13,0.9746,-1,-1,-1
871,843,35.74,433.27,51.73,103.59,0.9738,-1,-1,-1
871,1037,1127.89,352.21,53.44,80.58,0.9738,-1,-1,-1
871,1036,1782.15,745.81,57.65,124.47,0.972,-1,-1,-1
871,989,1227.35,356.22,50.99,79.11,0.9717,-1,-1,-1
871,1038,413.91,386.48,57.6,96.32,0.9711,-1,-1,-1
871,1041,917.53,459.95,78.36,85.84,0.9707,-1,-1,-1
871,995,589.99,405.57,50.8,80.31,0.9696,-1,-1,-1
871,1067,555.93,185.24,49.68,56.99,0.9692,-1,-1,-1
871,1074,1354.37,951.93,88.35,125.57,0.9657,-1,-1,-1
871,849,662.31,371.45,46.08,67.26,0.9655,-1,-1,-1
871,1071,816.83,392.3,64.91,69.68,0.9652,-1,-1,-1
871,970,1229.83,281.71,38.39,81.61,0.9641,-1,-1,-1
871,1073,574.78,517.94,50.08,82.42,0.9627,-1,-1,-1
872,1036,1782.41,745.32,50.53,114.25,0.9764,-1,-1,-1
872,845,295.94,544.79,56.01,108.36,0.9748,-1,-1,-1
872,843,29.25,434.0,48.37,98.76,0.9746,-1,-1,-1
872,1038,408.37,386.33,55.82,93.02,0.9742,-1,-1,-1
872,1037,1123.83,352.69,52.51,78.9,0.9718,-1,-1,-1
872,995,590.4,405.73,47.07,80.0,0.971,-1,-1,-1
872,989,1219.22,352.27,55.98,81.89,0.9696,-1,-1,-1
872,834,437.42,728.02,77.89,111.0,0.9689,-1,-1,-1
872,1041,917.71,461.76,77.62,77.64,0.9671,-1,-1,-1
872,1067,557.54,185.12,43.8,57.19,0.9671,-1,-1,-1
872,849,652.26,368.29,54.77,70.39,0.967,-1,-1,-1
872,1071,818.88,392.06,61.34,71.15,0.9605,-1,-1,-1
872,970,1224.05,280.18,36.12,77.92,0.9585,-1,-1,-1
872,1073,579.32,514.59,36.94,86.61,0.9555,-1,-1,-1
872,1074,1350.83,949.18,100.47,123.88,0.9539,-1,-1,-1
872,1078,594.78,500.47,28.05,47.96,0.6071,-1,-1,-1
873,845,284.91,543.47,62.57,107.45,0.9739,-1,-1,-1
873,1036,1778.0,744.21,50.02,117.18,0.9739,-1,-1,-1
873,1037,1122.4,353.11,48.91,77.66,0.9728,-1,-1,-1
873,989,1212.43,348.32,57.56,82.82,0.9723,-1,-1,-1
873,995,581.97,405.0,49.91,79.78,0.972,-1,-1,-1
873,849,646.45,367.61,56.63,71.12,0.9713,-1,-1,-1
873,843,23.61,434.43,42.67,98.37,0.9688,-1,-1,-1
873,834,448.01,727.13,69.88,112.43,0.9687,-1,-1,-1
873,1038,404.6,387.64,52.03,91.28,0.9676,-1,-1,-1
873,1071,828.62,391.32,49.26,71.15,0.966,-1,-1,-1
873,970,1216.49,279.46,36.19,75.22,0.965,-1,-1,-1
873,1041,918.88,461.77,76.85,77.04,0.9646,-1,-1,-1
873,1067,561.14,184.12,39.24,57.63,0.9554,-1,-1,-1
873,1074,1350.83,945.48,109.94,124.19,0.9512,-1,-1,-1
873,1073,581.73,511.38,34.54,88.63,0.896,-1,-1,-1
873,1078,589.02,499.17,34.73,45.69,0.7994,-1,-1,-1
874,845,273.95,541.61,67.37,109.31,0.9734,-1,-1,-1
874,1038,403.16,388.62,44.71,90.86,0.9731,-1,-1,-1
874,989,1208.99,348.82,57.8,78.02,0.9729,-1,-1,-1
874,1037,1123.79,351.91,45.33,79.09,0.972,-1,-1,-1
874,1073,574.4,498.05,46.0,104.86,0.9712,-1,-1,-1
874,1036,1770.06,744.16,53.28,117.63,0.971,-1,-1,-1
874,834,452.78,726.49,65.92,115.24,0.9681,-1,-1,-1
874,1041,926.3,462.26,69.36,77.01,0.9655,-1,-1,-1
874,1071,822.85,390.1,53.83,72.61,0.9643,-1,-1,-1
874,849,641.59,366.61,58.72,66.57,0.9619,-1,-1,-1
874,1067,561.54,182.89,38.5,58.31,0.9582,-1,-1,-1
874,970,1211.3,278.99,33.69,75.77,0.9579,-1,-1,-1
874,1074,1350.53,944.66,111.16,119.33,0.955,-1,-1,-1
874,843,19.86,435.73,35.12,97.98,0.9465,-1,-1,-1
874,995,572.51,401.37,55.89,84.28,0.9079,-1,-1,-1
875,1036,1759.1,739.19,61.46,121.72,0.9742,-1,-1,-1
875,995,565.57,401.46,57.32,80.54,0.9742,-1,-1,-1
875,845,267.02,541.45,71.11,105.06,0.9733,-1,-1,-1
875,1073,568.23,494.2,50.33,110.48,0.9729,-1,-1,-1
875,1037,1127.0,350.8,39.33,79.19,0.9708,-1,-1,-1
875,1071,814.66,387.42,61.63,75.93,0.9698,-1,-1,-1
875,834,442.25,723.23,78.58,122.91,0.9697,-1,-1,-1
875,849,639.7,362.2,56.9,63.96,0.9676,-1,-1,-1
875,1038,402.5,388.84,39.13,90.48,0.9668,-1,-1,-1
875,1067,552.61,182.59,44.01,59.18,0.9651,-1,-1,-1
875,1041,940.34,461.57,55.77,76.39,0.964,-1,-1,-1
875,970,1204.8,277.63,33.73,76.57,0.9634,-1,-1,-1
875,1074,1356.56,942.82,107.05,124.82,0.9611,-1,-1,-1
875,843,8.71,434.47,40.06,99.44,0.9603,-1,-1,-1
875,989,1206.62,355.5,52.5,62.36,0.9297,-1,-1,-1
876,995,565.48,401.42,57.39,80.74,0.9742,-1,-1,-1
876,1036,1759.14,739.21,61.43,121.7,0.9742,-1,-1,-1
876,845,267.01,541.45,71.16,105.12,0.9735,-1,-1,-1
876,1073,568.16,494.26,50.35,110.22,0.9725,-1,-1,-1
876,1037,1127.02,350.79,39.3,79.47,0.9707,-1,-1,-1
876,834,442.24,723.26,78.53,122.81,0.9694,-1,-1,-1
876,1071,814.7,387.44,61.52,75.87,0.9694,-1,-1,-1
876,849,639.65,362.22,56.96,63.95,0.9676,-1,-1,-1
876,1038,402.46,388.86,39.0,90.5,0.9658,-1,-1,-1
876,1067,552.61,182.57,43.93,59.17,0.9656,-1,-1,-1
876,1041,940.37,461.68,55.87,76.73,0.9654,-1,-1,-1
876,970,1204.78,277.61,33.74,76.58,0.9634,-1,-1,-1
876,1074,1356.51,942.82,107.1,124.84,0.9609,-1,-1,-1
876,843,8.57,434.45,40.19,99.49,0.9607,-1,-1,-1
876,989,1206.58,355.88,52.47,61.92,0.9315,-1,-1,-1
877,995,559.82,401.37,60.23,80.6,0.9753,-1,-1,-1
877,1036,1750.77,733.81,66.81,124.64,0.9744,-1,-1,-1
877,1071,811.37,385.88,66.17,74.89,0.9733,-1,-1,-1
877,845,259.8,543.0,73.73,102.96,0.9732,-1,-1,-1
877,1074,1374.65,942.58,93.25,129.56,0.9731,-1,-1,-1
877,1037,1117.87,348.35,46.17,82.55,0.9717,-1,-1,-1
877,1067,545.8,182.35,50.64,57.33,0.9698,-1,-1,-1
877,1038,392.69,388.59,44.56,90.4,0.967,-1,-1,-1
877,1041,935.51,459.35,66.75,80.11,0.9667,-1,-1,-1
877,849,640.8,361.51,52.52,66.2,0.966,-1,-1,-1
877,1073,562.73,491.22,58.4,108.71,0.9654,-1,-1,-1
877,843,1.21,433.0,40.61,100.5,0.9649,-1,-1,-1
877,834,438.44,719.11,83.4,126.91,0.9642,-1,-1,-1
877,970,1199.08,274.88,32.86,79.54,0.962,-1,-1,-1
877,989,1206.69,351.9,49.35,64.37,0.946,-1,-1,-1
878,834,437.13,718.26,88.04,118.76,0.9765,-1,-1,-1
878,1071,810.11,386.14,68.0,71.82,0.9765,-1,-1,-1
878,845,257.55,543.83,72.01,99.19,0.9742,-1,-1,-1
878,1036,1743.51,728.35,69.14,127.25,0.9738,-1,-1,-1
878,1037,1110.64,346.52,50.08,84.18,0.9733,-1,-1,-1
878,1041,929.0,456.12,76.53,84.58,0.9729,-1,-1,-1
878,995,556.93,400.73,58.6,79.73,0.9719,-1,-1,-1
878,1038,383.81,387.66,50.08,92.28,0.9693,-1,-1,-1
878,1074,1394.34,942.56,79.0,128.26,0.9672,-1,-1,-1
878,1073,558.87,490.68,62.28,100.47,0.9665,-1,-1,-1
878,1067,542.49,181.11,56.87,58.62,0.9652,-1,-1,-1
878,989,1205.93,346.13,46.57,70.41,0.9638,-1,-1,-1
878,970,1190.83,271.87,34.41,82.02,0.9615,-1,-1,-1
878,843,0.11,430.73,36.08,97.98,0.9591,-1,-1,-1
878,849,646.37,364.68,41.29,62.4,0.9425,-1,-1,-1
879,1074,1387.94,941.64,92.58,128.01,0.9812,-1,-1,-1
879,1037,1105.73,345.53,51.75,84.24,0.9766,-1,-1,-1
879,834,438.58,716.05,85.63,113.46,0.9746,-1,-1,-1
879,1038,373.49,387.13,57.67,93.25,0.9732,-1,-1,-1
879,1036,1742.14,725.17,66.16,121.82,0.973,-1,-1,-1
879,1071,813.25,387.16,63.77,73.79,0.9722,-1,-1,-1
879,1041,926.86,455.79,80.59,84.02,0.9708,-1,-1,-1
879,845,256.35,544.42,67.77,99.64,0.9692,-1,-1,-1
879,989,1201.21,341.64,48.1,75.78,0.9691,-1,-1,-1
879,1067,542.38,182.09,52.42,58.6,0.9664,-1,-1,-1
879,995,552.26,403.32,57.75,77.86,0.9654,-1,-1,-1
879,970,1182.94,268.78,35.56,83.83,0.9578,-1,-1,-1
879,1073,558.59,498.21,56.75,90.67,0.949,-1,-1,-1
879,843,0.29,429.58,32.13,97.7,0.9483,-1,-1,-1
879,849,647.4,371.18,33.95,56.32,0.9003,-1,-1,-1
880,1074,1386.46,937.83,101.17,130.61,0.9716,-1,-1,-1
880,1037,1100.29,344.99,54.79,83.41,0.9708,-1,-1,-1
880,989,1193.36,339.19,52.49,77.09,0.9699,-1,-1,-1
880,845,259.11,544.75,59.41,100.57,0.9688,-1,-1,-1
880,1041,925.14,455.43,80.95,83.11,0.9673,-1,-1,-1
880,995,556.75,404.65,52.46,72.53,0.9666,-1,-1,-1
880,1036,1743.74,723.29,62.11,113.58,0.966,-1,-1,-1
880,1038,362.8,388.0,64.23,90.7,0.966,-1,-1,-1
880,1071,824.01,387.09,53.74,74.38,0.966,-1,-1,-1
880,834,453.02,714.56,70.74,118.78,0.9651,-1,-1,-1
880,970,1175.0,266.5,36.49,80.55,0.9618,-1,-1,-1
880,849,636.68,359.72,49.94,67.99,0.9586,-1,-1,-1
880,1067,545.84,182.9,39.74,58.22,0.9574,-1,-1,-1
880,1073,562.76,504.94,42.97,86.37,0.9469,-1,-1,-1
880,843,0.0,429.09,29.84,97.12,0.9411,-1,-1,-1
881,845,244.78,543.66,68.45,103.94,0.976,-1,-1,-1
881,989,1185.23,337.46,57.9,79.23,0.9751,-1,-1,-1
881,1037,1097.46,345.88,52.06,83.67,0.9745,-1,-1,-1
881,1036,1744.4,721.86,58.32,115.46,0.9726,-1,-1,-1
881,1038,356.41,388.73,66.68,86.9,0.9713,-1,-1,-1
881,1071,827.46,387.15,50.43,74.96,0.9696,-1,-1,-1
881,834,470.82,714.5,63.64,119.6,0.9694,-1,-1,-1
881,1074,1388.92,938.26,104.49,126.49,0.9681,-1,-1,-1
881,995,558.87,405.43,51.3,72.36,0.9673,-1,-1,-1
881,970,1166.4,266.12,37.08,76.22,0.9668,-1,-1,-1
881,849,628.6,359.06,54.85,68.8,0.9658,-1,-1,-1
881,1041,935.06,457.33,72.14,82.5,0.96,-1,-1,-1
881,1067,551.59,182.34,27.74,59.77,0.9478,-1,-1,-1
881,1073,569.37,510.35,32.83,81.34,0.8762,-1,-1,-1
881,843,0.11,424.88,16.56,102.16,0.7975,-1,-1,-1
882,845,244.83,543.6,68.39,103.86,0.9759,-1,-1,-1
882,989,1185.26,337.43,57.94,79.06,0.9755,-1,-1,-1
882,1037,1097.39,345.9,52.11,83.67,0.9745,-1,-1,-1
882,1036,1744.38,721.9,58.35,115.56,0.9722,-1,-1,-1
882,1038,356.4,388.72,66.67,86.85,0.9711,-1,-1,-1
882,1071,827.46,387.18,50.41,74.94,0.9695,-1,-1,-1
882,834,470.79,714.48,63.64,119.58,0.9692,-1,-1,-1
882,1074,1388.97,938.27,104.49,126.47,0.9682,-1,-1,-1
882,995,557.89,405.16,52.38,75.76,0.9681,-1,-1,-1
882,970,1166.32,266.12,37.18,76.2,0.967,-1,-1,-1
882,849,628.68,359.08,54.49,68.74,0.9653,-1,-1,-1
882,1041,935.17,457.31,72.1,82.56,0.9601,-1,-1,-1
882,1067,551.65,182.36,27.73,59.77,0.947,-1,-1,-1
882,1073,569.42,510.02,32.74,81.78,0.8821,-1,-1,-1
882,843,0.14,424.83,16.48,102.05,0.791,-1,-1,-1
883,845,235.33,542.29,72.72,105.91,0.9789,-1,-1,-1
883,834,464.48,713.58,75.33,121.96,0.9776,-1,-1,-1
883,1041,944.25,455.06,64.12,88.13,0.9776,-1,-1,-1
883,1036,1736.9,719.82,62.33,117.05,0.9735,-1,-1,-1
883,1037,1097.02,345.54,47.04,83.81,0.9717,-1,-1,-1
883,1074,1391.89,941.08,109.72,120.95,0.9713,-1,-1,-1
883,1071,816.99,387.01,61.09,76.64,0.9701,-1,-1,-1
883,849,622.58,355.43,60.11,68.66,0.9669,-1,-1,-1
883,989,1180.22,334.48,59.43,77.4,0.9655,-1,-1,-1
883,1038,353.14,389.34,62.88,88.24,0.9616,-1,-1,-1
883,970,1160.82,264.68,34.77,76.4,0.96,-1,-1,-1
883,1067,546.33,180.16,32.06,61.05,0.9565,-1,-1,-1
883,1073,562.1,492.51,40.6,100.45,0.9555,-1,-1,-1
883,995,545.08,403.85,61.79,79.95,0.8666,-1,-1,-1
884,834,452.54,711.93,89.91,124.9,0.9799,-1,-1,-1
884,995,534.89,403.28,67.07,81.37,0.9747,-1,-1,-1
884,1036,1732.72,714.46,63.5,123.48,0.9744,-1,-1,-1
884,849,621.54,355.67,59.34,64.79,0.971,-1,-1,-1
884,1071,813.47,386.48,64.4,76.58,0.971,-1,-1,-1
884,845,225.32,540.07,76.74,104.37,0.9703,-1,-1,-1
884,1041,954.68,454.69,55.8,88.9,0.9696,-1,-1,-1
884,1037,1100.41,346.87,39.11,82.42,0.9678,-1,-1,-1
884,1038,353.43,390.16,58.22,88.08,0.967,-1,-1,-1
884,1067,535.04,178.09,42.29,62.64,0.9666,-1,-1,-1
884,989,1175.08,332.1,60.48,74.22,0.9651,-1,-1,-1
884,970,1155.71,264.72,30.85,77.29,0.9565,-1,-1,-1
884,1073,551.61,484.2,52.23,109.73,0.9551,-1,-1,-1
884,1074,1410.12,936.32,88.51,133.91,0.95,-1,-1,-1
885,1036,1729.71,709.0,62.76,126.05,0.976,-1,-1,-1
885,834,450.95,710.43,93.97,121.09,0.9757,-1,-1,-1
885,1041,944.35,451.38,67.58,93.69,0.9755,-1,-1,-1
885,845,219.46,540.75,77.21,100.67,0.9732,-1,-1,-1
885,1074,1419.27,937.71,95.29,132.6,0.9725,-1,-1,-1
885,1038,356.34,390.69,48.16,87.74,0.9705,-1,-1,-1
885,1073,543.7,493.06,59.83,100.44,0.9686,-1,-1,-1
885,1067,527.35,177.72,52.78,62.76,0.968,-1,-1,-1
885,995,527.58,403.8,70.85,79.29,0.9677,-1,-1,-1
885,849,621.74,355.1,56.44,65.76,0.9666,-1,-1,-1
885,1071,811.49,387.57,66.42,74.75,0.9664,-1,-1,-1
885,989,1173.38,331.03,57.66,75.06,0.9657,-1,-1,-1
885,1037,1098.21,346.69,36.96,82.75,0.9625,-1,-1,-1
885,970,1148.02,263.24,29.78,78.57,0.9504,-1,-1,-1
886,834,451.61,708.6,95.48,115.59,0.9805,-1,-1,-1
886,1041,939.0,449.41,76.08,96.81,0.9742,-1,-1,-1
886,1073,537.35,492.15,69.4,93.27,0.9739,-1,-1,-1
886,1036,1724.94,704.59,62.02,121.37,0.9738,-1,-1,-1
886,1038,347.73,391.2,52.92,88.94,0.9736,-1,-1,-1
886,1074,1437.58,935.15,86.74,136.23,0.9717,-1,-1,-1
886,845,215.23,540.99,75.53,100.8,0.9716,-1,-1,-1
886,1037,1085.91,346.24,46.6,83.4,0.9687,-1,-1,-1
886,995,521.59,406.1,72.01,79.04,0.9682,-1,-1,-1
886,1067,522.08,178.07,59.27,64.76,0.9655,-1,-1,-1
886,1071,815.01,388.68,61.89,78.16,0.9647,-1,-1,-1
886,849,628.18,354.58,47.0,66.76,0.9645,-1,-1,-1
886,989,1174.0,333.07,50.96,73.49,0.9623,-1,-1,-1
886,970,1137.94,261.16,30.08,79.99,0.9489,-1,-1,-1
887,1038,336.97,388.43,58.81,93.49,0.9763,-1,-1,-1
887,1041,936.73,448.42,78.95,93.11,0.9728,-1,-1,-1
887,989,1174.83,331.54,44.53,74.43,0.9726,-1,-1,-1
887,1074,1439.06,933.57,88.58,138.65,0.9726,-1,-1,-1
887,834,461.46,709.5,78.41,115.03,0.9722,-1,-1,-1
887,1073,534.77,494.44,67.64,85.17,0.9721,-1,-1,-1
887,845,215.89,542.76,67.84,100.82,0.9707,-1,-1,-1
887,1067,520.59,178.4,55.99,65.92,0.9702,-1,-1,-1
887,1071,823.03,389.1,53.28,77.18,0.9687,-1,-1,-1
887,1037,1078.1,345.51,49.94,83.73,0.9677,-1,-1,-1
887,970,1126.49,258.52,33.46,81.04,0.9643,-1,-1,-1
887,995,520.94,408.86,65.93,75.14,0.9612,-1,-1,-1
887,849,629.16,355.51,41.1,66.82,0.959,-1,-1,-1
887,1036,1721.94,702.91,57.79,109.44,0.9321,-1,-1,-1
888,1038,336.98,388.37,58.9,93.44,0.9762,-1,-1,-1
888,1041,936.71,448.43,78.93,93.06,0.9727,-1,-1,-1
888,1074,1439.04,933.57,88.53,138.65,0.9726,-1,-1,-1
888,989,1174.81,331.64,44.53,74.33,0.9726,-1,-1,-1
888,1073,534.73,494.14,67.68,85.43,0.9725,-1,-1,-1
888,834,461.41,709.52,78.6,115.01,0.9724,-1,-1,-1
888,845,215.78,542.74,67.91,100.82,0.9708,-1,-1,-1
888,1067,520.6,178.4,55.9,65.94,0.9703,-1,-1,-1
888,1071,822.89,389.09,53.33,77.13,0.9691,-1,-1,-1
888,1037,1078.12,345.4,49.96,83.95,0.9675,-1,-1,-1
888,970,1126.45,258.56,33.57,80.97,0.9643,-1,-1,-1
888,995,521.02,408.9,65.81,75.18,0.9607,-1,-1,-1
888,849,629.08,355.47,41.16,66.83,0.9592,-1,-1,-1
888,1036,1721.99,702.9,57.75,109.41,0.9317,-1,-1,-1
889,1036,1724.45,699.92,47.38,111.06,0.9763,-1,-1,-1
889,834,474.68,710.38,70.75,116.85,0.9756,-1,-1,-1
889,1037,1070.45,344.68,54.36,84.42,0.9736,-1,-1,-1
889,989,1167.27,330.5,46.73,75.54,0.9732,-1,-1,-1
889,1038,326.61,388.4,64.16,94.12,0.973,-1,-1,-1
889,845,222.29,543.62,59.4,100.97,0.9715,-1,-1,-1
889,1041,936.55,449.09,77.35,92.9,0.969,-1,-1,-1
889,1067,519.54,179.83,47.9,67.01,0.9685,-1,-1,-1
889,970,1112.43,255.82,38.07,83.2,0.9681,-1,-1,-1
889,849,617.96,351.05,51.65,72.74,0.9681,-1,-1,-1
889,1071,821.15,388.75,52.67,78.97,0.967,-1,-1,-1
889,1074,1431.85,929.73,101.61,140.12,0.9648,-1,-1,-1
889,1073,534.48,497.41,58.68,86.24,0.9619,-1,-1,-1
889,995,521.34,410.63,63.04,79.75,0.9579,-1,-1,-1
890,1041,945.41,449.83,63.23,92.78,0.9758,-1,-1,-1
890,1036,1717.01,698.22,47.89,114.03,0.9748,-1,-1,-1
890,845,219.62,544.93,58.62,102.28,0.9722,-1,-1,-1
890,1038,318.77,387.95,66.13,90.58,0.9721,-1,-1,-1
890,1071,809.22,389.14,66.13,78.94,0.971,-1,-1,-1
890,834,480.91,708.89,67.0,121.0,0.9708,-1,-1,-1
890,849,609.96,351.35,56.14,74.03,0.9707,-1,-1,-1
890,970,1100.48,255.55,40.88,80.17,0.97,-1,-1,-1
890,989,1155.87,327.78,54.23,79.17,0.97,-1,-1,-1
890,1074,1436.63,926.1,99.24,138.19,0.9667,-1,-1,-1
890,1037,1063.21,345.68,57.06,82.84,0.9656,-1,-1,-1
890,1073,538.22,491.6,42.3,94.99,0.962,-1,-1,-1
890,1067,522.89,181.4,43.24,66.6,0.9595,-1,-1,-1
890,995,523.54,412.5,57.67,80.6,0.9593,-1,-1,-1
890,1080,553.35,481.45,29.03,51.73,0.4175,-1,-1,-1
891,834,470.39,706.72,77.58,126.69,0.9783,-1,-1,-1
891,845,202.88,543.98,71.19,104.08,0.9751,-1,-1,-1
891,1036,1703.83,694.93,52.61,116.31,0.9741,-1,-1,-1
891,849,603.62,348.99,58.17,72.62,0.9731,-1,-1,-1
891,1041,959.42,450.64,48.85,92.94,0.9704,-1,-1,-1
891,1071,803.91,388.79,70.54,80.14,0.9696,-1,-1,-1
891,1037,1058.85,346.55,53.51,84.51,0.9683,-1,-1,-1
891,995,521.02,411.19,55.98,80.89,0.968,-1,-1,-1
891,1074,1428.49,922.99,108.37,132.36,0.968,-1,-1,-1
891,989,1147.05,326.71,58.86,79.56,0.9678,-1,-1,-1
891,970,1090.25,255.15,41.99,76.91,0.9677,-1,-1,-1
891,1038,312.0,389.94,67.61,90.05,0.9651,-1,-1,-1
891,1067,523.22,182.08,39.38,65.25,0.9629,-1,-1,-1
891,1073,538.83,492.85,36.35,93.76,0.9127,-1,-1,-1
891,1080,548.21,481.58,31.87,45.94,0.5097,-1,-1,-1
892,834,466.46,705.07,83.16,129.66,0.9794,-1,-1,-1
892,1074,1439.81,922.8,92.72,136.45,0.9788,-1,-1,-1
892,1041,957.32,451.11,57.52,93.24,0.9743,-1,-1,-1
892,1036,1690.57,689.43,56.94,119.52,0.9742,-1,-1,-1
892,845,193.02,544.48,75.07,104.8,0.9727,-1,-1,-1
892,989,1140.36,326.07,60.28,77.88,0.971,-1,-1,-1
892,1037,1057.0,348.89,49.29,83.06,0.9685,-1,-1,-1
892,1071,802.72,390.13,71.29,77.83,0.9685,-1,-1,-1
892,995,511.41,410.13,61.42,82.51,0.9671,-1,-1,-1
892,970,1081.17,256.3,41.87,76.27,0.9664,-1,-1,-1
892,1067,511.84,183.16,45.48,67.38,0.9644,-1,-1,-1
892,1038,310.02,392.1,62.16,90.13,0.9641,-1,-1,-1
892,849,600.29,349.97,58.65,68.44,0.9628,-1,-1,-1
892,1073,529.01,479.0,47.38,108.13,0.96,-1,-1,-1
893,834,464.37,701.76,90.34,118.09,0.9802,-1,-1,-1
893,845,181.38,546.08,83.3,100.56,0.978,-1,-1,-1
893,1041,946.11,450.2,69.84,95.4,0.9762,-1,-1,-1
893,1074,1454.98,922.85,77.92,139.35,0.9732,-1,-1,-1
893,1036,1682.25,683.95,60.39,120.37,0.9732,-1,-1,-1
893,995,500.52,409.77,67.28,86.31,0.9724,-1,-1,-1
893,1037,1057.28,349.93,44.02,83.11,0.9687,-1,-1,-1
893,1067,500.64,183.99,51.62,67.19,0.9682,-1,-1,-1
893,1038,311.36,393.54,54.78,91.07,0.9666,-1,-1,-1
893,970,1073.03,257.82,40.39,75.25,0.9647,-1,-1,-1
893,1073,522.18,476.52,47.11,114.46,0.9619,-1,-1,-1
893,989,1136.82,329.23,59.22,72.98,0.9615,-1,-1,-1
893,1071,808.27,393.33,63.59,78.52,0.9606,-1,-1,-1
893,849,598.69,349.91,54.38,70.2,0.9578,-1,-1,-1
894,834,464.4,701.79,90.43,118.04,0.9804,-1,-1,-1
894,845,181.38,546.06,83.33,100.62,0.9781,-1,-1,-1
894,1041,945.98,450.17,70.0,95.46,0.9762,-1,-1,-1
894,1036,1682.29,683.93,60.37,120.41,0.9733,-1,-1,-1
894,1074,1454.96,922.86,77.87,139.38,0.9728,-1,-1,-1
894,995,500.48,409.74,67.22,86.37,0.9724,-1,-1,-1
894,1037,1057.27,349.96,44.01,83.13,0.9687,-1,-1,-1
894,1067,500.62,183.98,51.58,67.35,0.9684,-1,-1,-1
894,1038,311.4,393.55,54.73,91.04,0.9661,-1,-1,-1
894,970,1072.96,257.84,40.44,75.14,0.9649,-1,-1,-1
894,1073,522.27,476.07,47.11,115.0,0.9618,-1,-1,-1
894,1071,808.31,393.4,63.51,78.42,0.9607,-1,-1,-1
894,989,1136.81,329.69,59.02,72.47,0.9604,-1,-1,-1
894,849,598.68,350.0,54.32,70.16,0.9575,-1,-1,-1
895,845,178.39,546.56,84.16,100.29,0.9766,-1,-1,-1
895,1074,1471.0,918.66,62.04,141.35,0.9758,-1,-1,-1
895,1041,940.87,449.97,75.15,95.4,0.975,-1,-1,-1
895,1036,1679.14,679.9,55.0,110.61,0.9732,-1,-1,-1
895,995,493.0,410.55,69.08,79.11,0.9725,-1,-1,-1
895,1038,315.12,394.47,44.95,91.75,0.9701,-1,-1,-1
895,1037,1052.37,349.29,42.86,84.32,0.97,-1,-1,-1
895,1067,494.66,185.5,55.35,67.21,0.9695,-1,-1,-1
895,1073,513.76,483.49,51.96,104.95,0.969,-1,-1,-1
895,1071,820.39,394.35,51.92,78.83,0.9678,-1,-1,-1
895,970,1063.77,257.31,39.37,76.94,0.9666,-1,-1,-1
895,834,469.07,702.83,79.79,115.35,0.9629,-1,-1,-1
895,989,1131.91,330.31,58.12,71.48,0.9568,-1,-1,-1
895,849,603.89,358.27,41.37,62.55,0.9486,-1,-1,-1
896,1074,1464.79,915.48,73.01,144.37,0.9778,-1,-1,-1
896,845,174.4,549.01,81.11,101.22,0.9775,-1,-1,-1
896,1041,940.1,450.41,74.72,93.63,0.9735,-1,-1,-1
896,1037,1038.81,349.1,49.32,85.33,0.9734,-1,-1,-1
896,1071,815.4,397.83,55.53,77.72,0.9731,-1,-1,-1
896,1038,301.41,395.23,51.27,91.95,0.9715,-1,-1,-1
896,1067,488.01,188.6,56.83,67.91,0.9645,-1,-1,-1
896,995,488.49,412.21,67.89,74.48,0.9635,-1,-1,-1
896,989,1130.71,328.42,53.62,75.21,0.9629,-1,-1,-1
896,1073,506.66,489.15,59.96,87.71,0.9625,-1,-1,-1
896,834,485.58,701.31,64.91,121.06,0.9621,-1,-1,-1
896,1036,1676.71,678.01,51.63,108.0,0.9594,-1,-1,-1
896,970,1055.41,257.28,36.32,76.77,0.9583,-1,-1,-1
896,849,606.92,365.78,32.89,57.28,0.8365,-1,-1,-1
897,845,175.17,550.7,70.36,103.24,0.9764,-1,-1,-1
897,1074,1456.93,912.44,85.79,144.41,0.9749,-1,-1,-1
897,1041,945.2,450.36,74.22,97.18,0.9744,-1,-1,-1
897,1038,288.96,395.45,59.52,95.21,0.9734,-1,-1,-1
897,1036,1669.12,673.75,50.18,112.18,0.9733,-1,-1,-1
897,849,594.18,350.67,49.38,74.22,0.9726,-1,-1,-1
897,1071,804.31,399.97,65.01,77.44,0.9723,-1,-1,-1
897,1037,1029.33,349.22,52.03,83.52,0.9706,-1,-1,-1
897,1067,488.26,191.07,49.91,67.45,0.9682,-1,-1,-1
897,834,501.97,700.26,58.13,121.47,0.9675,-1,-1,-1
897,989,1129.31,329.2,50.15,75.26,0.9639,-1,-1,-1
897,1073,502.28,481.82,56.47,95.64,0.9636,-1,-1,-1
897,970,1043.91,254.63,36.47,80.24,0.9563,-1,-1,-1
897,995,484.8,414.72,61.59,70.47,0.942,-1,-1,-1
898,845,181.17,550.81,59.16,104.73,0.9755,-1,-1,-1
898,1037,1021.1,348.93,54.07,83.81,0.9748,-1,-1,-1
898,989,1125.47,328.15,49.1,75.77,0.9725,-1,-1,-1
898,834,486.48,697.99,79.02,124.74,0.9717,-1,-1,-1
898,1071,800.75,401.6,68.56,76.96,0.9714,-1,-1,-1
898,1036,1657.92,670.31,52.83,114.9,0.9711,-1,-1,-1
898,1074,1454.49,908.81,96.16,137.03,0.9701,-1,-1,-1
898,849,583.71,351.39,57.07,74.94,0.9681,-1,-1,-1
898,1038,278.18,396.59,65.25,93.5,0.964,-1,-1,-1
898,970,1032.38,253.08,37.39,82.6,0.9637,-1,-1,-1
898,1073,502.74,494.67,44.34,86.25,0.9637,-1,-1,-1
898,1041,956.66,451.62,72.28,96.48,0.9612,-1,-1,-1
898,1067,489.82,191.44,40.71,67.59,0.9533,-1,-1,-1
898,995,488.53,416.97,56.54,75.42,0.953,-1,-1,-1
899,834,478.9,692.82,90.53,125.25,0.9795,-1,-1,-1
899,1038,270.98,396.09,68.83,90.43,0.977,-1,-1,-1
899,1036,1650.22,661.74,53.1,121.57,0.9756,-1,-1,-1
899,845,179.97,549.88,57.74,107.09,0.9747,-1,-1,-1
899,1037,1014.48,349.15,54.28,84.45,0.9738,-1,-1,-1
899,1071,801.13,401.82,69.05,80.06,0.9731,-1,-1,-1
899,849,576.73,349.5,62.16,70.29,0.9726,-1,-1,-1
899,989,1114.72,326.73,54.78,76.42,0.9698,-1,-1,-1
899,970,1021.1,251.54,38.0,80.5,0.9676,-1,-1,-1
899,1041,959.37,450.54,78.13,97.58,0.9675,-1,-1,-1
899,1074,1452.46,905.12,103.81,131.46,0.9654,-1,-1,-1
899,995,495.07,414.76,48.2,91.18,0.9651,-1,-1,-1
899,1067,487.88,190.04,34.73,69.49,0.9528,-1,-1,-1
899,1073,504.28,497.37,33.9,83.66,0.8529,-1,-1,-1
900,834,478.92,692.94,90.48,125.25,0.9796,-1,-1,-1
900,1038,270.96,396.07,68.71,90.41,0.9769,-1,-1,-1
900,1036,1650.22,661.79,53.09,121.49,0.9757,-1,-1,-1
900,845,179.98,549.84,57.7,107.12,0.9747,-1,-1,-1
900,1037,1014.39,349.15,54.38,84.45,0.974,-1,-1,-1
900,1071,801.15,401.93,69.0,79.91,0.9729,-1,-1,-1
900,849,576.68,349.52,62.2,70.29,0.9725,-1,-1,-1
900,989,1114.5,326.82,54.96,76.34,0.9691,-1,-1,-1
900,1041,959.43,450.52,77.94,97.63,0.9678,-1,-1,-1
900,970,1021.2,251.58,37.93,80.33,0.9674,-1,-1,-1
900,1074,1452.31,905.18,104.01,131.33,0.966,-1,-1,-1
900,995,494.5,416.26,48.02,85.84,0.9648,-1,-1,-1
900,1067,487.71,190.05,34.89,69.45,0.953,-1,-1,-1
900,1073,503.98,497.92,33.88,83.0,0.8607,-1,-1,-1
