track_id,label,frame,outside,occluded,xtl,ytl,xbr,ybr,jersey_number
0,player,15,0,0,787.67,876.51,873.20,1049.70,13
0,player,16,0,0,788.99,876.35,874.51,1049.53,13
0,player,17,0,0,790.30,876.18,875.83,1049.37,13
0,player,18,0,0,791.62,876.02,877.14,1049.21,13
0,player,19,0,0,792.94,875.86,878.46,1049.04,13
0,player,20,0,0,794.25,875.69,879.78,1048.88,13
0,player,21,0,0,795.57,875.53,881.09,1048.71,13
0,player,22,0,0,796.88,875.36,882.41,1048.55,13
0,player,23,0,0,798.20,875.20,883.72,1048.38,13
0,player,24,0,0,799.51,875.03,885.04,1048.22,13
0,player,25,0,0,800.83,874.87,886.35,1048.05,13
0,player,26,0,0,802.15,874.70,887.67,1047.89,13
0,player,27,0,0,803.46,874.54,888.99,1047.73,13
0,player,28,0,0,804.78,874.38,890.30,1047.56,13
0,player,29,0,0,806.09,874.21,891.62,1047.40,13
0,player,30,0,0,807.41,874.05,892.93,1047.23,13
0,player,31,0,0,808.73,873.88,894.25,1047.07,13
0,player,32,0,0,810.04,873.72,895.56,1046.90,13
0,player,33,0,0,811.36,873.55,896.88,1046.74,13
0,player,34,0,0,812.67,873.39,898.20,1046.57,13
0,player,35,0,0,813.99,873.22,899.51,1046.41,13
0,player,36,0,0,815.30,873.06,900.83,1046.25,13
0,player,37,0,0,816.62,872.90,902.14,1046.08,13
0,player,38,0,0,817.94,872.73,903.46,1045.92,13
0,player,39,0,0,819.25,872.57,904.77,1045.75,13
0,player,40,0,0,820.57,872.40,906.09,1045.59,13
0,player,41,0,0,821.88,872.24,907.41,1045.42,13
0,player,42,0,0,820.36,872.59,905.88,1045.77,13
0,player,43,0,0,818.84,872.94,904.36,1046.13,13
0,player,44,0,0,817.31,873.29,902.84,1046.48,13
0,player,45,0,0,815.79,873.64,901.31,1046.83,13
0,player,46,0,0,814.27,873.99,899.79,1047.18,13
0,player,47,0,0,812.74,874.35,898.27,1047.53,13
0,player,48,0,0,811.22,874.70,896.75,1047.88,13
0,player,49,0,0,809.70,875.05,895.22,1048.23,13
0,player,50,0,0,808.18,875.40,893.70,1048.59,13
0,player,51,0,0,806.65,875.75,892.18,1048.94,13
0,player,52,0,0,805.13,876.10,890.65,1049.29,13
0,player,53,0,0,803.61,876.45,889.13,1049.64,13
0,player,54,0,0,802.08,876.81,887.61,1049.99,13
0,player,55,0,0,800.56,877.16,886.08,1050.34,13
0,player,56,0,0,799.04,877.51,884.56,1050.69,13
0,player,57,0,0,797.51,877.86,883.04,1051.05,13
0,player,58,0,0,795.99,878.21,881.52,1051.40,13
0,player,59,0,0,794.47,878.56,879.99,1051.75,13
0,player,60,0,0,792.95,878.92,878.47,1052.10,13
0,player,61,0,0,791.42,879.27,876.95,1052.45,13
0,player,62,0,0,789.90,879.62,875.42,1052.80,13
0,player,63,0,0,788.38,879.97,873.90,1053.16,13
0,player,64,0,0,786.85,880.32,872.38,1053.51,13
0,player,65,0,0,785.33,880.67,870.85,1053.86,13
0,player,66,0,0,783.81,881.02,869.33,1054.21,13
0,player,67,0,0,782.28,881.38,867.81,1054.56,13
0,player,68,0,0,780.76,881.73,866.28,1054.91,13
0,player,69,0,0,779.24,882.08,864.76,1055.26,13
0,player,70,0,0,777.72,882.43,863.24,1055.62,13
0,player,71,0,0,776.19,882.78,861.72,1055.97,13
0,player,72,0,0,774.67,883.13,860.19,1056.32,13
0,player,73,0,0,773.15,883.48,858.67,1056.67,13
0,player,74,0,0,771.62,883.84,857.15,1057.02,13
0,player,75,0,0,770.10,884.19,855.62,1057.37,13
0,player,76,0,0,768.58,884.54,854.10,1057.72,13
0,player,77,0,0,767.05,884.89,852.58,1058.08,13
0,player,78,0,0,765.53,885.24,851.05,1058.43,13
0,player,79,0,0,764.01,885.59,849.53,1058.78,13
0,player,80,0,0,762.49,885.94,848.01,1059.13,13
0,player,81,0,0,760.96,886.30,846.49,1059.48,13
0,player,82,0,0,759.44,886.65,844.96,1059.83,13
0,player,83,0,0,757.92,887.00,843.44,1060.18,13
0,player,84,0,0,756.39,887.35,841.92,1060.54,13
0,player,85,0,0,754.87,887.70,840.39,1060.89,13
0,player,86,0,0,753.35,888.05,838.87,1061.24,13
0,player,87,0,0,751.82,888.40,837.35,1061.59,13
0,player,88,0,0,750.30,888.76,835.82,1061.94,13
0,player,89,0,0,748.78,889.11,834.30,1062.29,13
0,player,90,0,0,747.26,889.46,832.78,1062.64,13
0,player,91,0,0,745.73,889.81,831.26,1063.00,13
0,player,92,0,0,744.21,890.16,829.73,1063.35,13
0,player,93,0,0,742.69,890.51,828.21,1063.70,13
0,player,94,0,0,741.16,890.87,826.69,1064.05,13
0,player,95,0,0,739.64,891.22,825.16,1064.40,13
0,player,96,0,0,738.12,891.57,823.64,1064.75,13
0,player,97,0,0,736.59,891.92,822.12,1065.11,13
0,player,98,0,0,735.07,892.27,820.59,1065.46,13
0,player,99,0,0,733.55,892.62,819.07,1065.81,13
0,player,100,0,0,732.03,892.97,817.55,1066.16,13
0,player,101,0,0,730.50,893.33,816.03,1066.51,13
0,player,102,0,0,728.98,893.68,814.50,1066.86,13
0,player,103,0,0,727.46,894.03,812.98,1067.21,13
0,player,104,0,0,725.93,894.38,811.46,1067.57,13
0,player,105,0,0,724.41,894.73,809.93,1067.92,13
0,player,106,0,0,722.89,895.08,808.41,1068.27,13
0,player,107,0,0,721.36,895.43,806.89,1068.62,13
0,player,108,0,0,719.84,895.79,805.36,1068.97,13
0,player,109,0,0,718.32,896.14,803.84,1069.32,13
0,player,110,0,0,716.80,896.49,802.32,1069.67,13
0,player,111,0,0,715.27,896.84,800.80,1070.03,13
0,player,112,0,0,713.75,897.19,799.27,1070.38,13
0,player,113,0,0,712.23,897.54,797.75,1070.73,13
0,player,114,0,0,710.70,897.89,796.23,1071.08,13
0,player,115,0,0,712.84,897.52,798.36,1070.70,13
0,player,116,0,0,714.98,897.14,800.50,1070.33,13
0,player,117,0,0,717.12,896.76,802.64,1069.95,13
0,player,118,0,0,719.26,896.39,804.78,1069.57,13
0,player,119,0,0,721.39,896.01,806.92,1069.19,13
0,player,120,0,0,723.53,895.63,809.06,1068.82,13
0,player,121,0,0,725.67,895.25,811.19,1068.44,13
0,player,122,0,0,727.81,894.88,813.33,1068.06,13
0,player,123,0,0,729.95,894.50,815.47,1067.68,13
0,player,124,0,0,732.08,894.12,817.61,1067.31,13
0,player,125,0,0,734.22,893.74,819.75,1066.93,13
0,player,126,0,0,736.36,893.37,821.88,1066.55,13
0,player,127,0,0,738.50,892.99,824.02,1066.18,13
0,player,128,0,0,740.64,892.61,826.16,1065.80,13
0,player,129,0,0,742.77,892.24,828.30,1065.42,13
0,player,130,0,0,744.91,891.86,830.44,1065.04,13
0,player,131,0,0,747.05,891.48,832.57,1064.67,13
0,player,132,0,0,748.76,892.00,834.28,1065.19,13
0,player,133,0,0,750.46,892.53,835.98,1065.71,13
0,player,134,0,0,752.16,893.05,837.69,1066.23,13
0,player,135,0,0,753.87,893.57,839.39,1066.76,13
0,player,136,0,0,755.57,894.09,841.10,1067.28,13
0,player,137,0,0,757.28,894.62,842.80,1067.80,13
0,player,138,0,0,758.98,895.14,844.50,1068.33,13
0,player,139,0,0,760.69,895.66,846.21,1068.85,13
0,player,140,0,0,762.39,896.19,847.91,1069.37,13
0,player,141,0,0,764.09,896.71,849.62,1069.89,13
0,player,142,0,0,765.80,897.23,851.32,1070.42,13
0,player,143,0,0,767.50,897.76,853.03,1070.94,13
0,player,144,0,0,769.21,898.28,854.73,1071.46,13
0,player,145,0,0,770.91,898.80,856.44,1071.99,13
0,player,146,0,0,772.62,899.32,858.14,1072.51,13
0,player,147,0,0,774.32,899.85,859.84,1073.03,13
0,player,148,0,0,776.03,900.37,861.55,1073.56,13
0,player,149,0,0,777.73,900.89,863.25,1074.08,13
0,player,150,0,0,779.43,901.42,864.96,1074.60,13
0,player,151,0,0,781.14,901.94,866.66,1075.12,13
0,player,152,0,0,782.84,902.46,868.37,1075.65,13
0,player,153,0,0,784.55,902.98,870.07,1076.17,13
0,player,154,0,0,786.25,903.51,871.77,1076.69,13
0,player,155,0,0,787.96,904.03,873.48,1077.22,13
0,player,156,0,0,789.66,904.55,875.18,1077.74,13
0,player,157,0,0,792.42,904.63,877.94,1077.80,13
0,player,158,0,0,795.18,904.70,880.70,1077.87,13
0,player,159,0,0,797.94,904.78,883.46,1077.94,13
0,player,160,0,0,800.70,904.85,886.22,1078.00,13
0,player,161,0,0,803.45,904.93,888.98,1078.07,13
0,player,162,0,0,806.21,905.00,891.74,1078.14,13
0,player,163,0,0,808.97,905.07,894.50,1078.20,13
0,player,164,0,0,811.73,905.15,897.25,1078.27,13
0,player,165,0,0,814.49,905.22,900.01,1078.34,13
0,player,166,0,0,817.25,905.30,902.77,1078.40,13
0,player,167,0,0,820.01,905.37,905.53,1078.47,13
0,player,168,0,0,822.77,905.45,908.29,1078.54,13
0,player,169,0,0,825.53,905.52,911.05,1078.60,13
0,player,170,0,0,828.28,905.60,913.81,1078.67,13
0,player,171,0,0,831.04,905.67,916.57,1078.74,13
0,player,172,0,0,833.80,905.75,919.33,1078.80,13
0,player,173,0,0,836.56,905.82,922.08,1078.87,13
0,player,174,0,0,839.32,905.89,924.84,1078.94,13
0,player,175,0,0,842.08,905.97,927.60,1079.00,13
0,player,176,0,0,844.84,906.04,930.36,1079.07,13
0,player,177,0,0,847.60,906.12,933.12,1079.14,13
0,player,178,0,0,850.36,906.19,935.88,1079.20,13
0,player,179,0,0,853.11,906.27,938.64,1079.27,13
0,player,180,0,0,855.87,906.34,941.40,1079.33,13
0,player,181,0,0,858.63,906.42,944.16,1079.40,13
0,player,182,0,0,861.39,906.49,946.92,1079.47,13
0,player,183,0,0,864.15,906.57,949.67,1079.53,13
0,player,184,0,0,866.91,906.64,952.43,1079.60,13
0,player,185,0,0,869.67,906.72,955.19,1079.67,13
0,player,186,0,0,872.43,906.79,957.95,1079.73,13
0,player,187,0,0,875.19,906.86,960.71,1079.80,13
0,player,188,0,0,877.95,906.94,963.47,1079.87,13
0,player,189,0,0,880.70,907.01,966.23,1079.93,13
0,player,190,0,0,883.46,907.09,968.99,1080.00,13
0,player,191,0,0,887.27,906.73,972.79,1079.64,13
0,player,192,0,0,891.07,906.36,976.59,1079.28,13
0,player,193,0,0,894.87,906.00,980.39,1078.91,13
0,player,194,0,0,898.67,905.64,984.20,1078.55,13
0,player,195,0,0,902.48,905.28,988.00,1078.19,13
0,player,196,0,0,906.28,904.91,991.80,1077.83,13
0,player,197,0,0,910.08,904.55,995.61,1077.46,13
0,player,198,0,0,913.89,904.19,999.41,1077.10,13
0,player,199,0,0,917.69,903.83,1003.21,1076.74,13
0,player,200,0,0,921.49,903.47,1007.02,1076.38,13
0,player,201,0,0,925.29,903.10,1010.82,1076.02,13
0,player,202,0,0,929.10,902.74,1014.62,1075.65,13
0,player,203,0,0,932.90,902.38,1018.42,1075.29,13
0,player,204,0,0,936.70,902.02,1022.23,1074.93,13
0,player,205,0,0,939.50,901.85,1025.02,1074.77,13
0,player,206,0,0,942.30,901.69,1027.82,1074.60,13
0,player,207,0,0,945.09,901.52,1030.61,1074.44,13
0,player,208,0,0,947.89,901.36,1033.41,1074.27,13
0,player,209,0,0,950.68,901.20,1036.21,1074.11,13
0,player,210,0,0,953.48,901.03,1039.00,1073.94,13
0,player,211,0,0,956.27,900.87,1041.80,1073.78,13
0,player,212,0,0,959.07,900.70,1044.59,1073.61,13
0,player,213,0,0,961.87,900.54,1047.39,1073.45,13
0,player,214,0,0,964.66,900.37,1050.19,1073.28,13
0,player,215,0,0,967.46,900.21,1052.98,1073.12,13
0,player,216,0,0,970.25,900.04,1055.78,1072.96,13
0,player,217,0,0,973.05,899.88,1058.57,1072.79,13
0,player,218,0,0,978.59,899.04,1064.11,1071.95,13
0,player,219,0,0,984.13,898.20,1069.65,1071.11,13
0,player,220,0,0,989.66,897.36,1075.19,1070.27,13
0,player,221,0,0,995.20,896.51,1080.73,1069.43,13
0,player,222,0,0,1000.74,895.67,1086.26,1068.58,13
0,player,223,0,0,1006.28,894.83,1091.80,1067.74,13
0,player,224,0,0,1011.82,893.99,1097.34,1066.90,13
0,player,225,0,0,1017.35,893.15,1102.88,1066.06,13
0,player,226,0,0,1022.89,892.31,1108.42,1065.22,13
0,player,227,0,0,1028.43,891.47,1113.95,1064.38,13
0,player,228,0,0,1033.97,890.63,1119.49,1063.54,13
0,player,229,0,0,1039.51,889.78,1125.03,1062.70,13
0,player,230,0,0,1045.04,888.94,1130.57,1061.86,13
0,player,231,0,0,1050.58,888.10,1136.11,1061.01,13
0,player,232,0,0,1056.12,887.26,1141.64,1060.17,13
0,player,233,0,0,1061.66,886.42,1147.18,1059.33,13
0,player,234,0,0,1067.20,885.58,1152.72,1058.49,13
0,player,235,0,0,1072.73,884.74,1158.26,1057.65,13
0,player,236,0,0,1078.27,883.90,1163.80,1056.81,13
0,player,237,0,0,1083.81,883.05,1169.33,1055.97,13
0,player,238,0,0,1089.35,882.21,1174.87,1055.13,13
0,player,239,0,0,1094.89,881.37,1180.41,1054.28,13
0,player,240,0,0,1100.42,880.53,1185.95,1053.44,13
0,player,241,0,0,1105.96,879.69,1191.49,1052.60,13
0,player,242,0,0,1111.50,878.85,1197.02,1051.76,13
0,player,243,0,0,1117.04,878.01,1202.56,1050.92,13
0,player,244,0,0,1122.58,877.17,1208.10,1050.08,13
0,player,245,0,0,1128.11,876.32,1213.64,1049.24,13
0,player,246,0,0,1133.65,875.48,1219.18,1048.40,13
0,player,247,0,0,1139.19,874.64,1224.71,1047.55,13
0,player,248,0,0,1144.73,873.80,1230.25,1046.71,13
0,player,249,0,0,1150.27,872.96,1235.79,1045.87,13
0,player,250,0,0,1155.80,872.12,1241.33,1045.03,13
0,player,251,0,0,1161.34,871.28,1246.87,1044.19,13
0,player,252,0,0,1166.88,870.44,1252.40,1043.35,13
0,player,253,0,0,1172.42,869.59,1257.94,1042.51,13
0,player,254,0,0,1177.96,868.75,1263.48,1041.67,13
0,player,255,0,0,1183.49,867.91,1269.02,1040.82,13
0,player,256,0,0,1189.03,867.07,1274.56,1039.98,13
0,player,257,0,0,1194.57,866.23,1280.09,1039.14,13
0,player,258,0,0,1200.11,865.39,1285.63,1038.30,13
0,player,259,0,0,1205.65,864.55,1291.17,1037.46,13
0,player,260,0,0,1211.18,863.71,1296.71,1036.62,13
0,player,261,0,0,1216.72,862.87,1302.25,1035.78,13
0,player,262,0,0,1222.26,862.02,1307.78,1034.94,13
0,player,263,0,0,1227.80,861.18,1313.32,1034.09,13
0,player,264,0,0,1233.34,860.34,1318.86,1033.25,13
0,player,265,0,0,1238.87,859.50,1324.40,1032.41,13
0,player,266,0,0,1244.41,858.66,1329.94,1031.57,13
0,player,267,0,0,1249.95,857.82,1335.47,1030.73,13
0,player,268,0,0,1255.49,856.98,1341.01,1029.89,13
0,player,269,0,0,1261.03,856.14,1346.55,1029.05,13
0,player,270,0,0,1266.56,855.29,1352.09,1028.21,13
0,player,271,0,0,1272.10,854.45,1357.63,1027.37,13
0,player,272,0,0,1277.64,853.61,1363.16,1026.52,13
0,player,273,0,0,1283.18,852.77,1368.70,1025.68,13
0,player,274,0,0,1288.72,851.93,1374.24,1024.84,13
0,player,275,0,0,1294.25,851.09,1379.78,1024.00,13
0,player,276,0,0,1299.79,850.25,1385.32,1023.16,13
0,player,277,0,0,1305.33,849.41,1390.85,1022.32,13
0,player,278,0,0,1310.87,848.56,1396.39,1021.48,13
0,player,279,0,0,1314.56,847.79,1400.08,1020.70,13
0,player,280,0,0,1318.25,847.01,1403.78,1019.92,13
0,player,281,0,0,1321.95,846.23,1407.47,1019.14,13
0,player,282,0,0,1325.64,845.45,1411.16,1018.37,13
0,player,283,0,0,1329.33,844.68,1414.86,1017.59,13
0,player,284,0,0,1333.03,843.90,1418.55,1016.81,13
0,player,285,0,0,1336.72,843.12,1422.24,1016.03,13
0,player,286,0,0,1340.41,842.34,1425.94,1015.26,13
0,player,287,0,0,1344.11,841.57,1429.63,1014.48,13
0,player,288,0,0,1347.80,840.79,1433.32,1013.70,13
0,player,289,0,0,1351.49,840.01,1437.02,1012.92,13
0,player,290,0,0,1354.49,838.30,1440.01,1011.21,13
0,player,291,0,0,1357.48,836.59,1443.00,1009.50,13
0,player,292,0,0,1360.47,834.88,1446.00,1007.79,13
0,player,293,0,0,1363.46,833.17,1448.99,1006.08,13
0,player,294,0,0,1366.46,831.46,1451.98,1004.37,13
0,player,295,0,0,1371.36,829.53,1456.89,1002.44,13
0,player,296,0,0,1376.27,827.60,1461.79,1000.52,13
0,player,297,0,0,1381.17,825.68,1466.70,998.59,13
0,player,298,0,0,1386.08,823.75,1471.60,996.66,13
0,player,299,0,0,1390.98,821.82,1476.51,994.73,13
0,player,300,0,0,1395.89,819.89,1481.41,992.80,13
0,player,301,0,0,1400.79,817.96,1486.32,990.87,13
0,player,302,0,0,1405.70,816.03,1491.22,988.95,13
0,player,303,0,0,1410.60,814.10,1496.13,987.02,13
0,player,304,0,0,1415.51,812.18,1501.03,985.09,13
0,player,305,0,0,1420.41,810.25,1505.94,983.16,13
0,player,306,0,0,1425.32,808.32,1510.84,981.23,13
0,player,307,0,0,1430.22,806.39,1515.75,979.30,13
0,player,308,0,0,1435.13,804.46,1520.65,977.37,13
0,player,309,0,0,1440.03,802.53,1525.56,975.45,13
0,player,310,0,0,1444.94,800.61,1530.46,973.52,13
0,player,311,0,0,1449.84,798.68,1535.37,971.59,13
0,player,312,0,0,1454.75,796.75,1540.27,969.66,13
0,player,313,0,0,1459.65,794.82,1545.18,967.73,13
0,player,314,0,0,1464.56,792.89,1550.08,965.80,13
0,player,315,0,0,1469.46,790.96,1554.99,963.88,13
0,player,316,0,0,1474.37,789.03,1559.89,961.95,13
0,player,317,0,0,1479.27,787.11,1564.80,960.02,13
0,player,318,0,0,1484.18,785.18,1569.70,958.09,13
0,player,319,0,0,1489.08,783.25,1574.61,956.16,13
0,player,320,0,0,1493.99,781.32,1579.51,954.23,13
0,player,321,0,0,1498.89,779.39,1584.42,952.30,13
0,player,322,0,0,1503.80,777.46,1589.32,950.38,13
0,player,323,0,0,1508.70,775.54,1594.23,948.45,13
0,player,324,0,0,1513.61,773.61,1599.13,946.52,13
0,player,325,0,0,1518.51,771.68,1604.04,944.59,13
0,player,326,0,0,1523.42,769.75,1608.94,942.66,13
0,player,327,0,0,1528.32,767.82,1613.85,940.73,13
0,player,328,0,0,1533.23,765.89,1618.75,938.81,13
0,player,329,0,0,1538.13,763.96,1623.66,936.88,13
0,player,330,0,0,1543.04,762.04,1628.56,934.95,13
0,player,331,0,0,1547.94,760.11,1633.47,933.02,13
0,player,332,0,0,1552.85,758.18,1638.37,931.09,13
0,player,333,0,0,1557.75,756.25,1643.28,929.16,13
0,player,334,0,0,1562.66,754.32,1648.18,927.23,13
0,player,335,0,0,1567.56,752.39,1653.09,925.31,13
0,player,336,0,0,1572.47,750.47,1657.99,923.38,13
0,player,337,0,0,1577.37,748.54,1662.90,921.45,13
0,player,338,0,0,1582.28,746.61,1667.80,919.52,13
0,player,339,0,0,1587.18,744.68,1672.71,917.59,13
0,player,340,0,0,1592.09,742.75,1677.61,915.66,13
0,player,341,0,0,1596.99,740.82,1682.52,913.74,13
0,player,342,0,0,1601.90,738.89,1687.42,911.81,13
0,player,343,0,0,1606.80,736.97,1692.33,909.88,13
0,player,344,0,0,1611.71,735.04,1697.23,907.95,13
0,player,345,0,0,1616.61,733.11,1702.14,906.02,13
0,player,346,0,0,1625.56,732.33,1711.08,905.24,13
0,player,347,0,0,1634.50,731.55,1720.02,904.47,13
0,player,348,0,0,1643.44,730.78,1728.96,903.69,13
0,player,349,0,0,1652.38,730.00,1737.90,902.91,13
0,player,350,0,0,1661.32,729.22,1746.84,902.13,13
0,player,351,0,0,1670.26,728.44,1755.78,901.36,13
0,player,352,0,0,1679.20,727.67,1764.73,900.58,13
0,player,353,0,0,1688.14,726.89,1773.67,899.80,13
0,player,354,0,0,1697.08,726.11,1782.61,899.02,13
0,player,355,0,0,1706.03,725.33,1791.55,898.25,13
0,player,356,0,0,1714.97,724.56,1800.49,897.47,13
0,player,357,0,0,1723.91,723.78,1809.43,896.69,13
0,player,358,0,0,1732.85,723.00,1818.37,895.91,13
0,player,359,0,0,1741.79,722.22,1827.31,895.14,13
0,player,360,0,0,1750.73,721.45,1836.25,894.36,13
0,player,361,0,0,1759.67,720.67,1845.20,893.58,13
0,player,362,0,0,1768.61,719.89,1854.14,892.80,13
0,player,363,0,0,1777.55,719.11,1863.08,892.03,13
0,player,364,0,0,1786.50,718.34,1872.02,891.25,13
0,player,365,0,0,1795.44,717.56,1880.96,890.47,13
0,player,366,0,0,1804.38,716.78,1889.90,889.69,13
0,player,367,0,0,1813.32,716.00,1898.84,888.92,13
0,player,368,0,0,1815.76,714.17,1901.29,887.08,13
0,player,369,0,0,1818.21,712.34,1903.73,885.25,13
0,player,370,0,0,1820.65,710.51,1906.17,883.42,13
0,player,371,0,0,1823.09,708.67,1908.62,881.59,13
0,player,372,0,0,1825.54,706.84,1911.06,879.75,13
0,player,373,0,0,1827.98,705.01,1913.50,877.92,13
0,player,374,0,0,1830.42,703.18,1915.95,876.09,13
0,player,375,0,0,1830.42,701.28,1915.95,874.19,13
0,player,376,0,0,1830.42,699.38,1915.95,872.29,13
0,player,377,0,0,1830.42,697.48,1915.95,870.39,13
0,player,378,0,0,1830.42,695.57,1915.95,868.49,13
0,player,379,0,0,1830.42,693.67,1915.95,866.59,13
0,player,380,0,0,1830.42,691.77,1915.95,864.69,13
0,player,381,0,0,1830.42,689.87,1915.95,862.79,13
0,player,382,0,0,1830.42,687.97,1915.95,860.88,13
0,player,383,0,0,1830.42,686.07,1915.95,858.98,13
0,player,384,0,0,1828.50,685.86,1914.02,858.77,13
0,player,385,0,0,1826.57,685.64,1912.10,858.56,13
0,player,386,0,0,1824.65,685.43,1910.17,858.34,13
0,player,387,0,0,1822.73,685.22,1908.25,858.13,13
0,player,388,0,0,1820.80,685.00,1906.32,857.92,13
0,player,389,0,0,1818.88,684.79,1904.40,857.70,13
0,player,390,0,0,1816.95,684.58,1902.48,857.49,13
0,player,391,0,0,1815.03,684.36,1900.55,857.27,13
0,player,392,0,0,1813.10,684.15,1898.63,857.06,13
0,player,393,0,0,1811.18,683.93,1896.70,856.85,13
0,player,394,0,0,1808.43,683.63,1893.95,856.54,13
0,player,395,0,0,1805.68,683.32,1891.21,856.23,13
0,player,396,0,0,1802.93,683.02,1888.46,855.93,13
0,player,397,0,0,1800.18,682.71,1885.71,855.62,13
0,player,398,0,0,1797.43,682.41,1882.96,855.32,13
0,player,399,0,0,1794.69,682.10,1880.21,855.01,13
0,player,400,0,0,1791.94,681.79,1877.46,854.71,13
0,player,401,0,0,1785.64,681.35,1871.17,854.26,13
0,player,402,0,0,1779.35,680.90,1864.87,853.82,13
0,player,403,0,0,1773.06,680.46,1858.58,853.37,13
0,player,404,0,0,1766.76,680.01,1852.29,852.93,13
0,player,405,0,0,1760.47,679.57,1845.99,852.48,13
0,player,406,0,0,1754.18,679.12,1839.70,852.03,13
0,player,407,0,0,1747.88,678.68,1833.41,851.59,13
0,player,408,0,0,1741.59,678.23,1827.11,851.14,13
0,player,409,0,0,1735.30,677.79,1820.82,850.70,13
0,player,410,0,0,1729.00,677.34,1814.53,850.25,13
0,player,411,0,0,1722.71,676.89,1808.23,849.81,13
0,player,412,0,0,1716.42,676.45,1801.94,849.36,13
0,player,413,0,0,1710.12,676.00,1795.65,848.92,13
0,player,414,0,0,1703.83,675.56,1789.35,848.47,13
0,player,415,0,0,1697.54,675.11,1783.06,848.02,13
0,player,416,0,0,1691.24,674.67,1776.77,847.58,13
0,player,417,0,0,1684.95,674.22,1770.47,847.13,13
0,player,418,0,0,1678.66,673.78,1764.18,846.69,13
0,player,419,0,0,1672.36,673.33,1757.89,846.24,13
0,player,420,0,0,1666.07,672.88,1751.60,845.80,13
0,player,421,0,0,1659.78,672.44,1745.30,845.35,13
0,player,422,0,0,1653.49,671.99,1739.01,844.91,13
0,player,423,0,0,1647.19,671.55,1732.72,844.46,13
0,player,424,0,0,1640.90,671.10,1726.42,844.02,13
0,player,425,0,0,1634.61,670.66,1720.13,843.57,13
0,player,426,0,0,1628.31,670.21,1713.84,843.12,13
0,player,427,0,0,1622.02,669.77,1707.54,842.68,13
0,player,428,0,0,1615.73,669.32,1701.25,842.23,13
0,player,429,0,0,1609.43,668.88,1694.96,841.79,13
0,player,430,0,0,1603.14,668.43,1688.66,841.34,13
0,player,431,0,0,1596.85,667.98,1682.37,840.90,13
0,player,432,0,0,1590.55,667.54,1676.08,840.45,13
0,player,433,0,0,1584.26,667.09,1669.78,840.01,13
0,player,434,0,0,1577.97,666.65,1663.49,839.56,13
0,player,435,0,0,1571.67,666.20,1657.20,839.11,13
0,player,436,0,0,1565.38,665.76,1650.90,838.67,13
0,player,437,0,0,1559.09,665.31,1644.61,838.22,13
0,player,438,0,0,1552.79,664.87,1638.32,837.78,13
0,player,439,0,0,1546.50,664.42,1632.02,837.33,13
0,player,440,0,0,1540.21,663.98,1625.73,836.89,13
0,player,441,0,0,1533.91,663.53,1619.44,836.44,13
0,player,442,0,0,1527.62,663.08,1613.14,836.00,13
0,player,443,0,0,1521.33,662.64,1606.85,835.55,13
0,player,444,0,0,1515.03,662.19,1600.56,835.11,13
0,player,445,0,0,1508.74,661.75,1594.26,834.66,13
0,player,446,0,0,1502.45,661.30,1587.97,834.21,13
0,player,447,0,0,1496.15,660.86,1581.68,833.77,13
0,player,448,0,0,1489.86,660.41,1575.38,833.32,13
0,player,449,0,0,1483.57,659.97,1569.09,832.88,13
0,player,450,0,0,1477.27,659.52,1562.80,832.43,13
0,player,451,0,0,1470.98,659.07,1556.50,831.99,13
0,player,452,0,0,1464.69,658.63,1550.21,831.54,13
0,player,453,0,0,1458.39,658.18,1543.92,831.10,13
0,player,454,0,0,1449.94,657.46,1535.47,830.37,13
0,player,455,0,0,1441.49,656.73,1527.02,829.65,13
0,player,456,0,0,1433.04,656.01,1518.57,828.92,13
0,player,457,0,0,1424.59,655.29,1510.12,828.20,13
0,player,458,0,0,1416.14,654.56,1501.66,827.47,13
0,player,459,0,0,1407.69,653.84,1493.21,826.75,13
0,player,460,0,0,1399.24,653.11,1484.76,826.03,13
0,player,461,0,0,1390.79,652.39,1476.31,825.30,13
0,player,462,0,0,1382.34,651.66,1467.86,824.58,13
0,player,463,0,0,1373.89,650.94,1459.41,823.85,13
0,player,464,0,0,1365.44,650.22,1450.96,823.13,13
0,player,465,0,0,1356.99,649.49,1442.51,822.40,13
0,player,466,0,0,1348.54,648.77,1434.06,821.68,13
0,player,467,0,0,1340.08,648.04,1425.61,820.96,13
0,player,468,0,0,1331.63,647.32,1417.16,820.23,13
0,player,469,0,0,1323.18,646.59,1408.71,819.51,13
0,player,470,0,0,1314.73,645.87,1400.26,818.78,13
0,player,471,0,0,1306.28,645.15,1391.81,818.06,13
0,player,472,0,0,1297.83,644.42,1383.35,817.33,13
0,player,473,0,0,1289.38,643.70,1374.90,816.61,13
0,player,474,0,0,1280.93,642.97,1366.45,815.88,13
0,player,475,0,0,1266.99,642.97,1352.51,815.88,13
0,player,476,0,0,1253.04,642.97,1338.57,815.88,13
0,player,477,0,0,1246.63,642.44,1332.15,815.35,13
0,player,478,0,0,1240.21,641.90,1325.74,814.82,13
0,player,479,0,0,1233.80,641.37,1319.32,814.28,13
0,player,480,0,0,1227.39,640.83,1312.91,813.75,13
0,player,481,0,0,1214.02,640.48,1299.55,813.39,13
0,player,482,0,0,1200.66,640.12,1286.18,813.03,13
0,player,483,0,0,1187.30,639.76,1272.82,812.68,13
0,player,484,0,0,1173.93,639.41,1259.46,812.32,13
0,player,485,0,0,1160.57,639.05,1246.09,811.96,13
0,player,486,0,0,1147.21,638.70,1232.73,811.61,13
0,player,487,0,0,1133.85,638.34,1219.37,811.25,13
0,player,488,0,0,1120.48,637.98,1206.01,810.90,13
0,player,489,0,0,1107.12,637.63,1192.64,810.54,13
0,player,490,0,0,1093.76,637.27,1179.28,810.18,13
0,player,491,0,0,1080.39,636.91,1165.92,809.83,13
0,player,492,0,0,1067.03,636.56,1152.55,809.47,13
0,player,493,0,0,1060.62,636.56,1146.14,809.47,13
0,player,494,0,0,1054.20,636.56,1139.72,809.47,13
0,player,495,0,0,1047.79,636.56,1133.31,809.47,13
0,player,496,0,0,1035.26,636.86,1120.79,809.78,13
0,player,497,0,0,1022.74,637.17,1108.26,810.08,13
0,player,498,0,0,1010.22,637.47,1095.74,810.39,13
0,player,499,0,0,997.70,637.78,1083.22,810.69,13
0,player,500,0,0,985.17,638.08,1070.70,811.00,13
0,player,501,0,0,972.65,638.39,1058.17,811.30,13
0,player,502,0,0,960.13,638.70,1045.65,811.61,13
0,player,503,0,0,953.00,638.37,1038.52,811.28,13
0,player,504,0,0,945.87,638.05,1031.40,810.96,13
0,player,505,0,0,938.75,637.72,1024.27,810.64,13
0,player,506,0,0,931.62,637.40,1017.14,810.31,13
0,player,507,0,0,924.49,637.08,1010.01,809.99,13
0,player,508,0,0,917.36,636.75,1002.89,809.66,13
0,player,509,0,0,910.24,636.43,995.76,809.34,13
0,player,510,0,0,903.11,636.10,988.63,809.02,13
0,player,511,0,0,895.98,635.78,981.51,808.69,13
0,player,512,0,0,888.86,635.46,974.38,808.37,13
0,player,513,0,0,881.73,635.13,967.25,808.04,13
0,player,514,0,0,874.60,634.81,960.13,807.72,13
0,player,515,0,0,867.48,634.48,953.00,807.40,13
0,player,516,0,0,860.35,634.16,945.87,807.07,13
0,player,517,0,0,853.22,633.84,938.75,806.75,13
0,player,518,0,0,846.10,633.51,931.62,806.42,13
0,player,519,0,0,838.97,633.19,924.49,806.10,13
0,player,520,0,0,831.84,632.86,917.36,805.78,13
0,player,521,0,0,824.71,632.54,910.24,805.45,13
0,player,522,0,0,817.59,632.22,903.11,805.13,13
0,player,523,0,0,810.46,631.89,895.98,804.80,13
0,player,524,0,0,803.33,631.57,888.86,804.48,13
0,player,525,0,0,796.21,631.24,881.73,804.16,13
0,player,526,0,0,789.08,630.92,874.60,803.83,13
0,player,527,0,0,781.95,630.60,867.48,803.51,13
0,player,528,0,0,774.83,630.27,860.35,803.18,13
0,player,529,0,0,767.70,629.95,853.22,802.86,13
0,player,530,0,0,760.57,629.62,846.10,802.54,13
0,player,531,0,0,753.45,629.30,838.97,802.21,13
0,player,532,0,0,746.32,628.98,831.84,801.89,13
0,player,533,0,0,739.19,628.65,824.71,801.56,13
0,player,534,0,0,732.06,628.33,817.59,801.24,13
0,player,535,0,0,724.94,628.00,810.46,800.92,13
0,player,536,0,0,718.22,628.00,803.74,800.92,13
0,player,537,0,0,711.50,628.00,797.02,800.92,13
0,player,538,0,0,704.78,628.00,790.30,800.92,13
0,player,539,0,0,698.06,628.00,783.58,800.92,13
0,player,540,0,0,691.34,628.00,776.86,800.92,13
0,player,541,0,0,684.62,628.00,770.14,800.92,13
0,player,542,0,0,677.90,628.00,763.42,800.92,13
0,player,543,0,0,677.29,629.84,762.81,802.75,13
0,player,544,0,0,676.68,631.67,762.20,804.58,13
0,player,545,0,0,676.07,633.50,761.59,806.42,13
0,player,546,0,0,675.46,635.34,760.98,808.25,13
0,player,547,0,0,674.85,637.17,760.37,810.08,13
0,player,548,0,0,674.23,639.00,759.76,811.91,13
0,player,549,0,0,673.62,640.83,759.15,813.75,13
0,player,550,0,0,670.68,641.10,756.21,814.01,13
0,player,551,0,0,667.74,641.37,753.27,814.28,13
0,player,552,0,0,664.80,641.64,750.33,814.55,13
0,player,553,0,0,661.86,641.90,747.39,814.82,13
0,player,554,0,0,658.92,642.17,744.45,815.08,13
0,player,555,0,0,655.99,642.44,741.51,815.35,13
0,player,556,0,0,653.05,642.70,738.57,815.62,13
0,player,557,0,0,650.11,642.97,735.63,815.88,13
0,player,558,0,0,647.17,643.24,732.69,816.15,13
0,player,559,0,0,644.23,643.51,729.75,816.42,13
0,player,560,0,0,641.29,643.77,726.81,816.69,13
0,player,561,0,0,638.35,644.04,723.87,816.95,13
0,player,562,0,0,635.41,644.31,720.93,817.22,13
0,player,563,0,0,632.47,644.58,717.99,817.49,13
0,player,564,0,0,629.53,644.84,715.05,817.76,13
0,player,565,0,0,626.59,645.11,712.11,818.02,13
0,player,566,0,0,628.96,646.46,714.49,819.37,13
0,player,567,0,0,631.34,647.80,716.86,820.71,13
0,player,568,0,0,633.71,649.15,719.24,822.06,13
0,player,569,0,0,636.09,650.50,721.61,823.41,13
0,player,570,0,0,638.47,651.84,723.99,824.75,13
0,player,571,0,0,640.84,653.19,726.36,826.10,13
0,player,572,0,0,643.22,654.53,728.74,827.45,13
0,player,573,0,0,645.59,655.88,731.12,828.79,13
0,player,574,0,0,647.97,657.23,733.49,830.14,13
0,player,575,0,0,650.34,658.57,735.87,831.48,13
0,player,576,0,0,652.72,659.92,738.24,832.83,13
0,player,577,0,0,655.09,661.26,740.62,834.18,13
0,player,578,0,0,657.47,662.61,742.99,835.52,13
0,player,579,0,0,659.85,663.96,745.37,836.87,13
0,player,580,0,0,662.22,665.30,747.75,838.22,13
0,player,581,0,0,664.60,666.65,750.12,839.56,13
0,player,582,0,0,666.97,668.00,752.50,840.91,13
0,player,583,0,0,669.35,669.34,754.87,842.25,13
0,player,584,0,0,671.72,670.69,757.25,843.60,13
0,player,585,0,0,674.10,672.03,759.62,844.95,13
0,player,586,0,0,676.48,673.38,762.00,846.29,13
0,player,587,0,0,678.85,674.73,764.37,847.64,13
0,player,588,0,0,681.23,676.07,766.75,848.99,13
0,player,589,0,0,683.60,677.42,769.13,850.33,13
0,player,590,0,0,685.98,678.77,771.50,851.68,13
0,player,591,0,0,688.35,680.11,773.88,853.02,13
0,player,592,0,0,690.73,681.46,776.25,854.37,13
0,player,593,0,0,693.11,682.80,778.63,855.72,13
0,player,594,0,0,695.48,684.15,781.00,857.06,13
0,player,595,0,0,697.86,685.50,783.38,858.41,13
0,player,596,0,0,700.23,686.84,785.76,859.75,13
0,player,597,0,0,702.61,688.19,788.13,861.10,13
0,player,598,0,0,704.98,689.54,790.51,862.45,13
0,player,599,0,0,707.36,690.88,792.88,863.79,13
0,player,600,0,0,709.73,692.23,795.26,865.14,13
0,player,601,0,0,712.11,693.57,797.63,866.49,13
0,player,602,0,0,714.49,694.92,800.01,867.83,13
0,player,603,0,0,716.86,696.27,802.39,869.18,13
0,player,604,0,0,719.24,697.61,804.76,870.52,13
0,player,605,0,0,721.61,698.96,807.14,871.87,13
0,player,606,0,0,723.99,700.30,809.51,873.22,13
0,player,607,0,0,726.36,701.65,811.89,874.56,13
0,player,608,0,0,728.74,703.00,814.26,875.91,13
0,player,609,0,0,731.12,704.34,816.64,877.26,13
0,player,610,0,0,733.49,705.69,819.01,878.60,13
0,player,611,0,0,735.87,707.04,821.39,879.95,13
0,player,612,0,0,738.24,708.38,823.77,881.29,13
0,player,613,0,0,740.62,709.73,826.14,882.64,13
0,player,614,0,0,742.99,711.07,828.52,883.99,13
0,player,615,0,0,745.37,712.42,830.89,885.33,13
0,player,616,0,0,747.75,713.77,833.27,886.68,13
0,player,617,0,0,750.12,715.11,835.64,888.03,13
0,player,618,0,0,752.50,716.46,838.02,889.37,13
0,player,619,0,0,754.87,717.81,840.40,890.72,13
0,player,620,0,0,763.42,714.24,848.95,887.15,13
0,player,621,0,0,771.98,710.68,857.50,883.59,13
0,player,622,0,0,780.53,707.12,866.05,880.03,13
0,player,623,0,0,790.91,707.69,876.44,880.60,13
0,player,624,0,0,801.30,708.26,886.82,881.17,13
0,player,625,0,0,811.68,708.83,897.21,881.75,13
0,player,626,0,0,822.07,709.41,907.59,882.32,13
0,player,627,0,0,832.45,709.98,917.98,882.89,13
0,player,628,0,0,842.84,710.55,928.36,883.46,13
0,player,629,0,0,853.22,711.12,938.75,884.04,13
0,player,630,0,0,863.61,711.70,949.13,884.61,13
0,player,631,0,0,873.99,712.27,959.52,885.18,13
0,player,632,0,0,884.38,712.84,969.90,885.75,13
0,player,633,0,0,894.76,713.41,980.29,886.33,13
0,player,634,0,0,905.15,713.99,990.67,886.90,13
0,player,635,0,0,915.53,714.56,1001.06,887.47,13
0,player,636,0,0,925.92,715.13,1011.44,888.05,13
0,player,637,0,0,936.30,715.71,1021.83,888.62,13
0,player,638,0,0,946.69,716.28,1032.21,889.19,13
0,player,639,0,0,957.07,716.85,1042.60,889.76,13
0,player,640,0,0,967.46,717.42,1052.98,890.34,13
0,player,641,0,0,977.84,718.00,1063.37,890.91,13
0,player,642,0,0,988.23,718.57,1073.75,891.48,13
0,player,643,0,0,998.61,719.14,1084.14,892.05,13
0,player,644,0,0,1009.00,719.71,1094.52,892.63,13
0,player,645,0,0,1019.38,720.29,1104.91,893.20,13
0,player,646,0,0,1029.77,720.86,1115.29,893.77,13
0,player,647,0,0,1040.15,721.43,1125.68,894.34,13
0,player,648,0,0,1050.54,722.01,1136.06,894.92,13
0,player,649,0,0,1060.92,722.58,1146.45,895.49,13
0,player,650,0,0,1071.31,723.15,1156.83,896.06,13
0,player,651,0,0,1081.69,723.72,1167.22,896.64,13
0,player,652,0,0,1092.08,724.30,1177.60,897.21,13
0,player,653,0,0,1102.46,724.87,1187.99,897.78,13
0,player,654,0,0,1112.85,725.44,1198.37,898.35,13
0,player,655,0,0,1123.23,726.01,1208.76,898.93,13
0,player,656,0,0,1133.62,726.59,1219.14,899.50,13
0,player,657,0,0,1144.00,727.16,1229.53,900.07,13
0,player,658,0,0,1154.39,727.73,1239.91,900.64,13
0,player,659,0,0,1164.77,728.31,1250.30,901.22,13
0,player,660,0,0,1175.16,728.88,1260.68,901.79,13
0,player,661,0,0,1185.54,729.45,1271.07,902.36,13
0,player,662,0,0,1195.93,730.02,1281.45,902.94,13
0,player,663,0,0,1206.31,730.60,1291.84,903.51,13
0,player,664,0,0,1216.70,731.17,1302.22,904.08,13
0,player,665,0,0,1227.08,731.74,1312.61,904.65,13
0,player,666,0,0,1237.47,732.31,1322.99,905.23,13
0,player,667,0,0,1247.85,732.89,1333.38,905.80,13
0,player,668,0,0,1258.24,733.46,1343.76,906.37,13
0,player,669,0,0,1268.62,734.03,1354.15,906.94,13
0,player,670,0,0,1279.01,734.60,1364.53,907.52,13
0,player,671,0,0,1289.39,735.18,1374.92,908.09,13
0,player,672,0,0,1299.78,735.75,1385.30,908.66,13
0,player,673,0,0,1310.16,736.32,1395.69,909.24,13
0,player,674,0,0,1320.55,736.90,1406.07,909.81,13
0,player,675,0,0,1330.93,737.47,1416.46,910.38,13
0,player,676,0,0,1341.32,738.04,1426.84,910.95,13
0,player,677,0,0,1351.70,738.61,1437.23,911.53,13
0,player,678,0,0,1362.09,739.19,1447.61,912.10,13
0,player,679,0,0,1362.92,739.14,1448.44,912.05,13
0,player,680,0,0,1363.74,739.09,1449.27,912.00,13
0,player,681,0,0,1364.57,739.04,1450.09,911.95,13
0,player,682,0,0,1365.39,738.99,1450.92,911.90,13
0,player,683,0,0,1366.22,738.94,1451.74,911.86,13
0,player,684,0,0,1367.05,738.90,1452.57,911.81,13
0,player,685,0,0,1367.87,738.85,1453.40,911.76,13
0,player,686,0,0,1368.70,738.80,1454.22,911.71,13
0,player,687,0,0,1369.52,738.75,1455.05,911.66,13
0,player,688,0,0,1370.35,738.70,1455.87,911.61,13
0,player,689,0,0,1371.18,738.65,1456.70,911.56,13
0,player,690,0,0,1372.00,738.60,1457.53,911.52,13
0,player,691,0,0,1372.83,738.55,1458.35,911.47,13
0,player,692,0,0,1373.66,738.51,1459.18,911.42,13
0,player,693,0,0,1374.48,738.46,1460.00,911.37,13
0,player,694,0,0,1375.31,738.41,1460.83,911.32,13
0,player,695,0,0,1376.13,738.36,1461.66,911.27,13
0,player,696,0,0,1376.96,738.31,1462.48,911.22,13
0,player,697,0,0,1377.79,738.26,1463.31,911.18,13
0,player,698,0,0,1378.61,738.21,1464.13,911.13,13
0,player,699,0,0,1379.44,738.17,1464.96,911.08,13
0,player,700,0,0,1380.26,738.12,1465.79,911.03,13
0,player,701,0,0,1381.09,738.07,1466.61,910.98,13
0,player,702,0,0,1381.92,738.02,1467.44,910.93,13
0,player,703,0,0,1382.74,737.97,1468.27,910.88,13
0,player,704,0,0,1383.57,737.92,1469.09,910.84,13
0,player,705,0,0,1384.39,737.87,1469.92,910.79,13
0,player,706,0,0,1385.22,737.83,1470.74,910.74,13
0,player,707,0,0,1386.05,737.78,1471.57,910.69,13
0,player,708,0,0,1386.87,737.73,1472.40,910.64,13
0,player,709,0,0,1387.70,737.68,1473.22,910.59,13
0,player,710,0,0,1388.52,737.63,1474.05,910.54,13
0,player,711,0,0,1389.35,737.58,1474.87,910.50,13
0,player,712,0,0,1390.18,737.53,1475.70,910.45,13
0,player,713,0,0,1391.00,737.49,1476.53,910.40,13
0,player,714,0,0,1391.83,737.44,1477.35,910.35,13
0,player,715,0,0,1392.65,737.39,1478.18,910.30,13
0,player,716,0,0,1393.48,737.34,1479.00,910.25,13
0,player,717,0,0,1394.31,737.29,1479.83,910.20,13
0,player,718,0,0,1395.13,737.24,1480.66,910.16,13
0,player,719,0,0,1395.96,737.19,1481.48,910.11,13
0,player,720,0,0,1396.79,737.15,1482.31,910.06,13
0,player,721,0,0,1397.61,737.10,1483.13,910.01,13
0,player,722,1,0,1398.44,737.05,1483.96,909.96,13
1,player,15,0,0,579.42,720.67,664.95,893.85,10
1,player,16,0,0,577.78,720.01,663.30,893.20,10
1,player,17,0,0,576.13,719.35,661.66,892.54,10
1,player,18,0,0,574.49,718.69,660.01,891.88,10
1,player,19,0,0,572.84,718.04,658.37,891.22,10
1,player,20,0,0,571.20,717.38,656.72,890.56,10
1,player,21,0,0,569.55,716.72,655.08,889.91,10
1,player,22,0,0,567.91,716.06,653.43,889.25,10
1,player,23,0,0,566.26,715.41,651.79,888.59,10
1,player,24,0,0,564.62,714.75,650.14,887.93,10
1,player,25,0,0,562.98,714.09,648.50,887.27,10
1,player,26,0,0,561.33,713.43,646.85,886.62,10
1,player,27,0,0,559.69,712.77,645.21,885.96,10
1,player,28,0,0,558.04,712.12,643.56,885.30,10
1,player,29,0,0,556.40,711.46,641.92,884.64,10
1,player,30,0,0,554.75,710.80,640.28,883.99,10
1,player,31,0,0,553.11,710.14,638.63,883.33,10
1,player,32,0,0,551.46,709.48,636.99,882.67,10
1,player,33,0,0,549.82,708.83,635.34,882.01,10
1,player,34,0,0,548.17,708.17,633.70,881.35,10
1,player,35,0,0,546.53,707.51,632.05,880.70,10
1,player,36,0,0,544.88,706.85,630.41,880.04,10
1,player,37,0,0,543.24,706.19,628.76,879.38,10
1,player,38,0,0,541.59,705.54,627.12,878.72,10
1,player,39,0,0,539.95,704.88,625.47,878.06,10
1,player,40,0,0,538.30,704.22,623.83,877.41,10
1,player,41,0,0,536.66,703.56,622.18,876.75,10
1,player,42,0,0,533.47,703.68,618.99,876.87,10
1,player,43,0,0,530.28,703.80,615.80,876.98,10
1,player,44,0,0,527.08,703.91,612.61,877.10,10
1,player,45,0,0,523.89,704.03,609.41,877.22,10
1,player,46,0,0,520.70,704.15,606.22,877.33,10
1,player,47,0,0,517.51,704.27,603.03,877.45,10
1,player,48,0,0,514.31,704.38,599.84,877.57,10
1,player,49,0,0,511.12,704.50,596.64,877.69,10
1,player,50,0,0,507.93,704.62,593.45,877.80,10
1,player,51,0,0,504.74,704.74,590.26,877.92,10
1,player,52,0,0,501.54,704.85,587.07,878.04,10
1,player,53,0,0,498.35,704.97,583.87,878.15,10
1,player,54,0,0,495.16,705.09,580.68,878.27,10
1,player,55,0,0,491.97,705.20,577.49,878.39,10
1,player,56,0,0,488.77,705.32,574.30,878.51,10
1,player,57,0,0,485.58,705.44,571.10,878.62,10
1,player,58,0,0,482.39,705.56,567.91,878.74,10
1,player,59,0,0,479.20,705.67,564.72,878.86,10
1,player,60,0,0,476.00,705.79,561.53,878.98,10
1,player,61,0,0,472.81,705.91,558.33,879.09,10
1,player,62,0,0,469.62,706.02,555.14,879.21,10
1,player,63,0,0,466.43,706.14,551.95,879.33,10
1,player,64,0,0,463.23,706.26,548.76,879.44,10
1,player,65,0,0,460.04,706.38,545.56,879.56,10
1,player,66,0,0,456.85,706.49,542.37,879.68,10
1,player,67,0,0,453.66,706.61,539.18,879.80,10
1,player,68,0,0,450.46,706.73,535.99,879.91,10
1,player,69,0,0,447.27,706.84,532.79,880.03,10
1,player,70,0,0,444.08,706.96,529.60,880.15,10
1,player,71,0,0,440.89,707.08,526.41,880.26,10
1,player,72,0,0,437.69,707.20,523.22,880.38,10
1,player,73,0,0,434.50,707.31,520.02,880.50,10
1,player,74,0,0,431.31,707.43,516.83,880.62,10
1,player,75,0,0,428.12,707.55,513.64,880.73,10
1,player,76,0,0,424.92,707.66,510.45,880.85,10
1,player,77,0,0,421.73,707.78,507.25,880.97,10
1,player,78,0,0,418.54,707.90,504.06,881.08,10
1,player,79,0,0,415.35,708.02,500.87,881.20,10
1,player,80,0,0,412.15,708.13,497.68,881.32,10
1,player,81,0,0,408.96,708.25,494.48,881.44,10
1,player,82,0,0,405.77,708.37,491.29,881.55,10
1,player,83,0,0,402.58,708.48,488.10,881.67,10
1,player,84,0,0,399.38,708.60,484.91,881.79,10
1,player,85,0,0,396.19,708.72,481.71,881.90,10
1,player,86,0,0,393.00,708.84,478.52,882.02,10
1,player,87,0,0,389.81,708.95,475.33,882.14,10
1,player,88,0,0,386.61,709.07,472.14,882.26,10
1,player,89,0,0,383.42,709.19,468.94,882.37,10
1,player,90,0,0,380.23,709.30,465.75,882.49,10
1,player,91,0,0,377.04,709.42,462.56,882.61,10
1,player,92,0,0,373.84,709.54,459.37,882.72,10
1,player,93,0,0,370.65,709.66,456.17,882.84,10
1,player,94,0,0,367.46,709.77,452.98,882.96,10
1,player,95,0,0,364.27,709.89,449.79,883.08,10
1,player,96,0,0,361.07,710.01,446.60,883.19,10
1,player,97,0,0,357.88,710.12,443.40,883.31,10
1,player,98,0,0,354.69,710.24,440.21,883.43,10
1,player,99,0,0,351.50,710.36,437.02,883.54,10
1,player,100,0,0,348.30,710.48,433.83,883.66,10
1,player,101,0,0,345.11,710.59,430.64,883.78,10
1,player,102,0,0,341.92,710.71,427.44,883.90,10
1,player,103,0,0,338.73,710.83,424.25,884.01,10
1,player,104,0,0,335.53,710.94,421.06,884.13,10
1,player,105,0,0,332.34,711.06,417.87,884.25,10
1,player,106,0,0,329.15,711.18,414.67,884.36,10
1,player,107,0,0,325.96,711.30,411.48,884.48,10
1,player,108,0,0,322.76,711.41,408.29,884.60,10
1,player,109,0,0,319.57,711.53,405.10,884.72,10
1,player,110,0,0,316.38,711.65,401.90,884.83,10
1,player,111,0,0,313.19,711.76,398.71,884.95,10
1,player,112,0,0,309.99,711.88,395.52,885.07,10
1,player,113,0,0,306.80,712.00,392.33,885.18,10
1,player,114,0,0,303.61,712.12,389.13,885.30,10
1,player,115,0,0,302.23,711.11,387.75,884.30,10
1,player,116,0,0,300.84,710.10,386.37,883.29,10
1,player,117,0,0,299.46,709.10,384.98,882.28,10
1,player,118,0,0,298.08,708.09,383.60,881.28,10
1,player,119,0,0,296.69,707.09,382.22,880.27,10
1,player,120,0,0,295.31,706.08,380.83,879.26,10
1,player,121,0,0,293.93,705.07,379.45,878.26,10
1,player,122,0,0,292.54,704.07,378.07,877.25,10
1,player,123,0,0,291.16,703.06,376.68,876.25,10
1,player,124,0,0,289.77,702.05,375.30,875.24,10
1,player,125,0,0,288.39,701.05,373.91,874.23,10
1,player,126,0,0,287.01,700.04,372.53,873.23,10
1,player,127,0,0,285.62,699.04,371.15,872.22,10
1,player,128,0,0,284.24,698.03,369.76,871.22,10
1,player,129,0,0,282.86,697.02,368.38,870.21,10
1,player,130,0,0,281.47,696.02,367.00,869.20,10
1,player,131,0,0,280.09,695.01,365.61,868.20,10
1,player,132,0,0,279.18,694.71,364.70,867.89,10
1,player,133,0,0,278.27,694.40,363.79,867.59,10
1,player,134,0,0,277.35,694.10,362.88,867.28,10
1,player,135,0,0,276.44,693.79,361.96,866.98,10
1,player,136,0,0,275.53,693.49,361.05,866.68,10
1,player,137,0,0,274.61,693.19,360.14,866.37,10
1,player,138,0,0,273.70,692.88,359.23,866.07,10
1,player,139,0,0,272.79,692.58,358.31,865.76,10
1,player,140,0,0,271.88,692.27,357.40,865.46,10
1,player,141,0,0,270.96,691.97,356.49,865.16,10
1,player,142,0,0,270.05,691.67,355.57,864.85,10
1,player,143,0,0,269.14,691.36,354.66,864.55,10
1,player,144,0,0,268.23,691.06,353.75,864.24,10
1,player,145,0,0,267.31,690.75,352.84,863.94,10
1,player,146,0,0,266.40,690.45,351.92,863.63,10
1,player,147,0,0,265.49,690.14,351.01,863.33,10
1,player,148,0,0,264.57,689.84,350.10,863.03,10
1,player,149,0,0,263.66,689.54,349.19,862.72,10
1,player,150,0,0,262.75,689.23,348.27,862.42,10
1,player,151,0,0,261.84,688.93,347.36,862.11,10
1,player,152,0,0,260.92,688.62,346.45,861.81,10
1,player,153,0,0,260.01,688.32,345.53,861.50,10
1,player,154,0,0,259.10,688.01,344.62,861.20,10
1,player,155,0,0,258.19,687.71,343.71,860.90,10
1,player,156,0,0,257.27,687.41,342.80,860.59,10
1,player,157,0,0,258.62,687.26,344.14,860.44,10
1,player,158,0,0,259.96,687.11,345.48,860.29,10
1,player,159,0,0,261.30,686.96,346.82,860.14,10
1,player,160,0,0,262.64,686.81,348.17,860.00,10
1,player,161,0,0,263.98,686.66,349.51,859.85,10
1,player,162,0,0,265.33,686.51,350.85,859.70,10
1,player,163,0,0,266.67,686.36,352.19,859.55,10
1,player,164,0,0,268.01,686.21,353.53,859.40,10
1,player,165,0,0,269.35,686.06,354.88,859.25,10
1,player,166,0,0,270.70,685.91,356.22,859.10,10
1,player,167,0,0,272.04,685.77,357.56,858.95,10
1,player,168,0,0,273.38,685.62,358.90,858.80,10
1,player,169,0,0,274.72,685.47,360.25,858.65,10
1,player,170,0,0,276.06,685.32,361.59,858.50,10
1,player,171,0,0,277.41,685.17,362.93,858.35,10
1,player,172,0,0,278.75,685.02,364.27,858.21,10
1,player,173,0,0,280.09,684.87,365.61,858.06,10
1,player,174,0,0,281.43,684.72,366.96,857.91,10
1,player,175,0,0,282.77,684.57,368.30,857.76,10
1,player,176,0,0,284.12,684.42,369.64,857.61,10
1,player,177,0,0,285.46,684.27,370.98,857.46,10
1,player,178,0,0,286.80,684.13,372.32,857.31,10
1,player,179,0,0,288.14,683.98,373.67,857.16,10
1,player,180,0,0,289.49,683.83,375.01,857.01,10
1,player,181,0,0,290.83,683.68,376.35,856.86,10
1,player,182,0,0,292.17,683.53,377.69,856.71,10
1,player,183,0,0,293.51,683.38,379.04,856.57,10
1,player,184,0,0,294.85,683.23,380.38,856.42,10
1,player,185,0,0,296.20,683.08,381.72,856.27,10
1,player,186,0,0,297.54,682.93,383.06,856.12,10
1,player,187,0,0,298.88,682.78,384.40,855.97,10
1,player,188,0,0,300.22,682.63,385.75,855.82,10
1,player,189,0,0,301.57,682.49,387.09,855.67,10
1,player,190,0,0,302.91,682.34,388.43,855.52,10
1,player,191,0,0,304.36,682.52,389.88,855.70,10
1,player,192,0,0,305.80,682.70,391.33,855.88,10
1,player,193,0,0,307.25,682.88,392.78,856.06,10
1,player,194,0,0,308.70,683.06,394.23,856.25,10
1,player,195,0,0,310.15,683.24,395.67,856.43,10
1,player,196,0,0,311.60,683.42,397.12,856.61,10
1,player,197,0,0,313.05,683.60,398.57,856.79,10
1,player,198,0,0,314.50,683.78,400.02,856.97,10
1,player,199,0,0,315.95,683.97,401.47,857.15,10
1,player,200,0,0,317.39,684.15,402.92,857.33,10
1,player,201,0,0,318.84,684.33,404.37,857.51,10
1,player,202,0,0,320.29,684.51,405.81,857.69,10
1,player,203,0,0,321.74,684.69,407.26,857.88,10
1,player,204,0,0,323.19,684.87,408.71,858.06,10
1,player,205,0,0,325.98,683.88,411.51,857.07,10
1,player,206,0,0,328.78,682.90,414.30,856.08,10
1,player,207,0,0,331.58,681.91,417.10,855.10,10
1,player,208,0,0,334.37,680.92,419.90,854.11,10
1,player,209,0,0,337.17,679.94,422.69,853.12,10
1,player,210,0,0,339.96,678.95,425.49,852.14,10
1,player,211,0,0,342.76,677.96,428.28,851.15,10
1,player,212,0,0,345.56,676.98,431.08,850.16,10
1,player,213,0,0,348.35,675.99,433.88,849.18,10
1,player,214,0,0,351.15,675.00,436.67,848.19,10
1,player,215,0,0,353.94,674.02,439.47,847.20,10
1,player,216,0,0,356.74,673.03,442.26,846.22,10
1,player,217,0,0,359.54,672.04,445.06,845.23,10
1,player,218,0,0,361.74,671.97,447.27,845.16,10
1,player,219,0,0,363.95,671.90,449.47,845.09,10
1,player,220,0,0,366.16,671.83,451.68,845.02,10
1,player,221,0,0,368.37,671.76,453.89,844.95,10
1,player,222,0,0,370.58,671.69,456.10,844.88,10
1,player,223,0,0,372.78,671.62,458.31,844.81,10
1,player,224,0,0,374.99,671.55,460.52,844.74,10
1,player,225,0,0,377.20,671.48,462.72,844.67,10
1,player,226,0,0,379.41,671.41,464.93,844.60,10
1,player,227,0,0,381.62,671.34,467.14,844.53,10
1,player,228,0,0,383.83,671.27,469.35,844.46,10
1,player,229,0,0,386.03,671.20,471.56,844.39,10
1,player,230,0,0,388.24,671.13,473.76,844.32,10
1,player,231,0,0,390.45,671.06,475.97,844.25,10
1,player,232,0,0,392.66,670.99,478.18,844.18,10
1,player,233,0,0,394.87,670.92,480.39,844.11,10
1,player,234,0,0,397.07,670.85,482.60,844.04,10
1,player,235,0,0,399.28,670.78,484.81,843.97,10
1,player,236,0,0,401.49,670.71,487.01,843.90,10
1,player,237,0,0,403.70,670.64,489.22,843.83,10
1,player,238,0,0,405.91,670.57,491.43,843.76,10
1,player,239,0,0,408.12,670.50,493.64,843.69,10
1,player,240,0,0,410.32,670.43,495.85,843.62,10
1,player,241,0,0,412.53,670.36,498.06,843.55,10
1,player,242,0,0,414.74,670.29,500.26,843.48,10
1,player,243,0,0,416.95,670.22,502.47,843.41,10
1,player,244,0,0,419.16,670.15,504.68,843.34,10
1,player,245,0,0,421.36,670.08,506.89,843.27,10
1,player,246,0,0,423.57,670.01,509.10,843.20,10
1,player,247,0,0,425.78,669.94,511.30,843.13,10
1,player,248,0,0,427.99,669.87,513.51,843.06,10
1,player,249,0,0,430.20,669.80,515.72,842.99,10
1,player,250,0,0,432.41,669.73,517.93,842.92,10
1,player,251,0,0,434.61,669.66,520.14,842.84,10
1,player,252,0,0,436.82,669.59,522.35,842.77,10
1,player,253,0,0,439.03,669.52,524.55,842.70,10
1,player,254,0,0,441.24,669.45,526.76,842.63,10
1,player,255,0,0,443.45,669.38,528.97,842.56,10
1,player,256,0,0,445.65,669.31,531.18,842.49,10
1,player,257,0,0,447.86,669.24,533.39,842.42,10
1,player,258,0,0,450.07,669.17,535.59,842.35,10
1,player,259,0,0,452.28,669.10,537.80,842.28,10
1,player,260,0,0,454.49,669.03,540.01,842.21,10
1,player,261,0,0,456.70,668.96,542.22,842.14,10
1,player,262,0,0,458.90,668.89,544.43,842.07,10
1,player,263,0,0,461.11,668.82,546.64,842.00,10
1,player,264,0,0,463.32,668.75,548.84,841.93,10
1,player,265,0,0,465.53,668.68,551.05,841.86,10
1,player,266,0,0,467.74,668.61,553.26,841.79,10
1,player,267,0,0,469.94,668.54,555.47,841.72,10
1,player,268,0,0,472.15,668.47,557.68,841.65,10
1,player,269,0,0,474.36,668.40,559.88,841.58,10
1,player,270,0,0,476.57,668.33,562.09,841.51,10
1,player,271,0,0,478.78,668.26,564.30,841.44,10
1,player,272,0,0,480.99,668.19,566.51,841.37,10
1,player,273,0,0,483.19,668.12,568.72,841.30,10
1,player,274,0,0,485.40,668.05,570.93,841.23,10
1,player,275,0,0,487.61,667.98,573.13,841.16,10
1,player,276,0,0,489.82,667.91,575.34,841.09,10
1,player,277,0,0,492.03,667.84,577.55,841.02,10
1,player,278,0,0,494.23,667.77,579.76,840.95,10
1,player,279,0,0,495.59,666.02,581.12,839.20,10
1,player,280,0,0,496.96,664.27,582.48,837.45,10
1,player,281,0,0,498.32,662.52,583.84,835.70,10
1,player,282,0,0,499.68,660.77,585.20,833.95,10
1,player,283,0,0,501.04,659.02,586.56,832.21,10
1,player,284,0,0,502.40,657.27,587.92,830.46,10
1,player,285,0,0,503.76,655.52,589.28,828.71,10
1,player,286,0,0,505.12,653.77,590.64,826.96,10
1,player,287,0,0,506.48,652.02,592.00,825.21,10
1,player,288,0,0,507.84,650.27,593.36,823.46,10
1,player,289,0,0,509.20,648.52,594.72,821.71,10
1,player,290,0,0,513.71,647.84,599.23,821.02,10
1,player,291,0,0,518.21,647.15,603.74,820.33,10
1,player,292,0,0,522.72,646.46,608.24,819.65,10
1,player,293,0,0,527.22,645.77,612.75,818.96,10
1,player,294,0,0,531.73,645.09,617.25,818.27,10
1,player,295,0,0,536.23,644.40,621.76,817.59,10
1,player,296,0,0,540.74,643.71,626.26,816.90,10
1,player,297,0,0,545.24,643.03,630.77,816.21,10
1,player,298,0,0,549.75,642.34,635.27,815.52,10
1,player,299,0,0,554.25,641.65,639.78,814.84,10
1,player,300,0,0,558.76,640.96,644.28,814.15,10
1,player,301,0,0,563.26,640.28,648.79,813.46,10
1,player,302,0,0,567.77,639.59,653.29,812.77,10
1,player,303,0,0,572.27,638.90,657.80,812.09,10
1,player,304,0,0,576.78,638.21,662.30,811.40,10
1,player,305,0,0,581.29,637.53,666.81,810.71,10
1,player,306,0,0,585.79,636.84,671.31,810.03,10
1,player,307,0,0,590.30,636.15,675.82,809.34,10
1,player,308,0,0,594.80,635.47,680.32,808.65,10
1,player,309,0,0,599.31,634.78,684.83,807.96,10
1,player,310,0,0,603.81,634.09,689.33,807.28,10
1,player,311,0,0,608.32,633.40,693.84,806.59,10
1,player,312,0,0,612.82,632.72,698.35,805.90,10
1,player,313,0,0,617.33,632.03,702.85,805.22,10
1,player,314,0,0,621.83,631.34,707.36,804.53,10
1,player,315,0,0,626.34,630.66,711.86,803.84,10
1,player,316,0,0,630.84,629.97,716.37,803.15,10
1,player,317,0,0,635.35,629.28,720.87,802.47,10
1,player,318,0,0,639.85,628.59,725.38,801.78,10
1,player,319,0,0,644.36,627.91,729.88,801.09,10
1,player,320,0,0,648.86,627.22,734.39,800.40,10
1,player,321,0,0,653.37,626.53,738.89,799.72,10
1,player,322,0,0,657.87,625.84,743.40,799.03,10
1,player,323,0,0,662.38,625.16,747.90,798.34,10
1,player,324,0,0,666.88,624.47,752.41,797.66,10
1,player,325,0,0,671.39,623.78,756.91,796.97,10
1,player,326,0,0,675.90,623.10,761.42,796.28,10
1,player,327,0,0,680.40,622.41,765.92,795.59,10
1,player,328,0,0,684.91,621.72,770.43,794.91,10
1,player,329,0,0,689.41,621.03,774.93,794.22,10
1,player,330,0,0,693.92,620.35,779.44,793.53,10
1,player,331,0,0,698.42,619.66,783.95,792.84,10
1,player,332,0,0,702.93,618.97,788.45,792.16,10
1,player,333,0,0,707.43,618.28,792.96,791.47,10
1,player,334,0,0,711.94,617.60,797.46,790.78,10
1,player,335,0,0,716.44,616.91,801.97,790.10,10
1,player,336,0,0,720.95,616.22,806.47,789.41,10
1,player,337,0,0,725.45,615.54,810.98,788.72,10
1,player,338,0,0,729.96,614.85,815.48,788.03,10
1,player,339,0,0,734.46,614.16,819.99,787.35,10
1,player,340,0,0,738.97,613.47,824.49,786.66,10
1,player,341,0,0,743.47,612.79,829.00,785.97,10
1,player,342,0,0,747.98,612.10,833.50,785.29,10
1,player,343,0,0,752.48,611.41,838.01,784.60,10
1,player,344,0,0,756.99,610.73,842.51,783.91,10
1,player,345,0,0,761.50,610.04,847.02,783.22,10
1,player,346,0,0,771.89,609.65,857.42,782.83,10
1,player,347,0,0,782.29,609.26,867.82,782.45,10
1,player,348,0,0,792.69,608.87,878.22,782.06,10
1,player,349,0,0,803.09,608.48,888.61,781.67,10
1,player,350,0,0,813.49,608.09,899.01,781.28,10
1,player,351,0,0,823.89,607.71,909.41,780.89,10
1,player,352,0,0,834.29,607.32,919.81,780.50,10
1,player,353,0,0,844.69,606.93,930.21,780.11,10
1,player,354,0,0,855.09,606.54,940.61,779.72,10
1,player,355,0,0,865.48,606.15,951.01,779.34,10
1,player,356,0,0,875.88,605.76,961.41,778.95,10
1,player,357,0,0,886.28,605.37,971.81,778.56,10
1,player,358,0,0,896.68,604.98,982.20,778.17,10
1,player,359,0,0,907.08,604.60,992.60,777.78,10
1,player,360,0,0,917.48,604.21,1003.00,777.39,10
1,player,361,0,0,927.88,603.82,1013.40,777.00,10
1,player,362,0,0,938.28,603.43,1023.80,776.61,10
1,player,363,0,0,948.67,603.04,1034.20,776.23,10
1,player,364,0,0,959.07,602.65,1044.60,775.84,10
1,player,365,0,0,969.47,602.26,1055.00,775.45,10
1,player,366,0,0,979.87,601.87,1065.40,775.06,10
1,player,367,0,0,990.27,601.49,1075.79,774.67,10
1,player,368,0,0,996.99,599.35,1082.51,772.53,10
1,player,369,0,0,1003.71,597.21,1089.23,770.39,10
1,player,370,0,0,1010.43,595.07,1095.95,768.26,10
1,player,371,0,0,1017.15,592.93,1102.67,766.12,10
1,player,372,0,0,1023.87,590.79,1109.39,763.98,10
1,player,373,0,0,1030.59,588.66,1116.11,761.84,10
1,player,374,0,0,1037.31,586.52,1122.83,759.70,10
1,player,375,0,0,1038.26,586.52,1123.78,759.70,10
1,player,376,0,0,1039.21,586.52,1124.73,759.70,10
1,player,377,0,0,1040.16,586.52,1125.68,759.70,10
1,player,378,0,0,1041.11,586.52,1126.63,759.70,10
1,player,379,0,0,1042.06,586.52,1127.58,759.70,10
1,player,380,0,0,1043.01,586.52,1128.53,759.70,10
1,player,381,0,0,1043.96,586.52,1129.48,759.70,10
1,player,382,0,0,1044.91,586.52,1130.43,759.70,10
1,player,383,0,0,1045.86,586.52,1131.38,759.70,10
1,player,384,0,0,1046.50,586.52,1132.03,759.70,10
1,player,385,0,0,1047.14,586.52,1132.67,759.70,10
1,player,386,0,0,1047.78,586.52,1133.31,759.70,10
1,player,387,0,0,1048.43,586.52,1133.95,759.70,10
1,player,388,0,0,1049.07,586.52,1134.59,759.70,10
1,player,389,0,0,1049.71,586.52,1135.23,759.70,10
1,player,390,0,0,1050.35,586.52,1135.87,759.70,10
1,player,391,0,0,1050.99,586.52,1136.52,759.70,10
1,player,392,0,0,1051.63,586.52,1137.16,759.70,10
1,player,393,0,0,1052.27,586.52,1137.80,759.70,10
1,player,394,0,0,1052.43,585.47,1137.96,758.66,10
1,player,395,0,0,1052.59,584.43,1138.11,757.62,10
1,player,396,0,0,1052.75,583.39,1138.27,756.57,10
1,player,397,0,0,1052.91,582.34,1138.43,755.53,10
1,player,398,0,0,1053.06,581.30,1138.59,754.49,10
1,player,399,0,0,1053.22,580.26,1138.74,753.44,10
1,player,400,0,0,1053.38,579.21,1138.90,752.40,10
1,player,401,0,0,1049.04,579.55,1134.56,752.74,10
1,player,402,0,0,1044.70,579.89,1130.23,753.08,10
1,player,403,0,0,1040.37,580.23,1125.89,753.42,10
1,player,404,0,0,1036.03,580.57,1121.55,753.76,10
1,player,405,0,0,1031.69,580.91,1117.22,754.10,10
1,player,406,0,0,1027.35,581.25,1112.88,754.44,10
1,player,407,0,0,1023.02,581.59,1108.54,754.78,10
1,player,408,0,0,1018.68,581.93,1104.20,755.11,10
1,player,409,0,0,1014.34,582.27,1099.87,755.45,10
1,player,410,0,0,1010.01,582.61,1095.53,755.79,10
1,player,411,0,0,1005.67,582.95,1091.19,756.13,10
1,player,412,0,0,1001.33,583.29,1086.85,756.47,10
1,player,413,0,0,996.99,583.63,1082.52,756.81,10
1,player,414,0,0,992.66,583.97,1078.18,757.15,10
1,player,415,0,0,988.32,584.31,1073.84,757.49,10
1,player,416,0,0,983.98,584.65,1069.50,757.83,10
1,player,417,0,0,979.64,584.99,1065.17,758.17,10
1,player,418,0,0,975.31,585.32,1060.83,758.51,10
1,player,419,0,0,970.97,585.66,1056.49,758.85,10
1,player,420,0,0,966.63,586.00,1052.16,759.19,10
1,player,421,0,0,962.29,586.34,1047.82,759.53,10
1,player,422,0,0,957.96,586.68,1043.48,759.87,10
1,player,423,0,0,953.62,587.02,1039.14,760.21,10
1,player,424,0,0,949.28,587.36,1034.81,760.55,10
1,player,425,0,0,944.94,587.70,1030.47,760.89,10
1,player,426,0,0,940.61,588.04,1026.13,761.23,10
1,player,427,0,0,936.27,588.38,1021.79,761.57,10
1,player,428,0,0,931.93,588.72,1017.46,761.91,10
1,player,429,0,0,927.60,589.06,1013.12,762.25,10
1,player,430,0,0,923.26,589.40,1008.78,762.58,10
1,player,431,0,0,918.92,589.74,1004.44,762.92,10
1,player,432,0,0,914.58,590.08,1000.11,763.26,10
1,player,433,0,0,910.25,590.42,995.77,763.60,10
1,player,434,0,0,905.91,590.76,991.43,763.94,10
1,player,435,0,0,901.57,591.10,987.09,764.28,10
1,player,436,0,0,897.23,591.44,982.76,764.62,10
1,player,437,0,0,892.90,591.78,978.42,764.96,10
1,player,438,0,0,888.56,592.12,974.08,765.30,10
1,player,439,0,0,884.22,592.46,969.75,765.64,10
1,player,440,0,0,879.88,592.79,965.41,765.98,10
1,player,441,0,0,875.55,593.13,961.07,766.32,10
1,player,442,0,0,871.21,593.47,956.73,766.66,10
1,player,443,0,0,866.87,593.81,952.40,767.00,10
1,player,444,0,0,862.54,594.15,948.06,767.34,10
1,player,445,0,0,858.20,594.49,943.72,767.68,10
1,player,446,0,0,853.86,594.83,939.38,768.02,10
1,player,447,0,0,849.52,595.17,935.05,768.36,10
1,player,448,0,0,845.19,595.51,930.71,768.70,10
1,player,449,0,0,840.85,595.85,926.37,769.04,10
1,player,450,0,0,836.51,596.19,922.03,769.38,10
1,player,451,0,0,832.17,596.53,917.70,769.72,10
1,player,452,0,0,827.84,596.87,913.36,770.05,10
1,player,453,0,0,823.50,597.21,909.02,770.39,10
1,player,454,0,0,816.98,597.57,902.50,770.76,10
1,player,455,0,0,810.46,597.93,895.98,771.12,10
1,player,456,0,0,803.94,598.30,889.47,771.48,10
1,player,457,0,0,797.42,598.66,882.95,771.84,10
1,player,458,0,0,790.90,599.02,876.43,772.21,10
1,player,459,0,0,784.38,599.38,869.91,772.57,10
1,player,460,0,0,777.87,599.74,863.39,772.93,10
1,player,461,0,0,771.35,600.11,856.87,773.29,10
1,player,462,0,0,764.83,600.47,850.35,773.65,10
1,player,463,0,0,758.31,600.83,843.83,774.02,10
1,player,464,0,0,751.79,601.19,837.31,774.38,10
1,player,465,0,0,745.27,601.56,830.79,774.74,10
1,player,466,0,0,738.75,601.92,824.27,775.10,10
1,player,467,0,0,732.23,602.28,817.76,775.47,10
1,player,468,0,0,725.71,602.64,811.24,775.83,10
1,player,469,0,0,719.19,603.00,804.72,776.19,10
1,player,470,0,0,712.67,603.37,798.20,776.55,10
1,player,471,0,0,706.16,603.73,791.68,776.91,10
1,player,472,0,0,699.64,604.09,785.16,777.28,10
1,player,473,0,0,693.12,604.45,778.64,777.64,10
1,player,474,0,0,686.60,604.82,772.12,778.00,10
1,player,475,0,0,673.92,603.55,759.45,776.73,10
1,player,476,0,0,661.25,602.28,746.77,775.46,10
1,player,477,0,0,651.09,602.81,736.61,776.00,10
1,player,478,0,0,640.93,603.35,726.46,776.53,10
1,player,479,0,0,630.78,603.88,716.30,777.07,10
1,player,480,0,0,620.62,604.42,706.15,777.60,10
1,player,481,0,0,608.68,604.42,694.21,777.60,10
1,player,482,0,0,596.75,604.42,682.27,777.60,10
1,player,483,0,0,584.81,604.42,670.33,777.60,10
1,player,484,0,0,572.87,604.42,658.39,777.60,10
1,player,485,0,0,560.93,604.42,646.46,777.60,10
1,player,486,0,0,549.00,604.42,634.52,777.60,10
1,player,487,0,0,537.06,604.42,622.58,777.60,10
1,player,488,0,0,525.12,604.42,610.64,777.60,10
1,player,489,0,0,513.18,604.42,598.71,777.60,10
1,player,490,0,0,501.25,604.42,586.77,777.60,10
1,player,491,0,0,489.31,604.42,574.83,777.60,10
1,player,492,0,0,477.37,604.42,562.89,777.60,10
1,player,493,0,0,469.53,605.84,555.05,779.03,10
1,player,494,0,0,461.69,607.27,547.21,780.45,10
1,player,495,0,0,453.85,608.69,539.37,781.88,10
1,player,496,0,0,443.16,607.17,528.68,780.35,10
1,player,497,0,0,432.47,605.64,517.99,778.82,10
1,player,498,0,0,421.78,604.11,507.30,777.30,10
1,player,499,0,0,411.09,602.58,496.61,775.77,10
1,player,500,0,0,400.40,601.06,485.92,774.24,10
1,player,501,0,0,389.71,599.53,475.23,772.72,10
1,player,502,0,0,379.02,598.00,464.54,771.19,10
1,player,503,0,0,374.35,597.74,459.88,770.93,10
1,player,504,0,0,369.69,597.48,455.21,770.67,10
1,player,505,0,0,365.02,597.23,450.55,770.41,10
1,player,506,0,0,360.36,596.97,445.88,770.15,10
1,player,507,0,0,355.69,596.71,441.22,769.89,10
1,player,508,0,0,351.03,596.45,436.55,769.63,10
1,player,509,0,0,346.36,596.19,431.89,769.37,10
1,player,510,0,0,341.70,595.93,427.22,769.12,10
1,player,511,0,0,337.03,595.67,422.56,768.86,10
1,player,512,0,0,332.37,595.41,417.89,768.60,10
1,player,513,0,0,327.70,595.15,413.23,768.34,10
1,player,514,0,0,323.04,594.89,408.56,768.08,10
1,player,515,0,0,318.37,594.63,403.90,767.82,10
1,player,516,0,0,313.71,594.37,399.23,767.56,10
1,player,517,0,0,309.04,594.12,394.57,767.30,10
1,player,518,0,0,304.38,593.86,389.90,767.04,10
1,player,519,0,0,299.71,593.60,385.24,766.78,10
1,player,520,0,0,295.05,593.34,380.57,766.52,10
1,player,521,0,0,290.38,593.08,375.91,766.26,10
1,player,522,0,0,285.72,592.82,371.24,766.01,10
1,player,523,0,0,281.05,592.56,366.58,765.75,10
1,player,524,0,0,276.39,592.30,361.91,765.49,10
1,player,525,0,0,271.73,592.04,357.25,765.23,10
1,player,526,0,0,267.06,591.78,352.58,764.97,10
1,player,527,0,0,262.40,591.52,347.92,764.71,10
1,player,528,0,0,257.73,591.26,343.25,764.45,10
1,player,529,0,0,253.07,591.01,338.59,764.19,10
1,player,530,0,0,248.40,590.75,333.92,763.93,10
1,player,531,0,0,243.74,590.49,329.26,763.67,10
1,player,532,0,0,239.07,590.23,324.59,763.41,10
1,player,533,0,0,234.41,589.97,319.93,763.15,10
1,player,534,0,0,229.74,589.71,315.26,762.89,10
1,player,535,0,0,225.08,589.45,310.60,762.64,10
1,player,536,0,0,222.94,588.84,308.46,762.02,10
1,player,537,0,0,220.80,588.23,306.32,761.41,10
1,player,538,0,0,218.66,587.62,304.19,760.80,10
1,player,539,0,0,216.52,587.01,302.05,760.19,10
1,player,540,0,0,214.39,586.40,299.91,759.58,10
1,player,541,0,0,212.25,585.78,297.77,758.97,10
1,player,542,0,0,210.11,585.17,295.63,758.36,10
1,player,543,0,0,207.97,587.01,293.49,760.19,10
1,player,544,0,0,205.83,588.84,291.36,762.02,10
1,player,545,0,0,203.70,590.67,289.22,763.86,10
1,player,546,0,0,201.56,592.50,287.08,765.69,10
1,player,547,0,0,199.42,594.34,284.94,767.52,10
1,player,548,0,0,197.28,596.17,282.80,769.36,10
1,player,549,0,0,195.14,598.00,280.67,771.19,10
1,player,550,0,0,193.14,597.87,278.66,771.05,10
1,player,551,0,0,191.13,597.74,276.66,770.92,10
1,player,552,0,0,189.13,597.60,274.65,770.79,10
1,player,553,0,0,187.12,597.47,272.65,770.65,10
1,player,554,0,0,185.12,597.33,270.64,770.52,10
1,player,555,0,0,183.12,597.20,268.64,770.39,10
1,player,556,0,0,181.11,597.07,266.63,770.25,10
1,player,557,0,0,179.11,596.93,264.63,770.12,10
1,player,558,0,0,177.10,596.80,262.63,769.99,10
1,player,559,0,0,175.10,596.67,260.62,769.85,10
1,player,560,0,0,173.09,596.53,258.62,769.72,10
1,player,561,0,0,171.09,596.40,256.61,769.59,10
1,player,562,0,0,169.08,596.27,254.61,769.45,10
1,player,563,0,0,167.08,596.13,252.60,769.32,10
1,player,564,0,0,165.08,596.00,250.60,769.18,10
1,player,565,0,0,163.07,595.87,248.59,769.05,10
1,player,566,0,0,164.97,596.18,250.50,769.37,10
1,player,567,0,0,166.87,596.50,252.40,769.68,10
1,player,568,0,0,168.77,596.82,254.30,770.00,10
1,player,569,0,0,170.67,597.13,256.20,770.32,10
1,player,570,0,0,172.57,597.45,258.10,770.63,10
1,player,571,0,0,174.47,597.77,260.00,770.95,10
1,player,572,0,0,176.37,598.08,261.90,771.27,10
1,player,573,0,0,178.28,598.40,263.80,771.58,10
1,player,574,0,0,180.18,598.72,265.70,771.90,10
1,player,575,0,0,182.08,599.03,267.60,772.22,10
1,player,576,0,0,183.98,599.35,269.50,772.54,10
1,player,577,0,0,185.88,599.67,271.40,772.85,10
1,player,578,0,0,187.78,599.98,273.30,773.17,10
1,player,579,0,0,189.68,600.30,275.20,773.49,10
1,player,580,0,0,191.58,600.62,277.10,773.80,10
1,player,581,0,0,193.48,600.93,279.00,774.12,10
1,player,582,0,0,195.38,601.25,280.90,774.44,10
1,player,583,0,0,197.28,601.57,282.80,774.75,10
1,player,584,0,0,199.18,601.88,284.70,775.07,10
1,player,585,0,0,201.08,602.20,286.61,775.39,10
1,player,586,0,0,202.98,602.52,288.51,775.70,10
1,player,587,0,0,204.88,602.83,290.41,776.02,10
1,player,588,0,0,206.78,603.15,292.31,776.34,10
1,player,589,0,0,208.68,603.47,294.21,776.65,10
1,player,590,0,0,210.58,603.78,296.11,776.97,10
1,player,591,0,0,212.48,604.10,298.01,777.29,10
1,player,592,0,0,214.39,604.42,299.91,777.60,10
1,player,593,0,0,216.29,604.73,301.81,777.92,10
1,player,594,0,0,218.19,605.05,303.71,778.24,10
1,player,595,0,0,220.09,605.37,305.61,778.55,10
1,player,596,0,0,221.99,605.68,307.51,778.87,10
1,player,597,0,0,223.89,606.00,309.41,779.19,10
1,player,598,0,0,225.79,606.32,311.31,779.50,10
1,player,599,0,0,227.69,606.63,313.21,779.82,10
1,player,600,0,0,229.59,606.95,315.11,780.14,10
1,player,601,0,0,231.49,607.27,317.01,780.45,10
1,player,602,0,0,233.39,607.58,318.91,780.77,10
1,player,603,0,0,235.29,607.90,320.81,781.09,10
1,player,604,0,0,237.19,608.22,322.71,781.40,10
1,player,605,0,0,239.09,608.54,324.62,781.72,10
1,player,606,0,0,240.99,608.85,326.52,782.04,10
1,player,607,0,0,242.89,609.17,328.42,782.35,10
1,player,608,0,0,244.79,609.49,330.32,782.67,10
1,player,609,0,0,246.69,609.80,332.22,782.99,10
1,player,610,0,0,248.59,610.12,334.12,783.30,10
1,player,611,0,0,250.50,610.44,336.02,783.62,10
1,player,612,0,0,252.40,610.75,337.92,783.94,10
1,player,613,0,0,254.30,611.07,339.82,784.25,10
1,player,614,0,0,256.20,611.39,341.72,784.57,10
1,player,615,0,0,258.10,611.70,343.62,784.89,10
1,player,616,0,0,260.00,612.02,345.52,785.21,10
1,player,617,0,0,261.90,612.34,347.42,785.52,10
1,player,618,0,0,263.80,612.65,349.32,785.84,10
1,player,619,0,0,265.70,612.97,351.22,786.16,10
1,player,620,0,0,271.40,614.40,356.92,787.58,10
1,player,621,0,0,277.10,615.82,362.63,789.01,10
1,player,622,0,0,282.80,617.25,368.33,790.43,10
1,player,623,0,0,289.18,617.51,374.70,790.70,10
1,player,624,0,0,295.56,617.78,381.08,790.97,10
1,player,625,0,0,301.93,618.05,387.46,791.23,10
1,player,626,0,0,308.31,618.32,393.83,791.50,10
1,player,627,0,0,314.68,618.58,400.21,791.77,10
1,player,628,0,0,321.06,618.85,406.58,792.04,10
1,player,629,0,0,327.44,619.12,412.96,792.30,10
1,player,630,0,0,333.81,619.38,419.34,792.57,10
1,player,631,0,0,340.19,619.65,425.71,792.84,10
1,player,632,0,0,346.56,619.92,432.09,793.10,10
1,player,633,0,0,352.94,620.19,438.46,793.37,10
1,player,634,0,0,359.32,620.45,444.84,793.64,10
1,player,635,0,0,365.69,620.72,451.22,793.91,10
1,player,636,0,0,372.07,620.99,457.59,794.17,10
1,player,637,0,0,378.44,621.26,463.97,794.44,10
1,player,638,0,0,384.82,621.52,470.34,794.71,10
1,player,639,0,0,391.20,621.79,476.72,794.98,10
1,player,640,0,0,397.57,622.06,483.10,795.24,10
1,player,641,0,0,403.95,622.32,489.47,795.51,10
1,player,642,0,0,410.33,622.59,495.85,795.78,10
1,player,643,0,0,416.70,622.86,502.22,796.04,10
1,player,644,0,0,423.08,623.13,508.60,796.31,10
1,player,645,0,0,429.45,623.39,514.98,796.58,10
1,player,646,0,0,435.83,623.66,521.35,796.85,10
1,player,647,0,0,442.21,623.93,527.73,797.11,10
1,player,648,0,0,448.58,624.20,534.11,797.38,10
1,player,649,0,0,454.96,624.46,540.48,797.65,10
1,player,650,0,0,461.33,624.73,546.86,797.92,10
1,player,651,0,0,467.71,625.00,553.23,798.18,10
1,player,652,0,0,474.09,625.26,559.61,798.45,10
1,player,653,0,0,480.46,625.53,565.99,798.72,10
1,player,654,0,0,486.84,625.80,572.36,798.98,10
1,player,655,0,0,493.21,626.07,578.74,799.25,10
1,player,656,0,0,499.59,626.33,585.11,799.52,10
1,player,657,0,0,505.97,626.60,591.49,799.79,10
1,player,658,0,0,512.34,626.87,597.87,800.05,10
1,player,659,0,0,518.72,627.14,604.24,800.32,10
1,player,660,0,0,525.09,627.40,610.62,800.59,10
1,player,661,0,0,531.47,627.67,616.99,800.86,10
1,player,662,0,0,537.85,627.94,623.37,801.12,10
1,player,663,0,0,544.22,628.20,629.75,801.39,10
1,player,664,0,0,550.60,628.47,636.12,801.66,10
1,player,665,0,0,556.98,628.74,642.50,801.92,10
1,player,666,0,0,563.35,629.01,648.87,802.19,10
1,player,667,0,0,569.73,629.27,655.25,802.46,10
1,player,668,0,0,576.10,629.54,661.63,802.73,10
1,player,669,0,0,582.48,629.81,668.00,802.99,10
1,player,670,0,0,588.86,630.08,674.38,803.26,10
1,player,671,0,0,595.23,630.34,680.76,803.53,10
1,player,672,0,0,601.61,630.61,687.13,803.80,10
1,player,673,0,0,607.98,630.88,693.51,804.06,10
1,player,674,0,0,614.36,631.14,699.88,804.33,10
1,player,675,0,0,620.74,631.41,706.26,804.60,10
1,player,676,0,0,627.11,631.68,712.64,804.86,10
1,player,677,0,0,633.49,631.95,719.01,805.13,10
1,player,678,0,0,639.86,632.21,725.39,805.40,10
1,player,679,0,0,651.48,632.02,737.00,805.21,10
1,player,680,0,0,663.09,631.83,748.62,805.01,10
1,player,681,0,0,674.71,631.63,760.23,804.82,10
1,player,682,0,0,686.32,631.44,771.84,804.62,10
1,player,683,0,0,697.93,631.24,783.46,804.43,10
1,player,684,0,0,709.55,631.05,795.07,804.23,10
1,player,685,0,0,721.16,630.85,806.68,804.04,10
1,player,686,0,0,732.77,630.66,818.30,803.84,10
1,player,687,0,0,744.39,630.46,829.91,803.65,10
1,player,688,0,0,756.00,630.27,841.52,803.46,10
1,player,689,0,0,767.61,630.08,853.14,803.26,10
1,player,690,0,0,779.23,629.88,864.75,803.07,10
1,player,691,0,0,790.84,629.69,876.37,802.87,10
1,player,692,0,0,802.46,629.49,887.98,802.68,10
1,player,693,0,0,814.07,629.30,899.59,802.48,10
1,player,694,0,0,825.68,629.10,911.21,802.29,10
1,player,695,0,0,837.30,628.91,922.82,802.10,10
1,player,696,0,0,848.91,628.72,934.43,801.90,10
1,player,697,0,0,860.52,628.52,946.05,801.71,10
1,player,698,0,0,872.14,628.33,957.66,801.51,10
1,player,699,0,0,883.75,628.13,969.27,801.32,10
1,player,700,0,0,895.37,627.94,980.89,801.12,10
1,player,701,0,0,906.98,627.74,992.50,800.93,10
1,player,702,0,0,918.59,627.55,1004.12,800.73,10
1,player,703,0,0,930.21,627.35,1015.73,800.54,10
1,player,704,0,0,941.82,627.16,1027.34,800.35,10
1,player,705,0,0,953.43,626.97,1038.96,800.15,10
1,player,706,0,0,965.05,626.77,1050.57,799.96,10
1,player,707,0,0,976.66,626.58,1062.18,799.76,10
1,player,708,0,0,988.27,626.38,1073.80,799.57,10
1,player,709,0,0,999.89,626.19,1085.41,799.37,10
1,player,710,0,0,1011.50,625.99,1097.03,799.18,10
1,player,711,0,0,1023.12,625.80,1108.64,798.99,10
1,player,712,0,0,1034.73,625.61,1120.25,798.79,10
1,player,713,0,0,1046.34,625.41,1131.87,798.60,10
1,player,714,0,0,1057.96,625.22,1143.48,798.40,10
1,player,715,0,0,1069.57,625.02,1155.09,798.21,10
1,player,716,0,0,1081.18,624.83,1166.71,798.01,10
1,player,717,0,0,1092.80,624.63,1178.32,797.82,10
1,player,718,0,0,1104.41,624.44,1189.93,797.63,10
1,player,719,0,0,1116.03,624.25,1201.55,797.43,10
1,player,720,0,0,1127.64,624.05,1213.16,797.24,10
1,player,721,0,0,1139.25,623.86,1224.78,797.04,10
1,player,722,0,0,1150.87,623.66,1236.39,796.85,10
1,player,723,0,0,1162.41,622.81,1247.94,795.99,10
1,player,724,0,0,1173.96,621.95,1259.48,795.14,10
1,player,725,0,0,1185.50,621.10,1271.03,794.28,10
1,player,726,0,0,1197.05,620.24,1282.57,793.43,10
1,player,727,0,0,1208.59,619.39,1294.12,792.57,10
1,player,728,0,0,1221.42,616.71,1306.95,789.90,10
1,player,729,0,0,1234.25,614.04,1319.77,787.23,10
1,player,730,0,0,1247.08,611.37,1332.60,784.55,10
1,player,731,0,0,1259.91,608.70,1345.43,781.88,10
1,player,732,0,0,1268.46,608.70,1353.98,781.88,10
1,player,733,0,0,1277.01,608.70,1362.54,781.88,10
1,player,734,0,0,1285.57,608.70,1371.09,781.88,10
1,player,735,0,0,1294.12,608.70,1379.64,781.88,10
1,player,736,0,0,1302.67,608.70,1388.19,781.88,10
1,player,737,0,0,1311.22,608.70,1396.75,781.88,10
1,player,738,0,0,1319.77,608.70,1405.30,781.88,10
1,player,739,0,0,1328.33,608.70,1413.85,781.88,10
1,player,740,0,0,1336.88,608.70,1422.40,781.88,10
1,player,741,0,0,1345.43,608.70,1430.96,781.88,10
1,player,742,0,0,1353.98,608.70,1439.51,781.88,10
1,player,743,0,0,1362.54,608.70,1448.06,781.88,10
1,player,744,0,0,1371.09,608.70,1456.61,781.88,10
1,player,745,0,0,1379.64,608.70,1465.16,781.88,10
1,player,746,0,0,1388.19,608.70,1473.72,781.88,10
1,player,747,0,0,1384.99,608.20,1470.51,781.39,10
1,player,748,0,0,1381.78,607.71,1467.30,780.89,10
1,player,749,0,0,1378.57,607.22,1464.10,780.40,10
1,player,750,0,0,1375.36,606.72,1460.89,779.91,10
1,player,751,0,0,1372.16,606.23,1457.68,779.41,10
1,player,752,0,0,1368.95,605.74,1454.47,778.92,10
1,player,753,0,0,1365.74,605.24,1451.27,778.43,10
1,player,754,0,0,1362.54,604.75,1448.06,777.93,10
1,player,755,0,0,1359.33,604.26,1444.85,777.44,10
1,player,756,0,0,1356.12,603.76,1441.65,776.95,10
1,player,757,0,0,1352.91,603.27,1438.44,776.45,10
1,player,758,0,0,1349.71,602.78,1435.23,775.96,10
1,player,759,0,0,1346.50,602.28,1432.02,775.47,10
1,player,760,0,0,1343.29,601.79,1428.82,774.97,10
1,player,761,0,0,1340.09,601.29,1425.61,774.48,10
1,player,762,0,0,1336.88,600.80,1422.40,773.99,10
1,player,763,0,0,1333.67,600.31,1419.20,773.49,10
1,player,764,0,0,1330.46,599.81,1415.99,773.00,10
1,player,765,0,0,1327.26,599.32,1412.78,772.51,10
1,player,766,0,0,1324.05,598.83,1409.57,772.01,10
1,player,767,0,0,1320.84,598.33,1406.37,771.52,10
1,player,768,0,0,1317.64,597.84,1403.16,771.03,10
1,player,769,0,0,1314.43,597.35,1399.95,770.53,10
1,player,770,0,0,1311.22,596.85,1396.75,770.04,10
1,player,771,0,0,1308.01,596.36,1393.54,769.55,10
1,player,772,0,0,1304.81,595.87,1390.33,769.05,10
1,player,773,0,0,1299.11,595.87,1384.63,769.05,10
1,player,774,0,0,1293.40,595.87,1378.93,769.05,10
1,player,775,0,0,1287.70,595.87,1373.23,769.05,10
1,player,776,0,0,1285.52,594.67,1371.04,767.86,10
1,player,777,0,0,1283.33,593.48,1368.85,766.67,10
1,player,778,0,0,1281.14,592.29,1366.66,765.47,10
1,player,779,0,0,1278.95,591.09,1364.48,764.28,10
1,player,780,0,0,1276.76,589.90,1362.29,763.09,10
1,player,781,0,0,1274.58,588.71,1360.10,761.89,10
1,player,782,0,0,1272.39,587.51,1357.91,760.70,10
1,player,783,0,0,1270.20,586.32,1355.72,759.51,10
1,player,784,0,0,1268.01,585.13,1353.54,758.31,10
1,player,785,0,0,1265.82,583.93,1351.35,757.12,10
1,player,786,0,0,1263.64,582.74,1349.16,755.93,10
1,player,787,0,0,1261.45,581.55,1346.97,754.73,10
1,player,788,0,0,1259.26,580.35,1344.78,753.54,10
1,player,789,0,0,1257.07,579.16,1342.60,752.35,10
1,player,790,0,0,1254.89,577.97,1340.41,751.15,10
1,player,791,0,0,1252.70,576.77,1338.22,749.96,10
1,player,792,0,0,1250.51,575.58,1336.03,748.77,10
1,player,793,0,0,1248.32,574.39,1333.85,747.57,10
1,player,794,0,0,1246.13,573.19,1331.66,746.38,10
1,player,795,0,0,1243.95,572.00,1329.47,745.19,10
1,player,796,0,0,1241.76,570.81,1327.28,743.99,10
1,player,797,0,0,1239.57,569.61,1325.09,742.80,10
1,player,798,0,0,1237.38,568.42,1322.91,741.61,10
1,player,799,0,0,1235.20,567.23,1320.72,740.41,10
1,player,800,0,0,1233.01,566.03,1318.53,739.22,10
1,player,801,0,0,1230.82,564.84,1316.34,738.03,10
1,player,802,0,0,1228.63,563.65,1314.16,736.83,10
1,player,803,0,0,1226.44,562.45,1311.97,735.64,10
1,player,804,0,0,1224.26,561.26,1309.78,734.45,10
1,player,805,0,0,1222.07,560.07,1307.59,733.25,10
1,player,806,0,0,1219.88,558.87,1305.40,732.06,10
1,player,807,0,0,1217.69,557.68,1303.22,730.87,10
1,player,808,0,0,1215.51,556.49,1301.03,729.67,10
1,player,809,0,0,1213.32,555.29,1298.84,728.48,10
1,player,810,0,0,1211.13,554.10,1296.65,727.29,10
1,player,811,0,0,1208.94,552.91,1294.47,726.09,10
1,player,812,0,0,1206.75,551.71,1292.28,724.90,10
1,player,813,0,0,1204.57,550.52,1290.09,723.71,10
1,player,814,0,0,1202.38,549.33,1287.90,722.51,10
1,player,815,0,0,1200.19,548.13,1285.71,721.32,10
1,player,816,0,0,1198.00,546.94,1283.53,720.12,10
1,player,817,0,0,1195.81,545.75,1281.34,718.93,10
1,player,818,0,0,1193.63,544.55,1279.15,717.74,10
1,player,819,0,0,1191.72,543.56,1277.24,716.75,10
1,player,820,0,0,1189.81,542.57,1275.33,715.75,10
1,player,821,0,0,1187.90,541.57,1273.42,714.76,10
1,player,822,0,0,1185.99,540.58,1271.51,713.77,10
1,player,823,0,0,1184.08,539.59,1269.61,712.77,10
1,player,824,0,0,1182.17,538.60,1267.70,711.78,10
1,player,825,0,0,1180.26,537.60,1265.79,710.79,10
1,player,826,0,0,1178.35,536.61,1263.88,709.80,10
1,player,827,0,0,1176.45,535.62,1261.97,708.80,10
1,player,828,0,0,1174.54,534.63,1260.06,707.81,10
1,player,829,0,0,1172.63,533.63,1258.15,706.82,10
1,player,830,0,0,1170.72,532.64,1256.24,705.83,10
1,player,831,0,0,1168.81,531.65,1254.33,704.83,10
1,player,832,0,0,1166.90,530.66,1252.42,703.84,10
1,player,833,0,0,1164.99,529.66,1250.52,702.85,10
1,player,834,0,0,1163.08,528.67,1248.61,701.86,10
1,player,835,0,0,1161.17,527.68,1246.70,700.86,10
1,player,836,0,0,1159.26,526.68,1244.79,699.87,10
1,player,837,0,0,1157.36,525.69,1242.88,698.88,10
1,player,838,0,0,1155.45,524.70,1240.97,697.88,10
1,player,839,0,0,1153.54,523.71,1239.06,696.89,10
1,player,840,0,0,1151.63,522.71,1237.15,695.90,10
1,player,841,0,0,1149.72,521.72,1235.24,694.91,10
1,player,842,0,0,1147.81,520.73,1233.33,693.91,10
1,player,843,0,0,1145.90,519.74,1231.43,692.92,10
1,player,844,0,0,1143.99,518.74,1229.52,691.93,10
1,player,845,0,0,1142.08,517.75,1227.61,690.94,10
1,player,846,0,0,1140.17,516.76,1225.70,689.94,10
1,player,847,0,0,1137.82,516.54,1223.35,689.73,10
1,player,848,0,0,1135.47,516.33,1220.99,689.52,10
1,player,849,0,0,1133.12,516.12,1218.64,689.30,10
1,player,850,0,0,1130.77,515.90,1216.29,689.09,10
1,player,851,0,0,1128.42,515.69,1213.94,688.87,10
1,player,852,0,0,1126.06,515.48,1211.59,688.66,10
1,player,853,0,0,1123.71,515.26,1209.23,688.45,10
1,player,854,0,0,1121.36,515.05,1206.88,688.23,10
1,player,855,0,0,1119.01,514.83,1204.53,688.02,10
1,player,856,0,0,1116.66,514.62,1202.18,687.81,10
1,player,857,0,0,1116.66,514.62,1202.18,687.81,10
1,player,858,0,0,1116.66,514.62,1202.18,687.81,10
1,player,859,0,0,1116.66,514.62,1202.18,687.81,10
1,player,860,0,0,1116.66,514.62,1202.18,687.81,10
1,player,861,0,0,1116.66,514.62,1202.18,687.81,10
1,player,862,0,0,1116.66,514.62,1202.18,687.81,10
1,player,863,0,0,1116.66,514.62,1202.18,687.81,10
1,player,864,0,0,1116.66,514.62,1202.18,687.81,10
1,player,865,0,0,1116.66,514.62,1202.18,687.81,10
1,player,866,0,0,1116.66,514.62,1202.18,687.81,10
1,player,867,0,0,1116.66,514.62,1202.18,687.81,10
1,player,868,0,0,1116.66,514.62,1202.18,687.81,10
1,player,869,0,0,1116.66,514.62,1202.18,687.81,10
1,player,870,0,0,1116.66,514.62,1202.18,687.81,10
1,player,871,0,0,1116.66,514.62,1202.18,687.81,10
1,player,872,0,0,1116.66,514.62,1202.18,687.81,10
1,player,873,0,0,1116.66,514.62,1202.18,687.81,10
1,player,874,0,0,1116.66,514.62,1202.18,687.81,10
1,player,875,0,0,1116.66,514.62,1202.18,687.81,10
1,player,876,0,0,1116.66,514.62,1202.18,687.81,10
1,player,877,0,0,1116.66,514.62,1202.18,687.81,10
1,player,878,0,0,1116.66,514.62,1202.18,687.81,10
1,player,879,0,0,1116.66,514.62,1202.18,687.81,10
1,player,880,0,0,1116.66,514.62,1202.18,687.81,10
1,player,881,0,0,1116.66,514.62,1202.18,687.81,10
1,player,882,0,0,1116.66,514.62,1202.18,687.81,10
1,player,883,0,0,1116.66,514.62,1202.18,687.81,10
1,player,884,0,0,1116.66,514.62,1202.18,687.81,10
1,player,885,0,0,1116.66,514.62,1202.18,687.81,10
1,player,886,0,0,1116.66,514.62,1202.18,687.81,10
1,player,887,0,0,1116.66,514.62,1202.18,687.81,10
1,player,888,0,0,1116.66,514.62,1202.18,687.81,10
1,player,889,0,0,1116.66,514.62,1202.18,687.81,10
1,player,890,0,0,1116.66,514.62,1202.18,687.81,10
1,player,891,0,0,1116.66,514.62,1202.18,687.81,10
1,player,892,0,0,1116.66,514.62,1202.18,687.81,10
1,player,893,0,0,1116.66,514.62,1202.18,687.81,10
1,player,894,0,0,1116.66,514.62,1202.18,687.81,10
1,player,895,0,0,1116.66,514.62,1202.18,687.81,10
1,player,896,0,0,1116.66,514.62,1202.18,687.81,10
1,player,897,0,0,1116.66,514.62,1202.18,687.81,10
1,player,898,0,0,1116.66,514.62,1202.18,687.81,10
1,player,899,0,0,1116.66,514.62,1202.18,687.81,10
2,player,15,0,0,310.02,596.66,389.10,744.20,6
2,player,16,0,0,310.19,596.08,389.26,743.62,6
2,player,17,0,0,310.35,595.51,389.43,743.05,6
2,player,18,0,0,310.52,594.93,389.59,742.47,6
2,player,19,0,0,310.68,594.36,389.76,741.90,6
2,player,20,0,0,310.84,593.78,389.92,741.32,6
2,player,21,0,0,311.01,593.21,390.09,740.75,6
2,player,22,0,0,311.17,592.63,390.25,740.17,6
2,player,23,0,0,311.34,592.05,390.42,739.59,6
2,player,24,0,0,311.50,591.48,390.58,739.02,6
2,player,25,0,0,311.67,590.90,390.74,738.44,6
2,player,26,0,0,311.83,590.33,390.91,737.87,6
2,player,27,0,0,312.00,589.75,391.07,737.29,6
2,player,28,0,0,312.16,589.18,391.24,736.72,6
2,player,29,0,0,312.33,588.60,391.40,736.14,6
2,player,30,0,0,312.49,588.02,391.57,735.57,6
2,player,31,0,0,312.65,587.45,391.73,734.99,6
2,player,32,0,0,312.82,586.87,391.90,734.41,6
2,player,33,0,0,312.98,586.30,392.06,733.84,6
2,player,34,0,0,313.15,585.72,392.23,733.26,6
2,player,35,0,0,313.31,585.15,392.39,732.69,6
2,player,36,0,0,313.48,584.57,392.55,732.11,6
2,player,37,0,0,313.64,583.99,392.72,731.54,6
2,player,38,0,0,313.81,583.42,392.88,730.96,6
2,player,39,0,0,313.97,582.84,393.05,730.38,6
2,player,40,0,0,314.13,582.27,393.21,729.81,6
2,player,41,0,0,314.30,581.69,393.38,729.23,6
2,player,42,0,0,309.99,581.58,388.75,729.12,6
2,player,43,0,0,305.69,581.46,384.12,729.00,6
2,player,44,0,0,301.38,581.34,379.49,728.88,6
2,player,45,0,0,297.08,581.22,374.87,728.76,6
2,player,46,0,0,292.77,581.11,370.24,728.65,6
2,player,47,0,0,288.47,580.99,365.61,728.53,6
2,player,48,0,0,284.16,580.87,360.98,728.41,6
2,player,49,0,0,279.86,580.76,356.36,728.30,6
2,player,50,0,0,275.55,580.64,351.73,728.18,6
2,player,51,0,0,271.24,580.52,347.10,728.06,6
2,player,52,0,0,266.94,580.40,342.47,727.94,6
2,player,53,0,0,262.63,580.29,337.84,727.83,6
2,player,54,0,0,258.33,580.17,333.22,727.71,6
2,player,55,0,0,254.02,580.05,328.59,727.59,6
2,player,56,0,0,249.72,579.94,323.96,727.48,6
2,player,57,0,0,245.41,579.82,319.33,727.36,6
2,player,58,0,0,241.11,579.70,314.71,727.24,6
2,player,59,0,0,236.80,579.58,310.08,727.12,6
2,player,60,0,0,232.50,579.47,305.45,727.01,6
2,player,61,0,0,228.19,579.35,300.82,726.89,6
2,player,62,0,0,223.88,579.23,296.20,726.77,6
2,player,63,0,0,219.58,579.12,291.57,726.66,6
2,player,64,0,0,215.27,579.00,286.94,726.54,6
2,player,65,0,0,210.97,578.88,282.31,726.42,6
2,player,66,0,0,206.66,578.76,277.69,726.30,6
2,player,67,0,0,202.36,578.65,273.06,726.19,6
2,player,68,0,0,198.05,578.53,268.43,726.07,6
2,player,69,0,0,193.75,578.41,263.80,725.95,6
2,player,70,0,0,189.44,578.30,259.17,725.84,6
2,player,71,0,0,185.13,578.18,254.55,725.72,6
2,player,72,0,0,180.83,578.06,249.92,725.60,6
2,player,73,0,0,176.52,577.94,245.29,725.48,6
2,player,74,0,0,172.22,577.83,240.66,725.37,6
2,player,75,0,0,167.91,577.71,236.04,725.25,6
2,player,76,0,0,163.61,577.59,231.41,725.13,6
2,player,77,0,0,159.30,577.48,226.78,725.02,6
2,player,78,0,0,155.00,577.36,222.15,724.90,6
2,player,79,0,0,150.69,577.24,217.53,724.78,6
2,player,80,0,0,146.39,577.12,212.90,724.66,6
2,player,81,0,0,142.08,577.01,208.27,724.55,6
2,player,82,0,0,137.77,576.89,203.64,724.43,6
2,player,83,0,0,133.47,576.77,199.02,724.31,6
2,player,84,0,0,129.16,576.66,194.39,724.20,6
2,player,85,0,0,124.86,576.54,189.76,724.08,6
2,player,86,0,0,120.55,576.42,185.13,723.96,6
2,player,87,0,0,116.25,576.30,180.51,723.84,6
2,player,88,0,0,111.94,576.19,175.88,723.73,6
2,player,89,0,0,107.64,576.07,171.25,723.61,6
2,player,90,0,0,103.33,575.95,166.62,723.49,6
2,player,91,0,0,99.03,575.84,161.99,723.38,6
2,player,92,0,0,94.72,575.72,157.37,723.26,6
2,player,93,0,0,90.41,575.60,152.74,723.14,6
2,player,94,0,0,86.11,575.48,148.11,723.02,6
2,player,95,0,0,81.80,575.37,143.48,722.91,6
2,player,96,0,0,77.50,575.25,138.86,722.79,6
2,player,97,0,0,73.19,575.13,134.23,722.67,6
2,player,98,0,0,68.89,575.01,129.60,722.56,6
2,player,99,0,0,64.58,574.90,124.97,722.44,6
2,player,100,0,0,60.28,574.78,120.35,722.32,6
2,player,101,0,0,55.97,574.66,115.72,722.20,6
2,player,102,0,0,51.67,574.55,111.09,722.09,6
2,player,103,0,0,47.36,574.43,106.46,721.97,6
2,player,104,0,0,43.05,574.31,101.84,721.85,6
2,player,105,0,0,38.75,574.19,97.21,721.74,6
2,player,106,0,0,34.44,574.08,92.58,721.62,6
2,player,107,0,0,30.14,573.96,87.95,721.50,6
2,player,108,0,0,25.83,573.84,83.32,721.38,6
2,player,109,0,0,21.53,573.73,78.70,721.27,6
2,player,110,0,0,17.22,573.61,74.07,721.15,6
2,player,111,0,0,12.92,573.49,69.44,721.03,6
2,player,112,0,0,8.61,573.37,64.81,720.92,6
2,player,113,0,0,4.31,573.26,60.19,720.80,6
2,player,114,0,0,0.00,573.14,55.56,720.68,6
2,player,115,0,0,0.00,573.14,55.56,720.68,6
2,player,116,0,0,0.00,573.14,55.56,720.68,6
2,player,117,0,0,0.00,573.14,55.56,720.68,6
2,player,118,0,0,0.00,573.14,55.56,720.68,6
2,player,119,0,0,0.00,573.14,55.56,720.68,6
2,player,120,0,0,0.00,573.14,55.56,720.68,6
2,player,121,0,0,0.00,573.14,55.56,720.68,6
2,player,122,0,0,0.00,573.14,55.56,720.68,6
2,player,123,0,0,0.00,573.14,55.56,720.68,6
2,player,124,0,0,0.00,573.14,55.56,720.68,6
2,player,125,0,0,0.00,573.14,55.56,720.68,6
2,player,126,0,0,0.00,573.14,55.56,720.68,6
2,player,127,0,0,0.00,573.14,55.56,720.68,6
2,player,128,0,0,0.00,573.14,55.56,720.68,6
2,player,129,0,0,0.00,573.14,55.56,720.68,6
2,player,130,0,0,0.00,573.14,55.56,720.68,6
2,player,131,1,0,0.00,573.14,55.56,720.68,6
3,player,15,0,0,934.34,509.00,1022.00,648.00,18
3,player,16,0,0,935.99,508.01,1023.64,647.01,18
3,player,17,0,0,937.63,507.02,1025.29,646.03,18
3,player,18,0,0,939.28,506.04,1026.93,645.04,18
3,player,19,0,0,940.92,505.05,1028.58,644.05,18
3,player,20,0,0,942.57,504.06,1030.22,643.07,18
3,player,21,0,0,944.21,503.08,1031.87,642.08,18
3,player,22,0,0,945.86,502.09,1033.51,641.09,18
3,player,23,0,0,947.50,501.10,1035.16,640.11,18
3,player,24,0,0,949.15,500.12,1036.80,639.12,18
3,player,25,0,0,950.79,499.13,1038.45,638.13,18
3,player,26,0,0,952.44,498.14,1040.09,637.15,18
3,player,27,0,0,954.08,497.16,1041.74,636.16,18
3,player,28,0,0,955.72,496.17,1043.38,635.17,18
3,player,29,0,0,957.37,495.18,1045.03,634.18,18
3,player,30,0,0,959.01,494.20,1046.67,633.20,18
3,player,31,0,0,960.66,493.21,1048.31,632.21,18
3,player,32,0,0,962.30,492.22,1049.96,631.22,18
3,player,33,0,0,963.95,491.24,1051.60,630.24,18
3,player,34,0,0,965.59,490.25,1053.25,629.25,18
3,player,35,0,0,967.24,489.26,1054.89,628.26,18
3,player,36,0,0,968.88,488.27,1056.54,627.28,18
3,player,37,0,0,970.53,487.29,1058.18,626.29,18
3,player,38,0,0,972.17,486.30,1059.83,625.30,18
3,player,39,0,0,973.82,485.31,1061.47,624.32,18
3,player,40,0,0,975.46,484.33,1063.12,623.33,18
3,player,41,0,0,977.11,483.34,1064.76,622.34,18
3,player,42,0,0,975.52,482.73,1063.18,621.73,18
3,player,43,0,0,973.94,482.11,1061.60,621.11,18
3,player,44,0,0,972.36,481.50,1060.02,620.50,18
3,player,45,0,0,970.78,480.88,1058.44,619.88,18
3,player,46,0,0,969.20,480.27,1056.85,619.27,18
3,player,47,0,0,967.62,479.65,1055.27,618.65,18
3,player,48,0,0,966.03,479.04,1053.69,618.04,18
3,player,49,0,0,964.45,478.42,1052.11,617.42,18
3,player,50,0,0,962.87,477.81,1050.53,616.81,18
3,player,51,0,0,961.29,477.19,1048.95,616.19,18
3,player,52,0,0,959.71,476.58,1047.36,615.58,18
3,player,53,0,0,958.13,475.96,1045.78,614.96,18
3,player,54,0,0,956.54,475.35,1044.20,614.35,18
3,player,55,0,0,954.96,474.73,1042.62,613.73,18
3,player,56,0,0,953.38,474.11,1041.04,613.12,18
3,player,57,0,0,951.80,473.50,1039.46,612.50,18
3,player,58,0,0,950.22,472.88,1037.87,611.89,18
3,player,59,0,0,948.64,472.27,1036.29,611.27,18
3,player,60,0,0,947.05,471.65,1034.71,610.66,18
3,player,61,0,0,945.47,471.04,1033.13,610.04,18
3,player,62,0,0,943.89,470.42,1031.55,609.43,18
3,player,63,0,0,942.31,469.81,1029.97,608.81,18
3,player,64,0,0,940.73,469.19,1028.38,608.20,18
3,player,65,0,0,939.15,468.58,1026.80,607.58,18
3,player,66,0,0,937.57,467.96,1025.22,606.97,18
3,player,67,0,0,935.98,467.35,1023.64,606.35,18
3,player,68,0,0,934.40,466.73,1022.06,605.74,18
3,player,69,0,0,932.82,466.12,1020.48,605.12,18
3,player,70,0,0,931.24,465.50,1018.89,604.51,18
3,player,71,0,0,929.66,464.89,1017.31,603.89,18
3,player,72,0,0,928.08,464.27,1015.73,603.28,18
3,player,73,0,0,926.49,463.66,1014.15,602.66,18
3,player,74,0,0,924.91,463.04,1012.57,602.05,18
3,player,75,0,0,923.33,462.43,1010.99,601.43,18
3,player,76,0,0,921.75,461.81,1009.41,600.82,18
3,player,77,0,0,920.17,461.20,1007.82,600.20,18
3,player,78,0,0,918.59,460.58,1006.24,599.59,18
3,player,79,0,0,917.00,459.97,1004.66,598.97,18
3,player,80,0,0,915.42,459.35,1003.08,598.36,18
3,player,81,0,0,913.84,458.74,1001.50,597.74,18
3,player,82,0,0,912.26,458.12,999.92,597.13,18
3,player,83,0,0,910.68,457.51,998.33,596.51,18
3,player,84,0,0,909.10,456.89,996.75,595.90,18
3,player,85,0,0,907.51,456.28,995.17,595.28,18
3,player,86,0,0,905.93,455.66,993.59,594.67,18
3,player,87,0,0,904.35,455.05,992.01,594.05,18
3,player,88,0,0,902.77,454.43,990.43,593.43,18
3,player,89,0,0,901.19,453.82,988.84,592.82,18
3,player,90,0,0,899.61,453.20,987.26,592.20,18
3,player,91,0,0,898.02,452.59,985.68,591.59,18
3,player,92,0,0,896.44,451.97,984.10,590.97,18
3,player,93,0,0,894.86,451.36,982.52,590.36,18
3,player,94,0,0,893.28,450.74,980.94,589.74,18
3,player,95,0,0,891.70,450.13,979.35,589.13,18
3,player,96,0,0,890.12,449.51,977.77,588.51,18
3,player,97,0,0,888.53,448.90,976.19,587.90,18
3,player,98,0,0,886.95,448.28,974.61,587.28,18
3,player,99,0,0,885.37,447.67,973.03,586.67,18
3,player,100,0,0,883.79,447.05,971.45,586.05,18
3,player,101,0,0,882.21,446.44,969.86,585.44,18
3,player,102,0,0,880.63,445.82,968.28,584.82,18
3,player,103,0,0,879.05,445.21,966.70,584.21,18
3,player,104,0,0,877.46,444.59,965.12,583.59,18
3,player,105,0,0,875.88,443.98,963.54,582.98,18
3,player,106,0,0,874.30,443.36,961.96,582.36,18
3,player,107,0,0,872.72,442.75,960.38,581.75,18
3,player,108,0,0,871.14,442.13,958.79,581.13,18
3,player,109,0,0,869.56,441.52,957.21,580.52,18
3,player,110,0,0,867.97,440.90,955.63,579.90,18
3,player,111,0,0,866.39,440.29,954.05,579.29,18
3,player,112,0,0,864.81,439.67,952.47,578.67,18
3,player,113,0,0,863.23,439.06,950.89,578.06,18
3,player,114,0,0,861.65,438.44,949.30,577.44,18
3,player,115,0,0,862.53,438.06,950.18,577.07,18
3,player,116,0,0,863.41,437.69,951.06,576.69,18
3,player,117,0,0,864.29,437.31,951.95,576.31,18
3,player,118,0,0,865.17,436.93,952.83,575.93,18
3,player,119,0,0,866.05,436.55,953.71,575.56,18
3,player,120,0,0,866.93,436.18,954.59,575.18,18
3,player,121,0,0,867.81,435.80,955.47,574.80,18
3,player,122,0,0,868.69,435.42,956.35,574.42,18
3,player,123,0,0,869.57,435.05,957.23,574.05,18
3,player,124,0,0,870.45,434.67,958.11,573.67,18
3,player,125,0,0,871.33,434.29,958.99,573.29,18
3,player,126,0,0,872.21,433.91,959.87,572.92,18
3,player,127,0,0,873.09,433.54,960.75,572.54,18
3,player,128,0,0,873.97,433.16,961.63,572.16,18
3,player,129,0,0,874.85,432.78,962.51,571.78,18
3,player,130,0,0,875.73,432.40,963.39,571.41,18
3,player,131,0,0,876.62,432.03,964.27,571.03,18
3,player,132,0,0,877.30,432.03,964.96,571.03,18
3,player,133,0,0,877.98,432.03,965.64,571.03,18
3,player,134,0,0,878.67,432.03,966.32,571.03,18
3,player,135,0,0,879.35,432.03,967.01,571.03,18
3,player,136,0,0,880.04,432.03,967.69,571.03,18
3,player,137,0,0,880.72,432.03,968.38,571.03,18
3,player,138,0,0,881.40,432.03,969.06,571.03,18
3,player,139,0,0,882.09,432.03,969.74,571.03,18
3,player,140,0,0,882.77,432.03,970.43,571.03,18
3,player,141,0,0,883.46,432.03,971.11,571.03,18
3,player,142,0,0,884.14,432.03,971.80,571.03,18
3,player,143,0,0,884.83,432.03,972.48,571.03,18
3,player,144,0,0,885.51,432.03,973.17,571.03,18
3,player,145,0,0,886.19,432.03,973.85,571.03,18
3,player,146,0,0,886.88,432.03,974.53,571.03,18
3,player,147,0,0,887.56,432.03,975.22,571.03,18
3,player,148,0,0,888.25,432.03,975.90,571.03,18
3,player,149,0,0,888.93,432.03,976.59,571.03,18
3,player,150,0,0,889.61,432.03,977.27,571.03,18
3,player,151,0,0,890.30,432.03,977.96,571.03,18
3,player,152,0,0,890.98,432.03,978.64,571.03,18
3,player,153,0,0,891.67,432.03,979.32,571.03,18
3,player,154,0,0,892.35,432.03,980.01,571.03,18
3,player,155,0,0,893.04,432.03,980.69,571.03,18
3,player,156,0,0,893.72,432.03,981.38,571.03,18
3,player,157,0,0,895.21,432.03,982.87,571.03,18
3,player,158,0,0,896.70,432.03,984.36,571.03,18
3,player,159,0,0,898.19,432.03,985.85,571.03,18
3,player,160,0,0,899.68,432.03,987.34,571.03,18
3,player,161,0,0,901.18,432.03,988.83,571.03,18
3,player,162,0,0,902.67,432.03,990.32,571.03,18
3,player,163,0,0,904.16,432.03,991.82,571.03,18
3,player,164,0,0,905.65,432.03,993.31,571.03,18
3,player,165,0,0,907.14,432.03,994.80,571.03,18
3,player,166,0,0,908.63,432.03,996.29,571.03,18
3,player,167,0,0,910.12,432.03,997.78,571.03,18
3,player,168,0,0,911.62,432.03,999.27,571.03,18
3,player,169,0,0,913.11,432.03,1000.76,571.03,18
3,player,170,0,0,914.60,432.03,1002.25,571.03,18
3,player,171,0,0,916.09,432.03,1003.75,571.03,18
3,player,172,0,0,917.58,432.03,1005.24,571.03,18
3,player,173,0,0,919.07,432.03,1006.73,571.03,18
3,player,174,0,0,920.56,432.03,1008.22,571.03,18
3,player,175,0,0,922.05,432.03,1009.71,571.03,18
3,player,176,0,0,923.55,432.03,1011.20,571.03,18
3,player,177,0,0,925.04,432.03,1012.69,571.03,18
3,player,178,0,0,926.53,432.03,1014.18,571.03,18
3,player,179,0,0,928.02,432.03,1015.68,571.03,18
3,player,180,0,0,929.51,432.03,1017.17,571.03,18
3,player,181,0,0,931.00,432.03,1018.66,571.03,18
3,player,182,0,0,932.49,432.03,1020.15,571.03,18
3,player,183,0,0,933.98,432.03,1021.64,571.03,18
3,player,184,0,0,935.48,432.03,1023.13,571.03,18
3,player,185,0,0,936.97,432.03,1024.62,571.03,18
3,player,186,0,0,938.46,432.03,1026.11,571.03,18
3,player,187,0,0,939.95,432.03,1027.61,571.03,18
3,player,188,0,0,941.44,432.03,1029.10,571.03,18
3,player,189,0,0,942.93,432.03,1030.59,571.03,18
3,player,190,0,0,944.42,432.03,1032.08,571.03,18
3,player,191,0,0,947.50,432.21,1035.16,571.21,18
3,player,192,0,0,950.58,432.39,1038.24,571.39,18
3,player,193,0,0,953.66,432.57,1041.32,571.57,18
3,player,194,0,0,956.74,432.75,1044.39,571.75,18
3,player,195,0,0,959.82,432.93,1047.47,571.93,18
3,player,196,0,0,962.89,433.11,1050.55,572.12,18
3,player,197,0,0,965.97,433.29,1053.63,572.30,18
3,player,198,0,0,969.05,433.48,1056.71,572.48,18
3,player,199,0,0,972.13,433.66,1059.79,572.66,18
3,player,200,0,0,975.21,433.84,1062.86,572.84,18
3,player,201,0,0,978.29,434.02,1065.94,573.02,18
3,player,202,0,0,981.37,434.20,1069.02,573.20,18
3,player,203,0,0,984.44,434.38,1072.10,573.38,18
3,player,204,0,0,987.52,434.56,1075.18,573.56,18
3,player,205,0,0,989.50,434.40,1077.15,573.40,18
3,player,206,0,0,991.47,434.23,1079.13,573.24,18
3,player,207,0,0,993.44,434.07,1081.10,573.07,18
3,player,208,0,0,995.42,433.90,1083.07,572.91,18
3,player,209,0,0,997.39,433.74,1085.05,572.74,18
3,player,210,0,0,999.36,433.58,1087.02,572.58,18
3,player,211,0,0,1001.34,433.41,1088.99,572.41,18
3,player,212,0,0,1003.31,433.25,1090.97,572.25,18
3,player,213,0,0,1005.29,433.08,1092.94,572.08,18
3,player,214,0,0,1007.26,432.92,1094.92,571.92,18
3,player,215,0,0,1009.23,432.75,1096.89,571.75,18
3,player,216,0,0,1011.21,432.59,1098.86,571.59,18
3,player,217,0,0,1013.18,432.42,1100.84,571.43,18
3,player,218,0,0,1015.53,432.63,1103.18,571.64,18
3,player,219,0,0,1017.88,432.84,1105.53,571.85,18
3,player,220,0,0,1020.22,433.05,1107.88,572.06,18
3,player,221,0,0,1022.57,433.27,1110.23,572.27,18
3,player,222,0,0,1024.92,433.48,1112.58,572.48,18
3,player,223,0,0,1027.27,433.69,1114.93,572.69,18
3,player,224,0,0,1029.62,433.90,1117.27,572.90,18
3,player,225,0,0,1031.97,434.11,1119.62,573.11,18
3,player,226,0,0,1034.32,434.32,1121.97,573.32,18
3,player,227,0,0,1036.66,434.53,1124.32,573.53,18
3,player,228,0,0,1039.01,434.74,1126.67,573.74,18
3,player,229,0,0,1041.36,434.95,1129.02,573.95,18
3,player,230,0,0,1043.71,435.16,1131.36,574.16,18
3,player,231,0,0,1046.06,435.37,1133.71,574.37,18
3,player,232,0,0,1048.41,435.58,1136.06,574.58,18
3,player,233,0,0,1050.75,435.79,1138.41,574.79,18
3,player,234,0,0,1053.10,436.00,1140.76,575.00,18
3,player,235,0,0,1055.45,436.21,1143.11,575.21,18
3,player,236,0,0,1057.80,436.42,1145.46,575.42,18
3,player,237,0,0,1060.15,436.63,1147.80,575.63,18
3,player,238,0,0,1062.50,436.84,1150.15,575.84,18
3,player,239,0,0,1064.84,437.05,1152.50,576.05,18
3,player,240,0,0,1067.19,437.26,1154.85,576.26,18
3,player,241,0,0,1069.54,437.47,1157.20,576.47,18
3,player,242,0,0,1071.89,437.68,1159.55,576.68,18
3,player,243,0,0,1074.24,437.89,1161.89,576.89,18
3,player,244,0,0,1076.59,438.10,1164.24,577.10,18
3,player,245,0,0,1078.93,438.31,1166.59,577.31,18
3,player,246,0,0,1081.28,438.52,1168.94,577.52,18
3,player,247,0,0,1083.63,438.73,1171.29,577.74,18
3,player,248,0,0,1085.98,438.94,1173.64,577.95,18
3,player,249,0,0,1088.33,439.15,1175.98,578.16,18
3,player,250,0,0,1090.68,439.36,1178.33,578.37,18
3,player,251,0,0,1093.02,439.57,1180.68,578.58,18
3,player,252,0,0,1095.37,439.78,1183.03,578.79,18
3,player,253,0,0,1097.72,440.00,1185.38,579.00,18
3,player,254,0,0,1100.07,440.21,1187.73,579.21,18
3,player,255,0,0,1102.42,440.42,1190.07,579.42,18
3,player,256,0,0,1104.77,440.63,1192.42,579.63,18
3,player,257,0,0,1107.11,440.84,1194.77,579.84,18
3,player,258,0,0,1109.46,441.05,1197.12,580.05,18
3,player,259,0,0,1111.81,441.26,1199.47,580.26,18
3,player,260,0,0,1114.16,441.47,1201.82,580.47,18
3,player,261,0,0,1116.51,441.68,1204.16,580.68,18
3,player,262,0,0,1118.86,441.89,1206.51,580.89,18
3,player,263,0,0,1121.21,442.10,1208.86,581.10,18
3,player,264,0,0,1123.55,442.31,1211.21,581.31,18
3,player,265,0,0,1125.90,442.52,1213.56,581.52,18
3,player,266,0,0,1128.25,442.73,1215.91,581.73,18
3,player,267,0,0,1130.60,442.94,1218.25,581.94,18
3,player,268,0,0,1132.95,443.15,1220.60,582.15,18
3,player,269,0,0,1135.30,443.36,1222.95,582.36,18
3,player,270,0,0,1137.64,443.57,1225.30,582.57,18
3,player,271,0,0,1139.99,443.78,1227.65,582.78,18
3,player,272,0,0,1142.34,443.99,1230.00,582.99,18
3,player,273,0,0,1144.69,444.20,1232.35,583.20,18
3,player,274,0,0,1147.04,444.41,1234.69,583.41,18
3,player,275,0,0,1149.39,444.62,1237.04,583.62,18
3,player,276,0,0,1151.73,444.83,1239.39,583.83,18
3,player,277,0,0,1154.08,445.04,1241.74,584.04,18
3,player,278,0,0,1156.43,445.25,1244.09,584.25,18
3,player,279,0,0,1156.61,445.27,1244.27,584.27,18
3,player,280,0,0,1156.79,445.29,1244.45,584.29,18
3,player,281,0,0,1156.97,445.31,1244.63,584.31,18
3,player,282,0,0,1157.15,445.32,1244.80,584.33,18
3,player,283,0,0,1157.33,445.34,1244.98,584.34,18
3,player,284,0,0,1157.51,445.36,1245.16,584.36,18
3,player,285,0,0,1157.69,445.38,1245.34,584.38,18
3,player,286,0,0,1157.87,445.40,1245.52,584.40,18
3,player,287,0,0,1158.05,445.41,1245.70,584.42,18
3,player,288,0,0,1158.23,445.43,1245.88,584.43,18
3,player,289,0,0,1158.41,445.45,1246.06,584.45,18
3,player,290,0,0,1158.58,445.47,1246.24,584.47,18
3,player,291,0,0,1158.76,445.49,1246.42,584.49,18
3,player,292,0,0,1158.94,445.50,1246.60,584.51,18
3,player,293,0,0,1159.12,445.52,1246.78,584.52,18
3,player,294,0,0,1159.30,445.54,1246.96,584.54,18
3,player,295,0,0,1162.64,445.03,1250.30,584.03,18
3,player,296,0,0,1165.98,444.52,1253.64,583.52,18
3,player,297,0,0,1169.32,444.01,1256.98,583.02,18
3,player,298,0,0,1172.66,443.51,1260.32,582.51,18
3,player,299,0,0,1176.00,443.00,1263.66,582.00,18
3,player,300,0,0,1179.34,442.49,1267.00,581.49,18
3,player,301,0,0,1182.68,441.98,1270.34,580.98,18
3,player,302,0,0,1186.02,441.47,1273.67,580.47,18
3,player,303,0,0,1189.36,440.96,1277.01,579.96,18
3,player,304,0,0,1192.70,440.45,1280.35,579.45,18
3,player,305,0,0,1196.04,439.94,1283.69,578.95,18
3,player,306,0,0,1199.38,439.44,1287.03,578.44,18
3,player,307,0,0,1202.72,438.93,1290.37,577.93,18
3,player,308,0,0,1206.06,438.42,1293.71,577.42,18
3,player,309,0,0,1209.39,437.91,1297.05,576.91,18
3,player,310,0,0,1212.73,437.40,1300.39,576.40,18
3,player,311,0,0,1216.07,436.89,1303.73,575.89,18
3,player,312,0,0,1219.41,436.38,1307.07,575.39,18
3,player,313,0,0,1222.75,435.87,1310.41,574.88,18
3,player,314,0,0,1226.09,435.37,1313.75,574.37,18
3,player,315,0,0,1229.43,434.86,1317.09,573.86,18
3,player,316,0,0,1232.77,434.35,1320.43,573.35,18
3,player,317,0,0,1236.11,433.84,1323.77,572.84,18
3,player,318,0,0,1239.45,433.33,1327.11,572.33,18
3,player,319,0,0,1242.79,432.82,1330.45,571.82,18
3,player,320,0,0,1246.13,432.31,1333.78,571.32,18
3,player,321,0,0,1249.47,431.80,1337.12,570.81,18
3,player,322,0,0,1252.81,431.30,1340.46,570.30,18
3,player,323,0,0,1256.15,430.79,1343.80,569.79,18
3,player,324,0,0,1259.49,430.28,1347.14,569.28,18
3,player,325,0,0,1262.83,429.77,1350.48,568.77,18
3,player,326,0,0,1266.17,429.26,1353.82,568.26,18
3,player,327,0,0,1269.50,428.75,1357.16,567.75,18
3,player,328,0,0,1272.84,428.24,1360.50,567.25,18
3,player,329,0,0,1276.18,427.74,1363.84,566.74,18
3,player,330,0,0,1279.52,427.23,1367.18,566.23,18
3,player,331,0,0,1282.86,426.72,1370.52,565.72,18
3,player,332,0,0,1286.20,426.21,1373.86,565.21,18
3,player,333,0,0,1289.54,425.70,1377.20,564.70,18
3,player,334,0,0,1292.88,425.19,1380.54,564.19,18
3,player,335,0,0,1296.22,424.68,1383.88,563.68,18
3,player,336,0,0,1299.56,424.17,1387.22,563.18,18
3,player,337,0,0,1302.90,423.67,1390.56,562.67,18
3,player,338,0,0,1306.24,423.16,1393.90,562.16,18
3,player,339,0,0,1309.58,422.65,1397.23,561.65,18
3,player,340,0,0,1312.92,422.14,1400.57,561.14,18
3,player,341,0,0,1316.26,421.63,1403.91,560.63,18
3,player,342,0,0,1319.60,421.12,1407.25,560.12,18
3,player,343,0,0,1322.94,420.61,1410.59,559.62,18
3,player,344,0,0,1326.28,420.10,1413.93,559.11,18
3,player,345,0,0,1329.62,419.60,1417.27,558.60,18
3,player,346,0,0,1340.11,419.79,1427.77,558.79,18
3,player,347,0,0,1350.61,419.98,1438.26,558.99,18
3,player,348,0,0,1361.10,420.18,1448.76,559.18,18
3,player,349,0,0,1371.60,420.37,1459.26,559.38,18
3,player,350,0,0,1382.10,420.57,1469.75,559.57,18
3,player,351,0,0,1392.59,420.76,1480.25,559.76,18
3,player,352,0,0,1403.09,420.96,1490.74,559.96,18
3,player,353,0,0,1413.58,421.15,1501.24,560.15,18
3,player,354,0,0,1424.08,421.35,1511.74,560.35,18
3,player,355,0,0,1434.58,421.54,1522.23,560.54,18
3,player,356,0,0,1445.07,421.73,1532.73,560.74,18
3,player,357,0,0,1455.57,421.93,1543.22,560.93,18
3,player,358,0,0,1466.06,422.12,1553.72,561.12,18
3,player,359,0,0,1476.56,422.32,1564.22,561.32,18
3,player,360,0,0,1487.06,422.51,1574.71,561.51,18
3,player,361,0,0,1497.55,422.71,1585.21,561.71,18
3,player,362,0,0,1508.05,422.90,1595.70,561.90,18
3,player,363,0,0,1518.54,423.09,1606.20,562.10,18
3,player,364,0,0,1529.04,423.29,1616.70,562.29,18
3,player,365,0,0,1539.54,423.48,1627.19,562.49,18
3,player,366,0,0,1550.03,423.68,1637.69,562.68,18
3,player,367,0,0,1560.53,423.87,1648.18,562.87,18
3,player,368,0,0,1567.55,424.18,1655.21,563.18,18
3,player,369,0,0,1574.58,424.48,1662.23,563.49,18
3,player,370,0,0,1581.60,424.79,1669.26,563.79,18
3,player,371,0,0,1588.63,425.09,1676.29,564.10,18
3,player,372,0,0,1595.65,425.40,1683.31,564.40,18
3,player,373,0,0,1602.68,425.71,1690.34,564.71,18
3,player,374,0,0,1609.70,426.01,1697.36,565.01,18
3,player,375,0,0,1613.03,425.54,1700.69,564.54,18
3,player,376,0,0,1616.36,425.06,1704.01,564.06,18
3,player,377,0,0,1619.68,424.59,1707.34,563.59,18
3,player,378,0,0,1623.01,424.11,1710.66,563.11,18
3,player,379,0,0,1626.33,423.63,1713.99,562.64,18
3,player,380,0,0,1629.66,423.16,1717.32,562.16,18
3,player,381,0,0,1632.99,422.68,1720.64,561.69,18
3,player,382,0,0,1636.31,422.21,1723.97,561.21,18
3,player,383,0,0,1639.64,421.73,1727.29,560.74,18
3,player,384,0,0,1641.78,421.73,1729.43,560.74,18
3,player,385,0,0,1643.91,421.73,1731.57,560.74,18
3,player,386,0,0,1646.05,421.73,1733.71,560.74,18
3,player,387,0,0,1648.19,421.73,1735.85,560.74,18
3,player,388,0,0,1650.33,421.73,1737.98,560.74,18
3,player,389,0,0,1652.47,421.73,1740.12,560.74,18
3,player,390,0,0,1654.60,421.73,1742.26,560.74,18
3,player,391,0,0,1656.74,421.73,1744.40,560.74,18
3,player,392,0,0,1658.88,421.73,1746.54,560.74,18
3,player,393,0,0,1661.02,421.73,1748.67,560.74,18
3,player,394,0,0,1661.10,421.68,1748.76,560.68,18
3,player,395,0,0,1661.18,421.62,1748.84,560.62,18
3,player,396,0,0,1661.26,421.57,1748.92,560.57,18
3,player,397,0,0,1661.34,421.51,1749.00,560.51,18
3,player,398,0,0,1661.43,421.45,1749.08,560.46,18
3,player,399,0,0,1661.51,421.40,1749.16,560.40,18
3,player,400,0,0,1661.59,421.34,1749.24,560.34,18
3,player,401,0,0,1657.87,421.63,1745.52,560.63,18
3,player,402,0,0,1654.14,421.92,1741.80,560.92,18
3,player,403,0,0,1650.42,422.21,1738.08,561.21,18
3,player,404,0,0,1646.70,422.50,1734.36,561.50,18
3,player,405,0,0,1642.98,422.79,1730.63,561.79,18
3,player,406,0,0,1639.26,423.08,1726.91,562.08,18
3,player,407,0,0,1635.53,423.37,1723.19,562.37,18
3,player,408,0,0,1631.81,423.66,1719.47,562.66,18
3,player,409,0,0,1628.09,423.95,1715.74,562.95,18
3,player,410,0,0,1624.37,424.24,1712.02,563.24,18
3,player,411,0,0,1620.64,424.53,1708.30,563.53,18
3,player,412,0,0,1616.92,424.82,1704.58,563.82,18
3,player,413,0,0,1613.20,425.11,1700.86,564.11,18
3,player,414,0,0,1609.48,425.40,1697.13,564.40,18
3,player,415,0,0,1605.76,425.69,1693.41,564.69,18
3,player,416,0,0,1602.03,425.98,1689.69,564.98,18
3,player,417,0,0,1598.31,426.27,1685.97,565.27,18
3,player,418,0,0,1594.59,426.56,1682.25,565.56,18
3,player,419,0,0,1590.87,426.85,1678.52,565.85,18
3,player,420,0,0,1587.15,427.14,1674.80,566.14,18
3,player,421,0,0,1583.42,427.43,1671.08,566.43,18
3,player,422,0,0,1579.70,427.72,1667.36,566.72,18
3,player,423,0,0,1575.98,428.01,1663.63,567.01,18
3,player,424,0,0,1572.26,428.30,1659.91,567.30,18
3,player,425,0,0,1568.53,428.59,1656.19,567.59,18
3,player,426,0,0,1564.81,428.88,1652.47,567.88,18
3,player,427,0,0,1561.09,429.17,1648.75,568.17,18
3,player,428,0,0,1557.37,429.46,1645.02,568.46,18
3,player,429,0,0,1553.65,429.75,1641.30,568.75,18
3,player,430,0,0,1549.92,430.04,1637.58,569.04,18
3,player,431,0,0,1546.20,430.33,1633.86,569.33,18
3,player,432,0,0,1542.48,430.61,1630.14,569.62,18
3,player,433,0,0,1538.76,430.90,1626.41,569.91,18
3,player,434,0,0,1535.04,431.19,1622.69,570.20,18
3,player,435,0,0,1531.31,431.48,1618.97,570.49,18
3,player,436,0,0,1527.59,431.77,1615.25,570.78,18
3,player,437,0,0,1523.87,432.06,1611.52,571.07,18
3,player,438,0,0,1520.15,432.35,1607.80,571.36,18
3,player,439,0,0,1516.42,432.64,1604.08,571.65,18
3,player,440,0,0,1512.70,432.93,1600.36,571.93,18
3,player,441,0,0,1508.98,433.22,1596.64,572.22,18
3,player,442,0,0,1505.26,433.51,1592.91,572.51,18
3,player,443,0,0,1501.54,433.80,1589.19,572.80,18
3,player,444,0,0,1497.81,434.09,1585.47,573.09,18
3,player,445,0,0,1494.09,434.38,1581.75,573.38,18
3,player,446,0,0,1490.37,434.67,1578.03,573.67,18
3,player,447,0,0,1486.65,434.96,1574.30,573.96,18
3,player,448,0,0,1482.93,435.25,1570.58,574.25,18
3,player,449,0,0,1479.20,435.54,1566.86,574.54,18
3,player,450,0,0,1475.48,435.83,1563.14,574.83,18
3,player,451,0,0,1471.76,436.12,1559.41,575.12,18
3,player,452,0,0,1468.04,436.41,1555.69,575.41,18
3,player,453,0,0,1464.31,436.70,1551.97,575.70,18
3,player,454,0,0,1456.35,436.46,1544.00,575.46,18
3,player,455,0,0,1448.38,436.22,1536.04,575.22,18
3,player,456,0,0,1440.41,435.98,1528.07,574.98,18
3,player,457,0,0,1432.44,435.73,1520.10,574.74,18
3,player,458,0,0,1424.48,435.49,1512.13,574.49,18
3,player,459,0,0,1416.51,435.25,1504.16,574.25,18
3,player,460,0,0,1408.54,435.01,1496.20,574.01,18
3,player,461,0,0,1400.57,434.77,1488.23,573.77,18
3,player,462,0,0,1392.60,434.53,1480.26,573.53,18
3,player,463,0,0,1384.64,434.29,1472.29,573.29,18
3,player,464,0,0,1376.67,434.04,1464.33,573.05,18
3,player,465,0,0,1368.70,433.80,1456.36,572.80,18
3,player,466,0,0,1360.73,433.56,1448.39,572.56,18
3,player,467,0,0,1352.77,433.32,1440.42,572.32,18
3,player,468,0,0,1344.80,433.08,1432.45,572.08,18
3,player,469,0,0,1336.83,432.84,1424.49,571.84,18
3,player,470,0,0,1328.86,432.60,1416.52,571.60,18
3,player,471,0,0,1320.89,432.35,1408.55,571.36,18
3,player,472,0,0,1312.93,432.11,1400.58,571.11,18
3,player,473,0,0,1304.96,431.87,1392.62,570.87,18
3,player,474,0,0,1296.99,431.63,1384.65,570.63,18
3,player,475,0,0,1283.05,431.63,1370.70,570.63,18
3,player,476,0,0,1269.10,431.63,1356.76,570.63,18
3,player,477,0,0,1261.62,430.56,1349.28,569.56,18
3,player,478,0,0,1254.14,429.49,1341.79,568.49,18
3,player,479,0,0,1241.31,432.70,1328.97,571.70,18
3,player,480,0,0,1228.48,435.91,1316.14,574.91,18
3,player,481,0,0,1216.90,435.37,1304.56,574.37,18
3,player,482,0,0,1205.32,434.84,1292.98,573.84,18
3,player,483,0,0,1193.74,434.30,1281.39,573.30,18
3,player,484,0,0,1182.16,433.77,1269.81,572.77,18
3,player,485,0,0,1170.57,433.23,1258.23,572.24,18
3,player,486,0,0,1158.99,432.70,1246.65,571.70,18
3,player,487,0,0,1147.41,432.16,1235.07,571.17,18
3,player,488,0,0,1135.83,431.63,1223.49,570.63,18
3,player,489,0,0,1124.25,431.10,1211.91,570.10,18
3,player,490,0,0,1112.67,430.56,1200.32,569.56,18
3,player,491,0,0,1101.09,430.03,1188.74,569.03,18
3,player,492,0,0,1089.51,429.49,1177.16,568.49,18
3,player,493,0,0,1079.53,429.49,1167.18,568.49,18
3,player,494,0,0,1069.55,429.49,1157.21,568.49,18
3,player,495,0,0,1059.57,429.49,1147.23,568.49,18
3,player,496,0,0,1046.44,428.88,1134.09,567.88,18
3,player,497,0,0,1033.30,428.27,1120.96,567.27,18
3,player,498,0,0,1020.17,427.66,1107.83,566.66,18
3,player,499,0,0,1007.04,427.05,1094.69,566.05,18
3,player,500,0,0,993.90,426.44,1081.56,565.44,18
3,player,501,0,0,980.77,425.83,1068.42,564.83,18
3,player,502,0,0,967.63,425.22,1055.29,564.22,18
3,player,503,0,0,962.45,425.22,1050.11,564.22,18
3,player,504,0,0,957.27,425.22,1044.92,564.22,18
3,player,505,0,0,952.09,425.22,1039.74,564.22,18
3,player,506,0,0,946.90,425.22,1034.56,564.22,18
3,player,507,0,0,941.72,425.22,1029.37,564.22,18
3,player,508,0,0,936.54,425.22,1024.19,564.22,18
3,player,509,0,0,931.35,425.22,1019.01,564.22,18
3,player,510,0,0,926.17,425.22,1013.83,564.22,18
3,player,511,0,0,920.99,425.22,1008.64,564.22,18
3,player,512,0,0,915.80,425.22,1003.46,564.22,18
3,player,513,0,0,910.62,425.22,998.28,564.22,18
3,player,514,0,0,905.44,425.22,993.09,564.22,18
3,player,515,0,0,900.25,425.22,987.91,564.22,18
3,player,516,0,0,895.07,425.22,982.73,564.22,18
3,player,517,0,0,889.89,425.22,977.54,564.22,18
3,player,518,0,0,884.70,425.22,972.36,564.22,18
3,player,519,0,0,879.52,425.22,967.18,564.22,18
3,player,520,0,0,874.34,425.22,961.99,564.22,18
3,player,521,0,0,869.15,425.22,956.81,564.22,18
3,player,522,0,0,863.97,425.22,951.63,564.22,18
3,player,523,0,0,858.79,425.22,946.44,564.22,18
3,player,524,0,0,853.60,425.22,941.26,564.22,18
3,player,525,0,0,848.42,425.22,936.08,564.22,18
3,player,526,0,0,843.24,425.22,930.89,564.22,18
3,player,527,0,0,838.05,425.22,925.71,564.22,18
3,player,528,0,0,832.87,425.22,920.53,564.22,18
3,player,529,0,0,827.69,425.22,915.34,564.22,18
3,player,530,0,0,822.50,425.22,910.16,564.22,18
3,player,531,0,0,817.32,425.22,904.98,564.22,18
3,player,532,0,0,812.14,425.22,899.79,564.22,18
3,player,533,0,0,806.95,425.22,894.61,564.22,18
3,player,534,0,0,801.77,425.22,889.43,564.22,18
3,player,535,0,0,796.59,425.22,884.24,564.22,18
3,player,536,0,0,792.01,425.52,879.66,564.52,18
3,player,537,0,0,787.42,425.83,875.08,564.83,18
3,player,538,0,0,782.84,426.13,870.50,565.13,18
3,player,539,0,0,778.26,426.44,865.92,565.44,18
3,player,540,0,0,773.68,426.74,861.34,565.74,18
3,player,541,0,0,769.10,427.05,856.75,566.05,18
3,player,542,0,0,764.52,427.35,852.17,566.36,18
3,player,543,0,0,761.16,426.44,848.81,565.44,18
3,player,544,0,0,757.80,425.52,845.45,564.52,18
3,player,545,0,0,754.44,424.60,842.09,563.61,18
3,player,546,0,0,751.08,423.69,838.73,562.69,18
3,player,547,0,0,747.72,422.77,835.37,561.77,18
3,player,548,0,0,744.36,421.86,832.01,560.86,18
3,player,549,0,0,741.00,420.94,828.65,559.94,18
3,player,550,0,0,739.53,420.94,827.18,559.94,18
3,player,551,0,0,738.06,420.94,825.71,559.94,18
3,player,552,0,0,736.59,420.94,824.24,559.94,18
3,player,553,0,0,735.12,420.94,822.77,559.94,18
3,player,554,0,0,733.65,420.94,821.30,559.94,18
3,player,555,0,0,732.18,420.94,819.83,559.94,18
3,player,556,0,0,730.71,420.94,818.36,559.94,18
3,player,557,0,0,729.24,420.94,816.90,559.94,18
3,player,558,0,0,727.77,420.94,815.43,559.94,18
3,player,559,0,0,726.30,420.94,813.96,559.94,18
3,player,560,0,0,724.83,420.94,812.49,559.94,18
3,player,561,0,0,723.36,420.94,811.02,559.94,18
3,player,562,0,0,721.89,420.94,809.55,559.94,18
3,player,563,0,0,720.42,420.94,808.08,559.94,18
3,player,564,0,0,718.95,420.94,806.61,559.94,18
3,player,565,0,0,717.48,420.94,805.14,559.94,18
3,player,566,0,0,719.86,420.98,807.51,559.98,18
3,player,567,0,0,722.23,421.02,809.89,560.02,18
3,player,568,0,0,724.61,421.06,812.26,560.06,18
3,player,569,0,0,726.98,421.10,814.64,560.10,18
3,player,570,0,0,729.36,421.14,817.01,560.14,18
3,player,571,0,0,731.73,421.18,819.39,560.18,18
3,player,572,0,0,734.11,421.22,821.77,560.22,18
3,player,573,0,0,736.48,421.26,824.14,560.26,18
3,player,574,0,0,738.86,421.30,826.52,560.30,18
3,player,575,0,0,741.24,421.34,828.89,560.34,18
3,player,576,0,0,743.61,421.38,831.27,560.38,18
3,player,577,0,0,745.99,421.41,833.64,560.42,18
3,player,578,0,0,748.36,421.45,836.02,560.46,18
3,player,579,0,0,750.74,421.49,838.39,560.50,18
3,player,580,0,0,753.11,421.53,840.77,560.54,18
3,player,581,0,0,755.49,421.57,843.15,560.58,18
3,player,582,0,0,757.87,421.61,845.52,560.61,18
3,player,583,0,0,760.24,421.65,847.90,560.65,18
3,player,584,0,0,762.62,421.69,850.27,560.69,18
3,player,585,0,0,764.99,421.73,852.65,560.73,18
3,player,586,0,0,767.37,421.77,855.02,560.77,18
3,player,587,0,0,769.74,421.81,857.40,560.81,18
3,player,588,0,0,772.12,421.85,859.78,560.85,18
3,player,589,0,0,774.50,421.89,862.15,560.89,18
3,player,590,0,0,776.87,421.93,864.53,560.93,18
3,player,591,0,0,779.25,421.97,866.90,560.97,18
3,player,592,0,0,781.62,422.01,869.28,561.01,18
3,player,593,0,0,784.00,422.05,871.65,561.05,18
3,player,594,0,0,786.37,422.09,874.03,561.09,18
3,player,595,0,0,788.75,422.13,876.41,561.13,18
3,player,596,0,0,791.12,422.17,878.78,561.17,18
3,player,597,0,0,793.50,422.21,881.16,561.21,18
3,player,598,0,0,795.88,422.25,883.53,561.25,18
3,player,599,0,0,798.25,422.29,885.91,561.29,18
3,player,600,0,0,800.63,422.33,888.28,561.33,18
3,player,601,0,0,803.00,422.37,890.66,561.37,18
3,player,602,0,0,805.38,422.40,893.03,561.41,18
3,player,603,0,0,807.75,422.44,895.41,561.45,18
3,player,604,0,0,810.13,422.48,897.79,561.49,18
3,player,605,0,0,812.51,422.52,900.16,561.53,18
3,player,606,0,0,814.88,422.56,902.54,561.57,18
3,player,607,0,0,817.26,422.60,904.91,561.60,18
3,player,608,0,0,819.63,422.64,907.29,561.64,18
3,player,609,0,0,822.01,422.68,909.66,561.68,18
3,player,610,0,0,824.38,422.72,912.04,561.72,18
3,player,611,0,0,826.76,422.76,914.42,561.76,18
3,player,612,0,0,829.14,422.80,916.79,561.80,18
3,player,613,0,0,831.51,422.84,919.17,561.84,18
3,player,614,0,0,833.89,422.88,921.54,561.88,18
3,player,615,0,0,836.26,422.92,923.92,561.92,18
3,player,616,0,0,838.64,422.96,926.29,561.96,18
3,player,617,0,0,841.01,423.00,928.67,562.00,18
3,player,618,0,0,843.39,423.04,931.05,562.04,18
3,player,619,0,0,845.76,423.08,933.42,562.08,18
3,player,620,0,0,848.62,423.08,936.27,562.08,18
3,player,621,0,0,851.47,423.08,939.12,562.08,18
3,player,622,0,0,854.32,423.08,941.97,562.08,18
3,player,623,0,0,862.98,423.15,950.64,562.16,18
3,player,624,0,0,871.65,423.23,959.31,562.23,18
3,player,625,0,0,880.32,423.31,967.97,562.31,18
3,player,626,0,0,888.98,423.38,976.64,562.39,18
3,player,627,0,0,897.65,423.46,985.31,562.46,18
3,player,628,0,0,906.32,423.54,993.97,562.54,18
3,player,629,0,0,914.99,423.61,1002.64,562.61,18
3,player,630,0,0,923.65,423.69,1011.31,562.69,18
3,player,631,0,0,932.32,423.77,1019.98,562.77,18
3,player,632,0,0,940.99,423.84,1028.64,562.84,18
3,player,633,0,0,949.65,423.92,1037.31,562.92,18
3,player,634,0,0,958.32,423.99,1045.98,563.00,18
3,player,635,0,0,966.99,424.07,1054.64,563.07,18
3,player,636,0,0,975.65,424.15,1063.31,563.15,18
3,player,637,0,0,984.32,424.22,1071.98,563.23,18
3,player,638,0,0,992.99,424.30,1080.64,563.30,18
3,player,639,0,0,1001.65,424.38,1089.31,563.38,18
3,player,640,0,0,1010.32,424.45,1097.98,563.45,18
3,player,641,0,0,1018.99,424.53,1106.64,563.53,18
3,player,642,0,0,1027.65,424.61,1115.31,563.61,18
3,player,643,0,0,1036.32,424.68,1123.98,563.68,18
3,player,644,0,0,1044.99,424.76,1132.64,563.76,18
3,player,645,0,0,1053.66,424.83,1141.31,563.84,18
3,player,646,0,0,1062.32,424.91,1149.98,563.91,18
3,player,647,0,0,1070.99,424.99,1158.65,563.99,18
3,player,648,0,0,1079.66,425.06,1167.31,564.07,18
3,player,649,0,0,1088.32,425.14,1175.98,564.14,18
3,player,650,0,0,1096.99,425.22,1184.65,564.22,18
3,player,651,0,0,1105.66,425.29,1193.31,564.29,18
3,player,652,0,0,1114.32,425.37,1201.98,564.37,18
3,player,653,0,0,1122.99,425.44,1210.65,564.45,18
3,player,654,0,0,1131.66,425.52,1219.31,564.52,18
3,player,655,0,0,1140.32,425.60,1227.98,564.60,18
3,player,656,0,0,1148.99,425.67,1236.65,564.68,18
3,player,657,0,0,1157.66,425.75,1245.31,564.75,18
3,player,658,0,0,1166.32,425.83,1253.98,564.83,18
3,player,659,0,0,1174.99,425.90,1262.65,564.90,18
3,player,660,0,0,1183.66,425.98,1271.31,564.98,18
3,player,661,0,0,1192.33,426.06,1279.98,565.06,18
3,player,662,0,0,1200.99,426.13,1288.65,565.13,18
3,player,663,0,0,1209.66,426.21,1297.32,565.21,18
3,player,664,0,0,1218.33,426.28,1305.98,565.29,18
3,player,665,0,0,1226.99,426.36,1314.65,565.36,18
3,player,666,0,0,1235.66,426.44,1323.32,565.44,18
3,player,667,0,0,1244.33,426.51,1331.98,565.52,18
3,player,668,0,0,1252.99,426.59,1340.65,565.59,18
3,player,669,0,0,1261.66,426.67,1349.32,565.67,18
3,player,670,0,0,1270.33,426.74,1357.98,565.74,18
3,player,671,0,0,1278.99,426.82,1366.65,565.82,18
3,player,672,0,0,1287.66,426.90,1375.32,565.90,18
3,player,673,0,0,1296.33,426.97,1383.98,565.97,18
3,player,674,0,0,1304.99,427.05,1392.65,566.05,18
3,player,675,0,0,1313.66,427.12,1401.32,566.13,18
3,player,676,0,0,1322.33,427.20,1409.98,566.20,18
3,player,677,0,0,1331.00,427.28,1418.65,566.28,18
3,player,678,0,0,1339.66,427.35,1427.32,566.36,18
3,player,679,0,0,1339.66,427.35,1427.32,566.36,18
3,player,680,0,0,1339.66,427.35,1427.32,566.36,18
3,player,681,0,0,1339.66,427.35,1427.32,566.36,18
3,player,682,0,0,1339.66,427.35,1427.32,566.36,18
3,player,683,0,0,1339.66,427.35,1427.32,566.36,18
3,player,684,0,0,1339.66,427.35,1427.32,566.36,18
3,player,685,0,0,1339.66,427.35,1427.32,566.36,18
3,player,686,0,0,1339.66,427.35,1427.32,566.36,18
3,player,687,0,0,1339.66,427.35,1427.32,566.36,18
3,player,688,0,0,1339.66,427.35,1427.32,566.36,18
3,player,689,0,0,1339.66,427.35,1427.32,566.36,18
3,player,690,0,0,1339.66,427.35,1427.32,566.36,18
3,player,691,0,0,1339.66,427.35,1427.32,566.36,18
3,player,692,0,0,1339.66,427.35,1427.32,566.36,18
3,player,693,0,0,1339.66,427.35,1427.32,566.36,18
3,player,694,0,0,1339.66,427.35,1427.32,566.36,18
3,player,695,0,0,1339.66,427.35,1427.32,566.36,18
3,player,696,0,0,1339.66,427.35,1427.32,566.36,18
3,player,697,0,0,1339.66,427.35,1427.32,566.36,18
3,player,698,0,0,1339.66,427.35,1427.32,566.36,18
3,player,699,0,0,1339.66,427.35,1427.32,566.36,18
3,player,700,0,0,1339.66,427.35,1427.32,566.36,18
3,player,701,0,0,1339.66,427.35,1427.32,566.36,18
3,player,702,0,0,1339.66,427.35,1427.32,566.36,18
3,player,703,0,0,1339.66,427.35,1427.32,566.36,18
3,player,704,0,0,1339.66,427.35,1427.32,566.36,18
3,player,705,0,0,1339.66,427.35,1427.32,566.36,18
3,player,706,0,0,1339.66,427.35,1427.32,566.36,18
3,player,707,0,0,1339.66,427.35,1427.32,566.36,18
3,player,708,0,0,1339.66,427.35,1427.32,566.36,18
3,player,709,0,0,1339.66,427.35,1427.32,566.36,18
3,player,710,0,0,1339.66,427.35,1427.32,566.36,18
3,player,711,0,0,1339.66,427.35,1427.32,566.36,18
3,player,712,0,0,1339.66,427.35,1427.32,566.36,18
3,player,713,0,0,1339.66,427.35,1427.32,566.36,18
3,player,714,0,0,1339.66,427.35,1427.32,566.36,18
3,player,715,0,0,1339.66,427.35,1427.32,566.36,18
3,player,716,0,0,1339.66,427.35,1427.32,566.36,18
3,player,717,0,0,1339.66,427.35,1427.32,566.36,18
3,player,718,0,0,1339.66,427.35,1427.32,566.36,18
3,player,719,0,0,1339.66,427.35,1427.32,566.36,18
3,player,720,0,0,1339.66,427.35,1427.32,566.36,18
3,player,721,0,0,1339.66,427.35,1427.32,566.36,18
3,player,722,1,0,1339.66,427.35,1427.32,566.36,18
4,player,15,0,0,789.00,442.70,865.92,600.94,5
4,player,16,0,0,791.06,442.04,867.98,600.28,5
4,player,17,0,0,793.11,441.38,870.04,599.62,5
4,player,18,0,0,795.17,440.73,872.09,598.96,5
4,player,19,0,0,797.22,440.07,874.15,598.30,5
4,player,20,0,0,799.28,439.41,876.20,597.65,5
4,player,21,0,0,801.34,438.75,878.26,596.99,5
4,player,22,0,0,803.39,438.09,880.32,596.33,5
4,player,23,0,0,805.45,437.44,882.37,595.67,5
4,player,24,0,0,807.50,436.78,884.43,595.02,5
4,player,25,0,0,809.56,436.12,886.48,594.36,5
4,player,26,0,0,811.61,435.46,888.54,593.70,5
4,player,27,0,0,813.67,434.81,890.60,593.04,5
4,player,28,0,0,815.73,434.15,892.65,592.38,5
4,player,29,0,0,817.78,433.49,894.71,591.73,5
4,player,30,0,0,819.84,432.83,896.76,591.07,5
4,player,31,0,0,821.89,432.17,898.82,590.41,5
4,player,32,0,0,823.95,431.52,900.87,589.75,5
4,player,33,0,0,826.01,430.86,902.93,589.09,5
4,player,34,0,0,828.06,430.20,904.99,588.44,5
4,player,35,0,0,830.12,429.54,907.04,587.78,5
4,player,36,0,0,832.17,428.88,909.10,587.12,5
4,player,37,0,0,834.23,428.23,911.15,586.46,5
4,player,38,0,0,836.28,427.57,913.21,585.80,5
4,player,39,0,0,838.34,426.91,915.27,585.15,5
4,player,40,0,0,840.40,426.25,917.32,584.49,5
4,player,41,0,0,842.45,425.59,919.38,583.83,5
4,player,42,0,0,838.64,424.92,915.57,583.16,5
4,player,43,0,0,834.84,424.25,911.76,582.48,5
4,player,44,0,0,831.03,423.57,907.95,581.81,5
4,player,45,0,0,827.22,422.90,904.15,581.14,5
4,player,46,0,0,823.41,422.23,900.34,580.46,5
4,player,47,0,0,819.61,421.55,896.53,579.79,5
4,player,48,0,0,815.80,420.88,892.72,579.12,5
4,player,49,0,0,811.99,420.21,888.92,578.44,5
4,player,50,0,0,808.18,419.53,885.11,577.77,5
4,player,51,0,0,804.38,418.86,881.30,577.09,5
4,player,52,0,0,800.57,418.18,877.49,576.42,5
4,player,53,0,0,796.76,417.51,873.69,575.75,5
4,player,54,0,0,792.95,416.84,869.88,575.07,5
4,player,55,0,0,789.15,416.16,866.07,574.40,5
4,player,56,0,0,785.34,415.49,862.26,573.73,5
4,player,57,0,0,781.53,414.82,858.46,573.05,5
4,player,58,0,0,777.72,414.14,854.65,572.38,5
4,player,59,0,0,773.92,413.47,850.84,571.71,5
4,player,60,0,0,770.11,412.80,847.03,571.03,5
4,player,61,0,0,766.30,412.12,843.23,570.36,5
4,player,62,0,0,762.49,411.45,839.42,569.68,5
4,player,63,0,0,758.69,410.77,835.61,569.01,5
4,player,64,0,0,754.88,410.10,831.80,568.34,5
4,player,65,0,0,751.07,409.43,828.00,567.66,5
4,player,66,0,0,747.26,408.75,824.19,566.99,5
4,player,67,0,0,743.46,408.08,820.38,566.32,5
4,player,68,0,0,739.65,407.41,816.57,565.64,5
4,player,69,0,0,735.84,406.73,812.77,564.97,5
4,player,70,0,0,732.03,406.06,808.96,564.30,5
4,player,71,0,0,728.23,405.39,805.15,563.62,5
4,player,72,0,0,724.42,404.71,801.34,562.95,5
4,player,73,0,0,720.61,404.04,797.54,562.27,5
4,player,74,0,0,716.80,403.36,793.73,561.60,5
4,player,75,0,0,713.00,402.69,789.92,560.93,5
4,player,76,0,0,709.19,402.02,786.11,560.25,5
4,player,77,0,0,705.38,401.34,782.31,559.58,5
4,player,78,0,0,701.57,400.67,778.50,558.91,5
4,player,79,0,0,697.77,400.00,774.69,558.23,5
4,player,80,0,0,693.96,399.32,770.88,557.56,5
4,player,81,0,0,690.15,398.65,767.07,556.89,5
4,player,82,0,0,686.34,397.98,763.27,556.21,5
4,player,83,0,0,682.54,397.30,759.46,555.54,5
4,player,84,0,0,678.73,396.63,755.65,554.86,5
4,player,85,0,0,674.92,395.95,751.84,554.19,5
4,player,86,0,0,671.11,395.28,748.04,553.52,5
4,player,87,0,0,667.30,394.61,744.23,552.84,5
4,player,88,0,0,663.50,393.93,740.42,552.17,5
4,player,89,0,0,659.69,393.26,736.61,551.50,5
4,player,90,0,0,655.88,392.59,732.81,550.82,5
4,player,91,0,0,652.07,391.91,729.00,550.15,5
4,player,92,0,0,648.27,391.24,725.19,549.48,5
4,player,93,0,0,644.46,390.57,721.38,548.80,5
4,player,94,0,0,640.65,389.89,717.58,548.13,5
4,player,95,0,0,636.84,389.22,713.77,547.45,5
4,player,96,0,0,633.04,388.54,709.96,546.78,5
4,player,97,0,0,629.23,387.87,706.15,546.11,5
4,player,98,0,0,625.42,387.20,702.35,545.43,5
4,player,99,0,0,621.61,386.52,698.54,544.76,5
4,player,100,0,0,617.81,385.85,694.73,544.09,5
4,player,101,0,0,614.00,385.18,690.92,543.41,5
4,player,102,0,0,610.19,384.50,687.12,542.74,5
4,player,103,0,0,606.38,383.83,683.31,542.07,5
4,player,104,0,0,602.58,383.16,679.50,541.39,5
4,player,105,0,0,598.77,382.48,675.69,540.72,5
4,player,106,0,0,594.96,381.81,671.89,540.04,5
4,player,107,0,0,591.15,381.13,668.08,539.37,5
4,player,108,0,0,587.35,380.46,664.27,538.70,5
4,player,109,0,0,583.54,379.79,660.46,538.02,5
4,player,110,0,0,579.73,379.11,656.66,537.35,5
4,player,111,0,0,575.92,378.44,652.85,536.68,5
4,player,112,0,0,572.12,377.77,649.04,536.00,5
4,player,113,0,0,568.31,377.09,645.23,535.33,5
4,player,114,0,0,564.50,376.42,641.43,534.66,5
4,player,115,0,0,562.36,375.92,639.29,534.15,5
4,player,116,0,0,560.22,375.41,637.15,533.65,5
4,player,117,0,0,558.09,374.91,635.01,533.15,5
4,player,118,0,0,555.95,374.41,632.87,532.64,5
4,player,119,0,0,553.81,373.90,630.74,532.14,5
4,player,120,0,0,551.67,373.40,628.60,531.64,5
4,player,121,0,0,549.53,372.90,626.46,531.13,5
4,player,122,0,0,547.40,372.39,624.32,530.63,5
4,player,123,0,0,545.26,371.89,622.18,530.13,5
4,player,124,0,0,543.12,371.39,620.04,529.63,5
4,player,125,0,0,540.98,370.89,617.91,529.12,5
4,player,126,0,0,538.84,370.38,615.77,528.62,5
4,player,127,0,0,536.71,369.88,613.63,528.12,5
4,player,128,0,0,534.57,369.38,611.49,527.61,5
4,player,129,0,0,532.43,368.87,609.35,527.11,5
4,player,130,0,0,530.29,368.37,607.22,526.61,5
4,player,131,0,0,528.15,367.87,605.08,526.10,5
4,player,132,0,0,527.43,368.21,604.35,526.45,5
4,player,133,0,0,526.70,368.55,603.63,526.79,5
4,player,134,0,0,525.98,368.90,602.91,527.13,5
4,player,135,0,0,525.26,369.24,602.18,527.48,5
4,player,136,0,0,524.53,369.58,601.46,527.82,5
4,player,137,0,0,523.81,369.92,600.73,528.16,5
4,player,138,0,0,523.08,370.27,600.01,528.50,5
4,player,139,0,0,522.36,370.61,599.28,528.85,5
4,player,140,0,0,521.63,370.95,598.56,529.19,5
4,player,141,0,0,520.91,371.30,597.84,529.53,5
4,player,142,0,0,520.19,371.64,597.11,529.88,5
4,player,143,0,0,519.46,371.98,596.39,530.22,5
4,player,144,0,0,518.74,372.33,595.66,530.56,5
4,player,145,0,0,518.01,372.67,594.94,530.90,5
4,player,146,0,0,517.29,373.01,594.21,531.25,5
4,player,147,0,0,516.57,373.35,593.49,531.59,5
4,player,148,0,0,515.84,373.70,592.77,531.93,5
4,player,149,0,0,515.12,374.04,592.04,532.28,5
4,player,150,0,0,514.39,374.38,591.32,532.62,5
4,player,151,0,0,513.67,374.73,590.59,532.96,5
4,player,152,0,0,512.94,375.07,589.87,533.31,5
4,player,153,0,0,512.22,375.41,589.14,533.65,5
4,player,154,0,0,511.50,375.75,588.42,533.99,5
4,player,155,0,0,510.77,376.10,587.70,534.33,5
4,player,156,0,0,510.05,376.44,586.97,534.68,5
4,player,157,0,0,511.55,376.49,588.47,534.72,5
4,player,158,0,0,513.05,376.53,589.98,534.77,5
4,player,159,0,0,514.55,376.58,591.48,534.82,5
4,player,160,0,0,516.05,376.62,592.98,534.86,5
4,player,161,0,0,517.56,376.67,594.48,534.91,5
4,player,162,0,0,519.06,376.72,595.98,534.95,5
4,player,163,0,0,520.56,376.76,597.48,535.00,5
4,player,164,0,0,522.06,376.81,598.99,535.05,5
4,player,165,0,0,523.56,376.86,600.49,535.09,5
4,player,166,0,0,525.07,376.90,601.99,535.14,5
4,player,167,0,0,526.57,376.95,603.49,535.18,5
4,player,168,0,0,528.07,376.99,604.99,535.23,5
4,player,169,0,0,529.57,377.04,606.50,535.28,5
4,player,170,0,0,531.07,377.09,608.00,535.32,5
4,player,171,0,0,532.58,377.13,609.50,535.37,5
4,player,172,0,0,534.08,377.18,611.00,535.41,5
4,player,173,0,0,535.58,377.22,612.50,535.46,5
4,player,174,0,0,537.08,377.27,614.01,535.51,5
4,player,175,0,0,538.58,377.32,615.51,535.55,5
4,player,176,0,0,540.08,377.36,617.01,535.60,5
4,player,177,0,0,541.59,377.41,618.51,535.65,5
4,player,178,0,0,543.09,377.45,620.01,535.69,5
4,player,179,0,0,544.59,377.50,621.52,535.74,5
4,player,180,0,0,546.09,377.55,623.02,535.78,5
4,player,181,0,0,547.59,377.59,624.52,535.83,5
4,player,182,0,0,549.10,377.64,626.02,535.88,5
4,player,183,0,0,550.60,377.69,627.52,535.92,5
4,player,184,0,0,552.10,377.73,629.02,535.97,5
4,player,185,0,0,553.60,377.78,630.53,536.01,5
4,player,186,0,0,555.10,377.82,632.03,536.06,5
4,player,187,0,0,556.61,377.87,633.53,536.11,5
4,player,188,0,0,558.11,377.92,635.03,536.15,5
4,player,189,0,0,559.61,377.96,636.53,536.20,5
4,player,190,0,0,561.11,378.01,638.04,536.24,5
4,player,191,0,0,563.65,378.55,640.57,536.79,5
4,player,192,0,0,566.18,379.09,643.11,537.33,5
4,player,193,0,0,568.72,379.64,645.64,537.87,5
4,player,194,0,0,571.25,380.18,648.18,538.42,5
4,player,195,0,0,573.79,380.72,650.71,538.96,5
4,player,196,0,0,576.32,381.27,653.25,539.50,5
4,player,197,0,0,578.86,381.81,655.78,540.05,5
4,player,198,0,0,581.39,382.35,658.32,540.59,5
4,player,199,0,0,583.93,382.90,660.85,541.13,5
4,player,200,0,0,586.46,383.44,663.39,541.68,5
4,player,201,0,0,589.00,383.98,665.92,542.22,5
4,player,202,0,0,591.53,384.53,668.46,542.76,5
4,player,203,0,0,594.07,385.07,670.99,543.31,5
4,player,204,0,0,596.60,385.61,673.53,543.85,5
4,player,205,0,0,598.41,385.94,675.34,544.18,5
4,player,206,0,0,600.22,386.27,677.15,544.51,5
4,player,207,0,0,602.03,386.60,678.96,544.84,5
4,player,208,0,0,603.84,386.93,680.77,545.17,5
4,player,209,0,0,605.65,387.26,682.57,545.49,5
4,player,210,0,0,607.46,387.59,684.38,545.82,5
4,player,211,0,0,609.27,387.92,686.19,546.15,5
4,player,212,0,0,611.08,388.24,688.00,546.48,5
4,player,213,0,0,612.89,388.57,689.81,546.81,5
4,player,214,0,0,614.70,388.90,691.62,547.14,5
4,player,215,0,0,616.50,389.23,693.43,547.47,5
4,player,216,0,0,618.31,389.56,695.24,547.80,5
4,player,217,0,0,620.12,389.89,697.05,548.13,5
4,player,218,0,0,622.58,389.64,699.50,547.88,5
4,player,219,0,0,625.03,389.40,701.95,547.64,5
4,player,220,0,0,627.48,389.15,704.41,547.39,5
4,player,221,0,0,629.94,388.91,706.86,547.14,5
4,player,222,0,0,632.39,388.66,709.32,546.90,5
4,player,223,0,0,634.84,388.42,711.77,546.65,5
4,player,224,0,0,637.30,388.17,714.22,546.41,5
4,player,225,0,0,639.75,387.93,716.68,546.16,5
4,player,226,0,0,642.20,387.68,719.13,545.92,5
4,player,227,0,0,644.66,387.44,721.58,545.67,5
4,player,228,0,0,647.11,387.19,724.04,545.43,5
4,player,229,0,0,649.57,386.95,726.49,545.18,5
4,player,230,0,0,652.02,386.70,728.94,544.94,5
4,player,231,0,0,654.47,386.45,731.40,544.69,5
4,player,232,0,0,656.93,386.21,733.85,544.45,5
4,player,233,0,0,659.38,385.96,736.30,544.20,5
4,player,234,0,0,661.83,385.72,738.76,543.96,5
4,player,235,0,0,664.29,385.47,741.21,543.71,5
4,player,236,0,0,666.74,385.23,743.67,543.46,5
4,player,237,0,0,669.19,384.98,746.12,543.22,5
4,player,238,0,0,671.65,384.74,748.57,542.97,5
4,player,239,0,0,674.10,384.49,751.03,542.73,5
4,player,240,0,0,676.55,384.25,753.48,542.48,5
4,player,241,0,0,679.01,384.00,755.93,542.24,5
4,player,242,0,0,681.46,383.76,758.39,541.99,5
4,player,243,0,0,683.92,383.51,760.84,541.75,5
4,player,244,0,0,686.37,383.27,763.29,541.50,5
4,player,245,0,0,688.82,383.02,765.75,541.26,5
4,player,246,0,0,691.28,382.77,768.20,541.01,5
4,player,247,0,0,693.73,382.53,770.65,540.77,5
4,player,248,0,0,696.18,382.28,773.11,540.52,5
4,player,249,0,0,698.64,382.04,775.56,540.27,5
4,player,250,0,0,701.09,381.79,778.01,540.03,5
4,player,251,0,0,703.54,381.55,780.47,539.78,5
4,player,252,0,0,706.00,381.30,782.92,539.54,5
4,player,253,0,0,708.45,381.06,785.38,539.29,5
4,player,254,0,0,710.90,380.81,787.83,539.05,5
4,player,255,0,0,713.36,380.57,790.28,538.80,5
4,player,256,0,0,715.81,380.32,792.74,538.56,5
4,player,257,0,0,718.26,380.08,795.19,538.31,5
4,player,258,0,0,720.72,379.83,797.64,538.07,5
4,player,259,0,0,723.17,379.58,800.10,537.82,5
4,player,260,0,0,725.63,379.34,802.55,537.58,5
4,player,261,0,0,728.08,379.09,805.00,537.33,5
4,player,262,0,0,730.53,378.85,807.46,537.09,5
4,player,263,0,0,732.99,378.60,809.91,536.84,5
4,player,264,0,0,735.44,378.36,812.36,536.59,5
4,player,265,0,0,737.89,378.11,814.82,536.35,5
4,player,266,0,0,740.35,377.87,817.27,536.10,5
4,player,267,0,0,742.80,377.62,819.72,535.86,5
4,player,268,0,0,745.25,377.38,822.18,535.61,5
4,player,269,0,0,747.71,377.13,824.63,535.37,5
4,player,270,0,0,750.16,376.89,827.09,535.12,5
4,player,271,0,0,752.61,376.64,829.54,534.88,5
4,player,272,0,0,755.07,376.39,831.99,534.63,5
4,player,273,0,0,757.52,376.15,834.45,534.39,5
4,player,274,0,0,759.97,375.90,836.90,534.14,5
4,player,275,0,0,762.43,375.66,839.35,533.90,5
4,player,276,0,0,764.88,375.41,841.81,533.65,5
4,player,277,0,0,767.34,375.17,844.26,533.40,5
4,player,278,0,0,769.79,374.92,846.71,533.16,5
4,player,279,0,0,770.17,374.19,847.10,532.43,5
4,player,280,0,0,770.55,373.45,847.48,531.69,5
4,player,281,0,0,770.94,372.72,847.86,530.96,5
4,player,282,0,0,771.32,371.99,848.25,530.22,5
4,player,283,0,0,771.70,371.25,848.63,529.49,5
4,player,284,0,0,772.09,370.52,849.01,528.76,5
4,player,285,0,0,772.47,369.79,849.39,528.02,5
4,player,286,0,0,772.85,369.05,849.78,527.29,5
4,player,287,0,0,773.24,368.32,850.16,526.55,5
4,player,288,0,0,773.62,367.58,850.54,525.82,5
4,player,289,0,0,774.00,366.85,850.93,525.09,5
4,player,290,0,0,774.38,366.12,851.31,524.35,5
4,player,291,0,0,774.77,365.38,851.69,523.62,5
4,player,292,0,0,775.15,364.65,852.07,522.88,5
4,player,293,0,0,775.53,363.91,852.46,522.15,5
4,player,294,0,0,775.92,363.18,852.84,521.42,5
4,player,295,0,0,776.30,362.45,853.22,520.68,5
4,player,296,0,0,776.68,361.71,853.61,519.95,5
4,player,297,0,0,777.06,360.98,853.99,519.21,5
4,player,298,0,0,777.45,360.24,854.37,518.48,5
4,player,299,0,0,777.83,359.51,854.76,517.75,5
4,player,300,0,0,778.21,358.78,855.14,517.01,5
4,player,301,0,0,778.60,358.04,855.52,516.28,5
4,player,302,0,0,778.98,357.31,855.90,515.54,5
4,player,303,0,0,779.36,356.57,856.29,514.81,5
4,player,304,0,0,779.75,355.84,856.67,514.08,5
4,player,305,0,0,780.13,355.11,857.05,513.34,5
4,player,306,0,0,780.51,354.37,857.44,512.61,5
4,player,307,0,0,780.89,353.64,857.82,511.87,5
4,player,308,0,0,781.28,352.90,858.20,511.14,5
4,player,309,0,0,781.66,352.17,858.58,510.41,5
4,player,310,0,0,782.04,351.44,858.97,509.67,5
4,player,311,0,0,782.43,350.70,859.35,508.94,5
4,player,312,0,0,782.81,349.97,859.73,508.20,5
4,player,313,0,0,783.19,349.23,860.12,507.47,5
4,player,314,0,0,783.57,348.50,860.50,506.74,5
4,player,315,0,0,783.96,347.77,860.88,506.00,5
4,player,316,0,0,784.34,347.03,861.27,505.27,5
4,player,317,0,0,784.72,346.30,861.65,504.53,5
4,player,318,0,0,785.11,345.56,862.03,503.80,5
4,player,319,0,0,785.49,344.83,862.41,503.07,5
4,player,320,0,0,785.87,344.10,862.80,502.33,5
4,player,321,0,0,786.26,343.36,863.18,501.60,5
4,player,322,0,0,786.64,342.63,863.56,500.86,5
4,player,323,0,0,787.02,341.89,863.95,500.13,5
4,player,324,0,0,787.40,341.16,864.33,499.40,5
4,player,325,0,0,787.79,340.43,864.71,498.66,5
4,player,326,0,0,788.17,339.69,865.09,497.93,5
4,player,327,0,0,788.55,338.96,865.48,497.19,5
4,player,328,0,0,788.94,338.22,865.86,496.46,5
4,player,329,0,0,789.32,337.49,866.24,495.73,5
4,player,330,0,0,789.70,336.76,866.63,494.99,5
4,player,331,0,0,790.08,336.02,867.01,494.26,5
4,player,332,0,0,790.47,335.29,867.39,493.53,5
4,player,333,0,0,790.85,334.55,867.77,492.79,5
4,player,334,0,0,791.23,333.82,868.16,492.06,5
4,player,335,0,0,791.62,333.09,868.54,491.32,5
4,player,336,0,0,792.00,332.35,868.92,490.59,5
4,player,337,0,0,792.38,331.62,869.31,489.86,5
4,player,338,0,0,792.76,330.88,869.69,489.12,5
4,player,339,0,0,793.15,330.15,870.07,488.39,5
4,player,340,0,0,793.53,329.42,870.46,487.65,5
4,player,341,0,0,793.91,328.68,870.84,486.92,5
4,player,342,0,0,794.30,327.95,871.22,486.19,5
4,player,343,0,0,794.68,327.22,871.60,485.45,5
4,player,344,0,0,795.06,326.48,871.99,484.72,5
4,player,345,0,0,795.45,325.75,872.37,483.98,5
4,player,346,0,0,804.58,325.75,881.51,483.98,5
4,player,347,0,0,813.72,325.75,890.64,483.98,5
4,player,348,0,0,822.85,325.75,899.78,483.98,5
4,player,349,0,0,831.99,325.75,908.91,483.98,5
4,player,350,0,0,841.12,325.75,918.05,483.98,5
4,player,351,0,0,850.26,325.75,927.18,483.98,5
4,player,352,0,0,859.39,325.75,936.32,483.98,5
4,player,353,0,0,868.53,325.75,945.45,483.98,5
4,player,354,0,0,877.66,325.75,954.59,483.98,5
4,player,355,0,0,886.80,325.75,963.72,483.98,5
4,player,356,0,0,895.94,325.75,972.86,483.98,5
4,player,357,0,0,905.07,325.75,982.00,483.98,5
4,player,358,0,0,914.21,325.75,991.13,483.98,5
4,player,359,0,0,923.34,325.75,1000.27,483.98,5
4,player,360,0,0,932.48,325.75,1009.40,483.98,5
4,player,361,0,0,941.61,325.75,1018.54,483.98,5
4,player,362,0,0,950.75,325.75,1027.67,483.98,5
4,player,363,0,0,959.88,325.75,1036.81,483.98,5
4,player,364,0,0,969.02,325.75,1045.94,483.98,5
4,player,365,0,0,978.15,325.75,1055.08,483.98,5
4,player,366,0,0,987.29,325.75,1064.21,483.98,5
4,player,367,0,0,996.42,325.75,1073.35,483.98,5
4,player,368,0,0,1001.92,324.83,1078.85,483.07,5
4,player,369,0,0,1007.42,323.91,1084.35,482.15,5
4,player,370,0,0,1012.92,323.00,1089.84,481.23,5
4,player,371,0,0,1018.42,322.08,1095.34,480.32,5
4,player,372,0,0,1023.91,321.17,1100.84,479.40,5
4,player,373,0,0,1029.41,320.25,1106.34,478.49,5
4,player,374,0,0,1034.91,319.33,1111.83,477.57,5
4,player,375,0,0,1038.47,317.67,1115.40,475.91,5
4,player,376,0,0,1042.04,316.01,1118.96,474.24,5
4,player,377,0,0,1045.60,314.34,1122.53,472.58,5
4,player,378,0,0,1049.16,312.68,1126.09,470.92,5
4,player,379,0,0,1052.73,311.02,1129.65,469.25,5
4,player,380,0,0,1056.29,309.36,1133.22,467.59,5
4,player,381,0,0,1059.85,307.69,1136.78,465.93,5
4,player,382,0,0,1063.42,306.03,1140.34,464.27,5
4,player,383,0,0,1066.98,304.37,1143.91,462.60,5
4,player,384,0,0,1068.05,303.72,1144.98,461.96,5
4,player,385,0,0,1069.12,303.08,1146.04,461.32,5
4,player,386,0,0,1070.19,302.44,1147.11,460.68,5
4,player,387,0,0,1071.26,301.80,1148.18,460.04,5
4,player,388,0,0,1072.33,301.16,1149.25,459.40,5
4,player,389,0,0,1073.40,300.52,1150.32,458.75,5
4,player,390,0,0,1074.46,299.88,1151.39,458.11,5
4,player,391,0,0,1075.53,299.23,1152.46,457.47,5
4,player,392,0,0,1076.60,298.59,1153.53,456.83,5
4,player,393,0,0,1077.67,297.95,1154.60,456.19,5
4,player,394,0,0,1078.64,298.22,1155.56,456.46,5
4,player,395,0,0,1079.61,298.49,1156.53,456.73,5
4,player,396,0,0,1080.57,298.76,1157.50,457.00,5
4,player,397,0,0,1081.54,299.03,1158.47,457.27,5
4,player,398,0,0,1082.51,299.30,1159.43,457.54,5
4,player,399,0,0,1083.48,299.57,1160.40,457.81,5
4,player,400,0,0,1084.44,299.84,1161.37,458.08,5
4,player,401,0,0,1082.30,299.76,1159.22,458.00,5
4,player,402,0,0,1080.15,299.69,1157.08,457.93,5
4,player,403,0,0,1078.01,299.61,1154.93,457.85,5
4,player,404,0,0,1075.86,299.54,1152.79,457.77,5
4,player,405,0,0,1073.72,299.46,1150.64,457.70,5
4,player,406,0,0,1071.57,299.39,1148.50,457.62,5
4,player,407,0,0,1069.43,299.31,1146.35,457.55,5
4,player,408,0,0,1067.28,299.23,1144.21,457.47,5
4,player,409,0,0,1065.14,299.16,1142.06,457.39,5
4,player,410,0,0,1062.99,299.08,1139.92,457.32,5
4,player,411,0,0,1060.85,299.01,1137.77,457.24,5
4,player,412,0,0,1058.70,298.93,1135.63,457.17,5
4,player,413,0,0,1056.56,298.85,1133.48,457.09,5
4,player,414,0,0,1054.42,298.78,1131.34,457.01,5
4,player,415,0,0,1052.27,298.70,1129.20,456.94,5
4,player,416,0,0,1050.13,298.63,1127.05,456.86,5
4,player,417,0,0,1047.98,298.55,1124.91,456.79,5
4,player,418,0,0,1045.84,298.47,1122.76,456.71,5
4,player,419,0,0,1043.69,298.40,1120.62,456.63,5
4,player,420,0,0,1041.55,298.32,1118.47,456.56,5
4,player,421,0,0,1039.40,298.25,1116.33,456.48,5
4,player,422,0,0,1037.26,298.17,1114.18,456.41,5
4,player,423,0,0,1035.11,298.09,1112.04,456.33,5
4,player,424,0,0,1032.97,298.02,1109.89,456.25,5
4,player,425,0,0,1030.82,297.94,1107.75,456.18,5
4,player,426,0,0,1028.68,297.87,1105.60,456.10,5
4,player,427,0,0,1026.53,297.79,1103.46,456.03,5
4,player,428,0,0,1024.39,297.71,1101.31,455.95,5
4,player,429,0,0,1022.24,297.64,1099.17,455.87,5
4,player,430,0,0,1020.10,297.56,1097.02,455.80,5
4,player,431,0,0,1017.95,297.49,1094.88,455.72,5
4,player,432,0,0,1015.81,297.41,1092.73,455.65,5
4,player,433,0,0,1013.66,297.33,1090.59,455.57,5
4,player,434,0,0,1011.52,297.26,1088.44,455.49,5
4,player,435,0,0,1009.37,297.18,1086.30,455.42,5
4,player,436,0,0,1007.23,297.11,1084.15,455.34,5
4,player,437,0,0,1005.08,297.03,1082.01,455.27,5
4,player,438,0,0,1002.94,296.95,1079.86,455.19,5
4,player,439,0,0,1000.79,296.88,1077.72,455.11,5
4,player,440,0,0,998.65,296.80,1075.57,455.04,5
4,player,441,0,0,996.51,296.73,1073.43,454.96,5
4,player,442,0,0,994.36,296.65,1071.29,454.89,5
4,player,443,0,0,992.22,296.57,1069.14,454.81,5
4,player,444,0,0,990.07,296.50,1067.00,454.73,5
4,player,445,0,0,987.93,296.42,1064.85,454.66,5
4,player,446,0,0,985.78,296.35,1062.71,454.58,5
4,player,447,0,0,983.64,296.27,1060.56,454.51,5
4,player,448,0,0,981.49,296.19,1058.42,454.43,5
4,player,449,0,0,979.35,296.12,1056.27,454.35,5
4,player,450,0,0,977.20,296.04,1054.13,454.28,5
4,player,451,0,0,975.06,295.97,1051.98,454.20,5
4,player,452,0,0,972.91,295.89,1049.84,454.13,5
4,player,453,0,0,970.77,295.81,1047.69,454.05,5
4,player,454,0,0,966.42,295.69,1043.35,453.93,5
4,player,455,0,0,962.08,295.57,1039.00,453.81,5
4,player,456,0,0,957.73,295.45,1034.65,453.69,5
4,player,457,0,0,953.38,295.33,1030.31,453.57,5
4,player,458,0,0,949.04,295.21,1025.96,453.45,5
4,player,459,0,0,944.69,295.09,1021.62,453.33,5
4,player,460,0,0,940.35,294.97,1017.27,453.21,5
4,player,461,0,0,936.00,294.85,1012.92,453.09,5
4,player,462,0,0,931.65,294.73,1008.58,452.96,5
4,player,463,0,0,927.31,294.61,1004.23,452.84,5
4,player,464,0,0,922.96,294.49,999.89,452.72,5
4,player,465,0,0,918.61,294.37,995.54,452.60,5
4,player,466,0,0,914.27,294.25,991.19,452.48,5
4,player,467,0,0,909.92,294.12,986.85,452.36,5
4,player,468,0,0,905.58,294.00,982.50,452.24,5
4,player,469,0,0,901.23,293.88,978.16,452.12,5
4,player,470,0,0,896.88,293.76,973.81,452.00,5
4,player,471,0,0,892.54,293.64,969.46,451.88,5
4,player,472,0,0,888.19,293.52,965.12,451.76,5
4,player,473,0,0,883.85,293.40,960.77,451.64,5
4,player,474,0,0,879.50,293.28,956.42,451.52,5
4,player,475,0,0,870.63,294.55,947.55,452.78,5
4,player,476,0,0,861.75,295.81,938.68,454.05,5
4,player,477,0,0,853.07,295.81,929.99,454.05,5
4,player,478,0,0,844.38,295.81,921.31,454.05,5
4,player,479,0,0,835.70,295.81,912.62,454.05,5
4,player,480,0,0,827.01,295.81,903.93,454.05,5
4,player,481,0,0,818.32,295.81,895.25,454.05,5
4,player,482,0,0,809.64,295.81,886.56,454.05,5
4,player,483,0,0,800.95,295.81,877.88,454.05,5
4,player,484,0,0,792.27,295.81,869.19,454.05,5
4,player,485,0,0,783.58,295.81,860.50,454.05,5
4,player,486,0,0,774.89,295.81,851.82,454.05,5
4,player,487,0,0,766.21,295.81,843.13,454.05,5
4,player,488,0,0,757.52,295.81,834.45,454.05,5
4,player,489,0,0,748.84,295.81,825.76,454.05,5
4,player,490,0,0,740.15,295.81,817.07,454.05,5
4,player,491,0,0,731.46,295.81,808.39,454.05,5
4,player,492,0,0,722.78,295.81,799.70,454.05,5
4,player,493,0,0,712.80,300.09,790.44,451.20,5
4,player,494,0,0,702.82,304.37,781.17,448.34,5
4,player,495,0,0,692.84,308.64,771.91,445.49,5
4,player,496,0,0,682.77,307.73,761.83,444.57,5
4,player,497,0,0,672.69,306.81,751.75,443.66,5
4,player,498,0,0,662.61,305.89,741.67,442.74,5
4,player,499,0,0,652.53,304.98,731.59,441.83,5
4,player,500,0,0,642.45,304.06,721.51,440.91,5
4,player,501,0,0,632.37,303.14,711.43,439.99,5
4,player,502,0,0,622.29,302.23,701.35,439.08,5
4,player,503,0,0,617.49,302.23,696.56,439.08,5
4,player,504,0,0,612.70,302.23,691.76,439.08,5
4,player,505,0,0,607.90,302.23,686.97,439.08,5
4,player,506,0,0,603.11,302.23,682.17,439.08,5
4,player,507,0,0,598.32,302.23,677.38,439.08,5
4,player,508,0,0,593.52,302.23,672.59,439.08,5
4,player,509,0,0,588.73,302.23,667.79,439.08,5
4,player,510,0,0,583.93,302.23,663.00,439.08,5
4,player,511,0,0,579.14,302.23,658.20,439.08,5
4,player,512,0,0,574.34,302.23,653.41,439.08,5
4,player,513,0,0,569.55,302.23,648.61,439.08,5
4,player,514,0,0,564.75,302.23,643.82,439.08,5
4,player,515,0,0,559.96,302.23,639.02,439.08,5
4,player,516,0,0,555.16,302.23,634.23,439.08,5
4,player,517,0,0,550.37,302.23,629.44,439.08,5
4,player,518,0,0,545.58,302.23,624.64,439.08,5
4,player,519,0,0,540.78,302.23,619.85,439.08,5
4,player,520,0,0,535.99,302.23,615.05,439.08,5
4,player,521,0,0,531.19,302.23,610.26,439.08,5
4,player,522,0,0,526.40,302.23,605.46,439.08,5
4,player,523,0,0,521.60,302.23,600.67,439.08,5
4,player,524,0,0,516.81,302.23,595.87,439.08,5
4,player,525,0,0,512.01,302.23,591.08,439.08,5
4,player,526,0,0,507.22,302.23,586.28,439.08,5
4,player,527,0,0,502.43,302.23,581.49,439.08,5
4,player,528,0,0,497.63,302.23,576.70,439.08,5
4,player,529,0,0,492.84,302.23,571.90,439.08,5
4,player,530,0,0,488.04,302.23,567.11,439.08,5
4,player,531,0,0,483.25,302.23,562.31,439.08,5
4,player,532,0,0,478.45,302.23,557.52,439.08,5
4,player,533,0,0,473.66,302.23,552.72,439.08,5
4,player,534,0,0,468.86,302.23,547.93,439.08,5
4,player,535,0,0,464.07,302.23,543.13,439.08,5
4,player,536,0,0,457.96,302.23,537.03,439.08,5
4,player,537,0,0,451.85,302.23,530.92,439.08,5
4,player,538,0,0,445.74,302.23,524.81,439.08,5
4,player,539,0,0,439.63,302.23,518.70,439.08,5
4,player,540,0,0,433.53,302.23,512.59,439.08,5
4,player,541,0,0,427.42,302.23,506.48,439.08,5
4,player,542,0,0,421.31,302.23,500.37,439.08,5
4,player,543,0,0,419.48,302.84,498.54,439.69,5
4,player,544,0,0,417.64,303.45,496.71,440.30,5
4,player,545,0,0,415.81,304.06,494.87,440.91,5
4,player,546,0,0,413.98,304.67,493.04,441.52,5
4,player,547,0,0,412.14,305.28,491.21,442.13,5
4,player,548,0,0,410.31,305.89,489.38,442.74,5
4,player,549,0,0,408.48,306.50,487.54,443.35,5
4,player,550,0,0,406.21,306.24,485.27,443.08,5
4,player,551,0,0,403.94,305.97,483.00,442.82,5
4,player,552,0,0,401.66,305.70,480.73,442.55,5
4,player,553,0,0,399.39,305.43,478.46,442.28,5
4,player,554,0,0,397.12,305.17,476.19,442.02,5
4,player,555,0,0,394.85,304.90,473.91,441.75,5
4,player,556,0,0,392.58,304.63,471.64,441.48,5
4,player,557,0,0,390.31,304.37,469.37,441.21,5
4,player,558,0,0,388.03,304.10,467.10,440.95,5
4,player,559,0,0,385.76,303.83,464.83,440.68,5
4,player,560,0,0,383.49,303.56,462.56,440.41,5
4,player,561,0,0,381.22,303.30,460.28,440.14,5
4,player,562,0,0,378.95,303.03,458.01,439.88,5
4,player,563,0,0,376.68,302.76,455.74,439.61,5
4,player,564,0,0,374.40,302.49,453.47,439.34,5
4,player,565,0,0,372.13,302.23,451.20,439.08,5
4,player,566,0,0,372.92,302.11,451.99,438.96,5
4,player,567,0,0,373.72,301.99,452.78,438.84,5
4,player,568,0,0,374.51,301.87,453.57,438.72,5
4,player,569,0,0,375.30,301.75,454.37,438.60,5
4,player,570,0,0,376.09,301.63,455.16,438.48,5
4,player,571,0,0,376.88,301.51,455.95,438.36,5
4,player,572,0,0,377.68,301.40,456.74,438.24,5
4,player,573,0,0,378.47,301.28,457.53,438.13,5
4,player,574,0,0,379.26,301.16,458.32,438.01,5
4,player,575,0,0,380.05,301.04,459.12,437.89,5
4,player,576,0,0,380.84,300.92,459.91,437.77,5
4,player,577,0,0,381.64,300.80,460.70,437.65,5
4,player,578,0,0,382.43,300.68,461.49,437.53,5
4,player,579,0,0,383.22,300.56,462.28,437.41,5
4,player,580,0,0,384.01,300.45,463.08,437.29,5
4,player,581,0,0,384.80,300.33,463.87,437.17,5
4,player,582,0,0,385.59,300.21,464.66,437.06,5
4,player,583,0,0,386.39,300.09,465.45,436.94,5
4,player,584,0,0,387.18,299.97,466.24,436.82,5
4,player,585,0,0,387.97,299.85,467.04,436.70,5
4,player,586,0,0,388.76,299.73,467.83,436.58,5
4,player,587,0,0,389.55,299.61,468.62,436.46,5
4,player,588,0,0,390.35,299.50,469.41,436.34,5
4,player,589,0,0,391.14,299.38,470.20,436.22,5
4,player,590,0,0,391.93,299.26,470.99,436.11,5
4,player,591,0,0,392.72,299.14,471.79,435.99,5
4,player,592,0,0,393.51,299.02,472.58,435.87,5
4,player,593,0,0,394.31,298.90,473.37,435.75,5
4,player,594,0,0,395.10,298.78,474.16,435.63,5
4,player,595,0,0,395.89,298.66,474.95,435.51,5
4,player,596,0,0,396.68,298.55,475.75,435.39,5
4,player,597,0,0,397.47,298.43,476.54,435.27,5
4,player,598,0,0,398.26,298.31,477.33,435.16,5
4,player,599,0,0,399.06,298.19,478.12,435.04,5
4,player,600,0,0,399.85,298.07,478.91,434.92,5
4,player,601,0,0,400.64,297.95,479.71,434.80,5
4,player,602,0,0,401.43,297.83,480.50,434.68,5
4,player,603,0,0,402.22,297.71,481.29,434.56,5
4,player,604,0,0,403.02,297.60,482.08,434.44,5
4,player,605,0,0,403.81,297.48,482.87,434.32,5
4,player,606,0,0,404.60,297.36,483.66,434.21,5
4,player,607,0,0,405.39,297.24,484.46,434.09,5
4,player,608,0,0,406.18,297.12,485.25,433.97,5
4,player,609,0,0,406.98,297.00,486.04,433.85,5
4,player,610,0,0,407.77,296.88,486.83,433.73,5
4,player,611,0,0,408.56,296.76,487.62,433.61,5
4,player,612,0,0,409.35,296.64,488.42,433.49,5
4,player,613,0,0,410.14,296.53,489.21,433.37,5
4,player,614,0,0,410.94,296.41,490.00,433.26,5
4,player,615,0,0,411.73,296.29,490.79,433.14,5
4,player,616,0,0,412.52,296.17,491.58,433.02,5
4,player,617,0,0,413.31,296.05,492.38,432.90,5
4,player,618,0,0,414.10,295.93,493.17,432.78,5
4,player,619,0,0,414.89,295.81,493.96,432.66,5
4,player,620,0,0,418.34,296.50,497.40,433.35,5
4,player,621,0,0,421.78,297.19,500.84,434.04,5
4,player,622,0,0,425.22,297.88,504.29,434.73,5
4,player,623,0,0,428.67,298.57,507.73,435.42,5
4,player,624,0,0,432.11,299.26,511.17,436.10,5
4,player,625,0,0,435.55,299.94,514.62,436.79,5
4,player,626,0,0,438.99,300.63,518.06,437.48,5
4,player,627,0,0,442.44,301.32,521.50,438.17,5
4,player,628,0,0,445.88,302.01,524.94,438.86,5
4,player,629,0,0,449.32,302.70,528.39,439.55,5
4,player,630,0,0,452.76,303.39,531.83,440.24,5
4,player,631,0,0,456.21,304.08,535.27,440.92,5
4,player,632,0,0,459.65,304.76,538.71,441.61,5
4,player,633,0,0,463.09,305.45,542.16,442.30,5
4,player,634,0,0,466.53,306.14,545.60,442.99,5
4,player,635,0,0,469.98,306.83,549.04,443.68,5
4,player,636,0,0,473.42,307.52,552.48,444.37,5
4,player,637,0,0,476.86,308.21,555.93,445.06,5
4,player,638,0,0,480.31,308.90,559.37,445.74,5
4,player,639,0,0,483.75,309.58,562.81,446.43,5
4,player,640,0,0,487.19,310.27,566.26,447.12,5
4,player,641,0,0,490.63,310.96,569.70,447.81,5
4,player,642,0,0,494.08,311.65,573.14,448.50,5
4,player,643,0,0,497.52,312.34,576.58,449.19,5
4,player,644,0,0,500.96,313.03,580.03,449.87,5
4,player,645,0,0,504.40,313.72,583.47,450.56,5
4,player,646,0,0,507.85,314.40,586.91,451.25,5
4,player,647,0,0,511.29,315.09,590.35,451.94,5
4,player,648,0,0,514.73,315.78,593.80,452.63,5
4,player,649,0,0,518.17,316.47,597.24,453.32,5
4,player,650,0,0,521.62,317.16,600.68,454.01,5
4,player,651,0,0,525.06,317.85,604.12,454.69,5
4,player,652,0,0,528.50,318.54,607.57,455.38,5
4,player,653,0,0,531.95,319.22,611.01,456.07,5
4,player,654,0,0,535.39,319.91,614.45,456.76,5
4,player,655,0,0,538.83,320.60,617.90,457.45,5
4,player,656,0,0,542.27,321.29,621.34,458.14,5
4,player,657,0,0,545.72,321.98,624.78,458.83,5
4,player,658,0,0,549.16,322.67,628.22,459.51,5
4,player,659,0,0,552.60,323.36,631.67,460.20,5
4,player,660,0,0,556.04,324.04,635.11,460.89,5
4,player,661,0,0,559.49,324.73,638.55,461.58,5
4,player,662,0,0,562.93,325.42,641.99,462.27,5
4,player,663,0,0,566.37,326.11,645.44,462.96,5
4,player,664,0,0,569.81,326.80,648.88,463.65,5
4,player,665,0,0,573.26,327.49,652.32,464.33,5
4,player,666,0,0,576.70,328.17,655.76,465.02,5
4,player,667,0,0,580.14,328.86,659.21,465.71,5
4,player,668,0,0,583.59,329.55,662.65,466.40,5
4,player,669,0,0,587.03,330.24,666.09,467.09,5
4,player,670,0,0,590.47,330.93,669.54,467.78,5
4,player,671,0,0,593.91,331.62,672.98,468.47,5
4,player,672,0,0,597.36,332.31,676.42,469.15,5
4,player,673,0,0,600.80,332.99,679.86,469.84,5
4,player,674,0,0,604.24,333.68,683.31,470.53,5
4,player,675,0,0,607.68,334.37,686.75,471.22,5
4,player,676,0,0,611.13,335.06,690.19,471.91,5
4,player,677,0,0,614.57,335.75,693.63,472.60,5
4,player,678,0,0,618.01,336.44,697.08,473.29,5
4,player,679,0,0,631.37,337.41,710.44,474.26,5
4,player,680,0,0,644.74,338.38,723.80,475.23,5
4,player,681,0,0,658.10,339.35,737.17,476.20,5
4,player,682,0,0,671.46,340.32,750.53,477.17,5
4,player,683,0,0,684.83,341.30,763.89,478.14,5
4,player,684,0,0,698.19,342.27,777.25,479.12,5
4,player,685,0,0,711.55,343.24,790.62,480.09,5
4,player,686,0,0,724.92,344.21,803.98,481.06,5
4,player,687,0,0,738.28,345.18,817.34,482.03,5
4,player,688,0,0,751.64,346.16,830.71,483.00,5
4,player,689,0,0,765.01,347.13,844.07,483.98,5
4,player,690,0,0,778.37,348.10,857.43,484.95,5
4,player,691,0,0,791.73,349.07,870.80,485.92,5
4,player,692,0,0,805.09,350.04,884.16,486.89,5
4,player,693,0,0,818.46,351.02,897.52,487.86,5
4,player,694,0,0,831.82,351.99,910.89,488.84,5
4,player,695,0,0,845.18,352.96,924.25,489.81,5
4,player,696,0,0,858.55,353.93,937.61,490.78,5
4,player,697,0,0,871.91,354.90,950.97,491.75,5
4,player,698,0,0,885.27,355.87,964.34,492.72,5
4,player,699,0,0,898.64,356.85,977.70,493.69,5
4,player,700,0,0,912.00,357.82,991.06,494.67,5
4,player,701,0,0,925.36,358.79,1004.43,495.64,5
4,player,702,0,0,938.72,359.76,1017.79,496.61,5
4,player,703,0,0,952.09,360.73,1031.15,497.58,5
4,player,704,0,0,965.45,361.71,1044.52,498.55,5
4,player,705,0,0,978.81,362.68,1057.88,499.53,5
4,player,706,0,0,992.18,363.65,1071.24,500.50,5
4,player,707,0,0,1005.54,364.62,1084.60,501.47,5
4,player,708,0,0,1018.90,365.59,1097.97,502.44,5
4,player,709,0,0,1032.27,366.57,1111.33,503.41,5
4,player,710,0,0,1045.63,367.54,1124.69,504.38,5
4,player,711,0,0,1058.99,368.51,1138.06,505.36,5
4,player,712,0,0,1072.35,369.48,1151.42,506.33,5
4,player,713,0,0,1085.72,370.45,1164.78,507.30,5
4,player,714,0,0,1099.08,371.42,1178.15,508.27,5
4,player,715,0,0,1112.44,372.40,1191.51,509.24,5
4,player,716,0,0,1125.81,373.37,1204.87,510.22,5
4,player,717,0,0,1139.17,374.34,1218.24,511.19,5
4,player,718,0,0,1152.53,375.31,1231.60,512.16,5
4,player,719,0,0,1165.90,376.28,1244.96,513.13,5
4,player,720,0,0,1179.26,377.26,1258.32,514.10,5
4,player,721,0,0,1192.62,378.23,1271.69,515.08,5
4,player,722,0,0,1205.99,379.20,1285.05,516.05,5
4,player,723,0,0,1216.25,377.06,1295.31,513.91,5
4,player,724,0,0,1226.51,374.92,1305.58,511.77,5
4,player,725,0,0,1236.77,372.78,1315.84,509.63,5
4,player,726,0,0,1247.04,370.65,1326.10,507.49,5
4,player,727,0,0,1257.30,368.51,1336.36,505.36,5
4,player,728,0,0,1270.66,368.51,1349.73,505.36,5
4,player,729,0,0,1284.03,368.51,1363.09,505.36,5
4,player,730,0,0,1297.39,368.51,1376.45,505.36,5
4,player,731,0,0,1310.75,368.51,1389.82,505.36,5
4,player,732,0,0,1322.30,368.37,1401.36,505.21,5
4,player,733,0,0,1333.84,368.22,1412.91,505.07,5
4,player,734,0,0,1345.39,368.08,1424.45,504.93,5
4,player,735,0,0,1356.93,367.94,1436.00,504.79,5
4,player,736,0,0,1368.48,367.80,1447.55,504.64,5
4,player,737,0,0,1380.03,367.65,1459.09,504.50,5
4,player,738,0,0,1391.57,367.51,1470.64,504.36,5
4,player,739,0,0,1403.12,367.37,1482.18,504.22,5
4,player,740,0,0,1414.66,367.23,1493.73,504.07,5
4,player,741,0,0,1426.21,367.08,1505.27,503.93,5
4,player,742,0,0,1437.75,366.94,1516.82,503.79,5
4,player,743,0,0,1449.30,366.80,1528.37,503.65,5
4,player,744,0,0,1460.85,366.66,1539.91,503.50,5
4,player,745,0,0,1472.39,366.51,1551.46,503.36,5
4,player,746,0,0,1483.94,366.37,1563.00,503.22,5
4,player,747,0,0,1481.14,366.37,1560.21,503.22,5
4,player,748,0,0,1478.35,366.37,1557.41,503.22,5
4,player,749,0,0,1475.55,366.37,1554.61,503.22,5
4,player,750,0,0,1472.75,366.37,1551.82,503.22,5
4,player,751,0,0,1469.96,366.37,1549.02,503.22,5
4,player,752,0,0,1467.16,366.37,1546.23,503.22,5
4,player,753,0,0,1464.37,366.37,1543.43,503.22,5
4,player,754,0,0,1461.57,366.37,1540.63,503.22,5
4,player,755,0,0,1458.77,366.37,1537.84,503.22,5
4,player,756,0,0,1455.98,366.37,1535.04,503.22,5
4,player,757,0,0,1453.18,366.37,1532.25,503.22,5
4,player,758,0,0,1450.39,366.37,1529.45,503.22,5
4,player,759,0,0,1447.59,366.37,1526.65,503.22,5
4,player,760,0,0,1444.79,366.37,1523.86,503.22,5
4,player,761,0,0,1442.00,366.37,1521.06,503.22,5
4,player,762,0,0,1439.20,366.37,1518.27,503.22,5
4,player,763,0,0,1436.41,366.37,1515.47,503.22,5
4,player,764,0,0,1433.61,366.37,1512.67,503.22,5
4,player,765,0,0,1430.81,366.37,1509.88,503.22,5
4,player,766,0,0,1428.02,366.37,1507.08,503.22,5
4,player,767,0,0,1425.22,366.37,1504.29,503.22,5
4,player,768,0,0,1422.43,366.37,1501.49,503.22,5
4,player,769,0,0,1419.63,366.37,1498.69,503.22,5
4,player,770,0,0,1416.83,366.37,1495.90,503.22,5
4,player,771,0,0,1414.04,366.37,1493.10,503.22,5
4,player,772,0,0,1411.24,366.37,1490.31,503.22,5
4,player,773,0,0,1408.73,365.53,1487.80,502.38,5
4,player,774,0,0,1406.22,364.70,1485.29,501.55,5
4,player,775,0,0,1403.71,363.86,1482.78,500.71,5
4,player,776,0,0,1401.20,363.02,1480.27,499.87,5
4,player,777,0,0,1398.69,362.19,1477.76,499.04,5
4,player,778,0,0,1396.18,361.35,1475.25,498.20,5
4,player,779,0,0,1393.67,360.51,1472.74,497.36,5
4,player,780,0,0,1391.16,359.68,1470.23,496.53,5
4,player,781,0,0,1388.65,358.84,1467.72,495.69,5
4,player,782,0,0,1386.14,358.00,1465.21,494.85,5
4,player,783,0,0,1383.63,357.17,1462.70,494.02,5
4,player,784,0,0,1381.12,356.33,1460.19,493.18,5
4,player,785,0,0,1378.61,355.49,1457.68,492.34,5
4,player,786,0,0,1376.10,354.66,1455.17,491.51,5
4,player,787,0,0,1373.59,353.82,1452.66,490.67,5
4,player,788,0,0,1371.08,352.98,1450.15,489.83,5
4,player,789,0,0,1368.57,352.15,1447.64,489.00,5
4,player,790,0,0,1366.06,351.31,1445.13,488.16,5
4,player,791,0,0,1363.55,350.47,1442.62,487.32,5
4,player,792,0,0,1361.04,349.64,1440.11,486.49,5
4,player,793,0,0,1358.53,348.80,1437.60,485.65,5
4,player,794,0,0,1356.02,347.97,1435.09,484.81,5
4,player,795,0,0,1353.51,347.13,1432.58,483.98,5
4,player,796,0,0,1351.00,346.29,1430.07,483.14,5
4,player,797,0,0,1348.49,345.46,1427.56,482.30,5
4,player,798,0,0,1345.98,344.62,1425.05,481.47,5
4,player,799,0,0,1343.47,343.78,1422.54,480.63,5
4,player,800,0,0,1340.96,342.95,1420.03,479.79,5
4,player,801,0,0,1338.45,342.11,1417.52,478.96,5
4,player,802,0,0,1335.94,341.27,1415.01,478.12,5
4,player,803,0,0,1333.43,340.44,1412.50,477.28,5
4,player,804,0,0,1330.92,339.60,1409.99,476.45,5
4,player,805,0,0,1328.41,338.76,1407.48,475.61,5
4,player,806,0,0,1325.90,337.93,1404.97,474.77,5
4,player,807,0,0,1323.39,337.09,1402.46,473.94,5
4,player,808,0,0,1320.88,336.25,1399.95,473.10,5
4,player,809,0,0,1318.37,335.42,1397.44,472.26,5
4,player,810,0,0,1315.86,334.58,1394.93,471.43,5
4,player,811,0,0,1313.35,333.74,1392.42,470.59,5
4,player,812,0,0,1310.84,332.91,1389.91,469.75,5
4,player,813,0,0,1308.33,332.07,1387.40,468.92,5
4,player,814,0,0,1305.82,331.23,1384.89,468.08,5
4,player,815,0,0,1303.31,330.40,1382.38,467.24,5
4,player,816,0,0,1300.81,329.56,1379.87,466.41,5
4,player,817,0,0,1298.30,328.72,1377.36,465.57,5
4,player,818,0,0,1295.79,327.89,1374.85,464.73,5
4,player,819,0,0,1293.72,326.59,1372.79,463.44,5
4,player,820,0,0,1291.66,325.29,1370.73,462.14,5
4,player,821,0,0,1289.60,323.99,1368.66,460.84,5
4,player,822,0,0,1287.54,322.69,1366.60,459.54,5
4,player,823,0,0,1285.48,321.40,1364.54,458.24,5
4,player,824,0,0,1283.41,320.10,1362.48,456.94,5
4,player,825,0,0,1281.35,318.80,1360.42,455.65,5
4,player,826,0,0,1279.29,317.50,1358.36,454.35,5
4,player,827,0,0,1277.23,316.20,1356.29,453.05,5
4,player,828,0,0,1275.17,314.90,1354.23,451.75,5
4,player,829,0,0,1273.11,313.61,1352.17,450.45,5
4,player,830,0,0,1271.04,312.31,1350.11,449.16,5
4,player,831,0,0,1268.98,311.01,1348.05,447.86,5
4,player,832,0,0,1266.92,309.71,1345.99,446.56,5
4,player,833,0,0,1264.86,308.41,1343.92,445.26,5
4,player,834,0,0,1262.80,307.12,1341.86,443.96,5
4,player,835,0,0,1260.74,305.82,1339.80,442.67,5
4,player,836,0,0,1258.67,304.52,1337.74,441.37,5
4,player,837,0,0,1256.61,303.22,1335.68,440.07,5
4,player,838,0,0,1254.55,301.92,1333.62,438.77,5
4,player,839,0,0,1252.49,300.62,1331.55,437.47,5
4,player,840,0,0,1250.43,299.33,1329.49,436.17,5
4,player,841,0,0,1248.37,298.03,1327.43,434.88,5
4,player,842,0,0,1246.30,296.73,1325.37,433.58,5
4,player,843,0,0,1244.24,295.43,1323.31,432.28,5
4,player,844,0,0,1242.18,294.13,1321.24,430.98,5
4,player,845,0,0,1240.12,292.84,1319.18,429.68,5
4,player,846,0,0,1238.06,291.54,1317.12,428.39,5
4,player,847,0,0,1236.35,291.97,1315.41,428.81,5
4,player,848,0,0,1234.64,292.39,1313.70,429.24,5
4,player,849,0,0,1232.93,292.82,1311.99,429.67,5
4,player,850,0,0,1231.21,293.25,1310.28,430.10,5
4,player,851,0,0,1229.50,293.68,1308.57,430.52,5
4,player,852,0,0,1227.79,294.10,1306.86,430.95,5
4,player,853,0,0,1226.08,294.53,1305.15,431.38,5
4,player,854,0,0,1224.37,294.96,1303.44,431.81,5
4,player,855,0,0,1222.66,295.39,1301.73,432.23,5
4,player,856,0,0,1220.95,295.81,1300.02,432.66,5
4,player,857,0,0,1220.95,295.81,1300.02,432.66,5
4,player,858,0,0,1220.95,295.81,1300.02,432.66,5
4,player,859,0,0,1220.95,295.81,1300.02,432.66,5
4,player,860,0,0,1220.95,295.81,1300.02,432.66,5
4,player,861,0,0,1220.95,295.81,1300.02,432.66,5
4,player,862,0,0,1220.95,295.81,1300.02,432.66,5
4,player,863,0,0,1220.95,295.81,1300.02,432.66,5
4,player,864,0,0,1220.95,295.81,1300.02,432.66,5
4,player,865,0,0,1220.95,295.81,1300.02,432.66,5
4,player,866,0,0,1220.95,295.81,1300.02,432.66,5
4,player,867,0,0,1220.95,295.81,1300.02,432.66,5
4,player,868,0,0,1220.95,295.81,1300.02,432.66,5
4,player,869,0,0,1220.95,295.81,1300.02,432.66,5
4,player,870,0,0,1220.95,295.81,1300.02,432.66,5
4,player,871,0,0,1220.95,295.81,1300.02,432.66,5
4,player,872,0,0,1220.95,295.81,1300.02,432.66,5
4,player,873,0,0,1220.95,295.81,1300.02,432.66,5
4,player,874,0,0,1220.95,295.81,1300.02,432.66,5
4,player,875,0,0,1220.95,295.81,1300.02,432.66,5
4,player,876,0,0,1220.95,295.81,1300.02,432.66,5
4,player,877,0,0,1220.95,295.81,1300.02,432.66,5
4,player,878,0,0,1220.95,295.81,1300.02,432.66,5
4,player,879,0,0,1220.95,295.81,1300.02,432.66,5
4,player,880,0,0,1220.95,295.81,1300.02,432.66,5
4,player,881,0,0,1220.95,295.81,1300.02,432.66,5
4,player,882,0,0,1220.95,295.81,1300.02,432.66,5
4,player,883,0,0,1220.95,295.81,1300.02,432.66,5
4,player,884,0,0,1220.95,295.81,1300.02,432.66,5
4,player,885,0,0,1220.95,295.81,1300.02,432.66,5
4,player,886,0,0,1220.95,295.81,1300.02,432.66,5
4,player,887,0,0,1220.95,295.81,1300.02,432.66,5
4,player,888,0,0,1220.95,295.81,1300.02,432.66,5
4,player,889,0,0,1220.95,295.81,1300.02,432.66,5
4,player,890,0,0,1220.95,295.81,1300.02,432.66,5
4,player,891,0,0,1220.95,295.81,1300.02,432.66,5
4,player,892,0,0,1220.95,295.81,1300.02,432.66,5
4,player,893,0,0,1220.95,295.81,1300.02,432.66,5
4,player,894,0,0,1220.95,295.81,1300.02,432.66,5
4,player,895,0,0,1220.95,295.81,1300.02,432.66,5
4,player,896,0,0,1220.95,295.81,1300.02,432.66,5
4,player,897,0,0,1220.95,295.81,1300.02,432.66,5
4,player,898,0,0,1220.95,295.81,1300.02,432.66,5
4,player,899,0,0,1220.95,295.81,1300.02,432.66,5
5,player,15,0,0,339.96,414.92,425.50,564.60,32
5,player,16,0,0,344.64,414.02,430.19,563.70,32
5,player,17,0,0,349.33,413.11,434.87,562.79,32
5,player,18,0,0,354.02,412.21,439.56,561.89,32
5,player,19,0,0,358.71,411.30,444.25,560.98,32
5,player,20,0,0,363.39,410.40,448.94,560.08,32
5,player,21,0,0,368.08,409.49,453.62,559.17,32
5,player,22,0,0,372.77,408.59,458.31,558.27,32
5,player,23,0,0,377.45,407.69,463.00,557.36,32
5,player,24,0,0,382.14,406.78,467.69,556.46,32
5,player,25,0,0,386.83,405.88,472.37,555.55,32
5,player,26,0,0,391.52,404.97,477.06,554.65,32
5,player,27,0,0,396.20,404.07,481.75,553.74,32
5,player,28,0,0,400.89,403.16,486.44,552.84,32
5,player,29,0,0,405.58,402.26,491.12,551.94,32
5,player,30,0,0,410.27,401.35,495.81,551.03,32
5,player,31,0,0,414.95,400.45,500.50,550.13,32
5,player,32,0,0,419.64,399.54,505.18,549.22,32
5,player,33,0,0,424.33,398.64,509.87,548.32,32
5,player,34,0,0,429.02,397.73,514.56,547.41,32
5,player,35,0,0,433.70,396.83,519.25,546.51,32
5,player,36,0,0,438.39,395.93,523.93,545.60,32
5,player,37,0,0,443.08,395.02,528.62,544.70,32
5,player,38,0,0,447.77,394.12,533.31,543.79,32
5,player,39,0,0,452.45,393.21,538.00,542.89,32
5,player,40,0,0,457.14,392.31,542.68,541.99,32
5,player,41,0,0,461.83,391.40,547.37,541.08,32
5,player,42,0,0,460.83,390.96,546.38,540.64,32
5,player,43,0,0,459.84,390.52,545.38,540.20,32
5,player,44,0,0,458.84,390.08,544.38,539.76,32
5,player,45,0,0,457.84,389.65,543.39,539.32,32
5,player,46,0,0,456.85,389.21,542.39,538.88,32
5,player,47,0,0,455.85,388.77,541.40,538.44,32
5,player,48,0,0,454.86,388.33,540.40,538.01,32
5,player,49,0,0,453.86,387.89,539.40,537.57,32
5,player,50,0,0,452.86,387.45,538.41,537.13,32
5,player,51,0,0,451.87,387.01,537.41,536.69,32
5,player,52,0,0,450.87,386.57,536.42,536.25,32
5,player,53,0,0,449.88,386.13,535.42,535.81,32
5,player,54,0,0,448.88,385.69,534.43,535.37,32
5,player,55,0,0,447.89,385.25,533.43,534.93,32
5,player,56,0,0,446.89,384.81,532.43,534.49,32
5,player,57,0,0,445.89,384.37,531.44,534.05,32
5,player,58,0,0,444.90,383.93,530.44,533.61,32
5,player,59,0,0,443.90,383.49,529.45,533.17,32
5,player,60,0,0,442.91,383.06,528.45,532.73,32
5,player,61,0,0,441.91,382.62,527.45,532.29,32
5,player,62,0,0,440.92,382.18,526.46,531.85,32
5,player,63,0,0,439.92,381.74,525.46,531.42,32
5,player,64,0,0,438.92,381.30,524.47,530.98,32
5,player,65,0,0,437.93,380.86,523.47,530.54,32
5,player,66,0,0,436.93,380.42,522.48,530.10,32
5,player,67,0,0,435.94,379.98,521.48,529.66,32
5,player,68,0,0,434.94,379.54,520.48,529.22,32
5,player,69,0,0,433.94,379.10,519.49,528.78,32
5,player,70,0,0,432.95,378.66,518.49,528.34,32
5,player,71,0,0,431.95,378.22,517.50,527.90,32
5,player,72,0,0,430.96,377.78,516.50,527.46,32
5,player,73,0,0,429.96,377.34,515.51,527.02,32
5,player,74,0,0,428.97,376.90,514.51,526.58,32
5,player,75,0,0,427.97,376.47,513.51,526.14,32
5,player,76,0,0,426.97,376.03,512.52,525.70,32
5,player,77,0,0,425.98,375.59,511.52,525.26,32
5,player,78,0,0,424.98,375.15,510.53,524.83,32
5,player,79,0,0,423.99,374.71,509.53,524.39,32
5,player,80,0,0,422.99,374.27,508.53,523.95,32
5,player,81,0,0,421.99,373.83,507.54,523.51,32
5,player,82,0,0,421.00,373.39,506.54,523.07,32
5,player,83,0,0,420.00,372.95,505.55,522.63,32
5,player,84,0,0,419.01,372.51,504.55,522.19,32
5,player,85,0,0,418.01,372.07,503.56,521.75,32
5,player,86,0,0,417.02,371.63,502.56,521.31,32
5,player,87,0,0,416.02,371.19,501.56,520.87,32
5,player,88,0,0,415.02,370.75,500.57,520.43,32
5,player,89,0,0,414.03,370.31,499.57,519.99,32
5,player,90,0,0,413.03,369.88,498.58,519.55,32
5,player,91,0,0,412.04,369.44,497.58,519.11,32
5,player,92,0,0,411.04,369.00,496.58,518.67,32
5,player,93,0,0,410.04,368.56,495.59,518.24,32
5,player,94,0,0,409.05,368.12,494.59,517.80,32
5,player,95,0,0,408.05,367.68,493.60,517.36,32
5,player,96,0,0,407.06,367.24,492.60,516.92,32
5,player,97,0,0,406.06,366.80,491.61,516.48,32
5,player,98,0,0,405.07,366.36,490.61,516.04,32
5,player,99,0,0,404.07,365.92,489.61,515.60,32
5,player,100,0,0,403.07,365.48,488.62,515.16,32
5,player,101,0,0,402.08,365.04,487.62,514.72,32
5,player,102,0,0,401.08,364.60,486.63,514.28,32
5,player,103,0,0,400.09,364.16,485.63,513.84,32
5,player,104,0,0,399.09,363.72,484.63,513.40,32
5,player,105,0,0,398.10,363.29,483.64,512.96,32
5,player,106,0,0,397.10,362.85,482.64,512.52,32
5,player,107,0,0,396.10,362.41,481.65,512.08,32
5,player,108,0,0,395.11,361.97,480.65,511.65,32
5,player,109,0,0,394.11,361.53,479.66,511.21,32
5,player,110,0,0,393.12,361.09,478.66,510.77,32
5,player,111,0,0,392.12,360.65,477.66,510.33,32
5,player,112,0,0,391.12,360.21,476.67,509.89,32
5,player,113,0,0,390.13,359.77,475.67,509.45,32
5,player,114,0,0,389.13,359.33,474.68,509.01,32
5,player,115,0,0,386.74,358.58,472.29,508.25,32
5,player,116,0,0,384.35,357.82,469.90,507.50,32
5,player,117,0,0,381.96,357.07,467.51,506.75,32
5,player,118,0,0,379.57,356.31,465.12,505.99,32
5,player,119,0,0,377.18,355.56,462.73,505.24,32
5,player,120,0,0,374.80,354.80,460.34,504.48,32
5,player,121,0,0,372.41,354.05,457.95,503.73,32
5,player,122,0,0,370.02,353.29,455.56,502.97,32
5,player,123,0,0,367.63,352.54,453.17,502.22,32
5,player,124,0,0,365.24,351.78,450.78,501.46,32
5,player,125,0,0,362.85,351.03,448.39,500.71,32
5,player,126,0,0,360.46,350.28,446.00,499.95,32
5,player,127,0,0,358.07,349.52,443.61,499.20,32
5,player,128,0,0,355.68,348.77,441.22,498.44,32
5,player,129,0,0,353.29,348.01,438.83,497.69,32
5,player,130,0,0,350.90,347.26,436.44,496.93,32
5,player,131,0,0,348.51,346.50,434.05,496.18,32
5,player,132,0,0,347.70,346.40,433.24,496.08,32
5,player,133,0,0,346.89,346.30,432.43,495.98,32
5,player,134,0,0,346.08,346.20,431.62,495.88,32
5,player,135,0,0,345.26,346.10,430.81,495.77,32
5,player,136,0,0,344.45,345.99,430.00,495.67,32
5,player,137,0,0,343.64,345.89,429.19,495.57,32
5,player,138,0,0,342.83,345.79,428.37,495.47,32
5,player,139,0,0,342.02,345.69,427.56,495.37,32
5,player,140,0,0,341.21,345.59,426.75,495.27,32
5,player,141,0,0,340.40,345.49,425.94,495.17,32
5,player,142,0,0,339.59,345.39,425.13,495.06,32
5,player,143,0,0,338.77,345.29,424.32,494.96,32
5,player,144,0,0,337.96,345.18,423.51,494.86,32
5,player,145,0,0,337.15,345.08,422.70,494.76,32
5,player,146,0,0,336.34,344.98,421.88,494.66,32
5,player,147,0,0,335.53,344.88,421.07,494.56,32
5,player,148,0,0,334.72,344.78,420.26,494.46,32
5,player,149,0,0,333.91,344.68,419.45,494.35,32
5,player,150,0,0,333.10,344.58,418.64,494.25,32
5,player,151,0,0,332.28,344.47,417.83,494.15,32
5,player,152,0,0,331.47,344.37,417.02,494.05,32
5,player,153,0,0,330.66,344.27,416.21,493.95,32
5,player,154,0,0,329.85,344.17,415.39,493.85,32
5,player,155,0,0,329.04,344.07,414.58,493.75,32
5,player,156,0,0,328.23,343.97,413.77,493.64,32
5,player,157,0,0,323.84,345.48,409.38,495.16,32
5,player,158,0,0,319.45,347.00,405.00,496.68,32
5,player,159,0,0,315.06,348.52,400.61,498.19,32
5,player,160,0,0,310.68,350.03,396.22,499.71,32
5,player,161,0,0,312.95,350.34,398.49,500.02,32
5,player,162,0,0,315.23,350.64,400.77,500.32,32
5,player,163,0,0,317.50,350.95,403.05,500.63,32
5,player,164,0,0,319.78,351.25,405.32,500.93,32
5,player,165,0,0,322.05,351.56,407.60,501.23,32
5,player,166,0,0,324.33,351.86,409.87,501.54,32
5,player,167,0,0,326.60,352.17,412.15,501.84,32
5,player,168,0,0,328.88,352.47,414.42,502.15,32
5,player,169,0,0,331.15,352.78,416.70,502.45,32
5,player,170,0,0,333.43,353.08,418.97,502.76,32
5,player,171,0,0,335.70,353.39,421.25,503.06,32
5,player,172,0,0,337.98,353.69,423.52,503.37,32
5,player,173,0,0,340.25,354.00,425.80,503.67,32
5,player,174,0,0,342.53,354.30,428.07,503.98,32
5,player,175,0,0,344.80,354.61,430.35,504.28,32
5,player,176,0,0,347.08,354.91,432.62,504.59,32
5,player,177,0,0,349.35,355.22,434.90,504.89,32
5,player,178,0,0,351.63,355.52,437.17,505.20,32
5,player,179,0,0,353.91,355.82,439.45,505.50,32
5,player,180,0,0,356.18,356.13,441.72,505.81,32
5,player,181,0,0,358.46,356.43,444.00,506.11,32
5,player,182,0,0,360.73,356.74,446.27,506.42,32
5,player,183,0,0,363.01,357.04,448.55,506.72,32
5,player,184,0,0,365.28,357.35,450.83,507.03,32
5,player,185,0,0,367.56,357.65,453.10,507.33,32
5,player,186,0,0,369.83,357.96,455.38,507.64,32
5,player,187,0,0,372.11,358.26,457.65,507.94,32
5,player,188,0,0,374.38,358.57,459.93,508.25,32
5,player,189,0,0,376.66,358.87,462.20,508.55,32
5,player,190,0,0,378.93,359.18,464.48,508.86,32
5,player,191,0,0,381.29,359.00,466.83,508.68,32
5,player,192,0,0,383.64,358.82,469.18,508.49,32
5,player,193,0,0,386.00,358.64,471.54,508.31,32
5,player,194,0,0,388.35,358.45,473.89,508.13,32
5,player,195,0,0,390.70,358.27,476.25,507.95,32
5,player,196,0,0,393.06,358.09,478.60,507.77,32
5,player,197,0,0,395.41,357.91,480.96,507.59,32
5,player,198,0,0,397.77,357.73,483.31,507.41,32
5,player,199,0,0,400.12,357.55,485.66,507.23,32
5,player,200,0,0,402.47,357.37,488.02,507.05,32
5,player,201,0,0,404.83,357.19,490.37,506.86,32
5,player,202,0,0,407.18,357.01,492.73,506.68,32
5,player,203,0,0,409.54,356.82,495.08,506.50,32
5,player,204,0,0,411.89,356.64,497.43,506.32,32
5,player,205,0,0,414.36,356.48,499.90,506.16,32
5,player,206,0,0,416.82,356.31,502.37,505.99,32
5,player,207,0,0,419.29,356.15,504.84,505.83,32
5,player,208,0,0,421.76,355.99,507.30,505.66,32
5,player,209,0,0,424.23,355.82,509.77,505.50,32
5,player,210,0,0,426.69,355.66,512.24,505.34,32
5,player,211,0,0,429.16,355.49,514.70,505.17,32
5,player,212,0,0,431.63,355.33,517.17,505.01,32
5,player,213,0,0,434.09,355.16,519.64,504.84,32
5,player,214,0,0,436.56,355.00,522.10,504.68,32
5,player,215,0,0,439.03,354.83,524.57,504.51,32
5,player,216,0,0,441.49,354.67,527.04,504.35,32
5,player,217,0,0,443.96,354.51,529.51,504.18,32
5,player,218,0,0,445.99,354.02,531.54,503.69,32
5,player,219,0,0,448.03,353.52,533.57,503.20,32
5,player,220,0,0,450.06,353.03,535.60,502.71,32
5,player,221,0,0,452.09,352.54,537.64,502.22,32
5,player,222,0,0,454.13,352.05,539.67,501.73,32
5,player,223,0,0,456.16,351.56,541.70,501.24,32
5,player,224,0,0,458.19,351.07,543.74,500.75,32
5,player,225,0,0,460.23,350.58,545.77,500.26,32
5,player,226,0,0,462.26,350.09,547.80,499.77,32
5,player,227,0,0,464.29,349.60,549.84,499.28,32
5,player,228,0,0,466.32,349.11,551.87,498.79,32
5,player,229,0,0,468.36,348.62,553.90,498.30,32
5,player,230,0,0,470.39,348.13,555.93,497.80,32
5,player,231,0,0,472.42,347.64,557.97,497.31,32
5,player,232,0,0,474.46,347.15,560.00,496.82,32
5,player,233,0,0,476.49,346.65,562.03,496.33,32
5,player,234,0,0,478.52,346.16,564.07,495.84,32
5,player,235,0,0,480.55,345.67,566.10,495.35,32
5,player,236,0,0,482.59,345.18,568.13,494.86,32
5,player,237,0,0,484.62,344.69,570.16,494.37,32
5,player,238,0,0,486.65,344.20,572.20,493.88,32
5,player,239,0,0,488.69,343.71,574.23,493.39,32
5,player,240,0,0,490.72,343.22,576.26,492.90,32
5,player,241,0,0,492.75,342.73,578.30,492.41,32
5,player,242,0,0,494.79,342.24,580.33,491.92,32
5,player,243,0,0,496.82,341.75,582.36,491.43,32
5,player,244,0,0,498.85,341.26,584.39,490.93,32
5,player,245,0,0,500.88,340.77,586.43,490.44,32
5,player,246,0,0,502.92,340.28,588.46,489.95,32
5,player,247,0,0,504.95,339.78,590.49,489.46,32
5,player,248,0,0,506.98,339.29,592.53,488.97,32
5,player,249,0,0,509.02,338.80,594.56,488.48,32
5,player,250,0,0,511.05,338.31,596.59,487.99,32
5,player,251,0,0,513.08,337.82,598.63,487.50,32
5,player,252,0,0,515.11,337.33,600.66,487.01,32
5,player,253,0,0,517.15,336.84,602.69,486.52,32
5,player,254,0,0,519.18,336.35,604.72,486.03,32
5,player,255,0,0,521.21,335.86,606.76,485.54,32
5,player,256,0,0,523.25,335.37,608.79,485.05,32
5,player,257,0,0,525.28,334.88,610.82,484.56,32
5,player,258,0,0,527.31,334.39,612.86,484.06,32
5,player,259,0,0,529.35,333.90,614.89,483.57,32
5,player,260,0,0,531.38,333.41,616.92,483.08,32
5,player,261,0,0,533.41,332.91,618.95,482.59,32
5,player,262,0,0,535.44,332.42,620.99,482.10,32
5,player,263,0,0,537.48,331.93,623.02,481.61,32
5,player,264,0,0,539.51,331.44,625.05,481.12,32
5,player,265,0,0,541.54,330.95,627.09,480.63,32
5,player,266,0,0,543.58,330.46,629.12,480.14,32
5,player,267,0,0,545.61,329.97,631.15,479.65,32
5,player,268,0,0,547.64,329.48,633.19,479.16,32
5,player,269,0,0,549.67,328.99,635.22,478.67,32
5,player,270,0,0,551.71,328.50,637.25,478.18,32
5,player,271,0,0,553.74,328.01,639.28,477.69,32
5,player,272,0,0,555.77,327.52,641.32,477.19,32
5,player,273,0,0,557.81,327.03,643.35,476.70,32
5,player,274,0,0,559.84,326.54,645.38,476.21,32
5,player,275,0,0,561.87,326.04,647.42,475.72,32
5,player,276,0,0,563.90,325.55,649.45,475.23,32
5,player,277,0,0,565.94,325.06,651.48,474.74,32
5,player,278,0,0,567.97,324.57,653.51,474.25,32
5,player,279,0,0,569.91,322.63,655.46,472.31,32
5,player,280,0,0,571.86,320.68,657.40,470.36,32
5,player,281,0,0,573.80,318.74,659.35,468.42,32
5,player,282,0,0,575.75,316.80,661.29,466.48,32
5,player,283,0,0,577.69,314.85,663.23,464.53,32
5,player,284,0,0,579.63,312.91,665.18,462.59,32
5,player,285,0,0,581.58,310.97,667.12,460.64,32
5,player,286,0,0,583.52,309.02,669.06,458.70,32
5,player,287,0,0,585.46,307.08,671.01,456.76,32
5,player,288,0,0,587.41,305.14,672.95,454.81,32
5,player,289,0,0,589.35,303.19,674.90,452.87,32
5,player,290,0,0,591.39,303.47,676.93,453.14,32
5,player,291,0,0,593.43,303.74,678.97,453.42,32
5,player,292,0,0,595.47,304.02,681.01,453.69,32
5,player,293,0,0,597.51,304.29,683.05,453.97,32
5,player,294,0,0,599.55,304.57,685.09,454.24,32
5,player,295,0,0,605.34,304.37,690.88,454.05,32
5,player,296,0,0,611.14,304.18,696.68,453.86,32
5,player,297,0,0,616.93,303.98,702.48,453.66,32
5,player,298,0,0,622.73,303.79,708.27,453.47,32
5,player,299,0,0,628.52,303.59,714.07,453.27,32
5,player,300,0,0,634.32,303.40,719.86,453.08,32
5,player,301,0,0,640.11,303.20,725.66,452.88,32
5,player,302,0,0,645.91,303.01,731.45,452.69,32
5,player,303,0,0,651.70,302.81,737.25,452.49,32
5,player,304,0,0,657.50,302.62,743.04,452.30,32
5,player,305,0,0,663.29,302.43,748.84,452.10,32
5,player,306,0,0,669.09,302.23,754.63,451.91,32
5,player,307,0,0,674.88,302.04,760.43,451.71,32
5,player,308,0,0,680.68,301.84,766.22,451.52,32
5,player,309,0,0,686.47,301.65,772.02,451.32,32
5,player,310,0,0,692.27,301.45,777.81,451.13,32
5,player,311,0,0,698.06,301.26,783.61,450.94,32
5,player,312,0,0,703.86,301.06,789.40,450.74,32
5,player,313,0,0,709.65,300.87,795.20,450.55,32
5,player,314,0,0,715.45,300.67,800.99,450.35,32
5,player,315,0,0,721.24,300.48,806.79,450.16,32
5,player,316,0,0,727.04,300.28,812.58,449.96,32
5,player,317,0,0,732.83,300.09,818.38,449.77,32
5,player,318,0,0,738.63,299.89,824.17,449.57,32
5,player,319,0,0,744.42,299.70,829.97,449.38,32
5,player,320,0,0,750.22,299.51,835.76,449.18,32
5,player,321,0,0,756.01,299.31,841.56,448.99,32
5,player,322,0,0,761.81,299.12,847.35,448.79,32
5,player,323,0,0,767.60,298.92,853.15,448.60,32
5,player,324,0,0,773.40,298.73,858.94,448.40,32
5,player,325,0,0,779.20,298.53,864.74,448.21,32
5,player,326,0,0,784.99,298.34,870.53,448.02,32
5,player,327,0,0,790.79,298.14,876.33,447.82,32
5,player,328,0,0,796.58,297.95,882.12,447.63,32
5,player,329,0,0,802.38,297.75,887.92,447.43,32
5,player,330,0,0,808.17,297.56,893.71,447.24,32
5,player,331,0,0,813.97,297.36,899.51,447.04,32
5,player,332,0,0,819.76,297.17,905.30,446.85,32
5,player,333,0,0,825.56,296.97,911.10,446.65,32
5,player,334,0,0,831.35,296.78,916.90,446.46,32
5,player,335,0,0,837.15,296.59,922.69,446.26,32
5,player,336,0,0,842.94,296.39,928.49,446.07,32
5,player,337,0,0,848.74,296.20,934.28,445.87,32
5,player,338,0,0,854.53,296.00,940.08,445.68,32
5,player,339,0,0,860.33,295.81,945.87,445.48,32
5,player,340,0,0,866.12,295.61,951.67,445.29,32
5,player,341,0,0,871.92,295.42,957.46,445.10,32
5,player,342,0,0,877.71,295.22,963.26,444.90,32
5,player,343,0,0,883.51,295.03,969.05,444.71,32
5,player,344,0,0,889.30,294.83,974.85,444.51,32
5,player,345,0,0,895.10,294.64,980.64,444.32,32
5,player,346,0,0,905.59,294.74,991.14,444.41,32
5,player,347,0,0,916.09,294.83,1001.63,444.51,32
5,player,348,0,0,926.59,294.93,1012.13,444.61,32
5,player,349,0,0,937.08,295.03,1022.63,444.71,32
5,player,350,0,0,947.58,295.12,1033.12,444.80,32
5,player,351,0,0,958.07,295.22,1043.62,444.90,32
5,player,352,0,0,968.57,295.32,1054.11,445.00,32
5,player,353,0,0,979.07,295.42,1064.61,445.09,32
5,player,354,0,0,989.56,295.51,1075.11,445.19,32
5,player,355,0,0,1000.06,295.61,1085.60,445.29,32
5,player,356,0,0,1010.55,295.71,1096.10,445.39,32
5,player,357,0,0,1021.05,295.80,1106.59,445.48,32
5,player,358,0,0,1031.55,295.90,1117.09,445.58,32
5,player,359,0,0,1042.04,296.00,1127.59,445.68,32
5,player,360,0,0,1052.54,296.10,1138.08,445.77,32
5,player,361,0,0,1063.04,296.19,1148.58,445.87,32
5,player,362,0,0,1073.53,296.29,1159.08,445.97,32
5,player,363,0,0,1084.03,296.39,1169.57,446.07,32
5,player,364,0,0,1094.52,296.48,1180.07,446.16,32
5,player,365,0,0,1105.02,296.58,1190.56,446.26,32
5,player,366,0,0,1115.52,296.68,1201.06,446.36,32
5,player,367,0,0,1126.01,296.78,1211.56,446.45,32
5,player,368,0,0,1130.29,295.86,1215.83,445.54,32
5,player,369,0,0,1134.56,294.94,1220.11,444.62,32
5,player,370,0,0,1138.84,294.03,1224.38,443.71,32
5,player,371,0,0,1143.12,293.11,1228.66,442.79,32
5,player,372,0,0,1147.39,292.19,1232.94,441.87,32
5,player,373,0,0,1151.67,291.28,1237.21,440.96,32
5,player,374,0,0,1155.95,290.36,1241.49,440.04,32
5,player,375,0,0,1157.85,289.89,1243.39,439.56,32
5,player,376,0,0,1159.75,289.41,1245.29,439.09,32
5,player,377,0,0,1161.65,288.94,1247.19,438.61,32
5,player,378,0,0,1163.55,288.46,1249.09,438.14,32
5,player,379,0,0,1165.45,287.99,1250.99,437.66,32
5,player,380,0,0,1167.35,287.51,1252.89,437.19,32
5,player,381,0,0,1169.25,287.04,1254.79,436.71,32
5,player,382,0,0,1171.15,286.56,1256.69,436.24,32
5,player,383,0,0,1173.05,286.08,1258.59,435.76,32
5,player,384,0,0,1172.41,286.08,1257.95,435.76,32
5,player,385,0,0,1171.77,286.08,1257.31,435.76,32
5,player,386,0,0,1171.13,286.08,1256.67,435.76,32
5,player,387,0,0,1170.48,286.08,1256.03,435.76,32
5,player,388,0,0,1169.84,286.08,1255.39,435.76,32
5,player,389,0,0,1169.20,286.08,1254.75,435.76,32
5,player,390,0,0,1168.56,286.08,1254.10,435.76,32
5,player,391,0,0,1167.92,286.08,1253.46,435.76,32
5,player,392,0,0,1167.28,286.08,1252.82,435.76,32
5,player,393,0,0,1166.64,286.08,1252.18,435.76,32
5,player,394,0,0,1162.36,286.55,1247.90,436.23,32
5,player,395,0,0,1158.08,287.01,1243.63,436.69,32
5,player,396,0,0,1153.81,287.47,1239.35,437.15,32
5,player,397,0,0,1149.53,287.94,1235.08,437.62,32
5,player,398,0,0,1145.25,288.40,1230.80,438.08,32
5,player,399,0,0,1140.98,288.86,1226.52,438.54,32
5,player,400,0,0,1136.70,289.33,1222.25,439.01,32
5,player,401,0,0,1132.43,289.79,1217.97,439.47,32
5,player,402,0,0,1128.15,290.25,1213.69,439.93,32
5,player,403,0,0,1123.87,290.72,1209.42,440.40,32
5,player,404,0,0,1119.60,291.18,1205.14,440.86,32
5,player,405,0,0,1115.32,291.64,1200.87,441.32,32
5,player,406,0,0,1111.05,292.11,1196.59,441.79,32
5,player,407,0,0,1106.77,292.57,1192.31,442.25,32
5,player,408,0,0,1102.49,293.03,1188.04,442.71,32
5,player,409,0,0,1098.22,293.50,1183.76,443.18,32
5,player,410,0,0,1093.94,293.96,1179.48,443.64,32
5,player,411,0,0,1089.66,294.42,1175.21,444.10,32
5,player,412,0,0,1085.39,294.89,1170.93,444.57,32
5,player,413,0,0,1081.11,295.35,1166.66,445.03,32
5,player,414,0,0,1076.84,295.81,1162.38,445.49,32
5,player,415,0,0,1072.56,296.28,1158.10,445.95,32
5,player,416,0,0,1068.28,296.74,1153.83,446.42,32
5,player,417,0,0,1064.01,297.20,1149.55,446.88,32
5,player,418,0,0,1059.73,297.67,1145.28,447.34,32
5,player,419,0,0,1055.46,298.13,1141.00,447.81,32
5,player,420,0,0,1051.18,298.59,1136.72,448.27,32
5,player,421,0,0,1046.90,299.06,1132.45,448.73,32
5,player,422,0,0,1042.63,299.52,1128.17,449.20,32
5,player,423,0,0,1038.35,299.98,1123.89,449.66,32
5,player,424,0,0,1034.07,300.45,1119.62,450.12,32
5,player,425,0,0,1029.80,300.91,1115.34,450.59,32
5,player,426,0,0,1025.52,301.37,1111.07,451.05,32
5,player,427,0,0,1021.25,301.84,1106.79,451.51,32
5,player,428,0,0,1016.97,302.30,1102.51,451.98,32
5,player,429,0,0,1012.69,302.76,1098.24,452.44,32
5,player,430,0,0,1008.42,303.23,1093.96,452.90,32
5,player,431,0,0,1004.14,303.69,1089.69,453.37,32
5,player,432,0,0,999.87,304.15,1085.41,453.83,32
5,player,433,0,0,995.59,304.62,1081.13,454.29,32
5,player,434,0,0,991.31,305.08,1076.86,454.76,32
5,player,435,0,0,987.04,305.54,1072.58,455.22,32
5,player,436,0,0,982.76,306.01,1068.30,455.68,32
5,player,437,0,0,978.48,306.47,1064.03,456.15,32
5,player,438,0,0,974.21,306.93,1059.75,456.61,32
5,player,439,0,0,969.93,307.40,1055.48,457.07,32
5,player,440,0,0,965.66,307.86,1051.20,457.54,32
5,player,441,0,0,961.38,308.32,1046.92,458.00,32
5,player,442,0,0,957.10,308.78,1042.65,458.46,32
5,player,443,0,0,952.83,309.25,1038.37,458.93,32
5,player,444,0,0,948.55,309.71,1034.09,459.39,32
5,player,445,0,0,944.27,310.17,1029.82,459.85,32
5,player,446,0,0,940.00,310.64,1025.54,460.32,32
5,player,447,0,0,935.72,311.10,1021.27,460.78,32
5,player,448,0,0,931.45,311.56,1016.99,461.24,32
5,player,449,0,0,927.17,312.03,1012.71,461.71,32
5,player,450,0,0,922.89,312.49,1008.44,462.17,32
5,player,451,0,0,918.62,312.95,1004.16,462.63,32
5,player,452,0,0,914.34,313.42,999.89,463.10,32
5,player,453,0,0,910.07,313.88,995.61,463.56,32
5,player,454,0,0,904.39,313.88,989.94,463.56,32
5,player,455,0,0,898.72,313.88,984.26,463.56,32
5,player,456,0,0,893.04,313.88,978.59,463.56,32
5,player,457,0,0,887.37,313.88,972.91,463.56,32
5,player,458,0,0,881.70,313.88,967.24,463.56,32
5,player,459,0,0,876.02,313.88,961.57,463.56,32
5,player,460,0,0,870.35,313.88,955.89,463.56,32
5,player,461,0,0,864.67,313.88,950.22,463.56,32
5,player,462,0,0,859.00,313.88,944.54,463.56,32
5,player,463,0,0,853.32,313.88,938.87,463.56,32
5,player,464,0,0,847.65,313.88,933.19,463.56,32
5,player,465,0,0,841.98,313.88,927.52,463.56,32
5,player,466,0,0,836.30,313.88,921.85,463.56,32
5,player,467,0,0,830.63,313.88,916.17,463.56,32
5,player,468,0,0,824.95,313.88,910.50,463.56,32
5,player,469,0,0,819.28,313.88,904.82,463.56,32
5,player,470,0,0,813.61,313.88,899.15,463.56,32
5,player,471,0,0,807.93,313.88,893.48,463.56,32
5,player,472,0,0,802.26,313.88,887.80,463.56,32
5,player,473,0,0,796.58,313.88,882.13,463.56,32
5,player,474,0,0,790.91,313.88,876.45,463.56,32
5,player,475,0,0,782.04,313.88,867.58,463.56,32
5,player,476,0,0,773.16,313.88,858.71,463.56,32
5,player,477,0,0,764.29,313.88,849.83,463.56,32
5,player,478,0,0,755.42,313.88,840.96,463.56,32
5,player,479,0,0,749.00,313.88,834.55,463.56,32
5,player,480,0,0,742.59,313.88,828.13,463.56,32
5,player,481,0,0,731.90,313.88,817.44,463.56,32
5,player,482,0,0,721.21,313.88,806.75,463.56,32
5,player,483,0,0,710.52,313.88,796.06,463.56,32
5,player,484,0,0,699.83,313.88,785.37,463.56,32
5,player,485,0,0,689.14,313.88,774.68,463.56,32
5,player,486,0,0,678.45,313.88,763.99,463.56,32
5,player,487,0,0,667.76,313.88,753.30,463.56,32
5,player,488,0,0,657.07,313.88,742.61,463.56,32
5,player,489,0,0,646.38,313.88,731.92,463.56,32
5,player,490,0,0,635.68,313.88,721.23,463.56,32
5,player,491,0,0,624.99,313.88,710.54,463.56,32
5,player,492,0,0,614.30,313.88,699.85,463.56,32
5,player,493,0,0,610.03,313.88,695.57,463.56,32
5,player,494,0,0,605.75,313.88,691.30,463.56,32
5,player,495,0,0,601.48,313.88,687.02,463.56,32
5,player,496,0,0,592.01,313.58,677.55,463.25,32
5,player,497,0,0,582.54,313.27,668.08,462.95,32
5,player,498,0,0,573.07,312.96,658.61,462.64,32
5,player,499,0,0,563.60,312.66,649.15,462.34,32
5,player,500,0,0,554.13,312.35,639.68,462.03,32
5,player,501,0,0,544.66,312.05,630.21,461.73,32
5,player,502,0,0,535.20,311.74,620.74,461.42,32
5,player,503,0,0,530.01,311.81,615.56,461.49,32
5,player,504,0,0,524.83,311.87,610.37,461.55,32
5,player,505,0,0,519.65,311.94,605.19,461.61,32
5,player,506,0,0,514.46,312.00,600.01,461.68,32
5,player,507,0,0,509.28,312.07,594.82,461.74,32
5,player,508,0,0,504.10,312.13,589.64,461.81,32
5,player,509,0,0,498.91,312.20,584.46,461.87,32
5,player,510,0,0,493.73,312.26,579.27,461.94,32
5,player,511,0,0,488.55,312.33,574.09,462.00,32
5,player,512,0,0,483.36,312.39,568.91,462.07,32
5,player,513,0,0,478.18,312.45,563.72,462.13,32
5,player,514,0,0,473.00,312.52,558.54,462.20,32
5,player,515,0,0,467.81,312.58,553.36,462.26,32
5,player,516,0,0,462.63,312.65,548.17,462.33,32
5,player,517,0,0,457.45,312.71,542.99,462.39,32
5,player,518,0,0,452.26,312.78,537.81,462.46,32
5,player,519,0,0,447.08,312.84,532.62,462.52,32
5,player,520,0,0,441.90,312.91,527.44,462.59,32
5,player,521,0,0,436.71,312.97,522.26,462.65,32
5,player,522,0,0,431.53,313.04,517.07,462.72,32
5,player,523,0,0,426.35,313.10,511.89,462.78,32
5,player,524,0,0,421.16,313.17,506.71,462.85,32
5,player,525,0,0,415.98,313.23,501.52,462.91,32
5,player,526,0,0,410.80,313.30,496.34,462.98,32
5,player,527,0,0,405.61,313.36,491.16,463.04,32
5,player,528,0,0,400.43,313.43,485.98,463.10,32
5,player,529,0,0,395.25,313.49,480.79,463.17,32
5,player,530,0,0,390.06,313.56,475.61,463.23,32
5,player,531,0,0,384.88,313.62,470.43,463.30,32
5,player,532,0,0,379.70,313.69,465.24,463.36,32
5,player,533,0,0,374.51,313.75,460.06,463.43,32
5,player,534,0,0,369.33,313.82,454.88,463.49,32
5,player,535,0,0,364.15,313.88,449.69,463.56,32
5,player,536,0,0,359.26,313.27,444.81,462.95,32
5,player,537,0,0,354.37,312.66,439.92,462.34,32
5,player,538,0,0,349.49,312.05,435.03,461.73,32
5,player,539,0,0,344.60,311.44,430.14,461.11,32
5,player,540,0,0,339.71,310.83,425.26,460.50,32
5,player,541,0,0,334.83,310.21,420.37,459.89,32
5,player,542,0,0,329.94,309.60,415.48,459.28,32
5,player,543,0,0,328.41,310.83,413.96,460.50,32
5,player,544,0,0,326.89,312.05,412.43,461.73,32
5,player,545,0,0,325.36,313.27,410.90,462.95,32
5,player,546,0,0,323.83,314.49,409.37,464.17,32
5,player,547,0,0,322.30,315.71,407.85,465.39,32
5,player,548,0,0,320.78,316.93,406.32,466.61,32
5,player,549,0,0,319.25,318.16,404.79,467.83,32
5,player,550,0,0,316.84,318.16,401.99,467.43,32
5,player,551,0,0,314.44,318.16,399.18,467.03,32
5,player,552,0,0,312.03,318.16,396.38,466.63,32
5,player,553,0,0,309.63,318.16,393.57,466.23,32
5,player,554,0,0,307.22,318.16,390.76,465.82,32
5,player,555,0,0,304.82,318.16,387.96,465.42,32
5,player,556,0,0,302.41,318.16,385.15,465.02,32
5,player,557,0,0,300.01,318.16,382.35,464.62,32
5,player,558,0,0,297.60,318.16,379.54,464.21,32
5,player,559,0,0,295.20,318.16,376.73,463.81,32
5,player,560,0,0,292.79,318.16,373.93,463.41,32
5,player,561,0,0,290.39,318.16,371.12,463.01,32
5,player,562,0,0,287.98,318.16,368.32,462.61,32
5,player,563,0,0,285.57,318.16,365.51,462.20,32
5,player,564,0,0,283.17,318.16,362.71,461.80,32
5,player,565,0,0,280.76,318.16,359.90,461.40,32
5,player,566,0,0,283.42,318.31,362.55,461.56,32
5,player,567,0,0,286.07,318.47,365.21,461.72,32
5,player,568,0,0,288.72,318.63,367.86,461.88,32
5,player,569,0,0,291.37,318.79,370.51,462.03,32
5,player,570,0,0,294.03,318.95,373.16,462.19,32
5,player,571,0,0,296.68,319.11,375.82,462.35,32
5,player,572,0,0,299.33,319.26,378.47,462.51,32
5,player,573,0,0,301.99,319.42,381.12,462.67,32
5,player,574,0,0,304.64,319.58,383.78,462.83,32
5,player,575,0,0,307.29,319.74,386.43,462.98,32
5,player,576,0,0,309.94,319.90,389.08,463.14,32
5,player,577,0,0,312.60,320.06,391.73,463.30,32
5,player,578,0,0,315.25,320.21,394.39,463.46,32
5,player,579,0,0,317.90,320.37,397.04,463.62,32
5,player,580,0,0,320.56,320.53,399.69,463.78,32
5,player,581,0,0,323.21,320.69,402.34,463.93,32
5,player,582,0,0,325.86,320.85,405.00,464.09,32
5,player,583,0,0,328.51,321.01,407.65,464.25,32
5,player,584,0,0,331.17,321.16,410.30,464.41,32
5,player,585,0,0,333.82,321.32,412.96,464.57,32
5,player,586,0,0,336.47,321.48,415.61,464.73,32
5,player,587,0,0,339.13,321.64,418.26,464.88,32
5,player,588,0,0,341.78,321.80,420.91,465.04,32
5,player,589,0,0,344.43,321.96,423.57,465.20,32
5,player,590,0,0,347.08,322.11,426.22,465.36,32
5,player,591,0,0,349.74,322.27,428.87,465.52,32
5,player,592,0,0,352.39,322.43,431.53,465.68,32
5,player,593,0,0,355.04,322.59,434.18,465.83,32
5,player,594,0,0,357.69,322.75,436.83,465.99,32
5,player,595,0,0,360.35,322.91,439.48,466.15,32
5,player,596,0,0,363.00,323.07,442.14,466.31,32
5,player,597,0,0,365.65,323.22,444.79,466.47,32
5,player,598,0,0,368.31,323.38,447.44,466.63,32
5,player,599,0,0,370.96,323.54,450.10,466.79,32
5,player,600,0,0,373.61,323.70,452.75,466.94,32
5,player,601,0,0,376.26,323.86,455.40,467.10,32
5,player,602,0,0,378.92,324.02,458.05,467.26,32
5,player,603,0,0,381.57,324.17,460.71,467.42,32
5,player,604,0,0,384.22,324.33,463.36,467.58,32
5,player,605,0,0,386.88,324.49,466.01,467.74,32
5,player,606,0,0,389.53,324.65,468.66,467.89,32
5,player,607,0,0,392.18,324.81,471.32,468.05,32
5,player,608,0,0,394.83,324.97,473.97,468.21,32
5,player,609,0,0,397.49,325.12,476.62,468.37,32
5,player,610,0,0,400.14,325.28,479.28,468.53,32
5,player,611,0,0,402.79,325.44,481.93,468.69,32
5,player,612,0,0,405.45,325.60,484.58,468.84,32
5,player,613,0,0,408.10,325.76,487.23,469.00,32
5,player,614,0,0,410.75,325.92,489.89,469.16,32
5,player,615,0,0,413.40,326.07,492.54,469.32,32
5,player,616,0,0,416.06,326.23,495.19,469.48,32
5,player,617,0,0,418.71,326.39,497.85,469.64,32
5,player,618,0,0,421.36,326.55,500.50,469.79,32
5,player,619,0,0,424.01,326.71,503.15,469.95,32
5,player,620,0,0,429.49,326.67,508.62,469.92,32
5,player,621,0,0,434.96,326.64,514.10,469.88,32
5,player,622,0,0,440.43,326.60,519.57,469.84,32
5,player,623,0,0,445.90,326.56,525.04,469.81,32
5,player,624,0,0,451.37,326.53,530.51,469.77,32
5,player,625,0,0,456.85,326.49,535.98,469.74,32
5,player,626,0,0,462.32,326.45,541.46,469.70,32
5,player,627,0,0,467.79,326.42,546.93,469.66,32
5,player,628,0,0,473.26,326.38,552.40,469.63,32
5,player,629,0,0,478.74,326.35,557.87,469.59,32
5,player,630,0,0,484.21,326.31,563.34,469.55,32
5,player,631,0,0,489.68,326.27,568.82,469.52,32
5,player,632,0,0,495.15,326.24,574.29,469.48,32
5,player,633,0,0,500.62,326.20,579.76,469.45,32
5,player,634,0,0,506.10,326.16,585.23,469.41,32
5,player,635,0,0,511.57,326.13,590.70,469.37,32
5,player,636,0,0,517.04,326.09,596.18,469.34,32
5,player,637,0,0,522.51,326.06,601.65,469.30,32
5,player,638,0,0,527.98,326.02,607.12,469.26,32
5,player,639,0,0,533.46,325.98,612.59,469.23,32
5,player,640,0,0,538.93,325.95,618.06,469.19,32
5,player,641,0,0,544.40,325.91,623.54,469.16,32
5,player,642,0,0,549.87,325.87,629.01,469.12,32
5,player,643,0,0,555.34,325.84,634.48,469.08,32
5,player,644,0,0,560.82,325.80,639.95,469.05,32
5,player,645,0,0,566.29,325.77,645.42,469.01,32
5,player,646,0,0,571.76,325.73,650.90,468.97,32
5,player,647,0,0,577.23,325.69,656.37,468.94,32
5,player,648,0,0,582.70,325.66,661.84,468.90,32
5,player,649,0,0,588.18,325.62,667.31,468.87,32
5,player,650,0,0,593.65,325.58,672.78,468.83,32
5,player,651,0,0,599.12,325.55,678.26,468.79,32
5,player,652,0,0,604.59,325.51,683.73,468.76,32
5,player,653,0,0,610.06,325.48,689.20,468.72,32
5,player,654,0,0,615.54,325.44,694.67,468.68,32
5,player,655,0,0,621.01,325.40,700.14,468.65,32
5,player,656,0,0,626.48,325.37,705.62,468.61,32
5,player,657,0,0,631.95,325.33,711.09,468.58,32
5,player,658,0,0,637.42,325.29,716.56,468.54,32
5,player,659,0,0,642.90,325.26,722.03,468.50,32
5,player,660,0,0,648.37,325.22,727.50,468.47,32
5,player,661,0,0,653.84,325.19,732.98,468.43,32
5,player,662,0,0,659.31,325.15,738.45,468.39,32
5,player,663,0,0,664.78,325.11,743.92,468.36,32
5,player,664,0,0,670.26,325.08,749.39,468.32,32
5,player,665,0,0,675.73,325.04,754.86,468.29,32
5,player,666,0,0,681.20,325.01,760.34,468.25,32
5,player,667,0,0,686.67,324.97,765.81,468.21,32
5,player,668,0,0,692.14,324.93,771.28,468.18,32
5,player,669,0,0,697.62,324.90,776.75,468.14,32
5,player,670,0,0,703.09,324.86,782.23,468.10,32
5,player,671,0,0,708.56,324.82,787.70,468.07,32
5,player,672,0,0,714.03,324.79,793.17,468.03,32
5,player,673,0,0,719.51,324.75,798.64,468.00,32
5,player,674,0,0,724.98,324.72,804.11,467.96,32
5,player,675,0,0,730.45,324.68,809.59,467.92,32
5,player,676,0,0,735.92,324.64,815.06,467.89,32
5,player,677,0,0,741.39,324.61,820.53,467.85,32
5,player,678,0,0,746.87,324.57,826.00,467.82,32
5,player,679,0,0,756.00,324.96,835.14,468.20,32
5,player,680,0,0,765.14,325.35,844.27,468.59,32
5,player,681,0,0,774.27,325.74,853.41,468.98,32
5,player,682,0,0,783.41,326.13,862.54,469.37,32
5,player,683,0,0,792.54,326.51,871.68,469.76,32
5,player,684,0,0,801.68,326.90,880.81,470.15,32
5,player,685,0,0,810.81,327.29,889.95,470.54,32
5,player,686,0,0,819.95,327.68,899.09,470.92,32
5,player,687,0,0,829.08,328.07,908.22,471.31,32
5,player,688,0,0,838.22,328.46,917.36,471.70,32
5,player,689,0,0,847.36,328.85,926.49,472.09,32
5,player,690,0,0,856.49,329.24,935.63,472.48,32
5,player,691,0,0,865.63,329.62,944.76,472.87,32
5,player,692,0,0,874.76,330.01,953.90,473.26,32
5,player,693,0,0,883.90,330.40,963.03,473.65,32
5,player,694,0,0,893.03,330.79,972.17,474.03,32
5,player,695,0,0,902.17,331.18,981.30,474.42,32
5,player,696,0,0,911.30,331.57,990.44,474.81,32
5,player,697,0,0,920.44,331.96,999.58,475.20,32
5,player,698,0,0,929.57,332.35,1008.71,475.59,32
5,player,699,0,0,938.71,332.73,1017.85,475.98,32
5,player,700,0,0,947.85,333.12,1026.98,476.37,32
5,player,701,0,0,956.98,333.51,1036.12,476.76,32
5,player,702,0,0,966.12,333.90,1045.25,477.14,32
5,player,703,0,0,975.25,334.29,1054.39,477.53,32
5,player,704,0,0,984.39,334.68,1063.52,477.92,32
5,player,705,0,0,993.52,335.07,1072.66,478.31,32
5,player,706,0,0,1002.66,335.45,1081.79,478.70,32
5,player,707,0,0,1011.79,335.84,1090.93,479.09,32
5,player,708,0,0,1020.93,336.23,1100.07,479.48,32
5,player,709,0,0,1030.06,336.62,1109.20,479.87,32
5,player,710,0,0,1039.20,337.01,1118.34,480.25,32
5,player,711,0,0,1048.34,337.40,1127.47,480.64,32
5,player,712,0,0,1057.47,337.79,1136.61,481.03,32
5,player,713,0,0,1066.61,338.18,1145.74,481.42,32
5,player,714,0,0,1075.74,338.56,1154.88,481.81,32
5,player,715,0,0,1084.88,338.95,1164.01,482.20,32
5,player,716,0,0,1094.01,339.34,1173.15,482.59,32
5,player,717,0,0,1103.15,339.73,1182.28,482.98,32
5,player,718,0,0,1112.28,340.12,1191.42,483.36,32
5,player,719,0,0,1121.42,340.51,1200.56,483.75,32
5,player,720,0,0,1130.55,340.90,1209.69,484.14,32
5,player,721,0,0,1139.69,341.29,1218.83,484.53,32
5,player,722,0,0,1148.83,341.67,1227.96,484.92,32
5,player,723,0,0,1162.08,343.81,1241.22,487.06,32
5,player,724,0,0,1175.34,345.95,1254.47,489.20,32
5,player,725,0,0,1188.59,348.09,1267.73,491.33,32
5,player,726,0,0,1201.85,350.23,1280.99,493.47,32
5,player,727,0,0,1215.11,352.37,1294.24,495.61,32
5,player,728,0,0,1224.19,352.37,1303.33,495.61,32
5,player,729,0,0,1233.28,352.37,1312.42,495.61,32
5,player,730,0,0,1242.37,352.37,1321.50,495.61,32
5,player,731,0,0,1251.45,352.37,1330.59,495.61,32
5,player,732,0,0,1261.15,352.37,1340.28,495.61,32
5,player,733,0,0,1270.84,352.37,1349.98,495.61,32
5,player,734,0,0,1280.53,352.37,1359.67,495.61,32
5,player,735,0,0,1290.22,352.37,1369.36,495.61,32
5,player,736,0,0,1299.92,352.37,1379.05,495.61,32
5,player,737,0,0,1309.61,352.37,1388.75,495.61,32
5,player,738,0,0,1319.30,352.37,1398.44,495.61,32
5,player,739,0,0,1329.00,352.37,1408.13,495.61,32
5,player,740,0,0,1338.69,352.37,1417.82,495.61,32
5,player,741,0,0,1348.38,352.37,1427.52,495.61,32
5,player,742,0,0,1358.07,352.37,1437.21,495.61,32
5,player,743,0,0,1367.77,352.37,1446.90,495.61,32
5,player,744,0,0,1377.46,352.37,1456.59,495.61,32
5,player,745,0,0,1387.15,352.37,1466.29,495.61,32
5,player,746,0,0,1396.84,352.37,1475.98,495.61,32
5,player,747,0,0,1394.87,352.45,1474.01,495.69,32
5,player,748,0,0,1392.90,352.53,1472.03,495.78,32
5,player,749,0,0,1390.92,352.61,1470.06,495.86,32
5,player,750,0,0,1388.95,352.70,1468.09,495.94,32
5,player,751,0,0,1386.98,352.78,1466.11,496.02,32
5,player,752,0,0,1385.00,352.86,1464.14,496.10,32
5,player,753,0,0,1383.03,352.94,1462.16,496.19,32
5,player,754,0,0,1381.05,353.02,1460.19,496.27,32
5,player,755,0,0,1379.08,353.11,1458.22,496.35,32
5,player,756,0,0,1377.11,353.19,1456.24,496.43,32
5,player,757,0,0,1375.13,353.27,1454.27,496.52,32
5,player,758,0,0,1373.16,353.35,1452.30,496.60,32
5,player,759,0,0,1371.19,353.44,1450.32,496.68,32
5,player,760,0,0,1369.21,353.52,1448.35,496.76,32
5,player,761,0,0,1367.24,353.60,1446.38,496.84,32
5,player,762,0,0,1365.27,353.68,1444.40,496.93,32
5,player,763,0,0,1363.29,353.76,1442.43,497.01,32
5,player,764,0,0,1361.32,353.85,1440.45,497.09,32
5,player,765,0,0,1359.34,353.93,1438.48,497.17,32
5,player,766,0,0,1357.37,354.01,1436.51,497.26,32
5,player,767,0,0,1355.40,354.09,1434.53,497.34,32
5,player,768,0,0,1353.42,354.18,1432.56,497.42,32
5,player,769,0,0,1351.45,354.26,1430.59,497.50,32
5,player,770,0,0,1349.48,354.34,1428.61,497.58,32
5,player,771,0,0,1347.50,354.42,1426.64,497.67,32
5,player,772,0,0,1345.53,354.50,1424.67,497.75,32
5,player,773,0,0,1342.93,354.32,1422.06,497.56,32
5,player,774,0,0,1340.32,354.13,1419.46,497.38,32
5,player,775,0,0,1337.72,353.95,1416.86,497.19,32
5,player,776,0,0,1335.12,353.76,1414.25,497.01,32
5,player,777,0,0,1332.51,353.57,1411.65,496.82,32
5,player,778,0,0,1329.91,353.39,1409.05,496.63,32
5,player,779,0,0,1327.31,353.20,1406.45,496.45,32
5,player,780,0,0,1324.71,353.02,1403.84,496.26,32
5,player,781,0,0,1322.10,352.83,1401.24,496.08,32
5,player,782,0,0,1319.50,352.64,1398.64,495.89,32
5,player,783,0,0,1316.90,352.46,1396.03,495.70,32
5,player,784,0,0,1314.29,352.27,1393.43,495.52,32
5,player,785,0,0,1311.69,352.09,1390.83,495.33,32
5,player,786,0,0,1309.09,351.90,1388.23,495.15,32
5,player,787,0,0,1306.49,351.72,1385.62,494.96,32
5,player,788,0,0,1303.88,351.53,1383.02,494.77,32
5,player,789,0,0,1301.28,351.34,1380.42,494.59,32
5,player,790,0,0,1298.68,351.16,1377.81,494.40,32
5,player,791,0,0,1296.07,350.97,1375.21,494.22,32
5,player,792,0,0,1293.47,350.79,1372.61,494.03,32
5,player,793,0,0,1290.87,350.60,1370.00,493.84,32
5,player,794,0,0,1288.27,350.41,1367.40,493.66,32
5,player,795,0,0,1285.66,350.23,1364.80,493.47,32
5,player,796,0,0,1283.06,350.04,1362.20,493.29,32
5,player,797,0,0,1280.46,349.86,1359.59,493.10,32
5,player,798,0,0,1277.85,349.67,1356.99,492.92,32
5,player,799,0,0,1275.25,349.48,1354.39,492.73,32
5,player,800,0,0,1272.65,349.30,1351.78,492.54,32
5,player,801,0,0,1270.05,349.11,1349.18,492.36,32
5,player,802,0,0,1267.44,348.93,1346.58,492.17,32
5,player,803,0,0,1264.84,348.74,1343.98,491.99,32
5,player,804,0,0,1262.24,348.55,1341.37,491.80,32
5,player,805,0,0,1259.63,348.37,1338.77,491.61,32
5,player,806,0,0,1257.03,348.18,1336.17,491.43,32
5,player,807,0,0,1254.43,348.00,1333.56,491.24,32
5,player,808,0,0,1251.82,347.81,1330.96,491.06,32
5,player,809,0,0,1249.22,347.63,1328.36,490.87,32
5,player,810,0,0,1246.62,347.44,1325.76,490.68,32
5,player,811,0,0,1244.02,347.25,1323.15,490.50,32
5,player,812,0,0,1241.41,347.07,1320.55,490.31,32
5,player,813,0,0,1238.81,346.88,1317.95,490.13,32
5,player,814,0,0,1236.21,346.70,1315.34,489.94,32
5,player,815,0,0,1233.60,346.51,1312.74,489.75,32
5,player,816,0,0,1231.00,346.32,1310.14,489.57,32
5,player,817,0,0,1228.40,346.14,1307.54,489.38,32
5,player,818,0,0,1225.80,345.95,1304.93,489.20,32
5,player,819,0,0,1222.89,346.56,1302.03,489.81,32
5,player,820,0,0,1219.99,347.17,1299.13,490.42,32
5,player,821,0,0,1217.09,347.78,1296.23,491.03,32
5,player,822,0,0,1214.19,348.40,1293.33,491.64,32
5,player,823,0,0,1211.29,349.01,1290.42,492.25,32
5,player,824,0,0,1208.39,349.62,1287.52,492.86,32
5,player,825,0,0,1205.48,350.23,1284.62,493.47,32
5,player,826,0,0,1202.58,350.84,1281.72,494.08,32
5,player,827,0,0,1199.68,351.45,1278.82,494.70,32
5,player,828,0,0,1196.78,352.06,1275.92,495.31,32
5,player,829,0,0,1193.88,352.67,1273.01,495.92,32
5,player,830,0,0,1190.98,353.28,1270.11,496.53,32
5,player,831,0,0,1188.07,353.89,1267.21,497.14,32
5,player,832,0,0,1185.17,354.50,1264.31,497.75,32
5,player,833,0,0,1182.27,355.12,1261.41,498.36,32
5,player,834,0,0,1179.37,355.73,1258.51,498.97,32
5,player,835,0,0,1176.47,356.34,1255.60,499.58,32
5,player,836,0,0,1173.57,356.95,1252.70,500.19,32
5,player,837,0,0,1170.66,357.56,1249.80,500.80,32
5,player,838,0,0,1167.76,358.17,1246.90,501.42,32
5,player,839,0,0,1164.86,358.78,1244.00,502.03,32
5,player,840,0,0,1161.96,359.39,1241.10,502.64,32
5,player,841,0,0,1159.06,360.00,1238.19,503.25,32
5,player,842,0,0,1156.16,360.61,1235.29,503.86,32
5,player,843,0,0,1153.25,361.22,1232.39,504.47,32
5,player,844,0,0,1150.35,361.84,1229.49,505.08,32
5,player,845,0,0,1147.45,362.45,1226.59,505.69,32
5,player,846,0,0,1144.55,363.06,1223.69,506.30,32
5,player,847,0,0,1141.34,363.06,1220.48,506.30,32
5,player,848,0,0,1138.13,363.06,1217.27,506.30,32
5,player,849,0,0,1134.93,363.06,1214.06,506.30,32
5,player,850,0,0,1131.72,363.06,1210.86,506.30,32
5,player,851,0,0,1128.51,363.06,1207.65,506.30,32
5,player,852,0,0,1125.31,363.06,1204.44,506.30,32
5,player,853,0,0,1122.10,363.06,1201.24,506.30,32
5,player,854,0,0,1118.89,363.06,1198.03,506.30,32
5,player,855,0,0,1115.68,363.06,1194.82,506.30,32
5,player,856,0,0,1112.48,363.06,1191.61,506.30,32
5,player,857,0,0,1112.48,363.06,1191.61,506.30,32
5,player,858,0,0,1112.48,363.06,1191.61,506.30,32
5,player,859,0,0,1112.48,363.06,1191.61,506.30,32
5,player,860,0,0,1112.48,363.06,1191.61,506.30,32
5,player,861,0,0,1112.48,363.06,1191.61,506.30,32
5,player,862,0,0,1112.48,363.06,1191.61,506.30,32
5,player,863,0,0,1112.48,363.06,1191.61,506.30,32
5,player,864,0,0,1112.48,363.06,1191.61,506.30,32
5,player,865,0,0,1112.48,363.06,1191.61,506.30,32
5,player,866,0,0,1112.48,363.06,1191.61,506.30,32
5,player,867,0,0,1112.48,363.06,1191.61,506.30,32
5,player,868,0,0,1112.48,363.06,1191.61,506.30,32
5,player,869,0,0,1112.48,363.06,1191.61,506.30,32
5,player,870,0,0,1112.48,363.06,1191.61,506.30,32
5,player,871,0,0,1112.48,363.06,1191.61,506.30,32
5,player,872,0,0,1112.48,363.06,1191.61,506.30,32
5,player,873,0,0,1112.48,363.06,1191.61,506.30,32
5,player,874,0,0,1112.48,363.06,1191.61,506.30,32
5,player,875,0,0,1112.48,363.06,1191.61,506.30,32
5,player,876,0,0,1112.48,363.06,1191.61,506.30,32
5,player,877,0,0,1112.48,363.06,1191.61,506.30,32
5,player,878,0,0,1112.48,363.06,1191.61,506.30,32
5,player,879,0,0,1112.48,363.06,1191.61,506.30,32
5,player,880,0,0,1112.48,363.06,1191.61,506.30,32
5,player,881,0,0,1112.48,363.06,1191.61,506.30,32
5,player,882,0,0,1112.48,363.06,1191.61,506.30,32
5,player,883,0,0,1112.48,363.06,1191.61,506.30,32
5,player,884,0,0,1112.48,363.06,1191.61,506.30,32
5,player,885,0,0,1112.48,363.06,1191.61,506.30,32
5,player,886,0,0,1112.48,363.06,1191.61,506.30,32
5,player,887,0,0,1112.48,363.06,1191.61,506.30,32
5,player,888,0,0,1112.48,363.06,1191.61,506.30,32
5,player,889,0,0,1112.48,363.06,1191.61,506.30,32
5,player,890,0,0,1112.48,363.06,1191.61,506.30,32
5,player,891,0,0,1112.48,363.06,1191.61,506.30,32
5,player,892,0,0,1112.48,363.06,1191.61,506.30,32
5,player,893,0,0,1112.48,363.06,1191.61,506.30,32
5,player,894,0,0,1112.48,363.06,1191.61,506.30,32
5,player,895,0,0,1112.48,363.06,1191.61,506.30,32
5,player,896,0,0,1112.48,363.06,1191.61,506.30,32
5,player,897,0,0,1112.48,363.06,1191.61,506.30,32
5,player,898,0,0,1112.48,363.06,1191.61,506.30,32
5,player,899,0,0,1112.48,363.06,1191.61,506.30,32
6,player,15,0,0,739.80,314.40,812.50,440.60,5
6,player,16,0,0,741.48,313.44,813.99,439.23,5
6,player,17,0,0,743.16,312.48,815.49,437.87,5
6,player,18,0,0,744.84,311.51,816.98,436.50,5
6,player,19,0,0,746.52,310.55,818.47,435.14,5
6,player,20,0,0,748.20,309.59,819.97,433.77,5
6,player,21,0,0,749.88,308.63,821.46,432.41,5
6,player,22,0,0,751.57,307.67,822.95,431.04,5
6,player,23,0,0,753.25,306.70,824.44,429.68,5
6,player,24,0,0,754.93,305.74,825.94,428.31,5
6,player,25,0,0,756.61,304.78,827.43,426.95,5
6,player,26,0,0,758.29,303.82,828.92,425.58,5
6,player,27,0,0,759.97,302.86,830.42,424.22,5
6,player,28,0,0,761.65,301.90,831.91,422.85,5
6,player,29,0,0,763.33,300.93,833.40,421.48,5
6,player,30,0,0,765.01,299.97,834.90,420.12,5
6,player,31,0,0,766.69,299.01,836.39,418.75,5
6,player,32,0,0,768.37,298.05,837.88,417.39,5
6,player,33,0,0,770.05,297.09,839.38,416.02,5
6,player,34,0,0,771.73,296.12,840.87,414.66,5
6,player,35,0,0,773.42,295.16,842.36,413.29,5
6,player,36,0,0,775.10,294.20,843.85,411.93,5
6,player,37,0,0,776.78,293.24,845.35,410.56,5
6,player,38,0,0,778.46,292.28,846.84,409.20,5
6,player,39,0,0,780.14,291.31,848.33,407.83,5
6,player,40,0,0,781.82,290.35,849.83,406.47,5
6,player,41,0,0,783.50,289.39,851.32,405.10,5
6,player,42,0,0,781.54,288.95,849.36,404.66,5
6,player,43,0,0,779.58,288.51,847.40,404.22,5
6,player,44,0,0,777.61,288.07,845.43,403.78,5
6,player,45,0,0,775.65,287.63,843.47,403.34,5
6,player,46,0,0,773.69,287.19,841.51,402.90,5
6,player,47,0,0,771.73,286.75,839.55,402.46,5
6,player,48,0,0,769.76,286.32,837.58,402.02,5
6,player,49,0,0,767.80,285.88,835.62,401.59,5
6,player,50,0,0,765.84,285.44,833.66,401.15,5
6,player,51,0,0,763.88,285.00,831.70,400.71,5
6,player,52,0,0,761.91,284.56,829.73,400.27,5
6,player,53,0,0,759.95,284.12,827.77,399.83,5
6,player,54,0,0,757.99,283.68,825.81,399.39,5
6,player,55,0,0,756.03,283.24,823.85,398.95,5
6,player,56,0,0,754.06,282.80,821.88,398.51,5
6,player,57,0,0,752.10,282.36,819.92,398.07,5
6,player,58,0,0,750.14,281.92,817.96,397.63,5
6,player,59,0,0,748.18,281.48,816.00,397.19,5
6,player,60,0,0,746.22,281.04,814.04,396.75,5
6,player,61,0,0,744.25,280.60,812.07,396.31,5
6,player,62,0,0,742.29,280.16,810.11,395.87,5
6,player,63,0,0,740.33,279.73,808.15,395.43,5
6,player,64,0,0,738.37,279.29,806.19,395.00,5
6,player,65,0,0,736.40,278.85,804.22,394.56,5
6,player,66,0,0,734.44,278.41,802.26,394.12,5
6,player,67,0,0,732.48,277.97,800.30,393.68,5
6,player,68,0,0,730.52,277.53,798.34,393.24,5
6,player,69,0,0,728.55,277.09,796.37,392.80,5
6,player,70,0,0,726.59,276.65,794.41,392.36,5
6,player,71,0,0,724.63,276.21,792.45,391.92,5
6,player,72,0,0,722.67,275.77,790.49,391.48,5
6,player,73,0,0,720.70,275.33,788.52,391.04,5
6,player,74,0,0,718.74,274.89,786.56,390.60,5
6,player,75,0,0,716.78,274.45,784.60,390.16,5
6,player,76,0,0,714.82,274.01,782.64,389.72,5
6,player,77,0,0,712.86,273.57,780.68,389.28,5
6,player,78,0,0,710.89,273.14,778.71,388.84,5
6,player,79,0,0,708.93,272.70,776.75,388.41,5
6,player,80,0,0,706.97,272.26,774.79,387.97,5
6,player,81,0,0,705.01,271.82,772.83,387.53,5
6,player,82,0,0,703.04,271.38,770.86,387.09,5
6,player,83,0,0,701.08,270.94,768.90,386.65,5
6,player,84,0,0,699.12,270.50,766.94,386.21,5
6,player,85,0,0,697.16,270.06,764.98,385.77,5
6,player,86,0,0,695.19,269.62,763.01,385.33,5
6,player,87,0,0,693.23,269.18,761.05,384.89,5
6,player,88,0,0,691.27,268.74,759.09,384.45,5
6,player,89,0,0,689.31,268.30,757.13,384.01,5
6,player,90,0,0,687.34,267.86,755.16,383.57,5
6,player,91,0,0,685.38,267.42,753.20,383.13,5
6,player,92,0,0,683.42,266.98,751.24,382.69,5
6,player,93,0,0,681.46,266.55,749.28,382.25,5
6,player,94,0,0,679.50,266.11,747.32,381.82,5
6,player,95,0,0,677.53,265.67,745.35,381.38,5
6,player,96,0,0,675.57,265.23,743.39,380.94,5
6,player,97,0,0,673.61,264.79,741.43,380.50,5
6,player,98,0,0,671.65,264.35,739.47,380.06,5
6,player,99,0,0,669.68,263.91,737.50,379.62,5
6,player,100,0,0,667.72,263.47,735.54,379.18,5
6,player,101,0,0,665.76,263.03,733.58,378.74,5
6,player,102,0,0,663.80,262.59,731.62,378.30,5
6,player,103,0,0,661.83,262.15,729.65,377.86,5
6,player,104,0,0,659.87,261.71,727.69,377.42,5
6,player,105,0,0,657.91,261.27,725.73,376.98,5
6,player,106,0,0,655.95,260.83,723.77,376.54,5
6,player,107,0,0,653.98,260.39,721.80,376.10,5
6,player,108,0,0,652.02,259.96,719.84,375.66,5
6,player,109,0,0,650.06,259.52,717.88,375.23,5
6,player,110,0,0,648.10,259.08,715.92,374.79,5
6,player,111,0,0,646.14,258.64,713.96,374.35,5
6,player,112,0,0,644.17,258.20,711.99,373.91,5
6,player,113,0,0,642.21,257.76,710.03,373.47,5
6,player,114,0,0,640.25,257.32,708.07,373.03,5
6,player,115,0,0,638.74,256.69,706.56,372.40,5
6,player,116,0,0,637.23,256.06,705.05,371.77,5
6,player,117,0,0,635.72,255.43,703.54,371.14,5
6,player,118,0,0,634.21,254.80,702.03,370.51,5
6,player,119,0,0,632.70,254.18,700.52,369.88,5
6,player,120,0,0,631.19,253.55,699.01,369.26,5
6,player,121,0,0,629.68,252.92,697.50,368.63,5
6,player,122,0,0,628.17,252.29,695.99,368.00,5
6,player,123,0,0,626.66,251.66,694.49,367.37,5
6,player,124,0,0,625.16,251.03,692.98,366.74,5
6,player,125,0,0,623.65,250.40,691.47,366.11,5
6,player,126,0,0,622.14,249.77,689.96,365.48,5
6,player,127,0,0,620.63,249.14,688.45,364.85,5
6,player,128,0,0,619.12,248.52,686.94,364.22,5
6,player,129,0,0,617.61,247.89,685.43,363.60,5
6,player,130,0,0,616.10,247.26,683.92,362.97,5
6,player,131,0,0,614.59,246.63,682.41,362.34,5
6,player,132,0,0,614.13,246.84,681.95,362.55,5
6,player,133,0,0,613.67,247.05,681.49,362.76,5
6,player,134,0,0,613.21,247.27,681.03,362.98,5
6,player,135,0,0,612.74,247.48,680.56,363.19,5
6,player,136,0,0,612.28,247.69,680.10,363.40,5
6,player,137,0,0,611.82,247.90,679.64,363.61,5
6,player,138,0,0,611.36,248.12,679.18,363.82,5
6,player,139,0,0,610.90,248.33,678.72,364.04,5
6,player,140,0,0,610.43,248.54,678.25,364.25,5
6,player,141,0,0,609.97,248.75,677.79,364.46,5
6,player,142,0,0,609.51,248.96,677.33,364.67,5
6,player,143,0,0,609.05,249.18,676.87,364.89,5
6,player,144,0,0,608.59,249.39,676.41,365.10,5
6,player,145,0,0,608.13,249.60,675.95,365.31,5
6,player,146,0,0,607.66,249.81,675.48,365.52,5
6,player,147,0,0,607.20,250.03,675.02,365.74,5
6,player,148,0,0,606.74,250.24,674.56,365.95,5
6,player,149,0,0,606.28,250.45,674.10,366.16,5
6,player,150,0,0,605.82,250.66,673.64,366.37,5
6,player,151,0,0,605.35,250.88,673.17,366.58,5
6,player,152,0,0,604.89,251.09,672.71,366.80,5
6,player,153,0,0,604.43,251.30,672.25,367.01,5
6,player,154,0,0,603.97,251.51,671.79,367.22,5
6,player,155,0,0,603.51,251.72,671.33,367.43,5
6,player,156,0,0,603.04,251.94,670.87,367.65,5
6,player,157,0,0,602.70,250.19,670.52,365.90,5
6,player,158,0,0,602.35,248.44,670.18,364.15,5
6,player,159,0,0,602.01,246.69,669.83,362.40,5
6,player,160,0,0,601.67,244.95,669.49,360.66,5
6,player,161,0,0,605.56,244.41,673.38,360.12,5
6,player,162,0,0,609.46,243.88,677.28,359.59,5
6,player,163,0,0,613.35,243.34,681.17,359.05,5
6,player,164,0,0,617.25,242.81,685.07,358.51,5
6,player,165,0,0,621.14,242.27,688.96,357.98,5
6,player,166,0,0,625.04,241.73,692.86,357.44,5
6,player,167,0,0,628.93,241.20,696.75,356.91,5
6,player,168,0,0,632.83,240.66,700.65,356.37,5
6,player,169,0,0,636.73,240.13,704.55,355.84,5
6,player,170,0,0,640.62,239.59,708.44,355.30,5
6,player,171,0,0,644.52,239.06,712.34,354.77,5
6,player,172,0,0,648.41,238.52,716.23,354.23,5
6,player,173,0,0,652.31,237.99,720.13,353.69,5
6,player,174,0,0,656.20,237.45,724.02,353.16,5
6,player,175,0,0,660.10,236.91,727.92,352.62,5
6,player,176,0,0,664.00,236.38,731.82,352.09,5
6,player,177,0,0,667.89,235.84,735.71,351.55,5
6,player,178,0,0,671.79,235.31,739.61,351.02,5
6,player,179,0,0,675.68,234.77,743.50,350.48,5
6,player,180,0,0,679.58,234.24,747.40,349.95,5
6,player,181,0,0,683.47,233.70,751.29,349.41,5
6,player,182,0,0,687.37,233.17,755.19,348.88,5
6,player,183,0,0,691.26,232.63,759.09,348.34,5
6,player,184,0,0,695.16,232.09,762.98,347.80,5
6,player,185,0,0,699.06,231.56,766.88,347.27,5
6,player,186,0,0,702.95,231.02,770.77,346.73,5
6,player,187,0,0,706.85,230.49,774.67,346.20,5
6,player,188,0,0,710.74,229.95,778.56,345.66,5
6,player,189,0,0,714.64,229.42,782.46,345.13,5
6,player,190,0,0,718.53,228.88,786.35,344.59,5
6,player,191,0,0,723.42,228.34,791.24,344.05,5
6,player,192,0,0,728.31,227.80,796.13,343.50,5
6,player,193,0,0,733.20,227.25,801.02,342.96,5
6,player,194,0,0,738.09,226.71,805.91,342.42,5
6,player,195,0,0,742.98,226.17,810.80,341.87,5
6,player,196,0,0,747.87,225.62,815.69,341.33,5
6,player,197,0,0,752.76,225.08,820.58,340.79,5
6,player,198,0,0,757.65,224.54,825.47,340.25,5
6,player,199,0,0,762.54,223.99,830.36,339.70,5
6,player,200,0,0,767.43,223.45,835.25,339.16,5
6,player,201,0,0,772.32,222.91,840.14,338.62,5
6,player,202,0,0,777.21,222.36,845.03,338.07,5
6,player,203,0,0,782.10,221.82,849.92,337.53,5
6,player,204,0,0,786.99,221.28,854.81,336.99,5
6,player,205,0,0,792.08,220.95,859.90,336.66,5
6,player,206,0,0,797.18,220.62,865.00,336.33,5
6,player,207,0,0,802.28,220.29,870.10,336.00,5
6,player,208,0,0,807.38,219.96,875.20,335.67,5
6,player,209,0,0,812.48,219.63,880.30,335.34,5
6,player,210,0,0,817.58,219.30,885.40,335.01,5
6,player,211,0,0,822.68,218.97,890.50,334.68,5
6,player,212,0,0,827.77,218.64,895.59,334.35,5
6,player,213,0,0,832.87,218.32,900.69,334.03,5
6,player,214,0,0,837.97,217.99,905.79,333.70,5
6,player,215,0,0,843.07,217.66,910.89,333.37,5
6,player,216,0,0,848.17,217.33,915.99,333.04,5
6,player,217,0,0,853.27,217.00,921.09,332.71,5
6,player,218,0,0,855.72,216.89,923.54,332.60,5
6,player,219,0,0,858.17,216.79,925.99,332.50,5
6,player,220,0,0,860.63,216.68,928.45,332.39,5
6,player,221,0,0,863.08,216.58,930.90,332.29,5
6,player,222,0,0,865.53,216.47,933.35,332.18,5
6,player,223,0,0,867.99,216.37,935.81,332.08,5
6,player,224,0,0,870.44,216.26,938.26,331.97,5
6,player,225,0,0,872.89,216.16,940.72,331.87,5
6,player,226,0,0,875.35,216.05,943.17,331.76,5
6,player,227,0,0,877.80,215.95,945.62,331.66,5
6,player,228,0,0,880.26,215.84,948.08,331.55,5
6,player,229,0,0,882.71,215.74,950.53,331.45,5
6,player,230,0,0,885.16,215.63,952.98,331.34,5
6,player,231,0,0,887.62,215.53,955.44,331.24,5
6,player,232,0,0,890.07,215.42,957.89,331.13,5
6,player,233,0,0,892.52,215.32,960.34,331.03,5
6,player,234,0,0,894.98,215.21,962.80,330.92,5
6,player,235,0,0,897.43,215.11,965.25,330.82,5
6,player,236,0,0,899.88,215.00,967.70,330.71,5
6,player,237,0,0,902.34,214.90,970.16,330.61,5
6,player,238,0,0,904.79,214.79,972.61,330.50,5
6,player,239,0,0,907.24,214.69,975.06,330.40,5
6,player,240,0,0,909.70,214.58,977.52,330.29,5
6,player,241,0,0,912.15,214.48,979.97,330.19,5
6,player,242,0,0,914.61,214.37,982.43,330.08,5
6,player,243,0,0,917.06,214.27,984.88,329.98,5
6,player,244,0,0,919.51,214.16,987.33,329.87,5
6,player,245,0,0,921.97,214.06,989.79,329.77,5
6,player,246,0,0,924.42,213.95,992.24,329.66,5
6,player,247,0,0,926.87,213.85,994.69,329.55,5
6,player,248,0,0,929.33,213.74,997.15,329.45,5
6,player,249,0,0,931.78,213.64,999.60,329.34,5
6,player,250,0,0,934.23,213.53,1002.05,329.24,5
6,player,251,0,0,936.69,213.42,1004.51,329.13,5
6,player,252,0,0,939.14,213.32,1006.96,329.03,5
6,player,253,0,0,941.59,213.21,1009.41,328.92,5
6,player,254,0,0,944.05,213.11,1011.87,328.82,5
6,player,255,0,0,946.50,213.00,1014.32,328.71,5
6,player,256,0,0,948.95,212.90,1016.78,328.61,5
6,player,257,0,0,951.41,212.79,1019.23,328.50,5
6,player,258,0,0,953.86,212.69,1021.68,328.40,5
6,player,259,0,0,956.32,212.58,1024.14,328.29,5
6,player,260,0,0,958.77,212.48,1026.59,328.19,5
6,player,261,0,0,961.22,212.37,1029.04,328.08,5
6,player,262,0,0,963.68,212.27,1031.50,327.98,5
6,player,263,0,0,966.13,212.16,1033.95,327.87,5
6,player,264,0,0,968.58,212.06,1036.40,327.77,5
6,player,265,0,0,971.04,211.95,1038.86,327.66,5
6,player,266,0,0,973.49,211.85,1041.31,327.56,5
6,player,267,0,0,975.94,211.74,1043.76,327.45,5
6,player,268,0,0,978.40,211.64,1046.22,327.35,5
6,player,269,0,0,980.85,211.53,1048.67,327.24,5
6,player,270,0,0,983.30,211.43,1051.12,327.14,5
6,player,271,0,0,985.76,211.32,1053.58,327.03,5
6,player,272,0,0,988.21,211.22,1056.03,326.93,5
6,player,273,0,0,990.66,211.11,1058.49,326.82,5
6,player,274,0,0,993.12,211.01,1060.94,326.72,5
6,player,275,0,0,995.57,210.90,1063.39,326.61,5
6,player,276,0,0,998.03,210.80,1065.85,326.51,5
6,player,277,0,0,1000.48,210.69,1068.30,326.40,5
6,player,278,0,0,1002.93,210.59,1070.75,326.30,5
6,player,279,0,0,1004.68,210.39,1072.50,326.10,5
6,player,280,0,0,1006.43,210.20,1074.25,325.91,5
6,player,281,0,0,1008.18,210.00,1076.00,325.71,5
6,player,282,0,0,1009.93,209.81,1077.75,325.52,5
6,player,283,0,0,1011.68,209.61,1079.50,325.32,5
6,player,284,0,0,1013.43,209.42,1081.25,325.13,5
6,player,285,0,0,1015.18,209.22,1083.00,324.93,5
6,player,286,0,0,1016.93,209.03,1084.75,324.74,5
6,player,287,0,0,1018.68,208.84,1086.50,324.55,5
6,player,288,0,0,1020.43,208.64,1088.25,324.35,5
6,player,289,0,0,1022.18,208.45,1090.00,324.16,5
6,player,290,0,0,1026.45,208.02,1094.27,323.73,5
6,player,291,0,0,1030.73,207.59,1098.55,323.30,5
6,player,292,0,0,1035.00,207.16,1102.82,322.87,5
6,player,293,0,0,1039.28,206.74,1107.10,322.45,5
6,player,294,0,0,1043.56,206.31,1111.38,322.02,5
6,player,295,0,0,1047.12,206.35,1114.94,322.06,5
6,player,296,0,0,1050.68,206.39,1118.50,322.10,5
6,player,297,0,0,1054.25,206.44,1122.07,322.14,5
6,player,298,0,0,1057.81,206.48,1125.63,322.19,5
6,player,299,0,0,1061.37,206.52,1129.19,322.23,5
6,player,300,0,0,1064.94,206.56,1132.76,322.27,5
6,player,301,0,0,1068.50,206.60,1136.32,322.31,5
6,player,302,0,0,1072.06,206.64,1139.88,322.35,5
6,player,303,0,0,1075.63,206.69,1143.45,322.40,5
6,player,304,0,0,1079.19,206.73,1147.01,322.44,5
6,player,305,0,0,1082.75,206.77,1150.58,322.48,5
6,player,306,0,0,1086.32,206.81,1154.14,322.52,5
6,player,307,0,0,1089.88,206.85,1157.70,322.56,5
6,player,308,0,0,1093.45,206.90,1161.27,322.61,5
6,player,309,0,0,1097.01,206.94,1164.83,322.65,5
6,player,310,0,0,1100.57,206.98,1168.39,322.69,5
6,player,311,0,0,1104.14,207.02,1171.96,322.73,5
6,player,312,0,0,1107.70,207.06,1175.52,322.77,5
6,player,313,0,0,1111.26,207.11,1179.08,322.82,5
6,player,314,0,0,1114.83,207.15,1182.65,322.86,5
6,player,315,0,0,1118.39,207.19,1186.21,322.90,5
6,player,316,0,0,1121.95,207.23,1189.77,322.94,5
6,player,317,0,0,1125.52,207.27,1193.34,322.98,5
6,player,318,0,0,1129.08,207.32,1196.90,323.02,5
6,player,319,0,0,1132.64,207.36,1200.46,323.07,5
6,player,320,0,0,1136.21,207.40,1204.03,323.11,5
6,player,321,0,0,1139.77,207.44,1207.59,323.15,5
6,player,322,0,0,1143.33,207.48,1211.15,323.19,5
6,player,323,0,0,1146.90,207.53,1214.72,323.23,5
6,player,324,0,0,1150.46,207.57,1218.28,323.28,5
6,player,325,0,0,1154.02,207.61,1221.84,323.32,5
6,player,326,0,0,1157.59,207.65,1225.41,323.36,5
6,player,327,0,0,1161.15,207.69,1228.97,323.40,5
6,player,328,0,0,1164.71,207.73,1232.54,323.44,5
6,player,329,0,0,1168.28,207.78,1236.10,323.49,5
6,player,330,0,0,1171.84,207.82,1239.66,323.53,5
6,player,331,0,0,1175.41,207.86,1243.23,323.57,5
6,player,332,0,0,1178.97,207.90,1246.79,323.61,5
6,player,333,0,0,1182.53,207.94,1250.35,323.65,5
6,player,334,0,0,1186.10,207.99,1253.92,323.70,5
6,player,335,0,0,1189.66,208.03,1257.48,323.74,5
6,player,336,0,0,1193.22,208.07,1261.04,323.78,5
6,player,337,0,0,1196.79,208.11,1264.61,323.82,5
6,player,338,0,0,1200.35,208.15,1268.17,323.86,5
6,player,339,0,0,1203.91,208.20,1271.73,323.91,5
6,player,340,0,0,1207.48,208.24,1275.30,323.95,5
6,player,341,0,0,1211.04,208.28,1278.86,323.99,5
6,player,342,0,0,1214.60,208.32,1282.42,324.03,5
6,player,343,0,0,1218.17,208.36,1285.99,324.07,5
6,player,344,0,0,1221.73,208.41,1289.55,324.11,5
6,player,345,0,0,1225.29,208.45,1293.11,324.16,5
6,player,346,0,0,1235.79,209.13,1303.61,324.84,5
6,player,347,0,0,1246.29,209.81,1314.11,325.52,5
6,player,348,0,0,1256.78,210.49,1324.60,326.20,5
6,player,349,0,0,1267.28,211.17,1335.10,326.88,5
6,player,350,0,0,1277.77,211.85,1345.59,327.56,5
6,player,351,0,0,1288.27,212.53,1356.09,328.24,5
6,player,352,0,0,1298.77,213.21,1366.59,328.92,5
6,player,353,0,0,1309.26,213.89,1377.08,329.60,5
6,player,354,0,0,1319.76,214.57,1387.58,330.28,5
6,player,355,0,0,1330.25,215.25,1398.07,330.96,5
6,player,356,0,0,1340.75,215.93,1408.57,331.64,5
6,player,357,0,0,1351.25,216.61,1419.07,332.32,5
6,player,358,0,0,1361.74,217.29,1429.56,333.00,5
6,player,359,0,0,1372.24,217.97,1440.06,333.68,5
6,player,360,0,0,1382.73,218.65,1450.55,334.36,5
6,player,361,0,0,1393.23,219.33,1461.05,335.04,5
6,player,362,0,0,1403.73,220.01,1471.55,335.72,5
6,player,363,0,0,1414.22,220.69,1482.04,336.40,5
6,player,364,0,0,1424.72,221.37,1492.54,337.08,5
6,player,365,0,0,1435.21,222.05,1503.04,337.76,5
6,player,366,0,0,1445.71,222.73,1513.53,338.44,5
6,player,367,0,0,1456.21,223.41,1524.03,339.12,5
6,player,368,0,0,1462.32,223.41,1530.14,339.12,5
6,player,369,0,0,1468.42,223.41,1536.24,339.12,5
6,player,370,0,0,1474.53,223.41,1542.35,339.12,5
6,player,371,0,0,1480.64,223.41,1548.46,339.12,5
6,player,372,0,0,1486.75,223.41,1554.57,339.12,5
6,player,373,0,0,1492.86,223.41,1560.68,339.12,5
6,player,374,0,0,1498.97,223.41,1566.79,339.12,5
6,player,375,0,0,1502.29,223.65,1570.11,339.36,5
6,player,376,0,0,1505.62,223.89,1573.44,339.60,5
6,player,377,0,0,1508.95,224.13,1576.77,339.84,5
6,player,378,0,0,1512.27,224.36,1580.09,340.07,5
6,player,379,0,0,1515.60,224.60,1583.42,340.31,5
6,player,380,0,0,1518.92,224.84,1586.74,340.55,5
6,player,381,0,0,1522.25,225.08,1590.07,340.79,5
6,player,382,0,0,1525.58,225.32,1593.40,341.02,5
6,player,383,0,0,1528.90,225.55,1596.72,341.26,5
6,player,384,0,0,1531.89,225.55,1599.72,341.26,5
6,player,385,0,0,1534.89,225.55,1602.71,341.26,5
6,player,386,0,0,1537.88,225.55,1605.70,341.26,5
6,player,387,0,0,1540.87,225.55,1608.70,341.26,5
6,player,388,0,0,1543.87,225.55,1611.69,341.26,5
6,player,389,0,0,1546.86,225.55,1614.68,341.26,5
6,player,390,0,0,1549.85,225.55,1617.68,341.26,5
6,player,391,0,0,1552.85,225.55,1620.67,341.26,5
6,player,392,0,0,1555.84,225.55,1623.66,341.26,5
6,player,393,0,0,1558.83,225.55,1626.66,341.26,5
6,player,394,0,0,1554.17,226.05,1621.99,341.76,5
6,player,395,0,0,1549.50,226.55,1617.32,342.26,5
6,player,396,0,0,1544.83,227.05,1612.65,342.76,5
6,player,397,0,0,1540.16,227.55,1607.98,343.26,5
6,player,398,0,0,1535.49,228.05,1603.31,343.76,5
6,player,399,0,0,1530.83,228.55,1598.65,344.26,5
6,player,400,0,0,1526.16,229.04,1593.98,344.75,5
6,player,401,0,0,1521.49,229.54,1589.31,345.25,5
6,player,402,0,0,1516.82,230.04,1584.64,345.75,5
6,player,403,0,0,1512.15,230.54,1579.97,346.25,5
6,player,404,0,0,1507.49,231.04,1575.31,346.75,5
6,player,405,0,0,1502.82,231.54,1570.64,347.25,5
6,player,406,0,0,1498.15,232.04,1565.97,347.75,5
6,player,407,0,0,1493.48,232.54,1561.30,348.25,5
6,player,408,0,0,1488.81,233.04,1556.63,348.75,5
6,player,409,0,0,1484.14,233.53,1551.96,349.24,5
6,player,410,0,0,1479.48,234.03,1547.30,349.74,5
6,player,411,0,0,1474.81,234.53,1542.63,350.24,5
6,player,412,0,0,1470.14,235.03,1537.96,350.74,5
6,player,413,0,0,1465.47,235.53,1533.29,351.24,5
6,player,414,0,0,1460.80,236.03,1528.62,351.74,5
6,player,415,0,0,1456.14,236.53,1523.96,352.24,5
6,player,416,0,0,1451.47,237.03,1519.29,352.74,5
6,player,417,0,0,1446.80,237.53,1514.62,353.24,5
6,player,418,0,0,1442.13,238.02,1509.95,353.73,5
6,player,419,0,0,1437.46,238.52,1505.28,354.23,5
6,player,420,0,0,1432.79,239.02,1500.62,354.73,5
6,player,421,0,0,1428.13,239.52,1495.95,355.23,5
6,player,422,0,0,1423.46,240.02,1491.28,355.73,5
6,player,423,0,0,1418.79,240.52,1486.61,356.23,5
6,player,424,0,0,1414.12,241.02,1481.94,356.73,5
6,player,425,0,0,1409.45,241.52,1477.27,357.23,5
6,player,426,0,0,1404.79,242.02,1472.61,357.73,5
6,player,427,0,0,1400.12,242.51,1467.94,358.22,5
6,player,428,0,0,1395.45,243.01,1463.27,358.72,5
6,player,429,0,0,1390.78,243.51,1458.60,359.22,5
6,player,430,0,0,1386.11,244.01,1453.93,359.72,5
6,player,431,0,0,1381.45,244.51,1449.27,360.22,5
6,player,432,0,0,1376.78,245.01,1444.60,360.72,5
6,player,433,0,0,1372.11,245.51,1439.93,361.22,5
6,player,434,0,0,1367.44,246.01,1435.26,361.72,5
6,player,435,0,0,1362.77,246.51,1430.59,362.21,5
6,player,436,0,0,1358.10,247.00,1425.92,362.71,5
6,player,437,0,0,1353.44,247.50,1421.26,363.21,5
6,player,438,0,0,1348.77,248.00,1416.59,363.71,5
6,player,439,0,0,1344.10,248.50,1411.92,364.21,5
6,player,440,0,0,1339.43,249.00,1407.25,364.71,5
6,player,441,0,0,1334.76,249.50,1402.58,365.21,5
6,player,442,0,0,1330.10,250.00,1397.92,365.71,5
6,player,443,0,0,1325.43,250.50,1393.25,366.21,5
6,player,444,0,0,1320.76,251.00,1388.58,366.70,5
6,player,445,0,0,1316.09,251.49,1383.91,367.20,5
6,player,446,0,0,1311.42,251.99,1379.24,367.70,5
6,player,447,0,0,1306.75,252.49,1374.58,368.20,5
6,player,448,0,0,1302.09,252.99,1369.91,368.70,5
6,player,449,0,0,1297.42,253.49,1365.24,369.20,5
6,player,450,0,0,1292.75,253.99,1360.57,369.70,5
6,player,451,0,0,1288.08,254.49,1355.90,370.20,5
6,player,452,0,0,1283.41,254.99,1351.23,370.70,5
6,player,453,0,0,1278.75,255.49,1346.57,371.19,5
6,player,454,0,0,1274.76,254.88,1342.58,370.59,5
6,player,455,0,0,1270.78,254.28,1338.60,369.99,5
6,player,456,0,0,1266.79,253.67,1334.61,369.38,5
6,player,457,0,0,1262.81,253.07,1330.63,368.78,5
6,player,458,0,0,1258.83,252.47,1326.65,368.18,5
6,player,459,0,0,1254.84,251.86,1322.66,367.57,5
6,player,460,0,0,1250.86,251.26,1318.68,366.97,5
6,player,461,0,0,1246.87,250.66,1314.70,366.37,5
6,player,462,0,0,1242.89,250.05,1310.71,365.76,5
6,player,463,0,0,1238.91,249.45,1306.73,365.16,5
6,player,464,0,0,1234.92,248.85,1302.74,364.56,5
6,player,465,0,0,1230.94,248.24,1298.76,363.95,5
6,player,466,0,0,1226.96,247.64,1294.78,363.35,5
6,player,467,0,0,1222.97,247.03,1290.79,362.74,5
6,player,468,0,0,1218.99,246.43,1286.81,362.14,5
6,player,469,0,0,1215.00,245.83,1282.82,361.54,5
6,player,470,0,0,1211.02,245.22,1278.84,360.93,5
6,player,471,0,0,1207.04,244.62,1274.86,360.33,5
6,player,472,0,0,1203.05,244.02,1270.87,359.73,5
6,player,473,0,0,1199.07,243.41,1266.89,359.12,5
6,player,474,0,0,1195.08,242.81,1262.90,358.52,5
6,player,475,0,0,1188.75,244.08,1256.57,359.79,5
6,player,476,0,0,1182.41,245.34,1250.23,361.05,5
6,player,477,0,0,1179.87,245.34,1247.69,361.05,5
6,player,478,0,0,1177.34,245.34,1245.16,361.05,5
6,player,479,0,0,1169.85,240.00,1237.67,355.71,5
6,player,480,0,0,1162.37,234.65,1230.19,350.36,5
6,player,481,0,0,1155.07,234.65,1222.89,350.36,5
6,player,482,0,0,1147.76,234.65,1215.58,350.36,5
6,player,483,0,0,1140.46,234.65,1208.28,350.36,5
6,player,484,0,0,1133.15,234.65,1200.97,350.36,5
6,player,485,0,0,1125.85,234.65,1193.67,350.36,5
6,player,486,0,0,1118.54,234.65,1186.36,350.36,5
6,player,487,0,0,1111.24,234.65,1179.06,350.36,5
6,player,488,0,0,1103.93,234.65,1171.75,350.36,5
6,player,489,0,0,1096.63,234.65,1164.45,350.36,5
6,player,490,0,0,1089.32,234.65,1157.14,350.36,5
6,player,491,0,0,1082.02,234.65,1149.84,350.36,5
6,player,492,0,0,1074.71,234.65,1142.53,350.36,5
6,player,493,0,0,1067.58,232.52,1135.40,348.23,5
6,player,494,0,0,1060.46,230.38,1128.28,346.09,5
6,player,495,0,0,1053.33,228.24,1121.15,343.95,5
6,player,496,0,0,1047.53,227.93,1115.35,343.64,5
6,player,497,0,0,1041.72,227.63,1109.54,343.34,5
6,player,498,0,0,1035.92,227.32,1103.74,343.03,5
6,player,499,0,0,1030.12,227.02,1097.94,342.73,5
6,player,500,0,0,1024.31,226.71,1092.13,342.42,5
6,player,501,0,0,1018.51,226.41,1086.33,342.12,5
6,player,502,0,0,1012.71,226.10,1080.53,341.81,5
6,player,503,0,0,1009.92,225.58,1077.74,341.29,5
6,player,504,0,0,1007.13,225.07,1074.95,340.78,5
6,player,505,0,0,1004.35,224.55,1072.17,340.26,5
6,player,506,0,0,1001.56,224.03,1069.38,339.74,5
6,player,507,0,0,998.78,223.51,1066.60,339.22,5
6,player,508,0,0,995.99,222.99,1063.81,338.70,5
6,player,509,0,0,993.20,222.47,1061.02,338.18,5
6,player,510,0,0,990.42,221.96,1058.24,337.67,5
6,player,511,0,0,987.63,221.44,1055.45,337.15,5
6,player,512,0,0,984.85,220.92,1052.67,336.63,5
6,player,513,0,0,982.06,220.40,1049.88,336.11,5
6,player,514,0,0,979.27,219.88,1047.09,335.59,5
6,player,515,0,0,976.49,219.36,1044.31,335.07,5
6,player,516,0,0,973.70,218.85,1041.52,334.56,5
6,player,517,0,0,970.92,218.33,1038.74,334.04,5
6,player,518,0,0,968.13,217.81,1035.95,333.52,5
6,player,519,0,0,965.34,217.29,1033.16,333.00,5
6,player,520,0,0,962.56,216.77,1030.38,332.48,5
6,player,521,0,0,959.77,216.25,1027.59,331.96,5
6,player,522,0,0,956.99,215.74,1024.81,331.45,5
6,player,523,0,0,954.20,215.22,1022.02,330.93,5
6,player,524,0,0,951.41,214.70,1019.23,330.41,5
6,player,525,0,0,948.63,214.18,1016.45,329.89,5
6,player,526,0,0,945.84,213.66,1013.66,329.37,5
6,player,527,0,0,943.06,213.14,1010.88,328.85,5
6,player,528,0,0,940.27,212.63,1008.09,328.34,5
6,player,529,0,0,937.48,212.11,1005.30,327.82,5
6,player,530,0,0,934.70,211.59,1002.52,327.30,5
6,player,531,0,0,931.91,211.07,999.73,326.78,5
6,player,532,0,0,929.13,210.55,996.95,326.26,5
6,player,533,0,0,926.34,210.03,994.16,325.74,5
6,player,534,0,0,923.55,209.52,991.37,325.23,5
6,player,535,0,0,920.77,209.00,988.59,324.71,5
6,player,536,0,0,920.77,208.69,988.59,324.40,5
6,player,537,0,0,920.77,208.39,988.59,324.10,5
6,player,538,0,0,920.77,208.08,988.59,323.79,5
6,player,539,0,0,920.77,207.78,988.59,323.49,5
6,player,540,0,0,920.77,207.47,988.59,323.18,5
6,player,541,0,0,920.77,207.16,988.59,322.87,5
6,player,542,0,0,920.77,206.86,988.59,322.57,5
6,player,543,0,0,921.23,207.14,989.05,322.85,5
6,player,544,0,0,921.70,207.42,989.52,323.13,5
6,player,545,0,0,922.16,207.70,989.98,323.41,5
6,player,546,0,0,922.63,207.98,990.45,323.68,5
6,player,547,0,0,923.09,208.25,990.91,323.96,5
6,player,548,0,0,923.56,208.53,991.38,324.24,5
6,player,549,0,0,924.02,208.81,991.84,324.52,5
6,player,550,0,0,924.49,209.09,992.31,324.80,5
6,player,551,0,0,924.95,209.37,992.77,325.08,5
6,player,552,0,0,925.42,209.65,993.24,325.36,5
6,player,553,0,0,925.88,209.93,993.70,325.64,5
6,player,554,0,0,926.35,210.21,994.17,325.92,5
6,player,555,0,0,926.81,210.49,994.63,326.19,5
6,player,556,0,0,927.28,210.76,995.10,326.47,5
6,player,557,0,0,927.74,211.04,995.56,326.75,5
6,player,558,0,0,928.21,211.32,996.03,327.03,5
6,player,559,0,0,928.67,211.60,996.49,327.31,5
6,player,560,0,0,929.13,211.88,996.96,327.59,5
6,player,561,0,0,929.60,212.16,997.42,327.87,5
6,player,562,0,0,930.06,212.44,997.88,328.15,5
6,player,563,0,0,930.53,212.72,998.35,328.43,5
6,player,564,0,0,930.99,213.00,998.81,328.70,5
6,player,565,0,0,931.46,213.27,999.28,328.98,5
6,player,566,0,0,934.75,213.87,1002.57,329.58,5
6,player,567,0,0,938.03,214.46,1005.85,330.17,5
6,player,568,0,0,941.32,215.06,1009.14,330.77,5
6,player,569,0,0,944.60,215.65,1012.42,331.36,5
6,player,570,0,0,947.89,216.24,1015.71,331.95,5
6,player,571,0,0,951.18,216.84,1019.00,332.55,5
6,player,572,0,0,954.46,217.43,1022.28,333.14,5
6,player,573,0,0,957.75,218.03,1025.57,333.74,5
6,player,574,0,0,961.04,218.62,1028.86,334.33,5
6,player,575,0,0,964.32,219.21,1032.14,334.92,5
6,player,576,0,0,967.61,219.81,1035.43,335.52,5
6,player,577,0,0,970.89,220.40,1038.72,336.11,5
6,player,578,0,0,974.18,221.00,1042.00,336.70,5
6,player,579,0,0,977.47,221.59,1045.29,337.30,5
6,player,580,0,0,980.75,222.18,1048.57,337.89,5
6,player,581,0,0,984.04,222.78,1051.86,338.49,5
6,player,582,0,0,987.33,223.37,1055.15,339.08,5
6,player,583,0,0,990.61,223.96,1058.43,339.67,5
6,player,584,0,0,993.90,224.56,1061.72,340.27,5
6,player,585,0,0,997.19,225.15,1065.01,340.86,5
6,player,586,0,0,1000.47,225.75,1068.29,341.46,5
6,player,587,0,0,1003.76,226.34,1071.58,342.05,5
6,player,588,0,0,1007.04,226.93,1074.86,342.64,5
6,player,589,0,0,1010.33,227.53,1078.15,343.24,5
6,player,590,0,0,1013.62,228.12,1081.44,343.83,5
6,player,591,0,0,1016.90,228.72,1084.72,344.43,5
6,player,592,0,0,1020.19,229.31,1088.01,345.02,5
6,player,593,0,0,1023.48,229.90,1091.30,345.61,5
6,player,594,0,0,1026.76,230.50,1094.58,346.21,5
6,player,595,0,0,1030.05,231.09,1097.87,346.80,5
6,player,596,0,0,1033.33,231.69,1101.16,347.40,5
6,player,597,0,0,1036.62,232.28,1104.44,347.99,5
6,player,598,0,0,1039.91,232.87,1107.73,348.58,5
6,player,599,0,0,1043.19,233.47,1111.01,349.18,5
6,player,600,0,0,1046.48,234.06,1114.30,349.77,5
6,player,601,0,0,1049.77,234.66,1117.59,350.36,5
6,player,602,0,0,1053.05,235.25,1120.87,350.96,5
6,player,603,0,0,1056.34,235.84,1124.16,351.55,5
6,player,604,0,0,1059.63,236.44,1127.45,352.15,5
6,player,605,0,0,1062.91,237.03,1130.73,352.74,5
6,player,606,0,0,1066.20,237.62,1134.02,353.33,5
6,player,607,0,0,1069.48,238.22,1137.30,353.93,5
6,player,608,0,0,1072.77,238.81,1140.59,354.52,5
6,player,609,0,0,1076.06,239.41,1143.88,355.12,5
6,player,610,0,0,1079.34,240.00,1147.16,355.71,5
6,player,611,0,0,1082.63,240.59,1150.45,356.30,5
6,player,612,0,0,1085.92,241.19,1153.74,356.90,5
6,player,613,0,0,1089.20,241.78,1157.02,357.49,5
6,player,614,0,0,1092.49,242.38,1160.31,358.09,5
6,player,615,0,0,1095.77,242.97,1163.59,358.68,5
6,player,616,0,0,1099.06,243.56,1166.88,359.27,5
6,player,617,0,0,1102.35,244.16,1170.17,359.87,5
6,player,618,0,0,1105.63,244.75,1173.45,360.46,5
6,player,619,0,0,1108.92,245.35,1176.74,361.06,5
6,player,620,0,0,1115.88,246.40,1183.70,362.11,5
6,player,621,0,0,1122.84,247.45,1190.66,363.16,5
6,player,622,0,0,1129.79,248.50,1197.61,364.21,5
6,player,623,0,0,1136.75,249.55,1204.57,365.26,5
6,player,624,0,0,1143.71,250.60,1211.53,366.31,5
6,player,625,0,0,1150.67,251.65,1218.49,367.36,5
6,player,626,0,0,1157.62,252.70,1225.45,368.41,5
6,player,627,0,0,1164.58,253.75,1232.40,369.46,5
6,player,628,0,0,1171.54,254.80,1239.36,370.51,5
6,player,629,0,0,1178.50,255.86,1246.32,371.56,5
6,player,630,0,0,1185.46,256.91,1253.28,372.62,5
6,player,631,0,0,1192.41,257.96,1260.23,373.67,5
6,player,632,0,0,1199.37,259.01,1267.19,374.72,5
6,player,633,0,0,1206.33,260.06,1274.15,375.77,5
6,player,634,0,0,1213.29,261.11,1281.11,376.82,5
6,player,635,0,0,1220.25,262.16,1288.07,377.87,5
6,player,636,0,0,1227.20,263.21,1295.02,378.92,5
6,player,637,0,0,1234.16,264.26,1301.98,379.97,5
6,player,638,0,0,1241.12,265.31,1308.94,381.02,5
6,player,639,0,0,1248.08,266.36,1315.90,382.07,5
6,player,640,0,0,1255.03,267.42,1322.85,383.12,5
6,player,641,0,0,1261.99,268.47,1329.81,384.18,5
6,player,642,0,0,1268.95,269.52,1336.77,385.23,5
6,player,643,0,0,1275.91,270.57,1343.73,386.28,5
6,player,644,0,0,1282.87,271.62,1350.69,387.33,5
6,player,645,0,0,1289.82,272.67,1357.64,388.38,5
6,player,646,0,0,1296.78,273.72,1364.60,389.43,5
6,player,647,0,0,1303.74,274.77,1371.56,390.48,5
6,player,648,0,0,1310.70,275.82,1378.52,391.53,5
6,player,649,0,0,1317.65,276.87,1385.48,392.58,5
6,player,650,0,0,1324.61,277.92,1392.43,393.63,5
6,player,651,0,0,1331.57,278.98,1399.39,394.68,5
6,player,652,0,0,1338.53,280.03,1406.35,395.74,5
6,player,653,0,0,1345.49,281.08,1413.31,396.79,5
6,player,654,0,0,1352.44,282.13,1420.26,397.84,5
6,player,655,0,0,1359.40,283.18,1427.22,398.89,5
6,player,656,0,0,1366.36,284.23,1434.18,399.94,5
6,player,657,0,0,1373.32,285.28,1441.14,400.99,5
6,player,658,0,0,1380.28,286.33,1448.10,402.04,5
6,player,659,0,0,1387.23,287.38,1455.05,403.09,5
6,player,660,0,0,1394.19,288.43,1462.01,404.14,5
6,player,661,0,0,1401.15,289.48,1468.97,405.19,5
6,player,662,0,0,1408.11,290.54,1475.93,406.25,5
6,player,663,0,0,1415.06,291.59,1482.88,407.30,5
6,player,664,0,0,1422.02,292.64,1489.84,408.35,5
6,player,665,0,0,1428.98,293.69,1496.80,409.40,5
6,player,666,0,0,1435.94,294.74,1503.76,410.45,5
6,player,667,0,0,1442.90,295.79,1510.72,411.50,5
6,player,668,0,0,1449.85,296.84,1517.67,412.55,5
6,player,669,0,0,1456.81,297.89,1524.63,413.60,5
6,player,670,0,0,1463.77,298.94,1531.59,414.65,5
6,player,671,0,0,1470.73,299.99,1538.55,415.70,5
6,player,672,0,0,1477.68,301.05,1545.50,416.75,5
6,player,673,0,0,1484.64,302.10,1552.46,417.81,5
6,player,674,0,0,1491.60,303.15,1559.42,418.86,5
6,player,675,0,0,1498.56,304.20,1566.38,419.91,5
6,player,676,0,0,1505.52,305.25,1573.34,420.96,5
6,player,677,0,0,1512.47,306.30,1580.29,422.01,5
6,player,678,0,0,1519.43,307.35,1587.25,423.06,5
6,player,679,0,0,1519.43,307.35,1587.25,423.06,5
6,player,680,0,0,1519.43,307.35,1587.25,423.06,5
6,player,681,0,0,1519.43,307.35,1587.25,423.06,5
6,player,682,0,0,1519.43,307.35,1587.25,423.06,5
6,player,683,0,0,1519.43,307.35,1587.25,423.06,5
6,player,684,0,0,1519.43,307.35,1587.25,423.06,5
6,player,685,0,0,1519.43,307.35,1587.25,423.06,5
6,player,686,0,0,1519.43,307.35,1587.25,423.06,5
6,player,687,0,0,1519.43,307.35,1587.25,423.06,5
6,player,688,0,0,1519.43,307.35,1587.25,423.06,5
6,player,689,0,0,1519.43,307.35,1587.25,423.06,5
6,player,690,0,0,1519.43,307.35,1587.25,423.06,5
6,player,691,0,0,1519.43,307.35,1587.25,423.06,5
6,player,692,0,0,1519.43,307.35,1587.25,423.06,5
6,player,693,0,0,1519.43,307.35,1587.25,423.06,5
6,player,694,0,0,1519.43,307.35,1587.25,423.06,5
6,player,695,0,0,1519.43,307.35,1587.25,423.06,5
6,player,696,0,0,1519.43,307.35,1587.25,423.06,5
6,player,697,0,0,1519.43,307.35,1587.25,423.06,5
6,player,698,0,0,1519.43,307.35,1587.25,423.06,5
6,player,699,0,0,1519.43,307.35,1587.25,423.06,5
6,player,700,0,0,1519.43,307.35,1587.25,423.06,5
6,player,701,0,0,1519.43,307.35,1587.25,423.06,5
6,player,702,0,0,1519.43,307.35,1587.25,423.06,5
6,player,703,0,0,1519.43,307.35,1587.25,423.06,5
6,player,704,0,0,1519.43,307.35,1587.25,423.06,5
6,player,705,0,0,1519.43,307.35,1587.25,423.06,5
6,player,706,0,0,1519.43,307.35,1587.25,423.06,5
6,player,707,0,0,1519.43,307.35,1587.25,423.06,5
6,player,708,0,0,1519.43,307.35,1587.25,423.06,5
6,player,709,0,0,1519.43,307.35,1587.25,423.06,5
6,player,710,0,0,1519.43,307.35,1587.25,423.06,5
6,player,711,0,0,1519.43,307.35,1587.25,423.06,5
6,player,712,0,0,1519.43,307.35,1587.25,423.06,5
6,player,713,0,0,1519.43,307.35,1587.25,423.06,5
6,player,714,0,0,1519.43,307.35,1587.25,423.06,5
6,player,715,0,0,1519.43,307.35,1587.25,423.06,5
6,player,716,0,0,1519.43,307.35,1587.25,423.06,5
6,player,717,0,0,1519.43,307.35,1587.25,423.06,5
6,player,718,0,0,1519.43,307.35,1587.25,423.06,5
6,player,719,0,0,1519.43,307.35,1587.25,423.06,5
6,player,720,0,0,1519.43,307.35,1587.25,423.06,5
6,player,721,0,0,1519.43,307.35,1587.25,423.06,5
6,player,722,1,0,1519.43,307.35,1587.25,423.06,5
7,player,15,0,0,0.00,744.19,70.56,917.37,-1
7,player,16,0,0,0.00,742.71,70.06,915.89,-1
7,player,17,0,0,0.00,741.23,69.57,914.41,-1
7,player,18,0,0,0.00,739.75,69.08,912.93,-1
7,player,19,0,0,0.00,738.27,68.58,911.45,-1
7,player,20,0,0,0.00,736.79,68.09,909.97,-1
7,player,21,0,0,0.00,735.31,67.60,908.49,-1
7,player,22,0,0,0.00,733.83,67.10,907.01,-1
7,player,23,0,0,0.00,732.35,66.61,905.53,-1
7,player,24,0,0,0.00,730.87,66.12,904.05,-1
7,player,25,0,0,0.00,729.39,65.62,902.57,-1
7,player,26,0,0,0.00,727.91,65.13,901.09,-1
7,player,27,0,0,0.00,726.43,64.64,899.61,-1
7,player,28,0,0,0.00,724.94,64.14,898.13,-1
7,player,29,0,0,0.00,723.46,63.65,896.65,-1
7,player,30,0,0,0.00,721.98,63.16,895.17,-1
7,player,31,0,0,0.00,720.50,62.66,893.69,-1
7,player,32,0,0,0.00,719.02,62.17,892.21,-1
7,player,33,0,0,0.00,717.54,61.68,890.73,-1
7,player,34,0,0,0.00,716.06,61.18,889.25,-1
7,player,35,0,0,0.00,714.58,60.69,887.77,-1
7,player,36,0,0,0.00,713.10,60.20,886.29,-1
7,player,37,0,0,0.00,711.62,59.70,884.81,-1
7,player,38,0,0,0.00,710.14,59.21,883.33,-1
7,player,39,0,0,0.00,708.66,58.72,881.85,-1
7,player,40,0,0,0.00,707.18,58.22,880.37,-1
7,player,41,0,0,0.00,705.70,57.73,878.89,-1
7,player,42,0,0,0.00,705.70,57.73,878.89,-1
7,player,43,0,0,0.00,705.70,57.73,878.89,-1
7,player,44,0,0,0.00,705.70,57.73,878.89,-1
7,player,45,0,0,0.00,705.70,57.73,878.89,-1
7,player,46,0,0,0.00,705.70,57.73,878.89,-1
7,player,47,0,0,0.00,705.70,57.73,878.89,-1
7,player,48,0,0,0.00,705.70,57.73,878.89,-1
7,player,49,0,0,0.00,705.70,57.73,878.89,-1
7,player,50,0,0,0.00,705.70,57.73,878.89,-1
7,player,51,0,0,0.00,705.70,57.73,878.89,-1
7,player,52,0,0,0.00,705.70,57.73,878.89,-1
7,player,53,0,0,0.00,705.70,57.73,878.89,-1
7,player,54,0,0,0.00,705.70,57.73,878.89,-1
7,player,55,0,0,0.00,705.70,57.73,878.89,-1
7,player,56,0,0,0.00,705.70,57.73,878.89,-1
7,player,57,0,0,0.00,705.70,57.73,878.89,-1
7,player,58,0,0,0.00,705.70,57.73,878.89,-1
7,player,59,0,0,0.00,705.70,57.73,878.89,-1
7,player,60,0,0,0.00,705.70,57.73,878.89,-1
7,player,61,0,0,0.00,705.70,57.73,878.89,-1
7,player,62,0,0,0.00,705.70,57.73,878.89,-1
7,player,63,0,0,0.00,705.70,57.73,878.89,-1
7,player,64,0,0,0.00,705.70,57.73,878.89,-1
7,player,65,0,0,0.00,705.70,57.73,878.89,-1
7,player,66,0,0,0.00,705.70,57.73,878.89,-1
7,player,67,0,0,0.00,705.70,57.73,878.89,-1
7,player,68,0,0,0.00,705.70,57.73,878.89,-1
7,player,69,0,0,0.00,705.70,57.73,878.89,-1
7,player,70,0,0,0.00,705.70,57.73,878.89,-1
7,player,71,0,0,0.00,705.70,57.73,878.89,-1
7,player,72,0,0,0.00,705.70,57.73,878.89,-1
7,player,73,0,0,0.00,705.70,57.73,878.89,-1
7,player,74,0,0,0.00,705.70,57.73,878.89,-1
7,player,75,0,0,0.00,705.70,57.73,878.89,-1
7,player,76,0,0,0.00,705.70,57.73,878.89,-1
7,player,77,0,0,0.00,705.70,57.73,878.89,-1
7,player,78,0,0,0.00,705.70,57.73,878.89,-1
7,player,79,0,0,0.00,705.70,57.73,878.89,-1
7,player,80,0,0,0.00,705.70,57.73,878.89,-1
7,player,81,0,0,0.00,705.70,57.73,878.89,-1
7,player,82,0,0,0.00,705.70,57.73,878.89,-1
7,player,83,0,0,0.00,705.70,57.73,878.89,-1
7,player,84,0,0,0.00,705.70,57.73,878.89,-1
7,player,85,0,0,0.00,705.70,57.73,878.89,-1
7,player,86,0,0,0.00,705.70,57.73,878.89,-1
7,player,87,0,0,0.00,705.70,57.73,878.89,-1
7,player,88,0,0,0.00,705.70,57.73,878.89,-1
7,player,89,0,0,0.00,705.70,57.73,878.89,-1
7,player,90,0,0,0.00,705.70,57.73,878.89,-1
7,player,91,0,0,0.00,705.70,57.73,878.89,-1
7,player,92,0,0,0.00,705.70,57.73,878.89,-1
7,player,93,0,0,0.00,705.70,57.73,878.89,-1
7,player,94,0,0,0.00,705.70,57.73,878.89,-1
7,player,95,0,0,0.00,705.70,57.73,878.89,-1
7,player,96,0,0,0.00,705.70,57.73,878.89,-1
7,player,97,0,0,0.00,705.70,57.73,878.89,-1
7,player,98,0,0,0.00,705.70,57.73,878.89,-1
7,player,99,0,0,0.00,705.70,57.73,878.89,-1
7,player,100,0,0,0.00,705.70,57.73,878.89,-1
7,player,101,0,0,0.00,705.70,57.73,878.89,-1
7,player,102,0,0,0.00,705.70,57.73,878.89,-1
7,player,103,0,0,0.00,705.70,57.73,878.89,-1
7,player,104,0,0,0.00,705.70,57.73,878.89,-1
7,player,105,0,0,0.00,705.70,57.73,878.89,-1
7,player,106,0,0,0.00,705.70,57.73,878.89,-1
7,player,107,0,0,0.00,705.70,57.73,878.89,-1
7,player,108,0,0,0.00,705.70,57.73,878.89,-1
7,player,109,0,0,0.00,705.70,57.73,878.89,-1
7,player,110,0,0,0.00,705.70,57.73,878.89,-1
7,player,111,0,0,0.00,705.70,57.73,878.89,-1
7,player,112,0,0,0.00,705.70,57.73,878.89,-1
7,player,113,0,0,0.00,705.70,57.73,878.89,-1
7,player,114,1,0,0.00,705.70,57.73,878.89,-1
8,player,15,0,0,1462.45,566.73,1547.97,739.91,33
8,player,16,0,0,1460.64,565.74,1546.16,738.93,33
8,player,17,0,0,1458.83,564.75,1544.36,737.94,33
8,player,18,0,0,1457.02,563.77,1542.55,736.95,33
8,player,19,0,0,1455.21,562.78,1540.74,735.97,33
8,player,20,0,0,1453.40,561.79,1538.93,734.98,33
8,player,21,0,0,1451.60,560.81,1537.12,733.99,33
8,player,22,0,0,1449.79,559.82,1535.31,733.01,33
8,player,23,0,0,1447.98,558.83,1533.50,732.02,33
8,player,24,0,0,1446.17,557.85,1531.69,731.03,33
8,player,25,0,0,1444.36,556.86,1529.88,730.04,33
8,player,26,0,0,1442.55,555.87,1528.07,729.06,33
8,player,27,0,0,1440.74,554.89,1526.26,728.07,33
8,player,28,0,0,1438.93,553.90,1524.45,727.08,33
8,player,29,0,0,1437.12,552.91,1522.65,726.10,33
8,player,30,0,0,1435.31,551.93,1520.84,725.11,33
8,player,31,0,0,1433.50,550.94,1519.03,724.12,33
8,player,32,0,0,1431.69,549.95,1517.22,723.14,33
8,player,33,0,0,1429.89,548.96,1515.41,722.15,33
8,player,34,0,0,1428.08,547.98,1513.60,721.16,33
8,player,35,0,0,1426.27,546.99,1511.79,720.18,33
8,player,36,0,0,1424.46,546.00,1509.98,719.19,33
8,player,37,0,0,1422.65,545.02,1508.17,718.20,33
8,player,38,0,0,1420.84,544.03,1506.36,717.22,33
8,player,39,0,0,1419.03,543.04,1504.55,716.23,33
8,player,40,0,0,1417.22,542.06,1502.74,715.24,33
8,player,41,0,0,1415.41,541.07,1500.94,714.26,33
8,player,42,0,0,1414.59,540.81,1500.12,713.99,33
8,player,43,0,0,1413.77,540.54,1499.30,713.73,33
8,player,44,0,0,1412.95,540.28,1498.48,713.47,33
8,player,45,0,0,1412.13,540.02,1497.66,713.20,33
8,player,46,0,0,1411.31,539.75,1496.84,712.94,33
8,player,47,0,0,1410.49,539.49,1496.02,712.67,33
8,player,48,0,0,1409.67,539.23,1495.19,712.41,33
8,player,49,0,0,1408.85,538.96,1494.37,712.15,33
8,player,50,0,0,1408.03,538.70,1493.55,711.88,33
8,player,51,0,0,1407.21,538.43,1492.73,711.62,33
8,player,52,0,0,1406.39,538.17,1491.91,711.36,33
8,player,53,0,0,1405.57,537.91,1491.09,711.09,33
8,player,54,0,0,1404.75,537.64,1490.27,710.83,33
8,player,55,0,0,1403.93,537.38,1489.45,710.57,33
8,player,56,0,0,1403.11,537.12,1488.63,710.30,33
8,player,57,0,0,1402.29,536.85,1487.81,710.04,33
8,player,58,0,0,1401.47,536.59,1486.99,709.77,33
8,player,59,0,0,1400.65,536.33,1486.17,709.51,33
8,player,60,0,0,1399.83,536.06,1485.35,709.25,33
8,player,61,0,0,1399.01,535.80,1484.53,708.98,33
8,player,62,0,0,1398.19,535.53,1483.71,708.72,33
8,player,63,0,0,1397.37,535.27,1482.89,708.46,33
8,player,64,0,0,1396.55,535.01,1482.07,708.19,33
8,player,65,0,0,1395.73,534.74,1481.25,707.93,33
8,player,66,0,0,1394.91,534.48,1480.43,707.67,33
8,player,67,0,0,1394.09,534.22,1479.61,707.40,33
8,player,68,0,0,1393.27,533.95,1478.79,707.14,33
8,player,69,0,0,1392.45,533.69,1477.97,706.87,33
8,player,70,0,0,1391.63,533.43,1477.15,706.61,33
8,player,71,0,0,1390.81,533.16,1476.33,706.35,33
8,player,72,0,0,1389.99,532.90,1475.51,706.08,33
8,player,73,0,0,1389.17,532.63,1474.69,705.82,33
8,player,74,0,0,1388.35,532.37,1473.87,705.56,33
8,player,75,0,0,1387.53,532.11,1473.05,705.29,33
8,player,76,0,0,1386.71,531.84,1472.23,705.03,33
8,player,77,0,0,1385.89,531.58,1471.41,704.77,33
8,player,78,0,0,1385.07,531.32,1470.59,704.50,33
8,player,79,0,0,1384.25,531.05,1469.77,704.24,33
8,player,80,0,0,1383.43,530.79,1468.95,703.98,33
8,player,81,0,0,1382.61,530.53,1468.13,703.71,33
8,player,82,0,0,1381.79,530.26,1467.31,703.45,33
8,player,83,0,0,1380.97,530.00,1466.49,703.18,33
8,player,84,0,0,1380.15,529.74,1465.67,702.92,33
8,player,85,0,0,1379.33,529.47,1464.85,702.66,33
8,player,86,0,0,1378.51,529.21,1464.03,702.39,33
8,player,87,0,0,1377.69,528.94,1463.21,702.13,33
8,player,88,0,0,1376.87,528.68,1462.39,701.87,33
8,player,89,0,0,1376.05,528.42,1461.57,701.60,33
8,player,90,0,0,1375.23,528.15,1460.75,701.34,33
8,player,91,0,0,1374.41,527.89,1459.93,701.08,33
8,player,92,0,0,1373.59,527.63,1459.11,700.81,33
8,player,93,0,0,1372.77,527.36,1458.29,700.55,33
8,player,94,0,0,1371.95,527.10,1457.47,700.28,33
8,player,95,0,0,1371.13,526.84,1456.65,700.02,33
8,player,96,0,0,1370.31,526.57,1455.83,699.76,33
8,player,97,0,0,1369.49,526.31,1455.01,699.49,33
8,player,98,0,0,1368.67,526.04,1454.19,699.23,33
8,player,99,0,0,1367.85,525.78,1453.37,698.97,33
8,player,100,0,0,1367.03,525.52,1452.55,698.70,33
8,player,101,0,0,1366.21,525.25,1451.73,698.44,33
8,player,102,0,0,1365.39,524.99,1450.91,698.18,33
8,player,103,0,0,1364.57,524.73,1450.09,697.91,33
8,player,104,0,0,1363.75,524.46,1449.27,697.65,33
8,player,105,0,0,1362.93,524.20,1448.45,697.39,33
8,player,106,0,0,1362.11,523.94,1447.63,697.12,33
8,player,107,0,0,1361.29,523.67,1446.81,696.86,33
8,player,108,0,0,1360.47,523.41,1445.99,696.59,33
8,player,109,0,0,1359.65,523.15,1445.17,696.33,33
8,player,110,0,0,1358.83,522.88,1444.35,696.07,33
8,player,111,0,0,1358.01,522.62,1443.53,695.80,33
8,player,112,0,0,1357.19,522.35,1442.71,695.54,33
8,player,113,0,0,1356.37,522.09,1441.89,695.28,33
8,player,114,0,0,1355.55,521.83,1441.07,695.01,33
8,player,115,0,0,1358.56,520.82,1444.09,694.01,33
8,player,116,0,0,1361.58,519.81,1447.11,693.00,33
8,player,117,0,0,1364.60,518.81,1450.12,691.99,33
8,player,118,0,0,1367.62,517.80,1453.14,690.99,33
8,player,119,0,0,1370.64,516.80,1456.16,689.98,33
8,player,120,0,0,1373.66,515.79,1459.18,688.98,33
8,player,121,0,0,1376.67,514.78,1462.20,687.97,33
8,player,122,0,0,1379.69,513.78,1465.22,686.96,33
8,player,123,0,0,1382.71,512.77,1468.24,685.96,33
8,player,124,0,0,1385.73,511.77,1471.25,684.95,33
8,player,125,0,0,1388.75,510.76,1474.27,683.95,33
8,player,126,0,0,1391.77,509.75,1477.29,682.94,33
8,player,127,0,0,1394.79,508.75,1480.31,681.93,33
8,player,128,0,0,1397.80,507.74,1483.33,680.93,33
8,player,129,0,0,1400.82,506.73,1486.35,679.92,33
8,player,130,0,0,1403.84,505.73,1489.36,678.91,33
8,player,131,0,0,1406.86,504.72,1492.38,677.91,33
8,player,132,0,0,1409.17,504.55,1494.69,677.74,33
8,player,133,0,0,1411.48,504.38,1497.00,677.57,33
8,player,134,0,0,1413.79,504.21,1499.31,677.40,33
8,player,135,0,0,1416.10,504.04,1501.62,677.22,33
8,player,136,0,0,1418.40,503.87,1503.93,677.05,33
8,player,137,0,0,1420.71,503.70,1506.24,676.88,33
8,player,138,0,0,1423.02,503.53,1508.55,676.71,33
8,player,139,0,0,1425.33,503.35,1510.86,676.54,33
8,player,140,0,0,1427.64,503.18,1513.16,676.37,33
8,player,141,0,0,1429.95,503.01,1515.47,676.20,33
8,player,142,0,0,1432.26,502.84,1517.78,676.03,33
8,player,143,0,0,1434.57,502.67,1520.09,675.86,33
8,player,144,0,0,1436.88,502.50,1522.40,675.68,33
8,player,145,0,0,1439.19,502.33,1524.71,675.51,33
8,player,146,0,0,1441.50,502.16,1527.02,675.34,33
8,player,147,0,0,1443.81,501.99,1529.33,675.17,33
8,player,148,0,0,1446.11,501.81,1531.64,675.00,33
8,player,149,0,0,1448.42,501.64,1533.95,674.83,33
8,player,150,0,0,1450.73,501.47,1536.26,674.66,33
8,player,151,0,0,1453.04,501.30,1538.56,674.49,33
8,player,152,0,0,1455.35,501.13,1540.87,674.32,33
8,player,153,0,0,1457.66,500.96,1543.18,674.14,33
8,player,154,0,0,1459.97,500.79,1545.49,673.97,33
8,player,155,0,0,1462.28,500.62,1547.80,673.80,33
8,player,156,0,0,1464.59,500.45,1550.11,673.63,33
8,player,157,0,0,1466.53,500.15,1552.05,673.33,33
8,player,158,0,0,1468.46,499.85,1553.99,673.04,33
8,player,159,0,0,1470.40,499.55,1555.93,672.74,33
8,player,160,0,0,1472.34,499.25,1557.87,672.44,33
8,player,161,0,0,1474.28,498.95,1559.80,672.14,33
8,player,162,0,0,1476.22,498.66,1561.74,671.84,33
8,player,163,0,0,1478.16,498.36,1563.68,671.54,33
8,player,164,0,0,1480.10,498.06,1565.62,671.25,33
8,player,165,0,0,1482.04,497.76,1567.56,670.95,33
8,player,166,0,0,1483.97,497.46,1569.50,670.65,33
8,player,167,0,0,1485.91,497.17,1571.44,670.35,33
8,player,168,0,0,1487.85,496.87,1573.37,670.05,33
8,player,169,0,0,1489.79,496.57,1575.31,669.75,33
8,player,170,0,0,1491.73,496.27,1577.25,669.46,33
8,player,171,0,0,1493.67,495.97,1579.19,669.16,33
8,player,172,0,0,1495.61,495.67,1581.13,668.86,33
8,player,173,0,0,1497.54,495.38,1583.07,668.56,33
8,player,174,0,0,1499.48,495.08,1585.01,668.26,33
8,player,175,0,0,1501.42,494.78,1586.95,667.96,33
8,player,176,0,0,1503.36,494.48,1588.88,667.67,33
8,player,177,0,0,1505.30,494.18,1590.82,667.37,33
8,player,178,0,0,1507.24,493.88,1592.76,667.07,33
8,player,179,0,0,1509.18,493.59,1594.70,666.77,33
8,player,180,0,0,1511.12,493.29,1596.64,666.47,33
8,player,181,0,0,1513.05,492.99,1598.58,666.17,33
8,player,182,0,0,1514.99,492.69,1600.52,665.88,33
8,player,183,0,0,1516.93,492.39,1602.46,665.58,33
8,player,184,0,0,1518.87,492.09,1604.39,665.28,33
8,player,185,0,0,1520.81,491.80,1606.33,664.98,33
8,player,186,0,0,1522.75,491.50,1608.27,664.68,33
8,player,187,0,0,1524.69,491.20,1610.21,664.39,33
8,player,188,0,0,1526.63,490.90,1612.15,664.09,33
8,player,189,0,0,1528.56,490.60,1614.09,663.79,33
8,player,190,0,0,1530.50,490.30,1616.03,663.49,33
8,player,191,0,0,1533.76,490.85,1619.29,664.03,33
8,player,192,0,0,1537.02,491.39,1622.55,664.58,33
8,player,193,0,0,1540.28,491.93,1625.81,665.12,33
8,player,194,0,0,1543.54,492.48,1629.06,665.66,33
8,player,195,0,0,1546.80,493.02,1632.32,666.21,33
8,player,196,0,0,1550.06,493.56,1635.58,666.75,33
8,player,197,0,0,1553.32,494.11,1638.84,667.29,33
8,player,198,0,0,1556.58,494.65,1642.10,667.84,33
8,player,199,0,0,1559.84,495.19,1645.36,668.38,33
8,player,200,0,0,1563.10,495.74,1648.62,668.92,33
8,player,201,0,0,1566.36,496.28,1651.88,669.47,33
8,player,202,0,0,1569.62,496.82,1655.14,670.01,33
8,player,203,0,0,1572.88,497.37,1658.40,670.55,33
8,player,204,0,0,1576.14,497.91,1661.66,671.10,33
8,player,205,0,0,1580.08,499.06,1665.61,672.25,33
8,player,206,0,0,1584.03,500.21,1669.55,673.40,33
8,player,207,0,0,1587.98,501.36,1673.50,674.55,33
8,player,208,0,0,1591.93,502.52,1677.45,675.70,33
8,player,209,0,0,1595.87,503.67,1681.40,676.85,33
8,player,210,0,0,1599.82,504.82,1685.34,678.00,33
8,player,211,0,0,1603.77,505.97,1689.29,679.15,33
8,player,212,0,0,1607.71,507.12,1693.24,680.31,33
8,player,213,0,0,1611.66,508.27,1697.18,681.46,33
8,player,214,0,0,1615.61,509.42,1701.13,682.61,33
8,player,215,0,0,1619.56,510.57,1705.08,683.76,33
8,player,216,0,0,1623.50,511.73,1709.03,684.91,33
8,player,217,0,0,1627.45,512.88,1712.97,686.06,33
8,player,218,0,0,1629.97,512.84,1715.50,686.03,33
8,player,219,0,0,1632.50,512.81,1718.02,685.99,33
8,player,220,0,0,1635.02,512.77,1720.54,685.96,33
8,player,221,0,0,1637.54,512.74,1723.07,685.92,33
8,player,222,0,0,1640.07,512.70,1725.59,685.89,33
8,player,223,0,0,1642.59,512.67,1728.12,685.85,33
8,player,224,0,0,1645.12,512.63,1730.64,685.82,33
8,player,225,0,0,1647.64,512.60,1733.16,685.78,33
8,player,226,0,0,1650.16,512.56,1735.69,685.75,33
8,player,227,0,0,1652.69,512.53,1738.21,685.71,33
8,player,228,0,0,1655.21,512.49,1740.73,685.68,33
8,player,229,0,0,1657.73,512.46,1743.26,685.64,33
8,player,230,0,0,1660.26,512.42,1745.78,685.61,33
8,player,231,0,0,1662.78,512.39,1748.30,685.57,33
8,player,232,0,0,1665.30,512.35,1750.83,685.54,33
8,player,233,0,0,1667.83,512.32,1753.35,685.50,33
8,player,234,0,0,1670.35,512.28,1755.88,685.47,33
8,player,235,0,0,1672.88,512.25,1758.40,685.43,33
8,player,236,0,0,1675.40,512.21,1760.92,685.40,33
8,player,237,0,0,1677.92,512.18,1763.45,685.36,33
8,player,238,0,0,1680.45,512.14,1765.97,685.33,33
8,player,239,0,0,1682.97,512.11,1768.49,685.29,33
8,player,240,0,0,1685.49,512.07,1771.02,685.26,33
8,player,241,0,0,1688.02,512.04,1773.54,685.22,33
8,player,242,0,0,1690.54,512.00,1776.06,685.19,33
8,player,243,0,0,1693.06,511.97,1778.59,685.15,33
8,player,244,0,0,1695.59,511.93,1781.11,685.12,33
8,player,245,0,0,1698.11,511.90,1783.64,685.08,33
8,player,246,0,0,1700.64,511.86,1786.16,685.05,33
8,player,247,0,0,1703.16,511.83,1788.68,685.01,33
8,player,248,0,0,1705.68,511.79,1791.21,684.98,33
8,player,249,0,0,1708.21,511.76,1793.73,684.94,33
8,player,250,0,0,1710.73,511.72,1796.25,684.91,33
8,player,251,0,0,1713.25,511.68,1798.78,684.87,33
8,player,252,0,0,1715.78,511.65,1801.30,684.84,33
8,player,253,0,0,1718.30,511.61,1803.82,684.80,33
8,player,254,0,0,1720.82,511.58,1806.35,684.77,33
8,player,255,0,0,1723.35,511.54,1808.87,684.73,33
8,player,256,0,0,1725.87,511.51,1811.40,684.70,33
8,player,257,0,0,1728.40,511.47,1813.92,684.66,33
8,player,258,0,0,1730.92,511.44,1816.44,684.63,33
8,player,259,0,0,1733.44,511.40,1818.97,684.59,33
8,player,260,0,0,1735.97,511.37,1821.49,684.55,33
8,player,261,0,0,1738.49,511.33,1824.01,684.52,33
8,player,262,0,0,1741.01,511.30,1826.54,684.48,33
8,player,263,0,0,1743.54,511.26,1829.06,684.45,33
8,player,264,0,0,1746.06,511.23,1831.58,684.41,33
8,player,265,0,0,1748.58,511.19,1834.11,684.38,33
8,player,266,0,0,1751.11,511.16,1836.63,684.34,33
8,player,267,0,0,1753.63,511.12,1839.16,684.31,33
8,player,268,0,0,1756.16,511.09,1841.68,684.27,33
8,player,269,0,0,1758.68,511.05,1844.20,684.24,33
8,player,270,0,0,1761.20,511.02,1846.73,684.20,33
8,player,271,0,0,1763.73,510.98,1849.25,684.17,33
8,player,272,0,0,1766.25,510.95,1851.77,684.13,33
8,player,273,0,0,1768.77,510.91,1854.30,684.10,33
8,player,274,0,0,1771.30,510.88,1856.82,684.06,33
8,player,275,0,0,1773.82,510.84,1859.34,684.03,33
8,player,276,0,0,1776.34,510.81,1861.87,683.99,33
8,player,277,0,0,1778.87,510.77,1864.39,683.96,33
8,player,278,0,0,1781.39,510.74,1866.92,683.92,33
8,player,279,0,0,1781.39,510.74,1866.92,683.92,33
8,player,280,0,0,1781.39,510.74,1866.92,683.92,33
8,player,281,0,0,1781.39,510.74,1866.92,683.92,33
8,player,282,0,0,1781.39,510.74,1866.92,683.92,33
8,player,283,0,0,1781.39,510.74,1866.92,683.92,33
8,player,284,0,0,1781.39,510.74,1866.92,683.92,33
8,player,285,0,0,1781.39,510.74,1866.92,683.92,33
8,player,286,0,0,1781.39,510.74,1866.92,683.92,33
8,player,287,0,0,1781.39,510.74,1866.92,683.92,33
8,player,288,0,0,1781.39,510.74,1866.92,683.92,33
8,player,289,0,0,1781.39,510.74,1866.92,683.92,33
8,player,290,0,0,1781.39,510.74,1866.92,683.92,33
8,player,291,0,0,1781.39,510.74,1866.92,683.92,33
8,player,292,0,0,1781.39,510.74,1866.92,683.92,33
8,player,293,0,0,1781.39,510.74,1866.92,683.92,33
8,player,294,0,0,1781.39,510.74,1866.92,683.92,33
8,player,295,0,0,1781.39,510.74,1866.92,683.92,33
8,player,296,0,0,1781.39,510.74,1866.92,683.92,33
8,player,297,0,0,1781.39,510.74,1866.92,683.92,33
8,player,298,0,0,1781.39,510.74,1866.92,683.92,33
8,player,299,0,0,1781.39,510.74,1866.92,683.92,33
8,player,300,0,0,1781.39,510.74,1866.92,683.92,33
8,player,301,0,0,1781.39,510.74,1866.92,683.92,33
8,player,302,0,0,1781.39,510.74,1866.92,683.92,33
8,player,303,0,0,1781.39,510.74,1866.92,683.92,33
8,player,304,0,0,1781.39,510.74,1866.92,683.92,33
8,player,305,0,0,1781.39,510.74,1866.92,683.92,33
8,player,306,0,0,1781.39,510.74,1866.92,683.92,33
8,player,307,0,0,1781.39,510.74,1866.92,683.92,33
8,player,308,0,0,1781.39,510.74,1866.92,683.92,33
8,player,309,0,0,1781.39,510.74,1866.92,683.92,33
8,player,310,0,0,1781.39,510.74,1866.92,683.92,33
8,player,311,0,0,1781.39,510.74,1866.92,683.92,33
8,player,312,0,0,1781.39,510.74,1866.92,683.92,33
8,player,313,0,0,1781.39,510.74,1866.92,683.92,33
8,player,314,0,0,1781.39,510.74,1866.92,683.92,33
8,player,315,0,0,1781.39,510.74,1866.92,683.92,33
8,player,316,0,0,1781.39,510.74,1866.92,683.92,33
8,player,317,0,0,1781.39,510.74,1866.92,683.92,33
8,player,318,0,0,1781.39,510.74,1866.92,683.92,33
8,player,319,0,0,1781.39,510.74,1866.92,683.92,33
8,player,320,0,0,1781.39,510.74,1866.92,683.92,33
8,player,321,0,0,1781.39,510.74,1866.92,683.92,33
8,player,322,0,0,1781.39,510.74,1866.92,683.92,33
8,player,323,0,0,1781.39,510.74,1866.92,683.92,33
8,player,324,0,0,1781.39,510.74,1866.92,683.92,33
8,player,325,0,0,1781.39,510.74,1866.92,683.92,33
8,player,326,0,0,1781.39,510.74,1866.92,683.92,33
8,player,327,0,0,1781.39,510.74,1866.92,683.92,33
8,player,328,0,0,1781.39,510.74,1866.92,683.92,33
8,player,329,0,0,1781.39,510.74,1866.92,683.92,33
8,player,330,0,0,1781.39,510.74,1866.92,683.92,33
8,player,331,0,0,1781.39,510.74,1866.92,683.92,33
8,player,332,0,0,1781.39,510.74,1866.92,683.92,33
8,player,333,0,0,1781.39,510.74,1866.92,683.92,33
8,player,334,0,0,1781.39,510.74,1866.92,683.92,33
8,player,335,0,0,1781.39,510.74,1866.92,683.92,33
8,player,336,0,0,1781.39,510.74,1866.92,683.92,33
8,player,337,0,0,1781.39,510.74,1866.92,683.92,33
8,player,338,0,0,1781.39,510.74,1866.92,683.92,33
8,player,339,0,0,1781.39,510.74,1866.92,683.92,33
8,player,340,0,0,1781.39,510.74,1866.92,683.92,33
8,player,341,0,0,1781.39,510.74,1866.92,683.92,33
8,player,342,0,0,1781.39,510.74,1866.92,683.92,33
8,player,343,0,0,1781.39,510.74,1866.92,683.92,33
8,player,344,0,0,1781.39,510.74,1866.92,683.92,33
8,player,345,1,0,1781.39,510.74,1866.92,683.92,33
9,player,15,0,0,1242.23,186.15,1317.10,325.10,4
9,player,16,0,0,1241.92,185.89,1316.79,324.84,4
9,player,17,0,0,1241.61,185.63,1316.48,324.58,4
9,player,18,0,0,1241.30,185.37,1316.17,324.32,4
9,player,19,0,0,1240.98,185.11,1315.86,324.06,4
9,player,20,0,0,1240.67,184.85,1315.55,323.80,4
9,player,21,0,0,1240.36,184.59,1315.24,323.55,4
9,player,22,0,0,1240.05,184.33,1314.93,323.29,4
9,player,23,0,0,1239.74,184.07,1314.61,323.03,4
9,player,24,0,0,1239.43,183.81,1314.30,322.77,4
9,player,25,0,0,1239.12,183.56,1313.99,322.51,4
9,player,26,0,0,1238.81,183.30,1313.68,322.25,4
9,player,27,0,0,1238.50,183.04,1313.37,321.99,4
9,player,28,0,0,1238.19,182.78,1313.06,321.73,4
9,player,29,0,0,1237.88,182.52,1312.75,321.47,4
9,player,30,0,0,1237.57,182.26,1312.44,321.21,4
9,player,31,0,0,1237.26,182.00,1312.13,320.95,4
9,player,32,0,0,1236.95,181.74,1311.82,320.69,4
9,player,33,0,0,1236.64,181.48,1311.51,320.44,4
9,player,34,0,0,1236.33,181.22,1311.20,320.18,4
9,player,35,0,0,1236.01,180.96,1310.89,319.92,4
9,player,36,0,0,1235.70,180.71,1310.58,319.66,4
9,player,37,0,0,1235.39,180.45,1310.27,319.40,4
9,player,38,0,0,1235.08,180.19,1309.95,319.14,4
9,player,39,0,0,1234.77,179.93,1309.64,318.88,4
9,player,40,0,0,1234.46,179.67,1309.33,318.62,4
9,player,41,0,0,1234.15,179.41,1309.02,318.36,4
9,player,42,0,0,1230.72,179.15,1305.59,318.10,4
9,player,43,0,0,1227.28,178.89,1302.16,317.84,4
9,player,44,0,0,1223.85,178.63,1298.72,317.58,4
9,player,45,0,0,1220.42,178.37,1295.29,317.33,4
9,player,46,0,0,1216.98,178.11,1291.86,317.07,4
9,player,47,0,0,1213.55,177.85,1288.42,316.81,4
9,player,48,0,0,1210.12,177.60,1284.99,316.55,4
9,player,49,0,0,1206.68,177.34,1281.56,316.29,4
9,player,50,0,0,1203.25,177.08,1278.12,316.03,4
9,player,51,0,0,1199.82,176.82,1274.69,315.77,4
9,player,52,0,0,1196.38,176.56,1271.26,315.51,4
9,player,53,0,0,1192.95,176.30,1267.82,315.25,4
9,player,54,0,0,1189.52,176.04,1264.39,314.99,4
9,player,55,0,0,1186.08,175.78,1260.96,314.73,4
9,player,56,0,0,1182.65,175.52,1257.52,314.47,4
9,player,57,0,0,1179.22,175.26,1254.09,314.22,4
9,player,58,0,0,1175.78,175.00,1250.66,313.96,4
9,player,59,0,0,1172.35,174.74,1247.22,313.70,4
9,player,60,0,0,1168.92,174.49,1243.79,313.44,4
9,player,61,0,0,1165.48,174.23,1240.36,313.18,4
9,player,62,0,0,1162.05,173.97,1236.92,312.92,4
9,player,63,0,0,1158.62,173.71,1233.49,312.66,4
9,player,64,0,0,1155.18,173.45,1230.06,312.40,4
9,player,65,0,0,1151.75,173.19,1226.62,312.14,4
9,player,66,0,0,1148.32,172.93,1223.19,311.88,4
9,player,67,0,0,1144.88,172.67,1219.76,311.62,4
9,player,68,0,0,1141.45,172.41,1216.32,311.36,4
9,player,69,0,0,1138.02,172.15,1212.89,311.11,4
9,player,70,0,0,1134.58,171.89,1209.46,310.85,4
9,player,71,0,0,1131.15,171.63,1206.02,310.59,4
9,player,72,0,0,1127.72,171.38,1202.59,310.33,4
9,player,73,0,0,1124.28,171.12,1199.16,310.07,4
9,player,74,0,0,1120.85,170.86,1195.72,309.81,4
9,player,75,0,0,1117.42,170.60,1192.29,309.55,4
9,player,76,0,0,1113.98,170.34,1188.86,309.29,4
9,player,77,0,0,1110.55,170.08,1185.42,309.03,4
9,player,78,0,0,1107.12,169.82,1181.99,308.77,4
9,player,79,0,0,1103.69,169.56,1178.56,308.51,4
9,player,80,0,0,1100.25,169.30,1175.12,308.25,4
9,player,81,0,0,1096.82,169.04,1171.69,308.00,4
9,player,82,0,0,1093.39,168.78,1168.26,307.74,4
9,player,83,0,0,1089.95,168.52,1164.82,307.48,4
9,player,84,0,0,1086.52,168.27,1161.39,307.22,4
9,player,85,0,0,1083.09,168.01,1157.96,306.96,4
9,player,86,0,0,1079.65,167.75,1154.52,306.70,4
9,player,87,0,0,1076.22,167.49,1151.09,306.44,4
9,player,88,0,0,1072.79,167.23,1147.66,306.18,4
9,player,89,0,0,1069.35,166.97,1144.22,305.92,4
9,player,90,0,0,1065.92,166.71,1140.79,305.66,4
9,player,91,0,0,1062.49,166.45,1137.36,305.40,4
9,player,92,0,0,1059.05,166.19,1133.92,305.14,4
9,player,93,0,0,1055.62,165.93,1130.49,304.89,4
9,player,94,0,0,1052.19,165.67,1127.06,304.63,4
9,player,95,0,0,1048.75,165.41,1123.62,304.37,4
9,player,96,0,0,1045.32,165.16,1120.19,304.11,4
9,player,97,0,0,1041.89,164.90,1116.76,303.85,4
9,player,98,0,0,1038.45,164.64,1113.32,303.59,4
9,player,99,0,0,1035.02,164.38,1109.89,303.33,4
9,player,100,0,0,1031.59,164.12,1106.46,303.07,4
9,player,101,0,0,1028.15,163.86,1103.02,302.81,4
9,player,102,0,0,1024.72,163.60,1099.59,302.55,4
9,player,103,0,0,1021.29,163.34,1096.16,302.29,4
9,player,104,0,0,1017.85,163.08,1092.72,302.03,4
9,player,105,0,0,1014.42,162.82,1089.29,301.78,4
9,player,106,0,0,1010.99,162.56,1085.86,301.52,4
9,player,107,0,0,1007.55,162.30,1082.43,301.26,4
9,player,108,0,0,1004.12,162.05,1078.99,301.00,4
9,player,109,0,0,1000.69,161.79,1075.56,300.74,4
9,player,110,0,0,997.25,161.53,1072.13,300.48,4
9,player,111,0,0,993.82,161.27,1068.69,300.22,4
9,player,112,0,0,990.39,161.01,1065.26,299.96,4
9,player,113,0,0,986.95,160.75,1061.83,299.70,4
9,player,114,0,0,983.52,160.49,1058.39,299.44,4
9,player,115,0,0,982.01,160.36,1056.88,299.32,4
9,player,116,0,0,980.50,160.24,1055.37,299.19,4
9,player,117,0,0,978.99,160.11,1053.86,299.07,4
9,player,118,0,0,977.48,159.99,1052.35,298.94,4
9,player,119,0,0,975.97,159.86,1050.85,298.81,4
9,player,120,0,0,974.46,159.74,1049.34,298.69,4
9,player,121,0,0,972.95,159.61,1047.83,298.56,4
9,player,122,0,0,971.45,159.48,1046.32,298.44,4
9,player,123,0,0,969.94,159.36,1044.81,298.31,4
9,player,124,0,0,968.43,159.23,1043.30,298.19,4
9,player,125,0,0,966.92,159.11,1041.79,298.06,4
9,player,126,0,0,965.41,158.98,1040.28,297.93,4
9,player,127,0,0,963.90,158.86,1038.77,297.81,4
9,player,128,0,0,962.39,158.73,1037.26,297.68,4
9,player,129,0,0,960.88,158.60,1035.75,297.56,4
9,player,130,0,0,959.37,158.48,1034.24,297.43,4
9,player,131,0,0,957.86,158.35,1032.73,297.31,4
9,player,132,0,0,958.30,158.18,1033.17,297.13,4
9,player,133,0,0,958.74,158.00,1033.61,296.96,4
9,player,134,0,0,959.17,157.83,1034.05,296.78,4
9,player,135,0,0,959.61,157.65,1034.48,296.61,4
9,player,136,0,0,960.05,157.48,1034.92,296.43,4
9,player,137,0,0,960.48,157.30,1035.36,296.26,4
9,player,138,0,0,960.92,157.13,1035.79,296.08,4
9,player,139,0,0,961.36,156.95,1036.23,295.91,4
9,player,140,0,0,961.80,156.78,1036.67,295.73,4
9,player,141,0,0,962.23,156.60,1037.11,295.56,4
9,player,142,0,0,962.67,156.43,1037.54,295.38,4
9,player,143,0,0,963.11,156.25,1037.98,295.21,4
9,player,144,0,0,963.54,156.08,1038.42,295.03,4
9,player,145,0,0,963.98,155.90,1038.85,294.86,4
9,player,146,0,0,964.42,155.73,1039.29,294.68,4
9,player,147,0,0,964.86,155.56,1039.73,294.51,4
9,player,148,0,0,965.29,155.38,1040.17,294.33,4
9,player,149,0,0,965.73,155.21,1040.60,294.16,4
9,player,150,0,0,966.17,155.03,1041.04,293.98,4
9,player,151,0,0,966.60,154.86,1041.48,293.81,4
9,player,152,0,0,967.04,154.68,1041.91,293.63,4
9,player,153,0,0,967.48,154.51,1042.35,293.46,4
9,player,154,0,0,967.92,154.33,1042.79,293.28,4
9,player,155,0,0,968.35,154.16,1043.23,293.11,4
9,player,156,0,0,968.79,153.98,1043.66,292.93,4
9,player,157,0,0,969.23,153.81,1044.10,292.76,4
9,player,158,0,0,969.66,153.63,1044.54,292.58,4
9,player,159,0,0,970.10,153.46,1044.97,292.41,4
9,player,160,0,0,970.54,153.28,1045.41,292.23,4
9,player,161,0,0,972.06,154.13,1046.93,293.08,4
9,player,162,0,0,973.58,154.97,1048.45,293.92,4
9,player,163,0,0,975.10,155.82,1049.97,294.77,4
9,player,164,0,0,976.62,156.66,1051.50,295.62,4
9,player,165,0,0,978.14,157.51,1053.02,296.46,4
9,player,166,0,0,979.66,158.35,1054.54,297.31,4
9,player,167,0,0,981.19,159.20,1056.06,298.15,4
9,player,168,0,0,982.71,160.04,1057.58,299.00,4
9,player,169,0,0,984.23,160.89,1059.10,299.84,4
9,player,170,0,0,985.75,161.73,1060.62,300.69,4
9,player,171,0,0,987.27,162.58,1062.14,301.53,4
9,player,172,0,0,988.79,163.42,1063.66,302.38,4
9,player,173,0,0,990.31,164.27,1065.19,303.22,4
9,player,174,0,0,991.83,165.11,1066.71,304.07,4
9,player,175,0,0,993.35,165.96,1068.23,304.91,4
9,player,176,0,0,994.88,166.80,1069.75,305.76,4
9,player,177,0,0,996.40,167.65,1071.27,306.60,4
9,player,178,0,0,997.92,168.49,1072.79,307.45,4
9,player,179,0,0,999.44,169.34,1074.31,308.29,4
9,player,180,0,0,1000.96,170.18,1075.83,309.14,4
9,player,181,0,0,1002.48,171.03,1077.35,309.98,4
9,player,182,0,0,1004.00,171.87,1078.88,310.83,4
9,player,183,0,0,1005.52,172.72,1080.40,311.67,4
9,player,184,0,0,1007.05,173.56,1081.92,312.52,4
9,player,185,0,0,1008.57,174.41,1083.44,313.36,4
9,player,186,0,0,1010.09,175.25,1084.96,314.21,4
9,player,187,0,0,1011.61,176.10,1086.48,315.05,4
9,player,188,0,0,1013.13,176.94,1088.00,315.90,4
9,player,189,0,0,1014.65,177.79,1089.52,316.74,4
9,player,190,0,0,1016.17,178.63,1091.04,317.59,4
9,player,191,0,0,1015.22,178.71,1090.09,317.67,4
9,player,192,0,0,1014.27,178.79,1089.14,317.75,4
9,player,193,0,0,1013.32,178.87,1088.19,317.82,4
9,player,194,0,0,1012.37,178.95,1087.24,317.90,4
9,player,195,0,0,1011.42,179.03,1086.29,317.98,4
9,player,196,0,0,1010.47,179.11,1085.34,318.06,4
9,player,197,0,0,1009.52,179.19,1084.39,318.14,4
9,player,198,0,0,1008.57,179.27,1083.44,318.22,4
9,player,199,0,0,1007.62,179.35,1082.49,318.30,4
9,player,200,0,0,1006.67,179.43,1081.54,318.38,4
9,player,201,0,0,1005.72,179.51,1080.59,318.46,4
9,player,202,0,0,1004.77,179.59,1079.64,318.54,4
9,player,203,0,0,1003.82,179.66,1078.69,318.62,4
9,player,204,0,0,1002.87,179.74,1077.74,318.70,4
9,player,205,0,0,1001.92,179.82,1076.79,318.78,4
9,player,206,0,0,1000.97,179.90,1075.84,318.85,4
9,player,207,0,0,1000.02,179.98,1074.89,318.93,4
9,player,208,0,0,999.07,180.06,1073.94,319.01,4
9,player,209,0,0,998.12,180.14,1072.99,319.09,4
9,player,210,0,0,997.17,180.22,1072.04,319.17,4
9,player,211,0,0,996.22,180.30,1071.09,319.25,4
9,player,212,0,0,995.27,180.38,1070.14,319.33,4
9,player,213,0,0,994.32,180.46,1069.19,319.41,4
9,player,214,0,0,993.37,180.54,1068.24,319.49,4
9,player,215,0,0,992.42,180.62,1067.29,319.57,4
9,player,216,0,0,991.46,180.69,1066.34,319.65,4
9,player,217,0,0,990.51,180.77,1065.39,319.73,4
9,player,218,0,0,995.74,180.60,1070.61,319.55,4
9,player,219,0,0,1000.96,180.42,1075.83,319.38,4
9,player,220,0,0,1006.18,180.25,1081.05,319.20,4
9,player,221,0,0,1011.40,180.07,1086.28,319.02,4
9,player,222,0,0,1016.63,179.90,1091.50,318.85,4
9,player,223,0,0,1021.85,179.72,1096.72,318.67,4
9,player,224,0,0,1027.07,179.55,1101.94,318.50,4
9,player,225,0,0,1032.29,179.37,1107.17,318.32,4
9,player,226,0,0,1037.52,179.20,1112.39,318.15,4
9,player,227,0,0,1042.74,179.02,1117.61,317.97,4
9,player,228,0,0,1047.96,178.85,1122.83,317.80,4
9,player,229,0,0,1053.18,178.67,1128.06,317.62,4
9,player,230,0,0,1058.41,178.50,1133.28,317.45,4
9,player,231,0,0,1063.63,178.32,1138.50,317.27,4
9,player,232,0,0,1068.85,178.14,1143.73,317.10,4
9,player,233,0,0,1074.08,177.97,1148.95,316.92,4
9,player,234,0,0,1079.30,177.79,1154.17,316.75,4
9,player,235,0,0,1084.52,177.62,1159.39,316.57,4
9,player,236,0,0,1089.74,177.44,1164.62,316.40,4
9,player,237,0,0,1094.97,177.27,1169.84,316.22,4
9,player,238,0,0,1100.19,177.09,1175.06,316.05,4
9,player,239,0,0,1105.41,176.92,1180.28,315.87,4
9,player,240,0,0,1110.63,176.74,1185.51,315.70,4
9,player,241,0,0,1115.86,176.57,1190.73,315.52,4
9,player,242,0,0,1121.08,176.39,1195.95,315.34,4
9,player,243,0,0,1126.30,176.22,1201.17,315.17,4
9,player,244,0,0,1131.52,176.04,1206.40,314.99,4
9,player,245,0,0,1136.75,175.87,1211.62,314.82,4
9,player,246,0,0,1141.97,175.69,1216.84,314.64,4
9,player,247,0,0,1147.19,175.52,1222.06,314.47,4
9,player,248,0,0,1152.41,175.34,1227.29,314.29,4
9,player,249,0,0,1157.64,175.17,1232.51,314.12,4
9,player,250,0,0,1162.86,174.99,1237.73,313.94,4
9,player,251,0,0,1168.08,174.81,1242.95,313.77,4
9,player,252,0,0,1173.30,174.64,1248.18,313.59,4
9,player,253,0,0,1178.53,174.46,1253.40,313.42,4
9,player,254,0,0,1183.75,174.29,1258.62,313.24,4
9,player,255,0,0,1188.97,174.11,1263.84,313.07,4
9,player,256,0,0,1194.19,173.94,1269.07,312.89,4
9,player,257,0,0,1199.42,173.76,1274.29,312.72,4
9,player,258,0,0,1204.64,173.59,1279.51,312.54,4
9,player,259,0,0,1209.86,173.41,1284.73,312.37,4
9,player,260,0,0,1215.08,173.24,1289.96,312.19,4
9,player,261,0,0,1220.31,173.06,1295.18,312.01,4
9,player,262,0,0,1225.53,172.89,1300.40,311.84,4
9,player,263,0,0,1230.75,172.71,1305.62,311.66,4
9,player,264,0,0,1235.97,172.54,1310.85,311.49,4
9,player,265,0,0,1241.20,172.36,1316.07,311.31,4
9,player,266,0,0,1246.42,172.19,1321.29,311.14,4
9,player,267,0,0,1251.64,172.01,1326.51,310.96,4
9,player,268,0,0,1256.86,171.84,1331.74,310.79,4
9,player,269,0,0,1262.09,171.66,1336.96,310.61,4
9,player,270,0,0,1267.31,171.49,1342.18,310.44,4
9,player,271,0,0,1272.53,171.31,1347.40,310.26,4
9,player,272,0,0,1277.75,171.13,1352.63,310.09,4
9,player,273,0,0,1282.98,170.96,1357.85,309.91,4
9,player,274,0,0,1288.20,170.78,1363.07,309.74,4
9,player,275,0,0,1293.42,170.61,1368.29,309.56,4
9,player,276,0,0,1298.64,170.43,1373.52,309.39,4
9,player,277,0,0,1303.87,170.26,1378.74,309.21,4
9,player,278,0,0,1309.09,170.08,1383.96,309.04,4
9,player,279,0,0,1312.20,170.08,1387.07,309.04,4
9,player,280,0,0,1315.31,170.08,1390.18,309.04,4
9,player,281,0,0,1318.42,170.08,1393.29,309.04,4
9,player,282,0,0,1321.53,170.08,1396.40,309.04,4
9,player,283,0,0,1324.64,170.08,1399.51,309.04,4
9,player,284,0,0,1327.75,170.08,1402.62,309.04,4
9,player,285,0,0,1330.86,170.08,1405.73,309.04,4
9,player,286,0,0,1333.97,170.08,1408.84,309.04,4
9,player,287,0,0,1337.08,170.08,1411.95,309.04,4
9,player,288,0,0,1340.19,170.08,1415.06,309.04,4
9,player,289,0,0,1343.30,170.08,1418.17,309.04,4
9,player,290,0,0,1347.31,170.08,1422.18,309.04,4
9,player,291,0,0,1351.32,170.08,1426.19,309.04,4
9,player,292,0,0,1355.33,170.08,1430.20,309.04,4
9,player,293,0,0,1359.33,170.08,1434.21,309.04,4
9,player,294,0,0,1363.34,170.08,1438.22,309.04,4
9,player,295,0,0,1367.35,170.08,1442.22,309.04,4
9,player,296,0,0,1371.36,170.08,1446.23,309.04,4
9,player,297,0,0,1375.37,170.08,1450.24,309.04,4
9,player,298,0,0,1379.38,170.08,1454.25,309.04,4
9,player,299,0,0,1383.39,170.08,1458.26,309.04,4
9,player,300,0,0,1387.40,170.08,1462.27,309.04,4
9,player,301,0,0,1391.41,170.08,1466.28,309.04,4
9,player,302,0,0,1395.41,170.08,1470.29,309.04,4
9,player,303,0,0,1399.42,170.08,1474.30,309.04,4
9,player,304,0,0,1403.43,170.08,1478.30,309.04,4
9,player,305,0,0,1407.44,170.08,1482.31,309.04,4
9,player,306,0,0,1411.45,170.08,1486.32,309.04,4
9,player,307,0,0,1415.46,170.08,1490.33,309.04,4
9,player,308,0,0,1419.47,170.08,1494.34,309.04,4
9,player,309,0,0,1423.48,170.08,1498.35,309.04,4
9,player,310,0,0,1427.49,170.08,1502.36,309.04,4
9,player,311,0,0,1431.49,170.08,1506.37,309.04,4
9,player,312,0,0,1435.50,170.08,1510.38,309.04,4
9,player,313,0,0,1439.51,170.08,1514.39,309.04,4
9,player,314,0,0,1443.52,170.08,1518.39,309.04,4
9,player,315,0,0,1447.53,170.08,1522.40,309.04,4
9,player,316,0,0,1451.54,170.08,1526.41,309.04,4
9,player,317,0,0,1455.55,170.08,1530.42,309.04,4
9,player,318,0,0,1459.56,170.08,1534.43,309.04,4
9,player,319,0,0,1463.57,170.08,1538.44,309.04,4
9,player,320,0,0,1467.58,170.08,1542.45,309.04,4
9,player,321,0,0,1471.58,170.08,1546.46,309.04,4
9,player,322,0,0,1475.59,170.08,1550.47,309.04,4
9,player,323,0,0,1479.60,170.08,1554.47,309.04,4
9,player,324,0,0,1483.61,170.08,1558.48,309.04,4
9,player,325,0,0,1487.62,170.08,1562.49,309.04,4
9,player,326,0,0,1491.63,170.08,1566.50,309.04,4
9,player,327,0,0,1495.64,170.08,1570.51,309.04,4
9,player,328,0,0,1499.65,170.08,1574.52,309.04,4
9,player,329,0,0,1503.66,170.08,1578.53,309.04,4
9,player,330,0,0,1507.66,170.08,1582.54,309.04,4
9,player,331,0,0,1511.67,170.08,1586.55,309.04,4
9,player,332,0,0,1515.68,170.08,1590.55,309.04,4
9,player,333,0,0,1519.69,170.08,1594.56,309.04,4
9,player,334,0,0,1523.70,170.08,1598.57,309.04,4
9,player,335,0,0,1527.71,170.08,1602.58,309.04,4
9,player,336,0,0,1531.72,170.08,1606.59,309.04,4
9,player,337,0,0,1535.73,170.08,1610.60,309.04,4
9,player,338,0,0,1539.74,170.08,1614.61,309.04,4
9,player,339,0,0,1543.74,170.08,1618.62,309.04,4
9,player,340,0,0,1547.75,170.08,1622.63,309.04,4
9,player,341,0,0,1551.76,170.08,1626.63,309.04,4
9,player,342,0,0,1555.77,170.08,1630.64,309.04,4
9,player,343,0,0,1559.78,170.08,1634.65,309.04,4
9,player,344,0,0,1563.79,170.08,1638.66,309.04,4
9,player,345,0,0,1567.80,170.08,1642.67,309.04,4
9,player,346,0,0,1579.75,170.86,1654.62,309.81,4
9,player,347,0,0,1591.71,171.64,1666.58,310.59,4
9,player,348,0,0,1603.66,172.42,1678.53,311.37,4
9,player,349,0,0,1615.61,173.19,1690.49,312.15,4
9,player,350,0,0,1627.57,173.97,1702.44,312.92,4
9,player,351,0,0,1639.52,174.75,1714.39,313.70,4
9,player,352,0,0,1651.47,175.53,1726.35,314.48,4
9,player,353,0,0,1663.43,176.30,1738.30,315.26,4
9,player,354,0,0,1675.38,177.08,1750.25,316.03,4
9,player,355,0,0,1687.34,177.86,1762.21,316.81,4
9,player,356,0,0,1699.29,178.64,1774.16,317.59,4
9,player,357,0,0,1711.24,179.41,1786.12,318.37,4
9,player,358,0,0,1723.20,180.19,1798.07,319.14,4
9,player,359,0,0,1735.15,180.97,1810.02,319.92,4
9,player,360,0,0,1747.11,181.75,1821.98,320.70,4
9,player,361,0,0,1759.06,182.52,1833.93,321.48,4
9,player,362,0,0,1771.01,183.30,1845.89,322.25,4
9,player,363,0,0,1782.97,184.08,1857.84,323.03,4
9,player,364,0,0,1794.92,184.86,1869.79,323.81,4
9,player,365,0,0,1806.87,185.63,1881.75,324.59,4
9,player,366,0,0,1818.83,186.41,1893.70,325.36,4
9,player,367,0,0,1830.78,187.19,1905.65,326.14,4
9,player,368,0,0,1836.59,189.94,1907.70,328.89,4
9,player,369,0,0,1842.39,192.69,1909.75,331.64,4
9,player,370,0,0,1848.19,195.43,1911.80,334.39,4
9,player,371,0,0,1854.00,198.18,1913.85,337.14,4
9,player,372,0,0,1859.80,200.93,1915.90,339.88,4
9,player,373,0,0,1865.60,203.68,1917.95,342.63,4
9,player,374,0,0,1871.41,206.43,1920.00,345.38,4
9,player,375,0,0,1872.98,207.55,1920.00,345.38,4
9,player,376,0,0,1874.55,208.68,1920.00,345.38,4
9,player,377,0,0,1876.13,209.80,1920.00,345.38,4
9,player,378,0,0,1877.70,210.93,1920.00,345.38,4
9,player,379,0,0,1879.27,212.05,1920.00,345.38,4
9,player,380,0,0,1880.85,213.18,1920.00,345.38,4
9,player,381,0,0,1882.42,214.30,1920.00,345.38,4
9,player,382,0,0,1883.99,215.43,1920.00,345.38,4
9,player,383,0,0,1885.57,216.55,1920.00,345.38,4
9,player,384,0,0,1887.14,217.68,1920.00,345.38,4
9,player,385,0,0,1888.71,218.80,1920.00,345.38,4
9,player,386,0,0,1890.29,219.93,1920.00,345.38,4
9,player,387,0,0,1891.86,221.05,1920.00,345.38,4
9,player,388,0,0,1893.43,222.18,1920.00,345.38,4
9,player,389,0,0,1895.01,223.30,1920.00,345.38,4
9,player,390,0,0,1896.58,224.43,1920.00,345.38,4
9,player,391,0,0,1898.15,225.55,1920.00,345.38,4
9,player,392,0,0,1899.73,226.68,1920.00,345.38,4
9,player,393,0,0,1901.30,227.80,1920.00,345.38,4
9,player,394,0,0,1900.29,227.59,1920.00,345.47,4
9,player,395,0,0,1899.27,227.38,1920.00,345.55,4
9,player,396,0,0,1898.26,227.17,1920.00,345.64,4
9,player,397,0,0,1897.25,226.96,1920.00,345.72,4
9,player,398,0,0,1896.23,226.74,1920.00,345.80,4
9,player,399,0,0,1895.22,226.53,1920.00,345.89,4
9,player,400,0,0,1894.20,226.32,1919.99,345.97,4
9,player,401,0,0,1893.19,226.11,1919.99,346.06,4
9,player,402,0,0,1892.18,225.90,1919.99,346.14,4
9,player,403,0,0,1891.16,225.69,1919.99,346.23,4
9,player,404,0,0,1890.15,225.48,1919.99,346.31,4
9,player,405,0,0,1889.14,225.27,1919.99,346.40,4
9,player,406,0,0,1888.12,225.05,1919.99,346.48,4
9,player,407,0,0,1887.11,224.84,1919.99,346.57,4
9,player,408,0,0,1886.10,224.63,1919.99,346.65,4
9,player,409,0,0,1885.08,224.42,1919.99,346.73,4
9,player,410,0,0,1884.07,224.21,1919.99,346.82,4
9,player,411,0,0,1883.06,224.00,1919.99,346.90,4
9,player,412,0,0,1882.04,223.79,1919.99,346.99,4
9,player,413,0,0,1881.03,223.58,1919.99,347.07,4
9,player,414,0,0,1880.01,223.37,1919.98,347.16,4
9,player,415,0,0,1879.00,223.15,1919.98,347.24,4
9,player,416,0,0,1877.99,222.94,1919.98,347.33,4
9,player,417,0,0,1876.97,222.73,1919.98,347.41,4
9,player,418,0,0,1875.96,222.52,1919.98,347.50,4
9,player,419,0,0,1874.95,222.31,1919.98,347.58,4
9,player,420,0,0,1873.93,222.10,1919.98,347.66,4
9,player,421,0,0,1872.92,221.89,1919.98,347.75,4
9,player,422,0,0,1871.91,221.68,1919.98,347.83,4
9,player,423,0,0,1870.89,221.46,1919.98,347.92,4
9,player,424,0,0,1869.88,221.25,1919.98,348.00,4
9,player,425,0,0,1868.86,221.04,1919.98,348.09,4
9,player,426,0,0,1867.85,220.83,1919.98,348.17,4
9,player,427,0,0,1866.84,220.62,1919.97,348.26,4
9,player,428,0,0,1865.82,220.41,1919.97,348.34,4
9,player,429,0,0,1864.81,220.20,1919.97,348.42,4
9,player,430,0,0,1863.80,219.99,1919.97,348.51,4
9,player,431,0,0,1862.78,219.78,1919.97,348.59,4
9,player,432,0,0,1861.77,219.56,1919.97,348.68,4
9,player,433,0,0,1860.76,219.35,1919.97,348.76,4
9,player,434,0,0,1859.74,219.14,1919.97,348.85,4
9,player,435,0,0,1858.73,218.93,1919.97,348.93,4
9,player,436,0,0,1857.71,218.72,1919.97,349.02,4
9,player,437,0,0,1856.70,218.51,1919.97,349.10,4
9,player,438,0,0,1855.69,218.30,1919.97,349.19,4
9,player,439,0,0,1854.67,218.09,1919.97,349.27,4
9,player,440,0,0,1853.66,217.88,1919.96,349.35,4
9,player,441,0,0,1852.65,217.66,1919.96,349.44,4
9,player,442,0,0,1851.63,217.45,1919.96,349.52,4
9,player,443,0,0,1850.62,217.24,1919.96,349.61,4
9,player,444,0,0,1849.61,217.03,1919.96,349.69,4
9,player,445,0,0,1848.59,216.82,1919.96,349.78,4
9,player,446,0,0,1847.58,216.61,1919.96,349.86,4
9,player,447,0,0,1846.57,216.40,1919.96,349.95,4
9,player,448,0,0,1845.55,216.19,1919.96,350.03,4
9,player,449,0,0,1844.54,215.97,1919.96,350.12,4
9,player,450,0,0,1843.52,215.76,1919.96,350.20,4
9,player,451,0,0,1842.51,215.55,1919.96,350.28,4
9,player,452,0,0,1841.50,215.34,1919.96,350.37,4
9,player,453,0,0,1840.48,215.13,1919.96,350.45,4
9,player,454,0,0,1835.05,215.49,1914.52,350.82,4
9,player,455,0,0,1829.62,215.85,1909.09,351.18,4
9,player,456,0,0,1824.19,216.22,1903.66,351.54,4
9,player,457,0,0,1818.75,216.58,1898.22,351.90,4
9,player,458,0,0,1813.32,216.94,1892.79,352.26,4
9,player,459,0,0,1807.89,217.30,1887.36,352.63,4
9,player,460,0,0,1802.46,217.67,1881.93,352.99,4
9,player,461,0,0,1797.02,218.03,1876.49,353.35,4
9,player,462,0,0,1791.59,218.39,1871.06,353.71,4
9,player,463,0,0,1786.16,218.75,1865.63,354.08,4
9,player,464,0,0,1780.73,219.11,1860.20,354.44,4
9,player,465,0,0,1775.29,219.48,1854.76,354.80,4
9,player,466,0,0,1769.86,219.84,1849.33,355.16,4
9,player,467,0,0,1764.43,220.20,1843.90,355.52,4
9,player,468,0,0,1758.99,220.56,1838.47,355.89,4
9,player,469,0,0,1753.56,220.93,1833.03,356.25,4
9,player,470,0,0,1748.13,221.29,1827.60,356.61,4
9,player,471,0,0,1742.70,221.65,1822.17,356.97,4
9,player,472,0,0,1737.26,222.01,1816.74,357.34,4
9,player,473,0,0,1731.83,222.37,1811.30,357.70,4
9,player,474,0,0,1726.40,222.74,1805.87,358.06,4
9,player,475,0,0,1711.19,222.74,1790.66,358.06,4
9,player,476,0,0,1695.98,222.74,1775.45,358.06,4
9,player,477,0,0,1687.96,218.99,1767.43,354.32,4
9,player,478,0,0,1679.94,215.25,1759.41,350.58,4
9,player,479,0,0,1671.92,211.51,1751.39,346.83,4
9,player,480,0,0,1663.91,207.77,1743.38,343.09,4
9,player,481,0,0,1651.25,206.52,1730.73,341.85,4
9,player,482,0,0,1638.60,205.28,1718.08,340.60,4
9,player,483,0,0,1625.95,204.03,1705.43,339.35,4
9,player,484,0,0,1613.30,202.78,1692.78,338.10,4
9,player,485,0,0,1600.65,201.53,1680.13,336.86,4
9,player,486,0,0,1588.00,200.29,1667.48,335.61,4
9,player,487,0,0,1575.35,199.04,1654.82,334.36,4
9,player,488,0,0,1562.70,197.79,1642.17,333.12,4
9,player,489,0,0,1550.05,196.55,1629.52,331.87,4
9,player,490,0,0,1537.40,195.30,1616.87,330.62,4
9,player,491,0,0,1524.75,194.05,1604.22,329.37,4
9,player,492,0,0,1512.10,192.80,1591.57,328.13,4
9,player,493,0,0,1502.84,192.09,1582.31,327.41,4
9,player,494,0,0,1493.57,191.38,1573.04,326.70,4
9,player,495,0,0,1484.31,190.67,1563.78,325.99,4
9,player,496,0,0,1472.70,190.97,1552.17,326.29,4
9,player,497,0,0,1461.09,191.28,1540.56,326.60,4
9,player,498,0,0,1449.49,191.58,1528.96,326.90,4
9,player,499,0,0,1437.88,191.89,1517.35,327.21,4
9,player,500,0,0,1426.27,192.19,1505.74,327.52,4
9,player,501,0,0,1414.67,192.50,1494.14,327.82,4
9,player,502,0,0,1403.06,192.80,1482.53,328.13,4
9,player,503,0,0,1395.02,192.48,1474.50,327.80,4
9,player,504,0,0,1386.99,192.15,1466.46,327.48,4
9,player,505,0,0,1378.96,191.83,1458.43,327.15,4
9,player,506,0,0,1370.92,191.51,1450.39,326.83,4
9,player,507,0,0,1362.89,191.18,1442.36,326.51,4
9,player,508,0,0,1354.85,190.86,1434.33,326.18,4
9,player,509,0,0,1346.82,190.54,1426.29,325.86,4
9,player,510,0,0,1338.79,190.21,1418.26,325.53,4
9,player,511,0,0,1330.75,189.89,1410.22,325.21,4
9,player,512,0,0,1322.72,189.56,1402.19,324.89,4
9,player,513,0,0,1314.68,189.24,1394.16,324.56,4
9,player,514,0,0,1306.65,188.92,1386.12,324.24,4
9,player,515,0,0,1298.62,188.59,1378.09,323.91,4
9,player,516,0,0,1290.58,188.27,1370.05,323.59,4
9,player,517,0,0,1282.55,187.94,1362.02,323.27,4
9,player,518,0,0,1274.51,187.62,1353.99,322.94,4
9,player,519,0,0,1266.48,187.30,1345.95,322.62,4
9,player,520,0,0,1258.45,186.97,1337.92,322.30,4
9,player,521,0,0,1250.41,186.65,1329.88,321.97,4
9,player,522,0,0,1242.38,186.32,1321.85,321.65,4
9,player,523,0,0,1234.34,186.00,1313.82,321.32,4
9,player,524,0,0,1226.31,185.68,1305.78,321.00,4
9,player,525,0,0,1218.28,185.35,1297.75,320.68,4
9,player,526,0,0,1210.24,185.03,1289.71,320.35,4
9,player,527,0,0,1202.21,184.70,1281.68,320.03,4
9,player,528,0,0,1194.17,184.38,1273.65,319.70,4
9,player,529,0,0,1186.14,184.06,1265.61,319.38,4
9,player,530,0,0,1178.11,183.73,1257.58,319.06,4
9,player,531,0,0,1170.07,183.41,1249.54,318.73,4
9,player,532,0,0,1162.04,183.08,1241.51,318.41,4
9,player,533,0,0,1154.00,182.76,1233.48,318.08,4
9,player,534,0,0,1145.97,182.44,1225.44,317.76,4
9,player,535,0,0,1137.94,182.11,1217.41,317.44,4
9,player,536,0,0,1133.35,182.72,1212.83,318.05,4
9,player,537,0,0,1128.77,183.33,1208.25,318.66,4
9,player,538,0,0,1124.19,183.95,1203.66,319.27,4
9,player,539,0,0,1119.61,184.56,1199.08,319.88,4
9,player,540,0,0,1115.03,185.17,1194.50,320.49,4
9,player,541,0,0,1110.45,185.78,1189.92,321.10,4
9,player,542,0,0,1105.87,186.39,1185.34,321.71,4
9,player,543,0,0,1104.03,186.69,1183.20,318.97,4
9,player,544,0,0,1102.20,187.00,1181.07,316.22,4
9,player,545,0,0,1100.37,187.30,1178.94,313.48,4
9,player,546,0,0,1098.53,187.61,1176.80,310.73,4
9,player,547,0,0,1096.70,187.92,1174.67,307.99,4
9,player,548,0,0,1094.87,188.22,1172.53,305.24,4
9,player,549,0,0,1093.04,188.53,1170.40,302.50,4
9,player,550,0,0,1089.03,188.26,1166.39,302.23,4
9,player,551,0,0,1085.02,187.99,1162.38,301.97,4
9,player,552,0,0,1081.01,187.72,1158.37,301.70,4
9,player,553,0,0,1077.00,187.46,1154.36,301.43,4
9,player,554,0,0,1072.99,187.19,1150.36,301.16,4
9,player,555,0,0,1068.98,186.92,1146.35,300.90,4
9,player,556,0,0,1064.97,186.66,1142.34,300.63,4
9,player,557,0,0,1060.97,186.39,1138.33,300.36,4
9,player,558,0,0,1056.96,186.12,1134.32,300.09,4
9,player,559,0,0,1052.95,185.85,1130.31,299.83,4
9,player,560,0,0,1048.94,185.59,1126.30,299.56,4
9,player,561,0,0,1044.93,185.32,1122.29,299.29,4
9,player,562,0,0,1040.92,185.05,1118.28,299.03,4
9,player,563,0,0,1036.91,184.78,1114.28,298.76,4
9,player,564,0,0,1032.90,184.52,1110.27,298.49,4
9,player,565,0,0,1028.89,184.25,1106.26,298.22,4
9,player,566,0,0,1027.27,184.33,1104.63,298.30,4
9,player,567,0,0,1025.65,184.41,1103.01,298.38,4
9,player,568,0,0,1024.02,184.49,1101.39,298.46,4
9,player,569,0,0,1022.40,184.57,1099.76,298.54,4
9,player,570,0,0,1020.78,184.65,1098.14,298.62,4
9,player,571,0,0,1019.15,184.73,1096.52,298.70,4
9,player,572,0,0,1017.53,184.80,1094.89,298.78,4
9,player,573,0,0,1015.91,184.88,1093.27,298.86,4
9,player,574,0,0,1014.28,184.96,1091.65,298.94,4
9,player,575,0,0,1012.66,185.04,1090.02,299.02,4
9,player,576,0,0,1011.04,185.12,1088.40,299.09,4
9,player,577,0,0,1009.41,185.20,1086.78,299.17,4
9,player,578,0,0,1007.79,185.28,1085.15,299.25,4
9,player,579,0,0,1006.17,185.36,1083.53,299.33,4
9,player,580,0,0,1004.54,185.44,1081.91,299.41,4
9,player,581,0,0,1002.92,185.52,1080.28,299.49,4
9,player,582,0,0,1001.30,185.60,1078.66,299.57,4
9,player,583,0,0,999.67,185.68,1077.04,299.65,4
9,player,584,0,0,998.05,185.75,1075.41,299.73,4
9,player,585,0,0,996.43,185.83,1073.79,299.81,4
9,player,586,0,0,994.80,185.91,1072.17,299.89,4
9,player,587,0,0,993.18,185.99,1070.54,299.97,4
9,player,588,0,0,991.56,186.07,1068.92,300.05,4
9,player,589,0,0,989.93,186.15,1067.30,300.12,4
9,player,590,0,0,988.31,186.23,1065.67,300.20,4
9,player,591,0,0,986.69,186.31,1064.05,300.28,4
9,player,592,0,0,985.06,186.39,1062.43,300.36,4
9,player,593,0,0,983.44,186.47,1060.80,300.44,4
9,player,594,0,0,981.82,186.55,1059.18,300.52,4
9,player,595,0,0,980.19,186.63,1057.56,300.60,4
9,player,596,0,0,978.57,186.70,1055.93,300.68,4
9,player,597,0,0,976.95,186.78,1054.31,300.76,4
9,player,598,0,0,975.32,186.86,1052.69,300.84,4
9,player,599,0,0,973.70,186.94,1051.06,300.92,4
9,player,600,0,0,972.08,187.02,1049.44,301.00,4
9,player,601,0,0,970.45,187.10,1047.82,301.07,4
9,player,602,0,0,968.83,187.18,1046.19,301.15,4
9,player,603,0,0,967.21,187.26,1044.57,301.23,4
9,player,604,0,0,965.58,187.34,1042.95,301.31,4
9,player,605,0,0,963.96,187.42,1041.32,301.39,4
9,player,606,0,0,962.34,187.50,1039.70,301.47,4
9,player,607,0,0,960.71,187.58,1038.08,301.55,4
9,player,608,0,0,959.09,187.66,1036.45,301.63,4
9,player,609,0,0,957.47,187.73,1034.83,301.71,4
9,player,610,0,0,955.84,187.81,1033.21,301.79,4
9,player,611,0,0,954.22,187.89,1031.58,301.87,4
9,player,612,0,0,952.60,187.97,1029.96,301.95,4
9,player,613,0,0,950.97,188.05,1028.34,302.02,4
9,player,614,0,0,949.35,188.13,1026.71,302.10,4
9,player,615,0,0,947.73,188.21,1025.09,302.18,4
9,player,616,0,0,946.10,188.29,1023.47,302.26,4
9,player,617,0,0,944.48,188.37,1021.84,302.34,4
9,player,618,0,0,942.86,188.45,1020.22,302.42,4
9,player,619,0,0,941.23,188.53,1018.60,302.50,4
9,player,620,0,0,943.12,188.67,1020.48,302.64,4
9,player,621,0,0,945.00,188.82,1022.37,302.79,4
9,player,622,0,0,946.89,188.96,1024.25,302.93,4
9,player,623,0,0,948.77,189.11,1026.13,303.08,4
9,player,624,0,0,950.66,189.25,1028.02,303.22,4
9,player,625,0,0,952.54,189.40,1029.90,303.37,4
9,player,626,0,0,954.42,189.54,1031.79,303.51,4
9,player,627,0,0,956.31,189.69,1033.67,303.66,4
9,player,628,0,0,958.19,189.83,1035.56,303.80,4
9,player,629,0,0,960.08,189.98,1037.44,303.95,4
9,player,630,0,0,961.96,190.12,1039.32,304.09,4
9,player,631,0,0,963.85,190.27,1041.21,304.24,4
9,player,632,0,0,965.73,190.41,1043.09,304.38,4
9,player,633,0,0,967.62,190.56,1044.98,304.53,4
9,player,634,0,0,969.50,190.70,1046.86,304.67,4
9,player,635,0,0,971.38,190.85,1048.75,304.82,4
9,player,636,0,0,973.27,190.99,1050.63,304.96,4
9,player,637,0,0,975.15,191.14,1052.52,305.11,4
9,player,638,0,0,977.04,191.28,1054.40,305.25,4
9,player,639,0,0,978.92,191.43,1056.28,305.40,4
9,player,640,0,0,980.81,191.57,1058.17,305.54,4
9,player,641,0,0,982.69,191.72,1060.05,305.69,4
9,player,642,0,0,984.58,191.86,1061.94,305.83,4
9,player,643,0,0,986.46,192.01,1063.82,305.98,4
9,player,644,0,0,988.34,192.15,1065.71,306.12,4
9,player,645,0,0,990.23,192.30,1067.59,306.27,4
9,player,646,0,0,992.11,192.44,1069.48,306.41,4
9,player,647,0,0,994.00,192.59,1071.36,306.56,4
9,player,648,0,0,995.88,192.73,1073.24,306.70,4
9,player,649,0,0,997.77,192.88,1075.13,306.85,4
9,player,650,0,0,999.65,193.02,1077.01,306.99,4
9,player,651,0,0,1001.53,193.17,1078.90,307.14,4
9,player,652,0,0,1003.42,193.31,1080.78,307.28,4
9,player,653,0,0,1005.30,193.46,1082.67,307.43,4
9,player,654,0,0,1007.19,193.60,1084.55,307.57,4
9,player,655,0,0,1009.07,193.74,1086.44,307.72,4
9,player,656,0,0,1010.96,193.89,1088.32,307.86,4
9,player,657,0,0,1012.84,194.03,1090.20,308.01,4
9,player,658,0,0,1014.73,194.18,1092.09,308.15,4
9,player,659,0,0,1016.61,194.32,1093.97,308.30,4
9,player,660,0,0,1018.49,194.47,1095.86,308.44,4
9,player,661,0,0,1020.38,194.61,1097.74,308.59,4
9,player,662,0,0,1022.26,194.76,1099.63,308.73,4
9,player,663,0,0,1024.15,194.90,1101.51,308.88,4
9,player,664,0,0,1026.03,195.05,1103.40,309.02,4
9,player,665,0,0,1027.92,195.19,1105.28,309.17,4
9,player,666,0,0,1029.80,195.34,1107.16,309.31,4
9,player,667,0,0,1031.69,195.48,1109.05,309.46,4
9,player,668,0,0,1033.57,195.63,1110.93,309.60,4
9,player,669,0,0,1035.45,195.77,1112.82,309.75,4
9,player,670,0,0,1037.34,195.92,1114.70,309.89,4
9,player,671,0,0,1039.22,196.06,1116.59,310.04,4
9,player,672,0,0,1041.11,196.21,1118.47,310.18,4
9,player,673,0,0,1042.99,196.35,1120.35,310.33,4
9,player,674,0,0,1044.88,196.50,1122.24,310.47,4
9,player,675,0,0,1046.76,196.64,1124.12,310.62,4
9,player,676,0,0,1048.65,196.79,1126.01,310.76,4
9,player,677,0,0,1050.53,196.93,1127.89,310.91,4
9,player,678,0,0,1052.41,197.08,1129.78,311.05,4
9,player,679,0,0,1066.46,197.52,1143.82,311.49,4
9,player,680,0,0,1080.50,197.95,1157.86,311.93,4
9,player,681,0,0,1094.54,198.39,1171.91,312.36,4
9,player,682,0,0,1108.59,198.83,1185.95,312.80,4
9,player,683,0,0,1122.63,199.27,1199.99,313.24,4
9,player,684,0,0,1136.67,199.70,1214.04,313.68,4
9,player,685,0,0,1150.72,200.14,1228.08,314.11,4
9,player,686,0,0,1164.76,200.58,1242.12,314.55,4
9,player,687,0,0,1178.80,201.02,1256.17,314.99,4
9,player,688,0,0,1192.85,201.45,1270.21,315.43,4
9,player,689,0,0,1206.89,201.89,1284.25,315.86,4
9,player,690,0,0,1220.93,202.33,1298.30,316.30,4
9,player,691,0,0,1234.98,202.76,1312.34,316.74,4
9,player,692,0,0,1249.02,203.20,1326.38,317.18,4
9,player,693,0,0,1263.06,203.64,1340.43,317.61,4
9,player,694,0,0,1277.11,204.08,1354.47,318.05,4
9,player,695,0,0,1291.15,204.51,1368.51,318.49,4
9,player,696,0,0,1305.19,204.95,1382.56,318.92,4
9,player,697,0,0,1319.24,205.39,1396.60,319.36,4
9,player,698,0,0,1333.28,205.83,1410.64,319.80,4
9,player,699,0,0,1347.32,206.26,1424.69,320.24,4
9,player,700,0,0,1361.37,206.70,1438.73,320.67,4
9,player,701,0,0,1375.41,207.14,1452.77,321.11,4
9,player,702,0,0,1389.45,207.57,1466.82,321.55,4
9,player,703,0,0,1403.50,208.01,1480.86,321.99,4
9,player,704,0,0,1417.54,208.45,1494.90,322.42,4
9,player,705,0,0,1431.58,208.89,1508.95,322.86,4
9,player,706,0,0,1445.63,209.32,1522.99,323.30,4
9,player,707,0,0,1459.67,209.76,1537.03,323.74,4
9,player,708,0,0,1473.71,210.20,1551.08,324.17,4
9,player,709,0,0,1487.76,210.64,1565.12,324.61,4
9,player,710,0,0,1501.80,211.07,1579.16,325.05,4
9,player,711,0,0,1515.84,211.51,1593.21,325.48,4
9,player,712,0,0,1529.89,211.95,1607.25,325.92,4
9,player,713,0,0,1543.93,212.39,1621.29,326.36,4
9,player,714,0,0,1557.97,212.82,1635.34,326.80,4
9,player,715,0,0,1572.02,213.26,1649.38,327.23,4
9,player,716,0,0,1586.06,213.70,1663.42,327.67,4
9,player,717,0,0,1600.10,214.13,1677.47,328.11,4
9,player,718,0,0,1614.15,214.57,1691.51,328.55,4
9,player,719,0,0,1628.19,215.01,1705.55,328.98,4
9,player,720,0,0,1642.23,215.45,1719.60,329.42,4
9,player,721,0,0,1656.28,215.88,1733.64,329.86,4
9,player,722,0,0,1670.32,216.32,1747.68,330.29,4
9,player,723,0,0,1686.14,217.18,1763.51,331.15,4
9,player,724,0,0,1701.96,218.03,1779.33,332.01,4
9,player,725,0,0,1717.79,218.89,1795.15,332.86,4
9,player,726,0,0,1733.61,219.74,1810.97,333.72,4
9,player,727,0,0,1749.43,220.60,1826.79,334.57,4
9,player,728,0,0,1762.26,218.46,1839.62,332.43,4
9,player,729,0,0,1775.09,216.32,1852.45,330.29,4
9,player,730,0,0,1787.92,214.18,1865.28,328.16,4
9,player,731,0,0,1800.74,212.04,1878.11,326.02,4
9,player,732,0,0,1800.74,212.04,1878.11,326.02,4
9,player,733,0,0,1800.74,212.04,1878.11,326.02,4
9,player,734,0,0,1800.74,212.04,1878.11,326.02,4
9,player,735,0,0,1800.74,212.04,1878.11,326.02,4
9,player,736,0,0,1800.74,212.04,1878.11,326.02,4
9,player,737,0,0,1800.74,212.04,1878.11,326.02,4
9,player,738,0,0,1800.74,212.04,1878.11,326.02,4
9,player,739,0,0,1800.74,212.04,1878.11,326.02,4
9,player,740,0,0,1800.74,212.04,1878.11,326.02,4
9,player,741,0,0,1800.74,212.04,1878.11,326.02,4
9,player,742,0,0,1800.74,212.04,1878.11,326.02,4
9,player,743,0,0,1800.74,212.04,1878.11,326.02,4
9,player,744,0,0,1800.74,212.04,1878.11,326.02,4
9,player,745,0,0,1800.74,212.04,1878.11,326.02,4
9,player,746,1,0,1800.74,212.04,1878.11,326.02,4
10,player,15,0,0,348.51,111.31,434.00,228.90,-1
10,player,16,0,0,348.38,111.37,433.87,228.95,-1
10,player,17,0,0,348.25,111.42,433.74,229.00,-1
10,player,18,0,0,348.12,111.47,433.61,229.06,-1
10,player,19,0,0,347.99,111.52,433.48,229.11,-1
10,player,20,0,0,347.86,111.58,433.35,229.16,-1
10,player,21,0,0,347.73,111.63,433.22,229.21,-1
10,player,22,0,0,347.60,111.68,433.09,229.27,-1
10,player,23,0,0,347.47,111.73,432.96,229.32,-1
10,player,24,0,0,347.34,111.79,432.83,229.37,-1
10,player,25,0,0,347.21,111.84,432.70,229.42,-1
10,player,26,0,0,347.08,111.89,432.57,229.48,-1
10,player,27,0,0,346.95,111.94,432.45,229.53,-1
10,player,28,0,0,346.82,111.99,432.32,229.58,-1
10,player,29,0,0,346.69,112.05,432.19,229.63,-1
10,player,30,0,0,346.57,112.10,432.06,229.68,-1
10,player,31,0,0,346.44,112.15,431.93,229.74,-1
10,player,32,0,0,346.31,112.20,431.80,229.79,-1
10,player,33,0,0,346.18,112.26,431.67,229.84,-1
10,player,34,0,0,346.05,112.31,431.54,229.89,-1
10,player,35,0,0,345.92,112.36,431.41,229.95,-1
10,player,36,0,0,345.79,112.41,431.28,230.00,-1
10,player,37,0,0,345.66,112.47,431.15,230.05,-1
10,player,38,0,0,345.53,112.52,431.02,230.10,-1
10,player,39,0,0,345.40,112.57,430.89,230.16,-1
10,player,40,0,0,345.27,112.62,430.76,230.21,-1
10,player,41,0,0,345.14,112.67,430.63,230.26,-1
10,player,42,0,0,342.11,112.39,427.60,229.98,-1
10,player,43,0,0,339.08,112.11,424.57,229.70,-1
10,player,44,0,0,336.05,111.83,421.54,229.41,-1
10,player,45,0,0,333.02,111.55,418.51,229.13,-1
10,player,46,0,0,329.99,111.26,415.49,228.85,-1
10,player,47,0,0,326.96,110.98,412.46,228.57,-1
10,player,48,0,0,323.94,110.70,409.43,228.28,-1
10,player,49,0,0,320.91,110.42,406.40,228.00,-1
10,player,50,0,0,317.88,110.13,403.37,227.72,-1
10,player,51,0,0,314.85,109.85,400.34,227.44,-1
10,player,52,0,0,311.82,109.57,397.31,227.16,-1
10,player,53,0,0,308.79,109.29,394.28,226.87,-1
10,player,54,0,0,305.76,109.01,391.25,226.59,-1
10,player,55,0,0,302.73,108.72,388.22,226.31,-1
10,player,56,0,0,299.70,108.44,385.19,226.03,-1
10,player,57,0,0,296.67,108.16,382.16,225.74,-1
10,player,58,0,0,293.64,107.88,379.14,225.46,-1
10,player,59,0,0,290.61,107.59,376.11,225.18,-1
10,player,60,0,0,287.59,107.31,373.08,224.90,-1
10,player,61,0,0,284.56,107.03,370.05,224.62,-1
10,player,62,0,0,281.53,106.75,367.02,224.33,-1
10,player,63,0,0,278.50,106.47,363.99,224.05,-1
10,player,64,0,0,275.47,106.18,360.96,223.77,-1
10,player,65,0,0,272.44,105.90,357.93,223.49,-1
10,player,66,0,0,269.41,105.62,354.90,223.20,-1
10,player,67,0,0,266.38,105.34,351.87,222.92,-1
10,player,68,0,0,263.35,105.05,348.84,222.64,-1
10,player,69,0,0,260.32,104.77,345.81,222.36,-1
10,player,70,0,0,257.29,104.49,342.79,222.08,-1
10,player,71,0,0,254.26,104.21,339.76,221.79,-1
10,player,72,0,0,251.24,103.93,336.73,221.51,-1
10,player,73,0,0,248.21,103.64,333.70,221.23,-1
10,player,74,0,0,245.18,103.36,330.67,220.95,-1
10,player,75,0,0,242.15,103.08,327.64,220.66,-1
10,player,76,0,0,239.12,102.80,324.61,220.38,-1
10,player,77,0,0,236.09,102.51,321.58,220.10,-1
10,player,78,0,0,233.06,102.23,318.55,219.82,-1
10,player,79,0,0,230.03,101.95,315.52,219.54,-1
10,player,80,0,0,227.00,101.67,312.49,219.25,-1
10,player,81,0,0,223.97,101.39,309.46,218.97,-1
10,player,82,0,0,220.94,101.10,306.44,218.69,-1
10,player,83,0,0,217.91,100.82,303.41,218.41,-1
10,player,84,0,0,214.89,100.54,300.38,218.12,-1
10,player,85,0,0,211.86,100.26,297.35,217.84,-1
10,player,86,0,0,208.83,99.97,294.32,217.56,-1
10,player,87,0,0,205.80,99.69,291.29,217.28,-1
10,player,88,0,0,202.77,99.41,288.26,217.00,-1
10,player,89,0,0,199.74,99.13,285.23,216.71,-1
10,player,90,0,0,196.71,98.85,282.20,216.43,-1
10,player,91,0,0,193.68,98.56,279.17,216.15,-1
10,player,92,0,0,190.65,98.28,276.14,215.87,-1
10,player,93,0,0,187.62,98.00,273.11,215.58,-1
10,player,94,0,0,184.59,97.72,270.09,215.30,-1
10,player,95,0,0,181.56,97.43,267.06,215.02,-1
10,player,96,0,0,178.54,97.15,264.03,214.74,-1
10,player,97,0,0,175.51,96.87,261.00,214.46,-1
10,player,98,0,0,172.48,96.59,257.97,214.17,-1
10,player,99,0,0,169.45,96.31,254.94,213.89,-1
10,player,100,0,0,166.42,96.02,251.91,213.61,-1
10,player,101,0,0,163.39,95.74,248.88,213.33,-1
10,player,102,0,0,160.36,95.46,245.85,213.04,-1
10,player,103,0,0,157.33,95.18,242.82,212.76,-1
10,player,104,0,0,154.30,94.89,239.79,212.48,-1
10,player,105,0,0,151.27,94.61,236.76,212.20,-1
10,player,106,0,0,148.24,94.33,233.74,211.92,-1
10,player,107,0,0,145.21,94.05,230.71,211.63,-1
10,player,108,0,0,142.19,93.77,227.68,211.35,-1
10,player,109,0,0,139.16,93.48,224.65,211.07,-1
10,player,110,0,0,136.13,93.20,221.62,210.79,-1
10,player,111,0,0,133.10,92.92,218.59,210.50,-1
10,player,112,0,0,130.07,92.64,215.56,210.22,-1
10,player,113,0,0,127.04,92.35,212.53,209.94,-1
10,player,114,0,0,124.01,92.07,209.50,209.66,-1
10,player,115,0,0,124.01,92.07,208.62,209.66,-1
10,player,116,0,0,124.01,92.07,207.74,209.66,-1
10,player,117,0,0,124.01,92.07,206.85,209.66,-1
10,player,118,0,0,124.01,92.07,205.97,209.66,-1
10,player,119,0,0,124.01,92.07,205.09,209.66,-1
10,player,120,0,0,124.01,92.07,204.21,209.66,-1
10,player,121,0,0,124.01,92.07,203.32,209.66,-1
10,player,122,0,0,124.01,92.07,202.44,209.66,-1
10,player,123,0,0,124.01,92.07,201.56,209.66,-1
10,player,124,0,0,124.01,92.07,200.68,209.66,-1
10,player,125,0,0,124.01,92.07,199.79,209.66,-1
10,player,126,0,0,124.01,92.07,198.91,209.66,-1
10,player,127,0,0,124.01,92.07,198.03,209.66,-1
10,player,128,0,0,124.01,92.07,197.15,209.66,-1
10,player,129,0,0,124.01,92.07,196.26,209.66,-1
10,player,130,0,0,124.01,92.07,195.38,209.66,-1
10,player,131,0,0,124.01,92.07,194.50,209.66,-1
10,player,132,0,0,124.52,92.07,195.01,209.66,-1
10,player,133,0,0,125.02,92.07,195.51,209.66,-1
10,player,134,0,0,125.53,92.07,196.02,209.66,-1
10,player,135,0,0,126.04,92.07,196.53,209.66,-1
10,player,136,0,0,126.55,92.07,197.04,209.66,-1
10,player,137,0,0,127.05,92.07,197.54,209.66,-1
10,player,138,0,0,127.56,92.07,198.05,209.66,-1
10,player,139,0,0,128.07,92.07,198.56,209.66,-1
10,player,140,0,0,128.57,92.07,199.06,209.66,-1
10,player,141,0,0,129.08,92.07,199.57,209.66,-1
10,player,142,0,0,129.59,92.07,200.08,209.66,-1
10,player,143,0,0,130.10,92.07,200.58,209.66,-1
10,player,144,0,0,130.60,92.07,201.09,209.66,-1
10,player,145,0,0,131.11,92.07,201.60,209.66,-1
10,player,146,0,0,131.62,92.07,202.11,209.66,-1
10,player,147,0,0,132.12,92.07,202.61,209.66,-1
10,player,148,0,0,132.63,92.07,203.12,209.66,-1
10,player,149,0,0,133.14,92.07,203.63,209.66,-1
10,player,150,0,0,133.65,92.07,204.13,209.66,-1
10,player,151,0,0,134.15,92.07,204.64,209.66,-1
10,player,152,0,0,134.66,92.07,205.15,209.66,-1
10,player,153,0,0,135.17,92.07,205.66,209.66,-1
10,player,154,0,0,135.67,92.07,206.16,209.66,-1
10,player,155,0,0,136.18,92.07,206.67,209.66,-1
10,player,156,0,0,136.69,92.07,207.18,209.66,-1
10,player,157,0,0,139.86,92.71,210.35,210.29,-1
10,player,158,0,0,143.03,93.34,213.52,210.93,-1
10,player,159,0,0,146.20,93.97,216.68,211.56,-1
10,player,160,0,0,149.36,94.61,219.85,212.19,-1
10,player,161,0,0,153.76,95.37,224.25,212.95,-1
10,player,162,0,0,158.15,96.13,228.64,213.71,-1
10,player,163,0,0,162.55,96.89,233.04,214.47,-1
10,player,164,0,0,166.94,97.65,237.43,215.24,-1
10,player,165,0,0,171.34,98.41,241.83,216.00,-1
10,player,166,0,0,175.73,99.17,246.22,216.76,-1
10,player,167,0,0,180.12,99.93,250.61,217.52,-1
10,player,168,0,0,184.52,100.69,255.01,218.28,-1
10,player,169,0,0,188.91,101.45,259.40,219.04,-1
10,player,170,0,0,193.31,102.21,263.80,219.80,-1
10,player,171,0,0,197.70,102.97,268.19,220.56,-1
10,player,172,0,0,202.10,103.73,272.59,221.32,-1
10,player,173,0,0,206.49,104.49,276.98,222.08,-1
10,player,174,0,0,210.89,105.26,281.37,222.84,-1
10,player,175,0,0,215.28,106.02,285.77,223.60,-1
10,player,176,0,0,219.67,106.78,290.16,224.36,-1
10,player,177,0,0,224.07,107.54,294.56,225.12,-1
10,player,178,0,0,228.46,108.30,298.95,225.88,-1
10,player,179,0,0,232.86,109.06,303.35,226.64,-1
10,player,180,0,0,237.25,109.82,307.74,227.40,-1
10,player,181,0,0,241.65,110.58,312.14,228.17,-1
10,player,182,0,0,246.04,111.34,316.53,228.93,-1
10,player,183,0,0,250.43,112.10,320.92,229.69,-1
10,player,184,0,0,254.83,112.86,325.32,230.45,-1
10,player,185,0,0,259.22,113.62,329.71,231.21,-1
10,player,186,0,0,263.62,114.38,334.11,231.97,-1
10,player,187,0,0,268.01,115.14,338.50,232.73,-1
10,player,188,0,0,272.41,115.90,342.90,233.49,-1
10,player,189,0,0,276.80,116.66,347.29,234.25,-1
10,player,190,0,0,281.20,117.42,351.68,235.01,-1
10,player,191,0,0,287.35,117.42,357.84,235.01,-1
10,player,192,0,0,293.51,117.42,364.00,235.01,-1
10,player,193,0,0,299.67,117.42,370.16,235.01,-1
10,player,194,0,0,305.82,117.42,376.31,235.01,-1
10,player,195,0,0,311.98,117.42,382.47,235.01,-1
10,player,196,0,0,318.14,117.42,388.63,235.01,-1
10,player,197,0,0,324.29,117.42,394.78,235.01,-1
10,player,198,0,0,330.45,117.42,400.94,235.01,-1
10,player,199,0,0,336.61,117.42,407.10,235.01,-1
10,player,200,0,0,342.76,117.42,413.25,235.01,-1
10,player,201,0,0,348.92,117.42,419.41,235.01,-1
10,player,202,0,0,355.08,117.42,425.57,235.01,-1
10,player,203,0,0,361.24,117.42,431.72,235.01,-1
10,player,204,0,0,367.39,117.42,437.88,235.01,-1
10,player,205,0,0,372.49,116.93,442.98,234.52,-1
10,player,206,0,0,377.59,116.44,448.08,234.02,-1
10,player,207,0,0,382.69,115.94,453.18,233.53,-1
10,player,208,0,0,387.79,115.45,458.28,233.04,-1
10,player,209,0,0,392.88,114.96,463.37,232.54,-1
10,player,210,0,0,397.98,114.46,468.47,232.05,-1
10,player,211,0,0,403.08,113.97,473.57,231.56,-1
10,player,212,0,0,408.18,113.48,478.67,231.06,-1
10,player,213,0,0,413.28,112.98,483.77,230.57,-1
10,player,214,0,0,418.38,112.49,488.87,230.08,-1
10,player,215,0,0,423.48,112.00,493.97,229.58,-1
10,player,216,0,0,428.57,111.50,499.06,229.09,-1
10,player,217,0,0,433.67,111.01,504.16,228.60,-1
10,player,218,0,0,438.72,111.85,509.21,229.44,-1
10,player,219,0,0,443.77,112.69,514.26,230.28,-1
10,player,220,0,0,448.81,113.53,519.30,231.12,-1
10,player,221,0,0,453.86,114.37,524.35,231.96,-1
10,player,222,0,0,458.91,115.22,529.40,232.80,-1
10,player,223,0,0,463.96,116.06,534.45,233.64,-1
10,player,224,0,0,469.00,116.90,539.49,234.48,-1
10,player,225,0,0,474.05,117.74,544.54,235.33,-1
10,player,226,0,0,479.10,118.58,549.59,236.17,-1
10,player,227,0,0,484.15,119.42,554.63,237.01,-1
10,player,228,0,0,489.19,120.26,559.68,237.85,-1
10,player,229,0,0,494.24,121.10,564.73,238.69,-1
10,player,230,0,0,499.29,121.95,569.78,239.53,-1
10,player,231,0,0,504.33,122.79,574.82,240.37,-1
10,player,232,0,0,509.38,123.63,579.87,241.21,-1
10,player,233,0,0,514.43,124.47,584.92,242.05,-1
10,player,234,0,0,519.48,125.31,589.97,242.90,-1
10,player,235,0,0,524.52,126.15,595.01,243.74,-1
10,player,236,0,0,529.57,126.99,600.06,244.58,-1
10,player,237,0,0,534.62,127.83,605.11,245.42,-1
10,player,238,0,0,539.67,128.68,610.15,246.26,-1
10,player,239,0,0,544.71,129.52,615.20,247.10,-1
10,player,240,0,0,549.76,130.36,620.25,247.94,-1
10,player,241,0,0,554.81,131.20,625.30,248.78,-1
10,player,242,0,0,559.85,132.04,630.34,249.63,-1
10,player,243,0,0,564.90,132.88,635.39,250.47,-1
10,player,244,0,0,569.95,133.72,640.44,251.31,-1
10,player,245,0,0,575.00,134.56,645.49,252.15,-1
10,player,246,0,0,580.04,135.41,650.53,252.99,-1
10,player,247,0,0,585.09,136.25,655.58,253.83,-1
10,player,248,0,0,590.14,137.09,660.63,254.67,-1
10,player,249,0,0,595.19,137.93,665.67,255.51,-1
10,player,250,0,0,600.23,138.77,670.72,256.36,-1
10,player,251,0,0,605.28,139.61,675.77,257.20,-1
10,player,252,0,0,610.33,140.45,680.82,258.04,-1
10,player,253,0,0,615.37,141.29,685.86,258.88,-1
10,player,254,0,0,620.42,142.13,690.91,259.72,-1
10,player,255,0,0,625.47,142.98,695.96,260.56,-1
10,player,256,0,0,630.52,143.82,701.01,261.40,-1
10,player,257,0,0,635.56,144.66,706.05,262.24,-1
10,player,258,0,0,640.61,145.50,711.10,263.09,-1
10,player,259,0,0,645.66,146.34,716.15,263.93,-1
10,player,260,0,0,650.71,147.18,721.19,264.77,-1
10,player,261,0,0,655.75,148.02,726.24,265.61,-1
10,player,262,0,0,660.80,148.86,731.29,266.45,-1
10,player,263,0,0,665.85,149.71,736.34,267.29,-1
10,player,264,0,0,670.89,150.55,741.38,268.13,-1
10,player,265,0,0,675.94,151.39,746.43,268.97,-1
10,player,266,0,0,680.99,152.23,751.48,269.82,-1
10,player,267,0,0,686.04,153.07,756.53,270.66,-1
10,player,268,0,0,691.08,153.91,761.57,271.50,-1
10,player,269,0,0,696.13,154.75,766.62,272.34,-1
10,player,270,0,0,701.18,155.59,771.67,273.18,-1
10,player,271,0,0,706.23,156.44,776.71,274.02,-1
10,player,272,0,0,711.27,157.28,781.76,274.86,-1
10,player,273,0,0,716.32,158.12,786.81,275.70,-1
10,player,274,0,0,721.37,158.96,791.86,276.54,-1
10,player,275,0,0,726.41,159.80,796.90,277.39,-1
10,player,276,0,0,731.46,160.64,801.95,278.23,-1
10,player,277,0,0,736.51,161.48,807.00,279.07,-1
10,player,278,0,0,741.56,162.32,812.05,279.91,-1
10,player,279,0,0,743.31,162.32,813.80,279.91,-1
10,player,280,0,0,745.06,162.32,815.54,279.91,-1
10,player,281,0,0,746.80,162.32,817.29,279.91,-1
10,player,282,0,0,748.55,162.32,819.04,279.91,-1
10,player,283,0,0,750.30,162.32,820.79,279.91,-1
10,player,284,0,0,752.05,162.32,822.54,279.91,-1
10,player,285,0,0,753.80,162.32,824.29,279.91,-1
10,player,286,0,0,755.55,162.32,826.04,279.91,-1
10,player,287,0,0,757.30,162.32,827.79,279.91,-1
10,player,288,0,0,759.05,162.32,829.54,279.91,-1
10,player,289,0,0,760.80,162.32,831.29,279.91,-1
10,player,290,0,0,764.22,161.47,834.71,279.05,-1
10,player,291,0,0,767.64,160.61,838.13,278.20,-1
10,player,292,0,0,771.06,159.76,841.55,277.34,-1
10,player,293,0,0,774.48,158.90,844.97,276.49,-1
10,player,294,0,0,777.90,158.05,848.39,275.63,-1
10,player,295,0,0,780.04,158.30,850.53,275.89,-1
10,player,296,0,0,782.18,158.55,852.67,276.14,-1
10,player,297,0,0,784.32,158.80,854.81,276.39,-1
10,player,298,0,0,786.46,159.05,856.95,276.64,-1
10,player,299,0,0,788.59,159.31,859.08,276.89,-1
10,player,300,0,0,790.73,159.56,861.22,277.14,-1
10,player,301,0,0,792.87,159.81,863.36,277.40,-1
10,player,302,0,0,795.01,160.06,865.50,277.65,-1
10,player,303,0,0,797.15,160.31,867.64,277.90,-1
10,player,304,0,0,799.29,160.56,869.77,278.15,-1
10,player,305,0,0,801.42,160.82,871.91,278.40,-1
10,player,306,0,0,803.56,161.07,874.05,278.65,-1
10,player,307,0,0,805.70,161.32,876.19,278.90,-1
10,player,308,0,0,807.84,161.57,878.33,279.16,-1
10,player,309,0,0,809.98,161.82,880.46,279.41,-1
10,player,310,0,0,812.11,162.07,882.60,279.66,-1
10,player,311,0,0,814.25,162.32,884.74,279.91,-1
10,player,312,0,0,816.39,162.58,886.88,280.16,-1
10,player,313,0,0,818.53,162.83,889.02,280.41,-1
10,player,314,0,0,820.67,163.08,891.16,280.67,-1
10,player,315,0,0,822.80,163.33,893.29,280.92,-1
10,player,316,0,0,824.94,163.58,895.43,281.17,-1
10,player,317,0,0,827.08,163.83,897.57,281.42,-1
10,player,318,0,0,829.22,164.09,899.71,281.67,-1
10,player,319,0,0,831.36,164.34,901.85,281.92,-1
10,player,320,0,0,833.49,164.59,903.98,282.17,-1
10,player,321,0,0,835.63,164.84,906.12,282.43,-1
10,player,322,0,0,837.77,165.09,908.26,282.68,-1
10,player,323,0,0,839.91,165.34,910.40,282.93,-1
10,player,324,0,0,842.05,165.59,912.54,283.18,-1
10,player,325,0,0,844.18,165.85,914.67,283.43,-1
10,player,326,0,0,846.32,166.10,916.81,283.68,-1
10,player,327,0,0,848.46,166.35,918.95,283.93,-1
10,player,328,0,0,850.60,166.60,921.09,284.19,-1
10,player,329,0,0,852.74,166.85,923.23,284.44,-1
10,player,330,0,0,854.88,167.10,925.36,284.69,-1
10,player,331,0,0,857.01,167.36,927.50,284.94,-1
10,player,332,0,0,859.15,167.61,929.64,285.19,-1
10,player,333,0,0,861.29,167.86,931.78,285.44,-1
10,player,334,0,0,863.43,168.11,933.92,285.70,-1
10,player,335,0,0,865.57,168.36,936.05,285.95,-1
10,player,336,0,0,867.70,168.61,938.19,286.20,-1
10,player,337,0,0,869.84,168.86,940.33,286.45,-1
10,player,338,0,0,871.98,169.12,942.47,286.70,-1
10,player,339,0,0,874.12,169.37,944.61,286.95,-1
10,player,340,0,0,876.26,169.62,946.75,287.20,-1
10,player,341,0,0,878.39,169.87,948.88,287.46,-1
10,player,342,0,0,880.53,170.12,951.02,287.71,-1
10,player,343,0,0,882.67,170.37,953.16,287.96,-1
10,player,344,0,0,884.81,170.63,955.30,288.21,-1
10,player,345,0,0,886.95,170.88,957.44,288.46,-1
10,player,346,0,0,890.45,170.78,960.93,288.37,-1
10,player,347,0,0,893.94,170.68,964.43,288.27,-1
10,player,348,0,0,897.44,170.59,967.93,288.17,-1
10,player,349,0,0,900.94,170.49,971.43,288.07,-1
10,player,350,0,0,904.44,170.39,974.93,287.98,-1
10,player,351,0,0,907.94,170.29,978.43,287.88,-1
10,player,352,0,0,911.44,170.20,981.93,287.78,-1
10,player,353,0,0,914.94,170.10,985.43,287.68,-1
10,player,354,0,0,918.43,170.00,988.92,287.59,-1
10,player,355,0,0,921.93,169.90,992.42,287.49,-1
10,player,356,0,0,925.43,169.81,995.92,287.39,-1
10,player,357,0,0,928.93,169.71,999.42,287.30,-1
10,player,358,0,0,932.43,169.61,1002.92,287.20,-1
10,player,359,0,0,935.93,169.52,1006.42,287.10,-1
10,player,360,0,0,939.43,169.42,1009.92,287.00,-1
10,player,361,0,0,942.93,169.32,1013.41,286.91,-1
10,player,362,0,0,946.42,169.22,1016.91,286.81,-1
10,player,363,0,0,949.92,169.13,1020.41,286.71,-1
10,player,364,0,0,953.42,169.03,1023.91,286.62,-1
10,player,365,0,0,956.92,168.93,1027.41,286.52,-1
10,player,366,0,0,960.42,168.84,1030.91,286.42,-1
10,player,367,0,0,963.92,168.74,1034.41,286.32,-1
10,player,368,0,0,963.31,168.74,1033.80,286.32,-1
10,player,369,0,0,962.70,168.74,1033.19,286.32,-1
10,player,370,0,0,962.09,168.74,1032.57,286.32,-1
10,player,371,0,0,961.47,168.74,1031.96,286.32,-1
10,player,372,0,0,960.86,168.74,1031.35,286.32,-1
10,player,373,0,0,960.25,168.74,1030.74,286.32,-1
10,player,374,0,0,959.64,168.74,1030.13,286.32,-1
10,player,375,0,0,957.27,168.26,1027.76,285.85,-1
10,player,376,0,0,954.89,167.79,1025.38,285.37,-1
10,player,377,0,0,952.51,167.31,1023.00,284.90,-1
10,player,378,0,0,950.14,166.84,1020.63,284.42,-1
10,player,379,0,0,947.76,166.36,1018.25,283.95,-1
10,player,380,0,0,945.39,165.89,1015.88,283.47,-1
10,player,381,0,0,943.01,165.41,1013.50,283.00,-1
10,player,382,0,0,940.64,164.94,1011.13,282.52,-1
10,player,383,0,0,938.26,164.46,1008.75,282.05,-1
10,player,384,0,0,937.19,164.46,1007.68,282.05,-1
10,player,385,0,0,936.12,164.46,1006.61,282.05,-1
10,player,386,0,0,935.05,164.46,1005.54,282.05,-1
10,player,387,0,0,933.98,164.46,1004.47,282.05,-1
10,player,388,0,0,932.92,164.46,1003.40,282.05,-1
10,player,389,0,0,931.85,164.46,1002.34,282.05,-1
10,player,390,0,0,930.78,164.46,1001.27,282.05,-1
10,player,391,0,0,929.71,164.46,1000.20,282.05,-1
10,player,392,0,0,928.64,164.46,999.13,282.05,-1
10,player,393,0,0,927.57,164.46,998.06,282.05,-1
10,player,394,0,0,930.62,164.46,1001.11,282.05,-1
10,player,395,0,0,933.68,164.46,1004.17,282.05,-1
10,player,396,0,0,936.73,164.46,1007.22,282.05,-1
10,player,397,0,0,939.79,164.46,1010.28,282.05,-1
10,player,398,0,0,942.84,164.46,1013.33,282.05,-1
10,player,399,0,0,945.90,164.46,1016.39,282.05,-1
10,player,400,0,0,948.95,164.46,1019.44,282.05,-1
10,player,401,0,0,949.14,164.41,1019.63,282.00,-1
10,player,402,0,0,949.33,164.37,1019.82,281.95,-1
10,player,403,0,0,949.53,164.32,1020.01,281.90,-1
10,player,404,0,0,949.72,164.27,1020.21,281.86,-1
10,player,405,0,0,949.91,164.22,1020.40,281.81,-1
10,player,406,0,0,950.10,164.17,1020.59,281.76,-1
10,player,407,0,0,950.29,164.13,1020.78,281.71,-1
10,player,408,0,0,950.48,164.08,1020.97,281.66,-1
10,player,409,0,0,950.67,164.03,1021.16,281.62,-1
10,player,410,0,0,950.86,163.98,1021.35,281.57,-1
10,player,411,0,0,951.06,163.94,1021.55,281.52,-1
10,player,412,0,0,951.25,163.89,1021.74,281.47,-1
10,player,413,0,0,951.44,163.84,1021.93,281.43,-1
10,player,414,0,0,951.63,163.79,1022.12,281.38,-1
10,player,415,0,0,951.82,163.74,1022.31,281.33,-1
10,player,416,0,0,952.01,163.70,1022.50,281.28,-1
10,player,417,0,0,952.20,163.65,1022.69,281.23,-1
10,player,418,0,0,952.40,163.60,1022.88,281.19,-1
10,player,419,0,0,952.59,163.55,1023.08,281.14,-1
10,player,420,0,0,952.78,163.51,1023.27,281.09,-1
10,player,421,0,0,952.97,163.46,1023.46,281.04,-1
10,player,422,0,0,953.16,163.41,1023.65,281.00,-1
10,player,423,0,0,953.35,163.36,1023.84,280.95,-1
10,player,424,0,0,953.54,163.31,1024.03,280.90,-1
10,player,425,0,0,953.73,163.27,1024.22,280.85,-1
10,player,426,0,0,953.93,163.22,1024.42,280.80,-1
10,player,427,0,0,954.12,163.17,1024.61,280.76,-1
10,player,428,0,0,954.31,163.12,1024.80,280.71,-1
10,player,429,0,0,954.50,163.07,1024.99,280.66,-1
10,player,430,0,0,954.69,163.03,1025.18,280.61,-1
10,player,431,0,0,954.88,162.98,1025.37,280.56,-1
10,player,432,0,0,955.07,162.93,1025.56,280.52,-1
10,player,433,0,0,955.27,162.88,1025.75,280.47,-1
10,player,434,0,0,955.46,162.84,1025.95,280.42,-1
10,player,435,0,0,955.65,162.79,1026.14,280.37,-1
10,player,436,0,0,955.84,162.74,1026.33,280.33,-1
10,player,437,0,0,956.03,162.69,1026.52,280.28,-1
10,player,438,0,0,956.22,162.64,1026.71,280.23,-1
10,player,439,0,0,956.41,162.60,1026.90,280.18,-1
10,player,440,0,0,956.60,162.55,1027.09,280.13,-1
10,player,441,0,0,956.80,162.50,1027.29,280.09,-1
10,player,442,0,0,956.99,162.45,1027.48,280.04,-1
10,player,443,0,0,957.18,162.41,1027.67,279.99,-1
10,player,444,0,0,957.37,162.36,1027.86,279.94,-1
10,player,445,0,0,957.56,162.31,1028.05,279.89,-1
10,player,446,0,0,957.75,162.26,1028.24,279.85,-1
10,player,447,0,0,957.94,162.21,1028.43,279.80,-1
10,player,448,0,0,958.14,162.17,1028.62,279.75,-1
10,player,449,0,0,958.33,162.12,1028.82,279.70,-1
10,player,450,0,0,958.52,162.07,1029.01,279.66,-1
10,player,451,0,0,958.71,162.02,1029.20,279.61,-1
10,player,452,0,0,958.90,161.97,1029.39,279.56,-1
10,player,453,0,0,959.09,161.93,1029.58,279.51,-1
10,player,454,0,0,953.90,161.81,1024.39,279.39,-1
10,player,455,0,0,948.71,161.69,1019.20,279.27,-1
10,player,456,0,0,943.52,161.56,1014.01,279.15,-1
10,player,457,0,0,938.33,161.44,1008.82,279.03,-1
10,player,458,0,0,933.14,161.32,1003.63,278.91,-1
10,player,459,0,0,927.94,161.20,998.43,278.79,-1
10,player,460,0,0,922.75,161.08,993.24,278.67,-1
10,player,461,0,0,917.56,160.96,988.05,278.55,-1
10,player,462,0,0,912.37,160.84,982.86,278.43,-1
10,player,463,0,0,907.18,160.72,977.67,278.31,-1
10,player,464,0,0,901.99,160.60,972.48,278.18,-1
10,player,465,0,0,896.80,160.48,967.29,278.06,-1
10,player,466,0,0,891.61,160.36,962.10,277.94,-1
10,player,467,0,0,886.42,160.24,956.90,277.82,-1
10,player,468,0,0,881.22,160.12,951.71,277.70,-1
10,player,469,0,0,876.03,160.00,946.52,277.58,-1
10,player,470,0,0,870.84,159.87,941.33,277.46,-1
10,player,471,0,0,865.65,159.75,936.14,277.34,-1
10,player,472,0,0,860.46,159.63,930.95,277.22,-1
10,player,473,0,0,855.27,159.51,925.76,277.10,-1
10,player,474,0,0,850.08,159.39,920.57,276.98,-1
10,player,475,0,0,833.60,168.27,904.09,285.85,-1
10,player,476,0,0,817.12,177.14,887.61,294.72,-1
10,player,477,0,0,809.10,177.14,879.59,294.72,-1
10,player,478,0,0,801.08,177.14,871.57,294.72,-1
10,player,479,0,0,793.07,177.14,863.55,294.72,-1
10,player,480,0,0,785.05,177.14,855.54,294.72,-1
10,player,481,0,0,770.08,177.32,840.57,294.90,-1
10,player,482,0,0,755.11,177.49,825.60,295.08,-1
10,player,483,0,0,740.15,177.67,810.64,295.26,-1
10,player,484,0,0,725.18,177.85,795.67,295.44,-1
10,player,485,0,0,710.22,178.03,780.70,295.61,-1
10,player,486,0,0,695.25,178.21,765.74,295.79,-1
10,player,487,0,0,680.28,178.39,750.77,295.97,-1
10,player,488,0,0,665.32,178.56,735.80,296.15,-1
10,player,489,0,0,650.35,178.74,720.84,296.33,-1
10,player,490,0,0,635.38,178.92,705.87,296.51,-1
10,player,491,0,0,620.42,179.10,690.91,296.68,-1
10,player,492,0,0,605.45,179.28,675.94,296.86,-1
10,player,493,0,0,591.20,179.28,661.68,296.86,-1
10,player,494,0,0,576.94,179.28,647.43,296.86,-1
10,player,495,0,0,562.69,179.28,633.18,296.86,-1
10,player,496,0,0,550.47,180.19,620.96,297.78,-1
10,player,497,0,0,538.25,181.11,608.74,298.69,-1
10,player,498,0,0,526.03,182.03,596.52,299.61,-1
10,player,499,0,0,513.82,182.94,584.31,300.53,-1
10,player,500,0,0,501.60,183.86,572.09,301.44,-1
10,player,501,0,0,489.38,184.77,559.87,302.36,-1
10,player,502,0,0,477.16,185.69,547.65,303.28,-1
10,player,503,0,0,469.65,185.04,540.14,302.63,-1
10,player,504,0,0,462.13,184.39,532.62,301.98,-1
10,player,505,0,0,454.62,183.75,525.11,301.33,-1
10,player,506,0,0,447.10,183.10,517.59,300.68,-1
10,player,507,0,0,439.59,182.45,510.07,300.04,-1
10,player,508,0,0,432.07,181.80,502.56,299.39,-1
10,player,509,0,0,424.55,181.16,495.04,298.74,-1
10,player,510,0,0,417.04,180.51,487.53,298.09,-1
10,player,511,0,0,409.52,179.86,480.01,297.44,-1
10,player,512,0,0,402.01,179.21,472.50,296.80,-1
10,player,513,0,0,394.49,178.56,464.98,296.15,-1
10,player,514,0,0,386.98,177.92,457.46,295.50,-1
10,player,515,0,0,379.46,177.27,449.95,294.85,-1
10,player,516,0,0,371.94,176.62,442.43,294.21,-1
10,player,517,0,0,364.43,175.97,434.92,293.56,-1
10,player,518,0,0,356.91,175.32,427.40,292.91,-1
10,player,519,0,0,349.40,174.68,419.89,292.26,-1
10,player,520,0,0,341.88,174.03,412.37,291.61,-1
10,player,521,0,0,334.37,173.38,404.85,290.97,-1
10,player,522,0,0,326.85,172.73,397.34,290.32,-1
10,player,523,0,0,319.33,172.08,389.82,289.67,-1
10,player,524,0,0,311.82,171.44,382.31,289.02,-1
10,player,525,0,0,304.30,170.79,374.79,288.37,-1
10,player,526,0,0,296.79,170.14,367.28,287.73,-1
10,player,527,0,0,289.27,169.49,359.76,287.08,-1
10,player,528,0,0,281.76,168.84,352.24,286.43,-1
10,player,529,0,0,274.24,168.20,344.73,285.78,-1
10,player,530,0,0,266.72,167.55,337.21,285.13,-1
10,player,531,0,0,259.21,166.90,329.70,284.49,-1
10,player,532,0,0,251.69,166.25,322.18,283.84,-1
10,player,533,0,0,244.18,165.61,314.67,283.19,-1
10,player,534,0,0,236.66,164.96,307.15,282.54,-1
10,player,535,0,0,229.15,164.31,299.63,281.90,-1
10,player,536,0,0,224.87,166.45,295.36,284.03,-1
10,player,537,0,0,220.59,168.59,291.08,286.17,-1
10,player,538,0,0,216.32,170.72,286.81,288.31,-1
10,player,539,0,0,212.04,172.86,282.53,290.45,-1
10,player,540,0,0,207.76,175.00,278.25,292.58,-1
10,player,541,0,0,203.49,177.14,273.98,294.72,-1
10,player,542,0,0,199.21,179.28,269.70,296.86,-1
10,player,543,0,0,195.55,177.75,266.04,295.33,-1
10,player,544,0,0,191.88,176.22,262.37,293.81,-1
10,player,545,0,0,188.22,174.69,258.71,292.28,-1
10,player,546,0,0,184.55,173.17,255.04,290.75,-1
10,player,547,0,0,180.89,171.64,251.37,289.22,-1
10,player,548,0,0,177.22,170.11,247.71,287.70,-1
10,player,549,0,0,173.55,168.58,244.04,286.17,-1
10,player,550,0,0,169.95,168.45,240.44,286.04,-1
10,player,551,0,0,166.34,168.32,236.83,285.90,-1
10,player,552,0,0,162.73,168.18,233.22,285.77,-1
10,player,553,0,0,159.12,168.05,229.61,285.64,-1
10,player,554,0,0,155.51,167.92,226.00,285.50,-1
10,player,555,0,0,151.91,167.78,222.40,285.37,-1
10,player,556,0,0,148.30,167.65,218.79,285.23,-1
10,player,557,0,0,144.69,167.52,215.18,285.10,-1
10,player,558,0,0,141.08,167.38,211.57,284.97,-1
10,player,559,0,0,137.47,167.25,207.96,284.83,-1
10,player,560,0,0,133.87,167.11,204.36,284.70,-1
10,player,561,0,0,130.26,166.98,200.75,284.57,-1
10,player,562,0,0,126.65,166.85,197.14,284.43,-1
10,player,563,0,0,123.04,166.71,193.53,284.30,-1
10,player,564,0,0,119.43,166.58,189.92,284.17,-1
10,player,565,0,0,115.83,166.45,186.32,284.03,-1
10,player,566,0,0,115.15,166.64,185.64,284.23,-1
10,player,567,0,0,114.48,166.84,184.97,284.43,-1
10,player,568,0,0,113.81,167.04,184.30,284.63,-1
10,player,569,0,0,113.13,167.24,183.62,284.82,-1
10,player,570,0,0,112.46,167.44,182.95,285.02,-1
10,player,571,0,0,111.79,167.63,182.28,285.22,-1
10,player,572,0,0,111.11,167.83,181.60,285.42,-1
10,player,573,0,0,110.44,168.03,180.93,285.62,-1
10,player,574,0,0,109.77,168.23,180.26,285.81,-1
10,player,575,0,0,109.10,168.43,179.58,286.01,-1
10,player,576,0,0,108.42,168.62,178.91,286.21,-1
10,player,577,0,0,107.75,168.82,178.24,286.41,-1
10,player,578,0,0,107.08,169.02,177.57,286.61,-1
10,player,579,0,0,106.40,169.22,176.89,286.80,-1
10,player,580,0,0,105.73,169.42,176.22,287.00,-1
10,player,581,0,0,105.06,169.61,175.55,287.20,-1
10,player,582,0,0,104.38,169.81,174.87,287.40,-1
10,player,583,0,0,103.71,170.01,174.20,287.60,-1
10,player,584,0,0,103.04,170.21,173.53,287.79,-1
10,player,585,0,0,102.36,170.41,172.85,287.99,-1
10,player,586,0,0,101.69,170.60,172.18,288.19,-1
10,player,587,0,0,101.02,170.80,171.51,288.39,-1
10,player,588,0,0,100.35,171.00,170.83,288.59,-1
10,player,589,0,0,99.67,171.20,170.16,288.78,-1
10,player,590,0,0,99.00,171.40,169.49,288.98,-1
10,player,591,0,0,98.33,171.59,168.82,289.18,-1
10,player,592,0,0,97.65,171.79,168.14,289.38,-1
10,player,593,0,0,96.98,171.99,167.47,289.58,-1
10,player,594,0,0,96.31,172.19,166.80,289.77,-1
10,player,595,0,0,95.63,172.39,166.12,289.97,-1
10,player,596,0,0,94.96,172.58,165.45,290.17,-1
10,player,597,0,0,94.29,172.78,164.78,290.37,-1
10,player,598,0,0,93.61,172.98,164.10,290.56,-1
10,player,599,0,0,92.94,173.18,163.43,290.76,-1
10,player,600,0,0,92.27,173.38,162.76,290.96,-1
10,player,601,0,0,91.60,173.57,162.08,291.16,-1
10,player,602,0,0,90.92,173.77,161.41,291.36,-1
10,player,603,0,0,90.25,173.97,160.74,291.55,-1
10,player,604,0,0,89.58,174.17,160.07,291.75,-1
10,player,605,0,0,88.90,174.37,159.39,291.95,-1
10,player,606,0,0,88.23,174.56,158.72,292.15,-1
10,player,607,0,0,87.56,174.76,158.05,292.35,-1
10,player,608,0,0,86.88,174.96,157.37,292.54,-1
10,player,609,0,0,86.21,175.16,156.70,292.74,-1
10,player,610,0,0,85.54,175.35,156.03,292.94,-1
10,player,611,0,0,84.86,175.55,155.35,293.14,-1
10,player,612,0,0,84.19,175.75,154.68,293.34,-1
10,player,613,0,0,83.52,175.95,154.01,293.53,-1
10,player,614,0,0,82.84,176.15,153.33,293.73,-1
10,player,615,0,0,82.17,176.34,152.66,293.93,-1
10,player,616,0,0,81.50,176.54,151.99,294.13,-1
10,player,617,0,0,80.83,176.74,151.31,294.33,-1
10,player,618,0,0,80.15,176.94,150.64,294.52,-1
10,player,619,0,0,79.48,177.14,149.97,294.72,-1
10,player,620,0,0,84.12,176.96,154.61,294.54,-1
10,player,621,0,0,88.76,176.77,159.25,294.36,-1
10,player,622,0,0,93.40,176.59,163.88,294.18,-1
10,player,623,0,0,98.03,176.41,168.52,294.00,-1
10,player,624,0,0,102.67,176.23,173.16,293.82,-1
10,player,625,0,0,107.31,176.05,177.80,293.64,-1
10,player,626,0,0,111.95,175.87,182.44,293.45,-1
10,player,627,0,0,116.59,175.69,187.08,293.27,-1
10,player,628,0,0,121.23,175.51,191.72,293.09,-1
10,player,629,0,0,125.87,175.32,196.35,292.91,-1
10,player,630,0,0,130.50,175.14,200.99,292.73,-1
10,player,631,0,0,135.14,174.96,205.63,292.55,-1
10,player,632,0,0,139.78,174.78,210.27,292.37,-1
10,player,633,0,0,144.42,174.60,214.91,292.19,-1
10,player,634,0,0,149.06,174.42,219.55,292.00,-1
10,player,635,0,0,153.70,174.24,224.19,291.82,-1
10,player,636,0,0,158.33,174.06,228.82,291.64,-1
10,player,637,0,0,162.97,173.88,233.46,291.46,-1
10,player,638,0,0,167.61,173.69,238.10,291.28,-1
10,player,639,0,0,172.25,173.51,242.74,291.10,-1
10,player,640,0,0,176.89,173.33,247.38,290.92,-1
10,player,641,0,0,181.53,173.15,252.02,290.74,-1
10,player,642,0,0,186.17,172.97,256.66,290.55,-1
10,player,643,0,0,190.80,172.79,261.29,290.37,-1
10,player,644,0,0,195.44,172.61,265.93,290.19,-1
10,player,645,0,0,200.08,172.43,270.57,290.01,-1
10,player,646,0,0,204.72,172.24,275.21,289.83,-1
10,player,647,0,0,209.36,172.06,279.85,289.65,-1
10,player,648,0,0,214.00,171.88,284.49,289.47,-1
10,player,649,0,0,218.64,171.70,289.13,289.29,-1
10,player,650,0,0,223.27,171.52,293.76,289.11,-1
10,player,651,0,0,227.91,171.34,298.40,288.92,-1
10,player,652,0,0,232.55,171.16,303.04,288.74,-1
10,player,653,0,0,237.19,170.98,307.68,288.56,-1
10,player,654,0,0,241.83,170.79,312.32,288.38,-1
10,player,655,0,0,246.47,170.61,316.96,288.20,-1
10,player,656,0,0,251.11,170.43,321.60,288.02,-1
10,player,657,0,0,255.74,170.25,326.23,287.84,-1
10,player,658,0,0,260.38,170.07,330.87,287.66,-1
10,player,659,0,0,265.02,169.89,335.51,287.47,-1
10,player,660,0,0,269.66,169.71,340.15,287.29,-1
10,player,661,0,0,274.30,169.53,344.79,287.11,-1
10,player,662,0,0,278.94,169.35,349.43,286.93,-1
10,player,663,0,0,283.58,169.16,354.07,286.75,-1
10,player,664,0,0,288.21,168.98,358.70,286.57,-1
10,player,665,0,0,292.85,168.80,363.34,286.39,-1
10,player,666,0,0,297.49,168.62,367.98,286.21,-1
10,player,667,0,0,302.13,168.44,372.62,286.02,-1
10,player,668,0,0,306.77,168.26,377.26,285.84,-1
10,player,669,0,0,311.41,168.08,381.90,285.66,-1
10,player,670,0,0,316.05,167.90,386.54,285.48,-1
10,player,671,0,0,320.68,167.71,391.17,285.30,-1
10,player,672,0,0,325.32,167.53,395.81,285.12,-1
10,player,673,0,0,329.96,167.35,400.45,284.94,-1
10,player,674,0,0,334.60,167.17,405.09,284.76,-1
10,player,675,0,0,339.24,166.99,409.73,284.58,-1
10,player,676,0,0,343.88,166.81,414.37,284.39,-1
10,player,677,0,0,348.52,166.63,419.00,284.21,-1
10,player,678,0,0,353.15,166.45,423.64,284.03,-1
10,player,679,0,0,368.02,166.84,438.51,284.42,-1
10,player,680,0,0,382.89,167.22,453.38,284.81,-1
10,player,681,0,0,397.76,167.61,468.25,285.20,-1
10,player,682,0,0,412.63,168.00,483.12,285.59,-1
10,player,683,0,0,427.50,168.39,497.99,285.98,-1
10,player,684,0,0,442.37,168.78,512.86,286.36,-1
10,player,685,0,0,457.24,169.17,527.73,286.75,-1
10,player,686,0,0,472.11,169.56,542.60,287.14,-1
10,player,687,0,0,486.98,169.94,557.47,287.53,-1
10,player,688,0,0,501.85,170.33,572.34,287.92,-1
10,player,689,0,0,516.72,170.72,587.21,288.31,-1
10,player,690,0,0,531.59,171.11,602.08,288.70,-1
10,player,691,0,0,546.46,171.50,616.95,289.09,-1
10,player,692,0,0,561.33,171.89,631.82,289.47,-1
10,player,693,0,0,576.20,172.28,646.68,289.86,-1
10,player,694,0,0,591.06,172.67,661.55,290.25,-1
10,player,695,0,0,605.93,173.05,676.42,290.64,-1
10,player,696,0,0,620.80,173.44,691.29,291.03,-1
10,player,697,0,0,635.67,173.83,706.16,291.42,-1
10,player,698,0,0,650.54,174.22,721.03,291.81,-1
10,player,699,0,0,665.41,174.61,735.90,292.20,-1
10,player,700,0,0,680.28,175.00,750.77,292.58,-1
10,player,701,0,0,695.15,175.39,765.64,292.97,-1
10,player,702,0,0,710.02,175.78,780.51,293.36,-1
10,player,703,0,0,724.89,176.16,795.38,293.75,-1
10,player,704,0,0,739.76,176.55,810.25,294.14,-1
10,player,705,0,0,754.63,176.94,825.12,294.53,-1
10,player,706,0,0,769.50,177.33,839.99,294.92,-1
10,player,707,0,0,784.37,177.72,854.86,295.31,-1
10,player,708,0,0,799.24,178.11,869.73,295.69,-1
10,player,709,0,0,814.11,178.50,884.60,296.08,-1
10,player,710,0,0,828.98,178.89,899.46,296.47,-1
10,player,711,0,0,843.84,179.27,914.33,296.86,-1
10,player,712,0,0,858.71,179.66,929.20,297.25,-1
10,player,713,0,0,873.58,180.05,944.07,297.64,-1
10,player,714,0,0,888.45,180.44,958.94,298.03,-1
10,player,715,0,0,903.32,180.83,973.81,298.42,-1
10,player,716,0,0,918.19,181.22,988.68,298.80,-1
10,player,717,0,0,933.06,181.61,1003.55,299.19,-1
10,player,718,0,0,947.93,182.00,1018.42,299.58,-1
10,player,719,0,0,962.80,182.38,1033.29,299.97,-1
10,player,720,0,0,977.67,182.77,1048.16,300.36,-1
10,player,721,0,0,992.54,183.16,1063.03,300.75,-1
10,player,722,0,0,1007.41,183.55,1077.90,301.14,-1
10,player,723,0,0,1021.95,182.27,1092.44,299.85,-1
10,player,724,0,0,1036.49,180.99,1106.98,298.57,-1
10,player,725,0,0,1051.03,179.70,1121.51,297.29,-1
10,player,726,0,0,1065.56,178.42,1136.05,296.01,-1
10,player,727,0,0,1080.10,177.14,1150.59,294.72,-1
10,player,728,0,0,1098.28,176.60,1168.77,294.19,-1
10,player,729,0,0,1116.45,176.07,1186.94,293.65,-1
10,player,730,0,0,1134.62,175.53,1205.11,293.12,-1
10,player,731,0,0,1152.80,175.00,1223.29,292.58,-1
10,player,732,0,0,1166.05,175.85,1236.54,293.44,-1
10,player,733,0,0,1179.31,176.71,1249.80,294.29,-1
10,player,734,0,0,1192.57,177.56,1263.06,295.15,-1
10,player,735,0,0,1205.82,178.42,1276.31,296.01,-1
10,player,736,0,0,1219.08,179.28,1289.57,296.86,-1
10,player,737,0,0,1232.33,180.13,1302.82,297.72,-1
10,player,738,0,0,1245.59,180.99,1316.08,298.57,-1
10,player,739,0,0,1258.85,181.84,1329.34,299.43,-1
10,player,740,0,0,1272.10,182.70,1342.59,300.28,-1
10,player,741,0,0,1285.36,183.55,1355.85,301.14,-1
10,player,742,0,0,1298.62,184.41,1369.10,301.99,-1
10,player,743,0,0,1311.87,185.26,1382.36,302.85,-1
10,player,744,0,0,1325.13,186.12,1395.62,303.70,-1
10,player,745,0,0,1338.38,186.97,1408.87,304.56,-1
10,player,746,0,0,1351.64,187.83,1422.13,305.41,-1
10,player,747,0,0,1351.31,188.65,1421.80,306.24,-1
10,player,748,0,0,1350.98,189.47,1421.47,307.06,-1
10,player,749,0,0,1350.65,190.29,1421.14,307.88,-1
10,player,750,0,0,1350.32,191.12,1420.81,308.70,-1
10,player,751,0,0,1349.99,191.94,1420.48,309.52,-1
10,player,752,0,0,1349.67,192.76,1420.16,310.35,-1
10,player,753,0,0,1349.34,193.58,1419.83,311.17,-1
10,player,754,0,0,1349.01,194.41,1419.50,311.99,-1
10,player,755,0,0,1348.68,195.23,1419.17,312.81,-1
10,player,756,0,0,1348.35,196.05,1418.84,313.64,-1
10,player,757,0,0,1348.02,196.87,1418.51,314.46,-1
10,player,758,0,0,1347.69,197.70,1418.18,315.28,-1
10,player,759,0,0,1347.36,198.52,1417.85,316.10,-1
10,player,760,0,0,1347.03,199.34,1417.52,316.93,-1
10,player,761,0,0,1346.71,200.16,1417.19,317.75,-1
10,player,762,0,0,1346.38,200.98,1416.87,318.57,-1
10,player,763,0,0,1346.05,201.81,1416.54,319.39,-1
10,player,764,0,0,1345.72,202.63,1416.21,320.21,-1
10,player,765,0,0,1345.39,203.45,1415.88,321.04,-1
10,player,766,0,0,1345.06,204.27,1415.55,321.86,-1
10,player,767,0,0,1344.73,205.10,1415.22,322.68,-1
10,player,768,0,0,1344.40,205.92,1414.89,323.50,-1
10,player,769,0,0,1344.07,206.74,1414.56,324.33,-1
10,player,770,0,0,1343.74,207.56,1414.23,325.15,-1
10,player,771,0,0,1343.42,208.39,1413.91,325.97,-1
10,player,772,0,0,1343.09,209.21,1413.58,326.79,-1
10,player,773,0,0,1330.97,209.92,1401.46,327.51,-1
10,player,774,0,0,1318.86,210.63,1389.34,328.22,-1
10,player,775,0,0,1306.74,211.35,1377.23,328.93,-1
10,player,776,0,0,1301.42,212.29,1371.91,329.88,-1
10,player,777,0,0,1296.10,213.24,1366.59,330.82,-1
10,player,778,0,0,1290.78,214.18,1361.27,331.77,-1
10,player,779,0,0,1285.46,215.12,1355.95,332.71,-1
10,player,780,0,0,1280.14,216.07,1350.63,333.65,-1
10,player,781,0,0,1274.82,217.01,1345.31,334.60,-1
10,player,782,0,0,1269.50,217.96,1339.99,335.54,-1
10,player,783,0,0,1264.18,218.90,1334.67,336.49,-1
10,player,784,0,0,1258.86,219.85,1329.35,337.43,-1
10,player,785,0,0,1253.54,220.79,1324.02,338.38,-1
10,player,786,0,0,1248.22,221.74,1318.70,339.32,-1
10,player,787,0,0,1242.89,222.68,1313.38,340.27,-1
10,player,788,0,0,1237.57,223.63,1308.06,341.21,-1
10,player,789,0,0,1232.25,224.57,1302.74,342.16,-1
10,player,790,0,0,1226.93,225.52,1297.42,343.10,-1
10,player,791,0,0,1221.61,226.46,1292.10,344.05,-1
10,player,792,0,0,1216.29,227.41,1286.78,344.99,-1
10,player,793,0,0,1210.97,228.35,1281.46,345.94,-1
10,player,794,0,0,1205.65,229.30,1276.14,346.88,-1
10,player,795,0,0,1200.33,230.24,1270.82,347.83,-1
10,player,796,0,0,1195.01,231.19,1265.50,348.77,-1
10,player,797,0,0,1189.69,232.13,1260.18,349.72,-1
10,player,798,0,0,1184.37,233.07,1254.86,350.66,-1
10,player,799,0,0,1179.05,234.02,1249.54,351.61,-1
10,player,800,0,0,1173.73,234.96,1244.22,352.55,-1
10,player,801,0,0,1168.41,235.91,1238.90,353.49,-1
10,player,802,0,0,1163.09,236.85,1233.58,354.44,-1
10,player,803,0,0,1157.77,237.80,1228.26,355.38,-1
10,player,804,0,0,1152.45,238.74,1222.94,356.33,-1
10,player,805,0,0,1147.13,239.69,1217.62,357.27,-1
10,player,806,0,0,1141.81,240.63,1212.30,358.22,-1
10,player,807,0,0,1136.49,241.58,1206.98,359.16,-1
10,player,808,0,0,1131.17,242.52,1201.66,360.11,-1
10,player,809,0,0,1125.85,243.47,1196.34,361.05,-1
10,player,810,0,0,1120.53,244.41,1191.02,362.00,-1
10,player,811,0,0,1115.21,245.36,1185.70,362.94,-1
10,player,812,0,0,1109.89,246.30,1180.38,363.89,-1
10,player,813,0,0,1104.57,247.25,1175.05,364.83,-1
10,player,814,0,0,1099.25,248.19,1169.73,365.78,-1
10,player,815,0,0,1093.92,249.14,1164.41,366.72,-1
10,player,816,0,0,1088.60,250.08,1159.09,367.67,-1
10,player,817,0,0,1083.28,251.02,1153.77,368.61,-1
10,player,818,0,0,1077.96,251.97,1148.45,369.56,-1
10,player,819,0,0,1072.26,252.68,1142.75,370.27,-1
10,player,820,0,0,1066.56,253.39,1137.05,370.98,-1
10,player,821,0,0,1060.86,254.11,1131.35,371.69,-1
10,player,822,0,0,1057.18,254.45,1127.67,372.04,-1
10,player,823,0,0,1053.50,254.79,1123.99,372.38,-1
10,player,824,0,0,1049.83,255.13,1120.32,372.72,-1
10,player,825,0,0,1046.15,255.48,1116.64,373.06,-1
10,player,826,0,0,1042.47,255.82,1112.96,373.40,-1
10,player,827,0,0,1038.79,256.16,1109.28,373.75,-1
10,player,828,0,0,1035.12,256.50,1105.61,374.09,-1
10,player,829,0,0,1031.44,256.84,1101.93,374.43,-1
10,player,830,0,0,1027.76,257.19,1098.25,374.77,-1
10,player,831,0,0,1024.08,257.53,1094.57,375.11,-1
10,player,832,0,0,1020.41,257.87,1090.90,375.46,-1
10,player,833,0,0,1016.73,258.21,1087.22,375.80,-1
10,player,834,0,0,1013.05,258.55,1083.54,376.14,-1
10,player,835,0,0,1009.37,258.90,1079.86,376.48,-1
10,player,836,0,0,1005.70,259.24,1076.19,376.82,-1
10,player,837,0,0,1002.02,259.58,1072.51,377.17,-1
10,player,838,0,0,998.34,259.92,1068.83,377.51,-1
10,player,839,0,0,994.66,260.27,1065.15,377.85,-1
10,player,840,0,0,990.99,260.61,1061.48,378.19,-1
10,player,841,0,0,987.31,260.95,1057.80,378.54,-1
10,player,842,0,0,983.63,261.29,1054.12,378.88,-1
10,player,843,0,0,979.95,261.63,1050.44,379.22,-1
10,player,844,0,0,976.28,261.98,1046.77,379.56,-1
10,player,845,0,0,972.60,262.32,1043.09,379.90,-1
10,player,846,0,0,968.92,262.66,1039.41,380.25,-1
10,player,847,0,0,967.43,262.66,1037.91,380.25,-1
10,player,848,0,0,965.93,262.66,1036.42,380.25,-1
10,player,849,0,0,964.43,262.66,1034.92,380.25,-1
10,player,850,0,0,962.94,262.66,1033.42,380.25,-1
10,player,851,0,0,961.44,262.66,1031.93,380.25,-1
10,player,852,0,0,959.94,262.66,1030.43,380.25,-1
10,player,853,0,0,958.45,262.66,1028.93,380.25,-1
10,player,854,0,0,956.95,262.66,1027.44,380.25,-1
10,player,855,0,0,955.45,262.66,1025.94,380.25,-1
10,player,856,0,0,953.96,262.66,1024.44,380.25,-1
10,player,857,0,0,953.96,262.66,1024.44,380.25,-1
10,player,858,0,0,953.96,262.66,1024.44,380.25,-1
10,player,859,0,0,953.96,262.66,1024.44,380.25,-1
10,player,860,0,0,953.96,262.66,1024.44,380.25,-1
10,player,861,0,0,953.96,262.66,1024.44,380.25,-1
10,player,862,0,0,953.96,262.66,1024.44,380.25,-1
10,player,863,0,0,953.96,262.66,1024.44,380.25,-1
10,player,864,0,0,953.96,262.66,1024.44,380.25,-1
10,player,865,0,0,953.96,262.66,1024.44,380.25,-1
10,player,866,0,0,953.96,262.66,1024.44,380.25,-1
10,player,867,0,0,953.96,262.66,1024.44,380.25,-1
10,player,868,0,0,953.96,262.66,1024.44,380.25,-1
10,player,869,0,0,953.96,262.66,1024.44,380.25,-1
10,player,870,0,0,953.96,262.66,1024.44,380.25,-1
10,player,871,0,0,953.96,262.66,1024.44,380.25,-1
10,player,872,0,0,953.96,262.66,1024.44,380.25,-1
10,player,873,0,0,953.96,262.66,1024.44,380.25,-1
10,player,874,0,0,953.96,262.66,1024.44,380.25,-1
10,player,875,0,0,953.96,262.66,1024.44,380.25,-1
10,player,876,0,0,953.96,262.66,1024.44,380.25,-1
10,player,877,0,0,953.96,262.66,1024.44,380.25,-1
10,player,878,0,0,953.96,262.66,1024.44,380.25,-1
10,player,879,0,0,953.96,262.66,1024.44,380.25,-1
10,player,880,0,0,953.96,262.66,1024.44,380.25,-1
10,player,881,0,0,953.96,262.66,1024.44,380.25,-1
10,player,882,0,0,953.96,262.66,1024.44,380.25,-1
10,player,883,0,0,953.96,262.66,1024.44,380.25,-1
10,player,884,0,0,953.96,262.66,1024.44,380.25,-1
10,player,885,0,0,953.96,262.66,1024.44,380.25,-1
10,player,886,0,0,953.96,262.66,1024.44,380.25,-1
10,player,887,0,0,953.96,262.66,1024.44,380.25,-1
10,player,888,0,0,953.96,262.66,1024.44,380.25,-1
10,player,889,0,0,953.96,262.66,1024.44,380.25,-1
10,player,890,0,0,953.96,262.66,1024.44,380.25,-1
10,player,891,0,0,953.96,262.66,1024.44,380.25,-1
10,player,892,0,0,953.96,262.66,1024.44,380.25,-1
10,player,893,0,0,953.96,262.66,1024.44,380.25,-1
10,player,894,0,0,953.96,262.66,1024.44,380.25,-1
10,player,895,0,0,953.96,262.66,1024.44,380.25,-1
10,player,896,0,0,953.96,262.66,1024.44,380.25,-1
10,player,897,0,0,953.96,262.66,1024.44,380.25,-1
10,player,898,0,0,953.96,262.66,1024.44,380.25,-1
10,player,899,0,0,953.96,262.66,1024.44,380.25,-1
11,player,15,0,0,27.80,188.29,102.60,323.00,-1
11,player,16,0,0,27.80,188.29,102.60,323.00,-1
11,player,17,0,0,27.80,188.29,102.60,323.00,-1
11,player,18,0,0,27.80,188.29,102.60,323.00,-1
11,player,19,0,0,27.80,188.29,102.60,323.00,-1
11,player,20,0,0,27.80,188.29,102.60,323.00,-1
11,player,21,0,0,27.80,188.29,102.60,323.00,-1
11,player,22,0,0,27.80,188.29,102.60,323.00,-1
11,player,23,0,0,27.80,188.29,102.60,323.00,-1
11,player,24,0,0,27.80,188.29,102.60,323.00,-1
11,player,25,0,0,27.80,188.29,102.60,323.00,-1
11,player,26,0,0,27.80,188.29,102.60,323.00,-1
11,player,27,0,0,27.80,188.29,102.60,323.00,-1
11,player,28,0,0,27.80,188.29,102.60,323.00,-1
11,player,29,0,0,27.80,188.29,102.60,323.00,-1
11,player,30,0,0,27.80,188.29,102.60,323.00,-1
11,player,31,0,0,27.80,188.29,102.60,323.00,-1
11,player,32,0,0,27.80,188.29,102.60,323.00,-1
11,player,33,0,0,27.80,188.29,102.60,323.00,-1
11,player,34,0,0,27.80,188.29,102.60,323.00,-1
11,player,35,0,0,27.80,188.29,102.60,323.00,-1
11,player,36,0,0,27.80,188.29,102.60,323.00,-1
11,player,37,0,0,27.80,188.29,102.60,323.00,-1
11,player,38,0,0,27.80,188.29,102.60,323.00,-1
11,player,39,0,0,27.80,188.29,102.60,323.00,-1
11,player,40,0,0,27.80,188.29,102.60,323.00,-1
11,player,41,0,0,27.80,188.29,102.60,323.00,-1
11,player,42,0,0,27.80,188.29,102.60,323.00,-1
11,player,43,0,0,27.80,188.29,102.60,323.00,-1
11,player,44,0,0,27.80,188.29,102.60,323.00,-1
11,player,45,0,0,27.80,188.29,102.60,323.00,-1
11,player,46,0,0,27.80,188.29,102.60,323.00,-1
11,player,47,0,0,27.80,188.29,102.60,323.00,-1
11,player,48,0,0,27.80,188.29,102.60,323.00,-1
11,player,49,0,0,27.80,188.29,102.60,323.00,-1
11,player,50,0,0,27.80,188.29,102.60,323.00,-1
11,player,51,0,0,27.80,188.29,102.60,323.00,-1
11,player,52,0,0,27.80,188.29,102.60,323.00,-1
11,player,53,0,0,27.80,188.29,102.60,323.00,-1
11,player,54,0,0,27.80,188.29,102.60,323.00,-1
11,player,55,0,0,27.80,188.29,102.60,323.00,-1
11,player,56,0,0,27.80,188.29,102.60,323.00,-1
11,player,57,0,0,27.80,188.29,102.60,323.00,-1
11,player,58,0,0,27.80,188.29,102.60,323.00,-1
11,player,59,0,0,27.80,188.29,102.60,323.00,-1
11,player,60,0,0,27.80,188.29,102.60,323.00,-1
11,player,61,0,0,27.80,188.29,102.60,323.00,-1
11,player,62,0,0,27.80,188.29,102.60,323.00,-1
11,player,63,0,0,27.80,188.29,102.60,323.00,-1
11,player,64,0,0,27.80,188.29,102.60,323.00,-1
11,player,65,0,0,27.80,188.29,102.60,323.00,-1
11,player,66,0,0,27.80,188.29,102.60,323.00,-1
11,player,67,0,0,27.80,188.29,102.60,323.00,-1
11,player,68,0,0,27.80,188.29,102.60,323.00,-1
11,player,69,0,0,27.80,188.29,102.60,323.00,-1
11,player,70,0,0,27.80,188.29,102.60,323.00,-1
11,player,71,0,0,27.80,188.29,102.60,323.00,-1
11,player,72,0,0,27.80,188.29,102.60,323.00,-1
11,player,73,0,0,27.80,188.29,102.60,323.00,-1
11,player,74,0,0,27.80,188.29,102.60,323.00,-1
11,player,75,0,0,27.80,188.29,102.60,323.00,-1
11,player,76,0,0,27.80,188.29,102.60,323.00,-1
11,player,77,0,0,27.80,188.29,102.60,323.00,-1
11,player,78,0,0,27.80,188.29,102.60,323.00,-1
11,player,79,0,0,27.80,188.29,102.60,323.00,-1
11,player,80,0,0,27.80,188.29,102.60,323.00,-1
11,player,81,0,0,27.80,188.29,102.60,323.00,-1
11,player,82,0,0,27.80,188.29,102.60,323.00,-1
11,player,83,0,0,27.80,188.29,102.60,323.00,-1
11,player,84,0,0,27.80,188.29,102.60,323.00,-1
11,player,85,0,0,27.80,188.29,102.60,323.00,-1
11,player,86,0,0,27.80,188.29,102.60,323.00,-1
11,player,87,0,0,27.80,188.29,102.60,323.00,-1
11,player,88,0,0,27.80,188.29,102.60,323.00,-1
11,player,89,0,0,27.80,188.29,102.60,323.00,-1
11,player,90,0,0,27.80,188.29,102.60,323.00,-1
11,player,91,0,0,27.80,188.29,102.60,323.00,-1
11,player,92,0,0,27.80,188.29,102.60,323.00,-1
11,player,93,0,0,27.80,188.29,102.60,323.00,-1
11,player,94,0,0,27.80,188.29,102.60,323.00,-1
11,player,95,0,0,27.80,188.29,102.60,323.00,-1
11,player,96,0,0,27.80,188.29,102.60,323.00,-1
11,player,97,0,0,27.80,188.29,102.60,323.00,-1
11,player,98,0,0,27.80,188.29,102.60,323.00,-1
11,player,99,0,0,27.80,188.29,102.60,323.00,-1
11,player,100,0,0,27.80,188.29,102.60,323.00,-1
11,player,101,0,0,27.80,188.29,102.60,323.00,-1
11,player,102,0,0,27.80,188.29,102.60,323.00,-1
11,player,103,0,0,27.80,188.29,102.60,323.00,-1
11,player,104,0,0,27.80,188.29,102.60,323.00,-1
11,player,105,0,0,27.80,188.29,102.60,323.00,-1
11,player,106,0,0,27.80,188.29,102.60,323.00,-1
11,player,107,0,0,27.80,188.29,102.60,323.00,-1
11,player,108,0,0,27.80,188.29,102.60,323.00,-1
11,player,109,0,0,27.80,188.29,102.60,323.00,-1
11,player,110,0,0,27.80,188.29,102.60,323.00,-1
11,player,111,0,0,27.80,188.29,102.60,323.00,-1
11,player,112,0,0,27.80,188.29,102.60,323.00,-1
11,player,113,0,0,27.80,188.29,102.60,323.00,-1
11,player,114,1,0,27.80,188.29,102.60,323.00,-1
12,player,114,0,0,1524.46,254.55,1612.08,399.96,99
12,player,115,0,0,1522.82,254.42,1610.44,399.83,99
12,player,116,0,0,1521.19,254.30,1608.81,399.71,99
12,player,117,0,0,1519.55,254.17,1607.17,399.58,99
12,player,118,0,0,1517.92,254.05,1605.54,399.45,99
12,player,119,0,0,1516.28,253.92,1603.90,399.33,99
12,player,120,0,0,1514.65,253.79,1602.27,399.20,99
12,player,121,0,0,1513.01,253.67,1600.63,399.08,99
12,player,122,0,0,1511.38,253.54,1599.00,398.95,99
12,player,123,0,0,1509.74,253.42,1597.36,398.83,99
12,player,124,0,0,1508.11,253.29,1595.73,398.70,99
12,player,125,0,0,1506.47,253.16,1594.09,398.57,99
12,player,126,0,0,1504.84,253.04,1592.46,398.45,99
12,player,127,0,0,1503.20,252.91,1590.82,398.32,99
12,player,128,0,0,1501.57,252.79,1589.19,398.20,99
12,player,129,0,0,1499.93,252.66,1587.55,398.07,99
12,player,130,0,0,1498.30,252.54,1585.92,397.94,99
12,player,131,0,0,1496.66,252.41,1584.28,397.82,99
12,player,132,0,0,1495.72,252.41,1583.34,397.82,99
12,player,133,0,0,1494.78,252.41,1582.40,397.82,99
12,player,134,0,0,1493.84,252.41,1581.46,397.82,99
12,player,135,0,0,1492.90,252.41,1580.52,397.82,99
12,player,136,0,0,1491.96,252.41,1579.58,397.82,99
12,player,137,0,0,1491.02,252.41,1578.64,397.82,99
12,player,138,0,0,1490.07,252.41,1577.70,397.82,99
12,player,139,0,0,1489.13,252.41,1576.76,397.82,99
12,player,140,0,0,1488.19,252.41,1575.81,397.82,99
12,player,141,0,0,1487.25,252.41,1574.87,397.82,99
12,player,142,0,0,1486.31,252.41,1573.93,397.82,99
12,player,143,0,0,1485.37,252.41,1572.99,397.82,99
12,player,144,0,0,1484.43,252.41,1572.05,397.82,99
12,player,145,0,0,1483.49,252.41,1571.11,397.82,99
12,player,146,0,0,1482.55,252.41,1570.17,397.82,99
12,player,147,0,0,1481.61,252.41,1569.23,397.82,99
12,player,148,0,0,1480.67,252.41,1568.29,397.82,99
12,player,149,0,0,1479.73,252.41,1567.35,397.82,99
12,player,150,0,0,1478.79,252.41,1566.41,397.82,99
12,player,151,0,0,1477.85,252.41,1565.47,397.82,99
12,player,152,0,0,1476.90,252.41,1564.53,397.82,99
12,player,153,0,0,1475.96,252.41,1563.59,397.82,99
12,player,154,0,0,1475.02,252.41,1562.64,397.82,99
12,player,155,0,0,1474.08,252.41,1561.70,397.82,99
12,player,156,0,0,1473.14,252.41,1560.76,397.82,99
12,player,157,0,0,1478.85,253.68,1566.47,399.09,99
12,player,158,0,0,1484.55,254.95,1572.17,400.35,99
12,player,159,0,0,1490.25,256.21,1577.88,401.62,99
12,player,160,0,0,1495.96,257.48,1583.58,402.89,99
12,player,161,0,0,1500.94,257.40,1588.57,402.80,99
12,player,162,0,0,1505.93,257.31,1593.55,402.72,99
12,player,163,0,0,1510.92,257.23,1598.54,402.64,99
12,player,164,0,0,1515.90,257.14,1603.52,402.55,99
12,player,165,0,0,1520.89,257.06,1608.51,402.47,99
12,player,166,0,0,1525.87,256.97,1613.50,402.38,99
12,player,167,0,0,1530.86,256.89,1618.48,402.30,99
12,player,168,0,0,1535.85,256.80,1623.47,402.21,99
12,player,169,0,0,1540.83,256.72,1628.45,402.13,99
12,player,170,0,0,1545.82,256.64,1633.44,402.04,99
12,player,171,0,0,1550.80,256.55,1638.43,401.96,99
12,player,172,0,0,1555.79,256.47,1643.41,401.88,99
12,player,173,0,0,1560.78,256.38,1648.40,401.79,99
12,player,174,0,0,1565.76,256.30,1653.38,401.71,99
12,player,175,0,0,1570.75,256.21,1658.37,401.62,99
12,player,176,0,0,1575.73,256.13,1663.35,401.54,99
12,player,177,0,0,1580.72,256.04,1668.34,401.45,99
12,player,178,0,0,1585.71,255.96,1673.33,401.37,99
12,player,179,0,0,1590.69,255.87,1678.31,401.28,99
12,player,180,0,0,1595.68,255.79,1683.30,401.20,99
12,player,181,0,0,1600.66,255.71,1688.28,401.11,99
12,player,182,0,0,1605.65,255.62,1693.27,401.03,99
12,player,183,0,0,1610.63,255.54,1698.26,400.95,99
12,player,184,0,0,1615.62,255.45,1703.24,400.86,99
12,player,185,0,0,1620.61,255.37,1708.23,400.78,99
12,player,186,0,0,1625.59,255.28,1713.21,400.69,99
12,player,187,0,0,1630.58,255.20,1718.20,400.61,99
12,player,188,0,0,1635.56,255.11,1723.19,400.52,99
12,player,189,0,0,1640.55,255.03,1728.17,400.44,99
12,player,190,0,0,1645.54,254.95,1733.16,400.35,99
12,player,191,0,0,1650.43,256.03,1738.05,401.44,99
12,player,192,0,0,1655.31,257.12,1742.94,402.53,99
12,player,193,0,0,1660.20,258.20,1747.83,403.61,99
12,player,194,0,0,1665.09,259.29,1752.71,404.70,99
12,player,195,0,0,1669.98,260.38,1757.60,405.79,99
12,player,196,0,0,1674.87,261.46,1762.49,406.87,99
12,player,197,0,0,1679.76,262.55,1767.38,407.96,99
12,player,198,0,0,1684.65,263.64,1772.27,409.05,99
12,player,199,0,0,1689.54,264.72,1777.16,410.13,99
12,player,200,0,0,1694.43,265.81,1782.05,411.22,99
12,player,201,0,0,1699.32,266.90,1786.94,412.31,99
12,player,202,0,0,1704.21,267.98,1791.83,413.39,99
12,player,203,0,0,1709.10,269.07,1796.72,414.48,99
12,player,204,0,0,1713.99,270.16,1801.61,415.57,99
12,player,205,0,0,1720.57,269.83,1808.19,415.24,99
12,player,206,0,0,1727.14,269.50,1814.77,414.91,99
12,player,207,0,0,1733.72,269.17,1821.34,414.58,99
12,player,208,0,0,1740.30,268.84,1827.92,414.25,99
12,player,209,0,0,1746.88,268.51,1834.50,413.92,99
12,player,210,0,0,1753.46,268.18,1841.08,413.59,99
12,player,211,0,0,1760.04,267.85,1847.66,413.26,99
12,player,212,0,0,1766.62,267.52,1854.24,412.93,99
12,player,213,0,0,1773.20,267.20,1860.82,412.60,99
12,player,214,0,0,1779.77,266.87,1867.40,412.28,99
12,player,215,0,0,1786.35,266.54,1873.97,411.95,99
12,player,216,0,0,1792.93,266.21,1880.55,411.62,99
12,player,217,0,0,1799.51,265.88,1887.13,411.29,99
12,player,218,0,0,1799.51,265.88,1887.13,411.29,99
12,player,219,0,0,1799.51,265.88,1887.13,411.29,99
12,player,220,0,0,1799.51,265.88,1887.13,411.29,99
12,player,221,0,0,1799.51,265.88,1887.13,411.29,99
12,player,222,0,0,1799.51,265.88,1887.13,411.29,99
12,player,223,0,0,1799.51,265.88,1887.13,411.29,99
12,player,224,0,0,1799.51,265.88,1887.13,411.29,99
12,player,225,0,0,1799.51,265.88,1887.13,411.29,99
12,player,226,0,0,1799.51,265.88,1887.13,411.29,99
12,player,227,0,0,1799.51,265.88,1887.13,411.29,99
12,player,228,0,0,1799.51,265.88,1887.13,411.29,99
12,player,229,0,0,1799.51,265.88,1887.13,411.29,99
12,player,230,0,0,1799.51,265.88,1887.13,411.29,99
12,player,231,0,0,1799.51,265.88,1887.13,411.29,99
12,player,232,0,0,1799.51,265.88,1887.13,411.29,99
12,player,233,0,0,1799.51,265.88,1887.13,411.29,99
12,player,234,0,0,1799.51,265.88,1887.13,411.29,99
12,player,235,0,0,1799.51,265.88,1887.13,411.29,99
12,player,236,0,0,1799.51,265.88,1887.13,411.29,99
12,player,237,0,0,1799.51,265.88,1887.13,411.29,99
12,player,238,0,0,1799.51,265.88,1887.13,411.29,99
12,player,239,0,0,1799.51,265.88,1887.13,411.29,99
12,player,240,0,0,1799.51,265.88,1887.13,411.29,99
12,player,241,0,0,1799.51,265.88,1887.13,411.29,99
12,player,242,0,0,1799.51,265.88,1887.13,411.29,99
12,player,243,0,0,1799.51,265.88,1887.13,411.29,99
12,player,244,0,0,1799.51,265.88,1887.13,411.29,99
12,player,245,0,0,1799.51,265.88,1887.13,411.29,99
12,player,246,0,0,1799.51,265.88,1887.13,411.29,99
12,player,247,0,0,1799.51,265.88,1887.13,411.29,99
12,player,248,0,0,1799.51,265.88,1887.13,411.29,99
12,player,249,0,0,1799.51,265.88,1887.13,411.29,99
12,player,250,0,0,1799.51,265.88,1887.13,411.29,99
12,player,251,0,0,1799.51,265.88,1887.13,411.29,99
12,player,252,0,0,1799.51,265.88,1887.13,411.29,99
12,player,253,0,0,1799.51,265.88,1887.13,411.29,99
12,player,254,0,0,1799.51,265.88,1887.13,411.29,99
12,player,255,0,0,1799.51,265.88,1887.13,411.29,99
12,player,256,0,0,1799.51,265.88,1887.13,411.29,99
12,player,257,0,0,1799.51,265.88,1887.13,411.29,99
12,player,258,0,0,1799.51,265.88,1887.13,411.29,99
12,player,259,0,0,1799.51,265.88,1887.13,411.29,99
12,player,260,0,0,1799.51,265.88,1887.13,411.29,99
12,player,261,0,0,1799.51,265.88,1887.13,411.29,99
12,player,262,0,0,1799.51,265.88,1887.13,411.29,99
12,player,263,0,0,1799.51,265.88,1887.13,411.29,99
12,player,264,0,0,1799.51,265.88,1887.13,411.29,99
12,player,265,0,0,1799.51,265.88,1887.13,411.29,99
12,player,266,0,0,1799.51,265.88,1887.13,411.29,99
12,player,267,0,0,1799.51,265.88,1887.13,411.29,99
12,player,268,0,0,1799.51,265.88,1887.13,411.29,99
12,player,269,0,0,1799.51,265.88,1887.13,411.29,99
12,player,270,0,0,1799.51,265.88,1887.13,411.29,99
12,player,271,0,0,1799.51,265.88,1887.13,411.29,99
12,player,272,0,0,1799.51,265.88,1887.13,411.29,99
12,player,273,0,0,1799.51,265.88,1887.13,411.29,99
12,player,274,0,0,1799.51,265.88,1887.13,411.29,99
12,player,275,0,0,1799.51,265.88,1887.13,411.29,99
12,player,276,0,0,1799.51,265.88,1887.13,411.29,99
12,player,277,0,0,1799.51,265.88,1887.13,411.29,99
12,player,278,1,0,1799.51,265.88,1887.13,411.29,99
13,player,190,0,0,3.29,577.63,88.82,750.82,29
13,player,191,0,0,7.28,577.81,92.80,751.00,29
13,player,192,0,0,11.26,577.99,96.79,751.18,29
13,player,193,0,0,15.25,578.18,100.77,751.36,29
13,player,194,0,0,19.23,578.36,104.75,751.54,29
13,player,195,0,0,23.21,578.54,108.74,751.72,29
13,player,196,0,0,27.20,578.72,112.72,751.90,29
13,player,197,0,0,31.18,578.90,116.70,752.08,29
13,player,198,0,0,35.17,579.08,120.69,752.27,29
13,player,199,0,0,39.15,579.26,124.67,752.45,29
13,player,200,0,0,43.13,579.44,128.66,752.63,29
13,player,201,0,0,47.12,579.62,132.64,752.81,29
13,player,202,0,0,51.10,579.80,136.62,752.99,29
13,player,203,0,0,55.08,579.99,140.61,753.17,29
13,player,204,0,0,59.07,580.17,144.59,753.35,29
13,player,205,0,0,61.37,579.02,146.89,752.20,29
13,player,206,0,0,63.67,577.86,149.20,751.05,29
13,player,207,0,0,65.98,576.71,151.50,749.90,29
13,player,208,0,0,68.28,575.56,153.80,748.75,29
13,player,209,0,0,70.58,574.41,156.10,747.60,29
13,player,210,0,0,72.88,573.26,158.41,746.45,29
13,player,211,0,0,75.19,572.11,160.71,745.29,29
13,player,212,0,0,77.49,570.96,163.01,744.14,29
13,player,213,0,0,79.79,569.81,165.32,742.99,29
13,player,214,0,0,82.09,568.65,167.62,741.84,29
13,player,215,0,0,84.40,567.50,169.92,740.69,29
13,player,216,0,0,86.70,566.35,172.22,739.54,29
13,player,217,0,0,89.00,565.20,174.53,738.39,29
13,player,218,0,0,90.65,565.31,176.17,738.49,29
13,player,219,0,0,92.30,565.41,177.82,738.60,29
13,player,220,0,0,93.94,565.52,179.47,738.70,29
13,player,221,0,0,95.59,565.62,181.11,738.81,29
13,player,222,0,0,97.24,565.73,182.76,738.91,29
13,player,223,0,0,98.89,565.83,184.41,739.02,29
13,player,224,0,0,100.53,565.94,186.06,739.12,29
13,player,225,0,0,102.18,566.04,187.70,739.23,29
13,player,226,0,0,103.83,566.15,189.35,739.33,29
13,player,227,0,0,105.48,566.25,191.00,739.44,29
13,player,228,0,0,107.12,566.36,192.65,739.54,29
13,player,229,0,0,108.77,566.46,194.29,739.65,29
13,player,230,0,0,110.42,566.57,195.94,739.75,29
13,player,231,0,0,112.07,566.67,197.59,739.86,29
13,player,232,0,0,113.71,566.78,199.24,739.96,29
13,player,233,0,0,115.36,566.88,200.88,740.07,29
13,player,234,0,0,117.01,566.99,202.53,740.17,29
13,player,235,0,0,118.65,567.09,204.18,740.28,29
13,player,236,0,0,120.30,567.20,205.83,740.38,29
13,player,237,0,0,121.95,567.30,207.47,740.49,29
13,player,238,0,0,123.60,567.41,209.12,740.59,29
13,player,239,0,0,125.24,567.51,210.77,740.70,29
13,player,240,0,0,126.89,567.62,212.42,740.81,29
13,player,241,0,0,128.54,567.72,214.06,740.91,29
13,player,242,0,0,130.19,567.83,215.71,741.02,29
13,player,243,0,0,131.83,567.94,217.36,741.12,29
13,player,244,0,0,133.48,568.04,219.00,741.23,29
13,player,245,0,0,135.13,568.15,220.65,741.33,29
13,player,246,0,0,136.78,568.25,222.30,741.44,29
13,player,247,0,0,138.42,568.36,223.95,741.54,29
13,player,248,0,0,140.07,568.46,225.59,741.65,29
13,player,249,0,0,141.72,568.57,227.24,741.75,29
13,player,250,0,0,143.37,568.67,228.89,741.86,29
13,player,251,0,0,145.01,568.78,230.54,741.96,29
13,player,252,0,0,146.66,568.88,232.18,742.07,29
13,player,253,0,0,148.31,568.99,233.83,742.17,29
13,player,254,0,0,149.96,569.09,235.48,742.28,29
13,player,255,0,0,151.60,569.20,237.13,742.38,29
13,player,256,0,0,153.25,569.30,238.77,742.49,29
13,player,257,0,0,154.90,569.41,240.42,742.59,29
13,player,258,0,0,156.54,569.51,242.07,742.70,29
13,player,259,0,0,158.19,569.62,243.72,742.80,29
13,player,260,0,0,159.84,569.72,245.36,742.91,29
13,player,261,0,0,161.49,569.83,247.01,743.01,29
13,player,262,0,0,163.13,569.93,248.66,743.12,29
13,player,263,0,0,164.78,570.04,250.30,743.22,29
13,player,264,0,0,166.43,570.14,251.95,743.33,29
13,player,265,0,0,168.08,570.25,253.60,743.43,29
13,player,266,0,0,169.72,570.35,255.25,743.54,29
13,player,267,0,0,171.37,570.46,256.89,743.64,29
13,player,268,0,0,173.02,570.56,258.54,743.75,29
13,player,269,0,0,174.67,570.67,260.19,743.85,29
13,player,270,0,0,176.31,570.77,261.84,743.96,29
13,player,271,0,0,177.96,570.88,263.48,744.06,29
13,player,272,0,0,179.61,570.98,265.13,744.17,29
13,player,273,0,0,181.26,571.09,266.78,744.28,29
13,player,274,0,0,182.90,571.19,268.43,744.38,29
13,player,275,0,0,184.55,571.30,270.07,744.49,29
13,player,276,0,0,186.20,571.40,271.72,744.59,29
13,player,277,0,0,187.84,571.51,273.37,744.70,29
13,player,278,0,0,189.49,571.62,275.02,744.80,29
13,player,279,0,0,187.55,571.62,273.07,744.80,29
13,player,280,0,0,185.60,571.62,271.13,744.80,29
13,player,281,0,0,183.66,571.62,269.18,744.80,29
13,player,282,0,0,181.72,571.62,267.24,744.80,29
13,player,283,0,0,179.77,571.62,265.30,744.80,29
13,player,284,0,0,177.83,571.62,263.35,744.80,29
13,player,285,0,0,175.89,571.62,261.41,744.80,29
13,player,286,0,0,173.94,571.62,259.47,744.80,29
13,player,287,0,0,172.00,571.62,257.52,744.80,29
13,player,288,0,0,170.06,571.62,255.58,744.80,29
13,player,289,0,0,168.11,571.62,253.63,744.80,29
13,player,290,0,0,171.01,571.23,256.54,744.42,29
13,player,291,0,0,173.91,570.85,259.44,744.04,29
13,player,292,0,0,176.82,570.47,262.34,743.66,29
13,player,293,0,0,179.72,570.09,265.24,743.27,29
13,player,294,0,0,182.62,569.71,268.14,742.89,29
13,player,295,0,0,185.52,569.32,271.04,742.51,29
13,player,296,0,0,188.42,568.94,273.95,742.13,29
13,player,297,0,0,191.32,568.56,276.85,741.75,29
13,player,298,0,0,194.23,568.18,279.75,741.36,29
13,player,299,0,0,197.13,567.80,282.65,740.98,29
13,player,300,0,0,200.03,567.42,285.55,740.60,29
13,player,301,0,0,202.93,567.03,288.45,740.22,29
13,player,302,0,0,205.83,566.65,291.36,739.84,29
13,player,303,0,0,208.73,566.27,294.26,739.46,29
13,player,304,0,0,211.64,565.89,297.16,739.07,29
13,player,305,0,0,214.54,565.51,300.06,738.69,29
13,player,306,0,0,217.44,565.12,302.96,738.31,29
13,player,307,0,0,220.34,564.74,305.87,737.93,29
13,player,308,0,0,223.24,564.36,308.77,737.55,29
13,player,309,0,0,226.14,563.98,311.67,737.16,29
13,player,310,0,0,229.05,563.60,314.57,736.78,29
13,player,311,0,0,231.95,563.22,317.47,736.40,29
13,player,312,0,0,234.85,562.83,320.37,736.02,29
13,player,313,0,0,237.75,562.45,323.28,735.64,29
13,player,314,0,0,240.65,562.07,326.18,735.26,29
13,player,315,0,0,243.56,561.69,329.08,734.87,29
13,player,316,0,0,246.46,561.31,331.98,734.49,29
13,player,317,0,0,249.36,560.92,334.88,734.11,29
13,player,318,0,0,252.26,560.54,337.78,733.73,29
13,player,319,0,0,255.16,560.16,340.69,733.35,29
13,player,320,0,0,258.06,559.78,343.59,732.96,29
13,player,321,0,0,260.97,559.40,346.49,732.58,29
13,player,322,0,0,263.87,559.02,349.39,732.20,29
13,player,323,0,0,266.77,558.63,352.29,731.82,29
13,player,324,0,0,269.67,558.25,355.19,731.44,29
13,player,325,0,0,272.57,557.87,358.10,731.06,29
13,player,326,0,0,275.47,557.49,361.00,730.67,29
13,player,327,0,0,278.38,557.11,363.90,730.29,29
13,player,328,0,0,281.28,556.72,366.80,729.91,29
13,player,329,0,0,284.18,556.34,369.70,729.53,29
13,player,330,0,0,287.08,555.96,372.60,729.15,29
13,player,331,0,0,289.98,555.58,375.51,728.77,29
13,player,332,0,0,292.88,555.20,378.41,728.38,29
13,player,333,0,0,295.79,554.82,381.31,728.00,29
13,player,334,0,0,298.69,554.43,384.21,727.62,29
13,player,335,0,0,301.59,554.05,387.11,727.24,29
13,player,336,0,0,304.49,553.67,390.01,726.86,29
13,player,337,0,0,307.39,553.29,392.92,726.47,29
13,player,338,0,0,310.29,552.91,395.82,726.09,29
13,player,339,0,0,313.20,552.53,398.72,725.71,29
13,player,340,0,0,316.10,552.14,401.62,725.33,29
13,player,341,0,0,319.00,551.76,404.52,724.95,29
13,player,342,0,0,321.90,551.38,407.42,724.57,29
13,player,343,0,0,324.80,551.00,410.33,724.18,29
13,player,344,0,0,327.70,550.62,413.23,723.80,29
13,player,345,0,0,330.61,550.23,416.13,723.42,29
13,player,346,0,0,341.49,549.46,427.01,722.64,29
13,player,347,0,0,352.38,548.68,437.90,721.86,29
13,player,348,0,0,363.26,547.90,448.78,721.09,29
13,player,349,0,0,374.14,547.12,459.67,720.31,29
13,player,350,0,0,385.03,546.35,470.55,719.53,29
13,player,351,0,0,395.91,545.57,481.44,718.76,29
13,player,352,0,0,406.80,544.79,492.32,717.98,29
13,player,353,0,0,417.68,544.01,503.21,717.20,29
13,player,354,0,0,428.57,543.24,514.09,716.42,29
13,player,355,0,0,439.45,542.46,524.98,715.65,29
13,player,356,0,0,450.34,541.68,535.86,714.87,29
13,player,357,0,0,461.22,540.90,546.75,714.09,29
13,player,358,0,0,472.11,540.13,557.63,713.31,29
13,player,359,0,0,482.99,539.35,568.52,712.54,29
13,player,360,0,0,493.88,538.57,579.40,711.76,29
13,player,361,0,0,504.76,537.79,590.29,710.98,29
13,player,362,0,0,515.65,537.02,601.17,710.20,29
13,player,363,0,0,526.53,536.24,612.05,709.43,29
13,player,364,0,0,537.42,535.46,622.94,708.65,29
13,player,365,0,0,548.30,534.68,633.82,707.87,29
13,player,366,0,0,559.19,533.91,644.71,707.09,29
13,player,367,0,0,570.07,533.13,655.59,706.32,29
13,player,368,0,0,576.48,530.69,662.01,703.87,29
13,player,369,0,0,582.90,528.24,668.42,701.43,29
13,player,370,0,0,589.31,525.80,674.84,698.98,29
13,player,371,0,0,595.73,523.36,681.25,696.54,29
13,player,372,0,0,602.14,520.91,687.66,694.10,29
13,player,373,0,0,608.56,518.47,694.08,691.65,29
13,player,374,0,0,614.97,516.03,700.49,689.21,29
13,player,375,0,0,618.30,516.50,703.82,689.69,29
13,player,376,0,0,621.62,516.98,707.14,690.16,29
13,player,377,0,0,624.95,517.45,710.47,690.64,29
13,player,378,0,0,628.27,517.93,713.80,691.11,29
13,player,379,0,0,631.60,518.40,717.12,691.59,29
13,player,380,0,0,634.92,518.88,720.45,692.06,29
13,player,381,0,0,638.25,519.35,723.77,692.54,29
13,player,382,0,0,641.58,519.83,727.10,693.01,29
13,player,383,0,0,644.90,520.30,730.43,693.49,29
13,player,384,0,0,647.68,520.51,733.21,693.70,29
13,player,385,0,0,650.46,520.73,735.98,693.91,29
13,player,386,0,0,653.24,520.94,738.76,694.13,29
13,player,387,0,0,656.02,521.16,741.54,694.34,29
13,player,388,0,0,658.80,521.37,744.32,694.56,29
13,player,389,0,0,661.58,521.58,747.10,694.77,29
13,player,390,0,0,664.36,521.80,749.88,694.98,29
13,player,391,0,0,667.14,522.01,752.66,695.20,29
13,player,392,0,0,669.92,522.23,755.44,695.41,29
13,player,393,0,0,672.70,522.44,758.22,695.62,29
13,player,394,0,0,673.49,522.40,759.01,695.58,29
13,player,395,0,0,674.27,522.36,759.80,695.54,29
13,player,396,0,0,675.06,522.32,760.59,695.50,29
13,player,397,0,0,675.85,522.27,761.37,695.46,29
13,player,398,0,0,676.64,522.23,762.16,695.42,29
13,player,399,0,0,677.43,522.19,762.95,695.38,29
13,player,400,0,0,678.22,522.15,763.74,695.33,29
13,player,401,0,0,673.68,522.52,759.20,695.70,29
13,player,402,0,0,669.13,522.89,754.66,696.07,29
13,player,403,0,0,664.59,523.26,750.12,696.44,29
13,player,404,0,0,660.05,523.62,745.57,696.81,29
13,player,405,0,0,655.51,523.99,741.03,697.18,29
13,player,406,0,0,650.97,524.36,736.49,697.55,29
13,player,407,0,0,646.43,524.73,731.95,697.91,29
13,player,408,0,0,641.88,525.10,727.41,698.28,29
13,player,409,0,0,637.34,525.47,722.87,698.65,29
13,player,410,0,0,632.80,525.83,718.32,699.02,29
13,player,411,0,0,628.26,526.20,713.78,699.39,29
13,player,412,0,0,623.72,526.57,709.24,699.76,29
13,player,413,0,0,619.18,526.94,704.70,700.13,29
13,player,414,0,0,614.63,527.31,700.16,700.49,29
13,player,415,0,0,610.09,527.68,695.62,700.86,29
13,player,416,0,0,605.55,528.05,691.07,701.23,29
13,player,417,0,0,601.01,528.41,686.53,701.60,29
13,player,418,0,0,596.47,528.78,681.99,701.97,29
13,player,419,0,0,591.93,529.15,677.45,702.34,29
13,player,420,0,0,587.38,529.52,672.91,702.71,29
13,player,421,0,0,582.84,529.89,668.37,703.07,29
13,player,422,0,0,578.30,530.26,663.82,703.44,29
13,player,423,0,0,573.76,530.63,659.28,703.81,29
13,player,424,0,0,569.22,530.99,654.74,704.18,29
13,player,425,0,0,564.68,531.36,650.20,704.55,29
13,player,426,0,0,560.13,531.73,645.66,704.92,29
13,player,427,0,0,555.59,532.10,641.12,705.29,29
13,player,428,0,0,551.05,532.47,636.57,705.65,29
13,player,429,0,0,546.51,532.84,632.03,706.02,29
13,player,430,0,0,541.97,533.21,627.49,706.39,29
13,player,431,0,0,537.43,533.57,622.95,706.76,29
13,player,432,0,0,532.88,533.94,618.41,707.13,29
13,player,433,0,0,528.34,534.31,613.87,707.50,29
13,player,434,0,0,523.80,534.68,609.32,707.87,29
13,player,435,0,0,519.26,535.05,604.78,708.23,29
13,player,436,0,0,514.72,535.42,600.24,708.60,29
13,player,437,0,0,510.18,535.79,595.70,708.97,29
13,player,438,0,0,505.63,536.15,591.16,709.34,29
13,player,439,0,0,501.09,536.52,586.62,709.71,29
13,player,440,0,0,496.55,536.89,582.07,710.08,29
13,player,441,0,0,492.01,537.26,577.53,710.44,29
13,player,442,0,0,487.47,537.63,572.99,710.81,29
13,player,443,0,0,482.93,538.00,568.45,711.18,29
13,player,444,0,0,478.38,538.36,563.91,711.55,29
13,player,445,0,0,473.84,538.73,559.37,711.92,29
13,player,446,0,0,469.30,539.10,554.82,712.29,29
13,player,447,0,0,464.76,539.47,550.28,712.66,29
13,player,448,0,0,460.22,539.84,545.74,713.02,29
13,player,449,0,0,455.68,540.21,541.20,713.39,29
13,player,450,0,0,451.13,540.58,536.66,713.76,29
13,player,451,0,0,446.59,540.94,532.12,714.13,29
13,player,452,0,0,442.05,541.31,527.57,714.50,29
13,player,453,0,0,437.51,541.68,523.03,714.87,29
13,player,454,0,0,429.54,542.29,515.06,715.47,29
13,player,455,0,0,421.57,542.89,507.10,716.07,29
13,player,456,0,0,413.61,543.49,499.13,716.68,29
13,player,457,0,0,405.64,544.10,491.16,717.28,29
13,player,458,0,0,397.67,544.70,483.19,717.89,29
13,player,459,0,0,389.70,545.30,475.23,718.49,29
13,player,460,0,0,381.73,545.91,467.26,719.09,29
13,player,461,0,0,373.77,546.51,459.29,719.70,29
13,player,462,0,0,365.80,547.11,451.32,720.30,29
13,player,463,0,0,357.83,547.72,443.35,720.90,29
13,player,464,0,0,349.86,548.32,435.39,721.51,29
13,player,465,0,0,341.90,548.92,427.42,722.11,29
13,player,466,0,0,333.93,549.53,419.45,722.71,29
13,player,467,0,0,325.96,550.13,411.48,723.32,29
13,player,468,0,0,317.99,550.74,403.52,723.92,29
13,player,469,0,0,310.02,551.34,395.55,724.52,29
13,player,470,0,0,302.06,551.94,387.58,725.13,29
13,player,471,0,0,294.09,552.55,379.61,725.73,29
13,player,472,0,0,286.12,553.15,371.64,726.34,29
13,player,473,0,0,278.15,553.75,363.68,726.94,29
13,player,474,0,0,270.19,554.36,355.71,727.54,29
13,player,475,0,0,252.44,553.09,337.96,726.28,29
13,player,476,0,0,234.69,551.82,320.22,725.01,29
13,player,477,0,0,222.93,552.89,308.46,726.08,29
13,player,478,0,0,211.17,553.96,296.70,727.15,29
13,player,479,0,0,199.41,555.03,284.94,728.22,29
13,player,480,0,0,187.65,556.10,273.18,729.28,29
13,player,481,0,0,174.83,555.39,260.35,728.57,29
13,player,482,0,0,162.00,554.67,247.52,727.86,29
13,player,483,0,0,149.17,553.96,234.69,727.15,29
13,player,484,0,0,136.34,553.25,221.86,726.43,29
13,player,485,0,0,123.51,552.54,209.04,725.72,29
13,player,486,0,0,110.68,551.82,196.21,725.01,29
13,player,487,0,0,97.85,551.11,183.38,724.30,29
13,player,488,0,0,85.03,550.40,170.55,723.58,29
13,player,489,0,0,72.20,549.68,157.72,722.87,29
13,player,490,0,0,59.37,548.97,144.89,722.16,29
13,player,491,0,0,46.54,548.26,132.06,721.45,29
13,player,492,0,0,33.71,547.55,119.24,720.73,29
13,player,493,0,0,25.16,544.70,110.68,717.88,29
13,player,494,0,0,16.61,541.85,102.13,715.03,29
13,player,495,0,0,8.05,538.99,93.58,712.18,29
13,player,496,0,0,8.05,538.99,93.58,712.18,29
13,player,497,0,0,8.05,538.99,93.58,712.18,29
13,player,498,0,0,8.05,538.99,93.58,712.18,29
13,player,499,0,0,8.05,538.99,93.58,712.18,29
13,player,500,0,0,8.05,538.99,93.58,712.18,29
13,player,501,0,0,8.05,538.99,93.58,712.18,29
13,player,502,1,0,8.05,538.99,93.58,712.18,29
14,player,190,0,0,8.36,177.10,73.60,322.37,77
14,player,191,0,0,13.62,176.74,78.85,322.00,77
14,player,192,0,0,18.87,176.38,84.10,321.64,77
14,player,193,0,0,24.12,176.01,89.35,321.28,77
14,player,194,0,0,29.37,175.65,94.61,320.92,77
14,player,195,0,0,34.62,175.29,99.86,320.56,77
14,player,196,0,0,39.87,174.93,105.11,320.19,77
14,player,197,0,0,45.12,174.57,110.36,319.83,77
14,player,198,0,0,50.38,174.20,115.61,319.47,77
14,player,199,0,0,55.63,173.84,120.86,319.11,77
14,player,200,0,0,60.88,173.48,126.11,318.74,77
14,player,201,0,0,66.13,173.12,131.37,318.38,77
14,player,202,0,0,71.38,172.75,136.62,318.02,77
14,player,203,0,0,76.63,172.39,141.87,317.66,77
14,player,204,0,0,81.88,172.03,147.12,317.30,77
14,player,205,0,0,90.11,171.21,155.34,316.47,77
14,player,206,0,0,98.33,170.39,163.57,315.65,77
14,player,207,0,0,106.55,169.56,171.79,314.83,77
14,player,208,0,0,114.78,168.74,180.01,314.01,77
14,player,209,0,0,123.00,167.92,188.24,313.18,77
14,player,210,0,0,131.23,167.10,196.46,312.36,77
14,player,211,0,0,139.45,166.27,204.68,311.54,77
14,player,212,0,0,147.67,165.45,212.91,310.72,77
14,player,213,0,0,155.90,164.63,221.13,309.90,77
14,player,214,0,0,164.12,163.81,229.35,309.07,77
14,player,215,0,0,172.34,162.98,237.58,308.25,77
14,player,216,0,0,180.57,162.16,245.80,307.43,77
14,player,217,0,0,188.79,161.34,254.02,306.61,77
14,player,218,0,0,196.35,161.41,261.58,306.68,77
14,player,219,0,0,203.91,161.48,269.14,306.75,77
14,player,220,0,0,211.47,161.55,276.70,306.82,77
14,player,221,0,0,219.03,161.62,284.26,306.89,77
14,player,222,0,0,226.59,161.69,291.82,306.96,77
14,player,223,0,0,234.15,161.76,299.38,307.03,77
14,player,224,0,0,241.71,161.83,306.94,307.10,77
14,player,225,0,0,249.27,161.90,314.50,307.17,77
14,player,226,0,0,256.82,161.97,322.06,307.24,77
14,player,227,0,0,264.38,162.04,329.62,307.31,77
14,player,228,0,0,271.94,162.11,337.18,307.38,77
14,player,229,0,0,279.50,162.18,344.74,307.45,77
14,player,230,0,0,287.06,162.25,352.30,307.52,77
14,player,231,0,0,294.62,162.32,359.86,307.59,77
14,player,232,0,0,302.18,162.39,367.42,307.66,77
14,player,233,0,0,309.74,162.46,374.98,307.73,77
14,player,234,0,0,317.30,162.53,382.54,307.80,77
14,player,235,0,0,324.86,162.60,390.10,307.87,77
14,player,236,0,0,332.42,162.67,397.66,307.94,77
14,player,237,0,0,339.98,162.74,405.22,308.01,77
14,player,238,0,0,347.54,162.81,412.78,308.08,77
14,player,239,0,0,355.10,162.88,420.33,308.15,77
14,player,240,0,0,362.66,162.95,427.89,308.22,77
14,player,241,0,0,370.22,163.02,435.45,308.29,77
14,player,242,0,0,377.78,163.09,443.01,308.36,77
14,player,243,0,0,385.34,163.16,450.57,308.43,77
14,player,244,0,0,392.90,163.23,458.13,308.50,77
14,player,245,0,0,400.46,163.30,465.69,308.57,77
14,player,246,0,0,408.02,163.37,473.25,308.64,77
14,player,247,0,0,415.58,163.44,480.81,308.71,77
14,player,248,0,0,423.13,163.51,488.37,308.78,77
14,player,249,0,0,430.69,163.58,495.93,308.85,77
14,player,250,0,0,438.25,163.65,503.49,308.92,77
14,player,251,0,0,445.81,163.72,511.05,308.99,77
14,player,252,0,0,453.37,163.79,518.61,309.06,77
14,player,253,0,0,460.93,163.86,526.17,309.13,77
14,player,254,0,0,468.49,163.93,533.73,309.20,77
14,player,255,0,0,476.05,164.00,541.29,309.27,77
14,player,256,0,0,483.61,164.07,548.85,309.34,77
14,player,257,0,0,491.17,164.14,556.41,309.41,77
14,player,258,0,0,498.73,164.21,563.97,309.48,77
14,player,259,0,0,506.29,164.28,571.53,309.55,77
14,player,260,0,0,513.85,164.35,579.08,309.62,77
14,player,261,0,0,521.41,164.42,586.64,309.69,77
14,player,262,0,0,528.97,164.49,594.20,309.76,77
14,player,263,0,0,536.53,164.56,601.76,309.83,77
14,player,264,0,0,544.09,164.63,609.32,309.90,77
14,player,265,0,0,551.65,164.70,616.88,309.97,77
14,player,266,0,0,559.21,164.77,624.44,310.04,77
14,player,267,0,0,566.77,164.85,632.00,310.11,77
14,player,268,0,0,574.33,164.92,639.56,310.18,77
14,player,269,0,0,581.89,164.99,647.12,310.25,77
14,player,270,0,0,589.44,165.06,654.68,310.32,77
14,player,271,0,0,597.00,165.13,662.24,310.39,77
14,player,272,0,0,604.56,165.20,669.80,310.46,77
14,player,273,0,0,612.12,165.27,677.36,310.53,77
14,player,274,0,0,619.68,165.34,684.92,310.60,77
14,player,275,0,0,627.24,165.41,692.48,310.67,77
14,player,276,0,0,634.80,165.48,700.04,310.74,77
14,player,277,0,0,642.36,165.55,707.60,310.81,77
14,player,278,0,0,649.92,165.62,715.16,310.88,77
14,player,279,0,0,654.20,165.62,719.43,310.88,77
14,player,280,0,0,658.47,165.62,723.71,310.88,77
14,player,281,0,0,662.75,165.62,727.98,310.88,77
14,player,282,0,0,667.03,165.62,732.26,310.88,77
14,player,283,0,0,671.30,165.62,736.54,310.88,77
14,player,284,0,0,675.58,165.62,740.81,310.88,77
14,player,285,0,0,679.85,165.62,745.09,310.88,77
14,player,286,0,0,684.13,165.62,749.37,310.88,77
14,player,287,0,0,688.41,165.62,753.64,310.88,77
14,player,288,0,0,692.68,165.62,757.92,310.88,77
14,player,289,0,0,696.96,165.62,762.19,310.88,77
14,player,290,0,0,699.95,165.19,765.19,310.45,77
14,player,291,0,0,702.94,164.76,768.18,310.03,77
14,player,292,0,0,705.94,164.33,771.17,309.60,77
14,player,293,0,0,708.93,163.91,774.17,309.17,77
14,player,294,0,0,711.92,163.48,777.16,308.74,77
14,player,295,0,0,713.94,163.56,779.17,308.83,77
14,player,296,0,0,715.95,163.65,781.19,308.91,77
14,player,297,0,0,717.96,163.73,783.20,309.00,77
14,player,298,0,0,719.97,163.81,785.21,309.08,77
14,player,299,0,0,721.99,163.90,787.22,309.16,77
14,player,300,0,0,724.00,163.98,789.23,309.25,77
14,player,301,0,0,726.01,164.06,791.25,309.33,77
14,player,302,0,0,728.02,164.15,793.26,309.41,77
14,player,303,0,0,730.04,164.23,795.27,309.50,77
14,player,304,0,0,732.05,164.32,797.28,309.58,77
14,player,305,0,0,734.06,164.40,799.30,309.67,77
14,player,306,0,0,736.07,164.48,801.31,309.75,77
14,player,307,0,0,738.08,164.57,803.32,309.83,77
14,player,308,0,0,740.10,164.65,805.33,309.92,77
14,player,309,0,0,742.11,164.74,807.35,310.00,77
14,player,310,0,0,744.12,164.82,809.36,310.09,77
14,player,311,0,0,746.13,164.90,811.37,310.17,77
14,player,312,0,0,748.15,164.99,813.38,310.25,77
14,player,313,0,0,750.16,165.07,815.39,310.34,77
14,player,314,0,0,752.17,165.15,817.41,310.42,77
14,player,315,0,0,754.18,165.24,819.42,310.50,77
14,player,316,0,0,756.20,165.32,821.43,310.59,77
14,player,317,0,0,758.21,165.41,823.44,310.67,77
14,player,318,0,0,760.22,165.49,825.46,310.76,77
14,player,319,0,0,762.23,165.57,827.47,310.84,77
14,player,320,0,0,764.24,165.66,829.48,310.92,77
14,player,321,0,0,766.26,165.74,831.49,311.01,77
14,player,322,0,0,768.27,165.83,833.51,311.09,77
14,player,323,0,0,770.28,165.91,835.52,311.18,77
14,player,324,0,0,772.29,165.99,837.53,311.26,77
14,player,325,0,0,774.31,166.08,839.54,311.34,77
14,player,326,0,0,776.32,166.16,841.55,311.43,77
14,player,327,0,0,778.33,166.24,843.57,311.51,77
14,player,328,0,0,780.34,166.33,845.58,311.59,77
14,player,329,0,0,782.36,166.41,847.59,311.68,77
14,player,330,0,0,784.37,166.50,849.60,311.76,77
14,player,331,0,0,786.38,166.58,851.62,311.85,77
14,player,332,0,0,788.39,166.66,853.63,311.93,77
14,player,333,0,0,790.40,166.75,855.64,312.01,77
14,player,334,0,0,792.42,166.83,857.65,312.10,77
14,player,335,0,0,794.43,166.92,859.67,312.18,77
14,player,336,0,0,796.44,167.00,861.68,312.27,77
14,player,337,0,0,798.45,167.08,863.69,312.35,77
14,player,338,0,0,800.47,167.17,865.70,312.43,77
14,player,339,0,0,802.48,167.25,867.71,312.52,77
14,player,340,0,0,804.49,167.33,869.73,312.60,77
14,player,341,0,0,806.50,167.42,871.74,312.68,77
14,player,342,0,0,808.52,167.50,873.75,312.77,77
14,player,343,0,0,810.53,167.59,875.76,312.85,77
14,player,344,0,0,812.54,167.67,877.78,312.94,77
14,player,345,0,0,814.55,167.75,879.79,313.02,77
14,player,346,0,0,819.51,167.95,884.74,313.21,77
14,player,347,0,0,824.47,168.14,889.70,313.41,77
14,player,348,0,0,829.42,168.34,894.66,313.60,77
14,player,349,0,0,834.38,168.53,899.61,313.80,77
14,player,350,0,0,839.34,168.73,904.57,313.99,77
14,player,351,0,0,844.29,168.92,909.53,314.19,77
14,player,352,0,0,849.25,169.11,914.48,314.38,77
14,player,353,0,0,854.20,169.31,919.44,314.58,77
14,player,354,0,0,859.16,169.50,924.40,314.77,77
14,player,355,0,0,864.12,169.70,929.35,314.96,77
14,player,356,0,0,869.07,169.89,934.31,315.16,77
14,player,357,0,0,874.03,170.09,939.27,315.35,77
14,player,358,0,0,878.99,170.28,944.22,315.55,77
14,player,359,0,0,883.94,170.48,949.18,315.74,77
14,player,360,0,0,888.90,170.67,954.14,315.94,77
14,player,361,0,0,893.86,170.86,959.09,316.13,77
14,player,362,0,0,898.81,171.06,964.05,316.32,77
14,player,363,0,0,903.77,171.25,969.00,316.52,77
14,player,364,0,0,908.73,171.45,973.96,316.71,77
14,player,365,0,0,913.68,171.64,978.92,316.91,77
14,player,366,0,0,918.64,171.84,983.87,317.10,77
14,player,367,0,0,923.59,172.03,988.83,317.30,77
14,player,368,0,0,921.19,172.16,986.43,317.43,77
14,player,369,0,0,918.78,172.30,984.02,317.56,77
14,player,370,0,0,916.38,172.43,981.61,317.70,77
14,player,371,0,0,913.97,172.56,979.21,317.83,77
14,player,372,0,0,911.57,172.70,976.80,317.96,77
14,player,373,0,0,909.16,172.83,974.40,318.10,77
14,player,374,0,0,906.76,172.97,971.99,318.23,77
14,player,375,0,0,904.35,173.10,969.59,318.37,77
14,player,376,0,0,901.95,173.23,967.18,318.50,77
14,player,377,0,0,899.54,173.37,964.78,318.63,77
14,player,378,0,0,897.14,173.50,962.37,318.77,77
14,player,379,0,0,894.73,173.63,959.97,318.90,77
14,player,380,0,0,892.33,173.77,957.56,319.03,77
14,player,381,0,0,889.92,173.90,955.16,319.17,77
14,player,382,0,0,887.51,174.03,952.75,319.30,77
14,player,383,0,0,885.11,174.17,950.35,319.43,77
14,player,384,0,0,880.41,174.81,945.64,320.08,77
14,player,385,0,0,875.70,175.45,940.94,320.72,77
14,player,386,0,0,871.00,176.09,936.23,321.36,77
14,player,387,0,0,866.29,176.73,931.53,322.00,77
14,player,388,0,0,861.59,177.38,926.83,322.64,77
14,player,389,0,0,856.89,178.02,922.12,323.28,77
14,player,390,0,0,852.18,178.66,917.42,323.92,77
14,player,391,0,0,847.48,179.30,912.72,324.57,77
14,player,392,0,0,842.78,179.94,908.01,325.21,77
14,player,393,0,0,838.07,180.58,903.31,325.85,77
14,player,394,0,0,832.57,180.58,897.81,325.85,77
14,player,395,0,0,827.08,180.58,892.31,325.85,77
14,player,396,0,0,821.58,180.58,886.81,325.85,77
14,player,397,0,0,816.08,180.58,881.32,325.85,77
14,player,398,0,0,810.58,180.58,875.82,325.85,77
14,player,399,0,0,805.08,180.58,870.32,325.85,77
14,player,400,0,0,799.59,180.58,864.82,325.85,77
14,player,401,0,0,790.31,180.92,855.54,326.18,77
14,player,402,0,0,781.03,181.25,846.26,326.52,77
14,player,403,0,0,771.75,181.59,836.98,326.85,77
14,player,404,0,0,762.47,181.92,827.70,327.19,77
14,player,405,0,0,753.19,182.26,818.42,327.52,77
14,player,406,0,0,743.91,182.59,809.14,327.86,77
14,player,407,0,0,734.63,182.93,799.86,328.19,77
14,player,408,0,0,725.35,183.26,790.58,328.53,77
14,player,409,0,0,716.07,183.60,781.30,328.86,77
14,player,410,0,0,706.79,183.93,772.02,329.20,77
14,player,411,0,0,697.51,184.27,762.74,329.53,77
14,player,412,0,0,688.23,184.60,753.46,329.87,77
14,player,413,0,0,678.95,184.94,744.18,330.20,77
14,player,414,0,0,669.67,185.27,734.91,330.54,77
14,player,415,0,0,660.39,185.60,725.63,330.87,77
14,player,416,0,0,651.11,185.94,716.35,331.21,77
14,player,417,0,0,641.83,186.27,707.07,331.54,77
14,player,418,0,0,632.55,186.61,697.79,331.88,77
14,player,419,0,0,623.27,186.94,688.51,332.21,77
14,player,420,0,0,613.99,187.28,679.23,332.55,77
14,player,421,0,0,604.71,187.61,669.95,332.88,77
14,player,422,0,0,595.43,187.95,660.67,333.21,77
14,player,423,0,0,586.15,188.28,651.39,333.55,77
14,player,424,0,0,576.87,188.62,642.11,333.88,77
14,player,425,0,0,567.59,188.95,632.83,334.22,77
14,player,426,0,0,558.31,189.29,623.55,334.55,77
14,player,427,0,0,549.03,189.62,614.27,334.89,77
14,player,428,0,0,539.75,189.96,604.99,335.22,77
14,player,429,0,0,530.47,190.29,595.71,335.56,77
14,player,430,0,0,521.19,190.63,586.43,335.89,77
14,player,431,0,0,511.91,190.96,577.15,336.23,77
14,player,432,0,0,502.63,191.30,567.87,336.56,77
14,player,433,0,0,493.35,191.63,558.59,336.90,77
14,player,434,0,0,484.07,191.97,549.31,337.23,77
14,player,435,0,0,474.79,192.30,540.03,337.57,77
14,player,436,0,0,465.51,192.64,530.75,337.90,77
14,player,437,0,0,456.23,192.97,521.47,338.24,77
14,player,438,0,0,446.95,193.31,512.19,338.57,77
14,player,439,0,0,437.67,193.64,502.91,338.91,77
14,player,440,0,0,428.39,193.98,493.63,339.24,77
14,player,441,0,0,419.11,194.31,484.35,339.58,77
14,player,442,0,0,409.83,194.65,475.07,339.91,77
14,player,443,0,0,400.55,194.98,465.79,340.25,77
14,player,444,0,0,391.27,195.32,456.51,340.58,77
14,player,445,0,0,381.99,195.65,447.23,340.92,77
14,player,446,0,0,372.71,195.99,437.95,341.25,77
14,player,447,0,0,363.43,196.32,428.67,341.59,77
14,player,448,0,0,354.16,196.65,419.39,341.92,77
14,player,449,0,0,344.88,196.99,410.11,342.26,77
14,player,450,0,0,335.60,197.32,400.83,342.59,77
14,player,451,0,0,326.32,197.66,391.55,342.93,77
14,player,452,0,0,317.04,197.99,382.27,343.26,77
14,player,453,0,0,307.76,198.33,372.99,343.60,77
14,player,454,0,0,298.34,198.93,363.58,344.20,77
14,player,455,0,0,288.92,199.54,354.16,344.80,77
14,player,456,0,0,279.51,200.14,344.74,345.41,77
14,player,457,0,0,270.09,200.74,335.33,346.01,77
14,player,458,0,0,260.67,201.35,325.91,346.61,77
14,player,459,0,0,251.26,201.95,316.49,347.22,77
14,player,460,0,0,241.84,202.55,307.08,347.82,77
14,player,461,0,0,232.42,203.16,297.66,348.42,77
14,player,462,0,0,223.01,203.76,288.24,349.03,77
14,player,463,0,0,213.59,204.37,278.83,349.63,77
14,player,464,0,0,204.17,204.97,269.41,350.24,77
14,player,465,0,0,194.76,205.57,259.99,350.84,77
14,player,466,0,0,185.34,206.18,250.58,351.44,77
14,player,467,0,0,175.92,206.78,241.16,352.05,77
14,player,468,0,0,166.51,207.38,231.74,352.65,77
14,player,469,0,0,157.09,207.99,222.33,353.25,77
14,player,470,0,0,147.67,208.59,212.91,353.86,77
14,player,471,0,0,138.26,209.19,203.49,354.46,77
14,player,472,0,0,128.84,209.80,194.08,355.06,77
14,player,473,0,0,119.43,210.40,184.66,355.67,77
14,player,474,0,0,110.01,211.00,175.24,356.27,77
14,player,475,0,0,104.94,211.00,170.17,356.27,77
14,player,476,0,0,99.87,211.00,165.10,356.27,77
14,player,477,0,0,89.73,214.81,154.96,360.07,77
14,player,478,0,0,79.59,218.61,144.82,363.88,77
14,player,479,0,0,63.55,215.40,128.79,360.67,77
14,player,480,0,0,47.51,212.20,112.75,357.46,77
14,player,481,0,0,47.51,212.20,112.75,357.46,77
14,player,482,0,0,47.51,212.20,112.75,357.46,77
14,player,483,0,0,47.51,212.20,112.75,357.46,77
14,player,484,0,0,47.51,212.20,112.75,357.46,77
14,player,485,0,0,47.51,212.20,112.75,357.46,77
14,player,486,0,0,47.51,212.20,112.75,357.46,77
14,player,487,0,0,47.51,212.20,112.75,357.46,77
14,player,488,0,0,47.51,212.20,112.75,357.46,77
14,player,489,0,0,47.51,212.20,112.75,357.46,77
14,player,490,0,0,47.51,212.20,112.75,357.46,77
14,player,491,0,0,47.51,212.20,112.75,357.46,77
14,player,492,1,0,47.51,212.20,112.75,357.46,77
15,player,204,0,0,0.00,549.74,78.68,722.93,6
15,player,205,0,0,0.99,549.58,79.66,722.77,6
15,player,206,0,0,1.97,549.42,80.65,722.60,6
15,player,207,0,0,2.96,549.25,81.64,722.44,6
15,player,208,0,0,3.95,549.09,82.62,722.27,6
15,player,209,0,0,4.93,548.92,83.61,722.11,6
15,player,210,0,0,5.92,548.76,84.60,721.94,6
15,player,211,0,0,6.91,548.59,85.58,721.78,6
15,player,212,0,0,7.89,548.43,86.57,721.61,6
15,player,213,0,0,8.88,548.26,87.56,721.45,6
15,player,214,0,0,9.87,548.10,88.54,721.29,6
15,player,215,0,0,10.85,547.94,89.53,721.12,6
15,player,216,0,0,11.84,547.77,90.52,720.96,6
15,player,217,0,0,12.83,547.61,91.50,720.79,6
15,player,218,0,0,14.27,547.68,92.94,720.86,6
15,player,219,0,0,15.70,547.75,94.38,720.93,6
15,player,220,0,0,17.14,547.82,95.82,721.00,6
15,player,221,0,0,18.58,547.89,97.25,721.07,6
15,player,222,0,0,20.01,547.96,98.69,721.14,6
15,player,223,0,0,21.45,548.03,100.13,721.21,6
15,player,224,0,0,22.89,548.10,101.56,721.28,6
15,player,225,0,0,24.32,548.17,103.00,721.35,6
15,player,226,0,0,25.76,548.24,104.44,721.42,6
15,player,227,0,0,27.20,548.31,105.88,721.49,6
15,player,228,0,0,28.64,548.38,107.31,721.56,6
15,player,229,0,0,30.07,548.45,108.75,721.63,6
15,player,230,0,0,31.51,548.52,110.19,721.70,6
15,player,231,0,0,32.95,548.59,111.62,721.77,6
15,player,232,0,0,34.38,548.66,113.06,721.84,6
15,player,233,0,0,35.82,548.73,114.50,721.91,6
15,player,234,0,0,37.26,548.80,115.94,721.98,6
15,player,235,0,0,38.70,548.87,117.37,722.05,6
15,player,236,0,0,40.13,548.94,118.81,722.12,6
15,player,237,0,0,41.57,549.01,120.25,722.19,6
15,player,238,0,0,43.01,549.08,121.68,722.26,6
15,player,239,0,0,44.44,549.15,123.12,722.33,6
15,player,240,0,0,45.88,549.22,124.56,722.40,6
15,player,241,0,0,47.32,549.29,125.99,722.47,6
15,player,242,0,0,48.76,549.36,127.43,722.54,6
15,player,243,0,0,50.19,549.43,128.87,722.61,6
15,player,244,0,0,51.63,549.50,130.31,722.68,6
15,player,245,0,0,53.07,549.57,131.74,722.75,6
15,player,246,0,0,54.50,549.64,133.18,722.83,6
15,player,247,0,0,55.94,549.71,134.62,722.90,6
15,player,248,0,0,57.38,549.78,136.05,722.97,6
15,player,249,0,0,58.81,549.85,137.49,723.04,6
15,player,250,0,0,60.25,549.92,138.93,723.11,6
15,player,251,0,0,61.69,549.99,140.37,723.18,6
15,player,252,0,0,63.13,550.06,141.80,723.25,6
15,player,253,0,0,64.56,550.13,143.24,723.32,6
15,player,254,0,0,66.00,550.20,144.68,723.39,6
15,player,255,0,0,67.44,550.27,146.11,723.46,6
15,player,256,0,0,68.87,550.34,147.55,723.53,6
15,player,257,0,0,70.31,550.41,148.99,723.60,6
15,player,258,0,0,71.75,550.48,150.43,723.67,6
15,player,259,0,0,73.19,550.55,151.86,723.74,6
15,player,260,0,0,74.62,550.62,153.30,723.81,6
15,player,261,0,0,76.06,550.69,154.74,723.88,6
15,player,262,0,0,77.50,550.76,156.17,723.95,6
15,player,263,0,0,78.93,550.83,157.61,724.02,6
15,player,264,0,0,80.37,550.90,159.05,724.09,6
15,player,265,0,0,81.81,550.97,160.48,724.16,6
15,player,266,0,0,83.25,551.04,161.92,724.23,6
15,player,267,0,0,84.68,551.11,163.36,724.30,6
15,player,268,0,0,86.12,551.18,164.80,724.37,6
15,player,269,0,0,87.56,551.25,166.23,724.44,6
15,player,270,0,0,88.99,551.32,167.67,724.51,6
15,player,271,0,0,90.43,551.39,169.11,724.58,6
15,player,272,0,0,91.87,551.46,170.54,724.65,6
15,player,273,0,0,93.30,551.53,171.98,724.72,6
15,player,274,0,0,94.74,551.60,173.42,724.79,6
15,player,275,0,0,96.18,551.67,174.86,724.86,6
15,player,276,0,0,97.62,551.74,176.29,724.93,6
15,player,277,0,0,99.05,551.81,177.73,725.00,6
15,player,278,0,0,100.49,551.88,179.17,725.07,6
15,player,279,0,0,98.94,552.27,177.61,725.46,6
15,player,280,0,0,97.38,552.66,176.06,725.85,6
15,player,281,0,0,95.83,553.05,174.50,726.23,6
15,player,282,0,0,94.27,553.44,172.95,726.62,6
15,player,283,0,0,92.72,553.83,171.39,727.01,6
15,player,284,0,0,91.16,554.21,169.84,727.40,6
15,player,285,0,0,89.61,554.60,168.28,727.79,6
15,player,286,0,0,88.05,554.99,166.73,728.18,6
15,player,287,0,0,86.50,555.38,165.17,728.57,6
15,player,288,0,0,84.94,555.77,163.62,728.96,6
15,player,289,0,0,83.39,556.16,162.06,729.34,6
15,player,290,0,0,85.52,555.66,164.20,728.85,6
15,player,291,0,0,87.66,555.17,166.34,728.35,6
15,player,292,0,0,89.80,554.67,168.48,727.85,6
15,player,293,0,0,91.94,554.17,170.61,727.36,6
15,player,294,0,0,94.08,553.68,172.75,726.86,6
15,player,295,0,0,96.21,553.18,174.89,726.37,6
15,player,296,0,0,98.35,552.68,177.03,725.87,6
15,player,297,0,0,100.49,552.19,179.17,725.37,6
15,player,298,0,0,102.63,551.69,181.31,724.88,6
15,player,299,0,0,104.77,551.19,183.44,724.38,6
15,player,300,0,0,106.90,550.70,185.58,723.88,6
15,player,301,0,0,109.04,550.20,187.72,723.39,6
15,player,302,0,0,111.18,549.71,189.86,722.89,6
15,player,303,0,0,113.32,549.21,192.00,722.40,6
15,player,304,0,0,115.46,548.71,194.13,721.90,6
15,player,305,0,0,117.60,548.22,196.27,721.40,6
15,player,306,0,0,119.73,547.72,198.41,720.91,6
15,player,307,0,0,121.87,547.22,200.55,720.41,6
15,player,308,0,0,124.01,546.73,202.69,719.91,6
15,player,309,0,0,126.15,546.23,204.82,719.42,6
15,player,310,0,0,128.29,545.74,206.96,718.92,6
15,player,311,0,0,130.42,545.24,209.10,718.42,6
15,player,312,0,0,132.56,544.74,211.24,717.93,6
15,player,313,0,0,134.70,544.25,213.38,717.43,6
15,player,314,0,0,136.84,543.75,215.51,716.94,6
15,player,315,0,0,138.98,543.25,217.65,716.44,6
15,player,316,0,0,141.11,542.76,219.79,715.94,6
15,player,317,0,0,143.25,542.26,221.93,715.45,6
15,player,318,0,0,145.39,541.76,224.07,714.95,6
15,player,319,0,0,147.53,541.27,226.20,714.45,6
15,player,320,0,0,149.67,540.77,228.34,713.96,6
15,player,321,0,0,151.80,540.28,230.48,713.46,6
15,player,322,0,0,153.94,539.78,232.62,712.96,6
15,player,323,0,0,156.08,539.28,234.76,712.47,6
15,player,324,0,0,158.22,538.79,236.90,711.97,6
15,player,325,0,0,160.36,538.29,239.03,711.48,6
15,player,326,0,0,162.49,537.79,241.17,710.98,6
15,player,327,0,0,164.63,537.30,243.31,710.48,6
15,player,328,0,0,166.77,536.80,245.45,709.99,6
15,player,329,0,0,168.91,536.30,247.59,709.49,6
15,player,330,0,0,171.05,535.81,249.72,708.99,6
15,player,331,0,0,173.19,535.31,251.86,708.50,6
15,player,332,0,0,175.32,534.82,254.00,708.00,6
15,player,333,0,0,177.46,534.32,256.14,707.50,6
15,player,334,0,0,179.60,533.82,258.28,707.01,6
15,player,335,0,0,181.74,533.33,260.41,706.51,6
15,player,336,0,0,183.88,532.83,262.55,706.02,6
15,player,337,0,0,186.01,532.33,264.69,705.52,6
15,player,338,0,0,188.15,531.84,266.83,705.02,6
15,player,339,0,0,190.29,531.34,268.97,704.53,6
15,player,340,0,0,192.43,530.84,271.10,704.03,6
15,player,341,0,0,194.57,530.35,273.24,703.53,6
15,player,342,0,0,196.70,529.85,275.38,703.04,6
15,player,343,0,0,198.84,529.36,277.52,702.54,6
15,player,344,0,0,200.98,528.86,279.66,702.05,6
15,player,345,0,0,203.12,528.36,281.79,701.55,6
15,player,346,0,0,214.10,527.20,292.78,700.38,6
15,player,347,0,0,225.08,526.03,303.76,699.22,6
15,player,348,0,0,236.06,524.86,314.74,698.05,6
15,player,349,0,0,247.05,523.70,325.72,696.88,6
15,player,350,0,0,258.03,522.53,336.71,695.72,6
15,player,351,0,0,269.01,521.37,347.69,694.55,6
15,player,352,0,0,279.99,520.20,358.67,693.39,6
15,player,353,0,0,290.97,519.03,369.65,692.22,6
15,player,354,0,0,301.96,517.87,380.63,691.05,6
15,player,355,0,0,312.94,516.70,391.62,689.89,6
15,player,356,0,0,323.92,515.53,402.60,688.72,6
15,player,357,0,0,334.90,514.37,413.58,687.55,6
15,player,358,0,0,345.88,513.20,424.56,686.39,6
15,player,359,0,0,356.87,512.04,435.54,685.22,6
15,player,360,0,0,367.85,510.87,446.53,684.06,6
15,player,361,0,0,378.83,509.70,457.51,682.89,6
15,player,362,0,0,389.81,508.54,468.49,681.72,6
15,player,363,0,0,400.79,507.37,479.47,680.56,6
15,player,364,0,0,411.78,506.20,490.45,679.39,6
15,player,365,0,0,422.76,505.04,501.44,678.22,6
15,player,366,0,0,433.74,503.87,512.42,677.06,6
15,player,367,0,0,444.72,502.71,523.40,675.89,6
15,player,368,0,0,448.39,500.87,527.06,674.06,6
15,player,369,0,0,452.05,499.04,530.73,672.23,6
15,player,370,0,0,455.72,497.21,534.40,670.39,6
15,player,371,0,0,459.38,495.38,538.06,668.56,6
15,player,372,0,0,463.05,493.54,541.73,666.73,6
15,player,373,0,0,466.71,491.71,545.39,664.90,6
15,player,374,0,0,470.38,489.88,549.06,663.06,6
15,player,375,0,0,473.23,487.50,551.91,660.69,6
15,player,376,0,0,476.08,485.13,554.76,658.31,6
15,player,377,0,0,478.93,482.75,557.61,655.94,6
15,player,378,0,0,481.78,480.37,560.46,653.56,6
15,player,379,0,0,484.63,478.00,563.31,651.18,6
15,player,380,0,0,487.48,475.62,566.16,648.81,6
15,player,381,0,0,490.34,473.25,569.01,646.43,6
15,player,382,0,0,493.19,470.87,571.86,644.06,6
15,player,383,0,0,496.04,468.50,574.71,641.68,6
15,player,384,0,0,498.18,467.21,576.85,640.40,6
15,player,385,0,0,500.31,465.93,578.99,639.12,6
15,player,386,0,0,502.45,464.65,581.13,637.83,6
15,player,387,0,0,504.59,463.36,583.27,636.55,6
15,player,388,0,0,506.73,462.08,585.40,635.27,6
15,player,389,0,0,508.87,460.80,587.54,633.98,6
15,player,390,0,0,511.00,459.52,589.68,632.70,6
15,player,391,0,0,513.14,458.23,591.82,631.42,6
15,player,392,0,0,515.28,456.95,593.96,630.14,6
15,player,393,0,0,517.42,455.67,596.09,628.85,6
15,player,394,0,0,518.54,454.61,597.22,627.79,6
15,player,395,0,0,519.67,453.55,598.34,626.74,6
15,player,396,0,0,520.79,452.49,599.47,625.68,6
15,player,397,0,0,521.92,451.43,600.59,624.62,6
15,player,398,0,0,523.04,450.37,601.72,623.56,6
15,player,399,0,0,524.17,449.32,602.84,622.50,6
15,player,400,0,0,525.29,448.26,603.97,621.44,6
15,player,401,0,0,521.23,448.24,599.91,621.42,6
15,player,402,0,0,517.17,448.21,595.85,621.40,6
15,player,403,0,0,513.11,448.19,591.78,621.38,6
15,player,404,0,0,509.05,448.17,587.72,621.36,6
15,player,405,0,0,504.98,448.15,583.66,621.33,6
15,player,406,0,0,500.92,448.13,579.60,621.31,6
15,player,407,0,0,496.86,448.11,575.54,621.29,6
15,player,408,0,0,492.80,448.08,571.48,621.27,6
15,player,409,0,0,488.74,448.06,567.41,621.25,6
15,player,410,0,0,484.68,448.04,563.35,621.23,6
15,player,411,0,0,480.61,448.02,559.29,621.21,6
15,player,412,0,0,476.55,448.00,555.23,621.18,6
15,player,413,0,0,472.49,447.98,551.17,621.16,6
15,player,414,0,0,468.43,447.96,547.11,621.14,6
15,player,415,0,0,464.37,447.93,543.04,621.12,6
15,player,416,0,0,460.31,447.91,538.98,621.10,6
15,player,417,0,0,456.24,447.89,534.92,621.08,6
15,player,418,0,0,452.18,447.87,530.86,621.06,6
15,player,419,0,0,448.12,447.85,526.80,621.03,6
15,player,420,0,0,444.06,447.83,522.74,621.01,6
15,player,421,0,0,440.00,447.80,518.67,620.99,6
15,player,422,0,0,435.94,447.78,514.61,620.97,6
15,player,423,0,0,431.87,447.76,510.55,620.95,6
15,player,424,0,0,427.81,447.74,506.49,620.93,6
15,player,425,0,0,423.75,447.72,502.43,620.90,6
15,player,426,0,0,419.69,447.70,498.37,620.88,6
15,player,427,0,0,415.63,447.68,494.30,620.86,6
15,player,428,0,0,411.57,447.65,490.24,620.84,6
15,player,429,0,0,407.50,447.63,486.18,620.82,6
15,player,430,0,0,403.44,447.61,482.12,620.80,6
15,player,431,0,0,399.38,447.59,478.06,620.78,6
15,player,432,0,0,395.32,447.57,474.00,620.75,6
15,player,433,0,0,391.26,447.55,469.93,620.73,6
15,player,434,0,0,387.20,447.53,465.87,620.71,6
15,player,435,0,0,383.13,447.50,461.81,620.69,6
15,player,436,0,0,379.07,447.48,457.75,620.67,6
15,player,437,0,0,375.01,447.46,453.69,620.65,6
15,player,438,0,0,370.95,447.44,449.63,620.62,6
15,player,439,0,0,366.89,447.42,445.56,620.60,6
15,player,440,0,0,362.83,447.40,441.50,620.58,6
15,player,441,0,0,358.76,447.37,437.44,620.56,6
15,player,442,0,0,354.70,447.35,433.38,620.54,6
15,player,443,0,0,350.64,447.33,429.32,620.52,6
15,player,444,0,0,346.58,447.31,425.26,620.50,6
15,player,445,0,0,342.52,447.29,421.19,620.47,6
15,player,446,0,0,338.46,447.27,417.13,620.45,6
15,player,447,0,0,334.39,447.25,413.07,620.43,6
15,player,448,0,0,330.33,447.22,409.01,620.41,6
15,player,449,0,0,326.27,447.20,404.95,620.39,6
15,player,450,0,0,322.21,447.18,400.89,620.37,6
15,player,451,0,0,318.15,447.16,396.82,620.34,6
15,player,452,0,0,314.09,447.14,392.76,620.32,6
15,player,453,0,0,310.02,447.12,388.70,620.30,6
15,player,454,0,0,301.09,446.87,379.77,620.06,6
15,player,455,0,0,292.16,446.63,370.83,619.82,6
15,player,456,0,0,283.22,446.39,361.90,619.58,6
15,player,457,0,0,274.29,446.15,352.97,619.34,6
15,player,458,0,0,265.36,445.91,344.03,619.09,6
15,player,459,0,0,256.42,445.67,335.10,618.85,6
15,player,460,0,0,247.49,445.43,326.17,618.61,6
15,player,461,0,0,238.55,445.18,317.23,618.37,6
15,player,462,0,0,229.62,444.94,308.30,618.13,6
15,player,463,0,0,220.69,444.70,299.36,617.89,6
15,player,464,0,0,211.75,444.46,290.43,617.65,6
15,player,465,0,0,202.82,444.22,281.50,617.40,6
15,player,466,0,0,193.89,443.98,272.56,617.16,6
15,player,467,0,0,184.95,443.74,263.63,616.92,6
15,player,468,0,0,176.02,443.49,254.70,616.68,6
15,player,469,0,0,167.09,443.25,245.76,616.44,6
15,player,470,0,0,158.15,443.01,236.83,616.20,6
15,player,471,0,0,149.22,442.77,227.90,615.96,6
15,player,472,0,0,140.29,442.53,218.96,615.71,6
15,player,473,0,0,131.35,442.29,210.03,615.47,6
15,player,474,0,0,122.42,442.05,201.09,615.23,6
15,player,475,0,0,111.01,442.05,189.69,615.23,6
15,player,476,0,0,99.60,442.05,178.28,615.23,6
15,player,477,0,0,94.26,444.18,172.93,617.37,6
15,player,478,0,0,88.91,446.32,167.59,619.51,6
15,player,479,0,0,70.74,450.60,149.41,623.78,6
15,player,480,0,0,52.56,454.87,131.24,628.06,6
15,player,481,0,0,62.36,456.30,141.04,629.49,6
15,player,482,0,0,72.16,457.72,150.84,630.91,6
15,player,483,0,0,81.96,459.15,160.64,632.34,6
15,player,484,0,0,91.76,460.58,170.44,633.76,6
15,player,485,0,0,101.56,462.00,180.24,635.19,6
15,player,486,0,0,111.36,463.43,190.04,636.61,6
15,player,487,0,0,121.16,464.85,199.84,638.04,6
15,player,488,0,0,130.96,466.28,209.64,639.46,6
15,player,489,0,0,140.76,467.70,219.44,640.89,6
15,player,490,0,0,150.56,469.13,229.24,642.31,6
15,player,491,0,0,160.36,470.55,239.04,643.74,6
15,player,492,1,0,170.16,471.98,248.83,645.17,6
16,player,204,0,0,0.00,242.98,83.75,416.17,18
16,player,205,0,0,8.55,244.13,92.13,414.69,18
16,player,206,0,0,17.10,245.28,100.52,413.21,18
16,player,207,0,0,25.65,246.43,108.91,411.73,18
16,player,208,0,0,34.20,247.58,117.30,410.25,18
16,player,209,0,0,42.75,248.73,125.69,408.77,18
16,player,210,0,0,51.29,249.88,134.07,407.29,18
16,player,211,0,0,59.84,251.03,142.46,405.81,18
16,player,212,0,0,68.39,252.18,150.85,404.33,18
16,player,213,0,0,76.94,253.33,159.24,402.85,18
16,player,214,0,0,85.49,254.48,167.63,401.37,18
16,player,215,0,0,94.04,255.63,176.01,399.89,18
16,player,216,0,0,102.59,256.78,184.40,398.41,18
16,player,217,0,0,111.14,257.93,192.79,396.93,18
16,player,218,0,0,119.80,257.83,201.45,396.82,18
16,player,219,0,0,128.45,257.72,210.10,396.72,18
16,player,220,0,0,137.11,257.62,218.76,396.61,18
16,player,221,0,0,145.77,257.51,227.42,396.51,18
16,player,222,0,0,154.43,257.41,236.08,396.40,18
16,player,223,0,0,163.08,257.30,244.73,396.30,18
16,player,224,0,0,171.74,257.20,253.39,396.19,18
16,player,225,0,0,180.40,257.09,262.05,396.08,18
16,player,226,0,0,189.06,256.99,270.71,395.98,18
16,player,227,0,0,197.71,256.88,279.36,395.87,18
16,player,228,0,0,206.37,256.78,288.02,395.77,18
16,player,229,0,0,215.03,256.67,296.68,395.66,18
16,player,230,0,0,223.69,256.57,305.34,395.56,18
16,player,231,0,0,232.34,256.46,313.99,395.45,18
16,player,232,0,0,241.00,256.36,322.65,395.35,18
16,player,233,0,0,249.66,256.25,331.31,395.24,18
16,player,234,0,0,258.32,256.15,339.97,395.14,18
16,player,235,0,0,266.97,256.04,348.62,395.03,18
16,player,236,0,0,275.63,255.94,357.28,394.93,18
16,player,237,0,0,284.29,255.83,365.94,394.82,18
16,player,238,0,0,292.95,255.73,374.60,394.72,18
16,player,239,0,0,301.60,255.62,383.25,394.61,18
16,player,240,0,0,310.26,255.51,391.91,394.51,18
16,player,241,0,0,318.92,255.41,400.57,394.40,18
16,player,242,0,0,327.58,255.30,409.23,394.30,18
16,player,243,0,0,336.23,255.20,417.88,394.19,18
16,player,244,0,0,344.89,255.09,426.54,394.09,18
16,player,245,0,0,353.55,254.99,435.20,393.98,18
16,player,246,0,0,362.21,254.88,443.86,393.88,18
16,player,247,0,0,370.86,254.78,452.51,393.77,18
16,player,248,0,0,379.52,254.67,461.17,393.67,18
16,player,249,0,0,388.18,254.57,469.83,393.56,18
16,player,250,0,0,396.84,254.46,478.49,393.46,18
16,player,251,0,0,405.49,254.36,487.14,393.35,18
16,player,252,0,0,414.15,254.25,495.80,393.25,18
16,player,253,0,0,422.81,254.15,504.46,393.14,18
16,player,254,0,0,431.47,254.04,513.12,393.04,18
16,player,255,0,0,440.12,253.94,521.77,392.93,18
16,player,256,0,0,448.78,253.83,530.43,392.82,18
16,player,257,0,0,457.44,253.73,539.09,392.72,18
16,player,258,0,0,466.10,253.62,547.75,392.61,18
16,player,259,0,0,474.75,253.52,556.40,392.51,18
16,player,260,0,0,483.41,253.41,565.06,392.40,18
16,player,261,0,0,492.07,253.31,573.72,392.30,18
16,player,262,0,0,500.73,253.20,582.38,392.19,18
16,player,263,0,0,509.38,253.10,591.03,392.09,18
16,player,264,0,0,518.04,252.99,599.69,391.98,18
16,player,265,0,0,526.70,252.89,608.35,391.88,18
16,player,266,0,0,535.36,252.78,617.01,391.77,18
16,player,267,0,0,544.01,252.68,625.66,391.67,18
16,player,268,0,0,552.67,252.57,634.32,391.56,18
16,player,269,0,0,561.33,252.47,642.98,391.46,18
16,player,270,0,0,569.99,252.36,651.64,391.35,18
16,player,271,0,0,578.64,252.25,660.29,391.25,18
16,player,272,0,0,587.30,252.15,668.95,391.14,18
16,player,273,0,0,595.96,252.04,677.61,391.04,18
16,player,274,0,0,604.62,251.94,686.27,390.93,18
16,player,275,0,0,613.27,251.83,694.92,390.83,18
16,player,276,0,0,621.93,251.73,703.58,390.72,18
16,player,277,0,0,630.59,251.62,712.24,390.62,18
16,player,278,0,0,639.25,251.52,720.90,390.51,18
16,player,279,0,0,641.77,251.52,723.42,390.51,18
16,player,280,0,0,644.30,251.52,725.95,390.51,18
16,player,281,0,0,646.83,251.52,728.48,390.51,18
16,player,282,0,0,649.35,251.52,731.00,390.51,18
16,player,283,0,0,651.88,251.52,733.53,390.51,18
16,player,284,0,0,654.41,251.52,736.06,390.51,18
16,player,285,0,0,656.93,251.52,738.58,390.51,18
16,player,286,0,0,659.46,251.52,741.11,390.51,18
16,player,287,0,0,661.99,251.52,743.64,390.51,18
16,player,288,0,0,664.51,251.52,746.16,390.51,18
16,player,289,0,0,667.04,251.52,748.69,390.51,18
16,player,290,0,0,671.32,250.66,752.97,389.66,18
16,player,291,0,0,675.59,249.81,757.24,388.80,18
16,player,292,0,0,679.87,248.95,761.52,387.95,18
16,player,293,0,0,684.14,248.10,765.80,387.09,18
16,player,294,0,0,688.42,247.24,770.07,386.23,18
16,player,295,0,0,692.19,246.78,773.85,385.77,18
16,player,296,0,0,695.97,246.32,777.62,385.31,18
16,player,297,0,0,699.74,245.86,781.39,384.85,18
16,player,298,0,0,703.51,245.40,785.16,384.39,18
16,player,299,0,0,707.29,244.94,788.94,383.93,18
16,player,300,0,0,711.06,244.48,792.71,383.47,18
16,player,301,0,0,714.83,244.01,796.48,383.01,18
16,player,302,0,0,718.61,243.55,800.26,382.55,18
16,player,303,0,0,722.38,243.09,804.03,382.08,18
16,player,304,0,0,726.15,242.63,807.80,381.62,18
16,player,305,0,0,729.92,242.17,811.58,381.16,18
16,player,306,0,0,733.70,241.71,815.35,380.70,18
16,player,307,0,0,737.47,241.25,819.12,380.24,18
16,player,308,0,0,741.24,240.79,822.90,379.78,18
16,player,309,0,0,745.02,240.32,826.67,379.32,18
16,player,310,0,0,748.79,239.86,830.44,378.86,18
16,player,311,0,0,752.56,239.40,834.21,378.39,18
16,player,312,0,0,756.34,238.94,837.99,377.93,18
16,player,313,0,0,760.11,238.48,841.76,377.47,18
16,player,314,0,0,763.88,238.02,845.53,377.01,18
16,player,315,0,0,767.66,237.56,849.31,376.55,18
16,player,316,0,0,771.43,237.10,853.08,376.09,18
16,player,317,0,0,775.20,236.64,856.85,375.63,18
16,player,318,0,0,778.97,236.17,860.63,375.17,18
16,player,319,0,0,782.75,235.71,864.40,374.71,18
16,player,320,0,0,786.52,235.25,868.17,374.24,18
16,player,321,0,0,790.29,234.79,871.95,373.78,18
16,player,322,0,0,794.07,234.33,875.72,373.32,18
16,player,323,0,0,797.84,233.87,879.49,372.86,18
16,player,324,0,0,801.61,233.41,883.26,372.40,18
16,player,325,0,0,805.39,232.95,887.04,371.94,18
16,player,326,0,0,809.16,232.48,890.81,371.48,18
16,player,327,0,0,812.93,232.02,894.58,371.02,18
16,player,328,0,0,816.71,231.56,898.36,370.56,18
16,player,329,0,0,820.48,231.10,902.13,370.09,18
16,player,330,0,0,824.25,230.64,905.90,369.63,18
16,player,331,0,0,828.02,230.18,909.68,369.17,18
16,player,332,0,0,831.80,229.72,913.45,368.71,18
16,player,333,0,0,835.57,229.26,917.22,368.25,18
16,player,334,0,0,839.34,228.80,921.00,367.79,18
16,player,335,0,0,843.12,228.33,924.77,367.33,18
16,player,336,0,0,846.89,227.87,928.54,366.87,18
16,player,337,0,0,850.66,227.41,932.31,366.40,18
16,player,338,0,0,854.44,226.95,936.09,365.94,18
16,player,339,0,0,858.21,226.49,939.86,365.48,18
16,player,340,0,0,861.98,226.03,943.63,365.02,18
16,player,341,0,0,865.76,225.57,947.41,364.56,18
16,player,342,0,0,869.53,225.11,951.18,364.10,18
16,player,343,0,0,873.30,224.64,954.95,363.64,18
16,player,344,0,0,877.07,224.18,958.73,363.18,18
16,player,345,0,0,880.85,223.72,962.50,362.72,18
16,player,346,0,0,885.51,223.82,967.16,362.81,18
16,player,347,0,0,890.18,223.92,971.83,362.91,18
16,player,348,0,0,894.84,224.01,976.49,363.01,18
16,player,349,0,0,899.51,224.11,981.16,363.10,18
16,player,350,0,0,904.17,224.21,985.82,363.20,18
16,player,351,0,0,908.84,224.31,990.49,363.30,18
16,player,352,0,0,913.50,224.40,995.15,363.40,18
16,player,353,0,0,918.17,224.50,999.82,363.49,18
16,player,354,0,0,922.83,224.60,1004.48,363.59,18
16,player,355,0,0,927.50,224.69,1009.15,363.69,18
16,player,356,0,0,932.16,224.79,1013.81,363.78,18
16,player,357,0,0,936.83,224.89,1018.48,363.88,18
16,player,358,0,0,941.49,224.99,1023.14,363.98,18
16,player,359,0,0,946.16,225.08,1027.81,364.08,18
16,player,360,0,0,950.82,225.18,1032.47,364.17,18
16,player,361,0,0,955.49,225.28,1037.14,364.27,18
16,player,362,0,0,960.15,225.37,1041.80,364.37,18
16,player,363,0,0,964.82,225.47,1046.47,364.46,18
16,player,364,0,0,969.48,225.57,1051.13,364.56,18
16,player,365,0,0,974.15,225.67,1055.80,364.66,18
16,player,366,0,0,978.81,225.76,1060.46,364.76,18
16,player,367,0,0,983.48,225.86,1065.13,364.85,18
16,player,368,0,0,981.64,228.00,1063.29,366.99,18
16,player,369,0,0,979.81,230.14,1061.46,369.13,18
16,player,370,0,0,977.98,232.27,1059.63,371.27,18
16,player,371,0,0,976.14,234.41,1057.80,373.41,18
16,player,372,0,0,974.31,236.55,1055.96,375.54,18
16,player,373,0,0,972.48,238.69,1054.13,377.68,18
16,player,374,0,0,970.65,240.83,1052.30,379.82,18
16,player,375,0,0,967.32,240.83,1048.97,379.82,18
16,player,376,0,0,963.99,240.83,1045.65,379.82,18
16,player,377,0,0,960.67,240.83,1042.32,379.82,18
16,player,378,0,0,957.34,240.83,1038.99,379.82,18
16,player,379,0,0,954.02,240.83,1035.67,379.82,18
16,player,380,0,0,950.69,240.83,1032.34,379.82,18
16,player,381,0,0,947.37,240.83,1029.02,379.82,18
16,player,382,0,0,944.04,240.83,1025.69,379.82,18
16,player,383,0,0,940.71,240.83,1022.37,379.82,18
16,player,384,0,0,934.94,241.47,1016.59,380.46,18
16,player,385,0,0,929.17,242.11,1010.82,381.10,18
16,player,386,0,0,923.40,242.75,1005.05,381.74,18
16,player,387,0,0,917.62,243.39,999.27,382.39,18
16,player,388,0,0,911.85,244.03,993.50,383.03,18
16,player,389,0,0,906.08,244.68,987.73,383.67,18
16,player,390,0,0,900.30,245.32,981.96,384.31,18
16,player,391,0,0,894.53,245.96,976.18,384.95,18
16,player,392,0,0,888.76,246.60,970.41,385.59,18
16,player,393,0,0,882.99,247.24,964.64,386.23,18
16,player,394,0,0,875.35,247.24,957.00,386.23,18
16,player,395,0,0,867.71,247.24,949.36,386.23,18
16,player,396,0,0,860.08,247.24,941.73,386.23,18
16,player,397,0,0,852.44,247.24,934.09,386.23,18
16,player,398,0,0,844.81,247.24,926.46,386.23,18
16,player,399,0,0,837.17,247.24,918.82,386.23,18
16,player,400,0,0,829.53,247.24,911.19,386.23,18
16,player,401,0,0,816.52,247.38,898.17,386.38,18
16,player,402,0,0,803.51,247.53,885.16,386.52,18
16,player,403,0,0,790.50,247.67,872.15,386.66,18
16,player,404,0,0,777.49,247.82,859.14,386.81,18
16,player,405,0,0,764.48,247.96,846.13,386.95,18
16,player,406,0,0,751.47,248.10,833.12,387.09,18
16,player,407,0,0,738.46,248.25,820.11,387.24,18
16,player,408,0,0,725.45,248.39,807.10,387.38,18
16,player,409,0,0,712.44,248.53,794.09,387.53,18
16,player,410,0,0,699.43,248.68,781.08,387.67,18
16,player,411,0,0,686.41,248.82,768.07,387.81,18
16,player,412,0,0,673.40,248.96,755.05,387.96,18
16,player,413,0,0,660.39,249.11,742.04,388.10,18
16,player,414,0,0,647.38,249.25,729.03,388.24,18
16,player,415,0,0,634.37,249.39,716.02,388.39,18
16,player,416,0,0,621.36,249.54,703.01,388.53,18
16,player,417,0,0,608.35,249.68,690.00,388.67,18
16,player,418,0,0,595.34,249.82,676.99,388.82,18
16,player,419,0,0,582.33,249.97,663.98,388.96,18
16,player,420,0,0,569.32,250.11,650.97,389.10,18
16,player,421,0,0,556.31,250.25,637.96,389.25,18
16,player,422,0,0,543.29,250.40,624.95,389.39,18
16,player,423,0,0,530.28,250.54,611.94,389.53,18
16,player,424,0,0,517.27,250.69,598.92,389.68,18
16,player,425,0,0,504.26,250.83,585.91,389.82,18
16,player,426,0,0,491.25,250.97,572.90,389.96,18
16,player,427,0,0,478.24,251.12,559.89,390.11,18
16,player,428,0,0,465.23,251.26,546.88,390.25,18
16,player,429,0,0,452.22,251.40,533.87,390.40,18
16,player,430,0,0,439.21,251.55,520.86,390.54,18
16,player,431,0,0,426.20,251.69,507.85,390.68,18
16,player,432,0,0,413.19,251.83,494.84,390.83,18
16,player,433,0,0,400.17,251.98,481.83,390.97,18
16,player,434,0,0,387.16,252.12,468.82,391.11,18
16,player,435,0,0,374.15,252.26,455.80,391.26,18
16,player,436,0,0,361.14,252.41,442.79,391.40,18
16,player,437,0,0,348.13,252.55,429.78,391.54,18
16,player,438,0,0,335.12,252.69,416.77,391.69,18
16,player,439,0,0,322.11,252.84,403.76,391.83,18
16,player,440,0,0,309.10,252.98,390.75,391.97,18
16,player,441,0,0,296.09,253.12,377.74,392.12,18
16,player,442,0,0,283.08,253.27,364.73,392.26,18
16,player,443,0,0,270.07,253.41,351.72,392.40,18
16,player,444,0,0,257.06,253.56,338.71,392.55,18
16,player,445,0,0,244.04,253.70,325.70,392.69,18
16,player,446,0,0,231.03,253.84,312.68,392.83,18
16,player,447,0,0,218.02,253.99,299.67,392.98,18
16,player,448,0,0,205.01,254.13,286.66,393.12,18
16,player,449,0,0,192.00,254.27,273.65,393.27,18
16,player,450,0,0,178.99,254.42,260.64,393.41,18
16,player,451,0,0,165.98,254.56,247.63,393.55,18
16,player,452,0,0,152.97,254.70,234.62,393.70,18
16,player,453,0,0,139.96,254.85,221.61,393.84,18
16,player,454,0,0,142.13,258.11,223.78,397.10,18
16,player,455,0,0,144.30,261.37,225.95,400.36,18
16,player,456,0,0,146.48,264.63,228.13,403.62,18
16,player,457,0,0,148.65,267.88,230.30,406.88,18
16,player,458,0,0,150.82,271.14,232.47,410.14,18
16,player,459,0,0,153.00,274.40,234.65,413.40,18
16,player,460,0,0,155.17,277.66,236.82,416.66,18
16,player,461,0,0,157.34,280.92,238.99,419.92,18
16,player,462,0,0,159.51,284.18,241.17,423.18,18
16,player,463,0,0,161.69,287.44,243.34,426.44,18
16,player,464,0,0,163.86,290.70,245.51,429.69,18
16,player,465,0,0,166.03,293.96,247.68,432.95,18
16,player,466,0,0,168.21,297.22,249.86,436.21,18
16,player,467,0,0,170.38,300.48,252.03,439.47,18
16,player,468,0,0,172.55,303.74,254.20,442.73,18
16,player,469,0,0,174.73,307.00,256.38,445.99,18
16,player,470,0,0,176.90,310.26,258.55,449.25,18
16,player,471,0,0,179.07,313.52,260.72,452.51,18
16,player,472,0,0,181.24,316.78,262.90,455.77,18
16,player,473,0,0,183.42,320.04,265.07,459.03,18
16,player,474,1,0,185.59,323.30,267.24,462.29,18
17,player,278,0,0,2.14,233.20,87.70,382.85,-1
17,player,279,0,0,10.50,233.20,96.06,382.85,-1
17,player,280,0,0,18.85,233.20,104.42,382.85,-1
17,player,281,0,0,27.21,233.20,112.77,382.85,-1
17,player,282,0,0,35.57,233.20,121.13,382.85,-1
17,player,283,0,0,43.93,233.20,129.49,382.85,-1
17,player,284,0,0,52.29,233.20,137.85,382.85,-1
17,player,285,0,0,60.64,233.20,146.21,382.85,-1
17,player,286,0,0,69.00,233.20,154.56,382.85,-1
17,player,287,0,0,77.36,233.20,162.92,382.85,-1
17,player,288,0,0,85.72,233.20,171.28,382.85,-1
17,player,289,0,0,94.08,233.20,179.64,382.85,-1
17,player,290,0,0,101.77,233.62,187.34,383.28,-1
17,player,291,0,0,109.47,234.05,195.03,383.71,-1
17,player,292,0,0,117.17,234.48,202.73,384.13,-1
17,player,293,0,0,124.87,234.91,210.43,384.56,-1
17,player,294,0,0,132.56,235.33,218.12,384.99,-1
17,player,295,0,0,145.01,234.96,230.58,384.61,-1
17,player,296,0,0,157.46,234.58,243.03,384.24,-1
17,player,297,0,0,169.92,234.20,255.48,383.86,-1
17,player,298,0,0,182.37,233.82,267.93,383.48,-1
17,player,299,0,0,194.82,233.45,280.38,383.10,-1
17,player,300,0,0,207.27,233.07,292.83,382.73,-1
17,player,301,0,0,219.72,232.69,305.28,382.35,-1
17,player,302,0,0,232.17,232.32,317.73,381.97,-1
17,player,303,0,0,244.62,231.94,330.18,381.59,-1
17,player,304,0,0,257.07,231.56,342.64,381.22,-1
17,player,305,0,0,269.53,231.18,355.09,380.84,-1
17,player,306,0,0,281.98,230.81,367.54,380.46,-1
17,player,307,0,0,294.43,230.43,379.99,380.08,-1
17,player,308,0,0,306.88,230.05,392.44,379.71,-1
17,player,309,0,0,319.33,229.67,404.89,379.33,-1
17,player,310,0,0,331.78,229.30,417.34,378.95,-1
17,player,311,0,0,344.23,228.92,429.79,378.58,-1
17,player,312,0,0,356.68,228.54,442.25,378.20,-1
17,player,313,0,0,369.14,228.16,454.70,377.82,-1
17,player,314,0,0,381.59,227.79,467.15,377.44,-1
17,player,315,0,0,394.04,227.41,479.60,377.07,-1
17,player,316,0,0,406.49,227.03,492.05,376.69,-1
17,player,317,0,0,418.94,226.66,504.50,376.31,-1
17,player,318,0,0,431.39,226.28,516.95,375.93,-1
17,player,319,0,0,443.84,225.90,529.40,375.56,-1
17,player,320,0,0,456.29,225.52,541.85,375.18,-1
17,player,321,0,0,468.74,225.15,554.31,374.80,-1
17,player,322,0,0,481.20,224.77,566.76,374.43,-1
17,player,323,0,0,493.65,224.39,579.21,374.05,-1
17,player,324,0,0,506.10,224.01,591.66,373.67,-1
17,player,325,0,0,518.55,223.64,604.11,373.29,-1
17,player,326,0,0,531.00,223.26,616.56,372.92,-1
17,player,327,0,0,543.45,222.88,629.01,372.54,-1
17,player,328,0,0,555.90,222.51,641.46,372.16,-1
17,player,329,0,0,568.35,222.13,653.92,371.78,-1
17,player,330,0,0,580.81,221.75,666.37,371.41,-1
17,player,331,0,0,593.26,221.37,678.82,371.03,-1
17,player,332,0,0,605.71,221.00,691.27,370.65,-1
17,player,333,0,0,618.16,220.62,703.72,370.27,-1
17,player,334,0,0,630.61,220.24,716.17,369.90,-1
17,player,335,0,0,643.06,219.86,728.62,369.52,-1
17,player,336,0,0,655.51,219.49,741.07,369.14,-1
17,player,337,0,0,667.96,219.11,753.53,368.77,-1
17,player,338,0,0,680.41,218.73,765.98,368.39,-1
17,player,339,0,0,692.87,218.35,778.43,368.01,-1
17,player,340,0,0,705.32,217.98,790.88,367.63,-1
17,player,341,0,0,717.77,217.60,803.33,367.26,-1
17,player,342,0,0,730.22,217.22,815.78,366.88,-1
17,player,343,0,0,742.67,216.85,828.23,366.50,-1
17,player,344,0,0,755.12,216.47,840.68,366.12,-1
17,player,345,0,0,767.57,216.09,853.13,365.75,-1
17,player,346,0,0,780.01,215.31,865.57,364.97,-1
17,player,347,0,0,792.45,214.54,878.01,364.19,-1
17,player,348,0,0,804.89,213.76,890.45,363.41,-1
17,player,349,0,0,817.33,212.98,902.89,362.64,-1
17,player,350,0,0,829.77,212.20,915.33,361.86,-1
17,player,351,0,0,842.21,211.43,927.77,361.08,-1
17,player,352,0,0,854.65,210.65,940.21,360.30,-1
17,player,353,0,0,867.09,209.87,952.65,359.53,-1
17,player,354,0,0,879.53,209.09,965.09,358.75,-1
17,player,355,0,0,891.97,208.32,977.53,357.97,-1
17,player,356,0,0,904.41,207.54,989.97,357.19,-1
17,player,357,0,0,916.85,206.76,1002.41,356.42,-1
17,player,358,0,0,929.29,205.98,1014.85,355.64,-1
17,player,359,0,0,941.73,205.21,1027.29,354.86,-1
17,player,360,0,0,954.17,204.43,1039.73,354.08,-1
17,player,361,0,0,966.61,203.65,1052.17,353.31,-1
17,player,362,0,0,979.05,202.87,1064.61,352.53,-1
17,player,363,0,0,991.49,202.10,1077.05,351.75,-1
17,player,364,0,0,1003.93,201.32,1089.49,350.97,-1
17,player,365,0,0,1016.37,200.54,1101.93,350.20,-1
17,player,366,0,0,1028.81,199.76,1114.37,349.42,-1
17,player,367,0,0,1041.25,198.99,1126.81,348.64,-1
17,player,368,0,0,1040.03,199.60,1125.59,349.25,-1
17,player,369,0,0,1038.80,200.21,1124.37,349.86,-1
17,player,370,0,0,1037.58,200.82,1123.14,350.48,-1
17,player,371,0,0,1036.36,201.43,1121.92,351.09,-1
17,player,372,0,0,1035.14,202.04,1120.70,351.70,-1
17,player,373,0,0,1033.92,202.65,1119.48,352.31,-1
17,player,374,0,0,1032.70,203.26,1118.26,352.92,-1
17,player,375,0,0,1031.34,203.49,1116.91,353.14,-1
17,player,376,0,0,1029.99,203.71,1115.56,353.37,-1
17,player,377,0,0,1028.64,203.94,1114.21,353.59,-1
17,player,378,0,0,1027.29,204.16,1112.86,353.82,-1
17,player,379,0,0,1025.94,204.39,1111.50,354.04,-1
17,player,380,0,0,1024.59,204.61,1110.15,354.27,-1
17,player,381,0,0,1023.24,204.84,1108.80,354.49,-1
17,player,382,0,0,1021.89,205.06,1107.45,354.72,-1
17,player,383,0,0,1020.54,205.29,1106.10,354.94,-1
17,player,384,0,0,1019.19,205.51,1104.75,355.17,-1
17,player,385,0,0,1017.84,205.74,1103.40,355.39,-1
17,player,386,0,0,1016.49,205.96,1102.05,355.62,-1
17,player,387,0,0,1015.14,206.19,1100.70,355.84,-1
17,player,388,0,0,1013.79,206.41,1099.35,356.07,-1
17,player,389,0,0,1012.44,206.64,1098.00,356.29,-1
17,player,390,0,0,1011.09,206.86,1096.65,356.52,-1
17,player,391,0,0,1009.74,207.09,1095.30,356.74,-1
17,player,392,0,0,1008.39,207.31,1093.95,356.97,-1
17,player,393,0,0,1007.04,207.54,1092.60,357.20,-1
17,player,394,0,0,998.49,207.84,1084.05,357.50,-1
17,player,395,0,0,989.93,208.15,1075.49,357.81,-1
17,player,396,0,0,981.38,208.46,1066.94,358.11,-1
17,player,397,0,0,972.83,208.76,1058.39,358.42,-1
17,player,398,0,0,964.28,209.07,1049.84,358.72,-1
17,player,399,0,0,955.72,209.37,1041.29,359.03,-1
17,player,400,0,0,947.17,209.68,1032.73,359.33,-1
17,player,401,0,0,935.50,210.25,1021.06,359.91,-1
17,player,402,0,0,923.83,210.82,1009.39,360.48,-1
17,player,403,0,0,912.16,211.40,997.72,361.05,-1
17,player,404,0,0,900.49,211.97,986.05,361.63,-1
17,player,405,0,0,888.81,212.55,974.38,362.20,-1
17,player,406,0,0,877.14,213.12,962.70,362.78,-1
17,player,407,0,0,865.47,213.69,951.03,363.35,-1
17,player,408,0,0,853.80,214.27,939.36,363.92,-1
17,player,409,0,0,842.13,214.84,927.69,364.50,-1
17,player,410,0,0,830.46,215.42,916.02,365.07,-1
17,player,411,0,0,818.79,215.99,904.35,365.65,-1
17,player,412,0,0,807.11,216.56,892.67,366.22,-1
17,player,413,0,0,795.44,217.14,881.00,366.80,-1
17,player,414,0,0,783.77,217.71,869.33,367.37,-1
17,player,415,0,0,772.10,218.29,857.66,367.94,-1
17,player,416,0,0,760.43,218.86,845.99,368.52,-1
17,player,417,0,0,748.76,219.44,834.32,369.09,-1
17,player,418,0,0,737.08,220.01,822.65,369.67,-1
17,player,419,0,0,725.41,220.58,810.97,370.24,-1
17,player,420,0,0,713.74,221.16,799.30,370.81,-1
17,player,421,0,0,702.07,221.73,787.63,371.39,-1
17,player,422,0,0,690.40,222.31,775.96,371.96,-1
17,player,423,0,0,678.73,222.88,764.29,372.54,-1
17,player,424,0,0,667.06,223.45,752.62,373.11,-1
17,player,425,0,0,655.38,224.03,740.95,373.68,-1
17,player,426,0,0,643.71,224.60,729.27,374.26,-1
17,player,427,0,0,632.04,225.18,717.60,374.83,-1
17,player,428,0,0,620.37,225.75,705.93,375.41,-1
17,player,429,0,0,608.70,226.32,694.26,375.98,-1
17,player,430,0,0,597.03,226.90,682.59,376.55,-1
17,player,431,0,0,585.35,227.47,670.92,377.13,-1
17,player,432,0,0,573.68,228.05,659.24,377.70,-1
17,player,433,0,0,562.01,228.62,647.57,378.28,-1
17,player,434,0,0,550.34,229.19,635.90,378.85,-1
17,player,435,0,0,538.67,229.77,624.23,379.42,-1
17,player,436,0,0,527.00,230.34,612.56,380.00,-1
17,player,437,0,0,515.33,230.92,600.89,380.57,-1
17,player,438,0,0,503.65,231.49,589.22,381.15,-1
17,player,439,0,0,491.98,232.06,577.54,381.72,-1
17,player,440,0,0,480.31,232.64,565.87,382.29,-1
17,player,441,0,0,468.64,233.21,554.20,382.87,-1
17,player,442,0,0,456.97,233.79,542.53,383.44,-1
17,player,443,0,0,445.30,234.36,530.86,384.02,-1
17,player,444,0,0,433.62,234.93,519.19,384.59,-1
17,player,445,0,0,421.95,235.51,507.51,385.16,-1
17,player,446,0,0,410.28,236.08,495.84,385.74,-1
17,player,447,0,0,398.61,236.66,484.17,386.31,-1
17,player,448,0,0,386.94,237.23,472.50,386.89,-1
17,player,449,0,0,375.27,237.80,460.83,387.46,-1
17,player,450,0,0,363.60,238.38,449.16,388.03,-1
17,player,451,0,0,351.92,238.95,437.49,388.61,-1
17,player,452,0,0,340.25,239.53,425.81,389.18,-1
17,player,453,0,0,328.58,240.10,414.14,389.76,-1
17,player,454,0,0,312.93,240.46,398.45,390.12,-1
17,player,455,0,0,297.29,240.82,382.75,390.48,-1
17,player,456,0,0,281.64,241.19,367.06,390.84,-1
17,player,457,0,0,265.99,241.55,351.37,391.20,-1
17,player,458,0,0,250.35,241.91,335.67,391.57,-1
17,player,459,0,0,234.70,242.27,319.98,391.93,-1
17,player,460,0,0,219.05,242.64,304.28,392.29,-1
17,player,461,0,0,203.41,243.00,288.59,392.65,-1
17,player,462,0,0,187.76,243.36,272.90,393.02,-1
17,player,463,0,0,172.11,243.72,257.20,393.38,-1
17,player,464,0,0,156.47,244.08,241.51,393.74,-1
17,player,465,0,0,140.82,244.45,225.81,394.10,-1
17,player,466,0,0,125.17,244.81,210.12,394.46,-1
17,player,467,0,0,109.53,245.17,194.42,394.83,-1
17,player,468,0,0,93.88,245.53,178.73,395.19,-1
17,player,469,0,0,78.23,245.89,163.04,395.55,-1
17,player,470,0,0,62.59,246.26,147.34,395.91,-1
17,player,471,0,0,46.94,246.62,131.65,396.28,-1
17,player,472,0,0,31.29,246.98,115.95,396.64,-1
17,player,473,0,0,15.65,247.34,100.26,397.00,-1
17,player,474,0,0,0.00,247.71,84.57,397.36,-1
17,player,475,0,0,0.00,248.97,76.96,398.63,-1
17,player,476,0,0,0.00,250.24,69.35,399.90,-1
17,player,477,0,0,0.00,250.24,69.35,399.90,-1
17,player,478,1,0,0.00,250.24,69.35,399.90,-1
18,player,345,0,0,0.00,190.42,42.80,338.00,-1
18,player,346,0,0,18.85,189.84,62.53,336.45,-1
18,player,347,0,0,37.71,189.26,82.26,334.89,-1
18,player,348,0,0,56.56,188.68,101.99,333.34,-1
18,player,349,0,0,75.42,188.10,121.72,331.78,-1
18,player,350,0,0,94.27,187.52,141.45,330.23,-1
18,player,351,0,0,113.13,186.94,161.18,328.67,-1
18,player,352,0,0,131.98,186.35,180.92,327.12,-1
18,player,353,0,0,150.84,185.77,200.65,325.56,-1
18,player,354,0,0,169.69,185.19,220.38,324.01,-1
18,player,355,0,0,188.55,184.61,240.11,322.45,-1
18,player,356,0,0,207.40,184.03,259.84,320.90,-1
18,player,357,0,0,226.26,183.45,279.57,319.34,-1
18,player,358,0,0,245.11,182.87,299.30,317.79,-1
18,player,359,0,0,263.97,182.28,319.03,316.23,-1
18,player,360,0,0,282.82,181.70,338.76,314.68,-1
18,player,361,0,0,301.68,181.12,358.49,313.12,-1
18,player,362,0,0,320.53,180.54,378.22,311.57,-1
18,player,363,0,0,339.39,179.96,397.95,310.01,-1
18,player,364,0,0,358.24,179.38,417.68,308.46,-1
18,player,365,0,0,377.10,178.80,437.41,306.90,-1
18,player,366,0,0,395.95,178.22,457.15,305.35,-1
18,player,367,0,0,414.80,177.63,476.88,303.79,-1
18,player,368,0,0,427.63,178.55,489.70,304.71,-1
18,player,369,0,0,440.46,179.47,502.53,305.62,-1
18,player,370,0,0,453.29,180.38,515.36,306.54,-1
18,player,371,0,0,466.12,181.30,528.19,307.46,-1
18,player,372,0,0,478.95,182.22,541.02,308.37,-1
18,player,373,0,0,491.78,183.13,553.85,309.29,-1
18,player,374,0,0,504.60,184.05,566.68,310.20,-1
18,player,375,0,0,513.63,183.81,575.70,309.97,-1
18,player,376,0,0,522.66,183.57,584.73,309.73,-1
18,player,377,0,0,531.69,183.33,593.76,309.49,-1
18,player,378,0,0,540.71,183.10,602.79,309.25,-1
18,player,379,0,0,549.74,182.86,611.81,309.02,-1
18,player,380,0,0,558.77,182.62,620.84,308.78,-1
18,player,381,0,0,567.80,182.38,629.87,308.54,-1
18,player,382,0,0,576.82,182.15,638.90,308.30,-1
18,player,383,0,0,585.85,181.91,647.92,308.07,-1
18,player,384,0,0,594.19,180.63,656.26,306.78,-1
18,player,385,0,0,602.53,179.34,664.60,305.50,-1
18,player,386,0,0,610.87,178.06,672.94,304.22,-1
18,player,387,0,0,619.21,176.78,681.28,302.93,-1
18,player,388,0,0,627.54,175.50,689.62,301.65,-1
18,player,389,0,0,635.88,174.21,697.95,300.37,-1
18,player,390,0,0,644.22,172.93,706.29,299.09,-1
18,player,391,0,0,652.56,171.65,714.63,297.80,-1
18,player,392,0,0,660.90,170.36,722.97,296.52,-1
18,player,393,0,0,669.24,169.08,731.31,295.24,-1
18,player,394,0,0,679.01,169.08,741.08,295.24,-1
18,player,395,0,0,688.79,169.08,750.86,295.24,-1
18,player,396,0,0,698.56,169.08,760.63,295.24,-1
18,player,397,0,0,708.33,169.08,770.41,295.24,-1
18,player,398,0,0,718.11,169.08,780.18,295.24,-1
18,player,399,0,0,727.88,169.08,789.95,295.24,-1
18,player,400,0,0,737.66,169.08,799.73,295.24,-1
18,player,401,0,0,735.46,169.13,797.53,295.29,-1
18,player,402,0,0,733.26,169.18,795.33,295.33,-1
18,player,403,0,0,731.06,169.22,793.13,295.38,-1
18,player,404,0,0,728.85,169.27,790.93,295.43,-1
18,player,405,0,0,726.65,169.32,788.73,295.48,-1
18,player,406,0,0,724.45,169.37,786.53,295.52,-1
18,player,407,0,0,722.25,169.42,784.33,295.57,-1
18,player,408,0,0,720.05,169.46,782.13,295.62,-1
18,player,409,0,0,717.85,169.51,779.92,295.67,-1
18,player,410,0,0,715.65,169.56,777.72,295.72,-1
18,player,411,0,0,713.45,169.61,775.52,295.76,-1
18,player,412,0,0,711.25,169.66,773.32,295.81,-1
18,player,413,0,0,709.05,169.70,771.12,295.86,-1
18,player,414,0,0,706.85,169.75,768.92,295.91,-1
18,player,415,0,0,704.65,169.80,766.72,295.96,-1
18,player,416,0,0,702.45,169.85,764.52,296.00,-1
18,player,417,0,0,700.25,169.89,762.32,296.05,-1
18,player,418,0,0,698.05,169.94,760.12,296.10,-1
18,player,419,0,0,695.85,169.99,757.92,296.15,-1
18,player,420,0,0,693.65,170.04,755.72,296.19,-1
18,player,421,0,0,691.45,170.09,753.52,296.24,-1
18,player,422,0,0,689.25,170.13,751.32,296.29,-1
18,player,423,0,0,687.05,170.18,749.12,296.34,-1
18,player,424,0,0,684.85,170.23,746.92,296.39,-1
18,player,425,0,0,682.65,170.28,744.72,296.43,-1
18,player,426,0,0,680.45,170.32,742.52,296.48,-1
18,player,427,0,0,678.25,170.37,740.32,296.53,-1
18,player,428,0,0,676.05,170.42,738.12,296.58,-1
18,player,429,0,0,673.85,170.47,735.92,296.63,-1
18,player,430,0,0,671.65,170.52,733.72,296.67,-1
18,player,431,0,0,669.45,170.56,731.52,296.72,-1
18,player,432,0,0,667.24,170.61,729.32,296.77,-1
18,player,433,0,0,665.04,170.66,727.12,296.82,-1
18,player,434,0,0,662.84,170.71,724.92,296.86,-1
18,player,435,0,0,660.64,170.76,722.72,296.91,-1
18,player,436,0,0,658.44,170.80,720.51,296.96,-1
18,player,437,0,0,656.24,170.85,718.31,297.01,-1
18,player,438,0,0,654.04,170.90,716.11,297.06,-1
18,player,439,0,0,651.84,170.95,713.91,297.10,-1
18,player,440,0,0,649.64,170.99,711.71,297.15,-1
18,player,441,0,0,647.44,171.04,709.51,297.20,-1
18,player,442,0,0,645.24,171.09,707.31,297.25,-1
18,player,443,0,0,643.04,171.14,705.11,297.29,-1
18,player,444,0,0,640.84,171.19,702.91,297.34,-1
18,player,445,0,0,638.64,171.23,700.71,297.39,-1
18,player,446,0,0,636.44,171.28,698.51,297.44,-1
18,player,447,0,0,634.24,171.33,696.31,297.49,-1
18,player,448,0,0,632.04,171.38,694.11,297.53,-1
18,player,449,0,0,629.84,171.42,691.91,297.58,-1
18,player,450,0,0,627.64,171.47,689.71,297.63,-1
18,player,451,0,0,625.44,171.52,687.51,297.68,-1
18,player,452,0,0,623.24,171.57,685.31,297.73,-1
18,player,453,0,0,621.04,171.62,683.11,297.77,-1
18,player,454,0,0,611.50,172.58,673.57,298.74,-1
18,player,455,0,0,601.96,173.55,664.03,299.70,-1
18,player,456,0,0,592.43,174.51,654.50,300.67,-1
18,player,457,0,0,582.89,175.48,644.96,301.64,-1
18,player,458,0,0,573.35,176.45,635.42,302.60,-1
18,player,459,0,0,563.81,177.41,625.89,303.57,-1
18,player,460,0,0,554.28,178.38,616.35,304.53,-1
18,player,461,0,0,544.74,179.34,606.81,305.50,-1
18,player,462,0,0,535.20,180.31,597.27,306.47,-1
18,player,463,0,0,525.67,181.27,587.74,307.43,-1
18,player,464,0,0,516.13,182.24,578.20,308.40,-1
18,player,465,0,0,506.59,183.21,568.66,309.36,-1
18,player,466,0,0,497.05,184.17,559.13,310.33,-1
18,player,467,0,0,487.52,185.14,549.59,311.29,-1
18,player,468,0,0,477.98,186.10,540.05,312.26,-1
18,player,469,0,0,468.44,187.07,530.51,313.23,-1
18,player,470,0,0,458.90,188.04,520.98,314.19,-1
18,player,471,0,0,449.37,189.00,511.44,315.16,-1
18,player,472,0,0,439.83,189.97,501.90,316.12,-1
18,player,473,0,0,430.29,190.93,492.36,317.09,-1
18,player,474,0,0,420.76,191.90,482.83,318.06,-1
18,player,475,0,0,405.54,191.90,467.62,318.06,-1
18,player,476,0,0,390.33,191.90,452.41,318.06,-1
18,player,477,0,0,384.87,196.30,446.94,322.45,-1
18,player,478,0,0,379.40,200.69,441.47,326.85,-1
18,player,479,0,0,362.29,197.49,424.37,323.64,-1
18,player,480,0,0,345.19,194.28,407.26,320.44,-1
18,player,481,0,0,328.98,195.17,391.05,321.33,-1
18,player,482,0,0,312.76,196.06,374.83,322.22,-1
18,player,483,0,0,296.55,196.95,358.62,323.11,-1
18,player,484,0,0,280.33,197.84,342.41,324.00,-1
18,player,485,0,0,264.12,198.73,326.19,324.89,-1
18,player,486,0,0,247.91,199.63,309.98,325.78,-1
18,player,487,0,0,231.69,200.52,293.76,326.67,-1
18,player,488,0,0,215.48,201.41,277.55,327.56,-1
18,player,489,0,0,199.27,202.30,261.34,328.45,-1
18,player,490,0,0,183.05,203.19,245.12,329.35,-1
18,player,491,0,0,166.84,204.08,228.91,330.24,-1
18,player,492,0,0,150.62,204.97,212.70,331.13,-1
18,player,493,0,0,134.23,199.98,196.30,326.14,-1
18,player,494,0,0,117.84,194.99,179.91,321.15,-1
18,player,495,0,0,101.45,190.00,163.52,316.16,-1
18,player,496,0,0,86.96,191.23,147.03,317.38,-1
18,player,497,0,0,72.46,192.45,130.53,318.60,-1
18,player,498,0,0,57.97,193.67,114.04,319.83,-1
18,player,499,0,0,43.48,194.89,97.54,321.05,-1
18,player,500,0,0,28.99,196.11,81.05,322.27,-1
18,player,501,0,0,14.49,197.33,64.56,323.49,-1
18,player,502,0,0,0.00,198.56,48.06,324.71,-1
18,player,503,0,0,0.00,198.56,48.06,324.71,-1
18,player,504,0,0,0.00,198.56,48.06,324.71,-1
18,player,505,0,0,0.00,198.56,48.06,324.71,-1
18,player,506,0,0,0.00,198.56,48.06,324.71,-1
18,player,507,0,0,0.00,198.56,48.06,324.71,-1
18,player,508,0,0,0.00,198.56,48.06,324.71,-1
18,player,509,0,0,0.00,198.56,48.06,324.71,-1
18,player,510,0,0,0.00,198.56,48.06,324.71,-1
18,player,511,0,0,0.00,198.56,48.06,324.71,-1
18,player,512,0,0,0.00,198.56,48.06,324.71,-1
18,player,513,0,0,0.00,198.56,48.06,324.71,-1
18,player,514,0,0,0.00,198.56,48.06,324.71,-1
18,player,515,0,0,0.00,198.56,48.06,324.71,-1
18,player,516,0,0,0.00,198.56,48.06,324.71,-1
18,player,517,0,0,0.00,198.56,48.06,324.71,-1
18,player,518,0,0,0.00,198.56,48.06,324.71,-1
18,player,519,0,0,0.00,198.56,48.06,324.71,-1
18,player,520,0,0,0.00,198.56,48.06,324.71,-1
18,player,521,0,0,0.00,198.56,48.06,324.71,-1
18,player,522,0,0,0.00,198.56,48.06,324.71,-1
18,player,523,0,0,0.00,198.56,48.06,324.71,-1
18,player,524,0,0,0.00,198.56,48.06,324.71,-1
18,player,525,0,0,0.00,198.56,48.06,324.71,-1
18,player,526,0,0,0.00,198.56,48.06,324.71,-1
18,player,527,0,0,0.00,198.56,48.06,324.71,-1
18,player,528,0,0,0.00,198.56,48.06,324.71,-1
18,player,529,0,0,0.00,198.56,48.06,324.71,-1
18,player,530,0,0,0.00,198.56,48.06,324.71,-1
18,player,531,0,0,0.00,198.56,48.06,324.71,-1
18,player,532,0,0,0.00,198.56,48.06,324.71,-1
18,player,533,0,0,0.00,198.56,48.06,324.71,-1
18,player,534,0,0,0.00,198.56,48.06,324.71,-1
18,player,535,1,0,0.00,198.56,48.06,324.71,-1
19,player,367,0,0,329.24,190.42,395.55,305.89,28
19,player,368,0,0,341.15,190.42,407.46,305.89,28
19,player,369,0,0,353.06,190.42,419.37,305.89,28
19,player,370,0,0,364.98,190.42,431.28,305.89,28
19,player,371,0,0,376.89,190.42,443.20,305.89,28
19,player,372,0,0,388.80,190.42,455.11,305.89,28
19,player,373,0,0,400.71,190.42,467.02,305.89,28
19,player,374,0,0,412.62,190.42,478.93,305.89,28
19,player,375,0,0,421.65,189.24,487.96,304.70,28
19,player,376,0,0,430.68,188.05,496.99,303.51,28
19,player,377,0,0,439.71,186.86,506.01,302.33,28
19,player,378,0,0,448.73,185.67,515.04,301.14,28
19,player,379,0,0,457.76,184.48,524.07,299.95,28
19,player,380,0,0,466.79,183.30,533.10,298.76,28
19,player,381,0,0,475.82,182.11,542.12,297.58,28
19,player,382,0,0,484.84,180.92,551.15,296.39,28
19,player,383,0,0,493.87,179.73,560.18,295.20,28
19,player,384,0,0,504.56,179.73,570.87,295.20,28
19,player,385,0,0,515.25,179.73,581.56,295.20,28
19,player,386,0,0,525.94,179.73,592.25,295.20,28
19,player,387,0,0,536.63,179.73,602.94,295.20,28
19,player,388,0,0,547.32,179.73,613.63,295.20,28
19,player,389,0,0,558.01,179.73,624.32,295.20,28
19,player,390,0,0,568.70,179.73,635.01,295.20,28
19,player,391,0,0,579.39,179.73,645.70,295.20,28
19,player,392,0,0,590.08,179.73,656.39,295.20,28
19,player,393,0,0,600.78,179.73,667.08,295.20,28
19,player,394,0,0,610.24,181.26,676.55,296.73,28
19,player,395,0,0,619.71,182.79,686.02,298.25,28
19,player,396,0,0,629.18,184.31,695.49,299.78,28
19,player,397,0,0,638.65,185.84,704.96,301.31,28
19,player,398,0,0,648.12,187.37,714.43,302.84,28
19,player,399,0,0,657.59,188.90,723.90,304.36,28
19,player,400,0,0,667.06,190.42,733.37,305.89,28
19,player,401,0,0,671.98,190.57,738.29,306.03,28
19,player,402,0,0,676.91,190.71,743.22,306.18,28
19,player,403,0,0,681.84,190.85,748.15,306.32,28
19,player,404,0,0,686.76,191.00,753.07,306.46,28
19,player,405,0,0,691.69,191.14,758.00,306.61,28
19,player,406,0,0,696.62,191.28,762.93,306.75,28
19,player,407,0,0,701.55,191.43,767.85,306.90,28
19,player,408,0,0,706.47,191.57,772.78,307.04,28
19,player,409,0,0,711.40,191.71,777.71,307.18,28
19,player,410,0,0,716.33,191.86,782.63,307.33,28
19,player,411,0,0,721.25,192.00,787.56,307.47,28
19,player,412,0,0,726.18,192.15,792.49,307.61,28
19,player,413,0,0,731.11,192.29,797.42,307.76,28
19,player,414,0,0,736.03,192.43,802.34,307.90,28
19,player,415,0,0,740.96,192.58,807.27,308.04,28
19,player,416,0,0,745.89,192.72,812.20,308.19,28
19,player,417,0,0,750.81,192.86,817.12,308.33,28
19,player,418,0,0,755.74,193.01,822.05,308.47,28
19,player,419,0,0,760.67,193.15,826.98,308.62,28
19,player,420,0,0,765.60,193.29,831.90,308.76,28
19,player,421,0,0,770.52,193.44,836.83,308.90,28
19,player,422,0,0,775.45,193.58,841.76,309.05,28
19,player,423,0,0,780.38,193.72,846.68,309.19,28
19,player,424,0,0,785.30,193.87,851.61,309.33,28
19,player,425,0,0,790.23,194.01,856.54,309.48,28
19,player,426,0,0,795.16,194.15,861.47,309.62,28
19,player,427,0,0,800.08,194.30,866.39,309.77,28
19,player,428,0,0,805.01,194.44,871.32,309.91,28
19,player,429,0,0,809.94,194.58,876.25,310.05,28
19,player,430,0,0,814.86,194.73,881.17,310.20,28
19,player,431,0,0,819.79,194.87,886.10,310.34,28
19,player,432,0,0,824.72,195.02,891.03,310.48,28
19,player,433,0,0,829.65,195.16,895.95,310.63,28
19,player,434,0,0,834.57,195.30,900.88,310.77,28
19,player,435,0,0,839.50,195.45,905.81,310.91,28
19,player,436,0,0,844.43,195.59,910.73,311.06,28
19,player,437,0,0,849.35,195.73,915.66,311.20,28
19,player,438,0,0,854.28,195.88,920.59,311.34,28
19,player,439,0,0,859.21,196.02,925.52,311.49,28
19,player,440,0,0,864.13,196.16,930.44,311.63,28
19,player,441,0,0,869.06,196.31,935.37,311.77,28
19,player,442,0,0,873.99,196.45,940.30,311.92,28
19,player,443,0,0,878.91,196.59,945.22,312.06,28
19,player,444,0,0,883.84,196.74,950.15,312.21,28
19,player,445,0,0,888.77,196.88,955.08,312.35,28
19,player,446,0,0,893.70,197.02,960.00,312.49,28
19,player,447,0,0,898.62,197.17,964.93,312.64,28
19,player,448,0,0,903.55,197.31,969.86,312.78,28
19,player,449,0,0,908.48,197.46,974.78,312.92,28
19,player,450,0,0,913.40,197.60,979.71,313.07,28
19,player,451,0,0,918.33,197.74,984.64,313.21,28
19,player,452,0,0,923.26,197.89,989.57,313.35,28
19,player,453,0,0,928.18,198.03,994.49,313.50,28
19,player,454,0,0,925.77,197.91,992.08,313.38,28
19,player,455,0,0,923.35,197.79,989.66,313.26,28
19,player,456,0,0,920.94,197.67,987.25,313.13,28
19,player,457,0,0,918.53,197.55,984.83,313.01,28
19,player,458,0,0,916.11,197.43,982.42,312.89,28
19,player,459,0,0,913.70,197.30,980.01,312.77,28
19,player,460,0,0,911.28,197.18,977.59,312.65,28
19,player,461,0,0,908.87,197.06,975.18,312.53,28
19,player,462,0,0,906.45,196.94,972.76,312.41,28
19,player,463,0,0,904.04,196.82,970.35,312.29,28
19,player,464,0,0,901.62,196.70,967.93,312.17,28
19,player,465,0,0,899.21,196.58,965.52,312.05,28
19,player,466,0,0,896.80,196.46,963.10,311.93,28
19,player,467,0,0,894.38,196.34,960.69,311.81,28
19,player,468,0,0,891.97,196.22,958.27,311.69,28
19,player,469,0,0,889.55,196.10,955.86,311.57,28
19,player,470,0,0,887.14,195.98,953.45,311.44,28
19,player,471,0,0,884.72,195.86,951.03,311.32,28
19,player,472,0,0,882.31,195.74,948.62,311.20,28
19,player,473,0,0,879.89,195.61,946.20,311.08,28
19,player,474,0,0,877.48,195.49,943.79,310.96,28
19,player,475,0,0,869.87,195.49,936.18,310.96,28
19,player,476,0,0,862.27,195.49,928.58,310.96,28
19,player,477,0,0,855.32,194.96,921.63,310.43,28
19,player,478,0,0,848.37,194.43,914.68,309.89,28
19,player,479,0,0,841.42,193.89,907.73,309.36,28
19,player,480,0,0,834.47,193.36,900.78,308.82,28
19,player,481,0,0,824.50,193.00,890.80,308.47,28
19,player,482,0,0,814.52,192.64,880.83,308.11,28
19,player,483,0,0,804.54,192.29,870.85,307.75,28
19,player,484,0,0,794.56,191.93,860.87,307.40,28
19,player,485,0,0,784.59,191.57,850.89,307.04,28
19,player,486,0,0,774.61,191.22,840.92,306.69,28
19,player,487,0,0,764.63,190.86,830.94,306.33,28
19,player,488,0,0,754.65,190.51,820.96,305.97,28
19,player,489,0,0,744.67,190.15,810.98,305.62,28
19,player,490,0,0,734.70,189.79,801.01,305.26,28
19,player,491,0,0,724.72,189.44,791.03,304.90,28
19,player,492,0,0,714.74,189.08,781.05,304.55,28
19,player,493,0,0,706.19,189.08,772.50,304.55,28
19,player,494,0,0,697.64,189.08,763.95,304.55,28
19,player,495,0,0,689.08,189.08,755.39,304.55,28
19,player,496,0,0,676.26,189.39,742.56,304.85,28
19,player,497,0,0,663.43,189.69,729.74,305.16,28
19,player,498,0,0,650.60,190.00,716.91,305.46,28
19,player,499,0,0,637.77,190.30,704.08,305.77,28
19,player,500,0,0,624.94,190.61,691.25,306.07,28
19,player,501,0,0,612.11,190.91,678.42,306.38,28
19,player,502,0,0,599.29,191.22,665.59,306.69,28
19,player,503,0,0,590.80,191.48,657.11,306.94,28
19,player,504,0,0,582.31,191.74,648.62,307.20,28
19,player,505,0,0,573.82,192.00,640.13,307.46,28
19,player,506,0,0,565.33,192.25,631.64,307.72,28
19,player,507,0,0,556.85,192.51,623.16,307.98,28
19,player,508,0,0,548.36,192.77,614.67,308.24,28
19,player,509,0,0,539.87,193.03,606.18,308.50,28
19,player,510,0,0,531.38,193.29,597.69,308.76,28
19,player,511,0,0,522.90,193.55,589.21,309.02,28
19,player,512,0,0,514.41,193.81,580.72,309.28,28
19,player,513,0,0,505.92,194.07,572.23,309.54,28
19,player,514,0,0,497.43,194.33,563.74,309.80,28
19,player,515,0,0,488.95,194.59,555.26,310.05,28
19,player,516,0,0,480.46,194.85,546.77,310.31,28
19,player,517,0,0,471.97,195.10,538.28,310.57,28
19,player,518,0,0,463.48,195.36,529.79,310.83,28
19,player,519,0,0,455.00,195.62,521.31,311.09,28
19,player,520,0,0,446.51,195.88,512.82,311.35,28
19,player,521,0,0,438.02,196.14,504.33,311.61,28
19,player,522,0,0,429.53,196.40,495.84,311.87,28
19,player,523,0,0,421.05,196.66,487.36,312.13,28
19,player,524,0,0,412.56,196.92,478.87,312.39,28
19,player,525,0,0,404.07,197.18,470.38,312.65,28
19,player,526,0,0,395.58,197.44,461.89,312.90,28
19,player,527,0,0,387.10,197.70,453.41,313.16,28
19,player,528,0,0,378.61,197.96,444.92,313.42,28
19,player,529,0,0,370.12,198.21,436.43,313.68,28
19,player,530,0,0,361.63,198.47,427.94,313.94,28
19,player,531,0,0,353.15,198.73,419.45,314.20,28
19,player,532,0,0,344.66,198.99,410.97,314.46,28
19,player,533,0,0,336.17,199.25,402.48,314.72,28
19,player,534,0,0,327.68,199.51,393.99,314.98,28
19,player,535,0,0,319.20,199.77,385.50,315.24,28
19,player,536,0,0,315.23,201.30,381.53,316.76,28
19,player,537,0,0,311.25,202.82,377.56,318.29,28
19,player,538,0,0,307.28,204.35,373.59,319.82,28
19,player,539,0,0,303.31,205.88,369.62,321.35,28
19,player,540,0,0,299.34,207.41,365.65,322.87,28
19,player,541,0,0,295.37,208.93,361.68,324.40,28
19,player,542,0,0,291.40,210.46,357.71,325.93,28
19,player,543,0,0,282.54,210.46,348.85,325.93,28
19,player,544,0,0,273.68,210.46,339.99,325.93,28
19,player,545,0,0,264.83,210.46,331.14,325.93,28
19,player,546,0,0,255.97,210.46,322.28,325.93,28
19,player,547,0,0,247.11,210.46,313.42,325.93,28
19,player,548,0,0,238.25,210.46,304.56,325.93,28
19,player,549,0,0,229.40,210.46,295.70,325.93,28
19,player,550,0,0,219.91,210.99,286.22,326.46,28
19,player,551,0,0,210.42,211.53,276.73,327.00,28
19,player,552,0,0,200.93,212.06,267.24,327.53,28
19,player,553,0,0,191.45,212.60,257.75,328.07,28
19,player,554,0,0,181.96,213.13,248.27,328.60,28
19,player,555,0,0,172.47,213.67,238.78,329.13,28
19,player,556,0,0,162.98,214.20,229.29,329.67,28
19,player,557,0,0,153.49,214.74,219.80,330.20,28
19,player,558,0,0,144.01,215.27,210.32,330.74,28
19,player,559,0,0,134.52,215.81,200.83,331.27,28
19,player,560,0,0,125.03,216.34,191.34,331.81,28
19,player,561,0,0,115.54,216.87,181.85,332.34,28
19,player,562,0,0,106.06,217.41,172.36,332.88,28
19,player,563,0,0,96.57,217.94,162.88,333.41,28
19,player,564,0,0,87.08,218.48,153.39,333.95,28
19,player,565,0,0,77.59,219.01,143.90,334.48,28
19,player,566,0,0,77.59,219.01,143.90,334.48,28
19,player,567,0,0,77.59,219.01,143.90,334.48,28
19,player,568,0,0,77.59,219.01,143.90,334.48,28
19,player,569,0,0,77.59,219.01,143.90,334.48,28
19,player,570,0,0,77.59,219.01,143.90,334.48,28
19,player,571,0,0,77.59,219.01,143.90,334.48,28
19,player,572,0,0,77.59,219.01,143.90,334.48,28
19,player,573,0,0,77.59,219.01,143.90,334.48,28
19,player,574,0,0,77.59,219.01,143.90,334.48,28
19,player,575,0,0,77.59,219.01,143.90,334.48,28
19,player,576,0,0,77.59,219.01,143.90,334.48,28
19,player,577,0,0,77.59,219.01,143.90,334.48,28
19,player,578,0,0,77.59,219.01,143.90,334.48,28
19,player,579,0,0,77.59,219.01,143.90,334.48,28
19,player,580,0,0,77.59,219.01,143.90,334.48,28
19,player,581,0,0,77.59,219.01,143.90,334.48,28
19,player,582,0,0,77.59,219.01,143.90,334.48,28
19,player,583,0,0,77.59,219.01,143.90,334.48,28
19,player,584,0,0,77.59,219.01,143.90,334.48,28
19,player,585,0,0,77.59,219.01,143.90,334.48,28
19,player,586,0,0,77.59,219.01,143.90,334.48,28
19,player,587,0,0,77.59,219.01,143.90,334.48,28
19,player,588,0,0,77.59,219.01,143.90,334.48,28
19,player,589,0,0,77.59,219.01,143.90,334.48,28
19,player,590,0,0,77.59,219.01,143.90,334.48,28
19,player,591,0,0,77.59,219.01,143.90,334.48,28
19,player,592,0,0,77.59,219.01,143.90,334.48,28
19,player,593,0,0,77.59,219.01,143.90,334.48,28
19,player,594,0,0,77.59,219.01,143.90,334.48,28
19,player,595,0,0,77.59,219.01,143.90,334.48,28
19,player,596,0,0,77.59,219.01,143.90,334.48,28
19,player,597,0,0,77.59,219.01,143.90,334.48,28
19,player,598,0,0,77.59,219.01,143.90,334.48,28
19,player,599,0,0,77.59,219.01,143.90,334.48,28
19,player,600,0,0,77.59,219.01,143.90,334.48,28
19,player,601,0,0,77.59,219.01,143.90,334.48,28
19,player,602,0,0,77.59,219.01,143.90,334.48,28
19,player,603,0,0,77.59,219.01,143.90,334.48,28
19,player,604,0,0,77.59,219.01,143.90,334.48,28
19,player,605,0,0,77.59,219.01,143.90,334.48,28
19,player,606,0,0,77.59,219.01,143.90,334.48,28
19,player,607,0,0,77.59,219.01,143.90,334.48,28
19,player,608,0,0,77.59,219.01,143.90,334.48,28
19,player,609,0,0,77.59,219.01,143.90,334.48,28
19,player,610,0,0,77.59,219.01,143.90,334.48,28
19,player,611,0,0,77.59,219.01,143.90,334.48,28
19,player,612,0,0,77.59,219.01,143.90,334.48,28
19,player,613,0,0,77.59,219.01,143.90,334.48,28
19,player,614,0,0,77.59,219.01,143.90,334.48,28
19,player,615,0,0,77.59,219.01,143.90,334.48,28
19,player,616,0,0,77.59,219.01,143.90,334.48,28
19,player,617,0,0,77.59,219.01,143.90,334.48,28
19,player,618,0,0,77.59,219.01,143.90,334.48,28
19,player,619,1,0,77.59,219.01,143.90,334.48,28
20,player,383,0,0,0.00,624.46,62.00,797.64,20
20,player,384,0,0,0.00,623.81,61.36,797.00,20
20,player,385,0,0,0.00,623.17,60.72,796.36,20
20,player,386,0,0,0.00,622.53,60.08,795.72,20
20,player,387,0,0,0.00,621.89,59.44,795.07,20
20,player,388,0,0,0.00,621.25,58.80,794.43,20
20,player,389,0,0,0.00,620.61,58.16,793.79,20
20,player,390,0,0,0.00,619.96,57.52,793.15,20
20,player,391,0,0,0.00,619.32,56.87,792.51,20
20,player,392,0,0,0.00,618.68,56.23,791.87,20
20,player,393,0,0,0.00,618.04,55.59,791.23,20
20,player,394,0,0,0.00,614.68,56.51,787.87,20
20,player,395,0,0,0.00,611.32,57.42,784.51,20
20,player,396,0,0,0.00,607.96,58.34,781.15,20
20,player,397,0,0,0.00,604.60,59.26,777.79,20
20,player,398,0,0,0.00,601.24,60.17,774.43,20
20,player,399,0,0,0.00,597.88,61.09,771.07,20
20,player,400,0,0,0.00,594.52,62.00,767.71,20
20,player,401,0,0,0.00,594.52,62.00,767.71,20
20,player,402,0,0,0.00,594.52,62.00,767.71,20
20,player,403,0,0,0.00,594.52,62.00,767.71,20
20,player,404,0,0,0.00,594.52,62.00,767.71,20
20,player,405,0,0,0.00,594.52,62.00,767.71,20
20,player,406,0,0,0.00,594.52,62.00,767.71,20
20,player,407,0,0,0.00,594.52,62.00,767.71,20
20,player,408,0,0,0.00,594.52,62.00,767.71,20
20,player,409,0,0,0.00,594.52,62.00,767.71,20
20,player,410,0,0,0.00,594.52,62.00,767.71,20
20,player,411,0,0,0.00,594.52,62.00,767.71,20
20,player,412,0,0,0.00,594.52,62.00,767.71,20
20,player,413,0,0,0.00,594.52,62.00,767.71,20
20,player,414,0,0,0.00,594.52,62.00,767.71,20
20,player,415,0,0,0.00,594.52,62.00,767.71,20
20,player,416,0,0,0.00,594.52,62.00,767.71,20
20,player,417,0,0,0.00,594.52,62.00,767.71,20
20,player,418,0,0,0.00,594.52,62.00,767.71,20
20,player,419,0,0,0.00,594.52,62.00,767.71,20
20,player,420,0,0,0.00,594.52,62.00,767.71,20
20,player,421,0,0,0.00,594.52,62.00,767.71,20
20,player,422,0,0,0.00,594.52,62.00,767.71,20
20,player,423,0,0,0.00,594.52,62.00,767.71,20
20,player,424,0,0,0.00,594.52,62.00,767.71,20
20,player,425,0,0,0.00,594.52,62.00,767.71,20
20,player,426,0,0,0.00,594.52,62.00,767.71,20
20,player,427,0,0,0.00,594.52,62.00,767.71,20
20,player,428,0,0,0.00,594.52,62.00,767.71,20
20,player,429,0,0,0.00,594.52,62.00,767.71,20
20,player,430,0,0,0.00,594.52,62.00,767.71,20
20,player,431,0,0,0.00,594.52,62.00,767.71,20
20,player,432,0,0,0.00,594.52,62.00,767.71,20
20,player,433,0,0,0.00,594.52,62.00,767.71,20
20,player,434,0,0,0.00,594.52,62.00,767.71,20
20,player,435,0,0,0.00,594.52,62.00,767.71,20
20,player,436,0,0,0.00,594.52,62.00,767.71,20
20,player,437,0,0,0.00,594.52,62.00,767.71,20
20,player,438,0,0,0.00,594.52,62.00,767.71,20
20,player,439,0,0,0.00,594.52,62.00,767.71,20
20,player,440,0,0,0.00,594.52,62.00,767.71,20
20,player,441,0,0,0.00,594.52,62.00,767.71,20
20,player,442,0,0,0.00,594.52,62.00,767.71,20
20,player,443,0,0,0.00,594.52,62.00,767.71,20
20,player,444,0,0,0.00,594.52,62.00,767.71,20
20,player,445,0,0,0.00,594.52,62.00,767.71,20
20,player,446,0,0,0.00,594.52,62.00,767.71,20
20,player,447,0,0,0.00,594.52,62.00,767.71,20
20,player,448,0,0,0.00,594.52,62.00,767.71,20
20,player,449,0,0,0.00,594.52,62.00,767.71,20
20,player,450,0,0,0.00,594.52,62.00,767.71,20
20,player,451,0,0,0.00,594.52,62.00,767.71,20
20,player,452,0,0,0.00,594.52,62.00,767.71,20
20,player,453,1,0,0.00,594.52,62.00,767.71,20
21,player,453,0,0,1821.65,451.27,1907.17,624.46,33
21,player,454,0,0,1813.44,451.27,1898.96,624.46,33
21,player,455,0,0,1805.23,451.27,1890.75,624.46,33
21,player,456,0,0,1797.02,451.27,1882.54,624.46,33
21,player,457,0,0,1788.81,451.27,1874.34,624.46,33
21,player,458,0,0,1780.60,451.27,1866.13,624.46,33
21,player,459,0,0,1772.39,451.27,1857.92,624.46,33
21,player,460,0,0,1764.18,451.27,1849.71,624.46,33
21,player,461,0,0,1755.97,451.27,1841.50,624.46,33
21,player,462,0,0,1747.77,451.27,1833.29,624.46,33
21,player,463,0,0,1739.56,451.27,1825.08,624.46,33
21,player,464,0,0,1731.35,451.27,1816.87,624.46,33
21,player,465,0,0,1723.14,451.27,1808.66,624.46,33
21,player,466,0,0,1714.93,451.27,1800.45,624.46,33
21,player,467,0,0,1706.72,451.27,1792.24,624.46,33
21,player,468,0,0,1698.51,451.27,1784.03,624.46,33
21,player,469,0,0,1690.30,451.27,1775.82,624.46,33
21,player,470,0,0,1682.09,451.27,1767.62,624.46,33
21,player,471,0,0,1673.88,451.27,1759.41,624.46,33
21,player,472,0,0,1665.67,451.27,1751.20,624.46,33
21,player,473,0,0,1657.46,451.27,1742.99,624.46,33
21,player,474,0,0,1649.25,451.27,1734.78,624.46,33
21,player,475,0,0,1641.65,451.27,1727.17,624.46,33
21,player,476,0,0,1634.04,451.27,1719.57,624.46,33
21,player,477,0,0,1620.50,446.52,1706.02,619.71,33
21,player,478,0,0,1606.95,441.77,1692.47,614.96,33
21,player,479,0,0,1595.19,439.63,1680.71,612.82,33
21,player,480,0,0,1583.43,437.49,1668.95,610.68,33
21,player,481,0,0,1573.45,438.56,1658.98,611.75,33
21,player,482,0,0,1563.48,439.63,1649.00,612.82,33
21,player,483,0,0,1553.50,440.70,1639.02,613.89,33
21,player,484,0,0,1543.52,441.77,1629.04,614.96,33
21,player,485,0,0,1533.54,442.84,1619.07,616.02,33
21,player,486,0,0,1523.56,443.91,1609.09,617.09,33
21,player,487,0,0,1513.59,444.98,1599.11,618.16,33
21,player,488,0,0,1503.61,446.05,1589.13,619.23,33
21,player,489,0,0,1493.63,447.11,1579.15,620.30,33
21,player,490,0,0,1483.65,448.18,1569.18,621.37,33
21,player,491,0,0,1473.68,449.25,1559.20,622.44,33
21,player,492,0,0,1463.70,450.32,1549.22,623.51,33
21,player,493,0,0,1451.58,448.18,1537.10,621.37,33
21,player,494,0,0,1439.47,446.05,1524.99,619.23,33
21,player,495,0,0,1427.35,443.91,1512.87,617.09,33
21,player,496,0,0,1418.49,442.99,1504.02,616.18,33
21,player,497,0,0,1409.63,442.07,1495.16,615.26,33
21,player,498,0,0,1400.78,441.16,1486.30,614.34,33
21,player,499,0,0,1391.92,440.24,1477.44,613.43,33
21,player,500,0,0,1383.06,439.33,1468.58,612.51,33
21,player,501,0,0,1374.20,438.41,1459.73,611.60,33
21,player,502,0,0,1365.34,437.49,1450.87,610.68,33
21,player,503,0,0,1360.74,437.62,1446.27,610.81,33
21,player,504,0,0,1356.14,437.75,1441.67,610.94,33
21,player,505,0,0,1351.54,437.88,1437.07,611.07,33
21,player,506,0,0,1346.94,438.01,1432.47,611.20,33
21,player,507,0,0,1342.34,438.14,1427.87,611.33,33
21,player,508,0,0,1337.74,438.27,1423.27,611.46,33
21,player,509,0,0,1333.14,438.40,1418.67,611.59,33
21,player,510,0,0,1328.54,438.53,1414.07,611.72,33
21,player,511,0,0,1323.94,438.66,1409.47,611.84,33
21,player,512,0,0,1319.34,438.79,1404.87,611.97,33
21,player,513,0,0,1314.74,438.92,1400.27,612.10,33
21,player,514,0,0,1310.14,439.05,1395.67,612.23,33
21,player,515,0,0,1305.54,439.18,1391.07,612.36,33
21,player,516,0,0,1300.94,439.31,1386.47,612.49,33
21,player,517,0,0,1296.34,439.44,1381.87,612.62,33
21,player,518,0,0,1291.74,439.57,1377.27,612.75,33
21,player,519,0,0,1287.14,439.70,1372.67,612.88,33
21,player,520,0,0,1282.54,439.83,1368.07,613.01,33
21,player,521,0,0,1277.94,439.96,1363.47,613.14,33
21,player,522,0,0,1273.34,440.08,1358.87,613.27,33
21,player,523,0,0,1268.74,440.21,1354.27,613.40,33
21,player,524,0,0,1264.14,440.34,1349.67,613.53,33
21,player,525,0,0,1259.54,440.47,1345.07,613.66,33
21,player,526,0,0,1254.94,440.60,1340.47,613.79,33
21,player,527,0,0,1250.34,440.73,1335.87,613.92,33
21,player,528,0,0,1245.74,440.86,1331.27,614.05,33
21,player,529,0,0,1241.14,440.99,1326.67,614.18,33
21,player,530,0,0,1236.54,441.12,1322.07,614.31,33
21,player,531,0,0,1231.94,441.25,1317.46,614.44,33
21,player,532,0,0,1227.34,441.38,1312.86,614.57,33
21,player,533,0,0,1222.74,441.51,1308.26,614.70,33
21,player,534,0,0,1218.14,441.64,1303.66,614.83,33
21,player,535,0,0,1213.54,441.77,1299.06,614.96,33
21,player,536,0,0,1211.10,442.07,1296.62,615.26,33
21,player,537,0,0,1208.65,442.38,1294.18,615.57,33
21,player,538,0,0,1206.21,442.69,1291.73,615.87,33
21,player,539,0,0,1203.77,442.99,1289.29,616.18,33
21,player,540,0,0,1201.32,443.30,1286.85,616.48,33
21,player,541,0,0,1198.88,443.60,1284.40,616.79,33
21,player,542,0,0,1196.44,443.91,1281.96,617.09,33
21,player,543,0,0,1194.30,444.21,1279.82,617.40,33
21,player,544,0,0,1192.16,444.52,1277.68,617.70,33
21,player,545,0,0,1190.02,444.82,1275.55,618.01,33
21,player,546,0,0,1187.88,445.13,1273.41,618.31,33
21,player,547,0,0,1185.75,445.43,1271.27,618.62,33
21,player,548,0,0,1183.61,445.74,1269.13,618.93,33
21,player,549,0,0,1181.47,446.04,1266.99,619.23,33
21,player,550,0,0,1184.86,446.29,1270.38,619.47,33
21,player,551,0,0,1188.25,446.53,1273.77,619.72,33
21,player,552,0,0,1191.64,446.78,1277.17,619.96,33
21,player,553,0,0,1195.03,447.02,1280.56,620.21,33
21,player,554,0,0,1198.42,447.27,1283.95,620.45,33
21,player,555,0,0,1201.81,447.51,1287.34,620.70,33
21,player,556,0,0,1205.20,447.76,1290.73,620.94,33
21,player,557,0,0,1208.59,448.00,1294.12,621.19,33
21,player,558,0,0,1211.98,448.24,1297.51,621.43,33
21,player,559,0,0,1215.37,448.49,1300.90,621.67,33
21,player,560,0,0,1218.77,448.73,1304.29,621.92,33
21,player,561,0,0,1222.16,448.98,1307.68,622.16,33
21,player,562,0,0,1225.55,449.22,1311.07,622.41,33
21,player,563,0,0,1228.94,449.47,1314.46,622.65,33
21,player,564,0,0,1232.33,449.71,1317.85,622.90,33
21,player,565,0,0,1235.72,449.95,1321.24,623.14,33
21,player,566,0,0,1239.11,450.20,1324.63,623.38,33
21,player,567,0,0,1242.50,450.44,1328.02,623.63,33
21,player,568,0,0,1245.89,450.69,1331.41,623.87,33
21,player,569,0,0,1249.28,450.93,1334.80,624.12,33
21,player,570,0,0,1252.67,451.18,1338.19,624.36,33
21,player,571,0,0,1256.06,451.42,1341.58,624.61,33
21,player,572,0,0,1259.45,451.66,1344.97,624.85,33
21,player,573,0,0,1262.84,451.91,1348.36,625.09,33
21,player,574,0,0,1266.23,452.15,1351.75,625.34,33
21,player,575,0,0,1269.62,452.40,1355.14,625.58,33
21,player,576,0,0,1273.01,452.64,1358.53,625.83,33
21,player,577,0,0,1276.40,452.89,1361.93,626.07,33
21,player,578,0,0,1279.79,453.13,1365.32,626.32,33
21,player,579,0,0,1283.18,453.38,1368.71,626.56,33
21,player,580,0,0,1286.57,453.62,1372.10,626.81,33
21,player,581,0,0,1289.96,453.86,1375.49,627.05,33
21,player,582,0,0,1293.35,454.11,1378.88,627.29,33
21,player,583,0,0,1296.74,454.35,1382.27,627.54,33
21,player,584,0,0,1300.13,454.60,1385.66,627.78,33
21,player,585,0,0,1303.53,454.84,1389.05,628.03,33
21,player,586,0,0,1306.92,455.09,1392.44,628.27,33
21,player,587,0,0,1310.31,455.33,1395.83,628.52,33
21,player,588,0,0,1313.70,455.57,1399.22,628.76,33
21,player,589,0,0,1317.09,455.82,1402.61,629.00,33
21,player,590,0,0,1320.48,456.06,1406.00,629.25,33
21,player,591,0,0,1323.87,456.31,1409.39,629.49,33
21,player,592,0,0,1327.26,456.55,1412.78,629.74,33
21,player,593,0,0,1330.65,456.80,1416.17,629.98,33
21,player,594,0,0,1334.04,457.04,1419.56,630.23,33
21,player,595,0,0,1337.43,457.29,1422.95,630.47,33
21,player,596,0,0,1340.82,457.53,1426.34,630.71,33
21,player,597,0,0,1344.21,457.77,1429.73,630.96,33
21,player,598,0,0,1347.60,458.02,1433.12,631.20,33
21,player,599,0,0,1350.99,458.26,1436.51,631.45,33
21,player,600,0,0,1354.38,458.51,1439.90,631.69,33
21,player,601,0,0,1357.77,458.75,1443.30,631.94,33
21,player,602,0,0,1361.16,459.00,1446.69,632.18,33
21,player,603,0,0,1364.55,459.24,1450.08,632.43,33
21,player,604,0,0,1367.94,459.48,1453.47,632.67,33
21,player,605,0,0,1371.33,459.73,1456.86,632.91,33
21,player,606,0,0,1374.72,459.97,1460.25,633.16,33
21,player,607,0,0,1378.11,460.22,1463.64,633.40,33
21,player,608,0,0,1381.50,460.46,1467.03,633.65,33
21,player,609,0,0,1384.89,460.71,1470.42,633.89,33
21,player,610,0,0,1388.29,460.95,1473.81,634.14,33
21,player,611,0,0,1391.68,461.19,1477.20,634.38,33
21,player,612,0,0,1395.07,461.44,1480.59,634.62,33
21,player,613,0,0,1398.46,461.68,1483.98,634.87,33
21,player,614,0,0,1401.85,461.93,1487.37,635.11,33
21,player,615,0,0,1405.24,462.17,1490.76,635.36,33
21,player,616,0,0,1408.63,462.42,1494.15,635.60,33
21,player,617,0,0,1412.02,462.66,1497.54,635.85,33
21,player,618,0,0,1415.41,462.91,1500.93,636.09,33
21,player,619,0,0,1418.80,463.15,1504.32,636.33,33
21,player,620,0,0,1423.79,462.44,1509.31,635.62,33
21,player,621,0,0,1428.78,461.72,1514.30,634.91,33
21,player,622,0,0,1433.77,461.01,1519.29,634.20,33
21,player,623,0,0,1425.86,462.20,1511.39,635.38,33
21,player,624,0,0,1417.96,463.38,1503.48,636.56,33
21,player,625,0,0,1410.06,464.56,1495.58,637.75,33
21,player,626,0,0,1402.15,465.75,1487.68,638.93,33
21,player,627,0,0,1394.25,466.93,1479.77,640.12,33
21,player,628,0,0,1386.35,468.11,1471.87,641.30,33
21,player,629,0,0,1378.44,469.30,1463.97,642.48,33
21,player,630,0,0,1370.54,470.48,1456.06,643.67,33
21,player,631,0,0,1362.64,471.66,1448.16,644.85,33
21,player,632,0,0,1354.73,472.85,1440.26,646.03,33
21,player,633,0,0,1346.83,474.03,1432.35,647.22,33
21,player,634,0,0,1338.93,475.21,1424.45,648.40,33
21,player,635,0,0,1331.02,476.40,1416.55,649.58,33
21,player,636,0,0,1323.12,477.58,1408.64,650.77,33
21,player,637,0,0,1315.22,478.77,1400.74,651.95,33
21,player,638,0,0,1307.31,479.95,1392.84,653.13,33
21,player,639,0,0,1299.41,481.13,1384.93,654.32,33
21,player,640,0,0,1291.51,482.32,1377.03,655.50,33
21,player,641,0,0,1283.60,483.50,1369.13,656.69,33
21,player,642,0,0,1275.70,484.68,1361.22,657.87,33
21,player,643,0,0,1267.80,485.87,1353.32,659.05,33
21,player,644,0,0,1259.89,487.05,1345.42,660.24,33
21,player,645,0,0,1251.99,488.23,1337.51,661.42,33
21,player,646,0,0,1244.09,489.42,1329.61,662.60,33
21,player,647,0,0,1236.18,490.60,1321.71,663.79,33
21,player,648,0,0,1228.28,491.78,1313.80,664.97,33
21,player,649,0,0,1220.38,492.97,1305.90,666.15,33
21,player,650,0,0,1212.47,494.15,1298.00,667.34,33
21,player,651,0,0,1204.57,495.34,1290.09,668.52,33
21,player,652,0,0,1196.67,496.52,1282.19,669.70,33
21,player,653,0,0,1188.76,497.70,1274.29,670.89,33
21,player,654,0,0,1180.86,498.89,1266.38,672.07,33
21,player,655,0,0,1172.96,500.07,1258.48,673.26,33
21,player,656,0,0,1165.05,501.25,1250.58,674.44,33
21,player,657,0,0,1157.15,502.44,1242.67,675.62,33
21,player,658,0,0,1149.25,503.62,1234.77,676.81,33
21,player,659,0,0,1141.34,504.80,1226.87,677.99,33
21,player,660,0,0,1133.44,505.99,1218.96,679.17,33
21,player,661,0,0,1125.54,507.17,1211.06,680.36,33
21,player,662,0,0,1117.63,508.35,1203.16,681.54,33
21,player,663,0,0,1109.73,509.54,1195.26,682.72,33
21,player,664,0,0,1101.83,510.72,1187.35,683.91,33
21,player,665,0,0,1093.93,511.91,1179.45,685.09,33
21,player,666,0,0,1086.02,513.09,1171.55,686.27,33
21,player,667,0,0,1078.12,514.27,1163.64,687.46,33
21,player,668,0,0,1070.22,515.46,1155.74,688.64,33
21,player,669,0,0,1062.31,516.64,1147.84,689.83,33
21,player,670,0,0,1054.41,517.82,1139.93,691.01,33
21,player,671,0,0,1046.51,519.01,1132.03,692.19,33
21,player,672,0,0,1038.60,520.19,1124.13,693.38,33
21,player,673,0,0,1030.70,521.37,1116.22,694.56,33
21,player,674,0,0,1022.80,522.56,1108.32,695.74,33
21,player,675,0,0,1014.89,523.74,1100.42,696.93,33
21,player,676,0,0,1006.99,524.92,1092.51,698.11,33
21,player,677,0,0,999.09,526.11,1084.61,699.29,33
21,player,678,1,0,991.18,527.29,1076.71,700.48,33
22,player,565,0,0,1839.06,274.28,1911.80,430.35,99
22,player,566,0,0,1832.77,273.97,1905.50,430.03,99
22,player,567,0,0,1826.47,273.65,1899.21,429.72,99
22,player,568,0,0,1820.18,273.33,1892.91,429.40,99
22,player,569,0,0,1813.88,273.02,1886.61,429.08,99
22,player,570,0,0,1807.59,272.70,1880.32,428.77,99
22,player,571,0,0,1801.29,272.38,1874.02,428.45,99
22,player,572,0,0,1794.99,272.06,1867.73,428.13,99
22,player,573,0,0,1788.70,271.75,1861.43,427.82,99
22,player,574,0,0,1782.40,271.43,1855.14,427.50,99
22,player,575,0,0,1776.11,271.11,1848.84,427.18,99
22,player,576,0,0,1769.81,270.80,1842.55,426.87,99
22,player,577,0,0,1763.52,270.48,1836.25,426.55,99
22,player,578,0,0,1757.22,270.16,1829.96,426.23,99
22,player,579,0,0,1750.93,269.85,1823.66,425.92,99
22,player,580,0,0,1744.63,269.53,1817.36,425.60,99
22,player,581,0,0,1738.33,269.21,1811.07,425.28,99
22,player,582,0,0,1732.04,268.90,1804.77,424.97,99
22,player,583,0,0,1725.74,268.58,1798.48,424.65,99
22,player,584,0,0,1719.45,268.26,1792.18,424.33,99
22,player,585,0,0,1713.15,267.95,1785.89,424.02,99
22,player,586,0,0,1706.86,267.63,1779.59,423.70,99
22,player,587,0,0,1700.56,267.31,1773.30,423.38,99
22,player,588,0,0,1694.27,267.00,1767.00,423.06,99
22,player,589,0,0,1687.97,266.68,1760.71,422.75,99
22,player,590,0,0,1681.68,266.36,1754.41,422.43,99
22,player,591,0,0,1675.38,266.05,1748.11,422.11,99
22,player,592,0,0,1669.08,265.73,1741.82,421.80,99
22,player,593,0,0,1662.79,265.41,1735.52,421.48,99
22,player,594,0,0,1656.49,265.10,1729.23,421.16,99
22,player,595,0,0,1650.20,264.78,1722.93,420.85,99
22,player,596,0,0,1643.90,264.46,1716.64,420.53,99
22,player,597,0,0,1637.61,264.15,1710.34,420.21,99
22,player,598,0,0,1631.31,263.83,1704.05,419.90,99
22,player,599,0,0,1625.02,263.51,1697.75,419.58,99
22,player,600,0,0,1618.72,263.20,1691.45,419.26,99
22,player,601,0,0,1612.43,262.88,1685.16,418.95,99
22,player,602,0,0,1606.13,262.56,1678.86,418.63,99
22,player,603,0,0,1599.83,262.25,1672.57,418.31,99
22,player,604,0,0,1593.54,261.93,1666.27,418.00,99
22,player,605,0,0,1587.24,261.61,1659.98,417.68,99
22,player,606,0,0,1580.95,261.30,1653.68,417.36,99
22,player,607,0,0,1574.65,260.98,1647.39,417.05,99
22,player,608,0,0,1568.36,260.66,1641.09,416.73,99
22,player,609,0,0,1562.06,260.35,1634.80,416.41,99
22,player,610,0,0,1555.77,260.03,1628.50,416.10,99
22,player,611,0,0,1549.47,259.71,1622.20,415.78,99
22,player,612,0,0,1543.17,259.39,1615.91,415.46,99
22,player,613,0,0,1536.88,259.08,1609.61,415.15,99
22,player,614,0,0,1530.58,258.76,1603.32,414.83,99
22,player,615,0,0,1524.29,258.44,1597.02,414.51,99
22,player,616,0,0,1517.99,258.13,1590.73,414.20,99
22,player,617,0,0,1511.70,257.81,1584.43,413.88,99
22,player,618,0,0,1505.40,257.49,1578.14,413.56,99
22,player,619,0,0,1499.11,257.18,1571.84,413.25,99
22,player,620,0,0,1500.74,257.54,1573.47,413.61,99
22,player,621,0,0,1502.37,257.90,1575.10,413.97,99
22,player,622,0,0,1504.00,258.26,1576.73,414.33,99
22,player,623,0,0,1505.63,258.63,1578.36,414.70,99
22,player,624,0,0,1507.26,258.99,1579.99,415.06,99
22,player,625,0,0,1508.89,259.35,1581.62,415.42,99
22,player,626,0,0,1510.52,259.71,1583.26,415.78,99
22,player,627,0,0,1512.15,260.08,1584.89,416.14,99
22,player,628,0,0,1513.78,260.44,1586.52,416.51,99
22,player,629,0,0,1515.41,260.80,1588.15,416.87,99
22,player,630,0,0,1517.04,261.16,1589.78,417.23,99
22,player,631,0,0,1518.68,261.53,1591.41,417.59,99
22,player,632,0,0,1520.31,261.89,1593.04,417.96,99
22,player,633,0,0,1521.94,262.25,1594.67,418.32,99
22,player,634,0,0,1523.57,262.61,1596.30,418.68,99
22,player,635,0,0,1525.20,262.98,1597.93,419.04,99
22,player,636,0,0,1526.83,263.34,1599.56,419.41,99
22,player,637,0,0,1528.46,263.70,1601.19,419.77,99
22,player,638,0,0,1530.09,264.06,1602.82,420.13,99
22,player,639,0,0,1531.72,264.43,1604.46,420.49,99
22,player,640,0,0,1533.35,264.79,1606.09,420.86,99
22,player,641,0,0,1534.98,265.15,1607.72,421.22,99
22,player,642,0,0,1536.61,265.51,1609.35,421.58,99
22,player,643,0,0,1538.24,265.88,1610.98,421.94,99
22,player,644,0,0,1539.87,266.24,1612.61,422.31,99
22,player,645,0,0,1541.51,266.60,1614.24,422.67,99
22,player,646,0,0,1543.14,266.96,1615.87,423.03,99
22,player,647,0,0,1544.77,267.32,1617.50,423.39,99
22,player,648,0,0,1546.40,267.69,1619.13,423.75,99
22,player,649,0,0,1548.03,268.05,1620.76,424.12,99
22,player,650,0,0,1549.66,268.41,1622.39,424.48,99
22,player,651,0,0,1551.29,268.77,1624.02,424.84,99
22,player,652,0,0,1552.92,269.14,1625.65,425.20,99
22,player,653,0,0,1554.55,269.50,1627.29,425.57,99
22,player,654,0,0,1556.18,269.86,1628.92,425.93,99
22,player,655,0,0,1557.81,270.22,1630.55,426.29,99
22,player,656,0,0,1559.44,270.59,1632.18,426.65,99
22,player,657,0,0,1561.07,270.95,1633.81,427.02,99
22,player,658,0,0,1562.70,271.31,1635.44,427.38,99
22,player,659,0,0,1564.34,271.67,1637.07,427.74,99
22,player,660,0,0,1565.97,272.04,1638.70,428.10,99
22,player,661,0,0,1567.60,272.40,1640.33,428.47,99
22,player,662,0,0,1569.23,272.76,1641.96,428.83,99
22,player,663,0,0,1570.86,273.12,1643.59,429.19,99
22,player,664,0,0,1572.49,273.49,1645.22,429.55,99
22,player,665,0,0,1574.12,273.85,1646.85,429.92,99
22,player,666,0,0,1575.75,274.21,1648.48,430.28,99
22,player,667,0,0,1577.38,274.57,1650.12,430.64,99
22,player,668,0,0,1579.01,274.93,1651.75,431.00,99
22,player,669,0,0,1580.64,275.30,1653.38,431.36,99
22,player,670,0,0,1582.27,275.66,1655.01,431.73,99
22,player,671,0,0,1583.90,276.02,1656.64,432.09,99
22,player,672,0,0,1585.53,276.38,1658.27,432.45,99
22,player,673,0,0,1587.17,276.75,1659.90,432.81,99
22,player,674,0,0,1588.80,277.11,1661.53,433.18,99
22,player,675,0,0,1590.43,277.47,1663.16,433.54,99
22,player,676,0,0,1592.06,277.83,1664.79,433.90,99
22,player,677,0,0,1593.69,278.20,1666.42,434.26,99
22,player,678,0,0,1595.32,278.56,1668.05,434.63,99
22,player,679,0,0,1595.32,278.56,1668.05,434.63,99
22,player,680,0,0,1595.32,278.56,1668.05,434.63,99
22,player,681,0,0,1595.32,278.56,1668.05,434.63,99
22,player,682,0,0,1595.32,278.56,1668.05,434.63,99
22,player,683,0,0,1595.32,278.56,1668.05,434.63,99
22,player,684,0,0,1595.32,278.56,1668.05,434.63,99
22,player,685,0,0,1595.32,278.56,1668.05,434.63,99
22,player,686,0,0,1595.32,278.56,1668.05,434.63,99
22,player,687,0,0,1595.32,278.56,1668.05,434.63,99
22,player,688,0,0,1595.32,278.56,1668.05,434.63,99
22,player,689,0,0,1595.32,278.56,1668.05,434.63,99
22,player,690,0,0,1595.32,278.56,1668.05,434.63,99
22,player,691,0,0,1595.32,278.56,1668.05,434.63,99
22,player,692,0,0,1595.32,278.56,1668.05,434.63,99
22,player,693,0,0,1595.32,278.56,1668.05,434.63,99
22,player,694,0,0,1595.32,278.56,1668.05,434.63,99
22,player,695,0,0,1595.32,278.56,1668.05,434.63,99
22,player,696,0,0,1595.32,278.56,1668.05,434.63,99
22,player,697,0,0,1595.32,278.56,1668.05,434.63,99
22,player,698,0,0,1595.32,278.56,1668.05,434.63,99
22,player,699,0,0,1595.32,278.56,1668.05,434.63,99
22,player,700,0,0,1595.32,278.56,1668.05,434.63,99
22,player,701,0,0,1595.32,278.56,1668.05,434.63,99
22,player,702,0,0,1595.32,278.56,1668.05,434.63,99
22,player,703,0,0,1595.32,278.56,1668.05,434.63,99
22,player,704,0,0,1595.32,278.56,1668.05,434.63,99
22,player,705,0,0,1595.32,278.56,1668.05,434.63,99
22,player,706,0,0,1595.32,278.56,1668.05,434.63,99
22,player,707,0,0,1595.32,278.56,1668.05,434.63,99
22,player,708,0,0,1595.32,278.56,1668.05,434.63,99
22,player,709,0,0,1595.32,278.56,1668.05,434.63,99
22,player,710,0,0,1595.32,278.56,1668.05,434.63,99
22,player,711,0,0,1595.32,278.56,1668.05,434.63,99
22,player,712,0,0,1595.32,278.56,1668.05,434.63,99
22,player,713,0,0,1595.32,278.56,1668.05,434.63,99
22,player,714,0,0,1595.32,278.56,1668.05,434.63,99
22,player,715,0,0,1595.32,278.56,1668.05,434.63,99
22,player,716,0,0,1595.32,278.56,1668.05,434.63,99
22,player,717,0,0,1595.32,278.56,1668.05,434.63,99
22,player,718,0,0,1595.32,278.56,1668.05,434.63,99
22,player,719,0,0,1595.32,278.56,1668.05,434.63,99
22,player,720,0,0,1595.32,278.56,1668.05,434.63,99
22,player,721,0,0,1595.32,278.56,1668.05,434.63,99
22,player,722,1,0,1595.32,278.56,1668.05,434.63,99
23,player,678,0,0,297.19,496.17,382.72,669.36,29
23,player,679,0,0,311.87,495.15,397.39,668.34,29
23,player,680,0,0,326.54,494.13,412.07,667.31,29
23,player,681,0,0,341.22,493.11,426.74,666.29,29
23,player,682,0,0,355.89,492.09,441.42,665.27,29
23,player,683,0,0,370.57,491.07,456.09,664.25,29
23,player,684,0,0,385.24,490.05,470.77,663.23,29
23,player,685,0,0,399.92,489.03,485.44,662.21,29
23,player,686,0,0,414.59,488.01,500.12,661.19,29
23,player,687,0,0,429.27,486.99,514.79,660.17,29
23,player,688,0,0,443.94,485.97,529.47,659.15,29
23,player,689,0,0,458.62,484.95,544.14,658.13,29
23,player,690,0,0,473.29,483.92,558.82,657.11,29
23,player,691,0,0,487.97,482.90,573.49,656.09,29
23,player,692,0,0,502.64,481.88,588.17,655.07,29
23,player,693,0,0,517.32,480.86,602.84,654.05,29
23,player,694,0,0,531.99,479.84,617.52,653.03,29
23,player,695,0,0,546.67,478.82,632.19,652.01,29
23,player,696,0,0,561.34,477.80,646.87,650.99,29
23,player,697,0,0,576.02,476.78,661.54,649.97,29
23,player,698,0,0,590.69,475.76,676.22,648.95,29
23,player,699,0,0,605.37,474.74,690.89,647.93,29
23,player,700,0,0,620.04,473.72,705.57,646.91,29
23,player,701,0,0,634.72,472.70,720.24,645.89,29
23,player,702,0,0,649.39,471.68,734.92,644.86,29
23,player,703,0,0,664.07,470.66,749.59,643.84,29
23,player,704,0,0,678.75,469.64,764.27,642.82,29
23,player,705,0,0,693.42,468.62,778.94,641.80,29
23,player,706,0,0,708.10,467.60,793.62,640.78,29
23,player,707,0,0,722.77,466.58,808.29,639.76,29
23,player,708,0,0,737.45,465.56,822.97,638.74,29
23,player,709,0,0,752.12,464.54,837.64,637.72,29
23,player,710,0,0,766.80,463.52,852.32,636.70,29
23,player,711,0,0,781.47,462.50,866.99,635.68,29
23,player,712,0,0,796.15,461.47,881.67,634.66,29
23,player,713,0,0,810.82,460.45,896.34,633.64,29
23,player,714,0,0,825.50,459.43,911.02,632.62,29
23,player,715,0,0,840.17,458.41,925.69,631.60,29
23,player,716,0,0,854.85,457.39,940.37,630.58,29
23,player,717,0,0,869.52,456.37,955.04,629.56,29
23,player,718,0,0,884.20,455.35,969.72,628.54,29
23,player,719,0,0,898.87,454.33,984.39,627.52,29
23,player,720,0,0,913.55,453.31,999.07,626.50,29
23,player,721,0,0,928.22,452.29,1013.74,625.48,29
23,player,722,0,0,942.90,451.27,1028.42,624.46,29
23,player,723,0,0,953.59,445.71,1039.11,618.90,29
23,player,724,0,0,964.28,440.15,1049.80,613.34,29
23,player,725,0,0,974.97,434.59,1060.49,607.78,29
23,player,726,0,0,985.66,429.03,1071.18,602.22,29
23,player,727,0,0,996.35,423.48,1081.87,596.66,29
23,player,728,0,0,1005.97,423.48,1091.49,596.66,29
23,player,729,0,0,1015.59,423.48,1101.11,596.66,29
23,player,730,0,0,1025.21,423.48,1110.73,596.66,29
23,player,731,0,0,1034.83,423.48,1120.36,596.66,29
23,player,732,0,0,1042.10,424.33,1127.05,595.66,29
23,player,733,0,0,1049.38,425.19,1133.75,594.66,29
23,player,734,0,0,1056.65,426.04,1140.45,593.66,29
23,player,735,0,0,1063.92,426.90,1147.15,592.66,29
23,player,736,0,0,1071.19,427.75,1153.85,591.66,29
23,player,737,0,0,1078.46,428.61,1160.55,590.66,29
23,player,738,0,0,1085.74,429.46,1167.25,589.66,29
23,player,739,0,0,1093.01,430.32,1173.95,588.66,29
23,player,740,0,0,1100.28,431.17,1180.65,587.66,29
23,player,741,0,0,1107.55,432.03,1187.35,586.66,29
23,player,742,0,0,1114.83,432.88,1194.05,585.65,29
23,player,743,0,0,1122.10,433.74,1200.75,584.65,29
23,player,744,0,0,1129.37,434.59,1207.45,583.65,29
23,player,745,0,0,1136.64,435.45,1214.15,582.65,29
23,player,746,0,0,1143.91,436.30,1220.84,581.65,29
23,player,747,0,0,1138.82,436.96,1215.75,582.31,29
23,player,748,0,0,1133.72,437.62,1210.65,582.97,29
23,player,749,0,0,1128.62,438.28,1205.55,583.63,29
23,player,750,0,0,1123.52,438.94,1200.45,584.28,29
23,player,751,0,0,1118.42,439.59,1195.35,584.94,29
23,player,752,0,0,1113.32,440.25,1190.25,585.60,29
23,player,753,0,0,1108.22,440.91,1185.16,586.26,29
23,player,754,0,0,1103.13,441.57,1180.06,586.92,29
23,player,755,0,0,1098.03,442.23,1174.96,587.57,29
23,player,756,0,0,1092.93,442.88,1169.86,588.23,29
23,player,757,0,0,1087.83,443.54,1164.76,588.89,29
23,player,758,0,0,1082.73,444.20,1159.66,589.55,29
23,player,759,0,0,1077.63,444.86,1154.56,590.21,29
23,player,760,0,0,1072.53,445.52,1149.47,590.86,29
23,player,761,0,0,1067.44,446.17,1144.37,591.52,29
23,player,762,0,0,1062.34,446.83,1139.27,592.18,29
23,player,763,0,0,1057.24,447.49,1134.17,592.84,29
23,player,764,0,0,1052.14,448.15,1129.07,593.49,29
23,player,765,0,0,1047.04,448.80,1123.97,594.15,29
23,player,766,0,0,1041.94,449.46,1118.87,594.81,29
23,player,767,0,0,1036.85,450.12,1113.78,595.47,29
23,player,768,0,0,1031.75,450.78,1108.68,596.13,29
23,player,769,0,0,1026.65,451.44,1103.58,596.78,29
23,player,770,0,0,1021.55,452.09,1098.48,597.44,29
23,player,771,0,0,1016.45,452.75,1093.38,598.10,29
23,player,772,0,0,1011.35,453.41,1088.28,598.76,29
23,player,773,0,0,1010.56,451.97,1087.49,597.32,29
23,player,774,0,0,1009.77,450.53,1086.70,595.88,29
23,player,775,0,0,1008.98,449.09,1085.91,594.44,29
23,player,776,0,0,1008.19,447.65,1085.12,592.99,29
23,player,777,0,0,1007.40,446.21,1084.33,591.55,29
23,player,778,0,0,1006.61,444.76,1083.54,590.11,29
23,player,779,0,0,1005.82,443.32,1082.75,588.67,29
23,player,780,0,0,1005.03,441.88,1081.96,587.23,29
23,player,781,0,0,1004.24,440.44,1081.17,585.79,29
23,player,782,0,0,1003.45,439.00,1080.38,584.35,29
23,player,783,0,0,1002.66,437.56,1079.59,582.91,29
23,player,784,0,0,1001.87,436.12,1078.80,581.47,29
23,player,785,0,0,1001.08,434.68,1078.01,580.03,29
23,player,786,0,0,1000.29,433.24,1077.22,578.59,29
23,player,787,0,0,999.50,431.80,1076.43,577.15,29
23,player,788,0,0,998.71,430.36,1075.64,575.70,29
23,player,789,0,0,997.92,428.92,1074.85,574.26,29
23,player,790,0,0,997.13,427.47,1074.06,572.82,29
23,player,791,0,0,996.34,426.03,1073.27,571.38,29
23,player,792,0,0,995.55,424.59,1072.48,569.94,29
23,player,793,0,0,994.76,423.15,1071.69,568.50,29
23,player,794,0,0,993.97,421.71,1070.90,567.06,29
23,player,795,0,0,993.18,420.27,1070.11,565.62,29
23,player,796,0,0,992.39,418.83,1069.32,564.18,29
23,player,797,0,0,991.60,417.39,1068.53,562.74,29
23,player,798,0,0,990.81,415.95,1067.74,561.30,29
23,player,799,0,0,990.02,414.51,1066.95,559.85,29
23,player,800,0,0,989.23,413.07,1066.16,558.41,29
23,player,801,0,0,988.44,411.62,1065.37,556.97,29
23,player,802,0,0,987.65,410.18,1064.58,555.53,29
23,player,803,0,0,986.86,408.74,1063.79,554.09,29
23,player,804,0,0,986.07,407.30,1063.00,552.65,29
23,player,805,0,0,985.28,405.86,1062.21,551.21,29
23,player,806,0,0,984.49,404.42,1061.42,549.77,29
23,player,807,0,0,983.70,402.98,1060.63,548.33,29
23,player,808,0,0,982.91,401.54,1059.84,546.89,29
23,player,809,0,0,982.12,400.10,1059.05,545.45,29
23,player,810,0,0,981.33,398.66,1058.26,544.00,29
23,player,811,0,0,980.54,397.22,1057.47,542.56,29
23,player,812,0,0,979.75,395.78,1056.68,541.12,29
23,player,813,0,0,978.96,394.33,1055.89,539.68,29
23,player,814,0,0,978.17,392.89,1055.10,538.24,29
23,player,815,0,0,977.38,391.45,1054.31,536.80,29
23,player,816,0,0,976.59,390.01,1053.52,535.36,29
23,player,817,0,0,975.80,388.57,1052.73,533.92,29
23,player,818,0,0,975.00,387.13,1051.94,532.48,29
23,player,819,0,0,974.78,386.67,1051.71,532.02,29
23,player,820,0,0,974.55,386.21,1051.48,531.56,29
23,player,821,0,0,974.32,385.76,1051.25,531.10,29
23,player,822,0,0,974.09,385.30,1051.02,530.65,29
23,player,823,0,0,973.86,384.84,1050.79,530.19,29
23,player,824,0,0,973.63,384.38,1050.56,529.73,29
23,player,825,0,0,973.40,383.92,1050.33,529.27,29
23,player,826,0,0,973.17,383.46,1050.10,528.81,29
23,player,827,0,0,972.94,383.01,1049.87,528.35,29
23,player,828,0,0,972.71,382.55,1049.64,527.90,29
23,player,829,0,0,972.49,382.09,1049.42,527.44,29
23,player,830,0,0,972.26,381.63,1049.19,526.98,29
23,player,831,0,0,972.03,381.17,1048.96,526.52,29
23,player,832,0,0,971.80,380.72,1048.73,526.06,29
23,player,833,0,0,971.57,380.26,1048.50,525.61,29
23,player,834,0,0,971.34,379.80,1048.27,525.15,29
23,player,835,0,0,971.11,379.34,1048.04,524.69,29
23,player,836,0,0,970.88,378.88,1047.81,524.23,29
23,player,837,0,0,970.65,378.43,1047.58,523.77,29
23,player,838,0,0,970.42,377.97,1047.35,523.31,29
23,player,839,0,0,970.19,377.51,1047.12,522.86,29
23,player,840,0,0,969.97,377.05,1046.90,522.40,29
23,player,841,0,0,969.74,376.59,1046.67,521.94,29
23,player,842,0,0,969.51,376.13,1046.44,521.48,29
23,player,843,0,0,969.28,375.68,1046.21,521.02,29
23,player,844,0,0,969.05,375.22,1045.98,520.57,29
23,player,845,0,0,968.82,374.76,1045.75,520.11,29
23,player,846,0,0,968.59,374.30,1045.52,519.65,29
23,player,847,0,0,967.31,374.30,1044.24,519.65,29
23,player,848,0,0,966.02,374.30,1042.96,519.65,29
23,player,849,0,0,964.74,374.30,1041.67,519.65,29
23,player,850,0,0,963.46,374.30,1040.39,519.65,29
23,player,851,0,0,962.18,374.30,1039.11,519.65,29
23,player,852,0,0,960.89,374.30,1037.82,519.65,29
23,player,853,0,0,959.61,374.30,1036.54,519.65,29
23,player,854,0,0,958.33,374.30,1035.26,519.65,29
23,player,855,0,0,957.04,374.30,1033.98,519.65,29
23,player,856,0,0,955.76,374.30,1032.69,519.65,29
23,player,857,0,0,955.76,374.30,1032.69,519.65,29
23,player,858,0,0,955.76,374.30,1032.69,519.65,29
23,player,859,0,0,955.76,374.30,1032.69,519.65,29
23,player,860,0,0,955.76,374.30,1032.69,519.65,29
23,player,861,0,0,955.76,374.30,1032.69,519.65,29
23,player,862,0,0,955.76,374.30,1032.69,519.65,29
23,player,863,0,0,955.76,374.30,1032.69,519.65,29
23,player,864,0,0,955.76,374.30,1032.69,519.65,29
23,player,865,0,0,955.76,374.30,1032.69,519.65,29
23,player,866,0,0,955.76,374.30,1032.69,519.65,29
23,player,867,0,0,955.76,374.30,1032.69,519.65,29
23,player,868,0,0,955.76,374.30,1032.69,519.65,29
23,player,869,0,0,955.76,374.30,1032.69,519.65,29
23,player,870,0,0,955.76,374.30,1032.69,519.65,29
23,player,871,0,0,955.76,374.30,1032.69,519.65,29
23,player,872,0,0,955.76,374.30,1032.69,519.65,29
23,player,873,0,0,955.76,374.30,1032.69,519.65,29
23,player,874,0,0,955.76,374.30,1032.69,519.65,29
23,player,875,0,0,955.76,374.30,1032.69,519.65,29
23,player,876,0,0,955.76,374.30,1032.69,519.65,29
23,player,877,0,0,955.76,374.30,1032.69,519.65,29
23,player,878,0,0,955.76,374.30,1032.69,519.65,29
23,player,879,0,0,955.76,374.30,1032.69,519.65,29
23,player,880,0,0,955.76,374.30,1032.69,519.65,29
23,player,881,0,0,955.76,374.30,1032.69,519.65,29
23,player,882,0,0,955.76,374.30,1032.69,519.65,29
23,player,883,0,0,955.76,374.30,1032.69,519.65,29
23,player,884,0,0,955.76,374.30,1032.69,519.65,29
23,player,885,0,0,955.76,374.30,1032.69,519.65,29
23,player,886,0,0,955.76,374.30,1032.69,519.65,29
23,player,887,0,0,955.76,374.30,1032.69,519.65,29
23,player,888,0,0,955.76,374.30,1032.69,519.65,29
23,player,889,0,0,955.76,374.30,1032.69,519.65,29
23,player,890,0,0,955.76,374.30,1032.69,519.65,29
23,player,891,0,0,955.76,374.30,1032.69,519.65,29
23,player,892,0,0,955.76,374.30,1032.69,519.65,29
23,player,893,0,0,955.76,374.30,1032.69,519.65,29
23,player,894,0,0,955.76,374.30,1032.69,519.65,29
23,player,895,0,0,955.76,374.30,1032.69,519.65,29
23,player,896,0,0,955.76,374.30,1032.69,519.65,29
23,player,897,0,0,955.76,374.30,1032.69,519.65,29
23,player,898,0,0,955.76,374.30,1032.69,519.65,29
23,player,899,0,0,955.76,374.30,1032.69,519.65,29
24,player,678,0,0,2.14,207.53,83.40,346.50,-1
24,player,679,0,0,19.34,207.48,100.60,346.45,-1
24,player,680,0,0,36.54,207.43,117.80,346.40,-1
24,player,681,0,0,53.74,207.38,135.01,346.35,-1
24,player,682,0,0,70.95,207.33,152.21,346.31,-1
24,player,683,0,0,88.15,207.29,169.41,346.26,-1
24,player,684,0,0,105.35,207.24,186.61,346.21,-1
24,player,685,0,0,122.55,207.19,203.81,346.16,-1
24,player,686,0,0,139.75,207.14,221.02,346.11,-1
24,player,687,0,0,156.96,207.09,238.22,346.06,-1
24,player,688,0,0,174.16,207.04,255.42,346.01,-1
24,player,689,0,0,191.36,206.99,272.62,345.97,-1
24,player,690,0,0,208.56,206.95,289.82,345.92,-1
24,player,691,0,0,225.76,206.90,307.02,345.87,-1
24,player,692,0,0,242.97,206.85,324.23,345.82,-1
24,player,693,0,0,260.17,206.80,341.43,345.77,-1
24,player,694,0,0,277.37,206.75,358.63,345.72,-1
24,player,695,0,0,294.57,206.70,375.83,345.67,-1
24,player,696,0,0,311.77,206.65,393.03,345.63,-1
24,player,697,0,0,328.97,206.60,410.24,345.58,-1
24,player,698,0,0,346.18,206.56,427.44,345.53,-1
24,player,699,0,0,363.38,206.51,444.64,345.48,-1
24,player,700,0,0,380.58,206.46,461.84,345.43,-1
24,player,701,0,0,397.78,206.41,479.04,345.38,-1
24,player,702,0,0,414.98,206.36,496.25,345.33,-1
24,player,703,0,0,432.19,206.31,513.45,345.28,-1
24,player,704,0,0,449.39,206.26,530.65,345.24,-1
24,player,705,0,0,466.59,206.22,547.85,345.19,-1
24,player,706,0,0,483.79,206.17,565.05,345.14,-1
24,player,707,0,0,500.99,206.12,582.25,345.09,-1
24,player,708,0,0,518.20,206.07,599.46,345.04,-1
24,player,709,0,0,535.40,206.02,616.66,344.99,-1
24,player,710,0,0,552.60,205.97,633.86,344.94,-1
24,player,711,0,0,569.80,205.92,651.06,344.90,-1
24,player,712,0,0,587.00,205.88,668.26,344.85,-1
24,player,713,0,0,604.20,205.83,685.47,344.80,-1
24,player,714,0,0,621.41,205.78,702.67,344.75,-1
24,player,715,0,0,638.61,205.73,719.87,344.70,-1
24,player,716,0,0,655.81,205.68,737.07,344.65,-1
24,player,717,0,0,673.01,205.63,754.27,344.60,-1
24,player,718,0,0,690.21,205.58,771.48,344.56,-1
24,player,719,0,0,707.42,205.54,788.68,344.51,-1
24,player,720,0,0,724.62,205.49,805.88,344.46,-1
24,player,721,0,0,741.82,205.44,823.08,344.41,-1
24,player,722,0,0,759.02,205.39,840.28,344.36,-1
24,player,723,0,0,777.41,205.82,858.67,344.79,-1
24,player,724,0,0,795.80,206.25,877.06,345.22,-1
24,player,725,0,0,814.18,206.67,895.45,345.64,-1
24,player,726,0,0,832.57,207.10,913.83,346.07,-1
24,player,727,0,0,850.96,207.53,932.22,346.50,-1
24,player,728,0,0,865.93,206.99,947.19,345.97,-1
24,player,729,0,0,880.89,206.46,962.15,345.43,-1
24,player,730,0,0,895.86,205.93,977.12,344.90,-1
24,player,731,0,0,910.83,205.39,992.09,344.36,-1
24,player,732,0,0,924.51,205.39,1005.77,344.36,-1
24,player,733,0,0,938.19,205.39,1019.46,344.36,-1
24,player,734,0,0,951.88,205.39,1033.14,344.36,-1
24,player,735,0,0,965.56,205.39,1046.82,344.36,-1
24,player,736,0,0,979.25,205.39,1060.51,344.36,-1
24,player,737,0,0,992.93,205.39,1074.19,344.36,-1
24,player,738,0,0,1006.61,205.39,1087.87,344.36,-1
24,player,739,0,0,1020.30,205.39,1101.56,344.36,-1
24,player,740,0,0,1033.98,205.39,1115.24,344.36,-1
24,player,741,0,0,1047.66,205.39,1128.93,344.36,-1
24,player,742,0,0,1061.35,205.39,1142.61,344.36,-1
24,player,743,0,0,1075.03,205.39,1156.29,344.36,-1
24,player,744,0,0,1088.72,205.39,1169.98,344.36,-1
24,player,745,0,0,1102.40,205.39,1183.66,344.36,-1
24,player,746,0,0,1116.08,205.39,1197.34,344.36,-1
24,player,747,0,0,1116.50,206.29,1197.51,344.94,-1
24,player,748,0,0,1116.91,207.20,1197.67,345.51,-1
24,player,749,0,0,1117.32,208.10,1197.84,346.09,-1
24,player,750,0,0,1117.73,209.01,1198.00,346.66,-1
24,player,751,0,0,1118.14,209.91,1198.17,347.24,-1
24,player,752,0,0,1118.56,210.82,1198.33,347.82,-1
24,player,753,0,0,1118.97,211.72,1198.50,348.39,-1
24,player,754,0,0,1119.38,212.62,1198.66,348.97,-1
24,player,755,0,0,1119.79,213.53,1198.82,349.54,-1
24,player,756,0,0,1120.20,214.43,1198.99,350.12,-1
24,player,757,0,0,1120.62,215.34,1199.15,350.69,-1
24,player,758,0,0,1121.03,216.24,1199.32,351.27,-1
24,player,759,0,0,1121.44,217.15,1199.48,351.85,-1
24,player,760,0,0,1121.85,218.05,1199.65,352.42,-1
24,player,761,0,0,1122.27,218.95,1199.81,353.00,-1
24,player,762,0,0,1122.68,219.86,1199.98,353.57,-1
24,player,763,0,0,1123.09,220.76,1200.14,354.15,-1
24,player,764,0,0,1123.50,221.67,1200.30,354.72,-1
24,player,765,0,0,1123.91,222.57,1200.47,355.30,-1
24,player,766,0,0,1124.33,223.47,1200.63,355.88,-1
24,player,767,0,0,1124.74,224.38,1200.80,356.45,-1
24,player,768,0,0,1125.15,225.28,1200.96,357.03,-1
24,player,769,0,0,1125.56,226.19,1201.13,357.60,-1
24,player,770,0,0,1125.98,227.09,1201.29,358.18,-1
24,player,771,0,0,1126.39,228.00,1201.46,358.75,-1
24,player,772,0,0,1126.80,228.90,1201.62,359.33,-1
24,player,773,0,0,1123.31,229.46,1198.13,359.89,-1
24,player,774,0,0,1119.83,230.02,1194.65,360.44,-1
24,player,775,0,0,1116.34,230.57,1191.16,361.00,-1
24,player,776,0,0,1112.86,231.13,1187.68,361.56,-1
24,player,777,0,0,1109.37,231.69,1184.19,362.12,-1
24,player,778,0,0,1105.88,232.25,1180.70,362.68,-1
24,player,779,0,0,1102.40,232.80,1177.22,363.23,-1
24,player,780,0,0,1098.91,233.36,1173.73,363.79,-1
24,player,781,0,0,1095.43,233.92,1170.25,364.35,-1
24,player,782,0,0,1091.94,234.48,1166.76,364.91,-1
24,player,783,0,0,1088.45,235.04,1163.27,365.46,-1
24,player,784,0,0,1084.97,235.59,1159.79,366.02,-1
24,player,785,0,0,1081.48,236.15,1156.30,366.58,-1
24,player,786,0,0,1078.00,236.71,1152.82,367.14,-1
24,player,787,0,0,1074.51,237.27,1149.33,367.70,-1
24,player,788,0,0,1071.02,237.82,1145.84,368.25,-1
24,player,789,0,0,1067.54,238.38,1142.36,368.81,-1
24,player,790,0,0,1064.05,238.94,1138.87,369.37,-1
24,player,791,0,0,1060.57,239.50,1135.39,369.93,-1
24,player,792,0,0,1057.08,240.06,1131.90,370.48,-1
24,player,793,0,0,1053.59,240.61,1128.41,371.04,-1
24,player,794,0,0,1050.11,241.17,1124.93,371.60,-1
24,player,795,0,0,1046.62,241.73,1121.44,372.16,-1
24,player,796,0,0,1043.14,242.29,1117.96,372.72,-1
24,player,797,0,0,1039.65,242.84,1114.47,373.27,-1
24,player,798,0,0,1036.16,243.40,1110.98,373.83,-1
24,player,799,0,0,1032.68,243.96,1107.50,374.39,-1
24,player,800,0,0,1029.19,244.52,1104.01,374.95,-1
24,player,801,0,0,1025.71,245.07,1100.53,375.50,-1
24,player,802,0,0,1022.22,245.63,1097.04,376.06,-1
24,player,803,0,0,1018.73,246.19,1093.55,376.62,-1
24,player,804,0,0,1015.25,246.75,1090.07,377.18,-1
24,player,805,0,0,1011.76,247.31,1086.58,377.73,-1
24,player,806,0,0,1008.28,247.86,1083.10,378.29,-1
24,player,807,0,0,1004.79,248.42,1079.61,378.85,-1
24,player,808,0,0,1001.30,248.98,1076.12,379.41,-1
24,player,809,0,0,997.82,249.54,1072.64,379.97,-1
24,player,810,0,0,994.33,250.09,1069.15,380.52,-1
24,player,811,0,0,990.85,250.65,1065.67,381.08,-1
24,player,812,0,0,987.36,251.21,1062.18,381.64,-1
24,player,813,0,0,983.87,251.77,1058.69,382.20,-1
24,player,814,0,0,980.39,252.33,1055.21,382.75,-1
24,player,815,0,0,976.90,252.88,1051.72,383.31,-1
24,player,816,0,0,973.42,253.44,1048.24,383.87,-1
24,player,817,0,0,969.93,254.00,1044.75,384.43,-1
24,player,818,0,0,966.44,254.56,1041.26,384.99,-1
24,player,819,0,0,960.03,255.27,1034.85,385.70,-1
24,player,820,0,0,953.61,255.98,1028.44,386.41,-1
24,player,821,0,0,947.20,256.69,1022.02,387.12,-1
24,player,822,0,0,941.64,257.21,1016.46,387.64,-1
24,player,823,0,0,936.08,257.72,1010.90,388.15,-1
24,player,824,0,0,930.52,258.23,1005.34,388.66,-1
24,player,825,0,0,924.96,258.75,999.78,389.18,-1
24,player,826,0,0,919.40,259.26,994.23,389.69,-1
24,player,827,0,0,913.85,259.77,988.67,390.20,-1
24,player,828,0,0,908.29,260.29,983.11,390.72,-1
24,player,829,0,0,902.73,260.80,977.55,391.23,-1
24,player,830,0,0,897.17,261.31,971.99,391.74,-1
24,player,831,0,0,891.61,261.83,966.43,392.25,-1
24,player,832,0,0,886.05,262.34,960.87,392.77,-1
24,player,833,0,0,880.49,262.85,955.31,393.28,-1
24,player,834,0,0,874.93,263.36,949.75,393.79,-1
24,player,835,0,0,869.37,263.88,944.19,394.31,-1
24,player,836,0,0,863.81,264.39,938.63,394.82,-1
24,player,837,0,0,858.26,264.90,933.08,395.33,-1
24,player,838,0,0,852.70,265.42,927.52,395.85,-1
24,player,839,0,0,847.14,265.93,921.96,396.36,-1
24,player,840,0,0,841.58,266.44,916.40,396.87,-1
24,player,841,0,0,836.02,266.96,910.84,397.39,-1
24,player,842,0,0,830.46,267.47,905.28,397.90,-1
24,player,843,0,0,824.90,267.98,899.72,398.41,-1
24,player,844,0,0,819.34,268.50,894.16,398.93,-1
24,player,845,0,0,813.78,269.01,888.60,399.44,-1
24,player,846,0,0,808.22,269.52,883.04,399.95,-1
24,player,847,0,0,804.80,269.52,879.62,399.95,-1
24,player,848,0,0,801.38,269.52,876.20,399.95,-1
24,player,849,0,0,797.96,269.52,872.78,399.95,-1
24,player,850,0,0,794.54,269.52,869.36,399.95,-1
24,player,851,0,0,791.12,269.52,865.94,399.95,-1
24,player,852,0,0,787.70,269.52,862.52,399.95,-1
24,player,853,0,0,784.28,269.52,859.10,399.95,-1
24,player,854,0,0,780.86,269.52,855.68,399.95,-1
24,player,855,0,0,777.44,269.52,852.26,399.95,-1
24,player,856,0,0,774.01,269.52,848.84,399.95,-1
24,player,857,0,0,774.01,269.52,848.84,399.95,-1
24,player,858,0,0,774.01,269.52,848.84,399.95,-1
24,player,859,0,0,774.01,269.52,848.84,399.95,-1
24,player,860,0,0,774.01,269.52,848.84,399.95,-1
24,player,861,0,0,774.01,269.52,848.84,399.95,-1
24,player,862,0,0,774.01,269.52,848.84,399.95,-1
24,player,863,0,0,774.01,269.52,848.84,399.95,-1
24,player,864,0,0,774.01,269.52,848.84,399.95,-1
24,player,865,0,0,774.01,269.52,848.84,399.95,-1
24,player,866,0,0,774.01,269.52,848.84,399.95,-1
24,player,867,0,0,774.01,269.52,848.84,399.95,-1
24,player,868,0,0,774.01,269.52,848.84,399.95,-1
24,player,869,0,0,774.01,269.52,848.84,399.95,-1
24,player,870,0,0,774.01,269.52,848.84,399.95,-1
24,player,871,0,0,774.01,269.52,848.84,399.95,-1
24,player,872,0,0,774.01,269.52,848.84,399.95,-1
24,player,873,0,0,774.01,269.52,848.84,399.95,-1
24,player,874,0,0,774.01,269.52,848.84,399.95,-1
24,player,875,0,0,774.01,269.52,848.84,399.95,-1
24,player,876,0,0,774.01,269.52,848.84,399.95,-1
24,player,877,0,0,774.01,269.52,848.84,399.95,-1
24,player,878,0,0,774.01,269.52,848.84,399.95,-1
24,player,879,0,0,774.01,269.52,848.84,399.95,-1
24,player,880,0,0,774.01,269.52,848.84,399.95,-1
24,player,881,0,0,774.01,269.52,848.84,399.95,-1
24,player,882,0,0,774.01,269.52,848.84,399.95,-1
24,player,883,0,0,774.01,269.52,848.84,399.95,-1
24,player,884,0,0,774.01,269.52,848.84,399.95,-1
24,player,885,0,0,774.01,269.52,848.84,399.95,-1
24,player,886,0,0,774.01,269.52,848.84,399.95,-1
24,player,887,0,0,774.01,269.52,848.84,399.95,-1
24,player,888,0,0,774.01,269.52,848.84,399.95,-1
24,player,889,0,0,774.01,269.52,848.84,399.95,-1
24,player,890,0,0,774.01,269.52,848.84,399.95,-1
24,player,891,0,0,774.01,269.52,848.84,399.95,-1
24,player,892,0,0,774.01,269.52,848.84,399.95,-1
24,player,893,0,0,774.01,269.52,848.84,399.95,-1
24,player,894,0,0,774.01,269.52,848.84,399.95,-1
24,player,895,0,0,774.01,269.52,848.84,399.95,-1
24,player,896,0,0,774.01,269.52,848.84,399.95,-1
24,player,897,0,0,774.01,269.52,848.84,399.95,-1
24,player,898,0,0,774.01,269.52,848.84,399.95,-1
24,player,899,0,0,774.01,269.52,848.84,399.95,-1
25,player,722,0,0,795.43,449.16,889.44,596.66,6
25,player,723,0,0,813.39,448.73,907.40,596.23,6
25,player,724,0,0,831.35,448.31,925.36,595.81,6
25,player,725,0,0,849.31,447.88,943.32,595.38,6
25,player,726,0,0,867.27,447.45,961.28,594.95,6
25,player,727,0,0,885.23,447.02,979.24,594.52,6
25,player,728,0,0,894.85,447.56,988.86,595.06,6
25,player,729,0,0,904.47,448.09,998.49,595.59,6
25,player,730,0,0,914.09,448.63,1008.11,596.13,6
25,player,731,0,0,923.71,449.16,1017.73,596.66,6
25,player,732,0,0,931.84,448.16,1025.85,595.66,6
25,player,733,0,0,939.96,447.17,1033.98,594.67,6
25,player,734,0,0,948.09,446.17,1042.10,593.67,6
25,player,735,0,0,956.21,445.17,1050.23,592.67,6
25,player,736,0,0,964.34,444.17,1058.35,591.67,6
25,player,737,0,0,972.46,443.18,1066.48,590.68,6
25,player,738,0,0,980.59,442.18,1074.60,589.68,6
25,player,739,0,0,988.71,441.18,1082.73,588.68,6
25,player,740,0,0,996.84,440.18,1090.85,587.68,6
25,player,741,0,0,1004.96,439.18,1098.98,586.68,6
25,player,742,0,0,1013.09,438.19,1107.10,585.69,6
25,player,743,0,0,1021.21,437.19,1115.22,584.69,6
25,player,744,0,0,1029.33,436.19,1123.35,583.69,6
25,player,745,0,0,1037.46,435.19,1131.47,582.69,6
25,player,746,0,0,1045.58,434.20,1139.60,581.70,6
25,player,747,0,0,1045.17,433.29,1138.53,580.79,6
25,player,748,0,0,1044.76,432.39,1137.46,579.89,6
25,player,749,0,0,1044.35,431.48,1136.39,578.98,6
25,player,750,0,0,1043.94,430.58,1135.32,578.08,6
25,player,751,0,0,1043.53,429.67,1134.25,577.17,6
25,player,752,0,0,1043.12,428.77,1133.18,576.27,6
25,player,753,0,0,1042.71,427.86,1132.11,575.36,6
25,player,754,0,0,1042.29,426.96,1131.05,574.46,6
25,player,755,0,0,1041.88,426.05,1129.98,573.55,6
25,player,756,0,0,1041.47,425.15,1128.91,572.65,6
25,player,757,0,0,1041.06,424.24,1127.84,571.74,6
25,player,758,0,0,1040.65,423.34,1126.77,570.84,6
25,player,759,0,0,1040.24,422.44,1125.70,569.94,6
25,player,760,0,0,1039.83,421.53,1124.63,569.03,6
25,player,761,0,0,1039.42,420.63,1123.56,568.13,6
25,player,762,0,0,1039.01,419.72,1122.49,567.22,6
25,player,763,0,0,1038.59,418.82,1121.42,566.32,6
25,player,764,0,0,1038.18,417.91,1120.35,565.41,6
25,player,765,0,0,1037.77,417.01,1119.28,564.51,6
25,player,766,0,0,1037.36,416.10,1118.22,563.60,6
25,player,767,0,0,1036.95,415.20,1117.15,562.70,6
25,player,768,0,0,1036.54,414.29,1116.08,561.79,6
25,player,769,0,0,1036.13,413.39,1115.01,560.89,6
25,player,770,0,0,1035.72,412.48,1113.94,559.98,6
25,player,771,0,0,1035.30,411.58,1112.87,559.08,6
25,player,772,0,0,1034.89,410.68,1111.80,558.18,6
25,player,773,0,0,1031.22,410.40,1108.13,557.90,6
25,player,774,0,0,1027.55,410.12,1104.46,557.62,6
25,player,775,0,0,1023.88,409.84,1100.78,557.34,6
25,player,776,0,0,1020.21,409.56,1097.11,557.06,6
25,player,777,0,0,1016.53,409.28,1093.44,556.78,6
25,player,778,0,0,1012.86,409.00,1089.77,556.50,6
25,player,779,0,0,1009.19,408.72,1086.10,556.22,6
25,player,780,0,0,1005.52,408.44,1082.42,555.94,6
25,player,781,0,0,1001.85,408.17,1078.75,555.67,6
25,player,782,0,0,998.17,407.89,1075.08,555.39,6
25,player,783,0,0,994.50,407.61,1071.41,555.11,6
25,player,784,0,0,990.83,407.33,1067.74,554.83,6
25,player,785,0,0,987.16,407.05,1064.07,554.55,6
25,player,786,0,0,983.49,406.77,1060.39,554.27,6
25,player,787,0,0,979.81,406.49,1056.72,553.99,6
25,player,788,0,0,976.14,406.21,1053.05,553.71,6
25,player,789,0,0,972.47,405.93,1049.38,553.43,6
25,player,790,0,0,968.80,405.66,1045.71,553.16,6
25,player,791,0,0,965.13,405.38,1042.03,552.88,6
25,player,792,0,0,961.46,405.10,1038.36,552.60,6
25,player,793,0,0,957.78,404.82,1034.69,552.32,6
25,player,794,0,0,954.11,404.54,1031.02,552.04,6
25,player,795,0,0,950.44,404.26,1027.35,551.76,6
25,player,796,0,0,946.77,403.98,1023.67,551.48,6
25,player,797,0,0,943.10,403.70,1020.00,551.20,6
25,player,798,0,0,939.42,403.43,1016.33,550.93,6
25,player,799,0,0,935.75,403.15,1012.66,550.65,6
25,player,800,0,0,932.08,402.87,1008.99,550.37,6
25,player,801,0,0,928.41,402.59,1005.31,550.09,6
25,player,802,0,0,924.74,402.31,1001.64,549.81,6
25,player,803,0,0,921.06,402.03,997.97,549.53,6
25,player,804,0,0,917.39,401.75,994.30,549.25,6
25,player,805,0,0,913.72,401.47,990.63,548.97,6
25,player,806,0,0,910.05,401.19,986.95,548.69,6
25,player,807,0,0,906.38,400.92,983.28,548.42,6
25,player,808,0,0,902.70,400.64,979.61,548.14,6
25,player,809,0,0,899.03,400.36,975.94,547.86,6
25,player,810,0,0,895.36,400.08,972.27,547.58,6
25,player,811,0,0,891.69,399.80,968.60,547.30,6
25,player,812,0,0,888.02,399.52,964.92,547.02,6
25,player,813,0,0,884.34,399.24,961.25,546.74,6
25,player,814,0,0,880.67,398.96,957.58,546.46,6
25,player,815,0,0,877.00,398.68,953.91,546.18,6
25,player,816,0,0,873.33,398.41,950.24,545.91,6
25,player,817,0,0,869.66,398.13,946.56,545.63,6
25,player,818,0,0,865.99,397.85,942.89,545.35,6
25,player,819,0,0,864.56,396.42,941.47,543.92,6
25,player,820,0,0,863.13,395.00,940.04,542.50,6
25,player,821,0,0,861.71,393.57,938.62,541.07,6
25,player,822,0,0,855.81,393.66,932.71,541.16,6
25,player,823,0,0,849.91,393.74,926.81,541.24,6
25,player,824,0,0,844.01,393.83,920.91,541.33,6
25,player,825,0,0,838.10,393.91,915.01,541.41,6
25,player,826,0,0,832.20,394.00,909.11,541.50,6
25,player,827,0,0,826.30,394.08,903.21,541.58,6
25,player,828,0,0,820.40,394.17,897.31,541.67,6
25,player,829,0,0,814.50,394.26,891.41,541.76,6
25,player,830,0,0,808.60,394.34,885.51,541.84,6
25,player,831,0,0,802.70,394.43,879.60,541.93,6
25,player,832,0,0,796.80,394.51,873.70,542.01,6
25,player,833,0,0,790.90,394.60,867.80,542.10,6
25,player,834,0,0,784.99,394.68,861.90,542.18,6
25,player,835,0,0,779.09,394.77,856.00,542.27,6
25,player,836,0,0,773.19,394.85,850.10,542.35,6
25,player,837,0,0,767.29,394.94,844.20,542.44,6
25,player,838,0,0,761.39,395.03,838.30,542.53,6
25,player,839,0,0,755.49,395.11,832.40,542.61,6
25,player,840,0,0,749.59,395.20,826.49,542.70,6
25,player,841,0,0,743.69,395.28,820.59,542.78,6
25,player,842,0,0,737.79,395.37,814.69,542.87,6
25,player,843,0,0,731.88,395.45,808.79,542.95,6
25,player,844,0,0,725.98,395.54,802.89,543.04,6
25,player,845,0,0,720.08,395.62,796.99,543.12,6
25,player,846,0,0,714.18,395.71,791.09,543.21,6
25,player,847,0,0,706.91,395.71,783.82,543.21,6
25,player,848,0,0,699.64,395.71,776.55,543.21,6
25,player,849,0,0,692.37,395.71,769.28,543.21,6
25,player,850,0,0,685.10,395.71,762.01,543.21,6
25,player,851,0,0,677.83,395.71,754.74,543.21,6
25,player,852,0,0,670.56,395.71,747.47,543.21,6
25,player,853,0,0,663.29,395.71,740.20,543.21,6
25,player,854,0,0,656.02,395.71,732.93,543.21,6
25,player,855,0,0,648.75,395.71,725.66,543.21,6
25,player,856,0,0,641.49,395.71,718.39,543.21,6
25,player,857,0,0,641.49,395.71,718.39,543.21,6
25,player,858,0,0,641.49,395.71,718.39,543.21,6
25,player,859,0,0,641.49,395.71,718.39,543.21,6
25,player,860,0,0,641.49,395.71,718.39,543.21,6
25,player,861,0,0,641.49,395.71,718.39,543.21,6
25,player,862,0,0,641.49,395.71,718.39,543.21,6
25,player,863,0,0,641.49,395.71,718.39,543.21,6
25,player,864,0,0,641.49,395.71,718.39,543.21,6
25,player,865,0,0,641.49,395.71,718.39,543.21,6
25,player,866,0,0,641.49,395.71,718.39,543.21,6
25,player,867,0,0,641.49,395.71,718.39,543.21,6
25,player,868,0,0,641.49,395.71,718.39,543.21,6
25,player,869,0,0,641.49,395.71,718.39,543.21,6
25,player,870,0,0,641.49,395.71,718.39,543.21,6
25,player,871,0,0,641.49,395.71,718.39,543.21,6
25,player,872,0,0,641.49,395.71,718.39,543.21,6
25,player,873,0,0,641.49,395.71,718.39,543.21,6
25,player,874,0,0,641.49,395.71,718.39,543.21,6
25,player,875,0,0,641.49,395.71,718.39,543.21,6
25,player,876,0,0,641.49,395.71,718.39,543.21,6
25,player,877,0,0,641.49,395.71,718.39,543.21,6
25,player,878,0,0,641.49,395.71,718.39,543.21,6
25,player,879,0,0,641.49,395.71,718.39,543.21,6
25,player,880,0,0,641.49,395.71,718.39,543.21,6
25,player,881,0,0,641.49,395.71,718.39,543.21,6
25,player,882,0,0,641.49,395.71,718.39,543.21,6
25,player,883,0,0,641.49,395.71,718.39,543.21,6
25,player,884,0,0,641.49,395.71,718.39,543.21,6
25,player,885,0,0,641.49,395.71,718.39,543.21,6
25,player,886,0,0,641.49,395.71,718.39,543.21,6
25,player,887,0,0,641.49,395.71,718.39,543.21,6
25,player,888,0,0,641.49,395.71,718.39,543.21,6
25,player,889,0,0,641.49,395.71,718.39,543.21,6
25,player,890,0,0,641.49,395.71,718.39,543.21,6
25,player,891,0,0,641.49,395.71,718.39,543.21,6
25,player,892,0,0,641.49,395.71,718.39,543.21,6
25,player,893,0,0,641.49,395.71,718.39,543.21,6
25,player,894,0,0,641.49,395.71,718.39,543.21,6
25,player,895,0,0,641.49,395.71,718.39,543.21,6
25,player,896,0,0,641.49,395.71,718.39,543.21,6
25,player,897,0,0,641.49,395.71,718.39,543.21,6
25,player,898,0,0,641.49,395.71,718.39,543.21,6
25,player,899,0,0,641.49,395.71,718.39,543.21,6
26,player,722,0,0,151.80,645.84,237.33,819.02,20
26,player,723,0,0,170.19,643.70,255.72,816.88,20
26,player,724,0,0,188.58,641.56,274.10,814.75,20
26,player,725,0,0,206.97,639.42,292.49,812.61,20
26,player,726,0,0,225.35,637.28,310.88,810.47,20
26,player,727,0,0,243.74,635.15,329.27,808.33,20
26,player,728,0,0,259.78,634.08,345.30,807.26,20
26,player,729,0,0,275.81,633.01,361.34,806.19,20
26,player,730,0,0,291.85,631.94,377.37,805.12,20
26,player,731,0,0,307.88,630.87,393.41,804.05,20
26,player,732,0,0,319.15,628.30,404.67,801.49,20
26,player,733,0,0,330.41,625.74,415.93,798.92,20
26,player,734,0,0,341.67,623.17,427.19,796.36,20
26,player,735,0,0,352.93,620.61,438.45,793.79,20
26,player,736,0,0,364.19,618.04,449.71,791.23,20
26,player,737,0,0,375.45,615.48,460.97,788.66,20
26,player,738,0,0,386.71,612.91,472.23,786.09,20
26,player,739,0,0,397.97,610.34,483.49,783.53,20
26,player,740,0,0,409.23,607.78,494.75,780.96,20
26,player,741,0,0,420.49,605.21,506.01,778.40,20
26,player,742,0,0,431.75,602.65,517.27,775.83,20
26,player,743,0,0,443.01,600.08,528.53,773.27,20
26,player,744,0,0,454.27,597.52,539.80,770.70,20
26,player,745,0,0,465.53,594.95,551.06,768.14,20
26,player,746,0,0,476.79,592.38,562.32,765.57,20
26,player,747,0,0,472.85,591.23,558.37,764.42,20
26,player,748,0,0,468.90,590.08,554.42,763.27,20
26,player,749,0,0,464.95,588.93,550.47,762.12,20
26,player,750,0,0,461.00,587.78,546.53,760.96,20
26,player,751,0,0,457.06,586.63,542.58,759.81,20
26,player,752,0,0,453.11,585.48,538.63,758.66,20
26,player,753,0,0,449.16,584.33,534.69,757.51,20
26,player,754,0,0,445.22,583.17,530.74,756.36,20
26,player,755,0,0,441.27,582.02,526.79,755.21,20
26,player,756,0,0,437.32,580.87,522.84,754.06,20
26,player,757,0,0,433.37,579.72,518.90,752.91,20
26,player,758,0,0,429.43,578.57,514.95,751.75,20
26,player,759,0,0,425.48,577.42,511.00,750.60,20
26,player,760,0,0,421.53,576.27,507.06,749.45,20
26,player,761,0,0,417.58,575.11,503.11,748.30,20
26,player,762,0,0,413.64,573.96,499.16,747.15,20
26,player,763,0,0,409.69,572.81,495.21,746.00,20
26,player,764,0,0,405.74,571.66,491.27,744.85,20
26,player,765,0,0,401.80,570.51,487.32,743.70,20
26,player,766,0,0,397.85,569.36,483.37,742.54,20
26,player,767,0,0,393.90,568.21,479.42,741.39,20
26,player,768,0,0,389.95,567.06,475.48,740.24,20
26,player,769,0,0,386.01,565.90,471.53,739.09,20
26,player,770,0,0,382.06,564.75,467.58,737.94,20
26,player,771,0,0,378.11,563.60,463.64,736.79,20
26,player,772,0,0,374.17,562.45,459.69,735.64,20
26,player,773,0,0,366.33,562.45,451.85,735.64,20
26,player,774,0,0,358.49,562.45,444.01,735.64,20
26,player,775,0,0,350.65,562.45,436.17,735.64,20
26,player,776,0,0,346.47,562.10,431.99,735.29,20
26,player,777,0,0,342.29,561.76,427.82,734.94,20
26,player,778,0,0,338.12,561.41,423.64,734.59,20
26,player,779,0,0,333.94,561.06,419.46,734.24,20
26,player,780,0,0,329.76,560.71,415.29,733.90,20
26,player,781,0,0,325.59,560.36,411.11,733.55,20
26,player,782,0,0,321.41,560.01,406.93,733.20,20
26,player,783,0,0,317.23,559.67,402.76,732.85,20
26,player,784,0,0,313.05,559.32,398.58,732.50,20
26,player,785,0,0,308.88,558.97,394.40,732.16,20
26,player,786,0,0,304.70,558.62,390.22,731.81,20
26,player,787,0,0,300.52,558.27,386.05,731.46,20
26,player,788,0,0,296.35,557.93,381.87,731.11,20
26,player,789,0,0,292.17,557.58,377.69,730.76,20
26,player,790,0,0,287.99,557.23,373.52,730.42,20
26,player,791,0,0,283.82,556.88,369.34,730.07,20
26,player,792,0,0,279.64,556.53,365.16,729.72,20
26,player,793,0,0,275.46,556.19,360.99,729.37,20
26,player,794,0,0,271.29,555.84,356.81,729.02,20
26,player,795,0,0,267.11,555.49,352.63,728.68,20
26,player,796,0,0,262.93,555.14,348.46,728.33,20
26,player,797,0,0,258.76,554.79,344.28,727.98,20
26,player,798,0,0,254.58,554.45,340.10,727.63,20
26,player,799,0,0,250.40,554.10,335.93,727.28,20
26,player,800,0,0,246.23,553.75,331.75,726.94,20
26,player,801,0,0,242.05,553.40,327.57,726.59,20
26,player,802,0,0,237.87,553.05,323.40,726.24,20
26,player,803,0,0,233.70,552.71,319.22,725.89,20
26,player,804,0,0,229.52,552.36,315.04,725.54,20
26,player,805,0,0,225.34,552.01,310.87,725.20,20
26,player,806,0,0,221.17,551.66,306.69,724.85,20
26,player,807,0,0,216.99,551.31,302.51,724.50,20
26,player,808,0,0,212.81,550.97,298.34,724.15,20
26,player,809,0,0,208.64,550.62,294.16,723.80,20
26,player,810,0,0,204.46,550.27,289.98,723.46,20
26,player,811,0,0,200.28,549.92,285.81,723.11,20
26,player,812,0,0,196.11,549.57,281.63,722.76,20
26,player,813,0,0,191.93,549.23,277.45,722.41,20
26,player,814,0,0,187.75,548.88,273.28,722.06,20
26,player,815,0,0,183.58,548.53,269.10,721.72,20
26,player,816,0,0,179.40,548.18,264.92,721.37,20
26,player,817,0,0,175.22,547.83,260.75,721.02,20
26,player,818,0,0,171.05,547.49,256.57,720.67,20
26,player,819,0,0,167.48,545.35,253.01,718.53,20
26,player,820,0,0,163.92,543.21,249.44,716.39,20
26,player,821,0,0,160.36,541.07,245.88,714.26,20
26,player,822,0,0,158.22,541.33,243.74,714.51,20
26,player,823,0,0,156.08,541.58,241.60,714.77,20
26,player,824,0,0,153.94,541.84,239.46,715.03,20
26,player,825,0,0,151.80,542.10,237.33,715.28,20
26,player,826,0,0,149.67,542.35,235.19,715.54,20
26,player,827,0,0,147.53,542.61,233.05,715.80,20
26,player,828,0,0,145.39,542.87,230.91,716.05,20
26,player,829,0,0,143.25,543.12,228.77,716.31,20
26,player,830,0,0,141.11,543.38,226.64,716.57,20
26,player,831,0,0,138.97,543.64,224.50,716.82,20
26,player,832,0,0,136.84,543.89,222.36,717.08,20
26,player,833,0,0,134.70,544.15,220.22,717.34,20
26,player,834,0,0,132.56,544.41,218.08,717.59,20
26,player,835,0,0,130.42,544.66,215.95,717.85,20
26,player,836,0,0,128.28,544.92,213.81,718.11,20
26,player,837,0,0,126.15,545.18,211.67,718.36,20
26,player,838,0,0,124.01,545.43,209.53,718.62,20
26,player,839,0,0,121.87,545.69,207.39,718.87,20
26,player,840,0,0,119.73,545.95,205.26,719.13,20
26,player,841,0,0,117.59,546.20,203.12,719.39,20
26,player,842,0,0,115.46,546.46,200.98,719.64,20
26,player,843,0,0,113.32,546.72,198.84,719.90,20
26,player,844,0,0,111.18,546.97,196.70,720.16,20
26,player,845,0,0,109.04,547.23,194.56,720.41,20
26,player,846,0,0,106.90,547.49,192.43,720.67,20
26,player,847,0,0,103.48,547.27,189.01,720.46,20
26,player,848,0,0,100.06,547.06,185.58,720.24,20
26,player,849,0,0,96.64,546.84,182.16,720.03,20
26,player,850,0,0,93.22,546.63,178.74,719.82,20
26,player,851,0,0,89.80,546.42,175.32,719.60,20
26,player,852,0,0,86.38,546.20,171.90,719.39,20
26,player,853,0,0,82.96,545.99,168.48,719.17,20
26,player,854,0,0,79.54,545.77,165.06,718.96,20
26,player,855,0,0,76.12,545.56,161.64,718.75,20
26,player,856,0,0,72.69,545.35,158.22,718.53,20
26,player,857,0,0,72.69,545.35,158.22,718.53,20
26,player,858,0,0,72.69,545.35,158.22,718.53,20
26,player,859,0,0,72.69,545.35,158.22,718.53,20
26,player,860,0,0,72.69,545.35,158.22,718.53,20
26,player,861,0,0,72.69,545.35,158.22,718.53,20
26,player,862,0,0,72.69,545.35,158.22,718.53,20
26,player,863,0,0,72.69,545.35,158.22,718.53,20
26,player,864,0,0,72.69,545.35,158.22,718.53,20
26,player,865,0,0,72.69,545.35,158.22,718.53,20
26,player,866,0,0,72.69,545.35,158.22,718.53,20
26,player,867,0,0,72.69,545.35,158.22,718.53,20
26,player,868,0,0,72.69,545.35,158.22,718.53,20
26,player,869,0,0,72.69,545.35,158.22,718.53,20
26,player,870,0,0,72.69,545.35,158.22,718.53,20
26,player,871,0,0,72.69,545.35,158.22,718.53,20
26,player,872,0,0,72.69,545.35,158.22,718.53,20
26,player,873,0,0,72.69,545.35,158.22,718.53,20
26,player,874,0,0,72.69,545.35,158.22,718.53,20
26,player,875,0,0,72.69,545.35,158.22,718.53,20
26,player,876,0,0,72.69,545.35,158.22,718.53,20
26,player,877,0,0,72.69,545.35,158.22,718.53,20
26,player,878,0,0,72.69,545.35,158.22,718.53,20
26,player,879,0,0,72.69,545.35,158.22,718.53,20
26,player,880,0,0,72.69,545.35,158.22,718.53,20
26,player,881,0,0,72.69,545.35,158.22,718.53,20
26,player,882,0,0,72.69,545.35,158.22,718.53,20
26,player,883,0,0,72.69,545.35,158.22,718.53,20
26,player,884,0,0,72.69,545.35,158.22,718.53,20
26,player,885,0,0,72.69,545.35,158.22,718.53,20
26,player,886,0,0,72.69,545.35,158.22,718.53,20
26,player,887,0,0,72.69,545.35,158.22,718.53,20
26,player,888,0,0,72.69,545.35,158.22,718.53,20
26,player,889,0,0,72.69,545.35,158.22,718.53,20
26,player,890,0,0,72.69,545.35,158.22,718.53,20
26,player,891,0,0,72.69,545.35,158.22,718.53,20
26,player,892,0,0,72.69,545.35,158.22,718.53,20
26,player,893,0,0,72.69,545.35,158.22,718.53,20
26,player,894,0,0,72.69,545.35,158.22,718.53,20
26,player,895,0,0,72.69,545.35,158.22,718.53,20
26,player,896,0,0,72.69,545.35,158.22,718.53,20
26,player,897,0,0,72.69,545.35,158.22,718.53,20
26,player,898,0,0,72.69,545.35,158.22,718.53,20
26,player,899,0,0,72.69,545.35,158.22,718.53,20
27,player,722,0,0,68.42,628.73,153.94,801.92,33
27,player,723,0,0,86.81,627.88,172.33,801.06,33
27,player,724,0,0,105.19,627.02,190.72,800.21,33
27,player,725,0,0,123.58,626.16,209.10,799.35,33
27,player,726,0,0,141.97,625.31,227.49,798.49,33
27,player,727,0,0,160.36,624.45,245.88,797.64,33
27,player,728,0,0,178.53,625.52,264.05,798.71,33
27,player,729,0,0,196.70,626.59,282.23,799.78,33
27,player,730,0,0,214.88,627.66,300.40,800.85,33
27,player,731,0,0,233.05,628.73,318.57,801.92,33
27,player,732,0,0,241.89,627.73,327.41,800.92,33
27,player,733,0,0,250.73,626.73,336.25,799.92,33
27,player,734,0,0,259.56,625.74,345.09,798.92,33
27,player,735,0,0,268.40,624.74,353.92,797.92,33
27,player,736,0,0,277.24,623.74,362.76,796.93,33
27,player,737,0,0,286.08,622.74,371.60,795.93,33
27,player,738,0,0,294.91,621.75,380.44,794.93,33
27,player,739,0,0,303.75,620.75,389.27,793.93,33
27,player,740,0,0,312.59,619.75,398.11,792.94,33
27,player,741,0,0,321.43,618.75,406.95,791.94,33
27,player,742,0,0,330.26,617.75,415.79,790.94,33
27,player,743,0,0,339.10,616.76,424.62,789.94,33
27,player,744,0,0,347.94,615.76,433.46,788.94,33
27,player,745,0,0,356.77,614.76,442.30,787.95,33
27,player,746,0,0,365.61,613.76,451.14,786.95,33
27,player,747,0,0,360.68,613.11,446.20,786.29,33
27,player,748,0,0,355.74,612.45,441.27,785.63,33
27,player,749,0,0,350.81,611.79,436.33,784.98,33
27,player,750,0,0,345.88,611.13,431.40,784.32,33
27,player,751,0,0,340.94,610.47,426.47,783.66,33
27,player,752,0,0,336.01,609.82,421.53,783.00,33
27,player,753,0,0,331.07,609.16,416.60,782.34,33
27,player,754,0,0,326.14,608.50,411.66,781.69,33
27,player,755,0,0,321.21,607.84,406.73,781.03,33
27,player,756,0,0,316.27,607.18,401.80,780.37,33
27,player,757,0,0,311.34,606.53,396.86,779.71,33
27,player,758,0,0,306.40,605.87,391.93,779.05,33
27,player,759,0,0,301.47,605.21,386.99,778.40,33
27,player,760,0,0,296.54,604.55,382.06,777.74,33
27,player,761,0,0,291.60,603.90,377.13,777.08,33
27,player,762,0,0,286.67,603.24,372.19,776.42,33
27,player,763,0,0,281.73,602.58,367.26,775.76,33
27,player,764,0,0,276.80,601.92,362.32,775.11,33
27,player,765,0,0,271.87,601.26,357.39,774.45,33
27,player,766,0,0,266.93,600.61,352.45,773.79,33
27,player,767,0,0,262.00,599.95,347.52,773.13,33
27,player,768,0,0,257.06,599.29,342.59,772.48,33
27,player,769,0,0,252.13,598.63,337.65,771.82,33
27,player,770,0,0,247.20,597.97,332.72,771.16,33
27,player,771,0,0,242.26,597.32,327.78,770.50,33
27,player,772,0,0,237.33,596.66,322.85,769.84,33
27,player,773,0,0,225.92,595.95,311.45,769.13,33
27,player,774,0,0,214.52,595.23,300.04,768.42,33
27,player,775,0,0,203.12,594.52,288.64,767.71,33
27,player,776,0,0,198.89,593.82,284.42,767.01,33
27,player,777,0,0,194.67,593.13,280.19,766.31,33
27,player,778,0,0,190.44,592.43,275.96,765.62,33
27,player,779,0,0,186.21,591.74,271.74,764.92,33
27,player,780,0,0,181.99,591.04,267.51,764.23,33
27,player,781,0,0,177.76,590.34,263.28,763.53,33
27,player,782,0,0,173.53,589.65,259.06,762.83,33
27,player,783,0,0,169.31,588.95,254.83,762.14,33
27,player,784,0,0,165.08,588.26,250.60,761.44,33
27,player,785,0,0,160.85,587.56,246.38,760.74,33
27,player,786,0,0,156.63,586.86,242.15,760.05,33
27,player,787,0,0,152.40,586.17,237.92,759.35,33
27,player,788,0,0,148.17,585.47,233.70,758.66,33
27,player,789,0,0,143.95,584.77,229.47,757.96,33
27,player,790,0,0,139.72,584.08,225.25,757.26,33
27,player,791,0,0,135.50,583.38,221.02,756.57,33
27,player,792,0,0,131.27,582.69,216.79,755.87,33
27,player,793,0,0,127.04,581.99,212.57,755.18,33
27,player,794,0,0,122.82,581.29,208.34,754.48,33
27,player,795,0,0,118.59,580.60,204.11,753.78,33
27,player,796,0,0,114.36,579.90,199.89,753.09,33
27,player,797,0,0,110.14,579.21,195.66,752.39,33
27,player,798,0,0,105.91,578.51,191.43,751.70,33
27,player,799,0,0,101.68,577.81,187.21,751.00,33
27,player,800,0,0,97.46,577.12,182.98,750.30,33
27,player,801,0,0,93.23,576.42,178.75,749.61,33
27,player,802,0,0,89.00,575.72,174.53,748.91,33
27,player,803,0,0,84.78,575.03,170.30,748.21,33
27,player,804,0,0,80.55,574.33,166.08,747.52,33
27,player,805,0,0,76.33,573.64,161.85,746.82,33
27,player,806,0,0,72.10,572.94,157.62,746.13,33
27,player,807,0,0,67.87,572.24,153.40,745.43,33
27,player,808,0,0,63.65,571.55,149.17,744.73,33
27,player,809,0,0,59.42,570.85,144.94,744.04,33
27,player,810,0,0,55.19,570.16,140.72,743.34,33
27,player,811,0,0,50.97,569.46,136.49,742.65,33
27,player,812,0,0,46.74,568.76,132.26,741.95,33
27,player,813,0,0,42.51,568.07,128.04,741.25,33
27,player,814,0,0,38.29,567.37,123.81,740.56,33
27,player,815,0,0,34.06,566.68,119.58,739.86,33
27,player,816,0,0,29.83,565.98,115.36,739.16,33
27,player,817,0,0,25.61,565.28,111.13,738.47,33
27,player,818,0,0,21.38,564.59,106.91,737.77,33
27,player,819,0,0,20.67,561.74,106.19,734.92,33
27,player,820,0,0,19.96,558.89,105.48,732.07,33
27,player,821,0,0,19.24,556.04,104.77,729.22,33
27,player,822,0,0,18.47,556.04,103.23,729.22,33
27,player,823,0,0,17.70,556.04,101.69,729.22,33
27,player,824,0,0,16.93,556.04,100.15,729.22,33
27,player,825,0,0,16.17,556.04,98.61,729.22,33
27,player,826,0,0,15.40,556.04,97.07,729.22,33
27,player,827,0,0,14.63,556.04,95.53,729.22,33
27,player,828,0,0,13.86,556.04,93.99,729.22,33
27,player,829,0,0,13.09,556.04,92.45,729.22,33
27,player,830,0,0,12.32,556.04,90.91,729.22,33
27,player,831,0,0,11.55,556.04,89.37,729.22,33
27,player,832,0,0,10.78,556.04,87.83,729.22,33
27,player,833,0,0,10.01,556.04,86.29,729.22,33
27,player,834,0,0,9.24,556.04,84.76,729.22,33
27,player,835,0,0,8.47,556.04,83.22,729.22,33
27,player,836,0,0,7.70,556.04,81.68,729.22,33
27,player,837,0,0,6.93,556.04,80.14,729.22,33
27,player,838,0,0,6.16,556.04,78.60,729.22,33
27,player,839,0,0,5.39,556.04,77.06,729.22,33
27,player,840,0,0,4.62,556.04,75.52,729.22,33
27,player,841,0,0,3.85,556.04,73.98,729.22,33
27,player,842,0,0,3.08,556.04,72.44,729.22,33
27,player,843,0,0,2.31,556.04,70.90,729.22,33
27,player,844,0,0,1.54,556.04,69.36,729.22,33
27,player,845,0,0,0.77,556.04,67.82,729.22,33
27,player,846,0,0,0.00,556.04,66.28,729.22,33
27,player,847,0,0,0.00,556.04,66.28,729.22,33
27,player,848,0,0,0.00,556.04,66.28,729.22,33
27,player,849,0,0,0.00,556.04,66.28,729.22,33
27,player,850,0,0,0.00,556.04,66.28,729.22,33
27,player,851,0,0,0.00,556.04,66.28,729.22,33
27,player,852,0,0,0.00,556.04,66.28,729.22,33
27,player,853,0,0,0.00,556.04,66.28,729.22,33
27,player,854,0,0,0.00,556.04,66.28,729.22,33
27,player,855,0,0,0.00,556.04,66.28,729.22,33
27,player,856,0,0,0.00,556.04,66.28,729.22,33
27,player,857,0,0,0.00,556.04,66.28,729.22,33
27,player,858,0,0,0.00,556.04,66.28,729.22,33
27,player,859,0,0,0.00,556.04,66.28,729.22,33
27,player,860,0,0,0.00,556.04,66.28,729.22,33
27,player,861,0,0,0.00,556.04,66.28,729.22,33
27,player,862,0,0,0.00,556.04,66.28,729.22,33
27,player,863,0,0,0.00,556.04,66.28,729.22,33
27,player,864,0,0,0.00,556.04,66.28,729.22,33
27,player,865,0,0,0.00,556.04,66.28,729.22,33
27,player,866,0,0,0.00,556.04,66.28,729.22,33
27,player,867,0,0,0.00,556.04,66.28,729.22,33
27,player,868,0,0,0.00,556.04,66.28,729.22,33
27,player,869,0,0,0.00,556.04,66.28,729.22,33
27,player,870,0,0,0.00,556.04,66.28,729.22,33
27,player,871,0,0,0.00,556.04,66.28,729.22,33
27,player,872,0,0,0.00,556.04,66.28,729.22,33
27,player,873,0,0,0.00,556.04,66.28,729.22,33
27,player,874,0,0,0.00,556.04,66.28,729.22,33
27,player,875,0,0,0.00,556.04,66.28,729.22,33
27,player,876,0,0,0.00,556.04,66.28,729.22,33
27,player,877,0,0,0.00,556.04,66.28,729.22,33
27,player,878,0,0,0.00,556.04,66.28,729.22,33
27,player,879,0,0,0.00,556.04,66.28,729.22,33
27,player,880,0,0,0.00,556.04,66.28,729.22,33
27,player,881,0,0,0.00,556.04,66.28,729.22,33
27,player,882,0,0,0.00,556.04,66.28,729.22,33
27,player,883,0,0,0.00,556.04,66.28,729.22,33
27,player,884,0,0,0.00,556.04,66.28,729.22,33
27,player,885,0,0,0.00,556.04,66.28,729.22,33
27,player,886,0,0,0.00,556.04,66.28,729.22,33
27,player,887,0,0,0.00,556.04,66.28,729.22,33
27,player,888,0,0,0.00,556.04,66.28,729.22,33
27,player,889,0,0,0.00,556.04,66.28,729.22,33
27,player,890,0,0,0.00,556.04,66.28,729.22,33
27,player,891,0,0,0.00,556.04,66.28,729.22,33
27,player,892,0,0,0.00,556.04,66.28,729.22,33
27,player,893,0,0,0.00,556.04,66.28,729.22,33
27,player,894,0,0,0.00,556.04,66.28,729.22,33
27,player,895,0,0,0.00,556.04,66.28,729.22,33
27,player,896,0,0,0.00,556.04,66.28,729.22,33
27,player,897,0,0,0.00,556.04,66.28,729.22,33
27,player,898,0,0,0.00,556.04,66.28,729.22,33
27,player,899,0,0,0.00,556.04,66.28,729.22,33
28,player,722,0,0,421.20,342.23,496.00,489.79,18
28,player,723,0,0,440.02,341.37,514.82,488.94,18
28,player,724,0,0,458.83,340.52,533.63,488.08,18
28,player,725,0,0,477.65,339.66,552.45,487.22,18
28,player,726,0,0,496.46,338.81,571.26,486.37,18
28,player,727,0,0,515.28,337.95,590.08,485.51,18
28,player,728,0,0,530.25,336.35,605.04,483.91,18
28,player,729,0,0,545.21,334.74,620.01,482.31,18
28,player,730,0,0,560.18,333.14,634.97,480.70,18
28,player,731,0,0,575.15,331.54,649.94,479.10,18
28,player,732,0,0,589.26,332.96,664.05,480.52,18
28,player,733,0,0,603.37,334.39,678.16,481.95,18
28,player,734,0,0,617.48,335.81,692.28,483.38,18
28,player,735,0,0,631.59,337.24,706.39,484.80,18
28,player,736,0,0,645.70,338.66,720.50,486.23,18
28,player,737,0,0,659.81,340.09,734.61,487.65,18
28,player,738,0,0,673.93,341.51,748.72,489.08,18
28,player,739,0,0,688.04,342.94,762.83,490.50,18
28,player,740,0,0,702.15,344.36,776.94,491.93,18
28,player,741,0,0,716.26,345.79,791.06,493.35,18
28,player,742,0,0,730.37,347.22,805.17,494.78,18
28,player,743,0,0,744.48,348.64,819.28,496.20,18
28,player,744,0,0,758.59,350.07,833.39,497.63,18
28,player,745,0,0,772.71,351.49,847.50,499.05,18
28,player,746,0,0,786.82,352.92,861.61,500.48,18
28,player,747,0,0,787.06,353.82,861.86,501.38,18
28,player,748,0,0,787.31,354.73,862.11,502.29,18
28,player,749,0,0,787.56,355.63,862.35,503.19,18
28,player,750,0,0,787.80,356.54,862.60,504.10,18
28,player,751,0,0,788.05,357.44,862.85,505.00,18
28,player,752,0,0,788.30,358.34,863.09,505.91,18
28,player,753,0,0,788.54,359.25,863.34,506.81,18
28,player,754,0,0,788.79,360.15,863.59,507.72,18
28,player,755,0,0,789.04,361.06,863.83,508.62,18
28,player,756,0,0,789.28,361.96,864.08,509.53,18
28,player,757,0,0,789.53,362.87,864.33,510.43,18
28,player,758,0,0,789.78,363.77,864.57,511.33,18
28,player,759,0,0,790.02,364.68,864.82,512.24,18
28,player,760,0,0,790.27,365.58,865.07,513.14,18
28,player,761,0,0,790.52,366.49,865.31,514.05,18
28,player,762,0,0,790.76,367.39,865.56,514.95,18
28,player,763,0,0,791.01,368.29,865.81,515.86,18
28,player,764,0,0,791.26,369.20,866.05,516.76,18
28,player,765,0,0,791.50,370.10,866.30,517.67,18
28,player,766,0,0,791.75,371.01,866.55,518.57,18
28,player,767,0,0,792.00,371.91,866.79,519.48,18
28,player,768,0,0,792.24,372.82,867.04,520.38,18
28,player,769,0,0,792.49,373.72,867.29,521.28,18
28,player,770,0,0,792.74,374.63,867.53,522.19,18
28,player,771,0,0,792.98,375.53,867.78,523.09,18
28,player,772,0,0,793.23,376.44,868.03,524.00,18
28,player,773,0,0,792.91,375.65,867.70,523.21,18
28,player,774,0,0,792.58,374.86,867.38,522.42,18
28,player,775,0,0,792.25,374.07,867.05,521.63,18
28,player,776,0,0,791.93,373.27,866.72,520.84,18
28,player,777,0,0,791.60,372.48,866.40,520.05,18
28,player,778,0,0,791.28,371.69,866.07,519.26,18
28,player,779,0,0,790.95,370.90,865.75,518.47,18
28,player,780,0,0,790.63,370.11,865.42,517.68,18
28,player,781,0,0,790.30,369.32,865.10,516.89,18
28,player,782,0,0,789.98,368.53,864.77,516.10,18
28,player,783,0,0,789.65,367.74,864.45,515.31,18
28,player,784,0,0,789.33,366.95,864.12,514.52,18
28,player,785,0,0,789.00,366.16,863.80,513.73,18
28,player,786,0,0,788.68,365.37,863.47,512.94,18
28,player,787,0,0,788.35,364.58,863.15,512.15,18
28,player,788,0,0,788.02,363.79,862.82,511.36,18
28,player,789,0,0,787.70,363.00,862.50,510.57,18
28,player,790,0,0,787.37,362.21,862.17,509.78,18
28,player,791,0,0,787.05,361.42,861.84,508.99,18
28,player,792,0,0,786.72,360.63,861.52,508.20,18
28,player,793,0,0,786.40,359.84,861.19,507.40,18
28,player,794,0,0,786.07,359.05,860.87,506.61,18
28,player,795,0,0,785.75,358.26,860.54,505.82,18
28,player,796,0,0,785.42,357.47,860.22,505.03,18
28,player,797,0,0,785.10,356.68,859.89,504.24,18
28,player,798,0,0,784.77,355.89,859.57,503.45,18
28,player,799,0,0,784.45,355.10,859.24,502.66,18
28,player,800,0,0,784.12,354.31,858.92,501.87,18
28,player,801,0,0,783.79,353.52,858.59,501.08,18
28,player,802,0,0,783.47,352.73,858.27,500.29,18
28,player,803,0,0,783.14,351.94,857.94,499.50,18
28,player,804,0,0,782.82,351.15,857.61,498.71,18
28,player,805,0,0,782.49,350.36,857.29,497.92,18
28,player,806,0,0,782.17,349.57,856.96,497.13,18
28,player,807,0,0,781.84,348.78,856.64,496.34,18
28,player,808,0,0,781.52,347.99,856.31,495.55,18
28,player,809,0,0,781.19,347.20,855.99,494.76,18
28,player,810,0,0,780.87,346.41,855.66,493.97,18
28,player,811,0,0,780.54,345.62,855.34,493.18,18
28,player,812,0,0,780.22,344.83,855.01,492.39,18
28,player,813,0,0,779.89,344.04,854.69,491.60,18
28,player,814,0,0,779.57,343.25,854.36,490.81,18
28,player,815,0,0,779.24,342.46,854.04,490.02,18
28,player,816,0,0,778.91,341.67,853.71,489.23,18
28,player,817,0,0,778.59,340.88,853.38,488.44,18
28,player,818,0,0,778.26,340.09,853.06,487.65,18
28,player,819,0,0,775.41,338.66,850.21,486.23,18
28,player,820,0,0,772.56,337.24,847.36,484.80,18
28,player,821,0,0,769.71,335.81,844.51,483.37,18
28,player,822,0,0,767.66,334.96,842.45,482.52,18
28,player,823,0,0,765.61,334.10,840.40,481.66,18
28,player,824,0,0,763.55,333.25,838.35,480.81,18
28,player,825,0,0,761.50,332.39,836.30,479.95,18
28,player,826,0,0,759.45,331.54,834.24,479.10,18
28,player,827,0,0,757.40,330.68,832.19,478.24,18
28,player,828,0,0,755.34,329.82,830.14,477.39,18
28,player,829,0,0,753.29,328.97,828.09,476.53,18
28,player,830,0,0,751.24,328.11,826.03,475.68,18
28,player,831,0,0,749.19,327.26,823.98,474.82,18
28,player,832,0,0,747.13,326.40,821.93,473.97,18
28,player,833,0,0,745.08,325.55,819.88,473.11,18
28,player,834,0,0,743.03,324.69,817.82,472.26,18
28,player,835,0,0,740.97,323.84,815.77,471.40,18
28,player,836,0,0,738.92,322.98,813.72,470.55,18
28,player,837,0,0,736.87,322.13,811.67,469.69,18
28,player,838,0,0,734.82,321.27,809.61,468.84,18
28,player,839,0,0,732.76,320.42,807.56,467.98,18
28,player,840,0,0,730.71,319.56,805.51,467.12,18
28,player,841,0,0,728.66,318.71,803.46,466.27,18
28,player,842,0,0,726.61,317.85,801.40,465.41,18
28,player,843,0,0,724.55,317.00,799.35,464.56,18
28,player,844,0,0,722.50,316.14,797.30,463.70,18
28,player,845,0,0,720.45,315.29,795.24,462.85,18
28,player,846,0,0,718.40,314.43,793.19,461.99,18
28,player,847,0,0,717.11,314.43,791.91,461.99,18
28,player,848,0,0,715.83,314.43,790.63,461.99,18
28,player,849,0,0,714.55,314.43,789.34,461.99,18
28,player,850,0,0,713.27,314.43,788.06,461.99,18
28,player,851,0,0,711.98,314.43,786.78,461.99,18
28,player,852,0,0,710.70,314.43,785.50,461.99,18
28,player,853,0,0,709.42,314.43,784.21,461.99,18
28,player,854,0,0,708.13,314.43,782.93,461.99,18
28,player,855,0,0,706.85,314.43,781.65,461.99,18
28,player,856,0,0,705.57,314.43,780.36,461.99,18
28,player,857,0,0,705.57,314.43,780.36,461.99,18
28,player,858,0,0,705.57,314.43,780.36,461.99,18
28,player,859,0,0,705.57,314.43,780.36,461.99,18
28,player,860,0,0,705.57,314.43,780.36,461.99,18
28,player,861,0,0,705.57,314.43,780.36,461.99,18
28,player,862,0,0,705.57,314.43,780.36,461.99,18
28,player,863,0,0,705.57,314.43,780.36,461.99,18
28,player,864,0,0,705.57,314.43,780.36,461.99,18
28,player,865,0,0,705.57,314.43,780.36,461.99,18
28,player,866,0,0,705.57,314.43,780.36,461.99,18
28,player,867,0,0,705.57,314.43,780.36,461.99,18
28,player,868,0,0,705.57,314.43,780.36,461.99,18
28,player,869,0,0,705.57,314.43,780.36,461.99,18
28,player,870,0,0,705.57,314.43,780.36,461.99,18
28,player,871,0,0,705.57,314.43,780.36,461.99,18
28,player,872,0,0,705.57,314.43,780.36,461.99,18
28,player,873,0,0,705.57,314.43,780.36,461.99,18
28,player,874,0,0,705.57,314.43,780.36,461.99,18
28,player,875,0,0,705.57,314.43,780.36,461.99,18
28,player,876,0,0,705.57,314.43,780.36,461.99,18
28,player,877,0,0,705.57,314.43,780.36,461.99,18
28,player,878,0,0,705.57,314.43,780.36,461.99,18
28,player,879,0,0,705.57,314.43,780.36,461.99,18
28,player,880,0,0,705.57,314.43,780.36,461.99,18
28,player,881,0,0,705.57,314.43,780.36,461.99,18
28,player,882,0,0,705.57,314.43,780.36,461.99,18
28,player,883,0,0,705.57,314.43,780.36,461.99,18
28,player,884,0,0,705.57,314.43,780.36,461.99,18
28,player,885,0,0,705.57,314.43,780.36,461.99,18
28,player,886,0,0,705.57,314.43,780.36,461.99,18
28,player,887,0,0,705.57,314.43,780.36,461.99,18
28,player,888,0,0,705.57,314.43,780.36,461.99,18
28,player,889,0,0,705.57,314.43,780.36,461.99,18
28,player,890,0,0,705.57,314.43,780.36,461.99,18
28,player,891,0,0,705.57,314.43,780.36,461.99,18
28,player,892,0,0,705.57,314.43,780.36,461.99,18
28,player,893,0,0,705.57,314.43,780.36,461.99,18
28,player,894,0,0,705.57,314.43,780.36,461.99,18
28,player,895,0,0,705.57,314.43,780.36,461.99,18
28,player,896,0,0,705.57,314.43,780.36,461.99,18
28,player,897,0,0,705.57,314.43,780.36,461.99,18
28,player,898,0,0,705.57,314.43,780.36,461.99,18
28,player,899,0,0,705.57,314.43,780.36,461.99,18
29,player,722,0,0,372.00,290.91,444.72,421.30,28
29,player,723,0,0,386.12,292.62,457.97,423.01,28
29,player,724,0,0,400.23,294.33,471.22,424.72,28
29,player,725,0,0,414.35,296.04,484.47,426.43,28
29,player,726,0,0,428.46,297.76,497.73,428.14,28
29,player,727,0,0,442.58,299.47,510.98,429.85,28
29,player,728,0,0,454.87,299.47,523.27,429.85,28
29,player,729,0,0,467.16,299.47,535.56,429.85,28
29,player,730,0,0,479.46,299.47,547.86,429.85,28
29,player,731,0,0,491.75,299.47,560.15,429.85,28
29,player,732,0,0,499.88,300.32,568.28,430.71,28
29,player,733,0,0,508.00,301.18,576.40,431.56,28
29,player,734,0,0,516.12,302.03,584.53,432.42,28
29,player,735,0,0,524.25,302.89,592.65,433.27,28
29,player,736,0,0,532.37,303.74,600.77,434.13,28
29,player,737,0,0,540.50,304.60,608.90,434.98,28
29,player,738,0,0,548.62,305.45,617.02,435.84,28
29,player,739,0,0,556.75,306.31,625.15,436.69,28
29,player,740,0,0,564.87,307.16,633.27,437.55,28
29,player,741,0,0,573.00,308.02,641.40,438.40,28
29,player,742,0,0,581.12,308.87,649.52,439.26,28
29,player,743,0,0,589.25,309.73,657.65,440.12,28
29,player,744,0,0,597.37,310.58,665.77,440.97,28
29,player,745,0,0,605.50,311.44,673.90,441.83,28
29,player,746,0,0,613.62,312.29,682.02,442.68,28
29,player,747,0,0,608.77,312.87,677.17,443.26,28
29,player,748,0,0,603.92,313.45,672.32,443.83,28
29,player,749,0,0,599.07,314.02,667.47,444.41,28
29,player,750,0,0,594.21,314.60,662.61,444.98,28
29,player,751,0,0,589.36,315.17,657.76,445.56,28
29,player,752,0,0,584.51,315.75,652.91,446.13,28
29,player,753,0,0,579.66,316.32,648.06,446.71,28
29,player,754,0,0,574.81,316.90,643.21,447.29,28
29,player,755,0,0,569.96,317.47,638.36,447.86,28
29,player,756,0,0,565.10,318.05,633.50,448.44,28
29,player,757,0,0,560.25,318.63,628.65,449.01,28
29,player,758,0,0,555.40,319.20,623.80,449.59,28
29,player,759,0,0,550.55,319.78,618.95,450.16,28
29,player,760,0,0,545.70,320.35,614.10,450.74,28
29,player,761,0,0,540.84,320.93,609.24,451.31,28
29,player,762,0,0,535.99,321.50,604.39,451.89,28
29,player,763,0,0,531.14,322.08,599.54,452.47,28
29,player,764,0,0,526.29,322.65,594.69,453.04,28
29,player,765,0,0,521.44,323.23,589.84,453.62,28
29,player,766,0,0,516.59,323.81,584.99,454.19,28
29,player,767,0,0,511.73,324.38,580.13,454.77,28
29,player,768,0,0,506.88,324.96,575.28,455.34,28
29,player,769,0,0,502.03,325.53,570.43,455.92,28
29,player,770,0,0,497.18,326.11,565.58,456.50,28
29,player,771,0,0,492.33,326.68,560.73,457.07,28
29,player,772,0,0,487.47,327.26,555.88,457.65,28
29,player,773,0,0,480.35,326.55,548.75,456.93,28
29,player,774,0,0,473.22,325.83,541.62,456.22,28
29,player,775,0,0,466.09,325.12,534.49,455.51,28
29,player,776,0,0,456.90,325.57,525.30,455.96,28
29,player,777,0,0,447.70,326.02,516.10,456.40,28
29,player,778,0,0,438.50,326.46,506.90,456.85,28
29,player,779,0,0,429.30,326.91,497.70,457.30,28
29,player,780,0,0,420.10,327.36,488.50,457.75,28
29,player,781,0,0,410.90,327.81,479.30,458.19,28
29,player,782,0,0,401.70,328.25,470.10,458.64,28
29,player,783,0,0,392.50,328.70,460.90,459.09,28
29,player,784,0,0,383.31,329.15,451.71,459.54,28
29,player,785,0,0,374.11,329.60,442.51,459.98,28
29,player,786,0,0,364.91,330.04,433.31,460.43,28
29,player,787,0,0,355.71,330.49,424.11,460.88,28
29,player,788,0,0,346.51,330.94,414.91,461.33,28
29,player,789,0,0,337.31,331.39,405.71,461.77,28
29,player,790,0,0,328.11,331.83,396.51,462.22,28
29,player,791,0,0,318.91,332.28,387.31,462.67,28
29,player,792,0,0,309.72,332.73,378.12,463.12,28
29,player,793,0,0,300.52,333.18,368.92,463.56,28
29,player,794,0,0,291.32,333.62,359.72,464.01,28
29,player,795,0,0,282.12,334.07,350.52,464.46,28
29,player,796,0,0,272.92,334.52,341.32,464.91,28
29,player,797,0,0,263.72,334.97,332.12,465.35,28
29,player,798,0,0,254.52,335.41,322.92,465.80,28
29,player,799,0,0,245.32,335.86,313.72,466.25,28
29,player,800,0,0,236.13,336.31,304.53,466.70,28
29,player,801,0,0,226.93,336.76,295.33,467.14,28
29,player,802,0,0,217.73,337.20,286.13,467.59,28
29,player,803,0,0,208.53,337.65,276.93,468.04,28
29,player,804,0,0,199.33,338.10,267.73,468.49,28
29,player,805,0,0,190.13,338.55,258.53,468.93,28
29,player,806,0,0,180.93,338.99,249.33,469.38,28
29,player,807,0,0,171.73,339.44,240.13,469.83,28
29,player,808,0,0,162.54,339.89,230.94,470.28,28
29,player,809,0,0,153.34,340.34,221.74,470.72,28
29,player,810,0,0,144.14,340.78,212.54,471.17,28
29,player,811,0,0,134.94,341.23,203.34,471.62,28
29,player,812,0,0,125.74,341.68,194.14,472.07,28
29,player,813,0,0,116.54,342.13,184.94,472.51,28
29,player,814,0,0,107.34,342.57,175.74,472.96,28
29,player,815,0,0,98.14,343.02,166.54,473.41,28
29,player,816,0,0,88.95,343.47,157.35,473.86,28
29,player,817,0,0,79.75,343.92,148.15,474.30,28
29,player,818,0,0,70.55,344.36,138.95,474.75,28
29,player,819,0,0,67.70,343.65,136.10,474.04,28
29,player,820,0,0,64.85,342.94,133.25,473.33,28
29,player,821,0,0,62.00,342.23,130.40,472.61,28
29,player,822,0,0,62.00,342.23,130.40,472.61,28
29,player,823,0,0,62.00,342.23,130.40,472.61,28
29,player,824,0,0,62.00,342.23,130.40,472.61,28
29,player,825,0,0,62.00,342.23,130.40,472.61,28
29,player,826,0,0,62.00,342.23,130.40,472.61,28
29,player,827,0,0,62.00,342.23,130.40,472.61,28
29,player,828,0,0,62.00,342.23,130.40,472.61,28
29,player,829,0,0,62.00,342.23,130.40,472.61,28
29,player,830,0,0,62.00,342.23,130.40,472.61,28
29,player,831,0,0,62.00,342.23,130.40,472.61,28
29,player,832,0,0,62.00,342.23,130.40,472.61,28
29,player,833,0,0,62.00,342.23,130.40,472.61,28
29,player,834,0,0,62.00,342.23,130.40,472.61,28
29,player,835,0,0,62.00,342.23,130.40,472.61,28
29,player,836,0,0,62.00,342.23,130.40,472.61,28
29,player,837,0,0,62.00,342.23,130.40,472.61,28
29,player,838,0,0,62.00,342.23,130.40,472.61,28
29,player,839,0,0,62.00,342.23,130.40,472.61,28
29,player,840,0,0,62.00,342.23,130.40,472.61,28
29,player,841,0,0,62.00,342.23,130.40,472.61,28
29,player,842,0,0,62.00,342.23,130.40,472.61,28
29,player,843,0,0,62.00,342.23,130.40,472.61,28
29,player,844,0,0,62.00,342.23,130.40,472.61,28
29,player,845,0,0,62.00,342.23,130.40,472.61,28
29,player,846,1,0,62.00,342.23,130.40,472.61,28
30,player,722,0,0,59.87,453.41,145.39,626.59,9
30,player,723,0,0,84.24,454.26,169.33,621.04,9
30,player,724,0,0,108.62,455.12,193.27,615.48,9
30,player,725,0,0,132.99,455.97,217.22,609.92,9
30,player,726,0,0,157.36,456.83,241.16,604.36,9
30,player,727,0,0,181.74,457.68,265.10,598.80,9
30,player,728,0,0,201.52,456.08,284.88,597.20,9
30,player,729,0,0,221.29,454.48,304.65,595.59,9
30,player,730,0,0,241.07,452.87,324.43,593.99,9
30,player,731,0,0,260.85,451.27,344.21,592.39,9
30,player,732,0,0,278.24,448.99,361.60,590.11,9
30,player,733,0,0,295.63,446.71,378.99,587.82,9
30,player,734,0,0,313.02,444.43,396.38,585.54,9
30,player,735,0,0,330.41,442.15,413.77,583.26,9
30,player,736,0,0,347.80,439.87,431.16,580.98,9
30,player,737,0,0,365.18,437.59,448.55,578.70,9
30,player,738,0,0,382.57,435.31,465.94,576.42,9
30,player,739,0,0,399.96,433.03,483.33,574.14,9
30,player,740,0,0,417.35,430.74,500.72,571.86,9
30,player,741,0,0,434.74,428.46,518.11,569.58,9
30,player,742,0,0,452.13,426.18,535.50,567.30,9
30,player,743,0,0,469.52,423.90,552.88,565.02,9
30,player,744,0,0,486.91,421.62,570.27,562.74,9
30,player,745,0,0,504.30,419.34,587.66,560.46,9
30,player,746,0,0,521.69,417.06,605.05,558.18,9
30,player,747,0,0,521.53,415.83,604.89,556.94,9
30,player,748,0,0,521.36,414.59,604.73,555.71,9
30,player,749,0,0,521.20,413.36,604.56,554.48,9
30,player,750,0,0,521.03,412.13,604.40,553.24,9
30,player,751,0,0,520.87,410.89,604.23,552.01,9
30,player,752,0,0,520.71,409.66,604.07,550.77,9
30,player,753,0,0,520.54,408.43,603.90,549.54,9
30,player,754,0,0,520.38,407.19,603.74,548.31,9
30,player,755,0,0,520.21,405.96,603.57,547.07,9
30,player,756,0,0,520.05,404.73,603.41,545.84,9
30,player,757,0,0,519.88,403.49,603.24,544.61,9
30,player,758,0,0,519.72,402.26,603.08,543.37,9
30,player,759,0,0,519.55,401.02,602.92,542.14,9
30,player,760,0,0,519.39,399.79,602.75,540.91,9
30,player,761,0,0,519.23,398.56,602.59,539.67,9
30,player,762,0,0,519.06,397.32,602.42,538.44,9
30,player,763,0,0,518.90,396.09,602.26,537.21,9
30,player,764,0,0,518.73,394.86,602.09,535.97,9
30,player,765,0,0,518.57,393.62,601.93,534.74,9
30,player,766,0,0,518.40,392.39,601.76,533.51,9
30,player,767,0,0,518.24,391.16,601.60,532.27,9
30,player,768,0,0,518.07,389.92,601.44,531.04,9
30,player,769,0,0,517.91,388.69,601.27,529.81,9
30,player,770,0,0,517.74,387.46,601.11,528.57,9
30,player,771,0,0,517.58,386.22,600.94,527.34,9
30,player,772,0,0,517.42,384.99,600.78,526.10,9
30,player,773,0,0,512.43,382.85,595.79,523.97,9
30,player,774,0,0,507.44,380.71,590.80,521.83,9
30,player,775,0,0,502.45,378.58,585.81,519.69,9
30,player,776,0,0,496.53,377.68,579.89,518.80,9
30,player,777,0,0,490.62,376.79,573.98,517.90,9
30,player,778,0,0,484.70,375.89,568.06,517.01,9
30,player,779,0,0,478.78,375.00,562.14,516.11,9
30,player,780,0,0,472.87,374.10,556.23,515.22,9
30,player,781,0,0,466.95,373.21,550.31,514.32,9
30,player,782,0,0,461.03,372.31,544.39,513.43,9
30,player,783,0,0,455.11,371.42,538.48,512.53,9
30,player,784,0,0,449.20,370.52,532.56,511.64,9
30,player,785,0,0,443.28,369.63,526.64,510.74,9
30,player,786,0,0,437.36,368.73,520.72,509.85,9
30,player,787,0,0,431.45,367.84,514.81,508.95,9
30,player,788,0,0,425.53,366.94,508.89,508.06,9
30,player,789,0,0,419.61,366.05,502.97,507.16,9
30,player,790,0,0,413.69,365.15,497.06,506.27,9
30,player,791,0,0,407.78,364.26,491.14,505.37,9
30,player,792,0,0,401.86,363.36,485.22,504.48,9
30,player,793,0,0,395.94,362.47,479.31,503.58,9
30,player,794,0,0,390.03,361.57,473.39,502.69,9
30,player,795,0,0,384.11,360.68,467.47,501.79,9
30,player,796,0,0,378.19,359.78,461.55,500.90,9
30,player,797,0,0,372.28,358.89,455.64,500.00,9
30,player,798,0,0,366.36,357.99,449.72,499.11,9
30,player,799,0,0,360.44,357.09,443.80,498.21,9
30,player,800,0,0,354.52,356.20,437.89,497.32,9
30,player,801,0,0,348.61,355.30,431.97,496.42,9
30,player,802,0,0,342.69,354.41,426.05,495.53,9
30,player,803,0,0,336.77,353.51,420.13,494.63,9
30,player,804,0,0,330.86,352.62,414.22,493.74,9
30,player,805,0,0,324.94,351.72,408.30,492.84,9
30,player,806,0,0,319.02,350.83,402.38,491.95,9
30,player,807,0,0,313.10,349.93,396.47,491.05,9
30,player,808,0,0,307.19,349.04,390.55,490.16,9
30,player,809,0,0,301.27,348.14,384.63,489.26,9
30,player,810,0,0,295.35,347.25,378.72,488.37,9
30,player,811,0,0,289.44,346.35,372.80,487.47,9
30,player,812,0,0,283.52,345.46,366.88,486.58,9
30,player,813,0,0,277.60,344.56,360.96,485.68,9
30,player,814,0,0,271.69,343.67,355.05,484.79,9
30,player,815,0,0,265.77,342.77,349.13,483.89,9
30,player,816,0,0,259.85,341.88,343.21,483.00,9
30,player,817,0,0,253.93,340.98,337.30,482.10,9
30,player,818,0,0,248.02,340.09,331.38,481.21,9
30,player,819,0,0,249.44,340.09,332.80,481.21,9
30,player,820,0,0,250.87,340.09,334.23,481.21,9
30,player,821,0,0,252.29,340.09,335.66,481.21,9
30,player,822,0,0,249.56,340.35,332.92,481.46,9
30,player,823,0,0,246.82,340.60,330.18,481.72,9
30,player,824,0,0,244.08,340.86,327.45,481.97,9
30,player,825,0,0,241.35,341.12,324.71,482.23,9
30,player,826,0,0,238.61,341.37,321.97,482.49,9
30,player,827,0,0,235.87,341.63,319.24,482.74,9
30,player,828,0,0,233.14,341.89,316.50,483.00,9
30,player,829,0,0,230.40,342.14,313.76,483.26,9
30,player,830,0,0,227.66,342.40,311.02,483.51,9
30,player,831,0,0,224.93,342.66,308.29,483.77,9
30,player,832,0,0,222.19,342.91,305.55,484.03,9
30,player,833,0,0,219.45,343.17,302.81,484.28,9
30,player,834,0,0,216.72,343.43,300.08,484.54,9
30,player,835,0,0,213.98,343.68,297.34,484.80,9
30,player,836,0,0,211.24,343.94,294.60,485.05,9
30,player,837,0,0,208.51,344.19,291.87,485.31,9
30,player,838,0,0,205.77,344.45,289.13,485.57,9
30,player,839,0,0,203.03,344.71,286.39,485.82,9
30,player,840,0,0,200.30,344.96,283.66,486.08,9
30,player,841,0,0,197.56,345.22,280.92,486.34,9
30,player,842,0,0,194.82,345.48,278.18,486.59,9
30,player,843,0,0,192.09,345.73,275.45,486.85,9
30,player,844,0,0,189.35,345.99,272.71,487.11,9
30,player,845,0,0,186.61,346.25,269.97,487.36,9
30,player,846,0,0,183.88,346.50,267.24,487.62,9
30,player,847,0,0,179.60,347.36,262.96,488.47,9
30,player,848,0,0,175.32,348.21,258.68,489.33,9
30,player,849,0,0,171.05,349.07,254.41,490.19,9
30,player,850,0,0,166.77,349.93,250.13,491.04,9
30,player,851,0,0,162.49,350.78,245.86,491.90,9
30,player,852,0,0,158.22,351.64,241.58,492.75,9
30,player,853,0,0,153.94,352.49,237.30,493.61,9
30,player,854,0,0,149.67,353.35,233.03,494.46,9
30,player,855,0,0,145.39,354.20,228.75,495.32,9
30,player,856,0,0,141.11,355.06,224.48,496.17,9
30,player,857,0,0,141.11,355.06,224.48,496.17,9
30,player,858,0,0,141.11,355.06,224.48,496.17,9
30,player,859,0,0,141.11,355.06,224.48,496.17,9
30,player,860,0,0,141.11,355.06,224.48,496.17,9
30,player,861,0,0,141.11,355.06,224.48,496.17,9
30,player,862,0,0,141.11,355.06,224.48,496.17,9
30,player,863,0,0,141.11,355.06,224.48,496.17,9
30,player,864,0,0,141.11,355.06,224.48,496.17,9
30,player,865,0,0,141.11,355.06,224.48,496.17,9
30,player,866,0,0,141.11,355.06,224.48,496.17,9
30,player,867,0,0,141.11,355.06,224.48,496.17,9
30,player,868,0,0,141.11,355.06,224.48,496.17,9
30,player,869,0,0,141.11,355.06,224.48,496.17,9
30,player,870,0,0,141.11,355.06,224.48,496.17,9
30,player,871,0,0,141.11,355.06,224.48,496.17,9
30,player,872,0,0,141.11,355.06,224.48,496.17,9
30,player,873,0,0,141.11,355.06,224.48,496.17,9
30,player,874,0,0,141.11,355.06,224.48,496.17,9
30,player,875,0,0,141.11,355.06,224.48,496.17,9
30,player,876,0,0,141.11,355.06,224.48,496.17,9
30,player,877,0,0,141.11,355.06,224.48,496.17,9
30,player,878,0,0,141.11,355.06,224.48,496.17,9
30,player,879,0,0,141.11,355.06,224.48,496.17,9
30,player,880,0,0,141.11,355.06,224.48,496.17,9
30,player,881,0,0,141.11,355.06,224.48,496.17,9
30,player,882,0,0,141.11,355.06,224.48,496.17,9
30,player,883,0,0,141.11,355.06,224.48,496.17,9
30,player,884,0,0,141.11,355.06,224.48,496.17,9
30,player,885,0,0,141.11,355.06,224.48,496.17,9
30,player,886,0,0,141.11,355.06,224.48,496.17,9
30,player,887,0,0,141.11,355.06,224.48,496.17,9
30,player,888,0,0,141.11,355.06,224.48,496.17,9
30,player,889,0,0,141.11,355.06,224.48,496.17,9
30,player,890,0,0,141.11,355.06,224.48,496.17,9
30,player,891,0,0,141.11,355.06,224.48,496.17,9
30,player,892,0,0,141.11,355.06,224.48,496.17,9
30,player,893,0,0,141.11,355.06,224.48,496.17,9
30,player,894,0,0,141.11,355.06,224.48,496.17,9
30,player,895,0,0,141.11,355.06,224.48,496.17,9
30,player,896,0,0,141.11,355.06,224.48,496.17,9
30,player,897,0,0,141.11,355.06,224.48,496.17,9
30,player,898,0,0,141.11,355.06,224.48,496.17,9
30,player,899,0,0,141.11,355.06,224.48,496.17,9
31,player,722,0,0,14.97,417.06,100.49,590.25,-1
31,player,723,0,0,42.76,413.64,128.29,586.83,-1
31,player,724,0,0,70.56,410.22,156.08,583.40,-1
31,player,725,0,0,98.35,406.80,183.88,579.98,-1
31,player,726,0,0,126.15,403.38,211.67,576.56,-1
31,player,727,0,0,153.94,399.96,239.47,573.14,-1
31,player,728,0,0,173.72,394.08,259.24,567.26,-1
31,player,729,0,0,193.50,388.20,279.02,561.38,-1
31,player,730,0,0,213.27,382.32,298.80,555.50,-1
31,player,731,0,0,233.05,376.44,318.58,549.62,-1
31,player,732,0,0,254.01,376.30,339.96,547.34,-1
31,player,733,0,0,274.96,376.15,361.34,545.06,-1
31,player,734,0,0,295.92,376.01,382.72,542.78,-1
31,player,735,0,0,316.88,375.87,404.10,540.50,-1
31,player,736,0,0,337.83,375.73,425.48,538.22,-1
31,player,737,0,0,358.79,375.58,446.86,535.94,-1
31,player,738,0,0,379.75,375.44,468.24,533.66,-1
31,player,739,0,0,400.70,375.30,489.62,531.38,-1
31,player,740,0,0,421.66,375.16,511.00,529.10,-1
31,player,741,0,0,442.62,375.01,532.38,526.82,-1
31,player,742,0,0,463.57,374.87,553.76,524.54,-1
31,player,743,0,0,484.53,374.73,575.15,522.26,-1
31,player,744,0,0,505.49,374.59,596.53,519.98,-1
31,player,745,0,0,526.44,374.44,617.91,517.69,-1
31,player,746,0,0,547.40,374.30,639.29,515.41,-1
31,player,747,0,0,548.47,373.81,640.36,514.92,-1
31,player,748,0,0,549.54,373.31,641.43,514.43,-1
31,player,749,0,0,550.61,372.82,642.50,513.93,-1
31,player,750,0,0,551.68,372.33,643.56,513.44,-1
31,player,751,0,0,552.75,371.83,644.63,512.95,-1
31,player,752,0,0,553.81,371.34,645.70,512.45,-1
31,player,753,0,0,554.88,370.85,646.77,511.96,-1
31,player,754,0,0,555.95,370.35,647.84,511.47,-1
31,player,755,0,0,557.02,369.86,648.91,510.97,-1
31,player,756,0,0,558.09,369.37,649.98,510.48,-1
31,player,757,0,0,559.16,368.87,651.05,509.99,-1
31,player,758,0,0,560.23,368.38,652.12,509.49,-1
31,player,759,0,0,561.30,367.89,653.19,509.00,-1
31,player,760,0,0,562.37,367.39,654.25,508.51,-1
31,player,761,0,0,563.44,366.90,655.32,508.01,-1
31,player,762,0,0,564.50,366.41,656.39,507.52,-1
31,player,763,0,0,565.57,365.91,657.46,507.03,-1
31,player,764,0,0,566.64,365.42,658.53,506.53,-1
31,player,765,0,0,567.71,364.92,659.60,506.04,-1
31,player,766,0,0,568.78,364.43,660.67,505.55,-1
31,player,767,0,0,569.85,363.94,661.74,505.05,-1
31,player,768,0,0,570.92,363.44,662.81,504.56,-1
31,player,769,0,0,571.99,362.95,663.88,504.07,-1
31,player,770,0,0,573.06,362.46,664.94,503.57,-1
31,player,771,0,0,574.13,361.96,666.01,503.08,-1
31,player,772,0,0,575.19,361.47,667.08,502.58,-1
31,player,773,0,0,569.34,361.38,661.23,502.49,-1
31,player,774,0,0,563.48,361.28,655.37,502.40,-1
31,player,775,0,0,557.62,361.19,649.51,502.31,-1
31,player,776,0,0,551.77,361.10,643.66,502.21,-1
31,player,777,0,0,545.91,361.01,637.80,502.12,-1
31,player,778,0,0,540.06,360.91,631.94,502.03,-1
31,player,779,0,0,534.20,360.82,626.09,501.93,-1
31,player,780,0,0,528.34,360.73,620.23,501.84,-1
31,player,781,0,0,522.49,360.63,614.37,501.75,-1
31,player,782,0,0,516.63,360.54,608.52,501.66,-1
31,player,783,0,0,510.77,360.45,602.66,501.56,-1
31,player,784,0,0,504.92,360.36,596.80,501.47,-1
31,player,785,0,0,499.06,360.26,590.95,501.38,-1
31,player,786,0,0,493.20,360.17,585.09,501.28,-1
31,player,787,0,0,487.35,360.08,579.23,501.19,-1
31,player,788,0,0,481.49,359.98,573.38,501.10,-1
31,player,789,0,0,475.63,359.89,567.52,501.00,-1
31,player,790,0,0,469.78,359.80,561.67,500.91,-1
31,player,791,0,0,463.92,359.70,555.81,500.82,-1
31,player,792,0,0,458.06,359.61,549.95,500.73,-1
31,player,793,0,0,452.21,359.52,544.10,500.63,-1
31,player,794,0,0,446.35,359.43,538.24,500.54,-1
31,player,795,0,0,440.49,359.33,532.38,500.45,-1
31,player,796,0,0,434.64,359.24,526.53,500.35,-1
31,player,797,0,0,428.78,359.15,520.67,500.26,-1
31,player,798,0,0,422.93,359.05,514.81,500.17,-1
31,player,799,0,0,417.07,358.96,508.96,500.08,-1
31,player,800,0,0,411.21,358.87,503.10,499.98,-1
31,player,801,0,0,405.36,358.78,497.24,499.89,-1
31,player,802,0,0,399.50,358.68,491.39,499.80,-1
31,player,803,0,0,393.64,358.59,485.53,499.70,-1
31,player,804,0,0,387.79,358.50,479.67,499.61,-1
31,player,805,0,0,381.93,358.40,473.82,499.52,-1
31,player,806,0,0,376.07,358.31,467.96,499.42,-1
31,player,807,0,0,370.22,358.22,462.10,499.33,-1
31,player,808,0,0,364.36,358.12,456.25,499.24,-1
31,player,809,0,0,358.50,358.03,450.39,499.15,-1
31,player,810,0,0,352.65,357.94,444.54,499.05,-1
31,player,811,0,0,346.79,357.85,438.68,498.96,-1
31,player,812,0,0,340.93,357.75,432.82,498.87,-1
31,player,813,0,0,335.08,357.66,426.97,498.77,-1
31,player,814,0,0,329.22,357.57,421.11,498.68,-1
31,player,815,0,0,323.36,357.47,415.25,498.59,-1
31,player,816,0,0,317.51,357.38,409.40,498.50,-1
31,player,817,0,0,311.65,357.29,403.54,498.40,-1
31,player,818,0,0,305.79,357.20,397.68,498.31,-1
31,player,819,0,0,297.24,356.48,389.13,497.60,-1
31,player,820,0,0,288.69,355.77,380.58,496.88,-1
31,player,821,0,0,280.14,355.06,372.03,496.17,-1
31,player,822,0,0,273.38,355.57,365.27,496.68,-1
31,player,823,0,0,266.63,356.08,358.51,497.20,-1
31,player,824,0,0,259.87,356.60,351.76,497.71,-1
31,player,825,0,0,253.11,357.11,345.00,498.22,-1
31,player,826,0,0,246.36,357.62,338.24,498.74,-1
31,player,827,0,0,239.60,358.14,331.49,499.25,-1
31,player,828,0,0,232.84,358.65,324.73,499.76,-1
31,player,829,0,0,226.09,359.16,317.98,500.28,-1
31,player,830,0,0,219.33,359.68,311.22,500.79,-1
31,player,831,0,0,212.57,360.19,304.46,501.30,-1
31,player,832,0,0,205.82,360.70,297.71,501.82,-1
31,player,833,0,0,199.06,361.22,290.95,502.33,-1
31,player,834,0,0,192.31,361.73,284.19,502.84,-1
31,player,835,0,0,185.55,362.24,277.44,503.36,-1
31,player,836,0,0,178.79,362.76,270.68,503.87,-1
31,player,837,0,0,172.04,363.27,263.92,504.38,-1
31,player,838,0,0,165.28,363.78,257.17,504.90,-1
31,player,839,0,0,158.52,364.29,250.41,505.41,-1
31,player,840,0,0,151.77,364.81,243.66,505.92,-1
31,player,841,0,0,145.01,365.32,236.90,506.43,-1
31,player,842,0,0,138.25,365.83,230.14,506.95,-1
31,player,843,0,0,131.50,366.35,223.39,507.46,-1
31,player,844,0,0,124.74,366.86,216.63,507.97,-1
31,player,845,0,0,117.99,367.37,209.87,508.49,-1
31,player,846,0,0,111.23,367.89,203.12,509.00,-1
31,player,847,0,0,104.39,368.53,196.28,509.64,-1
31,player,848,0,0,97.55,369.17,189.43,510.28,-1
31,player,849,0,0,90.70,369.81,182.59,510.92,-1
31,player,850,0,0,83.86,370.45,175.75,511.57,-1
31,player,851,0,0,77.02,371.09,168.91,512.21,-1
31,player,852,0,0,70.18,371.74,162.07,512.85,-1
31,player,853,0,0,63.34,372.38,155.23,513.49,-1
31,player,854,0,0,56.50,373.02,148.38,514.13,-1
31,player,855,0,0,49.65,373.66,141.54,514.77,-1
31,player,856,0,0,42.81,374.30,134.70,515.41,-1
31,player,857,0,0,42.81,374.30,134.70,515.41,-1
31,player,858,0,0,42.81,374.30,134.70,515.41,-1
31,player,859,0,0,42.81,374.30,134.70,515.41,-1
31,player,860,0,0,42.81,374.30,134.70,515.41,-1
31,player,861,0,0,42.81,374.30,134.70,515.41,-1
31,player,862,0,0,42.81,374.30,134.70,515.41,-1
31,player,863,0,0,42.81,374.30,134.70,515.41,-1
31,player,864,0,0,42.81,374.30,134.70,515.41,-1
31,player,865,0,0,42.81,374.30,134.70,515.41,-1
31,player,866,0,0,42.81,374.30,134.70,515.41,-1
31,player,867,0,0,42.81,374.30,134.70,515.41,-1
31,player,868,0,0,42.81,374.30,134.70,515.41,-1
31,player,869,0,0,42.81,374.30,134.70,515.41,-1
31,player,870,0,0,42.81,374.30,134.70,515.41,-1
31,player,871,0,0,42.81,374.30,134.70,515.41,-1
31,player,872,0,0,42.81,374.30,134.70,515.41,-1
31,player,873,0,0,42.81,374.30,134.70,515.41,-1
31,player,874,0,0,42.81,374.30,134.70,515.41,-1
31,player,875,0,0,42.81,374.30,134.70,515.41,-1
31,player,876,0,0,42.81,374.30,134.70,515.41,-1
31,player,877,0,0,42.81,374.30,134.70,515.41,-1
31,player,878,0,0,42.81,374.30,134.70,515.41,-1
31,player,879,0,0,42.81,374.30,134.70,515.41,-1
31,player,880,0,0,42.81,374.30,134.70,515.41,-1
31,player,881,0,0,42.81,374.30,134.70,515.41,-1
31,player,882,0,0,42.81,374.30,134.70,515.41,-1
31,player,883,0,0,42.81,374.30,134.70,515.41,-1
31,player,884,0,0,42.81,374.30,134.70,515.41,-1
31,player,885,0,0,42.81,374.30,134.70,515.41,-1
31,player,886,0,0,42.81,374.30,134.70,515.41,-1
31,player,887,0,0,42.81,374.30,134.70,515.41,-1
31,player,888,0,0,42.81,374.30,134.70,515.41,-1
31,player,889,0,0,42.81,374.30,134.70,515.41,-1
31,player,890,0,0,42.81,374.30,134.70,515.41,-1
31,player,891,0,0,42.81,374.30,134.70,515.41,-1
31,player,892,0,0,42.81,374.30,134.70,515.41,-1
31,player,893,0,0,42.81,374.30,134.70,515.41,-1
31,player,894,0,0,42.81,374.30,134.70,515.41,-1
31,player,895,0,0,42.81,374.30,134.70,515.41,-1
31,player,896,0,0,42.81,374.30,134.70,515.41,-1
31,player,897,0,0,42.81,374.30,134.70,515.41,-1
31,player,898,0,0,42.81,374.30,134.70,515.41,-1
31,player,899,0,0,42.81,374.30,134.70,515.41,-1
32,player,746,0,0,126.15,254.57,205.23,399.96,-1
32,player,747,0,0,124.66,254.27,203.74,399.67,-1
32,player,748,0,0,123.18,253.97,202.26,399.37,-1
32,player,749,0,0,121.69,253.68,200.77,399.07,-1
32,player,750,0,0,120.21,253.38,199.29,398.77,-1
32,player,751,0,0,118.72,253.08,197.80,398.48,-1
32,player,752,0,0,117.24,252.78,196.32,398.18,-1
32,player,753,0,0,115.75,252.49,194.83,397.88,-1
32,player,754,0,0,114.27,252.19,193.35,397.59,-1
32,player,755,0,0,112.78,251.89,191.87,397.29,-1
32,player,756,0,0,111.30,251.60,190.38,396.99,-1
32,player,757,0,0,109.81,251.30,188.90,396.70,-1
32,player,758,0,0,108.33,251.00,187.41,396.40,-1
32,player,759,0,0,106.85,250.71,185.93,396.10,-1
32,player,760,0,0,105.36,250.41,184.44,395.80,-1
32,player,761,0,0,103.88,250.11,182.96,395.51,-1
32,player,762,0,0,102.39,249.82,181.47,395.21,-1
32,player,763,0,0,100.91,249.52,179.99,394.91,-1
32,player,764,0,0,99.42,249.22,178.50,394.62,-1
32,player,765,0,0,97.94,248.92,177.02,394.32,-1
32,player,766,0,0,96.45,248.63,175.53,394.02,-1
32,player,767,0,0,94.97,248.33,174.05,393.73,-1
32,player,768,0,0,93.48,248.03,172.56,393.43,-1
32,player,769,0,0,92.00,247.74,171.08,393.13,-1
32,player,770,0,0,90.51,247.44,169.59,392.84,-1
32,player,771,0,0,89.03,247.14,168.11,392.54,-1
32,player,772,0,0,87.54,246.85,166.62,392.24,-1
32,player,773,0,0,86.06,246.55,165.14,391.94,-1
32,player,774,0,0,84.57,246.25,163.65,391.65,-1
32,player,775,0,0,83.09,245.95,162.17,391.35,-1
32,player,776,0,0,81.60,245.66,160.68,391.05,-1
32,player,777,0,0,80.12,245.36,159.20,390.76,-1
32,player,778,0,0,78.63,245.06,157.72,390.46,-1
32,player,779,0,0,77.15,244.77,156.23,390.16,-1
32,player,780,0,0,75.66,244.47,154.75,389.87,-1
32,player,781,0,0,74.18,244.17,153.26,389.57,-1
32,player,782,0,0,72.70,243.88,151.78,389.27,-1
32,player,783,0,0,71.21,243.58,150.29,388.97,-1
32,player,784,0,0,69.73,243.28,148.81,388.68,-1
32,player,785,0,0,68.24,242.99,147.32,388.38,-1
32,player,786,0,0,66.76,242.69,145.84,388.08,-1
32,player,787,0,0,65.27,242.39,144.35,387.79,-1
32,player,788,0,0,63.79,242.09,142.87,387.49,-1
32,player,789,0,0,62.30,241.80,141.38,387.19,-1
32,player,790,0,0,60.82,241.50,139.90,386.90,-1
32,player,791,0,0,59.33,241.20,138.41,386.60,-1
32,player,792,0,0,57.85,240.91,136.93,386.30,-1
32,player,793,0,0,56.36,240.61,135.44,386.01,-1
32,player,794,0,0,54.88,240.31,133.96,385.71,-1
32,player,795,0,0,53.39,240.02,132.47,385.41,-1
32,player,796,0,0,51.91,239.72,130.99,385.11,-1
32,player,797,0,0,50.42,239.42,129.50,384.82,-1
32,player,798,0,0,48.94,239.12,128.02,384.52,-1
32,player,799,0,0,47.45,238.83,126.53,384.22,-1
32,player,800,0,0,45.97,238.53,125.05,383.93,-1
32,player,801,0,0,44.48,238.23,123.57,383.63,-1
32,player,802,0,0,43.00,237.94,122.08,383.33,-1
32,player,803,0,0,41.51,237.64,120.60,383.04,-1
32,player,804,0,0,40.03,237.34,119.11,382.74,-1
32,player,805,0,0,38.55,237.05,117.63,382.44,-1
32,player,806,0,0,37.06,236.75,116.14,382.14,-1
32,player,807,0,0,35.58,236.45,114.66,381.85,-1
32,player,808,0,0,34.09,236.16,113.17,381.55,-1
32,player,809,0,0,32.61,235.86,111.69,381.25,-1
32,player,810,0,0,31.12,235.56,110.20,380.96,-1
32,player,811,0,0,29.64,235.26,108.72,380.66,-1
32,player,812,0,0,28.15,234.97,107.23,380.36,-1
32,player,813,0,0,26.67,234.67,105.75,380.07,-1
32,player,814,0,0,25.18,234.37,104.26,379.77,-1
32,player,815,0,0,23.70,234.08,102.78,379.47,-1
32,player,816,0,0,22.21,233.78,101.29,379.18,-1
32,player,817,0,0,20.73,233.48,99.81,378.88,-1
32,player,818,0,0,19.24,233.19,98.32,378.58,-1
32,player,819,0,0,21.38,234.61,100.46,380.01,-1
32,player,820,0,0,23.52,236.04,102.60,381.43,-1
32,player,821,0,0,25.66,237.46,104.74,382.86,-1
32,player,822,0,0,25.66,237.46,104.74,382.86,-1
32,player,823,0,0,25.66,237.46,104.74,382.86,-1
32,player,824,0,0,25.66,237.46,104.74,382.86,-1
32,player,825,0,0,25.66,237.46,104.74,382.86,-1
32,player,826,0,0,25.66,237.46,104.74,382.86,-1
32,player,827,0,0,25.66,237.46,104.74,382.86,-1
32,player,828,0,0,25.66,237.46,104.74,382.86,-1
32,player,829,0,0,25.66,237.46,104.74,382.86,-1
32,player,830,0,0,25.66,237.46,104.74,382.86,-1
32,player,831,0,0,25.66,237.46,104.74,382.86,-1
32,player,832,0,0,25.66,237.46,104.74,382.86,-1
32,player,833,0,0,25.66,237.46,104.74,382.86,-1
32,player,834,0,0,25.66,237.46,104.74,382.86,-1
32,player,835,0,0,25.66,237.46,104.74,382.86,-1
32,player,836,0,0,25.66,237.46,104.74,382.86,-1
32,player,837,0,0,25.66,237.46,104.74,382.86,-1
32,player,838,0,0,25.66,237.46,104.74,382.86,-1
32,player,839,0,0,25.66,237.46,104.74,382.86,-1
32,player,840,0,0,25.66,237.46,104.74,382.86,-1
32,player,841,0,0,25.66,237.46,104.74,382.86,-1
32,player,842,0,0,25.66,237.46,104.74,382.86,-1
32,player,843,0,0,25.66,237.46,104.74,382.86,-1
32,player,844,0,0,25.66,237.46,104.74,382.86,-1
32,player,845,0,0,25.66,237.46,104.74,382.86,-1
32,player,846,1,0,25.66,237.46,104.74,382.86,-1
33,player,746,0,0,175.32,196.84,250.20,333.70,-1
33,player,747,0,0,174.94,196.69,249.81,333.56,-1
33,player,748,0,0,174.55,196.54,249.43,333.41,-1
33,player,749,0,0,174.17,196.39,249.04,333.26,-1
33,player,750,0,0,173.78,196.24,248.66,333.11,-1
33,player,751,0,0,173.39,196.10,248.27,332.96,-1
33,player,752,0,0,173.01,195.95,247.88,332.81,-1
33,player,753,0,0,172.62,195.80,247.50,332.67,-1
33,player,754,0,0,172.23,195.65,247.11,332.52,-1
33,player,755,0,0,171.85,195.50,246.73,332.37,-1
33,player,756,0,0,171.46,195.35,246.34,332.22,-1
33,player,757,0,0,171.08,195.20,245.95,332.07,-1
33,player,758,0,0,170.69,195.06,245.57,331.92,-1
33,player,759,0,0,170.30,194.91,245.18,331.77,-1
33,player,760,0,0,169.92,194.76,244.80,331.63,-1
33,player,761,0,0,169.53,194.61,244.41,331.48,-1
33,player,762,0,0,169.15,194.46,244.02,331.33,-1
33,player,763,0,0,168.76,194.31,243.64,331.18,-1
33,player,764,0,0,168.37,194.17,243.25,331.03,-1
33,player,765,0,0,167.99,194.02,242.87,330.88,-1
33,player,766,0,0,167.60,193.87,242.48,330.73,-1
33,player,767,0,0,167.22,193.72,242.09,330.59,-1
33,player,768,0,0,166.83,193.57,241.71,330.44,-1
33,player,769,0,0,166.44,193.42,241.32,330.29,-1
33,player,770,0,0,166.06,193.27,240.94,330.14,-1
33,player,771,0,0,165.67,193.13,240.55,329.99,-1
33,player,772,0,0,165.29,192.98,240.16,329.84,-1
33,player,773,0,0,164.90,192.83,239.78,329.70,-1
33,player,774,0,0,164.51,192.68,239.39,329.55,-1
33,player,775,0,0,164.13,192.53,239.00,329.40,-1
33,player,776,0,0,163.74,192.38,238.62,329.25,-1
33,player,777,0,0,163.36,192.24,238.23,329.10,-1
33,player,778,0,0,162.97,192.09,237.85,328.95,-1
33,player,779,0,0,162.58,191.94,237.46,328.80,-1
33,player,780,0,0,162.20,191.79,237.07,328.66,-1
33,player,781,0,0,161.81,191.64,236.69,328.51,-1
33,player,782,0,0,161.43,191.49,236.30,328.36,-1
33,player,783,0,0,161.04,191.34,235.92,328.21,-1
33,player,784,0,0,160.65,191.20,235.53,328.06,-1
33,player,785,0,0,160.27,191.05,235.14,327.91,-1
33,player,786,0,0,159.88,190.90,234.76,327.77,-1
33,player,787,0,0,159.50,190.75,234.37,327.62,-1
33,player,788,0,0,159.11,190.60,233.99,327.47,-1
33,player,789,0,0,158.72,190.45,233.60,327.32,-1
33,player,790,0,0,158.34,190.30,233.21,327.17,-1
33,player,791,0,0,157.95,190.16,232.83,327.02,-1
33,player,792,0,0,157.57,190.01,232.44,326.87,-1
33,player,793,0,0,157.18,189.86,232.06,326.73,-1
33,player,794,0,0,156.79,189.71,231.67,326.58,-1
33,player,795,0,0,156.41,189.56,231.28,326.43,-1
33,player,796,0,0,156.02,189.41,230.90,326.28,-1
33,player,797,0,0,155.64,189.27,230.51,326.13,-1
33,player,798,0,0,155.25,189.12,230.13,325.98,-1
33,player,799,0,0,154.86,188.97,229.74,325.84,-1
33,player,800,0,0,154.48,188.82,229.35,325.69,-1
33,player,801,0,0,154.09,188.67,228.97,325.54,-1
33,player,802,0,0,153.70,188.52,228.58,325.39,-1
33,player,803,0,0,153.32,188.37,228.20,325.24,-1
33,player,804,0,0,152.93,188.23,227.81,325.09,-1
33,player,805,0,0,152.55,188.08,227.42,324.94,-1
33,player,806,0,0,152.16,187.93,227.04,324.80,-1
33,player,807,0,0,151.77,187.78,226.65,324.65,-1
33,player,808,0,0,151.39,187.63,226.27,324.50,-1
33,player,809,0,0,151.00,187.48,225.88,324.35,-1
33,player,810,0,0,150.62,187.34,225.49,324.20,-1
33,player,811,0,0,150.23,187.19,225.11,324.05,-1
33,player,812,0,0,149.84,187.04,224.72,323.90,-1
33,player,813,0,0,149.46,186.89,224.34,323.76,-1
33,player,814,0,0,149.07,186.74,223.95,323.61,-1
33,player,815,0,0,148.69,186.59,223.56,323.46,-1
33,player,816,0,0,148.30,186.44,223.18,323.31,-1
33,player,817,0,0,147.91,186.30,222.79,323.16,-1
33,player,818,0,0,147.53,186.15,222.41,323.01,-1
33,player,819,0,0,145.70,186.83,220.57,323.70,-1
33,player,820,0,0,143.86,187.52,218.74,324.39,-1
33,player,821,0,0,142.03,188.21,216.91,325.08,-1
33,player,822,0,0,140.20,188.90,215.07,325.76,-1
33,player,823,0,0,138.37,189.58,213.24,326.45,-1
33,player,824,0,0,136.53,190.27,211.41,327.14,-1
33,player,825,0,0,134.70,190.96,209.58,327.82,-1
33,player,826,0,0,132.87,191.65,207.74,328.51,-1
33,player,827,0,0,131.03,192.33,205.91,329.20,-1
33,player,828,0,0,129.20,193.02,204.08,329.89,-1
33,player,829,0,0,127.37,193.71,202.25,330.57,-1
33,player,830,0,0,125.54,194.39,200.41,331.26,-1
33,player,831,0,0,123.70,195.08,198.58,331.95,-1
33,player,832,0,0,121.87,195.77,196.75,332.64,-1
33,player,833,0,0,120.04,196.46,194.92,333.32,-1
33,player,834,0,0,118.21,197.14,193.08,334.01,-1
33,player,835,0,0,116.37,197.83,191.25,334.70,-1
33,player,836,0,0,114.54,198.52,189.42,335.38,-1
33,player,837,0,0,112.71,199.21,187.58,336.07,-1
33,player,838,0,0,110.88,199.89,185.75,336.76,-1
33,player,839,0,0,109.04,200.58,183.92,337.45,-1
33,player,840,0,0,107.21,201.27,182.09,338.13,-1
33,player,841,0,0,105.38,201.95,180.25,338.82,-1
33,player,842,0,0,103.54,202.64,178.42,339.51,-1
33,player,843,0,0,101.71,203.33,176.59,340.20,-1
33,player,844,0,0,99.88,204.02,174.76,340.88,-1
33,player,845,0,0,98.05,204.70,172.92,341.57,-1
33,player,846,0,0,96.21,205.39,171.09,342.26,-1
33,player,847,0,0,93.01,205.82,167.88,342.68,-1
33,player,848,0,0,89.80,206.25,164.68,343.11,-1
33,player,849,0,0,86.59,206.67,161.47,343.54,-1
33,player,850,0,0,83.39,207.10,158.26,343.97,-1
33,player,851,0,0,80.18,207.53,155.05,344.40,-1
33,player,852,0,0,76.97,207.96,151.85,344.82,-1
33,player,853,0,0,73.76,208.38,148.64,345.25,-1
33,player,854,0,0,70.56,208.81,145.43,345.68,-1
33,player,855,0,0,67.35,209.24,142.23,346.11,-1
33,player,856,0,0,64.14,209.67,139.02,346.53,-1
33,player,857,0,0,64.14,209.67,139.02,346.53,-1
33,player,858,0,0,64.14,209.67,139.02,346.53,-1
33,player,859,0,0,64.14,209.67,139.02,346.53,-1
33,player,860,0,0,64.14,209.67,139.02,346.53,-1
33,player,861,0,0,64.14,209.67,139.02,346.53,-1
33,player,862,0,0,64.14,209.67,139.02,346.53,-1
33,player,863,0,0,64.14,209.67,139.02,346.53,-1
33,player,864,0,0,64.14,209.67,139.02,346.53,-1
33,player,865,0,0,64.14,209.67,139.02,346.53,-1
33,player,866,0,0,64.14,209.67,139.02,346.53,-1
33,player,867,0,0,64.14,209.67,139.02,346.53,-1
33,player,868,0,0,64.14,209.67,139.02,346.53,-1
33,player,869,0,0,64.14,209.67,139.02,346.53,-1
33,player,870,0,0,64.14,209.67,139.02,346.53,-1
33,player,871,0,0,64.14,209.67,139.02,346.53,-1
33,player,872,0,0,64.14,209.67,139.02,346.53,-1
33,player,873,0,0,64.14,209.67,139.02,346.53,-1
33,player,874,0,0,64.14,209.67,139.02,346.53,-1
33,player,875,0,0,64.14,209.67,139.02,346.53,-1
33,player,876,0,0,64.14,209.67,139.02,346.53,-1
33,player,877,0,0,64.14,209.67,139.02,346.53,-1
33,player,878,0,0,64.14,209.67,139.02,346.53,-1
33,player,879,0,0,64.14,209.67,139.02,346.53,-1
33,player,880,0,0,64.14,209.67,139.02,346.53,-1
33,player,881,0,0,64.14,209.67,139.02,346.53,-1
33,player,882,0,0,64.14,209.67,139.02,346.53,-1
33,player,883,0,0,64.14,209.67,139.02,346.53,-1
33,player,884,0,0,64.14,209.67,139.02,346.53,-1
33,player,885,0,0,64.14,209.67,139.02,346.53,-1
33,player,886,0,0,64.14,209.67,139.02,346.53,-1
33,player,887,0,0,64.14,209.67,139.02,346.53,-1
33,player,888,0,0,64.14,209.67,139.02,346.53,-1
33,player,889,0,0,64.14,209.67,139.02,346.53,-1
33,player,890,0,0,64.14,209.67,139.02,346.53,-1
33,player,891,0,0,64.14,209.67,139.02,346.53,-1
33,player,892,0,0,64.14,209.67,139.02,346.53,-1
33,player,893,0,0,64.14,209.67,139.02,346.53,-1
33,player,894,0,0,64.14,209.67,139.02,346.53,-1
33,player,895,0,0,64.14,209.67,139.02,346.53,-1
33,player,896,0,0,64.14,209.67,139.02,346.53,-1
33,player,897,0,0,64.14,209.67,139.02,346.53,-1
33,player,898,0,0,64.14,209.67,139.02,346.53,-1
33,player,899,0,0,64.14,209.67,139.02,346.53,-1
34,player,818,0,0,1740.40,243.88,1823.79,397.80,-1
34,player,819,0,0,1735.41,246.01,1818.80,399.94,-1
34,player,820,0,0,1730.42,248.15,1813.81,402.08,-1
34,player,821,0,0,1725.43,250.29,1808.82,404.22,-1
34,player,822,0,0,1717.22,251.15,1800.61,405.07,-1
34,player,823,0,0,1709.01,252.00,1792.40,405.93,-1
34,player,824,0,0,1700.80,252.86,1784.19,406.78,-1
34,player,825,0,0,1692.59,253.71,1775.98,407.64,-1
34,player,826,0,0,1684.38,254.57,1767.77,408.49,-1
34,player,827,0,0,1676.17,255.42,1759.56,409.35,-1
34,player,828,0,0,1667.96,256.28,1751.35,410.20,-1
34,player,829,0,0,1659.75,257.13,1743.14,411.06,-1
34,player,830,0,0,1651.54,257.99,1734.93,411.91,-1
34,player,831,0,0,1643.33,258.84,1726.72,412.77,-1
34,player,832,0,0,1635.12,259.70,1718.51,413.62,-1
34,player,833,0,0,1626.91,260.55,1710.30,414.48,-1
34,player,834,0,0,1618.70,261.41,1702.09,415.33,-1
34,player,835,0,0,1610.49,262.26,1693.88,416.19,-1
34,player,836,0,0,1602.28,263.12,1685.67,417.04,-1
34,player,837,0,0,1594.07,263.97,1677.46,417.90,-1
34,player,838,0,0,1585.86,264.83,1669.25,418.75,-1
34,player,839,0,0,1577.65,265.69,1661.03,419.61,-1
34,player,840,0,0,1569.44,266.54,1652.82,420.46,-1
34,player,841,0,0,1561.23,267.40,1644.61,421.32,-1
34,player,842,0,0,1553.02,268.25,1636.40,422.17,-1
34,player,843,0,0,1544.81,269.11,1628.19,423.03,-1
34,player,844,0,0,1536.60,269.96,1619.98,423.89,-1
34,player,845,0,0,1528.39,270.82,1611.77,424.74,-1
34,player,846,0,0,1520.18,271.67,1603.56,425.60,-1
34,player,847,0,0,1510.55,270.60,1593.94,424.53,-1
34,player,848,0,0,1500.93,269.53,1584.32,423.46,-1
34,player,849,0,0,1491.31,268.46,1574.70,422.39,-1
34,player,850,0,0,1481.69,267.40,1565.08,421.32,-1
34,player,851,0,0,1472.07,266.33,1555.46,420.25,-1
34,player,852,0,0,1462.45,265.26,1545.83,419.18,-1
34,player,853,0,0,1452.83,264.19,1536.21,418.11,-1
34,player,854,0,0,1443.20,263.12,1526.59,417.04,-1
34,player,855,0,0,1433.58,262.05,1516.97,415.97,-1
34,player,856,0,0,1423.96,260.98,1507.35,414.91,-1
34,player,857,0,0,1423.96,260.98,1507.35,414.91,-1
34,player,858,0,0,1423.96,260.98,1507.35,414.91,-1
34,player,859,0,0,1423.96,260.98,1507.35,414.91,-1
34,player,860,0,0,1423.96,260.98,1507.35,414.91,-1
34,player,861,0,0,1423.96,260.98,1507.35,414.91,-1
34,player,862,0,0,1423.96,260.98,1507.35,414.91,-1
34,player,863,0,0,1423.96,260.98,1507.35,414.91,-1
34,player,864,0,0,1423.96,260.98,1507.35,414.91,-1
34,player,865,0,0,1423.96,260.98,1507.35,414.91,-1
34,player,866,0,0,1423.96,260.98,1507.35,414.91,-1
34,player,867,0,0,1423.96,260.98,1507.35,414.91,-1
34,player,868,0,0,1423.96,260.98,1507.35,414.91,-1
34,player,869,0,0,1423.96,260.98,1507.35,414.91,-1
34,player,870,0,0,1423.96,260.98,1507.35,414.91,-1
34,player,871,0,0,1423.96,260.98,1507.35,414.91,-1
34,player,872,0,0,1423.96,260.98,1507.35,414.91,-1
34,player,873,0,0,1423.96,260.98,1507.35,414.91,-1
34,player,874,0,0,1423.96,260.98,1507.35,414.91,-1
34,player,875,0,0,1423.96,260.98,1507.35,414.91,-1
34,player,876,0,0,1423.96,260.98,1507.35,414.91,-1
34,player,877,0,0,1423.96,260.98,1507.35,414.91,-1
34,player,878,0,0,1423.96,260.98,1507.35,414.91,-1
34,player,879,0,0,1423.96,260.98,1507.35,414.91,-1
34,player,880,0,0,1423.96,260.98,1507.35,414.91,-1
34,player,881,0,0,1423.96,260.98,1507.35,414.91,-1
34,player,882,0,0,1423.96,260.98,1507.35,414.91,-1
34,player,883,0,0,1423.96,260.98,1507.35,414.91,-1
34,player,884,0,0,1423.96,260.98,1507.35,414.91,-1
34,player,885,0,0,1423.96,260.98,1507.35,414.91,-1
34,player,886,0,0,1423.96,260.98,1507.35,414.91,-1
34,player,887,0,0,1423.96,260.98,1507.35,414.91,-1
34,player,888,0,0,1423.96,260.98,1507.35,414.91,-1
34,player,889,0,0,1423.96,260.98,1507.35,414.91,-1
34,player,890,0,0,1423.96,260.98,1507.35,414.91,-1
34,player,891,0,0,1423.96,260.98,1507.35,414.91,-1
34,player,892,0,0,1423.96,260.98,1507.35,414.91,-1
34,player,893,0,0,1423.96,260.98,1507.35,414.91,-1
34,player,894,0,0,1423.96,260.98,1507.35,414.91,-1
34,player,895,0,0,1423.96,260.98,1507.35,414.91,-1
34,player,896,0,0,1423.96,260.98,1507.35,414.91,-1
34,player,897,0,0,1423.96,260.98,1507.35,414.91,-1
34,player,898,0,0,1423.96,260.98,1507.35,414.91,-1
34,player,899,0,0,1423.96,260.98,1507.35,414.91,-1
35,player,821,0,0,1866.50,320.80,1920.00,496.17,5
35,player,822,0,0,1855.81,320.97,1909.99,495.06,5
35,player,823,0,0,1845.12,321.14,1899.98,493.95,5
35,player,824,0,0,1834.43,321.31,1889.97,492.84,5
35,player,825,0,0,1823.74,321.48,1879.97,491.73,5
35,player,826,0,0,1813.05,321.66,1869.96,490.62,5
35,player,827,0,0,1802.36,321.83,1859.95,489.51,5
35,player,828,0,0,1791.67,322.00,1849.94,488.40,5
35,player,829,0,0,1780.98,322.17,1839.93,487.28,5
35,player,830,0,0,1770.29,322.34,1829.92,486.17,5
35,player,831,0,0,1759.60,322.51,1819.91,485.06,5
35,player,832,0,0,1748.91,322.68,1809.91,483.95,5
35,player,833,0,0,1738.21,322.85,1799.90,482.84,5
35,player,834,0,0,1727.52,323.02,1789.89,481.73,5
35,player,835,0,0,1716.83,323.19,1779.88,480.62,5
35,player,836,0,0,1706.14,323.37,1769.87,479.51,5
35,player,837,0,0,1695.45,323.54,1759.86,478.40,5
35,player,838,0,0,1684.76,323.71,1749.85,477.29,5
35,player,839,0,0,1674.07,323.88,1739.85,476.18,5
35,player,840,0,0,1663.38,324.05,1729.84,475.07,5
35,player,841,0,0,1652.69,324.22,1719.83,473.96,5
35,player,842,0,0,1642.00,324.39,1709.82,472.85,5
35,player,843,0,0,1631.31,324.56,1699.81,471.74,5
35,player,844,0,0,1620.62,324.73,1689.80,470.63,5
35,player,845,0,0,1609.93,324.91,1679.79,469.52,5
35,player,846,0,0,1599.24,325.08,1669.79,468.40,5
35,player,847,0,0,1587.05,324.86,1657.60,468.19,5
35,player,848,0,0,1574.87,324.65,1645.41,467.98,5
35,player,849,0,0,1562.68,324.43,1633.22,467.76,5
35,player,850,0,0,1550.49,324.22,1621.04,467.55,5
35,player,851,0,0,1538.30,324.01,1608.85,467.34,5
35,player,852,0,0,1526.12,323.79,1596.66,467.12,5
35,player,853,0,0,1513.93,323.58,1584.48,466.91,5
35,player,854,0,0,1501.74,323.37,1572.29,466.69,5
35,player,855,0,0,1489.56,323.15,1560.10,466.48,5
35,player,856,0,0,1477.37,322.94,1547.91,466.27,5
35,player,857,0,0,1477.37,322.94,1547.91,466.27,5
35,player,858,0,0,1477.37,322.94,1547.91,466.27,5
35,player,859,0,0,1477.37,322.94,1547.91,466.27,5
35,player,860,0,0,1477.37,322.94,1547.91,466.27,5
35,player,861,0,0,1477.37,322.94,1547.91,466.27,5
35,player,862,0,0,1477.37,322.94,1547.91,466.27,5
35,player,863,0,0,1477.37,322.94,1547.91,466.27,5
35,player,864,0,0,1477.37,322.94,1547.91,466.27,5
35,player,865,0,0,1477.37,322.94,1547.91,466.27,5
35,player,866,0,0,1477.37,322.94,1547.91,466.27,5
35,player,867,0,0,1477.37,322.94,1547.91,466.27,5
35,player,868,0,0,1477.37,322.94,1547.91,466.27,5
35,player,869,0,0,1477.37,322.94,1547.91,466.27,5
35,player,870,0,0,1477.37,322.94,1547.91,466.27,5
35,player,871,0,0,1477.37,322.94,1547.91,466.27,5
35,player,872,0,0,1477.37,322.94,1547.91,466.27,5
35,player,873,0,0,1477.37,322.94,1547.91,466.27,5
35,player,874,0,0,1477.37,322.94,1547.91,466.27,5
35,player,875,0,0,1477.37,322.94,1547.91,466.27,5
35,player,876,0,0,1477.37,322.94,1547.91,466.27,5
35,player,877,0,0,1477.37,322.94,1547.91,466.27,5
35,player,878,0,0,1477.37,322.94,1547.91,466.27,5
35,player,879,0,0,1477.37,322.94,1547.91,466.27,5
35,player,880,0,0,1477.37,322.94,1547.91,466.27,5
35,player,881,0,0,1477.37,322.94,1547.91,466.27,5
35,player,882,0,0,1477.37,322.94,1547.91,466.27,5
35,player,883,0,0,1477.37,322.94,1547.91,466.27,5
35,player,884,0,0,1477.37,322.94,1547.91,466.27,5
35,player,885,0,0,1477.37,322.94,1547.91,466.27,5
35,player,886,0,0,1477.37,322.94,1547.91,466.27,5
35,player,887,0,0,1477.37,322.94,1547.91,466.27,5
35,player,888,0,0,1477.37,322.94,1547.91,466.27,5
35,player,889,0,0,1477.37,322.94,1547.91,466.27,5
35,player,890,0,0,1477.37,322.94,1547.91,466.27,5
35,player,891,0,0,1477.37,322.94,1547.91,466.27,5
35,player,892,0,0,1477.37,322.94,1547.91,466.27,5
35,player,893,0,0,1477.37,322.94,1547.91,466.27,5
35,player,894,0,0,1477.37,322.94,1547.91,466.27,5
35,player,895,0,0,1477.37,322.94,1547.91,466.27,5
35,player,896,0,0,1477.37,322.94,1547.91,466.27,5
35,player,897,0,0,1477.37,322.94,1547.91,466.27,5
35,player,898,0,0,1477.37,322.94,1547.91,466.27,5
35,player,899,0,0,1477.37,322.94,1547.91,466.27,5
36,player,846,0,0,1748.90,538.93,1840.89,710.00,13
36,player,847,0,0,1743.55,537.86,1835.55,708.93,13
36,player,848,0,0,1738.21,536.79,1830.20,707.86,13
36,player,849,0,0,1732.86,535.72,1824.86,706.79,13
36,player,850,0,0,1727.52,534.66,1819.51,705.72,13
36,player,851,0,0,1722.17,533.59,1814.16,704.65,13
36,player,852,0,0,1716.83,532.52,1808.82,703.59,13
36,player,853,0,0,1711.48,531.45,1803.47,702.52,13
36,player,854,0,0,1706.14,530.38,1798.13,701.45,13
36,player,855,0,0,1700.79,529.31,1792.78,700.38,13
36,player,856,0,0,1695.45,528.24,1787.44,699.31,13
36,player,857,0,0,1695.45,528.24,1787.44,699.31,13
36,player,858,0,0,1695.45,528.24,1787.44,699.31,13
36,player,859,0,0,1695.45,528.24,1787.44,699.31,13
36,player,860,0,0,1695.45,528.24,1787.44,699.31,13
36,player,861,0,0,1695.45,528.24,1787.44,699.31,13
36,player,862,0,0,1695.45,528.24,1787.44,699.31,13
36,player,863,0,0,1695.45,528.24,1787.44,699.31,13
36,player,864,0,0,1695.45,528.24,1787.44,699.31,13
36,player,865,0,0,1695.45,528.24,1787.44,699.31,13
36,player,866,0,0,1695.45,528.24,1787.44,699.31,13
36,player,867,0,0,1695.45,528.24,1787.44,699.31,13
36,player,868,0,0,1695.45,528.24,1787.44,699.31,13
36,player,869,0,0,1695.45,528.24,1787.44,699.31,13
36,player,870,0,0,1695.45,528.24,1787.44,699.31,13
36,player,871,0,0,1695.45,528.24,1787.44,699.31,13
36,player,872,0,0,1695.45,528.24,1787.44,699.31,13
36,player,873,0,0,1695.45,528.24,1787.44,699.31,13
36,player,874,0,0,1695.45,528.24,1787.44,699.31,13
36,player,875,0,0,1695.45,528.24,1787.44,699.31,13
36,player,876,0,0,1695.45,528.24,1787.44,699.31,13
36,player,877,0,0,1695.45,528.24,1787.44,699.31,13
36,player,878,0,0,1695.45,528.24,1787.44,699.31,13
36,player,879,0,0,1695.45,528.24,1787.44,699.31,13
36,player,880,0,0,1695.45,528.24,1787.44,699.31,13
36,player,881,0,0,1695.45,528.24,1787.44,699.31,13
36,player,882,0,0,1695.45,528.24,1787.44,699.31,13
36,player,883,0,0,1695.45,528.24,1787.44,699.31,13
36,player,884,0,0,1695.45,528.24,1787.44,699.31,13
36,player,885,0,0,1695.45,528.24,1787.44,699.31,13
36,player,886,0,0,1695.45,528.24,1787.44,699.31,13
36,player,887,0,0,1695.45,528.24,1787.44,699.31,13
36,player,888,0,0,1695.45,528.24,1787.44,699.31,13
36,player,889,0,0,1695.45,528.24,1787.44,699.31,13
36,player,890,0,0,1695.45,528.24,1787.44,699.31,13
36,player,891,0,0,1695.45,528.24,1787.44,699.31,13
36,player,892,0,0,1695.45,528.24,1787.44,699.31,13
36,player,893,0,0,1695.45,528.24,1787.44,699.31,13
36,player,894,0,0,1695.45,528.24,1787.44,699.31,13
36,player,895,0,0,1695.45,528.24,1787.44,699.31,13
36,player,896,0,0,1695.45,528.24,1787.44,699.31,13
36,player,897,0,0,1695.45,528.24,1787.44,699.31,13
36,player,898,0,0,1695.45,528.24,1787.44,699.31,13
36,player,899,0,0,1695.45,528.24,1787.44,699.31,13
37,player,846,0,0,1785.30,384.99,1870.83,558.17,18
37,player,847,0,0,1777.82,386.06,1863.34,559.24,18
37,player,848,0,0,1770.34,387.13,1855.86,560.31,18
37,player,849,0,0,1762.85,388.20,1848.38,561.38,18
37,player,850,0,0,1755.37,389.27,1840.89,562.45,18
37,player,851,0,0,1747.89,390.33,1833.41,563.52,18
37,player,852,0,0,1740.40,391.40,1825.93,564.59,18
37,player,853,0,0,1732.92,392.47,1818.44,565.66,18
37,player,854,0,0,1725.44,393.54,1810.96,566.73,18
37,player,855,0,0,1717.95,394.61,1803.48,567.80,18
37,player,856,0,0,1710.47,395.68,1795.99,568.87,18
37,player,857,0,0,1710.47,395.68,1795.99,568.87,18
37,player,858,0,0,1710.47,395.68,1795.99,568.87,18
37,player,859,0,0,1710.47,395.68,1795.99,568.87,18
37,player,860,0,0,1710.47,395.68,1795.99,568.87,18
37,player,861,0,0,1710.47,395.68,1795.99,568.87,18
37,player,862,0,0,1710.47,395.68,1795.99,568.87,18
37,player,863,0,0,1710.47,395.68,1795.99,568.87,18
37,player,864,0,0,1710.47,395.68,1795.99,568.87,18
37,player,865,0,0,1710.47,395.68,1795.99,568.87,18
37,player,866,0,0,1710.47,395.68,1795.99,568.87,18
37,player,867,0,0,1710.47,395.68,1795.99,568.87,18
37,player,868,0,0,1710.47,395.68,1795.99,568.87,18
37,player,869,0,0,1710.47,395.68,1795.99,568.87,18
37,player,870,0,0,1710.47,395.68,1795.99,568.87,18
37,player,871,0,0,1710.47,395.68,1795.99,568.87,18
37,player,872,0,0,1710.47,395.68,1795.99,568.87,18
37,player,873,0,0,1710.47,395.68,1795.99,568.87,18
37,player,874,0,0,1710.47,395.68,1795.99,568.87,18
37,player,875,0,0,1710.47,395.68,1795.99,568.87,18
37,player,876,0,0,1710.47,395.68,1795.99,568.87,18
37,player,877,0,0,1710.47,395.68,1795.99,568.87,18
37,player,878,0,0,1710.47,395.68,1795.99,568.87,18
37,player,879,0,0,1710.47,395.68,1795.99,568.87,18
37,player,880,0,0,1710.47,395.68,1795.99,568.87,18
37,player,881,0,0,1710.47,395.68,1795.99,568.87,18
37,player,882,0,0,1710.47,395.68,1795.99,568.87,18
37,player,883,0,0,1710.47,395.68,1795.99,568.87,18
37,player,884,0,0,1710.47,395.68,1795.99,568.87,18
37,player,885,0,0,1710.47,395.68,1795.99,568.87,18
37,player,886,0,0,1710.47,395.68,1795.99,568.87,18
37,player,887,0,0,1710.47,395.68,1795.99,568.87,18
37,player,888,0,0,1710.47,395.68,1795.99,568.87,18
37,player,889,0,0,1710.47,395.68,1795.99,568.87,18
37,player,890,0,0,1710.47,395.68,1795.99,568.87,18
37,player,891,0,0,1710.47,395.68,1795.99,568.87,18
37,player,892,0,0,1710.47,395.68,1795.99,568.87,18
37,player,893,0,0,1710.47,395.68,1795.99,568.87,18
37,player,894,0,0,1710.47,395.68,1795.99,568.87,18
37,player,895,0,0,1710.47,395.68,1795.99,568.87,18
37,player,896,0,0,1710.47,395.68,1795.99,568.87,18
37,player,897,0,0,1710.47,395.68,1795.99,568.87,18
37,player,898,0,0,1710.47,395.68,1795.99,568.87,18
37,player,899,0,0,1710.47,395.68,1795.99,568.87,18
38,player,846,0,0,1813.10,314.43,1898.62,487.62,33
38,player,847,0,0,1805.61,314.65,1891.14,487.83,33
38,player,848,0,0,1798.13,314.86,1883.65,488.05,33
38,player,849,0,0,1790.65,315.07,1876.17,488.26,33
38,player,850,0,0,1783.16,315.29,1868.69,488.47,33
38,player,851,0,0,1775.68,315.50,1861.20,488.69,33
38,player,852,0,0,1768.20,315.72,1853.72,488.90,33
38,player,853,0,0,1760.71,315.93,1846.24,489.11,33
38,player,854,0,0,1753.23,316.14,1838.75,489.33,33
38,player,855,0,0,1745.75,316.36,1831.27,489.54,33
38,player,856,0,0,1738.26,316.57,1823.79,489.76,33
38,player,857,0,0,1738.26,316.57,1823.79,489.76,33
38,player,858,0,0,1738.26,316.57,1823.79,489.76,33
38,player,859,0,0,1738.26,316.57,1823.79,489.76,33
38,player,860,0,0,1738.26,316.57,1823.79,489.76,33
38,player,861,0,0,1738.26,316.57,1823.79,489.76,33
38,player,862,0,0,1738.26,316.57,1823.79,489.76,33
38,player,863,0,0,1738.26,316.57,1823.79,489.76,33
38,player,864,0,0,1738.26,316.57,1823.79,489.76,33
38,player,865,0,0,1738.26,316.57,1823.79,489.76,33
38,player,866,0,0,1738.26,316.57,1823.79,489.76,33
38,player,867,0,0,1738.26,316.57,1823.79,489.76,33
38,player,868,0,0,1738.26,316.57,1823.79,489.76,33
38,player,869,0,0,1738.26,316.57,1823.79,489.76,33
38,player,870,0,0,1738.26,316.57,1823.79,489.76,33
38,player,871,0,0,1738.26,316.57,1823.79,489.76,33
38,player,872,0,0,1738.26,316.57,1823.79,489.76,33
38,player,873,0,0,1738.26,316.57,1823.79,489.76,33
38,player,874,0,0,1738.26,316.57,1823.79,489.76,33
38,player,875,0,0,1738.26,316.57,1823.79,489.76,33
38,player,876,0,0,1738.26,316.57,1823.79,489.76,33
38,player,877,0,0,1738.26,316.57,1823.79,489.76,33
38,player,878,0,0,1738.26,316.57,1823.79,489.76,33
38,player,879,0,0,1738.26,316.57,1823.79,489.76,33
38,player,880,0,0,1738.26,316.57,1823.79,489.76,33
38,player,881,0,0,1738.26,316.57,1823.79,489.76,33
38,player,882,0,0,1738.26,316.57,1823.79,489.76,33
38,player,883,0,0,1738.26,316.57,1823.79,489.76,33
38,player,884,0,0,1738.26,316.57,1823.79,489.76,33
38,player,885,0,0,1738.26,316.57,1823.79,489.76,33
38,player,886,0,0,1738.26,316.57,1823.79,489.76,33
38,player,887,0,0,1738.26,316.57,1823.79,489.76,33
38,player,888,0,0,1738.26,316.57,1823.79,489.76,33
38,player,889,0,0,1738.26,316.57,1823.79,489.76,33
38,player,890,0,0,1738.26,316.57,1823.79,489.76,33
38,player,891,0,0,1738.26,316.57,1823.79,489.76,33
38,player,892,0,0,1738.26,316.57,1823.79,489.76,33
38,player,893,0,0,1738.26,316.57,1823.79,489.76,33
38,player,894,0,0,1738.26,316.57,1823.79,489.76,33
38,player,895,0,0,1738.26,316.57,1823.79,489.76,33
38,player,896,0,0,1738.26,316.57,1823.79,489.76,33
38,player,897,0,0,1738.26,316.57,1823.79,489.76,33
38,player,898,0,0,1738.26,316.57,1823.79,489.76,33
38,player,899,0,0,1738.26,316.57,1823.79,489.76,33
