1,1242,890.66,600.42,78.11,171.94,0.9748,-1,-1,-1
1,1243,570.12,332.53,54.0,106.7,0.9747,-1,-1,-1
1,1244,1123.27,388.5,42.08,113.21,0.9731,-1,-1,-1
1,1245,1162.42,395.45,41.49,117.35,0.972,-1,-1,-1
1,1246,1349.54,348.83,51.85,116.37,0.9687,-1,-1,-1
1,1247,806.33,284.57,45.15,91.83,0.9652,-1,-1,-1
1,1248,227.42,305.45,37.76,97.71,0.964,-1,-1,-1
1,1249,642.41,246.76,38.05,80.68,0.9628,-1,-1,-1
1,1250,160.1,276.79,36.96,89.76,0.9595,-1,-1,-1
1,1251,612.69,726.24,119.42,186.03,0.9519,-1,-1,-1
1,1252,127.77,239.22,28.75,76.84,0.9478,-1,-1,-1
1,1253,2.03,298.8,26.82,82.97,0.9417,-1,-1,-1
1,1254,1887.32,534.71,32.68,120.23,0.9289,-1,-1,-1
1,1255,883.66,274.48,34.53,99.68,0.9135,-1,-1,-1
1,1256,225.01,197.29,24.12,59.83,0.8456,-1,-1,-1
1,1257,1402.57,230.95,33.25,82.92,0.6457,-1,-1,-1
2,1245,1162.1,396.26,44.0,118.07,0.9755,-1,-1,-1
2,1242,890.79,600.46,78.19,173.35,0.9743,-1,-1,-1
2,1244,1124.98,388.34,42.45,114.18,0.9726,-1,-1,-1
2,1243,572.41,332.5,53.5,107.25,0.9699,-1,-1,-1
2,1246,1351.18,349.49,52.34,115.38,0.9684,-1,-1,-1
2,1249,643.64,246.66,38.69,80.36,0.965,-1,-1,-1
2,1247,807.7,284.88,45.12,91.01,0.9647,-1,-1,-1
2,1248,229.5,305.09,38.57,97.57,0.9608,-1,-1,-1
2,1250,162.03,276.89,37.15,89.19,0.9533,-1,-1,-1
2,1255,884.99,274.86,34.88,98.34,0.9509,-1,-1,-1
2,1253,1.68,300.47,29.98,81.36,0.9487,-1,-1,-1
2,1252,130.15,239.27,29.1,76.55,0.9307,-1,-1,-1
2,1251,614.39,727.46,124.41,185.16,0.9223,-1,-1,-1
2,1254,1886.45,536.44,33.55,120.25,0.919,-1,-1,-1
2,1256,226.16,196.54,25.6,61.58,0.683,-1,-1,-1
2,1257,1404.54,235.15,33.61,78.93,0.7384,-1,-1,-1
3,1243,575.78,333.61,55.17,107.85,0.9725,-1,-1,-1
3,1242,891.96,600.02,78.35,174.83,0.9723,-1,-1,-1
3,1247,812.45,284.88,43.86,89.85,0.9684,-1,-1,-1
3,1245,1171.49,397.98,39.58,117.46,0.9672,-1,-1,-1
3,1246,1355.7,350.53,53.05,116.44,0.9664,-1,-1,-1
3,1249,646.73,247.32,40.09,79.63,0.9658,-1,-1,-1
3,1248,234.98,305.95,40.74,97.92,0.9643,-1,-1,-1
3,1244,1128.67,387.95,44.78,118.12,0.9626,-1,-1,-1
3,1253,2.66,301.94,39.1,79.58,0.9603,-1,-1,-1
3,1250,167.85,277.64,36.51,88.58,0.9571,-1,-1,-1
3,1255,887.28,275.13,35.46,95.41,0.9562,-1,-1,-1
3,1252,136.43,238.44,30.4,77.92,0.9437,-1,-1,-1
3,1256,232.54,198.05,25.64,60.7,0.9028,-1,-1,-1
3,1254,1886.18,546.09,33.82,122.13,0.8877,-1,-1,-1
3,1251,641.94,726.59,91.1,188.23,0.7434,-1,-1,-1
3,1257,1409.0,235.79,32.93,78.61,0.889,-1,-1,-1
4,1243,578.8,333.84,54.13,106.59,0.9725,-1,-1,-1
4,1242,893.2,599.87,79.15,175.81,0.9719,-1,-1,-1
4,1248,238.57,306.18,40.48,97.35,0.9686,-1,-1,-1
4,1244,1131.16,387.91,45.32,118.93,0.9682,-1,-1,-1
4,1249,649.18,247.31,39.34,79.43,0.9681,-1,-1,-1
4,1245,1173.35,398.37,40.13,116.73,0.9664,-1,-1,-1
4,1246,1357.62,351.86,54.75,115.27,0.966,-1,-1,-1
4,1247,815.47,284.8,41.79,90.24,0.9652,-1,-1,-1
4,1253,1.84,302.87,42.93,78.52,0.96,-1,-1,-1
4,1250,171.03,276.35,36.0,90.02,0.9589,-1,-1,-1
4,1255,889.37,273.97,35.36,97.76,0.9542,-1,-1,-1
4,1252,139.09,238.79,31.15,77.77,0.944,-1,-1,-1
4,1254,1885.94,547.57,34.06,132.94,0.9241,-1,-1,-1
4,1256,235.85,200.43,24.52,57.68,0.9121,-1,-1,-1
4,1258,709.09,871.11,25.37,43.06,0.6634,-1,-1,-1
4,1251,646.77,723.91,101.37,198.0,0.5704,-1,-1,-1
4,1257,1412.59,234.56,31.84,80.25,0.8161,-1,-1,-1
5,1244,1135.42,389.85,44.46,118.32,0.9754,-1,-1,-1
5,1243,585.33,334.65,52.77,106.17,0.974,-1,-1,-1
5,1242,897.76,599.27,78.13,177.4,0.9703,-1,-1,-1
5,1248,245.05,306.68,41.51,98.65,0.9688,-1,-1,-1
5,1247,818.08,284.38,43.28,90.15,0.9666,-1,-1,-1
5,1249,653.72,247.79,40.52,79.8,0.9661,-1,-1,-1
5,1245,1177.47,398.67,41.93,116.53,0.9648,-1,-1,-1
5,1253,4.82,303.26,48.87,77.38,0.9625,-1,-1,-1
5,1250,176.91,275.44,38.57,90.8,0.9609,-1,-1,-1
5,1246,1365.69,353.58,50.67,115.0,0.9588,-1,-1,-1
5,1252,145.03,238.24,32.92,77.83,0.9486,-1,-1,-1
5,1256,242.75,203.36,23.77,55.4,0.9186,-1,-1,-1
5,1255,894.35,274.78,34.8,97.61,0.9056,-1,-1,-1
5,1254,1887.84,550.34,32.16,139.21,0.8905,-1,-1,-1
5,1251,653.03,728.28,94.23,196.64,0.5882,-1,-1,-1
5,1257,1417.91,237.5,33.03,77.29,0.892,-1,-1,-1
6,1243,592.42,334.3,51.25,106.71,0.9768,-1,-1,-1
6,1245,1184.03,398.68,42.37,116.91,0.9718,-1,-1,-1
6,1242,902.56,599.1,77.83,179.32,0.9717,-1,-1,-1
6,1244,1140.14,390.68,45.89,118.44,0.9709,-1,-1,-1
6,1249,658.46,247.75,40.85,79.02,0.9694,-1,-1,-1
6,1248,251.88,307.59,42.6,96.68,0.9679,-1,-1,-1
6,1247,824.12,284.68,41.11,88.82,0.9666,-1,-1,-1
6,1246,1372.25,353.39,49.17,115.31,0.9645,-1,-1,-1
6,1253,8.88,303.14,49.25,76.94,0.9633,-1,-1,-1
6,1250,183.92,275.84,38.22,90.01,0.9602,-1,-1,-1
6,1255,899.31,275.44,34.89,95.63,0.9509,-1,-1,-1
6,1252,151.72,238.93,33.94,78.61,0.9484,-1,-1,-1
6,1256,251.03,203.22,22.36,54.7,0.9226,-1,-1,-1
6,1254,1890.53,556.5,29.47,141.63,0.8385,-1,-1,-1
6,1251,672.71,741.79,75.66,174.12,0.6104,-1,-1,-1
6,1257,1423.91,238.21,33.11,76.63,0.832,-1,-1,-1
7,1243,596.69,334.94,50.22,107.51,0.9747,-1,-1,-1
7,1244,1142.64,391.49,48.01,117.91,0.9742,-1,-1,-1
7,1242,905.55,598.71,77.68,180.38,0.9719,-1,-1,-1
7,1245,1187.98,399.22,42.14,117.0,0.9707,-1,-1,-1
7,1247,827.58,284.23,39.34,88.32,0.9675,-1,-1,-1
7,1250,186.26,274.46,41.59,91.44,0.9671,-1,-1,-1
7,1246,1375.76,353.34,49.08,115.49,0.9669,-1,-1,-1
7,1248,255.2,308.54,44.15,94.98,0.965,-1,-1,-1
7,1253,12.88,302.33,48.93,76.85,0.964,-1,-1,-1
7,1249,661.54,247.27,41.58,79.93,0.9633,-1,-1,-1
7,1252,155.3,238.06,35.7,79.06,0.9518,-1,-1,-1
7,1255,902.02,274.51,34.54,96.66,0.9513,-1,-1,-1
7,1256,255.4,201.33,22.29,57.17,0.92,-1,-1,-1
7,1254,1887.12,564.98,32.64,136.78,0.8119,-1,-1,-1
7,1251,671.56,740.86,79.7,176.78,0.7248,-1,-1,-1
7,1257,1426.93,236.58,34.14,78.18,0.9252,-1,-1,-1
8,1243,604.94,334.73,48.4,108.17,0.9756,-1,-1,-1
8,1244,1147.6,392.95,50.56,117.77,0.9744,-1,-1,-1
8,1242,910.69,602.84,77.62,179.03,0.9728,-1,-1,-1
8,1245,1196.9,399.31,40.83,116.23,0.9698,-1,-1,-1
8,1253,21.61,299.99,48.44,78.93,0.969,-1,-1,-1
8,1246,1382.71,354.23,49.41,114.75,0.9684,-1,-1,-1
8,1248,263.39,309.56,44.13,94.86,0.9675,-1,-1,-1
8,1249,666.97,247.35,42.45,79.37,0.9655,-1,-1,-1
8,1250,194.68,274.09,41.85,92.22,0.9604,-1,-1,-1
8,1247,833.37,284.33,37.38,88.53,0.9583,-1,-1,-1
8,1252,161.89,238.57,37.7,78.43,0.9547,-1,-1,-1
8,1255,908.89,274.75,33.94,98.06,0.9432,-1,-1,-1
8,1256,264.84,202.25,21.07,55.69,0.9029,-1,-1,-1
8,1251,660.75,738.5,96.01,187.04,0.8179,-1,-1,-1
8,1254,1893.12,600.66,25.78,108.25,0.8014,-1,-1,-1
8,1257,1434.85,238.09,32.08,76.14,0.8677,-1,-1,-1
9,1243,615.08,334.65,45.64,106.84,0.9753,-1,-1,-1
9,1242,917.86,605.43,78.47,178.94,0.974,-1,-1,-1
9,1244,1155.18,393.98,49.7,118.69,0.9707,-1,-1,-1
9,1245,1203.14,398.63,43.53,117.87,0.9696,-1,-1,-1
9,1248,272.74,310.39,46.01,95.68,0.9684,-1,-1,-1
9,1253,32.63,298.28,46.81,80.73,0.9656,-1,-1,-1
9,1246,1392.29,354.39,47.61,116.0,0.9653,-1,-1,-1
9,1250,202.67,274.4,43.79,91.75,0.9638,-1,-1,-1
9,1249,674.62,247.53,42.42,79.3,0.9592,-1,-1,-1
9,1252,171.12,239.22,37.83,77.92,0.9547,-1,-1,-1
9,1247,841.6,284.03,35.11,88.46,0.9487,-1,-1,-1
9,1255,917.44,274.31,32.63,99.63,0.9465,-1,-1,-1
9,1256,273.85,203.4,21.75,55.86,0.9187,-1,-1,-1
9,1251,649.46,740.54,129.04,180.33,0.9183,-1,-1,-1
9,1257,1443.27,241.02,34.79,73.55,0.9362,-1,-1,-1
10,1243,620.4,334.53,44.93,106.42,0.9746,-1,-1,-1
10,1250,208.51,273.99,44.52,92.25,0.9732,-1,-1,-1
10,1245,1207.69,399.35,43.91,116.48,0.9732,-1,-1,-1
10,1246,1397.54,354.25,46.01,116.21,0.9728,-1,-1,-1
10,1242,923.43,605.52,76.8,178.1,0.9727,-1,-1,-1
10,1244,1159.92,395.28,50.37,116.87,0.9715,-1,-1,-1
10,1253,41.96,297.88,43.6,82.66,0.9705,-1,-1,-1
10,1248,278.93,310.52,45.79,95.82,0.9674,-1,-1,-1
10,1249,678.51,247.57,42.57,79.14,0.9611,-1,-1,-1
10,1252,176.03,237.68,38.82,79.23,0.9593,-1,-1,-1
10,1247,846.12,284.3,35.08,88.39,0.9545,-1,-1,-1
10,1255,921.54,274.89,32.92,98.81,0.9419,-1,-1,-1
10,1251,657.99,738.98,128.51,184.01,0.939,-1,-1,-1
10,1256,279.34,203.3,22.27,55.29,0.9036,-1,-1,-1
10,1257,1447.2,239.57,36.3,75.9,0.9083,-1,-1,-1
11,1246,1408.75,355.04,46.66,114.88,0.9738,-1,-1,-1
11,1244,1169.77,395.6,52.06,116.66,0.9728,-1,-1,-1
11,1243,632.48,335.07,43.69,106.43,0.9712,-1,-1,-1
11,1245,1217.54,399.52,45.69,116.78,0.9706,-1,-1,-1
11,1253,55.68,297.7,46.27,83.36,0.9705,-1,-1,-1
11,1242,935.09,604.97,73.15,178.8,0.9687,-1,-1,-1
11,1248,292.23,310.27,45.05,96.68,0.9674,-1,-1,-1
11,1250,220.81,274.14,44.4,92.05,0.9669,-1,-1,-1
11,1252,188.69,238.46,39.58,78.47,0.9581,-1,-1,-1
11,1251,678.91,740.35,116.94,179.32,0.9573,-1,-1,-1
11,1247,856.88,283.34,33.61,88.68,0.9535,-1,-1,-1
11,1249,689.07,246.69,43.09,80.12,0.9517,-1,-1,-1
11,1255,931.96,274.86,33.69,99.93,0.8679,-1,-1,-1
11,1256,293.86,201.99,21.76,57.13,0.8524,-1,-1,-1
11,1257,1459.26,240.25,35.74,75.41,0.9022,-1,-1,-1
12,1246,1421.66,354.9,48.23,117.55,0.9743,-1,-1,-1
12,1245,1230.9,400.27,46.25,117.9,0.9717,-1,-1,-1
12,1248,307.79,310.38,45.5,96.61,0.9703,-1,-1,-1
12,1244,1183.19,397.2,49.81,116.38,0.9696,-1,-1,-1
12,1242,951.64,607.98,69.01,174.93,0.9689,-1,-1,-1
12,1243,646.91,335.84,42.88,105.94,0.9681,-1,-1,-1
12,1253,72.9,297.21,49.08,85.73,0.9677,-1,-1,-1
12,1250,236.64,274.04,43.4,92.14,0.9653,-1,-1,-1
12,1252,203.54,237.75,40.05,81.14,0.9596,-1,-1,-1
12,1249,701.37,247.13,43.25,79.34,0.9527,-1,-1,-1
12,1247,870.12,283.25,32.05,88.03,0.9478,-1,-1,-1
12,1251,690.06,741.36,118.77,174.66,0.9384,-1,-1,-1
12,1255,944.53,275.21,33.54,98.64,0.9283,-1,-1,-1
12,1262,2.8,465.41,26.78,115.14,0.9128,-1,-1,-1
12,1256,310.39,201.08,21.43,57.38,0.755,-1,-1,-1
12,1257,1473.24,241.26,37.52,75.22,0.9067,-1,-1,-1
13,1242,959.3,608.09,67.51,172.96,0.9736,-1,-1,-1
13,1246,1429.69,355.51,48.46,117.81,0.9712,-1,-1,-1
13,1243,654.54,336.6,43.25,105.91,0.9707,-1,-1,-1
13,1244,1191.65,398.15,49.29,114.95,0.9705,-1,-1,-1
13,1248,317.27,310.27,45.12,96.8,0.9686,-1,-1,-1
13,1245,1239.25,400.57,47.47,117.89,0.9676,-1,-1,-1
13,1253,83.9,298.69,49.04,86.05,0.9618,-1,-1,-1
13,1262,2.0,457.41,37.16,122.49,0.9577,-1,-1,-1
13,1252,212.7,239.31,39.83,80.2,0.9557,-1,-1,-1
13,1249,709.12,246.71,41.38,80.49,0.95,-1,-1,-1
13,1250,245.09,275.56,41.64,91.78,0.9467,-1,-1,-1
13,1255,953.26,275.48,32.73,98.83,0.9446,-1,-1,-1
13,1247,878.24,283.1,31.45,88.87,0.9408,-1,-1,-1
13,1251,694.94,737.76,124.54,179.14,0.9156,-1,-1,-1
13,1256,317.5,199.99,24.11,59.72,0.8058,-1,-1,-1
13,1257,1481.57,243.71,34.59,71.99,0.7549,-1,-1,-1
14,1246,1448.06,357.47,49.41,115.9,0.9717,-1,-1,-1
14,1245,1257.13,401.32,48.89,121.39,0.9696,-1,-1,-1
14,1262,3.09,448.09,59.29,131.9,0.9685,-1,-1,-1
14,1243,672.88,336.97,43.53,104.59,0.9663,-1,-1,-1
14,1248,338.22,310.39,44.64,96.92,0.9661,-1,-1,-1
14,1253,107.35,300.91,49.39,86.29,0.9658,-1,-1,-1
14,1244,1209.44,399.32,49.81,117.68,0.9651,-1,-1,-1
14,1242,978.96,608.61,63.77,175.95,0.9615,-1,-1,-1
14,1250,265.45,277.15,39.18,90.39,0.9555,-1,-1,-1
14,1252,232.79,239.13,40.35,82.35,0.9514,-1,-1,-1
14,1249,725.96,248.31,39.57,79.88,0.9492,-1,-1,-1
14,1247,894.89,283.92,31.72,88.55,0.9399,-1,-1,-1
14,1255,969.3,276.47,34.63,97.86,0.9372,-1,-1,-1
14,1251,710.98,735.19,121.06,181.04,0.9271,-1,-1,-1
15,1246,1469.49,358.64,50.6,116.34,0.9722,-1,-1,-1
15,1243,692.89,337.98,44.51,105.4,0.9706,-1,-1,-1
15,1245,1280.26,402.89,47.7,122.61,0.9702,-1,-1,-1
15,1262,22.5,446.45,64.73,133.75,0.9682,-1,-1,-1
15,1244,1229.75,400.72,50.52,119.75,0.965,-1,-1,-1
15,1242,998.97,609.92,64.97,174.82,0.9626,-1,-1,-1
15,1253,132.44,302.97,50.04,85.18,0.9609,-1,-1,-1
15,1248,361.73,310.35,44.92,97.28,0.9605,-1,-1,-1
15,1250,288.48,280.23,37.89,87.08,0.9488,-1,-1,-1
15,1251,727.77,729.4,123.45,187.73,0.9428,-1,-1,-1
15,1247,915.02,283.92,32.5,89.02,0.9384,-1,-1,-1
15,1249,747.43,249.59,39.66,79.07,0.9353,-1,-1,-1
15,1255,990.04,278.03,33.93,99.36,0.9331,-1,-1,-1
15,1252,256.65,240.73,38.54,80.29,0.9324,-1,-1,-1
16,1246,1481.12,360.22,50.83,116.87,0.9718,-1,-1,-1
16,1243,704.08,338.65,44.57,106.47,0.97,-1,-1,-1
16,1262,35.17,447.05,67.18,133.86,0.9666,-1,-1,-1
16,1242,1008.75,608.52,66.25,177.49,0.9664,-1,-1,-1
16,1245,1292.54,405.61,47.88,117.98,0.9651,-1,-1,-1
16,1248,374.22,310.97,44.22,96.77,0.9619,-1,-1,-1
16,1244,1242.14,397.47,51.88,124.03,0.9609,-1,-1,-1
16,1253,146.18,304.98,49.64,82.42,0.9569,-1,-1,-1
16,1250,300.84,281.17,38.5,85.59,0.9452,-1,-1,-1
16,1252,269.57,241.6,38.07,80.04,0.9344,-1,-1,-1
16,1255,1001.79,276.92,33.63,99.8,0.9342,-1,-1,-1
16,1247,925.57,283.7,33.32,89.98,0.9314,-1,-1,-1
16,1251,739.41,733.91,125.1,182.24,0.9257,-1,-1,-1
16,1249,759.06,249.19,38.93,79.85,0.9229,-1,-1,-1
17,1243,728.28,339.81,45.02,107.33,0.9699,-1,-1,-1
17,1246,1506.58,361.84,51.35,118.63,0.9675,-1,-1,-1
17,1244,1266.47,400.05,52.02,119.31,0.9672,-1,-1,-1
17,1262,64.9,448.24,68.63,134.49,0.967,-1,-1,-1
17,1242,1029.47,610.43,72.01,177.7,0.966,-1,-1,-1
17,1248,401.17,311.37,43.81,96.44,0.9587,-1,-1,-1
17,1245,1318.29,406.62,47.97,117.49,0.9538,-1,-1,-1
17,1253,175.69,308.15,49.98,79.42,0.9517,-1,-1,-1
17,1252,297.51,242.07,38.75,81.92,0.9344,-1,-1,-1
17,1251,766.86,733.26,118.39,184.65,0.9303,-1,-1,-1
17,1255,1026.18,278.87,33.81,98.6,0.9246,-1,-1,-1
17,1249,783.61,251.15,40.62,79.51,0.9225,-1,-1,-1
17,1250,326.85,282.46,37.43,84.25,0.9188,-1,-1,-1
17,1247,948.91,284.29,34.75,89.65,0.8951,-1,-1,-1
18,1262,97.14,449.02,72.54,134.99,0.9676,-1,-1,-1
18,1243,755.73,341.73,46.02,107.49,0.9647,-1,-1,-1
18,1242,1053.38,613.12,75.93,176.83,0.9636,-1,-1,-1
18,1246,1537.05,365.6,50.32,116.2,0.9609,-1,-1,-1
18,1245,1347.11,410.96,46.65,117.0,0.9581,-1,-1,-1
18,1244,1293.4,401.96,50.6,116.11,0.9558,-1,-1,-1
18,1253,206.7,309.64,50.12,77.75,0.9493,-1,-1,-1
18,1248,432.36,312.15,43.4,96.1,0.943,-1,-1,-1
18,1251,799.39,736.1,107.78,186.49,0.9405,-1,-1,-1
18,1247,974.64,285.69,36.99,88.32,0.9083,-1,-1,-1
18,1249,812.79,252.81,41.37,79.54,0.9011,-1,-1,-1
18,1250,328.51,246.21,38.03,75.96,0.8284,-1,-1,-1
19,1245,1361.89,410.46,48.44,120.0,0.9688,-1,-1,-1
19,1244,1307.54,404.29,51.1,117.41,0.9673,-1,-1,-1
19,1262,114.28,450.79,75.1,132.96,0.964,-1,-1,-1
19,1242,1063.77,614.41,82.75,176.08,0.9629,-1,-1,-1
19,1246,1550.42,366.89,52.97,115.93,0.9598,-1,-1,-1
19,1247,989.82,289.01,37.11,85.4,0.9307,-1,-1,-1
19,1248,448.89,313.26,43.62,96.65,0.929,-1,-1,-1
19,1243,769.73,342.98,46.68,105.65,0.928,-1,-1,-1
19,1251,809.04,733.78,110.22,193.75,0.9214,-1,-1,-1
19,1253,222.88,311.76,50.28,73.99,0.9165,-1,-1,-1
19,1269,1067.0,281.0,36.02,103.0,0.9007,-1,-1,-1
19,1249,825.6,256.15,42.56,76.05,0.896,-1,-1,-1
19,1270,371.56,285.63,34.55,80.32,0.7653,-1,-1,-1
19,1250,344.6,248.46,37.04,63.44,0.5883,-1,-1,-1
20,1243,799.71,344.38,47.8,106.15,0.966,-1,-1,-1
20,1242,1091.53,618.58,87.81,172.5,0.9627,-1,-1,-1
20,1262,151.37,455.2,79.17,130.4,0.9623,-1,-1,-1
20,1246,1585.5,371.25,52.67,114.75,0.9599,-1,-1,-1
20,1245,1395.18,411.2,46.69,123.05,0.9488,-1,-1,-1
20,1248,483.58,315.51,43.02,95.85,0.9423,-1,-1,-1
20,1247,1018.69,289.77,41.04,86.86,0.9353,-1,-1,-1
20,1251,848.88,743.48,100.6,179.1,0.9306,-1,-1,-1
20,1253,256.72,310.25,53.52,77.35,0.9294,-1,-1,-1
20,1244,1337.58,409.05,54.28,117.89,0.9097,-1,-1,-1
20,1249,858.45,258.41,43.46,76.12,0.8856,-1,-1,-1
21,1245,1429.58,416.2,47.47,120.2,0.9648,-1,-1,-1
21,1262,190.58,459.96,80.39,128.87,0.9643,-1,-1,-1
21,1243,833.26,346.42,49.34,106.33,0.9638,-1,-1,-1
21,1246,1622.3,374.93,54.34,116.17,0.9626,-1,-1,-1
21,1251,881.07,747.15,100.73,181.5,0.962,-1,-1,-1
21,1244,1369.7,411.7,60.05,119.7,0.959,-1,-1,-1
21,1242,1117.98,621.06,97.26,174.83,0.9471,-1,-1,-1
21,1255,1051.28,290.66,43.73,90.66,0.9446,-1,-1,-1
21,1248,519.82,319.12,43.83,91.87,0.9332,-1,-1,-1
21,1253,294.7,312.61,50.17,76.95,0.9064,-1,-1,-1
22,1245,1449.18,417.69,45.08,118.99,0.9645,-1,-1,-1
22,1243,850.45,347.2,49.72,105.83,0.9608,-1,-1,-1
22,1246,1642.85,377.23,53.08,116.3,0.9588,-1,-1,-1
22,1262,209.55,463.32,82.43,124.71,0.9585,-1,-1,-1
22,1242,1136.08,622.31,95.61,175.37,0.9519,-1,-1,-1
22,1244,1387.15,415.49,59.46,115.99,0.944,-1,-1,-1
22,1251,901.15,752.43,101.51,173.05,0.9275,-1,-1,-1
22,1277,1149.2,288.24,38.28,92.97,0.927,-1,-1,-1
22,1248,540.53,320.69,43.68,92.11,0.9256,-1,-1,-1
22,1253,313.1,310.77,49.6,80.22,0.9079,-1,-1,-1
22,1278,907.53,264.22,40.74,74.4,0.896,-1,-1,-1
22,1255,1070.66,293.4,39.68,87.16,0.8274,-1,-1,-1
23,1242,1172.17,624.24,99.19,174.58,0.9646,-1,-1,-1
23,1244,1423.34,420.1,63.6,114.7,0.9576,-1,-1,-1
23,1243,886.57,350.33,51.79,105.42,0.9567,-1,-1,-1
23,1251,930.44,760.21,108.62,173.41,0.9539,-1,-1,-1
23,1246,1683.94,380.75,53.39,117.18,0.9519,-1,-1,-1
23,1262,250.07,467.75,78.63,124.06,0.9504,-1,-1,-1
23,1245,1487.72,419.7,46.91,122.89,0.9424,-1,-1,-1
23,1248,580.01,322.83,43.76,90.8,0.9266,-1,-1,-1
23,1282,14.2,400.69,73.25,113.9,0.9228,-1,-1,-1
23,1253,352.17,315.84,47.36,75.19,0.8578,-1,-1,-1
24,1262,290.28,469.41,83.03,120.45,0.9606,-1,-1,-1
24,1245,1529.37,425.58,45.71,118.76,0.9587,-1,-1,-1
24,1243,923.52,352.61,53.46,106.0,0.9576,-1,-1,-1
24,1246,1727.53,385.05,55.48,118.07,0.9518,-1,-1,-1
24,1244,1462.71,425.4,64.93,115.47,0.9482,-1,-1,-1
24,1242,1212.31,626.28,99.42,175.42,0.9368,-1,-1,-1
24,1277,1145.85,297.73,45.16,90.16,0.9216,-1,-1,-1
24,1251,967.39,758.54,117.7,182.0,0.9187,-1,-1,-1
24,1253,392.87,319.01,51.1,76.28,0.8312,-1,-1,-1
25,1262,312.04,470.84,83.17,118.27,0.9612,-1,-1,-1
25,1243,942.0,353.09,54.76,106.85,0.9563,-1,-1,-1
25,1242,1234.88,626.75,89.43,177.74,0.956,-1,-1,-1
25,1245,1550.68,428.13,44.6,118.54,0.953,-1,-1,-1
25,1244,1483.82,429.17,61.78,113.95,0.9364,-1,-1,-1
25,1246,1750.54,386.84,55.21,119.27,0.9335,-1,-1,-1
25,1251,986.87,757.18,118.42,189.56,0.9233,-1,-1,-1
25,1293,643.75,326.75,42.72,89.37,0.911,-1,-1,-1
25,1292,1242.74,299.23,41.99,97.63,0.9101,-1,-1,-1
25,1294,103.39,398.81,53.67,114.17,0.9085,-1,-1,-1
25,1277,1164.89,297.91,45.43,86.89,0.8214,-1,-1,-1
25,1253,414.42,319.64,51.65,78.25,0.817,-1,-1,-1
25,1295,1004.86,271.86,48.6,70.41,0.7705,-1,-1,-1
26,1242,1274.27,630.65,87.95,176.84,0.9667,-1,-1,-1
26,1243,981.65,356.8,56.12,105.23,0.9561,-1,-1,-1
26,1262,353.26,471.23,82.61,119.5,0.9537,-1,-1,-1
26,1251,1022.52,761.81,116.8,190.59,0.9449,-1,-1,-1
26,1253,457.79,321.63,53.8,81.85,0.9319,-1,-1,-1
26,1246,1796.39,391.86,56.69,119.37,0.9277,-1,-1,-1
26,1245,1594.67,429.27,46.74,119.08,0.8963,-1,-1,-1
26,1269,1042.4,273.32,55.47,71.97,0.892,-1,-1,-1
26,1244,1524.23,432.49,65.44,114.37,0.8782,-1,-1,-1
27,1262,396.68,471.43,79.97,120.83,0.9633,-1,-1,-1
27,1242,1314.3,631.34,78.71,176.42,0.96,-1,-1,-1
27,1243,1021.94,359.64,58.26,105.09,0.9574,-1,-1,-1
27,1251,1052.09,762.31,130.36,192.93,0.9278,-1,-1,-1
27,1244,1565.91,436.11,66.68,136.54,0.9249,-1,-1,-1
27,1253,502.31,324.78,54.18,80.6,0.9246,-1,-1,-1
27,1292,1248.74,302.69,42.29,87.14,0.9214,-1,-1,-1
27,1247,1077.43,276.45,63.21,71.33,0.9194,-1,-1,-1
27,1246,1842.93,398.36,56.74,118.28,0.901,-1,-1,-1
28,1242,1335.08,632.82,74.73,175.71,0.9652,-1,-1,-1
28,1262,417.45,470.73,77.97,121.29,0.9646,-1,-1,-1
28,1243,1041.88,361.72,59.11,105.35,0.9567,-1,-1,-1
28,1251,1069.95,764.57,127.13,193.2,0.9372,-1,-1,-1
28,1247,1096.89,275.96,67.02,73.32,0.9361,-1,-1,-1
28,1253,523.68,325.46,55.77,80.79,0.9316,-1,-1,-1
28,1246,1866.28,399.29,47.09,118.53,0.9305,-1,-1,-1
28,1244,1588.62,441.56,66.61,141.61,0.9225,-1,-1,-1
28,1308,752.16,330.86,42.77,88.35,0.9224,-1,-1,-1
28,1309,1344.83,310.05,51.76,91.89,0.9222,-1,-1,-1
28,1292,1270.15,305.08,41.57,85.07,0.9106,-1,-1,-1
29,1242,1375.19,635.82,63.9,174.34,0.9618,-1,-1,-1
29,1262,459.49,470.28,71.64,121.43,0.9585,-1,-1,-1
29,1247,1135.01,277.25,71.72,75.3,0.9529,-1,-1,-1
29,1243,1082.89,365.47,61.26,105.64,0.9499,-1,-1,-1
29,1253,566.57,326.71,57.37,81.13,0.9344,-1,-1,-1
29,1251,1097.3,768.92,138.29,189.45,0.8884,-1,-1,-1
29,1244,1632.16,448.41,62.28,119.61,0.8565,-1,-1,-1
30,1262,502.87,470.18,65.75,123.9,0.9643,-1,-1,-1
30,1242,1415.97,640.48,58.26,175.83,0.9551,-1,-1,-1
30,1277,1176.57,278.87,68.38,75.63,0.9454,-1,-1,-1
30,1243,1124.66,372.38,62.31,100.65,0.934,-1,-1,-1
30,1253,613.05,332.97,53.43,77.04,0.851,-1,-1,-1
30,1245,1675.38,452.59,64.41,113.47,0.849,-1,-1,-1
30,1251,1149.33,770.26,107.02,191.48,0.8436,-1,-1,-1
30,1309,1355.95,311.83,36.73,93.42,0.8014,-1,-1,-1
31,1262,522.82,470.39,65.68,124.79,0.9623,-1,-1,-1
31,1277,1194.85,278.36,70.6,76.57,0.9534,-1,-1,-1
31,1243,1145.01,374.72,64.64,99.83,0.9311,-1,-1,-1
31,1242,1435.04,642.35,60.8,177.96,0.925,-1,-1,-1
31,1325,1455.93,321.44,41.73,80.9,0.915,-1,-1,-1
31,1245,1697.22,454.76,67.39,114.77,0.9049,-1,-1,-1
31,1251,1151.84,772.45,136.67,195.76,0.8305,-1,-1,-1
31,1253,632.96,335.02,54.68,77.2,0.8267,-1,-1,-1
31,1309,1378.65,313.2,36.49,89.94,0.7183,-1,-1,-1
32,1262,563.66,471.7,67.31,127.15,0.9634,-1,-1,-1
32,1242,1472.04,648.86,68.13,175.93,0.9571,-1,-1,-1
32,1243,1187.79,378.63,66.8,100.8,0.944,-1,-1,-1
32,1245,1740.99,456.24,75.31,119.07,0.9353,-1,-1,-1
32,1253,674.05,334.49,54.41,82.22,0.9058,-1,-1,-1
32,1251,1196.45,775.77,123.97,205.91,0.8186,-1,-1,-1
33,1262,603.93,474.37,65.26,128.4,0.9685,-1,-1,-1
33,1242,1502.43,652.2,81.89,180.53,0.9668,-1,-1,-1
33,1243,1228.68,382.42,67.76,102.29,0.9513,-1,-1,-1
33,1292,1281.69,284.27,53.53,78.53,0.949,-1,-1,-1
33,1245,1782.35,458.7,82.18,121.37,0.9379,-1,-1,-1
33,1253,712.78,337.16,54.36,84.08,0.9254,-1,-1,-1
33,1325,1463.43,323.33,38.1,88.94,0.9096,-1,-1,-1
33,1251,1226.0,786.11,140.73,201.23,0.7791,-1,-1,-1
34,1262,623.17,476.01,63.18,129.07,0.9698,-1,-1,-1
34,1242,1511.84,657.53,94.73,178.53,0.967,-1,-1,-1
34,1245,1801.84,460.41,87.27,124.41,0.9531,-1,-1,-1
34,1292,1302.03,285.64,50.65,78.35,0.9491,-1,-1,-1
34,1243,1248.14,384.53,68.28,102.0,0.9457,-1,-1,-1
34,1325,1483.35,324.95,40.83,89.91,0.9198,-1,-1,-1
34,1350,473.32,418.5,48.58,110.86,0.8375,-1,-1,-1
34,1253,732.96,340.58,52.95,81.47,0.8256,-1,-1,-1
34,1251,1234.89,789.25,162.23,197.79,0.7898,-1,-1,-1
35,1262,656.0,480.55,66.24,125.2,0.9666,-1,-1,-1
35,1245,1841.91,465.88,74.22,123.27,0.9632,-1,-1,-1
35,1243,1284.59,388.31,69.98,103.09,0.9512,-1,-1,-1
35,1242,1537.86,661.61,109.81,181.32,0.9296,-1,-1,-1
35,1253,769.92,346.72,51.55,80.32,0.8964,-1,-1,-1
35,1251,1287.59,795.69,139.7,198.43,0.8677,-1,-1,-1
35,1278,902.59,281.41,34.86,66.23,0.5544,-1,-1,-1
36,1262,681.96,485.73,77.29,124.02,0.968,-1,-1,-1
36,1243,1319.27,392.56,69.11,103.82,0.9571,-1,-1,-1
36,1253,804.73,350.19,52.47,82.46,0.9229,-1,-1,-1
36,1242,1566.93,668.28,119.83,178.17,0.9206,-1,-1,-1
36,1245,1878.24,470.41,38.11,124.67,0.9192,-1,-1,-1
36,1251,1327.19,807.02,131.37,196.49,0.8832,-1,-1,-1
37,1262,694.9,488.46,82.79,122.81,0.9677,-1,-1,-1
37,1243,1335.04,395.4,68.44,102.08,0.9543,-1,-1,-1
37,1364,573.89,422.75,44.72,113.24,0.9458,-1,-1,-1
37,1365,1571.64,335.83,52.77,89.6,0.943,-1,-1,-1
37,1368,1658.56,336.63,38.81,88.08,0.931,-1,-1,-1
37,1253,822.63,353.61,47.97,79.65,0.9191,-1,-1,-1
37,1242,1583.29,669.62,127.3,178.92,0.906,-1,-1,-1
37,1309,1400.06,293.52,40.77,79.15,0.903,-1,-1,-1
37,1251,1335.86,812.97,147.11,190.1,0.8994,-1,-1,-1
37,1369,54.73,584.71,89.45,72.66,0.883,-1,-1,-1
37,1370,238.75,302.74,51.98,58.57,0.8638,-1,-1,-1
37,1367,1064.94,357.11,38.9,94.94,0.8199,-1,-1,-1
38,1262,719.94,494.36,92.26,121.3,0.979,-1,-1,-1
38,1243,1362.7,401.52,68.47,99.4,0.9632,-1,-1,-1
38,1253,853.4,357.53,47.25,78.1,0.9292,-1,-1,-1
38,1309,1430.67,298.09,42.03,79.75,0.9242,-1,-1,-1
38,1251,1379.16,827.21,123.36,180.87,0.9202,-1,-1,-1
38,1242,1613.71,673.54,125.02,183.48,0.9127,-1,-1,-1
38,1369,106.58,584.89,70.88,73.83,0.8602,-1,-1,-1
38,1252,554.13,259.22,28.78,60.11,0.6708,-1,-1,-1
39,1262,747.35,497.26,92.48,121.74,0.9798,-1,-1,-1
39,1243,1389.52,404.4,65.42,100.97,0.9686,-1,-1,-1
39,1253,880.23,357.06,46.68,80.92,0.9523,-1,-1,-1
39,1368,1636.97,340.99,56.94,93.43,0.9519,-1,-1,-1
39,1376,302.57,304.62,57.43,69.81,0.9487,-1,-1,-1
39,1309,1457.84,303.13,42.8,79.2,0.9479,-1,-1,-1
39,1251,1413.26,832.22,112.08,181.26,0.9278,-1,-1,-1
39,1242,1655.62,680.38,107.88,184.29,0.9192,-1,-1,-1
39,1369,134.24,583.8,74.51,75.38,0.8858,-1,-1,-1
39,1295,1019.64,288.98,31.3,81.71,0.7835,-1,-1,-1
40,1262,764.4,498.39,86.94,120.13,0.9837,-1,-1,-1
40,1382,655.34,427.37,44.71,113.85,0.967,-1,-1,-1
40,1243,1400.5,404.91,64.07,101.49,0.9666,-1,-1,-1
40,1253,893.27,358.57,43.77,79.96,0.9554,-1,-1,-1
40,1368,1652.94,343.59,55.26,89.93,0.9524,-1,-1,-1
40,1376,317.15,306.55,55.06,71.32,0.9477,-1,-1,-1
40,1309,1468.41,306.04,45.1,77.69,0.9453,-1,-1,-1
40,1384,1139.9,366.59,41.55,95.52,0.9413,-1,-1,-1
40,1383,1736.38,343.95,39.76,88.71,0.9397,-1,-1,-1
40,1369,162.23,581.32,61.22,89.33,0.9202,-1,-1,-1
40,1242,1661.18,681.97,120.56,181.44,0.9187,-1,-1,-1
40,1251,1425.93,832.09,109.08,183.3,0.9156,-1,-1,-1
40,1385,130.41,590.99,76.86,130.56,0.7755,-1,-1,-1
40,1295,1032.21,291.18,32.48,74.72,0.6645,-1,-1,-1
41,1262,790.05,499.62,83.13,121.18,0.9821,-1,-1,-1
41,1243,1423.05,406.52,62.52,104.13,0.9669,-1,-1,-1
41,1382,682.29,429.03,45.02,114.85,0.9661,-1,-1,-1
41,1368,1681.0,345.33,53.16,92.52,0.9656,-1,-1,-1
41,1251,1447.38,831.39,98.27,189.41,0.954,-1,-1,-1
41,1253,915.74,358.93,44.46,84.17,0.9481,-1,-1,-1
41,1309,1489.7,309.91,51.96,76.94,0.9461,-1,-1,-1
41,1376,346.61,310.17,41.49,71.09,0.9334,-1,-1,-1
41,1242,1691.43,685.45,106.71,181.21,0.9316,-1,-1,-1
41,1369,170.49,584.7,75.33,140.47,0.9249,-1,-1,-1
42,1262,801.37,499.15,87.4,123.83,0.9829,-1,-1,-1
42,1243,1443.63,407.63,65.73,105.53,0.9701,-1,-1,-1
42,1383,1707.49,347.53,50.69,93.39,0.9656,-1,-1,-1
42,1309,1509.32,312.75,59.39,77.72,0.96,-1,-1,-1
42,1382,707.39,432.02,43.48,115.18,0.9588,-1,-1,-1
42,1253,935.21,360.21,46.01,88.83,0.9568,-1,-1,-1
42,1242,1717.96,687.79,92.77,182.14,0.9558,-1,-1,-1
42,1251,1472.7,844.56,75.77,174.22,0.9494,-1,-1,-1
42,1369,199.88,586.45,82.46,141.98,0.9419,-1,-1,-1
42,1376,367.69,312.15,42.57,70.65,0.93,-1,-1,-1
43,1262,807.56,500.74,89.39,122.46,0.987,-1,-1,-1
43,1243,1453.06,408.27,65.34,106.8,0.9712,-1,-1,-1
43,1383,1720.56,349.15,45.71,93.88,0.9639,-1,-1,-1
43,1242,1728.88,689.01,84.77,184.02,0.9617,-1,-1,-1
43,1382,717.85,432.94,43.67,115.85,0.959,-1,-1,-1
43,1309,1520.29,314.11,59.11,77.65,0.9584,-1,-1,-1
43,1253,944.28,362.71,43.08,87.49,0.9548,-1,-1,-1
43,1369,208.8,580.85,80.52,148.84,0.948,-1,-1,-1
43,1395,1794.01,349.24,51.95,95.33,0.9424,-1,-1,-1
43,1251,1480.48,846.86,68.76,169.77,0.9392,-1,-1,-1
43,1376,377.96,313.72,42.5,70.05,0.9301,-1,-1,-1
43,1396,1090.07,297.96,35.99,67.5,0.8701,-1,-1,-1
43,1398,1093.86,347.26,32.62,68.76,0.7849,-1,-1,-1
43,1394,1199.44,373.86,39.6,95.47,0.7677,-1,-1,-1
43,1249,1199.46,266.79,22.2,49.63,0.762,-1,-1,-1
44,1262,817.83,501.88,85.28,123.47,0.98,-1,-1,-1
44,1243,1469.58,409.77,65.5,107.36,0.9761,-1,-1,-1
44,1382,736.39,436.07,44.85,117.04,0.9694,-1,-1,-1
44,1309,1538.82,316.11,59.05,78.59,0.9656,-1,-1,-1
44,1242,1753.67,693.26,61.35,180.8,0.9634,-1,-1,-1
44,1383,1741.1,350.93,39.61,93.82,0.963,-1,-1,-1
44,1395,1810.32,350.45,56.4,96.12,0.9627,-1,-1,-1
44,1376,393.36,314.52,46.82,71.78,0.9556,-1,-1,-1
44,1253,959.49,364.9,40.59,89.65,0.9539,-1,-1,-1
44,1251,1495.23,848.01,58.84,167.93,0.9416,-1,-1,-1
44,1396,1106.6,299.88,37.2,69.6,0.9207,-1,-1,-1
44,1398,1108.58,347.3,37.16,71.99,0.9076,-1,-1,-1
44,1369,197.71,580.35,96.46,140.03,0.8966,-1,-1,-1
44,1394,1216.74,375.0,38.89,99.55,0.8751,-1,-1,-1
44,1249,1216.45,267.81,21.78,51.43,0.81,-1,-1,-1
45,1243,1482.69,412.11,64.15,109.05,0.9737,-1,-1,-1
45,1382,752.15,438.55,44.59,116.54,0.972,-1,-1,-1
45,1309,1552.56,316.35,54.6,79.66,0.9691,-1,-1,-1
45,1376,403.74,314.56,51.63,74.94,0.9662,-1,-1,-1
45,1395,1822.1,353.64,62.13,96.84,0.9659,-1,-1,-1
45,1262,825.33,501.79,80.97,125.64,0.9658,-1,-1,-1
45,1242,1770.52,693.8,49.94,181.0,0.9541,-1,-1,-1
45,1253,971.62,369.1,38.27,89.88,0.9528,-1,-1,-1
45,1398,1120.98,348.95,40.39,72.59,0.949,-1,-1,-1
45,1383,1758.57,352.54,31.36,93.81,0.9391,-1,-1,-1
45,1369,211.26,579.22,95.76,147.58,0.9361,-1,-1,-1
45,1251,1504.28,852.62,62.65,166.63,0.9333,-1,-1,-1
45,1396,1120.31,302.32,38.06,72.4,0.9327,-1,-1,-1
45,1249,1229.85,267.07,22.74,54.27,0.8818,-1,-1,-1
46,1243,1488.28,414.28,63.2,108.32,0.9754,-1,-1,-1
46,1382,758.91,438.42,45.57,117.69,0.9716,-1,-1,-1
46,1262,829.23,501.74,78.33,127.03,0.9702,-1,-1,-1
46,1376,408.33,314.7,51.11,75.94,0.9642,-1,-1,-1
46,1309,1558.37,317.44,52.18,79.23,0.9618,-1,-1,-1
46,1395,1827.19,354.66,63.13,96.84,0.9604,-1,-1,-1
46,1396,1126.3,302.73,38.76,73.17,0.9588,-1,-1,-1
46,1253,976.72,370.95,38.16,90.91,0.9509,-1,-1,-1
46,1398,1126.62,351.35,41.07,70.77,0.9498,-1,-1,-1
46,1251,1507.44,850.53,68.66,173.24,0.9373,-1,-1,-1
46,1242,1773.19,693.7,50.98,181.58,0.9319,-1,-1,-1
46,1383,1766.36,354.18,27.05,92.75,0.9301,-1,-1,-1
46,1402,700.22,281.08,27.61,54.21,0.8949,-1,-1,-1
46,1249,1235.37,269.9,22.61,51.9,0.7589,-1,-1,-1
46,1394,1237.88,377.84,36.61,100.4,0.6758,-1,-1,-1
47,1382,772.39,441.27,44.11,115.38,0.9735,-1,-1,-1
47,1243,1496.01,416.92,60.76,108.2,0.9728,-1,-1,-1
47,1262,837.2,501.87,70.62,128.43,0.9711,-1,-1,-1
47,1369,271.3,601.6,52.15,122.87,0.9711,-1,-1,-1
47,1395,1837.85,357.13,63.05,97.0,0.9692,-1,-1,-1
47,1309,1566.51,316.06,46.41,82.0,0.9678,-1,-1,-1
47,1376,412.64,316.71,56.99,76.49,0.9671,-1,-1,-1
47,1396,1134.12,303.65,41.42,75.42,0.9508,-1,-1,-1
47,1398,1135.68,351.86,42.59,72.05,0.9476,-1,-1,-1
47,1242,1769.16,694.44,62.52,184.75,0.946,-1,-1,-1
47,1251,1495.89,847.45,96.33,187.17,0.9445,-1,-1,-1
47,1253,985.67,374.22,36.09,88.58,0.9431,-1,-1,-1
47,1383,1776.22,356.87,25.39,92.35,0.9358,-1,-1,-1
47,1402,707.99,278.98,32.4,58.13,0.9275,-1,-1,-1
47,1394,1248.64,380.44,36.66,99.09,0.9197,-1,-1,-1
47,1404,236.65,578.6,56.73,71.21,0.9046,-1,-1,-1
47,1249,1245.86,267.05,22.45,55.27,0.858,-1,-1,-1
48,1243,1502.41,420.85,54.68,105.16,0.9728,-1,-1,-1
48,1382,781.89,442.93,43.6,115.61,0.9722,-1,-1,-1
48,1262,845.65,501.44,62.95,130.03,0.9703,-1,-1,-1
48,1395,1849.57,359.27,57.46,98.06,0.969,-1,-1,-1
48,1309,1573.79,315.61,41.3,83.9,0.9667,-1,-1,-1
48,1242,1764.82,696.97,74.53,184.95,0.9616,-1,-1,-1
48,1376,413.71,318.78,61.51,77.68,0.958,-1,-1,-1
48,1394,1256.51,382.35,37.41,98.86,0.9561,-1,-1,-1
48,1383,1782.29,358.11,28.98,92.88,0.9547,-1,-1,-1
48,1396,1143.06,305.1,40.58,75.26,0.9464,-1,-1,-1
48,1398,1141.91,354.34,43.15,71.78,0.9458,-1,-1,-1
48,1369,278.84,596.14,59.34,122.38,0.9337,-1,-1,-1
48,1402,715.55,281.54,34.61,56.03,0.9247,-1,-1,-1
48,1404,259.01,576.85,44.13,75.06,0.9074,-1,-1,-1
48,1251,1487.81,852.14,116.43,185.61,0.8891,-1,-1,-1
48,1253,993.44,379.44,31.71,84.84,0.8879,-1,-1,-1
48,1249,1254.63,265.77,21.33,58.74,0.8773,-1,-1,-1
49,1243,1505.24,422.14,51.12,103.98,0.9758,-1,-1,-1
49,1382,786.01,443.23,43.9,116.14,0.973,-1,-1,-1
49,1262,848.79,501.34,63.05,129.97,0.9721,-1,-1,-1
49,1395,1852.65,360.41,56.51,96.46,0.9706,-1,-1,-1
49,1309,1577.47,316.05,39.04,84.12,0.967,-1,-1,-1
49,1242,1762.2,698.7,80.98,185.33,0.9653,-1,-1,-1
49,1376,414.99,319.29,61.4,78.11,0.9622,-1,-1,-1
49,1248,1142.46,353.54,46.05,73.53,0.9494,-1,-1,-1
49,1383,1785.96,358.4,30.28,94.55,0.9469,-1,-1,-1
49,1396,1149.0,304.57,37.19,76.56,0.9445,-1,-1,-1
49,1369,285.2,600.63,61.91,118.67,0.9388,-1,-1,-1
49,1402,720.42,282.55,34.04,55.81,0.9329,-1,-1,-1
49,1394,1261.5,385.0,36.12,97.41,0.9134,-1,-1,-1
49,1253,996.34,380.51,30.55,83.88,0.9076,-1,-1,-1
49,1404,272.57,573.2,37.69,89.76,0.8683,-1,-1,-1
49,1251,1487.36,847.6,124.84,196.75,0.8557,-1,-1,-1
49,1249,1258.72,267.76,19.16,57.27,0.838,-1,-1,-1
50,1243,1507.75,423.31,46.58,104.61,0.9772,-1,-1,-1
50,1382,795.43,444.22,43.46,115.81,0.9728,-1,-1,-1
50,1395,1857.78,361.11,52.78,96.59,0.9699,-1,-1,-1
50,1242,1760.09,705.26,95.72,179.83,0.9693,-1,-1,-1
50,1383,1784.82,360.23,41.51,93.86,0.9673,-1,-1,-1
50,1369,287.26,572.54,74.95,144.2,0.9649,-1,-1,-1
50,1309,1583.72,315.7,37.57,84.86,0.9647,-1,-1,-1
50,1262,856.33,500.19,62.7,131.17,0.9628,-1,-1,-1
50,1376,419.91,323.88,58.7,73.71,0.9614,-1,-1,-1
50,1396,1151.25,305.6,40.49,77.75,0.9534,-1,-1,-1
50,1394,1269.12,386.6,36.91,97.7,0.9514,-1,-1,-1
50,1253,999.99,379.05,34.82,86.74,0.9357,-1,-1,-1
50,1398,1147.7,349.86,43.27,79.17,0.9352,-1,-1,-1
50,1402,727.98,283.65,35.39,56.33,0.9333,-1,-1,-1
50,1249,1264.52,266.73,18.48,58.29,0.8255,-1,-1,-1
50,1251,1479.23,856.15,146.67,184.13,0.8202,-1,-1,-1
51,1262,863.53,502.62,61.29,129.46,0.9765,-1,-1,-1
51,1243,1509.7,423.75,47.5,104.3,0.9757,-1,-1,-1
51,1369,296.37,570.55,69.02,143.35,0.9739,-1,-1,-1
51,1382,804.18,445.1,41.64,115.6,0.9702,-1,-1,-1
51,1383,1786.15,362.38,50.38,93.73,0.9697,-1,-1,-1
51,1395,1862.94,361.63,47.4,96.35,0.9687,-1,-1,-1
51,1394,1275.06,388.62,37.66,97.36,0.9614,-1,-1,-1
51,1309,1588.69,315.5,35.97,85.55,0.9585,-1,-1,-1
51,1376,422.21,325.37,54.35,73.15,0.9563,-1,-1,-1
51,1398,1148.15,351.49,45.38,77.99,0.95,-1,-1,-1
51,1242,1760.57,702.59,105.34,186.67,0.9495,-1,-1,-1
51,1253,1003.29,379.75,38.63,87.44,0.9481,-1,-1,-1
51,1402,735.92,284.66,34.48,56.91,0.9425,-1,-1,-1
51,1396,1165.43,306.77,29.97,73.59,0.9266,-1,-1,-1
51,1249,1272.91,270.98,18.04,55.72,0.8128,-1,-1,-1
51,1251,1483.84,859.74,146.95,183.17,0.7893,-1,-1,-1
52,1262,866.79,502.9,59.73,129.24,0.9762,-1,-1,-1
52,1243,1511.26,422.91,48.86,106.04,0.974,-1,-1,-1
52,1382,807.49,445.57,42.65,115.74,0.9713,-1,-1,-1
52,1369,301.32,569.24,69.33,144.5,0.9698,-1,-1,-1
52,1395,1865.5,360.7,44.55,96.97,0.9695,-1,-1,-1
52,1383,1786.84,362.63,54.11,93.8,0.9689,-1,-1,-1
52,1398,1147.26,350.3,45.8,78.39,0.9636,-1,-1,-1
52,1394,1277.32,389.37,39.25,98.31,0.9628,-1,-1,-1
52,1376,422.7,323.43,51.31,76.35,0.9611,-1,-1,-1
52,1253,1004.19,379.2,40.73,88.99,0.9609,-1,-1,-1
52,1309,1591.33,315.73,35.58,85.42,0.9554,-1,-1,-1
52,1242,1759.37,703.52,112.93,184.28,0.9359,-1,-1,-1
52,1396,1167.73,307.19,29.55,73.34,0.9228,-1,-1,-1
52,1402,739.47,283.26,34.31,58.03,0.9137,-1,-1,-1
52,1251,1486.11,859.83,145.13,185.83,0.8102,-1,-1,-1
52,1249,1277.03,273.85,16.45,52.49,0.528,-1,-1,-1
53,1262,873.69,503.79,54.9,127.81,0.9744,-1,-1,-1
53,1243,1511.7,421.57,54.18,109.58,0.9743,-1,-1,-1
53,1376,427.04,322.5,42.97,77.48,0.9734,-1,-1,-1
53,1383,1790.36,364.35,57.09,93.28,0.9731,-1,-1,-1
53,1382,814.46,447.44,43.05,114.59,0.9723,-1,-1,-1
53,1253,1006.05,378.83,43.9,90.17,0.9672,-1,-1,-1
53,1395,1869.75,360.37,39.03,99.8,0.9644,-1,-1,-1
53,1369,307.39,568.74,69.87,141.81,0.9633,-1,-1,-1
53,1309,1595.0,317.55,35.19,84.99,0.9608,-1,-1,-1
53,1398,1152.69,349.95,40.61,79.87,0.9566,-1,-1,-1
53,1242,1761.14,703.86,115.48,186.05,0.9507,-1,-1,-1
53,1402,746.93,284.42,31.33,57.27,0.9405,-1,-1,-1
53,1396,1173.9,309.09,24.09,70.67,0.9388,-1,-1,-1
53,1394,1283.0,391.16,39.93,98.17,0.9347,-1,-1,-1
53,1251,1494.74,860.57,134.22,187.41,0.9139,-1,-1,-1
53,1249,1279.45,266.58,19.18,60.49,0.8958,-1,-1,-1
54,1262,881.08,504.31,48.55,126.68,0.9761,-1,-1,-1
54,1382,821.44,447.84,44.72,116.63,0.9753,-1,-1,-1
54,1243,1512.45,421.83,57.45,109.28,0.9744,-1,-1,-1
54,1376,429.46,321.73,45.33,77.25,0.9714,-1,-1,-1
54,1383,1798.63,365.79,55.5,91.7,0.9704,-1,-1,-1
54,1395,1872.21,360.34,38.59,100.03,0.9644,-1,-1,-1
54,1253,1003.57,379.29,52.27,91.31,0.9644,-1,-1,-1
54,1369,312.87,570.13,71.73,141.12,0.9634,-1,-1,-1
54,1398,1154.04,348.97,44.09,82.83,0.9611,-1,-1,-1
54,1394,1287.81,392.14,39.24,97.56,0.9585,-1,-1,-1
54,1309,1595.34,318.85,36.29,85.37,0.9582,-1,-1,-1
54,1242,1764.56,700.36,109.33,193.86,0.9574,-1,-1,-1
54,1251,1502.61,861.26,117.16,187.24,0.943,-1,-1,-1
54,1396,1177.92,310.92,24.31,71.03,0.9412,-1,-1,-1
54,1402,752.68,284.35,28.55,57.89,0.9306,-1,-1,-1
54,1249,1281.54,268.0,21.34,59.95,0.9254,-1,-1,-1
55,1262,882.91,504.24,45.55,126.21,0.9754,-1,-1,-1
55,1382,824.66,448.51,45.37,116.73,0.9753,-1,-1,-1
55,1243,1511.26,422.01,60.22,109.86,0.9745,-1,-1,-1
55,1369,314.88,571.6,63.72,141.49,0.9728,-1,-1,-1
55,1376,430.39,321.09,46.45,77.48,0.9707,-1,-1,-1
55,1383,1800.07,365.06,56.54,93.66,0.9702,-1,-1,-1
55,1395,1873.01,360.75,39.75,98.91,0.9671,-1,-1,-1
55,1309,1592.85,321.29,39.63,82.85,0.9659,-1,-1,-1
55,1253,1004.06,380.3,53.77,91.79,0.9631,-1,-1,-1
55,1242,1765.12,700.02,108.09,193.24,0.9615,-1,-1,-1
55,1394,1289.05,392.67,39.32,97.57,0.9607,-1,-1,-1
55,1251,1510.08,866.09,107.38,177.64,0.9602,-1,-1,-1
55,1398,1156.06,348.9,44.59,83.6,0.9552,-1,-1,-1
55,1396,1179.48,311.25,25.74,70.98,0.9432,-1,-1,-1
55,1402,755.85,286.43,26.3,56.03,0.9345,-1,-1,-1
55,1249,1281.85,269.0,23.06,59.66,0.9327,-1,-1,-1
56,1382,831.66,449.1,44.03,117.83,0.975,-1,-1,-1
56,1369,320.02,572.69,62.05,141.72,0.9748,-1,-1,-1
56,1383,1804.5,365.45,55.73,95.01,0.9733,-1,-1,-1
56,1242,1768.56,700.3,99.49,189.06,0.9729,-1,-1,-1
56,1243,1509.48,422.61,61.05,108.57,0.9719,-1,-1,-1
56,1262,884.26,503.88,42.0,127.14,0.969,-1,-1,-1
56,1309,1588.09,323.45,44.87,81.83,0.9681,-1,-1,-1
56,1376,431.54,321.05,47.48,79.29,0.9666,-1,-1,-1
56,1253,1005.55,383.01,54.06,92.43,0.9641,-1,-1,-1
56,1395,1875.11,361.57,39.67,99.51,0.9629,-1,-1,-1
56,1398,1159.06,349.58,44.36,83.35,0.959,-1,-1,-1
56,1394,1293.01,393.55,37.25,97.52,0.955,-1,-1,-1
56,1251,1516.45,869.21,83.91,174.56,0.9508,-1,-1,-1
56,1396,1180.25,312.78,30.27,71.44,0.9487,-1,-1,-1
56,1249,1281.93,272.94,27.88,56.41,0.9294,-1,-1,-1
56,1402,760.9,284.0,22.52,59.32,0.9112,-1,-1,-1
57,1369,324.41,574.53,61.05,140.82,0.9762,-1,-1,-1
57,1382,835.54,450.51,44.24,117.76,0.9761,-1,-1,-1
57,1242,1773.55,695.99,85.41,189.1,0.9759,-1,-1,-1
57,1243,1510.51,423.52,57.81,107.59,0.9726,-1,-1,-1
57,1383,1811.35,365.52,50.75,95.94,0.9723,-1,-1,-1
57,1376,430.19,322.24,49.38,80.84,0.97,-1,-1,-1
57,1309,1584.88,325.97,48.72,80.58,0.97,-1,-1,-1
57,1262,884.41,501.57,41.58,128.79,0.9689,-1,-1,-1
57,1253,1008.2,385.74,50.36,91.26,0.9665,-1,-1,-1
57,1398,1161.32,350.2,43.31,84.15,0.9647,-1,-1,-1
57,1394,1295.61,392.91,35.07,99.89,0.9549,-1,-1,-1
57,1249,1281.85,273.77,32.3,56.79,0.9544,-1,-1,-1
57,1396,1181.89,313.58,32.98,70.85,0.9515,-1,-1,-1
57,1395,1872.92,364.09,44.77,103.05,0.9512,-1,-1,-1
57,1251,1511.54,870.2,71.42,172.21,0.9414,-1,-1,-1
57,1402,763.96,281.43,20.16,62.59,0.9151,-1,-1,-1
58,1369,326.59,574.79,60.43,141.13,0.9757,-1,-1,-1
58,1243,1511.12,424.09,55.0,107.96,0.9728,-1,-1,-1
58,1383,1814.92,366.58,47.38,94.9,0.9724,-1,-1,-1
58,1382,838.43,451.73,43.93,116.93,0.9723,-1,-1,-1
58,1376,427.6,322.86,52.24,80.19,0.9721,-1,-1,-1
58,1262,884.63,499.94,42.6,129.78,0.9718,-1,-1,-1
58,1309,1583.6,327.28,50.56,79.89,0.9692,-1,-1,-1
58,1242,1775.24,694.74,81.38,184.38,0.9662,-1,-1,-1
58,1253,1008.48,386.88,48.06,90.75,0.9649,-1,-1,-1
58,1398,1162.14,350.84,42.69,84.31,0.9611,-1,-1,-1
58,1395,1872.16,364.81,45.66,101.37,0.9584,-1,-1,-1
58,1249,1282.26,274.51,34.09,56.61,0.9569,-1,-1,-1
58,1394,1296.26,393.32,34.37,99.63,0.955,-1,-1,-1
58,1396,1182.11,314.2,34.47,70.73,0.9502,-1,-1,-1
58,1251,1509.7,869.31,69.04,174.25,0.9392,-1,-1,-1
58,1402,764.93,282.54,19.11,61.84,0.9116,-1,-1,-1
59,1309,1582.7,328.76,55.82,79.59,0.9759,-1,-1,-1
59,1376,425.6,324.78,54.24,79.66,0.9732,-1,-1,-1
59,1382,844.62,451.71,42.89,117.43,0.9731,-1,-1,-1
59,1262,885.12,499.37,45.86,130.33,0.9726,-1,-1,-1
59,1243,1511.49,426.3,46.5,105.2,0.971,-1,-1,-1
59,1369,331.0,575.4,59.16,141.45,0.9703,-1,-1,-1
59,1242,1781.26,694.63,68.51,183.51,0.9682,-1,-1,-1
59,1383,1819.41,366.61,41.66,96.18,0.9672,-1,-1,-1
59,1253,1007.41,388.59,43.61,90.51,0.96,-1,-1,-1
59,1396,1183.41,316.94,37.56,68.99,0.9582,-1,-1,-1
59,1249,1283.81,275.23,36.95,56.22,0.9509,-1,-1,-1
59,1395,1875.18,367.74,43.01,99.85,0.9472,-1,-1,-1
59,1398,1165.94,353.1,39.17,83.5,0.9439,-1,-1,-1
59,1394,1299.03,394.29,30.45,99.32,0.9428,-1,-1,-1
59,1251,1503.59,874.71,70.98,165.59,0.9297,-1,-1,-1
59,1402,768.37,286.89,16.93,57.01,0.8993,-1,-1,-1
60,1382,849.48,455.36,43.12,113.5,0.9753,-1,-1,-1
60,1369,334.64,574.0,54.84,141.94,0.9739,-1,-1,-1
60,1243,1506.57,426.42,42.66,106.56,0.9711,-1,-1,-1
60,1376,424.69,326.37,50.52,80.42,0.9708,-1,-1,-1
60,1309,1584.39,328.36,57.15,80.93,0.9694,-1,-1,-1
60,1262,884.28,502.73,49.85,126.1,0.9647,-1,-1,-1
60,1242,1787.83,694.21,61.03,183.74,0.9621,-1,-1,-1
60,1253,1004.15,389.05,38.96,90.25,0.9612,-1,-1,-1
60,1396,1184.03,318.45,40.55,67.89,0.9609,-1,-1,-1
60,1249,1287.11,277.98,37.83,54.04,0.9537,-1,-1,-1
60,1395,1875.49,368.89,39.22,97.99,0.9514,-1,-1,-1
60,1394,1301.55,394.77,28.86,98.59,0.9456,-1,-1,-1
60,1383,1824.08,367.15,34.01,95.37,0.9433,-1,-1,-1
60,1251,1498.17,873.64,77.64,168.6,0.9388,-1,-1,-1
60,1398,1168.39,356.28,34.88,81.73,0.9312,-1,-1,-1
60,1402,769.52,289.72,19.06,55.18,0.9191,-1,-1,-1
61,1369,335.93,573.2,53.67,141.79,0.9743,-1,-1,-1
61,1382,852.31,455.49,42.94,113.21,0.9743,-1,-1,-1
61,1243,1505.28,426.36,40.19,106.9,0.9717,-1,-1,-1
61,1376,423.43,326.66,48.36,80.63,0.9701,-1,-1,-1
61,1309,1586.08,328.31,56.38,81.55,0.9701,-1,-1,-1
61,1396,1184.29,318.66,42.29,67.97,0.9666,-1,-1,-1
61,1262,883.59,506.18,52.5,123.0,0.9646,-1,-1,-1
61,1242,1786.83,694.53,61.43,184.32,0.96,-1,-1,-1
61,1249,1288.4,278.58,38.17,53.61,0.9545,-1,-1,-1
61,1253,1003.68,388.9,37.0,89.85,0.9518,-1,-1,-1
61,1395,1875.61,369.72,37.37,97.83,0.9453,-1,-1,-1
61,1383,1826.12,367.32,30.41,95.15,0.942,-1,-1,-1
61,1251,1495.37,873.87,82.4,169.74,0.9402,-1,-1,-1
61,1394,1302.19,394.86,29.62,99.7,0.9323,-1,-1,-1
61,1398,1170.59,362.8,30.86,75.4,0.9244,-1,-1,-1
61,1402,769.85,288.59,20.55,56.37,0.9182,-1,-1,-1
62,1243,1499.51,425.39,44.17,108.25,0.9776,-1,-1,-1
62,1382,856.3,454.82,41.63,113.45,0.976,-1,-1,-1
62,1369,338.1,572.73,51.42,140.98,0.9756,-1,-1,-1
62,1309,1589.31,328.53,50.85,81.05,0.9713,-1,-1,-1
62,1396,1186.0,320.37,42.6,68.16,0.966,-1,-1,-1
62,1262,881.68,510.76,54.73,118.24,0.9643,-1,-1,-1
62,1251,1481.82,874.26,104.85,176.15,0.9598,-1,-1,-1
62,1242,1782.42,694.99,64.44,185.62,0.9576,-1,-1,-1
62,1383,1827.01,367.47,24.84,94.62,0.9567,-1,-1,-1
62,1376,421.31,327.98,40.92,78.5,0.9541,-1,-1,-1
62,1394,1303.93,395.55,30.72,100.05,0.9506,-1,-1,-1
62,1249,1291.68,277.45,34.72,55.5,0.9487,-1,-1,-1
62,1253,1001.53,387.42,35.3,91.86,0.948,-1,-1,-1
62,1395,1874.03,369.73,39.39,98.6,0.948,-1,-1,-1
62,1402,767.91,288.78,26.7,57.12,0.9378,-1,-1,-1
62,1398,1169.87,361.11,24.94,76.92,0.9235,-1,-1,-1
63,1243,1496.69,424.25,48.93,109.67,0.9794,-1,-1,-1
63,1369,339.74,571.27,51.83,143.89,0.9767,-1,-1,-1
63,1382,860.48,455.42,41.44,112.71,0.9731,-1,-1,-1
63,1309,1590.28,327.05,44.09,83.14,0.9696,-1,-1,-1
63,1262,881.25,514.8,54.58,113.98,0.9669,-1,-1,-1
63,1253,999.4,388.01,34.82,93.77,0.961,-1,-1,-1
63,1396,1187.38,321.54,40.98,67.95,0.9593,-1,-1,-1
63,1242,1765.65,695.93,83.37,187.26,0.9567,-1,-1,-1
63,1394,1304.02,396.28,34.37,100.5,0.9546,-1,-1,-1
63,1383,1825.84,368.8,25.01,95.29,0.9508,-1,-1,-1
63,1376,416.75,328.05,35.96,77.77,0.9464,-1,-1,-1
63,1249,1294.07,278.69,31.7,55.16,0.9438,-1,-1,-1
63,1402,767.01,292.12,30.89,54.52,0.9431,-1,-1,-1
63,1395,1874.0,369.32,36.46,98.65,0.9329,-1,-1,-1
63,1251,1473.02,872.04,117.49,178.99,0.931,-1,-1,-1
63,1398,1168.19,362.66,26.07,75.93,0.9291,-1,-1,-1
64,1243,1495.46,423.48,50.97,110.2,0.9797,-1,-1,-1
64,1369,339.83,569.64,51.42,144.31,0.9768,-1,-1,-1
64,1382,861.5,455.71,43.65,112.42,0.972,-1,-1,-1
64,1242,1759.77,699.48,91.62,183.67,0.9685,-1,-1,-1
64,1309,1590.48,327.17,41.14,82.64,0.9684,-1,-1,-1
64,1262,882.06,514.78,52.4,114.09,0.9661,-1,-1,-1
64,1396,1187.2,322.03,40.55,67.44,0.9592,-1,-1,-1
64,1376,413.69,327.24,38.38,79.41,0.9582,-1,-1,-1
64,1383,1825.25,369.48,26.18,94.04,0.9558,-1,-1,-1
64,1395,1873.67,368.42,37.68,99.93,0.9548,-1,-1,-1
64,1253,997.85,389.07,34.87,93.64,0.9494,-1,-1,-1
64,1402,766.42,293.31,32.76,53.54,0.9483,-1,-1,-1
64,1394,1302.82,397.91,36.21,99.84,0.9452,-1,-1,-1
64,1398,1167.35,368.59,28.04,69.51,0.9357,-1,-1,-1
64,1249,1295.47,279.54,28.52,54.46,0.9355,-1,-1,-1
64,1251,1472.6,871.45,118.75,181.93,0.9246,-1,-1,-1
65,1243,1493.22,423.86,52.93,109.59,0.9786,-1,-1,-1
65,1369,340.8,567.21,52.05,144.95,0.9756,-1,-1,-1
65,1242,1749.25,699.38,100.05,187.62,0.9658,-1,-1,-1
65,1376,410.23,327.42,43.0,79.91,0.9647,-1,-1,-1
65,1262,881.02,520.83,49.09,108.17,0.9642,-1,-1,-1
65,1382,865.83,455.59,44.08,114.04,0.9632,-1,-1,-1
65,1395,1872.57,369.04,40.32,99.12,0.963,-1,-1,-1
65,1396,1186.04,322.43,38.82,66.85,0.9621,-1,-1,-1
65,1309,1590.93,326.03,36.52,84.52,0.9585,-1,-1,-1
65,1383,1820.9,370.51,33.48,95.09,0.9539,-1,-1,-1
65,1402,767.27,293.59,35.3,55.13,0.9513,-1,-1,-1
65,1253,995.14,393.07,34.61,91.66,0.949,-1,-1,-1
65,1398,1166.39,366.09,31.47,73.59,0.9418,-1,-1,-1
65,1249,1298.09,280.71,22.69,54.35,0.9345,-1,-1,-1
65,1251,1472.82,868.42,120.3,191.22,0.9295,-1,-1,-1
65,1394,1298.53,399.54,42.78,99.13,0.3749,-1,-1,-1
66,1369,341.63,567.78,52.45,144.74,0.975,-1,-1,-1
66,1243,1487.59,423.73,57.73,109.52,0.9716,-1,-1,-1
66,1395,1871.55,368.99,43.78,99.29,0.9681,-1,-1,-1
66,1383,1814.18,370.98,42.92,94.88,0.9676,-1,-1,-1
66,1376,407.02,327.44,47.97,80.22,0.9675,-1,-1,-1
66,1396,1185.36,322.9,34.44,66.95,0.9613,-1,-1,-1
66,1309,1591.12,325.55,34.92,85.52,0.958,-1,-1,-1
66,1242,1747.94,701.56,104.81,186.19,0.9565,-1,-1,-1
66,1398,1164.16,361.74,36.2,80.53,0.9509,-1,-1,-1
66,1382,870.78,456.82,41.28,105.95,0.9496,-1,-1,-1
66,1402,770.21,297.51,34.13,52.47,0.9481,-1,-1,-1
66,1262,871.95,517.11,50.95,112.49,0.9469,-1,-1,-1
66,1253,994.25,397.5,30.38,89.59,0.9299,-1,-1,-1
66,1251,1474.83,868.76,118.37,196.28,0.9259,-1,-1,-1
66,1249,1295.97,276.8,21.32,59.34,0.8887,-1,-1,-1
66,1394,1297.66,401.21,46.54,100.01,0.8295,-1,-1,-1
67,1369,342.18,568.43,51.81,145.28,0.977,-1,-1,-1
67,1243,1486.88,424.28,57.5,109.14,0.9716,-1,-1,-1
67,1262,871.0,515.93,48.2,114.58,0.9708,-1,-1,-1
67,1395,1871.01,370.28,45.35,99.77,0.9692,-1,-1,-1
67,1383,1811.29,372.3,47.85,94.44,0.969,-1,-1,-1
67,1376,405.79,327.51,49.73,81.41,0.9687,-1,-1,-1
67,1398,1162.33,357.16,38.82,85.24,0.9676,-1,-1,-1
67,1382,876.86,458.62,38.36,78.27,0.9632,-1,-1,-1
67,1396,1184.49,322.0,33.94,68.86,0.9616,-1,-1,-1
67,1309,1590.52,325.39,35.06,85.35,0.9587,-1,-1,-1
67,1242,1748.63,702.91,106.61,183.88,0.9546,-1,-1,-1
67,1402,771.33,296.34,34.53,53.28,0.9507,-1,-1,-1
67,1251,1475.23,869.75,116.36,193.82,0.9258,-1,-1,-1
67,1253,992.54,396.48,31.68,91.36,0.9204,-1,-1,-1
67,1249,1295.57,275.82,21.44,59.92,0.884,-1,-1,-1
67,1394,1297.55,401.82,48.43,100.52,0.7831,-1,-1,-1
68,1369,343.07,571.12,47.34,146.07,0.9772,-1,-1,-1
68,1262,868.17,513.13,48.29,118.1,0.9752,-1,-1,-1
68,1376,400.53,327.87,53.74,81.52,0.9721,-1,-1,-1
68,1243,1487.42,425.1,51.9,109.21,0.9716,-1,-1,-1
68,1253,982.98,399.52,40.04,88.56,0.9697,-1,-1,-1
68,1395,1867.71,370.88,50.49,100.58,0.969,-1,-1,-1
68,1398,1160.0,357.71,41.93,86.26,0.9684,-1,-1,-1
68,1383,1809.11,373.77,53.58,94.03,0.9662,-1,-1,-1
68,1396,1183.11,321.57,34.03,69.66,0.9614,-1,-1,-1
68,1309,1589.99,325.55,34.37,85.48,0.9605,-1,-1,-1
68,1382,879.3,458.94,39.47,84.41,0.9601,-1,-1,-1
68,1402,773.31,294.69,32.86,55.36,0.953,-1,-1,-1
68,1242,1752.88,703.39,105.93,183.08,0.9498,-1,-1,-1
68,1251,1478.71,871.11,105.76,191.48,0.9454,-1,-1,-1
68,1249,1293.5,274.25,24.03,61.12,0.9021,-1,-1,-1
68,1394,1299.35,403.01,48.68,100.45,0.6371,-1,-1,-1
69,1243,1483.4,428.18,48.9,105.74,0.9765,-1,-1,-1
69,1369,345.29,572.43,44.88,147.03,0.9751,-1,-1,-1
69,1262,862.93,512.06,55.07,121.03,0.9715,-1,-1,-1
69,1376,395.21,328.24,57.34,82.13,0.9704,-1,-1,-1
69,1253,972.78,399.82,52.87,89.05,0.9694,-1,-1,-1
69,1383,1810.87,375.55,55.56,93.38,0.9684,-1,-1,-1
69,1394,1302.94,403.44,47.08,100.6,0.9667,-1,-1,-1
69,1395,1869.07,372.75,49.56,100.51,0.9653,-1,-1,-1
69,1398,1159.32,358.7,41.6,86.46,0.965,-1,-1,-1
69,1396,1182.52,321.39,35.95,70.56,0.9636,-1,-1,-1
69,1251,1482.42,873.06,90.45,187.8,0.9594,-1,-1,-1
69,1309,1590.24,326.56,34.02,85.19,0.9585,-1,-1,-1
69,1382,882.76,460.54,40.28,115.8,0.9571,-1,-1,-1
69,1402,774.7,292.61,31.4,58.52,0.9445,-1,-1,-1
69,1242,1757.7,702.9,103.69,184.36,0.9392,-1,-1,-1
69,1249,1294.47,273.15,20.78,61.38,0.7922,-1,-1,-1
70,1243,1480.46,428.07,47.96,107.01,0.9778,-1,-1,-1
70,1369,345.44,572.93,49.32,147.17,0.9746,-1,-1,-1
70,1394,1303.58,403.48,47.35,99.45,0.9719,-1,-1,-1
70,1383,1813.61,374.89,54.79,94.61,0.9717,-1,-1,-1
70,1262,861.85,512.33,56.23,121.07,0.9715,-1,-1,-1
70,1376,394.18,328.31,57.97,82.48,0.9712,-1,-1,-1
70,1382,883.3,461.81,41.84,116.15,0.9687,-1,-1,-1
70,1253,969.85,400.6,57.51,87.91,0.9682,-1,-1,-1
70,1395,1870.76,373.18,48.1,100.66,0.9646,-1,-1,-1
70,1396,1182.06,321.04,37.46,71.57,0.9639,-1,-1,-1
70,1398,1157.05,359.29,43.36,86.01,0.9635,-1,-1,-1
70,1309,1589.49,326.64,34.82,85.73,0.958,-1,-1,-1
70,1242,1758.81,703.01,100.43,185.46,0.9495,-1,-1,-1
70,1402,776.28,292.73,29.16,58.26,0.9449,-1,-1,-1
70,1251,1483.94,872.64,80.36,184.75,0.9347,-1,-1,-1
71,1243,1476.45,428.75,43.71,106.11,0.9735,-1,-1,-1
71,1383,1816.62,376.18,55.11,94.12,0.9734,-1,-1,-1
71,1369,348.43,574.03,52.79,147.49,0.9729,-1,-1,-1
71,1262,859.63,512.59,59.89,121.03,0.9704,-1,-1,-1
71,1382,888.65,464.18,39.09,114.07,0.9694,-1,-1,-1
71,1376,393.85,331.09,56.36,80.58,0.9684,-1,-1,-1
71,1309,1583.77,328.12,40.44,86.25,0.9683,-1,-1,-1
71,1395,1872.01,374.44,47.18,100.86,0.968,-1,-1,-1
71,1253,965.22,399.59,63.89,90.95,0.9675,-1,-1,-1
71,1396,1181.36,321.61,39.61,71.15,0.9653,-1,-1,-1
71,1398,1154.88,360.9,41.59,85.09,0.9543,-1,-1,-1
71,1242,1763.66,700.67,90.72,186.88,0.9542,-1,-1,-1
71,1394,1306.41,403.73,43.81,101.43,0.9511,-1,-1,-1
71,1402,776.34,295.38,27.9,55.74,0.9366,-1,-1,-1
71,1251,1488.35,873.56,58.94,181.19,0.9302,-1,-1,-1
71,1249,1295.67,282.9,19.45,54.28,0.6594,-1,-1,-1
72,1243,1475.83,427.45,42.43,107.49,0.9743,-1,-1,-1
72,1382,891.88,466.81,38.32,114.04,0.9728,-1,-1,-1
72,1369,349.86,573.19,63.62,151.09,0.9706,-1,-1,-1
72,1376,391.96,332.45,52.85,79.83,0.9691,-1,-1,-1
72,1383,1821.1,377.07,52.8,93.93,0.969,-1,-1,-1
72,1262,856.57,512.39,63.28,122.94,0.969,-1,-1,-1
72,1253,965.84,400.65,62.78,90.16,0.9676,-1,-1,-1
72,1309,1578.01,331.31,44.71,82.8,0.9657,-1,-1,-1
72,1396,1180.48,322.66,42.16,70.02,0.9651,-1,-1,-1
72,1395,1873.5,374.98,44.94,100.64,0.9649,-1,-1,-1
72,1242,1771.1,699.63,76.38,182.22,0.9634,-1,-1,-1
72,1398,1151.1,361.39,40.22,85.78,0.9616,-1,-1,-1
72,1402,777.05,294.71,25.56,57.14,0.9245,-1,-1,-1
72,1251,1482.35,874.34,58.51,179.06,0.9182,-1,-1,-1
72,1394,1310.41,403.58,36.22,102.77,0.8716,-1,-1,-1
72,1249,1293.24,280.39,24.27,58.47,0.8269,-1,-1,-1
73,1243,1475.1,426.79,42.89,108.21,0.9769,-1,-1,-1
73,1382,893.44,468.1,37.9,113.63,0.9718,-1,-1,-1
73,1242,1775.24,701.88,67.68,178.46,0.9702,-1,-1,-1
73,1376,390.92,332.57,51.16,80.28,0.9695,-1,-1,-1
73,1262,856.39,512.44,62.64,122.87,0.9693,-1,-1,-1
73,1383,1822.98,376.86,51.46,94.58,0.9693,-1,-1,-1
73,1369,351.31,572.51,65.17,152.62,0.9685,-1,-1,-1
73,1309,1575.74,332.48,47.44,82.01,0.9677,-1,-1,-1
73,1253,966.76,400.35,60.2,91.14,0.9676,-1,-1,-1
73,1396,1180.71,323.5,42.37,68.95,0.9652,-1,-1,-1
73,1395,1873.77,374.97,44.37,102.06,0.9615,-1,-1,-1
73,1398,1150.99,361.51,38.55,86.06,0.9614,-1,-1,-1
73,1251,1479.21,879.56,58.65,174.88,0.9288,-1,-1,-1
73,1402,776.94,294.32,23.85,57.42,0.9256,-1,-1,-1
73,1394,1311.2,403.44,33.91,102.65,0.7413,-1,-1,-1
73,1249,1291.45,283.8,26.17,54.95,0.5998,-1,-1,-1
74,1243,1473.86,424.35,43.87,110.96,0.9795,-1,-1,-1
74,1382,895.27,471.67,40.04,110.75,0.9731,-1,-1,-1
74,1383,1827.11,377.9,46.28,94.32,0.9713,-1,-1,-1
74,1262,855.32,514.08,60.51,120.3,0.971,-1,-1,-1
74,1253,969.14,398.67,53.49,92.59,0.9693,-1,-1,-1
74,1398,1148.48,361.47,39.88,86.19,0.9691,-1,-1,-1
74,1309,1571.49,335.08,51.52,80.22,0.9691,-1,-1,-1
74,1369,352.08,571.07,71.42,155.94,0.9657,-1,-1,-1
74,1242,1778.1,701.58,56.59,177.66,0.9652,-1,-1,-1
74,1396,1180.26,325.24,42.75,68.11,0.9648,-1,-1,-1
74,1376,388.71,331.34,44.34,81.73,0.9625,-1,-1,-1
74,1395,1874.95,374.88,40.92,101.89,0.96,-1,-1,-1
74,1402,778.61,294.4,21.75,57.53,0.9243,-1,-1,-1
74,1249,1287.02,283.78,33.26,56.15,0.9229,-1,-1,-1
74,1251,1475.8,880.96,60.91,176.29,0.9006,-1,-1,-1
75,1369,354.77,570.8,73.26,155.88,0.9778,-1,-1,-1
75,1243,1468.41,423.98,48.31,111.76,0.9765,-1,-1,-1
75,1253,970.12,396.96,47.35,93.79,0.9727,-1,-1,-1
75,1382,897.4,477.62,41.16,105.98,0.971,-1,-1,-1
75,1262,850.31,515.34,59.81,118.89,0.9703,-1,-1,-1
75,1398,1148.64,361.42,40.87,86.47,0.9676,-1,-1,-1
75,1383,1831.38,378.47,39.19,94.04,0.9673,-1,-1,-1
75,1309,1569.16,336.56,53.41,79.36,0.9671,-1,-1,-1
75,1376,386.86,330.49,35.15,83.14,0.9585,-1,-1,-1
75,1396,1179.57,325.9,40.88,68.99,0.9581,-1,-1,-1
75,1395,1874.68,372.74,36.47,104.43,0.9581,-1,-1,-1
75,1242,1778.84,698.89,52.98,181.22,0.9536,-1,-1,-1
75,1249,1285.91,286.9,36.39,52.57,0.9339,-1,-1,-1
75,1402,778.71,294.2,20.31,58.54,0.8992,-1,-1,-1
75,1251,1467.39,876.9,70.05,186.55,0.8973,-1,-1,-1
75,1394,1309.62,404.36,26.79,102.07,0.5993,-1,-1,-1
76,1369,355.59,569.96,74.29,157.34,0.9765,-1,-1,-1
76,1243,1464.56,423.54,51.95,112.25,0.9747,-1,-1,-1
76,1253,968.99,398.82,44.68,91.84,0.9702,-1,-1,-1
76,1382,899.17,479.48,41.14,104.73,0.9694,-1,-1,-1
76,1262,848.54,515.32,58.77,118.81,0.9691,-1,-1,-1
76,1398,1149.26,361.34,41.27,86.71,0.967,-1,-1,-1
76,1309,1568.76,336.59,55.44,79.96,0.967,-1,-1,-1
76,1396,1179.44,325.86,39.01,68.42,0.9614,-1,-1,-1
76,1395,1874.77,372.31,34.62,106.18,0.9549,-1,-1,-1
76,1242,1774.91,698.7,57.65,181.05,0.9529,-1,-1,-1
76,1376,385.18,327.44,31.48,85.7,0.9479,-1,-1,-1
76,1383,1836.38,376.89,32.24,96.09,0.9434,-1,-1,-1
76,1394,1309.03,406.01,26.44,101.01,0.9361,-1,-1,-1
76,1249,1286.51,285.67,37.24,53.68,0.9261,-1,-1,-1
76,1402,777.08,291.5,22.07,61.39,0.9161,-1,-1,-1
76,1251,1447.1,877.87,97.98,192.59,0.9019,-1,-1,-1
77,1382,900.61,482.29,45.16,102.76,0.9761,-1,-1,-1
77,1309,1570.64,336.04,58.23,80.7,0.975,-1,-1,-1
77,1243,1462.59,424.36,52.18,109.39,0.9728,-1,-1,-1
77,1262,846.71,514.95,53.25,121.62,0.97,-1,-1,-1
77,1369,355.47,570.38,74.83,156.56,0.9697,-1,-1,-1
77,1398,1149.2,361.24,42.28,87.83,0.9669,-1,-1,-1
77,1253,968.65,394.91,38.16,96.24,0.9619,-1,-1,-1
77,1395,1875.92,371.45,35.88,107.28,0.9592,-1,-1,-1
77,1242,1764.74,698.88,71.17,184.06,0.9579,-1,-1,-1
77,1396,1179.05,325.18,34.72,68.72,0.949,-1,-1,-1
77,1376,380.32,325.28,31.03,88.3,0.9438,-1,-1,-1
77,1383,1839.59,376.55,25.69,95.06,0.9436,-1,-1,-1
77,1394,1308.36,406.37,28.72,100.9,0.9361,-1,-1,-1
77,1402,776.17,291.72,24.96,60.85,0.9301,-1,-1,-1
77,1251,1432.52,879.1,116.71,194.76,0.896,-1,-1,-1
77,1249,1289.49,283.2,36.43,56.15,0.8715,-1,-1,-1
78,1262,844.19,513.01,48.25,123.42,0.9757,-1,-1,-1
78,1382,902.14,483.4,48.89,103.86,0.9755,-1,-1,-1
78,1243,1464.57,425.24,45.51,107.19,0.9709,-1,-1,-1
78,1309,1573.65,335.67,55.7,81.14,0.9703,-1,-1,-1
78,1242,1756.03,699.32,82.52,186.68,0.9676,-1,-1,-1
78,1369,356.95,569.37,76.15,157.13,0.9666,-1,-1,-1
78,1398,1149.5,362.2,42.62,87.29,0.9659,-1,-1,-1
78,1395,1877.01,372.65,37.12,105.38,0.9576,-1,-1,-1
78,1396,1179.13,324.07,30.93,70.12,0.9499,-1,-1,-1
78,1394,1306.85,406.63,33.13,100.77,0.9455,-1,-1,-1
78,1376,376.72,323.19,32.11,90.27,0.945,-1,-1,-1
78,1253,970.72,394.95,29.35,96.16,0.9443,-1,-1,-1
78,1383,1839.5,377.46,25.86,94.53,0.9352,-1,-1,-1
78,1402,774.7,293.09,28.92,59.54,0.9334,-1,-1,-1
78,1251,1450.62,878.35,98.34,196.48,0.9236,-1,-1,-1
78,1249,1291.0,283.02,35.62,57.16,0.9235,-1,-1,-1
79,1262,842.67,512.83,48.26,123.03,0.9769,-1,-1,-1
79,1382,903.38,483.41,51.18,104.56,0.975,-1,-1,-1
79,1242,1752.16,700.74,84.79,188.41,0.9741,-1,-1,-1
79,1309,1575.57,335.47,53.49,81.0,0.9712,-1,-1,-1
79,1243,1465.46,426.86,42.08,105.52,0.9703,-1,-1,-1
79,1369,357.87,569.06,76.12,157.03,0.9677,-1,-1,-1
79,1398,1150.08,363.98,41.84,86.48,0.964,-1,-1,-1
79,1395,1876.47,372.94,39.22,105.76,0.9632,-1,-1,-1
79,1376,375.51,322.46,32.55,91.78,0.9579,-1,-1,-1
79,1394,1304.19,407.59,37.76,100.89,0.9535,-1,-1,-1
79,1251,1454.98,879.93,92.43,195.32,0.9508,-1,-1,-1
79,1396,1178.72,323.37,30.55,70.41,0.9474,-1,-1,-1
79,1249,1292.17,282.36,34.28,57.55,0.9407,-1,-1,-1
79,1402,773.2,295.73,31.48,56.61,0.9349,-1,-1,-1
79,1383,1839.68,377.54,26.49,94.29,0.926,-1,-1,-1
79,1253,970.6,391.67,29.17,99.55,0.9225,-1,-1,-1
80,1242,1747.3,700.83,91.76,189.56,0.9772,-1,-1,-1
80,1262,841.05,512.25,49.57,125.89,0.9758,-1,-1,-1
80,1382,905.18,482.02,58.69,106.53,0.9721,-1,-1,-1
80,1309,1579.09,333.77,47.83,82.47,0.9711,-1,-1,-1
80,1369,358.98,568.6,74.3,153.64,0.9706,-1,-1,-1
80,1394,1299.13,407.38,45.37,101.11,0.9694,-1,-1,-1
80,1395,1876.14,374.12,41.95,106.59,0.9614,-1,-1,-1
80,1243,1464.75,427.17,34.62,105.12,0.9599,-1,-1,-1
80,1396,1178.24,322.08,32.55,71.87,0.9557,-1,-1,-1
80,1398,1151.78,367.3,38.05,82.94,0.954,-1,-1,-1
80,1376,372.09,323.88,32.47,89.54,0.9476,-1,-1,-1
80,1251,1455.57,879.8,90.58,196.81,0.9468,-1,-1,-1
80,1402,772.49,297.14,34.16,54.97,0.9385,-1,-1,-1
80,1253,968.96,390.75,29.47,100.67,0.9376,-1,-1,-1
80,1383,1835.64,378.19,35.66,95.32,0.9376,-1,-1,-1
80,1249,1295.01,280.18,29.76,59.41,0.9341,-1,-1,-1
81,1369,361.55,568.58,71.84,150.13,0.9745,-1,-1,-1
81,1394,1296.15,407.49,51.93,101.71,0.9738,-1,-1,-1
81,1383,1829.78,378.63,45.78,94.85,0.9726,-1,-1,-1
81,1242,1745.72,700.84,94.93,189.95,0.9715,-1,-1,-1
81,1262,838.94,513.31,50.26,125.09,0.9714,-1,-1,-1
81,1309,1580.78,332.02,41.03,83.83,0.9665,-1,-1,-1
81,1382,910.03,481.61,59.59,107.75,0.9654,-1,-1,-1
81,1395,1877.91,376.49,40.05,103.77,0.9618,-1,-1,-1
81,1396,1177.11,320.97,35.28,73.13,0.9546,-1,-1,-1
81,1253,967.4,392.9,29.73,97.74,0.9523,-1,-1,-1
81,1243,1460.78,425.41,32.4,107.63,0.9371,-1,-1,-1
81,1402,773.71,297.53,35.09,54.42,0.9357,-1,-1,-1
81,1376,369.41,328.77,28.33,85.88,0.897,-1,-1,-1
81,1398,1151.58,369.91,34.65,80.78,0.8949,-1,-1,-1
81,1251,1457.86,880.32,83.47,193.29,0.7994,-1,-1,-1
81,1249,1296.93,276.59,23.06,62.38,0.7313,-1,-1,-1
82,1369,362.61,567.09,70.64,150.76,0.9753,-1,-1,-1
82,1394,1296.24,407.42,53.28,102.24,0.9736,-1,-1,-1
82,1262,836.81,513.77,51.05,123.91,0.9725,-1,-1,-1
82,1383,1827.64,378.4,50.36,95.17,0.972,-1,-1,-1
82,1242,1745.09,700.8,96.04,190.36,0.9658,-1,-1,-1
82,1309,1581.06,330.91,38.68,84.78,0.9649,-1,-1,-1
82,1382,914.08,481.56,60.07,108.0,0.9638,-1,-1,-1
82,1243,1457.9,424.78,33.96,106.84,0.9632,-1,-1,-1
82,1396,1176.65,320.64,37.07,73.05,0.9617,-1,-1,-1
82,1395,1879.4,376.78,38.52,103.58,0.961,-1,-1,-1
82,1253,965.6,392.6,30.98,98.19,0.9609,-1,-1,-1
82,1376,366.94,330.43,30.01,84.9,0.9364,-1,-1,-1
82,1398,1150.3,364.68,33.38,86.26,0.9355,-1,-1,-1
82,1402,774.22,297.49,35.04,54.64,0.9249,-1,-1,-1
82,1249,1297.39,279.55,19.66,60.01,0.6249,-1,-1,-1
83,1369,366.06,566.24,64.56,150.18,0.9781,-1,-1,-1
83,1262,833.84,514.96,49.15,123.98,0.9754,-1,-1,-1
83,1394,1296.97,407.36,54.67,102.62,0.9728,-1,-1,-1
83,1383,1825.33,379.43,57.45,94.67,0.9723,-1,-1,-1
83,1243,1454.8,421.99,37.41,108.63,0.9704,-1,-1,-1
83,1396,1175.44,319.52,39.46,73.24,0.9663,-1,-1,-1
83,1253,963.05,392.46,31.7,99.12,0.9609,-1,-1,-1
83,1309,1582.64,327.79,36.2,87.36,0.96,-1,-1,-1
83,1242,1743.36,700.43,99.99,191.06,0.958,-1,-1,-1
83,1376,362.99,332.26,27.72,82.79,0.9509,-1,-1,-1
83,1395,1882.67,377.25,32.32,101.87,0.9377,-1,-1,-1
83,1402,774.94,293.51,35.8,58.19,0.9349,-1,-1,-1
83,1382,926.4,481.86,54.13,106.84,0.9345,-1,-1,-1
83,1398,1151.38,362.75,27.13,87.2,0.9307,-1,-1,-1
83,1251,1461.31,882.81,73.12,189.84,0.8842,-1,-1,-1
84,1243,1451.45,418.44,41.65,111.95,0.9776,-1,-1,-1
84,1369,368.08,565.19,61.0,150.58,0.9769,-1,-1,-1
84,1262,832.24,516.25,44.27,122.46,0.9767,-1,-1,-1
84,1383,1826.61,379.74,59.6,94.52,0.975,-1,-1,-1
84,1382,931.32,482.92,52.85,106.02,0.9741,-1,-1,-1
84,1394,1299.28,406.89,53.84,102.37,0.9729,-1,-1,-1
84,1396,1174.01,319.9,40.21,71.92,0.9694,-1,-1,-1
84,1309,1583.05,326.31,35.49,87.82,0.9601,-1,-1,-1
84,1242,1742.82,698.56,101.05,192.98,0.9577,-1,-1,-1
84,1253,955.7,395.42,37.43,95.64,0.9563,-1,-1,-1
84,1376,354.35,332.18,33.19,82.57,0.9437,-1,-1,-1
84,1395,1883.3,376.6,31.39,100.52,0.9425,-1,-1,-1
84,1398,1149.07,362.06,26.43,88.38,0.9419,-1,-1,-1
84,1251,1465.38,886.01,52.71,183.72,0.9369,-1,-1,-1
84,1402,776.54,294.55,32.83,56.46,0.9362,-1,-1,-1
85,1243,1450.36,417.15,43.4,112.51,0.9805,-1,-1,-1
85,1369,368.82,565.07,58.94,150.6,0.9766,-1,-1,-1
85,1394,1300.79,406.74,52.53,101.66,0.973,-1,-1,-1
85,1262,829.89,517.5,42.88,120.6,0.9719,-1,-1,-1
85,1382,934.98,483.35,52.51,106.08,0.9709,-1,-1,-1
85,1383,1829.15,379.43,58.73,93.93,0.9708,-1,-1,-1
85,1396,1173.75,319.91,39.8,71.5,0.97,-1,-1,-1
85,1253,950.45,395.01,42.07,95.72,0.9656,-1,-1,-1
85,1309,1583.26,325.45,35.28,87.74,0.9608,-1,-1,-1
85,1376,349.65,331.8,37.16,81.74,0.9606,-1,-1,-1
85,1242,1742.25,697.22,101.94,193.77,0.9568,-1,-1,-1
85,1395,1882.11,375.25,32.08,100.35,0.9471,-1,-1,-1
85,1398,1147.77,362.03,28.56,87.44,0.9428,-1,-1,-1
85,1402,776.68,290.4,32.43,61.28,0.9301,-1,-1,-1
85,1251,1459.8,886.98,50.01,178.21,0.9256,-1,-1,-1
86,1243,1445.18,415.93,49.14,110.99,0.9788,-1,-1,-1
86,1369,370.72,565.84,53.74,149.7,0.9751,-1,-1,-1
86,1394,1304.16,406.13,47.18,101.11,0.9749,-1,-1,-1
86,1382,941.78,483.45,50.04,104.38,0.9716,-1,-1,-1
86,1253,947.18,395.08,46.56,94.85,0.9716,-1,-1,-1
86,1383,1831.32,377.68,58.78,96.18,0.9708,-1,-1,-1
86,1242,1744.1,694.66,95.92,193.39,0.97,-1,-1,-1
86,1262,827.94,520.21,39.48,118.14,0.9699,-1,-1,-1
86,1376,341.17,332.22,43.8,80.54,0.9661,-1,-1,-1
86,1396,1172.61,319.78,37.87,71.27,0.962,-1,-1,-1
86,1309,1582.98,325.45,34.7,87.14,0.9618,-1,-1,-1
86,1398,1145.61,370.17,32.68,78.2,0.9477,-1,-1,-1
86,1395,1881.39,372.42,30.93,104.73,0.9449,-1,-1,-1
86,1251,1454.18,890.79,51.22,169.08,0.9132,-1,-1,-1
86,1402,778.39,286.36,29.0,64.61,0.8911,-1,-1,-1
86,1249,1293.07,272.16,20.31,62.47,0.6517,-1,-1,-1
87,1369,371.65,565.88,50.96,150.02,0.9746,-1,-1,-1
87,1242,1744.92,690.51,92.76,190.53,0.9725,-1,-1,-1
87,1243,1439.39,414.94,54.65,108.58,0.9724,-1,-1,-1
87,1383,1835.03,376.5,54.24,96.29,0.972,-1,-1,-1
87,1253,948.16,394.71,46.25,94.59,0.9715,-1,-1,-1
87,1262,824.94,521.0,41.08,117.88,0.9688,-1,-1,-1
87,1394,1307.26,404.23,40.96,103.2,0.9679,-1,-1,-1
87,1382,948.72,482.56,47.75,112.05,0.9649,-1,-1,-1
87,1309,1580.22,325.54,36.15,87.68,0.9637,-1,-1,-1
87,1398,1143.25,365.62,36.58,82.44,0.9594,-1,-1,-1
87,1396,1169.72,319.15,35.13,71.63,0.954,-1,-1,-1
87,1395,1880.44,370.86,32.81,104.05,0.9529,-1,-1,-1
87,1376,336.79,332.35,47.91,80.69,0.9343,-1,-1,-1
87,1251,1445.95,885.95,56.72,181.78,0.9332,-1,-1,-1
87,1402,779.6,288.84,24.91,60.74,0.9115,-1,-1,-1
87,1249,1289.72,276.19,24.15,57.99,0.8502,-1,-1,-1
88,1369,372.35,565.84,50.57,150.08,0.9753,-1,-1,-1
88,1262,821.68,520.4,44.27,118.13,0.9733,-1,-1,-1
88,1383,1836.55,375.59,52.09,96.2,0.9716,-1,-1,-1
88,1253,948.39,394.06,45.58,94.5,0.9711,-1,-1,-1
88,1382,951.51,482.35,47.29,113.97,0.9673,-1,-1,-1
88,1309,1576.6,325.29,39.43,88.03,0.9669,-1,-1,-1
88,1242,1747.62,688.53,84.97,192.31,0.9651,-1,-1,-1
88,1398,1139.75,364.49,39.93,84.15,0.9634,-1,-1,-1
88,1394,1307.74,403.95,39.23,103.54,0.9607,-1,-1,-1
88,1243,1437.99,415.03,54.2,107.54,0.9596,-1,-1,-1
88,1396,1168.21,318.74,32.63,71.29,0.9533,-1,-1,-1
88,1395,1879.3,370.53,34.78,105.06,0.9528,-1,-1,-1
88,1251,1443.1,890.72,58.4,175.85,0.9471,-1,-1,-1
88,1402,779.82,285.74,23.85,64.08,0.8847,-1,-1,-1
88,1376,335.19,332.16,50.34,80.14,0.8687,-1,-1,-1
88,1249,1287.29,278.23,26.38,55.95,0.8445,-1,-1,-1
89,1369,373.46,565.71,50.3,149.76,0.9741,-1,-1,-1
89,1262,817.03,518.66,49.99,119.99,0.9722,-1,-1,-1
89,1382,956.29,482.53,48.51,114.59,0.9709,-1,-1,-1
89,1309,1569.57,325.99,44.97,86.21,0.9689,-1,-1,-1
89,1383,1839.82,373.12,44.53,97.65,0.9685,-1,-1,-1
89,1398,1134.5,360.76,45.21,88.25,0.9668,-1,-1,-1
89,1253,949.55,392.12,40.4,95.09,0.9656,-1,-1,-1
89,1242,1752.17,689.66,76.05,184.73,0.9637,-1,-1,-1
89,1243,1440.48,416.09,48.07,106.28,0.9608,-1,-1,-1
89,1395,1875.36,371.22,41.11,103.28,0.9564,-1,-1,-1
89,1396,1165.96,317.12,27.33,72.75,0.9415,-1,-1,-1
89,1251,1432.78,885.43,62.84,182.9,0.9356,-1,-1,-1
89,1249,1281.96,275.67,30.8,58.55,0.9064,-1,-1,-1
89,1376,333.78,332.28,52.36,79.85,0.9029,-1,-1,-1
89,1402,780.14,284.84,20.44,63.63,0.8926,-1,-1,-1
90,1243,1436.92,415.85,44.7,106.69,0.9759,-1,-1,-1
90,1369,375.23,565.33,51.48,150.2,0.9737,-1,-1,-1
90,1262,805.33,517.72,61.62,123.34,0.9721,-1,-1,-1
90,1398,1129.78,359.09,48.27,89.98,0.9691,-1,-1,-1
90,1309,1563.3,327.0,48.61,85.24,0.9681,-1,-1,-1
90,1382,961.23,481.58,49.57,120.02,0.9665,-1,-1,-1
90,1253,950.41,390.53,37.12,97.17,0.9657,-1,-1,-1
90,1242,1756.22,688.58,69.86,184.36,0.9631,-1,-1,-1
90,1376,332.7,331.37,52.18,80.28,0.9612,-1,-1,-1
90,1395,1869.29,371.03,48.21,103.37,0.9602,-1,-1,-1
90,1396,1163.87,315.65,29.45,74.38,0.9551,-1,-1,-1
90,1251,1421.92,886.17,74.18,184.35,0.9522,-1,-1,-1
90,1383,1843.08,372.41,35.72,99.53,0.9422,-1,-1,-1
90,1249,1277.45,274.22,36.29,59.18,0.9294,-1,-1,-1
90,1402,778.8,279.75,20.77,67.88,0.9061,-1,-1,-1
91,1243,1434.72,415.19,43.53,106.09,0.975,-1,-1,-1
91,1382,964.45,483.43,50.19,118.68,0.974,-1,-1,-1
91,1262,799.4,517.13,68.04,125.16,0.9731,-1,-1,-1
91,1369,376.07,564.76,52.27,151.19,0.973,-1,-1,-1
91,1398,1128.16,359.63,47.55,89.04,0.9671,-1,-1,-1
91,1309,1561.21,327.96,49.63,83.72,0.9655,-1,-1,-1
91,1253,950.58,389.66,34.8,97.03,0.9653,-1,-1,-1
91,1395,1865.02,370.71,52.86,103.73,0.9648,-1,-1,-1
91,1376,332.86,331.06,51.37,80.42,0.9636,-1,-1,-1
91,1242,1759.66,686.62,66.03,188.41,0.9619,-1,-1,-1
91,1396,1162.74,314.78,30.92,74.81,0.9585,-1,-1,-1
91,1251,1416.78,888.55,78.13,180.93,0.9554,-1,-1,-1
91,1249,1276.37,270.65,38.03,62.56,0.9085,-1,-1,-1
91,1402,778.01,281.73,21.64,65.34,0.9083,-1,-1,-1
91,1383,1845.63,372.33,28.55,98.38,0.8675,-1,-1,-1
92,1376,333.32,328.86,47.75,81.7,0.9718,-1,-1,-1
92,1243,1430.26,412.77,41.29,106.53,0.9718,-1,-1,-1
92,1382,972.27,485.11,48.48,115.3,0.9713,-1,-1,-1
92,1262,789.42,518.46,76.77,123.5,0.9708,-1,-1,-1
92,1309,1555.28,329.18,54.22,81.48,0.9701,-1,-1,-1
92,1369,378.21,563.6,52.79,151.58,0.9687,-1,-1,-1
92,1395,1867.24,371.47,50.77,103.7,0.9657,-1,-1,-1
92,1242,1761.91,686.9,62.26,186.83,0.9636,-1,-1,-1
92,1396,1160.22,312.86,33.9,75.02,0.958,-1,-1,-1
92,1398,1124.82,359.1,46.21,89.07,0.9539,-1,-1,-1
92,1253,949.42,386.72,31.19,98.87,0.9514,-1,-1,-1
92,1383,1844.35,369.51,26.19,98.24,0.9499,-1,-1,-1
92,1251,1410.92,883.83,85.85,194.44,0.947,-1,-1,-1
92,1402,777.31,279.0,22.72,67.1,0.9296,-1,-1,-1
92,1249,1274.41,267.95,41.86,65.44,0.8497,-1,-1,-1
93,1262,781.68,520.22,83.74,122.24,0.9803,-1,-1,-1
93,1382,978.2,486.02,48.75,114.07,0.9754,-1,-1,-1
93,1243,1427.13,409.12,41.55,107.52,0.9718,-1,-1,-1
93,1376,332.56,326.38,43.96,83.96,0.9716,-1,-1,-1
93,1309,1553.29,329.44,57.11,80.28,0.971,-1,-1,-1
93,1395,1868.7,371.91,48.26,102.15,0.9662,-1,-1,-1
93,1369,379.48,563.16,52.68,150.87,0.9604,-1,-1,-1
93,1396,1156.73,311.84,37.15,74.97,0.9552,-1,-1,-1
93,1398,1120.46,359.2,42.87,88.42,0.953,-1,-1,-1
93,1251,1403.8,884.79,94.31,194.42,0.9516,-1,-1,-1
93,1383,1841.28,369.49,27.28,98.1,0.9515,-1,-1,-1
93,1242,1750.92,683.69,72.09,192.14,0.9482,-1,-1,-1
93,1253,947.65,386.23,29.32,96.44,0.9322,-1,-1,-1
93,1402,773.86,279.86,25.3,65.34,0.9315,-1,-1,-1
93,1394,1301.95,398.79,30.07,105.18,0.9274,-1,-1,-1
93,1249,1274.34,266.04,41.76,66.44,0.7576,-1,-1,-1
94,1262,780.37,520.47,83.01,122.92,0.9785,-1,-1,-1
94,1376,331.03,324.2,42.21,85.64,0.9732,-1,-1,-1
94,1382,981.6,486.63,48.46,113.1,0.9721,-1,-1,-1
94,1309,1553.43,329.33,58.11,80.15,0.9699,-1,-1,-1
94,1243,1426.64,407.74,41.06,109.11,0.969,-1,-1,-1
94,1395,1869.29,371.21,46.77,102.62,0.9634,-1,-1,-1
94,1396,1155.63,311.36,38.11,74.69,0.9575,-1,-1,-1
94,1251,1400.12,885.75,97.57,193.18,0.9526,-1,-1,-1
94,1398,1118.04,358.74,43.26,87.97,0.9507,-1,-1,-1
94,1383,1839.87,369.19,28.23,97.9,0.9494,-1,-1,-1
94,1369,379.46,562.36,64.43,152.72,0.9492,-1,-1,-1
94,1242,1743.01,683.51,78.71,191.74,0.9454,-1,-1,-1
94,1402,771.5,277.67,28.36,66.94,0.94,-1,-1,-1
94,1253,946.32,385.73,29.41,96.04,0.9173,-1,-1,-1
94,1249,1274.63,266.27,41.1,65.39,0.7475,-1,-1,-1
95,1262,780.35,523.1,77.84,120.54,0.9743,-1,-1,-1
95,1382,986.87,485.11,49.27,114.51,0.9735,-1,-1,-1
95,1243,1424.7,403.9,41.07,112.33,0.9687,-1,-1,-1
95,1309,1554.68,329.0,57.57,79.84,0.9673,-1,-1,-1
95,1376,328.92,321.4,37.77,87.17,0.9612,-1,-1,-1
95,1396,1154.77,311.64,37.9,73.85,0.9611,-1,-1,-1
95,1398,1114.4,356.6,44.74,89.04,0.9594,-1,-1,-1
95,1395,1871.43,368.94,43.87,102.88,0.9571,-1,-1,-1
95,1251,1394.3,888.49,102.03,189.59,0.955,-1,-1,-1
95,1383,1831.42,369.72,37.7,97.6,0.9516,-1,-1,-1
95,1369,380.74,562.49,59.54,151.18,0.9513,-1,-1,-1
95,1402,768.35,278.64,32.35,65.85,0.9501,-1,-1,-1
95,1242,1731.42,685.2,90.81,190.87,0.9223,-1,-1,-1
95,1253,943.55,400.05,29.65,81.13,0.8545,-1,-1,-1
95,1249,1276.57,263.02,37.19,66.83,0.8372,-1,-1,-1
96,1382,990.81,482.96,49.76,120.97,0.9774,-1,-1,-1
96,1262,776.96,525.49,74.4,118.18,0.9755,-1,-1,-1
96,1243,1421.5,402.47,40.68,112.37,0.9661,-1,-1,-1
96,1383,1823.83,369.62,47.59,97.14,0.966,-1,-1,-1
96,1309,1556.63,326.44,54.78,81.44,0.9654,-1,-1,-1
96,1369,381.87,562.89,58.87,150.76,0.9617,-1,-1,-1
96,1253,939.52,383.65,33.19,97.26,0.9607,-1,-1,-1
96,1376,326.33,319.57,34.34,88.43,0.9603,-1,-1,-1
96,1395,1873.55,367.74,38.18,101.88,0.9603,-1,-1,-1
96,1251,1390.57,886.28,99.08,191.23,0.96,-1,-1,-1
96,1242,1729.43,686.79,91.71,186.19,0.9552,-1,-1,-1
96,1396,1153.02,311.6,36.25,72.06,0.9537,-1,-1,-1
96,1402,767.94,278.81,33.03,65.1,0.952,-1,-1,-1
96,1398,1115.87,356.15,42.46,88.7,0.9505,-1,-1,-1
96,1394,1286.85,398.32,48.54,104.31,0.8642,-1,-1,-1
96,1249,1277.02,263.44,31.93,65.99,0.7441,-1,-1,-1
97,1262,777.34,525.61,70.94,119.14,0.9751,-1,-1,-1
97,1382,991.9,483.11,51.85,123.29,0.9741,-1,-1,-1
97,1383,1820.08,369.54,52.2,97.26,0.9705,-1,-1,-1
97,1369,382.34,563.83,58.24,149.63,0.9689,-1,-1,-1
97,1243,1419.11,401.9,41.99,109.92,0.9677,-1,-1,-1
97,1309,1557.53,324.77,52.57,82.48,0.966,-1,-1,-1
97,1398,1113.93,355.24,44.27,89.47,0.965,-1,-1,-1
97,1251,1390.09,886.25,96.97,191.6,0.9646,-1,-1,-1
97,1376,324.99,317.6,33.91,90.93,0.962,-1,-1,-1
97,1253,934.57,384.35,37.33,96.38,0.9603,-1,-1,-1
97,1395,1874.92,364.28,33.71,105.93,0.9563,-1,-1,-1
97,1242,1729.47,687.03,91.42,184.55,0.9557,-1,-1,-1
97,1402,768.23,274.78,33.21,68.67,0.9532,-1,-1,-1
97,1396,1151.62,311.57,35.31,72.15,0.9439,-1,-1,-1
97,1394,1286.11,398.35,49.64,103.31,0.8926,-1,-1,-1
97,1249,1277.49,263.78,28.91,65.48,0.5644,-1,-1,-1
98,1243,1413.96,401.58,44.18,106.75,0.9738,-1,-1,-1
98,1382,994.22,482.28,55.51,124.59,0.9738,-1,-1,-1
98,1383,1816.81,369.2,57.32,96.47,0.9734,-1,-1,-1
98,1369,383.46,564.17,59.79,148.72,0.9716,-1,-1,-1
98,1398,1111.02,353.76,47.06,90.83,0.9712,-1,-1,-1
98,1309,1559.51,322.64,45.33,83.8,0.9708,-1,-1,-1
98,1262,778.57,526.21,68.07,119.47,0.9702,-1,-1,-1
98,1253,927.41,385.22,42.26,93.89,0.9677,-1,-1,-1
98,1242,1729.58,685.9,92.37,183.58,0.9619,-1,-1,-1
98,1376,322.62,315.3,34.72,90.01,0.9599,-1,-1,-1
98,1402,769.21,274.24,32.49,67.85,0.9552,-1,-1,-1
98,1396,1150.52,310.81,30.57,71.83,0.9462,-1,-1,-1
98,1395,1875.35,362.84,27.79,104.42,0.9364,-1,-1,-1
98,1394,1286.58,397.74,49.49,102.84,0.8897,-1,-1,-1
98,1251,1395.19,891.95,89.26,182.67,0.5412,-1,-1,-1
99,1369,384.66,564.71,59.97,147.74,0.9754,-1,-1,-1
99,1382,999.51,483.49,58.22,124.93,0.9738,-1,-1,-1
99,1243,1411.68,401.67,44.15,103.7,0.9731,-1,-1,-1
99,1253,922.25,386.27,47.67,93.12,0.9709,-1,-1,-1
99,1394,1287.38,396.36,48.7,101.83,0.9706,-1,-1,-1
99,1383,1816.41,369.91,58.02,95.22,0.9701,-1,-1,-1
99,1398,1109.34,353.03,47.67,90.89,0.9697,-1,-1,-1
99,1309,1561.26,320.08,38.97,85.41,0.9657,-1,-1,-1
99,1242,1728.93,684.41,93.39,182.58,0.9657,-1,-1,-1
99,1262,781.64,524.84,68.02,123.66,0.9618,-1,-1,-1
99,1376,318.24,314.59,37.72,88.1,0.9607,-1,-1,-1
99,1402,770.7,273.75,31.39,67.19,0.9534,-1,-1,-1
99,1396,1148.62,308.63,25.43,72.75,0.9457,-1,-1,-1
99,1395,1874.67,361.48,26.59,104.05,0.9443,-1,-1,-1
100,1369,385.08,564.78,61.31,147.39,0.976,-1,-1,-1
100,1243,1410.68,401.7,43.09,103.27,0.9737,-1,-1,-1
100,1383,1816.21,368.56,57.76,96.1,0.973,-1,-1,-1
100,1253,921.45,386.31,48.68,92.7,0.9715,-1,-1,-1
100,1382,1003.54,483.89,57.35,125.79,0.9693,-1,-1,-1
100,1398,1108.75,352.41,46.55,91.22,0.9681,-1,-1,-1
100,1394,1287.69,395.46,47.84,102.42,0.9679,-1,-1,-1
100,1242,1728.57,683.41,93.05,182.68,0.9675,-1,-1,-1
100,1376,316.86,314.18,39.15,88.04,0.9653,-1,-1,-1
100,1309,1562.23,318.31,35.09,86.7,0.9592,-1,-1,-1
100,1262,782.43,524.44,66.11,123.82,0.9553,-1,-1,-1
100,1402,770.96,274.51,30.99,65.98,0.9511,-1,-1,-1
100,1395,1874.37,360.71,27.01,106.27,0.9489,-1,-1,-1
100,1396,1147.21,306.63,25.16,74.1,0.9475,-1,-1,-1
101,1369,385.7,562.52,60.96,148.79,0.9768,-1,-1,-1
101,1383,1817.68,367.53,53.89,96.7,0.9738,-1,-1,-1
101,1382,1011.02,485.3,55.74,125.42,0.9732,-1,-1,-1
101,1253,921.79,386.43,48.43,91.86,0.9709,-1,-1,-1
101,1376,313.29,312.97,40.97,88.73,0.9702,-1,-1,-1
101,1394,1288.35,393.37,46.83,101.87,0.9702,-1,-1,-1
101,1243,1410.14,401.19,38.85,102.12,0.9699,-1,-1,-1
101,1242,1728.94,681.54,87.88,184.0,0.9637,-1,-1,-1
101,1309,1562.49,316.44,33.61,86.74,0.9555,-1,-1,-1
101,1398,1108.5,352.44,42.52,90.28,0.9553,-1,-1,-1
101,1395,1872.45,359.89,30.03,106.3,0.9525,-1,-1,-1
101,1402,771.08,278.3,29.86,61.18,0.9459,-1,-1,-1
101,1396,1145.31,304.45,23.78,75.77,0.9443,-1,-1,-1
101,1262,782.65,523.85,63.85,125.82,0.9339,-1,-1,-1
102,1369,387.52,560.87,59.03,150.27,0.9752,-1,-1,-1
102,1382,1019.84,487.17,52.54,123.98,0.9739,-1,-1,-1
102,1253,922.47,386.25,46.57,91.43,0.9709,-1,-1,-1
102,1376,309.07,314.05,41.95,86.52,0.9706,-1,-1,-1
102,1383,1819.89,369.21,47.73,94.0,0.9676,-1,-1,-1
102,1243,1408.14,399.23,36.02,103.3,0.9667,-1,-1,-1
102,1395,1866.05,362.09,38.82,103.97,0.9643,-1,-1,-1
102,1262,780.91,523.05,63.56,126.18,0.9638,-1,-1,-1
102,1242,1732.92,676.92,80.53,182.88,0.9584,-1,-1,-1
102,1309,1562.07,315.88,33.74,85.67,0.9554,-1,-1,-1
102,1396,1143.26,302.39,25.45,77.65,0.9486,-1,-1,-1
102,1402,771.3,275.57,28.33,62.06,0.9367,-1,-1,-1
102,1394,1289.63,391.55,40.95,102.94,0.935,-1,-1,-1
102,1398,1110.2,356.11,36.27,86.34,0.9333,-1,-1,-1
102,1251,1385.4,891.51,59.29,176.9,0.8878,-1,-1,-1
103,1382,1025.28,486.93,50.22,124.83,0.9759,-1,-1,-1
103,1369,387.8,559.59,57.07,150.88,0.9755,-1,-1,-1
103,1262,777.85,523.46,64.96,127.06,0.9733,-1,-1,-1
103,1376,305.86,314.07,43.94,86.74,0.9726,-1,-1,-1
103,1253,923.53,385.24,43.68,91.78,0.9716,-1,-1,-1
103,1395,1861.92,361.96,42.88,104.39,0.966,-1,-1,-1
103,1383,1820.4,368.11,46.57,94.4,0.9651,-1,-1,-1
103,1243,1407.14,397.72,33.72,104.07,0.9649,-1,-1,-1
103,1242,1734.33,675.59,74.36,181.45,0.9585,-1,-1,-1
103,1309,1561.31,315.71,34.36,85.56,0.9554,-1,-1,-1
103,1394,1290.02,390.6,37.87,102.8,0.9548,-1,-1,-1
103,1396,1141.15,300.81,28.08,78.21,0.9525,-1,-1,-1
103,1402,771.16,274.43,28.15,62.46,0.9344,-1,-1,-1
103,1398,1107.4,352.59,34.67,89.5,0.9339,-1,-1,-1
103,1251,1381.23,892.0,61.0,175.76,0.9287,-1,-1,-1
104,1382,1034.09,486.49,48.08,122.61,0.9768,-1,-1,-1
104,1369,388.83,557.54,55.03,151.19,0.9747,-1,-1,-1
104,1395,1855.95,361.33,49.74,105.42,0.9721,-1,-1,-1
104,1262,772.2,525.69,65.55,126.19,0.9716,-1,-1,-1
104,1253,923.95,383.6,41.07,92.95,0.9706,-1,-1,-1
104,1376,300.26,313.97,46.33,86.37,0.9687,-1,-1,-1
104,1242,1737.02,672.08,65.39,178.61,0.9658,-1,-1,-1
104,1309,1559.11,314.41,36.1,85.51,0.9574,-1,-1,-1
104,1383,1821.71,362.05,39.69,98.87,0.9567,-1,-1,-1
104,1396,1134.93,299.84,34.41,77.83,0.9563,-1,-1,-1
104,1243,1403.77,394.23,30.94,105.5,0.9547,-1,-1,-1
104,1251,1372.42,886.7,68.63,186.82,0.9422,-1,-1,-1
104,1402,771.29,274.57,26.45,60.82,0.9255,-1,-1,-1
104,1398,1105.58,356.48,28.04,83.2,0.9093,-1,-1,-1
104,1394,1291.64,388.99,30.96,101.97,0.9005,-1,-1,-1
105,1382,1042.0,485.09,44.85,123.93,0.9761,-1,-1,-1
105,1369,389.34,555.82,55.14,152.17,0.975,-1,-1,-1
105,1395,1851.34,359.54,56.5,106.16,0.9709,-1,-1,-1
105,1376,295.28,314.21,47.47,85.53,0.9708,-1,-1,-1
105,1262,768.66,527.4,66.07,124.16,0.9705,-1,-1,-1
105,1253,922.41,381.11,38.31,94.35,0.9685,-1,-1,-1
105,1242,1740.84,671.92,58.95,177.21,0.9671,-1,-1,-1
105,1309,1554.2,314.47,40.51,85.17,0.9665,-1,-1,-1
105,1396,1129.98,300.5,39.37,75.82,0.9648,-1,-1,-1
105,1394,1290.35,386.4,28.26,103.09,0.949,-1,-1,-1
105,1243,1400.61,389.5,29.86,108.52,0.9428,-1,-1,-1
105,1383,1823.94,360.06,28.98,97.63,0.9393,-1,-1,-1
105,1402,770.13,273.07,24.25,61.6,0.9261,-1,-1,-1
105,1251,1361.71,886.87,79.65,186.48,0.9211,-1,-1,-1
105,1398,1101.92,354.54,27.89,83.74,0.8262,-1,-1,-1
106,1369,388.22,553.93,56.84,153.49,0.9747,-1,-1,-1
106,1382,1045.14,483.63,44.94,127.61,0.9742,-1,-1,-1
106,1395,1852.08,359.83,55.64,105.59,0.9716,-1,-1,-1
106,1262,767.66,527.63,65.45,123.56,0.9715,-1,-1,-1
106,1376,293.07,313.96,48.92,85.07,0.97,-1,-1,-1
106,1253,919.64,379.8,40.26,95.71,0.9686,-1,-1,-1
106,1242,1740.6,670.98,58.12,177.27,0.9679,-1,-1,-1
106,1309,1552.16,314.43,42.41,84.46,0.9676,-1,-1,-1
106,1396,1129.53,300.33,39.2,75.45,0.965,-1,-1,-1
106,1243,1398.28,387.36,31.56,109.03,0.9592,-1,-1,-1
106,1251,1354.71,893.2,89.48,178.62,0.9494,-1,-1,-1
106,1394,1288.85,385.78,27.21,102.45,0.9433,-1,-1,-1
106,1383,1823.82,359.53,27.95,97.17,0.9288,-1,-1,-1
106,1402,770.57,273.99,22.6,59.93,0.919,-1,-1,-1
106,1398,1099.38,359.99,30.35,76.61,0.9071,-1,-1,-1
106,1418,1257.5,266.24,26.86,54.67,0.4219,-1,-1,-1
107,1382,1050.31,481.94,45.9,132.09,0.9772,-1,-1,-1
107,1369,387.83,552.64,60.2,155.56,0.975,-1,-1,-1
107,1395,1853.64,359.23,51.5,104.44,0.9728,-1,-1,-1
107,1262,767.69,528.06,63.77,123.13,0.9725,-1,-1,-1
107,1376,289.54,314.75,51.22,82.76,0.9717,-1,-1,-1
107,1253,913.63,377.38,43.22,98.18,0.9697,-1,-1,-1
107,1309,1545.74,314.58,47.68,83.62,0.9693,-1,-1,-1
107,1242,1737.9,668.28,59.52,179.82,0.9652,-1,-1,-1
107,1251,1347.07,887.95,94.58,188.72,0.9639,-1,-1,-1
107,1243,1395.96,385.5,34.01,110.55,0.9619,-1,-1,-1
107,1396,1129.69,299.51,36.91,75.02,0.9597,-1,-1,-1
107,1398,1094.9,353.1,35.01,83.15,0.9505,-1,-1,-1
107,1383,1821.49,356.96,27.35,98.88,0.9271,-1,-1,-1
107,1402,770.42,273.28,20.99,58.81,0.9045,-1,-1,-1
107,1418,1253.18,266.77,32.1,53.07,0.4605,-1,-1,-1
108,1382,1055.73,482.56,47.1,131.25,0.9753,-1,-1,-1
108,1395,1854.07,357.31,48.8,104.5,0.9731,-1,-1,-1
108,1262,768.18,526.53,61.14,127.88,0.9725,-1,-1,-1
108,1376,288.63,313.89,51.01,82.6,0.9718,-1,-1,-1
108,1309,1542.21,314.19,50.39,83.02,0.9689,-1,-1,-1
108,1253,912.11,375.86,43.77,97.76,0.9684,-1,-1,-1
108,1369,389.22,553.5,60.75,157.9,0.9674,-1,-1,-1
108,1243,1390.13,384.6,40.84,108.95,0.9673,-1,-1,-1
108,1251,1341.33,888.74,93.09,188.57,0.9663,-1,-1,-1
108,1242,1730.11,667.58,66.32,178.55,0.9659,-1,-1,-1
108,1398,1091.07,353.36,38.67,81.81,0.9539,-1,-1,-1
108,1396,1129.11,299.06,33.53,73.87,0.9495,-1,-1,-1
108,1394,1281.97,383.31,31.09,104.26,0.9435,-1,-1,-1
108,1383,1816.66,357.24,30.22,97.82,0.934,-1,-1,-1
108,1402,770.32,271.81,20.68,58.98,0.8736,-1,-1,-1
108,1418,1249.8,264.37,34.45,53.94,0.7449,-1,-1,-1
109,1382,1058.36,482.7,48.26,131.9,0.9786,-1,-1,-1
109,1243,1385.99,384.02,44.82,107.53,0.9749,-1,-1,-1
109,1395,1855.19,357.07,44.78,104.82,0.9734,-1,-1,-1
109,1262,769.2,525.46,58.76,129.4,0.9719,-1,-1,-1
109,1376,288.35,312.51,51.44,83.48,0.9712,-1,-1,-1
109,1253,910.39,374.81,44.8,98.76,0.9705,-1,-1,-1
109,1242,1726.46,667.03,69.73,179.3,0.9687,-1,-1,-1
109,1309,1539.83,314.03,51.43,83.03,0.9686,-1,-1,-1
109,1251,1339.84,889.55,92.85,187.4,0.9673,-1,-1,-1
109,1369,389.59,553.45,59.74,157.33,0.9601,-1,-1,-1
109,1398,1087.97,349.66,41.32,85.26,0.9573,-1,-1,-1
109,1396,1128.25,298.55,30.59,72.96,0.9523,-1,-1,-1
109,1394,1279.72,382.98,32.89,103.81,0.9381,-1,-1,-1
109,1383,1812.0,355.9,34.28,100.18,0.9371,-1,-1,-1
109,1418,1248.52,262.84,36.15,55.89,0.8477,-1,-1,-1
109,1402,768.92,269.06,22.16,60.94,0.7508,-1,-1,-1
110,1382,1064.89,484.24,47.48,133.62,0.9786,-1,-1,-1
110,1243,1384.72,382.94,44.93,106.37,0.9757,-1,-1,-1
110,1262,771.38,524.65,55.49,133.2,0.9746,-1,-1,-1
110,1383,1802.8,354.45,44.01,98.51,0.9721,-1,-1,-1
110,1253,908.99,374.13,46.37,99.64,0.971,-1,-1,-1
110,1309,1538.56,313.82,50.91,81.38,0.9698,-1,-1,-1
110,1376,287.98,311.24,51.13,82.94,0.9686,-1,-1,-1
110,1242,1720.44,666.9,74.05,178.45,0.9672,-1,-1,-1
110,1395,1855.75,354.98,37.75,105.59,0.9643,-1,-1,-1
110,1398,1083.19,349.45,44.4,84.89,0.9592,-1,-1,-1
110,1369,387.98,552.43,57.5,155.67,0.9441,-1,-1,-1
110,1396,1126.59,298.06,26.64,72.73,0.9404,-1,-1,-1
110,1251,1337.72,884.27,90.91,193.15,0.9373,-1,-1,-1
110,1418,1247.74,259.77,36.8,56.89,0.9274,-1,-1,-1
110,1394,1273.12,383.13,40.36,103.18,0.9063,-1,-1,-1
110,1402,767.95,264.39,22.46,64.51,0.8977,-1,-1,-1
111,1382,1070.7,485.66,46.46,133.87,0.9763,-1,-1,-1
111,1262,772.71,524.57,55.01,134.63,0.9763,-1,-1,-1
111,1383,1793.17,353.45,53.9,98.89,0.9728,-1,-1,-1
111,1309,1539.1,312.93,48.44,80.85,0.9708,-1,-1,-1
111,1394,1266.26,382.79,46.97,101.46,0.9705,-1,-1,-1
111,1243,1384.62,383.02,41.44,104.54,0.9705,-1,-1,-1
111,1253,908.73,372.95,45.56,100.34,0.9695,-1,-1,-1
111,1398,1082.73,343.14,40.71,90.55,0.9643,-1,-1,-1
111,1376,287.57,309.03,49.65,84.37,0.9615,-1,-1,-1
111,1395,1854.2,351.05,33.28,108.38,0.9512,-1,-1,-1
111,1242,1713.52,666.89,79.1,178.16,0.9429,-1,-1,-1
111,1396,1125.25,294.79,20.89,74.87,0.9331,-1,-1,-1
111,1369,393.86,557.43,50.19,148.57,0.9302,-1,-1,-1
111,1418,1247.41,258.24,37.58,56.83,0.919,-1,-1,-1
111,1402,768.07,265.68,20.71,62.51,0.9012,-1,-1,-1
111,1420,412.1,551.56,47.95,75.68,0.8863,-1,-1,-1
111,1251,1335.26,883.71,74.99,185.15,0.8246,-1,-1,-1
112,1262,773.13,524.5,55.17,135.58,0.9764,-1,-1,-1
112,1382,1073.01,487.44,47.26,131.14,0.9757,-1,-1,-1
112,1383,1790.05,353.19,57.24,99.27,0.9726,-1,-1,-1
112,1243,1383.86,383.04,40.58,103.93,0.9715,-1,-1,-1
112,1309,1539.51,311.97,47.21,81.26,0.9709,-1,-1,-1
112,1394,1265.37,382.23,47.83,101.62,0.9683,-1,-1,-1
112,1253,909.02,372.38,44.61,100.74,0.9673,-1,-1,-1
112,1395,1851.7,350.93,32.77,107.69,0.9641,-1,-1,-1
112,1398,1078.9,342.1,41.73,90.95,0.9629,-1,-1,-1
112,1376,287.55,308.28,48.31,84.14,0.9597,-1,-1,-1
112,1369,394.42,553.15,60.61,152.93,0.9406,-1,-1,-1
112,1396,1123.09,293.17,20.97,75.68,0.9291,-1,-1,-1
112,1418,1247.09,259.65,37.87,54.57,0.921,-1,-1,-1
112,1402,767.95,264.11,20.47,63.53,0.8984,-1,-1,-1
112,1242,1712.55,663.38,79.23,182.66,0.8835,-1,-1,-1
112,1251,1334.68,883.41,74.14,189.88,0.869,-1,-1,-1
112,1420,414.29,550.81,49.46,79.78,0.3218,-1,-1,-1
113,1262,773.2,524.95,57.17,135.0,0.9756,-1,-1,-1
113,1243,1380.99,381.96,38.23,102.72,0.9721,-1,-1,-1
113,1382,1079.29,489.32,46.68,128.17,0.9712,-1,-1,-1
113,1383,1786.83,352.82,59.92,98.08,0.971,-1,-1,-1
113,1309,1540.16,310.97,45.24,81.23,0.9704,-1,-1,-1
113,1253,909.76,370.75,42.06,99.4,0.9668,-1,-1,-1
113,1376,287.53,305.32,44.73,85.09,0.9631,-1,-1,-1
113,1242,1712.02,661.72,76.5,181.43,0.9605,-1,-1,-1
113,1398,1071.94,341.85,41.54,89.66,0.9596,-1,-1,-1
113,1395,1849.05,350.8,31.83,106.64,0.9571,-1,-1,-1
113,1396,1119.33,292.18,23.77,75.18,0.9463,-1,-1,-1
113,1394,1264.29,381.22,49.35,101.03,0.9427,-1,-1,-1
113,1369,398.81,552.08,57.39,151.62,0.9296,-1,-1,-1
113,1418,1247.78,254.07,35.8,58.75,0.9275,-1,-1,-1
113,1251,1333.33,883.56,72.67,185.75,0.9103,-1,-1,-1
113,1402,765.96,258.75,21.48,66.83,0.879,-1,-1,-1
113,1420,417.91,550.09,48.67,80.76,0.3505,-1,-1,-1
114,1382,1083.65,489.38,47.29,126.56,0.9747,-1,-1,-1
114,1262,773.63,525.09,59.61,133.86,0.9734,-1,-1,-1
114,1383,1787.58,351.27,57.18,98.32,0.973,-1,-1,-1
114,1394,1264.1,379.12,48.37,101.08,0.9707,-1,-1,-1
114,1309,1540.52,309.93,45.07,81.49,0.9693,-1,-1,-1
114,1242,1709.12,657.02,74.44,183.26,0.9668,-1,-1,-1
114,1376,285.98,303.55,42.41,84.56,0.9646,-1,-1,-1
114,1243,1377.85,379.48,35.58,103.98,0.962,-1,-1,-1
114,1395,1844.38,348.25,33.75,109.22,0.9562,-1,-1,-1
114,1398,1064.81,340.84,38.71,88.11,0.9557,-1,-1,-1
114,1396,1113.82,290.63,28.71,75.65,0.9496,-1,-1,-1
114,1251,1334.21,886.09,59.41,182.69,0.9494,-1,-1,-1
114,1253,912.71,372.11,37.35,94.81,0.9449,-1,-1,-1
114,1369,399.85,549.12,66.9,154.79,0.9439,-1,-1,-1
114,1418,1248.83,250.12,31.18,59.54,0.9134,-1,-1,-1
114,1402,765.93,257.22,20.69,67.0,0.8852,-1,-1,-1
115,1382,1086.54,488.85,47.59,126.48,0.9748,-1,-1,-1
115,1262,774.02,525.44,61.53,133.4,0.9736,-1,-1,-1
115,1383,1787.55,350.76,56.16,97.7,0.9729,-1,-1,-1
115,1394,1263.47,378.2,48.34,101.54,0.9708,-1,-1,-1
115,1309,1540.73,308.88,44.98,81.41,0.9672,-1,-1,-1
115,1242,1709.55,654.18,72.22,184.16,0.9665,-1,-1,-1
115,1376,285.04,303.14,40.8,84.15,0.9643,-1,-1,-1
115,1253,908.68,370.44,40.15,96.37,0.9626,-1,-1,-1
115,1395,1841.34,347.82,36.23,106.32,0.9614,-1,-1,-1
115,1243,1376.3,377.99,34.02,104.79,0.9558,-1,-1,-1
115,1398,1061.69,340.79,38.7,87.86,0.9523,-1,-1,-1
115,1251,1335.29,886.35,52.95,180.84,0.9512,-1,-1,-1
115,1396,1111.45,291.06,31.68,74.39,0.9509,-1,-1,-1
115,1369,400.14,548.71,69.13,155.0,0.949,-1,-1,-1
115,1402,765.45,256.93,20.6,66.38,0.8975,-1,-1,-1
115,1418,1248.42,243.33,28.7,66.32,0.8907,-1,-1,-1
116,1382,1091.33,486.95,47.29,129.11,0.9749,-1,-1,-1
116,1262,775.27,524.59,63.9,132.87,0.9732,-1,-1,-1
116,1383,1787.88,348.51,52.33,98.59,0.9732,-1,-1,-1
116,1394,1263.06,376.55,46.34,101.41,0.9709,-1,-1,-1
116,1309,1541.18,306.57,44.93,82.63,0.9654,-1,-1,-1
116,1398,1056.07,339.03,40.62,87.96,0.9638,-1,-1,-1
116,1253,908.24,367.52,39.48,98.37,0.9628,-1,-1,-1
116,1242,1711.6,649.08,68.31,184.84,0.9624,-1,-1,-1
116,1395,1838.4,345.61,35.69,109.31,0.9618,-1,-1,-1
116,1396,1106.98,290.37,35.4,73.69,0.9614,-1,-1,-1
116,1243,1373.16,375.27,34.0,105.93,0.9613,-1,-1,-1
116,1376,283.2,301.29,38.17,85.02,0.9582,-1,-1,-1
116,1369,401.1,549.01,69.43,154.1,0.9507,-1,-1,-1
116,1251,1329.57,886.32,54.72,180.5,0.9453,-1,-1,-1
116,1402,764.74,257.34,20.43,64.93,0.8929,-1,-1,-1
116,1418,1247.31,244.93,24.1,63.12,0.8654,-1,-1,-1
117,1382,1096.64,484.36,48.44,135.71,0.9773,-1,-1,-1
117,1262,778.65,523.71,65.56,134.15,0.974,-1,-1,-1
117,1395,1831.39,346.32,41.72,105.91,0.9705,-1,-1,-1
117,1383,1788.3,345.87,46.67,99.45,0.9684,-1,-1,-1
117,1394,1263.88,374.18,41.61,102.35,0.9683,-1,-1,-1
117,1309,1540.44,303.95,45.32,83.58,0.9672,-1,-1,-1
117,1369,403.02,548.46,69.26,153.03,0.9652,-1,-1,-1
117,1398,1052.47,338.27,43.69,87.27,0.9607,-1,-1,-1
117,1396,1105.18,288.21,36.73,74.28,0.9568,-1,-1,-1
117,1253,907.37,367.0,37.38,98.1,0.9549,-1,-1,-1
117,1376,280.95,298.56,33.61,86.66,0.9547,-1,-1,-1
117,1242,1717.88,644.53,61.07,182.06,0.9532,-1,-1,-1
117,1243,1369.53,371.27,36.48,108.23,0.9512,-1,-1,-1
117,1251,1320.75,884.24,57.35,183.05,0.9389,-1,-1,-1
117,1418,1246.42,242.32,19.95,63.55,0.8917,-1,-1,-1
117,1402,764.58,255.65,20.77,65.04,0.8904,-1,-1,-1
118,1382,1099.29,485.97,51.46,133.73,0.9734,-1,-1,-1
118,1262,779.8,523.37,66.28,135.45,0.9727,-1,-1,-1
118,1369,404.19,547.65,69.9,153.42,0.9714,-1,-1,-1
118,1383,1787.9,345.66,44.34,99.65,0.9711,-1,-1,-1
118,1398,1049.96,336.86,45.86,88.56,0.9697,-1,-1,-1
118,1395,1830.87,346.96,41.75,104.52,0.969,-1,-1,-1
118,1309,1540.37,303.03,45.43,83.82,0.9689,-1,-1,-1
118,1394,1264.14,373.77,39.4,101.85,0.9677,-1,-1,-1
118,1242,1714.18,640.15,63.87,185.28,0.9641,-1,-1,-1
118,1376,280.01,297.49,33.02,87.28,0.9576,-1,-1,-1
118,1243,1368.7,370.92,36.21,107.15,0.9546,-1,-1,-1
118,1396,1104.48,287.42,36.46,74.81,0.9504,-1,-1,-1
118,1251,1318.61,882.74,56.53,183.44,0.9355,-1,-1,-1
118,1253,908.8,365.89,35.87,98.73,0.9326,-1,-1,-1
118,1402,764.05,253.16,21.54,66.44,0.8881,-1,-1,-1
118,1418,1245.39,243.89,19.18,60.73,0.8682,-1,-1,-1
119,1369,403.92,547.27,70.51,151.92,0.9798,-1,-1,-1
119,1262,783.21,523.7,68.09,139.41,0.974,-1,-1,-1
119,1382,1098.91,484.36,61.04,136.79,0.9713,-1,-1,-1
119,1398,1045.3,335.44,49.2,89.66,0.9702,-1,-1,-1
119,1309,1540.37,301.0,44.89,84.28,0.9701,-1,-1,-1
119,1243,1363.96,369.24,38.72,107.7,0.967,-1,-1,-1
119,1242,1715.53,632.1,60.55,182.38,0.9628,-1,-1,-1
119,1394,1263.78,371.89,34.45,103.02,0.9522,-1,-1,-1
119,1396,1103.28,286.74,36.2,73.87,0.9505,-1,-1,-1
119,1383,1788.35,342.39,36.55,103.15,0.9504,-1,-1,-1
119,1251,1306.11,884.52,64.02,182.93,0.9491,-1,-1,-1
119,1376,277.61,297.98,34.37,85.26,0.944,-1,-1,-1
119,1253,907.37,364.39,35.82,97.98,0.9429,-1,-1,-1
119,1395,1824.37,342.69,48.98,107.85,0.9167,-1,-1,-1
119,1402,763.16,253.43,21.34,64.97,0.8692,-1,-1,-1
119,1418,1242.64,244.11,19.36,58.53,0.825,-1,-1,-1
120,1369,403.88,545.41,73.56,152.65,0.9799,-1,-1,-1
120,1262,787.48,524.86,70.72,140.99,0.9793,-1,-1,-1
120,1243,1359.58,368.02,40.31,106.65,0.9727,-1,-1,-1
120,1382,1100.69,486.32,65.59,137.18,0.9724,-1,-1,-1
120,1398,1039.24,334.25,52.42,89.74,0.972,-1,-1,-1
120,1309,1540.39,299.51,44.39,83.8,0.9694,-1,-1,-1
120,1253,902.79,363.11,39.88,99.26,0.9682,-1,-1,-1
120,1376,275.58,294.2,35.46,88.31,0.9576,-1,-1,-1
120,1396,1102.25,285.13,32.75,74.02,0.9573,-1,-1,-1
120,1395,1821.82,342.71,49.74,106.09,0.9555,-1,-1,-1
120,1383,1789.33,340.89,28.89,99.61,0.9542,-1,-1,-1
120,1242,1718.59,625.43,56.27,183.73,0.9487,-1,-1,-1
120,1251,1295.61,880.51,73.87,191.26,0.9383,-1,-1,-1
120,1394,1262.98,370.4,29.44,102.14,0.9349,-1,-1,-1
120,1402,762.67,254.96,20.41,62.26,0.896,-1,-1,-1
120,1418,1237.52,247.17,22.69,55.23,0.8314,-1,-1,-1
121,1262,790.05,526.09,70.57,140.02,0.9768,-1,-1,-1
121,1382,1103.51,488.67,64.56,136.52,0.9763,-1,-1,-1
121,1398,1038.11,334.0,51.2,89.14,0.9738,-1,-1,-1
121,1243,1358.75,367.79,39.6,105.93,0.9736,-1,-1,-1
121,1253,899.83,362.55,42.99,98.93,0.9718,-1,-1,-1
121,1369,403.78,545.02,74.24,154.36,0.9714,-1,-1,-1
121,1395,1822.43,341.39,48.82,105.84,0.9697,-1,-1,-1
121,1309,1540.3,298.64,44.57,83.93,0.9692,-1,-1,-1
121,1376,274.76,291.93,35.78,89.0,0.957,-1,-1,-1
121,1396,1102.21,284.49,30.75,73.35,0.9559,-1,-1,-1
121,1242,1718.42,625.17,56.63,181.39,0.9518,-1,-1,-1
121,1383,1787.71,339.24,27.21,99.0,0.9517,-1,-1,-1
121,1251,1289.91,879.3,78.72,193.65,0.9438,-1,-1,-1
121,1402,762.27,253.55,20.5,62.56,0.8726,-1,-1,-1
121,1418,1235.4,244.49,23.7,57.64,0.7557,-1,-1,-1
121,1394,1261.65,370.24,27.33,100.77,0.5954,-1,-1,-1
122,1382,1110.79,489.13,58.82,135.46,0.9761,-1,-1,-1
122,1253,896.75,362.04,45.31,98.71,0.9738,-1,-1,-1
122,1262,791.09,527.54,70.33,139.69,0.9722,-1,-1,-1
122,1243,1357.14,367.95,38.82,103.07,0.9722,-1,-1,-1
122,1395,1823.05,339.68,46.49,105.0,0.9719,-1,-1,-1
122,1369,403.57,542.55,77.61,154.72,0.9704,-1,-1,-1
122,1398,1035.53,334.86,49.16,87.34,0.9701,-1,-1,-1
122,1309,1540.29,296.97,44.33,84.28,0.9693,-1,-1,-1
122,1251,1281.62,887.16,90.71,182.69,0.9553,-1,-1,-1
122,1242,1718.57,618.84,55.51,182.65,0.9544,-1,-1,-1
122,1396,1102.02,281.32,25.51,74.84,0.9471,-1,-1,-1
122,1376,271.74,291.18,36.17,87.84,0.9447,-1,-1,-1
122,1383,1782.17,338.02,28.09,98.94,0.9045,-1,-1,-1
122,1402,760.41,252.43,21.3,62.56,0.887,-1,-1,-1
122,1418,1230.05,243.43,27.17,57.92,0.8856,-1,-1,-1
123,1382,1119.6,489.15,54.1,134.12,0.9765,-1,-1,-1
123,1395,1822.83,337.74,44.7,105.0,0.9738,-1,-1,-1
123,1253,895.79,360.81,45.42,99.11,0.9727,-1,-1,-1
123,1262,793.23,525.89,68.54,139.93,0.9718,-1,-1,-1
123,1369,403.2,540.06,78.74,156.33,0.9696,-1,-1,-1
123,1309,1539.6,295.06,45.45,85.4,0.9681,-1,-1,-1
123,1251,1273.03,881.33,94.43,194.28,0.965,-1,-1,-1
123,1243,1356.27,365.66,35.61,103.28,0.9642,-1,-1,-1
123,1398,1034.35,334.3,43.36,85.65,0.9626,-1,-1,-1
123,1242,1720.48,613.85,51.97,182.75,0.9563,-1,-1,-1
123,1376,269.38,290.14,36.56,87.05,0.9555,-1,-1,-1
123,1396,1100.97,278.98,21.25,75.51,0.9441,-1,-1,-1
123,1383,1777.28,339.46,28.75,96.78,0.9118,-1,-1,-1
123,1402,758.83,247.11,21.99,66.61,0.8927,-1,-1,-1
123,1418,1226.33,241.51,30.09,58.43,0.6572,-1,-1,-1
123,1394,1254.56,365.69,28.05,101.58,0.6334,-1,-1,-1
124,1382,1124.55,490.1,51.06,132.54,0.974,-1,-1,-1
124,1262,793.85,525.28,67.52,140.36,0.9728,-1,-1,-1
124,1253,895.41,360.7,45.15,98.81,0.972,-1,-1,-1
124,1395,1821.56,337.19,43.89,104.57,0.9717,-1,-1,-1
124,1369,403.17,539.36,79.78,156.27,0.9692,-1,-1,-1
124,1309,1539.42,294.19,45.91,85.69,0.9679,-1,-1,-1
124,1398,1033.74,334.9,40.32,84.93,0.9617,-1,-1,-1
124,1376,267.46,289.65,36.11,88.07,0.9613,-1,-1,-1
124,1243,1355.84,366.41,33.64,99.63,0.9602,-1,-1,-1
124,1242,1719.71,613.13,52.18,180.4,0.96,-1,-1,-1
124,1396,1099.03,278.57,21.11,75.21,0.936,-1,-1,-1
124,1383,1773.83,340.29,30.83,95.07,0.9193,-1,-1,-1
124,1402,757.92,246.26,22.45,66.99,0.9046,-1,-1,-1
124,1251,1268.07,882.4,100.49,193.34,0.8993,-1,-1,-1
124,1418,1224.91,241.67,31.36,57.53,0.8957,-1,-1,-1
124,1394,1253.09,363.16,28.69,104.83,0.7421,-1,-1,-1
125,1382,1132.61,488.6,46.8,133.2,0.9758,-1,-1,-1
125,1262,796.42,522.91,64.45,140.93,0.9742,-1,-1,-1
125,1253,895.56,359.4,45.04,97.67,0.9723,-1,-1,-1
125,1369,403.4,539.08,80.01,155.7,0.9699,-1,-1,-1
125,1395,1819.28,335.07,42.33,104.84,0.9694,-1,-1,-1
125,1251,1265.58,883.05,99.5,192.87,0.9688,-1,-1,-1
125,1309,1539.57,292.82,45.68,85.94,0.9678,-1,-1,-1
125,1383,1764.03,336.89,39.57,97.76,0.9657,-1,-1,-1
125,1376,264.2,290.28,36.55,86.7,0.9625,-1,-1,-1
125,1242,1720.52,611.46,49.9,180.06,0.9594,-1,-1,-1
125,1243,1352.56,361.16,32.59,103.01,0.9562,-1,-1,-1
125,1398,1029.76,331.31,34.55,88.38,0.9492,-1,-1,-1
125,1396,1094.83,277.93,22.38,74.65,0.9431,-1,-1,-1
125,1418,1223.02,243.81,32.18,52.92,0.9289,-1,-1,-1
125,1402,756.32,244.84,23.4,66.87,0.9066,-1,-1,-1
125,1394,1248.79,361.61,31.9,104.23,0.844,-1,-1,-1
126,1262,799.18,521.71,60.42,142.56,0.977,-1,-1,-1
126,1369,404.16,538.13,77.21,156.04,0.9745,-1,-1,-1
126,1382,1138.63,486.49,43.96,133.65,0.9742,-1,-1,-1
126,1383,1755.34,335.57,47.61,97.62,0.9717,-1,-1,-1
126,1253,895.29,358.01,44.18,97.52,0.9712,-1,-1,-1
126,1309,1539.78,291.4,45.66,85.87,0.9693,-1,-1,-1
126,1395,1816.59,334.93,39.92,103.0,0.9664,-1,-1,-1
126,1376,262.44,289.77,36.14,85.44,0.9614,-1,-1,-1
126,1242,1722.37,611.82,47.46,176.66,0.9596,-1,-1,-1
126,1243,1349.47,358.3,32.72,103.48,0.9569,-1,-1,-1
126,1251,1267.66,879.85,93.07,194.71,0.9553,-1,-1,-1
126,1396,1089.7,276.16,27.77,75.82,0.9448,-1,-1,-1
126,1398,1024.69,329.68,29.18,87.55,0.9354,-1,-1,-1
126,1418,1222.39,245.04,30.21,50.15,0.9249,-1,-1,-1
126,1402,755.52,245.89,24.16,65.34,0.917,-1,-1,-1
127,1262,799.97,520.89,59.69,144.14,0.9774,-1,-1,-1
127,1369,405.46,537.78,74.38,155.32,0.9758,-1,-1,-1
127,1382,1140.02,485.77,44.01,135.76,0.9745,-1,-1,-1
127,1383,1753.52,334.34,48.63,98.09,0.9731,-1,-1,-1
127,1253,895.11,356.82,43.06,97.81,0.9707,-1,-1,-1
127,1309,1540.01,290.82,45.7,85.49,0.9699,-1,-1,-1
127,1243,1348.01,356.87,33.45,103.85,0.9602,-1,-1,-1
127,1242,1722.52,612.94,47.18,175.32,0.96,-1,-1,-1
127,1376,262.0,288.8,35.73,85.63,0.9587,-1,-1,-1
127,1396,1087.29,275.8,29.67,74.69,0.9481,-1,-1,-1
127,1251,1270.51,878.78,82.64,193.23,0.9446,-1,-1,-1
127,1395,1820.42,332.13,33.0,105.52,0.9373,-1,-1,-1
127,1418,1222.31,241.12,29.02,52.93,0.9254,-1,-1,-1
127,1398,1022.3,339.28,29.7,75.62,0.924,-1,-1,-1
127,1402,755.28,244.88,24.27,65.63,0.9151,-1,-1,-1
128,1369,408.05,536.6,73.68,154.64,0.9795,-1,-1,-1
128,1262,801.24,520.99,58.95,143.9,0.9782,-1,-1,-1
128,1382,1143.69,483.29,43.95,142.0,0.9722,-1,-1,-1
128,1309,1540.17,289.68,45.31,85.27,0.9708,-1,-1,-1
128,1383,1749.59,333.08,51.43,97.97,0.9698,-1,-1,-1
128,1253,895.41,355.3,40.7,98.26,0.9677,-1,-1,-1
128,1242,1722.11,613.78,47.17,173.24,0.9639,-1,-1,-1
128,1376,259.45,287.69,36.5,85.26,0.9636,-1,-1,-1
128,1395,1818.99,328.8,29.5,106.87,0.9592,-1,-1,-1
128,1243,1345.68,355.64,33.15,104.17,0.9564,-1,-1,-1
128,1396,1081.8,277.05,34.76,71.77,0.9534,-1,-1,-1
128,1251,1263.56,880.05,78.83,190.88,0.9357,-1,-1,-1
128,1398,1014.72,328.18,36.05,87.01,0.9212,-1,-1,-1
128,1418,1222.27,239.91,27.06,52.76,0.9131,-1,-1,-1
128,1402,755.16,241.67,24.02,67.82,0.91,-1,-1,-1
129,1369,409.58,533.72,77.61,155.53,0.98,-1,-1,-1
129,1262,799.71,521.49,61.01,143.9,0.9783,-1,-1,-1
129,1382,1147.69,483.84,44.38,142.77,0.9738,-1,-1,-1
129,1309,1540.12,288.03,45.44,85.98,0.9717,-1,-1,-1
129,1383,1747.28,332.66,53.81,97.14,0.9714,-1,-1,-1
129,1253,895.26,353.72,36.96,98.7,0.9669,-1,-1,-1
129,1242,1721.56,615.29,47.31,170.97,0.9663,-1,-1,-1
129,1398,1010.13,325.9,40.28,87.72,0.9636,-1,-1,-1
129,1396,1076.93,275.71,39.58,71.87,0.9609,-1,-1,-1
129,1243,1343.36,354.44,33.36,104.32,0.9595,-1,-1,-1
129,1395,1815.98,328.82,28.42,103.44,0.9559,-1,-1,-1
129,1376,257.85,288.59,36.9,81.91,0.9509,-1,-1,-1
129,1251,1252.53,878.09,75.89,189.94,0.9376,-1,-1,-1
129,1402,754.74,240.59,23.47,67.38,0.921,-1,-1,-1
129,1394,1237.14,359.11,39.84,101.38,0.9183,-1,-1,-1
129,1418,1222.22,236.75,22.93,53.75,0.8926,-1,-1,-1
130,1262,798.09,522.58,62.13,144.37,0.9782,-1,-1,-1
130,1369,411.03,533.0,78.51,155.04,0.9772,-1,-1,-1
130,1383,1746.1,332.09,54.18,97.41,0.9729,-1,-1,-1
130,1382,1149.01,485.69,45.38,140.72,0.9725,-1,-1,-1
130,1309,1540.09,287.68,45.58,85.59,0.9717,-1,-1,-1
130,1398,1006.58,323.73,43.28,89.99,0.9708,-1,-1,-1
130,1242,1721.37,615.55,47.24,170.48,0.9674,-1,-1,-1
130,1396,1075.42,274.97,40.57,72.23,0.9637,-1,-1,-1
130,1394,1237.93,358.65,39.17,102.35,0.9608,-1,-1,-1
130,1243,1342.63,354.53,33.34,103.47,0.9601,-1,-1,-1
130,1253,894.7,353.59,35.32,98.31,0.9588,-1,-1,-1
130,1376,257.2,288.11,36.68,81.51,0.9521,-1,-1,-1
130,1395,1812.88,328.25,30.96,104.13,0.9438,-1,-1,-1
130,1251,1248.24,876.53,69.51,188.78,0.9313,-1,-1,-1
130,1402,754.43,239.47,23.38,67.79,0.9297,-1,-1,-1
130,1418,1221.57,236.06,21.37,53.45,0.7054,-1,-1,-1
131,1398,1000.2,321.55,46.88,91.42,0.9745,-1,-1,-1
131,1262,793.97,525.49,67.63,143.15,0.9745,-1,-1,-1
131,1369,414.31,531.44,78.4,154.53,0.9734,-1,-1,-1
131,1383,1744.84,330.26,53.19,98.3,0.9734,-1,-1,-1
131,1382,1152.62,487.53,46.73,142.41,0.9711,-1,-1,-1
131,1309,1540.31,286.44,45.0,85.55,0.9709,-1,-1,-1
131,1242,1721.46,615.6,47.03,170.12,0.9673,-1,-1,-1
131,1396,1074.14,273.79,41.25,72.49,0.966,-1,-1,-1
131,1253,893.3,353.14,32.95,98.57,0.9631,-1,-1,-1
131,1376,255.11,286.52,35.94,82.96,0.9519,-1,-1,-1
131,1243,1340.0,355.3,33.6,101.76,0.9489,-1,-1,-1
131,1395,1810.5,327.69,31.1,105.86,0.9333,-1,-1,-1
131,1402,753.19,238.53,23.36,67.96,0.929,-1,-1,-1
131,1394,1238.32,357.31,36.91,102.51,0.9256,-1,-1,-1
131,1251,1240.58,876.07,69.46,189.65,0.9213,-1,-1,-1
132,1382,1154.62,491.51,48.87,139.38,0.9758,-1,-1,-1
132,1383,1743.96,328.7,50.0,98.52,0.9736,-1,-1,-1
132,1309,1539.97,285.71,45.03,85.28,0.971,-1,-1,-1
132,1262,788.63,530.37,74.91,138.63,0.9695,-1,-1,-1
132,1398,997.5,321.64,46.41,91.2,0.9683,-1,-1,-1
132,1242,1721.66,614.42,46.89,169.92,0.9668,-1,-1,-1
132,1369,418.18,529.92,75.8,156.69,0.9666,-1,-1,-1
132,1396,1072.72,272.8,40.95,72.97,0.9646,-1,-1,-1
132,1253,892.97,351.42,31.72,99.62,0.9642,-1,-1,-1
132,1243,1336.53,356.02,33.81,100.83,0.9622,-1,-1,-1
132,1395,1801.68,328.57,37.91,103.6,0.9554,-1,-1,-1
132,1251,1229.58,877.78,75.79,187.48,0.9323,-1,-1,-1
132,1376,253.17,284.59,34.44,85.27,0.915,-1,-1,-1
132,1402,752.44,238.75,24.24,66.73,0.9146,-1,-1,-1
132,1394,1238.1,354.55,34.62,104.65,0.811,-1,-1,-1
133,1383,1743.1,327.06,48.92,99.59,0.9753,-1,-1,-1
133,1382,1155.16,492.93,50.06,138.41,0.9752,-1,-1,-1
133,1309,1540.69,284.89,44.43,86.09,0.9713,-1,-1,-1
133,1369,418.17,529.6,76.73,157.66,0.9689,-1,-1,-1
133,1398,996.43,321.71,43.79,90.05,0.9681,-1,-1,-1
133,1242,1721.7,612.96,47.52,170.75,0.9666,-1,-1,-1
133,1395,1798.39,327.67,40.31,104.39,0.9665,-1,-1,-1
133,1396,1072.08,271.65,40.06,74.01,0.9662,-1,-1,-1
133,1262,786.09,532.26,77.87,135.81,0.966,-1,-1,-1
133,1253,892.24,350.78,32.09,99.81,0.9638,-1,-1,-1
133,1243,1335.76,356.53,32.94,99.93,0.9622,-1,-1,-1
133,1251,1225.27,877.33,78.8,188.43,0.9314,-1,-1,-1
133,1376,252.12,284.49,32.55,83.71,0.9156,-1,-1,-1
133,1402,752.27,238.05,24.69,66.8,0.9126,-1,-1,-1
133,1394,1236.8,354.51,34.41,103.32,0.8738,-1,-1,-1
134,1262,781.63,534.8,82.42,132.47,0.9771,-1,-1,-1
134,1382,1157.94,494.92,51.46,135.35,0.9765,-1,-1,-1
134,1369,415.66,530.92,83.32,155.19,0.9754,-1,-1,-1
134,1383,1740.94,326.35,44.22,98.02,0.9745,-1,-1,-1
134,1309,1540.45,283.92,44.85,85.93,0.9708,-1,-1,-1
134,1395,1794.38,326.38,43.1,105.39,0.9679,-1,-1,-1
134,1242,1722.59,610.84,46.89,171.6,0.9655,-1,-1,-1
134,1396,1071.68,269.15,36.66,74.7,0.9648,-1,-1,-1
134,1398,986.27,321.65,46.06,89.18,0.9648,-1,-1,-1
134,1243,1334.81,357.04,32.6,98.74,0.9601,-1,-1,-1
134,1251,1214.86,879.72,95.06,192.61,0.9592,-1,-1,-1
134,1253,890.13,350.45,34.17,98.83,0.958,-1,-1,-1
134,1394,1232.55,353.36,36.31,102.58,0.9347,-1,-1,-1
134,1402,751.79,235.19,25.63,69.44,0.9181,-1,-1,-1
134,1376,250.71,284.16,28.92,81.54,0.9051,-1,-1,-1
134,1418,1217.22,229.68,18.22,56.79,0.4061,-1,-1,-1
135,1262,770.1,534.19,94.46,132.91,0.9836,-1,-1,-1
135,1369,411.77,532.22,89.32,154.07,0.9771,-1,-1,-1
135,1382,1161.91,494.58,51.33,134.8,0.9753,-1,-1,-1
135,1395,1789.64,325.83,45.9,104.94,0.9707,-1,-1,-1
135,1383,1740.16,325.15,38.29,98.21,0.9694,-1,-1,-1
135,1309,1540.16,282.75,44.64,86.13,0.969,-1,-1,-1
135,1242,1720.5,606.73,48.51,171.52,0.9659,-1,-1,-1
135,1398,977.22,322.89,44.39,85.46,0.9621,-1,-1,-1
135,1243,1334.71,356.75,31.78,97.82,0.9597,-1,-1,-1
135,1253,888.03,350.4,35.89,97.86,0.9552,-1,-1,-1
135,1396,1071.44,268.44,31.62,74.3,0.9498,-1,-1,-1
135,1251,1205.72,880.28,108.1,194.23,0.9481,-1,-1,-1
135,1376,247.69,282.17,29.96,82.63,0.9335,-1,-1,-1
135,1402,750.86,233.36,26.51,70.49,0.9314,-1,-1,-1
135,1394,1228.54,351.96,38.13,100.94,0.8804,-1,-1,-1
135,1418,1213.63,231.59,19.86,54.47,0.7694,-1,-1,-1
136,1262,764.49,533.29,99.17,135.13,0.9857,-1,-1,-1
136,1369,410.86,533.32,90.18,152.52,0.9776,-1,-1,-1
136,1382,1162.68,494.07,52.26,134.98,0.9755,-1,-1,-1
136,1395,1788.94,325.78,45.17,105.31,0.9713,-1,-1,-1
136,1309,1540.1,282.33,44.64,86.42,0.9681,-1,-1,-1
136,1242,1721.04,605.08,47.41,170.75,0.967,-1,-1,-1
136,1243,1335.23,355.87,31.26,97.91,0.9623,-1,-1,-1
136,1253,886.8,350.65,36.79,97.21,0.9588,-1,-1,-1
136,1398,972.31,323.58,43.82,85.13,0.9585,-1,-1,-1
136,1383,1739.85,323.77,33.47,99.07,0.9521,-1,-1,-1
136,1396,1071.87,268.73,28.81,73.54,0.946,-1,-1,-1
136,1251,1201.93,881.49,110.54,192.3,0.9423,-1,-1,-1
136,1376,246.83,280.96,30.08,83.96,0.9394,-1,-1,-1
136,1402,750.35,232.87,26.9,70.74,0.9375,-1,-1,-1
136,1418,1212.13,232.04,20.7,54.71,0.8874,-1,-1,-1
136,1394,1226.15,351.71,39.37,101.68,0.7405,-1,-1,-1
137,1262,760.85,530.44,98.88,138.02,0.9796,-1,-1,-1
137,1369,411.39,534.46,91.04,150.03,0.9765,-1,-1,-1
137,1395,1787.75,324.55,44.11,105.29,0.9734,-1,-1,-1
137,1382,1164.77,493.73,54.45,138.89,0.9733,-1,-1,-1
137,1394,1222.35,350.12,42.39,101.63,0.9692,-1,-1,-1
137,1398,966.51,321.78,43.84,84.86,0.9679,-1,-1,-1
137,1253,884.02,351.81,39.44,95.02,0.9665,-1,-1,-1
137,1309,1540.06,281.13,44.66,86.91,0.966,-1,-1,-1
137,1243,1336.76,353.81,31.39,100.01,0.9653,-1,-1,-1
137,1242,1721.2,600.0,47.74,173.83,0.9604,-1,-1,-1
137,1251,1192.84,882.95,116.06,189.6,0.9509,-1,-1,-1
137,1402,749.25,231.66,27.5,71.15,0.946,-1,-1,-1
137,1376,243.28,279.25,32.23,85.52,0.9456,-1,-1,-1
137,1396,1071.73,266.96,21.73,75.36,0.9389,-1,-1,-1
137,1383,1739.78,324.44,27.37,97.23,0.9374,-1,-1,-1
137,1418,1208.85,230.77,23.99,55.15,0.8999,-1,-1,-1
138,1369,411.64,534.19,86.53,148.78,0.9768,-1,-1,-1
138,1262,757.73,529.4,97.09,135.5,0.9756,-1,-1,-1
138,1382,1167.6,492.58,57.72,140.44,0.9748,-1,-1,-1
138,1394,1219.5,348.95,43.41,101.85,0.9696,-1,-1,-1
138,1253,879.35,350.52,43.66,95.28,0.9686,-1,-1,-1
138,1243,1337.49,351.18,32.18,102.46,0.9668,-1,-1,-1
138,1395,1785.3,323.8,43.37,103.96,0.9653,-1,-1,-1
138,1309,1539.96,280.36,44.97,87.06,0.9651,-1,-1,-1
138,1398,964.61,322.13,43.95,84.76,0.9555,-1,-1,-1
138,1242,1720.98,594.42,46.63,174.57,0.9545,-1,-1,-1
138,1376,240.83,278.56,33.63,85.76,0.9514,-1,-1,-1
138,1402,748.34,231.13,28.58,70.6,0.9499,-1,-1,-1
138,1251,1192.11,882.33,107.65,191.11,0.9417,-1,-1,-1
138,1383,1736.73,324.07,27.65,96.63,0.9321,-1,-1,-1
138,1396,1069.16,265.6,19.8,76.0,0.9165,-1,-1,-1
138,1418,1206.7,226.58,26.28,58.32,0.9074,-1,-1,-1
139,1262,758.1,528.96,91.25,135.67,0.9791,-1,-1,-1
139,1369,411.6,533.62,87.52,149.14,0.9774,-1,-1,-1
139,1253,877.94,350.06,44.91,95.31,0.9701,-1,-1,-1
139,1394,1218.27,348.49,44.14,101.5,0.9698,-1,-1,-1
139,1382,1168.82,492.61,57.95,140.62,0.9689,-1,-1,-1
139,1309,1539.85,279.28,44.9,87.23,0.9666,-1,-1,-1
139,1395,1784.26,322.8,42.87,104.38,0.966,-1,-1,-1
139,1243,1337.31,350.37,33.18,102.22,0.9644,-1,-1,-1
139,1398,962.74,320.64,45.14,86.57,0.9642,-1,-1,-1
139,1251,1189.3,879.95,109.42,192.37,0.9579,-1,-1,-1
139,1376,239.73,278.29,34.03,85.05,0.9545,-1,-1,-1
139,1242,1721.16,592.21,45.97,175.91,0.9531,-1,-1,-1
139,1402,748.01,230.94,28.44,69.67,0.9501,-1,-1,-1
139,1383,1734.84,322.84,28.74,97.36,0.947,-1,-1,-1
139,1396,1067.67,265.9,20.42,75.57,0.919,-1,-1,-1
139,1418,1205.43,224.24,27.74,60.18,0.9077,-1,-1,-1
139,1421,1905.33,540.77,13.57,83.73,0.3973,-1,-1,-1
140,1369,411.81,531.28,90.34,152.26,0.9788,-1,-1,-1
140,1262,758.6,527.3,75.26,136.68,0.9746,-1,-1,-1
140,1394,1214.97,348.47,46.57,100.1,0.97,-1,-1,-1
140,1253,877.52,349.58,45.3,94.63,0.9695,-1,-1,-1
140,1309,1539.72,278.4,45.12,87.42,0.9689,-1,-1,-1
140,1398,958.27,319.31,47.55,88.64,0.9684,-1,-1,-1
140,1395,1781.16,321.29,43.62,104.69,0.9677,-1,-1,-1
140,1383,1726.71,320.97,35.35,99.49,0.96,-1,-1,-1
140,1376,236.99,277.46,36.32,85.56,0.958,-1,-1,-1
140,1243,1338.58,348.71,32.62,103.02,0.9576,-1,-1,-1
140,1402,747.52,229.95,28.67,69.82,0.9497,-1,-1,-1
140,1242,1723.35,588.61,44.18,176.0,0.9485,-1,-1,-1
140,1396,1064.36,265.31,22.4,74.98,0.941,-1,-1,-1
140,1251,1184.77,878.44,111.66,193.13,0.9379,-1,-1,-1
140,1382,1173.1,492.72,55.77,142.79,0.9343,-1,-1,-1
140,1418,1204.31,223.79,28.73,59.79,0.9157,-1,-1,-1
140,1421,1904.91,540.24,13.93,84.6,0.3995,-1,-1,-1
141,1369,414.41,529.15,91.48,154.76,0.9787,-1,-1,-1
141,1262,750.53,527.36,68.82,136.58,0.9767,-1,-1,-1
141,1383,1713.31,321.35,48.4,97.2,0.9738,-1,-1,-1
141,1398,954.14,319.42,47.96,88.13,0.9723,-1,-1,-1
141,1382,1175.98,495.37,56.55,143.51,0.9713,-1,-1,-1
141,1309,1539.53,277.74,45.35,87.47,0.9707,-1,-1,-1
141,1394,1212.63,347.34,47.6,100.52,0.9697,-1,-1,-1
141,1253,877.24,348.42,45.53,95.44,0.968,-1,-1,-1
141,1376,233.56,276.28,40.13,85.83,0.9667,-1,-1,-1
141,1395,1780.45,320.97,42.01,104.6,0.955,-1,-1,-1
141,1243,1340.11,348.1,31.56,103.16,0.9549,-1,-1,-1
141,1402,746.87,228.98,28.89,69.65,0.949,-1,-1,-1
141,1242,1725.53,585.8,43.75,175.97,0.9411,-1,-1,-1
141,1251,1181.05,877.85,102.47,194.05,0.9403,-1,-1,-1
141,1396,1058.32,265.62,27.79,73.87,0.9388,-1,-1,-1
141,1418,1203.78,224.56,28.59,57.8,0.9168,-1,-1,-1
141,1421,1905.21,532.74,13.68,94.2,0.4547,-1,-1,-1
142,1369,415.05,527.98,90.7,155.27,0.9777,-1,-1,-1
142,1262,745.4,525.33,66.0,140.1,0.9758,-1,-1,-1
142,1383,1710.31,320.82,50.95,97.64,0.9744,-1,-1,-1
142,1398,951.9,318.51,48.31,89.2,0.9727,-1,-1,-1
142,1382,1178.02,496.49,56.75,142.56,0.9715,-1,-1,-1
142,1309,1539.42,277.67,45.72,87.28,0.9711,-1,-1,-1
142,1253,876.92,348.09,45.65,95.35,0.9691,-1,-1,-1
142,1394,1211.66,347.33,47.7,100.53,0.9684,-1,-1,-1
142,1376,231.49,275.61,42.18,86.15,0.9649,-1,-1,-1
142,1243,1339.54,347.79,31.81,102.52,0.954,-1,-1,-1
142,1242,1723.06,585.31,47.9,175.27,0.9521,-1,-1,-1
142,1402,746.58,229.11,28.78,69.02,0.9472,-1,-1,-1
142,1395,1780.05,321.35,41.49,104.15,0.9447,-1,-1,-1
142,1251,1180.28,878.88,95.13,192.22,0.9434,-1,-1,-1
142,1396,1054.72,264.5,31.45,74.15,0.9405,-1,-1,-1
142,1418,1203.77,222.18,28.43,59.64,0.9166,-1,-1,-1
142,1421,1904.38,516.85,14.7,108.73,0.4677,-1,-1,-1
143,1369,414.83,527.74,91.77,153.58,0.9743,-1,-1,-1
143,1383,1705.49,320.39,54.48,97.86,0.9741,-1,-1,-1
143,1382,1182.06,496.64,56.43,141.74,0.9735,-1,-1,-1
143,1262,737.19,523.03,63.13,142.86,0.973,-1,-1,-1
143,1309,1538.96,276.88,46.02,87.2,0.9718,-1,-1,-1
143,1394,1210.66,346.77,47.06,100.29,0.9711,-1,-1,-1
143,1253,876.7,347.38,44.87,94.44,0.9705,-1,-1,-1
143,1376,227.2,274.87,46.46,86.31,0.9697,-1,-1,-1
143,1398,950.04,323.99,45.88,83.58,0.9627,-1,-1,-1
143,1242,1721.29,585.22,51.82,171.27,0.9577,-1,-1,-1
143,1396,1048.9,264.12,37.46,73.51,0.9566,-1,-1,-1
143,1243,1338.25,348.23,33.14,101.52,0.9564,-1,-1,-1
143,1402,746.17,228.26,27.69,68.95,0.9401,-1,-1,-1
143,1251,1178.47,878.0,78.64,186.82,0.9344,-1,-1,-1
143,1395,1781.41,320.31,38.13,105.21,0.9178,-1,-1,-1
143,1418,1203.52,221.62,27.96,59.15,0.8911,-1,-1,-1
143,1421,1904.54,509.81,14.82,112.95,0.6963,-1,-1,-1
144,1262,730.63,522.25,65.82,146.42,0.9791,-1,-1,-1
144,1369,416.66,528.25,90.16,152.7,0.9769,-1,-1,-1
144,1382,1185.5,497.53,56.54,140.59,0.9747,-1,-1,-1
144,1383,1704.56,319.37,54.57,98.01,0.9736,-1,-1,-1
144,1309,1538.94,275.6,46.02,87.21,0.9717,-1,-1,-1
144,1394,1208.84,346.17,46.63,100.46,0.971,-1,-1,-1
144,1376,224.44,274.2,48.35,86.13,0.9705,-1,-1,-1
144,1253,876.88,345.9,42.61,95.04,0.9691,-1,-1,-1
144,1243,1336.53,348.84,34.85,100.87,0.9611,-1,-1,-1
144,1242,1720.2,587.15,54.56,167.29,0.9609,-1,-1,-1
144,1396,1045.8,263.91,40.18,72.48,0.9606,-1,-1,-1
144,1395,1779.7,319.21,37.69,104.67,0.9576,-1,-1,-1
144,1398,949.04,329.08,38.0,78.16,0.9427,-1,-1,-1
144,1402,745.25,228.1,25.02,68.68,0.937,-1,-1,-1
144,1251,1175.37,874.7,74.99,189.56,0.9339,-1,-1,-1
144,1418,1203.13,218.5,27.64,60.96,0.8967,-1,-1,-1
144,1422,946.35,318.16,18.44,49.14,0.8343,-1,-1,-1
144,1421,1902.32,499.37,16.89,117.35,0.6913,-1,-1,-1
145,1262,727.25,521.8,66.61,145.32,0.9794,-1,-1,-1
145,1383,1704.47,320.44,54.67,95.66,0.9741,-1,-1,-1
145,1382,1188.04,497.15,55.34,141.12,0.974,-1,-1,-1
145,1369,421.23,529.12,85.27,150.24,0.9722,-1,-1,-1
145,1376,223.14,274.31,49.49,85.69,0.972,-1,-1,-1
145,1309,1539.03,275.07,45.84,87.01,0.9714,-1,-1,-1
145,1395,1777.36,317.96,39.28,105.1,0.9691,-1,-1,-1
145,1253,876.29,345.42,42.79,95.51,0.968,-1,-1,-1
145,1243,1335.69,348.9,35.89,100.73,0.963,-1,-1,-1
145,1242,1719.69,588.72,55.84,164.73,0.9626,-1,-1,-1
145,1396,1045.41,263.32,40.12,72.65,0.9619,-1,-1,-1
145,1394,1208.05,346.44,46.62,99.98,0.9524,-1,-1,-1
145,1398,944.93,328.45,36.8,77.27,0.9343,-1,-1,-1
145,1251,1173.74,878.71,73.49,190.51,0.931,-1,-1,-1
145,1402,744.88,228.16,24.03,68.5,0.929,-1,-1,-1
145,1418,1202.93,217.27,27.96,61.61,0.895,-1,-1,-1
145,1422,943.12,316.72,16.44,49.52,0.7631,-1,-1,-1
145,1421,1901.95,493.97,17.59,126.56,0.6453,-1,-1,-1
146,1262,720.64,522.31,68.31,144.82,0.9773,-1,-1,-1
146,1382,1191.71,495.21,52.67,143.51,0.9752,-1,-1,-1
146,1383,1703.88,317.98,52.24,98.57,0.9744,-1,-1,-1
146,1369,434.4,527.92,72.59,148.71,0.9728,-1,-1,-1
146,1376,221.82,274.22,49.31,85.32,0.9721,-1,-1,-1
146,1309,1539.11,274.75,45.34,86.26,0.9711,-1,-1,-1
146,1395,1771.86,317.0,42.33,105.33,0.9703,-1,-1,-1
146,1242,1716.98,591.11,59.39,160.25,0.9681,-1,-1,-1
146,1243,1335.36,348.39,36.91,100.26,0.9659,-1,-1,-1
146,1253,874.71,344.3,42.81,95.25,0.9656,-1,-1,-1
146,1396,1044.28,263.38,40.37,71.58,0.9581,-1,-1,-1
146,1394,1206.02,346.42,47.09,99.42,0.9338,-1,-1,-1
146,1251,1169.2,878.93,73.39,189.2,0.9231,-1,-1,-1
146,1398,940.05,325.86,28.62,77.51,0.8843,-1,-1,-1
146,1402,744.38,228.95,23.16,66.25,0.8834,-1,-1,-1
146,1421,1899.84,483.75,19.61,127.81,0.6898,-1,-1,-1
146,1418,1202.67,216.01,26.96,62.19,0.6641,-1,-1,-1
146,1422,939.35,315.8,17.4,56.81,0.5222,-1,-1,-1
147,1262,710.1,522.17,73.26,143.54,0.9781,-1,-1,-1
147,1382,1194.0,493.09,49.79,146.17,0.9757,-1,-1,-1
147,1383,1704.39,316.54,46.96,99.13,0.9747,-1,-1,-1
147,1369,447.61,528.26,60.49,146.77,0.9737,-1,-1,-1
147,1376,220.8,271.41,48.67,88.52,0.9725,-1,-1,-1
147,1242,1714.28,589.46,62.79,162.25,0.9717,-1,-1,-1
147,1395,1768.81,316.73,43.57,103.98,0.9715,-1,-1,-1
147,1309,1539.13,273.85,44.92,86.04,0.9705,-1,-1,-1
147,1253,871.47,342.64,43.49,96.22,0.9688,-1,-1,-1
147,1243,1335.78,347.39,37.12,99.84,0.9661,-1,-1,-1
147,1396,1044.2,261.92,37.85,72.14,0.9577,-1,-1,-1
147,1394,1204.62,345.53,46.48,99.06,0.954,-1,-1,-1
147,1251,1164.31,879.0,74.49,189.15,0.9154,-1,-1,-1
147,1398,932.0,326.56,32.8,75.22,0.9112,-1,-1,-1
147,1402,744.21,227.56,22.49,66.25,0.8805,-1,-1,-1
147,1421,1898.96,481.97,20.56,128.13,0.761,-1,-1,-1
147,1422,931.47,315.1,23.17,56.88,0.6696,-1,-1,-1
147,1418,1202.42,217.21,25.38,59.56,0.6182,-1,-1,-1
148,1262,705.89,523.68,74.44,144.92,0.978,-1,-1,-1
148,1382,1194.99,492.86,48.28,146.76,0.976,-1,-1,-1
148,1369,447.4,528.58,60.77,146.95,0.9753,-1,-1,-1
148,1376,220.36,271.68,48.34,87.44,0.9737,-1,-1,-1
148,1383,1704.51,316.33,43.88,98.42,0.9736,-1,-1,-1
148,1395,1768.4,316.58,43.38,104.07,0.972,-1,-1,-1
148,1242,1714.85,589.82,62.89,161.21,0.9711,-1,-1,-1
148,1309,1538.98,273.59,44.82,85.86,0.97,-1,-1,-1
148,1253,869.69,341.86,43.79,96.3,0.9674,-1,-1,-1
148,1243,1336.08,346.9,37.23,100.14,0.9657,-1,-1,-1
148,1396,1044.53,261.62,36.12,72.15,0.9525,-1,-1,-1
148,1394,1204.33,345.74,46.2,98.69,0.9411,-1,-1,-1
148,1398,928.3,324.57,35.59,75.91,0.9054,-1,-1,-1
148,1251,1161.87,882.29,75.43,184.86,0.9041,-1,-1,-1
148,1402,743.4,226.85,23.11,66.47,0.9033,-1,-1,-1
148,1421,1898.08,481.88,21.35,128.37,0.7414,-1,-1,-1
148,1418,1202.2,217.81,24.61,58.44,0.7003,-1,-1,-1
148,1422,927.83,315.51,26.69,57.4,0.6225,-1,-1,-1
149,1262,700.64,529.44,70.46,142.86,0.9766,-1,-1,-1
149,1382,1195.94,493.05,46.88,147.94,0.9753,-1,-1,-1
149,1376,219.66,271.06,47.95,86.82,0.9748,-1,-1,-1
149,1369,447.86,527.58,67.9,150.99,0.9719,-1,-1,-1
149,1395,1768.27,315.95,41.21,103.84,0.9702,-1,-1,-1
149,1394,1203.69,344.58,45.11,98.92,0.9701,-1,-1,-1
149,1309,1539.11,272.96,44.51,85.81,0.9697,-1,-1,-1
149,1242,1715.53,585.99,61.32,163.53,0.9693,-1,-1,-1
149,1383,1704.8,315.4,37.86,96.64,0.9677,-1,-1,-1
149,1243,1336.86,345.55,37.68,101.1,0.9648,-1,-1,-1
149,1253,867.47,340.67,41.93,97.2,0.9634,-1,-1,-1
149,1398,921.1,315.39,42.16,86.23,0.9602,-1,-1,-1
149,1396,1044.64,259.36,32.28,72.83,0.9559,-1,-1,-1
149,1251,1157.36,877.96,76.93,188.92,0.9427,-1,-1,-1
149,1402,742.32,225.14,23.19,67.97,0.923,-1,-1,-1
149,1418,1201.58,216.42,22.95,59.7,0.8924,-1,-1,-1
149,1421,1898.04,481.53,21.29,128.16,0.7577,-1,-1,-1
150,1262,697.33,530.44,64.18,141.46,0.975,-1,-1,-1
150,1382,1196.25,494.35,45.64,150.12,0.9741,-1,-1,-1
150,1376,219.08,269.71,47.52,87.31,0.9728,-1,-1,-1
150,1395,1768.32,314.91,39.14,104.88,0.9704,-1,-1,-1
150,1369,447.58,526.22,68.34,151.87,0.9696,-1,-1,-1
150,1309,1538.82,272.05,44.68,86.06,0.9693,-1,-1,-1
150,1398,914.62,312.83,46.84,87.84,0.9688,-1,-1,-1
150,1394,1203.27,343.39,44.16,99.66,0.9675,-1,-1,-1
150,1253,865.05,339.51,41.56,97.79,0.9655,-1,-1,-1
150,1243,1337.74,343.86,37.69,101.81,0.9618,-1,-1,-1
150,1242,1724.48,580.91,49.92,167.13,0.955,-1,-1,-1
150,1383,1704.88,313.86,30.81,96.6,0.9518,-1,-1,-1
150,1396,1044.32,258.13,27.76,73.52,0.9495,-1,-1,-1
150,1251,1152.07,876.71,80.12,191.62,0.9408,-1,-1,-1
150,1402,741.26,224.05,23.26,68.48,0.9358,-1,-1,-1
150,1418,1201.29,216.62,21.01,57.53,0.8953,-1,-1,-1
150,1421,1897.94,481.87,21.37,127.17,0.774,-1,-1,-1
151,1369,447.6,526.25,69.31,146.32,0.9744,-1,-1,-1
151,1382,1196.6,494.93,45.55,149.17,0.974,-1,-1,-1
151,1262,697.87,531.82,58.61,138.76,0.9729,-1,-1,-1
151,1242,1722.16,581.02,51.27,165.56,0.97,-1,-1,-1
151,1376,218.67,269.79,46.87,86.13,0.9695,-1,-1,-1
151,1309,1538.65,271.45,44.74,86.09,0.9687,-1,-1,-1
151,1398,910.93,312.29,48.57,88.49,0.9672,-1,-1,-1
151,1253,864.43,338.8,41.83,97.98,0.9663,-1,-1,-1
151,1395,1768.29,314.03,37.44,104.18,0.965,-1,-1,-1
151,1394,1203.4,342.7,41.5,99.82,0.9611,-1,-1,-1
151,1243,1338.52,342.84,37.36,102.49,0.9587,-1,-1,-1
151,1383,1705.05,312.62,27.42,97.49,0.9454,-1,-1,-1
151,1396,1044.14,257.68,24.93,73.47,0.941,-1,-1,-1
151,1251,1151.01,876.2,79.17,193.84,0.9375,-1,-1,-1
151,1402,740.91,224.95,22.81,67.0,0.9365,-1,-1,-1
151,1418,1200.99,213.36,20.42,60.05,0.8688,-1,-1,-1
151,1421,1897.5,480.89,21.78,127.65,0.7471,-1,-1,-1
152,1369,446.75,525.01,74.51,146.62,0.9767,-1,-1,-1
152,1382,1196.4,497.17,46.72,147.01,0.9754,-1,-1,-1
152,1398,905.4,311.4,49.35,89.23,0.9715,-1,-1,-1
152,1262,696.82,530.86,54.05,138.56,0.9703,-1,-1,-1
152,1309,1538.21,270.33,44.71,86.22,0.9679,-1,-1,-1
152,1253,863.99,338.32,41.85,97.54,0.9675,-1,-1,-1
152,1394,1200.45,341.49,40.8,99.81,0.9673,-1,-1,-1
152,1242,1724.15,577.71,47.73,169.1,0.9663,-1,-1,-1
152,1376,217.5,268.08,46.0,86.15,0.9662,-1,-1,-1
152,1395,1765.96,312.72,37.02,103.49,0.9633,-1,-1,-1
152,1243,1338.5,340.8,37.6,104.41,0.9631,-1,-1,-1
152,1396,1041.26,256.09,22.48,73.72,0.9461,-1,-1,-1
152,1251,1146.53,875.82,78.73,193.71,0.9325,-1,-1,-1
152,1383,1702.53,310.61,24.24,97.3,0.9311,-1,-1,-1
152,1402,740.09,223.63,22.65,67.85,0.9309,-1,-1,-1
152,1418,1200.43,212.68,20.19,60.78,0.8788,-1,-1,-1
152,1421,1898.36,480.9,21.01,126.31,0.8028,-1,-1,-1
153,1369,447.07,523.79,78.99,146.21,0.9793,-1,-1,-1
153,1382,1196.65,500.75,47.67,142.57,0.9759,-1,-1,-1
153,1262,696.07,529.76,52.75,138.96,0.9723,-1,-1,-1
153,1253,864.23,336.9,41.4,97.56,0.9671,-1,-1,-1
153,1309,1537.68,269.49,44.83,86.1,0.9669,-1,-1,-1
153,1376,215.87,265.7,43.72,86.63,0.9664,-1,-1,-1
153,1242,1723.05,575.72,46.84,171.43,0.9648,-1,-1,-1
153,1243,1338.45,339.29,37.9,104.33,0.9635,-1,-1,-1
153,1398,901.22,312.41,48.16,86.67,0.9598,-1,-1,-1
153,1395,1764.89,310.31,36.42,104.95,0.9581,-1,-1,-1
153,1394,1199.72,340.62,36.13,99.53,0.9523,-1,-1,-1
153,1383,1697.36,309.55,27.31,98.95,0.9505,-1,-1,-1
153,1396,1036.47,255.63,25.0,72.82,0.9412,-1,-1,-1
153,1402,739.69,223.64,21.67,66.7,0.9279,-1,-1,-1
153,1251,1141.99,879.99,78.89,188.33,0.9216,-1,-1,-1
153,1421,1899.68,482.04,19.87,124.06,0.8481,-1,-1,-1
153,1418,1199.65,212.4,19.82,59.61,0.7635,-1,-1,-1
154,1369,445.79,522.19,81.25,147.3,0.9798,-1,-1,-1
154,1382,1195.6,501.44,48.42,141.18,0.9764,-1,-1,-1
154,1262,695.24,529.0,52.96,138.91,0.9721,-1,-1,-1
154,1376,214.21,264.83,44.54,87.11,0.9688,-1,-1,-1
154,1309,1537.27,269.02,44.72,85.93,0.9658,-1,-1,-1
154,1253,864.49,336.79,41.41,96.8,0.9657,-1,-1,-1
154,1242,1722.23,574.95,46.59,172.19,0.9634,-1,-1,-1
154,1243,1338.47,338.87,37.88,103.74,0.9632,-1,-1,-1
154,1398,898.04,312.5,45.98,83.0,0.9541,-1,-1,-1
154,1395,1764.3,309.63,35.63,104.88,0.9527,-1,-1,-1
154,1383,1695.76,309.61,27.99,98.57,0.9496,-1,-1,-1
154,1396,1034.52,255.13,26.4,72.68,0.9454,-1,-1,-1
154,1402,739.52,224.31,21.07,65.34,0.9257,-1,-1,-1
154,1251,1138.76,880.5,79.46,186.85,0.912,-1,-1,-1
154,1394,1198.46,338.95,34.41,101.14,0.9101,-1,-1,-1
154,1421,1899.51,482.49,20.03,123.69,0.8474,-1,-1,-1
154,1418,1198.88,212.06,19.31,59.93,0.7366,-1,-1,-1
155,1382,1195.01,499.88,48.99,141.95,0.9764,-1,-1,-1
155,1262,682.27,526.26,64.3,139.88,0.9751,-1,-1,-1
155,1369,443.88,516.85,82.99,149.75,0.9713,-1,-1,-1
155,1309,1536.39,267.04,44.88,85.74,0.9686,-1,-1,-1
155,1243,1337.45,336.87,38.46,103.65,0.9657,-1,-1,-1
155,1376,211.26,263.95,42.3,86.77,0.9644,-1,-1,-1
155,1242,1718.91,572.46,47.46,173.6,0.9606,-1,-1,-1
155,1253,866.02,336.58,40.33,94.29,0.9591,-1,-1,-1
155,1395,1762.96,306.76,34.56,105.35,0.952,-1,-1,-1
155,1396,1029.06,255.44,31.07,70.32,0.9519,-1,-1,-1
155,1383,1687.79,308.15,34.9,98.75,0.9391,-1,-1,-1
155,1402,737.71,221.45,21.14,66.44,0.9319,-1,-1,-1
155,1251,1131.03,873.0,85.31,189.58,0.9319,-1,-1,-1
155,1398,892.72,314.28,39.0,73.74,0.886,-1,-1,-1
155,1421,1901.43,483.44,18.31,121.46,0.8555,-1,-1,-1
155,1394,1193.63,336.37,31.91,101.36,0.735,-1,-1,-1
156,1382,1193.93,497.45,49.33,145.2,0.9764,-1,-1,-1
156,1262,675.72,523.6,68.74,141.38,0.9741,-1,-1,-1
156,1309,1533.91,264.17,45.04,85.22,0.9707,-1,-1,-1
156,1376,208.25,260.29,40.82,87.02,0.9665,-1,-1,-1
156,1243,1336.29,334.33,37.98,103.86,0.966,-1,-1,-1
156,1242,1710.11,570.52,53.3,173.26,0.9659,-1,-1,-1
156,1369,440.53,510.92,81.91,151.33,0.9649,-1,-1,-1
156,1383,1677.59,309.55,41.1,94.64,0.9633,-1,-1,-1
156,1253,863.89,334.77,39.02,92.91,0.9604,-1,-1,-1
156,1251,1124.55,872.17,87.01,193.82,0.9553,-1,-1,-1
156,1396,1024.71,253.61,33.99,69.25,0.9539,-1,-1,-1
156,1395,1759.66,303.35,35.15,107.52,0.9466,-1,-1,-1
156,1394,1189.74,334.04,31.79,100.11,0.9438,-1,-1,-1
156,1402,734.85,219.41,21.3,65.79,0.927,-1,-1,-1
156,1421,1898.51,483.47,21.18,119.07,0.8407,-1,-1,-1
156,1398,883.39,308.72,34.66,80.68,0.8336,-1,-1,-1
157,1382,1193.11,496.1,49.41,146.95,0.9757,-1,-1,-1
157,1262,673.63,521.8,70.45,144.21,0.974,-1,-1,-1
157,1383,1673.36,304.26,43.91,97.7,0.9725,-1,-1,-1
157,1309,1532.64,262.48,44.87,84.93,0.9708,-1,-1,-1
157,1369,440.15,508.99,77.62,152.06,0.9696,-1,-1,-1
157,1243,1335.24,332.43,38.17,104.66,0.9683,-1,-1,-1
157,1376,205.99,259.28,39.8,86.05,0.9672,-1,-1,-1
157,1242,1704.72,567.81,56.7,174.3,0.9635,-1,-1,-1
157,1253,862.36,333.68,38.77,92.19,0.9616,-1,-1,-1
157,1396,1021.79,251.86,35.9,68.61,0.9583,-1,-1,-1
157,1395,1757.44,301.6,35.6,107.33,0.9539,-1,-1,-1
157,1251,1110.96,877.44,101.04,186.19,0.9519,-1,-1,-1
157,1398,879.05,306.22,33.85,82.11,0.9126,-1,-1,-1
157,1421,1897.72,482.94,21.98,117.76,0.823,-1,-1,-1
157,1402,733.13,216.83,21.47,66.93,0.7435,-1,-1,-1
157,1418,1190.47,202.45,20.67,62.49,0.4814,-1,-1,-1
158,1369,440.6,503.65,65.89,155.01,0.9811,-1,-1,-1
158,1382,1192.06,491.23,47.94,149.88,0.9734,-1,-1,-1
158,1262,667.87,520.51,72.8,142.49,0.9724,-1,-1,-1
158,1383,1667.86,301.53,43.83,95.91,0.9722,-1,-1,-1
158,1243,1331.68,328.51,39.62,104.76,0.9707,-1,-1,-1
158,1309,1529.79,258.86,44.73,84.87,0.9678,-1,-1,-1
158,1395,1748.39,298.87,40.35,104.65,0.9649,-1,-1,-1
158,1376,200.87,253.34,39.41,88.81,0.9633,-1,-1,-1
158,1242,1692.99,563.97,65.32,174.72,0.9628,-1,-1,-1
158,1396,1015.21,245.77,40.16,71.41,0.9609,-1,-1,-1
158,1253,858.51,329.55,38.89,92.68,0.9594,-1,-1,-1
158,1251,1101.81,870.65,101.53,192.4,0.9331,-1,-1,-1
158,1402,730.0,214.52,20.58,63.82,0.9131,-1,-1,-1
158,1421,1894.8,475.3,25.14,121.13,0.9077,-1,-1,-1
158,1398,871.27,300.94,33.93,64.15,0.8108,-1,-1,-1
158,1394,1181.41,327.11,33.11,102.05,0.5275,-1,-1,-1
158,1418,1188.27,197.38,19.3,63.37,0.3638,-1,-1,-1
159,1369,439.59,498.79,59.27,153.79,0.9725,-1,-1,-1
159,1383,1662.54,296.0,43.24,97.15,0.9713,-1,-1,-1
159,1382,1190.91,486.32,47.54,150.18,0.9713,-1,-1,-1
159,1262,664.0,518.61,72.2,139.35,0.9687,-1,-1,-1
159,1243,1326.89,324.69,40.8,104.56,0.9685,-1,-1,-1
159,1309,1525.67,252.52,45.1,87.29,0.9676,-1,-1,-1
159,1242,1678.83,557.24,75.63,179.37,0.9662,-1,-1,-1
159,1253,850.98,324.31,42.95,93.87,0.9661,-1,-1,-1
159,1376,195.33,249.94,37.99,88.25,0.9655,-1,-1,-1
159,1395,1741.11,292.24,42.8,107.21,0.9573,-1,-1,-1
159,1396,1010.02,242.99,40.47,68.55,0.9551,-1,-1,-1
159,1421,1890.27,473.56,29.71,119.68,0.9323,-1,-1,-1
159,1402,724.56,210.09,20.67,63.1,0.9167,-1,-1,-1
159,1251,1086.89,871.83,118.49,187.3,0.9019,-1,-1,-1
159,1398,859.95,294.38,37.67,79.07,0.8627,-1,-1,-1
159,1394,1174.11,322.59,34.55,100.92,0.8419,-1,-1,-1
159,1418,1183.81,193.24,19.82,61.15,0.6852,-1,-1,-1
160,1382,1188.71,484.67,48.89,150.96,0.9737,-1,-1,-1
160,1369,438.01,496.56,58.87,153.33,0.9731,-1,-1,-1
160,1395,1735.85,289.59,44.93,106.49,0.9689,-1,-1,-1
160,1309,1523.21,250.27,45.34,85.98,0.9687,-1,-1,-1
160,1383,1660.06,293.03,42.65,98.2,0.968,-1,-1,-1
160,1262,660.5,516.16,73.48,140.54,0.9678,-1,-1,-1
160,1242,1672.68,555.44,80.68,177.91,0.9653,-1,-1,-1
160,1253,845.99,321.74,45.69,94.17,0.9629,-1,-1,-1
160,1243,1324.23,322.48,40.82,103.32,0.9628,-1,-1,-1
160,1376,192.35,245.36,36.51,91.17,0.9595,-1,-1,-1
160,1396,1007.6,241.09,40.11,68.19,0.9585,-1,-1,-1
160,1421,1886.54,472.61,33.09,116.99,0.9356,-1,-1,-1
160,1251,1080.96,873.09,122.59,186.47,0.8957,-1,-1,-1
160,1402,722.03,205.24,21.27,66.32,0.8433,-1,-1,-1
160,1398,854.15,290.01,36.81,73.71,0.8257,-1,-1,-1
160,1394,1170.69,319.75,34.62,101.51,0.7318,-1,-1,-1
161,1382,1185.97,480.23,48.0,152.71,0.9765,-1,-1,-1
161,1369,430.99,488.71,59.95,156.18,0.9756,-1,-1,-1
161,1262,654.97,510.83,73.41,140.05,0.9742,-1,-1,-1
161,1243,1318.7,317.02,41.7,102.31,0.9701,-1,-1,-1
161,1383,1654.55,286.55,40.39,97.8,0.9697,-1,-1,-1
161,1309,1517.96,243.24,45.77,86.93,0.969,-1,-1,-1
161,1253,839.83,317.7,45.5,92.85,0.964,-1,-1,-1
161,1242,1655.85,551.66,97.88,173.05,0.9628,-1,-1,-1
161,1395,1729.66,283.36,45.19,107.51,0.9608,-1,-1,-1
161,1421,1879.97,467.52,39.12,113.85,0.9606,-1,-1,-1
161,1396,1000.13,232.75,40.33,70.55,0.951,-1,-1,-1
161,1376,185.07,240.26,36.33,88.58,0.9504,-1,-1,-1
161,1402,716.32,199.94,21.09,65.05,0.8888,-1,-1,-1
161,1394,1157.84,314.49,41.17,101.22,0.8426,-1,-1,-1
161,1398,844.34,284.72,34.98,54.11,0.8219,-1,-1,-1
161,1251,1070.43,869.55,101.1,185.17,0.6872,-1,-1,-1
162,1382,1181.5,475.91,49.03,151.7,0.9749,-1,-1,-1
162,1262,650.25,502.98,72.31,143.94,0.9719,-1,-1,-1
162,1369,424.32,483.35,60.08,154.18,0.9713,-1,-1,-1
162,1243,1311.11,311.45,44.43,102.86,0.9708,-1,-1,-1
162,1253,831.28,309.93,47.93,93.65,0.9702,-1,-1,-1
162,1309,1512.19,237.25,45.83,85.92,0.9672,-1,-1,-1
162,1394,1148.11,307.89,44.74,100.92,0.9653,-1,-1,-1
162,1383,1647.71,280.24,36.72,95.88,0.96,-1,-1,-1
162,1395,1721.85,277.11,44.5,107.25,0.9546,-1,-1,-1
162,1396,993.78,226.2,39.43,71.14,0.9528,-1,-1,-1
162,1376,177.89,233.55,33.22,89.74,0.9489,-1,-1,-1
162,1242,1643.07,546.89,106.99,171.09,0.9426,-1,-1,-1
162,1421,1873.19,455.15,45.59,118.61,0.9188,-1,-1,-1
162,1398,833.66,279.81,37.9,66.39,0.7894,-1,-1,-1
162,1402,709.47,193.52,20.99,65.61,0.6835,-1,-1,-1
162,1251,1057.81,856.66,107.15,201.67,0.5698,-1,-1,-1
163,1369,419.56,476.69,61.32,159.74,0.9795,-1,-1,-1
163,1382,1178.44,474.2,50.28,149.44,0.9757,-1,-1,-1
163,1262,647.58,499.79,73.4,144.75,0.9727,-1,-1,-1
163,1243,1308.07,308.95,45.14,103.28,0.9724,-1,-1,-1
163,1253,827.73,307.5,48.1,92.75,0.9706,-1,-1,-1
163,1309,1508.44,234.39,45.94,84.76,0.9699,-1,-1,-1
163,1395,1718.69,273.03,44.93,106.95,0.9599,-1,-1,-1
163,1421,1870.82,448.8,47.82,120.82,0.9598,-1,-1,-1
163,1376,173.87,231.12,33.05,88.28,0.9517,-1,-1,-1
163,1396,990.26,222.66,38.02,70.89,0.9516,-1,-1,-1
163,1383,1643.9,276.94,35.87,95.25,0.9393,-1,-1,-1
163,1242,1638.06,541.74,106.6,177.31,0.9363,-1,-1,-1
163,1394,1144.1,304.54,45.58,102.86,0.9197,-1,-1,-1
163,1402,705.67,190.79,22.05,64.37,0.9015,-1,-1,-1
163,1398,827.35,276.77,39.01,69.36,0.8378,-1,-1,-1
163,1251,1048.48,854.35,100.08,197.17,0.5534,-1,-1,-1
164,1369,412.39,472.29,60.65,156.15,0.9753,-1,-1,-1
164,1243,1300.6,302.12,47.14,104.14,0.975,-1,-1,-1
164,1262,641.12,492.68,73.77,145.89,0.9721,-1,-1,-1
164,1394,1136.16,299.05,46.02,99.65,0.9672,-1,-1,-1
164,1309,1501.83,227.13,45.94,85.8,0.9661,-1,-1,-1
164,1253,821.42,300.52,47.14,92.76,0.9642,-1,-1,-1
164,1421,1866.27,439.94,53.71,124.7,0.964,-1,-1,-1
164,1395,1711.26,265.49,43.92,105.83,0.9636,-1,-1,-1
164,1382,1174.85,467.21,50.08,149.81,0.9559,-1,-1,-1
164,1383,1635.78,268.62,36.44,96.3,0.9503,-1,-1,-1
164,1242,1628.9,536.46,107.62,175.52,0.9468,-1,-1,-1
164,1376,165.49,224.64,32.24,87.45,0.9445,-1,-1,-1
164,1396,984.2,216.02,34.94,70.19,0.9416,-1,-1,-1
164,1402,697.35,180.51,23.57,68.2,0.9002,-1,-1,-1
164,1398,813.93,272.41,34.68,89.22,0.7422,-1,-1,-1
164,1251,1039.32,849.54,100.56,199.98,0.5778,-1,-1,-1
165,1369,404.84,465.08,61.71,157.3,0.9788,-1,-1,-1
165,1382,1169.24,462.92,50.1,146.27,0.9748,-1,-1,-1
165,1421,1863.94,430.87,55.53,128.26,0.9701,-1,-1,-1
165,1262,634.05,487.9,76.6,146.03,0.9699,-1,-1,-1
165,1394,1129.07,292.05,44.42,100.61,0.9677,-1,-1,-1
165,1309,1494.47,219.9,45.81,86.93,0.9674,-1,-1,-1
165,1253,814.99,293.81,46.35,93.8,0.9642,-1,-1,-1
165,1243,1294.5,296.15,47.31,103.35,0.9628,-1,-1,-1
165,1395,1704.19,259.84,43.69,105.15,0.9602,-1,-1,-1
165,1376,156.53,216.37,32.53,89.87,0.9472,-1,-1,-1
165,1396,975.97,207.7,32.46,73.08,0.9453,-1,-1,-1
165,1383,1627.89,263.03,35.58,95.39,0.9356,-1,-1,-1
165,1242,1614.42,534.28,118.91,165.6,0.9196,-1,-1,-1
165,1402,690.08,177.73,23.07,63.9,0.9144,-1,-1,-1
165,1398,803.42,267.07,31.93,82.68,0.7584,-1,-1,-1
165,1251,1029.06,842.7,104.22,203.28,0.5575,-1,-1,-1
166,1382,1167.05,458.78,49.3,148.19,0.9775,-1,-1,-1
166,1243,1291.2,292.9,48.35,103.02,0.9771,-1,-1,-1
166,1421,1862.54,426.54,55.86,130.18,0.974,-1,-1,-1
166,1262,631.43,485.41,78.13,145.31,0.9737,-1,-1,-1
166,1309,1491.24,216.47,45.51,86.34,0.9688,-1,-1,-1
166,1253,810.26,291.61,46.83,92.5,0.9687,-1,-1,-1
166,1394,1125.06,289.23,43.82,99.7,0.9684,-1,-1,-1
166,1395,1700.27,256.32,42.34,105.95,0.9619,-1,-1,-1
166,1383,1622.69,259.2,36.47,96.27,0.9491,-1,-1,-1
166,1376,151.64,215.46,32.74,87.27,0.9325,-1,-1,-1
166,1396,973.06,207.02,30.19,70.23,0.932,-1,-1,-1
166,1242,1611.01,530.9,116.51,168.54,0.9227,-1,-1,-1
166,1369,402.42,461.4,60.1,157.04,0.8996,-1,-1,-1
166,1402,685.4,176.04,22.55,62.15,0.8869,-1,-1,-1
166,1398,796.53,262.87,32.14,86.88,0.8096,-1,-1,-1
166,1251,1024.98,837.66,105.67,205.52,0.5623,-1,-1,-1
167,1369,393.19,454.56,62.52,160.19,0.9793,-1,-1,-1
167,1243,1286.3,285.9,48.85,103.58,0.9753,-1,-1,-1
167,1421,1863.38,417.27,55.73,136.74,0.9751,-1,-1,-1
167,1382,1161.15,452.39,50.53,151.01,0.9744,-1,-1,-1
167,1262,627.78,480.98,77.48,144.61,0.974,-1,-1,-1
167,1253,802.54,282.52,47.53,95.86,0.9707,-1,-1,-1
167,1309,1483.84,211.52,45.52,84.36,0.969,-1,-1,-1
167,1395,1693.09,249.97,42.07,105.56,0.9619,-1,-1,-1
167,1394,1119.09,282.54,40.18,101.74,0.9575,-1,-1,-1
167,1242,1603.08,523.82,109.18,170.82,0.9523,-1,-1,-1
167,1396,967.04,202.51,28.35,69.03,0.9341,-1,-1,-1
167,1376,143.32,208.16,30.8,90.14,0.9317,-1,-1,-1
167,1383,1615.6,251.78,35.31,97.37,0.9208,-1,-1,-1
167,1402,677.51,167.97,24.03,64.45,0.9157,-1,-1,-1
167,1398,784.48,256.7,28.85,82.54,0.8293,-1,-1,-1
167,1251,1012.71,834.33,109.01,200.86,0.5703,-1,-1,-1
168,1382,1155.23,448.38,51.1,151.1,0.9763,-1,-1,-1
168,1369,386.84,450.17,61.22,157.35,0.9737,-1,-1,-1
168,1243,1282.51,279.84,49.77,104.5,0.9735,-1,-1,-1
168,1262,625.2,477.54,77.8,143.37,0.9731,-1,-1,-1
168,1421,1864.85,411.5,53.12,137.54,0.9706,-1,-1,-1
168,1309,1476.65,204.35,45.85,86.58,0.9654,-1,-1,-1
168,1253,795.68,275.16,46.89,96.43,0.9648,-1,-1,-1
168,1395,1684.27,241.91,43.21,107.82,0.9558,-1,-1,-1
168,1383,1606.39,244.79,36.35,97.52,0.9443,-1,-1,-1
168,1394,1112.95,276.49,36.67,100.57,0.9383,-1,-1,-1
168,1242,1589.49,517.72,118.46,169.17,0.9296,-1,-1,-1
168,1396,959.52,194.22,27.5,70.82,0.9256,-1,-1,-1
168,1376,134.7,203.39,31.32,89.28,0.9203,-1,-1,-1
168,1402,669.27,160.16,24.38,66.99,0.9136,-1,-1,-1
168,1398,771.76,251.29,30.3,88.65,0.8357,-1,-1,-1
168,1251,969.47,844.12,163.12,169.55,0.756,-1,-1,-1
169,1369,382.41,448.39,62.51,154.08,0.9791,-1,-1,-1
169,1382,1152.2,446.44,52.12,150.72,0.9737,-1,-1,-1
169,1243,1280.38,276.97,49.94,104.64,0.9736,-1,-1,-1
169,1421,1863.39,406.52,54.34,140.47,0.9732,-1,-1,-1
169,1262,625.08,474.95,77.67,141.54,0.9731,-1,-1,-1
169,1309,1473.58,202.03,45.93,84.71,0.9692,-1,-1,-1
169,1253,792.51,271.02,46.47,98.58,0.9668,-1,-1,-1
169,1383,1600.73,242.16,38.3,96.66,0.9624,-1,-1,-1
169,1395,1679.6,240.62,44.13,106.6,0.9617,-1,-1,-1
169,1376,130.06,199.13,31.81,89.39,0.9533,-1,-1,-1
169,1396,956.22,192.31,27.53,69.79,0.9372,-1,-1,-1
169,1242,1587.55,516.04,116.41,164.6,0.9289,-1,-1,-1
169,1402,666.18,157.49,24.69,66.57,0.9255,-1,-1,-1
169,1251,979.21,839.54,132.09,167.84,0.8551,-1,-1,-1
169,1398,767.65,250.19,29.33,88.4,0.8507,-1,-1,-1
169,1394,1109.23,273.37,35.98,99.18,0.8343,-1,-1,-1
170,1421,1860.55,399.64,57.22,141.32,0.9758,-1,-1,-1
170,1243,1277.06,270.8,49.63,106.29,0.9743,-1,-1,-1
170,1262,625.53,473.27,76.11,136.49,0.9737,-1,-1,-1
170,1253,784.85,264.66,46.14,97.75,0.9726,-1,-1,-1
170,1395,1670.94,233.35,45.75,107.17,0.9717,-1,-1,-1
170,1309,1467.21,193.96,45.29,86.64,0.9685,-1,-1,-1
170,1383,1589.1,235.63,42.57,96.81,0.968,-1,-1,-1
170,1369,375.96,440.51,62.96,155.11,0.9568,-1,-1,-1
170,1394,1099.8,266.31,37.69,100.97,0.956,-1,-1,-1
170,1242,1579.54,507.6,112.09,167.77,0.9522,-1,-1,-1
170,1376,122.41,192.17,31.82,91.21,0.9509,-1,-1,-1
170,1382,1148.31,440.21,52.65,151.49,0.943,-1,-1,-1
170,1396,947.34,183.81,28.53,73.32,0.9376,-1,-1,-1
170,1251,968.07,835.15,117.74,158.93,0.9293,-1,-1,-1
170,1398,753.28,244.99,36.04,88.98,0.9261,-1,-1,-1
170,1402,659.09,151.21,24.63,67.0,0.9136,-1,-1,-1
171,1421,1855.71,394.5,61.05,141.71,0.9759,-1,-1,-1
171,1369,369.03,435.39,66.08,155.85,0.9757,-1,-1,-1
171,1382,1143.45,435.91,53.07,154.38,0.9747,-1,-1,-1
171,1262,633.04,467.64,70.25,136.87,0.9747,-1,-1,-1
171,1243,1274.01,265.63,49.18,106.63,0.973,-1,-1,-1
171,1253,778.62,258.01,44.65,98.89,0.9716,-1,-1,-1
171,1395,1661.63,227.44,46.3,109.22,0.9712,-1,-1,-1
171,1309,1460.21,189.41,44.36,85.22,0.9694,-1,-1,-1
171,1383,1582.78,229.84,39.62,97.35,0.9621,-1,-1,-1
171,1398,740.78,239.15,41.0,92.52,0.9576,-1,-1,-1
171,1376,116.76,188.5,31.81,89.06,0.9473,-1,-1,-1
171,1242,1570.34,505.5,114.12,161.73,0.9454,-1,-1,-1
171,1251,954.89,832.17,102.78,158.27,0.9438,-1,-1,-1
171,1396,939.73,180.14,29.14,70.66,0.9372,-1,-1,-1
171,1394,1092.07,261.08,39.25,101.89,0.9358,-1,-1,-1
171,1402,654.03,146.66,24.43,66.14,0.9151,-1,-1,-1
172,1421,1852.33,392.36,61.61,142.02,0.9772,-1,-1,-1
172,1369,365.68,432.92,66.27,154.31,0.9771,-1,-1,-1
172,1262,633.55,465.07,69.82,137.1,0.9748,-1,-1,-1
172,1382,1140.7,433.18,53.11,157.03,0.9736,-1,-1,-1
172,1253,775.35,255.86,44.55,98.75,0.9713,-1,-1,-1
172,1243,1271.96,262.42,49.73,106.24,0.9713,-1,-1,-1
172,1309,1456.17,186.77,45.59,85.29,0.9656,-1,-1,-1
172,1395,1658.15,224.07,46.02,107.62,0.9643,-1,-1,-1
172,1383,1577.66,227.29,40.08,97.28,0.9593,-1,-1,-1
172,1394,1088.35,257.92,39.76,101.96,0.9566,-1,-1,-1
172,1376,114.46,185.23,30.65,90.23,0.9562,-1,-1,-1
172,1398,735.21,238.8,44.58,91.63,0.9461,-1,-1,-1
172,1242,1572.01,501.27,107.06,165.07,0.9452,-1,-1,-1
172,1251,950.78,831.53,98.58,156.09,0.9437,-1,-1,-1
172,1396,935.75,179.45,29.99,68.92,0.9419,-1,-1,-1
172,1402,651.29,145.26,24.14,64.53,0.9256,-1,-1,-1
172,1426,1113.56,131.28,18.65,58.55,0.5496,-1,-1,-1
173,1369,359.73,427.27,64.4,154.15,0.9772,-1,-1,-1
173,1262,630.69,457.62,72.07,142.35,0.9762,-1,-1,-1
173,1243,1264.87,259.44,51.61,103.79,0.9753,-1,-1,-1
173,1421,1846.14,390.38,60.7,138.56,0.975,-1,-1,-1
173,1382,1136.13,430.96,53.17,153.8,0.9728,-1,-1,-1
173,1395,1649.49,219.35,45.16,107.46,0.9726,-1,-1,-1
173,1309,1449.53,181.48,45.17,85.35,0.97,-1,-1,-1
173,1383,1570.72,222.31,38.53,97.54,0.9616,-1,-1,-1
173,1253,767.02,250.21,44.79,98.32,0.9602,-1,-1,-1
173,1376,109.62,179.24,30.54,90.52,0.9555,-1,-1,-1
173,1242,1563.62,497.05,105.09,163.69,0.9467,-1,-1,-1
173,1251,945.01,813.33,91.05,163.29,0.945,-1,-1,-1
173,1396,929.74,173.31,30.08,70.41,0.9441,-1,-1,-1
173,1402,644.35,136.36,26.22,69.0,0.9244,-1,-1,-1
173,1398,726.29,234.68,37.16,90.38,0.8721,-1,-1,-1
173,1394,1081.45,253.66,39.35,100.94,0.8181,-1,-1,-1
173,1426,1107.69,122.43,19.2,61.39,0.6726,-1,-1,-1
174,1262,627.46,451.58,76.65,143.98,0.9787,-1,-1,-1
174,1243,1259.35,255.67,52.53,104.28,0.9744,-1,-1,-1
174,1369,353.0,421.66,60.8,154.12,0.9735,-1,-1,-1
174,1382,1131.88,428.35,50.96,150.85,0.9713,-1,-1,-1
174,1421,1837.42,390.16,63.74,135.83,0.9707,-1,-1,-1
174,1394,1072.4,248.93,42.71,102.49,0.9704,-1,-1,-1
174,1395,1642.1,213.92,43.68,106.79,0.9678,-1,-1,-1
174,1309,1442.55,176.92,44.31,84.97,0.9661,-1,-1,-1
174,1253,759.64,245.11,44.01,98.98,0.9647,-1,-1,-1
174,1242,1551.49,491.83,110.14,158.22,0.9644,-1,-1,-1
174,1383,1562.3,217.35,38.56,97.26,0.9642,-1,-1,-1
174,1251,928.3,808.3,95.2,166.41,0.9505,-1,-1,-1
174,1376,105.06,175.69,30.27,89.12,0.9504,-1,-1,-1
174,1396,924.16,168.25,28.69,70.35,0.9379,-1,-1,-1
174,1402,640.37,135.16,24.15,65.01,0.9204,-1,-1,-1
174,1398,712.11,230.89,34.27,89.55,0.91,-1,-1,-1
175,1262,627.33,448.04,76.97,145.38,0.9771,-1,-1,-1
175,1369,349.06,418.3,58.31,155.01,0.9745,-1,-1,-1
175,1382,1130.17,426.89,49.75,149.3,0.9744,-1,-1,-1
175,1421,1831.78,388.97,67.06,135.59,0.9731,-1,-1,-1
175,1243,1255.91,253.81,53.37,103.45,0.9724,-1,-1,-1
175,1383,1557.02,214.94,39.35,97.44,0.9671,-1,-1,-1
175,1309,1438.11,175.04,44.79,84.61,0.9671,-1,-1,-1
175,1395,1636.83,213.07,44.29,105.73,0.967,-1,-1,-1
175,1394,1068.88,247.17,42.0,101.63,0.9652,-1,-1,-1
175,1253,756.55,243.08,44.52,99.07,0.9621,-1,-1,-1
175,1376,102.22,173.35,30.2,89.92,0.9578,-1,-1,-1
175,1242,1551.69,487.27,104.11,164.01,0.9472,-1,-1,-1
175,1251,917.99,803.82,103.96,170.15,0.9418,-1,-1,-1
175,1396,922.28,165.49,26.66,71.02,0.9332,-1,-1,-1
175,1402,637.63,135.71,23.61,62.39,0.9213,-1,-1,-1
175,1398,707.32,230.24,35.12,86.92,0.8985,-1,-1,-1
175,1426,1098.16,118.53,20.07,60.11,0.6794,-1,-1,-1
176,1262,626.97,443.5,75.91,145.19,0.98,-1,-1,-1
176,1369,342.61,413.17,48.35,154.97,0.978,-1,-1,-1
176,1243,1250.08,249.4,54.32,104.19,0.9705,-1,-1,-1
176,1394,1059.89,243.98,45.29,100.7,0.9703,-1,-1,-1
176,1382,1126.43,420.31,48.87,150.53,0.9701,-1,-1,-1
176,1421,1822.94,386.48,78.26,133.64,0.9694,-1,-1,-1
176,1395,1629.52,208.86,41.78,105.29,0.9683,-1,-1,-1
176,1309,1430.91,170.52,44.56,84.56,0.9658,-1,-1,-1
176,1253,751.59,239.2,42.76,97.26,0.9654,-1,-1,-1
176,1383,1547.98,210.66,38.8,96.19,0.9639,-1,-1,-1
176,1376,96.67,168.19,31.27,90.59,0.9554,-1,-1,-1
176,1242,1539.18,485.18,111.02,156.74,0.943,-1,-1,-1
176,1396,917.09,160.83,25.13,72.54,0.9428,-1,-1,-1
176,1251,897.83,803.51,109.21,168.95,0.938,-1,-1,-1
176,1398,697.48,225.53,36.07,89.57,0.9155,-1,-1,-1
176,1402,631.56,131.07,24.08,63.38,0.9148,-1,-1,-1
176,1426,1090.9,113.16,21.41,62.03,0.7738,-1,-1,-1
177,1421,1813.25,383.63,88.65,129.62,0.9788,-1,-1,-1
177,1262,628.95,439.65,73.65,144.6,0.9782,-1,-1,-1
177,1382,1123.87,415.35,47.5,150.51,0.9727,-1,-1,-1
177,1394,1053.73,240.04,45.23,101.83,0.9717,-1,-1,-1
177,1243,1243.5,244.45,55.51,104.36,0.9705,-1,-1,-1
177,1309,1423.47,165.96,44.47,84.11,0.97,-1,-1,-1
177,1383,1537.33,206.45,39.6,95.89,0.9676,-1,-1,-1
177,1395,1620.21,204.62,42.57,104.07,0.9669,-1,-1,-1
177,1369,336.03,406.79,45.28,157.1,0.966,-1,-1,-1
177,1253,745.61,234.48,42.26,97.22,0.9642,-1,-1,-1
177,1242,1532.88,481.48,106.17,159.89,0.9538,-1,-1,-1
177,1398,687.56,216.13,36.23,92.58,0.9425,-1,-1,-1
177,1376,91.0,165.77,32.55,89.21,0.931,-1,-1,-1
177,1396,910.38,154.94,26.11,75.19,0.9265,-1,-1,-1
177,1402,626.0,122.73,23.74,67.34,0.9222,-1,-1,-1
177,1251,865.92,798.27,133.24,172.31,0.9174,-1,-1,-1
177,1426,1085.25,109.35,21.5,61.89,0.6903,-1,-1,-1
178,1421,1809.32,380.61,90.91,131.07,0.9791,-1,-1,-1
178,1262,631.07,437.3,72.49,146.41,0.9767,-1,-1,-1
178,1243,1241.13,242.35,55.22,104.45,0.975,-1,-1,-1
178,1394,1050.16,238.19,46.08,100.94,0.9741,-1,-1,-1
178,1382,1121.32,412.48,48.06,152.48,0.9723,-1,-1,-1
178,1383,1533.11,203.73,40.29,96.49,0.97,-1,-1,-1
178,1395,1616.6,202.64,42.03,103.41,0.97,-1,-1,-1
178,1369,332.26,404.58,45.19,157.71,0.9688,-1,-1,-1
178,1253,744.26,231.92,40.23,97.69,0.9653,-1,-1,-1
178,1309,1420.07,163.24,44.48,85.0,0.9652,-1,-1,-1
178,1376,88.64,162.03,32.02,90.76,0.9564,-1,-1,-1
178,1242,1530.43,480.67,104.77,158.15,0.9549,-1,-1,-1
178,1396,906.44,154.4,25.84,72.93,0.9421,-1,-1,-1
178,1251,865.4,800.17,129.33,164.46,0.9166,-1,-1,-1
178,1398,683.45,214.68,35.2,90.16,0.9098,-1,-1,-1
178,1402,622.92,124.92,25.06,63.42,0.8408,-1,-1,-1
178,1426,1081.52,108.99,22.05,58.8,0.8346,-1,-1,-1
179,1421,1799.86,376.08,93.54,132.06,0.9777,-1,-1,-1
179,1382,1119.09,405.98,47.29,155.96,0.9772,-1,-1,-1
179,1243,1237.02,237.32,53.9,104.58,0.975,-1,-1,-1
179,1369,323.55,402.76,47.55,153.02,0.9749,-1,-1,-1
179,1394,1044.29,234.35,46.15,100.76,0.9708,-1,-1,-1
179,1309,1413.39,158.92,43.54,84.85,0.9708,-1,-1,-1
179,1262,638.51,434.55,65.77,146.13,0.9685,-1,-1,-1
179,1383,1524.28,198.99,41.34,95.89,0.9667,-1,-1,-1
179,1395,1608.92,198.28,41.91,103.36,0.9649,-1,-1,-1
179,1253,738.39,228.25,38.66,97.44,0.9625,-1,-1,-1
179,1376,84.22,158.68,31.64,88.81,0.9539,-1,-1,-1
179,1396,899.61,148.33,26.88,74.94,0.9411,-1,-1,-1
179,1242,1519.65,477.69,110.4,155.1,0.9345,-1,-1,-1
179,1251,858.91,800.7,128.86,162.71,0.9245,-1,-1,-1
179,1402,617.7,120.85,23.88,63.13,0.8892,-1,-1,-1
179,1426,1076.25,103.04,23.69,60.16,0.8022,-1,-1,-1
179,1398,673.52,207.3,36.38,92.9,0.7429,-1,-1,-1
180,1369,315.64,400.82,50.53,149.8,0.9783,-1,-1,-1
180,1382,1115.65,403.78,49.41,154.1,0.9737,-1,-1,-1
180,1243,1237.58,232.26,48.34,105.12,0.9735,-1,-1,-1
180,1262,648.32,432.52,56.24,141.29,0.9718,-1,-1,-1
180,1394,1038.33,230.8,46.77,99.84,0.9713,-1,-1,-1
180,1421,1793.41,370.77,98.14,126.29,0.9703,-1,-1,-1
180,1383,1515.72,194.46,43.1,96.79,0.9678,-1,-1,-1
180,1395,1601.27,193.45,41.23,103.61,0.9665,-1,-1,-1
180,1398,662.89,204.71,38.47,95.79,0.9648,-1,-1,-1
180,1309,1406.84,155.21,43.65,84.28,0.9645,-1,-1,-1
180,1253,734.39,223.63,36.48,98.37,0.9623,-1,-1,-1
180,1376,80.19,154.33,32.05,89.5,0.9509,-1,-1,-1
180,1396,892.12,144.25,28.53,74.9,0.9459,-1,-1,-1
180,1242,1514.01,473.04,107.47,155.64,0.9446,-1,-1,-1
180,1251,864.44,792.49,102.18,162.11,0.9348,-1,-1,-1
180,1426,1071.07,99.82,24.53,58.32,0.8942,-1,-1,-1
180,1402,614.55,116.47,20.03,64.33,0.7907,-1,-1,-1
181,1262,654.96,430.73,50.66,139.75,0.9762,-1,-1,-1
181,1382,1114.24,402.72,49.46,152.35,0.9761,-1,-1,-1
181,1369,312.38,398.33,51.94,150.9,0.9742,-1,-1,-1
181,1243,1237.5,229.63,46.16,105.36,0.9737,-1,-1,-1
181,1394,1035.69,228.11,46.72,100.62,0.9714,-1,-1,-1
181,1383,1511.92,192.43,42.95,96.85,0.9707,-1,-1,-1
181,1309,1403.42,153.56,43.97,83.79,0.9692,-1,-1,-1
181,1395,1597.67,191.95,41.68,102.6,0.9666,-1,-1,-1
181,1421,1788.13,368.7,105.7,126.3,0.9647,-1,-1,-1
181,1398,657.8,203.36,39.71,95.97,0.9646,-1,-1,-1
181,1376,78.0,153.03,32.06,88.65,0.9573,-1,-1,-1
181,1242,1511.18,469.9,104.82,156.44,0.9542,-1,-1,-1
181,1253,731.99,220.42,36.91,99.7,0.9507,-1,-1,-1
181,1396,889.28,142.69,28.94,73.93,0.947,-1,-1,-1
181,1251,858.2,786.05,106.71,165.19,0.9279,-1,-1,-1
181,1426,1067.8,98.61,25.68,57.9,0.8697,-1,-1,-1
181,1402,610.54,117.11,21.2,61.59,0.7706,-1,-1,-1
182,1382,1110.41,400.92,49.53,149.69,0.9804,-1,-1,-1
182,1262,654.27,426.99,53.88,140.01,0.9759,-1,-1,-1
182,1383,1503.29,188.26,45.4,96.75,0.9724,-1,-1,-1
182,1369,304.91,392.9,56.41,151.51,0.9722,-1,-1,-1
182,1243,1238.22,225.3,41.24,105.68,0.9722,-1,-1,-1
182,1395,1590.11,187.75,42.2,103.23,0.9682,-1,-1,-1
182,1309,1397.03,148.94,43.56,83.93,0.9661,-1,-1,-1
182,1398,647.94,201.89,40.01,95.61,0.9625,-1,-1,-1
182,1376,74.97,148.59,31.09,89.9,0.9621,-1,-1,-1
182,1253,727.67,218.45,38.08,96.92,0.9617,-1,-1,-1
182,1394,1032.56,225.19,43.79,99.34,0.9586,-1,-1,-1
182,1421,1781.56,366.28,115.36,122.01,0.9563,-1,-1,-1
182,1396,883.2,136.52,30.27,76.55,0.9523,-1,-1,-1
182,1251,853.21,784.86,99.41,160.63,0.9519,-1,-1,-1
182,1242,1499.98,464.95,113.69,154.02,0.9439,-1,-1,-1
182,1426,1062.62,96.34,27.63,56.48,0.914,-1,-1,-1
182,1402,607.01,114.38,19.8,59.93,0.7243,-1,-1,-1
183,1369,291.25,388.38,67.47,153.02,0.9775,-1,-1,-1
183,1262,650.54,422.48,63.23,140.84,0.9774,-1,-1,-1
183,1382,1104.77,399.56,52.69,149.53,0.9769,-1,-1,-1
183,1383,1495.41,185.59,46.28,96.19,0.9746,-1,-1,-1
183,1309,1390.4,145.46,43.45,83.75,0.9682,-1,-1,-1
183,1243,1237.65,222.42,38.62,103.68,0.9673,-1,-1,-1
183,1395,1583.21,184.29,41.71,102.97,0.9668,-1,-1,-1
183,1253,723.54,213.8,37.73,96.51,0.9648,-1,-1,-1
183,1421,1783.02,366.06,111.39,118.02,0.9603,-1,-1,-1
183,1398,639.71,199.47,37.8,96.14,0.9595,-1,-1,-1
183,1394,1028.28,221.43,43.38,99.4,0.9565,-1,-1,-1
183,1396,878.27,134.93,29.48,74.94,0.9534,-1,-1,-1
183,1251,844.68,776.0,103.97,164.68,0.9476,-1,-1,-1
183,1376,71.55,147.3,30.53,88.1,0.9412,-1,-1,-1
183,1242,1494.52,462.46,114.65,150.73,0.9342,-1,-1,-1
183,1426,1057.6,90.03,28.26,60.43,0.9302,-1,-1,-1
183,1402,603.74,118.25,18.86,51.5,0.8137,-1,-1,-1
184,1369,287.31,388.35,69.83,151.82,0.9775,-1,-1,-1
184,1262,649.17,418.57,67.9,143.79,0.9763,-1,-1,-1
184,1383,1491.16,183.3,47.48,95.9,0.973,-1,-1,-1
184,1382,1101.73,397.76,55.49,151.22,0.9725,-1,-1,-1
184,1309,1386.85,143.64,43.98,83.89,0.9713,-1,-1,-1
184,1394,1025.88,218.91,43.47,100.51,0.9687,-1,-1,-1
184,1395,1579.35,182.61,42.41,102.35,0.9673,-1,-1,-1
184,1243,1236.48,220.37,38.09,103.59,0.9671,-1,-1,-1
184,1253,721.04,212.16,38.37,96.88,0.9667,-1,-1,-1
184,1421,1783.6,365.49,109.72,117.57,0.9633,-1,-1,-1
184,1251,847.26,769.29,95.87,162.19,0.9567,-1,-1,-1
184,1396,874.99,133.49,30.87,74.8,0.9558,-1,-1,-1
184,1242,1493.48,460.7,110.86,151.53,0.9373,-1,-1,-1
184,1376,68.95,147.11,30.58,87.06,0.9338,-1,-1,-1
184,1398,636.06,199.84,34.98,94.52,0.9143,-1,-1,-1
184,1426,1054.18,91.36,28.51,57.1,0.8741,-1,-1,-1
184,1402,600.23,109.26,21.26,60.22,0.7846,-1,-1,-1
185,1262,648.46,413.27,73.45,146.16,0.9767,-1,-1,-1
185,1369,280.11,385.35,71.4,149.91,0.975,-1,-1,-1
185,1383,1483.24,181.22,47.96,94.87,0.9742,-1,-1,-1
185,1421,1786.69,364.05,105.53,116.05,0.9726,-1,-1,-1
185,1382,1096.18,395.96,58.47,150.13,0.9724,-1,-1,-1
185,1395,1572.86,179.17,41.57,101.7,0.9687,-1,-1,-1
185,1309,1380.87,141.68,43.99,83.16,0.9673,-1,-1,-1
185,1243,1232.33,217.72,39.67,104.85,0.9669,-1,-1,-1
185,1253,717.0,209.9,38.91,97.79,0.9637,-1,-1,-1
185,1242,1490.85,457.52,105.89,151.65,0.9565,-1,-1,-1
185,1396,870.21,129.67,31.97,75.27,0.9548,-1,-1,-1
185,1394,1022.58,215.72,41.08,101.01,0.9451,-1,-1,-1
185,1251,827.73,758.87,117.21,169.79,0.9379,-1,-1,-1
185,1376,65.78,146.15,29.95,85.19,0.9344,-1,-1,-1
185,1426,1049.22,87.03,29.35,58.78,0.9208,-1,-1,-1
185,1398,627.29,202.02,33.14,87.74,0.9124,-1,-1,-1
185,1402,595.53,104.86,22.05,61.87,0.7504,-1,-1,-1
186,1421,1796.0,357.54,93.19,119.92,0.9811,-1,-1,-1
186,1382,1091.14,393.3,61.7,149.45,0.9781,-1,-1,-1
186,1369,275.26,383.81,73.88,150.0,0.9766,-1,-1,-1
186,1262,649.62,409.95,79.61,146.04,0.9763,-1,-1,-1
186,1383,1475.39,178.21,49.6,94.82,0.9726,-1,-1,-1
186,1395,1565.75,176.54,43.58,101.94,0.971,-1,-1,-1
186,1309,1373.62,138.1,45.19,83.78,0.9683,-1,-1,-1
186,1243,1228.5,215.34,40.44,103.78,0.9664,-1,-1,-1
186,1242,1484.86,455.52,107.49,152.55,0.9617,-1,-1,-1
186,1253,713.09,207.6,36.79,97.0,0.9552,-1,-1,-1
186,1396,865.99,128.13,33.99,74.42,0.9544,-1,-1,-1
186,1376,63.39,146.08,28.37,82.13,0.9176,-1,-1,-1
186,1398,619.06,196.21,31.62,91.17,0.9156,-1,-1,-1
186,1394,1019.69,213.19,39.51,100.74,0.912,-1,-1,-1
186,1251,801.76,753.21,151.94,174.23,0.8696,-1,-1,-1
186,1426,1044.23,89.8,28.73,54.58,0.8252,-1,-1,-1
186,1402,592.54,109.33,19.27,55.17,0.728,-1,-1,-1
187,1421,1799.91,356.63,88.94,120.6,0.9802,-1,-1,-1
187,1382,1089.77,391.07,62.49,149.8,0.9792,-1,-1,-1
187,1369,273.49,382.52,73.24,149.44,0.9775,-1,-1,-1
187,1262,650.13,408.82,82.81,145.52,0.9762,-1,-1,-1
187,1383,1472.43,177.04,48.36,94.63,0.9721,-1,-1,-1
187,1243,1226.1,214.77,41.23,103.87,0.9709,-1,-1,-1
187,1253,710.81,206.37,36.9,97.01,0.9612,-1,-1,-1
187,1309,1371.19,137.89,44.37,83.28,0.961,-1,-1,-1
187,1242,1479.77,453.07,110.52,152.88,0.9609,-1,-1,-1
187,1396,863.41,127.3,35.16,74.01,0.956,-1,-1,-1
187,1395,1561.73,176.01,44.22,101.83,0.9552,-1,-1,-1
187,1394,1017.28,210.98,39.8,102.12,0.9226,-1,-1,-1
187,1398,614.19,196.29,32.31,89.43,0.9142,-1,-1,-1
187,1426,1041.44,90.0,27.94,52.34,0.8801,-1,-1,-1
187,1251,787.92,750.56,166.36,180.94,0.8624,-1,-1,-1
187,1376,61.9,147.18,28.39,79.74,0.8365,-1,-1,-1
187,1428,902.23,905.83,27.08,33.03,0.6665,-1,-1,-1
187,1402,589.93,104.58,19.94,57.87,0.564,-1,-1,-1
188,1421,1803.07,352.92,82.26,121.7,0.9781,-1,-1,-1
188,1369,268.38,380.6,72.59,149.19,0.9779,-1,-1,-1
188,1262,653.44,406.14,81.14,145.56,0.9776,-1,-1,-1
188,1382,1090.39,389.63,59.88,148.27,0.9765,-1,-1,-1
188,1243,1221.52,213.7,42.78,104.2,0.9744,-1,-1,-1
188,1383,1465.23,174.45,47.58,95.96,0.9715,-1,-1,-1
188,1309,1364.77,134.92,44.23,83.35,0.9714,-1,-1,-1
188,1395,1552.45,174.22,46.62,101.63,0.9709,-1,-1,-1
188,1396,859.7,124.54,35.8,75.74,0.962,-1,-1,-1
188,1394,1012.86,209.98,38.39,99.88,0.9611,-1,-1,-1
188,1253,706.51,204.04,36.3,98.17,0.9567,-1,-1,-1
188,1242,1474.14,449.81,114.52,152.9,0.9511,-1,-1,-1
188,1398,605.03,195.98,33.51,85.47,0.9443,-1,-1,-1
188,1426,1036.51,86.73,28.49,54.1,0.8309,-1,-1,-1
188,1402,584.45,106.66,18.17,54.23,0.7255,-1,-1,-1
188,1251,771.46,748.46,174.47,181.84,0.7189,-1,-1,-1
188,1376,58.19,144.41,27.97,79.76,0.6199,-1,-1,-1
188,1428,903.76,899.51,26.75,30.56,0.5599,-1,-1,-1
189,1421,1795.79,350.64,88.33,125.14,0.9817,-1,-1,-1
189,1369,262.92,378.54,70.22,147.26,0.9773,-1,-1,-1
189,1243,1215.58,212.65,45.76,103.72,0.977,-1,-1,-1
189,1383,1456.54,172.88,47.4,94.66,0.9758,-1,-1,-1
189,1262,659.62,404.58,74.51,145.01,0.9751,-1,-1,-1
189,1382,1091.18,387.11,56.55,147.78,0.9733,-1,-1,-1
189,1395,1544.93,172.25,48.12,100.69,0.9708,-1,-1,-1
189,1309,1357.05,133.97,46.54,83.23,0.9693,-1,-1,-1
189,1396,854.99,123.63,36.69,74.63,0.9658,-1,-1,-1
189,1398,594.4,190.05,38.03,92.22,0.9617,-1,-1,-1
189,1394,1009.24,208.96,37.5,98.9,0.9577,-1,-1,-1
189,1242,1467.29,449.2,119.58,150.24,0.9421,-1,-1,-1
189,1253,702.45,202.87,35.33,96.54,0.9183,-1,-1,-1
189,1426,1030.08,81.84,28.59,56.37,0.8815,-1,-1,-1
189,1402,578.79,98.01,24.27,61.1,0.829,-1,-1,-1
189,1376,55.57,142.82,28.13,78.56,0.694,-1,-1,-1
189,1251,795.71,741.3,103.91,202.85,0.5559,-1,-1,-1
190,1421,1791.81,349.4,91.15,126.76,0.9793,-1,-1,-1
190,1369,260.02,376.18,66.96,148.37,0.9777,-1,-1,-1
190,1243,1213.18,211.87,46.4,103.48,0.9736,-1,-1,-1
190,1262,665.61,404.7,70.18,144.04,0.9728,-1,-1,-1
190,1382,1092.31,385.67,53.94,147.91,0.9725,-1,-1,-1
190,1309,1353.44,133.39,46.93,82.16,0.972,-1,-1,-1
190,1383,1452.83,171.92,47.7,94.01,0.9692,-1,-1,-1
190,1395,1540.01,171.85,49.61,99.84,0.9691,-1,-1,-1
190,1398,588.63,186.14,41.04,95.82,0.9675,-1,-1,-1
190,1396,851.73,122.32,37.33,75.11,0.9644,-1,-1,-1
190,1253,699.81,201.79,35.43,97.3,0.9563,-1,-1,-1
190,1394,1007.46,208.02,36.99,99.56,0.9518,-1,-1,-1
190,1242,1464.88,449.25,119.4,149.41,0.9414,-1,-1,-1
190,1426,1028.72,78.6,27.64,58.73,0.9037,-1,-1,-1
190,1402,575.73,94.36,25.39,64.35,0.8878,-1,-1,-1
190,1376,53.55,143.13,26.72,79.61,0.7847,-1,-1,-1
190,1251,791.0,739.35,104.79,208.23,0.5421,-1,-1,-1
191,1262,676.07,403.59,68.93,141.4,0.9772,-1,-1,-1
191,1243,1208.75,210.39,46.73,103.63,0.977,-1,-1,-1
191,1369,251.73,371.19,61.81,150.91,0.974,-1,-1,-1
191,1382,1091.94,383.85,51.14,147.68,0.9738,-1,-1,-1
191,1421,1789.0,346.85,89.62,129.18,0.9729,-1,-1,-1
191,1383,1444.83,170.16,46.22,93.99,0.9724,-1,-1,-1
191,1309,1346.68,131.53,46.64,82.75,0.9703,-1,-1,-1
191,1395,1532.53,170.82,51.07,100.82,0.9694,-1,-1,-1
191,1398,577.36,185.45,45.78,95.89,0.9677,-1,-1,-1
191,1396,848.34,121.67,35.48,74.52,0.9635,-1,-1,-1
191,1253,694.07,199.7,34.52,97.43,0.9541,-1,-1,-1
191,1242,1462.17,446.1,116.45,152.31,0.9531,-1,-1,-1
191,1394,1001.96,206.94,36.98,99.91,0.9354,-1,-1,-1
191,1376,48.31,141.65,28.15,79.96,0.8891,-1,-1,-1
191,1426,1024.43,81.24,26.27,55.26,0.8535,-1,-1,-1
191,1402,569.7,92.58,25.27,64.82,0.8022,-1,-1,-1
191,1251,785.14,738.01,104.28,215.89,0.5482,-1,-1,-1
192,1243,1205.16,209.92,45.57,102.01,0.9752,-1,-1,-1
192,1382,1086.67,382.38,53.98,149.44,0.9739,-1,-1,-1
192,1421,1786.49,346.19,86.43,129.19,0.9737,-1,-1,-1
192,1369,244.34,368.47,58.18,151.64,0.9718,-1,-1,-1
192,1309,1338.53,130.97,48.37,82.11,0.9717,-1,-1,-1
192,1383,1436.21,169.62,46.02,93.12,0.9709,-1,-1,-1
192,1395,1524.1,169.55,52.44,100.24,0.9704,-1,-1,-1
192,1262,690.71,402.73,62.31,138.57,0.9701,-1,-1,-1
192,1398,567.15,188.14,47.6,93.35,0.9694,-1,-1,-1
192,1253,687.92,198.37,33.37,97.2,0.962,-1,-1,-1
192,1396,843.41,121.11,35.23,73.59,0.9603,-1,-1,-1
192,1242,1449.47,443.44,123.49,154.39,0.9538,-1,-1,-1
192,1394,997.2,205.89,36.39,100.19,0.9214,-1,-1,-1
192,1402,564.49,91.75,25.94,64.6,0.8697,-1,-1,-1
192,1376,44.19,137.54,28.06,81.87,0.8321,-1,-1,-1
192,1426,1020.18,78.54,23.78,56.85,0.5966,-1,-1,-1
192,1251,780.66,739.44,104.01,216.59,0.5608,-1,-1,-1
193,1382,1083.36,382.77,57.84,148.32,0.9782,-1,-1,-1
193,1421,1787.17,345.99,84.28,128.88,0.975,-1,-1,-1
193,1243,1204.31,208.71,44.42,102.9,0.975,-1,-1,-1
193,1262,692.75,402.38,61.62,137.37,0.9735,-1,-1,-1
193,1309,1334.89,130.78,48.46,81.57,0.9718,-1,-1,-1
193,1383,1431.94,168.76,45.6,92.15,0.9709,-1,-1,-1
193,1398,562.05,187.15,46.69,93.2,0.9696,-1,-1,-1
193,1395,1520.26,168.93,53.17,100.88,0.9683,-1,-1,-1
193,1396,840.73,119.61,35.31,75.33,0.9561,-1,-1,-1
193,1369,239.4,367.13,59.24,150.62,0.9526,-1,-1,-1
193,1242,1447.9,441.61,121.97,155.2,0.9524,-1,-1,-1
193,1253,685.13,197.02,33.33,97.51,0.9494,-1,-1,-1
193,1376,40.78,134.86,29.75,85.21,0.939,-1,-1,-1
193,1394,994.21,205.71,36.49,100.28,0.9358,-1,-1,-1
193,1402,561.74,94.28,24.89,61.58,0.9063,-1,-1,-1
193,1426,1018.06,77.66,22.25,56.21,0.8985,-1,-1,-1
193,1251,778.65,738.66,102.99,216.77,0.5569,-1,-1,-1
194,1421,1794.04,346.14,73.5,123.9,0.9748,-1,-1,-1
194,1262,687.35,398.33,70.07,142.68,0.9725,-1,-1,-1
194,1383,1423.65,167.45,45.15,91.88,0.9721,-1,-1,-1
194,1382,1075.34,381.58,60.25,147.94,0.9706,-1,-1,-1
194,1243,1201.29,207.08,42.06,102.13,0.9703,-1,-1,-1
194,1395,1514.04,166.6,51.93,102.41,0.969,-1,-1,-1
194,1309,1327.31,129.95,49.53,80.45,0.9669,-1,-1,-1
194,1398,550.09,189.25,46.43,89.03,0.961,-1,-1,-1
194,1369,230.24,367.23,59.09,148.91,0.9605,-1,-1,-1
194,1253,678.45,196.22,32.84,96.76,0.9546,-1,-1,-1
194,1376,34.92,131.28,30.83,87.28,0.9507,-1,-1,-1
194,1242,1442.82,439.69,124.45,153.52,0.9301,-1,-1,-1
194,1396,835.51,119.91,33.89,74.19,0.9184,-1,-1,-1
194,1402,555.3,93.39,24.95,61.73,0.9058,-1,-1,-1
194,1426,1013.16,77.86,20.34,54.52,0.8831,-1,-1,-1
194,1394,988.75,206.51,36.23,98.1,0.7922,-1,-1,-1
194,1251,776.27,733.32,102.76,218.15,0.5359,-1,-1,-1
195,1382,1067.28,381.75,64.65,145.86,0.9771,-1,-1,-1
195,1262,682.86,394.65,76.02,144.61,0.9739,-1,-1,-1
195,1421,1802.39,347.11,59.74,118.42,0.9735,-1,-1,-1
195,1383,1414.63,166.15,43.81,92.82,0.9715,-1,-1,-1
195,1369,219.61,365.99,64.11,148.8,0.9714,-1,-1,-1
195,1395,1509.15,163.02,47.84,102.66,0.9695,-1,-1,-1
195,1243,1198.16,205.98,38.47,102.69,0.9657,-1,-1,-1
195,1309,1318.55,128.84,49.93,79.92,0.9638,-1,-1,-1
195,1398,538.44,189.61,42.75,87.51,0.9554,-1,-1,-1
195,1396,829.18,120.23,31.61,71.2,0.953,-1,-1,-1
195,1376,29.02,130.24,32.17,87.4,0.9454,-1,-1,-1
195,1242,1439.16,438.02,119.9,151.44,0.9427,-1,-1,-1
195,1253,672.19,195.48,32.06,95.43,0.9418,-1,-1,-1
195,1394,981.39,205.63,37.08,96.43,0.9338,-1,-1,-1
195,1402,547.85,90.84,25.77,63.82,0.9129,-1,-1,-1
195,1251,772.61,730.38,104.88,214.88,0.5364,-1,-1,-1
195,1426,1008.93,76.13,18.74,54.56,0.5148,-1,-1,-1
196,1382,1063.88,381.03,66.4,146.36,0.9795,-1,-1,-1
196,1262,682.94,392.93,75.5,145.05,0.976,-1,-1,-1
196,1383,1409.34,165.96,44.65,92.22,0.9758,-1,-1,-1
196,1421,1798.65,347.76,61.41,119.3,0.9717,-1,-1,-1
196,1395,1505.36,162.01,46.33,100.39,0.9661,-1,-1,-1
196,1309,1314.68,127.81,49.27,80.44,0.9649,-1,-1,-1
196,1243,1197.37,204.21,35.28,102.77,0.96,-1,-1,-1
196,1369,214.71,365.91,60.57,148.7,0.959,-1,-1,-1
196,1398,533.44,188.37,39.76,88.27,0.9507,-1,-1,-1
196,1396,825.78,118.91,31.76,72.06,0.9495,-1,-1,-1
196,1253,668.66,194.57,32.04,95.92,0.9481,-1,-1,-1
196,1376,25.7,129.07,33.14,87.98,0.944,-1,-1,-1
196,1242,1439.84,437.34,107.97,157.23,0.9349,-1,-1,-1
196,1402,543.62,88.02,26.86,66.87,0.878,-1,-1,-1
196,1394,978.71,205.06,36.35,97.75,0.8745,-1,-1,-1
196,1251,772.4,729.85,106.61,212.28,0.5477,-1,-1,-1
197,1382,1056.98,380.05,69.62,147.4,0.9776,-1,-1,-1
197,1262,682.43,391.42,79.06,144.03,0.9736,-1,-1,-1
197,1421,1785.3,345.4,70.07,118.13,0.9732,-1,-1,-1
197,1369,197.98,366.9,58.93,147.29,0.9721,-1,-1,-1
197,1383,1400.25,164.83,43.91,91.14,0.9718,-1,-1,-1
197,1395,1502.74,159.95,40.18,99.15,0.9654,-1,-1,-1
197,1309,1305.96,127.0,49.18,79.95,0.9648,-1,-1,-1
197,1398,522.4,181.97,39.84,93.15,0.9572,-1,-1,-1
197,1243,1194.07,203.24,31.86,102.9,0.9543,-1,-1,-1
197,1396,818.42,119.38,30.3,71.11,0.9499,-1,-1,-1
197,1376,19.61,128.03,34.21,88.64,0.9458,-1,-1,-1
197,1253,660.43,194.18,33.58,94.23,0.944,-1,-1,-1
197,1242,1425.81,435.97,118.3,154.5,0.9308,-1,-1,-1
197,1394,972.17,203.79,37.3,97.54,0.9189,-1,-1,-1
197,1402,537.3,92.32,24.26,61.29,0.9126,-1,-1,-1
197,1251,772.78,729.22,108.87,208.89,0.5578,-1,-1,-1
198,1382,1052.18,379.66,69.99,145.64,0.9803,-1,-1,-1
198,1262,685.2,390.63,76.22,143.87,0.9743,-1,-1,-1
198,1383,1390.88,163.83,42.82,90.89,0.9696,-1,-1,-1
198,1421,1773.67,343.6,77.95,119.17,0.9695,-1,-1,-1
198,1369,183.15,366.68,73.19,149.14,0.9665,-1,-1,-1
198,1309,1299.67,125.82,45.28,79.24,0.9571,-1,-1,-1
198,1243,1186.68,202.29,33.71,104.08,0.9541,-1,-1,-1
198,1376,13.12,125.95,35.01,90.72,0.9538,-1,-1,-1
198,1395,1494.38,159.42,37.73,98.91,0.953,-1,-1,-1
198,1396,810.98,118.26,29.18,71.38,0.9504,-1,-1,-1
198,1398,512.03,179.45,38.74,95.73,0.9478,-1,-1,-1
198,1253,652.73,192.3,33.31,96.8,0.9468,-1,-1,-1
198,1242,1421.63,436.82,113.52,147.26,0.9372,-1,-1,-1
198,1394,965.42,203.17,36.76,97.4,0.928,-1,-1,-1
198,1402,529.48,93.08,23.32,59.54,0.9168,-1,-1,-1
198,1251,762.47,727.04,146.38,199.61,0.7628,-1,-1,-1
199,1421,1766.72,342.86,84.22,119.5,0.9802,-1,-1,-1
199,1382,1050.0,379.04,69.14,145.54,0.9779,-1,-1,-1
199,1262,687.15,391.18,71.88,143.47,0.9743,-1,-1,-1
199,1383,1385.35,163.48,43.38,90.5,0.9728,-1,-1,-1
199,1369,175.34,365.72,74.06,150.63,0.9727,-1,-1,-1
199,1309,1297.2,125.71,43.15,79.69,0.9627,-1,-1,-1
199,1395,1489.35,158.59,38.34,99.74,0.9584,-1,-1,-1
199,1394,961.68,202.09,36.44,98.74,0.9535,-1,-1,-1
199,1376,9.85,126.9,35.13,89.37,0.9522,-1,-1,-1
199,1396,806.86,118.22,27.86,70.95,0.9474,-1,-1,-1
199,1243,1181.6,202.58,36.37,102.93,0.9464,-1,-1,-1
199,1242,1418.03,435.4,110.79,148.3,0.945,-1,-1,-1
199,1253,648.07,193.39,34.4,93.64,0.9396,-1,-1,-1
199,1402,525.21,90.55,23.14,62.6,0.9072,-1,-1,-1
199,1398,507.57,179.45,35.91,85.71,0.8587,-1,-1,-1
199,1251,771.21,727.58,134.29,198.2,0.8422,-1,-1,-1
199,1426,985.12,75.71,21.1,55.38,0.4693,-1,-1,-1
200,1421,1755.84,342.92,95.94,120.36,0.9815,-1,-1,-1
200,1262,692.74,392.34,63.92,139.58,0.9747,-1,-1,-1
200,1382,1050.12,378.93,64.28,143.3,0.973,-1,-1,-1
200,1243,1170.83,202.93,44.55,101.44,0.9727,-1,-1,-1
200,1369,163.02,366.73,76.28,149.7,0.9723,-1,-1,-1
200,1383,1375.13,162.31,42.98,91.24,0.9708,-1,-1,-1
200,1309,1291.19,124.71,38.98,79.89,0.9575,-1,-1,-1
200,1242,1410.86,435.03,107.2,149.17,0.9574,-1,-1,-1
200,1253,639.31,191.45,34.49,96.13,0.9561,-1,-1,-1
200,1394,957.28,201.35,33.47,97.85,0.9478,-1,-1,-1
200,1398,495.85,179.28,38.8,96.14,0.9475,-1,-1,-1
200,1396,799.01,118.53,27.51,70.66,0.9456,-1,-1,-1
200,1395,1480.63,158.86,37.24,98.19,0.9454,-1,-1,-1
200,1376,3.98,127.36,35.0,87.63,0.9349,-1,-1,-1
200,1402,517.45,93.08,22.28,59.73,0.9053,-1,-1,-1
200,1251,763.33,724.56,151.54,197.26,0.8383,-1,-1,-1
200,1426,977.27,76.58,24.55,54.23,0.5427,-1,-1,-1
201,1421,1748.65,342.3,103.02,122.22,0.9799,-1,-1,-1
201,1262,700.78,391.6,54.61,139.06,0.9748,-1,-1,-1
201,1243,1160.96,203.08,51.97,100.45,0.9721,-1,-1,-1
201,1369,152.02,367.09,79.46,148.12,0.9713,-1,-1,-1
201,1383,1365.55,163.25,41.88,88.92,0.9697,-1,-1,-1
201,1382,1050.67,377.3,57.54,142.96,0.9684,-1,-1,-1
201,1394,949.85,199.81,33.33,98.2,0.9521,-1,-1,-1
201,1395,1469.66,158.86,37.47,96.74,0.9489,-1,-1,-1
201,1309,1285.21,123.97,35.08,80.54,0.9463,-1,-1,-1
201,1253,629.79,191.69,35.62,94.53,0.9461,-1,-1,-1
201,1242,1397.08,436.35,114.93,141.26,0.9407,-1,-1,-1
201,1398,483.05,180.29,40.3,94.96,0.9371,-1,-1,-1
201,1396,790.69,118.16,26.17,71.61,0.9369,-1,-1,-1
201,1402,509.26,90.92,21.67,62.15,0.909,-1,-1,-1
201,1376,2.58,134.82,29.97,79.99,0.8531,-1,-1,-1
201,1251,748.28,717.4,178.98,200.83,0.7913,-1,-1,-1
201,1426,968.74,81.26,27.0,46.94,0.5616,-1,-1,-1
202,1369,149.07,366.88,78.23,147.99,0.978,-1,-1,-1
202,1421,1747.01,341.24,101.63,125.1,0.975,-1,-1,-1
202,1262,706.79,391.97,50.5,137.56,0.974,-1,-1,-1
202,1243,1156.19,203.66,55.08,99.08,0.9714,-1,-1,-1
202,1382,1050.79,377.07,54.78,141.83,0.969,-1,-1,-1
202,1383,1359.36,162.65,42.85,89.37,0.9671,-1,-1,-1
202,1398,476.28,180.85,41.23,94.98,0.9627,-1,-1,-1
202,1253,624.46,191.25,36.26,96.47,0.9564,-1,-1,-1
202,1242,1394.98,438.06,108.72,139.46,0.9551,-1,-1,-1
202,1309,1281.39,124.38,33.58,80.1,0.9532,-1,-1,-1
202,1394,946.5,200.28,32.38,96.97,0.95,-1,-1,-1
202,1395,1465.07,160.6,37.07,94.73,0.9491,-1,-1,-1
202,1396,786.51,119.34,25.51,70.17,0.9457,-1,-1,-1
202,1376,1.97,127.73,27.88,88.07,0.9168,-1,-1,-1
202,1402,505.34,94.21,21.73,59.43,0.9009,-1,-1,-1
202,1251,742.43,715.15,189.12,201.71,0.7656,-1,-1,-1
202,1426,963.66,75.96,29.75,55.36,0.378,-1,-1,-1
203,1421,1750.52,341.94,88.65,121.01,0.9795,-1,-1,-1
203,1262,711.65,389.35,48.9,139.6,0.9782,-1,-1,-1
203,1382,1046.99,376.35,50.9,141.56,0.9765,-1,-1,-1
203,1369,142.53,366.69,75.96,148.73,0.9715,-1,-1,-1
203,1383,1349.59,162.8,42.07,89.92,0.9686,-1,-1,-1
203,1253,614.63,192.01,36.95,94.62,0.9651,-1,-1,-1
203,1242,1387.19,434.18,105.59,149.15,0.9645,-1,-1,-1
203,1243,1146.82,204.32,54.49,97.76,0.9618,-1,-1,-1
203,1395,1449.53,161.18,42.73,94.67,0.961,-1,-1,-1
203,1398,465.07,184.83,39.57,93.26,0.9602,-1,-1,-1
203,1396,777.7,118.77,26.49,70.82,0.946,-1,-1,-1
203,1394,939.21,201.0,32.38,96.58,0.9394,-1,-1,-1
203,1309,1272.7,125.14,32.25,79.03,0.9365,-1,-1,-1
203,1402,497.5,93.0,21.53,60.94,0.891,-1,-1,-1
203,1376,1.11,142.08,22.95,74.02,0.8009,-1,-1,-1
203,1251,742.09,716.79,187.44,192.72,0.7956,-1,-1,-1
203,1426,954.83,78.7,29.74,49.99,0.6197,-1,-1,-1
204,1382,1037.65,376.55,56.64,141.71,0.9759,-1,-1,-1
204,1262,703.83,386.98,59.24,141.63,0.9737,-1,-1,-1
204,1369,135.06,366.75,70.12,148.04,0.9724,-1,-1,-1
204,1383,1339.95,163.63,41.3,88.53,0.9723,-1,-1,-1
204,1243,1138.19,204.14,55.2,98.95,0.9709,-1,-1,-1
204,1421,1755.49,343.67,79.72,118.47,0.9702,-1,-1,-1
204,1253,604.47,192.65,38.9,94.28,0.9646,-1,-1,-1
204,1395,1437.64,161.53,44.73,95.82,0.9596,-1,-1,-1
204,1396,768.44,119.2,27.15,70.94,0.9414,-1,-1,-1
204,1242,1376.93,437.12,107.55,138.26,0.9389,-1,-1,-1
204,1309,1263.47,125.71,32.04,78.75,0.9351,-1,-1,-1
204,1394,931.27,201.91,31.57,97.28,0.9334,-1,-1,-1
204,1398,454.87,189.57,35.52,88.03,0.8883,-1,-1,-1
204,1402,490.33,98.27,20.46,56.08,0.8873,-1,-1,-1
204,1251,776.88,703.54,122.13,204.85,0.8728,-1,-1,-1
204,1376,1.51,153.63,18.82,61.53,0.3884,-1,-1,-1
205,1369,130.74,366.8,71.14,148.24,0.9759,-1,-1,-1
205,1382,1033.8,377.08,59.44,141.29,0.9755,-1,-1,-1
205,1262,701.47,386.22,62.76,143.63,0.9749,-1,-1,-1
205,1243,1135.01,205.07,52.68,98.33,0.9742,-1,-1,-1
205,1421,1758.03,344.15,75.5,118.05,0.9729,-1,-1,-1
205,1383,1335.06,163.94,40.72,88.42,0.9683,-1,-1,-1
205,1253,599.98,193.63,38.91,93.86,0.9664,-1,-1,-1
205,1395,1431.39,162.21,47.12,93.97,0.9637,-1,-1,-1
205,1394,927.33,202.85,32.26,95.64,0.9511,-1,-1,-1
205,1242,1374.27,437.96,103.23,139.79,0.947,-1,-1,-1
205,1309,1257.24,125.63,33.19,78.33,0.9461,-1,-1,-1
205,1396,763.96,119.35,28.57,71.47,0.9457,-1,-1,-1
205,1398,449.04,191.97,34.23,86.27,0.9073,-1,-1,-1
205,1251,779.74,700.54,116.11,207.78,0.9021,-1,-1,-1
205,1402,485.98,98.65,21.04,55.79,0.8959,-1,-1,-1
205,1426,941.81,82.85,29.61,48.03,0.7635,-1,-1,-1
206,1262,697.87,385.65,70.38,144.27,0.9754,-1,-1,-1
206,1369,122.23,366.62,67.4,148.45,0.9753,-1,-1,-1
206,1243,1129.76,205.22,47.47,98.68,0.9717,-1,-1,-1
206,1395,1420.47,163.6,49.31,92.22,0.9704,-1,-1,-1
206,1383,1324.59,165.22,41.71,87.85,0.9673,-1,-1,-1
206,1382,1024.3,378.27,63.95,139.31,0.9669,-1,-1,-1
206,1253,590.89,195.03,38.92,93.43,0.9654,-1,-1,-1
206,1421,1766.98,346.77,62.4,117.78,0.9638,-1,-1,-1
206,1242,1364.0,437.32,103.86,145.85,0.9612,-1,-1,-1
206,1251,785.11,703.25,108.47,192.2,0.9457,-1,-1,-1
206,1309,1246.73,127.32,34.1,77.42,0.9347,-1,-1,-1
206,1396,755.08,121.95,28.04,69.3,0.931,-1,-1,-1
206,1398,436.48,194.03,32.88,83.77,0.9191,-1,-1,-1
206,1402,477.37,98.69,21.81,56.73,0.9168,-1,-1,-1
206,1394,918.92,204.25,35.41,96.26,0.853,-1,-1,-1
206,1426,933.98,77.13,28.58,55.36,0.3772,-1,-1,-1
207,1382,1014.51,378.82,72.27,139.92,0.9763,-1,-1,-1
207,1262,696.46,385.95,78.29,142.78,0.9749,-1,-1,-1
207,1243,1124.95,206.31,43.41,99.22,0.9728,-1,-1,-1
207,1421,1763.7,346.06,62.46,114.49,0.9727,-1,-1,-1
207,1383,1315.27,166.43,40.05,87.17,0.972,-1,-1,-1
207,1395,1410.51,164.44,49.84,91.61,0.9701,-1,-1,-1
207,1251,790.21,701.22,95.52,188.66,0.9697,-1,-1,-1
207,1253,582.1,196.29,38.54,93.43,0.9619,-1,-1,-1
207,1369,112.49,366.21,64.06,149.75,0.9605,-1,-1,-1
207,1242,1355.21,439.46,101.9,143.58,0.9549,-1,-1,-1
207,1394,909.36,206.94,41.65,95.02,0.9506,-1,-1,-1
207,1396,745.81,123.18,29.44,68.53,0.9429,-1,-1,-1
207,1309,1236.05,129.14,35.04,75.68,0.9393,-1,-1,-1
207,1402,470.08,101.32,20.99,55.98,0.9131,-1,-1,-1
207,1398,425.18,194.02,31.95,85.62,0.9029,-1,-1,-1
207,1426,927.12,80.2,26.78,53.96,0.6106,-1,-1,-1
208,1382,1011.58,379.24,74.34,138.96,0.9759,-1,-1,-1
208,1262,696.38,386.71,78.53,141.6,0.975,-1,-1,-1
208,1251,787.84,700.46,95.41,188.56,0.9728,-1,-1,-1
208,1421,1756.99,345.04,66.95,119.74,0.9725,-1,-1,-1
208,1243,1123.52,206.99,41.21,98.8,0.9723,-1,-1,-1
208,1383,1310.51,167.15,38.97,87.14,0.9692,-1,-1,-1
208,1394,905.01,208.01,42.97,92.87,0.969,-1,-1,-1
208,1369,106.8,366.79,63.5,149.05,0.9682,-1,-1,-1
208,1395,1404.34,165.22,51.32,94.17,0.9677,-1,-1,-1
208,1242,1351.07,439.07,100.71,145.9,0.9659,-1,-1,-1
208,1253,578.06,196.91,37.67,93.54,0.9639,-1,-1,-1
208,1309,1229.72,130.25,36.52,75.52,0.9452,-1,-1,-1
208,1398,417.86,192.68,33.82,87.87,0.9274,-1,-1,-1
208,1396,741.36,122.75,29.98,70.26,0.9262,-1,-1,-1
208,1402,466.13,101.92,20.83,56.35,0.9188,-1,-1,-1
208,1426,923.62,83.62,25.4,51.23,0.7234,-1,-1,-1
209,1421,1748.78,345.7,71.54,124.01,0.9785,-1,-1,-1
209,1262,696.79,388.76,72.29,139.76,0.9743,-1,-1,-1
209,1382,1001.95,379.91,81.26,138.94,0.9712,-1,-1,-1
209,1395,1395.19,166.39,50.73,93.55,0.9697,-1,-1,-1
209,1394,896.22,210.0,44.29,93.67,0.9693,-1,-1,-1
209,1383,1300.75,168.66,38.05,86.39,0.9678,-1,-1,-1
209,1253,568.15,198.63,39.1,93.23,0.965,-1,-1,-1
209,1242,1344.01,440.12,97.83,147.67,0.9637,-1,-1,-1
209,1243,1120.91,207.01,37.1,99.02,0.9632,-1,-1,-1
209,1369,94.82,367.72,66.72,148.18,0.9598,-1,-1,-1
209,1396,732.2,127.02,30.44,67.83,0.9458,-1,-1,-1
209,1251,778.51,691.08,108.05,196.01,0.9445,-1,-1,-1
209,1398,405.38,193.21,36.14,90.09,0.9394,-1,-1,-1
209,1309,1219.2,131.86,37.23,75.09,0.9312,-1,-1,-1
209,1402,458.37,104.48,20.54,55.2,0.8749,-1,-1,-1
209,1426,917.09,83.76,23.62,52.61,0.8016,-1,-1,-1
210,1382,995.84,382.07,86.5,137.81,0.9787,-1,-1,-1
210,1242,1339.72,441.38,92.47,142.92,0.9756,-1,-1,-1
210,1262,699.8,391.49,63.49,135.85,0.9741,-1,-1,-1
210,1421,1741.98,346.94,75.33,127.02,0.9721,-1,-1,-1
210,1398,389.71,192.7,42.99,92.46,0.9661,-1,-1,-1
210,1395,1387.26,167.11,50.7,93.91,0.9652,-1,-1,-1
210,1253,558.44,200.58,39.29,93.17,0.964,-1,-1,-1
210,1369,82.64,370.69,65.0,146.3,0.963,-1,-1,-1
210,1394,887.72,212.07,43.08,92.71,0.9629,-1,-1,-1
210,1383,1291.53,170.49,37.06,84.9,0.9606,-1,-1,-1
210,1243,1118.01,208.81,34.41,97.67,0.9554,-1,-1,-1
210,1309,1207.09,135.33,40.47,73.7,0.9546,-1,-1,-1
210,1396,723.68,129.05,31.13,68.53,0.9398,-1,-1,-1
210,1251,769.04,686.95,123.46,196.37,0.926,-1,-1,-1
210,1402,447.14,105.23,23.98,57.04,0.9135,-1,-1,-1
210,1426,911.25,86.84,21.77,52.06,0.7981,-1,-1,-1
211,1242,1336.54,441.99,90.67,142.03,0.9805,-1,-1,-1
211,1382,995.31,382.94,84.96,137.03,0.9786,-1,-1,-1
211,1262,702.81,391.91,60.88,135.26,0.9752,-1,-1,-1
211,1421,1739.35,348.96,77.04,125.42,0.9731,-1,-1,-1
211,1398,382.55,192.25,45.78,94.63,0.9684,-1,-1,-1
211,1253,553.39,201.55,39.38,92.54,0.9662,-1,-1,-1
211,1395,1384.43,166.65,48.33,94.32,0.9645,-1,-1,-1
211,1383,1286.52,171.28,36.53,85.13,0.9637,-1,-1,-1
211,1309,1202.18,136.88,40.5,72.47,0.9625,-1,-1,-1
211,1369,76.68,371.82,61.01,146.82,0.9591,-1,-1,-1
211,1243,1116.59,209.59,33.32,97.96,0.9503,-1,-1,-1
211,1396,719.16,130.86,30.56,67.53,0.947,-1,-1,-1
211,1251,766.68,686.57,128.55,193.16,0.9103,-1,-1,-1
211,1402,443.08,106.9,23.08,56.1,0.891,-1,-1,-1
211,1426,908.21,88.54,20.75,50.24,0.821,-1,-1,-1
211,1394,883.15,212.82,42.76,92.56,0.5688,-1,-1,-1
212,1382,988.22,385.23,90.55,135.05,0.9794,-1,-1,-1
212,1262,714.49,392.17,51.41,134.88,0.9771,-1,-1,-1
212,1421,1737.1,350.46,73.96,128.24,0.9767,-1,-1,-1
212,1242,1332.13,442.02,86.24,142.47,0.9763,-1,-1,-1
212,1383,1275.88,172.25,37.78,84.83,0.9679,-1,-1,-1
212,1398,368.19,195.2,49.06,93.71,0.9677,-1,-1,-1
212,1394,875.1,213.17,41.37,94.4,0.9675,-1,-1,-1
212,1253,542.58,203.34,40.52,92.02,0.9657,-1,-1,-1
212,1369,57.97,372.52,67.99,147.1,0.9631,-1,-1,-1
212,1243,1108.89,211.51,36.85,98.5,0.9621,-1,-1,-1
212,1395,1379.43,166.58,43.97,93.35,0.9616,-1,-1,-1
212,1309,1191.78,137.8,42.18,72.84,0.952,-1,-1,-1
212,1396,710.67,130.91,29.78,68.63,0.9461,-1,-1,-1
212,1402,434.2,107.0,23.72,57.3,0.9063,-1,-1,-1
212,1251,770.42,677.62,127.05,203.61,0.8695,-1,-1,-1
212,1426,902.46,92.21,17.55,49.88,0.5187,-1,-1,-1
213,1262,715.63,392.23,50.9,136.42,0.9774,-1,-1,-1
213,1382,992.15,384.96,82.6,136.05,0.9771,-1,-1,-1
213,1421,1737.79,353.19,66.81,126.53,0.9749,-1,-1,-1
213,1243,1099.33,213.8,40.36,98.03,0.9708,-1,-1,-1
213,1369,37.33,375.22,73.6,147.33,0.9699,-1,-1,-1
213,1398,353.33,197.17,50.48,94.25,0.9674,-1,-1,-1
213,1242,1331.51,443.48,77.85,142.27,0.9664,-1,-1,-1
213,1394,867.64,214.36,40.08,93.41,0.9647,-1,-1,-1
213,1309,1182.75,139.21,41.54,72.5,0.9591,-1,-1,-1
213,1253,531.05,204.61,41.56,91.95,0.9552,-1,-1,-1
213,1383,1265.89,174.17,37.2,84.98,0.9546,-1,-1,-1
213,1396,702.19,131.34,29.54,69.82,0.9432,-1,-1,-1
213,1395,1376.14,167.78,36.47,90.23,0.9232,-1,-1,-1
213,1251,768.39,675.3,130.45,198.79,0.8833,-1,-1,-1
213,1402,423.88,107.87,23.85,57.88,0.8746,-1,-1,-1
214,1262,710.29,391.92,56.37,136.23,0.9771,-1,-1,-1
214,1382,993.35,383.69,78.6,137.21,0.9756,-1,-1,-1
214,1421,1739.69,354.38,62.62,125.13,0.9732,-1,-1,-1
214,1243,1093.8,215.16,42.28,96.89,0.9695,-1,-1,-1
214,1369,26.69,377.06,75.97,146.52,0.968,-1,-1,-1
214,1394,862.96,214.31,39.64,94.62,0.9669,-1,-1,-1
214,1253,525.52,204.45,41.84,92.22,0.9652,-1,-1,-1
214,1398,345.02,200.72,50.86,91.44,0.9646,-1,-1,-1
214,1383,1261.09,173.81,37.39,85.03,0.9636,-1,-1,-1
214,1309,1178.3,139.77,40.99,73.0,0.9603,-1,-1,-1
214,1242,1331.72,442.6,74.99,143.76,0.9537,-1,-1,-1
214,1395,1373.14,165.67,35.44,92.84,0.9455,-1,-1,-1
214,1396,698.16,132.02,27.99,69.5,0.9408,-1,-1,-1
214,1251,768.43,675.75,131.18,196.36,0.8932,-1,-1,-1
214,1402,418.03,109.15,24.57,57.61,0.8794,-1,-1,-1
214,1426,886.13,91.1,21.62,51.18,0.663,-1,-1,-1
214,1429,873.03,818.32,27.77,37.23,0.6424,-1,-1,-1
215,1262,700.14,392.03,64.58,138.78,0.9771,-1,-1,-1
215,1382,994.81,382.47,70.66,138.57,0.9756,-1,-1,-1
215,1369,6.81,381.07,81.81,145.11,0.9729,-1,-1,-1
215,1243,1082.92,216.75,46.89,95.97,0.9723,-1,-1,-1
215,1421,1740.65,356.62,55.97,124.51,0.9718,-1,-1,-1
215,1242,1327.52,446.66,72.4,138.47,0.9711,-1,-1,-1
215,1253,512.68,206.1,43.13,91.55,0.9677,-1,-1,-1
215,1398,326.88,201.71,52.06,91.5,0.9647,-1,-1,-1
215,1309,1168.39,139.61,40.83,74.07,0.9588,-1,-1,-1
215,1383,1251.57,174.85,36.65,83.87,0.9566,-1,-1,-1
215,1395,1366.38,165.74,31.91,92.92,0.9492,-1,-1,-1
215,1394,856.87,215.53,35.46,94.69,0.9491,-1,-1,-1
215,1396,688.99,132.24,26.48,71.27,0.9277,-1,-1,-1
215,1251,771.23,676.68,126.65,193.06,0.924,-1,-1,-1
215,1402,406.63,109.98,24.59,57.92,0.8851,-1,-1,-1
215,1426,874.03,95.07,25.5,48.8,0.8,-1,-1,-1
216,1262,692.35,392.89,71.27,140.22,0.9756,-1,-1,-1
216,1382,986.4,381.82,70.57,139.41,0.9749,-1,-1,-1
216,1243,1070.44,218.84,49.81,95.3,0.9748,-1,-1,-1
216,1421,1738.31,356.18,52.9,122.83,0.9726,-1,-1,-1
216,1242,1321.47,449.24,72.82,139.62,0.9709,-1,-1,-1
216,1369,0.59,382.51,69.43,146.74,0.9707,-1,-1,-1
216,1253,498.54,207.56,43.37,91.12,0.9627,-1,-1,-1
216,1309,1160.08,140.72,37.26,73.88,0.9523,-1,-1,-1
216,1398,311.38,203.4,44.34,91.19,0.9509,-1,-1,-1
216,1395,1355.42,167.58,31.32,92.08,0.9442,-1,-1,-1
216,1394,850.23,215.68,33.97,95.96,0.94,-1,-1,-1
216,1251,776.81,675.74,117.92,193.3,0.9393,-1,-1,-1
216,1383,1240.95,178.18,35.71,81.32,0.9374,-1,-1,-1
216,1396,678.82,133.74,25.59,70.92,0.9146,-1,-1,-1
216,1402,392.78,110.91,25.1,57.89,0.8327,-1,-1,-1
216,1426,862.09,97.09,28.89,47.04,0.753,-1,-1,-1
217,1421,1735.57,356.06,52.45,122.98,0.9734,-1,-1,-1
217,1382,981.53,381.16,70.57,140.37,0.9733,-1,-1,-1
217,1262,689.29,393.6,75.6,138.73,0.9728,-1,-1,-1
217,1243,1063.9,218.98,51.47,96.63,0.9711,-1,-1,-1
217,1242,1315.64,452.71,75.86,136.85,0.9686,-1,-1,-1
217,1253,491.22,208.54,43.51,90.62,0.9652,-1,-1,-1
217,1369,0.09,382.81,61.4,143.69,0.9579,-1,-1,-1
217,1398,302.51,203.29,44.47,92.51,0.9531,-1,-1,-1
217,1395,1349.7,167.21,31.25,92.73,0.9524,-1,-1,-1
217,1251,780.46,676.0,112.55,193.51,0.9492,-1,-1,-1
217,1383,1236.22,178.59,33.96,80.63,0.937,-1,-1,-1
217,1309,1155.99,142.33,34.71,73.08,0.936,-1,-1,-1
217,1396,672.55,133.64,26.52,71.46,0.9119,-1,-1,-1
217,1426,855.97,99.59,31.29,45.59,0.8408,-1,-1,-1
217,1402,386.65,109.29,25.12,60.25,0.8339,-1,-1,-1
217,1394,846.31,216.46,31.81,95.71,0.7741,-1,-1,-1
218,1382,968.5,380.44,73.47,141.67,0.977,-1,-1,-1
218,1242,1297.59,456.43,89.31,135.58,0.9744,-1,-1,-1
218,1262,682.16,395.75,78.74,137.64,0.9734,-1,-1,-1
218,1243,1053.37,220.73,50.9,96.88,0.9703,-1,-1,-1
218,1421,1722.96,355.42,59.46,122.86,0.9684,-1,-1,-1
218,1251,784.31,675.11,105.99,194.44,0.9649,-1,-1,-1
218,1253,474.88,209.67,42.66,90.88,0.9627,-1,-1,-1
218,1395,1336.82,167.92,32.03,93.66,0.9528,-1,-1,-1
218,1398,285.07,205.16,40.09,91.95,0.9447,-1,-1,-1
218,1309,1146.28,142.95,30.74,73.52,0.9282,-1,-1,-1
218,1369,1.62,383.92,40.31,142.89,0.9251,-1,-1,-1
218,1383,1224.85,179.79,33.28,80.5,0.9145,-1,-1,-1
218,1396,661.18,136.44,24.93,68.61,0.9048,-1,-1,-1
218,1394,835.75,217.01,32.79,95.57,0.6299,-1,-1,-1
218,1402,372.08,112.95,24.5,57.61,0.5654,-1,-1,-1
218,1426,841.35,98.41,33.79,49.27,0.4546,-1,-1,-1
219,1262,678.72,396.36,71.04,139.11,0.9773,-1,-1,-1
219,1382,958.79,381.28,71.43,141.9,0.9757,-1,-1,-1
219,1421,1707.37,355.23,67.44,129.97,0.9727,-1,-1,-1
219,1242,1284.83,461.54,92.65,131.56,0.9707,-1,-1,-1
219,1243,1042.8,223.48,49.2,94.81,0.9699,-1,-1,-1
219,1251,800.49,672.19,84.94,188.29,0.9644,-1,-1,-1
219,1253,459.05,210.5,38.94,91.7,0.96,-1,-1,-1
219,1398,266.81,204.08,38.66,94.37,0.948,-1,-1,-1
219,1395,1323.3,170.46,32.04,91.44,0.9446,-1,-1,-1
219,1394,823.07,216.71,34.13,98.69,0.9388,-1,-1,-1
219,1383,1212.97,178.77,31.52,82.12,0.9164,-1,-1,-1
219,1396,646.73,138.99,25.65,68.47,0.9152,-1,-1,-1
219,1309,1133.94,143.39,28.64,72.99,0.9129,-1,-1,-1
219,1402,354.88,110.45,25.59,60.23,0.6065,-1,-1,-1
219,1426,826.56,98.15,34.23,50.34,0.5894,-1,-1,-1
219,1431,1894.63,493.15,25.37,79.45,0.4311,-1,-1,-1
220,1262,677.73,398.74,65.4,136.9,0.9769,-1,-1,-1
220,1382,954.89,382.08,69.42,140.56,0.9768,-1,-1,-1
220,1242,1276.65,465.19,96.38,127.52,0.9734,-1,-1,-1
220,1421,1701.51,355.6,70.03,130.62,0.9721,-1,-1,-1
220,1243,1038.98,224.43,47.26,93.02,0.9701,-1,-1,-1
220,1253,449.6,210.72,39.38,91.82,0.9609,-1,-1,-1
220,1251,799.97,672.59,83.07,186.59,0.9595,-1,-1,-1
220,1398,257.46,205.44,37.42,93.65,0.9303,-1,-1,-1
220,1394,816.98,218.16,34.3,97.6,0.9267,-1,-1,-1
220,1395,1314.94,172.15,34.96,90.25,0.9242,-1,-1,-1
220,1383,1206.24,178.97,30.95,81.96,0.9232,-1,-1,-1
220,1396,639.47,140.91,25.52,67.5,0.9159,-1,-1,-1
220,1309,1127.36,144.38,27.52,72.74,0.8972,-1,-1,-1
220,1432,1896.09,282.94,22.12,115.75,0.8561,-1,-1,-1
220,1426,819.77,98.55,32.62,49.04,0.4312,-1,-1,-1
220,1431,1893.02,494.53,26.98,78.17,0.3915,-1,-1,-1
221,1262,679.64,402.21,55.56,134.75,0.9745,-1,-1,-1
221,1382,947.79,384.63,63.36,139.25,0.9742,-1,-1,-1
221,1421,1688.03,355.45,86.61,134.1,0.9726,-1,-1,-1
221,1251,784.16,675.48,98.27,182.35,0.9702,-1,-1,-1
221,1243,1031.82,226.45,41.57,92.04,0.9676,-1,-1,-1
221,1242,1261.17,468.15,100.88,123.39,0.9641,-1,-1,-1
221,1253,432.94,212.12,37.61,91.64,0.9581,-1,-1,-1
221,1395,1299.84,173.56,40.17,88.9,0.9562,-1,-1,-1
221,1383,1191.92,178.39,32.31,84.42,0.9384,-1,-1,-1
221,1398,237.78,208.0,36.73,93.37,0.9323,-1,-1,-1
221,1394,803.5,220.41,35.94,97.18,0.9317,-1,-1,-1
221,1309,1112.77,143.54,28.46,74.53,0.9157,-1,-1,-1
221,1396,624.21,142.59,26.55,66.18,0.9127,-1,-1,-1
221,1432,1885.22,275.59,34.19,125.13,0.8982,-1,-1,-1
221,1431,1889.46,479.7,30.54,101.36,0.8216,-1,-1,-1
221,1402,333.44,131.41,24.29,45.48,0.7203,-1,-1,-1
221,1426,805.53,102.85,33.56,46.46,0.5195,-1,-1,-1
222,1421,1674.11,359.05,94.57,133.87,0.9822,-1,-1,-1
222,1242,1247.49,470.48,98.64,125.07,0.9772,-1,-1,-1
222,1262,683.18,403.96,48.87,132.98,0.9759,-1,-1,-1
222,1382,944.82,388.83,54.8,136.2,0.9707,-1,-1,-1
222,1432,1867.85,276.02,46.5,123.22,0.9691,-1,-1,-1
222,1251,780.08,667.66,102.37,188.99,0.9559,-1,-1,-1
222,1395,1282.74,175.71,45.21,88.05,0.9533,-1,-1,-1
222,1243,1024.7,227.24,35.42,91.29,0.9512,-1,-1,-1
222,1398,217.68,210.16,37.12,93.35,0.9459,-1,-1,-1
222,1253,415.03,212.4,36.22,93.93,0.9445,-1,-1,-1
222,1309,1098.44,144.57,28.61,74.7,0.9329,-1,-1,-1
222,1394,788.76,222.65,38.66,97.16,0.9212,-1,-1,-1
222,1396,608.42,142.97,29.24,67.34,0.9087,-1,-1,-1
222,1383,1177.47,179.91,33.52,85.9,0.8314,-1,-1,-1
222,1431,1889.49,474.47,30.51,115.35,0.7111,-1,-1,-1
222,1426,792.28,104.21,31.08,46.08,0.6139,-1,-1,-1
223,1421,1668.29,361.23,97.52,135.47,0.9808,-1,-1,-1
223,1262,681.84,404.45,48.53,134.03,0.9777,-1,-1,-1
223,1382,944.3,390.38,50.47,133.96,0.9724,-1,-1,-1
223,1242,1239.62,469.88,100.85,125.46,0.9677,-1,-1,-1
223,1432,1858.95,275.18,51.91,126.14,0.964,-1,-1,-1
223,1395,1275.67,176.67,45.64,86.98,0.9624,-1,-1,-1
223,1251,775.73,665.68,108.32,191.5,0.9609,-1,-1,-1
223,1398,207.84,211.27,37.56,93.72,0.9507,-1,-1,-1
223,1243,1019.64,227.13,34.77,93.78,0.9504,-1,-1,-1
223,1253,407.48,214.7,35.44,91.65,0.9501,-1,-1,-1
223,1383,1169.52,179.84,33.41,85.35,0.9301,-1,-1,-1
223,1309,1089.92,144.88,31.05,74.31,0.9244,-1,-1,-1
223,1396,600.55,141.94,32.26,69.09,0.9008,-1,-1,-1
223,1394,782.21,223.82,39.23,95.45,0.7895,-1,-1,-1
223,1431,1889.18,471.91,30.82,125.61,0.7349,-1,-1,-1
223,1426,785.55,110.48,30.37,40.16,0.7149,-1,-1,-1
224,1421,1660.17,366.12,94.7,135.33,0.9783,-1,-1,-1
224,1382,938.87,393.18,48.31,130.42,0.9752,-1,-1,-1
224,1262,669.22,403.74,57.8,136.48,0.9732,-1,-1,-1
224,1242,1225.16,470.45,108.4,125.22,0.9647,-1,-1,-1
224,1243,1005.49,226.98,39.15,94.13,0.9646,-1,-1,-1
224,1251,770.37,663.67,114.4,194.37,0.9626,-1,-1,-1
224,1395,1260.41,178.7,48.43,87.28,0.9592,-1,-1,-1
224,1394,766.75,225.36,43.81,96.11,0.958,-1,-1,-1
224,1432,1840.46,276.33,63.52,125.16,0.9559,-1,-1,-1
224,1383,1155.38,180.77,34.17,85.21,0.9408,-1,-1,-1
224,1253,390.47,215.9,35.63,92.4,0.9358,-1,-1,-1
224,1309,1075.35,146.14,35.39,73.89,0.9337,-1,-1,-1
224,1398,189.01,215.76,36.61,90.38,0.9217,-1,-1,-1
224,1396,586.18,143.12,33.37,69.09,0.9113,-1,-1,-1
224,1431,1886.28,476.93,33.51,129.94,0.9078,-1,-1,-1
224,1426,773.35,110.62,27.08,41.19,0.7679,-1,-1,-1
225,1262,656.48,402.98,63.9,140.3,0.9779,-1,-1,-1
225,1421,1656.14,368.89,84.23,131.36,0.9778,-1,-1,-1
225,1382,922.37,394.87,61.88,133.31,0.9727,-1,-1,-1
225,1243,991.38,227.28,43.92,96.0,0.9715,-1,-1,-1
225,1394,753.51,227.75,45.24,95.67,0.971,-1,-1,-1
225,1432,1822.81,276.31,67.6,125.9,0.9679,-1,-1,-1
225,1251,774.73,660.77,98.92,198.51,0.9669,-1,-1,-1
225,1431,1877.03,460.96,42.97,147.53,0.9611,-1,-1,-1
225,1383,1139.58,183.1,37.58,83.48,0.9541,-1,-1,-1
225,1253,374.05,217.54,35.59,91.83,0.9529,-1,-1,-1
225,1395,1248.54,178.91,46.03,87.63,0.9518,-1,-1,-1
225,1309,1060.48,146.95,38.73,74.53,0.9513,-1,-1,-1
225,1242,1208.76,470.66,119.19,127.46,0.9394,-1,-1,-1
225,1398,169.85,217.86,35.39,90.51,0.8897,-1,-1,-1
225,1396,570.13,143.41,35.51,70.52,0.8535,-1,-1,-1
225,1426,761.58,109.81,24.57,43.2,0.5789,-1,-1,-1
226,1262,651.81,403.12,67.67,141.26,0.9777,-1,-1,-1
226,1382,915.97,394.95,67.49,133.5,0.9718,-1,-1,-1
226,1421,1656.24,370.08,79.21,131.44,0.9709,-1,-1,-1
226,1432,1814.34,277.32,71.05,125.52,0.9651,-1,-1,-1
226,1394,747.02,227.86,47.0,97.32,0.9637,-1,-1,-1
226,1251,777.55,660.47,90.52,198.49,0.9622,-1,-1,-1
226,1395,1239.12,179.28,49.51,91.16,0.9618,-1,-1,-1
226,1383,1132.9,183.95,39.19,82.82,0.958,-1,-1,-1
226,1309,1053.35,147.58,39.73,75.05,0.9564,-1,-1,-1
226,1431,1873.02,459.53,46.76,151.77,0.9512,-1,-1,-1
226,1242,1207.08,469.3,116.75,128.74,0.9313,-1,-1,-1
226,1253,366.62,218.86,35.18,92.58,0.9215,-1,-1,-1
226,1243,985.39,227.82,46.65,97.37,0.9207,-1,-1,-1
226,1396,562.7,144.2,34.76,70.23,0.8918,-1,-1,-1
226,1398,159.81,219.8,35.12,89.84,0.8422,-1,-1,-1
226,1433,267.79,142.5,21.57,39.45,0.808,-1,-1,-1
226,1426,755.62,112.52,23.06,41.28,0.7812,-1,-1,-1
227,1243,974.1,228.49,48.92,99.22,0.9734,-1,-1,-1
227,1382,905.11,396.45,74.1,132.57,0.9706,-1,-1,-1
227,1421,1655.11,372.18,72.93,130.21,0.9701,-1,-1,-1
227,1262,642.95,404.98,81.28,140.52,0.9699,-1,-1,-1
227,1432,1799.11,278.88,76.67,124.99,0.9692,-1,-1,-1
227,1394,735.97,230.59,45.95,96.67,0.9688,-1,-1,-1
227,1431,1866.17,466.19,53.83,156.71,0.9685,-1,-1,-1
227,1395,1227.63,180.97,48.22,89.15,0.966,-1,-1,-1
227,1383,1119.14,187.23,41.34,81.6,0.9612,-1,-1,-1
227,1309,1039.24,149.56,41.05,74.76,0.9575,-1,-1,-1
227,1251,788.59,667.83,71.25,185.68,0.9552,-1,-1,-1
227,1242,1205.07,474.05,114.9,122.25,0.9524,-1,-1,-1
227,1253,351.85,221.25,34.59,91.31,0.9474,-1,-1,-1
227,1396,548.67,144.71,36.35,72.5,0.9128,-1,-1,-1
227,1398,142.21,221.71,35.09,88.67,0.726,-1,-1,-1
227,1426,745.49,113.67,20.13,41.35,0.4283,-1,-1,-1
228,1262,639.89,407.57,79.1,139.65,0.9801,-1,-1,-1
228,1421,1654.47,373.64,64.42,129.77,0.9757,-1,-1,-1
228,1243,963.41,231.1,51.17,98.06,0.9743,-1,-1,-1
228,1432,1783.38,281.36,79.52,124.07,0.9741,-1,-1,-1
228,1242,1207.78,479.76,103.1,120.9,0.9727,-1,-1,-1
228,1431,1859.99,470.06,57.4,160.33,0.9714,-1,-1,-1
228,1382,896.87,396.34,78.8,134.59,0.9703,-1,-1,-1
228,1394,727.44,233.02,41.76,95.49,0.9631,-1,-1,-1
228,1395,1217.31,183.18,48.06,88.02,0.963,-1,-1,-1
228,1309,1026.38,151.21,41.91,74.57,0.9606,-1,-1,-1
228,1383,1106.21,189.9,42.31,80.63,0.955,-1,-1,-1
228,1251,791.56,662.7,70.36,192.74,0.9521,-1,-1,-1
228,1253,336.94,223.5,34.96,91.42,0.9368,-1,-1,-1
228,1396,535.74,148.04,34.75,71.12,0.9122,-1,-1,-1
228,1398,122.23,221.12,35.91,94.3,0.8914,-1,-1,-1
228,1426,736.43,120.32,19.27,37.03,0.5546,-1,-1,-1
229,1242,1209.19,479.76,98.53,122.04,0.9784,-1,-1,-1
229,1262,638.16,409.23,75.38,138.31,0.9772,-1,-1,-1
229,1432,1775.48,281.91,79.3,124.23,0.9748,-1,-1,-1
229,1431,1857.82,469.93,59.5,161.96,0.9724,-1,-1,-1
229,1421,1649.83,374.36,64.68,129.29,0.9719,-1,-1,-1
229,1243,959.24,232.39,50.0,98.18,0.9718,-1,-1,-1
229,1382,894.66,396.78,78.95,134.63,0.9695,-1,-1,-1
229,1383,1099.53,190.73,42.68,80.83,0.9634,-1,-1,-1
229,1394,723.1,234.14,39.24,95.85,0.96,-1,-1,-1
229,1309,1019.88,152.63,41.15,74.06,0.9598,-1,-1,-1
229,1395,1212.5,183.64,47.29,88.06,0.9576,-1,-1,-1
229,1251,792.63,665.03,67.52,187.13,0.9503,-1,-1,-1
229,1253,329.26,224.94,35.52,91.64,0.9458,-1,-1,-1
229,1398,112.93,221.08,36.75,96.98,0.9395,-1,-1,-1
229,1396,530.04,149.29,33.96,71.56,0.9179,-1,-1,-1
229,1435,229.91,145.32,22.15,43.28,0.7461,-1,-1,-1
230,1242,1206.37,480.16,94.65,123.46,0.9826,-1,-1,-1
230,1243,951.31,235.7,48.1,97.89,0.9761,-1,-1,-1
230,1421,1641.84,375.04,64.31,133.97,0.9744,-1,-1,-1
230,1382,893.72,399.42,78.77,132.46,0.9706,-1,-1,-1
230,1262,640.57,414.34,63.32,133.77,0.9675,-1,-1,-1
230,1431,1853.87,475.65,63.24,159.25,0.9667,-1,-1,-1
230,1383,1087.2,192.04,42.44,80.86,0.9642,-1,-1,-1
230,1432,1761.37,287.55,76.87,119.33,0.9625,-1,-1,-1
230,1309,1007.38,154.67,41.6,74.46,0.9611,-1,-1,-1
230,1395,1205.23,186.1,42.97,84.93,0.9509,-1,-1,-1
230,1253,315.16,227.58,34.38,93.16,0.9509,-1,-1,-1
230,1398,93.1,225.61,39.31,95.75,0.9479,-1,-1,-1
230,1251,788.44,661.17,71.98,192.62,0.9467,-1,-1,-1
230,1394,715.87,234.88,35.89,97.99,0.9464,-1,-1,-1
230,1396,518.98,151.87,30.91,70.73,0.9174,-1,-1,-1
231,1421,1634.59,378.3,62.31,135.07,0.9758,-1,-1,-1
231,1431,1852.15,479.83,64.96,154.2,0.9744,-1,-1,-1
231,1243,945.74,239.54,45.53,95.67,0.9733,-1,-1,-1
231,1242,1202.77,479.16,91.93,126.6,0.9723,-1,-1,-1
231,1262,644.51,417.19,58.46,132.81,0.969,-1,-1,-1
231,1382,895.06,400.24,78.81,132.78,0.9669,-1,-1,-1
231,1383,1077.11,192.53,40.61,83.54,0.9668,-1,-1,-1
231,1432,1748.64,286.44,75.2,123.42,0.9662,-1,-1,-1
231,1309,994.14,156.97,42.01,74.6,0.9622,-1,-1,-1
231,1395,1196.77,185.94,40.03,91.51,0.9529,-1,-1,-1
231,1394,708.12,237.35,31.82,97.13,0.9479,-1,-1,-1
231,1253,300.1,230.48,36.04,92.83,0.9456,-1,-1,-1
231,1398,73.22,228.04,43.76,95.8,0.9352,-1,-1,-1
231,1396,508.07,153.23,29.18,71.07,0.9274,-1,-1,-1
231,1251,773.34,660.87,89.28,192.65,0.9252,-1,-1,-1
232,1242,1200.41,479.77,90.8,131.45,0.9761,-1,-1,-1
232,1262,648.84,417.85,54.04,132.96,0.9746,-1,-1,-1
232,1421,1631.82,379.62,61.1,136.36,0.9742,-1,-1,-1
232,1431,1851.01,481.62,65.55,152.48,0.9733,-1,-1,-1
232,1243,943.28,240.63,43.59,95.79,0.9707,-1,-1,-1
232,1432,1743.0,287.66,73.63,123.1,0.9681,-1,-1,-1
232,1398,64.02,229.43,44.7,96.91,0.965,-1,-1,-1
232,1383,1072.38,194.27,39.04,83.1,0.9634,-1,-1,-1
232,1309,988.79,159.04,41.96,73.64,0.9617,-1,-1,-1
232,1253,292.7,231.75,36.67,94.07,0.9418,-1,-1,-1
232,1394,703.67,239.17,30.65,96.88,0.9398,-1,-1,-1
232,1382,900.86,399.06,72.86,134.89,0.9329,-1,-1,-1
232,1395,1195.49,185.97,35.6,89.01,0.9305,-1,-1,-1
232,1251,767.86,662.01,95.76,191.15,0.9244,-1,-1,-1
232,1396,502.94,153.75,27.09,72.31,0.904,-1,-1,-1
232,1437,193.1,141.32,23.86,51.65,0.7596,-1,-1,-1
233,1242,1201.41,480.98,83.02,139.12,0.9764,-1,-1,-1
233,1262,646.21,419.98,55.55,133.69,0.9738,-1,-1,-1
233,1431,1845.56,484.29,67.52,151.47,0.9732,-1,-1,-1
233,1432,1732.94,289.56,72.71,122.28,0.9722,-1,-1,-1
233,1421,1624.67,384.23,60.02,136.51,0.9707,-1,-1,-1
233,1398,46.83,231.61,44.95,97.01,0.9655,-1,-1,-1
233,1243,940.79,242.39,39.42,95.65,0.9641,-1,-1,-1
233,1309,977.64,161.57,41.34,73.99,0.9608,-1,-1,-1
233,1382,903.37,400.55,67.46,132.48,0.9507,-1,-1,-1
233,1253,278.73,234.55,36.2,93.62,0.9481,-1,-1,-1
233,1383,1062.83,194.78,36.32,84.71,0.9362,-1,-1,-1
233,1251,772.59,650.9,91.73,204.04,0.9352,-1,-1,-1
233,1394,692.86,240.87,28.71,98.02,0.9326,-1,-1,-1
233,1395,1186.83,187.3,32.64,88.68,0.9307,-1,-1,-1
233,1396,492.5,156.37,24.97,71.79,0.8817,-1,-1,-1
234,1242,1199.67,484.83,78.64,141.8,0.9763,-1,-1,-1
234,1382,892.06,400.95,74.92,136.6,0.976,-1,-1,-1
234,1262,634.03,420.19,64.84,137.74,0.9759,-1,-1,-1
234,1432,1724.96,291.47,70.7,122.56,0.9709,-1,-1,-1
234,1421,1617.43,388.9,59.91,136.99,0.9698,-1,-1,-1
234,1431,1830.49,486.74,80.05,155.11,0.9622,-1,-1,-1
234,1243,935.46,243.43,36.87,98.11,0.9606,-1,-1,-1
234,1309,967.61,163.74,40.28,73.49,0.9539,-1,-1,-1
234,1398,28.38,236.27,45.01,95.86,0.9534,-1,-1,-1
234,1253,264.66,237.26,36.46,93.87,0.9506,-1,-1,-1
234,1394,680.34,243.62,33.06,97.98,0.947,-1,-1,-1
234,1383,1054.94,199.21,30.71,82.82,0.9299,-1,-1,-1
234,1251,774.93,653.73,85.8,200.44,0.9294,-1,-1,-1
234,1395,1178.2,189.8,30.51,88.53,0.9099,-1,-1,-1
234,1396,481.15,160.66,24.82,70.93,0.909,-1,-1,-1
235,1431,1825.46,487.49,84.37,159.16,0.9788,-1,-1,-1
235,1262,629.28,420.59,68.25,139.16,0.9778,-1,-1,-1
235,1242,1199.29,486.61,76.53,144.33,0.9767,-1,-1,-1
235,1421,1612.69,392.56,60.46,136.33,0.9763,-1,-1,-1
235,1382,887.45,400.19,76.89,138.8,0.9732,-1,-1,-1
235,1432,1721.55,291.73,68.37,122.68,0.9685,-1,-1,-1
235,1243,930.0,244.08,37.84,99.09,0.9633,-1,-1,-1
235,1398,16.93,238.1,47.3,95.86,0.9624,-1,-1,-1
235,1394,674.68,244.75,37.14,98.44,0.9624,-1,-1,-1
235,1253,257.1,238.84,37.24,93.58,0.9574,-1,-1,-1
235,1309,963.65,163.33,40.15,74.63,0.9556,-1,-1,-1
235,1395,1173.14,188.5,30.6,91.16,0.9325,-1,-1,-1
235,1251,777.46,659.59,79.76,191.41,0.9307,-1,-1,-1
235,1383,1051.94,201.41,27.48,81.37,0.9254,-1,-1,-1
235,1396,474.95,161.48,25.91,71.5,0.9152,-1,-1,-1
235,1439,159.81,145.72,21.5,53.58,0.9009,-1,-1,-1
236,1242,1197.5,491.33,74.07,146.14,0.9773,-1,-1,-1
236,1262,622.9,421.33,74.75,141.03,0.974,-1,-1,-1
236,1382,880.4,403.28,75.33,134.25,0.9723,-1,-1,-1
236,1421,1604.61,400.12,62.47,133.91,0.9722,-1,-1,-1
236,1432,1714.24,293.73,65.09,122.72,0.9715,-1,-1,-1
236,1394,663.01,248.8,44.7,96.96,0.9676,-1,-1,-1
236,1243,918.86,246.03,41.25,100.15,0.9664,-1,-1,-1
236,1431,1811.09,488.79,100.65,166.03,0.964,-1,-1,-1
236,1253,243.35,241.37,37.11,94.27,0.9563,-1,-1,-1
236,1309,956.08,166.43,36.24,73.71,0.9464,-1,-1,-1
236,1251,768.56,659.91,93.52,192.45,0.9452,-1,-1,-1
236,1395,1162.01,191.24,30.26,91.71,0.934,-1,-1,-1
236,1398,5.9,239.76,37.32,97.42,0.9255,-1,-1,-1
236,1396,462.04,165.12,27.09,70.45,0.9219,-1,-1,-1
236,1383,1043.97,201.67,23.75,81.88,0.9123,-1,-1,-1
237,1262,617.72,424.76,85.05,136.52,0.9803,-1,-1,-1
237,1242,1198.42,496.36,65.64,142.55,0.9761,-1,-1,-1
237,1243,909.59,248.49,44.32,100.79,0.9746,-1,-1,-1
237,1382,875.87,404.97,78.23,134.25,0.9729,-1,-1,-1
237,1421,1596.02,404.66,63.74,130.84,0.9701,-1,-1,-1
237,1432,1708.79,295.25,60.61,122.06,0.9685,-1,-1,-1
237,1394,650.69,252.6,50.13,95.42,0.9676,-1,-1,-1
237,1251,761.86,660.56,104.3,194.4,0.9666,-1,-1,-1
237,1431,1799.2,497.0,110.95,166.27,0.9612,-1,-1,-1
237,1253,228.61,243.97,37.19,94.29,0.957,-1,-1,-1
237,1309,948.38,167.67,34.24,74.83,0.9415,-1,-1,-1
237,1395,1151.99,193.9,30.2,91.9,0.9381,-1,-1,-1
237,1396,449.32,165.92,28.0,72.29,0.9233,-1,-1,-1
237,1383,1035.29,204.39,21.27,82.2,0.8999,-1,-1,-1
237,1398,1.85,246.54,23.26,93.28,0.7812,-1,-1,-1
238,1262,616.48,426.47,84.92,136.14,0.9778,-1,-1,-1
238,1421,1591.23,404.62,66.03,137.49,0.9767,-1,-1,-1
238,1243,904.74,249.84,46.24,99.77,0.9732,-1,-1,-1
238,1242,1197.1,499.21,65.61,140.1,0.973,-1,-1,-1
238,1382,875.92,404.86,76.19,134.82,0.9729,-1,-1,-1
238,1432,1705.96,297.36,59.16,121.61,0.9729,-1,-1,-1
238,1251,758.2,659.17,110.41,197.59,0.9642,-1,-1,-1
238,1394,645.03,254.07,50.85,94.81,0.9602,-1,-1,-1
238,1431,1795.32,500.18,113.86,166.59,0.9597,-1,-1,-1
238,1253,221.09,244.86,38.29,95.65,0.9555,-1,-1,-1
238,1395,1146.57,196.18,32.15,91.59,0.9434,-1,-1,-1
238,1309,944.45,169.71,31.8,73.76,0.9282,-1,-1,-1
238,1441,124.02,148.84,21.23,56.22,0.9125,-1,-1,-1
238,1396,442.21,166.96,29.6,72.18,0.8995,-1,-1,-1
238,1383,1030.21,205.36,21.14,82.03,0.8647,-1,-1,-1
238,1398,0.91,252.85,13.96,86.64,0.791,-1,-1,-1
239,1243,897.2,252.84,46.08,100.57,0.9748,-1,-1,-1
239,1262,618.84,429.82,72.66,136.88,0.9715,-1,-1,-1
239,1382,880.43,407.21,64.19,135.08,0.9714,-1,-1,-1
239,1242,1197.77,501.42,59.27,140.87,0.9701,-1,-1,-1
239,1394,633.01,256.77,53.01,96.2,0.9678,-1,-1,-1
239,1421,1584.85,413.08,72.78,125.76,0.965,-1,-1,-1
239,1432,1700.25,298.85,53.94,121.44,0.96,-1,-1,-1
239,1253,206.75,248.66,38.44,95.68,0.9565,-1,-1,-1
239,1395,1136.39,199.77,37.28,88.3,0.9518,-1,-1,-1
239,1251,751.79,658.97,119.63,191.13,0.9486,-1,-1,-1
239,1309,933.55,171.45,32.55,74.71,0.9343,-1,-1,-1
239,1431,1788.28,504.3,115.6,166.34,0.9214,-1,-1,-1
239,1396,430.11,168.98,30.58,72.05,0.9076,-1,-1,-1
239,1383,1018.57,206.57,22.58,82.43,0.8658,-1,-1,-1
240,1382,887.58,408.45,52.16,135.43,0.973,-1,-1,-1
240,1262,622.88,433.92,57.45,135.63,0.9717,-1,-1,-1
240,1242,1194.8,503.58,57.55,138.72,0.9691,-1,-1,-1
240,1243,892.42,257.22,40.4,99.4,0.9662,-1,-1,-1
240,1432,1688.43,300.28,54.51,124.55,0.9661,-1,-1,-1
240,1421,1578.31,417.11,76.75,122.84,0.9648,-1,-1,-1
240,1395,1124.65,205.21,41.41,84.9,0.9632,-1,-1,-1
240,1431,1781.38,507.05,120.6,163.03,0.9562,-1,-1,-1
240,1253,193.12,250.99,37.58,94.88,0.9558,-1,-1,-1
240,1251,750.94,668.08,119.57,167.89,0.9443,-1,-1,-1
240,1394,622.53,259.98,50.37,96.63,0.939,-1,-1,-1
240,1309,922.23,173.05,33.77,76.04,0.9368,-1,-1,-1
240,1396,418.55,172.72,31.6,72.29,0.935,-1,-1,-1
240,1383,1007.47,216.72,24.65,76.07,0.6737,-1,-1,-1
241,1421,1575.76,419.7,77.01,122.21,0.9766,-1,-1,-1
241,1382,893.05,408.41,45.16,135.38,0.9737,-1,-1,-1
241,1262,626.08,436.28,52.92,134.63,0.9723,-1,-1,-1
241,1394,617.69,261.74,48.17,95.54,0.9705,-1,-1,-1
241,1242,1192.92,504.92,59.07,138.98,0.9698,-1,-1,-1
241,1432,1682.33,301.76,55.81,123.79,0.9696,-1,-1,-1
241,1253,185.54,252.71,38.19,94.53,0.9576,-1,-1,-1
241,1243,890.37,260.07,36.84,97.33,0.9565,-1,-1,-1
241,1395,1119.75,208.56,42.21,82.8,0.9558,-1,-1,-1
241,1431,1782.7,511.61,115.24,157.41,0.9548,-1,-1,-1
241,1251,747.72,669.25,123.27,169.43,0.9465,-1,-1,-1
241,1396,412.52,174.44,31.95,71.65,0.9389,-1,-1,-1
241,1383,1001.28,209.92,27.34,83.71,0.9352,-1,-1,-1
241,1309,916.88,174.24,34.33,75.54,0.9342,-1,-1,-1
241,1444,89.64,153.67,21.1,58.3,0.8485,-1,-1,-1
241,1445,618.99,140.69,20.99,42.28,0.563,-1,-1,-1
242,1262,634.69,440.12,47.04,132.02,0.9747,-1,-1,-1
242,1432,1670.47,305.45,57.49,121.98,0.9723,-1,-1,-1
242,1421,1568.73,422.27,78.58,123.75,0.9713,-1,-1,-1
242,1242,1187.41,507.67,71.58,144.64,0.9709,-1,-1,-1
242,1431,1794.32,513.22,90.29,161.46,0.9702,-1,-1,-1
242,1394,609.2,263.93,45.24,96.15,0.9687,-1,-1,-1
242,1382,888.5,413.7,46.23,132.09,0.9626,-1,-1,-1
242,1253,171.88,255.02,37.87,95.88,0.9498,-1,-1,-1
242,1243,886.49,263.27,33.29,98.52,0.9477,-1,-1,-1
242,1396,401.08,177.1,31.63,71.5,0.9472,-1,-1,-1
242,1383,989.27,213.08,32.33,82.97,0.9454,-1,-1,-1
242,1309,905.88,177.11,35.79,74.13,0.9283,-1,-1,-1
242,1395,1107.61,209.9,42.58,83.46,0.9194,-1,-1,-1
242,1251,749.28,671.18,121.14,172.78,0.9144,-1,-1,-1
243,1431,1798.91,515.09,75.16,161.79,0.9765,-1,-1,-1
243,1262,627.3,440.91,56.82,134.63,0.9756,-1,-1,-1
243,1421,1560.38,426.71,76.71,120.01,0.9733,-1,-1,-1
243,1432,1658.39,307.14,59.7,123.1,0.9713,-1,-1,-1
243,1242,1181.58,512.5,81.12,146.6,0.9712,-1,-1,-1
243,1394,602.37,264.91,40.14,97.96,0.9694,-1,-1,-1
243,1382,880.53,416.27,52.39,130.47,0.9636,-1,-1,-1
243,1395,1095.89,210.83,42.08,83.73,0.9551,-1,-1,-1
243,1253,158.25,256.19,37.17,98.04,0.9495,-1,-1,-1
243,1309,894.8,179.41,36.7,73.8,0.9457,-1,-1,-1
243,1243,882.45,265.78,31.36,96.3,0.944,-1,-1,-1
243,1396,389.5,179.35,31.9,72.8,0.9427,-1,-1,-1
243,1383,977.49,215.36,33.98,83.97,0.9364,-1,-1,-1
243,1251,751.42,672.73,118.62,174.74,0.8997,-1,-1,-1
244,1262,622.17,440.99,61.38,135.92,0.9749,-1,-1,-1
244,1431,1800.35,514.85,70.5,165.84,0.9729,-1,-1,-1
244,1242,1178.3,515.58,85.18,148.97,0.9723,-1,-1,-1
244,1421,1555.92,430.4,74.44,116.87,0.9714,-1,-1,-1
244,1432,1653.05,308.47,58.96,122.66,0.9699,-1,-1,-1
244,1382,876.72,411.81,56.99,136.28,0.966,-1,-1,-1
244,1395,1089.71,214.13,42.12,82.45,0.9635,-1,-1,-1
244,1243,877.21,267.21,33.22,96.37,0.9481,-1,-1,-1
244,1309,889.41,180.8,36.81,73.01,0.9473,-1,-1,-1
244,1253,150.74,259.15,37.98,95.29,0.945,-1,-1,-1
244,1394,599.43,266.21,37.27,97.47,0.9419,-1,-1,-1
244,1251,753.29,676.69,106.1,170.05,0.939,-1,-1,-1
244,1383,971.96,215.49,34.22,84.49,0.9357,-1,-1,-1
244,1396,383.74,179.97,31.88,73.15,0.9351,-1,-1,-1
244,1450,55.69,160.97,22.32,58.9,0.84,-1,-1,-1
245,1242,1171.58,522.98,88.68,148.61,0.9774,-1,-1,-1
245,1251,750.56,677.09,84.75,171.78,0.9772,-1,-1,-1
245,1432,1639.69,311.12,61.02,121.77,0.9715,-1,-1,-1
245,1421,1546.34,434.28,71.22,114.32,0.97,-1,-1,-1
245,1262,611.92,441.91,71.32,139.72,0.9699,-1,-1,-1
245,1382,874.84,410.95,55.86,138.85,0.9693,-1,-1,-1
245,1431,1808.24,519.12,55.67,167.56,0.9665,-1,-1,-1
245,1243,865.88,267.36,39.1,98.7,0.9644,-1,-1,-1
245,1253,136.64,262.11,38.21,95.86,0.9603,-1,-1,-1
245,1395,1079.21,213.77,41.33,89.56,0.9578,-1,-1,-1
245,1309,878.11,184.63,37.8,71.06,0.9483,-1,-1,-1
245,1383,961.08,217.81,33.07,84.66,0.9479,-1,-1,-1
245,1396,373.32,182.01,30.78,74.18,0.9332,-1,-1,-1
245,1394,593.55,267.41,31.5,99.45,0.92,-1,-1,-1
246,1242,1165.12,530.56,84.41,143.8,0.978,-1,-1,-1
246,1262,606.01,443.22,84.11,139.07,0.9747,-1,-1,-1
246,1251,750.22,679.16,61.39,168.2,0.973,-1,-1,-1
246,1421,1534.83,437.67,69.85,112.33,0.9719,-1,-1,-1
246,1432,1629.22,314.19,59.81,122.36,0.9706,-1,-1,-1
246,1382,879.24,411.25,42.06,139.34,0.9704,-1,-1,-1
246,1243,854.44,268.68,43.05,102.34,0.9694,-1,-1,-1
246,1431,1807.15,522.08,50.92,169.57,0.9694,-1,-1,-1
246,1309,867.75,186.16,38.2,72.69,0.9619,-1,-1,-1
246,1395,1071.13,216.9,39.3,86.41,0.9611,-1,-1,-1
246,1253,122.93,265.9,37.84,96.15,0.956,-1,-1,-1
246,1383,950.96,219.67,31.37,84.59,0.9545,-1,-1,-1
246,1396,363.48,184.42,29.35,74.22,0.9269,-1,-1,-1
246,1394,588.47,270.24,28.28,98.62,0.9032,-1,-1,-1
246,1456,1843.86,183.25,36.05,84.91,0.8167,-1,-1,-1
247,1262,602.58,444.89,92.75,139.25,0.9777,-1,-1,-1
247,1242,1161.44,534.41,83.73,141.73,0.9767,-1,-1,-1
247,1251,748.85,678.2,64.65,169.02,0.9755,-1,-1,-1
247,1421,1529.13,438.23,69.64,112.09,0.9723,-1,-1,-1
247,1243,850.57,270.08,44.99,100.55,0.9716,-1,-1,-1
247,1382,882.54,411.82,37.79,138.12,0.9697,-1,-1,-1
247,1431,1804.14,524.31,50.43,168.29,0.9668,-1,-1,-1
247,1432,1624.61,315.4,58.9,121.76,0.966,-1,-1,-1
247,1309,862.2,186.61,39.06,74.01,0.9627,-1,-1,-1
247,1383,945.73,221.13,32.09,84.4,0.9503,-1,-1,-1
247,1253,116.26,267.29,37.73,95.96,0.9461,-1,-1,-1
247,1395,1068.33,218.85,36.31,85.87,0.9439,-1,-1,-1
247,1394,584.58,270.6,30.29,99.28,0.9321,-1,-1,-1
247,1396,358.39,186.4,28.51,73.93,0.9302,-1,-1,-1
247,1457,21.12,165.88,21.51,57.98,0.6782,-1,-1,-1
247,1458,563.86,147.78,27.94,47.03,0.4681,-1,-1,-1
247,1456,1836.59,182.43,37.19,87.2,0.8667,-1,-1,-1
248,1242,1152.85,538.53,83.19,142.9,0.9774,-1,-1,-1
248,1251,749.03,676.7,69.58,170.18,0.975,-1,-1,-1
248,1421,1517.98,439.59,70.31,113.35,0.9723,-1,-1,-1
248,1382,881.66,413.25,39.08,136.25,0.9717,-1,-1,-1
248,1262,600.8,450.04,96.6,133.37,0.9713,-1,-1,-1
248,1432,1616.57,318.07,55.98,120.88,0.9707,-1,-1,-1
248,1243,841.71,273.21,52.25,100.27,0.9704,-1,-1,-1
248,1309,854.19,189.24,37.75,73.42,0.9594,-1,-1,-1
248,1431,1798.96,528.49,52.82,172.97,0.9572,-1,-1,-1
248,1394,576.31,272.62,34.44,101.15,0.9497,-1,-1,-1
248,1383,936.93,224.39,30.89,83.42,0.946,-1,-1,-1
248,1395,1064.96,218.33,30.53,87.39,0.9359,-1,-1,-1
248,1253,104.06,269.74,36.57,94.71,0.9266,-1,-1,-1
248,1396,349.67,189.86,27.03,72.93,0.917,-1,-1,-1
248,1458,553.26,151.87,31.91,46.53,0.6908,-1,-1,-1
248,1456,1825.64,183.92,37.06,87.06,0.8725,-1,-1,-1
249,1421,1507.57,440.98,71.63,112.75,0.978,-1,-1,-1
249,1431,1795.17,537.84,68.52,167.38,0.9762,-1,-1,-1
249,1432,1612.4,320.86,50.52,118.63,0.9751,-1,-1,-1
249,1242,1148.34,544.86,82.99,144.17,0.9748,-1,-1,-1
249,1251,746.9,674.18,73.98,170.75,0.9732,-1,-1,-1
249,1262,602.39,451.76,94.77,131.54,0.9724,-1,-1,-1
249,1382,880.87,414.34,43.94,139.18,0.9715,-1,-1,-1
249,1243,835.21,276.04,58.29,100.22,0.9581,-1,-1,-1
249,1383,928.77,226.1,30.27,84.01,0.9533,-1,-1,-1
249,1309,848.82,191.34,34.9,73.15,0.9488,-1,-1,-1
249,1394,569.6,275.43,36.16,100.64,0.9461,-1,-1,-1
249,1395,1060.55,219.2,27.09,86.69,0.9428,-1,-1,-1
249,1253,93.17,273.66,36.98,95.88,0.9318,-1,-1,-1
249,1396,342.57,191.86,26.31,73.87,0.9305,-1,-1,-1
249,1458,544.28,149.39,32.87,49.66,0.7262,-1,-1,-1
249,1456,1814.79,189.61,36.65,81.7,0.9116,-1,-1,-1
250,1432,1611.26,321.47,48.4,118.87,0.9769,-1,-1,-1
250,1382,881.33,417.31,50.47,136.9,0.9757,-1,-1,-1
250,1262,603.85,452.66,90.88,131.97,0.9752,-1,-1,-1
250,1242,1147.85,548.21,81.56,143.98,0.9719,-1,-1,-1
250,1251,747.29,673.23,73.46,172.54,0.9717,-1,-1,-1
250,1431,1795.36,539.42,75.17,170.22,0.9715,-1,-1,-1
250,1243,832.89,277.63,58.41,99.96,0.9702,-1,-1,-1
250,1421,1501.37,439.54,73.65,115.75,0.9695,-1,-1,-1
250,1394,566.78,277.62,37.26,100.29,0.9524,-1,-1,-1
250,1253,88.6,275.86,37.66,94.91,0.9484,-1,-1,-1
250,1383,926.37,226.92,29.26,85.01,0.9446,-1,-1,-1
250,1395,1058.05,219.47,26.83,87.32,0.9421,-1,-1,-1
250,1309,847.64,191.84,32.18,74.55,0.9314,-1,-1,-1
250,1396,338.97,192.74,26.34,73.41,0.9266,-1,-1,-1
250,1458,540.85,145.01,33.45,56.53,0.8691,-1,-1,-1
250,1456,1810.07,187.55,36.62,84.6,0.9048,-1,-1,-1
251,1431,1796.11,546.47,93.07,166.05,0.9759,-1,-1,-1
251,1242,1151.74,552.3,74.0,147.1,0.9741,-1,-1,-1
251,1243,833.11,280.33,54.08,99.24,0.9733,-1,-1,-1
251,1432,1611.96,322.09,42.92,119.92,0.9724,-1,-1,-1
251,1251,751.63,670.93,70.1,173.44,0.9713,-1,-1,-1
251,1262,616.86,454.87,71.69,132.36,0.9707,-1,-1,-1
251,1382,883.03,420.81,53.79,134.03,0.9703,-1,-1,-1
251,1421,1493.52,437.88,75.71,120.14,0.97,-1,-1,-1
251,1394,563.17,280.66,40.19,99.48,0.9631,-1,-1,-1
251,1309,846.05,194.01,29.42,74.84,0.9569,-1,-1,-1
251,1383,922.75,228.21,28.11,85.63,0.9498,-1,-1,-1
251,1253,81.53,277.35,37.27,97.14,0.9478,-1,-1,-1
251,1396,335.08,194.4,25.8,74.55,0.9441,-1,-1,-1
251,1395,1054.17,220.81,26.86,87.46,0.9317,-1,-1,-1
251,1458,535.89,145.33,34.0,58.66,0.908,-1,-1,-1
251,1456,1805.85,191.39,35.18,82.66,0.8742,-1,-1,-1
252,1242,1155.31,556.16,70.02,145.59,0.978,-1,-1,-1
252,1394,562.46,283.2,43.95,99.62,0.9756,-1,-1,-1
252,1262,632.42,456.25,61.18,133.28,0.9741,-1,-1,-1
252,1243,837.12,282.55,48.95,98.97,0.9735,-1,-1,-1
252,1421,1487.11,436.12,80.15,121.29,0.9705,-1,-1,-1
252,1382,888.99,425.36,51.92,130.97,0.97,-1,-1,-1
252,1432,1615.12,323.3,40.35,120.9,0.9693,-1,-1,-1
252,1431,1801.59,551.76,100.74,161.6,0.9682,-1,-1,-1
252,1251,756.62,671.33,74.38,175.07,0.9679,-1,-1,-1
252,1253,79.07,279.08,37.34,99.45,0.9573,-1,-1,-1
252,1383,921.42,230.27,28.56,85.26,0.9556,-1,-1,-1
252,1309,846.92,195.37,26.64,75.05,0.9508,-1,-1,-1
252,1396,334.58,195.86,28.26,75.79,0.9469,-1,-1,-1
252,1395,1053.56,222.98,26.87,88.31,0.9467,-1,-1,-1
252,1458,535.82,147.95,31.97,57.8,0.8897,-1,-1,-1
252,1456,1804.45,192.27,34.1,82.68,0.9263,-1,-1,-1
253,1421,1481.91,436.25,86.52,122.2,0.9809,-1,-1,-1
253,1242,1157.17,558.37,69.06,145.34,0.978,-1,-1,-1
253,1243,842.03,284.07,45.27,97.74,0.9737,-1,-1,-1
253,1251,758.98,671.67,76.63,178.78,0.9736,-1,-1,-1
253,1394,563.36,285.86,44.71,97.89,0.9727,-1,-1,-1
253,1382,893.59,426.98,52.72,130.07,0.9708,-1,-1,-1
253,1432,1617.35,323.99,40.34,121.32,0.9694,-1,-1,-1
253,1262,642.77,457.33,57.76,132.7,0.9691,-1,-1,-1
253,1431,1804.74,554.79,107.33,160.71,0.96,-1,-1,-1
253,1253,78.72,280.16,37.73,100.18,0.9542,-1,-1,-1
253,1383,922.22,231.24,29.18,85.63,0.9538,-1,-1,-1
253,1396,335.46,197.27,30.05,75.36,0.951,-1,-1,-1
253,1395,1054.6,224.38,27.47,87.94,0.9505,-1,-1,-1
253,1309,848.26,196.57,25.71,75.16,0.9447,-1,-1,-1
253,1458,536.92,148.29,31.35,59.01,0.9174,-1,-1,-1
253,1456,1804.71,193.7,34.34,82.7,0.9216,-1,-1,-1
254,1421,1477.28,437.03,92.94,125.43,0.9806,-1,-1,-1
254,1394,568.23,288.8,45.4,97.67,0.978,-1,-1,-1
254,1262,666.65,457.41,46.39,135.42,0.9745,-1,-1,-1
254,1243,852.64,286.27,41.97,98.56,0.9689,-1,-1,-1
254,1432,1621.82,325.52,41.65,122.21,0.9688,-1,-1,-1
254,1251,764.65,671.51,85.26,188.02,0.9682,-1,-1,-1
254,1242,1162.6,565.48,70.32,138.82,0.9678,-1,-1,-1
254,1382,903.71,429.11,59.02,130.38,0.96,-1,-1,-1
254,1253,82.59,283.72,38.26,96.93,0.9571,-1,-1,-1
254,1431,1808.13,558.43,111.87,165.76,0.9534,-1,-1,-1
254,1395,1058.85,226.91,29.75,88.25,0.9485,-1,-1,-1
254,1396,340.19,201.0,33.05,73.01,0.9405,-1,-1,-1
254,1309,853.19,199.09,24.75,75.32,0.9393,-1,-1,-1
254,1383,924.8,234.81,30.7,84.28,0.9368,-1,-1,-1
254,1458,542.91,157.7,28.14,50.74,0.8466,-1,-1,-1
254,1456,1808.5,194.63,34.78,84.76,0.8836,-1,-1,-1
255,1421,1475.62,438.79,95.96,125.91,0.9762,-1,-1,-1
255,1262,682.52,459.83,46.83,134.97,0.975,-1,-1,-1
255,1394,575.83,291.28,45.64,98.91,0.974,-1,-1,-1
255,1251,769.7,682.17,97.19,175.86,0.9736,-1,-1,-1
255,1242,1171.06,568.32,71.29,140.95,0.9724,-1,-1,-1
255,1382,916.73,430.72,73.51,131.08,0.9719,-1,-1,-1
255,1432,1629.86,327.71,42.94,122.96,0.9716,-1,-1,-1
255,1253,87.39,285.92,39.66,96.9,0.9673,-1,-1,-1
255,1243,867.2,287.0,36.3,101.12,0.9583,-1,-1,-1
255,1431,1817.06,566.72,101.58,152.56,0.956,-1,-1,-1
255,1383,929.2,236.64,35.56,85.08,0.9468,-1,-1,-1
255,1395,1064.97,230.64,31.86,88.2,0.9462,-1,-1,-1
255,1309,860.22,200.8,25.08,75.25,0.9379,-1,-1,-1
255,1396,346.95,203.41,34.73,73.51,0.9361,-1,-1,-1
255,1465,0.96,177.37,22.35,68.3,0.7765,-1,-1,-1
255,1458,550.51,158.44,27.38,53.02,0.7278,-1,-1,-1
255,1456,1814.75,198.36,35.62,82.56,0.9095,-1,-1,-1
256,1421,1475.66,439.73,96.18,124.59,0.9764,-1,-1,-1
256,1262,689.98,460.65,49.09,137.6,0.974,-1,-1,-1
256,1394,582.01,292.67,44.54,98.38,0.9728,-1,-1,-1
256,1242,1176.11,570.03,73.1,140.91,0.9717,-1,-1,-1
256,1431,1822.2,567.88,97.48,151.78,0.9715,-1,-1,-1
256,1382,924.18,429.86,74.83,133.79,0.9709,-1,-1,-1
256,1432,1635.12,329.18,44.53,123.88,0.9703,-1,-1,-1
256,1251,774.29,681.61,96.06,179.68,0.9607,-1,-1,-1
256,1253,92.07,287.72,40.5,96.31,0.9565,-1,-1,-1
256,1243,872.74,287.35,36.35,101.51,0.9535,-1,-1,-1
256,1395,1069.52,232.08,32.77,87.71,0.9469,-1,-1,-1
256,1383,933.16,237.57,34.95,84.83,0.9462,-1,-1,-1
256,1396,351.86,203.88,35.07,73.98,0.9428,-1,-1,-1
256,1309,863.94,201.84,27.35,75.04,0.9286,-1,-1,-1
256,1465,4.26,180.51,23.32,66.0,0.7749,-1,-1,-1
256,1458,556.61,167.02,24.99,46.82,0.6843,-1,-1,-1
256,1456,1819.71,201.36,34.72,81.84,0.871,-1,-1,-1
257,1421,1476.26,441.16,94.92,120.75,0.978,-1,-1,-1
257,1242,1187.6,570.82,74.08,145.38,0.9775,-1,-1,-1
257,1262,706.94,464.03,62.56,137.43,0.9766,-1,-1,-1
257,1382,939.72,432.65,71.89,133.17,0.9755,-1,-1,-1
257,1432,1646.9,331.68,48.58,124.07,0.9744,-1,-1,-1
257,1394,597.74,294.39,41.47,98.54,0.968,-1,-1,-1
257,1243,884.52,288.35,38.83,101.38,0.9661,-1,-1,-1
257,1251,787.23,686.4,96.74,178.33,0.963,-1,-1,-1
257,1253,103.57,290.31,42.15,95.74,0.9509,-1,-1,-1
257,1431,1841.27,578.45,78.73,143.63,0.9505,-1,-1,-1
257,1383,942.01,239.74,36.67,83.57,0.9501,-1,-1,-1
257,1395,1079.62,234.26,32.93,86.85,0.9481,-1,-1,-1
257,1396,362.03,206.94,37.0,73.62,0.9417,-1,-1,-1
257,1457,15.22,181.97,24.67,66.7,0.929,-1,-1,-1
257,1309,874.87,204.5,31.89,75.64,0.9097,-1,-1,-1
257,1456,1831.37,202.18,34.65,83.04,0.7572,-1,-1,-1
258,1242,1203.27,574.03,70.65,146.04,0.9759,-1,-1,-1
258,1421,1487.82,443.81,83.28,119.35,0.9757,-1,-1,-1
258,1262,728.57,468.65,70.88,133.09,0.9745,-1,-1,-1
258,1382,960.0,433.42,66.57,126.49,0.9742,-1,-1,-1
258,1432,1663.82,334.07,52.95,126.32,0.971,-1,-1,-1
258,1243,901.03,290.63,40.24,100.9,0.965,-1,-1,-1
258,1394,616.17,297.07,39.0,97.78,0.9596,-1,-1,-1
258,1251,806.16,686.23,95.54,179.0,0.9567,-1,-1,-1
258,1383,954.7,241.86,38.14,82.89,0.9498,-1,-1,-1
258,1431,1863.06,629.8,56.94,103.2,0.8807,-1,-1,-1
259,1242,1212.92,573.75,71.07,149.75,0.9758,-1,-1,-1
259,1262,741.62,471.42,70.43,133.36,0.973,-1,-1,-1
259,1382,971.49,432.46,63.83,127.82,0.9717,-1,-1,-1
259,1421,1494.04,444.25,81.74,119.02,0.9687,-1,-1,-1
259,1432,1672.75,336.23,54.84,124.86,0.9682,-1,-1,-1
259,1243,909.74,292.38,42.37,100.73,0.9669,-1,-1,-1
259,1383,962.64,243.45,37.66,83.16,0.9562,-1,-1,-1
259,1394,627.28,297.75,36.64,98.32,0.9504,-1,-1,-1
259,1467,897.04,207.85,39.73,76.22,0.9468,-1,-1,-1
259,1251,818.76,683.34,90.69,186.72,0.94,-1,-1,-1
259,1469,1101.66,239.02,35.59,86.53,0.9389,-1,-1,-1
259,1466,128.42,292.17,44.6,97.05,0.9362,-1,-1,-1
259,1468,386.23,211.48,37.39,72.57,0.9322,-1,-1,-1
260,1421,1506.36,444.69,91.15,121.25,0.978,-1,-1,-1
260,1242,1233.06,576.58,68.97,151.45,0.9745,-1,-1,-1
260,1382,993.56,431.9,59.42,129.42,0.9719,-1,-1,-1
260,1243,929.71,297.01,46.78,99.2,0.9715,-1,-1,-1
260,1432,1693.21,340.52,58.19,124.01,0.9707,-1,-1,-1
260,1262,769.08,477.2,71.18,130.69,0.9665,-1,-1,-1
260,1394,648.62,298.51,36.15,99.12,0.9502,-1,-1,-1
260,1466,149.73,293.85,46.21,96.01,0.9474,-1,-1,-1
260,1251,846.11,684.01,93.96,184.54,0.9417,-1,-1,-1
260,1469,1120.35,241.25,34.38,88.77,0.9328,-1,-1,-1
260,1468,404.45,213.29,38.99,72.1,0.9319,-1,-1,-1
260,1383,979.44,245.65,39.67,81.78,0.9258,-1,-1,-1
260,1467,915.74,211.36,40.48,75.11,0.9224,-1,-1,-1
261,1421,1523.23,446.32,94.09,123.33,0.9779,-1,-1,-1
261,1242,1255.5,577.41,67.99,155.06,0.9754,-1,-1,-1
261,1382,1020.43,429.57,52.07,130.74,0.9724,-1,-1,-1
261,1262,798.4,481.46,63.81,128.1,0.9722,-1,-1,-1
261,1243,953.08,299.42,48.87,100.09,0.9704,-1,-1,-1
261,1432,1717.51,343.49,56.74,124.53,0.9685,-1,-1,-1
261,1466,172.29,295.75,48.8,97.59,0.9503,-1,-1,-1
261,1251,883.69,685.08,89.31,185.48,0.9475,-1,-1,-1
261,1467,936.54,214.94,40.87,72.76,0.934,-1,-1,-1
261,1468,427.36,215.64,38.43,71.36,0.9234,-1,-1,-1
261,1469,1140.1,240.63,36.29,93.75,0.9132,-1,-1,-1
262,1421,1532.05,446.46,96.42,126.62,0.9795,-1,-1,-1
262,1432,1731.31,345.45,56.11,124.23,0.973,-1,-1,-1
262,1382,1033.55,429.44,51.62,132.98,0.9725,-1,-1,-1
262,1242,1267.1,576.76,67.84,156.28,0.9724,-1,-1,-1
262,1243,965.34,302.06,50.84,100.52,0.9707,-1,-1,-1
262,1262,814.78,483.53,62.98,126.85,0.9705,-1,-1,-1
262,1251,899.16,686.42,93.01,185.99,0.9565,-1,-1,-1
262,1466,184.98,296.86,49.15,96.96,0.9514,-1,-1,-1
262,1476,683.59,300.22,37.36,100.82,0.9508,-1,-1,-1
262,1467,948.18,217.09,39.57,72.05,0.922,-1,-1,-1
262,1477,1009.84,250.29,37.22,80.92,0.9212,-1,-1,-1
262,1469,1152.13,243.9,35.29,90.75,0.8927,-1,-1,-1
262,1468,440.87,216.58,36.33,70.99,0.8907,-1,-1,-1
263,1421,1555.01,449.73,94.42,122.07,0.9747,-1,-1,-1
263,1382,1059.66,429.1,47.99,132.78,0.9713,-1,-1,-1
263,1242,1289.66,579.89,69.19,159.62,0.9707,-1,-1,-1
263,1243,993.04,307.63,46.89,99.31,0.9688,-1,-1,-1
263,1262,844.1,484.07,79.55,129.67,0.968,-1,-1,-1
263,1432,1759.84,347.64,53.49,125.72,0.9655,-1,-1,-1
263,1251,933.96,685.55,90.11,188.48,0.9544,-1,-1,-1
263,1466,212.21,299.66,47.51,95.38,0.9393,-1,-1,-1
263,1467,972.12,220.43,39.07,70.91,0.9192,-1,-1,-1
263,1469,1175.85,249.6,35.13,86.07,0.8911,-1,-1,-1
263,1468,468.61,219.87,33.23,70.09,0.8641,-1,-1,-1
264,1421,1577.43,450.19,93.88,126.81,0.9808,-1,-1,-1
264,1242,1314.24,581.63,70.52,161.71,0.9748,-1,-1,-1
264,1262,872.85,484.38,81.36,132.87,0.9698,-1,-1,-1
264,1432,1786.71,351.04,59.26,125.53,0.9687,-1,-1,-1
264,1382,1087.93,429.16,48.9,132.54,0.9675,-1,-1,-1
264,1251,966.21,694.12,91.24,183.22,0.9568,-1,-1,-1
264,1243,1021.52,312.88,42.49,95.73,0.9559,-1,-1,-1
264,1466,238.94,301.13,47.57,94.21,0.9233,-1,-1,-1
264,1469,1200.82,250.53,35.33,86.27,0.9011,-1,-1,-1
264,1468,496.67,221.95,30.3,69.86,0.8738,-1,-1,-1
264,1467,997.05,224.32,37.06,68.62,0.8637,-1,-1,-1
264,1395,1056.14,261.77,33.91,74.03,0.8341,-1,-1,-1
265,1421,1588.43,452.96,94.48,127.69,0.9806,-1,-1,-1
265,1242,1325.03,580.37,73.44,163.76,0.9745,-1,-1,-1
265,1480,747.73,306.9,50.47,99.94,0.9673,-1,-1,-1
265,1432,1803.62,352.29,59.12,126.28,0.9667,-1,-1,-1
265,1262,887.0,484.47,81.29,132.7,0.9648,-1,-1,-1
265,1382,1104.03,428.13,49.37,133.94,0.9636,-1,-1,-1
265,1243,1036.61,313.97,41.28,95.04,0.9563,-1,-1,-1
265,1251,979.51,695.49,90.46,184.72,0.9561,-1,-1,-1
265,1466,253.4,302.16,45.85,94.09,0.9526,-1,-1,-1
265,1467,1009.24,224.16,37.93,71.08,0.9119,-1,-1,-1
265,1468,509.96,222.33,30.76,70.81,0.8958,-1,-1,-1
265,1469,1214.29,250.39,34.86,89.32,0.8943,-1,-1,-1
265,1395,1067.78,259.1,35.12,77.41,0.8085,-1,-1,-1
266,1242,1353.71,581.43,72.35,166.51,0.9739,-1,-1,-1
266,1421,1616.0,456.03,85.75,128.75,0.972,-1,-1,-1
266,1262,915.53,484.16,78.44,133.74,0.9709,-1,-1,-1
266,1382,1133.38,430.41,54.25,133.38,0.9705,-1,-1,-1
266,1480,774.39,309.55,54.31,100.36,0.9683,-1,-1,-1
266,1432,1836.64,355.9,60.17,124.6,0.9621,-1,-1,-1
266,1251,1005.94,711.12,88.86,170.39,0.9604,-1,-1,-1
266,1243,1067.86,316.5,39.56,96.27,0.9563,-1,-1,-1
266,1466,281.38,303.81,46.16,94.23,0.9517,-1,-1,-1
266,1469,1240.08,253.48,35.87,89.1,0.9191,-1,-1,-1
266,1467,1035.82,225.02,36.83,72.34,0.9068,-1,-1,-1
266,1468,539.91,225.25,28.91,69.64,0.883,-1,-1,-1
267,1421,1640.18,461.99,77.15,125.87,0.974,-1,-1,-1
267,1382,1162.24,433.06,59.22,133.86,0.9727,-1,-1,-1
267,1242,1381.61,584.31,72.12,168.04,0.9709,-1,-1,-1
267,1262,943.01,484.56,78.18,130.27,0.9698,-1,-1,-1
267,1480,802.1,311.91,55.22,100.08,0.967,-1,-1,-1
267,1251,1032.7,710.36,88.24,172.73,0.9647,-1,-1,-1
267,1432,1869.35,360.17,47.43,124.62,0.9544,-1,-1,-1
267,1243,1096.51,318.39,39.75,97.11,0.9543,-1,-1,-1
267,1466,312.28,306.45,42.97,93.41,0.949,-1,-1,-1
267,1469,1267.91,257.83,36.98,85.55,0.9326,-1,-1,-1
267,1467,1062.1,227.27,38.34,72.65,0.9241,-1,-1,-1
267,1468,569.27,226.67,29.48,69.41,0.901,-1,-1,-1
268,1421,1649.68,465.04,75.31,125.03,0.9791,-1,-1,-1
268,1382,1176.69,434.21,62.84,134.41,0.9787,-1,-1,-1
268,1242,1395.53,585.78,71.05,170.13,0.9716,-1,-1,-1
268,1262,957.41,484.3,76.19,132.35,0.9639,-1,-1,-1
268,1480,815.88,312.05,54.58,101.12,0.9589,-1,-1,-1
268,1251,1044.07,724.0,88.6,162.98,0.9547,-1,-1,-1
268,1243,1110.52,319.31,39.72,98.73,0.9488,-1,-1,-1
268,1466,326.28,306.44,44.05,94.76,0.9439,-1,-1,-1
268,1253,52.28,309.71,37.68,97.49,0.9344,-1,-1,-1
268,1467,1075.59,228.09,40.0,74.11,0.9267,-1,-1,-1
268,1484,1129.59,262.75,37.37,80.77,0.9263,-1,-1,-1
268,1432,1883.22,363.43,35.05,121.48,0.9137,-1,-1,-1
268,1469,1281.51,258.41,35.1,85.66,0.9025,-1,-1,-1
268,1468,583.2,228.63,30.09,69.38,0.8279,-1,-1,-1
269,1382,1205.31,439.57,66.27,131.78,0.9724,-1,-1,-1
269,1242,1423.79,588.48,71.84,172.24,0.9698,-1,-1,-1
269,1421,1667.48,466.56,73.07,128.58,0.9688,-1,-1,-1
269,1262,985.11,483.32,74.46,133.93,0.9681,-1,-1,-1
269,1480,842.5,316.57,53.23,99.03,0.9644,-1,-1,-1
269,1466,356.09,309.21,43.18,93.66,0.9543,-1,-1,-1
269,1243,1140.52,321.52,38.17,98.87,0.9469,-1,-1,-1
269,1251,1071.48,727.57,90.32,166.41,0.9433,-1,-1,-1
269,1467,1104.12,230.42,38.06,74.34,0.9049,-1,-1,-1
269,1469,1310.09,261.91,34.45,85.38,0.8957,-1,-1,-1
269,1468,611.5,230.29,32.02,69.63,0.8011,-1,-1,-1
270,1262,1011.74,482.1,73.76,136.49,0.9735,-1,-1,-1
270,1382,1232.96,444.4,68.71,130.55,0.9729,-1,-1,-1
270,1480,871.03,318.94,52.41,98.15,0.9686,-1,-1,-1
270,1242,1453.09,592.4,71.4,172.04,0.9636,-1,-1,-1
270,1421,1692.67,468.97,67.43,127.93,0.959,-1,-1,-1
270,1466,385.34,310.86,41.44,93.39,0.9539,-1,-1,-1
270,1251,1103.83,731.1,80.5,162.95,0.9475,-1,-1,-1
270,1243,1168.65,327.04,38.37,95.59,0.9119,-1,-1,-1
270,1469,1335.98,263.18,36.27,87.85,0.8929,-1,-1,-1
270,1467,1130.42,233.19,38.5,74.55,0.8636,-1,-1,-1
270,1468,642.93,238.59,28.26,62.69,0.7616,-1,-1,-1
271,1262,1025.67,481.76,71.81,137.82,0.9766,-1,-1,-1
271,1382,1246.64,447.83,68.95,130.3,0.9733,-1,-1,-1
271,1242,1468.17,594.86,68.86,172.44,0.9719,-1,-1,-1
271,1480,886.64,319.54,51.19,98.43,0.9679,-1,-1,-1
271,1421,1703.85,467.45,70.9,133.43,0.9608,-1,-1,-1
271,1466,399.11,311.79,41.66,93.84,0.9555,-1,-1,-1
271,1492,126.93,313.45,38.26,97.39,0.9536,-1,-1,-1
271,1243,1182.92,324.49,38.74,98.77,0.9345,-1,-1,-1
271,1251,1116.98,710.64,83.29,186.19,0.9336,-1,-1,-1
271,1469,1349.66,264.42,36.02,89.07,0.8871,-1,-1,-1
271,1468,652.55,235.62,33.81,67.91,0.8372,-1,-1,-1
271,1467,1142.65,234.97,39.06,72.81,0.8272,-1,-1,-1
271,1493,1192.65,270.18,40.81,78.3,0.8113,-1,-1,-1
272,1262,1052.56,483.56,70.5,135.5,0.9794,-1,-1,-1
272,1421,1727.16,467.29,76.44,137.86,0.971,-1,-1,-1
272,1242,1496.03,597.18,69.18,173.63,0.9693,-1,-1,-1
272,1382,1272.89,451.83,69.89,129.84,0.9685,-1,-1,-1
272,1480,915.27,321.42,49.68,99.73,0.9628,-1,-1,-1
272,1466,426.59,314.24,42.9,94.51,0.9582,-1,-1,-1
272,1243,1209.0,325.73,41.57,100.99,0.9494,-1,-1,-1
272,1251,1151.18,711.28,72.89,188.31,0.9428,-1,-1,-1
272,1468,680.13,237.62,36.24,69.01,0.8902,-1,-1,-1
272,1469,1377.25,270.1,35.75,85.03,0.8758,-1,-1,-1
272,1467,1169.77,240.06,37.16,71.92,0.668,-1,-1,-1
273,1382,1297.91,454.01,70.33,129.81,0.9701,-1,-1,-1
273,1421,1749.62,468.6,78.53,136.04,0.97,-1,-1,-1
273,1262,1076.42,484.88,73.24,136.57,0.9696,-1,-1,-1
273,1480,942.65,322.84,47.77,100.95,0.9676,-1,-1,-1
273,1242,1523.66,600.6,67.17,175.11,0.9652,-1,-1,-1
273,1243,1234.68,329.15,44.59,102.36,0.9629,-1,-1,-1
273,1466,453.31,316.92,41.81,94.5,0.9595,-1,-1,-1
273,1251,1183.54,720.61,65.41,178.6,0.9464,-1,-1,-1
273,1468,705.52,238.71,38.22,70.21,0.9122,-1,-1,-1
273,1467,1191.81,242.17,41.1,71.2,0.901,-1,-1,-1
273,1469,1402.1,273.18,36.08,86.51,0.8972,-1,-1,-1
274,1242,1537.2,604.52,65.28,174.85,0.9728,-1,-1,-1
274,1262,1089.26,486.64,75.69,134.75,0.9712,-1,-1,-1
274,1421,1759.84,470.32,80.1,135.08,0.9676,-1,-1,-1
274,1382,1308.36,453.82,73.95,132.57,0.9671,-1,-1,-1
274,1480,957.48,323.69,46.26,100.4,0.9656,-1,-1,-1
274,1243,1247.77,330.62,44.12,102.03,0.9585,-1,-1,-1
274,1499,193.4,315.58,38.87,98.48,0.9575,-1,-1,-1
274,1251,1200.21,725.78,64.41,173.01,0.9573,-1,-1,-1
274,1466,466.49,317.97,41.27,94.36,0.9531,-1,-1,-1
274,1469,1414.54,275.08,36.58,85.3,0.9255,-1,-1,-1
274,1468,718.03,239.81,37.74,70.63,0.9169,-1,-1,-1
274,1467,1202.9,245.9,42.52,70.16,0.8956,-1,-1,-1
274,1501,1253.45,278.74,39.73,78.59,0.8562,-1,-1,-1
275,1421,1774.56,472.69,87.34,131.41,0.9807,-1,-1,-1
275,1262,1113.72,490.64,78.71,131.3,0.9726,-1,-1,-1
275,1382,1330.17,454.97,77.23,134.99,0.9702,-1,-1,-1
275,1242,1561.82,606.29,65.47,175.92,0.9657,-1,-1,-1
275,1243,1272.48,335.93,43.45,100.04,0.9622,-1,-1,-1
275,1466,491.61,320.47,40.33,94.67,0.9479,-1,-1,-1
275,1251,1227.69,725.74,59.86,178.22,0.9378,-1,-1,-1
275,1480,987.47,324.8,40.79,99.48,0.9227,-1,-1,-1
275,1467,1225.79,247.76,44.08,70.91,0.9107,-1,-1,-1
275,1468,741.35,242.55,37.37,70.37,0.9096,-1,-1,-1
275,1469,1438.44,278.33,35.9,85.88,0.9017,-1,-1,-1
276,1421,1795.61,475.95,85.52,131.95,0.975,-1,-1,-1
276,1262,1137.15,495.79,81.69,129.0,0.9729,-1,-1,-1
276,1382,1351.12,454.56,79.5,133.59,0.9641,-1,-1,-1
276,1242,1585.41,610.22,65.07,177.42,0.964,-1,-1,-1
276,1243,1295.83,338.21,42.38,100.65,0.9638,-1,-1,-1
276,1466,515.46,322.64,40.05,94.18,0.9562,-1,-1,-1
276,1480,1012.12,327.5,41.14,100.92,0.9522,-1,-1,-1
276,1251,1255.75,733.36,57.9,176.93,0.939,-1,-1,-1
276,1469,1460.14,281.21,37.9,85.4,0.9258,-1,-1,-1
276,1467,1246.31,250.56,43.94,69.92,0.8905,-1,-1,-1
276,1468,765.63,246.32,34.99,69.34,0.8855,-1,-1,-1
277,1262,1149.16,499.92,82.73,126.83,0.9724,-1,-1,-1
277,1421,1808.76,478.25,78.79,133.0,0.972,-1,-1,-1
277,1506,248.62,321.53,42.26,99.13,0.9668,-1,-1,-1
277,1382,1360.33,452.33,78.94,134.88,0.963,-1,-1,-1
277,1243,1307.81,339.63,40.98,101.09,0.9619,-1,-1,-1
277,1480,1023.6,328.5,41.34,101.85,0.9608,-1,-1,-1
277,1242,1596.93,613.05,64.94,176.79,0.9582,-1,-1,-1
277,1466,528.06,324.24,38.77,93.39,0.9494,-1,-1,-1
277,1251,1267.69,728.12,60.51,185.43,0.928,-1,-1,-1
277,1469,1469.82,282.17,39.53,86.53,0.9226,-1,-1,-1
277,1467,1256.48,250.43,42.61,71.47,0.921,-1,-1,-1
277,1468,777.65,247.25,34.51,70.14,0.8894,-1,-1,-1
277,1507,1310.93,283.32,28.67,65.92,0.8346,-1,-1,-1
278,1262,1169.59,506.83,87.9,122.67,0.9794,-1,-1,-1
278,1421,1835.45,483.65,61.8,129.82,0.9726,-1,-1,-1
278,1382,1382.76,451.88,76.67,137.23,0.9684,-1,-1,-1
278,1513,3.13,518.05,48.66,152.7,0.9678,-1,-1,-1
278,1506,266.96,324.05,45.71,99.04,0.9675,-1,-1,-1
278,1243,1327.95,339.71,41.77,105.05,0.9638,-1,-1,-1
278,1480,1046.32,330.45,41.52,102.69,0.9634,-1,-1,-1
278,1242,1618.41,615.63,60.8,177.62,0.9584,-1,-1,-1
278,1466,550.47,326.74,37.82,92.01,0.9519,-1,-1,-1
278,1251,1290.53,732.88,67.42,189.61,0.9401,-1,-1,-1
278,1467,1275.94,252.67,45.84,72.19,0.9364,-1,-1,-1
278,1469,1491.3,287.66,39.73,87.13,0.9355,-1,-1,-1
278,1468,800.18,248.62,31.59,70.3,0.9115,-1,-1,-1
279,1262,1189.27,511.17,86.96,121.99,0.9744,-1,-1,-1
279,1506,284.63,325.74,48.63,98.78,0.9725,-1,-1,-1
279,1513,3.53,520.88,67.41,152.11,0.9705,-1,-1,-1
279,1421,1848.49,486.32,56.42,131.74,0.9693,-1,-1,-1
279,1382,1402.9,450.57,76.22,138.67,0.967,-1,-1,-1
279,1243,1349.77,343.03,42.01,104.65,0.9655,-1,-1,-1
279,1480,1065.94,333.79,44.64,100.65,0.965,-1,-1,-1
279,1242,1638.91,616.75,55.79,178.36,0.9563,-1,-1,-1
279,1251,1307.87,744.72,79.08,181.71,0.9548,-1,-1,-1
279,1466,572.01,328.92,36.9,92.06,0.9478,-1,-1,-1
279,1469,1510.86,289.01,42.17,88.18,0.9443,-1,-1,-1
279,1467,1294.02,255.41,50.67,73.19,0.9321,-1,-1,-1
279,1468,821.9,251.37,29.26,69.73,0.9193,-1,-1,-1
280,1262,1197.58,512.57,86.85,121.69,0.9757,-1,-1,-1
280,1506,292.9,326.96,49.91,99.11,0.9729,-1,-1,-1
280,1382,1412.0,450.62,73.34,139.98,0.9703,-1,-1,-1
280,1421,1855.02,487.11,53.37,132.54,0.97,-1,-1,-1
280,1480,1075.39,335.1,45.36,100.24,0.9679,-1,-1,-1
280,1243,1360.11,345.5,41.7,103.17,0.9653,-1,-1,-1
280,1242,1648.64,618.12,54.97,177.46,0.9597,-1,-1,-1
280,1513,9.46,523.44,72.8,148.4,0.9577,-1,-1,-1
280,1469,1520.57,289.88,42.9,87.0,0.9536,-1,-1,-1
280,1251,1313.37,744.84,90.04,189.57,0.9525,-1,-1,-1
280,1467,1301.44,256.24,52.07,72.58,0.945,-1,-1,-1
280,1466,581.85,329.29,36.46,92.86,0.934,-1,-1,-1
280,1309,832.63,252.06,27.73,70.3,0.9173,-1,-1,-1
280,1519,72.64,262.7,32.67,81.69,0.8763,-1,-1,-1
280,1517,1359.17,289.46,28.41,67.9,0.8573,-1,-1,-1
281,1262,1213.73,517.14,88.34,120.77,0.9765,-1,-1,-1
281,1421,1864.85,486.68,53.66,136.1,0.9749,-1,-1,-1
281,1382,1431.11,450.84,71.88,138.16,0.9708,-1,-1,-1
281,1506,311.81,329.93,48.63,98.5,0.9705,-1,-1,-1
281,1513,32.68,526.19,70.96,148.73,0.965,-1,-1,-1
281,1243,1380.82,348.8,40.76,102.13,0.964,-1,-1,-1
281,1242,1666.92,618.6,52.74,179.92,0.9602,-1,-1,-1
281,1480,1095.59,337.94,44.85,99.51,0.9578,-1,-1,-1
281,1251,1327.31,757.24,106.13,183.16,0.9463,-1,-1,-1
281,1469,1539.88,293.7,41.33,85.44,0.942,-1,-1,-1
281,1466,601.23,331.8,35.72,93.63,0.9382,-1,-1,-1
281,1467,1318.95,257.92,50.24,73.87,0.932,-1,-1,-1
281,1468,852.29,253.94,27.07,70.83,0.8908,-1,-1,-1
282,1262,1225.2,520.35,91.09,121.9,0.9788,-1,-1,-1
282,1506,328.86,331.83,48.54,99.47,0.9735,-1,-1,-1
282,1382,1450.31,451.95,69.61,137.59,0.9734,-1,-1,-1
282,1513,58.64,528.12,64.02,149.27,0.9714,-1,-1,-1
282,1480,1111.69,341.53,48.13,100.15,0.9666,-1,-1,-1
282,1243,1396.19,351.05,44.64,102.8,0.9634,-1,-1,-1
282,1242,1682.22,621.66,55.52,178.13,0.9627,-1,-1,-1
282,1421,1878.86,487.33,40.16,128.65,0.9622,-1,-1,-1
282,1469,1557.83,295.29,40.09,87.58,0.9603,-1,-1,-1
282,1251,1345.57,780.06,109.85,176.55,0.9487,-1,-1,-1
282,1466,618.61,334.75,35.91,93.44,0.941,-1,-1,-1
282,1467,1335.35,258.87,45.58,75.58,0.9338,-1,-1,-1
282,1468,871.46,256.32,25.68,71.21,0.9051,-1,-1,-1
283,1262,1232.16,521.77,88.75,121.38,0.9779,-1,-1,-1
283,1382,1458.72,454.96,67.94,136.87,0.9747,-1,-1,-1
283,1506,336.4,332.61,48.46,99.55,0.971,-1,-1,-1
283,1513,71.47,530.01,62.16,146.39,0.9682,-1,-1,-1
283,1480,1121.53,341.93,47.24,100.75,0.9662,-1,-1,-1
283,1242,1688.78,622.79,57.57,177.39,0.9657,-1,-1,-1
283,1243,1405.45,351.78,43.95,105.4,0.9599,-1,-1,-1
283,1469,1565.85,296.93,39.47,87.6,0.9538,-1,-1,-1
283,1466,627.11,334.74,35.38,95.5,0.9515,-1,-1,-1
283,1251,1357.05,782.67,107.18,178.94,0.9396,-1,-1,-1
283,1467,1343.48,259.14,43.51,75.72,0.9331,-1,-1,-1
283,1421,1884.7,486.53,35.08,129.52,0.9297,-1,-1,-1
283,1468,880.57,256.93,25.14,71.75,0.9111,-1,-1,-1
283,1526,120.05,264.96,34.24,84.15,0.9028,-1,-1,-1
283,1527,1398.91,305.16,31.91,72.09,0.85,-1,-1,-1
283,1458,537.62,235.29,20.06,56.49,0.6674,-1,-1,-1
284,1262,1241.16,524.8,85.26,117.28,0.978,-1,-1,-1
284,1506,351.8,334.83,47.67,99.46,0.974,-1,-1,-1
284,1382,1476.69,457.26,67.46,136.53,0.9713,-1,-1,-1
284,1243,1421.05,351.36,45.8,108.09,0.9706,-1,-1,-1
284,1513,95.62,529.72,54.25,149.27,0.9672,-1,-1,-1
284,1242,1701.44,627.0,61.91,177.97,0.9669,-1,-1,-1
284,1480,1138.73,344.06,47.28,101.73,0.9643,-1,-1,-1
284,1466,642.73,336.94,36.23,93.85,0.9435,-1,-1,-1
284,1526,136.12,267.33,36.31,83.82,0.9367,-1,-1,-1
284,1467,1359.05,259.96,37.04,77.1,0.9285,-1,-1,-1
284,1469,1583.11,299.04,35.28,87.18,0.927,-1,-1,-1
284,1251,1370.33,780.66,120.33,172.15,0.9234,-1,-1,-1
284,1468,896.7,259.76,25.61,70.55,0.8821,-1,-1,-1
284,1527,1408.89,302.36,34.54,79.15,0.8731,-1,-1,-1
285,1243,1433.74,354.73,48.04,105.69,0.9734,-1,-1,-1
285,1506,365.25,335.78,46.9,99.71,0.973,-1,-1,-1
285,1382,1493.52,462.35,65.76,134.88,0.9718,-1,-1,-1
285,1262,1250.61,525.64,75.79,112.47,0.9716,-1,-1,-1
285,1480,1154.74,346.04,48.17,101.52,0.9637,-1,-1,-1
285,1242,1708.57,628.02,71.56,181.54,0.9632,-1,-1,-1
285,1513,117.29,528.35,51.26,153.84,0.9609,-1,-1,-1
285,1251,1390.06,791.06,111.8,185.96,0.9602,-1,-1,-1
285,1526,150.65,269.73,37.33,82.82,0.9541,-1,-1,-1
285,1466,658.36,338.54,35.37,94.57,0.9474,-1,-1,-1
285,1527,1420.05,300.57,36.61,83.3,0.9408,-1,-1,-1
285,1467,1374.5,260.83,32.47,78.75,0.9288,-1,-1,-1
285,1469,1598.75,302.04,33.08,85.92,0.9173,-1,-1,-1
285,1468,912.09,261.84,25.55,70.57,0.8933,-1,-1,-1
286,1262,1254.59,527.17,72.84,109.57,0.9756,-1,-1,-1
286,1506,371.09,336.33,46.03,100.42,0.9715,-1,-1,-1
286,1243,1440.96,355.8,48.55,106.75,0.9705,-1,-1,-1
286,1480,1162.12,346.98,47.18,100.98,0.9657,-1,-1,-1
286,1513,128.58,529.27,47.22,153.33,0.964,-1,-1,-1
286,1382,1504.7,464.58,63.64,133.18,0.9628,-1,-1,-1
286,1242,1711.0,630.95,78.36,181.03,0.9621,-1,-1,-1
286,1526,157.9,270.96,36.37,82.82,0.9485,-1,-1,-1
286,1251,1402.7,796.16,104.64,179.01,0.9482,-1,-1,-1
286,1466,665.32,340.06,35.0,93.76,0.9463,-1,-1,-1
286,1527,1425.2,306.03,38.22,78.5,0.9333,-1,-1,-1
286,1467,1380.86,261.64,31.83,78.9,0.9265,-1,-1,-1
286,1468,919.95,263.0,25.1,70.21,0.9212,-1,-1,-1
286,1469,1605.49,302.08,31.55,87.6,0.9129,-1,-1,-1
286,1531,573.24,238.75,20.32,56.69,0.8584,-1,-1,-1
286,1533,1425.11,765.99,77.99,108.53,0.7032,-1,-1,-1
286,1532,1106.82,232.27,22.42,41.0,0.6187,-1,-1,-1
286,1534,1904.4,543.88,14.47,79.73,0.4201,-1,-1,-1
287,1382,1518.26,469.24,64.36,132.68,0.9752,-1,-1,-1
287,1262,1258.53,526.49,75.96,108.21,0.975,-1,-1,-1
287,1251,1422.98,806.93,90.11,176.82,0.9739,-1,-1,-1
287,1243,1453.07,358.06,49.05,105.61,0.9736,-1,-1,-1
287,1506,383.28,337.7,44.41,100.36,0.973,-1,-1,-1
287,1513,143.7,528.76,51.3,157.16,0.965,-1,-1,-1
287,1242,1713.25,635.64,90.19,180.95,0.9632,-1,-1,-1
287,1480,1178.43,347.96,45.03,100.28,0.9543,-1,-1,-1
287,1533,1443.71,768.6,71.3,113.48,0.9459,-1,-1,-1
287,1466,678.36,342.61,34.82,94.57,0.9449,-1,-1,-1
287,1526,172.56,271.85,35.51,82.68,0.9406,-1,-1,-1
287,1527,1435.84,308.58,39.22,77.63,0.935,-1,-1,-1
287,1469,1618.41,301.23,31.27,91.0,0.9183,-1,-1,-1
287,1467,1393.66,265.11,29.4,76.17,0.9087,-1,-1,-1
287,1468,934.17,264.42,26.17,70.99,0.8767,-1,-1,-1
288,1262,1262.15,527.39,85.74,110.5,0.9779,-1,-1,-1
288,1382,1529.68,474.33,65.75,130.28,0.9754,-1,-1,-1
288,1506,392.65,339.67,43.81,100.14,0.9728,-1,-1,-1
288,1243,1465.74,358.82,47.68,109.32,0.9712,-1,-1,-1
288,1513,155.99,529.93,52.47,158.09,0.9701,-1,-1,-1
288,1251,1439.78,812.06,84.71,170.61,0.9671,-1,-1,-1
288,1480,1191.98,349.16,44.02,101.24,0.964,-1,-1,-1
288,1242,1719.71,640.63,99.72,181.62,0.9588,-1,-1,-1
288,1466,690.53,345.52,34.85,94.66,0.9456,-1,-1,-1
288,1526,184.76,274.39,34.54,82.19,0.9447,-1,-1,-1
288,1467,1404.76,265.12,28.54,77.47,0.9373,-1,-1,-1
288,1469,1630.27,303.94,32.35,91.0,0.9247,-1,-1,-1
288,1533,1458.19,776.81,63.23,110.17,0.9181,-1,-1,-1
288,1527,1448.89,311.06,37.25,76.57,0.9107,-1,-1,-1
288,1535,595.43,239.37,21.89,59.81,0.903,-1,-1,-1
288,1468,946.3,264.44,28.31,72.48,0.8496,-1,-1,-1
289,1262,1262.74,525.45,90.22,112.8,0.9816,-1,-1,-1
289,1382,1535.46,476.78,64.71,127.86,0.9779,-1,-1,-1
289,1243,1470.69,360.81,47.35,107.21,0.9743,-1,-1,-1
289,1506,397.23,339.46,43.09,101.51,0.9731,-1,-1,-1
289,1513,161.71,532.84,54.24,154.43,0.968,-1,-1,-1
289,1251,1447.07,815.62,82.6,172.14,0.9663,-1,-1,-1
289,1242,1724.15,643.42,100.82,178.61,0.9564,-1,-1,-1
289,1480,1199.03,350.08,42.5,101.53,0.9534,-1,-1,-1
289,1466,696.73,346.13,34.58,95.44,0.9516,-1,-1,-1
289,1533,1464.78,773.25,59.23,115.36,0.9381,-1,-1,-1
289,1526,190.42,274.16,34.87,82.5,0.9376,-1,-1,-1
289,1467,1409.55,265.89,28.79,78.42,0.9346,-1,-1,-1
289,1469,1635.23,303.6,31.95,93.16,0.9321,-1,-1,-1
289,1535,600.74,240.19,21.66,60.04,0.9207,-1,-1,-1
289,1527,1454.02,312.43,36.05,76.15,0.9145,-1,-1,-1
289,1468,951.92,264.92,29.71,73.42,0.9119,-1,-1,-1
289,1537,1136.55,221.35,21.72,55.45,0.8511,-1,-1,-1
290,1243,1482.74,361.59,45.98,107.23,0.9767,-1,-1,-1
290,1262,1265.32,523.62,95.33,114.68,0.976,-1,-1,-1
290,1382,1545.23,478.3,63.83,128.42,0.9734,-1,-1,-1
290,1513,170.99,533.48,58.99,156.08,0.9726,-1,-1,-1
290,1506,403.84,341.57,42.13,100.39,0.9725,-1,-1,-1
290,1251,1458.54,815.77,78.95,168.57,0.9559,-1,-1,-1
290,1526,199.46,274.82,37.26,83.76,0.951,-1,-1,-1
290,1480,1213.0,351.3,38.63,101.41,0.9508,-1,-1,-1
290,1466,707.27,347.91,34.15,94.88,0.9479,-1,-1,-1
290,1242,1734.39,649.45,105.64,174.86,0.947,-1,-1,-1
290,1467,1416.07,268.25,30.28,77.76,0.9457,-1,-1,-1
290,1535,609.08,240.63,22.99,62.19,0.9361,-1,-1,-1
290,1527,1463.87,314.46,36.54,76.79,0.9292,-1,-1,-1
290,1468,961.77,265.73,30.6,74.22,0.921,-1,-1,-1
290,1469,1643.07,307.26,33.97,89.98,0.9117,-1,-1,-1
290,1537,1146.79,222.63,22.05,55.77,0.8752,-1,-1,-1
290,1533,1475.92,782.18,48.8,105.22,0.7202,-1,-1,-1
291,1513,179.75,536.41,60.3,156.9,0.9759,-1,-1,-1
291,1262,1265.07,522.88,96.82,114.46,0.9716,-1,-1,-1
291,1243,1492.49,362.84,44.27,108.44,0.9709,-1,-1,-1
291,1382,1554.2,480.13,62.15,129.58,0.968,-1,-1,-1
291,1506,410.3,342.57,40.57,102.06,0.9666,-1,-1,-1
291,1242,1746.42,647.31,99.95,179.38,0.9657,-1,-1,-1
291,1467,1419.5,270.62,35.27,76.79,0.9571,-1,-1,-1
291,1526,208.36,276.48,38.19,83.25,0.956,-1,-1,-1
291,1466,716.78,349.48,33.81,96.2,0.9497,-1,-1,-1
291,1251,1466.72,799.23,82.57,174.05,0.9486,-1,-1,-1
291,1480,1226.25,351.82,35.89,103.24,0.9366,-1,-1,-1
291,1468,970.14,267.34,31.26,74.55,0.9356,-1,-1,-1
291,1527,1472.77,309.76,35.24,83.84,0.9347,-1,-1,-1
291,1469,1652.09,307.46,33.95,92.28,0.9345,-1,-1,-1
291,1535,617.37,239.88,22.85,63.59,0.9342,-1,-1,-1
291,1537,1155.49,226.78,22.14,52.85,0.8958,-1,-1,-1
292,1242,1750.25,648.14,101.47,179.05,0.9753,-1,-1,-1
292,1243,1497.7,363.68,42.22,109.78,0.9744,-1,-1,-1
292,1382,1557.1,479.82,59.75,131.09,0.9731,-1,-1,-1
292,1262,1265.17,522.43,96.5,114.07,0.9707,-1,-1,-1
292,1513,184.91,537.55,60.31,156.7,0.9675,-1,-1,-1
292,1467,1420.95,270.89,37.76,76.93,0.9652,-1,-1,-1
292,1506,413.88,343.1,39.3,101.85,0.9621,-1,-1,-1
292,1526,211.68,276.75,40.31,83.08,0.9608,-1,-1,-1
292,1469,1652.68,307.93,37.76,92.15,0.9567,-1,-1,-1
292,1527,1476.34,311.53,36.61,82.9,0.9489,-1,-1,-1
292,1466,720.63,349.59,34.87,95.78,0.9489,-1,-1,-1
292,1251,1472.57,801.9,80.31,173.81,0.9487,-1,-1,-1
292,1480,1231.45,352.87,36.19,102.92,0.9457,-1,-1,-1
292,1535,621.23,241.63,22.71,62.08,0.9421,-1,-1,-1
292,1468,975.03,267.95,29.93,74.21,0.9344,-1,-1,-1
292,1537,1159.18,224.44,21.89,55.09,0.9094,-1,-1,-1
293,1513,192.47,543.58,62.49,153.01,0.9812,-1,-1,-1
293,1382,1561.85,480.34,54.91,126.21,0.9751,-1,-1,-1
293,1506,419.16,345.05,39.51,100.78,0.9709,-1,-1,-1
293,1243,1505.98,364.98,41.48,109.07,0.9705,-1,-1,-1
293,1467,1423.2,273.48,42.88,75.93,0.9677,-1,-1,-1
293,1262,1264.17,522.01,97.11,114.44,0.9667,-1,-1,-1
293,1469,1658.56,310.37,38.94,92.04,0.9655,-1,-1,-1
293,1242,1760.41,649.83,94.07,179.54,0.962,-1,-1,-1
293,1526,218.78,279.04,39.59,82.41,0.96,-1,-1,-1
293,1466,728.18,351.1,35.82,96.77,0.9546,-1,-1,-1
293,1527,1483.47,312.27,35.33,83.57,0.951,-1,-1,-1
293,1468,982.27,269.53,29.21,74.2,0.943,-1,-1,-1
293,1480,1241.82,354.77,35.7,102.05,0.9427,-1,-1,-1
293,1535,628.07,242.78,22.66,62.29,0.9418,-1,-1,-1
293,1251,1483.5,801.24,75.58,177.14,0.9373,-1,-1,-1
293,1537,1165.96,229.44,23.23,52.12,0.9169,-1,-1,-1
294,1262,1262.85,522.03,93.16,116.75,0.9787,-1,-1,-1
294,1382,1565.43,478.88,51.23,123.47,0.977,-1,-1,-1
294,1513,199.71,547.8,58.14,151.25,0.9756,-1,-1,-1
294,1506,422.75,347.43,41.22,99.77,0.9737,-1,-1,-1
294,1243,1512.54,365.86,41.66,110.12,0.9701,-1,-1,-1
294,1467,1426.08,274.39,46.55,76.73,0.9698,-1,-1,-1
294,1526,223.47,279.37,42.88,82.54,0.9665,-1,-1,-1
294,1469,1664.68,310.86,40.55,92.34,0.9664,-1,-1,-1
294,1242,1771.94,648.24,79.29,181.04,0.9579,-1,-1,-1
294,1466,735.1,352.28,35.95,96.12,0.9542,-1,-1,-1
294,1468,988.94,271.09,28.85,73.38,0.9471,-1,-1,-1
294,1251,1490.41,802.87,76.82,180.76,0.9465,-1,-1,-1
294,1480,1252.45,357.2,33.65,101.13,0.9431,-1,-1,-1
294,1527,1488.83,314.15,33.33,82.5,0.9411,-1,-1,-1
294,1535,633.78,243.48,22.26,62.22,0.9401,-1,-1,-1
294,1537,1171.23,223.53,24.25,59.56,0.9259,-1,-1,-1
295,1382,1566.71,477.39,49.96,124.11,0.9782,-1,-1,-1
295,1262,1260.91,522.49,89.38,118.32,0.9775,-1,-1,-1
295,1513,203.79,547.89,54.13,152.82,0.9748,-1,-1,-1
295,1506,423.23,348.99,44.0,100.07,0.9743,-1,-1,-1
295,1526,226.41,279.79,43.84,82.73,0.9686,-1,-1,-1
295,1469,1666.46,311.4,41.48,93.27,0.9679,-1,-1,-1
295,1467,1428.25,275.18,47.75,76.93,0.9661,-1,-1,-1
295,1242,1775.59,648.06,75.2,179.73,0.9651,-1,-1,-1
295,1243,1515.44,367.38,41.48,109.76,0.9565,-1,-1,-1
295,1466,738.13,353.21,36.9,95.35,0.9549,-1,-1,-1
295,1527,1491.27,315.57,32.66,81.66,0.9511,-1,-1,-1
295,1251,1493.29,802.81,77.87,182.71,0.9482,-1,-1,-1
295,1468,991.79,271.33,29.14,74.11,0.948,-1,-1,-1
295,1480,1255.88,358.28,34.37,100.85,0.9261,-1,-1,-1
295,1537,1173.44,224.3,25.25,60.2,0.9153,-1,-1,-1
295,1535,637.09,245.78,21.53,60.87,0.8418,-1,-1,-1
296,1506,424.09,352.25,46.58,98.58,0.9798,-1,-1,-1
296,1382,1566.38,474.54,51.34,128.36,0.9783,-1,-1,-1
296,1262,1250.7,521.8,81.52,119.54,0.975,-1,-1,-1
296,1467,1432.74,276.68,46.83,76.26,0.9743,-1,-1,-1
296,1513,212.55,548.41,46.24,153.42,0.9726,-1,-1,-1
296,1243,1521.72,367.89,39.72,109.62,0.9713,-1,-1,-1
296,1242,1777.66,647.08,70.46,177.59,0.9683,-1,-1,-1
296,1469,1673.34,313.01,40.17,93.12,0.9673,-1,-1,-1
296,1526,231.25,281.24,46.19,82.3,0.9624,-1,-1,-1
296,1466,744.36,354.45,36.8,95.96,0.9585,-1,-1,-1
296,1527,1493.9,317.43,32.85,82.84,0.9523,-1,-1,-1
296,1468,997.78,272.56,28.73,74.02,0.9488,-1,-1,-1
296,1480,1262.86,359.06,33.22,101.77,0.9409,-1,-1,-1
296,1535,641.28,245.71,22.31,62.47,0.933,-1,-1,-1
296,1537,1179.53,225.38,24.23,60.0,0.9187,-1,-1,-1
296,1251,1499.15,809.59,78.82,184.4,0.9145,-1,-1,-1
297,1262,1242.19,522.12,85.32,121.08,0.9819,-1,-1,-1
297,1382,1567.13,471.99,53.62,132.57,0.9762,-1,-1,-1
297,1506,427.05,355.28,47.23,96.45,0.9758,-1,-1,-1
297,1467,1437.42,277.05,46.33,76.2,0.9716,-1,-1,-1
297,1469,1678.7,314.06,39.72,93.33,0.9673,-1,-1,-1
297,1242,1777.85,645.84,65.78,177.95,0.9666,-1,-1,-1
297,1527,1492.28,320.31,38.2,81.19,0.9648,-1,-1,-1
297,1466,749.19,355.31,38.44,95.97,0.9644,-1,-1,-1
297,1513,218.05,547.47,45.09,155.54,0.9631,-1,-1,-1
297,1526,233.85,282.13,53.09,82.36,0.9619,-1,-1,-1
297,1243,1528.4,369.23,35.78,108.11,0.9568,-1,-1,-1
297,1480,1269.09,360.14,32.76,100.58,0.9489,-1,-1,-1
297,1468,1003.54,273.62,28.35,73.37,0.9482,-1,-1,-1
297,1251,1503.97,817.79,79.79,177.02,0.9377,-1,-1,-1
297,1535,645.61,246.01,21.9,62.6,0.9374,-1,-1,-1
297,1537,1183.39,229.07,24.67,57.67,0.9183,-1,-1,-1
298,1262,1238.45,521.5,90.2,122.34,0.9866,-1,-1,-1
298,1382,1568.23,470.77,54.42,134.0,0.9749,-1,-1,-1
298,1506,428.91,356.43,46.22,95.69,0.9745,-1,-1,-1
298,1467,1439.27,276.57,44.87,77.35,0.9696,-1,-1,-1
298,1513,220.98,546.32,44.62,157.98,0.9692,-1,-1,-1
298,1527,1490.01,320.79,40.5,81.17,0.968,-1,-1,-1
298,1469,1681.13,314.16,39.02,93.69,0.9677,-1,-1,-1
298,1466,750.42,355.51,41.03,96.3,0.9676,-1,-1,-1
298,1242,1776.27,645.27,66.85,179.69,0.9658,-1,-1,-1
298,1526,235.21,281.82,52.74,84.18,0.9585,-1,-1,-1
298,1243,1529.67,370.23,35.38,107.15,0.9546,-1,-1,-1
298,1480,1270.83,360.95,33.57,100.64,0.9535,-1,-1,-1
298,1251,1501.73,811.94,86.63,191.08,0.9475,-1,-1,-1
298,1468,1006.13,274.08,28.13,73.47,0.9342,-1,-1,-1
298,1535,647.66,246.35,21.64,62.21,0.9307,-1,-1,-1
298,1537,1185.33,231.9,24.91,55.61,0.9138,-1,-1,-1
299,1262,1233.33,519.56,95.48,125.51,0.986,-1,-1,-1
299,1382,1567.65,468.69,58.53,138.26,0.9748,-1,-1,-1
299,1506,432.31,357.81,45.78,95.47,0.9722,-1,-1,-1
299,1513,222.86,544.36,46.55,160.54,0.9696,-1,-1,-1
299,1466,754.77,356.64,40.73,96.33,0.9691,-1,-1,-1
299,1527,1488.99,321.77,41.52,80.98,0.9679,-1,-1,-1
299,1469,1684.13,316.07,37.68,92.55,0.9649,-1,-1,-1
299,1467,1443.62,276.39,40.48,78.39,0.9636,-1,-1,-1
299,1242,1773.88,645.13,70.99,183.82,0.9636,-1,-1,-1
299,1480,1274.64,361.05,34.7,101.39,0.9625,-1,-1,-1
299,1243,1532.25,370.2,34.83,108.83,0.9608,-1,-1,-1
299,1251,1502.09,816.32,91.83,188.38,0.9566,-1,-1,-1
299,1468,1010.25,274.31,27.89,74.6,0.9468,-1,-1,-1
299,1535,651.54,248.23,21.25,60.79,0.9421,-1,-1,-1
299,1526,238.59,283.07,50.67,83.33,0.9245,-1,-1,-1
299,1537,1188.42,234.76,23.13,53.73,0.8957,-1,-1,-1
300,1262,1230.49,517.22,95.93,128.31,0.984,-1,-1,-1
300,1382,1566.71,468.3,61.71,136.7,0.9735,-1,-1,-1
300,1506,434.91,358.24,45.88,96.07,0.9732,-1,-1,-1
300,1466,758.33,358.68,40.25,95.26,0.9698,-1,-1,-1
300,1513,224.42,541.86,48.73,164.85,0.9663,-1,-1,-1
300,1527,1489.1,321.73,44.69,81.64,0.9633,-1,-1,-1
300,1469,1687.4,316.63,35.41,93.77,0.9587,-1,-1,-1
300,1467,1445.45,275.76,35.97,79.84,0.9586,-1,-1,-1
300,1251,1501.99,820.36,98.37,185.13,0.9584,-1,-1,-1
300,1242,1771.21,645.41,76.0,185.99,0.9573,-1,-1,-1
300,1243,1536.33,370.78,31.13,108.05,0.9551,-1,-1,-1
300,1468,1014.4,275.37,27.7,74.24,0.9509,-1,-1,-1
300,1526,239.23,282.16,53.2,84.51,0.9486,-1,-1,-1
300,1480,1281.07,361.0,33.55,101.94,0.9478,-1,-1,-1
300,1535,654.6,246.87,21.37,62.52,0.9283,-1,-1,-1
300,1537,1192.35,232.47,21.27,56.97,0.9082,-1,-1,-1
301,1262,1229.16,517.55,92.66,125.91,0.9814,-1,-1,-1
301,1382,1566.03,468.18,63.76,133.32,0.9749,-1,-1,-1
301,1506,435.57,358.24,46.47,96.84,0.9732,-1,-1,-1
301,1466,759.85,359.27,40.14,95.49,0.9694,-1,-1,-1
301,1513,225.19,541.48,49.52,164.11,0.9667,-1,-1,-1
301,1527,1489.0,322.81,46.39,81.18,0.9595,-1,-1,-1
301,1251,1502.12,822.53,100.69,183.51,0.9577,-1,-1,-1
301,1469,1687.37,318.02,35.15,92.89,0.9551,-1,-1,-1
301,1467,1446.85,275.67,33.11,80.31,0.9524,-1,-1,-1
301,1468,1016.49,275.65,27.37,74.68,0.9518,-1,-1,-1
301,1243,1538.44,371.43,29.33,107.77,0.9504,-1,-1,-1
301,1526,240.39,282.56,54.69,85.84,0.9488,-1,-1,-1
301,1242,1769.59,645.85,78.61,186.7,0.9482,-1,-1,-1
301,1480,1283.51,361.19,33.44,102.88,0.9482,-1,-1,-1
301,1535,655.87,248.04,21.71,61.94,0.9394,-1,-1,-1
301,1537,1194.06,233.78,19.97,56.41,0.8976,-1,-1,-1
302,1262,1223.33,518.16,91.9,125.17,0.9816,-1,-1,-1
302,1382,1563.93,468.95,64.78,131.06,0.9732,-1,-1,-1
302,1506,437.09,358.13,46.57,98.0,0.9731,-1,-1,-1
302,1466,762.62,361.39,40.11,95.19,0.9693,-1,-1,-1
302,1527,1488.52,321.35,48.84,83.5,0.9662,-1,-1,-1
302,1513,225.86,541.41,53.15,164.83,0.9652,-1,-1,-1
302,1480,1288.25,361.46,33.09,102.05,0.9637,-1,-1,-1
302,1469,1687.98,318.83,34.97,93.6,0.9568,-1,-1,-1
302,1242,1769.16,646.05,80.67,191.88,0.9558,-1,-1,-1
302,1526,241.69,283.62,52.76,84.72,0.9553,-1,-1,-1
302,1467,1448.71,275.85,30.74,81.27,0.9543,-1,-1,-1
302,1243,1538.82,371.36,30.18,108.0,0.9496,-1,-1,-1
302,1468,1018.57,276.45,27.72,74.48,0.947,-1,-1,-1
302,1251,1508.02,828.46,95.89,182.43,0.9439,-1,-1,-1
302,1535,657.96,249.66,21.86,61.68,0.9379,-1,-1,-1
302,1537,1195.94,233.64,20.41,57.91,0.8728,-1,-1,-1
303,1382,1559.42,470.81,65.29,130.84,0.976,-1,-1,-1
303,1262,1221.51,518.75,81.82,126.06,0.9758,-1,-1,-1
303,1506,439.89,357.3,45.62,99.1,0.9756,-1,-1,-1
303,1513,226.53,543.65,56.31,161.44,0.9697,-1,-1,-1
303,1242,1763.47,650.25,88.18,185.9,0.9697,-1,-1,-1
303,1466,765.22,362.62,39.29,95.15,0.9685,-1,-1,-1
303,1527,1486.58,321.56,50.81,84.78,0.965,-1,-1,-1
303,1469,1689.22,320.04,33.82,93.22,0.9604,-1,-1,-1
303,1526,242.71,283.76,52.0,85.77,0.9594,-1,-1,-1
303,1480,1291.36,361.22,34.46,103.21,0.9573,-1,-1,-1
303,1243,1537.57,372.06,34.02,110.46,0.9567,-1,-1,-1
303,1467,1449.92,276.09,29.71,81.61,0.9556,-1,-1,-1
303,1468,1021.01,276.77,27.96,74.94,0.9502,-1,-1,-1
303,1251,1507.36,833.97,99.35,179.8,0.9476,-1,-1,-1
303,1535,659.94,249.24,23.0,63.03,0.9301,-1,-1,-1
303,1537,1198.76,239.03,18.29,52.75,0.792,-1,-1,-1
304,1506,441.86,357.63,45.22,99.84,0.976,-1,-1,-1
304,1382,1557.75,472.05,65.34,129.52,0.9748,-1,-1,-1
304,1262,1218.0,518.91,72.84,127.26,0.9731,-1,-1,-1
304,1527,1484.32,322.16,52.39,84.53,0.971,-1,-1,-1
304,1242,1762.36,650.84,89.47,185.62,0.9706,-1,-1,-1
304,1513,227.99,544.5,55.68,161.98,0.9695,-1,-1,-1
304,1466,767.11,362.82,37.86,95.19,0.9643,-1,-1,-1
304,1480,1292.91,361.13,34.76,103.48,0.9616,-1,-1,-1
304,1469,1689.15,320.84,34.44,93.08,0.9613,-1,-1,-1
304,1243,1537.59,372.72,35.49,109.26,0.9609,-1,-1,-1
304,1526,242.87,284.14,52.24,85.23,0.9578,-1,-1,-1
304,1467,1450.15,276.37,29.54,81.54,0.9573,-1,-1,-1
304,1251,1505.0,833.37,104.76,180.13,0.9555,-1,-1,-1
304,1468,1022.34,277.01,27.58,75.19,0.9512,-1,-1,-1
304,1535,661.11,249.05,23.04,63.0,0.9349,-1,-1,-1
304,1537,1201.3,246.2,15.65,45.75,0.6736,-1,-1,-1
305,1527,1480.51,323.51,55.01,84.48,0.974,-1,-1,-1
305,1382,1552.81,474.69,66.71,128.83,0.9727,-1,-1,-1
305,1513,229.02,547.58,55.12,161.08,0.9723,-1,-1,-1
305,1506,443.99,358.18,45.14,100.37,0.972,-1,-1,-1
305,1262,1209.78,520.28,60.97,125.49,0.9712,-1,-1,-1
305,1243,1537.31,374.42,39.11,107.21,0.9701,-1,-1,-1
305,1242,1760.43,651.72,92.78,185.61,0.97,-1,-1,-1
305,1466,768.24,363.53,37.77,95.45,0.9647,-1,-1,-1
305,1480,1294.95,362.5,36.95,102.32,0.9595,-1,-1,-1
305,1469,1690.3,322.01,34.42,92.35,0.958,-1,-1,-1
305,1251,1504.81,834.92,108.67,181.84,0.9572,-1,-1,-1
305,1467,1448.83,277.46,30.88,81.36,0.9553,-1,-1,-1
305,1526,243.14,284.75,51.52,85.42,0.9533,-1,-1,-1
305,1468,1024.11,277.65,27.41,75.36,0.9515,-1,-1,-1
305,1535,663.43,250.23,23.23,62.48,0.931,-1,-1,-1
305,1537,1202.67,247.91,14.13,44.29,0.6289,-1,-1,-1
306,1513,229.94,552.96,59.49,156.7,0.9761,-1,-1,-1
306,1262,1201.43,520.97,52.18,126.85,0.9758,-1,-1,-1
306,1382,1547.82,478.16,61.73,123.36,0.9717,-1,-1,-1
306,1506,445.64,358.15,46.64,100.96,0.9716,-1,-1,-1
306,1527,1482.3,324.96,50.67,84.71,0.9714,-1,-1,-1
306,1243,1536.44,376.31,42.49,106.57,0.9692,-1,-1,-1
306,1480,1296.49,362.97,39.46,102.28,0.9671,-1,-1,-1
306,1466,769.67,363.47,37.54,96.39,0.964,-1,-1,-1
306,1242,1759.77,651.82,95.06,186.09,0.9638,-1,-1,-1
306,1467,1445.17,278.74,34.71,80.31,0.9634,-1,-1,-1
306,1526,242.73,285.39,52.17,86.54,0.9583,-1,-1,-1
306,1469,1689.07,322.68,36.41,92.11,0.9557,-1,-1,-1
306,1468,1025.55,278.08,27.86,75.14,0.9535,-1,-1,-1
306,1251,1502.62,836.48,114.15,183.46,0.951,-1,-1,-1
306,1535,665.12,247.55,23.86,65.99,0.9274,-1,-1,-1
306,1537,1203.79,248.85,13.88,45.02,0.6434,-1,-1,-1
307,1506,448.19,357.81,45.06,101.65,0.9771,-1,-1,-1
307,1382,1547.07,477.45,58.17,126.05,0.974,-1,-1,-1
307,1243,1535.7,377.21,44.87,105.59,0.9715,-1,-1,-1
307,1527,1482.9,325.69,46.77,84.04,0.9697,-1,-1,-1
307,1262,1195.06,519.92,57.05,128.74,0.9679,-1,-1,-1
307,1467,1443.13,279.71,36.73,79.65,0.9671,-1,-1,-1
307,1480,1298.24,363.64,39.58,102.99,0.9663,-1,-1,-1
307,1513,232.09,556.97,61.59,153.33,0.9654,-1,-1,-1
307,1466,770.04,364.15,37.54,96.18,0.9641,-1,-1,-1
307,1242,1760.21,649.15,97.0,191.25,0.9617,-1,-1,-1
307,1526,242.64,286.03,51.68,86.68,0.9589,-1,-1,-1
307,1468,1025.96,278.53,28.22,75.44,0.9555,-1,-1,-1
307,1469,1693.39,321.86,32.75,93.37,0.954,-1,-1,-1
307,1251,1501.87,837.79,114.81,182.47,0.9519,-1,-1,-1
307,1535,665.81,245.58,24.04,68.4,0.933,-1,-1,-1
307,1537,1205.1,257.78,12.19,36.69,0.453,-1,-1,-1
308,1262,1182.88,517.47,69.75,132.28,0.9769,-1,-1,-1
308,1382,1544.27,476.99,62.2,128.11,0.9752,-1,-1,-1
308,1513,233.57,560.83,71.44,153.98,0.9738,-1,-1,-1
308,1243,1535.15,378.56,48.28,106.5,0.9725,-1,-1,-1
308,1480,1299.9,365.53,44.17,102.4,0.971,-1,-1,-1
308,1467,1439.12,281.91,41.28,78.42,0.9693,-1,-1,-1
308,1506,454.07,358.48,42.58,102.09,0.9689,-1,-1,-1
308,1466,770.22,366.26,38.68,95.39,0.9669,-1,-1,-1
308,1527,1481.49,326.18,42.69,85.09,0.9637,-1,-1,-1
308,1526,241.97,287.94,52.17,86.04,0.9633,-1,-1,-1
308,1242,1762.03,647.68,94.65,192.94,0.9623,-1,-1,-1
308,1251,1498.43,842.0,117.18,183.57,0.9605,-1,-1,-1
308,1469,1692.17,323.43,36.44,93.21,0.9572,-1,-1,-1
308,1468,1027.34,279.8,27.74,75.39,0.953,-1,-1,-1
308,1535,667.42,247.1,24.45,67.69,0.9414,-1,-1,-1
308,1537,1207.1,259.16,11.4,36.81,0.7253,-1,-1,-1
309,1382,1543.39,475.9,62.5,129.76,0.9754,-1,-1,-1
309,1513,235.49,562.4,70.02,153.37,0.9754,-1,-1,-1
309,1243,1536.86,380.33,49.64,105.95,0.9737,-1,-1,-1
309,1262,1172.01,516.77,76.11,134.74,0.9708,-1,-1,-1
309,1467,1435.41,284.88,45.37,76.39,0.97,-1,-1,-1
309,1466,769.28,368.14,40.34,94.62,0.9685,-1,-1,-1
309,1469,1690.63,326.04,40.1,91.58,0.9681,-1,-1,-1
309,1251,1500.05,845.51,110.48,180.57,0.968,-1,-1,-1
309,1480,1302.52,367.1,45.37,101.47,0.9675,-1,-1,-1
309,1242,1764.86,647.83,86.65,185.59,0.964,-1,-1,-1
309,1526,241.51,289.83,53.74,85.48,0.9634,-1,-1,-1
309,1506,459.71,361.13,39.11,100.74,0.9622,-1,-1,-1
309,1468,1028.53,281.01,27.24,75.42,0.9505,-1,-1,-1
309,1527,1480.04,326.81,36.4,85.04,0.9468,-1,-1,-1
309,1535,668.73,246.55,24.9,68.81,0.9326,-1,-1,-1
309,1537,1207.7,246.93,13.94,49.49,0.7453,-1,-1,-1
310,1382,1540.77,475.16,64.62,130.75,0.9769,-1,-1,-1
310,1262,1164.42,516.89,81.23,133.82,0.9764,-1,-1,-1
310,1243,1538.41,380.76,48.18,106.76,0.9737,-1,-1,-1
310,1513,235.8,562.74,69.67,153.48,0.9737,-1,-1,-1
310,1480,1303.94,367.42,45.64,101.16,0.9708,-1,-1,-1
310,1466,768.8,368.67,40.96,94.73,0.9706,-1,-1,-1
310,1467,1433.9,286.14,47.88,75.37,0.9692,-1,-1,-1
310,1469,1691.12,326.71,41.01,91.13,0.9689,-1,-1,-1
310,1251,1502.48,848.35,104.0,177.27,0.9678,-1,-1,-1
310,1526,241.15,290.03,53.32,85.68,0.9624,-1,-1,-1
310,1242,1767.29,645.49,83.27,187.12,0.9611,-1,-1,-1
310,1506,463.07,361.65,36.94,100.28,0.9525,-1,-1,-1
310,1468,1028.97,281.59,27.0,75.16,0.949,-1,-1,-1
310,1527,1479.08,328.12,32.68,84.53,0.9443,-1,-1,-1
310,1535,668.26,248.63,26.75,66.97,0.9307,-1,-1,-1
310,1537,1208.67,262.33,11.19,34.67,0.7664,-1,-1,-1
311,1262,1146.53,517.98,92.99,128.46,0.9817,-1,-1,-1
311,1382,1537.52,475.68,63.92,130.44,0.977,-1,-1,-1
311,1243,1541.12,382.77,47.41,104.6,0.9761,-1,-1,-1
311,1466,768.07,370.86,42.46,93.11,0.9748,-1,-1,-1
311,1469,1690.01,327.7,44.41,91.24,0.9721,-1,-1,-1
311,1513,235.11,561.02,73.72,156.08,0.9715,-1,-1,-1
311,1480,1306.63,368.31,46.29,100.19,0.9709,-1,-1,-1
311,1467,1433.19,286.99,47.76,75.92,0.9671,-1,-1,-1
311,1242,1770.03,644.88,75.16,183.47,0.9651,-1,-1,-1
311,1526,240.74,291.09,51.91,85.71,0.9578,-1,-1,-1
311,1468,1029.85,282.92,27.09,74.76,0.9443,-1,-1,-1
311,1527,1476.0,327.32,27.17,86.12,0.9425,-1,-1,-1
311,1251,1507.46,849.64,86.86,178.73,0.9406,-1,-1,-1
311,1506,466.79,361.3,36.47,100.61,0.9378,-1,-1,-1
311,1535,670.07,251.55,26.52,65.19,0.9129,-1,-1,-1
311,1537,1206.72,244.1,16.38,54.45,0.811,-1,-1,-1
312,1262,1139.28,518.12,91.61,130.47,0.9811,-1,-1,-1
312,1469,1687.3,330.11,50.28,90.37,0.9762,-1,-1,-1
312,1243,1538.83,383.2,49.47,104.89,0.9745,-1,-1,-1
312,1466,765.6,372.63,46.04,92.41,0.9729,-1,-1,-1
312,1382,1535.14,478.2,62.76,125.97,0.9724,-1,-1,-1
312,1480,1309.06,368.69,46.46,100.69,0.9705,-1,-1,-1
312,1242,1774.43,645.61,67.66,183.57,0.9676,-1,-1,-1
312,1467,1434.09,287.69,45.22,75.61,0.9664,-1,-1,-1
312,1513,235.96,558.59,83.71,159.84,0.9651,-1,-1,-1
312,1526,240.24,291.9,53.32,86.14,0.9621,-1,-1,-1
312,1468,1030.63,283.91,26.26,74.79,0.9441,-1,-1,-1
312,1527,1472.97,328.66,30.77,84.63,0.9161,-1,-1,-1
312,1251,1510.47,853.04,73.35,169.29,0.9056,-1,-1,-1
312,1506,469.02,367.09,35.07,95.59,0.8935,-1,-1,-1
312,1535,672.24,252.81,25.72,65.35,0.8926,-1,-1,-1
312,1537,1206.09,240.03,18.06,59.06,0.8013,-1,-1,-1
313,1262,1138.98,518.65,83.51,132.66,0.9756,-1,-1,-1
313,1243,1537.59,383.31,50.71,106.96,0.975,-1,-1,-1
313,1469,1686.78,330.66,52.74,90.6,0.9735,-1,-1,-1
313,1466,764.29,373.85,47.99,91.72,0.9733,-1,-1,-1
313,1382,1533.2,478.56,60.42,121.96,0.9732,-1,-1,-1
313,1480,1310.05,368.76,46.73,100.96,0.9719,-1,-1,-1
313,1242,1775.74,645.93,65.98,182.86,0.9677,-1,-1,-1
313,1467,1434.33,287.92,44.14,75.61,0.9654,-1,-1,-1
313,1513,235.62,557.68,91.01,161.96,0.963,-1,-1,-1
313,1526,240.16,292.35,51.29,86.01,0.9623,-1,-1,-1
313,1468,1030.96,284.76,26.16,74.1,0.9455,-1,-1,-1
313,1527,1470.91,326.31,33.57,87.59,0.9374,-1,-1,-1
313,1251,1510.06,854.11,69.99,167.78,0.917,-1,-1,-1
313,1506,468.94,366.01,36.13,98.16,0.9043,-1,-1,-1
313,1539,483.81,364.91,23.41,54.75,0.9027,-1,-1,-1
313,1535,672.74,252.92,25.68,66.05,0.8969,-1,-1,-1
313,1537,1205.11,238.71,19.71,60.59,0.8717,-1,-1,-1
314,1469,1685.06,331.35,54.22,92.01,0.9746,-1,-1,-1
314,1243,1536.93,383.67,49.68,104.38,0.9743,-1,-1,-1
314,1480,1312.53,368.39,45.5,102.55,0.9735,-1,-1,-1
314,1262,1127.64,520.92,78.47,133.99,0.9734,-1,-1,-1
314,1466,762.6,375.51,50.37,91.78,0.9728,-1,-1,-1
314,1527,1461.17,326.62,44.22,88.1,0.9714,-1,-1,-1
314,1382,1530.0,480.86,53.02,120.57,0.9706,-1,-1,-1
314,1467,1435.79,288.21,40.0,77.22,0.9629,-1,-1,-1
314,1242,1780.9,648.08,59.93,181.16,0.9607,-1,-1,-1
314,1526,239.91,294.15,50.42,84.95,0.9593,-1,-1,-1
314,1468,1031.9,285.86,26.37,72.73,0.9476,-1,-1,-1
314,1251,1508.79,857.84,62.55,164.26,0.9225,-1,-1,-1
314,1535,674.65,252.78,25.08,67.17,0.9145,-1,-1,-1
314,1537,1205.17,239.13,21.52,61.86,0.9099,-1,-1,-1
314,1513,230.33,555.06,110.82,165.72,0.9005,-1,-1,-1
314,1506,469.47,365.59,38.03,95.67,0.8291,-1,-1,-1
314,1539,480.31,365.59,29.74,59.46,0.7422,-1,-1,-1
315,1262,1112.04,522.91,70.25,132.81,0.9764,-1,-1,-1
315,1466,763.41,376.32,49.34,92.28,0.9742,-1,-1,-1
315,1382,1525.44,481.38,45.81,119.97,0.9738,-1,-1,-1
315,1243,1535.19,383.93,48.29,104.97,0.9738,-1,-1,-1
315,1480,1316.51,368.06,42.44,103.44,0.9737,-1,-1,-1
315,1469,1683.15,331.81,54.81,91.39,0.9715,-1,-1,-1
315,1527,1452.65,327.19,53.27,87.82,0.966,-1,-1,-1
315,1526,239.46,295.86,47.34,83.62,0.9639,-1,-1,-1
315,1242,1778.21,648.49,62.69,183.23,0.9635,-1,-1,-1
315,1467,1437.11,288.46,38.07,78.11,0.9629,-1,-1,-1
315,1506,469.49,366.01,43.0,99.96,0.9591,-1,-1,-1
315,1468,1032.51,286.52,27.31,72.64,0.9455,-1,-1,-1
315,1251,1506.64,860.63,66.05,163.77,0.9233,-1,-1,-1
315,1535,676.11,256.03,25.35,64.27,0.9147,-1,-1,-1
315,1513,229.81,554.77,117.16,164.96,0.8584,-1,-1,-1
315,1537,1206.17,240.31,21.18,61.53,0.8276,-1,-1,-1
316,1382,1521.91,481.37,46.04,120.13,0.9776,-1,-1,-1
316,1243,1534.66,384.03,47.63,105.19,0.9763,-1,-1,-1
316,1262,1105.19,522.32,63.39,133.39,0.9759,-1,-1,-1
316,1466,763.68,376.74,49.34,92.68,0.9735,-1,-1,-1
316,1469,1682.17,331.39,52.87,91.81,0.97,-1,-1,-1
316,1526,239.18,296.23,46.91,83.54,0.9674,-1,-1,-1
316,1242,1775.5,647.88,65.81,181.85,0.965,-1,-1,-1
316,1480,1318.31,368.98,40.81,102.87,0.9628,-1,-1,-1
316,1467,1437.44,287.84,36.42,78.13,0.9621,-1,-1,-1
316,1527,1449.57,328.51,56.18,86.96,0.9604,-1,-1,-1
316,1506,470.79,368.56,43.39,98.66,0.9508,-1,-1,-1
316,1468,1032.8,286.58,27.86,73.05,0.9469,-1,-1,-1
316,1535,676.69,256.76,24.82,63.84,0.9166,-1,-1,-1
316,1251,1505.69,862.72,68.59,164.78,0.9164,-1,-1,-1
316,1537,1205.41,240.94,22.61,61.29,0.8988,-1,-1,-1
316,1513,229.35,554.26,118.34,165.98,0.8888,-1,-1,-1
316,1539,485.72,367.06,27.59,62.21,0.4777,-1,-1,-1
317,1243,1533.48,385.0,45.31,105.51,0.9767,-1,-1,-1
317,1382,1510.89,480.91,58.84,121.4,0.976,-1,-1,-1
317,1469,1680.87,330.36,49.26,93.84,0.9714,-1,-1,-1
317,1526,238.51,297.34,45.31,83.77,0.9714,-1,-1,-1
317,1466,764.32,378.5,50.21,91.23,0.9699,-1,-1,-1
317,1506,471.63,367.22,46.98,99.97,0.9698,-1,-1,-1
317,1527,1445.52,332.36,57.57,83.43,0.964,-1,-1,-1
317,1242,1763.53,650.09,76.53,183.59,0.9634,-1,-1,-1
317,1262,1093.88,519.92,70.01,137.53,0.9616,-1,-1,-1
317,1467,1437.44,286.96,35.5,79.86,0.9596,-1,-1,-1
317,1480,1321.28,368.83,38.96,102.91,0.9591,-1,-1,-1
317,1468,1033.86,286.95,27.36,73.32,0.9491,-1,-1,-1
317,1537,1204.2,243.1,23.37,59.95,0.9154,-1,-1,-1
317,1535,677.98,257.44,25.11,63.33,0.9121,-1,-1,-1
317,1513,235.59,557.98,111.56,158.98,0.905,-1,-1,-1
317,1251,1502.47,868.04,77.8,171.67,0.905,-1,-1,-1
317,1534,1893.67,488.28,26.33,131.16,0.8184,-1,-1,-1
318,1262,1084.02,517.62,77.73,141.13,0.9807,-1,-1,-1
318,1243,1531.93,385.47,42.46,106.11,0.9759,-1,-1,-1
318,1506,473.89,370.27,48.77,98.42,0.972,-1,-1,-1
318,1469,1680.15,329.91,44.24,94.13,0.9693,-1,-1,-1
318,1526,238.59,297.88,41.63,83.06,0.969,-1,-1,-1
318,1466,764.62,378.47,50.22,92.29,0.9687,-1,-1,-1
318,1382,1502.26,479.08,69.64,124.72,0.9634,-1,-1,-1
318,1527,1445.92,342.28,54.43,74.76,0.9632,-1,-1,-1
318,1242,1760.6,652.06,79.72,183.76,0.96,-1,-1,-1
318,1251,1475.85,870.49,113.89,173.41,0.958,-1,-1,-1
318,1467,1437.67,286.5,33.04,80.9,0.9569,-1,-1,-1
318,1468,1034.42,287.48,27.79,73.72,0.9521,-1,-1,-1
318,1535,678.51,256.57,25.73,64.64,0.9392,-1,-1,-1
318,1537,1202.42,243.34,26.62,61.17,0.9325,-1,-1,-1
318,1534,1889.89,486.71,30.11,130.27,0.9307,-1,-1,-1
318,1480,1324.8,370.25,37.32,102.36,0.9143,-1,-1,-1
318,1513,235.61,557.58,106.64,156.55,0.8604,-1,-1,-1
319,1262,1079.93,516.42,79.21,141.74,0.9779,-1,-1,-1
319,1506,475.04,370.81,48.13,98.56,0.975,-1,-1,-1
319,1243,1531.46,386.08,41.31,106.07,0.9748,-1,-1,-1
319,1526,238.38,298.64,40.89,82.32,0.9705,-1,-1,-1
319,1466,764.93,378.67,49.55,92.71,0.9682,-1,-1,-1
319,1469,1680.78,329.96,43.7,94.79,0.9682,-1,-1,-1
319,1527,1446.05,338.69,51.9,80.03,0.9662,-1,-1,-1
319,1242,1761.08,652.84,79.17,183.27,0.9578,-1,-1,-1
319,1467,1438.57,286.55,31.27,81.13,0.9547,-1,-1,-1
319,1468,1034.4,287.65,29.08,74.35,0.953,-1,-1,-1
319,1382,1499.3,477.2,70.51,126.54,0.9475,-1,-1,-1
319,1534,1887.31,486.17,32.69,132.22,0.9397,-1,-1,-1
319,1251,1470.41,869.83,121.3,175.49,0.9386,-1,-1,-1
319,1535,678.83,256.96,25.84,64.59,0.9382,-1,-1,-1
319,1537,1201.78,243.03,27.88,62.04,0.9332,-1,-1,-1
319,1480,1326.41,370.01,36.77,102.93,0.9146,-1,-1,-1
319,1513,235.04,558.34,106.07,153.58,0.8986,-1,-1,-1
320,1382,1490.54,475.73,77.6,127.22,0.9796,-1,-1,-1
320,1262,1065.59,516.51,87.05,135.68,0.9782,-1,-1,-1
320,1506,478.04,371.96,47.31,99.78,0.9736,-1,-1,-1
320,1243,1531.03,387.59,41.22,105.43,0.9736,-1,-1,-1
320,1469,1679.66,330.33,44.74,96.12,0.9715,-1,-1,-1
320,1466,765.69,378.8,45.97,93.47,0.969,-1,-1,-1
320,1526,237.07,299.62,39.55,83.13,0.9689,-1,-1,-1
320,1534,1882.25,490.4,37.75,126.09,0.9638,-1,-1,-1
320,1527,1449.42,336.47,41.61,83.58,0.9632,-1,-1,-1
320,1242,1762.78,653.6,77.73,183.08,0.9617,-1,-1,-1
320,1468,1034.26,288.19,30.76,75.05,0.9561,-1,-1,-1
320,1467,1438.53,287.18,30.77,80.7,0.9555,-1,-1,-1
320,1537,1201.02,243.45,30.58,63.36,0.9471,-1,-1,-1
320,1513,232.84,555.85,107.39,158.27,0.9364,-1,-1,-1
320,1535,679.49,256.82,27.35,65.76,0.9264,-1,-1,-1
320,1251,1463.05,868.67,136.98,177.25,0.8994,-1,-1,-1
320,1480,1329.95,371.03,36.48,104.1,0.8097,-1,-1,-1
321,1262,1055.66,518.91,86.56,132.12,0.9844,-1,-1,-1
321,1382,1479.27,475.77,86.61,122.36,0.9806,-1,-1,-1
321,1243,1530.42,388.92,43.69,105.32,0.9746,-1,-1,-1
321,1469,1678.9,329.99,46.84,97.4,0.9727,-1,-1,-1
321,1506,480.49,372.16,46.95,101.35,0.9704,-1,-1,-1
321,1526,236.11,300.08,38.28,84.32,0.969,-1,-1,-1
321,1466,766.27,378.57,42.76,94.69,0.9673,-1,-1,-1
321,1534,1880.66,491.18,39.08,127.52,0.9661,-1,-1,-1
321,1513,232.91,551.9,101.56,163.07,0.9649,-1,-1,-1
321,1242,1764.24,654.04,77.53,183.49,0.9647,-1,-1,-1
321,1468,1034.13,289.42,32.38,74.59,0.9587,-1,-1,-1
321,1467,1438.44,287.74,30.21,80.27,0.9526,-1,-1,-1
321,1480,1332.4,372.76,36.62,103.23,0.9516,-1,-1,-1
321,1527,1452.79,334.79,31.74,85.3,0.9462,-1,-1,-1
321,1537,1201.22,244.6,31.41,63.09,0.9435,-1,-1,-1
321,1535,680.94,257.78,27.17,65.15,0.9118,-1,-1,-1
321,1251,1468.23,868.74,129.69,181.29,0.8968,-1,-1,-1
322,1382,1477.92,475.56,85.13,122.84,0.9797,-1,-1,-1
322,1262,1053.59,519.47,81.96,133.84,0.9784,-1,-1,-1
322,1243,1530.24,389.69,44.47,104.84,0.9759,-1,-1,-1
322,1506,482.36,373.36,46.52,100.61,0.974,-1,-1,-1
322,1513,233.2,550.69,99.3,163.56,0.9734,-1,-1,-1
322,1469,1678.96,330.48,47.1,97.83,0.9728,-1,-1,-1
322,1526,235.68,300.11,38.86,84.83,0.9701,-1,-1,-1
322,1466,766.49,379.56,41.24,93.95,0.9663,-1,-1,-1
322,1242,1765.35,653.93,77.47,184.01,0.966,-1,-1,-1
322,1534,1879.35,491.98,40.01,127.6,0.965,-1,-1,-1
322,1468,1033.9,289.83,33.2,74.47,0.9614,-1,-1,-1
322,1480,1334.29,373.45,35.95,103.65,0.9576,-1,-1,-1
322,1467,1438.09,288.14,30.22,80.57,0.9525,-1,-1,-1
322,1527,1452.68,335.11,28.42,85.88,0.9435,-1,-1,-1
322,1537,1201.94,245.55,31.46,62.46,0.9423,-1,-1,-1
322,1535,681.18,256.41,27.9,67.36,0.9168,-1,-1,-1
322,1251,1470.16,868.92,126.3,182.46,0.8921,-1,-1,-1
323,1513,234.47,548.98,94.86,163.82,0.9822,-1,-1,-1
323,1243,1529.92,390.9,46.08,104.81,0.9774,-1,-1,-1
323,1506,487.41,373.97,43.82,101.14,0.9743,-1,-1,-1
323,1262,1049.62,522.11,68.21,134.27,0.9719,-1,-1,-1
323,1469,1677.93,332.58,48.68,98.66,0.9715,-1,-1,-1
323,1526,234.67,301.06,40.03,84.77,0.9708,-1,-1,-1
323,1382,1475.45,477.97,79.16,122.16,0.969,-1,-1,-1
323,1534,1874.52,492.81,43.97,128.24,0.9642,-1,-1,-1
323,1242,1770.08,653.56,72.47,184.75,0.9636,-1,-1,-1
323,1468,1033.6,291.18,34.95,74.26,0.9616,-1,-1,-1
323,1480,1336.62,374.86,36.78,103.54,0.9607,-1,-1,-1
323,1466,767.56,380.7,37.43,93.76,0.9598,-1,-1,-1
323,1467,1434.57,289.04,33.33,81.44,0.9495,-1,-1,-1
323,1537,1203.33,244.46,31.6,64.86,0.9454,-1,-1,-1
323,1527,1453.25,335.34,25.3,85.68,0.9408,-1,-1,-1
323,1535,682.79,258.36,26.98,66.63,0.9316,-1,-1,-1
323,1251,1475.03,870.92,118.9,182.45,0.9075,-1,-1,-1
324,1513,235.9,546.66,91.42,165.59,0.9807,-1,-1,-1
324,1243,1530.05,391.55,48.63,105.64,0.9784,-1,-1,-1
324,1382,1468.97,479.24,75.61,122.39,0.9759,-1,-1,-1
324,1262,1043.57,522.75,49.87,133.98,0.9728,-1,-1,-1
324,1469,1677.52,334.63,48.88,97.65,0.9713,-1,-1,-1
324,1526,233.06,301.99,42.63,84.13,0.9702,-1,-1,-1
324,1242,1775.82,654.13,66.2,181.57,0.9682,-1,-1,-1
324,1480,1339.48,375.11,36.51,103.29,0.9676,-1,-1,-1
324,1506,492.42,375.04,41.62,101.39,0.9662,-1,-1,-1
324,1466,766.44,381.72,39.84,93.77,0.9646,-1,-1,-1
324,1467,1430.75,290.9,37.08,80.3,0.9645,-1,-1,-1
324,1468,1033.49,293.0,36.54,73.66,0.9635,-1,-1,-1
324,1534,1873.62,494.61,41.64,128.41,0.9634,-1,-1,-1
324,1537,1204.29,244.98,32.07,64.9,0.9496,-1,-1,-1
324,1527,1453.98,334.37,24.16,87.11,0.9424,-1,-1,-1
324,1535,684.87,259.01,26.33,67.09,0.9404,-1,-1,-1
324,1251,1477.61,872.51,112.24,183.0,0.9227,-1,-1,-1
325,1513,238.52,545.87,86.45,160.14,0.9787,-1,-1,-1
325,1243,1529.8,392.11,49.84,105.67,0.9784,-1,-1,-1
325,1262,1037.27,523.08,47.81,133.86,0.9736,-1,-1,-1
325,1242,1776.45,655.21,63.52,177.88,0.9729,-1,-1,-1
325,1469,1677.06,335.57,48.99,96.98,0.9727,-1,-1,-1
325,1467,1427.79,292.16,39.98,78.69,0.9705,-1,-1,-1
325,1534,1870.62,494.43,43.61,129.27,0.9705,-1,-1,-1
325,1526,232.73,302.76,43.63,84.22,0.9698,-1,-1,-1
325,1382,1463.68,480.12,73.11,121.76,0.9673,-1,-1,-1
325,1480,1341.22,375.49,36.47,104.21,0.9666,-1,-1,-1
325,1466,766.31,382.95,40.63,92.99,0.9656,-1,-1,-1
325,1506,495.03,376.0,40.57,101.33,0.9644,-1,-1,-1
325,1468,1033.7,293.68,37.01,73.64,0.9636,-1,-1,-1
325,1537,1205.17,246.4,32.2,64.31,0.9541,-1,-1,-1
325,1527,1451.28,335.06,26.84,86.53,0.9456,-1,-1,-1
325,1535,685.54,261.63,26.66,65.22,0.9387,-1,-1,-1
325,1251,1479.36,872.73,106.34,182.91,0.9297,-1,-1,-1
326,1243,1529.63,393.3,51.27,106.49,0.9782,-1,-1,-1
326,1534,1861.37,491.31,54.75,135.4,0.9771,-1,-1,-1
326,1262,1023.51,522.22,51.16,135.89,0.9745,-1,-1,-1
326,1469,1674.72,337.29,48.43,95.84,0.9726,-1,-1,-1
326,1513,244.19,545.2,75.59,157.91,0.9723,-1,-1,-1
326,1466,762.91,383.78,45.57,93.07,0.9713,-1,-1,-1
326,1526,231.52,303.88,46.25,84.74,0.969,-1,-1,-1
326,1382,1455.87,480.08,59.09,122.16,0.9689,-1,-1,-1
326,1242,1776.3,654.35,58.88,176.45,0.9682,-1,-1,-1
326,1468,1034.55,295.0,37.6,72.95,0.9665,-1,-1,-1
326,1467,1423.63,294.24,43.24,76.99,0.9664,-1,-1,-1
326,1506,501.51,376.93,38.63,101.93,0.9645,-1,-1,-1
326,1480,1343.31,374.75,37.26,105.65,0.9625,-1,-1,-1
326,1527,1444.25,335.36,33.54,88.77,0.9574,-1,-1,-1
326,1537,1207.13,249.2,32.12,62.53,0.9517,-1,-1,-1
326,1535,686.81,262.27,27.74,65.35,0.9415,-1,-1,-1
326,1251,1484.09,872.86,88.72,182.48,0.9297,-1,-1,-1
326,1544,306.51,658.19,21.05,20.59,0.67,-1,-1,-1
327,1243,1529.76,394.57,50.35,105.33,0.9778,-1,-1,-1
327,1513,248.19,545.09,62.64,159.51,0.977,-1,-1,-1
327,1534,1855.45,489.68,62.22,135.13,0.9767,-1,-1,-1
327,1382,1449.05,478.01,59.39,124.79,0.9753,-1,-1,-1
327,1262,1010.52,521.14,64.4,139.76,0.9743,-1,-1,-1
327,1469,1674.6,338.59,43.29,94.54,0.9727,-1,-1,-1
327,1466,758.24,386.5,52.18,91.46,0.9696,-1,-1,-1
327,1468,1034.67,295.86,38.24,73.03,0.9689,-1,-1,-1
327,1526,229.79,305.49,50.72,83.89,0.968,-1,-1,-1
327,1467,1420.83,296.68,45.66,74.91,0.9669,-1,-1,-1
327,1527,1441.45,336.86,37.8,89.51,0.9651,-1,-1,-1
327,1480,1346.97,376.09,36.06,103.84,0.9622,-1,-1,-1
327,1242,1772.74,652.43,59.79,178.74,0.9576,-1,-1,-1
327,1506,507.97,377.07,35.05,102.68,0.9538,-1,-1,-1
327,1537,1208.9,250.93,30.0,62.11,0.951,-1,-1,-1
327,1535,687.78,261.62,27.55,66.9,0.9324,-1,-1,-1
327,1251,1482.9,872.72,72.91,180.03,0.9293,-1,-1,-1
327,1544,306.12,658.48,21.85,19.97,0.6078,-1,-1,-1
328,1243,1529.8,395.35,49.08,103.91,0.9772,-1,-1,-1
328,1382,1446.25,477.13,62.47,127.01,0.977,-1,-1,-1
328,1513,251.3,546.35,57.9,157.78,0.9758,-1,-1,-1
328,1262,1004.81,520.66,68.39,140.93,0.9754,-1,-1,-1
328,1534,1853.28,488.5,65.32,138.17,0.9754,-1,-1,-1
328,1466,756.36,387.71,54.85,90.61,0.9713,-1,-1,-1
328,1468,1035.04,296.14,37.42,73.46,0.9693,-1,-1,-1
328,1526,228.45,305.62,53.76,84.24,0.967,-1,-1,-1
328,1469,1673.36,338.67,41.12,94.95,0.9664,-1,-1,-1
328,1467,1419.77,297.46,46.39,74.52,0.9661,-1,-1,-1
328,1527,1440.92,337.5,38.6,89.32,0.966,-1,-1,-1
328,1480,1347.85,376.25,36.56,104.96,0.9621,-1,-1,-1
328,1242,1770.16,651.63,62.9,180.5,0.9563,-1,-1,-1
328,1537,1209.26,248.13,29.57,64.84,0.9477,-1,-1,-1
328,1535,688.18,260.37,27.54,68.37,0.9378,-1,-1,-1
328,1506,510.7,379.18,33.98,100.88,0.9266,-1,-1,-1
328,1251,1481.85,872.18,62.72,180.51,0.9074,-1,-1,-1
328,1544,306.09,658.06,22.27,20.98,0.6093,-1,-1,-1
329,1262,986.31,520.37,83.48,139.34,0.9772,-1,-1,-1
329,1382,1439.51,475.18,67.9,130.67,0.9763,-1,-1,-1
329,1513,256.08,550.87,53.48,154.97,0.9754,-1,-1,-1
329,1243,1528.96,396.53,45.51,102.1,0.9751,-1,-1,-1
329,1534,1849.27,486.71,69.38,141.0,0.9737,-1,-1,-1
329,1466,754.34,390.55,59.31,88.52,0.973,-1,-1,-1
329,1468,1034.21,296.96,37.34,73.44,0.9684,-1,-1,-1
329,1527,1441.97,337.69,39.53,89.99,0.968,-1,-1,-1
329,1467,1420.72,298.13,44.52,75.05,0.967,-1,-1,-1
329,1469,1673.63,338.42,38.1,95.31,0.9645,-1,-1,-1
329,1242,1765.98,652.63,70.57,181.61,0.9631,-1,-1,-1
329,1480,1350.76,375.67,36.26,105.95,0.9627,-1,-1,-1
329,1526,225.31,306.39,55.95,84.82,0.9599,-1,-1,-1
329,1506,514.47,381.37,34.96,99.68,0.951,-1,-1,-1
329,1251,1473.37,879.05,61.15,170.33,0.9469,-1,-1,-1
329,1537,1211.46,249.44,26.95,64.73,0.9397,-1,-1,-1
329,1535,689.15,262.4,27.07,67.14,0.9371,-1,-1,-1
330,1262,972.67,521.54,90.98,133.28,0.9822,-1,-1,-1
330,1513,258.23,557.8,50.97,150.28,0.9769,-1,-1,-1
330,1466,753.02,393.1,61.84,87.86,0.976,-1,-1,-1
330,1382,1436.63,473.95,67.49,130.38,0.976,-1,-1,-1
330,1243,1529.37,397.15,40.72,103.67,0.9721,-1,-1,-1
330,1534,1843.69,487.7,74.01,135.27,0.9709,-1,-1,-1
330,1469,1672.94,337.99,39.67,96.26,0.9688,-1,-1,-1
330,1506,516.72,381.61,40.54,100.89,0.9686,-1,-1,-1
330,1467,1422.38,298.55,42.31,76.31,0.9681,-1,-1,-1
330,1527,1443.75,337.81,38.43,90.66,0.9675,-1,-1,-1
330,1468,1031.9,296.82,37.97,74.74,0.9665,-1,-1,-1
330,1242,1761.66,653.46,76.23,183.6,0.9641,-1,-1,-1
330,1480,1353.5,376.48,35.88,104.65,0.9561,-1,-1,-1
330,1526,219.83,305.13,63.89,86.78,0.9539,-1,-1,-1
330,1535,691.5,265.57,25.84,64.6,0.9295,-1,-1,-1
330,1537,1213.27,249.98,24.22,65.3,0.9284,-1,-1,-1
330,1251,1470.3,905.18,59.84,160.98,0.9118,-1,-1,-1
331,1262,970.11,521.88,87.41,133.63,0.979,-1,-1,-1
331,1466,752.58,393.85,63.19,88.35,0.976,-1,-1,-1
331,1513,259.82,560.43,49.19,149.82,0.9747,-1,-1,-1
331,1534,1841.95,488.57,75.77,131.98,0.9743,-1,-1,-1
331,1382,1428.47,473.18,74.81,128.09,0.971,-1,-1,-1
331,1506,517.23,382.38,43.51,101.47,0.9708,-1,-1,-1
331,1243,1529.41,397.24,38.55,103.72,0.9688,-1,-1,-1
331,1469,1671.78,337.71,41.71,96.78,0.9682,-1,-1,-1
331,1467,1423.44,299.0,40.97,77.31,0.9678,-1,-1,-1
331,1242,1759.41,653.93,79.42,183.9,0.9656,-1,-1,-1
331,1468,1032.79,297.86,35.85,73.98,0.9599,-1,-1,-1
331,1480,1354.74,376.22,36.27,106.02,0.959,-1,-1,-1
331,1527,1445.29,338.2,36.59,90.55,0.9586,-1,-1,-1
331,1526,219.38,305.74,63.73,86.33,0.9578,-1,-1,-1
331,1535,692.93,267.07,24.65,63.38,0.928,-1,-1,-1
331,1537,1214.19,253.63,22.82,61.98,0.927,-1,-1,-1
331,1251,1467.26,883.45,62.56,173.86,0.9251,-1,-1,-1
332,1534,1840.53,490.19,75.53,128.69,0.977,-1,-1,-1
332,1382,1419.94,474.94,78.36,124.41,0.9767,-1,-1,-1
332,1466,751.72,393.5,64.99,91.23,0.9747,-1,-1,-1
332,1262,969.94,523.9,73.05,136.52,0.9728,-1,-1,-1
332,1506,517.24,383.08,52.59,102.47,0.9723,-1,-1,-1
332,1513,262.01,562.09,46.56,149.27,0.9717,-1,-1,-1
332,1243,1527.78,395.49,41.03,105.26,0.9714,-1,-1,-1
332,1469,1669.26,338.2,46.74,97.66,0.9711,-1,-1,-1
332,1242,1755.46,656.03,84.77,184.23,0.9687,-1,-1,-1
332,1467,1425.15,299.01,39.17,78.55,0.9652,-1,-1,-1
332,1526,216.26,305.11,65.77,88.18,0.9633,-1,-1,-1
332,1480,1357.06,378.23,36.6,104.4,0.9613,-1,-1,-1
332,1468,1034.02,298.02,31.1,75.43,0.9535,-1,-1,-1
332,1251,1463.54,876.77,68.78,187.36,0.9432,-1,-1,-1
332,1535,694.16,266.22,24.48,64.93,0.9231,-1,-1,-1
332,1527,1447.95,338.46,33.82,92.1,0.9152,-1,-1,-1
332,1537,1215.38,255.98,22.04,60.34,0.9064,-1,-1,-1
333,1534,1832.79,492.33,79.43,127.68,0.977,-1,-1,-1
333,1243,1525.47,394.04,45.19,108.01,0.9757,-1,-1,-1
333,1382,1415.19,474.81,75.96,126.97,0.9752,-1,-1,-1
333,1469,1666.37,338.58,50.52,100.81,0.9734,-1,-1,-1
333,1506,519.13,384.06,53.36,103.17,0.9734,-1,-1,-1
333,1242,1752.02,660.35,90.38,180.4,0.9731,-1,-1,-1
333,1466,752.36,393.08,63.11,93.48,0.9729,-1,-1,-1
333,1262,955.75,526.95,67.92,135.79,0.9717,-1,-1,-1
333,1526,215.42,305.47,66.11,88.96,0.966,-1,-1,-1
333,1480,1358.92,379.2,37.36,104.76,0.9647,-1,-1,-1
333,1467,1427.59,299.12,36.43,78.88,0.9628,-1,-1,-1
333,1513,264.54,562.32,44.5,150.29,0.9625,-1,-1,-1
333,1527,1451.64,339.22,28.88,91.95,0.9419,-1,-1,-1
333,1468,1035.71,299.03,26.25,75.7,0.9416,-1,-1,-1
333,1251,1452.0,877.5,82.99,191.24,0.9082,-1,-1,-1
333,1535,695.42,269.84,24.29,62.4,0.8827,-1,-1,-1
333,1537,1217.03,259.68,20.53,57.7,0.8752,-1,-1,-1
334,1534,1829.3,493.92,79.83,126.34,0.9784,-1,-1,-1
334,1243,1524.32,393.93,47.21,109.21,0.9756,-1,-1,-1
334,1242,1751.04,661.4,92.21,179.85,0.9752,-1,-1,-1
334,1506,520.06,385.62,52.46,102.62,0.9743,-1,-1,-1
334,1466,754.08,392.28,61.14,94.83,0.9739,-1,-1,-1
334,1469,1664.66,339.55,52.68,100.73,0.9737,-1,-1,-1
334,1382,1415.44,475.78,70.11,127.46,0.973,-1,-1,-1
334,1262,947.23,527.1,64.19,135.51,0.9722,-1,-1,-1
334,1480,1359.59,380.37,37.64,104.43,0.9677,-1,-1,-1
334,1526,214.97,305.9,66.95,88.96,0.963,-1,-1,-1
334,1467,1428.43,298.67,35.58,80.21,0.9619,-1,-1,-1
334,1513,265.87,560.84,45.91,152.8,0.953,-1,-1,-1
334,1468,1036.16,299.95,25.44,75.8,0.942,-1,-1,-1
334,1527,1452.4,338.7,27.62,92.78,0.9393,-1,-1,-1
334,1251,1434.02,881.46,108.22,189.91,0.8974,-1,-1,-1
334,1537,1217.13,253.78,23.26,63.35,0.8493,-1,-1,-1
334,1535,696.82,271.57,22.69,60.41,0.823,-1,-1,-1
335,1466,753.71,392.69,60.0,94.38,0.977,-1,-1,-1
335,1262,935.62,527.14,60.1,136.45,0.9768,-1,-1,-1
335,1506,523.65,386.25,49.65,103.29,0.9756,-1,-1,-1
335,1243,1522.18,394.36,50.59,109.48,0.9749,-1,-1,-1
335,1469,1663.39,341.45,54.33,99.85,0.9743,-1,-1,-1
335,1242,1749.85,662.26,95.23,179.33,0.9737,-1,-1,-1
335,1382,1413.52,479.83,59.44,124.22,0.9733,-1,-1,-1
335,1534,1821.51,495.72,75.46,126.65,0.9703,-1,-1,-1
335,1513,267.61,560.38,45.93,152.07,0.9688,-1,-1,-1
335,1480,1361.66,381.68,38.67,104.28,0.9686,-1,-1,-1
335,1467,1430.22,297.85,33.32,81.59,0.9613,-1,-1,-1
335,1526,214.91,306.8,65.89,88.56,0.9564,-1,-1,-1
335,1468,1039.72,301.16,22.32,75.29,0.9458,-1,-1,-1
335,1527,1454.18,339.77,24.66,92.51,0.9357,-1,-1,-1
335,1535,697.59,269.28,22.48,63.32,0.9201,-1,-1,-1
335,1537,1218.09,257.94,22.1,61.57,0.8602,-1,-1,-1
335,1251,1428.04,880.17,119.05,194.42,0.847,-1,-1,-1
336,1262,927.5,523.18,68.47,142.75,0.9753,-1,-1,-1
336,1243,1519.86,394.91,53.2,109.39,0.9745,-1,-1,-1
336,1382,1406.98,480.81,49.32,123.43,0.9745,-1,-1,-1
336,1469,1662.3,343.33,54.52,99.07,0.9736,-1,-1,-1
336,1466,752.59,391.81,53.05,96.16,0.9732,-1,-1,-1
336,1513,266.99,558.99,49.2,153.44,0.9721,-1,-1,-1
336,1506,529.2,385.73,46.0,105.35,0.9708,-1,-1,-1
336,1242,1749.6,662.82,98.04,181.52,0.9703,-1,-1,-1
336,1534,1815.37,495.59,70.7,127.18,0.9692,-1,-1,-1
336,1467,1431.29,297.4,32.41,82.97,0.9623,-1,-1,-1
336,1251,1439.55,883.73,101.45,189.83,0.962,-1,-1,-1
336,1480,1365.73,384.01,36.75,103.19,0.9603,-1,-1,-1
336,1526,215.18,307.82,66.52,88.77,0.9535,-1,-1,-1
336,1468,1037.57,301.96,25.86,74.89,0.9505,-1,-1,-1
336,1535,698.37,268.92,23.37,64.17,0.9365,-1,-1,-1
336,1527,1454.13,340.22,24.62,91.92,0.9263,-1,-1,-1
336,1537,1218.2,264.14,21.67,55.86,0.8219,-1,-1,-1
337,1262,923.14,523.14,69.72,143.98,0.9793,-1,-1,-1
337,1382,1401.89,480.3,44.9,124.23,0.976,-1,-1,-1
337,1534,1811.85,495.44,67.63,128.85,0.9748,-1,-1,-1
337,1243,1519.05,395.47,53.89,108.77,0.9746,-1,-1,-1
337,1513,265.55,558.99,52.05,150.29,0.9736,-1,-1,-1
337,1469,1665.08,343.59,49.76,99.17,0.9735,-1,-1,-1
337,1466,749.73,391.71,53.88,96.21,0.9727,-1,-1,-1
337,1506,532.44,387.98,44.18,103.83,0.9679,-1,-1,-1
337,1242,1750.18,662.45,98.28,182.9,0.9659,-1,-1,-1
337,1467,1432.16,297.73,31.75,82.6,0.9631,-1,-1,-1
337,1480,1367.18,384.42,36.64,103.48,0.961,-1,-1,-1
337,1251,1434.87,882.83,103.93,192.87,0.96,-1,-1,-1
337,1526,215.16,308.53,66.99,88.82,0.9553,-1,-1,-1
337,1468,1035.56,302.46,29.11,74.66,0.9528,-1,-1,-1
337,1535,698.87,269.22,23.63,64.54,0.9403,-1,-1,-1
337,1527,1454.38,341.06,24.87,91.5,0.9327,-1,-1,-1
337,1537,1218.49,268.02,20.83,52.59,0.5332,-1,-1,-1
338,1534,1808.27,492.49,75.13,132.73,0.9792,-1,-1,-1
338,1262,914.51,522.84,73.77,141.74,0.9782,-1,-1,-1
338,1243,1518.07,398.19,54.8,106.5,0.9773,-1,-1,-1
338,1513,262.34,558.6,63.06,146.87,0.9742,-1,-1,-1
338,1469,1667.89,343.88,42.57,99.21,0.9716,-1,-1,-1
338,1466,748.55,392.31,45.81,96.59,0.97,-1,-1,-1
338,1506,539.29,389.58,40.01,102.41,0.9609,-1,-1,-1
338,1382,1391.3,478.58,52.43,128.04,0.9606,-1,-1,-1
338,1467,1432.71,298.74,31.92,82.14,0.9592,-1,-1,-1
338,1480,1370.57,384.99,36.07,102.5,0.9585,-1,-1,-1
338,1526,215.54,309.53,66.69,88.74,0.9581,-1,-1,-1
338,1242,1752.64,662.07,96.25,184.05,0.9547,-1,-1,-1
338,1468,1032.38,303.45,33.9,74.88,0.9519,-1,-1,-1
338,1251,1429.08,882.93,106.99,191.58,0.9393,-1,-1,-1
338,1527,1455.16,342.25,25.13,92.61,0.936,-1,-1,-1
338,1535,700.68,271.54,24.21,63.06,0.9283,-1,-1,-1
338,1537,1219.41,266.22,19.85,54.84,0.7964,-1,-1,-1
339,1534,1804.5,490.92,78.7,136.22,0.9799,-1,-1,-1
339,1243,1516.92,400.19,52.01,105.69,0.9792,-1,-1,-1
339,1513,258.56,557.7,72.08,145.89,0.9772,-1,-1,-1
339,1262,899.48,524.03,81.4,134.8,0.9747,-1,-1,-1
339,1242,1752.1,657.97,96.83,185.85,0.9702,-1,-1,-1
339,1469,1668.24,342.22,35.35,102.97,0.9668,-1,-1,-1
339,1382,1383.05,483.96,60.81,124.27,0.9658,-1,-1,-1
339,1466,748.44,393.24,37.62,95.74,0.9644,-1,-1,-1
339,1506,545.2,389.29,38.47,103.82,0.958,-1,-1,-1
339,1526,216.42,311.19,64.67,88.79,0.9578,-1,-1,-1
339,1480,1373.38,386.38,36.71,95.59,0.9567,-1,-1,-1
339,1467,1430.95,299.79,34.07,81.95,0.956,-1,-1,-1
339,1468,1031.53,304.74,36.0,74.65,0.9506,-1,-1,-1
339,1527,1453.24,343.98,28.13,92.24,0.9455,-1,-1,-1
339,1535,701.41,271.43,25.25,64.36,0.9323,-1,-1,-1
339,1251,1424.83,880.97,96.89,196.62,0.9114,-1,-1,-1
339,1537,1220.17,267.49,21.86,54.99,0.758,-1,-1,-1
340,1534,1803.28,489.99,79.36,137.55,0.9792,-1,-1,-1
340,1513,256.79,557.51,75.03,146.07,0.9779,-1,-1,-1
340,1243,1516.04,401.09,50.66,104.68,0.9762,-1,-1,-1
340,1242,1754.93,658.66,92.57,182.14,0.9738,-1,-1,-1
340,1262,894.88,525.85,81.35,134.31,0.9728,-1,-1,-1
340,1382,1379.04,481.24,63.7,127.21,0.9686,-1,-1,-1
340,1466,747.95,392.98,34.98,98.04,0.9628,-1,-1,-1
340,1468,1031.56,305.05,37.4,75.12,0.9617,-1,-1,-1
340,1469,1667.83,342.4,31.8,101.83,0.9599,-1,-1,-1
340,1480,1375.87,386.76,35.36,99.44,0.9584,-1,-1,-1
340,1526,216.72,311.66,63.28,88.01,0.9573,-1,-1,-1
340,1467,1429.27,299.52,35.83,83.8,0.9572,-1,-1,-1
340,1506,548.05,389.43,38.39,104.26,0.9537,-1,-1,-1
340,1527,1451.35,345.19,30.68,92.36,0.9444,-1,-1,-1
340,1535,702.08,271.88,25.63,64.89,0.9293,-1,-1,-1
340,1251,1420.25,882.35,101.14,193.7,0.9215,-1,-1,-1
340,1537,1221.54,267.43,20.78,55.62,0.809,-1,-1,-1
341,1262,890.8,526.9,70.54,137.42,0.9782,-1,-1,-1
341,1534,1798.59,489.85,81.72,134.82,0.978,-1,-1,-1
341,1513,254.87,554.95,76.37,149.36,0.9774,-1,-1,-1
341,1243,1514.38,401.79,45.8,105.35,0.9733,-1,-1,-1
341,1242,1761.58,657.82,82.82,181.91,0.9714,-1,-1,-1
341,1467,1425.71,301.83,40.62,82.85,0.9714,-1,-1,-1
341,1382,1370.09,478.07,70.11,128.89,0.9707,-1,-1,-1
341,1468,1031.84,305.82,38.7,75.73,0.9637,-1,-1,-1
341,1526,218.04,311.76,58.47,88.33,0.9634,-1,-1,-1
341,1506,552.04,390.2,38.57,105.17,0.9605,-1,-1,-1
341,1466,745.62,395.1,33.41,96.6,0.9602,-1,-1,-1
341,1469,1666.84,341.58,32.3,103.78,0.9601,-1,-1,-1
341,1527,1449.72,347.83,34.94,90.89,0.9511,-1,-1,-1
341,1480,1379.34,386.7,34.94,100.49,0.9482,-1,-1,-1
341,1251,1422.02,884.55,90.0,190.56,0.944,-1,-1,-1
341,1535,703.45,272.27,26.11,66.04,0.9329,-1,-1,-1
341,1537,1223.88,274.78,19.73,48.23,0.7533,-1,-1,-1
342,1534,1789.92,492.03,86.21,128.7,0.9808,-1,-1,-1
342,1513,254.21,552.01,75.45,152.3,0.9762,-1,-1,-1
342,1382,1354.13,478.66,86.38,126.49,0.9739,-1,-1,-1
342,1262,886.44,528.35,57.79,136.44,0.9715,-1,-1,-1
342,1243,1513.23,402.57,41.66,105.18,0.9715,-1,-1,-1
342,1467,1422.62,304.11,44.16,81.84,0.9685,-1,-1,-1
342,1468,1032.21,306.55,40.13,75.7,0.9634,-1,-1,-1
342,1242,1769.98,657.83,71.46,183.77,0.9626,-1,-1,-1
342,1466,743.54,398.19,33.69,94.26,0.9618,-1,-1,-1
342,1469,1666.59,341.73,33.98,105.16,0.9604,-1,-1,-1
342,1480,1383.58,386.17,33.57,104.64,0.96,-1,-1,-1
342,1527,1447.65,348.52,38.78,92.38,0.9591,-1,-1,-1
342,1526,217.53,313.78,53.71,87.65,0.9565,-1,-1,-1
342,1251,1425.99,886.68,72.09,182.7,0.9494,-1,-1,-1
342,1506,554.09,391.86,41.59,100.83,0.9391,-1,-1,-1
342,1535,704.32,271.99,26.48,66.94,0.9369,-1,-1,-1
342,1537,1226.7,272.73,18.29,50.31,0.2735,-1,-1,-1
343,1534,1787.93,492.47,85.31,128.87,0.9796,-1,-1,-1
343,1513,255.19,550.79,74.41,153.86,0.9778,-1,-1,-1
343,1382,1349.32,479.71,90.06,126.38,0.9756,-1,-1,-1
343,1243,1512.54,402.24,43.21,106.46,0.9733,-1,-1,-1
343,1262,882.2,530.66,49.84,135.01,0.9727,-1,-1,-1
343,1467,1422.18,305.92,45.1,79.57,0.9695,-1,-1,-1
343,1466,742.57,400.65,34.9,93.41,0.9636,-1,-1,-1
343,1469,1666.14,342.42,35.16,105.19,0.9632,-1,-1,-1
343,1468,1033.11,307.39,39.05,75.51,0.9622,-1,-1,-1
343,1242,1773.84,656.79,67.51,186.54,0.962,-1,-1,-1
343,1480,1385.04,385.85,32.76,104.92,0.9617,-1,-1,-1
343,1526,217.31,314.36,52.73,87.94,0.9585,-1,-1,-1
343,1527,1448.16,349.08,40.15,92.88,0.9563,-1,-1,-1
343,1506,555.94,391.39,42.49,105.42,0.9516,-1,-1,-1
343,1251,1429.5,888.99,65.37,179.65,0.9477,-1,-1,-1
343,1535,704.87,272.18,26.97,67.7,0.9324,-1,-1,-1
344,1513,256.89,549.81,76.54,150.45,0.984,-1,-1,-1
344,1506,560.12,394.56,43.47,106.0,0.9761,-1,-1,-1
344,1382,1346.69,480.93,87.59,128.3,0.9747,-1,-1,-1
344,1262,872.94,529.72,44.3,138.0,0.9747,-1,-1,-1
344,1243,1512.23,401.07,45.24,108.88,0.9737,-1,-1,-1
344,1534,1788.73,494.22,76.6,129.55,0.9731,-1,-1,-1
344,1467,1421.48,307.54,47.1,78.9,0.9693,-1,-1,-1
344,1466,738.95,405.34,39.31,91.25,0.9682,-1,-1,-1
344,1527,1451.05,351.16,40.26,91.97,0.9659,-1,-1,-1
344,1526,216.72,316.79,53.29,87.06,0.9628,-1,-1,-1
344,1469,1665.29,344.25,36.86,105.03,0.9623,-1,-1,-1
344,1480,1390.6,384.81,30.28,106.79,0.9599,-1,-1,-1
344,1242,1781.0,659.36,60.55,186.28,0.9579,-1,-1,-1
344,1468,1035.6,307.57,35.88,76.75,0.9577,-1,-1,-1
344,1251,1435.65,891.32,57.7,179.63,0.9443,-1,-1,-1
344,1535,705.44,274.75,28.33,66.36,0.9326,-1,-1,-1
345,1534,1786.16,496.73,69.09,129.43,0.9774,-1,-1,-1
345,1506,563.9,396.85,45.21,106.29,0.9763,-1,-1,-1
345,1382,1350.85,484.85,71.47,126.99,0.9749,-1,-1,-1
345,1243,1511.75,400.76,47.16,111.17,0.9715,-1,-1,-1
345,1467,1423.03,310.05,47.44,78.34,0.9686,-1,-1,-1
345,1527,1454.83,353.11,39.65,91.6,0.9682,-1,-1,-1
345,1513,257.79,548.62,78.7,140.03,0.9676,-1,-1,-1
345,1466,732.95,407.15,47.16,91.47,0.9672,-1,-1,-1
345,1262,860.54,529.05,54.55,139.75,0.9656,-1,-1,-1
345,1526,216.54,318.25,46.71,87.2,0.9644,-1,-1,-1
345,1469,1665.21,347.52,36.87,104.02,0.9599,-1,-1,-1
345,1242,1779.22,660.76,64.97,188.28,0.9554,-1,-1,-1
345,1251,1430.98,892.96,60.85,179.48,0.9535,-1,-1,-1
345,1480,1395.1,385.77,28.3,106.7,0.9473,-1,-1,-1
345,1535,706.13,275.47,29.26,66.9,0.9412,-1,-1,-1
345,1468,1039.38,308.03,31.26,77.35,0.9397,-1,-1,-1
345,1537,1234.63,287.3,11.6,40.54,0.7166,-1,-1,-1
346,1534,1785.13,496.99,61.14,128.86,0.9742,-1,-1,-1
346,1262,854.86,528.49,60.0,141.06,0.9741,-1,-1,-1
346,1506,566.37,397.8,45.47,106.12,0.9739,-1,-1,-1
346,1243,1511.9,400.9,46.92,112.02,0.9718,-1,-1,-1
346,1382,1347.27,486.16,68.74,126.58,0.971,-1,-1,-1
346,1467,1424.12,310.58,47.89,78.59,0.9693,-1,-1,-1
346,1466,731.99,407.22,49.17,92.16,0.9692,-1,-1,-1
346,1513,256.42,550.78,81.91,130.9,0.9692,-1,-1,-1
346,1526,216.62,319.46,45.67,86.57,0.9685,-1,-1,-1
346,1527,1456.77,354.85,39.06,90.55,0.9674,-1,-1,-1
346,1469,1664.55,348.58,37.47,102.69,0.9651,-1,-1,-1
346,1251,1427.68,892.97,62.46,177.85,0.9573,-1,-1,-1
346,1242,1776.63,661.83,69.18,188.92,0.9543,-1,-1,-1
346,1480,1396.31,385.52,29.37,107.44,0.9478,-1,-1,-1
346,1535,706.77,276.71,29.74,66.67,0.9391,-1,-1,-1
346,1468,1040.81,308.18,28.76,78.38,0.9285,-1,-1,-1
346,1537,1235.03,286.34,13.07,42.14,0.7561,-1,-1,-1
347,1513,256.7,552.94,87.06,129.2,0.9779,-1,-1,-1
347,1534,1780.7,496.98,51.07,130.34,0.9773,-1,-1,-1
347,1262,843.68,527.45,69.85,143.92,0.9746,-1,-1,-1
347,1506,572.51,400.31,43.69,106.07,0.9745,-1,-1,-1
347,1243,1510.99,402.04,48.29,111.09,0.9727,-1,-1,-1
347,1382,1339.67,486.11,61.63,127.14,0.9714,-1,-1,-1
347,1526,216.85,321.23,44.29,87.2,0.9703,-1,-1,-1
347,1466,726.95,406.25,56.44,94.47,0.9691,-1,-1,-1
347,1469,1663.87,351.65,36.53,101.52,0.968,-1,-1,-1
347,1467,1428.12,310.94,45.24,79.42,0.9671,-1,-1,-1
347,1527,1461.32,356.61,37.0,89.77,0.9664,-1,-1,-1
347,1251,1423.79,894.28,66.21,179.25,0.9596,-1,-1,-1
347,1480,1400.02,387.6,31.49,105.51,0.9508,-1,-1,-1
347,1242,1769.14,663.28,79.17,190.21,0.9506,-1,-1,-1
347,1535,708.89,279.21,28.81,65.03,0.9386,-1,-1,-1
347,1468,1045.53,310.78,21.74,76.86,0.8978,-1,-1,-1
347,1537,1234.96,269.46,18.58,59.98,0.8207,-1,-1,-1
348,1262,824.87,528.76,87.05,143.22,0.9797,-1,-1,-1
348,1513,256.9,555.6,89.48,129.21,0.9787,-1,-1,-1
348,1534,1773.22,496.28,59.14,132.19,0.9759,-1,-1,-1
348,1382,1333.91,484.82,49.79,130.7,0.9755,-1,-1,-1
348,1243,1511.36,403.9,46.4,108.44,0.975,-1,-1,-1
348,1506,576.95,400.63,43.85,107.97,0.9704,-1,-1,-1
348,1467,1431.13,311.76,46.16,79.55,0.9693,-1,-1,-1
348,1526,216.14,323.68,46.11,86.31,0.969,-1,-1,-1
348,1466,722.75,406.14,60.82,96.8,0.9688,-1,-1,-1
348,1251,1421.03,897.78,68.27,176.38,0.9646,-1,-1,-1
348,1469,1660.14,354.13,38.15,100.44,0.9638,-1,-1,-1
348,1527,1466.28,358.76,33.87,89.77,0.9575,-1,-1,-1
348,1242,1771.03,665.4,81.81,192.12,0.9544,-1,-1,-1
348,1480,1402.73,389.51,34.34,106.6,0.948,-1,-1,-1
348,1535,710.17,277.62,29.81,67.83,0.942,-1,-1,-1
348,1468,1047.53,312.98,20.57,75.99,0.9287,-1,-1,-1
348,1537,1235.85,268.14,21.07,63.31,0.916,-1,-1,-1
349,1262,816.86,530.55,94.58,139.37,0.9834,-1,-1,-1
349,1513,256.73,556.87,90.63,128.94,0.9775,-1,-1,-1
349,1243,1511.65,404.88,45.25,107.68,0.9754,-1,-1,-1
349,1534,1768.88,495.44,65.7,133.55,0.975,-1,-1,-1
349,1382,1332.21,484.69,51.89,131.69,0.9747,-1,-1,-1
349,1466,721.11,406.32,61.77,97.58,0.9743,-1,-1,-1
349,1506,580.55,400.65,43.22,108.59,0.9715,-1,-1,-1
349,1467,1432.82,311.99,45.15,80.32,0.9706,-1,-1,-1
349,1526,215.8,324.33,46.73,86.41,0.9701,-1,-1,-1
349,1242,1773.51,669.39,79.45,187.76,0.9621,-1,-1,-1
349,1527,1468.14,360.35,33.69,89.02,0.9608,-1,-1,-1
349,1480,1402.98,391.95,36.68,105.19,0.9586,-1,-1,-1
349,1251,1419.85,899.54,69.41,175.17,0.9553,-1,-1,-1
349,1469,1662.26,354.3,36.5,101.15,0.9512,-1,-1,-1
349,1535,710.98,278.33,30.03,67.16,0.9431,-1,-1,-1
349,1468,1047.33,313.03,21.47,76.64,0.9333,-1,-1,-1
349,1537,1236.22,269.05,22.37,62.48,0.8556,-1,-1,-1
350,1262,810.52,532.73,93.82,140.02,0.9791,-1,-1,-1
350,1466,723.61,407.24,56.98,96.06,0.9752,-1,-1,-1
350,1382,1328.34,484.25,56.28,134.57,0.9739,-1,-1,-1
350,1467,1434.89,311.9,42.14,82.28,0.973,-1,-1,-1
350,1480,1405.51,395.5,39.29,103.29,0.9709,-1,-1,-1
350,1513,258.79,558.52,92.49,129.28,0.9705,-1,-1,-1
350,1526,215.21,325.78,47.61,85.36,0.9689,-1,-1,-1
350,1243,1511.2,407.57,40.2,107.04,0.9689,-1,-1,-1
350,1506,588.62,403.65,39.55,107.67,0.9687,-1,-1,-1
350,1469,1657.47,354.88,45.06,101.54,0.9672,-1,-1,-1
350,1242,1776.11,673.12,84.3,184.15,0.9659,-1,-1,-1
350,1534,1763.33,493.83,73.03,137.14,0.9582,-1,-1,-1
350,1535,712.08,277.87,31.54,69.65,0.9551,-1,-1,-1
350,1527,1473.57,361.46,29.5,88.7,0.9463,-1,-1,-1
350,1468,1047.86,313.78,22.96,77.61,0.9364,-1,-1,-1
350,1537,1238.25,274.63,23.73,58.2,0.915,-1,-1,-1
350,1251,1419.54,908.95,68.75,166.3,0.8915,-1,-1,-1
351,1382,1321.1,485.22,62.25,134.4,0.9806,-1,-1,-1
351,1534,1759.24,494.46,78.01,136.32,0.976,-1,-1,-1
351,1262,811.23,536.64,79.62,136.88,0.9729,-1,-1,-1
351,1467,1437.57,311.76,38.76,84.02,0.9714,-1,-1,-1
351,1480,1407.68,397.09,41.74,104.18,0.9706,-1,-1,-1
351,1466,725.88,408.46,46.79,92.92,0.9704,-1,-1,-1
351,1469,1657.47,355.59,49.6,101.92,0.9689,-1,-1,-1
351,1242,1779.31,674.33,87.5,185.37,0.9665,-1,-1,-1
351,1526,214.63,326.48,48.64,86.67,0.9651,-1,-1,-1
351,1506,594.94,405.45,38.67,107.71,0.9612,-1,-1,-1
351,1243,1511.16,408.72,33.63,107.23,0.958,-1,-1,-1
351,1513,262.82,558.2,79.86,132.12,0.9556,-1,-1,-1
351,1535,713.9,277.71,31.37,71.24,0.9506,-1,-1,-1
351,1527,1477.62,363.26,28.45,88.8,0.9461,-1,-1,-1
351,1468,1047.28,315.56,25.71,77.2,0.946,-1,-1,-1
351,1537,1239.21,279.56,26.22,55.41,0.9044,-1,-1,-1
351,1251,1417.01,932.58,67.59,144.56,0.8812,-1,-1,-1
352,1534,1750.85,494.99,86.49,133.28,0.9808,-1,-1,-1
352,1382,1314.11,485.13,68.4,134.07,0.9784,-1,-1,-1
352,1262,808.2,537.41,76.35,137.57,0.975,-1,-1,-1
352,1480,1408.75,397.95,42.84,104.2,0.9714,-1,-1,-1
352,1469,1659.5,355.91,50.23,102.05,0.9688,-1,-1,-1
352,1466,726.95,410.26,41.38,91.24,0.9677,-1,-1,-1
352,1242,1783.29,674.41,85.57,186.29,0.9675,-1,-1,-1
352,1506,598.79,406.08,37.95,106.96,0.9675,-1,-1,-1
352,1526,213.92,326.8,49.03,86.52,0.9639,-1,-1,-1
352,1513,264.87,558.24,80.66,133.2,0.9635,-1,-1,-1
352,1243,1509.54,409.2,34.1,107.72,0.9614,-1,-1,-1
352,1467,1439.32,311.61,35.98,84.72,0.9611,-1,-1,-1
352,1535,714.05,278.64,31.42,71.04,0.9514,-1,-1,-1
352,1468,1045.79,316.46,29.01,77.31,0.9494,-1,-1,-1
352,1527,1480.71,363.76,27.09,88.64,0.9426,-1,-1,-1
352,1537,1240.36,280.24,26.72,55.96,0.8734,-1,-1,-1
352,1251,1416.79,937.03,65.52,139.73,0.8502,-1,-1,-1
353,1534,1742.68,497.18,92.99,128.62,0.9839,-1,-1,-1
353,1382,1301.56,486.19,80.19,132.29,0.9767,-1,-1,-1
353,1262,797.73,537.98,68.4,139.53,0.9764,-1,-1,-1
353,1480,1411.05,400.25,45.05,104.44,0.9749,-1,-1,-1
353,1469,1658.38,357.72,55.28,102.6,0.9726,-1,-1,-1
353,1513,268.46,557.83,66.12,134.2,0.9711,-1,-1,-1
353,1242,1790.88,674.27,79.66,186.93,0.9706,-1,-1,-1
353,1243,1505.47,411.08,41.41,106.88,0.9681,-1,-1,-1
353,1526,213.86,326.47,47.42,88.18,0.9646,-1,-1,-1
353,1506,604.9,407.67,37.45,107.73,0.962,-1,-1,-1
353,1468,1044.52,319.66,33.75,75.04,0.9512,-1,-1,-1
353,1467,1441.57,311.2,33.38,86.73,0.9505,-1,-1,-1
353,1466,725.84,411.75,34.16,91.63,0.9463,-1,-1,-1
353,1251,1418.32,914.69,61.12,162.79,0.9432,-1,-1,-1
353,1535,715.13,281.55,30.43,69.59,0.9408,-1,-1,-1
353,1537,1242.69,280.59,28.41,56.93,0.9295,-1,-1,-1
353,1527,1483.86,365.95,33.67,89.54,0.9189,-1,-1,-1
354,1534,1741.68,498.73,90.9,130.27,0.9815,-1,-1,-1
354,1382,1298.39,488.73,76.61,131.89,0.9771,-1,-1,-1
354,1243,1503.12,412.46,47.74,107.26,0.9755,-1,-1,-1
354,1480,1414.39,401.13,43.76,105.28,0.9747,-1,-1,-1
354,1506,610.25,411.03,40.7,108.05,0.9728,-1,-1,-1
354,1469,1658.74,359.7,58.58,102.93,0.9726,-1,-1,-1
354,1262,790.82,536.34,59.27,141.95,0.9722,-1,-1,-1
354,1513,268.62,557.79,64.85,135.59,0.972,-1,-1,-1
354,1526,213.64,326.16,45.1,89.79,0.97,-1,-1,-1
354,1242,1798.06,673.87,71.47,184.13,0.9653,-1,-1,-1
354,1466,721.79,412.57,39.25,92.48,0.9604,-1,-1,-1
354,1467,1445.69,312.47,29.46,86.61,0.9595,-1,-1,-1
354,1468,1044.57,321.54,36.84,75.62,0.9564,-1,-1,-1
354,1535,716.48,281.62,30.26,70.68,0.9417,-1,-1,-1
354,1527,1488.1,367.82,31.43,89.44,0.9342,-1,-1,-1
354,1251,1418.13,917.9,55.69,158.81,0.8916,-1,-1,-1
354,1537,1245.23,281.74,28.76,58.23,0.8762,-1,-1,-1
355,1506,612.39,411.36,42.73,110.19,0.9769,-1,-1,-1
355,1534,1743.49,500.76,85.16,129.28,0.9768,-1,-1,-1
355,1382,1300.53,490.37,70.57,131.43,0.9766,-1,-1,-1
355,1243,1501.94,414.27,49.88,107.61,0.9756,-1,-1,-1
355,1513,268.92,557.15,63.66,137.48,0.9744,-1,-1,-1
355,1480,1415.25,402.08,44.95,104.68,0.9733,-1,-1,-1
355,1469,1658.35,360.13,60.16,103.94,0.9721,-1,-1,-1
355,1262,789.3,535.59,56.8,143.69,0.9716,-1,-1,-1
355,1526,214.06,325.88,43.58,91.03,0.9695,-1,-1,-1
355,1242,1801.0,673.77,65.87,182.64,0.9688,-1,-1,-1
355,1466,719.28,412.56,41.7,94.5,0.9637,-1,-1,-1
355,1468,1045.53,322.57,37.53,75.8,0.962,-1,-1,-1
355,1467,1447.71,313.37,27.72,85.85,0.9554,-1,-1,-1
355,1535,717.77,283.18,28.99,69.77,0.9425,-1,-1,-1
355,1527,1488.91,368.87,30.86,88.76,0.9365,-1,-1,-1
355,1537,1246.59,280.09,28.96,60.05,0.9316,-1,-1,-1
356,1506,615.61,412.76,46.66,110.18,0.9761,-1,-1,-1
356,1513,267.36,555.26,64.51,140.29,0.9744,-1,-1,-1
356,1262,785.08,534.86,56.93,145.91,0.9742,-1,-1,-1
356,1382,1301.26,495.59,59.88,127.51,0.9725,-1,-1,-1
356,1534,1742.97,504.18,73.78,129.75,0.9723,-1,-1,-1
356,1469,1659.96,361.86,60.07,104.1,0.9719,-1,-1,-1
356,1466,716.11,412.08,45.52,96.09,0.9717,-1,-1,-1
356,1480,1418.43,402.49,44.05,105.65,0.9714,-1,-1,-1
356,1243,1498.77,416.51,55.39,107.05,0.97,-1,-1,-1
356,1526,214.08,327.6,42.46,90.4,0.9664,-1,-1,-1
356,1242,1804.97,674.89,58.32,181.45,0.966,-1,-1,-1
356,1468,1048.94,324.71,37.05,75.61,0.9554,-1,-1,-1
356,1467,1449.63,315.13,27.73,85.08,0.9475,-1,-1,-1
356,1527,1491.22,371.0,30.49,86.99,0.9367,-1,-1,-1
356,1535,719.38,284.02,28.54,70.66,0.928,-1,-1,-1
356,1537,1249.22,276.78,29.34,64.77,0.8934,-1,-1,-1
357,1534,1736.86,505.74,68.04,131.55,0.9787,-1,-1,-1
357,1262,780.51,535.36,56.12,144.6,0.9761,-1,-1,-1
357,1506,617.73,415.37,46.66,109.45,0.9759,-1,-1,-1
357,1382,1298.91,497.6,49.01,127.88,0.9749,-1,-1,-1
357,1469,1664.11,363.06,56.44,104.42,0.9732,-1,-1,-1
357,1513,264.32,554.07,65.83,143.54,0.9728,-1,-1,-1
357,1480,1422.58,404.08,41.49,103.2,0.9709,-1,-1,-1
357,1243,1497.53,417.28,58.1,105.82,0.9703,-1,-1,-1
357,1466,710.62,413.51,50.06,94.68,0.9694,-1,-1,-1
357,1242,1801.76,676.65,62.89,180.27,0.9686,-1,-1,-1
357,1526,214.7,329.91,39.29,88.99,0.967,-1,-1,-1
357,1468,1051.21,326.83,37.03,75.2,0.9566,-1,-1,-1
357,1467,1452.07,317.08,26.42,84.45,0.9508,-1,-1,-1
357,1535,720.96,288.21,28.27,68.06,0.9211,-1,-1,-1
357,1527,1495.77,375.82,30.34,55.1,0.8685,-1,-1,-1
357,1537,1253.19,283.03,28.26,60.19,0.8472,-1,-1,-1
358,1262,769.63,536.15,64.8,143.3,0.9792,-1,-1,-1
358,1534,1734.25,506.21,61.81,131.39,0.9783,-1,-1,-1
358,1513,263.49,554.45,65.69,141.85,0.9775,-1,-1,-1
358,1506,620.09,416.52,46.0,109.13,0.9758,-1,-1,-1
358,1469,1663.77,363.16,56.48,104.96,0.9734,-1,-1,-1
358,1466,707.51,412.95,53.56,94.07,0.97,-1,-1,-1
358,1242,1799.84,676.45,66.16,183.05,0.9699,-1,-1,-1
358,1243,1498.35,418.85,57.59,104.67,0.969,-1,-1,-1
358,1480,1424.36,405.09,39.92,102.37,0.9681,-1,-1,-1
358,1382,1295.93,499.25,43.59,126.8,0.9681,-1,-1,-1
358,1526,214.73,330.28,39.53,89.69,0.9673,-1,-1,-1
358,1468,1051.8,327.1,37.87,76.03,0.9569,-1,-1,-1
358,1467,1452.46,318.73,26.22,84.28,0.9524,-1,-1,-1
358,1535,721.9,289.0,28.06,68.38,0.9236,-1,-1,-1
358,1527,1497.7,376.46,30.97,55.23,0.8664,-1,-1,-1
358,1537,1254.7,284.64,28.71,59.69,0.8486,-1,-1,-1
358,1251,1422.84,935.83,41.43,141.79,0.6492,-1,-1,-1
359,1534,1733.22,505.34,54.11,132.67,0.9788,-1,-1,-1
359,1506,624.5,417.77,44.77,110.49,0.972,-1,-1,-1
359,1469,1665.64,363.45,53.12,104.95,0.9717,-1,-1,-1
359,1466,706.16,414.71,52.83,93.57,0.9714,-1,-1,-1
359,1513,257.48,554.46,69.08,144.82,0.9713,-1,-1,-1
359,1262,755.32,539.05,74.22,139.8,0.9712,-1,-1,-1
359,1382,1287.89,497.58,44.07,130.66,0.9708,-1,-1,-1
359,1243,1497.77,414.44,55.56,111.6,0.9696,-1,-1,-1
359,1526,214.55,332.98,39.98,89.5,0.9693,-1,-1,-1
359,1480,1427.99,404.93,36.76,103.36,0.9647,-1,-1,-1
359,1242,1798.28,677.16,70.46,186.31,0.9645,-1,-1,-1
359,1467,1452.09,323.25,27.66,81.93,0.9525,-1,-1,-1
359,1468,1054.49,331.3,37.02,72.75,0.9488,-1,-1,-1
359,1535,722.56,289.22,27.31,70.27,0.9225,-1,-1,-1
359,1537,1257.78,285.15,27.26,60.52,0.8957,-1,-1,-1
359,1251,1418.77,933.15,45.35,143.57,0.8678,-1,-1,-1
359,1527,1502.22,379.65,30.24,58.02,0.6813,-1,-1,-1
360,1534,1731.59,503.92,56.92,137.21,0.981,-1,-1,-1
360,1262,750.27,543.44,72.3,136.98,0.9782,-1,-1,-1
360,1513,250.45,554.17,76.29,144.35,0.976,-1,-1,-1
360,1382,1281.09,497.54,51.77,132.59,0.9747,-1,-1,-1
360,1243,1495.72,418.51,52.7,110.35,0.9721,-1,-1,-1
360,1466,702.08,417.84,50.87,94.05,0.9713,-1,-1,-1
360,1469,1669.1,363.65,47.23,104.87,0.9709,-1,-1,-1
360,1506,631.24,419.45,41.67,110.31,0.9707,-1,-1,-1
360,1526,214.16,336.04,40.24,89.1,0.9687,-1,-1,-1
360,1480,1430.71,405.89,35.61,104.24,0.9651,-1,-1,-1
360,1467,1451.78,325.95,30.12,82.12,0.9607,-1,-1,-1
360,1468,1057.42,332.57,34.84,73.6,0.9512,-1,-1,-1
360,1242,1793.07,678.98,76.66,192.58,0.9494,-1,-1,-1
360,1535,723.53,291.17,27.14,69.98,0.9286,-1,-1,-1
360,1537,1259.76,283.85,25.89,64.07,0.8651,-1,-1,-1
360,1251,1404.36,935.13,57.38,140.68,0.6209,-1,-1,-1
361,1534,1728.31,504.06,60.19,139.26,0.9801,-1,-1,-1
361,1513,247.85,554.31,77.86,144.5,0.9774,-1,-1,-1
361,1262,750.6,545.79,65.02,135.76,0.9767,-1,-1,-1
361,1243,1493.64,420.28,51.67,109.01,0.9762,-1,-1,-1
361,1382,1278.11,497.62,55.49,134.0,0.9738,-1,-1,-1
361,1466,702.68,419.33,44.95,93.36,0.9676,-1,-1,-1
361,1526,214.73,337.47,39.11,88.74,0.9667,-1,-1,-1
361,1506,638.46,420.82,37.64,110.35,0.9658,-1,-1,-1
361,1467,1450.98,327.64,32.41,81.89,0.9646,-1,-1,-1
361,1469,1670.93,364.36,42.31,105.25,0.9643,-1,-1,-1
361,1480,1431.51,406.74,35.08,105.66,0.9638,-1,-1,-1
361,1242,1791.82,682.09,79.22,191.74,0.956,-1,-1,-1
361,1468,1055.82,334.22,36.49,72.68,0.946,-1,-1,-1
361,1535,724.27,293.7,26.79,67.92,0.9295,-1,-1,-1
361,1251,1399.72,933.27,63.04,145.39,0.7301,-1,-1,-1
361,1537,1262.19,282.95,23.46,66.44,0.588,-1,-1,-1
361,1527,1506.99,383.51,31.49,57.98,0.5253,-1,-1,-1
362,1262,751.83,547.27,52.96,137.05,0.9769,-1,-1,-1
362,1534,1724.11,503.28,63.16,141.65,0.9763,-1,-1,-1
362,1513,242.95,554.87,75.8,144.15,0.9759,-1,-1,-1
362,1243,1491.99,422.1,45.28,109.26,0.9737,-1,-1,-1
362,1382,1265.53,497.45,69.06,136.3,0.9732,-1,-1,-1
362,1242,1789.32,684.13,85.58,194.86,0.9664,-1,-1,-1
362,1526,215.48,342.89,38.4,85.91,0.9657,-1,-1,-1
362,1467,1450.94,330.35,35.92,79.86,0.9654,-1,-1,-1
362,1480,1434.56,408.33,36.18,106.13,0.9628,-1,-1,-1
362,1468,1053.05,334.91,38.36,73.95,0.9576,-1,-1,-1
362,1506,649.06,420.97,32.31,112.87,0.9456,-1,-1,-1
362,1469,1681.14,365.52,29.49,106.52,0.9404,-1,-1,-1
362,1466,698.83,420.44,41.18,95.1,0.9198,-1,-1,-1
362,1535,726.1,295.36,26.35,66.64,0.9155,-1,-1,-1
362,1527,1509.78,384.9,32.6,63.09,0.9053,-1,-1,-1
362,1251,1390.15,934.08,70.74,144.37,0.8676,-1,-1,-1
362,1537,1264.65,283.01,20.95,67.58,0.4022,-1,-1,-1
363,1534,1708.74,506.04,77.44,135.36,0.9786,-1,-1,-1
363,1513,241.98,553.61,63.59,147.01,0.9753,-1,-1,-1
363,1262,747.02,548.36,45.19,138.16,0.9719,-1,-1,-1
363,1382,1253.61,499.36,80.54,133.06,0.9714,-1,-1,-1
363,1243,1489.34,422.46,44.64,110.97,0.969,-1,-1,-1
363,1242,1786.27,687.4,94.06,195.28,0.9676,-1,-1,-1
363,1467,1453.07,332.78,37.79,80.0,0.9676,-1,-1,-1
363,1480,1436.22,412.21,37.89,104.92,0.9671,-1,-1,-1
363,1526,216.06,345.67,37.9,84.9,0.9639,-1,-1,-1
363,1466,697.59,419.78,38.52,96.72,0.9592,-1,-1,-1
363,1468,1052.34,336.7,35.89,74.12,0.9537,-1,-1,-1
363,1469,1683.14,368.28,29.42,106.67,0.9449,-1,-1,-1
363,1535,728.05,297.91,24.45,66.0,0.9109,-1,-1,-1
363,1506,655.89,426.74,30.25,107.15,0.8777,-1,-1,-1
363,1527,1512.77,388.71,33.52,80.55,0.8655,-1,-1,-1
363,1251,1375.79,937.36,89.4,142.64,0.8422,-1,-1,-1
363,1537,1266.1,284.17,20.36,66.6,0.4182,-1,-1,-1
364,1513,241.31,553.39,63.73,148.39,0.9777,-1,-1,-1
364,1382,1250.8,499.83,82.81,133.34,0.9755,-1,-1,-1
364,1534,1704.12,507.55,80.21,133.73,0.9751,-1,-1,-1
364,1262,742.64,548.75,43.95,138.9,0.9743,-1,-1,-1
364,1467,1453.91,334.21,38.91,79.73,0.9699,-1,-1,-1
364,1243,1489.29,422.75,44.64,111.35,0.9696,-1,-1,-1
364,1242,1786.0,689.17,96.36,195.22,0.9675,-1,-1,-1
364,1480,1434.42,413.61,41.57,103.75,0.9664,-1,-1,-1
364,1466,696.31,418.84,39.66,97.76,0.9655,-1,-1,-1
364,1526,216.88,347.18,37.59,83.77,0.9637,-1,-1,-1
364,1468,1052.94,337.76,33.89,74.2,0.9532,-1,-1,-1
364,1469,1682.66,368.42,31.63,108.17,0.9459,-1,-1,-1
364,1506,659.8,427.0,29.74,108.2,0.9371,-1,-1,-1
364,1535,727.64,299.76,25.15,65.18,0.9154,-1,-1,-1
364,1527,1514.68,390.38,33.4,83.24,0.8999,-1,-1,-1
364,1251,1370.21,939.24,95.01,140.76,0.8976,-1,-1,-1
364,1537,1266.75,291.17,19.28,60.07,0.458,-1,-1,-1
365,1513,239.08,552.57,65.99,152.23,0.9782,-1,-1,-1
365,1382,1246.89,503.05,84.68,131.64,0.9769,-1,-1,-1
365,1262,733.78,548.61,43.75,141.81,0.9748,-1,-1,-1
365,1243,1487.69,422.39,44.96,112.51,0.972,-1,-1,-1
365,1534,1699.69,510.84,81.97,130.7,0.9708,-1,-1,-1
365,1467,1456.23,335.64,38.52,80.25,0.9688,-1,-1,-1
365,1469,1679.89,371.91,39.78,108.77,0.9678,-1,-1,-1
365,1480,1431.21,415.24,47.66,105.89,0.967,-1,-1,-1
365,1526,216.76,349.16,39.07,84.25,0.9663,-1,-1,-1
365,1242,1785.14,691.19,101.75,194.65,0.9646,-1,-1,-1
365,1506,663.59,431.4,34.87,106.52,0.9532,-1,-1,-1
365,1466,695.93,417.58,37.97,100.4,0.9461,-1,-1,-1
365,1468,1054.69,338.05,31.8,76.14,0.9452,-1,-1,-1
365,1527,1519.24,393.37,34.23,84.33,0.9293,-1,-1,-1
365,1535,728.13,299.79,24.62,66.27,0.8883,-1,-1,-1
365,1251,1363.32,941.24,102.72,138.76,0.8168,-1,-1,-1
365,1537,1267.66,288.62,21.32,65.81,0.715,-1,-1,-1
366,1513,237.22,551.72,69.33,154.89,0.9801,-1,-1,-1
366,1262,728.54,547.88,44.87,143.94,0.9768,-1,-1,-1
366,1469,1673.94,375.47,50.8,105.92,0.9759,-1,-1,-1
366,1382,1250.49,506.81,72.86,132.49,0.9753,-1,-1,-1
366,1243,1486.3,422.35,45.82,113.45,0.9741,-1,-1,-1
366,1534,1701.86,514.56,71.32,130.81,0.9726,-1,-1,-1
366,1526,216.26,349.63,41.45,86.53,0.9694,-1,-1,-1
366,1242,1788.28,692.8,100.11,193.98,0.9672,-1,-1,-1
366,1467,1457.73,335.97,38.12,81.5,0.9663,-1,-1,-1
366,1466,690.53,418.8,41.07,98.9,0.966,-1,-1,-1
366,1468,1055.77,338.74,32.11,76.75,0.947,-1,-1,-1
366,1527,1521.29,395.59,35.85,84.18,0.9466,-1,-1,-1
366,1506,666.7,437.22,37.08,105.76,0.9396,-1,-1,-1
366,1480,1433.68,418.06,48.53,106.05,0.9212,-1,-1,-1
366,1535,727.73,298.69,28.42,70.06,0.8874,-1,-1,-1
366,1251,1360.91,946.79,98.28,131.59,0.8272,-1,-1,-1
366,1537,1268.95,291.17,20.48,65.79,0.7836,-1,-1,-1
367,1513,235.19,551.39,71.76,156.38,0.9809,-1,-1,-1
367,1262,723.39,548.59,48.12,144.37,0.9771,-1,-1,-1
367,1243,1484.32,423.52,47.45,111.67,0.9754,-1,-1,-1
367,1469,1672.68,377.82,54.65,105.11,0.9743,-1,-1,-1
367,1534,1703.65,516.65,65.31,129.32,0.9727,-1,-1,-1
367,1382,1249.63,509.81,68.63,130.53,0.9716,-1,-1,-1
367,1242,1789.8,693.99,98.94,193.15,0.969,-1,-1,-1
367,1467,1458.56,335.83,37.87,81.95,0.9674,-1,-1,-1
367,1526,216.25,350.0,43.39,87.06,0.9664,-1,-1,-1
367,1466,689.74,419.75,40.34,96.3,0.964,-1,-1,-1
367,1506,668.81,439.28,40.24,106.06,0.9546,-1,-1,-1
367,1468,1055.84,338.5,32.47,78.01,0.9512,-1,-1,-1
367,1480,1435.47,418.74,47.49,105.92,0.942,-1,-1,-1
367,1527,1523.35,396.95,35.26,84.32,0.9263,-1,-1,-1
367,1537,1269.83,296.2,20.27,61.52,0.8664,-1,-1,-1
367,1535,728.68,299.5,28.39,70.01,0.8469,-1,-1,-1
367,1251,1359.0,945.65,99.45,134.35,0.6418,-1,-1,-1
368,1262,707.61,548.53,63.76,145.74,0.9766,-1,-1,-1
368,1243,1481.38,426.39,49.58,109.16,0.9757,-1,-1,-1
368,1513,231.15,552.11,75.34,156.3,0.9756,-1,-1,-1
368,1534,1705.44,518.57,49.16,129.09,0.9751,-1,-1,-1
368,1242,1793.5,696.38,92.13,192.58,0.9741,-1,-1,-1
368,1469,1669.95,381.43,62.56,105.14,0.9734,-1,-1,-1
368,1382,1243.9,511.14,62.21,130.73,0.971,-1,-1,-1
368,1467,1459.8,335.75,36.04,83.44,0.9639,-1,-1,-1
368,1526,215.2,350.39,47.93,88.04,0.9616,-1,-1,-1
368,1466,685.41,421.65,41.51,88.42,0.9583,-1,-1,-1
368,1506,673.26,447.81,44.54,99.03,0.9581,-1,-1,-1
368,1527,1529.03,397.85,34.01,85.03,0.9479,-1,-1,-1
368,1480,1440.74,420.21,43.35,105.55,0.9465,-1,-1,-1
368,1468,1057.21,339.17,31.86,78.72,0.9399,-1,-1,-1
368,1537,1270.89,297.8,22.28,62.36,0.9206,-1,-1,-1
368,1535,729.95,299.08,27.88,72.22,0.7552,-1,-1,-1
369,1262,698.67,550.51,70.78,143.38,0.9781,-1,-1,-1
369,1382,1239.97,509.99,48.74,134.53,0.977,-1,-1,-1
369,1243,1481.32,428.95,44.53,108.05,0.9751,-1,-1,-1
369,1242,1796.8,696.6,87.56,190.17,0.9745,-1,-1,-1
369,1513,225.19,556.77,79.03,149.58,0.9743,-1,-1,-1
369,1469,1676.73,384.76,59.75,104.36,0.9723,-1,-1,-1
369,1506,676.99,450.54,49.14,98.1,0.9714,-1,-1,-1
369,1480,1441.75,420.83,42.32,104.48,0.9687,-1,-1,-1
369,1534,1699.28,517.88,42.2,133.02,0.9686,-1,-1,-1
369,1467,1461.68,335.47,31.87,84.09,0.9581,-1,-1,-1
369,1526,216.82,351.49,51.64,88.79,0.9575,-1,-1,-1
369,1527,1531.75,401.58,35.21,84.26,0.9544,-1,-1,-1
369,1466,685.09,423.75,36.68,78.52,0.9498,-1,-1,-1
369,1468,1058.09,341.07,30.94,77.56,0.9427,-1,-1,-1
369,1537,1272.01,294.99,23.87,66.87,0.9306,-1,-1,-1
369,1535,731.72,302.77,25.63,69.83,0.754,-1,-1,-1
370,1513,222.6,558.28,79.58,148.11,0.9763,-1,-1,-1
370,1262,697.18,551.45,71.65,142.99,0.9758,-1,-1,-1
370,1469,1679.51,386.26,57.33,103.68,0.9732,-1,-1,-1
370,1382,1237.49,511.11,47.33,132.96,0.9726,-1,-1,-1
370,1534,1696.53,518.2,41.4,132.53,0.9716,-1,-1,-1
370,1506,680.16,452.29,47.76,97.05,0.9712,-1,-1,-1
370,1243,1481.35,430.61,41.02,107.15,0.9671,-1,-1,-1
370,1242,1799.94,696.45,82.7,188.23,0.9661,-1,-1,-1
370,1480,1442.39,421.44,43.11,104.81,0.9619,-1,-1,-1
370,1467,1461.66,335.16,31.53,85.28,0.9562,-1,-1,-1
370,1526,216.62,351.27,53.56,90.02,0.9552,-1,-1,-1
370,1527,1533.8,402.81,34.52,83.72,0.9547,-1,-1,-1
370,1468,1058.52,343.09,30.86,75.78,0.9475,-1,-1,-1
370,1537,1271.84,297.14,24.66,65.84,0.9278,-1,-1,-1
370,1466,685.0,424.68,34.7,76.14,0.9192,-1,-1,-1
370,1535,730.33,302.27,26.92,71.41,0.8704,-1,-1,-1
371,1534,1690.57,517.3,46.07,133.24,0.9779,-1,-1,-1
371,1382,1236.39,511.04,46.15,135.36,0.9768,-1,-1,-1
371,1513,216.59,561.7,80.05,147.18,0.9765,-1,-1,-1
371,1262,694.09,555.28,69.29,141.62,0.9763,-1,-1,-1
371,1469,1681.36,387.72,55.02,104.34,0.9737,-1,-1,-1
371,1506,686.09,449.28,43.49,100.65,0.9737,-1,-1,-1
371,1242,1804.87,697.06,75.23,184.66,0.9692,-1,-1,-1
371,1480,1443.03,421.29,40.38,105.88,0.9654,-1,-1,-1
371,1243,1476.58,432.34,37.15,108.48,0.9614,-1,-1,-1
371,1526,215.9,352.3,58.48,90.2,0.9592,-1,-1,-1
371,1527,1537.65,405.38,35.49,84.16,0.9558,-1,-1,-1
371,1467,1462.24,335.7,27.84,85.68,0.9442,-1,-1,-1
371,1468,1060.2,346.09,28.34,74.0,0.9424,-1,-1,-1
371,1537,1272.95,295.38,25.95,68.82,0.9251,-1,-1,-1
371,1535,728.46,306.49,27.95,68.97,0.9196,-1,-1,-1
371,1466,681.43,426.85,33.45,74.24,0.8628,-1,-1,-1
372,1382,1231.54,510.86,49.86,137.23,0.9775,-1,-1,-1
372,1534,1686.38,515.88,54.24,136.9,0.9744,-1,-1,-1
372,1469,1684.2,389.42,50.74,104.27,0.9743,-1,-1,-1
372,1262,688.81,558.54,64.58,139.51,0.9721,-1,-1,-1
372,1506,689.97,450.63,42.06,100.32,0.9708,-1,-1,-1
372,1513,210.18,565.56,77.53,146.89,0.9705,-1,-1,-1
372,1242,1810.71,698.49,68.94,185.38,0.9638,-1,-1,-1
372,1480,1443.77,421.28,39.62,108.72,0.9622,-1,-1,-1
372,1527,1542.73,407.86,34.77,84.03,0.9566,-1,-1,-1
372,1526,217.14,354.25,60.32,89.92,0.9511,-1,-1,-1
372,1467,1463.3,336.05,27.62,86.27,0.9506,-1,-1,-1
372,1243,1473.67,433.05,33.5,110.32,0.9429,-1,-1,-1
372,1468,1061.79,348.54,25.36,73.96,0.9362,-1,-1,-1
372,1537,1274.51,299.55,27.97,66.62,0.931,-1,-1,-1
372,1535,725.1,308.34,31.17,69.63,0.9285,-1,-1,-1
372,1466,679.89,427.84,31.79,74.33,0.7752,-1,-1,-1
373,1469,1686.45,390.0,47.39,103.78,0.9747,-1,-1,-1
373,1534,1683.88,515.65,57.94,137.21,0.9746,-1,-1,-1
373,1513,207.49,565.33,75.35,147.89,0.9738,-1,-1,-1
373,1382,1222.85,510.52,57.54,138.84,0.9722,-1,-1,-1
373,1262,688.47,559.42,62.05,139.56,0.9718,-1,-1,-1
373,1506,692.72,450.71,40.48,100.17,0.9695,-1,-1,-1
373,1480,1444.69,422.22,38.01,108.41,0.9601,-1,-1,-1
373,1242,1813.22,699.66,68.45,185.8,0.9572,-1,-1,-1
373,1527,1544.86,408.6,34.21,83.69,0.9566,-1,-1,-1
373,1467,1463.55,336.34,27.9,86.44,0.9561,-1,-1,-1
373,1243,1471.66,433.57,35.21,110.36,0.9469,-1,-1,-1
373,1526,216.08,353.59,64.98,89.73,0.9392,-1,-1,-1
373,1468,1062.09,349.7,23.95,73.76,0.9299,-1,-1,-1
373,1537,1275.02,298.82,28.34,67.52,0.9298,-1,-1,-1
373,1535,724.05,310.37,31.84,68.78,0.9278,-1,-1,-1
373,1466,679.66,426.12,32.1,78.75,0.8706,-1,-1,-1
374,1513,199.49,565.32,72.03,150.03,0.9776,-1,-1,-1
374,1262,687.38,558.29,59.51,142.59,0.9755,-1,-1,-1
374,1382,1210.59,511.04,68.6,140.31,0.9746,-1,-1,-1
374,1534,1669.29,517.01,74.49,135.38,0.9725,-1,-1,-1
374,1469,1690.72,391.22,39.12,104.73,0.9699,-1,-1,-1
374,1243,1469.59,433.11,39.42,114.56,0.9556,-1,-1,-1
374,1467,1463.87,337.6,27.33,86.92,0.9553,-1,-1,-1
374,1527,1549.66,409.85,33.89,85.67,0.9546,-1,-1,-1
374,1242,1816.74,702.77,67.49,186.24,0.9541,-1,-1,-1
374,1506,700.78,448.36,33.33,104.82,0.9524,-1,-1,-1
374,1466,677.23,425.35,30.84,90.25,0.9488,-1,-1,-1
374,1526,216.84,353.28,66.34,91.62,0.9404,-1,-1,-1
374,1535,724.25,315.83,30.53,64.7,0.9283,-1,-1,-1
374,1480,1446.64,422.07,34.1,107.65,0.9225,-1,-1,-1
374,1468,1063.14,351.01,22.0,73.88,0.9175,-1,-1,-1
374,1537,1277.32,305.47,26.78,62.34,0.8639,-1,-1,-1
375,1513,193.27,563.72,63.06,153.14,0.9775,-1,-1,-1
375,1262,686.81,556.21,56.91,147.33,0.976,-1,-1,-1
375,1382,1205.31,513.51,69.16,136.39,0.9758,-1,-1,-1
375,1534,1663.87,518.65,80.83,131.43,0.9727,-1,-1,-1
375,1243,1457.03,432.15,55.15,114.88,0.9605,-1,-1,-1
375,1469,1692.34,389.71,33.29,106.34,0.9566,-1,-1,-1
375,1242,1817.92,703.21,67.92,190.74,0.9543,-1,-1,-1
375,1526,219.24,353.45,65.27,92.17,0.952,-1,-1,-1
375,1466,672.88,424.07,34.42,94.39,0.9514,-1,-1,-1
375,1506,705.64,448.72,31.75,104.91,0.9509,-1,-1,-1
375,1467,1463.39,339.58,27.99,87.77,0.9461,-1,-1,-1
375,1535,725.1,316.79,30.61,64.76,0.9413,-1,-1,-1
375,1527,1553.33,411.52,34.56,85.84,0.9386,-1,-1,-1
375,1468,1063.83,353.31,21.94,72.93,0.9161,-1,-1,-1
375,1537,1279.23,308.43,26.63,61.18,0.7634,-1,-1,-1
376,1513,190.08,563.51,62.72,153.86,0.9778,-1,-1,-1
376,1382,1205.32,515.76,66.52,135.11,0.9774,-1,-1,-1
376,1534,1662.83,519.97,81.0,130.1,0.9753,-1,-1,-1
376,1262,684.32,555.22,57.18,148.16,0.9747,-1,-1,-1
376,1243,1456.34,433.13,56.56,113.54,0.9633,-1,-1,-1
376,1506,706.87,447.88,32.77,106.54,0.9572,-1,-1,-1
376,1469,1691.97,389.39,34.1,106.96,0.9556,-1,-1,-1
376,1466,671.45,422.81,34.95,95.45,0.9553,-1,-1,-1
376,1526,220.43,353.32,64.59,93.12,0.9549,-1,-1,-1
376,1242,1817.05,704.69,69.89,190.96,0.9536,-1,-1,-1
376,1527,1555.97,412.17,33.98,86.4,0.9467,-1,-1,-1
376,1467,1463.15,340.67,29.81,88.52,0.9433,-1,-1,-1
376,1535,725.7,316.32,30.23,65.57,0.9347,-1,-1,-1
376,1468,1063.3,352.27,23.1,74.23,0.9303,-1,-1,-1
376,1537,1279.95,309.57,26.67,60.87,0.8398,-1,-1,-1
377,1534,1663.55,522.6,77.01,128.97,0.9799,-1,-1,-1
377,1382,1210.51,519.51,51.17,131.92,0.9772,-1,-1,-1
377,1262,680.64,555.31,56.16,147.97,0.9765,-1,-1,-1
377,1243,1455.57,431.34,58.23,113.31,0.9697,-1,-1,-1
377,1513,184.42,560.6,64.4,160.13,0.966,-1,-1,-1
377,1466,669.76,424.77,36.38,93.71,0.9607,-1,-1,-1
377,1469,1692.79,388.29,36.08,107.93,0.9589,-1,-1,-1
377,1526,223.02,353.81,59.67,93.52,0.9553,-1,-1,-1
377,1506,710.4,446.89,33.2,109.23,0.9517,-1,-1,-1
377,1527,1559.87,413.83,34.71,86.24,0.9505,-1,-1,-1
377,1242,1814.24,709.46,75.56,190.98,0.949,-1,-1,-1
377,1467,1458.98,346.65,35.38,84.91,0.9445,-1,-1,-1
377,1468,1062.61,352.87,25.36,75.38,0.9243,-1,-1,-1
377,1535,727.44,317.51,29.01,65.05,0.9181,-1,-1,-1
377,1537,1282.74,315.31,22.94,56.0,0.8704,-1,-1,-1
378,1382,1208.54,522.22,44.31,132.28,0.9775,-1,-1,-1
378,1262,673.76,557.18,60.35,143.18,0.9767,-1,-1,-1
378,1513,178.85,559.27,65.53,161.65,0.9758,-1,-1,-1
378,1534,1667.18,524.47,66.11,128.36,0.9757,-1,-1,-1
378,1243,1453.71,431.49,58.47,111.7,0.975,-1,-1,-1
378,1467,1456.06,350.39,40.18,82.07,0.9682,-1,-1,-1
378,1469,1694.15,389.95,37.52,107.81,0.9676,-1,-1,-1
378,1526,224.81,356.89,56.61,92.12,0.9636,-1,-1,-1
378,1242,1815.17,713.44,80.0,187.38,0.9623,-1,-1,-1
378,1527,1564.3,414.9,34.19,88.31,0.953,-1,-1,-1
378,1506,714.09,445.46,34.16,110.72,0.9477,-1,-1,-1
378,1535,728.18,323.17,29.39,60.76,0.9418,-1,-1,-1
378,1468,1062.21,352.76,27.26,77.02,0.9339,-1,-1,-1
378,1466,669.32,425.05,34.88,95.67,0.9236,-1,-1,-1
378,1537,1287.04,316.79,18.48,55.48,0.7367,-1,-1,-1
379,1513,176.56,559.35,66.09,160.91,0.9773,-1,-1,-1
379,1534,1666.28,524.15,61.11,129.76,0.9759,-1,-1,-1
379,1262,671.42,556.53,58.64,141.92,0.9732,-1,-1,-1
379,1469,1694.37,390.81,38.21,107.58,0.9708,-1,-1,-1
379,1382,1205.48,522.78,42.48,132.15,0.969,-1,-1,-1
379,1243,1454.82,434.02,53.27,109.83,0.9682,-1,-1,-1
379,1467,1454.55,351.47,42.28,81.96,0.9677,-1,-1,-1
379,1526,225.5,358.04,56.09,91.87,0.9656,-1,-1,-1
379,1242,1815.93,713.53,81.68,188.38,0.9588,-1,-1,-1
379,1527,1567.24,416.36,33.44,87.01,0.9521,-1,-1,-1
379,1506,714.95,445.93,35.07,111.04,0.9494,-1,-1,-1
379,1468,1061.86,351.59,28.61,78.11,0.9439,-1,-1,-1
379,1535,728.39,323.31,29.45,61.68,0.9394,-1,-1,-1
379,1466,667.64,426.84,35.26,94.29,0.9279,-1,-1,-1
379,1537,1289.44,322.83,15.32,48.15,0.3764,-1,-1,-1
380,1513,172.75,561.43,67.79,154.98,0.977,-1,-1,-1
380,1534,1667.31,523.64,52.92,131.78,0.9761,-1,-1,-1
380,1469,1694.5,392.9,40.07,107.89,0.9715,-1,-1,-1
380,1467,1455.11,354.58,45.68,79.52,0.9699,-1,-1,-1
380,1262,668.89,558.72,57.74,138.1,0.9696,-1,-1,-1
380,1382,1199.69,522.85,42.02,132.03,0.9691,-1,-1,-1
380,1526,227.41,359.8,54.64,91.2,0.9685,-1,-1,-1
380,1242,1816.73,712.7,88.07,193.97,0.9681,-1,-1,-1
380,1243,1455.48,439.15,41.42,107.55,0.9621,-1,-1,-1
380,1506,718.88,447.74,35.07,108.7,0.9537,-1,-1,-1
380,1527,1571.4,416.52,33.82,88.14,0.9519,-1,-1,-1
380,1466,665.87,427.82,36.46,95.46,0.9505,-1,-1,-1
380,1468,1061.61,351.68,31.26,78.15,0.9482,-1,-1,-1
380,1535,729.09,321.17,27.62,64.94,0.9307,-1,-1,-1
380,1480,1469.02,434.85,35.61,61.83,0.8598,-1,-1,-1
380,1537,1288.64,317.92,18.12,54.51,0.4009,-1,-1,-1
381,1513,170.22,563.34,65.44,150.53,0.977,-1,-1,-1
381,1382,1194.36,521.15,44.1,135.08,0.974,-1,-1,-1
381,1534,1666.81,522.21,52.78,134.59,0.9739,-1,-1,-1
381,1243,1450.67,440.02,43.15,108.36,0.971,-1,-1,-1
381,1469,1696.23,395.12,40.25,108.57,0.9697,-1,-1,-1
381,1242,1814.22,714.04,94.33,195.05,0.9694,-1,-1,-1
381,1467,1459.43,356.67,43.46,78.6,0.9687,-1,-1,-1
381,1526,228.5,360.15,51.25,91.96,0.9684,-1,-1,-1
381,1262,668.9,561.68,53.13,135.69,0.9674,-1,-1,-1
381,1466,663.87,427.7,38.7,97.11,0.9635,-1,-1,-1
381,1506,722.45,450.21,34.75,106.93,0.9588,-1,-1,-1
381,1527,1576.56,418.56,32.81,87.65,0.9565,-1,-1,-1
381,1468,1063.15,353.08,31.27,77.91,0.9305,-1,-1,-1
381,1535,729.9,319.74,23.19,67.04,0.9227,-1,-1,-1
381,1480,1472.46,436.27,32.79,64.07,0.7996,-1,-1,-1
382,1513,168.36,565.23,65.09,150.02,0.978,-1,-1,-1
382,1382,1191.41,520.51,47.39,137.13,0.9758,-1,-1,-1
382,1262,667.2,561.89,53.32,136.92,0.9756,-1,-1,-1
382,1534,1665.78,520.03,54.29,136.18,0.9733,-1,-1,-1
382,1469,1697.3,396.74,39.93,107.58,0.9688,-1,-1,-1
382,1467,1458.62,357.31,44.36,78.21,0.9688,-1,-1,-1
382,1526,228.87,361.18,51.76,91.5,0.9677,-1,-1,-1
382,1242,1813.37,715.73,97.15,193.42,0.9674,-1,-1,-1
382,1466,663.58,427.44,38.35,97.72,0.9642,-1,-1,-1
382,1243,1448.98,440.65,41.38,108.02,0.962,-1,-1,-1
382,1506,724.06,450.59,35.12,105.81,0.9613,-1,-1,-1
382,1527,1578.6,418.52,34.04,88.78,0.9547,-1,-1,-1
382,1468,1062.93,353.36,32.29,77.81,0.9402,-1,-1,-1
382,1535,729.89,319.05,22.42,67.96,0.9247,-1,-1,-1
382,1480,1472.17,437.11,34.2,66.56,0.7953,-1,-1,-1
383,1513,166.28,569.79,60.0,147.73,0.9757,-1,-1,-1
383,1262,662.76,563.26,53.12,136.77,0.9751,-1,-1,-1
383,1382,1183.88,520.18,56.49,138.82,0.9742,-1,-1,-1
383,1534,1664.12,518.07,54.42,139.6,0.9728,-1,-1,-1
383,1526,230.21,362.99,52.59,90.83,0.97,-1,-1,-1
383,1466,661.82,425.62,38.91,99.25,0.9695,-1,-1,-1
383,1469,1698.74,399.44,40.2,105.86,0.9693,-1,-1,-1
383,1467,1456.34,358.87,46.49,76.49,0.9651,-1,-1,-1
383,1242,1811.84,716.67,100.82,189.93,0.9639,-1,-1,-1
383,1243,1447.52,438.9,41.62,110.15,0.9625,-1,-1,-1
383,1506,727.25,452.59,35.65,105.08,0.9624,-1,-1,-1
383,1527,1582.98,419.07,33.71,89.63,0.9558,-1,-1,-1
383,1468,1060.05,355.73,32.72,75.63,0.9466,-1,-1,-1
383,1535,727.92,316.97,25.66,69.79,0.9291,-1,-1,-1
383,1480,1473.5,435.5,32.67,103.45,0.7774,-1,-1,-1
384,1262,659.77,561.46,52.41,139.95,0.9759,-1,-1,-1
384,1382,1172.94,520.16,67.73,140.05,0.975,-1,-1,-1
384,1534,1662.9,517.42,52.5,140.57,0.9745,-1,-1,-1
384,1526,231.27,364.42,52.03,90.68,0.9742,-1,-1,-1
384,1513,163.64,571.11,55.37,149.33,0.9719,-1,-1,-1
384,1242,1811.01,716.28,99.05,187.21,0.9681,-1,-1,-1
384,1467,1455.95,358.26,44.99,78.08,0.9662,-1,-1,-1
384,1469,1703.8,401.13,37.74,104.27,0.9661,-1,-1,-1
384,1506,730.09,452.24,36.53,106.12,0.9647,-1,-1,-1
384,1466,660.41,424.04,37.87,102.17,0.964,-1,-1,-1
384,1243,1446.54,437.13,41.71,112.57,0.9626,-1,-1,-1
384,1527,1587.72,419.45,33.41,90.37,0.9605,-1,-1,-1
384,1468,1059.65,356.68,31.42,75.95,0.9502,-1,-1,-1
384,1535,729.56,319.75,24.87,67.82,0.8989,-1,-1,-1
384,1480,1474.1,434.6,32.76,107.8,0.8878,-1,-1,-1
385,1262,658.62,560.74,52.09,140.88,0.9759,-1,-1,-1
385,1513,161.29,570.67,54.75,149.21,0.9756,-1,-1,-1
385,1526,231.6,365.36,52.28,90.32,0.9745,-1,-1,-1
385,1534,1661.2,517.6,53.48,138.65,0.9737,-1,-1,-1
385,1382,1168.95,519.73,71.96,141.44,0.9727,-1,-1,-1
385,1242,1812.8,715.51,94.82,188.49,0.9707,-1,-1,-1
385,1469,1704.17,401.36,38.44,105.01,0.9683,-1,-1,-1
385,1467,1456.06,356.82,44.02,87.1,0.9672,-1,-1,-1
385,1506,731.25,452.88,37.3,105.58,0.9671,-1,-1,-1
385,1243,1444.91,436.39,42.84,114.6,0.9601,-1,-1,-1
385,1527,1589.03,421.72,35.19,89.01,0.958,-1,-1,-1
385,1466,660.49,423.92,36.68,100.66,0.9555,-1,-1,-1
385,1468,1060.1,356.89,30.51,76.46,0.9481,-1,-1,-1
385,1480,1473.25,435.96,36.68,107.25,0.9005,-1,-1,-1
385,1535,730.19,320.31,24.34,67.96,0.8851,-1,-1,-1
385,1537,1291.59,311.29,18.92,64.6,0.4813,-1,-1,-1
386,1262,656.09,559.12,52.14,144.0,0.9761,-1,-1,-1
386,1534,1658.27,519.2,56.36,133.26,0.9749,-1,-1,-1
386,1513,157.1,569.76,51.58,152.65,0.9742,-1,-1,-1
386,1526,233.45,366.72,50.8,89.47,0.9732,-1,-1,-1
386,1382,1167.1,521.69,72.87,136.96,0.9715,-1,-1,-1
386,1242,1815.83,713.15,84.89,191.0,0.971,-1,-1,-1
386,1467,1458.26,357.06,43.19,82.19,0.9664,-1,-1,-1
386,1506,735.4,451.69,36.91,108.8,0.9632,-1,-1,-1
386,1469,1708.52,400.58,36.09,105.75,0.9588,-1,-1,-1
386,1243,1441.14,437.84,46.87,111.59,0.9572,-1,-1,-1
386,1527,1594.12,421.1,34.07,90.69,0.9568,-1,-1,-1
386,1466,658.91,423.72,36.2,94.6,0.9542,-1,-1,-1
386,1468,1060.65,356.49,30.51,78.99,0.9493,-1,-1,-1
386,1480,1476.09,434.4,32.47,106.76,0.893,-1,-1,-1
386,1537,1291.05,312.5,22.34,63.65,0.7968,-1,-1,-1
386,1535,729.16,321.11,24.66,68.3,0.6946,-1,-1,-1
387,1513,153.24,566.79,51.48,155.45,0.9768,-1,-1,-1
387,1534,1656.17,520.92,56.83,129.52,0.9756,-1,-1,-1
387,1262,651.03,558.8,55.69,145.17,0.9746,-1,-1,-1
387,1382,1168.24,525.16,68.85,133.69,0.9729,-1,-1,-1
387,1526,235.96,368.42,49.48,88.72,0.9729,-1,-1,-1
387,1243,1438.34,438.49,47.55,108.58,0.9687,-1,-1,-1
387,1467,1462.03,355.09,40.46,83.15,0.9685,-1,-1,-1
387,1506,737.57,451.56,38.22,109.52,0.9662,-1,-1,-1
387,1466,658.01,424.25,35.71,94.05,0.9596,-1,-1,-1
387,1469,1712.14,398.42,35.79,109.87,0.9593,-1,-1,-1
387,1242,1817.92,709.14,82.89,196.46,0.9572,-1,-1,-1
387,1468,1062.05,356.11,30.17,80.25,0.952,-1,-1,-1
387,1527,1599.13,422.85,33.58,90.68,0.9503,-1,-1,-1
387,1537,1290.95,311.15,25.39,67.24,0.9088,-1,-1,-1
387,1480,1476.6,433.49,33.89,111.49,0.5389,-1,-1,-1
387,1535,729.03,320.38,23.31,66.9,0.5385,-1,-1,-1
388,1513,151.17,565.59,51.92,157.2,0.9786,-1,-1,-1
388,1534,1657.65,522.34,55.17,128.83,0.9759,-1,-1,-1
388,1243,1437.97,439.51,46.69,107.25,0.9743,-1,-1,-1
388,1382,1168.48,526.83,65.04,132.62,0.9734,-1,-1,-1
388,1526,237.43,369.18,48.08,88.14,0.9733,-1,-1,-1
388,1262,648.96,556.67,56.55,146.02,0.9716,-1,-1,-1
388,1467,1463.68,355.4,40.05,82.08,0.9676,-1,-1,-1
388,1506,738.54,451.49,38.74,109.77,0.9671,-1,-1,-1
388,1469,1714.78,398.45,35.07,109.93,0.96,-1,-1,-1
388,1466,657.54,424.19,35.14,96.23,0.9592,-1,-1,-1
388,1242,1818.72,711.4,81.29,192.03,0.9529,-1,-1,-1
388,1468,1062.94,356.19,29.49,79.85,0.9512,-1,-1,-1
388,1527,1601.0,423.29,34.69,91.91,0.9459,-1,-1,-1
388,1537,1291.03,311.39,26.9,67.23,0.9059,-1,-1,-1
388,1535,729.1,322.25,23.01,66.87,0.7119,-1,-1,-1
389,1513,147.56,563.63,53.74,160.12,0.9797,-1,-1,-1
389,1534,1660.75,523.85,51.31,129.02,0.9767,-1,-1,-1
389,1382,1165.48,529.04,58.71,132.05,0.9759,-1,-1,-1
389,1243,1437.58,441.23,43.15,108.04,0.9739,-1,-1,-1
389,1526,240.62,368.87,46.33,88.85,0.972,-1,-1,-1
389,1262,650.17,557.02,53.93,144.13,0.9719,-1,-1,-1
389,1467,1466.09,355.34,38.72,81.4,0.9661,-1,-1,-1
389,1527,1605.84,424.64,34.81,90.99,0.9638,-1,-1,-1
389,1506,743.04,452.57,38.31,106.83,0.9619,-1,-1,-1
389,1469,1718.6,397.55,35.05,112.59,0.9617,-1,-1,-1
389,1466,656.6,425.58,35.86,98.56,0.959,-1,-1,-1
389,1242,1822.74,710.52,78.13,191.37,0.9537,-1,-1,-1
389,1468,1064.77,356.61,28.43,79.57,0.9418,-1,-1,-1
389,1537,1291.35,312.43,29.8,65.69,0.92,-1,-1,-1
389,1480,1480.05,434.77,33.22,110.23,0.8162,-1,-1,-1
389,1535,729.68,324.58,22.22,67.98,0.4375,-1,-1,-1
390,1534,1662.54,524.8,48.71,129.23,0.977,-1,-1,-1
390,1513,141.08,562.31,59.34,158.92,0.9768,-1,-1,-1
390,1382,1164.13,528.63,50.56,134.41,0.9752,-1,-1,-1
390,1262,648.82,559.39,54.43,138.53,0.9733,-1,-1,-1
390,1526,242.7,368.96,44.65,89.04,0.9726,-1,-1,-1
390,1506,746.68,452.95,39.12,103.2,0.9666,-1,-1,-1
390,1467,1468.03,355.9,37.89,81.24,0.9601,-1,-1,-1
390,1243,1438.14,441.84,32.62,110.17,0.9594,-1,-1,-1
390,1527,1609.2,424.78,36.34,93.3,0.9579,-1,-1,-1
390,1480,1479.38,437.02,37.56,111.1,0.9563,-1,-1,-1
390,1466,656.5,427.36,36.38,97.51,0.9537,-1,-1,-1
390,1469,1721.03,399.64,35.99,110.23,0.9525,-1,-1,-1
390,1242,1822.73,710.22,78.2,191.15,0.951,-1,-1,-1
390,1468,1066.32,359.93,26.96,76.87,0.9292,-1,-1,-1
390,1537,1292.5,313.86,30.29,65.65,0.6828,-1,-1,-1
391,1534,1661.7,524.82,48.2,129.99,0.9764,-1,-1,-1
391,1382,1163.25,528.03,49.71,135.53,0.9752,-1,-1,-1
391,1526,243.14,368.96,45.0,89.99,0.9738,-1,-1,-1
391,1262,647.65,560.5,55.12,137.95,0.9729,-1,-1,-1
391,1513,137.22,561.09,65.83,158.99,0.971,-1,-1,-1
391,1506,748.44,453.31,38.87,103.59,0.9636,-1,-1,-1
391,1480,1477.87,438.06,40.3,111.05,0.9615,-1,-1,-1
391,1527,1611.93,425.98,36.12,93.23,0.9594,-1,-1,-1
391,1469,1722.49,400.06,36.33,110.12,0.956,-1,-1,-1
391,1466,656.83,426.52,35.97,99.11,0.9556,-1,-1,-1
391,1467,1469.22,356.8,37.03,80.47,0.9515,-1,-1,-1
391,1243,1436.69,442.18,30.93,109.93,0.9513,-1,-1,-1
391,1242,1822.3,712.36,78.77,188.7,0.9474,-1,-1,-1
391,1468,1066.65,360.94,26.13,76.55,0.9379,-1,-1,-1
391,1537,1293.93,315.35,29.58,64.8,0.9091,-1,-1,-1
392,1513,129.29,562.39,72.6,155.71,0.9772,-1,-1,-1
392,1382,1163.24,526.29,48.32,137.84,0.9766,-1,-1,-1
392,1534,1660.88,523.03,46.15,132.94,0.9758,-1,-1,-1
392,1526,243.19,369.62,46.4,89.79,0.9736,-1,-1,-1
392,1262,646.19,561.73,56.72,138.26,0.9722,-1,-1,-1
392,1506,751.33,454.68,39.82,103.89,0.9651,-1,-1,-1
392,1243,1431.8,442.38,34.08,108.61,0.9621,-1,-1,-1
392,1527,1617.54,427.47,35.16,93.22,0.9612,-1,-1,-1
392,1467,1470.75,357.69,36.4,81.14,0.9596,-1,-1,-1
392,1466,656.88,424.91,34.09,99.51,0.9595,-1,-1,-1
392,1469,1726.11,399.98,36.61,112.26,0.9594,-1,-1,-1
392,1242,1822.68,713.29,77.99,186.85,0.9482,-1,-1,-1
392,1468,1068.2,364.12,24.37,73.61,0.9329,-1,-1,-1
392,1480,1478.54,439.53,41.18,110.42,0.9306,-1,-1,-1
392,1537,1296.68,316.32,26.89,64.67,0.9049,-1,-1,-1
392,1535,727.45,327.08,23.01,66.83,0.53,-1,-1,-1
393,1382,1161.1,525.52,48.2,139.66,0.9783,-1,-1,-1
393,1513,121.76,566.11,75.76,153.06,0.9777,-1,-1,-1
393,1534,1660.22,519.79,45.84,135.98,0.9755,-1,-1,-1
393,1262,646.94,561.34,55.24,140.11,0.9734,-1,-1,-1
393,1243,1427.76,440.4,40.2,110.44,0.9732,-1,-1,-1
393,1526,243.72,370.4,47.85,89.92,0.9715,-1,-1,-1
393,1506,753.93,452.67,40.38,107.26,0.9693,-1,-1,-1
393,1480,1480.0,440.49,41.81,111.76,0.9668,-1,-1,-1
393,1467,1471.54,359.28,35.89,81.47,0.9622,-1,-1,-1
393,1469,1731.86,403.2,35.09,110.43,0.9599,-1,-1,-1
393,1527,1620.73,428.06,36.1,93.81,0.9576,-1,-1,-1
393,1466,657.02,421.83,32.88,105.27,0.9545,-1,-1,-1
393,1242,1824.01,714.94,76.95,186.49,0.9544,-1,-1,-1
393,1468,1068.93,365.11,23.01,73.5,0.914,-1,-1,-1
393,1537,1298.5,315.52,23.59,66.34,0.898,-1,-1,-1
394,1382,1155.44,524.92,51.92,142.21,0.9777,-1,-1,-1
394,1243,1426.41,439.38,42.0,112.23,0.9771,-1,-1,-1
394,1534,1660.38,519.04,45.44,136.96,0.9763,-1,-1,-1
394,1513,118.35,568.34,77.58,151.93,0.9756,-1,-1,-1
394,1262,646.85,560.64,54.92,140.75,0.9737,-1,-1,-1
394,1526,244.04,370.8,48.71,90.57,0.971,-1,-1,-1
394,1506,755.43,451.73,40.31,108.43,0.9688,-1,-1,-1
394,1480,1481.99,441.61,40.91,111.19,0.9671,-1,-1,-1
394,1527,1622.26,427.68,36.88,94.76,0.9658,-1,-1,-1
394,1467,1472.09,359.27,35.59,82.27,0.962,-1,-1,-1
394,1242,1825.09,714.84,75.89,186.76,0.9585,-1,-1,-1
394,1469,1734.21,405.31,34.52,108.07,0.9517,-1,-1,-1
394,1466,657.16,420.91,32.72,105.36,0.9486,-1,-1,-1
394,1468,1069.4,367.82,22.73,71.01,0.9112,-1,-1,-1
394,1537,1299.41,315.03,22.51,67.07,0.9037,-1,-1,-1
395,1513,110.86,569.76,76.28,151.18,0.9801,-1,-1,-1
395,1243,1423.22,438.3,46.83,112.2,0.9788,-1,-1,-1
395,1534,1660.53,516.99,45.01,140.08,0.9755,-1,-1,-1
395,1382,1146.86,526.0,57.86,141.24,0.9748,-1,-1,-1
395,1262,646.58,558.64,54.93,143.17,0.9741,-1,-1,-1
395,1506,755.93,448.11,42.04,111.38,0.9707,-1,-1,-1
395,1526,245.18,371.64,48.51,90.32,0.9703,-1,-1,-1
395,1480,1487.12,442.83,38.94,110.99,0.9703,-1,-1,-1
395,1242,1828.47,716.02,71.74,184.3,0.967,-1,-1,-1
395,1527,1625.95,428.37,37.15,96.18,0.9635,-1,-1,-1
395,1469,1736.92,406.62,36.1,108.65,0.9626,-1,-1,-1
395,1467,1473.84,359.57,34.77,83.36,0.9577,-1,-1,-1
395,1466,657.32,421.23,31.97,99.04,0.9492,-1,-1,-1
395,1468,1069.81,367.94,22.77,71.91,0.8983,-1,-1,-1
395,1537,1301.52,315.35,21.83,67.09,0.7339,-1,-1,-1
395,1535,725.25,323.24,24.29,70.24,0.6647,-1,-1,-1
395,1549,733.4,360.13,14.41,32.82,0.514,-1,-1,-1
396,1382,1143.09,526.08,58.37,138.71,0.979,-1,-1,-1
396,1513,105.65,570.48,71.8,153.05,0.9777,-1,-1,-1
396,1534,1658.79,516.46,47.2,140.16,0.9772,-1,-1,-1
396,1243,1417.72,438.15,52.12,109.56,0.9744,-1,-1,-1
396,1262,646.96,556.26,54.45,146.75,0.9733,-1,-1,-1
396,1506,758.41,446.97,41.17,114.69,0.9707,-1,-1,-1
396,1469,1738.67,407.21,38.75,106.33,0.9703,-1,-1,-1
396,1526,246.93,372.9,48.52,89.26,0.9703,-1,-1,-1
396,1480,1489.79,443.03,38.22,110.43,0.9699,-1,-1,-1
396,1527,1629.35,428.3,38.83,97.56,0.9695,-1,-1,-1
396,1242,1831.55,718.59,68.26,182.8,0.9675,-1,-1,-1
396,1467,1477.91,359.73,31.84,82.95,0.9438,-1,-1,-1
396,1468,1069.64,368.13,24.39,71.3,0.9344,-1,-1,-1
396,1466,657.16,423.12,31.71,92.6,0.9325,-1,-1,-1
396,1550,1309.0,996.38,75.65,83.62,0.5168,-1,-1,-1
396,1549,732.52,360.62,14.94,33.14,0.3108,-1,-1,-1
397,1382,1142.08,527.95,57.86,136.65,0.9781,-1,-1,-1
397,1534,1658.72,517.2,47.77,136.66,0.9781,-1,-1,-1
397,1513,103.54,570.68,67.32,153.52,0.9774,-1,-1,-1
397,1262,647.0,555.46,53.94,148.44,0.9731,-1,-1,-1
397,1526,247.08,373.83,49.16,88.34,0.9709,-1,-1,-1
397,1480,1490.57,442.98,38.48,110.96,0.97,-1,-1,-1
397,1527,1630.88,428.73,39.57,97.8,0.9697,-1,-1,-1
397,1469,1740.35,407.31,39.62,107.29,0.9696,-1,-1,-1
397,1506,760.4,446.4,40.98,115.28,0.9692,-1,-1,-1
397,1243,1415.53,438.77,53.16,108.31,0.968,-1,-1,-1
397,1242,1833.26,718.68,66.11,183.76,0.9675,-1,-1,-1
397,1467,1479.41,359.24,31.06,84.16,0.9439,-1,-1,-1
397,1468,1069.83,367.2,25.12,72.84,0.935,-1,-1,-1
397,1466,656.58,423.29,31.89,92.51,0.9057,-1,-1,-1
397,1550,1307.45,997.27,74.36,82.73,0.5034,-1,-1,-1
398,1534,1659.09,517.7,49.02,132.85,0.9781,-1,-1,-1
398,1382,1142.67,530.16,52.23,134.42,0.9767,-1,-1,-1
398,1513,98.63,568.33,63.56,157.06,0.976,-1,-1,-1
398,1469,1743.74,406.61,40.84,109.2,0.9722,-1,-1,-1
398,1262,646.34,553.97,53.92,150.98,0.9717,-1,-1,-1
398,1243,1414.99,440.16,49.58,109.15,0.9701,-1,-1,-1
398,1480,1491.64,443.04,38.26,110.4,0.9694,-1,-1,-1
398,1526,248.91,374.79,47.05,87.7,0.9689,-1,-1,-1
398,1527,1633.59,428.83,40.23,99.38,0.9688,-1,-1,-1
398,1506,764.86,446.54,39.92,112.72,0.9675,-1,-1,-1
398,1242,1835.87,718.71,62.2,183.82,0.9627,-1,-1,-1
398,1467,1481.43,357.61,30.95,87.3,0.9586,-1,-1,-1
398,1468,1070.86,365.31,26.44,75.45,0.9333,-1,-1,-1
398,1466,656.91,423.92,31.98,93.17,0.908,-1,-1,-1
398,1550,1305.78,997.99,72.84,82.01,0.3286,-1,-1,-1
399,1513,94.05,565.43,65.95,158.17,0.9787,-1,-1,-1
399,1534,1660.76,519.41,49.15,130.81,0.9785,-1,-1,-1
399,1382,1145.16,531.43,45.47,134.91,0.9767,-1,-1,-1
399,1243,1412.07,442.08,46.81,108.19,0.9749,-1,-1,-1
399,1469,1746.17,404.85,42.55,110.27,0.9745,-1,-1,-1
399,1262,646.03,555.01,53.58,145.61,0.9709,-1,-1,-1
399,1506,767.8,447.11,38.85,108.45,0.9707,-1,-1,-1
399,1527,1639.46,429.29,38.74,100.17,0.9676,-1,-1,-1
399,1480,1492.25,442.63,38.56,111.31,0.9638,-1,-1,-1
399,1242,1836.24,716.81,60.76,184.44,0.9568,-1,-1,-1
399,1526,252.21,375.18,43.32,88.33,0.9543,-1,-1,-1
399,1466,654.78,424.69,34.24,97.07,0.9452,-1,-1,-1
399,1467,1484.3,358.13,30.76,85.75,0.9435,-1,-1,-1
399,1468,1069.99,362.35,30.33,79.22,0.9415,-1,-1,-1
400,1534,1660.24,520.29,50.17,131.19,0.9784,-1,-1,-1
400,1513,91.58,563.51,65.24,163.76,0.9759,-1,-1,-1
400,1469,1747.32,405.15,43.61,110.08,0.9752,-1,-1,-1
400,1243,1409.85,442.95,45.04,107.97,0.9747,-1,-1,-1
400,1382,1143.12,532.33,45.41,133.64,0.9746,-1,-1,-1
400,1506,768.33,447.54,39.42,109.09,0.9721,-1,-1,-1
400,1262,646.24,555.79,53.17,140.81,0.9716,-1,-1,-1
400,1527,1641.31,429.07,38.73,100.4,0.9688,-1,-1,-1
400,1480,1492.32,441.52,39.11,112.42,0.9578,-1,-1,-1
400,1526,252.22,375.06,43.19,88.6,0.9563,-1,-1,-1
400,1242,1836.72,716.68,60.47,183.96,0.9546,-1,-1,-1
400,1466,653.82,425.41,34.93,96.79,0.9461,-1,-1,-1
400,1468,1068.41,362.37,33.67,78.66,0.9438,-1,-1,-1
400,1467,1484.3,359.01,31.61,83.39,0.9415,-1,-1,-1
401,1534,1659.61,521.61,50.84,131.39,0.977,-1,-1,-1
401,1382,1140.0,533.03,44.93,133.47,0.975,-1,-1,-1
401,1469,1751.08,404.62,44.12,112.24,0.9739,-1,-1,-1
401,1243,1407.47,442.12,43.26,109.16,0.9728,-1,-1,-1
401,1262,646.97,558.5,52.39,136.66,0.9721,-1,-1,-1
401,1513,87.05,561.86,66.08,164.48,0.9708,-1,-1,-1
401,1506,771.2,448.96,38.46,108.92,0.9705,-1,-1,-1
401,1527,1645.79,428.94,38.72,101.5,0.9703,-1,-1,-1
401,1526,253.22,373.8,44.51,90.67,0.9615,-1,-1,-1
401,1466,653.4,424.86,36.37,99.56,0.9533,-1,-1,-1
401,1242,1837.34,717.85,61.09,182.0,0.9506,-1,-1,-1
401,1468,1067.62,362.38,37.22,79.07,0.9471,-1,-1,-1
401,1467,1484.88,359.07,32.57,82.69,0.9469,-1,-1,-1
401,1480,1493.87,441.14,39.3,114.8,0.5281,-1,-1,-1
402,1513,81.62,560.97,65.72,164.17,0.9774,-1,-1,-1
402,1534,1659.44,521.92,52.08,132.67,0.9764,-1,-1,-1
402,1382,1137.17,531.21,45.12,135.28,0.9749,-1,-1,-1
402,1262,648.02,560.7,52.05,136.31,0.9744,-1,-1,-1
402,1243,1405.66,440.24,42.77,111.29,0.9737,-1,-1,-1
402,1469,1755.58,404.88,44.55,113.24,0.973,-1,-1,-1
402,1506,773.91,450.6,38.55,107.99,0.9668,-1,-1,-1
402,1526,254.62,373.16,45.52,93.8,0.9609,-1,-1,-1
402,1527,1652.63,429.24,35.75,102.5,0.9593,-1,-1,-1
402,1466,653.22,422.16,36.68,101.13,0.9551,-1,-1,-1
402,1467,1486.87,360.71,33.85,80.82,0.9542,-1,-1,-1
402,1242,1835.83,718.83,66.62,180.71,0.9508,-1,-1,-1
402,1468,1071.07,366.74,35.17,76.12,0.95,-1,-1,-1
402,1480,1494.04,442.76,41.99,113.84,0.9292,-1,-1,-1
402,1535,712.78,329.64,32.46,68.41,0.3726,-1,-1,-1
403,1513,79.53,561.45,65.75,162.66,0.9775,-1,-1,-1
403,1469,1758.14,405.99,44.42,113.06,0.9766,-1,-1,-1
403,1243,1403.91,439.16,44.13,111.58,0.9761,-1,-1,-1
403,1534,1659.08,521.27,52.68,133.22,0.9759,-1,-1,-1
403,1262,648.69,561.15,51.58,136.68,0.9751,-1,-1,-1
403,1382,1136.21,529.3,43.87,138.92,0.9743,-1,-1,-1
403,1506,774.61,450.61,39.59,108.43,0.9696,-1,-1,-1
403,1526,255.43,373.24,46.36,93.76,0.9636,-1,-1,-1
403,1480,1494.55,441.52,42.41,115.8,0.9617,-1,-1,-1
403,1527,1655.33,429.28,35.82,103.03,0.9574,-1,-1,-1
403,1242,1833.88,718.33,71.63,181.98,0.9543,-1,-1,-1
403,1466,653.07,421.02,36.57,102.06,0.9529,-1,-1,-1
403,1468,1072.0,366.28,34.94,76.68,0.9511,-1,-1,-1
403,1467,1487.97,359.66,34.3,82.76,0.9494,-1,-1,-1
403,1535,711.02,329.72,33.95,68.79,0.716,-1,-1,-1
404,1513,76.87,563.55,65.31,155.06,0.9772,-1,-1,-1
404,1262,651.16,559.95,49.83,138.8,0.9768,-1,-1,-1
404,1243,1401.59,437.57,44.12,114.24,0.9767,-1,-1,-1
404,1534,1658.82,518.1,54.01,136.08,0.9766,-1,-1,-1
404,1382,1130.03,527.41,47.92,142.83,0.9765,-1,-1,-1
404,1469,1763.91,408.08,42.6,111.59,0.9732,-1,-1,-1
404,1506,776.52,449.12,40.14,109.86,0.9713,-1,-1,-1
404,1526,257.0,373.33,45.36,93.54,0.9685,-1,-1,-1
404,1242,1830.63,716.57,84.14,186.6,0.9577,-1,-1,-1
404,1466,652.28,419.11,37.06,103.92,0.9561,-1,-1,-1
404,1467,1490.11,360.4,33.84,83.44,0.949,-1,-1,-1
404,1527,1661.81,428.88,33.37,103.87,0.9467,-1,-1,-1
404,1468,1072.59,373.85,34.77,69.5,0.9458,-1,-1,-1
404,1535,706.94,331.34,39.82,67.87,0.7712,-1,-1,-1
404,1480,1496.74,443.12,43.45,114.78,0.7052,-1,-1,-1
405,1534,1659.79,516.43,55.12,137.71,0.9781,-1,-1,-1
405,1243,1399.45,437.42,43.92,109.26,0.9781,-1,-1,-1
405,1262,652.42,557.55,49.31,141.28,0.9766,-1,-1,-1
405,1513,74.75,565.87,65.39,153.15,0.9762,-1,-1,-1
405,1382,1125.23,528.14,51.64,141.66,0.973,-1,-1,-1
405,1242,1829.95,717.11,90.05,187.23,0.9727,-1,-1,-1
405,1506,778.82,447.73,39.72,111.98,0.9725,-1,-1,-1
405,1526,257.4,373.98,43.92,92.48,0.9686,-1,-1,-1
405,1469,1768.69,409.98,41.97,110.82,0.9679,-1,-1,-1
405,1467,1491.29,360.15,34.86,84.49,0.9608,-1,-1,-1
405,1466,651.89,417.99,35.23,100.03,0.9566,-1,-1,-1
405,1527,1666.4,429.34,32.73,102.46,0.953,-1,-1,-1
405,1468,1072.4,369.88,32.84,74.38,0.9413,-1,-1,-1
405,1480,1498.53,444.54,45.35,113.41,0.8598,-1,-1,-1
405,1535,705.47,333.39,42.18,66.56,0.8255,-1,-1,-1
406,1534,1660.17,516.04,55.19,138.23,0.9785,-1,-1,-1
406,1243,1398.04,437.52,44.75,109.09,0.978,-1,-1,-1
406,1513,73.5,568.07,64.55,152.15,0.9767,-1,-1,-1
406,1262,653.52,555.55,49.25,143.18,0.9762,-1,-1,-1
406,1242,1829.44,716.52,90.56,186.97,0.9759,-1,-1,-1
406,1382,1123.09,528.43,53.71,140.66,0.9746,-1,-1,-1
406,1506,779.55,446.99,39.68,113.0,0.9726,-1,-1,-1
406,1526,257.13,374.36,45.32,92.02,0.9711,-1,-1,-1
406,1469,1772.24,410.15,40.44,110.71,0.9673,-1,-1,-1
406,1467,1491.72,360.58,36.03,84.47,0.9637,-1,-1,-1
406,1466,651.85,418.38,35.22,98.14,0.9573,-1,-1,-1
406,1527,1668.44,429.42,32.84,104.05,0.9555,-1,-1,-1
406,1468,1072.77,365.68,31.05,78.8,0.9447,-1,-1,-1
406,1480,1499.84,445.01,46.38,113.11,0.9,-1,-1,-1
406,1535,705.04,334.11,42.38,66.14,0.8488,-1,-1,-1
407,1242,1826.09,717.45,93.91,187.44,0.9817,-1,-1,-1
407,1513,72.57,571.23,63.23,148.77,0.9772,-1,-1,-1
407,1534,1660.97,515.62,55.19,138.3,0.9766,-1,-1,-1
407,1382,1121.64,528.84,54.53,139.3,0.9763,-1,-1,-1
407,1243,1396.48,437.71,44.53,107.96,0.976,-1,-1,-1
407,1262,654.92,552.83,49.65,147.31,0.9757,-1,-1,-1
407,1526,256.68,374.54,46.57,93.27,0.9717,-1,-1,-1
407,1506,780.65,445.69,40.85,113.45,0.9716,-1,-1,-1
407,1469,1777.76,409.16,37.72,111.25,0.9664,-1,-1,-1
407,1466,651.97,418.45,35.55,94.61,0.9594,-1,-1,-1
407,1467,1494.18,358.64,36.6,86.28,0.9576,-1,-1,-1
407,1527,1672.32,429.13,32.79,102.03,0.9479,-1,-1,-1
407,1468,1074.02,364.76,26.02,79.9,0.9391,-1,-1,-1
407,1535,705.14,337.3,44.54,63.76,0.9139,-1,-1,-1
407,1480,1501.01,445.91,48.29,112.82,0.8667,-1,-1,-1
407,1537,1314.55,319.31,25.98,69.0,0.5952,-1,-1,-1
408,1242,1822.64,718.12,97.36,187.2,0.9826,-1,-1,-1
408,1382,1121.98,530.47,53.58,136.03,0.9758,-1,-1,-1
408,1262,655.75,551.47,49.23,147.27,0.9758,-1,-1,-1
408,1534,1661.93,513.53,53.87,136.26,0.9747,-1,-1,-1
408,1506,781.89,444.52,41.68,112.44,0.9717,-1,-1,-1
408,1513,69.88,570.81,60.5,151.2,0.9711,-1,-1,-1
408,1526,256.67,376.3,48.34,92.2,0.9698,-1,-1,-1
408,1469,1780.07,408.21,38.5,112.26,0.9636,-1,-1,-1
408,1467,1497.62,357.86,35.13,86.7,0.9607,-1,-1,-1
408,1243,1395.94,438.98,40.61,107.96,0.948,-1,-1,-1
408,1480,1502.29,446.15,48.49,114.85,0.9398,-1,-1,-1
408,1468,1074.81,364.31,23.89,80.55,0.9336,-1,-1,-1
408,1466,654.47,420.79,33.19,93.17,0.923,-1,-1,-1
408,1527,1675.51,429.51,33.1,101.84,0.9006,-1,-1,-1
408,1535,705.17,326.61,45.32,73.23,0.8331,-1,-1,-1
409,1242,1822.52,718.03,96.17,187.8,0.982,-1,-1,-1
409,1382,1123.27,531.23,51.26,135.36,0.9761,-1,-1,-1
409,1262,656.14,551.48,49.49,145.69,0.9751,-1,-1,-1
409,1534,1662.74,512.75,53.84,135.75,0.9743,-1,-1,-1
409,1513,68.48,569.82,58.55,153.3,0.9704,-1,-1,-1
409,1506,783.38,444.5,42.87,110.89,0.9701,-1,-1,-1
409,1526,257.34,377.98,48.22,90.92,0.9697,-1,-1,-1
409,1480,1503.33,446.29,48.34,113.74,0.9636,-1,-1,-1
409,1469,1783.23,406.73,37.06,114.3,0.9634,-1,-1,-1
409,1243,1396.09,439.58,37.48,107.67,0.9602,-1,-1,-1
409,1467,1499.27,356.83,35.43,87.32,0.9514,-1,-1,-1
409,1527,1678.23,429.6,32.2,101.65,0.9457,-1,-1,-1
409,1468,1074.92,364.09,24.02,80.45,0.9363,-1,-1,-1
409,1466,654.61,419.04,33.86,88.26,0.8349,-1,-1,-1
409,1535,705.46,324.58,43.39,74.68,0.5998,-1,-1,-1
410,1513,64.58,565.97,55.57,156.48,0.9789,-1,-1,-1
410,1382,1121.44,532.13,50.66,134.64,0.9766,-1,-1,-1
410,1534,1665.14,515.53,52.65,129.78,0.9743,-1,-1,-1
410,1506,784.85,445.82,44.74,109.74,0.9742,-1,-1,-1
410,1480,1506.11,446.79,46.92,112.31,0.9738,-1,-1,-1
410,1262,656.33,552.01,50.98,141.21,0.9738,-1,-1,-1
410,1526,258.6,379.51,41.91,89.99,0.9736,-1,-1,-1
410,1242,1825.59,717.77,86.88,187.41,0.9694,-1,-1,-1
410,1467,1503.05,356.46,34.25,87.18,0.9585,-1,-1,-1
410,1243,1395.95,438.84,31.71,109.85,0.954,-1,-1,-1
410,1469,1790.48,404.74,33.58,115.88,0.9521,-1,-1,-1
410,1527,1681.45,430.91,32.89,103.16,0.9435,-1,-1,-1
410,1468,1076.58,363.08,22.78,80.8,0.9392,-1,-1,-1
410,1466,653.02,421.02,35.59,74.22,0.8544,-1,-1,-1
410,1535,706.37,335.68,37.15,63.81,0.7523,-1,-1,-1
411,1513,62.71,562.65,52.35,160.81,0.9785,-1,-1,-1
411,1506,785.84,446.85,45.86,109.01,0.9765,-1,-1,-1
411,1382,1119.99,531.15,50.61,136.91,0.9762,-1,-1,-1
411,1534,1667.61,516.91,52.12,129.54,0.9758,-1,-1,-1
411,1262,656.05,553.48,51.9,138.38,0.9738,-1,-1,-1
411,1480,1507.93,446.57,46.1,110.75,0.9736,-1,-1,-1
411,1526,259.3,380.15,40.71,89.51,0.9692,-1,-1,-1
411,1242,1827.88,715.89,80.21,187.19,0.9655,-1,-1,-1
411,1527,1684.65,432.03,34.77,104.82,0.9589,-1,-1,-1
411,1467,1505.39,355.61,34.76,87.97,0.9563,-1,-1,-1
411,1469,1796.32,404.12,31.86,116.39,0.9496,-1,-1,-1
411,1243,1392.63,437.28,31.81,110.57,0.9435,-1,-1,-1
411,1468,1077.81,363.36,22.33,80.29,0.9351,-1,-1,-1
411,1466,652.17,420.21,33.68,95.19,0.9314,-1,-1,-1
411,1535,703.35,334.69,35.79,65.71,0.8772,-1,-1,-1
412,1513,61.0,560.69,53.02,162.05,0.9786,-1,-1,-1
412,1506,786.53,446.26,45.33,109.55,0.9765,-1,-1,-1
412,1534,1669.69,517.43,50.77,129.5,0.9761,-1,-1,-1
412,1382,1120.26,530.83,50.38,137.42,0.9753,-1,-1,-1
412,1262,656.16,554.1,52.1,137.55,0.9735,-1,-1,-1
412,1480,1509.63,446.01,44.44,111.07,0.972,-1,-1,-1
412,1526,259.88,380.34,39.26,89.77,0.9665,-1,-1,-1
412,1242,1828.06,715.33,80.06,187.31,0.9615,-1,-1,-1
412,1469,1799.11,403.87,31.74,117.06,0.9584,-1,-1,-1
412,1467,1506.78,355.95,34.48,86.9,0.9546,-1,-1,-1
412,1527,1686.96,431.69,34.21,106.08,0.9535,-1,-1,-1
412,1243,1391.34,434.97,33.97,113.34,0.9491,-1,-1,-1
412,1468,1078.32,364.35,22.21,79.57,0.9313,-1,-1,-1
412,1466,653.13,420.31,31.93,93.37,0.917,-1,-1,-1
412,1535,704.56,335.87,31.79,64.48,0.8041,-1,-1,-1
413,1534,1671.61,517.75,49.04,130.93,0.9768,-1,-1,-1
413,1513,57.09,558.88,54.7,164.18,0.9761,-1,-1,-1
413,1506,788.81,446.51,43.87,109.33,0.9751,-1,-1,-1
413,1382,1120.73,529.84,49.5,137.27,0.9747,-1,-1,-1
413,1262,655.85,554.91,53.56,138.36,0.972,-1,-1,-1
413,1480,1513.37,445.86,41.23,112.1,0.9682,-1,-1,-1
413,1243,1387.82,432.84,39.37,114.72,0.9667,-1,-1,-1
413,1526,261.17,381.0,37.29,89.78,0.9601,-1,-1,-1
413,1467,1510.51,356.7,33.93,86.14,0.9591,-1,-1,-1
413,1527,1690.96,431.56,33.95,106.72,0.9574,-1,-1,-1
413,1242,1828.12,715.52,81.86,186.37,0.9564,-1,-1,-1
413,1469,1803.53,404.59,32.22,118.07,0.9541,-1,-1,-1
413,1468,1079.22,365.58,23.02,78.55,0.9329,-1,-1,-1
413,1466,653.66,419.87,30.85,95.36,0.9302,-1,-1,-1
413,1535,700.45,332.14,28.33,69.14,0.7768,-1,-1,-1
414,1534,1672.38,515.49,47.75,134.15,0.9763,-1,-1,-1
414,1513,53.22,559.63,58.52,161.19,0.9761,-1,-1,-1
414,1243,1385.62,431.17,43.39,113.02,0.976,-1,-1,-1
414,1382,1121.37,528.18,49.06,138.28,0.9758,-1,-1,-1
414,1262,657.81,553.67,53.32,139.52,0.9724,-1,-1,-1
414,1506,790.71,445.53,41.22,110.82,0.9711,-1,-1,-1
414,1526,261.77,381.11,39.98,89.79,0.9662,-1,-1,-1
414,1480,1516.38,444.89,39.68,114.03,0.9645,-1,-1,-1
414,1527,1695.96,431.85,33.97,107.04,0.9587,-1,-1,-1
414,1242,1829.11,716.07,80.7,184.42,0.9545,-1,-1,-1
414,1469,1808.59,405.94,33.92,118.36,0.9538,-1,-1,-1
414,1467,1513.79,357.8,33.66,86.11,0.9521,-1,-1,-1
414,1468,1079.33,365.95,24.34,78.95,0.9315,-1,-1,-1
414,1466,653.59,425.92,33.26,87.63,0.8924,-1,-1,-1
414,1535,703.29,358.69,18.38,42.11,0.5977,-1,-1,-1
415,1513,48.93,559.74,64.04,159.95,0.9794,-1,-1,-1
415,1243,1384.72,430.99,44.79,110.99,0.9771,-1,-1,-1
415,1534,1673.01,514.14,45.98,134.79,0.976,-1,-1,-1
415,1382,1120.59,527.26,49.46,139.44,0.9759,-1,-1,-1
415,1262,659.37,553.01,52.53,141.47,0.9724,-1,-1,-1
415,1506,790.94,444.61,40.84,111.86,0.9705,-1,-1,-1
415,1480,1518.4,444.68,39.02,114.37,0.9671,-1,-1,-1
415,1526,262.18,380.82,41.42,90.51,0.966,-1,-1,-1
415,1467,1515.27,358.39,34.1,85.14,0.9616,-1,-1,-1
415,1469,1810.57,406.26,36.01,118.18,0.9557,-1,-1,-1
415,1527,1697.82,431.05,34.65,108.78,0.9551,-1,-1,-1
415,1242,1829.47,716.66,80.31,183.3,0.9533,-1,-1,-1
415,1468,1079.39,366.57,25.32,78.27,0.9349,-1,-1,-1
415,1466,652.66,416.95,34.84,95.73,0.8796,-1,-1,-1
416,1243,1383.95,431.37,45.3,109.7,0.9766,-1,-1,-1
416,1382,1119.53,526.35,49.81,141.97,0.9766,-1,-1,-1
416,1534,1673.92,511.87,44.11,136.69,0.9753,-1,-1,-1
416,1513,41.78,560.94,72.29,156.37,0.9751,-1,-1,-1
416,1506,791.69,442.33,41.26,114.06,0.975,-1,-1,-1
416,1262,661.5,550.46,51.72,142.42,0.9741,-1,-1,-1
416,1469,1814.17,410.44,39.38,113.91,0.9715,-1,-1,-1
416,1526,263.55,380.37,42.78,91.58,0.9678,-1,-1,-1
416,1480,1522.46,444.78,38.17,114.15,0.966,-1,-1,-1
416,1466,652.12,412.51,40.32,96.41,0.9624,-1,-1,-1
416,1527,1701.74,430.56,34.99,109.71,0.9577,-1,-1,-1
416,1242,1831.0,717.26,79.49,183.45,0.9567,-1,-1,-1
416,1467,1518.36,358.84,34.15,85.29,0.9487,-1,-1,-1
416,1468,1079.37,365.33,27.23,78.76,0.9328,-1,-1,-1
417,1262,664.25,548.2,51.29,144.1,0.9771,-1,-1,-1
417,1382,1118.45,526.33,50.41,143.0,0.9767,-1,-1,-1
417,1534,1675.05,510.15,43.84,138.31,0.974,-1,-1,-1
417,1243,1382.46,432.13,43.71,108.97,0.9735,-1,-1,-1
417,1513,36.89,563.76,75.04,152.81,0.9709,-1,-1,-1
417,1466,645.33,411.7,50.46,96.99,0.9693,-1,-1,-1
417,1469,1817.7,409.07,41.8,115.44,0.9692,-1,-1,-1
417,1506,794.39,440.77,40.05,114.9,0.9688,-1,-1,-1
417,1526,265.5,380.41,43.58,91.13,0.9664,-1,-1,-1
417,1480,1524.12,445.25,38.73,114.35,0.9653,-1,-1,-1
417,1527,1706.27,431.36,35.55,109.1,0.9602,-1,-1,-1
417,1242,1833.65,714.84,77.87,186.54,0.958,-1,-1,-1
417,1467,1522.61,357.44,32.83,87.57,0.9537,-1,-1,-1
417,1468,1082.48,364.89,27.07,79.39,0.9437,-1,-1,-1
418,1262,665.15,547.34,51.56,145.09,0.979,-1,-1,-1
418,1382,1118.36,526.57,50.46,141.97,0.9768,-1,-1,-1
418,1513,34.03,563.75,77.8,152.07,0.9749,-1,-1,-1
418,1534,1675.85,509.12,43.97,139.28,0.9732,-1,-1,-1
418,1243,1380.46,432.4,43.89,109.56,0.9729,-1,-1,-1
418,1466,642.14,412.23,54.94,95.79,0.972,-1,-1,-1
418,1480,1522.28,445.65,40.97,113.98,0.971,-1,-1,-1
418,1469,1819.8,408.81,42.08,114.36,0.9703,-1,-1,-1
418,1526,266.75,379.56,44.53,92.53,0.9692,-1,-1,-1
418,1506,794.58,440.85,40.25,113.3,0.9688,-1,-1,-1
418,1527,1707.2,430.92,36.32,109.82,0.9665,-1,-1,-1
418,1242,1835.76,713.35,76.25,188.04,0.9584,-1,-1,-1
418,1467,1524.22,357.39,32.55,86.52,0.9443,-1,-1,-1
418,1468,1083.46,365.85,27.72,78.08,0.9437,-1,-1,-1
419,1382,1119.13,527.57,50.57,137.38,0.9791,-1,-1,-1
419,1534,1675.28,508.87,47.64,136.94,0.9762,-1,-1,-1
419,1513,29.9,564.96,74.06,152.96,0.9754,-1,-1,-1
419,1262,668.68,546.1,51.16,144.47,0.9728,-1,-1,-1
419,1466,640.83,414.25,58.37,95.01,0.9703,-1,-1,-1
419,1243,1377.12,432.89,42.49,108.86,0.9703,-1,-1,-1
419,1526,268.68,378.42,44.44,93.05,0.97,-1,-1,-1
419,1469,1825.66,407.73,39.66,115.92,0.9686,-1,-1,-1
419,1506,797.11,440.83,39.91,110.37,0.967,-1,-1,-1
419,1527,1710.22,430.55,36.63,109.83,0.9589,-1,-1,-1
419,1242,1839.9,711.12,72.73,191.7,0.9543,-1,-1,-1
419,1467,1527.74,354.6,32.98,88.97,0.9537,-1,-1,-1
419,1480,1520.71,445.91,45.99,114.2,0.9509,-1,-1,-1
419,1468,1086.0,365.6,29.37,76.68,0.9478,-1,-1,-1
420,1382,1119.9,529.34,50.07,134.33,0.9789,-1,-1,-1
420,1534,1675.68,508.75,50.84,132.52,0.9745,-1,-1,-1
420,1513,25.18,562.9,69.3,156.4,0.9742,-1,-1,-1
420,1466,637.73,416.01,62.46,95.81,0.9735,-1,-1,-1
420,1506,797.59,441.76,41.14,110.84,0.9718,-1,-1,-1
420,1262,671.74,546.38,51.3,138.37,0.9715,-1,-1,-1
420,1243,1374.12,432.21,41.96,109.15,0.9711,-1,-1,-1
420,1526,272.19,377.24,42.58,92.86,0.968,-1,-1,-1
420,1242,1844.22,713.04,69.85,188.57,0.9643,-1,-1,-1
420,1527,1714.06,431.18,37.36,111.69,0.9634,-1,-1,-1
420,1469,1831.2,405.7,37.25,117.54,0.9583,-1,-1,-1
420,1468,1088.65,365.3,30.97,77.03,0.948,-1,-1,-1
420,1467,1531.8,354.14,32.02,89.55,0.9413,-1,-1,-1
420,1480,1522.66,445.05,46.61,115.96,0.2755,-1,-1,-1
421,1382,1121.28,529.83,48.89,132.53,0.9791,-1,-1,-1
421,1513,22.84,563.31,65.94,154.65,0.979,-1,-1,-1
421,1262,673.11,547.68,51.81,136.54,0.9746,-1,-1,-1
421,1506,797.49,442.25,41.32,110.43,0.9717,-1,-1,-1
421,1534,1675.53,509.56,53.02,131.68,0.971,-1,-1,-1
421,1466,636.95,416.79,64.3,94.61,0.9701,-1,-1,-1
421,1243,1373.51,431.35,41.04,110.51,0.9685,-1,-1,-1
421,1526,273.22,377.77,42.2,92.17,0.967,-1,-1,-1
421,1242,1845.52,713.94,69.04,187.86,0.9624,-1,-1,-1
421,1527,1716.67,431.49,36.27,111.57,0.9591,-1,-1,-1
421,1469,1835.1,407.31,36.3,115.52,0.9546,-1,-1,-1
421,1468,1089.68,366.26,31.63,76.41,0.95,-1,-1,-1
421,1467,1533.7,354.31,32.1,89.23,0.9463,-1,-1,-1
421,1480,1524.94,447.51,45.8,114.63,0.7431,-1,-1,-1
422,1382,1122.19,529.22,47.05,134.27,0.9761,-1,-1,-1
422,1513,18.6,559.18,65.2,160.39,0.9754,-1,-1,-1
422,1262,676.25,548.6,52.57,135.71,0.9753,-1,-1,-1
422,1506,797.47,442.46,41.38,110.51,0.971,-1,-1,-1
422,1527,1718.9,433.13,37.77,110.41,0.9696,-1,-1,-1
422,1480,1529.46,448.34,43.27,114.76,0.9681,-1,-1,-1
422,1243,1371.2,428.58,40.97,111.08,0.9675,-1,-1,-1
422,1534,1675.32,511.76,56.48,127.9,0.9668,-1,-1,-1
422,1526,276.22,378.34,40.62,90.33,0.9623,-1,-1,-1
422,1242,1846.9,712.73,68.35,189.66,0.9574,-1,-1,-1
422,1467,1535.98,353.52,32.93,87.35,0.9545,-1,-1,-1
422,1469,1840.4,404.6,35.27,118.12,0.9503,-1,-1,-1
422,1468,1091.7,368.68,33.58,73.93,0.9428,-1,-1,-1
422,1466,638.55,416.85,65.6,93.02,0.9385,-1,-1,-1
423,1262,679.43,547.9,51.9,137.53,0.9768,-1,-1,-1
423,1382,1122.02,529.19,45.96,133.78,0.9759,-1,-1,-1
423,1243,1367.49,426.16,43.64,115.55,0.9736,-1,-1,-1
423,1527,1721.16,433.52,39.38,111.01,0.9707,-1,-1,-1
423,1506,798.31,441.94,40.04,110.79,0.9698,-1,-1,-1
423,1480,1534.67,448.65,41.16,115.82,0.9685,-1,-1,-1
423,1534,1673.92,512.23,57.81,127.82,0.9677,-1,-1,-1
423,1526,279.06,379.76,37.64,89.96,0.9624,-1,-1,-1
423,1469,1843.76,406.7,37.56,115.74,0.961,-1,-1,-1
423,1242,1848.78,711.79,65.99,189.31,0.9543,-1,-1,-1
423,1467,1538.76,353.81,33.16,86.16,0.9475,-1,-1,-1
423,1466,643.15,416.39,62.39,93.33,0.9452,-1,-1,-1
423,1468,1093.29,369.95,33.29,73.0,0.9427,-1,-1,-1
423,1513,14.57,556.04,65.13,162.47,0.9366,-1,-1,-1
423,1535,661.07,326.55,49.98,75.42,0.9099,-1,-1,-1
424,1262,681.35,547.26,51.02,137.75,0.9763,-1,-1,-1
424,1382,1121.73,527.94,45.97,135.04,0.9758,-1,-1,-1
424,1243,1365.95,425.44,44.95,116.0,0.9747,-1,-1,-1
424,1513,11.91,554.46,67.3,164.43,0.9713,-1,-1,-1
424,1527,1722.23,433.69,40.42,110.98,0.9711,-1,-1,-1
424,1480,1535.22,448.36,41.57,115.18,0.9706,-1,-1,-1
424,1506,798.28,440.95,40.0,111.39,0.9698,-1,-1,-1
424,1534,1674.12,512.0,57.54,128.7,0.9685,-1,-1,-1
424,1469,1844.54,408.17,39.18,114.76,0.964,-1,-1,-1
424,1526,279.9,379.56,37.45,89.97,0.9609,-1,-1,-1
424,1242,1849.11,710.85,65.17,189.46,0.9522,-1,-1,-1
424,1468,1092.28,368.33,33.63,74.44,0.9491,-1,-1,-1
424,1466,645.14,415.95,60.25,93.54,0.9489,-1,-1,-1
424,1467,1540.24,354.36,32.76,85.52,0.9483,-1,-1,-1
424,1535,661.41,323.14,50.53,80.09,0.9124,-1,-1,-1
425,1513,8.03,552.74,67.79,165.78,0.9773,-1,-1,-1
425,1243,1362.77,425.37,46.31,113.32,0.9762,-1,-1,-1
425,1382,1119.39,524.83,48.01,139.18,0.9762,-1,-1,-1
425,1262,684.61,545.91,50.53,140.1,0.9754,-1,-1,-1
425,1534,1675.14,510.95,54.65,130.99,0.9724,-1,-1,-1
425,1480,1536.11,447.52,41.51,114.48,0.9716,-1,-1,-1
425,1527,1723.73,434.37,42.11,111.91,0.9705,-1,-1,-1
425,1506,798.31,438.09,39.37,113.8,0.968,-1,-1,-1
425,1469,1846.62,408.85,41.88,114.45,0.9677,-1,-1,-1
425,1526,279.96,380.79,40.21,90.03,0.9648,-1,-1,-1
425,1467,1541.36,356.81,34.73,84.11,0.9525,-1,-1,-1
425,1242,1849.24,708.22,64.37,189.47,0.9514,-1,-1,-1
425,1468,1090.32,367.42,32.17,75.55,0.9508,-1,-1,-1
425,1466,651.08,415.61,50.48,93.74,0.9343,-1,-1,-1
425,1535,660.44,321.57,52.85,82.32,0.928,-1,-1,-1
425,1537,1333.47,323.92,31.87,66.4,0.2697,-1,-1,-1
426,1243,1360.46,425.82,46.87,108.11,0.9784,-1,-1,-1
426,1526,280.06,380.29,47.78,92.63,0.9765,-1,-1,-1
426,1262,687.86,542.97,49.3,143.55,0.9757,-1,-1,-1
426,1534,1675.17,508.71,52.75,133.93,0.9757,-1,-1,-1
426,1513,4.02,552.81,68.62,163.31,0.9756,-1,-1,-1
426,1382,1116.72,523.64,48.43,141.87,0.9755,-1,-1,-1
426,1527,1726.98,434.27,42.45,112.04,0.9731,-1,-1,-1
426,1480,1537.19,446.35,40.83,113.7,0.9706,-1,-1,-1
426,1506,798.38,436.29,39.32,115.46,0.9673,-1,-1,-1
426,1466,652.69,413.12,53.12,91.64,0.9666,-1,-1,-1
426,1467,1543.49,357.05,35.51,85.77,0.9522,-1,-1,-1
426,1242,1847.27,707.33,66.21,190.25,0.949,-1,-1,-1
426,1469,1849.12,411.37,44.6,113.76,0.9488,-1,-1,-1
426,1468,1089.46,364.81,30.82,78.55,0.9455,-1,-1,-1
426,1535,662.21,321.2,49.34,82.09,0.9276,-1,-1,-1
427,1243,1360.06,426.46,44.67,108.6,0.9785,-1,-1,-1
427,1526,280.01,380.91,49.54,92.42,0.9772,-1,-1,-1
427,1534,1674.59,507.49,52.48,135.34,0.976,-1,-1,-1
427,1262,689.27,541.72,49.04,144.37,0.9758,-1,-1,-1
427,1382,1115.72,522.88,48.89,141.9,0.9753,-1,-1,-1
427,1513,2.38,554.06,69.13,158.03,0.9727,-1,-1,-1
427,1527,1727.54,434.38,43.53,112.41,0.9718,-1,-1,-1
427,1480,1537.58,445.84,40.54,114.41,0.9643,-1,-1,-1
427,1466,653.49,413.27,52.41,90.55,0.9638,-1,-1,-1
427,1506,797.62,435.44,39.7,116.03,0.9633,-1,-1,-1
427,1467,1542.97,356.66,37.56,84.7,0.9604,-1,-1,-1
427,1242,1846.09,707.02,68.05,191.03,0.9493,-1,-1,-1
427,1469,1849.62,413.86,46.33,111.6,0.9468,-1,-1,-1
427,1468,1089.08,364.41,30.96,79.19,0.9415,-1,-1,-1
427,1535,662.68,321.09,45.66,82.98,0.7562,-1,-1,-1
428,1534,1673.58,504.9,52.79,137.14,0.977,-1,-1,-1
428,1382,1115.24,522.02,49.31,140.86,0.9766,-1,-1,-1
428,1469,1852.15,414.26,48.04,111.09,0.9742,-1,-1,-1
428,1262,691.79,539.81,48.95,145.19,0.9736,-1,-1,-1
428,1526,280.13,382.27,53.64,91.33,0.972,-1,-1,-1
428,1513,0.46,556.65,67.42,156.96,0.9715,-1,-1,-1
428,1243,1358.93,428.53,40.46,107.4,0.9706,-1,-1,-1
428,1467,1546.25,355.73,37.19,87.22,0.9663,-1,-1,-1
428,1527,1732.34,435.96,41.87,112.06,0.9656,-1,-1,-1
428,1466,654.0,413.98,52.24,89.02,0.9641,-1,-1,-1
428,1506,796.84,434.72,40.3,113.03,0.9608,-1,-1,-1
428,1242,1845.69,707.61,69.13,190.79,0.9524,-1,-1,-1
428,1468,1088.17,363.5,32.22,79.87,0.9434,-1,-1,-1
428,1480,1538.04,442.2,40.65,119.07,0.9369,-1,-1,-1
428,1535,663.71,322.99,38.87,79.92,0.6579,-1,-1,-1
429,1534,1672.93,502.92,53.11,140.25,0.9778,-1,-1,-1
429,1382,1115.61,522.48,49.12,139.06,0.9772,-1,-1,-1
429,1469,1856.16,414.45,47.64,110.49,0.9755,-1,-1,-1
429,1527,1734.86,436.38,42.02,111.84,0.9748,-1,-1,-1
429,1513,0.6,559.85,64.32,152.86,0.9724,-1,-1,-1
429,1526,281.48,383.31,55.53,89.42,0.9714,-1,-1,-1
429,1243,1354.29,429.58,38.53,106.21,0.9678,-1,-1,-1
429,1467,1549.78,353.94,38.11,88.27,0.9669,-1,-1,-1
429,1506,796.92,436.18,40.63,110.49,0.9657,-1,-1,-1
429,1466,650.51,415.77,57.26,88.94,0.9621,-1,-1,-1
429,1262,694.21,539.68,48.47,144.86,0.9582,-1,-1,-1
429,1242,1845.86,709.57,70.65,191.38,0.955,-1,-1,-1
429,1468,1088.01,362.12,32.95,80.89,0.946,-1,-1,-1
429,1535,662.45,322.87,33.27,81.14,0.5453,-1,-1,-1
429,1480,1537.62,443.82,41.54,116.68,0.4957,-1,-1,-1
430,1534,1672.48,502.13,53.45,141.08,0.9786,-1,-1,-1
430,1527,1735.56,436.89,43.16,112.0,0.9774,-1,-1,-1
430,1382,1115.44,523.16,49.45,138.87,0.9769,-1,-1,-1
430,1469,1858.3,413.8,46.7,111.47,0.9756,-1,-1,-1
430,1513,1.18,560.43,62.73,151.38,0.9732,-1,-1,-1
430,1526,282.79,383.8,55.27,88.96,0.9696,-1,-1,-1
430,1467,1551.17,353.59,38.72,89.21,0.9689,-1,-1,-1
430,1506,797.14,436.31,41.31,110.31,0.968,-1,-1,-1
430,1242,1845.24,709.74,71.89,192.35,0.9572,-1,-1,-1
430,1466,648.32,415.72,59.8,88.52,0.9559,-1,-1,-1
430,1243,1353.77,429.18,36.55,107.14,0.9555,-1,-1,-1
430,1468,1088.13,361.91,33.26,81.54,0.9471,-1,-1,-1
430,1262,694.89,537.34,48.5,146.57,0.9325,-1,-1,-1
430,1480,1538.14,443.92,41.87,116.39,0.6535,-1,-1,-1
431,1534,1672.17,501.26,52.32,139.94,0.9789,-1,-1,-1
431,1527,1737.59,437.37,42.49,111.86,0.9768,-1,-1,-1
431,1382,1115.98,525.01,49.61,136.64,0.9767,-1,-1,-1
431,1469,1863.32,412.51,45.99,114.15,0.9737,-1,-1,-1
431,1526,289.09,383.74,51.08,88.96,0.9728,-1,-1,-1
431,1262,694.95,540.71,50.17,137.58,0.9684,-1,-1,-1
431,1513,0.86,560.68,57.67,151.4,0.9669,-1,-1,-1
431,1506,796.91,437.93,41.53,109.44,0.9651,-1,-1,-1
431,1243,1351.36,427.45,37.58,108.53,0.9643,-1,-1,-1
431,1467,1554.73,353.34,39.4,88.22,0.9638,-1,-1,-1
431,1242,1841.22,710.63,76.13,188.11,0.9594,-1,-1,-1
431,1466,651.08,414.79,51.6,89.8,0.9537,-1,-1,-1
431,1468,1088.85,362.97,33.35,79.95,0.9472,-1,-1,-1
431,1480,1539.21,444.57,44.6,117.74,0.8456,-1,-1,-1
431,1535,655.28,323.66,27.52,80.48,0.6936,-1,-1,-1
432,1534,1672.61,502.47,51.53,135.42,0.9787,-1,-1,-1
432,1527,1738.89,437.31,42.71,111.24,0.9772,-1,-1,-1
432,1382,1115.17,526.02,50.05,135.69,0.9765,-1,-1,-1
432,1469,1869.41,411.52,43.52,114.62,0.9726,-1,-1,-1
432,1526,294.96,383.79,47.94,88.8,0.9706,-1,-1,-1
432,1243,1347.4,425.18,42.41,111.47,0.9694,-1,-1,-1
432,1262,695.13,542.14,51.95,136.17,0.9684,-1,-1,-1
432,1466,650.07,413.82,45.79,91.32,0.9677,-1,-1,-1
432,1467,1557.22,353.26,40.58,87.52,0.9644,-1,-1,-1
432,1506,796.7,438.05,40.57,110.29,0.9598,-1,-1,-1
432,1242,1839.8,708.97,77.58,190.49,0.9595,-1,-1,-1
432,1513,0.85,558.05,49.71,156.29,0.9532,-1,-1,-1
432,1468,1089.61,363.14,32.3,79.75,0.9512,-1,-1,-1
433,1534,1673.36,503.44,50.88,132.19,0.979,-1,-1,-1
433,1527,1738.76,436.68,43.03,111.79,0.9777,-1,-1,-1
433,1382,1115.11,525.88,49.74,135.68,0.9767,-1,-1,-1
433,1243,1344.99,424.15,44.72,111.79,0.9724,-1,-1,-1
433,1526,297.84,382.07,46.29,90.02,0.9706,-1,-1,-1
433,1262,695.2,542.06,52.44,136.9,0.9692,-1,-1,-1
433,1466,648.63,412.55,45.94,92.92,0.9685,-1,-1,-1
433,1467,1558.8,352.56,41.33,88.14,0.9681,-1,-1,-1
433,1469,1872.2,411.1,41.49,115.16,0.9669,-1,-1,-1
433,1242,1839.26,708.07,77.14,191.72,0.9567,-1,-1,-1
433,1506,796.44,436.99,40.64,111.58,0.9535,-1,-1,-1
433,1468,1089.55,363.99,31.72,78.53,0.9479,-1,-1,-1
433,1513,1.3,559.08,44.21,155.87,0.8769,-1,-1,-1
434,1534,1671.83,505.85,51.12,128.59,0.9773,-1,-1,-1
434,1382,1116.29,525.28,48.22,137.48,0.977,-1,-1,-1
434,1527,1738.97,436.12,42.3,112.43,0.9764,-1,-1,-1
434,1243,1340.45,424.1,48.84,107.38,0.9762,-1,-1,-1
434,1262,696.11,541.71,52.3,137.17,0.973,-1,-1,-1
434,1466,643.8,411.11,49.78,94.35,0.97,-1,-1,-1
434,1469,1879.34,410.33,38.21,117.02,0.9616,-1,-1,-1
434,1526,305.89,382.82,40.81,90.41,0.9603,-1,-1,-1
434,1242,1842.33,708.71,72.44,189.8,0.9554,-1,-1,-1
434,1513,0.91,558.17,38.94,153.71,0.9546,-1,-1,-1
434,1467,1562.84,354.22,39.95,86.39,0.9507,-1,-1,-1
434,1468,1089.92,365.47,29.52,77.01,0.9417,-1,-1,-1
434,1506,795.36,435.64,40.98,112.86,0.9266,-1,-1,-1
435,1382,1116.55,523.72,48.0,138.2,0.9765,-1,-1,-1
435,1262,697.04,539.26,52.58,137.73,0.9754,-1,-1,-1
435,1534,1669.22,506.88,51.46,128.92,0.9754,-1,-1,-1
435,1243,1335.57,424.7,52.19,104.16,0.9749,-1,-1,-1
435,1527,1738.22,436.14,41.16,113.0,0.9734,-1,-1,-1
435,1526,307.12,379.25,43.84,92.64,0.9684,-1,-1,-1
435,1466,635.54,409.77,55.99,93.52,0.9671,-1,-1,-1
435,1469,1882.44,411.18,36.92,115.67,0.9646,-1,-1,-1
435,1506,794.91,433.91,39.33,114.89,0.9609,-1,-1,-1
435,1242,1844.26,704.7,70.92,193.8,0.9567,-1,-1,-1
435,1467,1563.62,356.05,42.14,83.86,0.9514,-1,-1,-1
435,1468,1089.95,366.92,28.82,75.22,0.943,-1,-1,-1
435,1513,0.62,551.57,35.99,158.24,0.9168,-1,-1,-1
436,1382,1116.84,523.34,47.89,138.44,0.9763,-1,-1,-1
436,1262,697.97,537.52,52.16,139.37,0.9758,-1,-1,-1
436,1534,1668.9,507.15,50.28,128.95,0.9752,-1,-1,-1
436,1243,1332.73,424.6,53.6,104.26,0.9738,-1,-1,-1
436,1527,1737.76,435.94,40.93,113.78,0.9737,-1,-1,-1
436,1526,307.73,377.66,45.26,95.76,0.9729,-1,-1,-1
436,1466,633.26,409.94,56.85,93.41,0.9687,-1,-1,-1
436,1506,794.15,433.54,39.32,113.97,0.9662,-1,-1,-1
436,1469,1884.62,412.1,35.38,114.08,0.9549,-1,-1,-1
436,1242,1844.49,704.58,72.0,193.79,0.9538,-1,-1,-1
436,1467,1564.37,356.67,42.0,83.02,0.9534,-1,-1,-1
436,1468,1089.58,366.79,27.92,75.32,0.9392,-1,-1,-1
436,1513,0.14,550.11,35.31,158.37,0.795,-1,-1,-1
437,1534,1667.07,505.79,46.8,130.39,0.9785,-1,-1,-1
437,1382,1117.01,522.51,47.92,139.23,0.9761,-1,-1,-1
437,1262,699.27,534.27,51.55,143.1,0.9755,-1,-1,-1
437,1527,1737.09,435.15,40.87,114.46,0.9734,-1,-1,-1
437,1466,627.42,411.4,59.25,92.61,0.9719,-1,-1,-1
437,1243,1327.16,425.38,56.5,104.19,0.9709,-1,-1,-1
437,1506,792.8,432.8,39.13,115.33,0.9692,-1,-1,-1
437,1526,312.5,380.38,39.9,93.83,0.9687,-1,-1,-1
437,1467,1567.48,356.93,39.26,83.35,0.9569,-1,-1,-1
437,1242,1843.42,703.21,73.68,194.4,0.9512,-1,-1,-1
437,1468,1087.85,364.06,28.56,78.06,0.9473,-1,-1,-1
437,1469,1887.35,411.59,32.65,116.22,0.9433,-1,-1,-1
437,1480,1537.85,447.29,51.58,117.65,0.9371,-1,-1,-1
437,1513,0.0,567.47,35.07,146.51,0.7661,-1,-1,-1
437,1535,630.07,324.96,37.77,81.69,0.7297,-1,-1,-1
438,1534,1665.57,503.49,47.48,131.87,0.9823,-1,-1,-1
438,1382,1116.34,521.67,48.84,140.4,0.9761,-1,-1,-1
438,1262,700.77,532.45,51.43,145.04,0.9752,-1,-1,-1
438,1527,1736.4,434.09,41.37,115.88,0.9741,-1,-1,-1
438,1506,790.02,433.25,40.08,110.56,0.9703,-1,-1,-1
438,1466,623.57,410.78,59.01,93.2,0.9685,-1,-1,-1
438,1243,1321.49,427.57,55.6,102.77,0.9645,-1,-1,-1
438,1467,1570.45,355.22,36.35,86.79,0.959,-1,-1,-1
438,1526,320.01,381.3,34.5,93.16,0.9499,-1,-1,-1
438,1242,1842.06,701.95,75.32,195.46,0.9488,-1,-1,-1
438,1468,1085.29,361.39,30.63,81.86,0.9444,-1,-1,-1
438,1469,1889.67,411.44,30.33,116.49,0.9415,-1,-1,-1
438,1480,1538.74,447.35,50.63,115.78,0.933,-1,-1,-1
438,1513,0.0,571.74,30.5,136.3,0.7575,-1,-1,-1
438,1535,623.89,327.8,46.59,77.83,0.5,-1,-1,-1
439,1534,1664.03,502.52,49.69,132.51,0.9822,-1,-1,-1
439,1527,1735.78,434.24,42.38,116.14,0.9765,-1,-1,-1
439,1382,1116.09,521.72,48.92,139.84,0.976,-1,-1,-1
439,1262,701.75,532.29,51.38,143.83,0.9756,-1,-1,-1
439,1506,788.42,432.73,41.05,110.35,0.9728,-1,-1,-1
439,1466,622.66,410.78,58.75,93.85,0.9675,-1,-1,-1
439,1243,1319.0,428.36,54.6,102.85,0.9644,-1,-1,-1
439,1467,1571.72,354.24,35.33,87.17,0.9588,-1,-1,-1
439,1526,322.76,382.05,36.18,92.72,0.9519,-1,-1,-1
439,1242,1841.24,701.7,76.01,195.86,0.948,-1,-1,-1
439,1468,1084.17,359.83,31.57,83.26,0.944,-1,-1,-1
439,1469,1890.92,412.02,29.08,115.4,0.9393,-1,-1,-1
439,1480,1539.14,447.34,49.25,114.16,0.9208,-1,-1,-1
439,1513,0.0,574.03,28.77,133.34,0.8053,-1,-1,-1
439,1535,620.83,327.61,44.9,76.76,0.7943,-1,-1,-1
440,1534,1661.54,500.24,54.39,133.09,0.9786,-1,-1,-1
440,1527,1735.42,434.73,43.78,116.1,0.9772,-1,-1,-1
440,1382,1115.86,521.78,49.18,140.87,0.976,-1,-1,-1
440,1506,785.95,433.96,42.24,108.65,0.9755,-1,-1,-1
440,1262,702.89,532.52,52.14,139.72,0.9737,-1,-1,-1
440,1243,1311.61,430.23,50.98,100.92,0.9684,-1,-1,-1
440,1466,621.62,411.46,53.29,93.26,0.9641,-1,-1,-1
440,1526,325.38,383.29,40.09,91.57,0.9627,-1,-1,-1
440,1480,1539.74,446.05,46.39,113.72,0.9622,-1,-1,-1
440,1467,1573.44,352.51,33.37,89.32,0.9529,-1,-1,-1
440,1468,1081.54,358.51,35.69,84.19,0.9511,-1,-1,-1
440,1242,1840.27,704.51,76.96,196.99,0.9466,-1,-1,-1
440,1469,1894.18,412.47,25.46,114.67,0.9221,-1,-1,-1
440,1535,613.87,324.21,44.5,80.75,0.807,-1,-1,-1
440,1513,0.1,577.53,25.89,128.22,0.7394,-1,-1,-1
441,1527,1735.45,436.13,44.78,115.01,0.9775,-1,-1,-1
441,1534,1658.66,500.0,58.7,134.94,0.9771,-1,-1,-1
441,1382,1115.62,522.61,50.12,139.99,0.9755,-1,-1,-1
441,1243,1303.43,428.18,53.11,102.63,0.9747,-1,-1,-1
441,1506,783.31,435.61,42.75,109.28,0.9729,-1,-1,-1
441,1480,1540.07,444.91,44.69,114.46,0.9727,-1,-1,-1
441,1262,704.19,533.5,52.94,136.7,0.9725,-1,-1,-1
441,1466,623.34,410.14,45.67,93.81,0.9684,-1,-1,-1
441,1526,326.96,385.12,46.22,89.72,0.9649,-1,-1,-1
441,1468,1077.69,359.56,40.02,82.09,0.9626,-1,-1,-1
441,1467,1575.11,351.82,33.4,89.55,0.9591,-1,-1,-1
441,1242,1839.46,705.39,78.12,196.63,0.9484,-1,-1,-1
441,1469,1896.87,413.09,22.53,115.61,0.9026,-1,-1,-1
441,1535,610.78,321.77,47.43,86.88,0.5523,-1,-1,-1
442,1527,1735.71,436.85,44.76,113.91,0.9776,-1,-1,-1
442,1243,1300.29,427.72,57.17,102.07,0.9771,-1,-1,-1
442,1534,1656.77,499.62,61.04,135.37,0.9761,-1,-1,-1
442,1382,1115.75,522.78,50.16,138.4,0.9754,-1,-1,-1
442,1506,782.03,435.8,42.95,108.18,0.9734,-1,-1,-1
442,1262,705.08,533.73,54.13,136.55,0.9727,-1,-1,-1
442,1466,623.07,409.72,44.77,92.69,0.9658,-1,-1,-1
442,1526,327.41,386.42,46.81,88.56,0.9626,-1,-1,-1
442,1468,1077.0,360.35,40.11,81.76,0.9624,-1,-1,-1
442,1467,1575.53,351.51,33.81,88.89,0.9608,-1,-1,-1
442,1242,1839.58,706.08,78.12,196.27,0.9493,-1,-1,-1
442,1480,1540.7,443.93,43.2,117.62,0.9247,-1,-1,-1
442,1469,1897.13,412.79,22.33,116.27,0.8884,-1,-1,-1
442,1535,610.11,325.12,48.68,83.56,0.7253,-1,-1,-1
443,1527,1735.68,437.42,46.79,114.39,0.9775,-1,-1,-1
443,1534,1652.79,499.53,64.94,133.73,0.9762,-1,-1,-1
443,1382,1116.87,522.53,49.46,135.85,0.9747,-1,-1,-1
443,1243,1294.43,425.8,61.29,103.43,0.9731,-1,-1,-1
443,1262,707.32,534.24,54.31,135.21,0.9724,-1,-1,-1
443,1506,782.73,435.88,42.12,108.03,0.9718,-1,-1,-1
443,1526,326.98,388.25,56.02,87.54,0.9672,-1,-1,-1
443,1480,1541.88,443.67,41.62,116.35,0.9578,-1,-1,-1
443,1467,1577.49,352.06,33.19,85.84,0.9564,-1,-1,-1
443,1242,1840.75,706.3,77.38,195.2,0.9497,-1,-1,-1
443,1468,1077.64,363.57,36.86,79.17,0.9484,-1,-1,-1
443,1466,625.85,410.19,42.32,88.94,0.9483,-1,-1,-1
443,1535,608.63,325.31,49.72,82.12,0.947,-1,-1,-1
443,1469,1899.67,414.04,20.11,114.85,0.8855,-1,-1,-1
444,1527,1736.12,438.62,48.06,113.01,0.977,-1,-1,-1
444,1534,1649.62,500.66,68.37,128.34,0.9749,-1,-1,-1
444,1382,1118.04,520.81,47.82,136.4,0.9739,-1,-1,-1
444,1262,710.11,533.63,53.34,135.96,0.9734,-1,-1,-1
444,1506,783.88,435.21,40.32,108.2,0.9704,-1,-1,-1
444,1243,1288.11,424.0,64.11,105.56,0.9672,-1,-1,-1
444,1526,327.04,390.31,60.5,85.41,0.9665,-1,-1,-1
444,1242,1842.61,701.61,75.34,194.77,0.9503,-1,-1,-1
444,1468,1075.64,360.5,35.53,82.32,0.9501,-1,-1,-1
444,1480,1542.74,443.28,41.14,117.4,0.9417,-1,-1,-1
444,1467,1580.48,352.02,32.5,86.5,0.9416,-1,-1,-1
444,1466,625.35,411.09,41.41,87.43,0.9357,-1,-1,-1
444,1535,608.66,324.07,50.06,83.29,0.9284,-1,-1,-1
444,1469,1903.13,413.67,16.82,114.54,0.846,-1,-1,-1
445,1527,1736.04,439.17,49.44,112.52,0.9766,-1,-1,-1
445,1262,711.32,532.61,52.5,137.04,0.9741,-1,-1,-1
445,1382,1118.52,519.43,47.31,137.27,0.9736,-1,-1,-1
445,1534,1647.55,501.35,70.03,127.75,0.9724,-1,-1,-1
445,1243,1283.75,422.67,65.69,103.74,0.9719,-1,-1,-1
445,1506,784.37,433.61,39.41,108.15,0.9694,-1,-1,-1
445,1526,327.41,389.14,62.22,86.73,0.966,-1,-1,-1
445,1480,1543.06,443.22,41.11,117.25,0.9563,-1,-1,-1
445,1466,623.63,410.53,43.73,87.86,0.9555,-1,-1,-1
445,1467,1582.25,352.06,31.84,87.26,0.9544,-1,-1,-1
445,1242,1842.68,700.43,74.71,191.56,0.9531,-1,-1,-1
445,1468,1075.38,359.55,33.87,83.55,0.9457,-1,-1,-1
445,1535,608.95,324.12,48.94,83.29,0.9232,-1,-1,-1
445,1469,1905.21,412.81,14.63,115.27,0.7149,-1,-1,-1
446,1262,713.74,530.02,51.43,138.71,0.975,-1,-1,-1
446,1382,1118.76,517.23,47.17,137.94,0.9743,-1,-1,-1
446,1527,1734.51,439.63,53.8,111.8,0.9742,-1,-1,-1
446,1243,1277.76,422.5,64.52,103.67,0.9696,-1,-1,-1
446,1506,784.94,431.45,38.78,110.78,0.9684,-1,-1,-1
446,1242,1841.62,698.42,77.75,192.66,0.9657,-1,-1,-1
446,1526,328.8,386.69,61.41,88.76,0.9637,-1,-1,-1
446,1534,1643.14,503.57,71.09,123.94,0.9612,-1,-1,-1
446,1480,1541.64,443.18,42.68,116.88,0.9609,-1,-1,-1
446,1466,615.59,411.7,50.39,88.58,0.9603,-1,-1,-1
446,1467,1584.35,352.79,32.17,86.19,0.953,-1,-1,-1
446,1468,1074.97,359.96,28.64,82.14,0.9446,-1,-1,-1
446,1535,609.05,329.62,44.78,77.24,0.9218,-1,-1,-1
447,1534,1638.69,501.73,67.22,127.22,0.9752,-1,-1,-1
447,1382,1119.01,516.01,45.77,139.22,0.9748,-1,-1,-1
447,1262,717.39,527.02,49.72,141.91,0.972,-1,-1,-1
447,1527,1733.0,439.19,57.9,111.68,0.9719,-1,-1,-1
447,1526,330.11,383.97,64.48,89.98,0.9684,-1,-1,-1
447,1242,1840.09,697.14,78.06,191.56,0.9677,-1,-1,-1
447,1506,784.88,430.06,38.42,110.24,0.9663,-1,-1,-1
447,1466,614.93,413.23,49.74,87.7,0.9633,-1,-1,-1
447,1467,1586.22,353.14,32.61,84.81,0.9592,-1,-1,-1
447,1243,1272.78,423.71,59.06,102.12,0.959,-1,-1,-1
447,1480,1539.91,443.33,44.7,116.78,0.95,-1,-1,-1
447,1535,608.92,329.51,40.21,77.44,0.9393,-1,-1,-1
447,1468,1074.36,358.16,24.94,83.99,0.9364,-1,-1,-1
448,1382,1118.31,515.81,45.94,139.16,0.9752,-1,-1,-1
448,1534,1637.61,501.34,61.75,127.67,0.9744,-1,-1,-1
448,1527,1732.17,438.6,59.3,112.17,0.9718,-1,-1,-1
448,1262,719.47,524.77,48.3,144.44,0.9714,-1,-1,-1
448,1526,331.86,383.19,63.92,90.62,0.9695,-1,-1,-1
448,1242,1839.73,696.74,76.69,190.21,0.9662,-1,-1,-1
448,1506,784.79,430.02,38.25,106.43,0.9662,-1,-1,-1
448,1467,1587.02,352.9,32.91,85.02,0.9633,-1,-1,-1
448,1466,615.35,413.84,50.43,87.16,0.963,-1,-1,-1
448,1243,1269.69,421.72,54.01,103.09,0.9457,-1,-1,-1
448,1468,1074.21,358.21,25.89,83.63,0.9377,-1,-1,-1
448,1535,608.77,329.81,37.73,76.37,0.929,-1,-1,-1
448,1480,1538.65,443.38,45.78,116.77,0.9045,-1,-1,-1
449,1382,1116.5,515.46,47.05,139.91,0.9767,-1,-1,-1
449,1534,1635.26,499.43,55.29,128.06,0.9766,-1,-1,-1
449,1262,722.2,522.97,47.49,142.64,0.976,-1,-1,-1
449,1527,1729.12,438.46,61.44,111.08,0.9743,-1,-1,-1
449,1526,336.43,380.66,63.58,94.12,0.9715,-1,-1,-1
449,1466,616.77,414.89,48.73,86.16,0.9639,-1,-1,-1
449,1243,1264.16,420.33,43.15,103.81,0.9635,-1,-1,-1
449,1242,1840.07,696.85,73.13,188.39,0.9634,-1,-1,-1
449,1506,785.42,429.29,37.26,104.8,0.9621,-1,-1,-1
449,1467,1588.64,352.73,33.93,84.88,0.9594,-1,-1,-1
449,1480,1539.34,443.86,45.96,116.15,0.9443,-1,-1,-1
449,1468,1072.96,354.62,28.09,86.65,0.9382,-1,-1,-1
449,1535,610.58,330.72,29.15,75.17,0.2985,-1,-1,-1
450,1382,1112.16,516.13,50.4,138.5,0.9777,-1,-1,-1
450,1262,723.68,523.02,48.33,143.13,0.9773,-1,-1,-1
450,1534,1632.52,496.82,57.19,131.15,0.977,-1,-1,-1
450,1527,1725.34,439.37,60.54,109.01,0.9742,-1,-1,-1
450,1243,1260.01,419.2,40.92,104.17,0.9696,-1,-1,-1
450,1526,343.85,381.35,57.69,92.18,0.9681,-1,-1,-1
450,1466,615.91,412.71,47.44,88.32,0.9667,-1,-1,-1
450,1242,1840.76,696.92,72.22,187.25,0.9618,-1,-1,-1
450,1506,785.57,429.76,36.67,104.68,0.9574,-1,-1,-1
450,1468,1067.45,356.88,35.16,84.46,0.9464,-1,-1,-1
450,1467,1591.36,352.02,33.82,85.04,0.9415,-1,-1,-1
450,1480,1542.6,444.1,43.57,116.38,0.9119,-1,-1,-1
451,1382,1111.4,516.64,50.78,137.23,0.9777,-1,-1,-1
451,1534,1631.04,495.72,59.3,132.72,0.977,-1,-1,-1
451,1262,723.97,522.9,48.86,141.46,0.9765,-1,-1,-1
451,1243,1255.01,417.29,45.25,107.26,0.9761,-1,-1,-1
451,1466,615.97,411.71,46.96,88.6,0.9683,-1,-1,-1
451,1526,348.36,382.05,52.26,91.54,0.9682,-1,-1,-1
451,1480,1543.09,444.82,43.64,115.23,0.9667,-1,-1,-1
451,1527,1725.76,440.65,57.03,109.46,0.9656,-1,-1,-1
451,1242,1841.37,697.07,71.48,186.92,0.9628,-1,-1,-1
451,1506,785.51,429.87,36.61,104.71,0.9572,-1,-1,-1
451,1467,1591.98,351.22,35.64,86.07,0.9539,-1,-1,-1
451,1468,1064.75,357.3,38.74,84.0,0.953,-1,-1,-1
452,1382,1111.21,517.48,50.22,137.42,0.9787,-1,-1,-1
452,1262,724.12,524.39,50.74,134.77,0.9762,-1,-1,-1
452,1534,1626.21,493.73,62.58,135.2,0.9761,-1,-1,-1
452,1480,1542.1,444.45,44.65,115.73,0.973,-1,-1,-1
452,1527,1724.01,442.55,59.17,105.87,0.9683,-1,-1,-1
452,1506,785.13,429.52,38.04,105.3,0.968,-1,-1,-1
452,1466,616.94,409.93,47.38,88.92,0.9667,-1,-1,-1
452,1526,359.85,382.22,42.5,90.82,0.9657,-1,-1,-1
452,1468,1060.33,358.69,44.17,82.67,0.9636,-1,-1,-1
452,1243,1246.57,415.42,52.67,108.03,0.9603,-1,-1,-1
452,1467,1593.75,350.92,36.07,85.6,0.9583,-1,-1,-1
452,1242,1837.5,696.84,73.69,189.69,0.9572,-1,-1,-1
453,1534,1615.36,492.08,70.64,136.98,0.9794,-1,-1,-1
453,1382,1110.43,517.81,50.06,138.2,0.9783,-1,-1,-1
453,1243,1236.59,414.29,59.42,106.31,0.9768,-1,-1,-1
453,1262,723.81,525.04,52.35,132.79,0.975,-1,-1,-1
453,1480,1541.41,443.8,44.78,115.54,0.9749,-1,-1,-1
453,1527,1725.08,442.42,60.47,106.03,0.9738,-1,-1,-1
453,1506,784.24,427.85,39.79,107.34,0.9723,-1,-1,-1
453,1466,618.13,406.0,48.39,92.73,0.9715,-1,-1,-1
453,1468,1058.9,357.23,46.68,84.43,0.9684,-1,-1,-1
453,1467,1595.82,349.96,36.83,87.09,0.9552,-1,-1,-1
453,1242,1830.09,697.14,79.88,190.7,0.9511,-1,-1,-1
453,1526,370.96,381.77,36.03,91.35,0.9473,-1,-1,-1
454,1534,1609.37,492.13,75.25,135.18,0.9783,-1,-1,-1
454,1382,1109.31,517.55,50.83,138.72,0.9772,-1,-1,-1
454,1243,1232.26,414.02,61.69,106.41,0.9771,-1,-1,-1
454,1480,1540.58,443.45,44.48,115.68,0.9747,-1,-1,-1
454,1262,723.78,525.46,52.82,132.55,0.9745,-1,-1,-1
454,1527,1723.54,442.1,62.72,107.03,0.9736,-1,-1,-1
454,1506,784.19,426.37,39.96,109.09,0.9725,-1,-1,-1
454,1466,618.43,405.22,48.59,92.5,0.9723,-1,-1,-1
454,1468,1058.97,358.49,46.29,83.33,0.9674,-1,-1,-1
454,1467,1596.47,349.78,37.01,87.69,0.9571,-1,-1,-1
454,1242,1828.24,698.02,80.87,189.95,0.9546,-1,-1,-1
454,1526,373.18,381.95,36.87,91.44,0.9545,-1,-1,-1
455,1262,725.08,524.56,52.44,133.87,0.9763,-1,-1,-1
455,1243,1219.68,414.43,68.27,107.37,0.9754,-1,-1,-1
455,1534,1601.6,495.69,76.51,129.18,0.9753,-1,-1,-1
455,1382,1105.48,517.34,53.6,139.01,0.9749,-1,-1,-1
455,1527,1719.45,441.0,66.35,109.38,0.973,-1,-1,-1
455,1466,619.86,402.7,49.18,94.33,0.973,-1,-1,-1
455,1506,784.82,423.88,40.08,111.24,0.9717,-1,-1,-1
455,1480,1538.43,442.8,42.94,114.72,0.9692,-1,-1,-1
455,1526,374.69,380.62,41.99,92.36,0.9668,-1,-1,-1
455,1468,1059.37,360.28,45.23,82.06,0.9667,-1,-1,-1
455,1467,1597.42,349.83,37.92,88.0,0.9634,-1,-1,-1
455,1242,1826.67,699.3,82.37,190.01,0.9576,-1,-1,-1
456,1526,375.71,379.12,49.29,94.52,0.9778,-1,-1,-1
456,1262,726.46,523.35,51.4,135.5,0.9774,-1,-1,-1
456,1243,1208.72,415.24,70.9,107.74,0.9763,-1,-1,-1
456,1534,1596.28,496.71,73.15,130.33,0.9751,-1,-1,-1
456,1382,1103.96,516.76,54.41,138.86,0.975,-1,-1,-1
456,1527,1715.26,440.0,66.78,106.18,0.9729,-1,-1,-1
456,1466,622.81,401.24,45.99,93.69,0.9723,-1,-1,-1
456,1506,784.54,422.13,40.32,113.29,0.9713,-1,-1,-1
456,1467,1598.82,350.5,38.42,86.68,0.9646,-1,-1,-1
456,1468,1058.98,361.74,43.38,81.22,0.9638,-1,-1,-1
456,1242,1824.52,704.84,83.21,185.44,0.9584,-1,-1,-1
456,1480,1536.17,441.19,41.37,117.55,0.9351,-1,-1,-1
456,1535,581.88,325.43,38.24,82.11,0.6502,-1,-1,-1
457,1262,727.61,522.4,50.12,135.99,0.9778,-1,-1,-1
457,1527,1713.57,440.51,64.12,103.52,0.9758,-1,-1,-1
457,1382,1103.7,516.59,53.98,138.63,0.9753,-1,-1,-1
457,1526,376.58,379.63,50.79,93.9,0.975,-1,-1,-1
457,1534,1596.02,498.39,68.9,128.86,0.9742,-1,-1,-1
457,1243,1208.23,416.73,64.56,107.78,0.9735,-1,-1,-1
457,1466,623.51,400.52,45.13,94.51,0.9719,-1,-1,-1
457,1506,784.69,421.88,40.16,112.51,0.9712,-1,-1,-1
457,1468,1059.28,362.03,41.03,80.91,0.9632,-1,-1,-1
457,1242,1825.89,699.98,84.69,190.18,0.959,-1,-1,-1
457,1467,1599.48,350.92,37.56,86.59,0.9587,-1,-1,-1
457,1535,578.95,326.75,40.18,80.88,0.8058,-1,-1,-1
457,1480,1534.81,440.25,41.51,119.35,0.7578,-1,-1,-1
458,1534,1596.3,500.05,54.15,126.33,0.9767,-1,-1,-1
458,1262,729.16,519.52,48.23,139.08,0.9766,-1,-1,-1
458,1382,1104.12,515.38,50.75,139.24,0.9749,-1,-1,-1
458,1527,1711.05,440.26,58.12,103.53,0.9723,-1,-1,-1
458,1466,624.13,399.87,44.74,94.39,0.9706,-1,-1,-1
458,1526,378.99,379.27,55.16,95.02,0.9699,-1,-1,-1
458,1506,784.46,421.73,39.85,107.71,0.9696,-1,-1,-1
458,1468,1059.01,360.36,36.83,83.32,0.9638,-1,-1,-1
458,1243,1202.98,417.44,55.14,107.78,0.9637,-1,-1,-1
458,1242,1827.61,699.14,83.02,190.36,0.9574,-1,-1,-1
458,1467,1600.98,350.39,37.69,87.64,0.954,-1,-1,-1
458,1535,573.96,327.15,42.98,79.34,0.691,-1,-1,-1
459,1534,1594.03,500.32,45.73,127.39,0.978,-1,-1,-1
459,1527,1712.19,440.54,47.99,104.72,0.977,-1,-1,-1
459,1262,729.65,517.62,48.03,141.52,0.9754,-1,-1,-1
459,1382,1105.63,513.93,48.2,139.73,0.975,-1,-1,-1
459,1243,1195.41,417.16,46.89,107.52,0.9736,-1,-1,-1
459,1526,382.3,381.01,55.28,94.21,0.9714,-1,-1,-1
459,1466,623.7,400.55,43.99,92.91,0.9713,-1,-1,-1
459,1506,783.81,422.53,39.91,105.73,0.9711,-1,-1,-1
459,1242,1829.9,698.07,80.22,190.88,0.9575,-1,-1,-1
459,1467,1602.65,349.77,37.04,87.92,0.9552,-1,-1,-1
459,1468,1058.6,359.93,32.39,84.19,0.9528,-1,-1,-1
459,1535,567.37,330.05,49.1,77.72,0.7577,-1,-1,-1
459,1480,1530.22,439.96,44.18,121.2,0.5069,-1,-1,-1
460,1534,1592.62,500.32,43.1,127.83,0.977,-1,-1,-1
460,1527,1711.53,440.55,44.95,104.88,0.977,-1,-1,-1
460,1262,730.25,517.26,47.53,141.83,0.9752,-1,-1,-1
460,1382,1106.45,513.49,47.17,140.42,0.9751,-1,-1,-1
460,1526,384.55,381.3,53.53,93.73,0.973,-1,-1,-1
460,1506,783.49,423.37,39.9,104.71,0.9715,-1,-1,-1
460,1466,623.57,400.79,44.79,93.06,0.971,-1,-1,-1
460,1243,1191.05,416.75,41.55,107.56,0.965,-1,-1,-1
460,1242,1830.1,696.78,79.3,190.5,0.9605,-1,-1,-1
460,1467,1603.32,349.42,36.33,88.88,0.955,-1,-1,-1
460,1468,1058.15,359.44,30.6,84.63,0.9489,-1,-1,-1
460,1535,566.12,328.2,49.22,80.75,0.8073,-1,-1,-1
460,1480,1528.55,440.4,45.82,120.98,0.4563,-1,-1,-1
461,1262,730.73,517.44,47.18,141.03,0.9747,-1,-1,-1
461,1382,1104.9,513.15,47.97,141.6,0.9729,-1,-1,-1
461,1243,1184.65,414.14,41.09,109.15,0.9725,-1,-1,-1
461,1466,622.7,402.06,48.12,93.82,0.972,-1,-1,-1
461,1527,1707.23,439.71,46.5,105.32,0.9719,-1,-1,-1
461,1534,1588.4,498.29,43.4,130.8,0.9711,-1,-1,-1
461,1506,782.79,424.38,39.81,104.52,0.9707,-1,-1,-1
461,1242,1828.34,696.07,70.9,186.16,0.961,-1,-1,-1
461,1526,391.52,385.52,47.69,90.28,0.9609,-1,-1,-1
461,1468,1056.61,358.41,28.77,85.85,0.9571,-1,-1,-1
461,1467,1604.19,349.74,36.81,88.11,0.9505,-1,-1,-1
461,1535,562.62,329.12,51.66,79.45,0.9299,-1,-1,-1
461,1480,1527.19,441.15,47.37,119.8,0.7279,-1,-1,-1
462,1262,730.65,518.86,48.11,137.78,0.9753,-1,-1,-1
462,1526,401.56,381.96,44.32,93.1,0.972,-1,-1,-1
462,1534,1583.84,497.26,43.4,130.39,0.9713,-1,-1,-1
462,1382,1103.03,513.68,48.49,141.61,0.9705,-1,-1,-1
462,1466,622.59,402.67,50.29,93.56,0.9703,-1,-1,-1
462,1506,783.23,424.08,38.63,105.2,0.9691,-1,-1,-1
462,1243,1178.34,412.96,39.87,112.99,0.9633,-1,-1,-1
462,1527,1701.94,437.0,50.43,106.53,0.9615,-1,-1,-1
462,1242,1825.32,693.56,65.82,188.41,0.9583,-1,-1,-1
462,1468,1054.93,358.66,28.0,85.65,0.9542,-1,-1,-1
462,1535,560.67,324.64,47.84,84.17,0.9486,-1,-1,-1
462,1467,1605.72,351.61,35.43,86.7,0.936,-1,-1,-1
462,1480,1524.73,443.05,47.89,116.96,0.8641,-1,-1,-1
463,1262,730.75,519.81,48.36,136.1,0.9749,-1,-1,-1
463,1243,1172.7,412.86,42.7,111.61,0.9748,-1,-1,-1
463,1534,1579.92,496.05,45.33,129.94,0.9739,-1,-1,-1
463,1527,1699.4,437.07,50.21,107.33,0.9709,-1,-1,-1
463,1382,1101.81,514.25,49.14,141.23,0.97,-1,-1,-1
463,1466,622.82,402.97,50.82,93.64,0.9698,-1,-1,-1
463,1242,1823.58,696.19,67.29,183.94,0.9693,-1,-1,-1
463,1526,405.49,381.84,41.56,92.46,0.9671,-1,-1,-1
463,1506,783.9,423.48,38.0,105.95,0.9669,-1,-1,-1
463,1535,560.39,325.61,47.19,84.24,0.9605,-1,-1,-1
463,1468,1053.65,359.08,28.15,85.44,0.9504,-1,-1,-1
463,1467,1605.83,351.29,35.55,87.15,0.9475,-1,-1,-1
463,1480,1523.16,443.38,49.11,117.35,0.9269,-1,-1,-1
464,1243,1156.25,412.53,52.45,109.35,0.9755,-1,-1,-1
464,1262,730.77,521.21,49.16,133.51,0.9748,-1,-1,-1
464,1534,1570.34,493.61,52.15,132.12,0.9746,-1,-1,-1
464,1382,1099.68,514.93,49.58,140.99,0.9743,-1,-1,-1
464,1466,624.85,403.02,49.4,93.7,0.9719,-1,-1,-1
464,1527,1693.71,435.26,51.81,108.14,0.9716,-1,-1,-1
464,1242,1820.38,696.95,67.79,184.18,0.9687,-1,-1,-1
464,1526,411.35,383.21,39.27,91.4,0.9635,-1,-1,-1
464,1535,558.28,326.16,47.46,84.53,0.9565,-1,-1,-1
464,1468,1050.13,359.52,29.89,85.17,0.9525,-1,-1,-1
464,1467,1606.91,351.35,35.29,87.49,0.9488,-1,-1,-1
464,1506,784.75,421.51,36.31,107.18,0.9423,-1,-1,-1
464,1480,1521.05,443.98,49.71,116.78,0.9316,-1,-1,-1
465,1262,730.82,520.12,50.53,134.58,0.9753,-1,-1,-1
465,1382,1097.42,515.12,49.3,140.38,0.9752,-1,-1,-1
465,1527,1683.46,434.62,57.23,103.82,0.9747,-1,-1,-1
465,1534,1561.93,492.4,57.36,135.39,0.974,-1,-1,-1
465,1243,1144.45,414.65,57.53,104.86,0.9734,-1,-1,-1
465,1466,628.34,401.54,46.05,94.28,0.9727,-1,-1,-1
465,1526,409.77,382.27,53.7,93.33,0.9715,-1,-1,-1
465,1242,1815.41,695.82,71.63,187.06,0.9647,-1,-1,-1
465,1535,555.48,324.83,48.34,85.86,0.9627,-1,-1,-1
465,1468,1044.33,362.61,33.65,83.26,0.9525,-1,-1,-1
465,1480,1518.2,444.72,48.78,116.56,0.9423,-1,-1,-1
465,1506,784.31,420.33,36.27,109.89,0.9406,-1,-1,-1
465,1467,1607.22,352.93,34.03,86.62,0.9383,-1,-1,-1
465,1555,1898.33,427.7,20.91,85.22,0.8091,-1,-1,-1
466,1262,730.77,519.62,50.56,135.26,0.9754,-1,-1,-1
466,1243,1140.15,415.16,57.41,105.63,0.9753,-1,-1,-1
466,1382,1096.88,515.56,48.66,140.12,0.9747,-1,-1,-1
466,1527,1680.35,434.76,55.62,104.64,0.9735,-1,-1,-1
466,1534,1560.12,493.02,57.09,134.85,0.9723,-1,-1,-1
466,1466,630.34,402.68,42.93,92.09,0.9716,-1,-1,-1
466,1526,409.82,382.25,55.53,93.61,0.971,-1,-1,-1
466,1242,1813.18,695.79,74.33,187.92,0.9644,-1,-1,-1
466,1535,554.61,327.94,47.96,81.71,0.9616,-1,-1,-1
466,1468,1042.43,363.73,35.0,82.35,0.9606,-1,-1,-1
466,1506,783.9,418.79,35.97,110.53,0.954,-1,-1,-1
466,1480,1516.64,444.64,48.96,116.58,0.9381,-1,-1,-1
466,1467,1607.78,353.11,33.72,86.65,0.9362,-1,-1,-1
466,1555,1894.59,425.79,25.41,89.59,0.8034,-1,-1,-1
467,1527,1674.37,435.26,48.02,104.47,0.9788,-1,-1,-1
467,1243,1137.78,417.52,47.65,103.53,0.9764,-1,-1,-1
467,1262,730.21,517.46,50.92,136.92,0.9763,-1,-1,-1
467,1534,1558.23,492.69,57.13,131.55,0.9742,-1,-1,-1
467,1382,1095.62,515.58,47.79,139.69,0.9742,-1,-1,-1
467,1480,1514.67,444.48,47.36,114.36,0.9685,-1,-1,-1
467,1526,412.95,382.15,56.81,93.96,0.9681,-1,-1,-1
467,1466,631.05,402.2,40.89,91.23,0.9658,-1,-1,-1
467,1506,783.35,418.28,36.85,108.93,0.9647,-1,-1,-1
467,1242,1808.06,695.42,81.76,189.86,0.9635,-1,-1,-1
467,1468,1040.29,366.37,35.3,81.19,0.9603,-1,-1,-1
467,1535,552.72,325.84,45.1,84.23,0.9562,-1,-1,-1
467,1467,1607.6,354.23,33.65,85.8,0.935,-1,-1,-1
467,1555,1884.9,428.59,34.1,92.26,0.8443,-1,-1,-1
468,1262,729.32,515.24,51.2,139.44,0.9758,-1,-1,-1
468,1527,1670.91,433.97,45.04,104.69,0.9757,-1,-1,-1
468,1534,1557.49,494.1,56.06,128.45,0.9739,-1,-1,-1
468,1382,1095.44,515.64,46.19,139.89,0.9731,-1,-1,-1
468,1526,418.49,383.32,54.85,90.86,0.9715,-1,-1,-1
468,1506,782.75,418.35,38.63,105.35,0.9687,-1,-1,-1
468,1242,1804.29,695.46,85.64,190.2,0.9654,-1,-1,-1
468,1243,1134.47,417.96,40.08,103.62,0.9652,-1,-1,-1
468,1555,1877.77,429.8,41.51,90.68,0.9601,-1,-1,-1
468,1466,633.55,400.47,37.06,92.46,0.9559,-1,-1,-1
468,1468,1038.56,369.16,35.46,79.32,0.9406,-1,-1,-1
468,1467,1606.32,352.07,34.67,88.88,0.9403,-1,-1,-1
468,1535,549.96,327.23,44.81,82.22,0.9353,-1,-1,-1
468,1480,1512.74,443.94,44.69,115.15,0.9351,-1,-1,-1
469,1262,729.05,514.02,51.44,140.81,0.9758,-1,-1,-1
469,1382,1094.64,515.59,45.85,140.03,0.9737,-1,-1,-1
469,1527,1667.9,433.74,46.44,104.73,0.9733,-1,-1,-1
469,1534,1556.32,495.55,56.5,127.23,0.9723,-1,-1,-1
469,1480,1510.21,443.39,44.81,114.77,0.9685,-1,-1,-1
469,1506,782.04,419.39,39.8,104.25,0.9684,-1,-1,-1
469,1242,1800.85,699.3,85.13,188.06,0.9674,-1,-1,-1
469,1526,422.4,383.61,52.04,90.14,0.9669,-1,-1,-1
469,1243,1130.68,417.99,38.68,104.34,0.9637,-1,-1,-1
469,1555,1874.7,429.5,44.65,89.93,0.9603,-1,-1,-1
469,1468,1037.61,371.2,35.74,77.47,0.9569,-1,-1,-1
469,1467,1605.14,353.42,34.82,86.44,0.9451,-1,-1,-1
469,1466,633.41,401.45,36.07,92.43,0.9362,-1,-1,-1
469,1535,548.41,324.37,43.27,85.14,0.9174,-1,-1,-1
470,1262,728.86,512.58,50.6,142.36,0.9767,-1,-1,-1
470,1527,1663.15,432.28,50.97,107.43,0.9766,-1,-1,-1
470,1242,1796.89,700.06,86.41,188.53,0.9752,-1,-1,-1
470,1382,1093.24,515.25,44.95,140.79,0.9742,-1,-1,-1
470,1534,1555.04,497.44,57.24,125.51,0.972,-1,-1,-1
470,1506,782.26,419.8,40.12,105.55,0.9688,-1,-1,-1
470,1480,1507.33,442.31,42.88,115.56,0.9686,-1,-1,-1
470,1555,1863.59,429.14,55.78,91.0,0.9685,-1,-1,-1
470,1468,1036.19,372.21,34.85,76.63,0.9649,-1,-1,-1
470,1526,434.54,382.92,40.39,90.64,0.9565,-1,-1,-1
470,1243,1120.81,419.79,38.0,103.11,0.948,-1,-1,-1
470,1467,1605.79,356.41,33.19,82.78,0.9426,-1,-1,-1
470,1535,545.23,325.52,40.3,84.56,0.9415,-1,-1,-1
470,1466,631.84,404.52,35.1,88.55,0.8981,-1,-1,-1
471,1534,1552.3,496.33,56.71,126.89,0.9779,-1,-1,-1
471,1382,1090.46,515.3,45.17,138.68,0.9776,-1,-1,-1
471,1262,727.41,512.41,50.56,142.26,0.9767,-1,-1,-1
471,1527,1656.88,429.85,53.21,105.57,0.9728,-1,-1,-1
471,1243,1112.42,414.8,39.67,107.4,0.9697,-1,-1,-1
471,1506,781.5,421.8,40.55,103.99,0.9686,-1,-1,-1
471,1555,1860.6,428.1,59.01,94.75,0.9674,-1,-1,-1
471,1242,1793.41,695.52,90.2,193.42,0.9672,-1,-1,-1
471,1526,436.64,380.35,40.79,94.27,0.9648,-1,-1,-1
471,1468,1034.37,372.38,34.45,76.42,0.9635,-1,-1,-1
471,1467,1604.87,355.18,33.61,84.82,0.9346,-1,-1,-1
471,1466,629.93,397.54,35.5,94.72,0.9237,-1,-1,-1
471,1480,1504.41,441.53,41.21,117.25,0.9129,-1,-1,-1
471,1535,541.92,327.01,37.33,83.67,0.897,-1,-1,-1
472,1534,1550.98,495.09,56.74,128.85,0.9781,-1,-1,-1
472,1382,1087.71,513.92,48.13,137.59,0.9772,-1,-1,-1
472,1262,726.38,512.67,50.96,142.25,0.9767,-1,-1,-1
472,1527,1653.22,429.46,51.71,101.6,0.9712,-1,-1,-1
472,1555,1856.63,427.43,63.37,98.24,0.9693,-1,-1,-1
472,1506,781.16,421.4,40.97,104.55,0.968,-1,-1,-1
472,1242,1791.46,694.72,90.74,195.38,0.9668,-1,-1,-1
472,1526,436.32,380.86,41.63,94.18,0.9651,-1,-1,-1
472,1468,1032.72,372.2,35.09,77.1,0.9601,-1,-1,-1
472,1466,628.31,396.74,36.59,94.9,0.9534,-1,-1,-1
472,1243,1107.64,413.41,39.76,109.39,0.9378,-1,-1,-1
472,1467,1604.4,354.97,33.99,85.05,0.9344,-1,-1,-1
472,1480,1502.81,442.14,40.8,117.85,0.922,-1,-1,-1
472,1535,540.65,325.75,35.68,84.46,0.8795,-1,-1,-1
473,1534,1549.77,492.19,55.47,129.8,0.9791,-1,-1,-1
473,1262,724.25,514.01,51.09,139.64,0.9756,-1,-1,-1
473,1243,1091.72,412.28,47.94,107.79,0.9753,-1,-1,-1
473,1382,1082.11,514.49,50.94,137.56,0.975,-1,-1,-1
473,1527,1645.77,428.12,47.69,102.08,0.9729,-1,-1,-1
473,1526,440.24,380.45,38.22,94.06,0.9698,-1,-1,-1
473,1506,780.39,419.18,41.51,107.03,0.9691,-1,-1,-1
473,1480,1498.19,441.34,41.53,118.04,0.9686,-1,-1,-1
473,1466,624.05,397.4,40.88,93.18,0.9676,-1,-1,-1
473,1242,1784.96,700.88,94.97,185.21,0.9672,-1,-1,-1
473,1555,1851.04,426.6,66.33,99.58,0.9669,-1,-1,-1
473,1468,1030.13,371.31,35.11,78.67,0.9654,-1,-1,-1
473,1467,1602.93,350.93,36.09,90.55,0.9153,-1,-1,-1
473,1535,537.02,326.78,31.38,84.76,0.8037,-1,-1,-1
474,1243,1080.12,411.82,54.55,106.98,0.9766,-1,-1,-1
474,1534,1548.17,489.48,54.27,131.33,0.9765,-1,-1,-1
474,1242,1780.76,697.3,94.26,188.43,0.9757,-1,-1,-1
474,1262,722.92,515.39,50.17,135.19,0.9753,-1,-1,-1
474,1506,779.77,416.69,41.85,108.43,0.9731,-1,-1,-1
474,1382,1077.87,513.14,52.93,139.37,0.9699,-1,-1,-1
474,1466,615.9,399.47,48.63,91.95,0.969,-1,-1,-1
474,1526,444.47,382.26,38.03,92.77,0.9685,-1,-1,-1
474,1555,1845.25,426.72,60.83,99.3,0.9678,-1,-1,-1
474,1527,1639.8,429.23,40.32,102.98,0.9674,-1,-1,-1
474,1468,1027.26,370.26,36.1,80.02,0.9618,-1,-1,-1
474,1467,1598.0,350.99,41.21,89.08,0.9466,-1,-1,-1
474,1535,533.45,330.04,28.62,81.59,0.8503,-1,-1,-1
474,1480,1491.47,441.84,44.35,118.46,0.7474,-1,-1,-1
475,1262,722.4,516.2,49.69,133.32,0.9751,-1,-1,-1
475,1534,1546.8,488.52,54.15,132.5,0.9739,-1,-1,-1
475,1243,1076.81,412.61,54.8,104.43,0.9728,-1,-1,-1
475,1242,1777.44,694.52,93.99,191.41,0.9722,-1,-1,-1
475,1506,779.84,414.89,41.99,109.03,0.9716,-1,-1,-1
475,1555,1841.16,426.82,58.78,100.15,0.9704,-1,-1,-1
475,1466,613.03,400.74,52.03,90.83,0.9696,-1,-1,-1
475,1382,1074.65,513.22,55.17,139.64,0.966,-1,-1,-1
475,1526,448.33,381.28,35.63,94.85,0.963,-1,-1,-1
475,1527,1636.68,429.89,40.84,102.56,0.9628,-1,-1,-1
475,1468,1026.6,369.68,36.25,80.81,0.9608,-1,-1,-1
475,1467,1595.2,350.11,44.22,90.09,0.9551,-1,-1,-1
475,1535,531.13,329.34,28.83,82.76,0.8065,-1,-1,-1
475,1480,1489.0,442.58,44.44,118.81,0.7642,-1,-1,-1
476,1243,1070.67,414.42,52.9,103.4,0.9771,-1,-1,-1
476,1527,1627.36,426.38,44.55,105.43,0.9764,-1,-1,-1
476,1382,1069.14,513.21,59.27,140.14,0.9744,-1,-1,-1
476,1262,720.86,515.78,49.63,133.87,0.9742,-1,-1,-1
476,1534,1544.04,487.81,52.87,132.11,0.9735,-1,-1,-1
476,1555,1832.04,427.0,62.0,100.23,0.9727,-1,-1,-1
476,1506,779.51,413.92,41.28,112.74,0.9716,-1,-1,-1
476,1526,450.73,384.19,38.38,92.35,0.9677,-1,-1,-1
476,1466,608.43,402.38,56.77,90.68,0.9672,-1,-1,-1
476,1242,1773.89,690.75,89.25,191.8,0.9672,-1,-1,-1
476,1467,1595.77,349.06,43.72,91.67,0.966,-1,-1,-1
476,1468,1027.72,369.15,33.91,81.86,0.9559,-1,-1,-1
476,1480,1481.59,442.89,48.3,119.3,0.8992,-1,-1,-1
476,1535,526.8,327.79,27.36,84.23,0.7199,-1,-1,-1
477,1555,1821.05,426.61,71.57,99.23,0.979,-1,-1,-1
477,1527,1617.24,423.49,48.97,107.58,0.9762,-1,-1,-1
477,1534,1542.33,487.82,52.64,129.67,0.9759,-1,-1,-1
477,1382,1065.29,512.92,59.98,140.82,0.9747,-1,-1,-1
477,1243,1068.49,415.16,47.28,103.54,0.9747,-1,-1,-1
477,1506,779.38,412.96,40.58,111.53,0.9716,-1,-1,-1
477,1526,451.09,384.98,43.35,93.1,0.9712,-1,-1,-1
477,1262,719.44,513.66,48.18,136.33,0.9711,-1,-1,-1
477,1466,606.62,402.45,57.74,91.08,0.9679,-1,-1,-1
477,1467,1598.03,347.73,41.19,93.48,0.9659,-1,-1,-1
477,1468,1029.19,368.94,30.95,82.27,0.9537,-1,-1,-1
477,1480,1477.41,444.19,47.53,116.65,0.9521,-1,-1,-1
477,1242,1773.02,687.12,80.71,194.55,0.9519,-1,-1,-1
477,1535,523.38,329.78,26.92,82.81,0.8487,-1,-1,-1
477,1557,1073.36,970.72,85.47,109.28,0.7159,-1,-1,-1
478,1534,1540.98,488.63,52.37,127.12,0.9769,-1,-1,-1
478,1243,1066.16,415.36,46.26,103.54,0.9765,-1,-1,-1
478,1382,1062.78,513.04,60.91,141.4,0.9755,-1,-1,-1
478,1527,1610.83,424.02,51.85,107.04,0.9748,-1,-1,-1
478,1555,1813.46,425.13,77.56,100.71,0.9743,-1,-1,-1
478,1262,718.92,513.17,47.21,136.94,0.9719,-1,-1,-1
478,1506,779.29,412.86,39.88,111.07,0.9711,-1,-1,-1
478,1466,605.39,401.82,58.97,92.79,0.9685,-1,-1,-1
478,1526,450.8,385.52,45.32,91.93,0.9679,-1,-1,-1
478,1467,1597.74,348.04,41.06,92.56,0.9668,-1,-1,-1
478,1242,1771.2,688.91,77.89,190.9,0.9544,-1,-1,-1
478,1480,1477.03,444.75,45.2,116.15,0.9527,-1,-1,-1
478,1468,1029.36,368.7,30.06,83.01,0.9525,-1,-1,-1
478,1535,520.96,329.51,28.02,83.02,0.8591,-1,-1,-1
478,1557,1070.55,972.9,85.03,107.1,0.8418,-1,-1,-1
479,1555,1797.86,422.99,85.97,100.15,0.9749,-1,-1,-1
479,1382,1059.49,514.26,61.0,139.64,0.9748,-1,-1,-1
479,1243,1063.03,414.1,44.98,103.92,0.9737,-1,-1,-1
479,1527,1600.81,422.66,54.98,103.53,0.9735,-1,-1,-1
479,1262,717.58,512.12,45.98,137.07,0.9727,-1,-1,-1
479,1534,1537.83,489.16,52.74,125.17,0.9726,-1,-1,-1
479,1526,451.33,384.49,50.04,93.78,0.9716,-1,-1,-1
479,1467,1595.2,348.12,43.29,92.39,0.97,-1,-1,-1
479,1466,605.89,400.3,57.49,93.23,0.97,-1,-1,-1
479,1506,778.23,414.38,39.39,105.05,0.9689,-1,-1,-1
479,1480,1474.94,444.66,43.57,116.48,0.959,-1,-1,-1
479,1242,1769.68,690.69,73.44,187.14,0.956,-1,-1,-1
479,1468,1027.72,366.94,30.64,84.54,0.9443,-1,-1,-1
479,1535,517.09,328.96,26.93,83.69,0.8192,-1,-1,-1
479,1557,1062.4,971.0,88.91,109.0,0.8007,-1,-1,-1
480,1555,1787.86,422.32,84.45,99.65,0.978,-1,-1,-1
480,1382,1056.58,515.76,61.13,137.5,0.975,-1,-1,-1
480,1480,1469.52,444.2,45.08,115.99,0.9742,-1,-1,-1
480,1534,1535.39,490.19,51.98,124.36,0.973,-1,-1,-1
480,1262,716.44,510.94,44.6,138.3,0.973,-1,-1,-1
480,1526,452.9,382.06,50.14,95.23,0.9719,-1,-1,-1
480,1506,774.77,413.76,41.03,107.4,0.9698,-1,-1,-1
480,1466,605.62,399.54,56.53,92.05,0.9689,-1,-1,-1
480,1243,1058.74,411.06,44.61,104.52,0.9686,-1,-1,-1
480,1467,1593.08,348.25,45.44,88.16,0.968,-1,-1,-1
480,1527,1592.73,423.59,55.8,98.57,0.9671,-1,-1,-1
480,1468,1025.33,366.75,30.61,84.81,0.953,-1,-1,-1
480,1242,1765.08,690.02,74.01,188.2,0.9522,-1,-1,-1
480,1557,1055.41,973.46,88.26,106.27,0.9088,-1,-1,-1
480,1535,511.58,330.08,29.45,82.78,0.8808,-1,-1,-1
481,1480,1467.34,443.78,44.68,116.25,0.9752,-1,-1,-1
481,1262,715.68,509.5,44.35,141.3,0.9737,-1,-1,-1
481,1382,1054.68,514.47,60.47,139.08,0.9721,-1,-1,-1
481,1526,453.5,380.63,49.92,96.06,0.972,-1,-1,-1
481,1527,1586.95,420.68,58.58,101.28,0.9717,-1,-1,-1
481,1555,1781.74,422.95,82.66,99.26,0.9716,-1,-1,-1
481,1243,1057.27,410.0,43.75,104.99,0.9703,-1,-1,-1
481,1467,1592.68,348.13,45.23,88.56,0.9701,-1,-1,-1
481,1534,1533.92,489.65,51.06,125.08,0.9691,-1,-1,-1
481,1466,605.99,397.69,55.88,94.73,0.969,-1,-1,-1
481,1506,773.33,414.18,41.46,106.45,0.9653,-1,-1,-1
481,1468,1024.34,366.85,30.79,84.99,0.954,-1,-1,-1
481,1242,1763.3,689.92,73.53,187.95,0.9515,-1,-1,-1
481,1557,1049.99,973.99,91.18,105.89,0.9379,-1,-1,-1
481,1535,509.37,330.05,29.51,82.97,0.8626,-1,-1,-1
482,1262,713.41,508.35,44.81,141.21,0.9762,-1,-1,-1
482,1534,1531.45,487.61,49.62,126.91,0.9761,-1,-1,-1
482,1480,1462.08,442.69,44.25,115.46,0.9755,-1,-1,-1
482,1527,1577.45,418.27,54.94,105.44,0.9749,-1,-1,-1
482,1243,1053.38,407.91,42.9,108.55,0.9724,-1,-1,-1
482,1526,453.46,376.42,50.76,99.18,0.9705,-1,-1,-1
482,1555,1770.11,422.8,75.15,100.87,0.9698,-1,-1,-1
482,1467,1592.64,349.28,43.28,90.01,0.9691,-1,-1,-1
482,1466,606.67,398.0,53.5,93.19,0.9687,-1,-1,-1
482,1382,1050.53,514.32,60.26,140.2,0.9681,-1,-1,-1
482,1242,1760.79,688.64,70.47,187.85,0.9518,-1,-1,-1
482,1557,1042.75,975.19,95.03,104.81,0.9516,-1,-1,-1
482,1468,1022.51,366.92,31.17,84.82,0.9493,-1,-1,-1
482,1506,772.81,414.17,39.59,106.21,0.925,-1,-1,-1
482,1535,504.96,329.56,29.27,83.07,0.8067,-1,-1,-1
483,1534,1529.95,484.38,47.34,129.23,0.9775,-1,-1,-1
483,1527,1570.61,418.55,46.24,104.24,0.9759,-1,-1,-1
483,1262,710.48,508.0,46.29,139.71,0.9755,-1,-1,-1
483,1480,1457.55,440.99,43.03,116.2,0.9724,-1,-1,-1
483,1382,1047.76,514.54,59.45,138.8,0.9709,-1,-1,-1
483,1243,1045.74,406.91,44.54,105.16,0.9691,-1,-1,-1
483,1526,453.66,375.58,49.94,99.86,0.9684,-1,-1,-1
483,1466,607.32,395.84,48.64,94.34,0.9673,-1,-1,-1
483,1555,1759.19,420.37,62.28,102.03,0.9645,-1,-1,-1
483,1467,1590.59,348.54,41.61,91.53,0.9608,-1,-1,-1
483,1506,773.55,413.0,37.24,106.55,0.956,-1,-1,-1
483,1468,1020.06,370.33,32.57,82.33,0.9513,-1,-1,-1
483,1242,1755.9,688.6,69.5,187.9,0.9503,-1,-1,-1
483,1557,1036.0,973.55,95.88,106.45,0.893,-1,-1,-1
483,1535,500.29,330.51,29.09,82.14,0.3404,-1,-1,-1
484,1534,1529.1,482.22,46.16,130.8,0.9778,-1,-1,-1
484,1527,1567.68,416.79,43.09,106.46,0.9758,-1,-1,-1
484,1262,708.99,509.87,47.54,137.21,0.9736,-1,-1,-1
484,1382,1046.48,513.76,59.12,139.46,0.9729,-1,-1,-1
484,1555,1754.81,420.02,51.54,101.7,0.9715,-1,-1,-1
484,1480,1454.91,439.9,41.94,117.44,0.9703,-1,-1,-1
484,1243,1043.84,406.93,43.38,104.36,0.9693,-1,-1,-1
484,1466,607.57,394.96,46.6,94.64,0.9662,-1,-1,-1
484,1467,1590.12,347.61,43.2,91.3,0.9661,-1,-1,-1
484,1526,454.9,374.74,46.68,100.21,0.9594,-1,-1,-1
484,1506,773.76,411.82,36.64,106.98,0.9565,-1,-1,-1
484,1468,1019.28,371.32,32.05,81.71,0.9563,-1,-1,-1
484,1242,1752.22,687.64,71.06,190.07,0.9445,-1,-1,-1
484,1557,1032.64,971.85,96.68,108.15,0.8826,-1,-1,-1
484,1535,497.14,330.0,31.06,82.42,0.6101,-1,-1,-1
485,1534,1527.45,477.61,45.58,134.39,0.9773,-1,-1,-1
485,1382,1043.61,511.29,57.83,141.75,0.9754,-1,-1,-1
485,1262,706.16,510.99,49.05,135.07,0.9751,-1,-1,-1
485,1555,1742.75,417.47,56.63,102.13,0.9743,-1,-1,-1
485,1243,1038.15,406.27,43.06,104.32,0.9655,-1,-1,-1
485,1527,1560.44,414.8,42.64,106.84,0.9622,-1,-1,-1
485,1466,609.5,393.57,40.83,95.36,0.9602,-1,-1,-1
485,1468,1016.68,374.27,33.79,77.93,0.9594,-1,-1,-1
485,1467,1590.26,348.35,38.2,89.94,0.9588,-1,-1,-1
485,1480,1449.78,438.71,43.13,118.4,0.9576,-1,-1,-1
485,1506,773.81,408.71,35.62,110.61,0.9523,-1,-1,-1
485,1242,1745.64,690.32,73.56,187.16,0.9501,-1,-1,-1
485,1526,459.12,375.02,41.6,100.05,0.9396,-1,-1,-1
485,1557,1027.99,971.45,93.36,108.29,0.91,-1,-1,-1
486,1534,1525.59,475.7,44.4,136.06,0.9761,-1,-1,-1
486,1527,1551.37,410.56,48.1,110.66,0.976,-1,-1,-1
486,1262,704.09,511.08,50.29,133.12,0.9744,-1,-1,-1
486,1555,1730.18,414.82,63.01,106.09,0.9738,-1,-1,-1
486,1382,1043.69,511.15,54.1,140.08,0.9735,-1,-1,-1
486,1480,1444.15,436.92,44.94,122.71,0.9684,-1,-1,-1
486,1466,607.83,391.05,39.56,96.73,0.9631,-1,-1,-1
486,1243,1032.68,408.13,42.22,102.54,0.9622,-1,-1,-1
486,1506,772.48,407.29,36.4,110.05,0.9619,-1,-1,-1
486,1526,461.35,375.81,40.58,96.98,0.9574,-1,-1,-1
486,1468,1013.11,377.49,34.57,73.14,0.9474,-1,-1,-1
486,1467,1589.29,347.53,35.78,88.68,0.9454,-1,-1,-1
486,1242,1743.1,690.73,70.46,186.25,0.9429,-1,-1,-1
486,1557,1020.57,967.28,97.73,112.72,0.847,-1,-1,-1
486,1535,484.38,329.78,34.56,81.7,0.609,-1,-1,-1
487,1555,1725.39,413.61,63.66,105.91,0.9772,-1,-1,-1
487,1534,1524.36,475.59,44.75,135.3,0.977,-1,-1,-1
487,1527,1546.72,409.61,50.1,109.59,0.9766,-1,-1,-1
487,1262,702.93,510.45,51.04,133.54,0.9748,-1,-1,-1
487,1382,1042.77,510.02,53.13,139.63,0.9728,-1,-1,-1
487,1506,771.83,406.76,37.0,109.34,0.9658,-1,-1,-1
487,1526,462.5,375.88,39.87,97.7,0.9619,-1,-1,-1
487,1466,607.09,388.78,38.43,98.54,0.9614,-1,-1,-1
487,1467,1587.59,347.81,35.33,88.45,0.96,-1,-1,-1
487,1243,1031.52,409.23,39.88,98.36,0.954,-1,-1,-1
487,1480,1442.2,437.23,45.06,121.92,0.951,-1,-1,-1
487,1242,1742.45,690.81,68.64,185.74,0.9414,-1,-1,-1
487,1468,1011.78,378.3,33.93,72.6,0.9399,-1,-1,-1
487,1557,1017.79,965.65,99.18,114.35,0.8278,-1,-1,-1
487,1535,482.39,335.14,34.53,79.2,0.3491,-1,-1,-1
488,1534,1521.52,475.12,46.44,132.91,0.9776,-1,-1,-1
488,1555,1712.94,411.22,65.18,101.6,0.9774,-1,-1,-1
488,1527,1536.64,408.26,51.56,102.79,0.9737,-1,-1,-1
488,1382,1041.67,508.91,51.47,138.59,0.9736,-1,-1,-1
488,1262,700.18,508.86,51.5,135.06,0.973,-1,-1,-1
488,1506,770.81,406.35,38.17,106.13,0.9704,-1,-1,-1
488,1467,1587.56,347.49,35.01,89.72,0.9603,-1,-1,-1
488,1526,462.98,374.97,38.59,99.5,0.958,-1,-1,-1
488,1242,1740.07,690.9,65.15,183.76,0.949,-1,-1,-1
488,1466,606.63,386.3,36.43,99.09,0.9478,-1,-1,-1
488,1468,1008.15,380.75,35.23,70.4,0.9359,-1,-1,-1
488,1243,1026.2,410.2,38.14,96.85,0.9246,-1,-1,-1
488,1480,1437.38,436.86,45.48,120.24,0.9025,-1,-1,-1
488,1557,1012.69,964.75,94.63,115.25,0.9025,-1,-1,-1
488,1559,496.39,371.9,14.39,39.25,0.5175,-1,-1,-1
488,1535,478.93,337.98,33.06,77.2,0.3349,-1,-1,-1
489,1534,1516.88,476.54,49.02,130.05,0.9776,-1,-1,-1
489,1382,1040.78,508.22,50.13,139.75,0.9761,-1,-1,-1
489,1262,697.48,506.3,52.21,137.83,0.9739,-1,-1,-1
489,1555,1702.58,410.85,63.7,101.4,0.9731,-1,-1,-1
489,1506,769.25,406.59,41.72,105.57,0.972,-1,-1,-1
489,1527,1525.57,407.85,48.62,94.24,0.9705,-1,-1,-1
489,1467,1586.22,349.32,35.69,87.82,0.9622,-1,-1,-1
489,1526,463.12,374.46,38.94,99.36,0.9554,-1,-1,-1
489,1242,1739.8,687.37,62.52,189.31,0.9498,-1,-1,-1
489,1466,605.68,384.63,35.44,101.61,0.9443,-1,-1,-1
489,1480,1432.12,438.15,46.89,120.46,0.938,-1,-1,-1
489,1468,1006.73,380.96,32.35,69.16,0.9342,-1,-1,-1
489,1243,1018.92,430.42,37.3,79.03,0.9291,-1,-1,-1
489,1557,1008.53,961.83,88.07,118.17,0.8714,-1,-1,-1
490,1382,1040.48,508.03,49.1,140.28,0.977,-1,-1,-1
490,1534,1515.9,476.95,48.82,129.13,0.9767,-1,-1,-1
490,1262,696.22,505.26,52.32,139.7,0.9738,-1,-1,-1
490,1506,769.15,407.13,42.24,105.62,0.9722,-1,-1,-1
490,1527,1520.7,408.11,46.4,91.06,0.9711,-1,-1,-1
490,1555,1696.82,409.97,67.01,102.96,0.969,-1,-1,-1
490,1467,1584.75,349.56,37.85,88.1,0.9641,-1,-1,-1
490,1526,461.94,374.93,39.09,99.8,0.9528,-1,-1,-1
490,1242,1738.09,687.17,61.39,189.45,0.949,-1,-1,-1
490,1466,604.99,384.05,35.5,101.59,0.9471,-1,-1,-1
490,1468,1005.88,380.81,31.2,68.86,0.9334,-1,-1,-1
490,1243,1017.62,426.47,37.12,83.28,0.9185,-1,-1,-1
490,1480,1430.14,438.47,46.92,119.14,0.8071,-1,-1,-1
490,1557,1005.08,960.52,88.71,119.48,0.7984,-1,-1,-1
490,1560,1025.13,406.07,34.38,52.01,0.6091,-1,-1,-1
491,1382,1039.76,507.99,47.01,140.16,0.9774,-1,-1,-1
491,1534,1514.13,478.25,48.96,127.15,0.9724,-1,-1,-1
491,1262,694.0,503.61,51.24,141.81,0.9701,-1,-1,-1
491,1506,770.99,407.59,41.83,105.74,0.97,-1,-1,-1
491,1555,1687.16,410.33,44.19,102.98,0.9695,-1,-1,-1
491,1527,1511.6,408.65,44.62,90.51,0.9679,-1,-1,-1
491,1467,1583.38,355.87,40.27,82.04,0.9534,-1,-1,-1
491,1243,1013.91,403.95,39.77,105.33,0.9527,-1,-1,-1
491,1526,462.17,376.44,39.27,97.68,0.9502,-1,-1,-1
491,1242,1732.35,688.57,61.68,184.78,0.947,-1,-1,-1
491,1480,1425.4,439.53,46.93,116.16,0.9268,-1,-1,-1
491,1466,603.67,392.7,35.46,90.74,0.9197,-1,-1,-1
491,1468,1003.43,379.69,30.53,69.62,0.9126,-1,-1,-1
491,1557,999.65,956.98,86.01,123.02,0.7725,-1,-1,-1
492,1382,1037.3,508.31,46.65,139.76,0.9759,-1,-1,-1
492,1262,691.26,503.95,52.13,141.15,0.9718,-1,-1,-1
492,1527,1501.93,407.9,48.52,95.56,0.9711,-1,-1,-1
492,1466,599.31,382.46,39.2,100.63,0.971,-1,-1,-1
492,1506,770.36,407.18,43.35,106.17,0.9695,-1,-1,-1
492,1555,1675.62,408.76,38.22,103.59,0.968,-1,-1,-1
492,1243,1009.33,399.87,41.73,109.66,0.966,-1,-1,-1
492,1467,1578.45,354.21,42.4,84.5,0.9615,-1,-1,-1
492,1534,1510.39,478.34,50.96,127.8,0.9596,-1,-1,-1
492,1242,1726.73,682.49,64.51,191.19,0.9565,-1,-1,-1
492,1526,462.53,375.05,40.09,98.8,0.9552,-1,-1,-1
492,1480,1420.97,440.46,47.53,117.65,0.9388,-1,-1,-1
492,1468,999.2,376.1,30.93,75.03,0.8923,-1,-1,-1
492,1557,995.58,950.81,82.23,129.19,0.3987,-1,-1,-1
493,1382,1036.02,508.59,46.88,139.95,0.975,-1,-1,-1
493,1262,689.79,504.29,51.9,140.51,0.9739,-1,-1,-1
493,1527,1498.14,407.47,48.62,94.81,0.9724,-1,-1,-1
493,1555,1670.14,407.47,40.08,104.16,0.9702,-1,-1,-1
493,1466,598.02,383.1,40.33,100.03,0.9699,-1,-1,-1
493,1506,769.79,406.66,42.87,106.21,0.9693,-1,-1,-1
493,1480,1419.0,439.26,47.46,120.38,0.9662,-1,-1,-1
493,1243,1006.66,400.68,42.08,109.95,0.9649,-1,-1,-1
493,1467,1575.65,354.86,44.06,84.44,0.9636,-1,-1,-1
493,1526,462.46,374.35,40.93,99.38,0.962,-1,-1,-1
493,1534,1508.81,477.88,51.32,128.97,0.961,-1,-1,-1
493,1242,1723.17,682.21,64.41,189.84,0.9521,-1,-1,-1
493,1468,997.73,375.14,30.06,78.05,0.8994,-1,-1,-1
493,1563,1409.41,329.01,40.94,71.4,0.4019,-1,-1,-1
494,1534,1506.93,476.01,51.72,131.32,0.9755,-1,-1,-1
494,1527,1491.37,404.8,49.07,95.93,0.9735,-1,-1,-1
494,1262,686.96,504.78,51.93,140.42,0.9734,-1,-1,-1
494,1555,1657.02,404.24,49.74,109.12,0.9721,-1,-1,-1
494,1466,595.89,386.53,41.82,97.82,0.9713,-1,-1,-1
494,1382,1033.71,509.27,46.3,138.98,0.9703,-1,-1,-1
494,1467,1569.86,358.41,47.02,80.94,0.9683,-1,-1,-1
494,1506,770.18,405.41,42.55,106.8,0.968,-1,-1,-1
494,1243,1003.6,400.19,41.4,107.22,0.9663,-1,-1,-1
494,1526,462.54,377.05,41.07,97.11,0.9632,-1,-1,-1
494,1242,1716.15,682.45,66.02,187.46,0.9555,-1,-1,-1
494,1480,1414.37,441.15,48.14,116.77,0.9554,-1,-1,-1
494,1468,995.47,375.15,29.95,60.98,0.6586,-1,-1,-1
495,1534,1504.02,473.41,51.98,133.46,0.9792,-1,-1,-1
495,1527,1483.04,402.87,48.79,98.2,0.9744,-1,-1,-1
495,1480,1410.8,440.35,47.06,115.59,0.9735,-1,-1,-1
495,1555,1640.31,402.32,62.6,110.85,0.9735,-1,-1,-1
495,1262,683.9,505.57,51.98,137.59,0.9724,-1,-1,-1
495,1466,594.31,390.83,46.78,95.2,0.9717,-1,-1,-1
495,1382,1031.89,510.62,45.49,138.72,0.9698,-1,-1,-1
495,1467,1565.08,357.34,49.45,81.85,0.9692,-1,-1,-1
495,1243,1000.47,403.39,41.03,101.6,0.9683,-1,-1,-1
495,1506,770.27,403.76,41.93,109.81,0.9672,-1,-1,-1
495,1242,1708.62,680.63,68.78,190.13,0.9615,-1,-1,-1
495,1526,464.95,381.05,38.63,92.83,0.9603,-1,-1,-1
495,1468,993.26,372.66,33.69,54.03,0.833,-1,-1,-1
496,1534,1503.23,472.31,51.45,134.98,0.9782,-1,-1,-1
496,1480,1409.1,440.19,46.34,115.58,0.9757,-1,-1,-1
496,1527,1478.67,402.49,48.86,100.12,0.974,-1,-1,-1
496,1467,1562.9,356.87,50.38,82.66,0.9739,-1,-1,-1
496,1382,1030.47,511.14,45.57,137.25,0.9725,-1,-1,-1
496,1466,593.53,392.93,51.96,93.71,0.9725,-1,-1,-1
496,1262,682.14,505.87,52.69,136.79,0.9723,-1,-1,-1
496,1555,1631.22,401.75,69.73,108.83,0.9707,-1,-1,-1
496,1506,770.41,403.33,41.63,109.41,0.9682,-1,-1,-1
496,1243,999.7,404.83,40.58,100.87,0.9672,-1,-1,-1
496,1242,1705.46,679.58,70.75,192.51,0.9585,-1,-1,-1
496,1526,465.72,381.33,37.39,91.87,0.9478,-1,-1,-1
496,1468,992.6,371.89,34.22,53.43,0.8557,-1,-1,-1
496,1563,1407.48,345.16,30.42,53.36,0.6907,-1,-1,-1
497,1555,1615.13,401.17,77.29,105.3,0.9772,-1,-1,-1
497,1534,1502.26,470.34,51.03,136.31,0.9769,-1,-1,-1
497,1527,1467.84,401.54,51.45,102.24,0.9747,-1,-1,-1
497,1466,592.34,392.63,56.29,95.09,0.9741,-1,-1,-1
497,1382,1028.57,511.08,45.86,137.78,0.9738,-1,-1,-1
497,1262,679.29,506.51,52.98,134.57,0.9729,-1,-1,-1
497,1480,1406.77,439.01,44.32,116.6,0.9713,-1,-1,-1
497,1506,770.82,403.11,41.51,108.67,0.9691,-1,-1,-1
497,1243,997.08,407.67,40.17,98.22,0.9627,-1,-1,-1
497,1242,1700.38,682.82,72.71,190.72,0.953,-1,-1,-1
497,1467,1559.1,356.82,50.19,82.69,0.9493,-1,-1,-1
497,1526,467.88,380.87,36.03,92.16,0.9407,-1,-1,-1
497,1468,990.99,372.53,39.17,67.82,0.8949,-1,-1,-1
497,1535,435.67,332.27,36.3,82.26,0.8364,-1,-1,-1
498,1534,1500.24,468.62,51.86,138.08,0.9766,-1,-1,-1
498,1527,1459.69,401.78,49.93,100.38,0.9761,-1,-1,-1
498,1466,591.81,393.15,56.81,93.12,0.9753,-1,-1,-1
498,1382,1026.72,510.03,45.79,139.13,0.9752,-1,-1,-1
498,1262,677.41,507.08,52.3,134.3,0.9744,-1,-1,-1
498,1480,1402.6,438.25,43.85,117.72,0.9737,-1,-1,-1
498,1506,772.01,404.22,39.96,104.27,0.969,-1,-1,-1
498,1467,1554.08,356.62,52.17,81.63,0.9689,-1,-1,-1
498,1555,1606.92,401.64,68.13,107.15,0.9685,-1,-1,-1
498,1243,993.81,405.34,39.78,100.8,0.9662,-1,-1,-1
498,1526,469.45,382.12,36.43,91.46,0.9534,-1,-1,-1
498,1242,1694.1,682.85,77.2,192.66,0.9479,-1,-1,-1
498,1468,989.91,373.31,42.22,60.15,0.8469,-1,-1,-1
498,1535,431.72,332.62,37.33,82.97,0.7939,-1,-1,-1
499,1534,1499.45,468.36,51.79,138.01,0.977,-1,-1,-1
499,1527,1455.87,401.99,48.79,101.01,0.977,-1,-1,-1
499,1382,1025.7,509.58,45.98,138.83,0.9764,-1,-1,-1
499,1466,591.41,392.8,58.37,92.54,0.9751,-1,-1,-1
499,1262,676.13,506.01,52.33,135.67,0.9732,-1,-1,-1
499,1480,1401.37,438.16,43.06,117.93,0.9713,-1,-1,-1
499,1467,1552.31,356.86,52.27,81.27,0.97,-1,-1,-1
499,1243,992.45,404.99,39.91,100.8,0.97,-1,-1,-1
499,1506,772.23,404.86,39.4,104.81,0.9682,-1,-1,-1
499,1555,1607.74,401.53,60.09,107.44,0.9666,-1,-1,-1
499,1526,471.09,382.91,35.29,91.67,0.9543,-1,-1,-1
499,1242,1690.36,683.86,80.08,192.36,0.9399,-1,-1,-1
499,1468,988.75,373.39,42.14,59.71,0.8508,-1,-1,-1
499,1535,430.21,330.57,36.58,85.26,0.7281,-1,-1,-1
500,1466,583.97,392.39,66.51,91.84,0.9774,-1,-1,-1
500,1527,1448.64,403.47,45.62,101.14,0.9764,-1,-1,-1
500,1534,1497.02,469.2,52.9,135.7,0.9761,-1,-1,-1
500,1382,1024.22,508.58,45.53,140.8,0.9759,-1,-1,-1
500,1262,675.14,505.4,50.45,137.18,0.9741,-1,-1,-1
500,1506,771.75,405.95,39.5,104.45,0.9686,-1,-1,-1
500,1243,989.83,405.48,40.0,99.14,0.9663,-1,-1,-1
500,1555,1601.37,401.8,43.01,106.35,0.9663,-1,-1,-1
500,1467,1549.33,358.56,49.19,79.57,0.9652,-1,-1,-1
500,1526,471.64,381.54,36.59,92.06,0.9583,-1,-1,-1
500,1480,1398.07,438.41,42.65,118.5,0.9296,-1,-1,-1
500,1242,1685.96,686.3,82.65,191.05,0.9278,-1,-1,-1
500,1535,426.08,328.19,38.19,87.77,0.8714,-1,-1,-1
500,1468,988.07,375.24,39.65,53.57,0.7814,-1,-1,-1
501,1534,1496.32,471.75,51.85,130.47,0.9762,-1,-1,-1
501,1466,581.83,393.12,67.4,90.04,0.9754,-1,-1,-1
501,1262,672.8,503.77,49.56,138.57,0.9748,-1,-1,-1
501,1382,1022.6,508.9,45.44,138.85,0.9748,-1,-1,-1
501,1467,1544.38,357.84,47.66,80.25,0.9711,-1,-1,-1
501,1527,1441.52,403.49,41.07,102.56,0.9691,-1,-1,-1
501,1506,771.69,406.18,38.9,104.42,0.968,-1,-1,-1
501,1242,1679.97,684.46,87.73,192.91,0.9657,-1,-1,-1
501,1243,987.84,401.87,39.44,103.98,0.9648,-1,-1,-1
501,1526,470.7,381.05,36.03,90.83,0.9561,-1,-1,-1
501,1555,1593.01,400.59,35.67,105.99,0.9284,-1,-1,-1
501,1468,986.0,375.22,43.4,66.79,0.8821,-1,-1,-1
501,1535,421.42,331.71,36.03,84.77,0.7841,-1,-1,-1
501,1480,1395.1,436.76,41.87,119.62,0.7753,-1,-1,-1
502,1534,1496.05,472.99,51.51,128.6,0.9762,-1,-1,-1
502,1382,1020.98,508.84,46.19,139.64,0.9749,-1,-1,-1
502,1262,671.61,503.34,49.0,139.02,0.9718,-1,-1,-1
502,1466,579.01,393.91,68.91,88.64,0.9716,-1,-1,-1
502,1467,1542.38,357.24,46.52,79.25,0.9704,-1,-1,-1
502,1527,1439.08,402.87,39.37,102.26,0.9692,-1,-1,-1
502,1242,1678.04,683.56,87.77,194.7,0.9682,-1,-1,-1
502,1243,986.76,402.47,39.43,102.85,0.9655,-1,-1,-1
502,1506,772.58,405.84,38.34,105.08,0.9653,-1,-1,-1
502,1555,1586.73,400.22,37.41,105.22,0.9602,-1,-1,-1
502,1526,470.25,381.16,35.98,90.75,0.9466,-1,-1,-1
502,1480,1392.84,437.45,42.8,118.77,0.9415,-1,-1,-1
502,1468,985.5,375.2,42.93,67.61,0.9143,-1,-1,-1
502,1535,419.24,333.29,36.14,83.71,0.7939,-1,-1,-1
503,1382,1017.96,508.48,48.28,140.42,0.977,-1,-1,-1
503,1534,1495.93,474.31,50.56,127.2,0.9767,-1,-1,-1
503,1262,669.09,503.7,48.39,138.32,0.9732,-1,-1,-1
503,1242,1677.26,685.95,84.8,192.17,0.9679,-1,-1,-1
503,1555,1576.19,398.24,39.01,108.61,0.9668,-1,-1,-1
503,1243,984.15,395.5,40.62,109.98,0.9664,-1,-1,-1
503,1466,580.53,393.83,60.78,89.51,0.966,-1,-1,-1
503,1526,467.38,380.4,42.1,89.14,0.9642,-1,-1,-1
503,1467,1537.7,357.53,50.0,75.38,0.9568,-1,-1,-1
503,1506,773.87,405.71,36.04,105.2,0.9552,-1,-1,-1
503,1468,985.04,377.03,42.1,66.02,0.9314,-1,-1,-1
503,1480,1387.02,439.05,43.79,118.85,0.9313,-1,-1,-1
503,1527,1432.34,399.49,35.44,105.04,0.9306,-1,-1,-1
503,1535,416.12,336.76,33.45,80.72,0.7246,-1,-1,-1
504,1534,1495.34,474.82,49.48,128.21,0.9768,-1,-1,-1
504,1382,1014.65,507.84,50.55,141.32,0.9762,-1,-1,-1
504,1262,665.25,505.22,49.53,138.07,0.9737,-1,-1,-1
504,1555,1564.66,394.5,42.95,110.21,0.971,-1,-1,-1
504,1466,585.34,393.41,49.98,89.6,0.9692,-1,-1,-1
504,1526,461.49,376.17,53.88,92.27,0.9692,-1,-1,-1
504,1242,1668.94,681.11,92.17,201.32,0.968,-1,-1,-1
504,1467,1531.3,355.58,55.09,74.48,0.9647,-1,-1,-1
504,1243,982.42,396.67,39.98,107.42,0.962,-1,-1,-1
504,1468,981.24,377.28,42.96,65.79,0.9522,-1,-1,-1
504,1506,774.31,404.44,35.84,107.22,0.951,-1,-1,-1
504,1527,1425.66,396.84,33.72,107.33,0.9457,-1,-1,-1
504,1564,1342.18,335.71,46.08,68.49,0.4746,-1,-1,-1
504,1535,412.56,336.58,32.43,81.57,0.3431,-1,-1,-1
505,1534,1494.59,474.74,49.41,129.24,0.9764,-1,-1,-1
505,1262,664.26,504.45,49.78,140.09,0.9738,-1,-1,-1
505,1382,1011.97,507.9,52.37,142.15,0.9736,-1,-1,-1
505,1555,1558.77,396.56,43.83,103.83,0.9725,-1,-1,-1
505,1466,587.99,392.68,45.36,90.0,0.9678,-1,-1,-1
505,1526,458.87,375.27,57.64,93.18,0.9671,-1,-1,-1
505,1242,1666.8,681.68,93.05,200.11,0.9653,-1,-1,-1
505,1467,1528.17,355.27,56.78,75.64,0.9636,-1,-1,-1
505,1243,981.71,399.8,39.67,103.77,0.9623,-1,-1,-1
505,1506,773.45,403.59,37.27,108.44,0.9621,-1,-1,-1
505,1527,1420.67,396.34,35.03,107.04,0.9477,-1,-1,-1
505,1468,980.61,376.19,42.64,69.38,0.9467,-1,-1,-1
505,1564,1337.52,338.84,48.78,66.75,0.7359,-1,-1,-1
505,1480,1379.48,441.2,46.0,118.27,0.6001,-1,-1,-1
505,1535,409.01,333.02,34.14,86.09,0.5591,-1,-1,-1
506,1534,1493.75,473.43,47.31,131.18,0.9768,-1,-1,-1
506,1555,1544.89,398.47,49.65,98.74,0.9739,-1,-1,-1
506,1382,1008.62,508.5,53.55,142.56,0.9732,-1,-1,-1
506,1262,660.64,505.96,51.95,137.41,0.9716,-1,-1,-1
506,1243,979.1,401.28,40.43,102.42,0.9696,-1,-1,-1
506,1526,454.78,376.82,60.95,92.47,0.9674,-1,-1,-1
506,1506,772.47,402.9,39.36,107.78,0.9655,-1,-1,-1
506,1467,1525.57,355.47,50.08,74.12,0.9637,-1,-1,-1
506,1480,1374.98,442.13,46.31,116.57,0.962,-1,-1,-1
506,1242,1663.18,682.73,89.94,197.01,0.9591,-1,-1,-1
506,1466,595.75,392.2,34.55,91.43,0.954,-1,-1,-1
506,1527,1414.07,397.11,34.98,100.32,0.9437,-1,-1,-1
506,1468,979.61,373.1,41.98,73.7,0.9299,-1,-1,-1
506,1557,918.64,963.36,79.68,116.23,0.3414,-1,-1,-1
506,1535,405.53,332.96,33.45,86.25,0.3185,-1,-1,-1
507,1534,1491.64,471.79,46.22,132.87,0.9755,-1,-1,-1
507,1382,1004.98,508.39,55.32,143.95,0.9706,-1,-1,-1
507,1262,657.8,506.96,53.32,135.52,0.9705,-1,-1,-1
507,1243,977.42,404.34,40.0,99.97,0.9691,-1,-1,-1
507,1555,1535.15,400.17,50.15,98.03,0.969,-1,-1,-1
507,1506,771.76,402.53,41.62,105.79,0.9664,-1,-1,-1
507,1527,1405.79,398.27,37.12,93.67,0.9606,-1,-1,-1
507,1526,455.31,382.25,55.3,86.28,0.9574,-1,-1,-1
507,1467,1521.53,356.15,40.66,72.53,0.9512,-1,-1,-1
507,1466,595.42,391.24,31.56,90.42,0.9486,-1,-1,-1
507,1242,1667.49,682.12,75.64,193.13,0.9128,-1,-1,-1
507,1468,977.35,370.65,42.24,77.66,0.9026,-1,-1,-1
507,1480,1372.71,443.23,44.21,117.14,0.8875,-1,-1,-1
507,1535,402.43,331.73,32.18,88.05,0.7034,-1,-1,-1
507,1557,904.3,947.93,89.59,132.07,0.6461,-1,-1,-1
508,1534,1490.96,470.34,45.43,134.29,0.974,-1,-1,-1
508,1555,1532.32,401.93,47.47,98.59,0.9716,-1,-1,-1
508,1506,771.19,401.83,43.61,106.27,0.9713,-1,-1,-1
508,1262,656.16,506.28,53.79,136.41,0.9713,-1,-1,-1
508,1243,976.5,405.31,39.54,98.58,0.9659,-1,-1,-1
508,1382,1002.75,508.97,56.87,144.16,0.9658,-1,-1,-1
508,1242,1661.45,679.78,82.34,190.1,0.9608,-1,-1,-1
508,1526,458.79,381.84,51.33,87.96,0.9514,-1,-1,-1
508,1527,1402.24,398.49,37.61,90.11,0.9509,-1,-1,-1
508,1466,594.63,391.58,30.2,88.58,0.9507,-1,-1,-1
508,1467,1519.75,356.91,38.51,69.16,0.9376,-1,-1,-1
508,1468,976.03,371.58,43.44,80.08,0.9105,-1,-1,-1
508,1480,1371.57,443.33,43.99,116.83,0.8551,-1,-1,-1
508,1535,399.29,334.86,33.52,85.28,0.8206,-1,-1,-1
508,1557,899.8,952.81,91.56,127.19,0.8108,-1,-1,-1
508,1565,1324.57,343.64,23.91,66.41,0.5504,-1,-1,-1
509,1382,999.47,509.76,57.2,142.73,0.9759,-1,-1,-1
509,1506,771.55,402.54,46.39,106.33,0.974,-1,-1,-1
509,1262,654.13,506.36,53.36,135.74,0.9725,-1,-1,-1
509,1480,1368.8,442.31,42.65,116.59,0.9711,-1,-1,-1
509,1534,1488.23,469.78,43.91,133.32,0.9691,-1,-1,-1
509,1243,974.81,404.37,39.19,99.84,0.9672,-1,-1,-1
509,1555,1528.67,401.71,39.02,99.67,0.9643,-1,-1,-1
509,1242,1657.8,679.37,76.34,190.37,0.9569,-1,-1,-1
509,1527,1393.0,396.7,38.33,88.3,0.9569,-1,-1,-1
509,1466,591.74,389.94,31.47,87.97,0.9523,-1,-1,-1
509,1468,975.57,368.97,41.75,81.34,0.9283,-1,-1,-1
509,1467,1513.43,358.7,42.32,65.93,0.9154,-1,-1,-1
509,1557,893.07,958.75,91.29,121.25,0.8778,-1,-1,-1
509,1526,463.9,383.8,46.58,85.7,0.8542,-1,-1,-1
509,1535,395.47,331.48,34.5,89.45,0.8045,-1,-1,-1
509,1565,1321.35,344.57,21.65,65.51,0.5952,-1,-1,-1
510,1382,995.59,510.06,59.03,144.4,0.9761,-1,-1,-1
510,1506,774.41,404.24,47.04,104.36,0.9751,-1,-1,-1
510,1534,1484.85,469.73,43.91,134.93,0.9721,-1,-1,-1
510,1262,650.67,505.39,52.75,137.78,0.9716,-1,-1,-1
510,1480,1365.49,442.7,42.44,115.39,0.9712,-1,-1,-1
510,1243,973.91,403.92,38.25,99.46,0.9686,-1,-1,-1
510,1527,1380.75,398.37,44.7,85.66,0.9577,-1,-1,-1
510,1526,456.13,381.75,68.68,91.18,0.9554,-1,-1,-1
510,1242,1656.32,678.19,71.66,193.87,0.9493,-1,-1,-1
510,1467,1503.84,354.02,55.14,83.32,0.9459,-1,-1,-1
510,1466,588.81,392.21,33.71,85.46,0.9406,-1,-1,-1
510,1468,973.3,367.61,41.45,82.11,0.9353,-1,-1,-1
510,1555,1518.45,400.35,38.6,100.93,0.9227,-1,-1,-1
510,1557,887.59,961.4,89.73,118.42,0.9076,-1,-1,-1
510,1535,391.18,335.27,33.23,85.64,0.6087,-1,-1,-1
510,1565,1312.1,350.57,26.85,61.16,0.5924,-1,-1,-1
511,1506,775.61,404.92,47.27,103.94,0.9764,-1,-1,-1
511,1382,993.76,510.66,58.65,143.37,0.9758,-1,-1,-1
511,1262,648.37,505.41,52.7,138.57,0.9731,-1,-1,-1
511,1534,1482.76,469.21,44.64,134.54,0.9729,-1,-1,-1
511,1480,1362.86,443.03,44.98,115.64,0.9729,-1,-1,-1
511,1527,1378.0,398.03,44.26,86.07,0.9658,-1,-1,-1
511,1467,1497.78,351.51,61.7,87.36,0.9642,-1,-1,-1
511,1243,973.8,405.04,36.63,98.41,0.9573,-1,-1,-1
511,1242,1655.01,678.04,69.46,194.8,0.9526,-1,-1,-1
511,1526,457.24,383.59,67.98,88.92,0.9516,-1,-1,-1
511,1466,586.63,393.69,35.56,84.45,0.9422,-1,-1,-1
511,1468,971.3,367.36,41.54,79.83,0.9415,-1,-1,-1
511,1557,882.66,961.3,91.88,118.48,0.9293,-1,-1,-1
511,1555,1514.89,401.96,41.55,99.14,0.929,-1,-1,-1
511,1565,1301.55,353.74,34.41,54.14,0.8921,-1,-1,-1
511,1535,389.93,331.52,31.34,88.62,0.3256,-1,-1,-1
512,1534,1478.73,470.05,46.45,133.69,0.9754,-1,-1,-1
512,1382,991.4,511.74,57.09,142.89,0.9748,-1,-1,-1
512,1506,777.67,405.74,46.69,103.77,0.9729,-1,-1,-1
512,1262,644.61,506.3,51.89,138.53,0.9688,-1,-1,-1
512,1527,1370.09,396.59,46.9,81.66,0.967,-1,-1,-1
512,1480,1358.97,444.14,42.32,114.14,0.9668,-1,-1,-1
512,1466,582.66,394.15,39.16,85.03,0.9644,-1,-1,-1
512,1526,462.79,383.71,59.93,87.75,0.9625,-1,-1,-1
512,1555,1502.3,396.01,50.95,103.39,0.96,-1,-1,-1
512,1243,972.68,401.31,36.14,103.0,0.9558,-1,-1,-1
512,1242,1653.7,679.88,67.19,194.83,0.9495,-1,-1,-1
512,1467,1492.99,353.85,60.95,81.42,0.9309,-1,-1,-1
512,1468,966.54,365.97,42.94,77.03,0.9235,-1,-1,-1
512,1565,1285.41,353.98,43.73,55.21,0.9106,-1,-1,-1
512,1557,874.58,962.32,95.23,117.68,0.873,-1,-1,-1
513,1534,1474.71,472.42,46.95,130.84,0.9786,-1,-1,-1
513,1262,639.97,505.19,49.64,141.33,0.9762,-1,-1,-1
513,1382,988.02,513.44,56.54,142.4,0.9749,-1,-1,-1
513,1506,778.31,404.45,45.66,105.11,0.9732,-1,-1,-1
513,1527,1366.05,395.88,44.91,69.56,0.9672,-1,-1,-1
513,1466,577.38,394.64,44.12,85.15,0.9661,-1,-1,-1
513,1526,474.05,390.25,42.68,80.97,0.9552,-1,-1,-1
513,1243,970.23,397.74,36.78,107.67,0.9496,-1,-1,-1
513,1555,1491.51,394.31,56.47,103.76,0.9458,-1,-1,-1
513,1480,1354.45,442.21,44.03,117.67,0.9398,-1,-1,-1
513,1242,1648.97,681.0,66.73,193.52,0.9362,-1,-1,-1
513,1557,865.38,962.38,95.58,117.62,0.8772,-1,-1,-1
513,1468,963.06,367.22,42.51,74.39,0.8042,-1,-1,-1
513,1467,1484.72,359.32,52.68,73.17,0.6944,-1,-1,-1
514,1534,1471.65,473.2,48.97,129.81,0.9791,-1,-1,-1
514,1262,637.99,505.28,49.09,141.97,0.9753,-1,-1,-1
514,1506,777.72,404.35,45.45,104.89,0.9743,-1,-1,-1
514,1382,986.03,513.19,56.23,142.73,0.9739,-1,-1,-1
514,1466,575.45,394.38,46.25,85.74,0.9681,-1,-1,-1
514,1555,1489.28,392.95,52.1,109.62,0.9632,-1,-1,-1
514,1527,1362.9,394.59,45.1,71.86,0.9585,-1,-1,-1
514,1243,968.05,396.57,38.13,109.17,0.9569,-1,-1,-1
514,1526,468.06,385.81,48.4,86.0,0.9475,-1,-1,-1
514,1480,1352.38,441.17,44.63,119.68,0.932,-1,-1,-1
514,1242,1642.94,686.25,68.85,189.18,0.9319,-1,-1,-1
514,1557,864.33,963.09,89.97,116.91,0.8874,-1,-1,-1
514,1467,1481.42,356.93,44.27,66.37,0.8364,-1,-1,-1
514,1468,959.33,365.17,38.95,73.45,0.6427,-1,-1,-1
514,1535,375.62,334.75,34.55,90.24,0.2952,-1,-1,-1
515,1534,1467.15,474.0,50.69,129.3,0.9777,-1,-1,-1
515,1506,777.94,402.93,44.95,106.6,0.9753,-1,-1,-1
515,1262,632.28,506.39,50.15,141.01,0.9751,-1,-1,-1
515,1382,983.02,512.8,53.77,143.27,0.974,-1,-1,-1
515,1466,569.67,393.46,51.82,89.0,0.9706,-1,-1,-1
515,1526,463.69,384.02,50.38,88.5,0.9679,-1,-1,-1
515,1480,1348.06,439.4,45.13,121.98,0.9624,-1,-1,-1
515,1527,1357.71,394.54,45.68,68.13,0.9594,-1,-1,-1
515,1555,1475.14,389.92,55.53,111.4,0.9571,-1,-1,-1
515,1243,964.8,399.52,38.62,104.74,0.9533,-1,-1,-1
515,1242,1628.67,683.63,77.55,194.28,0.9364,-1,-1,-1
515,1557,854.98,960.61,92.31,119.39,0.8855,-1,-1,-1
515,1468,954.05,363.86,43.82,84.59,0.8458,-1,-1,-1
515,1535,369.61,335.43,35.43,88.03,0.7663,-1,-1,-1
515,1467,1475.86,360.39,46.4,69.21,0.5231,-1,-1,-1
516,1506,775.68,402.83,45.76,106.91,0.9769,-1,-1,-1
516,1534,1464.4,473.35,50.22,130.54,0.9733,-1,-1,-1
516,1262,626.39,508.34,49.55,139.18,0.9729,-1,-1,-1
516,1382,979.37,512.79,52.3,140.72,0.9712,-1,-1,-1
516,1466,563.7,389.59,53.46,91.39,0.9663,-1,-1,-1
516,1527,1349.85,394.64,46.97,66.74,0.9656,-1,-1,-1
516,1526,465.38,385.48,45.84,89.21,0.9637,-1,-1,-1
516,1243,959.01,401.92,42.66,102.27,0.961,-1,-1,-1
516,1242,1617.1,685.99,82.5,192.38,0.9327,-1,-1,-1
516,1555,1459.49,383.3,57.41,113.46,0.9326,-1,-1,-1
516,1480,1343.83,442.91,44.97,117.74,0.9086,-1,-1,-1
516,1468,952.09,365.04,42.54,89.88,0.8064,-1,-1,-1
516,1535,362.67,335.55,35.53,88.21,0.6261,-1,-1,-1
516,1557,848.19,947.98,85.79,132.02,0.3986,-1,-1,-1
517,1506,776.12,402.5,44.83,105.53,0.9763,-1,-1,-1
517,1382,977.35,512.34,51.4,141.03,0.9755,-1,-1,-1
517,1262,622.56,509.18,49.88,139.56,0.9678,-1,-1,-1
517,1243,954.24,401.01,45.15,102.31,0.967,-1,-1,-1
517,1534,1462.38,472.49,49.79,132.37,0.9652,-1,-1,-1
517,1526,463.9,384.72,46.19,90.31,0.9651,-1,-1,-1
517,1466,560.36,386.98,52.82,93.35,0.9649,-1,-1,-1
517,1527,1345.7,393.76,48.55,67.96,0.9646,-1,-1,-1
517,1555,1452.79,383.22,58.91,115.45,0.9489,-1,-1,-1
517,1242,1612.31,687.83,88.4,191.94,0.9426,-1,-1,-1
517,1480,1340.62,442.07,46.7,118.96,0.842,-1,-1,-1
517,1468,951.15,368.67,43.03,88.32,0.7317,-1,-1,-1
517,1535,358.22,336.49,37.45,88.81,0.6953,-1,-1,-1
517,1467,1452.43,355.68,52.85,97.74,0.6874,-1,-1,-1
518,1534,1457.17,470.92,50.79,134.12,0.9798,-1,-1,-1
518,1382,972.88,511.19,50.32,141.74,0.9754,-1,-1,-1
518,1262,614.59,509.15,51.21,139.53,0.975,-1,-1,-1
518,1506,776.09,402.45,42.1,104.44,0.9723,-1,-1,-1
518,1466,557.51,384.48,50.85,94.86,0.9709,-1,-1,-1
518,1526,459.12,386.88,43.72,87.97,0.9633,-1,-1,-1
518,1527,1335.63,395.14,50.41,69.12,0.9608,-1,-1,-1
518,1242,1609.52,686.65,82.55,192.67,0.9506,-1,-1,-1
518,1243,951.74,405.53,43.3,97.97,0.947,-1,-1,-1
518,1555,1447.49,393.79,56.43,103.94,0.944,-1,-1,-1
518,1468,943.28,370.04,38.32,90.86,0.9149,-1,-1,-1
518,1535,351.1,339.03,38.42,88.05,0.8769,-1,-1,-1
518,1467,1444.29,352.7,51.02,97.13,0.6578,-1,-1,-1
518,1480,1334.42,443.24,48.85,118.07,0.5234,-1,-1,-1
518,1557,831.31,949.09,86.56,130.91,0.4998,-1,-1,-1
519,1382,967.17,512.07,49.65,141.19,0.9772,-1,-1,-1
519,1534,1452.16,469.91,50.49,134.51,0.9768,-1,-1,-1
519,1262,607.15,510.06,52.42,136.94,0.972,-1,-1,-1
519,1506,775.5,403.86,40.15,104.24,0.969,-1,-1,-1
519,1466,552.9,383.04,50.67,95.4,0.9647,-1,-1,-1
519,1527,1323.78,393.96,54.92,98.06,0.9637,-1,-1,-1
519,1555,1441.33,396.59,53.13,101.4,0.9623,-1,-1,-1
519,1243,949.45,403.83,41.48,100.59,0.9622,-1,-1,-1
519,1242,1602.74,684.93,84.12,197.37,0.9472,-1,-1,-1
519,1526,455.77,385.95,41.98,89.71,0.943,-1,-1,-1
519,1468,938.26,370.89,33.3,91.32,0.9212,-1,-1,-1
519,1467,1429.73,358.28,50.44,76.85,0.9141,-1,-1,-1
519,1535,342.37,338.36,39.76,88.83,0.9046,-1,-1,-1
519,1480,1327.67,445.05,50.21,116.68,0.8815,-1,-1,-1
520,1534,1447.83,470.1,52.05,133.69,0.9774,-1,-1,-1
520,1382,964.46,512.52,48.77,140.87,0.9763,-1,-1,-1
520,1262,604.07,510.24,50.87,137.61,0.9719,-1,-1,-1
520,1526,450.43,383.82,44.11,91.58,0.9705,-1,-1,-1
520,1506,774.29,404.23,39.68,104.76,0.97,-1,-1,-1
520,1243,947.59,401.89,41.42,102.36,0.9645,-1,-1,-1
520,1466,551.97,382.17,51.1,96.72,0.9618,-1,-1,-1
520,1527,1320.42,392.63,52.83,92.72,0.9604,-1,-1,-1
520,1555,1438.52,398.34,48.61,99.83,0.9571,-1,-1,-1
520,1242,1599.01,685.2,85.37,197.0,0.9552,-1,-1,-1
520,1468,933.92,369.6,37.03,91.08,0.9275,-1,-1,-1
520,1467,1419.37,361.27,57.04,71.91,0.9161,-1,-1,-1
520,1480,1323.55,443.18,51.16,118.08,0.8495,-1,-1,-1
520,1535,339.35,341.56,39.18,86.36,0.7987,-1,-1,-1
521,1534,1441.5,469.97,51.95,133.92,0.9758,-1,-1,-1
521,1262,594.78,509.8,53.49,136.49,0.9719,-1,-1,-1
521,1382,959.21,512.42,46.93,142.95,0.9711,-1,-1,-1
521,1526,444.03,383.81,44.09,93.0,0.9677,-1,-1,-1
521,1527,1309.85,393.59,50.72,99.05,0.9621,-1,-1,-1
521,1466,543.58,383.93,54.14,93.11,0.9619,-1,-1,-1
521,1480,1316.86,444.68,51.53,118.92,0.9616,-1,-1,-1
521,1555,1430.31,397.64,42.96,98.49,0.9582,-1,-1,-1
521,1243,941.0,401.36,43.23,103.3,0.9573,-1,-1,-1
521,1506,774.15,405.36,35.9,103.43,0.954,-1,-1,-1
521,1468,927.98,370.49,37.29,91.9,0.9481,-1,-1,-1
521,1242,1593.95,689.46,82.76,189.21,0.9442,-1,-1,-1
521,1467,1402.33,360.68,54.92,70.61,0.9426,-1,-1,-1
521,1535,328.96,345.4,39.91,83.51,0.7064,-1,-1,-1
522,1534,1433.68,469.23,53.67,135.65,0.9765,-1,-1,-1
522,1382,952.33,512.52,45.48,142.77,0.973,-1,-1,-1
522,1262,586.56,508.97,52.38,137.75,0.9727,-1,-1,-1
522,1526,436.17,382.49,45.07,94.43,0.9666,-1,-1,-1
522,1506,769.68,404.79,35.55,104.4,0.9617,-1,-1,-1
522,1468,920.09,370.61,41.54,91.27,0.961,-1,-1,-1
522,1243,935.92,398.51,43.72,107.31,0.9597,-1,-1,-1
522,1527,1300.98,394.26,42.9,91.83,0.9591,-1,-1,-1
522,1466,535.7,385.81,59.99,92.1,0.9587,-1,-1,-1
522,1555,1420.01,391.16,44.29,104.36,0.9554,-1,-1,-1
522,1242,1587.48,689.0,79.57,187.85,0.9524,-1,-1,-1
522,1480,1308.67,443.97,53.65,119.03,0.9327,-1,-1,-1
522,1535,318.08,353.39,40.56,72.06,0.7898,-1,-1,-1
522,1467,1392.5,363.2,40.97,58.89,0.7316,-1,-1,-1
523,1382,948.15,513.45,44.83,143.01,0.9758,-1,-1,-1
523,1534,1430.18,470.5,53.0,134.07,0.9755,-1,-1,-1
523,1262,582.45,508.71,52.36,138.49,0.9725,-1,-1,-1
523,1526,431.67,381.4,46.13,95.85,0.9655,-1,-1,-1
523,1555,1414.88,391.87,43.51,104.22,0.9639,-1,-1,-1
523,1466,529.84,387.52,61.09,92.57,0.9617,-1,-1,-1
523,1506,766.44,405.64,37.29,103.92,0.9604,-1,-1,-1
523,1243,932.43,399.02,44.46,105.82,0.9598,-1,-1,-1
523,1242,1584.42,685.25,75.43,192.53,0.9551,-1,-1,-1
523,1468,916.41,372.01,39.61,89.58,0.9437,-1,-1,-1
523,1527,1296.12,392.94,41.3,95.17,0.9395,-1,-1,-1
523,1480,1306.83,444.66,51.37,120.2,0.933,-1,-1,-1
523,1467,1386.37,362.69,41.21,62.91,0.8755,-1,-1,-1
523,1535,313.99,348.86,40.69,77.4,0.867,-1,-1,-1
524,1382,940.44,514.46,46.07,142.62,0.9759,-1,-1,-1
524,1534,1422.39,472.06,52.74,133.57,0.9756,-1,-1,-1
524,1262,573.86,508.61,51.05,141.22,0.9691,-1,-1,-1
524,1506,758.15,406.03,42.31,104.4,0.9685,-1,-1,-1
524,1468,908.04,370.32,45.53,90.91,0.9664,-1,-1,-1
524,1555,1399.56,393.7,48.58,99.77,0.9658,-1,-1,-1
524,1527,1281.66,393.47,44.68,102.88,0.9613,-1,-1,-1
524,1466,521.76,392.06,63.31,88.57,0.955,-1,-1,-1
524,1242,1576.72,684.09,70.39,190.65,0.954,-1,-1,-1
524,1243,925.74,406.64,44.95,96.77,0.9527,-1,-1,-1
524,1526,425.29,386.89,43.99,92.28,0.9407,-1,-1,-1
524,1480,1299.03,444.21,51.27,118.85,0.9355,-1,-1,-1
524,1535,303.83,357.6,39.04,69.98,0.8627,-1,-1,-1
524,1467,1372.11,363.19,40.31,61.93,0.603,-1,-1,-1
525,1262,565.96,507.7,49.11,142.27,0.976,-1,-1,-1
525,1506,752.9,405.22,47.43,103.46,0.9757,-1,-1,-1
525,1534,1416.64,472.68,52.05,132.63,0.9731,-1,-1,-1
525,1382,932.94,515.12,45.6,142.68,0.9729,-1,-1,-1
525,1555,1387.01,390.79,51.61,102.28,0.9725,-1,-1,-1
525,1466,514.99,393.39,62.38,87.48,0.9658,-1,-1,-1
525,1527,1269.99,397.98,43.92,94.58,0.9644,-1,-1,-1
525,1243,920.39,406.13,46.69,96.89,0.9628,-1,-1,-1
525,1526,416.72,383.98,44.64,95.28,0.9594,-1,-1,-1
525,1242,1566.05,683.17,66.17,189.88,0.9587,-1,-1,-1
525,1468,899.98,370.0,49.9,91.24,0.9376,-1,-1,-1
525,1467,1354.3,363.69,49.97,66.91,0.926,-1,-1,-1
525,1480,1293.98,442.33,48.99,119.75,0.9193,-1,-1,-1
525,1535,293.28,363.78,39.2,64.25,0.8051,-1,-1,-1
526,1262,561.48,508.09,50.14,141.75,0.9744,-1,-1,-1
526,1555,1380.76,390.15,52.53,102.7,0.974,-1,-1,-1
526,1506,750.08,402.86,54.48,106.49,0.9725,-1,-1,-1
526,1382,929.07,514.56,45.8,143.25,0.972,-1,-1,-1
526,1480,1289.6,441.19,50.22,120.16,0.9689,-1,-1,-1
526,1243,917.64,405.45,47.94,97.54,0.9653,-1,-1,-1
526,1466,512.99,390.25,58.47,91.3,0.9611,-1,-1,-1
526,1527,1264.43,391.31,46.57,102.67,0.9606,-1,-1,-1
526,1534,1414.28,472.96,50.52,131.02,0.9575,-1,-1,-1
526,1468,897.83,372.46,49.15,88.16,0.9562,-1,-1,-1
526,1242,1558.75,681.28,68.15,193.81,0.9555,-1,-1,-1
526,1526,413.52,385.33,44.08,94.34,0.951,-1,-1,-1
526,1467,1344.83,362.03,56.04,69.36,0.9417,-1,-1,-1
526,1535,289.79,362.84,39.59,64.66,0.8783,-1,-1,-1
527,1534,1407.72,471.89,49.38,130.15,0.9774,-1,-1,-1
527,1382,922.77,515.47,45.83,142.81,0.9766,-1,-1,-1
527,1506,747.2,402.28,50.21,105.16,0.9752,-1,-1,-1
527,1555,1373.84,388.9,51.05,104.1,0.9734,-1,-1,-1
527,1262,554.68,509.22,49.34,140.96,0.9731,-1,-1,-1
527,1468,895.16,371.48,47.03,88.0,0.9682,-1,-1,-1
527,1527,1255.59,390.57,47.49,101.98,0.9672,-1,-1,-1
527,1243,913.71,405.78,48.32,96.75,0.962,-1,-1,-1
527,1466,510.22,389.1,47.98,90.79,0.9557,-1,-1,-1
527,1526,406.83,388.59,43.29,91.03,0.9545,-1,-1,-1
527,1480,1284.33,441.19,48.81,120.5,0.9253,-1,-1,-1
527,1242,1548.3,680.77,70.73,193.19,0.9126,-1,-1,-1
527,1467,1324.5,359.38,58.83,72.32,0.8075,-1,-1,-1
527,1535,280.01,373.89,37.31,55.49,0.7751,-1,-1,-1
528,1534,1401.06,470.94,49.45,131.55,0.9782,-1,-1,-1
528,1555,1367.03,386.94,49.79,107.16,0.9758,-1,-1,-1
528,1382,916.45,515.23,47.28,142.84,0.9751,-1,-1,-1
528,1506,746.88,403.03,50.87,104.73,0.9747,-1,-1,-1
528,1262,547.47,509.87,49.82,139.41,0.9723,-1,-1,-1
528,1468,891.59,371.39,47.85,88.66,0.9653,-1,-1,-1
528,1527,1247.83,390.96,47.94,100.85,0.9645,-1,-1,-1
528,1243,909.93,406.51,48.73,95.82,0.9613,-1,-1,-1
528,1466,508.53,386.9,37.8,93.0,0.9592,-1,-1,-1
528,1526,394.17,378.96,49.78,100.95,0.9592,-1,-1,-1
528,1242,1537.18,681.08,73.58,194.06,0.9567,-1,-1,-1
528,1480,1279.31,440.45,47.7,121.24,0.9341,-1,-1,-1
528,1535,271.52,375.02,37.02,54.84,0.8528,-1,-1,-1
528,1467,1312.26,360.43,52.93,72.96,0.8097,-1,-1,-1
529,1555,1362.64,386.35,50.24,106.49,0.9789,-1,-1,-1
529,1534,1397.65,469.88,49.77,133.23,0.978,-1,-1,-1
529,1527,1244.98,391.76,46.6,98.08,0.9756,-1,-1,-1
529,1506,746.59,403.09,51.37,105.09,0.9749,-1,-1,-1
529,1262,543.89,509.03,50.33,141.38,0.9747,-1,-1,-1
529,1382,914.34,514.19,46.58,144.34,0.9696,-1,-1,-1
529,1468,891.11,370.69,45.52,87.66,0.9691,-1,-1,-1
529,1243,908.48,405.05,49.74,96.94,0.9682,-1,-1,-1
529,1526,393.7,381.22,45.84,99.04,0.9585,-1,-1,-1
529,1242,1532.29,682.13,75.52,195.14,0.9512,-1,-1,-1
529,1466,507.67,384.58,36.11,94.45,0.949,-1,-1,-1
529,1480,1276.63,440.44,46.99,121.34,0.9164,-1,-1,-1
529,1467,1303.57,359.54,42.33,74.08,0.8761,-1,-1,-1
529,1535,267.92,375.43,35.49,54.49,0.8541,-1,-1,-1
530,1555,1353.11,386.65,53.27,106.18,0.9761,-1,-1,-1
530,1262,537.05,510.62,50.23,140.29,0.9756,-1,-1,-1
530,1506,748.56,404.47,50.12,103.77,0.9744,-1,-1,-1
530,1382,908.55,514.16,46.02,144.35,0.974,-1,-1,-1
530,1534,1391.69,469.04,48.82,135.08,0.9731,-1,-1,-1
530,1527,1239.45,389.85,45.59,100.13,0.9727,-1,-1,-1
530,1243,906.76,403.91,46.12,98.27,0.9683,-1,-1,-1
530,1468,888.91,372.55,42.7,87.17,0.9677,-1,-1,-1
530,1526,385.34,379.84,46.53,100.37,0.9623,-1,-1,-1
530,1466,502.43,380.24,35.45,100.28,0.9271,-1,-1,-1
530,1242,1519.67,684.73,82.5,192.02,0.9247,-1,-1,-1
530,1467,1286.83,361.18,42.01,73.32,0.9017,-1,-1,-1
530,1480,1272.15,441.83,44.84,119.96,0.8816,-1,-1,-1
530,1535,258.87,373.17,35.23,58.11,0.6959,-1,-1,-1
531,1534,1383.16,468.52,48.89,135.91,0.9767,-1,-1,-1
531,1506,750.96,404.82,47.04,103.45,0.9763,-1,-1,-1
531,1527,1232.91,386.6,45.13,103.04,0.9761,-1,-1,-1
531,1382,901.11,514.07,47.17,142.99,0.9746,-1,-1,-1
531,1262,529.11,511.63,49.86,140.84,0.9746,-1,-1,-1
531,1555,1348.69,387.58,49.14,107.22,0.9727,-1,-1,-1
531,1242,1511.99,687.18,82.92,190.28,0.9652,-1,-1,-1
531,1243,905.14,404.28,43.04,96.69,0.961,-1,-1,-1
531,1468,885.69,373.59,42.63,87.17,0.9606,-1,-1,-1
531,1526,379.45,385.65,43.83,94.95,0.9542,-1,-1,-1
531,1467,1266.48,358.55,47.4,76.71,0.9248,-1,-1,-1
531,1466,498.85,387.01,32.88,92.61,0.8943,-1,-1,-1
531,1480,1265.15,441.22,45.38,122.09,0.8524,-1,-1,-1
531,1535,248.52,370.81,29.91,60.19,0.6532,-1,-1,-1
532,1382,897.32,515.4,47.47,141.71,0.9779,-1,-1,-1
532,1506,752.02,404.86,44.89,103.99,0.9772,-1,-1,-1
532,1534,1379.33,469.56,48.05,135.4,0.977,-1,-1,-1
532,1527,1230.36,385.69,44.66,104.68,0.9742,-1,-1,-1
532,1555,1347.54,387.97,47.12,106.99,0.9739,-1,-1,-1
532,1262,525.14,512.35,49.33,140.72,0.9714,-1,-1,-1
532,1242,1500.81,682.04,93.28,201.3,0.968,-1,-1,-1
532,1243,903.5,404.84,42.78,96.72,0.9607,-1,-1,-1
532,1468,883.77,370.56,41.55,90.43,0.9605,-1,-1,-1
532,1526,373.91,383.1,43.11,98.25,0.9489,-1,-1,-1
532,1467,1260.35,357.49,46.88,79.06,0.9263,-1,-1,-1
532,1466,496.36,392.1,31.7,88.76,0.9147,-1,-1,-1
532,1480,1261.67,441.75,44.74,121.62,0.6636,-1,-1,-1
533,1534,1370.86,471.49,49.82,134.67,0.9766,-1,-1,-1
533,1262,516.18,512.94,49.99,141.21,0.975,-1,-1,-1
533,1382,889.75,515.77,49.23,142.18,0.9737,-1,-1,-1
533,1506,749.96,405.21,44.15,104.4,0.9711,-1,-1,-1
533,1555,1343.93,389.04,41.91,106.97,0.9705,-1,-1,-1
533,1242,1487.93,690.2,101.76,189.94,0.969,-1,-1,-1
533,1243,898.61,402.5,44.98,100.89,0.9686,-1,-1,-1
533,1527,1223.93,390.79,41.22,100.58,0.9626,-1,-1,-1
533,1526,365.3,383.69,44.29,99.02,0.96,-1,-1,-1
533,1468,880.97,373.05,38.65,86.16,0.9504,-1,-1,-1
533,1466,489.03,390.11,33.89,92.51,0.9237,-1,-1,-1
533,1467,1242.92,356.79,49.26,83.86,0.8515,-1,-1,-1
534,1382,882.38,516.37,50.06,142.67,0.9761,-1,-1,-1
534,1262,507.8,514.62,50.67,141.27,0.9752,-1,-1,-1
534,1534,1364.45,473.93,48.96,132.16,0.9727,-1,-1,-1
534,1506,746.52,404.5,45.31,104.93,0.9719,-1,-1,-1
534,1242,1477.08,687.06,105.16,196.65,0.9674,-1,-1,-1
534,1243,894.55,404.37,46.02,99.99,0.9673,-1,-1,-1
534,1555,1338.66,389.8,40.05,106.22,0.9669,-1,-1,-1
534,1468,876.71,373.36,40.42,87.95,0.9594,-1,-1,-1
534,1526,357.79,385.06,43.1,99.78,0.9552,-1,-1,-1
534,1527,1217.21,392.05,41.71,96.59,0.9532,-1,-1,-1
534,1466,483.85,388.19,34.47,95.41,0.9351,-1,-1,-1
534,1480,1249.03,447.56,44.13,120.77,0.8701,-1,-1,-1
534,1467,1221.12,357.77,45.21,83.56,0.8427,-1,-1,-1
535,1534,1360.37,474.45,49.68,133.2,0.9763,-1,-1,-1
535,1382,878.44,516.51,50.99,143.74,0.9735,-1,-1,-1
535,1262,504.12,514.56,51.08,142.29,0.9727,-1,-1,-1
535,1506,745.29,404.14,45.93,105.82,0.9718,-1,-1,-1
535,1555,1335.94,391.57,39.36,102.71,0.967,-1,-1,-1
535,1243,893.81,404.08,45.22,100.39,0.9668,-1,-1,-1
535,1468,875.07,373.95,42.06,86.49,0.9635,-1,-1,-1
535,1466,480.35,388.49,38.93,95.55,0.9551,-1,-1,-1
535,1242,1472.01,686.94,108.64,197.64,0.9542,-1,-1,-1
535,1526,351.81,385.78,44.97,99.84,0.9516,-1,-1,-1
535,1527,1214.62,390.68,41.05,96.15,0.9443,-1,-1,-1
535,1480,1245.54,447.86,44.44,120.7,0.7655,-1,-1,-1
535,1568,659.79,961.69,95.99,118.31,0.547,-1,-1,-1
536,1382,871.24,518.09,52.44,143.52,0.977,-1,-1,-1
536,1534,1353.49,476.02,51.46,131.22,0.9765,-1,-1,-1
536,1262,496.56,515.49,51.15,139.16,0.9745,-1,-1,-1
536,1506,744.06,403.89,45.89,108.08,0.9737,-1,-1,-1
536,1466,472.14,392.27,47.75,94.72,0.9673,-1,-1,-1
536,1555,1329.31,394.45,39.47,99.7,0.9659,-1,-1,-1
536,1242,1462.87,688.53,106.97,197.19,0.9643,-1,-1,-1
536,1527,1207.81,393.61,43.98,93.5,0.9573,-1,-1,-1
536,1526,343.62,390.53,46.07,96.81,0.956,-1,-1,-1
536,1468,873.68,374.39,39.16,86.65,0.9548,-1,-1,-1
536,1243,892.07,407.22,42.46,97.4,0.9509,-1,-1,-1
536,1568,649.65,968.48,94.26,111.52,0.8269,-1,-1,-1
537,1534,1348.51,477.06,51.81,131.51,0.977,-1,-1,-1
537,1242,1457.77,689.4,105.15,193.3,0.9748,-1,-1,-1
537,1262,485.12,516.37,56.49,138.94,0.9734,-1,-1,-1
537,1506,744.99,404.58,45.82,107.5,0.9733,-1,-1,-1
537,1382,865.17,518.82,54.59,144.97,0.9731,-1,-1,-1
537,1480,1234.79,449.19,44.12,120.11,0.9712,-1,-1,-1
537,1466,466.36,394.71,54.03,93.94,0.9701,-1,-1,-1
537,1243,892.08,408.96,39.76,97.03,0.9583,-1,-1,-1
537,1555,1324.65,396.52,37.1,98.54,0.9575,-1,-1,-1
537,1526,334.94,389.34,47.99,99.73,0.957,-1,-1,-1
537,1468,872.54,377.44,38.23,82.16,0.9536,-1,-1,-1
537,1527,1200.04,397.02,46.67,91.41,0.9454,-1,-1,-1
537,1568,639.48,967.78,96.31,112.22,0.8326,-1,-1,-1
537,1467,1191.42,361.23,35.29,78.28,0.5438,-1,-1,-1
538,1534,1347.08,477.31,52.06,131.59,0.9766,-1,-1,-1
538,1242,1457.39,688.69,102.43,193.78,0.9763,-1,-1,-1
538,1506,746.93,405.35,44.79,106.75,0.9735,-1,-1,-1
538,1262,481.08,515.11,59.08,141.05,0.9718,-1,-1,-1
538,1466,463.74,394.26,56.38,94.88,0.9707,-1,-1,-1
538,1382,863.11,518.58,54.48,146.13,0.9706,-1,-1,-1
538,1526,331.77,388.15,48.77,100.6,0.9702,-1,-1,-1
538,1555,1322.45,396.06,37.48,98.26,0.9664,-1,-1,-1
538,1527,1197.92,397.03,44.43,90.33,0.9626,-1,-1,-1
538,1243,892.43,409.9,39.97,95.65,0.9605,-1,-1,-1
538,1468,872.81,375.04,38.38,86.36,0.9583,-1,-1,-1
538,1480,1233.54,448.85,43.8,119.29,0.9175,-1,-1,-1
538,1568,635.09,967.41,98.79,112.59,0.7513,-1,-1,-1
538,1467,1181.67,361.33,40.68,80.91,0.6424,-1,-1,-1
539,1466,458.96,392.92,58.31,95.61,0.9713,-1,-1,-1
539,1526,323.77,389.29,51.14,99.27,0.9711,-1,-1,-1
539,1534,1344.34,476.17,52.12,132.06,0.9705,-1,-1,-1
539,1242,1453.96,685.11,99.22,194.75,0.9693,-1,-1,-1
539,1506,750.47,407.27,42.11,105.16,0.9688,-1,-1,-1
539,1555,1318.36,391.93,38.84,100.54,0.9644,-1,-1,-1
539,1243,889.81,408.97,39.73,96.33,0.9629,-1,-1,-1
539,1382,859.03,518.33,55.94,145.27,0.9593,-1,-1,-1
539,1262,470.75,514.95,64.32,142.42,0.9583,-1,-1,-1
539,1468,874.39,379.96,34.92,79.69,0.9499,-1,-1,-1
539,1527,1194.33,392.32,40.62,95.56,0.9469,-1,-1,-1
539,1568,627.48,972.74,94.79,107.26,0.9245,-1,-1,-1
539,1467,1187.19,386.88,30.86,58.21,0.6701,-1,-1,-1
540,1262,464.0,513.51,66.38,143.43,0.9763,-1,-1,-1
540,1382,853.82,518.45,57.2,145.02,0.9749,-1,-1,-1
540,1466,456.8,392.34,55.1,96.61,0.9721,-1,-1,-1
540,1526,315.52,391.76,53.87,97.61,0.9699,-1,-1,-1
540,1243,887.11,406.87,42.32,96.96,0.9678,-1,-1,-1
540,1555,1314.71,386.65,40.27,107.8,0.9659,-1,-1,-1
540,1242,1454.83,682.11,87.71,196.24,0.9652,-1,-1,-1
540,1468,873.65,382.26,33.45,78.61,0.9542,-1,-1,-1
540,1534,1342.23,474.23,51.79,134.06,0.949,-1,-1,-1
540,1506,758.49,409.97,34.32,102.97,0.9352,-1,-1,-1
540,1527,1190.54,394.87,36.16,93.17,0.9302,-1,-1,-1
540,1568,617.89,972.35,96.02,106.75,0.9122,-1,-1,-1
540,1467,1140.65,362.57,49.71,70.97,0.8858,-1,-1,-1
540,1535,180.67,389.6,24.22,49.78,0.3389,-1,-1,-1
541,1262,460.63,512.86,67.66,144.33,0.9751,-1,-1,-1
541,1382,851.73,518.52,56.96,145.11,0.9748,-1,-1,-1
541,1466,456.67,392.97,54.01,95.35,0.9729,-1,-1,-1
541,1243,885.04,404.68,44.79,99.6,0.9727,-1,-1,-1
541,1526,311.14,392.21,55.14,97.95,0.9706,-1,-1,-1
541,1555,1312.89,384.6,40.47,108.02,0.9687,-1,-1,-1
541,1527,1185.09,389.98,38.78,98.7,0.9607,-1,-1,-1
541,1242,1454.46,682.54,83.86,194.47,0.9599,-1,-1,-1
541,1534,1342.44,474.48,49.48,133.21,0.9549,-1,-1,-1
541,1506,760.43,408.97,32.45,103.65,0.9535,-1,-1,-1
541,1468,873.16,381.27,33.14,79.0,0.9523,-1,-1,-1
541,1467,1133.59,364.23,49.13,69.58,0.9318,-1,-1,-1
541,1568,612.22,971.79,98.41,108.21,0.9011,-1,-1,-1
541,1480,1224.41,445.29,45.0,122.72,0.6825,-1,-1,-1
541,1535,176.66,390.53,24.91,49.23,0.2975,-1,-1,-1
542,1243,882.92,402.72,48.56,104.04,0.9757,-1,-1,-1
542,1382,848.49,519.25,55.93,144.65,0.9748,-1,-1,-1
542,1526,302.71,394.54,57.9,95.36,0.9731,-1,-1,-1
542,1262,455.64,514.36,67.22,143.11,0.9725,-1,-1,-1
542,1466,456.05,389.17,48.77,99.64,0.9709,-1,-1,-1
542,1534,1341.54,473.94,48.69,133.28,0.9704,-1,-1,-1
542,1555,1310.12,384.52,40.67,103.46,0.9699,-1,-1,-1
542,1506,759.14,407.79,36.32,104.65,0.9565,-1,-1,-1
542,1527,1182.04,388.87,36.66,99.57,0.9443,-1,-1,-1
542,1242,1451.57,684.14,77.95,193.6,0.9365,-1,-1,-1
542,1468,871.54,383.65,32.93,76.06,0.9089,-1,-1,-1
542,1467,1123.9,361.26,40.99,75.77,0.9071,-1,-1,-1
542,1568,605.4,971.05,96.02,108.95,0.8989,-1,-1,-1
542,1535,172.16,393.7,22.57,43.79,0.3172,-1,-1,-1
543,1382,845.2,519.48,55.83,144.59,0.9759,-1,-1,-1
543,1534,1341.46,472.73,47.24,134.16,0.9751,-1,-1,-1
543,1555,1307.9,383.87,40.11,102.91,0.9741,-1,-1,-1
543,1243,881.85,401.17,53.93,104.71,0.9734,-1,-1,-1
543,1466,456.06,386.41,44.89,102.05,0.9719,-1,-1,-1
543,1262,449.72,514.03,68.73,144.94,0.9709,-1,-1,-1
543,1526,292.44,394.94,64.03,94.95,0.9708,-1,-1,-1
543,1506,756.11,405.97,42.7,106.16,0.9679,-1,-1,-1
543,1527,1178.94,388.51,34.71,97.37,0.9511,-1,-1,-1
543,1468,870.62,386.26,34.15,72.11,0.946,-1,-1,-1
543,1242,1449.59,686.93,73.81,189.45,0.9399,-1,-1,-1
543,1568,598.5,970.23,93.97,109.77,0.9171,-1,-1,-1
543,1467,1117.73,359.48,33.8,77.81,0.89,-1,-1,-1
543,1480,1216.37,443.49,47.68,123.76,0.5626,-1,-1,-1
544,1534,1340.11,471.87,47.77,134.49,0.9779,-1,-1,-1
544,1382,843.85,519.29,55.91,144.77,0.9753,-1,-1,-1
544,1555,1306.91,384.09,39.71,101.88,0.973,-1,-1,-1
544,1262,447.2,515.1,69.13,143.28,0.9723,-1,-1,-1
544,1506,755.12,404.31,45.13,107.41,0.9722,-1,-1,-1
544,1243,881.25,400.93,57.81,104.07,0.9717,-1,-1,-1
544,1466,456.96,382.95,42.83,105.58,0.9678,-1,-1,-1
544,1526,285.57,394.06,68.25,95.7,0.9665,-1,-1,-1
544,1242,1448.19,687.49,71.79,188.01,0.9497,-1,-1,-1
544,1468,869.11,386.29,35.36,71.49,0.9495,-1,-1,-1
544,1527,1176.75,388.13,35.82,94.44,0.9359,-1,-1,-1
544,1467,1110.63,359.36,38.64,76.44,0.9141,-1,-1,-1
544,1568,595.83,967.93,91.58,112.07,0.8937,-1,-1,-1
544,1480,1214.96,442.77,48.1,124.19,0.7811,-1,-1,-1
544,1569,974.95,349.76,34.31,78.7,0.658,-1,-1,-1
544,1535,163.67,393.06,17.37,44.91,0.501,-1,-1,-1
545,1534,1336.81,470.79,48.49,135.47,0.9779,-1,-1,-1
545,1382,841.18,517.86,53.71,146.68,0.973,-1,-1,-1
545,1506,754.1,402.2,49.24,108.09,0.973,-1,-1,-1
545,1262,442.97,514.07,67.71,142.3,0.972,-1,-1,-1
545,1243,880.69,400.77,63.91,103.64,0.9712,-1,-1,-1
545,1555,1304.19,382.91,39.21,101.72,0.9674,-1,-1,-1
545,1526,273.72,392.26,75.51,96.08,0.964,-1,-1,-1
545,1466,459.25,385.28,34.71,102.74,0.9624,-1,-1,-1
545,1527,1169.16,386.95,39.13,94.03,0.9528,-1,-1,-1
545,1242,1446.66,683.84,67.59,191.29,0.9514,-1,-1,-1
545,1468,866.87,385.68,34.39,69.1,0.9497,-1,-1,-1
545,1568,587.16,963.98,93.88,116.02,0.8345,-1,-1,-1
545,1480,1213.2,441.73,48.18,124.83,0.8096,-1,-1,-1
545,1467,1096.01,362.53,34.85,72.79,0.7998,-1,-1,-1
546,1534,1333.79,471.0,49.99,134.81,0.9763,-1,-1,-1
546,1262,437.09,514.28,67.3,142.74,0.9727,-1,-1,-1
546,1506,753.98,403.78,50.9,103.8,0.9725,-1,-1,-1
546,1526,264.7,391.61,79.48,97.29,0.971,-1,-1,-1
546,1243,881.71,398.47,62.03,105.24,0.9709,-1,-1,-1
546,1527,1163.84,388.73,39.78,93.11,0.9634,-1,-1,-1
546,1382,838.56,516.83,52.37,147.27,0.9585,-1,-1,-1
546,1555,1302.18,381.03,36.51,101.15,0.951,-1,-1,-1
546,1466,461.64,382.83,29.63,105.46,0.9486,-1,-1,-1
546,1242,1443.43,682.55,64.77,192.81,0.9432,-1,-1,-1
546,1468,862.2,386.88,36.61,65.75,0.9354,-1,-1,-1
546,1467,1082.24,364.85,37.24,69.25,0.9189,-1,-1,-1
546,1568,578.49,959.58,92.48,120.42,0.4191,-1,-1,-1
547,1534,1331.61,471.2,51.27,134.84,0.9767,-1,-1,-1
547,1506,753.19,404.86,52.18,102.45,0.9724,-1,-1,-1
547,1262,434.67,515.22,66.88,142.2,0.9716,-1,-1,-1
547,1243,882.13,397.52,59.9,106.86,0.9684,-1,-1,-1
547,1526,258.46,395.51,80.28,93.64,0.9645,-1,-1,-1
547,1527,1162.11,387.36,39.04,94.72,0.9605,-1,-1,-1
547,1555,1299.61,379.64,36.32,103.13,0.9559,-1,-1,-1
547,1242,1441.27,682.91,64.65,192.5,0.9496,-1,-1,-1
547,1382,837.18,516.91,52.34,146.76,0.9487,-1,-1,-1
547,1467,1073.46,362.84,42.87,70.77,0.9476,-1,-1,-1
547,1466,460.77,383.67,27.87,104.48,0.9475,-1,-1,-1
547,1468,859.07,386.94,40.24,66.64,0.9324,-1,-1,-1
547,1568,576.29,959.2,89.11,120.8,0.6338,-1,-1,-1
547,1535,139.41,389.31,24.54,49.15,0.3228,-1,-1,-1
548,1534,1329.07,472.65,52.34,133.01,0.9758,-1,-1,-1
548,1382,834.88,516.23,50.08,144.29,0.975,-1,-1,-1
548,1243,884.94,396.16,54.02,108.51,0.9727,-1,-1,-1
548,1262,427.34,515.65,67.37,142.65,0.9721,-1,-1,-1
548,1506,755.05,406.16,54.51,102.78,0.9711,-1,-1,-1
548,1527,1155.69,384.18,40.76,96.96,0.9653,-1,-1,-1
548,1468,851.18,382.36,46.15,74.63,0.9641,-1,-1,-1
548,1526,248.34,392.9,78.28,95.59,0.9623,-1,-1,-1
548,1555,1295.43,375.9,37.56,109.89,0.9617,-1,-1,-1
548,1242,1435.01,684.07,65.41,192.18,0.9442,-1,-1,-1
548,1466,458.64,384.54,31.91,104.56,0.9427,-1,-1,-1
548,1467,1049.33,361.44,61.93,73.06,0.9368,-1,-1,-1
548,1568,566.71,957.64,92.65,122.36,0.6907,-1,-1,-1
549,1382,832.44,515.56,48.1,146.36,0.9761,-1,-1,-1
549,1534,1327.31,474.0,52.99,132.21,0.9749,-1,-1,-1
549,1243,889.59,395.5,44.82,107.78,0.9738,-1,-1,-1
549,1506,761.02,408.51,56.49,102.71,0.9684,-1,-1,-1
549,1527,1152.46,380.14,38.84,102.07,0.9674,-1,-1,-1
549,1466,456.0,381.3,40.62,108.67,0.9661,-1,-1,-1
549,1468,842.69,385.75,54.42,69.89,0.9637,-1,-1,-1
549,1555,1291.1,375.95,40.87,107.59,0.9614,-1,-1,-1
549,1526,236.5,393.82,73.62,94.23,0.9505,-1,-1,-1
549,1262,420.39,515.22,68.95,144.48,0.9505,-1,-1,-1
549,1467,1031.28,358.29,71.26,76.47,0.9481,-1,-1,-1
549,1242,1432.16,690.73,61.49,184.08,0.921,-1,-1,-1
549,1480,1203.63,445.89,48.99,121.02,0.8028,-1,-1,-1
549,1570,940.11,369.55,23.31,59.17,0.7944,-1,-1,-1
549,1535,117.98,349.32,34.94,89.89,0.6639,-1,-1,-1
549,1568,561.6,958.87,89.42,121.13,0.6601,-1,-1,-1
550,1382,832.05,515.17,47.14,147.56,0.9753,-1,-1,-1
550,1534,1326.71,474.54,53.01,131.52,0.9744,-1,-1,-1
550,1262,417.69,515.25,67.75,142.59,0.9723,-1,-1,-1
550,1466,453.82,379.18,43.8,110.31,0.9693,-1,-1,-1
550,1243,891.14,395.65,41.57,107.02,0.9687,-1,-1,-1
550,1555,1289.0,374.33,43.31,108.07,0.9644,-1,-1,-1
550,1468,842.22,388.32,52.49,68.14,0.9623,-1,-1,-1
550,1506,764.58,407.42,59.04,103.92,0.962,-1,-1,-1
550,1527,1151.26,381.17,37.85,100.73,0.9581,-1,-1,-1
550,1526,234.12,393.22,66.08,95.62,0.9574,-1,-1,-1
550,1467,1022.65,359.53,72.89,75.59,0.9517,-1,-1,-1
550,1242,1429.73,690.45,61.16,183.16,0.9441,-1,-1,-1
550,1480,1202.66,445.91,49.09,121.11,0.9226,-1,-1,-1
550,1570,936.51,376.45,21.75,53.54,0.8627,-1,-1,-1
550,1535,114.21,355.16,36.47,85.76,0.7327,-1,-1,-1
550,1568,557.78,957.63,91.22,122.37,0.3336,-1,-1,-1
551,1534,1325.55,474.72,51.72,133.12,0.9765,-1,-1,-1
551,1382,830.11,515.86,46.3,148.95,0.9755,-1,-1,-1
551,1262,409.71,514.9,70.72,145.77,0.9725,-1,-1,-1
551,1555,1285.73,376.99,49.33,104.57,0.9713,-1,-1,-1
551,1466,450.76,379.54,45.33,111.17,0.9678,-1,-1,-1
551,1243,889.35,394.92,40.41,109.81,0.9674,-1,-1,-1
551,1526,224.18,393.55,62.45,95.33,0.9635,-1,-1,-1
551,1506,774.61,408.99,54.87,102.91,0.9581,-1,-1,-1
551,1468,831.85,381.77,56.66,76.86,0.9533,-1,-1,-1
551,1242,1426.92,686.55,60.9,190.45,0.9524,-1,-1,-1
551,1467,1014.01,358.01,65.68,78.79,0.9488,-1,-1,-1
551,1527,1147.59,384.12,37.7,96.78,0.9471,-1,-1,-1
551,1535,109.08,366.17,36.16,75.19,0.7743,-1,-1,-1
551,1480,1200.72,446.24,48.19,121.66,0.7707,-1,-1,-1
551,1570,930.19,367.18,22.14,63.7,0.7222,-1,-1,-1
551,1568,554.05,960.35,84.96,119.65,0.5126,-1,-1,-1
552,1382,827.98,516.55,45.71,149.01,0.9772,-1,-1,-1
552,1534,1324.56,474.76,50.49,133.47,0.9764,-1,-1,-1
552,1262,405.09,515.15,69.15,144.6,0.9747,-1,-1,-1
552,1555,1283.11,377.53,52.02,104.62,0.9706,-1,-1,-1
552,1506,775.9,410.41,53.86,101.41,0.9678,-1,-1,-1
552,1243,888.2,396.49,39.85,108.24,0.9676,-1,-1,-1
552,1466,448.33,381.04,44.6,111.59,0.9615,-1,-1,-1
552,1527,1143.71,384.87,38.67,95.84,0.9565,-1,-1,-1
552,1467,1011.6,366.12,51.66,70.83,0.9497,-1,-1,-1
552,1526,213.9,393.19,66.12,96.03,0.9477,-1,-1,-1
552,1242,1423.19,688.06,59.91,189.89,0.9459,-1,-1,-1
552,1480,1198.51,446.88,48.28,121.5,0.9423,-1,-1,-1
552,1468,818.99,375.95,68.24,83.28,0.9327,-1,-1,-1
552,1568,548.76,961.84,85.24,118.16,0.5075,-1,-1,-1
552,1570,926.56,381.97,20.89,51.42,0.5068,-1,-1,-1
552,1535,104.29,369.99,35.21,71.99,0.4856,-1,-1,-1
553,1382,827.48,516.79,45.52,149.37,0.9774,-1,-1,-1
553,1534,1324.34,474.38,50.02,134.29,0.9763,-1,-1,-1
553,1262,402.8,515.45,69.68,143.25,0.974,-1,-1,-1
553,1555,1279.77,379.12,54.68,102.99,0.9707,-1,-1,-1
553,1506,776.03,411.69,54.1,99.85,0.9703,-1,-1,-1
553,1243,887.47,395.5,40.29,108.94,0.9691,-1,-1,-1
553,1480,1198.42,447.32,47.79,118.38,0.962,-1,-1,-1
553,1526,209.48,396.86,65.71,90.81,0.9596,-1,-1,-1
553,1467,1010.39,366.94,44.15,70.32,0.959,-1,-1,-1
553,1466,447.75,380.69,44.42,112.83,0.9587,-1,-1,-1
553,1242,1420.57,687.7,60.98,190.6,0.9479,-1,-1,-1
553,1527,1142.22,384.29,38.83,94.96,0.9475,-1,-1,-1
553,1468,813.25,380.35,72.68,78.4,0.9412,-1,-1,-1
553,1568,546.37,966.73,82.31,113.27,0.8472,-1,-1,-1
553,1570,928.11,387.5,19.01,45.41,0.8057,-1,-1,-1
554,1382,826.42,517.91,46.3,148.0,0.978,-1,-1,-1
554,1534,1323.85,473.73,48.84,134.83,0.9762,-1,-1,-1
554,1506,778.51,413.93,55.6,96.86,0.9723,-1,-1,-1
554,1243,887.71,395.15,43.18,108.05,0.9716,-1,-1,-1
554,1262,400.01,516.08,69.35,143.19,0.9715,-1,-1,-1
554,1555,1273.91,384.74,59.94,98.17,0.97,-1,-1,-1
554,1526,201.04,398.3,66.85,90.9,0.966,-1,-1,-1
554,1466,447.95,384.69,40.91,110.39,0.9544,-1,-1,-1
554,1242,1415.53,687.08,64.32,192.81,0.9537,-1,-1,-1
554,1527,1139.29,387.49,39.17,92.49,0.9534,-1,-1,-1
554,1468,806.07,386.13,72.82,74.58,0.9434,-1,-1,-1
554,1467,1002.65,367.69,36.63,70.2,0.9418,-1,-1,-1
554,1480,1197.32,447.32,46.53,118.15,0.9356,-1,-1,-1
554,1570,928.48,387.13,17.09,46.25,0.8251,-1,-1,-1
554,1568,542.6,967.82,81.17,112.18,0.7068,-1,-1,-1
554,1535,98.0,377.21,28.82,64.96,0.3399,-1,-1,-1
555,1382,826.27,518.88,46.89,148.49,0.978,-1,-1,-1
555,1534,1324.78,473.58,48.22,135.43,0.9764,-1,-1,-1
555,1243,888.63,394.65,49.27,106.89,0.9718,-1,-1,-1
555,1262,400.03,516.76,68.78,144.7,0.9699,-1,-1,-1
555,1480,1197.37,446.71,46.04,119.99,0.9635,-1,-1,-1
555,1466,446.92,384.46,40.75,110.85,0.9619,-1,-1,-1
555,1242,1411.95,686.32,65.39,193.31,0.9501,-1,-1,-1
555,1526,189.59,396.71,70.69,93.93,0.9485,-1,-1,-1
555,1555,1274.48,388.2,55.43,96.17,0.9391,-1,-1,-1
555,1506,783.27,412.73,75.74,99.52,0.935,-1,-1,-1
555,1527,1135.55,392.58,37.92,86.77,0.9335,-1,-1,-1
555,1468,803.14,388.37,62.77,69.38,0.8681,-1,-1,-1
555,1535,91.95,391.87,25.72,50.93,0.8676,-1,-1,-1
555,1467,995.82,370.3,31.89,68.22,0.8599,-1,-1,-1
555,1570,924.55,385.42,19.85,49.27,0.5079,-1,-1,-1
556,1382,826.47,519.59,47.23,148.11,0.978,-1,-1,-1
556,1534,1325.29,473.62,47.85,135.3,0.9764,-1,-1,-1
556,1243,889.22,395.43,50.33,105.72,0.9733,-1,-1,-1
556,1262,400.28,516.31,67.92,145.63,0.9693,-1,-1,-1
556,1466,446.88,384.66,40.42,110.83,0.965,-1,-1,-1
556,1480,1197.74,446.21,45.61,120.99,0.9602,-1,-1,-1
556,1506,785.0,414.61,75.04,97.46,0.9574,-1,-1,-1
556,1526,184.64,396.59,70.64,95.54,0.9573,-1,-1,-1
556,1527,1134.22,392.77,38.33,85.99,0.9442,-1,-1,-1
556,1242,1409.65,685.4,66.65,194.1,0.9429,-1,-1,-1
556,1555,1279.15,391.9,48.45,91.73,0.941,-1,-1,-1
556,1467,993.01,369.05,34.07,70.49,0.8982,-1,-1,-1
556,1468,800.56,384.12,60.68,73.35,0.8048,-1,-1,-1
556,1535,88.76,395.41,26.9,48.13,0.7918,-1,-1,-1
556,1570,924.09,384.66,19.88,50.02,0.6687,-1,-1,-1
556,1568,538.04,969.32,75.7,110.1,0.5209,-1,-1,-1
557,1382,826.95,520.45,47.54,148.03,0.9771,-1,-1,-1
557,1534,1326.46,473.31,48.25,135.34,0.9768,-1,-1,-1
557,1262,403.22,516.9,64.13,144.44,0.9712,-1,-1,-1
557,1243,891.4,402.87,52.3,98.78,0.9691,-1,-1,-1
557,1526,173.71,398.84,69.29,96.17,0.9678,-1,-1,-1
557,1466,446.89,386.59,41.0,109.21,0.9662,-1,-1,-1
557,1506,795.98,414.08,62.49,99.13,0.9622,-1,-1,-1
557,1555,1277.64,387.36,48.48,95.52,0.9602,-1,-1,-1
557,1527,1132.85,392.28,43.19,87.78,0.9601,-1,-1,-1
557,1480,1198.46,444.3,43.79,126.04,0.9535,-1,-1,-1
557,1468,795.72,380.24,48.72,69.98,0.9245,-1,-1,-1
557,1242,1406.6,687.14,67.84,189.07,0.9138,-1,-1,-1
557,1467,984.22,370.97,34.19,66.82,0.889,-1,-1,-1
557,1570,898.12,351.04,46.91,84.39,0.8545,-1,-1,-1
557,1535,83.97,398.9,29.16,45.55,0.7518,-1,-1,-1
557,1571,1272.43,386.87,27.86,65.82,0.3551,-1,-1,-1
558,1534,1327.83,473.73,48.5,135.33,0.9778,-1,-1,-1
558,1382,828.99,520.74,47.34,148.56,0.9763,-1,-1,-1
558,1262,407.86,517.11,58.97,144.52,0.9715,-1,-1,-1
558,1466,446.53,385.67,40.08,109.6,0.9671,-1,-1,-1
558,1243,894.06,405.4,55.28,98.25,0.9665,-1,-1,-1
558,1526,166.05,401.03,59.9,93.4,0.9652,-1,-1,-1
558,1555,1276.85,382.01,47.65,100.71,0.9646,-1,-1,-1
558,1527,1134.61,390.08,38.21,90.18,0.9601,-1,-1,-1
558,1506,811.28,417.85,52.09,95.91,0.9594,-1,-1,-1
558,1480,1200.01,443.79,42.77,126.89,0.9515,-1,-1,-1
558,1467,976.94,367.34,33.79,71.55,0.9259,-1,-1,-1
558,1242,1404.52,687.55,71.81,189.43,0.8976,-1,-1,-1
558,1468,790.55,380.08,41.09,69.76,0.7947,-1,-1,-1
558,1570,896.72,345.97,46.1,88.05,0.7683,-1,-1,-1
558,1535,78.46,401.19,35.76,42.63,0.7488,-1,-1,-1
558,1568,527.91,962.89,85.35,117.11,0.5166,-1,-1,-1
559,1534,1328.76,473.83,48.41,135.67,0.9783,-1,-1,-1
559,1382,830.3,520.73,47.2,149.75,0.9769,-1,-1,-1
559,1262,409.49,517.38,56.45,144.15,0.9717,-1,-1,-1
559,1466,446.47,385.59,41.74,110.41,0.9657,-1,-1,-1
559,1555,1277.02,383.93,46.34,98.47,0.9645,-1,-1,-1
559,1506,820.74,415.79,44.58,98.18,0.9644,-1,-1,-1
559,1243,895.3,407.59,57.47,97.14,0.9624,-1,-1,-1
559,1468,790.04,382.16,44.91,71.04,0.958,-1,-1,-1
559,1527,1134.84,388.3,37.04,92.06,0.9553,-1,-1,-1
559,1526,164.99,402.35,52.36,91.86,0.9526,-1,-1,-1
559,1242,1403.93,687.57,73.08,189.71,0.9081,-1,-1,-1
559,1480,1200.52,445.32,43.25,124.27,0.9035,-1,-1,-1
559,1467,972.04,373.21,33.14,66.69,0.8585,-1,-1,-1
559,1570,895.07,346.06,45.51,86.42,0.6961,-1,-1,-1
559,1535,83.73,404.74,30.15,38.87,0.6916,-1,-1,-1
560,1534,1330.24,474.35,48.4,136.32,0.9778,-1,-1,-1
560,1382,832.49,521.32,47.15,148.15,0.9774,-1,-1,-1
560,1262,413.05,517.88,52.25,144.42,0.9758,-1,-1,-1
560,1526,151.87,400.93,67.04,93.32,0.9707,-1,-1,-1
560,1466,446.43,387.66,45.1,110.19,0.9692,-1,-1,-1
560,1555,1275.7,380.23,45.23,102.13,0.9691,-1,-1,-1
560,1506,834.44,414.54,41.32,98.36,0.9684,-1,-1,-1
560,1243,896.63,408.2,61.05,95.97,0.9663,-1,-1,-1
560,1468,787.65,380.95,53.59,77.15,0.9633,-1,-1,-1
560,1527,1135.69,389.49,34.97,90.9,0.9528,-1,-1,-1
560,1535,68.23,368.2,47.6,77.14,0.9499,-1,-1,-1
560,1242,1402.7,687.13,75.04,190.49,0.9303,-1,-1,-1
560,1568,526.78,961.33,82.38,118.67,0.667,-1,-1,-1
561,1262,415.19,518.49,50.56,144.33,0.9769,-1,-1,-1
561,1382,834.92,518.82,46.98,149.46,0.9763,-1,-1,-1
561,1534,1332.44,474.68,48.26,136.05,0.976,-1,-1,-1
561,1506,836.29,415.6,51.77,97.91,0.9718,-1,-1,-1
561,1466,447.05,391.76,45.9,106.62,0.9702,-1,-1,-1
561,1243,898.04,406.49,60.82,97.44,0.9696,-1,-1,-1
561,1468,780.89,381.6,61.84,74.28,0.9673,-1,-1,-1
561,1526,143.32,399.42,77.18,96.33,0.9662,-1,-1,-1
561,1555,1276.52,382.46,41.08,98.04,0.9659,-1,-1,-1
561,1535,67.42,367.1,47.98,76.19,0.9554,-1,-1,-1
561,1527,1137.99,388.8,34.39,92.34,0.9549,-1,-1,-1
561,1242,1401.78,685.31,77.69,192.14,0.928,-1,-1,-1
561,1568,523.2,956.91,86.02,123.09,0.7541,-1,-1,-1
561,1480,1203.78,445.98,42.38,126.16,0.725,-1,-1,-1
561,1467,959.68,368.7,36.23,71.48,0.6671,-1,-1,-1
562,1382,836.48,518.88,48.4,149.3,0.9763,-1,-1,-1
562,1262,415.89,518.27,50.66,143.8,0.9763,-1,-1,-1
562,1534,1333.97,474.87,48.32,135.23,0.9762,-1,-1,-1
562,1506,838.53,416.03,57.19,96.34,0.974,-1,-1,-1
562,1243,899.27,404.56,60.29,98.47,0.9716,-1,-1,-1
562,1526,140.14,397.28,80.53,97.7,0.9712,-1,-1,-1
562,1466,447.53,394.69,46.4,103.5,0.9694,-1,-1,-1
562,1555,1277.53,382.21,38.75,97.6,0.965,-1,-1,-1
562,1468,777.59,382.84,63.58,73.19,0.965,-1,-1,-1
562,1535,67.73,363.29,48.58,80.88,0.9592,-1,-1,-1
562,1527,1138.12,387.27,35.95,93.03,0.9492,-1,-1,-1
562,1242,1402.35,684.73,78.54,192.97,0.9376,-1,-1,-1
562,1467,956.76,367.87,40.49,72.29,0.9162,-1,-1,-1
562,1568,523.28,955.09,87.34,124.91,0.758,-1,-1,-1
563,1526,132.89,396.06,84.65,100.14,0.9814,-1,-1,-1
563,1534,1337.54,474.33,48.66,133.05,0.9766,-1,-1,-1
563,1262,418.56,516.03,50.52,145.72,0.972,-1,-1,-1
563,1506,845.82,413.87,64.48,97.12,0.9705,-1,-1,-1
563,1466,449.48,401.06,48.21,95.46,0.9702,-1,-1,-1
563,1382,840.43,516.42,49.43,148.67,0.9669,-1,-1,-1
563,1243,901.23,404.97,56.79,96.08,0.9659,-1,-1,-1
563,1555,1281.51,381.97,38.69,97.63,0.9642,-1,-1,-1
563,1468,773.88,385.12,62.62,69.3,0.9607,-1,-1,-1
563,1527,1138.1,388.52,38.52,89.79,0.958,-1,-1,-1
563,1242,1405.62,682.6,79.01,195.32,0.9457,-1,-1,-1
563,1535,71.07,361.05,50.2,83.36,0.9455,-1,-1,-1
563,1467,954.43,366.87,45.68,70.88,0.9436,-1,-1,-1
563,1480,1207.7,446.19,42.76,122.47,0.724,-1,-1,-1
563,1568,523.22,947.93,91.34,132.07,0.4729,-1,-1,-1
564,1526,126.4,396.7,88.12,97.92,0.9802,-1,-1,-1
564,1382,844.16,516.05,51.34,146.98,0.975,-1,-1,-1
564,1262,423.25,515.04,49.65,145.03,0.9729,-1,-1,-1
564,1555,1286.52,381.18,39.57,97.29,0.9674,-1,-1,-1
564,1468,770.98,381.9,59.1,72.57,0.9598,-1,-1,-1
564,1466,451.27,400.94,51.89,94.36,0.9589,-1,-1,-1
564,1480,1212.73,445.89,41.6,123.0,0.9559,-1,-1,-1
564,1527,1142.08,385.31,37.77,92.43,0.9557,-1,-1,-1
564,1506,860.03,412.42,66.28,95.69,0.9548,-1,-1,-1
564,1242,1409.76,681.23,80.35,197.21,0.9503,-1,-1,-1
564,1243,909.96,412.7,49.29,91.21,0.941,-1,-1,-1
564,1467,955.7,362.71,45.77,73.8,0.9393,-1,-1,-1
564,1534,1343.43,473.38,49.12,135.07,0.9173,-1,-1,-1
564,1535,73.92,362.86,47.76,81.29,0.815,-1,-1,-1
564,1568,525.29,953.38,95.69,126.62,0.5178,-1,-1,-1
565,1382,846.76,515.14,51.52,147.44,0.9763,-1,-1,-1
565,1262,425.62,514.22,50.24,144.74,0.9756,-1,-1,-1
565,1534,1346.39,474.46,49.55,131.16,0.9744,-1,-1,-1
565,1555,1287.93,379.78,41.55,97.75,0.9689,-1,-1,-1
565,1467,955.98,360.19,46.16,77.07,0.9585,-1,-1,-1
565,1468,770.64,381.5,53.19,73.59,0.957,-1,-1,-1
565,1466,447.63,398.77,58.73,96.85,0.9507,-1,-1,-1
565,1242,1416.44,681.75,75.23,196.66,0.9489,-1,-1,-1
565,1526,127.23,395.3,84.04,96.05,0.9398,-1,-1,-1
565,1506,865.16,400.87,74.87,108.21,0.9392,-1,-1,-1
565,1527,1143.36,387.47,37.83,89.47,0.9376,-1,-1,-1
565,1243,914.04,409.23,47.91,95.03,0.9224,-1,-1,-1
565,1535,78.77,360.18,41.26,83.15,0.8621,-1,-1,-1
565,1568,526.84,957.28,95.85,122.72,0.6154,-1,-1,-1
565,1480,1215.9,446.52,42.74,122.32,0.4768,-1,-1,-1
566,1534,1353.61,474.02,49.73,133.47,0.975,-1,-1,-1
566,1526,121.71,396.23,79.22,96.52,0.9736,-1,-1,-1
566,1382,852.0,514.19,53.29,148.84,0.9733,-1,-1,-1
566,1555,1289.85,375.65,47.7,100.74,0.972,-1,-1,-1
566,1466,455.31,392.33,58.39,105.02,0.9655,-1,-1,-1
566,1262,431.0,513.93,51.2,143.79,0.9649,-1,-1,-1
566,1242,1416.59,681.42,84.32,193.98,0.9585,-1,-1,-1
566,1480,1221.95,445.5,43.35,122.46,0.9585,-1,-1,-1
566,1467,959.92,360.12,45.43,78.07,0.9556,-1,-1,-1
566,1568,534.74,960.57,93.68,119.43,0.9514,-1,-1,-1
566,1468,769.09,380.7,48.28,73.62,0.94,-1,-1,-1
566,1527,1148.67,385.58,35.03,89.28,0.9349,-1,-1,-1
566,1506,887.5,397.51,61.88,108.87,0.8883,-1,-1,-1
566,1535,81.04,360.84,38.37,82.28,0.882,-1,-1,-1
566,1243,918.34,409.05,50.42,102.83,0.6974,-1,-1,-1
567,1534,1361.26,472.88,51.45,132.06,0.9776,-1,-1,-1
567,1262,437.98,512.38,50.8,142.28,0.9759,-1,-1,-1
567,1526,119.97,395.16,70.3,95.75,0.9698,-1,-1,-1
567,1466,459.09,391.09,62.49,102.79,0.9637,-1,-1,-1
567,1468,770.27,379.22,40.41,73.46,0.9629,-1,-1,-1
567,1480,1229.63,444.79,44.45,120.61,0.9627,-1,-1,-1
567,1555,1296.43,372.9,50.44,101.68,0.9619,-1,-1,-1
567,1243,933.77,403.96,44.88,103.66,0.9528,-1,-1,-1
567,1569,969.74,358.98,39.78,77.76,0.9481,-1,-1,-1
567,1382,859.54,514.3,56.11,145.82,0.9349,-1,-1,-1
567,1242,1425.49,682.3,82.94,193.26,0.9344,-1,-1,-1
567,1527,1157.14,385.01,32.35,89.62,0.9215,-1,-1,-1
567,1568,541.16,955.69,97.79,124.31,0.9127,-1,-1,-1
567,1506,913.7,399.17,37.43,88.39,0.895,-1,-1,-1
568,1262,441.27,511.0,51.39,142.73,0.9743,-1,-1,-1
568,1382,862.62,512.61,57.59,147.64,0.9725,-1,-1,-1
568,1480,1233.92,443.87,44.38,118.03,0.9717,-1,-1,-1
568,1534,1367.12,472.12,50.64,131.45,0.9694,-1,-1,-1
568,1466,462.6,389.79,61.85,103.86,0.9647,-1,-1,-1
568,1526,120.9,393.32,62.9,96.14,0.963,-1,-1,-1
568,1468,769.61,375.97,43.63,74.99,0.9613,-1,-1,-1
568,1555,1299.97,372.86,53.05,100.0,0.9602,-1,-1,-1
568,1242,1430.96,681.76,81.28,191.46,0.9508,-1,-1,-1
568,1243,939.02,405.53,47.75,100.47,0.937,-1,-1,-1
568,1568,543.76,956.79,97.22,123.21,0.9102,-1,-1,-1
568,1527,1161.26,387.16,31.85,85.53,0.8751,-1,-1,-1
568,1569,974.82,366.76,35.8,70.13,0.8673,-1,-1,-1
568,1506,916.31,401.29,37.88,76.14,0.8111,-1,-1,-1
568,1572,100.21,400.15,21.13,40.8,0.8001,-1,-1,-1
569,1382,871.11,511.4,57.17,146.19,0.9756,-1,-1,-1
569,1262,448.03,509.11,52.48,142.63,0.9745,-1,-1,-1
569,1534,1375.54,470.27,53.8,132.09,0.9744,-1,-1,-1
569,1480,1242.55,442.3,46.27,119.03,0.9706,-1,-1,-1
569,1466,471.07,388.94,55.26,103.18,0.9681,-1,-1,-1
569,1555,1307.9,370.09,54.24,101.5,0.9677,-1,-1,-1
569,1526,124.58,392.64,61.7,94.1,0.9674,-1,-1,-1
569,1468,769.38,373.14,50.97,77.77,0.9641,-1,-1,-1
569,1242,1441.12,679.55,79.59,193.61,0.9552,-1,-1,-1
569,1568,553.0,954.04,96.53,125.96,0.9246,-1,-1,-1
569,1506,928.5,398.25,46.64,108.24,0.9126,-1,-1,-1
569,1527,1168.7,375.88,34.11,94.86,0.9046,-1,-1,-1
569,1243,965.09,408.26,42.07,78.38,0.8295,-1,-1,-1
569,1572,104.6,397.91,19.26,43.45,0.8176,-1,-1,-1
570,1534,1385.71,469.36,56.67,132.52,0.9727,-1,-1,-1
570,1526,128.76,391.57,66.15,95.24,0.9714,-1,-1,-1
570,1382,881.21,511.93,58.88,145.24,0.9693,-1,-1,-1
570,1262,453.28,508.47,57.41,141.61,0.9685,-1,-1,-1
570,1480,1252.44,440.82,47.75,119.21,0.968,-1,-1,-1
570,1468,769.3,370.96,56.93,76.8,0.9619,-1,-1,-1
570,1506,935.41,396.98,47.89,100.76,0.9526,-1,-1,-1
570,1242,1446.68,676.01,83.3,194.98,0.9489,-1,-1,-1
570,1555,1314.7,374.0,57.13,97.16,0.9453,-1,-1,-1
570,1466,480.93,385.33,45.29,106.44,0.9444,-1,-1,-1
570,1243,974.92,406.51,57.24,91.37,0.9298,-1,-1,-1
570,1568,561.65,951.51,100.08,128.49,0.9151,-1,-1,-1
570,1527,1180.14,375.29,31.81,95.7,0.9137,-1,-1,-1
570,1572,110.31,394.17,19.79,47.32,0.8799,-1,-1,-1
571,1534,1391.51,468.37,56.86,133.55,0.9729,-1,-1,-1
571,1382,886.22,511.88,58.59,145.01,0.9729,-1,-1,-1
571,1480,1257.89,439.5,47.66,120.7,0.9714,-1,-1,-1
571,1262,455.96,508.81,60.19,140.65,0.9695,-1,-1,-1
571,1526,132.01,391.02,67.31,97.38,0.9677,-1,-1,-1
571,1555,1319.77,373.34,59.15,97.78,0.9632,-1,-1,-1
571,1468,767.45,369.22,61.46,79.28,0.9616,-1,-1,-1
571,1506,938.51,396.28,50.3,98.89,0.9608,-1,-1,-1
571,1466,485.64,387.83,42.85,102.95,0.9573,-1,-1,-1
571,1242,1452.15,673.71,81.13,197.1,0.9539,-1,-1,-1
571,1243,982.2,407.4,59.05,91.48,0.9524,-1,-1,-1
571,1568,565.07,951.36,100.62,127.39,0.9192,-1,-1,-1
571,1527,1184.34,372.05,32.69,100.29,0.8323,-1,-1,-1
571,1572,112.17,394.28,21.77,47.66,0.7822,-1,-1,-1
572,1382,896.79,510.51,59.45,144.74,0.9761,-1,-1,-1
572,1262,463.22,506.97,63.83,142.94,0.9741,-1,-1,-1
572,1534,1401.44,467.67,60.33,134.26,0.9737,-1,-1,-1
572,1526,127.5,384.21,78.55,102.89,0.9715,-1,-1,-1
572,1480,1268.75,437.66,47.35,121.55,0.9667,-1,-1,-1
572,1555,1329.42,376.88,58.87,93.21,0.9618,-1,-1,-1
572,1568,576.34,950.56,96.87,128.26,0.9589,-1,-1,-1
572,1506,947.16,393.76,53.09,100.55,0.9582,-1,-1,-1
572,1242,1463.72,675.2,75.91,190.53,0.9553,-1,-1,-1
572,1468,767.38,367.15,63.89,81.58,0.9542,-1,-1,-1
572,1243,996.41,409.53,69.77,90.68,0.9533,-1,-1,-1
572,1466,496.97,387.27,38.11,104.34,0.9396,-1,-1,-1
572,1527,1196.08,365.37,31.64,106.55,0.8126,-1,-1,-1
572,1572,119.71,391.38,24.45,51.93,0.5879,-1,-1,-1
573,1526,130.45,385.11,79.91,99.91,0.9743,-1,-1,-1
573,1382,908.88,511.45,60.39,143.9,0.9739,-1,-1,-1
573,1534,1414.4,466.64,60.3,134.01,0.9736,-1,-1,-1
573,1262,473.04,505.7,66.52,142.92,0.9692,-1,-1,-1
573,1243,1017.32,412.88,70.71,90.85,0.9649,-1,-1,-1
573,1242,1478.6,675.65,70.84,186.23,0.9636,-1,-1,-1
573,1506,957.86,394.1,52.18,97.94,0.9422,-1,-1,-1
573,1555,1340.68,379.96,55.62,89.58,0.9372,-1,-1,-1
573,1468,778.18,370.3,52.16,78.68,0.932,-1,-1,-1
573,1466,507.76,388.1,36.73,103.3,0.9119,-1,-1,-1
573,1568,586.39,946.36,100.88,132.77,0.9053,-1,-1,-1
573,1480,1281.94,436.76,43.44,122.32,0.8851,-1,-1,-1
573,1527,1208.82,379.7,31.87,90.12,0.8111,-1,-1,-1
574,1382,914.69,511.27,61.36,142.93,0.9786,-1,-1,-1
574,1534,1420.84,467.29,60.25,132.97,0.9746,-1,-1,-1
574,1262,479.06,507.21,66.81,138.32,0.9741,-1,-1,-1
574,1242,1486.59,675.35,68.12,184.71,0.9699,-1,-1,-1
574,1526,136.9,388.46,75.07,95.77,0.9633,-1,-1,-1
574,1555,1346.06,374.5,54.59,94.39,0.9609,-1,-1,-1
574,1243,1031.35,412.6,67.45,92.48,0.9576,-1,-1,-1
574,1506,960.02,395.17,57.33,96.88,0.954,-1,-1,-1
574,1466,511.32,390.3,38.18,100.33,0.9285,-1,-1,-1
574,1468,783.11,372.85,45.57,75.98,0.9056,-1,-1,-1
574,1568,592.44,944.35,97.41,133.43,0.9035,-1,-1,-1
574,1527,1214.62,358.84,33.44,113.02,0.7733,-1,-1,-1
575,1262,490.11,504.88,70.62,141.45,0.9734,-1,-1,-1
575,1506,971.33,389.79,60.14,100.08,0.9694,-1,-1,-1
575,1382,927.77,507.71,62.9,148.37,0.969,-1,-1,-1
575,1534,1434.35,466.47,61.51,133.99,0.969,-1,-1,-1
575,1242,1499.68,672.39,64.06,186.96,0.9569,-1,-1,-1
575,1555,1357.84,372.85,48.07,96.72,0.955,-1,-1,-1
575,1480,1300.65,434.79,46.51,124.27,0.9541,-1,-1,-1
575,1243,1072.35,411.12,48.55,91.96,0.9517,-1,-1,-1
575,1468,784.08,371.95,41.15,75.42,0.9374,-1,-1,-1
575,1466,521.96,390.56,39.18,100.29,0.9225,-1,-1,-1
575,1568,603.99,940.72,95.57,139.28,0.8918,-1,-1,-1
575,1527,1228.85,363.97,31.24,104.9,0.8316,-1,-1,-1
575,1526,148.95,393.43,61.29,87.23,0.8206,-1,-1,-1
576,1382,941.6,507.4,65.0,146.24,0.9761,-1,-1,-1
576,1534,1448.58,466.08,61.48,134.46,0.9743,-1,-1,-1
576,1262,502.06,504.66,74.56,140.74,0.9666,-1,-1,-1
576,1506,984.41,390.32,61.06,99.74,0.9655,-1,-1,-1
576,1242,1512.03,673.34,66.46,185.42,0.961,-1,-1,-1
576,1243,1101.48,410.36,44.85,91.1,0.9588,-1,-1,-1
576,1466,534.67,390.7,41.66,98.89,0.9569,-1,-1,-1
576,1555,1371.01,370.33,38.18,95.61,0.95,-1,-1,-1
576,1468,782.5,367.53,51.6,79.07,0.9418,-1,-1,-1
576,1568,618.9,937.58,91.57,141.31,0.9164,-1,-1,-1
576,1527,1241.99,365.46,32.04,100.6,0.8789,-1,-1,-1
576,1526,154.06,386.47,53.8,95.68,0.877,-1,-1,-1
576,1575,1042.62,354.45,37.9,76.71,0.8418,-1,-1,-1
576,1480,1315.34,434.6,46.76,123.42,0.5685,-1,-1,-1
577,1262,508.17,504.82,79.17,139.55,0.9735,-1,-1,-1
577,1382,949.0,506.55,65.29,146.61,0.9732,-1,-1,-1
577,1534,1456.17,466.33,61.79,132.69,0.9698,-1,-1,-1
577,1506,991.07,388.06,61.29,101.71,0.966,-1,-1,-1
577,1466,539.5,388.44,47.35,101.25,0.9641,-1,-1,-1
577,1243,1114.99,408.21,44.52,93.58,0.9522,-1,-1,-1
577,1242,1517.71,670.98,65.44,189.03,0.9517,-1,-1,-1
577,1468,792.26,366.99,47.36,79.33,0.9514,-1,-1,-1
577,1480,1322.84,435.0,47.96,122.17,0.9473,-1,-1,-1
577,1568,623.04,938.96,92.53,139.48,0.935,-1,-1,-1
577,1555,1377.75,377.33,34.14,87.35,0.8929,-1,-1,-1
577,1526,157.37,386.9,47.16,95.16,0.8531,-1,-1,-1
577,1575,1049.02,347.12,38.8,82.27,0.8415,-1,-1,-1
577,1527,1250.93,384.03,28.93,82.68,0.7717,-1,-1,-1
578,1382,962.65,505.54,63.3,144.92,0.9751,-1,-1,-1
578,1534,1470.78,466.01,62.13,132.18,0.9725,-1,-1,-1
578,1262,520.95,504.14,82.11,138.64,0.9706,-1,-1,-1
578,1243,1134.05,404.38,52.47,95.52,0.9631,-1,-1,-1
578,1506,1002.53,390.51,62.59,98.42,0.9627,-1,-1,-1
578,1242,1530.61,673.61,69.49,185.43,0.9625,-1,-1,-1
578,1468,796.28,367.36,58.47,77.65,0.9607,-1,-1,-1
578,1466,548.54,391.48,55.62,98.91,0.9561,-1,-1,-1
578,1480,1336.92,434.73,49.94,122.33,0.9443,-1,-1,-1
578,1568,639.05,936.49,87.96,142.47,0.9274,-1,-1,-1
578,1575,1064.57,346.97,39.54,82.52,0.9237,-1,-1,-1
578,1555,1391.5,367.93,35.64,95.3,0.9213,-1,-1,-1
578,1527,1262.95,383.14,30.14,82.36,0.8599,-1,-1,-1
578,1526,168.03,382.52,43.52,98.1,0.8495,-1,-1,-1
579,1262,532.28,499.86,89.98,139.12,0.978,-1,-1,-1
579,1534,1486.14,464.58,63.5,132.05,0.9719,-1,-1,-1
579,1382,978.42,504.02,59.55,144.13,0.9675,-1,-1,-1
579,1506,1016.56,391.38,57.72,96.3,0.9666,-1,-1,-1
579,1468,801.39,366.93,61.81,75.78,0.9659,-1,-1,-1
579,1526,169.51,379.36,60.73,100.6,0.9644,-1,-1,-1
579,1466,557.17,391.53,64.15,97.54,0.9643,-1,-1,-1
579,1243,1152.8,403.93,65.92,93.99,0.9633,-1,-1,-1
579,1242,1538.16,670.36,76.98,189.72,0.9517,-1,-1,-1
579,1568,650.49,935.38,87.76,142.25,0.9443,-1,-1,-1
579,1555,1405.79,370.19,35.31,90.77,0.9263,-1,-1,-1
579,1575,1078.44,342.49,42.73,87.68,0.9245,-1,-1,-1
579,1480,1351.66,435.68,52.55,119.34,0.9144,-1,-1,-1
579,1571,1277.75,368.04,33.63,97.9,0.8245,-1,-1,-1
580,1262,538.85,499.38,88.73,140.34,0.9748,-1,-1,-1
580,1382,985.56,503.81,57.91,141.88,0.9728,-1,-1,-1
580,1506,1020.26,387.73,61.3,98.57,0.9714,-1,-1,-1
580,1534,1493.82,464.55,63.29,130.66,0.971,-1,-1,-1
580,1468,802.95,365.79,62.32,77.24,0.969,-1,-1,-1
580,1466,563.52,393.11,65.53,95.07,0.9667,-1,-1,-1
580,1526,172.5,379.14,63.77,100.93,0.9662,-1,-1,-1
580,1243,1162.79,399.9,71.14,97.37,0.9649,-1,-1,-1
580,1242,1541.06,671.49,88.04,191.32,0.9582,-1,-1,-1
580,1568,660.26,934.26,81.79,144.56,0.9552,-1,-1,-1
580,1575,1087.26,340.09,43.47,89.75,0.9512,-1,-1,-1
580,1555,1411.09,369.28,37.49,91.93,0.9417,-1,-1,-1
580,1480,1358.62,433.78,53.32,121.5,0.904,-1,-1,-1
580,1571,1283.32,365.5,35.13,99.27,0.8512,-1,-1,-1
581,1262,553.15,497.39,92.67,137.98,0.9773,-1,-1,-1
581,1382,1001.01,501.6,55.73,143.58,0.9763,-1,-1,-1
581,1534,1509.67,463.75,63.33,129.89,0.9749,-1,-1,-1
581,1243,1185.77,396.7,86.81,100.17,0.9748,-1,-1,-1
581,1526,175.4,373.63,71.05,107.15,0.9734,-1,-1,-1
581,1466,576.8,387.37,68.44,99.92,0.9675,-1,-1,-1
581,1506,1030.61,387.25,62.41,97.6,0.9625,-1,-1,-1
581,1555,1419.92,363.97,43.8,95.24,0.9605,-1,-1,-1
581,1468,816.79,364.29,51.57,78.63,0.9508,-1,-1,-1
581,1242,1549.01,669.26,99.6,192.24,0.9463,-1,-1,-1
581,1575,1102.65,338.8,46.58,90.08,0.943,-1,-1,-1
581,1568,671.34,933.05,85.44,143.18,0.92,-1,-1,-1
581,1571,1300.78,363.43,35.63,100.74,0.9023,-1,-1,-1
581,1480,1375.24,433.77,53.34,120.64,0.8657,-1,-1,-1
582,1262,566.79,495.81,91.72,139.34,0.9788,-1,-1,-1
582,1243,1213.49,396.97,92.32,100.47,0.9778,-1,-1,-1
582,1526,179.58,375.05,81.12,102.73,0.9742,-1,-1,-1
582,1534,1526.21,462.02,59.5,130.71,0.9738,-1,-1,-1
582,1382,1016.57,500.42,54.0,144.85,0.9727,-1,-1,-1
582,1555,1431.1,361.94,47.84,97.44,0.965,-1,-1,-1
582,1466,593.23,387.81,63.72,98.27,0.9625,-1,-1,-1
582,1506,1044.1,385.16,55.74,98.27,0.9608,-1,-1,-1
582,1571,1315.72,361.89,39.33,102.3,0.9565,-1,-1,-1
582,1242,1559.01,671.53,107.99,189.8,0.9545,-1,-1,-1
582,1575,1119.6,338.81,44.63,89.1,0.9501,-1,-1,-1
582,1568,687.43,930.12,82.15,147.85,0.9275,-1,-1,-1
582,1468,828.16,365.49,39.05,76.44,0.9242,-1,-1,-1
582,1480,1391.68,433.37,51.59,119.29,0.9237,-1,-1,-1
583,1262,574.7,495.35,86.0,137.96,0.9779,-1,-1,-1
583,1526,181.51,372.32,84.0,105.4,0.9762,-1,-1,-1
583,1382,1024.02,500.53,54.53,143.49,0.9757,-1,-1,-1
583,1534,1534.08,460.91,58.08,131.8,0.9723,-1,-1,-1
583,1243,1228.6,395.56,90.25,101.17,0.969,-1,-1,-1
583,1555,1436.98,363.48,48.31,96.18,0.968,-1,-1,-1
583,1466,599.47,388.74,64.28,97.33,0.9676,-1,-1,-1
583,1506,1053.27,383.07,48.29,99.43,0.9603,-1,-1,-1
583,1571,1322.97,364.58,40.79,99.18,0.9602,-1,-1,-1
583,1480,1398.68,431.58,51.96,120.44,0.9466,-1,-1,-1
583,1242,1567.88,670.29,110.87,189.04,0.922,-1,-1,-1
583,1575,1127.6,338.27,44.29,89.19,0.9186,-1,-1,-1
583,1468,834.84,366.05,34.57,75.87,0.9106,-1,-1,-1
583,1568,694.21,929.79,78.9,148.0,0.8885,-1,-1,-1
584,1526,198.6,372.14,73.99,104.52,0.9752,-1,-1,-1
584,1382,1038.15,499.58,54.57,142.28,0.975,-1,-1,-1
584,1534,1549.67,460.5,52.39,130.29,0.9735,-1,-1,-1
584,1262,587.49,494.01,79.88,138.49,0.9704,-1,-1,-1
584,1466,610.4,386.12,60.61,97.69,0.9687,-1,-1,-1
584,1555,1450.7,363.84,47.2,95.78,0.9682,-1,-1,-1
584,1468,839.45,362.93,38.59,78.28,0.9595,-1,-1,-1
584,1506,1068.37,380.9,39.84,100.36,0.9575,-1,-1,-1
584,1571,1335.6,365.53,45.39,97.42,0.9526,-1,-1,-1
584,1242,1583.9,670.46,109.95,189.42,0.9499,-1,-1,-1
584,1568,705.11,926.95,79.77,150.63,0.9455,-1,-1,-1
584,1575,1141.63,336.9,43.65,89.94,0.9438,-1,-1,-1
584,1480,1413.66,431.62,45.48,118.58,0.9344,-1,-1,-1
584,1243,1258.82,394.35,76.08,99.69,0.7978,-1,-1,-1
585,1534,1563.86,457.7,47.66,132.19,0.9771,-1,-1,-1
585,1262,600.14,490.83,76.67,140.62,0.9722,-1,-1,-1
585,1382,1050.51,497.58,56.97,143.58,0.9705,-1,-1,-1
585,1555,1464.97,361.87,46.02,96.35,0.9659,-1,-1,-1
585,1468,842.96,359.4,46.79,79.54,0.9619,-1,-1,-1
585,1526,210.9,370.77,65.75,105.12,0.9601,-1,-1,-1
585,1466,620.96,384.14,54.81,97.27,0.9597,-1,-1,-1
585,1242,1599.99,668.23,107.43,190.78,0.9593,-1,-1,-1
585,1568,717.94,924.27,78.33,153.47,0.9443,-1,-1,-1
585,1571,1351.73,371.19,43.28,91.29,0.9439,-1,-1,-1
585,1480,1424.77,428.89,43.79,119.69,0.9414,-1,-1,-1
585,1575,1153.7,335.44,42.53,88.88,0.9292,-1,-1,-1
585,1243,1291.24,395.07,67.07,99.86,0.8987,-1,-1,-1
585,1506,1082.29,383.96,39.34,94.46,0.8761,-1,-1,-1
586,1534,1570.9,456.54,44.43,131.81,0.9804,-1,-1,-1
586,1382,1055.94,498.74,59.3,142.02,0.9749,-1,-1,-1
586,1555,1470.75,361.08,47.24,96.22,0.9739,-1,-1,-1
586,1262,606.08,490.53,75.35,139.73,0.9731,-1,-1,-1
586,1468,844.43,359.7,51.14,79.03,0.9688,-1,-1,-1
586,1466,624.1,382.74,53.48,97.74,0.9673,-1,-1,-1
586,1480,1429.01,427.03,42.09,120.92,0.9656,-1,-1,-1
586,1526,214.06,371.65,59.82,102.62,0.9656,-1,-1,-1
586,1568,722.71,923.27,78.51,154.21,0.96,-1,-1,-1
586,1242,1607.54,667.44,108.64,191.64,0.9537,-1,-1,-1
586,1575,1160.86,335.27,40.33,88.91,0.9354,-1,-1,-1
586,1571,1360.6,366.7,42.99,92.91,0.9087,-1,-1,-1
586,1506,1088.57,394.14,39.9,86.25,0.8985,-1,-1,-1
586,1243,1306.82,394.69,64.0,98.69,0.8822,-1,-1,-1
586,1576,1083.16,368.69,40.84,86.12,0.7872,-1,-1,-1
587,1382,1067.5,496.68,61.32,143.43,0.977,-1,-1,-1
587,1534,1582.66,455.83,44.89,132.34,0.9768,-1,-1,-1
587,1262,618.44,490.63,68.88,138.36,0.973,-1,-1,-1
587,1526,223.08,361.75,47.91,111.14,0.9718,-1,-1,-1
587,1555,1484.54,360.61,47.24,96.29,0.9705,-1,-1,-1
587,1242,1624.69,664.92,101.28,191.76,0.9638,-1,-1,-1
587,1466,635.42,381.61,48.78,97.73,0.9637,-1,-1,-1
587,1468,839.81,357.81,65.2,79.61,0.9632,-1,-1,-1
587,1506,1093.63,371.87,49.16,107.03,0.9624,-1,-1,-1
587,1243,1343.26,388.9,48.89,103.98,0.9561,-1,-1,-1
587,1571,1380.31,362.0,38.01,95.42,0.9489,-1,-1,-1
587,1568,731.95,919.78,77.04,157.99,0.9474,-1,-1,-1
587,1575,1172.5,332.45,37.18,90.16,0.8915,-1,-1,-1
587,1577,268.93,341.41,46.61,91.68,0.8897,-1,-1,-1
587,1480,1440.78,427.57,40.38,120.05,0.7868,-1,-1,-1
588,1534,1594.14,455.26,47.55,133.54,0.9775,-1,-1,-1
588,1382,1078.16,496.82,62.54,141.87,0.9768,-1,-1,-1
588,1262,629.89,488.81,73.28,139.16,0.9746,-1,-1,-1
588,1555,1498.73,359.69,47.29,95.9,0.9688,-1,-1,-1
588,1480,1452.0,424.36,43.65,121.38,0.9671,-1,-1,-1
588,1242,1639.06,661.58,94.45,194.96,0.9602,-1,-1,-1
588,1468,840.93,356.93,68.34,80.62,0.9545,-1,-1,-1
588,1506,1099.42,372.57,56.85,105.24,0.9484,-1,-1,-1
588,1526,230.43,359.07,43.85,113.1,0.9381,-1,-1,-1
588,1243,1369.28,382.19,49.06,106.58,0.9369,-1,-1,-1
588,1466,650.34,387.66,44.63,91.58,0.9294,-1,-1,-1
588,1577,277.39,339.13,53.22,94.29,0.9115,-1,-1,-1
588,1568,740.07,915.84,77.07,164.07,0.9063,-1,-1,-1
588,1575,1182.35,331.01,37.22,90.8,0.9024,-1,-1,-1
588,1571,1392.31,361.15,37.6,94.24,0.7279,-1,-1,-1
589,1382,1083.37,495.38,64.21,142.49,0.9765,-1,-1,-1
589,1534,1598.72,454.61,50.98,134.29,0.9764,-1,-1,-1
589,1262,636.03,487.77,72.98,139.46,0.9711,-1,-1,-1
589,1506,1103.43,369.78,56.89,108.14,0.9697,-1,-1,-1
589,1480,1456.25,424.6,47.52,119.96,0.965,-1,-1,-1
589,1555,1506.72,359.06,46.17,95.86,0.9642,-1,-1,-1
589,1466,651.08,379.85,49.8,99.14,0.9489,-1,-1,-1
589,1242,1647.62,659.92,86.15,195.37,0.948,-1,-1,-1
589,1577,281.24,339.28,53.83,93.8,0.9469,-1,-1,-1
589,1568,744.52,916.34,76.42,163.35,0.9448,-1,-1,-1
589,1468,845.0,355.89,62.22,81.95,0.9447,-1,-1,-1
589,1526,233.88,356.24,45.81,114.7,0.9274,-1,-1,-1
589,1243,1381.96,385.38,46.79,100.35,0.9057,-1,-1,-1
589,1575,1187.23,329.48,37.67,91.98,0.8592,-1,-1,-1
589,1571,1406.84,374.39,31.56,84.01,0.4299,-1,-1,-1
590,1534,1601.3,454.43,65.29,134.04,0.9723,-1,-1,-1
590,1262,646.95,486.59,73.98,138.33,0.9707,-1,-1,-1
590,1382,1094.2,493.28,62.98,141.86,0.9686,-1,-1,-1
590,1506,1114.37,368.04,56.99,110.32,0.968,-1,-1,-1
590,1243,1408.3,386.7,49.3,97.69,0.9646,-1,-1,-1
590,1555,1522.09,355.55,41.8,98.88,0.9646,-1,-1,-1
590,1577,291.2,337.28,52.67,97.14,0.9581,-1,-1,-1
590,1466,657.2,369.68,55.5,108.54,0.9579,-1,-1,-1
590,1526,239.55,359.27,44.26,110.07,0.9539,-1,-1,-1
590,1242,1662.29,663.78,71.91,185.16,0.9534,-1,-1,-1
590,1568,749.73,913.14,79.89,164.85,0.9217,-1,-1,-1
590,1468,857.72,350.21,44.87,88.62,0.8792,-1,-1,-1
590,1575,1199.91,330.78,36.41,89.47,0.5791,-1,-1,-1
590,1480,1463.18,425.18,55.39,120.72,0.511,-1,-1,-1
591,1382,1103.34,492.19,61.24,141.59,0.9752,-1,-1,-1
591,1262,657.64,485.68,76.09,137.09,0.9723,-1,-1,-1
591,1534,1604.6,453.12,75.09,134.65,0.9699,-1,-1,-1
591,1555,1534.23,355.95,40.97,98.93,0.9636,-1,-1,-1
591,1577,305.16,335.65,45.21,96.8,0.9631,-1,-1,-1
591,1466,664.2,368.85,57.11,108.83,0.9597,-1,-1,-1
591,1526,237.42,358.1,57.63,106.72,0.9584,-1,-1,-1
591,1568,757.59,912.55,78.74,165.97,0.9564,-1,-1,-1
591,1506,1126.03,373.33,51.36,102.63,0.9535,-1,-1,-1
591,1571,1413.09,361.59,40.29,97.05,0.9415,-1,-1,-1
591,1243,1434.88,383.26,44.83,94.47,0.9356,-1,-1,-1
591,1480,1463.76,424.61,67.91,120.23,0.9234,-1,-1,-1
591,1468,864.91,351.56,36.35,84.65,0.9188,-1,-1,-1
591,1575,1209.73,329.59,39.78,89.52,0.8974,-1,-1,-1
591,1242,1673.18,660.77,59.88,186.1,0.8944,-1,-1,-1
592,1262,662.14,484.83,75.36,137.6,0.9748,-1,-1,-1
592,1382,1107.98,489.77,58.15,141.97,0.9747,-1,-1,-1
592,1534,1609.91,452.21,77.92,135.61,0.9744,-1,-1,-1
592,1506,1132.46,373.53,47.87,101.02,0.9692,-1,-1,-1
592,1568,761.55,910.31,79.23,169.44,0.955,-1,-1,-1
592,1577,311.37,335.86,43.82,96.05,0.9532,-1,-1,-1
592,1526,236.8,358.01,59.05,106.45,0.952,-1,-1,-1
592,1571,1417.67,359.64,50.2,97.96,0.952,-1,-1,-1
592,1575,1213.58,329.43,41.21,88.96,0.9382,-1,-1,-1
592,1466,668.94,371.6,56.32,104.73,0.9361,-1,-1,-1
592,1555,1540.86,360.08,38.72,94.65,0.9274,-1,-1,-1
592,1468,866.98,351.1,31.18,83.52,0.9261,-1,-1,-1
592,1243,1448.63,387.84,43.58,87.24,0.9239,-1,-1,-1
592,1242,1675.17,657.31,58.19,188.72,0.92,-1,-1,-1
593,1382,1118.09,487.13,54.71,142.49,0.9747,-1,-1,-1
593,1526,238.81,357.28,67.11,105.48,0.9734,-1,-1,-1
593,1534,1620.75,452.84,80.06,132.41,0.9717,-1,-1,-1
593,1262,671.95,484.78,74.56,137.16,0.9711,-1,-1,-1
593,1506,1144.23,372.42,42.38,100.81,0.9692,-1,-1,-1
593,1466,677.4,369.08,53.8,107.53,0.963,-1,-1,-1
593,1577,324.12,332.66,41.87,97.21,0.9627,-1,-1,-1
593,1568,768.67,909.79,80.08,165.7,0.9602,-1,-1,-1
593,1571,1429.42,360.38,49.72,96.63,0.955,-1,-1,-1
593,1242,1679.51,658.44,56.89,187.46,0.9543,-1,-1,-1
593,1575,1225.22,329.91,40.23,88.1,0.9344,-1,-1,-1
593,1468,867.21,350.48,36.55,81.8,0.9268,-1,-1,-1
593,1555,1556.31,350.79,34.92,101.88,0.9139,-1,-1,-1
593,1480,1474.89,426.56,76.22,117.42,0.8776,-1,-1,-1
593,1243,1476.87,394.39,35.76,72.65,0.8713,-1,-1,-1
594,1534,1633.56,450.91,79.61,135.44,0.9784,-1,-1,-1
594,1262,681.91,483.06,68.97,136.49,0.9759,-1,-1,-1
594,1526,242.83,357.75,68.95,106.08,0.9742,-1,-1,-1
594,1382,1128.29,485.99,48.57,143.03,0.9717,-1,-1,-1
594,1506,1153.06,371.79,38.19,100.27,0.9667,-1,-1,-1
594,1466,681.99,369.47,50.64,106.37,0.9658,-1,-1,-1
594,1480,1488.5,422.57,72.56,119.79,0.9643,-1,-1,-1
594,1571,1440.76,356.66,47.28,98.16,0.9614,-1,-1,-1
594,1242,1682.3,657.18,64.29,189.66,0.9612,-1,-1,-1
594,1575,1235.24,329.07,40.89,89.59,0.9541,-1,-1,-1
594,1577,333.81,331.52,41.75,97.32,0.9534,-1,-1,-1
594,1568,776.32,907.64,81.39,170.63,0.9437,-1,-1,-1
594,1468,870.04,349.41,42.04,82.69,0.9392,-1,-1,-1
594,1555,1571.11,347.39,32.39,105.56,0.9206,-1,-1,-1
594,1243,1491.74,391.85,47.43,60.84,0.8057,-1,-1,-1
595,1382,1133.07,485.47,46.38,142.39,0.9737,-1,-1,-1
595,1526,248.9,358.73,66.14,105.02,0.9729,-1,-1,-1
595,1262,686.54,483.19,65.65,135.48,0.9715,-1,-1,-1
595,1466,685.7,370.2,47.96,104.8,0.9685,-1,-1,-1
595,1571,1445.59,355.59,46.01,99.2,0.9665,-1,-1,-1
595,1242,1683.92,656.99,69.52,189.57,0.9618,-1,-1,-1
595,1534,1639.24,451.72,78.89,132.34,0.9615,-1,-1,-1
595,1468,870.0,349.46,45.17,82.56,0.9559,-1,-1,-1
595,1568,778.77,905.66,83.43,172.71,0.955,-1,-1,-1
595,1577,338.83,330.89,43.91,97.83,0.9521,-1,-1,-1
595,1480,1495.52,423.55,71.35,117.66,0.94,-1,-1,-1
595,1575,1240.2,330.52,40.37,87.95,0.9367,-1,-1,-1
595,1555,1575.06,347.05,34.87,106.59,0.9206,-1,-1,-1
595,1506,1157.84,369.11,37.04,104.05,0.8787,-1,-1,-1
595,1243,1501.02,390.72,49.26,69.21,0.8763,-1,-1,-1
596,1534,1652.59,449.41,71.86,134.53,0.9767,-1,-1,-1
596,1262,694.31,481.74,58.19,133.62,0.9756,-1,-1,-1
596,1382,1141.54,483.91,45.74,143.49,0.9723,-1,-1,-1
596,1480,1507.68,420.86,64.66,118.9,0.9716,-1,-1,-1
596,1526,255.85,359.72,63.05,103.29,0.9663,-1,-1,-1
596,1577,344.01,330.06,45.22,98.42,0.9622,-1,-1,-1
596,1468,865.4,346.26,54.25,85.03,0.9621,-1,-1,-1
596,1242,1687.3,654.64,80.36,191.73,0.9551,-1,-1,-1
596,1466,695.91,371.81,40.25,99.98,0.954,-1,-1,-1
596,1243,1521.09,388.42,52.33,90.83,0.9519,-1,-1,-1
596,1568,787.05,906.16,82.88,172.15,0.9472,-1,-1,-1
596,1571,1458.38,357.26,40.18,96.67,0.943,-1,-1,-1
596,1575,1250.03,328.41,40.26,88.65,0.9313,-1,-1,-1
596,1506,1166.68,360.7,37.74,112.32,0.9302,-1,-1,-1
596,1555,1587.67,347.63,33.1,104.3,0.9185,-1,-1,-1
597,1534,1663.27,448.08,66.6,134.8,0.9773,-1,-1,-1
597,1262,701.48,479.37,52.71,134.87,0.9773,-1,-1,-1
597,1382,1149.69,483.66,48.48,143.11,0.9692,-1,-1,-1
597,1526,253.85,359.78,68.6,102.32,0.9691,-1,-1,-1
597,1480,1514.44,416.53,62.49,121.31,0.9684,-1,-1,-1
597,1468,864.93,339.32,56.9,92.96,0.967,-1,-1,-1
597,1577,353.01,331.26,45.38,96.59,0.9629,-1,-1,-1
597,1242,1682.68,655.49,96.55,192.01,0.9605,-1,-1,-1
597,1568,790.5,907.23,87.42,168.93,0.958,-1,-1,-1
597,1243,1543.88,390.03,49.61,93.77,0.9565,-1,-1,-1
597,1466,703.7,386.87,41.85,84.86,0.9388,-1,-1,-1
597,1575,1261.19,329.44,38.06,86.45,0.9378,-1,-1,-1
597,1555,1599.87,347.9,31.73,102.91,0.9271,-1,-1,-1
597,1506,1176.16,369.96,36.28,99.87,0.9248,-1,-1,-1
597,1571,1469.9,352.91,32.65,98.26,0.9063,-1,-1,-1
598,1526,249.04,360.77,75.62,101.76,0.9774,-1,-1,-1
598,1262,704.85,477.18,50.6,136.07,0.9768,-1,-1,-1
598,1534,1667.98,448.05,64.87,133.73,0.9748,-1,-1,-1
598,1480,1519.85,416.15,59.39,121.38,0.9719,-1,-1,-1
598,1382,1151.72,481.98,50.44,144.53,0.9704,-1,-1,-1
598,1466,704.92,365.51,45.18,105.98,0.9665,-1,-1,-1
598,1577,358.18,331.34,45.22,95.33,0.9616,-1,-1,-1
598,1568,792.53,905.33,89.77,170.36,0.9579,-1,-1,-1
598,1243,1550.76,388.25,52.66,94.67,0.9553,-1,-1,-1
598,1468,865.73,348.55,55.12,83.15,0.9532,-1,-1,-1
598,1242,1682.54,660.62,105.1,185.45,0.9472,-1,-1,-1
598,1575,1266.19,330.08,38.2,86.31,0.9346,-1,-1,-1
598,1506,1181.32,362.77,36.29,107.66,0.9339,-1,-1,-1
598,1555,1605.46,348.01,31.41,104.09,0.9297,-1,-1,-1
598,1571,1473.8,356.57,30.5,93.56,0.8977,-1,-1,-1
599,1526,244.3,361.05,79.45,100.61,0.9785,-1,-1,-1
599,1262,713.03,473.38,50.57,140.22,0.9778,-1,-1,-1
599,1382,1151.77,482.87,62.67,140.77,0.9756,-1,-1,-1
599,1534,1677.28,445.54,57.61,135.7,0.9742,-1,-1,-1
599,1243,1567.73,385.1,66.7,100.04,0.9723,-1,-1,-1
599,1466,710.57,365.18,49.37,105.63,0.9696,-1,-1,-1
599,1480,1526.87,414.69,53.69,121.88,0.9683,-1,-1,-1
599,1568,796.15,903.13,92.03,175.81,0.9608,-1,-1,-1
599,1468,873.17,343.24,46.9,89.22,0.9558,-1,-1,-1
599,1506,1186.58,361.2,39.56,110.27,0.9517,-1,-1,-1
599,1575,1271.45,328.41,41.46,86.99,0.9515,-1,-1,-1
599,1577,369.18,329.37,41.1,96.92,0.9512,-1,-1,-1
599,1555,1615.47,348.53,33.43,104.32,0.9221,-1,-1,-1
599,1242,1685.74,659.11,116.25,186.02,0.9218,-1,-1,-1
599,1571,1482.43,353.94,31.13,96.55,0.8912,-1,-1,-1
600,1526,244.15,360.5,79.05,101.11,0.9791,-1,-1,-1
600,1534,1685.28,444.66,50.74,135.09,0.9776,-1,-1,-1
600,1382,1156.84,481.23,67.58,143.22,0.9729,-1,-1,-1
600,1243,1587.36,384.94,71.69,101.33,0.9721,-1,-1,-1
600,1466,712.34,362.7,54.92,107.37,0.9711,-1,-1,-1
600,1262,718.56,472.25,54.49,138.74,0.9685,-1,-1,-1
600,1506,1189.97,360.46,43.12,108.37,0.9634,-1,-1,-1
600,1568,798.8,900.82,93.18,179.18,0.9612,-1,-1,-1
600,1577,379.29,329.1,42.0,96.0,0.9578,-1,-1,-1
600,1480,1535.88,412.28,44.64,122.55,0.957,-1,-1,-1
600,1242,1695.63,657.8,109.5,187.83,0.9555,-1,-1,-1
600,1575,1274.79,327.51,48.1,88.17,0.9539,-1,-1,-1
600,1555,1624.46,347.44,35.45,98.03,0.9324,-1,-1,-1
600,1571,1489.13,348.71,33.61,100.7,0.9284,-1,-1,-1
600,1468,880.94,344.65,34.54,86.2,0.9178,-1,-1,-1
601,1526,247.99,360.49,74.23,100.67,0.9793,-1,-1,-1
601,1534,1689.57,443.88,46.58,136.1,0.9792,-1,-1,-1
601,1262,720.68,471.92,56.77,138.53,0.9767,-1,-1,-1
601,1466,712.63,361.66,58.65,106.63,0.9714,-1,-1,-1
601,1382,1157.68,480.4,70.42,143.44,0.9713,-1,-1,-1
601,1243,1596.75,385.73,70.84,99.28,0.9687,-1,-1,-1
601,1575,1277.97,325.98,49.67,88.89,0.9646,-1,-1,-1
601,1577,384.35,329.58,45.16,94.5,0.958,-1,-1,-1
601,1506,1194.47,361.15,43.17,106.9,0.9578,-1,-1,-1
601,1568,799.79,898.99,93.62,181.01,0.9573,-1,-1,-1
601,1242,1695.37,658.2,114.79,187.41,0.9544,-1,-1,-1
601,1571,1493.39,350.07,33.87,99.25,0.9328,-1,-1,-1
601,1468,880.09,347.17,30.77,83.33,0.9183,-1,-1,-1
601,1555,1631.23,346.39,34.97,99.14,0.9089,-1,-1,-1
601,1480,1537.75,411.16,42.48,122.72,0.6545,-1,-1,-1
602,1262,723.53,470.83,61.77,138.66,0.9772,-1,-1,-1
602,1526,257.38,359.45,66.03,99.41,0.9734,-1,-1,-1
602,1243,1610.2,386.17,71.97,99.81,0.9727,-1,-1,-1
602,1534,1695.87,443.0,41.27,136.54,0.972,-1,-1,-1
602,1382,1167.15,479.14,69.54,144.22,0.9719,-1,-1,-1
602,1466,716.44,361.64,59.5,106.45,0.9691,-1,-1,-1
602,1571,1495.39,349.08,40.37,98.97,0.9678,-1,-1,-1
602,1506,1202.4,354.76,44.12,113.52,0.9636,-1,-1,-1
602,1575,1283.77,326.0,53.2,89.15,0.9574,-1,-1,-1
602,1568,799.68,896.31,94.7,183.69,0.9542,-1,-1,-1
602,1577,394.1,325.48,45.07,97.94,0.9534,-1,-1,-1
602,1468,878.11,344.63,35.41,85.43,0.9435,-1,-1,-1
602,1555,1638.88,345.89,36.99,90.82,0.9369,-1,-1,-1
602,1242,1704.41,658.07,113.84,184.01,0.9323,-1,-1,-1
603,1262,725.06,469.17,66.01,139.95,0.9778,-1,-1,-1
603,1382,1165.64,479.16,77.08,143.28,0.9744,-1,-1,-1
603,1526,267.73,357.18,57.77,101.18,0.9742,-1,-1,-1
603,1571,1495.91,347.05,48.93,100.45,0.9721,-1,-1,-1
603,1466,720.99,363.18,59.33,103.27,0.9712,-1,-1,-1
603,1534,1701.8,442.37,40.66,135.99,0.971,-1,-1,-1
603,1243,1628.68,385.74,63.68,99.48,0.9685,-1,-1,-1
603,1468,876.81,338.86,42.68,89.88,0.9665,-1,-1,-1
603,1506,1211.38,354.4,41.81,113.74,0.9626,-1,-1,-1
603,1577,404.16,325.54,45.13,96.89,0.9599,-1,-1,-1
603,1575,1292.4,327.53,51.24,85.77,0.9494,-1,-1,-1
603,1568,798.95,897.36,97.12,179.53,0.9468,-1,-1,-1
603,1242,1713.23,654.72,108.61,185.83,0.944,-1,-1,-1
603,1480,1547.57,408.5,41.56,125.42,0.9215,-1,-1,-1
603,1555,1648.14,344.22,37.36,80.09,0.9042,-1,-1,-1
604,1262,725.56,469.14,67.1,139.39,0.9781,-1,-1,-1
604,1526,272.03,354.95,53.38,102.76,0.9727,-1,-1,-1
604,1466,723.89,363.45,57.26,101.78,0.9719,-1,-1,-1
604,1534,1703.79,441.6,41.99,136.51,0.9704,-1,-1,-1
604,1243,1637.39,384.07,59.96,100.4,0.9696,-1,-1,-1
604,1571,1497.6,347.72,52.57,100.05,0.9692,-1,-1,-1
604,1382,1174.97,477.88,70.4,145.27,0.9685,-1,-1,-1
604,1468,872.45,343.87,49.95,84.07,0.9663,-1,-1,-1
604,1480,1549.35,409.02,45.5,123.84,0.9655,-1,-1,-1
604,1242,1717.68,653.04,102.13,187.62,0.96,-1,-1,-1
604,1506,1215.35,355.25,41.55,112.97,0.9585,-1,-1,-1
604,1575,1296.88,326.79,51.24,86.59,0.9572,-1,-1,-1
604,1577,408.98,324.97,50.31,98.08,0.9533,-1,-1,-1
604,1568,799.69,893.74,94.23,183.02,0.9504,-1,-1,-1
604,1555,1655.45,342.67,35.85,77.66,0.92,-1,-1,-1
604,1580,1245.69,312.65,27.6,88.6,0.6154,-1,-1,-1
605,1262,725.23,469.33,69.44,138.05,0.9785,-1,-1,-1
605,1382,1180.47,476.64,68.17,145.29,0.9751,-1,-1,-1
605,1242,1723.82,650.7,89.73,189.45,0.9742,-1,-1,-1
605,1534,1706.18,440.77,47.19,137.2,0.9741,-1,-1,-1
605,1571,1503.13,345.47,55.13,102.65,0.9727,-1,-1,-1
605,1243,1658.56,378.91,47.71,103.3,0.9714,-1,-1,-1
605,1526,282.55,352.12,43.26,103.23,0.9708,-1,-1,-1
605,1466,725.57,362.73,57.24,102.48,0.9706,-1,-1,-1
605,1575,1305.35,329.45,49.29,82.6,0.9633,-1,-1,-1
605,1468,867.89,341.32,57.17,85.39,0.9631,-1,-1,-1
605,1506,1224.49,359.97,39.99,108.19,0.9575,-1,-1,-1
605,1568,803.37,890.83,88.41,184.19,0.9555,-1,-1,-1
605,1480,1547.58,406.67,55.01,127.11,0.9536,-1,-1,-1
605,1577,420.82,322.93,42.43,98.71,0.9503,-1,-1,-1
605,1555,1664.83,342.14,35.72,79.62,0.8157,-1,-1,-1
605,1580,1252.05,312.5,31.94,88.93,0.6952,-1,-1,-1
606,1262,723.17,468.68,68.88,138.15,0.9783,-1,-1,-1
606,1382,1190.86,475.53,57.82,141.97,0.9774,-1,-1,-1
606,1534,1701.24,439.81,60.6,137.83,0.972,-1,-1,-1
606,1466,732.41,361.54,50.34,102.64,0.969,-1,-1,-1
606,1480,1545.51,408.57,65.91,121.79,0.9647,-1,-1,-1
606,1242,1731.31,648.23,76.29,186.18,0.9644,-1,-1,-1
606,1526,289.99,350.66,37.74,102.01,0.9639,-1,-1,-1
606,1243,1675.08,378.17,43.87,102.44,0.963,-1,-1,-1
606,1571,1511.44,347.94,52.25,99.47,0.9602,-1,-1,-1
606,1468,868.81,337.1,55.78,90.61,0.9569,-1,-1,-1
606,1506,1232.2,358.08,37.86,107.51,0.9539,-1,-1,-1
606,1577,429.53,325.32,45.94,96.36,0.9533,-1,-1,-1
606,1568,807.67,888.09,82.05,185.67,0.9513,-1,-1,-1
606,1575,1313.53,329.5,48.32,81.28,0.9505,-1,-1,-1
606,1555,1670.99,340.64,39.7,99.23,0.9186,-1,-1,-1
606,1580,1263.29,327.86,27.68,69.33,0.6584,-1,-1,-1
607,1382,1193.23,474.88,54.87,141.69,0.976,-1,-1,-1
607,1262,722.41,468.0,68.13,138.2,0.9749,-1,-1,-1
607,1571,1515.19,346.56,50.62,101.14,0.9721,-1,-1,-1
607,1534,1699.05,439.8,67.16,138.34,0.9721,-1,-1,-1
607,1480,1547.16,409.51,67.59,121.57,0.969,-1,-1,-1
607,1242,1735.66,647.68,69.92,184.77,0.9636,-1,-1,-1
607,1243,1684.36,377.99,40.57,102.07,0.9595,-1,-1,-1
607,1466,737.55,362.16,44.7,103.17,0.9586,-1,-1,-1
607,1575,1317.1,329.91,48.26,80.58,0.9564,-1,-1,-1
607,1526,292.78,350.2,36.64,101.68,0.953,-1,-1,-1
607,1506,1236.28,357.11,37.18,108.71,0.9502,-1,-1,-1
607,1568,809.35,886.88,79.42,186.38,0.9482,-1,-1,-1
607,1468,871.04,335.58,52.19,93.25,0.9461,-1,-1,-1
607,1577,433.42,325.11,49.32,96.76,0.9455,-1,-1,-1
607,1555,1670.98,341.79,42.54,107.31,0.9383,-1,-1,-1
607,1580,1267.07,329.2,28.24,66.82,0.7339,-1,-1,-1
608,1382,1197.47,473.26,45.96,142.06,0.9736,-1,-1,-1
608,1262,723.14,466.63,66.76,139.58,0.9732,-1,-1,-1
608,1534,1699.71,441.78,73.82,136.12,0.973,-1,-1,-1
608,1571,1521.43,344.55,49.41,103.37,0.9723,-1,-1,-1
608,1555,1675.79,341.04,44.73,103.99,0.9639,-1,-1,-1
608,1243,1696.1,378.6,41.68,100.35,0.9605,-1,-1,-1
608,1575,1325.06,328.79,47.59,81.44,0.96,-1,-1,-1
608,1480,1552.97,410.16,69.08,121.98,0.9584,-1,-1,-1
608,1466,743.13,359.1,38.38,105.25,0.9575,-1,-1,-1
608,1242,1742.93,647.32,53.96,182.86,0.9574,-1,-1,-1
608,1577,442.27,324.43,42.53,96.15,0.9555,-1,-1,-1
608,1568,812.71,883.18,73.12,190.18,0.9476,-1,-1,-1
608,1468,875.86,338.22,42.44,90.23,0.9474,-1,-1,-1
608,1526,297.45,347.87,36.56,103.17,0.9464,-1,-1,-1
608,1506,1242.15,355.01,36.61,108.71,0.9424,-1,-1,-1
608,1580,1276.27,329.85,26.72,65.79,0.5721,-1,-1,-1
609,1262,725.11,464.93,68.72,138.98,0.9777,-1,-1,-1
609,1534,1705.55,441.99,74.35,135.74,0.9766,-1,-1,-1
609,1571,1528.35,345.73,46.2,100.2,0.9699,-1,-1,-1
609,1382,1199.33,473.74,39.6,141.22,0.9683,-1,-1,-1
609,1480,1557.38,409.23,67.97,121.65,0.9667,-1,-1,-1
609,1555,1680.86,340.31,47.31,105.21,0.9645,-1,-1,-1
609,1243,1707.42,378.75,43.82,95.82,0.9611,-1,-1,-1
609,1575,1331.93,328.28,47.28,80.65,0.9566,-1,-1,-1
609,1577,452.06,325.81,40.14,94.04,0.9532,-1,-1,-1
609,1242,1745.69,647.35,51.12,182.35,0.9531,-1,-1,-1
609,1568,814.49,884.32,73.12,191.12,0.9504,-1,-1,-1
609,1526,301.51,341.98,37.26,109.74,0.9495,-1,-1,-1
609,1466,747.42,354.85,37.09,107.15,0.9491,-1,-1,-1
609,1468,877.32,337.51,33.79,89.99,0.9487,-1,-1,-1
609,1506,1248.83,357.16,34.16,106.99,0.9296,-1,-1,-1
609,1580,1285.98,336.01,26.8,59.62,0.529,-1,-1,-1
610,1534,1707.35,440.65,75.65,137.08,0.9777,-1,-1,-1
610,1262,726.62,465.25,71.46,137.5,0.9766,-1,-1,-1
610,1480,1559.51,408.67,67.56,122.18,0.9731,-1,-1,-1
610,1382,1200.26,473.14,37.63,139.5,0.969,-1,-1,-1
610,1555,1683.84,341.92,48.01,102.67,0.9677,-1,-1,-1
610,1571,1532.94,347.33,43.09,97.72,0.9664,-1,-1,-1
610,1243,1712.17,381.1,44.52,84.83,0.9592,-1,-1,-1
610,1242,1745.78,648.0,52.23,181.77,0.9539,-1,-1,-1
610,1568,814.03,883.61,74.61,192.01,0.9513,-1,-1,-1
610,1575,1335.72,329.45,47.85,79.42,0.9502,-1,-1,-1
610,1468,877.69,336.83,31.39,91.11,0.945,-1,-1,-1
610,1577,456.49,324.35,38.51,95.47,0.9436,-1,-1,-1
610,1506,1250.95,357.25,34.4,106.54,0.9353,-1,-1,-1
610,1466,748.35,357.57,36.57,103.92,0.9146,-1,-1,-1
610,1526,303.72,344.43,34.3,106.96,0.7855,-1,-1,-1
610,1580,1289.63,333.14,25.94,60.93,0.5206,-1,-1,-1
611,1534,1712.33,449.88,77.02,127.06,0.9778,-1,-1,-1
611,1262,730.93,462.55,71.55,139.92,0.9732,-1,-1,-1
611,1480,1565.29,407.95,63.96,122.54,0.9713,-1,-1,-1
611,1382,1199.72,471.54,40.71,141.4,0.9683,-1,-1,-1
611,1555,1689.9,342.46,49.09,103.61,0.9626,-1,-1,-1
611,1526,305.34,343.23,39.86,108.19,0.9601,-1,-1,-1
611,1242,1740.25,647.01,61.79,184.42,0.958,-1,-1,-1
611,1575,1343.22,329.21,48.63,78.93,0.9573,-1,-1,-1
611,1568,815.65,882.42,77.89,192.4,0.9544,-1,-1,-1
611,1577,466.34,324.82,39.37,94.83,0.9502,-1,-1,-1
611,1468,872.9,336.04,37.93,90.34,0.9481,-1,-1,-1
611,1571,1541.21,344.14,36.64,101.66,0.943,-1,-1,-1
611,1243,1725.49,382.64,42.35,81.02,0.9408,-1,-1,-1
611,1506,1256.15,354.98,34.4,108.48,0.9368,-1,-1,-1
611,1466,753.14,354.42,35.3,104.68,0.9332,-1,-1,-1
611,1580,1296.1,334.28,27.57,59.71,0.5474,-1,-1,-1
612,1534,1717.12,442.11,73.36,133.45,0.9756,-1,-1,-1
612,1262,733.29,463.01,70.94,138.97,0.974,-1,-1,-1
612,1526,304.36,343.18,46.5,106.72,0.9729,-1,-1,-1
612,1555,1696.74,344.25,48.75,100.76,0.9687,-1,-1,-1
612,1575,1348.66,328.06,52.69,80.04,0.9644,-1,-1,-1
612,1468,871.9,335.96,40.27,91.4,0.9628,-1,-1,-1
612,1480,1570.08,407.43,57.72,121.65,0.9615,-1,-1,-1
612,1242,1728.6,643.17,77.89,191.51,0.9607,-1,-1,-1
612,1243,1742.13,382.53,41.21,95.9,0.9592,-1,-1,-1
612,1382,1200.55,470.23,44.59,141.3,0.9586,-1,-1,-1
612,1506,1260.65,354.08,36.06,108.3,0.9491,-1,-1,-1
612,1568,815.95,882.0,81.86,193.18,0.9483,-1,-1,-1
612,1466,755.9,354.42,36.1,105.16,0.9451,-1,-1,-1
612,1571,1548.2,341.31,36.6,102.23,0.9261,-1,-1,-1
612,1577,478.45,324.95,36.41,93.91,0.8947,-1,-1,-1
613,1534,1721.18,439.82,68.14,136.23,0.9747,-1,-1,-1
613,1262,735.81,462.28,69.36,138.96,0.9743,-1,-1,-1
613,1526,303.49,345.94,49.53,103.6,0.9723,-1,-1,-1
613,1468,867.93,336.09,45.42,90.39,0.9676,-1,-1,-1
613,1243,1746.42,381.02,45.4,99.74,0.9672,-1,-1,-1
613,1555,1699.03,344.3,49.55,100.6,0.9664,-1,-1,-1
613,1575,1352.14,330.77,54.15,76.58,0.9599,-1,-1,-1
613,1242,1722.65,641.62,88.51,193.15,0.9591,-1,-1,-1
613,1466,756.5,352.27,36.83,107.54,0.9591,-1,-1,-1
613,1506,1263.11,354.24,35.95,107.91,0.9531,-1,-1,-1
613,1568,812.78,884.23,89.84,192.36,0.9439,-1,-1,-1
613,1382,1199.49,470.21,48.0,141.08,0.9401,-1,-1,-1
613,1480,1573.19,407.03,52.97,122.23,0.9302,-1,-1,-1
613,1577,483.16,323.37,33.41,94.7,0.9195,-1,-1,-1
613,1571,1549.23,340.99,34.92,104.77,0.9079,-1,-1,-1
614,1534,1725.99,439.18,63.12,135.06,0.9737,-1,-1,-1
614,1262,737.7,462.86,66.45,137.13,0.9735,-1,-1,-1
614,1526,301.44,348.26,55.93,101.33,0.9713,-1,-1,-1
614,1243,1756.86,378.36,46.9,104.12,0.9695,-1,-1,-1
614,1555,1705.12,342.63,51.4,101.83,0.9682,-1,-1,-1
614,1575,1358.15,329.08,56.33,77.75,0.9665,-1,-1,-1
614,1468,861.06,335.48,52.83,91.52,0.964,-1,-1,-1
614,1466,758.35,353.63,37.32,106.29,0.9597,-1,-1,-1
614,1382,1194.58,469.74,56.15,141.24,0.9482,-1,-1,-1
614,1568,812.76,883.24,92.85,192.83,0.9465,-1,-1,-1
614,1242,1716.23,641.34,104.04,191.86,0.9465,-1,-1,-1
614,1480,1578.36,406.36,44.88,120.79,0.9427,-1,-1,-1
614,1506,1268.51,356.07,33.91,106.06,0.9342,-1,-1,-1
614,1577,490.18,321.07,42.55,98.64,0.9317,-1,-1,-1
614,1571,1551.95,341.54,34.61,102.43,0.8966,-1,-1,-1
615,1526,303.81,349.93,58.42,100.25,0.9744,-1,-1,-1
615,1534,1732.95,438.36,53.14,133.76,0.9726,-1,-1,-1
615,1466,754.12,355.19,45.52,105.33,0.9706,-1,-1,-1
615,1262,739.73,463.01,62.33,133.88,0.9699,-1,-1,-1
615,1555,1710.76,341.55,53.88,101.76,0.9696,-1,-1,-1
615,1468,860.8,337.66,50.6,90.42,0.9652,-1,-1,-1
615,1243,1764.8,380.09,53.31,103.32,0.9599,-1,-1,-1
615,1575,1364.8,327.49,56.33,78.32,0.959,-1,-1,-1
615,1568,812.96,882.48,96.02,193.09,0.955,-1,-1,-1
615,1506,1273.14,354.37,34.71,106.26,0.9535,-1,-1,-1
615,1382,1191.44,469.62,65.85,141.13,0.952,-1,-1,-1
615,1242,1717.06,641.79,108.51,190.71,0.9515,-1,-1,-1
615,1571,1552.78,340.37,41.05,103.92,0.9344,-1,-1,-1
615,1577,497.76,321.69,42.92,96.45,0.9243,-1,-1,-1
615,1480,1584.48,404.61,33.08,122.12,0.7697,-1,-1,-1
616,1382,1192.1,469.84,67.42,140.79,0.9751,-1,-1,-1
616,1534,1735.65,436.4,49.17,135.5,0.9749,-1,-1,-1
616,1466,751.57,355.17,49.44,104.79,0.9736,-1,-1,-1
616,1526,304.01,350.03,61.19,100.16,0.97,-1,-1,-1
616,1262,741.16,462.59,59.64,133.22,0.9686,-1,-1,-1
616,1243,1770.4,378.48,52.93,106.21,0.9655,-1,-1,-1
616,1468,864.75,337.53,45.32,89.16,0.9653,-1,-1,-1
616,1555,1714.83,343.03,54.22,99.57,0.9639,-1,-1,-1
616,1575,1367.0,325.56,58.16,80.2,0.9616,-1,-1,-1
616,1506,1275.82,354.9,34.47,104.53,0.9588,-1,-1,-1
616,1242,1718.59,641.23,108.67,191.51,0.9578,-1,-1,-1
616,1568,813.54,881.87,95.37,193.17,0.9536,-1,-1,-1
616,1577,502.0,321.55,43.39,95.46,0.9421,-1,-1,-1
616,1571,1554.46,340.51,41.78,103.35,0.9293,-1,-1,-1
616,1480,1584.97,403.97,31.64,123.99,0.9209,-1,-1,-1
617,1382,1195.57,468.24,68.41,141.64,0.9751,-1,-1,-1
617,1534,1742.0,433.66,38.55,136.65,0.9734,-1,-1,-1
617,1526,310.07,348.19,59.65,100.98,0.9726,-1,-1,-1
617,1466,748.16,357.55,55.85,100.52,0.9703,-1,-1,-1
617,1243,1774.66,379.94,62.36,104.84,0.9693,-1,-1,-1
617,1262,743.51,461.1,56.65,132.8,0.9689,-1,-1,-1
617,1555,1720.01,342.38,56.86,97.95,0.9652,-1,-1,-1
617,1242,1721.83,641.55,107.43,190.58,0.9621,-1,-1,-1
617,1577,508.75,321.83,45.98,95.95,0.9596,-1,-1,-1
617,1575,1372.06,326.32,60.21,78.72,0.957,-1,-1,-1
617,1506,1282.02,354.09,33.18,104.27,0.9534,-1,-1,-1
617,1468,870.4,335.45,33.66,90.71,0.9471,-1,-1,-1
617,1568,814.85,881.02,93.65,190.78,0.9454,-1,-1,-1
617,1571,1556.98,340.45,45.16,103.45,0.939,-1,-1,-1
617,1480,1586.26,404.89,31.55,120.77,0.6916,-1,-1,-1
618,1382,1198.49,466.71,67.67,141.03,0.9778,-1,-1,-1
618,1262,745.96,458.2,53.86,134.79,0.9709,-1,-1,-1
618,1526,316.23,346.82,60.02,100.14,0.9695,-1,-1,-1
618,1466,746.56,357.31,62.28,100.34,0.9685,-1,-1,-1
618,1243,1787.78,381.78,57.43,103.99,0.9674,-1,-1,-1
618,1534,1742.19,431.85,36.42,136.28,0.9667,-1,-1,-1
618,1555,1727.4,341.25,57.05,100.13,0.9632,-1,-1,-1
618,1575,1378.18,322.06,59.87,82.04,0.9631,-1,-1,-1
618,1242,1723.23,639.03,106.82,192.57,0.9565,-1,-1,-1
618,1577,516.24,323.03,50.42,94.99,0.9542,-1,-1,-1
618,1506,1287.74,353.03,31.88,104.16,0.9539,-1,-1,-1
618,1571,1560.35,338.85,45.7,102.98,0.9482,-1,-1,-1
618,1568,821.13,874.57,78.56,194.59,0.9434,-1,-1,-1
618,1468,869.4,334.46,26.78,89.5,0.9358,-1,-1,-1
619,1382,1199.69,465.74,66.39,142.01,0.9792,-1,-1,-1
619,1262,746.41,456.63,54.24,135.85,0.9708,-1,-1,-1
619,1526,320.66,346.32,57.88,99.71,0.969,-1,-1,-1
619,1243,1790.3,381.79,58.02,103.99,0.9675,-1,-1,-1
619,1466,747.31,357.68,65.12,99.63,0.9674,-1,-1,-1
619,1534,1742.31,432.38,36.62,134.64,0.9657,-1,-1,-1
619,1575,1383.04,321.11,59.43,82.21,0.9628,-1,-1,-1
619,1555,1731.23,340.44,58.01,100.04,0.9592,-1,-1,-1
619,1577,520.92,323.74,52.4,93.36,0.9573,-1,-1,-1
619,1242,1726.13,638.46,104.39,190.96,0.9573,-1,-1,-1
619,1571,1562.41,338.74,45.18,102.19,0.9523,-1,-1,-1
619,1506,1290.41,349.91,31.63,108.12,0.9505,-1,-1,-1
619,1468,867.78,332.72,27.72,90.12,0.9393,-1,-1,-1
619,1568,820.84,873.04,77.67,193.25,0.9075,-1,-1,-1
619,1480,1579.52,403.06,42.9,122.63,0.4498,-1,-1,-1
620,1382,1202.69,464.53,62.21,140.71,0.9788,-1,-1,-1
620,1262,745.66,453.98,60.67,137.78,0.9769,-1,-1,-1
620,1526,327.74,341.57,53.21,102.41,0.9763,-1,-1,-1
620,1466,751.14,356.9,66.15,98.23,0.9708,-1,-1,-1
620,1242,1733.33,636.98,92.83,188.48,0.9703,-1,-1,-1
620,1534,1742.27,435.78,40.1,131.85,0.9689,-1,-1,-1
620,1571,1564.82,339.93,46.87,100.79,0.9616,-1,-1,-1
620,1243,1797.64,378.8,56.63,106.4,0.9615,-1,-1,-1
620,1577,526.35,324.33,59.88,91.42,0.9535,-1,-1,-1
620,1575,1393.49,320.01,54.97,81.6,0.9526,-1,-1,-1
620,1468,865.39,331.6,34.12,90.78,0.9494,-1,-1,-1
620,1555,1746.77,337.17,52.25,112.98,0.949,-1,-1,-1
620,1506,1297.39,348.94,29.7,107.22,0.9486,-1,-1,-1
620,1568,818.72,872.8,78.68,191.01,0.9312,-1,-1,-1
620,1480,1573.59,404.1,56.58,119.6,0.8256,-1,-1,-1
621,1534,1736.91,429.97,48.35,135.44,0.9767,-1,-1,-1
621,1262,743.81,451.08,66.54,138.7,0.9752,-1,-1,-1
621,1382,1206.21,461.4,55.79,140.08,0.9742,-1,-1,-1
621,1526,335.52,336.85,46.79,104.47,0.9721,-1,-1,-1
621,1466,754.81,354.38,67.95,97.55,0.9719,-1,-1,-1
621,1468,858.04,329.22,46.4,90.76,0.9683,-1,-1,-1
621,1243,1800.23,374.91,60.24,107.75,0.9679,-1,-1,-1
621,1480,1570.97,403.91,63.79,120.71,0.9621,-1,-1,-1
621,1577,533.82,325.26,54.75,89.2,0.961,-1,-1,-1
621,1242,1739.54,636.06,79.52,186.0,0.9514,-1,-1,-1
621,1555,1755.2,333.4,52.26,108.24,0.9471,-1,-1,-1
621,1571,1568.46,336.12,46.61,103.6,0.9468,-1,-1,-1
621,1575,1405.7,317.99,49.11,82.84,0.9443,-1,-1,-1
621,1506,1303.11,348.41,28.79,106.2,0.9426,-1,-1,-1
621,1568,814.58,871.51,73.23,186.8,0.9069,-1,-1,-1
622,1382,1208.6,460.63,50.56,138.98,0.9752,-1,-1,-1
622,1534,1733.76,430.26,53.87,135.03,0.9751,-1,-1,-1
622,1262,742.88,450.73,69.35,139.42,0.9734,-1,-1,-1
622,1466,753.36,353.63,71.41,97.66,0.9722,-1,-1,-1
622,1526,338.24,336.35,45.8,104.21,0.9708,-1,-1,-1
622,1468,853.1,328.72,53.24,90.86,0.9707,-1,-1,-1
622,1243,1801.35,373.33,60.53,107.94,0.9668,-1,-1,-1
622,1577,536.81,325.59,51.77,88.2,0.963,-1,-1,-1
622,1480,1571.63,404.52,65.94,119.82,0.9606,-1,-1,-1
622,1571,1570.27,335.23,46.82,102.77,0.956,-1,-1,-1
622,1555,1757.02,331.34,54.37,109.45,0.955,-1,-1,-1
622,1242,1742.11,631.42,73.21,189.05,0.9522,-1,-1,-1
622,1575,1410.62,315.26,45.44,84.54,0.9426,-1,-1,-1
622,1506,1306.69,347.56,28.15,105.92,0.934,-1,-1,-1
622,1568,811.95,871.68,65.86,184.12,0.8993,-1,-1,-1
623,1534,1727.92,429.02,64.65,135.38,0.9781,-1,-1,-1
623,1382,1212.18,458.33,43.32,138.89,0.9744,-1,-1,-1
623,1526,342.59,334.06,43.26,104.54,0.9725,-1,-1,-1
623,1466,749.65,353.15,73.97,97.12,0.9723,-1,-1,-1
623,1262,741.42,451.34,73.99,136.87,0.9704,-1,-1,-1
623,1468,847.96,328.3,60.89,90.29,0.9703,-1,-1,-1
623,1555,1763.39,328.77,56.33,108.47,0.9622,-1,-1,-1
623,1243,1808.5,374.09,56.85,105.16,0.961,-1,-1,-1
623,1480,1576.51,404.96,65.34,116.02,0.955,-1,-1,-1
623,1577,544.86,324.4,43.77,87.27,0.9504,-1,-1,-1
623,1242,1747.65,630.58,57.89,186.8,0.9491,-1,-1,-1
623,1506,1312.27,346.95,27.42,105.09,0.9436,-1,-1,-1
623,1575,1424.81,310.13,39.93,87.99,0.94,-1,-1,-1
623,1571,1574.96,334.66,47.03,100.49,0.9291,-1,-1,-1
623,1568,803.87,873.64,69.47,180.36,0.8962,-1,-1,-1
624,1534,1726.69,428.7,71.28,134.67,0.9729,-1,-1,-1
624,1526,346.84,332.47,43.52,103.48,0.9722,-1,-1,-1
624,1466,749.48,352.43,68.23,98.93,0.9711,-1,-1,-1
624,1468,847.35,328.42,62.96,89.53,0.9702,-1,-1,-1
624,1262,739.25,451.47,76.97,134.94,0.9682,-1,-1,-1
624,1243,1820.41,372.91,48.06,104.56,0.9667,-1,-1,-1
624,1382,1215.96,456.56,36.36,137.9,0.9655,-1,-1,-1
624,1555,1772.16,326.32,55.58,109.69,0.9586,-1,-1,-1
624,1242,1745.3,631.25,54.5,183.37,0.9546,-1,-1,-1
624,1480,1581.1,406.69,63.28,113.34,0.9534,-1,-1,-1
624,1577,554.36,323.25,41.08,87.23,0.9458,-1,-1,-1
624,1571,1585.23,335.34,39.17,93.04,0.9422,-1,-1,-1
624,1506,1316.77,345.13,28.4,105.29,0.9394,-1,-1,-1
624,1568,799.95,874.83,75.35,177.18,0.9323,-1,-1,-1
624,1575,1436.61,306.47,34.57,90.95,0.9268,-1,-1,-1
625,1534,1727.73,428.13,73.96,134.52,0.9726,-1,-1,-1
625,1382,1216.11,456.4,37.58,137.5,0.9724,-1,-1,-1
625,1526,348.81,330.45,45.12,104.41,0.9716,-1,-1,-1
625,1262,738.76,449.74,75.94,136.2,0.9693,-1,-1,-1
625,1468,847.9,328.14,62.15,90.24,0.9691,-1,-1,-1
625,1243,1821.76,374.67,50.89,103.67,0.964,-1,-1,-1
625,1466,748.55,353.3,61.33,96.09,0.9633,-1,-1,-1
625,1480,1583.78,406.02,62.51,113.03,0.9615,-1,-1,-1
625,1555,1777.84,326.77,55.04,109.01,0.9581,-1,-1,-1
625,1242,1744.63,630.38,54.67,183.0,0.9548,-1,-1,-1
625,1577,558.32,321.6,39.25,87.98,0.953,-1,-1,-1
625,1571,1586.52,334.47,41.02,90.4,0.9456,-1,-1,-1
625,1506,1320.24,344.64,27.36,105.0,0.9415,-1,-1,-1
625,1568,798.06,875.27,78.29,176.92,0.925,-1,-1,-1
625,1575,1440.7,308.78,35.11,87.01,0.9132,-1,-1,-1
626,1534,1731.87,426.88,75.35,135.13,0.9782,-1,-1,-1
626,1382,1214.24,454.35,42.8,140.29,0.9739,-1,-1,-1
626,1466,750.05,353.78,64.62,94.65,0.9736,-1,-1,-1
626,1526,352.23,325.73,47.24,108.29,0.9721,-1,-1,-1
626,1262,739.31,449.81,72.62,133.16,0.9716,-1,-1,-1
626,1243,1828.06,370.3,51.53,107.63,0.9689,-1,-1,-1
626,1468,852.77,327.8,54.7,89.99,0.968,-1,-1,-1
626,1555,1784.95,324.62,56.59,108.38,0.9631,-1,-1,-1
626,1577,561.72,320.41,43.59,87.43,0.9576,-1,-1,-1
626,1242,1741.6,629.6,58.58,181.51,0.9559,-1,-1,-1
626,1571,1590.97,333.22,41.63,84.92,0.9541,-1,-1,-1
626,1480,1588.82,401.91,56.91,114.11,0.9489,-1,-1,-1
626,1506,1324.24,343.63,30.26,104.89,0.9432,-1,-1,-1
626,1568,793.09,875.08,92.14,180.11,0.9368,-1,-1,-1
626,1575,1448.48,311.48,33.97,82.1,0.8865,-1,-1,-1
627,1262,741.46,447.05,68.59,135.73,0.9723,-1,-1,-1
627,1466,748.64,351.23,69.12,95.88,0.9714,-1,-1,-1
627,1382,1206.15,453.23,57.05,140.15,0.9713,-1,-1,-1
627,1243,1838.19,373.3,47.16,103.19,0.9711,-1,-1,-1
627,1526,355.48,327.01,52.32,106.39,0.9692,-1,-1,-1
627,1534,1736.45,426.56,75.56,133.06,0.9686,-1,-1,-1
627,1468,857.28,328.45,45.41,88.58,0.9655,-1,-1,-1
627,1242,1733.96,626.6,68.06,186.72,0.9556,-1,-1,-1
627,1571,1594.83,332.25,42.03,84.55,0.9524,-1,-1,-1
627,1577,567.77,317.86,45.04,88.35,0.9516,-1,-1,-1
627,1555,1793.3,324.82,56.05,109.61,0.9456,-1,-1,-1
627,1506,1328.95,342.91,32.21,102.96,0.9328,-1,-1,-1
627,1568,785.08,876.19,99.77,171.27,0.9051,-1,-1,-1
627,1575,1456.18,306.11,32.86,85.9,0.8833,-1,-1,-1
627,1480,1594.7,398.9,47.44,115.02,0.7206,-1,-1,-1
628,1382,1201.85,453.03,64.08,140.22,0.9751,-1,-1,-1
628,1466,748.8,350.63,71.58,95.57,0.973,-1,-1,-1
628,1262,743.17,446.53,67.55,134.62,0.9724,-1,-1,-1
628,1243,1840.75,375.15,47.94,101.14,0.9704,-1,-1,-1
628,1526,357.19,329.33,55.06,104.81,0.965,-1,-1,-1
628,1468,858.92,328.15,40.79,88.24,0.9628,-1,-1,-1
628,1577,574.19,315.85,41.59,89.92,0.9615,-1,-1,-1
628,1242,1728.72,625.04,74.64,188.95,0.9533,-1,-1,-1
628,1571,1599.62,331.29,41.39,86.02,0.952,-1,-1,-1
628,1506,1331.62,342.44,33.28,104.91,0.9484,-1,-1,-1
628,1555,1798.01,325.36,54.95,110.2,0.9404,-1,-1,-1
628,1534,1737.33,425.63,75.93,132.74,0.9337,-1,-1,-1
628,1575,1459.62,307.42,34.23,85.27,0.8847,-1,-1,-1
628,1480,1596.97,398.53,43.97,114.85,0.876,-1,-1,-1
628,1568,783.67,876.37,104.53,171.29,0.8736,-1,-1,-1
629,1534,1741.38,424.38,75.46,132.97,0.974,-1,-1,-1
629,1466,748.66,347.81,71.31,95.17,0.9733,-1,-1,-1
629,1382,1199.22,452.23,72.39,140.44,0.9708,-1,-1,-1
629,1262,745.63,444.23,67.29,133.56,0.9703,-1,-1,-1
629,1243,1850.59,377.63,45.35,98.68,0.9696,-1,-1,-1
629,1526,363.78,330.52,56.22,102.91,0.9652,-1,-1,-1
629,1506,1335.28,341.53,35.77,104.51,0.9583,-1,-1,-1
629,1242,1716.97,624.74,92.97,190.57,0.9579,-1,-1,-1
629,1577,582.1,313.43,39.0,91.29,0.9518,-1,-1,-1
629,1555,1804.42,324.99,56.84,107.3,0.9447,-1,-1,-1
629,1571,1603.55,329.71,42.19,87.94,0.9378,-1,-1,-1
629,1575,1467.16,304.06,37.58,86.86,0.9307,-1,-1,-1
629,1468,861.68,325.96,31.07,89.9,0.9209,-1,-1,-1
629,1568,778.61,877.73,121.0,173.06,0.9201,-1,-1,-1
629,1480,1600.47,395.71,37.83,117.86,0.5751,-1,-1,-1
630,1262,748.83,440.78,67.24,138.32,0.9766,-1,-1,-1
630,1534,1748.12,422.83,70.03,133.01,0.9756,-1,-1,-1
630,1382,1201.04,452.36,76.34,136.85,0.9741,-1,-1,-1
630,1466,751.62,344.83,66.51,94.74,0.9735,-1,-1,-1
630,1243,1851.8,379.31,51.62,96.63,0.9686,-1,-1,-1
630,1526,372.03,327.91,54.83,103.73,0.9631,-1,-1,-1
630,1506,1342.55,340.32,35.51,104.7,0.9528,-1,-1,-1
630,1575,1474.3,305.46,42.45,84.02,0.9488,-1,-1,-1
630,1577,588.89,310.26,37.92,93.87,0.9479,-1,-1,-1
630,1555,1812.78,327.36,56.13,105.24,0.9464,-1,-1,-1
630,1468,863.87,321.08,29.89,92.7,0.943,-1,-1,-1
630,1571,1608.55,329.9,44.41,93.86,0.9355,-1,-1,-1
630,1242,1712.99,628.15,103.91,184.21,0.9277,-1,-1,-1
630,1568,776.95,880.24,133.24,164.06,0.9132,-1,-1,-1
630,1480,1601.35,394.06,34.86,118.83,0.8153,-1,-1,-1
631,1262,751.48,440.2,66.33,137.87,0.9802,-1,-1,-1
631,1534,1750.66,422.32,67.57,132.91,0.9759,-1,-1,-1
631,1382,1203.05,452.01,77.71,136.2,0.9733,-1,-1,-1
631,1466,752.96,346.11,62.54,94.04,0.9689,-1,-1,-1
631,1243,1858.2,383.36,48.49,91.99,0.9684,-1,-1,-1
631,1526,376.88,328.0,53.92,101.41,0.9648,-1,-1,-1
631,1506,1345.59,338.85,35.75,105.58,0.9576,-1,-1,-1
631,1555,1820.01,327.85,52.4,104.02,0.9524,-1,-1,-1
631,1575,1478.01,304.44,43.45,84.89,0.9496,-1,-1,-1
631,1468,865.28,320.89,31.7,92.02,0.9395,-1,-1,-1
631,1242,1713.55,627.55,107.54,184.67,0.9224,-1,-1,-1
631,1568,775.38,880.15,135.31,163.07,0.9195,-1,-1,-1
631,1571,1611.74,326.76,42.9,98.02,0.9189,-1,-1,-1
631,1577,594.05,309.42,35.13,92.77,0.8986,-1,-1,-1
631,1480,1601.7,390.98,34.92,120.51,0.7079,-1,-1,-1
632,1534,1757.16,420.81,60.4,132.28,0.9742,-1,-1,-1
632,1262,755.49,438.93,67.17,137.51,0.9734,-1,-1,-1
632,1382,1208.61,450.95,76.18,136.28,0.966,-1,-1,-1
632,1243,1865.66,384.5,45.05,90.34,0.9632,-1,-1,-1
632,1468,863.53,317.53,37.35,94.97,0.9613,-1,-1,-1
632,1506,1350.79,338.61,36.96,104.02,0.9597,-1,-1,-1
632,1555,1833.22,326.41,47.06,101.14,0.9589,-1,-1,-1
632,1575,1484.85,302.59,45.49,86.54,0.9574,-1,-1,-1
632,1526,387.33,327.73,47.11,98.92,0.9527,-1,-1,-1
632,1466,757.75,350.1,51.42,89.98,0.9519,-1,-1,-1
632,1242,1713.28,623.72,114.0,187.2,0.9475,-1,-1,-1
632,1568,775.05,880.86,132.47,158.94,0.9077,-1,-1,-1
632,1571,1619.66,326.16,41.48,100.63,0.8839,-1,-1,-1
632,1480,1601.8,389.0,36.49,121.84,0.8248,-1,-1,-1
632,1577,603.26,309.01,32.71,91.35,0.8113,-1,-1,-1
633,1534,1765.46,418.91,50.04,132.17,0.9746,-1,-1,-1
633,1468,859.97,317.17,46.2,93.11,0.9704,-1,-1,-1
633,1382,1215.36,449.13,71.03,137.37,0.9681,-1,-1,-1
633,1262,757.73,439.65,65.44,134.87,0.9679,-1,-1,-1
633,1506,1355.74,338.38,39.22,102.97,0.9657,-1,-1,-1
633,1242,1719.06,622.87,110.09,188.14,0.9654,-1,-1,-1
633,1243,1869.8,384.45,44.83,92.85,0.9623,-1,-1,-1
633,1555,1838.98,325.62,51.55,101.29,0.9589,-1,-1,-1
633,1466,759.06,348.13,40.46,90.85,0.9569,-1,-1,-1
633,1575,1491.47,299.63,45.75,89.9,0.9455,-1,-1,-1
633,1526,399.32,330.86,40.75,93.58,0.9398,-1,-1,-1
633,1568,780.0,881.32,120.02,158.3,0.9356,-1,-1,-1
633,1480,1600.18,387.53,42.9,124.36,0.9255,-1,-1,-1
633,1577,610.01,308.1,32.66,91.82,0.8915,-1,-1,-1
633,1571,1627.27,326.07,35.87,104.05,0.7913,-1,-1,-1
634,1382,1217.99,448.03,68.71,138.66,0.9724,-1,-1,-1
634,1534,1768.36,418.37,45.64,132.15,0.9714,-1,-1,-1
634,1468,859.14,320.1,49.13,89.69,0.9713,-1,-1,-1
634,1506,1358.64,337.67,39.4,102.76,0.9674,-1,-1,-1
634,1262,758.18,439.92,65.44,134.52,0.967,-1,-1,-1
634,1242,1720.05,623.04,111.46,187.11,0.9654,-1,-1,-1
634,1466,758.78,348.2,42.31,89.39,0.9598,-1,-1,-1
634,1480,1597.38,387.73,48.33,123.93,0.9593,-1,-1,-1
634,1568,782.6,879.45,110.79,161.74,0.9535,-1,-1,-1
634,1243,1873.23,386.12,44.85,92.15,0.9515,-1,-1,-1
634,1575,1495.09,300.23,45.27,87.59,0.9514,-1,-1,-1
634,1526,402.13,330.23,41.54,93.1,0.9511,-1,-1,-1
634,1555,1841.64,325.49,55.12,98.04,0.9427,-1,-1,-1
634,1577,612.01,307.89,35.4,91.29,0.9093,-1,-1,-1
634,1571,1629.76,327.16,35.96,101.76,0.8635,-1,-1,-1
635,1382,1226.05,447.34,59.82,136.4,0.973,-1,-1,-1
635,1466,755.21,348.78,54.4,89.2,0.9715,-1,-1,-1
635,1468,859.71,319.48,51.33,89.8,0.9714,-1,-1,-1
635,1506,1361.84,336.49,42.14,103.86,0.9698,-1,-1,-1
635,1480,1592.36,388.58,58.97,120.5,0.9687,-1,-1,-1
635,1534,1769.83,418.6,38.58,130.23,0.9682,-1,-1,-1
635,1242,1722.66,620.85,110.82,187.51,0.9657,-1,-1,-1
635,1262,760.04,440.32,63.99,132.63,0.9614,-1,-1,-1
635,1526,408.57,325.68,41.81,97.17,0.9572,-1,-1,-1
635,1575,1501.62,297.5,45.22,90.08,0.9554,-1,-1,-1
635,1555,1850.46,326.39,54.6,71.39,0.9406,-1,-1,-1
635,1571,1636.74,327.65,31.63,101.42,0.9188,-1,-1,-1
635,1577,621.45,308.12,32.75,90.77,0.9157,-1,-1,-1
635,1568,801.44,883.38,74.66,150.47,0.9149,-1,-1,-1
635,1243,1878.09,401.28,40.1,79.66,0.5838,-1,-1,-1
636,1382,1233.15,445.28,47.56,135.51,0.975,-1,-1,-1
636,1506,1365.28,336.28,45.22,102.95,0.9727,-1,-1,-1
636,1480,1592.25,388.41,64.74,120.56,0.9717,-1,-1,-1
636,1466,748.71,348.16,63.81,87.94,0.9712,-1,-1,-1
636,1468,863.09,319.4,49.08,91.21,0.9678,-1,-1,-1
636,1242,1728.38,618.7,103.03,187.74,0.9652,-1,-1,-1
636,1262,761.85,440.19,61.85,130.22,0.9643,-1,-1,-1
636,1526,412.62,328.37,42.12,94.67,0.9594,-1,-1,-1
636,1575,1509.04,297.22,44.52,89.45,0.9578,-1,-1,-1
636,1243,1874.28,370.54,45.01,108.23,0.9507,-1,-1,-1
636,1534,1769.93,416.46,35.84,131.95,0.9488,-1,-1,-1
636,1555,1867.13,324.43,47.88,83.15,0.9422,-1,-1,-1
636,1571,1641.73,322.78,30.58,106.85,0.9374,-1,-1,-1
636,1568,804.38,883.87,61.1,147.54,0.9315,-1,-1,-1
636,1577,627.96,308.85,32.82,88.84,0.8949,-1,-1,-1
637,1382,1234.4,444.93,45.31,135.5,0.9757,-1,-1,-1
637,1242,1734.18,621.96,94.99,180.97,0.9723,-1,-1,-1
637,1480,1592.5,388.78,68.04,120.14,0.9714,-1,-1,-1
637,1468,865.32,319.87,47.19,90.27,0.9701,-1,-1,-1
637,1466,743.35,348.05,69.55,89.42,0.97,-1,-1,-1
637,1506,1368.38,336.02,45.13,103.11,0.9682,-1,-1,-1
637,1262,763.13,439.49,59.87,129.97,0.9662,-1,-1,-1
637,1526,416.08,329.05,41.62,94.23,0.9623,-1,-1,-1
637,1534,1770.0,417.52,36.86,130.09,0.9615,-1,-1,-1
637,1575,1513.0,297.34,43.46,89.42,0.9529,-1,-1,-1
637,1243,1875.08,370.8,44.65,107.74,0.9509,-1,-1,-1
637,1571,1643.58,323.36,31.56,107.99,0.9395,-1,-1,-1
637,1568,803.03,883.52,62.29,147.09,0.9324,-1,-1,-1
637,1577,631.72,307.9,33.76,88.94,0.9169,-1,-1,-1
637,1555,1872.16,324.16,45.18,86.76,0.9051,-1,-1,-1
638,1506,1371.43,335.67,48.25,104.16,0.973,-1,-1,-1
638,1382,1234.91,443.51,41.4,136.56,0.9704,-1,-1,-1
638,1262,766.71,437.88,57.73,131.23,0.9703,-1,-1,-1
638,1480,1597.39,387.24,67.9,122.01,0.9685,-1,-1,-1
638,1534,1768.41,416.91,42.01,130.79,0.9681,-1,-1,-1
638,1466,738.88,347.81,71.65,91.51,0.9677,-1,-1,-1
638,1526,421.46,332.33,42.27,90.89,0.9647,-1,-1,-1
638,1468,872.16,320.55,39.52,88.29,0.9642,-1,-1,-1
638,1242,1739.72,617.17,79.93,184.95,0.9546,-1,-1,-1
638,1575,1521.2,294.68,42.27,90.38,0.9525,-1,-1,-1
638,1571,1647.63,322.06,33.17,108.82,0.9423,-1,-1,-1
638,1243,1877.96,373.69,41.6,103.15,0.936,-1,-1,-1
638,1568,800.34,882.57,67.6,146.68,0.9306,-1,-1,-1
638,1577,637.85,303.64,34.47,92.25,0.8956,-1,-1,-1
638,1555,1874.12,321.05,45.51,96.24,0.8748,-1,-1,-1
639,1262,768.98,437.7,61.29,131.26,0.9739,-1,-1,-1
639,1506,1374.79,336.81,49.88,102.45,0.9726,-1,-1,-1
639,1534,1762.21,417.64,52.91,129.77,0.9714,-1,-1,-1
639,1382,1233.6,442.7,40.19,135.75,0.9706,-1,-1,-1
639,1526,425.44,329.32,48.47,94.4,0.9671,-1,-1,-1
639,1466,741.52,349.08,58.33,91.28,0.9618,-1,-1,-1
639,1480,1602.2,388.69,64.63,118.4,0.9611,-1,-1,-1
639,1243,1876.29,371.08,42.63,88.34,0.9475,-1,-1,-1
639,1575,1528.62,297.92,41.94,86.6,0.9434,-1,-1,-1
639,1571,1651.49,319.81,34.87,113.3,0.942,-1,-1,-1
639,1468,875.81,320.25,33.48,88.75,0.9399,-1,-1,-1
639,1577,644.85,304.81,33.84,90.4,0.9297,-1,-1,-1
639,1242,1745.55,613.12,62.36,186.88,0.9232,-1,-1,-1
639,1568,780.01,874.47,100.87,156.74,0.8745,-1,-1,-1
639,1555,1871.28,317.75,48.32,92.65,0.8247,-1,-1,-1
640,1262,769.73,435.61,62.28,132.62,0.973,-1,-1,-1
640,1534,1759.86,417.82,57.52,129.78,0.9728,-1,-1,-1
640,1506,1376.98,336.78,49.63,103.24,0.9722,-1,-1,-1
640,1382,1233.39,442.56,40.96,135.18,0.9705,-1,-1,-1
640,1480,1604.6,388.68,62.96,118.17,0.9697,-1,-1,-1
640,1243,1876.16,370.01,42.86,88.13,0.9595,-1,-1,-1
640,1526,428.61,331.31,51.61,91.35,0.9581,-1,-1,-1
640,1466,738.52,350.32,54.03,90.17,0.9539,-1,-1,-1
640,1571,1653.77,322.34,34.56,109.74,0.9486,-1,-1,-1
640,1468,877.82,321.07,29.38,87.3,0.9437,-1,-1,-1
640,1575,1532.34,296.12,41.83,88.18,0.9419,-1,-1,-1
640,1242,1749.93,613.54,53.53,184.38,0.9318,-1,-1,-1
640,1577,648.02,304.32,34.37,90.21,0.9205,-1,-1,-1
640,1568,773.63,867.83,110.38,162.48,0.8761,-1,-1,-1
640,1555,1870.45,318.51,48.87,91.22,0.6641,-1,-1,-1
641,1382,1231.54,442.4,44.86,135.71,0.9768,-1,-1,-1
641,1506,1379.89,337.79,49.41,102.77,0.9727,-1,-1,-1
641,1534,1753.87,418.33,68.64,130.64,0.9715,-1,-1,-1
641,1262,770.69,434.94,67.23,134.28,0.9714,-1,-1,-1
641,1480,1607.48,387.92,60.3,119.91,0.9691,-1,-1,-1
641,1526,433.88,329.25,55.47,93.17,0.9634,-1,-1,-1
641,1466,730.92,353.12,50.21,87.23,0.9612,-1,-1,-1
641,1243,1876.01,367.45,42.3,98.21,0.9539,-1,-1,-1
641,1571,1656.28,323.5,35.87,106.63,0.9507,-1,-1,-1
641,1468,878.56,323.4,26.04,84.32,0.9424,-1,-1,-1
641,1242,1751.17,614.26,46.2,184.01,0.9359,-1,-1,-1
641,1575,1540.85,293.95,40.13,92.12,0.8984,-1,-1,-1
641,1577,654.04,303.67,34.15,89.55,0.8966,-1,-1,-1
641,1568,745.77,868.33,161.62,169.21,0.7655,-1,-1,-1
642,1382,1226.46,441.58,53.02,135.84,0.9771,-1,-1,-1
642,1506,1382.08,338.39,49.01,103.25,0.9755,-1,-1,-1
642,1534,1752.79,420.47,73.35,126.9,0.9729,-1,-1,-1
642,1262,769.93,435.86,69.82,133.58,0.9713,-1,-1,-1
642,1243,1876.13,365.71,43.33,107.64,0.9665,-1,-1,-1
642,1480,1611.44,386.92,52.52,119.91,0.9654,-1,-1,-1
642,1526,440.75,331.12,55.68,90.53,0.9641,-1,-1,-1
642,1571,1658.92,325.7,37.93,104.39,0.9615,-1,-1,-1
642,1466,725.02,350.0,53.96,89.57,0.9602,-1,-1,-1
642,1242,1743.44,614.02,52.33,185.11,0.9598,-1,-1,-1
642,1468,878.18,316.9,27.56,91.04,0.9474,-1,-1,-1
642,1577,658.93,304.28,33.49,88.76,0.9253,-1,-1,-1
642,1575,1547.34,295.42,40.13,88.51,0.8986,-1,-1,-1
642,1568,763.86,865.21,133.52,164.16,0.7039,-1,-1,-1
643,1506,1383.45,338.78,47.71,102.69,0.9747,-1,-1,-1
643,1480,1614.47,386.13,47.18,120.07,0.9745,-1,-1,-1
643,1534,1754.14,419.11,73.55,129.81,0.9739,-1,-1,-1
643,1382,1223.28,441.69,57.7,135.84,0.9738,-1,-1,-1
643,1262,769.43,435.8,71.4,132.34,0.971,-1,-1,-1
643,1243,1876.78,365.13,42.34,108.22,0.9649,-1,-1,-1
643,1466,719.69,348.43,57.73,91.28,0.9647,-1,-1,-1
643,1242,1739.57,613.91,55.85,184.72,0.9646,-1,-1,-1
643,1526,444.4,330.91,55.11,90.98,0.9643,-1,-1,-1
643,1571,1660.15,324.77,39.37,106.3,0.9638,-1,-1,-1
643,1468,877.15,318.93,30.42,88.73,0.942,-1,-1,-1
643,1577,661.87,304.37,32.77,88.56,0.8637,-1,-1,-1
643,1575,1550.51,293.83,39.28,90.01,0.8012,-1,-1,-1
643,1568,746.13,868.52,170.75,166.29,0.7227,-1,-1,-1
644,1534,1756.23,419.17,74.0,129.91,0.9751,-1,-1,-1
644,1506,1386.88,338.22,45.22,102.0,0.9743,-1,-1,-1
644,1382,1220.41,442.78,65.23,134.78,0.9725,-1,-1,-1
644,1262,767.94,437.81,71.32,130.14,0.9673,-1,-1,-1
644,1571,1661.94,325.09,41.99,106.42,0.9664,-1,-1,-1
644,1243,1877.08,365.67,42.11,109.61,0.9645,-1,-1,-1
644,1466,713.81,347.2,61.03,91.44,0.9636,-1,-1,-1
644,1468,870.95,315.76,40.85,91.3,0.9633,-1,-1,-1
644,1242,1728.61,614.99,68.75,185.67,0.9627,-1,-1,-1
644,1526,451.02,328.62,54.58,93.26,0.9582,-1,-1,-1
644,1480,1618.06,386.21,36.21,120.09,0.9501,-1,-1,-1
644,1575,1556.26,293.83,39.67,90.0,0.8548,-1,-1,-1
644,1568,763.19,862.62,141.65,168.68,0.7996,-1,-1,-1
644,1577,669.22,304.24,30.02,86.5,0.6388,-1,-1,-1
645,1534,1758.5,418.79,73.01,130.38,0.9761,-1,-1,-1
645,1382,1220.84,444.65,68.09,131.97,0.9742,-1,-1,-1
645,1466,703.04,346.28,66.59,87.9,0.9742,-1,-1,-1
645,1262,766.71,437.93,68.82,128.89,0.9717,-1,-1,-1
645,1571,1663.22,324.04,45.02,107.88,0.9707,-1,-1,-1
645,1468,866.81,315.38,49.88,91.6,0.9702,-1,-1,-1
645,1506,1390.73,337.92,41.82,102.08,0.967,-1,-1,-1
645,1242,1717.94,614.89,84.25,185.14,0.9635,-1,-1,-1
645,1243,1877.33,367.88,41.4,110.32,0.9621,-1,-1,-1
645,1526,458.53,328.07,45.93,92.92,0.9553,-1,-1,-1
645,1480,1618.37,384.23,29.54,121.76,0.9284,-1,-1,-1
645,1577,670.49,301.81,33.2,90.66,0.8543,-1,-1,-1
645,1575,1560.59,297.01,39.62,86.91,0.8345,-1,-1,-1
645,1568,762.7,860.23,143.89,172.18,0.8292,-1,-1,-1
646,1262,766.68,438.26,65.99,127.93,0.9749,-1,-1,-1
646,1534,1758.63,418.46,70.56,130.62,0.9747,-1,-1,-1
646,1382,1221.16,444.57,68.66,132.14,0.9737,-1,-1,-1
646,1571,1664.09,324.84,46.35,107.58,0.9697,-1,-1,-1
646,1468,866.4,316.21,51.05,90.19,0.9695,-1,-1,-1
646,1466,698.04,346.22,69.31,87.03,0.9677,-1,-1,-1
646,1506,1392.13,337.36,40.82,102.83,0.9676,-1,-1,-1
646,1242,1713.72,615.66,91.14,184.09,0.9661,-1,-1,-1
646,1243,1876.96,367.59,43.04,111.47,0.9633,-1,-1,-1
646,1526,462.44,325.46,43.52,96.01,0.9619,-1,-1,-1
646,1480,1615.29,383.5,32.65,123.03,0.936,-1,-1,-1
646,1575,1563.16,299.66,37.32,85.62,0.8774,-1,-1,-1
646,1568,759.4,867.93,146.7,164.25,0.8486,-1,-1,-1
646,1577,672.39,299.79,33.71,94.15,0.755,-1,-1,-1
647,1382,1221.74,443.83,68.61,133.73,0.9744,-1,-1,-1
647,1534,1761.89,418.0,62.54,131.01,0.9718,-1,-1,-1
647,1262,767.33,437.29,57.66,127.25,0.9707,-1,-1,-1
647,1468,865.91,318.54,52.37,89.21,0.9696,-1,-1,-1
647,1466,697.06,346.98,53.98,87.97,0.9683,-1,-1,-1
647,1571,1667.09,325.56,47.82,107.96,0.968,-1,-1,-1
647,1506,1395.51,337.01,37.59,102.66,0.9647,-1,-1,-1
647,1242,1706.94,617.86,100.58,180.95,0.9606,-1,-1,-1
647,1243,1875.95,370.54,41.94,108.13,0.9599,-1,-1,-1
647,1526,469.76,328.75,41.99,91.56,0.9548,-1,-1,-1
647,1480,1611.1,384.38,35.87,122.22,0.9481,-1,-1,-1
647,1568,775.34,864.8,113.51,160.65,0.9172,-1,-1,-1
647,1577,675.95,297.78,34.0,92.81,0.7974,-1,-1,-1
647,1575,1568.77,299.3,37.02,86.98,0.5419,-1,-1,-1
648,1382,1223.31,443.04,65.19,134.4,0.9765,-1,-1,-1
648,1262,767.93,435.5,51.32,129.52,0.9749,-1,-1,-1
648,1534,1767.17,417.85,51.85,128.89,0.9711,-1,-1,-1
648,1468,867.31,323.94,51.88,84.32,0.9684,-1,-1,-1
648,1571,1671.81,327.9,46.99,105.62,0.964,-1,-1,-1
648,1242,1704.9,618.93,103.4,179.31,0.962,-1,-1,-1
648,1506,1396.85,336.48,36.09,103.6,0.9602,-1,-1,-1
648,1466,698.85,346.16,40.57,89.65,0.9579,-1,-1,-1
648,1243,1874.89,371.0,41.42,107.42,0.9576,-1,-1,-1
648,1480,1605.49,386.32,43.47,119.28,0.9565,-1,-1,-1
648,1526,474.21,322.95,50.63,98.65,0.9464,-1,-1,-1
648,1568,779.15,866.24,94.38,155.92,0.9285,-1,-1,-1
648,1577,680.36,298.94,34.95,90.68,0.6246,-1,-1,-1
649,1382,1224.08,442.67,61.78,134.71,0.9777,-1,-1,-1
649,1262,768.67,434.2,50.85,130.16,0.9754,-1,-1,-1
649,1534,1767.95,416.21,47.91,130.96,0.9739,-1,-1,-1
649,1480,1600.96,387.4,48.97,117.79,0.9729,-1,-1,-1
649,1468,869.45,322.86,49.77,85.63,0.969,-1,-1,-1
649,1571,1673.19,328.31,47.7,105.5,0.9661,-1,-1,-1
649,1242,1703.7,618.96,104.83,179.36,0.9628,-1,-1,-1
649,1243,1873.33,370.54,41.65,107.95,0.9623,-1,-1,-1
649,1506,1398.57,337.28,35.13,102.99,0.9568,-1,-1,-1
649,1466,698.9,346.48,37.33,88.39,0.9496,-1,-1,-1
649,1568,785.43,868.77,74.48,150.04,0.8949,-1,-1,-1
649,1526,474.57,320.73,51.94,101.13,0.8779,-1,-1,-1
649,1577,681.74,298.53,36.26,93.47,0.6854,-1,-1,-1
649,1575,1575.34,296.77,34.3,90.73,0.6226,-1,-1,-1
650,1382,1226.43,441.73,54.28,133.96,0.9784,-1,-1,-1
650,1262,769.88,433.26,51.65,131.88,0.9756,-1,-1,-1
650,1480,1595.03,388.66,57.53,117.7,0.9714,-1,-1,-1
650,1243,1871.98,369.38,43.43,108.44,0.969,-1,-1,-1
650,1468,872.91,319.81,45.21,87.72,0.9689,-1,-1,-1
650,1534,1769.42,417.02,38.47,128.8,0.9687,-1,-1,-1
650,1571,1676.74,330.78,47.45,103.01,0.9666,-1,-1,-1
650,1506,1399.84,337.9,34.51,102.06,0.9619,-1,-1,-1
650,1242,1701.45,618.66,105.23,180.38,0.959,-1,-1,-1
650,1568,780.61,874.53,58.39,137.13,0.9159,-1,-1,-1
650,1526,480.28,329.04,36.24,89.76,0.8741,-1,-1,-1
650,1466,696.06,352.19,33.07,82.67,0.863,-1,-1,-1
650,1577,684.06,302.39,40.07,90.83,0.8172,-1,-1,-1
650,1575,1580.35,299.3,33.19,87.98,0.7086,-1,-1,-1
651,1262,766.93,432.62,55.49,133.16,0.9745,-1,-1,-1
651,1243,1865.48,367.91,49.47,109.11,0.9736,-1,-1,-1
651,1480,1591.39,389.51,62.72,117.82,0.9714,-1,-1,-1
651,1382,1230.34,440.63,42.19,134.02,0.9688,-1,-1,-1
651,1468,875.58,317.03,39.29,91.08,0.9671,-1,-1,-1
651,1571,1681.25,332.39,45.55,101.09,0.9663,-1,-1,-1
651,1506,1400.33,340.82,34.99,100.92,0.9642,-1,-1,-1
651,1242,1701.42,619.25,101.18,179.28,0.9572,-1,-1,-1
651,1534,1765.78,415.64,34.88,132.3,0.9569,-1,-1,-1
651,1466,679.34,347.73,44.13,85.45,0.9358,-1,-1,-1
651,1526,482.03,323.46,58.19,95.16,0.9202,-1,-1,-1
651,1568,770.05,870.88,66.04,143.47,0.9137,-1,-1,-1
651,1575,1583.12,298.02,35.66,89.8,0.9005,-1,-1,-1
652,1262,765.91,433.07,56.89,132.39,0.9741,-1,-1,-1
652,1480,1591.41,390.19,62.64,116.9,0.9728,-1,-1,-1
652,1243,1861.88,367.66,54.22,110.87,0.9721,-1,-1,-1
652,1242,1702.26,618.78,97.25,179.79,0.9712,-1,-1,-1
652,1571,1682.43,333.63,45.85,100.14,0.9692,-1,-1,-1
652,1466,671.22,346.28,52.85,85.26,0.9652,-1,-1,-1
652,1506,1401.03,342.56,34.61,99.93,0.9639,-1,-1,-1
652,1382,1230.71,440.53,38.46,133.55,0.9636,-1,-1,-1
652,1468,877.85,316.8,35.11,90.97,0.9553,-1,-1,-1
652,1526,484.0,325.29,58.21,93.33,0.9542,-1,-1,-1
652,1534,1763.57,415.85,34.71,131.93,0.954,-1,-1,-1
652,1568,765.71,870.06,70.78,145.26,0.9086,-1,-1,-1
652,1575,1584.65,298.03,35.35,89.9,0.8989,-1,-1,-1
653,1243,1857.55,367.55,58.67,111.39,0.9735,-1,-1,-1
653,1242,1703.22,618.33,87.07,181.42,0.9732,-1,-1,-1
653,1480,1590.81,391.39,63.81,116.04,0.9721,-1,-1,-1
653,1571,1684.17,334.31,45.37,100.26,0.9716,-1,-1,-1
653,1466,656.09,346.71,68.8,83.85,0.9712,-1,-1,-1
653,1526,486.98,325.3,51.3,91.85,0.9705,-1,-1,-1
653,1262,762.92,436.92,58.93,129.4,0.9698,-1,-1,-1
653,1534,1759.86,417.29,37.49,130.22,0.9657,-1,-1,-1
653,1382,1227.55,441.69,36.45,130.98,0.9595,-1,-1,-1
653,1506,1401.86,346.74,34.03,97.14,0.9591,-1,-1,-1
653,1468,881.0,316.13,25.46,91.76,0.9493,-1,-1,-1
653,1568,751.12,863.53,91.99,154.28,0.9353,-1,-1,-1
653,1575,1588.51,298.42,35.34,91.18,0.8979,-1,-1,-1
654,1534,1749.02,417.72,49.35,131.5,0.9752,-1,-1,-1
654,1262,759.95,438.15,57.25,127.16,0.9732,-1,-1,-1
654,1243,1852.63,367.7,62.19,111.84,0.9715,-1,-1,-1
654,1480,1590.15,390.61,63.09,117.5,0.9713,-1,-1,-1
654,1526,485.03,325.71,66.68,90.53,0.9707,-1,-1,-1
654,1571,1686.87,335.56,42.64,99.1,0.9694,-1,-1,-1
654,1382,1223.69,441.36,37.74,131.39,0.968,-1,-1,-1
654,1242,1704.65,616.51,70.67,183.9,0.9652,-1,-1,-1
654,1466,650.92,347.04,70.07,82.22,0.9633,-1,-1,-1
654,1506,1402.47,348.14,33.86,95.56,0.9618,-1,-1,-1
654,1568,738.79,862.76,105.43,155.47,0.9324,-1,-1,-1
654,1468,882.77,316.87,20.61,89.92,0.9263,-1,-1,-1
654,1575,1590.6,299.35,36.63,90.38,0.9262,-1,-1,-1
655,1534,1743.71,418.35,55.05,130.21,0.9786,-1,-1,-1
655,1526,485.83,324.01,67.05,91.4,0.9749,-1,-1,-1
655,1243,1849.62,368.07,64.19,111.81,0.974,-1,-1,-1
655,1262,758.26,438.48,55.97,126.99,0.9714,-1,-1,-1
655,1480,1590.03,390.75,60.41,116.92,0.9697,-1,-1,-1
655,1242,1706.87,617.34,60.57,180.74,0.9693,-1,-1,-1
655,1382,1221.58,441.43,39.45,131.83,0.9693,-1,-1,-1
655,1571,1689.6,335.46,39.89,98.99,0.9675,-1,-1,-1
655,1506,1402.81,348.26,33.85,95.89,0.9622,-1,-1,-1
655,1466,647.78,347.3,68.49,82.36,0.962,-1,-1,-1
655,1568,734.2,861.65,110.98,157.1,0.9379,-1,-1,-1
655,1575,1591.88,299.19,36.52,90.26,0.9357,-1,-1,-1
655,1468,881.48,316.8,21.85,88.66,0.9143,-1,-1,-1
656,1534,1738.06,419.11,60.54,131.84,0.9756,-1,-1,-1
656,1243,1847.29,370.84,62.92,111.13,0.9746,-1,-1,-1
656,1526,488.16,326.4,68.15,90.55,0.9732,-1,-1,-1
656,1382,1210.93,440.19,50.49,133.72,0.9726,-1,-1,-1
656,1480,1589.0,391.01,55.74,116.9,0.9713,-1,-1,-1
656,1262,756.15,438.89,51.85,126.29,0.9712,-1,-1,-1
656,1466,649.18,346.6,60.2,82.92,0.9634,-1,-1,-1
656,1242,1705.77,615.19,53.46,182.09,0.9604,-1,-1,-1
656,1506,1404.45,347.34,32.87,97.13,0.9593,-1,-1,-1
656,1575,1594.25,298.48,39.24,91.42,0.9531,-1,-1,-1
656,1571,1693.46,334.16,35.32,100.53,0.953,-1,-1,-1
656,1468,879.01,315.55,24.05,88.7,0.9403,-1,-1,-1
656,1568,731.29,873.44,112.63,173.37,0.9225,-1,-1,-1
656,1577,707.85,304.41,27.92,83.81,0.6852,-1,-1,-1
657,1534,1737.48,420.62,61.3,129.67,0.9755,-1,-1,-1
657,1382,1199.9,440.47,62.42,133.98,0.9721,-1,-1,-1
657,1262,755.53,437.67,48.32,125.57,0.9721,-1,-1,-1
657,1243,1846.17,370.69,58.52,111.42,0.9714,-1,-1,-1
657,1480,1589.29,390.81,48.85,116.94,0.9685,-1,-1,-1
657,1466,650.78,346.14,53.09,84.26,0.9648,-1,-1,-1
657,1506,1405.62,346.54,33.06,98.91,0.9571,-1,-1,-1
657,1571,1695.2,333.83,34.1,101.38,0.9563,-1,-1,-1
657,1575,1596.02,298.8,38.93,92.32,0.9479,-1,-1,-1
657,1468,876.94,317.92,25.02,85.87,0.9386,-1,-1,-1
657,1526,501.22,325.5,56.17,91.99,0.9231,-1,-1,-1
657,1568,725.32,860.36,122.02,159.55,0.9176,-1,-1,-1
657,1242,1699.46,615.67,55.75,182.15,0.8969,-1,-1,-1
657,1577,710.28,306.97,26.4,80.05,0.4565,-1,-1,-1
658,1534,1737.52,421.59,59.94,128.51,0.9752,-1,-1,-1
658,1262,754.63,436.98,47.9,127.3,0.9724,-1,-1,-1
658,1382,1197.33,440.98,65.22,133.4,0.97,-1,-1,-1
658,1243,1843.59,370.54,56.87,111.19,0.967,-1,-1,-1
658,1480,1588.61,388.98,45.48,120.07,0.9663,-1,-1,-1
658,1526,506.63,333.25,51.58,84.5,0.9644,-1,-1,-1
658,1466,650.37,345.44,51.46,84.4,0.9622,-1,-1,-1
658,1506,1406.08,347.7,33.66,97.43,0.9581,-1,-1,-1
658,1571,1695.74,332.61,34.09,102.35,0.9545,-1,-1,-1
658,1242,1695.78,615.82,57.78,182.52,0.9539,-1,-1,-1
658,1575,1596.25,299.03,39.34,92.78,0.9513,-1,-1,-1
658,1468,875.76,318.49,26.66,86.25,0.9334,-1,-1,-1
658,1568,722.25,859.29,126.18,160.68,0.9016,-1,-1,-1
658,1577,708.5,308.51,30.34,79.0,0.6837,-1,-1,-1
659,1262,753.83,435.92,44.21,128.82,0.9751,-1,-1,-1
659,1534,1737.88,421.96,56.23,128.1,0.9746,-1,-1,-1
659,1243,1837.37,368.49,53.81,112.6,0.9703,-1,-1,-1
659,1382,1191.13,441.36,71.5,133.53,0.9682,-1,-1,-1
659,1506,1405.92,347.12,34.56,97.69,0.9579,-1,-1,-1
659,1242,1684.48,614.46,66.08,185.4,0.9574,-1,-1,-1
659,1526,509.64,332.45,51.78,83.64,0.9508,-1,-1,-1
659,1575,1597.39,299.08,42.21,91.76,0.9492,-1,-1,-1
659,1466,650.66,342.53,46.57,85.94,0.9488,-1,-1,-1
659,1571,1697.39,333.56,32.98,101.8,0.9473,-1,-1,-1
659,1468,875.31,321.4,28.22,86.31,0.9264,-1,-1,-1
659,1568,719.04,858.51,125.49,161.02,0.9007,-1,-1,-1
659,1577,708.17,315.37,32.47,71.85,0.7047,-1,-1,-1
659,1480,1589.3,389.2,36.26,119.61,0.5873,-1,-1,-1
660,1534,1739.26,420.47,50.02,129.44,0.975,-1,-1,-1
660,1262,749.52,434.45,44.21,130.3,0.9746,-1,-1,-1
660,1243,1832.8,366.75,48.55,113.55,0.9716,-1,-1,-1
660,1382,1189.22,441.78,73.59,133.7,0.9681,-1,-1,-1
660,1506,1405.76,345.38,34.9,99.94,0.9585,-1,-1,-1
660,1466,651.88,339.97,43.37,89.03,0.9557,-1,-1,-1
660,1526,520.39,331.19,56.8,85.41,0.9499,-1,-1,-1
660,1575,1599.24,299.71,43.61,90.63,0.9495,-1,-1,-1
660,1468,869.67,326.35,34.87,81.54,0.9493,-1,-1,-1
660,1571,1698.43,334.32,32.16,101.28,0.9421,-1,-1,-1
660,1568,711.67,861.52,123.22,153.44,0.9388,-1,-1,-1
660,1242,1666.1,614.77,83.18,184.9,0.9368,-1,-1,-1
660,1577,708.73,307.42,37.05,78.19,0.9347,-1,-1,-1
660,1480,1587.94,388.53,30.6,117.93,0.7274,-1,-1,-1
661,1534,1741.61,420.59,44.15,129.04,0.9734,-1,-1,-1
661,1243,1831.4,364.58,45.22,114.55,0.9732,-1,-1,-1
661,1262,742.25,434.45,49.66,131.2,0.9701,-1,-1,-1
661,1382,1188.68,441.9,73.92,133.79,0.9683,-1,-1,-1
661,1506,1405.17,345.76,35.21,99.68,0.9579,-1,-1,-1
661,1468,867.33,327.55,37.37,80.14,0.9568,-1,-1,-1
661,1466,651.65,339.81,41.49,88.86,0.9552,-1,-1,-1
661,1568,709.77,859.69,112.69,158.18,0.9525,-1,-1,-1
661,1575,1600.72,300.32,43.93,90.05,0.949,-1,-1,-1
661,1577,709.57,306.94,38.01,78.1,0.942,-1,-1,-1
661,1571,1698.93,334.79,31.88,101.31,0.9352,-1,-1,-1
661,1242,1658.81,616.34,91.38,185.27,0.9222,-1,-1,-1
661,1526,524.14,329.24,56.81,87.86,0.8878,-1,-1,-1
662,1262,729.21,434.29,62.4,131.82,0.9729,-1,-1,-1
662,1534,1739.49,420.35,39.14,130.22,0.9715,-1,-1,-1
662,1382,1188.12,442.62,71.69,133.72,0.9672,-1,-1,-1
662,1242,1655.13,618.67,93.22,180.68,0.9649,-1,-1,-1
662,1468,862.12,326.98,40.63,81.32,0.9624,-1,-1,-1
662,1506,1403.55,347.73,36.34,98.29,0.9588,-1,-1,-1
662,1526,527.5,326.8,54.95,91.49,0.9574,-1,-1,-1
662,1575,1601.47,301.72,45.07,88.45,0.9555,-1,-1,-1
662,1243,1827.93,366.48,38.51,111.97,0.9533,-1,-1,-1
662,1577,710.0,305.2,40.88,78.99,0.9419,-1,-1,-1
662,1571,1699.84,335.03,30.4,101.17,0.938,-1,-1,-1
662,1568,711.02,856.54,93.67,160.3,0.9304,-1,-1,-1
662,1466,638.51,337.7,50.34,90.92,0.9049,-1,-1,-1
663,1262,723.79,435.5,65.79,130.53,0.9728,-1,-1,-1
663,1382,1187.83,442.64,66.52,133.61,0.9686,-1,-1,-1
663,1242,1650.94,618.93,97.95,181.59,0.9612,-1,-1,-1
663,1534,1736.13,418.53,36.41,130.86,0.9612,-1,-1,-1
663,1575,1601.3,303.24,46.82,87.85,0.9603,-1,-1,-1
663,1506,1402.26,350.59,36.51,96.58,0.9589,-1,-1,-1
663,1468,861.73,326.14,37.25,82.86,0.9586,-1,-1,-1
663,1243,1823.8,364.5,36.78,111.97,0.9563,-1,-1,-1
663,1577,710.94,305.36,43.17,78.72,0.9432,-1,-1,-1
663,1571,1699.77,335.33,29.7,101.25,0.9336,-1,-1,-1
663,1568,715.32,859.91,75.87,150.02,0.9263,-1,-1,-1
663,1526,529.02,326.19,48.06,91.98,0.9006,-1,-1,-1
663,1466,644.61,336.98,35.64,90.34,0.8952,-1,-1,-1
663,1480,1565.85,390.53,45.48,119.42,0.8464,-1,-1,-1
664,1382,1187.97,442.17,61.68,133.76,0.9728,-1,-1,-1
664,1262,722.12,435.79,66.97,130.86,0.9728,-1,-1,-1
664,1242,1650.77,618.97,98.01,181.72,0.9637,-1,-1,-1
664,1468,861.49,325.82,35.77,83.3,0.9599,-1,-1,-1
664,1575,1601.72,303.33,46.7,86.9,0.9585,-1,-1,-1
664,1506,1402.62,351.7,35.95,96.08,0.9503,-1,-1,-1
664,1534,1734.34,418.49,35.83,131.35,0.9445,-1,-1,-1
664,1243,1821.58,364.82,35.71,111.08,0.9441,-1,-1,-1
664,1480,1562.95,389.98,47.43,117.91,0.9343,-1,-1,-1
664,1568,713.66,861.61,72.89,147.49,0.9315,-1,-1,-1
664,1571,1700.22,335.39,28.17,101.11,0.9313,-1,-1,-1
664,1466,642.38,337.21,33.37,90.73,0.9058,-1,-1,-1
664,1526,529.01,324.52,44.59,93.66,0.8977,-1,-1,-1
664,1577,712.46,305.29,43.41,79.14,0.8905,-1,-1,-1
665,1382,1185.46,441.81,56.75,133.0,0.9726,-1,-1,-1
665,1262,719.42,437.13,67.17,129.71,0.972,-1,-1,-1
665,1480,1556.92,392.69,50.3,116.58,0.9667,-1,-1,-1
665,1506,1399.54,355.23,37.05,93.68,0.9616,-1,-1,-1
665,1242,1646.3,618.64,100.63,183.82,0.9586,-1,-1,-1
665,1575,1600.55,303.96,47.31,87.17,0.9578,-1,-1,-1
665,1534,1729.86,420.27,35.85,128.81,0.9573,-1,-1,-1
665,1468,860.37,324.1,33.4,84.93,0.9537,-1,-1,-1
665,1526,529.49,325.33,36.92,93.35,0.9523,-1,-1,-1
665,1243,1815.68,364.27,34.61,110.79,0.9442,-1,-1,-1
665,1571,1700.08,340.56,26.26,97.14,0.9372,-1,-1,-1
665,1466,637.81,339.82,32.11,86.9,0.931,-1,-1,-1
665,1568,708.35,860.44,75.07,151.1,0.9201,-1,-1,-1
665,1577,713.72,321.26,43.46,62.75,0.6211,-1,-1,-1
666,1382,1186.33,442.11,44.26,132.82,0.9742,-1,-1,-1
666,1262,716.08,438.51,64.23,128.32,0.9719,-1,-1,-1
666,1480,1554.06,395.28,47.36,114.92,0.9698,-1,-1,-1
666,1534,1720.49,421.34,40.25,129.39,0.9682,-1,-1,-1
666,1242,1640.35,617.82,98.74,185.73,0.9639,-1,-1,-1
666,1575,1599.06,304.48,46.93,87.31,0.9549,-1,-1,-1
666,1468,858.11,323.85,31.5,83.99,0.9357,-1,-1,-1
666,1571,1698.04,340.49,25.93,97.07,0.9306,-1,-1,-1
666,1506,1398.93,359.72,34.2,90.03,0.9302,-1,-1,-1
666,1568,700.74,863.47,74.53,146.07,0.9274,-1,-1,-1
666,1243,1805.22,363.63,36.94,115.3,0.9265,-1,-1,-1
666,1466,632.24,343.67,29.36,82.46,0.9082,-1,-1,-1
666,1526,526.58,328.3,32.04,89.5,0.8802,-1,-1,-1
666,1577,716.02,323.68,40.22,62.35,0.8086,-1,-1,-1
667,1534,1713.26,421.45,44.8,130.39,0.9763,-1,-1,-1
667,1480,1550.98,395.88,48.35,114.85,0.9721,-1,-1,-1
667,1382,1184.68,442.17,40.78,133.29,0.9712,-1,-1,-1
667,1262,715.12,439.72,62.68,126.81,0.9707,-1,-1,-1
667,1242,1636.96,618.13,98.04,185.03,0.969,-1,-1,-1
667,1243,1800.29,364.57,38.04,115.76,0.9577,-1,-1,-1
667,1575,1597.74,305.33,46.52,87.1,0.9487,-1,-1,-1
667,1468,856.57,322.75,30.94,85.04,0.9389,-1,-1,-1
667,1571,1696.81,341.24,25.43,96.57,0.9341,-1,-1,-1
667,1506,1398.52,361.68,31.85,87.16,0.9338,-1,-1,-1
667,1568,693.68,863.04,77.63,147.09,0.9116,-1,-1,-1
667,1466,628.51,345.71,30.06,79.67,0.9095,-1,-1,-1
667,1526,523.24,329.67,32.56,88.47,0.7969,-1,-1,-1
667,1577,718.2,343.24,30.37,42.54,0.6279,-1,-1,-1
667,1586,1528.39,295.08,34.18,81.52,0.618,-1,-1,-1
668,1242,1631.41,620.45,89.68,182.55,0.9746,-1,-1,-1
668,1534,1702.1,421.42,49.69,131.68,0.9727,-1,-1,-1
668,1480,1546.35,397.32,45.13,111.81,0.9723,-1,-1,-1
668,1262,712.31,440.57,55.93,124.99,0.9682,-1,-1,-1
668,1382,1174.67,442.07,41.55,133.17,0.9654,-1,-1,-1
668,1243,1789.9,370.8,38.03,111.9,0.9594,-1,-1,-1
668,1506,1390.15,360.79,36.61,89.05,0.959,-1,-1,-1
668,1575,1594.09,306.71,46.68,86.65,0.9582,-1,-1,-1
668,1526,512.54,328.85,39.74,89.62,0.942,-1,-1,-1
668,1468,853.03,321.63,31.89,86.62,0.9415,-1,-1,-1
668,1568,660.67,862.72,110.45,150.6,0.9338,-1,-1,-1
668,1571,1691.44,342.87,27.28,95.04,0.925,-1,-1,-1
668,1466,621.18,347.09,29.09,76.07,0.8426,-1,-1,-1
668,1577,722.7,345.57,23.88,40.99,0.5188,-1,-1,-1
668,1586,1529.3,296.09,30.17,84.26,0.3145,-1,-1,-1
669,1534,1692.62,422.87,52.73,130.08,0.9753,-1,-1,-1
669,1262,703.81,438.97,51.61,127.96,0.9712,-1,-1,-1
669,1382,1162.47,443.08,44.82,131.81,0.971,-1,-1,-1
669,1506,1382.76,361.54,41.9,89.11,0.9667,-1,-1,-1
669,1480,1539.6,398.52,43.73,111.21,0.963,-1,-1,-1
669,1242,1623.08,618.4,79.49,184.4,0.9626,-1,-1,-1
669,1575,1587.95,306.36,49.14,88.87,0.9523,-1,-1,-1
669,1468,846.21,321.01,34.72,88.27,0.9375,-1,-1,-1
669,1243,1782.55,373.46,34.63,111.44,0.9316,-1,-1,-1
669,1571,1685.7,345.98,27.93,93.08,0.9315,-1,-1,-1
669,1568,640.16,861.25,124.87,151.38,0.9285,-1,-1,-1
669,1466,611.45,347.06,29.21,74.96,0.922,-1,-1,-1
669,1526,509.31,331.16,44.19,88.22,0.8992,-1,-1,-1
670,1534,1688.29,424.06,52.74,128.79,0.976,-1,-1,-1
670,1382,1155.57,443.48,47.64,132.51,0.9732,-1,-1,-1
670,1262,698.76,439.14,50.39,127.07,0.9726,-1,-1,-1
670,1480,1535.52,398.23,42.75,111.95,0.9719,-1,-1,-1
670,1506,1379.15,360.66,42.11,91.16,0.9678,-1,-1,-1
670,1242,1617.66,619.72,76.57,181.39,0.9586,-1,-1,-1
670,1468,842.32,320.61,35.49,89.63,0.9466,-1,-1,-1
670,1589,1881.71,345.15,37.58,102.04,0.9405,-1,-1,-1
670,1243,1777.53,376.4,32.9,108.74,0.9365,-1,-1,-1
670,1575,1585.34,308.44,48.99,87.03,0.9325,-1,-1,-1
670,1568,633.5,861.98,123.36,151.34,0.9288,-1,-1,-1
670,1571,1683.2,348.96,27.4,90.5,0.9239,-1,-1,-1
670,1466,605.22,348.05,30.98,73.54,0.9111,-1,-1,-1
670,1526,501.91,334.07,50.04,85.2,0.8569,-1,-1,-1
670,1590,734.33,304.63,26.6,73.14,0.4747,-1,-1,-1
671,1382,1142.29,444.53,49.52,132.54,0.9737,-1,-1,-1
671,1534,1678.35,424.57,52.97,130.03,0.973,-1,-1,-1
671,1506,1370.08,360.32,41.37,95.05,0.9679,-1,-1,-1
671,1242,1608.47,621.48,62.49,179.42,0.9678,-1,-1,-1
671,1262,684.64,439.66,52.42,127.8,0.9662,-1,-1,-1
671,1589,1869.03,347.43,49.76,101.29,0.9578,-1,-1,-1
671,1480,1526.33,398.88,41.66,112.29,0.947,-1,-1,-1
671,1575,1577.45,312.03,51.13,85.65,0.9435,-1,-1,-1
671,1466,587.89,344.2,36.52,76.22,0.9352,-1,-1,-1
671,1243,1763.33,378.13,32.83,108.18,0.9338,-1,-1,-1
671,1468,834.3,322.44,36.59,88.31,0.9329,-1,-1,-1
671,1571,1673.59,348.15,29.57,92.51,0.9258,-1,-1,-1
671,1568,628.74,858.19,118.72,157.59,0.9244,-1,-1,-1
671,1526,500.4,339.42,42.36,81.12,0.8006,-1,-1,-1
671,1577,716.35,330.67,32.9,59.24,0.5988,-1,-1,-1
672,1534,1664.94,426.98,54.35,127.37,0.9751,-1,-1,-1
672,1382,1127.07,446.71,52.09,132.12,0.9717,-1,-1,-1
672,1589,1856.08,349.83,49.9,101.7,0.9673,-1,-1,-1
672,1480,1514.99,399.26,42.57,112.06,0.9658,-1,-1,-1
672,1262,669.6,440.04,56.05,129.3,0.9639,-1,-1,-1
672,1466,568.65,346.46,46.09,75.87,0.9628,-1,-1,-1
672,1242,1596.16,621.96,54.66,179.37,0.9609,-1,-1,-1
672,1568,620.63,860.96,110.01,156.0,0.9484,-1,-1,-1
672,1468,822.66,323.7,37.62,88.85,0.9474,-1,-1,-1
672,1506,1365.18,360.69,31.42,97.06,0.9382,-1,-1,-1
672,1575,1570.48,312.97,49.51,86.25,0.9342,-1,-1,-1
672,1571,1663.31,354.26,30.87,87.93,0.9196,-1,-1,-1
672,1243,1747.25,378.13,35.07,108.33,0.9044,-1,-1,-1
672,1526,483.52,339.49,56.35,84.47,0.8771,-1,-1,-1
672,1577,709.02,316.53,43.7,73.14,0.7815,-1,-1,-1
673,1534,1657.64,427.52,53.87,128.11,0.9755,-1,-1,-1
673,1382,1116.84,448.17,55.07,132.19,0.9721,-1,-1,-1
673,1589,1849.93,350.79,48.16,102.7,0.9678,-1,-1,-1
673,1262,661.55,441.13,58.05,129.52,0.9637,-1,-1,-1
673,1466,559.07,346.85,49.66,76.87,0.963,-1,-1,-1
673,1242,1586.91,623.07,54.88,178.66,0.9551,-1,-1,-1
673,1480,1507.78,399.9,43.09,112.57,0.9527,-1,-1,-1
673,1506,1359.38,361.37,32.04,96.12,0.9485,-1,-1,-1
673,1568,611.54,859.77,114.19,158.32,0.9431,-1,-1,-1
673,1468,816.14,324.13,39.08,89.33,0.9427,-1,-1,-1
673,1243,1738.83,378.76,35.39,108.48,0.9313,-1,-1,-1
673,1571,1656.32,356.16,32.47,86.73,0.9042,-1,-1,-1
673,1575,1566.05,313.75,45.88,86.09,0.9013,-1,-1,-1
673,1577,705.85,313.9,46.95,73.58,0.8731,-1,-1,-1
673,1526,481.85,345.32,52.69,78.77,0.819,-1,-1,-1
674,1534,1640.94,428.67,52.96,126.34,0.9746,-1,-1,-1
674,1589,1831.15,352.12,50.89,103.19,0.9669,-1,-1,-1
674,1262,645.09,442.26,58.04,129.37,0.9633,-1,-1,-1
674,1480,1492.75,400.32,44.56,115.19,0.9593,-1,-1,-1
674,1242,1564.63,624.63,58.87,178.68,0.9583,-1,-1,-1
674,1466,538.38,347.28,56.85,78.49,0.9578,-1,-1,-1
674,1468,800.64,325.73,38.72,88.68,0.9544,-1,-1,-1
674,1243,1719.43,378.02,37.11,110.38,0.9531,-1,-1,-1
674,1506,1342.96,363.65,36.03,94.42,0.9488,-1,-1,-1
674,1382,1099.34,450.07,57.02,130.07,0.9452,-1,-1,-1
674,1568,603.88,859.15,101.11,159.86,0.9403,-1,-1,-1
674,1571,1641.46,347.95,35.76,96.58,0.9293,-1,-1,-1
674,1575,1556.76,318.2,40.82,82.98,0.929,-1,-1,-1
674,1577,695.9,316.65,51.14,76.18,0.9264,-1,-1,-1
674,1526,462.18,346.06,53.8,79.84,0.9105,-1,-1,-1
675,1534,1623.22,430.21,52.0,124.35,0.9745,-1,-1,-1
675,1262,625.55,443.95,58.75,129.72,0.9727,-1,-1,-1
675,1382,1079.81,451.84,59.07,129.23,0.9718,-1,-1,-1
675,1242,1537.05,624.95,65.92,180.6,0.9676,-1,-1,-1
675,1589,1810.54,354.0,51.98,101.82,0.9643,-1,-1,-1
675,1506,1319.9,366.53,43.23,92.1,0.9633,-1,-1,-1
675,1466,516.61,349.59,59.98,78.22,0.9615,-1,-1,-1
675,1568,588.53,856.82,93.51,165.69,0.9377,-1,-1,-1
675,1571,1626.09,358.32,37.13,87.7,0.9196,-1,-1,-1
675,1468,784.22,326.44,35.89,88.3,0.8954,-1,-1,-1
675,1243,1697.07,377.74,37.66,108.86,0.8721,-1,-1,-1
675,1526,447.55,349.61,41.05,77.7,0.8688,-1,-1,-1
675,1577,687.0,315.77,48.14,78.07,0.8537,-1,-1,-1
675,1575,1544.84,327.62,35.57,74.17,0.8492,-1,-1,-1
676,1534,1612.66,430.02,52.91,125.87,0.973,-1,-1,-1
676,1382,1068.97,452.4,60.94,129.15,0.9718,-1,-1,-1
676,1262,614.94,444.98,60.26,128.76,0.9694,-1,-1,-1
676,1589,1801.87,353.48,50.22,103.32,0.967,-1,-1,-1
676,1242,1520.06,624.13,73.79,181.68,0.9652,-1,-1,-1
676,1506,1308.83,368.23,45.99,92.25,0.9603,-1,-1,-1
676,1466,506.0,349.14,61.62,79.27,0.953,-1,-1,-1
676,1243,1685.08,380.33,37.93,107.44,0.9212,-1,-1,-1
676,1571,1615.41,357.01,38.41,89.95,0.9134,-1,-1,-1
676,1526,434.73,350.17,46.64,79.31,0.9101,-1,-1,-1
676,1568,575.5,857.36,98.9,164.33,0.9012,-1,-1,-1
676,1480,1466.29,402.25,44.83,115.84,0.7972,-1,-1,-1
676,1575,1538.04,330.25,33.52,72.17,0.7938,-1,-1,-1
676,1468,774.85,326.71,34.77,88.91,0.7471,-1,-1,-1
676,1577,682.97,321.98,46.45,70.39,0.7187,-1,-1,-1
677,1242,1484.81,625.1,89.29,184.7,0.9695,-1,-1,-1
677,1534,1590.14,434.03,53.98,122.5,0.9685,-1,-1,-1
677,1506,1287.26,371.34,49.92,91.18,0.9683,-1,-1,-1
677,1382,1047.62,452.92,60.85,131.44,0.9604,-1,-1,-1
677,1262,593.7,447.12,60.77,129.08,0.9582,-1,-1,-1
677,1589,1779.05,354.1,50.5,104.63,0.9569,-1,-1,-1
677,1466,485.91,350.04,60.44,80.32,0.9487,-1,-1,-1
677,1526,415.75,352.38,40.16,80.05,0.9278,-1,-1,-1
677,1571,1596.44,356.5,41.0,92.83,0.9241,-1,-1,-1
677,1568,551.31,858.22,96.24,164.27,0.8927,-1,-1,-1
677,1577,673.19,323.21,38.08,77.29,0.8187,-1,-1,-1
677,1468,754.27,329.03,35.48,87.23,0.815,-1,-1,-1
677,1243,1661.74,380.6,35.17,100.06,0.6935,-1,-1,-1
678,1506,1265.11,374.06,52.01,90.16,0.9694,-1,-1,-1
678,1382,1025.15,453.9,60.99,131.27,0.9636,-1,-1,-1
678,1534,1567.41,438.27,53.02,120.4,0.9632,-1,-1,-1
678,1262,570.28,449.85,60.87,128.66,0.9563,-1,-1,-1
678,1589,1756.16,354.08,48.2,105.55,0.9544,-1,-1,-1
678,1466,465.2,349.21,55.79,83.25,0.9536,-1,-1,-1
678,1526,397.46,355.33,38.1,78.45,0.9463,-1,-1,-1
678,1242,1452.24,631.08,100.89,178.19,0.9404,-1,-1,-1
678,1568,523.64,862.08,101.09,159.74,0.9162,-1,-1,-1
678,1571,1576.07,362.72,39.24,88.39,0.8011,-1,-1,-1
678,1590,733.18,329.21,35.5,89.42,0.692,-1,-1,-1
679,1382,1012.06,454.93,60.1,130.07,0.9696,-1,-1,-1
679,1262,557.54,450.38,61.99,128.88,0.9665,-1,-1,-1
679,1506,1256.7,374.91,49.35,90.93,0.9647,-1,-1,-1
679,1242,1436.41,629.4,104.43,182.6,0.9638,-1,-1,-1
679,1534,1554.67,439.35,53.57,120.42,0.9636,-1,-1,-1
679,1589,1747.87,354.97,42.94,104.79,0.9558,-1,-1,-1
679,1466,454.52,347.53,52.65,85.31,0.9535,-1,-1,-1
679,1568,510.53,863.5,103.01,163.56,0.9465,-1,-1,-1
679,1526,387.68,355.43,36.35,78.61,0.9335,-1,-1,-1
679,1590,721.82,330.83,36.39,88.84,0.8099,-1,-1,-1
679,1593,1617.34,438.56,32.73,54.06,0.8084,-1,-1,-1
679,1571,1565.09,360.22,37.95,92.89,0.6782,-1,-1,-1
679,1595,658.38,326.66,29.77,73.34,0.477,-1,-1,-1
680,1382,987.43,455.74,59.3,130.08,0.9705,-1,-1,-1
680,1262,533.36,452.64,61.08,128.99,0.9667,-1,-1,-1
680,1506,1235.41,378.74,50.09,91.47,0.9633,-1,-1,-1
680,1242,1411.49,634.1,106.19,177.7,0.9622,-1,-1,-1
680,1534,1529.79,443.68,53.27,118.0,0.9617,-1,-1,-1
680,1589,1721.24,356.29,43.06,104.7,0.9559,-1,-1,-1
680,1568,479.75,868.38,114.13,157.66,0.9256,-1,-1,-1
680,1466,431.37,347.17,43.25,87.73,0.9202,-1,-1,-1
680,1526,364.92,356.36,39.4,80.03,0.8907,-1,-1,-1
681,1262,507.59,454.35,61.01,128.09,0.9686,-1,-1,-1
681,1382,963.43,456.77,57.26,129.03,0.9675,-1,-1,-1
681,1242,1386.59,636.32,106.43,176.86,0.9616,-1,-1,-1
681,1506,1211.65,383.12,52.15,90.34,0.9577,-1,-1,-1
681,1534,1506.55,452.11,51.99,110.41,0.957,-1,-1,-1
681,1589,1691.96,357.69,45.45,104.46,0.9539,-1,-1,-1
681,1526,341.82,356.86,40.5,81.61,0.9386,-1,-1,-1
681,1568,438.65,872.78,146.97,159.49,0.899,-1,-1,-1
681,1577,676.06,334.46,37.97,88.55,0.8637,-1,-1,-1
681,1466,407.28,347.49,36.45,88.76,0.8044,-1,-1,-1
682,1382,952.5,456.85,55.5,129.67,0.9694,-1,-1,-1
682,1506,1198.88,383.79,54.42,89.19,0.9603,-1,-1,-1
682,1262,495.73,454.57,60.7,126.95,0.9567,-1,-1,-1
682,1589,1682.26,359.19,41.67,104.27,0.9495,-1,-1,-1
682,1534,1493.46,453.61,51.66,110.09,0.947,-1,-1,-1
682,1242,1373.8,636.15,106.07,176.99,0.9443,-1,-1,-1
682,1526,330.0,357.77,38.96,80.27,0.9165,-1,-1,-1
682,1568,424.52,872.01,148.88,159.39,0.853,-1,-1,-1
682,1606,1437.65,352.88,33.03,59.29,0.7312,-1,-1,-1
682,1575,1509.92,366.25,33.98,74.46,0.664,-1,-1,-1
682,1577,666.71,336.02,35.41,88.53,0.5988,-1,-1,-1
682,1466,394.16,345.62,36.15,84.52,0.3288,-1,-1,-1
683,1382,929.18,458.02,53.19,129.95,0.9699,-1,-1,-1
683,1506,1175.26,386.52,66.11,89.57,0.9681,-1,-1,-1
683,1262,469.81,455.78,60.84,126.25,0.9644,-1,-1,-1
683,1242,1349.01,636.9,102.09,175.9,0.9512,-1,-1,-1
683,1534,1468.99,456.45,51.79,108.35,0.9496,-1,-1,-1
683,1589,1655.73,361.21,42.37,104.87,0.9427,-1,-1,-1
683,1526,305.9,362.69,37.78,78.43,0.9103,-1,-1,-1
683,1568,391.75,870.18,165.03,166.15,0.8489,-1,-1,-1
683,1575,1486.7,370.35,34.8,81.79,0.7277,-1,-1,-1
684,1382,903.62,459.1,53.92,130.49,0.971,-1,-1,-1
684,1242,1325.86,636.29,93.41,178.53,0.9708,-1,-1,-1
684,1506,1154.06,386.21,74.36,93.3,0.9682,-1,-1,-1
684,1262,443.05,457.47,60.98,126.21,0.968,-1,-1,-1
684,1534,1444.62,457.0,51.84,109.28,0.9568,-1,-1,-1
684,1589,1619.83,364.79,55.88,103.65,0.9561,-1,-1,-1
684,1526,282.25,365.06,36.3,78.26,0.8663,-1,-1,-1
684,1568,360.15,865.49,178.94,176.05,0.8438,-1,-1,-1
685,1506,1143.07,388.37,77.88,92.01,0.9739,-1,-1,-1
685,1382,892.95,460.22,51.22,130.33,0.9698,-1,-1,-1
685,1534,1432.98,457.67,52.1,108.15,0.9695,-1,-1,-1
685,1262,430.36,458.26,61.91,126.82,0.9666,-1,-1,-1
685,1242,1317.2,636.5,85.34,175.39,0.9637,-1,-1,-1
685,1589,1603.75,364.78,61.62,104.76,0.9585,-1,-1,-1
685,1615,1378.62,352.34,38.84,64.67,0.9135,-1,-1,-1
685,1568,347.94,869.56,175.43,174.7,0.8896,-1,-1,-1
685,1575,1484.25,400.02,34.68,100.18,0.8678,-1,-1,-1
685,1606,1454.69,359.86,33.98,91.74,0.8292,-1,-1,-1
685,1526,270.86,370.44,34.2,74.75,0.6893,-1,-1,-1
686,1382,866.81,461.68,51.42,130.57,0.9692,-1,-1,-1
686,1262,403.73,459.56,62.92,127.31,0.9671,-1,-1,-1
686,1534,1408.58,457.11,53.96,109.55,0.9667,-1,-1,-1
686,1506,1120.62,389.77,82.75,90.42,0.9664,-1,-1,-1
686,1242,1291.38,635.32,75.64,178.07,0.9657,-1,-1,-1
686,1589,1571.36,371.79,70.87,100.9,0.956,-1,-1,-1
686,1568,327.31,869.64,162.5,176.3,0.8988,-1,-1,-1
686,1526,246.81,369.37,35.11,80.04,0.852,-1,-1,-1
686,1621,1267.86,420.68,50.66,114.02,0.8288,-1,-1,-1
686,1575,1458.57,401.72,33.43,98.36,0.8193,-1,-1,-1
687,1589,1543.59,377.76,74.54,98.19,0.9703,-1,-1,-1
687,1534,1384.74,458.01,54.75,109.06,0.969,-1,-1,-1
687,1506,1102.14,392.49,79.38,88.84,0.964,-1,-1,-1
687,1262,377.32,460.99,63.59,128.77,0.9621,-1,-1,-1
687,1382,837.57,463.49,55.54,130.25,0.9609,-1,-1,-1
687,1242,1269.45,636.59,58.86,177.06,0.9583,-1,-1,-1
687,1568,307.79,875.08,150.36,169.74,0.8911,-1,-1,-1
687,1621,1244.07,422.01,51.29,114.15,0.8308,-1,-1,-1
687,1526,223.83,374.88,32.25,78.33,0.6922,-1,-1,-1
688,1506,1093.91,393.56,77.72,88.58,0.9708,-1,-1,-1
688,1534,1373.53,456.42,55.87,108.64,0.9632,-1,-1,-1
688,1589,1531.06,379.45,75.35,97.25,0.9626,-1,-1,-1
688,1382,821.27,465.23,59.88,130.37,0.9625,-1,-1,-1
688,1242,1257.09,637.39,52.72,176.26,0.9619,-1,-1,-1
688,1262,363.71,461.21,63.94,130.02,0.9608,-1,-1,-1
688,1626,543.56,344.34,42.56,89.21,0.8767,-1,-1,-1
688,1621,1231.7,422.53,52.38,113.29,0.8718,-1,-1,-1
688,1568,281.72,865.66,180.15,183.5,0.8609,-1,-1,-1
688,1625,1331.61,361.78,32.07,59.18,0.7926,-1,-1,-1
688,1526,211.95,372.57,32.03,82.84,0.7696,-1,-1,-1
689,1629,1865.3,428.41,50.3,130.54,0.9684,-1,-1,-1
689,1382,794.48,466.17,60.7,130.52,0.9678,-1,-1,-1
689,1589,1506.88,386.57,74.5,90.71,0.9676,-1,-1,-1
689,1506,1077.64,397.67,73.28,88.96,0.963,-1,-1,-1
689,1242,1229.67,638.7,48.03,176.39,0.9622,-1,-1,-1
689,1262,337.01,463.64,64.35,129.07,0.9602,-1,-1,-1
689,1534,1350.1,455.25,65.77,108.96,0.9477,-1,-1,-1
689,1568,265.64,874.01,155.63,170.29,0.907,-1,-1,-1
689,1480,1394.68,417.46,32.32,72.84,0.8393,-1,-1,-1
689,1615,1372.77,369.62,40.69,81.99,0.7712,-1,-1,-1
689,1621,1209.28,424.0,51.42,114.06,0.7303,-1,-1,-1
689,1526,187.59,374.18,31.77,81.29,0.6371,-1,-1,-1
690,1506,1063.7,395.81,65.99,96.92,0.9719,-1,-1,-1
690,1382,770.46,468.1,59.62,129.1,0.9718,-1,-1,-1
690,1589,1483.21,386.35,69.79,92.2,0.9676,-1,-1,-1
690,1629,1837.32,427.5,61.58,131.63,0.9671,-1,-1,-1
690,1262,309.53,464.95,65.95,129.51,0.9659,-1,-1,-1
690,1534,1329.63,453.49,58.82,109.87,0.9572,-1,-1,-1
690,1242,1198.02,638.72,50.71,176.71,0.9429,-1,-1,-1
690,1568,243.5,876.84,140.97,165.15,0.9279,-1,-1,-1
690,1621,1186.53,426.44,51.62,111.31,0.9185,-1,-1,-1
690,1526,162.78,370.02,36.36,87.5,0.8721,-1,-1,-1
690,1615,1349.46,370.52,42.23,88.55,0.862,-1,-1,-1
691,1629,1823.75,427.6,62.92,132.89,0.9696,-1,-1,-1
691,1589,1470.8,385.29,70.31,93.21,0.967,-1,-1,-1
691,1382,757.86,468.75,60.7,129.07,0.9669,-1,-1,-1
691,1506,1055.92,395.87,63.55,97.9,0.9664,-1,-1,-1
691,1262,295.58,465.62,66.39,129.66,0.9656,-1,-1,-1
691,1242,1179.04,640.16,57.43,176.45,0.9607,-1,-1,-1
691,1534,1319.37,452.8,56.99,111.81,0.9547,-1,-1,-1
691,1621,1175.77,426.79,52.18,114.21,0.9424,-1,-1,-1
691,1526,150.26,369.73,38.17,86.58,0.924,-1,-1,-1
691,1635,477.68,342.92,46.71,94.91,0.9169,-1,-1,-1
691,1615,1335.73,371.7,46.46,94.57,0.9069,-1,-1,-1
691,1568,232.13,869.08,144.06,174.88,0.8851,-1,-1,-1
691,1636,178.99,363.7,52.5,87.51,0.8527,-1,-1,-1
691,1637,1354.58,426.22,35.09,65.53,0.8289,-1,-1,-1
691,1638,1283.67,364.11,30.33,60.34,0.7148,-1,-1,-1
692,1629,1797.43,426.84,64.7,134.19,0.9715,-1,-1,-1
692,1382,736.39,469.36,56.98,128.87,0.9693,-1,-1,-1
692,1589,1447.33,383.73,73.32,94.59,0.9687,-1,-1,-1
692,1506,1038.78,398.41,62.21,97.52,0.9675,-1,-1,-1
692,1534,1299.73,452.4,49.56,110.87,0.9655,-1,-1,-1
692,1262,269.56,465.97,66.78,129.99,0.9643,-1,-1,-1
692,1621,1154.61,428.46,49.59,112.26,0.9611,-1,-1,-1
692,1242,1137.27,639.74,74.6,179.14,0.9484,-1,-1,-1
692,1635,454.06,343.48,48.7,96.56,0.9335,-1,-1,-1
692,1526,126.67,369.9,37.37,90.09,0.9327,-1,-1,-1
692,1568,209.08,872.39,131.33,172.24,0.9114,-1,-1,-1
692,1636,152.82,363.76,55.06,89.59,0.89,-1,-1,-1
692,1625,1318.16,371.64,42.3,78.65,0.8869,-1,-1,-1
692,1615,1329.29,424.18,38.29,63.28,0.7193,-1,-1,-1
693,1629,1772.07,427.06,65.86,134.16,0.9721,-1,-1,-1
693,1506,1019.48,402.61,62.89,93.35,0.9701,-1,-1,-1
693,1589,1424.55,382.3,79.86,96.55,0.9696,-1,-1,-1
693,1262,243.29,467.22,67.92,129.74,0.9681,-1,-1,-1
693,1534,1278.15,451.97,48.86,108.55,0.9676,-1,-1,-1
693,1382,713.67,470.27,55.87,128.98,0.9673,-1,-1,-1
693,1242,1104.52,641.36,83.83,178.51,0.9664,-1,-1,-1
693,1621,1134.71,431.3,47.87,110.66,0.9545,-1,-1,-1
693,1568,189.48,872.46,116.4,172.56,0.936,-1,-1,-1
693,1526,103.32,371.3,37.0,91.15,0.898,-1,-1,-1
693,1635,430.84,353.78,46.72,84.77,0.8446,-1,-1,-1
693,1636,131.35,363.05,46.64,92.16,0.8142,-1,-1,-1
693,1625,1302.81,374.25,37.12,65.36,0.7048,-1,-1,-1
694,1629,1759.69,427.66,65.03,131.83,0.971,-1,-1,-1
694,1382,702.29,470.13,54.14,128.86,0.9703,-1,-1,-1
694,1534,1267.98,451.97,46.76,109.03,0.9684,-1,-1,-1
694,1589,1412.09,382.64,83.72,96.49,0.9668,-1,-1,-1
694,1242,1089.19,641.95,89.86,176.35,0.9641,-1,-1,-1
694,1506,1011.17,402.1,63.76,93.96,0.9611,-1,-1,-1
694,1262,229.95,468.16,69.33,129.66,0.9598,-1,-1,-1
694,1568,179.0,876.41,110.53,167.49,0.9494,-1,-1,-1
694,1621,1124.76,432.42,47.74,109.44,0.9394,-1,-1,-1
694,1526,90.98,370.28,37.17,95.28,0.9284,-1,-1,-1
694,1635,419.1,354.89,46.29,83.21,0.8919,-1,-1,-1
694,1636,119.49,360.74,47.97,93.93,0.8798,-1,-1,-1
694,1625,1290.92,371.9,41.13,69.35,0.8232,-1,-1,-1
694,1641,1233.22,358.24,36.15,66.35,0.6775,-1,-1,-1
694,1640,1298.26,428.37,34.01,54.9,0.65,-1,-1,-1
695,1629,1736.49,427.59,65.92,131.8,0.9718,-1,-1,-1
695,1589,1394.89,381.5,84.84,99.43,0.9715,-1,-1,-1
695,1382,678.78,469.73,53.22,129.4,0.9713,-1,-1,-1
695,1506,991.34,401.88,68.95,92.79,0.9682,-1,-1,-1
695,1534,1246.81,448.91,50.27,115.51,0.9648,-1,-1,-1
695,1262,204.55,468.66,69.37,129.28,0.9624,-1,-1,-1
695,1242,1062.08,642.51,95.9,175.82,0.9623,-1,-1,-1
695,1568,154.77,875.75,109.58,169.1,0.9496,-1,-1,-1
695,1621,1105.02,432.67,47.44,111.91,0.9028,-1,-1,-1
695,1635,396.35,354.03,47.18,84.72,0.8908,-1,-1,-1
695,1526,68.36,375.09,35.34,92.09,0.8176,-1,-1,-1
695,1625,1275.95,375.78,37.3,72.79,0.5763,-1,-1,-1
696,1589,1380.83,382.38,79.64,99.06,0.9751,-1,-1,-1
696,1506,974.87,401.23,74.04,96.13,0.9717,-1,-1,-1
696,1629,1714.14,427.9,66.55,130.9,0.9709,-1,-1,-1
696,1382,655.07,469.3,54.05,130.12,0.9689,-1,-1,-1
696,1534,1225.61,448.4,53.05,114.32,0.9667,-1,-1,-1
696,1242,1039.31,642.74,97.3,176.06,0.965,-1,-1,-1
696,1262,179.23,469.03,70.2,129.85,0.9641,-1,-1,-1
696,1568,131.01,875.03,107.84,170.31,0.9483,-1,-1,-1
696,1621,1085.21,433.04,48.32,111.22,0.938,-1,-1,-1
696,1526,47.15,375.98,36.47,93.2,0.8963,-1,-1,-1
696,1635,375.51,352.96,46.78,86.59,0.8296,-1,-1,-1
696,1625,1255.23,372.52,38.05,84.76,0.6584,-1,-1,-1
697,1589,1374.54,381.14,78.34,98.96,0.9727,-1,-1,-1
697,1242,1028.26,643.88,95.35,176.11,0.9722,-1,-1,-1
697,1629,1703.71,428.55,66.09,131.04,0.972,-1,-1,-1
697,1534,1216.2,449.07,52.67,112.37,0.9703,-1,-1,-1
697,1262,168.01,468.33,68.92,132.02,0.9693,-1,-1,-1
697,1506,967.72,400.82,74.0,97.57,0.9679,-1,-1,-1
697,1382,644.51,469.39,54.51,130.81,0.963,-1,-1,-1
697,1645,1846.68,590.76,68.64,174.25,0.9486,-1,-1,-1
697,1568,118.51,874.11,109.42,170.17,0.9375,-1,-1,-1
697,1621,1075.68,432.4,47.18,111.66,0.9343,-1,-1,-1
697,1625,1243.76,375.86,42.29,75.61,0.8753,-1,-1,-1
697,1526,36.55,372.57,39.3,98.07,0.8731,-1,-1,-1
697,1635,365.91,352.34,42.99,86.46,0.6101,-1,-1,-1
698,1589,1363.56,382.64,72.2,97.32,0.975,-1,-1,-1
698,1242,1007.41,644.48,92.64,171.28,0.9749,-1,-1,-1
698,1506,959.42,400.27,78.13,101.86,0.9719,-1,-1,-1
698,1645,1816.9,588.88,79.07,176.29,0.971,-1,-1,-1
698,1629,1683.95,428.9,64.47,129.6,0.9703,-1,-1,-1
698,1262,145.48,468.44,67.29,131.38,0.9699,-1,-1,-1
698,1382,623.0,468.81,54.18,130.52,0.9652,-1,-1,-1
698,1534,1196.63,448.0,55.63,110.93,0.9638,-1,-1,-1
698,1568,93.96,873.95,110.94,171.73,0.9374,-1,-1,-1
698,1526,15.13,373.07,38.26,96.56,0.9074,-1,-1,-1
698,1635,344.77,353.55,42.81,86.36,0.8574,-1,-1,-1
698,1625,1228.71,373.63,40.26,103.19,0.8494,-1,-1,-1
698,1621,1058.81,432.66,46.06,112.38,0.8489,-1,-1,-1
699,1629,1664.84,428.81,62.38,128.62,0.9731,-1,-1,-1
699,1645,1793.38,588.17,78.33,174.94,0.9727,-1,-1,-1
699,1242,984.79,642.88,88.43,171.09,0.972,-1,-1,-1
699,1262,122.87,467.61,67.1,132.02,0.9705,-1,-1,-1
699,1589,1354.82,382.31,65.28,96.53,0.9695,-1,-1,-1
699,1506,958.98,402.19,69.83,98.9,0.9691,-1,-1,-1
699,1382,601.06,467.98,54.74,131.27,0.9671,-1,-1,-1
699,1534,1179.58,447.63,54.12,109.6,0.9651,-1,-1,-1
699,1621,1042.89,431.76,43.66,111.55,0.9487,-1,-1,-1
699,1568,70.37,874.57,110.61,171.86,0.9408,-1,-1,-1
699,1625,1213.44,372.13,40.39,96.44,0.8526,-1,-1,-1
699,1635,323.72,353.51,43.19,86.85,0.8496,-1,-1,-1
699,1526,3.17,373.1,33.32,86.68,0.5687,-1,-1,-1
700,1506,957.9,403.14,65.89,98.7,0.9754,-1,-1,-1
700,1629,1655.05,428.56,62.65,130.04,0.974,-1,-1,-1
700,1242,971.97,640.55,88.1,173.34,0.9722,-1,-1,-1
700,1382,590.62,468.64,56.08,130.96,0.9704,-1,-1,-1
700,1645,1782.75,588.25,77.13,175.9,0.9693,-1,-1,-1
700,1534,1170.46,446.38,56.3,110.62,0.9684,-1,-1,-1
700,1589,1349.08,381.73,64.07,97.47,0.9658,-1,-1,-1
700,1262,111.53,468.06,67.14,132.03,0.9652,-1,-1,-1
700,1568,59.2,874.33,109.4,174.8,0.9501,-1,-1,-1
700,1621,1034.69,428.91,43.59,116.14,0.9478,-1,-1,-1
700,1649,1142.1,345.58,50.11,82.24,0.7696,-1,-1,-1
700,1625,1206.0,371.8,38.48,86.57,0.7272,-1,-1,-1
700,1635,315.2,354.82,41.47,86.93,0.515,-1,-1,-1
701,1242,949.24,638.01,80.9,175.64,0.9729,-1,-1,-1
701,1506,938.28,403.71,72.91,98.03,0.9702,-1,-1,-1
701,1262,91.46,466.83,64.79,132.67,0.97,-1,-1,-1
701,1629,1636.35,429.79,61.45,126.71,0.97,-1,-1,-1
701,1645,1762.55,586.97,73.6,174.43,0.9676,-1,-1,-1
701,1534,1155.59,444.89,55.51,110.73,0.9643,-1,-1,-1
701,1589,1333.76,382.15,63.76,96.15,0.9609,-1,-1,-1
701,1382,570.56,468.77,56.85,131.52,0.9582,-1,-1,-1
701,1568,35.91,874.61,110.55,175.19,0.9468,-1,-1,-1
701,1621,1019.91,429.41,40.49,115.51,0.9456,-1,-1,-1
701,1625,1189.71,373.06,41.23,89.33,0.925,-1,-1,-1
701,1649,1122.55,349.48,50.73,77.81,0.7995,-1,-1,-1
701,1635,294.6,356.61,40.05,84.27,0.4558,-1,-1,-1
701,1650,1.34,368.63,27.12,91.28,0.4139,-1,-1,-1
702,1629,1617.52,429.84,63.89,125.67,0.9731,-1,-1,-1
702,1645,1743.53,586.38,70.98,171.81,0.9727,-1,-1,-1
702,1506,921.26,402.17,75.39,98.96,0.9723,-1,-1,-1
702,1262,73.12,466.13,61.11,132.32,0.9714,-1,-1,-1
702,1382,551.08,468.18,56.01,131.64,0.9674,-1,-1,-1
702,1589,1319.68,381.38,65.3,98.69,0.9668,-1,-1,-1
702,1242,929.76,634.89,69.33,178.13,0.9633,-1,-1,-1
702,1534,1140.44,441.15,55.57,111.77,0.9628,-1,-1,-1
702,1621,1002.27,429.03,41.33,114.71,0.9571,-1,-1,-1
702,1568,11.26,874.12,112.8,176.3,0.9419,-1,-1,-1
702,1649,1105.04,351.66,53.24,75.75,0.8967,-1,-1,-1
702,1625,1174.55,377.89,41.55,92.32,0.886,-1,-1,-1
702,1635,273.61,353.88,41.81,86.95,0.809,-1,-1,-1
703,1645,1733.54,585.42,68.91,172.67,0.9737,-1,-1,-1
703,1242,919.4,635.21,65.64,175.2,0.9729,-1,-1,-1
703,1629,1608.41,430.13,65.61,125.36,0.9718,-1,-1,-1
703,1506,913.17,401.81,75.72,99.65,0.9709,-1,-1,-1
703,1262,64.55,466.37,58.36,132.53,0.9699,-1,-1,-1
703,1382,540.76,467.92,55.65,131.85,0.9693,-1,-1,-1
703,1589,1314.22,379.94,65.2,99.0,0.966,-1,-1,-1
703,1534,1132.59,440.98,56.09,111.73,0.9644,-1,-1,-1
703,1621,995.07,429.04,40.12,115.39,0.9447,-1,-1,-1
703,1568,1.59,876.68,112.78,169.45,0.9282,-1,-1,-1
703,1625,1166.07,374.67,47.36,92.9,0.9052,-1,-1,-1
703,1649,1097.51,352.66,55.29,74.33,0.8901,-1,-1,-1
703,1635,264.27,350.75,42.55,91.36,0.4333,-1,-1,-1
704,1629,1591.45,428.82,69.3,126.34,0.9757,-1,-1,-1
704,1506,903.38,401.19,72.41,100.07,0.9723,-1,-1,-1
704,1589,1304.59,380.09,62.39,99.41,0.9707,-1,-1,-1
704,1645,1715.93,584.07,67.06,172.05,0.9703,-1,-1,-1
704,1534,1117.63,439.28,58.85,112.59,0.9662,-1,-1,-1
704,1382,523.01,468.51,53.62,130.59,0.9661,-1,-1,-1
704,1242,901.09,635.44,62.86,176.21,0.9644,-1,-1,-1
704,1262,45.13,466.23,56.11,131.95,0.9604,-1,-1,-1
704,1621,977.48,430.07,40.17,115.46,0.9549,-1,-1,-1
704,1649,1083.68,344.92,61.76,88.43,0.9526,-1,-1,-1
704,1625,1150.44,371.72,47.85,101.55,0.934,-1,-1,-1
704,1568,0.0,877.15,86.76,168.64,0.9129,-1,-1,-1
704,1635,243.41,351.92,41.36,89.89,0.3562,-1,-1,-1
705,1645,1698.57,583.44,67.06,170.2,0.9735,-1,-1,-1
705,1262,27.19,465.53,52.84,132.5,0.9724,-1,-1,-1
705,1506,899.0,402.72,68.45,98.03,0.9711,-1,-1,-1
705,1589,1299.32,379.93,56.24,98.17,0.9708,-1,-1,-1
705,1382,505.54,467.73,53.67,131.41,0.9705,-1,-1,-1
705,1629,1574.09,428.78,73.15,126.87,0.9682,-1,-1,-1
705,1534,1104.63,442.92,57.84,107.57,0.9644,-1,-1,-1
705,1621,958.12,431.0,43.75,115.4,0.958,-1,-1,-1
705,1242,881.73,634.16,61.12,178.65,0.9467,-1,-1,-1
705,1649,1075.81,348.96,58.77,79.55,0.9242,-1,-1,-1
705,1568,2.37,881.75,61.72,152.76,0.8817,-1,-1,-1
705,1635,223.45,351.96,43.13,88.19,0.8815,-1,-1,-1
705,1625,1147.04,369.26,37.52,74.38,0.8593,-1,-1,-1
705,1656,281.84,342.45,44.54,83.93,0.5722,-1,-1,-1
706,1629,1566.77,428.66,74.8,125.43,0.9772,-1,-1,-1
706,1262,16.64,465.76,54.15,132.38,0.9738,-1,-1,-1
706,1506,898.54,402.75,65.81,98.04,0.9736,-1,-1,-1
706,1382,497.78,468.37,53.32,130.41,0.9735,-1,-1,-1
706,1645,1689.08,582.6,66.4,171.36,0.973,-1,-1,-1
706,1589,1297.86,378.65,52.04,98.75,0.9712,-1,-1,-1
706,1621,952.72,432.03,42.16,115.63,0.9603,-1,-1,-1
706,1242,871.17,634.8,61.69,179.48,0.9587,-1,-1,-1
706,1534,1099.22,442.19,59.73,108.58,0.9575,-1,-1,-1
706,1649,1073.55,348.33,59.28,79.22,0.9249,-1,-1,-1
706,1568,0.92,879.41,52.75,154.69,0.8959,-1,-1,-1
706,1635,215.39,349.94,43.91,90.32,0.8639,-1,-1,-1
706,1660,1114.53,413.04,58.41,74.09,0.8542,-1,-1,-1
706,1625,1140.55,360.66,37.72,74.68,0.8349,-1,-1,-1
706,1657,1894.42,616.25,25.16,116.75,0.8126,-1,-1,-1
706,1656,275.79,343.53,42.12,83.36,0.7676,-1,-1,-1
707,1506,900.09,403.28,60.71,97.11,0.9761,-1,-1,-1
707,1645,1670.66,581.04,70.6,171.78,0.9749,-1,-1,-1
707,1262,3.93,465.42,47.86,133.51,0.9704,-1,-1,-1
707,1382,481.09,467.64,53.58,131.17,0.9704,-1,-1,-1
707,1534,1086.86,440.83,63.15,107.54,0.9694,-1,-1,-1
707,1629,1553.11,427.26,75.43,127.31,0.9673,-1,-1,-1
707,1589,1294.71,380.72,44.66,96.69,0.9659,-1,-1,-1
707,1242,841.7,632.98,71.86,183.05,0.9545,-1,-1,-1
707,1621,934.59,433.98,45.78,113.75,0.9536,-1,-1,-1
707,1625,1120.02,361.12,48.48,114.19,0.9005,-1,-1,-1
707,1568,0.87,889.21,37.69,140.87,0.8972,-1,-1,-1
707,1657,1888.03,594.17,30.55,139.15,0.8932,-1,-1,-1
707,1649,1069.52,350.27,50.79,75.41,0.8013,-1,-1,-1
707,1635,195.66,350.84,43.87,91.44,0.7835,-1,-1,-1
708,1506,906.61,403.49,50.23,95.58,0.9773,-1,-1,-1
708,1629,1542.36,426.54,76.19,126.66,0.9766,-1,-1,-1
708,1645,1651.28,580.58,73.85,174.15,0.9729,-1,-1,-1
708,1382,465.64,467.28,52.7,130.12,0.9719,-1,-1,-1
708,1589,1280.95,381.23,49.81,95.88,0.9675,-1,-1,-1
708,1534,1074.86,442.38,66.06,106.24,0.9644,-1,-1,-1
708,1242,814.23,632.99,80.08,182.62,0.9576,-1,-1,-1
708,1635,178.13,349.97,47.12,90.61,0.9561,-1,-1,-1
708,1657,1876.98,574.8,41.54,157.46,0.9525,-1,-1,-1
708,1621,923.31,436.7,43.11,111.43,0.9353,-1,-1,-1
708,1625,1111.56,357.08,49.94,101.71,0.9272,-1,-1,-1
708,1262,1.66,468.88,31.12,128.06,0.9235,-1,-1,-1
708,1660,1113.83,411.72,45.08,93.98,0.8767,-1,-1,-1
708,1656,256.34,344.34,38.87,83.32,0.8175,-1,-1,-1
708,1649,1059.75,349.54,50.64,77.17,0.7622,-1,-1,-1
709,1645,1641.81,578.45,77.48,173.77,0.9759,-1,-1,-1
709,1629,1539.79,424.87,72.63,128.18,0.9755,-1,-1,-1
709,1382,457.84,467.08,52.55,129.26,0.9718,-1,-1,-1
709,1534,1066.83,443.47,69.76,106.28,0.9693,-1,-1,-1
709,1506,901.07,404.69,52.39,95.48,0.9667,-1,-1,-1
709,1589,1273.52,379.39,53.11,95.93,0.966,-1,-1,-1
709,1657,1868.69,575.36,48.92,158.05,0.9638,-1,-1,-1
709,1242,797.63,635.46,89.8,179.74,0.9605,-1,-1,-1
709,1660,1111.19,406.77,44.56,102.92,0.9263,-1,-1,-1
709,1635,169.14,349.43,46.08,91.58,0.9059,-1,-1,-1
709,1625,1110.06,360.17,45.48,87.66,0.89,-1,-1,-1
709,1262,1.01,468.95,24.04,131.81,0.8461,-1,-1,-1
709,1621,916.75,436.88,43.05,112.43,0.8025,-1,-1,-1
709,1656,251.46,342.59,36.35,84.61,0.7291,-1,-1,-1
709,1649,1050.86,354.43,52.85,72.45,0.6541,-1,-1,-1
710,1506,888.26,403.68,62.58,97.37,0.9784,-1,-1,-1
710,1657,1852.42,574.4,65.6,158.87,0.9754,-1,-1,-1
710,1645,1624.91,576.62,78.97,174.67,0.9739,-1,-1,-1
710,1534,1053.39,445.43,71.96,103.63,0.9734,-1,-1,-1
710,1629,1535.56,421.99,67.62,129.97,0.9728,-1,-1,-1
710,1382,441.79,466.85,51.93,129.09,0.9718,-1,-1,-1
710,1589,1258.53,378.77,60.76,96.34,0.9711,-1,-1,-1
710,1242,778.32,633.65,89.87,182.11,0.9605,-1,-1,-1
710,1635,149.53,348.38,49.56,92.25,0.9562,-1,-1,-1
710,1649,1038.03,352.8,51.87,73.13,0.9296,-1,-1,-1
710,1625,1098.98,353.79,44.51,98.65,0.9231,-1,-1,-1
710,1656,238.6,342.69,41.66,82.26,0.919,-1,-1,-1
710,1660,1102.46,410.08,40.61,100.9,0.8924,-1,-1,-1
710,1621,900.5,441.56,45.6,108.3,0.7827,-1,-1,-1
711,1382,426.99,466.95,51.52,130.64,0.9759,-1,-1,-1
711,1534,1038.61,445.63,72.57,102.64,0.9752,-1,-1,-1
711,1657,1838.27,573.58,71.04,158.69,0.9738,-1,-1,-1
711,1645,1607.12,577.36,80.52,174.53,0.9711,-1,-1,-1
711,1629,1535.17,419.57,58.71,130.05,0.9698,-1,-1,-1
711,1589,1247.53,378.24,66.52,97.71,0.9697,-1,-1,-1
711,1660,1093.33,409.64,40.54,100.51,0.9687,-1,-1,-1
711,1242,762.19,634.63,91.91,181.37,0.9596,-1,-1,-1
711,1625,1090.11,354.78,40.08,93.93,0.9493,-1,-1,-1
711,1635,133.37,348.44,48.63,92.91,0.9431,-1,-1,-1
711,1649,1027.09,347.74,59.43,78.38,0.928,-1,-1,-1
711,1506,884.74,404.8,69.93,96.48,0.9131,-1,-1,-1
711,1621,882.19,440.71,58.45,110.48,0.5892,-1,-1,-1
712,1657,1831.56,573.47,72.34,159.65,0.9759,-1,-1,-1
712,1382,418.1,466.03,52.93,131.28,0.9734,-1,-1,-1
712,1589,1244.71,378.03,66.56,97.9,0.9733,-1,-1,-1
712,1645,1600.98,575.53,79.35,175.48,0.9685,-1,-1,-1
712,1625,1085.27,356.92,48.81,150.52,0.9673,-1,-1,-1
712,1534,1030.87,444.42,73.13,103.69,0.9653,-1,-1,-1
712,1242,752.98,635.19,90.9,181.72,0.9647,-1,-1,-1
712,1506,897.14,404.55,57.12,98.74,0.9642,-1,-1,-1
712,1629,1531.21,418.01,58.68,131.92,0.9639,-1,-1,-1
712,1635,123.31,348.16,49.74,92.96,0.9548,-1,-1,-1
712,1649,1024.07,345.78,60.75,80.17,0.9403,-1,-1,-1
712,1656,216.64,364.17,40.17,62.58,0.7332,-1,-1,-1
713,1657,1818.35,574.39,75.79,156.43,0.9806,-1,-1,-1
713,1645,1583.24,575.79,82.1,175.91,0.9728,-1,-1,-1
713,1382,403.87,466.35,52.0,131.77,0.9715,-1,-1,-1
713,1534,1017.89,442.39,71.73,105.02,0.9698,-1,-1,-1
713,1629,1516.73,416.02,62.39,133.13,0.9684,-1,-1,-1
713,1506,901.36,404.53,47.55,98.82,0.9679,-1,-1,-1
713,1589,1240.08,377.44,62.26,97.67,0.9655,-1,-1,-1
713,1242,741.51,639.33,87.64,173.14,0.9629,-1,-1,-1
713,1660,1082.19,419.7,50.64,94.04,0.9611,-1,-1,-1
713,1635,107.57,348.77,48.4,92.18,0.9489,-1,-1,-1
713,1625,1076.61,360.33,37.09,92.92,0.9463,-1,-1,-1
713,1649,1019.54,350.77,52.02,77.15,0.9419,-1,-1,-1
713,1656,203.19,338.31,47.9,89.31,0.8452,-1,-1,-1
713,1621,870.77,436.64,46.08,116.38,0.8314,-1,-1,-1
714,1657,1804.54,575.22,79.98,154.59,0.9765,-1,-1,-1
714,1382,387.93,465.89,53.1,132.46,0.9748,-1,-1,-1
714,1645,1567.38,577.45,83.48,172.19,0.9699,-1,-1,-1
714,1589,1239.31,375.71,56.62,97.73,0.9696,-1,-1,-1
714,1506,902.95,404.55,37.78,98.97,0.9696,-1,-1,-1
714,1242,719.58,638.98,93.65,178.54,0.9685,-1,-1,-1
714,1629,1509.0,414.7,59.09,131.77,0.9677,-1,-1,-1
714,1534,1004.8,440.32,73.68,105.61,0.9638,-1,-1,-1
714,1660,1072.84,427.09,54.34,87.28,0.9562,-1,-1,-1
714,1635,89.02,349.59,48.75,91.54,0.9479,-1,-1,-1
714,1625,1065.77,361.34,38.48,86.14,0.9367,-1,-1,-1
714,1649,1019.07,349.79,41.99,78.06,0.928,-1,-1,-1
715,1657,1798.74,576.52,80.52,150.81,0.9755,-1,-1,-1
715,1645,1559.76,576.4,82.97,174.26,0.9742,-1,-1,-1
715,1589,1240.84,374.7,51.81,98.66,0.9718,-1,-1,-1
715,1534,998.28,439.48,75.65,105.25,0.9663,-1,-1,-1
715,1629,1504.32,415.83,59.05,129.96,0.9659,-1,-1,-1
715,1382,380.81,465.71,52.09,133.0,0.9655,-1,-1,-1
715,1242,718.78,639.8,82.76,174.86,0.9614,-1,-1,-1
715,1625,1061.47,361.94,39.63,87.43,0.9522,-1,-1,-1
715,1635,80.09,349.46,49.53,91.96,0.9509,-1,-1,-1
715,1506,900.23,404.28,34.72,99.51,0.9499,-1,-1,-1
715,1660,1064.95,429.55,56.68,86.25,0.9431,-1,-1,-1
715,1649,1017.78,351.79,39.54,76.29,0.925,-1,-1,-1
715,1656,188.99,344.06,47.12,84.07,0.4054,-1,-1,-1
716,1657,1791.37,575.56,79.89,154.15,0.9804,-1,-1,-1
716,1534,989.04,433.86,79.22,110.88,0.977,-1,-1,-1
716,1506,889.02,402.04,50.66,101.17,0.9757,-1,-1,-1
716,1382,364.49,465.18,54.56,133.23,0.9739,-1,-1,-1
716,1629,1498.05,416.19,54.18,129.07,0.9689,-1,-1,-1
716,1589,1243.67,373.77,42.65,100.11,0.9658,-1,-1,-1
716,1645,1547.95,575.77,79.81,173.27,0.9657,-1,-1,-1
716,1242,700.43,638.59,82.44,176.18,0.9642,-1,-1,-1
716,1625,1052.06,359.43,44.3,92.34,0.9608,-1,-1,-1
716,1635,62.29,350.82,50.13,89.5,0.9436,-1,-1,-1
716,1649,1011.54,360.97,33.74,66.08,0.93,-1,-1,-1
716,1660,1054.74,424.9,56.34,88.89,0.9288,-1,-1,-1
716,1656,180.17,339.97,47.28,92.14,0.7476,-1,-1,-1
716,1621,844.3,431.0,37.37,122.43,0.7474,-1,-1,-1
717,1534,987.46,432.24,73.66,111.36,0.9774,-1,-1,-1
717,1657,1783.78,576.56,78.47,152.54,0.9763,-1,-1,-1
717,1645,1535.47,576.13,78.64,172.95,0.9731,-1,-1,-1
717,1382,347.81,465.07,57.22,134.07,0.9724,-1,-1,-1
717,1506,875.5,400.98,67.21,99.84,0.9712,-1,-1,-1
717,1589,1233.28,373.35,48.22,100.54,0.9682,-1,-1,-1
717,1629,1487.78,416.68,55.06,128.78,0.9678,-1,-1,-1
717,1242,688.16,635.13,71.09,179.14,0.9659,-1,-1,-1
717,1625,1044.84,363.0,43.24,88.2,0.9643,-1,-1,-1
717,1660,1042.83,428.03,52.54,78.29,0.9501,-1,-1,-1
717,1649,998.88,352.56,45.44,74.17,0.9486,-1,-1,-1
717,1635,46.68,348.07,49.73,93.28,0.9007,-1,-1,-1
717,1656,177.63,341.71,36.55,88.54,0.7241,-1,-1,-1
717,1621,833.01,431.1,37.44,122.54,0.6516,-1,-1,-1
718,1657,1782.62,575.4,74.98,153.99,0.9776,-1,-1,-1
718,1506,870.88,400.27,71.64,101.18,0.9741,-1,-1,-1
718,1382,340.63,465.55,57.05,133.08,0.974,-1,-1,-1
718,1534,988.15,431.99,66.38,111.47,0.972,-1,-1,-1
718,1242,680.82,636.18,68.13,176.88,0.9706,-1,-1,-1
718,1645,1529.78,574.73,77.35,174.01,0.9683,-1,-1,-1
718,1589,1228.68,374.19,49.89,99.8,0.9682,-1,-1,-1
718,1629,1483.13,418.83,55.2,127.15,0.965,-1,-1,-1
718,1625,1042.01,364.31,43.13,83.26,0.9599,-1,-1,-1
718,1649,992.27,349.35,51.87,76.34,0.9599,-1,-1,-1
718,1660,1038.97,427.41,48.73,79.9,0.9517,-1,-1,-1
718,1621,826.03,431.11,38.82,122.97,0.8984,-1,-1,-1
718,1635,37.98,347.46,50.8,93.64,0.8785,-1,-1,-1
718,1656,179.64,344.41,31.18,83.24,0.4106,-1,-1,-1
719,1657,1777.51,575.56,74.26,154.47,0.9775,-1,-1,-1
719,1506,869.77,398.42,72.48,104.39,0.9743,-1,-1,-1
719,1629,1473.19,420.75,56.44,125.37,0.9732,-1,-1,-1
719,1382,325.47,465.57,58.98,133.4,0.9726,-1,-1,-1
719,1645,1519.49,576.31,76.29,170.04,0.9694,-1,-1,-1
719,1534,989.91,429.5,55.69,113.58,0.9637,-1,-1,-1
719,1242,663.15,635.61,67.78,178.12,0.9609,-1,-1,-1
719,1589,1220.93,377.29,54.32,95.04,0.9599,-1,-1,-1
719,1625,1033.3,360.02,45.33,97.11,0.9578,-1,-1,-1
719,1635,24.93,347.21,48.07,93.6,0.9531,-1,-1,-1
719,1649,982.66,347.0,57.96,78.83,0.9531,-1,-1,-1
719,1660,1033.22,420.21,39.24,85.88,0.9415,-1,-1,-1
719,1621,813.11,431.27,42.24,123.43,0.9399,-1,-1,-1
719,1656,163.45,338.64,38.44,90.48,0.7844,-1,-1,-1
720,1657,1765.23,575.56,82.5,153.91,0.9811,-1,-1,-1
720,1506,873.98,395.53,66.49,105.18,0.974,-1,-1,-1
720,1629,1465.28,423.43,55.69,123.8,0.9714,-1,-1,-1
720,1645,1510.37,574.65,71.36,174.21,0.9697,-1,-1,-1
720,1534,986.75,427.69,50.31,113.7,0.9694,-1,-1,-1
720,1382,310.43,465.81,58.02,134.02,0.9681,-1,-1,-1
720,1589,1212.18,378.83,59.32,94.87,0.9666,-1,-1,-1
720,1621,799.95,433.44,41.24,123.5,0.9657,-1,-1,-1
720,1242,643.79,635.02,70.43,180.87,0.965,-1,-1,-1
720,1649,978.64,345.98,54.54,78.88,0.9559,-1,-1,-1
720,1660,1024.09,419.94,39.15,88.43,0.9499,-1,-1,-1
720,1625,1025.15,356.32,50.08,89.33,0.9382,-1,-1,-1
720,1635,13.28,347.3,42.74,93.4,0.725,-1,-1,-1
721,1657,1757.87,575.47,87.38,153.53,0.9813,-1,-1,-1
721,1506,878.57,394.94,58.33,106.81,0.9736,-1,-1,-1
721,1382,302.34,465.86,59.36,134.14,0.973,-1,-1,-1
721,1629,1460.94,423.98,58.11,123.66,0.9701,-1,-1,-1
721,1589,1209.29,379.65,63.31,94.29,0.9699,-1,-1,-1
721,1645,1505.47,574.25,70.96,174.43,0.9694,-1,-1,-1
721,1621,792.24,432.73,42.56,124.78,0.9693,-1,-1,-1
721,1534,982.81,426.6,49.62,116.0,0.9652,-1,-1,-1
721,1242,631.76,635.23,75.36,181.15,0.9645,-1,-1,-1
721,1660,1020.92,414.21,40.16,94.59,0.961,-1,-1,-1
721,1649,977.32,346.44,52.9,76.34,0.9524,-1,-1,-1
721,1625,1019.88,356.02,52.9,87.35,0.9457,-1,-1,-1
721,1656,142.09,337.28,49.63,93.33,0.906,-1,-1,-1
721,1635,9.09,347.29,39.61,93.32,0.8717,-1,-1,-1
722,1645,1496.66,575.39,68.08,172.46,0.9751,-1,-1,-1
722,1629,1449.92,425.27,63.53,123.24,0.975,-1,-1,-1
722,1589,1205.73,379.01,68.81,95.63,0.9715,-1,-1,-1
722,1534,974.5,425.8,49.16,117.5,0.9711,-1,-1,-1
722,1382,287.63,466.81,59.54,134.31,0.9707,-1,-1,-1
722,1657,1745.01,573.26,96.29,151.04,0.9707,-1,-1,-1
722,1506,891.56,397.7,36.45,106.11,0.9625,-1,-1,-1
722,1660,1011.09,411.14,44.04,98.26,0.9523,-1,-1,-1
722,1242,610.03,637.57,81.84,180.58,0.9499,-1,-1,-1
722,1621,777.98,437.55,45.04,121.35,0.9426,-1,-1,-1
722,1625,1013.16,365.73,54.11,71.92,0.936,-1,-1,-1
722,1656,129.38,337.53,58.25,94.51,0.911,-1,-1,-1
722,1649,976.74,350.21,51.26,75.37,0.8317,-1,-1,-1
723,1645,1485.81,573.75,67.78,171.35,0.9743,-1,-1,-1
723,1629,1437.28,423.22,70.28,124.07,0.9734,-1,-1,-1
723,1656,113.94,336.63,73.82,95.29,0.9717,-1,-1,-1
723,1534,966.05,425.65,47.46,116.01,0.9716,-1,-1,-1
723,1382,271.51,466.83,60.81,134.52,0.9716,-1,-1,-1
723,1657,1730.1,571.39,102.16,153.82,0.9715,-1,-1,-1
723,1589,1200.26,378.08,72.44,97.21,0.9681,-1,-1,-1
723,1506,893.03,398.2,39.48,106.21,0.9654,-1,-1,-1
723,1242,591.44,637.24,85.0,184.61,0.9631,-1,-1,-1
723,1625,1001.96,365.88,56.49,74.48,0.93,-1,-1,-1
723,1660,1003.59,408.76,35.16,96.51,0.8843,-1,-1,-1
723,1649,978.06,355.86,48.21,78.01,0.7224,-1,-1,-1
723,1621,763.7,439.24,46.79,120.95,0.7084,-1,-1,-1
724,1657,1725.64,569.0,101.74,156.64,0.9755,-1,-1,-1
724,1589,1196.17,378.56,73.57,96.97,0.9749,-1,-1,-1
724,1506,887.44,398.13,48.17,105.7,0.9742,-1,-1,-1
724,1629,1428.88,422.31,75.34,124.85,0.9714,-1,-1,-1
724,1382,264.42,468.91,62.08,133.66,0.9713,-1,-1,-1
724,1645,1480.08,572.92,67.8,171.05,0.9706,-1,-1,-1
724,1534,961.17,425.94,47.46,116.4,0.9643,-1,-1,-1
724,1656,107.74,337.68,75.81,94.88,0.9593,-1,-1,-1
724,1242,580.77,640.97,86.6,180.32,0.9482,-1,-1,-1
724,1625,1001.57,365.2,49.2,76.68,0.9165,-1,-1,-1
724,1668,1882.47,770.61,36.37,157.5,0.9058,-1,-1,-1
724,1621,756.51,440.19,48.92,121.2,0.8728,-1,-1,-1
724,1660,1003.66,410.12,31.75,85.18,0.8313,-1,-1,-1
724,1649,979.66,356.29,45.67,87.04,0.704,-1,-1,-1
725,1629,1415.36,422.21,83.53,125.38,0.9756,-1,-1,-1
725,1506,877.26,397.82,65.09,107.86,0.9753,-1,-1,-1
725,1645,1469.05,573.3,66.65,169.12,0.9752,-1,-1,-1
725,1589,1184.13,378.22,76.81,97.11,0.9742,-1,-1,-1
725,1534,952.83,427.53,46.36,115.9,0.9729,-1,-1,-1
725,1382,247.92,467.01,62.62,136.34,0.9712,-1,-1,-1
725,1242,557.35,637.46,96.86,186.51,0.9674,-1,-1,-1
725,1621,740.75,442.1,52.19,118.86,0.96,-1,-1,-1
725,1656,99.01,339.56,72.98,95.49,0.9586,-1,-1,-1
725,1657,1714.18,568.61,107.23,153.92,0.9545,-1,-1,-1
725,1668,1871.73,756.72,47.02,169.82,0.9428,-1,-1,-1
725,1625,994.76,362.73,44.65,71.72,0.9401,-1,-1,-1
725,1660,993.1,406.14,34.45,94.49,0.9138,-1,-1,-1
725,1649,981.21,351.32,35.1,71.17,0.45,-1,-1,-1
726,1534,944.23,428.01,46.04,115.81,0.9759,-1,-1,-1
726,1506,876.41,396.5,63.76,107.54,0.9758,-1,-1,-1
726,1629,1408.55,419.42,85.04,128.07,0.9741,-1,-1,-1
726,1645,1459.61,571.32,65.08,169.97,0.972,-1,-1,-1
726,1589,1175.63,377.96,71.37,98.17,0.968,-1,-1,-1
726,1657,1712.84,569.68,93.03,156.83,0.9673,-1,-1,-1
726,1242,539.15,637.48,100.12,189.42,0.965,-1,-1,-1
726,1660,984.21,405.23,40.72,98.4,0.964,-1,-1,-1
726,1382,232.32,467.75,63.18,137.06,0.9626,-1,-1,-1
726,1668,1856.81,748.76,60.65,182.82,0.9536,-1,-1,-1
726,1656,94.23,339.75,62.17,95.42,0.8953,-1,-1,-1
726,1649,964.88,349.57,60.1,98.18,0.864,-1,-1,-1
726,1621,727.75,441.98,52.7,121.59,0.5852,-1,-1,-1
727,1506,879.52,395.49,57.29,109.82,0.9748,-1,-1,-1
727,1534,940.38,428.7,46.15,114.81,0.9743,-1,-1,-1
727,1657,1711.41,569.82,91.62,156.58,0.9742,-1,-1,-1
727,1589,1174.67,376.32,68.13,100.62,0.9733,-1,-1,-1
727,1382,224.34,468.18,62.87,136.14,0.9733,-1,-1,-1
727,1629,1409.58,417.54,76.56,132.19,0.9703,-1,-1,-1
727,1645,1455.06,572.18,63.69,169.63,0.9654,-1,-1,-1
727,1660,978.59,404.79,42.74,100.85,0.9604,-1,-1,-1
727,1242,527.17,638.78,100.69,189.73,0.9584,-1,-1,-1
727,1668,1848.3,744.39,67.89,187.76,0.9536,-1,-1,-1
727,1621,720.33,444.24,54.37,120.73,0.8617,-1,-1,-1
727,1649,962.06,351.81,63.75,92.14,0.8378,-1,-1,-1
727,1656,94.07,342.96,55.7,92.44,0.7306,-1,-1,-1
728,1657,1707.22,571.57,91.12,153.49,0.9792,-1,-1,-1
728,1534,931.39,428.68,46.51,115.31,0.9741,-1,-1,-1
728,1506,887.05,395.27,45.02,109.34,0.9737,-1,-1,-1
728,1645,1443.67,572.27,63.11,169.64,0.9732,-1,-1,-1
728,1589,1172.61,376.26,61.8,99.98,0.9702,-1,-1,-1
728,1629,1408.56,415.43,70.93,134.69,0.9696,-1,-1,-1
728,1242,509.04,639.78,102.79,189.29,0.9655,-1,-1,-1
728,1621,707.59,446.19,55.11,121.74,0.965,-1,-1,-1
728,1382,209.53,468.04,62.0,137.23,0.9647,-1,-1,-1
728,1668,1835.59,742.46,76.94,187.74,0.9611,-1,-1,-1
728,1660,968.01,410.2,44.06,96.87,0.955,-1,-1,-1
728,1649,963.81,346.31,52.02,109.8,0.9335,-1,-1,-1
728,1656,91.59,342.57,50.47,92.4,0.5478,-1,-1,-1
729,1534,917.56,428.57,53.02,115.11,0.9754,-1,-1,-1
729,1657,1709.13,572.61,81.83,151.24,0.9739,-1,-1,-1
729,1382,194.89,467.58,60.25,136.23,0.9725,-1,-1,-1
729,1621,696.49,446.66,54.84,121.93,0.9717,-1,-1,-1
729,1506,887.47,394.67,43.91,107.65,0.9685,-1,-1,-1
729,1589,1168.33,373.39,56.85,102.66,0.9663,-1,-1,-1
729,1629,1408.03,413.66,62.91,134.92,0.9652,-1,-1,-1
729,1645,1432.34,571.38,63.58,171.41,0.962,-1,-1,-1
729,1242,490.07,640.14,106.45,190.96,0.9598,-1,-1,-1
729,1668,1825.45,738.08,76.71,193.83,0.9522,-1,-1,-1
729,1660,958.6,408.54,41.05,97.38,0.9423,-1,-1,-1
729,1625,961.44,351.53,45.05,82.17,0.8685,-1,-1,-1
729,1656,90.33,341.15,34.1,93.74,0.6396,-1,-1,-1
730,1645,1426.37,572.67,63.25,169.62,0.975,-1,-1,-1
730,1657,1709.85,571.79,76.62,152.05,0.9748,-1,-1,-1
730,1629,1404.62,412.11,61.7,135.59,0.9739,-1,-1,-1
730,1506,884.6,393.32,47.07,108.25,0.9725,-1,-1,-1
730,1534,910.64,428.52,57.45,114.99,0.9704,-1,-1,-1
730,1621,692.64,447.49,53.86,121.51,0.9688,-1,-1,-1
730,1382,187.72,468.16,60.03,135.71,0.9676,-1,-1,-1
730,1242,479.95,639.79,105.59,192.94,0.967,-1,-1,-1
730,1589,1167.61,371.76,54.24,103.85,0.9661,-1,-1,-1
730,1668,1821.61,736.95,76.41,194.96,0.947,-1,-1,-1
730,1660,948.61,414.15,39.67,87.23,0.9389,-1,-1,-1
730,1649,945.41,346.59,58.35,97.83,0.9127,-1,-1,-1
731,1621,685.68,447.61,50.18,122.12,0.977,-1,-1,-1
731,1657,1708.71,568.39,68.25,154.69,0.9744,-1,-1,-1
731,1645,1413.27,573.77,65.4,169.9,0.9732,-1,-1,-1
731,1382,171.94,468.5,58.62,136.37,0.9721,-1,-1,-1
731,1534,896.77,428.82,66.71,113.35,0.972,-1,-1,-1
731,1629,1397.84,410.74,58.32,135.28,0.9716,-1,-1,-1
731,1589,1165.87,369.76,45.19,105.62,0.9676,-1,-1,-1
731,1242,463.85,639.06,102.61,195.85,0.9628,-1,-1,-1
731,1506,882.64,396.01,41.62,76.25,0.9375,-1,-1,-1
731,1668,1811.55,735.51,75.76,189.76,0.9373,-1,-1,-1
731,1649,947.63,351.17,47.32,107.29,0.8926,-1,-1,-1
731,1660,944.61,416.43,46.89,79.81,0.8478,-1,-1,-1
732,1657,1700.96,564.52,70.45,156.83,0.9779,-1,-1,-1
732,1645,1398.55,575.55,66.81,168.81,0.9762,-1,-1,-1
732,1621,675.06,447.37,49.28,124.21,0.9762,-1,-1,-1
732,1382,156.61,468.5,56.19,137.85,0.971,-1,-1,-1
732,1534,880.4,427.65,75.15,116.93,0.9704,-1,-1,-1
732,1242,446.24,639.86,98.73,194.01,0.9682,-1,-1,-1
732,1629,1387.95,410.71,57.1,136.46,0.9659,-1,-1,-1
732,1668,1797.64,733.34,78.57,191.08,0.9558,-1,-1,-1
732,1589,1155.49,367.14,44.64,107.68,0.9539,-1,-1,-1
732,1506,877.51,396.81,40.68,74.58,0.9454,-1,-1,-1
732,1660,933.86,405.75,61.43,83.44,0.9095,-1,-1,-1
732,1649,938.51,355.18,49.23,106.62,0.8925,-1,-1,-1
732,1656,54.12,338.63,44.66,102.56,0.643,-1,-1,-1
733,1621,668.65,446.91,47.93,123.98,0.9761,-1,-1,-1
733,1645,1390.91,575.98,68.17,168.44,0.9745,-1,-1,-1
733,1657,1692.11,562.09,74.66,162.66,0.9745,-1,-1,-1
733,1629,1381.94,411.58,56.4,134.95,0.9722,-1,-1,-1
733,1382,149.32,469.73,54.48,135.57,0.9713,-1,-1,-1
733,1534,874.43,428.79,75.11,116.5,0.9674,-1,-1,-1
733,1242,437.47,640.05,96.17,193.29,0.9665,-1,-1,-1
733,1589,1150.07,367.44,42.51,106.87,0.9637,-1,-1,-1
733,1506,873.1,398.66,44.15,79.17,0.9513,-1,-1,-1
733,1668,1789.08,730.42,80.44,194.64,0.9509,-1,-1,-1
733,1649,932.04,358.1,61.86,128.06,0.9268,-1,-1,-1
733,1660,923.04,411.85,32.58,75.58,0.6004,-1,-1,-1
733,1656,47.99,339.62,48.33,101.93,0.545,-1,-1,-1
734,1657,1681.04,561.73,75.61,162.62,0.9776,-1,-1,-1
734,1645,1374.46,577.31,69.83,166.36,0.9755,-1,-1,-1
734,1621,656.7,446.9,46.86,124.21,0.9743,-1,-1,-1
734,1382,134.8,470.15,49.5,138.44,0.9742,-1,-1,-1
734,1534,863.82,428.0,73.93,116.35,0.9705,-1,-1,-1
734,1629,1369.26,413.01,55.34,135.9,0.9675,-1,-1,-1
734,1242,420.98,639.4,89.68,193.22,0.9647,-1,-1,-1
734,1589,1138.06,366.97,40.94,107.03,0.9641,-1,-1,-1
734,1668,1772.95,730.77,81.9,195.09,0.9542,-1,-1,-1
734,1506,866.15,401.77,42.32,70.34,0.9379,-1,-1,-1
734,1649,924.6,360.03,52.12,114.67,0.8889,-1,-1,-1
734,1660,906.43,415.72,37.98,71.87,0.5679,-1,-1,-1
734,1656,33.97,342.84,54.17,98.98,0.5119,-1,-1,-1
735,1657,1671.77,560.39,74.38,160.27,0.9746,-1,-1,-1
735,1621,644.31,447.8,45.51,124.25,0.973,-1,-1,-1
735,1629,1355.46,416.08,54.68,131.27,0.9692,-1,-1,-1
735,1645,1357.87,577.02,70.9,164.73,0.9687,-1,-1,-1
735,1382,117.74,471.12,47.96,137.93,0.9663,-1,-1,-1
735,1589,1126.1,369.09,39.32,104.89,0.965,-1,-1,-1
735,1668,1750.74,729.69,92.43,193.95,0.9572,-1,-1,-1
735,1242,403.73,639.26,83.57,192.77,0.9562,-1,-1,-1
735,1534,855.88,433.73,69.31,107.14,0.9556,-1,-1,-1
735,1649,913.23,366.74,40.32,94.69,0.9168,-1,-1,-1
735,1625,939.71,349.42,27.41,103.29,0.9035,-1,-1,-1
735,1660,896.42,411.87,52.87,74.23,0.8308,-1,-1,-1
735,1506,858.48,401.52,49.21,78.02,0.8167,-1,-1,-1
735,1656,25.75,345.77,48.68,98.45,0.3519,-1,-1,-1
736,1382,109.56,472.09,47.05,139.09,0.975,-1,-1,-1
736,1657,1667.71,560.87,73.02,157.83,0.9743,-1,-1,-1
736,1645,1350.31,578.01,70.76,163.86,0.9735,-1,-1,-1
736,1629,1349.28,417.84,53.99,129.72,0.973,-1,-1,-1
736,1621,637.65,448.82,44.21,123.88,0.9709,-1,-1,-1
736,1589,1119.68,369.67,41.15,106.13,0.9654,-1,-1,-1
736,1242,393.51,642.71,83.14,186.6,0.9611,-1,-1,-1
736,1534,851.29,432.13,67.82,111.25,0.9584,-1,-1,-1
736,1668,1746.73,733.06,92.9,188.83,0.9582,-1,-1,-1
736,1625,935.38,350.66,29.75,96.78,0.9216,-1,-1,-1
736,1649,907.83,368.03,45.06,98.43,0.9201,-1,-1,-1
736,1660,898.3,413.65,53.86,77.45,0.8953,-1,-1,-1
736,1506,854.96,401.28,52.37,75.07,0.8303,-1,-1,-1
737,1629,1334.38,422.0,59.77,126.55,0.9757,-1,-1,-1
737,1657,1662.85,564.49,65.57,152.62,0.9755,-1,-1,-1
737,1382,92.34,472.89,49.28,138.77,0.9737,-1,-1,-1
737,1589,1108.58,371.97,48.13,104.54,0.9733,-1,-1,-1
737,1645,1335.68,576.57,70.53,166.88,0.9689,-1,-1,-1
737,1534,846.1,431.97,60.77,110.0,0.9687,-1,-1,-1
737,1621,624.25,451.48,43.92,123.6,0.9669,-1,-1,-1
737,1668,1725.04,726.19,99.56,192.68,0.9663,-1,-1,-1
737,1625,927.03,352.86,36.68,83.23,0.9645,-1,-1,-1
737,1242,377.26,643.28,77.85,189.72,0.9549,-1,-1,-1
737,1649,898.03,372.3,52.66,89.62,0.9316,-1,-1,-1
737,1660,887.91,414.12,53.5,86.02,0.8846,-1,-1,-1
737,1506,850.33,399.96,44.96,63.27,0.879,-1,-1,-1
738,1657,1655.98,567.18,64.32,149.13,0.9744,-1,-1,-1
738,1645,1321.75,576.31,70.53,166.96,0.9742,-1,-1,-1
738,1629,1318.68,424.58,71.13,126.56,0.9729,-1,-1,-1
738,1382,74.77,475.25,53.35,139.16,0.9726,-1,-1,-1
738,1589,1095.58,377.2,59.57,101.64,0.9712,-1,-1,-1
738,1621,614.17,452.62,42.06,125.41,0.9667,-1,-1,-1
738,1534,839.68,433.39,56.19,109.43,0.9643,-1,-1,-1
738,1242,360.15,644.31,76.54,190.31,0.9593,-1,-1,-1
738,1625,916.75,355.76,45.3,84.43,0.9548,-1,-1,-1
738,1668,1706.6,728.4,109.21,186.33,0.9442,-1,-1,-1
738,1649,887.89,371.92,53.79,85.89,0.9103,-1,-1,-1
738,1660,866.02,408.28,66.8,96.14,0.8695,-1,-1,-1
738,1506,839.5,400.67,72.91,90.06,0.6327,-1,-1,-1
739,1629,1311.15,426.02,74.96,124.19,0.9744,-1,-1,-1
739,1589,1091.09,378.1,63.84,101.27,0.9724,-1,-1,-1
739,1645,1316.4,575.33,69.48,167.66,0.9721,-1,-1,-1
739,1657,1651.92,567.26,62.93,149.15,0.971,-1,-1,-1
739,1382,66.19,475.52,57.18,138.95,0.9698,-1,-1,-1
739,1621,608.19,454.22,45.39,124.35,0.9642,-1,-1,-1
739,1668,1698.69,728.53,109.03,187.6,0.9619,-1,-1,-1
739,1242,350.86,644.67,77.57,188.43,0.9618,-1,-1,-1
739,1534,838.76,433.5,51.44,108.78,0.9575,-1,-1,-1
739,1625,914.83,354.8,42.22,91.25,0.9486,-1,-1,-1
739,1660,878.27,430.15,48.85,77.75,0.9253,-1,-1,-1
739,1649,880.5,373.74,54.69,82.32,0.8752,-1,-1,-1
739,1506,835.82,401.67,59.26,80.91,0.7571,-1,-1,-1
740,1629,1296.38,427.48,82.9,122.33,0.9805,-1,-1,-1
740,1657,1639.87,563.84,65.89,154.34,0.9773,-1,-1,-1
740,1668,1697.89,727.16,94.94,184.21,0.9728,-1,-1,-1
740,1534,828.15,424.69,51.17,116.16,0.9723,-1,-1,-1
740,1382,48.75,477.77,57.81,139.85,0.9723,-1,-1,-1
740,1645,1307.38,575.46,65.46,163.92,0.9714,-1,-1,-1
740,1589,1082.01,381.86,67.78,98.2,0.9658,-1,-1,-1
740,1621,593.39,455.04,57.6,123.06,0.9634,-1,-1,-1
740,1242,331.09,643.73,78.4,191.2,0.9526,-1,-1,-1
740,1625,909.45,355.37,35.17,92.53,0.9377,-1,-1,-1
740,1649,875.01,374.67,55.22,83.4,0.9351,-1,-1,-1
740,1660,866.71,429.29,44.66,80.18,0.906,-1,-1,-1
740,1506,834.15,410.64,53.0,74.04,0.4867,-1,-1,-1
741,1629,1283.46,427.21,87.03,124.13,0.9836,-1,-1,-1
741,1657,1629.18,559.87,71.56,160.12,0.9763,-1,-1,-1
741,1382,30.52,478.61,62.74,140.12,0.9739,-1,-1,-1
741,1534,819.27,423.84,51.1,119.25,0.9735,-1,-1,-1
741,1645,1298.27,575.32,62.93,164.74,0.9734,-1,-1,-1
741,1621,579.75,456.3,65.99,124.69,0.9675,-1,-1,-1
741,1589,1074.63,387.4,64.81,93.46,0.9672,-1,-1,-1
741,1668,1692.24,723.9,91.11,186.39,0.965,-1,-1,-1
741,1242,310.32,646.97,82.33,189.63,0.9541,-1,-1,-1
741,1625,904.01,354.9,34.68,103.38,0.9535,-1,-1,-1
741,1660,850.02,420.79,45.57,87.09,0.8975,-1,-1,-1
741,1649,870.41,373.48,45.16,81.43,0.8873,-1,-1,-1
742,1629,1277.13,428.75,92.59,125.67,0.9809,-1,-1,-1
742,1657,1623.19,558.19,74.28,163.65,0.9737,-1,-1,-1
742,1382,24.68,479.42,61.55,139.06,0.9707,-1,-1,-1
742,1589,1069.45,390.17,63.9,91.25,0.9705,-1,-1,-1
742,1645,1296.26,574.79,60.25,165.37,0.9703,-1,-1,-1
742,1621,573.1,456.43,70.17,124.13,0.97,-1,-1,-1
742,1534,815.17,423.72,52.2,120.56,0.9694,-1,-1,-1
742,1668,1682.26,726.43,97.43,184.13,0.9691,-1,-1,-1
742,1242,300.89,646.94,85.26,190.85,0.962,-1,-1,-1
742,1625,901.58,354.79,37.33,103.11,0.96,-1,-1,-1
742,1660,847.13,421.56,39.85,86.48,0.9281,-1,-1,-1
742,1649,867.47,375.9,45.43,76.56,0.8872,-1,-1,-1
743,1668,1675.22,723.58,96.42,187.6,0.982,-1,-1,-1
743,1621,559.79,456.66,75.11,126.18,0.9723,-1,-1,-1
743,1382,6.12,480.26,65.2,140.83,0.9721,-1,-1,-1
743,1657,1612.14,557.45,81.37,163.36,0.9718,-1,-1,-1
743,1534,806.68,423.19,49.01,119.16,0.9703,-1,-1,-1
743,1629,1269.93,429.21,97.91,125.32,0.967,-1,-1,-1
743,1589,1058.39,393.11,62.16,87.52,0.9652,-1,-1,-1
743,1625,893.25,353.92,41.64,109.42,0.9638,-1,-1,-1
743,1645,1291.01,576.2,55.31,164.47,0.9623,-1,-1,-1
743,1242,285.91,648.96,82.09,190.14,0.9553,-1,-1,-1
743,1660,842.46,416.75,38.72,92.75,0.9024,-1,-1,-1
743,1649,859.2,376.46,40.49,81.02,0.8877,-1,-1,-1
744,1657,1604.17,556.6,85.95,161.39,0.9791,-1,-1,-1
744,1534,799.14,425.0,46.12,118.08,0.978,-1,-1,-1
744,1668,1675.41,718.44,89.45,191.14,0.9777,-1,-1,-1
744,1645,1281.14,576.79,56.06,165.79,0.9751,-1,-1,-1
744,1629,1265.62,427.16,100.43,124.33,0.9721,-1,-1,-1
744,1589,1045.95,393.82,61.14,87.99,0.9706,-1,-1,-1
744,1621,549.13,458.54,72.98,125.45,0.9704,-1,-1,-1
744,1625,890.36,356.62,40.34,93.31,0.9681,-1,-1,-1
744,1382,1.71,480.21,53.62,140.62,0.9671,-1,-1,-1
744,1649,849.72,378.54,45.53,89.86,0.9637,-1,-1,-1
744,1242,269.2,651.54,85.24,190.4,0.9582,-1,-1,-1
744,1660,832.94,420.19,43.63,91.82,0.9238,-1,-1,-1
745,1657,1599.99,556.86,90.51,159.89,0.9808,-1,-1,-1
745,1534,795.52,425.31,48.79,119.37,0.9768,-1,-1,-1
745,1629,1265.2,427.38,99.79,123.35,0.9764,-1,-1,-1
745,1645,1274.82,578.1,59.54,165.61,0.9747,-1,-1,-1
745,1621,544.37,459.12,70.51,126.2,0.9737,-1,-1,-1
745,1589,1040.24,393.34,62.05,88.56,0.9697,-1,-1,-1
745,1625,888.99,357.08,41.06,92.71,0.9664,-1,-1,-1
745,1382,2.67,480.86,46.62,138.79,0.9663,-1,-1,-1
745,1668,1676.81,714.87,83.99,193.9,0.961,-1,-1,-1
745,1242,264.48,652.19,80.89,189.28,0.9567,-1,-1,-1
745,1649,849.51,377.87,41.49,89.21,0.953,-1,-1,-1
745,1660,830.0,415.96,45.43,93.94,0.9306,-1,-1,-1
746,1629,1265.62,426.93,95.08,124.31,0.9801,-1,-1,-1
746,1657,1595.69,557.99,93.17,157.85,0.9758,-1,-1,-1
746,1621,541.21,460.38,59.7,126.15,0.9748,-1,-1,-1
746,1625,888.13,357.69,38.32,93.32,0.968,-1,-1,-1
746,1534,790.78,431.12,46.0,113.18,0.9679,-1,-1,-1
746,1589,1031.79,393.3,58.24,88.51,0.9672,-1,-1,-1
746,1668,1675.22,710.14,80.3,196.48,0.9566,-1,-1,-1
746,1242,251.44,652.21,81.35,193.99,0.9558,-1,-1,-1
746,1645,1263.43,579.73,61.73,163.25,0.9527,-1,-1,-1
746,1674,736.49,346.75,41.04,70.87,0.9012,-1,-1,-1
746,1660,834.97,419.87,47.65,90.7,0.9006,-1,-1,-1
746,1649,844.8,380.27,32.09,67.94,0.874,-1,-1,-1
746,1506,824.47,403.27,49.02,79.88,0.423,-1,-1,-1
746,1382,1.89,481.02,34.16,139.34,0.3847,-1,-1,-1
747,1629,1266.74,425.77,89.68,126.27,0.9844,-1,-1,-1
747,1645,1252.36,581.27,66.18,163.78,0.9762,-1,-1,-1
747,1621,540.39,461.39,51.45,125.04,0.9738,-1,-1,-1
747,1657,1595.59,560.97,90.21,155.25,0.9728,-1,-1,-1
747,1589,1021.15,394.88,57.49,86.8,0.9709,-1,-1,-1
747,1534,786.05,435.85,46.93,111.06,0.9652,-1,-1,-1
747,1625,888.32,359.16,35.59,95.68,0.9587,-1,-1,-1
747,1242,239.21,654.65,77.7,191.9,0.9532,-1,-1,-1
747,1668,1672.33,703.77,78.37,195.11,0.9491,-1,-1,-1
747,1674,729.55,339.67,49.13,77.44,0.9447,-1,-1,-1
747,1660,833.13,420.87,55.36,85.25,0.9228,-1,-1,-1
747,1649,841.69,381.18,29.45,67.9,0.879,-1,-1,-1
747,1506,823.31,407.31,48.6,83.19,0.5131,-1,-1,-1
748,1629,1269.31,424.26,83.5,128.32,0.9814,-1,-1,-1
748,1645,1247.08,583.21,68.18,162.98,0.9764,-1,-1,-1
748,1621,539.97,461.22,48.51,125.65,0.9739,-1,-1,-1
748,1657,1595.98,561.9,88.94,154.62,0.972,-1,-1,-1
748,1534,783.93,436.21,46.84,110.84,0.9667,-1,-1,-1
748,1589,1015.25,395.73,58.74,86.67,0.9664,-1,-1,-1
748,1242,231.73,656.85,77.77,192.19,0.9502,-1,-1,-1
748,1625,888.04,362.37,35.23,92.61,0.9492,-1,-1,-1
748,1660,828.53,425.71,57.98,81.46,0.9474,-1,-1,-1
748,1668,1671.32,700.12,78.28,197.07,0.9466,-1,-1,-1
748,1674,724.92,337.78,55.26,79.59,0.9401,-1,-1,-1
748,1649,837.79,380.26,31.32,66.87,0.7974,-1,-1,-1
748,1675,783.68,419.7,51.66,76.53,0.6484,-1,-1,-1
749,1534,779.3,434.18,45.23,114.17,0.9727,-1,-1,-1
749,1645,1238.67,583.36,70.84,161.46,0.9726,-1,-1,-1
749,1629,1268.81,419.91,76.62,134.15,0.971,-1,-1,-1
749,1657,1599.76,562.48,83.0,155.83,0.9701,-1,-1,-1
749,1589,1005.6,396.33,57.74,86.86,0.9669,-1,-1,-1
749,1668,1667.71,704.43,78.37,187.18,0.9648,-1,-1,-1
749,1625,889.2,362.63,35.83,92.69,0.9637,-1,-1,-1
749,1242,215.84,656.81,80.23,192.43,0.9542,-1,-1,-1
749,1660,822.48,413.98,61.13,96.01,0.9541,-1,-1,-1
749,1649,830.76,378.0,51.96,84.27,0.9198,-1,-1,-1
749,1674,721.67,343.95,58.39,72.59,0.9087,-1,-1,-1
749,1675,763.57,421.03,39.75,62.23,0.9073,-1,-1,-1
749,1621,541.81,461.67,40.53,126.95,0.8651,-1,-1,-1
750,1629,1265.44,420.13,74.77,132.65,0.9818,-1,-1,-1
750,1645,1230.72,583.45,71.66,165.59,0.9746,-1,-1,-1
750,1657,1605.45,560.79,74.53,159.19,0.9738,-1,-1,-1
750,1589,993.8,396.31,60.58,86.96,0.9715,-1,-1,-1
750,1625,883.12,366.69,43.39,89.07,0.9712,-1,-1,-1
750,1534,770.93,430.72,47.32,116.26,0.9695,-1,-1,-1
750,1675,753.5,417.92,38.15,78.28,0.9608,-1,-1,-1
750,1668,1667.28,704.58,75.5,188.05,0.9591,-1,-1,-1
750,1660,819.67,407.22,56.05,104.96,0.9569,-1,-1,-1
750,1621,535.49,461.26,40.87,127.53,0.9514,-1,-1,-1
750,1242,199.21,660.44,85.0,191.23,0.9399,-1,-1,-1
750,1674,719.06,342.04,54.12,75.76,0.8456,-1,-1,-1
750,1649,833.13,377.97,25.49,70.55,0.8216,-1,-1,-1
751,1645,1227.52,585.16,71.49,161.88,0.9772,-1,-1,-1
751,1657,1608.69,559.33,70.78,159.98,0.9745,-1,-1,-1
751,1629,1261.27,419.51,74.65,133.28,0.9733,-1,-1,-1
751,1625,878.0,367.69,53.17,88.41,0.9707,-1,-1,-1
751,1589,988.17,396.38,62.24,88.88,0.9682,-1,-1,-1
751,1242,192.82,661.16,86.15,190.33,0.9618,-1,-1,-1
751,1534,767.72,429.67,47.24,115.26,0.9598,-1,-1,-1
751,1668,1667.64,705.3,73.4,187.14,0.959,-1,-1,-1
751,1675,749.43,416.04,36.58,88.12,0.9586,-1,-1,-1
751,1621,531.62,461.84,41.6,127.78,0.9508,-1,-1,-1
751,1660,820.34,418.61,50.38,93.32,0.9438,-1,-1,-1
751,1649,822.76,374.75,45.1,90.62,0.922,-1,-1,-1
751,1674,720.16,343.94,47.68,73.21,0.493,-1,-1,-1
752,1629,1256.69,419.46,72.45,134.36,0.9794,-1,-1,-1
752,1645,1223.45,584.55,71.01,160.32,0.975,-1,-1,-1
752,1625,868.1,368.4,71.49,89.96,0.9744,-1,-1,-1
752,1657,1611.84,556.38,65.9,163.91,0.9737,-1,-1,-1
752,1242,175.91,659.43,94.73,195.32,0.9682,-1,-1,-1
752,1621,523.69,462.22,44.16,128.46,0.966,-1,-1,-1
752,1589,977.35,397.63,62.69,87.21,0.9619,-1,-1,-1
752,1668,1666.2,705.53,72.32,184.31,0.9603,-1,-1,-1
752,1534,755.51,431.46,55.31,117.29,0.9594,-1,-1,-1
752,1675,740.87,415.47,34.1,94.53,0.9404,-1,-1,-1
752,1660,819.34,419.45,37.11,86.35,0.9068,-1,-1,-1
752,1649,816.66,372.64,52.1,85.72,0.8816,-1,-1,-1
753,1629,1251.3,420.28,70.25,132.35,0.9774,-1,-1,-1
753,1645,1222.37,586.51,67.41,155.94,0.9766,-1,-1,-1
753,1621,513.6,463.35,49.32,127.85,0.9742,-1,-1,-1
753,1657,1608.56,554.7,67.74,166.45,0.9737,-1,-1,-1
753,1625,864.81,367.31,75.6,92.31,0.9735,-1,-1,-1
753,1589,957.8,395.65,71.96,88.8,0.9673,-1,-1,-1
753,1534,749.09,429.3,57.77,120.38,0.9672,-1,-1,-1
753,1242,158.48,660.48,102.88,194.13,0.9644,-1,-1,-1
753,1668,1664.31,703.01,72.92,188.34,0.9625,-1,-1,-1
753,1660,817.36,414.57,47.26,97.71,0.948,-1,-1,-1
753,1649,816.49,372.88,45.79,77.72,0.9415,-1,-1,-1
753,1675,731.71,411.12,33.61,102.11,0.8908,-1,-1,-1
754,1645,1222.71,585.12,66.24,157.74,0.9776,-1,-1,-1
754,1657,1607.18,553.71,68.04,168.07,0.9759,-1,-1,-1
754,1629,1249.28,420.75,70.4,131.96,0.9733,-1,-1,-1
754,1621,508.55,463.65,53.08,127.52,0.9727,-1,-1,-1
754,1625,863.13,367.81,74.54,92.36,0.9717,-1,-1,-1
754,1534,742.96,428.11,62.14,122.14,0.971,-1,-1,-1
754,1589,951.74,395.69,71.28,89.57,0.9691,-1,-1,-1
754,1668,1662.96,701.04,73.41,188.6,0.9638,-1,-1,-1
754,1242,149.88,659.02,106.86,197.73,0.9609,-1,-1,-1
754,1660,814.35,414.79,50.52,97.82,0.9456,-1,-1,-1
754,1649,814.62,373.32,43.43,79.2,0.9359,-1,-1,-1
754,1675,724.76,407.6,35.72,105.44,0.898,-1,-1,-1
755,1629,1246.49,424.36,66.46,128.26,0.9792,-1,-1,-1
755,1645,1222.2,582.06,64.84,161.97,0.9787,-1,-1,-1
755,1625,864.08,369.51,64.4,90.96,0.975,-1,-1,-1
755,1657,1604.24,553.13,69.14,168.49,0.9749,-1,-1,-1
755,1621,497.72,465.53,56.84,126.21,0.971,-1,-1,-1
755,1534,733.88,428.67,70.65,121.34,0.9699,-1,-1,-1
755,1589,937.87,398.31,68.97,84.95,0.9662,-1,-1,-1
755,1242,135.95,660.42,105.9,195.7,0.9655,-1,-1,-1
755,1660,806.02,417.22,56.13,95.29,0.9623,-1,-1,-1
755,1668,1655.74,697.81,77.84,189.87,0.9557,-1,-1,-1
755,1675,712.25,412.57,42.13,102.66,0.9444,-1,-1,-1
755,1649,810.6,373.94,32.34,72.39,0.8335,-1,-1,-1
756,1534,726.52,429.64,73.52,119.47,0.9774,-1,-1,-1
756,1657,1601.88,552.71,68.6,162.04,0.9735,-1,-1,-1
756,1625,869.81,367.18,49.38,93.74,0.9713,-1,-1,-1
756,1621,487.44,464.11,58.15,128.58,0.9708,-1,-1,-1
756,1629,1241.05,425.86,64.46,128.19,0.9698,-1,-1,-1
756,1675,699.76,409.62,41.97,106.1,0.9692,-1,-1,-1
756,1589,926.8,399.04,59.7,82.91,0.9642,-1,-1,-1
756,1242,116.58,661.28,113.79,195.27,0.9641,-1,-1,-1
756,1668,1647.79,693.52,86.87,195.39,0.9589,-1,-1,-1
756,1645,1214.62,575.58,67.64,167.24,0.9523,-1,-1,-1
756,1660,797.93,419.92,62.93,88.87,0.9326,-1,-1,-1
756,1649,804.37,373.86,34.92,79.64,0.8836,-1,-1,-1
757,1534,722.24,429.28,72.82,119.41,0.9795,-1,-1,-1
757,1621,482.08,464.37,59.72,127.34,0.9766,-1,-1,-1
757,1657,1601.57,552.97,67.56,160.7,0.9743,-1,-1,-1
757,1675,691.96,407.85,45.74,106.17,0.9725,-1,-1,-1
757,1625,872.95,365.55,44.73,94.69,0.9722,-1,-1,-1
757,1645,1212.51,574.86,67.31,168.07,0.9654,-1,-1,-1
757,1589,924.7,399.4,50.93,82.03,0.9654,-1,-1,-1
757,1668,1644.35,690.63,89.31,196.8,0.9644,-1,-1,-1
757,1629,1239.96,426.21,63.4,128.36,0.9583,-1,-1,-1
757,1660,794.3,410.69,64.44,95.19,0.9521,-1,-1,-1
757,1242,110.02,660.34,113.16,199.51,0.9475,-1,-1,-1
757,1649,804.03,377.37,32.95,73.37,0.8878,-1,-1,-1
758,1534,717.83,430.62,70.15,117.76,0.9759,-1,-1,-1
758,1645,1208.14,572.29,67.19,172.15,0.9742,-1,-1,-1
758,1675,678.4,409.52,51.01,100.55,0.974,-1,-1,-1
758,1629,1239.57,425.2,58.28,127.24,0.9738,-1,-1,-1
758,1660,787.32,405.85,64.99,100.47,0.971,-1,-1,-1
758,1621,474.93,463.37,58.89,128.71,0.9691,-1,-1,-1
758,1657,1600.75,556.41,64.95,157.18,0.9686,-1,-1,-1
758,1668,1642.66,689.3,87.96,191.94,0.968,-1,-1,-1
758,1625,875.49,366.67,38.54,94.55,0.9595,-1,-1,-1
758,1242,96.85,659.98,116.34,198.59,0.9523,-1,-1,-1
758,1589,913.72,398.52,42.89,82.18,0.9452,-1,-1,-1
758,1674,707.27,343.19,43.86,76.79,0.631,-1,-1,-1
758,1649,800.24,379.09,32.57,74.61,0.3587,-1,-1,-1
759,1645,1204.18,570.62,67.43,170.8,0.9774,-1,-1,-1
759,1629,1239.37,423.26,53.94,130.01,0.9765,-1,-1,-1
759,1675,666.45,410.72,51.17,101.4,0.9763,-1,-1,-1
759,1621,470.17,461.68,53.0,129.84,0.9746,-1,-1,-1
759,1534,717.04,431.16,66.12,117.92,0.9738,-1,-1,-1
759,1668,1643.13,690.05,86.11,186.96,0.9677,-1,-1,-1
759,1242,86.37,661.86,108.46,197.6,0.9666,-1,-1,-1
759,1657,1599.84,558.24,63.19,153.95,0.9303,-1,-1,-1
759,1589,900.22,396.82,43.53,83.64,0.9284,-1,-1,-1
759,1660,768.85,406.83,72.23,98.62,0.9164,-1,-1,-1
759,1625,872.64,368.24,39.72,92.22,0.862,-1,-1,-1
759,1649,801.86,388.51,29.62,73.65,0.6628,-1,-1,-1
760,1645,1203.76,570.66,65.45,169.92,0.9762,-1,-1,-1
760,1621,469.5,460.41,50.03,130.29,0.9748,-1,-1,-1
760,1629,1236.41,421.86,55.95,131.38,0.9748,-1,-1,-1
760,1675,660.2,409.75,49.97,103.98,0.9738,-1,-1,-1
760,1534,716.91,430.71,64.37,117.77,0.9729,-1,-1,-1
760,1668,1643.84,689.92,85.7,187.8,0.9676,-1,-1,-1
760,1242,80.23,662.39,111.27,196.87,0.9572,-1,-1,-1
760,1657,1599.45,558.15,62.49,155.15,0.952,-1,-1,-1
760,1589,893.78,395.47,45.84,84.88,0.951,-1,-1,-1
760,1660,772.37,410.25,64.6,94.85,0.8902,-1,-1,-1
760,1649,800.65,390.92,27.11,66.94,0.7725,-1,-1,-1
760,1625,873.19,371.32,38.2,86.91,0.7521,-1,-1,-1
761,1629,1228.87,420.31,61.7,133.67,0.9763,-1,-1,-1
761,1621,469.01,459.19,41.06,130.42,0.9741,-1,-1,-1
761,1675,647.05,409.88,46.04,102.81,0.9739,-1,-1,-1
761,1645,1204.07,571.29,60.73,164.54,0.9732,-1,-1,-1
761,1534,718.99,429.1,56.21,118.65,0.9715,-1,-1,-1
761,1657,1599.45,555.94,60.95,156.53,0.9706,-1,-1,-1
761,1242,69.74,664.22,105.45,195.79,0.9665,-1,-1,-1
761,1668,1648.49,691.3,79.73,185.2,0.9651,-1,-1,-1
761,1589,869.01,377.82,64.07,103.52,0.9432,-1,-1,-1
761,1660,752.08,405.41,73.22,96.49,0.845,-1,-1,-1
761,1649,794.6,392.97,30.44,84.25,0.7598,-1,-1,-1
762,1629,1223.17,418.42,68.42,135.13,0.9759,-1,-1,-1
762,1657,1599.22,551.67,60.47,162.08,0.9754,-1,-1,-1
762,1645,1206.82,571.76,55.13,165.72,0.9724,-1,-1,-1
762,1534,717.36,427.3,53.02,119.14,0.9718,-1,-1,-1
762,1675,628.38,409.39,49.32,102.71,0.9699,-1,-1,-1
762,1242,63.7,668.4,96.23,192.1,0.9685,-1,-1,-1
762,1668,1650.1,689.9,76.61,188.07,0.9643,-1,-1,-1
762,1621,464.47,458.07,38.11,132.87,0.9475,-1,-1,-1
762,1660,745.7,408.36,74.3,94.32,0.9473,-1,-1,-1
762,1649,789.76,397.31,37.23,84.02,0.9221,-1,-1,-1
762,1589,864.78,368.46,56.58,107.23,0.9158,-1,-1,-1
762,1674,691.27,339.3,48.92,80.03,0.4444,-1,-1,-1
763,1657,1598.42,549.83,61.26,164.45,0.9763,-1,-1,-1
763,1534,714.32,426.84,51.65,118.66,0.9757,-1,-1,-1
763,1629,1220.41,418.91,72.41,133.48,0.9744,-1,-1,-1
763,1645,1206.97,572.43,53.28,165.25,0.9728,-1,-1,-1
763,1675,624.9,408.74,46.55,104.08,0.9709,-1,-1,-1
763,1242,60.23,664.75,94.5,198.42,0.9632,-1,-1,-1
763,1668,1652.21,687.75,75.07,190.07,0.9631,-1,-1,-1
763,1660,742.15,407.77,70.43,91.43,0.9559,-1,-1,-1
763,1621,460.24,458.43,37.83,132.58,0.9438,-1,-1,-1
763,1649,785.81,396.18,42.98,86.61,0.9432,-1,-1,-1
763,1589,850.94,394.69,62.67,85.04,0.9078,-1,-1,-1
763,1625,868.64,368.82,52.86,95.65,0.8946,-1,-1,-1
763,1674,689.1,344.49,47.24,74.02,0.8841,-1,-1,-1
764,1629,1214.83,418.95,81.06,133.24,0.9756,-1,-1,-1
764,1657,1595.6,547.72,66.08,168.01,0.9744,-1,-1,-1
764,1645,1208.02,573.09,50.48,165.37,0.9743,-1,-1,-1
764,1675,611.74,408.22,50.36,105.11,0.9734,-1,-1,-1
764,1534,709.66,424.48,51.39,120.9,0.9727,-1,-1,-1
764,1621,452.49,458.69,43.01,133.45,0.9687,-1,-1,-1
764,1242,52.76,669.66,90.22,190.64,0.9678,-1,-1,-1
764,1649,779.5,393.92,49.72,89.8,0.959,-1,-1,-1
764,1668,1656.17,682.69,74.13,193.72,0.9546,-1,-1,-1
764,1660,742.81,408.11,60.55,88.43,0.9502,-1,-1,-1
764,1589,836.8,394.39,60.03,87.53,0.9337,-1,-1,-1
764,1625,868.87,370.28,63.02,95.41,0.9271,-1,-1,-1
764,1674,695.42,348.94,34.28,72.21,0.3881,-1,-1,-1
765,1629,1208.45,420.44,90.14,130.33,0.9827,-1,-1,-1
765,1657,1592.65,546.18,72.66,167.86,0.9749,-1,-1,-1
765,1621,446.94,458.72,50.76,133.16,0.9736,-1,-1,-1
765,1534,706.42,422.03,51.47,124.89,0.9733,-1,-1,-1
765,1645,1207.25,570.55,51.34,167.26,0.973,-1,-1,-1
765,1675,603.92,407.36,52.11,102.23,0.9703,-1,-1,-1
765,1589,826.56,393.98,58.45,87.7,0.9633,-1,-1,-1
765,1668,1659.13,676.99,73.81,191.28,0.9562,-1,-1,-1
765,1242,48.31,670.7,80.37,192.25,0.9535,-1,-1,-1
765,1625,867.18,372.8,70.98,90.9,0.9397,-1,-1,-1
765,1660,737.76,406.5,64.21,90.69,0.9278,-1,-1,-1
765,1649,777.87,400.85,44.18,80.92,0.9265,-1,-1,-1
765,1674,700.01,360.47,27.53,60.89,0.6567,-1,-1,-1
766,1629,1206.8,421.13,92.4,129.8,0.9825,-1,-1,-1
766,1657,1591.78,546.64,77.2,166.41,0.9744,-1,-1,-1
766,1621,443.33,459.16,57.18,132.7,0.9727,-1,-1,-1
766,1645,1206.56,569.12,52.65,168.8,0.9724,-1,-1,-1
766,1675,600.34,407.17,51.43,103.62,0.9706,-1,-1,-1
766,1534,705.49,421.59,57.6,125.64,0.9662,-1,-1,-1
766,1649,776.0,391.34,41.94,89.84,0.9601,-1,-1,-1
766,1668,1662.37,675.49,73.77,189.59,0.955,-1,-1,-1
766,1589,820.93,394.35,58.13,86.74,0.95,-1,-1,-1
766,1242,45.76,668.03,79.19,190.44,0.947,-1,-1,-1
766,1625,868.39,374.11,70.59,89.92,0.934,-1,-1,-1
766,1660,733.81,405.76,66.46,89.18,0.9238,-1,-1,-1
766,1674,702.4,358.34,24.66,61.35,0.7498,-1,-1,-1
767,1629,1205.13,424.42,94.33,127.15,0.9807,-1,-1,-1
767,1657,1589.47,548.25,87.81,160.23,0.978,-1,-1,-1
767,1621,437.46,460.24,64.7,133.0,0.9742,-1,-1,-1
767,1675,594.35,407.45,47.79,102.25,0.9734,-1,-1,-1
767,1645,1202.52,565.81,59.7,173.73,0.9688,-1,-1,-1
767,1242,42.86,669.8,76.35,188.06,0.9654,-1,-1,-1
767,1668,1665.3,673.71,78.53,187.8,0.9638,-1,-1,-1
767,1660,725.2,403.43,65.97,95.24,0.9624,-1,-1,-1
767,1649,776.33,390.33,37.59,90.01,0.9598,-1,-1,-1
767,1534,705.51,426.57,58.51,119.37,0.9515,-1,-1,-1
767,1625,865.18,372.42,73.94,92.22,0.9435,-1,-1,-1
767,1674,699.99,349.28,29.2,70.02,0.8924,-1,-1,-1
767,1589,817.25,395.15,44.29,88.14,0.8046,-1,-1,-1
768,1629,1209.27,423.97,90.56,127.23,0.9817,-1,-1,-1
768,1657,1588.26,550.12,94.32,158.39,0.9785,-1,-1,-1
768,1668,1671.58,671.16,79.22,185.84,0.9768,-1,-1,-1
768,1645,1200.37,563.53,65.03,176.17,0.9719,-1,-1,-1
768,1621,432.97,460.97,67.3,133.03,0.9718,-1,-1,-1
768,1675,590.01,407.42,41.31,101.65,0.9706,-1,-1,-1
768,1625,868.46,370.77,68.88,94.5,0.9641,-1,-1,-1
768,1242,33.9,670.33,79.35,189.48,0.9561,-1,-1,-1
768,1534,702.62,430.77,72.17,116.01,0.9472,-1,-1,-1
768,1660,716.69,405.39,63.41,90.17,0.9422,-1,-1,-1
768,1649,776.33,388.47,33.19,91.72,0.9387,-1,-1,-1
768,1674,694.95,338.58,36.76,80.91,0.9146,-1,-1,-1
768,1589,803.59,391.42,41.76,88.21,0.885,-1,-1,-1
769,1629,1213.01,422.47,84.94,129.48,0.9796,-1,-1,-1
769,1657,1590.79,552.16,93.68,154.52,0.9769,-1,-1,-1
769,1675,586.21,406.48,40.52,102.0,0.9743,-1,-1,-1
769,1621,431.04,461.61,68.13,132.72,0.9719,-1,-1,-1
769,1645,1199.78,562.6,69.51,177.08,0.9718,-1,-1,-1
769,1668,1673.39,670.72,79.19,186.58,0.971,-1,-1,-1
769,1625,873.2,372.6,62.29,91.14,0.9602,-1,-1,-1
769,1242,31.47,670.16,79.39,188.65,0.9525,-1,-1,-1
769,1534,704.1,431.73,65.6,113.93,0.9513,-1,-1,-1
769,1660,708.47,404.29,65.26,90.23,0.9395,-1,-1,-1
769,1649,776.31,389.21,32.73,91.85,0.9384,-1,-1,-1
769,1674,693.0,336.21,39.73,84.0,0.9365,-1,-1,-1
769,1589,802.15,391.03,40.83,89.54,0.8958,-1,-1,-1
769,1681,724.9,349.42,22.18,64.87,0.6601,-1,-1,-1
770,1621,429.69,463.25,65.97,130.98,0.9782,-1,-1,-1
770,1657,1596.86,553.97,93.9,153.4,0.9767,-1,-1,-1
770,1629,1223.66,418.97,70.67,133.17,0.9764,-1,-1,-1
770,1645,1200.33,563.83,77.91,173.12,0.972,-1,-1,-1
770,1668,1680.99,672.03,74.79,187.7,0.9689,-1,-1,-1
770,1625,874.68,370.67,57.15,92.93,0.9683,-1,-1,-1
770,1589,796.28,390.48,39.51,90.2,0.961,-1,-1,-1
770,1675,580.41,406.56,36.37,99.54,0.9595,-1,-1,-1
770,1534,705.03,434.98,54.42,109.19,0.9522,-1,-1,-1
770,1660,703.19,407.97,58.32,82.19,0.9448,-1,-1,-1
770,1242,25.14,670.46,79.17,187.72,0.9392,-1,-1,-1
770,1649,773.29,394.7,33.9,86.48,0.9192,-1,-1,-1
770,1674,691.02,339.76,45.65,79.78,0.872,-1,-1,-1
771,1657,1605.58,553.57,90.35,155.15,0.9819,-1,-1,-1
771,1629,1233.64,415.5,60.65,136.83,0.9764,-1,-1,-1
771,1621,428.64,463.33,64.65,131.15,0.9753,-1,-1,-1
771,1645,1199.02,566.1,85.24,169.07,0.9737,-1,-1,-1
771,1668,1689.55,675.18,72.78,185.42,0.9681,-1,-1,-1
771,1589,787.82,389.94,42.57,91.25,0.9618,-1,-1,-1
771,1625,881.39,367.77,45.92,96.45,0.9609,-1,-1,-1
771,1534,704.93,429.68,55.66,117.07,0.9597,-1,-1,-1
771,1675,574.27,402.75,31.86,105.39,0.9471,-1,-1,-1
771,1242,20.18,666.78,82.92,198.09,0.9327,-1,-1,-1
771,1660,707.24,415.05,53.91,73.69,0.865,-1,-1,-1
771,1674,689.34,345.0,45.03,74.58,0.8039,-1,-1,-1
771,1649,767.52,391.09,27.46,72.75,0.6519,-1,-1,-1
772,1629,1239.14,414.82,55.28,138.0,0.9768,-1,-1,-1
772,1657,1610.21,553.3,86.25,155.22,0.9768,-1,-1,-1
772,1621,429.42,463.2,62.59,130.33,0.9751,-1,-1,-1
772,1645,1199.17,567.78,86.08,167.84,0.9735,-1,-1,-1
772,1668,1693.93,675.52,72.91,185.14,0.97,-1,-1,-1
772,1534,705.92,427.93,56.17,118.65,0.9684,-1,-1,-1
772,1625,887.79,373.58,39.36,89.32,0.9554,-1,-1,-1
772,1675,571.21,401.9,31.86,105.58,0.9458,-1,-1,-1
772,1589,785.82,389.28,41.86,91.48,0.9433,-1,-1,-1
772,1242,17.63,666.02,84.6,198.88,0.9367,-1,-1,-1
772,1674,688.97,342.58,49.27,76.13,0.9145,-1,-1,-1
772,1660,704.35,408.74,54.05,82.18,0.5976,-1,-1,-1
772,1649,765.3,390.13,29.96,81.39,0.5794,-1,-1,-1
773,1621,435.61,460.75,54.52,130.92,0.9751,-1,-1,-1
773,1657,1624.08,549.52,73.5,159.23,0.9747,-1,-1,-1
773,1645,1205.42,569.74,82.63,165.21,0.971,-1,-1,-1
773,1629,1248.39,410.16,47.79,142.89,0.9708,-1,-1,-1
773,1534,705.57,425.95,56.79,120.09,0.9685,-1,-1,-1
773,1589,782.7,387.44,41.42,95.27,0.9631,-1,-1,-1
773,1675,565.01,400.92,35.38,103.7,0.9583,-1,-1,-1
773,1668,1701.41,669.54,72.37,191.7,0.9571,-1,-1,-1
773,1242,8.13,673.9,95.62,186.46,0.9563,-1,-1,-1
773,1625,892.82,372.1,33.97,89.03,0.9197,-1,-1,-1
773,1649,764.66,390.01,28.64,72.26,0.7394,-1,-1,-1
773,1674,690.8,348.87,46.19,76.93,0.6574,-1,-1,-1
773,1660,698.76,408.05,43.03,79.45,0.5596,-1,-1,-1
774,1645,1215.62,570.34,78.05,164.85,0.9768,-1,-1,-1
774,1657,1637.25,546.83,64.57,162.71,0.9768,-1,-1,-1
774,1629,1250.79,408.42,47.64,142.75,0.9745,-1,-1,-1
774,1534,707.05,426.51,52.4,118.98,0.9738,-1,-1,-1
774,1621,442.51,459.8,46.47,132.6,0.9678,-1,-1,-1
774,1589,770.6,386.12,53.6,100.36,0.9636,-1,-1,-1
774,1668,1709.76,669.65,74.26,187.91,0.963,-1,-1,-1
774,1675,560.34,400.5,34.99,103.45,0.9586,-1,-1,-1
774,1242,3.92,667.84,99.71,196.73,0.9574,-1,-1,-1
774,1660,688.42,393.73,48.28,105.19,0.9369,-1,-1,-1
774,1625,896.17,372.93,33.24,87.06,0.9218,-1,-1,-1
774,1674,692.75,346.63,45.19,101.4,0.3509,-1,-1,-1
775,1657,1640.19,545.6,64.89,164.8,0.978,-1,-1,-1
775,1534,710.85,427.93,49.6,117.84,0.9757,-1,-1,-1
775,1629,1252.32,408.38,47.91,142.63,0.9755,-1,-1,-1
775,1645,1221.73,568.5,73.43,168.56,0.9716,-1,-1,-1
775,1589,769.14,386.1,55.07,100.65,0.9638,-1,-1,-1
775,1668,1714.97,669.1,75.95,188.72,0.9627,-1,-1,-1
775,1242,2.37,667.95,102.55,196.64,0.9581,-1,-1,-1
775,1621,446.56,458.84,43.44,133.65,0.9559,-1,-1,-1
775,1660,685.58,397.04,50.47,101.96,0.9458,-1,-1,-1
775,1675,559.21,402.24,31.61,100.81,0.9453,-1,-1,-1
775,1625,898.0,370.35,34.62,89.34,0.8598,-1,-1,-1
775,1683,763.7,385.41,18.3,42.81,0.6624,-1,-1,-1
776,1629,1253.5,409.35,50.83,141.05,0.9751,-1,-1,-1
776,1645,1236.27,566.97,62.36,168.85,0.9739,-1,-1,-1
776,1657,1646.9,544.67,64.52,167.08,0.9661,-1,-1,-1
776,1534,717.08,429.05,49.8,116.85,0.9638,-1,-1,-1
776,1242,2.79,667.95,104.18,197.4,0.9588,-1,-1,-1
776,1668,1724.12,664.6,77.37,196.11,0.9562,-1,-1,-1
776,1589,759.57,384.72,63.31,103.93,0.956,-1,-1,-1
776,1675,557.21,404.05,28.0,96.25,0.943,-1,-1,-1
776,1625,898.86,364.53,41.39,97.5,0.9316,-1,-1,-1
776,1660,683.9,408.12,50.41,85.5,0.9268,-1,-1,-1
776,1621,451.53,458.0,43.9,135.79,0.9233,-1,-1,-1
777,1657,1651.0,546.23,67.82,160.5,0.9734,-1,-1,-1
777,1629,1256.04,409.76,52.85,140.14,0.9726,-1,-1,-1
777,1668,1728.06,665.98,89.65,190.5,0.9703,-1,-1,-1
777,1534,716.84,430.1,55.92,115.56,0.9657,-1,-1,-1
777,1645,1249.83,563.03,54.05,172.62,0.9637,-1,-1,-1
777,1621,453.83,458.03,47.02,136.29,0.9633,-1,-1,-1
777,1660,683.93,409.11,49.58,84.63,0.9578,-1,-1,-1
777,1242,4.44,667.1,104.57,198.68,0.9577,-1,-1,-1
777,1625,910.14,371.57,38.62,90.16,0.9516,-1,-1,-1
777,1589,753.23,385.5,67.3,104.33,0.9486,-1,-1,-1
777,1675,553.57,405.53,29.81,92.9,0.945,-1,-1,-1
778,1657,1654.79,547.01,68.05,159.88,0.9774,-1,-1,-1
778,1629,1258.31,411.2,54.0,138.76,0.9727,-1,-1,-1
778,1534,717.69,429.89,58.51,117.41,0.9703,-1,-1,-1
778,1645,1253.0,565.1,54.86,167.68,0.9652,-1,-1,-1
778,1668,1728.87,663.86,104.77,191.78,0.9647,-1,-1,-1
778,1675,551.24,405.41,32.79,93.5,0.9624,-1,-1,-1
778,1242,5.34,666.17,105.93,199.75,0.9561,-1,-1,-1
778,1625,907.98,367.44,44.52,94.27,0.9552,-1,-1,-1
778,1589,753.17,385.86,67.16,104.22,0.9539,-1,-1,-1
778,1660,681.51,406.55,51.2,87.13,0.9472,-1,-1,-1
778,1621,456.48,457.88,48.07,135.76,0.9361,-1,-1,-1
779,1657,1660.47,548.2,69.92,157.19,0.9769,-1,-1,-1
779,1629,1261.27,414.05,61.15,138.54,0.9748,-1,-1,-1
779,1589,755.38,384.55,65.66,105.36,0.9716,-1,-1,-1
779,1675,545.55,407.43,41.38,90.39,0.9715,-1,-1,-1
779,1534,721.1,432.38,57.96,113.52,0.9711,-1,-1,-1
779,1645,1260.02,559.51,55.49,173.28,0.9688,-1,-1,-1
779,1625,916.72,369.83,45.76,92.62,0.9524,-1,-1,-1
779,1242,6.98,666.42,111.46,196.37,0.9383,-1,-1,-1
779,1668,1735.29,663.65,121.9,186.43,0.9311,-1,-1,-1
779,1660,651.49,398.85,80.24,96.64,0.8926,-1,-1,-1
780,1629,1267.59,416.9,65.6,135.18,0.9745,-1,-1,-1
780,1534,723.94,431.96,57.93,112.66,0.974,-1,-1,-1
780,1657,1667.72,551.28,73.46,155.74,0.9737,-1,-1,-1
780,1675,542.81,408.97,46.78,87.13,0.9708,-1,-1,-1
780,1589,758.21,382.87,63.7,107.37,0.9705,-1,-1,-1
780,1645,1268.44,557.57,56.15,172.95,0.9616,-1,-1,-1
780,1625,922.36,367.27,51.13,95.64,0.9531,-1,-1,-1
780,1242,11.02,665.75,110.08,195.94,0.9505,-1,-1,-1
780,1668,1758.05,665.26,108.34,188.76,0.9123,-1,-1,-1
780,1660,651.89,392.89,81.1,102.89,0.8199,-1,-1,-1
780,1621,464.95,459.07,55.6,133.89,0.6641,-1,-1,-1
781,1657,1673.09,554.82,73.4,151.33,0.9769,-1,-1,-1
781,1629,1270.12,418.64,68.88,134.63,0.9741,-1,-1,-1
781,1534,726.67,431.03,57.77,113.95,0.9727,-1,-1,-1
781,1675,542.92,409.24,47.34,87.51,0.9717,-1,-1,-1
781,1589,761.28,381.79,61.75,108.58,0.967,-1,-1,-1
781,1645,1272.82,559.36,57.84,171.55,0.9668,-1,-1,-1
781,1625,927.61,367.94,50.6,94.06,0.9598,-1,-1,-1
781,1242,14.53,665.13,107.19,197.03,0.9585,-1,-1,-1
781,1668,1753.48,667.72,130.23,181.11,0.9271,-1,-1,-1
781,1621,467.31,459.82,57.75,133.81,0.9257,-1,-1,-1
781,1660,660.36,397.56,75.65,95.61,0.8319,-1,-1,-1
782,1629,1279.73,421.11,73.07,132.52,0.9778,-1,-1,-1
782,1657,1681.83,555.81,75.61,150.17,0.9774,-1,-1,-1
782,1534,731.36,429.88,59.35,114.12,0.9753,-1,-1,-1
782,1645,1282.35,560.85,61.07,168.51,0.972,-1,-1,-1
782,1675,545.14,411.99,50.19,84.83,0.9681,-1,-1,-1
782,1589,770.3,381.25,56.38,109.38,0.9644,-1,-1,-1
782,1242,15.43,664.96,113.16,198.67,0.9604,-1,-1,-1
782,1625,936.69,368.74,50.32,92.3,0.9592,-1,-1,-1
782,1660,671.03,392.96,67.05,103.13,0.9499,-1,-1,-1
782,1668,1767.91,671.07,127.67,180.05,0.918,-1,-1,-1
782,1621,474.74,461.3,60.84,129.49,0.5828,-1,-1,-1
783,1657,1694.95,554.89,81.4,152.64,0.9743,-1,-1,-1
783,1629,1289.29,424.06,71.98,128.81,0.9737,-1,-1,-1
783,1645,1292.56,562.15,60.97,169.14,0.9672,-1,-1,-1
783,1534,739.47,428.83,56.93,114.4,0.9637,-1,-1,-1
783,1675,549.21,414.37,53.5,82.53,0.9611,-1,-1,-1
783,1668,1778.54,671.54,125.87,179.12,0.9512,-1,-1,-1
783,1625,947.09,369.39,46.56,90.48,0.949,-1,-1,-1
783,1242,23.68,664.46,115.2,197.87,0.9488,-1,-1,-1
783,1660,687.5,394.41,58.42,99.7,0.9426,-1,-1,-1
783,1589,774.12,380.6,56.17,109.88,0.942,-1,-1,-1
783,1684,1.69,394.41,41.94,89.35,0.8366,-1,-1,-1
783,1621,483.38,461.69,60.97,127.52,0.6788,-1,-1,-1
784,1657,1702.16,555.29,84.02,152.39,0.9811,-1,-1,-1
784,1645,1298.07,565.76,61.45,162.89,0.9735,-1,-1,-1
784,1629,1294.58,424.53,70.46,129.15,0.9734,-1,-1,-1
784,1534,742.34,427.67,57.13,115.79,0.9712,-1,-1,-1
784,1668,1785.97,672.19,120.72,179.16,0.9695,-1,-1,-1
784,1675,551.92,415.71,52.91,80.57,0.9657,-1,-1,-1
784,1621,488.77,461.5,60.08,127.08,0.9636,-1,-1,-1
784,1589,775.75,379.67,60.9,110.4,0.9613,-1,-1,-1
784,1660,697.27,391.73,52.99,103.0,0.9592,-1,-1,-1
784,1625,954.97,369.76,41.93,88.16,0.9546,-1,-1,-1
784,1684,0.98,383.04,48.21,99.99,0.9469,-1,-1,-1
784,1242,28.95,663.33,113.81,197.76,0.9402,-1,-1,-1
785,1657,1715.04,553.71,87.11,152.06,0.9777,-1,-1,-1
785,1629,1307.04,424.15,66.97,129.37,0.9762,-1,-1,-1
785,1645,1308.5,563.73,61.34,165.65,0.9738,-1,-1,-1
785,1534,747.94,426.45,57.23,115.48,0.9736,-1,-1,-1
785,1242,37.0,663.12,106.77,197.05,0.9698,-1,-1,-1
785,1660,713.87,390.31,45.78,104.13,0.9691,-1,-1,-1
785,1675,559.91,415.85,51.22,80.24,0.9677,-1,-1,-1
785,1589,781.19,382.33,59.68,107.58,0.9621,-1,-1,-1
785,1684,9.55,383.62,55.03,96.9,0.959,-1,-1,-1
785,1621,498.27,461.27,57.97,124.67,0.9566,-1,-1,-1
785,1668,1803.87,668.65,114.41,181.4,0.9393,-1,-1,-1
785,1625,964.59,361.27,38.55,97.03,0.9067,-1,-1,-1
786,1657,1730.32,553.46,84.62,150.23,0.9769,-1,-1,-1
786,1629,1322.31,424.03,59.33,129.04,0.9756,-1,-1,-1
786,1668,1819.22,665.3,99.73,182.72,0.975,-1,-1,-1
786,1242,45.25,664.25,100.35,193.4,0.9714,-1,-1,-1
786,1660,724.2,388.22,44.6,104.35,0.9712,-1,-1,-1
786,1645,1320.29,564.04,61.5,164.13,0.9711,-1,-1,-1
786,1675,566.92,411.62,51.14,84.49,0.9691,-1,-1,-1
786,1534,754.57,426.87,56.18,113.75,0.9689,-1,-1,-1
786,1621,509.29,457.16,54.3,129.31,0.957,-1,-1,-1
786,1684,23.28,381.82,60.38,98.66,0.9533,-1,-1,-1
786,1589,788.57,383.81,58.78,106.07,0.9493,-1,-1,-1
786,1625,977.7,365.31,32.61,89.77,0.8953,-1,-1,-1
787,1657,1737.85,551.98,83.32,151.8,0.9781,-1,-1,-1
787,1660,727.7,387.0,44.45,105.13,0.9764,-1,-1,-1
787,1629,1327.78,423.25,55.43,128.6,0.9747,-1,-1,-1
787,1645,1327.49,560.21,59.5,169.81,0.9707,-1,-1,-1
787,1534,756.14,422.89,58.3,119.23,0.9703,-1,-1,-1
787,1675,570.9,410.05,51.83,85.38,0.9689,-1,-1,-1
787,1242,46.41,662.6,100.86,195.99,0.9674,-1,-1,-1
787,1684,29.83,382.08,66.17,99.64,0.9582,-1,-1,-1
787,1589,790.63,382.34,60.13,106.46,0.9514,-1,-1,-1
787,1668,1827.59,667.32,88.55,178.42,0.9393,-1,-1,-1
787,1621,514.15,456.28,53.24,126.96,0.9181,-1,-1,-1
787,1625,981.07,368.11,32.37,85.52,0.8774,-1,-1,-1
788,1629,1337.1,419.39,54.97,130.52,0.9785,-1,-1,-1
788,1668,1835.99,655.65,82.57,178.65,0.9766,-1,-1,-1
788,1657,1750.49,550.55,82.75,148.96,0.9754,-1,-1,-1
788,1660,729.55,383.34,51.52,106.42,0.9731,-1,-1,-1
788,1675,576.94,404.56,53.54,90.06,0.9705,-1,-1,-1
788,1534,761.63,426.12,56.78,110.74,0.9675,-1,-1,-1
788,1242,58.11,657.19,92.26,198.58,0.9673,-1,-1,-1
788,1645,1339.95,554.32,58.24,170.31,0.9559,-1,-1,-1
788,1684,45.84,383.48,65.67,97.85,0.9547,-1,-1,-1
788,1589,795.08,381.27,62.67,105.29,0.9354,-1,-1,-1
788,1625,991.74,367.16,29.89,84.61,0.902,-1,-1,-1
788,1621,523.03,454.08,54.09,127.67,0.8907,-1,-1,-1
789,1657,1762.98,548.31,81.82,150.15,0.9809,-1,-1,-1
789,1668,1843.29,650.01,76.38,174.93,0.973,-1,-1,-1
789,1534,765.58,426.7,57.63,105.27,0.9727,-1,-1,-1
789,1675,583.24,399.51,52.63,92.85,0.972,-1,-1,-1
789,1629,1345.13,415.69,53.29,131.31,0.9713,-1,-1,-1
789,1645,1349.9,547.95,58.03,173.07,0.9705,-1,-1,-1
789,1660,731.32,381.86,59.07,104.22,0.9677,-1,-1,-1
789,1621,531.69,451.22,55.13,128.67,0.9676,-1,-1,-1
789,1242,65.5,656.88,87.24,196.07,0.964,-1,-1,-1
789,1684,55.95,377.99,64.2,100.95,0.9509,-1,-1,-1
789,1625,995.95,355.64,35.18,93.46,0.9161,-1,-1,-1
789,1589,813.77,383.81,50.39,99.81,0.8803,-1,-1,-1
790,1657,1769.89,547.36,77.64,149.94,0.9818,-1,-1,-1
790,1629,1351.62,414.73,50.85,130.5,0.9756,-1,-1,-1
790,1645,1354.01,544.32,58.51,173.13,0.9745,-1,-1,-1
790,1534,765.99,429.95,59.14,101.28,0.972,-1,-1,-1
790,1675,585.55,398.26,52.28,92.09,0.971,-1,-1,-1
790,1660,731.91,380.72,62.39,104.4,0.967,-1,-1,-1
790,1621,534.6,450.81,62.41,128.46,0.9649,-1,-1,-1
790,1242,71.06,654.44,83.41,195.94,0.9637,-1,-1,-1
790,1668,1844.4,648.88,74.64,174.89,0.9624,-1,-1,-1
790,1684,60.54,377.7,63.18,99.65,0.9523,-1,-1,-1
790,1625,1000.05,355.41,34.95,92.38,0.9431,-1,-1,-1
790,1589,801.05,379.86,60.88,101.16,0.8945,-1,-1,-1
791,1657,1779.27,546.21,75.66,149.67,0.9778,-1,-1,-1
791,1629,1358.78,412.74,49.27,131.27,0.9736,-1,-1,-1
791,1675,590.08,394.69,50.6,92.96,0.9702,-1,-1,-1
791,1621,542.97,450.68,69.38,127.14,0.9686,-1,-1,-1
791,1534,768.41,432.13,59.5,97.9,0.9677,-1,-1,-1
791,1645,1361.38,542.04,61.57,172.5,0.9663,-1,-1,-1
791,1242,71.14,656.32,87.28,190.46,0.9658,-1,-1,-1
791,1660,735.6,380.78,66.37,102.59,0.9624,-1,-1,-1
791,1625,1006.26,353.17,40.44,91.79,0.9583,-1,-1,-1
791,1684,69.77,380.84,64.25,94.51,0.9504,-1,-1,-1
791,1668,1847.02,644.5,72.5,175.27,0.9353,-1,-1,-1
791,1589,802.87,374.82,57.56,103.37,0.8876,-1,-1,-1
792,1657,1789.18,543.73,72.76,150.25,0.9772,-1,-1,-1
792,1645,1369.11,540.35,61.49,171.11,0.9766,-1,-1,-1
792,1629,1368.19,410.96,45.83,130.59,0.9723,-1,-1,-1
792,1242,74.68,654.49,95.07,188.39,0.9714,-1,-1,-1
792,1675,594.38,388.07,42.42,98.68,0.9712,-1,-1,-1
792,1534,770.55,432.95,63.53,96.09,0.9636,-1,-1,-1
792,1660,743.55,379.09,64.84,97.11,0.9621,-1,-1,-1
792,1684,79.72,378.28,66.53,93.99,0.9516,-1,-1,-1
792,1621,544.1,447.35,85.21,129.7,0.9506,-1,-1,-1
792,1625,1012.6,349.28,43.36,95.08,0.9494,-1,-1,-1
792,1668,1850.52,645.92,69.48,161.25,0.9401,-1,-1,-1
792,1589,816.69,371.73,52.35,106.59,0.8577,-1,-1,-1
793,1657,1793.36,542.46,72.01,150.4,0.9788,-1,-1,-1
793,1629,1372.61,409.5,44.95,131.24,0.9767,-1,-1,-1
793,1242,77.16,655.92,96.7,184.86,0.9707,-1,-1,-1
793,1645,1373.21,536.13,60.34,176.83,0.9674,-1,-1,-1
793,1675,597.25,386.94,38.53,98.53,0.9649,-1,-1,-1
793,1534,773.81,434.96,60.45,93.39,0.9622,-1,-1,-1
793,1684,84.9,379.53,63.95,91.07,0.9586,-1,-1,-1
793,1660,748.64,377.69,62.01,97.09,0.9577,-1,-1,-1
793,1668,1851.87,646.12,68.06,151.28,0.9494,-1,-1,-1
793,1625,1016.75,353.14,43.94,90.25,0.9485,-1,-1,-1
793,1621,549.28,453.14,83.79,122.8,0.9363,-1,-1,-1
793,1589,811.82,371.22,53.2,103.78,0.8436,-1,-1,-1
794,1621,552.01,454.4,91.64,120.56,0.9755,-1,-1,-1
794,1657,1801.0,538.67,69.79,153.74,0.9751,-1,-1,-1
794,1629,1381.36,407.24,41.55,131.22,0.9744,-1,-1,-1
794,1645,1382.69,536.97,60.15,171.06,0.9732,-1,-1,-1
794,1534,778.38,435.39,59.6,90.92,0.9693,-1,-1,-1
794,1675,601.49,384.45,37.48,98.16,0.9604,-1,-1,-1
794,1242,78.1,646.36,104.8,196.24,0.9563,-1,-1,-1
794,1668,1854.99,641.29,64.57,145.1,0.9558,-1,-1,-1
794,1684,94.45,382.71,61.41,83.84,0.9544,-1,-1,-1
794,1660,759.48,371.14,60.19,103.55,0.9487,-1,-1,-1
794,1625,1023.98,350.46,47.26,90.2,0.9446,-1,-1,-1
794,1589,814.84,363.9,49.67,107.11,0.8462,-1,-1,-1
794,1688,839.26,359.93,32.11,87.88,0.6061,-1,-1,-1
795,1621,557.81,451.63,92.62,118.67,0.9815,-1,-1,-1
795,1645,1391.51,539.08,60.25,164.1,0.9761,-1,-1,-1
795,1657,1809.4,535.32,64.94,154.53,0.9732,-1,-1,-1
795,1534,782.62,441.56,59.33,82.12,0.9695,-1,-1,-1
795,1668,1859.62,637.52,59.69,138.99,0.969,-1,-1,-1
795,1629,1388.77,405.01,40.08,132.64,0.969,-1,-1,-1
795,1675,604.34,380.9,38.38,99.18,0.9587,-1,-1,-1
795,1660,770.37,368.06,55.34,100.34,0.9556,-1,-1,-1
795,1242,80.54,643.47,113.71,195.37,0.9437,-1,-1,-1
795,1684,96.22,380.24,67.3,85.16,0.943,-1,-1,-1
795,1625,1029.96,354.53,48.04,83.98,0.9351,-1,-1,-1
795,1589,825.84,360.94,42.45,110.18,0.8955,-1,-1,-1
795,1688,844.97,355.02,33.55,96.7,0.6304,-1,-1,-1
796,1621,561.27,451.89,90.71,117.81,0.9853,-1,-1,-1
796,1645,1396.62,541.83,58.77,161.71,0.9736,-1,-1,-1
796,1629,1391.69,404.18,40.14,132.09,0.9687,-1,-1,-1
796,1657,1814.33,536.21,61.92,153.46,0.9658,-1,-1,-1
796,1668,1860.92,632.7,58.29,139.59,0.9642,-1,-1,-1
796,1660,777.08,361.1,54.33,100.7,0.9642,-1,-1,-1
796,1534,785.25,439.45,59.37,83.74,0.9636,-1,-1,-1
796,1242,82.15,640.52,115.13,202.62,0.9596,-1,-1,-1
796,1675,605.3,381.24,38.57,95.74,0.9535,-1,-1,-1
796,1625,1034.69,350.8,47.01,88.22,0.9519,-1,-1,-1
796,1684,96.25,380.43,73.25,84.81,0.9478,-1,-1,-1
796,1690,1.0,548.8,21.98,70.78,0.9112,-1,-1,-1
796,1589,826.25,359.54,41.29,109.8,0.8871,-1,-1,-1
796,1688,848.64,354.51,34.01,100.61,0.6725,-1,-1,-1
797,1621,570.03,452.59,87.02,114.38,0.985,-1,-1,-1
797,1645,1406.01,545.67,59.16,158.09,0.9769,-1,-1,-1
797,1657,1825.16,534.88,55.43,152.52,0.9711,-1,-1,-1
797,1684,98.02,364.08,78.43,102.48,0.9692,-1,-1,-1
797,1242,82.52,641.56,129.57,197.38,0.9672,-1,-1,-1
797,1625,1040.39,350.08,47.13,87.33,0.967,-1,-1,-1
797,1534,789.22,433.87,61.0,87.44,0.9667,-1,-1,-1
797,1675,604.06,381.42,45.22,89.63,0.9636,-1,-1,-1
797,1660,789.72,363.59,41.83,86.5,0.959,-1,-1,-1
797,1589,828.79,353.57,42.24,115.24,0.9541,-1,-1,-1
797,1629,1397.24,401.85,39.99,133.84,0.9481,-1,-1,-1
797,1668,1863.55,631.09,56.01,135.55,0.9462,-1,-1,-1
797,1688,852.52,347.34,35.64,117.87,0.522,-1,-1,-1
798,1621,577.66,447.86,94.09,118.78,0.9819,-1,-1,-1
798,1684,100.37,362.17,82.55,102.7,0.9745,-1,-1,-1
798,1534,792.01,429.71,63.32,90.81,0.9744,-1,-1,-1
798,1645,1413.88,546.36,56.43,157.8,0.9728,-1,-1,-1
798,1657,1834.36,533.26,54.76,154.26,0.9717,-1,-1,-1
798,1629,1402.32,401.3,41.29,133.61,0.9674,-1,-1,-1
798,1692,1.38,473.02,45.38,137.9,0.9645,-1,-1,-1
798,1625,1050.41,348.26,42.39,87.23,0.9612,-1,-1,-1
798,1668,1863.49,624.98,55.96,136.68,0.9559,-1,-1,-1
798,1675,606.75,381.59,47.91,77.28,0.9386,-1,-1,-1
798,1660,800.31,360.96,42.49,95.22,0.9339,-1,-1,-1
798,1242,89.23,634.63,133.59,200.49,0.9264,-1,-1,-1
798,1589,835.68,354.45,39.04,108.46,0.8356,-1,-1,-1
798,1688,861.96,348.24,33.0,115.31,0.7059,-1,-1,-1
799,1621,584.32,445.18,93.59,121.12,0.9789,-1,-1,-1
799,1534,790.15,428.63,65.92,91.9,0.9758,-1,-1,-1
799,1645,1416.6,548.86,57.71,152.64,0.9748,-1,-1,-1
799,1684,101.33,361.95,83.87,102.74,0.974,-1,-1,-1
799,1657,1837.71,532.38,53.59,156.21,0.9718,-1,-1,-1
799,1629,1404.3,401.37,42.46,134.97,0.9683,-1,-1,-1
799,1692,1.42,473.18,50.7,137.49,0.9671,-1,-1,-1
799,1625,1055.43,344.64,40.21,90.31,0.9579,-1,-1,-1
799,1675,609.11,378.75,48.75,78.01,0.9567,-1,-1,-1
799,1668,1863.53,622.95,56.08,134.46,0.9566,-1,-1,-1
799,1660,803.76,362.27,44.27,99.47,0.9477,-1,-1,-1
799,1242,94.64,632.57,130.01,199.26,0.9284,-1,-1,-1
799,1688,861.03,346.02,36.7,119.31,0.7559,-1,-1,-1
799,1589,838.01,353.45,39.84,115.72,0.5111,-1,-1,-1
800,1621,595.01,448.75,95.79,117.67,0.981,-1,-1,-1
800,1534,780.51,426.2,76.27,91.99,0.9771,-1,-1,-1
800,1645,1423.73,547.66,56.21,153.36,0.9733,-1,-1,-1
800,1692,7.29,473.47,56.31,134.48,0.9719,-1,-1,-1
800,1684,102.25,362.21,79.71,100.25,0.9685,-1,-1,-1
800,1675,612.79,373.54,47.87,93.4,0.9599,-1,-1,-1
800,1629,1411.7,400.79,43.39,133.28,0.954,-1,-1,-1
800,1625,1063.18,340.17,38.02,93.7,0.9525,-1,-1,-1
800,1660,812.29,361.82,42.16,101.27,0.9492,-1,-1,-1
800,1657,1846.14,531.4,51.78,156.68,0.9468,-1,-1,-1
800,1242,112.43,630.09,106.15,200.19,0.9438,-1,-1,-1
800,1688,867.93,346.16,36.74,118.87,0.8977,-1,-1,-1
800,1668,1866.61,627.91,53.39,122.28,0.7574,-1,-1,-1
800,1589,842.28,348.02,36.9,108.45,0.4618,-1,-1,-1
801,1621,611.91,445.23,91.82,119.63,0.9795,-1,-1,-1
801,1645,1427.54,544.1,58.85,157.44,0.9763,-1,-1,-1
801,1534,776.89,427.43,76.16,89.08,0.9718,-1,-1,-1
801,1692,17.38,474.35,66.26,134.28,0.9697,-1,-1,-1
801,1675,619.38,368.32,43.96,101.08,0.968,-1,-1,-1
801,1657,1852.88,531.7,51.53,151.76,0.9672,-1,-1,-1
801,1242,110.73,635.59,113.53,188.76,0.9619,-1,-1,-1
801,1660,818.57,362.54,41.84,98.17,0.955,-1,-1,-1
801,1625,1069.36,338.67,38.24,93.99,0.9503,-1,-1,-1
801,1684,103.34,373.68,62.86,83.38,0.9286,-1,-1,-1
801,1688,874.97,346.57,36.34,119.07,0.8795,-1,-1,-1
801,1668,1869.63,623.57,50.37,129.31,0.8762,-1,-1,-1
801,1629,1416.45,401.72,46.37,132.64,0.8718,-1,-1,-1
801,1589,848.97,357.48,35.13,98.48,0.4578,-1,-1,-1
802,1645,1430.43,541.5,58.79,158.87,0.9781,-1,-1,-1
802,1621,621.86,444.43,83.09,119.16,0.9756,-1,-1,-1
802,1692,23.35,475.14,67.43,133.09,0.9733,-1,-1,-1
802,1534,775.76,427.79,73.93,88.72,0.972,-1,-1,-1
802,1675,622.01,365.92,43.32,104.01,0.9712,-1,-1,-1
802,1242,110.89,635.17,118.89,186.29,0.963,-1,-1,-1
802,1657,1856.87,531.93,51.67,154.43,0.9596,-1,-1,-1
802,1629,1419.24,399.41,47.18,134.91,0.9587,-1,-1,-1
802,1660,821.61,361.44,40.86,100.86,0.9479,-1,-1,-1
802,1625,1070.68,336.96,40.06,95.46,0.9377,-1,-1,-1
802,1688,877.5,348.35,37.13,117.72,0.9218,-1,-1,-1
802,1684,107.16,376.19,59.99,79.84,0.8648,-1,-1,-1
802,1668,1877.24,631.13,39.65,112.98,0.719,-1,-1,-1
802,1589,851.73,358.8,36.6,108.33,0.4832,-1,-1,-1
803,1692,34.62,475.37,67.32,131.06,0.9744,-1,-1,-1
803,1534,773.21,427.91,73.51,87.4,0.97,-1,-1,-1
803,1621,650.99,441.87,64.45,120.32,0.9694,-1,-1,-1
803,1645,1435.75,536.45,58.4,163.02,0.9681,-1,-1,-1
803,1629,1425.65,400.19,46.87,132.54,0.9671,-1,-1,-1
803,1684,100.68,368.81,74.56,88.1,0.9628,-1,-1,-1
803,1242,113.58,632.54,124.51,186.48,0.9481,-1,-1,-1
803,1625,1080.51,338.5,36.34,91.73,0.9439,-1,-1,-1
803,1688,883.38,352.57,37.52,112.04,0.9339,-1,-1,-1
803,1660,828.07,360.85,40.42,100.76,0.9296,-1,-1,-1
803,1675,628.34,364.56,39.72,108.01,0.923,-1,-1,-1
803,1657,1865.12,536.17,49.78,161.65,0.8653,-1,-1,-1
803,1589,857.84,373.9,31.8,95.84,0.4642,-1,-1,-1
803,1668,1878.5,636.14,37.22,116.97,0.4199,-1,-1,-1
804,1645,1440.94,534.48,58.04,164.36,0.9765,-1,-1,-1
804,1692,45.21,476.58,66.05,128.74,0.9744,-1,-1,-1
804,1684,102.03,367.67,78.59,88.41,0.9739,-1,-1,-1
804,1534,774.4,426.5,76.66,87.27,0.9717,-1,-1,-1
804,1621,666.32,440.07,57.5,118.92,0.9684,-1,-1,-1
804,1675,635.48,363.44,37.01,110.74,0.9516,-1,-1,-1
804,1629,1434.37,398.02,45.76,132.44,0.9507,-1,-1,-1
804,1625,1085.15,335.34,37.82,93.97,0.9464,-1,-1,-1
804,1688,892.07,353.43,36.13,110.28,0.9422,-1,-1,-1
804,1242,115.55,628.23,131.53,192.91,0.9011,-1,-1,-1
804,1660,831.22,360.06,39.96,92.51,0.8567,-1,-1,-1
804,1657,1874.25,530.16,44.34,129.47,0.8087,-1,-1,-1
804,1589,866.02,354.68,29.83,92.66,0.5425,-1,-1,-1
804,1668,1881.75,644.52,37.7,101.69,0.4885,-1,-1,-1
805,1645,1444.19,533.39,57.6,164.48,0.9773,-1,-1,-1
805,1684,104.13,366.54,77.63,89.23,0.9718,-1,-1,-1
805,1692,47.79,476.55,68.45,129.05,0.9717,-1,-1,-1
805,1621,674.28,439.36,54.05,121.09,0.9705,-1,-1,-1
805,1629,1437.7,397.24,46.25,133.49,0.9627,-1,-1,-1
805,1625,1087.27,334.11,38.8,94.56,0.9563,-1,-1,-1
805,1675,637.79,363.95,36.43,110.09,0.951,-1,-1,-1
805,1534,778.1,424.58,72.49,86.35,0.9499,-1,-1,-1
805,1688,895.46,355.06,35.63,108.53,0.9356,-1,-1,-1
805,1657,1876.06,531.35,42.08,122.1,0.9342,-1,-1,-1
805,1660,833.02,359.77,45.5,93.25,0.8919,-1,-1,-1
805,1242,115.62,625.68,134.76,195.53,0.8804,-1,-1,-1
805,1668,1880.85,643.57,38.95,104.02,0.7124,-1,-1,-1
805,1589,869.05,354.65,29.82,87.5,0.3452,-1,-1,-1
806,1645,1448.15,532.66,61.13,164.14,0.9784,-1,-1,-1
806,1684,106.47,369.3,83.34,89.15,0.975,-1,-1,-1
806,1621,690.48,437.9,49.25,124.47,0.9748,-1,-1,-1
806,1692,54.8,475.48,79.02,129.42,0.9734,-1,-1,-1
806,1534,786.17,420.47,67.86,92.96,0.9672,-1,-1,-1
806,1629,1446.03,395.1,47.01,134.86,0.9599,-1,-1,-1
806,1668,1875.83,619.07,43.52,137.26,0.9594,-1,-1,-1
806,1625,1093.65,332.78,40.31,94.28,0.9593,-1,-1,-1
806,1675,645.71,365.37,32.71,107.12,0.9435,-1,-1,-1
806,1688,902.47,351.34,36.68,112.09,0.9399,-1,-1,-1
806,1660,838.49,359.06,44.76,97.48,0.9315,-1,-1,-1
806,1657,1883.7,529.4,34.62,115.96,0.913,-1,-1,-1
806,1242,116.51,622.64,134.42,199.88,0.8266,-1,-1,-1
806,1589,877.86,357.68,28.85,90.91,0.3037,-1,-1,-1
807,1534,797.03,417.57,62.96,96.43,0.9735,-1,-1,-1
807,1692,63.4,476.13,92.36,129.52,0.9725,-1,-1,-1
807,1645,1453.15,533.04,64.32,163.41,0.9706,-1,-1,-1
807,1629,1452.95,394.12,49.03,134.06,0.9663,-1,-1,-1
807,1621,698.61,438.28,56.46,123.09,0.9661,-1,-1,-1
807,1668,1870.69,616.24,48.41,150.86,0.9655,-1,-1,-1
807,1625,1101.49,333.12,39.97,92.0,0.9611,-1,-1,-1
807,1684,111.35,368.45,81.74,89.84,0.9593,-1,-1,-1
807,1675,650.34,368.17,34.23,103.45,0.9586,-1,-1,-1
807,1660,844.25,355.56,50.8,104.73,0.9567,-1,-1,-1
807,1688,906.52,355.54,38.39,107.49,0.9518,-1,-1,-1
807,1657,1889.69,532.25,29.66,109.02,0.8964,-1,-1,-1
807,1242,114.64,617.69,142.47,206.22,0.7547,-1,-1,-1
808,1534,802.4,416.85,60.18,98.2,0.9746,-1,-1,-1
808,1621,700.13,436.74,63.79,125.93,0.9714,-1,-1,-1
808,1668,1868.76,614.67,50.57,151.93,0.9697,-1,-1,-1
808,1629,1459.15,393.06,48.06,134.99,0.9693,-1,-1,-1
808,1660,847.26,356.7,51.23,101.8,0.9686,-1,-1,-1
808,1692,69.21,473.47,96.61,130.92,0.9673,-1,-1,-1
808,1625,1105.85,332.4,39.87,92.37,0.9622,-1,-1,-1
808,1688,911.88,351.88,38.91,111.48,0.9596,-1,-1,-1
808,1675,651.55,368.75,36.26,102.65,0.9591,-1,-1,-1
808,1684,122.49,367.48,72.35,90.47,0.9553,-1,-1,-1
808,1645,1456.09,532.71,66.06,162.59,0.9552,-1,-1,-1
808,1242,112.81,616.72,147.95,207.13,0.7567,-1,-1,-1
808,1657,1894.56,529.18,24.49,109.7,0.6212,-1,-1,-1
809,1645,1460.02,536.48,70.88,160.6,0.9806,-1,-1,-1
809,1668,1864.85,610.49,54.1,154.26,0.9746,-1,-1,-1
809,1629,1468.44,391.51,48.54,136.37,0.9722,-1,-1,-1
809,1621,709.08,432.75,71.84,127.54,0.9705,-1,-1,-1
809,1534,810.19,416.96,52.98,98.56,0.9704,-1,-1,-1
809,1625,1112.18,330.4,42.71,92.25,0.9669,-1,-1,-1
809,1660,855.76,355.44,50.05,101.95,0.963,-1,-1,-1
809,1675,654.95,368.26,39.4,103.13,0.9626,-1,-1,-1
809,1692,80.32,473.49,102.02,126.76,0.9575,-1,-1,-1
809,1684,126.52,368.51,68.03,88.82,0.9437,-1,-1,-1
809,1688,923.92,351.41,36.33,108.63,0.9368,-1,-1,-1
809,1242,116.87,620.77,146.25,200.39,0.6814,-1,-1,-1
810,1668,1860.64,607.77,58.34,155.46,0.9772,-1,-1,-1
810,1645,1462.78,538.43,79.4,157.13,0.9767,-1,-1,-1
810,1621,720.62,430.54,80.65,126.96,0.9758,-1,-1,-1
810,1534,806.19,417.38,56.09,97.53,0.973,-1,-1,-1
810,1629,1478.85,390.33,48.17,135.6,0.9723,-1,-1,-1
810,1675,660.87,368.69,41.22,101.71,0.9702,-1,-1,-1
810,1692,97.81,473.84,98.97,125.33,0.969,-1,-1,-1
810,1660,863.19,354.35,51.14,102.57,0.9684,-1,-1,-1
810,1625,1118.06,330.23,46.84,90.68,0.9643,-1,-1,-1
810,1688,934.82,348.69,35.61,109.63,0.9222,-1,-1,-1
810,1589,907.88,353.93,37.57,96.7,0.8673,-1,-1,-1
810,1242,162.97,614.78,89.26,199.6,0.7192,-1,-1,-1
810,1684,139.04,373.11,47.1,81.23,0.6699,-1,-1,-1
811,1668,1858.39,606.74,61.17,157.52,0.9773,-1,-1,-1
811,1645,1464.12,540.44,83.98,153.62,0.9765,-1,-1,-1
811,1534,806.89,418.3,62.78,94.83,0.9713,-1,-1,-1
811,1629,1485.16,390.19,46.96,135.1,0.9704,-1,-1,-1
811,1675,664.82,366.93,41.46,102.98,0.9686,-1,-1,-1
811,1660,866.3,353.51,53.13,103.45,0.9676,-1,-1,-1
811,1625,1120.77,331.01,47.83,89.24,0.966,-1,-1,-1
811,1621,727.43,431.75,82.1,124.77,0.9649,-1,-1,-1
811,1684,128.76,363.63,53.62,91.57,0.9616,-1,-1,-1
811,1692,118.75,473.28,80.1,124.65,0.9505,-1,-1,-1
811,1688,942.7,344.77,32.24,113.26,0.9041,-1,-1,-1
811,1589,913.46,353.54,38.05,102.18,0.8603,-1,-1,-1
811,1242,163.49,612.59,90.25,201.46,0.7308,-1,-1,-1
812,1645,1467.35,540.83,92.01,150.53,0.9803,-1,-1,-1
812,1621,748.11,429.3,79.37,128.32,0.9773,-1,-1,-1
812,1629,1495.01,388.35,46.77,134.69,0.9733,-1,-1,-1
812,1660,872.5,354.09,56.29,101.81,0.9719,-1,-1,-1
812,1675,673.76,366.33,39.83,102.13,0.9694,-1,-1,-1
812,1692,137.19,471.59,91.56,125.33,0.9665,-1,-1,-1
812,1684,129.76,361.79,61.71,92.16,0.9537,-1,-1,-1
812,1534,817.05,417.31,62.29,95.32,0.9531,-1,-1,-1
812,1668,1853.77,602.68,66.12,158.31,0.9499,-1,-1,-1
812,1625,1126.56,328.8,50.78,90.55,0.9409,-1,-1,-1
812,1589,924.84,352.17,39.03,103.26,0.9303,-1,-1,-1
812,1688,953.47,342.79,32.13,113.72,0.8761,-1,-1,-1
812,1242,131.34,608.18,157.05,202.97,0.676,-1,-1,-1
813,1660,878.96,352.0,57.5,103.06,0.9735,-1,-1,-1
813,1629,1503.78,387.23,47.28,134.99,0.9722,-1,-1,-1
813,1645,1471.52,539.8,94.78,150.98,0.9707,-1,-1,-1
813,1534,826.47,416.2,56.7,96.21,0.9696,-1,-1,-1
813,1621,772.62,428.88,68.82,127.61,0.9681,-1,-1,-1
813,1675,681.46,365.21,39.72,101.51,0.9676,-1,-1,-1
813,1625,1132.04,328.24,53.52,90.81,0.967,-1,-1,-1
813,1684,126.56,360.25,72.16,90.99,0.9643,-1,-1,-1
813,1692,149.69,474.74,98.9,119.63,0.9532,-1,-1,-1
813,1589,931.57,351.53,43.69,102.75,0.9487,-1,-1,-1
813,1668,1843.16,599.44,76.48,141.8,0.9465,-1,-1,-1
813,1688,966.03,342.03,28.81,107.62,0.8022,-1,-1,-1
813,1242,151.45,608.91,124.55,187.71,0.8016,-1,-1,-1
814,1629,1508.72,387.1,46.68,133.84,0.9723,-1,-1,-1
814,1534,832.51,415.7,48.98,97.46,0.9716,-1,-1,-1
814,1645,1472.71,538.05,98.2,151.98,0.9689,-1,-1,-1
814,1675,685.66,365.33,38.99,100.89,0.967,-1,-1,-1
814,1684,127.74,358.45,76.49,92.85,0.9645,-1,-1,-1
814,1660,882.86,352.79,56.88,101.69,0.9632,-1,-1,-1
814,1621,788.42,429.71,61.11,125.25,0.9627,-1,-1,-1
814,1668,1837.03,596.87,82.97,141.8,0.961,-1,-1,-1
814,1625,1136.27,329.92,53.4,87.62,0.958,-1,-1,-1
814,1589,935.66,352.48,45.23,100.64,0.9537,-1,-1,-1
814,1692,152.69,473.64,111.46,119.17,0.9298,-1,-1,-1
814,1688,971.76,346.47,28.21,106.34,0.8599,-1,-1,-1
814,1242,156.8,609.04,119.82,187.07,0.7801,-1,-1,-1
815,1629,1517.39,385.56,46.64,135.15,0.9746,-1,-1,-1
815,1668,1824.05,591.34,95.95,143.59,0.9704,-1,-1,-1
815,1684,127.28,359.38,85.15,91.64,0.9683,-1,-1,-1
815,1675,692.33,363.51,38.36,100.07,0.9668,-1,-1,-1
815,1625,1141.54,323.79,56.07,93.56,0.9663,-1,-1,-1
815,1589,944.16,347.83,47.52,105.54,0.9596,-1,-1,-1
815,1645,1472.57,534.82,105.81,151.76,0.9593,-1,-1,-1
815,1660,888.46,352.86,59.22,100.32,0.959,-1,-1,-1
815,1621,808.05,425.5,65.33,128.41,0.9565,-1,-1,-1
815,1692,167.64,470.93,118.24,117.77,0.9269,-1,-1,-1
815,1242,159.08,599.6,140.42,194.99,0.8307,-1,-1,-1
815,1534,844.11,414.59,37.74,60.58,0.8194,-1,-1,-1
815,1688,982.91,341.4,27.78,99.38,0.5364,-1,-1,-1
816,1621,825.15,413.28,64.76,140.55,0.9762,-1,-1,-1
816,1684,131.1,362.56,82.78,89.22,0.9747,-1,-1,-1
816,1629,1525.1,385.0,44.81,135.46,0.9742,-1,-1,-1
816,1625,1150.92,319.99,52.95,96.36,0.9644,-1,-1,-1
816,1675,699.58,361.8,37.06,99.95,0.9637,-1,-1,-1
816,1660,894.41,350.31,61.23,100.73,0.9634,-1,-1,-1
816,1668,1820.46,586.0,98.98,146.75,0.9579,-1,-1,-1
816,1645,1473.2,532.55,105.28,150.51,0.9516,-1,-1,-1
816,1589,951.56,347.22,52.19,103.77,0.9463,-1,-1,-1
816,1242,167.0,593.65,131.98,197.83,0.9074,-1,-1,-1
816,1692,177.47,462.06,121.89,130.31,0.86,-1,-1,-1
816,1688,988.12,334.8,31.46,107.66,0.5004,-1,-1,-1
817,1684,131.78,361.19,81.96,91.08,0.9753,-1,-1,-1
817,1629,1528.4,385.33,45.29,134.38,0.9742,-1,-1,-1
817,1668,1817.79,583.3,100.82,152.39,0.9672,-1,-1,-1
817,1625,1154.91,322.69,52.24,92.24,0.9659,-1,-1,-1
817,1621,835.09,417.06,63.21,131.86,0.9627,-1,-1,-1
817,1660,898.53,348.87,59.45,101.52,0.9626,-1,-1,-1
817,1675,701.95,361.09,36.96,100.34,0.9594,-1,-1,-1
817,1645,1475.03,530.3,103.17,151.95,0.9541,-1,-1,-1
817,1242,170.18,591.58,129.97,199.65,0.933,-1,-1,-1
817,1589,956.69,344.27,51.07,106.54,0.9313,-1,-1,-1
817,1692,189.09,461.01,128.51,125.48,0.7887,-1,-1,-1
817,1688,995.15,336.67,27.21,105.16,0.6419,-1,-1,-1
817,1534,841.95,411.05,33.67,71.34,0.4438,-1,-1,-1
818,1629,1535.78,384.73,44.18,132.66,0.9735,-1,-1,-1
818,1684,132.49,359.6,79.87,90.8,0.9704,-1,-1,-1
818,1675,709.01,357.81,37.86,102.24,0.9678,-1,-1,-1
818,1625,1160.97,317.86,53.23,95.33,0.9663,-1,-1,-1
818,1668,1816.4,580.86,101.0,157.66,0.9645,-1,-1,-1
818,1645,1478.98,524.77,99.33,160.67,0.9617,-1,-1,-1
818,1621,852.05,421.84,65.36,130.11,0.9611,-1,-1,-1
818,1242,177.26,591.17,128.87,196.46,0.9576,-1,-1,-1
818,1660,904.44,349.2,58.52,99.72,0.9534,-1,-1,-1
818,1589,967.85,339.7,48.39,110.33,0.9501,-1,-1,-1
818,1534,849.18,414.96,34.87,93.98,0.92,-1,-1,-1
818,1692,211.9,458.12,132.17,128.2,0.819,-1,-1,-1
818,1688,999.32,334.68,32.25,108.46,0.3828,-1,-1,-1
819,1629,1541.5,383.79,46.02,132.47,0.9768,-1,-1,-1
819,1645,1483.14,517.54,90.73,167.15,0.9763,-1,-1,-1
819,1675,715.63,354.71,39.44,105.61,0.9685,-1,-1,-1
819,1534,852.42,411.89,36.85,95.25,0.9656,-1,-1,-1
819,1625,1169.54,319.17,50.32,92.11,0.965,-1,-1,-1
819,1684,135.62,359.1,72.19,89.73,0.9609,-1,-1,-1
819,1668,1810.29,579.24,109.52,154.84,0.9508,-1,-1,-1
819,1242,186.57,589.85,126.84,190.07,0.9469,-1,-1,-1
819,1589,979.16,337.67,46.9,110.78,0.9444,-1,-1,-1
819,1660,915.23,347.88,53.11,100.24,0.9375,-1,-1,-1
819,1621,883.91,423.08,50.94,123.98,0.9267,-1,-1,-1
819,1692,241.83,457.84,120.62,124.2,0.9035,-1,-1,-1
819,1688,1012.82,333.42,26.72,93.69,0.484,-1,-1,-1
820,1645,1486.27,515.05,85.02,166.84,0.9774,-1,-1,-1
820,1629,1543.25,383.63,47.21,132.4,0.9768,-1,-1,-1
820,1675,720.04,354.06,39.34,105.05,0.9698,-1,-1,-1
820,1534,853.99,411.61,37.1,95.45,0.9687,-1,-1,-1
820,1625,1173.17,314.97,48.96,95.21,0.9665,-1,-1,-1
820,1692,274.52,458.05,94.69,127.35,0.9541,-1,-1,-1
820,1668,1809.24,579.6,102.16,153.94,0.9496,-1,-1,-1
820,1684,140.06,363.12,64.98,83.75,0.9466,-1,-1,-1
820,1660,919.26,347.39,51.1,99.35,0.9462,-1,-1,-1
820,1242,190.46,588.83,127.89,186.18,0.9376,-1,-1,-1
820,1589,984.3,335.41,47.64,112.91,0.9218,-1,-1,-1
820,1621,894.99,423.11,49.04,124.41,0.9122,-1,-1,-1
820,1704,949.38,323.12,24.88,68.49,0.7318,-1,-1,-1
821,1645,1493.12,510.93,76.57,169.75,0.9756,-1,-1,-1
821,1668,1803.27,576.31,77.88,156.16,0.9744,-1,-1,-1
821,1629,1548.54,383.48,48.32,131.87,0.9734,-1,-1,-1
821,1692,296.8,456.39,96.83,126.71,0.9719,-1,-1,-1
821,1534,858.71,409.81,39.63,100.01,0.967,-1,-1,-1
821,1660,928.47,343.05,48.17,99.43,0.9655,-1,-1,-1
821,1675,725.94,353.23,39.34,105.09,0.9645,-1,-1,-1
821,1684,147.62,363.53,47.73,81.53,0.9545,-1,-1,-1
821,1242,204.49,589.49,111.88,183.65,0.9485,-1,-1,-1
821,1625,1180.71,314.81,43.8,93.52,0.9456,-1,-1,-1
821,1621,910.95,419.6,47.51,127.13,0.9454,-1,-1,-1
821,1589,997.3,333.63,43.47,113.08,0.923,-1,-1,-1
821,1705,133.75,348.73,20.05,49.43,0.7264,-1,-1,-1
821,1688,1025.09,331.66,27.95,68.76,0.3399,-1,-1,-1
822,1668,1787.4,573.72,86.43,155.64,0.9797,-1,-1,-1
822,1629,1552.82,382.61,49.67,131.98,0.975,-1,-1,-1
822,1645,1497.73,506.21,70.0,172.5,0.9741,-1,-1,-1
822,1534,864.41,407.69,43.17,105.63,0.9726,-1,-1,-1
822,1660,938.4,337.2,46.16,102.05,0.9688,-1,-1,-1
822,1675,733.4,353.31,38.84,104.21,0.9679,-1,-1,-1
822,1621,922.86,418.13,53.42,127.31,0.9615,-1,-1,-1
822,1242,212.52,591.65,113.89,177.76,0.9588,-1,-1,-1
822,1625,1187.48,311.74,41.28,94.47,0.9577,-1,-1,-1
822,1692,311.62,455.32,103.36,123.81,0.9524,-1,-1,-1
822,1684,135.51,344.56,62.03,98.18,0.9389,-1,-1,-1
822,1589,1007.49,331.11,44.3,113.09,0.9301,-1,-1,-1
823,1668,1775.94,567.65,102.14,158.55,0.9775,-1,-1,-1
823,1629,1556.05,382.46,49.68,131.07,0.9739,-1,-1,-1
823,1534,866.99,406.95,44.54,106.31,0.9708,-1,-1,-1
823,1660,942.96,337.45,43.74,95.27,0.968,-1,-1,-1
823,1621,925.15,416.48,65.83,127.98,0.968,-1,-1,-1
823,1675,737.13,352.41,38.18,104.1,0.9663,-1,-1,-1
823,1645,1503.23,505.79,63.25,171.01,0.9662,-1,-1,-1
823,1684,136.86,343.21,65.41,97.58,0.961,-1,-1,-1
823,1692,316.28,453.68,116.05,122.9,0.958,-1,-1,-1
823,1625,1191.11,310.82,38.11,93.92,0.9539,-1,-1,-1
823,1589,1012.22,330.33,42.0,112.87,0.9409,-1,-1,-1
823,1242,219.86,587.37,113.62,178.82,0.9357,-1,-1,-1
824,1242,234.68,582.8,104.21,182.87,0.9763,-1,-1,-1
824,1621,937.7,414.21,78.35,125.07,0.9727,-1,-1,-1
824,1629,1561.44,380.93,50.1,130.86,0.9707,-1,-1,-1
824,1534,870.8,408.13,53.0,105.98,0.9681,-1,-1,-1
824,1692,337.78,449.92,110.95,121.26,0.9675,-1,-1,-1
824,1668,1764.03,558.71,111.88,166.33,0.9656,-1,-1,-1
824,1675,744.77,351.69,37.66,102.91,0.9652,-1,-1,-1
824,1660,951.06,335.65,40.3,88.88,0.9645,-1,-1,-1
824,1684,136.83,336.51,71.75,103.62,0.9636,-1,-1,-1
824,1645,1509.42,506.18,55.49,170.43,0.9507,-1,-1,-1
824,1625,1195.81,310.98,33.59,91.39,0.9105,-1,-1,-1
824,1589,1023.5,332.55,36.85,105.07,0.8923,-1,-1,-1
824,1688,1053.75,329.81,22.04,57.85,0.715,-1,-1,-1
825,1621,951.75,411.46,83.48,125.26,0.9757,-1,-1,-1
825,1684,136.61,338.84,77.06,99.81,0.9751,-1,-1,-1
825,1629,1565.11,379.57,52.02,131.82,0.9721,-1,-1,-1
825,1660,957.67,332.41,39.8,102.71,0.9681,-1,-1,-1
825,1692,363.69,448.28,109.68,122.01,0.9676,-1,-1,-1
825,1534,877.9,407.8,49.89,102.92,0.9675,-1,-1,-1
825,1645,1511.79,505.73,52.14,170.13,0.9604,-1,-1,-1
825,1675,751.6,348.56,37.68,104.22,0.9574,-1,-1,-1
825,1589,1033.7,333.81,38.95,104.66,0.9551,-1,-1,-1
825,1242,251.29,578.77,99.76,179.72,0.9543,-1,-1,-1
825,1668,1752.21,555.54,122.36,157.73,0.9324,-1,-1,-1
825,1625,1199.29,308.61,32.06,91.44,0.9107,-1,-1,-1
825,1688,1059.56,330.53,21.72,59.99,0.4389,-1,-1,-1
826,1684,137.68,338.8,77.17,99.43,0.9771,-1,-1,-1
826,1242,258.35,578.04,93.91,175.94,0.9743,-1,-1,-1
826,1692,381.96,447.21,102.6,122.86,0.9734,-1,-1,-1
826,1629,1567.08,379.04,53.47,131.64,0.9714,-1,-1,-1
826,1621,964.47,412.05,74.61,124.01,0.9712,-1,-1,-1
826,1534,880.34,406.16,59.53,104.53,0.971,-1,-1,-1
826,1660,961.19,331.62,39.32,104.64,0.9697,-1,-1,-1
826,1645,1511.89,508.99,52.63,166.76,0.9696,-1,-1,-1
826,1675,755.94,348.87,36.42,102.12,0.9565,-1,-1,-1
826,1589,1037.5,332.71,37.58,104.74,0.951,-1,-1,-1
826,1668,1750.45,553.28,118.59,156.85,0.928,-1,-1,-1
826,1625,1203.14,312.58,30.1,86.43,0.8952,-1,-1,-1
826,1688,1053.39,321.12,32.59,66.71,0.7237,-1,-1,-1
827,1645,1513.85,511.91,59.04,162.11,0.9792,-1,-1,-1
827,1684,136.93,338.01,80.96,101.41,0.9742,-1,-1,-1
827,1534,886.12,404.69,63.51,106.58,0.9737,-1,-1,-1
827,1692,421.21,440.2,88.26,129.09,0.9685,-1,-1,-1
827,1629,1573.47,376.71,54.32,130.8,0.9684,-1,-1,-1
827,1660,968.0,331.63,39.33,106.67,0.9681,-1,-1,-1
827,1242,280.56,569.44,77.75,180.45,0.9613,-1,-1,-1
827,1675,764.28,346.11,34.86,102.93,0.946,-1,-1,-1
827,1621,994.06,410.46,53.63,123.66,0.9457,-1,-1,-1
827,1625,1207.57,309.35,32.42,89.0,0.9298,-1,-1,-1
827,1589,1047.4,329.52,38.49,105.18,0.9235,-1,-1,-1
827,1688,1054.41,319.06,38.2,70.9,0.8854,-1,-1,-1
827,1668,1750.06,550.56,97.85,160.77,0.873,-1,-1,-1
828,1645,1511.08,513.74,70.71,160.64,0.9753,-1,-1,-1
828,1692,462.42,436.73,63.83,129.73,0.9714,-1,-1,-1
828,1534,892.25,400.64,57.96,115.63,0.9673,-1,-1,-1
828,1660,976.1,331.68,37.63,106.29,0.9649,-1,-1,-1
828,1629,1579.98,374.26,55.68,131.25,0.9648,-1,-1,-1
828,1242,291.47,564.12,73.73,181.04,0.9632,-1,-1,-1
828,1684,142.54,337.78,72.36,100.07,0.9625,-1,-1,-1
828,1675,772.12,343.66,34.43,103.42,0.9593,-1,-1,-1
828,1621,1016.23,408.27,45.62,121.83,0.9471,-1,-1,-1
828,1625,1210.09,304.57,36.21,92.48,0.9442,-1,-1,-1
828,1589,1057.6,332.73,37.23,99.52,0.9125,-1,-1,-1
828,1668,1725.92,550.2,124.73,158.96,0.8927,-1,-1,-1
828,1688,1065.96,320.24,36.56,65.69,0.882,-1,-1,-1
829,1645,1509.15,513.98,76.08,159.92,0.9708,-1,-1,-1
829,1629,1584.46,372.82,54.3,132.12,0.9697,-1,-1,-1
829,1621,1024.21,408.03,46.76,121.12,0.9691,-1,-1,-1
829,1692,478.36,434.68,56.18,127.8,0.9677,-1,-1,-1
829,1534,897.06,399.38,50.73,115.88,0.9671,-1,-1,-1
829,1660,979.11,330.89,38.2,105.91,0.9661,-1,-1,-1
829,1242,296.27,559.27,71.81,183.57,0.9629,-1,-1,-1
829,1625,1209.06,309.4,40.66,85.24,0.9609,-1,-1,-1
829,1684,143.6,337.41,68.2,99.63,0.9583,-1,-1,-1
829,1668,1727.18,550.82,109.13,157.64,0.9552,-1,-1,-1
829,1589,1058.99,327.15,41.98,106.64,0.9517,-1,-1,-1
829,1675,775.52,343.2,34.56,103.18,0.938,-1,-1,-1
829,1688,1066.94,320.58,39.29,68.21,0.3938,-1,-1,-1
830,1242,309.75,554.73,68.83,181.88,0.9767,-1,-1,-1
830,1668,1724.69,546.42,88.47,159.45,0.9727,-1,-1,-1
830,1629,1592.05,370.53,55.14,131.89,0.9726,-1,-1,-1
830,1645,1510.44,513.48,81.36,158.8,0.9724,-1,-1,-1
830,1621,1041.5,405.16,47.59,119.93,0.9697,-1,-1,-1
830,1692,502.69,431.35,51.25,127.49,0.9669,-1,-1,-1
830,1625,1210.24,299.75,47.91,93.92,0.9652,-1,-1,-1
830,1660,986.05,331.92,38.05,101.59,0.9629,-1,-1,-1
830,1534,902.54,397.58,47.77,114.08,0.9608,-1,-1,-1
830,1684,143.55,332.29,61.9,102.07,0.9603,-1,-1,-1
830,1675,784.59,339.48,33.11,106.79,0.9545,-1,-1,-1
830,1589,1067.65,326.36,41.94,104.45,0.9529,-1,-1,-1
830,1688,1076.57,321.06,37.5,67.03,0.6377,-1,-1,-1
831,1645,1515.02,512.81,83.62,157.69,0.9758,-1,-1,-1
831,1668,1707.12,539.32,79.87,165.4,0.973,-1,-1,-1
831,1534,901.84,396.39,56.8,113.48,0.9693,-1,-1,-1
831,1625,1212.53,298.2,54.75,94.36,0.9686,-1,-1,-1
831,1629,1600.49,368.29,55.91,132.42,0.968,-1,-1,-1
831,1589,1075.39,320.53,45.13,107.63,0.9678,-1,-1,-1
831,1621,1059.77,403.8,56.35,117.76,0.9669,-1,-1,-1
831,1242,319.06,550.63,68.58,180.45,0.9669,-1,-1,-1
831,1660,993.68,331.96,37.46,99.87,0.9546,-1,-1,-1
831,1684,149.2,331.21,46.56,98.78,0.9522,-1,-1,-1
831,1675,792.58,339.93,34.71,105.74,0.9492,-1,-1,-1
831,1692,528.06,428.92,48.08,126.59,0.9307,-1,-1,-1
832,1668,1700.55,535.47,72.7,168.22,0.9785,-1,-1,-1
832,1692,540.06,429.74,49.62,123.9,0.9739,-1,-1,-1
832,1534,901.87,394.88,62.26,115.78,0.9732,-1,-1,-1
832,1625,1214.28,296.03,57.66,96.04,0.9716,-1,-1,-1
832,1629,1605.98,366.86,54.42,133.03,0.9673,-1,-1,-1
832,1684,149.53,332.12,52.25,97.21,0.9671,-1,-1,-1
832,1621,1068.25,402.89,64.04,118.95,0.9665,-1,-1,-1
832,1660,996.22,330.04,38.23,100.56,0.9616,-1,-1,-1
832,1645,1517.5,511.89,82.49,156.39,0.9613,-1,-1,-1
832,1675,796.0,339.82,35.76,105.0,0.959,-1,-1,-1
832,1589,1080.13,319.81,44.45,105.53,0.9584,-1,-1,-1
832,1242,324.05,548.2,70.67,182.05,0.9577,-1,-1,-1
833,1534,903.83,394.16,70.81,112.27,0.97,-1,-1,-1
833,1668,1687.77,528.63,84.23,170.51,0.9692,-1,-1,-1
833,1692,565.11,428.61,50.91,120.29,0.9692,-1,-1,-1
833,1629,1614.54,365.26,53.37,132.67,0.9686,-1,-1,-1
833,1625,1221.44,299.08,57.59,90.43,0.9659,-1,-1,-1
833,1242,332.04,545.11,76.47,180.54,0.9648,-1,-1,-1
833,1660,1003.01,326.74,38.64,101.56,0.9633,-1,-1,-1
833,1589,1090.71,318.13,43.13,99.0,0.963,-1,-1,-1
833,1621,1089.6,403.71,68.44,114.28,0.9626,-1,-1,-1
833,1684,149.88,330.01,64.52,96.01,0.9621,-1,-1,-1
833,1675,804.67,339.79,35.72,103.62,0.9434,-1,-1,-1
833,1645,1516.94,509.23,86.86,156.36,0.9253,-1,-1,-1
834,1668,1678.39,524.01,95.97,171.03,0.9741,-1,-1,-1
834,1242,339.74,545.54,84.88,172.36,0.9734,-1,-1,-1
834,1621,1108.72,405.09,73.43,110.84,0.9721,-1,-1,-1
834,1629,1623.17,364.29,52.44,132.15,0.9719,-1,-1,-1
834,1645,1513.89,507.55,88.41,156.67,0.9713,-1,-1,-1
834,1534,908.88,393.87,82.31,114.38,0.9712,-1,-1,-1
834,1684,150.12,324.58,72.83,99.75,0.9697,-1,-1,-1
834,1625,1229.71,297.5,56.84,89.63,0.9667,-1,-1,-1
834,1692,588.68,428.59,58.3,117.44,0.9636,-1,-1,-1
834,1589,1104.18,316.45,38.77,99.3,0.9635,-1,-1,-1
834,1675,812.23,338.68,38.22,102.41,0.9618,-1,-1,-1
834,1660,1012.93,324.9,36.56,101.96,0.9488,-1,-1,-1
835,1668,1675.02,522.56,99.6,167.42,0.98,-1,-1,-1
835,1242,344.17,544.21,88.94,172.4,0.9784,-1,-1,-1
835,1645,1512.51,505.7,89.25,156.89,0.9743,-1,-1,-1
835,1534,911.65,394.39,83.38,116.67,0.9729,-1,-1,-1
835,1629,1627.15,363.76,53.75,130.92,0.9688,-1,-1,-1
835,1621,1114.78,403.72,77.3,112.42,0.9681,-1,-1,-1
835,1625,1235.19,300.63,54.34,84.48,0.9664,-1,-1,-1
835,1684,150.95,318.64,77.15,105.13,0.9661,-1,-1,-1
835,1675,816.45,339.09,38.46,101.22,0.9646,-1,-1,-1
835,1692,600.88,429.38,63.99,111.53,0.9588,-1,-1,-1
835,1660,1015.43,323.73,37.93,103.32,0.9562,-1,-1,-1
835,1589,1109.01,314.28,39.55,99.76,0.9547,-1,-1,-1
836,1242,354.8,545.66,92.86,165.66,0.9804,-1,-1,-1
836,1534,914.74,397.47,90.86,116.25,0.9758,-1,-1,-1
836,1645,1514.03,501.01,84.79,158.56,0.9753,-1,-1,-1
836,1629,1637.01,361.65,54.87,131.21,0.9722,-1,-1,-1
836,1684,151.92,315.24,82.68,106.88,0.9718,-1,-1,-1
836,1625,1243.13,297.25,52.42,86.86,0.9711,-1,-1,-1
836,1621,1130.85,403.02,79.33,110.75,0.9698,-1,-1,-1
836,1668,1667.9,518.78,108.25,155.22,0.9693,-1,-1,-1
836,1675,826.16,336.75,39.02,100.86,0.9672,-1,-1,-1
836,1692,625.16,431.16,70.63,104.4,0.9668,-1,-1,-1
836,1660,1024.49,321.21,38.03,103.96,0.959,-1,-1,-1
836,1589,1119.69,314.12,39.16,103.97,0.9495,-1,-1,-1
837,1645,1513.51,495.1,79.26,160.46,0.9782,-1,-1,-1
837,1242,367.49,539.03,92.14,171.49,0.9744,-1,-1,-1
837,1629,1644.96,360.8,58.18,131.98,0.9729,-1,-1,-1
837,1692,642.89,430.37,80.79,107.31,0.971,-1,-1,-1
837,1675,835.61,334.55,41.35,101.51,0.971,-1,-1,-1
837,1684,154.41,319.07,84.58,103.91,0.969,-1,-1,-1
837,1621,1145.79,402.4,78.09,109.4,0.9686,-1,-1,-1
837,1625,1251.37,296.34,49.05,85.67,0.9654,-1,-1,-1
837,1660,1033.05,320.87,39.66,102.73,0.9612,-1,-1,-1
837,1668,1659.58,518.55,113.91,147.48,0.9513,-1,-1,-1
837,1589,1130.22,311.37,38.21,105.61,0.9491,-1,-1,-1
837,1534,920.6,398.52,93.36,113.74,0.9404,-1,-1,-1
838,1692,651.23,429.08,81.91,108.07,0.9773,-1,-1,-1
838,1242,374.11,535.25,92.97,170.92,0.9725,-1,-1,-1
838,1645,1514.71,491.56,73.94,163.13,0.9725,-1,-1,-1
838,1675,840.73,334.05,40.91,99.97,0.9703,-1,-1,-1
838,1625,1256.71,295.81,46.05,85.05,0.9688,-1,-1,-1
838,1621,1152.46,398.73,77.64,113.17,0.9677,-1,-1,-1
838,1629,1649.28,360.79,58.34,129.66,0.9665,-1,-1,-1
838,1684,160.96,309.97,76.88,113.22,0.9645,-1,-1,-1
838,1534,924.17,398.65,96.16,112.54,0.9618,-1,-1,-1
838,1668,1657.8,518.32,111.93,148.29,0.9606,-1,-1,-1
838,1589,1133.87,310.9,39.62,105.19,0.9547,-1,-1,-1
838,1660,1036.11,319.18,42.42,104.42,0.9486,-1,-1,-1
839,1534,933.71,398.24,85.68,111.46,0.9821,-1,-1,-1
839,1242,388.16,530.66,90.52,170.87,0.976,-1,-1,-1
839,1645,1520.36,485.82,66.91,167.97,0.9753,-1,-1,-1
839,1629,1657.59,360.58,60.98,128.86,0.9723,-1,-1,-1
839,1668,1652.99,514.18,109.28,153.92,0.9706,-1,-1,-1
839,1692,670.27,425.73,77.09,110.73,0.9692,-1,-1,-1
839,1660,1043.78,320.86,44.41,101.07,0.9684,-1,-1,-1
839,1621,1171.69,397.95,69.8,111.57,0.9667,-1,-1,-1
839,1675,851.33,332.21,40.54,101.5,0.9665,-1,-1,-1
839,1625,1266.57,293.79,38.85,85.38,0.9606,-1,-1,-1
839,1589,1144.46,310.88,39.48,106.12,0.96,-1,-1,-1
839,1684,170.78,327.65,65.44,93.37,0.9493,-1,-1,-1
840,1534,947.09,397.07,77.77,111.54,0.9742,-1,-1,-1
840,1629,1665.36,359.01,60.9,129.67,0.973,-1,-1,-1
840,1242,404.88,524.19,84.19,174.34,0.9715,-1,-1,-1
840,1711,0.46,401.46,65.3,127.05,0.9711,-1,-1,-1
840,1692,694.83,422.53,68.24,111.85,0.9708,-1,-1,-1
840,1660,1050.39,321.16,48.41,99.74,0.9707,-1,-1,-1
840,1645,1523.66,482.2,68.67,169.25,0.9706,-1,-1,-1
840,1675,860.18,331.04,42.36,103.53,0.9687,-1,-1,-1
840,1621,1188.15,396.36,62.4,111.71,0.9606,-1,-1,-1
840,1668,1643.74,508.36,106.04,157.23,0.9578,-1,-1,-1
840,1589,1154.92,309.58,39.55,105.04,0.9484,-1,-1,-1
840,1625,1276.18,295.17,32.49,83.14,0.9478,-1,-1,-1
840,1684,174.1,331.49,59.59,87.89,0.9448,-1,-1,-1
841,1534,951.08,396.79,75.0,110.31,0.9767,-1,-1,-1
841,1711,1.47,399.5,75.0,128.35,0.9745,-1,-1,-1
841,1668,1644.35,503.7,95.48,162.73,0.9743,-1,-1,-1
841,1242,413.45,522.31,82.95,171.31,0.9731,-1,-1,-1
841,1692,710.37,421.05,64.02,111.48,0.969,-1,-1,-1
841,1629,1670.7,359.05,59.3,128.65,0.9688,-1,-1,-1
841,1675,865.2,330.55,41.92,102.44,0.9671,-1,-1,-1
841,1645,1526.71,481.93,68.82,168.04,0.9616,-1,-1,-1
841,1621,1197.41,394.42,58.01,113.77,0.9614,-1,-1,-1
841,1660,1055.32,321.19,48.8,98.65,0.9554,-1,-1,-1
841,1684,176.67,326.55,53.06,93.12,0.9441,-1,-1,-1
841,1589,1159.99,308.8,39.88,105.32,0.942,-1,-1,-1
841,1625,1279.57,291.85,30.83,86.29,0.9105,-1,-1,-1
841,1712,173.65,319.17,19.6,49.64,0.7827,-1,-1,-1
842,1645,1530.54,481.0,67.76,168.19,0.9765,-1,-1,-1
842,1668,1642.74,498.83,77.47,165.09,0.974,-1,-1,-1
842,1534,959.43,393.35,70.74,110.94,0.9735,-1,-1,-1
842,1242,432.8,519.74,77.17,164.06,0.9725,-1,-1,-1
842,1692,746.24,417.4,51.29,111.91,0.9713,-1,-1,-1
842,1629,1680.23,358.44,61.32,129.08,0.9708,-1,-1,-1
842,1660,1064.33,320.78,48.3,97.9,0.9708,-1,-1,-1
842,1675,876.46,329.78,42.08,103.31,0.9666,-1,-1,-1
842,1711,20.32,397.91,74.46,127.79,0.9665,-1,-1,-1
842,1684,179.68,320.44,53.77,96.33,0.9632,-1,-1,-1
842,1621,1209.98,391.42,56.15,114.39,0.9537,-1,-1,-1
842,1625,1289.0,294.59,26.23,82.66,0.928,-1,-1,-1
842,1589,1177.5,309.85,35.08,101.46,0.8453,-1,-1,-1
843,1645,1535.07,482.15,65.92,165.41,0.9784,-1,-1,-1
843,1534,969.95,392.24,66.66,111.99,0.9763,-1,-1,-1
843,1629,1689.89,356.57,59.91,130.13,0.973,-1,-1,-1
843,1668,1642.33,492.0,75.06,169.83,0.973,-1,-1,-1
843,1660,1075.23,318.14,45.89,99.71,0.972,-1,-1,-1
843,1692,769.63,416.27,50.59,112.77,0.9712,-1,-1,-1
843,1675,887.8,331.22,40.85,100.61,0.9684,-1,-1,-1
843,1711,53.16,396.63,61.88,125.46,0.9673,-1,-1,-1
843,1242,452.08,515.56,75.15,160.11,0.9669,-1,-1,-1
843,1621,1224.45,391.29,58.22,112.64,0.9665,-1,-1,-1
843,1684,187.16,316.1,58.48,98.04,0.9553,-1,-1,-1
843,1625,1296.38,292.28,27.78,83.17,0.9086,-1,-1,-1
843,1589,1194.62,305.35,30.66,100.58,0.8126,-1,-1,-1
843,1713,1176.75,321.87,32.0,91.14,0.7053,-1,-1,-1
844,1645,1537.5,483.95,64.35,163.16,0.9789,-1,-1,-1
844,1668,1639.72,489.3,78.43,166.96,0.9767,-1,-1,-1
844,1534,975.87,392.51,62.56,112.53,0.9716,-1,-1,-1
844,1660,1082.05,315.76,43.59,101.03,0.9693,-1,-1,-1
844,1621,1232.22,389.8,60.01,112.45,0.968,-1,-1,-1
844,1629,1695.17,356.42,58.99,128.79,0.9659,-1,-1,-1
844,1242,463.07,515.33,73.14,152.95,0.9659,-1,-1,-1
844,1675,894.47,332.28,40.31,99.95,0.9657,-1,-1,-1
844,1711,70.29,396.36,55.48,124.25,0.9639,-1,-1,-1
844,1684,189.06,310.73,63.34,103.1,0.9636,-1,-1,-1
844,1692,779.61,415.92,60.88,112.53,0.9546,-1,-1,-1
844,1625,1300.27,293.07,27.04,81.92,0.9202,-1,-1,-1
844,1589,1198.47,305.08,32.57,98.29,0.784,-1,-1,-1
844,1713,1182.51,317.59,30.2,93.35,0.5771,-1,-1,-1
845,1645,1543.97,486.5,56.2,157.5,0.9772,-1,-1,-1
845,1668,1637.52,486.39,82.89,162.45,0.9721,-1,-1,-1
845,1684,195.58,313.92,68.23,99.47,0.9701,-1,-1,-1
845,1534,984.94,392.58,59.45,116.17,0.9698,-1,-1,-1
845,1621,1247.7,390.03,68.01,108.27,0.9696,-1,-1,-1
845,1629,1707.11,355.63,58.18,129.47,0.969,-1,-1,-1
845,1242,480.97,515.07,75.78,152.8,0.9681,-1,-1,-1
845,1711,110.43,396.15,40.43,122.69,0.9641,-1,-1,-1
845,1660,1094.71,315.14,39.83,100.95,0.9621,-1,-1,-1
845,1692,783.22,415.36,74.81,108.71,0.9602,-1,-1,-1
845,1675,906.63,333.49,36.38,97.75,0.9546,-1,-1,-1
845,1625,1305.79,294.82,32.83,79.47,0.9267,-1,-1,-1
845,1713,1193.69,309.32,25.54,95.61,0.7523,-1,-1,-1
845,1589,1210.09,305.37,34.63,100.54,0.7284,-1,-1,-1
846,1645,1549.35,487.17,52.57,157.1,0.9771,-1,-1,-1
846,1684,198.39,313.62,75.09,98.87,0.9734,-1,-1,-1
846,1629,1719.24,354.95,56.94,127.74,0.9732,-1,-1,-1
846,1534,994.5,393.06,58.61,116.63,0.9726,-1,-1,-1
846,1621,1267.26,390.74,69.32,106.03,0.9715,-1,-1,-1
846,1242,500.14,517.29,75.78,150.72,0.9682,-1,-1,-1
846,1711,137.89,394.34,41.97,122.23,0.9651,-1,-1,-1
846,1692,819.66,417.02,70.45,107.32,0.9587,-1,-1,-1
846,1625,1310.89,297.22,39.42,75.79,0.9543,-1,-1,-1
846,1660,1107.93,317.34,38.12,100.46,0.9457,-1,-1,-1
846,1714,1.74,608.11,55.56,172.61,0.9451,-1,-1,-1
846,1675,919.51,334.57,35.17,95.28,0.931,-1,-1,-1
846,1668,1639.44,485.51,80.0,156.99,0.8958,-1,-1,-1
846,1589,1223.39,310.13,34.99,100.88,0.8385,-1,-1,-1
846,1713,1207.73,313.77,25.78,92.44,0.7634,-1,-1,-1
847,1645,1552.68,488.9,49.59,157.48,0.976,-1,-1,-1
847,1621,1277.31,391.49,68.13,104.49,0.9759,-1,-1,-1
847,1534,1001.26,393.37,55.85,115.41,0.9731,-1,-1,-1
847,1242,508.72,518.66,78.81,147.61,0.9729,-1,-1,-1
847,1684,203.46,311.85,74.83,100.53,0.9718,-1,-1,-1
847,1629,1727.22,354.06,54.85,128.83,0.9687,-1,-1,-1
847,1711,151.13,393.91,43.36,120.47,0.9686,-1,-1,-1
847,1625,1314.72,297.2,41.1,75.93,0.958,-1,-1,-1
847,1714,3.21,605.47,63.27,176.08,0.9562,-1,-1,-1
847,1660,1114.78,319.76,38.0,98.54,0.9508,-1,-1,-1
847,1668,1640.01,484.56,78.86,157.4,0.9409,-1,-1,-1
847,1675,927.05,333.21,33.49,96.98,0.9266,-1,-1,-1
847,1692,833.98,417.26,66.4,102.6,0.8894,-1,-1,-1
847,1713,1214.66,317.53,26.29,88.87,0.7791,-1,-1,-1
847,1589,1230.57,315.33,35.75,98.2,0.6752,-1,-1,-1
848,1534,1017.01,393.61,47.66,114.04,0.9755,-1,-1,-1
848,1242,525.82,518.83,83.41,144.58,0.9748,-1,-1,-1
848,1668,1641.8,484.29,73.92,155.58,0.9712,-1,-1,-1
848,1629,1740.8,353.66,55.29,127.66,0.9706,-1,-1,-1
848,1645,1560.37,488.97,51.14,157.34,0.9703,-1,-1,-1
848,1621,1296.48,392.84,67.43,102.37,0.9692,-1,-1,-1
848,1711,177.61,392.94,45.16,120.33,0.969,-1,-1,-1
848,1714,22.19,604.84,65.13,176.77,0.9623,-1,-1,-1
848,1692,863.51,418.57,67.71,102.39,0.9617,-1,-1,-1
848,1684,218.35,310.61,67.01,103.84,0.9607,-1,-1,-1
848,1625,1325.73,300.06,45.8,72.49,0.9569,-1,-1,-1
848,1660,1128.3,317.73,38.67,102.01,0.9564,-1,-1,-1
848,1675,940.09,332.92,35.41,95.89,0.9505,-1,-1,-1
848,1713,1227.95,306.74,27.42,98.29,0.8756,-1,-1,-1
848,1589,1249.9,308.56,33.62,87.15,0.6688,-1,-1,-1
849,1645,1569.43,487.69,57.97,159.34,0.9779,-1,-1,-1
849,1242,544.79,518.45,86.1,143.93,0.9755,-1,-1,-1
849,1629,1757.05,354.74,54.85,126.05,0.9694,-1,-1,-1
849,1534,1032.59,392.69,42.52,112.79,0.9693,-1,-1,-1
849,1621,1317.66,393.91,71.19,101.46,0.9689,-1,-1,-1
849,1692,894.89,418.08,69.31,103.2,0.9659,-1,-1,-1
849,1714,50.75,602.11,59.95,173.79,0.9648,-1,-1,-1
849,1711,208.86,393.16,45.22,114.96,0.964,-1,-1,-1
849,1668,1645.38,486.34,70.79,153.53,0.9633,-1,-1,-1
849,1675,955.13,332.84,38.39,96.78,0.9629,-1,-1,-1
849,1625,1339.58,299.38,47.89,73.49,0.9618,-1,-1,-1
849,1660,1142.63,319.37,40.02,101.73,0.9541,-1,-1,-1
849,1684,235.57,312.14,55.11,100.1,0.928,-1,-1,-1
849,1589,1265.25,343.34,31.93,69.75,0.7445,-1,-1,-1
849,1713,1245.31,322.17,25.63,84.34,0.6624,-1,-1,-1
850,1645,1574.27,487.31,61.51,158.93,0.971,-1,-1,-1
850,1534,1040.63,393.11,41.18,112.29,0.9707,-1,-1,-1
850,1629,1766.15,354.68,54.23,125.99,0.9695,-1,-1,-1
850,1668,1648.37,487.03,70.89,153.84,0.9681,-1,-1,-1
850,1711,226.01,395.06,44.46,112.15,0.9672,-1,-1,-1
850,1242,554.42,517.72,87.31,140.76,0.967,-1,-1,-1
850,1621,1328.26,395.55,76.8,102.08,0.9647,-1,-1,-1
850,1675,964.42,333.41,38.12,96.11,0.9639,-1,-1,-1
850,1660,1151.73,319.5,39.38,100.78,0.9603,-1,-1,-1
850,1684,244.17,318.56,47.84,90.2,0.96,-1,-1,-1
850,1625,1348.41,300.42,47.45,72.64,0.9591,-1,-1,-1
850,1714,62.74,604.84,59.92,166.53,0.9556,-1,-1,-1
850,1692,909.99,418.01,74.24,105.43,0.9476,-1,-1,-1
850,1716,1.62,289.26,55.0,80.62,0.9386,-1,-1,-1
850,1713,1253.44,313.57,26.42,91.56,0.8146,-1,-1,-1
850,1717,1276.3,308.2,33.65,83.34,0.6395,-1,-1,-1
850,1589,1275.03,341.6,32.48,71.54,0.6376,-1,-1,-1
851,1645,1583.9,487.53,69.41,159.79,0.9749,-1,-1,-1
851,1242,577.58,514.96,87.35,141.73,0.9733,-1,-1,-1
851,1668,1654.61,490.89,73.12,149.66,0.9723,-1,-1,-1
851,1534,1055.94,394.36,40.12,113.61,0.9686,-1,-1,-1
851,1621,1352.48,398.62,77.3,100.23,0.9686,-1,-1,-1
851,1629,1784.5,355.98,55.5,126.78,0.9669,-1,-1,-1
851,1675,981.46,334.08,41.28,96.76,0.9665,-1,-1,-1
851,1711,257.54,392.09,47.52,118.43,0.966,-1,-1,-1
851,1625,1365.91,300.16,48.04,74.0,0.9603,-1,-1,-1
851,1714,93.24,601.31,59.83,162.11,0.9566,-1,-1,-1
851,1692,942.16,416.63,69.86,110.09,0.9553,-1,-1,-1
851,1660,1169.53,322.94,39.75,99.0,0.9507,-1,-1,-1
851,1716,14.77,287.96,67.85,81.93,0.9162,-1,-1,-1
851,1684,258.1,323.47,37.57,75.53,0.7989,-1,-1,-1
851,1717,1274.91,324.09,29.03,82.07,0.7567,-1,-1,-1
851,1713,1272.17,309.01,23.79,66.65,0.6927,-1,-1,-1
851,1589,1298.2,341.93,29.71,72.54,0.6649,-1,-1,-1
852,1242,600.61,514.39,88.66,134.91,0.9744,-1,-1,-1
852,1534,1071.75,394.81,45.68,115.95,0.9728,-1,-1,-1
852,1645,1593.42,490.57,75.02,155.21,0.9715,-1,-1,-1
852,1621,1375.99,401.84,78.06,98.49,0.97,-1,-1,-1
852,1711,290.74,396.13,47.77,113.93,0.9694,-1,-1,-1
852,1668,1662.69,495.91,80.22,142.17,0.9673,-1,-1,-1
852,1675,1000.13,333.03,41.44,98.14,0.9663,-1,-1,-1
852,1629,1804.87,357.81,54.53,125.78,0.9654,-1,-1,-1
852,1714,123.56,595.27,60.96,161.76,0.9606,-1,-1,-1
852,1625,1385.38,300.3,46.01,74.5,0.9598,-1,-1,-1
852,1716,33.97,287.89,69.2,84.21,0.9575,-1,-1,-1
852,1692,969.85,418.97,65.59,107.52,0.9567,-1,-1,-1
852,1660,1188.33,326.46,38.93,93.39,0.9538,-1,-1,-1
852,1684,268.72,328.1,45.88,77.45,0.9212,-1,-1,-1
852,1713,1290.24,309.99,23.66,64.3,0.7064,-1,-1,-1
852,1589,1297.63,326.77,29.93,79.71,0.6681,-1,-1,-1
853,1645,1600.27,495.16,75.22,151.22,0.9787,-1,-1,-1
853,1668,1665.11,495.34,85.93,142.17,0.9761,-1,-1,-1
853,1242,612.21,515.21,88.36,129.6,0.9727,-1,-1,-1
853,1711,306.46,398.97,48.64,110.32,0.9694,-1,-1,-1
853,1534,1080.83,396.23,46.41,115.65,0.9685,-1,-1,-1
853,1629,1815.64,358.4,53.66,125.21,0.9657,-1,-1,-1
853,1714,137.46,585.89,66.85,170.62,0.9656,-1,-1,-1
853,1675,1009.36,334.12,41.24,97.33,0.9641,-1,-1,-1
853,1692,984.27,421.28,62.91,105.5,0.9634,-1,-1,-1
853,1621,1387.37,403.15,77.63,97.5,0.9598,-1,-1,-1
853,1625,1395.54,300.79,44.53,74.48,0.9537,-1,-1,-1
853,1660,1198.03,327.51,39.04,92.7,0.9489,-1,-1,-1
853,1716,45.4,288.28,68.37,84.47,0.9489,-1,-1,-1
853,1684,274.47,319.54,64.1,89.32,0.9391,-1,-1,-1
853,1713,1301.51,311.55,20.94,56.75,0.8768,-1,-1,-1
853,1719,1331.04,313.82,28.7,65.18,0.8107,-1,-1,-1
853,1589,1309.3,328.57,29.82,78.47,0.7463,-1,-1,-1
854,1668,1673.42,495.7,97.11,141.41,0.9771,-1,-1,-1
854,1645,1614.33,495.87,74.57,150.57,0.9723,-1,-1,-1
854,1714,167.76,586.55,68.93,159.95,0.9716,-1,-1,-1
854,1242,637.53,513.8,87.72,128.19,0.9714,-1,-1,-1
854,1534,1098.39,398.4,50.41,119.51,0.9708,-1,-1,-1
854,1621,1411.33,407.17,74.09,94.23,0.9696,-1,-1,-1
854,1692,1010.17,422.19,60.94,105.22,0.9669,-1,-1,-1
854,1629,1835.54,360.21,54.27,125.14,0.966,-1,-1,-1
854,1711,338.31,396.15,51.65,111.92,0.9604,-1,-1,-1
854,1675,1025.32,337.27,43.54,96.58,0.9555,-1,-1,-1
854,1625,1414.86,301.63,42.5,74.85,0.955,-1,-1,-1
854,1684,290.33,319.78,65.79,92.05,0.9545,-1,-1,-1
854,1660,1217.99,325.67,38.93,95.07,0.9448,-1,-1,-1
854,1716,67.84,291.76,62.3,82.58,0.9221,-1,-1,-1
854,1589,1324.16,316.83,32.98,93.56,0.7427,-1,-1,-1
855,1242,659.68,513.23,90.26,127.86,0.9739,-1,-1,-1
855,1621,1432.13,410.34,75.64,91.93,0.9737,-1,-1,-1
855,1668,1687.3,496.59,93.65,141.73,0.9736,-1,-1,-1
855,1714,196.91,580.73,72.0,155.1,0.9718,-1,-1,-1
855,1684,307.88,319.47,73.18,94.35,0.9691,-1,-1,-1
855,1534,1115.92,402.71,47.68,116.54,0.9686,-1,-1,-1
855,1692,1036.7,421.75,57.46,105.53,0.9661,-1,-1,-1
855,1645,1628.51,496.35,74.17,150.84,0.9648,-1,-1,-1
855,1711,370.15,400.19,60.52,104.51,0.9601,-1,-1,-1
855,1629,1857.61,363.53,51.61,122.94,0.9586,-1,-1,-1
855,1675,1039.33,336.38,51.71,98.36,0.9564,-1,-1,-1
855,1625,1436.65,306.2,36.86,71.36,0.9413,-1,-1,-1
855,1660,1238.99,326.82,36.97,94.14,0.9385,-1,-1,-1
855,1716,91.9,295.55,51.64,78.59,0.9292,-1,-1,-1
855,1589,1348.36,323.68,30.91,85.42,0.7606,-1,-1,-1
855,1719,1342.22,315.24,20.96,59.75,0.691,-1,-1,-1
856,1242,668.27,512.99,92.47,128.67,0.9807,-1,-1,-1
856,1668,1696.69,496.36,87.84,140.32,0.9807,-1,-1,-1
856,1645,1635.1,494.91,71.26,151.68,0.9729,-1,-1,-1
856,1714,211.47,579.48,72.09,158.41,0.972,-1,-1,-1
856,1534,1123.19,403.94,48.2,115.36,0.9718,-1,-1,-1
856,1684,314.83,320.04,73.61,95.23,0.9716,-1,-1,-1
856,1621,1442.39,410.33,77.27,92.8,0.9686,-1,-1,-1
856,1629,1866.2,365.55,49.96,121.39,0.9642,-1,-1,-1
856,1711,383.44,400.09,66.78,103.76,0.959,-1,-1,-1
856,1692,1049.07,421.51,60.28,104.31,0.9573,-1,-1,-1
856,1660,1248.91,325.59,36.97,96.55,0.9466,-1,-1,-1
856,1625,1446.38,305.23,35.31,72.56,0.9301,-1,-1,-1
856,1716,104.96,299.12,42.16,75.99,0.9294,-1,-1,-1
856,1675,1053.62,340.43,49.83,93.96,0.9232,-1,-1,-1
856,1724,1381.78,314.63,34.72,98.99,0.8291,-1,-1,-1
856,1589,1360.48,327.01,26.75,80.44,0.8165,-1,-1,-1
856,1719,1352.25,314.35,21.82,60.41,0.8036,-1,-1,-1
857,1668,1711.53,498.32,73.32,133.21,0.9782,-1,-1,-1
857,1242,686.64,509.51,99.73,125.39,0.9739,-1,-1,-1
857,1534,1140.13,405.83,49.93,114.62,0.9734,-1,-1,-1
857,1714,241.43,579.32,70.73,156.45,0.9713,-1,-1,-1
857,1645,1650.66,492.24,62.38,151.92,0.9709,-1,-1,-1
857,1621,1460.11,410.57,79.23,91.96,0.962,-1,-1,-1
857,1711,411.65,401.15,74.26,100.64,0.9616,-1,-1,-1
857,1692,1072.52,422.26,72.98,104.63,0.9613,-1,-1,-1
857,1684,335.16,325.93,66.64,90.19,0.9538,-1,-1,-1
857,1660,1267.67,325.9,37.66,98.64,0.9276,-1,-1,-1
857,1716,124.79,300.38,49.14,76.81,0.9211,-1,-1,-1
857,1625,1465.92,308.22,31.22,69.83,0.9101,-1,-1,-1
857,1675,1065.39,338.94,53.25,93.09,0.8924,-1,-1,-1
857,1629,1886.51,368.8,33.18,121.63,0.8749,-1,-1,-1
857,1589,1372.19,317.13,23.54,59.31,0.8512,-1,-1,-1
857,1724,1381.74,329.54,26.56,78.6,0.6181,-1,-1,-1
858,1714,268.78,574.22,68.28,159.11,0.9756,-1,-1,-1
858,1621,1476.88,410.9,84.8,92.3,0.9723,-1,-1,-1
858,1242,704.15,507.66,102.17,124.67,0.9703,-1,-1,-1
858,1711,440.37,400.57,70.13,100.81,0.9668,-1,-1,-1
858,1645,1671.72,491.12,53.32,153.88,0.9627,-1,-1,-1
858,1534,1154.02,409.2,53.64,110.04,0.9596,-1,-1,-1
858,1692,1098.54,420.03,75.24,108.38,0.9524,-1,-1,-1
858,1660,1283.09,329.01,43.08,96.39,0.9472,-1,-1,-1
858,1716,143.27,300.35,58.74,75.23,0.9414,-1,-1,-1
858,1684,357.77,330.37,54.35,87.38,0.9397,-1,-1,-1
858,1675,1084.1,337.6,49.8,92.82,0.9247,-1,-1,-1
858,1668,1725.8,499.58,53.89,127.48,0.9236,-1,-1,-1
858,1625,1485.23,311.66,29.43,67.46,0.8992,-1,-1,-1
858,1589,1394.37,321.13,22.56,54.93,0.7807,-1,-1,-1
859,1534,1158.59,410.07,60.3,108.24,0.9708,-1,-1,-1
859,1668,1728.79,499.11,50.0,130.04,0.9701,-1,-1,-1
859,1714,281.25,571.06,69.89,159.83,0.9698,-1,-1,-1
859,1711,456.3,400.39,64.15,100.96,0.9665,-1,-1,-1
859,1621,1487.78,409.04,83.88,94.41,0.9649,-1,-1,-1
859,1242,710.9,502.99,105.59,124.69,0.9613,-1,-1,-1
859,1692,1109.57,421.85,76.11,107.48,0.9575,-1,-1,-1
859,1716,153.1,301.82,61.41,73.9,0.9574,-1,-1,-1
859,1660,1293.5,329.3,41.67,98.07,0.9524,-1,-1,-1
859,1684,364.74,332.9,53.18,83.49,0.9514,-1,-1,-1
859,1645,1680.12,489.47,51.58,156.15,0.9514,-1,-1,-1
859,1675,1093.78,339.37,50.24,86.34,0.9451,-1,-1,-1
859,1625,1494.19,311.87,30.02,67.64,0.9292,-1,-1,-1
859,1726,1433.32,320.33,37.11,99.2,0.9272,-1,-1,-1
859,1589,1404.81,320.72,25.09,59.32,0.7245,-1,-1,-1
859,1727,5.61,323.51,38.29,97.02,0.6317,-1,-1,-1
860,1621,1504.63,409.42,88.41,94.52,0.9799,-1,-1,-1
860,1714,307.95,566.8,71.71,155.76,0.9788,-1,-1,-1
860,1242,728.96,505.1,100.83,116.43,0.9717,-1,-1,-1
860,1711,487.82,398.94,52.24,104.16,0.966,-1,-1,-1
860,1675,1113.89,339.66,50.58,94.43,0.9615,-1,-1,-1
860,1534,1179.3,412.81,52.88,106.54,0.9612,-1,-1,-1
860,1660,1314.16,332.75,42.63,96.24,0.9553,-1,-1,-1
860,1684,376.17,330.6,47.81,84.49,0.9494,-1,-1,-1
860,1692,1132.7,421.92,75.08,109.6,0.9299,-1,-1,-1
860,1727,7.0,354.95,46.33,92.37,0.9247,-1,-1,-1
860,1668,1722.48,494.4,80.13,142.85,0.9211,-1,-1,-1
860,1625,1512.78,311.98,30.81,68.44,0.9099,-1,-1,-1
860,1716,168.72,299.41,61.24,75.75,0.8819,-1,-1,-1
860,1589,1426.4,323.26,23.71,57.83,0.7883,-1,-1,-1
860,1645,1698.4,487.73,64.18,160.97,0.4917,-1,-1,-1
861,1621,1522.14,410.34,88.88,94.25,0.979,-1,-1,-1
861,1242,743.97,503.49,95.99,119.16,0.9748,-1,-1,-1
861,1714,334.36,561.07,75.11,157.41,0.9713,-1,-1,-1
861,1645,1717.64,501.23,58.74,143.29,0.9643,-1,-1,-1
861,1711,511.75,397.67,66.89,102.99,0.9624,-1,-1,-1
861,1675,1134.13,338.21,48.99,97.63,0.9602,-1,-1,-1
861,1534,1196.9,415.9,50.03,114.63,0.9571,-1,-1,-1
861,1660,1335.86,336.43,41.79,93.58,0.9547,-1,-1,-1
861,1727,26.85,355.26,62.61,99.61,0.954,-1,-1,-1
861,1684,389.78,323.84,51.97,92.11,0.945,-1,-1,-1
861,1730,72.71,414.86,85.91,113.23,0.9276,-1,-1,-1
861,1668,1739.9,497.44,77.47,129.97,0.9185,-1,-1,-1
861,1716,190.25,298.94,51.99,78.64,0.8969,-1,-1,-1
861,1625,1531.57,311.85,30.96,68.5,0.8911,-1,-1,-1
861,1589,1446.97,327.65,22.75,52.79,0.8393,-1,-1,-1
861,1692,1158.07,422.41,75.87,109.75,0.7984,-1,-1,-1
862,1621,1531.27,410.36,86.64,94.51,0.9776,-1,-1,-1
862,1675,1144.16,337.77,46.48,100.97,0.9724,-1,-1,-1
862,1711,520.63,398.71,73.94,103.0,0.9713,-1,-1,-1
862,1242,752.69,501.67,90.73,118.22,0.9685,-1,-1,-1
862,1668,1733.58,492.66,95.64,146.88,0.9626,-1,-1,-1
862,1534,1203.24,418.98,50.02,109.34,0.9607,-1,-1,-1
862,1727,38.4,357.0,64.84,101.14,0.9602,-1,-1,-1
862,1660,1344.37,337.47,43.4,92.9,0.9551,-1,-1,-1
862,1732,72.07,328.5,40.67,93.03,0.953,-1,-1,-1
862,1684,398.52,328.52,59.41,87.67,0.9494,-1,-1,-1
862,1714,351.16,562.25,68.04,143.97,0.9429,-1,-1,-1
862,1730,94.77,411.02,96.53,117.5,0.9266,-1,-1,-1
862,1716,199.77,300.72,48.4,76.78,0.9226,-1,-1,-1
862,1625,1538.47,314.62,33.57,66.39,0.9113,-1,-1,-1
862,1733,1490.49,327.72,34.98,93.86,0.8951,-1,-1,-1
862,1692,1170.11,429.27,72.15,105.66,0.8745,-1,-1,-1
862,1589,1457.99,329.58,23.3,53.69,0.7692,-1,-1,-1
863,1242,768.27,499.54,85.0,120.14,0.9767,-1,-1,-1
863,1711,545.55,399.42,76.28,102.6,0.9752,-1,-1,-1
863,1621,1546.8,410.55,82.79,94.61,0.9739,-1,-1,-1
863,1714,375.62,558.66,75.58,138.29,0.9726,-1,-1,-1
863,1684,415.65,327.13,63.44,89.81,0.9658,-1,-1,-1
863,1727,61.45,359.7,67.89,102.54,0.9652,-1,-1,-1
863,1668,1743.76,492.55,96.23,160.21,0.9648,-1,-1,-1
863,1675,1163.6,340.14,44.65,102.64,0.9611,-1,-1,-1
863,1660,1363.2,338.48,44.98,90.55,0.9611,-1,-1,-1
863,1716,215.66,301.17,48.18,76.63,0.9406,-1,-1,-1
863,1625,1553.0,313.04,39.96,67.9,0.9341,-1,-1,-1
863,1534,1219.7,423.11,55.04,113.3,0.9269,-1,-1,-1
863,1730,155.83,411.99,77.23,114.08,0.9052,-1,-1,-1
863,1589,1480.0,331.62,23.27,53.75,0.7636,-1,-1,-1
863,1692,1195.16,430.94,62.31,102.08,0.288,-1,-1,-1
864,1242,782.26,498.47,90.73,118.85,0.9824,-1,-1,-1
864,1714,402.32,557.21,76.03,138.03,0.978,-1,-1,-1
864,1668,1749.26,492.93,97.42,160.89,0.9775,-1,-1,-1
864,1711,569.48,400.95,78.48,100.5,0.9675,-1,-1,-1
864,1727,86.71,360.64,65.94,102.94,0.9669,-1,-1,-1
864,1684,428.85,330.55,68.37,85.25,0.9654,-1,-1,-1
864,1660,1382.75,338.77,42.43,91.63,0.9588,-1,-1,-1
864,1621,1558.45,412.5,78.86,91.72,0.9554,-1,-1,-1
864,1625,1571.42,311.16,44.01,71.07,0.953,-1,-1,-1
864,1675,1183.23,343.41,41.36,101.31,0.9528,-1,-1,-1
864,1534,1234.4,430.05,61.41,107.75,0.9409,-1,-1,-1
864,1716,231.76,297.54,50.58,80.1,0.9323,-1,-1,-1
864,1730,202.37,408.04,70.04,116.91,0.9071,-1,-1,-1
864,1733,1502.66,333.07,31.44,66.32,0.5859,-1,-1,-1
865,1242,788.75,497.97,92.88,121.95,0.9797,-1,-1,-1
865,1714,413.43,556.78,79.47,138.64,0.9737,-1,-1,-1
865,1711,579.51,401.47,80.96,100.81,0.9716,-1,-1,-1
865,1727,99.7,360.59,65.09,102.61,0.9698,-1,-1,-1
865,1684,433.61,330.5,72.99,86.76,0.967,-1,-1,-1
865,1668,1761.23,496.49,86.34,158.2,0.9642,-1,-1,-1
865,1660,1392.62,337.7,41.72,93.18,0.9601,-1,-1,-1
865,1625,1580.78,308.56,44.65,74.13,0.9564,-1,-1,-1
865,1692,1239.92,429.63,68.5,107.11,0.9562,-1,-1,-1
865,1730,219.76,408.15,72.79,116.36,0.9483,-1,-1,-1
865,1675,1195.2,347.79,38.16,96.53,0.9432,-1,-1,-1
865,1737,138.73,327.2,39.72,87.04,0.941,-1,-1,-1
865,1716,245.23,301.21,49.56,76.79,0.9328,-1,-1,-1
865,1621,1576.51,415.63,64.1,88.83,0.9271,-1,-1,-1
865,1738,1543.68,328.63,35.17,93.47,0.8998,-1,-1,-1
865,1733,1512.85,334.91,32.72,69.91,0.6103,-1,-1,-1
866,1242,802.83,493.69,96.16,122.42,0.9781,-1,-1,-1
866,1714,436.57,555.33,81.25,137.36,0.9723,-1,-1,-1
866,1711,599.4,401.49,83.91,99.22,0.9701,-1,-1,-1
866,1727,124.45,361.64,57.53,101.52,0.9666,-1,-1,-1
866,1684,448.5,331.24,69.22,87.72,0.9652,-1,-1,-1
866,1660,1411.8,336.77,42.02,95.55,0.9648,-1,-1,-1
866,1712,163.07,327.55,40.01,90.24,0.9586,-1,-1,-1
866,1668,1782.54,504.12,63.13,153.47,0.9585,-1,-1,-1
866,1625,1600.47,310.77,47.55,73.4,0.9575,-1,-1,-1
866,1716,264.39,300.06,53.18,78.93,0.953,-1,-1,-1
866,1692,1248.51,430.48,79.19,107.02,0.9445,-1,-1,-1
866,1621,1583.76,414.03,75.43,90.52,0.9384,-1,-1,-1
866,1730,255.96,407.05,74.92,115.03,0.9354,-1,-1,-1
866,1675,1213.39,346.04,35.75,97.92,0.9284,-1,-1,-1
866,1645,1761.6,496.15,39.85,141.09,0.8365,-1,-1,-1
866,1738,1530.99,335.04,35.07,76.69,0.5752,-1,-1,-1
867,1242,812.28,490.88,98.27,124.64,0.9821,-1,-1,-1
867,1714,457.39,551.1,82.26,138.88,0.9724,-1,-1,-1
867,1711,621.97,401.15,84.66,98.23,0.97,-1,-1,-1
867,1730,297.13,406.91,79.37,106.86,0.966,-1,-1,-1
867,1727,149.76,367.63,50.66,94.2,0.9653,-1,-1,-1
867,1660,1430.28,337.54,41.73,98.3,0.9638,-1,-1,-1
867,1716,278.51,301.62,57.24,77.1,0.9634,-1,-1,-1
867,1684,469.5,334.51,55.32,87.73,0.9633,-1,-1,-1
867,1668,1794.69,504.54,62.5,154.7,0.9621,-1,-1,-1
867,1712,187.17,328.71,41.39,93.82,0.9619,-1,-1,-1
867,1625,1619.76,314.42,46.99,70.89,0.9563,-1,-1,-1
867,1692,1258.91,431.73,86.95,107.18,0.9554,-1,-1,-1
867,1621,1601.46,414.78,76.98,92.6,0.9551,-1,-1,-1
867,1675,1229.62,350.09,35.81,90.47,0.8964,-1,-1,-1
867,1645,1758.52,493.24,79.78,155.79,0.8674,-1,-1,-1
868,1242,819.06,490.29,96.62,117.51,0.9807,-1,-1,-1
868,1714,466.14,548.19,83.96,143.3,0.9777,-1,-1,-1
868,1711,633.65,401.73,82.56,99.53,0.9739,-1,-1,-1
868,1668,1797.87,508.1,69.2,153.79,0.9726,-1,-1,-1
868,1730,316.88,408.15,76.33,104.72,0.9649,-1,-1,-1
868,1660,1438.7,338.18,42.19,97.81,0.9648,-1,-1,-1
868,1684,476.33,333.85,51.41,88.1,0.9648,-1,-1,-1
868,1621,1610.37,413.53,75.55,94.24,0.9579,-1,-1,-1
868,1712,199.55,329.26,40.23,96.23,0.9562,-1,-1,-1
868,1625,1629.99,315.89,46.15,69.38,0.9549,-1,-1,-1
868,1716,283.86,301.42,58.75,76.67,0.9502,-1,-1,-1
868,1727,160.91,368.37,46.0,89.91,0.9411,-1,-1,-1
868,1645,1758.26,498.13,59.09,97.04,0.9231,-1,-1,-1
868,1675,1235.24,347.57,37.26,93.98,0.92,-1,-1,-1
868,1692,1264.22,431.5,88.99,108.99,0.9158,-1,-1,-1
868,1741,1595.64,328.53,35.18,97.96,0.8559,-1,-1,-1
868,1589,1559.75,340.32,34.21,68.29,0.6883,-1,-1,-1
869,1242,831.31,488.57,89.88,113.25,0.981,-1,-1,-1
869,1714,480.35,543.6,89.9,143.34,0.9753,-1,-1,-1
869,1711,656.69,401.44,80.75,99.12,0.9735,-1,-1,-1
869,1668,1812.68,511.55,71.33,152.57,0.971,-1,-1,-1
869,1660,1457.23,339.16,42.98,98.06,0.9675,-1,-1,-1
869,1625,1651.7,317.04,42.24,68.13,0.9624,-1,-1,-1
869,1621,1626.61,415.39,73.48,95.54,0.9616,-1,-1,-1
869,1675,1249.1,352.19,43.52,91.02,0.95,-1,-1,-1
869,1645,1757.8,499.05,63.21,91.09,0.9445,-1,-1,-1
869,1684,489.54,334.66,39.0,84.81,0.9398,-1,-1,-1
869,1692,1281.17,433.58,84.37,107.79,0.9244,-1,-1,-1
869,1716,302.6,302.1,51.52,77.67,0.9219,-1,-1,-1
869,1730,371.65,409.88,50.45,105.39,0.8626,-1,-1,-1
869,1727,182.86,371.21,51.25,92.63,0.8145,-1,-1,-1
869,1589,1578.01,343.89,34.21,68.37,0.7224,-1,-1,-1
870,1714,498.38,540.05,83.52,137.64,0.9727,-1,-1,-1
870,1711,679.44,401.86,80.54,99.31,0.9724,-1,-1,-1
870,1727,198.14,368.74,67.35,94.68,0.9721,-1,-1,-1
870,1668,1834.37,513.01,66.52,149.8,0.968,-1,-1,-1
870,1684,497.58,338.18,50.74,83.05,0.9657,-1,-1,-1
870,1242,846.22,486.3,78.08,117.32,0.9656,-1,-1,-1
870,1660,1476.15,341.59,41.7,97.78,0.9624,-1,-1,-1
870,1621,1641.06,414.21,72.31,97.54,0.9602,-1,-1,-1
870,1625,1668.98,319.29,40.81,66.62,0.959,-1,-1,-1
870,1675,1261.48,350.47,54.34,99.6,0.9504,-1,-1,-1
870,1730,422.35,416.77,43.33,101.15,0.9429,-1,-1,-1
870,1645,1760.17,498.3,64.11,110.05,0.9367,-1,-1,-1
870,1716,321.45,304.64,42.0,77.18,0.9337,-1,-1,-1
870,1534,1284.76,437.07,52.46,106.64,0.8925,-1,-1,-1
870,1692,1308.17,438.31,71.12,103.78,0.8908,-1,-1,-1
870,1589,1598.47,344.25,37.14,68.74,0.8328,-1,-1,-1
871,1668,1844.57,513.03,62.04,151.12,0.975,-1,-1,-1
871,1714,508.61,539.44,79.83,130.6,0.9733,-1,-1,-1
871,1621,1648.63,415.34,69.71,96.54,0.9653,-1,-1,-1
871,1711,690.39,402.14,78.62,99.09,0.9652,-1,-1,-1
871,1684,505.1,338.47,53.27,82.96,0.9639,-1,-1,-1
871,1727,208.63,370.36,68.18,93.46,0.9635,-1,-1,-1
871,1660,1484.52,343.12,42.62,96.92,0.9624,-1,-1,-1
871,1242,852.19,485.74,68.57,117.19,0.9588,-1,-1,-1
871,1534,1290.2,439.66,47.8,103.22,0.9537,-1,-1,-1
871,1625,1678.4,315.76,38.46,70.51,0.9517,-1,-1,-1
871,1746,257.53,336.24,40.53,86.94,0.9381,-1,-1,-1
871,1675,1270.7,351.05,51.94,97.16,0.9369,-1,-1,-1
871,1692,1317.77,439.04,69.28,102.99,0.9342,-1,-1,-1
871,1716,330.21,306.95,35.88,74.45,0.9062,-1,-1,-1
871,1645,1768.03,497.59,86.24,114.29,0.8946,-1,-1,-1
871,1730,443.51,416.55,44.45,105.11,0.8634,-1,-1,-1
871,1747,1647.31,331.56,31.51,93.68,0.8247,-1,-1,-1
871,1589,1609.03,344.75,38.68,67.5,0.8058,-1,-1,-1
872,1668,1859.09,511.75,56.89,151.5,0.9767,-1,-1,-1
872,1242,864.03,485.47,65.22,116.31,0.9749,-1,-1,-1
872,1711,712.51,402.5,73.09,98.55,0.9737,-1,-1,-1
872,1714,530.88,537.77,70.29,130.78,0.9684,-1,-1,-1
872,1684,515.05,335.99,61.9,84.89,0.9663,-1,-1,-1
872,1675,1285.69,352.39,55.0,94.63,0.9648,-1,-1,-1
872,1727,225.57,370.0,71.56,95.11,0.9647,-1,-1,-1
872,1621,1656.22,414.74,64.98,96.93,0.9631,-1,-1,-1
872,1660,1502.05,343.77,42.84,97.59,0.9615,-1,-1,-1
872,1692,1343.25,451.62,61.36,94.48,0.9582,-1,-1,-1
872,1645,1769.39,498.61,95.9,117.98,0.9577,-1,-1,-1
872,1746,279.76,336.36,41.68,87.85,0.9539,-1,-1,-1
872,1534,1295.96,438.12,60.12,105.37,0.9426,-1,-1,-1
872,1716,345.07,307.17,37.59,73.58,0.9426,-1,-1,-1
872,1625,1697.86,314.16,33.15,73.53,0.9201,-1,-1,-1
872,1730,471.1,414.14,64.12,99.66,0.688,-1,-1,-1
872,1589,1634.8,340.93,39.36,71.36,0.5936,-1,-1,-1
873,1645,1777.6,500.96,96.75,122.93,0.973,-1,-1,-1
873,1714,551.32,538.1,67.72,130.74,0.9723,-1,-1,-1
873,1684,526.06,337.23,67.45,84.12,0.9694,-1,-1,-1
873,1660,1518.57,345.81,43.63,95.64,0.9676,-1,-1,-1
873,1711,735.7,400.42,67.85,102.04,0.9673,-1,-1,-1
873,1727,242.12,371.55,71.37,94.83,0.9665,-1,-1,-1
873,1534,1304.73,437.18,66.65,104.14,0.9664,-1,-1,-1
873,1621,1667.06,415.58,67.45,96.97,0.9647,-1,-1,-1
873,1746,301.73,337.07,41.64,89.29,0.9633,-1,-1,-1
873,1675,1300.22,355.2,55.27,80.7,0.9616,-1,-1,-1
873,1716,359.07,307.73,46.47,73.47,0.9607,-1,-1,-1
873,1242,874.77,483.82,76.18,117.2,0.9551,-1,-1,-1
873,1692,1352.81,448.22,69.82,98.2,0.9516,-1,-1,-1
873,1730,510.69,422.42,76.45,91.69,0.9389,-1,-1,-1
873,1625,1713.8,311.18,30.31,77.17,0.8937,-1,-1,-1
873,1668,1871.95,511.38,46.38,153.48,0.886,-1,-1,-1
873,1589,1647.39,352.72,40.62,53.08,0.7896,-1,-1,-1
874,1242,877.53,481.72,82.53,118.65,0.9735,-1,-1,-1
874,1645,1783.59,497.72,98.86,125.99,0.9733,-1,-1,-1
874,1714,559.36,536.45,70.16,131.74,0.9728,-1,-1,-1
874,1675,1306.99,353.62,56.51,88.1,0.9658,-1,-1,-1
874,1716,365.15,308.39,50.64,72.86,0.964,-1,-1,-1
874,1621,1674.58,416.4,67.69,94.13,0.9636,-1,-1,-1
874,1660,1528.87,346.36,41.38,95.15,0.9625,-1,-1,-1
874,1746,312.16,338.13,41.82,89.33,0.9624,-1,-1,-1
874,1711,747.73,400.23,65.76,102.66,0.9618,-1,-1,-1
874,1684,527.94,337.19,69.69,85.94,0.9576,-1,-1,-1
874,1668,1879.93,512.8,39.91,150.4,0.9548,-1,-1,-1
874,1534,1305.88,435.94,72.68,103.75,0.9546,-1,-1,-1
874,1692,1359.06,448.7,72.7,98.34,0.9522,-1,-1,-1
874,1730,526.6,419.58,75.35,96.88,0.9272,-1,-1,-1
874,1625,1723.28,311.44,29.55,76.57,0.9211,-1,-1,-1
874,1727,253.5,374.5,66.63,92.32,0.8927,-1,-1,-1
874,1750,1697.67,336.31,33.53,94.71,0.734,-1,-1,-1
874,1589,1656.65,348.68,42.48,57.8,0.6801,-1,-1,-1
875,1645,1797.19,498.6,82.04,125.78,0.9779,-1,-1,-1
875,1242,885.79,476.47,88.03,121.57,0.9769,-1,-1,-1
875,1621,1685.96,418.11,74.17,95.78,0.9769,-1,-1,-1
875,1711,769.46,400.2,70.09,105.7,0.9661,-1,-1,-1
875,1714,574.61,534.47,75.41,131.08,0.9647,-1,-1,-1
875,1716,375.51,308.37,56.96,74.69,0.9613,-1,-1,-1
875,1660,1547.42,346.82,38.54,94.41,0.9594,-1,-1,-1
875,1746,332.78,342.53,43.14,86.37,0.9564,-1,-1,-1
875,1730,575.99,414.53,49.0,100.39,0.9532,-1,-1,-1
875,1692,1372.92,447.18,76.63,102.98,0.9531,-1,-1,-1
875,1675,1320.03,357.2,54.79,86.45,0.9488,-1,-1,-1
875,1534,1310.58,434.69,85.7,107.64,0.9457,-1,-1,-1
875,1684,542.93,341.65,61.88,84.57,0.9292,-1,-1,-1
875,1727,265.59,378.23,65.26,91.26,0.9203,-1,-1,-1
875,1625,1741.16,312.79,27.98,75.49,0.8972,-1,-1,-1
875,1589,1678.57,349.4,40.45,56.4,0.7771,-1,-1,-1
875,1750,1694.23,341.26,43.95,75.06,0.3981,-1,-1,-1
876,1242,888.76,476.68,92.18,118.41,0.98,-1,-1,-1
876,1714,588.63,530.46,81.85,134.27,0.978,-1,-1,-1
876,1645,1798.39,499.94,70.56,125.4,0.9707,-1,-1,-1
876,1621,1694.23,420.62,80.86,94.41,0.9668,-1,-1,-1
876,1727,272.12,376.47,67.91,90.9,0.9661,-1,-1,-1
876,1730,611.42,411.9,44.75,100.45,0.9642,-1,-1,-1
876,1711,788.01,401.45,73.27,106.55,0.9624,-1,-1,-1
876,1716,389.59,310.18,52.72,73.2,0.9605,-1,-1,-1
876,1675,1327.48,358.22,53.98,88.66,0.9584,-1,-1,-1
876,1746,353.44,343.84,41.48,85.48,0.9548,-1,-1,-1
876,1684,555.74,342.4,52.61,85.0,0.952,-1,-1,-1
876,1692,1382.17,447.52,83.19,105.1,0.9518,-1,-1,-1
876,1534,1316.63,435.23,78.94,106.21,0.9397,-1,-1,-1
876,1660,1564.73,347.57,36.98,97.26,0.9174,-1,-1,-1
876,1625,1758.26,314.46,29.4,75.65,0.9089,-1,-1,-1
876,1589,1697.06,355.52,38.4,54.13,0.7157,-1,-1,-1
876,1738,1500.29,302.75,33.64,70.81,0.6653,-1,-1,-1
877,1242,891.48,475.36,91.25,117.73,0.9805,-1,-1,-1
877,1714,592.88,528.31,86.66,133.79,0.9776,-1,-1,-1
877,1645,1798.05,500.2,65.16,124.56,0.9734,-1,-1,-1
877,1692,1383.1,446.24,85.98,108.22,0.9711,-1,-1,-1
877,1621,1698.84,419.51,82.89,94.41,0.9687,-1,-1,-1
877,1534,1316.65,433.45,85.97,110.33,0.9648,-1,-1,-1
877,1730,627.0,412.04,47.59,97.9,0.9634,-1,-1,-1
877,1684,561.57,342.4,48.12,84.83,0.9622,-1,-1,-1
877,1711,800.56,402.7,69.51,106.71,0.9593,-1,-1,-1
877,1660,1572.51,346.76,38.18,97.94,0.959,-1,-1,-1
877,1727,280.06,377.84,69.93,89.67,0.9588,-1,-1,-1
877,1675,1334.48,358.15,49.91,88.28,0.956,-1,-1,-1
877,1746,364.46,345.35,38.06,84.29,0.9514,-1,-1,-1
877,1716,393.83,310.52,52.2,72.38,0.9398,-1,-1,-1
877,1625,1765.99,316.03,29.32,75.58,0.8956,-1,-1,-1
877,1752,1747.11,340.95,34.8,90.98,0.8918,-1,-1,-1
877,1589,1707.44,355.74,39.58,55.41,0.7574,-1,-1,-1
877,1738,1510.7,306.48,29.63,66.83,0.6914,-1,-1,-1
878,1242,901.33,473.61,79.48,120.0,0.975,-1,-1,-1
878,1645,1801.21,497.77,73.54,126.84,0.9743,-1,-1,-1
878,1692,1394.26,446.51,79.74,113.29,0.9707,-1,-1,-1
878,1621,1709.32,423.28,78.58,95.5,0.9694,-1,-1,-1
878,1534,1324.41,434.76,78.8,112.41,0.9669,-1,-1,-1
878,1675,1345.04,358.25,47.33,90.31,0.9654,-1,-1,-1
878,1711,825.63,406.9,61.92,102.77,0.9651,-1,-1,-1
878,1727,295.8,378.62,73.11,87.31,0.964,-1,-1,-1
878,1730,656.37,414.37,52.71,96.38,0.9612,-1,-1,-1
878,1684,564.46,344.43,45.52,80.92,0.9583,-1,-1,-1
878,1714,606.15,534.24,80.24,117.87,0.9563,-1,-1,-1
878,1660,1588.43,348.25,38.75,97.87,0.9385,-1,-1,-1
878,1746,384.53,347.27,36.81,82.09,0.934,-1,-1,-1
878,1625,1783.98,315.27,29.61,76.45,0.9094,-1,-1,-1
878,1752,1766.09,342.64,32.46,95.79,0.8455,-1,-1,-1
878,1589,1725.04,355.45,40.82,55.17,0.8328,-1,-1,-1
878,1716,405.97,312.07,33.26,70.76,0.616,-1,-1,-1
879,1645,1805.36,496.04,82.43,126.79,0.9759,-1,-1,-1
879,1242,906.75,473.24,72.12,120.55,0.9758,-1,-1,-1
879,1711,844.41,409.53,57.11,99.08,0.9713,-1,-1,-1
879,1692,1403.79,447.55,72.73,113.46,0.9706,-1,-1,-1
879,1730,686.77,415.23,57.87,95.91,0.9676,-1,-1,-1
879,1675,1356.16,355.08,47.25,93.75,0.9652,-1,-1,-1
879,1714,617.97,525.55,75.69,120.02,0.9624,-1,-1,-1
879,1727,306.98,379.0,78.04,91.04,0.9623,-1,-1,-1
879,1660,1603.24,349.14,42.12,97.76,0.9601,-1,-1,-1
879,1621,1719.24,423.6,72.57,94.66,0.9327,-1,-1,-1
879,1534,1333.43,437.23,69.91,113.31,0.9308,-1,-1,-1
879,1746,402.35,349.69,39.99,79.3,0.9298,-1,-1,-1
879,1684,584.63,356.46,42.19,68.94,0.9188,-1,-1,-1
879,1625,1799.94,316.4,31.51,75.07,0.9116,-1,-1,-1
879,1716,416.55,311.92,37.24,70.6,0.8678,-1,-1,-1
879,1752,1783.82,348.49,33.81,90.18,0.7601,-1,-1,-1
879,1589,1745.43,354.68,42.29,59.7,0.7454,-1,-1,-1
880,1645,1807.87,495.9,84.17,127.9,0.9773,-1,-1,-1
880,1242,907.27,472.97,67.44,121.13,0.9727,-1,-1,-1
880,1621,1723.62,424.8,68.59,95.39,0.9708,-1,-1,-1
880,1675,1363.34,355.6,50.92,94.33,0.9698,-1,-1,-1
880,1727,314.66,379.76,77.53,91.56,0.9692,-1,-1,-1
880,1692,1407.02,449.29,67.74,110.66,0.9682,-1,-1,-1
880,1714,623.17,524.62,74.24,120.53,0.9681,-1,-1,-1
880,1711,848.58,410.75,60.33,97.76,0.9604,-1,-1,-1
880,1684,577.04,342.54,56.4,83.42,0.9591,-1,-1,-1
880,1660,1611.1,350.59,42.39,97.63,0.9585,-1,-1,-1
880,1730,701.43,415.62,64.35,93.05,0.9568,-1,-1,-1
880,1534,1336.68,439.55,66.03,108.4,0.948,-1,-1,-1
880,1746,410.6,350.15,39.41,78.39,0.9434,-1,-1,-1
880,1716,422.41,311.45,41.22,70.57,0.9155,-1,-1,-1
880,1625,1807.33,318.56,32.4,73.91,0.8691,-1,-1,-1
880,1589,1756.5,347.55,42.82,69.72,0.8257,-1,-1,-1
880,1752,1793.88,346.94,34.38,92.33,0.8008,-1,-1,-1
880,1755,1542.6,304.95,32.35,70.07,0.6528,-1,-1,-1
880,1757,1374.57,443.62,71.65,111.85,0.339,-1,-1,-1
881,1645,1808.54,496.97,96.08,127.01,0.9812,-1,-1,-1
881,1692,1408.58,449.54,79.87,109.81,0.9782,-1,-1,-1
881,1242,911.95,472.42,60.66,122.19,0.9747,-1,-1,-1
881,1714,633.12,524.56,68.9,120.25,0.9737,-1,-1,-1
881,1711,849.81,410.06,74.69,98.83,0.9736,-1,-1,-1
881,1727,325.71,380.39,77.03,94.07,0.9735,-1,-1,-1
881,1675,1375.81,353.62,54.33,99.32,0.9707,-1,-1,-1
881,1534,1338.47,438.55,55.81,109.88,0.9696,-1,-1,-1
881,1621,1734.23,425.24,58.6,93.96,0.9677,-1,-1,-1
881,1730,727.36,416.02,79.86,93.79,0.9676,-1,-1,-1
881,1660,1624.55,353.29,45.88,96.33,0.9657,-1,-1,-1
881,1684,582.19,341.58,60.62,83.43,0.9639,-1,-1,-1
881,1746,425.73,350.58,44.98,79.27,0.9073,-1,-1,-1
881,1716,430.79,312.16,48.48,73.22,0.8491,-1,-1,-1
881,1589,1775.43,354.66,39.55,61.11,0.8098,-1,-1,-1
881,1625,1820.57,318.14,36.84,79.34,0.8062,-1,-1,-1
881,1752,1813.32,352.02,35.32,87.83,0.787,-1,-1,-1
882,1692,1413.39,450.45,93.55,111.6,0.9828,-1,-1,-1
882,1645,1801.39,498.77,109.52,126.89,0.9761,-1,-1,-1
882,1242,916.1,467.72,70.28,127.47,0.9751,-1,-1,-1
882,1534,1338.97,435.94,71.77,113.99,0.9743,-1,-1,-1
882,1714,642.76,523.82,74.58,118.29,0.9739,-1,-1,-1
882,1684,587.16,342.96,68.02,84.34,0.9714,-1,-1,-1
882,1730,752.56,417.43,81.46,88.18,0.9705,-1,-1,-1
882,1621,1745.44,424.94,66.08,96.97,0.9699,-1,-1,-1
882,1711,861.67,409.96,81.03,100.7,0.9694,-1,-1,-1
882,1660,1636.48,354.6,49.58,94.99,0.9687,-1,-1,-1
882,1727,339.05,382.47,68.09,93.11,0.9669,-1,-1,-1
882,1675,1389.18,354.98,55.65,98.69,0.9666,-1,-1,-1
882,1746,438.79,351.73,49.16,80.48,0.9456,-1,-1,-1
882,1758,1568.99,308.82,39.65,66.98,0.9205,-1,-1,-1
882,1716,439.76,311.84,50.97,70.6,0.8941,-1,-1,-1
882,1625,1834.61,321.77,39.89,85.23,0.7947,-1,-1,-1
882,1589,1796.19,353.19,41.54,66.7,0.6567,-1,-1,-1
882,1752,1832.08,348.46,40.07,92.77,0.609,-1,-1,-1
883,1692,1422.76,452.99,91.15,108.4,0.9785,-1,-1,-1
883,1242,920.75,467.31,71.43,128.46,0.9765,-1,-1,-1
883,1727,345.31,383.23,61.31,92.26,0.9707,-1,-1,-1
883,1675,1394.72,355.89,56.85,99.1,0.9702,-1,-1,-1
883,1534,1340.37,435.14,77.46,113.57,0.9701,-1,-1,-1
883,1684,588.6,343.32,67.22,85.2,0.9699,-1,-1,-1
883,1645,1801.65,500.09,111.09,126.64,0.9696,-1,-1,-1
883,1621,1750.26,424.53,69.52,98.65,0.9689,-1,-1,-1
883,1714,645.43,520.62,80.19,124.12,0.9682,-1,-1,-1
883,1660,1644.62,354.48,49.84,95.58,0.9672,-1,-1,-1
883,1730,766.82,419.25,89.09,88.42,0.9584,-1,-1,-1
883,1746,445.69,347.37,49.26,84.54,0.9481,-1,-1,-1
883,1752,1844.42,351.56,41.85,87.28,0.9049,-1,-1,-1
883,1711,868.43,407.86,72.93,103.83,0.9007,-1,-1,-1
883,1758,1574.28,308.68,43.43,67.55,0.9002,-1,-1,-1
883,1589,1807.33,348.58,42.88,73.83,0.6203,-1,-1,-1
883,1625,1842.28,318.65,42.85,87.61,0.6172,-1,-1,-1
883,1716,444.06,310.02,49.55,70.97,0.3462,-1,-1,-1
884,1534,1341.67,433.61,87.96,114.61,0.9822,-1,-1,-1
884,1242,922.12,461.07,77.15,133.43,0.9783,-1,-1,-1
884,1621,1760.81,424.36,73.13,100.76,0.9749,-1,-1,-1
884,1645,1815.0,499.59,96.78,131.02,0.9748,-1,-1,-1
884,1692,1427.97,452.82,98.69,108.88,0.9728,-1,-1,-1
884,1714,650.74,516.07,83.44,125.57,0.9711,-1,-1,-1
884,1660,1660.98,355.1,47.03,96.32,0.9709,-1,-1,-1
884,1675,1408.7,356.09,53.02,100.3,0.969,-1,-1,-1
884,1727,355.0,384.95,52.58,91.21,0.9672,-1,-1,-1
884,1684,595.15,344.73,65.77,85.73,0.9668,-1,-1,-1
884,1746,456.08,350.75,52.79,83.34,0.9622,-1,-1,-1
884,1730,796.15,419.69,83.67,93.02,0.9509,-1,-1,-1
884,1711,894.55,408.1,63.83,89.16,0.9456,-1,-1,-1
884,1752,1865.64,356.94,39.66,82.59,0.9363,-1,-1,-1
884,1758,1583.93,309.39,49.49,67.34,0.8845,-1,-1,-1
884,1625,1858.89,321.27,37.92,93.87,0.628,-1,-1,-1
884,1716,455.74,310.44,31.97,59.3,0.5308,-1,-1,-1
884,1589,1822.99,355.84,41.19,65.73,0.5034,-1,-1,-1
885,1692,1437.05,452.87,94.99,112.81,0.9828,-1,-1,-1
885,1714,655.34,513.43,86.34,121.14,0.9788,-1,-1,-1
885,1534,1345.56,435.11,87.98,112.76,0.9758,-1,-1,-1
885,1242,926.22,468.26,76.86,115.71,0.9749,-1,-1,-1
885,1645,1833.17,499.83,69.75,132.07,0.9739,-1,-1,-1
885,1684,611.11,346.76,49.75,85.32,0.9691,-1,-1,-1
885,1660,1678.17,354.24,44.79,98.22,0.9668,-1,-1,-1
885,1727,363.97,385.22,59.46,88.56,0.9659,-1,-1,-1
885,1746,467.1,349.78,53.54,88.19,0.9654,-1,-1,-1
885,1621,1770.15,424.76,78.28,103.74,0.9644,-1,-1,-1
885,1711,917.01,406.04,59.68,104.8,0.9597,-1,-1,-1
885,1675,1427.75,360.07,42.57,93.31,0.9526,-1,-1,-1
885,1730,826.56,423.69,81.7,90.07,0.9463,-1,-1,-1
885,1758,1598.08,310.11,48.43,67.47,0.7492,-1,-1,-1
885,1589,1844.1,347.33,46.29,81.53,0.6762,-1,-1,-1
885,1752,1879.68,343.55,34.5,98.9,0.536,-1,-1,-1
886,1692,1439.98,451.13,93.38,116.34,0.9804,-1,-1,-1
886,1714,659.53,512.14,83.46,119.16,0.9781,-1,-1,-1
886,1534,1342.08,434.65,92.28,114.84,0.9759,-1,-1,-1
886,1645,1832.92,498.42,65.64,133.22,0.9752,-1,-1,-1
886,1242,925.05,464.29,77.31,116.96,0.9731,-1,-1,-1
886,1660,1685.13,353.56,44.4,99.86,0.9689,-1,-1,-1
886,1727,367.08,385.0,64.71,90.89,0.9687,-1,-1,-1
886,1684,615.08,346.42,44.03,85.28,0.9657,-1,-1,-1
886,1675,1433.49,362.27,38.71,88.35,0.9607,-1,-1,-1
886,1621,1775.24,425.28,70.63,103.53,0.9593,-1,-1,-1
886,1746,472.49,354.17,55.34,84.08,0.9578,-1,-1,-1
886,1711,926.53,403.98,58.2,113.51,0.9556,-1,-1,-1
886,1730,841.12,425.03,74.7,89.98,0.9521,-1,-1,-1
886,1758,1604.93,310.5,47.52,68.37,0.6528,-1,-1,-1
886,1716,468.1,311.13,32.91,75.45,0.4715,-1,-1,-1
886,1589,1856.61,342.87,53.76,91.24,0.3223,-1,-1,-1
887,1711,944.39,403.74,49.06,110.0,0.978,-1,-1,-1
887,1714,669.26,511.35,69.05,118.91,0.977,-1,-1,-1
887,1645,1830.49,497.59,53.49,135.16,0.9765,-1,-1,-1
887,1242,927.71,462.37,74.1,121.15,0.9747,-1,-1,-1
887,1692,1447.81,452.28,86.22,118.28,0.974,-1,-1,-1
887,1534,1340.9,436.04,94.8,116.0,0.9731,-1,-1,-1
887,1621,1782.5,427.05,69.9,102.99,0.9724,-1,-1,-1
887,1660,1699.26,353.59,45.0,102.66,0.9715,-1,-1,-1
887,1727,372.39,384.86,69.76,94.14,0.9639,-1,-1,-1
887,1730,868.8,429.91,58.1,79.87,0.9572,-1,-1,-1
887,1746,490.13,361.34,47.19,76.43,0.9523,-1,-1,-1
887,1684,618.59,347.73,33.39,83.73,0.9376,-1,-1,-1
887,1675,1442.98,362.64,33.17,86.32,0.9368,-1,-1,-1
887,1758,1619.0,311.08,42.29,69.68,0.8514,-1,-1,-1
887,1716,475.04,318.42,33.9,67.0,0.8047,-1,-1,-1
887,1589,1873.19,360.95,40.66,64.13,0.6006,-1,-1,-1
888,1645,1828.44,495.79,68.8,139.39,0.9795,-1,-1,-1
888,1621,1790.84,428.64,54.86,100.93,0.9735,-1,-1,-1
888,1714,675.34,509.91,59.48,120.3,0.9731,-1,-1,-1
888,1692,1453.5,454.77,75.89,112.7,0.9727,-1,-1,-1
888,1711,958.4,403.6,48.48,107.56,0.9723,-1,-1,-1
888,1684,616.85,344.67,48.7,86.71,0.972,-1,-1,-1
888,1660,1712.98,353.95,45.12,103.45,0.972,-1,-1,-1
888,1727,377.07,385.77,67.97,95.08,0.9715,-1,-1,-1
888,1242,934.15,463.25,62.22,122.97,0.9707,-1,-1,-1
888,1534,1357.77,438.53,75.13,117.38,0.9676,-1,-1,-1
888,1746,498.77,359.23,53.6,78.12,0.9541,-1,-1,-1
888,1730,891.94,429.66,47.19,67.11,0.9506,-1,-1,-1
888,1675,1449.69,366.03,34.32,89.82,0.929,-1,-1,-1
888,1716,478.12,318.67,35.84,68.82,0.9252,-1,-1,-1
888,1758,1632.38,315.47,34.89,66.62,0.8213,-1,-1,-1
888,1589,1891.35,359.5,28.48,70.07,0.676,-1,-1,-1
889,1645,1829.29,495.98,74.89,138.18,0.9795,-1,-1,-1
889,1711,965.9,403.57,48.07,107.01,0.9754,-1,-1,-1
889,1621,1794.56,428.15,46.3,99.93,0.9744,-1,-1,-1
889,1714,678.05,509.78,63.56,120.07,0.9725,-1,-1,-1
889,1660,1720.74,355.28,44.8,103.66,0.9714,-1,-1,-1
889,1692,1456.47,456.87,71.75,109.13,0.9711,-1,-1,-1
889,1727,378.75,385.67,67.96,95.6,0.9697,-1,-1,-1
889,1534,1361.95,439.7,67.44,114.72,0.9675,-1,-1,-1
889,1242,936.73,463.96,52.48,122.14,0.9658,-1,-1,-1
889,1684,618.23,345.16,53.9,84.65,0.9633,-1,-1,-1
889,1746,503.3,359.67,56.42,77.58,0.9558,-1,-1,-1
889,1675,1454.52,362.57,37.07,96.84,0.9536,-1,-1,-1
889,1716,476.97,318.13,44.55,69.85,0.9347,-1,-1,-1
889,1730,903.89,430.6,43.65,62.86,0.8932,-1,-1,-1
889,1758,1640.2,312.88,33.76,71.06,0.4751,-1,-1,-1
890,1711,979.35,402.01,48.4,107.21,0.9769,-1,-1,-1
890,1242,942.41,465.47,43.33,120.42,0.976,-1,-1,-1
890,1692,1462.32,456.23,64.93,112.06,0.9751,-1,-1,-1
890,1621,1800.02,427.32,47.33,94.41,0.9726,-1,-1,-1
890,1660,1736.22,356.96,43.71,102.92,0.9718,-1,-1,-1
890,1675,1463.23,360.08,45.32,98.51,0.9692,-1,-1,-1
890,1645,1830.85,495.4,84.16,136.66,0.9634,-1,-1,-1
890,1684,622.47,345.81,62.03,83.88,0.9632,-1,-1,-1
890,1714,684.45,509.31,73.17,117.71,0.9629,-1,-1,-1
890,1534,1361.78,439.43,60.01,115.49,0.9611,-1,-1,-1
890,1746,513.38,359.28,60.43,79.33,0.9597,-1,-1,-1
890,1727,375.67,386.64,68.83,94.37,0.9474,-1,-1,-1
890,1730,925.24,430.84,40.26,57.54,0.8987,-1,-1,-1
890,1716,484.05,320.59,38.62,66.58,0.8719,-1,-1,-1
890,1758,1656.22,314.94,26.94,63.8,0.6976,-1,-1,-1
891,1714,688.79,504.0,84.33,121.8,0.9757,-1,-1,-1
891,1711,995.69,400.69,48.52,107.85,0.9735,-1,-1,-1
891,1621,1806.31,427.79,54.07,100.64,0.9728,-1,-1,-1
891,1242,942.88,458.34,57.63,128.19,0.9715,-1,-1,-1
891,1675,1474.66,358.47,50.06,100.07,0.9701,-1,-1,-1
891,1692,1469.25,451.51,72.54,117.95,0.9692,-1,-1,-1
891,1645,1828.84,494.11,90.11,141.96,0.968,-1,-1,-1
891,1660,1754.23,359.69,41.96,102.23,0.963,-1,-1,-1
891,1727,376.0,387.26,70.5,93.67,0.9629,-1,-1,-1
891,1684,624.29,346.64,69.42,83.95,0.9614,-1,-1,-1
891,1534,1363.47,437.15,54.8,114.36,0.9565,-1,-1,-1
891,1746,525.29,357.62,62.36,81.26,0.9517,-1,-1,-1
891,1758,1669.6,320.25,29.04,61.0,0.7992,-1,-1,-1
891,1716,493.17,324.86,36.91,65.43,0.7105,-1,-1,-1
892,1714,693.22,501.97,86.48,122.89,0.9762,-1,-1,-1
892,1711,1003.65,400.87,48.85,108.61,0.9747,-1,-1,-1
892,1727,380.82,388.52,71.56,92.26,0.9738,-1,-1,-1
892,1534,1364.83,436.18,62.04,116.27,0.9737,-1,-1,-1
892,1242,944.07,461.6,65.98,126.73,0.9735,-1,-1,-1
892,1675,1481.86,360.76,51.29,99.36,0.9726,-1,-1,-1
892,1621,1810.83,428.19,56.42,100.31,0.9707,-1,-1,-1
892,1692,1473.33,450.9,75.7,119.49,0.9694,-1,-1,-1
892,1645,1825.94,495.32,91.33,142.15,0.967,-1,-1,-1
892,1660,1762.59,360.37,43.28,101.14,0.9654,-1,-1,-1
892,1684,628.43,346.25,67.16,86.2,0.9646,-1,-1,-1
892,1746,532.66,360.81,62.19,80.31,0.949,-1,-1,-1
892,1758,1675.28,322.32,32.05,60.63,0.7224,-1,-1,-1
892,1716,497.0,327.52,38.14,61.4,0.6101,-1,-1,-1
893,1757,1370.84,434.19,72.48,115.94,0.9771,-1,-1,-1
893,1645,1832.73,500.48,84.88,141.16,0.9751,-1,-1,-1
893,1727,394.36,388.14,76.3,95.17,0.9749,-1,-1,-1
893,1714,699.04,503.58,87.98,114.62,0.9742,-1,-1,-1
893,1692,1481.92,451.8,81.92,118.21,0.9728,-1,-1,-1
893,1711,1022.76,399.93,48.12,115.92,0.9713,-1,-1,-1
893,1242,948.13,459.15,75.15,127.36,0.9694,-1,-1,-1
893,1675,1496.5,365.05,53.22,95.2,0.9691,-1,-1,-1
893,1684,641.7,349.38,57.48,85.35,0.9632,-1,-1,-1
893,1621,1821.93,429.86,66.46,103.19,0.9621,-1,-1,-1
893,1660,1781.18,363.16,42.73,101.01,0.9597,-1,-1,-1
893,1746,549.05,362.04,56.36,84.34,0.9569,-1,-1,-1
893,1730,988.76,433.39,48.95,80.19,0.8957,-1,-1,-1
893,1758,1691.53,321.8,26.32,59.91,0.503,-1,-1,-1
894,1727,413.12,390.01,74.27,98.33,0.9788,-1,-1,-1
894,1692,1489.9,450.84,86.08,122.38,0.976,-1,-1,-1
894,1242,954.41,457.42,84.1,119.21,0.9758,-1,-1,-1
894,1714,710.74,504.11,81.58,110.33,0.9707,-1,-1,-1
894,1711,1042.16,401.71,52.33,115.93,0.9676,-1,-1,-1
894,1675,1513.87,366.97,53.04,95.26,0.9675,-1,-1,-1
894,1757,1377.25,434.28,79.95,119.47,0.9626,-1,-1,-1
894,1621,1836.46,432.47,69.73,106.32,0.9608,-1,-1,-1
894,1746,566.91,366.41,49.78,80.72,0.9595,-1,-1,-1
894,1660,1803.3,363.49,42.68,100.42,0.958,-1,-1,-1
894,1684,653.12,352.2,49.53,84.53,0.9512,-1,-1,-1
894,1716,520.23,332.95,46.21,57.85,0.9246,-1,-1,-1
894,1730,1016.61,432.77,46.42,82.47,0.8096,-1,-1,-1
894,1645,1860.3,508.63,54.01,132.51,0.7756,-1,-1,-1
894,1758,1708.32,319.9,35.68,64.16,0.658,-1,-1,-1
895,1242,957.18,456.63,88.65,119.81,0.9792,-1,-1,-1
895,1692,1492.93,452.93,91.39,121.27,0.9767,-1,-1,-1
895,1757,1380.42,434.92,84.08,119.77,0.9762,-1,-1,-1
895,1727,421.04,391.03,74.02,98.45,0.9706,-1,-1,-1
895,1675,1524.24,367.1,50.09,97.38,0.9688,-1,-1,-1
895,1714,717.07,504.19,76.0,111.11,0.9618,-1,-1,-1
895,1660,1815.09,364.42,42.39,100.08,0.9582,-1,-1,-1
895,1746,575.79,366.88,47.32,79.38,0.9561,-1,-1,-1
895,1711,1051.74,401.96,56.13,117.07,0.956,-1,-1,-1
895,1684,655.87,350.86,44.12,84.76,0.9555,-1,-1,-1
895,1621,1847.01,435.87,43.08,103.46,0.9485,-1,-1,-1
895,1645,1870.46,504.42,45.69,139.16,0.9312,-1,-1,-1
895,1716,529.69,335.24,45.24,55.61,0.9026,-1,-1,-1
895,1730,1027.87,438.95,43.46,77.69,0.8894,-1,-1,-1
895,1758,1717.68,319.63,37.74,65.58,0.6212,-1,-1,-1
896,1692,1508.44,452.23,85.64,125.33,0.9798,-1,-1,-1
896,1757,1383.4,433.25,95.34,122.95,0.9796,-1,-1,-1
896,1727,438.7,393.49,62.98,96.06,0.9732,-1,-1,-1
896,1242,966.78,456.57,87.02,121.32,0.9681,-1,-1,-1
896,1684,663.08,353.83,53.14,81.95,0.9668,-1,-1,-1
896,1675,1539.49,368.6,51.16,97.91,0.9623,-1,-1,-1
896,1660,1838.94,364.81,40.73,105.78,0.9602,-1,-1,-1
896,1711,1074.46,404.08,58.67,115.81,0.9581,-1,-1,-1
896,1746,591.96,366.29,55.67,80.28,0.9541,-1,-1,-1
896,1714,730.08,513.92,67.53,99.71,0.9517,-1,-1,-1
896,1621,1861.17,439.19,50.75,98.63,0.9394,-1,-1,-1
896,1730,1054.98,437.67,41.86,80.45,0.8913,-1,-1,-1
896,1716,542.01,321.06,40.66,71.01,0.8894,-1,-1,-1
896,1645,1880.16,510.97,39.84,131.74,0.8733,-1,-1,-1
896,1758,1738.04,321.27,37.97,65.27,0.5476,-1,-1,-1
897,1757,1393.21,438.03,97.47,118.49,0.981,-1,-1,-1
897,1242,986.87,459.5,68.82,121.09,0.9637,-1,-1,-1
897,1711,1097.84,408.31,62.48,112.45,0.9634,-1,-1,-1
897,1684,678.18,353.49,64.01,82.3,0.9575,-1,-1,-1
897,1692,1519.77,455.52,79.78,125.72,0.9565,-1,-1,-1
897,1714,740.0,506.77,69.7,106.35,0.9552,-1,-1,-1
897,1660,1864.58,365.46,39.58,105.09,0.9534,-1,-1,-1
897,1727,455.11,397.21,50.5,92.19,0.9375,-1,-1,-1
897,1746,604.11,369.17,69.47,77.85,0.9371,-1,-1,-1
897,1675,1562.21,369.93,43.92,96.52,0.9292,-1,-1,-1
897,1621,1879.3,439.05,40.01,78.58,0.9223,-1,-1,-1
897,1730,1083.21,436.64,40.09,82.75,0.8523,-1,-1,-1
897,1716,559.62,323.79,35.16,68.67,0.6748,-1,-1,-1
898,1757,1401.5,438.82,96.63,121.81,0.9763,-1,-1,-1
898,1714,745.1,497.77,77.14,115.01,0.9659,-1,-1,-1
898,1711,1109.33,409.97,64.93,110.65,0.9655,-1,-1,-1
898,1727,461.55,398.23,55.38,91.81,0.9646,-1,-1,-1
898,1692,1523.29,457.48,77.69,124.81,0.9635,-1,-1,-1
898,1242,992.35,460.32,67.11,122.16,0.9611,-1,-1,-1
898,1675,1570.02,370.49,43.78,96.6,0.9584,-1,-1,-1
898,1746,621.33,369.28,63.31,78.77,0.9491,-1,-1,-1
898,1684,685.29,354.14,66.94,81.51,0.8877,-1,-1,-1
898,1716,569.14,326.23,33.88,69.19,0.8433,-1,-1,-1
898,1660,1878.72,365.58,35.4,99.89,0.8055,-1,-1,-1
898,1730,1094.74,432.33,38.75,83.81,0.6437,-1,-1,-1
898,1621,1890.32,437.0,29.37,78.35,0.4669,-1,-1,-1
899,1714,757.65,495.71,86.02,118.41,0.9747,-1,-1,-1
899,1757,1425.04,442.65,80.11,120.85,0.9697,-1,-1,-1
899,1675,1590.95,371.37,48.72,97.19,0.9688,-1,-1,-1
899,1684,701.38,355.78,69.31,82.34,0.9671,-1,-1,-1
899,1692,1537.02,461.92,69.03,116.29,0.9654,-1,-1,-1
899,1242,1006.32,464.17,55.65,117.78,0.9646,-1,-1,-1
899,1727,474.71,398.88,72.89,91.59,0.9587,-1,-1,-1
899,1746,640.01,369.28,67.85,80.96,0.9574,-1,-1,-1
899,1711,1130.85,412.15,69.81,108.6,0.9434,-1,-1,-1
899,1716,584.85,327.64,36.51,68.16,0.9191,-1,-1,-1
899,1730,1121.12,432.62,38.79,83.36,0.7038,-1,-1,-1
900,1714,770.48,494.12,89.99,113.86,0.9822,-1,-1,-1
900,1242,1017.8,463.79,63.16,120.34,0.9714,-1,-1,-1
900,1727,490.45,399.64,79.54,93.22,0.9675,-1,-1,-1
900,1711,1152.13,414.59,75.4,108.52,0.962,-1,-1,-1
900,1692,1555.38,462.5,75.64,115.64,0.9615,-1,-1,-1
900,1675,1614.22,372.61,53.17,98.88,0.9613,-1,-1,-1
900,1746,659.84,370.4,68.32,80.35,0.9604,-1,-1,-1
900,1684,719.49,358.94,65.4,78.68,0.9581,-1,-1,-1
900,1757,1448.16,444.22,64.46,106.37,0.9492,-1,-1,-1
900,1716,603.9,334.79,41.92,63.16,0.9113,-1,-1,-1
