1,2045,1140.44,555.79,54.28,121.03,0.973,-1,-1,-1
1,2046,575.56,525.93,60.94,112.69,0.9707,-1,-1,-1
1,2047,547.68,412.19,46.49,101.86,0.9697,-1,-1,-1
1,2048,1421.63,602.32,80.61,125.33,0.9693,-1,-1,-1
1,2049,79.64,440.36,60.63,106.85,0.9672,-1,-1,-1
1,2050,1130.82,305.91,44.32,75.88,0.9559,-1,-1,-1
1,2051,121.87,233.78,43.17,76.75,0.9556,-1,-1,-1
1,2052,624.63,394.55,31.56,97.68,0.9512,-1,-1,-1
1,2053,411.63,573.78,33.7,118.77,0.9503,-1,-1,-1
1,2054,229.15,232.23,33.62,74.95,0.9463,-1,-1,-1
1,2055,0.0,311.09,32.91,84.48,0.9423,-1,-1,-1
1,2056,92.52,264.34,32.66,79.56,0.9402,-1,-1,-1
1,2057,440.48,226.77,36.4,69.85,0.9377,-1,-1,-1
1,2058,335.64,1029.66,46.37,49.15,0.9369,-1,-1,-1
1,2059,8.33,230.44,35.85,68.94,0.932,-1,-1,-1
1,2060,559.41,374.83,34.68,61.14,0.8526,-1,-1,-1
2,2045,1133.84,554.89,64.47,122.72,0.9746,-1,-1,-1
2,2048,1408.97,606.11,91.83,119.6,0.9715,-1,-1,-1
2,2046,571.84,524.36,52.6,115.7,0.9699,-1,-1,-1
2,2049,64.1,441.02,69.5,110.18,0.9681,-1,-1,-1
2,2054,214.92,229.66,39.55,78.84,0.9668,-1,-1,-1
2,2047,538.88,417.98,44.23,95.01,0.961,-1,-1,-1
2,2051,110.26,234.0,40.33,78.6,0.9549,-1,-1,-1
2,2050,1129.62,303.98,38.1,77.71,0.9549,-1,-1,-1
2,2052,611.07,393.87,33.02,99.27,0.9503,-1,-1,-1
2,2053,395.84,573.71,31.53,117.04,0.9455,-1,-1,-1
2,2056,82.57,262.94,32.93,81.18,0.9418,-1,-1,-1
2,2057,435.19,226.72,29.76,69.63,0.9383,-1,-1,-1
2,2059,1.98,230.76,26.7,70.81,0.9337,-1,-1,-1
2,2058,324.83,1034.15,44.14,43.56,0.9326,-1,-1,-1
2,2060,544.36,373.46,43.57,72.61,0.9121,-1,-1,-1
2,2055,0.0,306.9,13.93,88.2,0.8506,-1,-1,-1
3,2049,56.58,441.46,76.05,108.35,0.9744,-1,-1,-1
3,2046,568.55,523.31,52.7,116.88,0.9735,-1,-1,-1
3,2045,1130.21,553.35,69.87,124.0,0.9713,-1,-1,-1
3,2050,1123.11,303.3,39.96,77.6,0.9698,-1,-1,-1
3,2048,1401.83,605.68,95.71,122.07,0.9689,-1,-1,-1
3,2054,206.77,229.25,43.24,79.14,0.9677,-1,-1,-1
3,2056,73.24,262.85,36.03,81.26,0.9608,-1,-1,-1
3,2052,603.84,394.21,34.55,98.65,0.9591,-1,-1,-1
3,2051,103.12,234.86,40.37,78.85,0.9556,-1,-1,-1
3,2047,533.02,416.21,42.91,98.32,0.9553,-1,-1,-1
3,2053,386.34,576.0,32.29,115.83,0.9526,-1,-1,-1
3,2057,432.25,227.18,30.03,69.45,0.948,-1,-1,-1
3,2058,320.31,1035.95,40.62,42.27,0.94,-1,-1,-1
3,2059,0.09,230.99,20.11,72.61,0.9179,-1,-1,-1
3,2060,538.96,374.56,43.21,69.0,0.9122,-1,-1,-1
4,2048,1390.21,604.36,100.39,123.57,0.9775,-1,-1,-1
4,2049,44.01,441.6,81.9,108.05,0.9721,-1,-1,-1
4,2046,559.42,519.27,54.21,121.29,0.9717,-1,-1,-1
4,2052,588.75,395.88,40.24,98.14,0.9715,-1,-1,-1
4,2045,1122.73,552.05,80.03,123.88,0.9713,-1,-1,-1
4,2054,192.77,227.72,48.44,78.69,0.9685,-1,-1,-1
4,2050,1112.15,302.86,46.82,78.23,0.9682,-1,-1,-1
4,2056,54.38,262.59,42.52,83.18,0.9671,-1,-1,-1
4,2057,419.85,225.55,33.46,70.43,0.9581,-1,-1,-1
4,2053,368.37,574.58,33.99,117.53,0.9506,-1,-1,-1
4,2047,522.78,425.64,39.72,86.34,0.9492,-1,-1,-1
4,2051,91.49,236.25,36.27,78.63,0.9035,-1,-1,-1
4,2058,308.12,1040.0,40.69,39.31,0.9013,-1,-1,-1
4,2060,528.6,373.35,36.13,71.44,0.7198,-1,-1,-1
5,2048,1384.63,602.6,102.07,125.35,0.976,-1,-1,-1
5,2052,574.02,396.53,45.27,97.55,0.9741,-1,-1,-1
5,2049,30.76,446.02,81.83,108.65,0.9739,-1,-1,-1
5,2045,1118.18,551.84,97.63,123.53,0.9723,-1,-1,-1
5,2050,1100.56,301.43,51.67,79.15,0.9715,-1,-1,-1
5,2056,39.09,260.39,51.55,83.72,0.9713,-1,-1,-1
5,2057,404.07,223.1,40.67,72.93,0.9702,-1,-1,-1
5,2046,548.64,516.93,53.55,123.84,0.969,-1,-1,-1
5,2054,180.74,226.6,57.52,76.65,0.9674,-1,-1,-1
5,2053,351.29,573.99,32.12,119.53,0.9529,-1,-1,-1
5,2047,510.69,422.36,42.85,88.96,0.8933,-1,-1,-1
5,2058,296.81,1043.64,38.47,35.38,0.8862,-1,-1,-1
5,2051,81.17,237.28,29.85,76.89,0.7782,-1,-1,-1
5,2060,517.71,376.67,37.2,100.09,0.5887,-1,-1,-1
6,2048,1383.81,603.01,101.34,126.76,0.9754,-1,-1,-1
6,2052,566.47,396.81,47.79,98.43,0.9732,-1,-1,-1
6,2046,542.57,515.1,53.59,122.31,0.9722,-1,-1,-1
6,2049,27.67,447.16,73.22,108.54,0.9707,-1,-1,-1
6,2050,1096.24,300.56,52.36,79.17,0.9704,-1,-1,-1
6,2056,29.99,260.3,57.04,83.38,0.9663,-1,-1,-1
6,2057,397.46,222.48,41.56,72.96,0.9652,-1,-1,-1
6,2054,174.7,226.1,60.61,76.8,0.9632,-1,-1,-1
6,2045,1116.25,552.33,108.32,123.32,0.9583,-1,-1,-1
6,2053,340.95,571.95,33.25,119.33,0.9511,-1,-1,-1
6,2051,75.32,238.02,29.21,76.58,0.8897,-1,-1,-1
6,2058,295.09,1046.0,32.65,33.4,0.8731,-1,-1,-1
6,2060,509.09,377.75,41.35,115.25,0.8383,-1,-1,-1
7,2048,1388.3,601.65,87.69,132.01,0.98,-1,-1,-1
7,2046,531.2,513.71,55.4,122.15,0.9757,-1,-1,-1
7,2052,551.25,397.45,50.46,99.13,0.9709,-1,-1,-1
7,2054,166.67,226.11,57.26,78.22,0.9671,-1,-1,-1
7,2050,1086.38,301.68,60.19,78.8,0.9665,-1,-1,-1
7,2057,384.1,220.81,49.7,72.75,0.9654,-1,-1,-1
7,2045,1118.57,553.86,108.05,125.98,0.9587,-1,-1,-1
7,2056,16.23,260.09,61.15,82.34,0.9566,-1,-1,-1
7,2053,323.89,569.46,32.22,119.86,0.9486,-1,-1,-1
7,2047,491.09,392.45,42.98,118.82,0.8946,-1,-1,-1
7,2051,59.16,239.74,30.48,72.05,0.8724,-1,-1,-1
7,2058,286.88,1048.13,28.65,31.87,0.7598,-1,-1,-1
8,2048,1397.08,601.87,71.95,132.91,0.9754,-1,-1,-1
8,2052,537.05,398.6,49.51,97.76,0.9747,-1,-1,-1
8,2046,519.73,513.11,56.52,117.51,0.9744,-1,-1,-1
8,2045,1123.14,556.96,96.38,129.62,0.9732,-1,-1,-1
8,2054,161.27,226.28,46.29,79.13,0.9715,-1,-1,-1
8,2050,1078.58,300.9,63.54,79.1,0.9715,-1,-1,-1
8,2057,371.4,219.88,58.18,72.61,0.9711,-1,-1,-1
8,2056,4.31,262.78,58.52,81.37,0.9617,-1,-1,-1
8,2053,304.9,569.23,32.24,120.72,0.9503,-1,-1,-1
8,2047,477.02,401.05,44.57,112.33,0.9212,-1,-1,-1
8,2051,43.99,239.3,30.93,70.43,0.8563,-1,-1,-1
8,2049,17.4,453.57,57.49,104.45,0.8557,-1,-1,-1
8,2058,277.38,1051.96,24.33,27.49,0.7705,-1,-1,-1
9,2048,1401.33,601.85,65.12,132.66,0.9784,-1,-1,-1
9,2046,515.88,513.64,55.38,118.54,0.9753,-1,-1,-1
9,2052,530.91,398.77,48.38,97.66,0.9745,-1,-1,-1
9,2050,1078.07,300.56,61.47,80.39,0.9644,-1,-1,-1
9,2057,366.88,221.02,57.64,71.87,0.9605,-1,-1,-1
9,2045,1132.04,562.03,79.85,121.07,0.9605,-1,-1,-1
9,2056,0.77,263.57,53.05,80.29,0.9579,-1,-1,-1
9,2054,160.46,226.26,37.48,78.7,0.9548,-1,-1,-1
9,2053,294.58,568.42,33.16,120.37,0.944,-1,-1,-1
9,2047,471.79,407.66,43.77,106.85,0.9431,-1,-1,-1
9,2051,35.89,238.47,32.99,70.39,0.8889,-1,-1,-1
9,2049,16.55,453.66,53.33,103.77,0.6563,-1,-1,-1
9,2058,270.61,1054.49,23.59,24.88,0.5623,-1,-1,-1
10,2046,507.02,513.72,51.3,117.39,0.9758,-1,-1,-1
10,2048,1407.53,597.94,55.39,135.5,0.9757,-1,-1,-1
10,2052,516.67,397.5,47.42,98.67,0.9742,-1,-1,-1
10,2050,1070.95,302.02,56.51,79.02,0.9674,-1,-1,-1
10,2045,1142.62,557.76,65.53,126.88,0.9651,-1,-1,-1
10,2047,459.09,405.38,45.39,108.54,0.9628,-1,-1,-1
10,2057,356.56,220.4,55.15,74.47,0.9606,-1,-1,-1
10,2049,9.91,451.68,50.93,107.63,0.958,-1,-1,-1
10,2053,274.1,567.75,33.45,119.62,0.9546,-1,-1,-1
10,2054,157.1,225.45,28.0,77.82,0.941,-1,-1,-1
10,2056,0.69,265.07,34.46,77.82,0.9022,-1,-1,-1
10,2051,21.25,237.87,32.21,72.43,0.8773,-1,-1,-1
10,2058,256.43,1057.7,23.6,21.57,0.7139,-1,-1,-1
11,2048,1400.21,595.42,56.76,136.6,0.9766,-1,-1,-1
11,2046,498.58,515.75,47.63,115.22,0.9741,-1,-1,-1
11,2045,1151.57,555.78,57.4,127.62,0.97,-1,-1,-1
11,2052,504.66,396.55,42.98,98.25,0.9675,-1,-1,-1
11,2057,349.18,221.62,44.38,72.61,0.9642,-1,-1,-1
11,2050,1070.09,303.19,48.06,78.07,0.9603,-1,-1,-1
11,2047,446.98,381.99,42.4,127.98,0.9539,-1,-1,-1
11,2054,141.22,223.84,36.54,80.49,0.9509,-1,-1,-1
11,2053,252.59,569.96,34.97,121.17,0.9382,-1,-1,-1
11,2049,0.0,448.57,49.35,113.52,0.9375,-1,-1,-1
11,2056,0.25,265.9,16.67,63.71,0.8864,-1,-1,-1
11,2051,4.28,240.03,30.82,74.72,0.8673,-1,-1,-1
11,2058,241.71,1061.1,24.02,18.54,0.3661,-1,-1,-1
12,2048,1396.2,594.28,59.96,137.48,0.9778,-1,-1,-1
12,2045,1158.4,555.05,51.04,129.53,0.974,-1,-1,-1
12,2046,497.29,515.9,42.84,115.86,0.9715,-1,-1,-1
12,2052,499.54,397.46,39.42,97.43,0.9671,-1,-1,-1
12,2054,131.22,224.45,41.9,80.41,0.9622,-1,-1,-1
12,2057,345.51,222.81,39.55,71.32,0.961,-1,-1,-1
12,2047,441.05,399.65,39.89,109.04,0.9602,-1,-1,-1
12,2053,241.77,573.92,35.25,119.87,0.9518,-1,-1,-1
12,2050,1071.45,302.88,44.83,78.49,0.9498,-1,-1,-1
12,2051,0.09,237.1,28.51,82.42,0.9248,-1,-1,-1
13,2045,1147.28,553.39,64.95,130.1,0.9737,-1,-1,-1
13,2048,1386.92,591.35,69.28,135.94,0.9722,-1,-1,-1
13,2046,487.21,516.47,41.33,116.67,0.9709,-1,-1,-1
13,2054,111.77,221.07,50.1,82.36,0.9663,-1,-1,-1
13,2053,217.69,575.63,37.76,122.68,0.9649,-1,-1,-1
13,2050,1066.1,301.78,39.77,78.33,0.9637,-1,-1,-1
13,2047,424.75,388.42,38.77,118.27,0.9492,-1,-1,-1
13,2052,487.34,395.5,32.71,98.41,0.9216,-1,-1,-1
13,2049,0.5,445.94,29.06,110.25,0.9175,-1,-1,-1
13,2057,339.43,222.62,31.59,71.39,0.9152,-1,-1,-1
14,2048,1377.64,591.43,81.22,129.22,0.9768,-1,-1,-1
14,2045,1136.71,554.89,72.97,130.21,0.9745,-1,-1,-1
14,2046,466.87,514.93,47.82,119.63,0.973,-1,-1,-1
14,2050,1054.72,299.37,40.72,81.84,0.9691,-1,-1,-1
14,2053,193.87,578.45,39.07,123.72,0.9665,-1,-1,-1
14,2054,93.68,221.07,60.87,80.22,0.9653,-1,-1,-1
14,2057,322.23,221.4,34.71,73.79,0.9502,-1,-1,-1
14,2047,410.27,406.76,38.7,99.77,0.9492,-1,-1,-1
14,2052,471.9,396.64,31.84,99.3,0.9492,-1,-1,-1
14,2049,0.0,442.17,14.72,113.61,0.8362,-1,-1,-1
15,2048,1373.32,592.49,83.74,126.19,0.9786,-1,-1,-1
15,2045,1131.4,554.92,76.58,132.22,0.9744,-1,-1,-1
15,2046,456.89,514.24,52.59,121.7,0.9728,-1,-1,-1
15,2053,182.11,581.43,38.84,122.16,0.9698,-1,-1,-1
15,2050,1045.16,299.16,44.42,82.65,0.9685,-1,-1,-1
15,2054,83.42,221.17,65.88,79.17,0.9668,-1,-1,-1
15,2047,401.12,405.61,40.71,101.58,0.9542,-1,-1,-1
15,2057,312.48,220.41,36.99,75.51,0.9493,-1,-1,-1
15,2052,462.57,396.28,32.97,100.96,0.9483,-1,-1,-1
16,2045,1120.57,555.4,96.49,129.9,0.9747,-1,-1,-1
16,2050,1027.02,299.04,49.51,82.2,0.9721,-1,-1,-1
16,2046,436.27,513.29,59.01,121.03,0.9718,-1,-1,-1
16,2048,1363.96,593.77,80.9,124.76,0.9712,-1,-1,-1
16,2054,67.08,223.9,68.37,80.29,0.9669,-1,-1,-1
16,2053,156.96,583.61,40.23,123.47,0.9663,-1,-1,-1
16,2057,292.63,221.58,41.07,74.44,0.9602,-1,-1,-1
16,2047,385.4,409.06,39.17,100.45,0.948,-1,-1,-1
16,2052,443.88,396.83,31.87,101.38,0.9414,-1,-1,-1
17,2046,416.65,513.22,63.19,118.57,0.9743,-1,-1,-1
17,2048,1353.07,595.89,72.9,124.42,0.9742,-1,-1,-1
17,2050,1007.54,299.84,52.95,82.64,0.9722,-1,-1,-1
17,2045,1111.66,559.93,103.23,125.79,0.9639,-1,-1,-1
17,2053,128.42,585.0,42.35,126.79,0.9617,-1,-1,-1
17,2054,51.47,227.24,61.92,81.22,0.9615,-1,-1,-1
17,2057,268.57,223.63,54.89,71.97,0.9609,-1,-1,-1
17,2052,420.6,400.85,36.54,101.01,0.9521,-1,-1,-1
17,2047,362.26,408.71,39.51,103.05,0.9409,-1,-1,-1
18,2048,1346.13,596.6,70.37,123.85,0.9733,-1,-1,-1
18,2050,997.05,299.72,58.88,83.51,0.9725,-1,-1,-1
18,2046,406.3,514.17,67.76,119.23,0.9712,-1,-1,-1
18,2045,1108.32,562.78,100.88,125.94,0.9695,-1,-1,-1
18,2052,407.64,403.61,42.19,100.36,0.9661,-1,-1,-1
18,2054,46.57,228.77,50.74,81.32,0.9655,-1,-1,-1
18,2053,113.81,586.38,41.56,127.03,0.9651,-1,-1,-1
18,2057,260.18,225.85,55.86,70.32,0.9557,-1,-1,-1
18,2047,349.12,408.33,44.08,103.1,0.9377,-1,-1,-1
18,2068,342.76,384.09,37.29,94.5,0.7898,-1,-1,-1
19,2045,1103.54,563.1,86.57,131.53,0.9759,-1,-1,-1
19,2046,389.48,516.73,66.9,116.9,0.9723,-1,-1,-1
19,2052,383.31,407.7,51.85,100.64,0.9685,-1,-1,-1
19,2050,980.76,302.13,63.4,81.8,0.9682,-1,-1,-1
19,2053,87.13,589.83,40.55,126.95,0.9681,-1,-1,-1
19,2054,34.32,231.99,42.15,81.81,0.9598,-1,-1,-1
19,2057,239.35,228.06,58.33,70.48,0.9539,-1,-1,-1
19,2047,331.8,410.69,44.82,99.47,0.9435,-1,-1,-1
19,2048,1334.75,598.21,68.05,122.79,0.8929,-1,-1,-1
20,2045,1105.78,565.2,65.07,132.95,0.9755,-1,-1,-1
20,2048,1324.88,600.91,68.5,120.28,0.9747,-1,-1,-1
20,2052,360.3,410.54,57.63,100.95,0.9729,-1,-1,-1
20,2053,61.53,592.92,40.54,127.32,0.9702,-1,-1,-1
20,2046,377.91,519.67,64.17,115.2,0.9701,-1,-1,-1
20,2050,967.21,306.37,62.94,83.11,0.9695,-1,-1,-1
20,2047,311.78,411.67,47.68,102.52,0.9489,-1,-1,-1
20,2057,224.29,232.2,50.16,70.72,0.937,-1,-1,-1
20,2054,23.94,234.86,35.79,81.22,0.9369,-1,-1,-1
21,2052,350.77,413.11,57.45,100.68,0.9737,-1,-1,-1
21,2045,1109.65,565.28,59.35,132.86,0.9732,-1,-1,-1
21,2046,374.55,522.95,62.67,113.84,0.9712,-1,-1,-1
21,2050,961.79,309.45,60.93,82.61,0.9706,-1,-1,-1
21,2048,1320.14,600.75,71.6,121.43,0.9654,-1,-1,-1
21,2053,50.08,594.41,39.51,126.43,0.9641,-1,-1,-1
21,2070,281.57,395.23,42.69,101.21,0.9636,-1,-1,-1
21,2054,15.4,236.54,37.63,81.63,0.9581,-1,-1,-1
21,2057,218.54,234.28,46.12,71.27,0.9548,-1,-1,-1
21,2047,300.61,413.07,52.33,103.49,0.9537,-1,-1,-1
21,2071,1887.32,363.92,32.54,101.64,0.9276,-1,-1,-1
22,2046,370.49,525.97,54.54,114.39,0.9727,-1,-1,-1
22,2050,954.9,313.11,50.46,82.88,0.97,-1,-1,-1
22,2045,1112.6,565.18,54.63,133.35,0.9698,-1,-1,-1
22,2070,265.03,397.32,41.0,102.27,0.9674,-1,-1,-1
22,2071,1866.84,369.55,53.16,96.48,0.9654,-1,-1,-1
22,2052,334.25,416.93,55.66,98.95,0.9648,-1,-1,-1
22,2048,1311.64,601.21,70.2,122.62,0.9644,-1,-1,-1
22,2054,0.58,238.66,41.01,81.98,0.9609,-1,-1,-1
22,2047,287.05,415.73,51.27,103.01,0.949,-1,-1,-1
22,2053,29.27,595.42,39.9,128.96,0.944,-1,-1,-1
22,2057,210.07,238.16,33.8,70.71,0.942,-1,-1,-1
23,2046,367.64,528.44,56.0,115.38,0.9741,-1,-1,-1
23,2052,320.56,420.4,53.91,98.16,0.9727,-1,-1,-1
23,2053,13.11,596.75,40.29,128.41,0.9725,-1,-1,-1
23,2045,1107.69,565.09,56.24,137.32,0.9708,-1,-1,-1
23,2047,280.04,419.34,45.93,99.77,0.9699,-1,-1,-1
23,2071,1852.17,370.71,57.76,97.69,0.9696,-1,-1,-1
23,2048,1301.54,599.41,64.73,127.56,0.9686,-1,-1,-1
23,2070,251.89,400.23,42.86,104.63,0.9669,-1,-1,-1
23,2054,0.0,240.6,38.77,80.86,0.9666,-1,-1,-1
23,2050,955.08,316.51,44.92,81.79,0.9621,-1,-1,-1
23,2057,200.23,240.28,32.07,71.64,0.7995,-1,-1,-1
24,2052,315.25,422.05,52.97,98.02,0.9754,-1,-1,-1
24,2070,247.07,402.06,45.75,103.8,0.9741,-1,-1,-1
24,2046,362.85,529.24,59.37,116.11,0.9732,-1,-1,-1
24,2045,1107.29,566.25,56.48,135.72,0.9732,-1,-1,-1
24,2048,1299.3,598.44,59.8,129.18,0.9712,-1,-1,-1
24,2054,0.0,241.87,41.19,79.99,0.9656,-1,-1,-1
24,2071,1846.82,370.89,55.86,98.35,0.9634,-1,-1,-1
24,2053,7.01,596.14,39.32,128.75,0.9634,-1,-1,-1
24,2050,955.6,317.71,42.65,81.47,0.9621,-1,-1,-1
24,2047,279.68,419.23,40.54,99.32,0.9586,-1,-1,-1
24,2057,197.09,240.57,30.75,72.65,0.9535,-1,-1,-1
25,2045,1105.78,564.73,71.33,134.72,0.9784,-1,-1,-1
25,2046,356.28,528.48,64.54,119.98,0.9755,-1,-1,-1
25,2052,308.54,422.12,49.89,100.59,0.9734,-1,-1,-1
25,2071,1839.66,372.4,51.79,97.68,0.9707,-1,-1,-1
25,2070,243.92,401.69,45.46,108.73,0.9707,-1,-1,-1
25,2054,0.0,244.37,42.15,79.53,0.9612,-1,-1,-1
25,2057,191.48,240.99,33.93,73.83,0.9583,-1,-1,-1
25,2050,959.52,318.25,33.94,82.76,0.958,-1,-1,-1
25,2047,278.27,421.23,38.07,99.97,0.9556,-1,-1,-1
25,2053,0.6,598.55,35.59,125.31,0.9487,-1,-1,-1
25,2048,1293.89,595.89,52.64,131.19,0.9424,-1,-1,-1
26,2045,1108.91,566.2,81.55,129.58,0.9804,-1,-1,-1
26,2046,352.74,526.5,68.85,124.23,0.9774,-1,-1,-1
26,2052,307.16,424.04,45.27,99.67,0.9773,-1,-1,-1
26,2071,1835.88,373.21,50.74,99.01,0.9725,-1,-1,-1
26,2050,957.05,318.54,39.09,84.75,0.9721,-1,-1,-1
26,2057,187.89,242.09,40.11,72.4,0.9697,-1,-1,-1
26,2070,242.56,405.63,37.91,103.2,0.9669,-1,-1,-1
26,2054,0.0,246.09,41.47,81.7,0.9634,-1,-1,-1
26,2048,1283.41,593.84,59.01,130.29,0.9618,-1,-1,-1
26,2047,280.36,425.73,30.95,90.79,0.945,-1,-1,-1
26,2053,0.0,599.66,27.21,127.13,0.9328,-1,-1,-1
27,2045,1112.54,567.53,82.17,126.78,0.9796,-1,-1,-1
27,2046,354.17,525.97,68.01,123.77,0.9778,-1,-1,-1
27,2052,308.21,424.78,42.54,99.54,0.9745,-1,-1,-1
27,2050,956.21,318.98,41.18,84.72,0.9744,-1,-1,-1
27,2071,1836.58,373.86,48.52,98.63,0.9731,-1,-1,-1
27,2048,1294.01,594.29,46.61,128.03,0.9714,-1,-1,-1
27,2057,186.8,242.79,43.2,70.86,0.9684,-1,-1,-1
27,2054,0.0,247.82,42.51,81.83,0.9638,-1,-1,-1
27,2070,242.47,406.32,34.78,102.14,0.9579,-1,-1,-1
27,2047,277.66,425.78,34.39,98.25,0.9482,-1,-1,-1
27,2053,0.0,600.01,24.77,126.81,0.9305,-1,-1,-1
28,2045,1121.2,571.55,85.53,123.2,0.9838,-1,-1,-1
28,2046,360.36,525.25,69.5,118.36,0.9759,-1,-1,-1
28,2048,1297.48,591.34,48.71,127.13,0.9751,-1,-1,-1
28,2050,956.86,321.14,46.24,84.33,0.9747,-1,-1,-1
28,2071,1839.65,375.6,45.47,98.93,0.9718,-1,-1,-1
28,2057,187.61,244.65,45.8,68.08,0.9691,-1,-1,-1
28,2052,312.21,426.68,37.99,98.18,0.9673,-1,-1,-1
28,2054,0.81,252.02,41.58,81.5,0.9646,-1,-1,-1
28,2047,277.87,428.52,38.46,98.77,0.9615,-1,-1,-1
28,2070,248.99,408.09,28.93,102.87,0.9455,-1,-1,-1
29,2046,370.1,526.92,66.26,110.4,0.9794,-1,-1,-1
29,2048,1302.5,589.8,50.54,123.42,0.9766,-1,-1,-1
29,2045,1135.74,575.28,76.18,123.59,0.9738,-1,-1,-1
29,2050,959.87,323.37,57.0,82.4,0.9706,-1,-1,-1
29,2071,1847.02,378.08,40.86,99.16,0.9702,-1,-1,-1
29,2057,193.46,246.54,43.16,69.51,0.9651,-1,-1,-1
29,2047,280.16,426.16,42.57,101.27,0.9618,-1,-1,-1
29,2052,316.9,427.74,34.44,99.26,0.9594,-1,-1,-1
29,2054,13.13,254.07,30.4,79.83,0.9392,-1,-1,-1
29,2070,255.94,409.47,29.16,102.87,0.9388,-1,-1,-1
29,2072,0.36,607.42,27.05,116.1,0.9383,-1,-1,-1
30,2046,378.19,527.57,61.0,111.07,0.9734,-1,-1,-1
30,2050,961.94,324.55,62.82,82.66,0.9725,-1,-1,-1
30,2048,1304.35,587.95,55.88,125.1,0.9705,-1,-1,-1
30,2071,1849.68,379.14,40.19,99.02,0.9701,-1,-1,-1
30,2045,1142.92,578.38,70.6,120.89,0.9691,-1,-1,-1
30,2057,195.39,248.1,42.0,69.92,0.9661,-1,-1,-1
30,2047,281.85,430.58,45.59,96.31,0.9605,-1,-1,-1
30,2054,18.1,254.26,31.35,80.44,0.9557,-1,-1,-1
30,2052,318.47,428.01,34.46,99.4,0.9527,-1,-1,-1
30,2070,258.03,410.77,30.43,103.48,0.9442,-1,-1,-1
30,2072,0.43,609.37,28.89,114.28,0.9394,-1,-1,-1
31,2046,399.91,528.52,46.64,112.23,0.976,-1,-1,-1
31,2050,967.56,327.2,70.75,82.12,0.9747,-1,-1,-1
31,2045,1159.91,577.19,54.19,125.57,0.9733,-1,-1,-1
31,2057,198.93,250.06,40.01,70.02,0.9702,-1,-1,-1
31,2048,1308.36,584.41,63.82,129.5,0.9679,-1,-1,-1
31,2071,1854.33,382.5,41.29,98.3,0.9662,-1,-1,-1
31,2054,28.34,255.24,34.77,81.49,0.9638,-1,-1,-1
31,2052,321.7,430.65,33.77,98.93,0.9464,-1,-1,-1
31,2070,258.92,411.94,34.6,104.89,0.9396,-1,-1,-1
31,2072,0.26,612.13,32.19,120.92,0.9349,-1,-1,-1
31,2047,287.33,431.04,50.31,94.26,0.9325,-1,-1,-1
32,2045,1171.86,576.3,48.79,126.12,0.9756,-1,-1,-1
32,2071,1858.94,385.06,42.27,98.77,0.9725,-1,-1,-1
32,2054,34.67,255.59,41.2,82.4,0.9707,-1,-1,-1
32,2048,1314.5,581.55,64.97,132.72,0.9705,-1,-1,-1
32,2050,977.63,330.6,70.54,83.99,0.9704,-1,-1,-1
32,2046,416.89,530.49,38.67,113.2,0.9697,-1,-1,-1
32,2057,202.35,250.81,37.48,69.83,0.9666,-1,-1,-1
32,2070,259.74,414.83,42.5,104.14,0.9598,-1,-1,-1
32,2052,324.89,430.84,35.35,101.25,0.9562,-1,-1,-1
32,2072,0.27,615.13,35.4,117.21,0.948,-1,-1,-1
32,2047,296.09,432.02,44.55,89.23,0.8813,-1,-1,-1
33,2048,1318.12,581.84,66.78,135.54,0.9799,-1,-1,-1
33,2045,1178.14,576.65,47.71,127.56,0.9744,-1,-1,-1
33,2046,421.99,530.86,37.98,114.21,0.9726,-1,-1,-1
33,2070,258.29,416.39,48.49,103.24,0.9714,-1,-1,-1
33,2054,37.42,256.26,48.44,81.68,0.9711,-1,-1,-1
33,2050,983.04,334.31,67.11,82.62,0.9699,-1,-1,-1
33,2071,1862.23,387.06,42.12,98.57,0.964,-1,-1,-1
33,2057,203.34,250.68,36.66,70.57,0.963,-1,-1,-1
33,2052,326.84,430.98,35.05,102.09,0.9566,-1,-1,-1
33,2072,0.68,615.52,36.0,117.42,0.9555,-1,-1,-1
33,2047,298.59,441.39,40.39,81.71,0.8856,-1,-1,-1
34,2046,423.2,528.96,47.89,118.19,0.9787,-1,-1,-1
34,2048,1324.34,580.79,67.53,139.83,0.9753,-1,-1,-1
34,2045,1187.02,576.37,52.44,130.78,0.974,-1,-1,-1
34,2071,1866.68,391.17,46.86,97.91,0.9737,-1,-1,-1
34,2052,326.84,433.48,40.21,105.75,0.9711,-1,-1,-1
34,2050,996.01,338.18,57.72,81.49,0.9696,-1,-1,-1
34,2070,261.72,419.83,52.67,103.05,0.9679,-1,-1,-1
34,2072,0.29,617.83,38.97,117.96,0.9626,-1,-1,-1
34,2057,206.53,250.22,42.32,73.97,0.961,-1,-1,-1
34,2054,43.13,259.54,55.91,77.27,0.9601,-1,-1,-1
35,2045,1197.25,576.65,67.06,135.98,0.9796,-1,-1,-1
35,2048,1335.07,581.71,60.17,139.1,0.9749,-1,-1,-1
35,2046,425.76,528.48,56.48,122.55,0.9725,-1,-1,-1
35,2070,262.35,421.37,56.54,106.32,0.9714,-1,-1,-1
35,2057,209.32,249.34,47.04,74.53,0.97,-1,-1,-1
35,2052,329.47,437.24,42.41,105.71,0.9692,-1,-1,-1
35,2054,51.6,262.48,55.38,75.99,0.9674,-1,-1,-1
35,2050,1015.27,339.44,41.66,83.23,0.9619,-1,-1,-1
35,2072,0.01,620.02,42.16,117.15,0.9614,-1,-1,-1
35,2071,1873.99,393.5,45.92,98.64,0.9322,-1,-1,-1
36,2052,329.88,437.24,44.46,106.28,0.9734,-1,-1,-1
36,2045,1201.7,577.83,71.56,135.82,0.9728,-1,-1,-1
36,2048,1339.47,582.08,59.6,138.97,0.9712,-1,-1,-1
36,2046,427.97,527.44,60.07,124.69,0.9705,-1,-1,-1
36,2070,263.19,424.05,57.83,103.74,0.9699,-1,-1,-1
36,2071,1876.47,395.8,43.53,98.74,0.9699,-1,-1,-1
36,2057,211.04,249.88,46.71,73.08,0.9691,-1,-1,-1
36,2054,54.92,264.05,54.05,76.48,0.9677,-1,-1,-1
36,2072,0.1,622.16,43.39,115.5,0.9654,-1,-1,-1
36,2050,1021.34,342.22,36.77,82.05,0.9429,-1,-1,-1
37,2046,433.11,526.28,73.94,119.72,0.9794,-1,-1,-1
37,2048,1349.03,585.08,57.69,134.54,0.9776,-1,-1,-1
37,2052,331.4,442.62,47.09,103.05,0.9757,-1,-1,-1
37,2045,1210.58,579.41,77.8,132.94,0.9734,-1,-1,-1
37,2070,266.18,426.25,55.72,104.71,0.9722,-1,-1,-1
37,2054,62.37,269.19,50.61,75.03,0.9703,-1,-1,-1
37,2057,216.1,251.38,43.9,69.64,0.9696,-1,-1,-1
37,2072,0.17,622.6,46.6,118.55,0.965,-1,-1,-1
37,2050,1037.94,342.6,27.79,84.58,0.9524,-1,-1,-1
37,2071,1885.38,398.51,34.62,99.78,0.9476,-1,-1,-1
38,2048,1357.94,588.23,60.06,131.58,0.9771,-1,-1,-1
38,2046,443.81,528.38,75.4,111.07,0.9735,-1,-1,-1
38,2070,269.94,429.16,56.68,105.45,0.973,-1,-1,-1
38,2054,68.16,271.06,46.09,75.36,0.9713,-1,-1,-1
38,2045,1222.37,582.51,75.64,126.47,0.9686,-1,-1,-1
38,2057,220.87,253.52,42.63,70.97,0.9679,-1,-1,-1
38,2052,337.82,444.03,44.94,105.29,0.9647,-1,-1,-1
38,2072,0.14,621.58,49.31,122.47,0.961,-1,-1,-1
38,2050,1049.34,343.95,27.84,86.17,0.9565,-1,-1,-1
38,2071,1895.1,399.39,24.9,102.05,0.8515,-1,-1,-1
39,2046,449.65,530.41,73.35,109.63,0.9755,-1,-1,-1
39,2070,272.78,429.68,57.17,105.13,0.9726,-1,-1,-1
39,2054,70.66,271.23,45.93,75.19,0.9722,-1,-1,-1
39,2045,1227.19,584.95,74.1,123.96,0.9719,-1,-1,-1
39,2057,223.52,254.54,41.67,70.36,0.9698,-1,-1,-1
39,2048,1362.65,590.33,59.64,128.01,0.9696,-1,-1,-1
39,2072,0.16,620.59,51.0,125.37,0.9633,-1,-1,-1
39,2052,340.36,443.97,43.66,105.4,0.9611,-1,-1,-1
39,2050,1054.08,345.36,31.41,85.31,0.9552,-1,-1,-1
39,2071,1903.88,417.87,16.12,83.86,0.8541,-1,-1,-1
39,2068,351.76,433.25,36.38,77.56,0.8423,-1,-1,-1
40,2070,280.43,430.12,52.87,104.32,0.9754,-1,-1,-1
40,2048,1372.91,593.72,57.89,125.69,0.9741,-1,-1,-1
40,2052,345.14,449.28,40.27,100.02,0.9712,-1,-1,-1
40,2045,1238.71,587.4,68.43,124.58,0.9709,-1,-1,-1
40,2050,1061.42,345.67,44.94,86.72,0.9708,-1,-1,-1
40,2054,76.86,269.77,49.39,77.67,0.9698,-1,-1,-1
40,2072,0.71,618.6,52.67,128.61,0.9692,-1,-1,-1
40,2057,227.48,256.87,40.63,69.42,0.9691,-1,-1,-1
40,2046,470.02,531.78,62.65,112.51,0.9641,-1,-1,-1
40,2068,360.55,429.43,38.34,86.28,0.9574,-1,-1,-1
41,2070,289.66,430.28,48.1,103.18,0.9743,-1,-1,-1
41,2048,1384.39,595.4,54.94,125.76,0.9733,-1,-1,-1
41,2045,1249.91,586.94,63.33,127.01,0.9728,-1,-1,-1
41,2050,1069.55,345.44,52.82,87.05,0.9709,-1,-1,-1
41,2054,82.41,269.21,57.91,78.82,0.9693,-1,-1,-1
41,2072,0.74,617.09,54.31,131.15,0.9689,-1,-1,-1
41,2046,489.74,532.18,51.23,113.87,0.967,-1,-1,-1
41,2052,352.49,451.3,38.69,96.5,0.9652,-1,-1,-1
41,2057,232.61,256.44,38.24,69.97,0.9638,-1,-1,-1
41,2068,370.29,426.6,38.4,93.26,0.9465,-1,-1,-1
42,2070,293.36,430.01,47.4,103.22,0.9744,-1,-1,-1
42,2050,1072.47,346.04,56.72,86.39,0.9723,-1,-1,-1
42,2045,1254.94,586.15,60.5,128.52,0.9715,-1,-1,-1
42,2072,0.61,616.59,55.04,133.32,0.9685,-1,-1,-1
42,2054,86.57,268.77,57.52,77.89,0.968,-1,-1,-1
42,2052,354.41,449.4,39.77,100.02,0.9673,-1,-1,-1
42,2048,1392.86,595.6,48.73,127.76,0.9635,-1,-1,-1
42,2057,235.01,255.15,37.3,70.63,0.961,-1,-1,-1
42,2046,497.48,532.08,53.09,113.96,0.9582,-1,-1,-1
42,2068,377.45,428.26,35.88,93.37,0.9378,-1,-1,-1
42,2075,0.0,508.15,17.59,97.99,0.7454,-1,-1,-1
43,2045,1264.28,584.29,57.74,130.76,0.9742,-1,-1,-1
43,2048,1403.15,595.45,45.61,130.58,0.973,-1,-1,-1
43,2050,1080.49,348.24,62.51,86.2,0.9724,-1,-1,-1
43,2046,508.27,529.93,53.39,118.13,0.9696,-1,-1,-1
43,2072,0.26,616.62,56.6,133.8,0.9681,-1,-1,-1
43,2070,303.64,430.86,37.5,103.88,0.9676,-1,-1,-1
43,2057,237.89,252.82,36.22,73.42,0.9626,-1,-1,-1
43,2054,91.76,270.14,57.68,72.17,0.9617,-1,-1,-1
43,2068,386.56,429.2,35.57,94.92,0.9514,-1,-1,-1
43,2052,361.48,445.36,35.07,105.58,0.9427,-1,-1,-1
43,2075,0.0,492.58,18.87,112.74,0.8389,-1,-1,-1
44,2046,518.47,526.29,56.65,121.49,0.9763,-1,-1,-1
44,2050,1088.86,350.62,62.98,85.62,0.9737,-1,-1,-1
44,2048,1414.66,594.29,43.07,131.92,0.9734,-1,-1,-1
44,2045,1273.02,581.44,55.82,134.66,0.9733,-1,-1,-1
44,2054,98.1,269.59,57.88,72.7,0.9703,-1,-1,-1
44,2072,0.79,617.87,56.42,133.26,0.9701,-1,-1,-1
44,2057,239.71,250.15,37.9,74.68,0.9665,-1,-1,-1
44,2068,397.08,429.82,34.34,95.35,0.9559,-1,-1,-1
44,2070,311.14,431.41,30.57,102.76,0.9546,-1,-1,-1
44,2052,366.8,447.18,34.36,104.11,0.9455,-1,-1,-1
44,2075,0.23,496.84,23.3,111.0,0.4649,-1,-1,-1
45,2050,1094.58,352.77,61.73,83.89,0.9723,-1,-1,-1
45,2045,1276.91,580.95,57.57,134.62,0.9722,-1,-1,-1
45,2072,1.69,618.79,56.18,131.84,0.9703,-1,-1,-1
45,2054,101.83,270.33,53.94,71.91,0.9684,-1,-1,-1
45,2057,240.93,249.91,38.36,72.77,0.9673,-1,-1,-1
45,2046,523.03,524.75,56.09,124.18,0.9643,-1,-1,-1
45,2048,1419.7,593.16,43.46,134.49,0.9573,-1,-1,-1
45,2052,370.45,447.61,33.71,104.44,0.9562,-1,-1,-1
45,2068,401.45,430.96,33.96,95.14,0.9547,-1,-1,-1
45,2070,313.98,431.5,29.73,103.83,0.9529,-1,-1,-1
46,2045,1286.42,581.05,59.32,133.17,0.9745,-1,-1,-1
46,2046,533.27,523.33,57.57,119.37,0.9742,-1,-1,-1
46,2050,1104.52,357.09,58.18,83.09,0.9738,-1,-1,-1
46,2048,1428.29,592.96,48.54,137.9,0.9736,-1,-1,-1
46,2072,5.86,621.49,54.09,126.81,0.973,-1,-1,-1
46,2057,243.81,250.44,38.72,68.79,0.9681,-1,-1,-1
46,2054,108.27,270.77,49.77,73.28,0.9678,-1,-1,-1
46,2052,375.07,449.24,36.28,104.0,0.9638,-1,-1,-1
46,2070,319.13,431.85,32.12,107.51,0.9513,-1,-1,-1
46,2068,411.28,430.69,34.92,95.03,0.9238,-1,-1,-1
46,2075,2.33,497.27,38.7,113.33,0.428,-1,-1,-1
47,2045,1295.88,581.49,61.23,130.65,0.9781,-1,-1,-1
47,2050,1116.62,359.55,53.16,83.41,0.9761,-1,-1,-1
47,2072,11.17,624.2,51.51,124.86,0.9724,-1,-1,-1
47,2052,382.04,451.61,40.72,105.94,0.9711,-1,-1,-1
47,2054,114.38,270.88,47.68,73.81,0.9705,-1,-1,-1
47,2046,545.12,523.06,61.53,112.74,0.9688,-1,-1,-1
47,2048,1438.76,592.43,52.93,141.28,0.9668,-1,-1,-1
47,2068,417.41,429.39,40.53,97.79,0.966,-1,-1,-1
47,2057,247.2,250.06,38.12,70.84,0.9623,-1,-1,-1
47,2070,325.37,432.75,35.75,110.22,0.9585,-1,-1,-1
47,2075,9.56,493.23,44.49,119.45,0.6288,-1,-1,-1
48,2048,1444.32,593.14,55.31,141.72,0.9772,-1,-1,-1
48,2046,550.01,523.99,64.07,110.35,0.9746,-1,-1,-1
48,2072,14.11,625.12,49.92,124.8,0.9724,-1,-1,-1
48,2045,1301.15,582.21,61.08,129.68,0.9722,-1,-1,-1
48,2050,1122.45,359.74,51.46,84.83,0.9717,-1,-1,-1
48,2068,418.66,428.58,45.35,98.05,0.9706,-1,-1,-1
48,2054,117.87,269.55,47.33,75.71,0.9698,-1,-1,-1
48,2052,384.84,453.18,42.94,104.66,0.9696,-1,-1,-1
48,2070,329.11,435.16,37.62,107.61,0.9676,-1,-1,-1
48,2057,249.78,251.03,37.33,71.37,0.9647,-1,-1,-1
48,2075,14.0,491.47,46.6,121.74,0.9283,-1,-1,-1
49,2048,1454.75,594.57,53.46,142.61,0.9764,-1,-1,-1
49,2046,568.88,525.37,56.06,111.92,0.9757,-1,-1,-1
49,2050,1136.43,359.29,43.44,85.99,0.975,-1,-1,-1
49,2070,334.82,435.99,45.61,108.14,0.9738,-1,-1,-1
49,2052,392.43,454.76,46.69,104.6,0.9727,-1,-1,-1
49,2072,22.8,624.62,46.19,126.89,0.9715,-1,-1,-1
49,2068,430.72,427.8,48.37,92.21,0.9711,-1,-1,-1
49,2045,1312.03,586.25,61.47,124.89,0.9704,-1,-1,-1
49,2054,124.08,267.92,49.42,78.92,0.9698,-1,-1,-1
49,2075,21.27,489.84,52.6,122.93,0.9678,-1,-1,-1
49,2057,256.26,252.61,36.52,71.52,0.9612,-1,-1,-1
49,2076,0.33,314.92,30.61,85.61,0.9507,-1,-1,-1
50,2052,399.6,456.96,49.56,105.68,0.9762,-1,-1,-1
50,2048,1466.31,595.87,53.48,139.31,0.9753,-1,-1,-1
50,2070,341.26,437.36,49.66,108.69,0.975,-1,-1,-1
50,2050,1146.58,358.48,42.13,88.88,0.9747,-1,-1,-1
50,2072,29.71,623.92,45.37,129.0,0.9747,-1,-1,-1
50,2046,589.56,527.36,44.28,113.76,0.9741,-1,-1,-1
50,2045,1322.68,589.13,61.94,123.67,0.9723,-1,-1,-1
50,2075,28.82,490.19,63.36,122.29,0.9711,-1,-1,-1
50,2054,130.63,267.5,50.55,79.1,0.9666,-1,-1,-1
50,2068,441.43,428.58,55.91,93.71,0.9646,-1,-1,-1
50,2057,263.01,253.7,35.56,72.15,0.9636,-1,-1,-1
50,2076,0.39,317.42,35.61,84.91,0.9525,-1,-1,-1
51,2075,32.72,490.3,72.2,119.9,0.9774,-1,-1,-1
51,2052,402.94,457.97,49.94,104.1,0.9767,-1,-1,-1
51,2072,32.8,622.14,44.82,130.84,0.9752,-1,-1,-1
51,2048,1470.7,597.64,55.3,136.35,0.9741,-1,-1,-1
51,2050,1151.59,357.83,41.61,91.05,0.9739,-1,-1,-1
51,2070,344.01,438.77,52.65,109.52,0.9721,-1,-1,-1
51,2054,133.47,267.17,50.29,78.67,0.971,-1,-1,-1
51,2045,1328.64,589.95,61.55,124.61,0.971,-1,-1,-1
51,2046,600.79,528.31,38.87,113.07,0.9685,-1,-1,-1
51,2068,447.29,427.7,57.6,93.29,0.968,-1,-1,-1
51,2057,266.02,253.58,36.11,73.15,0.9657,-1,-1,-1
51,2076,2.83,318.07,36.39,85.1,0.9354,-1,-1,-1
52,2075,43.64,492.44,74.16,115.13,0.9781,-1,-1,-1
52,2048,1483.45,602.75,51.82,131.69,0.9755,-1,-1,-1
52,2052,410.85,460.15,47.0,105.18,0.9747,-1,-1,-1
52,2072,39.99,622.24,44.3,132.88,0.9736,-1,-1,-1
52,2045,1340.44,591.06,61.28,127.46,0.9733,-1,-1,-1
52,2050,1160.97,357.35,41.14,93.33,0.9705,-1,-1,-1
52,2070,349.76,440.84,54.48,109.37,0.9703,-1,-1,-1
52,2054,141.99,266.96,46.79,75.75,0.9695,-1,-1,-1
52,2046,618.6,528.61,36.94,114.94,0.9612,-1,-1,-1
52,2057,272.15,253.32,36.32,72.56,0.9599,-1,-1,-1
52,2076,23.28,318.83,32.33,86.51,0.9511,-1,-1,-1
52,2068,460.24,430.65,54.49,93.15,0.9496,-1,-1,-1
53,2045,1349.67,589.52,63.04,130.44,0.9759,-1,-1,-1
53,2075,54.52,494.92,79.14,114.93,0.9753,-1,-1,-1
53,2052,416.99,461.8,47.33,103.98,0.9741,-1,-1,-1
53,2054,148.71,268.82,45.53,74.24,0.973,-1,-1,-1
53,2072,47.28,623.18,45.46,133.81,0.9729,-1,-1,-1
53,2048,1496.45,604.69,51.98,131.13,0.9727,-1,-1,-1
53,2050,1171.13,358.29,39.33,93.88,0.9711,-1,-1,-1
53,2046,633.45,526.52,38.59,120.23,0.9689,-1,-1,-1
53,2070,357.54,442.81,52.86,109.08,0.9687,-1,-1,-1
53,2057,278.14,251.87,35.59,75.85,0.9635,-1,-1,-1
53,2076,32.09,319.79,41.45,86.17,0.9631,-1,-1,-1
53,2068,486.92,431.62,42.69,93.42,0.9535,-1,-1,-1
54,2045,1354.19,588.5,63.36,134.08,0.9771,-1,-1,-1
54,2048,1503.48,604.5,49.91,133.65,0.9765,-1,-1,-1
54,2072,50.94,623.98,47.04,132.74,0.9754,-1,-1,-1
54,2054,152.35,268.76,45.64,74.82,0.9747,-1,-1,-1
54,2070,361.93,444.62,51.06,108.59,0.9734,-1,-1,-1
54,2075,64.21,497.54,73.07,114.99,0.9727,-1,-1,-1
54,2052,421.5,462.81,45.7,102.84,0.9722,-1,-1,-1
54,2046,637.32,524.68,41.52,124.33,0.9714,-1,-1,-1
54,2050,1175.31,358.72,39.87,93.92,0.9686,-1,-1,-1
54,2076,35.9,319.43,45.25,87.8,0.9652,-1,-1,-1
54,2057,281.11,251.11,34.8,76.11,0.9573,-1,-1,-1
54,2068,495.63,431.75,42.49,94.65,0.9536,-1,-1,-1
55,2045,1364.05,587.21,61.91,136.06,0.9756,-1,-1,-1
55,2048,1514.62,606.23,51.05,134.88,0.9738,-1,-1,-1
55,2072,57.95,625.82,49.05,126.5,0.9736,-1,-1,-1
55,2052,430.3,463.21,45.4,103.53,0.9728,-1,-1,-1
55,2054,159.07,270.67,45.26,75.96,0.9708,-1,-1,-1
55,2070,370.84,445.9,50.5,108.63,0.9704,-1,-1,-1
55,2050,1185.17,358.84,37.79,95.67,0.9667,-1,-1,-1
55,2076,45.12,319.39,53.58,89.2,0.9656,-1,-1,-1
55,2046,648.58,522.74,48.18,126.31,0.9641,-1,-1,-1
55,2068,509.93,431.27,41.2,97.07,0.9621,-1,-1,-1
55,2057,287.44,251.58,32.61,74.15,0.9552,-1,-1,-1
55,2075,88.13,501.68,56.43,111.83,0.9319,-1,-1,-1
56,2048,1526.42,605.02,50.56,139.84,0.9771,-1,-1,-1
56,2072,65.1,628.81,51.47,123.87,0.9769,-1,-1,-1
56,2052,440.49,464.42,44.3,103.29,0.9761,-1,-1,-1
56,2045,1372.66,586.8,60.51,139.24,0.9758,-1,-1,-1
56,2046,657.82,522.15,60.47,118.91,0.9749,-1,-1,-1
56,2070,382.6,446.76,45.79,108.39,0.9737,-1,-1,-1
56,2076,55.68,320.04,65.93,88.6,0.9732,-1,-1,-1
56,2054,165.59,271.6,46.29,76.2,0.9721,-1,-1,-1
56,2068,520.63,428.57,45.11,101.49,0.9706,-1,-1,-1
56,2050,1196.04,361.17,36.91,98.4,0.9666,-1,-1,-1
56,2077,0.17,289.19,37.65,84.57,0.9607,-1,-1,-1
56,2057,293.57,252.26,30.47,70.99,0.9538,-1,-1,-1
56,2075,107.31,504.66,51.6,111.15,0.9223,-1,-1,-1
57,2045,1378.68,586.13,58.05,140.1,0.975,-1,-1,-1
57,2048,1531.48,606.23,52.65,140.66,0.9738,-1,-1,-1
57,2070,388.46,448.41,43.87,108.21,0.973,-1,-1,-1
57,2068,526.66,427.33,47.17,104.05,0.9722,-1,-1,-1
57,2076,61.76,320.86,71.23,86.9,0.9705,-1,-1,-1
57,2052,445.66,464.89,43.89,102.65,0.9704,-1,-1,-1
57,2072,69.74,630.99,52.56,120.84,0.9701,-1,-1,-1
57,2050,1202.25,363.98,37.51,95.33,0.9678,-1,-1,-1
57,2054,167.96,271.45,46.99,76.18,0.9673,-1,-1,-1
57,2046,664.85,522.17,63.45,114.0,0.9663,-1,-1,-1
57,2077,0.2,290.19,42.03,84.43,0.9633,-1,-1,-1
57,2075,115.22,506.12,51.29,111.5,0.9566,-1,-1,-1
57,2057,296.66,252.88,31.27,70.44,0.8556,-1,-1,-1
58,2046,680.22,523.78,64.75,109.46,0.9778,-1,-1,-1
58,2054,174.98,270.12,48.63,78.44,0.9745,-1,-1,-1
58,2076,79.19,322.65,72.08,85.19,0.9744,-1,-1,-1
58,2048,1544.12,605.83,52.82,142.01,0.9743,-1,-1,-1
58,2045,1389.55,587.42,55.31,139.29,0.9707,-1,-1,-1
58,2050,1214.07,367.21,38.0,94.87,0.9707,-1,-1,-1
58,2068,540.24,426.63,49.47,99.77,0.9707,-1,-1,-1
58,2072,78.17,631.98,54.36,121.52,0.9704,-1,-1,-1
58,2077,2.4,290.84,51.54,87.17,0.9685,-1,-1,-1
58,2070,402.09,450.03,37.22,108.65,0.9603,-1,-1,-1
58,2075,127.47,504.84,53.74,114.24,0.9549,-1,-1,-1
58,2052,457.82,465.5,44.7,102.68,0.9497,-1,-1,-1
58,2057,304.77,255.36,31.44,70.62,0.9484,-1,-1,-1
59,2072,89.0,629.62,50.92,127.58,0.9765,-1,-1,-1
59,2045,1401.15,589.89,54.03,135.36,0.9752,-1,-1,-1
59,2052,470.5,465.64,43.06,105.26,0.9726,-1,-1,-1
59,2068,554.95,426.41,56.75,96.6,0.9709,-1,-1,-1
59,2054,182.52,269.4,48.52,80.2,0.9709,-1,-1,-1
59,2046,699.63,524.97,60.74,112.58,0.9704,-1,-1,-1
59,2048,1557.03,605.41,52.54,145.61,0.9688,-1,-1,-1
59,2077,16.45,293.9,45.18,84.9,0.9679,-1,-1,-1
59,2075,141.52,501.73,51.35,118.33,0.9673,-1,-1,-1
59,2076,101.17,324.88,60.16,86.44,0.9664,-1,-1,-1
59,2050,1226.98,370.39,37.38,93.38,0.9651,-1,-1,-1
59,2057,312.25,256.75,32.48,70.78,0.954,-1,-1,-1
59,2070,416.49,451.27,31.65,108.74,0.9329,-1,-1,-1
60,2045,1407.82,591.31,54.42,131.85,0.9763,-1,-1,-1
60,2048,1563.02,606.72,53.02,144.27,0.9747,-1,-1,-1
60,2075,149.0,500.35,50.84,120.69,0.9745,-1,-1,-1
60,2072,95.93,629.55,49.34,126.11,0.9736,-1,-1,-1
60,2068,560.41,425.02,60.84,97.49,0.972,-1,-1,-1
60,2052,476.8,466.65,43.04,105.7,0.9718,-1,-1,-1
60,2054,186.79,268.82,47.02,78.95,0.9718,-1,-1,-1
60,2046,709.69,525.41,59.06,112.99,0.9717,-1,-1,-1
60,2076,112.74,326.02,53.11,86.2,0.9702,-1,-1,-1
60,2077,24.67,294.74,43.15,84.51,0.9657,-1,-1,-1
60,2050,1234.11,372.44,35.85,92.24,0.9611,-1,-1,-1
60,2057,316.82,257.39,32.17,71.46,0.9521,-1,-1,-1
60,2070,423.38,451.26,29.63,109.73,0.9468,-1,-1,-1
61,2045,1420.83,593.79,54.68,128.29,0.9762,-1,-1,-1
61,2075,163.99,496.78,48.95,120.97,0.9758,-1,-1,-1
61,2048,1576.32,608.08,55.39,140.74,0.9757,-1,-1,-1
61,2072,107.17,625.81,48.74,130.23,0.9744,-1,-1,-1
61,2052,488.19,466.54,43.33,106.45,0.9742,-1,-1,-1
61,2054,195.13,268.04,45.16,78.64,0.9708,-1,-1,-1
61,2046,733.57,526.17,53.28,114.69,0.9692,-1,-1,-1
61,2068,577.27,426.25,62.26,94.88,0.9684,-1,-1,-1
61,2050,1248.44,375.2,34.25,91.43,0.9555,-1,-1,-1
61,2057,323.78,256.92,34.42,72.29,0.9531,-1,-1,-1
61,2070,435.44,452.73,31.57,108.48,0.9501,-1,-1,-1
61,2076,150.11,328.07,33.9,84.48,0.9332,-1,-1,-1
61,2077,43.17,295.51,36.97,83.29,0.9265,-1,-1,-1
62,2072,118.79,624.12,47.57,130.66,0.974,-1,-1,-1
62,2052,499.61,467.32,44.39,106.83,0.9739,-1,-1,-1
62,2048,1589.65,610.84,55.55,136.64,0.9722,-1,-1,-1
62,2046,754.06,525.06,52.0,116.32,0.9713,-1,-1,-1
62,2075,179.79,494.46,48.4,120.33,0.971,-1,-1,-1
62,2054,203.21,267.32,43.72,77.11,0.9708,-1,-1,-1
62,2045,1435.33,594.83,53.76,131.01,0.9693,-1,-1,-1
62,2068,600.22,425.75,54.9,97.01,0.9642,-1,-1,-1
62,2057,330.17,255.04,35.97,73.92,0.9615,-1,-1,-1
62,2076,165.39,327.21,38.73,85.83,0.9601,-1,-1,-1
62,2050,1260.13,374.36,36.08,108.71,0.958,-1,-1,-1
62,2070,447.39,454.02,34.0,109.0,0.9505,-1,-1,-1
62,2077,57.51,293.57,35.34,85.42,0.9425,-1,-1,-1
63,2045,1441.93,593.78,51.96,132.96,0.976,-1,-1,-1
63,2072,123.96,622.17,48.47,131.98,0.9756,-1,-1,-1
63,2048,1595.65,612.26,58.96,133.97,0.974,-1,-1,-1
63,2075,186.61,494.3,52.19,120.09,0.9736,-1,-1,-1
63,2046,763.72,523.09,50.82,118.72,0.9707,-1,-1,-1
63,2052,504.69,467.0,44.23,107.39,0.9698,-1,-1,-1
63,2054,207.99,266.81,42.88,77.93,0.9694,-1,-1,-1
63,2050,1264.48,373.85,38.48,109.9,0.9682,-1,-1,-1
63,2068,611.86,425.84,51.35,98.67,0.9674,-1,-1,-1
63,2057,334.33,253.72,35.62,73.85,0.9635,-1,-1,-1
63,2076,170.32,327.14,43.82,86.18,0.9601,-1,-1,-1
63,2077,63.74,292.21,34.39,86.76,0.9442,-1,-1,-1
63,2070,452.4,452.14,33.93,109.58,0.9437,-1,-1,-1
64,2045,1454.23,592.02,51.85,134.27,0.9769,-1,-1,-1
64,2072,135.54,620.45,48.37,131.52,0.9746,-1,-1,-1
64,2046,781.11,518.02,51.13,123.09,0.9738,-1,-1,-1
64,2052,516.93,468.03,42.89,107.53,0.973,-1,-1,-1
64,2048,1610.24,614.5,60.81,131.44,0.9728,-1,-1,-1
64,2075,200.59,493.95,59.45,114.69,0.9721,-1,-1,-1
64,2050,1274.18,373.95,42.28,106.32,0.969,-1,-1,-1
64,2076,181.93,327.19,52.15,84.7,0.9683,-1,-1,-1
64,2054,216.4,265.86,39.48,79.27,0.9677,-1,-1,-1
64,2077,76.27,289.95,34.33,87.66,0.9566,-1,-1,-1
64,2068,640.1,425.94,37.9,99.14,0.9564,-1,-1,-1
64,2057,341.44,250.52,37.15,76.02,0.9551,-1,-1,-1
64,2070,463.85,452.47,36.94,109.92,0.9502,-1,-1,-1
65,2045,1464.84,590.58,55.75,136.59,0.9754,-1,-1,-1
65,2075,214.91,494.78,63.08,112.95,0.975,-1,-1,-1
65,2050,1282.33,374.03,47.32,102.81,0.9748,-1,-1,-1
65,2046,799.24,514.64,50.93,125.06,0.9719,-1,-1,-1
65,2052,528.46,469.15,42.22,105.27,0.9707,-1,-1,-1
65,2072,146.49,619.47,48.22,128.18,0.9702,-1,-1,-1
65,2070,475.72,453.41,39.8,109.22,0.9664,-1,-1,-1
65,2076,196.2,324.93,63.15,85.43,0.9648,-1,-1,-1
65,2048,1622.78,615.3,63.86,133.72,0.9641,-1,-1,-1
65,2057,348.57,247.38,36.84,73.9,0.9586,-1,-1,-1
65,2054,225.38,265.59,37.03,79.16,0.9567,-1,-1,-1
65,2077,88.63,287.8,36.18,88.41,0.9543,-1,-1,-1
65,2068,658.99,423.63,36.09,99.88,0.9526,-1,-1,-1
66,2050,1287.11,374.39,48.71,101.53,0.9766,-1,-1,-1
66,2045,1469.99,589.33,58.11,138.29,0.9764,-1,-1,-1
66,2072,152.33,620.06,47.46,125.03,0.9747,-1,-1,-1
66,2048,1630.9,615.01,62.28,134.46,0.9743,-1,-1,-1
66,2046,807.51,514.33,51.02,120.25,0.9723,-1,-1,-1
66,2075,223.89,495.01,60.48,113.01,0.9709,-1,-1,-1
66,2052,534.99,470.48,41.39,105.36,0.9677,-1,-1,-1
66,2070,482.08,452.51,42.77,110.71,0.9671,-1,-1,-1
66,2077,95.7,287.18,39.34,88.36,0.9626,-1,-1,-1
66,2068,667.62,422.14,35.49,101.26,0.9611,-1,-1,-1
66,2076,203.92,325.48,68.42,82.56,0.96,-1,-1,-1
66,2057,353.05,246.36,36.63,73.89,0.958,-1,-1,-1
66,2054,228.47,263.17,37.62,78.14,0.949,-1,-1,-1
66,2078,0.13,377.33,21.42,95.67,0.8253,-1,-1,-1
67,2048,1642.63,612.8,62.49,138.26,0.9759,-1,-1,-1
67,2050,1295.29,373.44,54.72,101.7,0.9748,-1,-1,-1
67,2072,165.12,620.57,45.64,121.1,0.9739,-1,-1,-1
67,2070,493.65,453.67,43.15,110.04,0.9731,-1,-1,-1
67,2046,824.14,512.12,53.05,114.04,0.9728,-1,-1,-1
67,2045,1480.66,587.53,63.6,141.82,0.9715,-1,-1,-1
67,2068,681.15,419.39,40.02,103.48,0.9692,-1,-1,-1
67,2052,547.57,470.87,38.82,105.14,0.9685,-1,-1,-1
67,2077,109.23,287.07,42.73,86.46,0.9628,-1,-1,-1
67,2057,360.1,245.56,37.81,73.4,0.9627,-1,-1,-1
67,2076,221.24,321.58,74.12,83.55,0.9503,-1,-1,-1
67,2075,244.25,496.31,52.17,112.7,0.947,-1,-1,-1
67,2054,238.88,262.17,34.88,68.13,0.9412,-1,-1,-1
67,2078,0.15,374.7,31.84,98.93,0.9334,-1,-1,-1
68,2045,1490.8,586.03,67.14,142.31,0.978,-1,-1,-1
68,2048,1655.12,610.81,60.16,141.44,0.9754,-1,-1,-1
68,2072,179.11,619.58,42.53,123.39,0.9741,-1,-1,-1
68,2050,1304.81,374.78,57.55,97.98,0.9728,-1,-1,-1
68,2046,841.25,511.65,55.18,112.48,0.9728,-1,-1,-1
68,2070,504.57,452.77,45.43,111.1,0.9708,-1,-1,-1
68,2076,243.24,322.26,67.67,85.62,0.9657,-1,-1,-1
68,2077,123.73,286.92,42.88,84.8,0.9632,-1,-1,-1
68,2052,559.3,470.0,37.42,104.41,0.9616,-1,-1,-1
68,2057,369.77,245.1,37.52,73.96,0.9575,-1,-1,-1
68,2078,0.86,369.75,43.55,102.19,0.9569,-1,-1,-1
68,2054,246.25,259.03,33.27,75.29,0.9533,-1,-1,-1
68,2068,695.16,416.39,48.24,102.25,0.9325,-1,-1,-1
68,2079,0.0,291.68,27.4,98.71,0.8873,-1,-1,-1
68,2075,263.06,498.7,41.77,110.01,0.8109,-1,-1,-1
69,2045,1496.02,586.64,68.47,138.44,0.9771,-1,-1,-1
69,2048,1660.5,610.06,60.96,143.0,0.976,-1,-1,-1
69,2046,851.96,511.76,53.35,115.08,0.9742,-1,-1,-1
69,2068,702.11,415.89,52.63,99.45,0.9731,-1,-1,-1
69,2050,1308.78,374.98,59.09,96.84,0.973,-1,-1,-1
69,2070,510.41,453.6,43.51,110.07,0.9702,-1,-1,-1
69,2078,8.57,369.5,41.76,102.39,0.9688,-1,-1,-1
69,2072,186.24,618.68,42.54,125.09,0.9681,-1,-1,-1
69,2077,131.67,286.96,40.05,84.0,0.9663,-1,-1,-1
69,2052,565.96,469.38,36.28,104.31,0.9601,-1,-1,-1
69,2076,257.85,323.05,57.17,85.39,0.9575,-1,-1,-1
69,2057,375.21,245.73,36.08,74.28,0.9556,-1,-1,-1
69,2054,249.79,257.85,35.05,78.73,0.9545,-1,-1,-1
69,2079,0.0,294.66,33.65,88.87,0.9275,-1,-1,-1
69,2075,272.25,500.94,41.2,108.29,0.8552,-1,-1,-1
70,2045,1506.34,587.16,70.23,133.71,0.9752,-1,-1,-1
70,2046,874.51,512.21,44.0,115.35,0.9748,-1,-1,-1
70,2070,521.12,453.37,45.01,107.54,0.9713,-1,-1,-1
70,2068,717.02,415.71,56.43,95.56,0.9702,-1,-1,-1
70,2050,1318.05,375.73,61.39,97.54,0.97,-1,-1,-1
70,2072,200.08,615.95,40.28,126.75,0.9681,-1,-1,-1
70,2078,20.59,369.47,42.6,101.24,0.9662,-1,-1,-1
70,2048,1672.24,608.75,62.61,145.04,0.966,-1,-1,-1
70,2052,576.93,468.29,36.75,105.53,0.9645,-1,-1,-1
70,2054,257.68,256.29,35.25,82.64,0.9563,-1,-1,-1
70,2079,9.77,294.07,35.02,83.8,0.9452,-1,-1,-1
70,2077,147.31,287.17,33.3,84.84,0.9437,-1,-1,-1
70,2075,289.03,496.85,41.7,113.65,0.9415,-1,-1,-1
70,2057,384.63,245.37,34.7,74.41,0.9376,-1,-1,-1
70,2076,290.92,323.11,37.01,85.91,0.9222,-1,-1,-1
71,2045,1515.22,588.05,73.5,132.59,0.977,-1,-1,-1
71,2048,1683.74,607.82,62.61,146.06,0.975,-1,-1,-1
71,2050,1328.14,376.91,63.08,96.37,0.9741,-1,-1,-1
71,2068,732.98,415.22,53.46,95.77,0.9728,-1,-1,-1
71,2052,586.02,467.42,39.64,106.68,0.9691,-1,-1,-1
71,2072,211.89,612.82,41.05,129.23,0.968,-1,-1,-1
71,2046,893.93,512.58,40.5,116.76,0.9678,-1,-1,-1
71,2070,534.17,452.63,41.89,108.23,0.9656,-1,-1,-1
71,2078,34.63,369.29,39.97,101.12,0.9523,-1,-1,-1
71,2077,163.56,286.29,29.85,84.07,0.9476,-1,-1,-1
71,2057,394.43,245.49,29.98,74.27,0.9445,-1,-1,-1
71,2054,265.7,256.35,34.11,79.06,0.9437,-1,-1,-1
71,2076,314.2,321.59,34.11,87.24,0.9361,-1,-1,-1
71,2079,24.5,296.04,34.25,81.18,0.9351,-1,-1,-1
71,2075,306.35,493.6,41.37,118.76,0.9191,-1,-1,-1
72,2045,1520.35,589.88,74.08,131.23,0.9789,-1,-1,-1
72,2048,1689.28,607.68,62.72,148.64,0.976,-1,-1,-1
72,2050,1333.03,376.99,63.24,97.18,0.9717,-1,-1,-1
72,2046,903.43,512.02,39.37,118.58,0.9709,-1,-1,-1
72,2052,591.51,467.5,39.75,107.17,0.968,-1,-1,-1
72,2068,744.12,415.32,49.74,97.3,0.9679,-1,-1,-1
72,2070,540.86,452.75,40.93,108.11,0.9673,-1,-1,-1
72,2072,216.99,611.39,42.8,130.57,0.9673,-1,-1,-1
72,2054,268.98,256.23,33.8,79.27,0.9571,-1,-1,-1
72,2076,321.11,320.66,37.34,88.39,0.9548,-1,-1,-1
72,2078,40.0,369.86,40.99,100.17,0.9531,-1,-1,-1
72,2057,398.87,244.47,28.94,74.39,0.9474,-1,-1,-1
72,2077,171.68,286.17,27.92,83.98,0.9402,-1,-1,-1
72,2075,314.41,492.26,41.46,120.24,0.8526,-1,-1,-1
72,2079,31.72,295.92,32.72,80.09,0.7804,-1,-1,-1
73,2045,1532.11,590.82,68.08,131.31,0.9782,-1,-1,-1
73,2072,227.22,609.02,48.44,132.0,0.9751,-1,-1,-1
73,2048,1700.43,608.48,62.43,144.73,0.9743,-1,-1,-1
73,2076,333.45,319.32,45.61,89.58,0.9716,-1,-1,-1
73,2070,552.32,452.61,39.99,107.73,0.9701,-1,-1,-1
73,2046,920.62,508.75,41.21,121.96,0.9701,-1,-1,-1
73,2050,1348.29,377.73,60.36,98.03,0.9674,-1,-1,-1
73,2052,601.64,466.89,42.93,108.31,0.9624,-1,-1,-1
73,2078,50.8,368.68,45.41,99.74,0.9624,-1,-1,-1
73,2068,770.01,415.72,40.2,97.11,0.955,-1,-1,-1
73,2054,276.9,255.93,32.38,81.02,0.9506,-1,-1,-1
73,2057,406.52,242.12,29.42,76.32,0.9477,-1,-1,-1
73,2075,327.63,488.2,43.13,123.21,0.9442,-1,-1,-1
73,2077,184.18,283.56,29.25,87.06,0.9376,-1,-1,-1
73,2079,46.03,296.16,31.33,81.52,0.9361,-1,-1,-1
74,2045,1538.13,589.55,67.37,134.96,0.9767,-1,-1,-1
74,2048,1712.68,610.03,59.42,140.18,0.9743,-1,-1,-1
74,2078,62.77,370.09,49.04,98.05,0.9708,-1,-1,-1
74,2052,611.72,468.67,46.45,107.95,0.9691,-1,-1,-1
74,2072,237.4,609.43,50.44,128.28,0.9682,-1,-1,-1
74,2076,346.07,316.87,58.5,91.31,0.968,-1,-1,-1
74,2050,1360.06,378.13,59.94,98.3,0.9663,-1,-1,-1
74,2046,937.3,504.81,41.68,122.13,0.9629,-1,-1,-1
74,2070,563.06,450.99,36.88,108.63,0.9611,-1,-1,-1
74,2075,339.11,486.53,47.99,125.61,0.9609,-1,-1,-1
74,2077,197.89,281.48,28.6,88.25,0.9568,-1,-1,-1
74,2068,788.88,414.72,39.42,98.4,0.956,-1,-1,-1
74,2054,283.57,256.52,32.33,80.31,0.952,-1,-1,-1
74,2057,413.87,241.55,30.71,74.92,0.9513,-1,-1,-1
74,2079,59.53,294.45,30.97,82.94,0.9253,-1,-1,-1
75,2045,1543.29,588.44,63.63,136.08,0.9778,-1,-1,-1
75,2046,945.17,503.6,43.52,124.66,0.9751,-1,-1,-1
75,2048,1718.64,610.6,57.66,138.01,0.9748,-1,-1,-1
75,2052,616.5,468.5,48.49,108.79,0.973,-1,-1,-1
75,2072,242.64,608.8,52.04,124.16,0.9715,-1,-1,-1
75,2050,1369.92,378.52,55.58,98.82,0.9681,-1,-1,-1
75,2078,68.53,370.14,51.03,98.14,0.9641,-1,-1,-1
75,2076,352.44,316.31,65.89,89.6,0.9634,-1,-1,-1
75,2054,286.86,255.78,32.38,81.61,0.9617,-1,-1,-1
75,2070,568.85,451.24,35.36,109.69,0.9531,-1,-1,-1
75,2077,204.07,280.94,28.97,88.56,0.9496,-1,-1,-1
75,2068,796.06,413.25,36.49,99.35,0.9481,-1,-1,-1
75,2057,417.88,240.64,30.14,75.18,0.9479,-1,-1,-1
75,2075,345.2,486.16,52.97,121.39,0.9417,-1,-1,-1
75,2079,66.29,293.67,30.02,81.23,0.9235,-1,-1,-1
76,2045,1551.78,585.53,58.43,139.09,0.9787,-1,-1,-1
76,2048,1731.66,611.43,53.33,137.63,0.9739,-1,-1,-1
76,2076,366.81,315.21,74.99,86.75,0.9721,-1,-1,-1
76,2072,252.95,609.8,51.71,121.51,0.9708,-1,-1,-1
76,2068,808.7,410.02,45.46,101.56,0.9696,-1,-1,-1
76,2078,81.42,369.73,47.79,98.98,0.9666,-1,-1,-1
76,2052,627.16,471.85,57.85,106.65,0.9645,-1,-1,-1
76,2075,356.84,485.57,58.14,117.99,0.9627,-1,-1,-1
76,2077,213.82,279.23,36.2,90.72,0.9602,-1,-1,-1
76,2054,292.62,255.38,33.2,81.5,0.9579,-1,-1,-1
76,2070,578.87,450.16,33.82,111.79,0.9575,-1,-1,-1
76,2057,424.33,239.35,30.34,73.59,0.953,-1,-1,-1
76,2050,1385.7,378.92,51.88,99.76,0.9499,-1,-1,-1
76,2079,79.49,290.15,29.82,88.14,0.9471,-1,-1,-1
76,2046,958.94,501.9,50.28,122.81,0.9213,-1,-1,-1
77,2048,1743.05,610.02,51.35,139.93,0.9769,-1,-1,-1
77,2046,969.41,501.36,64.12,116.44,0.9752,-1,-1,-1
77,2078,92.18,367.33,45.33,100.88,0.9744,-1,-1,-1
77,2045,1559.55,582.3,57.07,144.46,0.9744,-1,-1,-1
77,2072,265.75,610.5,49.6,119.49,0.973,-1,-1,-1
77,2068,822.93,406.42,43.39,102.6,0.9683,-1,-1,-1
77,2077,222.93,278.98,41.72,89.5,0.9676,-1,-1,-1
77,2075,368.65,487.1,59.47,113.9,0.9658,-1,-1,-1
77,2052,645.02,473.92,55.96,105.8,0.9634,-1,-1,-1
77,2054,298.15,252.03,35.16,83.25,0.9629,-1,-1,-1
77,2076,384.18,315.19,73.9,87.01,0.9601,-1,-1,-1
77,2050,1400.53,379.68,48.39,99.79,0.9537,-1,-1,-1
77,2070,588.93,450.56,32.85,111.49,0.9525,-1,-1,-1
77,2079,89.78,288.46,33.55,88.67,0.9519,-1,-1,-1
77,2057,431.39,238.03,28.59,72.42,0.951,-1,-1,-1
77,2080,0.0,336.22,32.79,98.05,0.9385,-1,-1,-1
78,2045,1562.83,582.08,57.83,145.05,0.9761,-1,-1,-1
78,2072,271.72,609.32,48.35,120.36,0.9758,-1,-1,-1
78,2048,1747.43,609.85,53.06,140.29,0.9755,-1,-1,-1
78,2077,226.88,279.3,44.42,87.63,0.9711,-1,-1,-1
78,2046,977.15,500.39,63.3,114.6,0.9691,-1,-1,-1
78,2052,649.18,476.78,60.25,104.24,0.9685,-1,-1,-1
78,2075,373.19,487.11,61.3,113.45,0.9677,-1,-1,-1
78,2078,98.99,364.28,43.34,102.59,0.9669,-1,-1,-1
78,2068,830.24,405.7,43.93,104.0,0.9666,-1,-1,-1
78,2080,0.12,336.53,42.39,97.56,0.9666,-1,-1,-1
78,2076,396.5,316.61,65.91,87.08,0.9606,-1,-1,-1
78,2079,94.29,288.57,35.86,86.63,0.9574,-1,-1,-1
78,2054,300.51,250.46,36.95,84.57,0.9567,-1,-1,-1
78,2070,594.3,450.63,33.87,111.86,0.9519,-1,-1,-1
78,2057,434.67,238.65,27.56,71.51,0.9491,-1,-1,-1
78,2050,1410.69,380.44,43.47,99.88,0.9464,-1,-1,-1
79,2048,1757.22,607.84,52.13,142.77,0.9773,-1,-1,-1
79,2046,993.26,501.69,62.32,113.52,0.9764,-1,-1,-1
79,2072,281.41,605.81,48.63,127.11,0.9763,-1,-1,-1
79,2045,1569.35,578.83,58.77,149.52,0.9762,-1,-1,-1
79,2052,660.45,483.97,62.19,97.81,0.9745,-1,-1,-1
79,2080,0.0,335.93,61.32,98.92,0.9732,-1,-1,-1
79,2077,236.86,279.15,45.33,86.82,0.9721,-1,-1,-1
79,2068,844.86,403.89,46.86,98.94,0.9718,-1,-1,-1
79,2079,103.15,287.76,42.47,85.81,0.9701,-1,-1,-1
79,2054,306.09,248.92,38.36,84.08,0.9674,-1,-1,-1
79,2078,112.78,368.08,39.23,98.52,0.9665,-1,-1,-1
79,2050,1425.81,381.41,38.58,98.39,0.9596,-1,-1,-1
79,2057,440.63,238.74,26.78,73.15,0.9473,-1,-1,-1
79,2070,604.0,452.75,36.65,111.23,0.942,-1,-1,-1
79,2076,423.07,317.83,47.83,88.04,0.9333,-1,-1,-1
80,2048,1765.47,605.61,57.17,146.15,0.9774,-1,-1,-1
80,2072,292.29,603.2,47.42,126.5,0.9763,-1,-1,-1
80,2080,12.23,336.75,62.86,99.38,0.9746,-1,-1,-1
80,2052,670.2,486.24,63.87,96.8,0.974,-1,-1,-1
80,2045,1577.37,580.89,59.05,144.33,0.9726,-1,-1,-1
80,2068,859.41,403.39,47.97,95.73,0.9715,-1,-1,-1
80,2046,1013.75,501.4,57.0,115.02,0.9706,-1,-1,-1
80,2079,112.34,288.26,43.92,84.53,0.9688,-1,-1,-1
80,2077,247.48,279.79,41.98,85.9,0.9683,-1,-1,-1
80,2054,311.39,247.94,39.1,83.07,0.9679,-1,-1,-1
80,2070,614.71,451.78,37.48,111.61,0.9613,-1,-1,-1
80,2050,1432.42,382.23,40.3,98.42,0.9552,-1,-1,-1
80,2078,126.21,366.52,36.97,100.06,0.9551,-1,-1,-1
80,2057,445.27,240.6,27.41,70.74,0.9416,-1,-1,-1
80,2076,453.33,317.7,34.28,87.24,0.9103,-1,-1,-1
80,2075,409.3,488.6,49.32,113.07,0.8845,-1,-1,-1
81,2072,297.67,601.09,46.65,128.88,0.9762,-1,-1,-1
81,2052,672.74,488.15,66.52,96.2,0.9755,-1,-1,-1
81,2048,1768.44,605.76,58.35,147.48,0.974,-1,-1,-1
81,2046,1023.7,501.37,54.34,115.07,0.9726,-1,-1,-1
81,2045,1581.9,579.65,57.73,144.66,0.9721,-1,-1,-1
81,2068,867.35,404.22,47.19,93.9,0.9715,-1,-1,-1
81,2054,313.98,247.98,39.46,82.04,0.9706,-1,-1,-1
81,2077,252.59,280.94,43.75,84.71,0.9684,-1,-1,-1
81,2080,22.47,337.59,57.61,98.29,0.9683,-1,-1,-1
81,2079,117.04,288.9,47.07,83.48,0.9682,-1,-1,-1
81,2075,413.55,488.57,52.33,113.17,0.9618,-1,-1,-1
81,2070,618.71,451.19,37.47,112.59,0.96,-1,-1,-1
81,2078,132.42,364.48,36.38,100.81,0.9536,-1,-1,-1
81,2050,1439.47,382.56,36.19,98.55,0.9507,-1,-1,-1
81,2076,461.19,315.75,37.25,89.56,0.9432,-1,-1,-1
81,2057,447.82,240.47,28.64,70.99,0.9417,-1,-1,-1
82,2052,682.35,490.23,65.55,94.37,0.977,-1,-1,-1
82,2048,1773.17,603.65,64.27,150.18,0.9761,-1,-1,-1
82,2072,308.47,596.96,45.51,132.42,0.9749,-1,-1,-1
82,2045,1587.84,582.21,56.23,139.18,0.9742,-1,-1,-1
82,2075,427.82,486.38,49.73,115.01,0.9741,-1,-1,-1
82,2046,1041.44,499.94,48.43,117.83,0.974,-1,-1,-1
82,2080,42.64,338.3,45.58,97.44,0.9707,-1,-1,-1
82,2076,474.09,313.89,42.45,90.7,0.969,-1,-1,-1
82,2078,142.69,364.73,38.89,101.24,0.9673,-1,-1,-1
82,2068,884.01,405.42,43.62,94.83,0.9668,-1,-1,-1
82,2054,319.77,248.27,37.33,81.0,0.9667,-1,-1,-1
82,2079,128.16,290.28,51.21,82.77,0.965,-1,-1,-1
82,2070,628.7,451.95,35.23,113.11,0.9505,-1,-1,-1
82,2077,266.25,280.53,41.95,85.51,0.9474,-1,-1,-1
82,2050,1443.99,381.67,39.7,99.27,0.9272,-1,-1,-1
82,2057,452.11,239.11,30.23,72.7,0.9255,-1,-1,-1
83,2045,1594.75,583.98,51.75,136.1,0.9756,-1,-1,-1
83,2048,1778.11,604.98,68.82,148.29,0.9753,-1,-1,-1
83,2072,318.59,595.63,45.69,130.9,0.9752,-1,-1,-1
83,2052,691.08,491.34,66.91,95.08,0.9732,-1,-1,-1
83,2076,485.94,312.62,47.88,92.2,0.971,-1,-1,-1
83,2075,438.92,483.18,49.23,118.96,0.9684,-1,-1,-1
83,2046,1056.38,495.92,46.6,121.79,0.9682,-1,-1,-1
83,2078,152.06,366.34,41.01,100.08,0.9679,-1,-1,-1
83,2054,325.11,249.46,36.88,81.25,0.9677,-1,-1,-1
83,2079,142.7,290.67,52.1,83.86,0.9625,-1,-1,-1
83,2050,1455.29,381.82,37.32,98.79,0.9577,-1,-1,-1
83,2057,456.97,237.0,31.83,74.3,0.9557,-1,-1,-1
83,2070,637.37,452.33,34.09,112.72,0.9486,-1,-1,-1
83,2068,905.15,406.62,36.7,94.37,0.9471,-1,-1,-1
83,2077,282.28,280.85,36.86,85.22,0.9435,-1,-1,-1
83,2080,67.53,338.46,33.91,98.52,0.9365,-1,-1,-1
84,2048,1780.08,606.1,71.07,145.63,0.9779,-1,-1,-1
84,2045,1598.04,583.03,49.47,137.35,0.976,-1,-1,-1
84,2046,1063.2,494.5,47.33,123.51,0.9759,-1,-1,-1
84,2072,322.73,595.45,46.15,129.51,0.9744,-1,-1,-1
84,2052,695.4,492.09,67.22,96.2,0.972,-1,-1,-1
84,2076,492.28,312.49,52.99,92.75,0.9693,-1,-1,-1
84,2078,157.25,366.84,41.7,99.55,0.9685,-1,-1,-1
84,2079,151.03,290.32,50.81,85.7,0.9669,-1,-1,-1
84,2075,444.32,481.1,48.78,121.16,0.9647,-1,-1,-1
84,2080,75.77,337.85,33.83,97.96,0.9614,-1,-1,-1
84,2054,328.84,250.75,35.87,80.6,0.9605,-1,-1,-1
84,2050,1458.67,382.73,39.19,98.37,0.9602,-1,-1,-1
84,2057,460.49,236.07,31.22,75.36,0.9548,-1,-1,-1
84,2068,912.52,405.5,36.31,97.11,0.9522,-1,-1,-1
84,2077,289.96,279.88,33.82,86.87,0.946,-1,-1,-1
84,2070,642.07,454.11,32.52,112.21,0.939,-1,-1,-1
85,2048,1785.28,607.61,73.49,142.69,0.9773,-1,-1,-1
85,2072,331.88,596.68,46.58,124.2,0.9759,-1,-1,-1
85,2045,1604.92,585.02,45.02,136.56,0.9749,-1,-1,-1
85,2052,705.59,493.77,69.88,95.17,0.9727,-1,-1,-1
85,2076,505.0,312.23,61.61,88.37,0.9725,-1,-1,-1
85,2046,1077.3,492.78,47.11,124.53,0.9723,-1,-1,-1
85,2078,167.37,368.19,41.61,99.92,0.9681,-1,-1,-1
85,2079,164.05,289.24,50.67,87.59,0.9651,-1,-1,-1
85,2075,455.32,478.96,45.98,122.56,0.9598,-1,-1,-1
85,2050,1463.93,384.26,43.27,98.43,0.9582,-1,-1,-1
85,2054,336.41,250.99,32.82,81.13,0.9582,-1,-1,-1
85,2068,928.93,404.89,32.4,96.46,0.9567,-1,-1,-1
85,2057,465.25,235.22,31.97,76.65,0.9531,-1,-1,-1
85,2080,92.3,337.39,32.88,98.94,0.95,-1,-1,-1
85,2077,300.63,278.74,31.37,88.3,0.9347,-1,-1,-1
85,2070,650.22,454.8,32.97,110.72,0.9312,-1,-1,-1
86,2072,340.99,597.65,45.86,121.58,0.9743,-1,-1,-1
86,2046,1091.95,491.47,45.25,121.6,0.974,-1,-1,-1
86,2048,1790.6,609.03,72.88,139.49,0.9715,-1,-1,-1
86,2045,1609.41,583.25,45.43,139.29,0.9702,-1,-1,-1
86,2052,718.39,495.04,69.62,96.39,0.9691,-1,-1,-1
86,2080,100.97,337.05,41.28,100.05,0.9683,-1,-1,-1
86,2076,518.86,313.73,67.04,85.91,0.9682,-1,-1,-1
86,2078,176.64,368.91,40.83,99.34,0.9656,-1,-1,-1
86,2079,173.28,289.61,52.04,85.2,0.9647,-1,-1,-1
86,2050,1457.69,386.26,59.2,98.77,0.9637,-1,-1,-1
86,2068,940.21,404.91,37.0,96.88,0.9611,-1,-1,-1
86,2070,658.5,453.93,33.23,110.97,0.9578,-1,-1,-1
86,2075,466.49,476.89,44.44,122.57,0.9565,-1,-1,-1
86,2057,470.74,235.22,32.07,74.14,0.9552,-1,-1,-1
86,2054,343.76,250.87,29.66,81.73,0.9543,-1,-1,-1
86,2077,310.86,278.29,30.36,89.84,0.932,-1,-1,-1
87,2072,345.76,598.14,45.87,120.1,0.9763,-1,-1,-1
87,2046,1098.65,491.77,45.41,117.22,0.9758,-1,-1,-1
87,2045,1611.05,583.12,47.84,139.18,0.975,-1,-1,-1
87,2048,1793.17,609.96,72.04,137.84,0.9742,-1,-1,-1
87,2080,105.32,336.12,45.39,100.35,0.9739,-1,-1,-1
87,2050,1461.54,387.46,59.27,98.79,0.972,-1,-1,-1
87,2076,527.23,313.76,66.96,87.56,0.9714,-1,-1,-1
87,2052,722.88,495.08,70.37,97.47,0.9693,-1,-1,-1
87,2078,181.79,371.93,39.79,96.68,0.9674,-1,-1,-1
87,2068,945.95,404.51,38.39,97.9,0.9662,-1,-1,-1
87,2079,177.94,288.67,53.09,90.2,0.9651,-1,-1,-1
87,2057,473.1,234.73,32.68,73.44,0.9607,-1,-1,-1
87,2075,472.0,477.13,44.99,121.48,0.9542,-1,-1,-1
87,2077,315.52,278.06,30.55,89.85,0.9504,-1,-1,-1
87,2054,346.47,250.2,29.03,82.34,0.9501,-1,-1,-1
87,2070,661.44,454.67,33.65,111.71,0.9391,-1,-1,-1
88,2046,1112.33,491.77,44.63,112.62,0.979,-1,-1,-1
88,2045,1613.49,581.42,54.6,142.41,0.9771,-1,-1,-1
88,2048,1797.8,610.11,69.76,138.51,0.9768,-1,-1,-1
88,2072,355.19,597.61,46.9,121.96,0.9762,-1,-1,-1
88,2068,955.97,404.14,46.61,96.83,0.9727,-1,-1,-1
88,2050,1469.44,389.03,58.65,99.39,0.972,-1,-1,-1
88,2080,115.12,336.62,56.58,99.64,0.9694,-1,-1,-1
88,2052,735.57,496.12,65.55,98.71,0.9667,-1,-1,-1
88,2078,190.99,368.06,36.87,101.5,0.9641,-1,-1,-1
88,2079,187.88,288.69,53.95,83.05,0.9617,-1,-1,-1
88,2075,482.46,476.51,49.07,119.82,0.9608,-1,-1,-1
88,2057,477.62,235.32,33.45,71.52,0.9602,-1,-1,-1
88,2076,546.91,315.7,59.03,88.69,0.9566,-1,-1,-1
88,2070,670.11,453.93,32.79,112.79,0.9546,-1,-1,-1
88,2054,352.77,249.19,27.29,83.37,0.9518,-1,-1,-1
88,2077,325.6,279.09,30.55,89.27,0.9384,-1,-1,-1
89,2045,1615.67,579.79,59.77,144.39,0.9768,-1,-1,-1
89,2048,1801.57,608.45,64.28,141.17,0.9766,-1,-1,-1
89,2050,1473.43,390.47,60.49,98.71,0.976,-1,-1,-1
89,2046,1124.22,492.13,43.5,114.21,0.9752,-1,-1,-1
89,2072,364.92,595.19,45.75,124.57,0.9735,-1,-1,-1
89,2075,493.09,480.16,50.5,112.5,0.9722,-1,-1,-1
89,2080,123.43,336.4,65.7,96.83,0.9715,-1,-1,-1
89,2068,966.01,405.5,55.99,94.04,0.9713,-1,-1,-1
89,2079,197.21,288.38,54.11,87.44,0.9676,-1,-1,-1
89,2052,752.18,494.28,55.04,101.01,0.967,-1,-1,-1
89,2076,570.17,316.62,44.78,88.78,0.9618,-1,-1,-1
89,2057,482.27,236.4,32.4,71.4,0.9539,-1,-1,-1
89,2070,675.91,454.69,33.57,112.06,0.9486,-1,-1,-1
89,2054,356.58,248.3,27.86,82.22,0.9447,-1,-1,-1
89,2077,335.63,280.22,32.42,87.08,0.9369,-1,-1,-1
89,2078,199.41,371.98,35.69,98.82,0.931,-1,-1,-1
90,2050,1472.95,390.88,63.09,99.82,0.9778,-1,-1,-1
90,2045,1616.13,580.01,62.32,143.98,0.9772,-1,-1,-1
90,2048,1803.57,607.14,60.03,141.68,0.9765,-1,-1,-1
90,2072,368.39,593.46,46.09,125.14,0.9753,-1,-1,-1
90,2075,497.35,481.1,50.64,109.93,0.9753,-1,-1,-1
90,2080,128.31,336.22,66.82,96.53,0.9752,-1,-1,-1
90,2068,971.7,405.68,56.84,92.08,0.9714,-1,-1,-1
90,2052,757.92,494.15,52.05,101.19,0.9702,-1,-1,-1
90,2046,1130.35,492.99,42.02,113.46,0.9689,-1,-1,-1
90,2079,201.58,288.33,54.3,87.42,0.9654,-1,-1,-1
90,2078,202.07,368.28,35.92,101.03,0.9609,-1,-1,-1
90,2057,484.23,236.4,30.45,72.08,0.9504,-1,-1,-1
90,2077,340.11,280.21,31.64,88.03,0.9452,-1,-1,-1
90,2076,580.88,316.84,38.53,88.61,0.9418,-1,-1,-1
90,2070,679.47,453.43,33.53,112.82,0.9411,-1,-1,-1
90,2054,358.39,248.45,27.72,82.1,0.9229,-1,-1,-1
91,2050,1470.64,390.55,69.37,101.96,0.978,-1,-1,-1
91,2045,1615.95,579.9,67.38,141.56,0.9764,-1,-1,-1
91,2072,375.53,590.11,47.53,129.03,0.9755,-1,-1,-1
91,2048,1808.13,604.29,53.87,143.39,0.9745,-1,-1,-1
91,2068,984.71,407.14,51.36,90.69,0.9735,-1,-1,-1
91,2046,1141.76,492.46,40.11,114.98,0.9731,-1,-1,-1
91,2080,139.7,337.39,65.85,97.78,0.9731,-1,-1,-1
91,2075,506.99,482.56,47.96,108.98,0.9708,-1,-1,-1
91,2079,210.8,289.49,52.74,82.68,0.9692,-1,-1,-1
91,2052,772.09,493.2,44.17,101.92,0.9688,-1,-1,-1
91,2076,600.77,315.47,30.39,88.06,0.9502,-1,-1,-1
91,2078,209.73,371.21,32.35,97.06,0.948,-1,-1,-1
91,2070,685.23,453.95,33.06,110.91,0.946,-1,-1,-1
91,2057,488.93,237.55,26.79,71.38,0.9408,-1,-1,-1
91,2054,361.03,247.74,29.52,78.31,0.9334,-1,-1,-1
91,2077,349.84,282.07,28.1,84.41,0.9003,-1,-1,-1
92,2045,1616.57,579.09,71.39,137.43,0.9779,-1,-1,-1
92,2050,1487.02,391.58,56.07,98.52,0.9756,-1,-1,-1
92,2048,1809.48,601.32,52.98,147.5,0.9746,-1,-1,-1
92,2072,382.08,586.82,46.67,130.07,0.9736,-1,-1,-1
92,2052,779.9,492.88,42.35,103.65,0.9708,-1,-1,-1
92,2046,1152.42,490.19,40.55,117.2,0.9704,-1,-1,-1
92,2068,999.87,407.33,42.77,90.93,0.9683,-1,-1,-1
92,2080,154.6,339.0,55.86,95.45,0.9676,-1,-1,-1
92,2079,220.91,289.84,50.34,81.28,0.9671,-1,-1,-1
92,2075,515.92,483.02,45.04,108.49,0.9661,-1,-1,-1
92,2076,609.73,313.18,35.13,89.14,0.9601,-1,-1,-1
92,2078,214.39,369.37,32.55,97.47,0.9516,-1,-1,-1
92,2057,493.18,236.09,24.8,72.22,0.948,-1,-1,-1
92,2070,690.37,454.78,33.39,109.84,0.9454,-1,-1,-1
92,2081,0.44,385.18,21.99,106.42,0.895,-1,-1,-1
92,2054,363.97,247.63,29.62,65.59,0.8646,-1,-1,-1
92,2077,358.08,286.57,27.8,80.05,0.7601,-1,-1,-1
93,2045,1616.47,580.26,73.42,136.06,0.9781,-1,-1,-1
93,2048,1809.94,600.52,53.92,148.57,0.975,-1,-1,-1
93,2080,161.22,339.26,53.84,95.53,0.9719,-1,-1,-1
93,2050,1491.35,389.77,52.74,101.05,0.9716,-1,-1,-1
93,2046,1158.82,489.25,39.85,117.53,0.9698,-1,-1,-1
93,2075,520.5,482.8,44.54,108.4,0.9685,-1,-1,-1
93,2079,225.03,290.16,49.05,79.48,0.968,-1,-1,-1
93,2068,1008.45,406.45,39.52,90.9,0.9673,-1,-1,-1
93,2052,782.78,493.26,41.56,106.5,0.9669,-1,-1,-1
93,2072,384.39,585.54,46.88,130.68,0.9666,-1,-1,-1
93,2076,613.14,312.04,39.79,90.83,0.9664,-1,-1,-1
93,2070,693.02,453.97,34.88,111.06,0.9618,-1,-1,-1
93,2057,492.71,235.84,25.8,72.01,0.9538,-1,-1,-1
93,2077,362.44,246.28,33.06,119.96,0.9445,-1,-1,-1
93,2078,217.55,372.26,32.1,93.91,0.9326,-1,-1,-1
93,2081,0.0,385.81,27.24,102.63,0.9266,-1,-1,-1
94,2045,1616.13,580.65,75.53,134.01,0.9781,-1,-1,-1
94,2048,1809.89,599.53,55.24,149.56,0.9757,-1,-1,-1
94,2050,1500.11,389.2,48.57,101.24,0.9729,-1,-1,-1
94,2076,620.05,310.32,48.97,91.02,0.9724,-1,-1,-1
94,2080,178.1,338.08,44.01,95.32,0.9722,-1,-1,-1
94,2072,389.96,584.21,46.13,127.08,0.972,-1,-1,-1
94,2052,789.35,496.09,42.99,106.44,0.9718,-1,-1,-1
94,2046,1168.21,484.57,40.96,121.28,0.9696,-1,-1,-1
94,2079,235.93,289.65,45.12,78.57,0.9653,-1,-1,-1
94,2081,0.1,383.07,36.7,103.46,0.9611,-1,-1,-1
94,2068,1023.95,405.18,37.04,91.38,0.9589,-1,-1,-1
94,2070,697.45,454.53,35.92,109.42,0.9569,-1,-1,-1
94,2077,363.6,246.5,35.61,119.83,0.9523,-1,-1,-1
94,2057,493.45,235.6,24.67,72.4,0.9506,-1,-1,-1
94,2075,530.52,481.48,42.63,109.53,0.9336,-1,-1,-1
94,2078,223.99,373.35,31.18,92.48,0.9068,-1,-1,-1
95,2048,1808.63,600.18,57.93,148.21,0.9775,-1,-1,-1
95,2045,1613.77,580.41,72.55,133.52,0.9764,-1,-1,-1
95,2072,394.69,585.32,45.7,120.03,0.9739,-1,-1,-1
95,2076,626.61,310.37,61.74,86.03,0.9696,-1,-1,-1
95,2050,1510.06,388.78,41.85,101.56,0.9687,-1,-1,-1
95,2046,1177.14,481.81,43.86,124.23,0.9672,-1,-1,-1
95,2052,795.28,497.89,42.39,106.46,0.9672,-1,-1,-1
95,2081,2.64,380.78,41.01,103.11,0.9671,-1,-1,-1
95,2079,244.24,288.6,42.79,80.61,0.9645,-1,-1,-1
95,2075,538.72,479.05,41.26,112.22,0.9639,-1,-1,-1
95,2070,700.11,456.21,36.71,107.8,0.9571,-1,-1,-1
95,2057,491.6,233.37,29.9,73.39,0.9567,-1,-1,-1
95,2068,1033.51,403.13,34.48,92.73,0.9375,-1,-1,-1
95,2080,199.64,339.14,31.17,94.19,0.9334,-1,-1,-1
95,2078,228.53,372.91,34.22,92.65,0.9256,-1,-1,-1
95,2077,366.63,246.16,34.82,116.14,0.8906,-1,-1,-1
96,2048,1807.39,600.27,58.98,148.1,0.9777,-1,-1,-1
96,2046,1180.34,481.44,46.13,122.35,0.9743,-1,-1,-1
96,2045,1612.16,579.65,69.62,134.65,0.9736,-1,-1,-1
96,2072,396.43,584.88,47.68,119.92,0.9734,-1,-1,-1
96,2052,797.01,499.29,44.67,106.64,0.9727,-1,-1,-1
96,2076,629.97,309.38,66.72,85.25,0.972,-1,-1,-1
96,2050,1511.09,388.38,42.76,102.45,0.9711,-1,-1,-1
96,2081,6.07,380.43,42.09,102.38,0.9705,-1,-1,-1
96,2079,247.69,288.04,41.34,79.46,0.9606,-1,-1,-1
96,2070,701.62,456.58,36.51,106.83,0.9564,-1,-1,-1
96,2068,1037.68,401.65,31.86,93.89,0.9555,-1,-1,-1
96,2057,493.32,232.79,29.67,72.97,0.9546,-1,-1,-1
96,2054,366.42,246.22,32.03,73.99,0.9433,-1,-1,-1
96,2075,544.12,477.98,39.53,112.63,0.9361,-1,-1,-1
96,2080,205.69,339.42,30.51,92.94,0.9348,-1,-1,-1
96,2077,378.95,277.9,27.66,85.05,0.9307,-1,-1,-1
96,2078,231.12,379.5,33.8,85.28,0.9009,-1,-1,-1
97,2048,1807.0,601.4,58.54,145.73,0.9775,-1,-1,-1
97,2072,400.5,583.92,47.16,118.94,0.9764,-1,-1,-1
97,2046,1185.02,480.32,53.34,114.96,0.9755,-1,-1,-1
97,2045,1609.05,576.94,66.62,136.59,0.9746,-1,-1,-1
97,2052,801.55,501.33,49.05,105.66,0.9726,-1,-1,-1
97,2081,12.68,380.47,46.63,101.42,0.9718,-1,-1,-1
97,2076,639.29,309.88,70.8,82.73,0.9697,-1,-1,-1
97,2057,494.88,231.75,31.44,72.06,0.9655,-1,-1,-1
97,2070,705.01,457.62,38.31,106.23,0.9651,-1,-1,-1
97,2075,551.89,475.71,38.01,114.03,0.9628,-1,-1,-1
97,2050,1519.14,387.93,39.87,103.37,0.9606,-1,-1,-1
97,2079,255.75,286.64,39.74,81.28,0.9529,-1,-1,-1
97,2054,366.93,244.02,33.68,77.45,0.9526,-1,-1,-1
97,2068,1045.81,399.4,33.25,93.22,0.9511,-1,-1,-1
97,2080,213.66,336.3,32.79,92.96,0.9463,-1,-1,-1
97,2077,385.44,277.4,30.05,84.09,0.9374,-1,-1,-1
97,2078,233.57,366.52,34.44,97.66,0.9274,-1,-1,-1
98,2052,808.53,501.02,49.49,106.58,0.9779,-1,-1,-1
98,2045,1608.43,573.24,54.3,137.71,0.9755,-1,-1,-1
98,2048,1808.79,601.62,53.94,142.46,0.9754,-1,-1,-1
98,2072,404.29,580.9,45.58,121.14,0.9748,-1,-1,-1
98,2046,1191.68,480.71,55.41,109.04,0.9744,-1,-1,-1
98,2081,19.09,381.02,50.75,99.48,0.9733,-1,-1,-1
98,2057,492.67,231.37,36.06,69.5,0.9658,-1,-1,-1
98,2050,1523.61,388.14,39.51,102.83,0.9646,-1,-1,-1
98,2077,388.36,277.15,34.42,85.41,0.9642,-1,-1,-1
98,2079,260.72,285.76,40.09,81.13,0.9638,-1,-1,-1
98,2070,708.6,457.51,37.47,105.59,0.9633,-1,-1,-1
98,2076,651.29,311.25,63.75,84.13,0.9626,-1,-1,-1
98,2068,1053.45,400.26,37.83,89.57,0.9618,-1,-1,-1
98,2054,368.39,241.48,32.78,79.87,0.9552,-1,-1,-1
98,2075,558.22,472.31,39.89,117.62,0.9419,-1,-1,-1
98,2080,221.25,332.38,34.77,97.37,0.9014,-1,-1,-1
98,2078,236.73,368.65,31.35,94.19,0.8305,-1,-1,-1
99,2046,1196.42,481.15,48.53,106.28,0.9776,-1,-1,-1
99,2048,1809.18,600.8,51.83,142.1,0.9764,-1,-1,-1
99,2045,1606.93,571.01,53.6,140.26,0.9761,-1,-1,-1
99,2052,811.99,501.6,49.69,105.8,0.9756,-1,-1,-1
99,2072,406.43,578.27,44.18,122.38,0.9733,-1,-1,-1
99,2076,658.38,311.3,58.29,84.93,0.9718,-1,-1,-1
99,2081,22.73,381.19,49.53,98.7,0.9702,-1,-1,-1
99,2075,561.05,471.17,43.28,119.04,0.9663,-1,-1,-1
99,2079,263.12,284.68,42.11,81.24,0.9655,-1,-1,-1
99,2057,491.48,231.7,37.64,68.23,0.965,-1,-1,-1
99,2070,710.47,458.03,37.55,105.42,0.9617,-1,-1,-1
99,2077,390.01,275.56,36.28,85.63,0.9583,-1,-1,-1
99,2068,1057.76,400.36,35.85,88.77,0.9583,-1,-1,-1
99,2054,368.63,240.82,32.51,80.77,0.9551,-1,-1,-1
99,2050,1527.19,389.01,37.41,102.67,0.9228,-1,-1,-1
99,2078,233.23,368.44,35.35,95.12,0.8806,-1,-1,-1
99,2080,223.59,349.32,37.42,80.71,0.7083,-1,-1,-1
100,2052,819.48,502.81,47.32,107.0,0.9758,-1,-1,-1
100,2048,1806.77,598.67,49.48,142.03,0.9749,-1,-1,-1
100,2081,31.4,382.27,45.51,94.96,0.972,-1,-1,-1
100,2045,1602.76,569.0,57.16,141.08,0.9708,-1,-1,-1
100,2046,1206.12,480.78,48.3,107.0,0.9698,-1,-1,-1
100,2050,1525.21,389.1,44.61,101.93,0.9688,-1,-1,-1
100,2057,492.38,232.92,38.15,67.33,0.968,-1,-1,-1
100,2076,673.46,311.78,46.28,84.23,0.9667,-1,-1,-1
100,2077,393.68,274.28,38.9,86.49,0.9654,-1,-1,-1
100,2072,409.19,574.57,43.04,124.48,0.9643,-1,-1,-1
100,2068,1064.79,401.92,37.66,86.61,0.964,-1,-1,-1
100,2075,567.24,470.82,41.34,119.98,0.9609,-1,-1,-1
100,2054,369.13,240.33,32.28,79.23,0.9601,-1,-1,-1
100,2078,233.37,366.92,41.12,96.91,0.9535,-1,-1,-1
100,2070,712.72,457.35,36.2,106.63,0.9495,-1,-1,-1
100,2079,267.68,284.32,42.52,79.76,0.9487,-1,-1,-1
100,2080,237.82,333.25,38.27,52.73,0.9181,-1,-1,-1
101,2052,823.94,503.66,47.13,108.65,0.9772,-1,-1,-1
101,2048,1804.72,595.72,46.72,140.96,0.9763,-1,-1,-1
101,2045,1598.93,566.67,59.87,143.48,0.9757,-1,-1,-1
101,2046,1217.37,481.12,43.15,106.65,0.9696,-1,-1,-1
101,2072,412.79,571.43,42.78,127.14,0.9693,-1,-1,-1
101,2057,494.33,233.42,36.14,67.3,0.969,-1,-1,-1
101,2077,398.45,275.25,39.7,84.93,0.9685,-1,-1,-1
101,2050,1524.99,389.52,48.23,101.67,0.9659,-1,-1,-1
101,2081,41.16,381.67,42.23,95.27,0.9653,-1,-1,-1
101,2079,274.88,284.83,41.26,79.66,0.9647,-1,-1,-1
101,2054,369.06,240.02,33.44,78.73,0.962,-1,-1,-1
101,2075,571.36,471.33,42.65,117.28,0.961,-1,-1,-1
101,2070,715.84,455.52,35.15,109.13,0.9585,-1,-1,-1
101,2076,690.72,309.77,36.32,85.59,0.9489,-1,-1,-1
101,2068,1074.45,402.1,34.5,86.83,0.9468,-1,-1,-1
101,2078,242.05,366.03,36.13,97.04,0.9257,-1,-1,-1
101,2080,247.08,333.04,33.76,62.77,0.6208,-1,-1,-1
102,2052,827.65,504.65,45.75,109.62,0.9773,-1,-1,-1
102,2045,1596.76,565.66,62.37,143.01,0.9762,-1,-1,-1
102,2048,1804.79,594.1,44.19,139.91,0.9747,-1,-1,-1
102,2072,413.86,570.46,43.13,126.73,0.974,-1,-1,-1
102,2046,1223.15,480.21,40.34,106.47,0.9695,-1,-1,-1
102,2050,1524.38,389.43,51.19,102.05,0.9695,-1,-1,-1
102,2057,494.58,233.92,35.45,66.55,0.9691,-1,-1,-1
102,2077,400.6,275.83,38.58,83.5,0.9683,-1,-1,-1
102,2081,46.25,380.81,41.18,95.06,0.9677,-1,-1,-1
102,2054,368.94,240.2,35.11,78.23,0.964,-1,-1,-1
102,2075,574.18,471.88,42.71,117.28,0.9623,-1,-1,-1
102,2079,278.65,285.49,41.05,78.79,0.9615,-1,-1,-1
102,2070,717.77,455.04,34.55,109.31,0.9595,-1,-1,-1
102,2076,700.28,308.31,30.74,86.44,0.9573,-1,-1,-1
102,2068,1078.11,401.44,35.62,87.03,0.9541,-1,-1,-1
102,2080,251.21,333.48,41.93,91.81,0.9511,-1,-1,-1
102,2078,244.12,368.3,33.12,94.69,0.917,-1,-1,-1
103,2045,1593.36,565.36,63.96,140.19,0.9766,-1,-1,-1
103,2052,835.55,506.49,42.32,106.79,0.9755,-1,-1,-1
103,2072,416.48,569.22,43.27,123.18,0.9753,-1,-1,-1
103,2046,1231.26,478.68,45.52,106.5,0.9695,-1,-1,-1
103,2050,1524.88,388.9,52.73,102.33,0.9687,-1,-1,-1
103,2057,494.44,234.31,33.95,66.01,0.967,-1,-1,-1
103,2081,58.23,379.01,35.31,95.0,0.9647,-1,-1,-1
103,2054,369.49,240.54,35.07,78.68,0.9635,-1,-1,-1
103,2077,405.89,276.35,36.0,82.41,0.9633,-1,-1,-1
103,2048,1803.39,591.76,43.36,139.51,0.9608,-1,-1,-1
103,2076,710.76,306.09,31.51,88.24,0.9587,-1,-1,-1
103,2075,578.13,473.99,41.21,114.66,0.9584,-1,-1,-1
103,2079,284.15,286.72,41.71,77.81,0.9566,-1,-1,-1
103,2070,720.16,454.21,34.31,109.78,0.944,-1,-1,-1
103,2078,251.12,366.85,28.71,95.82,0.944,-1,-1,-1
103,2068,1086.65,400.59,36.08,86.96,0.9267,-1,-1,-1
103,2080,263.86,336.17,32.56,90.73,0.9241,-1,-1,-1
104,2045,1591.68,566.19,61.66,135.96,0.9779,-1,-1,-1
104,2072,418.85,567.96,44.25,120.68,0.9751,-1,-1,-1
104,2050,1533.09,386.57,47.73,102.94,0.9739,-1,-1,-1
104,2068,1091.29,399.13,47.93,88.01,0.9718,-1,-1,-1
104,2046,1237.39,477.51,44.11,104.55,0.9705,-1,-1,-1
104,2052,842.84,506.9,41.67,108.89,0.9701,-1,-1,-1
104,2075,581.83,474.62,42.19,112.33,0.9642,-1,-1,-1
104,2077,413.11,276.15,33.91,82.11,0.9617,-1,-1,-1
104,2054,370.07,241.43,34.68,76.99,0.9617,-1,-1,-1
104,2076,717.28,304.92,41.17,88.49,0.9614,-1,-1,-1
104,2057,497.34,234.36,29.83,65.57,0.9607,-1,-1,-1
104,2078,253.77,363.86,29.06,98.72,0.956,-1,-1,-1
104,2081,69.17,376.11,31.25,97.21,0.9556,-1,-1,-1
104,2079,287.74,287.45,44.34,76.12,0.9541,-1,-1,-1
104,2070,723.86,454.31,33.26,110.27,0.9517,-1,-1,-1
104,2080,271.67,336.14,29.58,90.73,0.9439,-1,-1,-1
104,2048,1800.76,588.47,45.56,143.34,0.8856,-1,-1,-1
105,2045,1590.71,567.12,58.19,133.43,0.9771,-1,-1,-1
105,2072,419.83,568.08,44.18,119.13,0.975,-1,-1,-1
105,2050,1534.2,385.86,47.64,102.67,0.9745,-1,-1,-1
105,2046,1240.38,476.0,44.84,102.92,0.9733,-1,-1,-1
105,2052,846.18,506.76,41.55,108.67,0.9718,-1,-1,-1
105,2068,1094.28,398.76,50.09,88.7,0.9706,-1,-1,-1
105,2076,720.62,304.05,42.69,88.4,0.9635,-1,-1,-1
105,2054,370.9,241.08,34.14,77.05,0.9633,-1,-1,-1
105,2081,71.9,375.0,32.59,97.44,0.9597,-1,-1,-1
105,2057,498.0,233.83,28.36,65.72,0.9574,-1,-1,-1
105,2077,417.07,276.15,31.45,82.08,0.9554,-1,-1,-1
105,2048,1800.83,589.14,46.12,140.56,0.951,-1,-1,-1
105,2070,725.32,454.48,32.43,110.84,0.9507,-1,-1,-1
105,2075,584.43,473.88,40.73,111.95,0.9467,-1,-1,-1
105,2078,254.89,364.29,29.99,97.02,0.943,-1,-1,-1
105,2079,290.8,287.19,44.62,75.11,0.9398,-1,-1,-1
105,2080,277.85,338.2,28.2,88.29,0.9394,-1,-1,-1
106,2045,1589.18,567.65,52.56,130.98,0.9779,-1,-1,-1
106,2052,850.9,505.27,41.92,110.23,0.9729,-1,-1,-1
106,2048,1792.85,587.84,57.32,140.65,0.9726,-1,-1,-1
106,2076,727.63,302.89,50.38,87.35,0.9723,-1,-1,-1
106,2068,1099.91,398.42,49.34,88.05,0.9714,-1,-1,-1
106,2072,422.38,568.09,46.12,117.11,0.9713,-1,-1,-1
106,2046,1246.43,475.76,44.4,101.69,0.9702,-1,-1,-1
106,2050,1539.73,384.15,44.39,102.54,0.968,-1,-1,-1
106,2079,295.03,287.01,46.36,71.67,0.9653,-1,-1,-1
106,2054,372.19,239.56,31.98,78.59,0.963,-1,-1,-1
106,2081,76.92,373.65,37.01,99.28,0.9608,-1,-1,-1
106,2078,257.9,363.12,29.93,97.77,0.9502,-1,-1,-1
106,2077,424.74,275.62,29.06,82.17,0.95,-1,-1,-1
106,2057,501.65,231.19,23.87,68.65,0.9468,-1,-1,-1
106,2075,588.53,472.31,40.45,112.45,0.9371,-1,-1,-1
106,2070,728.19,456.37,30.54,110.15,0.937,-1,-1,-1
106,2080,286.95,338.51,26.68,83.66,0.9262,-1,-1,-1
107,2048,1786.94,588.1,65.07,141.44,0.9753,-1,-1,-1
107,2081,81.23,373.31,47.19,97.81,0.9747,-1,-1,-1
107,2045,1586.83,566.8,46.49,131.49,0.9747,-1,-1,-1
107,2072,426.49,564.89,46.38,120.13,0.9744,-1,-1,-1
107,2076,735.83,303.65,56.5,83.47,0.9724,-1,-1,-1
107,2046,1254.44,475.81,46.51,102.81,0.972,-1,-1,-1
107,2052,855.76,506.17,42.28,109.96,0.972,-1,-1,-1
107,2050,1546.86,382.8,40.03,102.15,0.9717,-1,-1,-1
107,2068,1106.97,398.49,46.54,88.33,0.9693,-1,-1,-1
107,2070,731.47,454.34,30.0,113.39,0.9553,-1,-1,-1
107,2054,374.9,237.39,28.51,78.78,0.9545,-1,-1,-1
107,2078,262.57,361.3,30.98,98.64,0.9539,-1,-1,-1
107,2079,301.24,287.58,46.37,59.33,0.9508,-1,-1,-1
107,2077,433.59,275.21,24.25,81.82,0.9297,-1,-1,-1
107,2080,294.96,337.45,28.08,84.89,0.9124,-1,-1,-1
107,2057,506.15,230.54,20.96,67.32,0.875,-1,-1,-1
107,2075,590.93,469.09,40.89,113.95,0.8707,-1,-1,-1
108,2048,1785.39,588.38,69.05,141.16,0.9755,-1,-1,-1
108,2052,857.83,506.8,43.38,111.42,0.9742,-1,-1,-1
108,2072,428.68,564.33,45.61,119.01,0.973,-1,-1,-1
108,2076,740.98,304.68,57.45,82.35,0.9727,-1,-1,-1
108,2068,1109.6,398.46,45.44,87.89,0.9723,-1,-1,-1
108,2045,1585.33,565.6,46.22,132.66,0.9722,-1,-1,-1
108,2081,83.92,373.01,51.6,97.32,0.971,-1,-1,-1
108,2046,1259.44,475.11,46.49,103.15,0.9704,-1,-1,-1
108,2050,1547.95,381.97,40.59,102.32,0.97,-1,-1,-1
108,2079,304.02,286.63,46.86,58.43,0.9644,-1,-1,-1
108,2054,375.78,236.25,27.8,79.43,0.9531,-1,-1,-1
108,2080,298.86,336.56,29.67,86.79,0.9474,-1,-1,-1
108,2078,264.45,360.88,31.41,100.29,0.9457,-1,-1,-1
108,2057,507.12,230.27,21.21,65.25,0.943,-1,-1,-1
108,2070,733.93,454.37,28.91,113.26,0.9426,-1,-1,-1
108,2077,436.34,272.85,26.3,84.82,0.9422,-1,-1,-1
108,2075,591.56,467.37,42.09,117.02,0.9196,-1,-1,-1
108,2085,484.51,187.89,31.45,59.72,0.6599,-1,-1,-1
109,2052,862.44,508.64,44.65,116.25,0.9748,-1,-1,-1
109,2072,433.09,561.14,44.75,118.45,0.9714,-1,-1,-1
109,2045,1582.47,563.42,50.71,133.84,0.9713,-1,-1,-1
109,2076,750.23,304.54,55.61,82.92,0.971,-1,-1,-1
109,2068,1117.82,398.75,39.92,86.93,0.9695,-1,-1,-1
109,2046,1266.87,473.41,53.04,103.97,0.9686,-1,-1,-1
109,2080,302.04,334.81,40.95,87.96,0.9671,-1,-1,-1
109,2048,1785.75,589.97,72.85,139.13,0.9646,-1,-1,-1
109,2075,593.61,465.22,43.74,114.1,0.9604,-1,-1,-1
109,2079,309.89,285.31,48.1,59.17,0.9598,-1,-1,-1
109,2050,1554.28,379.11,37.05,104.04,0.9596,-1,-1,-1
109,2081,89.03,373.35,61.11,95.72,0.9563,-1,-1,-1
109,2054,378.08,234.03,27.03,82.39,0.9526,-1,-1,-1
109,2078,267.1,361.07,29.77,97.02,0.949,-1,-1,-1
109,2070,735.94,454.37,29.96,114.18,0.9472,-1,-1,-1
109,2057,509.78,230.99,21.13,62.91,0.9471,-1,-1,-1
109,2077,441.66,271.64,28.89,85.15,0.9466,-1,-1,-1
110,2052,866.4,512.51,48.2,114.6,0.9769,-1,-1,-1
110,2072,437.86,558.49,45.08,120.88,0.9758,-1,-1,-1
110,2046,1271.65,473.07,63.47,101.45,0.9724,-1,-1,-1
110,2048,1790.5,590.46,71.92,141.37,0.9719,-1,-1,-1
110,2081,95.45,374.9,66.05,94.04,0.9717,-1,-1,-1
110,2080,305.92,331.95,53.02,90.95,0.9713,-1,-1,-1
110,2076,763.63,305.79,46.83,81.33,0.9692,-1,-1,-1
110,2068,1124.83,397.99,36.23,87.12,0.9683,-1,-1,-1
110,2045,1578.47,561.68,59.67,133.05,0.9661,-1,-1,-1
110,2077,445.47,270.56,31.24,86.33,0.9585,-1,-1,-1
110,2078,269.71,359.24,29.43,98.25,0.9565,-1,-1,-1
110,2079,313.69,284.41,49.96,62.32,0.9562,-1,-1,-1
110,2050,1559.75,377.93,33.99,103.44,0.9555,-1,-1,-1
110,2054,380.1,233.16,26.84,80.14,0.9546,-1,-1,-1
110,2070,739.79,455.45,29.27,114.28,0.9484,-1,-1,-1
110,2057,513.05,229.76,20.59,63.77,0.9446,-1,-1,-1
110,2075,597.27,462.28,44.08,114.41,0.919,-1,-1,-1
111,2052,867.14,513.79,50.36,114.28,0.9756,-1,-1,-1
111,2072,441.44,556.99,43.65,120.37,0.9747,-1,-1,-1
111,2048,1792.66,590.75,71.28,140.71,0.9742,-1,-1,-1
111,2080,309.75,333.65,56.52,87.36,0.9729,-1,-1,-1
111,2046,1278.07,469.47,66.04,103.21,0.9688,-1,-1,-1
111,2081,98.04,375.69,67.19,94.17,0.9672,-1,-1,-1
111,2045,1577.31,560.23,62.34,134.98,0.967,-1,-1,-1
111,2077,447.61,270.35,33.59,87.17,0.9665,-1,-1,-1
111,2068,1128.31,397.06,35.05,87.93,0.9645,-1,-1,-1
111,2050,1561.69,378.26,32.95,103.51,0.9596,-1,-1,-1
111,2076,771.08,306.16,41.03,81.8,0.9574,-1,-1,-1
111,2078,271.39,359.47,30.18,97.52,0.9551,-1,-1,-1
111,2079,315.24,284.73,51.81,61.43,0.9542,-1,-1,-1
111,2054,380.96,233.38,26.63,79.1,0.9541,-1,-1,-1
111,2057,513.72,228.13,21.75,65.52,0.9523,-1,-1,-1
111,2070,741.58,455.14,29.71,114.2,0.9501,-1,-1,-1
111,2075,598.81,461.47,44.21,114.22,0.869,-1,-1,-1
112,2048,1794.71,591.09,70.34,140.65,0.9741,-1,-1,-1
112,2081,105.34,377.08,65.49,93.08,0.974,-1,-1,-1
112,2072,445.31,554.22,44.0,121.33,0.9739,-1,-1,-1
112,2045,1572.3,558.45,68.67,137.07,0.9732,-1,-1,-1
112,2052,873.03,516.35,52.52,112.98,0.9717,-1,-1,-1
112,2080,316.43,333.29,60.66,86.44,0.9666,-1,-1,-1
112,2077,451.77,270.21,36.5,86.36,0.9662,-1,-1,-1
112,2046,1288.23,469.48,69.51,99.56,0.9624,-1,-1,-1
112,2079,319.36,284.63,52.7,64.23,0.9616,-1,-1,-1
112,2050,1565.72,378.7,32.5,101.33,0.9599,-1,-1,-1
112,2068,1135.28,396.25,32.3,88.26,0.9595,-1,-1,-1
112,2076,787.06,304.35,31.95,83.22,0.9552,-1,-1,-1
112,2078,274.57,359.67,30.27,97.1,0.9543,-1,-1,-1
112,2054,382.57,233.75,27.59,76.98,0.953,-1,-1,-1
112,2057,516.23,224.78,22.79,68.9,0.9392,-1,-1,-1
112,2070,745.2,454.06,30.78,114.86,0.931,-1,-1,-1
112,2075,603.59,461.17,44.55,113.95,0.8741,-1,-1,-1
113,2045,1565.55,557.98,75.98,134.88,0.9773,-1,-1,-1
113,2052,881.44,517.66,53.04,110.98,0.9753,-1,-1,-1
113,2072,448.67,553.82,43.5,118.38,0.9731,-1,-1,-1
113,2048,1793.11,591.05,71.49,137.44,0.9716,-1,-1,-1
113,2080,325.01,334.61,60.46,84.78,0.9696,-1,-1,-1
113,2077,455.64,270.17,38.01,87.27,0.9663,-1,-1,-1
113,2081,114.9,377.48,59.73,91.38,0.9657,-1,-1,-1
113,2050,1569.34,378.99,34.31,101.19,0.9634,-1,-1,-1
113,2054,383.62,233.74,30.88,77.93,0.9632,-1,-1,-1
113,2078,277.18,359.91,32.92,96.24,0.9597,-1,-1,-1
113,2079,323.83,284.99,55.74,67.92,0.9596,-1,-1,-1
113,2046,1299.59,470.93,71.18,98.0,0.9568,-1,-1,-1
113,2076,798.68,302.81,30.44,84.82,0.9558,-1,-1,-1
113,2068,1140.61,394.34,32.22,90.22,0.9541,-1,-1,-1
113,2070,748.14,456.38,30.44,112.32,0.9394,-1,-1,-1
113,2057,520.11,223.11,22.63,70.06,0.9299,-1,-1,-1
113,2075,606.5,460.56,46.87,113.02,0.8788,-1,-1,-1
114,2045,1563.96,557.87,77.04,134.38,0.9763,-1,-1,-1
114,2081,119.07,377.59,56.85,91.19,0.9753,-1,-1,-1
114,2072,450.92,554.08,43.42,116.44,0.9736,-1,-1,-1
114,2052,887.0,517.47,50.51,112.38,0.9718,-1,-1,-1
114,2048,1793.35,590.6,70.98,134.25,0.9717,-1,-1,-1
114,2077,457.98,271.23,37.1,86.06,0.9699,-1,-1,-1
114,2080,328.84,334.44,59.15,85.45,0.9651,-1,-1,-1
114,2079,326.01,285.68,56.51,68.3,0.9649,-1,-1,-1
114,2078,279.19,359.97,32.79,96.61,0.9612,-1,-1,-1
114,2050,1571.82,380.82,34.26,98.88,0.9596,-1,-1,-1
114,2046,1299.63,470.88,78.37,98.92,0.9578,-1,-1,-1
114,2068,1143.3,393.53,31.84,91.47,0.9569,-1,-1,-1
114,2076,806.52,301.6,29.17,85.78,0.9556,-1,-1,-1
114,2070,750.46,454.84,31.99,113.68,0.9523,-1,-1,-1
114,2054,384.46,234.76,31.99,77.65,0.9517,-1,-1,-1
114,2075,608.87,460.81,46.85,112.72,0.9501,-1,-1,-1
114,2057,522.03,220.25,22.72,72.68,0.9284,-1,-1,-1
115,2052,896.36,518.01,49.46,112.05,0.9758,-1,-1,-1
115,2072,455.32,555.23,42.31,114.24,0.9742,-1,-1,-1
115,2045,1562.57,558.26,77.49,129.78,0.974,-1,-1,-1
115,2081,131.86,376.65,48.4,92.41,0.9725,-1,-1,-1
115,2048,1792.81,589.34,68.62,132.7,0.9723,-1,-1,-1
115,2046,1304.81,470.8,86.91,100.95,0.9718,-1,-1,-1
115,2080,340.21,336.44,51.78,83.3,0.9676,-1,-1,-1
115,2077,462.11,272.58,37.33,83.95,0.9663,-1,-1,-1
115,2068,1148.67,392.84,34.28,91.8,0.9649,-1,-1,-1
115,2076,812.17,300.12,34.47,87.28,0.9647,-1,-1,-1
115,2079,331.73,285.75,52.66,73.32,0.9629,-1,-1,-1
115,2050,1574.39,382.18,36.0,97.28,0.9617,-1,-1,-1
115,2054,385.29,234.72,35.3,77.19,0.9542,-1,-1,-1
115,2070,754.38,454.38,32.65,114.85,0.952,-1,-1,-1
115,2078,282.97,360.37,33.3,95.91,0.9336,-1,-1,-1
115,2057,525.6,219.23,22.64,71.92,0.9312,-1,-1,-1
115,2075,612.24,461.69,45.53,111.71,0.8836,-1,-1,-1
116,2052,905.06,516.63,46.82,120.14,0.9745,-1,-1,-1
116,2075,616.52,463.33,46.11,111.75,0.9724,-1,-1,-1
116,2081,143.8,375.71,39.36,92.71,0.9706,-1,-1,-1
116,2048,1794.95,588.41,60.98,132.91,0.9696,-1,-1,-1
116,2045,1560.29,560.19,78.47,125.88,0.9687,-1,-1,-1
116,2076,819.47,299.1,41.25,87.0,0.9677,-1,-1,-1
116,2080,351.69,333.54,44.34,85.73,0.9663,-1,-1,-1
116,2077,467.05,272.2,36.87,83.64,0.9643,-1,-1,-1
116,2054,386.82,233.6,36.33,76.48,0.9639,-1,-1,-1
116,2046,1314.01,469.91,78.57,100.9,0.9622,-1,-1,-1
116,2078,286.08,360.06,33.43,96.29,0.9613,-1,-1,-1
116,2072,458.32,554.38,43.84,113.23,0.9603,-1,-1,-1
116,2050,1577.81,382.09,36.32,96.8,0.9573,-1,-1,-1
116,2079,338.0,286.32,53.94,74.1,0.9518,-1,-1,-1
116,2068,1153.41,392.1,35.44,93.03,0.9498,-1,-1,-1
116,2070,757.41,456.7,34.92,111.62,0.9491,-1,-1,-1
116,2057,530.3,218.03,22.83,70.9,0.9322,-1,-1,-1
117,2075,618.36,463.35,45.56,111.1,0.9744,-1,-1,-1
117,2072,460.39,554.46,44.55,112.61,0.9733,-1,-1,-1
117,2052,908.1,517.69,46.41,118.73,0.9729,-1,-1,-1
117,2076,822.47,299.16,45.56,85.99,0.9704,-1,-1,-1
117,2048,1795.86,587.62,58.09,133.11,0.967,-1,-1,-1
117,2080,357.67,335.09,40.78,84.09,0.966,-1,-1,-1
117,2077,470.33,271.41,35.93,84.16,0.965,-1,-1,-1
117,2045,1558.35,560.34,76.75,126.53,0.9645,-1,-1,-1
117,2054,387.15,231.77,37.48,77.06,0.9642,-1,-1,-1
117,2046,1318.7,469.04,75.52,100.92,0.9639,-1,-1,-1
117,2081,148.28,374.93,36.1,93.2,0.9627,-1,-1,-1
117,2068,1156.48,392.48,34.48,92.09,0.962,-1,-1,-1
117,2070,760.08,455.77,37.37,111.82,0.9607,-1,-1,-1
117,2079,341.46,285.83,49.02,74.11,0.9602,-1,-1,-1
117,2078,288.03,360.78,33.72,95.05,0.9596,-1,-1,-1
117,2050,1579.25,381.53,36.08,97.73,0.9435,-1,-1,-1
117,2057,531.55,218.5,24.12,70.49,0.9389,-1,-1,-1
117,2086,522.04,189.74,22.32,56.83,0.4699,-1,-1,-1
118,2045,1556.0,559.69,70.33,126.92,0.9773,-1,-1,-1
118,2072,464.28,553.58,44.33,112.63,0.9764,-1,-1,-1
118,2052,915.67,522.4,45.96,117.09,0.975,-1,-1,-1
118,2076,832.56,298.72,48.52,84.97,0.9747,-1,-1,-1
118,2046,1328.48,468.5,67.11,100.89,0.9709,-1,-1,-1
118,2048,1800.17,586.52,48.18,134.51,0.9707,-1,-1,-1
118,2070,764.04,456.06,40.17,111.61,0.9693,-1,-1,-1
118,2075,623.18,462.37,44.85,111.56,0.9693,-1,-1,-1
118,2050,1579.43,378.62,41.3,100.93,0.969,-1,-1,-1
118,2054,388.9,230.42,37.79,77.96,0.9654,-1,-1,-1
118,2078,291.33,359.63,34.0,96.75,0.9635,-1,-1,-1
118,2068,1161.28,392.33,34.52,93.02,0.9634,-1,-1,-1
118,2081,156.37,372.81,33.01,94.63,0.9615,-1,-1,-1
118,2079,349.96,285.02,37.67,75.22,0.9593,-1,-1,-1
118,2077,476.96,269.35,33.95,85.0,0.9574,-1,-1,-1
118,2080,373.04,331.82,30.99,87.76,0.9434,-1,-1,-1
118,2057,536.79,218.36,23.72,70.03,0.934,-1,-1,-1
119,2052,921.16,526.52,46.35,114.18,0.9772,-1,-1,-1
119,2072,468.21,549.97,43.57,115.47,0.9747,-1,-1,-1
119,2045,1553.07,558.54,64.52,127.26,0.9722,-1,-1,-1
119,2076,843.53,299.36,46.64,84.68,0.9715,-1,-1,-1
119,2050,1580.71,377.31,42.65,101.22,0.971,-1,-1,-1
119,2048,1801.11,586.81,46.14,135.04,0.9704,-1,-1,-1
119,2070,768.19,456.07,42.21,111.77,0.9682,-1,-1,-1
119,2075,626.46,462.09,46.69,109.97,0.9669,-1,-1,-1
119,2054,390.73,228.6,37.06,79.88,0.9653,-1,-1,-1
119,2077,484.47,268.42,31.13,84.83,0.9613,-1,-1,-1
119,2068,1166.93,393.04,33.88,92.04,0.9606,-1,-1,-1
119,2081,162.03,372.39,31.71,95.25,0.9602,-1,-1,-1
119,2046,1338.58,467.33,60.12,100.41,0.9568,-1,-1,-1
119,2079,357.02,283.28,31.85,76.06,0.9488,-1,-1,-1
119,2080,382.39,332.56,28.81,86.36,0.9483,-1,-1,-1
119,2057,542.26,218.33,22.36,68.46,0.9211,-1,-1,-1
119,2078,295.28,359.97,33.07,96.21,0.8318,-1,-1,-1
120,2052,924.8,526.45,50.16,114.24,0.9751,-1,-1,-1
120,2045,1550.86,556.6,57.39,129.32,0.9749,-1,-1,-1
120,2072,470.65,549.46,43.76,116.15,0.9736,-1,-1,-1
120,2048,1801.89,587.1,47.28,134.59,0.9721,-1,-1,-1
120,2046,1343.14,466.71,59.52,101.43,0.9715,-1,-1,-1
120,2076,849.75,299.72,43.7,84.05,0.9707,-1,-1,-1
120,2050,1582.08,376.7,43.03,100.52,0.9692,-1,-1,-1
120,2054,391.88,228.4,36.46,78.99,0.9655,-1,-1,-1
120,2070,770.45,455.9,42.8,111.98,0.9637,-1,-1,-1
120,2068,1168.89,392.66,33.18,92.76,0.9624,-1,-1,-1
120,2075,627.45,461.52,48.19,111.28,0.9623,-1,-1,-1
120,2078,296.94,359.45,34.03,96.62,0.958,-1,-1,-1
120,2079,360.45,283.19,31.33,76.41,0.9564,-1,-1,-1
120,2080,387.59,329.36,25.59,88.65,0.9456,-1,-1,-1
120,2081,165.13,372.62,31.65,94.98,0.9415,-1,-1,-1
120,2057,544.12,219.24,23.72,67.52,0.9354,-1,-1,-1
120,2077,489.44,267.48,28.48,85.61,0.923,-1,-1,-1
121,2045,1548.14,553.2,55.04,133.26,0.976,-1,-1,-1
121,2052,930.07,529.47,52.76,111.02,0.9757,-1,-1,-1
121,2048,1800.15,587.31,52.39,134.96,0.9752,-1,-1,-1
121,2072,474.75,546.91,43.33,118.05,0.9735,-1,-1,-1
121,2070,774.37,457.87,44.89,109.26,0.9727,-1,-1,-1
121,2075,631.3,461.13,50.86,109.69,0.9722,-1,-1,-1
121,2046,1353.26,466.53,59.39,101.14,0.9708,-1,-1,-1
121,2054,394.93,228.16,32.96,77.98,0.9629,-1,-1,-1
121,2068,1173.61,390.61,32.31,94.88,0.9605,-1,-1,-1
121,2081,169.99,369.69,32.83,98.68,0.9572,-1,-1,-1
121,2078,300.93,359.04,33.62,96.23,0.956,-1,-1,-1
121,2050,1583.8,374.6,44.65,100.83,0.9554,-1,-1,-1
121,2079,367.78,281.76,28.25,77.09,0.9554,-1,-1,-1
121,2080,396.49,325.67,25.61,91.95,0.9549,-1,-1,-1
121,2076,864.56,300.21,33.98,83.73,0.9462,-1,-1,-1
121,2077,496.73,270.24,25.7,81.37,0.9331,-1,-1,-1
121,2057,548.27,219.34,25.52,67.02,0.9316,-1,-1,-1
122,2045,1547.12,550.11,58.8,135.27,0.9767,-1,-1,-1
122,2048,1790.96,588.29,67.74,135.27,0.9729,-1,-1,-1
122,2070,777.63,459.05,48.21,108.95,0.9728,-1,-1,-1
122,2052,936.22,530.14,53.35,110.77,0.9727,-1,-1,-1
122,2072,478.97,545.98,43.69,117.32,0.972,-1,-1,-1
122,2046,1363.03,467.05,65.05,100.9,0.9666,-1,-1,-1
122,2050,1591.24,372.47,41.59,100.91,0.9665,-1,-1,-1
122,2075,634.75,461.16,49.94,106.18,0.9641,-1,-1,-1
122,2054,397.19,228.28,33.88,78.78,0.9629,-1,-1,-1
122,2078,305.67,358.02,33.8,96.36,0.9565,-1,-1,-1
122,2077,502.86,264.89,28.75,86.52,0.9549,-1,-1,-1
122,2081,174.66,371.3,32.78,96.51,0.9542,-1,-1,-1
122,2076,877.47,299.71,28.53,83.71,0.9534,-1,-1,-1
122,2068,1177.47,389.17,34.02,95.9,0.9471,-1,-1,-1
122,2080,403.33,325.0,34.74,92.74,0.9449,-1,-1,-1
122,2079,374.46,281.5,27.58,76.59,0.9415,-1,-1,-1
122,2057,553.8,219.34,25.47,65.72,0.9365,-1,-1,-1
123,2045,1545.43,549.35,61.46,136.69,0.9775,-1,-1,-1
123,2070,779.32,459.09,50.22,106.85,0.9747,-1,-1,-1
123,2052,938.9,530.79,52.55,110.09,0.9724,-1,-1,-1
123,2048,1788.31,589.36,73.79,134.35,0.9717,-1,-1,-1
123,2050,1593.43,370.93,40.9,101.75,0.9708,-1,-1,-1
123,2046,1369.13,468.58,63.1,100.57,0.9678,-1,-1,-1
123,2068,1179.86,389.22,33.35,96.29,0.9677,-1,-1,-1
123,2080,405.33,323.47,40.31,95.09,0.9659,-1,-1,-1
123,2072,480.62,545.65,42.75,117.16,0.9644,-1,-1,-1
123,2054,399.09,227.91,33.72,79.68,0.961,-1,-1,-1
123,2081,176.65,371.44,34.0,95.94,0.9577,-1,-1,-1
123,2078,307.23,358.13,35.71,96.01,0.9567,-1,-1,-1
123,2076,883.57,299.85,28.28,83.59,0.9514,-1,-1,-1
123,2075,636.28,460.86,49.61,106.46,0.9485,-1,-1,-1
123,2079,378.02,281.26,26.53,77.76,0.9463,-1,-1,-1
123,2077,506.13,264.42,29.83,85.91,0.9412,-1,-1,-1
123,2057,556.75,220.87,25.22,64.81,0.9345,-1,-1,-1
124,2045,1543.6,548.85,63.65,137.76,0.9787,-1,-1,-1
124,2070,784.69,461.47,52.8,102.32,0.9762,-1,-1,-1
124,2052,945.31,531.45,50.82,109.83,0.9746,-1,-1,-1
124,2046,1376.85,470.6,64.76,98.13,0.972,-1,-1,-1
124,2048,1786.38,590.84,80.51,133.03,0.9717,-1,-1,-1
124,2075,640.74,461.52,47.93,104.85,0.9715,-1,-1,-1
124,2080,411.82,322.83,45.18,94.69,0.9706,-1,-1,-1
124,2072,484.8,545.74,44.0,116.6,0.9692,-1,-1,-1
124,2081,180.8,369.15,35.78,99.38,0.9638,-1,-1,-1
124,2068,1184.93,387.73,33.57,96.91,0.9627,-1,-1,-1
124,2077,512.16,263.9,33.96,86.31,0.962,-1,-1,-1
124,2078,312.16,356.86,35.92,96.41,0.9584,-1,-1,-1
124,2054,402.4,230.02,32.13,75.97,0.9576,-1,-1,-1
124,2076,893.9,298.68,28.92,84.76,0.9558,-1,-1,-1
124,2050,1601.46,367.64,36.37,102.39,0.9523,-1,-1,-1
124,2057,560.94,221.04,26.58,64.8,0.9463,-1,-1,-1
124,2079,385.83,280.34,29.37,77.61,0.9368,-1,-1,-1
125,2048,1786.79,591.38,85.73,132.16,0.9802,-1,-1,-1
125,2070,789.01,462.82,60.93,97.44,0.9783,-1,-1,-1
125,2045,1541.33,549.79,66.32,134.17,0.9777,-1,-1,-1
125,2052,952.38,532.04,49.27,118.84,0.9766,-1,-1,-1
125,2075,644.24,459.69,46.41,105.9,0.9763,-1,-1,-1
125,2046,1385.7,473.55,66.38,98.12,0.9728,-1,-1,-1
125,2080,417.63,324.41,49.4,93.62,0.9692,-1,-1,-1
125,2072,489.76,545.27,41.88,115.0,0.9689,-1,-1,-1
125,2077,517.4,264.95,37.71,84.61,0.9635,-1,-1,-1
125,2050,1610.51,365.25,32.28,103.21,0.9606,-1,-1,-1
125,2081,185.03,370.15,36.1,97.78,0.9589,-1,-1,-1
125,2068,1189.41,386.49,34.01,98.06,0.9582,-1,-1,-1
125,2076,900.69,297.04,32.32,86.15,0.957,-1,-1,-1
125,2078,317.38,356.11,35.71,96.91,0.9557,-1,-1,-1
125,2057,565.63,220.97,26.56,64.31,0.9462,-1,-1,-1
125,2054,407.74,230.56,28.81,73.88,0.9445,-1,-1,-1
125,2079,391.76,280.31,28.03,77.12,0.9423,-1,-1,-1
126,2048,1789.63,591.76,84.38,131.77,0.9802,-1,-1,-1
126,2045,1541.88,550.32,65.84,132.24,0.9772,-1,-1,-1
126,2052,954.9,533.64,51.25,118.92,0.9739,-1,-1,-1
126,2075,645.98,458.97,45.89,106.46,0.9737,-1,-1,-1
126,2070,791.06,460.62,62.78,101.89,0.9725,-1,-1,-1
126,2046,1389.9,475.43,64.05,95.79,0.9716,-1,-1,-1
126,2072,492.04,543.8,41.51,115.87,0.9685,-1,-1,-1
126,2080,421.39,323.94,50.2,94.09,0.9678,-1,-1,-1
126,2068,1191.31,387.22,34.1,97.5,0.9647,-1,-1,-1
126,2077,520.41,265.44,38.51,84.77,0.9638,-1,-1,-1
126,2076,904.64,296.67,34.45,86.38,0.9634,-1,-1,-1
126,2078,319.04,355.3,36.62,97.19,0.9622,-1,-1,-1
126,2050,1613.75,365.18,31.29,101.82,0.9597,-1,-1,-1
126,2081,186.72,370.58,36.79,96.79,0.9597,-1,-1,-1
126,2054,410.13,230.5,27.99,74.84,0.942,-1,-1,-1
126,2079,394.15,281.22,28.87,76.35,0.9413,-1,-1,-1
126,2057,567.43,220.85,27.98,64.46,0.9412,-1,-1,-1
127,2048,1795.94,592.47,81.92,131.43,0.9782,-1,-1,-1
127,2070,795.32,459.31,66.62,102.23,0.9773,-1,-1,-1
127,2045,1540.55,551.34,63.09,129.24,0.9746,-1,-1,-1
127,2052,961.65,538.48,59.31,116.8,0.9743,-1,-1,-1
127,2072,495.98,541.49,39.48,114.47,0.972,-1,-1,-1
127,2080,428.3,325.6,49.37,92.02,0.9719,-1,-1,-1
127,2046,1395.79,475.8,64.11,95.64,0.9697,-1,-1,-1
127,2081,191.3,369.18,38.43,98.35,0.9686,-1,-1,-1
127,2076,911.92,295.17,41.31,88.06,0.9671,-1,-1,-1
127,2078,323.78,354.59,37.3,96.85,0.9633,-1,-1,-1
127,2050,1618.66,363.78,30.65,103.42,0.9618,-1,-1,-1
127,2068,1196.93,387.14,32.46,97.79,0.9569,-1,-1,-1
127,2077,526.75,267.36,39.32,83.0,0.9547,-1,-1,-1
127,2075,649.11,458.14,42.9,107.45,0.9536,-1,-1,-1
127,2079,400.53,281.85,28.11,76.21,0.9455,-1,-1,-1
127,2054,416.75,230.19,23.55,72.16,0.9431,-1,-1,-1
127,2057,569.91,219.64,31.19,65.65,0.9365,-1,-1,-1
128,2048,1800.02,591.53,76.04,134.14,0.977,-1,-1,-1
128,2070,802.08,458.16,68.23,102.92,0.9767,-1,-1,-1
128,2046,1399.74,474.38,64.28,95.87,0.9731,-1,-1,-1
128,2045,1540.29,552.41,57.18,126.58,0.973,-1,-1,-1
128,2080,435.84,324.39,45.71,91.66,0.9721,-1,-1,-1
128,2076,919.91,295.66,46.63,85.44,0.9719,-1,-1,-1
128,2052,968.81,541.81,61.86,114.97,0.9717,-1,-1,-1
128,2072,498.84,539.14,39.62,115.04,0.9695,-1,-1,-1
128,2081,195.43,369.37,39.12,97.43,0.967,-1,-1,-1
128,2078,327.62,354.04,37.44,96.58,0.966,-1,-1,-1
128,2075,651.96,458.7,41.59,108.4,0.9567,-1,-1,-1
128,2068,1200.51,386.78,33.84,98.22,0.9561,-1,-1,-1
128,2077,530.2,267.32,40.93,83.22,0.9502,-1,-1,-1
128,2050,1621.93,363.79,31.92,101.82,0.9483,-1,-1,-1
128,2079,405.51,281.19,26.31,77.25,0.9401,-1,-1,-1
128,2054,420.88,229.68,21.99,71.79,0.9323,-1,-1,-1
128,2057,574.86,220.3,31.97,64.69,0.9181,-1,-1,-1
129,2048,1802.3,591.63,72.44,134.18,0.9779,-1,-1,-1
129,2045,1537.88,553.14,52.72,126.53,0.9745,-1,-1,-1
129,2046,1400.13,472.98,65.61,97.34,0.9736,-1,-1,-1
129,2052,972.34,542.07,62.6,114.05,0.9731,-1,-1,-1
129,2080,440.58,324.33,43.62,91.15,0.9715,-1,-1,-1
129,2070,805.76,458.48,69.14,102.48,0.9701,-1,-1,-1
129,2075,653.27,458.33,42.59,107.51,0.9697,-1,-1,-1
129,2081,197.41,369.13,40.26,97.56,0.9683,-1,-1,-1
129,2076,924.18,295.86,48.05,84.77,0.9666,-1,-1,-1
129,2072,501.45,537.13,38.48,115.43,0.9662,-1,-1,-1
129,2078,329.66,353.63,37.32,96.26,0.9633,-1,-1,-1
129,2068,1202.78,387.37,33.56,98.03,0.9619,-1,-1,-1
129,2077,532.82,267.52,42.82,82.71,0.9606,-1,-1,-1
129,2050,1622.31,364.31,33.94,101.17,0.9558,-1,-1,-1
129,2054,422.66,228.6,22.44,70.56,0.9371,-1,-1,-1
129,2079,407.91,281.96,25.17,76.74,0.9361,-1,-1,-1
129,2057,581.56,219.84,27.9,64.27,0.9263,-1,-1,-1
130,2048,1804.58,591.86,66.85,133.44,0.9773,-1,-1,-1
130,2046,1401.73,470.1,68.16,99.97,0.973,-1,-1,-1
130,2070,816.03,458.06,66.54,101.26,0.9724,-1,-1,-1
130,2078,332.89,354.18,38.41,95.49,0.9717,-1,-1,-1
130,2081,201.3,367.11,40.92,100.52,0.9706,-1,-1,-1
130,2045,1536.07,550.94,47.47,128.15,0.9681,-1,-1,-1
130,2052,979.1,542.92,60.48,113.33,0.967,-1,-1,-1
130,2080,450.34,324.03,39.3,91.14,0.9669,-1,-1,-1
130,2076,934.69,296.96,43.47,83.78,0.9665,-1,-1,-1
130,2050,1624.71,365.99,34.47,99.2,0.9649,-1,-1,-1
130,2075,655.85,458.01,43.22,107.15,0.963,-1,-1,-1
130,2072,504.32,534.89,37.17,114.31,0.959,-1,-1,-1
130,2077,537.8,268.39,46.19,81.6,0.9577,-1,-1,-1
130,2068,1206.8,387.27,34.29,97.78,0.9561,-1,-1,-1
130,2057,583.34,219.23,31.09,62.03,0.9432,-1,-1,-1
130,2054,426.59,225.11,23.29,72.62,0.9418,-1,-1,-1
130,2079,413.81,282.73,20.95,75.88,0.9414,-1,-1,-1
130,2089,568.74,190.85,23.93,54.78,0.8009,-1,-1,-1
131,2045,1531.77,547.87,48.82,129.47,0.9752,-1,-1,-1
131,2048,1808.25,592.01,58.71,132.19,0.9751,-1,-1,-1
131,2052,986.4,542.25,53.53,115.9,0.9726,-1,-1,-1
131,2075,657.94,458.2,44.47,106.86,0.9714,-1,-1,-1
131,2081,205.25,366.59,41.04,99.81,0.9705,-1,-1,-1
131,2078,336.13,354.27,39.16,94.94,0.9693,-1,-1,-1
131,2046,1403.5,466.1,69.73,104.56,0.9666,-1,-1,-1
131,2068,1209.95,388.03,35.19,97.57,0.9662,-1,-1,-1
131,2050,1628.01,367.32,34.95,98.17,0.9662,-1,-1,-1
131,2080,459.77,322.29,34.8,93.23,0.965,-1,-1,-1
131,2076,947.06,297.16,37.51,83.5,0.9588,-1,-1,-1
131,2070,828.51,457.96,62.28,101.47,0.9585,-1,-1,-1
131,2072,507.67,533.57,36.43,114.34,0.9575,-1,-1,-1
131,2077,541.94,267.49,45.07,82.53,0.9559,-1,-1,-1
131,2079,417.82,281.98,22.37,77.36,0.9467,-1,-1,-1
131,2054,429.96,224.14,23.27,73.18,0.9439,-1,-1,-1
131,2057,591.49,219.45,27.9,61.05,0.9419,-1,-1,-1
131,2089,571.37,191.0,23.89,54.33,0.7341,-1,-1,-1
132,2045,1530.18,547.83,51.42,130.58,0.9761,-1,-1,-1
132,2048,1812.59,592.14,50.46,131.71,0.9759,-1,-1,-1
132,2052,989.17,542.54,51.39,116.98,0.9748,-1,-1,-1
132,2075,659.21,458.37,45.27,107.23,0.973,-1,-1,-1
132,2078,337.74,354.51,38.37,94.73,0.9701,-1,-1,-1
132,2081,207.29,367.38,41.46,98.72,0.9697,-1,-1,-1
132,2046,1404.7,464.85,66.36,107.1,0.9648,-1,-1,-1
132,2050,1630.73,368.07,34.72,96.55,0.9647,-1,-1,-1
132,2068,1210.52,387.77,37.44,97.29,0.9603,-1,-1,-1
132,2070,838.43,458.39,59.17,101.72,0.9591,-1,-1,-1
132,2080,464.98,321.88,31.74,92.89,0.9583,-1,-1,-1
132,2072,510.51,534.1,35.92,112.46,0.9569,-1,-1,-1
132,2077,544.93,267.3,46.5,83.3,0.9548,-1,-1,-1
132,2076,953.86,297.14,35.81,83.28,0.9502,-1,-1,-1
132,2057,595.8,219.7,26.73,60.29,0.9434,-1,-1,-1
132,2079,419.8,283.02,22.75,75.75,0.9343,-1,-1,-1
132,2054,430.71,223.6,24.8,73.49,0.9309,-1,-1,-1
132,2089,572.92,190.6,24.59,53.78,0.6754,-1,-1,-1
133,2045,1526.03,546.1,58.56,131.01,0.9762,-1,-1,-1
133,2052,994.61,542.84,45.16,121.61,0.9755,-1,-1,-1
133,2081,211.01,366.83,42.98,98.11,0.9751,-1,-1,-1
133,2075,661.04,458.15,46.6,107.12,0.9749,-1,-1,-1
133,2046,1406.71,462.82,59.24,108.3,0.9733,-1,-1,-1
133,2068,1213.13,388.8,38.26,96.36,0.9714,-1,-1,-1
133,2048,1814.97,591.41,43.18,136.1,0.9708,-1,-1,-1
133,2078,340.91,355.13,40.17,93.53,0.9694,-1,-1,-1
133,2070,854.79,458.14,50.35,100.49,0.9682,-1,-1,-1
133,2050,1632.82,368.51,36.96,96.63,0.9661,-1,-1,-1
133,2072,513.61,534.31,36.57,113.46,0.9611,-1,-1,-1
133,2080,472.23,320.11,31.15,94.48,0.961,-1,-1,-1
133,2077,549.57,265.88,47.85,84.38,0.954,-1,-1,-1
133,2076,966.85,296.5,32.62,82.94,0.9516,-1,-1,-1
133,2079,425.25,283.32,21.14,75.04,0.9448,-1,-1,-1
133,2054,434.18,224.24,26.02,71.56,0.9398,-1,-1,-1
133,2057,599.66,216.14,29.06,63.54,0.9361,-1,-1,-1
133,2089,576.51,189.62,25.58,54.96,0.537,-1,-1,-1
134,2046,1407.51,462.23,51.56,106.93,0.9758,-1,-1,-1
134,2045,1521.96,544.84,63.96,132.96,0.9756,-1,-1,-1
134,2075,663.05,458.71,47.96,106.57,0.9756,-1,-1,-1
134,2081,214.89,366.78,42.82,97.21,0.9729,-1,-1,-1
134,2068,1214.75,389.07,41.57,96.28,0.9721,-1,-1,-1
134,2078,342.93,355.58,42.09,93.37,0.9709,-1,-1,-1
134,2052,999.51,545.09,42.34,124.79,0.9707,-1,-1,-1
134,2070,865.14,457.66,50.56,100.69,0.9706,-1,-1,-1
134,2048,1814.73,591.83,38.46,135.91,0.9703,-1,-1,-1
134,2072,516.73,535.36,37.69,112.85,0.9692,-1,-1,-1
134,2050,1636.01,367.94,38.4,97.63,0.9673,-1,-1,-1
134,2077,553.84,265.27,46.74,84.79,0.9622,-1,-1,-1
134,2080,478.36,319.62,31.86,94.29,0.9619,-1,-1,-1
134,2076,976.68,294.85,33.77,84.96,0.9567,-1,-1,-1
134,2054,436.53,225.37,28.91,72.31,0.9408,-1,-1,-1
134,2057,604.65,212.5,30.29,67.56,0.9366,-1,-1,-1
134,2079,430.98,283.35,18.94,75.44,0.9229,-1,-1,-1
135,2045,1518.72,544.58,68.23,132.61,0.978,-1,-1,-1
135,2075,663.72,458.45,48.34,105.85,0.9775,-1,-1,-1
135,2046,1408.17,462.37,47.91,104.55,0.9755,-1,-1,-1
135,2078,344.26,355.78,43.09,92.94,0.9737,-1,-1,-1
135,2081,216.8,366.45,42.54,97.24,0.9724,-1,-1,-1
135,2048,1813.07,591.86,41.82,137.45,0.9722,-1,-1,-1
135,2068,1215.66,389.92,43.23,96.01,0.972,-1,-1,-1
135,2052,1002.74,547.66,41.22,122.33,0.9714,-1,-1,-1
135,2072,518.9,536.0,37.73,110.79,0.9697,-1,-1,-1
135,2070,865.62,457.4,55.73,102.27,0.9683,-1,-1,-1
135,2050,1637.34,367.75,40.37,98.39,0.9637,-1,-1,-1
135,2076,980.71,293.66,35.12,86.73,0.9612,-1,-1,-1
135,2077,555.68,265.69,48.16,84.65,0.9595,-1,-1,-1
135,2080,481.27,319.36,33.21,94.9,0.9448,-1,-1,-1
135,2054,438.27,225.45,30.31,73.16,0.9441,-1,-1,-1
135,2057,608.49,212.92,29.31,66.39,0.94,-1,-1,-1
135,2079,432.92,284.68,19.29,73.7,0.9047,-1,-1,-1
136,2045,1514.14,545.0,75.18,131.1,0.9798,-1,-1,-1
136,2068,1217.94,390.11,45.04,95.45,0.9785,-1,-1,-1
136,2075,665.86,458.35,48.25,106.31,0.9768,-1,-1,-1
136,2048,1809.79,592.52,50.06,136.85,0.9765,-1,-1,-1
136,2046,1409.16,462.55,44.19,101.3,0.9764,-1,-1,-1
136,2052,1007.34,551.73,42.97,119.25,0.9752,-1,-1,-1
136,2081,220.69,366.72,43.71,97.12,0.9745,-1,-1,-1
136,2078,346.08,355.41,47.28,93.3,0.9719,-1,-1,-1
136,2072,521.96,535.2,40.3,112.09,0.9701,-1,-1,-1
136,2070,872.79,455.47,59.58,102.39,0.9683,-1,-1,-1
136,2050,1641.79,366.75,39.16,98.59,0.9656,-1,-1,-1
136,2080,487.66,319.97,36.05,93.84,0.9636,-1,-1,-1
136,2076,988.79,293.7,39.49,87.04,0.9631,-1,-1,-1
136,2077,560.81,265.9,49.09,84.23,0.9538,-1,-1,-1
136,2057,614.08,210.97,29.82,67.49,0.9367,-1,-1,-1
136,2054,444.05,225.61,31.4,72.79,0.9315,-1,-1,-1
136,2079,437.75,283.81,19.42,74.9,0.9311,-1,-1,-1
137,2045,1515.35,546.79,72.81,128.0,0.9795,-1,-1,-1
137,2048,1804.25,594.25,60.93,136.64,0.9766,-1,-1,-1
137,2046,1410.66,463.91,45.17,102.38,0.9764,-1,-1,-1
137,2052,1013.42,555.69,42.85,117.49,0.9762,-1,-1,-1
137,2068,1221.64,391.36,46.28,94.78,0.9759,-1,-1,-1
137,2081,225.65,366.9,43.56,95.68,0.9747,-1,-1,-1
137,2078,348.0,355.25,51.05,93.85,0.9714,-1,-1,-1
137,2072,525.49,534.42,42.08,111.99,0.9709,-1,-1,-1
137,2075,669.26,457.43,45.52,105.64,0.9708,-1,-1,-1
137,2076,995.69,293.78,49.88,86.26,0.9668,-1,-1,-1
137,2080,495.51,319.75,39.91,94.8,0.9666,-1,-1,-1
137,2070,881.38,454.18,61.99,104.53,0.9658,-1,-1,-1
137,2050,1648.22,366.5,35.34,97.03,0.9554,-1,-1,-1
137,2077,565.12,264.55,47.98,85.36,0.9457,-1,-1,-1
137,2054,448.51,226.2,33.93,71.76,0.9442,-1,-1,-1
137,2057,621.82,209.08,28.02,69.4,0.9354,-1,-1,-1
137,2079,441.93,283.86,20.97,75.24,0.9206,-1,-1,-1
138,2052,1014.48,557.97,44.34,115.24,0.9781,-1,-1,-1
138,2045,1515.04,547.7,72.0,126.77,0.9777,-1,-1,-1
138,2046,1411.26,464.77,47.93,101.76,0.9775,-1,-1,-1
138,2048,1802.02,594.33,66.84,137.58,0.976,-1,-1,-1
138,2070,887.68,452.84,62.24,103.21,0.9741,-1,-1,-1
138,2068,1223.58,392.28,47.35,94.53,0.9731,-1,-1,-1
138,2081,227.57,367.31,44.65,95.99,0.9723,-1,-1,-1
138,2080,498.99,320.39,41.42,94.49,0.9713,-1,-1,-1
138,2078,349.26,354.95,52.68,93.92,0.9713,-1,-1,-1
138,2076,1001.09,294.46,52.4,84.67,0.9711,-1,-1,-1
138,2072,528.06,534.51,41.8,112.22,0.9709,-1,-1,-1
138,2075,670.93,456.86,44.34,106.02,0.9674,-1,-1,-1
138,2050,1650.1,365.43,36.17,95.62,0.9517,-1,-1,-1
138,2057,624.46,212.06,28.79,66.88,0.9413,-1,-1,-1
138,2054,452.35,224.14,31.38,73.67,0.9363,-1,-1,-1
138,2077,568.54,265.71,50.53,84.93,0.9297,-1,-1,-1
138,2079,444.82,284.07,20.82,75.18,0.898,-1,-1,-1
139,2052,1018.51,559.52,46.17,115.82,0.9786,-1,-1,-1
139,2048,1802.29,594.57,72.89,139.45,0.9772,-1,-1,-1
139,2081,231.38,367.33,46.33,96.32,0.9769,-1,-1,-1
139,2072,531.97,534.02,44.23,113.13,0.9732,-1,-1,-1
139,2068,1228.42,392.96,48.38,93.31,0.9727,-1,-1,-1
139,2076,1010.88,295.93,55.71,83.59,0.9722,-1,-1,-1
139,2070,900.79,451.12,61.27,102.56,0.9722,-1,-1,-1
139,2045,1512.48,549.23,69.01,126.08,0.9711,-1,-1,-1
139,2078,351.31,354.97,55.62,92.7,0.9707,-1,-1,-1
139,2080,507.23,322.05,39.81,92.16,0.9671,-1,-1,-1
139,2050,1654.46,362.39,36.13,98.19,0.9626,-1,-1,-1
139,2046,1412.86,465.12,54.51,104.44,0.9547,-1,-1,-1
139,2057,632.64,211.5,28.09,67.12,0.9323,-1,-1,-1
139,2079,450.52,284.78,21.49,74.11,0.932,-1,-1,-1
139,2054,458.61,224.28,30.98,72.91,0.932,-1,-1,-1
139,2075,673.86,455.28,41.13,105.98,0.9212,-1,-1,-1
139,2077,571.01,265.96,43.19,82.93,0.8894,-1,-1,-1
140,2048,1805.01,596.51,75.25,139.11,0.9772,-1,-1,-1
140,2072,535.62,534.49,45.66,112.27,0.9771,-1,-1,-1
140,2052,1020.84,559.49,48.9,117.07,0.9754,-1,-1,-1
140,2081,235.03,367.71,49.46,95.72,0.975,-1,-1,-1
140,2076,1022.23,297.66,51.13,82.09,0.9741,-1,-1,-1
140,2045,1511.86,549.87,63.03,124.7,0.9728,-1,-1,-1
140,2068,1233.21,392.9,48.85,94.18,0.9727,-1,-1,-1
140,2070,919.28,451.78,53.18,103.72,0.9708,-1,-1,-1
140,2046,1417.09,465.4,58.8,106.07,0.9685,-1,-1,-1
140,2078,355.41,354.2,54.12,91.8,0.9676,-1,-1,-1
140,2080,514.19,322.39,38.52,91.54,0.967,-1,-1,-1
140,2050,1661.38,358.13,32.79,101.79,0.9468,-1,-1,-1
140,2057,638.29,209.59,29.67,68.81,0.9404,-1,-1,-1
140,2054,464.4,221.48,31.22,74.53,0.9352,-1,-1,-1
140,2077,576.96,265.26,47.05,84.26,0.9237,-1,-1,-1
140,2079,457.02,284.16,21.09,74.71,0.9198,-1,-1,-1
140,2075,677.04,454.41,38.27,107.65,0.6448,-1,-1,-1
141,2052,1022.52,558.71,50.29,120.38,0.9772,-1,-1,-1
141,2048,1806.99,596.92,75.53,138.48,0.9771,-1,-1,-1
141,2072,538.22,534.42,45.84,111.58,0.9769,-1,-1,-1
141,2070,928.43,452.01,49.52,104.7,0.976,-1,-1,-1
141,2068,1235.56,392.42,49.2,94.97,0.9725,-1,-1,-1
141,2081,237.11,368.37,50.67,95.3,0.9724,-1,-1,-1
141,2076,1028.76,298.41,47.83,81.39,0.9712,-1,-1,-1
141,2046,1419.92,466.01,57.89,105.31,0.9707,-1,-1,-1
141,2045,1513.44,549.68,58.63,124.4,0.9702,-1,-1,-1
141,2080,518.98,322.85,37.42,91.07,0.9698,-1,-1,-1
141,2078,357.45,353.59,53.76,92.13,0.9629,-1,-1,-1
141,2054,467.58,221.69,31.07,74.72,0.9507,-1,-1,-1
141,2057,642.55,210.11,29.45,68.25,0.9484,-1,-1,-1
141,2077,579.07,266.08,55.54,84.19,0.9453,-1,-1,-1
141,2050,1666.42,358.21,30.23,99.11,0.9445,-1,-1,-1
141,2075,678.45,454.38,37.41,106.73,0.9319,-1,-1,-1
141,2079,460.3,285.15,20.95,73.48,0.9297,-1,-1,-1
141,2091,0.0,774.0,32.95,147.94,0.8039,-1,-1,-1
142,2072,543.4,534.9,45.6,109.32,0.9761,-1,-1,-1
142,2048,1809.73,596.19,76.28,140.14,0.975,-1,-1,-1
142,2078,362.3,351.6,49.68,94.63,0.9743,-1,-1,-1
142,2068,1240.05,391.46,50.67,96.4,0.9743,-1,-1,-1
142,2052,1025.16,561.08,54.35,123.24,0.9742,-1,-1,-1
142,2081,241.88,368.88,53.13,93.62,0.9732,-1,-1,-1
142,2046,1425.02,463.09,58.74,107.89,0.972,-1,-1,-1
142,2045,1512.55,547.22,50.52,126.93,0.9691,-1,-1,-1
142,2076,1043.41,297.94,39.87,81.08,0.969,-1,-1,-1
142,2080,526.5,322.12,36.56,91.6,0.9644,-1,-1,-1
142,2091,0.28,762.07,47.31,164.85,0.9597,-1,-1,-1
142,2050,1670.84,354.59,31.73,99.92,0.959,-1,-1,-1
142,2075,681.95,454.51,38.35,107.07,0.9586,-1,-1,-1
142,2070,952.33,452.57,37.81,104.24,0.9551,-1,-1,-1
142,2057,649.96,209.92,28.91,67.92,0.9511,-1,-1,-1
142,2054,473.32,221.15,30.89,74.67,0.9454,-1,-1,-1
142,2077,584.13,264.87,55.17,84.9,0.9433,-1,-1,-1
142,2079,467.14,284.09,20.36,75.05,0.9067,-1,-1,-1
143,2072,547.9,535.11,45.89,107.76,0.9764,-1,-1,-1
143,2046,1430.51,461.26,57.92,109.18,0.9759,-1,-1,-1
143,2068,1244.19,391.33,48.49,96.48,0.9747,-1,-1,-1
143,2078,368.35,351.35,44.29,93.41,0.9746,-1,-1,-1
143,2081,246.62,368.58,54.96,94.81,0.974,-1,-1,-1
143,2048,1815.76,596.5,69.59,141.45,0.9734,-1,-1,-1
143,2052,1030.04,563.16,55.45,123.41,0.9716,-1,-1,-1
143,2045,1510.98,545.38,53.77,129.88,0.9691,-1,-1,-1
143,2075,686.26,455.14,39.06,107.12,0.9671,-1,-1,-1
143,2091,5.6,758.29,58.3,167.33,0.9653,-1,-1,-1
143,2080,534.33,322.49,35.32,91.55,0.9634,-1,-1,-1
143,2076,1059.67,298.07,32.9,81.57,0.9562,-1,-1,-1
143,2050,1678.5,351.51,29.35,102.35,0.9561,-1,-1,-1
143,2077,589.54,265.95,56.73,84.38,0.9548,-1,-1,-1
143,2057,658.77,211.66,27.76,66.93,0.9451,-1,-1,-1
143,2070,967.38,452.56,35.81,104.78,0.9428,-1,-1,-1
143,2054,480.42,220.98,29.09,75.37,0.9415,-1,-1,-1
143,2079,474.68,286.33,19.82,72.34,0.9078,-1,-1,-1
144,2048,1818.64,598.02,66.03,139.65,0.9746,-1,-1,-1
144,2081,250.16,368.71,55.94,94.62,0.9744,-1,-1,-1
144,2072,550.96,534.44,45.06,107.9,0.9736,-1,-1,-1
144,2068,1247.12,390.09,46.52,98.12,0.9735,-1,-1,-1
144,2078,371.32,350.75,42.72,93.36,0.9729,-1,-1,-1
144,2045,1510.39,543.9,56.17,131.05,0.9726,-1,-1,-1
144,2091,10.9,755.97,61.51,168.6,0.9711,-1,-1,-1
144,2075,688.05,455.0,40.36,108.4,0.9708,-1,-1,-1
144,2046,1433.31,459.3,56.37,112.84,0.9701,-1,-1,-1
144,2052,1031.88,564.83,56.51,122.55,0.9695,-1,-1,-1
144,2080,538.15,321.96,34.68,92.56,0.9686,-1,-1,-1
144,2070,972.73,453.03,36.7,104.05,0.9607,-1,-1,-1
144,2050,1680.86,351.66,30.04,101.47,0.9561,-1,-1,-1
144,2057,661.94,211.56,27.59,67.21,0.9512,-1,-1,-1
144,2076,1067.47,297.7,30.16,82.1,0.9496,-1,-1,-1
144,2054,483.54,221.5,28.29,75.86,0.9173,-1,-1,-1
144,2077,593.12,266.25,49.9,83.19,0.9046,-1,-1,-1
144,2079,478.02,285.39,20.16,72.78,0.8783,-1,-1,-1
145,2075,691.17,455.54,43.73,107.82,0.9755,-1,-1,-1
145,2045,1509.46,542.5,60.73,133.02,0.9752,-1,-1,-1
145,2081,256.12,368.81,55.58,93.51,0.9747,-1,-1,-1
145,2048,1827.62,598.44,54.72,138.53,0.9744,-1,-1,-1
145,2070,979.57,452.33,48.79,105.67,0.9739,-1,-1,-1
145,2052,1036.81,565.67,54.01,122.52,0.971,-1,-1,-1
145,2068,1251.53,388.66,43.13,98.92,0.9703,-1,-1,-1
145,2078,377.99,350.18,38.24,93.82,0.967,-1,-1,-1
145,2091,21.33,752.87,77.36,173.06,0.966,-1,-1,-1
145,2046,1438.2,456.38,53.75,115.46,0.9647,-1,-1,-1
145,2072,557.31,532.52,40.79,109.15,0.9623,-1,-1,-1
145,2050,1686.07,351.11,30.98,101.1,0.9611,-1,-1,-1
145,2080,546.8,320.91,33.74,92.96,0.959,-1,-1,-1
145,2076,1081.68,296.25,27.85,84.12,0.9532,-1,-1,-1
145,2057,669.72,212.52,27.42,64.36,0.9451,-1,-1,-1
145,2054,491.15,220.86,27.91,76.93,0.9238,-1,-1,-1
145,2077,598.4,267.18,54.62,82.91,0.9193,-1,-1,-1
145,2079,486.03,286.81,19.96,72.1,0.9008,-1,-1,-1
146,2045,1505.63,541.95,67.42,134.06,0.9763,-1,-1,-1
146,2091,34.89,751.82,85.49,171.8,0.9758,-1,-1,-1
146,2070,986.65,449.55,63.72,107.47,0.9738,-1,-1,-1
146,2075,692.39,456.04,49.46,107.78,0.9734,-1,-1,-1
146,2052,1043.76,565.36,50.85,122.96,0.9733,-1,-1,-1
146,2048,1837.3,596.6,41.8,141.27,0.9728,-1,-1,-1
146,2081,262.64,368.46,54.26,93.46,0.9712,-1,-1,-1
146,2046,1441.03,454.06,52.84,112.82,0.9699,-1,-1,-1
146,2068,1256.28,387.71,39.41,100.1,0.9676,-1,-1,-1
146,2072,561.09,530.22,38.4,110.01,0.9663,-1,-1,-1
146,2078,384.29,349.76,36.19,92.97,0.965,-1,-1,-1
146,2080,554.73,320.18,33.06,93.3,0.9616,-1,-1,-1
146,2050,1692.31,350.39,30.03,99.73,0.9584,-1,-1,-1
146,2076,1090.71,294.73,30.73,85.77,0.9572,-1,-1,-1
146,2057,678.27,215.48,26.9,59.86,0.9462,-1,-1,-1
146,2077,604.6,266.71,55.29,83.94,0.9449,-1,-1,-1
146,2054,498.42,223.78,27.02,72.7,0.9141,-1,-1,-1
146,2079,494.36,288.94,18.83,70.3,0.7235,-1,-1,-1
147,2081,266.35,367.37,52.12,93.99,0.9754,-1,-1,-1
147,2070,991.31,448.68,69.16,107.55,0.9753,-1,-1,-1
147,2052,1046.37,565.29,49.41,122.01,0.9749,-1,-1,-1
147,2045,1505.05,543.13,70.97,131.99,0.9744,-1,-1,-1
147,2046,1442.93,453.06,50.81,110.63,0.9731,-1,-1,-1
147,2075,692.97,456.42,51.41,108.14,0.9709,-1,-1,-1
147,2048,1839.25,597.06,38.28,140.28,0.9702,-1,-1,-1
147,2091,42.81,751.29,83.97,169.28,0.9668,-1,-1,-1
147,2076,1094.78,293.42,34.47,87.21,0.9653,-1,-1,-1
147,2078,387.6,350.47,35.59,92.21,0.965,-1,-1,-1
147,2068,1258.69,387.44,37.4,100.69,0.9648,-1,-1,-1
147,2080,557.92,320.44,34.13,92.39,0.9623,-1,-1,-1
147,2072,564.32,529.22,34.38,110.67,0.9603,-1,-1,-1
147,2050,1693.21,350.97,32.96,98.69,0.9493,-1,-1,-1
147,2057,683.15,211.1,25.25,64.16,0.9452,-1,-1,-1
147,2077,607.82,266.08,54.58,85.01,0.9448,-1,-1,-1
147,2054,503.39,225.19,25.14,69.15,0.9205,-1,-1,-1
147,2079,497.65,292.23,18.96,66.83,0.8554,-1,-1,-1
148,2070,1001.98,448.78,71.16,103.82,0.9782,-1,-1,-1
148,2045,1507.32,544.28,68.45,131.58,0.9757,-1,-1,-1
148,2081,271.33,365.4,48.4,94.95,0.9752,-1,-1,-1
148,2048,1839.66,596.32,40.38,142.27,0.9751,-1,-1,-1
148,2052,1052.93,564.87,48.68,123.91,0.9749,-1,-1,-1
148,2046,1445.34,452.51,51.99,108.69,0.9745,-1,-1,-1
148,2091,57.58,752.68,80.49,165.99,0.9734,-1,-1,-1
148,2075,695.52,456.36,54.46,109.59,0.9723,-1,-1,-1
148,2076,1102.46,292.01,43.45,87.9,0.9665,-1,-1,-1
148,2068,1263.72,387.2,37.93,100.56,0.9646,-1,-1,-1
148,2078,393.03,351.48,35.31,90.25,0.9627,-1,-1,-1
148,2080,564.35,320.98,35.77,92.43,0.9624,-1,-1,-1
148,2077,614.58,266.89,57.46,84.11,0.959,-1,-1,-1
148,2050,1698.21,352.21,34.12,96.31,0.9555,-1,-1,-1
148,2072,568.54,527.5,29.65,110.05,0.9528,-1,-1,-1
148,2057,691.96,210.71,23.41,65.49,0.9487,-1,-1,-1
148,2054,511.12,224.7,23.88,68.76,0.9278,-1,-1,-1
148,2079,503.71,287.2,20.39,71.35,0.8984,-1,-1,-1
149,2091,77.51,755.81,64.52,160.78,0.9774,-1,-1,-1
149,2070,1014.89,447.74,65.2,102.6,0.9744,-1,-1,-1
149,2048,1837.3,596.79,47.13,141.85,0.9741,-1,-1,-1
149,2075,700.51,457.4,54.98,108.86,0.9738,-1,-1,-1
149,2081,275.61,364.43,43.61,96.11,0.9738,-1,-1,-1
149,2052,1057.83,565.25,48.13,127.11,0.9737,-1,-1,-1
149,2046,1448.61,451.64,48.6,110.3,0.9735,-1,-1,-1
149,2045,1508.24,546.37,65.3,128.66,0.973,-1,-1,-1
149,2080,570.43,322.12,37.67,91.24,0.9709,-1,-1,-1
149,2076,1109.62,291.01,49.57,89.44,0.9693,-1,-1,-1
149,2078,396.35,352.18,37.32,90.87,0.9687,-1,-1,-1
149,2068,1267.69,387.62,37.03,100.9,0.966,-1,-1,-1
149,2072,571.45,526.4,27.66,110.05,0.9559,-1,-1,-1
149,2050,1702.77,353.74,35.77,95.39,0.9548,-1,-1,-1
149,2077,620.7,266.27,52.76,84.45,0.9486,-1,-1,-1
149,2057,699.91,207.08,22.05,68.61,0.9419,-1,-1,-1
149,2079,509.7,288.03,20.32,70.78,0.9247,-1,-1,-1
149,2054,518.62,224.29,21.82,67.92,0.9245,-1,-1,-1
150,2052,1059.83,566.34,47.36,128.36,0.9755,-1,-1,-1
150,2091,85.46,755.38,60.28,157.84,0.9753,-1,-1,-1
150,2070,1022.52,447.48,59.21,102.42,0.975,-1,-1,-1
150,2075,702.6,457.49,53.94,108.43,0.9746,-1,-1,-1
150,2081,276.94,363.77,41.28,96.95,0.9732,-1,-1,-1
150,2048,1832.3,597.12,55.18,142.87,0.9725,-1,-1,-1
150,2080,573.08,322.3,38.94,90.88,0.9724,-1,-1,-1
150,2045,1507.68,546.99,62.91,127.29,0.9723,-1,-1,-1
150,2046,1449.78,450.5,48.51,112.26,0.9715,-1,-1,-1
150,2078,395.88,353.15,40.53,90.04,0.9707,-1,-1,-1
150,2076,1113.26,291.49,50.72,89.06,0.9676,-1,-1,-1
150,2050,1703.01,354.96,38.3,94.92,0.9672,-1,-1,-1
150,2068,1269.03,388.27,37.18,100.57,0.9656,-1,-1,-1
150,2072,572.27,526.11,26.71,110.41,0.9561,-1,-1,-1
150,2077,622.24,267.17,57.7,83.64,0.9503,-1,-1,-1
150,2054,521.59,222.43,21.11,69.45,0.9383,-1,-1,-1
150,2079,511.32,285.43,21.19,73.34,0.9351,-1,-1,-1
150,2057,704.06,206.75,20.21,69.13,0.9227,-1,-1,-1
151,2052,1062.68,570.3,46.7,128.19,0.9776,-1,-1,-1
151,2078,389.86,355.86,50.73,86.1,0.9767,-1,-1,-1
151,2070,1038.97,446.74,45.96,102.46,0.9761,-1,-1,-1
151,2091,106.76,755.34,47.56,155.02,0.9751,-1,-1,-1
151,2075,703.62,457.01,53.76,108.95,0.975,-1,-1,-1
151,2048,1823.2,598.13,68.96,143.43,0.9748,-1,-1,-1
151,2080,575.19,324.2,42.1,89.89,0.9719,-1,-1,-1
151,2081,278.64,363.35,35.39,97.22,0.9716,-1,-1,-1
151,2045,1503.06,547.29,58.12,126.53,0.9712,-1,-1,-1
151,2046,1450.57,448.39,48.23,114.41,0.9699,-1,-1,-1
151,2050,1703.09,356.74,42.4,93.15,0.9677,-1,-1,-1
151,2076,1118.71,292.32,52.06,87.03,0.9672,-1,-1,-1
151,2068,1269.1,390.12,38.77,99.93,0.9648,-1,-1,-1
151,2072,569.82,526.98,31.25,110.55,0.9618,-1,-1,-1
151,2077,625.6,267.57,56.7,83.36,0.9521,-1,-1,-1
151,2054,524.43,221.93,21.89,68.89,0.9421,-1,-1,-1
151,2079,515.45,285.05,20.86,73.82,0.9314,-1,-1,-1
151,2057,709.74,210.99,19.38,64.91,0.885,-1,-1,-1
152,2052,1063.1,573.75,47.46,125.76,0.9768,-1,-1,-1
152,2048,1817.66,600.67,77.32,140.95,0.9759,-1,-1,-1
152,2078,386.42,356.07,55.57,87.07,0.9759,-1,-1,-1
152,2075,703.67,456.26,53.92,109.78,0.9742,-1,-1,-1
152,2045,1500.3,546.12,47.4,128.02,0.9729,-1,-1,-1
152,2091,116.02,751.96,50.17,159.43,0.9724,-1,-1,-1
152,2046,1451.69,446.62,48.64,112.34,0.9704,-1,-1,-1
152,2080,578.36,325.46,43.59,88.2,0.9703,-1,-1,-1
152,2076,1124.33,293.78,49.55,84.66,0.9701,-1,-1,-1
152,2072,566.48,527.98,37.92,109.81,0.9696,-1,-1,-1
152,2050,1703.85,357.2,44.58,93.18,0.9692,-1,-1,-1
152,2081,279.24,363.48,34.23,96.69,0.9691,-1,-1,-1
152,2068,1265.21,391.44,43.33,99.0,0.9682,-1,-1,-1
152,2070,1051.92,444.22,36.14,105.86,0.9682,-1,-1,-1
152,2077,628.06,267.78,56.26,83.3,0.9527,-1,-1,-1
152,2054,526.86,220.55,22.9,70.0,0.9409,-1,-1,-1
152,2079,517.38,287.3,21.67,71.19,0.9281,-1,-1,-1
152,2057,712.93,205.75,21.1,68.8,0.9199,-1,-1,-1
153,2048,1815.45,602.2,80.37,140.18,0.9771,-1,-1,-1
153,2052,1063.37,576.05,48.2,125.51,0.977,-1,-1,-1
153,2078,386.32,356.5,57.71,86.08,0.9761,-1,-1,-1
153,2045,1498.28,544.44,45.18,128.46,0.9742,-1,-1,-1
153,2075,703.46,455.02,52.33,110.92,0.9738,-1,-1,-1
153,2080,579.64,325.2,44.33,88.07,0.972,-1,-1,-1
153,2072,564.89,528.08,40.37,109.25,0.972,-1,-1,-1
153,2046,1452.49,446.11,48.91,108.78,0.9717,-1,-1,-1
153,2050,1703.19,356.66,46.33,93.96,0.9711,-1,-1,-1
153,2068,1264.63,393.48,43.26,96.18,0.9697,-1,-1,-1
153,2081,279.32,363.54,34.24,97.29,0.9681,-1,-1,-1
153,2076,1126.8,293.88,47.8,84.63,0.9658,-1,-1,-1
153,2091,120.42,749.94,49.93,161.61,0.9649,-1,-1,-1
153,2070,1059.62,442.12,30.03,106.91,0.9554,-1,-1,-1
153,2077,628.7,267.64,56.09,83.56,0.9534,-1,-1,-1
153,2079,518.26,285.09,21.67,73.32,0.9395,-1,-1,-1
153,2054,529.32,221.32,21.82,69.37,0.9325,-1,-1,-1
153,2057,714.52,207.12,21.58,66.89,0.9067,-1,-1,-1
154,2048,1814.2,604.2,82.29,139.02,0.9776,-1,-1,-1
154,2078,387.94,356.67,57.34,85.92,0.9766,-1,-1,-1
154,2052,1062.69,580.81,47.55,122.65,0.9764,-1,-1,-1
154,2091,125.26,750.61,57.02,159.88,0.976,-1,-1,-1
154,2075,702.93,452.99,48.4,112.22,0.976,-1,-1,-1
154,2080,580.42,324.67,46.08,88.43,0.9756,-1,-1,-1
154,2072,561.97,528.64,46.4,109.2,0.9755,-1,-1,-1
154,2046,1452.49,446.01,50.63,100.66,0.9716,-1,-1,-1
154,2045,1491.37,535.97,49.42,137.0,0.971,-1,-1,-1
154,2068,1261.04,393.78,46.22,96.02,0.971,-1,-1,-1
154,2050,1702.45,354.92,47.84,96.09,0.9695,-1,-1,-1
154,2076,1133.84,292.68,43.63,85.52,0.9683,-1,-1,-1
154,2081,278.97,363.15,35.02,97.38,0.967,-1,-1,-1
154,2077,629.76,267.52,55.12,84.02,0.9555,-1,-1,-1
154,2079,520.17,283.79,21.7,75.01,0.9414,-1,-1,-1
154,2054,531.38,222.07,22.39,67.18,0.9402,-1,-1,-1
154,2070,1064.95,439.24,29.46,109.72,0.94,-1,-1,-1
154,2057,715.6,205.41,24.04,68.21,0.9365,-1,-1,-1
155,2048,1813.61,605.71,82.05,138.67,0.9798,-1,-1,-1
155,2072,561.52,528.29,48.14,109.46,0.9758,-1,-1,-1
155,2052,1061.79,584.33,47.5,122.01,0.9751,-1,-1,-1
155,2078,389.22,356.43,55.98,86.59,0.9749,-1,-1,-1
155,2046,1453.21,446.45,56.47,99.28,0.9731,-1,-1,-1
155,2068,1258.01,393.21,46.42,96.36,0.9724,-1,-1,-1
155,2080,583.12,324.91,46.5,88.51,0.9723,-1,-1,-1
155,2091,130.58,746.51,68.55,162.38,0.9694,-1,-1,-1
155,2050,1701.22,353.08,47.96,97.73,0.9693,-1,-1,-1
155,2076,1143.01,290.77,39.08,87.74,0.9681,-1,-1,-1
155,2045,1485.22,538.19,55.35,137.2,0.9672,-1,-1,-1
155,2081,277.95,363.12,37.34,97.74,0.9663,-1,-1,-1
155,2077,630.68,267.52,54.52,84.16,0.9544,-1,-1,-1
155,2070,1068.71,435.92,36.05,111.25,0.9522,-1,-1,-1
155,2079,521.62,280.92,21.78,78.21,0.9486,-1,-1,-1
155,2054,531.82,221.88,23.72,68.28,0.9448,-1,-1,-1
155,2057,717.71,206.3,25.55,67.25,0.9394,-1,-1,-1
155,2075,701.44,450.47,42.05,114.06,0.9224,-1,-1,-1
156,2048,1813.92,605.46,80.74,138.9,0.98,-1,-1,-1
156,2072,561.58,528.28,48.36,109.03,0.9761,-1,-1,-1
156,2078,389.9,356.26,54.41,86.42,0.9745,-1,-1,-1
156,2052,1060.59,585.04,47.45,123.34,0.9741,-1,-1,-1
156,2068,1256.9,392.73,46.33,96.67,0.9739,-1,-1,-1
156,2080,583.8,324.7,48.09,88.62,0.9728,-1,-1,-1
156,2046,1453.45,447.46,59.76,101.44,0.9715,-1,-1,-1
156,2081,277.21,363.43,38.3,97.19,0.9699,-1,-1,-1
156,2050,1701.94,352.78,44.5,97.27,0.9667,-1,-1,-1
156,2070,1071.54,435.61,39.53,109.76,0.9654,-1,-1,-1
156,2076,1148.09,290.84,35.74,88.09,0.9614,-1,-1,-1
156,2045,1482.9,546.8,57.55,128.16,0.9603,-1,-1,-1
156,2091,131.83,746.97,72.52,160.81,0.9595,-1,-1,-1
156,2077,631.45,267.58,53.76,84.05,0.9558,-1,-1,-1
156,2079,522.04,280.38,21.98,79.0,0.9449,-1,-1,-1
156,2054,532.46,221.8,23.5,68.67,0.9441,-1,-1,-1
156,2057,718.84,208.4,25.2,64.94,0.8836,-1,-1,-1
156,2075,701.0,449.32,40.04,115.07,0.5051,-1,-1,-1
157,2072,561.94,528.12,48.15,108.34,0.9767,-1,-1,-1
157,2046,1451.94,449.35,64.42,98.4,0.975,-1,-1,-1
157,2068,1256.65,391.65,44.49,97.44,0.9747,-1,-1,-1
157,2091,135.47,745.38,76.23,162.29,0.9742,-1,-1,-1
157,2048,1811.82,604.62,77.73,139.73,0.9738,-1,-1,-1
157,2081,275.25,363.35,41.25,97.13,0.9735,-1,-1,-1
157,2045,1471.98,538.41,67.99,136.14,0.9733,-1,-1,-1
157,2070,1077.42,433.91,43.86,107.0,0.9725,-1,-1,-1
157,2078,389.4,354.29,47.14,89.21,0.9724,-1,-1,-1
157,2080,586.03,325.57,49.03,87.54,0.9718,-1,-1,-1
157,2052,1058.66,586.14,45.3,126.5,0.9684,-1,-1,-1
157,2050,1699.67,351.84,44.52,95.54,0.9672,-1,-1,-1
157,2076,1158.76,288.54,29.33,89.06,0.9599,-1,-1,-1
157,2077,632.88,267.88,52.13,83.77,0.9519,-1,-1,-1
157,2054,532.76,219.61,24.91,70.12,0.9466,-1,-1,-1
157,2079,523.27,281.4,22.07,78.0,0.9395,-1,-1,-1
157,2057,720.5,213.54,25.92,60.2,0.9309,-1,-1,-1
157,2075,700.58,449.06,39.06,115.65,0.6053,-1,-1,-1
158,2072,561.96,527.61,47.04,107.33,0.9776,-1,-1,-1
158,2081,273.95,363.87,42.75,96.59,0.9766,-1,-1,-1
158,2046,1448.28,449.57,70.6,97.24,0.9755,-1,-1,-1
158,2068,1256.83,391.24,46.34,96.46,0.9751,-1,-1,-1
158,2091,138.83,745.19,73.81,163.04,0.9748,-1,-1,-1
158,2045,1463.54,539.92,73.81,134.57,0.9715,-1,-1,-1
158,2080,589.76,325.49,47.69,87.31,0.9705,-1,-1,-1
158,2048,1811.08,603.83,72.17,140.91,0.9692,-1,-1,-1
158,2070,1082.32,433.22,44.58,104.07,0.9688,-1,-1,-1
158,2052,1056.88,588.82,43.71,126.78,0.9686,-1,-1,-1
158,2050,1696.28,349.05,46.02,96.21,0.9679,-1,-1,-1
158,2078,387.02,353.56,43.88,89.09,0.9641,-1,-1,-1
158,2076,1164.05,287.32,28.49,90.03,0.9586,-1,-1,-1
158,2077,634.25,267.95,51.97,83.99,0.949,-1,-1,-1
158,2054,533.25,220.19,26.04,70.38,0.9467,-1,-1,-1
158,2079,524.22,280.73,22.06,78.91,0.9444,-1,-1,-1
158,2057,719.47,211.68,31.46,62.48,0.9343,-1,-1,-1
158,2075,699.72,449.63,38.8,114.77,0.8168,-1,-1,-1
159,2072,561.86,527.51,46.76,107.07,0.9776,-1,-1,-1
159,2081,273.06,364.16,43.27,96.37,0.9758,-1,-1,-1
159,2091,141.83,746.18,71.95,161.44,0.9755,-1,-1,-1
159,2068,1257.15,391.26,46.51,96.03,0.9741,-1,-1,-1
159,2048,1807.84,602.72,70.7,141.9,0.974,-1,-1,-1
159,2046,1444.82,449.39,72.84,96.8,0.9729,-1,-1,-1
159,2052,1054.77,590.35,46.21,126.46,0.9725,-1,-1,-1
159,2070,1084.0,432.93,44.89,104.85,0.9699,-1,-1,-1
159,2080,593.49,327.13,46.17,85.13,0.9695,-1,-1,-1
159,2050,1694.89,348.1,46.46,96.15,0.9693,-1,-1,-1
159,2045,1458.1,542.87,77.57,132.02,0.9668,-1,-1,-1
159,2078,384.92,353.52,42.95,89.03,0.9649,-1,-1,-1
159,2076,1166.0,286.56,28.05,89.7,0.9587,-1,-1,-1
159,2077,634.05,267.96,52.7,84.06,0.9517,-1,-1,-1
159,2079,524.81,280.7,21.64,79.05,0.9449,-1,-1,-1
159,2054,534.66,221.45,25.0,68.93,0.9413,-1,-1,-1
159,2057,722.08,213.06,28.52,61.1,0.9259,-1,-1,-1
159,2075,699.64,450.7,38.44,113.58,0.6942,-1,-1,-1
160,2091,148.57,745.84,66.18,156.6,0.9765,-1,-1,-1
160,2052,1052.35,594.35,49.36,124.88,0.9762,-1,-1,-1
160,2081,272.76,364.43,43.68,95.81,0.9746,-1,-1,-1
160,2068,1257.73,390.91,44.34,95.92,0.974,-1,-1,-1
160,2048,1807.08,601.86,62.02,141.78,0.9726,-1,-1,-1
160,2046,1445.28,448.23,66.68,98.57,0.9716,-1,-1,-1
160,2045,1457.37,544.28,74.87,132.34,0.9713,-1,-1,-1
160,2078,379.5,352.78,42.07,90.49,0.9704,-1,-1,-1
160,2072,562.63,526.65,39.91,108.8,0.9702,-1,-1,-1
160,2050,1693.56,345.28,43.72,95.82,0.9667,-1,-1,-1
160,2070,1091.24,434.16,40.72,101.46,0.9667,-1,-1,-1
160,2080,599.67,329.28,45.1,81.95,0.9663,-1,-1,-1
160,2077,636.67,268.2,49.78,84.13,0.955,-1,-1,-1
160,2076,1170.01,287.1,27.85,88.45,0.9536,-1,-1,-1
160,2054,536.77,223.6,25.44,66.73,0.9446,-1,-1,-1
160,2079,525.99,281.49,20.79,78.77,0.9432,-1,-1,-1
160,2057,724.73,212.9,29.21,61.2,0.9279,-1,-1,-1
160,2075,696.91,453.0,40.07,111.9,0.7249,-1,-1,-1
161,2091,159.85,744.5,57.74,152.24,0.9779,-1,-1,-1
161,2081,272.45,364.72,43.67,95.87,0.9743,-1,-1,-1
161,2052,1050.65,596.71,52.03,123.63,0.9742,-1,-1,-1
161,2048,1813.27,601.47,44.25,140.74,0.9725,-1,-1,-1
161,2045,1455.02,545.55,70.27,131.38,0.9716,-1,-1,-1
161,2046,1441.09,446.26,63.82,100.34,0.9703,-1,-1,-1
161,2078,374.06,353.22,46.12,89.77,0.9692,-1,-1,-1
161,2050,1692.74,344.57,41.61,95.25,0.9685,-1,-1,-1
161,2068,1259.34,390.11,39.28,97.3,0.968,-1,-1,-1
161,2072,561.97,525.8,34.03,109.93,0.9657,-1,-1,-1
161,2080,607.11,329.45,42.43,81.23,0.9649,-1,-1,-1
161,2077,637.02,268.5,48.84,84.01,0.9584,-1,-1,-1
161,2070,1097.2,432.95,35.61,103.9,0.9568,-1,-1,-1
161,2075,692.21,455.36,44.19,111.37,0.9561,-1,-1,-1
161,2076,1173.48,287.2,28.46,88.75,0.9514,-1,-1,-1
161,2079,527.99,282.63,19.74,77.71,0.9378,-1,-1,-1
161,2054,540.7,220.23,24.36,70.54,0.9349,-1,-1,-1
161,2057,725.76,212.19,28.99,60.87,0.9316,-1,-1,-1
162,2052,1049.84,596.76,51.54,123.95,0.9768,-1,-1,-1
162,2081,272.77,364.8,42.9,95.4,0.9741,-1,-1,-1
162,2075,687.88,456.52,48.33,110.98,0.9731,-1,-1,-1
162,2091,166.65,743.01,51.29,153.8,0.9724,-1,-1,-1
162,2048,1811.98,601.78,39.69,140.78,0.9721,-1,-1,-1
162,2046,1441.32,444.08,62.18,102.73,0.9707,-1,-1,-1
162,2078,371.59,353.3,47.66,90.18,0.9694,-1,-1,-1
162,2068,1260.17,390.25,37.34,96.82,0.9681,-1,-1,-1
162,2045,1451.13,546.07,71.14,130.84,0.9657,-1,-1,-1
162,2050,1694.09,342.68,37.36,96.51,0.9642,-1,-1,-1
162,2080,611.82,331.05,39.33,78.83,0.9641,-1,-1,-1
162,2076,1175.27,287.64,30.8,89.32,0.9638,-1,-1,-1
162,2077,637.47,268.98,48.45,83.56,0.9616,-1,-1,-1
162,2070,1100.24,432.25,33.86,104.51,0.9582,-1,-1,-1
162,2072,561.2,525.21,31.13,110.26,0.9529,-1,-1,-1
162,2054,543.16,219.79,23.43,70.89,0.9428,-1,-1,-1
162,2079,528.49,283.13,19.86,77.35,0.933,-1,-1,-1
162,2057,726.26,211.51,31.05,60.46,0.9306,-1,-1,-1
163,2052,1049.66,595.68,48.77,125.5,0.9781,-1,-1,-1
163,2091,177.36,742.46,46.56,154.29,0.9759,-1,-1,-1
163,2046,1441.29,442.08,60.18,103.97,0.9741,-1,-1,-1
163,2045,1446.71,545.55,65.78,131.82,0.9739,-1,-1,-1
163,2078,367.88,354.12,51.22,90.85,0.9718,-1,-1,-1
163,2075,685.0,457.37,50.47,110.49,0.9716,-1,-1,-1
163,2081,273.09,364.29,41.3,95.57,0.9702,-1,-1,-1
163,2048,1807.85,601.76,38.7,142.54,0.9669,-1,-1,-1
163,2076,1179.66,289.71,35.43,86.85,0.9663,-1,-1,-1
163,2050,1694.24,340.83,36.47,96.35,0.9653,-1,-1,-1
163,2068,1261.97,390.93,35.85,96.6,0.9631,-1,-1,-1
163,2077,638.73,269.55,46.73,83.25,0.9584,-1,-1,-1
163,2070,1104.56,429.61,34.26,106.42,0.958,-1,-1,-1
163,2080,615.4,332.52,41.91,76.34,0.9555,-1,-1,-1
163,2072,560.2,525.64,28.41,109.43,0.9548,-1,-1,-1
163,2054,546.01,218.43,24.69,71.72,0.9409,-1,-1,-1
163,2079,529.95,282.24,19.37,79.59,0.9111,-1,-1,-1
163,2057,728.11,211.84,29.86,59.74,0.9095,-1,-1,-1
164,2052,1050.2,593.78,46.3,127.7,0.9765,-1,-1,-1
164,2046,1440.16,440.24,61.09,105.7,0.975,-1,-1,-1
164,2078,365.95,355.3,52.73,90.58,0.9728,-1,-1,-1
164,2068,1263.54,392.2,35.02,95.38,0.971,-1,-1,-1
164,2075,685.06,458.35,50.07,109.71,0.9709,-1,-1,-1
164,2045,1440.92,544.79,60.94,132.69,0.9707,-1,-1,-1
164,2091,183.56,740.25,48.43,157.16,0.9697,-1,-1,-1
164,2081,274.33,363.46,38.34,96.72,0.967,-1,-1,-1
164,2048,1799.38,602.3,47.95,143.68,0.967,-1,-1,-1
164,2076,1184.49,291.44,39.92,85.32,0.9658,-1,-1,-1
164,2080,617.96,333.21,45.03,76.51,0.964,-1,-1,-1
164,2077,639.57,270.59,45.67,82.96,0.96,-1,-1,-1
164,2050,1694.12,340.08,35.4,95.38,0.9589,-1,-1,-1
164,2072,558.82,526.6,28.31,108.46,0.9583,-1,-1,-1
164,2070,1110.4,428.01,33.04,105.84,0.9517,-1,-1,-1
164,2054,549.13,217.02,25.53,73.68,0.9411,-1,-1,-1
164,2079,531.94,283.12,19.14,77.89,0.9354,-1,-1,-1
164,2057,727.85,207.7,30.74,64.05,0.8737,-1,-1,-1
165,2046,1438.91,439.05,61.86,106.81,0.9764,-1,-1,-1
165,2052,1050.29,592.99,45.94,127.92,0.9763,-1,-1,-1
165,2078,365.29,355.65,53.15,91.18,0.9728,-1,-1,-1
165,2048,1790.69,604.45,59.2,141.23,0.9708,-1,-1,-1
165,2068,1264.11,392.48,34.84,95.5,0.9687,-1,-1,-1
165,2045,1442.19,542.16,53.54,135.36,0.968,-1,-1,-1
165,2075,685.91,458.82,49.45,109.39,0.9677,-1,-1,-1
165,2080,619.5,334.13,48.53,76.76,0.9673,-1,-1,-1
165,2076,1186.48,292.83,41.8,84.36,0.9672,-1,-1,-1
165,2091,186.78,738.84,52.72,159.43,0.9659,-1,-1,-1
165,2081,274.7,363.05,36.06,96.48,0.9656,-1,-1,-1
165,2072,556.93,526.85,30.77,109.55,0.9597,-1,-1,-1
165,2077,640.51,271.55,44.4,76.27,0.9587,-1,-1,-1
165,2050,1694.32,340.44,34.42,94.4,0.9575,-1,-1,-1
165,2070,1112.84,426.86,33.22,107.69,0.9564,-1,-1,-1
165,2054,550.07,217.2,25.6,73.83,0.9371,-1,-1,-1
165,2079,533.1,282.92,18.9,78.57,0.9359,-1,-1,-1
165,2057,727.4,205.72,31.49,66.24,0.9295,-1,-1,-1
166,2052,1050.42,591.94,45.67,129.54,0.976,-1,-1,-1
166,2048,1778.64,604.71,72.76,142.22,0.975,-1,-1,-1
166,2078,365.29,357.39,53.24,90.25,0.9732,-1,-1,-1
166,2046,1437.21,437.21,60.2,107.65,0.971,-1,-1,-1
166,2070,1117.85,425.87,40.16,110.82,0.9705,-1,-1,-1
166,2072,551.67,527.57,39.49,110.43,0.9694,-1,-1,-1
166,2091,192.33,738.94,60.53,158.85,0.9678,-1,-1,-1
166,2076,1191.86,295.3,44.52,82.63,0.9673,-1,-1,-1
166,2075,687.85,457.39,47.84,112.42,0.9673,-1,-1,-1
166,2077,642.81,272.87,41.46,66.49,0.962,-1,-1,-1
166,2068,1266.1,394.18,34.17,93.92,0.9609,-1,-1,-1
166,2081,276.44,362.78,31.53,97.56,0.9565,-1,-1,-1
166,2045,1440.3,544.75,44.52,131.41,0.9492,-1,-1,-1
166,2050,1694.68,341.44,32.44,94.02,0.9479,-1,-1,-1
166,2054,553.09,217.53,25.24,73.55,0.9476,-1,-1,-1
166,2057,732.0,206.59,27.19,65.93,0.9384,-1,-1,-1
166,2079,535.68,284.0,17.93,78.84,0.9274,-1,-1,-1
166,2080,623.36,332.35,49.53,77.66,0.8764,-1,-1,-1
167,2072,548.71,528.65,44.67,109.78,0.9763,-1,-1,-1
167,2052,1050.93,592.94,46.17,131.25,0.9759,-1,-1,-1
167,2091,197.82,738.14,61.72,160.66,0.9738,-1,-1,-1
167,2070,1122.04,425.03,43.71,111.02,0.9735,-1,-1,-1
167,2078,366.23,358.8,52.99,90.92,0.9731,-1,-1,-1
167,2048,1769.95,607.24,86.15,139.77,0.973,-1,-1,-1
167,2045,1438.57,543.05,43.99,134.11,0.9703,-1,-1,-1
167,2076,1196.43,297.15,46.71,82.23,0.9702,-1,-1,-1
167,2080,629.06,327.77,51.51,83.13,0.9698,-1,-1,-1
167,2075,689.87,458.57,48.42,111.82,0.9657,-1,-1,-1
167,2077,645.21,274.07,38.51,66.52,0.9609,-1,-1,-1
167,2050,1694.59,344.29,34.66,92.23,0.9592,-1,-1,-1
167,2068,1265.95,394.41,36.17,93.96,0.9548,-1,-1,-1
167,2046,1433.53,437.75,61.75,105.01,0.9541,-1,-1,-1
167,2081,278.12,363.72,28.39,96.9,0.952,-1,-1,-1
167,2057,735.34,205.8,26.79,67.21,0.9482,-1,-1,-1
167,2054,556.46,219.42,24.58,72.78,0.9419,-1,-1,-1
167,2079,538.27,284.44,18.53,79.64,0.9282,-1,-1,-1
168,2072,548.54,529.41,46.58,109.29,0.9775,-1,-1,-1
168,2052,1051.27,594.0,46.69,131.95,0.9763,-1,-1,-1
168,2048,1767.49,608.42,90.14,139.0,0.9758,-1,-1,-1
168,2091,200.08,737.94,64.71,162.3,0.9754,-1,-1,-1
168,2070,1124.39,425.52,44.78,109.73,0.9729,-1,-1,-1
168,2045,1436.96,542.61,45.91,135.65,0.9728,-1,-1,-1
168,2078,367.56,359.12,51.85,91.54,0.9727,-1,-1,-1
168,2076,1198.8,297.78,46.26,82.34,0.9704,-1,-1,-1
168,2080,631.38,329.18,52.16,81.44,0.9692,-1,-1,-1
168,2050,1692.9,344.11,38.19,92.97,0.9661,-1,-1,-1
168,2075,690.64,458.6,48.76,112.13,0.9603,-1,-1,-1
168,2068,1266.33,394.89,36.61,95.33,0.9546,-1,-1,-1
168,2081,278.87,363.43,27.72,97.85,0.9528,-1,-1,-1
168,2077,646.29,274.42,36.65,73.23,0.9483,-1,-1,-1
168,2054,557.66,220.93,25.63,72.1,0.94,-1,-1,-1
168,2046,1433.28,437.88,62.97,106.58,0.9393,-1,-1,-1
168,2057,737.3,205.59,26.09,67.96,0.9369,-1,-1,-1
168,2079,539.84,285.38,18.68,78.59,0.9294,-1,-1,-1
169,2052,1053.08,595.44,47.1,133.64,0.9771,-1,-1,-1
169,2072,550.25,530.68,47.23,109.5,0.9759,-1,-1,-1
169,2045,1431.97,544.01,51.71,134.42,0.9749,-1,-1,-1
169,2091,205.27,737.95,67.74,163.13,0.9733,-1,-1,-1
169,2048,1768.99,610.15,92.43,138.28,0.9729,-1,-1,-1
169,2076,1203.23,298.78,46.03,81.8,0.9716,-1,-1,-1
169,2046,1441.57,438.91,50.14,107.59,0.9713,-1,-1,-1
169,2050,1692.46,346.5,44.02,91.9,0.9703,-1,-1,-1
169,2078,371.2,360.54,49.04,90.85,0.9702,-1,-1,-1
169,2080,638.28,331.39,50.69,79.71,0.9677,-1,-1,-1
169,2070,1128.01,427.26,44.57,108.48,0.9667,-1,-1,-1
169,2068,1266.29,395.08,38.48,95.54,0.9627,-1,-1,-1
169,2077,648.99,275.63,34.33,79.2,0.9593,-1,-1,-1
169,2081,280.85,364.11,27.01,97.65,0.9526,-1,-1,-1
169,2054,561.22,220.27,26.44,73.43,0.9469,-1,-1,-1
169,2057,741.11,206.51,24.72,66.99,0.929,-1,-1,-1
169,2075,692.66,457.4,47.05,114.86,0.9257,-1,-1,-1
169,2079,543.32,286.12,17.71,78.44,0.9203,-1,-1,-1
170,2048,1774.51,611.33,92.31,139.1,0.9798,-1,-1,-1
170,2052,1054.02,600.73,49.71,134.12,0.9762,-1,-1,-1
170,2046,1445.46,439.87,48.4,108.05,0.9756,-1,-1,-1
170,2091,210.65,739.41,70.78,162.85,0.9753,-1,-1,-1
170,2045,1428.82,545.83,58.48,134.36,0.9749,-1,-1,-1
170,2076,1208.72,299.11,46.31,82.34,0.9744,-1,-1,-1
170,2070,1132.43,428.17,46.38,105.57,0.9723,-1,-1,-1
170,2050,1695.41,347.27,45.7,92.77,0.9717,-1,-1,-1
170,2072,553.39,531.06,45.84,110.69,0.9691,-1,-1,-1
170,2078,374.62,360.97,46.38,90.2,0.9689,-1,-1,-1
170,2068,1268.77,393.91,39.36,97.16,0.9651,-1,-1,-1
170,2081,282.96,364.48,27.68,97.41,0.9631,-1,-1,-1
170,2075,695.52,456.32,43.93,115.44,0.9595,-1,-1,-1
170,2080,645.68,331.3,50.66,81.64,0.9591,-1,-1,-1
170,2077,652.33,276.18,29.86,81.08,0.9527,-1,-1,-1
170,2054,565.58,221.38,24.28,71.83,0.9414,-1,-1,-1
170,2057,744.48,206.53,24.81,67.6,0.9329,-1,-1,-1
170,2079,546.54,288.15,17.57,76.95,0.9237,-1,-1,-1
171,2048,1776.8,612.07,90.47,141.19,0.9777,-1,-1,-1
171,2070,1135.19,429.13,46.67,104.84,0.977,-1,-1,-1
171,2091,212.22,740.04,71.15,162.36,0.9759,-1,-1,-1
171,2045,1429.37,547.14,58.76,134.42,0.9755,-1,-1,-1
171,2046,1446.32,440.86,49.01,106.84,0.9753,-1,-1,-1
171,2052,1050.82,604.9,54.39,131.28,0.9744,-1,-1,-1
171,2050,1696.01,347.4,46.87,92.99,0.9725,-1,-1,-1
171,2072,554.76,531.84,45.5,110.92,0.971,-1,-1,-1
171,2076,1211.05,299.71,45.61,82.23,0.9705,-1,-1,-1
171,2078,375.66,361.06,44.93,90.77,0.9685,-1,-1,-1
171,2080,651.63,330.18,50.49,83.83,0.9658,-1,-1,-1
171,2068,1270.31,394.46,38.67,96.8,0.9657,-1,-1,-1
171,2075,695.49,456.94,41.96,113.22,0.9653,-1,-1,-1
171,2081,283.4,365.0,27.84,96.99,0.9621,-1,-1,-1
171,2077,653.3,277.17,28.84,81.24,0.9559,-1,-1,-1
171,2054,568.18,221.26,24.65,72.12,0.9396,-1,-1,-1
171,2057,743.69,207.42,27.14,67.2,0.9363,-1,-1,-1
171,2079,547.55,287.65,18.4,78.89,0.9333,-1,-1,-1
172,2091,216.34,740.75,70.35,163.14,0.9784,-1,-1,-1
172,2046,1446.14,441.49,52.03,106.32,0.9754,-1,-1,-1
172,2045,1433.56,551.05,54.1,132.83,0.9745,-1,-1,-1
172,2076,1220.29,299.17,40.96,83.23,0.9733,-1,-1,-1
172,2070,1140.44,429.92,45.68,103.41,0.9726,-1,-1,-1
172,2052,1043.43,610.3,65.17,130.92,0.9726,-1,-1,-1
172,2072,557.24,533.41,42.03,111.36,0.9718,-1,-1,-1
172,2078,378.8,362.04,40.63,91.48,0.969,-1,-1,-1
172,2050,1698.43,348.59,45.93,91.35,0.9686,-1,-1,-1
172,2080,663.55,330.78,47.35,83.88,0.9658,-1,-1,-1
172,2068,1273.35,394.71,37.75,96.71,0.9657,-1,-1,-1
172,2081,284.15,366.73,28.87,95.96,0.9603,-1,-1,-1
172,2048,1780.1,612.73,88.94,143.69,0.9597,-1,-1,-1
172,2077,655.86,278.8,26.1,82.15,0.9589,-1,-1,-1
172,2054,571.33,221.83,25.06,71.57,0.9371,-1,-1,-1
172,2057,746.31,210.99,28.11,64.83,0.9336,-1,-1,-1
172,2079,550.36,287.78,18.8,79.52,0.9312,-1,-1,-1
172,2075,696.05,457.49,39.7,112.5,0.8322,-1,-1,-1
172,2092,671.09,195.96,22.23,54.93,0.4002,-1,-1,-1
173,2070,1143.85,430.04,47.55,103.37,0.9775,-1,-1,-1
173,2091,220.83,739.37,70.39,166.2,0.9766,-1,-1,-1
173,2046,1445.12,442.05,54.95,103.68,0.976,-1,-1,-1
173,2052,1040.07,615.26,72.58,130.65,0.9747,-1,-1,-1
173,2045,1434.61,555.56,51.23,131.29,0.974,-1,-1,-1
173,2050,1701.46,348.84,43.3,90.3,0.9711,-1,-1,-1
173,2048,1789.14,615.1,76.71,142.66,0.967,-1,-1,-1
173,2076,1231.93,298.52,35.08,85.45,0.9636,-1,-1,-1
173,2080,676.48,330.09,44.98,84.89,0.9631,-1,-1,-1
173,2078,382.21,362.11,35.0,92.87,0.9612,-1,-1,-1
173,2072,558.36,534.77,37.78,111.38,0.9611,-1,-1,-1
173,2081,283.8,368.44,31.12,96.16,0.9593,-1,-1,-1
173,2077,658.5,280.16,25.77,82.25,0.9527,-1,-1,-1
173,2054,575.72,221.88,22.68,71.87,0.9388,-1,-1,-1
173,2079,553.43,288.14,18.18,79.83,0.9309,-1,-1,-1
173,2068,1277.82,397.17,36.5,95.22,0.9217,-1,-1,-1
173,2057,751.82,216.86,25.08,59.69,0.9065,-1,-1,-1
173,2075,696.6,457.37,39.09,113.36,0.6624,-1,-1,-1
173,2092,671.45,194.8,23.72,57.34,0.2757,-1,-1,-1
174,2070,1146.4,429.02,48.06,104.91,0.976,-1,-1,-1
174,2052,1039.99,617.61,74.62,130.11,0.975,-1,-1,-1
174,2048,1793.04,614.47,71.88,144.56,0.9728,-1,-1,-1
174,2046,1444.56,441.81,58.19,104.46,0.9727,-1,-1,-1
174,2045,1433.63,557.09,50.85,129.78,0.9726,-1,-1,-1
174,2091,226.25,739.83,67.29,166.96,0.9711,-1,-1,-1
174,2050,1702.29,349.03,42.35,89.31,0.9707,-1,-1,-1
174,2080,681.23,329.9,43.11,85.52,0.9704,-1,-1,-1
174,2068,1280.34,397.49,36.88,94.26,0.9618,-1,-1,-1
174,2081,283.58,368.81,32.61,96.4,0.9609,-1,-1,-1
174,2078,384.11,362.65,33.51,93.2,0.9559,-1,-1,-1
174,2072,558.81,535.42,34.7,111.88,0.9553,-1,-1,-1
174,2077,659.97,281.06,25.27,81.59,0.9549,-1,-1,-1
174,2076,1238.04,298.8,31.35,85.35,0.9519,-1,-1,-1
174,2054,577.06,221.39,23.02,72.67,0.9397,-1,-1,-1
174,2079,554.79,289.09,18.17,78.92,0.9316,-1,-1,-1
174,2057,753.83,223.88,22.68,52.2,0.8882,-1,-1,-1
174,2075,696.88,458.13,39.21,112.87,0.8518,-1,-1,-1
175,2048,1800.84,616.61,61.04,143.15,0.9773,-1,-1,-1
175,2070,1150.5,427.03,47.81,108.19,0.9749,-1,-1,-1
175,2045,1434.13,557.16,45.46,133.5,0.9724,-1,-1,-1
175,2052,1043.94,620.62,75.64,129.89,0.9718,-1,-1,-1
175,2080,685.99,328.28,48.53,88.27,0.9691,-1,-1,-1
175,2050,1705.67,347.71,38.22,89.6,0.9688,-1,-1,-1
175,2081,283.64,369.78,36.1,96.95,0.9679,-1,-1,-1
175,2046,1441.94,442.61,67.5,106.18,0.9678,-1,-1,-1
175,2075,697.35,459.26,40.82,112.95,0.9645,-1,-1,-1
175,2068,1285.67,398.52,37.16,92.66,0.9644,-1,-1,-1
175,2078,386.26,364.09,32.11,92.76,0.9582,-1,-1,-1
175,2091,234.6,738.94,62.61,164.21,0.9557,-1,-1,-1
175,2077,662.5,281.15,25.79,82.08,0.9532,-1,-1,-1
175,2076,1247.24,297.24,28.27,87.33,0.9525,-1,-1,-1
175,2072,560.6,536.54,29.0,110.53,0.9523,-1,-1,-1
175,2054,582.18,221.22,22.25,73.85,0.9444,-1,-1,-1
175,2079,558.1,290.23,18.83,78.77,0.9378,-1,-1,-1
175,2057,755.04,216.2,25.8,62.22,0.9111,-1,-1,-1
176,2048,1805.25,618.58,52.3,144.1,0.9776,-1,-1,-1
176,2052,1049.78,622.79,74.37,131.38,0.9749,-1,-1,-1
176,2070,1154.69,425.86,49.45,110.22,0.9739,-1,-1,-1
176,2091,242.46,740.89,60.68,158.68,0.971,-1,-1,-1
176,2045,1435.4,559.98,40.37,130.98,0.9678,-1,-1,-1
176,2080,691.98,327.3,50.63,90.09,0.9676,-1,-1,-1
176,2046,1441.9,444.39,66.03,104.84,0.9676,-1,-1,-1
176,2081,283.88,371.71,39.23,95.91,0.9674,-1,-1,-1
176,2068,1291.42,399.4,38.05,91.94,0.965,-1,-1,-1
176,2050,1708.63,346.65,35.7,91.51,0.9623,-1,-1,-1
176,2075,698.37,460.77,42.25,112.95,0.9596,-1,-1,-1
176,2078,387.8,365.7,31.5,93.75,0.9581,-1,-1,-1
176,2076,1254.48,298.24,28.44,86.34,0.9559,-1,-1,-1
176,2077,665.46,282.84,26.03,82.25,0.9494,-1,-1,-1
176,2072,562.01,537.87,27.4,112.45,0.9471,-1,-1,-1
176,2054,586.31,222.71,25.5,72.68,0.9378,-1,-1,-1
176,2079,560.87,290.87,18.91,79.74,0.9319,-1,-1,-1
176,2057,764.72,221.59,18.69,56.0,0.7578,-1,-1,-1
177,2048,1806.76,619.32,48.26,144.94,0.9784,-1,-1,-1
177,2052,1052.52,624.17,72.73,132.88,0.9765,-1,-1,-1
177,2070,1156.72,425.56,49.9,109.5,0.976,-1,-1,-1
177,2091,245.71,741.2,58.53,157.39,0.9729,-1,-1,-1
177,2046,1443.22,445.24,64.37,104.47,0.9702,-1,-1,-1
177,2080,695.33,325.93,54.17,90.88,0.9692,-1,-1,-1
177,2081,284.33,372.34,40.55,95.67,0.9687,-1,-1,-1
177,2045,1435.31,559.73,41.41,132.99,0.9681,-1,-1,-1
177,2050,1710.63,345.8,37.81,92.55,0.9656,-1,-1,-1
177,2078,387.62,367.03,32.16,93.7,0.9643,-1,-1,-1
177,2068,1294.26,398.65,37.68,93.69,0.9639,-1,-1,-1
177,2075,698.32,461.78,42.77,113.5,0.9631,-1,-1,-1
177,2072,562.15,538.35,28.15,114.51,0.9518,-1,-1,-1
177,2077,666.56,283.05,26.49,82.67,0.9517,-1,-1,-1
177,2076,1258.29,298.19,28.18,87.64,0.9484,-1,-1,-1
177,2054,588.25,223.36,26.39,72.24,0.9448,-1,-1,-1
177,2079,562.98,290.65,18.74,80.18,0.9323,-1,-1,-1
177,2057,768.05,218.66,18.67,61.34,0.742,-1,-1,-1
178,2070,1161.65,425.54,50.18,109.7,0.9748,-1,-1,-1
178,2091,251.88,740.81,55.51,159.67,0.9734,-1,-1,-1
178,2052,1055.64,626.78,74.6,133.89,0.9733,-1,-1,-1
178,2048,1810.93,620.26,41.19,146.09,0.9726,-1,-1,-1
178,2045,1436.72,560.52,46.28,132.53,0.9718,-1,-1,-1
178,2080,703.63,326.99,52.2,88.37,0.9714,-1,-1,-1
178,2046,1445.27,446.95,60.56,103.8,0.971,-1,-1,-1
178,2081,286.46,373.25,41.81,95.87,0.9704,-1,-1,-1
178,2075,700.4,462.59,44.03,113.6,0.9699,-1,-1,-1
178,2078,384.09,369.09,37.74,94.05,0.9687,-1,-1,-1
178,2050,1714.35,344.4,39.43,95.42,0.9665,-1,-1,-1
178,2068,1300.5,398.11,38.69,95.09,0.9628,-1,-1,-1
178,2076,1266.2,299.63,29.33,88.36,0.96,-1,-1,-1
178,2072,560.48,540.62,30.64,114.65,0.9535,-1,-1,-1
178,2077,669.53,285.63,28.49,81.58,0.9478,-1,-1,-1
178,2054,592.96,222.68,29.87,74.15,0.9477,-1,-1,-1
178,2079,565.51,291.67,20.19,80.68,0.9378,-1,-1,-1
178,2057,771.13,217.04,20.02,61.04,0.9209,-1,-1,-1
179,2070,1166.78,426.48,50.97,107.58,0.9775,-1,-1,-1
179,2048,1811.92,622.3,45.13,147.18,0.9743,-1,-1,-1
179,2046,1445.1,448.72,56.71,103.74,0.9738,-1,-1,-1
179,2052,1058.4,629.79,74.04,133.58,0.9735,-1,-1,-1
179,2080,712.05,327.8,49.82,86.41,0.9724,-1,-1,-1
179,2078,381.37,370.5,44.11,94.37,0.9719,-1,-1,-1
179,2091,257.9,740.26,51.69,163.85,0.9711,-1,-1,-1
179,2050,1717.26,343.55,42.8,96.23,0.9708,-1,-1,-1
179,2081,289.48,374.77,41.71,95.16,0.9707,-1,-1,-1
179,2075,702.6,465.13,43.95,112.47,0.9699,-1,-1,-1
179,2068,1307.0,396.76,39.09,99.03,0.9698,-1,-1,-1
179,2045,1437.75,561.05,50.63,133.92,0.9661,-1,-1,-1
179,2072,558.19,542.17,38.57,114.58,0.9653,-1,-1,-1
179,2076,1274.92,301.01,29.43,88.56,0.9562,-1,-1,-1
179,2054,598.07,225.51,30.0,71.37,0.9509,-1,-1,-1
179,2077,672.99,286.47,28.82,82.45,0.9503,-1,-1,-1
179,2079,569.34,293.5,20.45,80.42,0.9493,-1,-1,-1
179,2057,775.6,216.71,20.56,61.9,0.8981,-1,-1,-1
180,2046,1446.23,449.2,53.38,102.85,0.9761,-1,-1,-1
180,2070,1168.85,428.55,51.57,104.74,0.9749,-1,-1,-1
180,2052,1058.72,630.3,74.14,134.29,0.9729,-1,-1,-1
180,2050,1717.23,343.39,46.43,96.65,0.9729,-1,-1,-1
180,2078,382.03,371.49,45.33,93.78,0.9719,-1,-1,-1
180,2048,1810.1,624.35,51.17,146.65,0.9713,-1,-1,-1
180,2068,1310.67,396.35,39.01,99.49,0.9708,-1,-1,-1
180,2075,704.43,465.56,43.33,113.26,0.97,-1,-1,-1
180,2080,716.8,328.49,48.51,86.52,0.9694,-1,-1,-1
180,2081,290.66,375.13,42.51,95.24,0.9684,-1,-1,-1
180,2072,557.76,542.86,41.24,114.74,0.9683,-1,-1,-1
180,2045,1434.62,561.85,57.83,133.92,0.9651,-1,-1,-1
180,2091,261.35,741.7,48.96,164.57,0.9631,-1,-1,-1
180,2076,1277.64,302.28,32.4,87.35,0.9623,-1,-1,-1
180,2077,674.29,286.61,29.74,82.66,0.9538,-1,-1,-1
180,2054,600.04,224.84,29.93,72.83,0.951,-1,-1,-1
180,2079,570.31,294.19,21.13,80.78,0.9477,-1,-1,-1
180,2057,778.71,218.44,18.46,62.52,0.676,-1,-1,-1
180,2092,687.53,198.63,21.53,56.93,0.6578,-1,-1,-1
181,2046,1446.58,448.66,45.32,104.6,0.9757,-1,-1,-1
181,2048,1802.0,625.99,68.33,148.97,0.9754,-1,-1,-1
181,2075,706.45,466.08,43.78,113.85,0.9751,-1,-1,-1
181,2050,1714.43,343.84,55.11,95.94,0.974,-1,-1,-1
181,2072,556.25,544.44,46.23,116.34,0.9736,-1,-1,-1
181,2091,267.63,743.52,49.98,163.38,0.9733,-1,-1,-1
181,2052,1059.64,630.28,71.76,136.04,0.973,-1,-1,-1
181,2081,292.96,376.53,43.16,95.37,0.9728,-1,-1,-1
181,2070,1174.13,430.75,52.16,103.41,0.9703,-1,-1,-1
181,2045,1429.5,562.27,69.18,136.91,0.9691,-1,-1,-1
181,2068,1318.9,395.83,38.56,101.01,0.9683,-1,-1,-1
181,2080,730.28,329.74,43.42,87.27,0.9667,-1,-1,-1
181,2076,1286.81,303.56,33.76,87.22,0.9586,-1,-1,-1
181,2077,677.15,288.15,30.71,82.16,0.956,-1,-1,-1
181,2054,605.78,225.11,29.14,73.36,0.9542,-1,-1,-1
181,2079,573.65,295.24,21.8,81.82,0.9466,-1,-1,-1
181,2078,385.28,372.97,45.24,93.71,0.8808,-1,-1,-1
181,2057,782.08,215.38,19.77,65.63,0.6776,-1,-1,-1
182,2072,557.12,546.05,49.72,113.61,0.9769,-1,-1,-1
182,2046,1447.44,446.72,44.01,109.04,0.9766,-1,-1,-1
182,2050,1714.84,344.79,60.98,94.03,0.9755,-1,-1,-1
182,2048,1799.78,627.9,78.31,149.65,0.9753,-1,-1,-1
182,2052,1061.69,629.85,65.18,137.52,0.9729,-1,-1,-1
182,2091,273.6,744.99,52.47,164.12,0.9725,-1,-1,-1
182,2078,387.24,374.79,46.77,94.55,0.9719,-1,-1,-1
182,2045,1428.27,562.94,74.07,138.06,0.9707,-1,-1,-1
182,2070,1179.14,433.42,51.55,101.52,0.9706,-1,-1,-1
182,2081,295.77,377.71,42.03,95.46,0.9702,-1,-1,-1
182,2075,708.09,468.25,44.33,113.26,0.9695,-1,-1,-1
182,2068,1327.14,396.14,38.83,99.69,0.9645,-1,-1,-1
182,2076,1294.34,306.22,35.72,87.23,0.9642,-1,-1,-1
182,2080,748.64,330.95,32.81,88.05,0.9605,-1,-1,-1
182,2077,680.19,289.14,31.27,82.23,0.9478,-1,-1,-1
182,2054,610.79,226.96,28.19,72.23,0.9468,-1,-1,-1
182,2079,576.64,296.46,22.86,81.31,0.9422,-1,-1,-1
182,2057,786.16,213.24,21.43,67.82,0.4207,-1,-1,-1
183,2046,1447.89,446.18,45.83,110.23,0.9803,-1,-1,-1
183,2072,557.8,546.93,51.98,114.02,0.9775,-1,-1,-1
183,2048,1799.81,629.36,82.51,149.26,0.9756,-1,-1,-1
183,2050,1716.67,345.46,61.26,93.64,0.975,-1,-1,-1
183,2091,277.12,745.96,54.02,163.57,0.9744,-1,-1,-1
183,2078,388.77,375.53,46.51,94.93,0.9737,-1,-1,-1
183,2070,1181.72,433.6,53.36,102.43,0.9728,-1,-1,-1
183,2075,709.24,468.75,44.44,113.05,0.9728,-1,-1,-1
183,2052,1063.1,629.76,60.52,138.1,0.9709,-1,-1,-1
183,2045,1430.8,565.35,72.8,136.1,0.9694,-1,-1,-1
183,2081,296.74,377.64,41.28,96.02,0.9693,-1,-1,-1
183,2068,1331.06,396.12,39.7,99.4,0.9692,-1,-1,-1
183,2076,1298.05,307.27,37.19,86.93,0.9648,-1,-1,-1
183,2077,681.48,289.91,31.68,82.46,0.9594,-1,-1,-1
183,2054,613.62,226.27,27.58,73.24,0.9504,-1,-1,-1
183,2079,578.63,297.87,24.01,81.23,0.9484,-1,-1,-1
183,2080,753.0,332.16,31.52,86.1,0.9463,-1,-1,-1
184,2046,1448.0,445.42,51.49,110.84,0.9784,-1,-1,-1
184,2078,392.56,376.97,44.03,94.59,0.9757,-1,-1,-1
184,2070,1185.72,434.29,52.27,102.62,0.975,-1,-1,-1
184,2045,1437.41,568.38,69.52,136.03,0.9748,-1,-1,-1
184,2072,560.84,548.91,52.19,112.74,0.9747,-1,-1,-1
184,2075,711.57,468.85,44.56,114.23,0.9736,-1,-1,-1
184,2048,1800.75,631.96,91.74,149.19,0.9719,-1,-1,-1
184,2052,1065.59,629.89,52.8,139.52,0.9711,-1,-1,-1
184,2081,298.84,377.29,39.69,97.19,0.9691,-1,-1,-1
184,2050,1724.46,347.94,60.21,92.66,0.9669,-1,-1,-1
184,2068,1339.25,398.18,40.78,96.98,0.9668,-1,-1,-1
184,2076,1305.98,309.27,39.41,85.57,0.9665,-1,-1,-1
184,2080,760.25,331.15,34.37,89.03,0.9627,-1,-1,-1
184,2091,281.87,746.67,56.1,163.62,0.9596,-1,-1,-1
184,2079,581.28,298.87,25.89,80.81,0.9553,-1,-1,-1
184,2054,618.27,226.18,27.51,72.91,0.9506,-1,-1,-1
184,2077,684.3,290.93,32.21,82.04,0.9457,-1,-1,-1
185,2070,1189.52,433.36,49.64,104.19,0.9773,-1,-1,-1
185,2072,564.64,550.33,51.35,112.84,0.9758,-1,-1,-1
185,2046,1446.46,444.25,55.22,112.8,0.9753,-1,-1,-1
185,2052,1067.24,630.43,50.42,140.67,0.9736,-1,-1,-1
185,2091,288.32,749.02,53.55,162.2,0.9727,-1,-1,-1
185,2078,396.46,377.55,41.58,95.47,0.9726,-1,-1,-1
185,2045,1439.78,570.5,68.35,134.84,0.9724,-1,-1,-1
185,2075,714.6,468.11,43.22,117.18,0.9698,-1,-1,-1
185,2080,765.71,330.01,40.42,89.39,0.9689,-1,-1,-1
185,2050,1727.82,349.75,60.48,91.28,0.9684,-1,-1,-1
185,2048,1806.84,634.95,91.62,147.76,0.9676,-1,-1,-1
185,2068,1347.02,399.21,46.95,95.94,0.9675,-1,-1,-1
185,2076,1313.54,309.28,39.36,86.78,0.9665,-1,-1,-1
185,2079,584.42,299.75,27.69,80.38,0.9541,-1,-1,-1
185,2081,300.69,378.29,36.31,97.42,0.953,-1,-1,-1
185,2077,688.13,292.62,30.88,81.57,0.9501,-1,-1,-1
185,2054,622.58,226.5,27.88,72.58,0.9388,-1,-1,-1
185,2057,796.88,212.26,23.11,68.81,0.8887,-1,-1,-1
185,2092,701.6,202.42,25.91,56.75,0.4207,-1,-1,-1
186,2070,1191.17,432.59,46.74,104.82,0.9803,-1,-1,-1
186,2072,565.99,550.76,51.15,113.09,0.9789,-1,-1,-1
186,2046,1444.04,444.55,59.25,111.54,0.9745,-1,-1,-1
186,2045,1439.77,570.29,67.9,135.29,0.9737,-1,-1,-1
186,2091,292.03,750.06,51.18,160.56,0.9737,-1,-1,-1
186,2052,1067.93,630.7,50.58,140.25,0.9735,-1,-1,-1
186,2078,398.59,377.15,40.42,96.74,0.972,-1,-1,-1
186,2076,1317.93,309.81,38.89,85.82,0.9701,-1,-1,-1
186,2050,1728.64,349.88,59.79,91.14,0.9685,-1,-1,-1
186,2080,768.86,329.23,42.54,89.83,0.9677,-1,-1,-1
186,2068,1351.25,400.75,43.17,95.04,0.9651,-1,-1,-1
186,2075,716.18,468.19,42.46,117.03,0.9647,-1,-1,-1
186,2048,1810.32,633.94,92.8,149.55,0.9645,-1,-1,-1
186,2081,302.19,378.69,34.32,97.55,0.956,-1,-1,-1
186,2077,689.17,293.51,31.5,80.8,0.9538,-1,-1,-1
186,2079,585.76,300.23,27.98,80.43,0.9504,-1,-1,-1
186,2054,624.79,226.17,27.61,72.95,0.9438,-1,-1,-1
186,2057,800.4,210.87,21.28,73.54,0.6687,-1,-1,-1
187,2072,569.52,551.65,49.47,112.09,0.9783,-1,-1,-1
187,2070,1193.93,431.32,48.02,106.28,0.9779,-1,-1,-1
187,2046,1442.38,445.65,62.23,108.63,0.9759,-1,-1,-1
187,2045,1441.47,570.63,63.32,135.12,0.9749,-1,-1,-1
187,2052,1069.56,632.7,50.37,140.75,0.9744,-1,-1,-1
187,2080,775.1,327.57,47.01,90.12,0.9737,-1,-1,-1
187,2048,1816.32,635.11,89.18,150.29,0.973,-1,-1,-1
187,2091,296.96,749.67,51.68,163.15,0.9721,-1,-1,-1
187,2078,399.97,377.73,38.27,96.98,0.9702,-1,-1,-1
187,2068,1357.85,400.86,46.23,96.23,0.9699,-1,-1,-1
187,2050,1731.48,350.02,54.56,93.02,0.9685,-1,-1,-1
187,2081,303.75,378.82,31.52,97.71,0.9641,-1,-1,-1
187,2076,1325.75,310.49,37.48,85.93,0.9629,-1,-1,-1
187,2079,587.72,300.8,29.1,80.32,0.9556,-1,-1,-1
187,2054,628.84,224.71,28.1,75.15,0.9445,-1,-1,-1
187,2077,691.52,294.19,31.78,81.57,0.9411,-1,-1,-1
187,2075,718.71,468.48,40.93,113.58,0.9325,-1,-1,-1
187,2057,803.96,213.02,25.62,68.48,0.931,-1,-1,-1
188,2072,571.4,551.35,48.49,113.22,0.9786,-1,-1,-1
188,2070,1196.81,430.7,48.21,107.8,0.9771,-1,-1,-1
188,2048,1824.68,635.64,79.89,150.99,0.9768,-1,-1,-1
188,2091,301.42,749.33,56.8,163.59,0.9754,-1,-1,-1
188,2046,1444.78,446.94,58.65,108.03,0.9752,-1,-1,-1
188,2052,1070.33,637.31,50.66,138.83,0.9737,-1,-1,-1
188,2045,1443.99,570.51,58.33,136.34,0.9734,-1,-1,-1
188,2068,1364.21,399.49,44.49,97.67,0.973,-1,-1,-1
188,2080,783.45,328.07,50.36,87.67,0.9728,-1,-1,-1
188,2050,1733.86,348.71,46.91,94.55,0.9701,-1,-1,-1
188,2081,305.13,378.96,30.65,99.26,0.964,-1,-1,-1
188,2078,399.77,378.99,37.45,97.36,0.9638,-1,-1,-1
188,2076,1333.43,310.61,36.35,84.92,0.9627,-1,-1,-1
188,2077,692.57,295.96,33.33,81.16,0.9546,-1,-1,-1
188,2079,590.55,301.81,28.01,80.13,0.953,-1,-1,-1
188,2057,807.94,213.6,24.86,67.75,0.9364,-1,-1,-1
188,2054,632.78,225.14,29.1,75.36,0.9267,-1,-1,-1
188,2075,721.64,467.51,38.96,114.22,0.8798,-1,-1,-1
189,2072,571.91,551.77,47.58,113.01,0.9778,-1,-1,-1
189,2048,1826.46,636.38,75.13,149.13,0.9767,-1,-1,-1
189,2046,1448.71,448.25,53.74,107.16,0.9755,-1,-1,-1
189,2070,1198.29,430.19,48.52,108.38,0.9752,-1,-1,-1
189,2052,1070.55,638.94,51.09,138.81,0.9748,-1,-1,-1
189,2050,1737.65,347.03,42.2,96.67,0.9723,-1,-1,-1
189,2080,787.11,328.59,52.23,86.73,0.972,-1,-1,-1
189,2068,1367.11,398.53,44.42,98.95,0.9718,-1,-1,-1
189,2091,303.18,750.16,57.53,163.05,0.9717,-1,-1,-1
189,2045,1444.61,570.17,55.48,138.83,0.971,-1,-1,-1
189,2078,399.65,379.35,37.11,97.68,0.9648,-1,-1,-1
189,2081,306.4,379.2,30.32,99.57,0.9629,-1,-1,-1
189,2077,693.54,297.01,33.81,80.47,0.9626,-1,-1,-1
189,2076,1337.24,312.04,36.43,83.62,0.9593,-1,-1,-1
189,2079,591.3,302.34,28.69,80.24,0.9517,-1,-1,-1
189,2054,634.59,226.14,29.18,74.35,0.9461,-1,-1,-1
189,2057,808.49,215.45,26.57,65.43,0.941,-1,-1,-1
189,2075,722.61,467.5,38.4,114.6,0.8004,-1,-1,-1
190,2052,1068.56,644.2,54.08,136.55,0.976,-1,-1,-1
190,2048,1834.5,637.2,62.32,147.78,0.9758,-1,-1,-1
190,2046,1450.04,448.93,47.78,107.39,0.9753,-1,-1,-1
190,2072,572.4,550.87,42.57,115.59,0.974,-1,-1,-1
190,2070,1200.47,430.67,50.21,106.31,0.973,-1,-1,-1
190,2080,796.35,328.53,51.35,87.84,0.9709,-1,-1,-1
190,2050,1742.95,345.99,38.84,99.13,0.9705,-1,-1,-1
190,2045,1448.05,569.71,51.07,140.34,0.9682,-1,-1,-1
190,2068,1374.5,397.51,41.55,100.69,0.9678,-1,-1,-1
190,2091,306.51,752.4,61.21,155.9,0.9666,-1,-1,-1
190,2077,695.29,298.94,35.45,79.87,0.9653,-1,-1,-1
190,2078,400.13,379.88,37.13,97.56,0.9641,-1,-1,-1
190,2081,307.92,380.66,29.81,98.76,0.9545,-1,-1,-1
190,2079,593.66,302.84,28.25,80.75,0.9538,-1,-1,-1
190,2075,724.97,467.05,37.21,116.9,0.9532,-1,-1,-1
190,2057,811.21,216.84,26.68,64.82,0.9502,-1,-1,-1
190,2054,638.64,226.97,28.38,74.46,0.9487,-1,-1,-1
190,2076,1344.64,312.01,35.58,83.29,0.9475,-1,-1,-1
191,2052,1064.65,649.81,59.57,133.77,0.9766,-1,-1,-1
191,2070,1202.28,431.37,50.5,105.95,0.9739,-1,-1,-1
191,2048,1844.97,636.38,45.43,152.05,0.9718,-1,-1,-1
191,2091,307.36,753.83,66.88,155.12,0.9716,-1,-1,-1
191,2046,1450.67,449.45,38.87,108.55,0.9707,-1,-1,-1
191,2045,1451.7,570.48,51.82,141.51,0.9702,-1,-1,-1
191,2080,806.95,330.23,49.78,87.61,0.9702,-1,-1,-1
191,2068,1381.25,395.41,40.81,103.25,0.97,-1,-1,-1
191,2050,1746.22,345.52,40.15,100.02,0.9696,-1,-1,-1
191,2072,572.47,549.77,35.82,117.73,0.9688,-1,-1,-1
191,2078,400.76,381.14,38.04,98.72,0.9677,-1,-1,-1
191,2077,697.4,300.72,37.56,79.98,0.9651,-1,-1,-1
191,2076,1351.72,312.64,35.44,84.4,0.9599,-1,-1,-1
191,2079,595.52,303.35,27.92,81.49,0.9566,-1,-1,-1
191,2054,641.9,226.98,29.02,75.48,0.9523,-1,-1,-1
191,2075,727.34,467.52,35.43,117.78,0.9496,-1,-1,-1
191,2057,815.92,217.32,27.26,65.59,0.9483,-1,-1,-1
191,2081,308.72,381.61,30.31,98.46,0.9458,-1,-1,-1
192,2070,1203.13,432.65,49.08,104.83,0.9751,-1,-1,-1
192,2052,1063.92,652.03,62.16,133.17,0.975,-1,-1,-1
192,2091,309.0,753.32,65.59,157.02,0.975,-1,-1,-1
192,2045,1455.11,570.75,50.17,143.59,0.9729,-1,-1,-1
192,2078,401.05,382.52,39.12,98.3,0.9701,-1,-1,-1
192,2050,1747.95,345.1,40.4,100.33,0.9696,-1,-1,-1
192,2068,1385.06,394.98,40.72,103.44,0.969,-1,-1,-1
192,2048,1846.46,637.2,42.12,152.33,0.9688,-1,-1,-1
192,2077,698.94,301.99,37.86,79.69,0.9678,-1,-1,-1
192,2080,813.62,331.09,47.3,87.44,0.9654,-1,-1,-1
192,2072,572.27,549.75,34.71,118.98,0.9649,-1,-1,-1
192,2076,1353.94,309.77,37.69,94.48,0.9635,-1,-1,-1
192,2046,1450.83,448.76,34.16,110.56,0.9578,-1,-1,-1
192,2081,308.93,382.52,32.85,100.46,0.9561,-1,-1,-1
192,2079,596.93,303.67,27.31,81.35,0.954,-1,-1,-1
192,2054,643.94,227.06,28.93,75.36,0.95,-1,-1,-1
192,2057,817.47,217.69,27.09,65.95,0.9485,-1,-1,-1
192,2075,728.67,468.28,35.31,115.84,0.9368,-1,-1,-1
193,2045,1456.99,572.54,52.15,142.09,0.9777,-1,-1,-1
193,2052,1065.34,655.13,64.21,133.0,0.977,-1,-1,-1
193,2070,1204.72,434.59,47.11,103.03,0.9767,-1,-1,-1
193,2091,310.1,750.64,67.03,161.7,0.9766,-1,-1,-1
193,2050,1750.29,345.47,41.8,100.59,0.9752,-1,-1,-1
193,2068,1392.42,394.48,39.42,103.1,0.9702,-1,-1,-1
193,2078,402.7,385.12,39.24,99.34,0.9694,-1,-1,-1
193,2048,1846.14,637.87,43.12,154.01,0.9688,-1,-1,-1
193,2046,1448.61,449.02,38.4,111.4,0.9668,-1,-1,-1
193,2077,700.93,304.43,40.06,79.83,0.9664,-1,-1,-1
193,2076,1360.35,310.05,35.45,96.84,0.9655,-1,-1,-1
193,2081,308.65,383.67,36.53,100.93,0.9653,-1,-1,-1
193,2080,827.19,331.64,44.95,88.47,0.965,-1,-1,-1
193,2072,572.6,550.93,33.74,120.23,0.9566,-1,-1,-1
193,2079,598.25,305.08,26.67,81.62,0.9502,-1,-1,-1
193,2054,647.44,228.22,28.85,75.38,0.9502,-1,-1,-1
193,2057,821.58,219.65,25.95,64.28,0.9413,-1,-1,-1
193,2075,728.9,470.89,37.49,115.67,0.6885,-1,-1,-1
194,2045,1456.66,576.23,57.84,140.81,0.9763,-1,-1,-1
194,2070,1206.93,435.02,44.57,105.48,0.976,-1,-1,-1
194,2046,1445.61,448.08,46.13,113.53,0.9754,-1,-1,-1
194,2081,308.6,384.57,41.06,100.93,0.974,-1,-1,-1
194,2091,312.69,747.78,69.46,166.74,0.9739,-1,-1,-1
194,2050,1751.15,347.71,44.95,98.96,0.9739,-1,-1,-1
194,2052,1069.69,657.02,63.83,131.82,0.9729,-1,-1,-1
194,2078,404.61,386.97,39.77,99.46,0.9711,-1,-1,-1
194,2048,1845.05,641.39,49.73,153.56,0.9677,-1,-1,-1
194,2077,703.44,306.25,41.46,78.52,0.9667,-1,-1,-1
194,2068,1399.47,394.89,38.73,100.89,0.966,-1,-1,-1
194,2076,1365.76,310.34,35.57,91.59,0.9623,-1,-1,-1
194,2072,573.18,551.58,36.12,123.16,0.9606,-1,-1,-1
194,2079,598.82,306.18,28.95,81.99,0.9576,-1,-1,-1
194,2080,846.16,331.18,35.18,89.47,0.9523,-1,-1,-1
194,2054,651.82,229.57,28.75,75.51,0.9485,-1,-1,-1
194,2075,727.3,473.37,42.26,113.57,0.9401,-1,-1,-1
194,2057,825.95,220.28,25.55,64.36,0.9382,-1,-1,-1
195,2070,1208.49,435.31,45.54,103.77,0.9778,-1,-1,-1
195,2046,1445.07,447.45,49.74,114.48,0.9765,-1,-1,-1
195,2091,314.55,745.79,69.87,168.82,0.9757,-1,-1,-1
195,2081,308.33,384.97,42.66,100.92,0.9748,-1,-1,-1
195,2075,726.12,474.38,45.04,113.07,0.9716,-1,-1,-1
195,2045,1458.42,577.86,58.73,140.67,0.971,-1,-1,-1
195,2068,1403.32,395.58,38.22,100.78,0.9705,-1,-1,-1
195,2050,1751.98,348.5,46.43,98.79,0.9701,-1,-1,-1
195,2048,1840.94,642.92,57.25,152.66,0.9693,-1,-1,-1
195,2078,405.66,387.84,40.18,100.36,0.9687,-1,-1,-1
195,2052,1072.31,657.85,62.44,132.28,0.9671,-1,-1,-1
195,2072,573.46,554.26,38.15,121.99,0.9664,-1,-1,-1
195,2077,704.42,307.29,42.29,78.02,0.966,-1,-1,-1
195,2079,598.42,306.78,31.39,82.29,0.9628,-1,-1,-1
195,2076,1367.91,309.81,37.08,93.49,0.9621,-1,-1,-1
195,2080,849.99,330.9,38.26,90.57,0.9612,-1,-1,-1
195,2054,653.95,229.83,29.07,75.14,0.9499,-1,-1,-1
195,2057,827.72,220.97,25.89,63.41,0.9339,-1,-1,-1
196,2081,308.73,386.6,47.25,100.51,0.9774,-1,-1,-1
196,2091,319.95,744.24,67.99,170.52,0.9764,-1,-1,-1
196,2050,1757.23,351.43,44.55,97.66,0.9762,-1,-1,-1
196,2072,570.34,557.44,44.67,121.95,0.9759,-1,-1,-1
196,2070,1209.91,433.83,48.27,106.09,0.9753,-1,-1,-1
196,2048,1832.35,644.2,74.27,155.46,0.9738,-1,-1,-1
196,2046,1440.43,447.32,58.97,115.47,0.9709,-1,-1,-1
196,2045,1463.06,579.23,57.96,141.77,0.9707,-1,-1,-1
196,2075,727.2,476.01,47.49,112.67,0.9704,-1,-1,-1
196,2068,1409.86,397.26,38.86,99.31,0.9696,-1,-1,-1
196,2079,598.13,307.9,36.84,82.97,0.9687,-1,-1,-1
196,2078,408.26,389.25,39.34,99.41,0.9684,-1,-1,-1
196,2052,1073.35,658.76,59.23,131.92,0.9673,-1,-1,-1
196,2080,856.03,328.64,43.2,93.59,0.9671,-1,-1,-1
196,2076,1371.36,310.78,40.7,89.38,0.9665,-1,-1,-1
196,2077,706.17,309.2,41.23,77.49,0.9661,-1,-1,-1
196,2054,657.72,231.58,28.24,73.49,0.9445,-1,-1,-1
196,2057,832.01,220.71,25.72,63.79,0.9396,-1,-1,-1
197,2048,1829.91,647.56,85.73,153.24,0.979,-1,-1,-1
197,2070,1211.97,432.62,51.0,108.82,0.9768,-1,-1,-1
197,2045,1467.63,581.25,56.22,141.65,0.9759,-1,-1,-1
197,2052,1073.86,658.91,56.46,129.83,0.9737,-1,-1,-1
197,2081,311.19,387.5,47.66,101.23,0.9737,-1,-1,-1
197,2050,1766.23,353.47,38.34,96.48,0.9717,-1,-1,-1
197,2046,1435.88,446.2,67.75,116.06,0.9717,-1,-1,-1
197,2072,564.82,560.47,53.76,121.94,0.9715,-1,-1,-1
197,2068,1416.86,399.49,39.45,96.34,0.9707,-1,-1,-1
197,2076,1374.85,311.17,46.18,89.71,0.9704,-1,-1,-1
197,2079,599.19,309.28,39.1,82.13,0.9686,-1,-1,-1
197,2075,732.16,477.55,46.94,112.72,0.9683,-1,-1,-1
197,2080,865.26,328.27,44.69,92.71,0.9668,-1,-1,-1
197,2077,708.73,311.59,39.35,76.1,0.9658,-1,-1,-1
197,2078,411.41,391.54,38.47,98.51,0.9654,-1,-1,-1
197,2091,327.3,743.24,64.01,164.95,0.9589,-1,-1,-1
197,2057,836.92,220.23,25.47,64.68,0.9461,-1,-1,-1
197,2054,663.17,231.49,24.36,73.85,0.9368,-1,-1,-1
198,2052,1073.87,658.91,54.33,129.04,0.9777,-1,-1,-1
198,2048,1831.38,648.58,87.2,153.5,0.9772,-1,-1,-1
198,2070,1213.13,431.95,52.75,110.23,0.9762,-1,-1,-1
198,2045,1470.93,582.32,53.86,140.76,0.9757,-1,-1,-1
198,2081,312.79,388.15,48.18,101.22,0.9734,-1,-1,-1
198,2080,869.44,328.11,46.07,92.12,0.9721,-1,-1,-1
198,2046,1434.32,449.96,69.92,111.48,0.9707,-1,-1,-1
198,2076,1376.85,311.81,49.57,88.92,0.9703,-1,-1,-1
198,2072,562.87,561.41,58.81,121.24,0.97,-1,-1,-1
198,2091,330.34,742.5,62.24,161.93,0.9696,-1,-1,-1
198,2079,600.47,310.55,40.45,81.7,0.9693,-1,-1,-1
198,2077,710.33,311.84,37.81,76.5,0.9612,-1,-1,-1
198,2078,412.86,392.03,38.28,98.71,0.9594,-1,-1,-1
198,2050,1770.69,353.6,35.89,97.53,0.9582,-1,-1,-1
198,2068,1421.1,401.15,39.04,90.94,0.9524,-1,-1,-1
198,2075,734.9,478.33,46.43,112.94,0.9478,-1,-1,-1
198,2054,665.84,231.19,22.61,74.71,0.9104,-1,-1,-1
198,2057,838.56,219.22,27.03,66.57,0.906,-1,-1,-1
199,2052,1075.4,659.24,47.46,128.13,0.9771,-1,-1,-1
199,2070,1215.54,431.41,55.66,110.56,0.9768,-1,-1,-1
199,2045,1477.15,582.88,48.88,138.57,0.9759,-1,-1,-1
199,2048,1836.48,649.36,83.52,154.23,0.9746,-1,-1,-1
199,2081,316.01,389.97,48.26,100.16,0.9738,-1,-1,-1
199,2046,1436.55,453.2,67.68,108.63,0.9732,-1,-1,-1
199,2091,339.65,744.0,55.93,155.87,0.9731,-1,-1,-1
199,2072,560.74,562.0,65.91,122.45,0.9721,-1,-1,-1
199,2080,879.52,328.21,48.05,90.63,0.9706,-1,-1,-1
199,2079,603.86,311.53,42.57,81.68,0.9685,-1,-1,-1
199,2076,1381.41,312.27,55.69,87.51,0.968,-1,-1,-1
199,2078,416.6,392.73,37.44,99.88,0.9613,-1,-1,-1
199,2077,713.52,312.1,34.92,77.75,0.9598,-1,-1,-1
199,2050,1777.06,353.36,33.92,98.83,0.948,-1,-1,-1
199,2068,1428.44,403.91,37.45,72.57,0.9451,-1,-1,-1
199,2057,844.27,220.57,25.75,66.11,0.9293,-1,-1,-1
199,2054,669.89,232.18,19.85,74.21,0.9085,-1,-1,-1
199,2075,738.57,477.53,45.16,116.58,0.8727,-1,-1,-1
200,2045,1481.36,581.43,46.19,141.01,0.9754,-1,-1,-1
200,2091,348.77,743.59,49.86,158.95,0.9746,-1,-1,-1
200,2046,1443.56,456.62,58.74,106.64,0.9746,-1,-1,-1
200,2081,319.52,391.01,48.25,98.16,0.9734,-1,-1,-1
200,2072,561.64,562.49,67.61,122.65,0.9728,-1,-1,-1
200,2070,1218.35,431.47,57.67,110.47,0.9719,-1,-1,-1
200,2080,891.75,328.98,47.74,90.36,0.9711,-1,-1,-1
200,2079,608.21,312.61,42.82,80.57,0.9693,-1,-1,-1
200,2052,1077.62,659.95,42.32,128.08,0.9692,-1,-1,-1
200,2048,1844.44,650.28,75.56,153.55,0.9676,-1,-1,-1
200,2076,1386.0,314.74,60.83,84.37,0.9675,-1,-1,-1
200,2050,1781.16,353.5,33.98,98.5,0.9618,-1,-1,-1
200,2078,420.86,393.38,36.47,100.99,0.958,-1,-1,-1
200,2068,1435.11,403.66,39.39,68.46,0.9563,-1,-1,-1
200,2077,716.74,311.34,30.97,79.56,0.9431,-1,-1,-1
200,2057,848.45,217.5,26.15,69.67,0.9302,-1,-1,-1
200,2054,674.98,231.06,18.31,75.63,0.8946,-1,-1,-1
200,2075,742.77,477.2,43.58,117.81,0.859,-1,-1,-1
201,2046,1446.56,457.54,53.17,106.39,0.9753,-1,-1,-1
201,2081,320.39,391.24,49.93,98.89,0.9736,-1,-1,-1
201,2091,353.24,744.72,46.8,157.95,0.9729,-1,-1,-1
201,2080,897.79,329.56,47.06,89.82,0.9724,-1,-1,-1
201,2070,1218.82,432.1,58.75,110.65,0.9724,-1,-1,-1
201,2072,562.75,562.36,67.64,123.02,0.9717,-1,-1,-1
201,2045,1483.81,581.62,44.98,140.5,0.9714,-1,-1,-1
201,2079,610.22,312.91,42.68,80.2,0.9707,-1,-1,-1
201,2048,1849.24,651.64,70.67,148.73,0.9699,-1,-1,-1
201,2052,1077.99,659.33,41.57,130.51,0.9677,-1,-1,-1
201,2076,1389.43,314.74,62.0,84.92,0.967,-1,-1,-1
201,2078,421.25,393.15,35.87,101.11,0.9605,-1,-1,-1
201,2050,1783.64,352.19,34.15,99.5,0.9559,-1,-1,-1
201,2077,718.23,310.86,30.51,81.5,0.9511,-1,-1,-1
201,2068,1439.02,402.32,38.83,77.41,0.9505,-1,-1,-1
201,2075,743.75,477.71,43.93,115.89,0.9502,-1,-1,-1
201,2054,676.21,228.94,19.93,77.35,0.9103,-1,-1,-1
201,2057,850.21,218.32,26.94,69.11,0.9078,-1,-1,-1
202,2070,1222.07,434.09,57.69,108.1,0.9758,-1,-1,-1
202,2081,323.49,392.18,50.46,98.57,0.9743,-1,-1,-1
202,2052,1077.67,657.38,44.66,132.98,0.9725,-1,-1,-1
202,2046,1450.42,461.52,43.63,103.87,0.9721,-1,-1,-1
202,2048,1858.74,652.1,61.2,145.82,0.9708,-1,-1,-1
202,2079,614.78,312.5,40.42,81.94,0.9678,-1,-1,-1
202,2045,1488.28,582.17,44.31,141.32,0.9666,-1,-1,-1
202,2072,567.84,563.34,62.06,122.36,0.9664,-1,-1,-1
202,2076,1394.92,317.82,67.08,80.86,0.9622,-1,-1,-1
202,2080,915.02,329.97,40.91,90.82,0.9601,-1,-1,-1
202,2078,424.55,393.94,35.12,101.41,0.9599,-1,-1,-1
202,2091,361.73,743.37,41.75,160.96,0.953,-1,-1,-1
202,2050,1788.25,350.86,34.25,100.62,0.9477,-1,-1,-1
202,2077,721.33,310.36,31.69,84.72,0.947,-1,-1,-1
202,2068,1446.49,400.25,37.99,83.02,0.94,-1,-1,-1
202,2054,679.18,229.69,21.35,76.2,0.9286,-1,-1,-1
202,2057,853.66,217.18,28.28,70.24,0.9265,-1,-1,-1
202,2075,745.64,476.31,41.92,114.17,0.6227,-1,-1,-1
203,2070,1224.82,434.85,55.01,107.0,0.9749,-1,-1,-1
203,2081,324.63,391.58,51.67,99.5,0.9745,-1,-1,-1
203,2045,1491.39,581.89,45.59,142.9,0.9712,-1,-1,-1
203,2052,1078.37,655.0,48.42,137.88,0.9687,-1,-1,-1
203,2076,1403.99,319.78,65.77,79.98,0.9676,-1,-1,-1
203,2091,367.53,740.04,42.07,165.88,0.9658,-1,-1,-1
203,2078,428.78,394.89,34.61,102.16,0.9653,-1,-1,-1
203,2050,1792.11,350.29,36.63,100.86,0.9648,-1,-1,-1
203,2072,571.96,563.29,57.3,122.6,0.9645,-1,-1,-1
203,2079,619.78,311.22,36.73,84.2,0.9607,-1,-1,-1
203,2068,1452.99,396.98,38.44,85.45,0.958,-1,-1,-1
203,2046,1452.61,457.31,37.25,109.33,0.9576,-1,-1,-1
203,2077,724.75,311.58,32.01,85.28,0.9564,-1,-1,-1
203,2048,1869.92,651.36,50.08,148.02,0.9539,-1,-1,-1
203,2080,934.11,330.08,32.61,91.28,0.9397,-1,-1,-1
203,2054,681.75,230.23,23.61,75.29,0.9303,-1,-1,-1
203,2057,861.64,216.49,26.31,71.46,0.9227,-1,-1,-1
203,2075,748.27,476.42,40.1,114.62,0.5949,-1,-1,-1
204,2045,1492.43,582.78,46.72,143.17,0.9753,-1,-1,-1
204,2070,1226.37,434.95,52.87,107.5,0.9749,-1,-1,-1
204,2081,325.57,391.4,50.33,99.65,0.9748,-1,-1,-1
204,2072,574.75,562.68,54.44,122.99,0.9719,-1,-1,-1
204,2050,1793.11,350.3,40.37,101.18,0.9699,-1,-1,-1
204,2052,1079.61,653.56,49.68,138.95,0.9685,-1,-1,-1
204,2091,370.43,738.12,41.59,168.65,0.9678,-1,-1,-1
204,2046,1451.52,453.23,39.42,112.65,0.9675,-1,-1,-1
204,2078,429.61,395.88,36.07,101.95,0.9635,-1,-1,-1
204,2068,1456.55,395.47,37.85,88.68,0.963,-1,-1,-1
204,2048,1875.0,650.79,45.0,149.37,0.9619,-1,-1,-1
204,2079,622.69,311.1,33.85,85.15,0.9609,-1,-1,-1
204,2076,1407.84,320.77,67.95,81.27,0.9595,-1,-1,-1
204,2077,725.92,311.56,31.78,85.95,0.9583,-1,-1,-1
204,2080,940.66,329.8,31.75,91.95,0.958,-1,-1,-1
204,2075,749.26,475.56,39.65,115.82,0.9436,-1,-1,-1
204,2054,683.14,230.87,25.15,75.0,0.9277,-1,-1,-1
204,2057,864.77,217.4,24.77,70.98,0.8977,-1,-1,-1
205,2050,1794.1,349.92,46.33,102.97,0.9766,-1,-1,-1
205,2081,328.01,390.5,47.2,100.98,0.9764,-1,-1,-1
205,2070,1229.08,434.5,49.27,109.19,0.9762,-1,-1,-1
205,2072,579.46,562.28,48.91,122.68,0.9754,-1,-1,-1
205,2045,1493.11,583.44,50.43,143.18,0.9748,-1,-1,-1
205,2046,1451.94,450.08,41.67,116.67,0.9694,-1,-1,-1
205,2052,1080.71,652.08,54.54,140.71,0.969,-1,-1,-1
205,2075,751.11,475.1,41.25,115.89,0.968,-1,-1,-1
205,2078,433.58,396.87,36.93,103.04,0.9657,-1,-1,-1
205,2068,1464.24,394.54,37.1,98.32,0.9654,-1,-1,-1
205,2091,376.6,735.79,41.09,171.14,0.9651,-1,-1,-1
205,2080,951.65,328.63,33.25,93.53,0.9582,-1,-1,-1
205,2076,1417.44,322.82,64.88,79.12,0.9559,-1,-1,-1
205,2048,1884.73,650.91,35.27,149.8,0.9482,-1,-1,-1
205,2077,729.68,312.31,28.79,86.71,0.9481,-1,-1,-1
205,2079,627.1,311.48,28.61,84.96,0.9392,-1,-1,-1
205,2054,686.94,228.83,28.77,77.5,0.9367,-1,-1,-1
205,2057,869.94,215.94,25.08,71.82,0.9011,-1,-1,-1
205,2092,758.09,208.59,30.22,61.07,0.4034,-1,-1,-1
206,2070,1231.47,433.33,45.06,110.49,0.978,-1,-1,-1
206,2072,583.11,561.97,45.06,122.51,0.9768,-1,-1,-1
206,2045,1489.46,584.68,61.3,143.51,0.976,-1,-1,-1
206,2046,1453.92,448.1,45.07,119.43,0.9755,-1,-1,-1
206,2075,753.12,475.97,43.34,117.01,0.9751,-1,-1,-1
206,2052,1081.19,652.6,60.14,137.81,0.9747,-1,-1,-1
206,2081,330.71,389.75,41.72,101.76,0.9742,-1,-1,-1
206,2050,1799.07,350.21,51.02,102.17,0.9715,-1,-1,-1
206,2078,435.98,398.67,39.99,103.98,0.9701,-1,-1,-1
206,2080,959.34,327.87,40.08,92.78,0.9681,-1,-1,-1
206,2091,380.89,734.65,43.27,164.73,0.968,-1,-1,-1
206,2068,1471.2,395.13,39.03,100.16,0.967,-1,-1,-1
206,2076,1435.85,323.51,50.28,79.26,0.9615,-1,-1,-1
206,2079,631.24,311.66,25.32,85.38,0.945,-1,-1,-1
206,2077,732.71,314.58,25.64,85.32,0.942,-1,-1,-1
206,2054,692.0,233.56,28.78,73.23,0.9382,-1,-1,-1
206,2057,875.2,218.99,26.87,70.2,0.823,-1,-1,-1
206,2048,1894.13,652.99,25.87,148.14,0.7734,-1,-1,-1
207,2070,1233.13,432.95,43.26,111.25,0.9773,-1,-1,-1
207,2072,584.99,561.97,43.41,122.43,0.9771,-1,-1,-1
207,2045,1490.16,585.01,63.69,143.96,0.9767,-1,-1,-1
207,2075,754.43,476.29,44.61,116.71,0.9754,-1,-1,-1
207,2046,1450.53,447.64,50.06,118.54,0.9746,-1,-1,-1
207,2078,437.27,398.59,41.39,104.69,0.9745,-1,-1,-1
207,2050,1800.03,350.17,54.25,101.97,0.9735,-1,-1,-1
207,2052,1082.76,652.51,60.19,136.55,0.9734,-1,-1,-1
207,2081,332.35,389.71,38.86,101.96,0.9726,-1,-1,-1
207,2068,1475.41,396.55,39.03,99.51,0.9709,-1,-1,-1
207,2091,383.6,733.91,43.86,162.63,0.9696,-1,-1,-1
207,2080,962.8,327.22,44.2,93.7,0.9679,-1,-1,-1
207,2077,734.26,316.15,25.74,84.59,0.9469,-1,-1,-1
207,2076,1435.7,323.7,51.61,79.01,0.9455,-1,-1,-1
207,2079,633.53,311.79,24.07,85.71,0.9423,-1,-1,-1
207,2054,694.13,233.45,29.51,74.37,0.9338,-1,-1,-1
207,2057,875.2,218.87,29.31,70.82,0.8093,-1,-1,-1
207,2048,1894.85,652.88,25.15,146.42,0.7275,-1,-1,-1
208,2045,1493.56,587.14,68.25,144.72,0.9781,-1,-1,-1
208,2070,1235.49,430.69,44.18,113.49,0.9764,-1,-1,-1
208,2078,440.87,400.93,43.78,103.24,0.9747,-1,-1,-1
208,2075,757.1,477.41,47.36,116.72,0.9746,-1,-1,-1
208,2091,387.53,736.34,49.44,153.73,0.9745,-1,-1,-1
208,2046,1447.0,448.43,57.02,115.54,0.9736,-1,-1,-1
208,2052,1083.34,654.19,61.4,133.8,0.9729,-1,-1,-1
208,2072,588.67,563.18,41.36,122.3,0.9726,-1,-1,-1
208,2080,971.98,326.81,51.67,94.95,0.9711,-1,-1,-1
208,2050,1806.93,353.15,57.45,100.36,0.9702,-1,-1,-1
208,2068,1483.5,398.77,40.61,100.72,0.9702,-1,-1,-1
208,2081,336.19,389.04,37.49,103.35,0.9691,-1,-1,-1
208,2079,637.59,313.53,24.01,85.75,0.9515,-1,-1,-1
208,2077,737.71,317.57,26.38,84.17,0.9475,-1,-1,-1
208,2076,1438.76,324.94,50.81,77.85,0.9417,-1,-1,-1
208,2054,699.92,234.45,31.25,73.45,0.927,-1,-1,-1
208,2057,884.9,219.01,26.12,70.38,0.6697,-1,-1,-1
209,2070,1239.86,429.33,45.45,114.71,0.9764,-1,-1,-1
209,2052,1083.66,656.61,61.97,134.22,0.9759,-1,-1,-1
209,2091,390.44,736.96,56.85,152.86,0.9749,-1,-1,-1
209,2075,760.0,479.09,48.59,116.2,0.9746,-1,-1,-1
209,2046,1447.83,450.36,59.55,112.53,0.9746,-1,-1,-1
209,2078,446.36,402.69,44.35,103.51,0.9726,-1,-1,-1
209,2072,592.26,563.8,40.22,122.63,0.972,-1,-1,-1
209,2050,1818.52,356.14,55.76,99.16,0.9702,-1,-1,-1
209,2080,983.6,326.63,58.56,92.69,0.9685,-1,-1,-1
209,2045,1502.95,589.01,68.89,145.86,0.9681,-1,-1,-1
209,2068,1491.92,399.4,41.81,102.81,0.9681,-1,-1,-1
209,2076,1442.15,326.46,51.0,79.46,0.9676,-1,-1,-1
209,2081,339.99,392.58,37.87,101.09,0.963,-1,-1,-1
209,2079,641.66,314.36,23.97,86.0,0.9561,-1,-1,-1
209,2054,706.89,235.95,31.78,73.23,0.9352,-1,-1,-1
209,2077,741.67,319.04,28.19,84.08,0.9278,-1,-1,-1
209,2096,1903.7,695.79,16.3,106.96,0.6852,-1,-1,-1
209,2057,891.99,218.73,26.49,71.32,0.644,-1,-1,-1
210,2070,1241.06,429.94,46.32,114.15,0.9784,-1,-1,-1
210,2091,392.14,736.8,59.21,154.29,0.9776,-1,-1,-1
210,2075,762.27,479.96,48.68,115.69,0.9772,-1,-1,-1
210,2052,1083.21,657.73,61.15,134.5,0.9768,-1,-1,-1
210,2078,448.98,403.58,44.48,103.34,0.9754,-1,-1,-1
210,2046,1448.98,451.19,60.23,113.6,0.9738,-1,-1,-1
210,2045,1508.24,589.78,67.75,144.93,0.9737,-1,-1,-1
210,2050,1824.13,356.87,53.88,98.6,0.9705,-1,-1,-1
210,2068,1496.83,400.66,40.22,100.88,0.9704,-1,-1,-1
210,2072,594.22,565.03,40.29,122.16,0.9702,-1,-1,-1
210,2076,1444.42,327.3,49.22,80.4,0.9691,-1,-1,-1
210,2080,990.14,328.29,59.36,91.16,0.9661,-1,-1,-1
210,2081,342.1,392.75,37.77,103.08,0.9576,-1,-1,-1
210,2079,642.79,315.98,24.82,85.14,0.9539,-1,-1,-1
210,2077,742.64,318.91,30.94,86.24,0.9528,-1,-1,-1
210,2054,710.47,237.05,31.72,72.44,0.9243,-1,-1,-1
210,2096,1901.25,675.1,18.65,126.62,0.7423,-1,-1,-1
210,2057,894.92,219.28,25.52,74.93,0.4425,-1,-1,-1
211,2046,1458.21,453.5,51.02,112.06,0.9785,-1,-1,-1
211,2070,1244.62,430.7,46.53,114.27,0.9782,-1,-1,-1
211,2045,1516.08,592.54,66.74,144.61,0.9782,-1,-1,-1
211,2052,1085.45,659.21,57.48,136.38,0.9757,-1,-1,-1
211,2078,454.18,405.71,45.07,103.39,0.9744,-1,-1,-1
211,2076,1448.79,328.59,47.21,79.0,0.9743,-1,-1,-1
211,2091,398.5,734.05,61.98,159.7,0.9737,-1,-1,-1
211,2081,345.75,395.63,39.21,102.04,0.9723,-1,-1,-1
211,2068,1504.78,399.86,38.7,103.44,0.9713,-1,-1,-1
211,2050,1834.44,358.14,51.41,99.26,0.9712,-1,-1,-1
211,2072,598.31,566.82,40.19,122.62,0.9692,-1,-1,-1
211,2080,1004.23,329.6,56.54,93.08,0.9634,-1,-1,-1
211,2077,744.04,318.52,35.64,89.15,0.9607,-1,-1,-1
211,2079,645.37,319.09,27.23,83.95,0.9543,-1,-1,-1
211,2075,766.94,479.66,49.11,118.62,0.9484,-1,-1,-1
211,2054,717.27,237.4,30.79,72.28,0.9299,-1,-1,-1
211,2096,1902.15,705.16,17.85,107.66,0.6717,-1,-1,-1
212,2045,1524.66,594.62,62.51,145.03,0.9793,-1,-1,-1
212,2091,403.35,731.48,65.72,163.1,0.9788,-1,-1,-1
212,2052,1090.32,657.86,55.57,139.3,0.9753,-1,-1,-1
212,2050,1842.23,358.39,48.78,100.72,0.9743,-1,-1,-1
212,2075,769.73,483.14,49.09,117.0,0.974,-1,-1,-1
212,2070,1248.45,432.95,46.4,112.81,0.9737,-1,-1,-1
212,2081,348.65,398.28,40.03,100.76,0.9727,-1,-1,-1
212,2068,1511.54,399.51,38.98,103.5,0.9714,-1,-1,-1
212,2077,744.14,319.22,41.69,89.32,0.9693,-1,-1,-1
212,2078,460.1,406.49,40.74,103.11,0.9686,-1,-1,-1
212,2080,1022.09,331.78,45.66,93.47,0.9685,-1,-1,-1
212,2076,1457.48,329.16,43.58,80.36,0.9682,-1,-1,-1
212,2046,1466.91,455.42,38.49,112.35,0.968,-1,-1,-1
212,2072,600.43,567.87,42.27,123.62,0.9676,-1,-1,-1
212,2079,646.83,321.04,31.01,85.24,0.961,-1,-1,-1
212,2054,724.44,237.5,30.51,73.62,0.9337,-1,-1,-1
212,2096,1903.01,714.76,16.4,93.02,0.3485,-1,-1,-1
213,2091,406.8,728.92,66.11,167.05,0.9783,-1,-1,-1
213,2075,772.03,483.69,48.91,118.18,0.9762,-1,-1,-1
213,2045,1529.92,595.28,59.39,144.23,0.9757,-1,-1,-1
213,2081,348.6,399.82,42.13,100.12,0.9755,-1,-1,-1
213,2070,1250.3,433.62,46.81,112.69,0.9751,-1,-1,-1
213,2052,1092.17,657.16,55.67,140.39,0.9738,-1,-1,-1
213,2050,1846.65,358.73,46.73,100.52,0.9726,-1,-1,-1
213,2077,745.41,319.67,42.8,89.92,0.9701,-1,-1,-1
213,2076,1460.51,329.96,43.56,80.79,0.9699,-1,-1,-1
213,2068,1515.19,399.1,37.51,104.18,0.9692,-1,-1,-1
213,2078,462.17,406.73,37.76,104.51,0.9681,-1,-1,-1
213,2072,602.12,568.83,42.51,122.87,0.965,-1,-1,-1
213,2080,1030.87,332.33,42.64,93.15,0.9646,-1,-1,-1
213,2079,648.62,322.95,32.07,83.01,0.9567,-1,-1,-1
213,2046,1469.22,454.78,35.59,114.71,0.9555,-1,-1,-1
213,2054,728.27,237.31,30.0,73.42,0.9267,-1,-1,-1
214,2045,1536.84,596.6,54.84,142.88,0.9778,-1,-1,-1
214,2070,1253.63,436.16,45.99,111.55,0.9776,-1,-1,-1
214,2052,1095.32,655.38,56.34,143.77,0.9766,-1,-1,-1
214,2072,606.96,570.25,43.7,124.78,0.9754,-1,-1,-1
214,2091,413.31,724.82,68.13,170.67,0.9745,-1,-1,-1
214,2081,347.68,401.41,49.02,100.32,0.9745,-1,-1,-1
214,2050,1855.99,358.17,42.65,102.23,0.9728,-1,-1,-1
214,2077,747.32,320.9,43.13,91.76,0.9701,-1,-1,-1
214,2068,1523.02,398.37,37.17,104.74,0.9687,-1,-1,-1
214,2078,466.53,407.48,33.63,105.06,0.9659,-1,-1,-1
214,2075,778.36,485.04,44.66,116.89,0.9598,-1,-1,-1
214,2076,1472.23,332.4,38.01,80.83,0.9596,-1,-1,-1
214,2079,654.22,324.97,33.15,82.79,0.958,-1,-1,-1
214,2080,1050.65,334.42,36.28,92.34,0.9497,-1,-1,-1
214,2046,1471.25,455.09,32.86,115.24,0.9494,-1,-1,-1
214,2054,735.5,233.79,30.28,77.31,0.9312,-1,-1,-1
214,2057,917.14,227.07,25.23,66.65,0.8572,-1,-1,-1
215,2045,1544.69,596.48,50.0,143.56,0.9788,-1,-1,-1
215,2070,1258.32,437.93,44.86,111.72,0.9777,-1,-1,-1
215,2072,610.32,571.85,45.69,124.47,0.9765,-1,-1,-1
215,2052,1098.36,655.43,55.28,142.78,0.9749,-1,-1,-1
215,2081,347.14,404.03,54.71,99.61,0.9745,-1,-1,-1
215,2075,783.09,484.12,42.27,117.56,0.9694,-1,-1,-1
215,2068,1529.88,398.13,38.09,107.85,0.9693,-1,-1,-1
215,2076,1475.38,335.3,40.38,79.27,0.969,-1,-1,-1
215,2050,1866.35,357.79,41.17,104.12,0.9681,-1,-1,-1
215,2079,657.94,326.83,35.67,83.09,0.9677,-1,-1,-1
215,2077,749.66,322.7,40.22,94.05,0.9672,-1,-1,-1
215,2091,422.61,722.84,63.55,166.2,0.9586,-1,-1,-1
215,2046,1473.58,453.36,33.18,117.52,0.9561,-1,-1,-1
215,2080,1066.82,335.41,34.43,90.96,0.9535,-1,-1,-1
215,2078,470.6,408.67,28.91,104.67,0.9474,-1,-1,-1
215,2054,742.62,235.51,28.57,75.9,0.9303,-1,-1,-1
215,2057,920.59,228.6,26.51,67.16,0.3912,-1,-1,-1
216,2070,1260.2,438.46,43.87,112.3,0.9772,-1,-1,-1
216,2045,1547.56,596.43,48.36,145.54,0.9767,-1,-1,-1
216,2072,611.56,572.09,46.6,125.1,0.9748,-1,-1,-1
216,2081,346.53,404.07,57.8,100.39,0.9731,-1,-1,-1
216,2052,1099.6,655.56,55.77,141.83,0.9703,-1,-1,-1
216,2050,1872.42,357.68,39.89,104.77,0.9688,-1,-1,-1
216,2075,786.04,485.09,40.59,116.09,0.9687,-1,-1,-1
216,2068,1534.03,398.49,37.85,108.19,0.9685,-1,-1,-1
216,2076,1479.93,337.07,40.11,78.02,0.9662,-1,-1,-1
216,2079,660.3,327.27,35.87,84.32,0.9655,-1,-1,-1
216,2091,424.63,723.81,65.68,161.23,0.9611,-1,-1,-1
216,2046,1474.92,452.68,34.13,119.43,0.9588,-1,-1,-1
216,2077,751.5,324.83,35.88,93.23,0.9556,-1,-1,-1
216,2078,471.7,409.69,26.81,104.37,0.9455,-1,-1,-1
216,2080,1075.78,336.14,30.5,90.35,0.943,-1,-1,-1
216,2054,746.21,231.51,30.97,81.35,0.9292,-1,-1,-1
216,2057,923.72,226.96,28.26,69.26,0.4652,-1,-1,-1
217,2091,433.43,725.16,62.33,150.85,0.9764,-1,-1,-1
217,2052,1103.78,655.42,53.48,138.12,0.9755,-1,-1,-1
217,2081,348.74,406.29,60.35,100.65,0.9753,-1,-1,-1
217,2072,615.79,572.99,47.72,125.36,0.9748,-1,-1,-1
217,2070,1264.17,439.05,43.57,112.61,0.9742,-1,-1,-1
217,2045,1553.29,598.35,50.15,146.34,0.973,-1,-1,-1
217,2068,1540.52,399.89,39.08,104.84,0.9713,-1,-1,-1
217,2046,1474.63,453.48,40.31,120.61,0.9712,-1,-1,-1
217,2076,1486.69,340.26,42.96,77.2,0.9692,-1,-1,-1
217,2079,666.31,328.85,32.68,83.92,0.9598,-1,-1,-1
217,2078,473.21,410.52,27.76,106.58,0.9595,-1,-1,-1
217,2077,754.93,327.75,29.07,90.85,0.9546,-1,-1,-1
217,2075,790.79,483.47,37.73,116.84,0.9516,-1,-1,-1
217,2080,1090.04,337.86,30.23,87.36,0.9516,-1,-1,-1
217,2050,1883.44,356.75,35.82,107.97,0.9459,-1,-1,-1
217,2054,753.27,230.87,28.25,82.06,0.9323,-1,-1,-1
217,2057,931.26,231.81,25.33,65.9,0.632,-1,-1,-1
218,2052,1106.79,656.82,52.58,134.35,0.9783,-1,-1,-1
218,2072,617.88,573.23,49.44,123.32,0.9775,-1,-1,-1
218,2046,1471.29,452.21,48.28,120.87,0.9773,-1,-1,-1
218,2068,1547.28,402.23,39.38,103.16,0.9755,-1,-1,-1
218,2091,441.07,725.9,58.17,154.74,0.9754,-1,-1,-1
218,2070,1268.0,438.61,42.68,114.13,0.9746,-1,-1,-1
218,2081,353.98,407.91,59.97,100.74,0.9699,-1,-1,-1
218,2076,1488.41,341.71,50.11,77.28,0.9657,-1,-1,-1
218,2045,1559.71,598.89,58.94,147.85,0.9637,-1,-1,-1
218,2078,474.85,411.89,30.97,106.64,0.9627,-1,-1,-1
218,2077,756.33,329.06,27.99,90.13,0.9527,-1,-1,-1
218,2079,671.0,328.71,29.06,84.86,0.9511,-1,-1,-1
218,2080,1101.8,340.9,33.81,85.26,0.947,-1,-1,-1
218,2050,1894.19,357.17,25.81,107.93,0.9336,-1,-1,-1
218,2075,794.46,480.2,38.02,120.48,0.919,-1,-1,-1
218,2054,759.57,232.56,26.97,81.82,0.905,-1,-1,-1
218,2057,935.46,225.78,27.63,71.26,0.8409,-1,-1,-1
219,2052,1108.63,657.78,51.2,131.18,0.9788,-1,-1,-1
219,2072,618.95,573.17,49.76,123.18,0.976,-1,-1,-1
219,2046,1471.74,451.99,49.95,119.57,0.9759,-1,-1,-1
219,2070,1269.62,437.34,42.86,115.3,0.9754,-1,-1,-1
219,2091,444.05,726.47,57.46,154.6,0.9753,-1,-1,-1
219,2068,1550.88,403.13,39.36,103.62,0.973,-1,-1,-1
219,2081,356.22,408.03,60.23,101.14,0.972,-1,-1,-1
219,2076,1489.61,341.33,52.44,78.23,0.9718,-1,-1,-1
219,2045,1561.29,599.97,63.06,147.48,0.9689,-1,-1,-1
219,2078,474.81,412.21,33.53,108.16,0.9565,-1,-1,-1
219,2079,673.06,327.72,28.01,85.85,0.9505,-1,-1,-1
219,2077,756.97,329.07,27.47,90.48,0.9503,-1,-1,-1
219,2080,1107.4,343.08,35.58,83.25,0.9489,-1,-1,-1
219,2075,796.34,479.11,37.98,122.26,0.9419,-1,-1,-1
219,2050,1898.2,357.91,21.8,109.59,0.9328,-1,-1,-1
219,2054,762.65,236.43,27.06,77.65,0.8996,-1,-1,-1
219,2057,939.72,225.75,24.97,72.48,0.7271,-1,-1,-1
220,2052,1111.44,657.56,49.46,131.89,0.9772,-1,-1,-1
220,2070,1271.45,436.47,43.56,118.04,0.9766,-1,-1,-1
220,2046,1474.19,452.59,54.01,117.12,0.9751,-1,-1,-1
220,2072,617.75,572.69,52.74,122.77,0.9746,-1,-1,-1
220,2081,360.33,408.01,61.13,101.73,0.9733,-1,-1,-1
220,2068,1556.0,405.13,40.45,102.13,0.9722,-1,-1,-1
220,2045,1566.25,600.11,66.95,149.04,0.9711,-1,-1,-1
220,2078,474.76,414.69,39.09,105.72,0.9708,-1,-1,-1
220,2076,1492.89,340.24,56.84,79.87,0.9684,-1,-1,-1
220,2075,798.87,476.18,39.69,127.13,0.9568,-1,-1,-1
220,2079,676.63,326.58,26.87,87.61,0.9563,-1,-1,-1
220,2077,756.87,328.64,29.96,91.81,0.9551,-1,-1,-1
220,2080,1118.98,345.89,39.62,81.29,0.9543,-1,-1,-1
220,2091,452.38,725.89,52.34,156.92,0.9489,-1,-1,-1
220,2054,768.74,232.55,27.67,80.95,0.9267,-1,-1,-1
220,2050,1905.11,360.37,14.75,105.4,0.8743,-1,-1,-1
220,2057,945.29,227.15,24.88,70.28,0.7122,-1,-1,-1
221,2046,1479.44,453.83,50.8,114.42,0.9779,-1,-1,-1
221,2052,1113.32,656.14,48.72,133.84,0.9754,-1,-1,-1
221,2078,473.96,415.89,44.33,105.13,0.9751,-1,-1,-1
221,2045,1571.48,599.15,70.84,151.76,0.974,-1,-1,-1
221,2068,1561.4,405.29,40.26,102.4,0.9734,-1,-1,-1
221,2081,362.77,407.29,60.18,102.17,0.9726,-1,-1,-1
221,2091,459.26,720.13,49.0,162.06,0.9721,-1,-1,-1
221,2072,616.64,571.69,55.15,123.42,0.9716,-1,-1,-1
221,2070,1272.29,435.78,49.11,116.78,0.968,-1,-1,-1
221,2077,754.48,328.75,38.42,92.91,0.967,-1,-1,-1
221,2076,1493.9,338.43,57.12,83.03,0.9656,-1,-1,-1
221,2080,1130.45,348.59,50.94,77.51,0.965,-1,-1,-1
221,2075,799.77,475.04,42.96,127.64,0.9606,-1,-1,-1
221,2079,678.82,325.06,27.96,89.55,0.9598,-1,-1,-1
221,2054,773.3,230.72,31.96,82.42,0.9493,-1,-1,-1
221,2057,949.35,225.23,26.77,71.32,0.9124,-1,-1,-1
222,2046,1484.04,454.87,47.52,112.77,0.9789,-1,-1,-1
222,2078,473.58,416.18,47.14,104.84,0.9765,-1,-1,-1
222,2052,1115.34,655.28,46.29,135.63,0.9749,-1,-1,-1
222,2081,364.59,406.59,57.67,102.84,0.9732,-1,-1,-1
222,2091,461.92,717.96,47.59,163.84,0.9724,-1,-1,-1
222,2068,1564.46,404.53,39.5,103.57,0.9714,-1,-1,-1
222,2077,752.85,328.19,41.76,93.38,0.971,-1,-1,-1
222,2072,616.94,570.96,55.61,124.93,0.9696,-1,-1,-1
222,2045,1574.33,599.19,72.22,152.68,0.9666,-1,-1,-1
222,2070,1270.38,435.81,52.67,117.48,0.9662,-1,-1,-1
222,2080,1136.95,350.5,53.52,74.29,0.9644,-1,-1,-1
222,2076,1494.93,338.11,56.54,83.36,0.9638,-1,-1,-1
222,2079,680.65,325.07,28.35,88.99,0.9583,-1,-1,-1
222,2075,800.47,475.02,43.86,127.18,0.9541,-1,-1,-1
222,2054,776.21,232.7,32.07,79.33,0.9406,-1,-1,-1
222,2057,951.3,224.42,26.85,71.43,0.9058,-1,-1,-1
222,2100,512.64,1010.2,69.01,69.8,0.4186,-1,-1,-1
223,2077,751.37,327.46,46.98,94.81,0.977,-1,-1,-1
223,2070,1272.06,435.47,54.7,114.97,0.9767,-1,-1,-1
223,2078,474.54,416.82,50.35,105.19,0.9759,-1,-1,-1
223,2081,367.31,404.82,52.21,103.99,0.975,-1,-1,-1
223,2046,1488.43,453.44,42.18,114.04,0.9739,-1,-1,-1
223,2091,467.95,712.86,46.31,168.4,0.9734,-1,-1,-1
223,2052,1118.99,651.06,43.97,140.25,0.9722,-1,-1,-1
223,2068,1569.7,403.16,39.31,103.09,0.9718,-1,-1,-1
223,2045,1579.99,600.13,73.7,151.78,0.9701,-1,-1,-1
223,2072,617.29,569.6,58.36,128.56,0.9673,-1,-1,-1
223,2080,1146.32,350.96,60.79,73.82,0.9635,-1,-1,-1
223,2076,1496.28,337.28,53.09,83.67,0.962,-1,-1,-1
223,2079,682.62,325.26,29.65,89.78,0.9519,-1,-1,-1
223,2054,781.0,232.34,36.16,79.25,0.9519,-1,-1,-1
223,2057,955.99,222.14,27.92,72.91,0.9421,-1,-1,-1
223,2075,801.51,475.21,47.36,126.71,0.9397,-1,-1,-1
224,2070,1277.71,436.34,51.46,112.86,0.9772,-1,-1,-1
224,2077,750.91,327.96,48.23,95.58,0.9771,-1,-1,-1
224,2081,370.5,404.08,47.54,104.03,0.9751,-1,-1,-1
224,2068,1575.32,399.98,38.66,106.78,0.9718,-1,-1,-1
224,2052,1121.95,647.08,43.86,143.39,0.9715,-1,-1,-1
224,2045,1585.31,599.9,75.08,152.39,0.9701,-1,-1,-1
224,2091,473.79,708.94,45.79,168.85,0.9671,-1,-1,-1
224,2046,1490.53,451.68,41.38,116.76,0.9664,-1,-1,-1
224,2076,1497.31,337.25,48.83,83.63,0.9642,-1,-1,-1
224,2078,476.12,417.39,53.41,105.99,0.9635,-1,-1,-1
224,2080,1152.79,350.63,70.32,76.0,0.9633,-1,-1,-1
224,2072,618.61,570.45,59.38,126.29,0.9628,-1,-1,-1
224,2054,787.22,233.92,36.97,76.92,0.9535,-1,-1,-1
224,2079,684.61,325.91,32.48,90.62,0.9505,-1,-1,-1
224,2057,961.03,221.71,28.3,72.39,0.9468,-1,-1,-1
224,2075,802.55,477.73,52.57,121.91,0.9304,-1,-1,-1
225,2070,1279.57,437.07,50.16,112.75,0.9772,-1,-1,-1
225,2077,751.72,328.84,46.88,95.44,0.9763,-1,-1,-1
225,2081,371.99,403.67,43.83,104.6,0.9756,-1,-1,-1
225,2052,1123.22,644.45,43.19,145.96,0.9712,-1,-1,-1
225,2045,1587.04,600.07,75.93,152.47,0.9709,-1,-1,-1
225,2068,1578.5,399.02,38.66,107.7,0.9702,-1,-1,-1
225,2076,1497.13,336.66,47.21,84.15,0.9695,-1,-1,-1
225,2091,476.24,707.69,46.57,164.62,0.9695,-1,-1,-1
225,2080,1157.22,350.71,69.5,75.33,0.9693,-1,-1,-1
225,2075,802.94,478.76,53.52,120.41,0.9686,-1,-1,-1
225,2072,619.66,570.56,59.95,126.04,0.9678,-1,-1,-1
225,2046,1491.54,449.98,42.32,118.54,0.9664,-1,-1,-1
225,2078,477.77,417.99,54.44,104.64,0.9629,-1,-1,-1
225,2079,684.76,325.82,34.58,92.23,0.9556,-1,-1,-1
225,2054,789.55,232.63,37.34,78.24,0.9506,-1,-1,-1
225,2057,963.04,220.74,30.05,72.92,0.946,-1,-1,-1
226,2045,1592.68,599.72,76.97,155.78,0.9778,-1,-1,-1
226,2070,1282.68,437.04,48.24,113.01,0.9767,-1,-1,-1
226,2091,482.22,708.53,50.09,153.88,0.9739,-1,-1,-1
226,2075,803.51,481.04,59.09,118.23,0.9739,-1,-1,-1
226,2081,375.21,402.9,41.32,105.34,0.9734,-1,-1,-1
226,2078,480.85,417.91,58.26,105.68,0.9725,-1,-1,-1
226,2052,1126.25,640.84,44.59,144.6,0.972,-1,-1,-1
226,2068,1584.14,396.98,39.92,107.65,0.9716,-1,-1,-1
226,2072,622.95,571.36,60.72,126.06,0.9716,-1,-1,-1
226,2046,1494.12,447.58,43.22,120.77,0.9713,-1,-1,-1
226,2077,753.13,330.67,41.4,94.65,0.9685,-1,-1,-1
226,2080,1169.57,348.7,66.09,77.82,0.9659,-1,-1,-1
226,2079,685.01,328.43,39.01,88.15,0.9647,-1,-1,-1
226,2076,1497.13,336.45,52.77,86.38,0.9627,-1,-1,-1
226,2054,796.38,232.24,37.96,78.99,0.9517,-1,-1,-1
226,2057,967.92,219.84,32.3,73.62,0.9497,-1,-1,-1
227,2081,378.2,403.9,42.6,105.06,0.9771,-1,-1,-1
227,2070,1285.75,436.3,44.9,113.09,0.9755,-1,-1,-1
227,2046,1497.22,444.95,44.29,123.32,0.975,-1,-1,-1
227,2091,488.02,707.33,53.18,152.35,0.9743,-1,-1,-1
227,2072,625.91,571.87,61.56,126.04,0.9743,-1,-1,-1
227,2075,805.29,483.13,60.21,115.07,0.974,-1,-1,-1
227,2078,483.79,419.07,58.27,105.61,0.9735,-1,-1,-1
227,2045,1601.4,599.36,72.32,155.95,0.9708,-1,-1,-1
227,2076,1505.12,336.2,50.14,87.32,0.9697,-1,-1,-1
227,2068,1589.79,395.38,41.3,108.89,0.9692,-1,-1,-1
227,2080,1185.27,349.23,59.35,77.96,0.9667,-1,-1,-1
227,2052,1129.08,639.52,47.21,143.02,0.9664,-1,-1,-1
227,2079,687.38,331.82,40.75,85.38,0.9657,-1,-1,-1
227,2077,753.31,332.14,38.29,93.32,0.9636,-1,-1,-1
227,2057,973.92,219.97,32.82,72.98,0.9483,-1,-1,-1
227,2054,802.29,231.91,38.08,79.23,0.9478,-1,-1,-1
228,2081,380.0,405.33,43.37,103.83,0.9772,-1,-1,-1
228,2091,490.57,707.22,55.11,151.71,0.9763,-1,-1,-1
228,2070,1287.22,435.36,44.76,114.0,0.9758,-1,-1,-1
228,2046,1499.34,443.4,44.49,122.8,0.9746,-1,-1,-1
228,2045,1605.48,599.73,70.19,155.31,0.9728,-1,-1,-1
228,2078,484.51,419.53,57.72,105.63,0.9725,-1,-1,-1
228,2075,806.43,482.92,59.38,115.88,0.9724,-1,-1,-1
228,2080,1193.2,348.11,54.34,79.5,0.9717,-1,-1,-1
228,2052,1130.03,640.04,48.43,139.86,0.9709,-1,-1,-1
228,2072,627.84,571.67,63.41,127.16,0.9706,-1,-1,-1
228,2076,1505.29,336.38,50.99,88.74,0.9694,-1,-1,-1
228,2068,1593.44,395.64,40.63,108.29,0.9692,-1,-1,-1
228,2079,689.23,333.07,41.7,85.02,0.9675,-1,-1,-1
228,2077,753.86,331.51,36.98,94.45,0.9584,-1,-1,-1
228,2057,977.23,220.06,32.71,73.61,0.9564,-1,-1,-1
228,2054,806.42,231.08,37.78,80.04,0.9539,-1,-1,-1
229,2081,383.48,407.68,45.48,103.6,0.9754,-1,-1,-1
229,2070,1291.03,433.8,44.04,116.41,0.9747,-1,-1,-1
229,2052,1132.92,640.77,52.1,136.21,0.9744,-1,-1,-1
229,2078,486.79,419.62,54.78,106.64,0.9743,-1,-1,-1
229,2046,1503.35,443.12,44.23,120.98,0.9738,-1,-1,-1
229,2072,632.08,572.04,64.1,125.97,0.9715,-1,-1,-1
229,2079,693.7,335.36,41.17,86.44,0.9711,-1,-1,-1
229,2045,1610.91,600.19,64.31,149.78,0.97,-1,-1,-1
229,2068,1600.74,396.29,40.15,106.97,0.9697,-1,-1,-1
229,2076,1508.85,337.9,46.19,88.41,0.9676,-1,-1,-1
229,2080,1212.23,347.19,44.52,80.85,0.9673,-1,-1,-1
229,2075,811.49,482.23,53.98,117.91,0.9668,-1,-1,-1
229,2091,497.86,706.1,57.27,154.61,0.9635,-1,-1,-1
229,2057,983.91,220.04,33.36,73.48,0.9515,-1,-1,-1
229,2054,813.14,229.86,37.98,80.95,0.9469,-1,-1,-1
229,2077,755.38,331.68,35.6,94.73,0.9437,-1,-1,-1
230,2091,505.85,705.11,59.31,155.01,0.9763,-1,-1,-1
230,2046,1507.28,444.24,45.35,117.77,0.9762,-1,-1,-1
230,2078,489.59,418.39,51.47,108.5,0.975,-1,-1,-1
230,2052,1135.25,643.44,54.53,134.05,0.9746,-1,-1,-1
230,2081,385.34,410.49,49.43,101.86,0.9741,-1,-1,-1
230,2045,1616.59,600.38,57.8,149.34,0.9717,-1,-1,-1
230,2070,1295.13,432.22,44.0,119.78,0.971,-1,-1,-1
230,2068,1607.92,399.53,40.54,104.99,0.9707,-1,-1,-1
230,2079,700.08,336.16,40.37,87.12,0.9694,-1,-1,-1
230,2077,757.12,331.86,40.42,96.86,0.9688,-1,-1,-1
230,2080,1227.4,346.57,38.26,82.05,0.9653,-1,-1,-1
230,2075,816.84,479.91,48.85,120.54,0.9646,-1,-1,-1
230,2072,638.84,571.95,62.76,126.47,0.9643,-1,-1,-1
230,2076,1513.21,338.78,37.65,89.56,0.9536,-1,-1,-1
230,2057,990.61,221.29,33.64,73.65,0.9493,-1,-1,-1
230,2054,821.27,229.27,36.72,81.58,0.9436,-1,-1,-1
231,2081,385.78,412.56,51.73,100.97,0.9777,-1,-1,-1
231,2046,1509.96,444.99,45.18,116.52,0.9767,-1,-1,-1
231,2075,819.0,479.73,48.09,121.55,0.9762,-1,-1,-1
231,2078,491.04,417.66,49.96,109.4,0.9757,-1,-1,-1
231,2052,1136.69,644.09,55.34,134.05,0.9748,-1,-1,-1
231,2091,509.99,701.95,58.9,158.76,0.9738,-1,-1,-1
231,2045,1618.99,600.51,55.68,149.52,0.972,-1,-1,-1
231,2079,701.84,335.61,42.18,88.04,0.9702,-1,-1,-1
231,2068,1612.13,400.15,39.45,103.98,0.9696,-1,-1,-1
231,2077,757.87,332.04,40.92,96.93,0.9694,-1,-1,-1
231,2072,642.24,571.44,61.75,127.5,0.9654,-1,-1,-1
231,2080,1233.18,346.96,37.72,82.45,0.9612,-1,-1,-1
231,2057,994.04,221.27,33.88,74.07,0.9554,-1,-1,-1
231,2054,824.09,229.63,37.58,80.89,0.9513,-1,-1,-1
231,2076,1514.73,339.68,34.15,89.96,0.9511,-1,-1,-1
231,2070,1297.4,431.59,44.03,120.34,0.9374,-1,-1,-1
232,2075,823.85,477.86,48.19,124.7,0.9771,-1,-1,-1
232,2078,494.82,417.8,47.75,110.12,0.9763,-1,-1,-1
232,2070,1300.72,431.4,45.69,119.62,0.9753,-1,-1,-1
232,2081,387.8,414.1,56.14,100.36,0.9752,-1,-1,-1
232,2052,1140.8,645.54,55.74,135.78,0.9746,-1,-1,-1
232,2046,1515.19,445.78,44.63,116.76,0.9741,-1,-1,-1
232,2045,1623.48,601.59,50.01,149.16,0.974,-1,-1,-1
232,2072,649.04,570.8,54.55,125.09,0.9732,-1,-1,-1
232,2091,518.99,697.01,58.41,164.16,0.9731,-1,-1,-1
232,2079,706.55,336.12,43.39,89.41,0.9726,-1,-1,-1
232,2068,1618.62,401.95,40.4,103.29,0.9711,-1,-1,-1
232,2080,1243.73,347.6,39.15,83.26,0.9705,-1,-1,-1
232,2077,759.43,333.25,38.96,96.85,0.9702,-1,-1,-1
232,2076,1516.4,340.33,39.94,90.54,0.9615,-1,-1,-1
232,2057,1000.38,222.87,35.5,73.33,0.9523,-1,-1,-1
232,2054,829.03,229.26,37.64,81.7,0.9514,-1,-1,-1
233,2078,497.04,417.93,48.2,111.37,0.9779,-1,-1,-1
233,2070,1305.38,432.71,45.98,117.32,0.9773,-1,-1,-1
233,2046,1520.29,448.17,42.89,114.41,0.9769,-1,-1,-1
233,2081,391.68,414.88,58.44,99.8,0.9763,-1,-1,-1
233,2072,656.25,569.55,51.48,126.02,0.9741,-1,-1,-1
233,2075,827.27,476.33,48.34,126.55,0.9727,-1,-1,-1
233,2052,1148.22,644.62,53.7,138.02,0.972,-1,-1,-1
233,2045,1627.7,602.53,50.55,149.94,0.9717,-1,-1,-1
233,2068,1625.0,401.83,39.41,104.77,0.9714,-1,-1,-1
233,2091,525.88,691.72,59.61,167.25,0.9694,-1,-1,-1
233,2079,711.38,337.74,39.52,89.29,0.9691,-1,-1,-1
233,2080,1254.29,348.91,41.61,84.28,0.969,-1,-1,-1
233,2076,1516.34,338.54,47.6,92.21,0.9684,-1,-1,-1
233,2077,760.98,333.99,35.79,98.69,0.9644,-1,-1,-1
233,2054,833.56,229.3,39.1,82.03,0.957,-1,-1,-1
233,2057,1007.44,222.71,33.56,73.29,0.9498,-1,-1,-1
234,2078,498.84,418.32,47.08,112.05,0.9787,-1,-1,-1
234,2091,530.68,692.68,59.61,159.39,0.9777,-1,-1,-1
234,2070,1307.39,433.0,46.19,117.26,0.9773,-1,-1,-1
234,2081,393.78,415.34,59.7,99.33,0.9763,-1,-1,-1
234,2052,1151.76,643.55,53.34,139.57,0.9759,-1,-1,-1
234,2046,1523.32,448.41,41.67,115.26,0.9747,-1,-1,-1
234,2072,660.59,567.97,50.11,127.12,0.974,-1,-1,-1
234,2075,829.8,475.9,48.69,126.95,0.9721,-1,-1,-1
234,2076,1514.66,337.65,52.66,94.41,0.9693,-1,-1,-1
234,2080,1259.07,349.71,45.26,84.31,0.9688,-1,-1,-1
234,2045,1629.64,602.76,51.66,150.4,0.9681,-1,-1,-1
234,2068,1628.42,402.04,37.89,105.17,0.9663,-1,-1,-1
234,2054,835.74,230.14,41.31,81.3,0.9609,-1,-1,-1
234,2077,762.17,334.92,34.19,98.25,0.9572,-1,-1,-1
234,2079,713.49,337.84,36.14,89.54,0.9531,-1,-1,-1
234,2057,1010.74,223.81,33.3,72.38,0.9486,-1,-1,-1
235,2091,535.78,689.58,59.3,153.39,0.9769,-1,-1,-1
235,2070,1312.03,433.6,46.91,115.31,0.9768,-1,-1,-1
235,2078,502.15,419.16,45.48,112.85,0.9766,-1,-1,-1
235,2081,396.94,414.27,62.68,100.53,0.9758,-1,-1,-1
235,2052,1155.99,640.6,54.46,139.81,0.9752,-1,-1,-1
235,2075,832.92,476.52,50.28,124.59,0.9746,-1,-1,-1
235,2072,669.06,568.71,47.18,126.3,0.9738,-1,-1,-1
235,2046,1528.19,447.32,40.06,116.61,0.9714,-1,-1,-1
235,2045,1629.51,603.22,58.32,151.0,0.971,-1,-1,-1
235,2068,1634.03,399.56,38.53,106.75,0.9708,-1,-1,-1
235,2076,1513.49,335.92,55.32,96.66,0.9704,-1,-1,-1
235,2080,1270.56,350.7,49.05,85.85,0.966,-1,-1,-1
235,2054,839.35,230.4,43.5,81.35,0.9622,-1,-1,-1
235,2077,763.97,336.62,33.81,98.62,0.9617,-1,-1,-1
235,2057,1017.45,222.97,30.87,73.37,0.9456,-1,-1,-1
235,2079,717.21,338.69,27.81,87.34,0.938,-1,-1,-1
236,2091,544.12,688.01,56.91,148.09,0.9766,-1,-1,-1
236,2070,1317.23,434.04,46.38,113.88,0.9758,-1,-1,-1
236,2045,1628.2,603.63,67.39,150.81,0.9732,-1,-1,-1
236,2081,400.74,412.8,65.57,102.75,0.9732,-1,-1,-1
236,2052,1160.63,636.05,53.9,145.0,0.9722,-1,-1,-1
236,2076,1515.01,334.46,51.89,96.66,0.9711,-1,-1,-1
236,2078,505.25,420.19,44.42,112.08,0.9711,-1,-1,-1
236,2080,1280.72,350.63,52.6,87.86,0.9708,-1,-1,-1
236,2046,1532.19,444.62,38.89,118.62,0.9698,-1,-1,-1
236,2072,674.12,567.36,49.0,127.57,0.9696,-1,-1,-1
236,2068,1639.51,396.82,41.05,107.81,0.9695,-1,-1,-1
236,2054,843.92,229.51,45.96,81.21,0.967,-1,-1,-1
236,2077,765.03,337.98,33.93,97.78,0.9592,-1,-1,-1
236,2075,838.31,477.34,49.84,123.9,0.9552,-1,-1,-1
236,2079,719.65,339.96,27.65,85.18,0.9366,-1,-1,-1
236,2057,1022.36,222.36,31.2,73.85,0.9325,-1,-1,-1
237,2068,1642.18,395.8,42.31,108.98,0.9764,-1,-1,-1
237,2052,1163.52,633.94,53.74,144.98,0.9747,-1,-1,-1
237,2045,1628.49,605.04,70.89,151.13,0.9746,-1,-1,-1
237,2081,400.96,411.8,66.13,103.07,0.9735,-1,-1,-1
237,2072,675.96,567.36,49.04,127.86,0.9729,-1,-1,-1
237,2046,1534.63,443.3,38.61,119.55,0.972,-1,-1,-1
237,2078,507.07,421.2,43.85,111.92,0.972,-1,-1,-1
237,2076,1518.31,333.94,45.69,96.39,0.9712,-1,-1,-1
237,2091,547.38,688.65,57.33,148.32,0.97,-1,-1,-1
237,2080,1287.5,351.35,48.98,85.95,0.9675,-1,-1,-1
237,2070,1320.19,433.95,44.59,113.24,0.9671,-1,-1,-1
237,2077,765.46,338.74,34.79,97.01,0.9631,-1,-1,-1
237,2054,845.48,231.11,48.67,79.65,0.9602,-1,-1,-1
237,2075,840.09,477.18,49.86,124.52,0.9561,-1,-1,-1
237,2079,720.05,340.57,29.7,85.32,0.9447,-1,-1,-1
237,2057,1024.37,221.5,30.91,74.16,0.9407,-1,-1,-1
237,2102,614.12,994.95,63.32,82.37,0.5419,-1,-1,-1
238,2045,1632.16,605.2,74.85,151.24,0.9768,-1,-1,-1
238,2070,1324.26,432.54,45.13,115.87,0.9761,-1,-1,-1
238,2052,1167.84,631.05,54.95,144.17,0.976,-1,-1,-1
238,2091,554.92,687.92,56.25,149.67,0.9754,-1,-1,-1
238,2075,845.1,478.2,50.02,122.29,0.9752,-1,-1,-1
238,2068,1647.92,393.76,44.45,109.52,0.9745,-1,-1,-1
238,2078,510.4,423.23,42.65,109.56,0.9743,-1,-1,-1
238,2081,403.3,409.87,63.5,104.43,0.9743,-1,-1,-1
238,2072,680.16,567.77,51.25,127.02,0.973,-1,-1,-1
238,2077,764.89,339.69,40.76,95.76,0.9719,-1,-1,-1
238,2046,1538.63,439.84,36.93,121.84,0.9684,-1,-1,-1
238,2079,718.67,339.76,37.1,87.48,0.9577,-1,-1,-1
238,2076,1525.02,332.49,32.32,99.58,0.9546,-1,-1,-1
238,2054,850.99,230.5,49.46,79.93,0.9492,-1,-1,-1
238,2080,1297.49,352.54,46.87,84.99,0.9484,-1,-1,-1
238,2057,1029.94,220.08,29.52,74.32,0.9395,-1,-1,-1
238,2102,619.85,991.88,67.12,87.11,0.6327,-1,-1,-1
239,2078,509.77,426.22,49.3,107.35,0.9779,-1,-1,-1
239,2070,1329.65,429.06,43.4,117.44,0.9764,-1,-1,-1
239,2068,1652.71,393.19,46.34,108.63,0.9762,-1,-1,-1
239,2091,563.55,683.65,52.55,152.91,0.9751,-1,-1,-1
239,2045,1637.58,606.28,79.45,149.25,0.9749,-1,-1,-1
239,2081,406.82,408.06,56.07,106.77,0.974,-1,-1,-1
239,2077,764.12,338.41,48.95,98.18,0.9735,-1,-1,-1
239,2052,1174.75,629.53,53.43,139.46,0.9714,-1,-1,-1
239,2072,685.98,567.75,50.95,126.33,0.9713,-1,-1,-1
239,2079,719.08,337.63,44.31,90.16,0.9706,-1,-1,-1
239,2046,1542.29,438.57,39.87,124.0,0.9704,-1,-1,-1
239,2075,849.61,479.48,47.9,119.56,0.9701,-1,-1,-1
239,2080,1307.72,352.91,43.24,81.72,0.9659,-1,-1,-1
239,2076,1525.47,333.87,29.69,98.49,0.9503,-1,-1,-1
239,2054,858.22,235.52,50.0,74.2,0.9302,-1,-1,-1
239,2057,1034.41,220.07,28.49,73.68,0.93,-1,-1,-1
239,2102,627.32,989.56,70.27,89.13,0.7209,-1,-1,-1
240,2078,510.2,426.87,51.77,106.82,0.9774,-1,-1,-1
240,2075,851.93,480.37,45.53,117.23,0.9767,-1,-1,-1
240,2081,409.1,406.9,52.92,107.4,0.975,-1,-1,-1
240,2091,568.69,680.54,51.88,155.97,0.9749,-1,-1,-1
240,2070,1332.25,428.8,42.32,117.19,0.9743,-1,-1,-1
240,2046,1542.84,437.16,42.56,124.76,0.9739,-1,-1,-1
240,2072,688.1,568.03,53.59,126.97,0.9734,-1,-1,-1
240,2045,1641.0,605.89,80.28,149.95,0.9722,-1,-1,-1
240,2077,763.86,337.83,52.96,98.31,0.9721,-1,-1,-1
240,2052,1177.13,629.61,54.05,135.88,0.9713,-1,-1,-1
240,2068,1655.57,392.97,48.24,109.26,0.9702,-1,-1,-1
240,2080,1312.42,352.88,44.13,81.66,0.9671,-1,-1,-1
240,2079,720.14,337.06,47.14,91.58,0.9637,-1,-1,-1
240,2076,1516.47,335.21,40.28,98.75,0.9603,-1,-1,-1
240,2054,862.11,233.9,49.85,76.45,0.9582,-1,-1,-1
240,2057,1037.54,220.17,29.47,73.18,0.9439,-1,-1,-1
240,2102,629.5,988.87,74.18,90.05,0.8693,-1,-1,-1
241,2046,1544.42,435.53,45.37,119.85,0.9778,-1,-1,-1
241,2081,413.27,404.74,46.29,108.07,0.9763,-1,-1,-1
241,2045,1650.22,605.15,76.42,151.46,0.9748,-1,-1,-1
241,2075,856.45,480.63,43.71,115.77,0.9746,-1,-1,-1
241,2068,1659.74,394.24,49.13,106.43,0.9741,-1,-1,-1
241,2077,766.68,337.97,57.64,98.19,0.974,-1,-1,-1
241,2078,512.11,426.63,56.45,107.78,0.9727,-1,-1,-1
241,2091,578.92,673.72,49.11,159.8,0.972,-1,-1,-1
241,2070,1336.02,425.08,42.54,121.3,0.972,-1,-1,-1
241,2052,1183.33,629.36,53.06,132.03,0.9717,-1,-1,-1
241,2076,1514.59,337.25,43.83,97.29,0.9704,-1,-1,-1
241,2079,722.34,336.1,46.67,93.23,0.9694,-1,-1,-1
241,2072,694.34,568.11,50.14,126.4,0.9666,-1,-1,-1
241,2054,869.88,233.65,49.19,76.23,0.9514,-1,-1,-1
241,2057,1043.88,219.93,29.62,73.92,0.943,-1,-1,-1
241,2080,1320.35,353.78,44.92,84.85,0.9163,-1,-1,-1
241,2102,635.12,986.7,83.25,93.3,0.8849,-1,-1,-1
242,2068,1663.53,395.72,48.32,104.36,0.9771,-1,-1,-1
242,2045,1657.01,603.58,74.16,149.12,0.976,-1,-1,-1
242,2081,418.39,403.64,43.92,108.6,0.9756,-1,-1,-1
242,2091,586.58,668.79,48.42,164.4,0.9745,-1,-1,-1
242,2078,514.42,426.38,61.97,108.72,0.9736,-1,-1,-1
242,2046,1547.9,436.17,48.45,119.07,0.9735,-1,-1,-1
242,2079,727.01,336.57,41.86,93.57,0.9725,-1,-1,-1
242,2070,1340.95,425.67,42.22,119.55,0.972,-1,-1,-1
242,2072,698.42,567.53,50.41,125.77,0.972,-1,-1,-1
242,2052,1187.39,629.03,53.81,132.07,0.971,-1,-1,-1
242,2075,862.9,478.8,41.14,117.31,0.9702,-1,-1,-1
242,2077,761.85,338.94,62.56,98.5,0.9696,-1,-1,-1
242,2080,1328.02,352.91,44.97,83.85,0.9687,-1,-1,-1
242,2076,1517.28,339.74,37.45,96.17,0.9593,-1,-1,-1
242,2054,877.99,230.93,48.16,78.74,0.9559,-1,-1,-1
242,2057,1049.37,219.4,31.36,73.71,0.9397,-1,-1,-1
242,2102,640.63,983.74,87.89,96.26,0.9324,-1,-1,-1
243,2045,1659.95,603.41,72.99,149.71,0.9778,-1,-1,-1
243,2068,1665.49,397.23,46.91,102.26,0.9767,-1,-1,-1
243,2072,700.63,567.2,48.91,126.01,0.9751,-1,-1,-1
243,2046,1550.41,436.81,47.09,117.61,0.9742,-1,-1,-1
243,2078,516.45,426.45,62.19,108.35,0.974,-1,-1,-1
243,2070,1342.54,424.49,43.11,120.95,0.9735,-1,-1,-1
243,2081,420.9,403.35,41.59,109.3,0.971,-1,-1,-1
243,2077,760.09,339.46,62.19,98.88,0.9708,-1,-1,-1
243,2091,590.78,666.57,47.81,162.49,0.9707,-1,-1,-1
243,2075,864.36,477.07,42.4,118.97,0.9706,-1,-1,-1
243,2052,1187.84,628.28,55.04,133.27,0.9705,-1,-1,-1
243,2079,729.5,337.32,37.91,93.74,0.9675,-1,-1,-1
243,2080,1331.72,352.73,42.74,83.59,0.9624,-1,-1,-1
243,2102,643.76,983.61,87.98,96.26,0.9588,-1,-1,-1
243,2054,881.21,231.58,48.54,78.1,0.9569,-1,-1,-1
243,2057,1049.13,220.25,35.56,73.18,0.9555,-1,-1,-1
243,2076,1519.16,342.12,34.7,94.27,0.9544,-1,-1,-1
244,2046,1553.91,438.4,48.46,115.78,0.9769,-1,-1,-1
244,2045,1665.25,602.48,69.37,149.68,0.9763,-1,-1,-1
244,2052,1193.51,625.49,52.23,135.59,0.9739,-1,-1,-1
244,2072,705.11,565.88,46.95,124.68,0.9739,-1,-1,-1
244,2068,1668.55,397.38,43.24,102.96,0.9735,-1,-1,-1
244,2081,425.49,403.76,39.45,108.9,0.9715,-1,-1,-1
244,2091,598.07,664.39,47.85,155.47,0.9711,-1,-1,-1
244,2075,868.89,475.06,44.22,121.74,0.9707,-1,-1,-1
244,2077,760.23,340.7,56.36,99.03,0.9705,-1,-1,-1
244,2080,1338.42,352.27,46.85,85.24,0.9695,-1,-1,-1
244,2078,521.8,426.67,63.49,108.59,0.9692,-1,-1,-1
244,2076,1515.79,344.83,36.2,92.24,0.9675,-1,-1,-1
244,2070,1346.0,423.72,43.43,119.84,0.9659,-1,-1,-1
244,2102,647.98,983.13,92.24,96.09,0.9628,-1,-1,-1
244,2057,1054.0,221.4,37.73,71.7,0.962,-1,-1,-1
244,2054,886.57,231.13,49.58,78.31,0.9482,-1,-1,-1
244,2079,732.89,339.64,29.98,90.76,0.9476,-1,-1,-1
245,2046,1556.46,438.63,45.55,115.5,0.9762,-1,-1,-1
245,2075,872.77,472.14,45.83,123.33,0.9761,-1,-1,-1
245,2091,605.7,662.99,49.63,145.24,0.9758,-1,-1,-1
245,2078,526.07,428.35,63.3,108.3,0.9748,-1,-1,-1
245,2070,1348.41,424.42,46.09,117.94,0.9741,-1,-1,-1
245,2052,1202.07,619.99,46.33,140.5,0.9728,-1,-1,-1
245,2081,430.11,404.92,39.94,108.68,0.9724,-1,-1,-1
245,2068,1671.67,396.02,40.77,104.58,0.9712,-1,-1,-1
245,2072,709.33,565.93,42.96,120.46,0.9708,-1,-1,-1
245,2045,1670.37,600.24,63.45,151.58,0.9689,-1,-1,-1
245,2077,760.26,338.83,51.28,100.09,0.9685,-1,-1,-1
245,2076,1504.82,344.26,50.04,92.59,0.9682,-1,-1,-1
245,2102,655.03,982.4,93.95,96.54,0.9678,-1,-1,-1
245,2057,1057.53,222.85,41.31,70.95,0.9607,-1,-1,-1
245,2054,894.48,232.47,44.76,77.49,0.9576,-1,-1,-1
245,2079,734.15,340.45,29.44,90.94,0.9524,-1,-1,-1
245,2080,1344.44,351.17,47.86,87.7,0.9485,-1,-1,-1
246,2070,1349.89,424.52,46.63,117.81,0.9768,-1,-1,-1
246,2091,609.92,662.04,51.08,145.94,0.9757,-1,-1,-1
246,2075,874.63,470.98,46.36,125.24,0.9752,-1,-1,-1
246,2078,526.94,428.65,62.17,108.12,0.9748,-1,-1,-1
246,2046,1558.48,437.27,43.02,116.54,0.9745,-1,-1,-1
246,2052,1205.79,618.02,43.98,140.73,0.9739,-1,-1,-1
246,2068,1673.38,395.55,42.5,105.65,0.9721,-1,-1,-1
246,2076,1495.92,343.54,62.08,93.81,0.9718,-1,-1,-1
246,2081,431.52,405.65,39.42,108.79,0.9711,-1,-1,-1
246,2102,657.89,978.92,95.27,100.03,0.9704,-1,-1,-1
246,2077,761.36,338.57,50.23,100.13,0.9703,-1,-1,-1
246,2072,712.13,565.98,41.53,120.37,0.9701,-1,-1,-1
246,2080,1345.2,350.4,52.35,88.97,0.9666,-1,-1,-1
246,2045,1672.42,600.1,60.58,151.43,0.9663,-1,-1,-1
246,2054,896.89,234.3,44.25,75.49,0.9613,-1,-1,-1
246,2057,1059.96,221.94,43.0,71.99,0.9598,-1,-1,-1
246,2079,732.07,341.33,32.35,90.05,0.9547,-1,-1,-1
247,2070,1352.91,425.33,46.91,117.13,0.9767,-1,-1,-1
247,2078,529.75,427.32,58.94,109.54,0.9759,-1,-1,-1
247,2068,1677.91,392.91,43.54,106.52,0.9751,-1,-1,-1
247,2076,1491.34,344.44,70.25,91.79,0.9745,-1,-1,-1
247,2052,1211.27,613.93,43.55,142.27,0.9731,-1,-1,-1
247,2091,617.61,660.79,54.09,145.64,0.9719,-1,-1,-1
247,2075,877.59,470.31,49.51,124.06,0.9719,-1,-1,-1
247,2072,716.39,563.37,41.75,121.14,0.9718,-1,-1,-1
247,2077,764.8,338.56,49.97,100.56,0.9712,-1,-1,-1
247,2080,1349.65,350.39,51.81,88.14,0.9709,-1,-1,-1
247,2081,435.08,406.97,40.28,108.01,0.9699,-1,-1,-1
247,2045,1680.2,600.48,53.08,149.11,0.9698,-1,-1,-1
247,2046,1561.08,435.56,41.35,118.06,0.9683,-1,-1,-1
247,2079,730.43,340.27,38.27,92.96,0.9607,-1,-1,-1
247,2102,665.45,974.68,96.26,103.27,0.9594,-1,-1,-1
247,2057,1065.56,222.43,42.87,70.79,0.9571,-1,-1,-1
247,2054,903.33,233.4,41.07,75.99,0.9547,-1,-1,-1
248,2078,533.63,425.17,51.91,110.6,0.9792,-1,-1,-1
248,2075,880.55,470.06,52.37,122.71,0.9766,-1,-1,-1
248,2070,1355.05,426.96,45.66,115.81,0.9761,-1,-1,-1
248,2081,434.79,408.69,46.13,107.77,0.9753,-1,-1,-1
248,2079,729.56,339.15,43.72,93.66,0.975,-1,-1,-1
248,2072,721.19,559.71,42.43,121.74,0.9734,-1,-1,-1
248,2091,626.6,659.16,53.94,147.02,0.9726,-1,-1,-1
248,2076,1496.9,344.48,66.26,88.85,0.9724,-1,-1,-1
248,2080,1354.38,349.98,47.01,88.05,0.971,-1,-1,-1
248,2077,767.38,338.94,48.58,100.84,0.9701,-1,-1,-1
248,2045,1685.78,599.41,50.84,150.65,0.9679,-1,-1,-1
248,2052,1218.63,610.2,42.17,143.61,0.9667,-1,-1,-1
248,2102,673.14,973.06,96.75,105.66,0.9659,-1,-1,-1
248,2057,1071.63,222.52,41.2,70.67,0.9558,-1,-1,-1
248,2068,1681.56,391.24,46.76,107.65,0.9555,-1,-1,-1
248,2046,1563.38,431.62,42.39,121.48,0.931,-1,-1,-1
248,2054,908.48,229.14,37.84,79.72,0.9267,-1,-1,-1
249,2078,535.2,423.65,49.16,111.7,0.9797,-1,-1,-1
249,2075,881.82,470.41,54.16,121.78,0.9784,-1,-1,-1
249,2081,433.13,409.65,50.21,106.84,0.9775,-1,-1,-1
249,2091,631.39,656.63,53.3,148.03,0.9752,-1,-1,-1
249,2070,1356.62,428.9,44.62,113.12,0.9749,-1,-1,-1
249,2072,724.06,558.58,42.81,123.25,0.9727,-1,-1,-1
249,2046,1564.32,430.72,43.97,122.39,0.9727,-1,-1,-1
249,2068,1682.17,390.79,47.67,107.36,0.971,-1,-1,-1
249,2076,1501.34,345.35,64.77,87.47,0.9699,-1,-1,-1
249,2052,1220.77,609.39,43.38,138.74,0.9699,-1,-1,-1
249,2102,677.19,971.36,98.22,108.16,0.9695,-1,-1,-1
249,2079,729.72,338.54,48.19,95.1,0.9693,-1,-1,-1
249,2077,768.1,340.27,47.46,100.86,0.969,-1,-1,-1
249,2045,1687.94,599.76,51.29,150.64,0.9674,-1,-1,-1
249,2080,1356.97,349.66,41.37,87.45,0.9651,-1,-1,-1
249,2057,1076.54,222.1,38.95,71.09,0.9615,-1,-1,-1
249,2054,911.32,228.75,35.15,79.98,0.8777,-1,-1,-1
250,2072,727.77,555.26,46.78,125.09,0.9799,-1,-1,-1
250,2046,1568.08,429.39,42.95,121.25,0.9752,-1,-1,-1
250,2070,1359.82,428.09,43.9,113.32,0.9744,-1,-1,-1
250,2081,433.02,410.11,54.88,106.25,0.9742,-1,-1,-1
250,2068,1683.41,389.36,49.82,107.72,0.9741,-1,-1,-1
250,2091,640.18,649.15,52.6,153.24,0.9735,-1,-1,-1
250,2078,540.21,421.75,40.74,113.5,0.9734,-1,-1,-1
250,2102,689.43,968.69,92.55,109.5,0.9684,-1,-1,-1
250,2052,1225.57,607.8,45.45,136.06,0.9683,-1,-1,-1
250,2077,769.35,342.1,46.75,99.89,0.9676,-1,-1,-1
250,2079,730.45,337.97,51.51,95.37,0.9672,-1,-1,-1
250,2045,1689.54,599.31,58.45,151.29,0.9645,-1,-1,-1
250,2075,884.19,471.21,55.17,120.47,0.961,-1,-1,-1
250,2080,1362.02,350.31,37.29,87.02,0.9609,-1,-1,-1
250,2057,1084.1,222.49,34.9,71.2,0.955,-1,-1,-1
250,2076,1508.8,346.65,57.98,87.19,0.9506,-1,-1,-1
250,2054,917.52,229.76,30.4,79.65,0.8373,-1,-1,-1
251,2070,1360.8,425.41,47.1,114.86,0.9785,-1,-1,-1
251,2046,1570.15,428.21,44.88,123.72,0.9774,-1,-1,-1
251,2052,1229.8,607.82,47.02,135.29,0.9763,-1,-1,-1
251,2068,1686.24,390.22,49.92,107.03,0.9761,-1,-1,-1
251,2081,434.47,410.53,60.4,105.54,0.9758,-1,-1,-1
251,2072,730.43,553.62,50.19,126.28,0.9757,-1,-1,-1
251,2078,543.18,421.42,39.16,114.05,0.9733,-1,-1,-1
251,2091,647.69,643.32,53.32,157.69,0.9696,-1,-1,-1
251,2075,885.44,473.39,58.76,117.66,0.9684,-1,-1,-1
251,2077,769.81,344.44,46.64,99.28,0.966,-1,-1,-1
251,2079,733.04,339.06,45.81,95.05,0.9656,-1,-1,-1
251,2076,1512.33,348.14,54.43,85.92,0.9622,-1,-1,-1
251,2045,1694.61,599.6,59.53,150.32,0.9597,-1,-1,-1
251,2080,1366.48,350.49,36.94,84.24,0.9595,-1,-1,-1
251,2057,1089.37,220.49,31.0,73.36,0.947,-1,-1,-1
251,2102,704.62,964.71,78.74,113.36,0.9165,-1,-1,-1
251,2054,923.26,229.04,27.81,80.14,0.895,-1,-1,-1
252,2046,1571.51,428.43,44.92,122.72,0.978,-1,-1,-1
252,2070,1361.49,424.09,48.58,115.7,0.9778,-1,-1,-1
252,2068,1688.13,390.86,48.55,105.99,0.9763,-1,-1,-1
252,2081,435.69,410.22,62.79,105.91,0.9761,-1,-1,-1
252,2052,1231.17,608.3,47.88,133.45,0.9761,-1,-1,-1
252,2072,731.73,552.55,51.26,126.57,0.9752,-1,-1,-1
252,2078,544.02,421.26,39.9,114.29,0.9741,-1,-1,-1
252,2091,651.74,642.09,53.45,158.46,0.9724,-1,-1,-1
252,2075,885.87,473.39,59.18,116.33,0.97,-1,-1,-1
252,2077,769.72,344.85,47.18,99.06,0.9649,-1,-1,-1
252,2080,1368.32,351.34,36.54,82.26,0.9643,-1,-1,-1
252,2079,733.98,339.63,38.65,95.28,0.9628,-1,-1,-1
252,2045,1696.27,599.95,63.92,150.33,0.9603,-1,-1,-1
252,2076,1506.35,347.87,59.56,85.85,0.9577,-1,-1,-1
252,2057,1092.61,221.0,28.59,73.12,0.9386,-1,-1,-1
252,2054,926.39,227.69,27.98,81.18,0.9303,-1,-1,-1
252,2102,711.1,962.97,74.72,113.34,0.9245,-1,-1,-1
253,2081,441.46,409.69,62.2,105.83,0.978,-1,-1,-1
253,2070,1362.68,424.58,50.04,110.04,0.9768,-1,-1,-1
253,2068,1690.64,392.38,45.41,103.88,0.976,-1,-1,-1
253,2046,1574.82,428.78,45.53,118.91,0.976,-1,-1,-1
253,2052,1232.75,608.7,50.16,133.09,0.9752,-1,-1,-1
253,2091,657.96,638.12,54.6,153.73,0.9749,-1,-1,-1
253,2072,733.39,552.78,54.64,122.58,0.9734,-1,-1,-1
253,2078,546.42,422.05,41.1,114.87,0.9731,-1,-1,-1
253,2075,887.92,472.17,57.6,117.42,0.9692,-1,-1,-1
253,2077,770.31,345.04,46.19,98.52,0.9684,-1,-1,-1
253,2076,1502.22,348.41,63.76,84.75,0.966,-1,-1,-1
253,2045,1697.63,599.44,69.63,151.97,0.9649,-1,-1,-1
253,2080,1372.02,351.49,35.92,83.8,0.9632,-1,-1,-1
253,2079,736.4,342.16,32.8,91.65,0.9591,-1,-1,-1
253,2102,726.74,960.08,65.63,117.92,0.9547,-1,-1,-1
253,2054,931.17,227.51,29.16,80.97,0.9475,-1,-1,-1
253,2057,1097.3,220.7,26.6,72.98,0.9321,-1,-1,-1
254,2046,1578.3,429.74,43.55,115.52,0.9787,-1,-1,-1
254,2081,446.33,408.89,62.29,105.68,0.9762,-1,-1,-1
254,2072,736.15,553.73,53.99,120.9,0.9751,-1,-1,-1
254,2052,1236.3,608.28,50.17,134.09,0.9748,-1,-1,-1
254,2070,1364.28,422.12,50.53,113.66,0.9743,-1,-1,-1
254,2091,664.03,633.4,53.29,143.77,0.9731,-1,-1,-1
254,2078,549.08,425.24,40.2,112.18,0.9726,-1,-1,-1
254,2075,890.87,469.56,52.06,119.34,0.9712,-1,-1,-1
254,2068,1692.65,392.84,40.15,103.36,0.9705,-1,-1,-1
254,2045,1700.77,598.66,72.71,153.01,0.9692,-1,-1,-1
254,2077,770.4,345.9,48.41,98.59,0.9675,-1,-1,-1
254,2076,1511.32,350.51,56.07,83.77,0.9666,-1,-1,-1
254,2080,1372.16,352.73,38.4,82.57,0.961,-1,-1,-1
254,2054,932.41,229.8,34.32,78.95,0.9564,-1,-1,-1
254,2079,739.51,343.98,26.57,88.2,0.9468,-1,-1,-1
254,2057,1102.83,221.79,26.8,72.27,0.9409,-1,-1,-1
254,2102,736.77,959.89,63.08,118.72,0.8428,-1,-1,-1
255,2046,1579.81,430.39,43.11,114.1,0.9772,-1,-1,-1
255,2072,737.0,553.92,53.61,120.48,0.9758,-1,-1,-1
255,2052,1237.61,606.95,50.38,135.4,0.9742,-1,-1,-1
255,2070,1365.16,421.28,49.87,113.72,0.9735,-1,-1,-1
255,2075,892.91,467.68,49.46,119.69,0.9731,-1,-1,-1
255,2078,550.12,426.69,39.78,111.67,0.9726,-1,-1,-1
255,2081,449.39,408.22,59.75,106.12,0.9724,-1,-1,-1
255,2045,1701.63,598.76,74.17,152.98,0.9715,-1,-1,-1
255,2077,769.95,345.8,51.47,99.29,0.9711,-1,-1,-1
255,2076,1515.42,350.7,51.51,85.37,0.9704,-1,-1,-1
255,2091,667.34,633.19,53.22,140.91,0.9702,-1,-1,-1
255,2068,1693.92,392.85,37.31,103.35,0.9676,-1,-1,-1
255,2080,1371.63,352.23,40.93,80.72,0.965,-1,-1,-1
255,2102,739.93,959.39,62.65,119.65,0.9591,-1,-1,-1
255,2054,932.35,229.58,36.88,79.27,0.959,-1,-1,-1
255,2057,1104.49,221.4,27.57,72.73,0.9455,-1,-1,-1
255,2079,738.15,344.45,27.93,87.96,0.9442,-1,-1,-1
256,2078,547.27,428.7,43.87,110.08,0.9777,-1,-1,-1
256,2072,738.79,552.76,52.16,120.28,0.9759,-1,-1,-1
256,2091,671.8,633.18,53.7,141.96,0.9753,-1,-1,-1
256,2081,449.87,406.73,56.96,107.04,0.9749,-1,-1,-1
256,2052,1240.31,603.97,51.86,137.34,0.9745,-1,-1,-1
256,2070,1366.93,421.72,47.42,113.54,0.9742,-1,-1,-1
256,2045,1703.89,598.63,74.54,153.4,0.9729,-1,-1,-1
256,2077,767.49,346.26,61.34,99.89,0.9727,-1,-1,-1
256,2075,897.1,464.65,45.25,122.85,0.972,-1,-1,-1
256,2046,1584.09,430.14,39.37,113.98,0.9699,-1,-1,-1
256,2076,1523.14,352.93,42.92,86.41,0.9699,-1,-1,-1
256,2080,1371.08,352.46,44.93,80.26,0.9683,-1,-1,-1
256,2054,931.96,233.84,43.38,75.45,0.9675,-1,-1,-1
256,2068,1695.2,391.12,34.29,105.32,0.9586,-1,-1,-1
256,2057,1106.42,220.85,31.42,72.13,0.9535,-1,-1,-1
256,2102,748.15,958.03,60.07,121.44,0.9288,-1,-1,-1
256,2079,731.89,344.98,35.85,87.15,0.9263,-1,-1,-1
257,2078,542.61,429.51,53.08,109.73,0.9784,-1,-1,-1
257,2081,450.93,404.69,52.46,108.37,0.9774,-1,-1,-1
257,2052,1242.89,599.28,51.25,138.74,0.9767,-1,-1,-1
257,2091,676.92,632.16,52.33,143.51,0.9766,-1,-1,-1
257,2075,899.21,462.55,44.87,123.96,0.9753,-1,-1,-1
257,2070,1367.92,422.74,44.4,111.37,0.9732,-1,-1,-1
257,2045,1705.15,599.63,75.44,150.04,0.9717,-1,-1,-1
257,2054,932.77,235.16,48.18,73.94,0.9715,-1,-1,-1
257,2077,767.06,347.14,63.39,98.98,0.9704,-1,-1,-1
257,2068,1694.93,390.02,39.82,105.49,0.9696,-1,-1,-1
257,2072,742.22,550.22,48.17,122.34,0.9693,-1,-1,-1
257,2080,1370.66,351.45,49.77,83.33,0.9688,-1,-1,-1
257,2079,727.1,342.57,42.36,91.53,0.9683,-1,-1,-1
257,2046,1585.62,428.4,38.6,114.75,0.9678,-1,-1,-1
257,2076,1525.0,354.0,38.02,87.24,0.9637,-1,-1,-1
257,2057,1106.33,221.86,36.72,71.68,0.9624,-1,-1,-1
257,2102,755.76,955.71,58.75,123.35,0.9581,-1,-1,-1
258,2091,679.42,631.36,52.14,143.34,0.9776,-1,-1,-1
258,2081,452.38,403.71,48.48,109.17,0.9773,-1,-1,-1
258,2078,541.69,431.02,56.27,109.05,0.977,-1,-1,-1
258,2052,1244.24,597.48,50.75,140.79,0.975,-1,-1,-1
258,2045,1708.21,598.68,73.09,151.7,0.975,-1,-1,-1
258,2075,900.5,462.14,44.45,125.0,0.9746,-1,-1,-1
258,2054,933.56,232.8,49.47,76.83,0.9718,-1,-1,-1
258,2068,1695.23,388.08,42.22,107.73,0.9714,-1,-1,-1
258,2070,1368.69,422.58,43.27,111.92,0.9713,-1,-1,-1
258,2079,725.02,341.78,46.36,91.8,0.9709,-1,-1,-1
258,2077,769.21,347.26,60.74,99.26,0.97,-1,-1,-1
258,2080,1372.54,350.92,50.45,83.79,0.9683,-1,-1,-1
258,2057,1107.44,222.89,38.15,70.81,0.9651,-1,-1,-1
258,2046,1586.75,427.26,37.94,115.46,0.9628,-1,-1,-1
258,2072,744.15,547.99,47.11,124.04,0.9621,-1,-1,-1
258,2076,1525.48,355.05,34.57,87.3,0.9607,-1,-1,-1
258,2102,759.77,954.65,57.94,124.16,0.9603,-1,-1,-1
259,2078,541.11,430.99,61.56,108.55,0.9772,-1,-1,-1
259,2091,686.71,625.24,48.65,149.01,0.9764,-1,-1,-1
259,2068,1695.28,386.15,45.87,108.0,0.9749,-1,-1,-1
259,2081,453.73,402.22,46.13,109.96,0.9746,-1,-1,-1
259,2077,772.42,347.34,51.35,99.53,0.9739,-1,-1,-1
259,2045,1713.04,596.98,67.83,152.63,0.9726,-1,-1,-1
259,2052,1248.05,593.22,49.83,141.92,0.9723,-1,-1,-1
259,2079,722.87,341.01,51.55,93.45,0.9722,-1,-1,-1
259,2075,902.26,460.98,46.7,124.25,0.972,-1,-1,-1
259,2072,745.84,545.99,48.37,125.35,0.9704,-1,-1,-1
259,2054,936.2,232.37,52.36,77.62,0.9685,-1,-1,-1
259,2080,1373.73,351.56,52.47,82.99,0.9656,-1,-1,-1
259,2070,1371.0,420.42,41.38,113.03,0.9649,-1,-1,-1
259,2076,1524.4,357.6,34.39,84.97,0.9628,-1,-1,-1
259,2102,767.34,953.01,56.61,125.36,0.9601,-1,-1,-1
259,2057,1111.13,222.6,39.76,71.05,0.9596,-1,-1,-1
259,2046,1588.18,424.59,36.86,116.75,0.9564,-1,-1,-1
259,2105,997.74,212.67,28.78,64.59,0.832,-1,-1,-1
260,2075,904.38,461.3,47.53,122.61,0.9782,-1,-1,-1
260,2079,722.0,342.54,50.99,91.38,0.9769,-1,-1,-1
260,2091,691.99,621.97,47.25,148.86,0.9751,-1,-1,-1
260,2068,1691.05,384.81,53.49,109.23,0.9749,-1,-1,-1
260,2081,455.03,401.6,43.56,110.62,0.9728,-1,-1,-1
260,2052,1249.88,591.83,51.15,137.53,0.9728,-1,-1,-1
260,2072,748.25,543.57,47.72,126.8,0.9716,-1,-1,-1
260,2078,543.6,430.45,64.27,110.39,0.9708,-1,-1,-1
260,2080,1377.38,351.94,50.76,82.36,0.9692,-1,-1,-1
260,2076,1523.73,358.77,37.29,83.1,0.9685,-1,-1,-1
260,2077,772.0,346.93,43.39,100.03,0.9683,-1,-1,-1
260,2070,1371.38,418.09,41.28,114.37,0.967,-1,-1,-1
260,2045,1723.09,596.73,55.2,149.34,0.9642,-1,-1,-1
260,2054,941.05,231.53,53.21,78.37,0.9634,-1,-1,-1
260,2046,1589.25,420.85,37.71,119.12,0.962,-1,-1,-1
260,2057,1115.03,222.55,39.1,71.0,0.9591,-1,-1,-1
260,2102,774.49,950.08,57.76,128.22,0.9455,-1,-1,-1
260,2105,1000.1,214.15,32.23,63.45,0.3817,-1,-1,-1
261,2075,905.23,461.81,47.48,121.52,0.9773,-1,-1,-1
261,2052,1251.18,591.4,51.47,134.52,0.9751,-1,-1,-1
261,2068,1688.92,384.74,57.06,108.23,0.9747,-1,-1,-1
261,2072,748.4,542.94,49.25,126.22,0.9738,-1,-1,-1
261,2078,544.97,430.41,64.69,109.88,0.9736,-1,-1,-1
261,2079,723.28,342.92,45.12,91.31,0.9731,-1,-1,-1
261,2081,455.47,401.55,42.85,111.42,0.9725,-1,-1,-1
261,2091,694.74,618.51,47.26,152.28,0.9722,-1,-1,-1
261,2076,1521.26,359.11,42.13,83.44,0.9712,-1,-1,-1
261,2070,1371.14,417.0,41.86,115.56,0.9694,-1,-1,-1
261,2080,1378.84,351.99,50.72,81.69,0.9688,-1,-1,-1
261,2045,1724.67,596.12,51.3,148.45,0.9667,-1,-1,-1
261,2054,943.1,232.44,52.12,77.27,0.9651,-1,-1,-1
261,2046,1589.82,419.56,38.02,122.12,0.9636,-1,-1,-1
261,2057,1118.31,222.41,37.23,71.48,0.9602,-1,-1,-1
261,2077,772.89,346.1,37.63,100.58,0.9559,-1,-1,-1
261,2102,780.67,947.25,54.85,130.69,0.9557,-1,-1,-1
261,2105,1000.32,214.09,34.3,62.64,0.7371,-1,-1,-1
262,2091,699.68,614.7,49.06,154.69,0.978,-1,-1,-1
262,2052,1254.58,591.31,51.79,130.21,0.9767,-1,-1,-1
262,2068,1689.85,385.2,58.13,106.46,0.9755,-1,-1,-1
262,2078,549.25,431.35,63.03,109.02,0.9754,-1,-1,-1
262,2072,749.66,542.0,49.06,123.36,0.9732,-1,-1,-1
262,2076,1517.94,356.76,51.26,86.69,0.9731,-1,-1,-1
262,2075,907.93,463.94,46.07,116.91,0.9728,-1,-1,-1
262,2070,1370.95,413.18,43.51,118.22,0.9724,-1,-1,-1
262,2081,456.58,402.11,42.33,111.02,0.9722,-1,-1,-1
262,2045,1726.71,593.96,46.25,148.64,0.9717,-1,-1,-1
262,2046,1586.12,418.09,45.25,123.11,0.9715,-1,-1,-1
262,2080,1380.81,351.9,50.36,84.28,0.9687,-1,-1,-1
262,2054,947.83,231.77,49.39,77.91,0.9628,-1,-1,-1
262,2077,771.19,344.1,33.17,102.04,0.9605,-1,-1,-1
262,2102,787.54,944.92,55.48,133.29,0.9515,-1,-1,-1
262,2079,726.51,343.69,34.05,90.15,0.9483,-1,-1,-1
262,2057,1121.85,221.68,35.47,71.72,0.9399,-1,-1,-1
263,2091,703.92,610.09,47.66,151.33,0.9758,-1,-1,-1
263,2052,1256.39,591.37,52.24,128.62,0.9754,-1,-1,-1
263,2072,749.78,542.35,48.55,120.85,0.975,-1,-1,-1
263,2068,1690.7,385.62,55.94,105.81,0.9743,-1,-1,-1
263,2045,1724.57,594.17,48.09,146.95,0.9743,-1,-1,-1
263,2076,1519.76,354.39,50.49,88.46,0.9738,-1,-1,-1
263,2078,550.35,430.6,57.88,109.47,0.9734,-1,-1,-1
263,2046,1583.45,417.91,50.01,120.2,0.9732,-1,-1,-1
263,2070,1369.5,412.2,46.45,117.83,0.9723,-1,-1,-1
263,2081,456.62,403.48,42.09,109.78,0.9711,-1,-1,-1
263,2080,1383.36,351.67,47.81,83.92,0.9687,-1,-1,-1
263,2075,909.46,464.74,44.36,113.82,0.9678,-1,-1,-1
263,2102,790.65,939.99,58.05,137.5,0.9634,-1,-1,-1
263,2077,768.76,343.31,33.92,102.48,0.9612,-1,-1,-1
263,2054,951.09,231.34,44.66,78.22,0.9579,-1,-1,-1
263,2079,725.78,342.84,30.68,90.49,0.9542,-1,-1,-1
263,2057,1123.9,220.74,33.43,72.06,0.9206,-1,-1,-1
264,2091,704.38,609.61,49.51,146.25,0.9762,-1,-1,-1
264,2068,1691.98,386.0,52.44,105.21,0.9744,-1,-1,-1
264,2045,1723.63,593.82,49.61,147.12,0.9743,-1,-1,-1
264,2052,1255.84,591.22,53.76,128.08,0.9738,-1,-1,-1
264,2078,550.14,430.13,55.21,110.67,0.9733,-1,-1,-1
264,2076,1518.86,352.53,49.74,89.53,0.9731,-1,-1,-1
264,2046,1583.35,418.32,51.1,119.23,0.9731,-1,-1,-1
264,2081,455.98,404.64,42.55,108.65,0.973,-1,-1,-1
264,2072,748.96,543.14,49.34,119.46,0.9726,-1,-1,-1
264,2080,1383.05,351.2,48.29,82.75,0.9695,-1,-1,-1
264,2102,791.34,939.48,61.06,138.44,0.9672,-1,-1,-1
264,2070,1367.85,412.02,47.82,115.8,0.9661,-1,-1,-1
264,2075,910.37,465.15,42.88,112.65,0.9629,-1,-1,-1
264,2077,767.76,343.38,34.02,102.55,0.9615,-1,-1,-1
264,2054,952.77,230.12,41.51,79.36,0.9552,-1,-1,-1
264,2079,723.84,342.32,31.32,90.98,0.9516,-1,-1,-1
264,2057,1124.84,220.75,32.21,72.51,0.9185,-1,-1,-1
265,2078,547.05,428.49,49.29,110.51,0.98,-1,-1,-1
265,2081,450.66,406.99,46.39,107.47,0.9796,-1,-1,-1
265,2070,1364.4,411.31,46.82,115.18,0.9784,-1,-1,-1
265,2045,1720.34,593.6,50.91,148.59,0.9761,-1,-1,-1
265,2091,705.99,608.12,50.02,140.63,0.975,-1,-1,-1
265,2052,1255.72,589.45,52.73,130.59,0.9741,-1,-1,-1
265,2068,1689.71,386.87,49.43,103.9,0.9739,-1,-1,-1
265,2046,1584.04,419.67,50.75,116.6,0.9735,-1,-1,-1
265,2072,747.22,544.1,48.03,117.19,0.9705,-1,-1,-1
265,2080,1381.66,351.55,46.57,81.33,0.967,-1,-1,-1
265,2076,1514.98,351.09,48.48,87.71,0.967,-1,-1,-1
265,2102,795.41,935.44,61.56,142.38,0.9657,-1,-1,-1
265,2075,909.15,464.75,41.13,111.98,0.9654,-1,-1,-1
265,2079,715.12,341.35,36.35,93.05,0.9557,-1,-1,-1
265,2054,952.63,230.05,38.78,79.23,0.9475,-1,-1,-1
265,2077,763.22,344.34,34.25,102.03,0.9378,-1,-1,-1
265,2057,1124.6,220.28,29.7,73.07,0.8874,-1,-1,-1
266,2070,1360.96,411.92,46.67,114.46,0.9769,-1,-1,-1
266,2081,444.02,409.25,52.01,106.36,0.9758,-1,-1,-1
266,2052,1256.22,586.33,48.4,132.63,0.9757,-1,-1,-1
266,2045,1712.7,593.62,56.16,148.96,0.9749,-1,-1,-1
266,2078,544.18,426.43,44.11,112.22,0.9745,-1,-1,-1
266,2046,1583.4,420.27,47.94,114.85,0.9731,-1,-1,-1
266,2091,709.39,606.3,48.25,140.95,0.9723,-1,-1,-1
266,2076,1508.9,350.48,46.03,86.39,0.9721,-1,-1,-1
266,2080,1376.96,352.56,47.85,81.17,0.9713,-1,-1,-1
266,2075,907.63,463.54,38.87,112.92,0.9709,-1,-1,-1
266,2068,1686.44,386.03,43.51,104.31,0.9692,-1,-1,-1
266,2079,707.95,339.13,40.14,94.05,0.9689,-1,-1,-1
266,2072,745.28,542.61,45.64,118.05,0.9686,-1,-1,-1
266,2102,796.93,933.73,64.25,145.27,0.9658,-1,-1,-1
266,2077,758.11,345.5,34.97,103.85,0.9615,-1,-1,-1
266,2054,951.54,227.78,33.23,81.28,0.9221,-1,-1,-1
266,2057,1121.9,220.26,28.52,72.11,0.8667,-1,-1,-1
266,2106,1.06,724.48,12.01,74.15,0.6482,-1,-1,-1
267,2045,1705.43,593.4,63.49,149.45,0.9767,-1,-1,-1
267,2070,1358.92,412.09,45.85,114.56,0.9762,-1,-1,-1
267,2052,1257.34,585.22,43.89,133.3,0.9761,-1,-1,-1
267,2046,1580.68,420.8,47.56,113.02,0.9759,-1,-1,-1
267,2081,439.09,409.18,55.99,105.81,0.9736,-1,-1,-1
267,2091,710.07,605.55,50.91,141.69,0.973,-1,-1,-1
267,2072,744.01,542.53,42.59,117.67,0.9729,-1,-1,-1
267,2079,705.49,338.23,42.35,94.54,0.9711,-1,-1,-1
267,2078,542.04,424.88,41.81,114.5,0.971,-1,-1,-1
267,2080,1374.49,352.27,46.54,82.9,0.971,-1,-1,-1
267,2076,1505.48,349.87,43.07,86.59,0.9699,-1,-1,-1
267,2102,796.15,933.09,67.53,146.29,0.9671,-1,-1,-1
267,2068,1684.2,385.25,39.24,104.22,0.9664,-1,-1,-1
267,2075,907.07,462.27,38.12,114.72,0.9664,-1,-1,-1
267,2077,755.3,346.77,35.76,103.19,0.9621,-1,-1,-1
267,2054,949.87,224.86,31.91,85.29,0.9071,-1,-1,-1
267,2057,1120.82,220.09,28.72,72.47,0.8964,-1,-1,-1
267,2106,0.92,722.93,12.48,75.76,0.6572,-1,-1,-1
268,2070,1353.78,412.37,44.64,113.79,0.9778,-1,-1,-1
268,2081,434.37,409.77,60.38,105.15,0.9761,-1,-1,-1
268,2091,711.7,604.45,49.6,141.63,0.9756,-1,-1,-1
268,2072,740.27,539.4,43.81,119.19,0.9752,-1,-1,-1
268,2046,1576.14,420.06,43.28,113.74,0.9746,-1,-1,-1
268,2078,537.48,424.24,43.05,114.2,0.9739,-1,-1,-1
268,2045,1696.42,592.32,70.68,149.06,0.9735,-1,-1,-1
268,2052,1258.61,579.93,39.8,136.67,0.9727,-1,-1,-1
268,2076,1496.13,349.64,50.52,86.45,0.9714,-1,-1,-1
268,2075,904.93,459.77,37.5,116.88,0.9702,-1,-1,-1
268,2079,697.08,338.18,44.64,94.25,0.97,-1,-1,-1
268,2102,792.84,931.09,73.54,148.19,0.969,-1,-1,-1
268,2068,1679.39,383.96,39.32,105.31,0.9678,-1,-1,-1
268,2077,748.97,349.34,35.92,102.26,0.9632,-1,-1,-1
268,2080,1367.22,352.28,48.4,83.52,0.9608,-1,-1,-1
268,2054,948.73,225.32,26.64,81.51,0.9224,-1,-1,-1
268,2057,1115.29,218.45,33.2,73.24,0.9028,-1,-1,-1
268,2106,0.98,728.93,11.68,68.4,0.7581,-1,-1,-1
269,2072,738.52,535.72,45.18,122.4,0.978,-1,-1,-1
269,2045,1692.1,592.26,76.06,149.05,0.9771,-1,-1,-1
269,2081,433.04,409.23,62.31,105.56,0.977,-1,-1,-1
269,2091,712.35,600.83,50.36,142.2,0.9764,-1,-1,-1
269,2076,1488.87,348.02,58.54,87.28,0.9745,-1,-1,-1
269,2102,792.43,929.72,78.54,149.85,0.9744,-1,-1,-1
269,2068,1675.71,380.96,39.94,107.54,0.9729,-1,-1,-1
269,2046,1572.59,418.31,40.63,113.92,0.9727,-1,-1,-1
269,2080,1363.25,350.64,45.72,89.66,0.9725,-1,-1,-1
269,2075,900.85,457.19,40.82,119.45,0.9716,-1,-1,-1
269,2077,740.2,350.5,40.64,101.44,0.9712,-1,-1,-1
269,2052,1258.17,576.33,38.43,138.73,0.9706,-1,-1,-1
269,2070,1347.89,411.05,43.2,113.69,0.969,-1,-1,-1
269,2078,533.87,424.34,41.07,115.18,0.9686,-1,-1,-1
269,2079,692.15,338.59,40.86,94.15,0.9672,-1,-1,-1
269,2057,1113.46,218.73,34.9,72.27,0.9192,-1,-1,-1
269,2054,947.2,222.43,26.59,84.3,0.8845,-1,-1,-1
269,2106,0.92,731.41,11.89,64.66,0.7808,-1,-1,-1
270,2072,737.58,534.15,46.47,124.14,0.9794,-1,-1,-1
270,2045,1691.26,591.85,77.61,149.66,0.9775,-1,-1,-1
270,2091,713.47,598.25,49.98,143.51,0.9773,-1,-1,-1
270,2081,432.81,409.14,63.01,105.53,0.9766,-1,-1,-1
270,2102,793.56,929.48,79.14,149.54,0.9752,-1,-1,-1
270,2076,1485.76,348.2,61.24,87.7,0.9742,-1,-1,-1
270,2046,1570.59,416.72,41.29,115.76,0.9727,-1,-1,-1
270,2077,735.39,351.5,43.29,99.64,0.9723,-1,-1,-1
270,2052,1257.42,575.17,38.84,137.97,0.9717,-1,-1,-1
270,2068,1674.18,379.99,40.52,109.04,0.9715,-1,-1,-1
270,2080,1362.93,350.1,44.49,90.9,0.971,-1,-1,-1
270,2075,899.35,456.59,41.94,119.87,0.9696,-1,-1,-1
270,2078,531.98,424.36,41.1,115.96,0.9641,-1,-1,-1
270,2079,690.47,340.14,39.45,93.19,0.9628,-1,-1,-1
270,2070,1346.15,411.04,41.29,112.91,0.9604,-1,-1,-1
270,2057,1112.01,219.13,36.41,71.76,0.8976,-1,-1,-1
270,2054,947.21,222.85,26.08,83.76,0.8754,-1,-1,-1
270,2106,0.85,733.36,12.12,62.76,0.7907,-1,-1,-1
271,2045,1691.9,592.39,79.04,148.35,0.9786,-1,-1,-1
271,2072,736.76,531.88,47.74,126.38,0.9784,-1,-1,-1
271,2081,431.3,409.22,66.01,105.2,0.9763,-1,-1,-1
271,2077,727.57,351.87,48.38,100.25,0.9762,-1,-1,-1
271,2091,716.45,591.77,48.5,149.61,0.9758,-1,-1,-1
271,2046,1568.09,414.36,42.33,116.93,0.9754,-1,-1,-1
271,2075,896.18,455.52,45.22,120.49,0.9753,-1,-1,-1
271,2070,1343.08,408.96,42.29,113.59,0.9739,-1,-1,-1
271,2068,1668.43,379.22,44.48,109.3,0.9735,-1,-1,-1
271,2102,799.25,930.09,79.69,149.03,0.9733,-1,-1,-1
271,2052,1256.26,573.55,40.67,134.96,0.9727,-1,-1,-1
271,2078,529.66,427.37,39.99,114.4,0.9708,-1,-1,-1
271,2080,1360.64,346.5,46.94,94.66,0.9683,-1,-1,-1
271,2076,1479.39,348.25,63.63,83.87,0.9657,-1,-1,-1
271,2079,688.12,340.07,36.21,93.21,0.9563,-1,-1,-1
271,2054,945.82,224.0,28.21,82.93,0.9277,-1,-1,-1
271,2057,1109.94,218.84,40.98,71.97,0.9171,-1,-1,-1
271,2106,0.54,730.72,12.15,61.92,0.8128,-1,-1,-1
272,2045,1694.97,592.19,78.97,147.94,0.9795,-1,-1,-1
272,2068,1663.87,378.09,49.04,108.1,0.9792,-1,-1,-1
272,2046,1566.75,412.13,43.36,118.81,0.9769,-1,-1,-1
272,2052,1255.77,571.99,43.05,131.35,0.9765,-1,-1,-1
272,2077,724.45,351.27,53.19,101.71,0.9765,-1,-1,-1
272,2072,735.74,530.71,48.91,123.05,0.9748,-1,-1,-1
272,2080,1356.74,344.84,54.45,95.2,0.9747,-1,-1,-1
272,2070,1341.82,406.7,42.39,114.56,0.9742,-1,-1,-1
272,2081,426.69,407.6,67.59,105.82,0.9736,-1,-1,-1
272,2078,525.39,429.85,42.55,112.42,0.9736,-1,-1,-1
272,2076,1473.31,347.49,64.88,81.3,0.973,-1,-1,-1
272,2102,804.35,924.88,78.67,153.36,0.9724,-1,-1,-1
272,2075,894.77,455.13,47.12,121.54,0.9703,-1,-1,-1
272,2079,683.38,342.48,36.82,89.64,0.9582,-1,-1,-1
272,2091,719.71,588.66,55.4,147.95,0.9537,-1,-1,-1
272,2054,942.2,226.54,33.74,80.35,0.9531,-1,-1,-1
272,2057,1109.49,219.08,42.58,72.07,0.9249,-1,-1,-1
272,2106,0.68,716.79,13.2,72.61,0.7648,-1,-1,-1
273,2068,1662.35,378.4,49.88,107.68,0.9794,-1,-1,-1
273,2052,1255.84,571.98,44.09,130.98,0.9779,-1,-1,-1
273,2045,1696.64,591.03,78.94,148.75,0.9778,-1,-1,-1
273,2078,522.49,431.03,44.76,111.92,0.9772,-1,-1,-1
273,2046,1566.6,411.54,43.54,119.08,0.9771,-1,-1,-1
273,2077,723.76,350.83,56.07,102.79,0.9761,-1,-1,-1
273,2070,1340.46,405.78,43.29,115.63,0.976,-1,-1,-1
273,2072,735.65,530.74,50.42,121.27,0.9754,-1,-1,-1
273,2102,807.93,922.84,77.18,155.03,0.9753,-1,-1,-1
273,2080,1357.57,343.81,53.24,95.11,0.9744,-1,-1,-1
273,2081,425.34,406.84,66.42,106.5,0.9721,-1,-1,-1
273,2076,1471.73,347.33,63.15,81.69,0.9692,-1,-1,-1
273,2075,894.99,455.69,48.0,121.17,0.9641,-1,-1,-1
273,2054,940.22,227.27,37.07,80.15,0.9622,-1,-1,-1
273,2079,680.3,343.23,37.64,89.41,0.9574,-1,-1,-1
273,2091,721.05,585.49,52.83,149.17,0.9385,-1,-1,-1
273,2057,1109.71,218.76,43.86,72.15,0.8933,-1,-1,-1
273,2106,0.5,709.05,13.97,78.58,0.7707,-1,-1,-1
274,2052,1256.1,573.16,45.91,128.5,0.9786,-1,-1,-1
274,2046,1566.77,410.76,44.32,118.09,0.9779,-1,-1,-1
274,2068,1665.03,380.32,46.48,104.4,0.9776,-1,-1,-1
274,2078,517.08,432.54,51.21,111.29,0.9774,-1,-1,-1
274,2070,1339.87,405.06,43.99,115.59,0.9764,-1,-1,-1
274,2077,724.78,351.33,56.74,102.74,0.976,-1,-1,-1
274,2045,1702.38,591.47,72.88,150.27,0.9746,-1,-1,-1
274,2072,735.52,530.98,50.13,117.67,0.9732,-1,-1,-1
274,2080,1363.46,343.85,43.84,91.76,0.9728,-1,-1,-1
274,2081,423.81,404.64,60.43,109.32,0.9721,-1,-1,-1
274,2079,671.78,344.96,42.85,87.55,0.9699,-1,-1,-1
274,2054,937.68,229.06,44.45,79.24,0.9696,-1,-1,-1
274,2091,723.07,586.17,58.74,138.39,0.9693,-1,-1,-1
274,2102,816.17,918.86,72.47,161.14,0.9682,-1,-1,-1
274,2076,1468.66,346.59,53.79,83.89,0.9627,-1,-1,-1
274,2075,893.91,457.06,46.99,119.59,0.9624,-1,-1,-1
274,2057,1112.17,220.82,45.02,70.0,0.9515,-1,-1,-1
274,2106,1.28,706.25,14.37,81.64,0.2877,-1,-1,-1
275,2052,1256.19,573.69,49.01,128.06,0.978,-1,-1,-1
275,2070,1340.24,405.72,44.8,113.21,0.978,-1,-1,-1
275,2046,1569.59,410.92,42.77,118.03,0.9777,-1,-1,-1
275,2078,514.06,433.41,57.36,110.88,0.9769,-1,-1,-1
275,2045,1708.07,590.38,68.08,149.46,0.9767,-1,-1,-1
275,2077,725.93,352.24,53.85,102.02,0.9759,-1,-1,-1
275,2091,726.47,585.92,59.61,134.99,0.9753,-1,-1,-1
275,2068,1667.91,381.85,41.44,103.11,0.9735,-1,-1,-1
275,2081,424.2,402.94,55.98,111.21,0.9733,-1,-1,-1
275,2079,665.9,343.78,50.98,89.95,0.973,-1,-1,-1
275,2054,936.86,230.9,51.13,77.75,0.9725,-1,-1,-1
275,2075,894.48,461.33,46.11,114.81,0.9713,-1,-1,-1
275,2072,736.44,530.99,48.73,113.41,0.971,-1,-1,-1
275,2102,823.93,917.47,68.73,161.29,0.9699,-1,-1,-1
275,2076,1466.21,345.57,46.54,84.31,0.9697,-1,-1,-1
275,2080,1367.17,344.91,40.44,87.04,0.969,-1,-1,-1
275,2057,1113.69,221.23,46.17,69.58,0.9632,-1,-1,-1
275,2106,0.0,716.51,21.37,133.92,0.817,-1,-1,-1
276,2070,1341.19,406.24,44.81,112.11,0.978,-1,-1,-1
276,2091,728.03,587.63,58.62,132.59,0.9776,-1,-1,-1
276,2078,513.65,433.03,60.4,111.2,0.9774,-1,-1,-1
276,2052,1256.8,573.8,49.29,128.1,0.9773,-1,-1,-1
276,2045,1709.63,590.39,66.38,148.35,0.9771,-1,-1,-1
276,2046,1571.27,411.46,41.86,116.22,0.9765,-1,-1,-1
276,2077,725.52,352.41,51.72,101.87,0.9757,-1,-1,-1
276,2075,894.89,461.97,46.3,114.04,0.9754,-1,-1,-1
276,2079,664.56,342.74,54.51,90.87,0.974,-1,-1,-1
276,2081,425.18,401.83,53.25,110.04,0.974,-1,-1,-1
276,2054,937.57,230.1,53.43,78.51,0.9736,-1,-1,-1
276,2068,1667.92,382.13,39.34,102.36,0.9731,-1,-1,-1
276,2072,737.77,530.96,47.96,111.72,0.9686,-1,-1,-1
276,2076,1461.8,344.99,51.75,84.98,0.9669,-1,-1,-1
276,2080,1367.67,345.2,41.82,88.46,0.9669,-1,-1,-1
276,2102,827.5,917.65,67.16,161.11,0.9639,-1,-1,-1
276,2057,1114.45,222.31,45.7,68.31,0.9547,-1,-1,-1
276,2106,0.0,700.27,24.96,148.94,0.6698,-1,-1,-1
277,2078,515.71,432.58,62.38,110.86,0.9787,-1,-1,-1
277,2091,732.1,587.29,55.45,133.02,0.9769,-1,-1,-1
277,2077,724.18,351.35,46.75,102.91,0.9767,-1,-1,-1
277,2052,1258.75,572.82,48.69,129.5,0.9767,-1,-1,-1
277,2045,1714.62,590.02,61.48,146.34,0.9765,-1,-1,-1
277,2070,1342.53,407.21,43.91,109.75,0.9761,-1,-1,-1
277,2075,896.31,462.96,48.99,113.39,0.9753,-1,-1,-1
277,2079,663.65,341.41,60.24,92.8,0.9751,-1,-1,-1
277,2081,426.36,400.54,50.72,111.87,0.9745,-1,-1,-1
277,2102,837.68,917.19,64.1,162.81,0.9742,-1,-1,-1
277,2046,1575.18,412.8,39.04,113.75,0.974,-1,-1,-1
277,2054,939.9,230.51,55.78,78.04,0.968,-1,-1,-1
277,2076,1458.81,341.78,58.44,88.18,0.9662,-1,-1,-1
277,2072,740.84,529.06,45.97,94.61,0.9645,-1,-1,-1
277,2080,1370.19,344.74,41.34,90.44,0.9584,-1,-1,-1
277,2068,1669.01,381.4,35.19,102.94,0.9559,-1,-1,-1
277,2057,1120.0,220.31,40.89,70.98,0.9237,-1,-1,-1
277,2106,0.0,699.96,27.33,150.04,0.7711,-1,-1,-1
278,2091,736.53,587.3,56.92,133.04,0.9785,-1,-1,-1
278,2052,1260.3,569.35,50.55,131.22,0.9767,-1,-1,-1
278,2045,1713.57,589.02,61.61,148.72,0.9756,-1,-1,-1
278,2075,900.25,462.07,49.12,114.04,0.975,-1,-1,-1
278,2078,519.22,432.33,65.13,111.65,0.9728,-1,-1,-1
278,2102,847.96,913.65,58.05,165.99,0.9725,-1,-1,-1
278,2070,1345.97,407.51,41.06,109.57,0.9716,-1,-1,-1
278,2077,724.55,350.25,41.31,103.83,0.9715,-1,-1,-1
278,2081,430.72,400.64,47.56,112.3,0.9706,-1,-1,-1
278,2080,1373.14,342.08,43.37,93.79,0.9687,-1,-1,-1
278,2079,666.14,341.81,59.09,91.51,0.9686,-1,-1,-1
278,2076,1457.72,340.29,57.61,88.21,0.9675,-1,-1,-1
278,2054,945.6,232.13,56.01,77.18,0.9662,-1,-1,-1
278,2072,743.03,527.53,46.19,81.53,0.9618,-1,-1,-1
278,2046,1579.23,412.32,36.22,114.52,0.9607,-1,-1,-1
278,2057,1124.71,222.48,38.69,69.15,0.9593,-1,-1,-1
278,2068,1671.25,380.79,33.18,104.19,0.9508,-1,-1,-1
278,2106,0.0,699.0,32.65,147.33,0.8188,-1,-1,-1
279,2078,522.39,432.76,65.89,111.35,0.9767,-1,-1,-1
279,2075,902.24,461.54,48.62,114.42,0.9761,-1,-1,-1
279,2052,1261.75,567.7,50.34,132.65,0.975,-1,-1,-1
279,2045,1715.24,588.84,59.71,149.17,0.9749,-1,-1,-1
279,2102,852.57,912.47,57.67,167.35,0.9725,-1,-1,-1
279,2077,724.4,350.15,40.78,104.41,0.97,-1,-1,-1
279,2081,431.84,400.87,46.97,113.08,0.9698,-1,-1,-1
279,2091,740.01,587.69,55.65,132.0,0.9687,-1,-1,-1
279,2070,1347.0,408.62,41.19,108.95,0.9684,-1,-1,-1
279,2076,1457.76,340.38,56.74,84.72,0.9664,-1,-1,-1
279,2054,948.58,231.16,55.6,78.1,0.9662,-1,-1,-1
279,2080,1374.67,341.47,44.08,94.32,0.9659,-1,-1,-1
279,2046,1580.7,413.0,35.82,115.05,0.9642,-1,-1,-1
279,2079,668.35,342.37,56.48,91.18,0.9631,-1,-1,-1
279,2068,1672.19,380.85,34.72,104.19,0.957,-1,-1,-1
279,2072,745.09,527.11,43.8,79.46,0.9541,-1,-1,-1
279,2057,1127.59,221.64,36.13,69.55,0.9359,-1,-1,-1
279,2106,0.07,693.63,35.4,155.17,0.8457,-1,-1,-1
280,2078,527.12,433.9,63.3,111.13,0.9769,-1,-1,-1
280,2052,1263.78,565.44,50.83,133.49,0.9758,-1,-1,-1
280,2075,905.47,460.81,48.5,114.63,0.9756,-1,-1,-1
280,2045,1717.44,588.95,57.38,149.51,0.9731,-1,-1,-1
280,2091,745.65,583.02,52.79,134.91,0.9724,-1,-1,-1
280,2076,1458.72,339.65,49.92,82.86,0.9707,-1,-1,-1
280,2081,434.4,402.89,45.07,111.24,0.9706,-1,-1,-1
280,2068,1673.81,379.33,38.93,106.43,0.9705,-1,-1,-1
280,2054,954.91,230.61,51.48,78.49,0.9699,-1,-1,-1
280,2070,1350.31,407.23,39.39,110.85,0.9683,-1,-1,-1
280,2079,672.46,344.0,46.84,89.64,0.9675,-1,-1,-1
280,2077,725.91,349.98,38.28,104.65,0.9669,-1,-1,-1
280,2080,1377.16,340.54,43.75,90.43,0.9657,-1,-1,-1
280,2046,1583.86,412.12,33.65,114.84,0.9598,-1,-1,-1
280,2072,748.2,525.67,46.59,75.51,0.9596,-1,-1,-1
280,2106,0.0,694.27,39.76,157.76,0.9592,-1,-1,-1
280,2102,861.4,907.39,55.94,171.05,0.9571,-1,-1,-1
280,2057,1134.68,221.13,31.59,71.07,0.9286,-1,-1,-1
281,2052,1266.59,563.17,53.75,131.64,0.977,-1,-1,-1
281,2078,529.02,433.33,59.76,112.52,0.9749,-1,-1,-1
281,2068,1673.99,376.98,44.51,108.0,0.9731,-1,-1,-1
281,2081,436.81,405.69,43.29,108.9,0.9727,-1,-1,-1
281,2070,1352.13,405.82,40.89,110.76,0.9718,-1,-1,-1
281,2045,1720.49,589.94,55.89,148.14,0.9702,-1,-1,-1
281,2075,910.41,459.55,47.33,116.01,0.9698,-1,-1,-1
281,2102,869.41,903.72,55.99,173.51,0.9682,-1,-1,-1
281,2077,727.11,351.37,37.38,103.89,0.9674,-1,-1,-1
281,2079,673.37,343.14,41.08,91.06,0.9671,-1,-1,-1
281,2054,958.83,229.65,48.49,80.01,0.9668,-1,-1,-1
281,2076,1460.54,338.72,37.61,84.79,0.9646,-1,-1,-1
281,2106,0.06,693.38,45.7,162.36,0.9635,-1,-1,-1
281,2091,754.11,578.29,48.21,138.42,0.9629,-1,-1,-1
281,2080,1376.51,340.51,37.88,85.67,0.9625,-1,-1,-1
281,2046,1586.85,410.65,33.29,117.26,0.9618,-1,-1,-1
281,2072,751.39,522.8,45.11,93.05,0.9436,-1,-1,-1
281,2057,1142.23,223.24,27.79,69.89,0.8711,-1,-1,-1
282,2081,436.4,408.12,44.75,107.0,0.9756,-1,-1,-1
282,2078,530.16,432.76,56.34,113.31,0.9741,-1,-1,-1
282,2068,1673.46,376.28,47.36,108.88,0.9735,-1,-1,-1
282,2070,1354.31,403.89,40.14,112.69,0.9715,-1,-1,-1
282,2052,1269.58,563.05,51.13,128.21,0.9697,-1,-1,-1
282,2102,873.91,901.0,55.56,176.55,0.9685,-1,-1,-1
282,2106,0.09,692.54,48.85,162.07,0.9677,-1,-1,-1
282,2079,672.56,341.81,39.73,91.83,0.9661,-1,-1,-1
282,2077,727.53,352.14,37.03,103.67,0.9647,-1,-1,-1
282,2054,960.38,228.67,47.06,81.0,0.9641,-1,-1,-1
282,2091,755.98,577.89,49.15,138.28,0.9635,-1,-1,-1
282,2080,1376.82,341.15,38.32,86.21,0.9631,-1,-1,-1
282,2045,1721.75,590.7,57.58,148.44,0.9629,-1,-1,-1
282,2046,1588.73,410.63,33.46,115.96,0.9624,-1,-1,-1
282,2076,1460.46,338.22,35.16,85.83,0.9623,-1,-1,-1
282,2075,912.5,458.7,47.16,117.16,0.9527,-1,-1,-1
282,2072,753.85,522.52,46.14,90.64,0.9497,-1,-1,-1
282,2057,1144.5,220.74,29.07,71.96,0.9034,-1,-1,-1
283,2081,433.7,410.4,50.5,106.45,0.9781,-1,-1,-1
283,2078,532.61,431.43,49.9,114.43,0.9767,-1,-1,-1
283,2052,1274.64,563.26,50.71,121.82,0.9747,-1,-1,-1
283,2070,1357.63,402.23,42.79,114.2,0.9738,-1,-1,-1
283,2068,1673.02,376.69,53.67,107.35,0.9729,-1,-1,-1
283,2106,0.0,692.36,55.12,159.64,0.9717,-1,-1,-1
283,2079,672.35,339.1,38.6,94.83,0.9688,-1,-1,-1
283,2091,762.76,575.74,46.13,134.87,0.968,-1,-1,-1
283,2076,1459.71,337.6,39.94,86.77,0.9674,-1,-1,-1
283,2045,1726.85,590.87,62.51,149.03,0.9653,-1,-1,-1
283,2077,729.03,353.29,36.56,104.74,0.9642,-1,-1,-1
283,2046,1592.74,409.04,36.54,117.5,0.9631,-1,-1,-1
283,2072,756.52,525.7,45.69,92.26,0.9624,-1,-1,-1
283,2054,965.81,227.56,41.22,82.42,0.9605,-1,-1,-1
283,2080,1377.8,340.08,37.84,89.77,0.9596,-1,-1,-1
283,2075,917.59,455.75,44.72,116.55,0.9579,-1,-1,-1
283,2102,882.19,898.96,58.09,178.21,0.9561,-1,-1,-1
283,2057,1150.82,221.96,29.66,71.65,0.9238,-1,-1,-1
284,2078,535.24,429.39,42.99,115.62,0.9765,-1,-1,-1
284,2052,1279.76,563.23,49.09,120.89,0.9763,-1,-1,-1
284,2081,431.86,412.2,56.42,105.07,0.9761,-1,-1,-1
284,2070,1359.55,400.7,46.19,115.27,0.9757,-1,-1,-1
284,2106,0.89,693.03,61.05,155.42,0.9754,-1,-1,-1
284,2076,1456.85,334.33,47.89,90.45,0.9742,-1,-1,-1
284,2046,1593.44,407.88,41.76,119.03,0.973,-1,-1,-1
284,2079,673.07,337.48,38.91,94.64,0.9711,-1,-1,-1
284,2045,1729.93,590.92,66.82,149.87,0.9707,-1,-1,-1
284,2075,923.54,457.85,41.68,109.87,0.9682,-1,-1,-1
284,2068,1675.96,377.21,55.46,105.97,0.968,-1,-1,-1
284,2080,1372.38,340.49,49.45,89.96,0.9667,-1,-1,-1
284,2077,730.01,355.67,37.0,102.68,0.966,-1,-1,-1
284,2072,759.98,527.53,47.9,91.06,0.9651,-1,-1,-1
284,2091,771.27,580.16,44.3,124.06,0.963,-1,-1,-1
284,2102,891.39,897.38,59.48,177.08,0.9617,-1,-1,-1
284,2054,970.53,224.84,35.44,86.23,0.9538,-1,-1,-1
284,2057,1153.43,223.55,34.1,70.27,0.8852,-1,-1,-1
285,2106,0.99,692.48,63.05,154.49,0.9775,-1,-1,-1
285,2046,1594.93,407.37,43.94,117.32,0.9765,-1,-1,-1
285,2070,1359.8,400.27,47.85,113.98,0.9762,-1,-1,-1
285,2081,431.64,411.76,60.37,106.12,0.9758,-1,-1,-1
285,2052,1281.95,561.99,48.24,122.58,0.9755,-1,-1,-1
285,2078,536.9,427.77,41.66,116.62,0.9737,-1,-1,-1
285,2045,1731.69,590.99,68.64,149.01,0.9726,-1,-1,-1
285,2091,773.4,575.59,44.39,124.85,0.9725,-1,-1,-1
285,2079,673.65,336.86,38.93,94.91,0.9721,-1,-1,-1
285,2068,1680.17,377.21,52.44,105.79,0.9716,-1,-1,-1
285,2076,1453.85,333.83,53.63,89.93,0.9714,-1,-1,-1
285,2077,730.03,357.13,37.36,102.84,0.968,-1,-1,-1
285,2072,761.72,527.13,49.52,87.6,0.967,-1,-1,-1
285,2080,1368.62,339.93,58.23,90.26,0.964,-1,-1,-1
285,2102,895.28,894.56,57.64,181.81,0.9611,-1,-1,-1
285,2075,926.84,457.77,39.89,108.28,0.9524,-1,-1,-1
285,2054,972.44,223.16,32.7,87.39,0.9503,-1,-1,-1
285,2057,1154.37,224.79,36.71,67.95,0.9387,-1,-1,-1
286,2081,434.01,411.38,64.59,105.69,0.9784,-1,-1,-1
286,2068,1687.51,379.52,47.77,103.46,0.9765,-1,-1,-1
286,2045,1734.74,591.28,74.49,148.29,0.9757,-1,-1,-1
286,2070,1361.28,401.06,51.11,110.72,0.9755,-1,-1,-1
286,2091,779.0,573.06,45.16,126.76,0.9753,-1,-1,-1
286,2077,724.33,359.37,44.41,100.92,0.9749,-1,-1,-1
286,2046,1597.74,406.68,46.47,116.58,0.9748,-1,-1,-1
286,2052,1286.28,559.9,46.23,124.93,0.9748,-1,-1,-1
286,2079,674.17,335.99,38.68,95.83,0.973,-1,-1,-1
286,2106,1.67,687.65,64.49,159.2,0.9719,-1,-1,-1
286,2078,540.03,427.6,39.2,115.8,0.9714,-1,-1,-1
286,2076,1452.06,330.96,58.25,85.63,0.9707,-1,-1,-1
286,2072,766.01,526.63,48.65,84.9,0.9649,-1,-1,-1
286,2080,1371.45,338.51,64.17,88.62,0.9622,-1,-1,-1
286,2102,903.89,895.49,62.24,180.14,0.9574,-1,-1,-1
286,2075,931.16,457.33,38.6,109.11,0.9491,-1,-1,-1
286,2057,1158.56,225.74,39.86,66.87,0.9485,-1,-1,-1
286,2054,976.94,221.84,28.97,87.8,0.8663,-1,-1,-1
287,2045,1738.89,590.37,76.75,149.42,0.9798,-1,-1,-1
287,2081,440.23,410.04,64.64,106.02,0.9797,-1,-1,-1
287,2046,1604.1,408.54,45.35,112.73,0.9765,-1,-1,-1
287,2052,1289.52,557.15,43.85,127.8,0.9764,-1,-1,-1
287,2077,721.03,359.63,48.79,100.4,0.9754,-1,-1,-1
287,2070,1364.76,401.86,49.79,110.19,0.9746,-1,-1,-1
287,2106,7.38,686.17,61.2,158.57,0.9741,-1,-1,-1
287,2068,1690.31,380.35,44.53,102.28,0.9733,-1,-1,-1
287,2102,911.67,893.96,66.92,178.29,0.9732,-1,-1,-1
287,2078,542.31,427.64,39.15,116.95,0.9724,-1,-1,-1
287,2091,779.68,570.1,51.07,129.91,0.9718,-1,-1,-1
287,2072,768.0,525.17,45.39,113.12,0.9686,-1,-1,-1
287,2076,1450.39,331.67,58.09,80.69,0.9676,-1,-1,-1
287,2080,1377.09,336.14,62.05,91.46,0.9673,-1,-1,-1
287,2079,674.98,335.8,36.32,95.08,0.9644,-1,-1,-1
287,2057,1161.44,225.65,41.42,66.45,0.9308,-1,-1,-1
287,2075,935.35,455.98,37.09,111.92,0.8803,-1,-1,-1
287,2054,982.12,223.85,27.25,84.62,0.6,-1,-1,-1
288,2081,440.86,409.46,65.18,106.16,0.9793,-1,-1,-1
288,2045,1742.02,591.25,75.98,148.83,0.9776,-1,-1,-1
288,2046,1606.91,408.37,43.6,112.17,0.9761,-1,-1,-1
288,2077,719.58,359.32,53.11,101.38,0.9752,-1,-1,-1
288,2052,1291.23,554.82,43.18,129.1,0.975,-1,-1,-1
288,2106,11.67,685.51,58.07,158.12,0.9745,-1,-1,-1
288,2070,1365.25,402.78,50.1,109.36,0.9734,-1,-1,-1
288,2078,543.51,428.31,39.13,116.55,0.9725,-1,-1,-1
288,2091,782.21,568.38,50.74,130.96,0.9721,-1,-1,-1
288,2072,768.62,524.47,43.42,113.03,0.9704,-1,-1,-1
288,2102,915.19,891.61,67.53,182.26,0.9704,-1,-1,-1
288,2080,1379.74,335.86,59.04,89.05,0.9689,-1,-1,-1
288,2068,1691.31,380.78,42.28,102.23,0.9682,-1,-1,-1
288,2076,1450.19,331.25,56.02,82.01,0.967,-1,-1,-1
288,2079,674.65,335.98,36.25,94.54,0.9651,-1,-1,-1
288,2057,1162.12,226.49,42.16,65.59,0.9305,-1,-1,-1
288,2075,936.56,454.69,37.85,113.7,0.8664,-1,-1,-1
288,2054,984.04,221.95,27.99,87.62,0.6617,-1,-1,-1
289,2081,440.58,407.7,64.08,107.72,0.9788,-1,-1,-1
289,2077,718.37,358.41,62.2,100.87,0.9757,-1,-1,-1
289,2106,16.15,684.77,57.68,157.0,0.9752,-1,-1,-1
289,2070,1366.04,404.56,48.92,106.77,0.9738,-1,-1,-1
289,2052,1294.81,550.52,44.11,130.0,0.9738,-1,-1,-1
289,2045,1747.58,591.13,73.53,150.29,0.9728,-1,-1,-1
289,2091,786.79,563.98,51.71,133.11,0.9707,-1,-1,-1
289,2080,1387.18,335.16,49.08,85.29,0.9706,-1,-1,-1
289,2078,545.9,429.75,38.97,116.85,0.9701,-1,-1,-1
289,2046,1611.15,408.47,41.85,110.64,0.9686,-1,-1,-1
289,2072,771.03,522.74,42.24,110.79,0.9683,-1,-1,-1
289,2102,923.34,889.3,66.32,182.43,0.9683,-1,-1,-1
289,2068,1694.3,379.97,37.78,103.0,0.9681,-1,-1,-1
289,2076,1449.96,329.75,47.73,85.32,0.9675,-1,-1,-1
289,2079,675.75,337.79,34.57,94.73,0.9645,-1,-1,-1
289,2054,987.48,221.98,29.14,87.9,0.9381,-1,-1,-1
289,2075,939.45,451.4,39.55,115.2,0.9142,-1,-1,-1
289,2057,1165.45,226.55,40.33,65.89,0.8903,-1,-1,-1
290,2078,543.84,433.0,44.23,113.52,0.9763,-1,-1,-1
290,2081,441.38,405.48,58.57,108.3,0.9758,-1,-1,-1
290,2077,720.13,358.33,65.23,100.52,0.9753,-1,-1,-1
290,2070,1366.12,404.45,46.52,106.43,0.975,-1,-1,-1
290,2045,1752.41,590.29,71.64,152.0,0.973,-1,-1,-1
290,2072,773.14,521.7,39.9,109.25,0.9727,-1,-1,-1
290,2106,22.26,683.33,54.91,157.87,0.972,-1,-1,-1
290,2079,673.57,339.51,37.55,93.52,0.9695,-1,-1,-1
290,2046,1613.64,408.53,40.13,111.1,0.9692,-1,-1,-1
290,2102,931.26,886.13,67.95,184.98,0.9689,-1,-1,-1
290,2080,1389.82,334.46,42.23,84.96,0.9681,-1,-1,-1
290,2076,1443.82,326.59,45.42,88.44,0.968,-1,-1,-1
290,2091,791.27,557.67,51.36,139.6,0.9675,-1,-1,-1
290,2052,1298.37,547.74,46.46,132.1,0.9663,-1,-1,-1
290,2068,1697.67,378.38,37.49,105.07,0.9641,-1,-1,-1
290,2054,988.96,225.34,32.53,84.6,0.9542,-1,-1,-1
290,2075,941.68,449.74,42.69,116.34,0.9472,-1,-1,-1
290,2057,1168.77,227.25,38.27,65.35,0.9203,-1,-1,-1
291,2078,542.82,434.27,47.3,113.16,0.9784,-1,-1,-1
291,2106,25.6,686.24,54.17,154.1,0.9771,-1,-1,-1
291,2045,1755.27,591.21,69.92,150.41,0.9766,-1,-1,-1
291,2081,441.99,404.28,56.16,109.48,0.9759,-1,-1,-1
291,2052,1299.08,546.89,48.07,130.36,0.9748,-1,-1,-1
291,2070,1366.62,404.15,45.22,106.65,0.9748,-1,-1,-1
291,2077,723.55,358.49,62.97,100.16,0.9742,-1,-1,-1
291,2091,796.1,555.81,49.41,139.86,0.9732,-1,-1,-1
291,2075,942.88,449.11,44.36,115.86,0.9726,-1,-1,-1
291,2072,774.06,521.36,39.83,109.88,0.9726,-1,-1,-1
291,2046,1615.0,407.25,40.02,112.51,0.9705,-1,-1,-1
291,2080,1389.94,334.5,41.71,86.24,0.9699,-1,-1,-1
291,2079,671.03,341.43,39.58,92.2,0.9687,-1,-1,-1
291,2076,1442.71,324.97,46.75,90.38,0.9669,-1,-1,-1
291,2068,1699.71,377.41,38.12,105.63,0.9669,-1,-1,-1
291,2102,935.18,883.57,67.16,185.62,0.9644,-1,-1,-1
291,2054,988.64,227.15,34.92,82.56,0.9502,-1,-1,-1
291,2057,1170.11,225.09,36.49,66.9,0.7744,-1,-1,-1
292,2045,1762.2,590.87,65.75,150.31,0.9778,-1,-1,-1
292,2052,1302.9,545.65,50.15,124.5,0.9773,-1,-1,-1
292,2106,31.32,684.83,53.89,155.77,0.976,-1,-1,-1
292,2081,444.84,401.5,48.03,110.12,0.9751,-1,-1,-1
292,2077,730.14,359.14,53.66,100.31,0.9748,-1,-1,-1
292,2079,667.03,344.79,45.07,88.68,0.9747,-1,-1,-1
292,2078,540.43,436.55,53.6,112.02,0.9745,-1,-1,-1
292,2070,1368.25,402.01,43.75,108.51,0.9742,-1,-1,-1
292,2091,800.92,552.76,49.7,139.02,0.9733,-1,-1,-1
292,2076,1441.91,323.07,49.54,93.05,0.9727,-1,-1,-1
292,2080,1389.95,334.9,46.15,86.08,0.9722,-1,-1,-1
292,2072,776.05,521.95,38.96,108.65,0.9722,-1,-1,-1
292,2068,1703.79,374.94,39.26,108.45,0.9719,-1,-1,-1
292,2046,1618.88,406.4,40.59,112.98,0.9714,-1,-1,-1
292,2054,989.05,228.53,40.44,81.63,0.9613,-1,-1,-1
292,2075,945.84,447.97,43.68,110.39,0.9586,-1,-1,-1
292,2102,944.79,879.35,64.7,188.58,0.9573,-1,-1,-1
292,2057,1174.83,223.29,35.79,68.86,0.9238,-1,-1,-1
293,2052,1304.97,545.42,50.23,120.18,0.9772,-1,-1,-1
293,2091,806.8,548.6,48.9,136.52,0.9772,-1,-1,-1
293,2106,38.04,684.11,52.67,153.98,0.977,-1,-1,-1
293,2078,540.47,436.65,60.18,111.3,0.9758,-1,-1,-1
293,2081,447.79,399.35,44.38,111.46,0.9752,-1,-1,-1
293,2079,665.76,343.88,48.95,89.69,0.9751,-1,-1,-1
293,2068,1704.72,373.66,42.79,110.27,0.9751,-1,-1,-1
293,2070,1370.01,398.9,47.69,111.34,0.9747,-1,-1,-1
293,2077,733.86,358.98,47.98,99.58,0.9742,-1,-1,-1
293,2076,1442.57,321.17,50.61,92.73,0.9736,-1,-1,-1
293,2075,949.05,448.29,43.37,107.67,0.973,-1,-1,-1
293,2046,1622.68,403.53,40.71,114.7,0.9726,-1,-1,-1
293,2072,778.35,522.43,38.09,108.36,0.9719,-1,-1,-1
293,2045,1773.84,589.92,56.4,146.72,0.9689,-1,-1,-1
293,2080,1391.33,332.64,50.45,89.48,0.9667,-1,-1,-1
293,2054,988.98,229.7,46.2,80.51,0.965,-1,-1,-1
293,2102,953.28,871.83,64.25,193.03,0.9146,-1,-1,-1
293,2057,1181.72,221.25,35.99,72.02,0.8979,-1,-1,-1
294,2052,1306.56,545.62,49.45,119.7,0.9775,-1,-1,-1
294,2106,40.84,683.6,53.45,152.69,0.9773,-1,-1,-1
294,2077,735.46,357.54,45.53,100.99,0.9769,-1,-1,-1
294,2081,448.07,398.69,44.24,111.31,0.9752,-1,-1,-1
294,2091,808.21,548.45,50.47,132.14,0.975,-1,-1,-1
294,2070,1371.18,397.97,48.96,111.41,0.9748,-1,-1,-1
294,2079,665.7,344.05,51.6,89.38,0.9743,-1,-1,-1
294,2045,1780.74,589.04,49.35,148.3,0.9743,-1,-1,-1
294,2076,1441.7,320.78,52.28,86.52,0.9738,-1,-1,-1
294,2080,1391.92,330.73,52.13,89.91,0.9729,-1,-1,-1
294,2068,1704.82,373.23,45.7,108.41,0.9728,-1,-1,-1
294,2075,950.39,447.86,43.11,107.45,0.9727,-1,-1,-1
294,2078,541.63,436.3,62.35,111.08,0.972,-1,-1,-1
294,2046,1624.47,400.53,42.36,118.27,0.9708,-1,-1,-1
294,2072,779.71,521.76,37.53,109.14,0.9699,-1,-1,-1
294,2054,990.21,229.59,49.04,80.73,0.9695,-1,-1,-1
294,2102,957.52,871.15,64.37,190.11,0.9554,-1,-1,-1
294,2057,1178.62,219.1,42.63,72.94,0.9463,-1,-1,-1
295,2052,1309.22,546.61,47.68,120.44,0.9769,-1,-1,-1
295,2070,1372.77,398.02,52.46,108.25,0.9763,-1,-1,-1
295,2077,735.97,355.99,44.5,101.47,0.9748,-1,-1,-1
295,2046,1628.42,400.36,41.7,117.02,0.9748,-1,-1,-1
295,2068,1706.04,373.16,48.54,106.91,0.9746,-1,-1,-1
295,2045,1786.0,588.17,43.7,148.54,0.9745,-1,-1,-1
295,2078,546.15,435.99,64.21,112.03,0.9743,-1,-1,-1
295,2076,1440.41,319.29,51.25,83.98,0.9733,-1,-1,-1
295,2081,451.4,398.6,41.71,111.68,0.9732,-1,-1,-1
295,2075,954.38,445.73,43.87,111.44,0.9705,-1,-1,-1
295,2079,667.62,342.76,57.07,90.02,0.9683,-1,-1,-1
295,2080,1390.73,327.91,55.69,87.28,0.9679,-1,-1,-1
295,2091,808.83,549.17,54.7,129.86,0.9679,-1,-1,-1
295,2054,993.98,230.8,51.97,79.68,0.9664,-1,-1,-1
295,2106,46.89,681.23,52.97,154.78,0.9656,-1,-1,-1
295,2102,966.54,870.91,60.29,185.42,0.9619,-1,-1,-1
295,2072,782.97,521.63,35.9,109.25,0.9595,-1,-1,-1
295,2057,1185.14,218.85,42.16,73.03,0.9531,-1,-1,-1
296,2052,1310.43,546.81,48.13,120.07,0.9789,-1,-1,-1
296,2078,552.68,436.79,62.29,111.97,0.9768,-1,-1,-1
296,2068,1711.08,375.68,46.66,104.37,0.9764,-1,-1,-1
296,2046,1631.9,399.95,43.5,116.78,0.9754,-1,-1,-1
296,2070,1374.03,397.21,54.46,111.06,0.975,-1,-1,-1
296,2079,672.09,342.36,56.81,90.0,0.9745,-1,-1,-1
296,2106,49.84,682.34,55.71,153.03,0.9743,-1,-1,-1
296,2075,958.31,443.0,44.77,113.29,0.9741,-1,-1,-1
296,2081,453.97,399.5,40.39,111.43,0.9736,-1,-1,-1
296,2077,737.72,354.17,43.04,104.41,0.9728,-1,-1,-1
296,2045,1789.15,588.28,42.94,149.89,0.9714,-1,-1,-1
296,2054,1001.02,230.64,52.59,79.81,0.9708,-1,-1,-1
296,2072,784.58,519.66,37.86,111.15,0.9671,-1,-1,-1
296,2091,815.93,548.34,51.02,131.03,0.9667,-1,-1,-1
296,2102,973.97,871.69,61.07,181.69,0.9646,-1,-1,-1
296,2080,1390.98,328.42,57.49,81.34,0.9642,-1,-1,-1
296,2076,1441.93,318.99,42.47,84.02,0.9631,-1,-1,-1
296,2057,1186.11,221.12,46.81,70.76,0.9612,-1,-1,-1
297,2052,1310.77,546.53,48.41,121.28,0.9795,-1,-1,-1
297,2106,52.04,681.57,57.24,153.36,0.9759,-1,-1,-1
297,2079,674.12,341.84,55.44,90.56,0.9758,-1,-1,-1
297,2078,555.69,436.88,60.1,111.98,0.9756,-1,-1,-1
297,2070,1375.83,397.29,54.3,110.7,0.974,-1,-1,-1
297,2075,959.52,441.39,46.21,115.5,0.974,-1,-1,-1
297,2091,817.57,548.44,49.9,131.2,0.9737,-1,-1,-1
297,2077,738.3,352.39,42.42,104.85,0.9735,-1,-1,-1
297,2081,454.67,400.43,40.36,110.93,0.9728,-1,-1,-1
297,2068,1715.6,375.59,43.63,104.61,0.9727,-1,-1,-1
297,2045,1790.11,588.5,44.94,149.38,0.9701,-1,-1,-1
297,2046,1634.46,399.76,43.95,116.13,0.9696,-1,-1,-1
297,2054,1004.68,230.91,50.94,79.48,0.9693,-1,-1,-1
297,2072,785.25,517.98,39.94,111.61,0.9664,-1,-1,-1
297,2080,1391.14,327.86,55.07,80.92,0.9647,-1,-1,-1
297,2076,1443.04,319.07,39.31,84.78,0.9633,-1,-1,-1
297,2057,1187.42,221.47,48.26,70.16,0.9572,-1,-1,-1
297,2102,978.06,872.94,60.07,177.93,0.9542,-1,-1,-1
298,2052,1312.06,544.79,50.24,123.01,0.9787,-1,-1,-1
298,2075,963.89,436.92,46.69,118.32,0.9763,-1,-1,-1
298,2046,1640.53,401.43,42.37,112.3,0.9754,-1,-1,-1
298,2070,1379.61,398.2,52.09,109.52,0.9752,-1,-1,-1
298,2078,560.28,437.58,56.16,111.36,0.9748,-1,-1,-1
298,2106,54.23,681.24,58.96,150.33,0.9742,-1,-1,-1
298,2079,677.67,340.38,52.53,91.02,0.9741,-1,-1,-1
298,2045,1793.76,588.7,47.97,150.14,0.974,-1,-1,-1
298,2091,817.74,546.54,50.36,132.89,0.9736,-1,-1,-1
298,2077,739.45,352.96,41.33,104.72,0.9735,-1,-1,-1
298,2081,455.5,403.6,40.47,109.3,0.9726,-1,-1,-1
298,2054,1011.84,230.11,47.93,79.42,0.9689,-1,-1,-1
298,2102,984.45,873.28,61.56,174.9,0.9688,-1,-1,-1
298,2080,1390.92,326.78,53.07,82.05,0.9685,-1,-1,-1
298,2068,1722.21,378.18,39.0,101.53,0.9659,-1,-1,-1
298,2072,787.32,516.28,39.79,111.9,0.9652,-1,-1,-1
298,2057,1193.16,222.23,47.53,69.04,0.9601,-1,-1,-1
298,2076,1445.0,317.07,36.25,87.25,0.9601,-1,-1,-1
299,2081,451.15,406.08,46.33,107.48,0.9791,-1,-1,-1
299,2070,1383.65,398.6,47.01,108.46,0.9787,-1,-1,-1
299,2091,822.55,543.24,47.57,135.0,0.976,-1,-1,-1
299,2106,55.3,680.49,64.04,147.02,0.9757,-1,-1,-1
299,2078,561.77,436.91,52.01,111.47,0.9753,-1,-1,-1
299,2079,678.86,336.57,45.95,93.82,0.9743,-1,-1,-1
299,2077,739.46,352.86,40.96,104.28,0.9742,-1,-1,-1
299,2052,1313.68,542.33,56.38,125.66,0.9736,-1,-1,-1
299,2046,1647.31,402.83,40.03,110.11,0.9717,-1,-1,-1
299,2080,1390.82,324.75,45.66,83.55,0.9714,-1,-1,-1
299,2072,789.15,515.18,42.41,114.34,0.9709,-1,-1,-1
299,2045,1798.11,588.89,50.82,150.91,0.9692,-1,-1,-1
299,2054,1019.26,228.19,42.4,81.4,0.9664,-1,-1,-1
299,2102,991.67,868.64,59.22,181.08,0.9653,-1,-1,-1
299,2076,1447.38,314.23,34.4,90.54,0.9528,-1,-1,-1
299,2068,1726.97,379.05,36.46,99.99,0.9525,-1,-1,-1
299,2057,1196.46,223.93,48.37,67.98,0.9253,-1,-1,-1
299,2075,968.98,432.6,45.81,118.84,0.8961,-1,-1,-1
300,2081,448.49,407.76,51.07,106.34,0.9782,-1,-1,-1
300,2070,1385.3,398.65,45.65,108.51,0.9781,-1,-1,-1
300,2106,56.85,680.11,64.78,147.69,0.9779,-1,-1,-1
300,2078,562.1,436.2,50.26,111.76,0.9761,-1,-1,-1
300,2091,826.77,541.87,44.2,135.51,0.9752,-1,-1,-1
300,2077,739.07,353.39,41.03,103.32,0.9739,-1,-1,-1
300,2079,678.72,334.89,44.21,95.24,0.9721,-1,-1,-1
300,2080,1391.92,323.52,46.19,84.9,0.9716,-1,-1,-1
300,2045,1798.43,589.74,54.15,150.39,0.9701,-1,-1,-1
300,2046,1650.5,403.9,38.84,109.21,0.9699,-1,-1,-1
300,2102,994.98,867.56,59.81,181.32,0.9697,-1,-1,-1
300,2072,790.76,515.16,40.72,115.16,0.9696,-1,-1,-1
300,2052,1314.31,540.06,57.46,127.38,0.9689,-1,-1,-1
300,2075,971.42,431.29,44.97,117.85,0.9653,-1,-1,-1
300,2054,1022.98,227.76,39.81,81.34,0.963,-1,-1,-1
300,2076,1447.46,312.89,34.78,91.98,0.9522,-1,-1,-1
300,2057,1202.82,223.3,43.21,68.76,0.9266,-1,-1,-1
300,2068,1729.07,383.64,35.3,95.88,0.9216,-1,-1,-1
301,2081,444.09,409.88,60.68,105.89,0.9784,-1,-1,-1
301,2078,562.81,435.23,43.79,111.56,0.9781,-1,-1,-1
301,2106,58.73,677.36,65.77,150.79,0.9773,-1,-1,-1
301,2045,1793.7,591.04,67.56,150.77,0.9733,-1,-1,-1
301,2080,1392.41,320.46,52.81,89.34,0.9729,-1,-1,-1
301,2076,1444.62,311.9,43.38,90.0,0.9723,-1,-1,-1
301,2091,829.5,538.97,42.21,136.86,0.9722,-1,-1,-1
301,2077,739.51,355.33,39.0,101.52,0.9718,-1,-1,-1
301,2072,793.23,515.9,38.38,115.15,0.9716,-1,-1,-1
301,2075,975.33,433.81,45.11,110.03,0.9715,-1,-1,-1
301,2070,1390.13,398.76,40.08,109.26,0.9714,-1,-1,-1
301,2052,1315.33,536.5,60.32,129.1,0.9712,-1,-1,-1
301,2079,678.43,331.51,43.07,98.94,0.9697,-1,-1,-1
301,2046,1656.61,403.32,36.45,112.93,0.9615,-1,-1,-1
301,2102,1002.68,866.64,58.71,182.0,0.9534,-1,-1,-1
301,2054,1029.7,225.79,34.4,83.52,0.9502,-1,-1,-1
301,2057,1207.48,225.0,42.73,67.57,0.9209,-1,-1,-1
301,2068,1735.28,377.02,34.19,102.44,0.888,-1,-1,-1
302,2081,443.35,411.38,67.1,105.05,0.9775,-1,-1,-1
302,2078,563.22,434.55,41.64,114.19,0.9763,-1,-1,-1
302,2045,1795.26,594.82,75.62,149.33,0.9751,-1,-1,-1
302,2075,978.91,434.88,44.59,106.54,0.9747,-1,-1,-1
302,2052,1316.99,535.88,62.15,122.53,0.9744,-1,-1,-1
302,2070,1393.15,397.23,38.65,111.29,0.973,-1,-1,-1
302,2106,60.82,675.33,67.91,153.22,0.9725,-1,-1,-1
302,2076,1444.83,311.98,50.27,84.42,0.9715,-1,-1,-1
302,2072,794.92,518.86,38.68,114.87,0.9707,-1,-1,-1
302,2079,680.16,332.37,39.1,96.74,0.9693,-1,-1,-1
302,2091,831.22,537.95,44.07,135.54,0.969,-1,-1,-1
302,2080,1392.61,319.05,58.66,89.71,0.9675,-1,-1,-1
302,2068,1738.6,373.85,35.3,106.46,0.9618,-1,-1,-1
302,2077,739.93,356.78,35.37,101.6,0.9617,-1,-1,-1
302,2102,1010.16,866.11,58.28,180.22,0.9604,-1,-1,-1
302,2046,1661.98,403.63,33.17,113.01,0.9586,-1,-1,-1
302,2054,1034.87,223.3,30.45,87.21,0.9447,-1,-1,-1
302,2057,1212.2,223.7,37.69,69.0,0.924,-1,-1,-1
303,2078,563.34,434.72,42.37,114.96,0.9774,-1,-1,-1
303,2052,1318.74,536.51,61.04,120.79,0.9753,-1,-1,-1
303,2081,446.67,412.35,65.93,106.04,0.9748,-1,-1,-1
303,2106,62.71,673.88,68.72,157.1,0.9745,-1,-1,-1
303,2075,981.44,434.78,43.49,107.25,0.9742,-1,-1,-1
303,2070,1394.36,394.2,39.39,115.27,0.9734,-1,-1,-1
303,2076,1445.79,312.27,51.95,84.74,0.972,-1,-1,-1
303,2045,1797.02,595.14,76.25,151.14,0.9705,-1,-1,-1
303,2072,795.48,520.49,39.5,114.34,0.9705,-1,-1,-1
303,2080,1392.61,318.84,59.67,89.62,0.9695,-1,-1,-1
303,2091,834.14,538.64,42.26,133.68,0.9685,-1,-1,-1
303,2079,680.15,332.13,38.57,97.0,0.9679,-1,-1,-1
303,2068,1740.22,373.82,36.27,108.08,0.9633,-1,-1,-1
303,2077,739.73,358.34,35.08,100.22,0.9607,-1,-1,-1
303,2102,1011.79,861.76,59.03,185.64,0.9565,-1,-1,-1
303,2046,1664.06,403.21,32.79,112.93,0.9552,-1,-1,-1
303,2054,1037.24,223.24,28.17,87.97,0.9323,-1,-1,-1
303,2057,1216.58,225.1,33.51,68.97,0.9153,-1,-1,-1
304,2078,563.53,435.46,44.61,116.33,0.979,-1,-1,-1
304,2052,1321.83,538.54,60.12,117.2,0.9766,-1,-1,-1
304,2045,1803.53,599.71,80.13,149.71,0.9761,-1,-1,-1
304,2076,1448.1,312.37,49.44,84.6,0.9744,-1,-1,-1
304,2091,835.38,538.64,44.74,131.33,0.9743,-1,-1,-1
304,2106,65.19,672.14,69.89,160.67,0.9728,-1,-1,-1
304,2072,794.27,523.87,43.42,113.96,0.9727,-1,-1,-1
304,2068,1741.18,374.17,41.89,109.73,0.9707,-1,-1,-1
304,2070,1395.51,397.64,42.29,113.5,0.9705,-1,-1,-1
304,2080,1391.53,319.13,62.11,87.64,0.9693,-1,-1,-1
304,2081,450.0,413.23,63.13,108.22,0.9687,-1,-1,-1
304,2079,679.54,332.38,38.5,98.35,0.9662,-1,-1,-1
304,2077,740.02,359.61,34.79,101.83,0.9647,-1,-1,-1
304,2046,1667.5,402.22,33.64,115.64,0.9589,-1,-1,-1
304,2102,1016.48,862.03,60.19,185.3,0.9587,-1,-1,-1
304,2075,985.52,437.93,42.73,107.06,0.9575,-1,-1,-1
304,2054,1040.51,225.21,28.61,86.0,0.9322,-1,-1,-1
304,2057,1221.26,224.04,29.99,71.16,0.9234,-1,-1,-1
305,2078,563.7,437.32,46.11,115.86,0.9787,-1,-1,-1
305,2045,1811.56,602.35,79.22,147.91,0.9773,-1,-1,-1
305,2052,1325.2,540.61,54.25,117.33,0.9763,-1,-1,-1
305,2076,1448.51,312.71,42.67,87.51,0.9752,-1,-1,-1
305,2070,1395.41,398.13,47.37,115.2,0.9752,-1,-1,-1
305,2106,66.18,671.97,69.85,159.32,0.9741,-1,-1,-1
305,2068,1741.54,375.49,48.16,109.03,0.9723,-1,-1,-1
305,2091,839.95,541.44,44.46,129.55,0.9715,-1,-1,-1
305,2072,790.76,526.4,52.02,112.96,0.9702,-1,-1,-1
305,2081,451.91,414.36,60.08,107.99,0.9687,-1,-1,-1
305,2075,989.69,438.44,41.37,108.07,0.9646,-1,-1,-1
305,2080,1389.59,319.51,57.64,86.54,0.9645,-1,-1,-1
305,2079,679.16,333.79,37.67,98.36,0.9636,-1,-1,-1
305,2046,1672.03,402.06,34.52,117.89,0.9626,-1,-1,-1
305,2077,738.42,360.37,35.64,102.09,0.9619,-1,-1,-1
305,2102,1023.71,861.79,63.61,184.21,0.9512,-1,-1,-1
305,2054,1043.79,226.63,28.94,85.32,0.9319,-1,-1,-1
305,2057,1226.25,227.88,24.77,67.73,0.8449,-1,-1,-1
306,2078,563.54,438.28,46.66,115.08,0.978,-1,-1,-1
306,2045,1815.4,602.97,79.28,147.88,0.9776,-1,-1,-1
306,2052,1326.12,541.17,50.24,118.04,0.9772,-1,-1,-1
306,2070,1395.31,399.09,48.85,113.17,0.9748,-1,-1,-1
306,2091,839.51,542.01,46.9,129.84,0.9737,-1,-1,-1
306,2106,65.42,672.75,69.12,160.24,0.9733,-1,-1,-1
306,2068,1743.17,376.73,48.3,108.04,0.9724,-1,-1,-1
306,2046,1672.48,402.59,39.61,117.26,0.9719,-1,-1,-1
306,2072,788.78,528.44,56.56,111.72,0.9707,-1,-1,-1
306,2076,1448.08,312.39,40.69,88.16,0.9696,-1,-1,-1
306,2077,737.13,360.84,37.32,102.56,0.9687,-1,-1,-1
306,2102,1025.52,863.35,67.5,184.44,0.9644,-1,-1,-1
306,2079,679.65,335.36,37.25,96.37,0.9627,-1,-1,-1
306,2080,1386.49,320.3,56.67,88.27,0.9622,-1,-1,-1
306,2054,1044.21,226.42,30.4,86.68,0.9464,-1,-1,-1
306,2081,451.65,415.75,57.43,106.39,0.9102,-1,-1,-1
306,2075,991.8,438.15,40.27,109.15,0.9097,-1,-1,-1
306,2057,1230.8,227.47,24.43,70.29,0.8573,-1,-1,-1
307,2091,843.45,542.29,46.25,131.8,0.9768,-1,-1,-1
307,2045,1824.68,602.74,76.97,151.85,0.9768,-1,-1,-1
307,2078,563.3,440.55,47.76,114.51,0.9767,-1,-1,-1
307,2081,448.56,414.15,51.79,109.36,0.9763,-1,-1,-1
307,2077,732.08,360.31,46.17,103.39,0.9759,-1,-1,-1
307,2052,1327.89,541.54,43.22,119.52,0.9757,-1,-1,-1
307,2068,1748.21,380.52,49.45,105.56,0.9736,-1,-1,-1
307,2106,63.84,675.28,66.19,156.79,0.9735,-1,-1,-1
307,2070,1391.54,402.61,57.36,110.27,0.9726,-1,-1,-1
307,2046,1674.49,403.08,43.19,118.11,0.9724,-1,-1,-1
307,2072,786.81,529.14,61.54,113.25,0.972,-1,-1,-1
307,2102,1032.29,862.67,68.82,179.21,0.969,-1,-1,-1
307,2080,1381.73,320.29,48.17,90.87,0.9666,-1,-1,-1
307,2079,678.48,337.85,37.67,95.86,0.9651,-1,-1,-1
307,2076,1447.86,311.57,36.89,87.59,0.9637,-1,-1,-1
307,2054,1043.36,229.33,35.64,84.18,0.9199,-1,-1,-1
307,2057,1231.47,225.48,29.49,73.9,0.9134,-1,-1,-1
307,2075,995.51,435.36,38.87,112.22,0.5858,-1,-1,-1
307,2108,1099.37,219.03,36.25,62.71,0.4663,-1,-1,-1
308,2078,564.71,443.6,45.85,113.97,0.9772,-1,-1,-1
308,2091,847.65,541.34,44.12,132.54,0.9762,-1,-1,-1
308,2081,446.07,412.66,44.38,111.54,0.9752,-1,-1,-1
308,2077,728.43,360.04,55.17,105.74,0.975,-1,-1,-1
308,2102,1040.07,865.14,66.18,178.21,0.9749,-1,-1,-1
308,2070,1393.01,402.74,58.63,109.85,0.9745,-1,-1,-1
308,2046,1679.5,403.99,44.4,116.29,0.9744,-1,-1,-1
308,2072,788.15,530.8,62.17,112.54,0.9733,-1,-1,-1
308,2068,1756.73,381.99,45.66,104.6,0.9722,-1,-1,-1
308,2045,1835.09,605.12,70.81,151.48,0.9719,-1,-1,-1
308,2052,1329.8,539.53,41.59,123.66,0.9706,-1,-1,-1
308,2079,674.4,340.4,39.94,97.86,0.97,-1,-1,-1
308,2080,1380.36,319.76,44.94,91.51,0.9695,-1,-1,-1
308,2054,1041.45,231.47,42.33,82.89,0.9658,-1,-1,-1
308,2106,62.77,678.82,63.94,152.38,0.9638,-1,-1,-1
308,2076,1446.98,310.79,35.36,90.33,0.9615,-1,-1,-1
308,2057,1231.37,227.36,36.04,71.58,0.9422,-1,-1,-1
309,2081,445.54,412.31,41.83,112.87,0.9769,-1,-1,-1
309,2078,566.27,445.46,44.17,111.82,0.9755,-1,-1,-1
309,2091,849.83,541.55,43.22,131.82,0.975,-1,-1,-1
309,2077,725.67,360.18,60.65,105.89,0.9747,-1,-1,-1
309,2045,1838.51,605.38,69.14,152.47,0.9745,-1,-1,-1
309,2068,1760.73,383.0,43.44,104.18,0.9745,-1,-1,-1
309,2070,1394.77,404.41,58.12,110.13,0.9741,-1,-1,-1
309,2052,1330.81,538.34,43.19,125.09,0.9735,-1,-1,-1
309,2072,788.82,531.88,61.37,112.67,0.9729,-1,-1,-1
309,2046,1682.42,405.18,44.06,115.6,0.9719,-1,-1,-1
309,2080,1380.14,319.03,48.5,93.54,0.9712,-1,-1,-1
309,2079,672.08,343.14,41.76,96.45,0.9708,-1,-1,-1
309,2102,1045.62,865.57,63.67,178.7,0.9697,-1,-1,-1
309,2054,1041.77,234.1,44.53,81.77,0.9694,-1,-1,-1
309,2076,1446.8,311.1,35.79,90.1,0.9639,-1,-1,-1
309,2057,1231.15,226.84,39.39,73.08,0.9602,-1,-1,-1
309,2106,63.25,679.83,63.98,150.85,0.9517,-1,-1,-1
309,2075,1001.01,430.79,37.67,122.52,0.7243,-1,-1,-1
310,2046,1688.9,409.75,44.54,112.19,0.9784,-1,-1,-1
310,2077,724.17,361.22,66.17,105.13,0.9782,-1,-1,-1
310,2081,444.57,412.28,42.35,112.25,0.9779,-1,-1,-1
310,2045,1848.79,606.66,61.98,152.31,0.9774,-1,-1,-1
310,2070,1401.29,404.66,50.07,112.14,0.9746,-1,-1,-1
310,2078,568.18,447.48,39.72,111.71,0.9741,-1,-1,-1
310,2079,667.14,347.37,47.18,93.39,0.9736,-1,-1,-1
310,2080,1382.94,317.81,50.58,95.22,0.9735,-1,-1,-1
310,2091,853.15,538.64,41.87,137.73,0.9729,-1,-1,-1
310,2052,1331.42,537.28,49.33,128.67,0.9728,-1,-1,-1
310,2068,1767.8,385.24,40.15,105.61,0.9726,-1,-1,-1
310,2072,788.1,532.62,60.71,113.54,0.9716,-1,-1,-1
310,2102,1053.1,867.45,61.79,179.36,0.967,-1,-1,-1
310,2054,1041.34,237.46,50.62,79.63,0.9666,-1,-1,-1
310,2057,1233.66,228.48,44.75,73.57,0.9661,-1,-1,-1
310,2076,1447.22,311.88,34.43,88.39,0.9597,-1,-1,-1
310,2106,62.29,681.12,64.88,151.58,0.9566,-1,-1,-1
311,2077,725.51,363.41,66.28,104.38,0.9795,-1,-1,-1
311,2081,444.14,412.8,43.97,112.88,0.9785,-1,-1,-1
311,2079,664.44,350.31,50.26,93.01,0.9753,-1,-1,-1
311,2045,1853.42,607.0,57.54,153.54,0.9749,-1,-1,-1
311,2070,1405.0,408.92,44.04,109.06,0.9749,-1,-1,-1
311,2046,1694.74,411.43,42.04,111.78,0.9743,-1,-1,-1
311,2080,1382.87,317.22,50.34,92.39,0.9732,-1,-1,-1
311,2054,1043.17,239.42,57.23,79.27,0.9729,-1,-1,-1
311,2052,1332.45,536.3,53.04,126.57,0.9713,-1,-1,-1
311,2091,855.85,536.26,42.48,139.11,0.9712,-1,-1,-1
311,2102,1060.14,866.44,59.69,179.23,0.9698,-1,-1,-1
311,2068,1774.22,387.21,39.1,104.76,0.9685,-1,-1,-1
311,2072,788.04,532.33,55.77,117.61,0.9663,-1,-1,-1
311,2057,1236.33,234.76,47.34,68.63,0.9619,-1,-1,-1
311,2106,62.38,678.97,63.13,155.97,0.9596,-1,-1,-1
311,2078,569.91,448.32,36.21,111.23,0.9583,-1,-1,-1
311,2076,1446.51,313.26,35.84,88.24,0.9558,-1,-1,-1
311,2075,1005.88,427.82,41.69,121.36,0.788,-1,-1,-1
312,2081,443.8,413.16,45.07,111.65,0.9786,-1,-1,-1
312,2077,727.96,364.79,63.84,103.39,0.9784,-1,-1,-1
312,2070,1404.51,408.35,43.31,110.35,0.9753,-1,-1,-1
312,2079,664.72,350.53,49.91,92.85,0.9748,-1,-1,-1
312,2080,1382.48,317.03,51.69,91.95,0.9748,-1,-1,-1
312,2072,788.47,530.68,49.01,118.59,0.9744,-1,-1,-1
312,2045,1854.25,607.7,56.64,154.23,0.9737,-1,-1,-1
312,2054,1044.1,239.97,58.37,80.13,0.9727,-1,-1,-1
312,2091,857.57,535.36,43.1,139.52,0.9725,-1,-1,-1
312,2046,1697.14,412.4,41.37,110.95,0.9724,-1,-1,-1
312,2052,1332.48,536.57,54.85,122.08,0.9718,-1,-1,-1
312,2068,1776.39,385.78,40.38,106.53,0.9692,-1,-1,-1
312,2076,1445.24,313.64,39.55,88.31,0.9645,-1,-1,-1
312,2102,1063.17,864.48,58.45,182.31,0.963,-1,-1,-1
312,2057,1239.01,236.53,47.91,68.05,0.9618,-1,-1,-1
312,2078,570.03,448.15,36.5,112.44,0.9609,-1,-1,-1
312,2075,1007.12,429.96,42.01,115.43,0.9549,-1,-1,-1
312,2106,62.6,678.35,62.8,156.8,0.9543,-1,-1,-1
313,2081,443.33,413.82,47.12,111.31,0.9769,-1,-1,-1
313,2091,861.35,535.43,43.85,133.15,0.9758,-1,-1,-1
313,2077,732.11,366.07,58.83,103.21,0.9751,-1,-1,-1
313,2079,666.89,351.02,50.62,92.84,0.9741,-1,-1,-1
313,2072,787.77,529.07,43.45,120.78,0.9734,-1,-1,-1
313,2070,1406.3,408.49,40.55,110.82,0.9731,-1,-1,-1
313,2052,1333.19,536.22,58.57,119.83,0.9725,-1,-1,-1
313,2080,1381.53,316.67,52.94,90.07,0.9719,-1,-1,-1
313,2078,570.21,447.46,39.09,113.76,0.9718,-1,-1,-1
313,2046,1700.35,411.85,41.64,113.3,0.9717,-1,-1,-1
313,2076,1446.03,311.83,46.26,89.76,0.9705,-1,-1,-1
313,2045,1857.17,609.53,54.39,153.33,0.9689,-1,-1,-1
313,2068,1781.85,384.41,41.56,108.45,0.9671,-1,-1,-1
313,2054,1049.36,241.03,59.96,78.79,0.9649,-1,-1,-1
313,2102,1069.01,861.52,57.98,183.7,0.9635,-1,-1,-1
313,2057,1245.86,238.36,46.97,66.33,0.9549,-1,-1,-1
313,2106,63.33,677.45,64.37,156.88,0.9289,-1,-1,-1
313,2075,1009.6,430.07,43.62,112.07,0.7869,-1,-1,-1
313,2108,1108.76,222.31,34.8,62.71,0.5927,-1,-1,-1
314,2081,443.73,415.63,47.2,111.02,0.9767,-1,-1,-1
314,2091,864.09,535.37,45.1,129.91,0.9758,-1,-1,-1
314,2052,1335.62,537.2,56.11,117.48,0.974,-1,-1,-1
314,2077,735.13,366.81,53.8,102.74,0.974,-1,-1,-1
314,2072,787.94,528.57,45.15,121.53,0.9733,-1,-1,-1
314,2078,571.37,447.0,44.88,114.38,0.9726,-1,-1,-1
314,2070,1407.63,407.13,42.0,112.28,0.9723,-1,-1,-1
314,2080,1382.51,315.93,50.57,92.23,0.9716,-1,-1,-1
314,2054,1056.71,240.62,60.04,79.8,0.9711,-1,-1,-1
314,2068,1790.87,383.43,40.25,109.71,0.9698,-1,-1,-1
314,2076,1448.6,311.91,53.07,88.91,0.9689,-1,-1,-1
314,2079,670.87,351.35,51.99,93.0,0.9628,-1,-1,-1
314,2045,1861.94,610.79,56.25,151.99,0.9613,-1,-1,-1
314,2046,1705.99,410.87,41.48,115.16,0.9547,-1,-1,-1
314,2057,1254.17,240.41,43.63,64.17,0.943,-1,-1,-1
314,2102,1074.35,860.53,59.25,183.99,0.9394,-1,-1,-1
314,2075,1011.95,431.1,45.14,112.97,0.9391,-1,-1,-1
314,2106,64.4,675.25,64.45,157.89,0.9287,-1,-1,-1
314,2108,1110.51,221.05,35.87,63.35,0.4868,-1,-1,-1
315,2070,1408.59,404.9,44.29,114.41,0.978,-1,-1,-1
315,2081,445.26,417.21,44.7,110.74,0.9767,-1,-1,-1
315,2091,865.48,536.13,46.8,130.8,0.9744,-1,-1,-1
315,2052,1336.83,537.78,54.96,119.05,0.9742,-1,-1,-1
315,2077,736.49,367.08,50.74,103.06,0.9736,-1,-1,-1
315,2078,571.97,446.95,47.3,114.54,0.9735,-1,-1,-1
315,2079,673.95,350.44,50.7,94.05,0.9731,-1,-1,-1
315,2046,1708.07,410.39,43.71,116.21,0.9728,-1,-1,-1
315,2072,788.71,529.14,44.22,122.08,0.9721,-1,-1,-1
315,2076,1449.78,312.19,55.92,88.02,0.972,-1,-1,-1
315,2080,1383.32,317.17,46.73,92.83,0.9714,-1,-1,-1
315,2054,1061.03,241.44,57.32,78.51,0.9685,-1,-1,-1
315,2068,1793.72,383.52,41.29,111.22,0.9678,-1,-1,-1
315,2075,1014.24,431.09,44.66,114.46,0.9615,-1,-1,-1
315,2045,1864.64,613.08,54.27,151.49,0.959,-1,-1,-1
315,2102,1077.37,859.9,62.7,185.57,0.9589,-1,-1,-1
315,2057,1257.89,241.75,43.13,63.48,0.9483,-1,-1,-1
315,2106,64.45,673.41,64.24,161.79,0.9327,-1,-1,-1
315,2108,1112.2,221.35,36.63,62.61,0.7923,-1,-1,-1
316,2070,1411.49,405.82,47.11,113.74,0.9785,-1,-1,-1
316,2046,1714.23,410.6,45.32,117.3,0.9777,-1,-1,-1
316,2091,867.62,539.23,48.4,129.72,0.9776,-1,-1,-1
316,2076,1450.29,313.41,59.17,85.03,0.9753,-1,-1,-1
316,2079,679.26,349.83,43.57,95.07,0.9749,-1,-1,-1
316,2077,739.32,366.73,44.0,104.65,0.9748,-1,-1,-1
316,2081,448.18,421.41,39.38,110.41,0.9741,-1,-1,-1
316,2106,66.64,675.24,64.83,157.59,0.9728,-1,-1,-1
316,2078,570.81,446.85,54.33,118.34,0.9726,-1,-1,-1
316,2068,1800.3,382.77,42.66,110.81,0.9723,-1,-1,-1
316,2054,1069.3,241.26,53.24,80.29,0.9722,-1,-1,-1
316,2052,1336.9,540.05,54.59,119.23,0.9715,-1,-1,-1
316,2072,790.16,532.28,40.55,122.91,0.9694,-1,-1,-1
316,2102,1084.16,861.25,62.34,181.57,0.9621,-1,-1,-1
316,2080,1385.21,318.06,38.97,93.94,0.9618,-1,-1,-1
316,2045,1869.84,615.85,50.06,150.12,0.9569,-1,-1,-1
316,2075,1018.64,436.51,44.43,110.7,0.9496,-1,-1,-1
316,2057,1266.91,245.77,41.1,60.39,0.9336,-1,-1,-1
316,2108,1113.97,222.2,37.11,63.04,0.488,-1,-1,-1
317,2046,1720.13,410.07,46.85,116.87,0.9768,-1,-1,-1
317,2091,870.12,540.36,48.9,130.72,0.9758,-1,-1,-1
317,2106,69.56,677.85,64.54,154.47,0.9757,-1,-1,-1
317,2070,1415.52,406.16,48.79,116.42,0.9741,-1,-1,-1
317,2076,1449.77,315.11,57.5,82.08,0.9727,-1,-1,-1
317,2052,1336.73,542.61,52.14,119.44,0.9723,-1,-1,-1
317,2079,680.88,349.25,39.71,95.63,0.972,-1,-1,-1
317,2075,1022.05,438.35,47.35,111.4,0.9719,-1,-1,-1
317,2102,1089.39,863.33,64.0,176.58,0.9706,-1,-1,-1
317,2068,1808.78,385.14,41.81,110.46,0.9706,-1,-1,-1
317,2077,741.97,366.74,37.82,106.07,0.9686,-1,-1,-1
317,2054,1077.91,241.67,46.2,80.61,0.9683,-1,-1,-1
317,2081,447.77,423.32,36.81,109.66,0.9658,-1,-1,-1
317,2072,791.69,537.12,36.59,119.29,0.9648,-1,-1,-1
317,2045,1875.18,619.24,44.37,145.1,0.9621,-1,-1,-1
317,2078,571.42,450.31,57.56,114.52,0.9613,-1,-1,-1
317,2080,1385.94,320.42,34.79,92.46,0.9549,-1,-1,-1
317,2057,1276.42,247.25,38.43,61.34,0.9208,-1,-1,-1
318,2046,1723.44,410.51,47.06,118.05,0.9779,-1,-1,-1
318,2091,872.44,540.68,48.1,131.05,0.9766,-1,-1,-1
318,2106,71.87,679.62,63.74,153.07,0.9765,-1,-1,-1
318,2052,1336.57,542.59,51.59,120.86,0.9757,-1,-1,-1
318,2070,1416.6,407.07,51.07,115.52,0.9754,-1,-1,-1
318,2075,1024.42,438.88,47.48,112.37,0.9726,-1,-1,-1
318,2068,1812.96,386.7,41.54,109.93,0.9719,-1,-1,-1
318,2076,1448.92,316.27,56.56,81.86,0.9699,-1,-1,-1
318,2077,743.28,366.94,37.46,106.89,0.9694,-1,-1,-1
318,2079,681.93,348.83,38.27,96.01,0.9692,-1,-1,-1
318,2078,573.9,451.65,55.26,115.56,0.969,-1,-1,-1
318,2102,1093.61,865.15,63.27,175.45,0.9685,-1,-1,-1
318,2081,447.05,424.76,37.15,109.05,0.9668,-1,-1,-1
318,2054,1081.31,243.08,44.6,80.65,0.9664,-1,-1,-1
318,2045,1878.0,622.19,41.39,142.09,0.9652,-1,-1,-1
318,2072,792.16,539.28,36.72,119.38,0.9642,-1,-1,-1
318,2080,1387.31,320.06,35.39,93.29,0.9565,-1,-1,-1
318,2057,1281.0,249.92,37.4,59.15,0.9279,-1,-1,-1
319,2052,1337.59,542.62,54.58,124.28,0.9766,-1,-1,-1
319,2046,1731.01,413.46,47.01,115.92,0.9765,-1,-1,-1
319,2091,876.79,539.25,47.87,134.76,0.9757,-1,-1,-1
319,2070,1420.11,410.33,52.12,113.43,0.9756,-1,-1,-1
319,2106,76.7,682.9,60.87,148.02,0.9753,-1,-1,-1
319,2078,579.12,456.27,50.92,113.36,0.9747,-1,-1,-1
319,2102,1101.04,868.74,65.82,177.08,0.9738,-1,-1,-1
319,2075,1032.5,439.59,46.46,113.76,0.973,-1,-1,-1
319,2081,447.35,425.82,41.59,109.82,0.9718,-1,-1,-1
319,2068,1822.25,391.09,40.78,107.58,0.971,-1,-1,-1
319,2077,745.98,367.8,38.63,106.36,0.9698,-1,-1,-1
319,2079,684.01,348.04,37.56,99.55,0.9698,-1,-1,-1
319,2080,1390.21,319.72,41.96,94.24,0.9685,-1,-1,-1
319,2072,792.54,544.93,38.24,117.72,0.9663,-1,-1,-1
319,2076,1448.73,317.52,52.05,84.37,0.9647,-1,-1,-1
319,2054,1087.07,244.26,44.38,80.41,0.9585,-1,-1,-1
319,2057,1289.28,250.85,37.4,62.41,0.9265,-1,-1,-1
319,2045,1885.2,632.76,34.8,133.17,0.9017,-1,-1,-1
320,2072,787.73,549.1,47.63,117.12,0.9786,-1,-1,-1
320,2046,1737.99,417.09,47.66,112.59,0.9771,-1,-1,-1
320,2106,81.08,685.41,57.83,147.84,0.977,-1,-1,-1
320,2078,581.95,460.48,47.2,113.61,0.977,-1,-1,-1
320,2081,447.6,427.89,49.77,110.27,0.977,-1,-1,-1
320,2070,1426.85,414.2,48.92,113.13,0.9748,-1,-1,-1
320,2091,882.87,538.84,46.12,137.46,0.9742,-1,-1,-1
320,2052,1340.55,541.99,57.88,127.98,0.973,-1,-1,-1
320,2102,1107.84,867.46,65.54,182.16,0.9714,-1,-1,-1
320,2080,1390.97,320.82,47.42,94.26,0.9711,-1,-1,-1
320,2068,1829.47,395.61,41.7,106.87,0.9684,-1,-1,-1
320,2076,1449.58,317.68,51.83,87.51,0.9682,-1,-1,-1
320,2077,748.45,369.44,41.27,108.72,0.9675,-1,-1,-1
320,2079,686.6,349.92,36.81,99.39,0.9637,-1,-1,-1
320,2054,1090.88,248.44,47.74,79.29,0.9617,-1,-1,-1
320,2075,1038.74,438.84,46.53,116.9,0.9566,-1,-1,-1
320,2057,1299.21,252.22,35.36,64.64,0.926,-1,-1,-1
320,2045,1896.69,651.98,23.31,119.29,0.6987,-1,-1,-1
321,2081,447.61,426.42,52.41,113.85,0.9787,-1,-1,-1
321,2078,582.78,462.29,45.55,113.13,0.9775,-1,-1,-1
321,2106,82.75,686.02,57.61,149.2,0.9774,-1,-1,-1
321,2070,1429.63,416.44,47.27,111.38,0.9765,-1,-1,-1
321,2072,784.99,552.46,54.83,115.58,0.9757,-1,-1,-1
321,2046,1742.8,419.53,45.52,113.51,0.9753,-1,-1,-1
321,2052,1342.12,541.99,59.61,128.57,0.9752,-1,-1,-1
321,2102,1111.34,867.46,64.92,182.75,0.9732,-1,-1,-1
321,2076,1451.65,317.37,54.19,89.43,0.9727,-1,-1,-1
321,2077,749.52,371.38,41.9,108.55,0.9724,-1,-1,-1
321,2091,885.74,539.56,45.84,136.95,0.9723,-1,-1,-1
321,2075,1042.0,438.32,47.19,120.23,0.971,-1,-1,-1
321,2068,1834.02,397.96,40.58,104.88,0.9697,-1,-1,-1
321,2080,1390.5,321.39,50.36,94.75,0.9648,-1,-1,-1
321,2054,1093.0,249.69,49.96,79.17,0.9637,-1,-1,-1
321,2079,687.61,349.96,37.43,101.17,0.96,-1,-1,-1
321,2057,1304.11,255.66,35.51,63.92,0.9185,-1,-1,-1
321,2045,1899.07,649.61,20.93,127.18,0.7056,-1,-1,-1
322,2106,87.83,685.61,56.6,150.08,0.9783,-1,-1,-1
322,2052,1344.89,542.83,62.41,128.87,0.9778,-1,-1,-1
322,2077,750.17,375.71,45.55,108.3,0.9758,-1,-1,-1
322,2078,583.46,464.73,42.06,113.79,0.9758,-1,-1,-1
322,2081,446.12,429.48,58.04,113.71,0.975,-1,-1,-1
322,2070,1436.14,420.32,42.24,113.18,0.9746,-1,-1,-1
322,2075,1047.7,438.33,47.2,122.85,0.9739,-1,-1,-1
322,2072,782.39,554.78,63.39,117.64,0.9736,-1,-1,-1
322,2091,891.55,540.06,45.68,136.62,0.9723,-1,-1,-1
322,2046,1751.04,425.69,41.5,110.21,0.9719,-1,-1,-1
322,2076,1450.56,318.83,58.39,88.86,0.9716,-1,-1,-1
322,2054,1095.99,253.52,54.72,78.25,0.9705,-1,-1,-1
322,2068,1841.63,401.65,40.2,105.94,0.9684,-1,-1,-1
322,2079,690.27,352.35,37.84,101.55,0.9656,-1,-1,-1
322,2080,1387.59,324.52,56.49,90.38,0.9614,-1,-1,-1
322,2102,1118.48,866.94,65.95,184.94,0.958,-1,-1,-1
322,2057,1314.89,256.68,34.71,66.42,0.9197,-1,-1,-1
323,2078,584.49,466.24,42.43,115.1,0.9764,-1,-1,-1
323,2077,753.72,380.8,42.7,105.16,0.9763,-1,-1,-1
323,2091,896.14,542.23,46.94,131.98,0.9762,-1,-1,-1
323,2081,443.07,431.1,63.05,113.6,0.9756,-1,-1,-1
323,2106,89.92,685.25,57.89,154.24,0.9754,-1,-1,-1
323,2052,1345.9,544.54,65.12,121.07,0.9723,-1,-1,-1
323,2070,1441.8,422.41,38.42,113.35,0.9714,-1,-1,-1
323,2076,1450.03,320.17,62.1,85.84,0.9712,-1,-1,-1
323,2068,1849.05,403.91,38.82,106.85,0.9711,-1,-1,-1
323,2072,779.66,557.73,73.27,118.89,0.9707,-1,-1,-1
323,2079,692.04,354.97,38.52,101.55,0.9685,-1,-1,-1
323,2046,1758.85,430.9,38.39,109.69,0.9678,-1,-1,-1
323,2102,1126.59,870.3,66.42,183.36,0.9664,-1,-1,-1
323,2054,1098.94,255.93,60.06,79.61,0.9643,-1,-1,-1
323,2075,1054.41,439.73,45.53,116.66,0.9575,-1,-1,-1
323,2080,1389.56,326.9,54.81,90.81,0.9253,-1,-1,-1
323,2057,1326.6,259.67,32.32,66.5,0.8956,-1,-1,-1
323,2108,1138.86,236.34,27.39,61.04,0.751,-1,-1,-1
324,2078,584.72,466.84,44.31,115.77,0.9796,-1,-1,-1
324,2091,898.08,543.89,46.43,129.78,0.9766,-1,-1,-1
324,2081,442.82,433.23,64.37,113.18,0.9759,-1,-1,-1
324,2106,90.13,685.33,59.59,156.17,0.975,-1,-1,-1
324,2052,1346.18,545.17,65.63,121.05,0.9733,-1,-1,-1
324,2076,1450.48,321.74,60.64,83.56,0.9732,-1,-1,-1
324,2072,780.9,560.81,74.06,118.22,0.973,-1,-1,-1
324,2077,755.76,383.03,40.86,103.8,0.9715,-1,-1,-1
324,2046,1762.02,433.06,39.62,108.71,0.9694,-1,-1,-1
324,2079,692.89,356.89,38.53,100.24,0.9694,-1,-1,-1
324,2054,1101.47,257.67,60.43,79.81,0.9678,-1,-1,-1
324,2068,1853.38,404.38,37.04,107.59,0.9642,-1,-1,-1
324,2070,1444.55,423.37,36.59,113.29,0.961,-1,-1,-1
324,2075,1056.97,439.92,45.95,116.91,0.9601,-1,-1,-1
324,2102,1128.56,868.75,64.74,187.28,0.9569,-1,-1,-1
324,2080,1388.05,328.09,53.19,92.26,0.9544,-1,-1,-1
324,2057,1331.09,261.87,32.5,66.42,0.9163,-1,-1,-1
324,2108,1141.52,238.16,26.62,60.92,0.3683,-1,-1,-1
325,2078,585.63,468.58,47.63,117.57,0.9791,-1,-1,-1
325,2052,1347.69,548.07,63.97,122.32,0.9761,-1,-1,-1
325,2046,1766.51,434.73,46.0,109.7,0.9757,-1,-1,-1
325,2091,903.48,547.2,47.34,130.99,0.9743,-1,-1,-1
325,2106,89.91,687.0,61.12,157.61,0.9735,-1,-1,-1
325,2079,692.41,362.24,40.18,100.4,0.9731,-1,-1,-1
325,2072,785.18,565.64,68.89,118.68,0.9712,-1,-1,-1
325,2081,442.77,439.61,63.91,111.69,0.9708,-1,-1,-1
325,2068,1859.76,405.16,38.05,108.12,0.9706,-1,-1,-1
325,2076,1451.01,323.29,56.1,86.3,0.9701,-1,-1,-1
325,2070,1446.91,423.83,38.38,116.4,0.9687,-1,-1,-1
325,2077,758.14,386.21,37.92,102.96,0.9682,-1,-1,-1
325,2054,1108.26,264.94,58.39,76.74,0.966,-1,-1,-1
325,2080,1386.0,331.68,48.83,93.19,0.9636,-1,-1,-1
325,2075,1062.69,443.13,46.01,112.73,0.9619,-1,-1,-1
325,2102,1134.36,868.95,65.18,186.25,0.9598,-1,-1,-1
325,2057,1339.42,265.4,32.48,66.29,0.9125,-1,-1,-1
325,2108,1141.87,239.83,31.3,67.69,0.3188,-1,-1,-1
326,2091,908.31,550.34,47.06,131.16,0.9782,-1,-1,-1
326,2046,1769.48,436.08,51.51,112.78,0.9776,-1,-1,-1
326,2106,88.33,689.2,61.71,150.48,0.9772,-1,-1,-1
326,2052,1350.08,552.74,55.77,121.33,0.9744,-1,-1,-1
326,2078,583.5,470.59,51.94,120.73,0.9743,-1,-1,-1
326,2075,1067.35,446.47,44.67,111.77,0.9733,-1,-1,-1
326,2070,1448.39,425.94,41.86,119.17,0.9727,-1,-1,-1
326,2068,1866.03,406.42,40.33,112.12,0.9711,-1,-1,-1
326,2079,689.41,368.13,42.89,96.79,0.9711,-1,-1,-1
326,2081,441.65,442.93,61.89,112.66,0.9706,-1,-1,-1
326,2080,1384.48,334.11,42.79,92.85,0.9703,-1,-1,-1
326,2076,1449.34,326.6,47.66,86.71,0.9679,-1,-1,-1
326,2072,789.76,569.29,56.54,116.96,0.9674,-1,-1,-1
326,2077,757.18,388.66,37.99,103.87,0.9665,-1,-1,-1
326,2054,1113.51,270.59,55.39,73.28,0.9591,-1,-1,-1
326,2102,1141.36,870.72,66.83,184.67,0.9559,-1,-1,-1
326,2057,1347.4,266.64,31.87,67.62,0.9364,-1,-1,-1
327,2106,88.12,690.68,61.5,148.02,0.9765,-1,-1,-1
327,2091,910.78,551.73,45.95,130.52,0.9763,-1,-1,-1
327,2052,1352.83,554.48,47.55,120.44,0.975,-1,-1,-1
327,2046,1770.36,436.36,53.11,115.29,0.9746,-1,-1,-1
327,2078,583.09,471.93,53.71,120.36,0.9745,-1,-1,-1
327,2070,1449.43,425.91,42.28,119.26,0.9741,-1,-1,-1
327,2080,1384.13,333.67,45.05,93.74,0.9721,-1,-1,-1
327,2068,1869.11,406.9,41.43,112.0,0.9708,-1,-1,-1
327,2079,687.02,370.22,45.79,94.46,0.9702,-1,-1,-1
327,2081,440.32,444.64,59.76,111.45,0.9696,-1,-1,-1
327,2075,1070.14,448.06,44.16,111.84,0.9681,-1,-1,-1
327,2072,790.3,569.13,50.9,118.04,0.9669,-1,-1,-1
327,2077,757.64,388.94,37.32,103.97,0.9668,-1,-1,-1
327,2076,1448.89,327.86,43.24,86.26,0.9647,-1,-1,-1
327,2054,1116.1,267.41,55.87,77.43,0.9637,-1,-1,-1
327,2102,1143.79,871.32,68.84,184.45,0.959,-1,-1,-1
327,2057,1350.99,268.67,31.6,66.1,0.939,-1,-1,-1
328,2106,87.32,692.19,59.35,146.54,0.9789,-1,-1,-1
328,2075,1074.04,452.72,44.98,108.85,0.9769,-1,-1,-1
328,2078,583.47,475.12,53.82,117.8,0.9763,-1,-1,-1
328,2070,1448.61,426.41,47.99,117.42,0.9752,-1,-1,-1
328,2091,915.06,551.85,44.63,131.1,0.9742,-1,-1,-1
328,2080,1385.58,333.05,45.45,95.44,0.9726,-1,-1,-1
328,2081,439.04,445.29,51.11,112.53,0.9719,-1,-1,-1
328,2072,787.54,569.28,43.42,119.43,0.9712,-1,-1,-1
328,2052,1355.06,555.55,39.37,121.41,0.9709,-1,-1,-1
328,2102,1151.51,876.32,67.37,178.76,0.9698,-1,-1,-1
328,2046,1773.57,436.11,55.09,116.96,0.9687,-1,-1,-1
328,2068,1875.2,405.89,41.74,112.46,0.9686,-1,-1,-1
328,2076,1445.19,328.4,43.37,87.05,0.9675,-1,-1,-1
328,2079,683.89,373.5,47.99,93.35,0.9672,-1,-1,-1
328,2077,758.59,388.02,35.97,107.55,0.9669,-1,-1,-1
328,2054,1123.1,271.11,54.74,75.19,0.9615,-1,-1,-1
328,2057,1357.64,270.66,31.87,65.21,0.9327,-1,-1,-1
329,2106,83.19,693.5,59.81,147.58,0.9775,-1,-1,-1
329,2078,584.53,477.5,50.28,116.02,0.9772,-1,-1,-1
329,2052,1352.02,553.15,44.87,124.43,0.9752,-1,-1,-1
329,2081,437.56,444.24,44.07,113.4,0.9745,-1,-1,-1
329,2091,916.86,548.61,44.06,133.8,0.9738,-1,-1,-1
329,2070,1446.96,426.94,51.88,116.31,0.9726,-1,-1,-1
329,2077,758.8,388.7,38.55,108.4,0.9717,-1,-1,-1
329,2046,1774.33,437.48,54.83,109.31,0.9704,-1,-1,-1
329,2079,682.36,375.28,48.94,92.28,0.9702,-1,-1,-1
329,2075,1079.31,453.36,42.62,109.53,0.9692,-1,-1,-1
329,2080,1380.44,331.76,51.14,96.1,0.9692,-1,-1,-1
329,2102,1153.45,875.91,69.82,180.52,0.9678,-1,-1,-1
329,2076,1440.2,327.27,53.08,87.5,0.9672,-1,-1,-1
329,2068,1878.44,407.58,41.14,109.45,0.967,-1,-1,-1
329,2072,784.86,568.89,37.9,120.87,0.9644,-1,-1,-1
329,2054,1127.57,272.47,56.46,73.65,0.9513,-1,-1,-1
329,2057,1362.94,271.75,31.41,65.98,0.9386,-1,-1,-1
330,2078,584.41,478.6,49.06,114.96,0.9776,-1,-1,-1
330,2106,81.22,692.71,59.76,148.92,0.9768,-1,-1,-1
330,2052,1350.32,550.5,49.33,127.73,0.9754,-1,-1,-1
330,2081,437.34,443.27,43.8,114.64,0.9751,-1,-1,-1
330,2077,758.43,387.28,41.08,110.13,0.9736,-1,-1,-1
330,2070,1447.1,427.29,52.84,116.15,0.9733,-1,-1,-1
330,2079,680.68,375.26,50.18,93.32,0.9725,-1,-1,-1
330,2091,918.39,546.19,43.11,137.53,0.9722,-1,-1,-1
330,2102,1155.17,875.88,67.84,180.58,0.9704,-1,-1,-1
330,2080,1379.13,329.49,52.12,94.85,0.9687,-1,-1,-1
330,2072,783.94,569.09,38.51,121.28,0.9684,-1,-1,-1
330,2068,1880.73,409.2,39.27,108.25,0.967,-1,-1,-1
330,2076,1437.49,326.61,57.44,88.74,0.9665,-1,-1,-1
330,2046,1774.03,437.88,54.19,109.17,0.9656,-1,-1,-1
330,2054,1130.56,272.11,57.51,75.53,0.9354,-1,-1,-1
330,2057,1365.77,270.79,30.55,66.94,0.9225,-1,-1,-1
330,2075,1081.7,452.58,40.54,109.96,0.8331,-1,-1,-1
331,2077,754.11,385.91,46.86,109.92,0.9762,-1,-1,-1
331,2106,77.83,690.52,60.12,151.13,0.9756,-1,-1,-1
331,2078,583.19,479.97,43.26,113.87,0.9754,-1,-1,-1
331,2081,436.61,440.84,43.86,116.92,0.9751,-1,-1,-1
331,2070,1451.14,429.17,49.36,114.81,0.975,-1,-1,-1
331,2052,1345.72,548.35,55.86,129.09,0.9731,-1,-1,-1
331,2091,920.35,543.38,43.37,139.13,0.9717,-1,-1,-1
331,2072,776.33,568.8,42.64,124.44,0.9712,-1,-1,-1
331,2079,680.26,374.92,52.3,92.86,0.9711,-1,-1,-1
331,2102,1160.02,875.77,63.05,181.79,0.9705,-1,-1,-1
331,2080,1373.51,328.88,55.43,91.43,0.9674,-1,-1,-1
331,2076,1432.72,326.9,62.84,85.19,0.9661,-1,-1,-1
331,2068,1883.08,411.02,36.92,108.3,0.9613,-1,-1,-1
331,2054,1136.82,268.66,58.56,77.9,0.9467,-1,-1,-1
331,2046,1774.4,438.78,49.76,106.84,0.9275,-1,-1,-1
331,2057,1370.93,270.42,29.79,68.44,0.8833,-1,-1,-1
331,2075,1084.06,450.14,39.36,113.46,0.4069,-1,-1,-1
332,2106,74.08,686.37,63.2,155.22,0.9772,-1,-1,-1
332,2070,1453.51,431.2,45.84,113.38,0.9758,-1,-1,-1
332,2091,921.37,542.57,43.92,133.06,0.9758,-1,-1,-1
332,2077,751.13,385.54,50.65,109.94,0.9753,-1,-1,-1
332,2081,431.94,439.42,47.71,117.15,0.9741,-1,-1,-1
332,2052,1342.36,546.26,63.03,124.18,0.9731,-1,-1,-1
332,2046,1774.99,437.58,45.61,108.62,0.9709,-1,-1,-1
332,2079,683.46,374.5,50.56,92.55,0.9694,-1,-1,-1
332,2072,768.47,571.29,40.93,124.34,0.9688,-1,-1,-1
332,2076,1425.66,326.44,65.15,79.63,0.9684,-1,-1,-1
332,2102,1163.57,871.56,59.93,182.4,0.9678,-1,-1,-1
332,2054,1145.43,267.54,56.34,79.28,0.9643,-1,-1,-1
332,2080,1370.74,328.17,52.28,92.65,0.9632,-1,-1,-1
332,2078,581.12,478.93,38.31,114.82,0.9624,-1,-1,-1
332,2075,1086.89,446.86,38.26,116.27,0.9584,-1,-1,-1
332,2068,1885.11,415.89,34.89,104.24,0.9452,-1,-1,-1
332,2057,1375.27,273.97,29.68,65.02,0.8742,-1,-1,-1
333,2106,72.1,683.0,63.82,157.88,0.9783,-1,-1,-1
333,2070,1452.6,431.75,45.24,112.73,0.9772,-1,-1,-1
333,2091,921.27,542.32,44.53,132.6,0.9762,-1,-1,-1
333,2077,749.68,385.69,52.37,109.83,0.9759,-1,-1,-1
333,2081,430.79,439.59,48.74,115.52,0.9741,-1,-1,-1
333,2052,1341.13,545.25,63.46,121.37,0.9714,-1,-1,-1
333,2079,684.32,374.23,46.95,92.03,0.9698,-1,-1,-1
333,2072,765.8,571.25,41.09,124.43,0.969,-1,-1,-1
333,2078,579.02,478.77,37.18,114.63,0.9662,-1,-1,-1
333,2046,1775.69,437.15,45.4,109.56,0.9654,-1,-1,-1
333,2076,1421.57,325.9,64.46,80.95,0.9644,-1,-1,-1
333,2102,1166.28,868.68,57.1,184.89,0.9623,-1,-1,-1
333,2075,1086.95,444.84,38.85,119.51,0.9606,-1,-1,-1
333,2054,1149.62,266.94,56.44,79.65,0.9573,-1,-1,-1
333,2080,1369.0,329.89,48.62,91.42,0.9547,-1,-1,-1
333,2068,1885.07,413.92,34.93,106.96,0.9503,-1,-1,-1
333,2057,1377.42,272.52,30.32,65.49,0.8684,-1,-1,-1
334,2070,1450.1,431.44,43.71,112.53,0.9782,-1,-1,-1
334,2106,67.99,678.9,64.88,162.83,0.9777,-1,-1,-1
334,2091,920.22,542.19,46.65,129.04,0.9765,-1,-1,-1
334,2077,748.3,386.63,53.77,108.69,0.9759,-1,-1,-1
334,2081,422.29,440.39,53.53,115.47,0.9733,-1,-1,-1
334,2078,575.31,477.69,41.96,115.97,0.9706,-1,-1,-1
334,2052,1337.43,544.05,63.73,119.15,0.9687,-1,-1,-1
334,2079,686.16,371.47,38.19,95.4,0.9677,-1,-1,-1
334,2080,1366.01,331.05,39.7,89.96,0.9629,-1,-1,-1
334,2072,766.01,573.77,35.57,123.91,0.9578,-1,-1,-1
334,2102,1169.73,867.69,55.12,184.15,0.9552,-1,-1,-1
334,2068,1885.81,412.58,34.19,110.25,0.9541,-1,-1,-1
334,2076,1416.95,326.07,58.72,82.12,0.9537,-1,-1,-1
334,2075,1086.76,439.71,40.07,125.2,0.9349,-1,-1,-1
334,2054,1160.8,274.08,47.31,73.31,0.9324,-1,-1,-1
334,2046,1775.9,435.19,48.17,112.91,0.9144,-1,-1,-1
334,2057,1380.77,272.01,30.34,67.07,0.8362,-1,-1,-1
335,2078,571.29,476.25,48.03,118.91,0.9775,-1,-1,-1
335,2091,917.41,542.41,50.08,129.74,0.9764,-1,-1,-1
335,2070,1447.41,430.54,43.31,114.87,0.9759,-1,-1,-1
335,2052,1334.73,545.77,58.21,119.34,0.9754,-1,-1,-1
335,2077,748.42,388.2,52.36,107.19,0.9743,-1,-1,-1
335,2081,418.0,441.99,52.65,114.18,0.9708,-1,-1,-1
335,2072,759.15,576.29,37.55,121.01,0.9674,-1,-1,-1
335,2076,1411.27,325.47,45.24,83.09,0.967,-1,-1,-1
335,2046,1774.43,432.64,50.41,114.92,0.9647,-1,-1,-1
335,2079,683.8,369.34,34.55,96.54,0.9563,-1,-1,-1
335,2080,1360.67,329.5,35.44,92.27,0.9554,-1,-1,-1
335,2054,1170.13,271.28,46.94,76.4,0.9549,-1,-1,-1
335,2102,1170.83,868.18,56.94,182.68,0.9519,-1,-1,-1
335,2068,1888.45,410.4,31.5,113.66,0.9417,-1,-1,-1
335,2075,1086.48,439.2,41.74,121.55,0.9364,-1,-1,-1
335,2106,64.56,675.63,63.1,163.83,0.914,-1,-1,-1
335,2057,1384.85,272.43,27.61,69.84,0.7548,-1,-1,-1
336,2078,569.46,476.34,49.89,118.48,0.9779,-1,-1,-1
336,2070,1446.33,429.24,44.47,116.36,0.9768,-1,-1,-1
336,2091,917.15,542.69,50.34,130.59,0.9766,-1,-1,-1
336,2081,417.61,443.65,49.28,111.23,0.9746,-1,-1,-1
336,2077,747.82,388.75,51.92,107.08,0.9741,-1,-1,-1
336,2072,753.85,576.25,42.08,122.27,0.9727,-1,-1,-1
336,2052,1332.08,546.28,56.79,120.5,0.971,-1,-1,-1
336,2046,1773.73,431.51,51.65,115.68,0.97,-1,-1,-1
336,2076,1409.32,325.46,43.83,82.95,0.9635,-1,-1,-1
336,2106,62.38,676.39,65.29,159.47,0.9567,-1,-1,-1
336,2075,1086.25,439.77,42.69,120.49,0.9519,-1,-1,-1
336,2102,1171.14,867.58,57.96,182.7,0.9499,-1,-1,-1
336,2079,682.15,368.9,35.12,95.37,0.9492,-1,-1,-1
336,2080,1358.57,328.23,37.87,92.91,0.9436,-1,-1,-1
336,2068,1888.92,409.37,31.08,107.5,0.9414,-1,-1,-1
336,2054,1176.26,271.63,45.92,75.86,0.9411,-1,-1,-1
336,2110,1133.1,239.66,31.34,69.31,0.8147,-1,-1,-1
336,2057,1389.35,269.23,26.35,74.6,0.3869,-1,-1,-1
337,2070,1445.68,427.48,45.9,117.85,0.9785,-1,-1,-1
337,2091,917.78,542.55,49.54,131.6,0.9768,-1,-1,-1
337,2081,414.89,445.27,46.9,112.12,0.9753,-1,-1,-1
337,2078,562.24,475.82,58.78,121.46,0.9744,-1,-1,-1
337,2080,1353.28,327.63,48.49,94.29,0.9741,-1,-1,-1
337,2106,57.75,676.05,66.56,154.31,0.9736,-1,-1,-1
337,2052,1323.19,547.29,56.44,121.14,0.9727,-1,-1,-1
337,2077,745.59,389.75,49.51,107.08,0.9713,-1,-1,-1
337,2046,1771.33,430.48,57.96,109.5,0.9711,-1,-1,-1
337,2076,1398.22,321.32,58.42,88.44,0.9682,-1,-1,-1
337,2072,743.49,577.26,50.87,123.28,0.9682,-1,-1,-1
337,2054,1185.09,270.63,47.32,78.92,0.9583,-1,-1,-1
337,2102,1172.27,868.53,61.55,180.02,0.9555,-1,-1,-1
337,2068,1892.31,407.34,27.69,108.04,0.9494,-1,-1,-1
337,2079,678.52,367.09,35.46,97.95,0.945,-1,-1,-1
337,2075,1085.53,440.61,45.06,115.83,0.8533,-1,-1,-1
338,2070,1445.01,426.5,47.04,120.89,0.9775,-1,-1,-1
338,2106,55.48,678.48,66.42,150.85,0.9766,-1,-1,-1
338,2091,920.84,541.04,45.84,133.48,0.9762,-1,-1,-1
338,2078,554.61,476.99,63.26,119.9,0.9745,-1,-1,-1
338,2046,1770.3,431.62,55.96,107.51,0.973,-1,-1,-1
338,2102,1173.44,870.7,65.45,176.43,0.9722,-1,-1,-1
338,2076,1393.21,320.05,61.42,89.12,0.9701,-1,-1,-1
338,2072,735.45,578.48,61.72,124.33,0.9695,-1,-1,-1
338,2080,1345.54,325.86,56.08,95.48,0.9695,-1,-1,-1
338,2052,1315.56,546.99,56.74,122.24,0.9695,-1,-1,-1
338,2081,412.88,446.88,38.23,111.98,0.9614,-1,-1,-1
338,2054,1188.87,271.68,51.26,78.44,0.9612,-1,-1,-1
338,2075,1083.98,441.98,48.55,115.76,0.9582,-1,-1,-1
338,2079,675.56,365.21,41.06,98.73,0.9582,-1,-1,-1
338,2068,1893.5,406.94,26.5,108.63,0.9423,-1,-1,-1
338,2077,745.18,388.9,45.14,108.7,0.941,-1,-1,-1
338,2057,1395.68,276.13,31.78,60.63,0.4125,-1,-1,-1
339,2106,54.18,680.27,66.21,149.62,0.978,-1,-1,-1
339,2070,1444.41,427.27,48.09,119.78,0.9778,-1,-1,-1
339,2046,1769.56,432.34,52.47,108.0,0.9767,-1,-1,-1
339,2102,1174.84,870.35,66.31,177.35,0.9751,-1,-1,-1
339,2072,729.96,578.64,68.1,126.38,0.9748,-1,-1,-1
339,2091,921.72,539.73,44.48,135.47,0.9748,-1,-1,-1
339,2078,554.14,478.75,63.61,118.64,0.9745,-1,-1,-1
339,2052,1312.42,546.79,59.75,124.07,0.9724,-1,-1,-1
339,2075,1083.95,443.38,48.8,113.86,0.9715,-1,-1,-1
339,2077,745.19,389.4,41.34,108.21,0.9697,-1,-1,-1
339,2076,1387.84,320.17,63.21,85.01,0.9677,-1,-1,-1
339,2081,409.81,446.96,38.51,111.74,0.9676,-1,-1,-1
339,2054,1190.87,271.19,54.39,79.67,0.9647,-1,-1,-1
339,2080,1340.95,326.99,58.59,91.36,0.9627,-1,-1,-1
339,2079,673.76,364.61,43.62,98.64,0.9461,-1,-1,-1
339,2068,1894.19,407.43,25.81,108.87,0.9368,-1,-1,-1
339,2057,1395.71,273.69,35.04,64.42,0.7913,-1,-1,-1
340,2046,1768.53,433.32,44.99,109.28,0.9789,-1,-1,-1
340,2106,53.57,683.09,62.82,149.97,0.9785,-1,-1,-1
340,2070,1443.48,428.84,50.46,118.29,0.9775,-1,-1,-1
340,2052,1307.03,544.56,67.28,129.03,0.9752,-1,-1,-1
340,2078,555.06,482.23,59.17,117.97,0.9746,-1,-1,-1
340,2072,723.55,583.01,73.58,124.66,0.973,-1,-1,-1
340,2075,1083.09,446.95,49.86,112.34,0.972,-1,-1,-1
340,2091,922.67,537.93,42.97,138.22,0.9716,-1,-1,-1
340,2080,1330.28,329.9,65.11,87.76,0.9709,-1,-1,-1
340,2081,406.22,447.89,39.5,113.13,0.9706,-1,-1,-1
340,2077,744.76,390.33,38.0,109.93,0.9698,-1,-1,-1
340,2102,1176.55,871.55,66.05,181.14,0.9681,-1,-1,-1
340,2076,1380.54,321.94,64.63,85.72,0.9651,-1,-1,-1
340,2054,1195.51,272.49,59.09,80.98,0.962,-1,-1,-1
340,2079,670.54,365.76,42.3,99.92,0.9548,-1,-1,-1
340,2068,1895.14,408.84,24.86,110.84,0.9303,-1,-1,-1
340,2057,1399.3,277.64,31.74,60.13,0.9148,-1,-1,-1
341,2052,1303.12,542.83,68.69,130.99,0.9776,-1,-1,-1
341,2070,1442.89,430.52,49.39,115.25,0.9767,-1,-1,-1
341,2106,52.89,682.49,59.01,153.2,0.9765,-1,-1,-1
341,2081,400.4,447.37,44.66,116.34,0.974,-1,-1,-1
341,2078,551.6,484.83,55.11,117.99,0.9723,-1,-1,-1
341,2077,742.92,390.96,39.67,111.03,0.9721,-1,-1,-1
341,2072,723.96,586.82,66.6,124.12,0.9717,-1,-1,-1
341,2091,922.98,537.62,42.3,136.16,0.971,-1,-1,-1
341,2054,1203.64,274.13,60.89,83.09,0.9707,-1,-1,-1
341,2046,1767.64,434.54,40.17,110.43,0.9706,-1,-1,-1
341,2075,1083.08,450.13,49.89,111.62,0.9703,-1,-1,-1
341,2102,1180.39,872.23,65.35,182.31,0.9702,-1,-1,-1
341,2080,1324.55,329.56,56.55,90.81,0.9669,-1,-1,-1
341,2079,668.09,368.09,40.01,98.71,0.9546,-1,-1,-1
341,2076,1372.87,322.57,61.99,83.25,0.9535,-1,-1,-1
341,2057,1402.09,279.19,35.77,61.56,0.9491,-1,-1,-1
341,2068,1897.11,414.25,22.89,108.56,0.9,-1,-1,-1
342,2052,1300.62,542.51,70.27,128.11,0.9775,-1,-1,-1
342,2070,1442.94,431.76,48.38,115.21,0.9771,-1,-1,-1
342,2106,51.55,681.26,58.85,155.23,0.9761,-1,-1,-1
342,2075,1083.78,450.72,49.35,112.15,0.9761,-1,-1,-1
342,2081,397.46,446.82,47.09,118.23,0.973,-1,-1,-1
342,2091,922.83,538.23,42.53,132.08,0.9722,-1,-1,-1
342,2077,741.49,391.27,40.64,111.97,0.9722,-1,-1,-1
342,2054,1208.66,275.58,59.4,81.34,0.9716,-1,-1,-1
342,2078,549.38,485.66,52.69,117.98,0.9713,-1,-1,-1
342,2072,725.31,588.79,59.94,122.87,0.9708,-1,-1,-1
342,2046,1766.7,434.18,40.98,110.26,0.9708,-1,-1,-1
342,2102,1180.67,871.01,66.41,184.25,0.9706,-1,-1,-1
342,2080,1322.45,330.46,53.66,90.79,0.9656,-1,-1,-1
342,2057,1401.94,280.48,38.11,62.98,0.9465,-1,-1,-1
342,2079,666.34,369.1,38.01,97.92,0.9421,-1,-1,-1
342,2076,1370.23,323.79,57.54,85.48,0.929,-1,-1,-1
342,2068,1897.24,415.6,22.76,107.79,0.9255,-1,-1,-1
343,2072,725.08,589.64,50.83,124.23,0.977,-1,-1,-1
343,2078,545.27,485.87,45.4,120.1,0.9769,-1,-1,-1
343,2046,1765.23,432.22,47.7,112.62,0.9757,-1,-1,-1
343,2091,922.25,538.81,43.1,128.63,0.9742,-1,-1,-1
343,2106,48.43,678.82,57.07,158.22,0.9732,-1,-1,-1
343,2081,386.15,446.66,57.0,120.11,0.9729,-1,-1,-1
343,2077,738.91,391.14,41.39,111.62,0.9723,-1,-1,-1
343,2102,1180.93,869.1,67.39,183.35,0.9701,-1,-1,-1
343,2052,1296.13,542.66,71.72,119.42,0.9699,-1,-1,-1
343,2070,1442.91,434.14,44.81,115.03,0.9689,-1,-1,-1
343,2075,1086.54,450.38,46.38,113.93,0.9659,-1,-1,-1
343,2054,1217.76,275.83,58.33,83.72,0.9612,-1,-1,-1
343,2057,1404.15,279.75,41.74,66.81,0.9595,-1,-1,-1
343,2079,661.92,374.07,39.8,96.82,0.959,-1,-1,-1
343,2076,1362.95,324.69,40.84,88.09,0.9504,-1,-1,-1
343,2080,1322.48,331.35,37.09,91.82,0.9386,-1,-1,-1
343,2068,1898.97,417.64,21.03,108.21,0.9276,-1,-1,-1
344,2052,1291.01,544.15,73.13,116.36,0.9783,-1,-1,-1
344,2077,734.2,392.23,44.07,111.42,0.9761,-1,-1,-1
344,2075,1087.6,447.85,45.25,117.88,0.9754,-1,-1,-1
344,2046,1761.35,429.91,53.29,117.34,0.9752,-1,-1,-1
344,2091,920.78,539.29,44.95,130.57,0.9744,-1,-1,-1
344,2078,540.39,485.43,41.66,121.27,0.9744,-1,-1,-1
344,2079,657.42,376.33,40.1,95.33,0.9685,-1,-1,-1
344,2102,1180.97,867.42,68.14,183.67,0.9679,-1,-1,-1
344,2081,375.92,447.97,64.13,116.79,0.9667,-1,-1,-1
344,2072,719.9,589.81,41.01,125.12,0.9656,-1,-1,-1
344,2076,1351.56,323.82,41.36,89.99,0.9648,-1,-1,-1
344,2070,1442.67,434.85,41.15,116.06,0.9588,-1,-1,-1
344,2080,1313.56,330.61,33.53,93.33,0.9528,-1,-1,-1
344,2057,1406.73,280.41,43.29,66.8,0.9504,-1,-1,-1
344,2054,1230.72,275.33,53.09,84.42,0.9437,-1,-1,-1
344,2068,1899.22,418.05,20.78,109.33,0.9281,-1,-1,-1
344,2106,43.86,673.04,56.09,164.35,0.8594,-1,-1,-1
345,2077,731.97,392.54,44.01,111.45,0.9777,-1,-1,-1
345,2078,536.74,483.91,42.87,122.44,0.9764,-1,-1,-1
345,2091,919.99,539.12,45.03,130.61,0.9757,-1,-1,-1
345,2081,370.47,448.4,67.64,115.57,0.974,-1,-1,-1
345,2075,1087.07,446.08,45.58,120.24,0.9732,-1,-1,-1
345,2046,1756.47,428.99,58.5,116.33,0.9729,-1,-1,-1
345,2106,40.55,673.36,57.51,165.07,0.9717,-1,-1,-1
345,2052,1287.35,543.3,71.44,119.72,0.9717,-1,-1,-1
345,2079,653.52,377.57,42.27,94.24,0.9709,-1,-1,-1
345,2076,1345.5,323.88,47.71,90.86,0.9695,-1,-1,-1
345,2070,1441.43,435.62,40.92,115.73,0.9682,-1,-1,-1
345,2072,715.32,588.26,40.01,127.13,0.9674,-1,-1,-1
345,2102,1181.1,864.56,68.47,187.3,0.9634,-1,-1,-1
345,2054,1237.27,273.46,50.9,86.06,0.9625,-1,-1,-1
345,2057,1408.14,279.95,44.4,66.42,0.9603,-1,-1,-1
345,2080,1309.58,329.28,36.03,94.3,0.9581,-1,-1,-1
345,2068,1898.37,417.74,21.63,110.25,0.9109,-1,-1,-1
346,2091,917.86,538.62,45.98,130.93,0.9776,-1,-1,-1
346,2077,727.41,393.42,43.95,109.94,0.9774,-1,-1,-1
346,2106,32.36,670.8,58.51,164.34,0.975,-1,-1,-1
346,2081,364.86,448.61,69.07,115.71,0.9738,-1,-1,-1
346,2078,529.79,481.52,46.72,124.83,0.973,-1,-1,-1
346,2076,1331.76,322.14,58.7,89.75,0.9722,-1,-1,-1
346,2046,1749.8,427.57,59.6,108.65,0.9721,-1,-1,-1
346,2052,1281.32,543.82,63.44,119.48,0.9716,-1,-1,-1
346,2072,707.61,588.31,40.36,126.75,0.97,-1,-1,-1
346,2070,1437.27,433.19,39.75,117.35,0.9693,-1,-1,-1
346,2079,647.37,379.72,42.34,91.51,0.9665,-1,-1,-1
346,2057,1410.31,278.88,47.86,67.55,0.9654,-1,-1,-1
346,2080,1298.74,325.66,42.7,97.71,0.9637,-1,-1,-1
346,2102,1179.15,862.08,71.04,188.27,0.9617,-1,-1,-1
346,2054,1252.21,271.95,42.91,86.1,0.948,-1,-1,-1
346,2075,1085.42,442.43,45.21,123.5,0.9062,-1,-1,-1
346,2068,1894.92,415.83,25.08,111.66,0.904,-1,-1,-1
347,2078,520.42,479.88,51.11,125.52,0.9765,-1,-1,-1
347,2106,22.72,669.83,64.79,158.14,0.9758,-1,-1,-1
347,2091,916.73,535.01,45.67,133.69,0.9747,-1,-1,-1
347,2079,639.87,380.3,45.32,90.11,0.9732,-1,-1,-1
347,2081,362.12,450.03,67.19,114.99,0.9724,-1,-1,-1
347,2046,1746.66,426.46,55.66,108.47,0.9719,-1,-1,-1
347,2052,1275.92,541.46,51.17,120.0,0.9707,-1,-1,-1
347,2070,1432.84,430.73,39.78,120.49,0.9706,-1,-1,-1
347,2076,1318.56,320.95,65.51,85.37,0.9691,-1,-1,-1
347,2102,1180.08,860.87,72.19,187.89,0.967,-1,-1,-1
347,2072,699.09,588.41,38.62,128.54,0.9664,-1,-1,-1
347,2077,723.75,393.31,41.28,107.81,0.9662,-1,-1,-1
347,2080,1288.16,323.49,45.94,96.1,0.9605,-1,-1,-1
347,2057,1416.06,278.47,46.26,69.81,0.9558,-1,-1,-1
347,2068,1889.97,410.62,30.03,110.06,0.9501,-1,-1,-1
347,2054,1258.79,270.9,44.59,86.98,0.9482,-1,-1,-1
347,2075,1082.53,437.49,45.89,128.28,0.8543,-1,-1,-1
347,2113,1107.02,246.7,44.59,69.48,0.6217,-1,-1,-1
348,2091,916.4,533.22,45.63,134.98,0.9745,-1,-1,-1
348,2078,515.18,479.83,54.57,124.46,0.974,-1,-1,-1
348,2046,1743.27,425.12,52.7,110.43,0.9737,-1,-1,-1
348,2070,1430.33,429.84,41.78,121.07,0.9726,-1,-1,-1
348,2106,17.61,669.63,66.75,157.04,0.9719,-1,-1,-1
348,2081,359.39,450.56,66.31,114.32,0.9718,-1,-1,-1
348,2079,636.52,379.28,45.23,91.1,0.9715,-1,-1,-1
348,2072,693.9,588.57,39.2,128.2,0.97,-1,-1,-1
348,2102,1180.85,862.04,71.42,185.42,0.9697,-1,-1,-1
348,2077,722.73,393.83,39.19,106.81,0.9685,-1,-1,-1
348,2052,1273.43,540.28,46.36,121.4,0.9672,-1,-1,-1
348,2080,1281.78,323.73,50.0,95.44,0.9622,-1,-1,-1
348,2076,1312.85,321.11,66.73,86.26,0.96,-1,-1,-1
348,2075,1083.04,439.02,44.51,124.28,0.9572,-1,-1,-1
348,2054,1261.83,270.61,45.42,86.56,0.9562,-1,-1,-1
348,2068,1888.62,409.18,31.38,111.55,0.9492,-1,-1,-1
348,2057,1422.06,277.51,42.0,71.88,0.949,-1,-1,-1
348,2113,1106.69,247.09,43.15,68.69,0.5374,-1,-1,-1
349,2106,8.13,671.13,69.66,152.05,0.9791,-1,-1,-1
349,2046,1736.19,424.73,46.33,110.67,0.9758,-1,-1,-1
349,2078,508.69,480.79,57.12,124.14,0.9755,-1,-1,-1
349,2070,1423.06,428.09,47.14,118.56,0.9754,-1,-1,-1
349,2052,1264.48,535.63,47.48,125.77,0.975,-1,-1,-1
349,2102,1180.62,862.1,69.77,178.95,0.9728,-1,-1,-1
349,2091,914.21,529.35,46.06,139.6,0.9728,-1,-1,-1
349,2072,683.19,589.17,39.83,130.93,0.9728,-1,-1,-1
349,2079,630.61,382.34,43.05,87.46,0.9688,-1,-1,-1
349,2077,719.16,393.48,37.78,107.76,0.9682,-1,-1,-1
349,2081,353.08,449.69,59.01,115.83,0.9675,-1,-1,-1
349,2075,1081.9,438.77,44.47,118.89,0.963,-1,-1,-1
349,2068,1883.45,407.13,36.55,112.03,0.9619,-1,-1,-1
349,2080,1268.05,321.42,50.66,94.27,0.9601,-1,-1,-1
349,2057,1429.01,278.51,38.14,69.9,0.9509,-1,-1,-1
349,2076,1300.57,317.3,67.74,91.35,0.9402,-1,-1,-1
349,2054,1274.29,271.58,38.65,66.13,0.9232,-1,-1,-1
349,2113,1105.81,247.35,39.45,68.25,0.8778,-1,-1,-1
350,2106,0.67,673.58,67.83,151.98,0.9751,-1,-1,-1
350,2091,910.96,526.34,46.49,137.3,0.9735,-1,-1,-1
350,2078,504.46,482.58,53.38,121.25,0.9735,-1,-1,-1
350,2046,1731.26,423.14,44.96,111.95,0.9734,-1,-1,-1
350,2102,1181.49,863.3,67.42,179.0,0.9731,-1,-1,-1
350,2070,1415.31,426.0,52.09,118.24,0.9728,-1,-1,-1
350,2052,1253.69,532.27,57.86,128.94,0.9719,-1,-1,-1
350,2081,344.24,448.25,53.93,116.23,0.9711,-1,-1,-1
350,2079,625.2,379.34,44.46,91.33,0.9707,-1,-1,-1
350,2077,712.96,391.26,37.73,107.98,0.9684,-1,-1,-1
350,2068,1876.2,405.27,43.8,112.55,0.9662,-1,-1,-1
350,2075,1080.22,438.33,44.05,115.22,0.9651,-1,-1,-1
350,2072,676.16,591.79,38.13,128.93,0.9622,-1,-1,-1
350,2080,1253.82,323.31,51.5,89.68,0.954,-1,-1,-1
350,2057,1431.14,280.27,40.89,68.07,0.9532,-1,-1,-1
350,2054,1278.17,270.0,37.51,73.01,0.9193,-1,-1,-1
350,2076,1290.47,320.44,58.15,86.68,0.9112,-1,-1,-1
351,2091,907.57,524.94,48.16,136.85,0.9776,-1,-1,-1
351,2052,1248.19,531.01,61.93,129.35,0.9766,-1,-1,-1
351,2106,0.39,672.05,62.75,152.07,0.9764,-1,-1,-1
351,2081,339.76,448.1,53.24,115.48,0.9732,-1,-1,-1
351,2046,1727.57,422.58,46.1,112.53,0.9731,-1,-1,-1
351,2078,501.9,483.24,50.83,120.0,0.9726,-1,-1,-1
351,2079,623.52,379.23,44.31,90.99,0.972,-1,-1,-1
351,2070,1412.03,426.44,53.23,115.39,0.9714,-1,-1,-1
351,2072,670.92,592.76,39.58,128.51,0.971,-1,-1,-1
351,2102,1180.69,862.01,65.75,180.36,0.9706,-1,-1,-1
351,2068,1872.57,404.65,47.43,112.76,0.9683,-1,-1,-1
351,2077,710.2,390.62,36.88,109.13,0.968,-1,-1,-1
351,2057,1431.59,279.27,44.31,70.21,0.9636,-1,-1,-1
351,2075,1079.64,438.4,43.25,114.95,0.9618,-1,-1,-1
351,2080,1248.98,323.79,56.19,90.57,0.956,-1,-1,-1
351,2076,1288.25,316.38,49.58,81.55,0.728,-1,-1,-1
351,2054,1280.75,268.34,39.07,107.17,0.5557,-1,-1,-1
351,2113,1101.86,244.95,33.47,67.97,0.3259,-1,-1,-1
352,2046,1718.77,418.15,50.55,117.06,0.9782,-1,-1,-1
352,2070,1407.81,426.43,50.11,113.98,0.9781,-1,-1,-1
352,2072,653.86,593.83,48.24,128.7,0.9772,-1,-1,-1
352,2091,903.05,523.97,48.37,131.21,0.9766,-1,-1,-1
352,2081,330.66,445.37,45.97,116.59,0.9765,-1,-1,-1
352,2078,493.7,482.45,46.07,120.52,0.9749,-1,-1,-1
352,2079,619.71,379.22,42.69,89.56,0.9737,-1,-1,-1
352,2068,1867.95,406.32,51.67,111.96,0.9722,-1,-1,-1
352,2052,1237.72,528.17,66.88,131.96,0.9719,-1,-1,-1
352,2106,0.1,669.56,50.84,156.19,0.9713,-1,-1,-1
352,2075,1077.01,439.86,44.17,112.33,0.9684,-1,-1,-1
352,2057,1431.18,279.67,48.2,69.22,0.9667,-1,-1,-1
352,2102,1179.7,860.65,59.01,180.9,0.9666,-1,-1,-1
352,2077,703.4,388.09,37.05,111.16,0.9631,-1,-1,-1
352,2076,1270.56,316.09,39.28,89.41,0.9408,-1,-1,-1
352,2054,1287.38,271.37,31.71,83.14,0.9234,-1,-1,-1
352,2080,1243.52,319.29,39.34,95.0,0.9152,-1,-1,-1
352,2113,1097.41,244.03,29.28,67.32,0.6857,-1,-1,-1
353,2046,1710.14,414.49,52.49,115.7,0.9773,-1,-1,-1
353,2091,897.25,523.2,48.91,130.38,0.9772,-1,-1,-1
353,2081,321.76,444.04,43.64,115.66,0.9771,-1,-1,-1
353,2070,1404.49,426.04,44.46,115.92,0.9766,-1,-1,-1
353,2072,637.13,594.24,56.56,128.43,0.976,-1,-1,-1
353,2068,1864.37,406.83,54.44,111.13,0.9755,-1,-1,-1
353,2052,1224.17,526.49,72.0,119.16,0.9749,-1,-1,-1
353,2077,695.41,386.68,40.04,112.65,0.973,-1,-1,-1
353,2075,1073.26,441.08,44.16,111.68,0.973,-1,-1,-1
353,2079,614.26,377.76,37.52,90.15,0.9693,-1,-1,-1
353,2078,484.8,481.23,41.96,121.57,0.9673,-1,-1,-1
353,2076,1255.4,312.83,48.83,92.22,0.9666,-1,-1,-1
353,2057,1430.89,278.73,48.07,70.23,0.9646,-1,-1,-1
353,2106,0.03,669.84,38.53,151.56,0.9619,-1,-1,-1
353,2102,1175.97,856.4,55.91,185.39,0.9547,-1,-1,-1
353,2080,1231.82,318.99,35.24,95.5,0.9411,-1,-1,-1
353,2054,1292.61,274.1,30.86,79.37,0.9358,-1,-1,-1
354,2070,1399.12,426.75,44.76,115.1,0.9778,-1,-1,-1
354,2091,894.54,522.86,48.79,131.07,0.9766,-1,-1,-1
354,2081,315.71,443.52,45.44,115.75,0.9761,-1,-1,-1
354,2046,1704.03,413.09,55.6,112.63,0.9747,-1,-1,-1
354,2072,627.91,593.52,62.03,130.21,0.9739,-1,-1,-1
354,2068,1862.6,407.16,54.28,110.9,0.9738,-1,-1,-1
354,2077,689.35,386.07,42.58,113.34,0.9735,-1,-1,-1
354,2052,1214.75,525.51,77.57,119.92,0.9699,-1,-1,-1
354,2075,1072.03,440.57,43.45,112.63,0.9683,-1,-1,-1
354,2078,479.93,480.25,40.7,121.23,0.9682,-1,-1,-1
354,2076,1247.81,311.64,54.09,94.74,0.9667,-1,-1,-1
354,2057,1431.45,279.08,47.51,69.7,0.9612,-1,-1,-1
354,2079,610.52,376.41,35.02,91.07,0.9609,-1,-1,-1
354,2054,1293.91,274.97,32.95,78.99,0.953,-1,-1,-1
354,2080,1228.03,321.02,33.05,91.83,0.9328,-1,-1,-1
354,2102,1174.07,852.53,54.24,188.42,0.8987,-1,-1,-1
354,2106,0.0,672.77,34.0,146.4,0.8299,-1,-1,-1
355,2052,1200.81,524.85,78.65,119.62,0.9777,-1,-1,-1
355,2081,305.32,442.96,44.96,115.82,0.9774,-1,-1,-1
355,2046,1691.57,410.94,61.57,106.89,0.9762,-1,-1,-1
355,2068,1855.34,406.53,49.68,110.53,0.9761,-1,-1,-1
355,2077,676.67,384.92,50.23,113.78,0.9754,-1,-1,-1
355,2078,468.72,478.53,41.34,122.87,0.9727,-1,-1,-1
355,2070,1391.18,425.77,43.44,115.44,0.9722,-1,-1,-1
355,2072,612.14,593.09,72.94,131.9,0.9691,-1,-1,-1
355,2054,1292.29,276.7,41.84,77.09,0.9636,-1,-1,-1
355,2057,1434.01,278.44,44.85,69.43,0.9636,-1,-1,-1
355,2076,1233.42,310.44,60.22,93.28,0.9624,-1,-1,-1
355,2102,1168.53,850.24,52.91,188.27,0.9595,-1,-1,-1
355,2079,601.99,373.33,34.28,93.78,0.9551,-1,-1,-1
355,2091,888.95,522.34,48.44,132.07,0.944,-1,-1,-1
355,2080,1218.25,320.5,33.48,90.6,0.9316,-1,-1,-1
355,2075,1067.65,439.68,43.03,113.4,0.9204,-1,-1,-1
355,2106,0.0,680.86,24.07,134.51,0.7438,-1,-1,-1
356,2091,881.89,520.34,48.84,131.65,0.9771,-1,-1,-1
356,2072,599.75,592.83,79.5,132.23,0.9768,-1,-1,-1
356,2081,295.24,444.56,44.86,113.24,0.9757,-1,-1,-1
356,2077,663.57,385.5,57.01,112.68,0.9756,-1,-1,-1
356,2068,1846.44,405.15,43.75,111.48,0.9753,-1,-1,-1
356,2046,1681.45,410.0,55.28,109.95,0.9715,-1,-1,-1
356,2070,1379.94,423.09,45.96,117.38,0.9696,-1,-1,-1
356,2052,1191.82,525.47,71.57,123.72,0.9691,-1,-1,-1
356,2054,1288.63,275.6,54.35,77.25,0.9682,-1,-1,-1
356,2075,1060.88,435.51,44.48,116.29,0.9648,-1,-1,-1
356,2080,1202.84,320.78,38.86,91.5,0.9597,-1,-1,-1
356,2079,592.57,370.94,33.94,95.06,0.9596,-1,-1,-1
356,2102,1162.13,846.67,54.37,188.59,0.956,-1,-1,-1
356,2057,1437.29,274.91,42.74,72.7,0.9551,-1,-1,-1
356,2078,456.62,476.8,45.23,125.08,0.9466,-1,-1,-1
356,2076,1214.71,309.5,65.8,84.48,0.9351,-1,-1,-1
357,2072,592.13,595.0,84.69,128.23,0.9767,-1,-1,-1
357,2046,1676.75,409.68,47.39,109.89,0.9764,-1,-1,-1
357,2068,1842.21,403.54,43.52,112.44,0.9759,-1,-1,-1
357,2077,657.92,385.22,60.25,112.92,0.9756,-1,-1,-1
357,2078,449.57,477.41,48.37,123.3,0.9752,-1,-1,-1
357,2091,880.57,517.69,47.89,133.88,0.9748,-1,-1,-1
357,2070,1375.36,422.13,46.6,117.39,0.9725,-1,-1,-1
357,2052,1181.17,527.22,69.96,119.59,0.9709,-1,-1,-1
357,2081,288.94,445.82,46.1,113.5,0.9705,-1,-1,-1
357,2054,1287.32,275.14,57.95,77.8,0.9693,-1,-1,-1
357,2079,586.67,369.22,35.48,94.88,0.9621,-1,-1,-1
357,2102,1158.48,846.55,55.95,186.01,0.959,-1,-1,-1
357,2057,1439.64,273.14,39.5,74.87,0.9448,-1,-1,-1
357,2080,1193.43,317.2,43.32,91.75,0.9321,-1,-1,-1
357,2076,1207.78,307.49,64.0,88.31,0.9092,-1,-1,-1
357,2075,1058.27,432.85,45.26,119.4,0.909,-1,-1,-1
358,2077,652.36,386.33,58.69,111.05,0.9763,-1,-1,-1
358,2068,1832.53,401.39,44.09,113.3,0.9751,-1,-1,-1
358,2091,874.09,514.67,46.39,135.99,0.9748,-1,-1,-1
358,2070,1364.7,418.54,48.64,119.37,0.9742,-1,-1,-1
358,2078,432.97,476.54,60.71,124.67,0.9741,-1,-1,-1
358,2081,275.81,448.06,48.41,112.44,0.9712,-1,-1,-1
358,2079,573.55,366.86,37.43,98.57,0.9688,-1,-1,-1
358,2046,1665.65,408.51,40.5,110.57,0.9684,-1,-1,-1
358,2054,1284.07,273.16,61.63,80.66,0.9678,-1,-1,-1
358,2052,1162.01,526.31,71.75,121.49,0.9678,-1,-1,-1
358,2080,1167.97,308.6,59.84,98.68,0.9666,-1,-1,-1
358,2072,585.34,596.68,81.67,127.84,0.9598,-1,-1,-1
358,2102,1147.99,845.17,60.18,182.3,0.9554,-1,-1,-1
358,2075,1050.53,426.63,46.51,127.63,0.948,-1,-1,-1
358,2057,1440.08,272.69,34.85,75.06,0.9337,-1,-1,-1
359,2078,414.68,476.61,67.84,124.58,0.9783,-1,-1,-1
359,2072,578.08,595.29,73.08,130.74,0.9767,-1,-1,-1
359,2068,1821.81,399.09,45.09,114.98,0.9743,-1,-1,-1
359,2091,867.18,510.62,46.42,137.09,0.9732,-1,-1,-1
359,2070,1354.01,416.5,50.42,121.06,0.9722,-1,-1,-1
359,2046,1653.33,406.17,39.67,111.03,0.972,-1,-1,-1
359,2054,1282.73,272.01,58.68,81.8,0.9709,-1,-1,-1
359,2077,645.45,385.94,55.46,111.95,0.9707,-1,-1,-1
359,2081,264.42,449.31,48.14,113.21,0.9705,-1,-1,-1
359,2102,1139.28,846.97,63.53,178.47,0.9689,-1,-1,-1
359,2079,559.29,365.9,41.08,98.62,0.9689,-1,-1,-1
359,2080,1150.63,305.72,63.54,99.79,0.9679,-1,-1,-1
359,2052,1151.33,525.27,58.2,121.09,0.9659,-1,-1,-1
359,2057,1437.79,267.62,32.08,80.14,0.9541,-1,-1,-1
359,2075,1042.99,424.69,46.54,127.35,0.8879,-1,-1,-1
360,2081,258.27,450.28,48.27,110.48,0.9761,-1,-1,-1
360,2077,642.04,386.63,53.99,110.89,0.9755,-1,-1,-1
360,2072,574.14,595.84,67.74,130.78,0.9754,-1,-1,-1
360,2068,1814.57,398.0,46.48,115.81,0.9737,-1,-1,-1
360,2070,1347.73,415.81,51.27,117.94,0.9733,-1,-1,-1
360,2078,408.18,477.15,70.21,125.04,0.9733,-1,-1,-1
360,2079,552.51,365.31,42.15,98.28,0.9732,-1,-1,-1
360,2091,862.61,510.98,47.35,135.8,0.9708,-1,-1,-1
360,2052,1141.9,524.09,59.02,122.06,0.9708,-1,-1,-1
360,2054,1282.78,271.28,55.4,82.31,0.9705,-1,-1,-1
360,2046,1646.87,403.89,40.32,112.98,0.9701,-1,-1,-1
360,2102,1133.96,846.53,63.99,178.93,0.9679,-1,-1,-1
360,2080,1141.32,305.75,61.52,100.85,0.9679,-1,-1,-1
360,2057,1434.38,266.28,33.7,81.5,0.9501,-1,-1,-1
360,2075,1038.13,423.56,47.22,129.37,0.8564,-1,-1,-1
361,2077,633.8,384.44,50.37,111.9,0.9755,-1,-1,-1
361,2091,854.5,508.93,46.79,131.91,0.9753,-1,-1,-1
361,2072,561.51,594.53,57.25,131.28,0.9751,-1,-1,-1
361,2070,1335.28,415.18,51.66,112.38,0.9735,-1,-1,-1
361,2081,242.75,450.04,50.8,111.41,0.973,-1,-1,-1
361,2052,1126.2,520.0,62.61,125.39,0.9706,-1,-1,-1
361,2068,1796.74,397.37,51.42,114.66,0.9702,-1,-1,-1
361,2102,1122.11,844.88,68.18,178.25,0.969,-1,-1,-1
361,2046,1631.4,399.22,46.44,117.17,0.969,-1,-1,-1
361,2079,540.02,366.63,39.36,97.51,0.9688,-1,-1,-1
361,2054,1283.65,270.77,48.22,84.07,0.9677,-1,-1,-1
361,2080,1130.0,308.34,50.96,100.2,0.9638,-1,-1,-1
361,2078,396.79,478.97,68.59,122.77,0.9269,-1,-1,-1
361,2057,1428.69,265.14,33.33,82.83,0.9251,-1,-1,-1
361,2075,1028.89,423.51,47.12,128.59,0.6433,-1,-1,-1
362,2091,843.96,510.59,49.23,123.56,0.9767,-1,-1,-1
362,2068,1778.97,397.03,55.21,111.91,0.9747,-1,-1,-1
362,2077,624.8,383.27,45.42,112.26,0.974,-1,-1,-1
362,2072,546.98,591.67,47.78,132.52,0.9739,-1,-1,-1
362,2078,385.6,481.05,63.74,121.78,0.9734,-1,-1,-1
362,2070,1323.09,415.68,50.89,111.92,0.9729,-1,-1,-1
362,2081,224.42,449.24,55.97,112.22,0.9727,-1,-1,-1
362,2102,1112.57,842.74,65.14,179.88,0.9724,-1,-1,-1
362,2052,1109.98,516.36,65.13,127.33,0.9718,-1,-1,-1
362,2046,1609.48,398.52,59.39,113.08,0.9716,-1,-1,-1
362,2079,527.6,368.0,37.88,96.51,0.9659,-1,-1,-1
362,2054,1286.25,270.14,40.02,84.46,0.9654,-1,-1,-1
362,2115,1882.99,659.95,37.01,155.99,0.9601,-1,-1,-1
362,2057,1422.83,265.26,33.41,82.8,0.9465,-1,-1,-1
362,2080,1121.69,312.8,41.54,92.62,0.9259,-1,-1,-1
362,2075,1018.15,424.8,47.44,118.47,0.732,-1,-1,-1
363,2077,620.58,383.39,42.97,111.73,0.9757,-1,-1,-1
363,2052,1101.02,514.73,65.97,124.19,0.9757,-1,-1,-1
363,2091,839.52,510.83,49.48,123.46,0.9756,-1,-1,-1
363,2078,379.73,480.48,62.96,122.65,0.9741,-1,-1,-1
363,2072,539.19,591.34,42.07,132.52,0.9739,-1,-1,-1
363,2070,1317.72,416.75,48.13,110.96,0.9723,-1,-1,-1
363,2046,1596.77,396.66,61.78,106.66,0.9714,-1,-1,-1
363,2068,1771.43,397.88,55.27,109.86,0.9699,-1,-1,-1
363,2081,215.52,447.92,57.96,114.02,0.9699,-1,-1,-1
363,2102,1107.68,840.7,67.21,181.43,0.9686,-1,-1,-1
363,2054,1287.56,270.42,35.98,83.54,0.9591,-1,-1,-1
363,2079,521.26,368.88,36.52,95.27,0.9555,-1,-1,-1
363,2057,1418.49,263.46,35.6,85.03,0.9515,-1,-1,-1
363,2115,1872.77,657.81,47.23,159.03,0.9512,-1,-1,-1
363,2080,1115.17,313.76,38.63,92.46,0.9231,-1,-1,-1
363,2116,1106.53,301.89,31.03,79.19,0.7827,-1,-1,-1
363,2075,1011.71,424.92,49.2,117.49,0.633,-1,-1,-1
364,2091,830.81,510.84,49.77,124.35,0.9782,-1,-1,-1
364,2068,1760.1,399.22,50.58,109.31,0.9748,-1,-1,-1
364,2070,1307.36,416.41,43.94,111.75,0.9744,-1,-1,-1
364,2078,366.67,478.79,59.44,124.16,0.974,-1,-1,-1
364,2081,199.05,446.55,60.41,115.45,0.9726,-1,-1,-1
364,2077,610.17,382.31,41.76,111.86,0.9717,-1,-1,-1
364,2072,521.7,590.09,43.88,135.35,0.9715,-1,-1,-1
364,2046,1583.01,394.82,58.69,105.34,0.9711,-1,-1,-1
364,2052,1080.6,513.82,71.22,120.76,0.9697,-1,-1,-1
364,2115,1847.03,654.14,71.97,168.25,0.9671,-1,-1,-1
364,2102,1095.25,835.84,68.65,182.89,0.9536,-1,-1,-1
364,2057,1413.46,265.42,36.83,84.34,0.9476,-1,-1,-1
364,2079,510.71,371.96,34.99,93.03,0.9452,-1,-1,-1
364,2054,1288.56,268.27,29.98,85.93,0.9443,-1,-1,-1
364,2080,1101.94,316.23,39.17,86.2,0.9351,-1,-1,-1
364,2075,1000.57,427.59,49.8,113.42,0.8998,-1,-1,-1
365,2091,823.05,509.28,47.4,124.78,0.9785,-1,-1,-1
365,2078,353.15,477.94,54.6,125.39,0.9753,-1,-1,-1
365,2052,1057.67,513.37,76.74,119.89,0.9734,-1,-1,-1
365,2115,1823.37,654.49,91.99,166.13,0.9722,-1,-1,-1
365,2070,1295.16,415.9,42.54,111.12,0.9718,-1,-1,-1
365,2068,1749.77,399.11,42.72,109.65,0.9714,-1,-1,-1
365,2077,598.81,380.3,43.75,112.38,0.9711,-1,-1,-1
365,2081,185.4,446.53,60.7,116.0,0.9673,-1,-1,-1
365,2046,1566.47,394.24,48.9,108.82,0.9624,-1,-1,-1
365,2102,1081.24,829.14,70.47,190.29,0.9623,-1,-1,-1
365,2057,1405.03,267.82,41.64,82.84,0.9605,-1,-1,-1
365,2080,1083.12,314.6,42.34,88.08,0.9476,-1,-1,-1
365,2075,990.21,429.71,50.78,111.49,0.9475,-1,-1,-1
365,2079,499.2,373.16,31.61,93.16,0.9419,-1,-1,-1
365,2054,1284.7,268.24,28.77,87.34,0.9346,-1,-1,-1
365,2072,505.58,590.47,43.75,137.92,0.9344,-1,-1,-1
366,2052,1050.49,514.57,74.13,118.97,0.9803,-1,-1,-1
366,2091,817.94,508.01,48.27,126.16,0.977,-1,-1,-1
366,2077,592.77,381.07,44.1,111.34,0.9752,-1,-1,-1
366,2078,345.09,477.6,51.87,125.55,0.9745,-1,-1,-1
366,2072,496.81,590.64,45.14,138.6,0.9733,-1,-1,-1
366,2081,176.08,445.9,62.61,116.74,0.9724,-1,-1,-1
366,2070,1288.46,414.03,42.69,113.16,0.9717,-1,-1,-1
366,2068,1740.57,398.53,44.26,109.29,0.9713,-1,-1,-1
366,2046,1556.45,394.0,46.13,108.71,0.9646,-1,-1,-1
366,2102,1075.23,827.58,70.55,190.83,0.9642,-1,-1,-1
366,2115,1812.75,652.47,97.97,167.84,0.9589,-1,-1,-1
366,2057,1402.34,270.15,41.94,81.23,0.9586,-1,-1,-1
366,2080,1074.51,313.46,42.05,86.44,0.9524,-1,-1,-1
366,2118,1033.52,303.9,51.93,85.61,0.949,-1,-1,-1
366,2079,491.94,372.77,31.59,92.62,0.9451,-1,-1,-1
366,2054,1282.5,271.27,29.56,84.57,0.9081,-1,-1,-1
366,2075,985.0,428.23,50.06,112.82,0.8943,-1,-1,-1
367,2091,808.16,503.55,45.81,129.22,0.9785,-1,-1,-1
367,2078,333.02,476.11,45.91,126.88,0.975,-1,-1,-1
367,2072,474.92,592.44,51.8,139.37,0.975,-1,-1,-1
367,2068,1724.61,398.2,44.11,108.36,0.973,-1,-1,-1
367,2077,576.76,380.59,50.22,112.48,0.9727,-1,-1,-1
367,2115,1799.78,654.97,98.06,162.68,0.9724,-1,-1,-1
367,2052,1035.4,515.56,67.97,118.12,0.9703,-1,-1,-1
367,2081,162.64,446.07,62.21,117.73,0.9695,-1,-1,-1
367,2046,1536.94,391.98,44.7,109.97,0.9676,-1,-1,-1
367,2102,1063.3,824.97,70.96,185.95,0.9657,-1,-1,-1
367,2080,1054.6,314.75,41.41,86.88,0.9608,-1,-1,-1
367,2057,1394.87,272.68,45.22,79.37,0.9593,-1,-1,-1
367,2118,1014.38,301.42,48.46,89.39,0.9544,-1,-1,-1
367,2054,1276.16,268.97,31.62,87.69,0.9418,-1,-1,-1
367,2079,476.7,371.68,31.77,94.18,0.9345,-1,-1,-1
367,2070,1274.06,408.94,42.06,115.83,0.9312,-1,-1,-1
367,2075,976.64,429.25,47.54,111.6,0.597,-1,-1,-1
368,2091,796.8,499.27,45.65,132.35,0.9775,-1,-1,-1
368,2102,1054.24,825.0,69.35,174.84,0.9763,-1,-1,-1
368,2046,1521.41,388.45,44.87,112.51,0.9761,-1,-1,-1
368,2077,561.98,382.75,55.61,110.83,0.9736,-1,-1,-1
368,2070,1255.87,408.54,46.32,115.53,0.9735,-1,-1,-1
368,2052,1017.16,514.19,61.83,119.53,0.9727,-1,-1,-1
368,2081,150.4,446.36,62.34,118.06,0.9721,-1,-1,-1
368,2078,316.11,475.42,54.51,127.53,0.9711,-1,-1,-1
368,2068,1709.24,395.64,43.0,109.46,0.9696,-1,-1,-1
368,2072,450.66,596.09,61.38,135.58,0.969,-1,-1,-1
368,2079,455.14,369.63,40.39,95.69,0.9674,-1,-1,-1
368,2080,1037.66,314.97,41.59,85.92,0.9633,-1,-1,-1
368,2057,1386.97,273.27,43.88,78.61,0.9627,-1,-1,-1
368,2054,1270.71,271.05,35.05,87.89,0.952,-1,-1,-1
368,2115,1786.2,653.62,103.11,162.67,0.9473,-1,-1,-1
368,2118,1002.97,301.61,40.77,91.72,0.9407,-1,-1,-1
368,2075,970.77,427.01,43.89,113.61,0.6645,-1,-1,-1
369,2072,437.41,596.98,66.58,136.9,0.9762,-1,-1,-1
369,2081,144.42,447.76,62.38,116.22,0.9747,-1,-1,-1
369,2077,556.7,383.66,57.6,109.91,0.9722,-1,-1,-1
369,2068,1700.83,394.28,43.68,109.49,0.971,-1,-1,-1
369,2070,1248.86,407.89,46.82,111.83,0.9701,-1,-1,-1
369,2102,1048.42,824.31,70.1,174.18,0.9694,-1,-1,-1
369,2052,1009.03,513.76,58.21,118.71,0.9676,-1,-1,-1
369,2079,447.11,368.7,42.04,96.81,0.9673,-1,-1,-1
369,2091,791.28,497.27,46.88,134.04,0.9663,-1,-1,-1
369,2054,1267.49,272.72,39.5,86.7,0.9659,-1,-1,-1
369,2115,1781.41,654.19,96.92,163.74,0.9636,-1,-1,-1
369,2080,1031.35,314.56,40.14,86.3,0.9622,-1,-1,-1
369,2078,310.24,475.67,55.36,127.09,0.9564,-1,-1,-1
369,2057,1382.86,272.61,44.1,79.64,0.9537,-1,-1,-1
369,2046,1513.36,386.69,46.28,113.19,0.9458,-1,-1,-1
369,2118,995.56,300.18,40.06,93.11,0.9224,-1,-1,-1
370,2072,415.08,598.82,75.08,135.99,0.977,-1,-1,-1
370,2091,779.52,494.7,48.48,134.7,0.9769,-1,-1,-1
370,2052,994.71,510.77,44.24,121.32,0.9759,-1,-1,-1
370,2070,1236.33,407.22,47.09,106.6,0.9744,-1,-1,-1
370,2079,429.03,369.36,48.91,96.86,0.9738,-1,-1,-1
370,2046,1495.59,383.81,49.18,113.47,0.9737,-1,-1,-1
370,2102,1038.25,822.6,67.6,175.1,0.973,-1,-1,-1
370,2068,1681.09,391.84,48.61,112.52,0.9726,-1,-1,-1
370,2078,293.09,474.93,65.61,128.86,0.9724,-1,-1,-1
370,2081,135.42,448.34,61.54,116.63,0.9711,-1,-1,-1
370,2115,1773.91,651.86,92.98,166.25,0.9696,-1,-1,-1
370,2077,548.75,385.54,56.26,108.44,0.9677,-1,-1,-1
370,2080,1010.25,315.69,44.9,85.96,0.9628,-1,-1,-1
370,2057,1373.84,271.17,44.3,80.91,0.9628,-1,-1,-1
370,2054,1261.83,273.83,46.55,85.02,0.9602,-1,-1,-1
370,2118,974.16,302.91,38.41,89.2,0.955,-1,-1,-1
370,2075,958.97,422.63,42.91,118.1,0.7793,-1,-1,-1
371,2046,1480.04,380.72,49.15,105.07,0.9758,-1,-1,-1
371,2072,397.49,600.12,77.05,134.34,0.9751,-1,-1,-1
371,2091,768.36,492.38,52.25,131.45,0.9751,-1,-1,-1
371,2079,415.94,368.87,50.62,98.89,0.9731,-1,-1,-1
371,2081,125.25,449.19,63.99,117.11,0.9725,-1,-1,-1
371,2102,1030.51,821.74,65.01,172.76,0.9724,-1,-1,-1
371,2052,976.88,506.24,44.4,125.2,0.9723,-1,-1,-1
371,2115,1764.4,649.15,86.34,164.56,0.9713,-1,-1,-1
371,2068,1661.88,389.91,55.37,113.7,0.9711,-1,-1,-1
371,2077,538.39,385.93,58.13,108.02,0.9679,-1,-1,-1
371,2070,1226.84,405.44,43.86,109.22,0.9678,-1,-1,-1
371,2054,1256.63,275.09,49.17,84.33,0.9665,-1,-1,-1
371,2080,988.97,316.19,49.32,86.65,0.9631,-1,-1,-1
371,2057,1368.95,270.09,40.51,81.33,0.9629,-1,-1,-1
371,2118,955.21,301.03,41.49,89.69,0.9542,-1,-1,-1
371,2078,280.28,476.7,66.43,126.98,0.9398,-1,-1,-1
371,2075,951.72,419.93,42.41,117.81,0.6972,-1,-1,-1
372,2091,762.02,491.45,55.29,130.12,0.9786,-1,-1,-1
372,2052,968.03,505.42,48.42,123.34,0.9766,-1,-1,-1
372,2072,389.86,601.94,80.88,132.93,0.9761,-1,-1,-1
372,2046,1469.12,379.58,55.41,102.82,0.9736,-1,-1,-1
372,2070,1221.06,406.39,43.61,108.12,0.9731,-1,-1,-1
372,2079,410.56,368.81,49.56,98.66,0.9727,-1,-1,-1
372,2081,119.41,449.7,66.11,116.56,0.9721,-1,-1,-1
372,2078,275.41,476.59,65.34,126.15,0.971,-1,-1,-1
372,2068,1654.71,389.23,56.52,112.84,0.9695,-1,-1,-1
372,2077,535.89,385.93,57.34,107.4,0.9688,-1,-1,-1
372,2057,1364.89,269.46,40.66,81.98,0.9655,-1,-1,-1
372,2054,1253.46,275.85,49.84,84.47,0.9654,-1,-1,-1
372,2080,978.38,315.0,53.49,87.34,0.9637,-1,-1,-1
372,2102,1026.86,821.12,60.82,174.42,0.9626,-1,-1,-1
372,2115,1760.4,650.35,82.13,162.07,0.9615,-1,-1,-1
372,2118,943.76,300.97,44.55,86.93,0.9609,-1,-1,-1
372,2075,948.74,418.03,42.85,118.67,0.516,-1,-1,-1
373,2072,378.47,601.3,83.7,133.28,0.977,-1,-1,-1
373,2115,1752.48,648.88,70.67,162.88,0.9738,-1,-1,-1
373,2079,399.88,370.92,48.09,97.8,0.9738,-1,-1,-1
373,2102,1017.53,817.86,57.51,175.79,0.9729,-1,-1,-1
373,2068,1640.63,388.6,59.65,111.71,0.9727,-1,-1,-1
373,2052,951.6,505.01,55.2,123.42,0.9726,-1,-1,-1
373,2070,1209.64,405.23,44.1,109.13,0.9714,-1,-1,-1
373,2046,1453.09,378.71,58.48,102.51,0.9712,-1,-1,-1
373,2091,749.23,492.26,60.53,126.22,0.9704,-1,-1,-1
373,2078,265.9,478.54,63.47,124.6,0.9683,-1,-1,-1
373,2077,528.94,385.46,62.7,106.83,0.9682,-1,-1,-1
373,2081,110.13,449.07,65.52,117.91,0.968,-1,-1,-1
373,2080,967.55,313.2,51.37,89.17,0.9674,-1,-1,-1
373,2054,1249.88,277.94,48.43,84.31,0.9672,-1,-1,-1
373,2057,1358.86,269.14,39.23,82.19,0.9644,-1,-1,-1
373,2118,917.55,300.42,59.47,90.31,0.9594,-1,-1,-1
373,2075,940.99,416.36,44.68,119.34,0.7233,-1,-1,-1
374,2072,370.82,601.0,83.59,133.56,0.9784,-1,-1,-1
374,2079,389.35,372.31,46.22,96.68,0.9734,-1,-1,-1
374,2046,1440.94,377.46,51.91,107.08,0.9728,-1,-1,-1
374,2068,1630.41,389.35,57.81,110.67,0.9719,-1,-1,-1
374,2091,738.04,492.66,68.48,125.98,0.9691,-1,-1,-1
374,2081,101.07,448.47,62.38,117.21,0.9691,-1,-1,-1
374,2078,256.89,479.83,55.27,121.16,0.9687,-1,-1,-1
374,2070,1199.24,402.91,43.77,110.57,0.9682,-1,-1,-1
374,2054,1245.91,279.23,45.45,82.36,0.9677,-1,-1,-1
374,2080,952.62,311.09,56.08,90.77,0.9671,-1,-1,-1
374,2115,1742.85,646.08,61.78,164.5,0.9652,-1,-1,-1
374,2077,524.96,384.52,55.03,108.32,0.9652,-1,-1,-1
374,2102,1008.4,815.47,55.99,177.48,0.9611,-1,-1,-1
374,2118,885.82,299.84,74.8,87.28,0.9532,-1,-1,-1
374,2075,936.47,418.14,42.89,113.4,0.9503,-1,-1,-1
374,2057,1355.44,266.38,36.15,84.47,0.9483,-1,-1,-1
374,2052,935.51,520.92,60.47,103.2,0.9367,-1,-1,-1
375,2072,368.04,601.21,82.1,133.58,0.9779,-1,-1,-1
375,2046,1437.14,377.17,45.16,106.5,0.9732,-1,-1,-1
375,2080,946.68,311.51,58.83,90.14,0.973,-1,-1,-1
375,2070,1192.94,400.58,45.0,112.28,0.9726,-1,-1,-1
375,2115,1737.01,646.02,57.92,161.46,0.9706,-1,-1,-1
375,2054,1243.31,278.85,45.95,82.46,0.9705,-1,-1,-1
375,2081,97.4,448.89,61.03,116.57,0.9698,-1,-1,-1
375,2078,251.98,479.35,59.83,121.18,0.9685,-1,-1,-1
375,2118,875.52,296.15,77.01,88.13,0.968,-1,-1,-1
375,2091,733.96,492.5,70.12,126.86,0.9678,-1,-1,-1
375,2077,520.99,384.15,54.95,109.24,0.9669,-1,-1,-1
375,2068,1625.42,390.86,57.86,108.08,0.9647,-1,-1,-1
375,2075,933.66,417.48,43.41,116.63,0.9511,-1,-1,-1
375,2057,1352.25,265.58,35.13,86.04,0.9505,-1,-1,-1
375,2102,1003.23,812.71,56.41,178.05,0.9325,-1,-1,-1
375,2052,925.09,520.44,65.08,100.88,0.9287,-1,-1,-1
375,2079,385.92,372.47,45.31,96.07,0.9275,-1,-1,-1
375,2119,556.81,383.12,26.84,65.5,0.7657,-1,-1,-1
376,2072,361.75,598.95,71.5,136.23,0.9769,-1,-1,-1
376,2081,90.53,446.88,52.33,118.83,0.9743,-1,-1,-1
376,2070,1183.43,397.94,46.09,112.86,0.9736,-1,-1,-1
376,2068,1620.77,389.97,50.41,108.16,0.9735,-1,-1,-1
376,2077,519.0,383.4,50.03,107.75,0.9727,-1,-1,-1
376,2080,936.93,310.81,61.09,90.9,0.9723,-1,-1,-1
376,2079,378.92,372.34,43.4,96.36,0.9706,-1,-1,-1
376,2054,1239.53,278.3,44.28,83.27,0.9701,-1,-1,-1
376,2091,726.79,492.61,62.97,125.47,0.9697,-1,-1,-1
376,2102,992.26,806.29,58.34,183.48,0.967,-1,-1,-1
376,2075,928.09,419.01,44.32,114.21,0.967,-1,-1,-1
376,2052,907.64,508.49,69.54,115.52,0.9661,-1,-1,-1
376,2078,243.75,478.87,56.51,121.18,0.9626,-1,-1,-1
376,2115,1720.65,643.22,56.72,165.7,0.9622,-1,-1,-1
376,2118,858.81,298.46,74.1,85.64,0.9591,-1,-1,-1
376,2046,1427.4,377.09,35.63,105.9,0.9538,-1,-1,-1
376,2057,1347.14,263.32,33.35,87.58,0.9532,-1,-1,-1
377,2052,894.39,500.14,68.8,122.03,0.9768,-1,-1,-1
377,2077,519.46,381.07,47.16,108.37,0.9765,-1,-1,-1
377,2068,1614.8,389.6,45.45,107.93,0.976,-1,-1,-1
377,2081,81.31,447.04,46.56,118.86,0.9729,-1,-1,-1
377,2079,367.04,373.39,47.76,96.57,0.9715,-1,-1,-1
377,2070,1175.09,395.16,47.49,110.94,0.9715,-1,-1,-1
377,2072,355.73,596.49,58.9,136.33,0.9715,-1,-1,-1
377,2091,720.97,490.08,54.66,126.8,0.9698,-1,-1,-1
377,2115,1704.69,644.33,61.88,162.73,0.9693,-1,-1,-1
377,2118,846.79,300.75,62.74,87.25,0.9688,-1,-1,-1
377,2054,1236.17,277.04,42.93,84.2,0.9681,-1,-1,-1
377,2078,237.91,478.93,45.85,121.48,0.9653,-1,-1,-1
377,2080,931.6,308.99,57.11,93.78,0.9647,-1,-1,-1
377,2102,980.63,802.89,62.95,184.66,0.9589,-1,-1,-1
377,2075,926.32,418.77,42.67,113.15,0.9566,-1,-1,-1
377,2046,1416.94,374.49,33.14,107.4,0.9457,-1,-1,-1
377,2057,1342.33,260.59,33.04,89.85,0.9448,-1,-1,-1
378,2072,351.35,595.27,53.71,136.78,0.9766,-1,-1,-1
378,2081,77.12,447.04,46.35,119.19,0.9758,-1,-1,-1
378,2070,1170.55,394.12,48.02,106.87,0.9744,-1,-1,-1
378,2077,518.4,381.09,45.83,107.62,0.9733,-1,-1,-1
378,2052,887.36,501.47,68.17,121.37,0.973,-1,-1,-1
378,2068,1611.88,388.0,43.75,108.9,0.9712,-1,-1,-1
378,2091,718.29,488.5,51.89,127.03,0.9705,-1,-1,-1
378,2054,1235.42,276.4,41.35,84.93,0.9702,-1,-1,-1
378,2118,843.68,301.48,55.68,86.35,0.97,-1,-1,-1
378,2078,232.57,478.52,50.03,121.38,0.9698,-1,-1,-1
378,2080,929.89,311.77,52.7,90.55,0.9693,-1,-1,-1
378,2115,1699.03,642.29,64.6,166.06,0.9647,-1,-1,-1
378,2079,355.27,375.09,55.79,95.76,0.9628,-1,-1,-1
378,2102,975.2,802.33,65.11,183.31,0.9515,-1,-1,-1
378,2046,1410.72,371.13,33.34,110.39,0.9482,-1,-1,-1
378,2075,924.18,419.72,42.45,110.77,0.9417,-1,-1,-1
378,2057,1340.68,262.87,31.1,86.89,0.9388,-1,-1,-1
379,2052,871.42,501.19,69.64,121.06,0.9786,-1,-1,-1
379,2091,712.19,484.76,48.43,129.89,0.9777,-1,-1,-1
379,2072,340.73,592.49,48.06,138.03,0.9765,-1,-1,-1
379,2081,68.71,447.9,45.13,117.35,0.9743,-1,-1,-1
379,2070,1163.06,393.19,47.26,104.61,0.9739,-1,-1,-1
379,2102,964.5,801.62,69.36,177.05,0.9728,-1,-1,-1
379,2068,1604.09,385.83,43.37,111.33,0.9723,-1,-1,-1
379,2115,1688.75,642.79,67.5,165.4,0.9722,-1,-1,-1
379,2078,223.47,476.73,47.46,124.63,0.9722,-1,-1,-1
379,2080,925.91,304.48,41.97,97.4,0.9715,-1,-1,-1
379,2118,837.29,301.26,45.21,86.72,0.9712,-1,-1,-1
379,2079,342.4,378.11,63.84,92.95,0.971,-1,-1,-1
379,2077,518.41,378.48,43.39,109.36,0.9698,-1,-1,-1
379,2054,1233.95,274.42,39.7,86.61,0.9658,-1,-1,-1
379,2075,920.93,418.11,42.13,114.14,0.9491,-1,-1,-1
379,2046,1399.32,368.02,34.43,112.24,0.9466,-1,-1,-1
379,2057,1336.15,263.47,30.4,85.99,0.9375,-1,-1,-1
380,2091,705.29,482.5,47.54,126.35,0.9795,-1,-1,-1
380,2102,955.57,803.44,71.17,171.83,0.9756,-1,-1,-1
380,2079,332.77,380.89,67.74,91.49,0.9747,-1,-1,-1
380,2072,333.21,589.99,46.8,139.66,0.9745,-1,-1,-1
380,2070,1156.55,392.44,47.49,106.19,0.9742,-1,-1,-1
380,2115,1678.91,642.93,71.2,163.41,0.974,-1,-1,-1
380,2081,61.6,448.15,45.07,118.86,0.9735,-1,-1,-1
380,2052,858.51,500.99,65.22,121.22,0.9713,-1,-1,-1
380,2068,1596.64,384.46,43.97,112.12,0.9709,-1,-1,-1
380,2046,1384.54,364.53,41.93,112.41,0.9697,-1,-1,-1
380,2077,518.98,377.0,40.81,110.6,0.9681,-1,-1,-1
380,2118,824.63,299.31,42.69,87.18,0.9655,-1,-1,-1
380,2054,1232.7,271.54,38.34,88.8,0.9611,-1,-1,-1
380,2080,918.93,302.87,34.82,99.0,0.9538,-1,-1,-1
380,2057,1333.94,262.65,27.49,87.56,0.9364,-1,-1,-1
380,2078,216.08,477.22,46.29,124.88,0.935,-1,-1,-1
380,2075,916.97,417.12,42.62,114.91,0.9331,-1,-1,-1
381,2091,701.77,481.32,48.01,126.66,0.9788,-1,-1,-1
381,2072,327.66,588.42,47.32,142.01,0.9747,-1,-1,-1
381,2046,1376.31,363.85,48.33,108.56,0.9742,-1,-1,-1
381,2079,329.42,383.97,68.33,88.88,0.9734,-1,-1,-1
381,2102,951.42,801.01,71.75,171.73,0.9732,-1,-1,-1
381,2081,57.89,448.18,44.69,120.11,0.9731,-1,-1,-1
381,2068,1594.47,383.93,43.9,111.78,0.9727,-1,-1,-1
381,2115,1674.19,642.6,74.19,163.53,0.9722,-1,-1,-1
381,2052,854.76,499.93,59.06,121.56,0.9719,-1,-1,-1
381,2078,211.47,477.62,47.84,124.48,0.9717,-1,-1,-1
381,2118,814.09,297.51,45.14,88.96,0.9689,-1,-1,-1
381,2054,1232.13,271.38,37.77,88.29,0.9651,-1,-1,-1
381,2070,1154.31,391.42,45.8,106.89,0.9648,-1,-1,-1
381,2077,518.6,376.46,42.78,111.24,0.9634,-1,-1,-1
381,2080,915.32,299.44,33.01,103.2,0.9578,-1,-1,-1
381,2075,915.01,416.58,42.96,114.4,0.9542,-1,-1,-1
381,2057,1330.45,262.07,28.26,88.15,0.9329,-1,-1,-1
382,2072,320.14,589.02,47.19,141.32,0.9781,-1,-1,-1
382,2070,1150.72,390.27,43.07,107.81,0.9754,-1,-1,-1
382,2078,202.48,477.54,49.56,124.52,0.9749,-1,-1,-1
382,2115,1664.93,643.06,80.23,164.2,0.9739,-1,-1,-1
382,2102,946.28,798.75,70.0,173.79,0.9731,-1,-1,-1
382,2052,846.1,497.15,55.51,124.36,0.9727,-1,-1,-1
382,2081,52.31,449.52,44.65,119.29,0.9722,-1,-1,-1
382,2091,695.15,480.52,50.36,125.25,0.9715,-1,-1,-1
382,2046,1365.15,362.18,53.39,103.96,0.971,-1,-1,-1
382,2068,1588.59,381.36,43.18,114.01,0.9688,-1,-1,-1
382,2079,323.01,387.52,70.35,86.87,0.9682,-1,-1,-1
382,2077,517.24,376.23,40.6,111.26,0.9666,-1,-1,-1
382,2054,1230.69,271.32,38.17,87.6,0.9652,-1,-1,-1
382,2118,788.63,297.2,57.24,86.64,0.9638,-1,-1,-1
382,2075,911.96,414.88,42.8,116.2,0.9558,-1,-1,-1
382,2080,907.88,298.6,33.1,103.11,0.9458,-1,-1,-1
382,2057,1327.87,260.84,27.02,90.45,0.9254,-1,-1,-1
383,2081,46.27,450.18,46.09,120.25,0.9765,-1,-1,-1
383,2102,945.65,796.03,63.02,173.54,0.9752,-1,-1,-1
383,2115,1658.84,644.15,81.01,161.04,0.975,-1,-1,-1
383,2052,840.08,495.0,56.18,126.49,0.9745,-1,-1,-1
383,2091,689.16,480.97,54.23,124.9,0.9724,-1,-1,-1
383,2070,1146.38,387.4,42.32,110.3,0.9723,-1,-1,-1
383,2046,1356.83,361.51,50.06,102.68,0.9703,-1,-1,-1
383,2079,321.13,389.51,69.34,83.74,0.97,-1,-1,-1
383,2068,1584.35,381.69,42.77,113.84,0.9694,-1,-1,-1
383,2077,515.75,375.71,40.14,111.81,0.9682,-1,-1,-1
383,2078,188.5,477.86,62.85,126.01,0.9678,-1,-1,-1
383,2054,1228.76,270.37,41.21,88.38,0.9658,-1,-1,-1
383,2118,770.87,298.48,65.19,82.77,0.9625,-1,-1,-1
383,2075,908.78,413.09,44.44,116.53,0.9379,-1,-1,-1
383,2080,900.36,300.59,33.2,98.14,0.9362,-1,-1,-1
383,2057,1326.42,260.69,26.87,89.26,0.9339,-1,-1,-1
383,2072,309.96,590.9,52.21,140.48,0.9012,-1,-1,-1
384,2081,42.96,450.47,48.44,120.87,0.9795,-1,-1,-1
384,2115,1657.0,644.91,80.0,158.8,0.9784,-1,-1,-1
384,2072,302.58,590.65,57.87,140.63,0.9775,-1,-1,-1
384,2091,685.08,481.0,58.82,125.58,0.9747,-1,-1,-1
384,2102,945.96,793.56,61.28,174.82,0.9734,-1,-1,-1
384,2068,1582.34,381.68,43.62,113.98,0.9715,-1,-1,-1
384,2118,764.78,297.32,66.3,83.87,0.9707,-1,-1,-1
384,2070,1144.42,385.75,40.99,112.23,0.9696,-1,-1,-1
384,2077,515.54,375.58,40.23,111.07,0.9693,-1,-1,-1
384,2054,1227.75,269.79,43.0,88.73,0.969,-1,-1,-1
384,2046,1354.82,361.74,45.1,103.66,0.9689,-1,-1,-1
384,2079,318.37,389.43,72.73,84.31,0.9688,-1,-1,-1
384,2052,836.07,493.78,56.75,126.51,0.9686,-1,-1,-1
384,2078,183.68,479.41,67.81,123.39,0.9548,-1,-1,-1
384,2080,897.17,301.47,32.65,96.62,0.9486,-1,-1,-1
384,2075,907.0,412.08,45.8,117.04,0.9333,-1,-1,-1
384,2057,1325.04,260.52,27.04,89.71,0.9131,-1,-1,-1
385,2072,287.64,593.82,67.68,140.23,0.9761,-1,-1,-1
385,2081,37.66,451.37,51.99,121.64,0.976,-1,-1,-1
385,2052,826.47,492.5,59.74,126.34,0.9736,-1,-1,-1
385,2054,1226.61,268.8,47.63,90.46,0.9731,-1,-1,-1
385,2068,1576.31,383.18,47.35,112.0,0.9729,-1,-1,-1
385,2077,514.93,374.8,42.57,111.76,0.9728,-1,-1,-1
385,2091,680.07,481.46,61.72,124.42,0.9725,-1,-1,-1
385,2118,755.84,296.95,63.55,83.83,0.9714,-1,-1,-1
385,2115,1654.13,641.42,78.31,163.9,0.9712,-1,-1,-1
385,2070,1140.51,381.98,41.63,112.94,0.971,-1,-1,-1
385,2079,317.95,388.64,74.29,84.5,0.9695,-1,-1,-1
385,2102,942.55,789.9,61.68,177.87,0.969,-1,-1,-1
385,2078,177.91,479.23,70.47,125.26,0.965,-1,-1,-1
385,2046,1351.4,362.27,38.37,104.0,0.9632,-1,-1,-1
385,2080,889.19,299.0,35.57,98.69,0.9591,-1,-1,-1
385,2075,904.82,411.87,47.2,116.48,0.9558,-1,-1,-1
385,2057,1324.11,261.49,26.75,88.68,0.9131,-1,-1,-1
386,2052,815.41,493.85,65.06,117.95,0.978,-1,-1,-1
386,2072,275.84,596.15,76.38,138.0,0.9764,-1,-1,-1
386,2081,35.44,451.44,51.33,121.32,0.9756,-1,-1,-1
386,2078,175.98,479.75,70.92,124.75,0.9752,-1,-1,-1
386,2077,515.22,374.93,43.4,111.3,0.9743,-1,-1,-1
386,2115,1649.75,639.6,77.48,167.5,0.9739,-1,-1,-1
386,2070,1136.73,379.56,43.25,110.77,0.9733,-1,-1,-1
386,2091,676.55,481.29,61.32,124.74,0.973,-1,-1,-1
386,2054,1225.09,267.68,54.24,90.23,0.9723,-1,-1,-1
386,2079,320.16,385.8,73.75,88.3,0.9719,-1,-1,-1
386,2068,1572.24,382.84,49.61,112.31,0.9717,-1,-1,-1
386,2102,938.91,785.69,61.52,180.77,0.9698,-1,-1,-1
386,2080,880.71,300.51,38.36,98.63,0.9693,-1,-1,-1
386,2046,1343.49,359.45,40.66,105.94,0.9684,-1,-1,-1
386,2118,750.18,298.88,59.08,81.28,0.9676,-1,-1,-1
386,2075,902.94,410.72,48.35,118.86,0.9623,-1,-1,-1
386,2057,1323.83,262.22,26.56,87.23,0.917,-1,-1,-1
387,2115,1649.03,642.06,76.36,160.9,0.9774,-1,-1,-1
387,2081,33.82,451.88,50.13,121.53,0.9765,-1,-1,-1
387,2072,271.29,597.98,79.97,136.67,0.9761,-1,-1,-1
387,2078,175.51,479.63,69.48,125.56,0.9752,-1,-1,-1
387,2077,515.47,374.86,43.33,110.75,0.9744,-1,-1,-1
387,2052,811.23,494.37,65.34,117.16,0.9742,-1,-1,-1
387,2091,675.51,480.48,59.9,125.71,0.974,-1,-1,-1
387,2046,1339.97,358.48,41.87,106.79,0.9712,-1,-1,-1
387,2068,1570.41,382.83,50.28,111.68,0.9708,-1,-1,-1
387,2070,1134.48,378.91,42.99,109.56,0.9703,-1,-1,-1
387,2080,876.05,301.65,40.41,98.62,0.9702,-1,-1,-1
387,2118,750.57,298.36,52.61,82.49,0.9702,-1,-1,-1
387,2102,937.31,784.19,61.85,182.03,0.9696,-1,-1,-1
387,2054,1225.24,267.44,55.73,89.69,0.9694,-1,-1,-1
387,2079,321.81,384.64,72.79,89.2,0.9687,-1,-1,-1
387,2075,902.42,410.86,49.01,118.98,0.9623,-1,-1,-1
387,2057,1323.75,261.54,26.37,87.83,0.915,-1,-1,-1
388,2072,262.33,597.67,89.58,135.0,0.9788,-1,-1,-1
388,2081,32.44,452.83,49.58,120.42,0.9774,-1,-1,-1
388,2078,174.47,478.87,67.97,126.84,0.9754,-1,-1,-1
388,2052,801.84,495.09,66.56,119.08,0.9753,-1,-1,-1
388,2115,1647.36,638.3,68.28,163.0,0.9731,-1,-1,-1
388,2077,519.13,374.53,39.91,110.38,0.9731,-1,-1,-1
388,2118,749.35,294.77,46.53,85.78,0.9725,-1,-1,-1
388,2080,866.89,302.39,45.52,99.68,0.9723,-1,-1,-1
388,2070,1131.76,377.56,43.25,103.55,0.9719,-1,-1,-1
388,2054,1227.35,268.46,57.69,87.08,0.9707,-1,-1,-1
388,2091,672.45,478.97,57.56,125.62,0.9704,-1,-1,-1
388,2079,325.63,382.24,71.75,90.67,0.9701,-1,-1,-1
388,2046,1332.6,354.77,42.81,111.41,0.97,-1,-1,-1
388,2068,1568.38,383.36,47.69,109.82,0.9694,-1,-1,-1
388,2102,934.2,782.47,61.34,180.75,0.9673,-1,-1,-1
388,2075,900.97,410.86,50.18,119.2,0.9606,-1,-1,-1
388,2057,1323.19,261.0,27.29,88.36,0.9199,-1,-1,-1
389,2081,30.82,452.74,47.88,120.84,0.9768,-1,-1,-1
389,2072,259.21,597.46,92.86,133.16,0.9765,-1,-1,-1
389,2046,1327.03,351.15,44.27,111.88,0.9726,-1,-1,-1
389,2052,798.38,495.92,60.43,117.57,0.9725,-1,-1,-1
389,2068,1564.33,383.01,49.46,106.99,0.9724,-1,-1,-1
389,2080,856.01,303.17,51.23,99.95,0.9717,-1,-1,-1
389,2078,170.19,478.36,67.71,127.51,0.971,-1,-1,-1
389,2077,521.84,373.85,38.81,110.07,0.9709,-1,-1,-1
389,2115,1647.59,638.31,56.06,160.22,0.9709,-1,-1,-1
389,2070,1129.39,376.25,41.66,106.1,0.9676,-1,-1,-1
389,2079,333.9,380.92,67.08,90.69,0.9676,-1,-1,-1
389,2118,743.83,293.23,45.45,86.11,0.9663,-1,-1,-1
389,2102,931.54,782.24,60.06,175.69,0.9658,-1,-1,-1
389,2075,899.42,411.12,51.19,118.14,0.9651,-1,-1,-1
389,2054,1229.72,268.51,59.21,88.3,0.964,-1,-1,-1
389,2091,669.67,475.3,50.93,128.72,0.9429,-1,-1,-1
389,2057,1323.2,260.72,28.81,88.58,0.9185,-1,-1,-1
390,2091,666.26,473.77,51.21,129.49,0.9775,-1,-1,-1
390,2115,1648.76,637.07,49.59,159.56,0.9769,-1,-1,-1
390,2081,29.73,452.62,46.33,120.93,0.9767,-1,-1,-1
390,2052,792.65,495.9,61.21,116.93,0.9743,-1,-1,-1
390,2080,850.77,303.78,55.12,99.81,0.9741,-1,-1,-1
390,2046,1323.95,349.57,45.58,110.78,0.9738,-1,-1,-1
390,2072,258.17,597.29,94.64,132.79,0.9724,-1,-1,-1
390,2078,167.39,478.18,67.48,128.04,0.9724,-1,-1,-1
390,2118,738.26,291.56,47.9,87.98,0.97,-1,-1,-1
390,2077,523.18,373.21,38.72,110.01,0.9694,-1,-1,-1
390,2079,338.3,380.17,64.02,90.68,0.9693,-1,-1,-1
390,2070,1127.96,376.69,41.65,106.84,0.9691,-1,-1,-1
390,2068,1562.55,382.82,49.47,107.09,0.968,-1,-1,-1
390,2054,1229.93,268.27,61.73,89.46,0.9655,-1,-1,-1
390,2102,930.65,781.92,59.73,174.42,0.9615,-1,-1,-1
390,2075,899.99,410.69,50.87,117.49,0.9375,-1,-1,-1
390,2057,1322.98,260.6,29.72,88.61,0.915,-1,-1,-1
391,2091,662.61,471.0,50.0,129.48,0.977,-1,-1,-1
391,2078,164.71,478.0,62.0,127.6,0.9756,-1,-1,-1
391,2046,1319.69,349.59,44.2,105.19,0.9744,-1,-1,-1
391,2079,350.59,378.66,54.4,92.23,0.9735,-1,-1,-1
391,2072,257.99,598.37,92.59,133.07,0.9735,-1,-1,-1
391,2080,841.91,305.76,59.77,98.2,0.973,-1,-1,-1
391,2102,924.58,782.94,64.15,170.7,0.9727,-1,-1,-1
391,2115,1646.11,636.17,45.4,159.23,0.9715,-1,-1,-1
391,2070,1125.62,376.76,40.93,107.57,0.9712,-1,-1,-1
391,2052,783.12,494.38,54.51,118.78,0.9709,-1,-1,-1
391,2077,526.78,371.77,39.95,110.26,0.9696,-1,-1,-1
391,2118,725.65,291.2,55.78,85.05,0.9694,-1,-1,-1
391,2068,1560.34,380.98,46.67,107.58,0.9691,-1,-1,-1
391,2054,1229.71,265.88,63.48,92.81,0.9669,-1,-1,-1
391,2081,28.49,452.8,40.76,120.63,0.9625,-1,-1,-1
391,2075,899.96,410.77,50.06,112.92,0.951,-1,-1,-1
391,2057,1323.14,260.54,30.72,90.03,0.9073,-1,-1,-1
392,2091,655.81,471.27,54.07,127.81,0.9757,-1,-1,-1
392,2080,838.16,306.26,58.46,97.52,0.9752,-1,-1,-1
392,2052,777.27,491.99,46.0,117.52,0.9747,-1,-1,-1
392,2115,1638.97,635.45,48.51,160.2,0.9732,-1,-1,-1
392,2118,719.46,290.73,56.59,81.33,0.9731,-1,-1,-1
392,2046,1310.38,348.25,49.21,101.52,0.9723,-1,-1,-1
392,2079,361.39,377.38,47.75,92.44,0.9719,-1,-1,-1
392,2068,1557.49,379.48,44.1,107.69,0.9719,-1,-1,-1
392,2070,1123.36,374.0,40.74,108.95,0.9711,-1,-1,-1
392,2102,917.19,782.08,68.75,169.69,0.9692,-1,-1,-1
392,2075,900.62,409.14,49.47,114.9,0.9691,-1,-1,-1
392,2054,1229.42,266.86,64.89,92.09,0.969,-1,-1,-1
392,2072,256.59,596.81,84.13,134.26,0.9681,-1,-1,-1
392,2081,26.31,452.7,37.77,120.02,0.967,-1,-1,-1
392,2077,531.76,371.07,37.3,110.77,0.9657,-1,-1,-1
392,2078,163.75,476.77,54.55,127.04,0.943,-1,-1,-1
392,2057,1322.85,260.28,32.95,90.23,0.9228,-1,-1,-1
392,2120,842.94,235.61,36.55,66.87,0.6065,-1,-1,-1
393,2091,652.92,471.42,56.14,126.94,0.9762,-1,-1,-1
393,2080,837.05,307.37,60.51,96.13,0.9754,-1,-1,-1
393,2052,775.29,489.82,43.02,119.69,0.9747,-1,-1,-1
393,2079,365.14,377.28,46.73,93.31,0.9737,-1,-1,-1
393,2046,1307.67,346.76,50.4,103.0,0.9733,-1,-1,-1
393,2068,1556.6,378.96,43.56,108.55,0.9729,-1,-1,-1
393,2115,1635.31,635.47,50.4,160.57,0.9727,-1,-1,-1
393,2078,163.2,477.29,52.48,127.61,0.9714,-1,-1,-1
393,2070,1122.55,372.41,40.77,109.04,0.9713,-1,-1,-1
393,2118,717.29,290.63,56.7,80.0,0.9697,-1,-1,-1
393,2054,1229.9,268.55,64.32,89.83,0.9689,-1,-1,-1
393,2102,907.38,778.38,77.34,172.93,0.9681,-1,-1,-1
393,2072,258.17,595.6,77.06,134.08,0.9673,-1,-1,-1
393,2075,902.13,408.64,48.15,114.59,0.9669,-1,-1,-1
393,2077,533.7,370.49,37.37,110.66,0.962,-1,-1,-1
393,2081,26.53,452.68,35.97,119.12,0.9595,-1,-1,-1
393,2057,1323.43,260.96,32.89,88.92,0.9297,-1,-1,-1
394,2046,1303.35,350.12,47.54,101.32,0.9786,-1,-1,-1
394,2078,161.98,476.03,46.74,128.31,0.9758,-1,-1,-1
394,2115,1625.63,633.88,54.33,162.0,0.975,-1,-1,-1
394,2079,366.58,374.94,50.57,95.35,0.9742,-1,-1,-1
394,2091,648.93,471.85,56.64,126.36,0.9739,-1,-1,-1
394,2102,904.38,775.3,77.06,171.78,0.9735,-1,-1,-1
394,2068,1553.17,378.51,41.82,109.85,0.9725,-1,-1,-1
394,2052,770.61,487.67,43.88,121.87,0.972,-1,-1,-1
394,2070,1121.41,369.8,39.21,112.18,0.9709,-1,-1,-1
394,2075,904.04,405.66,46.66,118.54,0.9686,-1,-1,-1
394,2077,538.57,370.3,37.5,111.01,0.9682,-1,-1,-1
394,2118,713.38,291.31,59.55,78.21,0.9674,-1,-1,-1
394,2054,1230.07,268.61,63.52,90.15,0.9663,-1,-1,-1
394,2080,835.92,311.46,58.06,92.21,0.964,-1,-1,-1
394,2081,25.88,452.17,35.29,123.31,0.9546,-1,-1,-1
394,2072,259.08,594.65,61.39,132.93,0.9533,-1,-1,-1
394,2057,1322.92,261.34,31.48,89.0,0.9312,-1,-1,-1
395,2072,258.27,592.38,50.52,133.46,0.9792,-1,-1,-1
395,2052,759.64,484.75,49.46,124.23,0.9759,-1,-1,-1
395,2115,1608.53,632.27,65.62,164.29,0.9749,-1,-1,-1
395,2078,158.42,476.68,47.77,128.86,0.9739,-1,-1,-1
395,2102,901.39,771.39,74.76,174.37,0.9737,-1,-1,-1
395,2068,1546.85,377.78,42.76,109.86,0.9735,-1,-1,-1
395,2079,366.33,373.0,57.07,98.22,0.9733,-1,-1,-1
395,2118,709.62,289.62,58.46,81.13,0.9729,-1,-1,-1
395,2046,1300.53,350.53,42.23,101.66,0.9728,-1,-1,-1
395,2077,539.35,369.67,39.05,111.43,0.9722,-1,-1,-1
395,2075,905.81,406.25,44.96,115.53,0.9709,-1,-1,-1
395,2080,834.07,307.93,56.27,95.79,0.9704,-1,-1,-1
395,2070,1120.01,367.16,37.72,109.48,0.9698,-1,-1,-1
395,2091,643.21,471.3,56.29,126.65,0.968,-1,-1,-1
395,2081,18.88,452.54,39.59,121.41,0.9665,-1,-1,-1
395,2054,1230.11,268.84,61.95,89.44,0.9655,-1,-1,-1
395,2057,1320.71,262.83,30.93,87.61,0.9412,-1,-1,-1
396,2072,257.08,591.52,48.92,134.06,0.9793,-1,-1,-1
396,2091,641.19,471.03,55.14,125.6,0.978,-1,-1,-1
396,2078,156.94,477.08,47.73,128.2,0.9743,-1,-1,-1
396,2080,832.25,306.33,56.13,97.32,0.9742,-1,-1,-1
396,2102,900.0,769.9,74.58,175.2,0.9734,-1,-1,-1
396,2068,1540.02,376.62,47.37,111.69,0.9729,-1,-1,-1
396,2118,709.23,288.48,56.26,81.45,0.9726,-1,-1,-1
396,2077,539.08,369.58,39.82,111.4,0.9723,-1,-1,-1
396,2079,366.43,372.36,59.48,98.84,0.972,-1,-1,-1
396,2070,1117.69,366.39,38.72,106.77,0.9718,-1,-1,-1
396,2052,751.98,484.2,56.13,123.6,0.9716,-1,-1,-1
396,2081,15.19,452.37,41.32,122.08,0.9715,-1,-1,-1
396,2046,1296.91,350.71,42.48,101.88,0.9714,-1,-1,-1
396,2075,907.28,407.17,43.07,114.38,0.9696,-1,-1,-1
396,2115,1599.14,630.9,73.3,164.63,0.9695,-1,-1,-1
396,2054,1230.05,268.89,60.54,89.44,0.9641,-1,-1,-1
396,2057,1318.86,264.38,30.92,85.92,0.942,-1,-1,-1
396,2120,840.13,235.21,37.35,67.71,0.7343,-1,-1,-1
397,2072,252.23,590.36,48.93,134.41,0.9775,-1,-1,-1
397,2091,635.97,469.11,46.79,126.12,0.9769,-1,-1,-1
397,2077,537.05,369.32,42.15,111.46,0.9768,-1,-1,-1
397,2068,1530.13,377.51,50.31,110.28,0.9761,-1,-1,-1
397,2081,3.49,453.0,48.65,120.75,0.9754,-1,-1,-1
397,2080,831.64,305.62,48.21,97.09,0.9752,-1,-1,-1
397,2078,152.12,477.57,48.21,124.2,0.975,-1,-1,-1
397,2079,367.39,371.47,64.2,99.2,0.9737,-1,-1,-1
397,2115,1587.41,633.13,81.61,162.94,0.9731,-1,-1,-1
397,2118,704.19,285.57,53.72,82.9,0.97,-1,-1,-1
397,2075,907.41,407.53,41.76,113.07,0.9697,-1,-1,-1
397,2102,896.89,767.56,71.09,175.71,0.9688,-1,-1,-1
397,2070,1111.76,364.29,40.05,103.11,0.9687,-1,-1,-1
397,2046,1291.17,347.79,38.9,101.57,0.9683,-1,-1,-1
397,2052,729.91,484.48,72.99,119.18,0.9676,-1,-1,-1
397,2054,1230.88,271.66,54.83,85.39,0.9669,-1,-1,-1
397,2057,1316.42,266.79,29.92,83.95,0.9353,-1,-1,-1
398,2052,712.38,484.23,86.92,118.73,0.9798,-1,-1,-1
398,2072,246.85,590.28,49.29,134.14,0.9782,-1,-1,-1
398,2077,535.18,369.86,44.18,110.77,0.9779,-1,-1,-1
398,2079,368.46,371.76,70.69,98.44,0.9768,-1,-1,-1
398,2081,0.63,453.64,50.59,120.34,0.9739,-1,-1,-1
398,2102,890.94,766.25,71.13,176.29,0.9738,-1,-1,-1
398,2078,148.16,478.18,46.92,125.46,0.9736,-1,-1,-1
398,2068,1520.26,377.7,53.42,110.23,0.9727,-1,-1,-1
398,2115,1580.65,631.74,80.96,163.13,0.9718,-1,-1,-1
398,2054,1230.99,270.83,51.52,85.68,0.9711,-1,-1,-1
398,2046,1283.21,344.89,40.44,104.04,0.9706,-1,-1,-1
398,2070,1106.52,365.77,40.55,100.54,0.9699,-1,-1,-1
398,2118,695.27,284.4,56.33,83.62,0.9696,-1,-1,-1
398,2075,906.19,407.69,41.36,113.04,0.9694,-1,-1,-1
398,2091,630.71,467.26,41.91,126.13,0.9691,-1,-1,-1
398,2080,828.64,305.52,39.83,97.04,0.9681,-1,-1,-1
398,2057,1311.37,268.59,31.46,82.97,0.9439,-1,-1,-1
398,2120,835.22,235.99,35.39,68.43,0.578,-1,-1,-1
399,2052,705.82,486.66,89.69,117.64,0.9802,-1,-1,-1
399,2077,534.02,370.37,45.41,110.35,0.978,-1,-1,-1
399,2072,244.43,590.24,48.23,134.16,0.9773,-1,-1,-1
399,2079,368.95,372.03,72.88,97.68,0.9745,-1,-1,-1
399,2068,1517.54,378.82,53.81,108.23,0.9745,-1,-1,-1
399,2070,1103.95,364.99,41.06,101.95,0.9723,-1,-1,-1
399,2054,1230.12,270.59,51.06,85.43,0.9719,-1,-1,-1
399,2046,1277.05,342.71,43.62,107.56,0.9708,-1,-1,-1
399,2075,905.29,407.88,41.48,112.93,0.9703,-1,-1,-1
399,2115,1577.38,632.45,81.16,161.91,0.9702,-1,-1,-1
399,2102,887.99,765.12,71.71,177.86,0.9693,-1,-1,-1
399,2080,826.44,306.26,38.8,96.23,0.9667,-1,-1,-1
399,2081,0.13,454.28,48.85,120.23,0.9664,-1,-1,-1
399,2091,626.63,465.86,41.36,126.92,0.9637,-1,-1,-1
399,2078,146.23,478.79,46.86,124.83,0.963,-1,-1,-1
399,2118,691.91,286.41,53.79,81.2,0.9612,-1,-1,-1
399,2057,1308.18,269.6,32.86,82.76,0.95,-1,-1,-1
399,2120,833.86,236.08,34.85,68.07,0.6045,-1,-1,-1
400,2052,697.01,489.05,90.22,114.92,0.9811,-1,-1,-1
400,2077,531.58,370.25,47.66,110.43,0.9781,-1,-1,-1
400,2115,1571.61,633.06,84.28,159.66,0.9779,-1,-1,-1
400,2078,140.76,479.17,46.62,124.86,0.9742,-1,-1,-1
400,2054,1226.87,271.39,52.12,83.79,0.974,-1,-1,-1
400,2046,1264.97,342.23,49.16,106.07,0.9737,-1,-1,-1
400,2068,1511.53,378.59,53.26,108.18,0.9728,-1,-1,-1
400,2072,240.59,589.76,47.03,134.17,0.9728,-1,-1,-1
400,2075,903.26,408.31,40.9,112.62,0.9728,-1,-1,-1
400,2070,1099.74,365.11,41.01,102.61,0.972,-1,-1,-1
400,2091,620.21,464.45,41.34,126.52,0.972,-1,-1,-1
400,2079,370.66,372.24,73.97,98.4,0.9702,-1,-1,-1
400,2118,686.75,286.14,55.43,80.68,0.9678,-1,-1,-1
400,2102,881.46,765.13,72.75,175.72,0.9666,-1,-1,-1
400,2081,0.29,455.56,45.31,119.29,0.9519,-1,-1,-1
400,2080,822.78,304.42,33.2,98.31,0.95,-1,-1,-1
400,2057,1303.3,271.38,34.39,82.64,0.9301,-1,-1,-1
400,2120,831.73,236.88,34.25,66.73,0.771,-1,-1,-1
401,2052,689.61,492.81,88.33,111.72,0.9862,-1,-1,-1
401,2078,136.64,480.44,46.38,126.53,0.9774,-1,-1,-1
401,2077,528.72,371.26,49.29,109.54,0.9763,-1,-1,-1
401,2072,237.2,589.76,45.98,133.3,0.9752,-1,-1,-1
401,2068,1506.44,380.15,52.83,105.98,0.975,-1,-1,-1
401,2091,613.1,463.47,43.27,126.47,0.9748,-1,-1,-1
401,2115,1566.55,632.64,85.23,159.87,0.9744,-1,-1,-1
401,2054,1223.3,272.64,52.82,83.08,0.9725,-1,-1,-1
401,2070,1096.42,362.92,40.1,104.42,0.9715,-1,-1,-1
401,2046,1255.62,341.18,51.64,99.65,0.9714,-1,-1,-1
401,2118,684.28,283.32,52.38,83.77,0.9682,-1,-1,-1
401,2075,901.6,408.37,41.27,111.97,0.9673,-1,-1,-1
401,2081,0.0,456.99,43.09,118.35,0.9672,-1,-1,-1
401,2079,376.28,374.05,65.02,95.41,0.9624,-1,-1,-1
401,2057,1299.54,273.53,34.71,80.95,0.961,-1,-1,-1
401,2102,874.4,767.1,74.24,171.72,0.9463,-1,-1,-1
401,2080,817.21,299.86,33.09,101.67,0.9434,-1,-1,-1
401,2120,830.1,238.47,33.38,66.85,0.4002,-1,-1,-1
402,2052,687.8,494.23,84.11,109.79,0.9823,-1,-1,-1
402,2078,135.19,480.69,46.17,126.99,0.9761,-1,-1,-1
402,2077,528.18,371.22,49.72,109.8,0.9759,-1,-1,-1
402,2072,235.03,589.55,46.05,133.05,0.9756,-1,-1,-1
402,2091,610.81,464.31,43.62,124.49,0.9753,-1,-1,-1
402,2068,1503.56,379.35,52.97,107.35,0.975,-1,-1,-1
402,2070,1095.53,361.51,40.19,105.22,0.9729,-1,-1,-1
402,2046,1252.71,341.84,51.86,98.34,0.9705,-1,-1,-1
402,2102,871.44,766.68,75.23,172.38,0.9703,-1,-1,-1
402,2079,381.37,376.07,59.53,93.59,0.9701,-1,-1,-1
402,2075,900.45,408.75,41.77,111.94,0.97,-1,-1,-1
402,2115,1564.41,632.44,84.2,159.46,0.9675,-1,-1,-1
402,2118,681.86,284.74,52.38,81.73,0.9675,-1,-1,-1
402,2081,0.0,457.16,42.55,118.61,0.9671,-1,-1,-1
402,2054,1222.31,275.01,52.75,81.62,0.9669,-1,-1,-1
402,2057,1298.61,277.25,35.11,76.32,0.9619,-1,-1,-1
402,2080,814.33,301.52,33.09,99.58,0.9584,-1,-1,-1
402,2120,828.28,239.21,33.49,66.4,0.5952,-1,-1,-1
403,2115,1562.74,630.95,76.82,161.2,0.9785,-1,-1,-1
403,2052,683.86,494.02,77.36,110.52,0.9776,-1,-1,-1
403,2078,130.91,482.18,47.51,125.23,0.9763,-1,-1,-1
403,2091,603.99,465.76,48.45,121.8,0.9763,-1,-1,-1
403,2077,528.93,371.09,48.95,108.86,0.976,-1,-1,-1
403,2079,389.12,375.96,51.34,92.88,0.9755,-1,-1,-1
403,2046,1249.49,341.78,48.7,97.82,0.9746,-1,-1,-1
403,2072,232.36,588.84,45.55,133.69,0.9742,-1,-1,-1
403,2102,865.88,765.8,76.03,168.67,0.9741,-1,-1,-1
403,2075,899.13,409.34,42.71,111.87,0.974,-1,-1,-1
403,2068,1501.46,379.69,49.81,106.35,0.9734,-1,-1,-1
403,2070,1093.16,358.4,41.5,108.15,0.9726,-1,-1,-1
403,2054,1219.31,276.87,53.03,80.37,0.9717,-1,-1,-1
403,2118,679.54,286.54,50.45,78.29,0.9709,-1,-1,-1
403,2057,1293.66,278.71,40.63,77.57,0.9674,-1,-1,-1
403,2081,0.0,457.34,41.34,117.91,0.9617,-1,-1,-1
403,2080,807.94,300.47,35.26,99.51,0.9579,-1,-1,-1
403,2120,826.54,239.18,33.97,67.19,0.4553,-1,-1,-1
404,2078,128.29,482.87,46.46,124.65,0.9775,-1,-1,-1
404,2077,530.17,370.48,47.78,109.78,0.977,-1,-1,-1
404,2070,1090.68,355.54,42.82,108.44,0.9763,-1,-1,-1
404,2102,865.78,762.73,73.65,166.01,0.9757,-1,-1,-1
404,2115,1559.03,631.09,70.83,159.38,0.9756,-1,-1,-1
404,2072,230.2,588.36,45.02,131.88,0.975,-1,-1,-1
404,2052,677.98,491.88,70.85,112.31,0.974,-1,-1,-1
404,2054,1218.44,277.56,51.51,79.44,0.9736,-1,-1,-1
404,2068,1498.23,379.15,48.2,105.52,0.9734,-1,-1,-1
404,2091,600.19,468.03,49.43,121.25,0.9731,-1,-1,-1
404,2046,1248.79,338.6,45.11,99.27,0.9722,-1,-1,-1
404,2079,399.3,376.08,42.57,92.87,0.9717,-1,-1,-1
404,2057,1291.4,280.23,44.86,73.32,0.9704,-1,-1,-1
404,2118,677.66,284.75,48.63,79.23,0.9702,-1,-1,-1
404,2080,801.75,301.21,37.72,99.67,0.9659,-1,-1,-1
404,2075,899.02,408.87,42.8,111.76,0.9641,-1,-1,-1
404,2081,0.0,456.82,40.19,118.41,0.9591,-1,-1,-1
404,2120,824.53,239.26,34.97,67.86,0.444,-1,-1,-1
405,2115,1558.43,630.6,66.08,158.57,0.9773,-1,-1,-1
405,2078,126.48,483.34,46.67,124.5,0.9771,-1,-1,-1
405,2052,678.0,491.04,66.69,113.48,0.977,-1,-1,-1
405,2077,531.85,370.21,45.88,108.72,0.9768,-1,-1,-1
405,2070,1089.9,354.84,43.03,107.16,0.9766,-1,-1,-1
405,2068,1496.85,378.58,47.87,106.37,0.9765,-1,-1,-1
405,2072,227.27,588.02,47.14,131.45,0.9763,-1,-1,-1
405,2102,865.67,761.46,72.74,165.33,0.9758,-1,-1,-1
405,2079,404.27,376.19,40.01,91.8,0.9728,-1,-1,-1
405,2091,596.69,469.13,51.67,120.0,0.9726,-1,-1,-1
405,2118,676.03,283.94,49.21,80.75,0.972,-1,-1,-1
405,2046,1247.53,338.53,42.58,99.05,0.9716,-1,-1,-1
405,2057,1291.28,280.37,45.27,73.83,0.9701,-1,-1,-1
405,2075,898.42,408.95,43.26,111.88,0.9699,-1,-1,-1
405,2054,1218.06,283.21,49.47,72.67,0.9697,-1,-1,-1
405,2080,799.1,300.39,37.86,101.46,0.9635,-1,-1,-1
405,2081,0.0,456.97,38.32,118.1,0.9566,-1,-1,-1
406,2075,896.95,408.65,44.28,111.11,0.9762,-1,-1,-1
406,2078,123.21,484.68,51.09,124.75,0.9749,-1,-1,-1
406,2077,534.26,369.5,42.69,108.6,0.9745,-1,-1,-1
406,2068,1494.46,377.25,44.45,106.08,0.9744,-1,-1,-1
406,2080,791.43,301.44,42.01,103.03,0.9734,-1,-1,-1
406,2070,1087.92,354.37,42.42,100.82,0.9728,-1,-1,-1
406,2072,223.81,586.81,53.77,128.79,0.9727,-1,-1,-1
406,2046,1242.94,334.39,43.65,102.1,0.9725,-1,-1,-1
406,2102,866.81,757.1,68.52,169.47,0.9724,-1,-1,-1
406,2118,675.14,280.49,48.96,82.21,0.9723,-1,-1,-1
406,2052,677.49,486.6,60.44,117.14,0.9715,-1,-1,-1
406,2091,585.67,469.37,59.58,120.57,0.9704,-1,-1,-1
406,2057,1288.17,280.45,49.54,74.89,0.9701,-1,-1,-1
406,2054,1215.11,285.67,49.71,68.47,0.9694,-1,-1,-1
406,2079,413.72,375.02,33.51,93.5,0.9564,-1,-1,-1
406,2115,1553.24,631.37,57.79,154.81,0.9499,-1,-1,-1
406,2081,0.0,455.25,34.1,122.21,0.9455,-1,-1,-1
407,2080,785.65,305.46,42.67,98.95,0.9759,-1,-1,-1
407,2091,575.29,469.94,64.54,119.31,0.9752,-1,-1,-1
407,2052,676.26,483.55,57.72,119.2,0.9745,-1,-1,-1
407,2070,1084.61,353.77,42.1,99.27,0.9734,-1,-1,-1
407,2075,896.18,406.93,43.14,109.58,0.9732,-1,-1,-1
407,2046,1238.35,333.79,43.18,101.72,0.9726,-1,-1,-1
407,2102,867.14,753.67,65.95,169.86,0.9716,-1,-1,-1
407,2078,117.84,484.74,54.73,125.37,0.9711,-1,-1,-1
407,2068,1489.84,375.9,43.21,107.65,0.9709,-1,-1,-1
407,2118,673.24,280.13,48.25,81.34,0.9694,-1,-1,-1
407,2077,537.95,369.09,38.15,109.03,0.9692,-1,-1,-1
407,2115,1540.53,629.01,57.75,157.12,0.9687,-1,-1,-1
407,2057,1287.15,279.91,51.79,75.02,0.9659,-1,-1,-1
407,2072,216.84,585.02,63.89,129.56,0.9655,-1,-1,-1
407,2054,1212.46,284.26,49.35,69.32,0.965,-1,-1,-1
407,2079,414.96,373.77,35.64,94.71,0.9492,-1,-1,-1
407,2081,0.22,456.68,29.4,120.69,0.9398,-1,-1,-1
408,2046,1234.7,332.69,44.81,102.81,0.9771,-1,-1,-1
408,2052,676.03,481.66,55.39,120.96,0.9742,-1,-1,-1
408,2068,1487.0,375.17,42.56,108.65,0.9731,-1,-1,-1
408,2072,214.79,583.9,65.43,130.88,0.9729,-1,-1,-1
408,2080,782.04,306.94,43.15,97.17,0.9728,-1,-1,-1
408,2075,894.63,406.57,43.71,109.1,0.9725,-1,-1,-1
408,2070,1081.97,353.96,41.45,99.07,0.9721,-1,-1,-1
408,2102,867.68,752.72,63.77,169.08,0.9712,-1,-1,-1
408,2118,671.37,279.74,48.35,81.39,0.9708,-1,-1,-1
408,2078,114.4,485.3,56.56,125.55,0.9697,-1,-1,-1
408,2054,1211.37,286.61,46.52,67.8,0.9689,-1,-1,-1
408,2091,568.85,468.71,66.64,120.95,0.9686,-1,-1,-1
408,2115,1533.94,627.73,58.14,157.79,0.9647,-1,-1,-1
408,2057,1288.03,280.47,55.64,73.72,0.9644,-1,-1,-1
408,2077,538.39,368.79,36.56,109.03,0.9624,-1,-1,-1
408,2079,414.31,372.95,37.35,95.47,0.9318,-1,-1,-1
408,2081,0.39,455.87,25.99,120.97,0.9151,-1,-1,-1
409,2102,868.64,752.14,59.04,168.07,0.9765,-1,-1,-1
409,2091,558.34,467.8,69.39,121.12,0.9747,-1,-1,-1
409,2078,108.88,484.88,57.43,126.86,0.9738,-1,-1,-1
409,2080,774.98,308.84,44.49,95.34,0.9731,-1,-1,-1
409,2046,1228.75,330.9,43.91,103.63,0.9729,-1,-1,-1
409,2118,666.56,278.27,50.64,81.95,0.9724,-1,-1,-1
409,2052,672.53,479.56,53.31,120.31,0.9723,-1,-1,-1
409,2072,207.3,582.27,71.68,131.92,0.9716,-1,-1,-1
409,2068,1479.76,374.43,42.76,109.1,0.9714,-1,-1,-1
409,2070,1077.07,354.07,41.06,99.9,0.9709,-1,-1,-1
409,2075,893.31,405.64,41.43,109.46,0.969,-1,-1,-1
409,2054,1205.94,288.64,44.18,64.47,0.9677,-1,-1,-1
409,2115,1520.08,627.27,58.71,157.21,0.9646,-1,-1,-1
409,2057,1293.32,280.61,52.88,73.53,0.9616,-1,-1,-1
409,2077,537.95,368.41,34.09,109.06,0.9598,-1,-1,-1
409,2079,411.64,371.29,40.41,96.98,0.9185,-1,-1,-1
409,2081,0.0,459.28,20.93,116.46,0.9063,-1,-1,-1
410,2052,666.76,478.86,53.35,114.72,0.9768,-1,-1,-1
410,2102,863.18,752.68,60.3,166.68,0.9765,-1,-1,-1
410,2072,199.46,579.66,74.53,135.52,0.9761,-1,-1,-1
410,2068,1472.02,375.15,44.11,107.74,0.976,-1,-1,-1
410,2091,552.12,467.94,64.6,119.83,0.9731,-1,-1,-1
410,2079,408.08,369.87,44.36,98.06,0.9724,-1,-1,-1
410,2080,768.66,307.94,44.17,95.98,0.9712,-1,-1,-1
410,2070,1071.86,353.48,38.49,100.46,0.9711,-1,-1,-1
410,2046,1223.17,332.83,39.7,97.22,0.9706,-1,-1,-1
410,2078,101.77,484.83,56.86,125.26,0.9703,-1,-1,-1
410,2054,1201.35,286.01,44.23,67.72,0.9685,-1,-1,-1
410,2118,661.67,276.53,54.09,80.53,0.968,-1,-1,-1
410,2057,1298.41,280.4,46.96,74.13,0.9649,-1,-1,-1
410,2115,1505.28,625.18,64.98,160.0,0.9635,-1,-1,-1
410,2075,890.1,405.29,40.38,109.0,0.957,-1,-1,-1
410,2077,534.68,368.7,34.11,108.73,0.9557,-1,-1,-1
410,2081,0.04,459.82,15.75,115.6,0.8476,-1,-1,-1
411,2052,661.17,478.48,54.88,115.76,0.9755,-1,-1,-1
411,2079,406.72,369.31,45.92,98.79,0.9742,-1,-1,-1
411,2068,1468.07,374.67,45.2,108.49,0.974,-1,-1,-1
411,2072,195.07,579.31,75.77,135.67,0.9732,-1,-1,-1
411,2080,764.91,308.51,45.75,95.39,0.9725,-1,-1,-1
411,2091,549.31,468.63,62.18,118.84,0.9723,-1,-1,-1
411,2078,99.12,484.54,51.3,125.57,0.9715,-1,-1,-1
411,2070,1069.03,353.22,38.6,100.93,0.9709,-1,-1,-1
411,2054,1198.06,282.41,45.16,72.83,0.9704,-1,-1,-1
411,2046,1219.23,333.55,39.74,95.56,0.9697,-1,-1,-1
411,2075,887.74,404.47,41.01,109.33,0.9685,-1,-1,-1
411,2102,860.51,752.23,59.52,166.67,0.9684,-1,-1,-1
411,2118,657.88,279.56,55.15,77.14,0.965,-1,-1,-1
411,2115,1500.51,626.51,64.45,158.08,0.9629,-1,-1,-1
411,2077,531.66,368.89,35.4,109.4,0.9623,-1,-1,-1
411,2057,1294.78,280.13,48.63,74.71,0.9587,-1,-1,-1
411,2081,0.15,459.96,13.22,116.96,0.6599,-1,-1,-1
412,2079,402.46,368.51,48.95,99.63,0.9774,-1,-1,-1
412,2052,647.99,479.09,60.76,113.99,0.9746,-1,-1,-1
412,2078,89.77,485.47,48.36,126.63,0.9745,-1,-1,-1
412,2068,1457.78,375.03,48.01,107.04,0.9745,-1,-1,-1
412,2102,854.08,750.04,59.83,167.55,0.9744,-1,-1,-1
412,2091,543.13,467.95,58.87,119.43,0.9731,-1,-1,-1
412,2115,1488.15,624.59,68.37,158.79,0.9724,-1,-1,-1
412,2075,881.04,404.25,42.03,109.63,0.972,-1,-1,-1
412,2072,187.68,578.45,76.79,137.23,0.9687,-1,-1,-1
412,2080,758.03,307.63,41.72,96.88,0.9681,-1,-1,-1
412,2070,1063.9,350.49,37.41,101.78,0.9671,-1,-1,-1
412,2046,1210.66,333.86,37.93,94.33,0.9648,-1,-1,-1
412,2057,1288.59,278.24,48.48,76.68,0.9647,-1,-1,-1
412,2054,1189.25,279.27,49.01,77.12,0.9644,-1,-1,-1
412,2118,652.0,279.01,53.52,76.22,0.9636,-1,-1,-1
412,2077,524.53,368.94,36.92,109.22,0.963,-1,-1,-1
413,2052,635.63,479.78,64.41,113.08,0.9761,-1,-1,-1
413,2079,399.6,368.75,46.12,98.94,0.9742,-1,-1,-1
413,2102,847.66,749.19,60.43,167.07,0.9737,-1,-1,-1
413,2072,180.26,577.72,73.62,137.21,0.9735,-1,-1,-1
413,2077,516.76,369.62,40.47,106.55,0.9729,-1,-1,-1
413,2091,536.35,465.51,53.84,120.35,0.9728,-1,-1,-1
413,2068,1448.23,374.68,50.45,107.71,0.9727,-1,-1,-1
413,2115,1474.47,624.63,75.25,156.05,0.9709,-1,-1,-1
413,2075,874.5,403.82,42.25,109.93,0.9695,-1,-1,-1
413,2070,1056.7,347.74,38.5,102.8,0.969,-1,-1,-1
413,2080,749.64,307.66,41.3,96.43,0.9688,-1,-1,-1
413,2078,79.47,486.73,53.23,124.53,0.9687,-1,-1,-1
413,2118,648.49,279.88,50.76,75.98,0.9667,-1,-1,-1
413,2057,1286.99,278.24,48.54,77.24,0.9664,-1,-1,-1
413,2046,1202.3,331.59,37.3,95.38,0.9661,-1,-1,-1
413,2054,1180.56,282.79,51.47,73.13,0.9534,-1,-1,-1
414,2091,533.79,464.44,51.63,119.65,0.979,-1,-1,-1
414,2052,630.88,480.64,65.69,111.72,0.9781,-1,-1,-1
414,2072,176.67,577.62,70.81,137.04,0.9776,-1,-1,-1
414,2077,514.31,369.34,41.79,106.43,0.9767,-1,-1,-1
414,2075,870.9,403.53,43.01,110.17,0.9744,-1,-1,-1
414,2079,398.57,368.76,45.26,98.6,0.9736,-1,-1,-1
414,2115,1468.51,622.8,75.44,157.52,0.9734,-1,-1,-1
414,2078,73.78,487.48,52.78,123.13,0.9714,-1,-1,-1
414,2068,1443.65,374.99,50.81,107.04,0.9712,-1,-1,-1
414,2070,1053.89,346.47,38.63,101.71,0.97,-1,-1,-1
414,2102,844.13,748.7,62.07,167.93,0.9698,-1,-1,-1
414,2080,746.38,306.35,39.58,97.14,0.9689,-1,-1,-1
414,2118,647.8,281.3,48.48,74.36,0.9666,-1,-1,-1
414,2057,1287.2,277.93,47.14,78.05,0.964,-1,-1,-1
414,2054,1176.52,278.16,52.69,78.62,0.9632,-1,-1,-1
414,2046,1198.85,329.19,35.74,96.78,0.9398,-1,-1,-1
415,2091,526.61,462.53,47.38,121.93,0.9774,-1,-1,-1
415,2102,838.1,748.77,63.74,168.25,0.9757,-1,-1,-1
415,2052,622.52,485.01,68.95,108.93,0.9756,-1,-1,-1
415,2115,1458.85,623.44,74.49,156.44,0.9756,-1,-1,-1
415,2077,508.67,369.7,42.95,107.22,0.9743,-1,-1,-1
415,2068,1435.9,375.07,51.43,106.51,0.9732,-1,-1,-1
415,2072,171.67,578.69,66.81,136.42,0.9726,-1,-1,-1
415,2078,62.04,488.51,53.51,123.89,0.9713,-1,-1,-1
415,2079,398.79,368.86,40.73,98.5,0.9696,-1,-1,-1
415,2070,1046.31,345.14,41.03,99.43,0.9693,-1,-1,-1
415,2118,648.76,279.4,42.24,76.33,0.9688,-1,-1,-1
415,2080,739.98,306.58,37.8,95.53,0.9666,-1,-1,-1
415,2075,865.17,403.18,42.6,110.17,0.9661,-1,-1,-1
415,2046,1190.65,325.13,36.82,99.64,0.9568,-1,-1,-1
415,2057,1292.57,279.92,35.61,76.58,0.9544,-1,-1,-1
415,2054,1168.74,274.4,57.01,82.37,0.9225,-1,-1,-1
416,2091,520.05,460.33,45.49,124.66,0.9808,-1,-1,-1
416,2115,1448.21,623.74,79.73,155.43,0.9781,-1,-1,-1
416,2072,166.51,579.38,63.55,133.92,0.9768,-1,-1,-1
416,2075,859.5,404.23,44.21,109.22,0.9744,-1,-1,-1
416,2077,504.91,369.62,42.61,107.16,0.9728,-1,-1,-1
416,2068,1428.6,375.05,51.59,106.44,0.9721,-1,-1,-1
416,2078,53.21,489.15,54.06,125.51,0.9715,-1,-1,-1
416,2118,643.44,273.27,47.89,82.84,0.971,-1,-1,-1
416,2052,616.53,488.49,71.19,106.27,0.9708,-1,-1,-1
416,2070,1042.19,344.97,41.14,96.36,0.9695,-1,-1,-1
416,2080,734.25,307.1,35.78,94.89,0.9651,-1,-1,-1
416,2046,1183.57,325.11,36.74,99.46,0.9599,-1,-1,-1
416,2079,400.6,369.35,35.46,99.23,0.9564,-1,-1,-1
416,2057,1296.41,282.22,30.47,73.58,0.9562,-1,-1,-1
416,2054,1163.22,275.83,52.6,81.18,0.949,-1,-1,-1
416,2102,833.3,745.7,60.22,169.19,0.9487,-1,-1,-1
416,2122,1890.45,622.92,29.55,148.19,0.8095,-1,-1,-1
417,2091,517.34,459.77,44.18,124.51,0.9772,-1,-1,-1
417,2115,1444.5,623.23,77.36,155.93,0.9756,-1,-1,-1
417,2075,857.48,404.22,44.81,108.95,0.9754,-1,-1,-1
417,2077,503.41,369.9,42.91,106.67,0.9752,-1,-1,-1
417,2068,1426.17,375.12,51.22,106.15,0.9729,-1,-1,-1
417,2118,642.03,270.24,49.38,86.6,0.9725,-1,-1,-1
417,2052,613.87,490.27,73.05,105.3,0.9719,-1,-1,-1
417,2078,49.52,489.68,53.47,124.51,0.9715,-1,-1,-1
417,2070,1040.64,344.79,41.65,97.17,0.9701,-1,-1,-1
417,2072,166.09,578.96,59.54,134.69,0.9692,-1,-1,-1
417,2054,1161.24,280.72,49.55,76.19,0.963,-1,-1,-1
417,2046,1179.27,323.33,39.14,99.84,0.9612,-1,-1,-1
417,2057,1293.97,282.27,34.24,74.27,0.96,-1,-1,-1
417,2102,831.44,743.84,59.32,169.5,0.9594,-1,-1,-1
417,2080,732.33,305.79,35.99,95.87,0.9548,-1,-1,-1
417,2079,403.21,368.81,32.27,99.07,0.9506,-1,-1,-1
417,2122,1886.32,615.01,33.68,155.98,0.8681,-1,-1,-1
418,2091,512.09,458.7,46.75,124.13,0.9787,-1,-1,-1
418,2115,1440.51,621.86,73.71,157.31,0.9772,-1,-1,-1
418,2075,856.29,404.22,44.83,108.79,0.9749,-1,-1,-1
418,2068,1423.61,375.07,50.33,105.48,0.9748,-1,-1,-1
418,2102,830.74,742.67,55.69,165.95,0.9742,-1,-1,-1
418,2052,610.9,491.31,75.48,103.9,0.974,-1,-1,-1
418,2077,504.39,368.79,42.3,107.71,0.9721,-1,-1,-1
418,2078,47.7,490.64,52.22,124.09,0.9718,-1,-1,-1
418,2118,643.02,268.18,46.88,88.21,0.9712,-1,-1,-1
418,2046,1176.26,324.55,40.57,96.27,0.97,-1,-1,-1
418,2072,164.21,578.94,56.92,134.31,0.969,-1,-1,-1
418,2070,1041.34,344.03,40.27,98.38,0.9689,-1,-1,-1
418,2057,1291.77,281.6,40.87,74.79,0.9683,-1,-1,-1
418,2080,730.97,305.2,34.42,95.64,0.9652,-1,-1,-1
418,2054,1159.77,281.25,47.22,79.35,0.9578,-1,-1,-1
418,2079,407.85,367.24,28.2,100.23,0.954,-1,-1,-1
418,2122,1884.65,617.62,35.35,150.66,0.9477,-1,-1,-1
419,2091,506.84,460.1,50.59,122.55,0.9778,-1,-1,-1
419,2052,612.09,491.21,80.74,104.77,0.9772,-1,-1,-1
419,2068,1423.03,375.57,49.42,104.49,0.9754,-1,-1,-1
419,2075,856.58,404.09,45.32,109.16,0.9753,-1,-1,-1
419,2115,1438.02,620.85,69.61,158.03,0.9742,-1,-1,-1
419,2078,47.42,491.22,52.26,124.0,0.972,-1,-1,-1
419,2102,830.7,739.19,50.73,165.49,0.9705,-1,-1,-1
419,2072,164.51,577.82,53.53,134.8,0.9704,-1,-1,-1
419,2057,1290.17,282.12,51.46,75.76,0.9695,-1,-1,-1
419,2080,730.09,304.84,35.18,95.8,0.9683,-1,-1,-1
419,2070,1043.03,341.87,38.88,98.07,0.9682,-1,-1,-1
419,2118,646.32,267.71,46.33,86.83,0.9681,-1,-1,-1
419,2046,1175.04,321.91,41.42,97.2,0.968,-1,-1,-1
419,2122,1881.7,616.8,37.88,152.48,0.9656,-1,-1,-1
419,2077,508.93,367.05,40.7,108.5,0.9629,-1,-1,-1
419,2079,411.68,366.27,28.89,101.18,0.9608,-1,-1,-1
419,2054,1154.74,285.9,47.31,77.06,0.939,-1,-1,-1
420,2052,611.84,492.47,85.29,102.58,0.9826,-1,-1,-1
420,2115,1438.3,622.1,67.11,152.67,0.9772,-1,-1,-1
420,2091,505.67,460.42,52.08,122.45,0.977,-1,-1,-1
420,2075,857.74,404.18,45.48,108.8,0.9759,-1,-1,-1
420,2068,1423.64,375.68,48.77,104.45,0.9758,-1,-1,-1
420,2102,830.89,739.68,50.0,162.35,0.9729,-1,-1,-1
420,2072,165.66,577.77,52.15,134.45,0.9725,-1,-1,-1
420,2078,47.63,491.38,53.47,124.12,0.9717,-1,-1,-1
420,2077,511.14,367.11,40.12,109.95,0.9698,-1,-1,-1
420,2070,1043.8,340.7,39.06,98.53,0.9682,-1,-1,-1
420,2057,1290.53,282.63,54.1,75.86,0.968,-1,-1,-1
420,2122,1880.71,616.72,38.77,152.07,0.968,-1,-1,-1
420,2080,730.43,305.22,35.48,95.32,0.9675,-1,-1,-1
420,2046,1174.52,321.13,41.75,97.81,0.9641,-1,-1,-1
420,2079,412.72,365.59,31.84,102.61,0.964,-1,-1,-1
420,2118,649.25,268.71,44.85,84.7,0.9634,-1,-1,-1
420,2054,1153.67,286.35,46.42,76.08,0.9332,-1,-1,-1
421,2052,614.46,492.86,88.93,101.75,0.9822,-1,-1,-1
421,2068,1425.15,375.3,47.15,104.64,0.9763,-1,-1,-1
421,2091,506.05,463.6,52.85,119.66,0.9757,-1,-1,-1
421,2072,168.12,577.48,51.44,131.95,0.9747,-1,-1,-1
421,2102,831.81,737.99,49.72,162.08,0.9736,-1,-1,-1
421,2078,50.08,491.43,52.69,123.91,0.9718,-1,-1,-1
421,2115,1438.88,620.82,59.89,151.22,0.9714,-1,-1,-1
421,2079,414.37,365.54,41.62,103.93,0.971,-1,-1,-1
421,2070,1045.7,338.54,39.5,103.57,0.9697,-1,-1,-1
421,2075,861.89,404.03,44.4,107.78,0.9692,-1,-1,-1
421,2122,1880.16,615.23,39.27,153.1,0.9684,-1,-1,-1
421,2057,1294.39,284.55,60.66,74.08,0.966,-1,-1,-1
421,2077,518.75,367.2,36.65,105.44,0.9652,-1,-1,-1
421,2054,1153.0,291.32,48.79,72.95,0.9648,-1,-1,-1
421,2118,657.35,270.28,40.39,82.21,0.9625,-1,-1,-1
421,2080,731.73,305.55,36.53,95.07,0.9611,-1,-1,-1
421,2046,1175.12,321.9,40.13,96.37,0.9494,-1,-1,-1
422,2052,620.74,491.07,92.18,99.92,0.9794,-1,-1,-1
422,2091,507.51,465.3,55.51,119.2,0.9766,-1,-1,-1
422,2072,173.25,576.92,48.46,129.38,0.976,-1,-1,-1
422,2068,1427.68,374.27,46.54,104.63,0.9745,-1,-1,-1
422,2079,417.53,367.54,50.97,100.05,0.9736,-1,-1,-1
422,2078,53.63,491.23,49.99,124.19,0.9736,-1,-1,-1
422,2115,1442.4,618.04,47.77,153.33,0.9716,-1,-1,-1
422,2080,733.33,305.11,38.29,95.68,0.9705,-1,-1,-1
422,2102,832.14,735.62,51.44,164.05,0.9699,-1,-1,-1
422,2122,1880.14,613.88,39.27,150.95,0.9686,-1,-1,-1
422,2070,1049.18,336.55,38.84,101.42,0.9686,-1,-1,-1
422,2057,1304.47,285.0,57.36,74.78,0.9657,-1,-1,-1
422,2075,866.46,403.08,44.07,108.31,0.9565,-1,-1,-1
422,2077,526.28,366.46,33.42,105.85,0.9523,-1,-1,-1
422,2054,1154.57,283.0,54.27,82.24,0.9511,-1,-1,-1
422,2046,1174.99,322.18,46.64,93.56,0.9508,-1,-1,-1
422,2118,666.62,268.42,36.05,85.2,0.9361,-1,-1,-1
423,2072,175.17,574.99,48.62,130.04,0.9785,-1,-1,-1
423,2079,418.62,367.64,55.58,100.0,0.9747,-1,-1,-1
423,2078,56.1,491.38,48.26,124.04,0.9745,-1,-1,-1
423,2091,508.22,466.54,57.62,118.27,0.9744,-1,-1,-1
423,2068,1429.37,373.76,46.29,105.46,0.974,-1,-1,-1
423,2080,734.77,305.54,40.42,94.85,0.9714,-1,-1,-1
423,2102,831.98,734.88,53.2,164.63,0.9708,-1,-1,-1
423,2070,1051.39,335.62,38.86,100.56,0.9704,-1,-1,-1
423,2115,1444.52,617.18,43.68,154.08,0.9692,-1,-1,-1
423,2046,1175.08,322.78,53.58,93.03,0.9686,-1,-1,-1
423,2122,1880.54,613.45,38.9,149.84,0.9681,-1,-1,-1
423,2054,1155.69,288.11,52.66,76.49,0.9649,-1,-1,-1
423,2052,623.69,490.66,94.28,100.93,0.9582,-1,-1,-1
423,2057,1310.43,285.64,59.34,74.56,0.9564,-1,-1,-1
423,2077,529.74,366.07,33.47,105.26,0.9557,-1,-1,-1
423,2075,868.5,402.83,44.77,108.31,0.9528,-1,-1,-1
423,2118,672.49,269.62,32.42,84.36,0.9419,-1,-1,-1
424,2052,637.53,490.97,84.53,97.21,0.9826,-1,-1,-1
424,2068,1433.13,374.05,45.62,103.99,0.9774,-1,-1,-1
424,2072,179.98,575.3,45.96,129.93,0.9761,-1,-1,-1
424,2080,738.2,308.05,42.91,92.64,0.9755,-1,-1,-1
424,2091,512.09,466.94,57.49,117.55,0.9755,-1,-1,-1
424,2046,1172.89,322.9,59.52,91.26,0.9733,-1,-1,-1
424,2078,60.17,491.13,43.65,124.83,0.973,-1,-1,-1
424,2079,423.02,369.04,59.85,98.52,0.9708,-1,-1,-1
424,2102,831.55,734.54,56.73,164.6,0.9708,-1,-1,-1
424,2122,1881.15,612.05,38.16,147.54,0.9676,-1,-1,-1
424,2070,1056.03,335.36,37.02,98.03,0.9651,-1,-1,-1
424,2115,1443.49,616.66,42.54,154.21,0.9629,-1,-1,-1
424,2057,1323.95,289.08,51.27,71.25,0.9607,-1,-1,-1
424,2054,1157.9,279.99,66.3,85.4,0.9546,-1,-1,-1
424,2075,874.75,402.32,42.38,108.49,0.9492,-1,-1,-1
424,2118,682.86,278.46,28.8,75.24,0.9442,-1,-1,-1
424,2077,536.38,366.14,32.91,106.02,0.9207,-1,-1,-1
424,2120,789.5,245.91,32.98,64.4,0.491,-1,-1,-1
425,2052,647.73,488.38,81.5,99.04,0.9772,-1,-1,-1
425,2068,1438.09,373.49,43.54,104.25,0.975,-1,-1,-1
425,2072,183.61,574.01,45.35,131.3,0.9749,-1,-1,-1
425,2091,515.34,461.2,58.7,122.24,0.9744,-1,-1,-1
425,2080,741.04,307.49,44.7,92.14,0.9734,-1,-1,-1
425,2102,831.7,734.83,59.25,163.62,0.9699,-1,-1,-1
425,2079,428.23,370.37,62.07,98.43,0.9698,-1,-1,-1
425,2078,64.32,491.45,42.01,124.73,0.9697,-1,-1,-1
425,2070,1059.1,335.2,38.06,98.18,0.9678,-1,-1,-1
425,2075,880.49,401.78,39.84,108.43,0.9664,-1,-1,-1
425,2115,1441.05,617.07,43.77,153.05,0.9652,-1,-1,-1
425,2122,1881.62,609.69,37.7,145.79,0.9627,-1,-1,-1
425,2077,540.98,365.51,34.73,105.64,0.9604,-1,-1,-1
425,2057,1338.53,287.85,42.15,73.43,0.9547,-1,-1,-1
425,2118,687.5,276.62,33.5,77.36,0.9502,-1,-1,-1
425,2054,1163.84,278.18,64.89,88.13,0.9408,-1,-1,-1
425,2046,1175.02,321.42,57.22,91.72,0.9317,-1,-1,-1
425,2120,792.9,246.64,35.31,64.77,0.3665,-1,-1,-1
426,2052,656.66,488.32,76.87,97.97,0.9763,-1,-1,-1
426,2091,518.06,463.89,58.01,119.16,0.9751,-1,-1,-1
426,2072,185.12,573.18,45.04,131.95,0.9746,-1,-1,-1
426,2080,742.77,307.55,43.82,92.31,0.9735,-1,-1,-1
426,2068,1440.05,373.17,42.42,104.4,0.9722,-1,-1,-1
426,2079,430.3,370.3,62.04,98.08,0.9713,-1,-1,-1
426,2078,65.93,491.77,41.89,124.53,0.9705,-1,-1,-1
426,2115,1439.27,617.44,44.64,153.48,0.9683,-1,-1,-1
426,2102,831.91,734.63,59.92,163.67,0.9682,-1,-1,-1
426,2075,883.11,401.87,40.29,109.0,0.965,-1,-1,-1
426,2070,1060.91,335.39,37.6,98.98,0.9645,-1,-1,-1
426,2077,542.9,365.49,35.55,107.12,0.9631,-1,-1,-1
426,2122,1882.46,609.41,37.04,145.5,0.9625,-1,-1,-1
426,2057,1345.03,287.47,39.06,73.38,0.9621,-1,-1,-1
426,2118,690.65,275.89,35.15,78.53,0.947,-1,-1,-1
426,2046,1177.06,325.17,54.23,87.53,0.9292,-1,-1,-1
426,2054,1170.79,290.82,63.04,76.27,0.683,-1,-1,-1
426,2120,796.04,245.85,32.98,65.79,0.6632,-1,-1,-1
427,2072,187.06,572.52,45.45,131.64,0.9757,-1,-1,-1
427,2052,673.48,486.96,67.54,99.44,0.9739,-1,-1,-1
427,2079,436.98,370.6,56.79,97.13,0.9731,-1,-1,-1
427,2115,1434.62,616.77,47.68,154.82,0.9718,-1,-1,-1
427,2091,519.7,463.3,59.46,119.67,0.9714,-1,-1,-1
427,2080,745.08,307.38,42.46,91.65,0.9709,-1,-1,-1
427,2078,68.75,492.59,40.59,124.2,0.9705,-1,-1,-1
427,2102,831.93,734.5,60.56,163.14,0.9679,-1,-1,-1
427,2068,1443.12,373.25,41.83,103.87,0.9675,-1,-1,-1
427,2070,1063.53,336.49,38.0,97.54,0.9663,-1,-1,-1
427,2118,692.52,270.45,40.48,85.01,0.966,-1,-1,-1
427,2122,1881.72,608.92,37.88,145.64,0.9634,-1,-1,-1
427,2077,545.67,366.66,37.38,105.96,0.9628,-1,-1,-1
427,2075,888.45,402.1,38.21,109.5,0.9566,-1,-1,-1
427,2057,1356.31,285.7,33.93,76.27,0.9525,-1,-1,-1
427,2046,1180.37,320.9,51.14,92.98,0.949,-1,-1,-1
427,2054,1186.16,278.78,46.92,68.98,0.7046,-1,-1,-1
427,2120,799.2,245.93,33.38,67.84,0.548,-1,-1,-1
428,2052,680.83,484.76,66.02,101.0,0.9795,-1,-1,-1
428,2072,187.57,572.51,47.39,131.77,0.9761,-1,-1,-1
428,2079,443.83,370.37,50.44,97.22,0.9726,-1,-1,-1
428,2115,1423.67,618.57,57.69,152.23,0.9716,-1,-1,-1
428,2077,547.03,367.09,41.79,104.32,0.971,-1,-1,-1
428,2091,520.06,464.78,62.07,117.15,0.9708,-1,-1,-1
428,2080,747.03,307.26,41.44,93.07,0.9703,-1,-1,-1
428,2102,831.12,733.66,60.16,163.4,0.9698,-1,-1,-1
428,2078,69.07,493.12,39.77,124.73,0.9696,-1,-1,-1
428,2068,1443.88,372.77,41.89,103.92,0.9689,-1,-1,-1
428,2070,1064.74,335.39,37.72,97.99,0.9678,-1,-1,-1
428,2057,1358.55,282.36,38.98,80.62,0.9673,-1,-1,-1
428,2118,695.19,266.9,45.33,87.49,0.9667,-1,-1,-1
428,2122,1880.41,605.25,39.59,150.01,0.9631,-1,-1,-1
428,2046,1184.83,320.86,44.08,91.9,0.9618,-1,-1,-1
428,2075,890.71,401.86,38.2,109.85,0.9511,-1,-1,-1
428,2054,1198.16,287.9,39.32,79.64,0.5577,-1,-1,-1
428,2120,802.53,244.87,33.22,67.09,0.3651,-1,-1,-1
429,2052,681.56,483.59,68.98,102.29,0.9805,-1,-1,-1
429,2115,1416.09,618.49,64.65,151.34,0.9775,-1,-1,-1
429,2072,186.84,572.89,48.09,131.35,0.9761,-1,-1,-1
429,2077,546.62,367.06,44.4,104.19,0.9751,-1,-1,-1
429,2079,447.17,370.1,46.66,97.15,0.9724,-1,-1,-1
429,2091,518.44,466.14,64.22,113.01,0.9719,-1,-1,-1
429,2102,830.45,733.56,59.73,162.63,0.9713,-1,-1,-1
429,2080,746.43,307.21,42.41,92.9,0.9702,-1,-1,-1
429,2078,68.78,493.72,38.45,124.58,0.9678,-1,-1,-1
429,2068,1444.01,372.77,41.51,103.75,0.9677,-1,-1,-1
429,2057,1359.55,282.06,40.09,81.42,0.9671,-1,-1,-1
429,2070,1065.42,335.21,36.9,97.21,0.966,-1,-1,-1
429,2122,1879.74,605.12,40.26,150.49,0.9624,-1,-1,-1
429,2118,696.19,267.43,47.61,86.84,0.9623,-1,-1,-1
429,2046,1188.99,321.35,38.4,90.33,0.9614,-1,-1,-1
429,2075,891.39,401.78,38.22,110.39,0.928,-1,-1,-1
429,2054,1211.61,292.94,26.1,46.02,0.67,-1,-1,-1
430,2072,186.12,572.96,47.26,130.07,0.9759,-1,-1,-1
430,2052,683.33,480.33,73.29,105.11,0.9759,-1,-1,-1
430,2077,545.11,367.8,47.4,102.58,0.9756,-1,-1,-1
430,2102,828.38,731.58,58.79,163.06,0.9739,-1,-1,-1
430,2115,1406.27,617.47,71.42,153.97,0.9726,-1,-1,-1
430,2091,517.22,466.54,66.36,110.76,0.9713,-1,-1,-1
430,2080,745.83,306.04,43.46,93.21,0.9707,-1,-1,-1
430,2118,698.2,270.31,49.36,82.27,0.9707,-1,-1,-1
430,2057,1362.27,281.07,40.91,82.69,0.9691,-1,-1,-1
430,2079,452.13,367.32,40.53,101.19,0.9688,-1,-1,-1
430,2068,1443.77,373.16,40.69,103.56,0.9675,-1,-1,-1
430,2078,65.84,493.85,38.53,124.95,0.9662,-1,-1,-1
430,2070,1066.2,333.72,35.08,96.89,0.9637,-1,-1,-1
430,2122,1878.28,605.18,41.46,149.33,0.959,-1,-1,-1
430,2046,1190.37,320.4,33.92,91.07,0.9458,-1,-1,-1
430,2075,892.04,401.24,41.97,110.02,0.9322,-1,-1,-1
430,2054,1214.23,293.45,30.21,42.37,0.6531,-1,-1,-1
431,2052,685.16,478.72,73.94,105.67,0.9763,-1,-1,-1
431,2102,824.89,730.93,57.68,160.94,0.9761,-1,-1,-1
431,2077,543.77,367.41,46.53,104.13,0.9754,-1,-1,-1
431,2115,1398.87,617.48,76.02,154.15,0.9752,-1,-1,-1
431,2072,183.75,573.39,46.97,130.32,0.9749,-1,-1,-1
431,2075,890.4,401.68,46.64,108.9,0.9738,-1,-1,-1
431,2118,700.94,275.41,45.48,77.42,0.9706,-1,-1,-1
431,2091,519.73,467.62,63.92,108.98,0.9695,-1,-1,-1
431,2057,1365.97,282.21,39.9,82.16,0.9686,-1,-1,-1
431,2080,746.29,305.21,43.25,93.07,0.9685,-1,-1,-1
431,2068,1441.02,373.36,40.9,103.8,0.9683,-1,-1,-1
431,2079,457.54,367.13,35.84,100.58,0.9664,-1,-1,-1
431,2070,1064.48,331.33,34.11,99.5,0.9658,-1,-1,-1
431,2078,62.75,496.09,36.78,122.72,0.9627,-1,-1,-1
431,2122,1875.36,604.3,44.64,150.11,0.9592,-1,-1,-1
431,2046,1187.41,318.85,34.9,90.62,0.9491,-1,-1,-1
431,2054,1208.02,294.31,40.45,47.16,0.857,-1,-1,-1
432,2052,687.62,479.27,72.05,103.82,0.9765,-1,-1,-1
432,2115,1396.11,618.49,76.37,153.17,0.9759,-1,-1,-1
432,2077,543.03,367.31,46.49,104.04,0.9752,-1,-1,-1
432,2072,182.12,573.48,46.85,129.96,0.9747,-1,-1,-1
432,2075,889.14,402.08,49.16,108.16,0.9742,-1,-1,-1
432,2102,822.8,728.56,56.3,162.28,0.9728,-1,-1,-1
432,2091,520.49,467.64,62.65,109.2,0.9694,-1,-1,-1
432,2068,1439.71,373.79,40.27,102.73,0.969,-1,-1,-1
432,2057,1367.99,282.94,39.14,82.59,0.9685,-1,-1,-1
432,2080,745.96,305.22,42.32,92.49,0.9662,-1,-1,-1
432,2118,702.83,274.07,41.36,78.5,0.9643,-1,-1,-1
432,2079,459.63,367.07,34.29,100.32,0.964,-1,-1,-1
432,2078,61.43,496.28,36.36,122.9,0.9623,-1,-1,-1
432,2070,1063.14,330.54,33.92,98.27,0.9592,-1,-1,-1
432,2046,1185.6,317.63,33.94,91.62,0.9582,-1,-1,-1
432,2122,1872.35,604.37,47.39,150.94,0.9485,-1,-1,-1
432,2054,1210.57,293.16,37.08,49.8,0.7654,-1,-1,-1
432,2124,1215.46,330.76,16.6,22.49,0.6315,-1,-1,-1
433,2052,692.16,478.39,67.71,103.68,0.9781,-1,-1,-1
433,2072,178.07,573.28,45.69,129.44,0.9776,-1,-1,-1
433,2102,817.0,728.8,57.78,159.37,0.9744,-1,-1,-1
433,2077,538.79,367.16,47.26,102.77,0.9737,-1,-1,-1
433,2115,1391.08,618.8,74.61,152.42,0.9723,-1,-1,-1
433,2068,1434.76,373.45,40.74,102.94,0.9722,-1,-1,-1
433,2075,885.33,403.43,53.4,106.8,0.9711,-1,-1,-1
433,2122,1865.42,605.15,54.25,149.48,0.969,-1,-1,-1
433,2091,518.43,465.08,63.82,110.29,0.9672,-1,-1,-1
433,2080,745.26,305.2,40.29,91.89,0.9662,-1,-1,-1
433,2070,1058.68,329.14,33.83,97.57,0.9657,-1,-1,-1
433,2079,460.2,367.47,35.59,99.9,0.9653,-1,-1,-1
433,2046,1180.16,315.86,32.21,94.16,0.9578,-1,-1,-1
433,2118,706.03,273.43,37.68,78.83,0.9546,-1,-1,-1
433,2078,55.07,497.71,34.7,124.2,0.9523,-1,-1,-1
433,2057,1370.99,283.71,37.39,83.06,0.9511,-1,-1,-1
433,2054,1214.81,291.52,32.05,45.66,0.6662,-1,-1,-1
433,2120,800.99,240.69,29.75,72.98,0.5227,-1,-1,-1
434,2052,699.76,477.73,58.4,104.67,0.9777,-1,-1,-1
434,2115,1381.16,617.22,76.87,151.96,0.9774,-1,-1,-1
434,2091,512.23,463.29,67.87,112.98,0.9744,-1,-1,-1
434,2075,878.34,403.17,53.88,106.44,0.9744,-1,-1,-1
434,2077,535.1,366.99,46.52,103.54,0.9736,-1,-1,-1
434,2122,1856.6,602.89,61.97,151.38,0.9719,-1,-1,-1
434,2068,1428.14,373.7,40.15,100.87,0.9709,-1,-1,-1
434,2072,171.49,572.91,44.8,127.82,0.9666,-1,-1,-1
434,2079,455.35,368.24,38.65,97.94,0.9664,-1,-1,-1
434,2070,1053.68,328.43,33.03,95.01,0.9634,-1,-1,-1
434,2057,1369.41,285.97,36.66,80.23,0.9553,-1,-1,-1
434,2080,743.97,304.88,36.31,92.3,0.9537,-1,-1,-1
434,2078,46.98,499.04,34.67,124.63,0.952,-1,-1,-1
434,2118,707.5,272.31,34.4,80.78,0.9515,-1,-1,-1
434,2102,809.61,726.86,58.02,156.73,0.9465,-1,-1,-1
434,2046,1171.64,315.1,35.67,92.63,0.9359,-1,-1,-1
434,2125,1203.55,300.7,32.2,71.28,0.8938,-1,-1,-1
434,2054,1222.64,292.35,19.03,46.64,0.7929,-1,-1,-1
435,2091,509.67,461.17,67.56,114.23,0.9764,-1,-1,-1
435,2122,1851.6,602.52,65.49,150.93,0.9758,-1,-1,-1
435,2115,1377.78,617.02,77.19,152.27,0.9758,-1,-1,-1
435,2075,873.98,403.7,53.79,106.1,0.9746,-1,-1,-1
435,2052,703.16,477.87,53.83,103.87,0.9736,-1,-1,-1
435,2102,806.43,725.0,57.79,155.93,0.9731,-1,-1,-1
435,2077,534.17,366.58,45.29,102.21,0.9724,-1,-1,-1
435,2072,167.28,573.9,43.72,124.89,0.9718,-1,-1,-1
435,2068,1423.71,373.8,40.41,100.15,0.9696,-1,-1,-1
435,2079,452.5,368.06,39.76,98.56,0.9679,-1,-1,-1
435,2046,1168.65,314.18,32.44,90.92,0.9598,-1,-1,-1
435,2070,1048.82,328.71,34.27,94.35,0.9591,-1,-1,-1
435,2080,741.59,304.85,36.9,93.66,0.9586,-1,-1,-1
435,2057,1368.95,286.11,35.68,80.28,0.9585,-1,-1,-1
435,2118,707.89,271.98,31.52,80.2,0.9514,-1,-1,-1
435,2078,43.72,499.92,34.3,123.91,0.9435,-1,-1,-1
435,2125,1203.37,296.17,33.09,77.86,0.827,-1,-1,-1
435,2054,1219.6,288.89,20.31,50.54,0.7025,-1,-1,-1
436,2115,1368.84,615.68,71.3,152.28,0.9749,-1,-1,-1
436,2091,504.97,460.07,67.67,113.34,0.9735,-1,-1,-1
436,2102,799.07,725.34,55.64,156.39,0.9722,-1,-1,-1
436,2052,709.39,478.52,45.23,101.76,0.9715,-1,-1,-1
436,2072,158.22,572.76,44.49,126.65,0.9712,-1,-1,-1
436,2079,444.08,368.32,43.35,98.14,0.9702,-1,-1,-1
436,2068,1415.21,373.58,40.22,98.63,0.969,-1,-1,-1
436,2122,1841.29,600.28,64.29,153.46,0.9682,-1,-1,-1
436,2075,866.68,403.77,51.32,105.4,0.9682,-1,-1,-1
436,2057,1365.8,287.83,36.13,78.71,0.9674,-1,-1,-1
436,2077,531.66,366.09,42.21,100.01,0.9673,-1,-1,-1
436,2070,1041.7,328.74,34.37,94.04,0.9637,-1,-1,-1
436,2078,34.04,500.85,37.43,123.03,0.9631,-1,-1,-1
436,2080,736.64,303.52,35.03,93.78,0.9541,-1,-1,-1
436,2046,1160.31,311.93,34.54,91.28,0.9509,-1,-1,-1
436,2125,1199.61,298.08,31.49,77.25,0.8847,-1,-1,-1
436,2118,703.89,271.36,33.29,80.66,0.8516,-1,-1,-1
437,2091,500.74,460.29,64.43,113.56,0.9758,-1,-1,-1
437,2075,858.99,404.1,50.09,104.62,0.9758,-1,-1,-1
437,2115,1357.76,614.94,67.67,150.95,0.9754,-1,-1,-1
437,2052,700.03,477.6,52.12,102.44,0.9729,-1,-1,-1
437,2079,434.68,368.93,46.8,98.29,0.9715,-1,-1,-1
437,2122,1830.41,599.56,62.93,152.79,0.9713,-1,-1,-1
437,2068,1404.85,373.31,40.58,98.52,0.9711,-1,-1,-1
437,2077,528.33,366.06,39.15,101.11,0.9686,-1,-1,-1
437,2057,1356.35,288.89,47.51,78.58,0.9683,-1,-1,-1
437,2072,146.97,572.89,45.92,126.73,0.9668,-1,-1,-1
437,2078,22.4,501.49,40.73,123.42,0.9659,-1,-1,-1
437,2102,789.1,724.73,56.41,156.66,0.9618,-1,-1,-1
437,2070,1031.23,327.27,35.95,95.76,0.9577,-1,-1,-1
437,2118,694.77,271.04,36.55,81.27,0.9571,-1,-1,-1
437,2046,1150.85,310.46,33.07,90.67,0.954,-1,-1,-1
437,2080,727.41,303.22,35.93,94.49,0.9451,-1,-1,-1
437,2125,1190.78,299.03,37.8,75.84,0.9362,-1,-1,-1
438,2115,1351.47,614.56,63.97,150.58,0.9766,-1,-1,-1
438,2122,1824.72,599.08,63.72,149.84,0.9734,-1,-1,-1
438,2079,428.69,369.9,48.29,96.93,0.9733,-1,-1,-1
438,2052,694.83,476.89,56.52,102.81,0.972,-1,-1,-1
438,2057,1350.43,290.2,54.9,77.97,0.9716,-1,-1,-1
438,2102,783.84,723.51,56.17,158.14,0.9715,-1,-1,-1
438,2072,141.97,572.97,45.29,125.95,0.9712,-1,-1,-1
438,2068,1398.76,372.42,41.25,99.53,0.9702,-1,-1,-1
438,2075,854.65,403.2,47.73,105.44,0.9677,-1,-1,-1
438,2077,525.83,365.86,38.17,103.6,0.9653,-1,-1,-1
438,2091,500.34,460.44,60.67,111.47,0.962,-1,-1,-1
438,2078,14.54,501.41,41.79,124.64,0.961,-1,-1,-1
438,2118,688.97,269.2,41.26,83.28,0.9595,-1,-1,-1
438,2125,1186.02,296.34,41.8,79.27,0.9572,-1,-1,-1
438,2080,721.46,303.11,37.43,93.63,0.9568,-1,-1,-1
438,2070,1026.32,326.5,35.91,95.92,0.9546,-1,-1,-1
438,2046,1145.56,310.92,33.15,88.93,0.9371,-1,-1,-1
438,2126,773.75,242.66,32.11,71.84,0.7826,-1,-1,-1
439,2122,1813.35,596.03,61.3,149.2,0.974,-1,-1,-1
439,2052,684.43,474.78,65.18,104.34,0.974,-1,-1,-1
439,2079,417.72,370.36,50.06,97.6,0.9728,-1,-1,-1
439,2072,129.57,572.58,45.12,126.01,0.9719,-1,-1,-1
439,2102,772.59,723.42,56.41,157.63,0.9719,-1,-1,-1
439,2068,1387.56,372.11,40.69,98.81,0.9706,-1,-1,-1
439,2057,1341.52,293.75,63.19,74.22,0.9694,-1,-1,-1
439,2077,515.48,366.48,39.65,102.98,0.969,-1,-1,-1
439,2091,500.2,460.98,50.72,110.59,0.969,-1,-1,-1
439,2115,1339.96,613.21,57.02,150.04,0.9677,-1,-1,-1
439,2118,679.96,268.41,45.67,84.07,0.9655,-1,-1,-1
439,2080,709.51,302.33,38.25,94.08,0.9628,-1,-1,-1
439,2125,1176.15,297.71,42.51,76.74,0.9605,-1,-1,-1
439,2046,1134.59,310.38,33.33,88.26,0.9451,-1,-1,-1
439,2070,1014.92,324.31,36.86,96.66,0.9392,-1,-1,-1
439,2078,1.61,501.25,43.74,126.68,0.9356,-1,-1,-1
439,2075,846.33,403.32,45.62,105.64,0.9302,-1,-1,-1
440,2052,677.19,472.66,74.32,105.9,0.9776,-1,-1,-1
440,2115,1327.8,613.16,48.49,150.13,0.9757,-1,-1,-1
440,2122,1802.28,593.98,60.64,146.97,0.9748,-1,-1,-1
440,2068,1375.38,369.9,42.35,100.53,0.9747,-1,-1,-1
440,2091,488.16,463.0,53.85,108.82,0.971,-1,-1,-1
440,2102,760.86,722.67,55.04,159.29,0.9703,-1,-1,-1
440,2077,504.13,366.08,41.83,101.84,0.97,-1,-1,-1
440,2072,114.66,572.87,44.73,126.94,0.9691,-1,-1,-1
440,2057,1332.23,294.66,68.33,76.15,0.9691,-1,-1,-1
440,2118,671.92,267.44,44.45,84.02,0.9649,-1,-1,-1
440,2079,407.46,369.54,51.81,98.67,0.9618,-1,-1,-1
440,2070,1002.45,322.57,37.5,95.53,0.959,-1,-1,-1
440,2125,1163.44,301.75,52.69,73.58,0.958,-1,-1,-1
440,2046,1123.33,309.88,33.13,89.55,0.9507,-1,-1,-1
440,2080,698.87,305.2,36.49,90.32,0.9451,-1,-1,-1
440,2078,0.0,500.66,34.18,127.39,0.9189,-1,-1,-1
440,2075,838.56,401.99,43.5,105.36,0.856,-1,-1,-1
441,2052,674.44,472.19,77.34,107.1,0.9766,-1,-1,-1
441,2079,401.9,369.89,50.34,97.92,0.9738,-1,-1,-1
441,2091,481.34,463.04,55.95,108.39,0.9732,-1,-1,-1
441,2102,755.06,721.66,53.07,159.7,0.9732,-1,-1,-1
441,2122,1797.49,592.64,58.93,148.05,0.9717,-1,-1,-1
441,2077,498.14,366.62,43.96,100.54,0.9717,-1,-1,-1
441,2057,1328.08,295.39,68.59,76.1,0.97,-1,-1,-1
441,2072,107.91,573.37,42.97,125.91,0.9658,-1,-1,-1
441,2070,996.57,320.57,38.18,95.35,0.9652,-1,-1,-1
441,2115,1316.16,610.62,51.03,152.37,0.9636,-1,-1,-1
441,2125,1160.22,304.29,54.17,70.84,0.96,-1,-1,-1
441,2068,1369.42,368.96,43.52,101.98,0.9596,-1,-1,-1
441,2118,668.32,268.04,43.1,81.87,0.956,-1,-1,-1
441,2046,1117.34,309.63,33.32,90.46,0.9472,-1,-1,-1
441,2080,690.87,303.76,39.36,92.36,0.937,-1,-1,-1
441,2075,835.84,401.73,41.81,106.42,0.8825,-1,-1,-1
441,2078,0.09,500.4,28.16,129.85,0.8563,-1,-1,-1
441,2127,749.53,245.08,34.61,69.71,0.7905,-1,-1,-1
442,2122,1784.64,590.63,57.95,148.58,0.9768,-1,-1,-1
442,2068,1357.11,369.39,45.58,101.6,0.9739,-1,-1,-1
442,2052,672.28,472.06,75.67,106.04,0.9735,-1,-1,-1
442,2079,390.94,368.57,50.25,99.32,0.9726,-1,-1,-1
442,2077,485.95,366.78,47.03,101.26,0.9724,-1,-1,-1
442,2091,468.33,464.22,66.15,106.94,0.9688,-1,-1,-1
442,2102,742.57,721.22,52.97,160.19,0.9668,-1,-1,-1
442,2057,1323.71,297.9,60.89,74.21,0.9667,-1,-1,-1
442,2070,984.81,318.98,37.77,96.23,0.9634,-1,-1,-1
442,2072,94.3,574.43,42.36,125.11,0.9632,-1,-1,-1
442,2115,1301.17,611.03,46.66,151.91,0.9627,-1,-1,-1
442,2125,1152.14,301.13,57.73,74.41,0.9547,-1,-1,-1
442,2046,1105.33,312.04,34.38,87.74,0.9462,-1,-1,-1
442,2080,675.97,302.57,42.19,93.79,0.9273,-1,-1,-1
442,2118,661.78,269.52,44.09,79.06,0.9059,-1,-1,-1
442,2075,827.73,402.95,39.87,103.6,0.5351,-1,-1,-1
443,2077,474.02,367.81,50.48,100.2,0.9757,-1,-1,-1
443,2102,729.82,720.31,52.84,159.95,0.9732,-1,-1,-1
443,2091,455.74,462.53,74.05,107.63,0.9729,-1,-1,-1
443,2052,671.16,473.2,69.08,104.96,0.9722,-1,-1,-1
443,2079,381.56,368.52,48.12,97.59,0.9699,-1,-1,-1
443,2072,78.69,574.74,43.26,126.34,0.9669,-1,-1,-1
443,2070,971.77,318.07,38.3,95.74,0.9659,-1,-1,-1
443,2122,1771.97,589.17,56.88,149.07,0.9655,-1,-1,-1
443,2115,1277.04,610.64,56.9,152.87,0.9648,-1,-1,-1
443,2125,1145.76,307.39,60.47,72.22,0.9606,-1,-1,-1
443,2057,1316.69,299.18,54.23,71.6,0.9574,-1,-1,-1
443,2080,661.95,305.47,43.47,90.05,0.9534,-1,-1,-1
443,2068,1345.37,370.01,48.05,99.45,0.9443,-1,-1,-1
443,2046,1093.17,310.71,34.97,88.38,0.9435,-1,-1,-1
443,2118,657.83,270.46,46.07,77.04,0.9347,-1,-1,-1
443,2075,820.45,400.98,37.95,106.76,0.9049,-1,-1,-1
444,2122,1765.02,588.02,56.86,149.81,0.9761,-1,-1,-1
444,2068,1337.44,370.36,50.78,99.46,0.9758,-1,-1,-1
444,2077,466.64,367.45,53.33,100.92,0.975,-1,-1,-1
444,2079,377.86,367.33,46.13,98.09,0.9738,-1,-1,-1
444,2091,450.41,462.13,75.95,106.72,0.9731,-1,-1,-1
444,2052,672.34,472.89,66.84,105.51,0.9726,-1,-1,-1
444,2102,723.42,720.17,53.23,158.99,0.9706,-1,-1,-1
444,2125,1143.98,301.25,57.46,78.41,0.9688,-1,-1,-1
444,2080,659.23,307.3,40.39,88.0,0.9623,-1,-1,-1
444,2057,1312.91,298.98,51.14,72.06,0.9619,-1,-1,-1
444,2072,72.15,574.83,42.23,125.35,0.9611,-1,-1,-1
444,2070,965.94,317.97,37.85,96.22,0.9587,-1,-1,-1
444,2046,1087.75,310.2,34.19,89.05,0.953,-1,-1,-1
444,2115,1267.54,610.0,60.26,152.46,0.9377,-1,-1,-1
444,2075,816.61,400.69,37.98,106.57,0.924,-1,-1,-1
444,2118,657.02,268.89,41.28,77.81,0.8894,-1,-1,-1
445,2052,675.26,472.19,61.22,105.71,0.9731,-1,-1,-1
445,2068,1324.57,371.57,57.12,98.46,0.9731,-1,-1,-1
445,2077,456.52,367.35,52.76,100.86,0.9728,-1,-1,-1
445,2122,1751.75,587.82,56.84,149.03,0.9714,-1,-1,-1
445,2102,711.17,718.5,51.7,161.09,0.971,-1,-1,-1
445,2072,57.3,575.51,42.74,125.78,0.9678,-1,-1,-1
445,2057,1302.63,297.79,48.46,73.97,0.9677,-1,-1,-1
445,2115,1250.72,608.01,63.01,154.18,0.9656,-1,-1,-1
445,2079,370.57,366.88,39.7,98.49,0.9652,-1,-1,-1
445,2091,441.64,460.47,77.56,109.91,0.9601,-1,-1,-1
445,2125,1140.44,300.17,50.05,80.41,0.9577,-1,-1,-1
445,2070,953.57,318.79,36.92,94.91,0.9553,-1,-1,-1
445,2075,807.37,400.03,36.25,106.52,0.954,-1,-1,-1
445,2080,651.17,304.64,36.86,90.48,0.9492,-1,-1,-1
445,2046,1074.4,308.74,34.73,89.86,0.9488,-1,-1,-1
445,2118,654.04,268.46,32.56,72.38,0.7333,-1,-1,-1
446,2091,438.36,459.78,73.15,108.23,0.9769,-1,-1,-1
446,2122,1738.19,586.33,56.77,149.09,0.9758,-1,-1,-1
446,2052,680.22,469.64,53.35,107.75,0.975,-1,-1,-1
446,2077,449.61,368.61,49.69,97.42,0.973,-1,-1,-1
446,2102,698.54,719.65,52.31,157.7,0.971,-1,-1,-1
446,2115,1232.57,608.25,69.68,153.07,0.9689,-1,-1,-1
446,2057,1297.21,296.36,41.57,74.27,0.9666,-1,-1,-1
446,2072,42.57,575.61,43.02,126.77,0.9655,-1,-1,-1
446,2068,1310.66,373.02,62.31,96.72,0.9651,-1,-1,-1
446,2079,364.06,367.23,33.74,97.06,0.9571,-1,-1,-1
446,2125,1139.5,299.75,45.38,80.8,0.9556,-1,-1,-1
446,2070,942.25,321.4,35.47,92.57,0.9518,-1,-1,-1
446,2075,796.56,400.19,37.57,107.25,0.9509,-1,-1,-1
446,2046,1062.23,308.15,34.33,88.75,0.9437,-1,-1,-1
446,2118,649.11,271.2,29.06,63.27,0.9092,-1,-1,-1
446,2080,641.8,304.78,30.54,88.2,0.9042,-1,-1,-1
447,2091,437.1,459.28,71.96,109.23,0.9773,-1,-1,-1
447,2052,678.34,467.94,53.86,109.8,0.9759,-1,-1,-1
447,2122,1731.53,586.8,58.59,148.75,0.9755,-1,-1,-1
447,2068,1305.12,372.57,63.8,97.87,0.9747,-1,-1,-1
447,2077,446.56,368.62,48.87,98.19,0.9721,-1,-1,-1
447,2115,1225.87,606.8,68.31,155.5,0.9693,-1,-1,-1
447,2072,35.88,576.48,41.75,125.74,0.9672,-1,-1,-1
447,2102,693.05,718.82,51.39,159.05,0.9652,-1,-1,-1
447,2057,1294.01,295.03,39.42,75.22,0.9643,-1,-1,-1
447,2125,1140.64,295.75,41.62,85.09,0.9546,-1,-1,-1
447,2079,360.68,366.61,31.07,98.89,0.9544,-1,-1,-1
447,2070,937.4,322.2,34.23,91.33,0.9518,-1,-1,-1
447,2046,1055.58,305.23,35.09,91.97,0.9508,-1,-1,-1
447,2075,791.41,400.44,37.96,106.64,0.9415,-1,-1,-1
447,2080,636.42,306.03,30.66,87.15,0.8955,-1,-1,-1
447,2118,645.99,271.29,27.34,64.81,0.8855,-1,-1,-1
448,2122,1717.21,585.51,60.08,147.82,0.9764,-1,-1,-1
448,2052,670.76,465.0,57.57,112.99,0.9737,-1,-1,-1
448,2102,681.33,718.17,52.11,159.62,0.9729,-1,-1,-1
448,2091,439.16,460.04,66.07,108.93,0.9724,-1,-1,-1
448,2068,1292.93,372.71,64.36,97.53,0.9714,-1,-1,-1
448,2077,441.56,368.77,43.63,96.63,0.9702,-1,-1,-1
448,2057,1284.61,291.61,39.52,78.54,0.9678,-1,-1,-1
448,2072,22.62,576.07,42.14,126.79,0.9631,-1,-1,-1
448,2070,927.26,320.46,32.94,92.36,0.9566,-1,-1,-1
448,2079,350.78,367.06,29.86,97.81,0.9565,-1,-1,-1
448,2115,1209.51,607.65,73.4,152.3,0.9556,-1,-1,-1
448,2080,626.36,305.75,30.55,87.78,0.9329,-1,-1,-1
448,2046,1045.03,302.92,34.9,93.14,0.9321,-1,-1,-1
448,2118,638.0,269.33,28.2,72.08,0.8564,-1,-1,-1
448,2125,1140.75,302.39,36.15,76.79,0.8336,-1,-1,-1
448,2075,782.15,399.84,37.35,106.96,0.8109,-1,-1,-1
449,2122,1704.41,585.52,61.63,147.64,0.9753,-1,-1,-1
449,2091,444.61,460.64,59.08,107.31,0.9731,-1,-1,-1
449,2068,1281.07,372.86,63.04,97.37,0.9722,-1,-1,-1
449,2072,10.44,577.14,42.22,126.69,0.97,-1,-1,-1
449,2115,1196.49,607.13,70.52,152.82,0.9697,-1,-1,-1
449,2052,662.61,462.7,64.18,114.97,0.9675,-1,-1,-1
449,2102,669.23,716.17,52.75,159.66,0.9663,-1,-1,-1
449,2075,770.54,400.93,42.01,105.46,0.9658,-1,-1,-1
449,2077,439.0,369.36,39.46,96.05,0.965,-1,-1,-1
449,2070,916.03,319.39,33.03,91.69,0.9643,-1,-1,-1
449,2079,340.76,366.99,32.76,98.79,0.9625,-1,-1,-1
449,2057,1272.79,290.1,42.65,81.52,0.9569,-1,-1,-1
449,2080,617.28,305.58,27.5,88.16,0.943,-1,-1,-1
449,2046,1035.14,302.96,33.89,86.76,0.9369,-1,-1,-1
449,2125,1134.4,288.34,37.45,92.04,0.9229,-1,-1,-1
449,2118,633.05,269.23,29.71,82.15,0.9225,-1,-1,-1
450,2091,445.16,460.42,57.07,106.48,0.976,-1,-1,-1
450,2075,764.64,400.88,44.42,105.44,0.9738,-1,-1,-1
450,2052,659.98,461.74,65.6,112.4,0.9726,-1,-1,-1
450,2077,433.31,369.17,41.58,95.7,0.9713,-1,-1,-1
450,2102,663.36,717.61,53.49,155.46,0.9713,-1,-1,-1
450,2070,910.98,318.82,33.28,93.13,0.9672,-1,-1,-1
450,2068,1274.89,372.76,63.25,97.18,0.9671,-1,-1,-1
450,2079,334.95,366.17,37.71,100.65,0.9659,-1,-1,-1
450,2072,4.21,575.38,42.44,128.91,0.9628,-1,-1,-1
450,2057,1269.36,288.72,41.43,82.33,0.9616,-1,-1,-1
450,2115,1188.93,607.35,73.52,151.89,0.9605,-1,-1,-1
450,2122,1697.92,585.58,61.43,146.59,0.9586,-1,-1,-1
450,2118,627.96,267.04,34.06,82.73,0.9428,-1,-1,-1
450,2046,1030.22,301.73,33.37,93.57,0.932,-1,-1,-1
450,2080,613.08,306.57,25.68,86.5,0.9303,-1,-1,-1
450,2125,1141.87,298.65,27.64,81.1,0.9055,-1,-1,-1
451,2052,655.48,459.97,66.63,111.64,0.9796,-1,-1,-1
451,2122,1683.37,584.21,63.19,146.37,0.9767,-1,-1,-1
451,2091,435.93,457.38,62.04,110.01,0.9756,-1,-1,-1
451,2077,423.34,368.77,47.46,96.75,0.9741,-1,-1,-1
451,2075,752.72,401.09,48.38,105.32,0.973,-1,-1,-1
451,2079,323.73,367.09,46.13,98.52,0.9709,-1,-1,-1
451,2115,1176.08,606.14,69.41,151.53,0.9708,-1,-1,-1
451,2057,1258.84,287.46,42.39,82.13,0.9688,-1,-1,-1
451,2102,651.46,717.62,55.32,154.02,0.9669,-1,-1,-1
451,2072,0.04,576.56,37.99,128.67,0.964,-1,-1,-1
451,2118,617.26,267.14,41.84,82.53,0.9582,-1,-1,-1
451,2070,899.18,319.03,35.21,92.37,0.9551,-1,-1,-1
451,2068,1263.18,372.28,62.89,96.5,0.9395,-1,-1,-1
451,2046,1018.78,300.88,34.89,96.15,0.9321,-1,-1,-1
451,2125,1134.48,298.1,30.1,85.04,0.9302,-1,-1,-1
451,2080,603.11,307.45,26.29,85.24,0.9235,-1,-1,-1
451,2130,1893.51,370.69,26.49,104.92,0.9154,-1,-1,-1
452,2052,652.34,460.44,67.75,110.73,0.9803,-1,-1,-1
452,2091,426.56,454.39,66.38,113.78,0.9766,-1,-1,-1
452,2079,311.26,368.47,54.83,97.48,0.9749,-1,-1,-1
452,2075,741.16,400.96,49.27,104.7,0.9733,-1,-1,-1
452,2077,410.0,366.62,52.44,99.29,0.9732,-1,-1,-1
452,2068,1252.52,370.56,60.86,97.46,0.9721,-1,-1,-1
452,2102,639.17,716.39,55.77,152.9,0.9707,-1,-1,-1
452,2122,1670.32,583.84,63.97,144.58,0.9692,-1,-1,-1
452,2115,1162.11,604.59,68.57,151.29,0.9683,-1,-1,-1
452,2130,1877.58,370.62,42.34,103.09,0.9656,-1,-1,-1
452,2057,1250.61,288.1,38.51,80.42,0.9648,-1,-1,-1
452,2118,608.01,267.28,42.81,83.23,0.9592,-1,-1,-1
452,2070,888.16,317.69,35.74,91.03,0.9516,-1,-1,-1
452,2125,1129.12,301.32,37.43,83.78,0.9481,-1,-1,-1
452,2080,591.98,307.73,27.02,84.62,0.937,-1,-1,-1
452,2046,1007.22,300.74,34.54,93.1,0.9155,-1,-1,-1
452,2072,0.37,577.77,25.47,127.37,0.7769,-1,-1,-1
453,2052,652.1,461.18,65.75,111.72,0.977,-1,-1,-1
453,2122,1663.35,581.48,63.56,145.25,0.9767,-1,-1,-1
453,2091,423.28,452.84,67.42,114.3,0.9761,-1,-1,-1
453,2115,1155.43,603.32,65.75,151.77,0.9751,-1,-1,-1
453,2079,304.73,368.28,56.7,97.43,0.9738,-1,-1,-1
453,2075,735.65,401.04,48.87,104.81,0.9736,-1,-1,-1
453,2068,1247.55,369.43,60.98,98.51,0.9729,-1,-1,-1
453,2102,632.96,716.11,56.04,152.59,0.9714,-1,-1,-1
453,2077,404.83,365.85,54.99,100.07,0.9711,-1,-1,-1
453,2130,1868.89,370.53,49.84,102.69,0.9656,-1,-1,-1
453,2057,1245.48,287.51,38.07,80.48,0.9639,-1,-1,-1
453,2125,1124.53,302.28,41.51,83.24,0.9594,-1,-1,-1
453,2070,882.53,319.49,35.87,87.85,0.9495,-1,-1,-1
453,2118,604.27,268.74,41.29,81.46,0.9486,-1,-1,-1
453,2080,586.3,307.19,26.86,85.33,0.9342,-1,-1,-1
453,2046,1001.43,300.82,33.41,92.31,0.9328,-1,-1,-1
454,2077,394.25,365.19,58.62,100.12,0.9757,-1,-1,-1
454,2091,418.71,452.23,67.2,110.89,0.975,-1,-1,-1
454,2068,1241.92,369.02,54.14,98.72,0.9744,-1,-1,-1
454,2079,292.33,368.83,61.4,97.67,0.9739,-1,-1,-1
454,2052,654.8,462.95,55.35,111.67,0.9733,-1,-1,-1
454,2122,1653.11,579.48,62.7,143.94,0.9721,-1,-1,-1
454,2130,1851.24,369.88,53.53,103.61,0.972,-1,-1,-1
454,2115,1144.76,603.04,57.52,147.57,0.9701,-1,-1,-1
454,2125,1117.59,305.79,47.52,78.4,0.9681,-1,-1,-1
454,2102,620.72,714.79,57.38,154.02,0.9681,-1,-1,-1
454,2070,870.78,319.58,38.3,87.33,0.9595,-1,-1,-1
454,2075,725.11,401.44,48.87,104.0,0.9529,-1,-1,-1
454,2046,989.7,303.4,33.44,86.19,0.9428,-1,-1,-1
454,2057,1223.26,287.32,53.64,82.29,0.9418,-1,-1,-1
454,2080,574.6,307.72,29.23,85.39,0.9372,-1,-1,-1
454,2118,599.51,271.5,35.01,77.74,0.9193,-1,-1,-1
454,2132,0.0,526.15,13.1,114.76,0.6811,-1,-1,-1
455,2091,418.89,451.59,63.53,112.41,0.9791,-1,-1,-1
455,2077,385.51,365.87,61.82,99.84,0.9765,-1,-1,-1
455,2122,1645.74,579.0,59.52,142.1,0.9739,-1,-1,-1
455,2075,716.49,401.43,46.51,103.99,0.9734,-1,-1,-1
455,2068,1235.36,368.82,50.44,98.85,0.9734,-1,-1,-1
455,2130,1841.87,370.29,49.27,102.94,0.9732,-1,-1,-1
455,2102,610.25,714.79,57.33,153.66,0.9729,-1,-1,-1
455,2052,662.83,464.0,43.68,109.38,0.9714,-1,-1,-1
455,2115,1136.17,602.18,51.21,146.73,0.9692,-1,-1,-1
455,2079,282.05,370.61,59.78,95.05,0.9635,-1,-1,-1
455,2057,1222.67,287.57,41.8,81.98,0.9633,-1,-1,-1
455,2125,1109.86,309.43,52.19,76.22,0.9632,-1,-1,-1
455,2070,863.05,317.98,36.45,89.95,0.955,-1,-1,-1
455,2080,562.71,306.49,34.47,87.5,0.9539,-1,-1,-1
455,2046,978.82,303.24,32.8,86.76,0.934,-1,-1,-1
455,2118,595.92,273.53,29.4,78.43,0.9081,-1,-1,-1
456,2091,419.29,451.53,61.43,112.96,0.9787,-1,-1,-1
456,2077,382.62,366.11,61.63,99.96,0.9748,-1,-1,-1
456,2079,276.51,370.11,59.79,95.83,0.9746,-1,-1,-1
456,2102,604.68,714.96,58.71,152.72,0.974,-1,-1,-1
456,2122,1641.55,578.08,58.6,142.03,0.9729,-1,-1,-1
456,2068,1232.41,368.26,48.43,99.34,0.9724,-1,-1,-1
456,2130,1834.45,369.73,50.22,103.41,0.9721,-1,-1,-1
456,2115,1131.85,601.74,49.52,146.5,0.969,-1,-1,-1
456,2075,713.54,401.3,44.08,104.95,0.9685,-1,-1,-1
456,2052,667.73,464.54,38.08,109.06,0.9652,-1,-1,-1
456,2057,1217.96,287.81,42.63,82.27,0.9625,-1,-1,-1
456,2125,1105.26,308.01,52.67,76.45,0.9619,-1,-1,-1
456,2070,859.55,317.8,35.46,89.22,0.954,-1,-1,-1
456,2080,557.75,307.71,36.06,86.04,0.954,-1,-1,-1
456,2046,973.3,303.62,33.61,86.0,0.9446,-1,-1,-1
456,2118,591.96,274.39,29.47,76.56,0.9375,-1,-1,-1
457,2122,1636.02,576.17,54.19,141.25,0.974,-1,-1,-1
457,2079,269.03,369.17,57.54,98.01,0.9734,-1,-1,-1
457,2115,1121.49,600.51,47.05,147.06,0.9733,-1,-1,-1
457,2068,1226.31,366.49,45.75,100.64,0.9716,-1,-1,-1
457,2091,425.85,452.62,54.35,111.68,0.9714,-1,-1,-1
457,2125,1096.08,303.64,54.58,82.34,0.9708,-1,-1,-1
457,2052,665.45,462.39,42.0,110.48,0.9701,-1,-1,-1
457,2077,378.69,368.04,59.28,97.96,0.9685,-1,-1,-1
457,2080,546.76,307.07,41.72,86.2,0.9671,-1,-1,-1
457,2057,1207.49,290.85,43.25,79.13,0.967,-1,-1,-1
457,2075,708.63,400.97,38.43,105.01,0.9651,-1,-1,-1
457,2102,594.85,713.28,58.46,155.76,0.9647,-1,-1,-1
457,2130,1822.87,369.71,48.23,102.74,0.9601,-1,-1,-1
457,2070,851.65,312.97,35.26,92.88,0.9547,-1,-1,-1
457,2046,963.43,299.9,35.47,89.5,0.9507,-1,-1,-1
457,2118,588.92,271.96,30.57,78.7,0.9413,-1,-1,-1
458,2077,376.16,368.7,56.74,97.06,0.9746,-1,-1,-1
458,2130,1810.13,369.37,47.96,102.81,0.9746,-1,-1,-1
458,2102,585.52,712.45,58.37,155.64,0.9736,-1,-1,-1
458,2122,1628.04,574.9,51.56,142.4,0.9735,-1,-1,-1
458,2115,1109.73,599.48,47.17,146.79,0.9724,-1,-1,-1
458,2080,537.03,308.45,45.23,84.43,0.9721,-1,-1,-1
458,2052,656.92,460.62,53.41,110.87,0.9717,-1,-1,-1
458,2125,1088.59,301.49,53.1,84.58,0.9708,-1,-1,-1
458,2068,1220.58,366.32,42.06,100.37,0.9706,-1,-1,-1
458,2079,263.39,368.61,52.46,98.57,0.9691,-1,-1,-1
458,2091,436.82,453.05,43.34,109.56,0.9683,-1,-1,-1
458,2057,1195.98,291.07,45.08,78.56,0.9611,-1,-1,-1
458,2070,843.03,312.09,35.56,92.17,0.9596,-1,-1,-1
458,2118,580.68,277.23,32.82,75.16,0.9556,-1,-1,-1
458,2046,953.03,299.17,35.52,89.61,0.9467,-1,-1,-1
458,2075,705.78,400.1,30.12,105.84,0.9109,-1,-1,-1
459,2130,1804.15,369.04,47.6,103.04,0.9758,-1,-1,-1
459,2122,1622.83,574.81,51.93,142.14,0.9745,-1,-1,-1
459,2102,580.68,711.87,59.28,155.31,0.9741,-1,-1,-1
459,2052,653.88,459.49,57.32,112.29,0.9736,-1,-1,-1
459,2077,375.96,369.34,55.91,96.74,0.9732,-1,-1,-1
459,2125,1086.52,301.03,50.46,84.81,0.9709,-1,-1,-1
459,2079,261.32,369.45,49.77,97.05,0.9709,-1,-1,-1
459,2091,435.94,452.03,45.8,109.97,0.9702,-1,-1,-1
459,2068,1216.2,366.25,41.72,101.18,0.9692,-1,-1,-1
459,2080,531.94,308.64,47.06,84.49,0.9672,-1,-1,-1
459,2115,1103.39,599.73,46.68,147.54,0.9661,-1,-1,-1
459,2118,576.23,274.69,37.06,77.05,0.9622,-1,-1,-1
459,2057,1191.66,292.14,43.67,78.05,0.9602,-1,-1,-1
459,2070,839.2,310.71,35.53,91.3,0.9428,-1,-1,-1
459,2046,949.17,301.39,35.02,86.03,0.9315,-1,-1,-1
459,2075,703.09,400.51,29.82,103.71,0.8895,-1,-1,-1
460,2052,649.5,457.97,63.4,110.95,0.9766,-1,-1,-1
460,2091,424.61,451.52,57.47,112.31,0.9738,-1,-1,-1
460,2122,1614.22,573.82,52.62,142.73,0.9734,-1,-1,-1
460,2130,1791.73,369.5,47.93,103.21,0.9734,-1,-1,-1
460,2079,258.55,368.12,42.35,97.44,0.9732,-1,-1,-1
460,2115,1089.11,599.71,49.78,147.29,0.9727,-1,-1,-1
460,2080,522.75,308.49,48.55,84.58,0.971,-1,-1,-1
460,2102,571.72,711.63,59.23,155.37,0.9702,-1,-1,-1
460,2057,1184.83,290.23,41.26,79.43,0.9701,-1,-1,-1
460,2068,1208.19,366.17,41.73,100.75,0.9698,-1,-1,-1
460,2125,1082.42,299.72,45.61,84.1,0.9695,-1,-1,-1
460,2077,379.07,369.94,50.3,95.91,0.9692,-1,-1,-1
460,2118,568.03,269.51,44.13,82.66,0.9636,-1,-1,-1
460,2070,831.13,308.93,34.62,91.45,0.9575,-1,-1,-1
460,2046,940.48,301.75,35.13,84.01,0.9457,-1,-1,-1
460,2075,698.34,401.38,27.75,102.38,0.8974,-1,-1,-1
461,2052,648.8,459.22,72.51,106.47,0.9789,-1,-1,-1
461,2102,563.8,710.4,59.4,156.28,0.9765,-1,-1,-1
461,2130,1782.58,369.51,46.9,102.85,0.9757,-1,-1,-1
461,2091,418.37,449.02,64.73,114.24,0.9744,-1,-1,-1
461,2077,380.87,369.73,44.82,95.74,0.9704,-1,-1,-1
461,2068,1200.56,367.38,40.95,99.19,0.9697,-1,-1,-1
461,2080,514.29,308.86,48.87,84.82,0.9692,-1,-1,-1
461,2125,1079.37,296.27,40.31,87.21,0.9691,-1,-1,-1
461,2115,1075.63,599.7,53.1,146.48,0.968,-1,-1,-1
461,2122,1604.74,572.68,54.51,144.05,0.9674,-1,-1,-1
461,2079,258.06,369.4,37.53,95.83,0.9648,-1,-1,-1
461,2118,562.58,270.43,52.57,81.67,0.9643,-1,-1,-1
461,2070,825.65,309.68,33.94,92.1,0.9586,-1,-1,-1
461,2057,1179.77,289.07,36.47,80.61,0.9577,-1,-1,-1
461,2046,933.86,299.97,33.91,85.28,0.9514,-1,-1,-1
462,2102,560.08,710.45,59.68,155.51,0.9767,-1,-1,-1
462,2052,648.79,459.71,73.18,105.4,0.9748,-1,-1,-1
462,2091,416.88,448.29,67.28,114.36,0.9742,-1,-1,-1
462,2080,510.82,308.48,49.05,84.63,0.9736,-1,-1,-1
462,2115,1070.31,599.76,52.58,145.87,0.9732,-1,-1,-1
462,2130,1778.64,369.07,46.62,102.33,0.9722,-1,-1,-1
462,2122,1601.96,573.21,54.32,142.08,0.9722,-1,-1,-1
462,2077,379.5,368.04,43.18,97.87,0.9714,-1,-1,-1
462,2068,1196.94,365.92,41.96,102.3,0.9699,-1,-1,-1
462,2125,1078.24,295.87,39.1,87.15,0.9698,-1,-1,-1
462,2118,560.9,270.04,53.96,81.58,0.9633,-1,-1,-1
462,2057,1175.02,288.04,37.79,82.48,0.9619,-1,-1,-1
462,2079,259.14,369.09,35.15,96.62,0.961,-1,-1,-1
462,2070,822.42,308.6,34.51,92.68,0.9492,-1,-1,-1
462,2046,930.42,299.75,34.19,84.82,0.9366,-1,-1,-1
463,2052,651.83,461.71,67.72,104.77,0.9788,-1,-1,-1
463,2102,553.45,710.7,61.78,153.27,0.9778,-1,-1,-1
463,2091,416.19,446.65,76.3,114.15,0.9769,-1,-1,-1
463,2077,373.84,367.92,48.7,98.49,0.9756,-1,-1,-1
463,2122,1595.35,572.7,54.93,141.99,0.9754,-1,-1,-1
463,2130,1770.94,369.53,45.74,101.91,0.9744,-1,-1,-1
463,2115,1061.45,598.33,53.78,146.33,0.9732,-1,-1,-1
463,2080,506.28,309.16,46.58,83.56,0.9686,-1,-1,-1
463,2068,1191.04,367.75,40.32,99.38,0.9674,-1,-1,-1
463,2118,558.65,270.94,53.2,81.47,0.9674,-1,-1,-1
463,2125,1076.22,294.23,33.4,88.4,0.9573,-1,-1,-1
463,2046,924.11,298.29,30.56,85.8,0.9518,-1,-1,-1
463,2079,260.36,369.07,31.52,94.59,0.9497,-1,-1,-1
463,2070,817.7,310.72,32.53,90.71,0.9495,-1,-1,-1
463,2057,1171.63,288.5,33.19,82.12,0.9365,-1,-1,-1
464,2077,368.66,365.37,52.29,100.88,0.9754,-1,-1,-1
464,2091,419.01,446.79,74.46,114.43,0.975,-1,-1,-1
464,2052,658.69,462.98,61.9,104.08,0.9748,-1,-1,-1
464,2102,548.46,709.77,60.79,153.87,0.9745,-1,-1,-1
464,2122,1590.69,572.52,55.92,141.71,0.9744,-1,-1,-1
464,2115,1055.55,597.25,51.64,148.18,0.9737,-1,-1,-1
464,2080,501.03,309.08,45.6,83.39,0.9734,-1,-1,-1
464,2130,1763.64,369.43,46.95,101.71,0.9728,-1,-1,-1
464,2118,558.73,274.71,48.06,79.09,0.9705,-1,-1,-1
464,2068,1185.35,365.25,40.66,101.72,0.9681,-1,-1,-1
464,2079,257.69,369.43,34.58,95.17,0.9579,-1,-1,-1
464,2125,1074.27,292.16,30.99,89.96,0.9568,-1,-1,-1
464,2070,817.18,312.96,27.69,88.04,0.9553,-1,-1,-1
464,2046,919.98,296.99,27.53,84.95,0.9331,-1,-1,-1
464,2057,1165.65,289.53,33.55,80.53,0.9102,-1,-1,-1
465,2130,1761.73,369.06,45.25,102.09,0.9757,-1,-1,-1
465,2077,367.23,364.93,53.27,101.48,0.9756,-1,-1,-1
465,2122,1588.38,572.31,57.14,141.4,0.9756,-1,-1,-1
465,2080,498.81,308.04,43.36,85.03,0.97,-1,-1,-1
465,2115,1052.75,598.24,51.58,147.14,0.9695,-1,-1,-1
465,2091,423.54,447.88,66.37,113.68,0.9686,-1,-1,-1
465,2102,547.04,707.83,60.94,156.31,0.9675,-1,-1,-1
465,2079,255.78,368.57,35.94,96.83,0.966,-1,-1,-1
465,2068,1183.18,366.82,40.39,99.76,0.9657,-1,-1,-1
465,2118,559.94,275.57,45.72,78.71,0.9616,-1,-1,-1
465,2125,1073.66,292.03,31.24,89.93,0.959,-1,-1,-1
465,2052,664.98,461.85,60.21,106.18,0.9563,-1,-1,-1
465,2070,816.57,311.78,25.96,89.2,0.9512,-1,-1,-1
465,2046,917.66,293.19,28.38,87.58,0.9382,-1,-1,-1
465,2057,1165.39,287.57,31.05,81.71,0.9339,-1,-1,-1
466,2077,365.47,364.54,55.06,102.15,0.9763,-1,-1,-1
466,2130,1756.13,368.87,46.23,101.88,0.9757,-1,-1,-1
466,2115,1050.2,597.51,46.87,147.58,0.9757,-1,-1,-1
466,2122,1586.1,572.23,56.76,141.46,0.9754,-1,-1,-1
466,2052,677.5,457.42,50.22,110.46,0.9724,-1,-1,-1
466,2091,431.97,449.3,59.87,111.87,0.9714,-1,-1,-1
466,2079,250.78,368.81,41.76,97.89,0.9712,-1,-1,-1
466,2068,1178.75,367.98,39.21,97.94,0.9693,-1,-1,-1
466,2102,543.68,706.71,60.69,157.53,0.9691,-1,-1,-1
466,2080,498.58,308.01,39.91,84.82,0.968,-1,-1,-1
466,2125,1073.22,294.09,35.54,86.7,0.9584,-1,-1,-1
466,2070,813.77,313.54,27.08,86.57,0.9494,-1,-1,-1
466,2046,911.81,289.87,34.19,92.69,0.9251,-1,-1,-1
466,2118,565.01,292.7,35.86,61.0,0.9125,-1,-1,-1
466,2057,1158.16,287.64,33.78,81.06,0.9087,-1,-1,-1
467,2052,685.55,455.8,47.89,111.15,0.9768,-1,-1,-1
467,2077,366.47,365.06,55.22,102.06,0.9757,-1,-1,-1
467,2115,1046.85,597.04,44.1,148.51,0.9742,-1,-1,-1
467,2122,1584.16,571.78,56.75,141.33,0.9736,-1,-1,-1
467,2079,248.05,371.49,46.02,94.37,0.9735,-1,-1,-1
467,2102,542.55,705.7,58.7,156.83,0.972,-1,-1,-1
467,2091,447.23,448.99,49.38,111.63,0.9698,-1,-1,-1
467,2068,1176.43,366.91,38.85,100.02,0.9694,-1,-1,-1
467,2125,1072.85,295.55,39.35,84.35,0.965,-1,-1,-1
467,2080,499.38,310.61,36.63,83.0,0.9627,-1,-1,-1
467,2070,809.79,316.85,29.91,83.26,0.9586,-1,-1,-1
467,2057,1154.67,289.5,32.73,78.92,0.934,-1,-1,-1
467,2046,910.29,289.06,30.78,91.63,0.9273,-1,-1,-1
467,2130,1752.91,369.73,45.42,102.51,0.9122,-1,-1,-1
467,2118,571.89,288.69,29.25,64.95,0.9002,-1,-1,-1
467,2135,590.61,268.73,29.18,44.01,0.4315,-1,-1,-1
468,2052,686.26,453.89,49.0,114.11,0.9809,-1,-1,-1
468,2115,1044.52,597.13,44.42,147.7,0.976,-1,-1,-1
468,2077,368.68,365.96,53.41,101.63,0.9748,-1,-1,-1
468,2122,1583.99,571.44,56.6,141.7,0.9739,-1,-1,-1
468,2079,246.1,371.86,49.52,94.88,0.9732,-1,-1,-1
468,2102,543.08,705.94,57.68,154.27,0.9722,-1,-1,-1
468,2068,1175.62,366.66,38.28,100.38,0.9693,-1,-1,-1
468,2125,1072.47,297.55,41.98,82.9,0.9685,-1,-1,-1
468,2091,457.83,448.8,42.43,111.18,0.9644,-1,-1,-1
468,2070,808.34,314.95,31.24,86.13,0.9577,-1,-1,-1
468,2130,1752.38,369.24,44.49,102.34,0.9574,-1,-1,-1
468,2080,499.94,302.52,36.25,91.15,0.9544,-1,-1,-1
468,2057,1152.7,289.83,32.54,78.78,0.9023,-1,-1,-1
468,2046,908.91,289.96,30.08,90.64,0.8592,-1,-1,-1
468,2118,574.4,285.73,30.38,67.99,0.8531,-1,-1,-1
468,2136,558.7,252.42,26.58,64.91,0.7991,-1,-1,-1
469,2052,688.5,452.26,52.38,114.4,0.9797,-1,-1,-1
469,2091,461.11,447.54,47.11,112.94,0.9776,-1,-1,-1
469,2115,1040.94,596.63,44.96,147.93,0.9756,-1,-1,-1
469,2122,1586.09,570.95,56.03,141.92,0.9748,-1,-1,-1
469,2079,245.17,372.71,52.32,94.88,0.9745,-1,-1,-1
469,2077,374.67,368.42,49.28,99.34,0.9729,-1,-1,-1
469,2102,545.98,707.26,54.68,150.29,0.9706,-1,-1,-1
469,2125,1073.5,301.08,40.85,80.56,0.9691,-1,-1,-1
469,2068,1174.98,366.92,37.85,100.36,0.9687,-1,-1,-1
469,2070,807.11,316.01,32.66,82.26,0.9586,-1,-1,-1
469,2080,504.81,301.74,31.8,92.12,0.954,-1,-1,-1
469,2118,575.04,271.47,39.02,83.1,0.9498,-1,-1,-1
469,2130,1755.08,369.53,39.99,103.11,0.9489,-1,-1,-1
469,2057,1150.57,289.54,30.78,79.61,0.9385,-1,-1,-1
469,2046,908.72,293.6,26.92,83.68,0.937,-1,-1,-1
469,2136,558.96,252.53,26.23,66.3,0.5467,-1,-1,-1
470,2122,1590.46,569.77,54.15,141.6,0.9761,-1,-1,-1
470,2052,692.16,451.95,57.63,110.67,0.975,-1,-1,-1
470,2079,246.47,373.09,55.64,94.94,0.9738,-1,-1,-1
470,2115,1038.64,596.62,46.41,148.99,0.9735,-1,-1,-1
470,2091,463.49,444.58,55.91,116.93,0.9712,-1,-1,-1
470,2137,667.41,405.89,47.58,103.21,0.9689,-1,-1,-1
470,2068,1175.78,368.11,37.53,99.41,0.9679,-1,-1,-1
470,2125,1076.76,303.38,37.84,79.51,0.9671,-1,-1,-1
470,2130,1755.76,370.39,39.52,103.31,0.9619,-1,-1,-1
470,2118,576.67,271.03,39.17,84.98,0.9617,-1,-1,-1
470,2070,808.97,312.72,32.24,83.89,0.958,-1,-1,-1
470,2102,548.62,706.03,52.52,152.17,0.9543,-1,-1,-1
470,2057,1149.82,289.74,31.51,80.57,0.9466,-1,-1,-1
470,2077,383.47,370.59,46.46,98.19,0.9459,-1,-1,-1
470,2080,510.29,302.45,31.82,93.33,0.9448,-1,-1,-1
470,2046,909.74,290.12,28.27,88.15,0.8518,-1,-1,-1
471,2052,695.94,452.91,58.26,108.26,0.9764,-1,-1,-1
471,2122,1594.19,569.7,51.98,141.42,0.975,-1,-1,-1
471,2137,668.45,406.27,50.79,103.58,0.9729,-1,-1,-1
471,2115,1037.48,596.88,47.4,147.94,0.9722,-1,-1,-1
471,2091,466.31,443.64,57.84,117.88,0.9712,-1,-1,-1
471,2079,248.28,374.19,56.0,93.98,0.9698,-1,-1,-1
471,2068,1177.03,368.14,37.11,99.37,0.9683,-1,-1,-1
471,2077,391.77,370.9,41.38,98.92,0.9644,-1,-1,-1
471,2118,577.72,272.8,41.8,83.61,0.9629,-1,-1,-1
471,2130,1756.9,370.85,39.03,103.7,0.9619,-1,-1,-1
471,2125,1077.91,304.78,36.93,78.51,0.9615,-1,-1,-1
471,2070,810.54,313.1,33.04,83.42,0.955,-1,-1,-1
471,2057,1148.6,290.71,33.52,80.62,0.9547,-1,-1,-1
471,2102,550.07,706.01,51.74,152.79,0.9496,-1,-1,-1
471,2080,513.22,301.86,32.92,94.4,0.9334,-1,-1,-1
471,2046,909.03,289.09,30.26,89.6,0.9232,-1,-1,-1
472,2052,703.28,453.13,64.22,107.92,0.9805,-1,-1,-1
472,2122,1600.63,569.05,49.56,141.97,0.9762,-1,-1,-1
472,2079,256.11,374.55,52.72,93.63,0.976,-1,-1,-1
472,2091,474.12,444.26,66.09,114.69,0.9732,-1,-1,-1
472,2102,552.85,708.37,51.43,151.86,0.9713,-1,-1,-1
472,2115,1035.57,597.16,49.63,147.1,0.971,-1,-1,-1
472,2137,672.18,406.3,49.79,105.97,0.9707,-1,-1,-1
472,2077,402.33,372.81,40.34,97.84,0.9688,-1,-1,-1
472,2118,581.93,276.44,49.03,80.97,0.9675,-1,-1,-1
472,2130,1757.92,372.22,39.77,103.75,0.9667,-1,-1,-1
472,2068,1179.09,369.35,37.29,98.15,0.9651,-1,-1,-1
472,2125,1079.6,305.91,37.65,76.83,0.9637,-1,-1,-1
472,2057,1145.84,293.81,37.42,78.71,0.9566,-1,-1,-1
472,2070,817.29,312.57,30.03,85.29,0.9551,-1,-1,-1
472,2080,518.34,304.89,33.8,92.55,0.9539,-1,-1,-1
472,2046,911.01,289.13,30.57,87.32,0.9485,-1,-1,-1
473,2052,713.7,454.97,62.84,109.89,0.9758,-1,-1,-1
473,2102,555.65,709.82,50.48,151.81,0.9757,-1,-1,-1
473,2077,405.93,373.24,45.97,98.88,0.9748,-1,-1,-1
473,2091,483.26,444.41,72.98,115.21,0.9745,-1,-1,-1
473,2122,1605.78,569.24,48.35,141.58,0.9738,-1,-1,-1
473,2115,1034.81,597.98,51.12,147.06,0.9696,-1,-1,-1
473,2130,1758.73,373.24,40.52,104.03,0.9686,-1,-1,-1
473,2079,265.94,377.67,46.81,90.23,0.967,-1,-1,-1
473,2125,1081.01,306.1,39.96,77.76,0.9666,-1,-1,-1
473,2118,587.73,277.64,50.41,80.29,0.9666,-1,-1,-1
473,2057,1143.96,293.62,41.79,79.99,0.959,-1,-1,-1
473,2070,821.5,313.93,30.89,85.31,0.9576,-1,-1,-1
473,2080,520.05,310.95,36.76,87.01,0.9551,-1,-1,-1
473,2137,677.52,408.74,46.17,103.44,0.9481,-1,-1,-1
473,2046,912.64,293.28,30.2,81.85,0.9462,-1,-1,-1
473,2068,1180.82,371.63,37.45,96.2,0.9437,-1,-1,-1
474,2102,557.06,710.29,51.49,152.28,0.9781,-1,-1,-1
474,2052,720.44,457.0,58.75,109.03,0.9761,-1,-1,-1
474,2091,488.2,445.45,72.23,114.94,0.9756,-1,-1,-1
474,2077,407.31,373.41,48.78,100.19,0.9728,-1,-1,-1
474,2118,592.08,277.62,49.89,82.75,0.9728,-1,-1,-1
474,2122,1607.68,569.33,48.18,141.29,0.9723,-1,-1,-1
474,2130,1759.55,374.05,40.21,104.41,0.9691,-1,-1,-1
474,2115,1033.95,598.38,52.7,147.12,0.9682,-1,-1,-1
474,2125,1080.19,306.52,43.87,77.31,0.9673,-1,-1,-1
474,2079,272.2,379.28,42.42,89.4,0.9671,-1,-1,-1
474,2080,520.71,311.57,37.92,87.63,0.9625,-1,-1,-1
474,2068,1182.25,370.95,37.86,96.64,0.9593,-1,-1,-1
474,2057,1144.26,295.43,44.0,80.13,0.9568,-1,-1,-1
474,2070,823.18,314.2,31.47,85.03,0.9556,-1,-1,-1
474,2046,913.77,293.85,30.72,82.24,0.9493,-1,-1,-1
474,2137,680.49,408.73,44.48,105.25,0.9387,-1,-1,-1
474,2138,571.09,267.47,31.8,57.03,0.4687,-1,-1,-1
475,2052,735.87,459.77,50.8,106.78,0.9775,-1,-1,-1
475,2122,1612.36,570.94,47.81,142.54,0.9765,-1,-1,-1
475,2077,409.58,374.45,53.26,101.7,0.9755,-1,-1,-1
475,2102,559.32,712.04,57.44,152.11,0.9748,-1,-1,-1
475,2130,1758.45,375.87,42.17,104.6,0.968,-1,-1,-1
475,2091,503.38,449.09,62.84,115.2,0.9678,-1,-1,-1
475,2068,1185.3,370.87,37.87,97.46,0.9674,-1,-1,-1
475,2057,1146.56,295.69,43.79,81.51,0.9672,-1,-1,-1
475,2118,599.53,281.08,44.51,81.62,0.9657,-1,-1,-1
475,2080,521.52,312.08,42.06,89.02,0.9654,-1,-1,-1
475,2115,1033.2,599.43,56.21,147.66,0.9648,-1,-1,-1
475,2079,282.15,378.72,37.18,91.55,0.9635,-1,-1,-1
475,2125,1081.31,308.13,49.33,77.16,0.9601,-1,-1,-1
475,2070,826.25,312.26,32.04,89.4,0.9554,-1,-1,-1
475,2046,915.87,297.24,31.13,80.97,0.9495,-1,-1,-1
475,2137,688.35,410.78,38.39,106.57,0.9358,-1,-1,-1
475,2138,573.77,256.88,33.22,71.72,0.6158,-1,-1,-1
476,2122,1616.19,573.44,47.58,142.89,0.9764,-1,-1,-1
476,2102,564.63,713.81,59.58,152.38,0.9748,-1,-1,-1
476,2077,414.11,376.0,58.4,102.83,0.9735,-1,-1,-1
476,2091,524.06,452.04,46.14,113.36,0.9728,-1,-1,-1
476,2052,754.39,461.97,40.43,107.46,0.9713,-1,-1,-1
476,2080,523.67,315.12,44.32,87.78,0.971,-1,-1,-1
476,2125,1083.44,310.8,51.23,76.85,0.9705,-1,-1,-1
476,2130,1760.01,378.94,42.39,103.59,0.9702,-1,-1,-1
476,2068,1188.17,373.28,37.88,99.03,0.9689,-1,-1,-1
476,2057,1147.7,298.61,45.39,80.58,0.9689,-1,-1,-1
476,2115,1032.65,601.67,60.24,146.07,0.9668,-1,-1,-1
476,2118,609.58,287.18,36.89,77.86,0.9632,-1,-1,-1
476,2070,828.74,311.22,34.83,91.27,0.959,-1,-1,-1
476,2079,289.75,379.64,35.17,92.99,0.9565,-1,-1,-1
476,2046,919.05,300.25,29.83,80.57,0.9478,-1,-1,-1
476,2137,695.25,411.99,33.43,108.1,0.906,-1,-1,-1
476,2138,575.45,260.19,37.17,70.07,0.7066,-1,-1,-1
477,2122,1617.96,574.43,47.98,143.56,0.9756,-1,-1,-1
477,2077,416.33,376.96,62.52,103.13,0.9752,-1,-1,-1
477,2102,566.38,715.02,60.66,152.93,0.9737,-1,-1,-1
477,2115,1033.28,601.86,60.7,146.76,0.9707,-1,-1,-1
477,2130,1761.92,380.49,41.56,103.36,0.9707,-1,-1,-1
477,2080,524.49,314.55,45.26,89.89,0.9696,-1,-1,-1
477,2068,1189.35,374.52,38.25,98.83,0.9691,-1,-1,-1
477,2079,291.52,379.78,38.39,93.52,0.9689,-1,-1,-1
477,2125,1084.15,311.24,52.39,77.81,0.9673,-1,-1,-1
477,2057,1148.32,299.53,46.63,80.84,0.967,-1,-1,-1
477,2091,534.52,453.87,40.27,113.17,0.9631,-1,-1,-1
477,2052,761.27,462.72,37.38,106.91,0.963,-1,-1,-1
477,2070,832.23,312.88,34.93,88.07,0.9604,-1,-1,-1
477,2118,615.1,286.88,32.9,79.34,0.9532,-1,-1,-1
477,2046,921.24,302.4,29.43,79.26,0.9363,-1,-1,-1
477,2138,577.21,261.5,37.28,69.6,0.9136,-1,-1,-1
477,2137,699.45,413.51,31.47,107.6,0.8958,-1,-1,-1
478,2122,1623.18,575.89,49.94,145.07,0.9753,-1,-1,-1
478,2115,1034.58,604.0,63.45,147.39,0.9737,-1,-1,-1
478,2079,293.92,381.24,44.13,94.48,0.9714,-1,-1,-1
478,2077,424.26,380.77,63.49,102.16,0.9712,-1,-1,-1
478,2068,1193.05,375.43,38.91,100.53,0.9703,-1,-1,-1
478,2102,570.04,716.48,62.18,153.35,0.9703,-1,-1,-1
478,2080,527.7,319.7,46.87,86.59,0.9662,-1,-1,-1
478,2125,1086.92,312.03,54.54,78.71,0.9649,-1,-1,-1
478,2130,1768.27,383.22,37.51,103.9,0.9636,-1,-1,-1
478,2057,1152.95,302.08,44.18,80.35,0.9591,-1,-1,-1
478,2091,552.0,456.07,35.98,111.23,0.9531,-1,-1,-1
478,2070,837.32,313.52,34.71,87.21,0.9526,-1,-1,-1
478,2052,771.2,462.73,40.3,108.7,0.9498,-1,-1,-1
478,2137,708.99,416.31,27.89,106.0,0.9465,-1,-1,-1
478,2118,627.09,286.13,26.74,81.91,0.9425,-1,-1,-1
478,2046,922.74,302.07,32.91,81.56,0.9299,-1,-1,-1
478,2138,580.59,264.45,38.61,70.0,0.3826,-1,-1,-1
479,2115,1037.19,605.63,66.62,149.33,0.976,-1,-1,-1
479,2052,776.87,462.27,47.47,111.3,0.976,-1,-1,-1
479,2077,435.02,383.83,58.55,103.2,0.9755,-1,-1,-1
479,2091,559.68,456.73,43.22,112.27,0.9746,-1,-1,-1
479,2080,532.17,321.16,46.99,87.35,0.974,-1,-1,-1
479,2102,575.27,719.38,60.74,151.73,0.9707,-1,-1,-1
479,2079,298.52,382.45,49.87,96.32,0.9704,-1,-1,-1
479,2125,1093.7,313.27,50.87,79.63,0.9698,-1,-1,-1
479,2068,1197.73,378.66,39.13,99.26,0.9695,-1,-1,-1
479,2130,1770.33,385.53,38.55,103.1,0.9673,-1,-1,-1
479,2122,1628.04,579.58,54.98,144.42,0.9657,-1,-1,-1
479,2057,1158.45,303.64,44.05,81.68,0.9651,-1,-1,-1
479,2070,843.39,315.52,33.35,87.5,0.9467,-1,-1,-1
479,2118,636.32,283.27,26.19,87.44,0.9438,-1,-1,-1
479,2137,716.44,418.07,28.12,107.13,0.9328,-1,-1,-1
479,2046,931.39,304.43,27.92,81.09,0.9183,-1,-1,-1
479,2138,583.68,268.15,41.06,69.02,0.8805,-1,-1,-1
480,2115,1039.14,606.41,67.38,150.48,0.9753,-1,-1,-1
480,2091,560.79,456.92,49.78,112.52,0.9745,-1,-1,-1
480,2052,780.17,462.03,49.48,112.6,0.9735,-1,-1,-1
480,2122,1630.45,581.65,59.07,142.62,0.9735,-1,-1,-1
480,2077,439.79,384.91,58.59,102.32,0.9728,-1,-1,-1
480,2080,534.35,323.68,47.36,86.42,0.9728,-1,-1,-1
480,2102,577.43,720.42,58.61,150.77,0.9716,-1,-1,-1
480,2079,301.32,383.09,53.09,96.14,0.9698,-1,-1,-1
480,2068,1200.98,379.24,38.44,99.64,0.969,-1,-1,-1
480,2130,1773.14,386.36,38.14,103.86,0.9686,-1,-1,-1
480,2125,1096.84,314.89,49.13,79.52,0.9682,-1,-1,-1
480,2057,1161.55,305.29,42.76,81.06,0.9656,-1,-1,-1
480,2118,638.85,286.57,28.27,85.47,0.9431,-1,-1,-1
480,2070,848.44,322.42,31.43,81.86,0.9197,-1,-1,-1
480,2046,933.14,305.93,28.23,80.58,0.8793,-1,-1,-1
480,2138,585.35,274.54,40.75,64.53,0.8577,-1,-1,-1
480,2137,719.09,419.35,28.91,106.82,0.7956,-1,-1,-1
481,2122,1636.1,584.1,58.06,142.1,0.9775,-1,-1,-1
481,2091,564.8,455.81,59.18,115.28,0.9756,-1,-1,-1
481,2102,583.55,722.49,52.78,151.48,0.9732,-1,-1,-1
481,2079,309.39,385.09,54.92,95.8,0.969,-1,-1,-1
481,2125,1100.83,315.46,49.01,81.88,0.9682,-1,-1,-1
481,2077,453.66,387.79,54.7,102.04,0.9681,-1,-1,-1
481,2130,1775.55,388.87,39.69,103.24,0.968,-1,-1,-1
481,2068,1205.47,382.52,38.94,98.37,0.9674,-1,-1,-1
481,2115,1044.07,607.82,66.74,149.72,0.967,-1,-1,-1
481,2118,643.87,288.62,36.84,85.96,0.9667,-1,-1,-1
481,2080,542.95,330.53,40.9,80.47,0.9621,-1,-1,-1
481,2057,1168.49,307.53,38.9,80.79,0.9564,-1,-1,-1
481,2137,724.09,420.89,33.4,108.74,0.9533,-1,-1,-1
481,2052,787.18,463.91,57.0,107.58,0.9508,-1,-1,-1
481,2046,940.37,308.59,23.53,80.5,0.9134,-1,-1,-1
481,2070,854.39,323.65,30.22,83.03,0.8787,-1,-1,-1
481,2138,589.99,273.83,41.36,66.67,0.8367,-1,-1,-1
482,2091,573.36,456.01,65.81,112.59,0.9768,-1,-1,-1
482,2122,1641.59,586.27,56.67,140.14,0.9763,-1,-1,-1
482,2052,796.01,463.61,64.51,105.94,0.9741,-1,-1,-1
482,2079,317.26,387.53,52.07,94.58,0.9739,-1,-1,-1
482,2102,587.42,722.15,49.95,153.55,0.973,-1,-1,-1
482,2068,1209.21,384.17,40.18,98.31,0.9699,-1,-1,-1
482,2118,648.75,291.75,45.85,84.0,0.968,-1,-1,-1
482,2125,1105.74,317.39,46.94,81.29,0.9659,-1,-1,-1
482,2115,1047.61,612.21,67.71,147.01,0.9619,-1,-1,-1
482,2077,474.27,390.74,42.41,99.29,0.9602,-1,-1,-1
482,2130,1778.32,391.02,39.28,103.61,0.9567,-1,-1,-1
482,2080,550.71,333.05,35.88,79.08,0.9485,-1,-1,-1
482,2137,727.91,422.31,38.05,109.0,0.9473,-1,-1,-1
482,2057,1180.09,308.97,32.35,81.27,0.9421,-1,-1,-1
482,2046,944.16,310.43,24.93,79.9,0.9318,-1,-1,-1
482,2070,860.33,325.12,30.33,81.88,0.9261,-1,-1,-1
482,2138,593.8,276.03,39.62,66.72,0.767,-1,-1,-1
483,2091,577.62,456.16,68.71,111.75,0.977,-1,-1,-1
483,2052,799.98,464.09,66.01,106.38,0.9762,-1,-1,-1
483,2122,1643.91,587.35,56.51,139.93,0.9747,-1,-1,-1
483,2102,589.15,721.87,49.87,154.72,0.9738,-1,-1,-1
483,2068,1211.61,385.44,39.67,97.79,0.9715,-1,-1,-1
483,2079,321.63,388.79,51.81,94.22,0.9713,-1,-1,-1
483,2118,650.44,291.85,50.02,85.48,0.9692,-1,-1,-1
483,2115,1050.64,612.46,66.26,148.29,0.9684,-1,-1,-1
483,2125,1107.39,317.61,46.26,81.15,0.9677,-1,-1,-1
483,2137,729.58,424.0,41.66,107.0,0.9655,-1,-1,-1
483,2077,479.53,391.8,41.82,98.35,0.9628,-1,-1,-1
483,2070,861.49,325.49,32.91,81.54,0.9517,-1,-1,-1
483,2080,555.92,331.06,33.37,82.36,0.9488,-1,-1,-1
483,2057,1183.24,310.46,33.03,80.31,0.9452,-1,-1,-1
483,2046,945.42,309.6,26.3,81.87,0.939,-1,-1,-1
483,2130,1779.53,392.63,39.37,103.15,0.9158,-1,-1,-1
483,2138,595.02,276.66,41.29,67.21,0.8944,-1,-1,-1
484,2122,1646.73,588.66,57.34,140.34,0.9781,-1,-1,-1
484,2077,486.35,391.98,44.85,99.46,0.973,-1,-1,-1
484,2102,592.3,721.9,48.89,155.41,0.9728,-1,-1,-1
484,2052,812.75,466.4,60.28,107.56,0.9727,-1,-1,-1
484,2115,1054.31,613.08,64.37,149.24,0.9723,-1,-1,-1
484,2137,731.19,426.95,48.98,105.44,0.9722,-1,-1,-1
484,2091,591.74,458.17,60.08,112.44,0.9711,-1,-1,-1
484,2079,332.01,393.04,51.54,91.66,0.9711,-1,-1,-1
484,2125,1109.45,320.6,47.26,80.41,0.971,-1,-1,-1
484,2118,656.47,293.08,50.82,85.91,0.9697,-1,-1,-1
484,2068,1215.87,387.75,38.49,96.95,0.9673,-1,-1,-1
484,2057,1189.38,312.58,36.76,80.04,0.9648,-1,-1,-1
484,2130,1780.48,393.52,41.99,103.38,0.9568,-1,-1,-1
484,2080,563.7,330.18,31.23,83.83,0.9523,-1,-1,-1
484,2070,864.98,323.78,35.22,84.99,0.9493,-1,-1,-1
484,2046,946.96,310.45,28.96,80.71,0.9397,-1,-1,-1
484,2138,600.9,278.12,38.67,67.03,0.9207,-1,-1,-1
485,2137,733.87,428.64,50.03,105.65,0.9771,-1,-1,-1
485,2125,1107.59,323.03,52.55,78.93,0.975,-1,-1,-1
485,2115,1056.86,613.83,62.9,149.3,0.9745,-1,-1,-1
485,2077,489.05,391.47,49.6,100.43,0.9738,-1,-1,-1
485,2102,595.85,722.45,47.96,155.82,0.9734,-1,-1,-1
485,2052,827.32,468.95,57.38,105.71,0.9716,-1,-1,-1
485,2118,660.9,295.79,50.28,84.35,0.9715,-1,-1,-1
485,2091,605.26,460.57,53.47,112.26,0.9714,-1,-1,-1
485,2079,343.14,394.62,50.18,91.06,0.9704,-1,-1,-1
485,2130,1780.5,394.54,43.89,104.62,0.9703,-1,-1,-1
485,2068,1218.01,389.21,38.91,96.95,0.9675,-1,-1,-1
485,2070,868.07,325.05,37.75,81.51,0.9673,-1,-1,-1
485,2057,1192.23,316.45,40.41,77.32,0.9648,-1,-1,-1
485,2080,571.27,332.02,28.39,83.41,0.9532,-1,-1,-1
485,2138,603.8,279.04,38.18,67.0,0.9278,-1,-1,-1
485,2046,949.86,317.87,27.46,73.37,0.9233,-1,-1,-1
485,2122,1652.93,590.03,53.34,139.29,0.9094,-1,-1,-1
486,2137,734.37,429.5,51.2,105.6,0.977,-1,-1,-1
486,2125,1107.19,324.53,54.64,78.88,0.9768,-1,-1,-1
486,2077,490.37,391.43,52.91,101.71,0.975,-1,-1,-1
486,2079,350.15,396.02,48.49,89.9,0.9747,-1,-1,-1
486,2118,663.62,297.61,47.93,83.33,0.9745,-1,-1,-1
486,2115,1059.06,614.06,60.83,149.68,0.9742,-1,-1,-1
486,2130,1781.07,395.38,44.17,104.33,0.9722,-1,-1,-1
486,2102,596.96,723.14,48.01,153.88,0.9711,-1,-1,-1
486,2068,1219.5,390.19,38.3,96.75,0.9697,-1,-1,-1
486,2122,1655.57,589.23,52.51,140.97,0.9696,-1,-1,-1
486,2057,1193.84,320.04,42.42,74.52,0.9693,-1,-1,-1
486,2091,614.36,461.49,48.51,110.76,0.9681,-1,-1,-1
486,2052,833.25,469.31,58.7,105.43,0.9668,-1,-1,-1
486,2070,869.34,325.89,39.53,80.52,0.9653,-1,-1,-1
486,2080,572.43,331.74,30.46,84.0,0.945,-1,-1,-1
486,2046,951.33,318.85,27.53,72.46,0.9107,-1,-1,-1
486,2138,606.95,279.49,36.7,67.37,0.9093,-1,-1,-1
487,2122,1660.65,589.75,51.87,139.54,0.977,-1,-1,-1
487,2077,494.81,391.92,54.82,102.68,0.9761,-1,-1,-1
487,2137,735.84,430.55,52.06,105.24,0.9751,-1,-1,-1
487,2130,1782.19,396.06,46.78,105.02,0.9746,-1,-1,-1
487,2118,668.13,299.03,44.97,82.9,0.9741,-1,-1,-1
487,2115,1062.07,614.43,57.42,149.4,0.9732,-1,-1,-1
487,2052,845.26,469.35,55.26,107.16,0.9718,-1,-1,-1
487,2102,600.43,722.81,48.49,152.81,0.9717,-1,-1,-1
487,2079,360.23,395.98,44.91,91.01,0.9708,-1,-1,-1
487,2091,630.21,462.56,41.89,109.99,0.9707,-1,-1,-1
487,2125,1107.7,328.34,57.0,75.96,0.9698,-1,-1,-1
487,2057,1194.33,321.62,44.59,75.26,0.967,-1,-1,-1
487,2068,1222.59,390.41,37.71,97.35,0.9669,-1,-1,-1
487,2070,871.85,324.04,41.48,79.44,0.9656,-1,-1,-1
487,2080,572.83,334.05,33.0,82.29,0.9587,-1,-1,-1
487,2046,952.66,305.69,31.12,83.78,0.9431,-1,-1,-1
487,2138,611.85,278.93,32.92,68.95,0.9245,-1,-1,-1
488,2137,738.27,431.91,51.56,104.46,0.9771,-1,-1,-1
488,2102,604.34,724.58,47.7,150.36,0.9766,-1,-1,-1
488,2122,1666.86,588.64,49.98,139.72,0.9765,-1,-1,-1
488,2091,637.88,461.92,42.33,111.48,0.9754,-1,-1,-1
488,2052,853.86,466.51,49.94,109.6,0.9751,-1,-1,-1
488,2130,1785.13,397.16,45.97,105.45,0.9747,-1,-1,-1
488,2079,361.59,395.46,48.3,92.32,0.9736,-1,-1,-1
488,2115,1064.02,614.73,54.22,149.36,0.9728,-1,-1,-1
488,2118,674.86,299.11,38.27,83.26,0.9706,-1,-1,-1
488,2070,872.97,325.68,43.45,79.75,0.9674,-1,-1,-1
488,2057,1194.83,322.85,46.34,75.26,0.9666,-1,-1,-1
488,2125,1108.33,335.4,58.93,69.54,0.9662,-1,-1,-1
488,2080,572.8,332.03,39.3,85.11,0.9659,-1,-1,-1
488,2068,1225.04,390.62,36.3,96.46,0.9625,-1,-1,-1
488,2046,954.9,304.07,31.97,84.61,0.9158,-1,-1,-1
488,2138,616.44,279.46,28.6,69.79,0.9113,-1,-1,-1
488,2077,498.67,392.91,59.76,102.49,0.8872,-1,-1,-1
489,2091,639.1,460.8,45.73,113.14,0.9775,-1,-1,-1
489,2102,606.32,725.04,47.22,150.27,0.9771,-1,-1,-1
489,2052,857.86,465.08,49.53,110.48,0.9766,-1,-1,-1
489,2122,1670.18,587.96,49.17,140.85,0.9753,-1,-1,-1
489,2137,740.86,432.02,49.29,104.28,0.9747,-1,-1,-1
489,2130,1787.55,397.34,44.57,105.54,0.9744,-1,-1,-1
489,2115,1064.59,614.43,53.21,149.45,0.973,-1,-1,-1
489,2079,361.7,394.67,48.81,94.04,0.9721,-1,-1,-1
489,2068,1225.9,390.78,36.64,95.35,0.9692,-1,-1,-1
489,2080,573.76,334.14,42.12,83.53,0.9683,-1,-1,-1
489,2070,875.41,325.97,42.91,79.53,0.9673,-1,-1,-1
489,2057,1195.29,321.14,47.75,77.37,0.9672,-1,-1,-1
489,2077,501.12,393.11,59.05,102.56,0.9668,-1,-1,-1
489,2125,1108.66,336.13,58.84,69.0,0.9653,-1,-1,-1
489,2118,678.23,298.67,35.37,83.75,0.9619,-1,-1,-1
489,2138,618.0,280.33,26.66,68.84,0.9134,-1,-1,-1
489,2046,956.1,303.58,31.76,84.35,0.878,-1,-1,-1
490,2091,640.93,459.1,50.46,114.68,0.9779,-1,-1,-1
490,2122,1672.41,588.05,50.46,142.63,0.9764,-1,-1,-1
490,2102,606.26,726.25,51.24,150.88,0.9762,-1,-1,-1
490,2115,1065.19,614.79,50.26,147.91,0.9755,-1,-1,-1
490,2077,507.51,394.63,54.01,103.53,0.9746,-1,-1,-1
490,2052,861.91,463.47,49.57,113.03,0.9737,-1,-1,-1
490,2079,362.38,393.08,51.52,96.95,0.9729,-1,-1,-1
490,2080,572.7,333.21,48.46,84.71,0.9715,-1,-1,-1
490,2137,743.38,431.69,46.56,105.67,0.9715,-1,-1,-1
490,2068,1226.21,390.99,37.62,95.51,0.9712,-1,-1,-1
490,2130,1791.9,398.4,40.6,105.33,0.9698,-1,-1,-1
490,2057,1196.16,322.16,47.77,77.88,0.9683,-1,-1,-1
490,2070,879.75,323.42,41.34,83.18,0.9658,-1,-1,-1
490,2125,1108.01,337.24,59.56,68.93,0.9647,-1,-1,-1
490,2118,684.43,297.54,28.11,85.46,0.9578,-1,-1,-1
490,2138,619.31,280.22,24.77,69.01,0.8691,-1,-1,-1
490,2046,957.38,304.24,31.13,84.77,0.8666,-1,-1,-1
491,2115,1064.56,615.11,48.92,146.94,0.9778,-1,-1,-1
491,2122,1672.72,588.86,53.72,142.06,0.9762,-1,-1,-1
491,2079,363.29,392.88,52.78,96.83,0.9734,-1,-1,-1
491,2102,602.74,726.37,60.82,153.05,0.9727,-1,-1,-1
491,2080,572.81,333.07,49.61,87.18,0.9694,-1,-1,-1
491,2068,1227.17,390.97,37.36,96.42,0.9691,-1,-1,-1
491,2091,646.18,457.98,54.71,112.97,0.9688,-1,-1,-1
491,2052,863.01,462.46,52.74,109.49,0.9674,-1,-1,-1
491,2077,515.35,396.89,49.39,101.76,0.967,-1,-1,-1
491,2130,1795.06,399.71,37.98,105.13,0.9657,-1,-1,-1
491,2125,1106.53,336.97,59.62,70.27,0.9639,-1,-1,-1
491,2070,886.57,321.45,40.43,83.07,0.9599,-1,-1,-1
491,2137,746.52,431.67,41.6,106.66,0.9574,-1,-1,-1
491,2118,686.73,296.13,26.07,87.58,0.9529,-1,-1,-1
491,2057,1198.29,321.67,63.09,77.65,0.9276,-1,-1,-1
491,2046,958.35,302.32,31.01,86.49,0.9238,-1,-1,-1
491,2138,619.3,280.59,24.12,68.66,0.9018,-1,-1,-1
492,2115,1064.16,615.09,48.39,147.02,0.978,-1,-1,-1
492,2122,1672.76,589.52,55.33,141.76,0.9738,-1,-1,-1
492,2091,648.5,457.7,56.97,112.62,0.9733,-1,-1,-1
492,2079,364.57,393.35,52.87,96.58,0.9731,-1,-1,-1
492,2052,864.37,462.12,54.62,107.12,0.9726,-1,-1,-1
492,2077,520.78,398.01,45.87,101.28,0.9716,-1,-1,-1
492,2102,600.84,726.74,64.27,153.98,0.9708,-1,-1,-1
492,2080,572.27,335.77,49.99,84.66,0.9696,-1,-1,-1
492,2068,1227.54,390.88,37.29,96.82,0.9678,-1,-1,-1
492,2125,1105.23,336.92,63.21,71.0,0.9644,-1,-1,-1
492,2130,1796.11,399.98,37.35,105.32,0.9631,-1,-1,-1
492,2070,888.14,319.67,40.56,85.53,0.9628,-1,-1,-1
492,2118,686.56,295.8,26.77,87.44,0.9551,-1,-1,-1
492,2137,748.86,431.97,38.51,106.54,0.9525,-1,-1,-1
492,2057,1201.82,321.09,51.3,78.82,0.945,-1,-1,-1
492,2046,957.38,303.02,32.43,87.06,0.929,-1,-1,-1
492,2138,618.58,279.83,24.66,70.51,0.9088,-1,-1,-1
492,2139,593.9,298.61,33.54,52.49,0.6767,-1,-1,-1
493,2115,1063.83,616.22,46.38,145.9,0.9773,-1,-1,-1
493,2052,869.53,463.06,54.3,103.95,0.9757,-1,-1,-1
493,2091,655.27,458.3,54.39,112.73,0.9745,-1,-1,-1
493,2079,369.2,395.2,50.77,95.15,0.9718,-1,-1,-1
493,2102,598.08,726.33,69.41,156.08,0.9708,-1,-1,-1
493,2080,574.56,337.34,46.19,84.31,0.9693,-1,-1,-1
493,2068,1227.23,390.19,37.89,98.12,0.9681,-1,-1,-1
493,2130,1795.77,401.05,38.57,105.05,0.9672,-1,-1,-1
493,2122,1673.08,590.48,57.2,142.11,0.9655,-1,-1,-1
493,2077,533.47,399.99,37.72,99.01,0.9627,-1,-1,-1
493,2125,1103.19,332.67,76.15,76.01,0.96,-1,-1,-1
493,2057,1205.48,320.28,52.25,79.86,0.9518,-1,-1,-1
493,2118,687.27,296.97,26.97,86.82,0.9511,-1,-1,-1
493,2137,753.01,432.65,32.49,107.28,0.9493,-1,-1,-1
493,2070,893.52,319.31,36.27,85.51,0.9402,-1,-1,-1
493,2046,954.97,306.67,33.33,83.75,0.8708,-1,-1,-1
493,2139,593.12,299.1,32.4,53.25,0.7417,-1,-1,-1
493,2138,618.12,281.39,23.52,67.72,0.7369,-1,-1,-1
494,2091,666.39,460.02,46.73,112.35,0.9765,-1,-1,-1
494,2115,1061.78,616.46,46.81,147.8,0.9758,-1,-1,-1
494,2052,872.58,464.08,54.19,104.0,0.9732,-1,-1,-1
494,2102,594.8,728.12,75.02,157.01,0.9722,-1,-1,-1
494,2077,533.87,399.66,42.69,99.74,0.9715,-1,-1,-1
494,2130,1795.13,401.36,40.44,105.17,0.9692,-1,-1,-1
494,2079,376.2,397.08,44.41,94.4,0.969,-1,-1,-1
494,2068,1227.06,391.1,37.77,97.1,0.9688,-1,-1,-1
494,2080,577.98,337.8,41.37,84.99,0.9673,-1,-1,-1
494,2125,1105.99,332.51,75.29,77.12,0.9634,-1,-1,-1
494,2122,1672.82,591.06,59.85,142.22,0.9573,-1,-1,-1
494,2057,1214.07,318.37,45.66,82.69,0.9509,-1,-1,-1
494,2137,757.18,432.36,27.2,109.05,0.9503,-1,-1,-1
494,2118,686.93,297.18,31.25,87.17,0.9493,-1,-1,-1
494,2046,951.42,309.56,33.77,81.18,0.9272,-1,-1,-1
494,2138,615.89,284.66,24.8,64.28,0.8575,-1,-1,-1
494,2070,895.49,318.62,33.56,84.25,0.7186,-1,-1,-1
495,2077,533.37,399.17,45.93,100.35,0.9756,-1,-1,-1
495,2115,1060.81,616.87,47.01,147.42,0.9754,-1,-1,-1
495,2052,875.45,464.8,51.98,104.33,0.9725,-1,-1,-1
495,2102,593.66,728.24,77.34,157.61,0.971,-1,-1,-1
495,2068,1226.92,391.48,37.45,96.63,0.9695,-1,-1,-1
495,2130,1794.35,401.63,41.74,105.03,0.9689,-1,-1,-1
495,2079,381.36,398.58,39.69,92.55,0.9674,-1,-1,-1
495,2080,579.8,337.04,38.24,86.09,0.9663,-1,-1,-1
495,2057,1218.08,317.57,40.91,83.7,0.9588,-1,-1,-1
495,2118,686.89,298.08,33.02,86.61,0.9574,-1,-1,-1
495,2122,1673.23,591.38,60.52,142.38,0.9549,-1,-1,-1
495,2125,1106.91,330.86,67.87,80.22,0.9541,-1,-1,-1
495,2046,950.86,313.43,36.08,78.34,0.9504,-1,-1,-1
495,2091,679.54,461.24,36.65,110.93,0.9381,-1,-1,-1
495,2138,616.01,280.45,23.78,70.07,0.9329,-1,-1,-1
495,2137,759.01,432.44,25.96,109.2,0.9327,-1,-1,-1
495,2070,895.11,316.52,32.98,86.86,0.6922,-1,-1,-1
496,2102,592.69,727.74,79.75,158.64,0.9774,-1,-1,-1
496,2077,530.92,398.35,52.5,101.48,0.9757,-1,-1,-1
496,2115,1058.96,616.7,46.94,149.34,0.9749,-1,-1,-1
496,2052,884.59,467.38,47.61,103.03,0.9749,-1,-1,-1
496,2130,1792.5,402.28,43.71,104.82,0.9701,-1,-1,-1
496,2068,1226.3,392.07,37.22,96.09,0.9687,-1,-1,-1
496,2125,1112.79,330.83,66.39,80.0,0.9678,-1,-1,-1
496,2122,1673.31,591.89,62.47,143.06,0.9627,-1,-1,-1
496,2118,686.82,300.41,37.35,84.59,0.9616,-1,-1,-1
496,2091,687.75,462.19,33.39,110.83,0.9604,-1,-1,-1
496,2057,1215.93,316.02,42.94,84.07,0.9557,-1,-1,-1
496,2079,389.74,400.38,35.03,91.33,0.9538,-1,-1,-1
496,2080,583.73,336.39,31.55,85.35,0.9495,-1,-1,-1
496,2046,948.92,314.8,36.07,77.3,0.9301,-1,-1,-1
496,2070,899.77,318.61,27.75,83.51,0.9295,-1,-1,-1
496,2137,759.55,432.28,26.51,111.43,0.9208,-1,-1,-1
496,2138,613.22,281.29,24.66,68.74,0.6872,-1,-1,-1
497,2102,589.81,729.71,81.54,156.8,0.9794,-1,-1,-1
497,2091,684.34,461.13,43.73,110.61,0.9755,-1,-1,-1
497,2077,530.82,397.47,58.24,103.13,0.9727,-1,-1,-1
497,2130,1790.69,402.16,45.77,104.86,0.9706,-1,-1,-1
497,2115,1054.7,616.63,48.5,150.4,0.9703,-1,-1,-1
497,2079,389.07,401.34,42.48,91.14,0.9679,-1,-1,-1
497,2122,1672.82,592.19,63.75,143.33,0.9666,-1,-1,-1
497,2068,1224.23,390.8,37.56,96.66,0.9655,-1,-1,-1
497,2052,895.43,468.17,39.9,102.63,0.9652,-1,-1,-1
497,2118,684.84,302.23,41.08,82.33,0.9636,-1,-1,-1
497,2057,1215.87,314.89,42.38,87.63,0.9496,-1,-1,-1
497,2080,590.49,334.79,23.31,85.4,0.9475,-1,-1,-1
497,2137,757.91,432.25,28.97,112.07,0.9418,-1,-1,-1
497,2046,946.92,313.47,38.6,77.72,0.9022,-1,-1,-1
497,2070,899.38,318.77,28.74,81.9,0.9004,-1,-1,-1
497,2125,1122.75,330.15,53.02,80.41,0.8893,-1,-1,-1
498,2102,587.98,730.25,82.81,155.98,0.9774,-1,-1,-1
498,2079,387.63,401.35,47.15,91.08,0.9747,-1,-1,-1
498,2115,1052.51,618.39,49.21,147.18,0.9745,-1,-1,-1
498,2077,530.51,396.77,60.26,103.51,0.9733,-1,-1,-1
498,2091,683.12,459.3,49.54,111.9,0.9729,-1,-1,-1
498,2130,1788.48,401.97,47.8,105.14,0.9707,-1,-1,-1
498,2122,1672.13,592.18,64.35,143.35,0.9666,-1,-1,-1
498,2068,1222.73,392.71,38.57,94.73,0.9662,-1,-1,-1
498,2118,684.24,302.03,42.63,82.6,0.9631,-1,-1,-1
498,2057,1214.97,315.42,43.77,88.27,0.9512,-1,-1,-1
498,2080,591.08,336.24,22.63,84.5,0.9492,-1,-1,-1
498,2052,898.55,468.44,36.5,101.73,0.9484,-1,-1,-1
498,2137,756.79,432.2,29.96,111.14,0.9471,-1,-1,-1
498,2070,898.94,319.29,29.21,81.72,0.913,-1,-1,-1
498,2046,947.1,314.26,38.33,77.25,0.91,-1,-1,-1
498,2125,1124.68,327.63,68.39,84.05,0.8685,-1,-1,-1
499,2115,1048.71,618.69,49.75,147.19,0.9774,-1,-1,-1
499,2102,585.63,730.84,81.28,155.43,0.9744,-1,-1,-1
499,2091,681.28,456.78,57.56,114.45,0.9743,-1,-1,-1
499,2077,531.62,396.61,64.79,103.18,0.9732,-1,-1,-1
499,2079,382.98,400.31,56.04,91.83,0.9729,-1,-1,-1
499,2130,1785.8,401.58,48.97,105.57,0.9717,-1,-1,-1
499,2052,899.12,466.27,40.2,103.79,0.9696,-1,-1,-1
499,2118,681.52,304.15,45.15,80.78,0.9692,-1,-1,-1
499,2068,1219.61,392.93,38.75,94.13,0.9684,-1,-1,-1
499,2122,1671.69,591.8,64.97,143.47,0.9663,-1,-1,-1
499,2057,1212.72,315.08,51.09,89.74,0.9636,-1,-1,-1
499,2137,752.08,431.34,35.5,113.82,0.9459,-1,-1,-1
499,2080,589.56,332.51,22.39,87.81,0.9358,-1,-1,-1
499,2070,897.11,322.55,32.47,77.86,0.926,-1,-1,-1
499,2125,1128.67,324.38,67.97,87.58,0.9078,-1,-1,-1
499,2046,946.88,311.37,39.09,79.01,0.9036,-1,-1,-1
499,2138,604.84,281.8,27.66,68.72,0.732,-1,-1,-1
500,2091,680.36,455.52,67.01,112.97,0.9786,-1,-1,-1
500,2115,1042.84,618.47,51.7,148.77,0.9746,-1,-1,-1
500,2052,895.33,463.09,48.12,104.42,0.9731,-1,-1,-1
500,2130,1784.9,400.66,47.75,106.07,0.9722,-1,-1,-1
500,2102,584.26,729.43,79.22,157.32,0.9718,-1,-1,-1
500,2118,679.39,304.37,45.14,81.14,0.9698,-1,-1,-1
500,2077,532.53,397.84,64.86,101.42,0.9694,-1,-1,-1
500,2122,1669.98,590.7,64.53,144.39,0.967,-1,-1,-1
500,2079,379.36,399.85,61.96,92.24,0.9668,-1,-1,-1
500,2068,1216.13,392.36,40.59,93.95,0.9665,-1,-1,-1
500,2057,1210.54,317.35,56.52,87.43,0.9652,-1,-1,-1
500,2046,947.6,306.55,39.58,83.05,0.9563,-1,-1,-1
500,2125,1130.0,325.22,52.2,83.7,0.9548,-1,-1,-1
500,2080,584.8,334.36,26.43,86.52,0.9422,-1,-1,-1
500,2070,895.19,321.38,34.88,80.01,0.8954,-1,-1,-1
500,2137,746.95,433.12,43.43,112.06,0.8349,-1,-1,-1
501,2091,680.65,455.29,70.15,112.11,0.9777,-1,-1,-1
501,2130,1784.87,400.28,46.08,105.94,0.9739,-1,-1,-1
501,2102,583.74,729.0,74.59,157.36,0.9736,-1,-1,-1
501,2052,895.01,461.45,50.23,105.13,0.9732,-1,-1,-1
501,2122,1668.39,590.18,64.59,144.84,0.9728,-1,-1,-1
501,2115,1040.94,618.38,51.26,149.21,0.972,-1,-1,-1
501,2077,533.74,399.55,61.16,101.0,0.9708,-1,-1,-1
501,2118,677.82,304.74,45.4,81.37,0.9689,-1,-1,-1
501,2068,1214.18,393.9,41.15,91.88,0.9672,-1,-1,-1
501,2079,378.25,398.7,63.77,92.46,0.9653,-1,-1,-1
501,2057,1209.16,317.63,58.38,87.5,0.9624,-1,-1,-1
501,2125,1129.17,324.39,59.8,83.77,0.9595,-1,-1,-1
501,2080,583.25,334.99,30.07,87.13,0.9507,-1,-1,-1
501,2046,948.11,305.69,37.89,83.94,0.9491,-1,-1,-1
501,2070,892.46,321.87,36.42,80.09,0.9439,-1,-1,-1
501,2137,744.6,434.02,47.42,110.39,0.6322,-1,-1,-1
502,2122,1666.02,588.27,64.59,146.5,0.9772,-1,-1,-1
502,2102,582.64,728.43,67.2,156.54,0.9746,-1,-1,-1
502,2052,894.08,459.14,54.48,105.89,0.9743,-1,-1,-1
502,2091,682.97,455.77,68.05,111.59,0.9722,-1,-1,-1
502,2130,1785.18,398.93,41.4,107.66,0.9715,-1,-1,-1
502,2068,1209.93,392.75,41.02,92.76,0.9711,-1,-1,-1
502,2077,536.36,399.53,60.4,102.48,0.971,-1,-1,-1
502,2079,376.51,397.52,67.46,92.17,0.9706,-1,-1,-1
502,2115,1033.87,618.73,53.2,148.77,0.97,-1,-1,-1
502,2118,674.16,304.55,44.1,81.73,0.9656,-1,-1,-1
502,2125,1130.09,324.82,58.38,82.97,0.9643,-1,-1,-1
502,2070,888.41,322.23,42.33,78.39,0.9633,-1,-1,-1
502,2057,1208.18,321.37,55.1,82.82,0.9566,-1,-1,-1
502,2137,737.77,434.12,52.88,110.26,0.9544,-1,-1,-1
502,2080,579.66,333.97,34.94,87.7,0.9529,-1,-1,-1
502,2046,949.31,303.88,33.25,84.01,0.9163,-1,-1,-1
502,2139,592.0,282.38,30.77,66.73,0.4529,-1,-1,-1
503,2052,891.07,457.97,65.45,104.19,0.9759,-1,-1,-1
503,2122,1664.35,585.96,63.47,145.62,0.9755,-1,-1,-1
503,2102,583.09,728.46,56.34,153.37,0.9724,-1,-1,-1
503,2079,377.03,397.0,66.5,93.01,0.97,-1,-1,-1
503,2115,1026.09,617.97,53.85,148.64,0.9692,-1,-1,-1
503,2118,670.79,305.64,40.05,79.72,0.9688,-1,-1,-1
503,2068,1206.0,393.52,41.26,91.58,0.9687,-1,-1,-1
503,2077,541.14,402.16,52.81,99.07,0.9662,-1,-1,-1
503,2125,1132.01,324.36,55.59,84.25,0.9659,-1,-1,-1
503,2091,690.29,457.43,57.83,110.85,0.9639,-1,-1,-1
503,2070,884.5,323.99,44.85,75.72,0.9633,-1,-1,-1
503,2130,1786.09,398.27,37.25,108.22,0.9632,-1,-1,-1
503,2057,1203.21,321.19,56.27,83.91,0.9618,-1,-1,-1
503,2080,575.88,334.25,36.23,87.53,0.9522,-1,-1,-1
503,2137,732.6,431.72,54.86,120.13,0.9458,-1,-1,-1
503,2046,945.62,302.93,33.44,83.3,0.944,-1,-1,-1
503,2139,585.79,281.41,30.38,67.58,0.886,-1,-1,-1
504,2052,891.44,457.44,67.31,104.07,0.9772,-1,-1,-1
504,2122,1663.54,585.05,62.01,144.8,0.9737,-1,-1,-1
504,2102,583.64,728.03,51.74,152.12,0.9723,-1,-1,-1
504,2115,1022.09,618.69,55.55,147.9,0.9714,-1,-1,-1
504,2068,1203.14,393.0,41.86,92.32,0.9698,-1,-1,-1
504,2125,1134.3,323.55,48.49,86.19,0.9694,-1,-1,-1
504,2118,669.19,304.59,37.77,80.87,0.968,-1,-1,-1
504,2077,548.37,402.29,46.85,98.29,0.9637,-1,-1,-1
504,2130,1786.08,398.6,34.89,108.24,0.9618,-1,-1,-1
504,2070,880.82,330.46,47.88,68.85,0.9612,-1,-1,-1
504,2057,1200.82,319.89,56.98,84.88,0.9592,-1,-1,-1
504,2079,377.34,396.5,64.57,95.13,0.9568,-1,-1,-1
504,2080,572.33,336.37,35.34,85.5,0.9493,-1,-1,-1
504,2137,737.03,435.71,44.81,108.67,0.9419,-1,-1,-1
504,2046,944.26,302.07,33.42,84.11,0.9386,-1,-1,-1
504,2091,694.55,458.59,53.85,110.82,0.9349,-1,-1,-1
504,2139,581.33,281.09,33.05,69.49,0.9204,-1,-1,-1
505,2052,889.84,457.99,68.63,103.07,0.9754,-1,-1,-1
505,2102,582.65,728.36,45.68,150.91,0.975,-1,-1,-1
505,2122,1662.04,583.56,58.46,143.98,0.9742,-1,-1,-1
505,2068,1197.25,392.87,45.04,92.94,0.9741,-1,-1,-1
505,2115,1014.1,616.89,56.9,150.77,0.9703,-1,-1,-1
505,2125,1138.58,323.62,40.22,86.18,0.967,-1,-1,-1
505,2091,701.71,465.29,45.2,101.96,0.9644,-1,-1,-1
505,2077,549.84,400.11,43.69,100.65,0.9643,-1,-1,-1
505,2130,1782.08,397.93,34.83,107.09,0.9615,-1,-1,-1
505,2070,874.62,323.96,48.85,74.62,0.9601,-1,-1,-1
505,2118,666.2,304.04,34.14,81.43,0.9577,-1,-1,-1
505,2057,1203.9,318.01,47.68,85.33,0.9462,-1,-1,-1
505,2080,570.32,336.19,28.23,84.18,0.9358,-1,-1,-1
505,2137,734.63,438.39,40.86,106.31,0.9312,-1,-1,-1
505,2046,941.78,302.45,32.38,82.51,0.9169,-1,-1,-1
505,2079,380.24,397.23,55.05,94.12,0.9104,-1,-1,-1
505,2139,574.77,280.94,33.95,66.89,0.6438,-1,-1,-1
506,2068,1189.35,393.39,51.35,92.29,0.9743,-1,-1,-1
506,2052,892.34,459.63,62.65,103.58,0.9736,-1,-1,-1
506,2122,1658.6,582.09,55.66,143.62,0.973,-1,-1,-1
506,2077,544.04,402.23,48.38,97.69,0.9713,-1,-1,-1
506,2115,1006.73,615.96,57.26,150.91,0.9666,-1,-1,-1
506,2070,870.38,324.18,47.08,73.22,0.9662,-1,-1,-1
506,2057,1203.15,316.35,42.71,86.4,0.9543,-1,-1,-1
506,2130,1777.56,396.63,34.4,108.35,0.9538,-1,-1,-1
506,2079,383.71,398.92,47.93,92.45,0.9514,-1,-1,-1
506,2118,662.34,302.7,30.21,82.7,0.95,-1,-1,-1
506,2125,1142.15,325.77,32.52,82.88,0.9456,-1,-1,-1
506,2102,578.06,728.35,47.25,150.88,0.9438,-1,-1,-1
506,2091,710.48,457.5,36.35,107.44,0.9429,-1,-1,-1
506,2046,938.71,302.04,31.87,83.14,0.8666,-1,-1,-1
506,2137,735.05,436.65,31.7,108.74,0.7604,-1,-1,-1
506,2080,564.23,339.85,26.59,80.35,0.6182,-1,-1,-1
506,2139,570.73,279.65,30.75,69.99,0.5515,-1,-1,-1
507,2052,894.38,459.78,62.83,102.94,0.9728,-1,-1,-1
507,2068,1185.51,391.48,54.68,94.83,0.9726,-1,-1,-1
507,2122,1655.77,581.76,56.92,143.9,0.9696,-1,-1,-1
507,2070,867.59,320.63,46.33,76.85,0.9667,-1,-1,-1
507,2115,1002.86,616.15,58.26,149.86,0.9654,-1,-1,-1
507,2077,540.6,401.07,51.94,97.98,0.9642,-1,-1,-1
507,2057,1202.27,315.26,39.48,87.37,0.9638,-1,-1,-1
507,2079,386.3,399.89,44.83,90.89,0.9582,-1,-1,-1
507,2118,659.87,301.99,28.36,83.46,0.9568,-1,-1,-1
507,2130,1774.82,397.8,35.15,106.68,0.9565,-1,-1,-1
507,2091,709.1,454.78,42.78,111.53,0.9548,-1,-1,-1
507,2125,1142.52,325.94,32.51,81.81,0.9352,-1,-1,-1
507,2046,936.5,303.58,34.91,80.66,0.9206,-1,-1,-1
507,2102,576.07,726.08,45.94,154.21,0.8597,-1,-1,-1
507,2080,560.12,335.29,27.55,82.75,0.8107,-1,-1,-1
507,2137,736.09,437.07,22.62,60.53,0.6602,-1,-1,-1
507,2139,566.06,279.42,32.6,68.49,0.6538,-1,-1,-1
508,2115,995.71,613.7,58.86,152.26,0.9734,-1,-1,-1
508,2068,1177.74,395.67,60.61,90.05,0.9723,-1,-1,-1
508,2130,1767.4,397.59,38.66,106.31,0.9718,-1,-1,-1
508,2102,570.43,728.61,49.09,153.55,0.971,-1,-1,-1
508,2052,900.24,461.76,63.02,100.58,0.9704,-1,-1,-1
508,2079,390.39,399.39,41.88,89.98,0.9684,-1,-1,-1
508,2091,704.62,456.29,50.53,107.99,0.9682,-1,-1,-1
508,2077,535.23,396.92,57.09,102.23,0.9677,-1,-1,-1
508,2070,863.55,318.24,43.92,79.07,0.9676,-1,-1,-1
508,2122,1652.54,580.39,52.82,146.35,0.9661,-1,-1,-1
508,2046,930.82,305.19,39.51,78.41,0.957,-1,-1,-1
508,2057,1196.95,313.7,37.28,87.99,0.9529,-1,-1,-1
508,2118,654.87,303.19,26.07,81.69,0.9517,-1,-1,-1
508,2125,1141.34,326.25,30.26,82.04,0.9503,-1,-1,-1
508,2139,560.42,277.33,31.36,74.99,0.8911,-1,-1,-1
508,2080,558.41,334.97,23.35,68.27,0.8593,-1,-1,-1
508,2137,725.65,435.0,28.5,64.83,0.6599,-1,-1,-1
509,2130,1758.53,397.31,43.7,108.13,0.9744,-1,-1,-1
509,2102,564.64,728.97,52.46,153.26,0.9738,-1,-1,-1
509,2122,1648.86,580.2,50.67,145.0,0.973,-1,-1,-1
509,2115,990.36,613.56,56.17,147.15,0.9723,-1,-1,-1
509,2068,1171.66,396.47,61.56,88.84,0.9712,-1,-1,-1
509,2077,532.88,394.47,61.48,105.34,0.9709,-1,-1,-1
509,2052,910.18,461.13,50.66,101.57,0.9703,-1,-1,-1
509,2046,922.66,306.05,46.33,77.2,0.9681,-1,-1,-1
509,2091,703.22,452.97,52.55,107.94,0.9678,-1,-1,-1
509,2079,387.31,398.01,45.05,93.14,0.9676,-1,-1,-1
509,2070,861.43,317.82,38.16,78.77,0.9632,-1,-1,-1
509,2057,1191.56,313.54,39.1,88.92,0.9618,-1,-1,-1
509,2125,1138.16,327.53,38.3,80.85,0.9604,-1,-1,-1
509,2118,648.72,301.28,26.49,83.2,0.952,-1,-1,-1
509,2080,552.52,335.46,24.68,74.37,0.8821,-1,-1,-1
509,2137,717.87,436.83,30.22,59.68,0.3698,-1,-1,-1
509,2139,556.29,278.1,28.53,72.49,0.3618,-1,-1,-1
510,2130,1756.88,397.58,43.41,106.85,0.9741,-1,-1,-1
510,2102,560.48,729.42,57.53,153.65,0.9735,-1,-1,-1
510,2052,911.57,460.37,51.37,101.2,0.9732,-1,-1,-1
510,2122,1646.44,579.81,50.64,145.5,0.9729,-1,-1,-1
510,2068,1167.66,396.17,61.77,89.38,0.9718,-1,-1,-1
510,2077,532.04,393.98,62.36,105.45,0.9712,-1,-1,-1
510,2115,988.1,613.81,56.0,146.59,0.9708,-1,-1,-1
510,2046,918.55,306.01,50.38,76.89,0.9635,-1,-1,-1
510,2125,1136.96,328.46,41.18,80.21,0.9612,-1,-1,-1
510,2057,1192.05,313.38,38.17,88.28,0.961,-1,-1,-1
510,2070,860.49,317.6,35.37,78.74,0.9573,-1,-1,-1
510,2091,702.76,446.3,55.11,116.02,0.9509,-1,-1,-1
510,2118,645.83,301.68,27.67,82.75,0.9502,-1,-1,-1
510,2079,385.22,396.51,47.04,94.74,0.8974,-1,-1,-1
510,2080,550.21,333.89,22.0,73.67,0.8674,-1,-1,-1
511,2130,1749.8,397.67,46.12,106.66,0.9763,-1,-1,-1
511,2068,1162.09,393.43,61.67,92.34,0.9759,-1,-1,-1
511,2052,908.98,457.24,52.09,103.56,0.9736,-1,-1,-1
511,2122,1641.51,580.55,50.81,144.39,0.9721,-1,-1,-1
511,2079,379.92,394.47,51.73,96.84,0.9718,-1,-1,-1
511,2077,531.23,396.81,61.76,103.27,0.9707,-1,-1,-1
511,2102,552.53,728.93,70.73,155.47,0.9679,-1,-1,-1
511,2115,985.12,613.51,51.2,145.33,0.9678,-1,-1,-1
511,2057,1189.54,316.06,43.14,84.27,0.9659,-1,-1,-1
511,2046,911.85,306.14,55.42,76.17,0.9658,-1,-1,-1
511,2125,1135.3,328.93,45.33,79.54,0.9617,-1,-1,-1
511,2118,640.33,301.84,29.59,82.94,0.9519,-1,-1,-1
511,2070,860.33,311.52,32.41,83.73,0.9319,-1,-1,-1
511,2080,544.17,334.87,23.06,80.9,0.9242,-1,-1,-1
511,2091,704.68,443.49,54.15,115.3,0.9141,-1,-1,-1
512,2130,1745.35,397.61,46.66,106.67,0.9769,-1,-1,-1
512,2052,904.62,454.7,57.37,106.61,0.9763,-1,-1,-1
512,2079,375.11,393.41,59.17,96.76,0.9753,-1,-1,-1
512,2068,1160.43,394.07,59.92,90.75,0.9742,-1,-1,-1
512,2077,532.97,397.61,55.61,103.47,0.9741,-1,-1,-1
512,2122,1638.53,580.86,51.56,143.93,0.974,-1,-1,-1
512,2125,1132.39,330.83,44.23,76.88,0.9697,-1,-1,-1
512,2057,1183.82,316.95,50.28,82.74,0.9685,-1,-1,-1
512,2102,546.4,729.85,76.62,153.37,0.9671,-1,-1,-1
512,2118,635.11,302.2,31.5,83.87,0.9637,-1,-1,-1
512,2046,907.7,307.4,55.44,75.0,0.9552,-1,-1,-1
512,2115,980.03,612.29,53.36,146.39,0.9476,-1,-1,-1
512,2080,536.16,333.38,25.37,84.93,0.9275,-1,-1,-1
512,2070,861.74,308.68,28.01,85.94,0.9259,-1,-1,-1
512,2091,712.69,445.03,47.37,116.28,0.9192,-1,-1,-1
513,2052,903.79,453.78,59.32,107.25,0.9761,-1,-1,-1
513,2130,1743.29,397.75,46.84,106.67,0.9757,-1,-1,-1
513,2122,1636.66,580.59,52.49,143.6,0.9745,-1,-1,-1
513,2079,374.44,393.1,62.35,96.68,0.9737,-1,-1,-1
513,2102,543.33,730.5,78.53,153.47,0.9735,-1,-1,-1
513,2068,1159.45,393.02,59.18,92.26,0.9722,-1,-1,-1
513,2115,977.46,612.29,54.23,146.29,0.9717,-1,-1,-1
513,2077,535.88,397.71,52.43,104.71,0.9678,-1,-1,-1
513,2057,1180.53,318.59,53.29,81.29,0.9664,-1,-1,-1
513,2125,1129.68,328.71,44.74,79.9,0.9632,-1,-1,-1
513,2118,632.93,303.16,32.56,82.52,0.9617,-1,-1,-1
513,2046,906.1,306.79,55.79,75.1,0.9608,-1,-1,-1
513,2080,532.26,331.82,29.29,87.96,0.9308,-1,-1,-1
513,2070,862.24,311.95,26.84,82.57,0.9241,-1,-1,-1
513,2137,709.01,436.37,31.28,112.62,0.8341,-1,-1,-1
513,2091,724.59,446.42,35.6,114.61,0.768,-1,-1,-1
514,2115,975.27,611.28,51.83,147.93,0.9752,-1,-1,-1
514,2130,1739.47,396.96,47.65,106.62,0.9747,-1,-1,-1
514,2052,903.48,453.17,61.63,106.68,0.9742,-1,-1,-1
514,2102,536.02,731.47,82.25,153.55,0.9732,-1,-1,-1
514,2122,1634.03,580.79,51.78,142.43,0.9725,-1,-1,-1
514,2068,1160.19,391.49,55.77,94.28,0.9722,-1,-1,-1
514,2077,546.63,397.81,42.85,103.54,0.9696,-1,-1,-1
514,2079,375.63,392.91,63.11,97.64,0.9691,-1,-1,-1
514,2125,1124.62,328.94,45.99,80.84,0.9682,-1,-1,-1
514,2057,1174.94,320.42,55.96,78.84,0.9676,-1,-1,-1
514,2118,628.28,303.56,33.62,81.74,0.9624,-1,-1,-1
514,2080,526.01,332.31,35.46,87.04,0.9571,-1,-1,-1
514,2046,905.66,306.36,52.73,74.95,0.9283,-1,-1,-1
514,2091,729.29,448.9,35.29,110.09,0.9002,-1,-1,-1
514,2070,857.4,306.66,31.01,86.93,0.7798,-1,-1,-1
514,2137,705.7,435.05,31.21,114.82,0.6945,-1,-1,-1
514,2139,534.73,277.21,28.98,68.64,0.4483,-1,-1,-1
515,2130,1736.54,396.27,47.19,107.51,0.9775,-1,-1,-1
515,2102,530.47,731.29,77.75,154.04,0.9763,-1,-1,-1
515,2115,972.43,612.11,52.67,147.69,0.9732,-1,-1,-1
515,2077,551.49,398.37,40.13,102.28,0.9711,-1,-1,-1
515,2068,1161.6,390.07,50.3,94.96,0.9699,-1,-1,-1
515,2122,1630.35,580.02,51.09,144.45,0.9687,-1,-1,-1
515,2052,906.66,452.86,60.99,105.73,0.9679,-1,-1,-1
515,2079,379.55,393.56,54.47,99.04,0.9652,-1,-1,-1
515,2080,519.16,335.77,39.64,84.13,0.9649,-1,-1,-1
515,2125,1118.66,329.14,50.96,80.06,0.9643,-1,-1,-1
515,2118,623.48,303.72,32.62,81.5,0.964,-1,-1,-1
515,2091,727.9,448.78,41.36,109.26,0.9595,-1,-1,-1
515,2057,1172.57,319.63,54.53,81.11,0.9584,-1,-1,-1
515,2046,904.74,306.69,48.57,75.35,0.9279,-1,-1,-1
515,2137,699.56,435.99,33.06,111.25,0.9062,-1,-1,-1
515,2070,851.89,309.47,34.76,84.93,0.8142,-1,-1,-1
515,2139,527.62,277.14,32.99,71.83,0.4727,-1,-1,-1
516,2102,528.06,731.0,76.31,154.9,0.9775,-1,-1,-1
516,2130,1735.6,396.15,46.95,107.37,0.9769,-1,-1,-1
516,2077,547.64,397.72,44.69,103.07,0.9764,-1,-1,-1
516,2115,969.62,612.19,55.29,147.82,0.9754,-1,-1,-1
516,2091,723.84,447.79,48.59,110.57,0.9738,-1,-1,-1
516,2122,1627.26,580.16,53.67,144.01,0.9725,-1,-1,-1
516,2068,1162.67,387.79,48.03,96.29,0.9704,-1,-1,-1
516,2057,1169.86,320.82,55.32,79.9,0.9703,-1,-1,-1
516,2080,515.93,335.59,42.1,84.92,0.9674,-1,-1,-1
516,2052,908.47,453.07,60.71,106.34,0.9672,-1,-1,-1
516,2125,1115.38,328.38,51.78,80.54,0.9661,-1,-1,-1
516,2118,620.53,304.07,32.55,81.68,0.9615,-1,-1,-1
516,2137,695.93,435.97,36.1,111.59,0.9464,-1,-1,-1
516,2079,382.63,394.93,50.19,98.05,0.9346,-1,-1,-1
516,2046,910.43,305.84,42.46,75.16,0.9178,-1,-1,-1
516,2070,847.93,305.48,38.96,87.25,0.7338,-1,-1,-1
516,2139,524.68,277.35,33.83,70.51,0.5693,-1,-1,-1
517,2077,543.42,395.42,51.51,105.32,0.9782,-1,-1,-1
517,2115,964.89,612.92,59.18,147.37,0.9765,-1,-1,-1
517,2102,523.25,731.02,73.87,155.17,0.9758,-1,-1,-1
517,2130,1733.98,395.34,45.34,107.86,0.9751,-1,-1,-1
517,2122,1624.51,579.63,52.41,143.57,0.9734,-1,-1,-1
517,2091,721.47,447.37,55.14,107.76,0.9714,-1,-1,-1
517,2052,915.27,454.78,56.9,106.68,0.9712,-1,-1,-1
517,2125,1111.75,327.9,51.46,80.59,0.9689,-1,-1,-1
517,2080,510.15,334.91,45.28,86.8,0.9684,-1,-1,-1
517,2068,1166.86,384.72,39.32,99.8,0.9678,-1,-1,-1
517,2137,689.73,435.72,42.02,113.48,0.9665,-1,-1,-1
517,2057,1167.55,318.96,53.09,82.45,0.9664,-1,-1,-1
517,2118,615.39,304.89,32.03,81.56,0.9594,-1,-1,-1
517,2079,391.25,395.57,41.39,96.8,0.9511,-1,-1,-1
517,2070,842.89,312.63,44.01,79.13,0.9189,-1,-1,-1
517,2046,912.66,305.39,41.0,77.35,0.6837,-1,-1,-1
517,2139,519.11,277.41,36.37,70.79,0.3191,-1,-1,-1
518,2115,960.46,613.5,62.96,147.96,0.9771,-1,-1,-1
518,2077,539.7,393.9,58.72,107.96,0.9762,-1,-1,-1
518,2137,682.99,436.46,47.42,116.74,0.9745,-1,-1,-1
518,2091,725.81,446.54,55.61,104.41,0.973,-1,-1,-1
518,2102,519.75,729.22,73.83,156.21,0.9725,-1,-1,-1
518,2122,1621.98,578.68,52.73,142.32,0.9722,-1,-1,-1
518,2130,1732.38,394.36,45.09,108.99,0.9718,-1,-1,-1
518,2052,925.59,456.04,50.75,103.69,0.9713,-1,-1,-1
518,2080,506.49,334.31,44.98,87.75,0.9687,-1,-1,-1
518,2125,1111.48,326.24,52.28,81.92,0.9668,-1,-1,-1
518,2057,1166.65,317.6,52.71,83.38,0.9649,-1,-1,-1
518,2118,610.4,306.54,32.87,80.36,0.9623,-1,-1,-1
518,2068,1167.41,387.96,35.66,96.41,0.9608,-1,-1,-1
518,2079,399.98,395.58,36.58,96.17,0.9539,-1,-1,-1
518,2070,840.03,308.43,48.33,84.52,0.9163,-1,-1,-1
518,2046,917.83,303.61,53.38,78.0,0.5116,-1,-1,-1
518,2139,512.61,278.92,37.77,68.15,0.4023,-1,-1,-1
519,2115,958.5,613.66,64.86,147.83,0.9774,-1,-1,-1
519,2077,540.06,393.77,60.73,108.11,0.9762,-1,-1,-1
519,2137,681.0,437.4,49.07,113.01,0.975,-1,-1,-1
519,2122,1621.45,578.34,52.62,141.53,0.9725,-1,-1,-1
519,2102,519.02,729.47,72.37,156.1,0.9717,-1,-1,-1
519,2052,933.86,456.15,42.97,102.27,0.9711,-1,-1,-1
519,2130,1731.0,394.18,45.56,109.21,0.9708,-1,-1,-1
519,2091,724.64,445.92,61.44,105.83,0.9677,-1,-1,-1
519,2080,505.24,334.9,43.5,86.81,0.9668,-1,-1,-1
519,2125,1112.79,324.84,52.84,83.32,0.9652,-1,-1,-1
519,2057,1167.18,318.43,52.09,83.55,0.9633,-1,-1,-1
519,2068,1167.74,388.03,33.39,95.76,0.9611,-1,-1,-1
519,2118,608.95,306.92,33.5,80.29,0.9584,-1,-1,-1
519,2079,401.6,394.83,37.46,96.38,0.9529,-1,-1,-1
519,2070,838.77,307.31,48.35,85.35,0.929,-1,-1,-1
519,2046,918.07,302.92,52.3,77.29,0.8419,-1,-1,-1
519,2139,510.65,278.79,37.41,65.77,0.7035,-1,-1,-1
520,2115,955.03,614.13,66.09,147.32,0.9764,-1,-1,-1
520,2122,1622.39,576.13,50.91,141.7,0.9741,-1,-1,-1
520,2125,1119.86,320.91,46.02,87.11,0.9725,-1,-1,-1
520,2091,726.06,444.7,66.23,107.9,0.9715,-1,-1,-1
520,2079,396.39,392.93,47.71,97.31,0.9714,-1,-1,-1
520,2137,676.84,438.68,53.64,109.0,0.9714,-1,-1,-1
520,2130,1730.03,393.31,44.99,109.73,0.971,-1,-1,-1
520,2077,540.47,393.82,71.13,106.11,0.9705,-1,-1,-1
520,2052,938.11,455.79,42.52,102.62,0.9671,-1,-1,-1
520,2080,503.62,334.09,41.09,88.41,0.9657,-1,-1,-1
520,2057,1170.82,314.84,49.34,88.15,0.9649,-1,-1,-1
520,2102,518.58,729.22,68.55,155.4,0.964,-1,-1,-1
520,2068,1167.3,386.01,33.73,98.42,0.9598,-1,-1,-1
520,2118,607.56,306.68,33.18,80.13,0.9446,-1,-1,-1
520,2046,915.39,299.08,42.21,80.03,0.9161,-1,-1,-1
520,2070,838.96,306.4,47.03,86.84,0.8531,-1,-1,-1
520,2139,507.98,277.88,37.56,66.36,0.593,-1,-1,-1
521,2122,1624.23,574.19,49.8,142.72,0.9757,-1,-1,-1
521,2079,395.31,391.25,53.05,100.54,0.9745,-1,-1,-1
521,2091,731.65,446.38,60.73,106.79,0.9734,-1,-1,-1
521,2052,936.02,454.59,53.26,102.63,0.9729,-1,-1,-1
521,2077,543.6,393.36,71.33,106.95,0.9725,-1,-1,-1
521,2130,1729.83,392.85,43.71,109.69,0.9699,-1,-1,-1
521,2137,673.94,438.75,54.24,109.79,0.9688,-1,-1,-1
521,2125,1126.41,319.5,45.06,87.44,0.9679,-1,-1,-1
521,2057,1176.69,315.11,42.37,87.3,0.9614,-1,-1,-1
521,2068,1163.98,391.32,36.7,93.21,0.9596,-1,-1,-1
521,2115,951.5,613.84,65.34,144.25,0.9587,-1,-1,-1
521,2046,914.02,298.15,43.73,78.98,0.952,-1,-1,-1
521,2102,521.02,729.82,61.49,153.5,0.9511,-1,-1,-1
521,2118,606.83,306.68,32.17,79.79,0.9423,-1,-1,-1
521,2080,503.71,333.97,35.79,88.49,0.9397,-1,-1,-1
521,2070,839.81,305.86,46.14,87.3,0.9078,-1,-1,-1
521,2139,508.13,277.76,35.96,67.49,0.4885,-1,-1,-1
522,2079,394.27,390.37,58.91,100.67,0.9762,-1,-1,-1
522,2122,1624.36,573.44,49.44,143.26,0.976,-1,-1,-1
522,2052,934.86,453.21,57.87,103.95,0.9737,-1,-1,-1
522,2077,545.35,394.24,69.62,106.74,0.9726,-1,-1,-1
522,2115,948.95,613.37,65.01,145.65,0.9715,-1,-1,-1
522,2130,1729.94,393.09,42.96,109.47,0.9695,-1,-1,-1
522,2068,1160.71,388.07,41.56,96.5,0.9688,-1,-1,-1
522,2137,674.08,438.71,51.97,109.99,0.9677,-1,-1,-1
522,2091,737.93,446.69,56.58,105.66,0.9638,-1,-1,-1
522,2125,1132.69,318.51,38.09,87.41,0.9636,-1,-1,-1
522,2057,1178.71,313.47,39.99,88.15,0.962,-1,-1,-1
522,2118,604.63,306.05,33.82,80.14,0.9568,-1,-1,-1
522,2046,913.68,297.37,43.85,79.16,0.9507,-1,-1,-1
522,2102,523.83,729.3,57.62,154.52,0.9456,-1,-1,-1
522,2080,504.47,334.2,31.55,88.3,0.9246,-1,-1,-1
522,2070,841.93,305.86,41.89,86.88,0.8777,-1,-1,-1
522,2139,508.37,276.51,34.94,69.8,0.4938,-1,-1,-1
523,2079,395.26,389.97,67.68,100.17,0.9776,-1,-1,-1
523,2115,946.37,612.83,64.5,145.97,0.9776,-1,-1,-1
523,2122,1623.54,572.45,50.92,143.85,0.9762,-1,-1,-1
523,2052,936.38,451.87,63.41,104.83,0.9754,-1,-1,-1
523,2102,532.02,730.14,49.56,153.71,0.9739,-1,-1,-1
523,2077,551.65,395.94,62.07,105.38,0.9729,-1,-1,-1
523,2068,1156.21,388.57,48.39,96.18,0.9719,-1,-1,-1
523,2130,1730.35,392.66,43.04,109.68,0.9707,-1,-1,-1
523,2091,760.08,448.06,40.57,104.54,0.9599,-1,-1,-1
523,2118,601.22,304.69,35.88,81.59,0.9589,-1,-1,-1
523,2057,1179.85,312.73,38.45,86.52,0.9586,-1,-1,-1
523,2046,912.91,296.72,45.83,80.25,0.9543,-1,-1,-1
523,2125,1136.89,317.84,33.2,86.12,0.9474,-1,-1,-1
523,2137,673.99,438.44,48.73,111.11,0.9437,-1,-1,-1
523,2080,506.11,337.55,27.56,84.77,0.9204,-1,-1,-1
523,2070,847.96,310.0,36.03,81.35,0.8756,-1,-1,-1
523,2139,510.88,273.5,31.05,74.65,0.8454,-1,-1,-1
524,2115,942.54,611.86,66.3,147.18,0.9781,-1,-1,-1
524,2091,762.42,447.85,45.66,103.91,0.9766,-1,-1,-1
524,2052,939.27,449.89,71.87,105.8,0.9761,-1,-1,-1
524,2079,398.33,390.13,69.86,99.21,0.9737,-1,-1,-1
524,2122,1621.58,572.51,52.51,144.2,0.9733,-1,-1,-1
524,2130,1731.14,393.19,43.81,108.98,0.9718,-1,-1,-1
524,2102,537.59,730.3,46.86,153.36,0.971,-1,-1,-1
524,2068,1153.35,387.93,53.51,97.44,0.9706,-1,-1,-1
524,2077,559.35,396.56,56.85,104.99,0.9676,-1,-1,-1
524,2046,915.9,297.33,45.17,79.32,0.9624,-1,-1,-1
524,2118,598.22,302.87,37.19,83.33,0.9597,-1,-1,-1
524,2057,1181.71,312.22,35.93,86.74,0.9497,-1,-1,-1
524,2080,505.97,333.94,25.34,87.18,0.9454,-1,-1,-1
524,2125,1136.93,323.28,32.19,82.18,0.9435,-1,-1,-1
524,2139,510.93,272.12,28.1,73.54,0.9262,-1,-1,-1
524,2137,674.4,437.46,44.03,111.79,0.8199,-1,-1,-1
524,2070,847.4,307.2,34.22,83.05,0.8004,-1,-1,-1
525,2115,941.25,611.5,67.41,147.58,0.9785,-1,-1,-1
525,2052,941.5,450.03,74.12,105.33,0.9777,-1,-1,-1
525,2091,760.99,446.83,50.67,104.75,0.9767,-1,-1,-1
525,2068,1152.17,391.19,55.71,93.14,0.9747,-1,-1,-1
525,2122,1619.95,572.09,55.05,144.71,0.9735,-1,-1,-1
525,2079,399.81,390.93,68.58,99.12,0.9733,-1,-1,-1
525,2130,1729.06,393.21,47.03,109.01,0.9729,-1,-1,-1
525,2077,564.54,396.71,52.82,104.42,0.9716,-1,-1,-1
525,2102,538.17,728.92,47.57,156.19,0.969,-1,-1,-1
525,2046,916.95,297.65,44.0,79.83,0.9637,-1,-1,-1
525,2118,597.32,303.74,35.98,83.53,0.9538,-1,-1,-1
525,2057,1181.35,312.56,35.43,85.56,0.9483,-1,-1,-1
525,2080,505.46,332.14,25.05,88.44,0.9481,-1,-1,-1
525,2125,1136.45,326.01,33.12,78.93,0.9347,-1,-1,-1
525,2137,674.84,437.41,40.91,112.34,0.9255,-1,-1,-1
525,2139,510.4,271.49,27.14,72.7,0.8409,-1,-1,-1
525,2070,848.58,308.14,33.97,82.29,0.7929,-1,-1,-1
525,2140,1168.73,312.54,16.69,53.9,0.3914,-1,-1,-1
526,2115,942.09,610.2,66.01,146.86,0.9794,-1,-1,-1
526,2052,945.3,451.75,73.79,105.45,0.9761,-1,-1,-1
526,2122,1615.16,571.37,60.5,145.35,0.9751,-1,-1,-1
526,2091,758.54,444.67,59.02,107.41,0.9743,-1,-1,-1
526,2068,1148.49,390.47,59.19,93.83,0.9715,-1,-1,-1
526,2079,405.34,392.42,59.11,98.8,0.9714,-1,-1,-1
526,2130,1724.96,393.7,52.05,108.95,0.9709,-1,-1,-1
526,2102,535.38,729.26,54.53,156.38,0.9686,-1,-1,-1
526,2077,580.87,396.36,39.14,103.78,0.9595,-1,-1,-1
526,2046,921.38,298.72,39.48,79.07,0.956,-1,-1,-1
526,2057,1180.77,313.9,34.39,85.05,0.9555,-1,-1,-1
526,2125,1135.49,326.65,43.28,81.07,0.9426,-1,-1,-1
526,2080,502.47,332.24,26.34,88.42,0.9416,-1,-1,-1
526,2137,676.02,438.92,33.76,110.44,0.931,-1,-1,-1
526,2118,594.53,304.23,35.91,85.53,0.9226,-1,-1,-1
526,2139,507.42,269.63,28.14,74.22,0.8716,-1,-1,-1
526,2070,846.87,303.1,34.57,89.04,0.7028,-1,-1,-1
527,2115,943.96,609.19,63.12,146.7,0.98,-1,-1,-1
527,2122,1612.94,571.17,63.01,145.28,0.9744,-1,-1,-1
527,2077,578.82,395.34,44.06,104.18,0.9724,-1,-1,-1
527,2079,412.02,394.28,50.23,96.26,0.9719,-1,-1,-1
527,2102,529.41,728.77,64.61,158.66,0.9713,-1,-1,-1
527,2130,1719.48,394.65,58.0,107.11,0.9708,-1,-1,-1
527,2068,1145.84,387.45,59.48,97.3,0.9686,-1,-1,-1
527,2052,953.77,452.96,67.08,104.9,0.9654,-1,-1,-1
527,2091,760.68,442.41,62.7,107.42,0.9644,-1,-1,-1
527,2125,1137.33,324.93,44.62,81.72,0.9481,-1,-1,-1
527,2080,497.63,332.54,31.58,88.59,0.9406,-1,-1,-1
527,2118,593.75,304.71,32.67,85.51,0.9297,-1,-1,-1
527,2057,1178.38,315.88,32.38,84.55,0.9275,-1,-1,-1
527,2046,925.74,301.4,35.41,76.4,0.903,-1,-1,-1
527,2070,845.27,303.99,37.77,86.5,0.8917,-1,-1,-1
527,2137,677.45,437.61,29.87,111.73,0.7919,-1,-1,-1
527,2139,503.76,268.13,27.72,73.93,0.4392,-1,-1,-1
528,2115,944.65,608.44,61.89,146.49,0.9789,-1,-1,-1
528,2077,577.57,394.99,47.07,104.21,0.9739,-1,-1,-1
528,2130,1716.72,394.95,60.95,107.62,0.9732,-1,-1,-1
528,2122,1611.68,571.03,63.6,145.2,0.9723,-1,-1,-1
528,2068,1145.05,387.56,58.75,97.72,0.9716,-1,-1,-1
528,2102,527.29,728.5,67.29,159.1,0.9715,-1,-1,-1
528,2079,416.77,394.69,48.41,95.06,0.9702,-1,-1,-1
528,2091,763.01,440.72,63.87,105.94,0.9693,-1,-1,-1
528,2052,958.66,454.36,66.07,104.17,0.9684,-1,-1,-1
528,2125,1138.94,314.49,41.98,92.08,0.9513,-1,-1,-1
528,2080,496.86,334.83,34.67,87.17,0.9283,-1,-1,-1
528,2057,1178.21,316.43,33.29,84.19,0.9209,-1,-1,-1
528,2118,592.73,307.57,31.44,82.74,0.906,-1,-1,-1
528,2137,678.32,436.87,27.92,112.21,0.883,-1,-1,-1
528,2046,929.26,301.34,33.14,75.59,0.8406,-1,-1,-1
528,2070,843.82,306.27,40.17,83.44,0.8132,-1,-1,-1
529,2115,947.43,607.69,57.49,146.51,0.9777,-1,-1,-1
529,2102,523.95,727.7,74.42,159.17,0.9765,-1,-1,-1
529,2130,1711.72,395.34,65.23,108.13,0.9742,-1,-1,-1
529,2122,1608.87,571.19,63.75,144.43,0.9737,-1,-1,-1
529,2068,1144.67,391.95,58.06,92.93,0.9722,-1,-1,-1
529,2091,767.0,440.01,68.54,108.51,0.9711,-1,-1,-1
529,2080,491.54,331.63,40.94,90.38,0.9697,-1,-1,-1
529,2077,574.86,393.14,52.55,106.54,0.9693,-1,-1,-1
529,2052,971.96,454.25,62.14,103.3,0.9655,-1,-1,-1
529,2079,430.05,393.25,40.03,96.09,0.9629,-1,-1,-1
529,2118,588.85,304.5,34.1,87.47,0.9449,-1,-1,-1
529,2125,1132.12,322.47,52.75,84.11,0.9357,-1,-1,-1
529,2057,1176.57,317.15,36.58,84.09,0.9285,-1,-1,-1
529,2137,679.45,438.0,26.0,111.79,0.8914,-1,-1,-1
529,2070,841.9,303.47,42.25,87.17,0.8895,-1,-1,-1
529,2046,931.83,301.36,31.56,76.07,0.8707,-1,-1,-1
530,2102,519.6,728.5,78.82,158.26,0.9786,-1,-1,-1
530,2115,951.42,608.09,51.99,146.41,0.9785,-1,-1,-1
530,2077,574.5,391.18,59.66,108.65,0.9747,-1,-1,-1
530,2122,1606.31,570.84,64.49,144.26,0.9737,-1,-1,-1
530,2130,1707.3,394.32,65.56,108.32,0.9735,-1,-1,-1
530,2080,486.58,331.98,44.47,90.34,0.9687,-1,-1,-1
530,2091,775.0,440.79,63.33,109.39,0.9682,-1,-1,-1
530,2079,433.06,392.54,40.85,96.61,0.9675,-1,-1,-1
530,2052,984.88,452.05,51.61,104.93,0.966,-1,-1,-1
530,2068,1144.8,391.78,61.98,94.32,0.966,-1,-1,-1
530,2118,586.89,306.11,32.6,85.89,0.9525,-1,-1,-1
530,2125,1132.58,327.89,50.9,78.64,0.9496,-1,-1,-1
530,2070,841.76,306.41,41.17,83.48,0.9479,-1,-1,-1
530,2057,1175.56,316.51,37.05,83.25,0.9459,-1,-1,-1
530,2046,930.02,300.79,33.57,75.28,0.9023,-1,-1,-1
530,2137,675.83,438.21,27.67,111.54,0.712,-1,-1,-1
531,2115,953.11,607.89,50.3,146.74,0.9778,-1,-1,-1
531,2102,517.21,729.8,80.51,156.76,0.9775,-1,-1,-1
531,2077,575.01,391.42,63.02,108.36,0.9773,-1,-1,-1
531,2130,1704.11,394.61,66.27,108.01,0.9735,-1,-1,-1
531,2122,1603.94,570.25,66.26,145.0,0.973,-1,-1,-1
531,2052,984.57,450.45,51.54,106.46,0.9727,-1,-1,-1
531,2079,431.62,389.72,43.99,99.6,0.9724,-1,-1,-1
531,2080,484.64,332.46,45.14,89.86,0.9685,-1,-1,-1
531,2091,779.58,441.86,59.06,109.1,0.9682,-1,-1,-1
531,2068,1145.89,392.73,62.11,92.99,0.9601,-1,-1,-1
531,2070,841.61,307.02,39.97,82.9,0.9572,-1,-1,-1
531,2057,1172.92,316.29,39.16,84.52,0.9518,-1,-1,-1
531,2125,1132.82,334.72,48.65,72.36,0.9494,-1,-1,-1
531,2118,585.96,307.54,30.38,83.83,0.9478,-1,-1,-1
531,2046,927.85,299.99,37.36,76.26,0.9472,-1,-1,-1
531,2137,673.16,438.93,31.32,113.49,0.9108,-1,-1,-1
532,2077,575.78,391.76,66.02,107.82,0.9771,-1,-1,-1
532,2115,953.81,607.14,47.18,147.15,0.9764,-1,-1,-1
532,2102,513.92,728.52,81.57,158.64,0.9757,-1,-1,-1
532,2052,982.96,448.85,56.85,107.74,0.9734,-1,-1,-1
532,2079,430.5,388.48,47.94,101.05,0.9732,-1,-1,-1
532,2130,1698.63,394.97,67.51,107.27,0.9716,-1,-1,-1
532,2091,794.43,444.13,48.72,105.4,0.9711,-1,-1,-1
532,2122,1601.98,568.89,64.7,144.49,0.9701,-1,-1,-1
532,2080,480.87,331.35,45.3,91.29,0.9665,-1,-1,-1
532,2068,1153.04,393.64,62.36,91.44,0.9652,-1,-1,-1
532,2046,925.16,299.87,41.23,77.17,0.9619,-1,-1,-1
532,2125,1128.19,333.02,47.64,74.96,0.955,-1,-1,-1
532,2118,583.58,309.52,28.95,82.38,0.9514,-1,-1,-1
532,2137,668.37,438.06,35.51,115.5,0.948,-1,-1,-1
532,2070,842.81,305.94,38.8,83.73,0.9423,-1,-1,-1
532,2057,1171.0,315.48,41.62,89.39,0.9393,-1,-1,-1
533,2115,950.18,607.16,48.71,146.39,0.9773,-1,-1,-1
533,2077,578.31,393.67,60.7,106.78,0.9742,-1,-1,-1
533,2052,981.37,448.11,60.67,106.0,0.9738,-1,-1,-1
533,2079,426.21,388.22,56.17,101.7,0.9734,-1,-1,-1
533,2102,511.84,728.51,81.53,158.81,0.9731,-1,-1,-1
533,2091,807.6,443.8,44.45,105.02,0.9729,-1,-1,-1
533,2080,475.66,331.9,45.23,91.44,0.9698,-1,-1,-1
533,2130,1692.52,395.35,71.15,106.26,0.9694,-1,-1,-1
533,2068,1156.72,392.11,62.4,93.28,0.9671,-1,-1,-1
533,2125,1122.95,330.99,53.22,77.16,0.9665,-1,-1,-1
533,2122,1599.33,568.03,63.33,142.67,0.9664,-1,-1,-1
533,2137,661.94,441.24,42.27,112.03,0.9641,-1,-1,-1
533,2046,923.32,299.57,49.31,78.28,0.9634,-1,-1,-1
533,2118,581.53,309.34,28.23,83.9,0.9573,-1,-1,-1
533,2057,1168.67,315.76,40.65,87.32,0.9542,-1,-1,-1
533,2070,846.8,306.8,33.4,82.19,0.893,-1,-1,-1
534,2115,947.35,607.35,51.32,146.99,0.9779,-1,-1,-1
534,2091,805.64,443.98,49.82,104.97,0.9747,-1,-1,-1
534,2052,980.65,448.22,62.47,103.83,0.9735,-1,-1,-1
534,2079,426.74,386.52,60.49,102.13,0.9727,-1,-1,-1
534,2077,579.51,394.87,57.94,105.65,0.9719,-1,-1,-1
534,2080,471.94,333.56,46.54,90.48,0.9702,-1,-1,-1
534,2068,1156.12,390.17,63.3,95.58,0.97,-1,-1,-1
534,2102,510.81,729.11,81.15,157.8,0.9699,-1,-1,-1
534,2130,1691.99,395.58,70.88,104.88,0.9695,-1,-1,-1
534,2125,1121.75,328.0,56.22,80.24,0.9661,-1,-1,-1
534,2137,659.07,442.3,45.28,109.94,0.965,-1,-1,-1
534,2122,1598.11,567.02,64.17,141.97,0.9643,-1,-1,-1
534,2046,921.69,298.84,52.58,79.24,0.9619,-1,-1,-1
534,2118,579.86,309.63,28.05,81.78,0.9519,-1,-1,-1
534,2057,1169.72,316.32,40.09,86.63,0.9504,-1,-1,-1
534,2070,847.65,309.89,32.48,79.12,0.8847,-1,-1,-1
534,2139,488.13,275.82,39.23,68.2,0.6005,-1,-1,-1
535,2052,982.22,448.34,68.61,103.92,0.9773,-1,-1,-1
535,2115,941.28,608.18,55.23,146.86,0.9772,-1,-1,-1
535,2079,424.65,387.91,67.78,101.32,0.9754,-1,-1,-1
535,2102,511.32,728.13,72.13,157.29,0.9731,-1,-1,-1
535,2137,653.59,443.45,48.07,109.29,0.9722,-1,-1,-1
535,2091,800.66,442.38,60.27,105.59,0.9718,-1,-1,-1
535,2122,1596.0,564.84,61.06,139.74,0.9715,-1,-1,-1
535,2077,585.88,395.43,50.96,104.66,0.9705,-1,-1,-1
535,2130,1691.18,396.16,69.63,104.54,0.9704,-1,-1,-1
535,2125,1122.18,325.33,54.03,83.07,0.9696,-1,-1,-1
535,2068,1151.03,389.25,63.55,96.15,0.9675,-1,-1,-1
535,2080,470.35,332.3,41.27,91.23,0.9666,-1,-1,-1
535,2046,919.89,300.25,54.53,79.36,0.962,-1,-1,-1
535,2118,576.13,310.05,29.18,81.51,0.9532,-1,-1,-1
535,2057,1165.72,316.57,44.41,86.71,0.9409,-1,-1,-1
535,2070,844.46,309.47,36.8,79.32,0.9137,-1,-1,-1
535,2139,483.52,274.9,41.28,70.4,0.7633,-1,-1,-1
536,2115,935.8,608.16,57.05,147.46,0.9767,-1,-1,-1
536,2137,647.61,443.53,49.06,111.31,0.9742,-1,-1,-1
536,2079,428.59,390.34,59.98,100.12,0.9735,-1,-1,-1
536,2102,513.33,726.87,63.76,156.67,0.9732,-1,-1,-1
536,2091,801.02,441.5,64.4,105.77,0.9731,-1,-1,-1
536,2052,983.66,449.67,68.11,105.25,0.9726,-1,-1,-1
536,2122,1593.97,562.91,58.79,140.81,0.9723,-1,-1,-1
536,2077,595.89,395.15,41.43,104.08,0.972,-1,-1,-1
536,2125,1126.14,323.76,49.81,85.32,0.9695,-1,-1,-1
536,2130,1692.09,395.9,67.07,105.14,0.9692,-1,-1,-1
536,2068,1147.21,390.55,66.05,93.46,0.9692,-1,-1,-1
536,2046,921.02,302.68,51.27,77.83,0.9658,-1,-1,-1
536,2070,839.52,303.53,40.47,85.82,0.9656,-1,-1,-1
536,2118,570.89,309.46,30.36,84.88,0.9559,-1,-1,-1
536,2080,470.65,329.05,34.49,95.94,0.9516,-1,-1,-1
536,2057,1169.94,317.56,40.08,85.83,0.9421,-1,-1,-1
536,2139,477.25,275.32,43.82,70.76,0.9044,-1,-1,-1
537,2091,801.08,441.19,69.05,105.31,0.9768,-1,-1,-1
537,2115,933.11,608.38,58.78,146.53,0.9763,-1,-1,-1
537,2137,645.29,443.06,46.29,111.4,0.9754,-1,-1,-1
537,2122,1592.4,562.3,56.05,140.81,0.9739,-1,-1,-1
537,2102,514.95,727.91,57.3,154.62,0.9734,-1,-1,-1
537,2077,598.52,394.43,40.6,103.74,0.9718,-1,-1,-1
537,2052,988.51,450.14,62.79,105.51,0.9704,-1,-1,-1
537,2125,1128.83,322.92,44.84,86.91,0.9701,-1,-1,-1
537,2068,1144.8,388.44,68.25,95.28,0.9697,-1,-1,-1
537,2130,1693.2,395.07,64.38,106.12,0.9693,-1,-1,-1
537,2079,429.42,391.46,54.96,99.76,0.9671,-1,-1,-1
537,2070,837.06,304.03,43.92,84.14,0.9659,-1,-1,-1
537,2046,925.59,302.8,44.02,78.24,0.9641,-1,-1,-1
537,2118,568.12,308.72,30.83,85.91,0.9607,-1,-1,-1
537,2057,1165.86,316.84,44.49,86.88,0.949,-1,-1,-1
537,2080,470.03,331.22,32.35,93.26,0.9268,-1,-1,-1
537,2139,473.76,275.13,45.35,70.97,0.9026,-1,-1,-1
538,2115,926.53,609.42,62.04,144.17,0.9764,-1,-1,-1
538,2077,594.85,393.42,45.23,104.84,0.9748,-1,-1,-1
538,2122,1589.69,561.58,52.43,141.25,0.9745,-1,-1,-1
538,2137,640.53,443.24,44.73,112.39,0.9736,-1,-1,-1
538,2068,1141.67,387.58,69.06,95.27,0.9725,-1,-1,-1
538,2052,997.69,451.99,50.79,103.94,0.9723,-1,-1,-1
538,2130,1695.28,392.76,59.57,107.7,0.9707,-1,-1,-1
538,2091,801.37,441.63,79.19,105.38,0.9694,-1,-1,-1
538,2070,832.52,304.6,43.55,83.93,0.9657,-1,-1,-1
538,2102,519.68,725.93,45.47,157.54,0.9657,-1,-1,-1
538,2118,560.85,309.99,32.66,85.31,0.9585,-1,-1,-1
538,2057,1165.31,314.08,43.6,85.79,0.958,-1,-1,-1
538,2125,1135.14,321.84,36.84,87.75,0.955,-1,-1,-1
538,2079,434.41,396.08,47.91,93.83,0.9533,-1,-1,-1
538,2046,928.85,304.64,33.14,77.12,0.9415,-1,-1,-1
538,2080,461.0,332.41,32.74,92.78,0.9098,-1,-1,-1
538,2139,466.8,274.86,46.71,70.27,0.6016,-1,-1,-1
539,2115,918.26,608.83,66.06,145.14,0.9802,-1,-1,-1
539,2122,1584.33,560.45,51.21,142.85,0.9752,-1,-1,-1
539,2077,589.16,391.66,51.88,106.74,0.9745,-1,-1,-1
539,2068,1139.54,388.76,66.85,93.1,0.9743,-1,-1,-1
539,2130,1697.7,390.75,52.41,108.12,0.9718,-1,-1,-1
539,2052,1007.28,454.19,46.27,101.3,0.9713,-1,-1,-1
539,2091,804.49,442.77,76.03,106.09,0.9713,-1,-1,-1
539,2070,827.26,304.85,45.73,83.37,0.9691,-1,-1,-1
539,2057,1160.7,315.4,46.32,89.7,0.9655,-1,-1,-1
539,2102,521.49,724.7,41.06,160.72,0.9636,-1,-1,-1
539,2118,552.91,310.64,35.44,86.04,0.9518,-1,-1,-1
539,2079,440.46,398.39,42.68,92.16,0.9517,-1,-1,-1
539,2125,1138.64,321.54,28.82,86.09,0.9474,-1,-1,-1
539,2080,454.78,332.25,32.51,91.83,0.9014,-1,-1,-1
539,2137,637.02,444.16,42.03,111.6,0.8406,-1,-1,-1
539,2046,929.98,305.72,30.35,75.11,0.7685,-1,-1,-1
539,2139,462.4,275.08,42.82,70.3,0.5419,-1,-1,-1
540,2115,915.12,609.23,67.59,145.75,0.9806,-1,-1,-1
540,2130,1698.34,389.56,49.52,108.82,0.9759,-1,-1,-1
540,2068,1139.51,390.26,64.15,92.18,0.9748,-1,-1,-1
540,2077,586.49,391.24,54.28,107.85,0.9738,-1,-1,-1
540,2122,1581.92,560.2,49.63,143.5,0.9712,-1,-1,-1
540,2070,824.96,304.6,46.38,84.55,0.9696,-1,-1,-1
540,2091,809.6,442.6,65.49,106.14,0.968,-1,-1,-1
540,2057,1160.13,313.27,44.61,88.48,0.9678,-1,-1,-1
540,2052,1012.72,454.69,41.76,100.13,0.9644,-1,-1,-1
540,2118,549.84,311.11,35.22,85.73,0.9638,-1,-1,-1
540,2102,519.51,725.32,42.3,160.04,0.9633,-1,-1,-1
540,2079,445.39,399.21,38.94,89.68,0.9523,-1,-1,-1
540,2125,1137.68,320.86,28.87,87.75,0.9468,-1,-1,-1
540,2080,452.72,328.23,32.51,95.7,0.9042,-1,-1,-1
540,2046,929.39,305.88,31.98,75.58,0.8981,-1,-1,-1
541,2115,908.18,609.46,70.96,145.95,0.9772,-1,-1,-1
541,2068,1138.9,389.35,59.25,96.88,0.9766,-1,-1,-1
541,2122,1574.77,558.93,50.43,143.71,0.9757,-1,-1,-1
541,2130,1697.53,388.69,44.7,110.44,0.9747,-1,-1,-1
541,2052,1009.35,452.9,50.47,101.78,0.9726,-1,-1,-1
541,2102,513.85,726.76,46.16,158.01,0.9721,-1,-1,-1
541,2077,583.75,390.59,57.17,108.06,0.9705,-1,-1,-1
541,2057,1155.26,311.45,45.13,90.99,0.9698,-1,-1,-1
541,2091,816.77,444.34,55.43,104.34,0.9681,-1,-1,-1
541,2070,822.06,303.06,45.21,87.25,0.9631,-1,-1,-1
541,2118,544.32,312.6,35.43,85.58,0.9601,-1,-1,-1
541,2079,444.51,394.68,38.59,94.7,0.9583,-1,-1,-1
541,2125,1135.15,321.14,29.23,88.32,0.9511,-1,-1,-1
541,2080,446.96,329.32,31.12,87.16,0.9301,-1,-1,-1
541,2046,926.33,303.73,32.77,73.58,0.5482,-1,-1,-1
542,2122,1566.23,559.82,54.36,141.35,0.9762,-1,-1,-1
542,2077,579.48,391.5,59.89,103.4,0.9755,-1,-1,-1
542,2115,900.57,609.99,75.15,144.12,0.9744,-1,-1,-1
542,2130,1694.04,388.97,43.1,109.9,0.9734,-1,-1,-1
542,2068,1142.77,389.61,51.71,97.17,0.9715,-1,-1,-1
542,2102,505.41,727.66,53.51,157.4,0.9715,-1,-1,-1
542,2052,1004.03,452.49,60.68,100.91,0.9712,-1,-1,-1
542,2079,436.66,392.21,46.81,97.88,0.9688,-1,-1,-1
542,2057,1155.7,312.39,40.93,90.07,0.9593,-1,-1,-1
542,2091,833.99,443.72,41.38,104.91,0.9593,-1,-1,-1
542,2070,820.07,306.76,46.95,83.88,0.9579,-1,-1,-1
542,2125,1128.83,322.95,38.16,87.42,0.9486,-1,-1,-1
542,2080,438.34,329.15,35.24,90.84,0.9349,-1,-1,-1
542,2118,542.1,315.42,33.19,82.89,0.9235,-1,-1,-1
542,2046,918.06,305.8,32.27,72.21,0.9148,-1,-1,-1
543,2130,1691.24,389.3,43.79,109.78,0.9766,-1,-1,-1
543,2077,577.86,391.92,60.7,101.35,0.9758,-1,-1,-1
543,2122,1562.38,559.38,55.84,141.92,0.9757,-1,-1,-1
543,2068,1145.54,386.65,49.74,99.74,0.9752,-1,-1,-1
543,2102,500.39,727.1,63.16,159.45,0.9743,-1,-1,-1
543,2079,433.76,390.98,50.42,99.22,0.9743,-1,-1,-1
543,2052,1002.65,452.04,62.11,102.15,0.9725,-1,-1,-1
543,2115,897.6,610.39,76.66,143.63,0.9719,-1,-1,-1
543,2091,834.38,442.79,42.34,105.79,0.9705,-1,-1,-1
543,2057,1154.58,311.73,39.49,89.04,0.9507,-1,-1,-1
543,2118,537.58,314.17,35.61,84.03,0.9457,-1,-1,-1
543,2125,1124.68,322.82,42.29,88.03,0.9438,-1,-1,-1
543,2080,434.3,331.04,34.82,88.92,0.9407,-1,-1,-1
543,2070,818.55,309.02,42.26,81.79,0.9251,-1,-1,-1
543,2046,915.2,306.8,34.53,71.69,0.8952,-1,-1,-1
543,2137,631.02,442.5,30.98,112.91,0.8086,-1,-1,-1
544,2079,429.75,390.32,57.54,99.42,0.9772,-1,-1,-1
544,2091,829.43,439.83,49.95,107.97,0.9753,-1,-1,-1
544,2130,1684.77,389.94,43.47,109.5,0.9745,-1,-1,-1
544,2068,1142.9,387.14,53.1,99.57,0.9743,-1,-1,-1
544,2077,577.86,393.43,60.66,98.25,0.9731,-1,-1,-1
544,2125,1114.82,324.02,54.66,85.86,0.973,-1,-1,-1
544,2052,1000.07,451.24,65.09,103.05,0.9701,-1,-1,-1
544,2122,1553.93,560.5,58.76,139.41,0.9689,-1,-1,-1
544,2115,897.87,611.23,72.83,141.08,0.9688,-1,-1,-1
544,2102,491.07,727.35,76.35,158.36,0.9592,-1,-1,-1
544,2118,531.77,313.52,35.26,85.25,0.9562,-1,-1,-1
544,2046,908.78,303.34,43.7,77.36,0.955,-1,-1,-1
544,2080,426.91,329.45,39.89,95.98,0.9534,-1,-1,-1
544,2057,1153.86,314.11,36.3,79.4,0.9318,-1,-1,-1
544,2070,819.97,312.38,36.55,76.37,0.9279,-1,-1,-1
544,2139,447.91,271.47,30.7,73.59,0.4809,-1,-1,-1
544,2137,625.11,440.93,33.14,115.03,0.4483,-1,-1,-1
545,2122,1543.28,559.24,62.35,140.43,0.9766,-1,-1,-1
545,2130,1678.53,392.36,44.17,107.33,0.9759,-1,-1,-1
545,2115,896.27,609.76,69.4,140.0,0.9752,-1,-1,-1
545,2052,998.0,451.13,71.71,105.51,0.974,-1,-1,-1
545,2102,482.36,727.12,83.53,159.35,0.974,-1,-1,-1
545,2091,823.92,436.85,57.48,110.95,0.9738,-1,-1,-1
545,2068,1134.29,387.09,60.1,98.65,0.9719,-1,-1,-1
545,2079,423.96,389.44,63.69,99.03,0.9704,-1,-1,-1
545,2077,577.4,394.47,60.36,95.86,0.9689,-1,-1,-1
545,2125,1105.03,323.24,59.28,87.18,0.9657,-1,-1,-1
545,2118,524.98,311.76,36.52,87.13,0.9626,-1,-1,-1
545,2046,903.29,303.24,46.83,78.96,0.9609,-1,-1,-1
545,2057,1149.99,313.7,37.03,80.03,0.9441,-1,-1,-1
545,2070,819.67,310.31,37.27,79.13,0.9405,-1,-1,-1
545,2080,418.85,333.62,38.28,91.23,0.9356,-1,-1,-1
545,2137,616.67,441.78,37.24,112.3,0.9192,-1,-1,-1
545,2139,440.34,271.21,32.4,74.82,0.8504,-1,-1,-1
546,2115,896.81,611.68,66.55,137.27,0.9788,-1,-1,-1
546,2130,1673.71,395.02,47.1,105.1,0.9769,-1,-1,-1
546,2122,1537.96,559.51,64.22,140.21,0.9768,-1,-1,-1
546,2068,1130.18,386.99,64.79,98.8,0.9745,-1,-1,-1
546,2091,822.9,436.08,59.32,110.31,0.9745,-1,-1,-1
546,2102,478.73,726.67,83.96,159.87,0.9736,-1,-1,-1
546,2052,997.7,451.61,72.6,106.39,0.9734,-1,-1,-1
546,2079,423.64,388.81,63.77,99.79,0.9721,-1,-1,-1
546,2077,579.8,394.45,57.47,99.99,0.9671,-1,-1,-1
546,2070,816.31,305.44,40.62,83.86,0.9651,-1,-1,-1
546,2046,900.23,304.4,46.66,78.28,0.9619,-1,-1,-1
546,2125,1100.3,322.0,61.17,87.2,0.9618,-1,-1,-1
546,2118,521.65,312.02,36.68,86.64,0.953,-1,-1,-1
546,2080,414.4,333.75,41.98,91.22,0.9529,-1,-1,-1
546,2057,1147.55,314.22,38.29,81.26,0.9473,-1,-1,-1
546,2139,436.84,271.31,32.87,76.26,0.8638,-1,-1,-1
546,2137,612.58,442.12,39.93,113.37,0.8566,-1,-1,-1
547,2115,897.22,613.05,62.2,134.55,0.9794,-1,-1,-1
547,2091,819.23,434.7,66.87,110.47,0.9794,-1,-1,-1
547,2079,420.57,389.94,60.12,101.09,0.9742,-1,-1,-1
547,2068,1124.32,386.93,66.91,98.58,0.9729,-1,-1,-1
547,2122,1529.57,559.13,66.94,140.35,0.9709,-1,-1,-1
547,2130,1662.57,396.73,56.43,103.58,0.9708,-1,-1,-1
547,2052,998.4,453.25,65.98,105.47,0.9694,-1,-1,-1
547,2125,1095.5,322.71,57.49,87.58,0.9674,-1,-1,-1
547,2102,467.81,725.95,87.92,159.66,0.9658,-1,-1,-1
547,2137,603.46,442.99,46.16,112.74,0.9656,-1,-1,-1
547,2070,808.41,304.65,41.09,85.33,0.9623,-1,-1,-1
547,2118,514.13,311.05,37.27,90.96,0.9587,-1,-1,-1
547,2077,584.92,395.58,48.68,100.87,0.9586,-1,-1,-1
547,2080,406.09,334.97,44.62,90.18,0.9584,-1,-1,-1
547,2046,897.86,303.66,40.22,77.5,0.9498,-1,-1,-1
547,2057,1141.63,316.81,42.14,81.24,0.9497,-1,-1,-1
547,2139,429.01,272.29,33.21,76.45,0.4542,-1,-1,-1
548,2091,818.6,433.98,73.31,113.13,0.9812,-1,-1,-1
548,2115,892.05,611.06,66.88,133.55,0.9774,-1,-1,-1
548,2122,1520.17,559.77,70.25,139.08,0.9756,-1,-1,-1
548,2130,1651.99,397.52,64.82,103.63,0.9756,-1,-1,-1
548,2068,1119.87,389.83,69.43,95.95,0.9741,-1,-1,-1
548,2137,592.44,445.4,56.35,110.67,0.9718,-1,-1,-1
548,2079,421.4,391.48,53.35,100.31,0.971,-1,-1,-1
548,2052,1004.35,454.66,57.98,103.61,0.9709,-1,-1,-1
548,2125,1095.28,322.37,56.06,87.26,0.9705,-1,-1,-1
548,2070,801.77,302.08,41.16,87.27,0.9647,-1,-1,-1
548,2102,458.88,726.44,88.31,159.97,0.9622,-1,-1,-1
548,2077,588.53,394.87,41.35,101.68,0.9608,-1,-1,-1
548,2057,1135.88,320.25,46.99,79.38,0.9603,-1,-1,-1
548,2118,507.14,311.45,36.16,92.16,0.9556,-1,-1,-1
548,2080,397.95,341.18,43.39,84.77,0.9535,-1,-1,-1
548,2046,891.78,306.22,36.14,69.3,0.8253,-1,-1,-1
548,2139,421.47,273.56,34.35,72.87,0.7915,-1,-1,-1
549,2091,818.21,434.63,73.23,113.51,0.9816,-1,-1,-1
549,2122,1517.01,559.95,70.56,138.53,0.9762,-1,-1,-1
549,2115,887.95,610.88,70.63,134.84,0.9755,-1,-1,-1
549,2102,459.28,726.37,81.27,161.24,0.9746,-1,-1,-1
549,2068,1118.82,389.7,69.75,95.68,0.974,-1,-1,-1
549,2137,587.77,445.65,58.82,110.55,0.974,-1,-1,-1
549,2052,1007.89,455.05,54.82,102.23,0.9723,-1,-1,-1
549,2077,584.18,392.32,44.05,103.06,0.9722,-1,-1,-1
549,2079,422.95,392.61,51.85,99.1,0.9695,-1,-1,-1
549,2125,1095.1,322.62,52.06,86.86,0.9695,-1,-1,-1
549,2130,1646.07,397.37,69.96,102.52,0.9683,-1,-1,-1
549,2070,798.79,303.13,43.15,85.9,0.9663,-1,-1,-1
549,2080,393.06,340.93,46.12,84.94,0.964,-1,-1,-1
549,2057,1133.74,321.78,46.15,79.25,0.9585,-1,-1,-1
549,2118,503.41,312.59,36.14,90.57,0.9535,-1,-1,-1
549,2139,417.54,274.56,34.47,73.69,0.8397,-1,-1,-1
549,2046,889.68,305.84,37.27,72.81,0.8382,-1,-1,-1
550,2102,457.02,725.17,74.06,161.58,0.9782,-1,-1,-1
550,2130,1636.79,395.54,72.56,104.7,0.9764,-1,-1,-1
550,2125,1094.76,322.65,47.7,86.76,0.9743,-1,-1,-1
550,2115,876.73,609.49,80.97,135.6,0.9742,-1,-1,-1
550,2122,1509.59,559.93,71.98,135.85,0.9722,-1,-1,-1
550,2068,1120.37,391.5,63.82,95.13,0.9704,-1,-1,-1
550,2091,824.05,437.05,59.63,112.3,0.9699,-1,-1,-1
550,2079,428.41,393.23,44.72,96.36,0.9687,-1,-1,-1
550,2137,579.41,447.69,61.53,109.2,0.9646,-1,-1,-1
550,2052,1019.25,454.32,42.84,102.38,0.9629,-1,-1,-1
550,2070,794.17,302.46,47.23,88.22,0.9627,-1,-1,-1
550,2080,384.66,338.66,47.33,88.21,0.9624,-1,-1,-1
550,2057,1131.71,322.47,39.76,79.48,0.9562,-1,-1,-1
550,2118,497.42,312.11,34.19,91.83,0.9547,-1,-1,-1
550,2077,575.72,390.25,50.25,105.49,0.9421,-1,-1,-1
550,2046,890.5,308.46,34.3,72.83,0.8419,-1,-1,-1
550,2139,409.37,276.33,35.82,70.62,0.6077,-1,-1,-1
551,2115,869.79,607.63,86.76,135.86,0.9769,-1,-1,-1
551,2102,454.87,724.92,68.17,162.07,0.9748,-1,-1,-1
551,2122,1504.15,561.47,73.78,131.08,0.9747,-1,-1,-1
551,2052,1014.77,453.2,52.32,104.25,0.9743,-1,-1,-1
551,2091,833.05,439.62,50.49,108.58,0.9742,-1,-1,-1
551,2077,570.12,388.5,53.55,106.24,0.9734,-1,-1,-1
551,2130,1628.5,394.8,73.06,104.69,0.9729,-1,-1,-1
551,2125,1091.95,324.24,45.57,83.53,0.9724,-1,-1,-1
551,2137,570.13,448.64,62.62,108.72,0.9715,-1,-1,-1
551,2068,1121.16,393.56,61.01,92.96,0.9685,-1,-1,-1
551,2079,430.6,391.82,39.67,97.24,0.968,-1,-1,-1
551,2070,788.79,303.91,49.7,86.57,0.9667,-1,-1,-1
551,2080,375.02,339.19,48.04,87.89,0.9646,-1,-1,-1
551,2057,1127.81,324.33,36.39,76.72,0.9538,-1,-1,-1
551,2046,886.69,308.11,38.65,72.65,0.9524,-1,-1,-1
551,2118,490.79,313.82,34.39,93.94,0.9515,-1,-1,-1
551,2139,400.22,276.0,38.42,70.84,0.6868,-1,-1,-1
552,2079,426.39,390.6,44.43,99.0,0.9783,-1,-1,-1
552,2115,865.1,606.5,90.92,138.86,0.9781,-1,-1,-1
552,2052,1011.83,452.53,55.43,104.36,0.9768,-1,-1,-1
552,2077,566.96,388.06,54.65,106.07,0.9753,-1,-1,-1
552,2130,1624.63,394.76,74.71,103.91,0.9743,-1,-1,-1
552,2102,454.99,724.6,66.67,161.71,0.9738,-1,-1,-1
552,2137,566.09,448.92,62.67,108.77,0.9736,-1,-1,-1
552,2122,1500.4,561.09,74.6,131.05,0.9721,-1,-1,-1
552,2125,1091.23,324.0,44.66,81.71,0.9705,-1,-1,-1
552,2070,787.47,305.17,46.33,84.51,0.967,-1,-1,-1
552,2080,370.07,340.21,47.9,87.33,0.9648,-1,-1,-1
552,2091,840.06,439.9,44.96,107.93,0.964,-1,-1,-1
552,2068,1123.75,394.17,56.96,92.26,0.9634,-1,-1,-1
552,2057,1122.89,324.58,39.06,79.28,0.9481,-1,-1,-1
552,2046,881.57,306.28,36.22,74.78,0.9423,-1,-1,-1
552,2118,487.57,314.8,32.73,93.18,0.9375,-1,-1,-1
552,2139,395.93,276.45,40.09,70.19,0.9111,-1,-1,-1
553,2115,862.4,604.05,90.65,138.23,0.9792,-1,-1,-1
553,2137,559.6,449.15,63.66,109.21,0.9768,-1,-1,-1
553,2122,1496.63,560.49,73.9,129.97,0.9761,-1,-1,-1
553,2102,456.43,724.34,63.63,160.64,0.9742,-1,-1,-1
553,2052,1006.63,450.41,59.61,105.91,0.9734,-1,-1,-1
553,2130,1622.83,392.85,72.42,105.57,0.9728,-1,-1,-1
553,2079,418.76,389.01,48.82,100.71,0.9727,-1,-1,-1
553,2125,1088.21,324.97,41.44,79.47,0.9722,-1,-1,-1
553,2068,1134.56,394.18,47.97,92.98,0.9708,-1,-1,-1
553,2091,842.84,439.28,44.79,107.83,0.9654,-1,-1,-1
553,2080,363.57,339.59,44.75,88.64,0.9598,-1,-1,-1
553,2077,563.94,388.24,59.72,104.75,0.9498,-1,-1,-1
553,2118,480.19,316.26,32.15,91.64,0.9497,-1,-1,-1
553,2057,1119.49,325.08,33.74,75.13,0.9331,-1,-1,-1
553,2070,786.86,306.2,37.64,82.45,0.93,-1,-1,-1
553,2139,387.35,276.8,41.63,70.79,0.9269,-1,-1,-1
553,2046,878.99,316.83,28.08,66.9,0.8392,-1,-1,-1
554,2115,861.63,603.42,87.51,136.5,0.9804,-1,-1,-1
554,2068,1127.92,393.81,55.93,92.83,0.9788,-1,-1,-1
554,2052,1001.6,450.33,64.77,102.92,0.9769,-1,-1,-1
554,2122,1495.66,559.23,69.75,130.86,0.9759,-1,-1,-1
554,2079,413.22,387.61,52.01,101.38,0.9755,-1,-1,-1
554,2102,452.22,723.38,65.91,162.8,0.9719,-1,-1,-1
554,2091,835.53,438.61,54.31,109.37,0.9663,-1,-1,-1
554,2080,358.29,340.15,39.26,88.08,0.9647,-1,-1,-1
554,2077,583.18,388.82,41.5,106.0,0.9628,-1,-1,-1
554,2130,1622.72,390.58,69.49,107.4,0.962,-1,-1,-1
554,2137,554.73,447.26,62.46,110.56,0.9595,-1,-1,-1
554,2118,473.97,317.05,30.44,91.2,0.9511,-1,-1,-1
554,2046,867.39,306.11,35.08,78.72,0.948,-1,-1,-1
554,2125,1084.59,326.27,38.66,76.08,0.9473,-1,-1,-1
554,2070,788.18,314.8,29.98,74.21,0.9406,-1,-1,-1
554,2057,1107.57,325.64,37.95,76.25,0.9396,-1,-1,-1
554,2139,379.94,276.89,42.18,70.03,0.8857,-1,-1,-1
555,2115,861.39,603.51,87.06,135.95,0.9793,-1,-1,-1
555,2091,833.33,438.2,57.42,109.21,0.9753,-1,-1,-1
555,2079,408.09,387.32,58.86,102.56,0.9747,-1,-1,-1
555,2122,1494.21,559.43,68.81,130.05,0.9744,-1,-1,-1
555,2052,1000.55,450.2,65.14,104.74,0.973,-1,-1,-1
555,2068,1124.07,393.52,58.06,92.39,0.9699,-1,-1,-1
555,2102,448.29,723.33,68.12,162.44,0.9693,-1,-1,-1
555,2046,861.87,304.54,38.73,81.13,0.9642,-1,-1,-1
555,2137,554.32,446.95,56.93,111.04,0.9595,-1,-1,-1
555,2118,471.06,317.81,29.9,89.75,0.9569,-1,-1,-1
555,2125,1082.93,328.47,38.25,73.58,0.9556,-1,-1,-1
555,2057,1105.98,326.76,37.71,75.3,0.9509,-1,-1,-1
555,2077,583.07,389.89,38.17,106.17,0.9489,-1,-1,-1
555,2080,355.38,340.28,36.02,88.11,0.9453,-1,-1,-1
555,2070,789.64,313.28,28.76,75.85,0.9316,-1,-1,-1
555,2130,1623.84,389.25,65.1,108.67,0.9174,-1,-1,-1
555,2139,378.62,276.95,39.47,70.01,0.7591,-1,-1,-1
556,2068,1116.52,390.99,64.39,94.88,0.9772,-1,-1,-1
556,2079,406.14,388.19,64.34,101.46,0.9771,-1,-1,-1
556,2091,827.73,438.14,64.37,108.75,0.9767,-1,-1,-1
556,2122,1485.55,557.7,71.35,131.4,0.9732,-1,-1,-1
556,2102,441.07,721.15,71.96,162.41,0.9731,-1,-1,-1
556,2115,865.36,603.52,80.99,134.49,0.9725,-1,-1,-1
556,2052,997.81,450.62,69.46,107.73,0.9705,-1,-1,-1
556,2130,1626.46,388.78,55.4,107.53,0.9669,-1,-1,-1
556,2046,858.85,305.86,36.39,80.16,0.9623,-1,-1,-1
556,2080,351.13,340.33,32.57,87.8,0.961,-1,-1,-1
556,2125,1076.95,330.49,44.58,70.19,0.9571,-1,-1,-1
556,2070,784.57,312.85,32.56,76.97,0.9536,-1,-1,-1
556,2118,466.31,318.83,29.71,87.33,0.9516,-1,-1,-1
556,2077,582.84,391.88,32.62,104.55,0.9247,-1,-1,-1
556,2057,1101.93,331.15,31.8,70.18,0.8561,-1,-1,-1
556,2139,377.55,278.8,34.66,67.04,0.6842,-1,-1,-1
556,2137,554.57,446.55,47.34,111.25,0.5879,-1,-1,-1
557,2068,1112.79,388.1,67.68,97.23,0.9778,-1,-1,-1
557,2122,1475.35,555.12,74.28,132.34,0.9761,-1,-1,-1
557,2130,1623.21,387.24,51.25,108.36,0.9759,-1,-1,-1
557,2102,432.68,721.02,76.18,163.13,0.9755,-1,-1,-1
557,2115,870.66,602.38,74.67,133.48,0.9748,-1,-1,-1
557,2079,403.52,389.42,63.32,101.35,0.9745,-1,-1,-1
557,2052,1000.66,451.96,62.45,108.78,0.9658,-1,-1,-1
557,2118,459.19,316.93,31.6,93.29,0.9626,-1,-1,-1
557,2046,853.0,306.67,35.78,81.56,0.957,-1,-1,-1
557,2070,775.81,312.82,36.69,76.06,0.9521,-1,-1,-1
557,2091,826.0,439.81,76.84,108.5,0.9498,-1,-1,-1
557,2077,582.8,392.26,29.02,101.98,0.9344,-1,-1,-1
557,2125,1070.5,333.59,46.97,68.5,0.9306,-1,-1,-1
557,2080,346.1,340.26,27.87,88.82,0.9225,-1,-1,-1
557,2137,554.97,448.36,38.69,109.52,0.8931,-1,-1,-1
557,2057,1096.09,332.36,34.75,68.2,0.8237,-1,-1,-1
558,2122,1471.38,554.41,74.33,132.98,0.9772,-1,-1,-1
558,2068,1109.95,387.61,69.32,96.07,0.9766,-1,-1,-1
558,2130,1621.52,386.44,49.99,109.9,0.9753,-1,-1,-1
558,2102,429.4,721.12,76.1,163.6,0.9743,-1,-1,-1
558,2115,876.67,600.34,67.74,136.12,0.9741,-1,-1,-1
558,2052,1006.42,452.9,53.9,107.56,0.9699,-1,-1,-1
558,2091,826.82,440.26,76.86,108.73,0.9689,-1,-1,-1
558,2079,404.33,390.2,57.14,101.5,0.9685,-1,-1,-1
558,2118,454.92,317.57,32.31,91.84,0.9601,-1,-1,-1
558,2080,342.83,339.98,28.03,88.73,0.9586,-1,-1,-1
558,2070,772.24,311.12,38.11,78.36,0.9562,-1,-1,-1
558,2046,850.95,307.91,33.95,80.74,0.9547,-1,-1,-1
558,2125,1068.02,336.39,45.92,65.44,0.9432,-1,-1,-1
558,2077,580.36,393.01,30.5,100.29,0.9305,-1,-1,-1
558,2137,555.64,447.35,37.97,110.23,0.8285,-1,-1,-1
558,2057,1090.55,333.73,38.06,66.4,0.7862,-1,-1,-1
558,2139,372.79,279.66,32.01,67.99,0.3721,-1,-1,-1
559,2068,1108.07,387.49,73.54,98.22,0.9784,-1,-1,-1
559,2122,1464.68,553.29,76.56,132.91,0.9783,-1,-1,-1
559,2115,874.84,597.75,68.46,139.0,0.9776,-1,-1,-1
559,2130,1619.02,386.39,46.67,108.97,0.9748,-1,-1,-1
559,2102,425.77,720.68,73.39,163.42,0.9748,-1,-1,-1
559,2070,765.12,306.78,45.19,83.33,0.9735,-1,-1,-1
559,2052,1014.71,454.96,43.39,103.91,0.9699,-1,-1,-1
559,2091,828.35,442.24,73.91,108.67,0.9681,-1,-1,-1
559,2118,445.32,318.31,36.02,91.15,0.965,-1,-1,-1
559,2079,406.5,393.39,50.32,98.0,0.9636,-1,-1,-1
559,2080,335.5,339.18,30.08,89.52,0.9552,-1,-1,-1
559,2046,847.26,308.92,30.57,79.52,0.9464,-1,-1,-1
559,2137,555.78,445.76,33.42,111.6,0.9437,-1,-1,-1
559,2125,1061.05,335.4,55.54,66.79,0.9303,-1,-1,-1
559,2077,579.42,390.88,30.59,96.13,0.9255,-1,-1,-1
559,2139,368.11,280.51,32.17,65.95,0.3667,-1,-1,-1
560,2068,1109.07,387.61,71.8,99.64,0.9781,-1,-1,-1
560,2115,870.8,594.12,71.92,141.81,0.9775,-1,-1,-1
560,2130,1616.65,387.82,45.45,109.96,0.9771,-1,-1,-1
560,2102,424.47,720.3,70.35,163.13,0.9737,-1,-1,-1
560,2122,1460.67,554.07,74.97,132.27,0.9734,-1,-1,-1
560,2052,1023.75,454.76,39.11,103.78,0.9696,-1,-1,-1
560,2070,758.82,308.86,52.99,82.96,0.9692,-1,-1,-1
560,2118,440.22,319.75,39.78,91.46,0.9686,-1,-1,-1
560,2091,838.15,443.57,56.54,106.52,0.9642,-1,-1,-1
560,2137,549.76,447.06,39.43,111.7,0.9618,-1,-1,-1
560,2079,413.64,393.26,42.71,98.34,0.9612,-1,-1,-1
560,2080,329.66,339.09,31.41,90.41,0.9611,-1,-1,-1
560,2046,844.71,308.71,28.33,79.88,0.9444,-1,-1,-1
560,2077,578.89,390.59,32.58,95.34,0.9288,-1,-1,-1
560,2125,1062.84,335.24,48.12,66.6,0.8692,-1,-1,-1
560,2139,362.95,279.16,33.58,67.48,0.3366,-1,-1,-1
561,2130,1616.11,388.3,44.11,109.9,0.9777,-1,-1,-1
561,2115,869.45,592.85,74.07,142.24,0.9772,-1,-1,-1
561,2068,1112.04,388.63,67.05,100.33,0.9754,-1,-1,-1
561,2102,425.15,720.67,68.59,162.06,0.9749,-1,-1,-1
561,2122,1459.46,554.88,74.44,131.21,0.9739,-1,-1,-1
561,2118,438.81,320.27,39.67,91.8,0.9727,-1,-1,-1
561,2091,841.98,444.54,51.12,105.03,0.9703,-1,-1,-1
561,2052,1022.62,454.26,43.12,104.26,0.9695,-1,-1,-1
561,2070,755.8,310.48,56.45,82.66,0.9676,-1,-1,-1
561,2080,326.84,337.86,32.34,92.0,0.9628,-1,-1,-1
561,2077,579.38,389.22,33.29,105.24,0.9574,-1,-1,-1
561,2079,419.09,392.9,37.19,98.46,0.9542,-1,-1,-1
561,2046,843.49,308.96,27.63,79.37,0.9481,-1,-1,-1
561,2137,546.88,447.58,39.07,111.64,0.9386,-1,-1,-1
561,2125,1058.92,337.7,27.96,61.71,0.9097,-1,-1,-1
561,2057,1076.65,333.97,37.71,67.47,0.8975,-1,-1,-1
561,2139,360.05,279.09,37.55,67.21,0.2813,-1,-1,-1
562,2130,1613.25,391.81,44.69,108.38,0.9765,-1,-1,-1
562,2122,1461.18,557.75,70.98,127.91,0.9744,-1,-1,-1
562,2102,426.22,721.32,63.46,158.97,0.9738,-1,-1,-1
562,2052,1019.02,453.73,53.86,105.49,0.9732,-1,-1,-1
562,2115,871.27,591.5,75.42,139.87,0.9718,-1,-1,-1
562,2080,321.21,340.55,36.9,91.88,0.9714,-1,-1,-1
562,2068,1120.64,391.96,57.0,97.76,0.9712,-1,-1,-1
562,2070,755.45,310.06,53.62,84.58,0.9658,-1,-1,-1
562,2077,577.16,390.89,37.5,105.28,0.9648,-1,-1,-1
562,2137,542.52,451.36,44.0,108.94,0.9603,-1,-1,-1
562,2118,439.92,323.42,36.77,92.49,0.9578,-1,-1,-1
562,2046,842.2,309.13,27.56,79.96,0.9551,-1,-1,-1
562,2139,355.42,277.93,41.33,71.38,0.9502,-1,-1,-1
562,2079,425.47,398.22,34.15,94.73,0.9422,-1,-1,-1
562,2091,862.39,444.2,36.16,105.46,0.9394,-1,-1,-1
562,2057,1073.76,333.48,38.2,68.08,0.8998,-1,-1,-1
562,2125,1055.61,336.32,31.96,64.3,0.8776,-1,-1,-1
563,2137,538.68,452.56,51.02,108.48,0.9762,-1,-1,-1
563,2052,1019.36,453.16,58.23,106.59,0.9757,-1,-1,-1
563,2130,1611.71,394.95,48.97,106.56,0.9749,-1,-1,-1
563,2122,1467.17,559.61,64.32,125.58,0.9745,-1,-1,-1
563,2080,319.27,341.59,38.64,92.77,0.9721,-1,-1,-1
563,2070,758.63,312.08,48.3,83.39,0.972,-1,-1,-1
563,2102,429.68,721.69,57.61,151.86,0.9716,-1,-1,-1
563,2115,874.22,590.78,78.46,137.59,0.9703,-1,-1,-1
563,2091,866.37,443.09,38.08,106.34,0.967,-1,-1,-1
563,2079,424.07,400.28,39.83,91.47,0.9666,-1,-1,-1
563,2077,580.21,389.14,43.82,106.92,0.9647,-1,-1,-1
563,2139,352.93,277.21,44.42,73.82,0.9597,-1,-1,-1
563,2046,841.31,309.67,27.78,81.05,0.9559,-1,-1,-1
563,2118,440.4,324.52,37.18,91.78,0.9518,-1,-1,-1
563,2068,1147.74,393.87,32.64,94.78,0.9342,-1,-1,-1
563,2125,1053.11,333.29,32.84,67.21,0.9253,-1,-1,-1
563,2057,1067.48,333.1,45.95,69.95,0.9023,-1,-1,-1
564,2052,1021.15,453.22,59.89,106.56,0.9775,-1,-1,-1
564,2137,537.48,453.52,53.39,107.52,0.9758,-1,-1,-1
564,2070,760.17,313.41,46.45,83.14,0.9744,-1,-1,-1
564,2122,1470.9,560.4,60.64,123.75,0.9737,-1,-1,-1
564,2130,1612.03,398.78,54.42,104.12,0.9736,-1,-1,-1
564,2115,876.01,591.69,77.61,135.06,0.9734,-1,-1,-1
564,2080,318.55,341.71,39.41,93.93,0.9722,-1,-1,-1
564,2102,431.79,721.77,55.11,149.78,0.972,-1,-1,-1
564,2077,579.59,389.72,49.0,106.24,0.9711,-1,-1,-1
564,2091,865.33,441.37,43.18,108.5,0.9708,-1,-1,-1
564,2079,423.75,401.41,42.81,91.1,0.967,-1,-1,-1
564,2118,440.95,324.55,37.94,90.92,0.9629,-1,-1,-1
564,2139,352.82,277.47,45.41,73.33,0.9617,-1,-1,-1
564,2046,841.11,308.35,28.63,83.47,0.9581,-1,-1,-1
564,2068,1149.02,394.04,33.95,94.54,0.9443,-1,-1,-1
564,2125,1051.29,331.39,34.04,69.84,0.9407,-1,-1,-1
564,2057,1070.29,327.71,43.7,72.77,0.9179,-1,-1,-1
565,2122,1481.84,560.78,50.19,122.92,0.9762,-1,-1,-1
565,2091,864.97,440.09,50.89,108.91,0.9743,-1,-1,-1
565,2137,536.65,453.89,58.68,108.76,0.9735,-1,-1,-1
565,2115,884.41,591.04,73.54,136.14,0.973,-1,-1,-1
565,2052,1024.27,453.43,69.11,108.08,0.9727,-1,-1,-1
565,2102,434.63,721.71,52.52,148.59,0.9719,-1,-1,-1
565,2080,318.36,341.55,41.01,95.0,0.9718,-1,-1,-1
565,2079,424.99,399.22,53.66,93.4,0.9716,-1,-1,-1
565,2130,1615.74,400.27,58.46,102.64,0.9702,-1,-1,-1
565,2068,1150.11,391.3,40.68,96.7,0.9667,-1,-1,-1
565,2077,581.47,390.69,54.04,106.64,0.9664,-1,-1,-1
565,2139,354.12,278.29,45.71,72.39,0.9662,-1,-1,-1
565,2070,765.96,315.1,41.65,81.57,0.9656,-1,-1,-1
565,2118,443.6,326.16,36.81,87.1,0.9631,-1,-1,-1
565,2046,840.15,308.07,30.53,85.74,0.9627,-1,-1,-1
565,2057,1074.22,324.18,41.07,73.46,0.9583,-1,-1,-1
565,2125,1049.19,330.52,32.69,69.16,0.945,-1,-1,-1
566,2052,1029.68,454.25,72.62,109.94,0.9756,-1,-1,-1
566,2115,895.21,591.4,67.91,134.72,0.9752,-1,-1,-1
566,2122,1485.26,560.59,50.29,122.29,0.9744,-1,-1,-1
566,2091,867.01,438.59,59.4,111.82,0.9743,-1,-1,-1
566,2068,1149.08,390.31,49.46,98.61,0.9742,-1,-1,-1
566,2137,538.31,455.2,57.02,107.09,0.9738,-1,-1,-1
566,2130,1614.58,400.94,67.2,101.81,0.9733,-1,-1,-1
566,2102,439.52,721.64,51.24,147.74,0.9733,-1,-1,-1
566,2080,320.78,341.78,43.44,94.92,0.9731,-1,-1,-1
566,2079,427.12,394.37,62.23,96.31,0.9666,-1,-1,-1
566,2046,839.46,308.15,32.26,86.61,0.9619,-1,-1,-1
566,2139,356.53,278.73,45.36,73.95,0.9585,-1,-1,-1
566,2118,447.67,326.75,34.83,80.3,0.9583,-1,-1,-1
566,2070,773.39,312.11,38.44,84.68,0.957,-1,-1,-1
566,2077,587.08,393.49,49.69,104.42,0.9559,-1,-1,-1
566,2125,1047.72,325.8,33.36,74.46,0.9537,-1,-1,-1
566,2057,1070.26,321.76,47.55,75.79,0.9456,-1,-1,-1
567,2052,1034.36,454.91,70.38,109.99,0.9771,-1,-1,-1
567,2130,1613.57,400.98,72.91,102.12,0.9748,-1,-1,-1
567,2091,869.08,438.31,65.97,112.54,0.9742,-1,-1,-1
567,2080,322.92,342.57,44.09,94.04,0.9722,-1,-1,-1
567,2102,441.87,720.1,50.14,149.68,0.9722,-1,-1,-1
567,2068,1150.44,389.36,51.35,100.12,0.9708,-1,-1,-1
567,2122,1484.69,560.51,53.48,122.97,0.9703,-1,-1,-1
567,2139,357.48,281.06,46.58,72.72,0.9692,-1,-1,-1
567,2137,540.96,456.5,56.31,106.07,0.9691,-1,-1,-1
567,2079,428.92,396.0,64.95,95.11,0.9688,-1,-1,-1
567,2077,591.32,394.26,45.4,103.21,0.9622,-1,-1,-1
567,2046,840.46,309.74,32.35,85.8,0.9571,-1,-1,-1
567,2115,904.22,591.91,64.43,135.08,0.9568,-1,-1,-1
567,2125,1046.87,324.49,34.19,75.91,0.9551,-1,-1,-1
567,2057,1070.75,323.0,47.67,76.22,0.9512,-1,-1,-1
567,2070,776.99,310.82,37.03,86.67,0.9478,-1,-1,-1
567,2118,449.19,326.7,35.56,77.65,0.9466,-1,-1,-1
568,2130,1613.57,399.78,75.29,103.51,0.9769,-1,-1,-1
568,2068,1154.45,388.63,60.13,101.05,0.9745,-1,-1,-1
568,2115,924.73,590.85,54.18,132.53,0.9745,-1,-1,-1
568,2122,1484.28,559.74,62.81,125.7,0.9719,-1,-1,-1
568,2091,874.2,438.79,74.91,113.19,0.9715,-1,-1,-1
568,2102,445.74,716.92,49.87,153.3,0.9703,-1,-1,-1
568,2137,548.37,457.12,67.89,105.2,0.9698,-1,-1,-1
568,2079,437.01,397.21,58.86,96.03,0.9675,-1,-1,-1
568,2052,1048.98,457.68,67.22,108.76,0.9674,-1,-1,-1
568,2080,329.1,342.18,40.98,95.26,0.9659,-1,-1,-1
568,2118,451.1,323.43,37.07,92.29,0.9608,-1,-1,-1
568,2125,1045.66,323.4,37.43,76.43,0.96,-1,-1,-1
568,2139,364.65,282.7,43.32,71.67,0.96,-1,-1,-1
568,2046,843.8,313.12,32.82,84.9,0.9583,-1,-1,-1
568,2070,784.6,309.58,33.01,87.01,0.9546,-1,-1,-1
568,2057,1074.73,324.64,47.81,74.64,0.9499,-1,-1,-1
568,2077,609.04,395.0,32.78,102.45,0.9187,-1,-1,-1
569,2068,1161.38,386.84,67.5,102.61,0.9792,-1,-1,-1
569,2052,1063.38,458.32,67.92,107.16,0.9769,-1,-1,-1
569,2091,884.69,441.47,72.46,112.92,0.9763,-1,-1,-1
569,2115,931.31,587.83,61.73,136.76,0.9741,-1,-1,-1
569,2130,1616.64,400.28,73.62,101.58,0.9736,-1,-1,-1
569,2122,1486.1,558.66,69.22,128.63,0.9723,-1,-1,-1
569,2079,444.81,397.23,55.61,96.26,0.9719,-1,-1,-1
569,2102,448.83,714.29,49.15,154.75,0.9717,-1,-1,-1
569,2080,334.88,340.93,38.21,96.0,0.9656,-1,-1,-1
569,2137,560.38,459.35,50.98,102.42,0.9629,-1,-1,-1
569,2118,455.0,324.39,36.91,92.69,0.9626,-1,-1,-1
569,2057,1089.25,322.78,42.12,76.55,0.962,-1,-1,-1
569,2125,1046.98,322.65,35.63,76.55,0.9557,-1,-1,-1
569,2046,848.07,314.49,33.19,84.24,0.955,-1,-1,-1
569,2077,614.1,394.74,35.26,103.51,0.9517,-1,-1,-1
569,2070,788.01,308.18,33.52,89.24,0.9466,-1,-1,-1
569,2139,371.38,284.69,40.95,68.74,0.8508,-1,-1,-1
570,2115,932.97,587.33,65.92,137.34,0.9749,-1,-1,-1
570,2068,1165.78,387.5,69.66,101.95,0.9728,-1,-1,-1
570,2079,450.67,398.26,54.7,95.96,0.9716,-1,-1,-1
570,2102,449.47,712.1,48.9,157.28,0.9712,-1,-1,-1
570,2130,1622.35,399.24,68.05,101.59,0.97,-1,-1,-1
570,2091,889.35,442.62,67.32,113.3,0.9699,-1,-1,-1
570,2052,1072.67,459.14,64.1,107.09,0.9682,-1,-1,-1
570,2122,1487.25,558.25,73.28,129.81,0.9681,-1,-1,-1
570,2080,336.85,341.05,38.81,95.87,0.968,-1,-1,-1
570,2057,1090.31,322.66,44.09,77.27,0.9664,-1,-1,-1
570,2118,456.61,326.14,37.54,89.13,0.9652,-1,-1,-1
570,2046,849.77,313.9,33.62,84.95,0.9652,-1,-1,-1
570,2137,564.56,458.65,51.27,104.56,0.9605,-1,-1,-1
570,2125,1047.08,322.69,36.05,76.75,0.9593,-1,-1,-1
570,2077,617.28,394.91,36.25,102.69,0.9569,-1,-1,-1
570,2070,788.19,306.72,35.54,90.87,0.9524,-1,-1,-1
570,2139,375.0,285.45,38.72,67.67,0.6429,-1,-1,-1
571,2115,934.2,584.42,71.72,138.56,0.9769,-1,-1,-1
571,2068,1175.1,390.23,63.49,101.09,0.976,-1,-1,-1
571,2102,450.51,710.27,48.67,151.63,0.9752,-1,-1,-1
571,2052,1088.47,458.23,56.22,108.03,0.975,-1,-1,-1
571,2130,1634.5,395.6,59.18,105.67,0.9745,-1,-1,-1
571,2122,1489.65,559.55,81.67,129.24,0.9742,-1,-1,-1
571,2137,566.65,458.25,55.84,104.7,0.9728,-1,-1,-1
571,2077,619.52,392.98,39.53,104.86,0.9717,-1,-1,-1
571,2091,903.8,446.19,54.24,108.64,0.9716,-1,-1,-1
571,2079,461.78,398.75,51.81,94.61,0.9707,-1,-1,-1
571,2080,337.62,339.59,40.46,98.34,0.9699,-1,-1,-1
571,2125,1046.14,324.31,37.18,75.75,0.9693,-1,-1,-1
571,2118,459.46,326.98,37.48,86.5,0.9689,-1,-1,-1
571,2070,790.43,307.88,36.04,90.52,0.9609,-1,-1,-1
571,2057,1092.4,325.51,55.09,73.41,0.9608,-1,-1,-1
571,2046,853.04,314.35,32.52,84.05,0.9568,-1,-1,-1
572,2052,1089.73,456.29,61.29,110.54,0.9801,-1,-1,-1
572,2115,937.79,582.97,75.14,140.23,0.9771,-1,-1,-1
572,2122,1493.18,560.34,82.76,129.32,0.9764,-1,-1,-1
572,2137,565.22,456.02,63.48,106.39,0.9755,-1,-1,-1
572,2102,451.36,707.55,47.1,148.38,0.9747,-1,-1,-1
572,2077,619.54,392.01,44.37,103.28,0.9737,-1,-1,-1
572,2079,475.45,397.25,45.58,95.97,0.9733,-1,-1,-1
572,2130,1648.26,391.42,50.13,108.45,0.9732,-1,-1,-1
572,2068,1189.32,391.48,49.45,99.59,0.9717,-1,-1,-1
572,2080,338.16,339.6,40.6,98.73,0.9692,-1,-1,-1
572,2125,1042.32,328.01,41.07,70.85,0.969,-1,-1,-1
572,2070,792.23,308.16,37.6,90.77,0.9663,-1,-1,-1
572,2091,924.37,446.24,40.94,108.3,0.965,-1,-1,-1
572,2057,1093.67,323.72,54.95,75.8,0.9644,-1,-1,-1
572,2046,854.3,313.93,32.05,83.74,0.954,-1,-1,-1
572,2118,463.29,328.2,34.64,87.63,0.9057,-1,-1,-1
573,2052,1091.27,455.09,61.37,111.68,0.9802,-1,-1,-1
573,2115,939.33,583.69,78.85,137.78,0.9759,-1,-1,-1
573,2102,451.35,707.17,47.4,145.3,0.9758,-1,-1,-1
573,2077,620.52,390.55,46.33,105.22,0.9758,-1,-1,-1
573,2122,1495.51,560.78,79.93,129.01,0.9752,-1,-1,-1
573,2137,565.58,455.2,64.2,107.8,0.9745,-1,-1,-1
573,2079,479.11,396.58,44.34,95.77,0.9722,-1,-1,-1
573,2080,338.23,339.2,39.54,98.89,0.9701,-1,-1,-1
573,2068,1196.12,392.41,48.1,98.12,0.9698,-1,-1,-1
573,2091,930.15,445.31,39.99,109.14,0.9697,-1,-1,-1
573,2057,1094.63,323.69,58.15,75.6,0.9692,-1,-1,-1
573,2070,793.3,308.97,38.07,89.94,0.9679,-1,-1,-1
573,2125,1040.59,330.77,41.85,67.27,0.9649,-1,-1,-1
573,2046,854.36,313.66,33.18,84.43,0.9565,-1,-1,-1
573,2118,464.7,328.91,33.46,88.46,0.9531,-1,-1,-1
573,2130,1656.72,390.12,44.54,109.16,0.9508,-1,-1,-1
574,2102,449.68,705.1,48.38,143.69,0.9757,-1,-1,-1
574,2052,1092.86,453.89,65.22,110.09,0.9752,-1,-1,-1
574,2130,1663.78,387.77,42.41,109.61,0.9752,-1,-1,-1
574,2091,934.77,444.48,41.41,107.57,0.9745,-1,-1,-1
574,2115,943.87,583.68,81.03,135.62,0.9745,-1,-1,-1
574,2137,565.92,453.65,67.68,108.8,0.9734,-1,-1,-1
574,2122,1502.42,562.55,75.35,127.04,0.9731,-1,-1,-1
574,2080,337.39,340.02,40.29,98.27,0.9713,-1,-1,-1
574,2079,478.46,394.68,47.25,96.9,0.9704,-1,-1,-1
574,2077,624.95,388.44,49.01,106.14,0.9702,-1,-1,-1
574,2125,1037.71,331.48,44.62,65.94,0.9655,-1,-1,-1
574,2057,1097.16,326.01,55.91,73.22,0.9644,-1,-1,-1
574,2068,1215.97,391.47,38.27,97.94,0.9598,-1,-1,-1
574,2046,854.44,312.68,33.35,86.25,0.9538,-1,-1,-1
574,2070,796.25,312.24,35.33,87.26,0.9535,-1,-1,-1
574,2118,466.83,329.91,30.48,87.77,0.9452,-1,-1,-1
575,2091,934.72,441.95,48.25,110.83,0.9756,-1,-1,-1
575,2068,1213.6,390.1,49.3,98.36,0.9753,-1,-1,-1
575,2102,446.81,702.18,49.56,145.38,0.9751,-1,-1,-1
575,2052,1094.44,453.19,68.88,108.51,0.9748,-1,-1,-1
575,2130,1666.05,386.47,44.22,108.29,0.9747,-1,-1,-1
575,2079,477.22,392.73,50.78,99.75,0.9731,-1,-1,-1
575,2137,566.58,451.9,67.94,110.82,0.9719,-1,-1,-1
575,2115,948.27,584.57,79.02,134.88,0.9719,-1,-1,-1
575,2077,626.75,388.18,53.93,106.74,0.9707,-1,-1,-1
575,2122,1509.51,562.3,74.59,127.44,0.9696,-1,-1,-1
575,2080,336.86,341.72,38.87,97.17,0.9692,-1,-1,-1
575,2125,1033.71,331.44,45.69,65.14,0.9661,-1,-1,-1
575,2057,1097.93,324.49,55.48,73.45,0.963,-1,-1,-1
575,2046,853.5,312.22,33.86,87.77,0.9547,-1,-1,-1
575,2118,467.3,330.91,30.1,92.9,0.9546,-1,-1,-1
575,2070,800.72,314.33,30.95,84.36,0.9429,-1,-1,-1
576,2068,1212.87,388.12,52.92,99.94,0.9768,-1,-1,-1
576,2052,1096.47,453.41,68.92,108.68,0.976,-1,-1,-1
576,2091,935.42,441.1,49.66,112.76,0.9753,-1,-1,-1
576,2102,442.76,701.09,51.55,146.18,0.9751,-1,-1,-1
576,2130,1666.38,385.95,44.48,108.77,0.9738,-1,-1,-1
576,2079,477.04,392.2,51.35,99.71,0.9738,-1,-1,-1
576,2115,953.5,585.28,77.37,133.83,0.9727,-1,-1,-1
576,2122,1513.56,562.56,70.5,126.55,0.972,-1,-1,-1
576,2077,628.33,388.4,53.39,107.05,0.9687,-1,-1,-1
576,2125,1031.16,330.87,46.4,65.69,0.9685,-1,-1,-1
576,2137,565.98,451.57,73.54,110.56,0.9683,-1,-1,-1
576,2080,336.71,342.17,36.86,97.63,0.9623,-1,-1,-1
576,2046,851.79,312.06,35.29,88.21,0.9576,-1,-1,-1
576,2057,1101.29,323.82,54.85,74.38,0.9576,-1,-1,-1
576,2118,467.07,331.09,30.11,93.23,0.9536,-1,-1,-1
576,2070,802.01,316.62,29.63,82.41,0.9398,-1,-1,-1
577,2068,1210.82,385.64,56.8,103.07,0.9776,-1,-1,-1
577,2052,1100.75,454.23,68.45,111.26,0.977,-1,-1,-1
577,2091,932.31,442.31,63.65,111.45,0.9754,-1,-1,-1
577,2079,473.3,391.22,58.94,100.35,0.9735,-1,-1,-1
577,2130,1666.75,385.85,45.77,109.01,0.9734,-1,-1,-1
577,2115,961.79,583.48,73.09,135.3,0.9732,-1,-1,-1
577,2102,435.21,697.9,52.92,147.4,0.9725,-1,-1,-1
577,2122,1521.91,562.54,62.9,124.71,0.97,-1,-1,-1
577,2077,632.65,389.98,45.72,105.68,0.9663,-1,-1,-1
577,2046,847.56,311.93,37.62,88.94,0.9654,-1,-1,-1
577,2125,1026.49,329.96,50.19,66.14,0.9644,-1,-1,-1
577,2137,565.21,452.25,79.77,108.63,0.9634,-1,-1,-1
577,2080,335.7,344.23,34.49,95.2,0.9575,-1,-1,-1
577,2118,466.08,331.83,29.9,90.61,0.9465,-1,-1,-1
577,2070,803.35,316.65,27.65,81.51,0.941,-1,-1,-1
577,2057,1108.76,321.44,48.89,77.54,0.9353,-1,-1,-1
578,2091,932.72,442.5,69.49,112.83,0.9801,-1,-1,-1
578,2052,1105.59,456.31,64.41,110.39,0.9772,-1,-1,-1
578,2068,1209.16,384.23,59.75,101.72,0.9761,-1,-1,-1
578,2079,472.64,391.9,58.16,99.77,0.976,-1,-1,-1
578,2102,425.81,693.08,56.16,152.03,0.9751,-1,-1,-1
578,2130,1665.56,385.67,46.72,109.47,0.9739,-1,-1,-1
578,2122,1525.94,561.38,61.71,125.26,0.9719,-1,-1,-1
578,2115,973.67,582.97,64.24,134.85,0.9695,-1,-1,-1
578,2137,564.62,454.38,73.91,106.2,0.9681,-1,-1,-1
578,2118,462.17,332.63,30.28,89.54,0.9624,-1,-1,-1
578,2046,845.01,314.24,36.86,87.8,0.9581,-1,-1,-1
578,2125,1022.88,328.99,47.37,67.33,0.9573,-1,-1,-1
578,2080,331.72,347.31,32.6,92.15,0.95,-1,-1,-1
578,2070,798.7,317.8,31.05,80.14,0.9448,-1,-1,-1
578,2077,638.15,390.5,36.93,104.62,0.9115,-1,-1,-1
578,2057,1115.16,322.66,37.49,74.38,0.8969,-1,-1,-1
579,2091,933.2,442.89,69.51,113.47,0.9799,-1,-1,-1
579,2068,1207.78,384.27,63.78,101.1,0.9793,-1,-1,-1
579,2079,472.21,392.51,57.06,100.23,0.976,-1,-1,-1
579,2102,420.25,690.43,58.2,155.13,0.9757,-1,-1,-1
579,2052,1108.95,457.07,61.46,109.75,0.9756,-1,-1,-1
579,2122,1521.17,559.82,65.9,127.22,0.9748,-1,-1,-1
579,2130,1663.9,386.29,48.44,110.3,0.9743,-1,-1,-1
579,2115,978.8,581.0,60.49,135.85,0.9683,-1,-1,-1
579,2046,842.58,314.5,37.07,88.26,0.9617,-1,-1,-1
579,2125,1019.09,329.89,45.73,66.59,0.9574,-1,-1,-1
579,2118,459.39,331.25,31.6,91.95,0.957,-1,-1,-1
579,2080,329.94,348.09,33.08,91.51,0.9569,-1,-1,-1
579,2070,795.23,315.21,33.35,83.03,0.9531,-1,-1,-1
579,2137,565.09,455.01,71.61,105.85,0.9516,-1,-1,-1
579,2077,638.87,391.02,35.85,103.42,0.9433,-1,-1,-1
579,2057,1114.65,327.37,35.97,68.51,0.9352,-1,-1,-1
580,2068,1205.68,384.31,68.45,101.39,0.9807,-1,-1,-1
580,2091,933.45,445.49,63.9,112.89,0.9765,-1,-1,-1
580,2122,1514.32,557.73,68.81,130.98,0.9764,-1,-1,-1
580,2102,410.57,687.88,60.87,155.15,0.9744,-1,-1,-1
580,2052,1117.74,460.93,50.22,105.71,0.9742,-1,-1,-1
580,2115,975.01,578.56,63.51,138.59,0.9741,-1,-1,-1
580,2130,1659.43,388.34,53.4,108.66,0.9713,-1,-1,-1
580,2079,471.44,395.26,51.29,97.42,0.9707,-1,-1,-1
580,2070,787.58,314.0,38.5,84.21,0.9679,-1,-1,-1
580,2118,449.94,332.43,36.62,92.47,0.9625,-1,-1,-1
580,2077,637.34,391.34,35.12,102.13,0.9618,-1,-1,-1
580,2046,838.48,316.93,34.22,87.04,0.9607,-1,-1,-1
580,2057,1107.97,326.15,46.39,67.17,0.9593,-1,-1,-1
580,2080,323.52,347.64,30.66,92.14,0.9583,-1,-1,-1
580,2125,1016.05,326.69,42.74,68.46,0.9529,-1,-1,-1
580,2137,570.42,455.51,57.07,104.37,0.9286,-1,-1,-1
581,2122,1507.1,555.65,71.72,132.17,0.9799,-1,-1,-1
581,2115,967.23,575.11,69.85,141.95,0.9789,-1,-1,-1
581,2068,1205.34,384.64,64.19,101.8,0.9758,-1,-1,-1
581,2070,777.95,313.15,44.69,85.26,0.9751,-1,-1,-1
581,2091,936.68,446.66,51.27,111.26,0.9746,-1,-1,-1
581,2118,439.49,330.25,42.96,94.24,0.9737,-1,-1,-1
581,2102,400.52,685.67,59.98,156.44,0.9719,-1,-1,-1
581,2130,1654.01,390.75,62.08,106.59,0.9702,-1,-1,-1
581,2052,1123.2,461.19,41.56,106.09,0.9692,-1,-1,-1
581,2079,473.95,396.94,45.26,94.56,0.9667,-1,-1,-1
581,2077,631.13,391.36,39.72,102.01,0.9662,-1,-1,-1
581,2080,312.72,346.42,34.51,94.02,0.9624,-1,-1,-1
581,2057,1100.46,326.74,52.01,69.33,0.9618,-1,-1,-1
581,2137,575.51,454.1,48.77,104.91,0.9477,-1,-1,-1
581,2046,834.45,317.8,30.33,84.94,0.9444,-1,-1,-1
581,2125,1009.5,317.92,44.04,78.55,0.9225,-1,-1,-1
581,2139,376.04,283.35,32.68,71.08,0.2964,-1,-1,-1
582,2115,964.41,574.96,71.62,141.88,0.9787,-1,-1,-1
582,2102,395.9,685.21,58.99,150.74,0.9768,-1,-1,-1
582,2122,1503.57,555.56,72.54,132.41,0.975,-1,-1,-1
582,2118,434.84,328.4,44.52,96.74,0.974,-1,-1,-1
582,2130,1648.92,391.05,68.66,106.85,0.9739,-1,-1,-1
582,2091,938.62,446.59,46.05,110.49,0.9737,-1,-1,-1
582,2137,574.86,452.76,46.32,106.32,0.9737,-1,-1,-1
582,2070,774.86,312.72,46.6,85.93,0.9731,-1,-1,-1
582,2052,1118.98,460.71,43.56,106.82,0.9731,-1,-1,-1
582,2068,1207.04,385.43,57.88,100.9,0.97,-1,-1,-1
582,2080,307.37,346.38,36.56,93.17,0.9684,-1,-1,-1
582,2057,1098.44,326.07,54.58,68.87,0.9658,-1,-1,-1
582,2077,624.82,390.85,45.16,102.71,0.9648,-1,-1,-1
582,2079,475.46,396.41,40.95,95.38,0.9639,-1,-1,-1
582,2046,831.67,317.7,29.45,85.46,0.9473,-1,-1,-1
582,2125,1006.34,320.0,41.28,77.82,0.9058,-1,-1,-1
582,2139,372.88,283.46,31.58,71.79,0.6433,-1,-1,-1
583,2122,1495.88,555.02,76.51,133.54,0.9773,-1,-1,-1
583,2052,1109.18,459.47,54.9,107.41,0.9756,-1,-1,-1
583,2115,958.95,574.3,74.74,141.03,0.9749,-1,-1,-1
583,2118,425.32,331.47,44.45,96.83,0.9746,-1,-1,-1
583,2077,614.77,389.5,49.75,102.73,0.9746,-1,-1,-1
583,2102,385.4,686.13,57.88,148.17,0.9723,-1,-1,-1
583,2080,295.5,345.91,39.94,93.67,0.9706,-1,-1,-1
583,2070,766.28,314.88,46.76,85.17,0.9702,-1,-1,-1
583,2057,1091.84,324.5,59.81,71.94,0.9697,-1,-1,-1
583,2079,476.59,396.52,38.13,95.01,0.9693,-1,-1,-1
583,2068,1210.36,386.05,47.69,99.25,0.9692,-1,-1,-1
583,2130,1645.67,394.61,71.47,100.47,0.9526,-1,-1,-1
583,2046,824.02,318.32,29.04,84.55,0.9503,-1,-1,-1
583,2091,942.72,446.26,35.77,108.87,0.9484,-1,-1,-1
583,2125,995.31,307.45,47.45,95.36,0.932,-1,-1,-1
583,2137,564.1,450.88,53.16,108.13,0.8954,-1,-1,-1
583,2139,364.77,285.28,32.01,67.55,0.4561,-1,-1,-1
584,2130,1636.62,392.5,75.33,102.23,0.9785,-1,-1,-1
584,2052,1101.74,457.95,62.47,109.04,0.9764,-1,-1,-1
584,2122,1489.21,556.08,74.65,134.61,0.9764,-1,-1,-1
584,2080,282.29,344.42,43.71,96.17,0.9756,-1,-1,-1
584,2137,553.81,448.0,59.31,111.57,0.9753,-1,-1,-1
584,2102,373.68,685.88,54.91,145.78,0.9746,-1,-1,-1
584,2077,606.52,387.62,53.42,104.86,0.9743,-1,-1,-1
584,2115,953.91,573.89,78.35,137.62,0.973,-1,-1,-1
584,2079,464.66,395.61,46.69,95.76,0.9721,-1,-1,-1
584,2118,416.36,342.24,40.91,87.29,0.9687,-1,-1,-1
584,2057,1089.43,326.37,57.84,72.11,0.9658,-1,-1,-1
584,2070,759.72,316.82,41.4,84.26,0.9644,-1,-1,-1
584,2091,940.77,444.28,35.75,110.47,0.9626,-1,-1,-1
584,2068,1216.65,386.04,33.94,98.36,0.9565,-1,-1,-1
584,2046,812.84,317.58,32.55,85.34,0.9497,-1,-1,-1
584,2125,983.77,320.09,49.82,74.83,0.9455,-1,-1,-1
585,2115,951.99,574.58,77.39,135.68,0.9788,-1,-1,-1
585,2052,1097.96,456.97,67.62,110.08,0.9749,-1,-1,-1
585,2102,367.91,686.27,54.15,144.62,0.9743,-1,-1,-1
585,2077,602.32,387.54,58.14,104.36,0.9739,-1,-1,-1
585,2122,1486.71,556.26,72.45,134.74,0.9737,-1,-1,-1
585,2137,549.07,447.36,60.54,111.78,0.9728,-1,-1,-1
585,2080,274.79,345.27,47.9,95.6,0.9727,-1,-1,-1
585,2130,1629.99,391.82,78.79,102.86,0.9724,-1,-1,-1
585,2079,458.23,395.23,50.23,95.93,0.9719,-1,-1,-1
585,2091,933.57,443.03,41.51,112.88,0.9716,-1,-1,-1
585,2070,755.78,316.75,39.67,83.45,0.9688,-1,-1,-1
585,2125,977.46,320.42,51.24,74.61,0.9602,-1,-1,-1
585,2046,806.67,316.53,33.7,87.2,0.9597,-1,-1,-1
585,2068,1217.17,383.45,31.38,98.58,0.9588,-1,-1,-1
585,2057,1088.92,326.61,51.07,71.67,0.9541,-1,-1,-1
585,2118,413.83,338.06,38.76,91.59,0.9382,-1,-1,-1
586,2052,1089.28,457.06,79.36,109.3,0.977,-1,-1,-1
586,2077,597.35,387.36,58.46,103.84,0.9762,-1,-1,-1
586,2079,445.94,393.22,54.34,99.04,0.9747,-1,-1,-1
586,2122,1483.58,558.17,67.02,131.85,0.9744,-1,-1,-1
586,2137,538.47,446.06,67.35,114.28,0.9743,-1,-1,-1
586,2091,921.35,441.22,48.38,114.29,0.9742,-1,-1,-1
586,2115,947.86,576.1,74.59,133.92,0.9738,-1,-1,-1
586,2080,262.09,346.33,48.71,95.51,0.9718,-1,-1,-1
586,2130,1616.46,391.14,78.68,101.68,0.9711,-1,-1,-1
586,2102,357.48,688.65,53.38,142.63,0.9676,-1,-1,-1
586,2068,1205.39,381.92,39.76,101.08,0.9665,-1,-1,-1
586,2046,792.24,315.8,37.54,88.91,0.9657,-1,-1,-1
586,2125,964.9,315.96,55.66,77.64,0.9629,-1,-1,-1
586,2057,1089.0,328.23,43.86,70.66,0.9537,-1,-1,-1
586,2118,406.07,337.07,37.27,93.25,0.9526,-1,-1,-1
586,2070,750.13,316.78,34.69,82.2,0.9431,-1,-1,-1
587,2052,1084.8,457.76,80.76,109.32,0.9793,-1,-1,-1
587,2068,1194.21,380.81,47.35,100.99,0.9765,-1,-1,-1
587,2079,434.98,392.54,60.82,99.33,0.9755,-1,-1,-1
587,2102,342.29,690.71,55.88,140.54,0.9748,-1,-1,-1
587,2130,1613.56,389.56,65.62,101.89,0.9746,-1,-1,-1
587,2115,948.54,576.66,69.8,132.8,0.9742,-1,-1,-1
587,2091,910.6,440.88,55.96,117.08,0.9735,-1,-1,-1
587,2077,588.45,388.12,55.86,103.34,0.9734,-1,-1,-1
587,2137,529.17,445.72,71.89,113.08,0.9734,-1,-1,-1
587,2080,250.39,347.32,49.77,94.89,0.9715,-1,-1,-1
587,2122,1483.61,559.33,57.25,128.52,0.9695,-1,-1,-1
587,2046,780.22,316.02,39.41,90.86,0.9667,-1,-1,-1
587,2125,955.43,318.74,53.6,76.55,0.9612,-1,-1,-1
587,2118,397.21,337.7,34.9,91.77,0.95,-1,-1,-1
587,2070,739.77,314.89,33.31,83.86,0.9497,-1,-1,-1
587,2057,1088.91,327.26,37.35,71.42,0.9224,-1,-1,-1
588,2052,1082.53,458.65,77.41,108.82,0.9794,-1,-1,-1
588,2079,430.61,392.04,63.13,100.28,0.9766,-1,-1,-1
588,2068,1188.86,380.67,51.69,100.82,0.9726,-1,-1,-1
588,2102,335.72,691.59,55.66,140.18,0.9725,-1,-1,-1
588,2091,904.6,440.77,62.01,117.18,0.9724,-1,-1,-1
588,2130,1611.38,388.55,63.12,102.79,0.9721,-1,-1,-1
588,2077,587.09,388.39,51.91,103.58,0.972,-1,-1,-1
588,2115,951.04,576.78,65.77,132.09,0.9718,-1,-1,-1
588,2137,524.24,446.05,76.22,112.71,0.971,-1,-1,-1
588,2080,245.7,347.7,48.62,94.59,0.9701,-1,-1,-1
588,2046,773.95,315.94,41.37,91.65,0.9676,-1,-1,-1
588,2122,1483.91,561.3,54.64,126.63,0.9672,-1,-1,-1
588,2070,733.92,314.88,33.47,84.35,0.952,-1,-1,-1
588,2125,950.73,319.09,50.34,78.83,0.9461,-1,-1,-1
588,2118,392.62,335.33,34.17,94.19,0.9378,-1,-1,-1
588,2057,1087.73,331.2,32.09,67.8,0.9113,-1,-1,-1
589,2052,1081.77,461.35,70.88,106.22,0.9764,-1,-1,-1
589,2079,423.11,393.4,59.19,98.56,0.9745,-1,-1,-1
589,2102,318.89,690.58,59.74,140.0,0.9744,-1,-1,-1
589,2091,896.01,441.64,66.11,118.08,0.9733,-1,-1,-1
589,2115,955.22,575.48,58.67,130.6,0.9731,-1,-1,-1
589,2068,1179.4,380.73,64.64,99.52,0.9725,-1,-1,-1
589,2130,1607.18,385.76,58.24,104.91,0.9723,-1,-1,-1
589,2122,1477.98,560.98,56.55,128.51,0.9716,-1,-1,-1
589,2137,516.07,448.32,76.41,113.04,0.97,-1,-1,-1
589,2077,583.43,389.46,47.04,102.67,0.9606,-1,-1,-1
589,2046,764.93,318.87,37.87,89.94,0.9577,-1,-1,-1
589,2080,236.86,349.07,49.66,93.42,0.9557,-1,-1,-1
589,2070,721.66,313.43,34.94,88.76,0.952,-1,-1,-1
589,2118,380.24,334.93,35.3,93.52,0.9424,-1,-1,-1
589,2125,945.02,317.09,53.82,81.85,0.9286,-1,-1,-1
589,2057,1077.28,329.16,35.94,67.7,0.9271,-1,-1,-1
590,2068,1170.13,381.9,73.72,97.46,0.9797,-1,-1,-1
590,2052,1083.13,460.68,67.92,106.39,0.9767,-1,-1,-1
590,2115,948.35,572.93,62.38,134.07,0.9745,-1,-1,-1
590,2122,1463.55,559.79,66.7,131.32,0.9732,-1,-1,-1
590,2091,889.71,443.82,61.96,116.94,0.9731,-1,-1,-1
590,2079,419.02,395.38,50.98,96.08,0.9716,-1,-1,-1
590,2102,303.54,688.18,62.23,144.6,0.9704,-1,-1,-1
590,2130,1603.15,382.29,55.15,106.82,0.9694,-1,-1,-1
590,2080,227.03,349.79,45.48,92.14,0.9686,-1,-1,-1
590,2057,1064.09,321.62,45.96,74.49,0.9638,-1,-1,-1
590,2070,709.96,314.71,36.65,87.75,0.9588,-1,-1,-1
590,2046,756.24,320.34,37.4,89.42,0.9572,-1,-1,-1
590,2118,367.66,334.95,36.8,95.8,0.9543,-1,-1,-1
590,2077,581.82,390.18,40.47,100.8,0.9523,-1,-1,-1
590,2125,938.37,314.33,54.02,83.25,0.9016,-1,-1,-1
591,2115,941.36,571.93,67.08,134.42,0.9771,-1,-1,-1
591,2130,1601.33,382.12,52.86,106.13,0.9764,-1,-1,-1
591,2068,1167.47,382.36,71.88,97.43,0.9758,-1,-1,-1
591,2052,1084.78,460.05,64.01,106.48,0.9757,-1,-1,-1
591,2102,293.56,686.64,66.5,145.8,0.9746,-1,-1,-1
591,2091,888.39,445.27,56.79,117.52,0.9716,-1,-1,-1
591,2122,1455.96,559.83,71.41,133.51,0.971,-1,-1,-1
591,2080,223.17,349.71,45.78,91.92,0.971,-1,-1,-1
591,2079,417.3,396.72,50.62,95.18,0.9704,-1,-1,-1
591,2070,704.78,314.55,39.59,88.49,0.9702,-1,-1,-1
591,2118,361.53,333.3,37.28,98.43,0.9682,-1,-1,-1
591,2057,1057.7,319.76,51.49,76.78,0.965,-1,-1,-1
591,2077,576.61,390.73,41.88,100.08,0.9615,-1,-1,-1
591,2046,751.82,321.42,37.5,88.62,0.9595,-1,-1,-1
591,2125,932.83,315.27,45.14,81.18,0.9324,-1,-1,-1
591,2137,508.42,452.88,60.01,107.58,0.6969,-1,-1,-1
592,2068,1162.86,383.84,63.81,97.47,0.9758,-1,-1,-1
592,2122,1445.3,558.9,75.25,135.03,0.9753,-1,-1,-1
592,2115,931.36,570.01,73.07,135.36,0.9742,-1,-1,-1
592,2052,1091.04,458.13,52.69,107.83,0.974,-1,-1,-1
592,2077,567.92,389.06,44.31,101.93,0.9738,-1,-1,-1
592,2130,1595.31,380.55,51.66,107.11,0.9731,-1,-1,-1
592,2118,349.48,333.75,38.38,97.73,0.9727,-1,-1,-1
592,2079,416.53,398.22,47.32,93.63,0.9724,-1,-1,-1
592,2091,887.48,446.87,47.56,114.01,0.9719,-1,-1,-1
592,2057,1048.79,317.19,69.01,86.89,0.9717,-1,-1,-1
592,2102,274.72,683.43,66.76,137.94,0.9705,-1,-1,-1
592,2080,211.75,348.54,44.37,93.47,0.9699,-1,-1,-1
592,2070,694.3,314.73,40.56,90.13,0.968,-1,-1,-1
592,2125,921.62,315.68,56.82,81.05,0.9553,-1,-1,-1
592,2046,743.91,322.09,35.46,86.64,0.9353,-1,-1,-1
592,2137,509.11,453.94,55.17,105.67,0.7004,-1,-1,-1
593,2052,1085.16,455.19,52.44,110.61,0.9759,-1,-1,-1
593,2077,556.94,386.84,48.71,102.25,0.9741,-1,-1,-1
593,2079,415.43,398.55,45.05,91.7,0.9733,-1,-1,-1
593,2130,1589.48,377.65,51.54,108.58,0.9731,-1,-1,-1
593,2115,924.04,569.52,77.74,134.74,0.9723,-1,-1,-1
593,2068,1164.58,383.81,50.94,96.14,0.9723,-1,-1,-1
593,2122,1438.43,557.82,77.82,136.15,0.9718,-1,-1,-1
593,2118,339.54,333.74,39.26,98.71,0.9717,-1,-1,-1
593,2091,889.73,447.61,38.2,112.21,0.9701,-1,-1,-1
593,2102,260.18,683.58,62.52,131.69,0.9692,-1,-1,-1
593,2070,685.25,315.47,39.37,90.03,0.9679,-1,-1,-1
593,2057,1043.31,317.37,67.72,85.61,0.9666,-1,-1,-1
593,2080,199.98,346.35,41.08,96.81,0.9665,-1,-1,-1
593,2137,512.04,450.84,44.5,107.35,0.9658,-1,-1,-1
593,2046,735.17,320.56,35.22,87.52,0.9612,-1,-1,-1
593,2125,912.01,321.61,57.13,76.82,0.9463,-1,-1,-1
594,2052,1079.98,454.09,54.96,113.43,0.9764,-1,-1,-1
594,2130,1586.92,377.48,51.21,108.56,0.973,-1,-1,-1
594,2102,252.28,683.39,62.09,133.58,0.9726,-1,-1,-1
594,2077,549.69,385.57,52.17,104.99,0.972,-1,-1,-1
594,2057,1042.76,319.44,64.3,83.33,0.9712,-1,-1,-1
594,2122,1434.62,558.05,80.18,135.73,0.9705,-1,-1,-1
594,2068,1167.31,383.33,46.18,95.6,0.9703,-1,-1,-1
594,2118,334.23,335.58,39.59,99.34,0.9703,-1,-1,-1
594,2115,922.43,567.63,79.42,137.19,0.9696,-1,-1,-1
594,2137,508.65,448.96,44.25,108.95,0.9689,-1,-1,-1
594,2070,681.03,316.47,38.51,87.53,0.9685,-1,-1,-1
594,2091,889.32,447.14,35.95,112.54,0.9658,-1,-1,-1
594,2079,407.06,398.27,52.08,92.19,0.9643,-1,-1,-1
594,2046,730.25,320.17,34.44,88.16,0.9606,-1,-1,-1
594,2080,193.76,346.32,41.58,97.15,0.9598,-1,-1,-1
594,2125,906.34,319.0,59.4,80.94,0.9441,-1,-1,-1
595,2122,1430.77,560.07,76.93,134.58,0.977,-1,-1,-1
595,2052,1070.87,452.64,58.51,110.8,0.9768,-1,-1,-1
595,2137,495.59,446.36,53.71,110.58,0.9739,-1,-1,-1
595,2077,540.35,383.37,53.57,105.85,0.9736,-1,-1,-1
595,2079,393.57,395.22,58.4,95.6,0.9734,-1,-1,-1
595,2130,1582.4,376.91,48.69,108.68,0.9733,-1,-1,-1
595,2115,915.61,568.0,86.84,134.95,0.9721,-1,-1,-1
595,2091,880.41,445.42,40.59,113.72,0.9721,-1,-1,-1
595,2068,1165.77,382.8,42.96,93.67,0.9698,-1,-1,-1
595,2102,226.56,681.4,74.11,134.4,0.9679,-1,-1,-1
595,2080,179.43,345.18,41.18,100.78,0.9671,-1,-1,-1
595,2057,1042.33,322.11,57.86,80.61,0.9669,-1,-1,-1
595,2118,323.53,337.23,36.65,97.55,0.9625,-1,-1,-1
595,2070,671.99,317.53,34.57,88.17,0.9619,-1,-1,-1
595,2046,718.17,319.26,36.82,88.96,0.9582,-1,-1,-1
595,2125,895.68,322.61,59.19,79.52,0.953,-1,-1,-1
596,2052,1062.82,451.01,65.31,113.07,0.9798,-1,-1,-1
596,2130,1577.58,377.23,47.82,108.54,0.9767,-1,-1,-1
596,2091,868.33,443.64,48.78,115.51,0.9764,-1,-1,-1
596,2079,384.01,392.9,61.52,98.85,0.9758,-1,-1,-1
596,2115,913.23,568.99,79.83,137.37,0.975,-1,-1,-1
596,2122,1426.95,560.56,77.19,135.09,0.9747,-1,-1,-1
596,2102,204.02,677.99,81.52,138.56,0.9726,-1,-1,-1
596,2077,534.76,382.72,56.54,104.65,0.9726,-1,-1,-1
596,2068,1157.39,381.75,45.74,93.75,0.9714,-1,-1,-1
596,2080,166.54,345.02,41.4,99.93,0.9709,-1,-1,-1
596,2137,484.59,442.71,59.77,114.53,0.9702,-1,-1,-1
596,2046,706.73,318.18,39.09,92.81,0.9654,-1,-1,-1
596,2057,1043.32,319.64,50.99,84.35,0.9635,-1,-1,-1
596,2070,663.02,318.62,31.23,86.23,0.958,-1,-1,-1
596,2125,888.3,320.63,54.28,80.98,0.9554,-1,-1,-1
596,2118,314.4,340.82,33.33,93.31,0.942,-1,-1,-1
597,2052,1060.36,451.05,70.1,112.52,0.9785,-1,-1,-1
597,2130,1574.36,378.26,49.44,107.12,0.9772,-1,-1,-1
597,2122,1427.02,561.45,76.69,133.44,0.977,-1,-1,-1
597,2079,378.76,392.75,64.45,98.64,0.9759,-1,-1,-1
597,2115,912.92,569.19,78.0,135.92,0.9759,-1,-1,-1
597,2091,864.13,441.94,52.73,117.55,0.9746,-1,-1,-1
597,2077,530.07,382.51,59.53,104.83,0.9742,-1,-1,-1
597,2102,192.2,675.78,88.58,141.42,0.9719,-1,-1,-1
597,2137,479.76,441.84,59.32,114.9,0.9709,-1,-1,-1
597,2080,160.58,345.39,41.23,100.87,0.9694,-1,-1,-1
597,2068,1154.38,381.36,44.53,92.24,0.9674,-1,-1,-1
597,2046,701.15,317.92,39.82,93.08,0.9618,-1,-1,-1
597,2057,1043.28,319.5,46.23,83.78,0.9615,-1,-1,-1
597,2125,887.92,318.07,48.86,83.7,0.957,-1,-1,-1
597,2070,658.49,318.48,30.81,85.21,0.9524,-1,-1,-1
597,2118,309.09,339.91,33.25,94.53,0.9496,-1,-1,-1
598,2079,370.38,390.38,67.29,99.22,0.9798,-1,-1,-1
598,2052,1056.38,450.87,71.31,114.36,0.9761,-1,-1,-1
598,2115,915.26,569.39,72.41,135.22,0.9759,-1,-1,-1
598,2102,184.48,670.65,72.86,137.05,0.9752,-1,-1,-1
598,2068,1145.63,380.44,49.96,93.47,0.9731,-1,-1,-1
598,2137,468.9,439.74,64.27,117.08,0.9729,-1,-1,-1
598,2130,1568.83,381.2,57.36,103.94,0.9728,-1,-1,-1
598,2091,855.45,441.37,62.72,117.78,0.9724,-1,-1,-1
598,2122,1430.48,562.68,73.0,130.9,0.9702,-1,-1,-1
598,2046,689.55,318.0,41.52,94.5,0.9691,-1,-1,-1
598,2125,884.64,320.02,40.71,79.83,0.9667,-1,-1,-1
598,2077,529.64,381.69,49.55,105.97,0.9665,-1,-1,-1
598,2080,149.36,347.48,40.34,100.25,0.9637,-1,-1,-1
598,2070,647.87,315.99,29.96,86.49,0.9527,-1,-1,-1
598,2118,298.33,338.86,33.2,94.47,0.9481,-1,-1,-1
598,2057,1038.78,317.89,35.34,77.74,0.8892,-1,-1,-1
599,2079,365.47,389.43,62.89,99.75,0.9779,-1,-1,-1
599,2115,921.32,567.7,64.17,135.16,0.9757,-1,-1,-1
599,2091,848.06,440.26,63.8,118.92,0.9744,-1,-1,-1
599,2052,1056.42,453.13,62.96,112.49,0.9741,-1,-1,-1
599,2137,457.54,438.48,75.79,116.71,0.9723,-1,-1,-1
599,2122,1433.93,561.17,69.79,131.39,0.9721,-1,-1,-1
599,2130,1563.7,383.47,63.7,101.13,0.9713,-1,-1,-1
599,2068,1138.82,382.1,53.54,92.58,0.9701,-1,-1,-1
599,2125,872.99,317.74,44.07,81.01,0.9669,-1,-1,-1
599,2102,168.79,669.78,67.58,127.99,0.9657,-1,-1,-1
599,2046,681.03,318.55,40.48,94.96,0.9652,-1,-1,-1
599,2118,288.72,338.46,32.51,93.51,0.9559,-1,-1,-1
599,2080,138.3,347.69,36.3,100.11,0.9516,-1,-1,-1
599,2077,528.18,383.06,38.64,103.91,0.9501,-1,-1,-1
599,2070,637.36,314.18,30.17,85.74,0.9488,-1,-1,-1
599,2057,1035.37,316.48,31.66,79.61,0.9357,-1,-1,-1
600,2079,364.42,389.38,58.33,99.55,0.9753,-1,-1,-1
600,2115,924.47,565.61,59.41,135.38,0.9752,-1,-1,-1
600,2052,1058.11,453.88,54.59,110.96,0.9729,-1,-1,-1
600,2122,1428.02,559.62,67.21,132.56,0.9712,-1,-1,-1
600,2091,846.04,439.63,61.36,119.53,0.9708,-1,-1,-1
600,2130,1559.97,383.2,67.82,100.99,0.9707,-1,-1,-1
600,2068,1135.53,383.05,53.76,90.98,0.97,-1,-1,-1
600,2137,453.58,439.0,75.74,116.08,0.9688,-1,-1,-1
600,2046,675.66,319.21,41.24,93.37,0.9608,-1,-1,-1
600,2125,867.44,317.14,50.36,80.72,0.9602,-1,-1,-1
600,2080,133.0,347.88,35.14,98.91,0.9598,-1,-1,-1
600,2102,163.37,668.36,60.21,129.08,0.9559,-1,-1,-1
600,2070,631.23,312.36,31.88,88.75,0.9531,-1,-1,-1
600,2077,525.47,383.15,38.43,103.62,0.9452,-1,-1,-1
600,2118,283.26,338.89,32.34,92.99,0.9409,-1,-1,-1
600,2057,1030.8,315.98,33.51,81.52,0.9254,-1,-1,-1
601,2115,916.69,561.59,62.97,139.33,0.9797,-1,-1,-1
601,2052,1063.68,453.94,46.24,108.96,0.9768,-1,-1,-1
601,2130,1548.08,380.26,78.26,101.79,0.9765,-1,-1,-1
601,2091,845.18,439.75,48.91,118.32,0.9762,-1,-1,-1
601,2079,364.39,389.29,50.89,98.6,0.9742,-1,-1,-1
601,2122,1416.71,556.99,76.1,134.96,0.9738,-1,-1,-1
601,2068,1128.15,383.45,55.56,90.4,0.9723,-1,-1,-1
601,2102,145.41,667.43,59.18,130.79,0.9694,-1,-1,-1
601,2125,856.5,317.05,51.7,79.96,0.9656,-1,-1,-1
601,2046,667.98,319.76,38.01,93.07,0.9632,-1,-1,-1
601,2057,1022.98,315.32,47.22,85.62,0.9622,-1,-1,-1
601,2118,269.7,337.75,36.57,94.4,0.9582,-1,-1,-1
601,2080,121.24,347.23,33.04,98.99,0.9529,-1,-1,-1
601,2070,618.74,312.04,31.76,88.64,0.9519,-1,-1,-1
601,2137,444.74,442.15,74.69,112.58,0.9512,-1,-1,-1
601,2077,520.28,383.68,36.75,102.4,0.9466,-1,-1,-1
602,2122,1408.57,552.54,79.96,138.02,0.9785,-1,-1,-1
602,2115,910.57,558.66,66.45,141.43,0.9785,-1,-1,-1
602,2130,1538.27,379.9,83.88,100.93,0.9742,-1,-1,-1
602,2091,845.91,439.89,44.33,115.3,0.974,-1,-1,-1
602,2102,125.58,663.33,67.17,133.69,0.9726,-1,-1,-1
602,2068,1121.92,383.96,52.53,87.61,0.9713,-1,-1,-1
602,2052,1068.16,450.96,40.22,109.82,0.9704,-1,-1,-1
602,2079,367.93,391.7,40.73,94.04,0.9693,-1,-1,-1
602,2077,513.38,382.51,40.03,100.81,0.969,-1,-1,-1
602,2118,255.8,335.35,43.25,95.92,0.9687,-1,-1,-1
602,2057,1018.39,312.65,45.43,87.24,0.9678,-1,-1,-1
602,2125,847.67,315.5,56.8,80.2,0.9634,-1,-1,-1
602,2080,110.38,345.46,32.36,99.11,0.9575,-1,-1,-1
602,2070,606.53,311.73,31.83,89.47,0.9453,-1,-1,-1
602,2046,659.71,319.25,35.71,89.84,0.935,-1,-1,-1
603,2102,117.16,661.06,70.77,135.07,0.9813,-1,-1,-1
603,2130,1531.79,380.23,84.78,97.27,0.9776,-1,-1,-1
603,2122,1403.38,551.5,83.13,138.23,0.9775,-1,-1,-1
603,2118,248.78,334.6,46.68,95.79,0.9739,-1,-1,-1
603,2052,1065.85,448.96,42.08,110.76,0.9739,-1,-1,-1
603,2115,905.55,556.55,69.95,143.0,0.9726,-1,-1,-1
603,2068,1118.93,384.46,50.79,86.62,0.9724,-1,-1,-1
603,2079,366.77,391.24,37.99,94.45,0.9717,-1,-1,-1
603,2091,846.19,438.91,42.28,114.53,0.9704,-1,-1,-1
603,2077,508.44,380.45,42.68,100.79,0.968,-1,-1,-1
603,2125,843.61,313.03,58.67,84.67,0.967,-1,-1,-1
603,2057,1015.26,313.53,45.56,85.65,0.9642,-1,-1,-1
603,2080,104.61,345.23,32.63,97.14,0.9525,-1,-1,-1
603,2046,657.45,318.4,32.55,91.72,0.9469,-1,-1,-1
603,2070,600.85,310.8,32.62,91.83,0.9467,-1,-1,-1
604,2122,1397.06,549.46,91.22,137.04,0.9814,-1,-1,-1
604,2115,897.31,556.52,79.6,140.72,0.9753,-1,-1,-1
604,2079,352.87,389.28,54.09,95.73,0.975,-1,-1,-1
604,2130,1529.52,377.4,77.52,99.43,0.9747,-1,-1,-1
604,2077,493.97,377.12,53.08,101.84,0.9742,-1,-1,-1
604,2052,1055.9,445.73,51.54,111.43,0.9733,-1,-1,-1
604,2118,235.3,334.42,50.32,96.2,0.9724,-1,-1,-1
604,2102,96.04,653.38,76.17,141.93,0.9718,-1,-1,-1
604,2068,1111.02,383.6,54.71,84.34,0.9693,-1,-1,-1
604,2125,839.57,313.32,53.58,83.61,0.9688,-1,-1,-1
604,2046,646.87,315.17,35.04,93.98,0.962,-1,-1,-1
604,2080,92.66,342.18,32.96,99.51,0.961,-1,-1,-1
604,2070,589.72,309.72,32.81,93.36,0.956,-1,-1,-1
604,2057,1010.33,315.15,45.82,82.62,0.9556,-1,-1,-1
604,2091,844.15,435.54,40.03,115.91,0.9428,-1,-1,-1
605,2122,1393.46,548.07,95.65,137.67,0.9826,-1,-1,-1
605,2115,891.47,554.89,90.51,139.3,0.9796,-1,-1,-1
605,2091,834.62,431.87,46.65,117.34,0.9774,-1,-1,-1
605,2079,339.68,385.53,66.67,97.82,0.9752,-1,-1,-1
605,2130,1531.22,372.47,63.65,102.2,0.9726,-1,-1,-1
605,2118,225.48,333.6,47.21,97.82,0.9714,-1,-1,-1
605,2102,73.37,648.05,78.65,137.41,0.9707,-1,-1,-1
605,2052,1048.82,441.22,57.85,114.58,0.9707,-1,-1,-1
605,2077,484.54,373.38,59.32,104.98,0.9699,-1,-1,-1
605,2068,1103.55,381.94,54.07,83.13,0.9695,-1,-1,-1
605,2057,1005.98,310.89,44.59,83.49,0.968,-1,-1,-1
605,2046,635.22,311.52,38.87,94.81,0.9672,-1,-1,-1
605,2125,835.91,313.2,52.38,83.75,0.9655,-1,-1,-1
605,2080,78.9,338.68,36.7,102.34,0.9649,-1,-1,-1
605,2070,578.8,308.88,33.64,92.69,0.9573,-1,-1,-1
605,2137,443.44,437.14,48.92,110.59,0.775,-1,-1,-1
606,2122,1393.81,546.99,93.64,138.94,0.9824,-1,-1,-1
606,2115,890.2,554.35,92.0,138.54,0.9812,-1,-1,-1
606,2091,828.39,430.34,50.99,117.23,0.9753,-1,-1,-1
606,2077,482.31,371.48,61.63,103.52,0.9749,-1,-1,-1
606,2079,334.96,384.08,70.47,96.76,0.9728,-1,-1,-1
606,2118,221.6,332.16,44.96,98.31,0.9717,-1,-1,-1
606,2052,1046.67,438.54,60.38,116.23,0.9715,-1,-1,-1
606,2080,71.42,336.81,40.76,102.63,0.9711,-1,-1,-1
606,2057,1002.95,310.51,45.31,82.63,0.9704,-1,-1,-1
606,2046,630.54,309.53,41.1,94.93,0.9688,-1,-1,-1
606,2102,64.32,644.61,73.34,135.28,0.9676,-1,-1,-1
606,2068,1099.86,380.49,53.89,83.7,0.9628,-1,-1,-1
606,2130,1532.16,370.46,56.77,102.78,0.9626,-1,-1,-1
606,2125,837.57,309.32,52.19,86.13,0.9606,-1,-1,-1
606,2070,573.09,308.21,34.82,92.8,0.9582,-1,-1,-1
606,2137,444.94,434.74,47.62,111.71,0.9547,-1,-1,-1
607,2077,479.42,367.78,63.38,105.62,0.9762,-1,-1,-1
607,2115,893.05,553.94,80.89,136.88,0.9759,-1,-1,-1
607,2079,332.04,381.05,73.69,97.18,0.9753,-1,-1,-1
607,2080,58.76,334.94,45.3,102.28,0.9743,-1,-1,-1
607,2046,621.44,306.4,44.12,96.64,0.9742,-1,-1,-1
607,2091,821.74,427.1,57.57,117.83,0.9736,-1,-1,-1
607,2130,1537.79,364.11,45.43,105.61,0.9724,-1,-1,-1
607,2118,214.85,330.12,40.88,98.32,0.9699,-1,-1,-1
607,2068,1091.72,376.64,51.0,84.75,0.969,-1,-1,-1
607,2122,1395.73,545.94,84.26,139.49,0.967,-1,-1,-1
607,2102,48.09,640.62,66.22,128.42,0.9668,-1,-1,-1
607,2057,998.79,309.08,46.72,81.41,0.9601,-1,-1,-1
607,2137,438.52,431.55,50.7,113.09,0.9592,-1,-1,-1
607,2070,563.72,304.0,36.22,93.45,0.9564,-1,-1,-1
607,2052,1041.26,434.35,76.16,116.25,0.9261,-1,-1,-1
607,2125,841.04,305.21,43.83,86.26,0.9152,-1,-1,-1
608,2115,897.25,551.82,74.62,137.34,0.9763,-1,-1,-1
608,2079,331.57,377.62,72.15,97.0,0.9745,-1,-1,-1
608,2102,32.01,637.42,66.11,131.82,0.9743,-1,-1,-1
608,2046,612.65,304.14,47.42,97.0,0.9739,-1,-1,-1
608,2080,47.41,331.88,48.33,106.27,0.9732,-1,-1,-1
608,2077,478.91,365.55,58.27,106.03,0.9722,-1,-1,-1
608,2137,431.71,427.12,54.19,114.57,0.97,-1,-1,-1
608,2068,1083.87,373.08,49.27,85.05,0.9699,-1,-1,-1
608,2091,816.95,423.39,65.01,120.38,0.9698,-1,-1,-1
608,2057,993.76,304.71,49.48,83.61,0.9679,-1,-1,-1
608,2125,832.58,301.34,47.47,87.66,0.9656,-1,-1,-1
608,2052,1041.61,432.93,77.2,115.38,0.9631,-1,-1,-1
608,2118,209.62,327.1,37.66,98.7,0.9628,-1,-1,-1
608,2130,1545.06,358.77,34.99,108.06,0.9627,-1,-1,-1
608,2122,1399.38,547.34,79.02,135.06,0.9625,-1,-1,-1
608,2070,555.07,301.21,37.32,93.21,0.9568,-1,-1,-1
609,2080,43.06,332.34,48.46,105.35,0.9767,-1,-1,-1
609,2079,332.53,375.9,68.68,97.54,0.9754,-1,-1,-1
609,2046,609.49,303.46,48.85,97.78,0.9742,-1,-1,-1
609,2115,901.36,551.04,69.54,136.42,0.9735,-1,-1,-1
609,2091,816.29,422.85,64.41,118.46,0.9724,-1,-1,-1
609,2077,478.96,364.0,56.4,106.88,0.9709,-1,-1,-1
609,2052,1041.88,432.6,76.92,115.06,0.9693,-1,-1,-1
609,2057,989.43,301.54,52.95,85.9,0.9675,-1,-1,-1
609,2122,1405.68,546.74,71.86,135.0,0.9642,-1,-1,-1
609,2068,1080.05,370.81,47.84,85.5,0.9631,-1,-1,-1
609,2125,829.12,297.66,48.73,89.55,0.9628,-1,-1,-1
609,2102,18.35,633.08,73.57,134.15,0.9626,-1,-1,-1
609,2070,551.61,299.82,38.02,91.63,0.9626,-1,-1,-1
609,2137,427.14,425.15,56.31,117.49,0.9625,-1,-1,-1
609,2118,206.32,325.38,36.16,98.6,0.958,-1,-1,-1
609,2130,1547.22,356.68,32.43,107.97,0.9561,-1,-1,-1
610,2122,1419.43,542.83,59.44,134.82,0.9766,-1,-1,-1
610,2115,911.04,547.78,62.46,134.54,0.9751,-1,-1,-1
610,2046,605.92,302.65,48.25,97.75,0.9747,-1,-1,-1
610,2102,0.0,628.43,83.45,136.16,0.9744,-1,-1,-1
610,2079,339.61,373.7,54.67,97.77,0.9743,-1,-1,-1
610,2080,35.42,330.82,44.59,104.36,0.9735,-1,-1,-1
610,2137,419.77,421.04,61.55,120.56,0.973,-1,-1,-1
610,2052,1042.82,433.41,70.57,112.77,0.9728,-1,-1,-1
610,2091,816.99,421.12,55.28,116.88,0.9724,-1,-1,-1
610,2068,1072.07,367.02,47.12,87.05,0.9695,-1,-1,-1
610,2125,824.53,295.98,54.77,90.66,0.9665,-1,-1,-1
610,2077,475.25,362.35,60.12,106.2,0.9657,-1,-1,-1
610,2057,984.17,298.54,54.79,87.24,0.9647,-1,-1,-1
610,2070,544.37,295.57,38.67,94.89,0.963,-1,-1,-1
610,2118,198.92,321.23,36.8,98.94,0.9532,-1,-1,-1
610,2130,1546.12,353.42,31.35,109.38,0.9496,-1,-1,-1
611,2137,414.8,418.85,69.93,120.04,0.9765,-1,-1,-1
611,2115,920.3,542.09,57.03,137.81,0.9759,-1,-1,-1
611,2091,820.61,419.26,47.16,116.01,0.9755,-1,-1,-1
611,2122,1419.54,538.42,62.22,136.3,0.9746,-1,-1,-1
611,2102,0.0,622.98,69.27,139.31,0.9727,-1,-1,-1
611,2052,1050.03,432.49,60.46,110.81,0.9719,-1,-1,-1
611,2080,30.18,328.13,42.73,103.54,0.9717,-1,-1,-1
611,2046,604.85,302.92,46.01,96.7,0.9711,-1,-1,-1
611,2079,350.42,373.62,53.86,97.36,0.9707,-1,-1,-1
611,2068,1064.04,362.67,47.68,87.47,0.9687,-1,-1,-1
611,2125,825.06,291.0,54.41,94.62,0.9685,-1,-1,-1
611,2130,1544.19,350.13,37.88,109.61,0.9655,-1,-1,-1
611,2070,538.11,292.66,39.0,98.54,0.9654,-1,-1,-1
611,2118,192.58,316.65,37.32,102.09,0.9638,-1,-1,-1
611,2057,981.43,297.62,53.58,84.63,0.9626,-1,-1,-1
611,2077,491.9,360.76,42.61,104.28,0.9597,-1,-1,-1
611,2148,130.03,253.47,58.13,78.49,0.9315,-1,-1,-1
612,2137,413.48,417.91,73.39,120.17,0.9754,-1,-1,-1
612,2122,1417.78,536.16,64.94,138.01,0.9751,-1,-1,-1
612,2052,1055.88,431.04,53.1,111.07,0.9747,-1,-1,-1
612,2115,920.38,540.05,58.85,137.15,0.9743,-1,-1,-1
612,2091,822.69,418.26,44.09,115.73,0.9735,-1,-1,-1
612,2102,0.0,619.52,59.31,134.39,0.9732,-1,-1,-1
612,2057,981.29,296.39,49.78,86.15,0.9699,-1,-1,-1
612,2080,28.13,326.66,42.63,104.33,0.9699,-1,-1,-1
612,2130,1543.22,349.57,41.61,108.24,0.9698,-1,-1,-1
612,2077,488.89,359.18,45.87,104.25,0.9697,-1,-1,-1
612,2125,824.47,289.35,54.78,94.96,0.9691,-1,-1,-1
612,2046,604.29,302.22,44.83,95.78,0.969,-1,-1,-1
612,2079,355.15,372.5,50.28,95.54,0.9676,-1,-1,-1
612,2068,1060.29,360.92,47.11,89.32,0.9668,-1,-1,-1
612,2070,535.85,291.5,39.06,98.82,0.9661,-1,-1,-1
612,2118,190.07,315.54,36.71,103.3,0.9634,-1,-1,-1
612,2148,127.6,252.86,55.9,78.73,0.7659,-1,-1,-1
612,2149,994.38,283.9,36.81,64.28,0.4321,-1,-1,-1
613,2115,915.73,536.64,65.66,141.05,0.9792,-1,-1,-1
613,2130,1542.64,348.98,48.81,107.15,0.978,-1,-1,-1
613,2077,485.39,355.44,48.89,104.38,0.9756,-1,-1,-1
613,2079,349.45,370.56,64.3,95.39,0.9738,-1,-1,-1
613,2052,1061.12,422.95,48.14,115.43,0.9732,-1,-1,-1
613,2122,1414.76,532.37,72.81,141.79,0.9724,-1,-1,-1
613,2091,828.3,415.37,37.93,115.88,0.9704,-1,-1,-1
613,2118,184.18,313.78,38.25,102.95,0.969,-1,-1,-1
613,2080,25.6,324.06,40.32,103.74,0.9685,-1,-1,-1
613,2068,1053.5,356.74,45.69,84.71,0.9683,-1,-1,-1
613,2125,827.76,289.15,49.84,94.14,0.9677,-1,-1,-1
613,2070,530.4,289.19,39.09,99.25,0.9674,-1,-1,-1
613,2057,979.99,286.53,47.9,94.54,0.9665,-1,-1,-1
613,2046,606.07,300.19,41.28,93.47,0.9629,-1,-1,-1
613,2102,0.06,616.4,39.09,120.83,0.9597,-1,-1,-1
613,2137,412.77,417.01,72.65,120.61,0.959,-1,-1,-1
614,2079,344.05,365.86,72.88,98.08,0.9805,-1,-1,-1
614,2115,914.27,532.71,72.25,143.16,0.9781,-1,-1,-1
614,2122,1416.56,529.83,78.87,143.56,0.9754,-1,-1,-1
614,2052,1068.04,416.64,41.93,117.56,0.9749,-1,-1,-1
614,2077,481.28,350.98,51.33,103.71,0.9748,-1,-1,-1
614,2091,827.66,410.88,39.64,116.8,0.9731,-1,-1,-1
614,2118,179.38,312.11,39.44,101.92,0.9725,-1,-1,-1
614,2068,1046.02,351.58,46.22,88.02,0.9699,-1,-1,-1
614,2080,22.93,320.16,39.22,104.57,0.9699,-1,-1,-1
614,2046,608.08,297.44,38.26,93.08,0.969,-1,-1,-1
614,2130,1541.2,348.65,56.55,105.23,0.9679,-1,-1,-1
614,2070,526.44,289.57,36.86,99.15,0.9637,-1,-1,-1
614,2057,985.29,290.75,39.13,89.19,0.9619,-1,-1,-1
614,2125,837.03,288.5,37.47,91.57,0.9482,-1,-1,-1
614,2102,0.58,621.03,20.09,111.78,0.8804,-1,-1,-1
614,2137,414.14,418.63,63.3,118.79,0.3786,-1,-1,-1
615,2122,1413.36,528.24,92.85,143.67,0.9804,-1,-1,-1
615,2079,345.13,363.4,74.85,99.62,0.9799,-1,-1,-1
615,2115,914.4,532.17,76.61,141.36,0.9779,-1,-1,-1
615,2077,480.86,347.98,53.03,105.87,0.9754,-1,-1,-1
615,2091,825.65,408.46,42.86,118.52,0.9752,-1,-1,-1
615,2052,1069.03,415.43,42.52,117.87,0.9738,-1,-1,-1
615,2068,1042.09,350.08,47.83,87.51,0.9724,-1,-1,-1
615,2118,177.66,311.44,39.81,102.45,0.9716,-1,-1,-1
615,2046,607.72,295.29,38.57,93.14,0.9696,-1,-1,-1
615,2080,20.59,318.27,40.06,105.71,0.9695,-1,-1,-1
615,2130,1541.48,348.14,59.76,104.62,0.963,-1,-1,-1
615,2070,524.37,289.34,36.5,98.62,0.96,-1,-1,-1
615,2057,987.78,290.29,36.32,88.14,0.9479,-1,-1,-1
615,2125,844.43,291.57,30.33,87.32,0.8945,-1,-1,-1
615,2102,0.65,618.93,18.86,106.54,0.8497,-1,-1,-1
615,2137,415.48,417.52,60.5,117.96,0.3412,-1,-1,-1
616,2115,911.59,530.29,91.87,141.74,0.9812,-1,-1,-1
616,2122,1416.52,528.18,98.45,139.23,0.9799,-1,-1,-1
616,2091,821.96,404.67,51.06,119.4,0.9767,-1,-1,-1
616,2079,347.13,360.1,78.63,94.91,0.975,-1,-1,-1
616,2077,482.26,344.79,59.14,104.46,0.9733,-1,-1,-1
616,2068,1033.11,346.9,48.83,89.7,0.9731,-1,-1,-1
616,2052,1072.95,409.34,41.53,118.55,0.9701,-1,-1,-1
616,2130,1543.63,348.43,64.83,101.69,0.9689,-1,-1,-1
616,2118,173.22,310.94,40.55,103.06,0.9673,-1,-1,-1
616,2046,604.06,290.72,42.5,95.92,0.9666,-1,-1,-1
616,2080,16.95,314.45,37.62,108.43,0.9652,-1,-1,-1
616,2057,984.81,286.92,38.14,87.43,0.9647,-1,-1,-1
616,2070,522.62,287.83,34.26,94.93,0.9101,-1,-1,-1
616,2125,847.75,284.59,32.1,91.23,0.9077,-1,-1,-1
616,2137,426.93,415.76,50.45,112.12,0.7922,-1,-1,-1
617,2115,918.76,530.69,87.61,140.99,0.98,-1,-1,-1
617,2122,1422.92,526.9,93.84,141.09,0.9776,-1,-1,-1
617,2052,1075.38,406.73,43.34,115.99,0.9774,-1,-1,-1
617,2077,483.2,342.5,65.05,104.22,0.976,-1,-1,-1
617,2079,355.14,358.05,72.23,95.82,0.975,-1,-1,-1
617,2068,1020.68,342.73,57.97,93.25,0.9727,-1,-1,-1
617,2130,1544.9,346.6,66.1,102.32,0.9726,-1,-1,-1
617,2091,819.01,400.08,62.23,122.18,0.9709,-1,-1,-1
617,2057,981.16,284.17,41.63,92.43,0.9706,-1,-1,-1
617,2046,601.36,287.47,44.61,99.4,0.97,-1,-1,-1
617,2118,170.22,310.41,38.05,101.87,0.9692,-1,-1,-1
617,2080,12.78,311.65,36.74,108.78,0.9615,-1,-1,-1
617,2125,843.78,280.73,42.8,91.05,0.9538,-1,-1,-1
617,2137,435.19,410.82,45.55,114.43,0.9429,-1,-1,-1
617,2070,521.24,285.03,31.61,84.01,0.8933,-1,-1,-1
617,2148,120.23,236.03,40.82,83.87,0.8902,-1,-1,-1
618,2122,1424.8,526.88,91.99,140.51,0.9801,-1,-1,-1
618,2115,920.06,529.78,84.66,141.85,0.9785,-1,-1,-1
618,2077,483.68,342.52,65.95,103.56,0.9771,-1,-1,-1
618,2052,1076.22,405.58,43.45,115.62,0.9768,-1,-1,-1
618,2130,1544.61,344.94,66.71,103.26,0.9765,-1,-1,-1
618,2046,600.22,286.99,45.59,99.7,0.973,-1,-1,-1
618,2091,817.61,399.14,65.0,121.75,0.9715,-1,-1,-1
618,2068,1015.88,341.52,61.01,93.0,0.9706,-1,-1,-1
618,2057,981.26,282.4,41.48,93.43,0.97,-1,-1,-1
618,2079,360.25,356.53,66.74,94.35,0.9672,-1,-1,-1
618,2125,842.4,279.09,46.13,91.38,0.9667,-1,-1,-1
618,2080,10.54,310.93,37.91,107.99,0.9648,-1,-1,-1
618,2118,169.1,309.65,36.47,101.51,0.9625,-1,-1,-1
618,2137,439.78,407.46,39.42,117.55,0.9522,-1,-1,-1
618,2070,520.27,285.2,31.58,80.13,0.8961,-1,-1,-1
618,2148,118.41,235.77,42.36,80.01,0.8455,-1,-1,-1
619,2130,1540.48,342.41,71.54,102.58,0.9796,-1,-1,-1
619,2122,1435.8,526.89,80.91,139.03,0.9754,-1,-1,-1
619,2046,597.78,285.04,48.85,100.18,0.9746,-1,-1,-1
619,2052,1078.69,403.6,42.95,118.18,0.974,-1,-1,-1
619,2079,377.74,353.48,49.0,95.75,0.9737,-1,-1,-1
619,2115,926.7,527.49,75.8,141.14,0.9716,-1,-1,-1
619,2068,1008.29,338.79,64.73,94.73,0.9713,-1,-1,-1
619,2091,817.59,397.13,64.25,120.31,0.9708,-1,-1,-1
619,2077,487.95,343.02,57.48,101.97,0.97,-1,-1,-1
619,2125,839.74,276.68,54.51,92.54,0.9688,-1,-1,-1
619,2080,6.51,309.16,38.39,109.2,0.9645,-1,-1,-1
619,2057,982.51,282.46,38.99,90.83,0.9637,-1,-1,-1
619,2118,166.12,308.4,35.46,100.81,0.958,-1,-1,-1
619,2070,518.91,278.59,30.31,92.12,0.9408,-1,-1,-1
619,2137,435.63,405.11,45.96,116.87,0.9345,-1,-1,-1
620,2130,1539.84,340.76,70.97,102.34,0.9788,-1,-1,-1
620,2122,1448.51,524.3,76.1,139.18,0.978,-1,-1,-1
620,2046,595.68,284.97,50.73,99.08,0.9758,-1,-1,-1
620,2115,935.72,526.33,70.15,140.85,0.9737,-1,-1,-1
620,2052,1080.43,402.32,42.73,119.13,0.9732,-1,-1,-1
620,2125,842.96,275.13,51.39,93.59,0.9728,-1,-1,-1
620,2091,821.8,396.12,55.4,118.45,0.9713,-1,-1,-1
620,2068,1005.39,336.22,63.9,94.51,0.9704,-1,-1,-1
620,2079,392.58,350.18,40.62,95.36,0.9701,-1,-1,-1
620,2057,981.91,279.51,39.07,92.87,0.9682,-1,-1,-1
620,2080,2.23,308.65,37.89,109.91,0.9668,-1,-1,-1
620,2077,498.0,339.05,45.35,104.29,0.9661,-1,-1,-1
620,2137,433.45,399.76,48.66,119.23,0.9648,-1,-1,-1
620,2118,161.9,305.52,36.99,101.62,0.9604,-1,-1,-1
620,2070,517.87,277.21,28.9,87.72,0.9108,-1,-1,-1
621,2130,1540.85,339.47,68.88,103.08,0.9779,-1,-1,-1
621,2115,940.67,525.36,66.39,139.95,0.9769,-1,-1,-1
621,2046,596.36,284.97,49.31,99.19,0.9751,-1,-1,-1
621,2079,391.26,347.98,46.05,96.23,0.9741,-1,-1,-1
621,2052,1082.26,402.58,44.49,118.14,0.9714,-1,-1,-1
621,2122,1457.21,523.15,69.68,138.49,0.9712,-1,-1,-1
621,2125,845.08,275.74,50.33,93.62,0.9704,-1,-1,-1
621,2091,824.05,395.52,52.74,118.05,0.9702,-1,-1,-1
621,2057,981.23,279.65,40.85,88.64,0.9685,-1,-1,-1
621,2068,1002.84,334.93,62.23,94.39,0.9667,-1,-1,-1
621,2137,431.46,397.74,51.4,119.64,0.9645,-1,-1,-1
621,2077,503.47,337.44,41.3,103.83,0.9624,-1,-1,-1
621,2080,1.46,308.9,36.72,109.16,0.9624,-1,-1,-1
621,2118,160.71,304.14,36.79,101.63,0.9603,-1,-1,-1
621,2070,516.86,276.41,29.44,85.83,0.894,-1,-1,-1
621,2148,115.46,234.38,46.26,76.01,0.3909,-1,-1,-1
622,2122,1468.82,520.38,65.76,139.36,0.9775,-1,-1,-1
622,2091,832.61,394.11,48.17,117.34,0.9748,-1,-1,-1
622,2079,388.82,343.08,58.77,100.17,0.9745,-1,-1,-1
622,2130,1546.59,337.73,59.52,103.22,0.9743,-1,-1,-1
622,2068,996.63,333.58,62.86,93.98,0.974,-1,-1,-1
622,2052,1084.87,404.88,55.06,114.1,0.974,-1,-1,-1
622,2046,598.98,285.6,44.54,97.09,0.9731,-1,-1,-1
622,2137,429.46,394.89,56.03,121.09,0.9706,-1,-1,-1
622,2057,979.1,280.85,47.5,83.84,0.9675,-1,-1,-1
622,2125,848.55,274.65,54.59,93.37,0.9674,-1,-1,-1
622,2115,954.94,521.12,54.43,139.54,0.9674,-1,-1,-1
622,2118,158.78,301.24,37.35,103.73,0.9637,-1,-1,-1
622,2070,505.12,274.49,40.45,98.53,0.9596,-1,-1,-1
622,2080,0.44,309.32,36.13,107.99,0.9549,-1,-1,-1
622,2077,511.37,331.87,36.07,107.24,0.8876,-1,-1,-1
622,2148,109.23,235.13,53.56,74.78,0.8601,-1,-1,-1
623,2122,1466.32,514.95,76.16,143.45,0.9805,-1,-1,-1
623,2115,962.27,516.94,52.37,143.96,0.9769,-1,-1,-1
623,2079,390.67,339.3,65.51,99.65,0.9763,-1,-1,-1
623,2130,1554.97,334.66,45.3,104.0,0.9763,-1,-1,-1
623,2137,429.27,393.36,66.14,121.15,0.9755,-1,-1,-1
623,2091,837.69,390.67,46.71,117.74,0.9742,-1,-1,-1
623,2052,1087.86,403.59,63.45,113.78,0.9731,-1,-1,-1
623,2118,157.21,298.95,42.13,105.06,0.973,-1,-1,-1
623,2068,992.9,333.02,62.2,92.28,0.9729,-1,-1,-1
623,2057,979.59,281.23,50.06,82.53,0.9693,-1,-1,-1
623,2077,509.93,329.41,43.75,106.13,0.9654,-1,-1,-1
623,2070,502.61,275.29,43.73,92.72,0.9623,-1,-1,-1
623,2125,850.93,272.8,43.79,93.1,0.9598,-1,-1,-1
623,2046,606.15,285.36,36.9,95.2,0.9522,-1,-1,-1
623,2080,0.72,309.97,31.49,104.26,0.9488,-1,-1,-1
623,2148,111.9,234.14,51.98,73.19,0.8492,-1,-1,-1
624,2122,1466.91,512.89,76.3,144.81,0.9804,-1,-1,-1
624,2079,391.06,338.69,70.38,95.94,0.9765,-1,-1,-1
624,2118,156.64,298.53,43.21,104.55,0.9752,-1,-1,-1
624,2137,429.38,393.59,67.67,120.43,0.975,-1,-1,-1
624,2115,961.47,515.31,56.96,145.56,0.9745,-1,-1,-1
624,2052,1089.77,403.34,65.6,113.31,0.9739,-1,-1,-1
624,2091,839.0,390.12,46.11,118.53,0.9728,-1,-1,-1
624,2130,1556.26,334.47,41.58,103.25,0.9719,-1,-1,-1
624,2077,509.56,328.57,48.16,105.66,0.9707,-1,-1,-1
624,2068,990.3,331.85,61.57,92.79,0.9696,-1,-1,-1
624,2057,980.58,281.13,49.73,81.73,0.9682,-1,-1,-1
624,2070,502.98,275.77,42.78,88.6,0.9644,-1,-1,-1
624,2125,852.74,271.58,42.17,95.15,0.9548,-1,-1,-1
624,2080,0.78,309.91,31.51,104.01,0.9462,-1,-1,-1
624,2046,608.67,284.79,35.27,95.97,0.943,-1,-1,-1
624,2148,110.96,233.97,51.73,72.53,0.8757,-1,-1,-1
625,2122,1468.63,511.53,80.33,144.2,0.9798,-1,-1,-1
625,2115,960.4,512.73,62.49,144.99,0.9797,-1,-1,-1
625,2052,1087.35,402.38,75.23,112.13,0.977,-1,-1,-1
625,2118,153.61,298.47,43.93,103.85,0.9761,-1,-1,-1
625,2068,985.41,330.84,60.26,92.67,0.9742,-1,-1,-1
625,2077,506.48,325.32,59.96,108.1,0.9698,-1,-1,-1
625,2079,393.88,337.69,73.7,85.57,0.9696,-1,-1,-1
625,2091,838.91,386.4,44.35,119.44,0.9694,-1,-1,-1
625,2137,429.25,395.6,67.7,118.89,0.9654,-1,-1,-1
625,2057,980.17,281.82,51.69,80.18,0.9645,-1,-1,-1
625,2125,859.11,274.19,43.73,93.91,0.959,-1,-1,-1
625,2070,501.95,277.2,44.78,84.18,0.9566,-1,-1,-1
625,2130,1558.28,331.91,35.59,104.81,0.9492,-1,-1,-1
625,2080,0.0,308.66,31.05,104.69,0.949,-1,-1,-1
625,2046,614.07,281.57,32.35,97.48,0.9445,-1,-1,-1
625,2148,108.76,232.29,51.53,72.48,0.7187,-1,-1,-1
626,2115,959.5,511.63,71.3,146.43,0.9785,-1,-1,-1
626,2122,1469.22,511.82,91.01,141.72,0.9782,-1,-1,-1
626,2052,1084.77,401.78,81.36,111.48,0.9776,-1,-1,-1
626,2118,150.0,299.11,42.92,104.87,0.9738,-1,-1,-1
626,2091,838.97,384.86,43.13,118.64,0.9719,-1,-1,-1
626,2077,508.57,321.48,69.96,109.23,0.9715,-1,-1,-1
626,2057,977.48,282.28,53.5,74.36,0.9706,-1,-1,-1
626,2070,503.04,276.54,42.77,92.37,0.9689,-1,-1,-1
626,2068,980.45,329.12,57.83,92.95,0.9662,-1,-1,-1
626,2046,610.42,278.85,38.12,99.15,0.9629,-1,-1,-1
626,2130,1558.04,328.93,35.16,106.6,0.9528,-1,-1,-1
626,2080,0.0,306.48,30.65,105.43,0.9518,-1,-1,-1
626,2125,860.39,274.11,53.3,93.76,0.9501,-1,-1,-1
626,2079,401.36,337.55,72.4,76.03,0.9464,-1,-1,-1
627,2115,960.37,510.94,75.92,146.53,0.9793,-1,-1,-1
627,2052,1083.84,401.56,82.64,111.73,0.9774,-1,-1,-1
627,2122,1468.95,511.1,98.11,141.14,0.9756,-1,-1,-1
627,2077,508.48,321.99,72.58,107.89,0.9732,-1,-1,-1
627,2118,148.02,299.4,43.72,105.67,0.9731,-1,-1,-1
627,2091,839.68,384.79,41.5,116.94,0.9708,-1,-1,-1
627,2068,976.88,329.29,56.0,92.43,0.9707,-1,-1,-1
627,2046,608.44,277.94,40.32,99.18,0.9706,-1,-1,-1
627,2057,975.3,282.25,55.22,70.82,0.9688,-1,-1,-1
627,2070,504.41,277.03,40.63,95.58,0.9619,-1,-1,-1
627,2130,1557.5,327.29,35.92,107.94,0.9559,-1,-1,-1
627,2080,0.0,306.87,32.24,106.07,0.9548,-1,-1,-1
627,2125,861.71,271.71,52.42,97.17,0.9437,-1,-1,-1
627,2079,405.6,338.64,68.94,74.22,0.9355,-1,-1,-1
628,2115,959.23,512.0,82.17,143.66,0.9795,-1,-1,-1
628,2122,1472.18,511.84,99.98,140.77,0.9778,-1,-1,-1
628,2052,1084.94,401.17,79.76,111.67,0.9772,-1,-1,-1
628,2046,604.94,277.1,43.34,100.85,0.9746,-1,-1,-1
628,2077,510.99,320.98,73.09,106.62,0.9742,-1,-1,-1
628,2118,144.36,300.97,41.12,103.68,0.9721,-1,-1,-1
628,2068,972.29,331.31,53.63,89.43,0.9711,-1,-1,-1
628,2057,972.89,281.79,52.88,67.85,0.9678,-1,-1,-1
628,2091,841.6,384.77,38.17,115.65,0.9665,-1,-1,-1
628,2130,1556.18,325.88,37.51,108.98,0.966,-1,-1,-1
628,2079,417.1,338.36,60.9,75.86,0.9612,-1,-1,-1
628,2080,0.0,304.97,35.14,107.85,0.9562,-1,-1,-1
628,2125,866.25,271.75,41.19,98.32,0.9544,-1,-1,-1
628,2070,505.57,276.05,35.56,95.31,0.9505,-1,-1,-1
629,2122,1475.89,512.12,93.37,142.31,0.9839,-1,-1,-1
629,2115,962.98,513.23,74.66,143.5,0.9762,-1,-1,-1
629,2052,1092.57,399.36,64.85,113.99,0.9736,-1,-1,-1
629,2046,600.71,276.59,51.4,102.01,0.9732,-1,-1,-1
629,2118,140.65,301.56,40.16,103.73,0.9713,-1,-1,-1
629,2077,512.99,320.59,67.38,106.79,0.9698,-1,-1,-1
629,2068,965.47,331.64,52.57,89.38,0.9696,-1,-1,-1
629,2130,1555.23,327.27,38.3,108.67,0.9671,-1,-1,-1
629,2057,971.51,283.3,47.36,61.8,0.9625,-1,-1,-1
629,2091,844.18,385.69,34.02,113.44,0.9589,-1,-1,-1
629,2080,0.0,307.23,35.38,104.99,0.9554,-1,-1,-1
629,2079,430.94,337.14,53.18,78.55,0.9546,-1,-1,-1
629,2070,505.2,275.31,34.86,97.68,0.92,-1,-1,-1
629,2125,872.28,269.35,28.42,100.03,0.893,-1,-1,-1
629,2137,448.97,400.7,42.78,109.41,0.6941,-1,-1,-1
630,2122,1481.31,511.92,86.89,141.91,0.982,-1,-1,-1
630,2115,964.75,513.66,71.57,142.9,0.9758,-1,-1,-1
630,2052,1095.6,398.46,59.96,114.48,0.9746,-1,-1,-1
630,2046,599.62,277.3,53.54,101.23,0.971,-1,-1,-1
630,2068,962.13,332.75,53.41,87.96,0.9691,-1,-1,-1
630,2130,1554.47,328.09,38.93,108.04,0.969,-1,-1,-1
630,2118,137.78,300.75,40.94,103.97,0.9674,-1,-1,-1
630,2077,515.34,321.38,62.19,105.01,0.9659,-1,-1,-1
630,2057,970.04,285.68,46.48,55.8,0.9639,-1,-1,-1
630,2079,440.05,336.64,48.21,80.26,0.9588,-1,-1,-1
630,2091,845.34,386.04,33.42,114.08,0.9572,-1,-1,-1
630,2080,0.2,307.21,34.56,105.13,0.9546,-1,-1,-1
630,2137,453.32,400.01,40.65,111.05,0.9546,-1,-1,-1
630,2070,504.24,274.19,35.28,97.37,0.9318,-1,-1,-1
630,2125,875.29,272.86,26.23,94.72,0.8702,-1,-1,-1
631,2052,1104.55,395.2,48.4,114.81,0.9746,-1,-1,-1
631,2122,1495.01,511.26,74.23,140.96,0.9736,-1,-1,-1
631,2115,971.0,513.02,64.75,141.65,0.9735,-1,-1,-1
631,2130,1551.91,328.87,44.05,107.25,0.9723,-1,-1,-1
631,2118,132.35,300.35,41.71,103.13,0.9707,-1,-1,-1
631,2046,597.08,277.98,54.6,103.42,0.9672,-1,-1,-1
631,2068,956.61,334.2,53.94,86.23,0.9648,-1,-1,-1
631,2091,843.75,387.66,37.6,111.02,0.9639,-1,-1,-1
631,2057,967.76,285.0,42.71,55.34,0.9588,-1,-1,-1
631,2137,453.25,396.84,41.11,113.65,0.9565,-1,-1,-1
631,2077,524.44,319.88,51.35,105.23,0.9565,-1,-1,-1
631,2070,500.22,274.7,36.8,97.18,0.9508,-1,-1,-1
631,2125,872.15,277.09,32.57,90.03,0.9466,-1,-1,-1
631,2080,0.26,308.89,29.46,105.44,0.9422,-1,-1,-1
631,2079,459.24,332.59,33.62,78.43,0.9299,-1,-1,-1
632,2091,835.52,387.27,48.36,111.18,0.9768,-1,-1,-1
632,2052,1108.0,391.5,43.58,117.16,0.9754,-1,-1,-1
632,2130,1548.24,331.28,48.5,105.59,0.9736,-1,-1,-1
632,2115,982.29,512.72,56.24,141.21,0.9731,-1,-1,-1
632,2118,125.38,299.46,43.44,102.65,0.9727,-1,-1,-1
632,2046,597.05,279.42,49.86,101.5,0.9699,-1,-1,-1
632,2122,1510.1,509.27,60.44,140.12,0.9689,-1,-1,-1
632,2068,949.76,330.22,56.41,87.73,0.9689,-1,-1,-1
632,2077,532.44,316.51,43.5,107.21,0.9659,-1,-1,-1
632,2137,449.22,392.68,45.7,116.44,0.9595,-1,-1,-1
632,2125,868.9,279.1,42.56,88.05,0.9573,-1,-1,-1
632,2070,497.08,274.1,36.07,99.49,0.9427,-1,-1,-1
632,2057,966.41,284.33,40.52,68.69,0.9423,-1,-1,-1
632,2080,0.64,315.27,20.57,97.69,0.9221,-1,-1,-1
632,2079,460.43,330.86,34.59,81.17,0.9035,-1,-1,-1
633,2091,831.64,387.08,52.64,111.04,0.9754,-1,-1,-1
633,2115,987.0,511.78,52.16,141.1,0.9741,-1,-1,-1
633,2130,1546.59,331.97,50.06,104.98,0.9727,-1,-1,-1
633,2070,493.88,272.53,38.71,104.57,0.9726,-1,-1,-1
633,2122,1517.25,507.98,53.12,141.64,0.9724,-1,-1,-1
633,2137,446.7,396.45,47.31,114.02,0.9722,-1,-1,-1
633,2052,1106.72,389.39,41.27,118.99,0.9677,-1,-1,-1
633,2068,946.62,330.12,56.97,88.82,0.9672,-1,-1,-1
633,2046,597.97,281.77,49.95,98.66,0.966,-1,-1,-1
633,2125,868.23,279.97,45.75,87.04,0.9659,-1,-1,-1
633,2077,535.52,314.92,39.07,107.58,0.9644,-1,-1,-1
633,2118,122.47,298.16,41.27,105.69,0.9633,-1,-1,-1
633,2057,967.09,286.25,36.6,70.56,0.9485,-1,-1,-1
633,2079,459.99,328.03,36.08,100.46,0.9382,-1,-1,-1
633,2080,0.0,305.31,17.2,105.45,0.8482,-1,-1,-1
634,2091,824.09,385.23,62.87,111.43,0.977,-1,-1,-1
634,2115,989.83,508.74,52.06,142.39,0.9744,-1,-1,-1
634,2122,1513.91,505.4,60.89,141.47,0.9736,-1,-1,-1
634,2130,1542.57,333.17,52.31,103.1,0.9717,-1,-1,-1
634,2070,490.13,272.8,39.82,105.56,0.9717,-1,-1,-1
634,2118,115.79,297.3,41.25,108.27,0.9717,-1,-1,-1
634,2137,439.91,393.92,60.83,116.87,0.971,-1,-1,-1
634,2125,868.12,277.95,50.19,89.37,0.9692,-1,-1,-1
634,2052,1104.95,386.41,41.2,118.21,0.9678,-1,-1,-1
634,2077,533.42,312.06,40.62,108.89,0.9673,-1,-1,-1
634,2046,599.9,279.88,42.4,98.18,0.9667,-1,-1,-1
634,2079,460.48,329.82,52.88,97.12,0.9657,-1,-1,-1
634,2068,941.75,326.7,57.2,91.25,0.9573,-1,-1,-1
634,2057,964.73,285.27,35.3,83.8,0.932,-1,-1,-1
634,2080,0.09,311.61,12.54,99.48,0.7508,-1,-1,-1
635,2091,818.62,383.1,73.35,113.45,0.9792,-1,-1,-1
635,2122,1509.39,502.27,71.14,145.48,0.9777,-1,-1,-1
635,2118,109.28,296.08,41.46,107.53,0.9735,-1,-1,-1
635,2130,1538.8,332.42,54.57,104.63,0.9731,-1,-1,-1
635,2115,984.2,506.0,60.15,145.92,0.9724,-1,-1,-1
635,2052,1104.01,384.74,41.22,115.57,0.9724,-1,-1,-1
635,2077,528.45,308.28,44.7,111.0,0.9722,-1,-1,-1
635,2125,869.93,282.41,47.05,85.3,0.9695,-1,-1,-1
635,2137,435.76,391.71,71.71,119.98,0.9666,-1,-1,-1
635,2079,462.8,335.02,59.39,89.83,0.9638,-1,-1,-1
635,2068,938.09,325.26,50.13,91.4,0.9514,-1,-1,-1
635,2046,606.06,281.82,35.83,95.78,0.9492,-1,-1,-1
635,2070,485.56,272.11,38.78,106.17,0.9472,-1,-1,-1
635,2057,961.34,287.49,35.03,81.57,0.9192,-1,-1,-1
636,2091,816.71,382.34,76.8,113.99,0.9776,-1,-1,-1
636,2122,1508.03,502.01,74.1,144.99,0.9774,-1,-1,-1
636,2118,105.79,296.35,42.21,107.08,0.9752,-1,-1,-1
636,2115,982.8,506.76,64.41,144.57,0.9737,-1,-1,-1
636,2077,527.07,306.68,47.56,111.46,0.9726,-1,-1,-1
636,2052,1103.53,384.4,40.8,114.62,0.9714,-1,-1,-1
636,2130,1537.02,331.71,54.95,105.96,0.9713,-1,-1,-1
636,2137,434.83,391.12,72.83,121.18,0.9669,-1,-1,-1
636,2125,870.15,284.21,44.58,85.08,0.9666,-1,-1,-1
636,2068,935.54,323.78,49.74,92.23,0.9603,-1,-1,-1
636,2079,464.39,336.11,59.33,88.49,0.9598,-1,-1,-1
636,2046,605.47,283.13,34.41,92.37,0.9503,-1,-1,-1
636,2070,484.55,272.38,37.61,104.11,0.9336,-1,-1,-1
636,2057,960.17,289.37,34.01,82.68,0.9258,-1,-1,-1
637,2122,1505.19,499.82,90.27,146.31,0.9777,-1,-1,-1
637,2115,980.65,504.26,72.42,145.38,0.9751,-1,-1,-1
637,2091,814.27,382.12,74.92,113.08,0.9743,-1,-1,-1
637,2052,1102.37,383.82,41.89,112.29,0.9743,-1,-1,-1
637,2137,432.88,392.94,66.48,117.9,0.9695,-1,-1,-1
637,2118,99.18,296.44,44.0,107.41,0.9694,-1,-1,-1
637,2130,1534.8,330.36,52.35,106.08,0.9693,-1,-1,-1
637,2077,524.03,304.01,57.92,112.26,0.9687,-1,-1,-1
637,2079,466.7,338.57,59.27,86.77,0.96,-1,-1,-1
637,2046,603.86,278.22,35.0,97.33,0.9595,-1,-1,-1
637,2068,934.65,324.17,40.47,90.19,0.9589,-1,-1,-1
637,2057,958.17,287.34,34.83,85.37,0.9436,-1,-1,-1
637,2070,481.79,272.07,34.85,103.53,0.9393,-1,-1,-1
637,2125,865.43,282.19,44.54,89.4,0.8714,-1,-1,-1
638,2115,979.08,505.36,85.68,143.6,0.978,-1,-1,-1
638,2052,1101.69,384.93,43.85,112.05,0.9774,-1,-1,-1
638,2091,815.56,382.83,67.37,111.64,0.9759,-1,-1,-1
638,2118,92.95,298.81,44.81,108.12,0.9754,-1,-1,-1
638,2130,1530.34,329.7,50.84,105.12,0.9742,-1,-1,-1
638,2077,524.01,304.21,61.2,107.8,0.9721,-1,-1,-1
638,2122,1501.55,501.28,105.93,140.09,0.9683,-1,-1,-1
638,2046,601.23,276.86,37.95,97.8,0.9676,-1,-1,-1
638,2068,932.84,320.33,35.28,94.11,0.9667,-1,-1,-1
638,2079,473.78,340.36,47.45,83.01,0.9653,-1,-1,-1
638,2057,955.8,284.99,35.5,87.89,0.951,-1,-1,-1
638,2125,855.93,280.5,50.74,88.03,0.9419,-1,-1,-1
638,2070,480.87,271.2,33.21,107.33,0.8653,-1,-1,-1
638,2137,435.69,395.26,57.85,114.33,0.8496,-1,-1,-1
639,2115,979.21,505.66,87.65,143.3,0.9786,-1,-1,-1
639,2052,1101.7,385.93,44.68,112.22,0.9785,-1,-1,-1
639,2118,91.87,300.05,44.37,107.52,0.9745,-1,-1,-1
639,2091,818.02,382.77,63.74,111.33,0.9739,-1,-1,-1
639,2130,1528.4,328.66,47.75,106.26,0.9735,-1,-1,-1
639,2077,525.67,304.54,59.97,107.4,0.9718,-1,-1,-1
639,2046,599.29,274.35,41.81,102.62,0.9709,-1,-1,-1
639,2122,1499.48,501.03,111.26,139.69,0.9676,-1,-1,-1
639,2125,853.48,281.01,54.35,86.13,0.9617,-1,-1,-1
639,2068,931.08,320.84,36.19,93.09,0.9603,-1,-1,-1
639,2079,476.02,340.82,50.84,83.0,0.9514,-1,-1,-1
639,2057,954.67,280.68,36.1,92.79,0.9489,-1,-1,-1
639,2070,481.58,272.12,32.65,93.79,0.8243,-1,-1,-1
640,2115,980.43,507.01,84.4,143.56,0.9774,-1,-1,-1
640,2118,90.85,301.44,42.94,106.01,0.9752,-1,-1,-1
640,2077,530.33,305.33,55.07,108.7,0.9724,-1,-1,-1
640,2130,1525.46,326.02,43.13,106.85,0.9715,-1,-1,-1
640,2091,823.58,381.58,57.94,111.6,0.9707,-1,-1,-1
640,2122,1501.25,502.57,107.49,137.22,0.9685,-1,-1,-1
640,2052,1102.26,388.02,50.43,109.11,0.9659,-1,-1,-1
640,2068,927.39,322.57,34.11,90.32,0.9645,-1,-1,-1
640,2125,853.19,281.68,60.29,86.76,0.9628,-1,-1,-1
640,2046,599.87,271.66,47.13,105.11,0.9584,-1,-1,-1
640,2057,955.78,280.6,36.04,91.97,0.9536,-1,-1,-1
640,2079,483.14,341.07,58.11,82.08,0.9161,-1,-1,-1
640,2070,482.95,273.06,30.97,83.93,0.5663,-1,-1,-1
640,2137,444.48,393.66,44.28,113.48,0.5012,-1,-1,-1
641,2122,1508.14,502.54,92.43,137.05,0.9818,-1,-1,-1
641,2118,89.97,301.25,42.53,105.14,0.9751,-1,-1,-1
641,2115,983.97,507.17,76.97,143.3,0.9749,-1,-1,-1
641,2091,832.92,378.94,50.04,112.55,0.9748,-1,-1,-1
641,2077,535.89,305.8,47.15,107.86,0.9739,-1,-1,-1
641,2052,1103.11,389.66,61.49,107.57,0.9739,-1,-1,-1
641,2130,1523.91,323.34,38.41,108.05,0.968,-1,-1,-1
641,2057,953.91,283.17,38.66,90.36,0.9607,-1,-1,-1
641,2125,862.65,280.6,53.43,91.65,0.9596,-1,-1,-1
641,2068,923.34,317.62,35.03,96.39,0.9549,-1,-1,-1
641,2046,600.36,274.29,48.89,104.09,0.9545,-1,-1,-1
641,2079,486.2,341.37,59.73,80.76,0.9328,-1,-1,-1
641,2070,483.28,272.94,31.65,87.55,0.9123,-1,-1,-1
642,2122,1511.45,502.1,88.07,137.27,0.9823,-1,-1,-1
642,2118,89.71,301.3,43.73,104.46,0.9777,-1,-1,-1
642,2115,986.94,506.81,72.22,142.81,0.976,-1,-1,-1
642,2052,1103.86,390.17,63.43,107.26,0.9759,-1,-1,-1
642,2091,837.11,377.33,46.51,113.39,0.9721,-1,-1,-1
642,2046,600.76,279.11,49.52,99.55,0.9707,-1,-1,-1
642,2077,543.53,306.06,39.73,105.4,0.9687,-1,-1,-1
642,2125,869.64,282.34,45.78,93.74,0.966,-1,-1,-1
642,2068,921.41,318.95,35.01,95.1,0.9656,-1,-1,-1
642,2130,1522.71,322.29,37.22,109.0,0.962,-1,-1,-1
642,2057,949.22,282.9,44.02,90.54,0.9612,-1,-1,-1
642,2070,483.61,271.78,31.83,91.54,0.9352,-1,-1,-1
642,2079,485.8,339.83,62.76,81.85,0.931,-1,-1,-1
643,2118,89.16,302.04,45.94,103.07,0.9786,-1,-1,-1
643,2115,996.1,505.69,64.91,141.39,0.9753,-1,-1,-1
643,2052,1104.81,390.49,66.49,105.69,0.9741,-1,-1,-1
643,2122,1523.39,499.44,78.83,139.36,0.9734,-1,-1,-1
643,2046,606.03,280.66,43.09,98.71,0.9718,-1,-1,-1
643,2057,953.0,284.05,44.85,90.62,0.9675,-1,-1,-1
643,2125,878.82,283.85,34.36,93.72,0.9657,-1,-1,-1
643,2068,916.65,320.2,37.26,92.85,0.962,-1,-1,-1
643,2091,845.63,375.85,39.08,113.25,0.9616,-1,-1,-1
643,2130,1520.41,320.56,35.06,110.14,0.956,-1,-1,-1
643,2077,552.71,304.08,33.83,106.77,0.9435,-1,-1,-1
643,2079,487.57,338.21,64.66,82.37,0.9384,-1,-1,-1
643,2070,484.0,270.43,32.19,96.09,0.9312,-1,-1,-1
643,2137,458.2,385.36,30.71,118.6,0.9261,-1,-1,-1
644,2118,88.65,302.15,46.81,104.78,0.9784,-1,-1,-1
644,2052,1108.75,390.2,63.7,106.25,0.9766,-1,-1,-1
644,2122,1536.16,497.66,67.7,139.05,0.9765,-1,-1,-1
644,2057,952.88,283.62,47.09,93.16,0.9744,-1,-1,-1
644,2115,1007.61,502.19,56.08,142.59,0.9718,-1,-1,-1
644,2068,914.85,321.41,36.79,91.79,0.9682,-1,-1,-1
644,2077,557.21,303.27,33.16,105.87,0.9582,-1,-1,-1
644,2091,849.76,372.87,35.78,116.81,0.9521,-1,-1,-1
644,2130,1518.91,320.18,34.59,109.38,0.9499,-1,-1,-1
644,2125,882.93,285.38,26.64,90.6,0.9444,-1,-1,-1
644,2070,483.15,271.69,33.29,97.92,0.937,-1,-1,-1
644,2046,613.54,284.01,34.12,94.32,0.9254,-1,-1,-1
644,2079,494.38,342.26,56.95,77.38,0.8409,-1,-1,-1
645,2122,1542.14,495.43,67.91,140.55,0.9771,-1,-1,-1
645,2118,88.11,302.31,46.74,105.64,0.9768,-1,-1,-1
645,2052,1109.64,389.86,61.48,106.67,0.9758,-1,-1,-1
645,2115,1014.43,501.29,49.38,143.01,0.9756,-1,-1,-1
645,2057,951.94,284.24,49.06,91.74,0.9716,-1,-1,-1
645,2068,913.43,321.06,36.66,91.9,0.9645,-1,-1,-1
645,2077,558.81,302.36,34.04,105.13,0.9549,-1,-1,-1
645,2130,1518.75,320.09,34.73,109.16,0.9526,-1,-1,-1
645,2091,850.7,373.33,35.03,115.28,0.9486,-1,-1,-1
645,2046,616.92,284.84,31.05,93.12,0.9473,-1,-1,-1
645,2070,483.1,272.23,33.95,97.3,0.9448,-1,-1,-1
645,2125,883.67,285.68,26.92,90.34,0.9444,-1,-1,-1
645,2079,514.83,364.82,34.78,54.6,0.8437,-1,-1,-1
646,2052,1106.61,389.86,61.96,106.62,0.9768,-1,-1,-1
646,2115,1024.85,498.82,44.04,144.28,0.9742,-1,-1,-1
646,2118,86.67,302.45,45.17,106.06,0.9733,-1,-1,-1
646,2077,557.96,300.7,40.18,107.47,0.9693,-1,-1,-1
646,2057,950.53,285.89,53.31,89.65,0.9673,-1,-1,-1
646,2068,911.63,320.74,36.34,91.77,0.9622,-1,-1,-1
646,2130,1516.96,321.37,34.45,109.81,0.9579,-1,-1,-1
646,2122,1554.14,494.97,55.84,138.49,0.9574,-1,-1,-1
646,2091,852.48,372.82,34.71,113.38,0.9551,-1,-1,-1
646,2046,623.46,285.3,28.02,93.08,0.9448,-1,-1,-1
646,2125,885.34,285.59,29.52,91.66,0.9403,-1,-1,-1
646,2137,460.36,383.17,42.77,119.01,0.918,-1,-1,-1
646,2070,485.75,274.5,34.34,94.97,0.9133,-1,-1,-1
646,2079,517.97,364.85,28.78,54.14,0.879,-1,-1,-1
647,2115,1025.05,496.72,45.78,145.25,0.9776,-1,-1,-1
647,2052,1107.69,388.17,56.82,107.19,0.9771,-1,-1,-1
647,2077,556.19,301.02,49.05,105.88,0.9749,-1,-1,-1
647,2118,85.75,304.14,42.16,104.67,0.9708,-1,-1,-1
647,2122,1552.5,492.06,61.74,140.65,0.9666,-1,-1,-1
647,2130,1513.89,322.48,36.27,110.44,0.9628,-1,-1,-1
647,2057,949.88,286.51,53.42,89.52,0.9595,-1,-1,-1
647,2137,461.32,383.24,46.34,121.38,0.9594,-1,-1,-1
647,2068,906.89,321.56,37.57,91.02,0.9589,-1,-1,-1
647,2125,886.14,283.8,35.11,98.44,0.9503,-1,-1,-1
647,2046,626.48,283.43,28.56,94.54,0.9477,-1,-1,-1
647,2091,857.98,374.52,35.56,113.25,0.9334,-1,-1,-1
647,2079,518.64,361.62,26.11,57.34,0.8616,-1,-1,-1
647,2070,486.9,277.07,35.21,94.4,0.8502,-1,-1,-1
648,2115,1024.8,495.63,47.53,145.84,0.9787,-1,-1,-1
648,2052,1109.98,387.04,51.89,107.96,0.976,-1,-1,-1
648,2077,556.01,301.32,55.22,105.57,0.9743,-1,-1,-1
648,2122,1549.45,490.03,65.42,145.17,0.9711,-1,-1,-1
648,2118,85.54,305.16,41.07,106.23,0.9704,-1,-1,-1
648,2130,1512.96,322.64,37.13,111.2,0.9647,-1,-1,-1
648,2057,950.82,286.95,52.64,89.6,0.9596,-1,-1,-1
648,2137,461.85,384.16,48.26,120.84,0.9568,-1,-1,-1
648,2125,884.75,282.85,36.98,103.1,0.9558,-1,-1,-1
648,2068,905.22,321.67,37.41,90.58,0.9485,-1,-1,-1
648,2046,626.38,283.95,29.62,94.08,0.9464,-1,-1,-1
648,2091,858.93,375.16,34.79,112.18,0.8937,-1,-1,-1
648,2070,487.63,278.59,34.16,91.16,0.8617,-1,-1,-1
648,2079,517.03,359.8,27.76,57.59,0.7536,-1,-1,-1
649,2052,1113.65,384.31,44.08,109.86,0.9784,-1,-1,-1
649,2115,1022.75,496.53,56.47,145.08,0.9773,-1,-1,-1
649,2122,1549.62,488.85,69.02,144.14,0.9766,-1,-1,-1
649,2077,554.05,300.26,63.68,105.73,0.9736,-1,-1,-1
649,2118,84.0,309.04,40.19,103.92,0.9708,-1,-1,-1
649,2091,856.44,376.37,46.05,111.89,0.9693,-1,-1,-1
649,2130,1510.3,324.69,38.33,110.93,0.9677,-1,-1,-1
649,2057,952.28,286.92,51.61,90.96,0.9666,-1,-1,-1
649,2125,880.82,282.71,43.5,98.91,0.9606,-1,-1,-1
649,2046,624.1,281.75,36.24,97.56,0.9574,-1,-1,-1
649,2068,902.17,321.59,36.66,94.57,0.956,-1,-1,-1
649,2137,462.9,387.71,49.97,116.81,0.9387,-1,-1,-1
649,2070,487.9,274.14,40.79,115.37,0.8553,-1,-1,-1
649,2079,494.84,333.92,49.34,84.48,0.7497,-1,-1,-1
650,2115,1022.06,497.23,60.25,145.17,0.9774,-1,-1,-1
650,2122,1551.8,489.57,71.22,141.4,0.9765,-1,-1,-1
650,2052,1112.82,384.0,41.33,110.86,0.974,-1,-1,-1
650,2077,555.38,301.29,64.26,104.62,0.9725,-1,-1,-1
650,2091,851.46,380.11,51.5,109.05,0.9719,-1,-1,-1
650,2130,1506.4,328.18,39.56,108.38,0.9705,-1,-1,-1
650,2118,82.22,311.16,39.12,101.67,0.9705,-1,-1,-1
650,2046,622.52,283.35,43.29,99.26,0.9695,-1,-1,-1
650,2057,953.26,287.33,52.83,91.5,0.9663,-1,-1,-1
650,2125,878.09,284.19,44.17,96.37,0.9658,-1,-1,-1
650,2070,488.47,278.71,49.17,137.74,0.9552,-1,-1,-1
650,2137,462.55,390.25,54.44,115.03,0.9543,-1,-1,-1
650,2068,903.06,322.07,33.15,90.78,0.9341,-1,-1,-1
651,2115,1021.79,497.82,59.05,144.44,0.9777,-1,-1,-1
651,2122,1553.5,489.72,68.64,141.28,0.9777,-1,-1,-1
651,2052,1111.96,383.3,41.74,111.21,0.9742,-1,-1,-1
651,2046,620.62,283.74,48.03,98.9,0.9742,-1,-1,-1
651,2091,848.89,382.73,54.82,106.07,0.9731,-1,-1,-1
651,2077,556.21,302.47,62.84,102.93,0.971,-1,-1,-1
651,2130,1504.26,329.29,40.3,108.09,0.9705,-1,-1,-1
651,2118,80.83,311.52,39.97,101.7,0.9687,-1,-1,-1
651,2057,955.43,288.93,52.89,91.94,0.9644,-1,-1,-1
651,2070,488.2,277.09,46.72,137.17,0.9617,-1,-1,-1
651,2125,877.34,285.49,42.82,92.66,0.9599,-1,-1,-1
651,2137,462.29,391.05,54.52,115.17,0.9563,-1,-1,-1
651,2068,900.08,322.45,35.75,92.28,0.8955,-1,-1,-1
652,2122,1558.56,491.36,62.59,138.16,0.9772,-1,-1,-1
652,2115,1025.19,499.02,53.74,142.24,0.977,-1,-1,-1
652,2091,844.6,383.59,65.34,105.61,0.9767,-1,-1,-1
652,2046,619.04,287.45,51.03,96.98,0.9749,-1,-1,-1
652,2077,558.33,304.51,56.7,101.53,0.9714,-1,-1,-1
652,2130,1499.8,331.08,42.67,106.98,0.9713,-1,-1,-1
652,2052,1110.95,382.97,41.04,111.52,0.9704,-1,-1,-1
652,2118,76.44,312.35,41.77,101.13,0.9673,-1,-1,-1
652,2057,958.01,291.59,53.9,91.63,0.965,-1,-1,-1
652,2125,874.53,289.14,43.01,92.38,0.963,-1,-1,-1
652,2137,460.28,392.15,53.73,113.6,0.9328,-1,-1,-1
652,2070,487.23,274.3,40.84,128.32,0.8825,-1,-1,-1
652,2068,901.34,324.42,31.62,85.9,0.8209,-1,-1,-1
652,2079,493.9,329.76,39.26,88.96,0.7478,-1,-1,-1
653,2091,842.94,384.21,69.02,105.33,0.9776,-1,-1,-1
653,2122,1565.83,492.86,53.51,134.96,0.9761,-1,-1,-1
653,2046,620.43,287.65,47.5,99.28,0.9738,-1,-1,-1
653,2052,1108.41,382.93,44.2,113.01,0.9737,-1,-1,-1
653,2115,1031.05,501.0,48.51,139.78,0.9732,-1,-1,-1
653,2077,564.41,304.38,49.21,101.25,0.9721,-1,-1,-1
653,2118,72.04,312.99,41.6,100.51,0.9707,-1,-1,-1
653,2057,959.72,292.21,51.96,94.27,0.9702,-1,-1,-1
653,2130,1495.91,332.36,42.69,107.23,0.9701,-1,-1,-1
653,2070,486.15,277.23,43.21,136.17,0.9511,-1,-1,-1
653,2137,455.62,392.51,53.41,114.64,0.9503,-1,-1,-1
653,2125,872.73,290.15,44.13,97.72,0.9322,-1,-1,-1
653,2068,895.31,329.12,32.98,82.28,0.8622,-1,-1,-1
654,2091,843.57,385.8,66.97,104.27,0.977,-1,-1,-1
654,2122,1569.57,493.4,49.78,133.85,0.9765,-1,-1,-1
654,2115,1034.93,501.86,45.96,138.39,0.9757,-1,-1,-1
654,2052,1107.26,383.76,46.42,112.45,0.9746,-1,-1,-1
654,2118,70.26,313.03,41.72,101.52,0.972,-1,-1,-1
654,2077,568.44,304.16,46.39,102.72,0.9714,-1,-1,-1
654,2130,1493.73,333.68,43.91,107.07,0.9695,-1,-1,-1
654,2046,622.72,288.1,42.4,99.11,0.9668,-1,-1,-1
654,2057,960.09,292.66,52.4,93.37,0.9627,-1,-1,-1
654,2137,454.13,392.71,53.51,115.55,0.9559,-1,-1,-1
654,2068,887.09,327.95,39.71,84.43,0.9042,-1,-1,-1
654,2079,488.47,317.6,40.36,103.02,0.8949,-1,-1,-1
654,2125,872.55,296.49,44.23,89.74,0.8399,-1,-1,-1
654,2070,485.61,278.7,36.95,98.38,0.7055,-1,-1,-1
655,2118,64.96,313.32,42.19,104.55,0.9749,-1,-1,-1
655,2122,1570.59,492.9,51.31,134.25,0.9737,-1,-1,-1
655,2115,1041.58,503.31,42.37,137.88,0.9735,-1,-1,-1
655,2052,1105.0,386.23,50.72,110.99,0.9733,-1,-1,-1
655,2091,847.79,392.59,59.13,97.67,0.969,-1,-1,-1
655,2130,1489.45,334.55,43.2,106.13,0.9687,-1,-1,-1
655,2057,963.85,297.4,50.5,89.39,0.966,-1,-1,-1
655,2077,578.03,303.02,37.53,103.25,0.9607,-1,-1,-1
655,2068,883.05,327.5,39.53,85.59,0.9453,-1,-1,-1
655,2137,453.88,392.91,50.23,115.91,0.9417,-1,-1,-1
655,2046,628.79,291.4,33.39,97.82,0.9255,-1,-1,-1
655,2079,486.75,321.45,37.18,98.26,0.8769,-1,-1,-1
655,2070,487.13,284.52,34.64,80.01,0.734,-1,-1,-1
655,2125,885.2,292.16,31.16,72.71,0.4254,-1,-1,-1
656,2115,1036.77,502.41,50.09,138.68,0.9767,-1,-1,-1
656,2122,1562.63,491.55,60.48,136.72,0.9766,-1,-1,-1
656,2130,1481.95,336.57,43.33,104.8,0.9737,-1,-1,-1
656,2118,61.53,315.47,42.01,105.87,0.9728,-1,-1,-1
656,2057,966.84,298.06,52.37,90.41,0.9677,-1,-1,-1
656,2052,1100.74,388.07,57.02,110.63,0.9673,-1,-1,-1
656,2091,853.1,395.34,52.67,96.43,0.9611,-1,-1,-1
656,2077,581.0,303.33,34.78,102.7,0.9593,-1,-1,-1
656,2046,630.02,294.26,32.45,95.23,0.9507,-1,-1,-1
656,2068,885.25,308.95,36.79,109.74,0.9168,-1,-1,-1
656,2070,485.25,286.69,34.67,77.24,0.893,-1,-1,-1
656,2079,486.88,328.67,34.05,88.94,0.8544,-1,-1,-1
657,2122,1559.56,490.79,64.36,138.94,0.9771,-1,-1,-1
657,2118,58.94,315.89,42.26,105.08,0.9762,-1,-1,-1
657,2115,1034.16,501.57,53.97,140.0,0.9742,-1,-1,-1
657,2130,1480.57,337.24,40.22,104.09,0.9672,-1,-1,-1
657,2057,968.0,298.29,48.95,90.39,0.9652,-1,-1,-1
657,2077,579.51,302.97,37.47,103.43,0.9639,-1,-1,-1
657,2091,857.45,395.65,49.14,95.81,0.962,-1,-1,-1
657,2046,629.66,293.63,33.03,96.77,0.9591,-1,-1,-1
657,2052,1100.64,389.93,57.56,108.34,0.9468,-1,-1,-1
657,2079,484.89,327.96,33.81,89.58,0.9274,-1,-1,-1
657,2070,484.42,287.25,34.81,74.88,0.9124,-1,-1,-1
657,2068,884.53,315.48,36.59,101.16,0.8726,-1,-1,-1
657,2125,888.27,294.68,26.32,65.47,0.4637,-1,-1,-1
658,2122,1555.16,489.85,69.72,137.74,0.9745,-1,-1,-1
658,2118,55.09,318.27,42.27,105.67,0.9736,-1,-1,-1
658,2115,1030.2,501.18,58.92,139.71,0.9732,-1,-1,-1
658,2057,967.63,298.16,48.01,91.19,0.9698,-1,-1,-1
658,2130,1477.26,338.05,38.7,103.28,0.969,-1,-1,-1
658,2077,577.03,302.06,40.03,104.32,0.9685,-1,-1,-1
658,2068,873.16,297.44,46.69,117.45,0.9658,-1,-1,-1
658,2091,867.0,388.94,45.6,101.81,0.9657,-1,-1,-1
658,2052,1097.64,391.81,62.26,107.62,0.9636,-1,-1,-1
658,2046,630.12,294.45,34.26,90.95,0.958,-1,-1,-1
658,2079,482.48,321.33,31.86,96.25,0.8493,-1,-1,-1
658,2070,484.56,290.14,31.89,84.35,0.7981,-1,-1,-1
659,2122,1550.35,489.55,84.51,137.64,0.977,-1,-1,-1
659,2115,1026.47,500.84,66.33,141.79,0.9759,-1,-1,-1
659,2077,575.29,301.18,46.91,104.27,0.9745,-1,-1,-1
659,2091,867.99,388.62,48.49,102.49,0.9733,-1,-1,-1
659,2052,1095.06,393.46,58.96,106.7,0.9721,-1,-1,-1
659,2057,963.93,297.72,49.58,93.3,0.9711,-1,-1,-1
659,2118,50.66,321.51,41.91,107.11,0.9648,-1,-1,-1
659,2068,869.5,299.94,48.15,114.26,0.9647,-1,-1,-1
659,2046,629.52,294.77,34.39,96.81,0.9626,-1,-1,-1
659,2130,1474.77,336.34,34.03,105.1,0.959,-1,-1,-1
659,2079,479.57,322.96,30.26,95.04,0.8625,-1,-1,-1
659,2070,482.02,286.78,33.13,91.72,0.6683,-1,-1,-1
660,2122,1549.49,490.61,88.88,136.51,0.9815,-1,-1,-1
660,2118,47.85,323.7,42.2,104.84,0.9749,-1,-1,-1
660,2115,1026.54,501.38,69.65,140.43,0.9748,-1,-1,-1
660,2077,574.67,301.6,49.53,104.57,0.9734,-1,-1,-1
660,2057,963.86,299.51,47.33,90.17,0.9731,-1,-1,-1
660,2091,865.99,386.15,51.99,105.8,0.9727,-1,-1,-1
660,2052,1093.45,393.9,59.35,106.71,0.9724,-1,-1,-1
660,2068,868.63,300.71,49.67,113.98,0.9627,-1,-1,-1
660,2046,629.36,293.91,34.91,98.99,0.9616,-1,-1,-1
660,2130,1472.04,336.06,33.3,106.18,0.9502,-1,-1,-1
660,2070,486.66,289.5,28.2,83.01,0.8909,-1,-1,-1
660,2079,478.24,324.61,29.28,92.3,0.8731,-1,-1,-1
661,2122,1548.79,491.61,87.97,135.89,0.9821,-1,-1,-1
661,2115,1028.31,503.35,68.31,138.91,0.9766,-1,-1,-1
661,2118,45.12,326.7,41.82,103.82,0.9721,-1,-1,-1
661,2052,1090.97,393.45,55.53,107.45,0.9718,-1,-1,-1
661,2077,573.65,302.49,54.58,103.76,0.9709,-1,-1,-1
661,2057,961.26,298.61,45.19,94.75,0.9681,-1,-1,-1
661,2091,863.14,391.67,56.41,100.45,0.9681,-1,-1,-1
661,2046,628.18,294.47,38.74,99.92,0.9634,-1,-1,-1
661,2130,1468.25,335.87,33.07,105.76,0.9518,-1,-1,-1
661,2079,475.86,327.91,28.16,89.25,0.9358,-1,-1,-1
661,2068,877.96,300.98,41.29,109.26,0.9261,-1,-1,-1
661,2137,457.14,395.6,41.57,114.51,0.9193,-1,-1,-1
661,2070,484.31,292.95,31.31,86.92,0.7679,-1,-1,-1
662,2122,1551.35,492.49,81.77,134.45,0.9781,-1,-1,-1
662,2115,1030.2,505.04,65.85,137.77,0.9768,-1,-1,-1
662,2052,1090.43,392.02,51.58,108.42,0.9732,-1,-1,-1
662,2057,959.12,301.69,43.6,93.52,0.9729,-1,-1,-1
662,2077,574.93,304.68,53.28,101.71,0.9727,-1,-1,-1
662,2091,862.79,389.43,59.57,103.54,0.9719,-1,-1,-1
662,2118,42.45,328.19,40.91,103.14,0.9692,-1,-1,-1
662,2046,626.98,297.14,43.32,99.18,0.9609,-1,-1,-1
662,2079,473.82,326.49,26.39,90.95,0.9392,-1,-1,-1
662,2068,872.6,303.86,42.85,112.45,0.9365,-1,-1,-1
662,2130,1465.26,335.18,31.92,106.82,0.9344,-1,-1,-1
662,2070,486.74,294.51,28.68,96.25,0.9104,-1,-1,-1
663,2122,1553.82,493.92,81.56,132.2,0.9785,-1,-1,-1
663,2115,1032.48,506.16,64.0,136.19,0.9766,-1,-1,-1
663,2052,1091.61,391.3,48.43,109.19,0.974,-1,-1,-1
663,2077,576.06,305.53,50.73,100.63,0.9726,-1,-1,-1
663,2091,863.21,391.57,61.15,101.19,0.9714,-1,-1,-1
663,2057,958.94,302.69,40.49,94.42,0.9703,-1,-1,-1
663,2118,40.69,329.05,39.76,102.25,0.9695,-1,-1,-1
663,2046,628.32,296.59,42.96,100.59,0.9604,-1,-1,-1
663,2130,1463.27,334.74,32.4,108.01,0.9533,-1,-1,-1
663,2068,871.88,304.4,46.03,114.15,0.9348,-1,-1,-1
663,2079,472.42,325.46,26.03,90.81,0.931,-1,-1,-1
663,2070,486.0,294.22,29.5,98.0,0.9165,-1,-1,-1
663,2137,452.9,397.58,48.13,114.35,0.8507,-1,-1,-1
664,2122,1560.79,493.88,77.07,133.24,0.9779,-1,-1,-1
664,2052,1090.84,390.7,46.13,109.14,0.9751,-1,-1,-1
664,2115,1037.39,506.84,56.34,134.69,0.9724,-1,-1,-1
664,2077,580.58,306.42,43.72,99.86,0.9702,-1,-1,-1
664,2057,958.49,306.54,39.89,93.29,0.9689,-1,-1,-1
664,2118,38.26,329.49,38.36,101.55,0.9686,-1,-1,-1
664,2091,863.68,395.06,66.68,101.79,0.9669,-1,-1,-1
664,2046,631.11,303.06,38.87,96.06,0.9624,-1,-1,-1
664,2137,450.13,397.37,51.81,114.76,0.9599,-1,-1,-1
664,2130,1459.33,335.25,31.92,107.74,0.9471,-1,-1,-1
664,2068,869.95,304.19,45.59,119.32,0.9384,-1,-1,-1
664,2079,470.0,326.03,26.75,88.29,0.9261,-1,-1,-1
664,2070,484.11,295.62,31.13,98.23,0.8749,-1,-1,-1
665,2122,1568.49,494.0,70.66,131.96,0.9763,-1,-1,-1
665,2052,1089.76,388.14,46.61,112.85,0.976,-1,-1,-1
665,2057,957.8,308.59,43.17,92.02,0.9745,-1,-1,-1
665,2115,1045.15,507.7,50.93,133.68,0.9735,-1,-1,-1
665,2137,447.98,401.13,54.71,112.65,0.9711,-1,-1,-1
665,2091,864.95,389.93,64.61,109.43,0.9675,-1,-1,-1
665,2077,585.07,307.45,38.51,98.8,0.9654,-1,-1,-1
665,2118,34.39,329.31,37.49,103.9,0.9609,-1,-1,-1
665,2046,634.35,304.93,32.2,94.24,0.9503,-1,-1,-1
665,2130,1454.88,336.36,32.65,109.52,0.9462,-1,-1,-1
665,2070,486.23,299.7,31.6,95.65,0.9235,-1,-1,-1
665,2068,870.3,305.09,49.69,117.99,0.868,-1,-1,-1
665,2079,467.95,325.61,24.53,80.3,0.852,-1,-1,-1
666,2052,1088.64,388.01,46.16,112.75,0.9766,-1,-1,-1
666,2115,1048.4,507.0,48.5,133.5,0.9763,-1,-1,-1
666,2057,957.38,309.43,44.55,91.0,0.9747,-1,-1,-1
666,2137,446.98,402.8,55.93,111.39,0.9721,-1,-1,-1
666,2122,1572.03,493.77,68.1,131.63,0.9718,-1,-1,-1
666,2091,867.62,390.54,60.52,109.25,0.9647,-1,-1,-1
666,2077,586.43,306.7,36.38,101.35,0.9612,-1,-1,-1
666,2130,1452.94,338.4,32.12,107.28,0.956,-1,-1,-1
666,2118,31.62,329.91,36.59,103.75,0.9529,-1,-1,-1
666,2046,635.89,306.41,30.32,93.01,0.9452,-1,-1,-1
666,2070,485.55,300.14,32.26,95.96,0.9245,-1,-1,-1
666,2079,466.2,324.33,25.03,87.23,0.9192,-1,-1,-1
666,2068,869.75,307.11,49.71,115.17,0.8014,-1,-1,-1
667,2052,1086.75,389.34,46.62,111.15,0.9768,-1,-1,-1
667,2115,1050.55,505.37,47.75,134.4,0.9754,-1,-1,-1
667,2137,445.86,403.76,55.6,111.83,0.9732,-1,-1,-1
667,2057,951.45,310.01,52.62,91.23,0.9723,-1,-1,-1
667,2122,1578.33,490.42,59.28,133.84,0.968,-1,-1,-1
667,2091,874.12,393.19,52.45,105.01,0.9646,-1,-1,-1
667,2077,591.81,306.58,29.55,99.98,0.9574,-1,-1,-1
667,2118,27.89,330.07,35.74,106.35,0.9573,-1,-1,-1
667,2046,637.65,308.01,28.46,92.06,0.9541,-1,-1,-1
667,2130,1447.1,340.79,33.52,106.4,0.954,-1,-1,-1
667,2070,486.03,300.17,30.03,98.38,0.938,-1,-1,-1
667,2079,462.84,324.48,27.22,91.68,0.927,-1,-1,-1
667,2068,881.11,308.72,33.25,93.5,0.7688,-1,-1,-1
668,2057,947.22,310.31,57.39,90.64,0.9789,-1,-1,-1
668,2115,1048.11,503.53,51.21,137.72,0.978,-1,-1,-1
668,2052,1084.03,391.82,46.61,108.89,0.9748,-1,-1,-1
668,2137,444.79,406.11,55.01,110.17,0.9731,-1,-1,-1
668,2122,1574.2,489.1,62.38,135.21,0.971,-1,-1,-1
668,2130,1442.02,344.24,36.4,104.73,0.9646,-1,-1,-1
668,2077,592.54,306.99,27.25,98.35,0.9545,-1,-1,-1
668,2091,887.04,392.65,41.31,104.81,0.9541,-1,-1,-1
668,2118,24.42,331.74,35.44,106.61,0.952,-1,-1,-1
668,2046,639.16,308.75,27.87,91.21,0.9472,-1,-1,-1
668,2070,483.93,303.44,31.53,96.36,0.944,-1,-1,-1
668,2161,860.14,349.94,37.29,82.65,0.9371,-1,-1,-1
668,2068,884.08,309.1,40.52,97.6,0.91,-1,-1,-1
668,2079,460.26,323.23,24.4,86.9,0.8901,-1,-1,-1
669,2057,945.66,309.77,58.38,91.68,0.979,-1,-1,-1
669,2115,1045.02,502.39,54.17,138.72,0.9772,-1,-1,-1
669,2052,1083.92,393.08,45.77,108.74,0.9739,-1,-1,-1
669,2122,1570.43,488.16,66.13,136.63,0.9731,-1,-1,-1
669,2137,445.02,407.09,54.25,109.27,0.972,-1,-1,-1
669,2130,1439.45,345.27,37.11,104.83,0.9629,-1,-1,-1
669,2118,22.37,333.4,35.68,105.96,0.9565,-1,-1,-1
669,2077,591.49,307.14,28.88,98.36,0.9552,-1,-1,-1
669,2091,890.38,392.89,40.37,104.71,0.9454,-1,-1,-1
669,2046,639.24,308.87,28.32,90.75,0.9452,-1,-1,-1
669,2070,480.47,304.3,35.83,95.91,0.9274,-1,-1,-1
669,2161,858.74,352.73,37.27,81.24,0.9267,-1,-1,-1
669,2068,885.19,309.33,41.73,99.59,0.9235,-1,-1,-1
669,2079,458.18,323.17,23.04,80.22,0.8393,-1,-1,-1
670,2115,1042.32,502.16,61.33,139.83,0.9786,-1,-1,-1
670,2122,1568.03,488.08,70.38,136.63,0.9757,-1,-1,-1
670,2052,1083.04,395.56,46.3,107.15,0.9735,-1,-1,-1
670,2137,446.57,408.48,49.15,107.32,0.9682,-1,-1,-1
670,2057,942.79,309.72,60.47,93.28,0.9678,-1,-1,-1
670,2130,1434.47,347.69,38.9,102.32,0.9658,-1,-1,-1
670,2118,17.8,336.71,37.32,105.49,0.9654,-1,-1,-1
670,2077,588.59,306.43,36.83,99.19,0.9613,-1,-1,-1
670,2091,894.99,391.51,37.91,103.6,0.954,-1,-1,-1
670,2046,637.69,308.48,30.42,93.12,0.9527,-1,-1,-1
670,2068,884.19,310.69,42.36,99.54,0.9409,-1,-1,-1
670,2079,453.5,325.29,23.21,89.52,0.9197,-1,-1,-1
670,2070,481.24,305.98,33.62,94.76,0.9131,-1,-1,-1
670,2161,856.98,353.07,39.1,84.62,0.9064,-1,-1,-1
671,2115,1040.4,503.44,67.76,139.12,0.9777,-1,-1,-1
671,2122,1566.16,488.64,74.3,135.79,0.9773,-1,-1,-1
671,2052,1081.21,399.34,52.1,104.39,0.9732,-1,-1,-1
671,2130,1429.02,348.18,42.35,103.29,0.9715,-1,-1,-1
671,2077,585.17,306.06,42.21,101.46,0.9695,-1,-1,-1
671,2137,447.96,407.53,45.64,108.37,0.9685,-1,-1,-1
671,2057,942.43,309.25,58.79,94.41,0.9665,-1,-1,-1
671,2046,633.89,308.58,37.07,95.18,0.9663,-1,-1,-1
671,2091,891.58,388.75,44.32,109.34,0.9657,-1,-1,-1
671,2118,14.74,339.87,37.29,104.54,0.9656,-1,-1,-1
671,2068,881.96,313.82,42.61,92.78,0.9424,-1,-1,-1
671,2070,481.42,307.48,32.8,92.4,0.936,-1,-1,-1
671,2079,449.06,326.17,25.34,91.71,0.9338,-1,-1,-1
671,2161,861.49,353.91,34.07,83.53,0.8782,-1,-1,-1
672,2115,1039.41,504.83,69.03,137.71,0.9775,-1,-1,-1
672,2122,1565.76,489.22,75.31,134.65,0.9774,-1,-1,-1
672,2130,1426.72,349.41,42.5,103.12,0.9736,-1,-1,-1
672,2052,1079.71,400.01,53.57,103.94,0.9733,-1,-1,-1
672,2137,448.33,406.82,43.48,109.62,0.971,-1,-1,-1
672,2077,584.91,306.96,42.75,98.63,0.9708,-1,-1,-1
672,2046,632.23,308.31,40.39,96.72,0.9702,-1,-1,-1
672,2118,12.89,340.82,38.48,103.04,0.9676,-1,-1,-1
672,2057,941.12,309.49,59.45,94.35,0.9657,-1,-1,-1
672,2091,889.23,390.62,46.73,109.08,0.9543,-1,-1,-1
672,2068,880.58,315.16,42.98,91.87,0.9471,-1,-1,-1
672,2079,446.72,327.07,26.75,92.98,0.9426,-1,-1,-1
672,2070,480.12,307.34,34.58,93.02,0.9384,-1,-1,-1
672,2161,862.13,352.14,34.46,85.11,0.9219,-1,-1,-1
673,2115,1039.65,506.59,64.8,135.66,0.9777,-1,-1,-1
673,2122,1566.14,490.97,71.17,132.43,0.9762,-1,-1,-1
673,2046,630.08,310.88,44.18,94.64,0.9725,-1,-1,-1
673,2052,1077.98,401.88,54.81,102.91,0.971,-1,-1,-1
673,2091,888.87,391.59,54.95,107.83,0.9705,-1,-1,-1
673,2137,448.47,407.7,39.56,108.94,0.9685,-1,-1,-1
673,2118,8.91,343.61,39.73,102.02,0.9677,-1,-1,-1
673,2077,583.6,307.74,41.24,99.19,0.9676,-1,-1,-1
673,2130,1420.99,350.11,41.32,104.4,0.9674,-1,-1,-1
673,2057,941.85,310.23,57.37,94.5,0.9671,-1,-1,-1
673,2068,877.21,318.59,41.95,91.2,0.9601,-1,-1,-1
673,2070,478.74,307.06,36.32,93.3,0.9484,-1,-1,-1
673,2079,441.57,327.52,29.46,93.12,0.9479,-1,-1,-1
673,2161,859.32,361.13,35.94,77.34,0.9458,-1,-1,-1
674,2122,1569.46,491.96,63.69,130.53,0.9777,-1,-1,-1
674,2091,887.83,393.29,61.8,107.44,0.9747,-1,-1,-1
674,2115,1041.6,510.01,61.86,131.08,0.9739,-1,-1,-1
674,2052,1074.73,401.7,53.63,103.89,0.9733,-1,-1,-1
674,2046,629.4,313.56,44.64,95.06,0.9718,-1,-1,-1
674,2057,940.74,310.44,56.83,96.7,0.9685,-1,-1,-1
674,2130,1415.5,351.46,40.16,102.96,0.9672,-1,-1,-1
674,2077,584.44,309.37,35.89,97.34,0.9667,-1,-1,-1
674,2079,437.2,327.12,32.11,95.09,0.9634,-1,-1,-1
674,2118,4.44,343.88,40.07,100.67,0.958,-1,-1,-1
674,2070,478.32,307.84,35.91,96.11,0.9555,-1,-1,-1
674,2068,874.37,320.7,41.2,90.95,0.9539,-1,-1,-1
674,2137,448.36,407.44,37.31,108.52,0.9459,-1,-1,-1
674,2161,854.74,364.2,37.72,74.0,0.9442,-1,-1,-1
675,2122,1572.82,491.85,59.62,129.47,0.9754,-1,-1,-1
675,2052,1073.19,401.67,51.91,103.27,0.9747,-1,-1,-1
675,2091,886.97,394.02,64.29,107.92,0.9744,-1,-1,-1
675,2115,1044.69,510.35,59.73,128.73,0.9724,-1,-1,-1
675,2130,1411.6,352.12,40.96,102.46,0.9714,-1,-1,-1
675,2046,630.15,314.67,42.27,95.14,0.9699,-1,-1,-1
675,2057,940.17,310.72,56.49,98.84,0.9678,-1,-1,-1
675,2079,435.22,327.18,33.42,95.23,0.9631,-1,-1,-1
675,2077,585.23,309.79,33.54,97.04,0.9624,-1,-1,-1
675,2070,477.97,307.68,36.86,97.25,0.9622,-1,-1,-1
675,2118,2.93,343.94,39.89,100.58,0.9622,-1,-1,-1
675,2161,853.33,364.42,39.4,73.62,0.9482,-1,-1,-1
675,2137,447.94,407.0,36.14,108.64,0.9322,-1,-1,-1
675,2068,871.76,320.7,37.14,85.86,0.8978,-1,-1,-1
676,2052,1070.91,401.43,48.52,103.41,0.9764,-1,-1,-1
676,2091,890.09,396.45,60.3,107.26,0.9746,-1,-1,-1
676,2115,1053.76,509.71,52.77,127.96,0.9716,-1,-1,-1
676,2122,1581.58,491.02,50.5,128.73,0.9699,-1,-1,-1
676,2130,1408.29,353.09,38.91,100.73,0.9696,-1,-1,-1
676,2118,1.42,344.17,37.81,102.09,0.9668,-1,-1,-1
676,2070,476.84,308.57,36.6,98.92,0.9629,-1,-1,-1
676,2057,940.5,310.95,55.49,99.76,0.9613,-1,-1,-1
676,2046,633.23,318.39,35.98,90.76,0.9585,-1,-1,-1
676,2079,431.15,330.36,36.83,92.41,0.9567,-1,-1,-1
676,2077,588.65,310.58,27.81,96.4,0.9516,-1,-1,-1
676,2161,849.2,324.38,52.0,117.46,0.9508,-1,-1,-1
676,2137,446.96,407.96,35.38,108.68,0.5055,-1,-1,-1
677,2115,1060.66,509.32,48.71,127.75,0.9765,-1,-1,-1
677,2052,1066.99,401.6,47.07,103.12,0.9752,-1,-1,-1
677,2122,1587.79,489.75,44.87,128.03,0.9741,-1,-1,-1
677,2091,896.13,397.44,50.23,105.62,0.9737,-1,-1,-1
677,2079,428.02,330.21,39.78,92.64,0.9718,-1,-1,-1
677,2057,940.35,311.79,53.14,98.8,0.9684,-1,-1,-1
677,2070,477.3,311.13,35.68,97.48,0.9627,-1,-1,-1
677,2161,848.84,322.58,51.7,119.81,0.9624,-1,-1,-1
677,2130,1405.79,353.82,36.13,100.48,0.9619,-1,-1,-1
677,2118,0.0,344.15,36.34,106.15,0.9597,-1,-1,-1
677,2046,635.51,320.89,33.51,88.59,0.955,-1,-1,-1
677,2077,590.63,310.36,27.71,97.06,0.9539,-1,-1,-1
677,2137,445.31,409.6,39.21,108.06,0.9506,-1,-1,-1
677,2068,885.54,353.69,19.64,56.64,0.7322,-1,-1,-1
678,2052,1065.93,401.3,45.68,103.01,0.9801,-1,-1,-1
678,2115,1062.4,508.98,47.66,127.13,0.9761,-1,-1,-1
678,2122,1584.27,488.22,48.38,128.92,0.9739,-1,-1,-1
678,2079,426.12,330.32,41.81,92.52,0.9737,-1,-1,-1
678,2091,898.81,398.05,46.39,104.71,0.9729,-1,-1,-1
678,2057,942.78,314.52,50.17,95.3,0.9681,-1,-1,-1
678,2130,1403.81,355.17,36.31,98.73,0.9628,-1,-1,-1
678,2070,476.94,312.73,35.61,96.59,0.9623,-1,-1,-1
678,2137,444.51,409.63,42.01,109.01,0.9593,-1,-1,-1
678,2046,636.05,321.1,32.63,89.11,0.9562,-1,-1,-1
678,2118,0.0,344.72,34.47,105.68,0.9539,-1,-1,-1
678,2077,590.07,310.96,28.19,96.25,0.9512,-1,-1,-1
678,2161,850.53,327.53,49.93,116.09,0.9371,-1,-1,-1
678,2068,885.07,350.19,18.09,60.16,0.5951,-1,-1,-1
679,2115,1059.83,505.91,51.63,130.15,0.9765,-1,-1,-1
679,2052,1063.59,400.5,42.27,101.7,0.9736,-1,-1,-1
679,2079,423.07,330.82,43.05,92.47,0.9694,-1,-1,-1
679,2122,1578.67,488.36,55.7,129.56,0.9684,-1,-1,-1
679,2057,943.55,315.15,49.38,94.33,0.9674,-1,-1,-1
679,2046,633.9,321.95,34.43,88.21,0.9637,-1,-1,-1
679,2070,477.1,315.16,34.34,95.35,0.9634,-1,-1,-1
679,2137,443.27,411.19,44.22,109.0,0.9627,-1,-1,-1
679,2130,1400.97,355.29,34.91,99.37,0.9623,-1,-1,-1
679,2077,588.44,309.83,30.96,96.8,0.9577,-1,-1,-1
679,2118,0.0,346.0,30.64,104.97,0.9532,-1,-1,-1
679,2091,907.6,398.38,34.62,103.22,0.9487,-1,-1,-1
679,2161,853.91,322.8,43.9,119.23,0.9462,-1,-1,-1
680,2115,1055.78,504.33,57.44,131.81,0.9738,-1,-1,-1
680,2122,1572.33,485.91,62.9,131.63,0.9728,-1,-1,-1
680,2052,1060.96,398.22,41.89,105.21,0.9718,-1,-1,-1
680,2079,420.27,331.23,44.44,92.01,0.9712,-1,-1,-1
680,2046,632.18,321.63,36.53,89.99,0.9694,-1,-1,-1
680,2077,585.64,309.61,39.64,96.2,0.9688,-1,-1,-1
680,2057,945.64,317.32,48.37,91.17,0.9685,-1,-1,-1
680,2161,853.52,318.9,38.31,110.55,0.9597,-1,-1,-1
680,2137,442.18,412.52,45.26,107.86,0.959,-1,-1,-1
680,2070,478.8,317.53,31.22,92.73,0.9585,-1,-1,-1
680,2091,913.98,397.2,30.79,102.48,0.9524,-1,-1,-1
680,2130,1398.13,359.09,32.2,94.3,0.9436,-1,-1,-1
680,2118,0.0,347.94,27.06,102.96,0.9424,-1,-1,-1
680,2068,866.6,358.29,32.4,87.65,0.7048,-1,-1,-1
681,2122,1570.16,485.36,66.04,132.15,0.9739,-1,-1,-1
681,2115,1054.23,503.72,60.0,133.42,0.9738,-1,-1,-1
681,2079,419.59,331.38,44.74,91.79,0.9715,-1,-1,-1
681,2077,584.96,309.4,42.16,96.17,0.9714,-1,-1,-1
681,2046,631.83,321.41,36.87,92.01,0.97,-1,-1,-1
681,2052,1059.08,397.49,41.94,106.29,0.9695,-1,-1,-1
681,2057,946.49,317.54,48.68,90.92,0.9694,-1,-1,-1
681,2137,441.26,412.48,43.67,107.6,0.9604,-1,-1,-1
681,2130,1396.7,357.38,31.98,96.23,0.9588,-1,-1,-1
681,2070,480.54,318.07,29.43,92.09,0.9585,-1,-1,-1
681,2161,852.17,318.18,38.01,107.69,0.9569,-1,-1,-1
681,2091,915.46,397.62,31.86,102.06,0.9568,-1,-1,-1
681,2118,0.0,349.28,25.6,101.14,0.9316,-1,-1,-1
681,2068,865.98,361.34,33.75,85.34,0.8647,-1,-1,-1
682,2115,1053.02,504.09,65.27,133.16,0.9774,-1,-1,-1
682,2122,1567.0,485.0,79.26,132.06,0.9768,-1,-1,-1
682,2077,582.47,310.03,46.74,95.53,0.9733,-1,-1,-1
682,2079,417.3,331.21,45.15,91.74,0.9713,-1,-1,-1
682,2046,631.97,321.54,37.48,94.04,0.9706,-1,-1,-1
682,2057,946.02,316.41,54.19,92.31,0.9703,-1,-1,-1
682,2052,1056.92,396.06,40.16,106.11,0.9702,-1,-1,-1
682,2091,913.57,396.24,36.64,103.63,0.9657,-1,-1,-1
682,2070,481.64,319.68,28.9,89.72,0.9573,-1,-1,-1
682,2161,850.15,317.33,33.71,107.67,0.9545,-1,-1,-1
682,2130,1393.5,358.14,29.94,96.96,0.9478,-1,-1,-1
682,2137,439.67,414.56,43.53,105.11,0.924,-1,-1,-1
682,2068,864.3,367.06,36.62,79.75,0.922,-1,-1,-1
682,2118,0.0,351.1,22.08,104.32,0.9106,-1,-1,-1
682,2165,890.04,360.37,16.82,48.96,0.7922,-1,-1,-1
683,2122,1561.05,485.51,90.87,130.93,0.9806,-1,-1,-1
683,2115,1051.67,504.65,67.58,133.42,0.9775,-1,-1,-1
683,2057,946.02,317.01,58.86,90.94,0.9745,-1,-1,-1
683,2091,909.75,395.35,47.98,105.46,0.9725,-1,-1,-1
683,2052,1053.88,395.67,39.43,106.62,0.9713,-1,-1,-1
683,2077,579.48,310.9,48.71,93.82,0.971,-1,-1,-1
683,2079,416.52,330.2,43.18,92.02,0.97,-1,-1,-1
683,2046,632.76,321.47,37.17,94.27,0.9689,-1,-1,-1
683,2070,481.51,317.02,29.14,92.55,0.9609,-1,-1,-1
683,2130,1389.16,355.45,30.42,100.78,0.9397,-1,-1,-1
683,2161,848.37,314.5,33.31,105.54,0.937,-1,-1,-1
683,2068,861.84,361.31,47.98,84.0,0.9287,-1,-1,-1
683,2118,0.22,353.98,17.85,97.49,0.8462,-1,-1,-1
683,2137,438.91,416.98,42.05,101.13,0.5961,-1,-1,-1
684,2122,1558.52,485.43,93.36,130.51,0.9811,-1,-1,-1
684,2115,1050.57,504.93,66.88,133.03,0.9775,-1,-1,-1
684,2057,944.13,317.59,61.97,90.51,0.975,-1,-1,-1
684,2052,1051.94,395.43,39.35,106.43,0.9728,-1,-1,-1
684,2077,579.4,311.31,47.03,92.49,0.9719,-1,-1,-1
684,2079,416.92,328.48,41.64,93.25,0.97,-1,-1,-1
684,2091,909.14,394.69,51.88,107.04,0.9693,-1,-1,-1
684,2046,633.1,322.07,36.7,94.11,0.9674,-1,-1,-1
684,2068,858.17,360.84,52.72,85.05,0.962,-1,-1,-1
684,2070,481.06,316.07,29.49,93.45,0.9617,-1,-1,-1
684,2161,845.33,314.36,32.99,101.65,0.9554,-1,-1,-1
684,2130,1386.98,355.49,30.74,100.05,0.9492,-1,-1,-1
684,2118,0.16,355.52,15.95,95.26,0.8682,-1,-1,-1
684,2137,437.7,417.59,43.49,100.57,0.8045,-1,-1,-1
685,2115,1052.15,505.69,63.75,129.27,0.9767,-1,-1,-1
685,2122,1559.68,484.71,82.65,127.11,0.9753,-1,-1,-1
685,2068,856.87,358.94,54.12,87.24,0.9745,-1,-1,-1
685,2057,946.41,319.08,59.6,87.82,0.9743,-1,-1,-1
685,2052,1048.9,395.11,39.24,105.09,0.9706,-1,-1,-1
685,2091,907.77,394.94,58.34,106.95,0.9696,-1,-1,-1
685,2077,575.77,311.57,46.78,90.45,0.9695,-1,-1,-1
685,2070,478.08,315.37,32.99,94.76,0.9684,-1,-1,-1
685,2046,632.7,323.86,35.3,91.36,0.966,-1,-1,-1
685,2079,416.89,325.62,38.63,92.73,0.9629,-1,-1,-1
685,2130,1381.58,356.07,31.69,99.05,0.9557,-1,-1,-1
685,2161,842.45,313.6,32.33,100.38,0.9548,-1,-1,-1
685,2118,0.5,356.02,11.1,90.34,0.8081,-1,-1,-1
686,2068,856.03,356.91,53.9,89.7,0.9772,-1,-1,-1
686,2115,1054.26,503.96,62.18,128.94,0.9757,-1,-1,-1
686,2052,1044.5,394.83,42.12,103.93,0.9749,-1,-1,-1
686,2122,1562.18,482.32,76.37,126.75,0.9735,-1,-1,-1
686,2077,574.17,311.27,43.77,87.88,0.9733,-1,-1,-1
686,2057,946.8,318.07,59.37,87.68,0.972,-1,-1,-1
686,2091,906.24,395.31,56.97,105.99,0.9717,-1,-1,-1
686,2070,474.98,313.95,35.83,95.4,0.9654,-1,-1,-1
686,2079,417.75,325.24,33.46,90.21,0.9625,-1,-1,-1
686,2161,838.98,312.24,32.25,101.46,0.9598,-1,-1,-1
686,2130,1375.8,354.41,32.91,101.64,0.9525,-1,-1,-1
686,2046,630.79,325.26,34.28,89.66,0.9448,-1,-1,-1
686,2137,432.84,416.43,42.62,95.79,0.6231,-1,-1,-1
687,2052,1042.66,394.52,43.75,103.4,0.9761,-1,-1,-1
687,2068,855.78,355.74,54.21,90.48,0.9757,-1,-1,-1
687,2115,1055.71,503.09,61.41,128.75,0.9751,-1,-1,-1
687,2122,1563.29,480.68,73.18,126.13,0.9721,-1,-1,-1
687,2077,572.76,309.67,42.8,88.11,0.9714,-1,-1,-1
687,2057,949.33,317.07,55.36,86.43,0.9706,-1,-1,-1
687,2091,907.62,395.14,53.09,105.15,0.9699,-1,-1,-1
687,2070,473.71,313.65,36.19,94.52,0.96,-1,-1,-1
687,2130,1372.74,354.87,34.25,99.78,0.9599,-1,-1,-1
687,2079,417.32,323.67,31.15,89.95,0.9597,-1,-1,-1
687,2161,836.6,312.72,32.12,99.34,0.9557,-1,-1,-1
687,2046,629.67,325.27,33.46,88.3,0.9519,-1,-1,-1
687,2137,430.7,413.02,42.19,97.98,0.6104,-1,-1,-1
688,2122,1566.78,477.27,65.69,126.17,0.9768,-1,-1,-1
688,2052,1038.87,394.63,44.47,101.13,0.9758,-1,-1,-1
688,2115,1059.98,499.68,56.51,129.07,0.9737,-1,-1,-1
688,2091,909.51,394.57,45.75,101.64,0.9735,-1,-1,-1
688,2057,954.56,314.02,47.75,86.71,0.9712,-1,-1,-1
688,2077,571.37,306.73,38.56,86.85,0.9683,-1,-1,-1
688,2068,856.84,354.53,54.98,91.7,0.9668,-1,-1,-1
688,2070,471.74,312.77,35.75,95.33,0.9645,-1,-1,-1
688,2161,832.1,311.81,32.63,99.3,0.9598,-1,-1,-1
688,2046,628.41,323.48,31.8,88.47,0.9576,-1,-1,-1
688,2130,1367.41,354.38,36.1,97.26,0.9544,-1,-1,-1
688,2079,419.1,320.42,25.38,90.16,0.9496,-1,-1,-1
688,2137,426.7,409.97,43.02,99.41,0.9162,-1,-1,-1
689,2115,1065.52,495.11,49.83,128.93,0.9744,-1,-1,-1
689,2122,1571.66,472.52,58.19,127.16,0.9741,-1,-1,-1
689,2057,955.99,312.57,42.69,85.29,0.9709,-1,-1,-1
689,2052,1035.19,392.76,45.69,100.89,0.9699,-1,-1,-1
689,2130,1360.32,353.13,38.73,95.52,0.9672,-1,-1,-1
689,2091,912.97,390.82,36.04,103.09,0.9662,-1,-1,-1
689,2077,565.07,301.78,39.56,89.52,0.9657,-1,-1,-1
689,2161,826.62,311.67,33.1,97.53,0.9616,-1,-1,-1
689,2070,471.25,312.61,33.93,94.14,0.9616,-1,-1,-1
689,2079,417.5,317.28,24.45,90.97,0.9584,-1,-1,-1
689,2137,423.07,406.12,42.27,103.0,0.9569,-1,-1,-1
689,2068,858.19,358.13,51.07,88.88,0.9378,-1,-1,-1
689,2046,625.78,320.62,31.32,88.3,0.926,-1,-1,-1
689,2165,897.98,352.64,14.09,48.99,0.7563,-1,-1,-1
690,2122,1576.83,469.54,51.36,127.19,0.9765,-1,-1,-1
690,2115,1068.62,493.03,44.36,129.38,0.9712,-1,-1,-1
690,2057,956.31,311.09,41.18,85.32,0.971,-1,-1,-1
690,2130,1357.44,352.13,38.66,94.85,0.9671,-1,-1,-1
690,2137,420.44,404.28,42.94,105.83,0.9655,-1,-1,-1
690,2052,1033.83,392.35,42.7,100.02,0.965,-1,-1,-1
690,2091,913.22,389.31,33.17,103.52,0.962,-1,-1,-1
690,2070,471.63,312.18,32.61,93.32,0.9608,-1,-1,-1
690,2079,414.99,315.42,25.57,91.95,0.9595,-1,-1,-1
690,2077,562.54,300.46,39.33,89.68,0.9581,-1,-1,-1
690,2161,823.76,310.59,34.1,97.86,0.9572,-1,-1,-1
690,2046,625.01,319.68,30.62,88.41,0.9487,-1,-1,-1
690,2068,863.98,355.05,47.3,90.21,0.9406,-1,-1,-1
690,2165,898.87,353.65,13.23,48.4,0.3003,-1,-1,-1
691,2122,1579.68,465.29,46.91,128.93,0.9746,-1,-1,-1
691,2115,1064.84,489.27,45.64,131.01,0.9739,-1,-1,-1
691,2137,416.02,402.22,43.37,108.28,0.9722,-1,-1,-1
691,2057,953.74,306.13,42.48,89.71,0.9717,-1,-1,-1
691,2052,1029.08,390.4,42.28,101.69,0.9713,-1,-1,-1
691,2130,1352.53,350.93,39.12,94.12,0.9667,-1,-1,-1
691,2161,818.7,309.62,34.9,97.42,0.9666,-1,-1,-1
691,2077,555.08,298.32,42.08,87.16,0.9614,-1,-1,-1
691,2070,470.04,313.55,33.68,88.88,0.9602,-1,-1,-1
691,2091,909.75,386.69,32.16,104.48,0.9601,-1,-1,-1
691,2079,411.58,314.47,27.13,90.28,0.9541,-1,-1,-1
691,2046,621.13,316.68,31.62,89.86,0.9505,-1,-1,-1
691,2068,878.84,353.93,33.41,89.3,0.9487,-1,-1,-1
692,2122,1574.36,462.1,48.42,129.71,0.9754,-1,-1,-1
692,2115,1059.2,486.87,49.44,130.7,0.975,-1,-1,-1
692,2137,411.49,400.72,43.66,109.91,0.973,-1,-1,-1
692,2077,547.05,296.28,44.77,87.4,0.9723,-1,-1,-1
692,2057,949.26,302.64,46.92,90.33,0.9717,-1,-1,-1
692,2052,1024.42,388.62,40.82,102.36,0.9704,-1,-1,-1
692,2068,873.74,351.74,40.68,88.91,0.9699,-1,-1,-1
692,2161,812.48,309.04,35.99,96.37,0.9684,-1,-1,-1
692,2079,406.53,313.09,32.38,90.24,0.9621,-1,-1,-1
692,2091,906.62,383.97,30.96,106.65,0.9607,-1,-1,-1
692,2070,466.9,312.4,36.55,87.52,0.9603,-1,-1,-1
692,2130,1347.65,348.31,38.68,96.13,0.958,-1,-1,-1
692,2046,617.8,313.75,34.52,93.97,0.9567,-1,-1,-1
693,2122,1571.92,461.27,49.83,129.04,0.9745,-1,-1,-1
693,2115,1056.5,486.65,52.78,130.2,0.9734,-1,-1,-1
693,2137,409.1,402.49,42.68,107.45,0.9732,-1,-1,-1
693,2068,870.84,349.78,45.54,89.84,0.9729,-1,-1,-1
693,2057,946.29,301.35,50.73,90.27,0.9716,-1,-1,-1
693,2052,1021.11,388.87,40.78,101.2,0.9714,-1,-1,-1
693,2130,1344.64,346.75,39.72,97.36,0.9706,-1,-1,-1
693,2079,403.29,312.73,36.85,89.27,0.9683,-1,-1,-1
693,2070,464.51,312.05,38.06,87.33,0.9667,-1,-1,-1
693,2077,543.77,295.78,47.02,86.98,0.9666,-1,-1,-1
693,2161,808.94,307.83,37.63,96.02,0.9645,-1,-1,-1
693,2091,906.46,383.31,32.19,107.12,0.9574,-1,-1,-1
693,2046,614.99,313.22,35.43,95.37,0.9573,-1,-1,-1
694,2122,1568.82,459.54,49.19,126.71,0.9783,-1,-1,-1
694,2068,865.73,347.69,54.41,91.34,0.9728,-1,-1,-1
694,2079,397.78,311.57,42.61,89.22,0.9726,-1,-1,-1
694,2052,1014.92,386.79,41.46,101.63,0.9725,-1,-1,-1
694,2057,943.08,300.31,53.65,88.6,0.972,-1,-1,-1
694,2137,403.76,403.89,42.96,103.83,0.9716,-1,-1,-1
694,2161,803.18,305.9,37.77,96.21,0.9679,-1,-1,-1
694,2115,1050.86,485.15,58.65,130.55,0.9678,-1,-1,-1
694,2130,1339.47,344.84,40.16,98.19,0.9675,-1,-1,-1
694,2091,901.81,383.49,40.2,105.86,0.9648,-1,-1,-1
694,2070,461.72,310.21,37.83,90.0,0.9644,-1,-1,-1
694,2077,534.22,293.26,53.63,87.64,0.9641,-1,-1,-1
694,2046,611.01,312.97,36.96,94.17,0.9536,-1,-1,-1
695,2122,1567.41,458.51,45.87,125.31,0.9781,-1,-1,-1
695,2068,863.84,345.19,57.97,91.4,0.9731,-1,-1,-1
695,2079,391.7,309.69,47.14,88.08,0.9728,-1,-1,-1
695,2057,944.04,300.52,48.09,86.43,0.9727,-1,-1,-1
695,2130,1332.31,343.43,42.18,98.45,0.9709,-1,-1,-1
695,2115,1046.27,486.63,61.12,128.83,0.9709,-1,-1,-1
695,2052,1011.6,383.78,39.79,101.98,0.97,-1,-1,-1
695,2070,457.8,308.27,40.39,92.58,0.9696,-1,-1,-1
695,2137,399.32,404.61,41.65,101.44,0.9692,-1,-1,-1
695,2161,798.08,303.54,38.12,97.14,0.9682,-1,-1,-1
695,2091,896.71,386.81,42.27,101.86,0.9676,-1,-1,-1
695,2077,526.08,291.87,55.13,86.31,0.959,-1,-1,-1
695,2046,607.56,314.91,36.39,92.79,0.95,-1,-1,-1
696,2122,1566.6,458.42,44.4,124.49,0.9767,-1,-1,-1
696,2130,1328.46,342.96,45.04,98.94,0.9729,-1,-1,-1
696,2115,1043.71,486.52,59.79,128.78,0.9729,-1,-1,-1
696,2079,388.87,309.19,48.33,88.17,0.9721,-1,-1,-1
696,2052,1009.13,382.95,39.47,102.02,0.9714,-1,-1,-1
696,2068,863.34,343.99,59.91,89.64,0.9706,-1,-1,-1
696,2070,456.74,307.87,40.37,92.67,0.9705,-1,-1,-1
696,2161,794.01,302.41,39.58,97.15,0.9675,-1,-1,-1
696,2137,396.0,404.03,42.44,101.19,0.9672,-1,-1,-1
696,2077,521.86,289.7,54.83,87.07,0.9669,-1,-1,-1
696,2057,944.35,300.7,44.06,86.23,0.9653,-1,-1,-1
696,2091,895.37,386.61,40.87,102.74,0.9648,-1,-1,-1
696,2046,605.92,314.93,36.02,92.8,0.9569,-1,-1,-1
697,2130,1321.16,341.46,48.47,100.72,0.9718,-1,-1,-1
697,2115,1042.37,488.97,56.14,123.44,0.9707,-1,-1,-1
697,2052,1004.14,379.97,39.13,103.26,0.97,-1,-1,-1
697,2070,454.12,307.48,40.64,92.29,0.9696,-1,-1,-1
697,2079,383.78,308.09,47.55,88.45,0.969,-1,-1,-1
697,2046,602.23,316.47,35.57,91.7,0.9685,-1,-1,-1
697,2161,789.79,300.71,38.04,96.45,0.9683,-1,-1,-1
697,2137,390.91,403.77,42.36,100.19,0.9682,-1,-1,-1
697,2122,1562.81,456.17,43.83,125.15,0.9661,-1,-1,-1
697,2077,511.05,288.15,55.12,87.35,0.9647,-1,-1,-1
697,2068,866.27,342.68,60.36,83.39,0.9483,-1,-1,-1
697,2091,893.87,389.26,36.41,97.7,0.9266,-1,-1,-1
697,2057,950.38,299.88,33.77,84.89,0.9245,-1,-1,-1
698,2130,1315.33,340.68,48.11,99.2,0.9732,-1,-1,-1
698,2122,1558.32,455.3,43.8,123.98,0.9729,-1,-1,-1
698,2115,1041.85,485.4,53.79,124.75,0.9724,-1,-1,-1
698,2079,377.99,306.6,46.92,88.45,0.972,-1,-1,-1
698,2070,451.89,308.29,38.93,91.66,0.9709,-1,-1,-1
698,2046,598.7,317.36,35.68,88.06,0.9681,-1,-1,-1
698,2137,385.59,403.49,41.74,97.73,0.9668,-1,-1,-1
698,2161,783.93,298.73,38.61,97.45,0.9667,-1,-1,-1
698,2077,501.97,287.23,51.96,84.3,0.9635,-1,-1,-1
698,2052,998.44,375.72,36.61,104.59,0.9633,-1,-1,-1
698,2057,949.72,298.22,28.53,85.17,0.9431,-1,-1,-1
698,2091,888.79,387.54,36.77,97.87,0.934,-1,-1,-1
698,2068,877.16,342.55,47.98,66.64,0.895,-1,-1,-1
699,2122,1555.27,455.14,44.71,122.97,0.9742,-1,-1,-1
699,2130,1313.14,340.27,47.16,99.0,0.9729,-1,-1,-1
699,2115,1041.74,483.23,52.87,125.62,0.9729,-1,-1,-1
699,2079,375.94,305.64,45.86,88.09,0.9726,-1,-1,-1
699,2070,450.48,309.49,38.18,90.62,0.9705,-1,-1,-1
699,2052,994.95,374.65,38.0,106.0,0.9685,-1,-1,-1
699,2077,495.63,286.74,54.35,83.67,0.9674,-1,-1,-1
699,2161,780.68,298.74,39.16,96.17,0.9673,-1,-1,-1
699,2046,596.8,316.9,35.25,87.91,0.9659,-1,-1,-1
699,2137,383.03,401.6,41.01,98.35,0.9585,-1,-1,-1
699,2057,951.31,295.85,26.69,85.85,0.9508,-1,-1,-1
699,2068,889.45,343.35,34.9,58.79,0.94,-1,-1,-1
699,2091,885.34,387.46,39.43,95.8,0.896,-1,-1,-1
700,2122,1552.34,453.72,45.4,121.36,0.9742,-1,-1,-1
700,2115,1043.58,479.11,48.47,127.38,0.9738,-1,-1,-1
700,2130,1307.76,338.9,45.39,98.7,0.9719,-1,-1,-1
700,2079,371.89,303.23,43.62,88.34,0.9712,-1,-1,-1
700,2070,448.21,311.08,34.38,87.35,0.9669,-1,-1,-1
700,2161,775.05,298.16,38.53,96.89,0.965,-1,-1,-1
700,2077,488.49,286.37,53.19,80.51,0.9647,-1,-1,-1
700,2052,988.59,373.43,35.01,105.36,0.9621,-1,-1,-1
700,2046,592.18,316.53,33.72,86.86,0.9613,-1,-1,-1
700,2057,948.04,293.65,29.8,85.57,0.957,-1,-1,-1
700,2091,876.47,377.2,38.97,105.67,0.9534,-1,-1,-1
700,2137,378.33,399.92,40.48,99.49,0.9068,-1,-1,-1
700,2068,894.52,344.0,30.78,58.44,0.7284,-1,-1,-1
701,2122,1545.91,451.99,50.44,120.09,0.9763,-1,-1,-1
701,2115,1046.78,476.31,40.9,129.5,0.9702,-1,-1,-1
701,2130,1300.59,337.18,43.84,99.3,0.9699,-1,-1,-1
701,2079,368.55,302.8,40.36,87.42,0.9682,-1,-1,-1
701,2161,769.48,298.68,38.95,95.65,0.9658,-1,-1,-1
701,2052,982.66,373.45,33.71,103.96,0.9632,-1,-1,-1
701,2057,940.31,292.54,35.63,86.4,0.9626,-1,-1,-1
701,2046,586.98,315.15,33.55,88.73,0.9605,-1,-1,-1
701,2077,479.86,286.59,56.54,77.49,0.9563,-1,-1,-1
701,2070,445.46,310.7,34.17,86.66,0.9519,-1,-1,-1
701,2091,879.63,375.25,30.81,105.08,0.9262,-1,-1,-1
701,2068,897.65,343.85,28.47,64.64,0.901,-1,-1,-1
701,2137,372.89,397.28,39.1,102.49,0.8617,-1,-1,-1
702,2122,1541.4,451.06,56.15,120.51,0.9743,-1,-1,-1
702,2130,1297.5,336.71,42.81,98.76,0.9689,-1,-1,-1
702,2079,367.46,302.29,38.42,88.18,0.9684,-1,-1,-1
702,2057,938.22,291.31,37.02,87.08,0.9673,-1,-1,-1
702,2115,1047.8,475.01,38.05,130.34,0.9669,-1,-1,-1
702,2161,767.14,298.16,38.3,97.47,0.9655,-1,-1,-1
702,2052,979.34,374.09,34.0,103.51,0.9552,-1,-1,-1
702,2046,584.65,314.76,32.91,90.83,0.9533,-1,-1,-1
702,2070,443.72,310.24,33.66,86.97,0.9522,-1,-1,-1
702,2091,876.97,373.99,33.31,105.61,0.9119,-1,-1,-1
702,2068,896.64,343.57,29.92,69.96,0.9105,-1,-1,-1
702,2077,475.97,286.85,55.4,76.13,0.891,-1,-1,-1
702,2137,370.09,396.53,38.83,102.92,0.8521,-1,-1,-1
703,2122,1532.19,448.75,66.67,121.18,0.9714,-1,-1,-1
703,2057,931.44,288.49,42.33,89.31,0.9708,-1,-1,-1
703,2115,1041.85,472.54,41.46,132.8,0.9704,-1,-1,-1
703,2079,363.54,301.19,37.11,88.56,0.97,-1,-1,-1
703,2130,1290.92,335.96,40.84,98.4,0.9694,-1,-1,-1
703,2046,579.78,314.26,33.25,94.82,0.9646,-1,-1,-1
703,2052,974.69,374.51,34.2,103.13,0.9612,-1,-1,-1
703,2077,464.99,286.76,62.39,76.88,0.96,-1,-1,-1
703,2070,440.27,309.1,33.53,87.06,0.9594,-1,-1,-1
703,2161,762.31,298.67,37.08,96.12,0.9565,-1,-1,-1
703,2091,870.32,372.66,31.67,106.61,0.9499,-1,-1,-1
703,2137,364.19,394.39,38.68,109.61,0.9126,-1,-1,-1
703,2068,897.08,343.62,29.12,68.18,0.9027,-1,-1,-1
704,2115,1037.78,471.09,43.18,133.73,0.9724,-1,-1,-1
704,2057,929.1,288.59,44.39,84.87,0.9723,-1,-1,-1
704,2122,1522.67,446.98,76.34,122.74,0.9715,-1,-1,-1
704,2130,1284.54,336.34,40.13,97.14,0.9699,-1,-1,-1
704,2052,968.7,376.41,36.69,101.96,0.969,-1,-1,-1
704,2079,360.31,300.71,35.58,87.21,0.9682,-1,-1,-1
704,2046,575.27,314.82,33.91,95.35,0.9679,-1,-1,-1
704,2161,757.58,300.6,37.63,94.39,0.9653,-1,-1,-1
704,2070,436.59,307.37,35.72,89.75,0.9615,-1,-1,-1
704,2077,464.78,284.58,57.15,77.29,0.9603,-1,-1,-1
704,2137,359.2,394.2,39.51,111.02,0.9531,-1,-1,-1
704,2091,865.12,372.68,33.15,104.73,0.9358,-1,-1,-1
704,2068,894.85,339.92,33.75,84.23,0.8817,-1,-1,-1
705,2122,1518.95,447.38,78.24,121.7,0.9759,-1,-1,-1
705,2115,1036.24,471.29,44.52,132.77,0.9742,-1,-1,-1
705,2079,359.03,300.76,35.25,86.29,0.9699,-1,-1,-1
705,2057,929.67,288.89,42.43,83.55,0.9697,-1,-1,-1
705,2130,1281.36,336.86,40.07,96.96,0.9693,-1,-1,-1
705,2046,573.55,315.84,33.91,94.66,0.9678,-1,-1,-1
705,2070,434.79,307.8,36.51,89.98,0.9676,-1,-1,-1
705,2077,460.72,285.03,57.75,76.13,0.9674,-1,-1,-1
705,2052,965.98,377.71,37.71,101.01,0.9652,-1,-1,-1
705,2161,755.97,300.72,36.31,94.47,0.9609,-1,-1,-1
705,2068,891.47,339.46,40.25,93.96,0.9517,-1,-1,-1
705,2137,357.01,395.37,39.92,110.51,0.9486,-1,-1,-1
705,2091,863.17,371.96,32.95,106.91,0.9443,-1,-1,-1
706,2115,1034.79,473.01,47.15,128.72,0.976,-1,-1,-1
706,2079,355.67,301.97,38.05,84.56,0.9725,-1,-1,-1
706,2122,1511.8,447.31,76.78,121.47,0.9722,-1,-1,-1
706,2052,959.99,379.42,38.17,99.43,0.969,-1,-1,-1
706,2130,1274.83,338.46,40.68,96.94,0.9666,-1,-1,-1
706,2070,432.11,310.18,36.9,88.94,0.9651,-1,-1,-1
706,2046,569.82,319.2,33.66,92.79,0.9614,-1,-1,-1
706,2068,889.35,338.62,48.18,95.93,0.9603,-1,-1,-1
706,2161,752.96,301.13,34.68,93.42,0.9594,-1,-1,-1
706,2057,928.37,289.23,40.15,82.85,0.9592,-1,-1,-1
706,2137,351.9,397.49,40.52,108.42,0.9519,-1,-1,-1
706,2091,857.49,372.79,35.54,106.67,0.9517,-1,-1,-1
706,2077,448.93,283.14,62.84,79.17,0.9514,-1,-1,-1
707,2115,1033.66,475.52,50.46,125.39,0.9766,-1,-1,-1
707,2052,954.17,380.19,38.31,99.12,0.9706,-1,-1,-1
707,2079,352.16,302.8,41.82,85.23,0.9691,-1,-1,-1
707,2068,887.25,339.83,54.56,94.24,0.9689,-1,-1,-1
707,2130,1270.64,341.6,39.77,95.45,0.9683,-1,-1,-1
707,2122,1506.02,447.47,75.99,120.99,0.9664,-1,-1,-1
707,2077,433.95,282.74,67.24,77.3,0.9593,-1,-1,-1
707,2070,428.35,315.4,36.32,84.2,0.9565,-1,-1,-1
707,2161,751.87,300.34,28.58,94.23,0.9544,-1,-1,-1
707,2046,565.89,321.57,34.08,89.29,0.9519,-1,-1,-1
707,2091,854.19,375.73,31.95,105.11,0.9515,-1,-1,-1
707,2057,933.52,290.44,33.33,80.36,0.9496,-1,-1,-1
707,2137,346.36,399.24,42.88,106.17,0.9354,-1,-1,-1
708,2122,1505.44,448.35,73.85,119.67,0.972,-1,-1,-1
708,2130,1268.06,343.06,39.76,94.27,0.9696,-1,-1,-1
708,2115,1031.2,477.51,52.71,123.18,0.9689,-1,-1,-1
708,2052,952.05,380.12,37.23,98.8,0.9682,-1,-1,-1
708,2079,350.41,303.68,41.84,83.73,0.9682,-1,-1,-1
708,2137,344.48,401.92,43.49,103.71,0.9679,-1,-1,-1
708,2077,432.34,281.98,62.25,77.48,0.9673,-1,-1,-1
708,2068,891.61,341.17,50.71,93.93,0.9626,-1,-1,-1
708,2070,427.64,316.93,36.48,83.3,0.958,-1,-1,-1
708,2057,934.31,289.94,32.07,80.66,0.9556,-1,-1,-1
708,2161,751.29,300.15,26.09,94.45,0.9546,-1,-1,-1
708,2046,563.72,322.87,34.98,87.95,0.953,-1,-1,-1
708,2091,852.56,376.2,30.39,104.28,0.9488,-1,-1,-1
709,2115,1024.83,479.14,58.46,123.82,0.9749,-1,-1,-1
709,2122,1504.98,447.98,69.91,118.59,0.9701,-1,-1,-1
709,2079,345.85,307.38,41.41,80.04,0.9688,-1,-1,-1
709,2052,945.91,379.28,36.35,100.32,0.9684,-1,-1,-1
709,2130,1264.04,344.45,38.59,92.82,0.9661,-1,-1,-1
709,2137,339.55,404.62,44.25,101.64,0.9655,-1,-1,-1
709,2046,560.35,323.86,33.97,87.14,0.9631,-1,-1,-1
709,2068,893.74,345.07,46.25,93.75,0.9602,-1,-1,-1
709,2077,419.95,281.27,41.21,70.42,0.9584,-1,-1,-1
709,2161,748.33,298.87,26.79,94.51,0.9566,-1,-1,-1
709,2091,848.17,377.24,29.2,104.37,0.9557,-1,-1,-1
709,2057,933.77,289.13,31.66,78.92,0.9521,-1,-1,-1
709,2070,424.99,315.63,36.67,87.22,0.9489,-1,-1,-1
710,2115,1018.42,482.57,63.15,122.39,0.9747,-1,-1,-1
710,2130,1259.79,345.7,39.82,92.23,0.9713,-1,-1,-1
710,2122,1510.99,445.95,59.88,120.14,0.9681,-1,-1,-1
710,2137,334.71,403.9,44.02,100.92,0.9679,-1,-1,-1
710,2046,557.5,324.38,33.11,86.95,0.9622,-1,-1,-1
710,2077,409.62,284.15,46.1,59.57,0.9606,-1,-1,-1
710,2161,744.06,297.32,28.03,95.95,0.9593,-1,-1,-1
710,2052,942.67,379.42,34.85,100.26,0.9584,-1,-1,-1
710,2091,844.37,379.06,29.02,102.86,0.9562,-1,-1,-1
710,2079,340.64,309.71,43.04,77.93,0.9533,-1,-1,-1
710,2057,933.04,286.71,30.53,79.51,0.9491,-1,-1,-1
710,2070,423.2,324.79,35.91,80.74,0.9255,-1,-1,-1
710,2068,912.23,348.35,30.14,88.22,0.9094,-1,-1,-1
711,2115,1015.61,483.08,63.96,123.53,0.9758,-1,-1,-1
711,2137,332.85,404.22,43.79,99.79,0.9701,-1,-1,-1
711,2122,1514.05,444.38,54.93,121.22,0.9694,-1,-1,-1
711,2130,1258.6,345.78,39.45,92.76,0.969,-1,-1,-1
711,2046,556.03,324.43,32.96,87.51,0.9672,-1,-1,-1
711,2161,741.88,297.39,29.6,95.94,0.9564,-1,-1,-1
711,2052,941.56,380.0,33.69,100.5,0.9552,-1,-1,-1
711,2091,843.04,379.16,29.06,103.49,0.9521,-1,-1,-1
711,2077,406.95,282.47,41.19,58.21,0.9403,-1,-1,-1
711,2057,932.77,285.28,30.64,79.97,0.9372,-1,-1,-1
711,2070,423.53,320.16,34.35,83.57,0.9328,-1,-1,-1
711,2068,917.16,347.53,28.96,90.12,0.9209,-1,-1,-1
711,2079,338.51,310.36,42.73,77.09,0.8584,-1,-1,-1
712,2122,1521.91,443.02,46.16,121.61,0.9757,-1,-1,-1
712,2115,1014.21,483.83,62.35,122.6,0.9732,-1,-1,-1
712,2137,328.25,404.05,44.25,99.25,0.9718,-1,-1,-1
712,2079,331.93,308.21,45.28,78.51,0.9691,-1,-1,-1
712,2130,1256.86,347.46,38.94,93.11,0.9662,-1,-1,-1
712,2052,938.39,381.63,34.63,99.18,0.9655,-1,-1,-1
712,2161,737.41,297.98,32.48,95.77,0.9632,-1,-1,-1
712,2046,553.42,324.34,32.68,89.07,0.9581,-1,-1,-1
712,2057,930.03,282.25,32.12,82.62,0.9538,-1,-1,-1
712,2091,839.57,378.97,29.39,104.23,0.952,-1,-1,-1
712,2068,915.9,349.77,36.18,87.18,0.9507,-1,-1,-1
712,2070,421.27,317.72,34.85,86.01,0.9437,-1,-1,-1
712,2077,399.29,282.03,38.89,61.22,0.896,-1,-1,-1
713,2122,1527.05,442.44,40.39,121.24,0.9743,-1,-1,-1
713,2115,1013.58,484.13,63.21,122.11,0.9736,-1,-1,-1
713,2079,321.9,307.07,50.02,78.77,0.9696,-1,-1,-1
713,2161,733.09,298.56,37.62,94.1,0.9682,-1,-1,-1
713,2137,324.25,400.12,43.56,106.3,0.9652,-1,-1,-1
713,2068,912.53,346.06,48.2,89.93,0.9651,-1,-1,-1
713,2130,1254.2,347.94,41.11,93.79,0.9646,-1,-1,-1
713,2070,416.56,317.65,38.76,89.89,0.9635,-1,-1,-1
713,2057,924.98,280.61,38.37,84.04,0.9634,-1,-1,-1
713,2046,549.38,323.96,33.5,92.96,0.9623,-1,-1,-1
713,2052,937.8,381.37,33.47,98.28,0.9597,-1,-1,-1
713,2091,836.94,378.22,28.28,105.64,0.9465,-1,-1,-1
713,2077,390.58,278.5,35.85,74.47,0.9439,-1,-1,-1
714,2122,1528.15,442.22,39.62,121.74,0.9744,-1,-1,-1
714,2115,1013.6,483.98,64.39,121.97,0.9735,-1,-1,-1
714,2068,912.74,344.59,51.38,92.08,0.9717,-1,-1,-1
714,2079,316.29,306.64,54.02,79.19,0.9693,-1,-1,-1
714,2161,731.11,298.6,40.37,94.3,0.9684,-1,-1,-1
714,2057,922.43,277.73,41.94,87.87,0.9652,-1,-1,-1
714,2130,1253.73,347.49,41.66,94.05,0.965,-1,-1,-1
714,2070,415.97,317.26,37.99,91.02,0.9639,-1,-1,-1
714,2137,322.7,399.47,43.32,108.95,0.9637,-1,-1,-1
714,2052,937.16,381.45,33.14,97.97,0.955,-1,-1,-1
714,2091,835.08,378.74,29.25,104.55,0.9535,-1,-1,-1
714,2046,548.22,324.5,32.95,92.61,0.9504,-1,-1,-1
714,2077,387.16,276.46,37.14,77.48,0.9496,-1,-1,-1
715,2115,1015.31,482.83,62.26,123.77,0.9736,-1,-1,-1
715,2122,1529.14,442.63,38.83,121.07,0.9723,-1,-1,-1
715,2161,727.19,297.86,43.86,95.48,0.9721,-1,-1,-1
715,2068,913.68,344.15,55.45,90.8,0.9694,-1,-1,-1
715,2137,317.42,398.74,44.83,111.94,0.9694,-1,-1,-1
715,2077,377.3,274.29,43.45,77.6,0.9663,-1,-1,-1
715,2057,920.77,277.42,44.51,86.34,0.9656,-1,-1,-1
715,2130,1255.32,348.42,39.42,93.65,0.9648,-1,-1,-1
715,2079,308.51,305.8,54.29,78.56,0.9627,-1,-1,-1
715,2070,412.41,318.09,39.83,92.38,0.9623,-1,-1,-1
715,2046,544.47,325.7,33.18,94.61,0.9573,-1,-1,-1
715,2091,832.48,379.07,29.94,104.15,0.9521,-1,-1,-1
715,2052,936.77,382.35,33.76,97.31,0.9359,-1,-1,-1
716,2115,1018.4,480.31,59.55,125.83,0.9736,-1,-1,-1
716,2161,723.92,297.52,44.71,95.54,0.9725,-1,-1,-1
716,2122,1527.74,443.88,40.03,121.18,0.9723,-1,-1,-1
716,2052,919.91,379.87,49.42,99.23,0.9711,-1,-1,-1
716,2079,300.57,303.66,48.72,80.57,0.9696,-1,-1,-1
716,2057,921.2,277.37,42.61,83.67,0.9693,-1,-1,-1
716,2137,313.46,400.78,44.34,112.04,0.9666,-1,-1,-1
716,2070,411.57,319.34,37.83,92.51,0.9661,-1,-1,-1
716,2077,366.54,273.4,51.42,78.17,0.9657,-1,-1,-1
716,2130,1254.79,348.87,39.17,93.96,0.9648,-1,-1,-1
716,2046,541.51,328.06,33.17,94.61,0.9581,-1,-1,-1
716,2091,831.23,379.18,28.96,104.26,0.9462,-1,-1,-1
716,2068,935.48,344.28,46.9,93.24,0.8256,-1,-1,-1
717,2079,296.61,303.61,45.74,80.57,0.9747,-1,-1,-1
717,2115,1020.72,478.95,57.57,125.97,0.9732,-1,-1,-1
717,2122,1526.55,444.78,41.27,120.7,0.9719,-1,-1,-1
717,2137,310.81,401.75,44.17,112.04,0.9704,-1,-1,-1
717,2070,410.51,320.48,37.3,92.91,0.9689,-1,-1,-1
717,2161,722.26,298.0,43.68,95.07,0.9684,-1,-1,-1
717,2052,922.55,379.58,44.65,98.76,0.9657,-1,-1,-1
717,2057,921.12,279.57,42.33,79.57,0.9654,-1,-1,-1
717,2077,362.92,275.49,50.74,75.5,0.9643,-1,-1,-1
717,2046,539.76,329.29,33.7,92.25,0.9598,-1,-1,-1
717,2130,1254.2,348.6,38.79,94.32,0.9569,-1,-1,-1
717,2068,943.8,343.46,43.09,91.73,0.9498,-1,-1,-1
717,2091,830.32,378.61,29.11,104.48,0.9478,-1,-1,-1
718,2122,1521.38,446.16,47.91,119.86,0.978,-1,-1,-1
718,2115,1026.47,476.18,50.83,128.05,0.9761,-1,-1,-1
718,2137,304.8,404.51,45.2,109.07,0.9747,-1,-1,-1
718,2161,718.46,297.34,43.25,95.21,0.9715,-1,-1,-1
718,2079,288.3,303.72,45.02,78.88,0.969,-1,-1,-1
718,2057,921.43,281.9,39.27,79.65,0.9651,-1,-1,-1
718,2046,536.39,331.56,34.34,89.75,0.9629,-1,-1,-1
718,2077,352.93,273.32,52.21,77.65,0.9579,-1,-1,-1
718,2070,407.87,322.29,35.6,91.39,0.9545,-1,-1,-1
718,2091,828.22,378.82,27.49,104.11,0.9472,-1,-1,-1
718,2130,1252.42,348.75,38.85,93.44,0.9428,-1,-1,-1
718,2068,949.5,360.61,39.5,77.46,0.9153,-1,-1,-1
718,2052,931.03,378.83,32.25,99.33,0.8732,-1,-1,-1
719,2122,1515.46,446.93,53.65,120.04,0.9757,-1,-1,-1
719,2115,1029.16,473.58,45.34,129.56,0.9756,-1,-1,-1
719,2137,298.71,406.87,44.31,105.63,0.9723,-1,-1,-1
719,2161,714.86,295.23,42.06,97.38,0.9706,-1,-1,-1
719,2079,278.22,304.71,48.07,77.24,0.9701,-1,-1,-1
719,2130,1250.69,347.1,38.91,97.24,0.966,-1,-1,-1
719,2046,532.17,332.09,34.48,89.01,0.965,-1,-1,-1
719,2070,403.89,323.77,34.43,89.52,0.9641,-1,-1,-1
719,2057,923.25,280.09,33.19,80.61,0.9611,-1,-1,-1
719,2052,930.01,377.69,31.21,98.74,0.9541,-1,-1,-1
719,2091,825.22,376.94,27.02,105.34,0.9434,-1,-1,-1
719,2077,342.42,271.59,46.93,78.63,0.9343,-1,-1,-1
719,2068,952.48,354.2,35.19,83.03,0.9135,-1,-1,-1
720,2115,1030.19,473.14,43.46,129.92,0.9742,-1,-1,-1
720,2122,1513.63,447.56,54.99,119.08,0.974,-1,-1,-1
720,2137,296.34,407.52,43.71,104.81,0.9734,-1,-1,-1
720,2079,272.85,304.64,49.56,76.52,0.971,-1,-1,-1
720,2130,1249.38,346.81,39.35,97.34,0.9689,-1,-1,-1
720,2161,713.68,294.87,40.36,96.64,0.9685,-1,-1,-1
720,2070,401.13,323.85,34.13,88.53,0.9633,-1,-1,-1
720,2057,924.26,279.59,30.46,81.3,0.9567,-1,-1,-1
720,2046,529.42,331.04,35.18,90.29,0.9562,-1,-1,-1
720,2091,822.84,376.73,27.2,105.22,0.9495,-1,-1,-1
720,2052,927.7,376.17,31.65,100.4,0.9488,-1,-1,-1
720,2077,337.53,272.25,43.62,77.32,0.9333,-1,-1,-1
720,2068,953.84,349.02,34.07,88.81,0.9319,-1,-1,-1
721,2130,1243.74,345.78,41.97,99.32,0.9705,-1,-1,-1
721,2115,1030.17,473.11,41.45,128.3,0.9696,-1,-1,-1
721,2122,1508.61,448.13,59.11,118.35,0.9687,-1,-1,-1
721,2137,291.61,408.82,43.96,105.1,0.9682,-1,-1,-1
721,2052,922.07,378.57,38.84,97.15,0.9659,-1,-1,-1
721,2079,262.64,305.37,54.48,74.69,0.9654,-1,-1,-1
721,2046,523.99,330.4,35.62,90.25,0.9644,-1,-1,-1
721,2077,327.26,271.84,38.58,76.65,0.9624,-1,-1,-1
721,2161,712.39,294.88,37.35,95.73,0.9614,-1,-1,-1
721,2057,926.81,276.65,27.06,84.27,0.9536,-1,-1,-1
721,2070,396.71,322.88,35.2,88.26,0.9528,-1,-1,-1
721,2091,818.52,377.92,28.09,103.73,0.9463,-1,-1,-1
721,2068,956.65,348.3,38.54,89.99,0.9454,-1,-1,-1
722,2130,1238.97,346.83,45.04,96.46,0.9716,-1,-1,-1
722,2122,1504.25,448.22,59.41,117.79,0.9705,-1,-1,-1
722,2070,392.08,322.56,36.63,89.77,0.9701,-1,-1,-1
722,2052,916.59,379.24,43.74,96.55,0.9698,-1,-1,-1
722,2115,1028.69,472.91,42.46,130.78,0.9692,-1,-1,-1
722,2079,251.41,303.95,59.24,74.97,0.9683,-1,-1,-1
722,2046,519.31,330.11,35.53,93.44,0.9661,-1,-1,-1
722,2137,286.92,409.49,42.73,101.39,0.9645,-1,-1,-1
722,2161,711.12,293.83,33.26,96.41,0.9586,-1,-1,-1
722,2068,958.04,346.54,39.83,87.54,0.9573,-1,-1,-1
722,2057,927.35,274.64,24.1,84.68,0.9503,-1,-1,-1
722,2077,316.77,266.94,35.78,81.25,0.9487,-1,-1,-1
722,2091,813.44,378.63,30.15,104.31,0.9411,-1,-1,-1
723,2052,913.71,378.91,47.12,96.49,0.9715,-1,-1,-1
723,2122,1503.01,446.4,57.83,120.25,0.9715,-1,-1,-1
723,2130,1237.56,347.31,44.7,94.64,0.9707,-1,-1,-1
723,2115,1027.73,473.59,42.7,131.39,0.97,-1,-1,-1
723,2077,310.29,262.58,39.03,86.4,0.9661,-1,-1,-1
723,2068,956.39,346.24,40.09,89.37,0.9638,-1,-1,-1
723,2070,388.54,322.89,37.77,90.27,0.9632,-1,-1,-1
723,2079,245.49,303.86,62.54,75.03,0.9614,-1,-1,-1
723,2137,284.18,408.6,41.85,101.39,0.959,-1,-1,-1
723,2046,516.74,330.51,36.31,94.44,0.9565,-1,-1,-1
723,2091,810.17,379.6,33.13,103.22,0.955,-1,-1,-1
723,2057,925.05,273.73,25.57,84.7,0.9534,-1,-1,-1
723,2161,710.81,292.87,30.1,96.01,0.9445,-1,-1,-1
724,2115,1024.44,475.0,44.24,130.81,0.9734,-1,-1,-1
724,2052,907.88,378.09,49.96,96.93,0.973,-1,-1,-1
724,2068,954.48,344.08,44.33,93.82,0.9729,-1,-1,-1
724,2130,1237.11,347.15,41.6,97.99,0.9714,-1,-1,-1
724,2122,1500.09,445.28,55.43,119.24,0.9691,-1,-1,-1
724,2046,510.71,331.55,37.2,94.75,0.9678,-1,-1,-1
724,2077,298.21,262.7,42.21,83.4,0.9673,-1,-1,-1
724,2070,383.19,321.81,36.72,94.14,0.9636,-1,-1,-1
724,2079,234.2,304.28,64.62,74.23,0.9632,-1,-1,-1
724,2091,803.26,380.03,37.71,102.54,0.9608,-1,-1,-1
724,2057,920.21,273.27,30.62,84.48,0.9573,-1,-1,-1
724,2161,710.06,292.49,26.29,94.54,0.952,-1,-1,-1
724,2137,279.17,407.14,39.44,102.58,0.8073,-1,-1,-1
725,2052,903.07,378.16,48.66,97.83,0.9782,-1,-1,-1
725,2115,1018.16,478.2,48.61,128.46,0.9782,-1,-1,-1
725,2068,953.93,344.23,54.88,92.87,0.974,-1,-1,-1
725,2122,1501.33,443.33,49.96,120.63,0.9721,-1,-1,-1
725,2130,1236.15,347.29,40.86,98.61,0.9707,-1,-1,-1
725,2077,284.45,250.28,47.92,97.89,0.9687,-1,-1,-1
725,2057,913.98,271.46,39.01,85.4,0.9685,-1,-1,-1
725,2046,504.94,333.18,37.35,95.82,0.9643,-1,-1,-1
725,2079,219.66,302.93,69.34,74.4,0.9629,-1,-1,-1
725,2091,798.6,381.53,37.68,100.62,0.962,-1,-1,-1
725,2070,378.03,324.21,37.2,93.93,0.9579,-1,-1,-1
725,2161,707.53,291.03,23.32,94.92,0.9423,-1,-1,-1
725,2137,273.63,405.47,38.83,106.1,0.5223,-1,-1,-1
726,2115,1014.56,480.36,51.86,127.1,0.9776,-1,-1,-1
726,2068,953.25,344.51,58.13,92.18,0.9746,-1,-1,-1
726,2052,898.94,378.23,49.53,97.04,0.9727,-1,-1,-1
726,2122,1502.45,442.8,47.8,120.49,0.9718,-1,-1,-1
726,2130,1235.9,347.34,39.9,98.4,0.9711,-1,-1,-1
726,2057,911.24,271.75,42.02,83.34,0.9686,-1,-1,-1
726,2091,795.27,381.28,38.14,102.17,0.9677,-1,-1,-1
726,2079,214.12,302.95,66.85,74.17,0.9669,-1,-1,-1
726,2070,375.31,324.7,37.46,95.17,0.9658,-1,-1,-1
726,2077,276.96,252.64,52.04,93.3,0.9649,-1,-1,-1
726,2046,501.69,334.62,37.52,96.24,0.964,-1,-1,-1
726,2161,703.99,290.62,24.47,95.67,0.9527,-1,-1,-1
726,2137,271.36,404.8,38.2,108.42,0.8262,-1,-1,-1
727,2052,893.31,378.16,48.36,96.76,0.9737,-1,-1,-1
727,2057,905.37,272.0,44.13,81.04,0.9729,-1,-1,-1
727,2115,1008.28,484.45,57.32,123.48,0.972,-1,-1,-1
727,2130,1231.86,347.39,40.39,99.41,0.9704,-1,-1,-1
727,2068,955.25,346.03,57.63,91.24,0.97,-1,-1,-1
727,2079,200.03,304.46,61.67,70.55,0.9698,-1,-1,-1
727,2122,1502.55,441.26,44.14,120.56,0.9695,-1,-1,-1
727,2091,789.02,382.01,39.2,102.29,0.9695,-1,-1,-1
727,2070,369.52,326.91,38.59,93.2,0.9683,-1,-1,-1
727,2077,261.01,250.51,58.6,91.46,0.9637,-1,-1,-1
727,2046,495.16,336.8,37.03,94.08,0.9615,-1,-1,-1
727,2161,698.66,289.87,25.96,95.05,0.9445,-1,-1,-1
727,2137,265.24,405.07,36.99,110.99,0.7483,-1,-1,-1
728,2115,1002.34,486.31,64.61,123.06,0.9753,-1,-1,-1
728,2052,889.65,376.85,45.55,96.96,0.9737,-1,-1,-1
728,2122,1503.04,441.38,39.73,120.07,0.9702,-1,-1,-1
728,2068,962.83,347.85,47.93,92.89,0.9658,-1,-1,-1
728,2057,903.3,272.52,39.97,80.76,0.9655,-1,-1,-1
728,2077,251.32,249.6,59.69,91.59,0.9648,-1,-1,-1
728,2046,490.67,338.35,35.94,91.65,0.9631,-1,-1,-1
728,2091,784.93,382.57,36.97,102.53,0.9626,-1,-1,-1
728,2070,364.34,328.67,39.0,90.93,0.962,-1,-1,-1
728,2079,187.77,301.15,54.86,73.98,0.9588,-1,-1,-1
728,2161,692.86,289.94,31.4,95.42,0.9445,-1,-1,-1
728,2130,1228.82,346.7,38.9,100.37,0.9378,-1,-1,-1
728,2137,259.28,405.92,39.18,110.99,0.7683,-1,-1,-1
729,2052,888.28,376.33,44.76,97.78,0.9729,-1,-1,-1
729,2122,1501.79,441.06,38.99,119.24,0.9727,-1,-1,-1
729,2115,999.59,487.34,66.58,122.4,0.9709,-1,-1,-1
729,2070,362.43,329.5,38.8,89.84,0.9672,-1,-1,-1
729,2079,181.61,300.04,51.27,74.14,0.9668,-1,-1,-1
729,2130,1227.11,346.66,38.82,100.22,0.9652,-1,-1,-1
729,2057,903.3,272.73,37.24,80.83,0.9652,-1,-1,-1
729,2077,248.61,258.61,56.82,81.53,0.9642,-1,-1,-1
729,2068,969.47,349.69,39.06,90.35,0.9628,-1,-1,-1
729,2046,488.54,338.49,35.47,91.62,0.962,-1,-1,-1
729,2091,783.03,381.56,35.82,103.01,0.9608,-1,-1,-1
729,2161,690.54,289.53,33.19,94.87,0.9574,-1,-1,-1
729,2137,256.99,407.79,39.86,110.99,0.5428,-1,-1,-1
730,2115,995.44,487.17,74.2,125.52,0.9743,-1,-1,-1
730,2122,1500.62,441.31,39.4,118.61,0.974,-1,-1,-1
730,2052,886.16,376.95,42.09,96.8,0.9701,-1,-1,-1
730,2070,357.37,330.28,39.69,89.15,0.9678,-1,-1,-1
730,2130,1224.48,347.34,37.42,100.05,0.9675,-1,-1,-1
730,2161,685.1,290.05,38.04,93.94,0.9654,-1,-1,-1
730,2079,169.52,297.91,53.64,76.66,0.9648,-1,-1,-1
730,2046,484.68,338.42,33.97,91.74,0.9624,-1,-1,-1
730,2091,779.79,380.91,35.68,103.49,0.9623,-1,-1,-1
730,2077,240.12,252.97,53.25,87.72,0.9614,-1,-1,-1
730,2057,904.14,270.7,31.49,80.92,0.9606,-1,-1,-1
730,2068,975.99,351.3,30.55,87.29,0.9449,-1,-1,-1
730,2137,253.41,408.01,40.18,113.07,0.9435,-1,-1,-1
731,2122,1498.8,441.96,42.17,118.04,0.9759,-1,-1,-1
731,2115,994.91,487.61,78.46,125.14,0.9754,-1,-1,-1
731,2130,1220.68,349.28,39.61,99.44,0.9724,-1,-1,-1
731,2070,352.18,329.36,41.43,95.17,0.9672,-1,-1,-1
731,2161,679.75,289.42,40.2,94.08,0.9665,-1,-1,-1
731,2079,157.06,296.21,58.15,79.97,0.9664,-1,-1,-1
731,2077,232.95,255.18,46.19,86.15,0.9603,-1,-1,-1
731,2052,887.4,377.72,36.97,95.76,0.9586,-1,-1,-1
731,2046,481.18,338.36,32.8,91.01,0.9583,-1,-1,-1
731,2091,778.73,380.82,35.47,102.72,0.9576,-1,-1,-1
731,2057,902.82,267.83,26.61,83.02,0.9548,-1,-1,-1
731,2068,980.08,351.12,29.67,87.19,0.9365,-1,-1,-1
731,2137,249.13,411.72,42.16,106.98,0.8585,-1,-1,-1
732,2122,1497.43,443.56,43.57,116.94,0.9777,-1,-1,-1
732,2115,995.86,488.24,76.79,124.54,0.9748,-1,-1,-1
732,2130,1219.48,350.61,39.71,98.12,0.9731,-1,-1,-1
732,2070,349.85,330.51,41.74,95.58,0.9693,-1,-1,-1
732,2161,677.51,289.4,39.96,93.89,0.9646,-1,-1,-1
732,2077,228.9,255.17,42.7,85.42,0.9633,-1,-1,-1
732,2079,151.38,296.08,59.39,80.05,0.9603,-1,-1,-1
732,2137,246.67,413.22,43.54,106.0,0.9592,-1,-1,-1
732,2046,478.85,337.4,32.61,95.67,0.9591,-1,-1,-1
732,2091,778.32,380.78,35.33,102.51,0.9581,-1,-1,-1
732,2057,901.05,266.84,26.3,83.67,0.956,-1,-1,-1
732,2068,981.59,350.13,30.3,88.36,0.9374,-1,-1,-1
732,2052,887.76,379.42,35.59,94.49,0.9089,-1,-1,-1
733,2115,1003.23,487.96,74.0,124.1,0.9785,-1,-1,-1
733,2122,1494.52,447.08,44.39,114.84,0.9751,-1,-1,-1
733,2130,1215.84,352.49,39.85,97.34,0.9715,-1,-1,-1
733,2070,346.52,331.85,41.19,95.75,0.9709,-1,-1,-1
733,2161,673.31,289.83,39.3,93.98,0.9688,-1,-1,-1
733,2068,979.59,348.49,39.2,90.88,0.968,-1,-1,-1
733,2079,139.94,296.01,59.44,78.97,0.963,-1,-1,-1
733,2046,473.64,338.86,32.12,98.45,0.9628,-1,-1,-1
733,2091,776.45,381.01,36.3,102.2,0.9582,-1,-1,-1
733,2057,895.81,265.12,26.26,84.47,0.9485,-1,-1,-1
733,2052,889.43,375.3,33.47,98.68,0.9453,-1,-1,-1
733,2077,219.85,251.07,35.82,88.87,0.9375,-1,-1,-1
733,2137,242.44,415.99,44.87,103.44,0.9202,-1,-1,-1
734,2115,1011.48,486.7,65.34,124.57,0.9735,-1,-1,-1
734,2068,977.26,348.44,49.9,91.7,0.9733,-1,-1,-1
734,2130,1213.02,354.29,38.58,95.77,0.9699,-1,-1,-1
734,2070,343.89,334.27,39.96,96.66,0.9695,-1,-1,-1
734,2122,1491.02,449.72,43.78,113.02,0.9686,-1,-1,-1
734,2161,669.67,289.86,38.64,94.24,0.9672,-1,-1,-1
734,2079,129.98,295.61,56.82,81.32,0.9636,-1,-1,-1
734,2137,238.6,416.2,45.14,103.69,0.9628,-1,-1,-1
734,2091,774.29,382.2,36.5,102.22,0.9529,-1,-1,-1
734,2046,468.97,340.85,34.37,97.96,0.9492,-1,-1,-1
734,2052,888.85,375.24,35.49,99.22,0.9477,-1,-1,-1
734,2057,892.0,265.62,26.93,81.92,0.9276,-1,-1,-1
734,2077,209.58,244.38,31.55,95.24,0.9035,-1,-1,-1
735,2115,1016.42,486.07,61.99,125.28,0.9763,-1,-1,-1
735,2068,977.01,347.32,55.76,94.41,0.9742,-1,-1,-1
735,2122,1489.04,450.8,42.94,112.73,0.9716,-1,-1,-1
735,2130,1211.96,355.22,38.33,95.3,0.9707,-1,-1,-1
735,2070,342.55,335.61,39.85,96.12,0.9685,-1,-1,-1
735,2079,124.71,295.97,56.45,81.47,0.9661,-1,-1,-1
735,2052,886.9,375.72,37.72,98.45,0.9637,-1,-1,-1
735,2137,236.69,416.3,45.91,102.71,0.9637,-1,-1,-1
735,2161,668.65,290.42,36.93,93.42,0.9628,-1,-1,-1
735,2091,772.23,382.26,37.37,102.17,0.962,-1,-1,-1
735,2046,467.55,342.95,34.22,97.63,0.9559,-1,-1,-1
735,2057,890.44,264.84,27.37,82.16,0.9296,-1,-1,-1
735,2077,203.06,244.48,35.28,94.53,0.8911,-1,-1,-1
736,2115,1017.69,483.19,62.86,127.98,0.9795,-1,-1,-1
736,2137,233.84,415.78,45.37,102.8,0.9727,-1,-1,-1
736,2052,883.95,376.58,40.59,97.78,0.9698,-1,-1,-1
736,2122,1486.02,452.36,40.99,113.02,0.9697,-1,-1,-1
736,2130,1210.43,356.36,39.43,95.41,0.9695,-1,-1,-1
736,2091,768.82,383.67,39.38,102.3,0.9677,-1,-1,-1
736,2079,115.85,296.24,48.4,81.46,0.9675,-1,-1,-1
736,2046,463.6,345.49,36.88,99.66,0.9599,-1,-1,-1
736,2070,342.33,339.01,35.92,93.86,0.9592,-1,-1,-1
736,2161,668.06,290.88,34.39,93.5,0.953,-1,-1,-1
736,2057,887.44,262.34,28.29,84.23,0.9403,-1,-1,-1
736,2077,199.23,241.65,31.7,96.12,0.9264,-1,-1,-1
736,2068,977.58,349.2,60.38,93.99,0.8749,-1,-1,-1
737,2115,1017.85,481.44,65.61,128.57,0.9777,-1,-1,-1
737,2068,982.4,350.63,56.39,94.08,0.9734,-1,-1,-1
737,2052,881.09,377.6,42.45,97.07,0.9728,-1,-1,-1
737,2091,766.77,385.0,40.36,101.58,0.969,-1,-1,-1
737,2122,1482.62,451.83,38.89,113.37,0.969,-1,-1,-1
737,2130,1208.81,357.45,39.82,94.72,0.969,-1,-1,-1
737,2137,231.82,414.89,45.35,104.94,0.9682,-1,-1,-1
737,2079,105.92,296.35,41.28,80.6,0.9681,-1,-1,-1
737,2070,340.02,339.99,35.76,93.71,0.9607,-1,-1,-1
737,2046,462.39,348.84,36.96,96.58,0.9548,-1,-1,-1
737,2161,667.51,289.93,31.63,92.77,0.9469,-1,-1,-1
737,2057,884.76,262.09,29.9,84.94,0.9348,-1,-1,-1
737,2077,192.49,241.41,31.8,95.46,0.905,-1,-1,-1
738,2115,1018.26,480.51,66.83,127.7,0.977,-1,-1,-1
738,2068,988.46,351.7,49.68,95.31,0.9739,-1,-1,-1
738,2052,879.77,378.39,43.65,96.1,0.9729,-1,-1,-1
738,2122,1480.52,452.51,39.56,112.89,0.971,-1,-1,-1
738,2091,765.72,385.47,40.26,101.27,0.97,-1,-1,-1
738,2130,1208.07,356.71,40.78,97.52,0.9692,-1,-1,-1
738,2137,230.86,414.33,45.53,109.0,0.9686,-1,-1,-1
738,2079,101.53,296.71,38.13,80.65,0.961,-1,-1,-1
738,2070,339.24,338.89,34.65,95.71,0.9603,-1,-1,-1
738,2046,461.67,350.53,37.7,94.03,0.9583,-1,-1,-1
738,2161,667.05,289.45,30.22,92.88,0.9559,-1,-1,-1
738,2057,883.16,262.44,30.91,84.5,0.9428,-1,-1,-1
738,2077,187.99,241.08,33.78,95.78,0.9066,-1,-1,-1
739,2137,228.99,413.71,45.22,113.92,0.9726,-1,-1,-1
739,2052,878.3,378.49,43.74,95.22,0.9722,-1,-1,-1
739,2079,91.28,295.49,43.62,81.4,0.9716,-1,-1,-1
739,2091,763.58,386.06,41.32,101.49,0.9707,-1,-1,-1
739,2130,1206.03,358.35,41.91,94.61,0.9687,-1,-1,-1
739,2122,1476.92,451.13,39.37,114.0,0.9684,-1,-1,-1
739,2115,1020.97,480.71,67.55,123.59,0.9674,-1,-1,-1
739,2068,998.46,354.24,39.09,93.32,0.9664,-1,-1,-1
739,2046,460.22,350.69,37.62,93.37,0.96,-1,-1,-1
739,2070,337.66,337.98,33.72,95.06,0.9585,-1,-1,-1
739,2057,881.59,262.91,31.32,83.12,0.9528,-1,-1,-1
739,2161,666.0,288.56,27.9,93.43,0.9518,-1,-1,-1
739,2077,185.16,242.6,30.99,93.92,0.942,-1,-1,-1
740,2115,1023.73,480.19,70.8,123.35,0.9737,-1,-1,-1
740,2052,877.0,378.66,44.21,94.41,0.9735,-1,-1,-1
740,2130,1204.3,358.75,44.0,94.52,0.9712,-1,-1,-1
740,2091,762.69,386.16,41.31,100.4,0.9705,-1,-1,-1
740,2137,228.15,414.06,44.54,113.77,0.9687,-1,-1,-1
740,2068,1006.25,355.37,38.67,90.86,0.9655,-1,-1,-1
740,2079,83.1,294.27,50.51,80.76,0.9644,-1,-1,-1
740,2122,1477.02,449.75,37.54,113.67,0.963,-1,-1,-1
740,2046,459.61,350.3,37.71,92.3,0.9602,-1,-1,-1
740,2070,336.29,337.71,33.64,96.1,0.9597,-1,-1,-1
740,2077,179.81,243.33,32.32,93.8,0.9584,-1,-1,-1
740,2057,880.15,264.0,32.88,81.57,0.955,-1,-1,-1
740,2161,665.31,288.01,26.4,93.3,0.949,-1,-1,-1
741,2052,876.27,378.32,44.71,94.32,0.974,-1,-1,-1
741,2115,1026.33,479.71,71.5,124.63,0.9735,-1,-1,-1
741,2091,762.71,386.05,41.13,99.81,0.9706,-1,-1,-1
741,2130,1202.4,359.24,44.97,93.13,0.9694,-1,-1,-1
741,2137,228.04,414.36,44.34,113.74,0.9681,-1,-1,-1
741,2068,1008.45,354.77,39.87,90.17,0.9676,-1,-1,-1
741,2079,79.09,292.83,53.21,81.76,0.967,-1,-1,-1
741,2046,459.07,349.47,38.91,91.54,0.9637,-1,-1,-1
741,2122,1477.21,447.61,36.97,114.64,0.9607,-1,-1,-1
741,2057,880.27,264.61,33.52,80.16,0.9603,-1,-1,-1
741,2070,335.77,337.16,34.0,98.79,0.9589,-1,-1,-1
741,2161,665.32,287.49,25.91,93.14,0.9515,-1,-1,-1
741,2077,175.74,243.99,35.27,92.64,0.9505,-1,-1,-1
742,2052,876.65,376.51,44.42,95.36,0.9748,-1,-1,-1
742,2115,1030.83,480.5,69.93,124.02,0.9724,-1,-1,-1
742,2079,69.33,290.24,60.34,82.45,0.971,-1,-1,-1
742,2130,1194.68,358.53,51.54,93.08,0.9705,-1,-1,-1
742,2091,765.48,385.75,39.76,98.97,0.9702,-1,-1,-1
742,2077,167.87,245.72,41.15,88.31,0.9662,-1,-1,-1
742,2122,1478.23,443.59,36.55,115.21,0.9605,-1,-1,-1
742,2137,228.55,415.88,43.64,110.19,0.9589,-1,-1,-1
742,2070,334.94,337.59,35.83,98.87,0.9572,-1,-1,-1
742,2068,1011.74,352.9,42.37,88.73,0.957,-1,-1,-1
742,2057,881.62,263.39,35.44,79.6,0.9569,-1,-1,-1
742,2046,459.82,347.48,38.37,96.19,0.9552,-1,-1,-1
742,2161,665.82,285.93,25.51,92.33,0.951,-1,-1,-1
743,2115,1040.89,478.47,63.9,123.09,0.9761,-1,-1,-1
743,2052,877.87,373.79,42.59,95.85,0.9745,-1,-1,-1
743,2079,58.78,288.56,69.19,80.72,0.9719,-1,-1,-1
743,2077,161.45,247.63,44.56,84.25,0.9717,-1,-1,-1
743,2137,230.18,415.71,43.3,108.05,0.9708,-1,-1,-1
743,2130,1188.75,357.53,56.32,92.36,0.9699,-1,-1,-1
743,2068,1016.86,350.68,40.67,92.34,0.9684,-1,-1,-1
743,2091,768.84,384.79,36.91,97.35,0.9628,-1,-1,-1
743,2122,1479.77,439.74,36.45,117.68,0.9619,-1,-1,-1
743,2070,335.53,337.48,37.39,101.03,0.956,-1,-1,-1
743,2057,882.51,262.09,35.37,78.58,0.9485,-1,-1,-1
743,2161,666.7,283.44,25.8,92.47,0.9466,-1,-1,-1
743,2046,460.32,346.35,40.13,98.28,0.926,-1,-1,-1
744,2079,54.65,287.23,71.61,80.88,0.9727,-1,-1,-1
744,2052,879.09,372.35,41.62,96.29,0.9721,-1,-1,-1
744,2068,1019.34,348.97,41.88,93.96,0.9713,-1,-1,-1
744,2137,231.08,415.87,43.2,107.01,0.9712,-1,-1,-1
744,2115,1048.53,477.83,60.21,121.53,0.9695,-1,-1,-1
744,2130,1188.15,356.14,55.79,93.38,0.9686,-1,-1,-1
744,2077,158.67,247.14,45.57,83.86,0.9653,-1,-1,-1
744,2122,1481.19,438.14,36.04,118.17,0.9628,-1,-1,-1
744,2070,337.24,338.24,36.52,100.51,0.9616,-1,-1,-1
744,2091,769.15,382.13,37.37,97.91,0.9607,-1,-1,-1
744,2046,461.67,345.9,39.61,97.93,0.9577,-1,-1,-1
744,2161,666.98,281.87,26.7,92.37,0.9534,-1,-1,-1
744,2057,883.41,261.66,34.34,77.73,0.9438,-1,-1,-1
745,2115,1061.68,472.68,51.57,120.83,0.9765,-1,-1,-1
745,2137,233.07,415.33,43.74,104.1,0.9735,-1,-1,-1
745,2130,1186.76,354.72,57.01,90.02,0.9729,-1,-1,-1
745,2068,1024.54,346.5,47.85,94.7,0.9719,-1,-1,-1
745,2052,881.68,370.16,40.0,95.35,0.9685,-1,-1,-1
745,2070,338.59,338.41,38.83,99.35,0.9682,-1,-1,-1
745,2077,158.86,245.34,42.27,82.01,0.9667,-1,-1,-1
745,2046,462.17,345.84,41.5,98.63,0.9654,-1,-1,-1
745,2057,885.66,258.76,32.5,77.28,0.9637,-1,-1,-1
745,2122,1482.98,432.85,36.47,120.75,0.9599,-1,-1,-1
745,2079,44.3,287.18,78.46,79.47,0.958,-1,-1,-1
745,2091,774.44,380.61,34.07,96.15,0.9555,-1,-1,-1
745,2161,668.59,279.34,26.58,91.61,0.9525,-1,-1,-1
746,2068,1031.57,345.35,48.27,95.29,0.971,-1,-1,-1
746,2115,1076.86,468.81,42.28,119.72,0.9705,-1,-1,-1
746,2130,1186.68,352.96,57.27,90.37,0.9698,-1,-1,-1
746,2137,234.91,413.11,42.83,104.88,0.9687,-1,-1,-1
746,2077,159.57,244.05,40.45,80.69,0.9682,-1,-1,-1
746,2052,885.77,367.14,37.03,96.35,0.9669,-1,-1,-1
746,2079,41.01,283.25,76.87,81.27,0.9668,-1,-1,-1
746,2046,463.3,346.96,41.53,98.29,0.9666,-1,-1,-1
746,2070,341.13,338.51,38.71,94.49,0.9651,-1,-1,-1
746,2057,887.4,255.26,30.65,77.12,0.9639,-1,-1,-1
746,2091,776.97,376.9,32.42,97.14,0.9571,-1,-1,-1
746,2122,1486.84,430.85,33.72,122.09,0.9544,-1,-1,-1
746,2161,669.85,276.86,25.52,91.76,0.9474,-1,-1,-1
747,2068,1034.64,345.32,47.16,95.2,0.9733,-1,-1,-1
747,2115,1081.22,466.71,39.78,119.35,0.9706,-1,-1,-1
747,2079,41.12,284.56,71.5,78.49,0.9684,-1,-1,-1
747,2077,159.95,243.21,40.33,80.33,0.9684,-1,-1,-1
747,2070,341.71,337.12,40.2,94.77,0.9681,-1,-1,-1
747,2046,464.05,347.74,40.77,97.07,0.9658,-1,-1,-1
747,2057,887.71,253.01,29.93,77.49,0.9629,-1,-1,-1
747,2130,1185.72,352.09,57.76,92.4,0.9629,-1,-1,-1
747,2091,777.87,374.88,32.73,98.21,0.961,-1,-1,-1
747,2052,887.25,364.76,36.13,97.9,0.9603,-1,-1,-1
747,2122,1488.43,429.64,32.61,123.52,0.9544,-1,-1,-1
747,2137,236.58,411.61,41.91,101.83,0.9526,-1,-1,-1
747,2161,670.14,275.91,25.38,91.45,0.9463,-1,-1,-1
748,2115,1089.1,464.42,39.81,116.73,0.9713,-1,-1,-1
748,2068,1043.68,345.76,41.32,94.49,0.97,-1,-1,-1
748,2077,160.76,239.49,39.68,81.2,0.9677,-1,-1,-1
748,2070,341.44,334.67,41.82,93.93,0.9669,-1,-1,-1
748,2130,1185.11,352.35,61.85,88.86,0.9666,-1,-1,-1
748,2046,464.58,347.85,40.24,93.62,0.9665,-1,-1,-1
748,2052,890.38,361.66,33.29,99.85,0.9652,-1,-1,-1
748,2079,41.13,282.05,61.06,79.84,0.9627,-1,-1,-1
748,2137,237.44,407.48,41.89,104.06,0.9615,-1,-1,-1
748,2091,778.55,372.06,32.32,99.33,0.958,-1,-1,-1
748,2057,886.11,250.11,30.26,76.6,0.9574,-1,-1,-1
748,2122,1488.96,430.08,32.52,122.13,0.9538,-1,-1,-1
748,2161,669.79,273.24,24.12,92.02,0.945,-1,-1,-1
749,2115,1094.01,461.48,42.61,121.7,0.9731,-1,-1,-1
749,2079,39.29,278.01,52.95,82.4,0.97,-1,-1,-1
749,2070,341.43,333.07,42.39,97.61,0.9693,-1,-1,-1
749,2077,159.81,237.2,39.3,79.83,0.968,-1,-1,-1
749,2091,777.25,369.2,35.85,100.1,0.9661,-1,-1,-1
749,2046,465.7,346.31,39.57,93.11,0.9655,-1,-1,-1
749,2052,892.08,359.42,31.77,98.13,0.9637,-1,-1,-1
749,2068,1051.33,345.98,36.16,92.52,0.9621,-1,-1,-1
749,2130,1184.51,354.04,64.76,89.01,0.9614,-1,-1,-1
749,2122,1488.06,430.04,34.38,122.04,0.9588,-1,-1,-1
749,2057,884.9,246.61,30.38,77.4,0.9553,-1,-1,-1
749,2161,668.76,271.19,23.07,91.6,0.9464,-1,-1,-1
749,2137,237.83,405.17,42.07,103.83,0.9227,-1,-1,-1
750,2115,1096.58,460.94,44.04,124.75,0.9756,-1,-1,-1
750,2091,776.72,368.04,37.52,100.89,0.9693,-1,-1,-1
750,2077,159.55,234.68,38.74,80.44,0.9689,-1,-1,-1
750,2070,341.86,332.31,42.0,99.68,0.9677,-1,-1,-1
750,2130,1183.59,354.93,66.59,87.86,0.967,-1,-1,-1
750,2079,37.84,276.02,49.53,82.46,0.9668,-1,-1,-1
750,2046,466.73,345.71,38.54,92.59,0.9645,-1,-1,-1
750,2052,892.84,359.12,31.14,97.11,0.9623,-1,-1,-1
750,2122,1487.31,430.87,35.27,120.68,0.9601,-1,-1,-1
750,2068,1055.25,345.34,33.5,91.79,0.9574,-1,-1,-1
750,2057,884.08,244.52,31.0,78.38,0.9536,-1,-1,-1
750,2161,667.26,269.74,24.07,92.25,0.9479,-1,-1,-1
750,2137,237.82,402.83,43.03,105.48,0.7832,-1,-1,-1
751,2115,1102.77,461.06,46.37,123.21,0.9739,-1,-1,-1
751,2077,158.56,231.41,37.31,81.75,0.9724,-1,-1,-1
751,2091,775.82,367.34,40.75,101.31,0.9705,-1,-1,-1
751,2070,341.62,332.45,42.34,99.76,0.9704,-1,-1,-1
751,2079,34.5,270.79,39.96,84.57,0.9688,-1,-1,-1
751,2068,1059.68,342.85,34.87,91.83,0.9686,-1,-1,-1
751,2122,1484.52,434.57,38.01,115.36,0.9643,-1,-1,-1
751,2052,893.83,357.31,30.5,96.82,0.962,-1,-1,-1
751,2046,468.15,344.12,36.43,92.46,0.9605,-1,-1,-1
751,2057,881.98,237.86,31.28,82.82,0.959,-1,-1,-1
751,2130,1183.78,357.26,61.75,83.69,0.9587,-1,-1,-1
751,2161,666.21,267.29,24.2,91.14,0.9469,-1,-1,-1
751,2137,238.06,400.98,46.32,110.21,0.5608,-1,-1,-1
752,2115,1107.88,463.08,53.68,119.24,0.9745,-1,-1,-1
752,2091,775.9,367.09,40.32,100.9,0.9718,-1,-1,-1
752,2070,341.44,333.97,42.26,101.75,0.9697,-1,-1,-1
752,2122,1482.44,434.48,40.83,115.8,0.9673,-1,-1,-1
752,2068,1066.24,339.96,33.79,93.95,0.9665,-1,-1,-1
752,2046,469.24,343.75,35.14,97.16,0.9637,-1,-1,-1
752,2052,893.07,357.54,32.41,95.0,0.9624,-1,-1,-1
752,2130,1182.27,358.58,61.13,79.95,0.9621,-1,-1,-1
752,2057,879.98,236.97,29.84,80.97,0.9579,-1,-1,-1
752,2077,156.94,227.15,34.95,84.46,0.9563,-1,-1,-1
752,2079,30.46,266.77,33.78,86.94,0.9553,-1,-1,-1
752,2161,663.7,266.33,25.19,90.32,0.9467,-1,-1,-1
752,2137,237.36,400.51,49.01,112.4,0.8013,-1,-1,-1
753,2115,1107.86,463.12,59.09,119.95,0.9723,-1,-1,-1
753,2091,776.22,367.48,39.82,99.9,0.9708,-1,-1,-1
753,2070,340.85,334.65,42.36,101.49,0.969,-1,-1,-1
753,2122,1480.97,434.42,42.51,117.89,0.9668,-1,-1,-1
753,2068,1067.03,338.51,37.58,96.35,0.9668,-1,-1,-1
753,2079,27.63,264.74,32.7,87.73,0.9658,-1,-1,-1
753,2052,892.5,356.87,36.4,95.18,0.9649,-1,-1,-1
753,2077,155.82,224.97,33.58,85.88,0.9621,-1,-1,-1
753,2057,878.33,236.72,30.24,80.16,0.9579,-1,-1,-1
753,2046,469.22,344.32,34.84,97.54,0.9574,-1,-1,-1
753,2161,661.68,266.26,26.09,89.32,0.9475,-1,-1,-1
753,2130,1181.35,359.26,56.02,78.72,0.945,-1,-1,-1
753,2137,236.64,400.92,50.21,112.02,0.8291,-1,-1,-1
754,2115,1109.17,463.17,66.09,120.54,0.976,-1,-1,-1
754,2137,235.11,404.27,50.43,107.99,0.9716,-1,-1,-1
754,2122,1475.2,434.39,47.68,117.14,0.9713,-1,-1,-1
754,2068,1067.7,338.28,47.85,94.7,0.9696,-1,-1,-1
754,2052,891.21,356.18,42.95,94.92,0.9686,-1,-1,-1
754,2091,776.66,368.55,37.99,97.46,0.9678,-1,-1,-1
754,2070,340.14,337.24,39.39,99.36,0.9676,-1,-1,-1
754,2079,21.54,262.49,33.33,89.45,0.9615,-1,-1,-1
754,2057,873.96,236.89,31.66,78.68,0.9564,-1,-1,-1
754,2161,658.13,264.42,27.55,89.88,0.9529,-1,-1,-1
754,2077,152.31,224.75,31.76,84.02,0.9506,-1,-1,-1
754,2046,467.33,345.92,36.16,97.88,0.9467,-1,-1,-1
754,2130,1178.11,360.5,51.78,75.15,0.9326,-1,-1,-1
755,2115,1106.49,463.23,70.1,122.49,0.9744,-1,-1,-1
755,2137,233.7,407.21,49.75,103.86,0.9744,-1,-1,-1
755,2068,1069.91,337.94,52.44,94.5,0.9724,-1,-1,-1
755,2052,889.05,355.79,46.81,94.26,0.9717,-1,-1,-1
755,2122,1476.0,433.53,44.61,117.16,0.9699,-1,-1,-1
755,2070,339.26,338.62,38.37,98.34,0.966,-1,-1,-1
755,2091,775.4,369.58,37.32,95.69,0.9658,-1,-1,-1
755,2046,466.68,347.3,37.03,99.27,0.9625,-1,-1,-1
755,2077,149.18,222.76,31.03,84.85,0.9602,-1,-1,-1
755,2079,16.54,261.31,32.16,88.82,0.9601,-1,-1,-1
755,2161,654.95,263.53,28.28,89.39,0.9584,-1,-1,-1
755,2057,871.13,236.31,32.1,77.92,0.9482,-1,-1,-1
755,2130,1178.79,359.88,46.94,76.07,0.9428,-1,-1,-1
756,2115,1106.09,462.83,69.93,121.22,0.9751,-1,-1,-1
756,2122,1474.81,432.97,44.98,117.53,0.9749,-1,-1,-1
756,2068,1072.1,338.44,51.87,95.11,0.9744,-1,-1,-1
756,2052,888.25,355.78,47.18,94.19,0.9718,-1,-1,-1
756,2070,339.25,338.51,37.36,98.12,0.9667,-1,-1,-1
756,2046,466.61,348.07,37.04,99.79,0.965,-1,-1,-1
756,2091,774.95,369.31,36.18,96.01,0.9629,-1,-1,-1
756,2137,233.25,409.06,49.06,101.09,0.9613,-1,-1,-1
756,2077,147.88,223.03,31.4,84.37,0.9578,-1,-1,-1
756,2057,869.99,236.99,32.77,76.48,0.9572,-1,-1,-1
756,2161,653.26,262.91,27.97,90.26,0.9561,-1,-1,-1
756,2079,12.85,260.65,34.26,89.42,0.9475,-1,-1,-1
756,2130,1178.41,359.44,46.95,76.14,0.9472,-1,-1,-1
757,2068,1077.36,340.79,49.54,95.39,0.973,-1,-1,-1
757,2052,886.77,356.44,46.82,93.79,0.9727,-1,-1,-1
757,2122,1473.7,431.74,42.4,117.95,0.9712,-1,-1,-1
757,2115,1105.28,463.56,68.09,119.75,0.9702,-1,-1,-1
757,2046,467.83,351.95,36.68,95.22,0.9641,-1,-1,-1
757,2057,866.81,239.53,33.21,74.05,0.9616,-1,-1,-1
757,2070,339.59,337.39,35.86,97.48,0.9598,-1,-1,-1
757,2091,773.54,369.05,36.68,96.21,0.9591,-1,-1,-1
757,2079,8.22,260.33,34.65,89.83,0.9581,-1,-1,-1
757,2077,146.11,223.85,29.64,83.35,0.9554,-1,-1,-1
757,2161,650.55,261.87,29.21,90.49,0.955,-1,-1,-1
757,2130,1169.77,357.57,54.26,75.32,0.9549,-1,-1,-1
757,2137,232.49,412.3,48.5,97.02,0.9392,-1,-1,-1
758,2115,1109.87,463.21,62.37,119.16,0.9738,-1,-1,-1
758,2052,887.46,357.89,43.9,92.71,0.9728,-1,-1,-1
758,2068,1083.94,343.14,43.84,100.84,0.9697,-1,-1,-1
758,2046,466.92,354.96,38.92,91.38,0.9664,-1,-1,-1
758,2079,3.48,261.79,36.81,89.91,0.965,-1,-1,-1
758,2122,1470.16,429.65,44.19,119.5,0.9645,-1,-1,-1
758,2161,648.73,261.21,30.16,90.59,0.9641,-1,-1,-1
758,2130,1164.79,355.45,58.73,76.72,0.9618,-1,-1,-1
758,2070,339.94,338.71,37.13,97.8,0.9612,-1,-1,-1
758,2077,145.69,224.73,29.24,82.91,0.9598,-1,-1,-1
758,2057,865.05,238.25,33.72,74.94,0.9576,-1,-1,-1
758,2091,773.81,368.35,36.66,97.94,0.9568,-1,-1,-1
758,2137,232.06,415.58,48.2,93.27,0.8674,-1,-1,-1
759,2115,1113.49,462.59,59.55,118.45,0.975,-1,-1,-1
759,2052,887.52,357.07,45.08,93.2,0.9726,-1,-1,-1
759,2130,1163.53,354.34,60.0,78.69,0.9691,-1,-1,-1
759,2068,1087.14,345.64,40.98,93.07,0.9681,-1,-1,-1
759,2046,467.32,355.53,39.32,90.82,0.9671,-1,-1,-1
759,2079,1.04,262.75,38.44,89.27,0.9659,-1,-1,-1
759,2161,648.24,261.34,30.54,90.22,0.9645,-1,-1,-1
759,2091,774.52,366.95,37.75,101.77,0.9618,-1,-1,-1
759,2077,146.29,225.47,29.06,82.66,0.9603,-1,-1,-1
759,2057,864.33,238.34,34.37,74.84,0.9588,-1,-1,-1
759,2070,340.88,339.25,37.43,99.65,0.9574,-1,-1,-1
759,2122,1471.78,428.86,42.07,120.42,0.9445,-1,-1,-1
759,2137,231.36,416.51,48.72,94.82,0.9032,-1,-1,-1
760,2115,1121.49,460.02,52.08,120.26,0.9759,-1,-1,-1
760,2052,891.29,357.21,43.78,93.2,0.9729,-1,-1,-1
760,2122,1468.78,427.59,45.36,120.27,0.9725,-1,-1,-1
760,2130,1163.42,352.19,61.0,79.77,0.9691,-1,-1,-1
760,2091,778.01,368.93,38.59,101.81,0.9669,-1,-1,-1
760,2046,470.84,355.74,38.92,90.97,0.9661,-1,-1,-1
760,2161,647.84,261.3,31.49,89.82,0.9659,-1,-1,-1
760,2079,0.06,264.36,39.08,88.41,0.9655,-1,-1,-1
760,2068,1092.53,347.12,36.87,89.83,0.9617,-1,-1,-1
760,2057,864.16,238.61,35.65,74.7,0.961,-1,-1,-1
760,2077,148.68,226.46,29.78,81.79,0.96,-1,-1,-1
760,2070,344.09,341.68,37.87,99.7,0.9596,-1,-1,-1
760,2137,232.24,417.87,50.1,94.85,0.8258,-1,-1,-1
761,2115,1132.76,456.83,44.32,122.82,0.9757,-1,-1,-1
761,2091,780.95,370.06,39.42,101.52,0.9709,-1,-1,-1
761,2122,1471.95,427.27,47.06,119.34,0.9707,-1,-1,-1
761,2130,1166.34,350.61,58.97,82.55,0.9703,-1,-1,-1
761,2052,895.29,357.89,41.62,92.57,0.9698,-1,-1,-1
761,2046,477.27,356.08,37.64,92.51,0.9657,-1,-1,-1
761,2079,0.0,267.23,39.33,85.61,0.9638,-1,-1,-1
761,2070,348.83,344.67,37.6,101.19,0.9638,-1,-1,-1
761,2057,864.24,239.93,36.6,72.68,0.9636,-1,-1,-1
761,2068,1098.51,346.86,36.91,91.91,0.9632,-1,-1,-1
761,2137,233.99,417.63,53.65,98.79,0.9625,-1,-1,-1
761,2161,648.02,261.32,32.98,89.39,0.9613,-1,-1,-1
761,2077,152.34,227.24,30.22,80.12,0.9513,-1,-1,-1
762,2115,1137.38,456.64,42.53,122.76,0.9754,-1,-1,-1
762,2122,1472.57,427.13,48.95,118.75,0.9717,-1,-1,-1
762,2091,783.05,371.0,39.05,100.53,0.9709,-1,-1,-1
762,2052,898.84,357.64,39.32,91.44,0.9701,-1,-1,-1
762,2130,1170.01,350.54,56.36,83.65,0.9684,-1,-1,-1
762,2068,1101.02,345.43,37.91,93.03,0.9672,-1,-1,-1
762,2079,0.0,267.65,39.41,85.54,0.9655,-1,-1,-1
762,2070,351.29,346.1,38.05,101.43,0.9641,-1,-1,-1
762,2057,864.75,239.34,36.94,72.86,0.9639,-1,-1,-1
762,2046,480.48,356.19,37.21,95.31,0.9621,-1,-1,-1
762,2161,647.7,261.62,35.46,89.05,0.9573,-1,-1,-1
762,2137,235.33,419.01,54.44,99.6,0.9546,-1,-1,-1
762,2077,154.44,227.9,29.29,79.44,0.9523,-1,-1,-1
763,2115,1145.99,455.1,41.22,123.01,0.9696,-1,-1,-1
763,2068,1107.66,344.78,44.52,94.23,0.9694,-1,-1,-1
763,2070,357.28,348.7,39.66,100.62,0.9683,-1,-1,-1
763,2130,1179.07,347.59,51.77,85.38,0.9675,-1,-1,-1
763,2161,650.27,261.46,35.78,88.22,0.9663,-1,-1,-1
763,2079,0.0,268.8,41.34,84.05,0.9656,-1,-1,-1
763,2091,788.25,372.56,37.01,97.49,0.9648,-1,-1,-1
763,2046,486.72,358.09,39.05,97.9,0.9635,-1,-1,-1
763,2122,1477.6,427.37,51.54,120.59,0.9607,-1,-1,-1
763,2057,867.63,238.94,36.59,71.92,0.9605,-1,-1,-1
763,2077,159.68,227.57,28.36,79.74,0.9595,-1,-1,-1
763,2052,905.78,357.69,36.14,92.26,0.9592,-1,-1,-1
763,2137,238.93,419.93,52.05,98.49,0.9571,-1,-1,-1
764,2130,1191.38,345.51,45.49,86.76,0.9713,-1,-1,-1
764,2068,1116.04,344.8,47.81,93.82,0.971,-1,-1,-1
764,2091,794.22,373.3,37.16,96.69,0.9701,-1,-1,-1
764,2079,0.0,269.4,45.01,81.55,0.9667,-1,-1,-1
764,2161,653.47,262.11,38.2,86.65,0.9659,-1,-1,-1
764,2046,495.32,360.87,39.94,98.76,0.9655,-1,-1,-1
764,2070,363.97,351.13,40.41,97.23,0.9637,-1,-1,-1
764,2137,243.95,421.42,52.12,95.88,0.9624,-1,-1,-1
764,2057,870.96,236.43,35.86,74.28,0.9595,-1,-1,-1
764,2052,912.15,356.54,36.08,92.57,0.9569,-1,-1,-1
764,2122,1483.17,429.86,52.55,120.62,0.9565,-1,-1,-1
764,2077,166.45,227.14,27.76,79.18,0.9487,-1,-1,-1
764,2115,1154.15,454.94,42.29,121.98,0.9393,-1,-1,-1
765,2068,1120.65,344.63,48.76,94.23,0.9745,-1,-1,-1
765,2130,1196.45,344.51,43.42,87.58,0.9731,-1,-1,-1
765,2115,1158.53,454.56,41.31,121.42,0.971,-1,-1,-1
765,2046,500.14,361.52,39.27,99.96,0.969,-1,-1,-1
765,2052,915.11,356.76,35.94,91.86,0.9688,-1,-1,-1
765,2161,656.16,260.75,38.11,87.53,0.9675,-1,-1,-1
765,2070,368.15,352.51,40.45,94.66,0.967,-1,-1,-1
765,2079,0.7,268.9,46.72,81.59,0.9663,-1,-1,-1
765,2057,872.99,235.45,35.26,74.88,0.96,-1,-1,-1
765,2091,797.17,374.4,38.17,94.46,0.9581,-1,-1,-1
765,2077,169.87,227.14,27.63,78.8,0.9555,-1,-1,-1
765,2122,1486.63,430.71,52.19,119.34,0.9445,-1,-1,-1
765,2137,246.97,422.2,51.89,94.42,0.9326,-1,-1,-1
766,2068,1130.48,345.33,49.1,95.95,0.9721,-1,-1,-1
766,2122,1492.46,433.51,51.27,117.62,0.9713,-1,-1,-1
766,2115,1169.0,455.1,40.69,120.92,0.9705,-1,-1,-1
766,2091,803.52,372.7,39.04,95.12,0.9701,-1,-1,-1
766,2161,662.72,261.26,38.15,85.66,0.9686,-1,-1,-1
766,2079,6.51,268.19,49.11,81.85,0.9669,-1,-1,-1
766,2070,374.94,351.13,42.03,94.23,0.9652,-1,-1,-1
766,2130,1201.34,343.6,44.76,87.34,0.965,-1,-1,-1
766,2046,510.65,364.15,37.86,94.46,0.962,-1,-1,-1
766,2052,921.98,355.53,36.64,93.33,0.9586,-1,-1,-1
766,2057,877.59,237.55,33.16,71.3,0.9564,-1,-1,-1
766,2077,177.69,225.43,28.27,78.95,0.9337,-1,-1,-1
766,2137,251.89,419.79,53.74,95.22,0.9276,-1,-1,-1
767,2122,1501.8,435.74,49.94,116.98,0.9719,-1,-1,-1
767,2079,16.78,266.57,48.17,82.13,0.9715,-1,-1,-1
767,2068,1141.07,347.14,44.87,93.6,0.9713,-1,-1,-1
767,2130,1207.81,341.95,44.96,87.73,0.9702,-1,-1,-1
767,2161,669.11,259.42,39.28,86.76,0.9679,-1,-1,-1
767,2070,384.19,351.03,41.69,96.63,0.9659,-1,-1,-1
767,2091,811.18,370.53,38.3,95.19,0.9651,-1,-1,-1
767,2046,520.56,364.87,38.38,92.54,0.9627,-1,-1,-1
767,2057,882.68,233.6,30.16,73.25,0.9581,-1,-1,-1
767,2052,929.94,356.15,36.49,91.78,0.958,-1,-1,-1
767,2077,186.4,223.18,28.6,78.34,0.951,-1,-1,-1
767,2115,1178.55,457.01,43.51,117.7,0.9492,-1,-1,-1
767,2137,258.29,416.55,56.77,96.34,0.9277,-1,-1,-1
768,2115,1183.18,458.27,45.92,115.68,0.9775,-1,-1,-1
768,2122,1504.53,437.2,50.32,115.71,0.9734,-1,-1,-1
768,2130,1210.28,340.62,47.86,87.95,0.9704,-1,-1,-1
768,2068,1146.54,346.32,43.65,93.58,0.9699,-1,-1,-1
768,2091,814.42,369.6,39.01,94.48,0.9681,-1,-1,-1
768,2161,672.44,258.48,39.06,86.28,0.9679,-1,-1,-1
768,2070,388.5,350.97,42.88,97.61,0.967,-1,-1,-1
768,2079,22.88,265.75,47.8,81.6,0.9668,-1,-1,-1
768,2046,526.53,364.77,37.91,92.13,0.9646,-1,-1,-1
768,2052,934.13,354.92,37.17,93.05,0.9632,-1,-1,-1
768,2077,191.46,222.89,27.9,77.7,0.9474,-1,-1,-1
768,2057,886.19,234.78,28.3,70.53,0.9468,-1,-1,-1
768,2137,261.93,416.01,55.56,94.01,0.9328,-1,-1,-1
769,2115,1190.76,459.85,50.03,113.98,0.9754,-1,-1,-1
769,2122,1515.18,439.0,47.01,113.64,0.9749,-1,-1,-1
769,2130,1218.4,337.26,49.26,89.82,0.9712,-1,-1,-1
769,2079,34.35,264.06,45.85,80.87,0.97,-1,-1,-1
769,2070,399.02,350.46,42.51,99.73,0.968,-1,-1,-1
769,2161,678.66,256.47,42.46,87.32,0.9674,-1,-1,-1
769,2068,1159.54,346.12,40.29,92.24,0.9668,-1,-1,-1
769,2091,822.07,368.02,39.24,97.77,0.966,-1,-1,-1
769,2052,943.35,355.22,37.32,91.29,0.9647,-1,-1,-1
769,2137,268.8,413.44,55.29,93.37,0.9641,-1,-1,-1
769,2046,537.88,363.63,37.29,86.4,0.9593,-1,-1,-1
769,2057,893.29,232.01,25.36,71.35,0.9473,-1,-1,-1
769,2077,201.08,220.85,29.03,78.16,0.941,-1,-1,-1
770,2130,1227.02,334.48,51.99,90.68,0.9728,-1,-1,-1
770,2115,1204.79,461.07,46.4,112.94,0.9708,-1,-1,-1
770,2079,47.68,261.49,42.91,81.0,0.9687,-1,-1,-1
770,2122,1526.01,438.58,45.76,113.39,0.9681,-1,-1,-1
770,2091,830.52,365.26,38.87,100.19,0.9681,-1,-1,-1
770,2070,410.13,351.41,42.65,99.2,0.9659,-1,-1,-1
770,2161,687.24,254.12,41.9,86.44,0.9658,-1,-1,-1
770,2052,952.65,355.22,39.26,88.3,0.9652,-1,-1,-1
770,2046,549.62,361.91,38.05,89.38,0.9626,-1,-1,-1
770,2068,1173.11,344.78,38.84,90.63,0.9613,-1,-1,-1
770,2137,278.16,408.22,52.35,103.75,0.957,-1,-1,-1
770,2057,900.75,229.38,26.82,71.18,0.9465,-1,-1,-1
770,2077,212.13,218.71,31.07,78.38,0.9282,-1,-1,-1
771,2122,1530.02,438.33,48.74,113.55,0.9729,-1,-1,-1
771,2115,1211.14,460.7,45.09,112.81,0.9725,-1,-1,-1
771,2130,1232.21,332.19,51.89,91.7,0.9724,-1,-1,-1
771,2161,691.49,252.92,42.6,85.96,0.972,-1,-1,-1
771,2091,835.12,363.79,38.06,102.04,0.9682,-1,-1,-1
771,2070,417.8,351.51,41.32,97.71,0.9676,-1,-1,-1
771,2052,958.7,355.16,39.18,87.73,0.967,-1,-1,-1
771,2068,1180.17,343.42,38.43,90.02,0.9656,-1,-1,-1
771,2046,555.81,362.07,38.43,93.45,0.9645,-1,-1,-1
771,2079,52.05,259.23,42.98,82.58,0.9605,-1,-1,-1
771,2077,218.19,217.73,31.17,77.71,0.9493,-1,-1,-1
771,2057,904.82,226.05,27.87,73.79,0.9443,-1,-1,-1
771,2137,281.3,407.51,54.55,103.85,0.9387,-1,-1,-1
772,2122,1546.4,436.46,44.4,113.83,0.9719,-1,-1,-1
772,2091,846.48,362.29,38.98,99.76,0.9685,-1,-1,-1
772,2070,431.55,352.04,40.62,94.52,0.9673,-1,-1,-1
772,2068,1192.9,339.44,41.09,91.33,0.9655,-1,-1,-1
772,2046,568.6,361.23,39.51,96.0,0.9654,-1,-1,-1
772,2052,968.91,353.86,41.3,86.48,0.9654,-1,-1,-1
772,2079,64.51,255.27,39.77,82.03,0.9651,-1,-1,-1
772,2161,702.07,250.77,39.65,84.62,0.9646,-1,-1,-1
772,2130,1246.41,328.4,51.03,90.93,0.9596,-1,-1,-1
772,2077,231.37,214.23,32.77,78.97,0.9476,-1,-1,-1
772,2115,1222.24,457.64,47.43,116.82,0.9425,-1,-1,-1
772,2057,913.74,222.06,30.18,75.43,0.9399,-1,-1,-1
772,2137,293.35,403.89,53.35,106.21,0.9034,-1,-1,-1
773,2091,858.25,360.87,40.39,99.08,0.9725,-1,-1,-1
773,2130,1264.21,322.92,47.45,92.64,0.9725,-1,-1,-1
773,2122,1556.28,435.34,44.77,112.07,0.9709,-1,-1,-1
773,2068,1208.15,334.81,42.59,93.93,0.9693,-1,-1,-1
773,2052,982.64,352.02,41.31,84.8,0.9669,-1,-1,-1
773,2046,582.27,360.24,41.72,95.44,0.9661,-1,-1,-1
773,2070,445.94,351.44,41.02,90.42,0.964,-1,-1,-1
773,2115,1230.99,455.42,55.81,117.25,0.9629,-1,-1,-1
773,2079,78.01,251.46,37.76,82.09,0.9629,-1,-1,-1
773,2137,305.55,401.12,52.03,107.81,0.9604,-1,-1,-1
773,2161,714.48,246.54,36.67,84.98,0.9547,-1,-1,-1
773,2057,923.49,221.74,34.02,72.55,0.9443,-1,-1,-1
773,2077,246.45,211.36,32.18,77.64,0.9411,-1,-1,-1
774,2091,865.91,359.41,39.78,96.4,0.9719,-1,-1,-1
774,2130,1276.08,318.9,43.15,94.35,0.9692,-1,-1,-1
774,2052,989.33,351.37,42.52,82.45,0.9674,-1,-1,-1
774,2115,1234.95,453.35,59.71,119.44,0.9671,-1,-1,-1
774,2122,1563.87,433.74,43.09,111.73,0.9664,-1,-1,-1
774,2068,1216.05,333.47,41.71,94.54,0.9664,-1,-1,-1
774,2046,591.27,359.82,39.95,94.07,0.9654,-1,-1,-1
774,2070,453.34,349.29,41.77,91.19,0.9649,-1,-1,-1
774,2079,85.94,249.13,37.05,80.75,0.9609,-1,-1,-1
774,2168,0.41,401.54,41.65,91.23,0.9579,-1,-1,-1
774,2057,927.15,222.55,36.33,69.08,0.9574,-1,-1,-1
774,2161,720.28,244.4,35.9,86.06,0.9567,-1,-1,-1
774,2137,312.59,398.96,51.07,110.25,0.954,-1,-1,-1
774,2077,254.89,209.95,32.37,77.05,0.9394,-1,-1,-1
775,2122,1578.17,430.89,41.95,110.59,0.9684,-1,-1,-1
775,2091,880.8,357.74,38.61,93.83,0.9682,-1,-1,-1
775,2052,1005.78,349.67,40.58,80.56,0.968,-1,-1,-1
775,2068,1233.05,329.84,41.79,94.02,0.9658,-1,-1,-1
775,2137,327.6,399.26,50.46,102.86,0.9644,-1,-1,-1
775,2046,609.45,358.12,39.8,91.07,0.9639,-1,-1,-1
775,2130,1298.24,312.47,36.52,95.55,0.9626,-1,-1,-1
775,2070,469.0,345.62,42.43,90.92,0.9623,-1,-1,-1
775,2115,1249.82,449.18,60.22,118.53,0.9598,-1,-1,-1
775,2079,103.11,244.26,36.56,82.08,0.9557,-1,-1,-1
775,2057,938.58,218.95,39.85,69.08,0.9491,-1,-1,-1
775,2161,734.11,239.72,33.26,86.56,0.9468,-1,-1,-1
775,2077,272.41,206.16,32.54,76.82,0.9439,-1,-1,-1
775,2168,0.0,389.7,60.37,100.72,0.872,-1,-1,-1
776,2091,896.25,352.91,38.42,94.23,0.9661,-1,-1,-1
776,2122,1591.83,426.26,41.86,110.15,0.9653,-1,-1,-1
776,2070,487.24,341.81,42.33,93.23,0.9626,-1,-1,-1
776,2115,1269.08,443.75,56.23,117.92,0.9593,-1,-1,-1
776,2052,1023.54,347.05,39.56,79.1,0.9586,-1,-1,-1
776,2046,628.08,354.9,39.84,89.7,0.9565,-1,-1,-1
776,2161,748.94,235.44,30.61,85.83,0.9557,-1,-1,-1
776,2068,1250.37,326.29,42.54,94.33,0.9545,-1,-1,-1
776,2130,1317.46,306.09,34.76,97.82,0.9517,-1,-1,-1
776,2057,954.54,214.79,39.15,68.77,0.9491,-1,-1,-1
776,2079,121.5,239.73,36.18,81.86,0.9477,-1,-1,-1
776,2077,291.48,200.93,33.8,76.41,0.9471,-1,-1,-1
776,2168,13.06,392.9,62.8,92.38,0.9288,-1,-1,-1
776,2137,343.62,395.09,47.5,102.06,0.9001,-1,-1,-1
777,2122,1598.46,422.58,43.48,111.48,0.9683,-1,-1,-1
777,2068,1260.05,324.99,42.06,94.96,0.9679,-1,-1,-1
777,2091,904.4,351.17,38.89,93.69,0.9661,-1,-1,-1
777,2115,1275.9,440.72,57.85,119.08,0.9644,-1,-1,-1
777,2052,1032.62,346.37,38.63,77.46,0.9605,-1,-1,-1
777,2070,496.54,340.06,41.72,95.56,0.9596,-1,-1,-1
777,2046,637.48,353.01,39.78,88.33,0.959,-1,-1,-1
777,2130,1327.07,303.76,35.36,96.45,0.9517,-1,-1,-1
777,2057,961.62,211.19,40.07,69.67,0.9502,-1,-1,-1
777,2137,352.48,393.1,46.53,100.39,0.9486,-1,-1,-1
777,2161,756.62,232.42,30.58,85.89,0.9458,-1,-1,-1
777,2077,300.29,199.16,34.92,75.88,0.9438,-1,-1,-1
777,2079,131.52,238.16,36.59,80.55,0.9432,-1,-1,-1
777,2169,3.68,320.73,46.5,84.68,0.9277,-1,-1,-1
777,2168,22.98,390.65,64.07,91.57,0.8587,-1,-1,-1
778,2122,1613.37,417.98,44.47,111.51,0.9738,-1,-1,-1
778,2137,369.18,387.51,46.48,100.53,0.9694,-1,-1,-1
778,2115,1299.45,434.6,49.67,120.91,0.9682,-1,-1,-1
778,2070,515.77,337.3,41.83,98.37,0.9676,-1,-1,-1
778,2068,1277.8,323.91,42.83,95.51,0.9676,-1,-1,-1
778,2091,921.23,345.82,39.48,95.99,0.9649,-1,-1,-1
778,2046,656.44,349.13,40.81,90.07,0.9606,-1,-1,-1
778,2169,27.97,314.91,46.75,88.26,0.9566,-1,-1,-1
778,2130,1346.36,299.1,34.08,96.16,0.9565,-1,-1,-1
778,2161,772.26,228.79,32.05,85.15,0.9533,-1,-1,-1
778,2079,151.48,232.96,37.7,82.62,0.9523,-1,-1,-1
778,2077,321.47,195.33,33.67,75.16,0.951,-1,-1,-1
778,2052,1051.98,344.08,37.19,74.63,0.9497,-1,-1,-1
778,2057,976.44,207.93,40.25,68.43,0.9298,-1,-1,-1
778,2168,46.28,388.08,63.52,89.66,0.8711,-1,-1,-1
779,2122,1629.69,413.34,44.06,114.13,0.9724,-1,-1,-1
779,2115,1314.6,431.14,50.26,120.02,0.9699,-1,-1,-1
779,2091,936.65,341.02,40.49,98.68,0.967,-1,-1,-1
779,2070,535.25,335.75,42.73,98.25,0.967,-1,-1,-1
779,2079,170.47,229.29,40.46,82.07,0.9637,-1,-1,-1
779,2130,1365.03,295.88,34.65,96.7,0.9588,-1,-1,-1
779,2046,676.94,347.16,41.68,92.6,0.9586,-1,-1,-1
779,2068,1298.88,323.24,39.96,90.87,0.9573,-1,-1,-1
779,2052,1070.92,342.83,35.72,72.01,0.9562,-1,-1,-1
779,2161,787.04,226.47,34.69,83.14,0.9484,-1,-1,-1
779,2077,341.81,190.78,35.51,76.27,0.9371,-1,-1,-1
779,2057,992.01,202.33,39.3,70.32,0.9369,-1,-1,-1
779,2169,54.19,308.73,46.73,98.46,0.8352,-1,-1,-1
779,2168,63.35,381.72,68.06,94.15,0.7583,-1,-1,-1
779,2137,387.53,383.07,46.08,99.04,0.7288,-1,-1,-1
780,2122,1636.36,412.43,45.08,115.02,0.9734,-1,-1,-1
780,2115,1322.5,427.65,49.37,120.21,0.9705,-1,-1,-1
780,2070,545.18,336.0,42.05,95.68,0.9653,-1,-1,-1
780,2091,944.63,339.39,40.95,99.1,0.9642,-1,-1,-1
780,2068,1308.39,322.43,39.98,91.73,0.9611,-1,-1,-1
780,2046,686.34,346.22,42.18,93.89,0.9594,-1,-1,-1
780,2161,794.64,224.14,36.22,84.35,0.9591,-1,-1,-1
780,2130,1374.16,294.94,36.35,95.63,0.9569,-1,-1,-1
780,2079,180.7,227.48,41.61,81.39,0.9549,-1,-1,-1
780,2077,352.51,188.78,34.49,75.73,0.946,-1,-1,-1
780,2052,1080.2,341.82,35.73,69.7,0.9399,-1,-1,-1
780,2057,1000.76,201.29,37.22,69.36,0.9361,-1,-1,-1
780,2137,394.68,378.77,49.21,102.57,0.9026,-1,-1,-1
780,2168,74.42,382.71,68.04,88.32,0.8486,-1,-1,-1
780,2169,65.14,307.34,48.44,93.03,0.8297,-1,-1,-1
781,2122,1651.63,409.61,45.52,116.39,0.9757,-1,-1,-1
781,2091,960.01,338.35,39.83,98.17,0.9675,-1,-1,-1
781,2115,1339.51,425.28,47.91,118.96,0.967,-1,-1,-1
781,2070,566.2,335.37,40.04,91.43,0.9665,-1,-1,-1
781,2079,200.18,224.52,42.89,80.08,0.9658,-1,-1,-1
781,2161,809.35,222.54,39.26,81.34,0.9637,-1,-1,-1
781,2130,1393.48,293.8,39.97,92.39,0.9616,-1,-1,-1
781,2046,707.84,346.01,40.04,94.03,0.9608,-1,-1,-1
781,2068,1327.59,320.56,38.67,89.96,0.9591,-1,-1,-1
781,2052,1098.8,339.15,37.03,69.64,0.9495,-1,-1,-1
781,2169,91.1,304.29,44.03,87.73,0.9481,-1,-1,-1
781,2170,11.78,562.53,95.7,129.89,0.947,-1,-1,-1
781,2057,1015.07,194.95,36.56,72.45,0.9347,-1,-1,-1
781,2077,372.8,185.49,35.22,75.84,0.9332,-1,-1,-1
781,2168,100.48,383.6,63.97,81.32,0.9058,-1,-1,-1
781,2137,411.15,373.71,51.67,101.04,0.7417,-1,-1,-1
782,2122,1664.18,408.99,47.86,115.12,0.9728,-1,-1,-1
782,2130,1411.1,293.46,46.75,90.0,0.9682,-1,-1,-1
782,2115,1357.7,421.56,45.66,122.03,0.9664,-1,-1,-1
782,2161,824.39,219.99,41.35,80.91,0.9659,-1,-1,-1
782,2079,219.2,222.34,45.15,79.21,0.9654,-1,-1,-1
782,2091,975.31,336.66,38.83,96.78,0.9641,-1,-1,-1
782,2070,584.26,333.48,40.65,89.46,0.9641,-1,-1,-1
782,2046,727.92,345.82,39.76,92.9,0.9603,-1,-1,-1
782,2068,1345.24,316.26,36.61,92.54,0.9579,-1,-1,-1
782,2168,113.58,374.65,70.9,86.49,0.9548,-1,-1,-1
782,2077,393.65,183.01,34.65,75.12,0.9496,-1,-1,-1
782,2169,115.32,303.04,44.06,88.67,0.9489,-1,-1,-1
782,2052,1117.73,337.05,35.59,68.55,0.9468,-1,-1,-1
782,2057,1029.85,193.19,33.31,70.35,0.9298,-1,-1,-1
782,2137,427.84,369.75,53.68,100.12,0.8899,-1,-1,-1
783,2122,1670.27,408.75,50.06,115.95,0.9738,-1,-1,-1
783,2171,72.38,548.97,90.94,124.6,0.968,-1,-1,-1
783,2091,981.53,336.68,40.32,95.07,0.9678,-1,-1,-1
783,2115,1366.37,423.08,44.18,119.89,0.9665,-1,-1,-1
783,2130,1418.89,294.12,51.4,88.13,0.9648,-1,-1,-1
783,2070,593.05,331.21,41.11,90.16,0.9635,-1,-1,-1
783,2161,831.47,222.36,43.09,77.31,0.9628,-1,-1,-1
783,2079,228.84,221.59,46.5,78.98,0.9611,-1,-1,-1
783,2046,738.43,346.38,39.36,90.48,0.9574,-1,-1,-1
783,2052,1125.55,335.1,39.7,69.37,0.9565,-1,-1,-1
783,2168,120.73,373.49,74.72,90.99,0.9549,-1,-1,-1
783,2068,1353.52,315.85,36.99,89.94,0.9544,-1,-1,-1
783,2077,402.79,182.31,36.05,74.6,0.9499,-1,-1,-1
783,2057,1037.25,189.8,31.71,72.08,0.9324,-1,-1,-1
783,2169,125.26,299.98,49.72,98.0,0.8864,-1,-1,-1
783,2137,435.6,367.99,54.32,104.05,0.8058,-1,-1,-1
784,2122,1683.1,411.13,50.77,114.34,0.9727,-1,-1,-1
784,2171,110.05,544.67,83.95,124.2,0.9713,-1,-1,-1
784,2091,995.12,336.36,42.56,93.27,0.9677,-1,-1,-1
784,2161,845.66,219.89,44.43,77.4,0.9664,-1,-1,-1
784,2079,245.42,219.08,48.46,78.93,0.9641,-1,-1,-1
784,2115,1383.57,423.41,41.29,119.6,0.9634,-1,-1,-1
784,2070,611.29,330.25,39.62,90.23,0.963,-1,-1,-1
784,2130,1436.02,293.8,53.68,86.06,0.962,-1,-1,-1
784,2052,1140.66,331.89,41.29,72.04,0.959,-1,-1,-1
784,2068,1371.31,313.24,36.35,94.73,0.9577,-1,-1,-1
784,2046,758.42,345.04,37.28,87.42,0.9518,-1,-1,-1
784,2169,148.4,296.16,52.78,107.2,0.9513,-1,-1,-1
784,2077,422.43,179.42,34.59,74.86,0.9491,-1,-1,-1
784,2057,1051.52,188.35,28.73,72.32,0.9346,-1,-1,-1
784,2168,140.0,374.86,74.05,92.55,0.9344,-1,-1,-1
785,2122,1693.44,412.36,54.63,112.53,0.972,-1,-1,-1
785,2091,1007.69,336.0,39.73,91.84,0.9671,-1,-1,-1
785,2161,859.13,217.49,45.1,77.84,0.9669,-1,-1,-1
785,2115,1397.24,425.82,43.42,118.24,0.966,-1,-1,-1
785,2079,262.59,218.61,46.97,77.19,0.9632,-1,-1,-1
785,2130,1451.8,293.21,56.32,85.12,0.9622,-1,-1,-1
785,2171,151.63,538.09,63.21,127.42,0.9618,-1,-1,-1
785,2068,1385.97,311.67,37.11,95.41,0.9616,-1,-1,-1
785,2070,626.09,329.42,41.09,97.0,0.9616,-1,-1,-1
785,2052,1154.91,329.84,41.92,76.07,0.961,-1,-1,-1
785,2168,156.67,377.01,64.18,90.61,0.9562,-1,-1,-1
785,2172,0.0,309.87,34.75,104.09,0.9482,-1,-1,-1
785,2169,171.63,295.16,43.29,105.21,0.9393,-1,-1,-1
785,2046,777.16,342.86,35.24,87.82,0.9317,-1,-1,-1
785,2057,1065.23,191.02,29.7,68.03,0.9304,-1,-1,-1
785,2077,440.5,178.73,32.19,73.9,0.9105,-1,-1,-1
786,2115,1405.37,426.96,42.39,117.87,0.9685,-1,-1,-1
786,2052,1161.63,329.64,39.32,77.77,0.9659,-1,-1,-1
786,2079,271.64,217.74,44.98,76.82,0.9656,-1,-1,-1
786,2070,634.13,329.69,41.46,96.95,0.9652,-1,-1,-1
786,2091,1013.84,336.58,38.79,90.31,0.9652,-1,-1,-1
786,2169,181.99,296.24,42.36,102.41,0.9652,-1,-1,-1
786,2161,866.39,218.34,45.1,76.62,0.9637,-1,-1,-1
786,2172,4.46,309.65,40.99,104.09,0.9635,-1,-1,-1
786,2171,170.25,535.19,57.64,121.68,0.9634,-1,-1,-1
786,2068,1394.6,310.44,36.53,97.0,0.9617,-1,-1,-1
786,2130,1459.38,292.67,55.03,85.62,0.959,-1,-1,-1
786,2168,165.38,376.17,64.14,91.11,0.9582,-1,-1,-1
786,2122,1698.43,412.86,55.66,111.57,0.9567,-1,-1,-1
786,2077,449.51,177.88,31.55,73.23,0.9523,-1,-1,-1
786,2046,785.64,342.01,36.47,88.76,0.9427,-1,-1,-1
786,2057,1070.8,190.69,31.22,67.52,0.9417,-1,-1,-1
787,2122,1707.97,412.77,58.27,110.82,0.9712,-1,-1,-1
787,2171,202.62,528.25,55.42,122.17,0.9693,-1,-1,-1
787,2091,1025.56,334.77,39.83,90.51,0.968,-1,-1,-1
787,2070,648.44,331.18,42.87,99.6,0.968,-1,-1,-1
787,2169,202.37,294.93,40.75,104.03,0.9667,-1,-1,-1
787,2115,1418.48,429.95,43.3,116.0,0.9656,-1,-1,-1
787,2161,880.51,217.41,42.9,76.36,0.9639,-1,-1,-1
787,2130,1473.53,291.62,56.69,86.35,0.9623,-1,-1,-1
787,2068,1409.89,312.12,36.92,94.76,0.9603,-1,-1,-1
787,2052,1176.12,330.14,36.23,77.76,0.9537,-1,-1,-1
787,2079,290.55,217.1,40.58,76.31,0.952,-1,-1,-1
787,2057,1081.78,191.69,33.93,65.56,0.9463,-1,-1,-1
787,2077,466.62,177.52,30.04,73.32,0.9398,-1,-1,-1
787,2168,183.48,377.79,59.1,87.09,0.9336,-1,-1,-1
787,2046,802.38,342.24,36.33,92.8,0.9322,-1,-1,-1
788,2115,1430.81,434.05,43.25,112.9,0.9704,-1,-1,-1
788,2122,1722.39,412.52,52.91,110.03,0.9702,-1,-1,-1
788,2070,663.57,333.51,43.57,98.32,0.9684,-1,-1,-1
788,2091,1035.27,334.11,42.42,93.71,0.9659,-1,-1,-1
788,2171,235.69,523.56,61.9,119.09,0.9654,-1,-1,-1
788,2130,1487.32,291.07,57.21,87.61,0.9648,-1,-1,-1
788,2169,222.21,294.39,40.52,99.34,0.9638,-1,-1,-1
788,2068,1425.89,313.79,36.47,95.09,0.9605,-1,-1,-1
788,2057,1090.47,192.31,40.91,64.15,0.9592,-1,-1,-1
788,2161,894.99,216.55,38.46,77.51,0.9589,-1,-1,-1
788,2052,1186.78,333.74,38.06,72.94,0.958,-1,-1,-1
788,2174,1.86,369.94,48.35,99.88,0.9549,-1,-1,-1
788,2168,196.45,377.23,65.53,86.23,0.95,-1,-1,-1
788,2077,483.89,178.24,29.33,71.88,0.9439,-1,-1,-1
788,2046,821.57,343.16,34.49,93.26,0.9422,-1,-1,-1
788,2079,306.8,216.37,37.75,77.34,0.9374,-1,-1,-1
789,2115,1437.36,434.22,44.23,114.02,0.9752,-1,-1,-1
789,2175,59.08,309.14,39.64,101.93,0.9721,-1,-1,-1
789,2174,9.25,369.97,53.65,99.46,0.9698,-1,-1,-1
789,2070,672.49,334.61,41.71,98.16,0.9679,-1,-1,-1
789,2122,1729.06,411.85,50.85,110.29,0.9673,-1,-1,-1
789,2169,231.91,294.07,39.92,99.07,0.9664,-1,-1,-1
789,2171,251.1,521.19,66.64,119.64,0.9662,-1,-1,-1
789,2091,1042.16,333.67,41.23,94.87,0.9658,-1,-1,-1
789,2130,1493.55,291.4,57.4,87.16,0.964,-1,-1,-1
789,2057,1095.4,193.4,42.32,63.13,0.9583,-1,-1,-1
789,2068,1433.65,315.53,36.59,94.02,0.9552,-1,-1,-1
789,2052,1193.39,333.79,38.61,72.91,0.9549,-1,-1,-1
789,2161,900.97,215.47,36.98,78.53,0.9547,-1,-1,-1
789,2079,315.03,216.96,36.76,76.56,0.9482,-1,-1,-1
789,2046,830.99,344.14,33.88,95.42,0.9453,-1,-1,-1
789,2077,491.55,177.54,29.06,73.11,0.9437,-1,-1,-1
789,2168,219.6,381.46,49.58,79.92,0.9221,-1,-1,-1
789,2176,0.0,493.58,33.83,111.91,0.9182,-1,-1,-1
790,2115,1450.26,436.66,46.26,113.47,0.976,-1,-1,-1
790,2122,1739.22,411.19,50.67,113.95,0.974,-1,-1,-1
790,2176,1.72,490.03,51.82,112.43,0.9711,-1,-1,-1
790,2174,27.44,369.85,56.71,97.09,0.969,-1,-1,-1
790,2175,80.83,308.85,39.41,100.51,0.968,-1,-1,-1
790,2070,687.95,335.52,39.9,95.84,0.9677,-1,-1,-1
790,2171,281.85,518.46,66.22,115.51,0.9651,-1,-1,-1
790,2130,1511.01,291.38,54.35,87.6,0.9649,-1,-1,-1
790,2091,1055.1,333.63,38.92,96.61,0.9644,-1,-1,-1
790,2169,250.45,293.24,38.8,99.26,0.9639,-1,-1,-1
790,2057,1105.07,192.35,45.98,64.9,0.9601,-1,-1,-1
790,2068,1447.94,319.17,36.76,91.21,0.9596,-1,-1,-1
790,2168,215.25,377.52,68.75,84.17,0.952,-1,-1,-1
790,2161,915.1,215.09,31.69,78.3,0.9503,-1,-1,-1
790,2052,1206.07,335.35,39.45,71.5,0.9474,-1,-1,-1
790,2077,508.7,179.2,29.05,71.89,0.9376,-1,-1,-1
790,2046,845.95,346.64,38.53,98.98,0.9335,-1,-1,-1
790,2079,333.26,217.16,33.61,77.05,0.901,-1,-1,-1
791,2115,1462.54,438.16,46.76,113.17,0.9726,-1,-1,-1
791,2171,311.13,516.28,67.91,113.36,0.9711,-1,-1,-1
791,2122,1748.4,412.17,51.03,115.99,0.9703,-1,-1,-1
791,2168,221.51,378.29,76.21,84.72,0.9689,-1,-1,-1
791,2130,1529.03,292.64,48.67,86.46,0.9684,-1,-1,-1
791,2070,703.47,336.04,38.89,94.36,0.9648,-1,-1,-1
791,2068,1461.01,321.61,37.76,90.14,0.9643,-1,-1,-1
791,2174,46.93,369.53,55.05,99.01,0.9642,-1,-1,-1
791,2175,101.23,308.52,38.27,99.15,0.9642,-1,-1,-1
791,2057,1116.22,193.59,48.7,64.36,0.9631,-1,-1,-1
791,2169,268.73,293.35,39.77,98.15,0.963,-1,-1,-1
791,2091,1066.63,333.44,35.25,97.74,0.9602,-1,-1,-1
791,2046,861.84,349.16,40.58,96.83,0.9584,-1,-1,-1
791,2052,1218.88,336.33,37.33,75.32,0.9574,-1,-1,-1
791,2161,928.94,215.37,28.44,78.48,0.9442,-1,-1,-1
791,2077,524.38,180.51,28.84,71.68,0.9402,-1,-1,-1
791,2079,352.1,218.79,29.17,74.2,0.9223,-1,-1,-1
792,2115,1468.06,440.23,46.62,110.64,0.9754,-1,-1,-1
792,2122,1754.04,413.14,49.88,117.36,0.9743,-1,-1,-1
792,2171,322.92,515.0,67.32,114.4,0.9721,-1,-1,-1
792,2177,59.08,486.03,46.97,111.33,0.9701,-1,-1,-1
792,2174,55.42,370.55,56.46,99.69,0.9701,-1,-1,-1
792,2130,1538.95,293.36,45.41,85.26,0.9672,-1,-1,-1
792,2070,709.17,336.17,39.61,94.19,0.967,-1,-1,-1
792,2169,277.99,294.11,39.48,97.75,0.9656,-1,-1,-1
792,2175,111.56,308.11,37.39,99.92,0.9649,-1,-1,-1
792,2052,1223.76,337.3,37.58,76.88,0.9636,-1,-1,-1
792,2057,1122.62,195.91,48.14,62.0,0.9634,-1,-1,-1
792,2068,1468.1,321.56,37.44,89.27,0.9619,-1,-1,-1
792,2168,217.1,379.77,86.8,83.78,0.9588,-1,-1,-1
792,2091,1072.35,335.15,33.36,95.71,0.9578,-1,-1,-1
792,2046,869.12,350.56,41.92,95.96,0.9443,-1,-1,-1
792,2077,532.82,180.73,28.25,71.94,0.9402,-1,-1,-1
792,2161,936.4,215.85,26.92,78.26,0.9387,-1,-1,-1
792,2137,533.53,367.34,47.13,96.27,0.9362,-1,-1,-1
792,2079,361.47,217.85,27.54,75.48,0.9288,-1,-1,-1
793,2115,1480.04,440.99,46.34,110.95,0.9767,-1,-1,-1
793,2137,545.92,365.3,43.73,101.23,0.9724,-1,-1,-1
793,2122,1762.37,414.16,50.1,118.47,0.9717,-1,-1,-1
793,2174,73.29,371.59,58.81,100.77,0.9708,-1,-1,-1
793,2130,1557.88,294.42,39.59,85.41,0.9676,-1,-1,-1
793,2171,350.63,514.36,62.88,113.6,0.9675,-1,-1,-1
793,2057,1133.98,196.12,46.55,61.92,0.9655,-1,-1,-1
793,2070,723.25,336.57,38.91,94.4,0.9647,-1,-1,-1
793,2068,1480.26,321.56,38.48,89.59,0.964,-1,-1,-1
793,2169,294.53,294.71,40.2,97.68,0.963,-1,-1,-1
793,2046,885.39,351.54,43.19,95.42,0.9629,-1,-1,-1
793,2175,130.46,308.04,37.41,98.61,0.9622,-1,-1,-1
793,2168,220.84,382.57,90.25,79.26,0.9596,-1,-1,-1
793,2091,1084.86,338.25,29.53,92.65,0.9556,-1,-1,-1
793,2052,1236.23,339.48,36.95,77.18,0.9543,-1,-1,-1
793,2161,948.41,216.74,27.88,77.56,0.9503,-1,-1,-1
793,2077,546.93,183.32,29.15,70.08,0.9448,-1,-1,-1
793,2079,376.18,218.7,29.24,74.89,0.9303,-1,-1,-1
794,2122,1771.84,417.78,49.01,118.97,0.9769,-1,-1,-1
794,2168,228.32,382.9,90.24,82.35,0.975,-1,-1,-1
794,2115,1490.43,442.19,46.38,109.33,0.9717,-1,-1,-1
794,2174,91.65,374.65,59.82,98.78,0.968,-1,-1,-1
794,2169,311.06,296.05,39.98,96.48,0.9673,-1,-1,-1
794,2175,147.8,308.24,38.03,99.69,0.9669,-1,-1,-1
794,2068,1492.54,321.63,38.7,91.02,0.9661,-1,-1,-1
794,2070,735.71,339.31,38.82,96.76,0.9637,-1,-1,-1
794,2046,899.11,352.98,43.32,92.38,0.9621,-1,-1,-1
794,2057,1146.05,197.05,43.92,61.81,0.9607,-1,-1,-1
794,2130,1572.27,296.46,37.12,84.36,0.9598,-1,-1,-1
794,2171,378.33,513.63,61.63,109.86,0.9591,-1,-1,-1
794,2161,956.32,217.82,32.99,77.47,0.954,-1,-1,-1
794,2052,1250.43,341.91,33.8,75.53,0.9484,-1,-1,-1
794,2091,1094.44,340.95,29.18,89.58,0.9466,-1,-1,-1
794,2079,387.56,219.87,34.49,74.45,0.9429,-1,-1,-1
794,2077,561.63,185.19,28.08,69.07,0.9395,-1,-1,-1
794,2137,557.02,363.47,45.27,104.21,0.5554,-1,-1,-1
795,2115,1495.08,442.66,48.77,109.35,0.9793,-1,-1,-1
795,2122,1777.12,418.86,47.55,117.9,0.9742,-1,-1,-1
795,2179,143.89,481.88,72.76,107.46,0.9685,-1,-1,-1
795,2174,98.33,377.76,62.06,97.16,0.968,-1,-1,-1
795,2168,236.78,383.8,85.35,80.34,0.9674,-1,-1,-1
795,2169,318.74,296.3,40.79,97.18,0.9654,-1,-1,-1
795,2070,742.21,340.22,39.07,99.83,0.9643,-1,-1,-1
795,2046,906.9,354.58,43.37,90.44,0.9636,-1,-1,-1
795,2171,390.72,513.16,56.91,108.52,0.9633,-1,-1,-1
795,2068,1498.18,321.6,38.21,92.83,0.9631,-1,-1,-1
795,2057,1151.46,197.32,42.32,61.06,0.9616,-1,-1,-1
795,2175,158.04,306.65,35.83,102.6,0.9615,-1,-1,-1
795,2161,958.89,217.98,37.02,77.19,0.9609,-1,-1,-1
795,2052,1256.17,343.2,35.5,74.25,0.9558,-1,-1,-1
795,2130,1579.3,296.56,37.76,85.56,0.9537,-1,-1,-1
795,2091,1098.95,342.74,31.2,88.87,0.9535,-1,-1,-1
795,2079,394.67,220.82,35.39,74.01,0.9464,-1,-1,-1
795,2077,568.74,185.78,28.36,68.6,0.9438,-1,-1,-1
795,2137,563.94,364.86,44.78,103.58,0.8228,-1,-1,-1
796,2115,1504.5,442.2,48.95,109.25,0.9754,-1,-1,-1
796,2122,1786.67,422.84,44.7,115.51,0.9728,-1,-1,-1
796,2174,115.73,382.62,63.38,95.54,0.969,-1,-1,-1
796,2168,252.28,383.25,75.4,80.71,0.9689,-1,-1,-1
796,2169,335.28,297.42,39.93,96.09,0.9686,-1,-1,-1
796,2179,179.55,481.61,70.53,108.91,0.9676,-1,-1,-1
796,2091,1105.98,344.04,37.11,89.6,0.9653,-1,-1,-1
796,2161,965.22,219.53,43.2,76.49,0.9642,-1,-1,-1
796,2070,755.38,343.5,39.68,97.94,0.9639,-1,-1,-1
796,2171,416.43,512.64,54.24,105.64,0.9629,-1,-1,-1
796,2068,1509.92,321.82,38.01,96.2,0.9623,-1,-1,-1
796,2046,921.24,357.28,43.23,94.51,0.9606,-1,-1,-1
796,2130,1592.94,298.59,38.02,85.27,0.9592,-1,-1,-1
796,2175,175.52,308.97,36.43,100.89,0.9577,-1,-1,-1
796,2079,405.85,222.28,39.55,73.58,0.954,-1,-1,-1
796,2077,581.92,187.67,29.78,69.18,0.9486,-1,-1,-1
796,2052,1268.97,345.14,35.01,72.7,0.9474,-1,-1,-1
796,2057,1163.27,197.58,37.01,61.98,0.9455,-1,-1,-1
796,2137,575.18,363.43,46.96,106.39,0.9428,-1,-1,-1
797,2115,1511.74,442.53,53.15,112.21,0.9755,-1,-1,-1
797,2091,1112.38,345.31,42.2,90.99,0.9718,-1,-1,-1
797,2174,133.3,386.01,62.13,92.79,0.9717,-1,-1,-1
797,2122,1798.18,428.14,40.63,111.24,0.9707,-1,-1,-1
797,2169,349.99,299.31,42.24,94.78,0.9676,-1,-1,-1
797,2161,974.99,222.14,45.52,75.4,0.9652,-1,-1,-1
797,2070,768.24,347.45,40.23,101.53,0.9642,-1,-1,-1
797,2175,193.05,311.19,36.59,99.92,0.963,-1,-1,-1
797,2068,1521.03,323.49,38.6,95.82,0.9626,-1,-1,-1
797,2179,216.79,485.57,51.31,106.15,0.9618,-1,-1,-1
797,2137,585.71,366.79,47.69,103.44,0.9615,-1,-1,-1
797,2168,270.1,386.65,61.58,78.97,0.9614,-1,-1,-1
797,2171,443.59,511.54,52.7,105.17,0.961,-1,-1,-1
797,2046,936.44,359.12,45.14,97.61,0.961,-1,-1,-1
797,2130,1606.69,301.77,36.88,84.74,0.9594,-1,-1,-1
797,2077,595.05,190.39,30.61,67.76,0.9502,-1,-1,-1
797,2057,1174.23,197.06,33.08,64.28,0.9492,-1,-1,-1
797,2079,420.89,223.85,40.87,72.94,0.9446,-1,-1,-1
797,2052,1281.8,347.02,36.12,71.87,0.9338,-1,-1,-1
798,2115,1516.35,443.3,54.05,112.66,0.9777,-1,-1,-1
798,2091,1115.3,346.03,44.13,91.4,0.9725,-1,-1,-1
798,2169,358.09,299.85,41.75,94.96,0.9701,-1,-1,-1
798,2179,234.65,487.35,48.28,102.87,0.9681,-1,-1,-1
798,2161,979.89,222.83,46.33,74.78,0.9676,-1,-1,-1
798,2122,1802.23,428.64,40.54,110.9,0.9667,-1,-1,-1
798,2174,141.25,388.96,63.56,88.91,0.9664,-1,-1,-1
798,2168,277.94,387.03,56.0,78.41,0.9663,-1,-1,-1
798,2068,1527.04,324.87,38.24,96.0,0.9647,-1,-1,-1
798,2070,774.73,350.14,40.44,99.56,0.9634,-1,-1,-1
798,2046,945.22,361.17,44.55,97.68,0.9631,-1,-1,-1
798,2137,591.79,367.69,47.14,103.75,0.9618,-1,-1,-1
798,2175,201.43,310.59,36.79,100.95,0.9584,-1,-1,-1
798,2171,455.8,510.11,54.73,106.57,0.956,-1,-1,-1
798,2130,1612.9,303.48,36.57,83.75,0.9546,-1,-1,-1
798,2079,429.29,224.79,38.6,73.65,0.952,-1,-1,-1
798,2057,1180.49,196.56,30.45,66.61,0.9505,-1,-1,-1
798,2077,602.63,190.85,30.38,67.89,0.9498,-1,-1,-1
798,2052,1286.79,347.5,35.48,74.12,0.9402,-1,-1,-1
798,2180,0.55,796.67,47.64,165.21,0.9019,-1,-1,-1
799,2180,0.0,793.93,66.94,172.4,0.9729,-1,-1,-1
799,2174,155.59,392.07,65.38,85.94,0.9726,-1,-1,-1
799,2115,1523.4,445.01,57.1,114.18,0.9721,-1,-1,-1
799,2091,1123.18,346.64,44.78,93.78,0.9716,-1,-1,-1
799,2169,373.37,301.99,41.62,94.49,0.9676,-1,-1,-1
799,2068,1538.89,327.34,38.09,96.8,0.966,-1,-1,-1
799,2161,992.11,224.43,46.08,75.15,0.9659,-1,-1,-1
799,2122,1812.41,430.35,37.59,110.02,0.9658,-1,-1,-1
799,2052,1297.66,347.53,40.15,79.85,0.9658,-1,-1,-1
799,2179,267.62,486.61,57.43,103.72,0.9642,-1,-1,-1
799,2070,789.41,355.41,39.34,96.39,0.9641,-1,-1,-1
799,2175,218.53,312.77,36.53,100.08,0.9609,-1,-1,-1
799,2171,479.39,508.52,53.49,108.94,0.9564,-1,-1,-1
799,2046,962.66,365.49,42.93,100.75,0.9546,-1,-1,-1
799,2168,293.66,386.63,58.61,79.65,0.9535,-1,-1,-1
799,2077,615.55,192.89,31.25,67.32,0.9496,-1,-1,-1
799,2079,444.57,226.67,36.99,72.72,0.9457,-1,-1,-1
799,2057,1190.46,198.61,26.31,65.69,0.9453,-1,-1,-1
799,2130,1625.81,305.19,35.94,84.49,0.9334,-1,-1,-1
799,2137,603.95,370.49,43.42,99.89,0.5256,-1,-1,-1
800,2179,296.32,485.6,70.54,101.69,0.9739,-1,-1,-1
800,2122,1818.88,431.87,39.12,109.47,0.9721,-1,-1,-1
800,2052,1307.22,348.71,40.98,82.08,0.9687,-1,-1,-1
800,2174,167.6,393.63,70.37,86.87,0.9673,-1,-1,-1
800,2169,388.28,303.35,42.3,94.38,0.9665,-1,-1,-1
800,2070,802.87,359.31,38.88,91.83,0.9652,-1,-1,-1
800,2115,1531.87,447.81,59.9,115.02,0.9652,-1,-1,-1
800,2180,3.0,792.16,86.79,171.45,0.965,-1,-1,-1
800,2161,1003.34,226.76,45.77,74.13,0.9643,-1,-1,-1
800,2046,977.64,369.74,43.3,99.89,0.9632,-1,-1,-1
800,2175,235.23,314.7,37.51,99.04,0.9616,-1,-1,-1
800,2171,505.46,507.61,45.41,108.1,0.9614,-1,-1,-1
800,2068,1551.65,332.37,37.8,94.2,0.9613,-1,-1,-1
800,2168,310.15,384.95,58.43,82.19,0.9602,-1,-1,-1
800,2079,459.01,226.84,37.46,73.04,0.958,-1,-1,-1
800,2130,1639.1,307.37,34.7,86.11,0.9507,-1,-1,-1
800,2077,629.06,194.8,30.22,66.26,0.9467,-1,-1,-1
800,2091,1132.61,349.93,42.07,93.44,0.9409,-1,-1,-1
800,2057,1199.98,199.01,25.17,66.53,0.9407,-1,-1,-1
800,2137,615.36,373.7,44.12,98.3,0.937,-1,-1,-1
801,2174,175.99,393.56,69.72,88.23,0.9763,-1,-1,-1
801,2115,1534.73,449.25,61.76,115.28,0.9698,-1,-1,-1
801,2122,1824.26,431.91,37.55,110.71,0.9684,-1,-1,-1
801,2171,517.48,506.27,44.62,107.76,0.9679,-1,-1,-1
801,2068,1557.28,334.43,38.31,92.94,0.9676,-1,-1,-1
801,2169,395.72,303.78,42.29,94.28,0.967,-1,-1,-1
801,2180,18.01,791.6,79.67,171.1,0.9665,-1,-1,-1
801,2179,307.97,485.27,76.98,101.05,0.9647,-1,-1,-1
801,2175,242.75,315.09,37.74,98.74,0.964,-1,-1,-1
801,2052,1312.43,350.1,40.8,83.21,0.9639,-1,-1,-1
801,2168,318.31,385.63,60.65,83.77,0.9636,-1,-1,-1
801,2070,808.6,360.06,38.88,91.12,0.9627,-1,-1,-1
801,2161,1009.35,227.16,45.11,74.53,0.9579,-1,-1,-1
801,2130,1644.77,308.2,35.39,85.94,0.9571,-1,-1,-1
801,2091,1136.01,351.69,39.31,91.62,0.9538,-1,-1,-1
801,2077,635.59,196.32,30.59,65.24,0.9499,-1,-1,-1
801,2057,1204.57,195.6,26.6,70.89,0.9439,-1,-1,-1
801,2079,465.9,228.29,36.88,72.28,0.9418,-1,-1,-1
801,2137,620.87,375.26,41.48,96.23,0.941,-1,-1,-1
801,2046,986.61,372.34,41.27,96.79,0.9365,-1,-1,-1
802,2122,1830.66,432.19,41.06,114.94,0.9726,-1,-1,-1
802,2174,187.66,395.44,73.65,91.09,0.9722,-1,-1,-1
802,2115,1540.5,452.18,65.66,114.16,0.9718,-1,-1,-1
802,2180,45.02,790.52,75.45,169.56,0.9714,-1,-1,-1
802,2171,542.63,504.79,46.85,106.49,0.9698,-1,-1,-1
802,2179,335.45,486.98,81.81,99.01,0.9695,-1,-1,-1
802,2169,411.21,305.1,42.57,93.57,0.965,-1,-1,-1
802,2168,334.85,383.56,61.39,88.14,0.9641,-1,-1,-1
802,2175,260.01,316.61,38.1,98.13,0.9632,-1,-1,-1
802,2068,1568.53,337.97,38.13,89.99,0.9626,-1,-1,-1
802,2161,1020.89,228.5,42.2,74.47,0.9588,-1,-1,-1
802,2070,821.2,362.13,38.78,91.99,0.9565,-1,-1,-1
802,2130,1656.75,309.61,35.9,85.6,0.955,-1,-1,-1
802,2077,647.98,197.76,28.59,65.52,0.9532,-1,-1,-1
802,2052,1323.59,352.66,38.84,84.84,0.9495,-1,-1,-1
802,2046,1001.54,375.05,36.29,95.17,0.9454,-1,-1,-1
802,2057,1213.14,197.55,29.24,70.81,0.9427,-1,-1,-1
802,2079,478.44,229.19,36.65,73.37,0.9421,-1,-1,-1
802,2091,1143.65,354.03,34.62,90.6,0.9419,-1,-1,-1
802,2137,632.69,377.08,38.93,93.6,0.9323,-1,-1,-1
803,2174,199.99,396.05,71.53,91.53,0.9782,-1,-1,-1
803,2122,1837.34,434.26,43.05,115.24,0.977,-1,-1,-1
803,2180,73.17,786.55,68.99,169.28,0.9736,-1,-1,-1
803,2179,367.8,487.73,66.17,96.89,0.9735,-1,-1,-1
803,2168,350.62,383.66,59.55,90.47,0.9716,-1,-1,-1
803,2169,425.49,306.29,43.0,93.04,0.9703,-1,-1,-1
803,2115,1551.26,455.79,62.31,111.76,0.9691,-1,-1,-1
803,2171,564.16,503.18,47.35,104.61,0.9691,-1,-1,-1
803,2161,1029.85,230.95,40.13,72.16,0.9682,-1,-1,-1
803,2175,275.97,318.01,37.93,96.95,0.9647,-1,-1,-1
803,2052,1335.21,355.09,35.45,84.41,0.9614,-1,-1,-1
803,2070,833.2,364.5,39.35,95.76,0.9611,-1,-1,-1
803,2068,1582.35,339.24,34.87,91.98,0.9598,-1,-1,-1
803,2077,660.72,198.77,29.53,66.36,0.9558,-1,-1,-1
803,2057,1219.06,205.71,35.51,63.82,0.9513,-1,-1,-1
803,2046,1017.93,377.98,32.2,92.86,0.9504,-1,-1,-1
803,2137,644.72,377.07,34.48,94.08,0.9503,-1,-1,-1
803,2079,489.89,231.05,35.02,72.38,0.9454,-1,-1,-1
803,2130,1669.11,311.21,35.8,86.31,0.9399,-1,-1,-1
803,2091,1152.02,356.53,34.46,88.58,0.9334,-1,-1,-1
804,2122,1839.6,434.81,46.79,116.47,0.9756,-1,-1,-1
804,2115,1554.86,456.98,61.86,111.26,0.9702,-1,-1,-1
804,2179,385.37,487.88,56.75,95.88,0.9691,-1,-1,-1
804,2171,576.66,503.42,46.27,102.15,0.9675,-1,-1,-1
804,2180,86.62,784.1,65.04,168.74,0.9666,-1,-1,-1
804,2175,284.36,318.76,39.22,97.2,0.966,-1,-1,-1
804,2169,432.87,306.98,42.4,93.08,0.9659,-1,-1,-1
804,2168,359.17,384.63,57.88,91.06,0.9645,-1,-1,-1
804,2070,839.11,366.12,39.67,95.85,0.9632,-1,-1,-1
804,2174,205.76,397.23,71.06,89.27,0.9623,-1,-1,-1
804,2161,1033.08,230.97,39.51,72.35,0.9613,-1,-1,-1
804,2068,1587.52,340.48,35.35,90.92,0.9608,-1,-1,-1
804,2052,1341.02,356.82,34.28,82.84,0.9598,-1,-1,-1
804,2057,1221.45,203.8,39.55,66.22,0.9578,-1,-1,-1
804,2046,1025.66,379.36,30.83,91.65,0.9562,-1,-1,-1
804,2077,666.73,199.97,29.98,65.58,0.9551,-1,-1,-1
804,2130,1674.93,312.21,35.04,85.89,0.9529,-1,-1,-1
804,2091,1155.79,357.18,35.4,87.52,0.9511,-1,-1,-1
804,2079,495.35,232.15,34.07,71.49,0.9465,-1,-1,-1
804,2137,649.65,377.2,33.94,93.91,0.9436,-1,-1,-1
805,2122,1846.73,438.35,48.67,116.15,0.9743,-1,-1,-1
805,2115,1563.08,458.35,56.18,109.7,0.9723,-1,-1,-1
805,2171,594.73,504.11,50.93,100.24,0.9716,-1,-1,-1
805,2174,216.95,396.13,65.37,90.78,0.9712,-1,-1,-1
805,2179,410.29,487.04,48.27,95.79,0.9706,-1,-1,-1
805,2180,111.28,780.43,60.66,168.57,0.9685,-1,-1,-1
805,2169,447.19,308.44,40.33,91.61,0.9679,-1,-1,-1
805,2168,376.93,385.08,49.23,90.8,0.9672,-1,-1,-1
805,2070,852.25,370.05,40.55,95.38,0.9649,-1,-1,-1
805,2175,300.15,319.65,39.63,95.72,0.9647,-1,-1,-1
805,2068,1598.18,340.85,33.81,91.54,0.9587,-1,-1,-1
805,2057,1228.7,209.3,43.5,62.39,0.9584,-1,-1,-1
805,2161,1041.04,232.14,36.56,72.52,0.957,-1,-1,-1
805,2091,1163.63,358.34,37.47,88.32,0.9555,-1,-1,-1
805,2077,678.39,200.95,31.36,65.94,0.9554,-1,-1,-1
805,2130,1686.61,313.16,35.39,85.92,0.949,-1,-1,-1
805,2079,504.24,233.38,34.56,70.86,0.9488,-1,-1,-1
805,2052,1352.4,359.04,32.74,81.25,0.9386,-1,-1,-1
805,2046,1039.6,381.71,31.33,98.73,0.9327,-1,-1,-1
805,2137,661.11,377.32,34.07,95.01,0.9272,-1,-1,-1
806,2122,1853.25,443.05,48.78,114.62,0.9757,-1,-1,-1
806,2115,1571.02,458.95,49.76,110.35,0.9745,-1,-1,-1
806,2180,133.33,777.1,57.69,168.51,0.9717,-1,-1,-1
806,2174,227.13,396.28,57.73,91.12,0.9714,-1,-1,-1
806,2179,432.71,486.38,50.0,93.61,0.969,-1,-1,-1
806,2168,398.95,386.33,39.4,89.6,0.9666,-1,-1,-1
806,2070,863.92,374.04,39.41,97.77,0.9658,-1,-1,-1
806,2175,315.72,321.34,39.07,94.26,0.9649,-1,-1,-1
806,2169,461.19,309.5,37.24,91.89,0.9645,-1,-1,-1
806,2091,1170.61,358.75,36.5,92.22,0.9603,-1,-1,-1
806,2171,611.33,503.99,64.71,99.08,0.9565,-1,-1,-1
806,2161,1049.37,231.66,32.82,73.6,0.955,-1,-1,-1
806,2057,1239.39,214.75,42.83,58.03,0.9545,-1,-1,-1
806,2077,690.21,201.6,32.99,66.87,0.9543,-1,-1,-1
806,2130,1698.86,313.82,34.48,86.21,0.9508,-1,-1,-1
806,2079,515.8,234.59,34.63,70.97,0.9493,-1,-1,-1
806,2068,1608.1,341.89,34.31,93.54,0.9486,-1,-1,-1
806,2052,1362.45,359.92,33.65,81.46,0.9482,-1,-1,-1
806,2137,671.61,377.1,35.75,94.79,0.9449,-1,-1,-1
806,2046,1054.78,385.1,29.71,98.65,0.9363,-1,-1,-1
807,2122,1857.42,444.32,46.87,113.51,0.977,-1,-1,-1
807,2115,1574.77,458.81,47.42,111.91,0.9764,-1,-1,-1
807,2174,232.78,395.25,53.93,89.9,0.973,-1,-1,-1
807,2179,443.96,486.27,51.51,92.72,0.9693,-1,-1,-1
807,2180,144.32,778.47,56.96,164.93,0.9675,-1,-1,-1
807,2175,321.82,320.68,41.08,95.41,0.9671,-1,-1,-1
807,2068,1611.87,342.49,34.59,94.89,0.9652,-1,-1,-1
807,2168,405.84,387.05,38.94,89.44,0.9646,-1,-1,-1
807,2137,675.63,376.47,37.03,95.33,0.9601,-1,-1,-1
807,2057,1244.33,214.07,42.08,59.3,0.9598,-1,-1,-1
807,2091,1174.03,360.1,35.77,92.23,0.959,-1,-1,-1
807,2161,1054.82,231.27,32.98,74.04,0.9586,-1,-1,-1
807,2070,869.11,376.52,39.51,96.97,0.9539,-1,-1,-1
807,2171,618.19,503.46,74.04,99.84,0.9535,-1,-1,-1
807,2130,1705.08,314.47,34.29,85.82,0.953,-1,-1,-1
807,2169,468.26,310.41,35.55,91.1,0.9526,-1,-1,-1
807,2077,695.77,202.57,33.84,66.41,0.9508,-1,-1,-1
807,2079,522.08,235.01,34.28,71.52,0.9486,-1,-1,-1
807,2046,1061.48,387.81,30.51,97.71,0.9483,-1,-1,-1
807,2052,1368.38,360.22,32.61,81.19,0.9471,-1,-1,-1
807,2182,561.58,1036.57,46.06,42.83,0.9269,-1,-1,-1
808,2115,1581.14,458.45,47.0,115.38,0.9777,-1,-1,-1
808,2174,242.96,393.17,47.23,93.07,0.9752,-1,-1,-1
808,2179,467.7,485.63,58.73,96.2,0.9716,-1,-1,-1
808,2122,1862.17,447.89,46.91,111.81,0.9705,-1,-1,-1
808,2175,337.02,321.93,38.99,94.72,0.9653,-1,-1,-1
808,2171,632.21,500.7,82.26,101.12,0.9651,-1,-1,-1
808,2070,880.83,380.62,39.18,93.27,0.9646,-1,-1,-1
808,2052,1378.79,361.12,33.13,87.02,0.963,-1,-1,-1
808,2180,165.6,775.58,53.62,168.62,0.9588,-1,-1,-1
808,2168,418.82,388.71,38.0,87.27,0.9585,-1,-1,-1
808,2091,1180.98,361.43,35.23,94.09,0.9583,-1,-1,-1
808,2077,706.46,203.69,35.19,66.02,0.9554,-1,-1,-1
808,2161,1062.52,231.46,33.73,76.1,0.9545,-1,-1,-1
808,2068,1622.0,345.28,33.94,93.4,0.9533,-1,-1,-1
808,2079,532.46,235.8,37.25,71.93,0.9532,-1,-1,-1
808,2057,1253.54,216.37,39.12,58.56,0.9525,-1,-1,-1
808,2169,481.25,311.0,33.82,90.56,0.9505,-1,-1,-1
808,2130,1716.05,315.16,34.29,86.07,0.95,-1,-1,-1
808,2137,685.82,377.14,38.22,94.57,0.9471,-1,-1,-1
808,2046,1074.68,392.36,35.29,99.18,0.9356,-1,-1,-1
808,2182,576.43,1030.6,54.73,48.63,0.9221,-1,-1,-1
809,2171,649.42,498.5,91.52,101.34,0.9766,-1,-1,-1
809,2115,1587.42,460.15,47.52,116.69,0.9763,-1,-1,-1
809,2180,183.06,776.37,56.35,165.38,0.9759,-1,-1,-1
809,2179,491.5,486.79,62.06,95.8,0.9751,-1,-1,-1
809,2174,251.84,392.83,43.96,93.08,0.9722,-1,-1,-1
809,2122,1867.46,451.37,44.8,109.15,0.9721,-1,-1,-1
809,2137,695.11,378.17,40.27,92.27,0.9659,-1,-1,-1
809,2068,1630.37,346.76,34.94,93.2,0.9626,-1,-1,-1
809,2175,351.09,322.14,35.22,95.3,0.9623,-1,-1,-1
809,2168,431.28,388.46,37.65,87.49,0.9587,-1,-1,-1
809,2070,893.56,381.99,37.14,91.58,0.9578,-1,-1,-1
809,2161,1070.34,232.5,34.73,76.96,0.9577,-1,-1,-1
809,2079,543.28,237.82,39.44,70.77,0.9569,-1,-1,-1
809,2091,1187.56,363.11,35.14,94.39,0.9561,-1,-1,-1
809,2130,1725.74,316.49,34.46,87.46,0.9542,-1,-1,-1
809,2077,716.78,204.44,36.28,66.66,0.954,-1,-1,-1
809,2046,1086.59,396.15,38.72,97.09,0.9512,-1,-1,-1
809,2169,493.39,311.4,33.07,90.25,0.9481,-1,-1,-1
809,2057,1262.43,218.62,34.79,57.0,0.9455,-1,-1,-1
809,2052,1389.88,363.8,30.92,90.65,0.926,-1,-1,-1
809,2182,589.76,1025.02,65.17,54.63,0.9061,-1,-1,-1
810,2174,256.24,391.87,45.39,94.11,0.9773,-1,-1,-1
810,2115,1589.75,460.87,47.82,116.38,0.977,-1,-1,-1
810,2122,1869.9,451.23,45.11,109.11,0.9734,-1,-1,-1
810,2171,658.53,497.01,89.3,101.54,0.972,-1,-1,-1
810,2179,504.07,487.64,61.58,94.76,0.9717,-1,-1,-1
810,2180,193.03,777.73,55.87,164.44,0.9716,-1,-1,-1
810,2046,1091.93,398.06,40.38,94.71,0.9657,-1,-1,-1
810,2168,436.12,387.27,38.67,91.49,0.9631,-1,-1,-1
810,2079,548.32,238.65,39.56,69.34,0.963,-1,-1,-1
810,2091,1192.05,364.73,32.77,92.79,0.9628,-1,-1,-1
810,2068,1633.0,346.51,36.7,96.25,0.9609,-1,-1,-1
810,2130,1730.73,316.98,34.04,87.64,0.9599,-1,-1,-1
810,2175,357.39,322.03,35.57,94.79,0.9589,-1,-1,-1
810,2070,899.25,383.1,36.69,90.21,0.9563,-1,-1,-1
810,2161,1073.65,233.1,34.86,76.11,0.9559,-1,-1,-1
810,2077,720.78,205.74,36.74,66.01,0.955,-1,-1,-1
810,2137,698.64,377.92,40.59,92.57,0.9543,-1,-1,-1
810,2169,498.12,311.84,34.47,90.09,0.9497,-1,-1,-1
810,2057,1265.08,218.35,34.08,57.93,0.9495,-1,-1,-1
810,2052,1392.66,364.04,33.86,91.84,0.9243,-1,-1,-1
810,2182,597.63,1024.37,67.57,55.63,0.8075,-1,-1,-1
811,2115,1594.08,462.77,46.77,116.14,0.9778,-1,-1,-1
811,2137,705.3,378.76,42.3,92.09,0.9763,-1,-1,-1
811,2174,263.33,391.61,44.46,96.34,0.9741,-1,-1,-1
811,2122,1874.38,450.96,44.56,109.17,0.9701,-1,-1,-1
811,2180,210.16,778.5,63.15,163.61,0.968,-1,-1,-1
811,2046,1102.63,400.93,41.33,91.07,0.9671,-1,-1,-1
811,2179,527.26,489.32,60.97,91.73,0.967,-1,-1,-1
811,2130,1738.71,318.36,34.42,86.68,0.9665,-1,-1,-1
811,2171,678.71,494.07,72.57,101.46,0.9658,-1,-1,-1
811,2168,446.59,386.55,40.28,93.46,0.9649,-1,-1,-1
811,2079,557.7,238.64,41.19,69.75,0.963,-1,-1,-1
811,2175,369.17,322.49,33.34,94.19,0.9619,-1,-1,-1
811,2169,508.56,311.58,34.18,91.88,0.9605,-1,-1,-1
811,2068,1639.29,350.4,37.48,93.08,0.9597,-1,-1,-1
811,2077,728.67,207.01,37.46,65.79,0.9547,-1,-1,-1
811,2161,1080.11,234.28,33.7,75.77,0.9539,-1,-1,-1
811,2091,1198.07,368.21,29.99,89.52,0.9508,-1,-1,-1
811,2057,1271.72,219.54,29.31,57.4,0.9507,-1,-1,-1
811,2070,909.03,383.49,36.29,94.29,0.9487,-1,-1,-1
811,2052,1399.46,367.73,35.53,90.6,0.9468,-1,-1,-1
811,2182,610.26,1020.68,73.48,59.32,0.8902,-1,-1,-1
812,2180,224.48,779.84,72.61,163.17,0.9756,-1,-1,-1
812,2115,1596.77,465.71,45.77,115.42,0.974,-1,-1,-1
812,2174,269.99,391.82,45.12,98.26,0.9726,-1,-1,-1
812,2046,1110.32,400.59,43.9,91.59,0.9696,-1,-1,-1
812,2122,1876.35,450.33,43.16,111.53,0.9695,-1,-1,-1
812,2171,701.83,491.7,56.97,105.4,0.9684,-1,-1,-1
812,2168,456.77,385.54,40.1,96.36,0.9672,-1,-1,-1
812,2052,1403.84,369.59,37.85,89.04,0.9646,-1,-1,-1
812,2179,547.65,492.55,59.23,86.85,0.964,-1,-1,-1
812,2137,711.34,378.39,43.2,92.21,0.9622,-1,-1,-1
812,2079,566.36,239.5,40.59,69.41,0.9614,-1,-1,-1
812,2130,1745.24,320.11,34.39,85.37,0.9595,-1,-1,-1
812,2169,518.56,311.56,33.49,90.89,0.9594,-1,-1,-1
812,2068,1644.85,352.02,36.16,91.67,0.9587,-1,-1,-1
812,2175,380.51,322.7,32.35,94.49,0.9531,-1,-1,-1
812,2077,736.59,208.13,34.8,65.1,0.9528,-1,-1,-1
812,2161,1086.06,235.25,28.16,74.42,0.9507,-1,-1,-1
812,2091,1201.28,369.57,29.56,87.1,0.9422,-1,-1,-1
812,2057,1275.57,218.01,26.86,58.4,0.94,-1,-1,-1
812,2070,918.33,384.56,35.04,98.65,0.9398,-1,-1,-1
812,2182,624.0,1017.35,75.94,62.65,0.8,-1,-1,-1
813,2180,230.89,780.31,76.87,162.55,0.9782,-1,-1,-1
813,2174,272.94,391.8,44.92,97.74,0.9769,-1,-1,-1
813,2115,1598.52,466.67,42.98,113.87,0.9733,-1,-1,-1
813,2171,711.5,489.88,49.33,107.82,0.9715,-1,-1,-1
813,2179,555.65,492.88,59.06,86.58,0.9698,-1,-1,-1
813,2122,1876.57,450.4,42.92,112.86,0.9669,-1,-1,-1
813,2046,1115.41,401.2,42.54,89.67,0.9666,-1,-1,-1
813,2137,713.52,378.73,42.54,92.54,0.9656,-1,-1,-1
813,2079,571.52,239.46,39.0,69.47,0.9655,-1,-1,-1
813,2168,461.76,385.15,39.84,96.57,0.9654,-1,-1,-1
813,2052,1406.15,370.25,38.87,87.43,0.965,-1,-1,-1
813,2068,1646.19,352.72,36.88,91.25,0.9624,-1,-1,-1
813,2070,922.39,384.63,35.29,98.86,0.9607,-1,-1,-1
813,2130,1747.61,320.74,34.28,83.97,0.958,-1,-1,-1
813,2175,385.12,322.28,32.95,94.86,0.957,-1,-1,-1
813,2169,522.49,312.49,34.62,89.03,0.954,-1,-1,-1
813,2161,1088.48,235.96,25.4,73.5,0.9522,-1,-1,-1
813,2091,1201.87,369.91,29.89,86.04,0.9447,-1,-1,-1
813,2057,1274.83,217.02,28.12,58.98,0.9366,-1,-1,-1
813,2077,738.8,208.43,33.78,64.09,0.8622,-1,-1,-1
813,2182,631.14,1015.6,77.09,64.23,0.7858,-1,-1,-1
814,2180,239.38,781.5,85.02,158.35,0.9737,-1,-1,-1
814,2174,276.2,391.71,46.24,98.1,0.9735,-1,-1,-1
814,2046,1121.02,401.29,44.79,96.37,0.9733,-1,-1,-1
814,2115,1598.42,467.7,40.91,111.2,0.9707,-1,-1,-1
814,2137,714.78,378.11,42.74,90.35,0.9699,-1,-1,-1
814,2052,1411.95,370.12,38.35,87.3,0.9698,-1,-1,-1
814,2179,574.45,492.78,57.58,87.94,0.9694,-1,-1,-1
814,2122,1874.84,449.7,44.29,114.51,0.9675,-1,-1,-1
814,2079,577.96,239.71,38.83,68.48,0.9671,-1,-1,-1
814,2130,1751.94,320.18,34.65,83.98,0.9656,-1,-1,-1
814,2168,471.64,385.47,37.61,96.05,0.9643,-1,-1,-1
814,2070,927.91,386.5,36.36,100.06,0.9605,-1,-1,-1
814,2175,392.72,321.97,32.59,94.08,0.9598,-1,-1,-1
814,2171,731.71,488.49,36.43,107.41,0.9595,-1,-1,-1
814,2068,1648.54,353.18,36.55,88.66,0.9576,-1,-1,-1
814,2057,1279.34,213.42,26.1,62.05,0.9546,-1,-1,-1
814,2169,529.68,311.5,34.66,88.7,0.9539,-1,-1,-1
814,2091,1202.26,368.34,29.94,87.75,0.9525,-1,-1,-1
814,2161,1090.86,236.79,23.22,72.57,0.9493,-1,-1,-1
814,2077,744.48,207.64,30.62,64.85,0.9488,-1,-1,-1
814,2182,645.1,1010.9,76.11,67.93,0.6358,-1,-1,-1
815,2180,247.1,778.78,87.14,158.17,0.9791,-1,-1,-1
815,2179,587.35,491.49,56.29,88.26,0.9762,-1,-1,-1
815,2122,1869.48,449.08,48.35,113.22,0.9741,-1,-1,-1
815,2046,1126.62,402.22,44.62,97.08,0.9739,-1,-1,-1
815,2174,278.24,391.7,47.82,96.56,0.9736,-1,-1,-1
815,2115,1595.51,467.1,38.04,109.42,0.9675,-1,-1,-1
815,2091,1199.26,364.98,33.16,91.35,0.9664,-1,-1,-1
815,2137,715.13,376.43,40.66,85.78,0.9646,-1,-1,-1
815,2079,583.34,237.4,35.81,69.01,0.9645,-1,-1,-1
815,2130,1753.42,318.38,34.3,85.42,0.9643,-1,-1,-1
815,2168,479.11,384.46,36.18,97.36,0.9628,-1,-1,-1
815,2070,934.16,387.64,35.69,100.6,0.9616,-1,-1,-1
815,2052,1416.49,368.27,36.31,86.42,0.9613,-1,-1,-1
815,2169,533.53,310.34,36.35,87.68,0.9601,-1,-1,-1
815,2077,746.89,205.66,27.68,64.18,0.9571,-1,-1,-1
815,2171,745.93,485.34,31.43,107.16,0.9567,-1,-1,-1
815,2175,398.82,319.77,32.49,93.63,0.9542,-1,-1,-1
815,2057,1280.32,212.08,26.91,61.74,0.9508,-1,-1,-1
815,2068,1649.4,350.89,35.6,88.16,0.9501,-1,-1,-1
815,2161,1090.6,235.13,25.76,71.19,0.9463,-1,-1,-1
815,2182,658.01,1006.83,75.13,70.08,0.439,-1,-1,-1
816,2122,1866.2,447.95,49.47,112.97,0.9752,-1,-1,-1
816,2174,278.58,391.43,47.92,94.36,0.9741,-1,-1,-1
816,2180,250.99,776.49,85.25,157.49,0.9739,-1,-1,-1
816,2179,592.72,488.61,53.17,88.47,0.9733,-1,-1,-1
816,2046,1128.46,401.89,44.87,98.27,0.9722,-1,-1,-1
816,2137,715.31,374.28,39.38,87.36,0.9704,-1,-1,-1
816,2052,1417.19,365.91,36.19,87.06,0.9675,-1,-1,-1
816,2079,585.49,236.4,34.04,69.34,0.9668,-1,-1,-1
816,2091,1197.84,363.3,34.01,92.38,0.9667,-1,-1,-1
816,2115,1592.96,466.26,38.17,108.27,0.966,-1,-1,-1
816,2068,1647.99,348.02,36.43,90.02,0.9656,-1,-1,-1
816,2175,401.02,319.06,32.1,92.78,0.9652,-1,-1,-1
816,2168,482.52,384.25,35.28,96.26,0.964,-1,-1,-1
816,2169,535.18,308.25,36.37,88.86,0.9633,-1,-1,-1
816,2130,1753.72,317.21,33.46,86.57,0.963,-1,-1,-1
816,2070,935.23,387.12,37.12,100.35,0.9583,-1,-1,-1
816,2171,750.03,483.68,32.99,105.41,0.9566,-1,-1,-1
816,2077,747.71,204.46,26.7,63.7,0.9564,-1,-1,-1
816,2161,1089.33,233.77,28.45,70.85,0.9504,-1,-1,-1
816,2057,1279.32,209.42,27.95,62.97,0.9487,-1,-1,-1
816,2182,665.9,1001.93,73.32,75.36,0.5749,-1,-1,-1
817,2174,277.92,389.48,48.58,91.73,0.9721,-1,-1,-1
817,2046,1131.55,402.17,45.66,99.92,0.9716,-1,-1,-1
817,2122,1859.81,446.95,48.84,113.18,0.9711,-1,-1,-1
817,2180,259.66,769.81,80.9,158.97,0.9711,-1,-1,-1
817,2179,603.24,483.92,46.32,89.49,0.9703,-1,-1,-1
817,2137,713.1,370.86,39.72,86.84,0.969,-1,-1,-1
817,2169,537.36,304.98,37.53,88.92,0.9661,-1,-1,-1
817,2079,587.97,232.8,30.22,68.75,0.9631,-1,-1,-1
817,2070,938.65,387.2,36.36,96.1,0.962,-1,-1,-1
817,2052,1416.34,362.72,36.55,85.33,0.9616,-1,-1,-1
817,2068,1645.45,344.23,36.2,91.3,0.9614,-1,-1,-1
817,2130,1751.7,314.05,33.86,86.59,0.9613,-1,-1,-1
817,2161,1085.36,229.98,33.21,71.33,0.9597,-1,-1,-1
817,2115,1588.26,460.19,36.47,110.64,0.9581,-1,-1,-1
817,2168,486.14,383.55,35.48,92.13,0.9577,-1,-1,-1
817,2175,405.55,316.29,31.7,92.06,0.957,-1,-1,-1
817,2077,747.81,200.27,25.93,64.51,0.9535,-1,-1,-1
817,2171,759.88,479.47,28.83,102.42,0.9512,-1,-1,-1
817,2091,1195.56,361.79,34.68,92.1,0.9462,-1,-1,-1
817,2057,1273.58,209.18,32.83,59.21,0.9323,-1,-1,-1
817,2182,676.54,995.69,72.45,80.66,0.9077,-1,-1,-1
817,2183,643.39,170.16,31.03,48.79,0.8048,-1,-1,-1
818,2180,269.16,764.82,78.7,156.37,0.9775,-1,-1,-1
818,2122,1856.56,444.95,44.05,109.71,0.9746,-1,-1,-1
818,2046,1133.6,401.73,45.78,96.33,0.9707,-1,-1,-1
818,2179,612.98,477.96,39.15,90.62,0.9688,-1,-1,-1
818,2174,277.68,386.11,43.43,90.91,0.9676,-1,-1,-1
818,2169,538.2,300.5,38.49,89.7,0.9654,-1,-1,-1
818,2115,1582.48,454.56,36.48,108.25,0.9652,-1,-1,-1
818,2168,489.71,379.19,35.26,90.36,0.9649,-1,-1,-1
818,2068,1641.08,338.48,36.67,91.39,0.9645,-1,-1,-1
818,2137,711.7,365.91,41.19,85.7,0.9645,-1,-1,-1
818,2070,939.91,382.16,36.81,95.13,0.9611,-1,-1,-1
818,2161,1079.34,225.63,37.35,72.05,0.9609,-1,-1,-1
818,2130,1748.77,309.82,33.56,86.58,0.9601,-1,-1,-1
818,2052,1414.62,358.09,37.12,90.48,0.9598,-1,-1,-1
818,2175,408.21,311.7,31.37,92.9,0.9586,-1,-1,-1
818,2091,1193.63,358.26,33.7,94.1,0.9565,-1,-1,-1
818,2077,747.47,195.89,25.92,66.29,0.9544,-1,-1,-1
818,2079,589.88,228.79,26.72,69.21,0.9508,-1,-1,-1
818,2171,768.43,473.27,26.79,103.67,0.9457,-1,-1,-1
818,2057,1267.64,204.07,35.73,60.39,0.9438,-1,-1,-1
818,2182,688.5,988.04,70.39,89.78,0.9005,-1,-1,-1
818,2183,646.3,165.54,29.32,49.65,0.4922,-1,-1,-1
819,2180,274.99,758.2,75.48,159.49,0.9782,-1,-1,-1
819,2122,1853.64,443.16,43.29,108.21,0.9709,-1,-1,-1
819,2161,1075.57,222.43,40.24,73.37,0.9703,-1,-1,-1
819,2046,1136.3,400.25,43.45,95.27,0.9703,-1,-1,-1
819,2115,1577.88,450.91,39.01,110.39,0.9697,-1,-1,-1
819,2174,277.08,383.94,42.57,89.76,0.969,-1,-1,-1
819,2169,537.99,298.82,40.0,88.97,0.9682,-1,-1,-1
819,2168,490.95,376.51,36.83,90.43,0.9675,-1,-1,-1
819,2070,939.17,379.89,38.09,94.86,0.9664,-1,-1,-1
819,2137,710.4,362.83,41.98,86.21,0.9662,-1,-1,-1
819,2052,1413.99,356.43,36.91,91.97,0.9621,-1,-1,-1
819,2179,617.38,474.96,36.82,90.48,0.9603,-1,-1,-1
819,2175,409.51,310.08,31.21,92.11,0.9578,-1,-1,-1
819,2057,1263.27,199.47,37.34,63.02,0.9556,-1,-1,-1
819,2079,590.6,226.6,24.41,68.37,0.9556,-1,-1,-1
819,2077,745.9,193.37,27.77,67.17,0.9545,-1,-1,-1
819,2068,1638.94,335.24,36.15,94.01,0.9536,-1,-1,-1
819,2130,1747.07,307.57,34.19,86.66,0.9523,-1,-1,-1
819,2091,1191.02,357.84,32.63,91.83,0.9474,-1,-1,-1
819,2171,771.28,469.1,27.81,105.28,0.9434,-1,-1,-1
819,2182,694.99,984.77,69.06,94.49,0.9045,-1,-1,-1
819,2183,646.8,163.94,27.75,49.17,0.6556,-1,-1,-1
820,2115,1570.83,444.14,42.69,110.46,0.979,-1,-1,-1
820,2180,290.5,749.25,66.0,157.96,0.9761,-1,-1,-1
820,2122,1846.52,437.82,42.16,106.48,0.974,-1,-1,-1
820,2168,491.92,370.2,39.32,89.76,0.9722,-1,-1,-1
820,2174,276.99,378.29,41.05,89.05,0.9684,-1,-1,-1
820,2068,1634.15,330.5,35.56,92.97,0.9675,-1,-1,-1
820,2137,708.29,357.04,44.62,85.94,0.9674,-1,-1,-1
820,2052,1408.88,351.45,40.37,92.81,0.9671,-1,-1,-1
820,2169,539.57,293.29,38.07,88.44,0.9653,-1,-1,-1
820,2130,1742.79,301.63,34.19,86.18,0.9648,-1,-1,-1
820,2046,1142.12,396.95,38.19,91.61,0.9647,-1,-1,-1
820,2175,411.45,303.73,31.34,92.1,0.9622,-1,-1,-1
820,2070,939.4,374.83,39.39,94.42,0.9613,-1,-1,-1
820,2161,1071.16,217.04,41.04,73.27,0.9609,-1,-1,-1
820,2077,744.45,187.78,28.76,67.02,0.9573,-1,-1,-1
820,2179,626.28,468.75,31.96,90.45,0.9561,-1,-1,-1
820,2057,1259.83,196.27,34.91,61.91,0.9539,-1,-1,-1
820,2079,591.73,220.97,23.17,68.55,0.9535,-1,-1,-1
820,2182,707.03,977.75,69.55,101.71,0.9434,-1,-1,-1
820,2091,1185.33,355.38,31.08,88.02,0.9416,-1,-1,-1
820,2171,776.19,460.21,31.64,108.14,0.9321,-1,-1,-1
820,2183,647.16,157.97,27.79,48.73,0.6829,-1,-1,-1
821,2180,304.79,739.25,57.52,157.62,0.9722,-1,-1,-1
821,2174,277.06,371.18,40.58,92.95,0.9717,-1,-1,-1
821,2122,1837.86,432.15,41.86,105.01,0.9708,-1,-1,-1
821,2052,1402.48,348.84,46.28,90.84,0.9703,-1,-1,-1
821,2046,1142.63,393.42,36.7,89.06,0.9689,-1,-1,-1
821,2137,706.54,351.73,46.82,85.48,0.9677,-1,-1,-1
821,2171,780.16,455.06,41.19,107.05,0.9673,-1,-1,-1
821,2130,1738.68,293.7,33.84,88.09,0.9667,-1,-1,-1
821,2168,494.48,364.7,40.83,90.61,0.9633,-1,-1,-1
821,2179,635.22,462.05,32.85,89.4,0.963,-1,-1,-1
821,2175,413.08,298.33,31.9,91.43,0.9628,-1,-1,-1
821,2068,1628.93,325.94,36.32,92.68,0.9625,-1,-1,-1
821,2161,1066.94,212.83,40.27,72.2,0.9622,-1,-1,-1
821,2091,1178.88,351.22,34.01,86.51,0.9615,-1,-1,-1
821,2115,1560.6,437.95,48.06,111.36,0.9609,-1,-1,-1
821,2169,540.62,287.63,36.54,87.86,0.9603,-1,-1,-1
821,2077,742.62,183.43,29.37,66.73,0.951,-1,-1,-1
821,2079,591.75,215.93,22.15,68.87,0.9461,-1,-1,-1
821,2182,715.94,966.86,66.78,110.79,0.945,-1,-1,-1
821,2057,1257.39,189.91,29.79,62.78,0.9381,-1,-1,-1
821,2070,939.63,369.59,41.37,100.23,0.9015,-1,-1,-1
821,2183,648.74,152.74,26.39,47.52,0.7019,-1,-1,-1
822,2115,1554.79,436.08,51.41,110.81,0.9762,-1,-1,-1
822,2122,1834.56,428.85,41.13,104.63,0.9712,-1,-1,-1
822,2137,705.71,348.88,46.63,86.26,0.9704,-1,-1,-1
822,2174,276.5,368.92,40.49,93.17,0.9699,-1,-1,-1
822,2052,1399.71,347.88,48.01,91.86,0.9693,-1,-1,-1
822,2180,310.24,734.56,54.63,158.83,0.9686,-1,-1,-1
822,2046,1142.49,390.34,36.92,90.63,0.9685,-1,-1,-1
822,2168,495.04,361.13,42.03,93.56,0.9676,-1,-1,-1
822,2169,541.17,285.42,37.78,87.59,0.9661,-1,-1,-1
822,2171,783.37,451.62,41.28,106.23,0.9652,-1,-1,-1
822,2182,719.99,963.49,65.0,114.91,0.965,-1,-1,-1
822,2161,1065.1,210.32,39.56,71.55,0.9641,-1,-1,-1
822,2175,413.95,295.91,31.89,90.79,0.9626,-1,-1,-1
822,2179,639.62,458.29,31.82,89.26,0.9603,-1,-1,-1
822,2130,1736.65,290.97,33.92,87.07,0.955,-1,-1,-1
822,2077,742.35,180.66,29.15,67.49,0.9529,-1,-1,-1
822,2079,592.6,212.11,20.85,69.57,0.9518,-1,-1,-1
822,2091,1177.14,347.48,33.48,87.01,0.9511,-1,-1,-1
822,2070,940.16,368.89,41.96,100.33,0.9497,-1,-1,-1
822,2057,1255.48,189.62,27.43,60.06,0.9496,-1,-1,-1
822,2068,1626.1,325.01,36.19,94.57,0.9477,-1,-1,-1
823,2115,1548.54,431.68,52.38,111.59,0.9763,-1,-1,-1
823,2182,727.51,953.11,64.12,126.71,0.9738,-1,-1,-1
823,2137,704.03,344.25,48.46,86.18,0.9715,-1,-1,-1
823,2168,497.19,357.36,45.39,94.51,0.971,-1,-1,-1
823,2122,1825.19,422.06,42.15,105.57,0.9693,-1,-1,-1
823,2180,319.36,725.72,52.4,157.8,0.9689,-1,-1,-1
823,2174,276.74,364.71,40.31,94.61,0.9675,-1,-1,-1
823,2068,1621.66,322.37,36.66,91.19,0.9673,-1,-1,-1
823,2070,941.34,366.68,41.93,100.4,0.9658,-1,-1,-1
823,2052,1394.13,346.07,51.72,91.74,0.9658,-1,-1,-1
823,2179,644.47,451.57,35.72,90.6,0.9644,-1,-1,-1
823,2130,1732.5,285.8,34.51,87.62,0.964,-1,-1,-1
823,2046,1143.17,386.36,37.43,99.09,0.9609,-1,-1,-1
823,2161,1060.0,206.28,39.68,70.55,0.9593,-1,-1,-1
823,2091,1171.68,342.16,33.95,84.91,0.9542,-1,-1,-1
823,2169,544.28,279.48,32.73,88.05,0.9539,-1,-1,-1
823,2077,741.41,177.68,28.41,65.31,0.9526,-1,-1,-1
823,2079,592.9,208.13,21.43,68.71,0.9521,-1,-1,-1
823,2171,792.55,446.16,31.02,102.46,0.949,-1,-1,-1
823,2057,1251.3,183.7,25.1,60.35,0.9425,-1,-1,-1
823,2175,416.72,290.91,31.11,90.33,0.9114,-1,-1,-1
823,2183,652.83,144.74,24.61,49.15,0.5605,-1,-1,-1
824,2115,1542.76,430.76,53.69,108.0,0.9748,-1,-1,-1
824,2122,1812.43,416.81,46.19,109.2,0.9737,-1,-1,-1
824,2180,326.67,719.17,51.06,157.11,0.9718,-1,-1,-1
824,2179,647.56,446.39,42.27,91.28,0.9701,-1,-1,-1
824,2182,734.17,943.25,62.64,135.97,0.97,-1,-1,-1
824,2174,275.63,361.74,41.03,95.77,0.9694,-1,-1,-1
824,2168,499.36,353.73,44.73,94.57,0.9683,-1,-1,-1
824,2052,1393.9,344.78,48.37,87.56,0.9664,-1,-1,-1
824,2175,419.09,286.76,31.4,90.59,0.9662,-1,-1,-1
824,2070,944.35,366.48,39.56,100.23,0.9647,-1,-1,-1
824,2169,545.14,277.14,32.4,86.12,0.964,-1,-1,-1
824,2068,1618.0,319.58,36.02,90.02,0.9619,-1,-1,-1
824,2137,704.09,340.61,44.55,85.48,0.9615,-1,-1,-1
824,2091,1168.03,337.19,32.47,87.52,0.9614,-1,-1,-1
824,2077,740.59,175.13,26.06,64.69,0.9593,-1,-1,-1
824,2130,1728.49,281.07,34.48,87.32,0.9571,-1,-1,-1
824,2046,1144.22,384.72,36.76,98.78,0.9543,-1,-1,-1
824,2079,591.72,204.41,23.21,67.72,0.9522,-1,-1,-1
824,2161,1054.79,203.28,35.24,68.86,0.9489,-1,-1,-1
824,2171,798.74,442.27,32.94,100.89,0.9424,-1,-1,-1
824,2057,1246.04,180.31,27.58,61.08,0.9356,-1,-1,-1
824,2183,653.94,141.83,25.45,47.43,0.4254,-1,-1,-1
825,2122,1806.1,415.27,49.46,110.44,0.9764,-1,-1,-1
825,2115,1538.74,429.51,53.37,105.9,0.9728,-1,-1,-1
825,2180,330.46,716.49,50.7,158.04,0.9701,-1,-1,-1
825,2182,736.87,938.72,61.89,139.57,0.9698,-1,-1,-1
825,2174,275.58,360.86,40.26,94.98,0.9693,-1,-1,-1
825,2052,1393.89,343.36,46.85,86.56,0.9679,-1,-1,-1
825,2171,800.28,441.98,46.35,101.69,0.9678,-1,-1,-1
825,2168,501.26,352.98,43.98,94.06,0.9671,-1,-1,-1
825,2179,649.94,443.87,45.59,92.65,0.967,-1,-1,-1
825,2070,945.45,366.12,38.76,99.97,0.9648,-1,-1,-1
825,2046,1144.28,384.8,38.1,98.32,0.9627,-1,-1,-1
825,2175,419.84,284.41,31.51,89.94,0.9625,-1,-1,-1
825,2169,546.66,274.94,30.32,85.81,0.9604,-1,-1,-1
825,2068,1616.44,318.32,35.26,89.33,0.9601,-1,-1,-1
825,2137,703.81,339.48,43.46,84.0,0.9597,-1,-1,-1
825,2079,589.0,203.22,26.82,67.44,0.9587,-1,-1,-1
825,2130,1726.56,280.27,33.69,85.75,0.9572,-1,-1,-1
825,2077,740.12,173.62,24.33,64.3,0.9538,-1,-1,-1
825,2161,1051.91,201.87,33.71,68.75,0.9528,-1,-1,-1
825,2091,1165.37,335.34,33.04,84.53,0.9433,-1,-1,-1
825,2057,1244.07,177.6,28.08,60.51,0.9411,-1,-1,-1
825,2183,653.46,141.07,26.49,47.84,0.703,-1,-1,-1
826,2182,740.75,931.23,62.95,147.9,0.9742,-1,-1,-1
826,2115,1531.95,428.06,50.85,104.07,0.9739,-1,-1,-1
826,2179,654.27,440.94,47.99,93.29,0.9736,-1,-1,-1
826,2171,805.09,440.0,46.58,99.33,0.9707,-1,-1,-1
826,2168,502.54,352.15,43.96,92.1,0.9698,-1,-1,-1
826,2180,338.92,713.57,52.32,156.78,0.9683,-1,-1,-1
826,2174,275.82,360.29,38.69,91.32,0.9677,-1,-1,-1
826,2070,946.35,366.07,38.4,97.03,0.965,-1,-1,-1
826,2068,1611.44,315.49,34.22,87.03,0.9634,-1,-1,-1
826,2175,422.0,281.19,32.19,89.15,0.9631,-1,-1,-1
826,2052,1394.53,339.76,42.31,86.41,0.9619,-1,-1,-1
826,2046,1145.11,385.46,39.06,98.77,0.9619,-1,-1,-1
826,2079,586.51,200.21,30.87,67.92,0.9613,-1,-1,-1
826,2122,1799.03,413.49,48.38,107.41,0.9602,-1,-1,-1
826,2137,702.81,337.27,38.53,81.98,0.9592,-1,-1,-1
826,2169,548.23,272.4,28.54,86.05,0.9586,-1,-1,-1
826,2161,1046.99,197.66,31.8,69.75,0.9544,-1,-1,-1
826,2130,1721.38,277.72,34.72,85.66,0.9534,-1,-1,-1
826,2091,1160.18,333.56,33.68,80.02,0.9498,-1,-1,-1
826,2077,738.6,171.05,22.53,63.07,0.9449,-1,-1,-1
826,2057,1239.32,174.85,29.08,60.15,0.9407,-1,-1,-1
826,2183,652.12,138.23,29.25,47.87,0.6417,-1,-1,-1
827,2182,745.05,923.17,63.65,156.68,0.9771,-1,-1,-1
827,2122,1791.4,411.94,48.05,107.16,0.9762,-1,-1,-1
827,2180,345.22,713.13,61.98,153.06,0.9759,-1,-1,-1
827,2115,1524.82,423.27,47.19,105.83,0.9726,-1,-1,-1
827,2179,662.53,439.93,44.65,95.15,0.9705,-1,-1,-1
827,2171,809.61,436.65,48.95,98.96,0.9703,-1,-1,-1
827,2046,1147.41,387.97,39.24,95.13,0.9693,-1,-1,-1
827,2068,1607.4,312.23,31.64,88.02,0.9652,-1,-1,-1
827,2174,274.68,358.78,38.43,88.54,0.9651,-1,-1,-1
827,2079,586.14,198.25,32.52,66.55,0.9645,-1,-1,-1
827,2175,424.05,277.98,31.75,89.51,0.9627,-1,-1,-1
827,2070,948.68,364.36,35.81,95.71,0.9615,-1,-1,-1
827,2052,1397.39,338.06,36.54,84.41,0.9608,-1,-1,-1
827,2137,701.36,335.95,33.55,79.36,0.9577,-1,-1,-1
827,2161,1043.9,193.52,32.0,70.03,0.9574,-1,-1,-1
827,2168,505.84,351.09,39.33,90.46,0.9569,-1,-1,-1
827,2169,548.98,269.15,28.01,86.0,0.9551,-1,-1,-1
827,2077,737.87,168.95,21.23,62.6,0.9511,-1,-1,-1
827,2130,1717.1,275.7,34.96,85.45,0.9499,-1,-1,-1
827,2091,1156.44,332.98,33.75,68.3,0.9487,-1,-1,-1
827,2057,1231.92,172.13,31.4,60.29,0.94,-1,-1,-1
827,2183,652.27,135.47,29.65,48.92,0.8834,-1,-1,-1
828,2180,348.92,711.63,66.89,153.15,0.9765,-1,-1,-1
828,2115,1522.63,421.98,44.34,103.31,0.9744,-1,-1,-1
828,2182,747.53,919.08,62.66,160.24,0.9744,-1,-1,-1
828,2122,1788.36,411.08,47.61,108.71,0.9744,-1,-1,-1
828,2046,1147.82,387.84,39.37,93.19,0.9719,-1,-1,-1
828,2179,667.38,439.27,41.82,94.52,0.9707,-1,-1,-1
828,2171,815.65,435.07,43.49,97.43,0.9682,-1,-1,-1
828,2070,949.76,363.91,34.96,94.59,0.9667,-1,-1,-1
828,2174,274.39,357.61,38.26,88.86,0.9659,-1,-1,-1
828,2175,424.69,276.53,31.43,90.06,0.9636,-1,-1,-1
828,2079,586.34,197.44,32.48,66.37,0.9631,-1,-1,-1
828,2052,1398.29,337.53,34.62,85.76,0.9596,-1,-1,-1
828,2137,700.46,334.71,32.21,78.69,0.9593,-1,-1,-1
828,2130,1715.28,275.29,34.45,84.34,0.956,-1,-1,-1
828,2161,1043.03,192.54,31.22,70.41,0.9554,-1,-1,-1
828,2068,1604.56,310.87,31.91,88.26,0.9552,-1,-1,-1
828,2091,1155.03,332.6,32.7,67.85,0.9525,-1,-1,-1
828,2057,1229.44,170.75,32.67,60.82,0.9506,-1,-1,-1
828,2169,549.47,268.38,27.9,85.37,0.9468,-1,-1,-1
828,2077,737.53,167.96,21.15,63.13,0.9436,-1,-1,-1
828,2168,506.14,348.44,38.72,87.73,0.9368,-1,-1,-1
828,2183,651.66,134.58,30.9,48.36,0.8413,-1,-1,-1
829,2182,750.91,913.38,68.09,166.62,0.977,-1,-1,-1
829,2122,1783.28,412.06,45.21,107.12,0.9762,-1,-1,-1
829,2180,356.03,711.04,72.96,151.38,0.975,-1,-1,-1
829,2174,275.67,354.6,35.79,88.09,0.9676,-1,-1,-1
829,2070,949.98,362.86,35.76,94.94,0.9666,-1,-1,-1
829,2175,425.39,274.98,31.99,88.44,0.9663,-1,-1,-1
829,2115,1519.74,418.33,38.35,104.16,0.9649,-1,-1,-1
829,2046,1150.06,386.66,37.01,89.94,0.9639,-1,-1,-1
829,2171,819.44,432.24,44.63,94.18,0.9625,-1,-1,-1
829,2079,587.88,195.28,31.82,66.9,0.9607,-1,-1,-1
829,2068,1598.97,306.16,31.31,90.68,0.9604,-1,-1,-1
829,2179,678.84,440.62,35.94,89.97,0.9601,-1,-1,-1
829,2161,1038.74,190.53,32.91,70.98,0.9564,-1,-1,-1
829,2130,1709.95,274.51,34.67,81.86,0.9547,-1,-1,-1
829,2091,1152.27,332.47,30.53,66.24,0.9546,-1,-1,-1
829,2169,548.92,266.72,28.97,84.0,0.9542,-1,-1,-1
829,2077,735.92,164.31,23.24,64.12,0.9505,-1,-1,-1
829,2057,1225.25,171.31,34.28,58.46,0.948,-1,-1,-1
829,2052,1400.09,335.49,30.39,89.84,0.9351,-1,-1,-1
829,2137,698.29,331.23,34.11,79.06,0.9139,-1,-1,-1
829,2168,507.5,348.89,36.0,61.21,0.9094,-1,-1,-1
829,2183,650.5,131.88,32.8,48.97,0.6738,-1,-1,-1
830,2180,363.26,711.1,76.91,147.19,0.9745,-1,-1,-1
830,2122,1776.74,410.72,44.19,104.67,0.9722,-1,-1,-1
830,2182,755.44,910.54,75.66,169.1,0.9682,-1,-1,-1
830,2115,1511.89,414.76,39.98,110.49,0.9672,-1,-1,-1
830,2070,949.71,362.24,36.84,99.24,0.9667,-1,-1,-1
830,2171,825.66,430.1,39.18,94.56,0.9654,-1,-1,-1
830,2174,275.64,351.95,34.35,88.92,0.9642,-1,-1,-1
830,2175,425.73,272.56,33.15,88.67,0.9628,-1,-1,-1
830,2046,1150.75,386.66,36.45,86.64,0.9627,-1,-1,-1
830,2130,1705.26,272.65,33.91,81.48,0.9617,-1,-1,-1
830,2079,589.2,192.94,30.88,67.54,0.9603,-1,-1,-1
830,2052,1398.43,335.4,30.89,91.35,0.9588,-1,-1,-1
830,2161,1034.06,188.66,34.53,70.06,0.958,-1,-1,-1
830,2168,508.41,346.73,32.35,86.46,0.9574,-1,-1,-1
830,2179,689.1,441.82,32.18,86.32,0.9554,-1,-1,-1
830,2169,548.58,264.95,30.03,83.83,0.9541,-1,-1,-1
830,2077,733.75,162.36,25.28,64.25,0.9533,-1,-1,-1
830,2068,1592.65,304.53,31.94,89.33,0.9473,-1,-1,-1
830,2091,1148.07,332.51,29.58,65.65,0.9425,-1,-1,-1
830,2057,1222.81,170.51,29.11,56.52,0.9359,-1,-1,-1
830,2137,694.69,328.19,37.11,79.68,0.9262,-1,-1,-1
831,2180,366.11,710.65,76.59,146.13,0.9765,-1,-1,-1
831,2122,1773.51,410.38,43.04,103.87,0.9736,-1,-1,-1
831,2182,757.74,909.98,79.21,169.12,0.9713,-1,-1,-1
831,2070,950.84,362.1,36.65,98.97,0.9688,-1,-1,-1
831,2115,1509.34,412.87,39.32,112.0,0.9674,-1,-1,-1
831,2130,1703.52,272.07,33.02,81.59,0.965,-1,-1,-1
831,2171,827.11,428.99,38.01,95.36,0.9649,-1,-1,-1
831,2137,693.02,326.98,38.72,79.39,0.9641,-1,-1,-1
831,2174,274.95,349.62,34.96,91.78,0.9633,-1,-1,-1
831,2046,1149.73,386.1,36.76,87.12,0.9625,-1,-1,-1
831,2175,425.89,272.13,34.07,88.4,0.9604,-1,-1,-1
831,2179,692.79,443.29,32.54,86.5,0.9601,-1,-1,-1
831,2068,1589.67,304.07,32.27,88.21,0.9596,-1,-1,-1
831,2079,589.86,192.49,29.64,66.6,0.9588,-1,-1,-1
831,2168,508.32,345.3,32.47,87.79,0.9568,-1,-1,-1
831,2052,1397.24,335.94,31.27,90.42,0.9564,-1,-1,-1
831,2169,549.09,264.25,29.83,83.37,0.9536,-1,-1,-1
831,2161,1031.8,188.68,35.08,69.18,0.9529,-1,-1,-1
831,2077,732.16,161.66,26.83,64.55,0.9505,-1,-1,-1
831,2091,1145.56,331.66,29.6,66.2,0.9497,-1,-1,-1
831,2057,1220.93,169.56,27.79,56.44,0.9386,-1,-1,-1
832,2180,370.41,710.58,74.7,144.96,0.9733,-1,-1,-1
832,2182,761.29,909.81,80.24,167.76,0.9709,-1,-1,-1
832,2122,1765.03,409.52,44.24,102.62,0.9706,-1,-1,-1
832,2070,951.03,363.04,41.41,102.2,0.9697,-1,-1,-1
832,2115,1502.78,412.75,37.58,111.72,0.9687,-1,-1,-1
832,2137,689.45,325.19,41.0,81.81,0.9679,-1,-1,-1
832,2179,698.75,446.24,34.27,86.26,0.9651,-1,-1,-1
832,2046,1148.73,387.25,37.97,94.07,0.9651,-1,-1,-1
832,2171,828.13,426.43,45.74,96.14,0.9646,-1,-1,-1
832,2168,508.2,343.0,33.14,92.36,0.9637,-1,-1,-1
832,2174,274.45,349.8,34.69,93.64,0.9621,-1,-1,-1
832,2068,1582.99,303.47,33.05,89.06,0.9618,-1,-1,-1
832,2130,1698.77,271.65,32.1,82.55,0.9587,-1,-1,-1
832,2175,428.22,271.45,32.75,87.87,0.9577,-1,-1,-1
832,2079,590.13,192.3,28.49,65.85,0.957,-1,-1,-1
832,2169,549.64,263.72,29.63,83.25,0.9555,-1,-1,-1
832,2161,1027.83,187.88,33.1,70.85,0.9548,-1,-1,-1
832,2091,1140.53,329.81,29.69,72.58,0.9481,-1,-1,-1
832,2077,728.93,160.09,29.86,64.91,0.9373,-1,-1,-1
832,2057,1217.02,170.08,23.25,55.19,0.9324,-1,-1,-1
832,2052,1392.49,338.99,32.99,88.85,0.9292,-1,-1,-1
832,2183,654.68,129.49,28.85,46.69,0.6985,-1,-1,-1
833,2122,1759.67,408.72,44.8,101.84,0.9742,-1,-1,-1
833,2070,948.52,366.77,45.93,101.56,0.9736,-1,-1,-1
833,2171,828.82,422.35,52.25,97.55,0.9734,-1,-1,-1
833,2182,764.86,910.6,77.54,163.96,0.9734,-1,-1,-1
833,2137,686.0,324.98,42.08,83.23,0.9684,-1,-1,-1
833,2174,273.06,350.4,36.9,94.61,0.9677,-1,-1,-1
833,2046,1145.12,387.86,40.93,98.6,0.9667,-1,-1,-1
833,2115,1495.73,414.25,37.45,110.44,0.9634,-1,-1,-1
833,2077,726.17,161.41,31.67,64.47,0.963,-1,-1,-1
833,2068,1577.71,305.12,33.37,89.42,0.9619,-1,-1,-1
833,2175,429.44,272.0,32.48,87.43,0.9618,-1,-1,-1
833,2168,508.47,343.8,33.14,92.97,0.9616,-1,-1,-1
833,2130,1693.71,271.61,31.82,82.27,0.9615,-1,-1,-1
833,2079,588.82,192.07,29.18,66.16,0.9604,-1,-1,-1
833,2091,1133.17,327.84,31.77,87.34,0.9601,-1,-1,-1
833,2169,550.85,263.86,28.8,82.97,0.9571,-1,-1,-1
833,2180,373.76,710.92,71.23,142.37,0.9531,-1,-1,-1
833,2179,705.1,450.51,32.62,82.84,0.9525,-1,-1,-1
833,2161,1024.43,189.56,28.16,69.22,0.9517,-1,-1,-1
833,2052,1387.45,340.5,35.94,87.44,0.9432,-1,-1,-1
833,2057,1211.16,170.42,21.3,55.12,0.9296,-1,-1,-1
833,2183,653.19,129.36,30.02,46.77,0.5427,-1,-1,-1
834,2182,767.18,910.76,76.53,161.61,0.9755,-1,-1,-1
834,2122,1757.0,408.66,44.31,102.32,0.9708,-1,-1,-1
834,2070,945.75,369.46,49.61,99.71,0.9705,-1,-1,-1
834,2171,828.78,422.18,53.98,98.43,0.9702,-1,-1,-1
834,2174,272.73,352.07,38.16,93.11,0.9693,-1,-1,-1
834,2137,683.55,324.87,43.47,83.11,0.969,-1,-1,-1
834,2046,1144.46,390.62,41.57,98.11,0.968,-1,-1,-1
834,2180,374.8,709.67,70.1,142.93,0.9671,-1,-1,-1
834,2130,1691.76,271.92,31.15,82.64,0.9645,-1,-1,-1
834,2077,725.58,162.93,31.1,64.15,0.9643,-1,-1,-1
834,2068,1574.06,306.07,34.71,89.17,0.9641,-1,-1,-1
834,2179,707.49,452.2,39.32,80.95,0.9631,-1,-1,-1
834,2175,430.5,272.1,31.69,87.43,0.9627,-1,-1,-1
834,2168,508.6,345.09,33.16,92.36,0.9616,-1,-1,-1
834,2079,587.81,192.25,29.29,66.87,0.9605,-1,-1,-1
834,2115,1492.79,415.36,37.27,111.54,0.9601,-1,-1,-1
834,2169,551.09,264.14,28.83,83.16,0.9576,-1,-1,-1
834,2052,1384.98,341.15,37.36,87.27,0.9568,-1,-1,-1
834,2091,1131.43,328.99,31.24,90.97,0.9544,-1,-1,-1
834,2161,1023.14,191.02,22.77,68.07,0.9473,-1,-1,-1
834,2057,1207.0,169.4,22.12,56.55,0.9276,-1,-1,-1
834,2185,608.57,1051.38,21.65,28.62,0.8051,-1,-1,-1
835,2182,769.47,909.78,72.72,160.1,0.9753,-1,-1,-1
835,2180,379.34,708.35,67.44,142.85,0.9734,-1,-1,-1
835,2122,1751.67,408.9,42.68,105.74,0.971,-1,-1,-1
835,2174,270.79,356.39,41.19,92.79,0.9697,-1,-1,-1
835,2171,831.2,419.61,57.55,97.33,0.9694,-1,-1,-1
835,2046,1142.88,393.37,41.57,101.68,0.9687,-1,-1,-1
835,2179,713.57,453.74,45.62,80.22,0.9677,-1,-1,-1
835,2070,941.22,372.18,54.11,98.53,0.9677,-1,-1,-1
835,2175,431.26,273.46,31.59,87.22,0.9669,-1,-1,-1
835,2137,680.22,326.84,42.33,82.15,0.9635,-1,-1,-1
835,2130,1686.22,273.29,30.86,82.13,0.9631,-1,-1,-1
835,2052,1381.78,342.61,38.41,86.03,0.9627,-1,-1,-1
835,2168,509.05,347.01,32.7,93.41,0.9611,-1,-1,-1
835,2169,551.17,264.66,29.37,83.97,0.959,-1,-1,-1
835,2115,1486.89,419.33,36.25,108.41,0.9581,-1,-1,-1
835,2068,1569.17,310.3,33.29,85.89,0.9576,-1,-1,-1
835,2077,722.6,164.82,32.31,63.22,0.9551,-1,-1,-1
835,2079,585.9,193.84,27.98,65.53,0.9507,-1,-1,-1
835,2091,1125.09,330.94,31.79,91.83,0.9506,-1,-1,-1
835,2161,1017.92,192.29,22.02,67.35,0.9447,-1,-1,-1
835,2057,1201.27,171.15,25.39,55.95,0.9432,-1,-1,-1
835,2185,608.79,1049.18,21.96,30.49,0.8193,-1,-1,-1
836,2180,383.8,706.22,64.55,143.0,0.9781,-1,-1,-1
836,2046,1138.9,398.44,44.81,97.31,0.9746,-1,-1,-1
836,2182,769.78,907.69,71.76,160.81,0.9741,-1,-1,-1
836,2070,938.59,376.62,56.91,93.44,0.9723,-1,-1,-1
836,2174,268.8,359.92,45.18,93.19,0.9722,-1,-1,-1
836,2122,1744.37,410.75,43.46,107.75,0.9714,-1,-1,-1
836,2171,837.52,419.1,59.92,92.01,0.9686,-1,-1,-1
836,2179,717.68,451.97,49.11,82.04,0.9684,-1,-1,-1
836,2175,431.68,275.23,31.9,87.4,0.9683,-1,-1,-1
836,2052,1377.01,345.09,41.79,84.64,0.9666,-1,-1,-1
836,2130,1681.29,274.25,30.37,82.45,0.9631,-1,-1,-1
836,2115,1479.31,421.53,36.23,107.0,0.9612,-1,-1,-1
836,2091,1118.02,334.52,34.89,92.52,0.9597,-1,-1,-1
836,2169,550.89,266.53,29.72,83.03,0.9575,-1,-1,-1
836,2057,1194.23,171.62,29.58,57.44,0.9562,-1,-1,-1
836,2077,719.18,167.8,31.3,62.34,0.9556,-1,-1,-1
836,2068,1563.1,312.2,32.9,85.18,0.9553,-1,-1,-1
836,2079,583.92,195.56,27.16,65.78,0.9535,-1,-1,-1
836,2168,508.22,351.64,33.39,88.82,0.9522,-1,-1,-1
836,2137,673.52,330.58,43.97,79.83,0.9511,-1,-1,-1
836,2161,1010.18,194.76,27.26,66.4,0.9465,-1,-1,-1
836,2185,608.33,1047.47,23.63,32.0,0.7965,-1,-1,-1
837,2180,386.76,704.54,62.22,143.95,0.9777,-1,-1,-1
837,2070,937.88,378.15,58.87,93.96,0.974,-1,-1,-1
837,2182,770.03,906.56,71.77,161.45,0.9738,-1,-1,-1
837,2122,1740.95,411.84,43.45,109.03,0.9736,-1,-1,-1
837,2046,1138.89,400.33,44.07,95.78,0.9728,-1,-1,-1
837,2174,268.38,361.57,46.25,92.2,0.9722,-1,-1,-1
837,2171,840.35,418.61,60.58,91.6,0.9686,-1,-1,-1
837,2175,432.05,276.43,32.06,86.88,0.9672,-1,-1,-1
837,2137,669.84,331.58,45.29,79.17,0.967,-1,-1,-1
837,2052,1376.51,345.69,41.27,84.38,0.9663,-1,-1,-1
837,2169,550.87,267.07,30.21,83.23,0.9611,-1,-1,-1
837,2115,1476.92,424.3,35.1,104.39,0.9579,-1,-1,-1
837,2130,1678.78,274.84,30.3,82.14,0.9577,-1,-1,-1
837,2179,718.35,450.57,50.26,83.52,0.9564,-1,-1,-1
837,2079,583.3,196.05,26.23,66.08,0.954,-1,-1,-1
837,2091,1114.68,336.32,36.39,92.2,0.9534,-1,-1,-1
837,2057,1191.64,171.89,30.23,58.09,0.9525,-1,-1,-1
837,2168,508.33,351.87,34.87,88.45,0.9512,-1,-1,-1
837,2077,717.11,168.99,31.22,62.07,0.9504,-1,-1,-1
837,2068,1560.74,312.31,32.69,84.69,0.9492,-1,-1,-1
837,2161,1007.46,195.19,28.59,67.2,0.948,-1,-1,-1
837,2185,607.89,1046.84,25.6,32.65,0.8415,-1,-1,-1
838,2180,392.9,701.31,59.19,144.94,0.9766,-1,-1,-1
838,2122,1735.72,414.08,43.41,108.8,0.9758,-1,-1,-1
838,2182,769.99,902.17,72.09,164.43,0.9733,-1,-1,-1
838,2070,937.56,381.43,61.75,93.84,0.9724,-1,-1,-1
838,2174,270.43,362.5,45.19,91.69,0.9718,-1,-1,-1
838,2171,845.75,418.13,60.96,90.63,0.9716,-1,-1,-1
838,2046,1139.66,404.73,41.99,91.96,0.968,-1,-1,-1
838,2052,1375.64,346.37,40.75,87.62,0.9677,-1,-1,-1
838,2169,551.12,267.89,31.22,83.09,0.9641,-1,-1,-1
838,2175,432.79,277.94,32.98,86.02,0.9636,-1,-1,-1
838,2137,665.55,332.63,42.12,78.53,0.9632,-1,-1,-1
838,2179,721.12,447.2,47.6,86.98,0.9629,-1,-1,-1
838,2130,1673.63,276.54,30.45,80.82,0.959,-1,-1,-1
838,2161,1001.87,195.55,32.94,68.18,0.9582,-1,-1,-1
838,2057,1184.61,172.21,34.38,58.89,0.957,-1,-1,-1
838,2068,1555.66,313.12,32.69,85.35,0.9563,-1,-1,-1
838,2079,581.63,197.37,28.01,65.59,0.9556,-1,-1,-1
838,2115,1470.75,423.03,33.13,105.58,0.9549,-1,-1,-1
838,2077,715.99,170.36,27.72,61.61,0.9542,-1,-1,-1
838,2091,1110.67,339.46,35.51,90.48,0.943,-1,-1,-1
838,2168,508.81,356.6,37.47,85.05,0.9198,-1,-1,-1
838,2185,604.49,1044.87,34.69,34.6,0.8276,-1,-1,-1
839,2180,398.62,699.57,55.28,144.84,0.9781,-1,-1,-1
839,2182,769.38,899.4,72.06,164.48,0.9756,-1,-1,-1
839,2179,728.5,444.12,42.81,87.81,0.9734,-1,-1,-1
839,2070,937.03,383.54,64.7,93.91,0.9721,-1,-1,-1
839,2174,271.67,362.56,42.86,92.25,0.9718,-1,-1,-1
839,2171,852.39,418.38,59.41,90.09,0.9716,-1,-1,-1
839,2046,1141.51,407.47,40.07,89.25,0.9706,-1,-1,-1
839,2122,1731.99,417.3,42.89,110.68,0.9697,-1,-1,-1
839,2052,1377.17,347.7,39.89,89.51,0.9693,-1,-1,-1
839,2169,548.92,268.19,35.78,82.87,0.9647,-1,-1,-1
839,2175,433.07,279.05,34.17,85.19,0.9643,-1,-1,-1
839,2091,1106.4,343.68,37.41,85.25,0.9642,-1,-1,-1
839,2068,1551.47,313.32,33.36,86.38,0.9641,-1,-1,-1
839,2137,662.63,333.66,38.27,77.55,0.9633,-1,-1,-1
839,2161,996.46,195.85,35.71,68.01,0.9612,-1,-1,-1
839,2079,580.65,198.34,29.92,65.52,0.9592,-1,-1,-1
839,2057,1180.42,173.23,35.28,58.36,0.958,-1,-1,-1
839,2115,1464.95,422.44,32.64,106.37,0.9563,-1,-1,-1
839,2077,714.71,170.47,25.33,62.85,0.9529,-1,-1,-1
839,2130,1670.35,277.22,31.0,81.41,0.9485,-1,-1,-1
839,2185,601.29,1043.42,44.73,36.58,0.8493,-1,-1,-1
839,2168,511.34,356.59,38.02,56.55,0.8167,-1,-1,-1
840,2182,769.44,898.47,72.56,165.23,0.9786,-1,-1,-1
840,2180,399.82,699.11,54.97,144.86,0.9777,-1,-1,-1
840,2171,856.14,418.22,55.5,90.43,0.9724,-1,-1,-1
840,2070,937.82,387.1,66.27,91.94,0.9711,-1,-1,-1
840,2046,1142.79,407.21,38.89,91.37,0.9709,-1,-1,-1
840,2174,272.21,362.82,40.49,91.45,0.9706,-1,-1,-1
840,2179,732.68,443.56,42.02,85.43,0.9702,-1,-1,-1
840,2115,1462.17,421.95,33.16,106.82,0.9684,-1,-1,-1
840,2052,1377.83,348.97,39.63,89.53,0.9663,-1,-1,-1
840,2122,1730.41,419.89,41.54,109.07,0.9658,-1,-1,-1
840,2169,548.72,268.31,36.49,83.04,0.9656,-1,-1,-1
840,2161,992.22,195.96,38.94,69.08,0.9644,-1,-1,-1
840,2175,433.59,279.19,33.59,85.21,0.9639,-1,-1,-1
840,2137,661.93,334.1,36.56,78.54,0.9623,-1,-1,-1
840,2091,1105.64,344.72,36.31,84.81,0.961,-1,-1,-1
840,2079,580.26,198.85,31.17,65.71,0.9608,-1,-1,-1
840,2068,1550.11,312.62,33.49,87.69,0.9599,-1,-1,-1
840,2057,1179.53,173.21,34.34,59.16,0.9594,-1,-1,-1
840,2130,1669.07,277.14,30.6,82.63,0.959,-1,-1,-1
840,2077,714.12,170.94,23.98,62.54,0.9496,-1,-1,-1
840,2185,600.22,1042.91,46.52,37.09,0.8608,-1,-1,-1
840,2168,511.64,357.41,37.45,57.2,0.8338,-1,-1,-1
841,2182,768.75,896.67,74.02,165.8,0.979,-1,-1,-1
841,2180,402.71,698.37,53.95,145.66,0.9746,-1,-1,-1
841,2070,941.05,392.94,63.82,91.65,0.9735,-1,-1,-1
841,2046,1142.7,408.49,38.76,101.71,0.9695,-1,-1,-1
841,2122,1729.08,421.9,38.1,106.6,0.9695,-1,-1,-1
841,2174,273.23,361.86,37.98,93.31,0.9685,-1,-1,-1
841,2171,862.47,416.47,48.45,92.08,0.9679,-1,-1,-1
841,2052,1377.95,351.5,40.75,89.03,0.9668,-1,-1,-1
841,2169,548.75,269.23,37.93,82.68,0.9667,-1,-1,-1
841,2130,1665.69,278.74,31.5,82.27,0.9646,-1,-1,-1
841,2068,1546.93,313.23,33.79,88.58,0.9641,-1,-1,-1
841,2175,434.06,279.85,33.09,84.92,0.9636,-1,-1,-1
841,2161,987.6,196.97,40.57,68.57,0.9635,-1,-1,-1
841,2079,580.13,200.19,32.16,65.13,0.9633,-1,-1,-1
841,2115,1456.91,421.97,33.57,107.0,0.9628,-1,-1,-1
841,2179,744.65,441.61,32.86,84.7,0.9588,-1,-1,-1
841,2091,1103.58,349.42,33.92,85.15,0.9585,-1,-1,-1
841,2057,1178.76,178.0,29.85,55.8,0.9529,-1,-1,-1
841,2077,712.52,170.92,24.97,63.77,0.9508,-1,-1,-1
841,2168,513.34,358.61,34.38,86.29,0.9212,-1,-1,-1
841,2137,660.96,332.59,34.76,80.93,0.9051,-1,-1,-1
841,2185,598.77,1040.72,51.0,38.96,0.8916,-1,-1,-1
842,2182,768.16,895.54,75.37,165.9,0.9775,-1,-1,-1
842,2052,1377.55,357.5,43.05,88.74,0.9712,-1,-1,-1
842,2180,405.14,698.57,54.95,147.42,0.9688,-1,-1,-1
842,2115,1453.37,421.89,36.41,108.76,0.9679,-1,-1,-1
842,2046,1142.11,411.04,37.7,103.41,0.9678,-1,-1,-1
842,2174,273.8,361.08,37.63,96.33,0.967,-1,-1,-1
842,2169,550.7,270.5,38.61,83.07,0.9666,-1,-1,-1
842,2161,986.01,199.62,38.2,67.94,0.9657,-1,-1,-1
842,2079,580.14,201.76,33.53,64.21,0.9635,-1,-1,-1
842,2122,1726.01,423.49,37.46,106.48,0.9631,-1,-1,-1
842,2171,866.02,414.66,43.41,88.12,0.9629,-1,-1,-1
842,2175,435.02,281.28,32.78,84.35,0.9624,-1,-1,-1
842,2070,940.27,400.03,63.2,89.96,0.9613,-1,-1,-1
842,2130,1662.4,280.91,32.41,81.84,0.9606,-1,-1,-1
842,2068,1543.55,314.47,33.71,87.17,0.9568,-1,-1,-1
842,2179,752.41,441.47,30.1,84.1,0.9501,-1,-1,-1
842,2077,711.04,172.57,25.85,64.61,0.9477,-1,-1,-1
842,2057,1174.99,178.77,27.29,55.82,0.9413,-1,-1,-1
842,2091,1099.84,354.68,36.48,85.19,0.941,-1,-1,-1
842,2137,659.35,333.6,34.9,82.71,0.914,-1,-1,-1
842,2185,599.47,1039.22,50.97,40.03,0.9096,-1,-1,-1
842,2168,517.01,372.93,29.75,75.39,0.8146,-1,-1,-1
843,2182,767.59,895.16,76.7,166.14,0.977,-1,-1,-1
843,2180,406.64,700.18,56.7,145.66,0.9716,-1,-1,-1
843,2052,1377.24,358.9,44.08,88.32,0.9715,-1,-1,-1
843,2115,1450.96,422.73,38.35,106.97,0.9714,-1,-1,-1
843,2070,933.19,402.57,68.96,89.52,0.9699,-1,-1,-1
843,2046,1141.69,412.57,37.19,102.54,0.9681,-1,-1,-1
843,2169,551.63,271.15,38.77,83.61,0.9674,-1,-1,-1
843,2174,275.19,361.5,36.64,97.12,0.966,-1,-1,-1
843,2175,435.41,283.91,33.0,82.7,0.9652,-1,-1,-1
843,2079,580.3,203.15,33.98,63.81,0.9648,-1,-1,-1
843,2091,1096.39,356.95,40.78,85.13,0.9637,-1,-1,-1
843,2171,867.36,413.27,41.29,85.72,0.9623,-1,-1,-1
843,2161,985.41,200.99,36.63,67.45,0.9619,-1,-1,-1
843,2130,1661.08,281.1,32.62,82.24,0.9616,-1,-1,-1
843,2179,755.11,440.22,30.89,85.99,0.9571,-1,-1,-1
843,2122,1723.17,425.07,36.52,104.88,0.9556,-1,-1,-1
843,2137,658.38,333.42,34.71,84.45,0.9525,-1,-1,-1
843,2068,1542.41,315.38,33.82,87.39,0.9514,-1,-1,-1
843,2077,710.62,173.34,26.17,64.0,0.9509,-1,-1,-1
843,2057,1172.19,179.83,25.57,55.71,0.9467,-1,-1,-1
843,2168,515.69,362.48,32.47,87.55,0.9382,-1,-1,-1
843,2185,600.04,1038.56,50.86,40.57,0.9196,-1,-1,-1
844,2180,409.4,704.03,61.21,142.87,0.9781,-1,-1,-1
844,2182,767.4,894.95,78.34,165.53,0.9761,-1,-1,-1
844,2070,923.88,404.77,77.75,89.14,0.9726,-1,-1,-1
844,2115,1446.69,424.24,42.3,108.58,0.9725,-1,-1,-1
844,2169,553.66,273.04,38.75,83.12,0.9695,-1,-1,-1
844,2068,1539.86,318.18,34.39,88.49,0.9676,-1,-1,-1
844,2175,437.03,287.03,33.49,81.42,0.9664,-1,-1,-1
844,2122,1719.95,424.12,35.2,105.56,0.9663,-1,-1,-1
844,2046,1142.62,417.17,36.98,102.66,0.9659,-1,-1,-1
844,2179,761.5,438.91,39.95,87.08,0.9657,-1,-1,-1
844,2171,868.57,412.89,42.47,85.05,0.9656,-1,-1,-1
844,2091,1089.8,362.42,47.89,80.01,0.9651,-1,-1,-1
844,2137,656.83,334.37,34.3,86.93,0.9648,-1,-1,-1
844,2174,278.27,362.65,34.98,96.95,0.9648,-1,-1,-1
844,2130,1658.33,283.95,33.57,80.91,0.9645,-1,-1,-1
844,2052,1377.99,362.91,43.83,86.1,0.9643,-1,-1,-1
844,2079,581.6,204.65,33.81,64.39,0.9625,-1,-1,-1
844,2168,514.99,361.82,34.7,91.64,0.9579,-1,-1,-1
844,2161,979.33,203.26,36.17,66.25,0.9552,-1,-1,-1
844,2077,709.67,175.16,26.32,63.95,0.9534,-1,-1,-1
844,2057,1168.87,182.15,22.66,54.93,0.94,-1,-1,-1
844,2185,601.73,1038.41,50.94,40.93,0.9322,-1,-1,-1
845,2182,766.68,895.48,81.73,164.29,0.9745,-1,-1,-1
845,2115,1443.29,427.66,45.84,107.63,0.974,-1,-1,-1
845,2180,410.53,704.95,65.2,143.42,0.9733,-1,-1,-1
845,2070,924.53,409.18,78.37,85.29,0.9725,-1,-1,-1
845,2091,1084.45,365.85,56.71,76.47,0.9709,-1,-1,-1
845,2046,1144.23,421.94,37.75,107.16,0.9688,-1,-1,-1
845,2174,279.71,364.8,34.9,94.44,0.9679,-1,-1,-1
845,2179,766.9,437.47,46.53,85.92,0.9676,-1,-1,-1
845,2171,867.8,411.96,44.62,86.71,0.9673,-1,-1,-1
845,2169,556.35,274.05,38.56,82.42,0.9662,-1,-1,-1
845,2130,1657.71,285.6,34.22,79.97,0.9652,-1,-1,-1
845,2122,1719.09,424.75,33.47,106.26,0.9631,-1,-1,-1
845,2068,1539.63,321.51,34.31,87.18,0.9619,-1,-1,-1
845,2168,516.02,363.69,34.32,92.7,0.9618,-1,-1,-1
845,2175,438.31,288.62,35.02,80.14,0.9614,-1,-1,-1
845,2137,654.31,335.7,34.86,86.01,0.9597,-1,-1,-1
845,2079,583.25,206.02,33.03,64.26,0.9573,-1,-1,-1
845,2161,974.44,204.23,31.91,65.67,0.9541,-1,-1,-1
845,2077,709.93,176.17,26.44,64.22,0.9498,-1,-1,-1
845,2052,1381.5,364.92,39.69,85.28,0.9486,-1,-1,-1
845,2057,1165.37,182.05,25.97,55.49,0.946,-1,-1,-1
845,2185,602.09,1038.23,54.24,41.6,0.9054,-1,-1,-1
846,2070,925.87,410.25,78.01,84.94,0.9736,-1,-1,-1
846,2182,766.17,895.84,83.02,163.61,0.9732,-1,-1,-1
846,2115,1442.0,428.64,47.72,107.93,0.9726,-1,-1,-1
846,2180,409.77,705.21,68.43,143.96,0.9719,-1,-1,-1
846,2169,558.16,273.68,38.07,83.14,0.9673,-1,-1,-1
846,2179,770.1,437.34,46.7,80.31,0.9668,-1,-1,-1
846,2174,279.87,365.99,35.42,93.84,0.9663,-1,-1,-1
846,2091,1084.06,366.26,57.83,75.36,0.9657,-1,-1,-1
846,2130,1657.94,286.36,34.32,79.58,0.9651,-1,-1,-1
846,2171,868.57,410.64,45.33,88.88,0.9648,-1,-1,-1
846,2175,438.78,289.49,35.01,79.22,0.9624,-1,-1,-1
846,2122,1718.92,424.88,33.14,106.7,0.9623,-1,-1,-1
846,2046,1146.22,424.83,36.72,104.31,0.9622,-1,-1,-1
846,2168,516.26,364.57,34.04,92.61,0.9605,-1,-1,-1
846,2068,1539.85,322.28,34.71,86.72,0.9605,-1,-1,-1
846,2137,653.36,336.73,34.02,84.96,0.9604,-1,-1,-1
846,2161,973.93,203.62,31.25,65.77,0.9588,-1,-1,-1
846,2079,583.83,206.11,32.62,64.31,0.9569,-1,-1,-1
846,2077,709.68,177.17,25.87,63.12,0.9495,-1,-1,-1
846,2057,1165.32,180.64,26.06,56.98,0.9444,-1,-1,-1
846,2052,1383.66,364.92,35.88,84.16,0.9115,-1,-1,-1
846,2185,603.77,1038.28,54.14,41.43,0.9093,-1,-1,-1
847,2182,763.53,896.28,88.27,164.47,0.9736,-1,-1,-1
847,2070,933.54,410.71,72.36,84.82,0.9722,-1,-1,-1
847,2180,410.57,706.05,69.76,142.1,0.9722,-1,-1,-1
847,2179,777.45,436.38,43.09,77.76,0.9713,-1,-1,-1
847,2115,1439.19,431.49,50.2,105.51,0.9705,-1,-1,-1
847,2091,1077.42,366.53,66.06,77.87,0.9701,-1,-1,-1
847,2174,281.31,369.44,38.57,93.76,0.9694,-1,-1,-1
847,2169,560.87,274.71,37.24,82.66,0.9679,-1,-1,-1
847,2171,863.76,407.43,52.22,90.79,0.9678,-1,-1,-1
847,2175,440.21,291.7,36.21,76.56,0.9663,-1,-1,-1
847,2130,1659.13,287.46,35.27,80.62,0.9641,-1,-1,-1
847,2122,1719.21,425.18,33.54,110.45,0.9618,-1,-1,-1
847,2046,1148.6,428.39,36.65,100.4,0.9615,-1,-1,-1
847,2079,585.38,206.43,31.92,64.23,0.9603,-1,-1,-1
847,2161,973.03,202.3,30.53,67.96,0.957,-1,-1,-1
847,2068,1541.86,323.2,32.45,86.32,0.9559,-1,-1,-1
847,2077,710.24,179.73,23.56,61.97,0.9521,-1,-1,-1
847,2052,1385.71,364.52,31.48,86.86,0.9513,-1,-1,-1
847,2057,1162.86,180.39,30.61,57.6,0.9512,-1,-1,-1
847,2168,518.05,368.5,33.04,88.69,0.9489,-1,-1,-1
847,2137,653.33,338.84,31.95,83.48,0.9467,-1,-1,-1
847,2185,607.25,1038.97,51.93,40.71,0.9205,-1,-1,-1
848,2180,413.39,704.04,66.58,144.57,0.9744,-1,-1,-1
848,2115,1438.09,434.85,47.92,104.47,0.9734,-1,-1,-1
848,2070,943.61,413.28,65.24,88.32,0.9718,-1,-1,-1
848,2182,761.55,898.83,94.44,162.29,0.9703,-1,-1,-1
848,2174,281.82,373.32,42.1,92.41,0.9701,-1,-1,-1
848,2171,870.26,407.29,47.57,89.85,0.9688,-1,-1,-1
848,2179,783.25,437.73,40.6,79.39,0.9676,-1,-1,-1
848,2169,564.37,275.96,37.39,81.59,0.9674,-1,-1,-1
848,2175,439.22,293.78,39.84,75.48,0.9667,-1,-1,-1
848,2122,1719.17,427.7,36.04,109.36,0.9665,-1,-1,-1
848,2046,1150.43,431.81,36.47,98.15,0.9659,-1,-1,-1
848,2091,1074.11,367.02,64.83,81.28,0.9642,-1,-1,-1
848,2168,520.37,372.03,32.53,86.19,0.9629,-1,-1,-1
848,2130,1661.61,288.87,35.14,81.97,0.959,-1,-1,-1
848,2161,973.23,202.99,31.92,69.57,0.9573,-1,-1,-1
848,2079,588.71,207.69,29.3,63.8,0.9562,-1,-1,-1
848,2052,1386.8,365.38,33.23,87.19,0.9559,-1,-1,-1
848,2068,1542.39,324.24,31.43,86.29,0.9547,-1,-1,-1
848,2057,1159.33,178.23,34.87,61.03,0.9494,-1,-1,-1
848,2077,710.72,182.39,21.39,60.39,0.9471,-1,-1,-1
848,2137,653.21,342.01,30.96,80.6,0.9134,-1,-1,-1
848,2185,612.0,1039.84,49.55,39.64,0.8987,-1,-1,-1
849,2180,416.21,705.25,63.91,144.39,0.9755,-1,-1,-1
849,2115,1437.62,436.45,47.72,103.69,0.9749,-1,-1,-1
849,2070,950.24,413.77,59.13,90.08,0.9726,-1,-1,-1
849,2175,438.42,294.55,42.58,75.22,0.9723,-1,-1,-1
849,2174,282.98,374.81,42.72,93.53,0.9717,-1,-1,-1
849,2169,567.04,277.6,37.26,81.11,0.9698,-1,-1,-1
849,2182,760.68,900.2,97.71,162.14,0.9686,-1,-1,-1
849,2171,874.86,406.72,45.39,86.65,0.9684,-1,-1,-1
849,2179,783.57,438.06,43.24,79.72,0.9667,-1,-1,-1
849,2122,1720.61,430.14,36.97,108.81,0.9666,-1,-1,-1
849,2168,521.05,373.1,32.72,85.87,0.9641,-1,-1,-1
849,2046,1152.48,433.54,35.65,97.28,0.9633,-1,-1,-1
849,2091,1073.72,369.69,62.26,82.68,0.9632,-1,-1,-1
849,2130,1663.61,289.96,33.95,81.4,0.9605,-1,-1,-1
849,2161,973.49,203.87,32.23,68.95,0.9584,-1,-1,-1
849,2052,1387.63,366.18,33.96,87.71,0.958,-1,-1,-1
849,2057,1158.01,182.13,36.74,57.31,0.9565,-1,-1,-1
849,2068,1543.8,324.6,30.29,86.77,0.956,-1,-1,-1
849,2079,590.35,208.95,28.35,63.76,0.9548,-1,-1,-1
849,2077,711.4,183.14,20.43,60.05,0.9428,-1,-1,-1
849,2185,614.57,1040.89,48.37,38.88,0.885,-1,-1,-1
849,2137,653.26,343.05,31.25,81.2,0.5591,-1,-1,-1
850,2180,420.97,703.54,60.4,146.48,0.9774,-1,-1,-1
850,2115,1438.87,438.27,44.29,103.57,0.9768,-1,-1,-1
850,2174,287.48,379.24,43.7,92.93,0.9743,-1,-1,-1
850,2169,572.03,279.9,39.99,81.23,0.9735,-1,-1,-1
850,2070,953.69,416.24,57.1,95.12,0.9721,-1,-1,-1
850,2122,1722.04,434.08,40.29,108.75,0.9718,-1,-1,-1
850,2179,787.49,436.57,44.87,82.33,0.971,-1,-1,-1
850,2171,882.14,406.17,46.58,78.73,0.9687,-1,-1,-1
850,2175,439.77,296.71,46.17,75.05,0.9687,-1,-1,-1
850,2046,1156.45,437.51,36.28,99.24,0.9668,-1,-1,-1
850,2052,1391.06,369.47,36.94,88.43,0.9641,-1,-1,-1
850,2130,1666.83,291.84,34.79,81.65,0.9632,-1,-1,-1
850,2068,1546.49,325.77,29.84,87.79,0.9627,-1,-1,-1
850,2182,756.79,905.59,107.42,153.49,0.9601,-1,-1,-1
850,2161,972.28,204.92,35.26,69.34,0.9574,-1,-1,-1
850,2079,593.56,210.23,27.1,64.39,0.9564,-1,-1,-1
850,2057,1159.4,186.26,35.82,54.84,0.9562,-1,-1,-1
850,2168,524.04,374.63,33.37,87.33,0.9545,-1,-1,-1
850,2091,1073.53,372.44,58.56,84.31,0.9535,-1,-1,-1
850,2077,713.26,185.73,22.61,59.93,0.9431,-1,-1,-1
850,2185,622.0,1043.9,43.71,36.1,0.8564,-1,-1,-1
851,2174,293.31,382.21,44.39,93.88,0.9755,-1,-1,-1
851,2115,1440.19,438.69,42.65,108.11,0.9751,-1,-1,-1
851,2180,425.81,704.88,57.42,145.17,0.9736,-1,-1,-1
851,2122,1723.97,437.79,43.33,111.62,0.9734,-1,-1,-1
851,2046,1159.04,440.7,41.18,103.79,0.9714,-1,-1,-1
851,2070,954.29,418.69,54.96,94.21,0.9708,-1,-1,-1
851,2052,1395.06,372.93,37.17,88.49,0.9693,-1,-1,-1
851,2179,795.26,434.21,45.27,85.47,0.9687,-1,-1,-1
851,2175,443.06,298.34,48.26,75.97,0.9671,-1,-1,-1
851,2168,526.77,376.09,35.31,89.75,0.9655,-1,-1,-1
851,2171,888.97,406.58,45.25,78.92,0.9622,-1,-1,-1
851,2161,972.79,206.29,35.48,69.33,0.9599,-1,-1,-1
851,2068,1549.58,326.39,28.7,88.15,0.959,-1,-1,-1
851,2169,576.3,283.91,45.44,78.67,0.9579,-1,-1,-1
851,2130,1672.56,293.21,32.95,82.13,0.9568,-1,-1,-1
851,2079,597.64,212.38,25.89,64.82,0.9552,-1,-1,-1
851,2091,1074.56,376.08,43.96,82.53,0.9546,-1,-1,-1
851,2182,754.09,907.4,114.09,153.07,0.9515,-1,-1,-1
851,2057,1163.66,186.5,31.22,57.76,0.9475,-1,-1,-1
851,2077,715.16,187.49,25.6,60.95,0.9475,-1,-1,-1
851,2185,630.63,1044.82,34.86,34.62,0.8456,-1,-1,-1
852,2174,296.31,383.56,43.75,93.6,0.9752,-1,-1,-1
852,2046,1161.15,443.1,42.37,105.31,0.9748,-1,-1,-1
852,2122,1725.24,440.72,45.1,109.71,0.9737,-1,-1,-1
852,2070,954.52,418.41,54.41,95.78,0.9724,-1,-1,-1
852,2171,891.71,406.63,46.04,80.17,0.9702,-1,-1,-1
852,2179,800.46,433.8,45.22,86.23,0.9688,-1,-1,-1
852,2169,578.84,286.64,47.26,76.92,0.9684,-1,-1,-1
852,2115,1441.39,439.67,41.76,109.47,0.9679,-1,-1,-1
852,2180,428.52,704.66,55.79,146.55,0.9672,-1,-1,-1
852,2175,445.68,299.08,48.9,75.88,0.9663,-1,-1,-1
852,2168,527.18,376.55,37.25,91.85,0.9654,-1,-1,-1
852,2161,974.55,207.42,33.56,69.83,0.9625,-1,-1,-1
852,2091,1070.33,377.89,39.66,81.01,0.9608,-1,-1,-1
852,2068,1550.16,328.38,29.72,87.5,0.9604,-1,-1,-1
852,2052,1396.99,374.08,37.4,89.53,0.957,-1,-1,-1
852,2077,716.37,188.69,27.01,60.89,0.9518,-1,-1,-1
852,2079,599.77,213.64,24.58,64.32,0.9506,-1,-1,-1
852,2182,761.05,909.69,105.65,152.38,0.9503,-1,-1,-1
852,2057,1165.17,186.62,28.84,58.9,0.9377,-1,-1,-1
852,2130,1675.68,294.46,31.69,82.56,0.9166,-1,-1,-1
852,2185,635.38,1045.75,29.75,33.71,0.8725,-1,-1,-1
852,2137,651.31,350.89,35.01,81.66,0.5964,-1,-1,-1
853,2171,897.08,407.56,47.57,80.46,0.9758,-1,-1,-1
853,2180,436.11,708.0,52.11,145.39,0.9746,-1,-1,-1
853,2046,1166.13,449.09,47.28,106.99,0.9745,-1,-1,-1
853,2175,451.02,301.39,49.54,76.21,0.9742,-1,-1,-1
853,2122,1729.41,446.19,48.25,108.53,0.9735,-1,-1,-1
853,2052,1397.34,379.75,42.34,88.83,0.9724,-1,-1,-1
853,2070,955.62,420.78,51.02,93.95,0.9705,-1,-1,-1
853,2169,583.9,289.84,51.04,76.6,0.9703,-1,-1,-1
853,2179,811.57,432.25,42.64,80.8,0.9703,-1,-1,-1
853,2115,1446.52,442.07,40.97,113.14,0.9703,-1,-1,-1
853,2174,301.34,386.84,45.25,93.35,0.9696,-1,-1,-1
853,2068,1551.67,330.78,33.95,89.35,0.9692,-1,-1,-1
853,2168,530.27,380.27,42.74,92.38,0.9677,-1,-1,-1
853,2130,1682.19,296.24,30.61,83.85,0.9582,-1,-1,-1
853,2161,977.51,210.97,29.98,69.78,0.9581,-1,-1,-1
853,2091,1059.77,380.02,52.62,81.25,0.9563,-1,-1,-1
853,2077,719.47,190.71,29.26,61.19,0.9539,-1,-1,-1
853,2079,604.71,216.04,23.79,65.37,0.9534,-1,-1,-1
853,2182,763.95,911.74,104.1,152.9,0.9461,-1,-1,-1
853,2057,1168.88,190.18,23.4,57.31,0.9338,-1,-1,-1
853,2185,643.66,1047.0,26.03,33.0,0.8073,-1,-1,-1
853,2137,652.81,352.26,35.7,81.78,0.7335,-1,-1,-1
854,2046,1170.46,456.93,50.04,106.29,0.9776,-1,-1,-1
854,2174,306.31,389.7,46.23,93.84,0.9763,-1,-1,-1
854,2180,442.73,711.89,51.68,145.92,0.9761,-1,-1,-1
854,2171,901.85,407.47,48.12,84.31,0.9755,-1,-1,-1
854,2091,1056.05,383.11,62.87,81.46,0.9729,-1,-1,-1
854,2115,1451.61,445.13,39.94,113.42,0.9729,-1,-1,-1
854,2052,1398.75,385.58,47.67,87.11,0.9715,-1,-1,-1
854,2168,535.45,383.74,46.35,94.06,0.9713,-1,-1,-1
854,2122,1729.2,451.29,50.91,107.45,0.9706,-1,-1,-1
854,2175,457.98,303.52,48.77,77.52,0.9699,-1,-1,-1
854,2169,590.82,294.0,51.24,75.31,0.9691,-1,-1,-1
854,2068,1551.55,335.07,41.0,89.31,0.9689,-1,-1,-1
854,2179,822.35,433.16,40.31,76.81,0.9683,-1,-1,-1
854,2070,959.37,424.82,43.48,94.07,0.9659,-1,-1,-1
854,2182,763.93,915.07,105.47,153.13,0.9592,-1,-1,-1
854,2077,722.73,193.45,32.13,61.03,0.9533,-1,-1,-1
854,2079,609.87,219.01,24.21,65.06,0.95,-1,-1,-1
854,2130,1689.19,300.03,29.5,82.97,0.9467,-1,-1,-1
854,2161,981.77,215.43,23.68,68.44,0.9419,-1,-1,-1
854,2057,1170.65,193.42,21.03,57.14,0.9308,-1,-1,-1
854,2137,654.37,355.1,39.38,83.63,0.8689,-1,-1,-1
854,2185,652.32,1050.18,21.85,29.67,0.7085,-1,-1,-1
855,2180,446.17,715.4,51.74,145.0,0.9785,-1,-1,-1
855,2174,308.6,392.57,46.49,93.15,0.9752,-1,-1,-1
855,2091,1055.52,384.69,65.22,81.86,0.9741,-1,-1,-1
855,2171,904.26,407.15,48.32,84.04,0.9737,-1,-1,-1
855,2115,1454.29,447.11,39.15,114.56,0.973,-1,-1,-1
855,2046,1172.73,460.94,50.1,107.12,0.9717,-1,-1,-1
855,2052,1400.96,390.42,48.96,84.25,0.9716,-1,-1,-1
855,2175,461.53,304.58,48.19,77.35,0.9705,-1,-1,-1
855,2169,594.33,295.58,52.22,75.0,0.9702,-1,-1,-1
855,2122,1729.84,454.05,51.68,106.41,0.9701,-1,-1,-1
855,2179,827.32,432.97,40.05,79.29,0.9682,-1,-1,-1
855,2068,1552.98,338.24,42.68,87.26,0.9677,-1,-1,-1
855,2070,960.87,427.17,42.14,92.39,0.9658,-1,-1,-1
855,2130,1692.19,301.23,29.27,84.58,0.9631,-1,-1,-1
855,2182,761.69,916.91,106.9,153.07,0.9614,-1,-1,-1
855,2168,539.69,386.66,45.38,93.35,0.9605,-1,-1,-1
855,2077,723.99,195.18,32.75,60.93,0.9579,-1,-1,-1
855,2079,613.16,220.2,23.73,65.75,0.9478,-1,-1,-1
855,2161,983.07,218.31,22.58,67.58,0.9384,-1,-1,-1
855,2057,1171.14,196.1,23.42,55.23,0.9379,-1,-1,-1
855,2185,657.27,1052.28,21.21,27.68,0.7453,-1,-1,-1
855,2137,656.3,356.95,38.8,83.54,0.4095,-1,-1,-1
856,2052,1405.79,396.55,52.74,84.51,0.9761,-1,-1,-1
856,2122,1735.19,458.54,48.0,106.3,0.9743,-1,-1,-1
856,2179,836.36,434.2,41.31,82.67,0.9743,-1,-1,-1
856,2046,1176.74,468.21,49.84,104.94,0.9738,-1,-1,-1
856,2171,908.91,408.8,47.31,75.98,0.9723,-1,-1,-1
856,2068,1557.61,343.69,45.67,87.3,0.9718,-1,-1,-1
856,2169,601.24,299.55,51.77,75.05,0.9717,-1,-1,-1
856,2182,759.48,917.89,103.21,150.24,0.9709,-1,-1,-1
856,2175,467.04,306.08,46.94,78.72,0.9708,-1,-1,-1
856,2091,1056.29,386.67,60.57,84.57,0.9702,-1,-1,-1
856,2115,1458.77,453.66,39.0,113.48,0.9699,-1,-1,-1
856,2174,312.37,395.22,43.66,93.15,0.969,-1,-1,-1
856,2180,451.93,723.4,55.21,142.03,0.9677,-1,-1,-1
856,2168,548.54,391.44,44.46,93.37,0.9649,-1,-1,-1
856,2130,1697.95,305.26,29.82,84.79,0.959,-1,-1,-1
856,2070,964.62,430.5,37.17,94.64,0.9561,-1,-1,-1
856,2079,619.04,224.33,24.33,65.35,0.9552,-1,-1,-1
856,2077,727.28,200.01,34.9,59.98,0.9452,-1,-1,-1
856,2161,985.04,221.83,23.13,68.26,0.9447,-1,-1,-1
856,2057,1173.19,199.68,27.27,55.88,0.9406,-1,-1,-1
856,2185,664.32,1056.67,20.98,23.33,0.3911,-1,-1,-1
857,2182,766.56,920.09,85.57,152.84,0.9808,-1,-1,-1
857,2180,455.39,730.65,63.13,141.38,0.975,-1,-1,-1
857,2046,1181.24,475.52,50.04,102.15,0.9745,-1,-1,-1
857,2068,1564.93,347.97,45.79,88.28,0.9725,-1,-1,-1
857,2122,1739.12,460.3,45.88,110.9,0.9715,-1,-1,-1
857,2115,1463.63,459.34,38.68,113.93,0.9714,-1,-1,-1
857,2171,914.16,411.03,50.43,74.92,0.9712,-1,-1,-1
857,2179,844.85,434.42,42.55,85.82,0.9699,-1,-1,-1
857,2175,472.68,308.73,44.17,79.34,0.9692,-1,-1,-1
857,2169,609.09,301.78,51.45,77.26,0.9668,-1,-1,-1
857,2070,967.21,434.53,37.82,101.38,0.9623,-1,-1,-1
857,2130,1702.27,310.17,32.12,84.55,0.9595,-1,-1,-1
857,2079,624.9,228.93,26.32,65.72,0.957,-1,-1,-1
857,2091,1058.82,391.89,49.77,85.88,0.9519,-1,-1,-1
857,2161,987.19,226.14,27.09,67.02,0.9503,-1,-1,-1
857,2057,1176.45,201.5,30.39,58.54,0.9503,-1,-1,-1
857,2052,1414.23,401.9,50.52,84.65,0.9435,-1,-1,-1
857,2174,316.28,397.97,39.35,93.89,0.9348,-1,-1,-1
857,2077,731.2,205.88,35.5,59.56,0.9314,-1,-1,-1
857,2168,554.7,399.07,44.04,89.93,0.9123,-1,-1,-1
858,2182,765.29,917.69,90.56,157.24,0.9796,-1,-1,-1
858,2046,1183.02,477.78,48.69,101.73,0.9776,-1,-1,-1
858,2052,1417.3,403.47,50.78,86.63,0.9734,-1,-1,-1
858,2180,456.41,733.06,64.23,141.09,0.9732,-1,-1,-1
858,2068,1568.74,351.38,45.28,87.75,0.9729,-1,-1,-1
858,2175,476.06,311.06,41.53,79.38,0.9715,-1,-1,-1
858,2122,1740.77,463.19,47.56,113.54,0.9714,-1,-1,-1
858,2169,613.4,303.82,51.22,77.24,0.97,-1,-1,-1
858,2174,318.59,399.25,37.35,94.83,0.9698,-1,-1,-1
858,2171,916.49,412.88,51.82,74.48,0.9694,-1,-1,-1
858,2115,1464.42,463.33,39.63,112.42,0.9691,-1,-1,-1
858,2168,557.61,401.16,43.26,89.92,0.9677,-1,-1,-1
858,2070,968.07,437.49,39.18,100.87,0.9669,-1,-1,-1
858,2179,849.41,435.15,42.62,85.44,0.9662,-1,-1,-1
858,2161,988.61,227.66,29.43,67.86,0.9559,-1,-1,-1
858,2079,627.72,231.21,27.05,65.07,0.9536,-1,-1,-1
858,2130,1704.08,313.62,33.34,83.71,0.9495,-1,-1,-1
858,2057,1177.62,201.96,31.99,60.34,0.9476,-1,-1,-1
858,2077,733.26,206.85,35.38,60.62,0.9469,-1,-1,-1
858,2091,1055.25,394.16,39.1,85.57,0.9262,-1,-1,-1
858,2185,676.05,1062.73,20.15,17.27,0.4896,-1,-1,-1
859,2182,764.33,918.2,93.56,157.19,0.9804,-1,-1,-1
859,2179,857.48,435.92,44.16,76.47,0.974,-1,-1,-1
859,2122,1747.6,468.43,46.34,115.38,0.9739,-1,-1,-1
859,2046,1184.33,482.76,46.84,104.74,0.9732,-1,-1,-1
859,2180,455.65,738.37,69.77,142.26,0.9715,-1,-1,-1
859,2052,1422.1,408.29,52.84,87.45,0.9708,-1,-1,-1
859,2175,480.77,313.84,39.11,80.15,0.9699,-1,-1,-1
859,2068,1576.17,357.05,43.19,87.12,0.9696,-1,-1,-1
859,2130,1707.53,319.54,37.47,81.94,0.9649,-1,-1,-1
859,2168,567.16,408.11,37.77,88.14,0.9631,-1,-1,-1
859,2169,624.97,307.71,46.81,76.66,0.9623,-1,-1,-1
859,2070,972.5,443.38,37.63,102.98,0.9619,-1,-1,-1
859,2057,1178.56,207.43,35.63,57.72,0.9589,-1,-1,-1
859,2174,323.49,402.71,36.15,94.68,0.9584,-1,-1,-1
859,2171,917.27,416.54,60.18,75.65,0.9575,-1,-1,-1
859,2091,1048.63,399.67,42.86,84.55,0.9575,-1,-1,-1
859,2115,1469.47,469.89,36.85,111.3,0.9566,-1,-1,-1
859,2079,632.69,235.69,29.7,65.63,0.9547,-1,-1,-1
859,2161,990.54,230.71,33.5,69.37,0.9544,-1,-1,-1
859,2077,738.16,213.65,33.12,58.16,0.9274,-1,-1,-1
859,2137,674.76,374.46,26.79,83.81,0.8923,-1,-1,-1
860,2182,764.87,920.43,94.77,154.5,0.9799,-1,-1,-1
860,2046,1188.52,487.07,43.38,110.08,0.9757,-1,-1,-1
860,2180,457.08,740.91,75.56,141.97,0.9756,-1,-1,-1
860,2122,1756.31,474.24,46.45,115.07,0.9735,-1,-1,-1
860,2068,1586.14,360.41,40.68,88.61,0.9689,-1,-1,-1
860,2174,326.87,405.09,35.82,96.75,0.9687,-1,-1,-1
860,2169,636.78,310.87,42.38,77.61,0.9684,-1,-1,-1
860,2130,1712.95,324.4,42.66,81.5,0.9683,-1,-1,-1
860,2171,920.72,416.17,63.1,78.33,0.9683,-1,-1,-1
860,2091,1043.91,404.44,53.93,83.54,0.9681,-1,-1,-1
860,2161,990.35,233.15,39.15,69.62,0.9669,-1,-1,-1
860,2179,864.7,437.71,47.88,77.38,0.9648,-1,-1,-1
860,2052,1426.77,412.17,54.57,87.23,0.9644,-1,-1,-1
860,2175,487.03,317.11,34.81,78.74,0.9634,-1,-1,-1
860,2079,638.1,239.81,31.98,63.85,0.9605,-1,-1,-1
860,2070,977.62,448.78,37.07,104.68,0.96,-1,-1,-1
860,2115,1475.67,476.04,34.88,108.6,0.9566,-1,-1,-1
860,2057,1182.52,210.52,36.95,58.26,0.9501,-1,-1,-1
860,2168,575.54,413.2,34.92,88.73,0.9424,-1,-1,-1
860,2077,740.55,217.81,31.91,57.9,0.9279,-1,-1,-1
860,2137,679.78,377.7,25.62,82.99,0.8858,-1,-1,-1
861,2182,764.68,922.85,96.38,151.41,0.9781,-1,-1,-1
861,2122,1758.8,477.23,49.7,115.04,0.9768,-1,-1,-1
861,2180,456.99,740.93,78.21,142.49,0.9756,-1,-1,-1
861,2169,643.57,312.27,39.91,78.37,0.9721,-1,-1,-1
861,2046,1191.49,489.99,42.22,111.92,0.9721,-1,-1,-1
861,2052,1428.94,414.72,54.59,86.38,0.9697,-1,-1,-1
861,2091,1044.88,406.38,57.06,84.08,0.9697,-1,-1,-1
861,2171,925.57,416.4,61.59,77.54,0.9691,-1,-1,-1
861,2179,867.56,438.75,49.43,78.91,0.9676,-1,-1,-1
861,2161,991.32,236.02,40.61,68.81,0.9665,-1,-1,-1
861,2079,640.42,242.13,33.37,63.65,0.9657,-1,-1,-1
861,2175,489.49,318.44,33.99,79.78,0.9645,-1,-1,-1
861,2130,1718.53,326.76,42.75,81.48,0.9635,-1,-1,-1
861,2174,329.05,407.92,34.5,95.86,0.9634,-1,-1,-1
861,2068,1590.4,362.94,38.86,87.84,0.9628,-1,-1,-1
861,2115,1479.87,478.65,32.94,108.24,0.9533,-1,-1,-1
861,2057,1186.4,214.57,34.98,56.12,0.9503,-1,-1,-1
861,2070,980.43,452.93,36.38,103.62,0.9501,-1,-1,-1
861,2077,743.48,218.53,32.55,59.15,0.945,-1,-1,-1
861,2168,579.1,416.04,31.21,90.63,0.9202,-1,-1,-1
861,2189,737.47,175.84,25.69,47.71,0.7689,-1,-1,-1
861,2137,679.51,381.16,26.62,80.95,0.7566,-1,-1,-1
862,2122,1767.51,482.86,46.9,118.08,0.9746,-1,-1,-1
862,2180,459.12,742.97,82.02,143.92,0.9739,-1,-1,-1
862,2046,1197.09,496.62,43.11,112.17,0.9734,-1,-1,-1
862,2182,764.6,927.89,96.67,148.98,0.9733,-1,-1,-1
862,2052,1431.04,419.22,55.01,86.5,0.972,-1,-1,-1
862,2091,1045.18,408.37,59.88,85.77,0.9694,-1,-1,-1
862,2174,332.0,413.72,35.86,95.28,0.9689,-1,-1,-1
862,2179,871.62,441.54,52.81,79.55,0.9678,-1,-1,-1
862,2070,984.18,459.94,39.41,101.85,0.9669,-1,-1,-1
862,2175,494.53,323.36,33.35,78.28,0.964,-1,-1,-1
862,2169,656.99,313.31,34.19,80.27,0.9637,-1,-1,-1
862,2130,1728.43,332.01,44.02,81.68,0.9628,-1,-1,-1
862,2068,1599.31,365.69,34.28,89.58,0.9622,-1,-1,-1
862,2161,995.34,239.77,40.36,69.81,0.9614,-1,-1,-1
862,2079,645.11,245.94,34.96,63.27,0.9611,-1,-1,-1
862,2171,932.1,418.04,58.85,77.72,0.9601,-1,-1,-1
862,2115,1486.05,482.2,32.87,110.46,0.9597,-1,-1,-1
862,2077,747.35,224.7,34.44,57.37,0.9474,-1,-1,-1
862,2168,586.99,419.98,30.41,94.04,0.9436,-1,-1,-1
862,2057,1193.31,220.54,29.73,54.36,0.9431,-1,-1,-1
863,2180,462.1,742.65,83.37,146.07,0.9768,-1,-1,-1
863,2122,1775.5,491.81,45.8,115.28,0.9737,-1,-1,-1
863,2182,766.37,933.15,92.21,143.59,0.9715,-1,-1,-1
863,2091,1040.12,411.34,64.9,83.58,0.9701,-1,-1,-1
863,2179,877.46,442.97,56.24,81.69,0.97,-1,-1,-1
863,2130,1738.26,336.57,45.65,81.77,0.97,-1,-1,-1
863,2046,1203.5,504.29,43.02,112.96,0.9695,-1,-1,-1
863,2174,334.03,418.63,37.9,94.39,0.9693,-1,-1,-1
863,2115,1490.48,485.82,36.97,113.1,0.9663,-1,-1,-1
863,2052,1435.07,424.68,52.37,85.69,0.9655,-1,-1,-1
863,2070,987.73,465.18,44.2,101.11,0.9642,-1,-1,-1
863,2161,1000.54,245.64,39.38,68.36,0.9642,-1,-1,-1
863,2079,648.55,250.6,39.08,62.42,0.9601,-1,-1,-1
863,2171,934.82,420.48,55.09,70.49,0.9599,-1,-1,-1
863,2175,498.23,327.68,35.18,77.3,0.9592,-1,-1,-1
863,2068,1609.83,370.38,28.94,90.23,0.9588,-1,-1,-1
863,2077,751.11,225.11,37.58,60.68,0.9587,-1,-1,-1
863,2168,593.34,425.12,31.47,95.32,0.9546,-1,-1,-1
863,2169,670.06,317.11,29.83,80.1,0.9537,-1,-1,-1
863,2057,1197.02,223.38,26.35,55.37,0.9252,-1,-1,-1
864,2180,464.01,743.31,82.22,144.96,0.9765,-1,-1,-1
864,2046,1208.78,508.39,41.44,112.92,0.9754,-1,-1,-1
864,2122,1780.88,495.45,43.86,114.27,0.9737,-1,-1,-1
864,2070,989.99,466.25,46.02,102.57,0.9731,-1,-1,-1
864,2174,334.71,422.05,40.87,92.29,0.9729,-1,-1,-1
864,2179,881.97,444.57,55.0,81.29,0.9726,-1,-1,-1
864,2130,1744.7,338.38,44.58,83.05,0.972,-1,-1,-1
864,2091,1040.76,413.07,63.74,82.7,0.9691,-1,-1,-1
864,2115,1493.14,487.84,39.9,111.68,0.9685,-1,-1,-1
864,2182,767.63,934.75,87.44,143.75,0.9681,-1,-1,-1
864,2175,501.58,329.13,34.37,78.07,0.9652,-1,-1,-1
864,2171,937.38,421.31,51.5,70.91,0.9647,-1,-1,-1
864,2161,1002.37,246.67,38.66,68.3,0.9637,-1,-1,-1
864,2079,650.75,252.47,39.73,62.11,0.9634,-1,-1,-1
864,2068,1614.15,371.74,27.95,90.47,0.9594,-1,-1,-1
864,2077,753.19,225.79,38.4,62.5,0.9511,-1,-1,-1
864,2052,1440.6,426.51,46.17,85.86,0.9507,-1,-1,-1
864,2169,675.55,318.8,29.01,80.77,0.9499,-1,-1,-1
864,2168,597.04,427.32,32.71,95.51,0.9474,-1,-1,-1
864,2057,1200.03,224.16,24.95,56.54,0.9028,-1,-1,-1
865,2046,1215.37,517.11,42.59,109.66,0.9746,-1,-1,-1
865,2180,467.02,742.3,77.96,147.65,0.9743,-1,-1,-1
865,2070,994.53,471.61,47.93,100.68,0.9734,-1,-1,-1
865,2115,1501.38,491.79,42.34,114.86,0.9725,-1,-1,-1
865,2052,1445.13,430.15,44.15,86.48,0.9721,-1,-1,-1
865,2091,1048.97,417.22,50.94,82.71,0.9711,-1,-1,-1
865,2174,336.99,428.48,45.74,89.85,0.9709,-1,-1,-1
865,2179,892.29,445.87,48.74,80.52,0.9707,-1,-1,-1
865,2182,770.86,940.87,71.78,137.08,0.97,-1,-1,-1
865,2122,1791.77,503.68,39.48,111.25,0.9695,-1,-1,-1
865,2171,940.52,422.88,49.98,72.48,0.9688,-1,-1,-1
865,2130,1757.27,342.58,44.31,82.78,0.9679,-1,-1,-1
865,2079,653.07,256.86,45.73,62.0,0.9649,-1,-1,-1
865,2077,757.88,231.53,37.82,59.69,0.9627,-1,-1,-1
865,2169,684.46,324.41,29.92,77.68,0.9618,-1,-1,-1
865,2175,508.73,333.36,33.54,77.09,0.9599,-1,-1,-1
865,2161,1006.91,250.49,33.82,67.32,0.9583,-1,-1,-1
865,2057,1203.31,227.84,27.38,55.95,0.9496,-1,-1,-1
865,2068,1623.95,375.44,25.9,89.81,0.9472,-1,-1,-1
865,2168,602.84,433.13,33.44,95.17,0.9459,-1,-1,-1
866,2046,1223.25,524.52,44.62,106.38,0.9755,-1,-1,-1
866,2174,340.69,432.88,48.23,89.02,0.9746,-1,-1,-1
866,2070,998.84,475.56,50.41,102.83,0.9739,-1,-1,-1
866,2115,1507.67,495.37,45.83,116.17,0.9737,-1,-1,-1
866,2180,471.67,742.96,70.95,147.82,0.9736,-1,-1,-1
866,2122,1799.66,508.27,43.14,112.3,0.9731,-1,-1,-1
866,2130,1769.98,346.44,42.08,83.71,0.9728,-1,-1,-1
866,2182,770.37,944.82,73.92,134.27,0.969,-1,-1,-1
866,2052,1453.03,432.7,46.99,88.89,0.9684,-1,-1,-1
866,2079,657.06,260.96,48.84,61.08,0.9664,-1,-1,-1
866,2179,899.59,447.24,48.61,73.43,0.9654,-1,-1,-1
866,2169,694.25,327.47,36.89,80.31,0.9625,-1,-1,-1
866,2175,515.57,337.12,33.59,77.42,0.9591,-1,-1,-1
866,2068,1633.08,379.65,27.72,91.5,0.9566,-1,-1,-1
866,2171,928.41,424.2,71.02,75.5,0.9562,-1,-1,-1
866,2161,1012.83,252.63,28.87,68.74,0.9523,-1,-1,-1
866,2091,1053.43,420.37,33.47,83.47,0.949,-1,-1,-1
866,2077,761.88,233.85,38.58,61.01,0.9472,-1,-1,-1
866,2057,1208.97,230.65,30.91,56.28,0.9418,-1,-1,-1
866,2168,610.58,438.12,34.78,92.89,0.9401,-1,-1,-1
866,2137,691.79,399.21,34.18,91.49,0.701,-1,-1,-1
867,2180,474.71,744.51,68.71,147.32,0.9774,-1,-1,-1
867,2070,998.38,478.36,54.29,103.44,0.9754,-1,-1,-1
867,2122,1803.85,510.67,45.68,111.7,0.9744,-1,-1,-1
867,2046,1226.51,527.24,46.49,108.16,0.9739,-1,-1,-1
867,2052,1456.84,433.66,47.28,89.5,0.973,-1,-1,-1
867,2174,343.37,434.69,49.45,89.2,0.9718,-1,-1,-1
867,2130,1777.07,348.41,40.2,83.43,0.9702,-1,-1,-1
867,2115,1512.31,497.06,47.28,117.59,0.9688,-1,-1,-1
867,2182,770.06,946.04,76.36,132.89,0.9678,-1,-1,-1
867,2169,698.54,329.65,39.63,80.05,0.9672,-1,-1,-1
867,2179,903.96,447.97,49.78,73.37,0.9618,-1,-1,-1
867,2079,659.48,262.85,50.94,61.4,0.9598,-1,-1,-1
867,2068,1636.35,382.52,30.19,91.53,0.9577,-1,-1,-1
867,2175,519.09,339.21,33.72,77.25,0.9567,-1,-1,-1
867,2077,764.81,236.3,36.9,60.11,0.9558,-1,-1,-1
867,2171,930.79,424.09,68.45,73.08,0.9554,-1,-1,-1
867,2091,1054.61,422.36,28.6,82.5,0.9526,-1,-1,-1
867,2161,1015.29,253.65,27.68,69.31,0.9523,-1,-1,-1
867,2057,1212.4,231.01,32.76,57.57,0.9501,-1,-1,-1
867,2168,613.97,440.65,37.1,92.65,0.9493,-1,-1,-1
867,2137,694.43,401.94,33.67,89.85,0.7398,-1,-1,-1
868,2122,1813.39,513.71,49.5,115.37,0.9776,-1,-1,-1
868,2046,1233.07,532.8,49.54,109.28,0.977,-1,-1,-1
868,2115,1518.83,503.87,52.67,115.75,0.976,-1,-1,-1
868,2174,347.44,438.95,53.72,88.44,0.9727,-1,-1,-1
868,2180,482.26,746.57,62.08,146.47,0.9712,-1,-1,-1
868,2070,1003.36,483.44,54.96,105.44,0.9704,-1,-1,-1
868,2052,1464.4,436.62,49.79,90.51,0.9695,-1,-1,-1
868,2182,768.11,948.24,83.3,130.63,0.9688,-1,-1,-1
868,2169,707.88,335.7,39.86,75.7,0.9663,-1,-1,-1
868,2068,1640.07,386.99,39.07,90.39,0.9629,-1,-1,-1
868,2091,1052.63,423.21,33.12,84.76,0.9626,-1,-1,-1
868,2130,1790.25,352.43,35.98,83.67,0.9605,-1,-1,-1
868,2079,664.05,266.32,52.07,59.75,0.9605,-1,-1,-1
868,2161,1021.43,255.48,29.43,71.42,0.9592,-1,-1,-1
868,2175,527.14,341.73,33.81,77.44,0.9582,-1,-1,-1
868,2057,1217.38,232.26,36.1,58.81,0.9538,-1,-1,-1
868,2171,939.2,423.52,61.52,73.73,0.9516,-1,-1,-1
868,2179,911.36,448.31,55.33,80.17,0.9379,-1,-1,-1
868,2077,770.02,240.04,32.59,59.88,0.9345,-1,-1,-1
868,2168,621.7,444.03,35.89,93.42,0.9339,-1,-1,-1
868,2137,699.98,409.53,32.27,86.47,0.9151,-1,-1,-1
869,2115,1529.18,509.75,53.12,115.47,0.9752,-1,-1,-1
869,2052,1470.41,440.04,52.25,90.45,0.9749,-1,-1,-1
869,2174,350.94,440.1,57.71,91.24,0.9743,-1,-1,-1
869,2180,490.17,749.32,57.32,145.73,0.9742,-1,-1,-1
869,2182,765.35,951.84,88.16,126.58,0.9739,-1,-1,-1
869,2091,1052.72,421.27,40.93,90.02,0.9724,-1,-1,-1
869,2046,1236.12,537.68,57.83,110.39,0.9709,-1,-1,-1
869,2122,1821.37,517.08,56.01,116.63,0.9698,-1,-1,-1
869,2070,1007.7,488.59,55.08,106.3,0.9691,-1,-1,-1
869,2169,717.74,340.43,39.96,74.76,0.9687,-1,-1,-1
869,2068,1644.44,392.02,47.99,89.51,0.9649,-1,-1,-1
869,2171,947.85,423.77,55.0,72.8,0.9609,-1,-1,-1
869,2130,1802.9,354.89,31.82,85.89,0.9597,-1,-1,-1
869,2161,1027.08,257.56,32.61,73.13,0.9585,-1,-1,-1
869,2179,918.24,450.73,54.11,77.93,0.9556,-1,-1,-1
869,2057,1220.83,233.89,40.88,59.53,0.9548,-1,-1,-1
869,2168,629.14,446.22,36.84,97.08,0.9522,-1,-1,-1
869,2079,669.59,270.7,49.88,57.98,0.9519,-1,-1,-1
869,2077,774.95,242.82,30.0,59.19,0.9446,-1,-1,-1
869,2175,536.15,344.59,32.87,76.71,0.9393,-1,-1,-1
869,2137,704.95,412.9,33.91,88.28,0.3162,-1,-1,-1
870,2180,494.96,752.2,55.47,144.57,0.9763,-1,-1,-1
870,2182,762.98,953.59,88.71,124.62,0.9761,-1,-1,-1
870,2091,1052.26,421.67,44.98,89.86,0.976,-1,-1,-1
870,2122,1824.72,519.78,61.14,116.75,0.9743,-1,-1,-1
870,2052,1474.28,440.88,51.33,92.65,0.9734,-1,-1,-1
870,2174,352.38,441.42,59.47,90.8,0.973,-1,-1,-1
870,2115,1535.17,512.94,53.32,116.16,0.9726,-1,-1,-1
870,2046,1240.11,541.06,58.61,112.59,0.9726,-1,-1,-1
870,2068,1648.24,393.58,51.87,90.84,0.9711,-1,-1,-1
870,2070,1009.75,492.99,55.29,104.73,0.9701,-1,-1,-1
870,2169,722.85,343.37,39.3,72.95,0.9683,-1,-1,-1
870,2161,1029.2,258.49,34.36,72.57,0.9666,-1,-1,-1
870,2171,950.34,424.51,52.19,73.56,0.9655,-1,-1,-1
870,2168,631.83,447.45,37.46,99.83,0.9651,-1,-1,-1
870,2179,921.28,450.6,54.2,79.1,0.9648,-1,-1,-1
870,2175,540.62,345.05,33.1,77.9,0.9561,-1,-1,-1
870,2130,1809.53,357.58,29.79,84.89,0.9502,-1,-1,-1
870,2057,1223.84,234.48,41.96,58.99,0.9493,-1,-1,-1
870,2077,777.7,245.09,28.34,58.98,0.9173,-1,-1,-1
870,2079,672.97,271.3,45.53,56.65,0.896,-1,-1,-1
871,2070,1012.48,498.09,53.38,103.37,0.9771,-1,-1,-1
871,2122,1833.16,522.5,66.7,120.31,0.9759,-1,-1,-1
871,2052,1483.99,445.66,47.07,91.05,0.9736,-1,-1,-1
871,2115,1543.01,518.38,53.0,114.12,0.9722,-1,-1,-1
871,2079,679.74,274.16,42.79,57.03,0.9721,-1,-1,-1
871,2046,1249.61,546.72,61.08,114.88,0.9712,-1,-1,-1
871,2068,1658.72,397.17,55.81,91.31,0.9709,-1,-1,-1
871,2174,354.67,442.29,61.28,93.35,0.9698,-1,-1,-1
871,2169,731.68,347.87,39.91,70.44,0.9695,-1,-1,-1
871,2171,955.07,425.87,48.94,77.25,0.9668,-1,-1,-1
871,2182,758.15,956.1,89.11,121.73,0.9666,-1,-1,-1
871,2179,927.41,450.01,51.95,79.54,0.9661,-1,-1,-1
871,2161,1036.16,261.17,34.36,71.66,0.9633,-1,-1,-1
871,2091,1052.58,424.11,52.15,86.07,0.9615,-1,-1,-1
871,2168,640.13,450.39,34.87,101.81,0.9599,-1,-1,-1
871,2175,549.51,346.88,32.6,77.52,0.9564,-1,-1,-1
871,2077,782.22,247.05,31.07,59.09,0.9507,-1,-1,-1
871,2130,1823.17,360.13,27.95,87.06,0.9492,-1,-1,-1
871,2057,1231.51,236.94,40.46,60.08,0.949,-1,-1,-1
871,2180,501.86,757.02,52.24,143.92,0.9065,-1,-1,-1
872,2115,1553.08,524.21,50.27,112.56,0.9791,-1,-1,-1
872,2180,509.96,764.0,50.68,140.47,0.9784,-1,-1,-1
872,2046,1256.87,552.81,62.79,113.29,0.9771,-1,-1,-1
872,2122,1840.74,528.91,71.8,118.78,0.9762,-1,-1,-1
872,2070,1018.65,502.14,45.7,102.79,0.973,-1,-1,-1
872,2079,687.2,275.86,44.89,58.42,0.9716,-1,-1,-1
872,2068,1670.24,401.74,57.34,90.6,0.9711,-1,-1,-1
872,2169,740.19,351.55,40.71,69.46,0.9691,-1,-1,-1
872,2174,356.58,443.49,58.97,94.56,0.969,-1,-1,-1
872,2052,1491.74,450.02,42.98,91.35,0.9669,-1,-1,-1
872,2171,958.05,427.79,55.11,76.58,0.9667,-1,-1,-1
872,2091,1054.3,424.54,53.92,86.22,0.9625,-1,-1,-1
872,2182,755.08,961.5,80.28,116.75,0.9605,-1,-1,-1
872,2179,930.93,450.36,48.48,69.39,0.9602,-1,-1,-1
872,2175,558.54,349.3,31.55,76.64,0.9587,-1,-1,-1
872,2161,1043.41,264.38,33.31,72.15,0.9572,-1,-1,-1
872,2168,647.37,455.37,32.54,102.1,0.95,-1,-1,-1
872,2130,1835.89,364.08,29.51,87.24,0.9491,-1,-1,-1
872,2077,785.95,248.47,36.62,59.3,0.9441,-1,-1,-1
872,2057,1243.14,243.33,34.35,56.99,0.9319,-1,-1,-1
873,2046,1260.19,555.71,61.92,112.91,0.9758,-1,-1,-1
873,2115,1557.96,525.59,47.57,114.36,0.9752,-1,-1,-1
873,2180,512.61,767.18,51.16,142.42,0.9746,-1,-1,-1
873,2068,1679.21,403.15,55.51,90.97,0.9746,-1,-1,-1
873,2079,690.58,276.09,45.64,59.46,0.9712,-1,-1,-1
873,2070,1021.42,503.79,43.09,102.54,0.9708,-1,-1,-1
873,2052,1493.8,452.21,42.06,90.79,0.9699,-1,-1,-1
873,2169,744.26,353.22,41.18,68.77,0.969,-1,-1,-1
873,2174,358.09,443.78,56.6,95.15,0.9681,-1,-1,-1
873,2122,1845.65,530.97,73.04,119.56,0.9676,-1,-1,-1
873,2171,959.44,427.59,58.18,75.98,0.9656,-1,-1,-1
873,2091,1057.29,424.26,52.53,88.13,0.9656,-1,-1,-1
873,2179,933.49,450.67,49.37,68.47,0.9625,-1,-1,-1
873,2077,787.99,248.98,38.9,61.43,0.9624,-1,-1,-1
873,2175,562.49,350.12,30.86,76.37,0.9619,-1,-1,-1
873,2161,1047.68,264.97,30.57,72.54,0.9569,-1,-1,-1
873,2130,1842.13,365.36,30.69,89.41,0.9519,-1,-1,-1
873,2057,1247.06,243.44,32.19,58.05,0.9392,-1,-1,-1
873,2168,651.07,457.93,29.94,101.93,0.9255,-1,-1,-1
873,2182,753.85,962.44,76.94,116.61,0.9123,-1,-1,-1
874,2070,1024.69,505.46,48.04,104.71,0.9768,-1,-1,-1
874,2115,1566.87,529.19,43.49,116.62,0.9759,-1,-1,-1
874,2068,1692.63,406.72,52.54,91.34,0.9756,-1,-1,-1
874,2180,514.31,773.59,58.45,143.19,0.9738,-1,-1,-1
874,2122,1858.59,537.87,61.41,119.1,0.9727,-1,-1,-1
874,2171,959.81,427.8,63.49,78.83,0.9719,-1,-1,-1
874,2182,751.06,965.35,70.11,112.74,0.9704,-1,-1,-1
874,2052,1493.69,456.08,44.06,91.19,0.9704,-1,-1,-1
874,2174,362.14,444.52,48.87,96.16,0.97,-1,-1,-1
874,2046,1266.69,560.32,58.48,113.03,0.9661,-1,-1,-1
874,2169,751.25,355.72,43.45,68.69,0.9661,-1,-1,-1
874,2077,791.76,250.67,40.77,61.85,0.9635,-1,-1,-1
874,2079,697.03,277.8,46.95,60.88,0.9622,-1,-1,-1
874,2175,569.66,352.79,31.91,76.56,0.9591,-1,-1,-1
874,2179,935.93,451.76,55.96,72.14,0.951,-1,-1,-1
874,2130,1854.53,370.65,33.34,87.3,0.9507,-1,-1,-1
874,2161,1055.85,270.02,24.69,70.99,0.942,-1,-1,-1
874,2091,1060.13,427.11,46.93,88.18,0.9351,-1,-1,-1
874,2168,656.95,463.71,29.53,103.03,0.9173,-1,-1,-1
874,2057,1254.95,245.66,26.0,58.21,0.9172,-1,-1,-1
875,2180,513.5,776.16,66.91,143.13,0.976,-1,-1,-1
875,2174,365.48,445.64,43.37,98.21,0.9744,-1,-1,-1
875,2046,1272.55,562.84,52.8,115.42,0.9736,-1,-1,-1
875,2115,1577.72,530.81,42.35,122.78,0.9708,-1,-1,-1
875,2079,701.81,279.86,47.39,59.97,0.9703,-1,-1,-1
875,2070,1031.04,507.76,50.14,109.43,0.969,-1,-1,-1
875,2052,1498.09,457.98,52.63,93.54,0.9685,-1,-1,-1
875,2068,1707.83,409.0,45.65,92.31,0.9684,-1,-1,-1
875,2169,756.0,357.4,48.37,70.3,0.9673,-1,-1,-1
875,2077,797.09,252.88,41.63,61.23,0.9668,-1,-1,-1
875,2182,747.24,965.49,66.78,112.41,0.9657,-1,-1,-1
875,2091,1059.05,428.64,43.65,89.59,0.9647,-1,-1,-1
875,2122,1869.0,544.12,48.48,117.46,0.9642,-1,-1,-1
875,2175,575.21,354.04,35.6,78.6,0.9624,-1,-1,-1
875,2130,1864.94,373.84,38.17,87.11,0.9605,-1,-1,-1
875,2168,664.31,469.11,30.28,101.86,0.9584,-1,-1,-1
875,2171,961.0,428.53,61.17,79.06,0.9583,-1,-1,-1
875,2179,944.22,453.63,54.49,70.23,0.9541,-1,-1,-1
875,2161,1062.11,272.83,23.38,70.27,0.9373,-1,-1,-1
875,2057,1260.92,245.92,26.63,59.86,0.9271,-1,-1,-1
876,2046,1276.05,565.5,49.27,114.81,0.9757,-1,-1,-1
876,2180,513.36,776.6,71.83,143.47,0.9755,-1,-1,-1
876,2174,367.64,446.4,41.65,98.58,0.9733,-1,-1,-1
876,2070,1032.78,508.69,52.46,109.9,0.9728,-1,-1,-1
876,2115,1583.18,532.06,42.93,122.34,0.9724,-1,-1,-1
876,2175,577.4,356.0,38.72,78.12,0.9701,-1,-1,-1
876,2079,703.99,281.13,48.22,60.18,0.9697,-1,-1,-1
876,2052,1501.21,459.02,56.92,94.0,0.9691,-1,-1,-1
876,2077,798.55,253.31,43.01,62.18,0.9687,-1,-1,-1
876,2091,1057.74,429.53,43.47,89.23,0.9678,-1,-1,-1
876,2068,1715.84,410.14,41.97,92.46,0.9676,-1,-1,-1
876,2182,744.38,964.97,66.86,113.45,0.9671,-1,-1,-1
876,2122,1874.13,546.48,45.05,117.51,0.967,-1,-1,-1
876,2169,757.99,358.92,51.05,69.72,0.9653,-1,-1,-1
876,2130,1870.55,375.83,40.89,86.63,0.9646,-1,-1,-1
876,2168,667.37,472.42,30.89,100.26,0.9583,-1,-1,-1
876,2161,1064.62,274.5,25.72,69.47,0.9478,-1,-1,-1
876,2171,959.1,428.58,60.54,78.77,0.9477,-1,-1,-1
876,2179,948.98,453.42,54.43,69.37,0.9419,-1,-1,-1
876,2057,1263.42,246.71,29.59,59.5,0.9409,-1,-1,-1
877,2115,1594.25,536.12,45.54,121.78,0.9776,-1,-1,-1
877,2052,1509.51,460.11,60.35,95.56,0.975,-1,-1,-1
877,2046,1283.53,566.13,45.44,120.68,0.9742,-1,-1,-1
877,2070,1035.39,511.6,58.79,110.84,0.9725,-1,-1,-1
877,2180,517.54,778.14,75.42,144.66,0.9716,-1,-1,-1
877,2174,370.85,448.43,39.64,99.17,0.9713,-1,-1,-1
877,2182,740.11,962.61,70.68,115.99,0.9711,-1,-1,-1
877,2091,1065.43,430.12,42.09,91.28,0.9707,-1,-1,-1
877,2175,583.01,358.57,42.66,76.68,0.9695,-1,-1,-1
877,2169,761.7,359.77,56.38,71.03,0.9688,-1,-1,-1
877,2079,710.8,281.87,44.83,62.21,0.9623,-1,-1,-1
877,2168,674.06,478.64,33.73,97.05,0.9584,-1,-1,-1
877,2077,804.34,255.69,40.91,62.17,0.9578,-1,-1,-1
877,2122,1882.9,551.27,37.1,116.09,0.9565,-1,-1,-1
877,2130,1882.85,380.13,37.15,85.58,0.9554,-1,-1,-1
877,2057,1269.68,247.89,33.84,60.17,0.9489,-1,-1,-1
877,2068,1731.36,411.9,32.17,94.95,0.9443,-1,-1,-1
877,2161,1070.23,275.72,30.65,70.22,0.9406,-1,-1,-1
877,2171,959.99,429.0,55.87,82.57,0.9257,-1,-1,-1
877,2179,952.47,452.86,41.98,65.97,0.3141,-1,-1,-1
878,2052,1520.23,461.22,61.29,97.08,0.9749,-1,-1,-1
878,2046,1288.82,568.76,51.61,123.28,0.9739,-1,-1,-1
878,2115,1601.95,540.59,51.34,121.7,0.9733,-1,-1,-1
878,2180,518.15,777.5,83.22,146.48,0.9732,-1,-1,-1
878,2091,1065.36,428.87,50.21,94.57,0.9717,-1,-1,-1
878,2182,734.66,961.05,75.42,117.91,0.9715,-1,-1,-1
878,2070,1035.44,515.42,64.81,110.4,0.9692,-1,-1,-1
878,2174,374.97,451.32,37.57,98.64,0.9689,-1,-1,-1
878,2175,589.89,360.47,45.83,76.64,0.9681,-1,-1,-1
878,2168,680.6,481.17,37.1,97.49,0.9677,-1,-1,-1
878,2169,769.12,359.66,59.99,72.53,0.9645,-1,-1,-1
878,2079,718.38,284.1,39.43,62.56,0.9616,-1,-1,-1
878,2057,1277.58,246.75,37.0,62.77,0.9515,-1,-1,-1
878,2068,1743.72,414.17,29.3,95.06,0.9447,-1,-1,-1
878,2161,1075.09,276.31,35.87,71.13,0.9422,-1,-1,-1
878,2077,808.0,258.24,41.16,61.07,0.9352,-1,-1,-1
878,2130,1899.28,382.46,20.72,86.34,0.929,-1,-1,-1
878,2179,959.09,446.44,56.06,78.33,0.8892,-1,-1,-1
878,2122,1892.82,552.67,27.18,108.62,0.7939,-1,-1,-1
879,2052,1522.21,461.95,62.83,96.16,0.9767,-1,-1,-1
879,2175,594.15,362.33,46.58,75.01,0.9741,-1,-1,-1
879,2180,519.56,778.26,82.7,145.56,0.9722,-1,-1,-1
879,2091,1068.46,428.04,49.81,95.79,0.972,-1,-1,-1
879,2174,375.88,452.53,38.48,99.59,0.9718,-1,-1,-1
879,2182,732.37,960.94,77.02,118.68,0.9714,-1,-1,-1
879,2115,1607.32,541.78,52.96,123.43,0.9707,-1,-1,-1
879,2070,1036.62,517.46,66.67,110.89,0.9706,-1,-1,-1
879,2046,1293.16,569.77,51.37,123.13,0.9691,-1,-1,-1
879,2168,683.8,481.59,37.88,99.09,0.9682,-1,-1,-1
879,2079,720.86,285.08,36.85,60.87,0.9631,-1,-1,-1
879,2161,1077.8,277.08,37.6,71.57,0.9619,-1,-1,-1
879,2057,1280.64,247.2,39.59,62.63,0.9592,-1,-1,-1
879,2169,773.51,359.85,60.19,74.13,0.9569,-1,-1,-1
879,2179,961.84,454.01,51.52,67.28,0.9419,-1,-1,-1
879,2077,808.43,258.9,42.05,61.03,0.9323,-1,-1,-1
879,2068,1749.35,414.98,28.7,97.19,0.9145,-1,-1,-1
879,2122,1898.69,552.6,21.31,97.76,0.8681,-1,-1,-1
879,2130,1908.69,382.81,11.18,86.58,0.799,-1,-1,-1
880,2046,1298.14,572.47,58.83,122.08,0.9749,-1,-1,-1
880,2115,1617.92,546.33,57.88,124.06,0.974,-1,-1,-1
880,2168,690.25,484.51,42.81,100.12,0.9739,-1,-1,-1
880,2052,1534.86,462.94,61.67,95.02,0.9739,-1,-1,-1
880,2091,1071.6,427.56,51.81,91.34,0.9731,-1,-1,-1
880,2070,1044.32,520.8,64.21,111.26,0.973,-1,-1,-1
880,2174,378.99,456.99,40.35,96.94,0.9728,-1,-1,-1
880,2175,603.99,365.33,46.57,73.6,0.9711,-1,-1,-1
880,2180,521.3,781.79,78.3,141.92,0.9693,-1,-1,-1
880,2169,779.51,359.96,62.43,74.75,0.9673,-1,-1,-1
880,2161,1085.28,277.36,40.35,72.02,0.9611,-1,-1,-1
880,2057,1287.28,248.34,43.11,61.36,0.9558,-1,-1,-1
880,2079,727.92,287.52,31.48,59.82,0.9501,-1,-1,-1
880,2077,815.95,258.89,36.18,61.38,0.9498,-1,-1,-1
880,2068,1762.69,417.21,30.95,96.22,0.9459,-1,-1,-1
880,2179,965.66,438.89,46.8,80.99,0.9373,-1,-1,-1
880,2182,731.48,962.13,75.55,117.87,0.9363,-1,-1,-1
881,2115,1634.54,552.71,56.87,121.56,0.9749,-1,-1,-1
881,2180,524.55,783.27,72.38,141.46,0.9737,-1,-1,-1
881,2174,382.68,459.99,43.44,97.8,0.9737,-1,-1,-1
881,2052,1548.06,464.9,56.49,94.48,0.973,-1,-1,-1
881,2046,1305.85,576.24,59.91,123.15,0.9718,-1,-1,-1
881,2091,1075.8,427.07,50.71,91.32,0.9707,-1,-1,-1
881,2175,614.52,368.39,47.13,71.95,0.9688,-1,-1,-1
881,2070,1054.46,524.68,55.48,111.65,0.9672,-1,-1,-1
881,2068,1772.32,419.64,41.34,95.39,0.9656,-1,-1,-1
881,2182,732.24,963.81,64.83,113.6,0.9651,-1,-1,-1
881,2168,697.74,487.17,46.17,102.33,0.9647,-1,-1,-1
881,2161,1093.51,278.16,40.79,72.2,0.9612,-1,-1,-1
881,2169,785.15,360.85,60.16,75.58,0.9596,-1,-1,-1
881,2079,735.45,288.32,32.73,60.34,0.9594,-1,-1,-1
881,2057,1297.18,249.27,41.95,61.86,0.9545,-1,-1,-1
881,2077,823.04,257.78,33.34,62.99,0.9447,-1,-1,-1
881,2179,970.99,453.95,49.16,65.79,0.9317,-1,-1,-1
881,2171,968.02,427.61,47.29,65.65,0.7831,-1,-1,-1
882,2168,700.14,488.03,48.23,104.52,0.9733,-1,-1,-1
882,2180,527.17,784.04,69.26,141.55,0.9728,-1,-1,-1
882,2115,1641.81,554.11,55.82,120.96,0.9724,-1,-1,-1
882,2046,1311.27,579.25,59.55,123.82,0.9716,-1,-1,-1
882,2174,385.14,461.67,46.16,97.16,0.9713,-1,-1,-1
882,2052,1556.19,466.38,51.41,94.01,0.9702,-1,-1,-1
882,2091,1080.61,427.88,46.81,91.37,0.9697,-1,-1,-1
882,2175,620.67,368.87,46.83,71.92,0.9695,-1,-1,-1
882,2070,1057.93,526.22,54.11,109.96,0.9688,-1,-1,-1
882,2169,788.26,360.92,59.97,76.02,0.9687,-1,-1,-1
882,2161,1097.59,278.18,41.73,72.65,0.9683,-1,-1,-1
882,2182,733.08,965.2,61.42,112.07,0.9625,-1,-1,-1
882,2079,738.45,288.36,36.02,60.05,0.9598,-1,-1,-1
882,2077,827.4,257.4,35.28,64.12,0.9535,-1,-1,-1
882,2057,1303.84,249.31,39.55,62.5,0.9446,-1,-1,-1
882,2068,1776.84,420.53,47.52,96.67,0.9442,-1,-1,-1
882,2179,969.82,430.54,56.77,90.87,0.9289,-1,-1,-1
883,2046,1323.38,583.39,56.08,124.82,0.9772,-1,-1,-1
883,2180,532.81,783.29,64.15,144.3,0.976,-1,-1,-1
883,2115,1657.46,558.16,52.21,121.18,0.9744,-1,-1,-1
883,2070,1063.58,527.82,50.66,108.99,0.9736,-1,-1,-1
883,2174,387.11,463.48,55.61,96.7,0.9731,-1,-1,-1
883,2168,705.08,491.46,51.65,105.93,0.9724,-1,-1,-1
883,2068,1785.45,422.22,60.77,97.5,0.9707,-1,-1,-1
883,2169,797.97,362.14,54.52,75.91,0.9694,-1,-1,-1
883,2079,744.26,288.03,41.93,60.29,0.969,-1,-1,-1
883,2052,1564.53,467.94,49.47,94.02,0.969,-1,-1,-1
883,2091,1087.97,428.79,40.85,93.27,0.9686,-1,-1,-1
883,2175,632.7,370.48,47.37,70.71,0.9685,-1,-1,-1
883,2161,1103.25,280.0,43.88,71.66,0.9672,-1,-1,-1
883,2190,783.59,448.56,46.21,98.18,0.9601,-1,-1,-1
883,2182,735.75,967.82,53.73,110.39,0.9567,-1,-1,-1
883,2077,833.88,255.81,39.63,66.32,0.9562,-1,-1,-1
883,2179,973.33,448.93,63.6,74.05,0.947,-1,-1,-1
883,2057,1318.15,253.16,35.16,59.47,0.9416,-1,-1,-1
883,2171,971.68,426.58,36.72,60.98,0.8163,-1,-1,-1
884,2180,538.54,779.85,61.96,148.54,0.9771,-1,-1,-1
884,2174,393.67,463.43,60.74,96.53,0.9761,-1,-1,-1
884,2168,710.74,496.06,56.36,102.14,0.9737,-1,-1,-1
884,2169,807.12,362.89,48.7,74.53,0.9736,-1,-1,-1
884,2115,1672.02,559.72,49.61,124.07,0.9732,-1,-1,-1
884,2046,1335.66,587.98,50.41,123.87,0.9727,-1,-1,-1
884,2070,1070.93,528.89,43.64,110.26,0.9725,-1,-1,-1
884,2079,750.35,287.52,47.34,61.31,0.969,-1,-1,-1
884,2190,791.07,449.77,50.98,100.31,0.9687,-1,-1,-1
884,2175,645.35,370.68,47.19,71.34,0.9683,-1,-1,-1
884,2068,1799.1,424.46,67.1,97.65,0.9672,-1,-1,-1
884,2052,1579.27,468.75,38.95,94.81,0.9636,-1,-1,-1
884,2161,1113.34,281.07,39.17,70.68,0.9627,-1,-1,-1
884,2077,842.5,256.07,42.44,65.52,0.961,-1,-1,-1
884,2091,1094.93,429.74,32.99,93.23,0.9512,-1,-1,-1
884,2182,735.28,967.97,55.43,108.16,0.93,-1,-1,-1
884,2057,1327.07,252.51,33.1,59.68,0.9234,-1,-1,-1
884,2179,976.05,445.98,52.78,69.06,0.7626,-1,-1,-1
884,2171,976.81,426.94,40.3,62.82,0.6915,-1,-1,-1
885,2070,1074.79,528.0,44.85,112.25,0.9779,-1,-1,-1
885,2174,396.76,463.84,63.28,96.24,0.9753,-1,-1,-1
885,2046,1340.81,590.22,48.05,123.06,0.9741,-1,-1,-1
885,2169,810.42,363.6,52.58,73.39,0.9731,-1,-1,-1
885,2068,1806.24,425.25,71.98,97.68,0.9723,-1,-1,-1
885,2180,541.24,779.76,64.06,148.21,0.9714,-1,-1,-1
885,2168,714.52,497.93,57.64,101.28,0.9696,-1,-1,-1
885,2175,651.67,370.35,48.06,71.85,0.9693,-1,-1,-1
885,2190,795.11,449.79,52.6,101.2,0.9691,-1,-1,-1
885,2079,754.22,287.19,46.98,61.22,0.9682,-1,-1,-1
885,2115,1679.02,561.0,48.64,122.69,0.9676,-1,-1,-1
885,2052,1585.87,468.44,37.94,95.53,0.9676,-1,-1,-1
885,2077,846.26,256.26,43.44,65.51,0.9618,-1,-1,-1
885,2161,1117.34,281.13,38.44,70.74,0.9593,-1,-1,-1
885,2182,733.96,967.6,58.82,108.94,0.9509,-1,-1,-1
885,2091,1097.93,430.88,33.87,93.54,0.9381,-1,-1,-1
885,2057,1333.55,251.29,30.35,61.67,0.9144,-1,-1,-1
885,2179,975.3,436.28,62.68,76.89,0.8831,-1,-1,-1
886,2070,1082.4,527.9,51.52,113.94,0.9756,-1,-1,-1
886,2180,548.17,776.69,66.34,152.56,0.9747,-1,-1,-1
886,2174,406.37,464.41,65.55,96.07,0.9741,-1,-1,-1
886,2046,1350.58,593.37,44.43,122.86,0.9738,-1,-1,-1
886,2168,724.66,498.75,56.53,102.08,0.9738,-1,-1,-1
886,2068,1827.65,426.53,71.99,98.57,0.9711,-1,-1,-1
886,2169,818.55,364.12,58.95,73.37,0.9703,-1,-1,-1
886,2079,761.85,286.95,46.26,60.62,0.9697,-1,-1,-1
886,2115,1693.04,561.26,47.21,125.78,0.967,-1,-1,-1
886,2091,1105.38,429.94,41.75,93.72,0.9669,-1,-1,-1
886,2161,1126.71,281.42,42.18,70.04,0.9662,-1,-1,-1
886,2175,663.75,370.34,50.88,72.86,0.9652,-1,-1,-1
886,2052,1590.84,467.42,52.76,99.35,0.9642,-1,-1,-1
886,2077,854.26,256.62,46.09,64.45,0.9623,-1,-1,-1
886,2190,806.35,449.42,48.66,102.2,0.9595,-1,-1,-1
886,2182,730.28,965.31,68.2,110.97,0.9564,-1,-1,-1
886,2057,1344.8,249.05,34.67,63.92,0.9226,-1,-1,-1
886,2179,986.22,439.66,54.01,68.97,0.9211,-1,-1,-1
887,2180,555.24,776.45,67.65,151.67,0.9765,-1,-1,-1
887,2174,410.94,464.38,69.43,97.0,0.9755,-1,-1,-1
887,2070,1091.05,526.93,56.21,115.65,0.9751,-1,-1,-1
887,2046,1360.06,595.55,46.13,124.06,0.9744,-1,-1,-1
887,2168,737.99,500.1,51.29,102.09,0.9738,-1,-1,-1
887,2091,1111.13,427.72,50.89,95.1,0.9735,-1,-1,-1
887,2115,1710.31,561.78,48.09,129.4,0.9714,-1,-1,-1
887,2169,827.91,363.37,63.72,74.57,0.9698,-1,-1,-1
887,2161,1138.17,280.09,46.26,72.8,0.968,-1,-1,-1
887,2068,1849.19,428.06,69.74,98.35,0.9672,-1,-1,-1
887,2175,675.51,369.74,52.86,74.23,0.9641,-1,-1,-1
887,2052,1607.83,466.96,55.65,98.25,0.9628,-1,-1,-1
887,2079,768.06,287.34,45.55,61.32,0.9621,-1,-1,-1
887,2077,866.08,257.23,43.79,65.22,0.959,-1,-1,-1
887,2190,817.61,449.23,46.08,103.23,0.9526,-1,-1,-1
887,2179,1000.22,443.19,46.49,68.25,0.9515,-1,-1,-1
887,2057,1355.37,238.58,40.0,74.9,0.945,-1,-1,-1
887,2182,729.41,964.03,77.59,114.64,0.9182,-1,-1,-1
887,2171,985.21,427.96,30.49,67.01,0.7786,-1,-1,-1
888,2174,414.87,464.43,67.54,96.99,0.9783,-1,-1,-1
888,2180,559.71,776.44,69.55,149.71,0.9757,-1,-1,-1
888,2168,745.15,500.78,48.96,102.7,0.9742,-1,-1,-1
888,2115,1717.41,563.07,51.56,128.76,0.9738,-1,-1,-1
888,2070,1096.57,527.53,57.21,116.03,0.9737,-1,-1,-1
888,2091,1114.04,426.89,53.8,94.88,0.9715,-1,-1,-1
888,2161,1146.26,280.48,45.84,72.31,0.9703,-1,-1,-1
888,2169,834.51,364.17,63.86,74.05,0.9685,-1,-1,-1
888,2079,773.17,287.65,43.31,61.05,0.968,-1,-1,-1
888,2068,1860.22,429.5,59.78,98.19,0.9666,-1,-1,-1
888,2052,1615.98,467.23,56.44,100.71,0.9642,-1,-1,-1
888,2175,681.18,369.23,55.11,74.86,0.9626,-1,-1,-1
888,2046,1366.05,596.47,48.66,125.77,0.9623,-1,-1,-1
888,2057,1360.61,230.35,44.22,84.21,0.9574,-1,-1,-1
888,2077,872.33,257.05,41.17,65.09,0.9505,-1,-1,-1
888,2182,729.86,964.1,78.43,114.77,0.9269,-1,-1,-1
888,2190,824.11,449.03,44.73,104.36,0.9189,-1,-1,-1
888,2179,992.69,428.92,61.7,82.45,0.9105,-1,-1,-1
889,2070,1105.11,529.15,62.69,116.47,0.9769,-1,-1,-1
889,2046,1376.84,596.17,56.65,127.94,0.9745,-1,-1,-1
889,2115,1733.32,565.55,57.87,130.5,0.9732,-1,-1,-1
889,2180,570.93,778.58,67.89,139.1,0.9731,-1,-1,-1
889,2168,758.44,502.58,43.53,103.54,0.9717,-1,-1,-1
889,2174,423.46,464.57,60.94,97.03,0.9712,-1,-1,-1
889,2091,1121.2,425.91,58.28,94.69,0.9698,-1,-1,-1
889,2169,847.77,364.04,61.91,73.55,0.9693,-1,-1,-1
889,2161,1158.89,280.58,48.0,71.5,0.9687,-1,-1,-1
889,2052,1630.27,465.43,58.43,102.45,0.9673,-1,-1,-1
889,2079,781.56,287.89,40.38,58.73,0.9656,-1,-1,-1
889,2057,1376.75,231.88,46.23,81.92,0.9646,-1,-1,-1
889,2175,692.65,368.59,56.62,76.29,0.9593,-1,-1,-1
889,2182,732.09,965.01,76.43,112.74,0.9557,-1,-1,-1
889,2179,998.21,428.19,68.77,84.23,0.9503,-1,-1,-1
889,2190,837.56,449.93,43.21,105.33,0.9433,-1,-1,-1
889,2068,1885.15,430.94,34.85,99.14,0.9328,-1,-1,-1
889,2077,886.07,257.18,36.22,65.99,0.9315,-1,-1,-1
890,2046,1389.03,597.61,63.91,130.6,0.976,-1,-1,-1
890,2180,580.37,779.47,65.24,137.64,0.9753,-1,-1,-1
890,2115,1751.81,567.98,63.69,132.17,0.9738,-1,-1,-1
890,2174,432.35,462.92,51.17,99.0,0.973,-1,-1,-1
890,2070,1117.74,531.52,62.03,117.14,0.9719,-1,-1,-1
890,2161,1172.37,280.84,49.76,71.49,0.9717,-1,-1,-1
890,2091,1129.94,426.2,60.51,94.59,0.9712,-1,-1,-1
890,2052,1642.12,468.88,64.78,100.51,0.9711,-1,-1,-1
890,2168,772.1,507.22,43.24,102.38,0.971,-1,-1,-1
890,2079,790.08,287.97,44.24,60.1,0.9683,-1,-1,-1
890,2169,862.57,364.53,54.28,72.25,0.9638,-1,-1,-1
890,2175,704.87,367.84,53.61,77.89,0.9637,-1,-1,-1
890,2179,1004.51,431.09,75.54,79.53,0.9425,-1,-1,-1
890,2057,1389.48,237.92,50.19,75.74,0.9364,-1,-1,-1
890,2182,735.67,966.58,71.38,110.19,0.9212,-1,-1,-1
890,2077,897.6,257.68,32.45,67.15,0.901,-1,-1,-1
890,2190,851.7,453.44,40.45,103.42,0.8479,-1,-1,-1
891,2180,586.42,779.95,61.04,138.78,0.9752,-1,-1,-1
891,2115,1759.82,569.4,67.64,132.24,0.9751,-1,-1,-1
891,2070,1126.2,532.89,58.36,116.92,0.9727,-1,-1,-1
891,2168,779.39,508.62,43.2,102.07,0.9726,-1,-1,-1
891,2174,436.84,462.16,49.08,99.15,0.9725,-1,-1,-1
891,2046,1392.44,597.98,69.44,131.13,0.9715,-1,-1,-1
891,2091,1135.14,426.2,56.96,96.57,0.9682,-1,-1,-1
891,2169,867.95,364.39,52.97,72.67,0.968,-1,-1,-1
891,2161,1179.37,279.88,49.09,73.33,0.9669,-1,-1,-1
891,2175,712.29,367.02,50.41,79.02,0.9667,-1,-1,-1
891,2052,1648.85,470.14,63.85,100.92,0.9642,-1,-1,-1
891,2079,795.64,288.01,47.2,59.19,0.961,-1,-1,-1
891,2057,1396.11,242.78,51.05,70.14,0.9588,-1,-1,-1
891,2179,1015.31,436.39,64.24,73.72,0.9517,-1,-1,-1
891,2190,858.95,454.1,40.45,103.48,0.936,-1,-1,-1
891,2182,736.44,968.12,67.79,108.51,0.9228,-1,-1,-1
891,2077,904.58,257.54,30.0,65.86,0.9027,-1,-1,-1
891,2171,998.35,423.64,35.11,76.0,0.6374,-1,-1,-1
892,2115,1780.61,573.16,71.68,132.9,0.9762,-1,-1,-1
892,2174,447.46,460.49,52.23,100.24,0.9745,-1,-1,-1
892,2180,597.44,779.19,60.1,140.15,0.9744,-1,-1,-1
892,2046,1402.92,600.16,77.21,131.38,0.9728,-1,-1,-1
892,2070,1139.28,535.95,51.98,115.54,0.9705,-1,-1,-1
892,2091,1144.28,427.25,54.41,95.87,0.9703,-1,-1,-1
892,2161,1195.49,282.42,46.06,73.13,0.9698,-1,-1,-1
892,2052,1670.69,472.62,56.62,101.94,0.9691,-1,-1,-1
892,2175,725.39,365.69,43.25,80.35,0.9686,-1,-1,-1
892,2169,880.94,365.74,45.26,72.74,0.968,-1,-1,-1
892,2079,807.69,286.86,51.32,62.06,0.9644,-1,-1,-1
892,2057,1416.45,248.47,45.45,65.41,0.9473,-1,-1,-1
892,2168,792.68,513.96,47.41,98.8,0.9471,-1,-1,-1
892,2182,736.71,970.29,77.6,106.41,0.9336,-1,-1,-1
892,2077,916.29,257.19,34.25,67.11,0.9296,-1,-1,-1
892,2179,1026.38,439.75,53.24,66.45,0.9202,-1,-1,-1
892,2190,872.41,456.46,40.75,104.52,0.8817,-1,-1,-1
892,2171,1007.09,422.11,34.63,73.8,0.7374,-1,-1,-1
893,2115,1802.58,578.01,75.88,133.02,0.9763,-1,-1,-1
893,2046,1420.78,604.45,76.67,133.31,0.976,-1,-1,-1
893,2180,607.38,775.72,68.09,144.48,0.9759,-1,-1,-1
893,2168,805.18,518.75,53.04,98.31,0.9714,-1,-1,-1
893,2174,459.19,459.47,52.19,99.18,0.9706,-1,-1,-1
893,2070,1152.37,540.03,44.97,113.13,0.9701,-1,-1,-1
893,2169,891.72,365.87,50.74,73.11,0.9694,-1,-1,-1
893,2091,1152.56,429.32,49.56,93.78,0.9677,-1,-1,-1
893,2079,822.67,287.19,50.13,61.89,0.9673,-1,-1,-1
893,2175,738.53,366.72,39.6,77.9,0.9659,-1,-1,-1
893,2161,1210.94,281.82,40.46,73.67,0.9593,-1,-1,-1
893,2077,928.51,254.66,39.7,68.84,0.9548,-1,-1,-1
893,2182,737.35,971.45,69.02,105.98,0.9533,-1,-1,-1
893,2052,1690.33,475.27,43.07,101.34,0.9485,-1,-1,-1
893,2190,885.31,460.82,45.16,104.65,0.9333,-1,-1,-1
893,2057,1437.29,250.69,36.53,63.84,0.9221,-1,-1,-1
893,2171,1014.33,424.26,32.17,73.66,0.8958,-1,-1,-1
893,2179,1034.41,437.49,41.17,70.6,0.8748,-1,-1,-1
894,2046,1435.61,607.04,71.29,131.8,0.9797,-1,-1,-1
894,2115,1818.14,579.78,71.83,132.09,0.9757,-1,-1,-1
894,2180,613.99,774.46,70.76,146.23,0.9715,-1,-1,-1
894,2174,464.44,458.76,52.38,99.3,0.9714,-1,-1,-1
894,2091,1156.63,428.85,48.59,94.27,0.9712,-1,-1,-1
894,2070,1159.55,540.51,41.63,113.31,0.9682,-1,-1,-1
894,2168,811.1,520.46,55.89,98.39,0.9667,-1,-1,-1
894,2175,746.05,367.55,38.93,75.74,0.9666,-1,-1,-1
894,2079,828.86,287.07,50.09,61.69,0.9642,-1,-1,-1
894,2169,895.46,366.68,56.65,71.73,0.9638,-1,-1,-1
894,2052,1695.57,476.29,44.47,100.08,0.9638,-1,-1,-1
894,2077,935.63,255.16,41.06,68.22,0.96,-1,-1,-1
894,2182,738.97,970.79,63.81,106.7,0.9552,-1,-1,-1
894,2161,1218.04,282.23,38.76,73.63,0.9534,-1,-1,-1
894,2179,1039.16,435.75,42.55,70.85,0.9284,-1,-1,-1
894,2190,893.01,463.27,47.39,102.78,0.9216,-1,-1,-1
894,2057,1446.45,251.79,32.69,62.33,0.9043,-1,-1,-1
894,2171,1016.34,422.25,32.71,74.18,0.9017,-1,-1,-1
895,2180,625.88,771.33,75.22,147.19,0.9742,-1,-1,-1
895,2115,1845.71,584.24,69.66,130.94,0.9732,-1,-1,-1
895,2070,1172.29,540.83,44.08,113.53,0.9725,-1,-1,-1
895,2091,1166.15,427.61,55.22,96.9,0.9725,-1,-1,-1
895,2174,476.96,459.33,50.41,99.32,0.9708,-1,-1,-1
895,2168,822.15,525.13,65.84,95.14,0.9705,-1,-1,-1
895,2175,762.34,367.23,41.07,77.37,0.9687,-1,-1,-1
895,2182,742.72,965.7,63.81,112.1,0.9685,-1,-1,-1
895,2046,1455.99,611.37,64.75,129.89,0.9683,-1,-1,-1
895,2079,841.35,286.9,48.36,63.5,0.9645,-1,-1,-1
895,2169,905.99,366.54,66.26,71.76,0.9625,-1,-1,-1
895,2052,1712.73,477.53,46.42,102.2,0.9618,-1,-1,-1
895,2077,948.28,254.53,44.56,66.88,0.9576,-1,-1,-1
895,2161,1231.93,281.67,36.82,73.68,0.9547,-1,-1,-1
895,2190,904.66,468.95,56.27,99.41,0.9546,-1,-1,-1
895,2179,1030.09,422.07,70.02,87.81,0.924,-1,-1,-1
895,2057,1465.89,252.66,31.17,62.13,0.8925,-1,-1,-1
896,2168,836.17,525.28,71.23,96.07,0.9771,-1,-1,-1
896,2180,638.43,768.74,76.05,149.25,0.976,-1,-1,-1
896,2046,1474.69,614.22,57.81,128.97,0.9734,-1,-1,-1
896,2070,1185.42,538.84,53.41,116.83,0.9716,-1,-1,-1
896,2174,490.73,459.69,43.94,99.16,0.9712,-1,-1,-1
896,2091,1179.06,424.94,61.87,99.21,0.971,-1,-1,-1
896,2052,1733.33,476.39,54.33,104.98,0.9692,-1,-1,-1
896,2161,1247.93,280.89,42.35,75.28,0.9681,-1,-1,-1
896,2190,919.52,472.05,63.18,98.72,0.9679,-1,-1,-1
896,2182,744.48,960.73,66.57,117.43,0.966,-1,-1,-1
896,2169,919.16,364.43,67.11,73.78,0.965,-1,-1,-1
896,2115,1871.48,586.83,48.51,130.17,0.9636,-1,-1,-1
896,2079,855.66,287.84,42.6,62.36,0.9632,-1,-1,-1
896,2175,779.23,367.77,43.49,75.29,0.9628,-1,-1,-1
896,2077,962.28,252.5,46.95,67.11,0.9592,-1,-1,-1
896,2179,1050.64,432.26,61.58,74.27,0.9357,-1,-1,-1
896,2057,1482.66,251.3,35.11,63.7,0.8885,-1,-1,-1
896,2171,1032.33,419.91,31.89,64.69,0.8333,-1,-1,-1
897,2180,643.05,767.19,75.4,147.41,0.9748,-1,-1,-1
897,2052,1739.2,476.42,62.4,105.93,0.974,-1,-1,-1
897,2182,746.72,957.93,72.15,121.1,0.9728,-1,-1,-1
897,2091,1185.32,424.54,63.06,97.17,0.9714,-1,-1,-1
897,2174,497.67,460.72,40.06,98.34,0.9702,-1,-1,-1
897,2070,1192.82,538.76,57.37,117.86,0.9697,-1,-1,-1
897,2161,1255.42,280.11,47.23,75.21,0.9662,-1,-1,-1
897,2175,789.84,367.37,44.88,75.84,0.9658,-1,-1,-1
897,2046,1484.94,615.16,51.87,130.2,0.9656,-1,-1,-1
897,2168,839.52,526.25,75.81,95.3,0.965,-1,-1,-1
897,2169,927.38,364.58,65.3,71.55,0.9619,-1,-1,-1
897,2190,926.65,474.39,68.14,97.87,0.9616,-1,-1,-1
897,2077,971.39,252.19,47.29,66.81,0.9579,-1,-1,-1
897,2179,1056.29,431.92,62.85,72.14,0.9578,-1,-1,-1
897,2079,862.98,286.65,38.7,62.79,0.9488,-1,-1,-1
897,2057,1492.15,247.79,36.71,65.8,0.9231,-1,-1,-1
897,2171,1033.77,420.45,35.87,70.23,0.9096,-1,-1,-1
897,2115,1889.07,588.83,30.93,129.41,0.8025,-1,-1,-1
898,2180,654.98,766.4,75.19,141.41,0.9798,-1,-1,-1
898,2168,842.71,528.11,88.05,98.69,0.9771,-1,-1,-1
898,2091,1199.64,423.62,66.19,95.34,0.9732,-1,-1,-1
898,2182,751.54,956.13,78.86,123.46,0.9715,-1,-1,-1
898,2046,1504.16,616.44,45.43,131.39,0.9714,-1,-1,-1
898,2190,944.69,476.44,71.72,96.87,0.9713,-1,-1,-1
898,2052,1759.53,474.44,65.9,107.21,0.971,-1,-1,-1
898,2070,1208.03,536.85,62.58,119.65,0.9702,-1,-1,-1
898,2174,513.16,461.51,39.38,97.79,0.9676,-1,-1,-1
898,2161,1273.74,277.85,50.51,76.96,0.9663,-1,-1,-1
898,2175,804.78,365.81,51.28,78.11,0.964,-1,-1,-1
898,2169,941.31,363.69,60.93,70.17,0.957,-1,-1,-1
898,2171,1042.33,419.6,34.91,74.4,0.9489,-1,-1,-1
898,2179,1066.48,431.47,53.14,67.78,0.9406,-1,-1,-1
898,2077,991.59,251.23,40.8,67.44,0.9355,-1,-1,-1
898,2079,877.51,287.06,33.58,60.8,0.9241,-1,-1,-1
898,2057,1512.62,244.55,41.15,68.45,0.9236,-1,-1,-1
899,2168,852.49,530.95,85.34,100.9,0.9801,-1,-1,-1
899,2180,667.33,765.07,72.2,142.43,0.9789,-1,-1,-1
899,2174,526.81,461.85,44.42,97.75,0.973,-1,-1,-1
899,2070,1219.91,536.89,73.0,119.17,0.9722,-1,-1,-1
899,2052,1783.46,473.85,71.85,105.66,0.9722,-1,-1,-1
899,2046,1522.53,616.35,46.78,133.81,0.9717,-1,-1,-1
899,2091,1212.9,422.21,66.26,95.36,0.9702,-1,-1,-1
899,2182,757.48,954.18,79.38,124.91,0.9671,-1,-1,-1
899,2175,820.52,363.82,57.37,78.55,0.9651,-1,-1,-1
899,2161,1292.4,276.82,52.9,76.89,0.9639,-1,-1,-1
899,2171,1050.57,418.63,44.32,73.28,0.9589,-1,-1,-1
899,2190,959.93,478.1,73.26,94.77,0.9558,-1,-1,-1
899,2169,955.54,362.07,53.2,70.92,0.9543,-1,-1,-1
899,2057,1533.05,243.05,47.61,70.3,0.9485,-1,-1,-1
899,2079,891.43,286.88,39.18,59.72,0.9329,-1,-1,-1
899,2077,1004.99,249.77,42.68,68.56,0.9316,-1,-1,-1
899,2179,1082.05,429.69,31.99,67.96,0.9209,-1,-1,-1
900,2052,1795.89,474.52,72.17,104.68,0.9763,-1,-1,-1
900,2190,967.03,477.67,74.57,96.51,0.9742,-1,-1,-1
900,2180,671.41,766.53,72.45,143.33,0.973,-1,-1,-1
900,2174,533.02,461.54,47.81,97.97,0.9715,-1,-1,-1
900,2070,1227.84,535.95,74.88,121.95,0.9698,-1,-1,-1
900,2091,1221.99,422.39,63.76,96.58,0.9685,-1,-1,-1
900,2046,1528.86,615.13,56.26,135.84,0.9681,-1,-1,-1
900,2175,829.03,362.1,59.86,80.72,0.9678,-1,-1,-1
900,2171,1055.59,417.58,41.19,73.31,0.9665,-1,-1,-1
900,2168,860.82,530.86,79.44,101.64,0.9663,-1,-1,-1
900,2169,963.75,361.98,49.43,71.29,0.9651,-1,-1,-1
900,2161,1299.75,276.58,56.4,76.89,0.964,-1,-1,-1
900,2057,1542.01,241.78,50.72,70.07,0.955,-1,-1,-1
900,2182,761.26,953.26,79.69,125.77,0.9364,-1,-1,-1
900,2079,898.15,284.84,41.04,61.58,0.9329,-1,-1,-1
900,2077,1014.92,249.62,38.25,67.54,0.9246,-1,-1,-1
900,2179,1086.44,428.87,33.88,67.59,0.9229,-1,-1,-1
