track_id,label,frame,outside,occluded,xtl,ytl,xbr,ybr,jersey_number
0,player,7,0,0,532.34,708.94,598.62,865.02,26
0,player,8,0,0,532.17,710.26,598.45,866.34,26
0,player,9,0,0,532.01,711.58,598.29,867.66,26
0,player,10,0,0,531.85,712.89,598.13,868.97,26
0,player,11,0,0,531.68,714.21,597.96,870.29,26
0,player,12,0,0,531.52,715.52,597.80,871.60,26
0,player,13,0,0,531.35,716.84,597.63,872.92,26
0,player,14,0,0,531.19,718.15,597.47,874.23,26
0,player,15,0,0,531.02,719.47,597.30,875.55,26
0,player,16,0,0,530.86,720.79,597.14,876.87,26
0,player,17,0,0,530.69,722.10,596.97,878.18,26
0,player,18,0,0,530.53,723.42,596.81,879.50,26
0,player,19,0,0,530.36,724.73,596.64,880.81,26
0,player,20,0,0,530.20,726.05,596.48,882.13,26
0,player,21,0,0,527.67,727.54,594.67,884.33,26
0,player,22,0,0,525.15,729.03,592.85,886.53,26
0,player,23,0,0,522.62,730.52,591.04,888.74,26
0,player,24,0,0,520.09,732.01,589.22,890.94,26
0,player,25,0,0,517.56,733.50,587.41,893.14,26
0,player,26,0,0,515.04,734.99,585.59,895.34,26
0,player,27,0,0,512.51,736.48,583.78,897.54,26
0,player,28,0,0,509.98,737.97,581.96,899.75,26
0,player,29,0,0,507.45,739.46,580.15,901.95,26
0,player,30,0,0,504.93,740.95,578.33,904.15,26
0,player,31,0,0,502.40,742.44,576.52,906.35,26
0,player,32,0,0,499.87,743.93,574.71,908.55,26
0,player,33,0,0,497.35,745.42,572.89,910.76,26
0,player,34,0,0,494.82,746.91,571.08,912.96,26
0,player,35,0,0,492.29,748.40,569.26,915.16,26
0,player,36,0,0,489.76,749.89,567.45,917.36,26
0,player,37,0,0,487.24,751.38,565.63,919.57,26
0,player,38,0,0,484.71,752.87,563.82,921.77,26
0,player,39,0,0,482.18,754.36,562.00,923.97,26
0,player,40,0,0,479.65,755.85,560.19,926.17,26
0,player,41,0,0,477.13,757.34,558.37,928.37,26
0,player,42,0,0,474.60,758.83,556.56,930.58,26
0,player,43,0,0,472.07,760.32,554.75,932.78,26
0,player,44,0,0,469.55,761.81,552.93,934.98,26
0,player,45,0,0,467.02,763.30,551.12,937.18,26
0,player,46,0,0,464.49,764.79,549.30,939.38,26
0,player,47,0,0,461.96,766.28,547.49,941.59,26
0,player,48,0,0,459.44,767.77,545.67,943.79,26
0,player,49,0,0,456.91,769.26,543.86,945.99,26
0,player,50,0,0,454.38,770.75,542.04,948.19,26
0,player,51,0,0,451.85,772.24,540.23,950.40,26
0,player,52,0,0,449.33,773.73,538.41,952.60,26
0,player,53,0,0,446.80,775.22,536.60,954.80,26
0,player,54,0,0,446.51,776.08,536.31,955.66,26
0,player,55,0,0,446.23,776.93,536.03,956.51,26
0,player,56,0,0,445.94,777.79,535.74,957.37,26
0,player,57,0,0,445.66,778.64,535.46,958.22,26
0,player,58,0,0,445.37,779.50,535.17,959.08,26
0,player,59,0,0,445.09,780.36,534.89,959.93,26
0,player,60,0,0,444.80,781.21,534.60,960.79,26
0,player,61,0,0,444.52,782.07,534.32,961.64,26
0,player,62,0,0,444.23,782.92,534.03,962.50,26
0,player,63,0,0,443.95,783.78,533.75,963.35,26
0,player,64,0,0,443.66,784.63,533.46,964.21,26
0,player,65,0,0,443.38,785.49,533.18,965.06,26
0,player,66,0,0,443.09,786.34,532.89,965.92,26
0,player,67,0,0,442.81,787.20,532.61,966.77,26
0,player,68,0,0,442.52,788.05,532.32,967.63,26
0,player,69,0,0,440.92,789.12,530.72,968.70,26
0,player,70,0,0,439.32,790.19,529.12,969.77,26
0,player,71,0,0,437.71,791.26,527.51,970.84,26
0,player,72,0,0,436.11,792.33,525.91,971.91,26
0,player,73,0,0,435.57,792.15,525.38,972.26,26
0,player,74,0,0,435.04,791.98,524.84,972.62,26
0,player,75,0,0,434.51,791.80,524.31,972.97,26
0,player,76,0,0,433.97,791.62,523.77,973.33,26
0,player,77,0,0,433.44,791.44,523.24,973.69,26
0,player,78,0,0,432.90,791.27,522.70,974.04,26
0,player,79,0,0,432.37,791.09,522.17,974.40,26
0,player,80,0,0,431.83,790.91,521.63,974.76,26
0,player,81,0,0,431.30,790.74,521.10,975.11,26
0,player,82,0,0,430.76,790.56,520.56,975.47,26
0,player,83,0,0,430.23,790.38,520.03,975.83,26
0,player,84,0,0,429.70,790.21,519.50,976.18,26
0,player,85,0,0,429.16,790.03,518.96,976.54,26
0,player,86,0,0,428.63,789.85,518.43,976.89,26
0,player,87,0,0,428.09,789.67,517.89,977.25,26
0,player,88,0,0,427.56,789.50,517.36,977.61,26
0,player,89,0,0,427.02,789.32,516.82,977.96,26
0,player,90,0,0,426.49,789.14,516.29,978.32,26
0,player,91,0,0,425.95,788.97,515.75,978.68,26
0,player,92,0,0,425.42,788.79,515.22,979.03,26
0,player,93,0,0,424.88,788.61,514.68,979.39,26
0,player,94,0,0,424.35,788.44,514.15,979.74,26
0,player,95,0,0,423.82,788.26,513.62,980.10,26
0,player,96,0,0,423.28,788.08,513.08,980.46,26
0,player,97,0,0,424.50,784.11,514.30,976.49,26
0,player,98,0,0,425.72,780.14,515.53,972.52,26
0,player,99,0,0,426.95,776.17,516.75,968.55,26
0,player,100,0,0,428.17,772.20,517.97,964.57,26
0,player,101,0,0,429.39,768.23,519.19,960.60,26
0,player,102,0,0,430.61,764.26,520.41,956.63,26
0,player,103,0,0,431.83,760.29,521.63,952.66,26
0,player,104,0,0,433.73,756.49,523.53,948.86,26
0,player,105,0,0,435.63,752.68,525.44,945.06,26
0,player,106,0,0,437.54,748.88,527.34,941.26,26
0,player,107,0,0,439.44,745.08,529.24,937.46,26
0,player,108,0,0,441.34,741.28,531.14,933.66,26
0,player,109,0,0,443.24,737.48,533.04,929.86,26
0,player,110,0,0,445.14,733.68,534.94,926.06,26
0,player,111,0,0,447.04,729.88,536.84,922.25,26
0,player,112,0,0,448.94,726.08,538.74,918.45,26
0,player,113,0,0,450.71,722.62,540.51,915.00,26
0,player,114,0,0,452.49,719.16,542.29,911.54,26
0,player,115,0,0,454.26,715.71,544.06,908.08,26
0,player,116,0,0,456.04,712.25,545.84,904.62,26
0,player,117,0,0,457.81,708.79,547.61,901.17,26
0,player,118,0,0,459.58,705.33,549.38,897.71,26
0,player,119,0,0,461.36,701.88,551.16,894.25,26
0,player,120,0,0,463.13,698.42,552.93,890.79,26
0,player,121,0,0,464.91,694.96,554.71,887.34,26
0,player,122,0,0,466.68,691.50,556.48,883.88,26
0,player,123,0,0,468.45,688.05,558.25,880.42,26
0,player,124,0,0,470.23,684.59,560.03,876.97,26
0,player,125,0,0,472.00,681.13,561.80,873.51,26
0,player,126,0,0,473.78,677.67,563.58,870.05,26
0,player,127,0,0,475.55,674.22,565.35,866.59,26
0,player,128,0,0,477.32,670.76,567.12,863.14,26
0,player,129,0,0,479.10,667.30,568.90,859.68,26
0,player,130,0,0,480.87,663.85,570.67,856.22,26
0,player,131,0,0,482.65,660.39,572.45,852.76,26
0,player,132,0,0,484.42,656.93,574.22,849.31,26
0,player,133,0,0,486.20,653.47,576.00,845.85,26
0,player,134,0,0,487.97,650.02,577.77,842.39,26
0,player,135,0,0,489.74,646.56,579.54,838.94,26
0,player,136,0,0,491.52,643.10,581.32,835.48,26
0,player,137,0,0,493.29,639.64,583.09,832.02,26
0,player,138,0,0,495.07,636.19,584.87,828.56,26
0,player,139,0,0,496.84,632.73,586.64,825.11,26
0,player,140,0,0,498.61,629.27,588.41,821.65,26
0,player,141,0,0,500.39,625.81,590.19,818.19,26
0,player,142,0,0,502.16,622.36,591.96,814.73,26
0,player,143,0,0,503.94,618.90,593.74,811.28,26
0,player,144,0,0,505.71,615.44,595.51,807.82,26
0,player,145,0,0,507.49,611.99,597.29,804.36,26
0,player,146,0,0,509.26,608.53,599.06,800.90,26
0,player,147,0,0,511.03,605.07,600.83,797.45,26
0,player,148,0,0,512.81,601.61,602.61,793.99,26
0,player,149,0,0,514.58,598.16,604.38,790.53,26
0,player,150,0,0,516.36,594.70,606.16,787.08,26
0,player,151,0,0,518.13,591.24,607.93,783.62,26
0,player,152,0,0,519.90,587.78,609.70,780.16,26
0,player,153,0,0,521.68,584.33,611.48,776.70,26
0,player,154,0,0,523.45,580.87,613.25,773.25,26
0,player,155,0,0,525.23,577.41,615.03,769.79,26
0,player,156,0,0,527.00,573.95,616.80,766.33,26
0,player,157,0,0,528.77,570.50,618.58,762.87,26
0,player,158,0,0,530.55,567.04,620.35,759.42,26
0,player,159,0,0,532.32,563.58,622.12,755.96,26
0,player,160,0,0,531.40,562.08,621.14,753.82,26
0,player,161,0,0,530.47,560.58,620.16,751.68,26
0,player,162,0,0,529.55,559.08,619.18,749.54,26
0,player,163,0,0,528.62,557.57,618.20,747.40,26
0,player,164,0,0,527.70,556.07,617.21,745.26,26
0,player,165,0,0,526.78,554.57,616.23,743.12,26
0,player,166,0,0,525.85,553.07,615.25,740.98,26
0,player,167,0,0,524.93,551.56,614.27,738.84,26
0,player,168,0,0,524.00,550.06,613.29,736.70,26
0,player,169,0,0,523.08,548.56,612.31,734.56,26
0,player,170,0,0,522.15,547.06,611.32,732.43,26
0,player,171,0,0,521.23,545.55,610.34,730.29,26
0,player,172,0,0,520.30,544.05,609.36,728.15,26
0,player,173,0,0,519.38,542.55,608.38,726.01,26
0,player,174,0,0,518.45,541.05,607.40,723.87,26
0,player,175,0,0,517.53,539.54,606.42,721.73,26
0,player,176,0,0,516.61,538.04,605.43,719.59,26
0,player,177,0,0,515.68,536.54,604.45,717.45,26
0,player,178,0,0,514.76,535.04,603.47,715.31,26
0,player,179,0,0,513.83,533.53,602.49,713.17,26
0,player,180,0,0,512.91,532.03,601.51,711.03,26
0,player,181,0,0,511.98,530.53,600.53,708.89,26
0,player,182,0,0,511.06,529.03,599.54,706.75,26
0,player,183,0,0,510.13,527.52,598.56,704.61,26
0,player,184,0,0,509.21,526.02,597.58,702.47,26
0,player,185,0,0,508.28,524.52,596.60,700.33,26
0,player,186,0,0,507.36,523.02,595.62,698.19,26
0,player,187,0,0,506.43,521.52,594.64,696.05,26
0,player,188,0,0,505.51,520.01,593.65,693.92,26
0,player,189,0,0,504.59,518.51,592.67,691.78,26
0,player,190,0,0,503.66,517.01,591.69,689.64,26
0,player,191,0,0,502.74,515.51,590.71,687.50,26
0,player,192,0,0,501.81,514.00,589.73,685.36,26
0,player,193,0,0,500.89,512.50,588.75,683.22,26
0,player,194,0,0,499.96,511.00,587.76,681.08,26
0,player,195,0,0,499.04,509.50,586.78,678.94,26
0,player,196,0,0,498.11,507.99,585.80,676.80,26
0,player,197,0,0,497.28,507.76,584.37,675.85,26
0,player,198,0,0,496.45,507.52,582.95,674.90,26
0,player,199,0,0,495.61,507.28,581.52,673.95,26
0,player,200,0,0,494.78,507.04,580.10,673.00,26
0,player,201,0,0,493.94,506.81,578.67,672.05,26
0,player,202,0,0,493.11,506.57,577.25,671.10,26
0,player,203,0,0,492.27,506.33,575.82,670.15,26
0,player,204,0,0,491.44,506.09,574.40,669.20,26
0,player,205,0,0,490.61,505.86,572.97,668.25,26
0,player,206,0,0,489.77,505.62,571.55,667.30,26
0,player,207,0,0,488.94,505.38,570.12,666.35,26
0,player,208,0,0,488.10,505.14,568.70,665.40,26
0,player,209,0,0,487.27,504.91,567.27,664.45,26
0,player,210,0,0,486.44,504.67,565.84,663.50,26
0,player,211,0,0,485.60,504.43,564.42,662.55,26
0,player,212,0,0,484.77,504.19,562.99,661.60,26
0,player,213,0,0,483.93,503.96,561.57,660.65,26
0,player,214,0,0,483.10,503.72,560.14,659.70,26
0,player,215,0,0,484.08,505.50,561.12,661.48,26
0,player,216,0,0,485.06,507.28,562.10,663.26,26
0,player,217,0,0,486.04,509.06,563.08,665.05,26
0,player,218,0,0,487.02,510.84,564.06,666.83,26
0,player,219,0,0,488.00,512.63,565.04,668.61,26
0,player,220,0,0,488.98,514.41,566.02,670.39,26
0,player,221,0,0,489.96,516.19,567.00,672.17,26
0,player,222,0,0,490.94,517.97,567.98,673.95,26
0,player,223,0,0,491.92,519.75,568.96,675.74,26
0,player,224,0,0,492.90,521.54,569.94,677.52,26
0,player,225,0,0,493.88,523.32,570.92,679.30,26
0,player,226,0,0,494.86,525.10,571.90,681.08,26
0,player,227,0,0,495.84,526.88,572.88,682.86,26
0,player,228,0,0,496.82,528.66,573.86,684.64,26
0,player,229,0,0,497.80,530.44,574.84,686.43,26
0,player,230,0,0,498.78,532.23,575.82,688.21,26
0,player,231,0,0,499.76,534.01,576.80,689.99,26
0,player,232,0,0,500.74,535.79,577.78,691.77,26
0,player,233,0,0,501.72,537.57,578.76,693.55,26
0,player,234,0,0,502.70,539.35,579.74,695.33,26
0,player,235,0,0,503.68,541.13,580.72,697.12,26
0,player,236,0,0,504.66,542.92,581.70,698.90,26
0,player,237,0,0,505.64,544.70,582.68,700.68,26
0,player,238,0,0,506.62,546.48,583.66,702.46,26
0,player,239,0,0,508.97,547.33,586.01,703.32,26
0,player,240,0,0,511.32,548.19,588.37,704.17,26
0,player,241,0,0,513.67,549.05,590.72,705.03,26
0,player,242,0,0,516.03,549.90,593.07,705.88,26
0,player,243,0,0,518.38,550.76,595.42,706.74,26
0,player,244,0,0,520.73,551.61,597.77,707.59,26
0,player,245,0,0,523.08,552.47,600.12,708.45,26
0,player,246,0,0,525.43,553.32,602.48,709.30,26
0,player,247,0,0,527.79,554.18,604.83,710.16,26
0,player,248,0,0,530.14,555.03,607.18,711.01,26
0,player,249,0,0,532.75,556.46,609.79,712.44,26
0,player,250,0,0,535.36,557.88,612.41,713.87,26
0,player,251,0,0,537.98,559.31,615.02,715.29,26
0,player,252,0,0,540.59,560.73,617.63,716.72,26
0,player,253,0,0,543.20,562.16,620.25,718.14,26
0,player,254,0,0,545.82,563.58,622.86,719.57,26
0,player,255,0,0,548.43,565.01,625.47,720.99,26
0,player,256,0,0,551.04,566.44,628.09,722.42,26
0,player,257,0,0,553.66,567.86,630.70,723.84,26
0,player,258,0,0,555.79,570.53,632.84,726.52,26
0,player,259,0,0,557.93,573.21,634.97,729.19,26
0,player,260,0,0,560.07,575.88,637.11,731.86,26
0,player,261,0,0,562.21,578.55,639.25,734.53,26
0,player,262,0,0,570.76,580.69,647.80,736.67,26
0,player,263,0,0,579.31,582.83,656.36,738.81,26
0,player,264,0,0,584.81,584.05,661.85,740.03,26
0,player,265,0,0,590.31,585.27,667.35,741.25,26
0,player,266,0,0,595.81,586.49,672.85,742.47,26
0,player,267,0,0,601.31,587.71,678.35,743.70,26
0,player,268,0,0,606.80,588.94,683.85,744.92,26
0,player,269,0,0,612.30,590.16,689.34,746.14,26
0,player,270,0,0,617.80,591.38,694.84,747.36,26
0,player,271,0,0,626.78,591.81,703.82,747.79,26
0,player,272,0,0,635.76,592.23,712.80,748.22,26
0,player,273,0,0,644.74,592.66,721.78,748.64,26
0,player,274,0,0,653.72,593.09,730.76,749.07,26
0,player,275,0,0,662.70,593.52,739.74,749.50,26
0,player,276,0,0,673.39,593.25,750.43,749.23,26
0,player,277,0,0,684.08,592.98,761.12,748.97,26
0,player,278,0,0,694.77,592.72,771.81,748.70,26
0,player,279,0,0,705.46,592.45,782.50,748.43,26
0,player,280,0,0,716.15,592.18,793.19,748.16,26
0,player,281,0,0,726.84,591.91,803.88,747.90,26
0,player,282,0,0,737.53,591.65,814.57,747.63,26
0,player,283,0,0,748.22,591.38,825.26,747.36,26
0,player,284,0,0,767.46,592.45,844.51,748.43,26
0,player,285,0,0,786.71,593.52,863.75,749.50,26
0,player,286,0,0,796.33,591.81,873.37,747.79,26
0,player,287,0,0,805.95,590.10,882.99,746.08,26
0,player,288,0,0,815.57,588.39,892.61,744.37,26
0,player,289,0,0,825.19,586.68,902.24,742.66,26
0,player,290,0,0,834.81,584.97,911.86,740.95,26
0,player,291,0,0,844.44,583.25,921.48,739.24,26
0,player,292,0,0,854.06,581.54,931.10,737.53,26
0,player,293,0,0,863.68,579.83,940.72,735.82,26
0,player,294,0,0,873.30,578.12,950.34,734.11,26
0,player,295,0,0,882.92,576.41,959.96,732.40,26
0,player,296,0,0,888.43,573.78,965.47,729.76,26
0,player,297,0,0,893.94,571.15,970.98,727.13,26
0,player,298,0,0,899.45,568.52,976.49,724.50,26
0,player,299,0,0,904.96,565.89,982.00,721.87,26
0,player,300,0,0,910.47,563.26,987.51,719.24,26
0,player,301,0,0,915.98,560.62,993.02,716.61,26
0,player,302,0,0,921.49,557.99,998.53,713.97,26
0,player,303,0,0,927.00,555.36,1004.04,711.34,26
0,player,304,0,0,932.51,552.73,1009.55,708.71,26
0,player,305,0,0,938.02,550.10,1015.06,706.08,26
0,player,306,0,0,943.53,547.47,1020.57,703.45,26
0,player,307,0,0,949.04,544.84,1026.08,700.82,26
0,player,308,0,0,954.55,542.20,1031.59,698.19,26
0,player,309,0,0,960.06,539.57,1037.10,695.55,26
0,player,310,0,0,965.57,536.94,1042.61,692.92,26
0,player,311,0,0,971.08,534.31,1048.12,690.29,26
0,player,312,0,0,976.59,531.68,1053.63,687.66,26
0,player,313,0,0,982.10,529.05,1059.14,685.03,26
0,player,314,0,0,987.61,526.41,1064.65,682.40,26
0,player,315,0,0,993.11,523.78,1070.16,679.77,26
0,player,316,0,0,998.62,521.15,1075.67,677.13,26
0,player,317,0,0,1004.13,518.52,1081.18,674.50,26
0,player,318,0,0,1009.64,515.89,1086.69,671.87,26
0,player,319,0,0,1015.15,513.26,1092.20,669.24,26
0,player,320,0,0,1020.66,510.63,1097.71,666.61,26
0,player,321,0,0,1026.17,507.99,1103.22,663.98,26
0,player,322,0,0,1022.67,508.18,1099.72,664.17,26
0,player,323,0,0,1019.17,508.37,1096.21,664.35,26
0,player,324,0,0,1015.67,508.56,1092.71,664.54,26
0,player,325,0,0,1012.17,508.75,1089.21,664.73,26
0,player,326,0,0,1008.67,508.94,1085.71,664.92,26
0,player,327,0,0,1005.17,509.13,1082.21,665.11,26
0,player,328,0,0,1001.67,509.32,1078.71,665.30,26
0,player,329,0,0,998.17,509.51,1075.21,665.49,26
0,player,330,0,0,994.67,509.70,1071.71,665.68,26
0,player,331,0,0,991.17,509.89,1068.21,665.87,26
0,player,332,0,0,987.67,510.08,1064.71,666.06,26
0,player,333,0,0,984.17,510.26,1061.21,666.25,26
0,player,334,0,0,980.67,510.45,1057.71,666.44,26
0,player,335,0,0,977.17,510.64,1054.21,666.63,26
0,player,336,0,0,973.67,510.83,1050.71,666.81,26
0,player,337,0,0,970.17,511.02,1047.21,667.00,26
0,player,338,0,0,966.67,511.21,1043.71,667.19,26
0,player,339,0,0,963.17,511.40,1040.21,667.38,26
0,player,340,0,0,959.67,511.59,1036.71,667.57,26
0,player,341,0,0,956.16,511.78,1033.21,667.76,26
0,player,342,0,0,952.66,511.97,1029.71,667.95,26
0,player,343,0,0,949.16,512.16,1026.21,668.14,26
0,player,344,0,0,945.66,512.35,1022.71,668.33,26
0,player,345,0,0,942.16,512.54,1019.21,668.52,26
0,player,346,0,0,938.66,512.72,1015.71,668.71,26
0,player,347,0,0,935.16,512.91,1012.21,668.90,26
0,player,348,0,0,931.66,513.10,1008.70,669.09,26
0,player,349,0,0,928.16,513.29,1005.20,669.27,26
0,player,350,0,0,924.66,513.48,1001.70,669.46,26
0,player,351,0,0,921.16,513.67,998.20,669.65,26
0,player,352,0,0,917.66,513.86,994.70,669.84,26
0,player,353,0,0,914.16,514.05,991.20,670.03,26
0,player,354,0,0,910.66,514.24,987.70,670.22,26
0,player,355,0,0,907.16,514.43,984.20,670.41,26
0,player,356,0,0,903.66,514.62,980.70,670.60,26
0,player,357,0,0,900.16,514.81,977.20,670.79,26
0,player,358,0,0,896.66,514.99,973.70,670.98,26
0,player,359,0,0,893.16,515.18,970.20,671.17,26
0,player,360,0,0,889.66,515.37,966.70,671.36,26
0,player,361,0,0,886.16,515.56,963.20,671.54,26
0,player,362,0,0,882.66,515.75,959.70,671.73,26
0,player,363,0,0,879.16,515.94,956.20,671.92,26
0,player,364,0,0,875.66,516.13,952.70,672.11,26
0,player,365,0,0,872.15,516.32,949.20,672.30,26
0,player,366,0,0,868.65,516.51,945.70,672.49,26
0,player,367,0,0,865.15,516.70,942.20,672.68,26
0,player,368,0,0,861.65,516.89,938.70,672.87,26
0,player,369,0,0,858.15,517.08,935.20,673.06,26
0,player,370,0,0,854.65,517.27,931.70,673.25,26
0,player,371,0,0,851.15,517.45,928.20,673.44,26
0,player,372,0,0,847.65,517.64,924.69,673.63,26
0,player,373,0,0,844.15,517.83,921.19,673.82,26
0,player,374,0,0,840.65,518.02,917.69,674.00,26
0,player,375,0,0,837.15,518.21,914.19,674.19,26
0,player,376,0,0,833.65,518.40,910.69,674.38,26
0,player,377,0,0,830.15,518.59,907.19,674.57,26
0,player,378,0,0,826.65,518.78,903.69,674.76,26
0,player,379,0,0,823.15,518.97,900.19,674.95,26
0,player,380,0,0,819.65,519.16,896.69,675.14,26
0,player,381,0,0,816.15,519.35,893.19,675.33,26
0,player,382,0,0,812.65,519.54,889.69,675.52,26
0,player,383,0,0,809.15,519.73,886.19,675.71,26
0,player,384,0,0,805.65,519.91,882.69,675.90,26
0,player,385,0,0,802.15,520.10,879.19,676.09,26
0,player,386,0,0,798.65,520.29,875.69,676.28,26
0,player,387,0,0,795.15,520.48,872.19,676.46,26
0,player,388,0,0,791.65,520.67,868.69,676.65,26
0,player,389,0,0,788.15,520.86,865.19,676.84,26
0,player,390,0,0,784.64,521.05,861.69,677.03,26
0,player,391,0,0,781.14,521.24,858.19,677.22,26
0,player,392,0,0,777.64,521.43,854.69,677.41,26
0,player,393,0,0,774.14,521.62,851.19,677.60,26
0,player,394,0,0,770.64,521.81,847.69,677.79,26
0,player,395,0,0,767.14,522.00,844.19,677.98,26
0,player,396,0,0,763.64,522.18,840.69,678.17,26
0,player,397,0,0,760.14,522.37,837.18,678.36,26
0,player,398,0,0,756.64,522.56,833.68,678.55,26
0,player,399,0,0,753.14,522.75,830.18,678.73,26
0,player,400,0,0,749.64,522.94,826.68,678.92,26
0,player,401,0,0,746.14,523.13,823.18,679.11,26
0,player,402,0,0,742.64,523.32,819.68,679.30,26
0,player,403,0,0,739.14,523.51,816.18,679.49,26
0,player,404,0,0,735.64,523.70,812.68,679.68,26
0,player,405,0,0,732.14,523.89,809.18,679.87,26
0,player,406,0,0,728.64,524.08,805.68,680.06,26
0,player,407,0,0,725.14,524.27,802.18,680.25,26
0,player,408,0,0,721.64,524.46,798.68,680.44,26
0,player,409,0,0,718.14,524.64,795.18,680.63,26
0,player,410,0,0,714.64,524.83,791.68,680.82,26
0,player,411,0,0,711.14,525.02,788.18,681.01,26
0,player,412,0,0,707.64,525.21,784.68,681.19,26
0,player,413,0,0,704.14,525.40,781.18,681.38,26
0,player,414,0,0,700.64,525.59,777.68,681.57,26
0,player,415,0,0,697.13,525.78,774.18,681.76,26
0,player,416,0,0,693.63,525.97,770.68,681.95,26
0,player,417,0,0,690.13,526.16,767.18,682.14,26
0,player,418,0,0,686.63,526.35,763.68,682.33,26
0,player,419,0,0,683.13,526.54,760.18,682.52,26
0,player,420,0,0,679.63,526.73,756.68,682.71,26
0,player,421,0,0,676.13,526.92,753.18,682.90,26
0,player,422,0,0,672.63,527.10,749.67,683.09,26
0,player,423,0,0,669.13,527.29,746.17,683.28,26
0,player,424,0,0,665.63,527.48,742.67,683.47,26
0,player,425,0,0,662.13,527.67,739.17,683.65,26
0,player,426,0,0,658.63,527.86,735.67,683.84,26
0,player,427,0,0,655.13,528.05,732.17,684.03,26
0,player,428,0,0,651.63,528.24,728.67,684.22,26
0,player,429,0,0,648.13,528.43,725.17,684.41,26
0,player,430,0,0,644.63,528.62,721.67,684.60,26
0,player,431,0,0,641.13,528.81,718.17,684.79,26
0,player,432,0,0,637.63,529.00,714.67,684.98,26
0,player,433,0,0,634.13,529.19,711.17,685.17,26
0,player,434,0,0,630.63,529.38,707.67,685.36,26
0,player,435,0,0,624.91,532.62,701.96,688.60,26
0,player,436,0,0,619.20,535.87,696.24,691.85,26
0,player,437,0,0,613.48,539.12,690.53,695.10,26
0,player,438,0,0,607.77,542.36,684.81,698.34,26
0,player,439,0,0,602.06,545.61,679.10,701.59,26
0,player,440,0,0,596.34,548.86,673.38,704.84,26
0,player,441,0,0,590.63,552.10,667.67,708.08,26
0,player,442,0,0,584.91,555.35,661.96,711.33,26
0,player,443,0,0,579.20,558.60,656.24,714.58,26
0,player,444,0,0,573.48,561.84,650.53,717.82,26
0,player,445,0,0,567.77,565.09,644.81,721.07,26
0,player,446,0,0,562.06,568.34,639.10,724.32,26
0,player,447,0,0,556.34,571.58,633.38,727.57,26
0,player,448,0,0,550.63,574.83,627.67,730.81,26
0,player,449,0,0,544.91,578.08,621.96,734.06,26
0,player,450,0,0,539.20,581.32,616.24,737.31,26
0,player,451,0,0,533.48,584.57,610.53,740.55,26
0,player,452,0,0,527.77,587.82,604.81,743.80,26
0,player,453,0,0,522.06,591.06,599.10,747.05,26
0,player,454,0,0,516.34,594.31,593.38,750.29,26
0,player,455,0,0,510.63,597.56,587.67,753.54,26
0,player,456,0,0,504.91,600.80,581.96,756.79,26
0,player,457,0,0,499.20,604.05,576.24,760.03,26
0,player,458,0,0,493.48,607.30,570.53,763.28,26
0,player,459,0,0,487.77,610.54,564.81,766.53,26
0,player,460,0,0,482.06,613.79,559.10,769.77,26
0,player,461,0,0,476.34,617.04,553.38,773.02,26
0,player,462,0,0,470.63,620.28,547.67,776.27,26
0,player,463,0,0,464.91,623.53,541.95,779.51,26
0,player,464,0,0,459.20,626.78,536.24,782.76,26
0,player,465,0,0,453.48,630.02,530.53,786.01,26
0,player,466,0,0,447.77,633.27,524.81,789.25,26
0,player,467,0,0,442.06,636.52,519.10,792.50,26
0,player,468,0,0,436.34,639.77,513.38,795.75,26
0,player,469,0,0,430.63,643.01,507.67,798.99,26
0,player,470,0,0,424.91,646.26,501.95,802.24,26
0,player,471,0,0,422.33,648.76,499.38,804.74,26
0,player,472,0,0,419.75,651.26,496.80,807.24,26
0,player,473,0,0,417.17,653.76,494.22,809.74,26
0,player,474,0,0,414.59,656.25,491.64,812.24,26
0,player,475,0,0,412.01,658.75,489.06,814.74,26
0,player,476,0,0,409.44,661.25,486.48,817.23,26
0,player,477,0,0,406.86,663.75,483.90,819.73,26
0,player,478,0,0,404.28,666.25,481.32,822.23,26
0,player,479,0,0,401.70,668.75,478.74,824.73,26
0,player,480,0,0,399.12,671.25,476.16,827.23,26
0,player,481,0,0,396.54,673.75,473.58,829.73,26
0,player,482,0,0,393.96,676.25,471.00,832.23,26
0,player,483,0,0,391.38,678.74,468.42,834.73,26
0,player,484,0,0,388.80,681.24,465.84,837.23,26
0,player,485,0,0,386.22,683.74,463.26,839.72,26
0,player,486,0,0,383.64,686.24,460.68,842.22,26
0,player,487,0,0,381.06,688.74,458.10,844.72,26
0,player,488,0,0,378.48,691.24,455.52,847.22,26
0,player,489,0,0,375.90,693.74,452.94,849.72,26
0,player,490,0,0,373.32,696.24,450.36,852.22,26
0,player,491,0,0,370.74,698.74,447.79,854.72,26
0,player,492,0,0,368.16,701.23,445.21,857.22,26
0,player,493,0,0,365.58,703.73,442.63,859.72,26
0,player,494,0,0,363.00,706.23,440.05,862.21,26
0,player,495,0,0,360.42,708.73,437.47,864.71,26
0,player,496,0,0,357.84,711.23,434.89,867.21,26
0,player,497,0,0,355.27,713.73,432.31,869.71,26
0,player,498,0,0,352.69,716.23,429.73,872.21,26
0,player,499,0,0,350.11,718.73,427.15,874.71,26
0,player,500,0,0,348.93,718.90,426.45,875.45,26
0,player,501,0,0,347.75,719.07,425.75,876.19,26
0,player,502,0,0,346.57,719.25,425.06,876.93,26
0,player,503,0,0,345.39,719.42,424.36,877.68,26
0,player,504,0,0,344.22,719.60,423.66,878.42,26
0,player,505,0,0,343.04,719.77,422.96,879.16,26
0,player,506,0,0,341.86,719.94,422.26,879.90,26
0,player,507,0,0,340.68,720.12,421.57,880.64,26
0,player,508,0,0,339.50,720.29,420.87,881.39,26
0,player,509,0,0,338.33,720.47,420.17,882.13,26
0,player,510,0,0,337.15,720.64,419.47,882.87,26
0,player,511,0,0,335.97,720.81,418.77,883.61,26
0,player,512,0,0,334.79,720.99,418.08,884.35,26
0,player,513,0,0,333.61,721.16,417.38,885.09,26
0,player,514,0,0,332.43,721.34,416.68,885.84,26
0,player,515,0,0,331.26,721.51,415.98,886.58,26
0,player,516,0,0,330.08,721.68,415.28,887.32,26
0,player,517,0,0,328.90,721.86,414.59,888.06,26
0,player,518,0,0,327.72,722.03,413.89,888.80,26
0,player,519,0,0,326.54,722.21,413.19,889.54,26
0,player,520,0,0,325.37,722.38,412.49,890.29,26
0,player,521,0,0,324.19,722.55,411.79,891.03,26
0,player,522,0,0,323.01,722.73,411.10,891.77,26
0,player,523,0,0,321.83,722.90,410.40,892.51,26
0,player,524,0,0,320.65,723.08,409.70,893.25,26
0,player,525,0,0,319.47,723.25,409.00,894.00,26
0,player,526,0,0,318.30,723.42,408.30,894.74,26
0,player,527,0,0,317.12,723.60,407.61,895.48,26
0,player,528,0,0,315.94,723.77,406.91,896.22,26
0,player,529,0,0,314.76,723.95,406.21,896.96,26
0,player,530,0,0,313.58,724.12,405.51,897.70,26
0,player,531,0,0,312.41,724.29,404.81,898.45,26
0,player,532,0,0,311.23,724.47,404.12,899.19,26
0,player,533,0,0,310.05,724.64,403.42,899.93,26
0,player,534,0,0,308.87,724.82,402.72,900.67,26
0,player,535,0,0,307.69,724.99,402.02,901.41,26
0,player,536,0,0,306.52,725.16,401.32,902.16,26
0,player,537,0,0,305.34,725.34,400.63,902.90,26
0,player,538,0,0,304.16,725.51,399.93,903.64,26
0,player,539,0,0,302.98,725.69,399.23,904.38,26
0,player,540,0,0,301.80,725.86,398.53,905.12,26
0,player,541,0,0,300.62,726.03,397.83,905.86,26
0,player,542,0,0,299.45,726.21,397.14,906.61,26
0,player,543,0,0,298.27,726.38,396.44,907.35,26
0,player,544,0,0,297.09,726.56,395.74,908.09,26
0,player,545,0,0,295.91,726.73,395.04,908.83,26
0,player,546,0,0,294.73,726.90,394.34,909.57,26
0,player,547,0,0,293.56,727.08,393.65,910.32,26
0,player,548,0,0,292.38,727.25,392.95,911.06,26
0,player,549,0,0,294.52,727.25,395.08,911.06,26
0,player,550,0,0,293.66,727.68,394.23,911.48,26
0,player,551,0,0,292.81,728.11,393.37,911.91,26
0,player,552,0,0,291.95,728.54,392.52,912.34,26
0,player,553,0,0,291.09,728.96,391.66,912.77,26
0,player,554,0,0,290.24,729.39,390.81,913.20,26
0,player,555,0,0,288.77,729.26,389.34,913.06,26
0,player,556,0,0,287.30,729.12,387.87,912.93,26
0,player,557,0,0,285.83,728.99,386.40,912.79,26
0,player,558,0,0,284.36,728.86,384.93,912.66,26
0,player,559,0,0,282.89,728.72,383.46,912.53,26
0,player,560,0,0,281.42,728.59,381.99,912.39,26
0,player,561,0,0,279.95,728.46,380.52,912.26,26
0,player,562,0,0,278.48,728.32,379.05,912.13,26
0,player,563,0,0,277.01,728.19,377.58,911.99,26
0,player,564,0,0,275.54,728.05,376.11,911.86,26
0,player,565,0,0,274.07,727.92,374.64,911.73,26
0,player,566,0,0,272.60,727.79,373.17,911.59,26
0,player,567,0,0,271.13,727.65,371.70,911.46,26
0,player,568,0,0,269.66,727.52,370.23,911.32,26
0,player,569,0,0,268.19,727.39,368.76,911.19,26
0,player,570,0,0,266.72,727.25,367.29,911.06,26
0,player,571,0,0,275.13,724.59,375.70,908.40,26
0,player,572,0,0,283.54,721.93,384.11,905.74,26
0,player,573,0,0,291.95,719.27,392.52,903.08,26
0,player,574,0,0,300.36,716.61,400.93,900.41,26
0,player,575,0,0,308.77,713.95,409.34,897.75,26
0,player,576,0,0,317.18,711.29,417.75,895.09,26
0,player,577,0,0,325.59,708.63,426.16,892.43,26
0,player,578,0,0,334.00,705.97,434.57,889.77,26
0,player,579,0,0,342.41,703.31,442.98,887.11,26
0,player,580,0,0,350.82,700.65,451.39,884.45,26
0,player,581,0,0,359.23,697.99,459.80,881.79,26
0,player,582,0,0,367.64,695.32,468.21,879.13,26
0,player,583,0,0,376.05,692.66,476.62,876.47,26
0,player,584,0,0,384.46,690.00,485.03,873.81,26
0,player,585,0,0,392.87,687.34,493.44,871.15,26
0,player,586,0,0,401.28,684.68,501.85,868.49,26
0,player,587,0,0,409.69,682.02,510.26,865.83,26
0,player,588,0,0,418.10,679.36,518.67,863.16,26
0,player,589,0,0,426.51,676.70,527.08,860.50,26
0,player,590,0,0,434.92,674.04,535.48,857.84,26
0,player,591,0,0,443.33,671.38,543.89,855.18,26
0,player,592,0,0,451.74,668.72,552.30,852.52,26
0,player,593,0,0,460.14,666.06,560.71,849.86,26
0,player,594,0,0,468.55,663.40,569.12,847.20,26
0,player,595,0,0,476.96,660.73,577.53,844.54,26
0,player,596,0,0,485.37,658.07,585.94,841.88,26
0,player,597,0,0,493.78,655.41,594.35,839.22,26
0,player,598,0,0,502.19,652.75,602.76,836.56,26
0,player,599,0,0,510.60,650.09,611.17,833.90,26
0,player,600,0,0,519.01,647.43,619.58,831.24,26
0,player,601,0,0,527.42,644.77,627.99,828.58,26
0,player,602,0,0,535.83,642.11,636.40,825.91,26
0,player,603,0,0,544.24,639.45,644.81,823.25,26
0,player,604,0,0,552.65,636.79,653.22,820.59,26
0,player,605,0,0,561.06,634.13,661.63,817.93,26
0,player,606,0,0,569.47,631.47,670.04,815.27,26
0,player,607,0,0,577.88,628.81,678.45,812.61,26
0,player,608,0,0,586.29,626.15,686.86,809.95,26
0,player,609,0,0,594.70,623.48,695.27,807.29,26
0,player,610,0,0,603.11,620.82,703.68,804.63,26
0,player,611,0,0,611.52,618.16,712.09,801.97,26
0,player,612,0,0,619.93,615.50,720.50,799.31,26
0,player,613,0,0,628.34,612.84,728.91,796.65,26
0,player,614,0,0,636.75,610.18,737.32,793.99,26
0,player,615,0,0,645.16,607.52,745.73,791.32,26
0,player,616,0,0,657.99,604.67,758.56,788.47,26
0,player,617,0,0,670.82,601.82,771.39,785.62,26
0,player,618,0,0,683.65,598.97,784.22,782.77,26
0,player,619,0,0,702.18,592.55,802.75,776.36,26
0,player,620,0,0,720.71,586.14,821.28,769.94,26
0,player,621,0,0,739.24,579.73,839.81,763.53,26
0,player,622,0,0,757.77,573.31,858.34,757.12,26
0,player,623,0,0,776.30,566.90,876.87,750.70,26
0,player,624,0,0,794.83,560.48,895.40,744.29,26
0,player,625,0,0,813.36,554.07,913.93,737.87,26
0,player,626,0,0,831.89,547.65,932.46,731.46,26
0,player,627,0,0,850.42,541.24,950.99,725.04,26
0,player,628,0,0,858.18,540.38,958.75,724.19,26
0,player,629,0,0,865.95,539.53,966.52,723.33,26
0,player,630,0,0,873.72,538.67,974.29,722.48,26
0,player,631,0,0,881.49,537.82,982.06,721.62,26
0,player,632,0,0,889.26,536.96,989.83,720.77,26
0,player,633,0,0,897.03,536.11,997.60,719.91,26
0,player,634,0,0,904.79,535.25,1005.36,719.06,26
0,player,635,0,0,912.56,534.40,1013.13,718.20,26
0,player,636,0,0,920.33,533.54,1020.90,717.35,26
0,player,637,0,0,928.10,532.69,1028.67,716.49,26
0,player,638,0,0,935.87,531.83,1036.44,715.64,26
0,player,639,0,0,943.64,530.98,1044.21,714.78,26
0,player,640,0,0,951.41,530.12,1051.97,713.93,26
0,player,641,0,0,959.17,529.27,1059.74,713.07,26
0,player,642,0,0,966.94,528.41,1067.51,712.22,26
0,player,643,0,0,974.71,527.56,1075.28,711.36,26
0,player,644,0,0,982.48,526.70,1083.05,710.51,26
0,player,645,0,0,990.25,525.85,1090.82,709.65,26
0,player,646,0,0,998.02,524.99,1098.58,708.80,26
0,player,647,0,0,1005.78,524.14,1106.35,707.94,26
0,player,648,0,0,1013.55,523.28,1114.12,707.08,26
0,player,649,0,0,1021.32,522.42,1121.89,706.23,26
0,player,650,0,0,1029.09,521.57,1129.66,705.37,26
0,player,651,0,0,1036.86,520.71,1137.43,704.52,26
0,player,652,0,0,1044.63,519.86,1145.20,703.66,26
0,player,653,0,0,1052.39,519.00,1152.96,702.81,26
0,player,654,0,0,1060.16,518.15,1160.73,701.95,26
0,player,655,0,0,1067.93,517.29,1168.50,701.10,26
0,player,656,0,0,1075.70,516.44,1176.27,700.24,26
0,player,657,0,0,1083.47,515.58,1184.04,699.39,26
0,player,658,0,0,1086.52,514.97,1187.09,698.78,26
0,player,659,0,0,1089.58,514.36,1190.15,698.17,26
0,player,660,0,0,1092.63,513.75,1193.20,697.55,26
0,player,661,0,0,1095.69,513.14,1196.25,696.94,26
0,player,662,0,0,1098.74,512.53,1199.31,696.33,26
0,player,663,0,0,1101.79,511.92,1202.36,695.72,26
0,player,664,0,0,1104.85,511.31,1205.42,695.11,26
0,player,665,0,0,1107.90,510.70,1208.47,694.50,26
0,player,666,0,0,1110.96,510.08,1211.53,693.89,26
0,player,667,0,0,1114.01,509.47,1214.58,693.28,26
0,player,668,0,0,1117.07,508.86,1217.64,692.67,26
0,player,669,0,0,1120.12,508.25,1220.69,692.06,26
0,player,670,0,0,1123.18,507.64,1223.74,691.45,26
0,player,671,0,0,1126.23,507.03,1226.80,690.83,26
0,player,672,0,0,1129.28,506.42,1229.85,690.22,26
0,player,673,0,0,1132.34,505.81,1232.91,689.61,26
0,player,674,0,0,1135.39,505.20,1235.96,689.00,26
0,player,675,0,0,1138.45,504.59,1239.02,688.39,26
0,player,676,0,0,1141.50,503.98,1242.07,687.78,26
0,player,677,0,0,1144.56,503.36,1245.13,687.17,26
0,player,678,0,0,1147.61,502.75,1248.18,686.56,26
0,player,679,0,0,1144.25,502.88,1244.72,686.28,26
0,player,680,0,0,1140.90,503.00,1241.27,686.01,26
0,player,681,0,0,1137.54,503.13,1237.81,685.74,26
0,player,682,0,0,1134.19,503.25,1234.36,685.46,26
0,player,683,0,0,1130.83,503.37,1230.90,685.19,26
0,player,684,0,0,1127.47,503.50,1227.45,684.91,26
0,player,685,0,0,1124.12,503.62,1223.99,684.64,26
0,player,686,0,0,1120.76,503.74,1220.54,684.37,26
0,player,687,0,0,1117.40,503.87,1217.08,684.09,26
0,player,688,0,0,1114.05,503.99,1213.62,683.82,26
0,player,689,0,0,1110.69,504.12,1210.17,683.55,26
0,player,690,0,0,1107.33,504.24,1206.71,683.27,26
0,player,691,0,0,1103.98,504.36,1203.26,683.00,26
0,player,692,0,0,1100.62,504.49,1199.80,682.72,26
0,player,693,0,0,1097.27,504.61,1196.35,682.45,26
0,player,694,0,0,1093.91,504.73,1192.89,682.18,26
0,player,695,0,0,1090.55,504.86,1189.43,681.90,26
0,player,696,0,0,1087.20,504.98,1185.98,681.63,26
0,player,697,0,0,1083.84,505.11,1182.52,681.35,26
0,player,698,0,0,1080.48,505.23,1179.07,681.08,26
0,player,699,0,0,1077.13,505.35,1175.61,680.81,26
0,player,700,0,0,1073.77,505.48,1172.16,680.53,26
0,player,701,0,0,1070.42,505.60,1168.70,680.26,26
0,player,702,0,0,1067.06,505.72,1165.25,679.98,26
0,player,703,0,0,1063.70,505.85,1161.79,679.71,26
0,player,704,0,0,1060.35,505.97,1158.33,679.44,26
0,player,705,0,0,1056.99,506.10,1154.88,679.16,26
0,player,706,0,0,1053.63,506.22,1151.42,678.89,26
0,player,707,0,0,1050.28,506.34,1147.97,678.61,26
0,player,708,0,0,1046.92,506.47,1144.51,678.34,26
0,player,709,0,0,1043.57,506.59,1141.06,678.07,26
0,player,710,0,0,1040.21,506.72,1137.60,677.79,26
0,player,711,0,0,1036.85,506.84,1134.15,677.52,26
0,player,712,0,0,1033.50,506.96,1130.69,677.24,26
0,player,713,0,0,1030.14,507.09,1127.23,676.97,26
0,player,714,0,0,1026.78,507.21,1123.78,676.70,26
0,player,715,0,0,1023.43,507.33,1120.32,676.42,26
0,player,716,0,0,1020.07,507.46,1116.87,676.15,26
0,player,717,0,0,1016.71,507.58,1113.41,675.87,26
0,player,718,0,0,1013.36,507.71,1109.96,675.60,26
0,player,719,0,0,1010.00,507.83,1106.50,675.33,26
0,player,720,0,0,1006.65,507.95,1103.05,675.05,26
0,player,721,0,0,1003.29,508.08,1099.59,674.78,26
0,player,722,0,0,999.93,508.20,1096.13,674.51,26
0,player,723,0,0,996.58,508.32,1092.68,674.23,26
0,player,724,0,0,993.22,508.45,1089.22,673.96,26
0,player,725,0,0,989.86,508.57,1085.77,673.68,26
0,player,726,0,0,986.51,508.70,1082.31,673.41,26
0,player,727,0,0,983.15,508.82,1078.86,673.14,26
0,player,728,0,0,979.80,508.94,1075.40,672.86,26
0,player,729,0,0,976.44,509.07,1071.95,672.59,26
0,player,730,0,0,973.08,509.19,1068.49,672.31,26
0,player,731,0,0,969.73,509.31,1065.03,672.04,26
0,player,732,0,0,966.37,509.44,1061.58,671.77,26
0,player,733,0,0,963.01,509.56,1058.12,671.49,26
0,player,734,0,0,959.66,509.69,1054.67,671.22,26
0,player,735,0,0,956.30,509.81,1051.21,670.94,26
0,player,736,0,0,952.95,509.93,1047.76,670.67,26
0,player,737,0,0,949.59,510.06,1044.30,670.40,26
0,player,738,0,0,946.23,510.18,1040.85,670.12,26
0,player,739,0,0,942.88,510.30,1037.39,669.85,26
0,player,740,0,0,939.52,510.43,1033.93,669.57,26
0,player,741,0,0,936.16,510.55,1030.48,669.30,26
0,player,742,0,0,932.81,510.68,1027.02,669.03,26
0,player,743,0,0,929.45,510.80,1023.57,668.75,26
0,player,744,0,0,926.09,510.92,1020.11,668.48,26
0,player,745,0,0,922.74,511.05,1016.66,668.20,26
0,player,746,0,0,919.38,511.17,1013.20,667.93,26
0,player,747,0,0,916.03,511.30,1009.74,667.66,26
0,player,748,0,0,912.67,511.42,1006.29,667.38,26
0,player,749,0,0,909.31,511.54,1002.83,667.11,26
0,player,750,0,0,905.96,511.67,999.38,666.84,26
0,player,751,0,0,902.60,511.79,995.92,666.56,26
0,player,752,0,0,899.24,511.91,992.47,666.29,26
0,player,753,0,0,895.89,512.04,989.01,666.01,26
0,player,754,0,0,892.53,512.16,985.56,665.74,26
0,player,755,0,0,889.18,512.29,982.10,665.47,26
0,player,756,0,0,885.82,512.41,978.64,665.19,26
0,player,757,0,0,882.46,512.53,975.19,664.92,26
0,player,758,0,0,879.11,512.66,971.73,664.64,26
0,player,759,0,0,875.75,512.78,968.28,664.37,26
0,player,760,0,0,872.39,512.90,964.82,664.10,26
0,player,761,0,0,869.04,513.03,961.37,663.82,26
0,player,762,0,0,865.68,513.15,957.91,663.55,26
0,player,763,0,0,862.33,513.28,954.46,663.27,26
0,player,764,0,0,858.97,513.40,951.00,663.00,26
0,player,765,0,0,852.17,514.57,944.20,664.17,26
0,player,766,0,0,845.36,515.73,937.39,665.33,26
0,player,767,0,0,838.56,516.90,930.59,666.50,26
0,player,768,0,0,831.76,518.06,923.79,667.66,26
0,player,769,0,0,824.95,519.23,916.99,668.83,26
0,player,770,0,0,818.15,520.40,910.18,670.00,26
0,player,771,0,0,811.35,521.56,903.38,671.16,26
0,player,772,0,0,804.55,522.73,896.58,672.33,26
0,player,773,0,0,797.74,523.90,889.77,673.50,26
0,player,774,0,0,790.94,525.06,882.97,674.66,26
0,player,775,0,0,784.14,526.23,876.17,675.83,26
0,player,776,0,0,777.33,527.39,869.36,676.99,26
0,player,777,0,0,770.53,528.56,862.56,678.16,26
0,player,778,0,0,763.73,529.73,855.76,679.33,26
0,player,779,0,0,756.92,530.89,848.96,680.49,26
0,player,780,0,0,750.12,532.06,842.15,681.66,26
0,player,781,0,0,743.32,533.23,835.35,682.83,26
0,player,782,0,0,736.52,534.39,828.55,683.99,26
0,player,783,0,0,729.71,535.56,821.74,685.16,26
0,player,784,0,0,722.91,536.72,814.94,686.32,26
0,player,785,0,0,716.11,537.89,808.14,687.49,26
0,player,786,0,0,709.30,539.06,801.33,688.66,26
0,player,787,0,0,694.34,541.19,786.37,690.79,26
0,player,788,0,0,685.07,542.62,777.10,692.22,26
0,player,789,0,0,675.81,544.05,767.84,693.65,26
0,player,790,0,0,666.54,545.47,758.57,695.07,26
0,player,791,0,0,657.28,546.90,749.31,696.50,26
0,player,792,0,0,648.01,548.32,740.04,697.92,26
0,player,793,0,0,638.75,549.75,730.78,699.35,26
0,player,794,0,0,629.48,551.17,721.51,700.77,26
0,player,795,0,0,620.22,552.60,712.25,702.20,26
0,player,796,0,0,610.95,554.02,702.98,703.62,26
0,player,797,0,0,602.15,553.96,694.18,703.56,26
0,player,798,0,0,593.34,553.90,685.38,703.50,26
0,player,799,0,0,584.54,553.83,676.57,703.43,26
0,player,800,0,0,575.74,553.77,667.77,703.37,26
0,player,801,0,0,566.93,553.71,658.96,703.31,26
0,player,802,0,0,558.13,553.65,650.16,703.25,26
0,player,803,0,0,549.32,553.58,641.36,703.18,26
0,player,804,0,0,540.52,553.52,632.55,703.12,26
0,player,805,0,0,531.72,553.46,623.75,703.06,26
0,player,806,0,0,522.91,553.39,614.94,702.99,26
0,player,807,0,0,514.11,553.33,606.14,702.93,26
0,player,808,0,0,505.31,553.27,597.34,702.87,26
0,player,809,0,0,496.50,553.21,588.53,702.81,26
0,player,810,0,0,487.70,553.14,579.73,702.74,26
0,player,811,0,0,478.89,553.08,570.93,702.68,26
0,player,812,0,0,470.09,553.02,562.12,702.62,26
0,player,813,0,0,461.29,552.95,553.32,702.55,26
0,player,814,0,0,452.48,552.89,544.51,702.49,26
0,player,815,0,0,443.68,552.83,535.71,702.43,26
0,player,816,0,0,434.87,552.76,526.91,702.37,26
0,player,817,0,0,426.07,552.70,518.10,702.30,26
0,player,818,0,0,417.27,552.64,509.30,702.24,26
0,player,819,0,0,408.46,552.58,500.49,702.18,26
0,player,820,0,0,399.66,552.51,491.69,702.11,26
0,player,821,0,0,390.86,552.45,482.89,702.05,26
0,player,822,0,0,382.05,552.39,474.08,701.99,26
0,player,823,0,0,373.25,552.32,465.28,701.93,26
0,player,824,0,0,364.44,552.26,456.47,701.86,26
0,player,825,0,0,355.64,552.20,447.67,701.80,26
0,player,826,0,0,346.84,552.14,438.87,701.74,26
0,player,827,0,0,338.03,552.07,430.06,701.67,26
0,player,828,0,0,329.23,552.01,421.26,701.61,26
0,player,829,0,0,320.42,551.95,412.46,701.55,26
0,player,830,0,0,311.62,551.88,403.65,701.49,26
0,player,831,0,0,303.78,553.31,395.81,702.91,26
0,player,832,0,0,295.94,554.74,387.97,704.34,26
0,player,833,0,0,288.10,556.16,380.13,705.76,26
0,player,834,0,0,288.10,556.16,380.13,705.76,26
0,player,835,0,0,288.10,556.16,380.13,705.76,26
0,player,836,0,0,288.10,556.16,380.13,705.76,26
0,player,837,0,0,288.10,556.16,380.13,705.76,26
0,player,838,0,0,288.10,556.16,380.13,705.76,26
0,player,839,0,0,288.10,556.16,380.13,705.76,26
0,player,840,0,0,288.10,556.16,380.13,705.76,26
0,player,841,0,0,288.10,556.16,380.13,705.76,26
0,player,842,0,0,288.10,556.16,380.13,705.76,26
0,player,843,0,0,288.10,556.16,380.13,705.76,26
0,player,844,0,0,288.10,556.16,380.13,705.76,26
0,player,845,0,0,288.10,556.16,380.13,705.76,26
0,player,846,0,0,288.10,556.16,380.13,705.76,26
0,player,847,0,0,288.10,556.16,380.13,705.76,26
0,player,848,0,0,288.10,556.16,380.13,705.76,26
0,player,849,0,0,288.10,556.16,380.13,705.76,26
0,player,850,0,0,288.10,556.16,380.13,705.76,26
0,player,851,0,0,288.10,556.16,380.13,705.76,26
0,player,852,0,0,288.10,556.16,380.13,705.76,26
0,player,853,0,0,288.10,556.16,380.13,705.76,26
0,player,854,0,0,288.10,556.16,380.13,705.76,26
0,player,855,0,0,288.10,556.16,380.13,705.76,26
0,player,856,0,0,288.10,556.16,380.13,705.76,26
0,player,857,0,0,288.10,556.16,380.13,705.76,26
0,player,858,0,0,288.10,556.16,380.13,705.76,26
0,player,859,0,0,288.10,556.16,380.13,705.76,26
0,player,860,0,0,288.10,556.16,380.13,705.76,26
0,player,861,0,0,288.10,556.16,380.13,705.76,26
0,player,862,0,0,288.10,556.16,380.13,705.76,26
0,player,863,0,0,288.10,556.16,380.13,705.76,26
0,player,864,0,0,288.10,556.16,380.13,705.76,26
0,player,865,0,0,288.10,556.16,380.13,705.76,26
0,player,866,0,0,288.10,556.16,380.13,705.76,26
0,player,867,0,0,288.10,556.16,380.13,705.76,26
0,player,868,0,0,288.10,556.16,380.13,705.76,26
0,player,869,0,0,288.10,556.16,380.13,705.76,26
0,player,870,0,0,288.10,556.16,380.13,705.76,26
0,player,871,0,0,288.10,556.16,380.13,705.76,26
0,player,872,0,0,288.10,556.16,380.13,705.76,26
0,player,873,0,0,288.10,556.16,380.13,705.76,26
0,player,874,0,0,288.10,556.16,380.13,705.76,26
0,player,875,0,0,288.10,556.16,380.13,705.76,26
0,player,876,0,0,288.10,556.16,380.13,705.76,26
0,player,877,0,0,288.10,556.16,380.13,705.76,26
0,player,878,0,0,288.10,556.16,380.13,705.76,26
0,player,879,0,0,288.10,556.16,380.13,705.76,26
0,player,880,0,0,288.10,556.16,380.13,705.76,26
0,player,881,0,0,288.10,556.16,380.13,705.76,26
0,player,882,0,0,288.10,556.16,380.13,705.76,26
0,player,883,0,0,288.10,556.16,380.13,705.76,26
0,player,884,0,0,288.10,556.16,380.13,705.76,26
0,player,885,0,0,288.10,556.16,380.13,705.76,26
0,player,886,0,0,288.10,556.16,380.13,705.76,26
0,player,887,0,0,288.10,556.16,380.13,705.76,26
0,player,888,0,0,288.10,556.16,380.13,705.76,26
0,player,889,0,0,288.10,556.16,380.13,705.76,26
0,player,890,0,0,288.10,556.16,380.13,705.76,26
0,player,891,1,0,288.10,556.16,380.13,705.76,26
1,player,7,0,0,1159.91,936.62,1226.19,1080.00,2
1,player,8,0,0,1160.90,937.44,1228.00,1080.00,2
1,player,9,0,0,1161.89,938.26,1229.80,1080.00,2
1,player,10,0,0,1162.87,939.08,1231.61,1080.00,2
1,player,11,0,0,1163.86,939.90,1233.41,1080.00,2
1,player,12,0,0,1164.85,940.73,1235.22,1080.00,2
1,player,13,0,0,1165.83,941.55,1237.02,1080.00,2
1,player,14,0,0,1166.82,942.37,1238.83,1080.00,2
1,player,15,0,0,1167.81,943.19,1240.63,1080.00,2
1,player,16,0,0,1168.79,944.02,1242.44,1080.00,2
1,player,17,0,0,1169.78,944.84,1244.25,1080.00,2
1,player,18,0,0,1170.77,945.66,1246.05,1080.00,2
1,player,19,0,0,1171.75,946.48,1247.86,1080.00,2
1,player,20,0,0,1172.74,947.31,1249.66,1080.00,2
1,player,21,0,0,1173.00,947.56,1249.92,1080.00,2
1,player,22,0,0,1173.26,947.82,1250.18,1080.00,2
1,player,23,0,0,1173.52,948.08,1250.44,1080.00,2
1,player,24,0,0,1173.78,948.34,1250.70,1080.00,2
1,player,25,0,0,1174.04,948.60,1250.96,1080.00,2
1,player,26,0,0,1174.29,948.86,1251.22,1080.00,2
1,player,27,0,0,1174.55,949.12,1251.48,1080.00,2
1,player,28,0,0,1174.81,949.38,1251.73,1080.00,2
1,player,29,0,0,1175.07,949.64,1251.99,1080.00,2
1,player,30,0,0,1175.33,949.90,1252.25,1080.00,2
1,player,31,0,0,1175.59,950.16,1252.51,1080.00,2
1,player,32,0,0,1175.85,950.42,1252.77,1080.00,2
1,player,33,0,0,1176.11,950.67,1253.03,1080.00,2
1,player,34,0,0,1176.37,950.93,1253.29,1080.00,2
1,player,35,0,0,1176.63,951.19,1253.55,1080.00,2
1,player,36,0,0,1176.89,951.45,1253.81,1080.00,2
1,player,37,0,0,1177.15,951.71,1254.07,1080.00,2
1,player,38,0,0,1177.40,951.97,1254.33,1080.00,2
1,player,39,0,0,1177.66,952.23,1254.59,1080.00,2
1,player,40,0,0,1177.92,952.49,1254.84,1080.00,2
1,player,41,0,0,1178.18,952.75,1255.10,1080.00,2
1,player,42,0,0,1178.44,953.01,1255.36,1080.00,2
1,player,43,0,0,1178.70,953.27,1255.62,1080.00,2
1,player,44,0,0,1178.96,953.53,1255.88,1080.00,2
1,player,45,0,0,1179.22,953.78,1256.14,1080.00,2
1,player,46,0,0,1179.48,954.04,1256.40,1080.00,2
1,player,47,0,0,1179.74,954.30,1256.66,1080.00,2
1,player,48,0,0,1180.00,954.56,1256.92,1080.00,2
1,player,49,0,0,1180.26,954.82,1257.18,1080.00,2
1,player,50,0,0,1180.51,955.08,1257.44,1080.00,2
1,player,51,0,0,1180.77,955.34,1257.70,1080.00,2
1,player,52,0,0,1181.03,955.60,1257.95,1080.00,2
1,player,53,0,0,1181.29,955.86,1258.21,1080.00,2
1,player,54,0,0,1181.29,958.71,1258.64,1080.00,2
1,player,55,0,0,1181.29,961.56,1259.07,1080.00,2
1,player,56,0,0,1181.29,964.41,1259.49,1080.00,2
1,player,57,0,0,1181.29,967.26,1259.92,1080.00,2
1,player,58,0,0,1181.29,970.10,1260.34,1080.00,2
1,player,59,0,0,1181.29,972.95,1260.77,1080.00,2
1,player,60,0,0,1181.29,975.80,1261.19,1080.00,2
1,player,61,0,0,1181.29,978.65,1261.62,1080.00,2
1,player,62,0,0,1181.29,981.50,1262.05,1080.00,2
1,player,63,0,0,1181.29,984.35,1262.47,1080.00,2
1,player,64,0,0,1181.29,987.20,1262.90,1080.00,2
1,player,65,0,0,1181.29,990.05,1263.32,1080.00,2
1,player,66,0,0,1181.29,992.90,1263.75,1080.00,2
1,player,67,0,0,1181.29,995.75,1264.17,1080.00,2
1,player,68,0,0,1181.29,998.60,1264.60,1080.00,2
1,player,69,0,0,1180.53,998.75,1263.84,1080.00,2
1,player,70,0,0,1179.76,998.91,1263.07,1080.00,2
1,player,71,0,0,1179.00,999.06,1262.31,1080.00,2
1,player,72,0,0,1178.24,999.21,1261.55,1080.00,2
1,player,73,0,0,1177.47,999.36,1260.78,1080.00,2
1,player,74,0,0,1176.71,999.52,1260.02,1080.00,2
1,player,75,0,0,1175.95,999.67,1259.25,1080.00,2
1,player,76,0,0,1175.18,999.82,1258.49,1080.00,2
1,player,77,0,0,1174.42,999.97,1257.73,1080.00,2
1,player,78,0,0,1173.66,1000.13,1256.96,1080.00,2
1,player,79,0,0,1172.89,1000.28,1256.20,1080.00,2
1,player,80,0,0,1172.13,1000.43,1255.44,1080.00,2
1,player,81,0,0,1171.37,1000.59,1254.67,1080.00,2
1,player,82,0,0,1170.60,1000.74,1253.91,1080.00,2
1,player,83,0,0,1169.84,1000.89,1253.15,1080.00,2
1,player,84,0,0,1169.07,1001.04,1252.38,1080.00,2
1,player,85,0,0,1168.31,1001.20,1251.62,1080.00,2
1,player,86,0,0,1167.55,1001.35,1250.86,1080.00,2
1,player,87,0,0,1166.78,1001.50,1250.09,1080.00,2
1,player,88,0,0,1166.02,1001.65,1249.33,1080.00,2
1,player,89,0,0,1165.26,1001.81,1248.56,1080.00,2
1,player,90,0,0,1164.49,1001.96,1247.80,1080.00,2
1,player,91,0,0,1163.73,1002.11,1247.04,1080.00,2
1,player,92,0,0,1162.97,1002.27,1246.27,1080.00,2
1,player,93,0,0,1162.20,1002.42,1245.51,1080.00,2
1,player,94,0,0,1161.44,1002.57,1244.75,1080.00,2
1,player,95,0,0,1160.67,1002.72,1243.98,1080.00,2
1,player,96,0,0,1159.91,1002.88,1243.22,1080.00,2
1,player,97,0,0,1159.91,999.82,1245.97,1080.00,2
1,player,98,0,0,1159.91,996.77,1248.73,1080.00,2
1,player,99,0,0,1159.91,993.72,1251.48,1080.00,2
1,player,100,0,0,1159.91,990.66,1254.24,1080.00,2
1,player,101,0,0,1159.91,987.61,1256.99,1080.00,2
1,player,102,0,0,1159.91,984.55,1259.75,1080.00,2
1,player,103,0,0,1159.91,981.50,1262.50,1080.00,2
1,player,104,0,0,1159.91,977.22,1262.50,1079.76,2
1,player,105,0,0,1159.91,972.94,1262.50,1079.52,2
1,player,106,0,0,1159.91,968.67,1262.50,1079.29,2
1,player,107,0,0,1159.91,964.39,1262.50,1079.05,2
1,player,108,0,0,1159.91,960.11,1262.50,1078.81,2
1,player,109,0,0,1159.91,955.83,1262.50,1078.57,2
1,player,110,0,0,1159.91,951.56,1262.50,1078.34,2
1,player,111,0,0,1159.91,947.28,1262.50,1078.10,2
1,player,112,0,0,1159.91,943.00,1262.50,1077.86,2
1,player,113,0,0,1159.91,938.23,1262.66,1077.86,2
1,player,114,0,0,1159.91,933.46,1262.82,1077.86,2
1,player,115,0,0,1159.91,928.69,1262.98,1077.86,2
1,player,116,0,0,1159.91,923.92,1263.15,1077.86,2
1,player,117,0,0,1159.91,919.15,1263.31,1077.86,2
1,player,118,0,0,1159.91,914.38,1263.47,1077.86,2
1,player,119,0,0,1159.91,909.62,1263.63,1077.86,2
1,player,120,0,0,1159.91,904.85,1263.79,1077.86,2
1,player,121,0,0,1159.91,900.08,1263.95,1077.86,2
1,player,122,0,0,1159.91,895.31,1264.12,1077.86,2
1,player,123,0,0,1159.91,890.54,1264.28,1077.86,2
1,player,124,0,0,1159.91,885.77,1264.44,1077.86,2
1,player,125,0,0,1159.91,881.00,1264.60,1077.86,2
1,player,126,0,0,1160.85,875.21,1265.54,1072.08,2
1,player,127,0,0,1161.80,869.43,1266.49,1066.29,2
1,player,128,0,0,1162.74,863.64,1267.43,1060.51,2
1,player,129,0,0,1163.68,857.86,1268.37,1054.72,2
1,player,130,0,0,1164.63,852.07,1269.32,1048.94,2
1,player,131,0,0,1165.57,846.29,1270.26,1043.15,2
1,player,132,0,0,1166.51,840.50,1271.20,1037.36,2
1,player,133,0,0,1167.46,834.72,1272.15,1031.58,2
1,player,134,0,0,1168.40,828.93,1273.09,1025.79,2
1,player,135,0,0,1169.34,823.15,1274.03,1020.01,2
1,player,136,0,0,1170.29,817.36,1274.98,1014.22,2
1,player,137,0,0,1171.23,811.58,1275.92,1008.44,2
1,player,138,0,0,1172.17,805.79,1276.86,1002.65,2
1,player,139,0,0,1173.12,800.00,1277.81,996.87,2
1,player,140,0,0,1174.06,794.22,1278.75,991.08,2
1,player,141,0,0,1175.00,788.43,1279.69,985.30,2
1,player,142,0,0,1175.95,782.65,1280.64,979.51,2
1,player,143,0,0,1176.89,776.86,1281.58,973.72,2
1,player,144,0,0,1177.83,771.08,1282.52,967.94,2
1,player,145,0,0,1178.78,765.29,1283.47,962.15,2
1,player,146,0,0,1179.72,759.51,1284.41,956.37,2
1,player,147,0,0,1180.66,753.72,1285.35,950.58,2
1,player,148,0,0,1181.61,747.94,1286.30,944.80,2
1,player,149,0,0,1182.55,742.15,1287.24,939.01,2
1,player,150,0,0,1183.49,736.36,1288.18,933.23,2
1,player,151,0,0,1184.44,730.58,1289.13,927.44,2
1,player,152,0,0,1185.38,724.79,1290.07,921.66,2
1,player,153,0,0,1186.32,719.01,1291.01,915.87,2
1,player,154,0,0,1187.27,713.22,1291.95,910.09,2
1,player,155,0,0,1188.21,707.44,1292.90,904.30,2
1,player,156,0,0,1189.15,701.65,1293.84,898.51,2
1,player,157,0,0,1190.10,695.87,1294.78,892.73,2
1,player,158,0,0,1191.04,690.08,1295.73,886.94,2
1,player,159,0,0,1191.98,684.30,1296.67,881.16,2
1,player,160,0,0,1192.50,680.60,1296.90,877.06,2
1,player,161,0,0,1193.02,676.90,1297.13,872.95,2
1,player,162,0,0,1193.54,673.20,1297.36,868.85,2
1,player,163,0,0,1194.06,669.50,1297.60,864.75,2
1,player,164,0,0,1194.58,665.80,1297.83,860.64,2
1,player,165,0,0,1195.10,662.10,1298.06,856.54,2
1,player,166,0,0,1195.62,658.40,1298.29,852.44,2
1,player,167,0,0,1196.14,654.70,1298.52,848.34,2
1,player,168,0,0,1196.66,651.00,1298.75,844.23,2
1,player,169,0,0,1197.18,647.30,1298.98,840.13,2
1,player,170,0,0,1197.70,643.60,1299.21,836.03,2
1,player,171,0,0,1198.22,639.91,1299.44,831.92,2
1,player,172,0,0,1198.73,636.21,1299.68,827.82,2
1,player,173,0,0,1199.25,632.51,1299.91,823.72,2
1,player,174,0,0,1199.77,628.81,1300.14,819.62,2
1,player,175,0,0,1200.29,625.11,1300.37,815.51,2
1,player,176,0,0,1200.81,621.41,1300.60,811.41,2
1,player,177,0,0,1201.33,617.71,1300.83,807.31,2
1,player,178,0,0,1201.85,614.01,1301.06,803.21,2
1,player,179,0,0,1202.37,610.31,1301.29,799.10,2
1,player,180,0,0,1202.89,606.61,1301.53,795.00,2
1,player,181,0,0,1203.41,602.91,1301.76,790.90,2
1,player,182,0,0,1203.93,599.21,1301.99,786.79,2
1,player,183,0,0,1204.45,595.51,1302.22,782.69,2
1,player,184,0,0,1204.97,591.82,1302.45,778.59,2
1,player,185,0,0,1205.49,588.12,1302.68,774.49,2
1,player,186,0,0,1206.01,584.42,1302.91,770.38,2
1,player,187,0,0,1206.53,580.72,1303.14,766.28,2
1,player,188,0,0,1207.05,577.02,1303.37,762.18,2
1,player,189,0,0,1207.56,573.32,1303.61,758.07,2
1,player,190,0,0,1208.08,569.62,1303.84,753.97,2
1,player,191,0,0,1208.60,565.92,1304.07,749.87,2
1,player,192,0,0,1209.12,562.22,1304.30,745.77,2
1,player,193,0,0,1209.64,558.52,1304.53,741.66,2
1,player,194,0,0,1210.16,554.82,1304.76,737.56,2
1,player,195,0,0,1210.68,551.12,1304.99,733.46,2
1,player,196,0,0,1211.20,547.42,1305.22,729.35,2
1,player,197,0,0,1213.93,546.36,1307.96,728.29,2
1,player,198,0,0,1216.66,545.29,1310.69,727.22,2
1,player,199,0,0,1219.40,544.22,1313.42,726.15,2
1,player,200,0,0,1222.13,543.15,1316.15,725.08,2
1,player,201,0,0,1224.86,542.08,1318.88,724.01,2
1,player,202,0,0,1227.59,541.01,1321.62,722.94,2
1,player,203,0,0,1230.32,539.94,1324.35,721.87,2
1,player,204,0,0,1233.06,538.87,1327.08,720.80,2
1,player,205,0,0,1235.79,537.80,1329.81,719.73,2
1,player,206,0,0,1238.52,536.73,1332.54,718.66,2
1,player,207,0,0,1241.25,535.67,1335.28,717.59,2
1,player,208,0,0,1243.98,534.60,1338.01,716.53,2
1,player,209,0,0,1246.72,533.53,1340.74,715.46,2
1,player,210,0,0,1249.45,532.46,1343.47,714.39,2
1,player,211,0,0,1252.18,531.39,1346.20,713.32,2
1,player,212,0,0,1254.91,530.32,1348.94,712.25,2
1,player,213,0,0,1257.64,529.25,1351.67,711.18,2
1,player,214,0,0,1260.38,528.18,1354.40,710.11,2
1,player,215,0,0,1266.34,528.81,1360.37,710.74,2
1,player,216,0,0,1272.31,529.43,1366.34,711.36,2
1,player,217,0,0,1278.28,530.05,1372.31,711.98,2
1,player,218,0,0,1284.25,530.68,1378.27,712.61,2
1,player,219,0,0,1290.22,531.30,1384.24,713.23,2
1,player,220,0,0,1296.19,531.92,1390.21,713.85,2
1,player,221,0,0,1302.16,532.55,1396.18,714.48,2
1,player,222,0,0,1308.13,533.17,1402.15,715.10,2
1,player,223,0,0,1314.10,533.79,1408.12,715.72,2
1,player,224,0,0,1320.06,534.42,1414.09,716.35,2
1,player,225,0,0,1326.03,535.04,1420.06,716.97,2
1,player,226,0,0,1332.00,535.67,1426.02,717.59,2
1,player,227,0,0,1337.97,536.29,1431.99,718.22,2
1,player,228,0,0,1343.94,536.91,1437.96,718.84,2
1,player,229,0,0,1349.91,537.54,1443.93,719.47,2
1,player,230,0,0,1355.88,538.16,1449.90,720.09,2
1,player,231,0,0,1361.85,538.78,1455.87,720.71,2
1,player,232,0,0,1367.81,539.41,1461.84,721.34,2
1,player,233,0,0,1373.78,540.03,1467.81,721.96,2
1,player,234,0,0,1379.75,540.65,1473.78,722.58,2
1,player,235,0,0,1385.72,541.28,1479.74,723.21,2
1,player,236,0,0,1391.69,541.90,1485.71,723.83,2
1,player,237,0,0,1397.66,542.52,1491.68,724.45,2
1,player,238,0,0,1403.63,543.15,1497.65,725.08,2
1,player,239,0,0,1408.33,543.15,1502.35,725.08,2
1,player,240,0,0,1413.04,543.15,1507.06,725.08,2
1,player,241,0,0,1417.74,543.15,1511.76,725.08,2
1,player,242,0,0,1422.44,543.15,1516.47,725.08,2
1,player,243,0,0,1427.15,543.15,1521.17,725.08,2
1,player,244,0,0,1431.85,543.15,1525.87,725.08,2
1,player,245,0,0,1436.55,543.15,1530.58,725.08,2
1,player,246,0,0,1441.26,543.15,1535.28,725.08,2
1,player,247,0,0,1445.96,543.15,1539.99,725.08,2
1,player,248,0,0,1450.67,543.15,1544.69,725.08,2
1,player,249,0,0,1454.70,543.39,1548.73,725.32,2
1,player,250,0,0,1458.74,543.62,1552.77,725.55,2
1,player,251,0,0,1462.78,543.86,1556.80,725.79,2
1,player,252,0,0,1466.82,544.10,1560.84,726.03,2
1,player,253,0,0,1470.86,544.34,1564.88,726.27,2
1,player,254,0,0,1474.90,544.57,1568.92,726.50,2
1,player,255,0,0,1478.94,544.81,1572.96,726.74,2
1,player,256,0,0,1482.98,545.05,1577.00,726.98,2
1,player,257,0,0,1487.01,545.29,1581.04,727.22,2
1,player,258,0,0,1493.43,547.42,1587.45,729.35,2
1,player,259,0,0,1499.84,549.56,1593.87,731.49,2
1,player,260,0,0,1506.26,551.70,1600.28,733.63,2
1,player,261,0,0,1512.67,553.84,1606.69,735.77,2
1,player,262,0,0,1516.95,555.50,1610.97,737.43,2
1,player,263,0,0,1521.22,557.16,1615.25,739.09,2
1,player,264,0,0,1525.50,558.83,1619.52,740.76,2
1,player,265,0,0,1529.78,560.49,1623.80,742.42,2
1,player,266,0,0,1534.05,562.15,1628.07,744.08,2
1,player,267,0,0,1538.33,563.82,1632.35,745.75,2
1,player,268,0,0,1542.60,565.48,1636.63,747.41,2
1,player,269,0,0,1546.88,567.14,1640.90,749.07,2
1,player,270,0,0,1551.16,568.81,1645.18,750.74,2
1,player,271,0,0,1563.13,573.08,1657.15,755.01,2
1,player,272,0,0,1575.10,577.36,1669.13,759.29,2
1,player,273,0,0,1587.08,581.63,1681.10,763.56,2
1,player,274,0,0,1599.05,585.91,1693.07,767.84,2
1,player,275,0,0,1611.02,590.19,1705.05,772.12,2
1,player,276,0,0,1620.38,589.38,1714.40,771.31,2
1,player,277,0,0,1629.73,588.58,1723.75,770.51,2
1,player,278,0,0,1639.09,587.78,1733.11,769.71,2
1,player,279,0,0,1648.44,586.98,1742.46,768.91,2
1,player,280,0,0,1657.79,586.18,1751.82,768.11,2
1,player,281,0,0,1667.15,585.38,1761.17,767.31,2
1,player,282,0,0,1676.50,584.57,1770.53,766.50,2
1,player,283,0,0,1685.86,583.77,1779.88,765.70,2
1,player,284,0,0,1697.62,586.98,1791.64,768.91,2
1,player,285,0,0,1709.38,590.19,1803.40,772.12,2
1,player,286,0,0,1715.36,588.90,1809.39,770.83,2
1,player,287,0,0,1721.35,587.62,1815.37,769.55,2
1,player,288,0,0,1727.34,586.34,1821.36,768.27,2
1,player,289,0,0,1733.32,585.06,1827.35,766.99,2
1,player,290,0,0,1739.31,583.77,1833.33,765.70,2
1,player,291,0,0,1745.30,582.49,1839.32,764.42,2
1,player,292,0,0,1751.28,581.21,1845.31,763.14,2
1,player,293,0,0,1757.27,579.92,1851.29,761.85,2
1,player,294,0,0,1763.26,578.64,1857.28,760.57,2
1,player,295,0,0,1769.24,577.36,1863.27,759.29,2
1,player,296,0,0,1771.55,574.97,1865.45,756.90,2
1,player,297,0,0,1773.85,572.59,1867.63,754.52,2
1,player,298,0,0,1776.15,570.20,1869.81,752.13,2
1,player,299,0,0,1778.45,567.82,1871.99,749.75,2
1,player,300,0,0,1780.76,565.43,1874.18,747.36,2
1,player,301,0,0,1783.06,563.05,1876.36,744.98,2
1,player,302,0,0,1785.36,560.67,1878.54,742.60,2
1,player,303,0,0,1787.66,558.28,1880.72,740.21,2
1,player,304,0,0,1789.97,555.90,1882.90,737.83,2
1,player,305,0,0,1792.27,553.51,1885.09,735.44,2
1,player,306,0,0,1794.57,551.13,1887.27,733.06,2
1,player,307,0,0,1796.87,548.74,1889.45,730.67,2
1,player,308,0,0,1799.18,546.36,1891.63,728.29,2
1,player,309,0,0,1801.48,543.97,1893.82,725.90,2
1,player,310,0,0,1803.78,541.59,1896.00,723.52,2
1,player,311,0,0,1806.08,539.20,1898.18,721.13,2
1,player,312,0,0,1808.39,536.82,1900.36,718.75,2
1,player,313,0,0,1810.69,534.43,1902.54,716.36,2
1,player,314,0,0,1812.99,532.05,1904.73,713.98,2
1,player,315,0,0,1815.29,529.66,1906.91,711.59,2
1,player,316,0,0,1817.60,527.28,1909.09,709.21,2
1,player,317,0,0,1819.90,524.89,1911.27,706.82,2
1,player,318,0,0,1822.20,522.51,1913.45,704.44,2
1,player,319,0,0,1824.51,520.12,1915.64,702.05,2
1,player,320,0,0,1826.81,517.74,1917.82,699.67,2
1,player,321,0,0,1829.11,515.36,1920.00,697.29,2
1,player,322,0,0,1821.20,515.87,1912.02,697.57,2
1,player,323,0,0,1813.29,516.38,1904.03,697.85,2
1,player,324,0,0,1805.38,516.89,1896.05,698.14,2
1,player,325,0,0,1797.47,517.40,1888.06,698.42,2
1,player,326,0,0,1789.57,517.91,1880.08,698.71,2
1,player,327,0,0,1781.66,518.42,1872.09,698.99,2
1,player,328,0,0,1773.75,518.93,1864.11,699.27,2
1,player,329,0,0,1765.84,519.44,1856.12,699.56,2
1,player,330,0,0,1757.93,519.95,1848.14,699.84,2
1,player,331,0,0,1750.02,520.46,1840.15,700.13,2
1,player,332,0,0,1742.11,520.98,1832.17,700.41,2
1,player,333,0,0,1734.20,521.49,1824.18,700.70,2
1,player,334,0,0,1726.29,522.00,1816.20,700.98,2
1,player,335,0,0,1718.38,522.51,1808.21,701.26,2
1,player,336,0,0,1710.47,523.02,1800.23,701.55,2
1,player,337,0,0,1702.57,523.53,1792.24,701.83,2
1,player,338,0,0,1694.66,524.04,1784.26,702.12,2
1,player,339,0,0,1686.75,524.55,1776.27,702.40,2
1,player,340,0,0,1678.84,525.06,1768.29,702.69,2
1,player,341,0,0,1670.93,525.57,1760.30,702.97,2
1,player,342,0,0,1663.02,526.08,1752.32,703.25,2
1,player,343,0,0,1655.11,526.59,1744.33,703.54,2
1,player,344,0,0,1647.20,527.11,1736.35,703.82,2
1,player,345,0,0,1639.29,527.62,1728.36,704.11,2
1,player,346,0,0,1631.38,528.13,1720.38,704.39,2
1,player,347,0,0,1623.48,528.64,1712.39,704.67,2
1,player,348,0,0,1615.57,529.15,1704.41,704.96,2
1,player,349,0,0,1607.66,529.66,1696.42,705.24,2
1,player,350,0,0,1599.75,530.17,1688.44,705.53,2
1,player,351,0,0,1591.84,530.68,1680.45,705.81,2
1,player,352,0,0,1583.93,531.19,1672.47,706.10,2
1,player,353,0,0,1576.02,531.70,1664.48,706.38,2
1,player,354,0,0,1568.11,532.21,1656.50,706.66,2
1,player,355,0,0,1560.20,532.73,1648.51,706.95,2
1,player,356,0,0,1552.29,533.24,1640.53,707.23,2
1,player,357,0,0,1544.39,533.75,1632.54,707.52,2
1,player,358,0,0,1536.48,534.26,1624.56,707.80,2
1,player,359,0,0,1528.57,534.77,1616.57,708.08,2
1,player,360,0,0,1520.66,535.28,1608.59,708.37,2
1,player,361,0,0,1512.75,535.79,1600.60,708.65,2
1,player,362,0,0,1504.84,536.30,1592.62,708.94,2
1,player,363,0,0,1496.93,536.81,1584.63,709.22,2
1,player,364,0,0,1489.02,537.32,1576.65,709.51,2
1,player,365,0,0,1481.11,537.83,1568.66,709.79,2
1,player,366,0,0,1473.20,538.35,1560.68,710.07,2
1,player,367,0,0,1465.30,538.86,1552.69,710.36,2
1,player,368,0,0,1457.39,539.37,1544.71,710.64,2
1,player,369,0,0,1449.48,539.88,1536.72,710.93,2
1,player,370,0,0,1441.57,540.39,1528.74,711.21,2
1,player,371,0,0,1433.66,540.90,1520.75,711.50,2
1,player,372,0,0,1425.75,541.41,1512.77,711.78,2
1,player,373,0,0,1417.84,541.92,1504.78,712.06,2
1,player,374,0,0,1409.93,542.43,1496.80,712.35,2
1,player,375,0,0,1402.02,542.94,1488.81,712.63,2
1,player,376,0,0,1394.11,543.45,1480.83,712.92,2
1,player,377,0,0,1386.21,543.96,1472.84,713.20,2
1,player,378,0,0,1378.30,544.48,1464.86,713.48,2
1,player,379,0,0,1370.39,544.99,1456.87,713.77,2
1,player,380,0,0,1362.48,545.50,1448.89,714.05,2
1,player,381,0,0,1354.57,546.01,1440.90,714.34,2
1,player,382,0,0,1346.66,546.52,1432.92,714.62,2
1,player,383,0,0,1338.75,547.03,1424.93,714.91,2
1,player,384,0,0,1330.84,547.54,1416.95,715.19,2
1,player,385,0,0,1322.93,548.05,1408.96,715.47,2
1,player,386,0,0,1315.02,548.56,1400.98,715.76,2
1,player,387,0,0,1307.11,549.07,1392.99,716.04,2
1,player,388,0,0,1299.21,549.58,1385.01,716.33,2
1,player,389,0,0,1291.30,550.10,1377.02,716.61,2
1,player,390,0,0,1283.39,550.61,1369.04,716.90,2
1,player,391,0,0,1275.48,551.12,1361.05,717.18,2
1,player,392,0,0,1267.57,551.63,1353.07,717.46,2
1,player,393,0,0,1259.66,552.14,1345.08,717.75,2
1,player,394,0,0,1251.75,552.65,1337.10,718.03,2
1,player,395,0,0,1243.84,553.16,1329.11,718.32,2
1,player,396,0,0,1235.93,553.67,1321.13,718.60,2
1,player,397,0,0,1228.02,554.18,1313.14,718.88,2
1,player,398,0,0,1220.12,554.69,1305.16,719.17,2
1,player,399,0,0,1212.21,555.20,1297.17,719.45,2
1,player,400,0,0,1204.30,555.72,1289.19,719.74,2
1,player,401,0,0,1196.39,556.23,1281.20,720.02,2
1,player,402,0,0,1188.48,556.74,1273.22,720.31,2
1,player,403,0,0,1180.57,557.25,1265.23,720.59,2
1,player,404,0,0,1172.66,557.76,1257.25,720.87,2
1,player,405,0,0,1164.75,558.27,1249.26,721.16,2
1,player,406,0,0,1156.84,558.78,1241.28,721.44,2
1,player,407,0,0,1148.93,559.29,1233.29,721.73,2
1,player,408,0,0,1141.03,559.80,1225.31,722.01,2
1,player,409,0,0,1133.12,560.31,1217.32,722.29,2
1,player,410,0,0,1125.21,560.82,1209.34,722.58,2
1,player,411,0,0,1117.30,561.33,1201.35,722.86,2
1,player,412,0,0,1109.39,561.85,1193.37,723.15,2
1,player,413,0,0,1101.48,562.36,1185.38,723.43,2
1,player,414,0,0,1093.57,562.87,1177.40,723.72,2
1,player,415,0,0,1085.66,563.38,1169.41,724.00,2
1,player,416,0,0,1077.75,563.89,1161.43,724.28,2
1,player,417,0,0,1069.84,564.40,1153.44,724.57,2
1,player,418,0,0,1061.94,564.91,1145.46,724.85,2
1,player,419,0,0,1054.03,565.42,1137.47,725.14,2
1,player,420,0,0,1046.12,565.93,1129.49,725.42,2
1,player,421,0,0,1038.21,566.44,1121.50,725.71,2
1,player,422,0,0,1030.30,566.95,1113.52,725.99,2
1,player,423,0,0,1022.39,567.47,1105.53,726.27,2
1,player,424,0,0,1014.48,567.98,1097.55,726.56,2
1,player,425,0,0,1006.57,568.49,1089.56,726.84,2
1,player,426,0,0,998.66,569.00,1081.58,727.13,2
1,player,427,0,0,990.75,569.51,1073.59,727.41,2
1,player,428,0,0,982.84,570.02,1065.61,727.69,2
1,player,429,0,0,974.94,570.53,1057.62,727.98,2
1,player,430,0,0,967.03,571.04,1049.64,728.26,2
1,player,431,0,0,959.12,571.55,1041.65,728.55,2
1,player,432,0,0,951.21,572.06,1033.67,728.83,2
1,player,433,0,0,943.30,572.57,1025.68,729.12,2
1,player,434,0,0,935.39,573.08,1017.70,729.40,2
1,player,435,0,0,932.73,577.43,1015.04,734.01,2
1,player,436,0,0,930.06,581.78,1012.38,738.62,2
1,player,437,0,0,927.40,586.13,1009.71,743.23,2
1,player,438,0,0,924.74,590.48,1007.05,747.84,2
1,player,439,0,0,922.08,594.83,1004.39,752.45,2
1,player,440,0,0,919.41,599.18,1001.73,757.06,2
1,player,441,0,0,916.75,603.53,999.06,761.67,2
1,player,442,0,0,914.09,607.88,996.40,766.28,2
1,player,443,0,0,911.42,612.23,993.74,770.89,2
1,player,444,0,0,908.76,616.58,991.08,775.50,2
1,player,445,0,0,906.10,620.93,988.41,780.11,2
1,player,446,0,0,903.44,625.28,985.75,784.72,2
1,player,447,0,0,900.77,629.63,983.09,789.33,2
1,player,448,0,0,898.11,633.98,980.43,793.95,2
1,player,449,0,0,895.45,638.33,977.76,798.56,2
1,player,450,0,0,892.78,642.68,975.10,803.17,2
1,player,451,0,0,890.12,647.03,972.44,807.78,2
1,player,452,0,0,887.46,651.38,969.78,812.39,2
1,player,453,0,0,884.79,655.73,967.12,817.00,2
1,player,454,0,0,882.13,660.08,964.45,821.61,2
1,player,455,0,0,879.47,664.43,961.79,826.22,2
1,player,456,0,0,876.81,668.78,959.13,830.83,2
1,player,457,0,0,874.14,673.13,956.47,835.44,2
1,player,458,0,0,871.48,677.48,953.80,840.05,2
1,player,459,0,0,868.82,681.83,951.14,844.66,2
1,player,460,0,0,866.15,686.18,948.48,849.27,2
1,player,461,0,0,863.49,690.53,945.82,853.88,2
1,player,462,0,0,860.83,694.88,943.15,858.49,2
1,player,463,0,0,858.17,699.23,940.49,863.10,2
1,player,464,0,0,855.50,703.58,937.83,867.71,2
1,player,465,0,0,852.84,707.93,935.17,872.32,2
1,player,466,0,0,850.18,712.28,932.50,876.93,2
1,player,467,0,0,847.51,716.63,929.84,881.54,2
1,player,468,0,0,844.85,720.98,927.18,886.15,2
1,player,469,0,0,842.19,725.33,924.52,890.76,2
1,player,470,0,0,839.52,729.67,921.86,895.37,2
1,player,471,0,0,838.40,732.09,920.73,898.60,2
1,player,472,0,0,837.27,734.51,919.60,901.83,2
1,player,473,0,0,836.14,736.93,918.47,905.05,2
1,player,474,0,0,835.01,739.35,917.34,908.28,2
1,player,475,0,0,833.88,741.77,916.21,911.50,2
1,player,476,0,0,832.75,744.18,915.08,914.73,2
1,player,477,0,0,831.62,746.60,913.96,917.95,2
1,player,478,0,0,830.50,749.02,912.83,921.18,2
1,player,479,0,0,829.37,751.44,911.70,924.41,2
1,player,480,0,0,828.24,753.86,910.57,927.63,2
1,player,481,0,0,827.11,756.28,909.44,930.86,2
1,player,482,0,0,825.98,758.69,908.31,934.08,2
1,player,483,0,0,824.85,761.11,907.18,937.31,2
1,player,484,0,0,823.72,763.53,906.06,940.54,2
1,player,485,0,0,822.60,765.95,904.93,943.76,2
1,player,486,0,0,821.47,768.37,903.80,946.99,2
1,player,487,0,0,820.34,770.78,902.67,950.21,2
1,player,488,0,0,819.21,773.20,901.54,953.44,2
1,player,489,0,0,818.08,775.62,900.41,956.67,2
1,player,490,0,0,816.95,778.04,899.28,959.89,2
1,player,491,0,0,815.83,780.46,898.16,963.12,2
1,player,492,0,0,814.70,782.88,897.03,966.34,2
1,player,493,0,0,813.57,785.29,895.90,969.57,2
1,player,494,0,0,812.44,787.71,894.77,972.79,2
1,player,495,0,0,811.31,790.13,893.64,976.02,2
1,player,496,0,0,810.18,792.55,892.51,979.25,2
1,player,497,0,0,809.05,794.97,891.39,982.47,2
1,player,498,0,0,807.93,797.39,890.26,985.70,2
1,player,499,0,0,806.80,799.80,889.13,988.92,2
1,player,500,0,0,803.70,800.02,886.03,989.14,2
1,player,501,0,0,800.60,800.24,882.93,989.36,2
1,player,502,0,0,797.50,800.46,879.83,989.58,2
1,player,503,0,0,794.40,800.68,876.74,989.80,2
1,player,504,0,0,791.31,800.89,873.64,990.02,2
1,player,505,0,0,788.21,801.11,870.54,990.23,2
1,player,506,0,0,785.11,801.33,867.44,990.45,2
1,player,507,0,0,782.01,801.55,864.34,990.67,2
1,player,508,0,0,778.91,801.77,861.25,990.89,2
1,player,509,0,0,775.82,801.99,858.15,991.11,2
1,player,510,0,0,772.72,802.20,855.05,991.32,2
1,player,511,0,0,769.62,802.42,851.95,991.54,2
1,player,512,0,0,766.52,802.64,848.85,991.76,2
1,player,513,0,0,763.42,802.86,845.76,991.98,2
1,player,514,0,0,760.33,803.08,842.66,992.20,2
1,player,515,0,0,757.23,803.29,839.56,992.41,2
1,player,516,0,0,754.13,803.51,836.46,992.63,2
1,player,517,0,0,751.03,803.73,833.36,992.85,2
1,player,518,0,0,747.93,803.95,830.26,993.07,2
1,player,519,0,0,744.84,804.17,827.17,993.29,2
1,player,520,0,0,741.74,804.39,824.07,993.51,2
1,player,521,0,0,738.64,804.60,820.97,993.72,2
1,player,522,0,0,735.54,804.82,817.87,993.94,2
1,player,523,0,0,732.44,805.04,814.77,994.16,2
1,player,524,0,0,729.35,805.26,811.68,994.38,2
1,player,525,0,0,726.25,805.48,808.58,994.60,2
1,player,526,0,0,723.15,805.69,805.48,994.81,2
1,player,527,0,0,720.05,805.91,802.38,995.03,2
1,player,528,0,0,716.95,806.13,799.28,995.25,2
1,player,529,0,0,713.86,806.35,796.19,995.47,2
1,player,530,0,0,710.76,806.57,793.09,995.69,2
1,player,531,0,0,707.66,806.79,789.99,995.91,2
1,player,532,0,0,704.56,807.00,786.89,996.12,2
1,player,533,0,0,701.46,807.22,783.79,996.34,2
1,player,534,0,0,698.36,807.44,780.70,996.56,2
1,player,535,0,0,695.27,807.66,777.60,996.78,2
1,player,536,0,0,692.17,807.88,774.50,997.00,2
1,player,537,0,0,689.07,808.09,771.40,997.21,2
1,player,538,0,0,685.97,808.31,768.30,997.43,2
1,player,539,0,0,682.87,808.53,765.21,997.65,2
1,player,540,0,0,679.78,808.75,762.11,997.87,2
1,player,541,0,0,676.68,808.97,759.01,998.09,2
1,player,542,0,0,673.58,809.19,755.91,998.31,2
1,player,543,0,0,670.48,809.40,752.81,998.52,2
1,player,544,0,0,667.38,809.62,749.72,998.74,2
1,player,545,0,0,664.29,809.84,746.62,998.96,2
1,player,546,0,0,661.19,810.06,743.52,999.18,2
1,player,547,0,0,658.09,810.28,740.42,999.40,2
1,player,548,0,0,654.99,810.49,737.32,999.61,2
1,player,549,0,0,661.41,812.63,743.74,1001.75,2
1,player,550,0,0,657.13,812.63,743.74,1001.75,2
1,player,551,0,0,652.84,812.63,743.74,1001.75,2
1,player,552,0,0,648.56,812.63,743.74,1001.75,2
1,player,553,0,0,644.28,812.63,743.74,1001.75,2
1,player,554,0,0,640.00,812.63,743.74,1001.75,2
1,player,555,0,0,636.26,813.17,740.00,1002.29,2
1,player,556,0,0,632.52,813.70,736.25,1002.82,2
1,player,557,0,0,628.77,814.24,732.51,1003.36,2
1,player,558,0,0,625.03,814.77,728.77,1003.89,2
1,player,559,0,0,621.29,815.31,725.03,1004.43,2
1,player,560,0,0,617.55,815.84,721.29,1004.96,2
1,player,561,0,0,613.81,816.37,717.55,1005.50,2
1,player,562,0,0,610.07,816.91,713.80,1006.03,2
1,player,563,0,0,606.32,817.44,710.06,1006.56,2
1,player,564,0,0,602.58,817.98,706.32,1007.10,2
1,player,565,0,0,598.84,818.51,702.58,1007.63,2
1,player,566,0,0,595.10,819.05,698.84,1008.17,2
1,player,567,0,0,591.36,819.58,695.10,1008.70,2
1,player,568,0,0,587.62,820.12,691.35,1009.24,2
1,player,569,0,0,583.87,820.65,687.61,1009.77,2
1,player,570,0,0,580.13,821.19,683.87,1010.31,2
1,player,571,0,0,586.88,818.81,690.62,1007.93,2
1,player,572,0,0,593.63,816.43,697.36,1005.55,2
1,player,573,0,0,600.37,814.06,704.11,1003.18,2
1,player,574,0,0,607.12,811.68,710.86,1000.80,2
1,player,575,0,0,613.87,809.31,717.61,998.43,2
1,player,576,0,0,620.61,806.93,724.35,996.05,2
1,player,577,0,0,627.36,804.56,731.10,993.68,2
1,player,578,0,0,634.11,802.18,737.85,991.30,2
1,player,579,0,0,640.85,799.80,744.59,988.93,2
1,player,580,0,0,647.60,797.43,751.34,986.55,2
1,player,581,0,0,654.35,795.05,758.09,984.17,2
1,player,582,0,0,661.10,792.68,764.83,981.80,2
1,player,583,0,0,667.84,790.30,771.58,979.42,2
1,player,584,0,0,674.59,787.93,778.33,977.05,2
1,player,585,0,0,681.34,785.55,785.07,974.67,2
1,player,586,0,0,688.08,783.18,791.82,972.30,2
1,player,587,0,0,694.83,780.80,798.57,969.92,2
1,player,588,0,0,701.58,778.42,805.31,967.54,2
1,player,589,0,0,708.32,776.05,812.06,965.17,2
1,player,590,0,0,715.07,773.67,818.81,962.79,2
1,player,591,0,0,721.82,771.30,825.56,960.42,2
1,player,592,0,0,728.56,768.92,832.30,958.04,2
1,player,593,0,0,735.31,766.55,839.05,955.67,2
1,player,594,0,0,742.06,764.17,845.80,953.29,2
1,player,595,0,0,748.80,761.79,852.54,950.91,2
1,player,596,0,0,755.55,759.42,859.29,948.54,2
1,player,597,0,0,762.30,757.04,866.04,946.16,2
1,player,598,0,0,769.04,754.67,872.78,943.79,2
1,player,599,0,0,775.79,752.29,879.53,941.41,2
1,player,600,0,0,782.54,749.92,886.28,939.04,2
1,player,601,0,0,789.29,747.54,893.02,936.66,2
1,player,602,0,0,796.03,745.16,899.77,934.29,2
1,player,603,0,0,802.78,742.79,906.52,931.91,2
1,player,604,0,0,809.53,740.41,913.26,929.53,2
1,player,605,0,0,816.27,738.04,920.01,927.16,2
1,player,606,0,0,823.02,735.66,926.76,924.78,2
1,player,607,0,0,829.77,733.29,933.50,922.41,2
1,player,608,0,0,836.51,730.91,940.25,920.03,2
1,player,609,0,0,843.26,728.54,947.00,917.66,2
1,player,610,0,0,850.01,726.16,953.75,915.28,2
1,player,611,0,0,856.75,723.78,960.49,912.90,2
1,player,612,0,0,863.50,721.41,967.24,910.53,2
1,player,613,0,0,870.25,719.03,973.99,908.15,2
1,player,614,0,0,876.99,716.66,980.73,905.78,2
1,player,615,0,0,883.74,714.28,987.48,903.40,2
1,player,616,0,0,900.85,710.01,1004.58,899.13,2
1,player,617,0,0,917.95,705.73,1021.69,894.85,2
1,player,618,0,0,935.06,701.45,1038.79,890.57,2
1,player,619,0,0,954.06,697.41,1057.80,886.54,2
1,player,620,0,0,973.07,693.38,1076.80,882.50,2
1,player,621,0,0,992.07,689.34,1095.81,878.46,2
1,player,622,0,0,1011.08,685.30,1114.81,874.42,2
1,player,623,0,0,1030.08,681.26,1133.82,870.38,2
1,player,624,0,0,1049.09,677.22,1152.83,866.34,2
1,player,625,0,0,1068.09,673.18,1171.83,862.30,2
1,player,626,0,0,1087.10,669.14,1190.84,858.26,2
1,player,627,0,0,1106.10,665.11,1209.84,854.23,2
1,player,628,0,0,1120.93,664.75,1224.66,853.87,2
1,player,629,0,0,1135.75,664.39,1239.49,853.51,2
1,player,630,0,0,1150.57,664.04,1254.31,853.16,2
1,player,631,0,0,1165.40,663.68,1269.14,852.80,2
1,player,632,0,0,1180.22,663.32,1283.96,852.44,2
1,player,633,0,0,1195.05,662.97,1298.79,852.09,2
1,player,634,0,0,1209.87,662.61,1313.61,851.73,2
1,player,635,0,0,1224.69,662.25,1328.43,851.38,2
1,player,636,0,0,1239.52,661.90,1343.26,851.02,2
1,player,637,0,0,1254.34,661.54,1358.08,850.66,2
1,player,638,0,0,1269.17,661.19,1372.91,850.31,2
1,player,639,0,0,1283.99,660.83,1387.73,849.95,2
1,player,640,0,0,1298.82,660.47,1402.55,849.59,2
1,player,641,0,0,1313.64,660.12,1417.38,849.24,2
1,player,642,0,0,1328.46,659.76,1432.20,848.88,2
1,player,643,0,0,1343.29,659.40,1447.03,848.52,2
1,player,644,0,0,1358.11,659.05,1461.85,848.17,2
1,player,645,0,0,1372.94,658.69,1476.67,847.81,2
1,player,646,0,0,1387.76,658.33,1491.50,847.46,2
1,player,647,0,0,1402.58,657.98,1506.32,847.10,2
1,player,648,0,0,1417.41,657.62,1521.15,846.74,2
1,player,649,0,0,1432.23,657.27,1535.97,846.39,2
1,player,650,0,0,1447.06,656.91,1550.79,846.03,2
1,player,651,0,0,1461.88,656.55,1565.62,845.67,2
1,player,652,0,0,1476.70,656.20,1580.44,845.32,2
1,player,653,0,0,1491.53,655.84,1595.27,844.96,2
1,player,654,0,0,1506.35,655.48,1610.09,844.60,2
1,player,655,0,0,1521.18,655.13,1624.91,844.25,2
1,player,656,0,0,1536.00,654.77,1639.74,843.89,2
1,player,657,0,0,1550.82,654.42,1654.56,843.54,2
1,player,658,0,0,1564.72,654.42,1668.46,843.54,2
1,player,659,0,0,1578.62,654.42,1682.36,843.54,2
1,player,660,0,0,1587.85,655.20,1691.59,844.32,2
1,player,661,0,0,1597.08,655.99,1700.81,845.11,2
1,player,662,0,0,1606.30,656.78,1710.04,845.90,2
1,player,663,0,0,1615.53,657.57,1719.27,846.69,2
1,player,664,0,0,1624.76,658.35,1728.50,847.47,2
1,player,665,0,0,1633.99,659.14,1737.72,848.26,2
1,player,666,0,0,1643.21,659.93,1746.95,849.05,2
1,player,667,0,0,1652.44,660.72,1756.18,849.84,2
1,player,668,0,0,1661.67,661.50,1765.41,850.63,2
1,player,669,0,0,1670.90,662.29,1774.63,851.41,2
1,player,670,0,0,1680.12,663.08,1783.86,852.20,2
1,player,671,0,0,1689.35,663.87,1793.09,852.99,2
1,player,672,0,0,1698.58,664.66,1802.32,853.78,2
1,player,673,0,0,1707.81,665.44,1811.54,854.56,2
1,player,674,0,0,1717.03,666.23,1820.77,855.35,2
1,player,675,0,0,1726.26,667.02,1830.00,856.14,2
1,player,676,0,0,1735.49,667.81,1839.23,856.93,2
1,player,677,0,0,1744.72,668.59,1848.45,857.71,2
1,player,678,0,0,1753.94,669.38,1857.68,858.50,2
1,player,679,0,0,1753.05,670.10,1856.79,859.22,2
1,player,680,0,0,1752.15,670.82,1855.89,859.94,2
1,player,681,0,0,1751.26,671.54,1855.00,860.67,2
1,player,682,0,0,1750.36,672.27,1854.10,861.39,2
1,player,683,0,0,1749.47,672.99,1853.21,862.11,2
1,player,684,0,0,1748.57,673.71,1852.31,862.83,2
1,player,685,0,0,1747.68,674.43,1851.42,863.55,2
1,player,686,0,0,1746.78,675.15,1850.52,864.27,2
1,player,687,0,0,1745.89,675.87,1849.63,864.99,2
1,player,688,0,0,1744.99,676.59,1848.73,865.71,2
1,player,689,0,0,1744.10,677.31,1847.84,866.43,2
1,player,690,0,0,1743.20,678.03,1846.94,867.15,2
1,player,691,0,0,1742.31,678.75,1846.05,867.88,2
1,player,692,0,0,1741.41,679.48,1845.15,868.60,2
1,player,693,0,0,1740.52,680.20,1844.26,869.32,2
1,player,694,0,0,1739.62,680.92,1843.36,870.04,2
1,player,695,0,0,1738.73,681.64,1842.47,870.76,2
1,player,696,0,0,1737.83,682.36,1841.57,871.48,2
1,player,697,0,0,1736.94,683.08,1840.68,872.20,2
1,player,698,0,0,1736.04,683.80,1839.78,872.92,2
1,player,699,0,0,1735.15,684.52,1838.89,873.64,2
1,player,700,0,0,1734.25,685.24,1837.99,874.36,2
1,player,701,0,0,1733.36,685.96,1837.10,875.09,2
1,player,702,0,0,1732.46,686.69,1836.20,875.81,2
1,player,703,0,0,1731.57,687.41,1835.31,876.53,2
1,player,704,0,0,1730.67,688.13,1834.41,877.25,2
1,player,705,0,0,1729.78,688.85,1833.52,877.97,2
1,player,706,0,0,1728.88,689.57,1832.62,878.69,2
1,player,707,0,0,1727.99,690.29,1831.73,879.41,2
1,player,708,0,0,1727.09,691.01,1830.83,880.13,2
1,player,709,0,0,1726.20,691.73,1829.94,880.85,2
1,player,710,0,0,1725.30,692.45,1829.04,881.57,2
1,player,711,0,0,1724.41,693.17,1828.15,882.29,2
1,player,712,0,0,1723.51,693.90,1827.25,883.02,2
1,player,713,0,0,1722.62,694.62,1826.36,883.74,2
1,player,714,0,0,1721.72,695.34,1825.46,884.46,2
1,player,715,0,0,1720.83,696.06,1824.57,885.18,2
1,player,716,0,0,1719.93,696.78,1823.67,885.90,2
1,player,717,0,0,1719.04,697.50,1822.78,886.62,2
1,player,718,0,0,1718.14,698.22,1821.88,887.34,2
1,player,719,0,0,1717.25,698.94,1820.99,888.06,2
1,player,720,0,0,1716.35,699.66,1820.09,888.78,2
1,player,721,0,0,1715.46,700.38,1819.20,889.50,2
1,player,722,0,0,1714.56,701.11,1818.30,890.23,2
1,player,723,0,0,1713.67,701.83,1817.41,890.95,2
1,player,724,0,0,1712.77,702.55,1816.51,891.67,2
1,player,725,0,0,1711.88,703.27,1815.62,892.39,2
1,player,726,0,0,1710.98,703.99,1814.72,893.11,2
1,player,727,0,0,1710.09,704.71,1813.83,893.83,2
1,player,728,0,0,1709.19,705.43,1812.93,894.55,2
1,player,729,0,0,1708.30,706.15,1812.04,895.27,2
1,player,730,0,0,1707.40,706.87,1811.14,895.99,2
1,player,731,0,0,1706.51,707.59,1810.25,896.71,2
1,player,732,0,0,1705.61,708.32,1809.35,897.44,2
1,player,733,0,0,1704.72,709.04,1808.46,898.16,2
1,player,734,0,0,1703.82,709.76,1807.56,898.88,2
1,player,735,0,0,1702.93,710.48,1806.67,899.60,2
1,player,736,0,0,1702.03,711.20,1805.77,900.32,2
1,player,737,0,0,1701.14,711.92,1804.88,901.04,2
1,player,738,0,0,1700.24,712.64,1803.98,901.76,2
1,player,739,0,0,1699.35,713.36,1803.09,902.48,2
1,player,740,0,0,1698.45,714.08,1802.19,903.20,2
1,player,741,0,0,1697.56,714.80,1801.30,903.92,2
1,player,742,0,0,1696.66,715.53,1800.40,904.65,2
1,player,743,0,0,1695.77,716.25,1799.51,905.37,2
1,player,744,0,0,1694.87,716.97,1798.61,906.09,2
1,player,745,0,0,1693.98,717.69,1797.72,906.81,2
1,player,746,0,0,1693.08,718.41,1796.82,907.53,2
1,player,747,0,0,1692.19,719.13,1795.93,908.25,2
1,player,748,0,0,1691.29,719.85,1795.03,908.97,2
1,player,749,0,0,1690.40,720.57,1794.14,909.69,2
1,player,750,0,0,1689.50,721.29,1793.24,910.41,2
1,player,751,0,0,1688.61,722.01,1792.35,911.13,2
1,player,752,0,0,1687.71,722.73,1791.45,911.86,2
1,player,753,0,0,1686.82,723.46,1790.56,912.58,2
1,player,754,0,0,1685.92,724.18,1789.66,913.30,2
1,player,755,0,0,1685.03,724.90,1788.77,914.02,2
1,player,756,0,0,1684.13,725.62,1787.87,914.74,2
1,player,757,0,0,1683.24,726.34,1786.98,915.46,2
1,player,758,0,0,1682.34,727.06,1786.08,916.18,2
1,player,759,0,0,1681.45,727.78,1785.19,916.90,2
1,player,760,0,0,1680.55,728.50,1784.29,917.62,2
1,player,761,0,0,1679.66,729.22,1783.40,918.34,2
1,player,762,0,0,1678.76,729.94,1782.50,919.07,2
1,player,763,0,0,1677.87,730.67,1781.61,919.79,2
1,player,764,0,0,1676.97,731.39,1780.71,920.51,2
1,player,765,0,0,1676.88,734.21,1780.61,923.33,2
1,player,766,0,0,1676.78,737.02,1780.52,926.14,2
1,player,767,0,0,1676.68,739.84,1780.42,928.96,2
1,player,768,0,0,1676.58,742.66,1780.32,931.78,2
1,player,769,0,0,1676.49,745.48,1780.23,934.60,2
1,player,770,0,0,1676.39,748.30,1780.13,937.42,2
1,player,771,0,0,1676.29,751.12,1780.03,940.24,2
1,player,772,0,0,1676.20,753.93,1779.93,943.05,2
1,player,773,0,0,1676.10,756.75,1779.84,945.87,2
1,player,774,0,0,1676.00,759.57,1779.74,948.69,2
1,player,775,0,0,1675.90,762.39,1779.64,951.51,2
1,player,776,0,0,1675.81,765.21,1779.54,954.33,2
1,player,777,0,0,1675.71,768.03,1779.45,957.15,2
1,player,778,0,0,1675.61,770.84,1779.35,959.96,2
1,player,779,0,0,1675.52,773.66,1779.25,962.78,2
1,player,780,0,0,1675.42,776.48,1779.16,965.60,2
1,player,781,0,0,1675.32,779.30,1779.06,968.42,2
1,player,782,0,0,1675.22,782.12,1778.96,971.24,2
1,player,783,0,0,1675.13,784.94,1778.86,974.06,2
1,player,784,0,0,1675.03,787.75,1778.77,976.88,2
1,player,785,0,0,1674.93,790.57,1778.67,979.69,2
1,player,786,0,0,1674.83,793.39,1778.57,982.51,2
1,player,787,0,0,1653.45,795.53,1757.19,984.65,2
1,player,788,0,0,1651.08,795.53,1754.82,984.65,2
1,player,789,0,0,1648.70,795.53,1752.44,984.65,2
1,player,790,0,0,1646.33,795.53,1750.07,984.65,2
1,player,791,0,0,1643.95,795.53,1747.69,984.65,2
1,player,792,0,0,1641.58,795.53,1745.31,984.65,2
1,player,793,0,0,1639.20,795.53,1742.94,984.65,2
1,player,794,0,0,1636.82,795.53,1740.56,984.65,2
1,player,795,0,0,1634.45,795.53,1738.19,984.65,2
1,player,796,0,0,1632.07,795.53,1735.81,984.65,2
1,player,797,0,0,1628.87,797.42,1732.60,986.54,2
1,player,798,0,0,1625.66,799.30,1729.40,988.42,2
1,player,799,0,0,1622.45,801.19,1726.19,990.31,2
1,player,800,0,0,1619.24,803.08,1722.98,992.20,2
1,player,801,0,0,1616.04,804.96,1719.78,994.08,2
1,player,802,0,0,1612.83,806.85,1716.57,995.97,2
1,player,803,0,0,1609.62,808.74,1713.36,997.86,2
1,player,804,0,0,1606.42,810.62,1710.15,999.74,2
1,player,805,0,0,1603.21,812.51,1706.95,1001.63,2
1,player,806,0,0,1600.00,814.39,1703.74,1003.52,2
1,player,807,0,0,1596.79,816.28,1700.53,1005.40,2
1,player,808,0,0,1593.59,818.17,1697.33,1007.29,2
1,player,809,0,0,1590.38,820.05,1694.12,1009.17,2
1,player,810,0,0,1587.17,821.94,1690.91,1011.06,2
1,player,811,0,0,1583.97,823.83,1687.70,1012.95,2
1,player,812,0,0,1580.76,825.71,1684.50,1014.83,2
1,player,813,0,0,1577.55,827.60,1681.29,1016.72,2
1,player,814,0,0,1574.35,829.49,1678.08,1018.61,2
1,player,815,0,0,1571.14,831.37,1674.88,1020.49,2
1,player,816,0,0,1567.93,833.26,1671.67,1022.38,2
1,player,817,0,0,1564.72,835.15,1668.46,1024.27,2
1,player,818,0,0,1561.52,837.03,1665.25,1026.15,2
1,player,819,0,0,1558.31,838.92,1662.05,1028.04,2
1,player,820,0,0,1555.10,840.81,1658.84,1029.93,2
1,player,821,0,0,1551.90,842.69,1655.63,1031.81,2
1,player,822,0,0,1548.69,844.58,1652.43,1033.70,2
1,player,823,0,0,1545.48,846.47,1649.22,1035.59,2
1,player,824,0,0,1542.27,848.35,1646.01,1037.47,2
1,player,825,0,0,1539.07,850.24,1642.81,1039.36,2
1,player,826,0,0,1535.86,852.13,1639.60,1041.25,2
1,player,827,0,0,1532.65,854.01,1636.39,1043.13,2
1,player,828,0,0,1529.45,855.90,1633.18,1045.02,2
1,player,829,0,0,1526.24,857.79,1629.98,1046.91,2
1,player,830,0,0,1523.03,859.67,1626.77,1048.79,2
1,player,831,0,0,1519.47,855.38,1624.65,1048.79,2
1,player,832,0,0,1515.90,851.09,1622.52,1048.79,2
1,player,833,0,0,1512.34,846.80,1620.40,1048.79,2
1,player,834,0,0,1499.95,844.92,1608.01,1046.91,2
1,player,835,0,0,1487.57,843.04,1595.63,1045.03,2
1,player,836,0,0,1475.18,841.16,1583.24,1043.15,2
1,player,837,0,0,1462.80,839.28,1570.86,1041.27,2
1,player,838,0,0,1450.41,837.40,1558.47,1039.39,2
1,player,839,0,0,1438.02,835.52,1546.08,1037.51,2
1,player,840,0,0,1425.64,833.64,1533.70,1035.63,2
1,player,841,0,0,1413.25,831.76,1521.31,1033.75,2
1,player,842,0,0,1400.87,829.88,1508.92,1031.87,2
1,player,843,0,0,1388.48,828.00,1496.54,1029.99,2
1,player,844,0,0,1376.09,826.12,1484.15,1028.11,2
1,player,845,0,0,1363.71,824.24,1471.77,1026.23,2
1,player,846,0,0,1351.32,822.36,1459.38,1024.35,2
1,player,847,0,0,1338.93,820.48,1446.99,1022.47,2
1,player,848,0,0,1326.55,818.60,1434.61,1020.59,2
1,player,849,0,0,1314.16,816.72,1422.22,1018.71,2
1,player,850,0,0,1301.78,814.84,1409.84,1016.83,2
1,player,851,0,0,1289.39,812.96,1397.45,1014.95,2
1,player,852,0,0,1277.00,811.08,1385.06,1013.07,2
1,player,853,0,0,1264.62,809.20,1372.68,1011.19,2
1,player,854,0,0,1252.23,807.32,1360.29,1009.31,2
1,player,855,0,0,1239.85,805.44,1347.90,1007.43,2
1,player,856,0,0,1227.46,803.56,1335.52,1005.55,2
1,player,857,0,0,1215.07,801.68,1323.13,1003.67,2
1,player,858,0,0,1202.69,799.80,1310.75,1001.79,2
1,player,859,0,0,1190.30,797.92,1298.36,999.91,2
1,player,860,0,0,1177.91,796.04,1285.97,998.03,2
1,player,861,0,0,1165.53,794.16,1273.59,996.15,2
1,player,862,0,0,1153.14,792.28,1261.20,994.27,2
1,player,863,0,0,1140.76,790.40,1248.82,992.39,2
1,player,864,0,0,1128.37,788.52,1236.43,990.51,2
1,player,865,0,0,1115.98,786.64,1224.04,988.63,2
1,player,866,0,0,1103.60,784.76,1211.66,986.75,2
1,player,867,0,0,1091.21,782.88,1199.27,984.87,2
1,player,868,0,0,1078.83,781.00,1186.88,982.99,2
1,player,869,0,0,1066.44,779.12,1174.50,981.11,2
1,player,870,0,0,1054.05,777.24,1162.11,979.23,2
1,player,871,0,0,1041.67,775.36,1149.73,977.35,2
1,player,872,0,0,1029.28,773.48,1137.34,975.47,2
1,player,873,0,0,1016.89,771.60,1124.95,973.59,2
1,player,874,0,0,1004.51,769.72,1112.57,971.71,2
1,player,875,0,0,992.12,767.84,1100.18,969.83,2
1,player,876,0,0,979.74,765.96,1087.80,967.95,2
1,player,877,0,0,967.35,764.08,1075.41,966.07,2
1,player,878,0,0,954.96,762.20,1063.02,964.19,2
1,player,879,0,0,942.58,760.32,1050.64,962.31,2
1,player,880,0,0,930.19,758.44,1038.25,960.43,2
1,player,881,0,0,917.81,756.56,1025.86,958.55,2
1,player,882,0,0,905.42,754.68,1013.48,956.67,2
1,player,883,0,0,893.03,752.80,1001.09,954.79,2
1,player,884,0,0,880.65,750.92,988.71,952.91,2
1,player,885,0,0,868.26,749.04,976.32,951.03,2
1,player,886,0,0,855.88,747.16,963.93,949.15,2
1,player,887,0,0,843.49,745.28,951.55,947.27,2
1,player,888,0,0,831.10,743.40,939.16,945.39,2
1,player,889,0,0,818.72,741.52,926.78,943.51,2
1,player,890,0,0,806.33,739.64,914.39,941.63,2
1,player,891,0,0,793.94,737.76,902.00,939.75,2
1,player,892,0,0,793.94,737.76,902.00,939.75,2
1,player,893,0,0,793.94,737.76,902.00,939.75,2
1,player,894,0,0,793.94,737.76,902.00,939.75,2
1,player,895,0,0,793.94,737.76,902.00,939.75,2
1,player,896,0,0,793.94,737.76,902.00,939.75,2
1,player,897,0,0,793.94,737.76,902.00,939.75,2
1,player,898,0,0,793.94,737.76,902.00,939.75,2
1,player,899,0,0,793.94,737.76,902.00,939.75,2
2,player,7,0,0,1136.40,571.00,1206.95,729.20,23
2,player,8,0,0,1138.87,571.17,1209.42,729.36,23
2,player,9,0,0,1141.33,571.33,1211.88,729.53,23
2,player,10,0,0,1143.80,571.50,1214.35,729.69,23
2,player,11,0,0,1146.27,571.66,1216.82,729.86,23
2,player,12,0,0,1148.73,571.83,1219.28,730.02,23
2,player,13,0,0,1151.20,571.99,1221.75,730.19,23
2,player,14,0,0,1153.67,572.15,1224.22,730.35,23
2,player,15,0,0,1156.14,572.32,1226.69,730.52,23
2,player,16,0,0,1158.60,572.48,1229.15,730.68,23
2,player,17,0,0,1161.07,572.65,1231.62,730.85,23
2,player,18,0,0,1163.54,572.81,1234.09,731.01,23
2,player,19,0,0,1166.00,572.98,1236.55,731.17,23
2,player,20,0,0,1168.47,573.14,1239.02,731.34,23
2,player,21,0,0,1170.22,573.14,1240.77,731.34,23
2,player,22,0,0,1171.97,573.14,1242.52,731.34,23
2,player,23,0,0,1173.72,573.14,1244.27,731.34,23
2,player,24,0,0,1175.47,573.14,1246.02,731.34,23
2,player,25,0,0,1177.22,573.14,1247.77,731.34,23
2,player,26,0,0,1178.97,573.14,1249.52,731.34,23
2,player,27,0,0,1180.72,573.14,1251.27,731.34,23
2,player,28,0,0,1182.47,573.14,1253.01,731.34,23
2,player,29,0,0,1184.21,573.14,1254.76,731.34,23
2,player,30,0,0,1185.96,573.14,1256.51,731.34,23
2,player,31,0,0,1187.71,573.14,1258.26,731.34,23
2,player,32,0,0,1189.46,573.14,1260.01,731.34,23
2,player,33,0,0,1191.21,573.14,1261.76,731.34,23
2,player,34,0,0,1192.96,573.14,1263.51,731.34,23
2,player,35,0,0,1194.71,573.14,1265.26,731.34,23
2,player,36,0,0,1196.46,573.14,1267.01,731.34,23
2,player,37,0,0,1198.21,573.14,1268.76,731.34,23
2,player,38,0,0,1199.96,573.14,1270.51,731.34,23
2,player,39,0,0,1201.71,573.14,1272.26,731.34,23
2,player,40,0,0,1203.46,573.14,1274.01,731.34,23
2,player,41,0,0,1205.21,573.14,1275.76,731.34,23
2,player,42,0,0,1206.96,573.14,1277.50,731.34,23
2,player,43,0,0,1208.71,573.14,1279.25,731.34,23
2,player,44,0,0,1210.45,573.14,1281.00,731.34,23
2,player,45,0,0,1212.20,573.14,1282.75,731.34,23
2,player,46,0,0,1213.95,573.14,1284.50,731.34,23
2,player,47,0,0,1215.70,573.14,1286.25,731.34,23
2,player,48,0,0,1217.45,573.14,1288.00,731.34,23
2,player,49,0,0,1219.20,573.14,1289.75,731.34,23
2,player,50,0,0,1220.95,573.14,1291.50,731.34,23
2,player,51,0,0,1222.70,573.14,1293.25,731.34,23
2,player,52,0,0,1224.45,573.14,1295.00,731.34,23
2,player,53,0,0,1226.20,573.14,1296.75,731.34,23
2,player,54,0,0,1227.20,573.43,1298.46,732.76,23
2,player,55,0,0,1228.20,573.71,1300.17,734.18,23
2,player,56,0,0,1229.19,574.00,1301.88,735.61,23
2,player,57,0,0,1230.19,574.28,1303.59,737.03,23
2,player,58,0,0,1231.19,574.57,1305.30,738.45,23
2,player,59,0,0,1232.19,574.85,1307.01,739.88,23
2,player,60,0,0,1233.19,575.14,1308.72,741.30,23
2,player,61,0,0,1234.19,575.42,1310.43,742.72,23
2,player,62,0,0,1235.18,575.71,1312.14,744.15,23
2,player,63,0,0,1236.18,575.99,1313.85,745.57,23
2,player,64,0,0,1237.18,576.28,1315.56,746.99,23
2,player,65,0,0,1238.18,576.56,1317.27,748.42,23
2,player,66,0,0,1239.18,576.85,1318.98,749.84,23
2,player,67,0,0,1240.18,577.13,1320.69,751.26,23
2,player,68,0,0,1241.18,577.42,1322.40,752.69,23
2,player,69,0,0,1240.18,576.81,1321.41,752.08,23
2,player,70,0,0,1239.19,576.20,1320.42,751.46,23
2,player,71,0,0,1238.20,575.59,1319.43,750.85,23
2,player,72,0,0,1237.21,574.97,1318.43,750.24,23
2,player,73,0,0,1236.21,574.36,1317.44,749.63,23
2,player,74,0,0,1235.22,573.75,1316.45,749.02,23
2,player,75,0,0,1234.23,573.14,1315.46,748.41,23
2,player,76,0,0,1233.23,572.53,1314.46,747.80,23
2,player,77,0,0,1232.24,571.92,1313.47,747.19,23
2,player,78,0,0,1231.25,571.31,1312.48,746.58,23
2,player,79,0,0,1230.26,570.70,1311.48,745.97,23
2,player,80,0,0,1229.26,570.09,1310.49,745.36,23
2,player,81,0,0,1228.27,569.48,1309.50,744.74,23
2,player,82,0,0,1227.28,568.87,1308.51,744.13,23
2,player,83,0,0,1226.29,568.25,1307.51,743.52,23
2,player,84,0,0,1225.29,567.64,1306.52,742.91,23
2,player,85,0,0,1224.30,567.03,1305.53,742.30,23
2,player,86,0,0,1223.31,566.42,1304.54,741.69,23
2,player,87,0,0,1222.31,565.81,1303.54,741.08,23
2,player,88,0,0,1221.32,565.20,1302.55,740.47,23
2,player,89,0,0,1220.33,564.59,1301.56,739.86,23
2,player,90,0,0,1219.34,563.98,1300.57,739.25,23
2,player,91,0,0,1218.34,563.37,1299.57,738.64,23
2,player,92,0,0,1217.35,562.76,1298.58,738.02,23
2,player,93,0,0,1216.36,562.15,1297.59,737.41,23
2,player,94,0,0,1215.37,561.54,1296.59,736.80,23
2,player,95,0,0,1214.37,560.92,1295.60,736.19,23
2,player,96,0,0,1213.38,560.31,1294.61,735.58,23
2,player,97,0,0,1213.38,556.95,1294.61,732.22,23
2,player,98,0,0,1213.38,553.59,1294.61,728.86,23
2,player,99,0,0,1213.38,550.23,1294.61,725.50,23
2,player,100,0,0,1213.38,546.87,1294.61,722.14,23
2,player,101,0,0,1213.38,543.51,1294.61,718.78,23
2,player,102,0,0,1213.38,540.15,1294.61,715.42,23
2,player,103,0,0,1213.38,536.79,1294.61,712.06,23
2,player,104,0,0,1210.06,534.42,1291.28,709.69,23
2,player,105,0,0,1206.73,532.04,1287.96,707.31,23
2,player,106,0,0,1203.40,529.67,1284.63,704.93,23
2,player,107,0,0,1200.08,527.29,1281.31,702.56,23
2,player,108,0,0,1196.75,524.92,1277.98,700.18,23
2,player,109,0,0,1193.43,522.54,1274.65,697.81,23
2,player,110,0,0,1190.10,520.16,1271.33,695.43,23
2,player,111,0,0,1186.77,517.79,1268.00,693.06,23
2,player,112,0,0,1183.45,515.41,1264.68,690.68,23
2,player,113,0,0,1179.67,511.96,1260.89,687.23,23
2,player,114,0,0,1175.88,508.51,1257.11,683.77,23
2,player,115,0,0,1172.10,505.05,1253.33,680.32,23
2,player,116,0,0,1168.32,501.60,1249.55,676.87,23
2,player,117,0,0,1164.53,498.14,1245.76,673.41,23
2,player,118,0,0,1160.75,494.69,1241.98,669.96,23
2,player,119,0,0,1156.97,491.24,1238.20,666.50,23
2,player,120,0,0,1153.19,487.78,1234.41,663.05,23
2,player,121,0,0,1149.40,484.33,1230.63,659.60,23
2,player,122,0,0,1145.62,480.88,1226.85,656.14,23
2,player,123,0,0,1141.84,477.42,1223.07,652.69,23
2,player,124,0,0,1138.06,473.97,1219.28,649.24,23
2,player,125,0,0,1134.27,470.51,1215.50,645.78,23
2,player,126,0,0,1126.41,468.69,1207.64,643.96,23
2,player,127,0,0,1118.55,466.87,1199.78,642.13,23
2,player,128,0,0,1110.69,465.04,1191.92,640.31,23
2,player,129,0,0,1102.83,463.22,1184.06,638.49,23
2,player,130,0,0,1094.97,461.40,1176.20,636.66,23
2,player,131,0,0,1087.11,459.57,1168.34,634.84,23
2,player,132,0,0,1079.25,457.75,1160.48,633.02,23
2,player,133,0,0,1071.39,455.92,1152.62,631.19,23
2,player,134,0,0,1063.53,454.10,1144.76,629.37,23
2,player,135,0,0,1055.67,452.28,1136.89,627.55,23
2,player,136,0,0,1047.81,450.45,1129.03,625.72,23
2,player,137,0,0,1039.95,448.63,1121.17,623.90,23
2,player,138,0,0,1032.08,446.81,1113.31,622.07,23
2,player,139,0,0,1024.22,444.98,1105.45,620.25,23
2,player,140,0,0,1016.36,443.16,1097.59,618.43,23
2,player,141,0,0,1008.50,441.34,1089.73,616.60,23
2,player,142,0,0,1000.64,439.51,1081.87,614.78,23
2,player,143,0,0,992.78,437.69,1074.01,612.96,23
2,player,144,0,0,984.92,435.86,1066.15,611.13,23
2,player,145,0,0,977.06,434.04,1058.29,609.31,23
2,player,146,0,0,969.20,432.22,1050.43,607.49,23
2,player,147,0,0,961.34,430.39,1042.57,605.66,23
2,player,148,0,0,953.48,428.57,1034.71,603.84,23
2,player,149,0,0,945.62,426.75,1026.85,602.01,23
2,player,150,0,0,937.76,424.92,1018.99,600.19,23
2,player,151,0,0,929.90,423.10,1011.12,598.37,23
2,player,152,0,0,922.04,421.28,1003.26,596.54,23
2,player,153,0,0,914.18,419.45,995.40,594.72,23
2,player,154,0,0,906.31,417.63,987.54,592.90,23
2,player,155,0,0,898.45,415.80,979.68,591.07,23
2,player,156,0,0,890.59,413.98,971.82,589.25,23
2,player,157,0,0,882.73,412.16,963.96,587.43,23
2,player,158,0,0,874.87,410.33,956.10,585.60,23
2,player,159,0,0,867.01,408.51,948.24,583.78,23
2,player,160,0,0,860.25,407.82,941.36,582.22,23
2,player,161,0,0,853.49,407.12,934.49,580.65,23
2,player,162,0,0,846.73,406.43,927.61,579.09,23
2,player,163,0,0,839.97,405.74,920.73,577.53,23
2,player,164,0,0,833.21,405.04,913.86,575.97,23
2,player,165,0,0,826.45,404.35,906.98,574.41,23
2,player,166,0,0,819.69,403.66,900.10,572.85,23
2,player,167,0,0,812.92,402.96,893.23,571.29,23
2,player,168,0,0,806.16,402.27,886.35,569.72,23
2,player,169,0,0,799.40,401.58,879.47,568.16,23
2,player,170,0,0,792.64,400.88,872.60,566.60,23
2,player,171,0,0,785.88,400.19,865.72,565.04,23
2,player,172,0,0,779.12,399.50,858.84,563.48,23
2,player,173,0,0,772.36,398.80,851.97,561.92,23
2,player,174,0,0,765.60,398.11,845.09,560.35,23
2,player,175,0,0,758.84,397.41,838.21,558.79,23
2,player,176,0,0,752.08,396.72,831.34,557.23,23
2,player,177,0,0,745.31,396.03,824.46,555.67,23
2,player,178,0,0,738.55,395.33,817.58,554.11,23
2,player,179,0,0,731.79,394.64,810.70,552.55,23
2,player,180,0,0,725.03,393.95,803.83,550.98,23
2,player,181,0,0,718.27,393.25,796.95,549.42,23
2,player,182,0,0,711.51,392.56,790.07,547.86,23
2,player,183,0,0,704.75,391.87,783.20,546.30,23
2,player,184,0,0,697.99,391.17,776.32,544.74,23
2,player,185,0,0,691.23,390.48,769.44,543.18,23
2,player,186,0,0,684.47,389.79,762.57,541.62,23
2,player,187,0,0,677.71,389.09,755.69,540.05,23
2,player,188,0,0,670.94,388.40,748.81,538.49,23
2,player,189,0,0,664.18,387.71,741.94,536.93,23
2,player,190,0,0,657.42,387.01,735.06,535.37,23
2,player,191,0,0,650.66,386.32,728.18,533.81,23
2,player,192,0,0,643.90,385.63,721.31,532.25,23
2,player,193,0,0,637.14,384.93,714.43,530.68,23
2,player,194,0,0,630.38,384.24,707.55,529.12,23
2,player,195,0,0,623.62,383.55,700.68,527.56,23
2,player,196,0,0,616.86,382.85,693.80,526.00,23
2,player,197,0,0,613.17,383.21,690.12,526.36,23
2,player,198,0,0,609.49,383.57,686.44,526.71,23
2,player,199,0,0,605.81,383.92,682.75,527.07,23
2,player,200,0,0,602.13,384.28,679.07,527.43,23
2,player,201,0,0,598.45,384.63,675.39,527.78,23
2,player,202,0,0,594.76,384.99,671.71,528.14,23
2,player,203,0,0,591.08,385.35,668.02,528.49,23
2,player,204,0,0,587.40,385.70,664.34,528.85,23
2,player,205,0,0,583.72,386.06,660.66,529.21,23
2,player,206,0,0,580.03,386.42,656.98,529.56,23
2,player,207,0,0,576.35,386.77,653.30,529.92,23
2,player,208,0,0,572.67,387.13,649.61,530.28,23
2,player,209,0,0,568.99,387.48,645.93,530.63,23
2,player,210,0,0,565.31,387.84,642.25,530.99,23
2,player,211,0,0,561.62,388.20,638.57,531.35,23
2,player,212,0,0,557.94,388.55,634.88,531.70,23
2,player,213,0,0,554.26,388.91,631.20,532.06,23
2,player,214,0,0,550.58,389.27,627.52,532.41,23
2,player,215,0,0,548.79,390.07,625.74,533.22,23
2,player,216,0,0,547.01,390.87,623.96,534.02,23
2,player,217,0,0,545.23,391.67,622.17,534.82,23
2,player,218,0,0,543.45,392.47,620.39,535.62,23
2,player,219,0,0,541.67,393.28,618.61,536.42,23
2,player,220,0,0,539.89,394.08,616.83,537.22,23
2,player,221,0,0,538.10,394.88,615.05,538.03,23
2,player,222,0,0,536.32,395.68,613.27,538.83,23
2,player,223,0,0,534.54,396.48,611.48,539.63,23
2,player,224,0,0,532.76,397.28,609.70,540.43,23
2,player,225,0,0,530.98,398.09,607.92,541.23,23
2,player,226,0,0,529.20,398.89,606.14,542.04,23
2,player,227,0,0,527.41,399.69,604.36,542.84,23
2,player,228,0,0,525.63,400.49,602.58,543.64,23
2,player,229,0,0,523.85,401.29,600.79,544.44,23
2,player,230,0,0,522.07,402.09,599.01,545.24,23
2,player,231,0,0,520.29,402.90,597.23,546.04,23
2,player,232,0,0,518.51,403.70,595.45,546.85,23
2,player,233,0,0,516.72,404.50,593.67,547.65,23
2,player,234,0,0,514.94,405.30,591.89,548.45,23
2,player,235,0,0,513.16,406.10,590.10,549.25,23
2,player,236,0,0,511.38,406.91,588.32,550.05,23
2,player,237,0,0,509.60,407.71,586.54,550.85,23
2,player,238,0,0,507.82,408.51,584.76,551.66,23
2,player,239,0,0,510.81,408.51,587.75,551.66,23
2,player,240,0,0,513.80,408.51,590.75,551.66,23
2,player,241,0,0,516.80,408.51,593.74,551.66,23
2,player,242,0,0,519.79,408.51,596.73,551.66,23
2,player,243,0,0,522.78,408.51,599.73,551.66,23
2,player,244,0,0,525.78,408.51,602.72,551.66,23
2,player,245,0,0,528.77,408.51,605.71,551.66,23
2,player,246,0,0,531.76,408.51,608.71,551.66,23
2,player,247,0,0,534.76,408.51,611.70,551.66,23
2,player,248,0,0,537.75,408.51,614.69,551.66,23
2,player,249,0,0,541.07,408.27,618.02,551.42,23
2,player,250,0,0,544.40,408.03,621.34,551.18,23
2,player,251,0,0,547.73,407.80,624.67,550.94,23
2,player,252,0,0,551.05,407.56,628.00,550.71,23
2,player,253,0,0,554.38,407.32,631.32,550.47,23
2,player,254,0,0,557.70,407.08,634.65,550.23,23
2,player,255,0,0,561.03,406.85,637.97,549.99,23
2,player,256,0,0,564.36,406.61,641.30,549.76,23
2,player,257,0,0,567.68,406.37,644.63,549.52,23
2,player,258,0,0,570.35,412.79,647.30,555.93,23
2,player,259,0,0,573.03,419.20,649.97,562.35,23
2,player,260,0,0,575.70,425.61,652.64,568.76,23
2,player,261,0,0,578.37,432.03,655.32,575.18,23
2,player,262,0,0,584.55,430.84,661.49,573.99,23
2,player,263,0,0,590.73,429.65,667.67,572.80,23
2,player,264,0,0,596.90,428.46,673.85,571.61,23
2,player,265,0,0,603.08,427.28,680.02,570.42,23
2,player,266,0,0,609.26,426.09,686.20,569.24,23
2,player,267,0,0,615.43,424.90,692.38,568.05,23
2,player,268,0,0,621.61,423.71,698.55,566.86,23
2,player,269,0,0,627.79,422.53,704.73,565.67,23
2,player,270,0,0,633.96,421.34,710.91,564.49,23
2,player,271,0,0,645.94,420.91,722.88,564.06,23
2,player,272,0,0,657.91,420.48,734.85,563.63,23
2,player,273,0,0,669.88,420.06,746.83,563.20,23
2,player,274,0,0,681.86,419.63,758.80,562.78,23
2,player,275,0,0,693.83,419.20,770.77,562.35,23
2,player,276,0,0,705.32,422.94,782.26,566.09,23
2,player,277,0,0,716.81,426.68,793.76,569.83,23
2,player,278,0,0,728.31,430.43,805.25,573.57,23
2,player,279,0,0,739.80,434.17,816.74,577.31,23
2,player,280,0,0,751.29,437.91,828.23,581.06,23
2,player,281,0,0,762.78,441.65,839.73,584.80,23
2,player,282,0,0,774.27,445.39,851.22,588.54,23
2,player,283,0,0,785.77,449.13,862.71,592.28,23
2,player,284,0,0,808.22,449.13,885.16,592.28,23
2,player,285,0,0,830.67,449.13,907.61,592.28,23
2,player,286,0,0,840.72,448.92,917.66,592.07,23
2,player,287,0,0,850.76,448.71,927.71,591.85,23
2,player,288,0,0,860.81,448.49,937.76,591.64,23
2,player,289,0,0,870.86,448.28,947.81,591.43,23
2,player,290,0,0,880.91,448.06,957.85,591.21,23
2,player,291,0,0,890.96,447.85,967.90,591.00,23
2,player,292,0,0,901.01,447.64,977.95,590.78,23
2,player,293,0,0,911.06,447.42,988.00,590.57,23
2,player,294,0,0,921.11,447.21,998.05,590.36,23
2,player,295,0,0,931.16,447.00,1008.10,590.14,23
2,player,296,0,0,939.96,444.53,1016.90,587.68,23
2,player,297,0,0,948.75,442.06,1025.70,585.21,23
2,player,298,0,0,957.55,439.60,1034.50,582.74,23
2,player,299,0,0,966.35,437.13,1043.30,580.28,23
2,player,300,0,0,975.15,434.66,1052.10,577.81,23
2,player,301,0,0,983.95,432.19,1060.89,575.34,23
2,player,302,0,0,992.75,429.73,1069.69,572.87,23
2,player,303,0,0,1001.55,427.26,1078.49,570.41,23
2,player,304,0,0,1010.35,424.79,1087.29,567.94,23
2,player,305,0,0,1019.15,422.33,1096.09,565.47,23
2,player,306,0,0,1027.95,419.86,1104.89,563.01,23
2,player,307,0,0,1036.74,417.39,1113.69,560.54,23
2,player,308,0,0,1045.54,414.92,1122.49,558.07,23
2,player,309,0,0,1054.34,412.46,1131.29,555.61,23
2,player,310,0,0,1063.14,409.99,1140.09,553.14,23
2,player,311,0,0,1071.94,407.52,1148.88,550.67,23
2,player,312,0,0,1080.74,405.06,1157.68,548.20,23
2,player,313,0,0,1089.54,402.59,1166.48,545.74,23
2,player,314,0,0,1098.34,400.12,1175.28,543.27,23
2,player,315,0,0,1107.14,397.66,1184.08,540.80,23
2,player,316,0,0,1115.94,395.19,1192.88,538.34,23
2,player,317,0,0,1124.74,392.72,1201.68,535.87,23
2,player,318,0,0,1133.53,390.25,1210.48,533.40,23
2,player,319,0,0,1142.33,387.79,1219.28,530.94,23
2,player,320,0,0,1151.13,385.32,1228.08,528.47,23
2,player,321,0,0,1159.93,382.85,1236.88,526.00,23
2,player,322,0,0,1155.90,383.31,1232.84,526.46,23
2,player,323,0,0,1151.87,383.76,1228.81,526.91,23
2,player,324,0,0,1147.84,384.22,1224.78,527.36,23
2,player,325,0,0,1143.81,384.67,1220.75,527.82,23
2,player,326,0,0,1139.78,385.12,1216.72,528.27,23
2,player,327,0,0,1135.75,385.58,1212.69,528.73,23
2,player,328,0,0,1131.72,386.03,1208.66,529.18,23
2,player,329,0,0,1127.69,386.49,1204.63,529.63,23
2,player,330,0,0,1123.66,386.94,1200.60,530.09,23
2,player,331,0,0,1119.63,387.39,1196.57,530.54,23
2,player,332,0,0,1115.60,387.85,1192.54,531.00,23
2,player,333,0,0,1111.57,388.30,1188.51,531.45,23
2,player,334,0,0,1107.54,388.76,1184.48,531.90,23
2,player,335,0,0,1103.51,389.21,1180.45,532.36,23
2,player,336,0,0,1099.48,389.67,1176.42,532.81,23
2,player,337,0,0,1095.45,390.12,1172.39,533.27,23
2,player,338,0,0,1091.42,390.57,1168.36,533.72,23
2,player,339,0,0,1087.39,391.03,1164.33,534.17,23
2,player,340,0,0,1083.36,391.48,1160.30,534.63,23
2,player,341,0,0,1079.33,391.94,1156.27,535.08,23
2,player,342,0,0,1075.30,392.39,1152.24,535.54,23
2,player,343,0,0,1071.27,392.84,1148.21,535.99,23
2,player,344,0,0,1067.24,393.30,1144.18,536.45,23
2,player,345,0,0,1063.21,393.75,1140.15,536.90,23
2,player,346,0,0,1059.18,394.21,1136.12,537.35,23
2,player,347,0,0,1055.15,394.66,1132.09,537.81,23
2,player,348,0,0,1051.12,395.11,1128.06,538.26,23
2,player,349,0,0,1047.09,395.57,1124.03,538.72,23
2,player,350,0,0,1043.06,396.02,1120.00,539.17,23
2,player,351,0,0,1039.03,396.48,1115.97,539.62,23
2,player,352,0,0,1035.00,396.93,1111.94,540.08,23
2,player,353,0,0,1030.97,397.39,1107.91,540.53,23
2,player,354,0,0,1026.94,397.84,1103.88,540.99,23
2,player,355,0,0,1022.90,398.29,1099.85,541.44,23
2,player,356,0,0,1018.87,398.75,1095.82,541.89,23
2,player,357,0,0,1014.84,399.20,1091.79,542.35,23
2,player,358,0,0,1010.81,399.66,1087.76,542.80,23
2,player,359,0,0,1006.78,400.11,1083.73,543.26,23
2,player,360,0,0,1002.75,400.56,1079.70,543.71,23
2,player,361,0,0,998.72,401.02,1075.67,544.17,23
2,player,362,0,0,994.69,401.47,1071.64,544.62,23
2,player,363,0,0,990.66,401.93,1067.61,545.07,23
2,player,364,0,0,986.63,402.38,1063.58,545.53,23
2,player,365,0,0,982.60,402.83,1059.55,545.98,23
2,player,366,0,0,978.57,403.29,1055.52,546.44,23
2,player,367,0,0,974.54,403.74,1051.49,546.89,23
2,player,368,0,0,970.51,404.20,1047.46,547.34,23
2,player,369,0,0,966.48,404.65,1043.43,547.80,23
2,player,370,0,0,962.45,405.10,1039.40,548.25,23
2,player,371,0,0,958.42,405.56,1035.37,548.71,23
2,player,372,0,0,954.39,406.01,1031.34,549.16,23
2,player,373,0,0,950.36,406.47,1027.31,549.61,23
2,player,374,0,0,946.33,406.92,1023.27,550.07,23
2,player,375,0,0,942.30,407.38,1019.24,550.52,23
2,player,376,0,0,938.27,407.83,1015.21,550.98,23
2,player,377,0,0,934.24,408.28,1011.18,551.43,23
2,player,378,0,0,930.21,408.74,1007.15,551.89,23
2,player,379,0,0,926.18,409.19,1003.12,552.34,23
2,player,380,0,0,922.15,409.65,999.09,552.79,23
2,player,381,0,0,918.12,410.10,995.06,553.25,23
2,player,382,0,0,914.09,410.55,991.03,553.70,23
2,player,383,0,0,910.06,411.01,987.00,554.16,23
2,player,384,0,0,906.03,411.46,982.97,554.61,23
2,player,385,0,0,902.00,411.92,978.94,555.06,23
2,player,386,0,0,897.97,412.37,974.91,555.52,23
2,player,387,0,0,893.94,412.82,970.88,555.97,23
2,player,388,0,0,889.91,413.28,966.85,556.43,23
2,player,389,0,0,885.88,413.73,962.82,556.88,23
2,player,390,0,0,881.85,414.19,958.79,557.33,23
2,player,391,0,0,877.82,414.64,954.76,557.79,23
2,player,392,0,0,873.79,415.10,950.73,558.24,23
2,player,393,0,0,869.76,415.55,946.70,558.70,23
2,player,394,0,0,865.73,416.00,942.67,559.15,23
2,player,395,0,0,861.70,416.46,938.64,559.61,23
2,player,396,0,0,857.67,416.91,934.61,560.06,23
2,player,397,0,0,853.64,417.37,930.58,560.51,23
2,player,398,0,0,849.61,417.82,926.55,560.97,23
2,player,399,0,0,845.58,418.27,922.52,561.42,23
2,player,400,0,0,841.55,418.73,918.49,561.88,23
2,player,401,0,0,837.52,419.18,914.46,562.33,23
2,player,402,0,0,833.49,419.64,910.43,562.78,23
2,player,403,0,0,829.46,420.09,906.40,563.24,23
2,player,404,0,0,825.43,420.54,902.37,563.69,23
2,player,405,0,0,821.40,421.00,898.34,564.15,23
2,player,406,0,0,817.37,421.45,894.31,564.60,23
2,player,407,0,0,813.33,421.91,890.28,565.05,23
2,player,408,0,0,809.30,422.36,886.25,565.51,23
2,player,409,0,0,805.27,422.82,882.22,565.96,23
2,player,410,0,0,801.24,423.27,878.19,566.42,23
2,player,411,0,0,797.21,423.72,874.16,566.87,23
2,player,412,0,0,793.18,424.18,870.13,567.33,23
2,player,413,0,0,789.15,424.63,866.10,567.78,23
2,player,414,0,0,785.12,425.09,862.07,568.23,23
2,player,415,0,0,781.09,425.54,858.04,568.69,23
2,player,416,0,0,777.06,425.99,854.01,569.14,23
2,player,417,0,0,773.03,426.45,849.98,569.60,23
2,player,418,0,0,769.00,426.90,845.95,570.05,23
2,player,419,0,0,764.97,427.36,841.92,570.50,23
2,player,420,0,0,760.94,427.81,837.89,570.96,23
2,player,421,0,0,756.91,428.26,833.86,571.41,23
2,player,422,0,0,752.88,428.72,829.83,571.87,23
2,player,423,0,0,748.85,429.17,825.80,572.32,23
2,player,424,0,0,744.82,429.63,821.77,572.77,23
2,player,425,0,0,740.79,430.08,817.73,573.23,23
2,player,426,0,0,736.76,430.54,813.70,573.68,23
2,player,427,0,0,732.73,430.99,809.67,574.14,23
2,player,428,0,0,728.70,431.44,805.64,574.59,23
2,player,429,0,0,724.67,431.90,801.61,575.04,23
2,player,430,0,0,720.64,432.35,797.58,575.50,23
2,player,431,0,0,716.61,432.81,793.55,575.95,23
2,player,432,0,0,712.58,433.26,789.52,576.41,23
2,player,433,0,0,708.55,433.71,785.49,576.86,23
2,player,434,0,0,704.52,434.17,781.46,577.32,23
2,player,435,0,0,701.27,437.15,778.22,580.30,23
2,player,436,0,0,698.03,440.14,774.97,583.29,23
2,player,437,0,0,694.78,443.13,771.72,586.28,23
2,player,438,0,0,691.53,446.12,768.48,589.26,23
2,player,439,0,0,688.29,449.10,765.23,592.25,23
2,player,440,0,0,685.04,452.09,761.98,595.24,23
2,player,441,0,0,681.79,455.08,758.74,598.22,23
2,player,442,0,0,678.55,458.06,755.49,601.21,23
2,player,443,0,0,675.30,461.05,752.24,604.20,23
2,player,444,0,0,672.05,464.04,749.00,607.19,23
2,player,445,0,0,668.81,467.03,745.75,610.17,23
2,player,446,0,0,665.56,470.01,742.50,613.16,23
2,player,447,0,0,662.31,473.00,739.26,616.15,23
2,player,448,0,0,659.07,475.99,736.01,619.13,23
2,player,449,0,0,655.82,478.97,732.76,622.12,23
2,player,450,0,0,652.57,481.96,729.52,625.11,23
2,player,451,0,0,649.32,484.95,726.27,628.09,23
2,player,452,0,0,646.08,487.93,723.02,631.08,23
2,player,453,0,0,642.83,490.92,719.77,634.07,23
2,player,454,0,0,639.58,493.91,716.53,637.06,23
2,player,455,0,0,636.34,496.90,713.28,640.04,23
2,player,456,0,0,633.09,499.88,710.03,643.03,23
2,player,457,0,0,629.84,502.87,706.79,646.02,23
2,player,458,0,0,626.60,505.86,703.54,649.00,23
2,player,459,0,0,623.35,508.84,700.29,651.99,23
2,player,460,0,0,620.10,511.83,697.05,654.98,23
2,player,461,0,0,616.86,514.82,693.80,657.96,23
2,player,462,0,0,613.61,517.80,690.55,660.95,23
2,player,463,0,0,610.36,520.79,687.31,663.94,23
2,player,464,0,0,607.12,523.78,684.06,666.93,23
2,player,465,0,0,603.87,526.77,680.81,669.91,23
2,player,466,0,0,600.62,529.75,677.57,672.90,23
2,player,467,0,0,597.38,532.74,674.32,675.89,23
2,player,468,0,0,594.13,535.73,671.07,678.87,23
2,player,469,0,0,590.88,538.71,667.83,681.86,23
2,player,470,0,0,587.64,541.70,664.58,684.85,23
2,player,471,0,0,591.18,542.02,668.13,685.17,23
2,player,472,0,0,594.73,542.35,671.67,685.49,23
2,player,473,0,0,598.28,542.67,675.22,685.81,23
2,player,474,0,0,601.82,542.99,678.77,686.14,23
2,player,475,0,0,605.37,543.31,682.31,686.46,23
2,player,476,0,0,608.92,543.63,685.86,686.78,23
2,player,477,0,0,612.46,543.96,689.41,687.10,23
2,player,478,0,0,616.01,544.28,692.95,687.43,23
2,player,479,0,0,619.56,544.60,696.50,687.75,23
2,player,480,0,0,623.10,544.92,700.05,688.07,23
2,player,481,0,0,626.65,545.25,703.59,688.39,23
2,player,482,0,0,630.20,545.57,707.14,688.72,23
2,player,483,0,0,633.74,545.89,710.69,689.04,23
2,player,484,0,0,637.29,546.21,714.24,689.36,23
2,player,485,0,0,640.84,546.54,717.78,689.68,23
2,player,486,0,0,644.39,546.86,721.33,690.01,23
2,player,487,0,0,647.93,547.18,724.88,690.33,23
2,player,488,0,0,651.48,547.50,728.42,690.65,23
2,player,489,0,0,655.03,547.83,731.97,690.97,23
2,player,490,0,0,658.57,548.15,735.52,691.30,23
2,player,491,0,0,662.12,548.47,739.06,691.62,23
2,player,492,0,0,665.67,548.79,742.61,691.94,23
2,player,493,0,0,669.21,549.12,746.16,692.26,23
2,player,494,0,0,672.76,549.44,749.70,692.59,23
2,player,495,0,0,676.31,549.76,753.25,692.91,23
2,player,496,0,0,679.85,550.08,756.80,693.23,23
2,player,497,0,0,683.40,550.41,760.34,693.55,23
2,player,498,0,0,686.95,550.73,763.89,693.88,23
2,player,499,0,0,690.49,551.05,767.44,694.20,23
2,player,500,0,0,695.75,549.88,772.70,693.03,23
2,player,501,0,0,701.01,548.71,777.96,691.86,23
2,player,502,0,0,706.27,547.54,783.22,690.69,23
2,player,503,0,0,711.53,546.38,788.48,689.52,23
2,player,504,0,0,716.28,545.71,793.23,688.86,23
2,player,505,0,0,721.03,545.05,797.98,688.19,23
2,player,506,0,0,725.79,544.38,802.73,687.53,23
2,player,507,0,0,730.54,543.72,807.48,686.86,23
2,player,508,0,0,735.29,543.05,812.23,686.20,23
2,player,509,0,0,740.04,542.38,816.98,685.53,23
2,player,510,0,0,744.79,541.72,821.73,684.87,23
2,player,511,0,0,749.54,541.05,826.49,684.20,23
2,player,512,0,0,754.29,540.39,831.24,683.54,23
2,player,513,0,0,759.05,539.72,835.99,682.87,23
2,player,514,0,0,763.80,539.06,840.74,682.21,23
2,player,515,0,0,768.55,538.39,845.49,681.54,23
2,player,516,0,0,773.30,537.73,850.24,680.88,23
2,player,517,0,0,778.05,537.06,854.99,680.21,23
2,player,518,0,0,782.80,536.40,859.74,679.55,23
2,player,519,0,0,787.55,535.73,864.50,678.88,23
2,player,520,0,0,792.30,535.07,869.25,678.22,23
2,player,521,0,0,797.06,534.40,874.00,677.55,23
2,player,522,0,0,801.81,533.74,878.75,676.89,23
2,player,523,0,0,806.56,533.07,883.50,676.22,23
2,player,524,0,0,811.31,532.41,888.25,675.55,23
2,player,525,0,0,816.06,531.74,893.00,674.89,23
2,player,526,0,0,820.81,531.08,897.76,674.22,23
2,player,527,0,0,825.56,530.41,902.51,673.56,23
2,player,528,0,0,830.31,529.75,907.26,672.89,23
2,player,529,0,0,835.07,529.08,912.01,672.23,23
2,player,530,0,0,839.82,528.42,916.76,671.56,23
2,player,531,0,0,844.57,527.75,921.51,670.90,23
2,player,532,0,0,849.32,527.09,926.26,670.23,23
2,player,533,0,0,854.07,526.42,931.01,669.57,23
2,player,534,0,0,858.82,525.76,935.77,668.90,23
2,player,535,0,0,863.57,525.09,940.52,668.24,23
2,player,536,0,0,868.32,524.43,945.27,667.57,23
2,player,537,0,0,873.08,523.76,950.02,666.91,23
2,player,538,0,0,877.83,523.10,954.77,666.24,23
2,player,539,0,0,882.58,522.43,959.52,665.58,23
2,player,540,0,0,887.33,521.76,964.27,664.91,23
2,player,541,0,0,892.08,521.10,969.02,664.25,23
2,player,542,0,0,896.83,520.43,973.78,663.58,23
2,player,543,0,0,901.58,519.77,978.53,662.92,23
2,player,544,0,0,906.33,519.10,983.28,662.25,23
2,player,545,0,0,911.09,518.44,988.03,661.59,23
2,player,546,0,0,915.84,517.77,992.78,660.92,23
2,player,547,0,0,920.59,517.11,997.53,660.26,23
2,player,548,0,0,925.34,516.44,1002.28,659.59,23
2,player,549,0,0,921.06,527.13,998.01,670.28,23
2,player,550,0,0,924.48,526.28,1001.43,669.43,23
2,player,551,0,0,927.91,525.42,1004.85,668.57,23
2,player,552,0,0,931.33,524.57,1008.27,667.72,23
2,player,553,0,0,934.75,523.71,1011.69,666.86,23
2,player,554,0,0,938.17,522.86,1015.11,666.00,23
2,player,555,0,0,941.38,520.72,1018.32,663.87,23
2,player,556,0,0,944.58,518.58,1021.53,661.73,23
2,player,557,0,0,947.79,516.44,1024.73,659.59,23
2,player,558,0,0,951.00,514.31,1027.94,657.45,23
2,player,559,0,0,952.42,514.48,1029.37,657.63,23
2,player,560,0,0,953.85,514.66,1030.79,657.81,23
2,player,561,0,0,955.27,514.84,1032.22,657.99,23
2,player,562,0,0,956.70,515.02,1033.64,658.17,23
2,player,563,0,0,958.12,515.20,1035.07,658.34,23
2,player,564,0,0,959.55,515.37,1036.49,658.52,23
2,player,565,0,0,960.97,515.55,1037.92,658.70,23
2,player,566,0,0,962.40,515.73,1039.34,658.88,23
2,player,567,0,0,963.82,515.91,1040.77,659.06,23
2,player,568,0,0,965.25,516.09,1042.19,659.23,23
2,player,569,0,0,966.68,516.27,1043.62,659.41,23
2,player,570,0,0,968.10,516.44,1045.04,659.59,23
2,player,571,0,0,973.94,515.11,1050.89,658.26,23
2,player,572,0,0,979.79,513.78,1056.73,656.93,23
2,player,573,0,0,985.63,512.45,1062.58,655.60,23
2,player,574,0,0,991.48,511.12,1068.42,654.27,23
2,player,575,0,0,997.32,509.79,1074.26,652.94,23
2,player,576,0,0,1003.17,508.46,1080.11,651.61,23
2,player,577,0,0,1009.01,507.13,1085.95,650.28,23
2,player,578,0,0,1014.85,505.80,1091.80,648.95,23
2,player,579,0,0,1020.70,504.47,1097.64,647.62,23
2,player,580,0,0,1026.54,503.14,1103.49,646.29,23
2,player,581,0,0,1032.39,501.81,1109.33,644.96,23
2,player,582,0,0,1038.23,500.48,1115.17,643.63,23
2,player,583,0,0,1044.07,499.15,1121.02,642.30,23
2,player,584,0,0,1049.92,497.82,1126.86,640.97,23
2,player,585,0,0,1055.76,496.49,1132.71,639.64,23
2,player,586,0,0,1061.61,495.16,1138.55,638.31,23
2,player,587,0,0,1067.45,493.83,1144.39,636.97,23
2,player,588,0,0,1073.29,492.50,1150.24,635.64,23
2,player,589,0,0,1079.14,491.17,1156.08,634.31,23
2,player,590,0,0,1084.98,489.84,1161.93,632.98,23
2,player,591,0,0,1090.83,488.51,1167.77,631.65,23
2,player,592,0,0,1096.67,487.18,1173.61,630.32,23
2,player,593,0,0,1102.51,485.85,1179.46,628.99,23
2,player,594,0,0,1108.36,484.51,1185.30,627.66,23
2,player,595,0,0,1114.20,483.18,1191.15,626.33,23
2,player,596,0,0,1120.05,481.85,1196.99,625.00,23
2,player,597,0,0,1125.89,480.52,1202.83,623.67,23
2,player,598,0,0,1131.74,479.19,1208.68,622.34,23
2,player,599,0,0,1137.58,477.86,1214.52,621.01,23
2,player,600,0,0,1143.42,476.53,1220.37,619.68,23
2,player,601,0,0,1149.27,475.20,1226.21,618.35,23
2,player,602,0,0,1155.11,473.87,1232.06,617.02,23
2,player,603,0,0,1160.96,472.54,1237.90,615.69,23
2,player,604,0,0,1166.80,471.21,1243.74,614.36,23
2,player,605,0,0,1172.64,469.88,1249.59,613.03,23
2,player,606,0,0,1178.49,468.55,1255.43,611.70,23
2,player,607,0,0,1184.33,467.22,1261.28,610.37,23
2,player,608,0,0,1190.18,465.89,1267.12,609.04,23
2,player,609,0,0,1196.02,464.56,1272.96,607.71,23
2,player,610,0,0,1201.86,463.23,1278.81,606.38,23
2,player,611,0,0,1207.71,461.90,1284.65,605.05,23
2,player,612,0,0,1213.55,460.57,1290.50,603.72,23
2,player,613,0,0,1219.40,459.24,1296.34,602.39,23
2,player,614,0,0,1225.24,457.91,1302.18,601.05,23
2,player,615,0,0,1231.08,456.58,1308.03,599.72,23
2,player,616,0,0,1238.21,454.44,1315.16,597.59,23
2,player,617,0,0,1245.34,452.30,1322.28,595.45,23
2,player,618,0,0,1252.47,450.16,1329.41,593.31,23
2,player,619,0,0,1264.11,445.41,1341.05,588.56,23
2,player,620,0,0,1275.75,440.66,1352.69,583.81,23
2,player,621,0,0,1287.39,435.91,1364.33,579.06,23
2,player,622,0,0,1299.03,431.16,1375.97,574.31,23
2,player,623,0,0,1310.67,426.41,1387.61,569.55,23
2,player,624,0,0,1322.31,421.66,1399.25,564.80,23
2,player,625,0,0,1333.95,416.90,1410.89,560.05,23
2,player,626,0,0,1345.59,412.15,1422.54,555.30,23
2,player,627,0,0,1357.23,407.40,1434.18,550.55,23
2,player,628,0,0,1364.43,407.47,1441.37,550.62,23
2,player,629,0,0,1371.63,407.54,1448.57,550.69,23
2,player,630,0,0,1378.83,407.62,1455.77,550.76,23
2,player,631,0,0,1386.03,407.69,1462.97,550.83,23
2,player,632,0,0,1393.22,407.76,1470.17,550.91,23
2,player,633,0,0,1400.42,407.83,1477.37,550.98,23
2,player,634,0,0,1407.62,407.90,1484.56,551.05,23
2,player,635,0,0,1414.82,407.97,1491.76,551.12,23
2,player,636,0,0,1422.02,408.04,1498.96,551.19,23
2,player,637,0,0,1429.21,408.11,1506.16,551.26,23
2,player,638,0,0,1436.41,408.19,1513.36,551.33,23
2,player,639,0,0,1443.61,408.26,1520.55,551.40,23
2,player,640,0,0,1450.81,408.33,1527.75,551.48,23
2,player,641,0,0,1458.01,408.40,1534.95,551.55,23
2,player,642,0,0,1465.21,408.47,1542.15,551.62,23
2,player,643,0,0,1472.40,408.54,1549.35,551.69,23
2,player,644,0,0,1479.60,408.61,1556.55,551.76,23
2,player,645,0,0,1486.80,408.68,1563.74,551.83,23
2,player,646,0,0,1494.00,408.76,1570.94,551.90,23
2,player,647,0,0,1501.20,408.83,1578.14,551.97,23
2,player,648,0,0,1508.40,408.90,1585.34,552.05,23
2,player,649,0,0,1515.59,408.97,1592.54,552.12,23
2,player,650,0,0,1522.79,409.04,1599.74,552.19,23
2,player,651,0,0,1529.99,409.11,1606.93,552.26,23
2,player,652,0,0,1537.19,409.18,1614.13,552.33,23
2,player,653,0,0,1544.39,409.25,1621.33,552.40,23
2,player,654,0,0,1551.58,409.33,1628.53,552.47,23
2,player,655,0,0,1558.78,409.40,1635.73,552.54,23
2,player,656,0,0,1565.98,409.47,1642.93,552.62,23
2,player,657,0,0,1573.18,409.54,1650.12,552.69,23
2,player,658,0,0,1580.66,407.40,1657.61,550.55,23
2,player,659,0,0,1588.15,405.26,1665.09,548.41,23
2,player,660,0,0,1593.32,406.28,1670.27,549.42,23
2,player,661,0,0,1598.50,407.29,1675.44,550.44,23
2,player,662,0,0,1603.68,408.30,1680.62,551.45,23
2,player,663,0,0,1608.85,409.31,1685.80,552.46,23
2,player,664,0,0,1614.03,410.33,1690.97,553.47,23
2,player,665,0,0,1619.21,411.34,1696.15,554.49,23
2,player,666,0,0,1624.38,412.35,1701.33,555.50,23
2,player,667,0,0,1629.56,413.37,1706.50,556.51,23
2,player,668,0,0,1634.73,414.38,1711.68,557.53,23
2,player,669,0,0,1639.91,415.39,1716.85,558.54,23
2,player,670,0,0,1645.09,416.40,1722.03,559.55,23
2,player,671,0,0,1650.26,417.42,1727.21,560.56,23
2,player,672,0,0,1655.44,418.43,1732.38,561.58,23
2,player,673,0,0,1660.62,419.44,1737.56,562.59,23
2,player,674,0,0,1665.79,420.45,1742.74,563.60,23
2,player,675,0,0,1670.97,421.47,1747.91,564.62,23
2,player,676,0,0,1676.15,422.48,1753.09,565.63,23
2,player,677,0,0,1681.32,423.49,1758.27,566.64,23
2,player,678,0,0,1686.50,424.51,1763.44,567.65,23
2,player,679,0,0,1683.32,425.50,1760.26,568.65,23
2,player,680,0,0,1680.13,426.49,1757.08,569.64,23
2,player,681,0,0,1676.95,427.49,1753.90,570.64,23
2,player,682,0,0,1673.77,428.48,1750.71,571.63,23
2,player,683,0,0,1670.59,429.48,1747.53,572.63,23
2,player,684,0,0,1667.41,430.47,1744.35,573.62,23
2,player,685,0,0,1664.22,431.47,1741.17,574.61,23
2,player,686,0,0,1661.04,432.46,1737.98,575.61,23
2,player,687,0,0,1657.86,433.46,1734.80,576.60,23
2,player,688,0,0,1654.68,434.45,1731.62,577.60,23
2,player,689,0,0,1651.49,435.44,1728.44,578.59,23
2,player,690,0,0,1648.31,436.44,1725.26,579.59,23
2,player,691,0,0,1645.13,437.43,1722.07,580.58,23
2,player,692,0,0,1641.95,438.43,1718.89,581.58,23
2,player,693,0,0,1638.76,439.42,1715.71,582.57,23
2,player,694,0,0,1635.58,440.42,1712.53,583.56,23
2,player,695,0,0,1632.40,441.41,1709.34,584.56,23
2,player,696,0,0,1629.22,442.41,1706.16,585.55,23
2,player,697,0,0,1626.04,443.40,1702.98,586.55,23
2,player,698,0,0,1622.85,444.40,1699.80,587.54,23
2,player,699,0,0,1619.67,445.39,1696.61,588.54,23
2,player,700,0,0,1616.49,446.38,1693.43,589.53,23
2,player,701,0,0,1613.31,447.38,1690.25,590.53,23
2,player,702,0,0,1610.12,448.37,1687.07,591.52,23
2,player,703,0,0,1606.94,449.37,1683.89,592.51,23
2,player,704,0,0,1603.76,450.36,1680.70,593.51,23
2,player,705,0,0,1600.58,451.36,1677.52,594.50,23
2,player,706,0,0,1597.40,452.35,1674.34,595.50,23
2,player,707,0,0,1594.21,453.35,1671.16,596.49,23
2,player,708,0,0,1591.03,454.34,1667.97,597.49,23
2,player,709,0,0,1587.85,455.33,1664.79,598.48,23
2,player,710,0,0,1584.67,456.33,1661.61,599.48,23
2,player,711,0,0,1581.48,457.32,1658.43,600.47,23
2,player,712,0,0,1578.30,458.32,1655.25,601.46,23
2,player,713,0,0,1575.12,459.31,1652.06,602.46,23
2,player,714,0,0,1571.94,460.31,1648.88,603.45,23
2,player,715,0,0,1568.75,461.30,1645.70,604.45,23
2,player,716,0,0,1565.57,462.30,1642.52,605.44,23
2,player,717,0,0,1562.39,463.29,1639.33,606.44,23
2,player,718,0,0,1559.21,464.28,1636.15,607.43,23
2,player,719,0,0,1556.03,465.28,1632.97,608.43,23
2,player,720,0,0,1552.84,466.27,1629.79,609.42,23
2,player,721,0,0,1549.66,467.27,1626.60,610.42,23
2,player,722,0,0,1546.48,468.26,1623.42,611.41,23
2,player,723,0,0,1543.30,469.26,1620.24,612.40,23
2,player,724,0,0,1540.11,470.25,1617.06,613.40,23
2,player,725,0,0,1536.93,471.25,1613.88,614.39,23
2,player,726,0,0,1533.75,472.24,1610.69,615.39,23
2,player,727,0,0,1530.57,473.23,1607.51,616.38,23
2,player,728,0,0,1527.39,474.23,1604.33,617.38,23
2,player,729,0,0,1524.20,475.22,1601.15,618.37,23
2,player,730,0,0,1521.02,476.22,1597.96,619.37,23
2,player,731,0,0,1517.84,477.21,1594.78,620.36,23
2,player,732,0,0,1514.66,478.21,1591.60,621.35,23
2,player,733,0,0,1511.47,479.20,1588.42,622.35,23
2,player,734,0,0,1508.29,480.20,1585.24,623.34,23
2,player,735,0,0,1505.11,481.19,1582.05,624.34,23
2,player,736,0,0,1501.93,482.18,1578.87,625.33,23
2,player,737,0,0,1498.74,483.18,1575.69,626.33,23
2,player,738,0,0,1495.56,484.17,1572.51,627.32,23
2,player,739,0,0,1492.38,485.17,1569.32,628.32,23
2,player,740,0,0,1489.20,486.16,1566.14,629.31,23
2,player,741,0,0,1486.02,487.16,1562.96,630.30,23
2,player,742,0,0,1482.83,488.15,1559.78,631.30,23
2,player,743,0,0,1479.65,489.15,1556.59,632.29,23
2,player,744,0,0,1476.47,490.14,1553.41,633.29,23
2,player,745,0,0,1473.29,491.13,1550.23,634.28,23
2,player,746,0,0,1470.10,492.13,1547.05,635.28,23
2,player,747,0,0,1466.92,493.12,1543.87,636.27,23
2,player,748,0,0,1463.74,494.12,1540.68,637.27,23
2,player,749,0,0,1460.56,495.11,1537.50,638.26,23
2,player,750,0,0,1457.38,496.11,1534.32,639.25,23
2,player,751,0,0,1454.19,497.10,1531.14,640.25,23
2,player,752,0,0,1451.01,498.10,1527.95,641.24,23
2,player,753,0,0,1447.83,499.09,1524.77,642.24,23
2,player,754,0,0,1444.65,500.08,1521.59,643.23,23
2,player,755,0,0,1441.46,501.08,1518.41,644.23,23
2,player,756,0,0,1438.28,502.07,1515.23,645.22,23
2,player,757,0,0,1435.10,503.07,1512.04,646.22,23
2,player,758,0,0,1431.92,504.06,1508.86,647.21,23
2,player,759,0,0,1428.73,505.06,1505.68,648.20,23
2,player,760,0,0,1425.55,506.05,1502.50,649.20,23
2,player,761,0,0,1422.37,507.05,1499.31,650.19,23
2,player,762,0,0,1419.19,508.04,1496.13,651.19,23
2,player,763,0,0,1416.01,509.03,1492.95,652.18,23
2,player,764,0,0,1412.82,510.03,1489.77,653.18,23
2,player,765,0,0,1408.55,511.68,1485.49,654.83,23
2,player,766,0,0,1404.27,513.33,1481.21,656.48,23
2,player,767,0,0,1399.99,514.99,1476.94,658.13,23
2,player,768,0,0,1395.72,516.64,1472.66,659.79,23
2,player,769,0,0,1391.44,518.29,1468.39,661.44,23
2,player,770,0,0,1387.17,519.94,1464.11,663.09,23
2,player,771,0,0,1382.89,521.59,1459.83,664.74,23
2,player,772,0,0,1378.61,523.25,1455.56,666.39,23
2,player,773,0,0,1374.34,524.90,1451.28,668.05,23
2,player,774,0,0,1370.06,526.55,1447.00,669.70,23
2,player,775,0,0,1365.79,528.20,1442.73,671.35,23
2,player,776,0,0,1361.51,529.86,1438.45,673.00,23
2,player,777,0,0,1357.23,531.51,1434.18,674.65,23
2,player,778,0,0,1352.96,533.16,1429.90,676.31,23
2,player,779,0,0,1348.68,534.81,1425.62,677.96,23
2,player,780,0,0,1344.40,536.46,1421.35,679.61,23
2,player,781,0,0,1340.13,538.12,1417.07,681.26,23
2,player,782,0,0,1335.85,539.77,1412.80,682.92,23
2,player,783,0,0,1331.58,541.42,1408.52,684.57,23
2,player,784,0,0,1327.30,543.07,1404.24,686.22,23
2,player,785,0,0,1323.02,544.72,1399.97,687.87,23
2,player,786,0,0,1318.75,546.38,1395.69,689.52,23
2,player,787,0,0,1313.62,546.59,1390.56,689.74,23
2,player,788,0,0,1308.48,546.80,1385.43,689.95,23
2,player,789,0,0,1303.35,547.02,1380.30,690.17,23
2,player,790,0,0,1298.22,547.23,1375.16,690.38,23
2,player,791,0,0,1293.09,547.45,1370.03,690.59,23
2,player,792,0,0,1287.96,547.66,1364.90,690.81,23
2,player,793,0,0,1282.83,547.87,1359.77,691.02,23
2,player,794,0,0,1277.70,548.09,1354.64,691.23,23
2,player,795,0,0,1272.56,548.30,1349.51,691.45,23
2,player,796,0,0,1267.43,548.51,1344.38,691.66,23
2,player,797,0,0,1262.78,548.64,1339.66,692.35,23
2,player,798,0,0,1258.12,548.77,1334.94,693.05,23
2,player,799,0,0,1253.47,548.89,1330.23,693.74,23
2,player,800,0,0,1248.82,549.02,1325.51,694.43,23
2,player,801,0,0,1244.16,549.14,1320.79,695.12,23
2,player,802,0,0,1239.51,549.27,1316.08,695.81,23
2,player,803,0,0,1234.86,549.40,1311.36,696.50,23
2,player,804,0,0,1230.20,549.52,1306.65,697.20,23
2,player,805,0,0,1225.55,549.65,1301.93,697.89,23
2,player,806,0,0,1220.89,549.78,1297.21,698.58,23
2,player,807,0,0,1216.24,549.90,1292.50,699.27,23
2,player,808,0,0,1211.59,550.03,1287.78,699.96,23
2,player,809,0,0,1206.93,550.15,1283.06,700.65,23
2,player,810,0,0,1202.28,550.28,1278.35,701.35,23
2,player,811,0,0,1197.62,550.41,1273.63,702.04,23
2,player,812,0,0,1192.97,550.53,1268.91,702.73,23
2,player,813,0,0,1188.32,550.66,1264.20,703.42,23
2,player,814,0,0,1183.66,550.78,1259.48,704.11,23
2,player,815,0,0,1179.01,550.91,1254.77,704.81,23
2,player,816,0,0,1174.35,551.04,1250.05,705.50,23
2,player,817,0,0,1169.70,551.16,1245.33,706.19,23
2,player,818,0,0,1165.05,551.29,1240.62,706.88,23
2,player,819,0,0,1160.39,551.41,1235.90,707.57,23
2,player,820,0,0,1155.74,551.54,1231.18,708.26,23
2,player,821,0,0,1151.09,551.67,1226.47,708.96,23
2,player,822,0,0,1146.43,551.79,1221.75,709.65,23
2,player,823,0,0,1141.78,551.92,1217.03,710.34,23
2,player,824,0,0,1137.12,552.04,1212.32,711.03,23
2,player,825,0,0,1132.47,552.17,1207.60,711.72,23
2,player,826,0,0,1127.82,552.30,1202.89,712.41,23
2,player,827,0,0,1123.16,552.42,1198.17,713.11,23
2,player,828,0,0,1118.51,552.55,1193.45,713.80,23
2,player,829,0,0,1113.85,552.67,1188.74,714.49,23
2,player,830,0,0,1109.20,552.80,1184.02,715.18,23
2,player,831,0,0,1104.92,555.65,1179.74,718.03,23
2,player,832,0,0,1100.65,558.50,1175.47,720.88,23
2,player,833,0,0,1096.37,561.35,1171.19,723.73,23
2,player,834,0,0,1087.16,560.14,1161.97,722.52,23
2,player,835,0,0,1077.94,558.92,1152.76,721.30,23
2,player,836,0,0,1068.72,557.70,1143.54,720.08,23
2,player,837,0,0,1059.51,556.49,1134.33,718.87,23
2,player,838,0,0,1050.29,555.27,1125.11,717.65,23
2,player,839,0,0,1041.08,554.05,1115.90,716.44,23
2,player,840,0,0,1031.86,552.84,1106.68,715.22,23
2,player,841,0,0,1022.64,551.62,1097.46,714.00,23
2,player,842,0,0,1013.43,550.40,1088.25,712.79,23
2,player,843,0,0,1004.21,549.19,1079.03,711.57,23
2,player,844,0,0,995.00,547.97,1069.82,710.35,23
2,player,845,0,0,985.78,546.75,1060.60,709.14,23
2,player,846,0,0,976.56,545.54,1051.38,707.92,23
2,player,847,0,0,967.35,544.32,1042.17,706.70,23
2,player,848,0,0,958.13,543.11,1032.95,705.49,23
2,player,849,0,0,948.92,541.89,1023.74,704.27,23
2,player,850,0,0,939.70,540.67,1014.52,703.05,23
2,player,851,0,0,930.49,539.46,1005.30,701.84,23
2,player,852,0,0,921.27,538.24,996.09,700.62,23
2,player,853,0,0,912.05,537.02,986.87,699.40,23
2,player,854,0,0,902.84,535.81,977.66,698.19,23
2,player,855,0,0,893.62,534.59,968.44,696.97,23
2,player,856,0,0,884.41,533.37,959.23,695.76,23
2,player,857,0,0,875.19,532.16,950.01,694.54,23
2,player,858,0,0,865.97,530.94,940.79,693.32,23
2,player,859,0,0,856.76,529.72,931.58,692.11,23
2,player,860,0,0,847.54,528.51,922.36,690.89,23
2,player,861,0,0,838.33,527.29,913.15,689.67,23
2,player,862,0,0,829.11,526.07,903.93,688.46,23
2,player,863,0,0,819.89,524.86,894.71,687.24,23
2,player,864,0,0,810.68,523.64,885.50,686.02,23
2,player,865,0,0,801.46,522.43,876.28,684.81,23
2,player,866,0,0,792.25,521.21,867.07,683.59,23
2,player,867,0,0,783.03,519.99,857.85,682.37,23
2,player,868,0,0,773.82,518.78,848.63,681.16,23
2,player,869,0,0,764.60,517.56,839.42,679.94,23
2,player,870,0,0,755.38,516.34,830.20,678.72,23
2,player,871,0,0,746.17,515.13,820.99,677.51,23
2,player,872,0,0,736.95,513.91,811.77,676.29,23
2,player,873,0,0,727.74,512.69,802.56,675.08,23
2,player,874,0,0,718.52,511.48,793.34,673.86,23
2,player,875,0,0,709.30,510.26,784.12,672.64,23
2,player,876,0,0,700.09,509.04,774.91,671.43,23
2,player,877,0,0,690.87,507.83,765.69,670.21,23
2,player,878,0,0,681.66,506.61,756.48,668.99,23
2,player,879,0,0,672.44,505.39,747.26,667.78,23
2,player,880,0,0,663.22,504.18,738.04,666.56,23
2,player,881,0,0,654.01,502.96,728.83,665.34,23
2,player,882,0,0,644.79,501.75,719.61,664.13,23
2,player,883,0,0,635.58,500.53,710.40,662.91,23
2,player,884,0,0,626.36,499.31,701.18,661.69,23
2,player,885,0,0,617.14,498.10,691.96,660.48,23
2,player,886,0,0,607.93,496.88,682.75,659.26,23
2,player,887,0,0,598.71,495.66,673.53,658.04,23
2,player,888,0,0,589.50,494.45,664.32,656.83,23
2,player,889,0,0,580.28,493.23,655.10,655.61,23
2,player,890,0,0,571.07,492.01,645.89,654.39,23
2,player,891,0,0,561.85,490.80,636.67,653.18,23
2,player,892,0,0,561.85,490.80,636.67,653.18,23
2,player,893,0,0,561.85,490.80,636.67,653.18,23
2,player,894,0,0,561.85,490.80,636.67,653.18,23
2,player,895,0,0,561.85,490.80,636.67,653.18,23
2,player,896,0,0,561.85,490.80,636.67,653.18,23
2,player,897,0,0,561.85,490.80,636.67,653.18,23
2,player,898,0,0,561.85,490.80,636.67,653.18,23
2,player,899,0,0,561.85,490.80,636.67,653.18,23
3,player,7,0,0,1369.45,642.64,1440.00,800.84,32
3,player,8,0,0,1370.43,644.28,1440.98,802.48,32
3,player,9,0,0,1371.42,645.93,1441.97,804.13,32
3,player,10,0,0,1372.41,647.57,1442.96,805.77,32
3,player,11,0,0,1373.39,649.22,1443.94,807.42,32
3,player,12,0,0,1374.38,650.86,1444.93,809.06,32
3,player,13,0,0,1375.37,652.51,1445.92,810.70,32
3,player,14,0,0,1376.35,654.15,1446.90,812.35,32
3,player,15,0,0,1377.34,655.80,1447.89,813.99,32
3,player,16,0,0,1378.33,657.44,1448.88,815.64,32
3,player,17,0,0,1379.32,659.09,1449.86,817.28,32
3,player,18,0,0,1380.30,660.73,1450.85,818.93,32
3,player,19,0,0,1381.29,662.38,1451.84,820.57,32
3,player,20,0,0,1382.28,664.02,1452.82,822.22,32
3,player,21,0,0,1381.95,664.99,1452.50,823.19,32
3,player,22,0,0,1381.63,665.96,1452.18,824.16,32
3,player,23,0,0,1381.30,666.94,1451.85,825.13,32
3,player,24,0,0,1380.98,667.91,1451.53,826.11,32
3,player,25,0,0,1380.66,668.88,1451.20,827.08,32
3,player,26,0,0,1380.33,669.85,1450.88,828.05,32
3,player,27,0,0,1380.01,670.82,1450.56,829.02,32
3,player,28,0,0,1379.68,671.80,1450.23,829.99,32
3,player,29,0,0,1379.36,672.77,1449.91,830.96,32
3,player,30,0,0,1379.04,673.74,1449.59,831.94,32
3,player,31,0,0,1378.71,674.71,1449.26,832.91,32
3,player,32,0,0,1378.39,675.68,1448.94,833.88,32
3,player,33,0,0,1378.06,676.65,1448.61,834.85,32
3,player,34,0,0,1377.74,677.63,1448.29,835.82,32
3,player,35,0,0,1377.42,678.60,1447.97,836.80,32
3,player,36,0,0,1377.09,679.57,1447.64,837.77,32
3,player,37,0,0,1376.77,680.54,1447.32,838.74,32
3,player,38,0,0,1376.44,681.51,1446.99,839.71,32
3,player,39,0,0,1376.12,682.49,1446.67,840.68,32
3,player,40,0,0,1375.80,683.46,1446.35,841.65,32
3,player,41,0,0,1375.47,684.43,1446.02,842.63,32
3,player,42,0,0,1375.15,685.40,1445.70,843.60,32
3,player,43,0,0,1374.82,686.37,1445.37,844.57,32
3,player,44,0,0,1374.50,687.35,1445.05,845.54,32
3,player,45,0,0,1374.18,688.32,1444.73,846.51,32
3,player,46,0,0,1373.85,689.29,1444.40,847.49,32
3,player,47,0,0,1373.53,690.26,1444.08,848.46,32
3,player,48,0,0,1373.20,691.23,1443.75,849.43,32
3,player,49,0,0,1372.88,692.20,1443.43,850.40,32
3,player,50,0,0,1372.56,693.18,1443.11,851.37,32
3,player,51,0,0,1372.23,694.15,1442.78,852.35,32
3,player,52,0,0,1371.91,695.12,1442.46,853.32,32
3,player,53,0,0,1371.58,696.09,1442.13,854.29,32
3,player,54,0,0,1371.58,696.66,1442.70,856.00,32
3,player,55,0,0,1371.58,697.23,1443.27,857.70,32
3,player,56,0,0,1371.58,697.80,1443.84,859.41,32
3,player,57,0,0,1371.58,698.37,1444.41,861.12,32
3,player,58,0,0,1371.58,698.94,1444.98,862.83,32
3,player,59,0,0,1371.58,699.51,1445.55,864.54,32
3,player,60,0,0,1371.58,700.08,1446.11,866.25,32
3,player,61,0,0,1371.58,700.65,1446.68,867.95,32
3,player,62,0,0,1371.58,701.22,1447.25,869.66,32
3,player,63,0,0,1371.58,701.79,1447.82,871.37,32
3,player,64,0,0,1371.58,702.36,1448.39,873.08,32
3,player,65,0,0,1371.58,702.93,1448.96,874.79,32
3,player,66,0,0,1371.58,703.50,1449.53,876.49,32
3,player,67,0,0,1371.58,704.07,1450.09,878.20,32
3,player,68,0,0,1371.58,704.64,1450.66,879.91,32
3,player,69,0,0,1371.43,703.88,1450.51,879.15,32
3,player,70,0,0,1371.28,703.12,1450.36,878.38,32
3,player,71,0,0,1371.13,702.35,1450.20,877.62,32
3,player,72,0,0,1370.97,701.59,1450.05,876.86,32
3,player,73,0,0,1370.82,700.83,1449.90,876.09,32
3,player,74,0,0,1370.67,700.06,1449.75,875.33,32
3,player,75,0,0,1370.52,699.30,1449.59,874.56,32
3,player,76,0,0,1370.36,698.53,1449.44,873.80,32
3,player,77,0,0,1370.21,697.77,1449.29,873.04,32
3,player,78,0,0,1370.06,697.01,1449.14,872.27,32
3,player,79,0,0,1369.90,696.24,1448.98,871.51,32
3,player,80,0,0,1369.75,695.48,1448.83,870.75,32
3,player,81,0,0,1369.60,694.72,1448.68,869.98,32
3,player,82,0,0,1369.45,693.95,1448.52,869.22,32
3,player,83,0,0,1369.29,693.19,1448.37,868.46,32
3,player,84,0,0,1369.14,692.43,1448.22,867.69,32
3,player,85,0,0,1368.99,691.66,1448.07,866.93,32
3,player,86,0,0,1368.84,690.90,1447.91,866.16,32
3,player,87,0,0,1368.68,690.14,1447.76,865.40,32
3,player,88,0,0,1368.53,689.37,1447.61,864.64,32
3,player,89,0,0,1368.38,688.61,1447.46,863.87,32
3,player,90,0,0,1368.22,687.84,1447.30,863.11,32
3,player,91,0,0,1368.07,687.08,1447.15,862.35,32
3,player,92,0,0,1367.92,686.32,1447.00,861.58,32
3,player,93,0,0,1367.77,685.55,1446.84,860.82,32
3,player,94,0,0,1367.61,684.79,1446.69,860.06,32
3,player,95,0,0,1367.46,684.03,1446.54,859.29,32
3,player,96,0,0,1367.31,683.26,1446.39,858.53,32
3,player,97,0,0,1367.61,680.51,1446.69,855.78,32
3,player,98,0,0,1367.92,677.76,1447.00,853.03,32
3,player,99,0,0,1368.22,675.02,1447.30,850.28,32
3,player,100,0,0,1368.53,672.27,1447.61,847.53,32
3,player,101,0,0,1368.84,669.52,1447.91,844.78,32
3,player,102,0,0,1369.14,666.77,1448.22,842.04,32
3,player,103,0,0,1369.45,664.02,1448.52,839.29,32
3,player,104,0,0,1368.02,661.64,1447.10,836.91,32
3,player,105,0,0,1366.60,659.27,1445.67,834.54,32
3,player,106,0,0,1365.17,656.89,1444.25,832.16,32
3,player,107,0,0,1363.74,654.52,1442.82,829.78,32
3,player,108,0,0,1362.32,652.14,1441.40,827.41,32
3,player,109,0,0,1360.89,649.77,1439.97,825.03,32
3,player,110,0,0,1359.47,647.39,1438.55,822.66,32
3,player,111,0,0,1358.04,645.02,1437.12,820.28,32
3,player,112,0,0,1356.62,642.64,1435.70,817.91,32
3,player,113,0,0,1354.48,639.68,1433.56,814.95,32
3,player,114,0,0,1352.34,636.72,1431.42,811.98,32
3,player,115,0,0,1350.20,633.76,1429.28,809.02,32
3,player,116,0,0,1348.07,630.80,1427.14,806.06,32
3,player,117,0,0,1345.93,627.84,1425.00,803.10,32
3,player,118,0,0,1343.79,624.88,1422.87,800.14,32
3,player,119,0,0,1341.65,621.92,1420.73,797.18,32
3,player,120,0,0,1339.51,618.96,1418.59,794.22,32
3,player,121,0,0,1337.37,616.00,1416.45,791.26,32
3,player,122,0,0,1335.24,613.03,1414.31,788.30,32
3,player,123,0,0,1333.10,610.07,1412.18,785.34,32
3,player,124,0,0,1330.96,607.11,1410.04,782.38,32
3,player,125,0,0,1328.82,604.15,1407.90,779.42,32
3,player,126,0,0,1322.53,601.95,1401.61,777.22,32
3,player,127,0,0,1316.25,599.75,1395.32,775.02,32
3,player,128,0,0,1309.96,597.55,1389.03,772.82,32
3,player,129,0,0,1303.67,595.35,1382.75,770.62,32
3,player,130,0,0,1297.38,593.15,1376.46,768.41,32
3,player,131,0,0,1291.09,590.95,1370.17,766.21,32
3,player,132,0,0,1284.80,588.75,1363.88,764.01,32
3,player,133,0,0,1278.51,586.55,1357.59,761.81,32
3,player,134,0,0,1272.23,584.34,1351.30,759.61,32
3,player,135,0,0,1265.94,582.14,1345.01,757.41,32
3,player,136,0,0,1259.65,579.94,1338.73,755.21,32
3,player,137,0,0,1253.36,577.74,1332.44,753.01,32
3,player,138,0,0,1247.07,575.54,1326.15,750.81,32
3,player,139,0,0,1240.78,573.34,1319.86,748.61,32
3,player,140,0,0,1234.49,571.14,1313.57,746.40,32
3,player,141,0,0,1228.21,568.94,1307.28,744.20,32
3,player,142,0,0,1221.92,566.74,1301.00,742.00,32
3,player,143,0,0,1215.63,564.54,1294.71,739.80,32
3,player,144,0,0,1209.34,562.33,1288.42,737.60,32
3,player,145,0,0,1203.05,560.13,1282.13,735.40,32
3,player,146,0,0,1196.76,557.93,1275.84,733.20,32
3,player,147,0,0,1190.48,555.73,1269.55,731.00,32
3,player,148,0,0,1184.19,553.53,1263.26,728.80,32
3,player,149,0,0,1177.90,551.33,1256.98,726.60,32
3,player,150,0,0,1171.61,549.13,1250.69,724.40,32
3,player,151,0,0,1165.32,546.93,1244.40,722.19,32
3,player,152,0,0,1159.03,544.73,1238.11,719.99,32
3,player,153,0,0,1152.74,542.53,1231.82,717.79,32
3,player,154,0,0,1146.46,540.33,1225.53,715.59,32
3,player,155,0,0,1140.17,538.12,1219.24,713.39,32
3,player,156,0,0,1133.88,535.92,1212.96,711.19,32
3,player,157,0,0,1127.59,533.72,1206.67,708.99,32
3,player,158,0,0,1121.30,531.52,1200.38,706.79,32
3,player,159,0,0,1115.01,529.32,1194.09,704.59,32
3,player,160,0,0,1110.45,528.51,1189.58,703.37,32
3,player,161,0,0,1105.88,527.70,1185.07,702.16,32
3,player,162,0,0,1101.32,526.89,1180.57,700.95,32
3,player,163,0,0,1096.75,526.09,1176.06,699.73,32
3,player,164,0,0,1092.19,525.28,1171.55,698.52,32
3,player,165,0,0,1087.62,524.47,1167.04,697.31,32
3,player,166,0,0,1083.06,523.66,1162.53,696.09,32
3,player,167,0,0,1078.49,522.85,1158.02,694.88,32
3,player,168,0,0,1073.93,522.04,1153.51,693.66,32
3,player,169,0,0,1069.36,521.23,1149.00,692.45,32
3,player,170,0,0,1064.80,520.42,1144.50,691.24,32
3,player,171,0,0,1060.23,519.62,1139.99,690.02,32
3,player,172,0,0,1055.67,518.81,1135.48,688.81,32
3,player,173,0,0,1051.10,518.00,1130.97,687.60,32
3,player,174,0,0,1046.54,517.19,1126.46,686.38,32
3,player,175,0,0,1041.97,516.38,1121.95,685.17,32
3,player,176,0,0,1037.41,515.57,1117.44,683.96,32
3,player,177,0,0,1032.84,514.76,1112.94,682.74,32
3,player,178,0,0,1028.28,513.96,1108.43,681.53,32
3,player,179,0,0,1023.71,513.15,1103.92,680.32,32
3,player,180,0,0,1019.15,512.34,1099.41,679.10,32
3,player,181,0,0,1014.58,511.53,1094.90,677.89,32
3,player,182,0,0,1010.02,510.72,1090.39,676.68,32
3,player,183,0,0,1005.45,509.91,1085.88,675.46,32
3,player,184,0,0,1000.89,509.10,1081.38,674.25,32
3,player,185,0,0,996.32,508.29,1076.87,673.03,32
3,player,186,0,0,991.76,507.49,1072.36,671.82,32
3,player,187,0,0,987.19,506.68,1067.85,670.61,32
3,player,188,0,0,982.63,505.87,1063.34,669.39,32
3,player,189,0,0,978.06,505.06,1058.83,668.18,32
3,player,190,0,0,973.50,504.25,1054.32,666.97,32
3,player,191,0,0,968.93,503.44,1049.82,665.75,32
3,player,192,0,0,964.37,502.63,1045.31,664.54,32
3,player,193,0,0,959.80,501.83,1040.80,663.33,32
3,player,194,0,0,955.24,501.02,1036.29,662.11,32
3,player,195,0,0,950.67,500.21,1031.78,660.90,32
3,player,196,0,0,946.11,499.40,1027.27,659.69,32
3,player,197,0,0,946.60,499.42,1027.76,659.70,32
3,player,198,0,0,947.09,499.43,1028.26,659.72,32
3,player,199,0,0,947.58,499.45,1028.75,659.74,32
3,player,200,0,0,948.07,499.47,1029.24,659.75,32
3,player,201,0,0,948.57,499.48,1029.73,659.77,32
3,player,202,0,0,949.06,499.50,1030.22,659.79,32
3,player,203,0,0,949.55,499.52,1030.72,659.81,32
3,player,204,0,0,950.04,499.54,1031.21,659.82,32
3,player,205,0,0,950.53,499.55,1031.70,659.84,32
3,player,206,0,0,951.03,499.57,1032.19,659.86,32
3,player,207,0,0,951.52,499.59,1032.68,659.87,32
3,player,208,0,0,952.01,499.60,1033.18,659.89,32
3,player,209,0,0,952.50,499.62,1033.67,659.91,32
3,player,210,0,0,952.99,499.64,1034.16,659.92,32
3,player,211,0,0,953.49,499.65,1034.65,659.94,32
3,player,212,0,0,953.98,499.67,1035.15,659.96,32
3,player,213,0,0,954.47,499.69,1035.64,659.98,32
3,player,214,0,0,954.96,499.71,1036.13,659.99,32
3,player,215,0,0,957.53,500.76,1038.70,661.05,32
3,player,216,0,0,960.10,501.82,1041.27,662.10,32
3,player,217,0,0,962.68,502.87,1043.84,663.16,32
3,player,218,0,0,965.25,503.93,1046.41,664.22,32
3,player,219,0,0,967.82,504.99,1048.98,665.27,32
3,player,220,0,0,970.39,506.04,1051.55,666.33,32
3,player,221,0,0,972.96,507.10,1054.12,667.39,32
3,player,222,0,0,975.53,508.16,1056.70,668.44,32
3,player,223,0,0,978.10,509.21,1059.27,669.50,32
3,player,224,0,0,980.67,510.27,1061.84,670.56,32
3,player,225,0,0,983.24,511.32,1064.41,671.61,32
3,player,226,0,0,985.81,512.38,1066.98,672.67,32
3,player,227,0,0,988.38,513.44,1069.55,673.72,32
3,player,228,0,0,990.95,514.49,1072.12,674.78,32
3,player,229,0,0,993.52,515.55,1074.69,675.84,32
3,player,230,0,0,996.10,516.61,1077.26,676.89,32
3,player,231,0,0,998.67,517.66,1079.83,677.95,32
3,player,232,0,0,1001.24,518.72,1082.40,679.01,32
3,player,233,0,0,1003.81,519.78,1084.97,680.06,32
3,player,234,0,0,1006.38,520.83,1087.55,681.12,32
3,player,235,0,0,1008.95,521.89,1090.12,682.17,32
3,player,236,0,0,1011.52,522.94,1092.69,683.23,32
3,player,237,0,0,1014.09,524.00,1095.26,684.29,32
3,player,238,0,0,1016.66,525.06,1097.83,685.34,32
3,player,239,0,0,1020.94,525.48,1102.10,685.77,32
3,player,240,0,0,1025.21,525.91,1106.38,686.20,32
3,player,241,0,0,1029.49,526.34,1110.66,686.63,32
3,player,242,0,0,1033.77,526.77,1114.93,687.05,32
3,player,243,0,0,1038.04,527.19,1119.21,687.48,32
3,player,244,0,0,1042.32,527.62,1123.49,687.91,32
3,player,245,0,0,1046.60,528.05,1127.76,688.34,32
3,player,246,0,0,1050.87,528.48,1132.04,688.76,32
3,player,247,0,0,1055.15,528.91,1136.31,689.19,32
3,player,248,0,0,1059.42,529.33,1140.59,689.62,32
3,player,249,0,0,1064.41,531.71,1145.58,692.00,32
3,player,250,0,0,1069.40,534.08,1150.57,694.37,32
3,player,251,0,0,1074.39,536.46,1155.56,696.75,32
3,player,252,0,0,1079.38,538.84,1160.55,699.12,32
3,player,253,0,0,1084.37,541.21,1165.53,701.50,32
3,player,254,0,0,1089.36,543.59,1170.52,703.87,32
3,player,255,0,0,1094.35,545.96,1175.51,706.25,32
3,player,256,0,0,1099.33,548.34,1180.50,708.63,32
3,player,257,0,0,1104.32,550.71,1185.49,711.00,32
3,player,258,0,0,1109.67,554.99,1190.83,715.28,32
3,player,259,0,0,1115.01,559.27,1196.18,719.55,32
3,player,260,0,0,1120.36,563.54,1201.53,723.83,32
3,player,261,0,0,1125.70,567.82,1206.87,728.11,32
3,player,262,0,0,1131.17,568.53,1212.33,728.82,32
3,player,263,0,0,1136.63,569.24,1217.80,729.53,32
3,player,264,0,0,1142.10,569.96,1223.26,730.24,32
3,player,265,0,0,1147.56,570.67,1228.73,730.96,32
3,player,266,0,0,1153.02,571.38,1234.19,731.67,32
3,player,267,0,0,1158.49,572.09,1239.66,732.38,32
3,player,268,0,0,1163.95,572.81,1245.12,733.09,32
3,player,269,0,0,1169.42,573.52,1250.58,733.81,32
3,player,270,0,0,1174.88,574.23,1256.05,734.52,32
3,player,271,0,0,1190.28,573.38,1271.44,733.66,32
3,player,272,0,0,1205.67,572.52,1286.84,732.81,32
3,player,273,0,0,1221.06,571.67,1302.23,731.95,32
3,player,274,0,0,1236.46,570.81,1317.62,731.10,32
3,player,275,0,0,1251.85,569.96,1333.02,730.24,32
3,player,276,0,0,1262.01,570.49,1343.17,730.78,32
3,player,277,0,0,1272.16,571.03,1353.33,731.31,32
3,player,278,0,0,1282.32,571.56,1363.49,731.85,32
3,player,279,0,0,1292.48,572.09,1373.64,732.38,32
3,player,280,0,0,1302.63,572.63,1383.80,732.92,32
3,player,281,0,0,1312.79,573.16,1393.95,733.45,32
3,player,282,0,0,1322.94,573.70,1404.11,733.98,32
3,player,283,0,0,1333.10,574.23,1414.27,734.52,32
3,player,284,0,0,1347.00,575.30,1428.16,735.59,32
3,player,285,0,0,1360.89,576.37,1442.06,736.66,32
3,player,286,0,0,1370.73,576.37,1451.90,736.66,32
3,player,287,0,0,1380.56,576.37,1461.73,736.66,32
3,player,288,0,0,1390.40,576.37,1471.57,736.66,32
3,player,289,0,0,1400.24,576.37,1481.40,736.66,32
3,player,290,0,0,1410.07,576.37,1491.24,736.66,32
3,player,291,0,0,1419.91,576.37,1501.07,736.66,32
3,player,292,0,0,1429.74,576.37,1510.91,736.66,32
3,player,293,0,0,1439.58,576.37,1520.74,736.66,32
3,player,294,0,0,1449.41,576.37,1530.58,736.66,32
3,player,295,0,0,1459.25,576.37,1540.41,736.66,32
3,player,296,0,0,1464.02,573.90,1545.18,734.19,32
3,player,297,0,0,1468.79,571.44,1549.95,731.72,32
3,player,298,0,0,1473.55,568.97,1554.72,729.26,32
3,player,299,0,0,1478.32,566.50,1559.49,726.79,32
3,player,300,0,0,1483.09,564.04,1564.26,724.32,32
3,player,301,0,0,1487.86,561.57,1569.03,721.85,32
3,player,302,0,0,1492.63,559.10,1573.80,719.39,32
3,player,303,0,0,1497.40,556.63,1578.57,716.92,32
3,player,304,0,0,1502.17,554.17,1583.34,714.45,32
3,player,305,0,0,1506.94,551.70,1588.11,711.99,32
3,player,306,0,0,1511.71,549.23,1592.88,709.52,32
3,player,307,0,0,1516.48,546.77,1597.65,707.05,32
3,player,308,0,0,1521.25,544.30,1602.42,704.59,32
3,player,309,0,0,1526.02,541.83,1607.19,702.12,32
3,player,310,0,0,1530.79,539.36,1611.96,699.65,32
3,player,311,0,0,1535.56,536.90,1616.73,697.18,32
3,player,312,0,0,1540.33,534.43,1621.50,694.72,32
3,player,313,0,0,1545.10,531.96,1626.26,692.25,32
3,player,314,0,0,1549.87,529.50,1631.03,689.78,32
3,player,315,0,0,1554.64,527.03,1635.80,687.32,32
3,player,316,0,0,1559.41,524.56,1640.57,684.85,32
3,player,317,0,0,1564.18,522.10,1645.34,682.38,32
3,player,318,0,0,1568.95,519.63,1650.11,679.92,32
3,player,319,0,0,1573.72,517.16,1654.88,677.45,32
3,player,320,0,0,1578.49,514.69,1659.65,674.98,32
3,player,321,0,0,1583.25,512.23,1664.42,672.51,32
3,player,322,0,0,1577.01,511.72,1658.16,671.78,32
3,player,323,0,0,1570.77,511.21,1651.90,671.04,32
3,player,324,0,0,1564.52,510.69,1645.63,670.30,32
3,player,325,0,0,1558.28,510.18,1639.37,669.56,32
3,player,326,0,0,1552.04,509.67,1633.11,668.82,32
3,player,327,0,0,1545.79,509.16,1626.84,668.09,32
3,player,328,0,0,1539.55,508.65,1620.58,667.35,32
3,player,329,0,0,1533.30,508.14,1614.32,666.61,32
3,player,330,0,0,1527.06,507.63,1608.06,665.87,32
3,player,331,0,0,1520.82,507.12,1601.79,665.13,32
3,player,332,0,0,1514.57,506.61,1595.53,664.39,32
3,player,333,0,0,1508.33,506.10,1589.27,663.66,32
3,player,334,0,0,1502.08,505.59,1583.00,662.92,32
3,player,335,0,0,1495.84,505.08,1576.74,662.18,32
3,player,336,0,0,1489.60,504.56,1570.48,661.44,32
3,player,337,0,0,1483.35,504.05,1564.22,660.70,32
3,player,338,0,0,1477.11,503.54,1557.95,659.97,32
3,player,339,0,0,1470.87,503.03,1551.69,659.23,32
3,player,340,0,0,1464.62,502.52,1545.43,658.49,32
3,player,341,0,0,1458.38,502.01,1539.16,657.75,32
3,player,342,0,0,1452.13,501.50,1532.90,657.01,32
3,player,343,0,0,1445.89,500.99,1526.64,656.27,32
3,player,344,0,0,1439.65,500.48,1520.37,655.54,32
3,player,345,0,0,1433.40,499.97,1514.11,654.80,32
3,player,346,0,0,1427.16,499.46,1507.85,654.06,32
3,player,347,0,0,1420.91,498.94,1501.59,653.32,32
3,player,348,0,0,1414.67,498.43,1495.32,652.58,32
3,player,349,0,0,1408.43,497.92,1489.06,651.85,32
3,player,350,0,0,1402.18,497.41,1482.80,651.11,32
3,player,351,0,0,1395.94,496.90,1476.53,650.37,32
3,player,352,0,0,1389.70,496.39,1470.27,649.63,32
3,player,353,0,0,1383.45,495.88,1464.01,648.89,32
3,player,354,0,0,1377.21,495.37,1457.75,648.15,32
3,player,355,0,0,1370.96,494.86,1451.48,647.42,32
3,player,356,0,0,1364.72,494.35,1445.22,646.68,32
3,player,357,0,0,1358.48,493.84,1438.96,645.94,32
3,player,358,0,0,1352.23,493.33,1432.69,645.20,32
3,player,359,0,0,1345.99,492.81,1426.43,644.46,32
3,player,360,0,0,1339.74,492.30,1420.17,643.73,32
3,player,361,0,0,1333.50,491.79,1413.91,642.99,32
3,player,362,0,0,1327.26,491.28,1407.64,642.25,32
3,player,363,0,0,1321.01,490.77,1401.38,641.51,32
3,player,364,0,0,1314.77,490.26,1395.12,640.77,32
3,player,365,0,0,1308.53,489.75,1388.85,640.03,32
3,player,366,0,0,1302.28,489.24,1382.59,639.30,32
3,player,367,0,0,1296.04,488.73,1376.33,638.56,32
3,player,368,0,0,1289.79,488.22,1370.07,637.82,32
3,player,369,0,0,1283.55,487.71,1363.80,637.08,32
3,player,370,0,0,1277.31,487.19,1357.54,636.34,32
3,player,371,0,0,1271.06,486.68,1351.28,635.61,32
3,player,372,0,0,1264.82,486.17,1345.01,634.87,32
3,player,373,0,0,1258.57,485.66,1338.75,634.13,32
3,player,374,0,0,1252.33,485.15,1332.49,633.39,32
3,player,375,0,0,1246.09,484.64,1326.23,632.65,32
3,player,376,0,0,1239.84,484.13,1319.96,631.91,32
3,player,377,0,0,1233.60,483.62,1313.70,631.18,32
3,player,378,0,0,1227.36,483.11,1307.44,630.44,32
3,player,379,0,0,1221.11,482.60,1301.17,629.70,32
3,player,380,0,0,1214.87,482.09,1294.91,628.96,32
3,player,381,0,0,1208.62,481.58,1288.65,628.22,32
3,player,382,0,0,1202.38,481.06,1282.38,627.49,32
3,player,383,0,0,1196.14,480.55,1276.12,626.75,32
3,player,384,0,0,1189.89,480.04,1269.86,626.01,32
3,player,385,0,0,1183.65,479.53,1263.60,625.27,32
3,player,386,0,0,1177.40,479.02,1257.33,624.53,32
3,player,387,0,0,1171.16,478.51,1251.07,623.79,32
3,player,388,0,0,1164.92,478.00,1244.81,623.06,32
3,player,389,0,0,1158.67,477.49,1238.54,622.32,32
3,player,390,0,0,1152.43,476.98,1232.28,621.58,32
3,player,391,0,0,1146.19,476.47,1226.02,620.84,32
3,player,392,0,0,1139.94,475.96,1219.76,620.10,32
3,player,393,0,0,1133.70,475.44,1213.49,619.37,32
3,player,394,0,0,1127.45,474.93,1207.23,618.63,32
3,player,395,0,0,1121.21,474.42,1200.97,617.89,32
3,player,396,0,0,1114.97,473.91,1194.70,617.15,32
3,player,397,0,0,1108.72,473.40,1188.44,616.41,32
3,player,398,0,0,1102.48,472.89,1182.18,615.67,32
3,player,399,0,0,1096.23,472.38,1175.92,614.94,32
3,player,400,0,0,1089.99,471.87,1169.65,614.20,32
3,player,401,0,0,1083.75,471.36,1163.39,613.46,32
3,player,402,0,0,1077.50,470.85,1157.13,612.72,32
3,player,403,0,0,1071.26,470.34,1150.86,611.98,32
3,player,404,0,0,1065.02,469.83,1144.60,611.25,32
3,player,405,0,0,1058.77,469.31,1138.34,610.51,32
3,player,406,0,0,1052.53,468.80,1132.08,609.77,32
3,player,407,0,0,1046.28,468.29,1125.81,609.03,32
3,player,408,0,0,1040.04,467.78,1119.55,608.29,32
3,player,409,0,0,1033.80,467.27,1113.29,607.55,32
3,player,410,0,0,1027.55,466.76,1107.02,606.82,32
3,player,411,0,0,1021.31,466.25,1100.76,606.08,32
3,player,412,0,0,1015.06,465.74,1094.50,605.34,32
3,player,413,0,0,1008.82,465.23,1088.24,604.60,32
3,player,414,0,0,1002.58,464.72,1081.97,603.86,32
3,player,415,0,0,996.33,464.21,1075.71,603.13,32
3,player,416,0,0,990.09,463.69,1069.45,602.39,32
3,player,417,0,0,983.85,463.18,1063.18,601.65,32
3,player,418,0,0,977.60,462.67,1056.92,600.91,32
3,player,419,0,0,971.36,462.16,1050.66,600.17,32
3,player,420,0,0,965.11,461.65,1044.40,599.43,32
3,player,421,0,0,958.87,461.14,1038.13,598.70,32
3,player,422,0,0,952.63,460.63,1031.87,597.96,32
3,player,423,0,0,946.38,460.12,1025.61,597.22,32
3,player,424,0,0,940.14,459.61,1019.34,596.48,32
3,player,425,0,0,933.89,459.10,1013.08,595.74,32
3,player,426,0,0,927.65,458.59,1006.82,595.01,32
3,player,427,0,0,921.41,458.08,1000.55,594.27,32
3,player,428,0,0,915.16,457.56,994.29,593.53,32
3,player,429,0,0,908.92,457.05,988.03,592.79,32
3,player,430,0,0,902.68,456.54,981.77,592.05,32
3,player,431,0,0,896.43,456.03,975.50,591.31,32
3,player,432,0,0,890.19,455.52,969.24,590.58,32
3,player,433,0,0,883.94,455.01,962.98,589.84,32
3,player,434,0,0,877.70,454.50,956.71,589.10,32
3,player,435,0,0,877.31,456.97,956.33,591.57,32
3,player,436,0,0,876.92,459.43,955.94,594.04,32
3,player,437,0,0,876.53,461.90,955.55,596.50,32
3,player,438,0,0,876.14,464.37,955.16,598.97,32
3,player,439,0,0,875.75,466.84,954.77,601.44,32
3,player,440,0,0,875.36,469.30,954.38,603.91,32
3,player,441,0,0,874.97,471.77,953.99,606.37,32
3,player,442,0,0,874.58,474.24,953.60,608.84,32
3,player,443,0,0,874.19,476.71,953.21,611.31,32
3,player,444,0,0,873.80,479.17,952.82,613.78,32
3,player,445,0,0,873.41,481.64,952.43,616.24,32
3,player,446,0,0,873.02,484.11,952.04,618.71,32
3,player,447,0,0,872.64,486.58,951.65,621.18,32
3,player,448,0,0,872.25,489.04,951.26,623.65,32
3,player,449,0,0,871.86,491.51,950.87,626.11,32
3,player,450,0,0,871.47,493.98,950.48,628.58,32
3,player,451,0,0,871.08,496.45,950.09,631.05,32
3,player,452,0,0,870.69,498.91,949.70,633.52,32
3,player,453,0,0,870.30,501.38,949.31,635.98,32
3,player,454,0,0,869.91,503.85,948.92,638.45,32
3,player,455,0,0,869.52,506.32,948.53,640.92,32
3,player,456,0,0,869.13,508.78,948.14,643.39,32
3,player,457,0,0,868.74,511.25,947.75,645.85,32
3,player,458,0,0,868.35,513.72,947.36,648.32,32
3,player,459,0,0,867.96,516.19,946.97,650.79,32
3,player,460,0,0,867.57,518.65,946.59,653.26,32
3,player,461,0,0,867.18,521.12,946.20,655.72,32
3,player,462,0,0,866.79,523.59,945.81,658.19,32
3,player,463,0,0,866.40,526.06,945.42,660.66,32
3,player,464,0,0,866.01,528.52,945.03,663.13,32
3,player,465,0,0,865.62,530.99,944.64,665.59,32
3,player,466,0,0,865.23,533.46,944.25,668.06,32
3,player,467,0,0,864.84,535.93,943.86,670.53,32
3,player,468,0,0,864.45,538.40,943.47,673.00,32
3,player,469,0,0,864.06,540.86,943.08,675.46,32
3,player,470,0,0,863.67,543.33,942.69,677.93,32
3,player,471,0,0,869.24,544.06,948.25,678.66,32
3,player,472,0,0,874.80,544.78,953.81,679.38,32
3,player,473,0,0,880.36,545.51,959.38,680.11,32
3,player,474,0,0,885.92,546.23,964.94,680.83,32
3,player,475,0,0,891.48,546.96,970.50,681.56,32
3,player,476,0,0,897.05,547.68,976.06,682.28,32
3,player,477,0,0,902.61,548.41,981.62,683.01,32
3,player,478,0,0,908.17,549.13,987.19,683.73,32
3,player,479,0,0,913.73,549.86,992.75,684.46,32
3,player,480,0,0,919.29,550.58,998.31,685.19,32
3,player,481,0,0,924.86,551.31,1003.87,685.91,32
3,player,482,0,0,930.42,552.04,1009.43,686.64,32
3,player,483,0,0,935.98,552.76,1015.00,687.36,32
3,player,484,0,0,941.54,553.49,1020.56,688.09,32
3,player,485,0,0,947.10,554.21,1026.12,688.81,32
3,player,486,0,0,952.67,554.94,1031.68,689.54,32
3,player,487,0,0,958.23,555.66,1037.24,690.26,32
3,player,488,0,0,963.79,556.39,1042.81,690.99,32
3,player,489,0,0,969.35,557.11,1048.37,691.72,32
3,player,490,0,0,974.91,557.84,1053.93,692.44,32
3,player,491,0,0,980.48,558.57,1059.49,693.17,32
3,player,492,0,0,986.04,559.29,1065.05,693.89,32
3,player,493,0,0,991.60,560.02,1070.62,694.62,32
3,player,494,0,0,997.16,560.74,1076.18,695.34,32
3,player,495,0,0,1002.72,561.47,1081.74,696.07,32
3,player,496,0,0,1008.29,562.19,1087.30,696.79,32
3,player,497,0,0,1013.85,562.92,1092.86,697.52,32
3,player,498,0,0,1019.41,563.64,1098.43,698.24,32
3,player,499,0,0,1024.97,564.37,1103.99,698.97,32
3,player,500,0,0,1034.32,563.20,1113.34,697.80,32
3,player,501,0,0,1043.67,562.03,1122.69,696.63,32
3,player,502,0,0,1053.02,560.86,1132.04,695.46,32
3,player,503,0,0,1062.38,559.69,1141.39,694.29,32
3,player,504,0,0,1067.70,558.84,1146.71,693.44,32
3,player,505,0,0,1073.02,557.98,1152.03,692.58,32
3,player,506,0,0,1078.34,557.13,1157.35,691.73,32
3,player,507,0,0,1083.66,556.27,1162.68,690.87,32
3,player,508,0,0,1088.98,555.42,1168.00,690.02,32
3,player,509,0,0,1094.30,554.56,1173.32,689.16,32
3,player,510,0,0,1099.63,553.71,1178.64,688.31,32
3,player,511,0,0,1104.95,552.85,1183.96,687.45,32
3,player,512,0,0,1110.27,552.00,1189.28,686.60,32
3,player,513,0,0,1115.59,551.14,1194.60,685.74,32
3,player,514,0,0,1120.91,550.29,1199.93,684.89,32
3,player,515,0,0,1126.23,549.43,1205.25,684.03,32
3,player,516,0,0,1131.55,548.58,1210.57,683.18,32
3,player,517,0,0,1136.88,547.72,1215.89,682.32,32
3,player,518,0,0,1142.20,546.86,1221.21,681.47,32
3,player,519,0,0,1147.52,546.01,1226.53,680.61,32
3,player,520,0,0,1152.84,545.15,1231.85,679.76,32
3,player,521,0,0,1158.16,544.30,1237.18,678.90,32
3,player,522,0,0,1163.48,543.44,1242.50,678.04,32
3,player,523,0,0,1168.80,542.59,1247.82,677.19,32
3,player,524,0,0,1174.13,541.73,1253.14,676.33,32
3,player,525,0,0,1179.45,540.88,1258.46,675.48,32
3,player,526,0,0,1184.77,540.02,1263.78,674.62,32
3,player,527,0,0,1190.09,539.17,1269.10,673.77,32
3,player,528,0,0,1195.41,538.31,1274.43,672.91,32
3,player,529,0,0,1200.73,537.46,1279.75,672.06,32
3,player,530,0,0,1206.05,536.60,1285.07,671.20,32
3,player,531,0,0,1211.38,535.75,1290.39,670.35,32
3,player,532,0,0,1216.70,534.89,1295.71,669.49,32
3,player,533,0,0,1222.02,534.04,1301.03,668.64,32
3,player,534,0,0,1227.34,533.18,1306.35,667.78,32
3,player,535,0,0,1232.66,532.33,1311.68,666.93,32
3,player,536,0,0,1237.98,531.47,1317.00,666.07,32
3,player,537,0,0,1243.30,530.62,1322.32,665.22,32
3,player,538,0,0,1248.63,529.76,1327.64,664.36,32
3,player,539,0,0,1253.95,528.91,1332.96,663.51,32
3,player,540,0,0,1259.27,528.05,1338.28,662.65,32
3,player,541,0,0,1264.59,527.19,1343.60,661.80,32
3,player,542,0,0,1269.91,526.34,1348.93,660.94,32
3,player,543,0,0,1275.23,525.48,1354.25,660.09,32
3,player,544,0,0,1280.55,524.63,1359.57,659.23,32
3,player,545,0,0,1285.88,523.77,1364.89,658.37,32
3,player,546,0,0,1291.20,522.92,1370.21,657.52,32
3,player,547,0,0,1296.52,522.06,1375.53,656.66,32
3,player,548,0,0,1301.84,521.21,1380.85,655.81,32
3,player,549,0,0,1301.84,512.70,1387.30,653.67,32
3,player,550,0,0,1305.26,512.70,1390.72,653.67,32
3,player,551,0,0,1308.68,512.70,1394.14,653.67,32
3,player,552,0,0,1312.10,512.70,1397.56,653.67,32
3,player,553,0,0,1315.52,512.70,1400.98,653.67,32
3,player,554,0,0,1318.95,512.70,1404.41,653.67,32
3,player,555,0,0,1321.08,512.17,1406.54,653.14,32
3,player,556,0,0,1323.22,511.63,1408.68,652.60,32
3,player,557,0,0,1325.36,511.10,1410.82,652.07,32
3,player,558,0,0,1327.50,510.56,1412.96,651.53,32
3,player,559,0,0,1333.02,510.21,1418.48,651.18,32
3,player,560,0,0,1338.54,509.85,1424.00,650.82,32
3,player,561,0,0,1344.07,509.49,1429.53,650.46,32
3,player,562,0,0,1349.59,509.14,1435.05,650.11,32
3,player,563,0,0,1355.11,508.78,1440.57,649.75,32
3,player,564,0,0,1360.64,508.42,1446.10,649.39,32
3,player,565,0,0,1366.16,508.07,1451.62,649.04,32
3,player,566,0,0,1371.68,507.71,1457.15,648.68,32
3,player,567,0,0,1377.21,507.35,1462.67,648.32,32
3,player,568,0,0,1382.73,507.00,1468.19,647.97,32
3,player,569,0,0,1388.25,506.64,1473.72,647.61,32
3,player,570,0,0,1393.78,506.29,1479.24,647.26,32
3,player,571,0,0,1398.77,505.14,1484.23,646.12,32
3,player,572,0,0,1403.76,504.00,1489.22,644.97,32
3,player,573,0,0,1408.74,502.86,1494.21,643.83,32
3,player,574,0,0,1413.73,501.72,1499.19,642.69,32
3,player,575,0,0,1418.72,500.58,1504.18,641.55,32
3,player,576,0,0,1423.71,499.44,1509.17,640.41,32
3,player,577,0,0,1428.70,498.30,1514.16,639.27,32
3,player,578,0,0,1433.69,497.16,1519.15,638.13,32
3,player,579,0,0,1438.68,496.02,1524.14,636.99,32
3,player,580,0,0,1443.67,494.88,1529.13,635.85,32
3,player,581,0,0,1448.66,493.74,1534.12,634.71,32
3,player,582,0,0,1453.64,492.60,1539.11,633.57,32
3,player,583,0,0,1458.63,491.46,1544.09,632.43,32
3,player,584,0,0,1463.62,490.32,1549.08,631.29,32
3,player,585,0,0,1468.61,489.18,1554.07,630.15,32
3,player,586,0,0,1473.60,488.04,1559.06,629.01,32
3,player,587,0,0,1478.59,486.90,1564.05,627.87,32
3,player,588,0,0,1483.58,485.76,1569.04,626.73,32
3,player,589,0,0,1488.57,484.62,1574.03,625.59,32
3,player,590,0,0,1493.56,483.48,1579.02,624.45,32
3,player,591,0,0,1498.54,482.34,1584.01,623.31,32
3,player,592,0,0,1503.53,481.20,1588.99,622.17,32
3,player,593,0,0,1508.52,480.06,1593.98,621.03,32
3,player,594,0,0,1513.51,478.92,1598.97,619.89,32
3,player,595,0,0,1518.50,477.78,1603.96,618.75,32
3,player,596,0,0,1523.49,476.64,1608.95,617.61,32
3,player,597,0,0,1528.48,475.50,1613.94,616.47,32
3,player,598,0,0,1533.47,474.36,1618.93,615.33,32
3,player,599,0,0,1538.46,473.22,1623.92,614.19,32
3,player,600,0,0,1543.44,472.08,1628.91,613.05,32
3,player,601,0,0,1548.43,470.94,1633.89,611.91,32
3,player,602,0,0,1553.42,469.79,1638.88,610.77,32
3,player,603,0,0,1558.41,468.65,1643.87,609.62,32
3,player,604,0,0,1563.40,467.51,1648.86,608.48,32
3,player,605,0,0,1568.39,466.37,1653.85,607.34,32
3,player,606,0,0,1573.38,465.23,1658.84,606.20,32
3,player,607,0,0,1578.37,464.09,1663.83,605.06,32
3,player,608,0,0,1583.36,462.95,1668.82,603.92,32
3,player,609,0,0,1588.34,461.81,1673.81,602.78,32
3,player,610,0,0,1593.33,460.67,1678.79,601.64,32
3,player,611,0,0,1598.32,459.53,1683.78,600.50,32
3,player,612,0,0,1603.31,458.39,1688.77,599.36,32
3,player,613,0,0,1608.30,457.25,1693.76,598.22,32
3,player,614,0,0,1613.29,456.11,1698.75,597.08,32
3,player,615,0,0,1618.28,454.97,1703.74,595.94,32
3,player,616,0,0,1630.39,452.12,1715.85,593.09,32
3,player,617,0,0,1642.51,449.27,1727.97,590.24,32
3,player,618,0,0,1654.63,446.42,1740.09,587.39,32
3,player,619,0,0,1664.84,445.94,1750.30,586.91,32
3,player,620,0,0,1675.06,445.47,1760.52,586.44,32
3,player,621,0,0,1685.27,444.99,1770.73,585.96,32
3,player,622,0,0,1695.49,444.52,1780.95,585.49,32
3,player,623,0,0,1705.70,444.04,1791.16,585.01,32
3,player,624,0,0,1715.92,443.57,1801.38,584.54,32
3,player,625,0,0,1726.13,443.09,1811.59,584.06,32
3,player,626,0,0,1736.35,442.62,1821.81,583.59,32
3,player,627,0,0,1746.56,442.14,1832.02,583.11,32
3,player,628,0,0,1746.56,442.14,1832.02,583.11,32
3,player,629,0,0,1746.56,442.14,1832.02,583.11,32
3,player,630,0,0,1746.56,442.14,1832.02,583.11,32
3,player,631,0,0,1746.56,442.14,1832.02,583.11,32
3,player,632,0,0,1746.56,442.14,1832.02,583.11,32
3,player,633,0,0,1746.56,442.14,1832.02,583.11,32
3,player,634,0,0,1746.56,442.14,1832.02,583.11,32
3,player,635,0,0,1746.56,442.14,1832.02,583.11,32
3,player,636,0,0,1746.56,442.14,1832.02,583.11,32
3,player,637,0,0,1746.56,442.14,1832.02,583.11,32
3,player,638,0,0,1746.56,442.14,1832.02,583.11,32
3,player,639,0,0,1746.56,442.14,1832.02,583.11,32
3,player,640,0,0,1746.56,442.14,1832.02,583.11,32
3,player,641,0,0,1746.56,442.14,1832.02,583.11,32
3,player,642,0,0,1746.56,442.14,1832.02,583.11,32
3,player,643,0,0,1746.56,442.14,1832.02,583.11,32
3,player,644,0,0,1746.56,442.14,1832.02,583.11,32
3,player,645,0,0,1746.56,442.14,1832.02,583.11,32
3,player,646,0,0,1746.56,442.14,1832.02,583.11,32
3,player,647,0,0,1746.56,442.14,1832.02,583.11,32
3,player,648,0,0,1746.56,442.14,1832.02,583.11,32
3,player,649,0,0,1746.56,442.14,1832.02,583.11,32
3,player,650,0,0,1746.56,442.14,1832.02,583.11,32
3,player,651,0,0,1746.56,442.14,1832.02,583.11,32
3,player,652,0,0,1746.56,442.14,1832.02,583.11,32
3,player,653,0,0,1746.56,442.14,1832.02,583.11,32
3,player,654,0,0,1746.56,442.14,1832.02,583.11,32
3,player,655,0,0,1746.56,442.14,1832.02,583.11,32
3,player,656,0,0,1746.56,442.14,1832.02,583.11,32
3,player,657,1,0,1746.56,442.14,1832.02,583.11,32
4,player,7,0,0,1617.47,533.60,1688.01,691.79,15
4,player,8,0,0,1622.07,534.25,1692.62,692.45,15
4,player,9,0,0,1626.68,534.91,1697.23,693.11,15
4,player,10,0,0,1631.28,535.57,1701.83,693.77,15
4,player,11,0,0,1635.89,536.23,1706.44,694.43,15
4,player,12,0,0,1640.49,536.89,1711.04,695.08,15
4,player,13,0,0,1645.10,537.54,1715.65,695.74,15
4,player,14,0,0,1649.70,538.20,1720.25,696.40,15
4,player,15,0,0,1654.31,538.86,1724.86,697.06,15
4,player,16,0,0,1658.91,539.52,1729.46,697.71,15
4,player,17,0,0,1663.52,540.18,1734.07,698.37,15
4,player,18,0,0,1668.12,540.83,1738.67,699.03,15
4,player,19,0,0,1672.73,541.49,1743.28,699.69,15
4,player,20,0,0,1677.33,542.15,1747.88,700.35,15
4,player,21,0,0,1679.86,543.19,1750.41,701.38,15
4,player,22,0,0,1682.39,544.22,1752.94,702.42,15
4,player,23,0,0,1684.91,545.26,1755.46,703.46,15
4,player,24,0,0,1687.44,546.30,1757.99,704.49,15
4,player,25,0,0,1689.97,547.33,1760.52,705.53,15
4,player,26,0,0,1692.49,548.37,1763.04,706.57,15
4,player,27,0,0,1695.02,549.41,1765.57,707.60,15
4,player,28,0,0,1697.55,550.44,1768.10,708.64,15
4,player,29,0,0,1700.07,551.48,1770.62,709.68,15
4,player,30,0,0,1702.60,552.52,1773.15,710.71,15
4,player,31,0,0,1705.13,553.55,1775.68,711.75,15
4,player,32,0,0,1707.65,554.59,1778.20,712.79,15
4,player,33,0,0,1710.18,555.63,1780.73,713.82,15
4,player,34,0,0,1712.71,556.66,1783.26,714.86,15
4,player,35,0,0,1715.24,557.70,1785.78,715.90,15
4,player,36,0,0,1717.76,558.74,1788.31,716.93,15
4,player,37,0,0,1720.29,559.77,1790.84,717.97,15
4,player,38,0,0,1722.82,560.81,1793.36,719.01,15
4,player,39,0,0,1725.34,561.85,1795.89,720.04,15
4,player,40,0,0,1727.87,562.88,1798.42,721.08,15
4,player,41,0,0,1730.40,563.92,1800.95,722.12,15
4,player,42,0,0,1732.92,564.96,1803.47,723.15,15
4,player,43,0,0,1735.45,565.99,1806.00,724.19,15
4,player,44,0,0,1737.98,567.03,1808.53,725.23,15
4,player,45,0,0,1740.50,568.07,1811.05,726.26,15
4,player,46,0,0,1743.03,569.10,1813.58,727.30,15
4,player,47,0,0,1745.56,570.14,1816.11,728.34,15
4,player,48,0,0,1748.08,571.18,1818.63,729.37,15
4,player,49,0,0,1750.61,572.21,1821.16,730.41,15
4,player,50,0,0,1753.14,573.25,1823.69,731.45,15
4,player,51,0,0,1755.66,574.29,1826.21,732.48,15
4,player,52,0,0,1758.19,575.32,1828.74,733.52,15
4,player,53,0,0,1760.72,576.36,1831.27,734.56,15
4,player,54,0,0,1762.72,577.21,1834.12,737.27,15
4,player,55,0,0,1764.71,578.07,1836.97,739.98,15
4,player,56,0,0,1766.71,578.92,1839.82,742.69,15
4,player,57,0,0,1768.71,579.78,1842.67,745.40,15
4,player,58,0,0,1770.71,580.63,1845.52,748.11,15
4,player,59,0,0,1772.70,581.49,1848.37,750.82,15
4,player,60,0,0,1774.70,582.35,1851.22,753.53,15
4,player,61,0,0,1776.70,583.20,1854.07,756.25,15
4,player,62,0,0,1778.70,584.06,1856.92,758.96,15
4,player,63,0,0,1780.69,584.91,1859.77,761.67,15
4,player,64,0,0,1782.69,585.77,1862.63,764.38,15
4,player,65,0,0,1784.69,586.62,1865.48,767.09,15
4,player,66,0,0,1786.69,587.48,1868.33,769.80,15
4,player,67,0,0,1788.68,588.33,1871.18,772.51,15
4,player,68,0,0,1790.68,589.19,1874.03,775.22,15
4,player,69,0,0,1790.07,589.19,1873.42,775.22,15
4,player,70,0,0,1789.46,589.19,1872.81,775.22,15
4,player,71,0,0,1788.85,589.19,1872.20,775.22,15
4,player,72,0,0,1788.24,589.19,1871.58,775.22,15
4,player,73,0,0,1787.63,589.19,1870.97,775.22,15
4,player,74,0,0,1787.02,589.19,1870.36,775.22,15
4,player,75,0,0,1786.40,589.19,1869.75,775.22,15
4,player,76,0,0,1785.79,589.19,1869.14,775.22,15
4,player,77,0,0,1785.18,589.19,1868.53,775.22,15
4,player,78,0,0,1784.57,589.19,1867.92,775.22,15
4,player,79,0,0,1783.96,589.19,1867.31,775.22,15
4,player,80,0,0,1783.35,589.19,1866.70,775.22,15
4,player,81,0,0,1782.74,589.19,1866.09,775.22,15
4,player,82,0,0,1782.13,589.19,1865.48,775.22,15
4,player,83,0,0,1781.52,589.19,1864.86,775.22,15
4,player,84,0,0,1780.91,589.19,1864.25,775.22,15
4,player,85,0,0,1780.30,589.19,1863.64,775.22,15
4,player,86,0,0,1779.68,589.19,1863.03,775.22,15
4,player,87,0,0,1779.07,589.19,1862.42,775.22,15
4,player,88,0,0,1778.46,589.19,1861.81,775.22,15
4,player,89,0,0,1777.85,589.19,1861.20,775.22,15
4,player,90,0,0,1777.24,589.19,1860.59,775.22,15
4,player,91,0,0,1776.63,589.19,1859.98,775.22,15
4,player,92,0,0,1776.02,589.19,1859.37,775.22,15
4,player,93,0,0,1775.41,589.19,1858.76,775.22,15
4,player,94,0,0,1774.80,589.19,1858.14,775.22,15
4,player,95,0,0,1774.19,589.19,1857.53,775.22,15
4,player,96,0,0,1773.58,589.19,1856.92,775.22,15
4,player,97,0,0,1772.96,587.35,1856.31,773.39,15
4,player,98,0,0,1772.35,585.52,1855.70,771.56,15
4,player,99,0,0,1771.74,583.69,1855.09,769.73,15
4,player,100,0,0,1771.13,581.86,1854.48,767.89,15
4,player,101,0,0,1770.52,580.02,1853.87,766.06,15
4,player,102,0,0,1769.91,578.19,1853.26,764.23,15
4,player,103,0,0,1769.30,576.36,1852.65,762.40,15
4,player,104,0,0,1765.97,575.41,1849.32,761.45,15
4,player,105,0,0,1762.65,574.46,1846.00,760.49,15
4,player,106,0,0,1759.32,573.51,1842.67,759.54,15
4,player,107,0,0,1756.00,572.56,1839.34,758.59,15
4,player,108,0,0,1752.67,571.61,1836.02,757.64,15
4,player,109,0,0,1749.34,570.66,1832.69,756.69,15
4,player,110,0,0,1746.02,569.71,1829.37,755.74,15
4,player,111,0,0,1742.69,568.76,1826.04,754.79,15
4,player,112,0,0,1739.37,567.81,1822.71,753.84,15
4,player,113,0,0,1735.25,564.68,1818.60,750.72,15
4,player,114,0,0,1731.14,561.56,1814.49,747.59,15
4,player,115,0,0,1727.03,558.43,1810.38,744.47,15
4,player,116,0,0,1722.92,555.31,1806.27,741.34,15
4,player,117,0,0,1718.81,552.18,1802.16,738.22,15
4,player,118,0,0,1714.70,549.06,1798.04,735.09,15
4,player,119,0,0,1710.58,545.93,1793.93,731.97,15
4,player,120,0,0,1706.47,542.81,1789.82,728.84,15
4,player,121,0,0,1702.36,539.68,1785.71,725.72,15
4,player,122,0,0,1698.25,536.56,1781.60,722.59,15
4,player,123,0,0,1694.14,533.43,1777.49,719.47,15
4,player,124,0,0,1690.03,530.31,1773.37,716.34,15
4,player,125,0,0,1685.91,527.18,1769.26,713.22,15
4,player,126,0,0,1678.87,525.17,1762.22,711.21,15
4,player,127,0,0,1671.83,523.16,1755.18,709.19,15
4,player,128,0,0,1664.78,521.15,1748.13,707.18,15
4,player,129,0,0,1657.74,519.13,1741.09,705.17,15
4,player,130,0,0,1650.70,517.12,1734.05,703.16,15
4,player,131,0,0,1643.66,515.11,1727.00,701.14,15
4,player,132,0,0,1636.61,513.10,1719.96,699.13,15
4,player,133,0,0,1629.57,511.08,1712.92,697.12,15
4,player,134,0,0,1622.53,509.07,1705.87,695.11,15
4,player,135,0,0,1615.48,507.06,1698.83,693.10,15
4,player,136,0,0,1608.44,505.05,1691.79,691.08,15
4,player,137,0,0,1601.40,503.04,1684.74,689.07,15
4,player,138,0,0,1594.35,501.02,1677.70,687.06,15
4,player,139,0,0,1587.31,499.01,1670.66,685.05,15
4,player,140,0,0,1580.27,497.00,1663.62,683.03,15
4,player,141,0,0,1573.22,494.99,1656.57,681.02,15
4,player,142,0,0,1566.18,492.97,1649.53,679.01,15
4,player,143,0,0,1559.14,490.96,1642.49,677.00,15
4,player,144,0,0,1552.09,488.95,1635.44,674.99,15
4,player,145,0,0,1545.05,486.94,1628.40,672.97,15
4,player,146,0,0,1538.01,484.92,1621.36,670.96,15
4,player,147,0,0,1530.97,482.91,1614.31,668.95,15
4,player,148,0,0,1523.92,480.90,1607.27,666.94,15
4,player,149,0,0,1516.88,478.89,1600.23,664.92,15
4,player,150,0,0,1509.84,476.88,1593.18,662.91,15
4,player,151,0,0,1502.79,474.86,1586.14,660.90,15
4,player,152,0,0,1495.75,472.85,1579.10,658.89,15
4,player,153,0,0,1488.71,470.84,1572.05,656.87,15
4,player,154,0,0,1481.66,468.83,1565.01,654.86,15
4,player,155,0,0,1474.62,466.81,1557.97,652.85,15
4,player,156,0,0,1467.58,464.80,1550.93,650.84,15
4,player,157,0,0,1460.53,462.79,1543.88,648.83,15
4,player,158,0,0,1453.49,460.78,1536.84,646.81,15
4,player,159,0,0,1446.45,458.76,1529.80,644.80,15
4,player,160,0,0,1440.73,458.36,1524.08,643.01,15
4,player,161,0,0,1435.01,457.96,1518.35,641.22,15
4,player,162,0,0,1429.29,457.55,1512.63,639.43,15
4,player,163,0,0,1423.56,457.15,1506.91,637.64,15
4,player,164,0,0,1417.84,456.74,1501.19,635.84,15
4,player,165,0,0,1412.12,456.34,1495.47,634.05,15
4,player,166,0,0,1406.40,455.94,1489.75,632.26,15
4,player,167,0,0,1400.68,455.53,1484.03,630.47,15
4,player,168,0,0,1394.96,455.13,1478.31,628.68,15
4,player,169,0,0,1389.24,454.72,1472.59,626.89,15
4,player,170,0,0,1383.52,454.32,1466.87,625.10,15
4,player,171,0,0,1377.80,453.91,1461.15,623.30,15
4,player,172,0,0,1372.08,453.51,1455.42,621.51,15
4,player,173,0,0,1366.36,453.11,1449.70,619.72,15
4,player,174,0,0,1360.64,452.70,1443.98,617.93,15
4,player,175,0,0,1354.91,452.30,1438.26,616.14,15
4,player,176,0,0,1349.19,451.89,1432.54,614.35,15
4,player,177,0,0,1343.47,451.49,1426.82,612.56,15
4,player,178,0,0,1337.75,451.09,1421.10,610.76,15
4,player,179,0,0,1332.03,450.68,1415.38,608.97,15
4,player,180,0,0,1326.31,450.28,1409.66,607.18,15
4,player,181,0,0,1320.59,449.87,1403.94,605.39,15
4,player,182,0,0,1314.87,449.47,1398.22,603.60,15
4,player,183,0,0,1309.15,449.06,1392.50,601.81,15
4,player,184,0,0,1303.43,448.66,1386.77,600.02,15
4,player,185,0,0,1297.71,448.26,1381.05,598.22,15
4,player,186,0,0,1291.99,447.85,1375.33,596.43,15
4,player,187,0,0,1286.26,447.45,1369.61,594.64,15
4,player,188,0,0,1280.54,447.04,1363.89,592.85,15
4,player,189,0,0,1274.82,446.64,1358.17,591.06,15
4,player,190,0,0,1269.10,446.23,1352.45,589.27,15
4,player,191,0,0,1263.38,445.83,1346.73,587.48,15
4,player,192,0,0,1257.66,445.43,1341.01,585.69,15
4,player,193,0,0,1251.94,445.02,1335.29,583.89,15
4,player,194,0,0,1246.22,444.62,1329.57,582.10,15
4,player,195,0,0,1240.50,444.21,1323.84,580.31,15
4,player,196,0,0,1234.78,443.81,1318.12,578.52,15
4,player,197,0,0,1232.16,443.45,1315.51,578.16,15
4,player,198,0,0,1229.55,443.10,1312.90,577.81,15
4,player,199,0,0,1226.94,442.74,1310.28,577.45,15
4,player,200,0,0,1224.32,442.38,1307.67,577.09,15
4,player,201,0,0,1221.71,442.03,1305.06,576.74,15
4,player,202,0,0,1219.10,441.67,1302.44,576.38,15
4,player,203,0,0,1216.49,441.32,1299.83,576.03,15
4,player,204,0,0,1213.87,440.96,1297.22,575.67,15
4,player,205,0,0,1211.26,440.60,1294.61,575.31,15
4,player,206,0,0,1208.65,440.25,1291.99,574.96,15
4,player,207,0,0,1206.03,439.89,1289.38,574.60,15
4,player,208,0,0,1203.42,439.53,1286.77,574.24,15
4,player,209,0,0,1200.81,439.18,1284.15,573.89,15
4,player,210,0,0,1198.19,438.82,1281.54,573.53,15
4,player,211,0,0,1195.58,438.46,1278.93,573.17,15
4,player,212,0,0,1192.97,438.11,1276.31,572.82,15
4,player,213,0,0,1190.35,437.75,1273.70,572.46,15
4,player,214,0,0,1187.74,437.40,1271.09,572.11,15
4,player,215,0,0,1190.06,439.18,1273.40,573.89,15
4,player,216,0,0,1192.37,440.96,1275.72,575.67,15
4,player,217,0,0,1194.69,442.74,1278.04,577.45,15
4,player,218,0,0,1197.01,444.52,1280.35,579.23,15
4,player,219,0,0,1199.32,446.30,1282.67,581.01,15
4,player,220,0,0,1201.64,448.09,1284.98,582.80,15
4,player,221,0,0,1203.95,449.87,1287.30,584.58,15
4,player,222,0,0,1206.27,451.65,1289.62,586.36,15
4,player,223,0,0,1208.59,453.43,1291.93,588.14,15
4,player,224,0,0,1210.90,455.21,1294.25,589.92,15
4,player,225,0,0,1213.22,456.99,1296.57,591.70,15
4,player,226,0,0,1215.54,458.78,1298.88,593.49,15
4,player,227,0,0,1217.85,460.56,1301.20,595.27,15
4,player,228,0,0,1220.17,462.34,1303.51,597.05,15
4,player,229,0,0,1222.48,464.12,1305.83,598.83,15
4,player,230,0,0,1224.80,465.90,1308.15,600.61,15
4,player,231,0,0,1227.12,467.69,1310.46,602.40,15
4,player,232,0,0,1229.43,469.47,1312.78,604.18,15
4,player,233,0,0,1231.75,471.25,1315.10,605.96,15
4,player,234,0,0,1234.07,473.03,1317.41,607.74,15
4,player,235,0,0,1236.38,474.81,1319.73,609.52,15
4,player,236,0,0,1238.70,476.59,1322.04,611.30,15
4,player,237,0,0,1241.01,478.38,1324.36,613.09,15
4,player,238,0,0,1243.33,480.16,1326.68,614.87,15
4,player,239,0,0,1248.25,480.16,1331.59,614.87,15
4,player,240,0,0,1253.17,480.16,1336.51,614.87,15
4,player,241,0,0,1258.08,480.16,1341.43,614.87,15
4,player,242,0,0,1263.00,480.16,1346.35,614.87,15
4,player,243,0,0,1267.92,480.16,1351.26,614.87,15
4,player,244,0,0,1272.84,480.16,1356.18,614.87,15
4,player,245,0,0,1277.75,480.16,1361.10,614.87,15
4,player,246,0,0,1282.67,480.16,1366.02,614.87,15
4,player,247,0,0,1287.59,480.16,1370.94,614.87,15
4,player,248,0,0,1292.51,480.16,1375.85,614.87,15
4,player,249,0,0,1298.21,482.77,1381.55,617.48,15
4,player,250,0,0,1303.91,485.38,1387.26,620.09,15
4,player,251,0,0,1309.61,488.00,1392.96,622.71,15
4,player,252,0,0,1315.31,490.61,1398.66,625.32,15
4,player,253,0,0,1321.01,493.22,1404.36,627.93,15
4,player,254,0,0,1326.72,495.84,1410.06,630.55,15
4,player,255,0,0,1332.42,498.45,1415.76,633.16,15
4,player,256,0,0,1338.12,501.06,1421.47,635.77,15
4,player,257,0,0,1343.82,503.68,1427.17,638.39,15
4,player,258,0,0,1348.63,503.14,1431.98,641.07,15
4,player,259,0,0,1353.44,502.61,1436.79,643.75,15
4,player,260,0,0,1358.25,502.07,1441.60,646.43,15
4,player,261,0,0,1363.06,501.54,1446.41,649.11,15
4,player,262,0,0,1374.82,504.75,1458.17,652.32,15
4,player,263,0,0,1386.58,507.95,1469.93,655.52,15
4,player,264,0,0,1395.44,508.56,1478.79,656.13,15
4,player,265,0,0,1404.30,509.17,1487.64,656.75,15
4,player,266,0,0,1413.16,509.78,1496.50,657.36,15
4,player,267,0,0,1422.01,510.40,1505.36,657.97,15
4,player,268,0,0,1430.87,511.01,1514.22,658.58,15
4,player,269,0,0,1439.73,511.62,1523.08,659.19,15
4,player,270,0,0,1448.59,512.23,1531.93,659.80,15
4,player,271,0,0,1465.69,512.66,1549.04,660.23,15
4,player,272,0,0,1482.80,513.08,1566.14,660.66,15
4,player,273,0,0,1499.90,513.51,1583.25,661.08,15
4,player,274,0,0,1517.01,513.94,1600.35,661.51,15
4,player,275,0,0,1534.11,514.37,1617.46,661.94,15
4,player,276,0,0,1548.81,514.63,1632.16,662.21,15
4,player,277,0,0,1563.51,514.90,1646.86,662.47,15
4,player,278,0,0,1578.21,515.17,1661.55,662.74,15
4,player,279,0,0,1592.91,515.44,1676.25,663.01,15
4,player,280,0,0,1607.61,515.70,1690.95,663.27,15
4,player,281,0,0,1622.31,515.97,1705.65,663.54,15
4,player,282,0,0,1637.01,516.24,1720.35,663.81,15
4,player,283,0,0,1651.71,516.50,1735.05,664.08,15
4,player,284,0,0,1670.95,515.44,1754.29,663.01,15
4,player,285,0,0,1690.19,514.37,1773.54,661.94,15
4,player,286,0,0,1702.81,513.94,1786.15,661.51,15
4,player,287,0,0,1715.42,513.51,1798.77,661.08,15
4,player,288,0,0,1728.03,513.08,1811.38,660.66,15
4,player,289,0,0,1740.65,512.66,1824.00,660.23,15
4,player,290,0,0,1753.26,512.23,1836.61,659.80,15
4,player,291,0,0,1765.88,511.80,1849.22,659.37,15
4,player,292,0,0,1778.49,511.37,1861.84,658.95,15
4,player,293,0,0,1791.11,510.95,1874.45,658.52,15
4,player,294,0,0,1803.72,510.52,1887.07,658.09,15
4,player,295,0,0,1816.34,510.09,1899.68,657.66,15
4,player,296,0,0,1816.34,510.09,1899.68,657.66,15
4,player,297,0,0,1816.34,510.09,1899.68,657.66,15
4,player,298,0,0,1816.34,510.09,1899.68,657.66,15
4,player,299,0,0,1816.34,510.09,1899.68,657.66,15
4,player,300,0,0,1816.34,510.09,1899.68,657.66,15
4,player,301,0,0,1816.34,510.09,1899.68,657.66,15
4,player,302,0,0,1816.34,510.09,1899.68,657.66,15
4,player,303,0,0,1816.34,510.09,1899.68,657.66,15
4,player,304,0,0,1816.34,510.09,1899.68,657.66,15
4,player,305,0,0,1816.34,510.09,1899.68,657.66,15
4,player,306,0,0,1816.34,510.09,1899.68,657.66,15
4,player,307,0,0,1816.34,510.09,1899.68,657.66,15
4,player,308,0,0,1816.34,510.09,1899.68,657.66,15
4,player,309,0,0,1816.34,510.09,1899.68,657.66,15
4,player,310,0,0,1816.34,510.09,1899.68,657.66,15
4,player,311,0,0,1816.34,510.09,1899.68,657.66,15
4,player,312,0,0,1816.34,510.09,1899.68,657.66,15
4,player,313,0,0,1816.34,510.09,1899.68,657.66,15
4,player,314,0,0,1816.34,510.09,1899.68,657.66,15
4,player,315,0,0,1816.34,510.09,1899.68,657.66,15
4,player,316,0,0,1816.34,510.09,1899.68,657.66,15
4,player,317,0,0,1816.34,510.09,1899.68,657.66,15
4,player,318,0,0,1816.34,510.09,1899.68,657.66,15
4,player,319,0,0,1816.34,510.09,1899.68,657.66,15
4,player,320,0,0,1816.34,510.09,1899.68,657.66,15
4,player,321,1,0,1816.34,510.09,1899.68,657.66,15
5,player,7,0,0,1527.67,488.70,1598.22,646.89,7
5,player,8,0,0,1528.82,490.01,1599.37,648.21,7
5,player,9,0,0,1529.97,491.33,1600.52,649.53,7
5,player,10,0,0,1531.12,492.64,1601.67,650.84,7
5,player,11,0,0,1532.27,493.96,1602.82,652.16,7
5,player,12,0,0,1533.42,495.28,1603.97,653.47,7
5,player,13,0,0,1534.57,496.59,1605.12,654.79,7
5,player,14,0,0,1535.72,497.91,1606.27,656.10,7
5,player,15,0,0,1536.88,499.22,1607.43,657.42,7
5,player,16,0,0,1538.03,500.54,1608.58,658.74,7
5,player,17,0,0,1539.18,501.85,1609.73,660.05,7
5,player,18,0,0,1540.33,503.17,1610.88,661.37,7
5,player,19,0,0,1541.48,504.49,1612.03,662.68,7
5,player,20,0,0,1542.63,505.80,1613.18,664.00,7
5,player,21,0,0,1540.11,506.32,1610.66,664.52,7
5,player,22,0,0,1537.58,506.84,1608.13,665.04,7
5,player,23,0,0,1535.05,507.36,1605.60,665.55,7
5,player,24,0,0,1532.53,507.88,1603.07,666.07,7
5,player,25,0,0,1530.00,508.39,1600.55,666.59,7
5,player,26,0,0,1527.47,508.91,1598.02,667.11,7
5,player,27,0,0,1524.95,509.43,1595.49,667.63,7
5,player,28,0,0,1522.42,509.95,1592.97,668.15,7
5,player,29,0,0,1519.89,510.47,1590.44,668.66,7
5,player,30,0,0,1517.36,510.98,1587.91,669.18,7
5,player,31,0,0,1514.84,511.50,1585.39,669.70,7
5,player,32,0,0,1512.31,512.02,1582.86,670.22,7
5,player,33,0,0,1509.78,512.54,1580.33,670.74,7
5,player,34,0,0,1507.26,513.06,1577.81,671.26,7
5,player,35,0,0,1504.73,513.58,1575.28,671.77,7
5,player,36,0,0,1502.20,514.09,1572.75,672.29,7
5,player,37,0,0,1499.68,514.61,1570.23,672.81,7
5,player,38,0,0,1497.15,515.13,1567.70,673.33,7
5,player,39,0,0,1494.62,515.65,1565.17,673.85,7
5,player,40,0,0,1492.10,516.17,1562.65,674.37,7
5,player,41,0,0,1489.57,516.69,1560.12,674.88,7
5,player,42,0,0,1487.04,517.20,1557.59,675.40,7
5,player,43,0,0,1484.52,517.72,1555.07,675.92,7
5,player,44,0,0,1481.99,518.24,1552.54,676.44,7
5,player,45,0,0,1479.46,518.76,1550.01,676.96,7
5,player,46,0,0,1476.94,519.28,1547.48,677.48,7
5,player,47,0,0,1474.41,519.80,1544.96,677.99,7
5,player,48,0,0,1471.88,520.31,1542.43,678.51,7
5,player,49,0,0,1469.36,520.83,1539.90,679.03,7
5,player,50,0,0,1466.83,521.35,1537.38,679.55,7
5,player,51,0,0,1464.30,521.87,1534.85,680.07,7
5,player,52,0,0,1461.77,522.39,1532.32,680.59,7
5,player,53,0,0,1459.25,522.91,1529.80,681.10,7
5,player,54,0,0,1455.83,522.76,1527.38,681.81,7
5,player,55,0,0,1452.41,522.62,1524.95,682.52,7
5,player,56,0,0,1448.99,522.48,1522.53,683.24,7
5,player,57,0,0,1445.56,522.34,1520.11,683.95,7
5,player,58,0,0,1442.14,522.19,1517.69,684.66,7
5,player,59,0,0,1438.72,522.05,1515.27,685.37,7
5,player,60,0,0,1435.30,521.91,1512.84,686.08,7
5,player,61,0,0,1431.88,521.77,1510.42,686.79,7
5,player,62,0,0,1428.46,521.62,1508.00,687.50,7
5,player,63,0,0,1425.04,521.48,1505.58,688.21,7
5,player,64,0,0,1421.62,521.34,1503.16,688.92,7
5,player,65,0,0,1418.20,521.20,1500.74,689.63,7
5,player,66,0,0,1414.78,521.05,1498.31,690.34,7
5,player,67,0,0,1411.35,520.91,1495.89,691.05,7
5,player,68,0,0,1407.93,520.77,1493.47,691.76,7
5,player,69,0,0,1402.89,520.23,1488.43,691.23,7
5,player,70,0,0,1397.85,519.70,1483.39,690.69,7
5,player,71,0,0,1392.81,519.16,1478.35,690.16,7
5,player,72,0,0,1387.77,518.63,1473.31,689.62,7
5,player,73,0,0,1382.73,518.10,1468.27,689.09,7
5,player,74,0,0,1377.70,517.56,1463.23,688.56,7
5,player,75,0,0,1372.66,517.03,1458.19,688.02,7
5,player,76,0,0,1367.62,516.49,1453.15,687.49,7
5,player,77,0,0,1362.58,515.96,1448.11,686.95,7
5,player,78,0,0,1357.54,515.42,1443.07,686.42,7
5,player,79,0,0,1352.50,514.89,1438.03,685.88,7
5,player,80,0,0,1347.46,514.35,1432.99,685.35,7
5,player,81,0,0,1342.42,513.82,1427.95,684.81,7
5,player,82,0,0,1337.38,513.29,1422.91,684.28,7
5,player,83,0,0,1332.34,512.75,1417.87,683.74,7
5,player,84,0,0,1327.30,512.22,1412.83,683.21,7
5,player,85,0,0,1322.26,511.68,1407.79,682.68,7
5,player,86,0,0,1317.22,511.15,1402.76,682.14,7
5,player,87,0,0,1312.18,510.61,1397.72,681.61,7
5,player,88,0,0,1307.14,510.08,1392.68,681.07,7
5,player,89,0,0,1302.10,509.54,1387.64,680.54,7
5,player,90,0,0,1297.06,509.01,1382.60,680.00,7
5,player,91,0,0,1292.02,508.47,1377.56,679.47,7
5,player,92,0,0,1286.98,507.94,1372.52,678.93,7
5,player,93,0,0,1281.94,507.41,1367.48,678.40,7
5,player,94,0,0,1276.90,506.87,1362.44,677.86,7
5,player,95,0,0,1271.86,506.34,1357.40,677.33,7
5,player,96,0,0,1266.82,505.80,1352.36,676.80,7
5,player,97,0,0,1261.02,503.66,1346.55,674.66,7
5,player,98,0,0,1255.21,501.53,1340.75,672.52,7
5,player,99,0,0,1249.41,499.39,1334.95,670.38,7
5,player,100,0,0,1243.61,497.25,1329.14,668.24,7
5,player,101,0,0,1237.80,495.11,1323.34,666.10,7
5,player,102,0,0,1232.00,492.97,1317.54,663.97,7
5,player,103,0,0,1226.20,490.83,1311.73,661.83,7
5,player,104,0,0,1218.36,488.46,1303.89,659.45,7
5,player,105,0,0,1210.52,486.08,1296.05,657.08,7
5,player,106,0,0,1202.68,483.71,1288.21,654.70,7
5,player,107,0,0,1194.84,481.33,1280.38,652.33,7
5,player,108,0,0,1187.00,478.96,1272.54,649.95,7
5,player,109,0,0,1179.16,476.58,1264.70,647.57,7
5,player,110,0,0,1171.32,474.21,1256.86,645.20,7
5,player,111,0,0,1163.48,471.83,1249.02,642.82,7
5,player,112,0,0,1155.64,469.45,1241.18,640.45,7
5,player,113,0,0,1146.76,467.15,1232.30,638.15,7
5,player,114,0,0,1137.88,464.85,1223.41,635.84,7
5,player,115,0,0,1129.00,462.55,1214.53,633.54,7
5,player,116,0,0,1120.11,460.24,1205.65,631.24,7
5,player,117,0,0,1111.23,457.94,1196.77,628.93,7
5,player,118,0,0,1102.35,455.64,1187.89,626.63,7
5,player,119,0,0,1093.47,453.34,1179.01,624.33,7
5,player,120,0,0,1084.59,451.03,1170.13,622.03,7
5,player,121,0,0,1075.71,448.73,1161.25,619.72,7
5,player,122,0,0,1066.83,446.43,1152.36,617.42,7
5,player,123,0,0,1057.95,444.13,1143.48,615.12,7
5,player,124,0,0,1049.06,441.82,1134.60,612.82,7
5,player,125,0,0,1040.18,439.52,1125.72,610.51,7
5,player,126,0,0,1032.26,437.38,1117.80,608.38,7
5,player,127,0,0,1024.34,435.24,1109.87,606.24,7
5,player,128,0,0,1016.41,433.11,1101.95,604.10,7
5,player,129,0,0,1008.49,430.97,1094.03,601.96,7
5,player,130,0,0,1000.57,428.83,1086.10,599.82,7
5,player,131,0,0,992.64,426.69,1078.18,597.69,7
5,player,132,0,0,984.72,424.55,1070.26,595.55,7
5,player,133,0,0,976.80,422.42,1062.33,593.41,7
5,player,134,0,0,968.87,420.28,1054.41,591.27,7
5,player,135,0,0,960.95,418.14,1046.49,589.13,7
5,player,136,0,0,953.03,416.00,1038.56,587.00,7
5,player,137,0,0,945.10,413.86,1030.64,584.86,7
5,player,138,0,0,937.18,411.73,1022.72,582.72,7
5,player,139,0,0,929.25,409.59,1014.79,580.58,7
5,player,140,0,0,921.33,407.45,1006.87,578.44,7
5,player,141,0,0,913.41,405.31,998.95,576.30,7
5,player,142,0,0,905.48,403.17,991.02,574.17,7
5,player,143,0,0,897.56,401.03,983.10,572.03,7
5,player,144,0,0,889.64,398.90,975.17,569.89,7
5,player,145,0,0,881.71,396.76,967.25,567.75,7
5,player,146,0,0,873.79,394.62,959.33,565.61,7
5,player,147,0,0,865.87,392.48,951.40,563.48,7
5,player,148,0,0,857.94,390.34,943.48,561.34,7
5,player,149,0,0,850.02,388.21,935.56,559.20,7
5,player,150,0,0,842.10,386.07,927.63,557.06,7
5,player,151,0,0,834.17,383.93,919.71,554.92,7
5,player,152,0,0,826.25,381.79,911.79,552.79,7
5,player,153,0,0,818.33,379.65,903.86,550.65,7
5,player,154,0,0,810.40,377.52,895.94,548.51,7
5,player,155,0,0,802.48,375.38,888.02,546.37,7
5,player,156,0,0,794.56,373.24,880.09,544.23,7
5,player,157,0,0,786.63,371.10,872.17,542.10,7
5,player,158,0,0,778.71,368.96,864.25,539.96,7
5,player,159,0,0,770.79,366.83,856.32,537.82,7
5,player,160,0,0,764.49,366.94,849.85,537.47,7
5,player,161,0,0,758.19,367.06,843.38,537.13,7
5,player,162,0,0,751.89,367.17,836.91,536.78,7
5,player,163,0,0,745.59,367.29,830.43,536.43,7
5,player,164,0,0,739.29,367.40,823.96,536.09,7
5,player,165,0,0,732.99,367.52,817.49,535.74,7
5,player,166,0,0,726.69,367.63,811.02,535.39,7
5,player,167,0,0,720.39,367.75,804.55,535.05,7
5,player,168,0,0,714.09,367.87,798.07,534.70,7
5,player,169,0,0,707.79,367.98,791.60,534.35,7
5,player,170,0,0,701.49,368.10,785.13,534.01,7
5,player,171,0,0,695.19,368.21,778.66,533.66,7
5,player,172,0,0,688.89,368.33,772.19,533.31,7
5,player,173,0,0,682.59,368.44,765.71,532.97,7
5,player,174,0,0,676.29,368.56,759.24,532.62,7
5,player,175,0,0,669.99,368.67,752.77,532.27,7
5,player,176,0,0,663.69,368.79,746.30,531.92,7
5,player,177,0,0,657.39,368.90,739.83,531.58,7
5,player,178,0,0,651.09,369.02,733.35,531.23,7
5,player,179,0,0,644.79,369.14,726.88,530.88,7
5,player,180,0,0,638.49,369.25,720.41,530.54,7
5,player,181,0,0,632.19,369.37,713.94,530.19,7
5,player,182,0,0,625.89,369.48,707.47,529.84,7
5,player,183,0,0,619.59,369.60,700.99,529.50,7
5,player,184,0,0,613.30,369.71,694.52,529.15,7
5,player,185,0,0,607.00,369.83,688.05,528.80,7
5,player,186,0,0,600.70,369.94,681.58,528.46,7
5,player,187,0,0,594.40,370.06,675.11,528.11,7
5,player,188,0,0,588.10,370.18,668.63,527.76,7
5,player,189,0,0,581.80,370.29,662.16,527.42,7
5,player,190,0,0,575.50,370.41,655.69,527.07,7
5,player,191,0,0,569.20,370.52,649.22,526.72,7
5,player,192,0,0,562.90,370.64,642.74,526.38,7
5,player,193,0,0,556.60,370.75,636.27,526.03,7
5,player,194,0,0,550.30,370.87,629.80,525.68,7
5,player,195,0,0,544.00,370.98,623.33,525.34,7
5,player,196,0,0,537.70,371.10,616.86,524.99,7
5,player,197,0,0,532.47,371.10,611.63,524.99,7
5,player,198,0,0,527.25,371.10,606.40,524.99,7
5,player,199,0,0,522.02,371.10,601.18,524.99,7
5,player,200,0,0,516.79,371.10,595.95,524.99,7
5,player,201,0,0,511.57,371.10,590.72,524.99,7
5,player,202,0,0,506.34,371.10,585.50,524.99,7
5,player,203,0,0,501.11,371.10,580.27,524.99,7
5,player,204,0,0,495.89,371.10,575.05,524.99,7
5,player,205,0,0,490.66,371.10,569.82,524.99,7
5,player,206,0,0,485.44,371.10,564.59,524.99,7
5,player,207,0,0,480.21,371.10,559.37,524.99,7
5,player,208,0,0,474.98,371.10,554.14,524.99,7
5,player,209,0,0,469.76,371.10,548.91,524.99,7
5,player,210,0,0,464.53,371.10,543.69,524.99,7
5,player,211,0,0,459.30,371.10,538.46,524.99,7
5,player,212,0,0,454.08,371.10,533.23,524.99,7
5,player,213,0,0,448.85,371.10,528.01,524.99,7
5,player,214,0,0,443.62,371.10,522.78,524.99,7
5,player,215,0,0,441.93,373.15,521.09,527.04,7
5,player,216,0,0,440.24,375.20,519.40,529.09,7
5,player,217,0,0,438.55,377.25,517.70,531.14,7
5,player,218,0,0,436.85,379.30,516.01,533.19,7
5,player,219,0,0,435.16,381.35,514.32,535.24,7
5,player,220,0,0,433.47,383.39,512.62,537.29,7
5,player,221,0,0,431.78,385.44,510.93,539.33,7
5,player,222,0,0,430.08,387.49,509.24,541.38,7
5,player,223,0,0,428.39,389.54,507.55,543.43,7
5,player,224,0,0,426.70,391.59,505.85,545.48,7
5,player,225,0,0,425.00,393.64,504.16,547.53,7
5,player,226,0,0,423.31,395.69,502.47,549.58,7
5,player,227,0,0,421.62,397.74,500.78,551.63,7
5,player,228,0,0,419.93,399.79,499.08,553.68,7
5,player,229,0,0,418.23,401.84,497.39,555.73,7
5,player,230,0,0,416.54,403.88,495.70,557.78,7
5,player,231,0,0,414.85,405.93,494.01,559.82,7
5,player,232,0,0,413.16,407.98,492.31,561.87,7
5,player,233,0,0,411.46,410.03,490.62,563.92,7
5,player,234,0,0,409.77,412.08,488.93,565.97,7
5,player,235,0,0,408.08,414.13,487.23,568.02,7
5,player,236,0,0,406.39,416.18,485.54,570.07,7
5,player,237,0,0,404.69,418.23,483.85,572.12,7
5,player,238,0,0,403.00,420.28,482.16,574.17,7
5,player,239,0,0,406.85,421.35,486.01,575.24,7
5,player,240,0,0,410.70,422.41,489.85,576.31,7
5,player,241,0,0,414.55,423.48,493.70,577.37,7
5,player,242,0,0,418.39,424.55,497.55,578.44,7
5,player,243,0,0,422.24,425.62,501.40,579.51,7
5,player,244,0,0,426.09,426.69,505.25,580.58,7
5,player,245,0,0,429.94,427.76,509.10,581.65,7
5,player,246,0,0,433.79,428.83,512.94,582.72,7
5,player,247,0,0,437.64,429.90,516.79,583.79,7
5,player,248,0,0,441.49,430.97,520.64,584.86,7
5,player,249,0,0,448.85,430.73,528.01,584.62,7
5,player,250,0,0,456.21,430.49,535.37,584.38,7
5,player,251,0,0,463.58,430.25,542.74,584.15,7
5,player,252,0,0,470.94,430.02,550.10,583.91,7
5,player,253,0,0,478.31,429.78,557.46,583.67,7
5,player,254,0,0,485.67,429.54,564.83,583.43,7
5,player,255,0,0,493.04,429.30,572.19,583.19,7
5,player,256,0,0,500.40,429.07,579.56,582.96,7
5,player,257,0,0,507.77,428.83,586.92,582.72,7
5,player,258,0,0,515.25,434.17,594.41,588.06,7
5,player,259,0,0,522.73,439.52,601.89,593.41,7
5,player,260,0,0,530.22,444.86,609.37,598.75,7
5,player,261,0,0,537.70,450.21,616.86,604.10,7
5,player,262,0,0,552.67,449.14,631.82,603.03,7
5,player,263,0,0,567.63,448.07,646.79,601.96,7
5,player,264,0,0,574.66,450.21,653.81,604.10,7
5,player,265,0,0,581.68,452.35,660.84,606.24,7
5,player,266,0,0,588.71,454.48,667.86,608.38,7
5,player,267,0,0,595.73,456.62,674.89,610.51,7
5,player,268,0,0,602.76,458.76,681.91,612.65,7
5,player,269,0,0,609.78,460.90,688.94,614.79,7
5,player,270,0,0,616.81,463.04,695.96,616.93,7
5,player,271,0,0,635.62,463.04,714.78,616.93,7
5,player,272,0,0,654.44,463.04,733.59,616.93,7
5,player,273,0,0,673.25,463.04,752.41,616.93,7
5,player,274,0,0,692.07,463.04,771.23,616.93,7
5,player,275,0,0,710.88,463.04,790.04,616.93,7
5,player,276,0,0,725.05,463.84,804.21,617.73,7
5,player,277,0,0,739.21,464.64,818.37,618.53,7
5,player,278,0,0,753.38,465.44,832.54,619.33,7
5,player,279,0,0,767.54,466.24,846.70,620.13,7
5,player,280,0,0,781.71,467.05,860.87,620.94,7
5,player,281,0,0,795.87,467.85,875.03,621.74,7
5,player,282,0,0,810.04,468.65,889.19,622.54,7
5,player,283,0,0,824.20,469.45,903.36,623.34,7
5,player,284,0,0,846.65,464.11,925.81,618.00,7
5,player,285,0,0,869.10,458.76,948.26,612.65,7
5,player,286,0,0,883.64,458.97,962.80,612.87,7
5,player,287,0,0,898.18,459.19,977.34,613.08,7
5,player,288,0,0,912.72,459.40,991.88,613.29,7
5,player,289,0,0,927.26,459.62,1006.42,613.51,7
5,player,290,0,0,941.80,459.83,1020.95,613.72,7
5,player,291,0,0,956.34,460.04,1035.49,613.93,7
5,player,292,0,0,970.88,460.26,1050.03,614.15,7
5,player,293,0,0,985.42,460.47,1064.57,614.36,7
5,player,294,0,0,999.95,460.68,1079.11,614.58,7
5,player,295,0,0,1014.49,460.90,1093.65,614.79,7
5,player,296,0,0,1023.70,457.61,1102.86,611.50,7
5,player,297,0,0,1032.91,454.32,1112.07,608.21,7
5,player,298,0,0,1042.12,451.03,1121.28,604.92,7
5,player,299,0,0,1051.33,447.74,1130.49,601.63,7
5,player,300,0,0,1060.54,444.45,1139.70,598.34,7
5,player,301,0,0,1069.75,441.16,1148.91,595.05,7
5,player,302,0,0,1078.96,437.87,1158.12,591.76,7
5,player,303,0,0,1088.17,434.58,1167.33,588.47,7
5,player,304,0,0,1097.38,431.29,1176.54,585.19,7
5,player,305,0,0,1106.60,428.00,1185.75,581.90,7
5,player,306,0,0,1115.81,424.72,1194.96,578.61,7
5,player,307,0,0,1125.02,421.43,1204.17,575.32,7
5,player,308,0,0,1134.23,418.14,1213.38,572.03,7
5,player,309,0,0,1143.44,414.85,1222.59,568.74,7
5,player,310,0,0,1152.65,411.56,1231.80,565.45,7
5,player,311,0,0,1161.86,408.27,1241.01,562.16,7
5,player,312,0,0,1171.07,404.98,1250.22,558.87,7
5,player,313,0,0,1180.28,401.69,1259.43,555.58,7
5,player,314,0,0,1189.49,398.40,1268.64,552.29,7
5,player,315,0,0,1198.70,395.11,1277.85,549.00,7
5,player,316,0,0,1207.91,391.82,1287.06,545.71,7
5,player,317,0,0,1217.12,388.53,1296.27,542.42,7
5,player,318,0,0,1226.33,385.24,1305.48,539.13,7
5,player,319,0,0,1235.54,381.95,1314.69,535.84,7
5,player,320,0,0,1244.75,378.66,1323.90,532.56,7
5,player,321,0,0,1253.96,375.38,1333.11,529.27,7
5,player,322,0,0,1248.49,375.47,1327.65,529.36,7
5,player,323,0,0,1243.02,375.56,1322.18,529.46,7
5,player,324,0,0,1237.55,375.66,1316.71,529.55,7
5,player,325,0,0,1232.09,375.75,1311.24,529.64,7
5,player,326,0,0,1226.62,375.85,1305.77,529.74,7
5,player,327,0,0,1221.15,375.94,1300.31,529.83,7
5,player,328,0,0,1215.68,376.04,1294.84,529.93,7
5,player,329,0,0,1210.21,376.13,1289.37,530.02,7
5,player,330,0,0,1204.74,376.23,1283.90,530.12,7
5,player,331,0,0,1199.28,376.32,1278.43,530.21,7
5,player,332,0,0,1193.81,376.42,1272.96,530.31,7
5,player,333,0,0,1188.34,376.51,1267.50,530.40,7
5,player,334,0,0,1182.87,376.60,1262.03,530.50,7
5,player,335,0,0,1177.40,376.70,1256.56,530.59,7
5,player,336,0,0,1171.94,376.79,1251.09,530.68,7
5,player,337,0,0,1166.47,376.89,1245.62,530.78,7
5,player,338,0,0,1161.00,376.98,1240.16,530.87,7
5,player,339,0,0,1155.53,377.08,1234.69,530.97,7
5,player,340,0,0,1150.06,377.17,1229.22,531.06,7
5,player,341,0,0,1144.59,377.27,1223.75,531.16,7
5,player,342,0,0,1139.13,377.36,1218.28,531.25,7
5,player,343,0,0,1133.66,377.46,1212.81,531.35,7
5,player,344,0,0,1128.19,377.55,1207.35,531.44,7
5,player,345,0,0,1122.72,377.65,1201.88,531.54,7
5,player,346,0,0,1117.25,377.74,1196.41,531.63,7
5,player,347,0,0,1111.78,377.83,1190.94,531.73,7
5,player,348,0,0,1106.32,377.93,1185.47,531.82,7
5,player,349,0,0,1100.85,378.02,1180.01,531.91,7
5,player,350,0,0,1095.38,378.12,1174.54,532.01,7
5,player,351,0,0,1089.91,378.21,1169.07,532.10,7
5,player,352,0,0,1084.44,378.31,1163.60,532.20,7
5,player,353,0,0,1078.98,378.40,1158.13,532.29,7
5,player,354,0,0,1073.51,378.50,1152.66,532.39,7
5,player,355,0,0,1068.04,378.59,1147.20,532.48,7
5,player,356,0,0,1062.57,378.69,1141.73,532.58,7
5,player,357,0,0,1057.10,378.78,1136.26,532.67,7
5,player,358,0,0,1051.63,378.88,1130.79,532.77,7
5,player,359,0,0,1046.17,378.97,1125.32,532.86,7
5,player,360,0,0,1040.70,379.06,1119.85,532.96,7
5,player,361,0,0,1035.23,379.16,1114.39,533.05,7
5,player,362,0,0,1029.76,379.25,1108.92,533.14,7
5,player,363,0,0,1024.29,379.35,1103.45,533.24,7
5,player,364,0,0,1018.83,379.44,1097.98,533.33,7
5,player,365,0,0,1013.36,379.54,1092.51,533.43,7
5,player,366,0,0,1007.89,379.63,1087.05,533.52,7
5,player,367,0,0,1002.42,379.73,1081.58,533.62,7
5,player,368,0,0,996.95,379.82,1076.11,533.71,7
5,player,369,0,0,991.48,379.92,1070.64,533.81,7
5,player,370,0,0,986.02,380.01,1065.17,533.90,7
5,player,371,0,0,980.55,380.11,1059.70,534.00,7
5,player,372,0,0,975.08,380.20,1054.24,534.09,7
5,player,373,0,0,969.61,380.29,1048.77,534.19,7
5,player,374,0,0,964.14,380.39,1043.30,534.28,7
5,player,375,0,0,958.68,380.48,1037.83,534.37,7
5,player,376,0,0,953.21,380.58,1032.36,534.47,7
5,player,377,0,0,947.74,380.67,1026.90,534.56,7
5,player,378,0,0,942.27,380.77,1021.43,534.66,7
5,player,379,0,0,936.80,380.86,1015.96,534.75,7
5,player,380,0,0,931.33,380.96,1010.49,534.85,7
5,player,381,0,0,925.87,381.05,1005.02,534.94,7
5,player,382,0,0,920.40,381.15,999.55,535.04,7
5,player,383,0,0,914.93,381.24,994.09,535.13,7
5,player,384,0,0,909.46,381.34,988.62,535.23,7
5,player,385,0,0,903.99,381.43,983.15,535.32,7
5,player,386,0,0,898.53,381.52,977.68,535.42,7
5,player,387,0,0,893.06,381.62,972.21,535.51,7
5,player,388,0,0,887.59,381.71,966.75,535.60,7
5,player,389,0,0,882.12,381.81,961.28,535.70,7
5,player,390,0,0,876.65,381.90,955.81,535.79,7
5,player,391,0,0,871.18,382.00,950.34,535.89,7
5,player,392,0,0,865.72,382.09,944.87,535.98,7
5,player,393,0,0,860.25,382.19,939.40,536.08,7
5,player,394,0,0,854.78,382.28,933.94,536.17,7
5,player,395,0,0,849.31,382.38,928.47,536.27,7
5,player,396,0,0,843.84,382.47,923.00,536.36,7
5,player,397,0,0,838.38,382.57,917.53,536.46,7
5,player,398,0,0,832.91,382.66,912.06,536.55,7
5,player,399,0,0,827.44,382.75,906.60,536.65,7
5,player,400,0,0,821.97,382.85,901.13,536.74,7
5,player,401,0,0,816.50,382.94,895.66,536.83,7
5,player,402,0,0,811.03,383.04,890.19,536.93,7
5,player,403,0,0,805.57,383.13,884.72,537.02,7
5,player,404,0,0,800.10,383.23,879.25,537.12,7
5,player,405,0,0,794.63,383.32,873.79,537.21,7
5,player,406,0,0,789.16,383.42,868.32,537.31,7
5,player,407,0,0,783.69,383.51,862.85,537.40,7
5,player,408,0,0,778.22,383.61,857.38,537.50,7
5,player,409,0,0,772.76,383.70,851.91,537.59,7
5,player,410,0,0,767.29,383.79,846.45,537.69,7
5,player,411,0,0,761.82,383.89,840.98,537.78,7
5,player,412,0,0,756.35,383.98,835.51,537.87,7
5,player,413,0,0,750.88,384.08,830.04,537.97,7
5,player,414,0,0,745.42,384.17,824.57,538.06,7
5,player,415,0,0,739.95,384.27,819.10,538.16,7
5,player,416,0,0,734.48,384.36,813.64,538.25,7
5,player,417,0,0,729.01,384.46,808.17,538.35,7
5,player,418,0,0,723.54,384.55,802.70,538.44,7
5,player,419,0,0,718.07,384.65,797.23,538.54,7
5,player,420,0,0,712.61,384.74,791.76,538.63,7
5,player,421,0,0,707.14,384.84,786.29,538.73,7
5,player,422,0,0,701.67,384.93,780.83,538.82,7
5,player,423,0,0,696.20,385.02,775.36,538.92,7
5,player,424,0,0,690.73,385.12,769.89,539.01,7
5,player,425,0,0,685.27,385.21,764.42,539.10,7
5,player,426,0,0,679.80,385.31,758.95,539.20,7
5,player,427,0,0,674.33,385.40,753.49,539.29,7
5,player,428,0,0,668.86,385.50,748.02,539.39,7
5,player,429,0,0,663.39,385.59,742.55,539.48,7
5,player,430,0,0,657.92,385.69,737.08,539.58,7
5,player,431,0,0,652.46,385.78,731.61,539.67,7
5,player,432,0,0,646.99,385.88,726.14,539.77,7
5,player,433,0,0,641.52,385.97,720.68,539.86,7
5,player,434,0,0,636.05,386.07,715.21,539.96,7
5,player,435,0,0,634.49,388.27,713.65,542.16,7
5,player,436,0,0,632.93,390.48,712.09,544.37,7
5,player,437,0,0,631.38,392.69,710.53,546.58,7
5,player,438,0,0,629.82,394.90,708.97,548.79,7
5,player,439,0,0,628.26,397.10,707.42,551.00,7
5,player,440,0,0,626.70,399.31,705.86,553.20,7
5,player,441,0,0,625.14,401.52,704.30,555.41,7
5,player,442,0,0,623.58,403.73,702.74,557.62,7
5,player,443,0,0,622.03,405.94,701.18,559.83,7
5,player,444,0,0,620.47,408.14,699.62,562.03,7
5,player,445,0,0,618.91,410.35,698.07,564.24,7
5,player,446,0,0,617.35,412.56,696.51,566.45,7
5,player,447,0,0,615.79,414.77,694.95,568.66,7
5,player,448,0,0,614.23,416.97,693.39,570.87,7
5,player,449,0,0,612.68,419.18,691.83,573.07,7
5,player,450,0,0,611.12,421.39,690.27,575.28,7
5,player,451,0,0,609.56,423.60,688.72,577.49,7
5,player,452,0,0,608.00,425.81,687.16,579.70,7
5,player,453,0,0,606.44,428.01,685.60,581.90,7
5,player,454,0,0,604.88,430.22,684.04,584.11,7
5,player,455,0,0,603.33,432.43,682.48,586.32,7
5,player,456,0,0,601.77,434.64,680.92,588.53,7
5,player,457,0,0,600.21,436.84,679.37,590.74,7
5,player,458,0,0,598.65,439.05,677.81,592.94,7
5,player,459,0,0,597.09,441.26,676.25,595.15,7
5,player,460,0,0,595.53,443.47,674.69,597.36,7
5,player,461,0,0,593.97,445.68,673.13,599.57,7
5,player,462,0,0,592.42,447.88,671.57,601.77,7
5,player,463,0,0,590.86,450.09,670.01,603.98,7
5,player,464,0,0,589.30,452.30,668.46,606.19,7
5,player,465,0,0,587.74,454.51,666.90,608.40,7
5,player,466,0,0,586.18,456.71,665.34,610.61,7
5,player,467,0,0,584.62,458.92,663.78,612.81,7
5,player,468,0,0,583.07,461.13,662.22,615.02,7
5,player,469,0,0,581.51,463.34,660.66,617.23,7
5,player,470,0,0,579.95,465.55,659.11,619.44,7
5,player,471,0,0,585.59,466.67,664.75,620.57,7
5,player,472,0,0,591.23,467.80,670.39,621.69,7
5,player,473,0,0,596.88,468.93,676.03,622.82,7
5,player,474,0,0,602.52,470.06,681.68,623.95,7
5,player,475,0,0,608.16,471.19,687.32,625.08,7
5,player,476,0,0,613.81,472.32,692.96,626.21,7
5,player,477,0,0,619.45,473.45,698.60,627.34,7
5,player,478,0,0,625.09,474.57,704.25,628.46,7
5,player,479,0,0,630.73,475.70,709.89,629.59,7
5,player,480,0,0,636.38,476.83,715.53,630.72,7
5,player,481,0,0,642.02,477.96,721.17,631.85,7
5,player,482,0,0,647.66,479.09,726.82,632.98,7
5,player,483,0,0,653.30,480.22,732.46,634.11,7
5,player,484,0,0,658.95,481.34,738.10,635.24,7
5,player,485,0,0,664.59,482.47,743.75,636.36,7
5,player,486,0,0,670.23,483.60,749.39,637.49,7
5,player,487,0,0,675.87,484.73,755.03,638.62,7
5,player,488,0,0,681.52,485.86,760.67,639.75,7
5,player,489,0,0,687.16,486.99,766.32,640.88,7
5,player,490,0,0,692.80,488.12,771.96,642.01,7
5,player,491,0,0,698.44,489.24,777.60,643.14,7
5,player,492,0,0,704.09,490.37,783.24,644.26,7
5,player,493,0,0,709.73,491.50,788.89,645.39,7
5,player,494,0,0,715.37,492.63,794.53,646.52,7
5,player,495,0,0,721.02,493.76,800.17,647.65,7
5,player,496,0,0,726.66,494.89,805.81,648.78,7
5,player,497,0,0,732.30,496.02,811.46,649.91,7
5,player,498,0,0,737.94,497.14,817.10,651.03,7
5,player,499,0,0,743.59,498.27,822.74,652.16,7
5,player,500,0,0,750.60,498.27,829.76,652.16,7
5,player,501,0,0,757.61,498.27,836.77,652.16,7
5,player,502,0,0,764.62,498.27,843.78,652.16,7
5,player,503,0,0,771.64,498.27,850.79,652.16,7
5,player,504,0,0,778.19,497.84,857.35,651.74,7
5,player,505,0,0,784.75,497.42,863.91,651.31,7
5,player,506,0,0,791.31,496.99,870.46,650.88,7
5,player,507,0,0,797.86,496.56,877.02,650.45,7
5,player,508,0,0,804.42,496.13,883.58,650.03,7
5,player,509,0,0,810.98,495.71,890.14,649.60,7
5,player,510,0,0,817.54,495.28,896.69,649.17,7
5,player,511,0,0,824.09,494.85,903.25,648.74,7
5,player,512,0,0,830.65,494.42,909.81,648.31,7
5,player,513,0,0,837.21,494.00,916.36,647.89,7
5,player,514,0,0,843.76,493.57,922.92,647.46,7
5,player,515,0,0,850.32,493.14,929.48,647.03,7
5,player,516,0,0,856.88,492.71,936.03,646.60,7
5,player,517,0,0,863.43,492.29,942.59,646.18,7
5,player,518,0,0,869.99,491.86,949.15,645.75,7
5,player,519,0,0,876.55,491.43,955.70,645.32,7
5,player,520,0,0,883.10,491.00,962.26,644.89,7
5,player,521,0,0,889.66,490.58,968.82,644.47,7
5,player,522,0,0,896.22,490.15,975.37,644.04,7
5,player,523,0,0,902.77,489.72,981.93,643.61,7
5,player,524,0,0,909.33,489.29,988.49,643.18,7
5,player,525,0,0,915.89,488.87,995.04,642.76,7
5,player,526,0,0,922.44,488.44,1001.60,642.33,7
5,player,527,0,0,929.00,488.01,1008.16,641.90,7
5,player,528,0,0,935.56,487.58,1014.71,641.47,7
5,player,529,0,0,942.11,487.15,1021.27,641.05,7
5,player,530,0,0,948.67,486.73,1027.83,640.62,7
5,player,531,0,0,955.23,486.30,1034.38,640.19,7
5,player,532,0,0,961.78,485.87,1040.94,639.76,7
5,player,533,0,0,968.34,485.44,1047.50,639.34,7
5,player,534,0,0,974.90,485.02,1054.05,638.91,7
5,player,535,0,0,981.46,484.59,1060.61,638.48,7
5,player,536,0,0,988.01,484.16,1067.17,638.05,7
5,player,537,0,0,994.57,483.73,1073.73,637.62,7
5,player,538,0,0,1001.13,483.31,1080.28,637.20,7
5,player,539,0,0,1007.68,482.88,1086.84,636.77,7
5,player,540,0,0,1014.24,482.45,1093.40,636.34,7
5,player,541,0,0,1020.80,482.02,1099.95,635.91,7
5,player,542,0,0,1027.35,481.60,1106.51,635.49,7
5,player,543,0,0,1033.91,481.17,1113.07,635.06,7
5,player,544,0,0,1040.47,480.74,1119.62,634.63,7
5,player,545,0,0,1047.02,480.31,1126.18,634.20,7
5,player,546,0,0,1053.58,479.89,1132.74,633.78,7
5,player,547,0,0,1060.14,479.46,1139.29,633.35,7
5,player,548,0,0,1066.69,479.03,1145.85,632.92,7
5,player,549,0,0,1070.97,476.89,1150.13,630.78,7
5,player,550,0,0,1076.96,476.89,1156.11,630.78,7
5,player,551,0,0,1082.94,476.89,1162.10,630.78,7
5,player,552,0,0,1088.93,476.89,1168.08,630.78,7
5,player,553,0,0,1094.91,476.89,1174.07,630.78,7
5,player,554,0,0,1100.90,476.89,1180.06,630.78,7
5,player,555,0,0,1105.18,475.29,1184.33,629.18,7
5,player,556,0,0,1109.45,473.69,1188.61,627.58,7
5,player,557,0,0,1113.73,472.08,1192.89,625.97,7
5,player,558,0,0,1118.01,470.48,1197.16,624.37,7
5,player,559,0,0,1121.39,470.12,1200.55,624.01,7
5,player,560,0,0,1124.78,469.77,1203.93,623.66,7
5,player,561,0,0,1128.16,469.41,1207.32,623.30,7
5,player,562,0,0,1131.55,469.05,1210.70,622.94,7
5,player,563,0,0,1134.93,468.70,1214.09,622.59,7
5,player,564,0,0,1138.32,468.34,1217.48,622.23,7
5,player,565,0,0,1141.70,467.98,1220.86,621.87,7
5,player,566,0,0,1145.09,467.63,1224.25,621.52,7
5,player,567,0,0,1148.47,467.27,1227.63,621.16,7
5,player,568,0,0,1151.86,466.91,1231.02,620.81,7
5,player,569,0,0,1155.25,466.56,1234.40,620.45,7
5,player,570,0,0,1158.63,466.20,1237.79,620.09,7
5,player,571,0,0,1164.24,464.11,1243.39,618.00,7
5,player,572,0,0,1169.84,462.02,1249.00,615.91,7
5,player,573,0,0,1175.45,459.93,1254.61,613.82,7
5,player,574,0,0,1181.06,457.84,1260.21,611.73,7
5,player,575,0,0,1186.66,455.75,1265.82,609.64,7
5,player,576,0,0,1192.27,453.66,1271.43,607.55,7
5,player,577,0,0,1197.88,451.57,1277.03,605.46,7
5,player,578,0,0,1203.48,449.48,1282.64,603.37,7
5,player,579,0,0,1209.09,447.39,1288.25,601.28,7
5,player,580,0,0,1214.70,445.30,1293.85,599.19,7
5,player,581,0,0,1220.30,443.21,1299.46,597.10,7
5,player,582,0,0,1225.91,441.12,1305.07,595.01,7
5,player,583,0,0,1231.52,439.02,1310.67,592.92,7
5,player,584,0,0,1237.12,436.93,1316.28,590.83,7
5,player,585,0,0,1242.73,434.84,1321.89,588.73,7
5,player,586,0,0,1248.34,432.75,1327.49,586.64,7
5,player,587,0,0,1253.94,430.66,1333.10,584.55,7
5,player,588,0,0,1259.55,428.57,1338.71,582.46,7
5,player,589,0,0,1265.15,426.48,1344.31,580.37,7
5,player,590,0,0,1270.76,424.39,1349.92,578.28,7
5,player,591,0,0,1276.37,422.30,1355.52,576.19,7
5,player,592,0,0,1281.97,420.21,1361.13,574.10,7
5,player,593,0,0,1287.58,418.12,1366.74,572.01,7
5,player,594,0,0,1293.19,416.03,1372.34,569.92,7
5,player,595,0,0,1298.79,413.94,1377.95,567.83,7
5,player,596,0,0,1304.40,411.85,1383.56,565.74,7
5,player,597,0,0,1310.01,409.76,1389.16,563.65,7
5,player,598,0,0,1315.61,407.67,1394.77,561.56,7
5,player,599,0,0,1321.22,405.58,1400.38,559.47,7
5,player,600,0,0,1326.83,403.49,1405.98,557.38,7
5,player,601,0,0,1332.43,401.39,1411.59,555.29,7
5,player,602,0,0,1338.04,399.30,1417.20,553.20,7
5,player,603,0,0,1343.65,397.21,1422.80,551.10,7
5,player,604,0,0,1349.25,395.12,1428.41,549.01,7
5,player,605,0,0,1354.86,393.03,1434.02,546.92,7
5,player,606,0,0,1360.47,390.94,1439.62,544.83,7
5,player,607,0,0,1366.07,388.85,1445.23,542.74,7
5,player,608,0,0,1371.68,386.76,1450.84,540.65,7
5,player,609,0,0,1377.29,384.67,1456.44,538.56,7
5,player,610,0,0,1382.89,382.58,1462.05,536.47,7
5,player,611,0,0,1388.50,380.49,1467.66,534.38,7
5,player,612,0,0,1394.11,378.40,1473.26,532.29,7
5,player,613,0,0,1399.71,376.31,1478.87,530.20,7
5,player,614,0,0,1405.32,374.22,1484.47,528.11,7
5,player,615,0,0,1410.92,372.13,1490.08,526.02,7
5,player,616,0,0,1423.04,371.41,1502.20,525.30,7
5,player,617,0,0,1435.16,370.70,1514.31,524.59,7
5,player,618,0,0,1447.27,369.99,1526.43,523.88,7
5,player,619,0,0,1461.53,369.51,1540.68,523.40,7
5,player,620,0,0,1475.78,369.04,1554.94,522.93,7
5,player,621,0,0,1490.03,368.56,1569.19,522.45,7
5,player,622,0,0,1504.29,368.09,1583.44,521.98,7
5,player,623,0,0,1518.54,367.61,1597.70,521.50,7
5,player,624,0,0,1532.80,367.14,1611.95,521.03,7
5,player,625,0,0,1547.05,366.66,1626.21,520.55,7
5,player,626,0,0,1561.30,366.19,1640.46,520.08,7
5,player,627,0,0,1575.56,365.71,1654.71,519.60,7
5,player,628,0,0,1582.83,365.93,1661.98,519.82,7
5,player,629,0,0,1590.10,366.14,1669.25,520.03,7
5,player,630,0,0,1597.37,366.35,1676.52,520.24,7
5,player,631,0,0,1604.63,366.57,1683.79,520.46,7
5,player,632,0,0,1611.90,366.78,1691.06,520.67,7
5,player,633,0,0,1619.17,366.99,1698.33,520.89,7
5,player,634,0,0,1626.44,367.21,1705.60,521.10,7
5,player,635,0,0,1633.71,367.42,1712.87,521.31,7
5,player,636,0,0,1640.98,367.64,1720.14,521.53,7
5,player,637,0,0,1648.25,367.85,1727.41,521.74,7
5,player,638,0,0,1655.52,368.06,1734.68,521.95,7
5,player,639,0,0,1662.79,368.28,1741.95,522.17,7
5,player,640,0,0,1670.06,368.49,1749.22,522.38,7
5,player,641,0,0,1677.33,368.71,1756.49,522.60,7
5,player,642,0,0,1684.60,368.92,1763.76,522.81,7
5,player,643,0,0,1691.87,369.13,1771.03,523.02,7
5,player,644,0,0,1699.14,369.35,1778.29,523.24,7
5,player,645,0,0,1706.41,369.56,1785.56,523.45,7
5,player,646,0,0,1713.68,369.77,1792.83,523.66,7
5,player,647,0,0,1720.95,369.99,1800.10,523.88,7
5,player,648,0,0,1728.22,370.20,1807.37,524.09,7
5,player,649,0,0,1735.49,370.42,1814.64,524.31,7
5,player,650,0,0,1742.76,370.63,1821.91,524.52,7
5,player,651,0,0,1750.02,370.84,1829.18,524.73,7
5,player,652,0,0,1757.29,371.06,1836.45,524.95,7
5,player,653,0,0,1764.56,371.27,1843.72,525.16,7
5,player,654,0,0,1771.83,371.48,1850.99,525.38,7
5,player,655,0,0,1779.10,371.70,1858.26,525.59,7
5,player,656,0,0,1786.37,371.91,1865.53,525.80,7
5,player,657,0,0,1793.64,372.13,1872.80,526.02,7
5,player,658,0,0,1802.19,374.26,1881.35,528.15,7
5,player,659,0,0,1810.75,376.40,1889.90,530.29,7
5,player,660,0,0,1812.77,376.63,1891.49,530.52,7
5,player,661,0,0,1814.80,376.85,1893.07,530.74,7
5,player,662,0,0,1816.82,377.08,1894.65,530.97,7
5,player,663,0,0,1818.85,377.30,1896.24,531.19,7
5,player,664,0,0,1820.87,377.53,1897.82,531.42,7
5,player,665,0,0,1822.90,377.75,1899.41,531.64,7
5,player,666,0,0,1824.92,377.98,1900.99,531.87,7
5,player,667,0,0,1826.95,378.20,1902.58,532.09,7
5,player,668,0,0,1828.98,378.43,1904.16,532.32,7
5,player,669,0,0,1831.00,378.65,1905.74,532.54,7
5,player,670,0,0,1833.03,378.88,1907.33,532.77,7
5,player,671,0,0,1835.05,379.10,1908.91,532.99,7
5,player,672,0,0,1837.08,379.33,1910.50,533.22,7
5,player,673,0,0,1839.10,379.55,1912.08,533.44,7
5,player,674,0,0,1841.13,379.78,1913.66,533.67,7
5,player,675,0,0,1843.15,380.00,1915.25,533.89,7
5,player,676,0,0,1845.18,380.23,1916.83,534.12,7
5,player,677,0,0,1847.21,380.45,1918.42,534.34,7
5,player,678,0,0,1849.23,380.68,1920.00,534.57,7
5,player,679,0,0,1844.36,380.98,1915.13,534.87,7
5,player,680,0,0,1839.49,381.28,1910.25,535.17,7
5,player,681,0,0,1834.61,381.57,1905.38,535.46,7
5,player,682,0,0,1829.74,381.87,1900.51,535.76,7
5,player,683,0,0,1824.87,382.17,1895.64,536.06,7
5,player,684,0,0,1819.99,382.47,1890.76,536.36,7
5,player,685,0,0,1815.12,382.77,1885.89,536.66,7
5,player,686,0,0,1810.25,383.07,1881.02,536.96,7
5,player,687,0,0,1805.38,383.36,1876.14,537.25,7
5,player,688,0,0,1800.50,383.66,1871.27,537.55,7
5,player,689,0,0,1795.63,383.96,1866.40,537.85,7
5,player,690,0,0,1790.76,384.26,1861.53,538.15,7
5,player,691,0,0,1785.88,384.56,1856.65,538.45,7
5,player,692,0,0,1781.01,384.86,1851.78,538.75,7
5,player,693,0,0,1776.14,385.15,1846.91,539.04,7
5,player,694,0,0,1771.27,385.45,1842.03,539.34,7
5,player,695,0,0,1766.39,385.75,1837.16,539.64,7
5,player,696,0,0,1761.52,386.05,1832.29,539.94,7
5,player,697,0,0,1756.65,386.35,1827.42,540.24,7
5,player,698,0,0,1751.77,386.65,1822.54,540.54,7
5,player,699,0,0,1746.90,386.94,1817.67,540.83,7
5,player,700,0,0,1742.03,387.24,1812.80,541.13,7
5,player,701,0,0,1737.16,387.54,1807.92,541.43,7
5,player,702,0,0,1732.28,387.84,1803.05,541.73,7
5,player,703,0,0,1727.41,388.14,1798.18,542.03,7
5,player,704,0,0,1722.54,388.44,1793.31,542.33,7
5,player,705,0,0,1717.67,388.73,1788.43,542.62,7
5,player,706,0,0,1712.79,389.03,1783.56,542.92,7
5,player,707,0,0,1707.92,389.33,1778.69,543.22,7
5,player,708,0,0,1703.05,389.63,1773.82,543.52,7
5,player,709,0,0,1698.17,389.93,1768.94,543.82,7
5,player,710,0,0,1693.30,390.23,1764.07,544.12,7
5,player,711,0,0,1688.43,390.52,1759.20,544.41,7
5,player,712,0,0,1683.56,390.82,1754.32,544.71,7
5,player,713,0,0,1678.68,391.12,1749.45,545.01,7
5,player,714,0,0,1673.81,391.42,1744.58,545.31,7
5,player,715,0,0,1668.94,391.72,1739.71,545.61,7
5,player,716,0,0,1664.06,392.02,1734.83,545.91,7
5,player,717,0,0,1659.19,392.31,1729.96,546.20,7
5,player,718,0,0,1654.32,392.61,1725.09,546.50,7
5,player,719,0,0,1649.45,392.91,1720.21,546.80,7
5,player,720,0,0,1644.57,393.21,1715.34,547.10,7
5,player,721,0,0,1639.70,393.51,1710.47,547.40,7
5,player,722,0,0,1634.83,393.81,1705.60,547.70,7
5,player,723,0,0,1629.95,394.10,1700.72,547.99,7
5,player,724,0,0,1625.08,394.40,1695.85,548.29,7
5,player,725,0,0,1620.21,394.70,1690.98,548.59,7
5,player,726,0,0,1615.34,395.00,1686.10,548.89,7
5,player,727,0,0,1610.46,395.30,1681.23,549.19,7
5,player,728,0,0,1605.59,395.60,1676.36,549.49,7
5,player,729,0,0,1600.72,395.89,1671.49,549.78,7
5,player,730,0,0,1595.84,396.19,1666.61,550.08,7
5,player,731,0,0,1590.97,396.49,1661.74,550.38,7
5,player,732,0,0,1586.10,396.79,1656.87,550.68,7
5,player,733,0,0,1581.23,397.09,1651.99,550.98,7
5,player,734,0,0,1576.35,397.39,1647.12,551.28,7
5,player,735,0,0,1571.48,397.68,1642.25,551.57,7
5,player,736,0,0,1566.61,397.98,1637.38,551.87,7
5,player,737,0,0,1561.73,398.28,1632.50,552.17,7
5,player,738,0,0,1556.86,398.58,1627.63,552.47,7
5,player,739,0,0,1551.99,398.88,1622.76,552.77,7
5,player,740,0,0,1547.12,399.18,1617.88,553.07,7
5,player,741,0,0,1542.24,399.47,1613.01,553.36,7
5,player,742,0,0,1537.37,399.77,1608.14,553.66,7
5,player,743,0,0,1532.50,400.07,1603.27,553.96,7
5,player,744,0,0,1527.62,400.37,1598.39,554.26,7
5,player,745,0,0,1522.75,400.67,1593.52,554.56,7
5,player,746,0,0,1517.88,400.97,1588.65,554.86,7
5,player,747,0,0,1513.01,401.26,1583.77,555.15,7
5,player,748,0,0,1508.13,401.56,1578.90,555.45,7
5,player,749,0,0,1503.26,401.86,1574.03,555.75,7
5,player,750,0,0,1498.39,402.16,1569.16,556.05,7
5,player,751,0,0,1493.51,402.46,1564.28,556.35,7
5,player,752,0,0,1488.64,402.76,1559.41,556.65,7
5,player,753,0,0,1483.77,403.05,1554.54,556.94,7
5,player,754,0,0,1478.90,403.35,1549.66,557.24,7
5,player,755,0,0,1474.02,403.65,1544.79,557.54,7
5,player,756,0,0,1469.15,403.95,1539.92,557.84,7
5,player,757,0,0,1464.28,404.25,1535.05,558.14,7
5,player,758,0,0,1459.40,404.54,1530.17,558.44,7
5,player,759,0,0,1454.53,404.84,1525.30,558.73,7
5,player,760,0,0,1449.66,405.14,1520.43,559.03,7
5,player,761,0,0,1444.79,405.44,1515.56,559.33,7
5,player,762,0,0,1439.91,405.74,1510.68,559.63,7
5,player,763,0,0,1435.04,406.04,1505.81,559.93,7
5,player,764,0,0,1430.17,406.33,1500.94,560.23,7
5,player,765,0,0,1429.20,408.86,1499.96,562.75,7
5,player,766,0,0,1428.22,411.39,1498.99,565.28,7
5,player,767,0,0,1427.25,413.92,1498.02,567.81,7
5,player,768,0,0,1426.28,416.44,1497.05,570.33,7
5,player,769,0,0,1425.31,418.97,1496.08,572.86,7
5,player,770,0,0,1424.34,421.50,1495.11,575.39,7
5,player,771,0,0,1423.36,424.02,1494.13,577.91,7
5,player,772,0,0,1422.39,426.55,1493.16,580.44,7
5,player,773,0,0,1421.42,429.08,1492.19,582.97,7
5,player,774,0,0,1420.45,431.60,1491.22,585.49,7
5,player,775,0,0,1419.48,434.13,1490.25,588.02,7
5,player,776,0,0,1418.51,436.66,1489.27,590.55,7
5,player,777,0,0,1417.53,439.18,1488.30,593.07,7
5,player,778,0,0,1416.56,441.71,1487.33,595.60,7
5,player,779,0,0,1415.59,444.24,1486.36,598.13,7
5,player,780,0,0,1414.62,446.76,1485.39,600.65,7
5,player,781,0,0,1413.65,449.29,1484.41,603.18,7
5,player,782,0,0,1412.67,451.82,1483.44,605.71,7
5,player,783,0,0,1411.70,454.34,1482.47,608.24,7
5,player,784,0,0,1410.73,456.87,1481.50,610.76,7
5,player,785,0,0,1409.76,459.40,1480.53,613.29,7
5,player,786,0,0,1408.79,461.92,1479.56,615.82,7
5,player,787,0,0,1400.23,459.79,1471.00,613.68,7
5,player,788,0,0,1398.10,459.55,1468.86,613.44,7
5,player,789,0,0,1395.96,459.31,1466.73,613.20,7
5,player,790,0,0,1393.82,459.07,1464.59,612.96,7
5,player,791,0,0,1391.68,458.84,1462.45,612.73,7
5,player,792,0,0,1389.54,458.60,1460.31,612.49,7
5,player,793,0,0,1387.40,458.36,1458.17,612.25,7
5,player,794,0,0,1385.27,458.12,1456.04,612.01,7
5,player,795,0,0,1383.13,457.89,1453.90,611.78,7
5,player,796,0,0,1380.99,457.65,1451.76,611.54,7
5,player,797,0,0,1378.03,458.09,1448.80,611.98,7
5,player,798,0,0,1375.08,458.53,1445.85,612.42,7
5,player,799,0,0,1372.12,458.97,1442.89,612.86,7
5,player,800,0,0,1369.17,459.41,1439.94,613.30,7
5,player,801,0,0,1366.21,459.85,1436.98,613.74,7
5,player,802,0,0,1363.26,460.29,1434.03,614.18,7
5,player,803,0,0,1360.30,460.73,1431.07,614.62,7
5,player,804,0,0,1357.35,461.17,1428.11,615.06,7
5,player,805,0,0,1354.39,461.61,1425.16,615.50,7
5,player,806,0,0,1351.43,462.05,1422.20,615.94,7
5,player,807,0,0,1348.48,462.49,1419.25,616.38,7
5,player,808,0,0,1345.52,462.93,1416.29,616.82,7
5,player,809,0,0,1342.57,463.37,1413.34,617.26,7
5,player,810,0,0,1339.61,463.81,1410.38,617.70,7
5,player,811,0,0,1336.66,464.25,1407.42,618.14,7
5,player,812,0,0,1333.70,464.69,1404.47,618.58,7
5,player,813,0,0,1330.75,465.13,1401.51,619.02,7
5,player,814,0,0,1327.79,465.57,1398.56,619.46,7
5,player,815,0,0,1324.83,466.01,1395.60,619.90,7
5,player,816,0,0,1321.88,466.45,1392.65,620.34,7
5,player,817,0,0,1318.92,466.89,1389.69,620.78,7
5,player,818,0,0,1315.97,467.33,1386.74,621.22,7
5,player,819,0,0,1313.01,467.77,1383.78,621.66,7
5,player,820,0,0,1310.06,468.21,1380.82,622.10,7
5,player,821,0,0,1307.10,468.65,1377.87,622.54,7
5,player,822,0,0,1304.14,469.09,1374.91,622.98,7
5,player,823,0,0,1301.19,469.53,1371.96,623.42,7
5,player,824,0,0,1298.23,469.97,1369.00,623.86,7
5,player,825,0,0,1295.28,470.41,1366.05,624.31,7
5,player,826,0,0,1292.32,470.85,1363.09,624.75,7
5,player,827,0,0,1289.37,471.29,1360.14,625.19,7
5,player,828,0,0,1286.41,471.73,1357.18,625.63,7
5,player,829,0,0,1283.46,472.18,1354.22,626.07,7
5,player,830,0,0,1280.50,472.62,1351.27,626.51,7
5,player,831,0,0,1277.65,475.47,1348.42,629.36,7
5,player,832,0,0,1274.80,478.32,1345.57,632.21,7
5,player,833,0,0,1271.95,481.17,1342.72,635.06,7
5,player,834,0,0,1266.64,479.99,1337.41,633.88,7
5,player,835,0,0,1261.33,478.81,1332.10,632.70,7
5,player,836,0,0,1256.02,477.63,1326.79,631.52,7
5,player,837,0,0,1250.71,476.45,1321.48,630.34,7
5,player,838,0,0,1245.41,475.27,1316.17,629.16,7
5,player,839,0,0,1240.10,474.09,1310.87,627.98,7
5,player,840,0,0,1234.79,472.91,1305.56,626.80,7
5,player,841,0,0,1229.48,471.73,1300.25,625.62,7
5,player,842,0,0,1224.17,470.55,1294.94,624.44,7
5,player,843,0,0,1218.86,469.37,1289.63,623.26,7
5,player,844,0,0,1213.56,468.19,1284.32,622.08,7
5,player,845,0,0,1208.25,467.01,1279.02,620.90,7
5,player,846,0,0,1202.94,465.83,1273.71,619.72,7
5,player,847,0,0,1197.63,464.65,1268.40,618.54,7
5,player,848,0,0,1192.32,463.47,1263.09,617.36,7
5,player,849,0,0,1187.01,462.29,1257.78,616.18,7
5,player,850,0,0,1181.71,461.11,1252.47,615.00,7
5,player,851,0,0,1176.40,459.93,1247.17,613.83,7
5,player,852,0,0,1171.09,458.75,1241.86,612.65,7
5,player,853,0,0,1165.78,457.58,1236.55,611.47,7
5,player,854,0,0,1160.47,456.40,1231.24,610.29,7
5,player,855,0,0,1155.16,455.22,1225.93,609.11,7
5,player,856,0,0,1149.86,454.04,1220.62,607.93,7
5,player,857,0,0,1144.55,452.86,1215.32,606.75,7
5,player,858,0,0,1139.24,451.68,1210.01,605.57,7
5,player,859,0,0,1133.93,450.50,1204.70,604.39,7
5,player,860,0,0,1128.62,449.32,1199.39,603.21,7
5,player,861,0,0,1123.31,448.14,1194.08,602.03,7
5,player,862,0,0,1118.01,446.96,1188.77,600.85,7
5,player,863,0,0,1112.70,445.78,1183.47,599.67,7
5,player,864,0,0,1107.39,444.60,1178.16,598.49,7
5,player,865,0,0,1102.08,443.42,1172.85,597.31,7
5,player,866,0,0,1096.77,442.24,1167.54,596.13,7
5,player,867,0,0,1091.46,441.06,1162.23,594.95,7
5,player,868,0,0,1086.16,439.88,1156.92,593.77,7
5,player,869,0,0,1080.85,438.70,1151.62,592.59,7
5,player,870,0,0,1075.54,437.52,1146.31,591.41,7
5,player,871,0,0,1070.23,436.34,1141.00,590.23,7
5,player,872,0,0,1064.92,435.16,1135.69,589.05,7
5,player,873,0,0,1059.61,433.98,1130.38,587.87,7
5,player,874,0,0,1054.31,432.80,1125.07,586.69,7
5,player,875,0,0,1049.00,431.62,1119.77,585.51,7
5,player,876,0,0,1043.69,430.44,1114.46,584.33,7
5,player,877,0,0,1038.38,429.26,1109.15,583.15,7
5,player,878,0,0,1033.07,428.08,1103.84,581.98,7
5,player,879,0,0,1027.76,426.90,1098.53,580.80,7
5,player,880,0,0,1022.46,425.73,1093.22,579.62,7
5,player,881,0,0,1017.15,424.55,1087.92,578.44,7
5,player,882,0,0,1011.84,423.37,1082.61,577.26,7
5,player,883,0,0,1006.53,422.19,1077.30,576.08,7
5,player,884,0,0,1001.22,421.01,1071.99,574.90,7
5,player,885,0,0,995.91,419.83,1066.68,573.72,7
5,player,886,0,0,990.61,418.65,1061.37,572.54,7
5,player,887,0,0,985.30,417.47,1056.07,571.36,7
5,player,888,0,0,979.99,416.29,1050.76,570.18,7
5,player,889,0,0,974.68,415.11,1045.45,569.00,7
5,player,890,0,0,969.37,413.93,1040.14,567.82,7
5,player,891,0,0,964.06,412.75,1034.83,566.64,7
5,player,892,0,0,964.06,412.75,1034.83,566.64,7
5,player,893,0,0,964.06,412.75,1034.83,566.64,7
5,player,894,0,0,964.06,412.75,1034.83,566.64,7
5,player,895,0,0,964.06,412.75,1034.83,566.64,7
5,player,896,0,0,964.06,412.75,1034.83,566.64,7
5,player,897,0,0,964.06,412.75,1034.83,566.64,7
5,player,898,0,0,964.06,412.75,1034.83,566.64,7
5,player,899,0,0,964.06,412.75,1034.83,566.64,7
6,player,7,0,0,1527.67,396.76,1598.22,554.96,14
6,player,8,0,0,1530.63,398.40,1601.18,556.60,14
6,player,9,0,0,1533.59,400.05,1604.14,558.25,14
6,player,10,0,0,1536.55,401.69,1607.10,559.89,14
6,player,11,0,0,1539.51,403.34,1610.06,561.54,14
6,player,12,0,0,1542.47,404.98,1613.02,563.18,14
6,player,13,0,0,1545.43,406.63,1615.98,564.82,14
6,player,14,0,0,1548.39,408.27,1618.94,566.47,14
6,player,15,0,0,1551.35,409.92,1621.90,568.11,14
6,player,16,0,0,1554.31,411.56,1624.86,569.76,14
6,player,17,0,0,1557.27,413.21,1627.82,571.40,14
6,player,18,0,0,1560.23,414.85,1630.78,573.05,14
6,player,19,0,0,1563.19,416.50,1633.74,574.69,14
6,player,20,0,0,1566.15,418.14,1636.70,576.34,14
6,player,21,0,0,1566.99,419.70,1637.54,577.89,14
6,player,22,0,0,1567.84,421.25,1638.39,579.45,14
6,player,23,0,0,1568.68,422.81,1639.23,581.00,14
6,player,24,0,0,1569.52,424.36,1640.07,582.56,14
6,player,25,0,0,1570.36,425.92,1640.91,584.11,14
6,player,26,0,0,1571.21,427.47,1641.76,585.67,14
6,player,27,0,0,1572.05,429.03,1642.60,587.22,14
6,player,28,0,0,1572.89,430.58,1643.44,588.78,14
6,player,29,0,0,1573.73,432.14,1644.28,590.33,14
6,player,30,0,0,1574.58,433.69,1645.12,591.89,14
6,player,31,0,0,1575.42,435.25,1645.97,593.44,14
6,player,32,0,0,1576.26,436.80,1646.81,595.00,14
6,player,33,0,0,1577.10,438.36,1647.65,596.55,14
6,player,34,0,0,1577.94,439.91,1648.49,598.11,14
6,player,35,0,0,1578.79,441.46,1649.34,599.66,14
6,player,36,0,0,1579.63,443.02,1650.18,601.22,14
6,player,37,0,0,1580.47,444.57,1651.02,602.77,14
6,player,38,0,0,1581.31,446.13,1651.86,604.33,14
6,player,39,0,0,1582.16,447.68,1652.70,605.88,14
6,player,40,0,0,1583.00,449.24,1653.55,607.44,14
6,player,41,0,0,1583.84,450.79,1654.39,608.99,14
6,player,42,0,0,1584.68,452.35,1655.23,610.55,14
6,player,43,0,0,1585.52,453.90,1656.07,612.10,14
6,player,44,0,0,1586.37,455.46,1656.92,613.66,14
6,player,45,0,0,1587.21,457.01,1657.76,615.21,14
6,player,46,0,0,1588.05,458.57,1658.60,616.77,14
6,player,47,0,0,1588.89,460.12,1659.44,618.32,14
6,player,48,0,0,1589.74,461.68,1660.29,619.88,14
6,player,49,0,0,1590.58,463.23,1661.13,621.43,14
6,player,50,0,0,1591.42,464.79,1661.97,622.99,14
6,player,51,0,0,1592.26,466.34,1662.81,624.54,14
6,player,52,0,0,1593.10,467.90,1663.65,626.10,14
6,player,53,0,0,1593.95,469.45,1664.50,627.65,14
6,player,54,0,0,1593.95,469.45,1665.21,628.36,14
6,player,55,0,0,1593.95,469.45,1665.92,629.07,14
6,player,56,0,0,1593.95,469.45,1666.64,629.78,14
6,player,57,0,0,1593.95,469.45,1667.35,630.49,14
6,player,58,0,0,1593.95,469.45,1668.06,631.20,14
6,player,59,0,0,1593.95,469.45,1668.78,631.91,14
6,player,60,0,0,1593.95,469.45,1669.49,632.62,14
6,player,61,0,0,1593.95,469.45,1670.21,633.33,14
6,player,62,0,0,1593.95,469.45,1670.92,634.04,14
6,player,63,0,0,1593.95,469.45,1671.63,634.75,14
6,player,64,0,0,1593.95,469.45,1672.35,635.46,14
6,player,65,0,0,1593.95,469.45,1673.06,636.17,14
6,player,66,0,0,1593.95,469.45,1673.77,636.88,14
6,player,67,0,0,1593.95,469.45,1674.49,637.59,14
6,player,68,0,0,1593.95,469.45,1675.20,638.30,14
6,player,69,0,0,1592.27,469.45,1673.52,638.30,14
6,player,70,0,0,1590.59,469.45,1671.84,638.30,14
6,player,71,0,0,1588.91,469.45,1670.16,638.30,14
6,player,72,0,0,1587.23,469.45,1668.48,638.30,14
6,player,73,0,0,1585.55,469.45,1666.80,638.30,14
6,player,74,0,0,1583.87,469.45,1665.12,638.30,14
6,player,75,0,0,1582.19,469.45,1663.44,638.30,14
6,player,76,0,0,1580.51,469.45,1661.76,638.30,14
6,player,77,0,0,1578.83,469.45,1660.08,638.30,14
6,player,78,0,0,1577.15,469.45,1658.40,638.30,14
6,player,79,0,0,1575.47,469.45,1656.72,638.30,14
6,player,80,0,0,1573.79,469.45,1655.04,638.30,14
6,player,81,0,0,1572.11,469.45,1653.36,638.30,14
6,player,82,0,0,1570.43,469.45,1651.68,638.30,14
6,player,83,0,0,1568.75,469.45,1650.00,638.30,14
6,player,84,0,0,1567.07,469.45,1648.32,638.30,14
6,player,85,0,0,1565.39,469.45,1646.64,638.30,14
6,player,86,0,0,1563.71,469.45,1644.96,638.30,14
6,player,87,0,0,1562.03,469.45,1643.28,638.30,14
6,player,88,0,0,1560.35,469.45,1641.60,638.30,14
6,player,89,0,0,1558.67,469.45,1639.92,638.30,14
6,player,90,0,0,1556.99,469.45,1638.24,638.30,14
6,player,91,0,0,1555.31,469.45,1636.56,638.30,14
6,player,92,0,0,1553.63,469.45,1634.88,638.30,14
6,player,93,0,0,1551.95,469.45,1633.20,638.30,14
6,player,94,0,0,1550.27,469.45,1631.52,638.30,14
6,player,95,0,0,1548.59,469.45,1629.84,638.30,14
6,player,96,0,0,1546.91,469.45,1628.16,638.30,14
6,player,97,0,0,1542.33,467.62,1623.58,636.47,14
6,player,98,0,0,1537.75,465.79,1619.00,634.63,14
6,player,99,0,0,1533.16,463.96,1614.42,632.80,14
6,player,100,0,0,1528.58,462.12,1609.84,630.97,14
6,player,101,0,0,1524.00,460.29,1605.25,629.14,14
6,player,102,0,0,1519.42,458.46,1600.67,627.30,14
6,player,103,0,0,1514.84,456.62,1596.09,625.47,14
6,player,104,0,0,1507.95,453.54,1589.20,622.38,14
6,player,105,0,0,1501.06,450.45,1582.31,619.29,14
6,player,106,0,0,1494.17,447.36,1575.42,616.21,14
6,player,107,0,0,1487.28,444.27,1568.53,613.12,14
6,player,108,0,0,1480.39,441.18,1561.64,610.03,14
6,player,109,0,0,1473.50,438.09,1554.75,606.94,14
6,player,110,0,0,1466.61,435.01,1547.86,603.85,14
6,player,111,0,0,1459.72,431.92,1540.98,600.76,14
6,player,112,0,0,1452.83,428.83,1534.09,597.68,14
6,player,113,0,0,1444.61,426.03,1525.86,594.88,14
6,player,114,0,0,1436.39,423.24,1517.64,592.08,14
6,player,115,0,0,1428.16,420.44,1509.42,589.29,14
6,player,116,0,0,1419.94,417.65,1501.19,586.49,14
6,player,117,0,0,1411.72,414.85,1492.97,583.70,14
6,player,118,0,0,1403.49,412.05,1484.75,580.90,14
6,player,119,0,0,1395.27,409.26,1476.52,578.10,14
6,player,120,0,0,1387.05,406.46,1468.30,575.31,14
6,player,121,0,0,1378.82,403.67,1460.08,572.51,14
6,player,122,0,0,1370.60,400.87,1451.85,569.72,14
6,player,123,0,0,1362.38,398.07,1443.63,566.92,14
6,player,124,0,0,1354.15,395.28,1435.40,564.12,14
6,player,125,0,0,1345.93,392.48,1427.18,561.33,14
6,player,126,0,0,1337.57,391.29,1418.82,560.13,14
6,player,127,0,0,1329.20,390.09,1410.45,558.94,14
6,player,128,0,0,1320.84,388.90,1402.09,557.74,14
6,player,129,0,0,1312.47,387.70,1393.73,556.55,14
6,player,130,0,0,1304.11,386.51,1385.36,555.35,14
6,player,131,0,0,1295.75,385.31,1377.00,554.16,14
6,player,132,0,0,1287.38,384.12,1368.64,552.96,14
6,player,133,0,0,1279.02,382.92,1360.27,551.77,14
6,player,134,0,0,1270.66,381.73,1351.91,550.57,14
6,player,135,0,0,1262.29,380.53,1343.54,549.38,14
6,player,136,0,0,1253.93,379.34,1335.18,548.19,14
6,player,137,0,0,1245.56,378.14,1326.82,546.99,14
6,player,138,0,0,1237.20,376.95,1318.45,545.80,14
6,player,139,0,0,1228.84,375.75,1310.09,544.60,14
6,player,140,0,0,1220.47,374.56,1301.73,543.41,14
6,player,141,0,0,1212.11,373.37,1293.36,542.21,14
6,player,142,0,0,1203.75,372.17,1285.00,541.02,14
6,player,143,0,0,1195.38,370.98,1276.64,539.82,14
6,player,144,0,0,1187.02,369.78,1268.27,538.63,14
6,player,145,0,0,1178.66,368.59,1259.91,537.43,14
6,player,146,0,0,1170.29,367.39,1251.54,536.24,14
6,player,147,0,0,1161.93,366.20,1243.18,535.04,14
6,player,148,0,0,1153.56,365.00,1234.82,533.85,14
6,player,149,0,0,1145.20,363.81,1226.45,532.65,14
6,player,150,0,0,1136.84,362.61,1218.09,531.46,14
6,player,151,0,0,1128.47,361.42,1209.73,530.26,14
6,player,152,0,0,1120.11,360.22,1201.36,529.07,14
6,player,153,0,0,1111.75,359.03,1193.00,527.87,14
6,player,154,0,0,1103.38,357.83,1184.63,526.68,14
6,player,155,0,0,1095.02,356.64,1176.27,525.48,14
6,player,156,0,0,1086.65,355.44,1167.91,524.29,14
6,player,157,0,0,1078.29,354.25,1159.54,523.09,14
6,player,158,0,0,1069.93,353.05,1151.18,521.90,14
6,player,159,0,0,1061.56,351.86,1142.82,520.70,14
6,player,160,0,0,1053.30,352.55,1134.67,520.47,14
6,player,161,0,0,1045.04,353.25,1126.52,520.24,14
6,player,162,0,0,1036.77,353.94,1118.38,520.01,14
6,player,163,0,0,1028.51,354.63,1110.23,519.78,14
6,player,164,0,0,1020.25,355.33,1102.08,519.56,14
6,player,165,0,0,1011.98,356.02,1093.94,519.33,14
6,player,166,0,0,1003.72,356.71,1085.79,519.10,14
6,player,167,0,0,995.46,357.41,1077.65,518.87,14
6,player,168,0,0,987.19,358.10,1069.50,518.64,14
6,player,169,0,0,978.93,358.79,1061.35,518.41,14
6,player,170,0,0,970.67,359.49,1053.21,518.18,14
6,player,171,0,0,962.40,360.18,1045.06,517.95,14
6,player,172,0,0,954.14,360.87,1036.91,517.72,14
6,player,173,0,0,945.88,361.57,1028.77,517.49,14
6,player,174,0,0,937.61,362.26,1020.62,517.26,14
6,player,175,0,0,929.35,362.95,1012.47,517.03,14
6,player,176,0,0,921.09,363.65,1004.33,516.80,14
6,player,177,0,0,912.82,364.34,996.18,516.57,14
6,player,178,0,0,904.56,365.03,988.03,516.34,14
6,player,179,0,0,896.30,365.73,979.89,516.11,14
6,player,180,0,0,888.03,366.42,971.74,515.88,14
6,player,181,0,0,879.77,367.11,963.60,515.65,14
6,player,182,0,0,871.51,367.81,955.45,515.42,14
6,player,183,0,0,863.24,368.50,947.30,515.19,14
6,player,184,0,0,854.98,369.19,939.16,514.96,14
6,player,185,0,0,846.71,369.89,931.01,514.73,14
6,player,186,0,0,838.45,370.58,922.86,514.50,14
6,player,187,0,0,830.19,371.27,914.72,514.27,14
6,player,188,0,0,821.92,371.97,906.57,514.04,14
6,player,189,0,0,813.66,372.66,898.42,513.81,14
6,player,190,0,0,805.40,373.35,890.28,513.58,14
6,player,191,0,0,797.13,374.05,882.13,513.35,14
6,player,192,0,0,788.87,374.74,873.99,513.12,14
6,player,193,0,0,780.61,375.44,865.84,512.89,14
6,player,194,0,0,772.34,376.13,857.69,512.66,14
6,player,195,0,0,764.08,376.82,849.55,512.43,14
6,player,196,0,0,755.82,377.52,841.40,512.20,14
6,player,197,0,0,756.00,377.65,841.59,512.34,14
6,player,198,0,0,756.19,377.79,841.77,512.47,14
6,player,199,0,0,756.38,377.92,841.96,512.61,14
6,player,200,0,0,756.56,378.06,842.15,512.74,14
6,player,201,0,0,756.75,378.19,842.33,512.88,14
6,player,202,0,0,756.94,378.33,842.52,513.01,14
6,player,203,0,0,757.12,378.47,842.71,513.15,14
6,player,204,0,0,757.31,378.60,842.89,513.29,14
6,player,205,0,0,757.50,378.74,843.08,513.42,14
6,player,206,0,0,757.68,378.87,843.27,513.56,14
6,player,207,0,0,757.87,379.01,843.45,513.69,14
6,player,208,0,0,758.06,379.14,843.64,513.83,14
6,player,209,0,0,758.24,379.28,843.83,513.96,14
6,player,210,0,0,758.43,379.42,844.01,514.10,14
6,player,211,0,0,758.62,379.55,844.20,514.24,14
6,player,212,0,0,758.80,379.69,844.39,514.37,14
6,player,213,0,0,758.99,379.82,844.57,514.51,14
6,player,214,0,0,759.18,379.96,844.76,514.64,14
6,player,215,0,0,767.68,380.93,853.26,515.61,14
6,player,216,0,0,776.18,381.89,861.76,516.58,14
6,player,217,0,0,784.68,382.86,870.26,517.54,14
6,player,218,0,0,793.18,383.83,878.77,518.51,14
6,player,219,0,0,801.68,384.80,887.27,519.48,14
6,player,220,0,0,810.19,385.76,895.77,520.45,14
6,player,221,0,0,818.69,386.73,904.27,521.41,14
6,player,222,0,0,827.19,387.70,912.77,522.38,14
6,player,223,0,0,835.69,388.66,921.27,523.35,14
6,player,224,0,0,844.19,389.63,929.77,524.32,14
6,player,225,0,0,852.69,390.60,938.28,525.28,14
6,player,226,0,0,861.19,391.57,946.78,526.25,14
6,player,227,0,0,869.70,392.53,955.28,527.22,14
6,player,228,0,0,878.20,393.50,963.78,528.18,14
6,player,229,0,0,886.70,394.47,972.28,529.15,14
6,player,230,0,0,895.20,395.43,980.78,530.12,14
6,player,231,0,0,903.70,396.40,989.28,531.09,14
6,player,232,0,0,912.20,397.37,997.79,532.05,14
6,player,233,0,0,920.70,398.34,1006.29,533.02,14
6,player,234,0,0,929.21,399.30,1014.79,533.99,14
6,player,235,0,0,937.71,400.27,1023.29,534.95,14
6,player,236,0,0,946.21,401.24,1031.79,535.92,14
6,player,237,0,0,954.71,402.20,1040.29,536.89,14
6,player,238,0,0,963.21,403.17,1048.79,537.86,14
6,player,239,0,0,970.91,403.17,1056.49,537.86,14
6,player,240,0,0,978.61,403.17,1064.19,537.86,14
6,player,241,0,0,986.30,403.17,1071.89,537.86,14
6,player,242,0,0,994.00,403.17,1079.58,537.86,14
6,player,243,0,0,1001.70,403.17,1087.28,537.86,14
6,player,244,0,0,1009.39,403.17,1094.98,537.86,14
6,player,245,0,0,1017.09,403.17,1102.67,537.86,14
6,player,246,0,0,1024.79,403.17,1110.37,537.86,14
6,player,247,0,0,1032.49,403.17,1118.07,537.86,14
6,player,248,0,0,1040.18,403.17,1125.77,537.86,14
6,player,249,0,0,1048.50,404.36,1134.08,539.04,14
6,player,250,0,0,1056.81,405.55,1142.39,540.23,14
6,player,251,0,0,1065.13,406.74,1150.71,541.42,14
6,player,252,0,0,1073.44,407.92,1159.02,542.61,14
6,player,253,0,0,1081.76,409.11,1167.34,543.80,14
6,player,254,0,0,1090.07,410.30,1175.65,544.98,14
6,player,255,0,0,1098.39,411.49,1183.97,546.17,14
6,player,256,0,0,1106.70,412.67,1192.28,547.36,14
6,player,257,0,0,1115.02,413.86,1200.60,548.55,14
6,player,258,0,0,1121.43,419.21,1207.01,553.89,14
6,player,259,0,0,1127.84,424.55,1213.43,559.24,14
6,player,260,0,0,1134.26,429.90,1219.84,564.58,14
6,player,261,0,0,1140.67,435.24,1226.26,569.93,14
6,player,262,0,0,1151.36,435.24,1236.95,569.93,14
6,player,263,0,0,1162.05,435.24,1247.64,569.93,14
6,player,264,0,0,1168.47,435.55,1254.05,570.23,14
6,player,265,0,0,1174.88,435.85,1260.46,570.54,14
6,player,266,0,0,1181.30,436.16,1266.88,570.84,14
6,player,267,0,0,1187.71,436.46,1273.29,571.15,14
6,player,268,0,0,1194.12,436.77,1279.71,571.45,14
6,player,269,0,0,1200.54,437.07,1286.12,571.76,14
6,player,270,0,0,1206.95,437.38,1292.54,572.06,14
6,player,271,0,0,1224.06,438.24,1309.64,572.92,14
6,player,272,0,0,1241.16,439.09,1326.75,573.77,14
6,player,273,0,0,1258.27,439.95,1343.85,574.63,14
6,player,274,0,0,1275.37,440.80,1360.95,575.49,14
6,player,275,0,0,1292.48,441.66,1378.06,576.34,14
6,player,276,0,0,1305.84,441.39,1391.42,576.07,14
6,player,277,0,0,1319.20,441.12,1404.79,575.81,14
6,player,278,0,0,1332.57,440.85,1418.15,575.54,14
6,player,279,0,0,1345.93,440.59,1431.51,575.27,14
6,player,280,0,0,1359.29,440.32,1444.87,575.00,14
6,player,281,0,0,1372.65,440.05,1458.24,574.74,14
6,player,282,0,0,1386.02,439.78,1471.60,574.47,14
6,player,283,0,0,1399.38,439.52,1484.96,574.20,14
6,player,284,0,0,1416.49,434.17,1502.07,568.86,14
6,player,285,0,0,1433.59,428.83,1519.17,563.51,14
6,player,286,0,0,1443.42,428.83,1529.01,563.51,14
6,player,287,0,0,1453.26,428.83,1538.84,563.51,14
6,player,288,0,0,1463.10,428.83,1548.68,563.51,14
6,player,289,0,0,1472.93,428.83,1558.51,563.51,14
6,player,290,0,0,1482.77,428.83,1568.35,563.51,14
6,player,291,0,0,1492.60,428.83,1578.18,563.51,14
6,player,292,0,0,1502.44,428.83,1588.02,563.51,14
6,player,293,0,0,1512.27,428.83,1597.85,563.51,14
6,player,294,0,0,1522.11,428.83,1607.69,563.51,14
6,player,295,0,0,1531.94,428.83,1617.52,563.51,14
6,player,296,0,0,1535.31,426.44,1620.90,561.13,14
6,player,297,0,0,1538.68,424.06,1624.27,558.74,14
6,player,298,0,0,1542.06,421.67,1627.64,556.36,14
6,player,299,0,0,1545.43,419.29,1631.01,553.97,14
6,player,300,0,0,1548.80,416.90,1634.38,551.59,14
6,player,301,0,0,1552.17,414.52,1637.75,549.20,14
6,player,302,0,0,1555.54,412.13,1641.13,546.82,14
6,player,303,0,0,1558.91,409.75,1644.50,544.43,14
6,player,304,0,0,1562.29,407.36,1647.87,542.05,14
6,player,305,0,0,1565.66,404.98,1651.24,539.66,14
6,player,306,0,0,1569.03,402.59,1654.61,537.28,14
6,player,307,0,0,1572.40,400.21,1657.98,534.89,14
6,player,308,0,0,1575.77,397.82,1661.35,532.51,14
6,player,309,0,0,1579.14,395.44,1664.73,530.12,14
6,player,310,0,0,1582.52,393.06,1668.10,527.74,14
6,player,311,0,0,1585.89,390.67,1671.47,525.35,14
6,player,312,0,0,1589.26,388.29,1674.84,522.97,14
6,player,313,0,0,1592.63,385.90,1678.21,520.59,14
6,player,314,0,0,1596.00,383.52,1681.58,518.20,14
6,player,315,0,0,1599.37,381.13,1684.96,515.82,14
6,player,316,0,0,1602.74,378.75,1688.33,513.43,14
6,player,317,0,0,1606.12,376.36,1691.70,511.05,14
6,player,318,0,0,1609.49,373.98,1695.07,508.66,14
6,player,319,0,0,1612.86,371.59,1698.44,506.28,14
6,player,320,0,0,1616.23,369.21,1701.81,503.89,14
6,player,321,0,0,1619.60,366.82,1705.19,501.51,14
6,player,322,0,0,1613.85,366.88,1699.43,501.56,14
6,player,323,0,0,1608.10,366.94,1693.68,501.62,14
6,player,324,0,0,1602.35,366.99,1687.93,501.68,14
6,player,325,0,0,1596.59,367.05,1682.18,501.73,14
6,player,326,0,0,1590.84,367.11,1676.43,501.79,14
6,player,327,0,0,1585.09,367.16,1670.67,501.85,14
6,player,328,0,0,1579.34,367.22,1664.92,501.90,14
6,player,329,0,0,1573.59,367.28,1659.17,501.96,14
6,player,330,0,0,1567.83,367.33,1653.42,502.02,14
6,player,331,0,0,1562.08,367.39,1647.67,502.07,14
6,player,332,0,0,1556.33,367.45,1641.91,502.13,14
6,player,333,0,0,1550.58,367.50,1636.16,502.19,14
6,player,334,0,0,1544.83,367.56,1630.41,502.24,14
6,player,335,0,0,1539.07,367.62,1624.66,502.30,14
6,player,336,0,0,1533.32,367.67,1618.90,502.36,14
6,player,337,0,0,1527.57,367.73,1613.15,502.41,14
6,player,338,0,0,1521.82,367.79,1607.40,502.47,14
6,player,339,0,0,1516.07,367.84,1601.65,502.53,14
6,player,340,0,0,1510.31,367.90,1595.90,502.59,14
6,player,341,0,0,1504.56,367.96,1590.14,502.64,14
6,player,342,0,0,1498.81,368.01,1584.39,502.70,14
6,player,343,0,0,1493.06,368.07,1578.64,502.76,14
6,player,344,0,0,1487.31,368.13,1572.89,502.81,14
6,player,345,0,0,1481.55,368.18,1567.14,502.87,14
6,player,346,0,0,1475.80,368.24,1561.38,502.93,14
6,player,347,0,0,1470.05,368.30,1555.63,502.98,14
6,player,348,0,0,1464.30,368.36,1549.88,503.04,14
6,player,349,0,0,1458.55,368.41,1544.13,503.10,14
6,player,350,0,0,1452.79,368.47,1538.38,503.15,14
6,player,351,0,0,1447.04,368.53,1532.62,503.21,14
6,player,352,0,0,1441.29,368.58,1526.87,503.27,14
6,player,353,0,0,1435.54,368.64,1521.12,503.32,14
6,player,354,0,0,1429.79,368.70,1515.37,503.38,14
6,player,355,0,0,1424.03,368.75,1509.62,503.44,14
6,player,356,0,0,1418.28,368.81,1503.86,503.49,14
6,player,357,0,0,1412.53,368.87,1498.11,503.55,14
6,player,358,0,0,1406.78,368.92,1492.36,503.61,14
6,player,359,0,0,1401.03,368.98,1486.61,503.66,14
6,player,360,0,0,1395.27,369.04,1480.86,503.72,14
6,player,361,0,0,1389.52,369.09,1475.10,503.78,14
6,player,362,0,0,1383.77,369.15,1469.35,503.83,14
6,player,363,0,0,1378.02,369.21,1463.60,503.89,14
6,player,364,0,0,1372.27,369.26,1457.85,503.95,14
6,player,365,0,0,1366.51,369.32,1452.10,504.00,14
6,player,366,0,0,1360.76,369.38,1446.34,504.06,14
6,player,367,0,0,1355.01,369.43,1440.59,504.12,14
6,player,368,0,0,1349.26,369.49,1434.84,504.17,14
6,player,369,0,0,1343.51,369.55,1429.09,504.23,14
6,player,370,0,0,1337.75,369.60,1423.34,504.29,14
6,player,371,0,0,1332.00,369.66,1417.58,504.35,14
6,player,372,0,0,1326.25,369.72,1411.83,504.40,14
6,player,373,0,0,1320.50,369.77,1406.08,504.46,14
6,player,374,0,0,1314.75,369.83,1400.33,504.52,14
6,player,375,0,0,1308.99,369.89,1394.58,504.57,14
6,player,376,0,0,1303.24,369.94,1388.82,504.63,14
6,player,377,0,0,1297.49,370.00,1383.07,504.69,14
6,player,378,0,0,1291.74,370.06,1377.32,504.74,14
6,player,379,0,0,1285.99,370.11,1371.57,504.80,14
6,player,380,0,0,1280.23,370.17,1365.82,504.86,14
6,player,381,0,0,1274.48,370.23,1360.06,504.91,14
6,player,382,0,0,1268.73,370.29,1354.31,504.97,14
6,player,383,0,0,1262.98,370.34,1348.56,505.03,14
6,player,384,0,0,1257.23,370.40,1342.81,505.08,14
6,player,385,0,0,1251.47,370.46,1337.06,505.14,14
6,player,386,0,0,1245.72,370.51,1331.30,505.20,14
6,player,387,0,0,1239.97,370.57,1325.55,505.25,14
6,player,388,0,0,1234.22,370.63,1319.80,505.31,14
6,player,389,0,0,1228.47,370.68,1314.05,505.37,14
6,player,390,0,0,1222.71,370.74,1308.30,505.42,14
6,player,391,0,0,1216.96,370.80,1302.54,505.48,14
6,player,392,0,0,1211.21,370.85,1296.79,505.54,14
6,player,393,0,0,1205.46,370.91,1291.04,505.59,14
6,player,394,0,0,1199.71,370.97,1285.29,505.65,14
6,player,395,0,0,1193.95,371.02,1279.54,505.71,14
6,player,396,0,0,1188.20,371.08,1273.78,505.76,14
6,player,397,0,0,1182.45,371.14,1268.03,505.82,14
6,player,398,0,0,1176.70,371.19,1262.28,505.88,14
6,player,399,0,0,1170.95,371.25,1256.53,505.93,14
6,player,400,0,0,1165.19,371.31,1250.78,505.99,14
6,player,401,0,0,1159.44,371.36,1245.02,506.05,14
6,player,402,0,0,1153.69,371.42,1239.27,506.11,14
6,player,403,0,0,1147.94,371.48,1233.52,506.16,14
6,player,404,0,0,1142.19,371.53,1227.77,506.22,14
6,player,405,0,0,1136.43,371.59,1222.02,506.28,14
6,player,406,0,0,1130.68,371.65,1216.26,506.33,14
6,player,407,0,0,1124.93,371.70,1210.51,506.39,14
6,player,408,0,0,1119.18,371.76,1204.76,506.45,14
6,player,409,0,0,1113.43,371.82,1199.01,506.50,14
6,player,410,0,0,1107.67,371.87,1193.26,506.56,14
6,player,411,0,0,1101.92,371.93,1187.50,506.62,14
6,player,412,0,0,1096.17,371.99,1181.75,506.67,14
6,player,413,0,0,1090.42,372.05,1176.00,506.73,14
6,player,414,0,0,1084.67,372.10,1170.25,506.79,14
6,player,415,0,0,1078.91,372.16,1164.50,506.84,14
6,player,416,0,0,1073.16,372.22,1158.74,506.90,14
6,player,417,0,0,1067.41,372.27,1152.99,506.96,14
6,player,418,0,0,1061.66,372.33,1147.24,507.01,14
6,player,419,0,0,1055.91,372.39,1141.49,507.07,14
6,player,420,0,0,1050.15,372.44,1135.74,507.13,14
6,player,421,0,0,1044.40,372.50,1129.98,507.18,14
6,player,422,0,0,1038.65,372.56,1124.23,507.24,14
6,player,423,0,0,1032.90,372.61,1118.48,507.30,14
6,player,424,0,0,1027.15,372.67,1112.73,507.35,14
6,player,425,0,0,1021.39,372.73,1106.98,507.41,14
6,player,426,0,0,1015.64,372.78,1101.22,507.47,14
6,player,427,0,0,1009.89,372.84,1095.47,507.52,14
6,player,428,0,0,1004.14,372.90,1089.72,507.58,14
6,player,429,0,0,998.39,372.95,1083.97,507.64,14
6,player,430,0,0,992.63,373.01,1078.22,507.69,14
6,player,431,0,0,986.88,373.07,1072.46,507.75,14
6,player,432,0,0,981.13,373.12,1066.71,507.81,14
6,player,433,0,0,975.38,373.18,1060.96,507.86,14
6,player,434,0,0,969.62,373.24,1055.21,507.92,14
6,player,435,0,0,970.01,374.86,1055.60,509.55,14
6,player,436,0,0,970.40,376.48,1055.99,511.17,14
6,player,437,0,0,970.79,378.11,1056.38,512.79,14
6,player,438,0,0,971.18,379.73,1056.77,514.42,14
6,player,439,0,0,971.57,381.35,1057.16,516.04,14
6,player,440,0,0,971.96,382.98,1057.55,517.66,14
6,player,441,0,0,972.35,384.60,1057.93,519.29,14
6,player,442,0,0,972.74,386.22,1058.32,520.91,14
6,player,443,0,0,973.13,387.85,1058.71,522.53,14
6,player,444,0,0,973.52,389.47,1059.10,524.16,14
6,player,445,0,0,973.91,391.09,1059.49,525.78,14
6,player,446,0,0,974.30,392.72,1059.88,527.40,14
6,player,447,0,0,974.69,394.34,1060.27,529.03,14
6,player,448,0,0,975.08,395.96,1060.66,530.65,14
6,player,449,0,0,975.47,397.59,1061.05,532.27,14
6,player,450,0,0,975.86,399.21,1061.44,533.90,14
6,player,451,0,0,976.25,400.83,1061.83,535.52,14
6,player,452,0,0,976.64,402.46,1062.22,537.14,14
6,player,453,0,0,977.03,404.08,1062.61,538.77,14
6,player,454,0,0,977.42,405.70,1063.00,540.39,14
6,player,455,0,0,977.81,407.33,1063.39,542.01,14
6,player,456,0,0,978.20,408.95,1063.78,543.64,14
6,player,457,0,0,978.59,410.57,1064.17,545.26,14
6,player,458,0,0,978.98,412.20,1064.56,546.88,14
6,player,459,0,0,979.36,413.82,1064.95,548.51,14
6,player,460,0,0,979.75,415.44,1065.34,550.13,14
6,player,461,0,0,980.14,417.07,1065.73,551.75,14
6,player,462,0,0,980.53,418.69,1066.12,553.38,14
6,player,463,0,0,980.92,420.32,1066.51,555.00,14
6,player,464,0,0,981.31,421.94,1066.90,556.62,14
6,player,465,0,0,981.70,423.56,1067.29,558.25,14
6,player,466,0,0,982.09,425.19,1067.67,559.87,14
6,player,467,0,0,982.48,426.81,1068.06,561.49,14
6,player,468,0,0,982.87,428.43,1068.45,563.12,14
6,player,469,0,0,983.26,430.06,1068.84,564.74,14
6,player,470,0,0,983.65,431.68,1069.23,566.36,14
6,player,471,0,0,988.97,432.73,1074.55,567.41,14
6,player,472,0,0,994.29,433.77,1079.87,568.46,14
6,player,473,0,0,999.61,434.82,1085.19,569.51,14
6,player,474,0,0,1004.93,435.87,1090.51,570.55,14
6,player,475,0,0,1010.25,436.92,1095.83,571.60,14
6,player,476,0,0,1015.57,437.97,1101.15,572.65,14
6,player,477,0,0,1020.89,439.01,1106.47,573.70,14
6,player,478,0,0,1026.21,440.06,1111.79,574.75,14
6,player,479,0,0,1031.53,441.11,1117.11,575.79,14
6,player,480,0,0,1036.85,442.16,1122.43,576.84,14
6,player,481,0,0,1042.17,443.21,1127.75,577.89,14
6,player,482,0,0,1047.49,444.25,1133.08,578.94,14
6,player,483,0,0,1052.81,445.30,1138.40,579.99,14
6,player,484,0,0,1058.13,446.35,1143.72,581.03,14
6,player,485,0,0,1063.45,447.40,1149.04,582.08,14
6,player,486,0,0,1068.77,448.45,1154.36,583.13,14
6,player,487,0,0,1074.09,449.49,1159.68,584.18,14
6,player,488,0,0,1079.41,450.54,1165.00,585.23,14
6,player,489,0,0,1084.73,451.59,1170.32,586.27,14
6,player,490,0,0,1090.05,452.64,1175.64,587.32,14
6,player,491,0,0,1095.37,453.69,1180.96,588.37,14
6,player,492,0,0,1100.69,454.73,1186.28,589.42,14
6,player,493,0,0,1106.01,455.78,1191.60,590.47,14
6,player,494,0,0,1111.33,456.83,1196.92,591.51,14
6,player,495,0,0,1116.65,457.88,1202.24,592.56,14
6,player,496,0,0,1121.98,458.92,1207.56,593.61,14
6,player,497,0,0,1127.30,459.97,1212.88,594.66,14
6,player,498,0,0,1132.62,461.02,1218.20,595.70,14
6,player,499,0,0,1137.94,462.07,1223.52,596.75,14
6,player,500,0,0,1141.44,462.65,1227.02,597.34,14
6,player,501,0,0,1144.95,463.24,1230.53,597.92,14
6,player,502,0,0,1148.45,463.82,1234.04,598.51,14
6,player,503,0,0,1151.96,464.41,1237.54,599.09,14
6,player,504,0,0,1153.20,463.79,1238.78,598.47,14
6,player,505,0,0,1154.43,463.17,1240.01,597.85,14
6,player,506,0,0,1155.67,462.55,1241.25,597.24,14
6,player,507,0,0,1156.90,461.93,1242.48,596.62,14
6,player,508,0,0,1158.14,461.32,1243.72,596.00,14
6,player,509,0,0,1159.37,460.70,1244.96,595.38,14
6,player,510,0,0,1160.61,460.08,1246.19,594.77,14
6,player,511,0,0,1161.84,459.46,1247.43,594.15,14
6,player,512,0,0,1163.08,458.85,1248.66,593.53,14
6,player,513,0,0,1164.31,458.23,1249.90,592.91,14
6,player,514,0,0,1165.55,457.61,1251.13,592.30,14
6,player,515,0,0,1166.78,456.99,1252.37,591.68,14
6,player,516,0,0,1168.02,456.38,1253.60,591.06,14
6,player,517,0,0,1169.26,455.76,1254.84,590.44,14
6,player,518,0,0,1170.49,455.14,1256.07,589.82,14
6,player,519,0,0,1171.73,454.52,1257.31,589.21,14
6,player,520,0,0,1172.96,453.90,1258.54,588.59,14
6,player,521,0,0,1174.20,453.29,1259.78,587.97,14
6,player,522,0,0,1175.43,452.67,1261.01,587.35,14
6,player,523,0,0,1176.67,452.05,1262.25,586.74,14
6,player,524,0,0,1177.90,451.43,1263.49,586.12,14
6,player,525,0,0,1179.14,450.82,1264.72,585.50,14
6,player,526,0,0,1180.37,450.20,1265.96,584.88,14
6,player,527,0,0,1181.61,449.58,1267.19,584.27,14
6,player,528,0,0,1182.84,448.96,1268.43,583.65,14
6,player,529,0,0,1184.08,448.35,1269.66,583.03,14
6,player,530,0,0,1185.31,447.73,1270.90,582.41,14
6,player,531,0,0,1186.55,447.11,1272.13,581.80,14
6,player,532,0,0,1187.79,446.49,1273.37,581.18,14
6,player,533,0,0,1189.02,445.88,1274.60,580.56,14
6,player,534,0,0,1190.26,445.26,1275.84,579.94,14
6,player,535,0,0,1191.49,444.64,1277.07,579.32,14
6,player,536,0,0,1192.73,444.02,1278.31,578.71,14
6,player,537,0,0,1193.96,443.40,1279.54,578.09,14
6,player,538,0,0,1195.20,442.79,1280.78,577.47,14
6,player,539,0,0,1196.43,442.17,1282.02,576.85,14
6,player,540,0,0,1197.67,441.55,1283.25,576.24,14
6,player,541,0,0,1198.90,440.93,1284.49,575.62,14
6,player,542,0,0,1200.14,440.32,1285.72,575.00,14
6,player,543,0,0,1201.37,439.70,1286.96,574.38,14
6,player,544,0,0,1202.61,439.08,1288.19,573.77,14
6,player,545,0,0,1203.84,438.46,1289.43,573.15,14
6,player,546,0,0,1205.08,437.85,1290.66,572.53,14
6,player,547,0,0,1206.32,437.23,1291.90,571.91,14
6,player,548,0,0,1207.55,436.61,1293.13,571.29,14
6,player,549,0,0,1207.55,432.33,1293.13,567.02,14
6,player,550,0,0,1202.42,431.05,1288.00,565.74,14
6,player,551,0,0,1197.29,429.77,1282.87,564.45,14
6,player,552,0,0,1192.16,428.48,1277.74,563.17,14
6,player,553,0,0,1187.03,427.20,1272.61,561.89,14
6,player,554,0,0,1181.89,425.92,1267.48,560.60,14
6,player,555,0,0,1177.75,424.18,1263.33,558.87,14
6,player,556,0,0,1173.61,422.44,1259.19,557.13,14
6,player,557,0,0,1169.47,420.71,1255.05,555.39,14
6,player,558,0,0,1165.32,418.97,1250.91,553.65,14
6,player,559,0,0,1161.18,417.23,1246.76,551.92,14
6,player,560,0,0,1157.04,415.50,1242.62,550.18,14
6,player,561,0,0,1152.90,413.76,1238.48,548.44,14
6,player,562,0,0,1148.75,412.02,1234.34,546.71,14
6,player,563,0,0,1144.61,410.28,1230.19,544.97,14
6,player,564,0,0,1140.47,408.55,1226.05,543.23,14
6,player,565,0,0,1136.33,406.81,1221.91,541.49,14
6,player,566,0,0,1132.18,405.07,1217.77,539.76,14
6,player,567,0,0,1128.04,403.34,1213.62,538.02,14
6,player,568,0,0,1123.90,401.60,1209.48,536.28,14
6,player,569,0,0,1119.76,399.86,1205.34,534.55,14
6,player,570,0,0,1115.61,398.12,1201.20,532.81,14
6,player,571,0,0,1112.29,397.32,1197.87,532.00,14
6,player,572,0,0,1108.96,396.51,1194.54,531.19,14
6,player,573,0,0,1105.64,395.70,1191.22,530.39,14
6,player,574,0,0,1102.31,394.89,1187.89,529.58,14
6,player,575,0,0,1098.98,394.09,1184.57,528.77,14
6,player,576,0,0,1095.66,393.28,1181.24,527.96,14
6,player,577,0,0,1092.33,392.47,1177.91,527.16,14
6,player,578,0,0,1089.01,391.66,1174.59,526.35,14
6,player,579,0,0,1085.68,390.86,1171.26,525.54,14
6,player,580,0,0,1082.35,390.05,1167.94,524.73,14
6,player,581,0,0,1079.03,389.24,1164.61,523.92,14
6,player,582,0,0,1075.70,388.43,1161.28,523.12,14
6,player,583,0,0,1072.38,387.62,1157.96,522.31,14
6,player,584,0,0,1069.05,386.82,1154.63,521.50,14
6,player,585,0,0,1065.72,386.01,1151.31,520.69,14
6,player,586,0,0,1062.40,385.20,1147.98,519.89,14
6,player,587,0,0,1059.07,384.39,1144.66,519.08,14
6,player,588,0,0,1055.75,383.59,1141.33,518.27,14
6,player,589,0,0,1052.42,382.78,1138.00,517.46,14
6,player,590,0,0,1049.10,381.97,1134.68,516.66,14
6,player,591,0,0,1045.77,381.16,1131.35,515.85,14
6,player,592,0,0,1042.44,380.36,1128.03,515.04,14
6,player,593,0,0,1039.12,379.55,1124.70,514.23,14
6,player,594,0,0,1035.79,378.74,1121.37,513.42,14
6,player,595,0,0,1032.47,377.93,1118.05,512.62,14
6,player,596,0,0,1029.14,377.12,1114.72,511.81,14
6,player,597,0,0,1025.81,376.32,1111.40,511.00,14
6,player,598,0,0,1022.49,375.51,1108.07,510.19,14
6,player,599,0,0,1019.16,374.70,1104.74,509.39,14
6,player,600,0,0,1015.84,373.89,1101.42,508.58,14
6,player,601,0,0,1012.51,373.09,1098.09,507.77,14
6,player,602,0,0,1009.18,372.28,1094.77,506.96,14
6,player,603,0,0,1005.86,371.47,1091.44,506.16,14
6,player,604,0,0,1002.53,370.66,1088.11,505.35,14
6,player,605,0,0,999.21,369.86,1084.79,504.54,14
6,player,606,0,0,995.88,369.05,1081.46,503.73,14
6,player,607,0,0,992.55,368.24,1078.14,502.92,14
6,player,608,0,0,989.23,367.43,1074.81,502.12,14
6,player,609,0,0,985.90,366.62,1071.49,501.31,14
6,player,610,0,0,982.58,365.82,1068.16,500.50,14
6,player,611,0,0,979.25,365.01,1064.83,499.69,14
6,player,612,0,0,975.92,364.20,1061.51,498.89,14
6,player,613,0,0,972.60,363.39,1058.18,498.08,14
6,player,614,0,0,969.27,362.59,1054.86,497.27,14
6,player,615,0,0,965.95,361.78,1051.53,496.46,14
6,player,616,0,0,975.92,361.78,1061.51,496.46,14
6,player,617,0,0,985.90,361.78,1071.48,496.46,14
6,player,618,0,0,995.88,361.78,1081.46,496.46,14
6,player,619,0,0,1005.14,359.40,1090.73,494.09,14
6,player,620,0,0,1014.41,357.03,1099.99,491.71,14
6,player,621,0,0,1023.68,354.65,1109.26,489.34,14
6,player,622,0,0,1032.94,352.28,1118.52,486.96,14
6,player,623,0,0,1042.21,349.90,1127.79,484.58,14
6,player,624,0,0,1051.47,347.52,1137.05,482.21,14
6,player,625,0,0,1060.74,345.15,1146.32,479.83,14
6,player,626,0,0,1070.00,342.77,1155.58,477.46,14
6,player,627,0,0,1079.27,340.40,1164.85,475.08,14
6,player,628,0,0,1087.96,341.11,1173.54,475.79,14
6,player,629,0,0,1096.66,341.82,1182.24,476.51,14
6,player,630,0,0,1105.35,342.54,1190.93,477.22,14
6,player,631,0,0,1114.05,343.25,1199.63,477.93,14
6,player,632,0,0,1122.74,343.96,1208.32,478.65,14
6,player,633,0,0,1131.43,344.67,1217.02,479.36,14
6,player,634,0,0,1140.13,345.39,1225.71,480.07,14
6,player,635,0,0,1148.82,346.10,1234.41,480.78,14
6,player,636,0,0,1157.52,346.81,1243.10,481.50,14
6,player,637,0,0,1166.21,347.52,1251.80,482.21,14
6,player,638,0,0,1174.91,348.24,1260.49,482.92,14
6,player,639,0,0,1183.60,348.95,1269.19,483.63,14
6,player,640,0,0,1192.30,349.66,1277.88,484.35,14
6,player,641,0,0,1200.99,350.38,1286.58,485.06,14
6,player,642,0,0,1209.69,351.09,1295.27,485.77,14
6,player,643,0,0,1218.38,351.80,1303.97,486.48,14
6,player,644,0,0,1227.08,352.51,1312.66,487.20,14
6,player,645,0,0,1235.77,353.23,1321.36,487.91,14
6,player,646,0,0,1244.47,353.94,1330.05,488.62,14
6,player,647,0,0,1253.16,354.65,1338.75,489.34,14
6,player,648,0,0,1261.86,355.36,1347.44,490.05,14
6,player,649,0,0,1270.55,356.08,1356.14,490.76,14
6,player,650,0,0,1279.25,356.79,1364.83,491.47,14
6,player,651,0,0,1287.94,357.50,1373.52,492.19,14
6,player,652,0,0,1296.64,358.21,1382.22,492.90,14
6,player,653,0,0,1305.33,358.93,1390.91,493.61,14
6,player,654,0,0,1314.03,359.64,1399.61,494.32,14
6,player,655,0,0,1322.72,360.35,1408.30,495.04,14
6,player,656,0,0,1331.42,361.07,1417.00,495.75,14
6,player,657,0,0,1340.11,361.78,1425.69,496.46,14
6,player,658,0,0,1348.66,361.78,1434.25,496.46,14
6,player,659,0,0,1357.22,361.78,1442.80,496.46,14
6,player,660,0,0,1363.41,362.00,1448.99,496.69,14
6,player,661,0,0,1369.59,362.23,1455.18,496.91,14
6,player,662,0,0,1375.78,362.45,1461.37,497.14,14
6,player,663,0,0,1381.97,362.68,1467.56,497.36,14
6,player,664,0,0,1388.16,362.90,1473.74,497.59,14
6,player,665,0,0,1394.35,363.13,1479.93,497.81,14
6,player,666,0,0,1400.54,363.35,1486.12,498.04,14
6,player,667,0,0,1406.73,363.58,1492.31,498.26,14
6,player,668,0,0,1412.92,363.80,1498.50,498.49,14
6,player,669,0,0,1419.11,364.03,1504.69,498.71,14
6,player,670,0,0,1425.30,364.25,1510.88,498.94,14
6,player,671,0,0,1431.49,364.48,1517.07,499.16,14
6,player,672,0,0,1437.68,364.70,1523.26,499.39,14
6,player,673,0,0,1443.86,364.93,1529.45,499.61,14
6,player,674,0,0,1450.05,365.15,1535.64,499.84,14
6,player,675,0,0,1456.24,365.38,1541.83,500.06,14
6,player,676,0,0,1462.43,365.60,1548.01,500.29,14
6,player,677,0,0,1468.62,365.83,1554.20,500.51,14
6,player,678,0,0,1474.81,366.05,1560.39,500.74,14
6,player,679,0,0,1472.65,366.50,1558.23,501.19,14
6,player,680,0,0,1470.48,366.95,1556.07,501.63,14
6,player,681,0,0,1468.32,367.40,1553.90,502.08,14
6,player,682,0,0,1466.16,367.84,1551.74,502.53,14
6,player,683,0,0,1464.00,368.29,1549.58,502.98,14
6,player,684,0,0,1461.83,368.74,1547.42,503.42,14
6,player,685,0,0,1459.67,369.19,1545.25,503.87,14
6,player,686,0,0,1457.51,369.63,1543.09,504.32,14
6,player,687,0,0,1455.34,370.08,1540.93,504.77,14
6,player,688,0,0,1453.18,370.53,1538.76,505.21,14
6,player,689,0,0,1451.02,370.98,1536.60,505.66,14
6,player,690,0,0,1448.86,371.42,1534.44,506.11,14
6,player,691,0,0,1446.69,371.87,1532.27,506.56,14
6,player,692,0,0,1444.53,372.32,1530.11,507.00,14
6,player,693,0,0,1442.37,372.77,1527.95,507.45,14
6,player,694,0,0,1440.20,373.21,1525.79,507.90,14
6,player,695,0,0,1438.04,373.66,1523.62,508.35,14
6,player,696,0,0,1435.88,374.11,1521.46,508.79,14
6,player,697,0,0,1433.71,374.56,1519.30,509.24,14
6,player,698,0,0,1431.55,375.00,1517.13,509.69,14
6,player,699,0,0,1429.39,375.45,1514.97,510.14,14
6,player,700,0,0,1427.23,375.90,1512.81,510.58,14
6,player,701,0,0,1425.06,376.35,1510.65,511.03,14
6,player,702,0,0,1422.90,376.79,1508.48,511.48,14
6,player,703,0,0,1420.74,377.24,1506.32,511.93,14
6,player,704,0,0,1418.57,377.69,1504.16,512.37,14
6,player,705,0,0,1416.41,378.14,1501.99,512.82,14
6,player,706,0,0,1414.25,378.58,1499.83,513.27,14
6,player,707,0,0,1412.09,379.03,1497.67,513.72,14
6,player,708,0,0,1409.92,379.48,1495.50,514.16,14
6,player,709,0,0,1407.76,379.93,1493.34,514.61,14
6,player,710,0,0,1405.60,380.37,1491.18,515.06,14
6,player,711,0,0,1403.43,380.82,1489.02,515.51,14
6,player,712,0,0,1401.27,381.27,1486.85,515.95,14
6,player,713,0,0,1399.11,381.72,1484.69,516.40,14
6,player,714,0,0,1396.94,382.16,1482.53,516.85,14
6,player,715,0,0,1394.78,382.61,1480.36,517.30,14
6,player,716,0,0,1392.62,383.06,1478.20,517.74,14
6,player,717,0,0,1390.46,383.51,1476.04,518.19,14
6,player,718,0,0,1388.29,383.95,1473.88,518.64,14
6,player,719,0,0,1386.13,384.40,1471.71,519.09,14
6,player,720,0,0,1383.97,384.85,1469.55,519.53,14
6,player,721,0,0,1381.80,385.30,1467.39,519.98,14
6,player,722,0,0,1379.64,385.74,1465.22,520.43,14
6,player,723,0,0,1377.48,386.19,1463.06,520.88,14
6,player,724,0,0,1375.31,386.64,1460.90,521.32,14
6,player,725,0,0,1373.15,387.09,1458.73,521.77,14
6,player,726,0,0,1370.99,387.53,1456.57,522.22,14
6,player,727,0,0,1368.83,387.98,1454.41,522.67,14
6,player,728,0,0,1366.66,388.43,1452.25,523.11,14
6,player,729,0,0,1364.50,388.88,1450.08,523.56,14
6,player,730,0,0,1362.34,389.32,1447.92,524.01,14
6,player,731,0,0,1360.17,389.77,1445.76,524.46,14
6,player,732,0,0,1358.01,390.22,1443.59,524.90,14
6,player,733,0,0,1355.85,390.67,1441.43,525.35,14
6,player,734,0,0,1353.69,391.11,1439.27,525.80,14
6,player,735,0,0,1351.52,391.56,1437.11,526.25,14
6,player,736,0,0,1349.36,392.01,1434.94,526.69,14
6,player,737,0,0,1347.20,392.46,1432.78,527.14,14
6,player,738,0,0,1345.03,392.90,1430.62,527.59,14
6,player,739,0,0,1342.87,393.35,1428.45,528.04,14
6,player,740,0,0,1340.71,393.80,1426.29,528.48,14
6,player,741,0,0,1338.54,394.25,1424.13,528.93,14
6,player,742,0,0,1336.38,394.69,1421.96,529.38,14
6,player,743,0,0,1334.22,395.14,1419.80,529.83,14
6,player,744,0,0,1332.06,395.59,1417.64,530.27,14
6,player,745,0,0,1329.89,396.04,1415.48,530.72,14
6,player,746,0,0,1327.73,396.48,1413.31,531.17,14
6,player,747,0,0,1325.57,396.93,1411.15,531.62,14
6,player,748,0,0,1323.40,397.38,1408.99,532.06,14
6,player,749,0,0,1321.24,397.83,1406.82,532.51,14
6,player,750,0,0,1319.08,398.27,1404.66,532.96,14
6,player,751,0,0,1316.92,398.72,1402.50,533.41,14
6,player,752,0,0,1314.75,399.17,1400.33,533.85,14
6,player,753,0,0,1312.59,399.62,1398.17,534.30,14
6,player,754,0,0,1310.43,400.06,1396.01,534.75,14
6,player,755,0,0,1308.26,400.51,1393.85,535.20,14
6,player,756,0,0,1306.10,400.96,1391.68,535.64,14
6,player,757,0,0,1303.94,401.41,1389.52,536.09,14
6,player,758,0,0,1301.77,401.86,1387.36,536.54,14
6,player,759,0,0,1299.61,402.30,1385.19,536.99,14
6,player,760,0,0,1297.45,402.75,1383.03,537.43,14
6,player,761,0,0,1295.29,403.20,1380.87,537.88,14
6,player,762,0,0,1293.12,403.65,1378.71,538.33,14
6,player,763,0,0,1290.96,404.09,1376.54,538.78,14
6,player,764,0,0,1288.80,404.54,1374.38,539.22,14
6,player,765,0,0,1287.53,406.10,1373.12,540.78,14
6,player,766,0,0,1286.27,407.65,1371.85,542.33,14
6,player,767,0,0,1285.01,409.21,1370.59,543.89,14
6,player,768,0,0,1283.74,410.76,1369.33,545.44,14
6,player,769,0,0,1282.48,412.32,1368.06,547.00,14
6,player,770,0,0,1281.22,413.87,1366.80,548.55,14
6,player,771,0,0,1279.95,415.43,1365.54,550.11,14
6,player,772,0,0,1278.69,416.98,1364.27,551.66,14
6,player,773,0,0,1277.43,418.54,1363.01,553.22,14
6,player,774,0,0,1276.16,420.09,1361.74,554.77,14
6,player,775,0,0,1274.90,421.65,1360.48,556.33,14
6,player,776,0,0,1273.64,423.20,1359.22,557.88,14
6,player,777,0,0,1272.37,424.76,1357.95,559.44,14
6,player,778,0,0,1271.11,426.31,1356.69,560.99,14
6,player,779,0,0,1269.85,427.87,1355.43,562.55,14
6,player,780,0,0,1268.58,429.42,1354.16,564.10,14
6,player,781,0,0,1267.32,430.98,1352.90,565.66,14
6,player,782,0,0,1266.05,432.53,1351.64,567.21,14
6,player,783,0,0,1264.79,434.09,1350.37,568.77,14
6,player,784,0,0,1263.53,435.64,1349.11,570.32,14
6,player,785,0,0,1262.26,437.20,1347.85,571.88,14
6,player,786,0,0,1261.00,438.75,1346.58,573.43,14
6,player,787,0,0,1269.55,436.61,1355.14,571.30,14
6,player,788,0,0,1271.45,436.61,1357.04,571.30,14
6,player,789,0,0,1273.35,436.61,1358.94,571.30,14
6,player,790,0,0,1275.25,436.61,1360.84,571.30,14
6,player,791,0,0,1277.15,436.61,1362.74,571.30,14
6,player,792,0,0,1279.06,436.61,1364.64,571.30,14
6,player,793,0,0,1280.96,436.61,1366.54,571.30,14
6,player,794,0,0,1282.86,436.61,1368.44,571.30,14
6,player,795,0,0,1284.76,436.61,1370.34,571.30,14
6,player,796,0,0,1286.66,436.61,1372.24,571.30,14
6,player,797,0,0,1289.80,437.37,1375.38,572.05,14
6,player,798,0,0,1292.95,438.12,1378.53,572.81,14
6,player,799,0,0,1296.09,438.88,1381.67,573.56,14
6,player,800,0,0,1299.23,439.63,1384.82,574.32,14
6,player,801,0,0,1302.38,440.39,1387.96,575.07,14
6,player,802,0,0,1305.52,441.14,1391.11,575.82,14
6,player,803,0,0,1308.67,441.89,1394.25,576.58,14
6,player,804,0,0,1311.81,442.65,1397.39,577.33,14
6,player,805,0,0,1314.96,443.40,1400.54,578.09,14
6,player,806,0,0,1318.10,444.16,1403.68,578.84,14
6,player,807,0,0,1321.24,444.91,1406.83,579.60,14
6,player,808,0,0,1324.39,445.67,1409.97,580.35,14
6,player,809,0,0,1327.53,446.42,1413.12,581.11,14
6,player,810,0,0,1330.68,447.18,1416.26,581.86,14
6,player,811,0,0,1333.82,447.93,1419.40,582.62,14
6,player,812,0,0,1336.97,448.69,1422.55,583.37,14
6,player,813,0,0,1340.11,449.44,1425.69,584.13,14
6,player,814,0,0,1343.25,450.20,1428.84,584.88,14
6,player,815,0,0,1346.40,450.95,1431.98,585.63,14
6,player,816,0,0,1349.54,451.70,1435.12,586.39,14
6,player,817,0,0,1352.69,452.46,1438.27,587.14,14
6,player,818,0,0,1355.83,453.21,1441.41,587.90,14
6,player,819,0,0,1358.97,453.97,1444.56,588.65,14
6,player,820,0,0,1362.12,454.72,1447.70,589.41,14
6,player,821,0,0,1365.26,455.48,1450.85,590.16,14
6,player,822,0,0,1368.41,456.23,1453.99,590.92,14
6,player,823,0,0,1371.55,456.99,1457.13,591.67,14
6,player,824,0,0,1374.70,457.74,1460.28,592.43,14
6,player,825,0,0,1377.84,458.50,1463.42,593.18,14
6,player,826,0,0,1380.98,459.25,1466.57,593.94,14
6,player,827,0,0,1384.13,460.01,1469.71,594.69,14
6,player,828,0,0,1387.27,460.76,1472.86,595.44,14
6,player,829,0,0,1390.42,461.51,1476.00,596.20,14
6,player,830,0,0,1393.56,462.27,1479.14,596.95,14
6,player,831,0,0,1384.38,461.43,1469.96,596.11,14
6,player,832,0,0,1375.20,460.59,1460.78,595.27,14
6,player,833,0,0,1366.01,459.75,1451.59,594.43,14
6,player,834,0,0,1356.83,458.90,1442.41,593.59,14
6,player,835,0,0,1347.65,458.06,1433.23,592.75,14
6,player,836,0,0,1338.46,457.22,1424.04,591.91,14
6,player,837,0,0,1329.28,456.38,1414.86,591.07,14
6,player,838,0,0,1320.10,455.54,1405.68,590.22,14
6,player,839,0,0,1310.91,454.70,1396.49,589.38,14
6,player,840,0,0,1301.73,453.86,1387.31,588.54,14
6,player,841,0,0,1292.55,453.02,1378.13,587.70,14
6,player,842,0,0,1283.36,452.17,1368.95,586.86,14
6,player,843,0,0,1274.18,451.33,1359.76,586.02,14
6,player,844,0,0,1265.00,450.49,1350.58,585.18,14
6,player,845,0,0,1255.81,449.65,1341.40,584.34,14
6,player,846,0,0,1246.63,448.81,1332.21,583.49,14
6,player,847,0,0,1237.45,447.97,1323.03,582.65,14
6,player,848,0,0,1228.26,447.13,1313.85,581.81,14
6,player,849,0,0,1219.08,446.29,1304.66,580.97,14
6,player,850,0,0,1209.90,445.45,1295.48,580.13,14
6,player,851,0,0,1200.71,444.60,1286.30,579.29,14
6,player,852,0,0,1191.53,443.76,1277.11,578.45,14
6,player,853,0,0,1182.35,442.92,1267.93,577.61,14
6,player,854,0,0,1173.16,442.08,1258.75,576.76,14
6,player,855,0,0,1163.98,441.24,1249.56,575.92,14
6,player,856,0,0,1154.80,440.40,1240.38,575.08,14
6,player,857,0,0,1145.61,439.56,1231.20,574.24,14
6,player,858,0,0,1136.43,438.72,1222.01,573.40,14
6,player,859,0,0,1127.25,437.87,1212.83,572.56,14
6,player,860,0,0,1118.06,437.03,1203.65,571.72,14
6,player,861,0,0,1108.88,436.19,1194.46,570.88,14
6,player,862,0,0,1099.70,435.35,1185.28,570.03,14
6,player,863,0,0,1090.51,434.51,1176.10,569.19,14
6,player,864,0,0,1081.33,433.67,1166.91,568.35,14
6,player,865,0,0,1072.15,432.83,1157.73,567.51,14
6,player,866,0,0,1062.96,431.99,1148.55,566.67,14
6,player,867,0,0,1053.78,431.14,1139.36,565.83,14
6,player,868,0,0,1044.60,430.30,1130.18,564.99,14
6,player,869,0,0,1035.42,429.46,1121.00,564.15,14
6,player,870,0,0,1026.23,428.62,1111.81,563.31,14
6,player,871,0,0,1017.05,427.78,1102.63,562.46,14
6,player,872,0,0,1007.87,426.94,1093.45,561.62,14
6,player,873,0,0,998.68,426.10,1084.26,560.78,14
6,player,874,0,0,989.50,425.26,1075.08,559.94,14
6,player,875,0,0,980.32,424.41,1065.90,559.10,14
6,player,876,0,0,971.13,423.57,1056.72,558.26,14
6,player,877,0,0,961.95,422.73,1047.53,557.42,14
6,player,878,0,0,952.77,421.89,1038.35,556.58,14
6,player,879,0,0,943.58,421.05,1029.17,555.73,14
6,player,880,0,0,934.40,420.21,1019.98,554.89,14
6,player,881,0,0,925.22,419.37,1010.80,554.05,14
6,player,882,0,0,916.03,418.53,1001.62,553.21,14
6,player,883,0,0,906.85,417.68,992.43,552.37,14
6,player,884,0,0,897.67,416.84,983.25,551.53,14
6,player,885,0,0,888.48,416.00,974.07,550.69,14
6,player,886,0,0,879.30,415.16,964.88,549.85,14
6,player,887,0,0,870.12,414.32,955.70,549.00,14
6,player,888,0,0,860.93,413.48,946.52,548.16,14
6,player,889,0,0,851.75,412.64,937.33,547.32,14
6,player,890,0,0,842.57,411.80,928.15,546.48,14
6,player,891,0,0,833.38,410.96,918.97,545.64,14
6,player,892,0,0,833.38,410.96,918.97,545.64,14
6,player,893,0,0,833.38,410.96,918.97,545.64,14
6,player,894,0,0,833.38,410.96,918.97,545.64,14
6,player,895,0,0,833.38,410.96,918.97,545.64,14
6,player,896,0,0,833.38,410.96,918.97,545.64,14
6,player,897,0,0,833.38,410.96,918.97,545.64,14
6,player,898,0,0,833.38,410.96,918.97,545.64,14
6,player,899,0,0,833.38,410.96,918.97,545.64,14
7,player,7,0,0,952.52,379.65,1023.07,537.85,24
7,player,8,0,0,951.93,380.49,1022.48,538.69,24
7,player,9,0,0,951.34,381.33,1021.89,539.53,24
7,player,10,0,0,950.75,382.18,1021.30,540.37,24
7,player,11,0,0,950.16,383.02,1020.71,541.21,24
7,player,12,0,0,949.57,383.86,1020.12,542.05,24
7,player,13,0,0,948.98,384.70,1019.53,542.89,24
7,player,14,0,0,948.39,385.54,1018.94,543.73,24
7,player,15,0,0,947.80,386.38,1018.35,544.57,24
7,player,16,0,0,947.21,387.22,1017.76,545.41,24
7,player,17,0,0,946.62,388.06,1017.17,546.25,24
7,player,18,0,0,946.03,388.90,1016.58,547.09,24
7,player,19,0,0,945.44,389.74,1015.99,547.93,24
7,player,20,0,0,944.85,390.58,1015.40,548.77,24
7,player,21,0,0,942.43,390.96,1012.98,549.16,24
7,player,22,0,0,940.00,391.34,1010.55,549.54,24
7,player,23,0,0,937.58,391.72,1008.13,549.92,24
7,player,24,0,0,935.16,392.10,1005.70,550.30,24
7,player,25,0,0,932.73,392.49,1003.28,550.68,24
7,player,26,0,0,930.31,392.87,1000.86,551.06,24
7,player,27,0,0,927.88,393.25,998.43,551.45,24
7,player,28,0,0,925.46,393.63,996.01,551.83,24
7,player,29,0,0,923.04,394.01,993.58,552.21,24
7,player,30,0,0,920.61,394.39,991.16,552.59,24
7,player,31,0,0,918.19,394.78,988.74,552.97,24
7,player,32,0,0,915.76,395.16,986.31,553.35,24
7,player,33,0,0,913.34,395.54,983.89,553.74,24
7,player,34,0,0,910.92,395.92,981.47,554.12,24
7,player,35,0,0,908.49,396.30,979.04,554.50,24
7,player,36,0,0,906.07,396.68,976.62,554.88,24
7,player,37,0,0,903.64,397.07,974.19,555.26,24
7,player,38,0,0,901.22,397.45,971.77,555.64,24
7,player,39,0,0,898.80,397.83,969.35,556.03,24
7,player,40,0,0,896.37,398.21,966.92,556.41,24
7,player,41,0,0,893.95,398.59,964.50,556.79,24
7,player,42,0,0,891.52,398.97,962.07,557.17,24
7,player,43,0,0,889.10,399.36,959.65,557.55,24
7,player,44,0,0,886.68,399.74,957.23,557.93,24
7,player,45,0,0,884.25,400.12,954.80,558.32,24
7,player,46,0,0,881.83,400.50,952.38,558.70,24
7,player,47,0,0,879.40,400.88,949.95,559.08,24
7,player,48,0,0,876.98,401.26,947.53,559.46,24
7,player,49,0,0,874.56,401.65,945.11,559.84,24
7,player,50,0,0,872.13,402.03,942.68,560.22,24
7,player,51,0,0,869.71,402.41,940.26,560.61,24
7,player,52,0,0,867.28,402.79,937.83,560.99,24
7,player,53,0,0,864.86,403.17,935.41,561.37,24
7,player,54,0,0,861.87,402.89,932.42,561.08,24
7,player,55,0,0,858.87,402.60,929.42,560.80,24
7,player,56,0,0,855.88,402.32,926.43,560.51,24
7,player,57,0,0,852.89,402.03,923.44,560.23,24
7,player,58,0,0,849.89,401.75,920.44,559.94,24
7,player,59,0,0,846.90,401.46,917.45,559.66,24
7,player,60,0,0,843.91,401.18,914.46,559.37,24
7,player,61,0,0,840.91,400.89,911.46,559.09,24
7,player,62,0,0,837.92,400.61,908.47,558.80,24
7,player,63,0,0,834.93,400.32,905.48,558.52,24
7,player,64,0,0,831.93,400.04,902.48,558.23,24
7,player,65,0,0,828.94,399.75,899.49,557.95,24
7,player,66,0,0,825.95,399.47,896.50,557.66,24
7,player,67,0,0,822.95,399.18,893.50,557.38,24
7,player,68,0,0,819.96,398.90,890.51,557.09,24
7,player,69,0,0,817.36,398.21,887.91,556.41,24
7,player,70,0,0,814.77,397.52,885.32,555.72,24
7,player,71,0,0,812.17,396.83,882.72,555.03,24
7,player,72,0,0,809.57,396.15,880.12,554.34,24
7,player,73,0,0,806.98,395.46,877.53,553.66,24
7,player,74,0,0,804.38,394.77,874.93,552.97,24
7,player,75,0,0,801.79,394.09,872.34,552.28,24
7,player,76,0,0,799.19,393.40,869.74,551.60,24
7,player,77,0,0,796.59,392.71,867.14,550.91,24
7,player,78,0,0,794.00,392.02,864.55,550.22,24
7,player,79,0,0,791.40,391.34,861.95,549.53,24
7,player,80,0,0,788.80,390.65,859.35,548.85,24
7,player,81,0,0,786.21,389.96,856.76,548.16,24
7,player,82,0,0,783.61,389.27,854.16,547.47,24
7,player,83,0,0,781.02,388.59,851.57,546.78,24
7,player,84,0,0,778.42,387.90,848.97,546.10,24
7,player,85,0,0,775.82,387.21,846.37,545.41,24
7,player,86,0,0,773.23,386.53,843.78,544.72,24
7,player,87,0,0,770.63,385.84,841.18,544.04,24
7,player,88,0,0,768.03,385.15,838.58,543.35,24
7,player,89,0,0,765.44,384.46,835.99,542.66,24
7,player,90,0,0,762.84,383.78,833.39,541.97,24
7,player,91,0,0,760.25,383.09,830.80,541.29,24
7,player,92,0,0,757.65,382.40,828.20,540.60,24
7,player,93,0,0,755.05,381.72,825.60,539.91,24
7,player,94,0,0,752.46,381.03,823.01,539.22,24
7,player,95,0,0,749.86,380.34,820.41,538.54,24
7,player,96,0,0,747.26,379.65,817.81,537.85,24
7,player,97,0,0,747.26,376.29,817.81,534.49,24
7,player,98,0,0,747.26,372.93,817.81,531.13,24
7,player,99,0,0,747.26,369.57,817.81,527.77,24
7,player,100,0,0,747.26,366.21,817.81,524.41,24
7,player,101,0,0,747.26,362.85,817.81,521.05,24
7,player,102,0,0,747.26,359.49,817.81,517.69,24
7,player,103,0,0,747.26,356.13,817.81,514.33,24
7,player,104,0,0,745.84,353.52,816.39,511.72,24
7,player,105,0,0,744.41,350.91,814.96,509.11,24
7,player,106,0,0,742.99,348.30,813.54,506.49,24
7,player,107,0,0,741.56,345.68,812.11,503.88,24
7,player,108,0,0,740.14,343.07,810.69,501.27,24
7,player,109,0,0,738.71,340.46,809.26,498.65,24
7,player,110,0,0,737.29,337.84,807.84,496.04,24
7,player,111,0,0,735.86,335.23,806.41,493.43,24
7,player,112,0,0,734.44,332.62,804.99,490.81,24
7,player,113,0,0,733.78,331.30,804.33,489.50,24
7,player,114,0,0,733.12,329.98,803.67,488.18,24
7,player,115,0,0,732.46,328.67,803.01,486.87,24
7,player,116,0,0,731.81,327.35,802.35,485.55,24
7,player,117,0,0,731.15,326.04,801.70,484.23,24
7,player,118,0,0,730.49,324.72,801.04,482.92,24
7,player,119,0,0,729.83,323.41,800.38,481.60,24
7,player,120,0,0,729.17,322.09,799.72,480.29,24
7,player,121,0,0,728.52,320.77,799.07,478.97,24
7,player,122,0,0,727.86,319.46,798.41,477.66,24
7,player,123,0,0,727.20,318.14,797.75,476.34,24
7,player,124,0,0,726.54,316.83,797.09,475.02,24
7,player,125,0,0,725.88,315.51,796.43,473.71,24
7,player,126,0,0,724.25,315.01,795.11,472.45,24
7,player,127,0,0,722.61,314.51,793.79,471.19,24
7,player,128,0,0,720.98,314.00,792.47,469.93,24
7,player,129,0,0,719.34,313.50,791.15,468.67,24
7,player,130,0,0,717.71,313.00,789.83,467.41,24
7,player,131,0,0,716.07,312.49,788.50,466.15,24
7,player,132,0,0,714.44,311.99,787.18,464.90,24
7,player,133,0,0,712.80,311.49,785.86,463.64,24
7,player,134,0,0,711.17,310.98,784.54,462.38,24
7,player,135,0,0,709.53,310.48,783.22,461.12,24
7,player,136,0,0,707.90,309.98,781.90,459.86,24
7,player,137,0,0,706.26,309.47,780.57,458.60,24
7,player,138,0,0,704.63,308.97,779.25,457.34,24
7,player,139,0,0,702.99,308.47,777.93,456.08,24
7,player,140,0,0,701.36,307.97,776.61,454.82,24
7,player,141,0,0,699.72,307.46,775.29,453.56,24
7,player,142,0,0,698.09,306.96,773.97,452.30,24
7,player,143,0,0,696.45,306.46,772.65,451.05,24
7,player,144,0,0,694.82,305.95,771.32,449.79,24
7,player,145,0,0,693.18,305.45,770.00,448.53,24
7,player,146,0,0,691.55,304.95,768.68,447.27,24
7,player,147,0,0,689.91,304.44,767.36,446.01,24
7,player,148,0,0,688.28,303.94,766.04,444.75,24
7,player,149,0,0,686.64,303.44,764.72,443.49,24
7,player,150,0,0,685.01,302.93,763.39,442.23,24
7,player,151,0,0,683.37,302.43,762.07,440.97,24
7,player,152,0,0,681.74,301.93,760.75,439.71,24
7,player,153,0,0,680.10,301.43,759.43,438.45,24
7,player,154,0,0,678.47,300.92,758.11,437.20,24
7,player,155,0,0,676.83,300.42,756.79,435.94,24
7,player,156,0,0,675.20,299.92,755.46,434.68,24
7,player,157,0,0,673.56,299.41,754.14,433.42,24
7,player,158,0,0,671.93,298.91,752.82,432.16,24
7,player,159,0,0,670.29,298.41,751.50,430.90,24
7,player,160,0,0,668.10,298.75,749.30,431.25,24
7,player,161,0,0,665.90,299.10,747.11,431.59,24
7,player,162,0,0,663.71,299.45,744.91,431.94,24
7,player,163,0,0,661.51,299.79,742.72,432.29,24
7,player,164,0,0,659.32,300.14,740.52,432.63,24
7,player,165,0,0,657.12,300.49,738.32,432.98,24
7,player,166,0,0,654.92,300.83,736.13,433.33,24
7,player,167,0,0,652.73,301.18,733.93,433.67,24
7,player,168,0,0,650.53,301.53,731.74,434.02,24
7,player,169,0,0,648.34,301.87,729.54,434.37,24
7,player,170,0,0,646.14,302.22,727.35,434.71,24
7,player,171,0,0,643.94,302.57,725.15,435.06,24
7,player,172,0,0,641.75,302.91,722.95,435.41,24
7,player,173,0,0,639.55,303.26,720.76,435.75,24
7,player,174,0,0,637.36,303.61,718.56,436.10,24
7,player,175,0,0,635.16,303.95,716.37,436.45,24
7,player,176,0,0,632.97,304.30,714.17,436.79,24
7,player,177,0,0,630.77,304.65,711.97,437.14,24
7,player,178,0,0,628.57,304.99,709.78,437.49,24
7,player,179,0,0,626.38,305.34,707.58,437.83,24
7,player,180,0,0,624.18,305.69,705.39,438.18,24
7,player,181,0,0,621.99,306.03,703.19,438.53,24
7,player,182,0,0,619.79,306.38,701.00,438.87,24
7,player,183,0,0,617.59,306.73,698.80,439.22,24
7,player,184,0,0,615.40,307.07,696.60,439.57,24
7,player,185,0,0,613.20,307.42,694.41,439.91,24
7,player,186,0,0,611.01,307.77,692.21,440.26,24
7,player,187,0,0,608.81,308.11,690.02,440.61,24
7,player,188,0,0,606.61,308.46,687.82,440.95,24
7,player,189,0,0,604.42,308.81,685.62,441.30,24
7,player,190,0,0,602.22,309.16,683.43,441.65,24
7,player,191,0,0,600.03,309.50,681.23,441.99,24
7,player,192,0,0,597.83,309.85,679.04,442.34,24
7,player,193,0,0,595.64,310.20,676.84,442.69,24
7,player,194,0,0,593.44,310.54,674.64,443.03,24
7,player,195,0,0,591.24,310.89,672.45,443.38,24
7,player,196,0,0,589.05,311.24,670.25,443.73,24
7,player,197,0,0,589.17,312.42,670.37,444.92,24
7,player,198,0,0,589.29,313.61,670.49,446.10,24
7,player,199,0,0,589.40,314.80,670.61,447.29,24
7,player,200,0,0,589.52,315.99,670.73,448.48,24
7,player,201,0,0,589.64,317.17,670.85,449.67,24
7,player,202,0,0,589.76,318.36,670.97,450.86,24
7,player,203,0,0,589.88,319.55,671.08,452.04,24
7,player,204,0,0,590.00,320.74,671.20,453.23,24
7,player,205,0,0,590.12,321.93,671.32,454.42,24
7,player,206,0,0,590.24,323.11,671.44,455.61,24
7,player,207,0,0,590.35,324.30,671.56,456.79,24
7,player,208,0,0,590.47,325.49,671.68,457.98,24
7,player,209,0,0,590.59,326.68,671.80,459.17,24
7,player,210,0,0,590.71,327.86,671.92,460.36,24
7,player,211,0,0,590.83,329.05,672.03,461.55,24
7,player,212,0,0,590.95,330.24,672.15,462.73,24
7,player,213,0,0,591.07,331.43,672.27,463.92,24
7,player,214,0,0,591.19,332.62,672.39,465.11,24
7,player,215,0,0,593.06,334.22,674.26,466.71,24
7,player,216,0,0,594.93,335.82,676.13,468.32,24
7,player,217,0,0,596.80,337.43,678.00,469.92,24
7,player,218,0,0,598.67,339.03,679.87,471.52,24
7,player,219,0,0,600.54,340.63,681.74,473.13,24
7,player,220,0,0,602.41,342.24,683.62,474.73,24
7,player,221,0,0,604.28,343.84,685.49,476.33,24
7,player,222,0,0,606.15,345.44,687.36,477.94,24
7,player,223,0,0,608.02,347.05,689.23,479.54,24
7,player,224,0,0,609.89,348.65,691.10,481.14,24
7,player,225,0,0,611.76,350.26,692.97,482.75,24
7,player,226,0,0,613.64,351.86,694.84,484.35,24
7,player,227,0,0,615.51,353.46,696.71,485.96,24
7,player,228,0,0,617.38,355.07,698.58,487.56,24
7,player,229,0,0,619.25,356.67,700.45,489.16,24
7,player,230,0,0,621.12,358.27,702.32,490.77,24
7,player,231,0,0,622.99,359.88,704.19,492.37,24
7,player,232,0,0,624.86,361.48,706.07,493.97,24
7,player,233,0,0,626.73,363.08,707.94,495.58,24
7,player,234,0,0,628.60,364.69,709.81,497.18,24
7,player,235,0,0,630.47,366.29,711.68,498.78,24
7,player,236,0,0,632.34,367.89,713.55,500.39,24
7,player,237,0,0,634.21,369.50,715.42,501.99,24
7,player,238,0,0,636.08,371.10,717.29,503.59,24
7,player,239,0,0,638.22,372.81,719.43,505.30,24
7,player,240,0,0,640.36,374.52,721.57,507.02,24
7,player,241,0,0,642.50,376.23,723.70,508.73,24
7,player,242,0,0,644.64,377.94,725.84,510.44,24
7,player,243,0,0,646.78,379.65,727.98,512.15,24
7,player,244,0,0,648.91,381.36,730.12,513.86,24
7,player,245,0,0,651.05,383.07,732.26,515.57,24
7,player,246,0,0,653.19,384.79,734.39,517.28,24
7,player,247,0,0,655.33,386.50,736.53,518.99,24
7,player,248,0,0,657.47,388.21,738.67,520.70,24
7,player,249,0,0,661.98,388.44,743.18,520.94,24
7,player,250,0,0,666.49,388.68,747.70,521.17,24
7,player,251,0,0,671.01,388.92,752.21,521.41,24
7,player,252,0,0,675.52,389.16,756.73,521.65,24
7,player,253,0,0,680.03,389.39,761.24,521.89,24
7,player,254,0,0,684.55,389.63,765.75,522.12,24
7,player,255,0,0,689.06,389.87,770.27,522.36,24
7,player,256,0,0,693.58,390.11,774.78,522.60,24
7,player,257,0,0,698.09,390.34,779.29,522.84,24
7,player,258,0,0,702.37,390.34,783.57,522.84,24
7,player,259,0,0,706.64,390.34,787.85,522.84,24
7,player,260,0,0,710.92,390.34,792.12,522.84,24
7,player,261,0,0,715.19,390.34,796.40,522.84,24
7,player,262,0,0,719.47,397.83,800.68,530.32,24
7,player,263,0,0,723.75,405.31,804.95,537.80,24
7,player,264,0,0,728.63,405.62,809.84,538.11,24
7,player,265,0,0,733.52,405.92,814.73,538.41,24
7,player,266,0,0,738.41,406.23,819.61,538.72,24
7,player,267,0,0,743.30,406.53,824.50,539.03,24
7,player,268,0,0,748.18,406.84,829.39,539.33,24
7,player,269,0,0,753.07,407.14,834.27,539.64,24
7,player,270,0,0,757.96,407.45,839.16,539.94,24
7,player,271,0,0,769.07,406.59,850.28,539.09,24
7,player,272,0,0,780.19,405.74,861.40,538.23,24
7,player,273,0,0,791.31,404.88,872.52,537.38,24
7,player,274,0,0,802.43,404.03,883.63,536.52,24
7,player,275,0,0,813.55,403.17,894.75,535.67,24
7,player,276,0,0,823.97,402.37,905.17,534.86,24
7,player,277,0,0,834.39,401.57,915.60,534.06,24
7,player,278,0,0,844.82,400.77,926.02,533.26,24
7,player,279,0,0,855.24,399.97,936.44,532.46,24
7,player,280,0,0,865.66,399.16,946.87,531.66,24
7,player,281,0,0,876.08,398.36,957.29,530.86,24
7,player,282,0,0,886.51,397.56,967.71,530.05,24
7,player,283,0,0,896.93,396.76,978.14,529.25,24
7,player,284,0,0,916.17,395.69,997.38,528.18,24
7,player,285,0,0,935.42,394.62,1016.62,527.11,24
7,player,286,0,0,944.18,393.98,1025.39,526.47,24
7,player,287,0,0,952.95,393.34,1034.15,525.83,24
7,player,288,0,0,961.71,392.70,1042.92,525.19,24
7,player,289,0,0,970.48,392.06,1051.69,524.55,24
7,player,290,0,0,979.25,391.41,1060.45,523.91,24
7,player,291,0,0,988.01,390.77,1069.22,523.26,24
7,player,292,0,0,996.78,390.13,1077.98,522.62,24
7,player,293,0,0,1005.54,389.49,1086.75,521.98,24
7,player,294,0,0,1014.31,388.85,1095.52,521.34,24
7,player,295,0,0,1023.08,388.21,1104.28,520.70,24
7,player,296,0,0,1030.40,385.90,1111.60,518.40,24
7,player,297,0,0,1037.71,383.60,1118.92,516.09,24
7,player,298,0,0,1045.03,381.30,1126.24,513.79,24
7,player,299,0,0,1052.35,379.00,1133.56,511.49,24
7,player,300,0,0,1059.67,376.69,1140.88,509.19,24
7,player,301,0,0,1066.99,374.39,1148.20,506.88,24
7,player,302,0,0,1074.31,372.09,1155.51,504.58,24
7,player,303,0,0,1081.63,369.79,1162.83,502.28,24
7,player,304,0,0,1088.95,367.48,1170.15,499.98,24
7,player,305,0,0,1096.27,365.18,1177.47,497.67,24
7,player,306,0,0,1103.58,362.88,1184.79,495.37,24
7,player,307,0,0,1110.90,360.58,1192.11,493.07,24
7,player,308,0,0,1118.22,358.27,1199.43,490.77,24
7,player,309,0,0,1125.54,355.97,1206.75,488.46,24
7,player,310,0,0,1132.86,353.67,1214.06,486.16,24
7,player,311,0,0,1140.18,351.37,1221.38,483.86,24
7,player,312,0,0,1147.50,349.06,1228.70,481.56,24
7,player,313,0,0,1154.82,346.76,1236.02,479.25,24
7,player,314,0,0,1162.13,344.46,1243.34,476.95,24
7,player,315,0,0,1169.45,342.16,1250.66,474.65,24
7,player,316,0,0,1176.77,339.85,1257.98,472.35,24
7,player,317,0,0,1184.09,337.55,1265.30,470.04,24
7,player,318,0,0,1191.41,335.25,1272.61,467.74,24
7,player,319,0,0,1198.73,332.94,1279.93,465.44,24
7,player,320,0,0,1206.05,330.64,1287.25,463.14,24
7,player,321,0,0,1213.37,328.34,1294.57,460.83,24
7,player,322,0,0,1208.52,328.76,1289.73,461.25,24
7,player,323,0,0,1203.68,329.17,1284.88,461.67,24
7,player,324,0,0,1198.83,329.59,1280.04,462.08,24
7,player,325,0,0,1193.99,330.00,1275.20,462.50,24
7,player,326,0,0,1189.15,330.42,1270.35,462.91,24
7,player,327,0,0,1184.30,330.84,1265.51,463.33,24
7,player,328,0,0,1179.46,331.25,1260.66,463.75,24
7,player,329,0,0,1174.62,331.67,1255.82,464.16,24
7,player,330,0,0,1169.77,332.09,1250.98,464.58,24
7,player,331,0,0,1164.93,332.50,1246.13,465.00,24
7,player,332,0,0,1160.08,332.92,1241.29,465.41,24
7,player,333,0,0,1155.24,333.34,1236.45,465.83,24
7,player,334,0,0,1150.40,333.75,1231.60,466.24,24
7,player,335,0,0,1145.55,334.17,1226.76,466.66,24
7,player,336,0,0,1140.71,334.58,1221.91,467.08,24
7,player,337,0,0,1135.87,335.00,1217.07,467.49,24
7,player,338,0,0,1131.02,335.42,1212.23,467.91,24
7,player,339,0,0,1126.18,335.83,1207.38,468.33,24
7,player,340,0,0,1121.33,336.25,1202.54,468.74,24
7,player,341,0,0,1116.49,336.67,1197.70,469.16,24
7,player,342,0,0,1111.65,337.08,1192.85,469.57,24
7,player,343,0,0,1106.80,337.50,1188.01,469.99,24
7,player,344,0,0,1101.96,337.91,1183.16,470.41,24
7,player,345,0,0,1097.11,338.33,1178.32,470.82,24
7,player,346,0,0,1092.27,338.75,1173.48,471.24,24
7,player,347,0,0,1087.43,339.16,1168.63,471.66,24
7,player,348,0,0,1082.58,339.58,1163.79,472.07,24
7,player,349,0,0,1077.74,340.00,1158.94,472.49,24
7,player,350,0,0,1072.90,340.41,1154.10,472.90,24
7,player,351,0,0,1068.05,340.83,1149.26,473.32,24
7,player,352,0,0,1063.21,341.24,1144.41,473.74,24
7,player,353,0,0,1058.36,341.66,1139.57,474.15,24
7,player,354,0,0,1053.52,342.08,1134.73,474.57,24
7,player,355,0,0,1048.68,342.49,1129.88,474.99,24
7,player,356,0,0,1043.83,342.91,1125.04,475.40,24
7,player,357,0,0,1038.99,343.33,1120.19,475.82,24
7,player,358,0,0,1034.15,343.74,1115.35,476.23,24
7,player,359,0,0,1029.30,344.16,1110.51,476.65,24
7,player,360,0,0,1024.46,344.57,1105.66,477.07,24
7,player,361,0,0,1019.61,344.99,1100.82,477.48,24
7,player,362,0,0,1014.77,345.41,1095.98,477.90,24
7,player,363,0,0,1009.93,345.82,1091.13,478.32,24
7,player,364,0,0,1005.08,346.24,1086.29,478.73,24
7,player,365,0,0,1000.24,346.66,1081.44,479.15,24
7,player,366,0,0,995.40,347.07,1076.60,479.56,24
7,player,367,0,0,990.55,347.49,1071.76,479.98,24
7,player,368,0,0,985.71,347.90,1066.91,480.40,24
7,player,369,0,0,980.86,348.32,1062.07,480.81,24
7,player,370,0,0,976.02,348.74,1057.22,481.23,24
7,player,371,0,0,971.18,349.15,1052.38,481.65,24
7,player,372,0,0,966.33,349.57,1047.54,482.06,24
7,player,373,0,0,961.49,349.99,1042.69,482.48,24
7,player,374,0,0,956.64,350.40,1037.85,482.89,24
7,player,375,0,0,951.80,350.82,1033.01,483.31,24
7,player,376,0,0,946.96,351.23,1028.16,483.73,24
7,player,377,0,0,942.11,351.65,1023.32,484.14,24
7,player,378,0,0,937.27,352.07,1018.47,484.56,24
7,player,379,0,0,932.43,352.48,1013.63,484.98,24
7,player,380,0,0,927.58,352.90,1008.79,485.39,24
7,player,381,0,0,922.74,353.32,1003.94,485.81,24
7,player,382,0,0,917.89,353.73,999.10,486.22,24
7,player,383,0,0,913.05,354.15,994.26,486.64,24
7,player,384,0,0,908.21,354.56,989.41,487.06,24
7,player,385,0,0,903.36,354.98,984.57,487.47,24
7,player,386,0,0,898.52,355.40,979.72,487.89,24
7,player,387,0,0,893.68,355.81,974.88,488.31,24
7,player,388,0,0,888.83,356.23,970.04,488.72,24
7,player,389,0,0,883.99,356.65,965.19,489.14,24
7,player,390,0,0,879.14,357.06,960.35,489.55,24
7,player,391,0,0,874.30,357.48,955.51,489.97,24
7,player,392,0,0,869.46,357.89,950.66,490.39,24
7,player,393,0,0,864.61,358.31,945.82,490.80,24
7,player,394,0,0,859.77,358.73,940.97,491.22,24
7,player,395,0,0,854.92,359.14,936.13,491.64,24
7,player,396,0,0,850.08,359.56,931.29,492.05,24
7,player,397,0,0,845.24,359.98,926.44,492.47,24
7,player,398,0,0,840.39,360.39,921.60,492.89,24
7,player,399,0,0,835.55,360.81,916.75,493.30,24
7,player,400,0,0,830.71,361.22,911.91,493.72,24
7,player,401,0,0,825.86,361.64,907.07,494.13,24
7,player,402,0,0,821.02,362.06,902.22,494.55,24
7,player,403,0,0,816.17,362.47,897.38,494.97,24
7,player,404,0,0,811.33,362.89,892.54,495.38,24
7,player,405,0,0,806.49,363.31,887.69,495.80,24
7,player,406,0,0,801.64,363.72,882.85,496.22,24
7,player,407,0,0,796.80,364.14,878.00,496.63,24
7,player,408,0,0,791.96,364.56,873.16,497.05,24
7,player,409,0,0,787.11,364.97,868.32,497.46,24
7,player,410,0,0,782.27,365.39,863.47,497.88,24
7,player,411,0,0,777.42,365.80,858.63,498.30,24
7,player,412,0,0,772.58,366.22,853.79,498.71,24
7,player,413,0,0,767.74,366.64,848.94,499.13,24
7,player,414,0,0,762.89,367.05,844.10,499.55,24
7,player,415,0,0,758.05,367.47,839.25,499.96,24
7,player,416,0,0,753.21,367.89,834.41,500.38,24
7,player,417,0,0,748.36,368.30,829.57,500.79,24
7,player,418,0,0,743.52,368.72,824.72,501.21,24
7,player,419,0,0,738.67,369.13,819.88,501.63,24
7,player,420,0,0,733.83,369.55,815.03,502.04,24
7,player,421,0,0,728.99,369.97,810.19,502.46,24
7,player,422,0,0,724.14,370.38,805.35,502.88,24
7,player,423,0,0,719.30,370.80,800.50,503.29,24
7,player,424,0,0,714.45,371.22,795.66,503.71,24
7,player,425,0,0,709.61,371.63,790.82,504.12,24
7,player,426,0,0,704.77,372.05,785.97,504.54,24
7,player,427,0,0,699.92,372.46,781.13,504.96,24
7,player,428,0,0,695.08,372.88,776.28,505.37,24
7,player,429,0,0,690.24,373.30,771.44,505.79,24
7,player,430,0,0,685.39,373.71,766.60,506.21,24
7,player,431,0,0,680.55,374.13,761.75,506.62,24
7,player,432,0,0,675.70,374.55,756.91,507.04,24
7,player,433,0,0,670.86,374.96,752.07,507.45,24
7,player,434,0,0,666.02,375.38,747.22,507.87,24
7,player,435,0,0,662.06,377.85,743.26,510.34,24
7,player,436,0,0,658.09,380.31,739.30,512.81,24
7,player,437,0,0,654.13,382.78,735.34,515.27,24
7,player,438,0,0,650.17,385.25,731.38,517.74,24
7,player,439,0,0,646.21,387.72,727.42,520.21,24
7,player,440,0,0,642.25,390.18,723.46,522.68,24
7,player,441,0,0,638.29,392.65,719.49,525.14,24
7,player,442,0,0,634.33,395.12,715.53,527.61,24
7,player,443,0,0,630.37,397.59,711.57,530.08,24
7,player,444,0,0,626.41,400.05,707.61,532.55,24
7,player,445,0,0,622.45,402.52,703.65,535.01,24
7,player,446,0,0,618.48,404.99,699.69,537.48,24
7,player,447,0,0,614.52,407.46,695.73,539.95,24
7,player,448,0,0,610.56,409.92,691.77,542.42,24
7,player,449,0,0,606.60,412.39,687.81,544.88,24
7,player,450,0,0,602.64,414.86,683.84,547.35,24
7,player,451,0,0,598.68,417.33,679.88,549.82,24
7,player,452,0,0,594.72,419.79,675.92,552.29,24
7,player,453,0,0,590.76,422.26,671.96,554.75,24
7,player,454,0,0,586.80,424.73,668.00,557.22,24
7,player,455,0,0,582.83,427.20,664.04,559.69,24
7,player,456,0,0,578.87,429.66,660.08,562.16,24
7,player,457,0,0,574.91,432.13,656.12,564.62,24
7,player,458,0,0,570.95,434.60,652.16,567.09,24
7,player,459,0,0,566.99,437.07,648.20,569.56,24
7,player,460,0,0,563.03,439.53,644.23,572.03,24
7,player,461,0,0,559.07,442.00,640.27,574.49,24
7,player,462,0,0,555.11,444.47,636.31,576.96,24
7,player,463,0,0,551.15,446.94,632.35,579.43,24
7,player,464,0,0,547.19,449.40,628.39,581.90,24
7,player,465,0,0,543.22,451.87,624.43,584.36,24
7,player,466,0,0,539.26,454.34,620.47,586.83,24
7,player,467,0,0,535.30,456.81,616.51,589.30,24
7,player,468,0,0,531.34,459.27,612.55,591.77,24
7,player,469,0,0,527.38,461.74,608.59,594.23,24
7,player,470,0,0,523.42,464.21,604.62,596.70,24
7,player,471,0,0,525.51,465.18,606.72,597.67,24
7,player,472,0,0,527.61,466.14,608.82,598.64,24
7,player,473,0,0,529.71,467.11,610.91,599.60,24
7,player,474,0,0,531.80,468.08,613.01,600.57,24
7,player,475,0,0,533.90,469.05,615.10,601.54,24
7,player,476,0,0,535.99,470.01,617.20,602.51,24
7,player,477,0,0,538.09,470.98,619.29,603.47,24
7,player,478,0,0,540.19,471.95,621.39,604.44,24
7,player,479,0,0,542.28,472.91,623.49,605.41,24
7,player,480,0,0,544.38,473.88,625.58,606.37,24
7,player,481,0,0,546.47,474.85,627.68,607.34,24
7,player,482,0,0,548.57,475.82,629.77,608.31,24
7,player,483,0,0,550.66,476.78,631.87,609.28,24
7,player,484,0,0,552.76,477.75,633.97,610.24,24
7,player,485,0,0,554.86,478.72,636.06,611.21,24
7,player,486,0,0,556.95,479.69,638.16,612.18,24
7,player,487,0,0,559.05,480.65,640.25,613.15,24
7,player,488,0,0,561.14,481.62,642.35,614.11,24
7,player,489,0,0,563.24,482.59,644.44,615.08,24
7,player,490,0,0,565.34,483.56,646.54,616.05,24
7,player,491,0,0,567.43,484.52,648.64,617.02,24
7,player,492,0,0,569.53,485.49,650.73,617.98,24
7,player,493,0,0,571.62,486.46,652.83,618.95,24
7,player,494,0,0,573.72,487.42,654.92,619.92,24
7,player,495,0,0,575.81,488.39,657.02,620.88,24
7,player,496,0,0,577.91,489.36,659.12,621.85,24
7,player,497,0,0,580.01,490.33,661.21,622.82,24
7,player,498,0,0,582.10,491.29,663.31,623.79,24
7,player,499,0,0,584.20,492.26,665.40,624.75,24
7,player,500,0,0,592.38,492.26,673.59,624.75,24
7,player,501,0,0,600.56,492.26,681.77,624.75,24
7,player,502,0,0,608.74,492.26,689.95,624.75,24
7,player,503,0,0,616.93,492.26,698.13,624.75,24
7,player,504,0,0,622.48,491.60,703.69,624.09,24
7,player,505,0,0,628.04,490.93,709.25,623.42,24
7,player,506,0,0,633.60,490.27,714.81,622.76,24
7,player,507,0,0,639.16,489.60,720.37,622.09,24
7,player,508,0,0,644.72,488.93,725.93,621.43,24
7,player,509,0,0,650.28,488.27,731.49,620.76,24
7,player,510,0,0,655.84,487.60,737.04,620.10,24
7,player,511,0,0,661.40,486.94,742.60,619.43,24
7,player,512,0,0,666.96,486.27,748.16,618.77,24
7,player,513,0,0,672.52,485.61,753.72,618.10,24
7,player,514,0,0,678.08,484.94,759.28,617.44,24
7,player,515,0,0,683.63,484.28,764.84,616.77,24
7,player,516,0,0,689.19,483.61,770.40,616.11,24
7,player,517,0,0,694.75,482.95,775.96,615.44,24
7,player,518,0,0,700.31,482.28,781.52,614.78,24
7,player,519,0,0,705.87,481.62,787.08,614.11,24
7,player,520,0,0,711.43,480.95,792.63,613.45,24
7,player,521,0,0,716.99,480.29,798.19,612.78,24
7,player,522,0,0,722.55,479.62,803.75,612.11,24
7,player,523,0,0,728.11,478.96,809.31,611.45,24
7,player,524,0,0,733.67,478.29,814.87,610.78,24
7,player,525,0,0,739.22,477.63,820.43,610.12,24
7,player,526,0,0,744.78,476.96,825.99,609.45,24
7,player,527,0,0,750.34,476.30,831.55,608.79,24
7,player,528,0,0,755.90,475.63,837.11,608.12,24
7,player,529,0,0,761.46,474.97,842.67,607.46,24
7,player,530,0,0,767.02,474.30,848.22,606.79,24
7,player,531,0,0,772.58,473.64,853.78,606.13,24
7,player,532,0,0,778.14,472.97,859.34,605.46,24
7,player,533,0,0,783.70,472.31,864.90,604.80,24
7,player,534,0,0,789.26,471.64,870.46,604.13,24
7,player,535,0,0,794.81,470.97,876.02,603.47,24
7,player,536,0,0,800.37,470.31,881.58,602.80,24
7,player,537,0,0,805.93,469.64,887.14,602.14,24
7,player,538,0,0,811.49,468.98,892.70,601.47,24
7,player,539,0,0,817.05,468.31,898.26,600.81,24
7,player,540,0,0,822.61,467.65,903.81,600.14,24
7,player,541,0,0,828.17,466.98,909.37,599.48,24
7,player,542,0,0,833.73,466.32,914.93,598.81,24
7,player,543,0,0,839.29,465.65,920.49,598.15,24
7,player,544,0,0,844.85,464.99,926.05,597.48,24
7,player,545,0,0,850.40,464.32,931.61,596.82,24
7,player,546,0,0,855.96,463.66,937.17,596.15,24
7,player,547,0,0,861.52,462.99,942.73,595.49,24
7,player,548,0,0,867.08,462.33,948.29,594.82,24
7,player,549,0,0,882.05,462.33,963.25,594.82,24
7,player,550,0,0,885.90,462.33,967.10,594.82,24
7,player,551,0,0,889.75,462.33,970.95,594.82,24
7,player,552,0,0,893.59,462.33,974.80,594.82,24
7,player,553,0,0,897.44,462.33,978.65,594.82,24
7,player,554,0,0,901.29,462.33,982.50,594.82,24
7,player,555,0,0,905.03,459.65,986.24,592.15,24
7,player,556,0,0,908.78,456.98,989.98,589.47,24
7,player,557,0,0,912.52,454.31,993.72,586.80,24
7,player,558,0,0,916.26,451.64,997.46,584.13,24
7,player,559,0,0,918.75,449.85,999.96,582.35,24
7,player,560,0,0,921.25,448.07,1002.45,580.57,24
7,player,561,0,0,923.74,446.29,1004.95,578.78,24
7,player,562,0,0,926.24,444.51,1007.44,577.00,24
7,player,563,0,0,928.73,442.73,1009.94,575.22,24
7,player,564,0,0,931.23,440.95,1012.43,573.44,24
7,player,565,0,0,933.72,439.16,1014.92,571.66,24
7,player,566,0,0,936.21,437.38,1017.42,569.88,24
7,player,567,0,0,938.71,435.60,1019.91,568.09,24
7,player,568,0,0,941.20,433.82,1022.41,566.31,24
7,player,569,0,0,943.70,432.04,1024.90,564.53,24
7,player,570,0,0,946.19,430.26,1027.40,562.75,24
7,player,571,0,0,951.94,429.12,1033.15,561.61,24
7,player,572,0,0,957.69,427.98,1038.89,560.47,24
7,player,573,0,0,963.44,426.83,1044.64,559.33,24
7,player,574,0,0,969.19,425.69,1050.39,558.19,24
7,player,575,0,0,974.94,424.55,1056.14,557.05,24
7,player,576,0,0,980.69,423.41,1061.89,555.91,24
7,player,577,0,0,986.43,422.27,1067.64,554.77,24
7,player,578,0,0,992.18,421.13,1073.39,553.63,24
7,player,579,0,0,997.93,419.99,1079.14,552.49,24
7,player,580,0,0,1003.68,418.85,1084.89,551.35,24
7,player,581,0,0,1009.43,417.71,1090.64,550.21,24
7,player,582,0,0,1015.18,416.57,1096.39,549.06,24
7,player,583,0,0,1020.93,415.43,1102.13,547.92,24
7,player,584,0,0,1026.68,414.29,1107.88,546.78,24
7,player,585,0,0,1032.43,413.15,1113.63,545.64,24
7,player,586,0,0,1038.18,412.01,1119.38,544.50,24
7,player,587,0,0,1043.93,410.87,1125.13,543.36,24
7,player,588,0,0,1049.67,409.73,1130.88,542.22,24
7,player,589,0,0,1055.42,408.59,1136.63,541.08,24
7,player,590,0,0,1061.17,407.45,1142.38,539.94,24
7,player,591,0,0,1066.92,406.31,1148.13,538.80,24
7,player,592,0,0,1072.67,405.17,1153.88,537.66,24
7,player,593,0,0,1078.42,404.03,1159.63,536.52,24
7,player,594,0,0,1084.17,402.89,1165.37,535.38,24
7,player,595,0,0,1089.92,401.75,1171.12,534.24,24
7,player,596,0,0,1095.67,400.61,1176.87,533.10,24
7,player,597,0,0,1101.42,399.47,1182.62,531.96,24
7,player,598,0,0,1107.17,398.33,1188.37,530.82,24
7,player,599,0,0,1112.91,397.19,1194.12,529.68,24
7,player,600,0,0,1118.66,396.05,1199.87,528.54,24
7,player,601,0,0,1124.41,394.91,1205.62,527.40,24
7,player,602,0,0,1130.16,393.77,1211.37,526.26,24
7,player,603,0,0,1135.91,392.63,1217.12,525.12,24
7,player,604,0,0,1141.66,391.48,1222.86,523.98,24
7,player,605,0,0,1147.41,390.34,1228.61,522.84,24
7,player,606,0,0,1153.16,389.20,1234.36,521.70,24
7,player,607,0,0,1158.91,388.06,1240.11,520.56,24
7,player,608,0,0,1164.66,386.92,1245.86,519.42,24
7,player,609,0,0,1170.41,385.78,1251.61,518.28,24
7,player,610,0,0,1176.15,384.64,1257.36,517.14,24
7,player,611,0,0,1181.90,383.50,1263.11,516.00,24
7,player,612,0,0,1187.65,382.36,1268.86,514.86,24
7,player,613,0,0,1193.40,381.22,1274.61,513.71,24
7,player,614,0,0,1199.15,380.08,1280.36,512.57,24
7,player,615,0,0,1204.90,378.94,1286.10,511.43,24
7,player,616,0,0,1210.60,378.23,1291.81,510.72,24
7,player,617,0,0,1216.30,377.52,1297.51,510.01,24
7,player,618,0,0,1222.00,376.80,1303.21,509.30,24
7,player,619,0,0,1233.17,376.09,1314.38,508.58,24
7,player,620,0,0,1244.34,375.38,1325.54,507.87,24
7,player,621,0,0,1255.50,374.67,1336.71,507.16,24
7,player,622,0,0,1266.67,373.95,1347.87,506.45,24
7,player,623,0,0,1277.83,373.24,1359.04,505.73,24
7,player,624,0,0,1289.00,372.53,1370.20,505.02,24
7,player,625,0,0,1300.16,371.81,1381.37,504.31,24
7,player,626,0,0,1311.33,371.10,1392.53,503.60,24
7,player,627,0,0,1322.49,370.39,1403.70,502.88,24
7,player,628,0,0,1327.91,370.82,1409.12,503.31,24
7,player,629,0,0,1333.33,371.24,1414.53,503.74,24
7,player,630,0,0,1338.74,371.67,1419.95,504.17,24
7,player,631,0,0,1344.16,372.10,1425.37,504.59,24
7,player,632,0,0,1349.58,372.53,1430.78,505.02,24
7,player,633,0,0,1354.99,372.96,1436.20,505.45,24
7,player,634,0,0,1360.41,373.38,1441.61,505.88,24
7,player,635,0,0,1365.83,373.81,1447.03,506.30,24
7,player,636,0,0,1371.24,374.24,1452.45,506.73,24
7,player,637,0,0,1376.66,374.67,1457.86,507.16,24
7,player,638,0,0,1382.08,375.09,1463.28,507.59,24
7,player,639,0,0,1387.49,375.52,1468.70,508.01,24
7,player,640,0,0,1392.91,375.95,1474.11,508.44,24
7,player,641,0,0,1398.32,376.38,1479.53,508.87,24
7,player,642,0,0,1403.74,376.80,1484.95,509.30,24
7,player,643,0,0,1409.16,377.23,1490.36,509.72,24
7,player,644,0,0,1414.57,377.66,1495.78,510.15,24
7,player,645,0,0,1419.99,378.09,1501.20,510.58,24
7,player,646,0,0,1425.41,378.51,1506.61,511.01,24
7,player,647,0,0,1430.82,378.94,1512.03,511.43,24
7,player,648,0,0,1436.24,379.37,1517.45,511.86,24
7,player,649,0,0,1441.66,379.80,1522.86,512.29,24
7,player,650,0,0,1447.07,380.22,1528.28,512.72,24
7,player,651,0,0,1452.49,380.65,1533.69,513.14,24
7,player,652,0,0,1457.91,381.08,1539.11,513.57,24
7,player,653,0,0,1463.32,381.51,1544.53,514.00,24
7,player,654,0,0,1468.74,381.93,1549.94,514.43,24
7,player,655,0,0,1474.16,382.36,1555.36,514.86,24
7,player,656,0,0,1479.57,382.79,1560.78,515.28,24
7,player,657,0,0,1484.99,383.22,1566.19,515.71,24
7,player,658,0,0,1491.40,384.29,1572.61,516.78,24
7,player,659,0,0,1497.82,385.36,1579.02,517.85,24
7,player,660,0,0,1499.96,385.92,1581.16,518.41,24
7,player,661,0,0,1502.09,386.48,1583.30,518.97,24
7,player,662,0,0,1504.23,387.04,1585.44,519.54,24
7,player,663,0,0,1506.37,387.61,1587.57,520.10,24
7,player,664,0,0,1508.51,388.17,1589.71,520.66,24
7,player,665,0,0,1510.65,388.73,1591.85,521.23,24
7,player,666,0,0,1512.78,389.30,1593.99,521.79,24
7,player,667,0,0,1514.92,389.86,1596.13,522.35,24
7,player,668,0,0,1517.06,390.42,1598.26,522.91,24
7,player,669,0,0,1519.20,390.98,1600.40,523.48,24
7,player,670,0,0,1521.34,391.55,1602.54,524.04,24
7,player,671,0,0,1523.47,392.11,1604.68,524.60,24
7,player,672,0,0,1525.61,392.67,1606.82,525.16,24
7,player,673,0,0,1527.75,393.23,1608.96,525.73,24
7,player,674,0,0,1529.89,393.80,1611.09,526.29,24
7,player,675,0,0,1532.03,394.36,1613.23,526.85,24
7,player,676,0,0,1534.16,394.92,1615.37,527.41,24
7,player,677,0,0,1536.30,395.48,1617.51,527.98,24
7,player,678,0,0,1538.44,396.05,1619.65,528.54,24
7,player,679,0,0,1532.57,396.44,1613.78,528.94,24
7,player,680,0,0,1526.71,396.84,1607.91,529.34,24
7,player,681,0,0,1520.84,397.24,1602.04,529.73,24
7,player,682,0,0,1514.97,397.64,1596.18,530.13,24
7,player,683,0,0,1509.10,398.04,1590.31,530.53,24
7,player,684,0,0,1503.24,398.43,1584.44,530.93,24
7,player,685,0,0,1497.37,398.83,1578.57,531.32,24
7,player,686,0,0,1491.50,399.23,1572.71,531.72,24
7,player,687,0,0,1485.63,399.63,1566.84,532.12,24
7,player,688,0,0,1479.77,400.02,1560.97,532.52,24
7,player,689,0,0,1473.90,400.42,1555.11,532.92,24
7,player,690,0,0,1468.03,400.82,1549.24,533.31,24
7,player,691,0,0,1462.17,401.22,1543.37,533.71,24
7,player,692,0,0,1456.30,401.62,1537.50,534.11,24
7,player,693,0,0,1450.43,402.01,1531.64,534.51,24
7,player,694,0,0,1444.56,402.41,1525.77,534.90,24
7,player,695,0,0,1438.70,402.81,1519.90,535.30,24
7,player,696,0,0,1432.83,403.21,1514.03,535.70,24
7,player,697,0,0,1426.96,403.60,1508.17,536.10,24
7,player,698,0,0,1421.09,404.00,1502.30,536.50,24
7,player,699,0,0,1415.23,404.40,1496.43,536.89,24
7,player,700,0,0,1409.36,404.80,1490.56,537.29,24
7,player,701,0,0,1403.49,405.20,1484.70,537.69,24
7,player,702,0,0,1397.63,405.59,1478.83,538.09,24
7,player,703,0,0,1391.76,405.99,1472.96,538.48,24
7,player,704,0,0,1385.89,406.39,1467.10,538.88,24
7,player,705,0,0,1380.02,406.79,1461.23,539.28,24
7,player,706,0,0,1374.16,407.19,1455.36,539.68,24
7,player,707,0,0,1368.29,407.58,1449.49,540.08,24
7,player,708,0,0,1362.42,407.98,1443.63,540.47,24
7,player,709,0,0,1356.55,408.38,1437.76,540.87,24
7,player,710,0,0,1350.69,408.78,1431.89,541.27,24
7,player,711,0,0,1344.82,409.17,1426.02,541.67,24
7,player,712,0,0,1338.95,409.57,1420.16,542.06,24
7,player,713,0,0,1333.08,409.97,1414.29,542.46,24
7,player,714,0,0,1327.22,410.37,1408.42,542.86,24
7,player,715,0,0,1321.35,410.77,1402.56,543.26,24
7,player,716,0,0,1315.48,411.16,1396.69,543.66,24
7,player,717,0,0,1309.62,411.56,1390.82,544.05,24
7,player,718,0,0,1303.75,411.96,1384.95,544.45,24
7,player,719,0,0,1297.88,412.36,1379.09,544.85,24
7,player,720,0,0,1292.01,412.75,1373.22,545.25,24
7,player,721,0,0,1286.15,413.15,1367.35,545.64,24
7,player,722,0,0,1280.28,413.55,1361.48,546.04,24
7,player,723,0,0,1274.41,413.95,1355.62,546.44,24
7,player,724,0,0,1268.54,414.35,1349.75,546.84,24
7,player,725,0,0,1262.68,414.74,1343.88,547.24,24
7,player,726,0,0,1256.81,415.14,1338.02,547.63,24
7,player,727,0,0,1250.94,415.54,1332.15,548.03,24
7,player,728,0,0,1245.08,415.94,1326.28,548.43,24
7,player,729,0,0,1239.21,416.33,1320.41,548.83,24
7,player,730,0,0,1233.34,416.73,1314.55,549.22,24
7,player,731,0,0,1227.47,417.13,1308.68,549.62,24
7,player,732,0,0,1221.61,417.53,1302.81,550.02,24
7,player,733,0,0,1215.74,417.93,1296.94,550.42,24
7,player,734,0,0,1209.87,418.32,1291.08,550.82,24
7,player,735,0,0,1204.00,418.72,1285.21,551.21,24
7,player,736,0,0,1198.14,419.12,1279.34,551.61,24
7,player,737,0,0,1192.27,419.52,1273.47,552.01,24
7,player,738,0,0,1186.40,419.91,1267.61,552.41,24
7,player,739,0,0,1180.54,420.31,1261.74,552.80,24
7,player,740,0,0,1174.67,420.71,1255.87,553.20,24
7,player,741,0,0,1168.80,421.11,1250.01,553.60,24
7,player,742,0,0,1162.93,421.51,1244.14,554.00,24
7,player,743,0,0,1157.07,421.90,1238.27,554.40,24
7,player,744,0,0,1151.20,422.30,1232.40,554.79,24
7,player,745,0,0,1145.33,422.70,1226.54,555.19,24
7,player,746,0,0,1139.46,423.10,1220.67,555.59,24
7,player,747,0,0,1133.60,423.49,1214.80,555.99,24
7,player,748,0,0,1127.73,423.89,1208.93,556.38,24
7,player,749,0,0,1121.86,424.29,1203.07,556.78,24
7,player,750,0,0,1115.99,424.69,1197.20,557.18,24
7,player,751,0,0,1110.13,425.09,1191.33,557.58,24
7,player,752,0,0,1104.26,425.48,1185.47,557.98,24
7,player,753,0,0,1098.39,425.88,1179.60,558.37,24
7,player,754,0,0,1092.53,426.28,1173.73,558.77,24
7,player,755,0,0,1086.66,426.68,1167.86,559.17,24
7,player,756,0,0,1080.79,427.07,1162.00,559.57,24
7,player,757,0,0,1074.92,427.47,1156.13,559.97,24
7,player,758,0,0,1069.06,427.87,1150.26,560.36,24
7,player,759,0,0,1063.19,428.27,1144.39,560.76,24
7,player,760,0,0,1057.32,428.67,1138.53,561.16,24
7,player,761,0,0,1051.45,429.06,1132.66,561.56,24
7,player,762,0,0,1045.59,429.46,1126.79,561.95,24
7,player,763,0,0,1039.72,429.86,1120.92,562.35,24
7,player,764,0,0,1033.85,430.26,1115.06,562.75,24
7,player,765,0,0,1029.77,431.03,1110.98,563.53,24
7,player,766,0,0,1025.69,431.81,1106.89,564.30,24
7,player,767,0,0,1021.61,432.59,1102.81,565.08,24
7,player,768,0,0,1017.53,433.37,1098.73,565.86,24
7,player,769,0,0,1013.44,434.14,1094.65,566.64,24
7,player,770,0,0,1009.36,434.92,1090.57,567.41,24
7,player,771,0,0,1005.28,435.70,1086.48,568.19,24
7,player,772,0,0,1001.20,436.48,1082.40,568.97,24
7,player,773,0,0,997.12,437.25,1078.32,569.75,24
7,player,774,0,0,993.03,438.03,1074.24,570.52,24
7,player,775,0,0,988.95,438.81,1070.16,571.30,24
7,player,776,0,0,984.87,439.59,1066.08,572.08,24
7,player,777,0,0,980.79,440.36,1061.99,572.86,24
7,player,778,0,0,976.71,441.14,1057.91,573.63,24
7,player,779,0,0,972.62,441.92,1053.83,574.41,24
7,player,780,0,0,968.54,442.70,1049.75,575.19,24
7,player,781,0,0,964.46,443.47,1045.67,575.97,24
7,player,782,0,0,960.38,444.25,1041.58,576.74,24
7,player,783,0,0,956.30,445.03,1037.50,577.52,24
7,player,784,0,0,952.22,445.81,1033.42,578.30,24
7,player,785,0,0,948.13,446.58,1029.34,579.08,24
7,player,786,0,0,944.05,447.36,1025.26,579.85,24
7,player,787,0,0,937.85,447.15,1018.20,579.64,24
7,player,788,0,0,931.65,446.93,1011.14,579.43,24
7,player,789,0,0,925.45,446.72,1004.09,579.21,24
7,player,790,0,0,919.25,446.51,997.03,579.00,24
7,player,791,0,0,913.05,446.29,989.98,578.79,24
7,player,792,0,0,906.85,446.08,982.92,578.57,24
7,player,793,0,0,900.65,445.86,975.86,578.36,24
7,player,794,0,0,894.45,445.65,968.81,578.14,24
7,player,795,0,0,888.25,445.44,961.75,577.93,24
7,player,796,0,0,882.05,445.22,954.70,577.72,24
7,player,797,0,0,877.20,444.72,949.85,577.21,24
7,player,798,0,0,872.36,444.22,945.01,576.71,24
7,player,799,0,0,867.52,443.71,940.17,576.21,24
7,player,800,0,0,862.68,443.21,935.33,575.70,24
7,player,801,0,0,857.84,442.71,930.48,575.20,24
7,player,802,0,0,852.99,442.21,925.64,574.70,24
7,player,803,0,0,848.15,441.70,920.80,574.19,24
7,player,804,0,0,843.31,441.20,915.96,573.69,24
7,player,805,0,0,838.47,440.70,911.12,573.19,24
7,player,806,0,0,833.63,440.19,906.27,572.69,24
7,player,807,0,0,828.78,439.69,901.43,572.18,24
7,player,808,0,0,823.94,439.19,896.59,571.68,24
7,player,809,0,0,819.10,438.68,891.75,571.18,24
7,player,810,0,0,814.26,438.18,886.91,570.67,24
7,player,811,0,0,809.42,437.68,882.06,570.17,24
7,player,812,0,0,804.57,437.17,877.22,569.67,24
7,player,813,0,0,799.73,436.67,872.38,569.16,24
7,player,814,0,0,794.89,436.17,867.54,568.66,24
7,player,815,0,0,790.05,435.67,862.69,568.16,24
7,player,816,0,0,785.20,435.16,857.85,567.65,24
7,player,817,0,0,780.36,434.66,853.01,567.15,24
7,player,818,0,0,775.52,434.16,848.17,566.65,24
7,player,819,0,0,770.68,433.65,843.33,566.15,24
7,player,820,0,0,765.84,433.15,838.48,565.64,24
7,player,821,0,0,760.99,432.65,833.64,565.14,24
7,player,822,0,0,756.15,432.14,828.80,564.64,24
7,player,823,0,0,751.31,431.64,823.96,564.13,24
7,player,824,0,0,746.47,431.14,819.12,563.63,24
7,player,825,0,0,741.63,430.63,814.27,563.13,24
7,player,826,0,0,736.78,430.13,809.43,562.62,24
7,player,827,0,0,731.94,429.63,804.59,562.12,24
7,player,828,0,0,727.10,429.13,799.75,561.62,24
7,player,829,0,0,722.26,428.62,794.91,561.11,24
7,player,830,0,0,717.42,428.12,790.06,560.61,24
7,player,831,0,0,710.29,428.83,782.94,561.32,24
7,player,832,0,0,703.16,429.54,775.81,562.04,24
7,player,833,0,0,696.03,430.26,768.68,562.75,24
7,player,834,0,0,696.03,430.26,768.68,562.75,24
7,player,835,0,0,696.03,430.26,768.68,562.75,24
7,player,836,0,0,696.03,430.26,768.68,562.75,24
7,player,837,0,0,696.03,430.26,768.68,562.75,24
7,player,838,0,0,696.03,430.26,768.68,562.75,24
7,player,839,0,0,696.03,430.26,768.68,562.75,24
7,player,840,0,0,696.03,430.26,768.68,562.75,24
7,player,841,0,0,696.03,430.26,768.68,562.75,24
7,player,842,0,0,696.03,430.26,768.68,562.75,24
7,player,843,0,0,696.03,430.26,768.68,562.75,24
7,player,844,0,0,696.03,430.26,768.68,562.75,24
7,player,845,0,0,696.03,430.26,768.68,562.75,24
7,player,846,0,0,696.03,430.26,768.68,562.75,24
7,player,847,0,0,696.03,430.26,768.68,562.75,24
7,player,848,0,0,696.03,430.26,768.68,562.75,24
7,player,849,0,0,696.03,430.26,768.68,562.75,24
7,player,850,0,0,696.03,430.26,768.68,562.75,24
7,player,851,0,0,696.03,430.26,768.68,562.75,24
7,player,852,0,0,696.03,430.26,768.68,562.75,24
7,player,853,0,0,696.03,430.26,768.68,562.75,24
7,player,854,0,0,696.03,430.26,768.68,562.75,24
7,player,855,0,0,696.03,430.26,768.68,562.75,24
7,player,856,0,0,696.03,430.26,768.68,562.75,24
7,player,857,0,0,696.03,430.26,768.68,562.75,24
7,player,858,0,0,696.03,430.26,768.68,562.75,24
7,player,859,0,0,696.03,430.26,768.68,562.75,24
7,player,860,0,0,696.03,430.26,768.68,562.75,24
7,player,861,0,0,696.03,430.26,768.68,562.75,24
7,player,862,0,0,696.03,430.26,768.68,562.75,24
7,player,863,0,0,696.03,430.26,768.68,562.75,24
7,player,864,0,0,696.03,430.26,768.68,562.75,24
7,player,865,0,0,696.03,430.26,768.68,562.75,24
7,player,866,0,0,696.03,430.26,768.68,562.75,24
7,player,867,0,0,696.03,430.26,768.68,562.75,24
7,player,868,0,0,696.03,430.26,768.68,562.75,24
7,player,869,0,0,696.03,430.26,768.68,562.75,24
7,player,870,0,0,696.03,430.26,768.68,562.75,24
7,player,871,0,0,696.03,430.26,768.68,562.75,24
7,player,872,0,0,696.03,430.26,768.68,562.75,24
7,player,873,0,0,696.03,430.26,768.68,562.75,24
7,player,874,0,0,696.03,430.26,768.68,562.75,24
7,player,875,0,0,696.03,430.26,768.68,562.75,24
7,player,876,0,0,696.03,430.26,768.68,562.75,24
7,player,877,0,0,696.03,430.26,768.68,562.75,24
7,player,878,0,0,696.03,430.26,768.68,562.75,24
7,player,879,0,0,696.03,430.26,768.68,562.75,24
7,player,880,0,0,696.03,430.26,768.68,562.75,24
7,player,881,0,0,696.03,430.26,768.68,562.75,24
7,player,882,0,0,696.03,430.26,768.68,562.75,24
7,player,883,0,0,696.03,430.26,768.68,562.75,24
7,player,884,0,0,696.03,430.26,768.68,562.75,24
7,player,885,0,0,696.03,430.26,768.68,562.75,24
7,player,886,0,0,696.03,430.26,768.68,562.75,24
7,player,887,0,0,696.03,430.26,768.68,562.75,24
7,player,888,0,0,696.03,430.26,768.68,562.75,24
7,player,889,0,0,696.03,430.26,768.68,562.75,24
7,player,890,0,0,696.03,430.26,768.68,562.75,24
7,player,891,1,0,696.03,430.26,768.68,562.75,24
8,player,7,0,0,1232.61,328.34,1303.16,486.54,4
8,player,8,0,0,1231.45,328.67,1302.00,486.86,4
8,player,9,0,0,1230.29,328.99,1300.84,487.19,4
8,player,10,0,0,1229.12,329.32,1299.67,487.51,4
8,player,11,0,0,1227.96,329.64,1298.51,487.84,4
8,player,12,0,0,1226.80,329.97,1297.35,488.16,4
8,player,13,0,0,1225.64,330.29,1296.19,488.49,4
8,player,14,0,0,1224.48,330.62,1295.03,488.82,4
8,player,15,0,0,1223.31,330.94,1293.86,489.14,4
8,player,16,0,0,1222.15,331.27,1292.70,489.47,4
8,player,17,0,0,1220.99,331.59,1291.54,489.79,4
8,player,18,0,0,1219.83,331.92,1290.38,490.12,4
8,player,19,0,0,1218.67,332.25,1289.22,490.44,4
8,player,20,0,0,1217.50,332.57,1288.05,490.77,4
8,player,21,0,0,1216.34,332.90,1286.89,491.09,4
8,player,22,0,0,1215.18,333.22,1285.73,491.42,4
8,player,23,0,0,1214.02,333.55,1284.57,491.74,4
8,player,24,0,0,1212.86,333.87,1283.41,492.07,4
8,player,25,0,0,1211.69,334.20,1282.24,492.39,4
8,player,26,0,0,1210.53,334.52,1281.08,492.72,4
8,player,27,0,0,1209.37,334.85,1279.92,493.05,4
8,player,28,0,0,1208.21,335.17,1278.76,493.37,4
8,player,29,0,0,1207.05,335.50,1277.60,493.70,4
8,player,30,0,0,1205.88,335.82,1276.43,494.02,4
8,player,31,0,0,1204.72,336.15,1275.27,494.35,4
8,player,32,0,0,1203.56,336.47,1274.11,494.67,4
8,player,33,0,0,1202.40,336.80,1272.95,495.00,4
8,player,34,0,0,1201.24,337.13,1271.79,495.32,4
8,player,35,0,0,1200.07,337.45,1270.62,495.65,4
8,player,36,0,0,1198.91,337.78,1269.46,495.97,4
8,player,37,0,0,1197.75,338.10,1268.30,496.30,4
8,player,38,0,0,1196.59,338.43,1267.14,496.62,4
8,player,39,0,0,1195.43,338.75,1265.98,496.95,4
8,player,40,0,0,1194.26,339.08,1264.81,497.27,4
8,player,41,0,0,1193.10,339.40,1263.65,497.60,4
8,player,42,0,0,1191.94,339.73,1262.49,497.93,4
8,player,43,0,0,1190.78,340.05,1261.33,498.25,4
8,player,44,0,0,1189.62,340.38,1260.17,498.58,4
8,player,45,0,0,1188.45,340.70,1259.00,498.90,4
8,player,46,0,0,1187.29,341.03,1257.84,499.23,4
8,player,47,0,0,1186.13,341.36,1256.68,499.55,4
8,player,48,0,0,1184.97,341.68,1255.52,499.88,4
8,player,49,0,0,1183.81,342.01,1254.36,500.20,4
8,player,50,0,0,1182.64,342.33,1253.19,500.53,4
8,player,51,0,0,1181.48,342.66,1252.03,500.85,4
8,player,52,0,0,1180.32,342.98,1250.87,501.18,4
8,player,53,0,0,1179.16,343.31,1249.71,501.50,4
8,player,54,0,0,1178.30,344.02,1249.71,502.22,4
8,player,55,0,0,1177.45,344.73,1249.71,502.93,4
8,player,56,0,0,1176.59,345.45,1249.71,503.64,4
8,player,57,0,0,1175.74,346.16,1249.71,504.36,4
8,player,58,0,0,1174.88,346.87,1249.70,505.07,4
8,player,59,0,0,1174.03,347.58,1249.70,505.78,4
8,player,60,0,0,1173.17,348.30,1249.70,506.49,4
8,player,61,0,0,1172.32,349.01,1249.70,507.21,4
8,player,62,0,0,1171.46,349.72,1249.70,507.92,4
8,player,63,0,0,1170.61,350.43,1249.70,508.63,4
8,player,64,0,0,1169.75,351.15,1249.70,509.34,4
8,player,65,0,0,1168.89,351.86,1249.70,510.06,4
8,player,66,0,0,1168.04,352.57,1249.70,510.77,4
8,player,67,0,0,1167.18,353.29,1249.70,511.48,4
8,player,68,0,0,1166.33,354.00,1249.70,512.20,4
8,player,69,0,0,1167.78,353.16,1251.15,511.36,4
8,player,70,0,0,1169.23,352.32,1252.60,510.52,4
8,player,71,0,0,1170.68,351.48,1254.05,509.68,4
8,player,72,0,0,1172.13,350.64,1255.50,508.84,4
8,player,73,0,0,1173.58,349.80,1256.95,508.00,4
8,player,74,0,0,1175.03,348.96,1258.41,507.16,4
8,player,75,0,0,1176.49,348.12,1259.86,506.32,4
8,player,76,0,0,1177.94,347.28,1261.31,505.48,4
8,player,77,0,0,1179.39,346.44,1262.76,504.64,4
8,player,78,0,0,1180.84,345.60,1264.21,503.80,4
8,player,79,0,0,1182.29,344.76,1265.66,502.96,4
8,player,80,0,0,1183.74,343.92,1267.11,502.12,4
8,player,81,0,0,1185.19,343.08,1268.56,501.28,4
8,player,82,0,0,1186.64,342.24,1270.01,500.44,4
8,player,83,0,0,1188.09,341.40,1271.46,499.60,4
8,player,84,0,0,1189.54,340.56,1272.91,498.76,4
8,player,85,0,0,1190.99,339.72,1274.36,497.92,4
8,player,86,0,0,1192.44,338.88,1275.82,497.08,4
8,player,87,0,0,1193.90,338.04,1277.27,496.24,4
8,player,88,0,0,1195.35,337.20,1278.72,495.40,4
8,player,89,0,0,1196.80,336.36,1280.17,494.56,4
8,player,90,0,0,1198.25,335.52,1281.62,493.72,4
8,player,91,0,0,1199.70,334.68,1283.07,492.88,4
8,player,92,0,0,1201.15,333.84,1284.52,492.04,4
8,player,93,0,0,1202.60,333.00,1285.97,491.20,4
8,player,94,0,0,1204.05,332.16,1287.42,490.36,4
8,player,95,0,0,1205.50,331.32,1288.87,489.52,4
8,player,96,0,0,1206.95,330.48,1290.32,488.68,4
8,player,97,0,0,1206.34,328.65,1289.71,486.84,4
8,player,98,0,0,1205.73,326.81,1289.10,485.01,4
8,player,99,0,0,1205.12,324.98,1288.49,483.18,4
8,player,100,0,0,1204.51,323.15,1287.88,481.35,4
8,player,101,0,0,1203.90,321.32,1287.27,479.51,4
8,player,102,0,0,1203.29,319.48,1286.66,477.68,4
8,player,103,0,0,1202.68,317.65,1286.05,475.85,4
8,player,104,0,0,1200.78,316.46,1284.15,474.66,4
8,player,105,0,0,1198.88,315.28,1282.25,473.47,4
8,player,106,0,0,1196.98,314.09,1280.35,472.28,4
8,player,107,0,0,1195.07,312.90,1278.45,471.10,4
8,player,108,0,0,1193.17,311.71,1276.55,469.91,4
8,player,109,0,0,1191.27,310.52,1274.64,468.72,4
8,player,110,0,0,1189.37,309.34,1272.74,467.53,4
8,player,111,0,0,1187.47,308.15,1270.84,466.35,4
8,player,112,0,0,1185.57,306.96,1268.94,465.16,4
8,player,113,0,0,1181.13,305.65,1264.50,463.84,4
8,player,114,0,0,1176.69,304.33,1260.06,462.53,4
8,player,115,0,0,1172.25,303.01,1255.62,461.21,4
8,player,116,0,0,1167.81,301.70,1251.18,459.90,4
8,player,117,0,0,1163.37,300.38,1246.74,458.58,4
8,player,118,0,0,1158.93,299.07,1242.30,457.26,4
8,player,119,0,0,1154.49,297.75,1237.86,455.95,4
8,player,120,0,0,1150.05,296.44,1233.42,454.63,4
8,player,121,0,0,1145.61,295.12,1228.98,453.32,4
8,player,122,0,0,1141.17,293.80,1224.54,452.00,4
8,player,123,0,0,1136.73,292.49,1220.10,450.68,4
8,player,124,0,0,1132.29,291.17,1215.66,449.37,4
8,player,125,0,0,1127.84,289.86,1211.22,448.05,4
8,player,126,0,0,1122.69,288.16,1206.06,446.36,4
8,player,127,0,0,1117.53,286.46,1200.90,444.66,4
8,player,128,0,0,1112.38,284.76,1195.75,442.96,4
8,player,129,0,0,1107.22,283.06,1190.59,441.26,4
8,player,130,0,0,1102.06,281.37,1185.43,439.56,4
8,player,131,0,0,1096.91,279.67,1180.28,437.87,4
8,player,132,0,0,1091.75,277.97,1175.12,436.17,4
8,player,133,0,0,1086.59,276.27,1169.96,434.47,4
8,player,134,0,0,1081.44,274.58,1164.81,432.77,4
8,player,135,0,0,1076.28,272.88,1159.65,431.07,4
8,player,136,0,0,1071.12,271.18,1154.49,429.38,4
8,player,137,0,0,1065.97,269.48,1149.34,427.68,4
8,player,138,0,0,1060.81,267.78,1144.18,425.98,4
8,player,139,0,0,1055.65,266.09,1139.02,424.28,4
8,player,140,0,0,1050.50,264.39,1133.87,422.59,4
8,player,141,0,0,1045.34,262.69,1128.71,420.89,4
8,player,142,0,0,1040.18,260.99,1123.55,419.19,4
8,player,143,0,0,1035.03,259.29,1118.40,417.49,4
8,player,144,0,0,1029.87,257.60,1113.24,415.79,4
8,player,145,0,0,1024.71,255.90,1108.08,414.10,4
8,player,146,0,0,1019.56,254.20,1102.93,412.40,4
8,player,147,0,0,1014.40,252.50,1097.77,410.70,4
8,player,148,0,0,1009.24,250.80,1092.61,409.00,4
8,player,149,0,0,1004.09,249.11,1087.46,407.30,4
8,player,150,0,0,998.93,247.41,1082.30,405.61,4
8,player,151,0,0,993.77,245.71,1077.14,403.91,4
8,player,152,0,0,988.62,244.01,1071.99,402.21,4
8,player,153,0,0,983.46,242.32,1066.83,400.51,4
8,player,154,0,0,978.30,240.62,1061.68,398.81,4
8,player,155,0,0,973.15,238.92,1056.52,397.12,4
8,player,156,0,0,967.99,237.22,1051.36,395.42,4
8,player,157,0,0,962.83,235.52,1046.21,393.72,4
8,player,158,0,0,957.68,233.83,1041.05,392.02,4
8,player,159,0,0,952.52,232.13,1035.89,390.33,4
8,player,160,0,0,950.21,233.63,1033.58,391.83,4
8,player,161,0,0,947.90,235.13,1031.27,393.33,4
8,player,162,0,0,945.59,236.64,1028.96,394.83,4
8,player,163,0,0,943.28,238.14,1026.65,396.33,4
8,player,164,0,0,940.96,239.64,1024.34,397.84,4
8,player,165,0,0,938.65,241.14,1022.02,399.34,4
8,player,166,0,0,936.34,242.65,1019.71,400.84,4
8,player,167,0,0,934.03,244.15,1017.40,402.34,4
8,player,168,0,0,931.72,245.65,1015.09,403.85,4
8,player,169,0,0,929.41,247.15,1012.78,405.35,4
8,player,170,0,0,927.10,248.65,1010.47,406.85,4
8,player,171,0,0,924.78,250.16,1008.16,408.35,4
8,player,172,0,0,922.47,251.66,1005.84,409.86,4
8,player,173,0,0,920.16,253.16,1003.53,411.36,4
8,player,174,0,0,917.85,254.66,1001.22,412.86,4
8,player,175,0,0,915.54,256.17,998.91,414.36,4
8,player,176,0,0,913.23,257.67,996.60,415.87,4
8,player,177,0,0,910.92,259.17,994.29,417.37,4
8,player,178,0,0,908.60,260.67,991.97,418.87,4
8,player,179,0,0,906.29,262.18,989.66,420.37,4
8,player,180,0,0,903.98,263.68,987.35,421.88,4
8,player,181,0,0,901.67,265.18,985.04,423.38,4
8,player,182,0,0,899.36,266.68,982.73,424.88,4
8,player,183,0,0,897.05,268.19,980.42,426.38,4
8,player,184,0,0,894.74,269.69,978.11,427.89,4
8,player,185,0,0,892.42,271.19,975.79,429.39,4
8,player,186,0,0,890.11,272.69,973.48,430.89,4
8,player,187,0,0,887.80,274.20,971.17,432.39,4
8,player,188,0,0,885.49,275.70,968.86,433.90,4
8,player,189,0,0,883.18,277.20,966.55,435.40,4
8,player,190,0,0,880.87,278.70,964.24,436.90,4
8,player,191,0,0,878.56,280.21,961.93,438.40,4
8,player,192,0,0,876.24,281.71,959.61,439.91,4
8,player,193,0,0,873.93,283.21,957.30,441.41,4
8,player,194,0,0,871.62,284.71,954.99,442.91,4
8,player,195,0,0,869.31,286.22,952.68,444.41,4
8,player,196,0,0,867.00,287.72,950.37,445.92,4
8,player,197,0,0,867.95,287.96,951.32,446.15,4
8,player,198,0,0,868.90,288.19,952.27,446.39,4
8,player,199,0,0,869.85,288.43,953.22,446.63,4
8,player,200,0,0,870.80,288.67,954.17,446.87,4
8,player,201,0,0,871.75,288.91,955.12,447.10,4
8,player,202,0,0,872.70,289.14,956.07,447.34,4
8,player,203,0,0,873.65,289.38,957.02,447.58,4
8,player,204,0,0,874.60,289.62,957.97,447.82,4
8,player,205,0,0,875.55,289.86,958.92,448.05,4
8,player,206,0,0,876.50,290.09,959.87,448.29,4
8,player,207,0,0,877.45,290.33,960.82,448.53,4
8,player,208,0,0,878.40,290.57,961.77,448.77,4
8,player,209,0,0,879.35,290.81,962.72,449.00,4
8,player,210,0,0,880.30,291.04,963.67,449.24,4
8,player,211,0,0,881.25,291.28,964.62,449.48,4
8,player,212,0,0,882.20,291.52,965.57,449.72,4
8,player,213,0,0,883.15,291.76,966.52,449.95,4
8,player,214,0,0,884.10,291.99,967.47,450.19,4
8,player,215,0,0,886.24,293.42,969.61,450.99,4
8,player,216,0,0,888.38,294.84,971.75,451.79,4
8,player,217,0,0,890.52,296.27,973.89,452.60,4
8,player,218,0,0,892.65,297.70,976.03,453.40,4
8,player,219,0,0,894.79,299.12,978.17,454.20,4
8,player,220,0,0,896.93,300.55,980.31,455.00,4
8,player,221,0,0,899.07,301.97,982.44,455.80,4
8,player,222,0,0,901.21,303.40,984.58,456.61,4
8,player,223,0,0,903.35,304.82,986.72,457.41,4
8,player,224,0,0,905.48,306.25,988.86,458.21,4
8,player,225,0,0,907.62,307.67,991.00,459.01,4
8,player,226,0,0,909.76,309.10,993.14,459.81,4
8,player,227,0,0,911.90,310.52,995.28,460.61,4
8,player,228,0,0,914.04,311.95,997.41,461.42,4
8,player,229,0,0,916.17,313.37,999.55,462.22,4
8,player,230,0,0,918.31,314.80,1001.69,463.02,4
8,player,231,0,0,920.45,316.22,1003.83,463.82,4
8,player,232,0,0,922.59,317.65,1005.97,464.62,4
8,player,233,0,0,924.73,319.07,1008.11,465.43,4
8,player,234,0,0,926.86,320.50,1010.25,466.23,4
8,player,235,0,0,929.00,321.92,1012.38,467.03,4
8,player,236,0,0,931.14,323.35,1014.52,467.83,4
8,player,237,0,0,933.28,324.77,1016.66,468.63,4
8,player,238,0,0,935.42,326.20,1018.80,469.43,4
8,player,239,0,0,936.06,325.34,1019.44,468.58,4
8,player,240,0,0,936.70,324.49,1020.08,467.72,4
8,player,241,0,0,937.34,323.63,1020.72,466.87,4
8,player,242,0,0,937.98,322.78,1021.37,466.01,4
8,player,243,0,0,938.62,321.92,1022.01,465.16,4
8,player,244,0,0,939.26,321.07,1022.65,464.30,4
8,player,245,0,0,939.91,320.21,1023.29,463.45,4
8,player,246,0,0,940.55,319.36,1023.93,462.59,4
8,player,247,0,0,941.19,318.50,1024.57,461.74,4
8,player,248,0,0,941.83,317.65,1025.21,460.88,4
8,player,249,0,0,944.92,318.84,1028.30,462.07,4
8,player,250,0,0,948.01,320.02,1031.39,463.26,4
8,player,251,0,0,951.10,321.21,1034.48,464.45,4
8,player,252,0,0,954.18,322.40,1037.57,465.63,4
8,player,253,0,0,957.27,323.59,1040.66,466.82,4
8,player,254,0,0,960.36,324.78,1043.74,468.01,4
8,player,255,0,0,963.45,325.96,1046.83,469.20,4
8,player,256,0,0,966.54,327.15,1049.92,470.39,4
8,player,257,0,0,969.62,328.34,1053.01,471.57,4
8,player,258,0,0,971.76,329.05,1055.15,472.29,4
8,player,259,0,0,973.90,329.76,1057.29,473.00,4
8,player,260,0,0,976.04,330.48,1059.42,473.71,4
8,player,261,0,0,978.18,331.19,1061.56,474.42,4
8,player,262,0,0,980.32,331.90,1063.70,475.14,4
8,player,263,0,0,982.45,332.62,1065.84,475.85,4
8,player,264,0,0,987.95,333.23,1071.34,476.46,4
8,player,265,0,0,993.45,333.84,1076.83,477.07,4
8,player,266,0,0,998.95,334.45,1082.33,477.68,4
8,player,267,0,0,1004.45,335.06,1087.83,478.29,4
8,player,268,0,0,1009.94,335.67,1093.33,478.90,4
8,player,269,0,0,1015.44,336.28,1098.83,479.52,4
8,player,270,0,0,1020.94,336.89,1104.32,480.13,4
8,player,271,0,0,1029.06,336.89,1112.45,480.13,4
8,player,272,0,0,1037.19,336.89,1120.57,480.13,4
8,player,273,0,0,1045.31,336.89,1128.70,480.13,4
8,player,274,0,0,1053.44,336.89,1136.82,480.13,4
8,player,275,0,0,1061.56,336.89,1144.95,480.13,4
8,player,276,0,0,1071.99,336.09,1155.37,479.32,4
8,player,277,0,0,1082.41,335.29,1165.79,478.52,4
8,player,278,0,0,1092.83,334.49,1176.22,477.72,4
8,player,279,0,0,1103.26,333.68,1186.64,476.92,4
8,player,280,0,0,1113.68,332.88,1197.06,476.12,4
8,player,281,0,0,1124.10,332.08,1207.49,475.32,4
8,player,282,0,0,1134.53,331.28,1217.91,474.51,4
8,player,283,0,0,1144.95,330.48,1228.33,473.71,4
8,player,284,0,0,1156.71,330.48,1240.09,473.71,4
8,player,285,0,0,1168.47,330.48,1251.85,473.71,4
8,player,286,0,0,1176.16,330.26,1259.55,473.50,4
8,player,287,0,0,1183.86,330.05,1267.25,473.28,4
8,player,288,0,0,1191.56,329.84,1274.94,473.07,4
8,player,289,0,0,1199.26,329.62,1282.64,472.86,4
8,player,290,0,0,1206.95,329.41,1290.34,472.64,4
8,player,291,0,0,1214.65,329.19,1298.03,472.43,4
8,player,292,0,0,1222.35,328.98,1305.73,472.21,4
8,player,293,0,0,1230.04,328.77,1313.43,472.00,4
8,player,294,0,0,1237.74,328.55,1321.13,471.79,4
8,player,295,0,0,1245.44,328.34,1328.82,471.57,4
8,player,296,0,0,1250.29,326.20,1333.67,469.44,4
8,player,297,0,0,1255.14,324.06,1338.53,467.30,4
8,player,298,0,0,1259.99,321.92,1343.38,465.16,4
8,player,299,0,0,1264.85,319.79,1348.23,463.02,4
8,player,300,0,0,1269.70,317.65,1353.08,460.88,4
8,player,301,0,0,1274.55,315.51,1357.93,458.74,4
8,player,302,0,0,1279.40,313.37,1362.79,456.61,4
8,player,303,0,0,1284.25,311.23,1367.64,454.47,4
8,player,304,0,0,1289.10,309.10,1372.49,452.33,4
8,player,305,0,0,1293.96,306.96,1377.34,450.19,4
8,player,306,0,0,1298.81,304.82,1382.19,448.05,4
8,player,307,0,0,1303.66,302.68,1387.04,445.92,4
8,player,308,0,0,1308.51,300.54,1391.90,443.78,4
8,player,309,0,0,1313.36,298.41,1396.75,441.64,4
8,player,310,0,0,1318.22,296.27,1401.60,439.50,4
8,player,311,0,0,1323.07,294.13,1406.45,437.36,4
8,player,312,0,0,1327.92,291.99,1411.30,435.23,4
8,player,313,0,0,1332.77,289.85,1416.16,433.09,4
8,player,314,0,0,1337.62,287.72,1421.01,430.95,4
8,player,315,0,0,1342.47,285.58,1425.86,428.81,4
8,player,316,0,0,1347.33,283.44,1430.71,426.67,4
8,player,317,0,0,1352.18,281.30,1435.56,424.54,4
8,player,318,0,0,1357.03,279.16,1440.41,422.40,4
8,player,319,0,0,1361.88,277.03,1445.27,420.26,4
8,player,320,0,0,1366.73,274.89,1450.12,418.12,4
8,player,321,0,0,1371.59,272.75,1454.97,415.98,4
8,player,322,0,0,1367.23,273.20,1450.56,416.25,4
8,player,323,0,0,1362.88,273.66,1446.15,416.51,4
8,player,324,0,0,1358.53,274.11,1441.74,416.78,4
8,player,325,0,0,1354.18,274.57,1437.34,417.04,4
8,player,326,0,0,1349.83,275.02,1432.93,417.31,4
8,player,327,0,0,1345.47,275.48,1428.52,417.57,4
8,player,328,0,0,1341.12,275.93,1424.11,417.84,4
8,player,329,0,0,1336.77,276.38,1419.70,418.10,4
8,player,330,0,0,1332.42,276.84,1415.29,418.37,4
8,player,331,0,0,1328.07,277.29,1410.88,418.63,4
8,player,332,0,0,1323.71,277.75,1406.48,418.90,4
8,player,333,0,0,1319.36,278.20,1402.07,419.16,4
8,player,334,0,0,1315.01,278.66,1397.66,419.43,4
8,player,335,0,0,1310.66,279.11,1393.25,419.69,4
8,player,336,0,0,1306.30,279.57,1388.84,419.95,4
8,player,337,0,0,1301.95,280.02,1384.43,420.22,4
8,player,338,0,0,1297.60,280.47,1380.02,420.48,4
8,player,339,0,0,1293.25,280.93,1375.62,420.75,4
8,player,340,0,0,1288.90,281.38,1371.21,421.01,4
8,player,341,0,0,1284.54,281.84,1366.80,421.28,4
8,player,342,0,0,1280.19,282.29,1362.39,421.54,4
8,player,343,0,0,1275.84,282.75,1357.98,421.81,4
8,player,344,0,0,1271.49,283.20,1353.57,422.07,4
8,player,345,0,0,1267.14,283.66,1349.16,422.34,4
8,player,346,0,0,1262.78,284.11,1344.76,422.60,4
8,player,347,0,0,1258.43,284.56,1340.35,422.87,4
8,player,348,0,0,1254.08,285.02,1335.94,423.13,4
8,player,349,0,0,1249.73,285.47,1331.53,423.40,4
8,player,350,0,0,1245.38,285.93,1327.12,423.66,4
8,player,351,0,0,1241.02,286.38,1322.71,423.93,4
8,player,352,0,0,1236.67,286.84,1318.30,424.19,4
8,player,353,0,0,1232.32,287.29,1313.90,424.46,4
8,player,354,0,0,1227.97,287.75,1309.49,424.72,4
8,player,355,0,0,1223.61,288.20,1305.08,424.98,4
8,player,356,0,0,1219.26,288.65,1300.67,425.25,4
8,player,357,0,0,1214.91,289.11,1296.26,425.51,4
8,player,358,0,0,1210.56,289.56,1291.85,425.78,4
8,player,359,0,0,1206.21,290.02,1287.44,426.04,4
8,player,360,0,0,1201.85,290.47,1283.04,426.31,4
8,player,361,0,0,1197.50,290.93,1278.63,426.57,4
8,player,362,0,0,1193.15,291.38,1274.22,426.84,4
8,player,363,0,0,1188.80,291.84,1269.81,427.10,4
8,player,364,0,0,1184.45,292.29,1265.40,427.37,4
8,player,365,0,0,1180.09,292.74,1260.99,427.63,4
8,player,366,0,0,1175.74,293.20,1256.58,427.90,4
8,player,367,0,0,1171.39,293.65,1252.18,428.16,4
8,player,368,0,0,1167.04,294.11,1247.77,428.43,4
8,player,369,0,0,1162.69,294.56,1243.36,428.69,4
8,player,370,0,0,1158.33,295.02,1238.95,428.96,4
8,player,371,0,0,1153.98,295.47,1234.54,429.22,4
8,player,372,0,0,1149.63,295.93,1230.13,429.49,4
8,player,373,0,0,1145.28,296.38,1225.72,429.75,4
8,player,374,0,0,1140.93,296.83,1221.32,430.02,4
8,player,375,0,0,1136.57,297.29,1216.91,430.28,4
8,player,376,0,0,1132.22,297.74,1212.50,430.54,4
8,player,377,0,0,1127.87,298.20,1208.09,430.81,4
8,player,378,0,0,1123.52,298.65,1203.68,431.07,4
8,player,379,0,0,1119.16,299.11,1199.27,431.34,4
8,player,380,0,0,1114.81,299.56,1194.86,431.60,4
8,player,381,0,0,1110.46,300.02,1190.45,431.87,4
8,player,382,0,0,1106.11,300.47,1186.05,432.13,4
8,player,383,0,0,1101.76,300.92,1181.64,432.40,4
8,player,384,0,0,1097.40,301.38,1177.23,432.66,4
8,player,385,0,0,1093.05,301.83,1172.82,432.93,4
8,player,386,0,0,1088.70,302.29,1168.41,433.19,4
8,player,387,0,0,1084.35,302.74,1164.00,433.46,4
8,player,388,0,0,1080.00,303.20,1159.59,433.72,4
8,player,389,0,0,1075.64,303.65,1155.19,433.99,4
8,player,390,0,0,1071.29,304.11,1150.78,434.25,4
8,player,391,0,0,1066.94,304.56,1146.37,434.52,4
8,player,392,0,0,1062.59,305.01,1141.96,434.78,4
8,player,393,0,0,1058.24,305.47,1137.55,435.05,4
8,player,394,0,0,1053.88,305.92,1133.14,435.31,4
8,player,395,0,0,1049.53,306.38,1128.73,435.57,4
8,player,396,0,0,1045.18,306.83,1124.33,435.84,4
8,player,397,0,0,1040.83,307.29,1119.92,436.10,4
8,player,398,0,0,1036.48,307.74,1115.51,436.37,4
8,player,399,0,0,1032.12,308.20,1111.10,436.63,4
8,player,400,0,0,1027.77,308.65,1106.69,436.90,4
8,player,401,0,0,1023.42,309.10,1102.28,437.16,4
8,player,402,0,0,1019.07,309.56,1097.87,437.43,4
8,player,403,0,0,1014.71,310.01,1093.47,437.69,4
8,player,404,0,0,1010.36,310.47,1089.06,437.96,4
8,player,405,0,0,1006.01,310.92,1084.65,438.22,4
8,player,406,0,0,1001.66,311.38,1080.24,438.49,4
8,player,407,0,0,997.31,311.83,1075.83,438.75,4
8,player,408,0,0,992.95,312.29,1071.42,439.02,4
8,player,409,0,0,988.60,312.74,1067.01,439.28,4
8,player,410,0,0,984.25,313.19,1062.61,439.55,4
8,player,411,0,0,979.90,313.65,1058.20,439.81,4
8,player,412,0,0,975.55,314.10,1053.79,440.08,4
8,player,413,0,0,971.19,314.56,1049.38,440.34,4
8,player,414,0,0,966.84,315.01,1044.97,440.61,4
8,player,415,0,0,962.49,315.47,1040.56,440.87,4
8,player,416,0,0,958.14,315.92,1036.15,441.13,4
8,player,417,0,0,953.79,316.38,1031.75,441.40,4
8,player,418,0,0,949.43,316.83,1027.34,441.66,4
8,player,419,0,0,945.08,317.28,1022.93,441.93,4
8,player,420,0,0,940.73,317.74,1018.52,442.19,4
8,player,421,0,0,936.38,318.19,1014.11,442.46,4
8,player,422,0,0,932.02,318.65,1009.70,442.72,4
8,player,423,0,0,927.67,319.10,1005.29,442.99,4
8,player,424,0,0,923.32,319.56,1000.89,443.25,4
8,player,425,0,0,918.97,320.01,996.48,443.52,4
8,player,426,0,0,914.62,320.47,992.07,443.78,4
8,player,427,0,0,910.26,320.92,987.66,444.05,4
8,player,428,0,0,905.91,321.37,983.25,444.31,4
8,player,429,0,0,901.56,321.83,978.84,444.58,4
8,player,430,0,0,897.21,322.28,974.43,444.84,4
8,player,431,0,0,892.86,322.74,970.03,445.11,4
8,player,432,0,0,888.50,323.19,965.62,445.37,4
8,player,433,0,0,884.15,323.65,961.21,445.64,4
8,player,434,0,0,879.80,324.10,956.80,445.90,4
8,player,435,0,0,880.38,325.92,957.38,447.72,4
8,player,436,0,0,880.97,327.74,957.97,449.54,4
8,player,437,0,0,881.55,329.56,958.55,451.35,4
8,player,438,0,0,882.14,331.37,959.14,453.17,4
8,player,439,0,0,882.72,333.19,959.72,454.99,4
8,player,440,0,0,883.31,335.01,960.31,456.81,4
8,player,441,0,0,883.89,336.83,960.89,458.63,4
8,player,442,0,0,884.48,338.65,961.48,460.45,4
8,player,443,0,0,885.06,340.46,962.06,462.26,4
8,player,444,0,0,885.64,342.28,962.64,464.08,4
8,player,445,0,0,886.23,344.10,963.23,465.90,4
8,player,446,0,0,886.81,345.92,963.81,467.72,4
8,player,447,0,0,887.40,347.74,964.40,469.54,4
8,player,448,0,0,887.98,349.56,964.98,471.35,4
8,player,449,0,0,888.57,351.37,965.57,473.17,4
8,player,450,0,0,889.15,353.19,966.15,474.99,4
8,player,451,0,0,889.73,355.01,966.74,476.81,4
8,player,452,0,0,890.32,356.83,967.32,478.63,4
8,player,453,0,0,890.90,358.65,967.90,480.45,4
8,player,454,0,0,891.49,360.46,968.49,482.26,4
8,player,455,0,0,892.07,362.28,969.07,484.08,4
8,player,456,0,0,892.66,364.10,969.66,485.90,4
8,player,457,0,0,893.24,365.92,970.24,487.72,4
8,player,458,0,0,893.83,367.74,970.83,489.54,4
8,player,459,0,0,894.41,369.56,971.41,491.35,4
8,player,460,0,0,894.99,371.37,971.99,493.17,4
8,player,461,0,0,895.58,373.19,972.58,494.99,4
8,player,462,0,0,896.16,375.01,973.16,496.81,4
8,player,463,0,0,896.75,376.83,973.75,498.63,4
8,player,464,0,0,897.33,378.65,974.33,500.45,4
8,player,465,0,0,897.92,380.46,974.92,502.26,4
8,player,466,0,0,898.50,382.28,975.50,504.08,4
8,player,467,0,0,899.09,384.10,976.09,505.90,4
8,player,468,0,0,899.67,385.92,976.67,507.72,4
8,player,469,0,0,900.25,387.74,977.25,509.54,4
8,player,470,0,0,900.84,389.56,977.84,511.36,4
8,player,471,0,0,903.42,389.88,980.42,511.68,4
8,player,472,0,0,906.00,390.20,983.00,512.00,4
8,player,473,0,0,908.58,390.52,985.58,512.32,4
8,player,474,0,0,911.16,390.85,988.16,512.64,4
8,player,475,0,0,913.74,391.17,990.74,512.97,4
8,player,476,0,0,916.32,391.49,993.32,513.29,4
8,player,477,0,0,918.90,391.81,995.90,513.61,4
8,player,478,0,0,921.47,392.14,998.47,513.93,4
8,player,479,0,0,924.05,392.46,1001.05,514.26,4
8,player,480,0,0,926.63,392.78,1003.63,514.58,4
8,player,481,0,0,929.21,393.10,1006.21,514.90,4
8,player,482,0,0,931.79,393.42,1008.79,515.22,4
8,player,483,0,0,934.37,393.75,1011.37,515.55,4
8,player,484,0,0,936.95,394.07,1013.95,515.87,4
8,player,485,0,0,939.53,394.39,1016.53,516.19,4
8,player,486,0,0,942.11,394.71,1019.11,516.51,4
8,player,487,0,0,944.69,395.04,1021.69,516.84,4
8,player,488,0,0,947.27,395.36,1024.27,517.16,4
8,player,489,0,0,949.85,395.68,1026.85,517.48,4
8,player,490,0,0,952.43,396.00,1029.43,517.80,4
8,player,491,0,0,955.01,396.33,1032.01,518.13,4
8,player,492,0,0,957.59,396.65,1034.59,518.45,4
8,player,493,0,0,960.17,396.97,1037.17,518.77,4
8,player,494,0,0,962.75,397.29,1039.75,519.09,4
8,player,495,0,0,965.33,397.62,1042.33,519.42,4
8,player,496,0,0,967.91,397.94,1044.91,519.74,4
8,player,497,0,0,970.48,398.26,1047.48,520.06,4
8,player,498,0,0,973.06,398.58,1050.06,520.38,4
8,player,499,0,0,975.64,398.91,1052.64,520.71,4
8,player,500,0,0,974.07,398.51,1051.07,520.31,4
8,player,501,0,0,972.50,398.12,1049.50,519.92,4
8,player,502,0,0,970.93,397.73,1047.93,519.53,4
8,player,503,0,0,969.36,397.34,1046.36,519.13,4
8,player,504,0,0,967.79,396.94,1044.79,518.74,4
8,player,505,0,0,966.22,396.55,1043.22,518.35,4
8,player,506,0,0,964.65,396.16,1041.65,517.96,4
8,player,507,0,0,963.08,395.76,1040.08,517.56,4
8,player,508,0,0,961.51,395.37,1038.51,517.17,4
8,player,509,0,0,959.94,394.98,1036.94,516.78,4
8,player,510,0,0,958.36,394.59,1035.36,516.39,4
8,player,511,0,0,956.79,394.19,1033.79,515.99,4
8,player,512,0,0,955.22,393.80,1032.22,515.60,4
8,player,513,0,0,953.65,393.41,1030.65,515.21,4
8,player,514,0,0,952.08,393.02,1029.08,514.81,4
8,player,515,0,0,950.51,392.62,1027.51,514.42,4
8,player,516,0,0,948.94,392.23,1025.94,514.03,4
8,player,517,0,0,947.37,391.84,1024.37,513.64,4
8,player,518,0,0,945.80,391.44,1022.80,513.24,4
8,player,519,0,0,944.23,391.05,1021.23,512.85,4
8,player,520,0,0,942.66,390.66,1019.66,512.46,4
8,player,521,0,0,941.09,390.27,1018.09,512.07,4
8,player,522,0,0,939.51,389.87,1016.51,511.67,4
8,player,523,0,0,937.94,389.48,1014.94,511.28,4
8,player,524,0,0,936.37,389.09,1013.37,510.89,4
8,player,525,0,0,934.80,388.70,1011.80,510.50,4
8,player,526,0,0,933.23,388.30,1010.23,510.10,4
8,player,527,0,0,931.66,387.91,1008.66,509.71,4
8,player,528,0,0,930.09,387.52,1007.09,509.32,4
8,player,529,0,0,928.52,387.12,1005.52,508.92,4
8,player,530,0,0,926.95,386.73,1003.95,508.53,4
8,player,531,0,0,925.38,386.34,1002.38,508.14,4
8,player,532,0,0,923.81,385.95,1000.81,507.75,4
8,player,533,0,0,922.24,385.55,999.24,507.35,4
8,player,534,0,0,920.66,385.16,997.66,506.96,4
8,player,535,0,0,919.09,384.77,996.09,506.57,4
8,player,536,0,0,917.52,384.38,994.52,506.18,4
8,player,537,0,0,915.95,383.98,992.95,505.78,4
8,player,538,0,0,914.38,383.59,991.38,505.39,4
8,player,539,0,0,912.81,383.20,989.81,505.00,4
8,player,540,0,0,911.24,382.80,988.24,504.60,4
8,player,541,0,0,909.67,382.41,986.67,504.21,4
8,player,542,0,0,908.10,382.02,985.10,503.82,4
8,player,543,0,0,906.53,381.63,983.53,503.43,4
8,player,544,0,0,904.96,381.23,981.96,503.03,4
8,player,545,0,0,903.39,380.84,980.39,502.64,4
8,player,546,0,0,901.81,380.45,978.81,502.25,4
8,player,547,0,0,900.24,380.06,977.24,501.86,4
8,player,548,0,0,898.67,379.66,975.67,501.46,4
8,player,549,0,0,894.75,378.24,971.75,500.04,4
8,player,550,0,0,890.83,376.81,967.83,498.61,4
8,player,551,0,0,886.91,375.39,963.91,497.19,4
8,player,552,0,0,882.99,373.96,959.99,495.76,4
8,player,553,0,0,879.07,372.54,956.07,494.34,4
8,player,554,0,0,875.15,371.11,952.15,492.91,4
8,player,555,0,0,873.55,370.58,950.55,492.38,4
8,player,556,0,0,871.95,370.04,948.95,491.84,4
8,player,557,0,0,870.34,369.51,947.34,491.31,4
8,player,558,0,0,868.74,368.97,945.74,490.77,4
8,player,559,0,0,863.39,368.08,940.39,489.88,4
8,player,560,0,0,858.05,367.19,935.05,488.99,4
8,player,561,0,0,852.70,366.30,929.70,488.10,4
8,player,562,0,0,847.36,365.41,924.36,487.21,4
8,player,563,0,0,842.01,364.52,919.01,486.32,4
8,player,564,0,0,836.67,363.63,913.67,485.43,4
8,player,565,0,0,831.32,362.74,908.32,484.54,4
8,player,566,0,0,825.98,361.85,902.98,483.65,4
8,player,567,0,0,820.63,360.95,897.63,482.75,4
8,player,568,0,0,815.29,360.06,892.29,481.86,4
8,player,569,0,0,809.94,359.17,886.94,480.97,4
8,player,570,0,0,804.60,358.28,881.60,480.08,4
8,player,571,0,0,805.31,357.33,882.31,479.13,4
8,player,572,0,0,806.02,356.38,883.02,478.18,4
8,player,573,0,0,806.73,355.43,883.73,477.23,4
8,player,574,0,0,807.45,354.48,884.45,476.28,4
8,player,575,0,0,808.16,353.53,885.16,475.33,4
8,player,576,0,0,808.87,352.58,885.87,474.38,4
8,player,577,0,0,809.59,351.63,886.59,473.43,4
8,player,578,0,0,810.30,350.68,887.30,472.48,4
8,player,579,0,0,811.01,349.73,888.01,471.53,4
8,player,580,0,0,811.72,348.78,888.72,470.58,4
8,player,581,0,0,812.44,347.83,889.44,469.63,4
8,player,582,0,0,813.15,346.88,890.15,468.68,4
8,player,583,0,0,813.86,345.93,890.86,467.73,4
8,player,584,0,0,814.57,344.98,891.57,466.78,4
8,player,585,0,0,815.29,344.03,892.29,465.83,4
8,player,586,0,0,816.00,343.08,893.00,464.88,4
8,player,587,0,0,816.71,342.13,893.71,463.93,4
8,player,588,0,0,817.43,341.18,894.43,462.98,4
8,player,589,0,0,818.14,340.23,895.14,462.03,4
8,player,590,0,0,818.85,339.28,895.85,461.08,4
8,player,591,0,0,819.56,338.33,896.56,460.13,4
8,player,592,0,0,820.28,337.38,897.28,459.18,4
8,player,593,0,0,820.99,336.43,897.99,458.23,4
8,player,594,0,0,821.70,335.48,898.70,457.28,4
8,player,595,0,0,822.41,334.53,899.41,456.33,4
8,player,596,0,0,823.13,333.58,900.13,455.37,4
8,player,597,0,0,823.84,332.63,900.84,454.42,4
8,player,598,0,0,824.55,331.67,901.55,453.47,4
8,player,599,0,0,825.26,330.72,902.27,452.52,4
8,player,600,0,0,825.98,329.77,902.98,451.57,4
8,player,601,0,0,826.69,328.82,903.69,450.62,4
8,player,602,0,0,827.40,327.87,904.40,449.67,4
8,player,603,0,0,828.12,326.92,905.12,448.72,4
8,player,604,0,0,828.83,325.97,905.83,447.77,4
8,player,605,0,0,829.54,325.02,906.54,446.82,4
8,player,606,0,0,830.25,324.07,907.25,445.87,4
8,player,607,0,0,830.97,323.12,907.97,444.92,4
8,player,608,0,0,831.68,322.17,908.68,443.97,4
8,player,609,0,0,832.39,321.22,909.39,443.02,4
8,player,610,0,0,833.10,320.27,910.10,442.07,4
8,player,611,0,0,833.82,319.32,910.82,441.12,4
8,player,612,0,0,834.53,318.37,911.53,440.17,4
8,player,613,0,0,835.24,317.42,912.24,439.22,4
8,player,614,0,0,835.96,316.47,912.96,438.27,4
8,player,615,0,0,836.67,315.52,913.67,437.32,4
8,player,616,0,0,846.65,314.10,923.65,435.89,4
8,player,617,0,0,856.62,312.67,933.62,434.47,4
8,player,618,0,0,866.60,311.24,943.60,433.04,4
8,player,619,0,0,878.95,310.53,955.96,432.33,4
8,player,620,0,0,891.31,309.82,968.31,431.62,4
8,player,621,0,0,903.66,309.11,980.66,430.91,4
8,player,622,0,0,916.01,308.39,993.01,430.19,4
8,player,623,0,0,928.37,307.68,1005.37,429.48,4
8,player,624,0,0,940.72,306.97,1017.72,428.77,4
8,player,625,0,0,953.07,306.26,1030.07,428.05,4
8,player,626,0,0,965.43,305.54,1042.43,427.34,4
8,player,627,0,0,977.78,304.83,1054.78,426.63,4
8,player,628,0,0,985.69,305.04,1062.41,426.84,4
8,player,629,0,0,993.60,305.26,1070.03,427.06,4
8,player,630,0,0,1001.51,305.47,1077.66,427.27,4
8,player,631,0,0,1009.42,305.69,1085.28,427.48,4
8,player,632,0,0,1017.33,305.90,1092.91,427.70,4
8,player,633,0,0,1025.25,306.11,1100.54,427.91,4
8,player,634,0,0,1033.16,306.33,1108.16,428.13,4
8,player,635,0,0,1041.07,306.54,1115.79,428.34,4
8,player,636,0,0,1048.98,306.75,1123.41,428.55,4
8,player,637,0,0,1056.89,306.97,1131.04,428.77,4
8,player,638,0,0,1064.80,307.18,1138.67,428.98,4
8,player,639,0,0,1072.71,307.40,1146.29,429.20,4
8,player,640,0,0,1080.62,307.61,1153.92,429.41,4
8,player,641,0,0,1088.53,307.82,1161.54,429.62,4
8,player,642,0,0,1096.44,308.04,1169.17,429.84,4
8,player,643,0,0,1104.35,308.25,1176.79,430.05,4
8,player,644,0,0,1112.26,308.47,1184.42,430.26,4
8,player,645,0,0,1120.17,308.68,1192.05,430.48,4
8,player,646,0,0,1128.08,308.89,1199.67,430.69,4
8,player,647,0,0,1135.99,309.11,1207.30,430.91,4
8,player,648,0,0,1143.90,309.32,1214.92,431.12,4
8,player,649,0,0,1151.82,309.53,1222.55,431.33,4
8,player,650,0,0,1159.73,309.75,1230.18,431.55,4
8,player,651,0,0,1167.64,309.96,1237.80,431.76,4
8,player,652,0,0,1175.55,310.18,1245.43,431.98,4
8,player,653,0,0,1183.46,310.39,1253.05,432.19,4
8,player,654,0,0,1191.37,310.60,1260.68,432.40,4
8,player,655,0,0,1199.28,310.82,1268.30,432.62,4
8,player,656,0,0,1207.19,311.03,1275.93,432.83,4
8,player,657,0,0,1215.10,311.25,1283.56,433.04,4
8,player,658,0,0,1223.65,311.25,1292.11,433.04,4
8,player,659,0,0,1232.21,311.25,1300.66,433.04,4
8,player,660,0,0,1236.48,311.92,1304.94,433.72,4
8,player,661,0,0,1240.76,312.60,1309.21,434.39,4
8,player,662,0,0,1245.03,313.27,1313.49,435.07,4
8,player,663,0,0,1249.31,313.95,1317.77,435.75,4
8,player,664,0,0,1253.59,314.62,1322.04,436.42,4
8,player,665,0,0,1257.86,315.30,1326.32,437.10,4
8,player,666,0,0,1262.14,315.97,1330.60,437.77,4
8,player,667,0,0,1266.42,316.65,1334.87,438.45,4
8,player,668,0,0,1270.69,317.32,1339.15,439.12,4
8,player,669,0,0,1274.97,318.00,1343.42,439.80,4
8,player,670,0,0,1279.24,318.67,1347.70,440.47,4
8,player,671,0,0,1283.52,319.35,1351.98,441.15,4
8,player,672,0,0,1287.80,320.02,1356.25,441.82,4
8,player,673,0,0,1292.07,320.70,1360.53,442.50,4
8,player,674,0,0,1296.35,321.37,1364.80,443.17,4
8,player,675,0,0,1300.62,322.05,1369.08,443.85,4
8,player,676,0,0,1304.90,322.72,1373.36,444.52,4
8,player,677,0,0,1309.18,323.40,1377.63,445.20,4
8,player,678,0,0,1313.45,324.07,1381.91,445.87,4
8,player,679,0,0,1310.92,324.55,1379.37,446.35,4
8,player,680,0,0,1308.38,325.02,1376.84,446.82,4
8,player,681,0,0,1305.85,325.49,1374.30,447.29,4
8,player,682,0,0,1303.31,325.96,1371.77,447.76,4
8,player,683,0,0,1300.77,326.44,1369.23,448.23,4
8,player,684,0,0,1298.24,326.91,1366.69,448.71,4
8,player,685,0,0,1295.70,327.38,1364.16,449.18,4
8,player,686,0,0,1293.17,327.85,1361.62,449.65,4
8,player,687,0,0,1290.63,328.32,1359.09,450.12,4
8,player,688,0,0,1288.09,328.80,1356.55,450.60,4
8,player,689,0,0,1285.56,329.27,1354.01,451.07,4
8,player,690,0,0,1283.02,329.74,1351.48,451.54,4
8,player,691,0,0,1280.49,330.21,1348.94,452.01,4
8,player,692,0,0,1277.95,330.69,1346.41,452.49,4
8,player,693,0,0,1275.42,331.16,1343.87,452.96,4
8,player,694,0,0,1272.88,331.63,1341.34,453.43,4
8,player,695,0,0,1270.34,332.10,1338.80,453.90,4
8,player,696,0,0,1267.81,332.58,1336.26,454.38,4
8,player,697,0,0,1265.27,333.05,1333.73,454.85,4
8,player,698,0,0,1262.74,333.52,1331.19,455.32,4
8,player,699,0,0,1260.20,333.99,1328.66,455.79,4
8,player,700,0,0,1257.66,334.47,1326.12,456.26,4
8,player,701,0,0,1255.13,334.94,1323.58,456.74,4
8,player,702,0,0,1252.59,335.41,1321.05,457.21,4
8,player,703,0,0,1250.06,335.88,1318.51,457.68,4
8,player,704,0,0,1247.52,336.35,1315.98,458.15,4
8,player,705,0,0,1244.98,336.83,1313.44,458.63,4
8,player,706,0,0,1242.45,337.30,1310.90,459.10,4
8,player,707,0,0,1239.91,337.77,1308.37,459.57,4
8,player,708,0,0,1237.38,338.24,1305.83,460.04,4
8,player,709,0,0,1234.84,338.72,1303.30,460.52,4
8,player,710,0,0,1232.31,339.19,1300.76,460.99,4
8,player,711,0,0,1229.77,339.66,1298.23,461.46,4
8,player,712,0,0,1227.23,340.13,1295.69,461.93,4
8,player,713,0,0,1224.70,340.61,1293.15,462.41,4
8,player,714,0,0,1222.16,341.08,1290.62,462.88,4
8,player,715,0,0,1219.63,341.55,1288.08,463.35,4
8,player,716,0,0,1217.09,342.02,1285.55,463.82,4
8,player,717,0,0,1214.55,342.50,1283.01,464.30,4
8,player,718,0,0,1212.02,342.97,1280.47,464.77,4
8,player,719,0,0,1209.48,343.44,1277.94,465.24,4
8,player,720,0,0,1206.95,343.91,1275.40,465.71,4
8,player,721,0,0,1204.41,344.39,1272.87,466.18,4
8,player,722,0,0,1201.87,344.86,1270.33,466.66,4
8,player,723,0,0,1199.34,345.33,1267.79,467.13,4
8,player,724,0,0,1196.80,345.80,1265.26,467.60,4
8,player,725,0,0,1194.27,346.27,1262.72,468.07,4
8,player,726,0,0,1191.73,346.75,1260.19,468.55,4
8,player,727,0,0,1189.20,347.22,1257.65,469.02,4
8,player,728,0,0,1186.66,347.69,1255.12,469.49,4
8,player,729,0,0,1184.12,348.16,1252.58,469.96,4
8,player,730,0,0,1181.59,348.64,1250.04,470.44,4
8,player,731,0,0,1179.05,349.11,1247.51,470.91,4
8,player,732,0,0,1176.52,349.58,1244.97,471.38,4
8,player,733,0,0,1173.98,350.05,1242.44,471.85,4
8,player,734,0,0,1171.44,350.53,1239.90,472.33,4
8,player,735,0,0,1168.91,351.00,1237.36,472.80,4
8,player,736,0,0,1166.37,351.47,1234.83,473.27,4
8,player,737,0,0,1163.84,351.94,1232.29,473.74,4
8,player,738,0,0,1161.30,352.42,1229.76,474.21,4
8,player,739,0,0,1158.76,352.89,1227.22,474.69,4
8,player,740,0,0,1156.23,353.36,1224.68,475.16,4
8,player,741,0,0,1153.69,353.83,1222.15,475.63,4
8,player,742,0,0,1151.16,354.31,1219.61,476.10,4
8,player,743,0,0,1148.62,354.78,1217.08,476.58,4
8,player,744,0,0,1146.09,355.25,1214.54,477.05,4
8,player,745,0,0,1143.55,355.72,1212.01,477.52,4
8,player,746,0,0,1141.01,356.19,1209.47,477.99,4
8,player,747,0,0,1138.48,356.67,1206.93,478.47,4
8,player,748,0,0,1135.94,357.14,1204.40,478.94,4
8,player,749,0,0,1133.41,357.61,1201.86,479.41,4
8,player,750,0,0,1130.87,358.08,1199.33,479.88,4
8,player,751,0,0,1128.33,358.56,1196.79,480.36,4
8,player,752,0,0,1125.80,359.03,1194.25,480.83,4
8,player,753,0,0,1123.26,359.50,1191.72,481.30,4
8,player,754,0,0,1120.73,359.97,1189.18,481.77,4
8,player,755,0,0,1118.19,360.45,1186.65,482.25,4
8,player,756,0,0,1115.66,360.92,1184.11,482.72,4
8,player,757,0,0,1113.12,361.39,1181.58,483.19,4
8,player,758,0,0,1110.58,361.86,1179.04,483.66,4
8,player,759,0,0,1108.05,362.34,1176.50,484.13,4
8,player,760,0,0,1105.51,362.81,1173.97,484.61,4
8,player,761,0,0,1102.98,363.28,1171.43,485.08,4
8,player,762,0,0,1100.44,363.75,1168.90,485.55,4
8,player,763,0,0,1097.90,364.22,1166.36,486.02,4
8,player,764,0,0,1095.37,364.70,1163.82,486.50,4
8,player,765,0,0,1093.81,366.45,1162.27,488.25,4
8,player,766,0,0,1092.26,368.20,1160.71,490.00,4
8,player,767,0,0,1090.70,369.95,1159.16,491.74,4
8,player,768,0,0,1089.15,371.69,1157.60,493.49,4
8,player,769,0,0,1087.59,373.44,1156.05,495.24,4
8,player,770,0,0,1086.04,375.19,1154.49,496.99,4
8,player,771,0,0,1084.48,376.94,1152.94,498.74,4
8,player,772,0,0,1082.93,378.69,1151.38,500.49,4
8,player,773,0,0,1081.37,380.44,1149.83,502.24,4
8,player,774,0,0,1079.82,382.19,1148.27,503.99,4
8,player,775,0,0,1078.26,383.94,1146.72,505.74,4
8,player,776,0,0,1076.71,385.69,1145.16,507.49,4
8,player,777,0,0,1075.15,387.44,1143.61,509.24,4
8,player,778,0,0,1073.60,389.19,1142.05,510.99,4
8,player,779,0,0,1072.04,390.94,1140.50,512.74,4
8,player,780,0,0,1070.49,392.69,1138.94,514.49,4
8,player,781,0,0,1068.93,394.44,1137.39,516.24,4
8,player,782,0,0,1067.38,396.19,1135.83,517.98,4
8,player,783,0,0,1065.82,397.93,1134.28,519.73,4
8,player,784,0,0,1064.27,399.68,1132.72,521.48,4
8,player,785,0,0,1062.71,401.43,1131.17,523.23,4
8,player,786,0,0,1061.16,403.18,1129.62,524.98,4
8,player,787,0,0,1061.16,396.77,1129.62,518.57,4
8,player,788,0,0,1059.73,397.24,1128.19,519.04,4
8,player,789,0,0,1058.31,397.72,1126.76,519.52,4
8,player,790,0,0,1056.88,398.19,1125.34,519.99,4
8,player,791,0,0,1055.46,398.67,1123.91,520.47,4
8,player,792,0,0,1054.03,399.14,1122.49,520.94,4
8,player,793,0,0,1052.61,399.62,1121.06,521.42,4
8,player,794,0,0,1051.18,400.09,1119.64,521.89,4
8,player,795,0,0,1049.76,400.57,1118.21,522.37,4
8,player,796,0,0,1048.33,401.04,1116.79,522.84,4
8,player,797,0,0,1046.70,400.92,1115.15,522.91,4
8,player,798,0,0,1045.06,400.79,1113.52,522.97,4
8,player,799,0,0,1043.43,400.67,1111.88,523.03,4
8,player,800,0,0,1041.79,400.54,1110.25,523.10,4
8,player,801,0,0,1040.16,400.42,1108.61,523.16,4
8,player,802,0,0,1038.52,400.29,1106.98,523.22,4
8,player,803,0,0,1036.89,400.16,1105.34,523.29,4
8,player,804,0,0,1035.25,400.04,1103.71,523.35,4
8,player,805,0,0,1033.62,399.91,1102.07,523.41,4
8,player,806,0,0,1031.98,399.79,1100.44,523.48,4
8,player,807,0,0,1030.35,399.66,1098.80,523.54,4
8,player,808,0,0,1028.71,399.54,1097.17,523.61,4
8,player,809,0,0,1027.08,399.41,1095.53,523.67,4
8,player,810,0,0,1025.44,399.28,1093.90,523.73,4
8,player,811,0,0,1023.81,399.16,1092.26,523.80,4
8,player,812,0,0,1022.17,399.03,1090.63,523.86,4
8,player,813,0,0,1020.54,398.91,1088.99,523.92,4
8,player,814,0,0,1018.90,398.78,1087.36,523.99,4
8,player,815,0,0,1017.27,398.66,1085.72,524.05,4
8,player,816,0,0,1015.63,398.53,1084.09,524.11,4
8,player,817,0,0,1014.00,398.40,1082.45,524.18,4
8,player,818,0,0,1012.36,398.28,1080.82,524.24,4
8,player,819,0,0,1010.73,398.15,1079.18,524.30,4
8,player,820,0,0,1009.09,398.03,1077.55,524.37,4
8,player,821,0,0,1007.46,397.90,1075.91,524.43,4
8,player,822,0,0,1005.82,397.77,1074.28,524.49,4
8,player,823,0,0,1004.19,397.65,1072.64,524.56,4
8,player,824,0,0,1002.55,397.52,1071.01,524.62,4
8,player,825,0,0,1000.92,397.40,1069.37,524.68,4
8,player,826,0,0,999.28,397.27,1067.74,524.75,4
8,player,827,0,0,997.65,397.15,1066.10,524.81,4
8,player,828,0,0,996.01,397.02,1064.47,524.87,4
8,player,829,0,0,994.38,396.89,1062.83,524.94,4
8,player,830,0,0,992.74,396.77,1061.20,525.00,4
8,player,831,0,0,992.74,396.06,1061.20,524.29,4
8,player,832,0,0,992.74,395.34,1061.20,523.57,4
8,player,833,0,0,992.74,394.63,1061.20,522.86,4
8,player,834,0,0,982.20,394.56,1050.66,522.79,4
8,player,835,0,0,971.66,394.48,1040.11,522.71,4
8,player,836,0,0,961.11,394.41,1029.57,522.64,4
8,player,837,0,0,950.57,394.34,1019.03,522.57,4
8,player,838,0,0,940.03,394.26,1008.49,522.49,4
8,player,839,0,0,929.48,394.19,997.94,522.42,4
8,player,840,0,0,918.94,394.11,987.40,522.35,4
8,player,841,0,0,908.40,394.04,976.86,522.27,4
8,player,842,0,0,897.85,393.97,966.31,522.20,4
8,player,843,0,0,887.31,393.89,955.77,522.12,4
8,player,844,0,0,876.77,393.82,945.23,522.05,4
8,player,845,0,0,866.23,393.75,934.68,521.98,4
8,player,846,0,0,855.68,393.67,924.14,521.90,4
8,player,847,0,0,845.14,393.60,913.60,521.83,4
8,player,848,0,0,834.60,393.52,903.06,521.76,4
8,player,849,0,0,824.05,393.45,892.51,521.68,4
8,player,850,0,0,813.51,393.38,881.97,521.61,4
8,player,851,0,0,802.97,393.30,871.43,521.54,4
8,player,852,0,0,792.42,393.23,860.88,521.46,4
8,player,853,0,0,781.88,393.16,850.34,521.39,4
8,player,854,0,0,771.34,393.08,839.80,521.31,4
8,player,855,0,0,760.80,393.01,829.25,521.24,4
8,player,856,0,0,750.25,392.94,818.71,521.17,4
8,player,857,0,0,739.71,392.86,808.17,521.09,4
8,player,858,0,0,729.17,392.79,797.63,521.02,4
8,player,859,0,0,718.62,392.71,787.08,520.95,4
8,player,860,0,0,708.08,392.64,776.54,520.87,4
8,player,861,0,0,697.54,392.57,766.00,520.80,4
8,player,862,0,0,687.00,392.49,755.45,520.72,4
8,player,863,0,0,676.45,392.42,744.91,520.65,4
8,player,864,0,0,665.91,392.35,734.37,520.58,4
8,player,865,0,0,655.37,392.27,723.83,520.50,4
8,player,866,0,0,644.82,392.20,713.28,520.43,4
8,player,867,0,0,634.28,392.12,702.74,520.36,4
8,player,868,0,0,623.74,392.05,692.20,520.28,4
8,player,869,0,0,613.19,391.98,681.65,520.21,4
8,player,870,0,0,602.65,391.90,671.11,520.13,4
8,player,871,0,0,592.11,391.83,660.57,520.06,4
8,player,872,0,0,581.57,391.76,650.02,519.99,4
8,player,873,0,0,571.02,391.68,639.48,519.91,4
8,player,874,0,0,560.48,391.61,628.94,519.84,4
8,player,875,0,0,549.94,391.53,618.40,519.77,4
8,player,876,0,0,539.39,391.46,607.85,519.69,4
8,player,877,0,0,528.85,391.39,597.31,519.62,4
8,player,878,0,0,518.31,391.31,586.77,519.54,4
8,player,879,0,0,507.76,391.24,576.22,519.47,4
8,player,880,0,0,497.22,391.17,565.68,519.40,4
8,player,881,0,0,486.68,391.09,555.14,519.32,4
8,player,882,0,0,476.14,391.02,544.59,519.25,4
8,player,883,0,0,465.59,390.94,534.05,519.18,4
8,player,884,0,0,455.05,390.87,523.51,519.10,4
8,player,885,0,0,444.51,390.80,512.97,519.03,4
8,player,886,0,0,433.96,390.72,502.42,518.95,4
8,player,887,0,0,423.42,390.65,491.88,518.88,4
8,player,888,0,0,412.88,390.58,481.34,518.81,4
8,player,889,0,0,402.33,390.50,470.79,518.73,4
8,player,890,0,0,391.79,390.43,460.25,518.66,4
8,player,891,0,0,381.25,390.35,449.71,518.59,4
8,player,892,0,0,381.25,390.35,449.71,518.59,4
8,player,893,0,0,381.25,390.35,449.71,518.59,4
8,player,894,0,0,381.25,390.35,449.71,518.59,4
8,player,895,0,0,381.25,390.35,449.71,518.59,4
8,player,896,0,0,381.25,390.35,449.71,518.59,4
8,player,897,0,0,381.25,390.35,449.71,518.59,4
8,player,898,0,0,381.25,390.35,449.71,518.59,4
8,player,899,0,0,381.25,390.35,449.71,518.59,4
9,player,7,0,0,1147.09,257.77,1215.52,379.63,12
9,player,8,0,0,1148.73,257.61,1217.17,379.47,12
9,player,9,0,0,1150.38,257.44,1218.81,379.31,12
9,player,10,0,0,1152.02,257.28,1220.46,379.14,12
9,player,11,0,0,1153.67,257.11,1222.10,378.98,12
9,player,12,0,0,1155.31,256.95,1223.75,378.81,12
9,player,13,0,0,1156.96,256.79,1225.39,378.65,12
9,player,14,0,0,1158.60,256.62,1227.04,378.48,12
9,player,15,0,0,1160.24,256.46,1228.68,378.32,12
9,player,16,0,0,1161.89,256.29,1230.33,378.15,12
9,player,17,0,0,1163.53,256.13,1231.97,377.99,12
9,player,18,0,0,1165.18,255.96,1233.62,377.83,12
9,player,19,0,0,1166.82,255.80,1235.26,377.66,12
9,player,20,0,0,1168.47,255.63,1236.90,377.50,12
9,player,21,0,0,1162.38,256.02,1230.81,377.89,12
9,player,22,0,0,1156.29,256.41,1224.72,378.27,12
9,player,23,0,0,1150.20,256.80,1218.63,378.66,12
9,player,24,0,0,1144.11,257.19,1212.54,379.05,12
9,player,25,0,0,1138.02,257.58,1206.45,379.44,12
9,player,26,0,0,1131.93,257.97,1200.36,379.83,12
9,player,27,0,0,1125.84,258.36,1194.27,380.22,12
9,player,28,0,0,1119.75,258.74,1188.18,380.61,12
9,player,29,0,0,1113.65,259.13,1182.09,381.00,12
9,player,30,0,0,1107.56,259.52,1176.00,381.38,12
9,player,31,0,0,1101.47,259.91,1169.91,381.77,12
9,player,32,0,0,1095.38,260.30,1163.82,382.16,12
9,player,33,0,0,1089.29,260.69,1157.73,382.55,12
9,player,34,0,0,1083.20,261.08,1151.64,382.94,12
9,player,35,0,0,1077.11,261.47,1145.55,383.33,12
9,player,36,0,0,1071.02,261.85,1139.46,383.72,12
9,player,37,0,0,1064.93,262.24,1133.37,384.10,12
9,player,38,0,0,1058.84,262.63,1127.28,384.49,12
9,player,39,0,0,1052.75,263.02,1121.19,384.88,12
9,player,40,0,0,1046.66,263.41,1115.10,385.27,12
9,player,41,0,0,1040.57,263.80,1109.01,385.66,12
9,player,42,0,0,1034.48,264.19,1102.92,386.05,12
9,player,43,0,0,1028.39,264.58,1096.83,386.44,12
9,player,44,0,0,1022.30,264.96,1090.74,386.83,12
9,player,45,0,0,1016.21,265.35,1084.65,387.21,12
9,player,46,0,0,1010.12,265.74,1078.56,387.60,12
9,player,47,0,0,1004.03,266.13,1072.47,387.99,12
9,player,48,0,0,997.94,266.52,1066.38,388.38,12
9,player,49,0,0,991.85,266.91,1060.29,388.77,12
9,player,50,0,0,985.76,267.30,1054.19,389.16,12
9,player,51,0,0,979.67,267.69,1048.10,389.55,12
9,player,52,0,0,973.58,268.07,1042.01,389.94,12
9,player,53,0,0,967.49,268.46,1035.92,390.32,12
9,player,54,0,0,964.78,267.61,1033.22,389.47,12
9,player,55,0,0,962.07,266.75,1030.51,388.61,12
9,player,56,0,0,959.36,265.90,1027.80,387.76,12
9,player,57,0,0,956.65,265.04,1025.09,386.90,12
9,player,58,0,0,953.95,264.19,1022.38,386.05,12
9,player,59,0,0,951.24,263.33,1019.67,385.19,12
9,player,60,0,0,948.53,262.48,1016.97,384.34,12
9,player,61,0,0,945.82,261.62,1014.26,383.48,12
9,player,62,0,0,943.11,260.77,1011.55,382.63,12
9,player,63,0,0,940.41,259.91,1008.84,381.77,12
9,player,64,0,0,937.70,259.05,1006.13,380.92,12
9,player,65,0,0,934.99,258.20,1003.43,380.06,12
9,player,66,0,0,932.28,257.34,1000.72,379.21,12
9,player,67,0,0,929.57,256.49,998.01,378.35,12
9,player,68,0,0,926.86,255.63,995.30,377.50,12
9,player,69,0,0,922.05,255.63,990.49,377.50,12
9,player,70,0,0,917.24,255.63,985.68,377.50,12
9,player,71,0,0,912.43,255.63,980.87,377.50,12
9,player,72,0,0,907.62,255.63,976.06,377.50,12
9,player,73,0,0,900.94,254.74,969.38,376.60,12
9,player,74,0,0,894.26,253.85,962.70,375.71,12
9,player,75,0,0,887.58,252.96,956.01,374.82,12
9,player,76,0,0,880.90,252.07,949.33,373.93,12
9,player,77,0,0,874.21,251.18,942.65,373.04,12
9,player,78,0,0,867.53,250.29,935.97,372.15,12
9,player,79,0,0,860.85,249.40,929.29,371.26,12
9,player,80,0,0,854.17,248.51,922.61,370.37,12
9,player,81,0,0,847.49,247.62,915.93,369.48,12
9,player,82,0,0,840.81,246.73,909.24,368.59,12
9,player,83,0,0,834.13,245.83,902.56,367.70,12
9,player,84,0,0,827.44,244.94,895.88,366.81,12
9,player,85,0,0,820.76,244.05,889.20,365.91,12
9,player,86,0,0,814.08,243.16,882.52,365.02,12
9,player,87,0,0,807.40,242.27,875.84,364.13,12
9,player,88,0,0,800.72,241.38,869.16,363.24,12
9,player,89,0,0,794.04,240.49,862.47,362.35,12
9,player,90,0,0,787.36,239.60,855.79,361.46,12
9,player,91,0,0,780.67,238.71,849.11,360.57,12
9,player,92,0,0,773.99,237.82,842.43,359.68,12
9,player,93,0,0,767.31,236.93,835.75,358.79,12
9,player,94,0,0,760.63,236.03,829.07,357.90,12
9,player,95,0,0,753.95,235.14,822.38,357.01,12
9,player,96,0,0,747.27,234.25,815.70,356.11,12
9,player,97,0,0,740.85,233.95,809.29,355.81,12
9,player,98,0,0,734.44,233.64,802.87,355.50,12
9,player,99,0,0,728.02,233.34,796.46,355.20,12
9,player,100,0,0,721.61,233.03,790.05,354.89,12
9,player,101,0,0,715.20,232.73,783.63,354.59,12
9,player,102,0,0,708.78,232.42,777.22,354.28,12
9,player,103,0,0,702.37,232.12,770.80,353.98,12
9,player,104,0,0,698.57,231.16,767.00,353.03,12
9,player,105,0,0,694.76,230.21,763.20,352.08,12
9,player,106,0,0,690.96,229.26,759.40,351.13,12
9,player,107,0,0,687.16,228.31,755.60,350.18,12
9,player,108,0,0,683.36,227.36,751.80,349.23,12
9,player,109,0,0,679.56,226.41,748.00,348.28,12
9,player,110,0,0,675.76,225.46,744.20,347.32,12
9,player,111,0,0,671.96,224.51,740.40,346.37,12
9,player,112,0,0,668.16,223.56,736.59,345.42,12
9,player,113,0,0,666.51,220.93,734.95,342.79,12
9,player,114,0,0,664.87,218.30,733.30,340.16,12
9,player,115,0,0,663.22,215.67,731.66,337.53,12
9,player,116,0,0,661.58,213.04,730.02,334.90,12
9,player,117,0,0,659.93,210.41,728.37,332.27,12
9,player,118,0,0,658.29,207.77,726.73,329.64,12
9,player,119,0,0,656.64,205.14,725.08,327.00,12
9,player,120,0,0,655.00,202.51,723.44,324.37,12
9,player,121,0,0,653.36,199.88,721.79,321.74,12
9,player,122,0,0,651.71,197.25,720.15,319.11,12
9,player,123,0,0,650.07,194.62,718.50,316.48,12
9,player,124,0,0,648.42,191.98,716.86,313.85,12
9,player,125,0,0,646.78,189.35,715.21,311.22,12
9,player,126,0,0,646.46,188.91,714.90,310.78,12
9,player,127,0,0,646.15,188.47,714.58,310.33,12
9,player,128,0,0,645.83,188.03,714.27,309.89,12
9,player,129,0,0,645.52,187.59,713.96,309.45,12
9,player,130,0,0,645.20,187.15,713.64,309.01,12
9,player,131,0,0,644.89,186.71,713.33,308.57,12
9,player,132,0,0,644.58,186.27,713.01,308.13,12
9,player,133,0,0,644.26,185.83,712.70,307.69,12
9,player,134,0,0,643.95,185.39,712.38,307.25,12
9,player,135,0,0,643.63,184.95,712.07,306.81,12
9,player,136,0,0,643.32,184.51,711.75,306.37,12
9,player,137,0,0,643.00,184.07,711.44,305.93,12
9,player,138,0,0,642.69,183.63,711.13,305.49,12
9,player,139,0,0,642.37,183.19,710.81,305.05,12
9,player,140,0,0,642.06,182.75,710.50,304.61,12
9,player,141,0,0,641.75,182.31,710.18,304.17,12
9,player,142,0,0,641.43,181.87,709.87,303.73,12
9,player,143,0,0,641.12,181.43,709.55,303.29,12
9,player,144,0,0,640.80,180.99,709.24,302.85,12
9,player,145,0,0,640.49,180.55,708.92,302.41,12
9,player,146,0,0,640.17,180.11,708.61,301.97,12
9,player,147,0,0,639.86,179.67,708.30,301.53,12
9,player,148,0,0,639.54,179.23,707.98,301.09,12
9,player,149,0,0,639.23,178.79,707.67,300.65,12
9,player,150,0,0,638.92,178.35,707.35,300.21,12
9,player,151,0,0,638.60,177.91,707.04,299.77,12
9,player,152,0,0,638.29,177.47,706.72,299.33,12
9,player,153,0,0,637.97,177.03,706.41,298.89,12
9,player,154,0,0,637.66,176.59,706.09,298.45,12
9,player,155,0,0,637.34,176.15,705.78,298.01,12
9,player,156,0,0,637.03,175.71,705.47,297.57,12
9,player,157,0,0,636.71,175.27,705.15,297.13,12
9,player,158,0,0,636.40,174.83,704.84,296.69,12
9,player,159,0,0,636.09,174.39,704.52,296.25,12
9,player,160,0,0,635.05,175.31,703.48,297.17,12
9,player,161,0,0,634.01,176.24,702.44,298.10,12
9,player,162,0,0,632.97,177.16,701.40,299.02,12
9,player,163,0,0,631.93,178.09,700.36,299.95,12
9,player,164,0,0,630.89,179.01,699.32,300.87,12
9,player,165,0,0,629.85,179.94,698.28,301.80,12
9,player,166,0,0,628.80,180.86,697.24,302.72,12
9,player,167,0,0,627.76,181.78,696.20,303.65,12
9,player,168,0,0,626.72,182.71,695.16,304.57,12
9,player,169,0,0,625.68,183.63,694.12,305.50,12
9,player,170,0,0,624.64,184.56,693.08,306.42,12
9,player,171,0,0,623.60,185.48,692.04,307.34,12
9,player,172,0,0,622.56,186.41,691.00,308.27,12
9,player,173,0,0,621.52,187.33,689.96,309.19,12
9,player,174,0,0,620.48,188.26,688.92,310.12,12
9,player,175,0,0,619.44,189.18,687.88,311.04,12
9,player,176,0,0,618.40,190.11,686.84,311.97,12
9,player,177,0,0,617.36,191.03,685.80,312.89,12
9,player,178,0,0,616.32,191.95,684.76,313.82,12
9,player,179,0,0,615.28,192.88,683.72,314.74,12
9,player,180,0,0,614.24,193.80,682.68,315.67,12
9,player,181,0,0,613.20,194.73,681.64,316.59,12
9,player,182,0,0,612.16,195.65,680.60,317.51,12
9,player,183,0,0,611.12,196.58,679.56,318.44,12
9,player,184,0,0,610.08,197.50,678.52,319.36,12
9,player,185,0,0,609.04,198.43,677.48,320.29,12
9,player,186,0,0,608.00,199.35,676.44,321.21,12
9,player,187,0,0,606.96,200.28,675.40,322.14,12
9,player,188,0,0,605.92,201.20,674.36,323.06,12
9,player,189,0,0,604.88,202.12,673.32,323.99,12
9,player,190,0,0,603.84,203.05,672.28,324.91,12
9,player,191,0,0,602.80,203.97,671.24,325.84,12
9,player,192,0,0,601.76,204.90,670.20,326.76,12
9,player,193,0,0,600.72,205.82,669.16,327.68,12
9,player,194,0,0,599.68,206.75,668.12,328.61,12
9,player,195,0,0,598.64,207.67,667.08,329.53,12
9,player,196,0,0,597.60,208.60,666.04,330.46,12
9,player,197,0,0,599.86,209.90,668.29,331.76,12
9,player,198,0,0,602.11,211.21,670.55,333.07,12
9,player,199,0,0,604.37,212.52,672.81,334.38,12
9,player,200,0,0,606.63,213.82,675.06,335.68,12
9,player,201,0,0,608.88,215.13,677.32,336.99,12
9,player,202,0,0,611.14,216.44,679.58,338.30,12
9,player,203,0,0,613.40,217.74,681.84,339.60,12
9,player,204,0,0,615.66,219.05,684.09,340.91,12
9,player,205,0,0,617.91,220.36,686.35,342.22,12
9,player,206,0,0,620.17,221.66,688.61,343.52,12
9,player,207,0,0,622.43,222.97,690.86,344.83,12
9,player,208,0,0,624.68,224.28,693.12,346.14,12
9,player,209,0,0,626.94,225.58,695.38,347.44,12
9,player,210,0,0,629.20,226.89,697.63,348.75,12
9,player,211,0,0,631.45,228.20,699.89,350.06,12
9,player,212,0,0,633.71,229.50,702.15,351.36,12
9,player,213,0,0,635.97,230.81,704.40,352.67,12
9,player,214,0,0,638.22,232.12,706.66,353.98,12
9,player,215,0,0,640.27,233.27,708.71,355.14,12
9,player,216,0,0,642.32,234.43,710.76,356.29,12
9,player,217,0,0,644.37,235.59,712.81,357.45,12
9,player,218,0,0,646.42,236.75,714.86,358.61,12
9,player,219,0,0,648.47,237.91,716.91,359.77,12
9,player,220,0,0,650.52,239.06,718.95,360.93,12
9,player,221,0,0,652.57,240.22,721.00,362.08,12
9,player,222,0,0,654.62,241.38,723.05,363.24,12
9,player,223,0,0,656.66,242.54,725.10,364.40,12
9,player,224,0,0,658.71,243.70,727.15,365.56,12
9,player,225,0,0,660.76,244.85,729.20,366.72,12
9,player,226,0,0,662.81,246.01,731.25,367.87,12
9,player,227,0,0,664.86,247.17,733.30,369.03,12
9,player,228,0,0,666.91,248.33,735.35,370.19,12
9,player,229,0,0,668.96,249.49,737.40,371.35,12
9,player,230,0,0,671.01,250.65,739.44,372.51,12
9,player,231,0,0,673.06,251.80,741.49,373.67,12
9,player,232,0,0,675.11,252.96,743.54,374.82,12
9,player,233,0,0,677.15,254.12,745.59,375.98,12
9,player,234,0,0,679.20,255.28,747.64,377.14,12
9,player,235,0,0,681.25,256.44,749.69,378.30,12
9,player,236,0,0,683.30,257.59,751.74,379.46,12
9,player,237,0,0,685.35,258.75,753.79,380.61,12
9,player,238,0,0,687.40,259.91,755.84,381.77,12
9,player,239,0,0,690.39,261.19,758.83,383.05,12
9,player,240,0,0,693.39,262.48,761.82,384.34,12
9,player,241,0,0,696.38,263.76,764.82,385.62,12
9,player,242,0,0,699.37,265.04,767.81,386.90,12
9,player,243,0,0,702.37,266.32,770.80,388.19,12
9,player,244,0,0,705.36,267.61,773.80,389.47,12
9,player,245,0,0,708.35,268.89,776.79,390.75,12
9,player,246,0,0,711.35,270.17,779.78,392.03,12
9,player,247,0,0,714.34,271.46,782.78,393.32,12
9,player,248,0,0,717.33,272.74,785.77,394.60,12
9,player,249,0,0,718.60,272.74,787.03,394.60,12
9,player,250,0,0,719.86,272.74,788.30,394.60,12
9,player,251,0,0,721.12,272.74,789.56,394.60,12
9,player,252,0,0,722.39,272.74,790.82,394.60,12
9,player,253,0,0,723.65,272.74,792.09,394.60,12
9,player,254,0,0,724.91,272.74,793.35,394.60,12
9,player,255,0,0,726.18,272.74,794.61,394.60,12
9,player,256,0,0,727.44,272.74,795.88,394.60,12
9,player,257,0,0,728.70,272.74,797.14,394.60,12
9,player,258,0,0,729.97,272.74,798.40,394.60,12
9,player,259,0,0,731.23,272.74,799.67,394.60,12
9,player,260,0,0,732.49,272.74,800.93,394.60,12
9,player,261,0,0,733.76,272.74,802.19,394.60,12
9,player,262,0,0,735.02,272.74,803.46,394.60,12
9,player,263,0,0,736.28,272.74,804.72,394.60,12
9,player,264,0,0,737.55,272.74,805.98,394.60,12
9,player,265,0,0,738.81,272.74,807.25,394.60,12
9,player,266,0,0,740.07,272.74,808.51,394.60,12
9,player,267,0,0,741.34,272.74,809.77,394.60,12
9,player,268,0,0,742.60,272.74,811.04,394.60,12
9,player,269,0,0,743.86,272.74,812.30,394.60,12
9,player,270,0,0,745.13,272.74,813.56,394.60,12
9,player,271,0,0,753.25,273.59,821.69,395.46,12
9,player,272,0,0,761.38,274.45,829.81,396.31,12
9,player,273,0,0,769.50,275.30,837.94,397.17,12
9,player,274,0,0,777.63,276.16,846.06,398.02,12
9,player,275,0,0,785.75,277.01,854.19,398.88,12
9,player,276,0,0,790.56,276.21,859.00,398.07,12
9,player,277,0,0,795.37,275.41,863.81,397.27,12
9,player,278,0,0,800.18,274.61,868.62,396.47,12
9,player,279,0,0,804.99,273.81,873.43,395.67,12
9,player,280,0,0,809.80,273.01,878.24,394.87,12
9,player,281,0,0,814.62,272.20,883.05,394.07,12
9,player,282,0,0,819.43,271.40,887.86,393.26,12
9,player,283,0,0,824.24,270.60,892.67,392.46,12
9,player,284,0,0,836.00,263.12,904.43,384.98,12
9,player,285,0,0,847.76,255.63,916.19,377.50,12
9,player,286,0,0,853.53,253.92,921.97,375.78,12
9,player,287,0,0,859.30,252.21,927.74,374.07,12
9,player,288,0,0,865.07,250.50,933.51,372.36,12
9,player,289,0,0,870.85,248.79,939.28,370.65,12
9,player,290,0,0,876.62,247.08,945.06,368.94,12
9,player,291,0,0,882.39,245.37,950.83,367.23,12
9,player,292,0,0,888.17,243.66,956.60,365.52,12
9,player,293,0,0,893.94,241.95,962.38,363.81,12
9,player,294,0,0,899.71,240.24,968.15,362.10,12
9,player,295,0,0,905.48,238.53,973.92,360.39,12
9,player,296,0,0,910.01,236.31,978.44,358.17,12
9,player,297,0,0,914.53,234.09,982.97,355.95,12
9,player,298,0,0,919.05,231.87,987.49,353.73,12
9,player,299,0,0,923.58,229.65,992.01,351.51,12
9,player,300,0,0,928.10,227.43,996.54,349.29,12
9,player,301,0,0,932.62,225.21,1001.06,347.07,12
9,player,302,0,0,937.14,222.99,1005.58,344.85,12
9,player,303,0,0,941.67,220.77,1010.10,342.63,12
9,player,304,0,0,946.19,218.55,1014.63,340.41,12
9,player,305,0,0,950.71,216.33,1019.15,338.19,12
9,player,306,0,0,955.24,214.10,1023.67,335.97,12
9,player,307,0,0,959.76,211.88,1028.20,333.75,12
9,player,308,0,0,964.28,209.66,1032.72,331.53,12
9,player,309,0,0,968.80,207.44,1037.24,329.31,12
9,player,310,0,0,973.33,205.22,1041.76,327.09,12
9,player,311,0,0,977.85,203.00,1046.29,324.86,12
9,player,312,0,0,982.37,200.78,1050.81,322.64,12
9,player,313,0,0,986.90,198.56,1055.33,320.42,12
9,player,314,0,0,991.42,196.34,1059.86,318.20,12
9,player,315,0,0,995.94,194.12,1064.38,315.98,12
9,player,316,0,0,1000.46,191.90,1068.90,313.76,12
9,player,317,0,0,1004.99,189.68,1073.42,311.54,12
9,player,318,0,0,1009.51,187.46,1077.95,309.32,12
9,player,319,0,0,1014.03,185.24,1082.47,307.10,12
9,player,320,0,0,1018.56,183.02,1086.99,304.88,12
9,player,321,0,0,1023.08,180.80,1091.52,302.66,12
9,player,322,0,0,1020.24,181.58,1088.68,303.44,12
9,player,323,0,0,1017.40,182.35,1085.84,304.21,12
9,player,324,0,0,1014.56,183.13,1083.00,304.99,12
9,player,325,0,0,1011.73,183.90,1080.16,305.76,12
9,player,326,0,0,1008.89,184.68,1077.32,306.54,12
9,player,327,0,0,1006.05,185.45,1074.49,307.32,12
9,player,328,0,0,1003.21,186.23,1071.65,308.09,12
9,player,329,0,0,1000.37,187.01,1068.81,308.87,12
9,player,330,0,0,997.54,187.78,1065.97,309.64,12
9,player,331,0,0,994.70,188.56,1063.13,310.42,12
9,player,332,0,0,991.86,189.33,1060.30,311.20,12
9,player,333,0,0,989.02,190.11,1057.46,311.97,12
9,player,334,0,0,986.18,190.88,1054.62,312.75,12
9,player,335,0,0,983.34,191.66,1051.78,313.52,12
9,player,336,0,0,980.51,192.44,1048.94,314.30,12
9,player,337,0,0,977.67,193.21,1046.11,315.07,12
9,player,338,0,0,974.83,193.99,1043.27,315.85,12
9,player,339,0,0,971.99,194.76,1040.43,316.63,12
9,player,340,0,0,969.15,195.54,1037.59,317.40,12
9,player,341,0,0,966.32,196.32,1034.75,318.18,12
9,player,342,0,0,963.48,197.09,1031.91,318.95,12
9,player,343,0,0,960.64,197.87,1029.08,319.73,12
9,player,344,0,0,957.80,198.64,1026.24,320.50,12
9,player,345,0,0,954.96,199.42,1023.40,321.28,12
9,player,346,0,0,952.12,200.19,1020.56,322.06,12
9,player,347,0,0,949.29,200.97,1017.72,322.83,12
9,player,348,0,0,946.45,201.75,1014.89,323.61,12
9,player,349,0,0,943.61,202.52,1012.05,324.38,12
9,player,350,0,0,940.77,203.30,1009.21,325.16,12
9,player,351,0,0,937.93,204.07,1006.37,325.93,12
9,player,352,0,0,935.10,204.85,1003.53,326.71,12
9,player,353,0,0,932.26,205.62,1000.69,327.49,12
9,player,354,0,0,929.42,206.40,997.86,328.26,12
9,player,355,0,0,926.58,207.18,995.02,329.04,12
9,player,356,0,0,923.74,207.95,992.18,329.81,12
9,player,357,0,0,920.91,208.73,989.34,330.59,12
9,player,358,0,0,918.07,209.50,986.50,331.37,12
9,player,359,0,0,915.23,210.28,983.67,332.14,12
9,player,360,0,0,912.39,211.05,980.83,332.92,12
9,player,361,0,0,909.55,211.83,977.99,333.69,12
9,player,362,0,0,906.71,212.61,975.15,334.47,12
9,player,363,0,0,903.88,213.38,972.31,335.24,12
9,player,364,0,0,901.04,214.16,969.47,336.02,12
9,player,365,0,0,898.20,214.93,966.64,336.80,12
9,player,366,0,0,895.36,215.71,963.80,337.57,12
9,player,367,0,0,892.52,216.49,960.96,338.35,12
9,player,368,0,0,889.69,217.26,958.12,339.12,12
9,player,369,0,0,886.85,218.04,955.28,339.90,12
9,player,370,0,0,884.01,218.81,952.45,340.67,12
9,player,371,0,0,881.17,219.59,949.61,341.45,12
9,player,372,0,0,878.33,220.36,946.77,342.23,12
9,player,373,0,0,875.49,221.14,943.93,343.00,12
9,player,374,0,0,872.66,221.92,941.09,343.78,12
9,player,375,0,0,869.82,222.69,938.25,344.55,12
9,player,376,0,0,866.98,223.47,935.42,345.33,12
9,player,377,0,0,864.14,224.24,932.58,346.10,12
9,player,378,0,0,861.30,225.02,929.74,346.88,12
9,player,379,0,0,858.47,225.79,926.90,347.66,12
9,player,380,0,0,855.63,226.57,924.06,348.43,12
9,player,381,0,0,852.79,227.35,921.23,349.21,12
9,player,382,0,0,849.95,228.12,918.39,349.98,12
9,player,383,0,0,847.11,228.90,915.55,350.76,12
9,player,384,0,0,844.27,229.67,912.71,351.54,12
9,player,385,0,0,841.44,230.45,909.87,352.31,12
9,player,386,0,0,838.60,231.22,907.03,353.09,12
9,player,387,0,0,835.76,232.00,904.20,353.86,12
9,player,388,0,0,832.92,232.78,901.36,354.64,12
9,player,389,0,0,830.08,233.55,898.52,355.41,12
9,player,390,0,0,827.25,234.33,895.68,356.19,12
9,player,391,0,0,824.41,235.10,892.84,356.97,12
9,player,392,0,0,821.57,235.88,890.01,357.74,12
9,player,393,0,0,818.73,236.66,887.17,358.52,12
9,player,394,0,0,815.89,237.43,884.33,359.29,12
9,player,395,0,0,813.05,238.21,881.49,360.07,12
9,player,396,0,0,810.22,238.98,878.65,360.84,12
9,player,397,0,0,807.38,239.76,875.82,361.62,12
9,player,398,0,0,804.54,240.53,872.98,362.40,12
9,player,399,0,0,801.70,241.31,870.14,363.17,12
9,player,400,0,0,798.86,242.09,867.30,363.95,12
9,player,401,0,0,796.03,242.86,864.46,364.72,12
9,player,402,0,0,793.19,243.64,861.62,365.50,12
9,player,403,0,0,790.35,244.41,858.79,366.27,12
9,player,404,0,0,787.51,245.19,855.95,367.05,12
9,player,405,0,0,784.67,245.96,853.11,367.83,12
9,player,406,0,0,781.83,246.74,850.27,368.60,12
9,player,407,0,0,779.00,247.52,847.43,369.38,12
9,player,408,0,0,776.16,248.29,844.60,370.15,12
9,player,409,0,0,773.32,249.07,841.76,370.93,12
9,player,410,0,0,770.48,249.84,838.92,371.71,12
9,player,411,0,0,767.64,250.62,836.08,372.48,12
9,player,412,0,0,764.81,251.39,833.24,373.26,12
9,player,413,0,0,761.97,252.17,830.40,374.03,12
9,player,414,0,0,759.13,252.95,827.57,374.81,12
9,player,415,0,0,756.29,253.72,824.73,375.58,12
9,player,416,0,0,753.45,254.50,821.89,376.36,12
9,player,417,0,0,750.62,255.27,819.05,377.14,12
9,player,418,0,0,747.78,256.05,816.21,377.91,12
9,player,419,0,0,744.94,256.83,813.38,378.69,12
9,player,420,0,0,742.10,257.60,810.54,379.46,12
9,player,421,0,0,739.26,258.38,807.70,380.24,12
9,player,422,0,0,736.42,259.15,804.86,381.01,12
9,player,423,0,0,733.59,259.93,802.02,381.79,12
9,player,424,0,0,730.75,260.70,799.18,382.57,12
9,player,425,0,0,727.91,261.48,796.35,383.34,12
9,player,426,0,0,725.07,262.26,793.51,384.12,12
9,player,427,0,0,722.23,263.03,790.67,384.89,12
9,player,428,0,0,719.40,263.81,787.83,385.67,12
9,player,429,0,0,716.56,264.58,784.99,386.44,12
9,player,430,0,0,713.72,265.36,782.16,387.22,12
9,player,431,0,0,710.88,266.13,779.32,388.00,12
9,player,432,0,0,708.04,266.91,776.48,388.77,12
9,player,433,0,0,705.20,267.69,773.64,389.55,12
9,player,434,0,0,702.37,268.46,770.80,390.32,12
9,player,435,0,0,703.86,270.80,772.30,392.66,12
9,player,436,0,0,705.35,273.14,773.79,395.00,12
9,player,437,0,0,706.85,275.47,775.28,397.34,12
9,player,438,0,0,708.34,277.81,776.78,399.67,12
9,player,439,0,0,709.83,280.15,778.27,402.01,12
9,player,440,0,0,711.33,282.49,779.76,404.35,12
9,player,441,0,0,712.82,284.83,781.26,406.69,12
9,player,442,0,0,714.31,287.16,782.75,409.03,12
9,player,443,0,0,715.81,289.50,784.24,411.36,12
9,player,444,0,0,717.30,291.84,785.74,413.70,12
9,player,445,0,0,718.79,294.18,787.23,416.04,12
9,player,446,0,0,720.29,296.51,788.73,418.38,12
9,player,447,0,0,721.78,298.85,790.22,420.71,12
9,player,448,0,0,723.28,301.19,791.71,423.05,12
9,player,449,0,0,724.77,303.53,793.21,425.39,12
9,player,450,0,0,726.26,305.86,794.70,427.73,12
9,player,451,0,0,727.76,308.20,796.19,430.06,12
9,player,452,0,0,729.25,310.54,797.69,432.40,12
9,player,453,0,0,730.74,312.88,799.18,434.74,12
9,player,454,0,0,732.24,315.22,800.67,437.08,12
9,player,455,0,0,733.73,317.55,802.17,439.41,12
9,player,456,0,0,735.22,319.89,803.66,441.75,12
9,player,457,0,0,736.72,322.23,805.15,444.09,12
9,player,458,0,0,738.21,324.57,806.65,446.43,12
9,player,459,0,0,739.70,326.90,808.14,448.77,12
9,player,460,0,0,741.20,329.24,809.63,451.10,12
9,player,461,0,0,742.69,331.58,811.13,453.44,12
9,player,462,0,0,744.18,333.92,812.62,455.78,12
9,player,463,0,0,745.68,336.25,814.11,458.12,12
9,player,464,0,0,747.17,338.59,815.61,460.45,12
9,player,465,0,0,748.67,340.93,817.10,462.79,12
9,player,466,0,0,750.16,343.27,818.60,465.13,12
9,player,467,0,0,751.65,345.61,820.09,467.47,12
9,player,468,0,0,753.15,347.94,821.58,469.80,12
9,player,469,0,0,754.64,350.28,823.08,472.14,12
9,player,470,0,0,756.13,352.62,824.57,474.48,12
9,player,471,0,0,757.02,352.78,825.46,474.64,12
9,player,472,0,0,757.91,352.94,826.34,474.80,12
9,player,473,0,0,758.79,353.10,827.23,474.96,12
9,player,474,0,0,759.68,353.26,828.12,475.12,12
9,player,475,0,0,760.57,353.42,829.00,475.29,12
9,player,476,0,0,761.45,353.59,829.89,475.45,12
9,player,477,0,0,762.34,353.75,830.78,475.61,12
9,player,478,0,0,763.23,353.91,831.66,475.77,12
9,player,479,0,0,764.11,354.07,832.55,475.93,12
9,player,480,0,0,765.00,354.23,833.44,476.09,12
9,player,481,0,0,765.89,354.39,834.32,476.25,12
9,player,482,0,0,766.77,354.55,835.21,476.41,12
9,player,483,0,0,767.66,354.71,836.10,476.58,12
9,player,484,0,0,768.55,354.87,836.98,476.74,12
9,player,485,0,0,769.43,355.04,837.87,476.90,12
9,player,486,0,0,770.32,355.20,838.76,477.06,12
9,player,487,0,0,771.21,355.36,839.64,477.22,12
9,player,488,0,0,772.09,355.52,840.53,477.38,12
9,player,489,0,0,772.98,355.68,841.42,477.54,12
9,player,490,0,0,773.87,355.84,842.30,477.70,12
9,player,491,0,0,774.75,356.00,843.19,477.87,12
9,player,492,0,0,775.64,356.16,844.08,478.03,12
9,player,493,0,0,776.53,356.33,844.96,478.19,12
9,player,494,0,0,777.41,356.49,845.85,478.35,12
9,player,495,0,0,778.30,356.65,846.74,478.51,12
9,player,496,0,0,779.19,356.81,847.62,478.67,12
9,player,497,0,0,780.07,356.97,848.51,478.83,12
9,player,498,0,0,780.96,357.13,849.40,478.99,12
9,player,499,0,0,781.85,357.29,850.28,479.15,12
9,player,500,0,0,779.51,357.88,847.95,479.74,12
9,player,501,0,0,777.17,358.46,845.61,480.32,12
9,player,502,0,0,774.83,359.05,843.27,480.91,12
9,player,503,0,0,772.50,359.63,840.93,481.49,12
9,player,504,0,0,767.60,358.97,836.04,480.83,12
9,player,505,0,0,762.71,358.30,831.15,480.16,12
9,player,506,0,0,757.82,357.64,826.25,479.50,12
9,player,507,0,0,752.92,356.97,821.36,478.83,12
9,player,508,0,0,748.03,356.30,816.46,478.17,12
9,player,509,0,0,743.13,355.64,811.57,477.50,12
9,player,510,0,0,738.24,354.97,806.68,476.84,12
9,player,511,0,0,733.35,354.31,801.78,476.17,12
9,player,512,0,0,728.45,353.64,796.89,475.51,12
9,player,513,0,0,723.56,352.98,792.00,474.84,12
9,player,514,0,0,718.66,352.31,787.10,474.18,12
9,player,515,0,0,713.77,351.65,782.21,473.51,12
9,player,516,0,0,708.88,350.98,777.31,472.85,12
9,player,517,0,0,703.98,350.32,772.42,472.18,12
9,player,518,0,0,699.09,349.65,767.53,471.51,12
9,player,519,0,0,694.20,348.99,762.63,470.85,12
9,player,520,0,0,689.30,348.32,757.74,470.18,12
9,player,521,0,0,684.41,347.66,752.84,469.52,12
9,player,522,0,0,679.51,346.99,747.95,468.85,12
9,player,523,0,0,674.62,346.33,743.06,468.19,12
9,player,524,0,0,669.73,345.66,738.16,467.52,12
9,player,525,0,0,664.83,345.00,733.27,466.86,12
9,player,526,0,0,659.94,344.33,728.38,466.19,12
9,player,527,0,0,655.04,343.67,723.48,465.53,12
9,player,528,0,0,650.15,343.00,718.59,464.86,12
9,player,529,0,0,645.26,342.34,713.69,464.20,12
9,player,530,0,0,640.36,341.67,708.80,463.53,12
9,player,531,0,0,635.47,341.01,703.91,462.87,12
9,player,532,0,0,630.58,340.34,699.01,462.20,12
9,player,533,0,0,625.68,339.68,694.12,461.54,12
9,player,534,0,0,620.79,339.01,689.22,460.87,12
9,player,535,0,0,615.89,338.34,684.33,460.21,12
9,player,536,0,0,611.00,337.68,679.44,459.54,12
9,player,537,0,0,606.11,337.01,674.54,458.88,12
9,player,538,0,0,601.21,336.35,669.65,458.21,12
9,player,539,0,0,596.32,335.68,664.75,457.55,12
9,player,540,0,0,591.42,335.02,659.86,456.88,12
9,player,541,0,0,586.53,334.35,654.97,456.22,12
9,player,542,0,0,581.64,333.69,650.07,455.55,12
9,player,543,0,0,576.74,333.02,645.18,454.88,12
9,player,544,0,0,571.85,332.36,640.29,454.22,12
9,player,545,0,0,566.96,331.69,635.39,453.55,12
9,player,546,0,0,562.06,331.03,630.50,452.89,12
9,player,547,0,0,557.17,330.36,625.60,452.22,12
9,player,548,0,0,552.27,329.70,620.71,451.56,12
9,player,549,0,0,541.58,338.25,610.02,460.11,12
9,player,550,0,0,537.31,338.68,605.74,460.54,12
9,player,551,0,0,533.03,339.10,601.47,460.97,12
9,player,552,0,0,528.75,339.53,597.19,461.39,12
9,player,553,0,0,524.48,339.96,592.92,461.82,12
9,player,554,0,0,520.20,340.39,588.64,462.25,12
9,player,555,0,0,518.60,340.39,587.04,462.25,12
9,player,556,0,0,517.00,340.39,585.43,462.25,12
9,player,557,0,0,515.39,340.39,583.83,462.25,12
9,player,558,0,0,513.79,340.39,582.22,462.25,12
9,player,559,0,0,509.87,340.74,578.30,462.61,12
9,player,560,0,0,505.95,341.10,574.39,462.96,12
9,player,561,0,0,502.03,341.46,570.47,463.32,12
9,player,562,0,0,498.11,341.81,566.55,463.67,12
9,player,563,0,0,494.19,342.17,562.63,464.03,12
9,player,564,0,0,490.27,342.53,558.71,464.39,12
9,player,565,0,0,486.35,342.88,554.79,464.74,12
9,player,566,0,0,482.43,343.24,550.87,465.10,12
9,player,567,0,0,478.51,343.59,546.95,465.46,12
9,player,568,0,0,474.59,343.95,543.03,465.81,12
9,player,569,0,0,470.67,344.31,539.11,466.17,12
9,player,570,0,0,466.75,344.66,535.19,466.53,12
9,player,571,0,0,467.70,344.33,536.14,466.19,12
9,player,572,0,0,468.65,344.00,537.09,465.86,12
9,player,573,0,0,469.60,343.67,538.04,465.53,12
9,player,574,0,0,470.55,343.33,538.99,465.20,12
9,player,575,0,0,471.50,343.00,539.94,464.86,12
9,player,576,0,0,472.45,342.67,540.89,464.53,12
9,player,577,0,0,473.40,342.34,541.84,464.20,12
9,player,578,0,0,474.35,342.00,542.79,463.87,12
9,player,579,0,0,475.30,341.67,543.74,463.53,12
9,player,580,0,0,476.25,341.34,544.69,463.20,12
9,player,581,0,0,477.20,341.01,545.64,462.87,12
9,player,582,0,0,478.15,340.67,546.59,462.53,12
9,player,583,0,0,479.10,340.34,547.54,462.20,12
9,player,584,0,0,480.05,340.01,548.49,461.87,12
9,player,585,0,0,481.00,339.68,549.44,461.54,12
9,player,586,0,0,481.95,339.34,550.39,461.20,12
9,player,587,0,0,482.90,339.01,551.34,460.87,12
9,player,588,0,0,483.85,338.68,552.29,460.54,12
9,player,589,0,0,484.80,338.34,553.24,460.21,12
9,player,590,0,0,485.76,338.01,554.19,459.87,12
9,player,591,0,0,486.71,337.68,555.14,459.54,12
9,player,592,0,0,487.66,337.35,556.09,459.21,12
9,player,593,0,0,488.61,337.01,557.04,458.88,12
9,player,594,0,0,489.56,336.68,557.99,458.54,12
9,player,595,0,0,490.51,336.35,558.94,458.21,12
9,player,596,0,0,491.46,336.02,559.89,457.88,12
9,player,597,0,0,492.41,335.68,560.84,457.55,12
9,player,598,0,0,493.36,335.35,561.79,457.21,12
9,player,599,0,0,494.31,335.02,562.74,456.88,12
9,player,600,0,0,495.26,334.69,563.69,456.55,12
9,player,601,0,0,496.21,334.35,564.64,456.22,12
9,player,602,0,0,497.16,334.02,565.60,455.88,12
9,player,603,0,0,498.11,333.69,566.55,455.55,12
9,player,604,0,0,499.06,333.36,567.50,455.22,12
9,player,605,0,0,500.01,333.02,568.45,454.88,12
9,player,606,0,0,500.96,332.69,569.40,454.55,12
9,player,607,0,0,501.91,332.36,570.35,454.22,12
9,player,608,0,0,502.86,332.03,571.30,453.89,12
9,player,609,0,0,503.81,331.69,572.25,453.55,12
9,player,610,0,0,504.76,331.36,573.20,453.22,12
9,player,611,0,0,505.71,331.03,574.15,452.89,12
9,player,612,0,0,506.66,330.70,575.10,452.56,12
9,player,613,0,0,507.61,330.36,576.05,452.22,12
9,player,614,0,0,508.56,330.03,577.00,451.89,12
9,player,615,0,0,509.51,329.70,577.95,451.56,12
9,player,616,0,0,523.05,324.00,591.49,445.86,12
9,player,617,0,0,536.59,318.29,605.03,440.16,12
9,player,618,0,0,550.14,312.59,618.57,434.45,12
9,player,619,0,0,564.86,312.59,633.30,434.45,12
9,player,620,0,0,579.59,312.59,648.03,434.45,12
9,player,621,0,0,594.32,312.59,662.76,434.45,12
9,player,622,0,0,609.05,312.59,677.49,434.45,12
9,player,623,0,0,623.78,312.59,692.22,434.45,12
9,player,624,0,0,638.51,312.59,706.95,434.45,12
9,player,625,0,0,653.24,312.59,721.68,434.45,12
9,player,626,0,0,667.97,312.59,736.40,434.45,12
9,player,627,0,0,682.70,312.59,751.13,434.45,12
9,player,628,0,0,690.04,312.88,758.47,434.74,12
9,player,629,0,0,697.38,313.16,765.82,435.02,12
9,player,630,0,0,704.72,313.45,773.16,435.31,12
9,player,631,0,0,712.06,313.73,780.50,435.59,12
9,player,632,0,0,719.40,314.02,787.84,435.88,12
9,player,633,0,0,726.74,314.30,795.18,436.16,12
9,player,634,0,0,734.08,314.59,802.52,436.45,12
9,player,635,0,0,741.42,314.87,809.86,436.73,12
9,player,636,0,0,748.76,315.16,817.20,437.02,12
9,player,637,0,0,756.11,315.44,824.54,437.31,12
9,player,638,0,0,763.45,315.73,831.88,437.59,12
9,player,639,0,0,770.79,316.01,839.22,437.88,12
9,player,640,0,0,778.13,316.30,846.56,438.16,12
9,player,641,0,0,785.47,316.58,853.91,438.45,12
9,player,642,0,0,792.81,316.87,861.25,438.73,12
9,player,643,0,0,800.15,317.15,868.59,439.02,12
9,player,644,0,0,807.49,317.44,875.93,439.30,12
9,player,645,0,0,814.83,317.72,883.27,439.59,12
9,player,646,0,0,822.17,318.01,890.61,439.87,12
9,player,647,0,0,829.51,318.29,897.95,440.16,12
9,player,648,0,0,836.85,318.58,905.29,440.44,12
9,player,649,0,0,844.19,318.86,912.63,440.73,12
9,player,650,0,0,851.54,319.15,919.97,441.01,12
9,player,651,0,0,858.88,319.43,927.31,441.30,12
9,player,652,0,0,866.22,319.72,934.65,441.58,12
9,player,653,0,0,873.56,320.00,941.99,441.87,12
9,player,654,0,0,880.90,320.29,949.34,442.15,12
9,player,655,0,0,888.24,320.57,956.68,442.44,12
9,player,656,0,0,895.58,320.86,964.02,442.72,12
9,player,657,0,0,902.92,321.14,971.36,443.01,12
9,player,658,0,0,908.27,321.14,976.70,443.01,12
9,player,659,0,0,913.61,321.14,982.05,443.01,12
9,player,660,0,0,917.21,321.37,985.65,443.23,12
9,player,661,0,0,920.81,321.59,989.25,443.46,12
9,player,662,0,0,924.41,321.82,992.85,443.68,12
9,player,663,0,0,928.02,322.04,996.45,443.91,12
9,player,664,0,0,931.62,322.27,1000.05,444.13,12
9,player,665,0,0,935.22,322.49,1003.65,444.36,12
9,player,666,0,0,938.82,322.72,1007.26,444.58,12
9,player,667,0,0,942.42,322.95,1010.86,444.81,12
9,player,668,0,0,946.02,323.17,1014.46,445.03,12
9,player,669,0,0,949.62,323.40,1018.06,445.26,12
9,player,670,0,0,953.22,323.62,1021.66,445.48,12
9,player,671,0,0,956.82,323.85,1025.26,445.71,12
9,player,672,0,0,960.42,324.07,1028.86,445.93,12
9,player,673,0,0,964.03,324.30,1032.46,446.16,12
9,player,674,0,0,967.63,324.52,1036.06,446.38,12
9,player,675,0,0,971.23,324.75,1039.66,446.61,12
9,player,676,0,0,974.83,324.97,1043.26,446.83,12
9,player,677,0,0,978.43,325.20,1046.87,447.06,12
9,player,678,0,0,982.03,325.42,1050.47,447.28,12
9,player,679,0,0,981.43,325.27,1049.87,447.13,12
9,player,680,0,0,980.84,325.12,1049.27,446.98,12
9,player,681,0,0,980.24,324.97,1048.68,446.84,12
9,player,682,0,0,979.64,324.82,1048.08,446.69,12
9,player,683,0,0,979.05,324.68,1047.48,446.54,12
9,player,684,0,0,978.45,324.53,1046.89,446.39,12
9,player,685,0,0,977.85,324.38,1046.29,446.24,12
9,player,686,0,0,977.26,324.23,1045.69,446.09,12
9,player,687,0,0,976.66,324.08,1045.10,445.94,12
9,player,688,0,0,976.06,323.93,1044.50,445.79,12
9,player,689,0,0,975.47,323.78,1043.90,445.64,12
9,player,690,0,0,974.87,323.63,1043.31,445.49,12
9,player,691,0,0,974.27,323.48,1042.71,445.34,12
9,player,692,0,0,973.68,323.33,1042.11,445.19,12
9,player,693,0,0,973.08,323.18,1041.52,445.04,12
9,player,694,0,0,972.48,323.03,1040.92,444.90,12
9,player,695,0,0,971.89,322.88,1040.32,444.75,12
9,player,696,0,0,971.29,322.74,1039.73,444.60,12
9,player,697,0,0,970.69,322.59,1039.13,444.45,12
9,player,698,0,0,970.10,322.44,1038.53,444.30,12
9,player,699,0,0,969.50,322.29,1037.94,444.15,12
9,player,700,0,0,968.90,322.14,1037.34,444.00,12
9,player,701,0,0,968.31,321.99,1036.74,443.85,12
9,player,702,0,0,967.71,321.84,1036.15,443.70,12
9,player,703,0,0,967.11,321.69,1035.55,443.55,12
9,player,704,0,0,966.52,321.54,1034.95,443.40,12
9,player,705,0,0,965.92,321.39,1034.36,443.25,12
9,player,706,0,0,965.32,321.24,1033.76,443.11,12
9,player,707,0,0,964.73,321.09,1033.16,442.96,12
9,player,708,0,0,964.13,320.95,1032.57,442.81,12
9,player,709,0,0,963.53,320.80,1031.97,442.66,12
9,player,710,0,0,962.94,320.65,1031.37,442.51,12
9,player,711,0,0,962.34,320.50,1030.78,442.36,12
9,player,712,0,0,961.74,320.35,1030.18,442.21,12
9,player,713,0,0,961.15,320.20,1029.58,442.06,12
9,player,714,0,0,960.55,320.05,1028.99,441.91,12
9,player,715,0,0,959.95,319.90,1028.39,441.76,12
9,player,716,0,0,959.36,319.75,1027.79,441.61,12
9,player,717,0,0,958.76,319.60,1027.20,441.46,12
9,player,718,0,0,958.16,319.45,1026.60,441.32,12
9,player,719,0,0,957.57,319.30,1026.00,441.17,12
9,player,720,0,0,956.97,319.16,1025.41,441.02,12
9,player,721,0,0,956.37,319.01,1024.81,440.87,12
9,player,722,0,0,955.78,318.86,1024.21,440.72,12
9,player,723,0,0,955.18,318.71,1023.62,440.57,12
9,player,724,0,0,954.58,318.56,1023.02,440.42,12
9,player,725,0,0,953.99,318.41,1022.42,440.27,12
9,player,726,0,0,953.39,318.26,1021.83,440.12,12
9,player,727,0,0,952.79,318.11,1021.23,439.97,12
9,player,728,0,0,952.20,317.96,1020.63,439.82,12
9,player,729,0,0,951.60,317.81,1020.04,439.67,12
9,player,730,0,0,951.00,317.66,1019.44,439.53,12
9,player,731,0,0,950.41,317.51,1018.84,439.38,12
9,player,732,0,0,949.81,317.37,1018.25,439.23,12
9,player,733,0,0,949.21,317.22,1017.65,439.08,12
9,player,734,0,0,948.62,317.07,1017.05,438.93,12
9,player,735,0,0,948.02,316.92,1016.46,438.78,12
9,player,736,0,0,947.42,316.77,1015.86,438.63,12
9,player,737,0,0,946.83,316.62,1015.26,438.48,12
9,player,738,0,0,946.23,316.47,1014.67,438.33,12
9,player,739,0,0,945.63,316.32,1014.07,438.18,12
9,player,740,0,0,945.04,316.17,1013.47,438.03,12
9,player,741,0,0,944.44,316.02,1012.88,437.88,12
9,player,742,0,0,943.84,315.87,1012.28,437.74,12
9,player,743,0,0,943.25,315.72,1011.68,437.59,12
9,player,744,0,0,942.65,315.58,1011.09,437.44,12
9,player,745,0,0,942.05,315.43,1010.49,437.29,12
9,player,746,0,0,941.46,315.28,1009.89,437.14,12
9,player,747,0,0,940.86,315.13,1009.30,436.99,12
9,player,748,0,0,940.26,314.98,1008.70,436.84,12
9,player,749,0,0,939.67,314.83,1008.10,436.69,12
9,player,750,0,0,939.07,314.68,1007.51,436.54,12
9,player,751,0,0,938.47,314.53,1006.91,436.39,12
9,player,752,0,0,937.88,314.38,1006.31,436.24,12
9,player,753,0,0,937.28,314.23,1005.72,436.09,12
9,player,754,0,0,936.68,314.08,1005.12,435.95,12
9,player,755,0,0,936.09,313.93,1004.52,435.80,12
9,player,756,0,0,935.49,313.79,1003.93,435.65,12
9,player,757,0,0,934.89,313.64,1003.33,435.50,12
9,player,758,0,0,934.30,313.49,1002.73,435.35,12
9,player,759,0,0,933.70,313.34,1002.14,435.20,12
9,player,760,0,0,933.10,313.19,1001.54,435.05,12
9,player,761,0,0,932.51,313.04,1000.94,434.90,12
9,player,762,0,0,931.91,312.89,1000.35,434.75,12
9,player,763,0,0,931.31,312.74,999.75,434.60,12
9,player,764,0,0,930.72,312.59,999.15,434.45,12
9,player,765,0,0,927.99,312.59,996.43,434.45,12
9,player,766,0,0,925.27,312.59,993.71,434.45,12
9,player,767,0,0,922.55,312.59,990.99,434.45,12
9,player,768,0,0,919.83,312.59,988.27,434.45,12
9,player,769,0,0,917.11,312.59,985.55,434.45,12
9,player,770,0,0,914.39,312.59,982.83,434.45,12
9,player,771,0,0,911.67,312.59,980.10,434.45,12
9,player,772,0,0,908.95,312.59,977.38,434.45,12
9,player,773,0,0,906.22,312.59,974.66,434.45,12
9,player,774,0,0,903.50,312.59,971.94,434.45,12
9,player,775,0,0,900.78,312.59,969.22,434.45,12
9,player,776,0,0,898.06,312.59,966.50,434.45,12
9,player,777,0,0,895.34,312.59,963.78,434.45,12
9,player,778,0,0,892.62,312.59,961.06,434.45,12
9,player,779,0,0,889.90,312.59,958.33,434.45,12
9,player,780,0,0,887.18,312.59,955.61,434.45,12
9,player,781,0,0,884.45,312.59,952.89,434.45,12
9,player,782,0,0,881.73,312.59,950.17,434.45,12
9,player,783,0,0,879.01,312.59,947.45,434.45,12
9,player,784,0,0,876.29,312.59,944.73,434.45,12
9,player,785,0,0,873.57,312.59,942.01,434.45,12
9,player,786,0,0,870.85,312.59,939.29,434.45,12
9,player,787,0,0,866.14,312.81,934.58,434.67,12
9,player,788,0,0,861.44,313.02,929.88,434.88,12
9,player,789,0,0,856.74,313.23,925.17,435.10,12
9,player,790,0,0,852.03,313.45,920.47,435.31,12
9,player,791,0,0,847.33,313.66,915.77,435.52,12
9,player,792,0,0,842.63,313.88,911.06,435.74,12
9,player,793,0,0,837.92,314.09,906.36,435.95,12
9,player,794,0,0,833.22,314.30,901.65,436.16,12
9,player,795,0,0,828.51,314.52,896.95,436.38,12
9,player,796,0,0,823.81,314.73,892.25,436.59,12
9,player,797,0,0,819.35,315.36,887.78,437.22,12
9,player,798,0,0,814.88,315.99,883.32,437.85,12
9,player,799,0,0,810.42,316.62,878.85,438.48,12
9,player,800,0,0,805.95,317.25,874.39,439.11,12
9,player,801,0,0,801.49,317.87,869.92,439.74,12
9,player,802,0,0,797.02,318.50,865.46,440.37,12
9,player,803,0,0,792.56,319.13,860.99,440.99,12
9,player,804,0,0,788.09,319.76,856.53,441.62,12
9,player,805,0,0,783.63,320.39,852.06,442.25,12
9,player,806,0,0,779.16,321.02,847.60,442.88,12
9,player,807,0,0,774.70,321.65,843.13,443.51,12
9,player,808,0,0,770.23,322.28,838.67,444.14,12
9,player,809,0,0,765.77,322.91,834.20,444.77,12
9,player,810,0,0,761.30,323.53,829.74,445.40,12
9,player,811,0,0,756.84,324.16,825.27,446.02,12
9,player,812,0,0,752.37,324.79,820.81,446.65,12
9,player,813,0,0,747.91,325.42,816.34,447.28,12
9,player,814,0,0,743.44,326.05,811.88,447.91,12
9,player,815,0,0,738.98,326.68,807.42,448.54,12
9,player,816,0,0,734.51,327.31,802.95,449.17,12
9,player,817,0,0,730.05,327.94,798.49,449.80,12
9,player,818,0,0,725.58,328.57,794.02,450.43,12
9,player,819,0,0,721.12,329.19,789.56,451.06,12
9,player,820,0,0,716.65,329.82,785.09,451.68,12
9,player,821,0,0,712.19,330.45,780.63,452.31,12
9,player,822,0,0,707.72,331.08,776.16,452.94,12
9,player,823,0,0,703.26,331.71,771.70,453.57,12
9,player,824,0,0,698.79,332.34,767.23,454.20,12
9,player,825,0,0,694.33,332.97,762.77,454.83,12
9,player,826,0,0,689.87,333.60,758.30,455.46,12
9,player,827,0,0,685.40,334.22,753.84,456.09,12
9,player,828,0,0,680.94,334.85,749.37,456.72,12
9,player,829,0,0,676.47,335.48,744.91,457.34,12
9,player,830,0,0,672.01,336.11,740.44,457.97,12
9,player,831,0,0,662.74,333.26,731.18,455.12,12
9,player,832,0,0,653.48,330.41,721.91,452.27,12
9,player,833,0,0,644.21,327.56,712.65,449.42,12
9,player,834,0,0,644.21,327.56,712.65,449.42,12
9,player,835,0,0,644.21,327.56,712.65,449.42,12
9,player,836,0,0,644.21,327.56,712.65,449.42,12
9,player,837,0,0,644.21,327.56,712.65,449.42,12
9,player,838,0,0,644.21,327.56,712.65,449.42,12
9,player,839,0,0,644.21,327.56,712.65,449.42,12
9,player,840,0,0,644.21,327.56,712.65,449.42,12
9,player,841,0,0,644.21,327.56,712.65,449.42,12
9,player,842,0,0,644.21,327.56,712.65,449.42,12
9,player,843,0,0,644.21,327.56,712.65,449.42,12
9,player,844,0,0,644.21,327.56,712.65,449.42,12
9,player,845,0,0,644.21,327.56,712.65,449.42,12
9,player,846,0,0,644.21,327.56,712.65,449.42,12
9,player,847,0,0,644.21,327.56,712.65,449.42,12
9,player,848,0,0,644.21,327.56,712.65,449.42,12
9,player,849,0,0,644.21,327.56,712.65,449.42,12
9,player,850,0,0,644.21,327.56,712.65,449.42,12
9,player,851,0,0,644.21,327.56,712.65,449.42,12
9,player,852,0,0,644.21,327.56,712.65,449.42,12
9,player,853,0,0,644.21,327.56,712.65,449.42,12
9,player,854,0,0,644.21,327.56,712.65,449.42,12
9,player,855,0,0,644.21,327.56,712.65,449.42,12
9,player,856,0,0,644.21,327.56,712.65,449.42,12
9,player,857,0,0,644.21,327.56,712.65,449.42,12
9,player,858,0,0,644.21,327.56,712.65,449.42,12
9,player,859,0,0,644.21,327.56,712.65,449.42,12
9,player,860,0,0,644.21,327.56,712.65,449.42,12
9,player,861,0,0,644.21,327.56,712.65,449.42,12
9,player,862,0,0,644.21,327.56,712.65,449.42,12
9,player,863,0,0,644.21,327.56,712.65,449.42,12
9,player,864,0,0,644.21,327.56,712.65,449.42,12
9,player,865,0,0,644.21,327.56,712.65,449.42,12
9,player,866,0,0,644.21,327.56,712.65,449.42,12
9,player,867,0,0,644.21,327.56,712.65,449.42,12
9,player,868,0,0,644.21,327.56,712.65,449.42,12
9,player,869,0,0,644.21,327.56,712.65,449.42,12
9,player,870,0,0,644.21,327.56,712.65,449.42,12
9,player,871,0,0,644.21,327.56,712.65,449.42,12
9,player,872,0,0,644.21,327.56,712.65,449.42,12
9,player,873,0,0,644.21,327.56,712.65,449.42,12
9,player,874,0,0,644.21,327.56,712.65,449.42,12
9,player,875,0,0,644.21,327.56,712.65,449.42,12
9,player,876,0,0,644.21,327.56,712.65,449.42,12
9,player,877,0,0,644.21,327.56,712.65,449.42,12
9,player,878,0,0,644.21,327.56,712.65,449.42,12
9,player,879,0,0,644.21,327.56,712.65,449.42,12
9,player,880,0,0,644.21,327.56,712.65,449.42,12
9,player,881,0,0,644.21,327.56,712.65,449.42,12
9,player,882,0,0,644.21,327.56,712.65,449.42,12
9,player,883,0,0,644.21,327.56,712.65,449.42,12
9,player,884,0,0,644.21,327.56,712.65,449.42,12
9,player,885,0,0,644.21,327.56,712.65,449.42,12
9,player,886,0,0,644.21,327.56,712.65,449.42,12
9,player,887,0,0,644.21,327.56,712.65,449.42,12
9,player,888,0,0,644.21,327.56,712.65,449.42,12
9,player,889,0,0,644.21,327.56,712.65,449.42,12
9,player,890,0,0,644.21,327.56,712.65,449.42,12
9,player,891,1,0,644.21,327.56,712.65,449.42,12
10,player,7,0,0,456.49,463.04,527.03,621.24,22
10,player,8,0,0,452.21,464.85,522.76,623.05,22
10,player,9,0,0,447.93,466.66,518.48,624.86,22
10,player,10,0,0,443.66,468.47,514.21,626.66,22
10,player,11,0,0,439.38,470.28,509.93,628.47,22
10,player,12,0,0,435.10,472.09,505.65,630.28,22
10,player,13,0,0,430.83,473.90,501.38,632.09,22
10,player,14,0,0,426.55,475.70,497.10,633.90,22
10,player,15,0,0,422.28,477.51,492.83,635.71,22
10,player,16,0,0,418.00,479.32,488.55,637.52,22
10,player,17,0,0,413.72,481.13,484.27,639.33,22
10,player,18,0,0,409.45,482.94,480.00,641.14,22
10,player,19,0,0,405.17,484.75,475.72,642.95,22
10,player,20,0,0,400.90,486.56,471.44,644.76,22
10,player,21,0,0,395.91,487.40,466.46,645.60,22
10,player,22,0,0,390.92,488.24,461.47,646.44,22
10,player,23,0,0,385.93,489.09,456.48,647.28,22
10,player,24,0,0,380.94,489.93,451.49,648.13,22
10,player,25,0,0,375.95,490.77,446.50,648.97,22
10,player,26,0,0,370.96,491.61,441.51,649.81,22
10,player,27,0,0,365.97,492.46,436.52,650.65,22
10,player,28,0,0,360.98,493.30,431.53,651.49,22
10,player,29,0,0,356.00,494.14,426.55,652.34,22
10,player,30,0,0,351.01,494.98,421.56,653.18,22
10,player,31,0,0,346.02,495.82,416.57,654.02,22
10,player,32,0,0,341.03,496.67,411.58,654.86,22
10,player,33,0,0,336.04,497.51,406.59,655.71,22
10,player,34,0,0,331.05,498.35,401.60,656.55,22
10,player,35,0,0,326.06,499.19,396.61,657.39,22
10,player,36,0,0,321.07,500.04,391.62,658.23,22
10,player,37,0,0,316.09,500.88,386.63,659.08,22
10,player,38,0,0,311.10,501.72,381.65,659.92,22
10,player,39,0,0,306.11,502.56,376.66,660.76,22
10,player,40,0,0,301.12,503.40,371.67,661.60,22
10,player,41,0,0,296.13,504.25,366.68,662.44,22
10,player,42,0,0,291.14,505.09,361.69,663.29,22
10,player,43,0,0,286.15,505.93,356.70,664.13,22
10,player,44,0,0,281.16,506.77,351.71,664.97,22
10,player,45,0,0,276.17,507.62,346.72,665.81,22
10,player,46,0,0,271.19,508.46,341.73,666.66,22
10,player,47,0,0,266.20,509.30,336.75,667.50,22
10,player,48,0,0,261.21,510.14,331.76,668.34,22
10,player,49,0,0,256.22,510.99,326.77,669.18,22
10,player,50,0,0,251.23,511.83,321.78,670.02,22
10,player,51,0,0,246.24,512.67,316.79,670.87,22
10,player,52,0,0,241.25,513.51,311.80,671.71,22
10,player,53,0,0,236.26,514.35,306.81,672.55,22
10,player,54,0,0,232.56,514.07,303.11,672.27,22
10,player,55,0,0,228.85,513.78,299.40,671.98,22
10,player,56,0,0,225.15,513.50,295.69,671.70,22
10,player,57,0,0,221.44,513.21,291.99,671.41,22
10,player,58,0,0,217.73,512.93,288.28,671.13,22
10,player,59,0,0,214.03,512.64,284.58,670.84,22
10,player,60,0,0,210.32,512.36,280.87,670.56,22
10,player,61,0,0,206.62,512.07,277.16,670.27,22
10,player,62,0,0,202.91,511.79,273.46,669.99,22
10,player,63,0,0,199.20,511.50,269.75,669.70,22
10,player,64,0,0,195.50,511.22,266.05,669.42,22
10,player,65,0,0,191.79,510.93,262.34,669.13,22
10,player,66,0,0,188.09,510.65,258.64,668.85,22
10,player,67,0,0,184.38,510.36,254.93,668.56,22
10,player,68,0,0,180.67,510.08,251.22,668.28,22
10,player,69,0,0,175.33,512.22,245.88,670.41,22
10,player,70,0,0,169.98,514.35,240.53,672.55,22
10,player,71,0,0,164.64,516.49,235.19,674.69,22
10,player,72,0,0,159.29,518.63,229.84,676.83,22
10,player,73,0,0,154.93,517.65,225.75,675.85,22
10,player,74,0,0,150.56,516.67,221.65,674.87,22
10,player,75,0,0,146.20,515.69,217.55,673.89,22
10,player,76,0,0,141.83,514.71,213.46,672.91,22
10,player,77,0,0,137.47,513.73,209.36,671.93,22
10,player,78,0,0,133.10,512.75,205.27,670.95,22
10,player,79,0,0,128.74,511.77,201.17,669.97,22
10,player,80,0,0,124.37,510.79,197.07,668.99,22
10,player,81,0,0,120.01,509.81,192.98,668.01,22
10,player,82,0,0,115.64,508.83,188.88,667.03,22
10,player,83,0,0,111.28,507.85,184.78,666.05,22
10,player,84,0,0,106.91,506.87,180.69,665.07,22
10,player,85,0,0,102.54,505.89,176.59,664.09,22
10,player,86,0,0,98.18,504.91,172.50,663.11,22
10,player,87,0,0,93.81,503.93,168.40,662.13,22
10,player,88,0,0,89.45,502.95,164.30,661.15,22
10,player,89,0,0,85.08,501.97,160.21,660.17,22
10,player,90,0,0,80.72,500.99,156.11,659.19,22
10,player,91,0,0,76.35,500.01,152.02,658.21,22
10,player,92,0,0,71.99,499.03,147.92,657.23,22
10,player,93,0,0,67.62,498.05,143.82,656.25,22
10,player,94,0,0,63.26,497.07,139.73,655.27,22
10,player,95,0,0,58.89,496.09,135.63,654.29,22
10,player,96,0,0,54.53,495.11,131.53,653.31,22
10,player,97,0,0,52.69,492.36,129.70,650.56,22
10,player,98,0,0,50.86,489.61,127.87,647.81,22
10,player,99,0,0,49.03,486.87,126.04,645.06,22
10,player,100,0,0,47.20,484.12,124.20,642.31,22
10,player,101,0,0,45.36,481.37,122.37,639.56,22
10,player,102,0,0,43.53,478.62,120.54,636.82,22
10,player,103,0,0,41.70,475.87,118.71,634.07,22
10,player,104,0,0,41.94,471.83,118.94,630.03,22
10,player,105,0,0,42.17,467.79,119.18,625.99,22
10,player,106,0,0,42.41,463.75,119.42,621.95,22
10,player,107,0,0,42.65,459.72,119.66,617.91,22
10,player,108,0,0,42.89,455.68,119.89,613.87,22
10,player,109,0,0,43.12,451.64,120.13,609.84,22
10,player,110,0,0,43.36,447.60,120.37,605.80,22
10,player,111,0,0,43.60,443.56,120.61,601.76,22
10,player,112,0,0,43.84,439.52,120.84,597.72,22
10,player,113,0,0,45.81,437.06,122.82,595.25,22
10,player,114,0,0,47.78,434.59,124.79,592.79,22
10,player,115,0,0,49.76,432.12,126.76,590.32,22
10,player,116,0,0,51.73,429.65,128.74,587.85,22
10,player,117,0,0,53.71,427.19,130.71,585.38,22
10,player,118,0,0,55.68,424.72,132.69,582.92,22
10,player,119,0,0,57.65,422.25,134.66,580.45,22
10,player,120,0,0,59.63,419.79,136.63,577.98,22
10,player,121,0,0,61.60,417.32,138.61,575.52,22
10,player,122,0,0,63.57,414.85,140.58,573.05,22
10,player,123,0,0,65.55,412.39,142.55,570.58,22
10,player,124,0,0,67.52,409.92,144.53,568.12,22
10,player,125,0,0,69.49,407.45,146.50,565.65,22
10,player,126,0,0,71.13,405.50,148.14,563.70,22
10,player,127,0,0,72.76,403.55,149.77,561.75,22
10,player,128,0,0,74.40,401.60,151.41,559.80,22
10,player,129,0,0,76.03,399.65,153.04,557.85,22
10,player,130,0,0,77.67,397.70,154.68,555.90,22
10,player,131,0,0,79.30,395.75,156.31,553.95,22
10,player,132,0,0,80.94,393.81,157.95,552.00,22
10,player,133,0,0,82.57,391.86,159.58,550.05,22
10,player,134,0,0,84.21,389.91,161.22,548.10,22
10,player,135,0,0,85.84,387.96,162.85,546.15,22
10,player,136,0,0,87.48,386.01,164.49,544.20,22
10,player,137,0,0,89.11,384.06,166.12,542.26,22
10,player,138,0,0,90.75,382.11,167.76,540.31,22
10,player,139,0,0,92.38,380.16,169.39,538.36,22
10,player,140,0,0,94.02,378.21,171.03,536.41,22
10,player,141,0,0,95.65,376.26,172.66,534.46,22
10,player,142,0,0,97.29,374.31,174.30,532.51,22
10,player,143,0,0,98.92,372.36,175.93,530.56,22
10,player,144,0,0,100.56,370.41,177.57,528.61,22
10,player,145,0,0,102.19,368.46,179.20,526.66,22
10,player,146,0,0,103.83,366.51,180.84,524.71,22
10,player,147,0,0,105.46,364.56,182.47,522.76,22
10,player,148,0,0,107.10,362.61,184.11,520.81,22
10,player,149,0,0,108.73,360.67,185.74,518.86,22
10,player,150,0,0,110.37,358.72,187.38,516.91,22
10,player,151,0,0,112.00,356.77,189.01,514.96,22
10,player,152,0,0,113.64,354.82,190.65,513.01,22
10,player,153,0,0,115.27,352.87,192.28,511.06,22
10,player,154,0,0,116.91,350.92,193.92,509.12,22
10,player,155,0,0,118.54,348.97,195.55,507.17,22
10,player,156,0,0,120.18,347.02,197.19,505.22,22
10,player,157,0,0,121.81,345.07,198.82,503.27,22
10,player,158,0,0,123.45,343.12,200.46,501.32,22
10,player,159,0,0,125.08,341.17,202.09,499.37,22
10,player,160,0,0,124.75,341.28,201.75,499.48,22
10,player,161,0,0,124.41,341.40,201.41,499.59,22
10,player,162,0,0,124.07,341.51,201.08,499.71,22
10,player,163,0,0,123.73,341.62,200.74,499.82,22
10,player,164,0,0,123.39,341.74,200.40,499.94,22
10,player,165,0,0,123.05,341.85,200.06,500.05,22
10,player,166,0,0,122.72,341.97,199.72,500.16,22
10,player,167,0,0,122.38,342.08,199.38,500.28,22
10,player,168,0,0,122.04,342.19,199.05,500.39,22
10,player,169,0,0,121.70,342.31,198.71,500.50,22
10,player,170,0,0,121.36,342.42,198.37,500.62,22
10,player,171,0,0,121.02,342.53,198.03,500.73,22
10,player,172,0,0,120.69,342.65,197.69,500.84,22
10,player,173,0,0,120.35,342.76,197.35,500.96,22
10,player,174,0,0,120.01,342.87,197.02,501.07,22
10,player,175,0,0,119.67,342.99,196.68,501.18,22
10,player,176,0,0,119.33,343.10,196.34,501.30,22
10,player,177,0,0,118.99,343.21,196.00,501.41,22
10,player,178,0,0,118.66,343.33,195.66,501.52,22
10,player,179,0,0,118.32,343.44,195.32,501.64,22
10,player,180,0,0,117.98,343.55,194.99,501.75,22
10,player,181,0,0,117.64,343.67,194.65,501.86,22
10,player,182,0,0,117.30,343.78,194.31,501.98,22
10,player,183,0,0,116.96,343.89,193.97,502.09,22
10,player,184,0,0,116.63,344.01,193.63,502.21,22
10,player,185,0,0,116.29,344.12,193.29,502.32,22
10,player,186,0,0,115.95,344.24,192.96,502.43,22
10,player,187,0,0,115.61,344.35,192.62,502.55,22
10,player,188,0,0,115.27,344.46,192.28,502.66,22
10,player,189,0,0,114.93,344.58,191.94,502.77,22
10,player,190,0,0,114.60,344.69,191.60,502.89,22
10,player,191,0,0,114.26,344.80,191.27,503.00,22
10,player,192,0,0,113.92,344.92,190.93,503.11,22
10,player,193,0,0,113.58,345.03,190.59,503.23,22
10,player,194,0,0,113.24,345.14,190.25,503.34,22
10,player,195,0,0,112.90,345.26,189.91,503.45,22
10,player,196,0,0,112.57,345.37,189.57,503.57,22
10,player,197,0,0,116.11,344.42,193.12,502.62,22
10,player,198,0,0,119.66,343.48,196.67,501.68,22
10,player,199,0,0,123.21,342.53,200.21,500.73,22
10,player,200,0,0,126.75,341.59,203.76,499.78,22
10,player,201,0,0,130.30,340.64,207.30,498.84,22
10,player,202,0,0,133.84,339.69,210.85,497.89,22
10,player,203,0,0,137.39,338.75,214.40,496.95,22
10,player,204,0,0,140.94,337.80,217.94,496.00,22
10,player,205,0,0,144.48,336.86,221.49,495.05,22
10,player,206,0,0,148.03,335.91,225.04,494.11,22
10,player,207,0,0,151.57,334.96,228.58,493.16,22
10,player,208,0,0,155.12,334.02,232.13,492.22,22
10,player,209,0,0,158.67,333.07,235.67,491.27,22
10,player,210,0,0,162.21,332.13,239.22,490.32,22
10,player,211,0,0,165.76,331.18,242.77,489.38,22
10,player,212,0,0,169.31,330.23,246.31,488.43,22
10,player,213,0,0,172.85,329.29,249.86,487.49,22
10,player,214,0,0,176.40,328.34,253.41,486.54,22
10,player,215,0,0,178.54,328.52,255.54,486.72,22
10,player,216,0,0,180.67,328.70,257.68,486.90,22
10,player,217,0,0,182.81,328.88,259.82,487.07,22
10,player,218,0,0,184.95,329.06,261.96,487.25,22
10,player,219,0,0,187.09,329.23,264.10,487.43,22
10,player,220,0,0,189.23,329.41,266.23,487.61,22
10,player,221,0,0,191.36,329.59,268.37,487.79,22
10,player,222,0,0,193.50,329.77,270.51,487.96,22
10,player,223,0,0,195.64,329.95,272.65,488.14,22
10,player,224,0,0,197.78,330.12,274.79,488.32,22
10,player,225,0,0,199.92,330.30,276.92,488.50,22
10,player,226,0,0,202.06,330.48,279.06,488.68,22
10,player,227,0,0,204.19,330.66,281.20,488.86,22
10,player,228,0,0,206.33,330.84,283.34,489.03,22
10,player,229,0,0,208.47,331.01,285.48,489.21,22
10,player,230,0,0,210.61,331.19,287.61,489.39,22
10,player,231,0,0,212.75,331.37,289.75,489.57,22
10,player,232,0,0,214.88,331.55,291.89,489.75,22
10,player,233,0,0,217.02,331.73,294.03,489.92,22
10,player,234,0,0,219.16,331.91,296.17,490.10,22
10,player,235,0,0,221.30,332.08,298.30,490.28,22
10,player,236,0,0,223.44,332.26,300.44,490.46,22
10,player,237,0,0,225.57,332.44,302.58,490.64,22
10,player,238,0,0,227.71,332.62,304.72,490.82,22
10,player,239,0,0,228.05,333.97,304.72,490.82,22
10,player,240,0,0,228.38,335.32,304.72,490.82,22
10,player,241,0,0,228.72,336.67,304.72,490.82,22
10,player,242,0,0,229.06,338.02,304.72,490.82,22
10,player,243,0,0,229.39,339.38,304.72,490.82,22
10,player,244,0,0,229.73,340.73,304.72,490.82,22
10,player,245,0,0,230.07,342.08,304.72,490.82,22
10,player,246,0,0,230.40,343.43,304.72,490.82,22
10,player,247,0,0,230.74,344.78,304.72,490.82,22
10,player,248,0,0,231.07,346.13,304.72,490.82,22
10,player,249,0,0,231.41,347.49,304.72,490.82,22
10,player,250,0,0,231.75,348.84,304.72,490.82,22
10,player,251,0,0,232.08,350.19,304.72,490.82,22
10,player,252,0,0,232.42,351.54,304.72,490.82,22
10,player,253,0,0,232.76,352.89,304.72,490.82,22
10,player,254,0,0,233.09,354.24,304.72,490.82,22
10,player,255,0,0,233.43,355.60,304.72,490.82,22
10,player,256,0,0,233.76,356.95,304.72,490.82,22
10,player,257,0,0,234.10,358.30,304.72,490.82,22
10,player,258,0,0,236.24,359.37,306.86,491.88,22
10,player,259,0,0,238.38,360.44,309.00,492.95,22
10,player,260,0,0,240.51,361.51,311.13,494.02,22
10,player,261,0,0,242.65,362.58,313.27,495.09,22
10,player,262,0,0,243.72,362.73,314.34,495.24,22
10,player,263,0,0,244.79,362.88,315.41,495.40,22
10,player,264,0,0,245.86,363.03,316.48,495.55,22
10,player,265,0,0,246.93,363.19,317.55,495.70,22
10,player,266,0,0,248.00,363.34,318.62,495.85,22
10,player,267,0,0,249.07,363.49,319.69,496.01,22
10,player,268,0,0,250.14,363.65,320.75,496.16,22
10,player,269,0,0,251.20,363.80,321.82,496.31,22
10,player,270,0,0,252.27,363.95,322.89,496.47,22
10,player,271,0,0,253.34,364.10,323.96,496.62,22
10,player,272,0,0,254.41,364.26,325.03,496.77,22
10,player,273,0,0,255.48,364.41,326.10,496.92,22
10,player,274,0,0,256.55,364.56,327.17,497.08,22
10,player,275,0,0,257.62,364.71,328.24,497.23,22
10,player,276,0,0,259.49,364.71,330.11,497.23,22
10,player,277,0,0,261.36,364.71,331.98,497.23,22
10,player,278,0,0,263.23,364.71,333.85,497.23,22
10,player,279,0,0,265.10,364.71,335.72,497.23,22
10,player,280,0,0,266.97,364.71,337.59,497.23,22
10,player,281,0,0,268.84,364.71,339.46,497.23,22
10,player,282,0,0,270.71,364.71,341.33,497.23,22
10,player,283,0,0,272.58,364.71,343.20,497.23,22
10,player,284,0,0,273.65,363.47,344.27,495.98,22
10,player,285,0,0,274.72,362.22,345.34,494.73,22
10,player,286,0,0,275.79,360.97,346.41,493.49,22
10,player,287,0,0,276.86,359.73,347.48,492.24,22
10,player,288,0,0,277.93,358.48,348.55,490.99,22
10,player,289,0,0,279.00,357.23,349.62,489.75,22
10,player,290,0,0,280.07,355.98,350.69,488.50,22
10,player,291,0,0,281.14,354.74,351.76,487.25,22
10,player,292,0,0,282.21,353.49,352.82,486.00,22
10,player,293,0,0,283.27,352.24,353.89,484.76,22
10,player,294,0,0,284.34,351.00,354.96,483.51,22
10,player,295,0,0,285.41,349.75,356.03,482.26,22
10,player,296,0,0,288.37,347.03,358.99,479.55,22
10,player,297,0,0,291.33,344.32,361.95,476.84,22
10,player,298,0,0,294.29,341.61,364.91,474.12,22
10,player,299,0,0,297.25,338.89,367.87,471.41,22
10,player,300,0,0,300.22,336.18,370.83,468.69,22
10,player,301,0,0,303.18,333.47,373.79,465.98,22
10,player,302,0,0,306.14,330.75,376.76,463.27,22
10,player,303,0,0,309.10,328.04,379.72,460.55,22
10,player,304,0,0,312.06,325.32,382.68,457.84,22
10,player,305,0,0,315.02,322.61,385.64,455.13,22
10,player,306,0,0,317.98,319.90,388.60,452.41,22
10,player,307,0,0,320.94,317.18,391.56,449.70,22
10,player,308,0,0,323.90,314.47,394.52,446.98,22
10,player,309,0,0,326.86,311.76,397.48,444.27,22
10,player,310,0,0,329.82,309.04,400.44,441.56,22
10,player,311,0,0,332.78,306.33,403.40,438.84,22
10,player,312,0,0,335.74,303.61,406.36,436.13,22
10,player,313,0,0,338.70,300.90,409.32,433.42,22
10,player,314,0,0,341.66,298.19,412.28,430.70,22
10,player,315,0,0,344.62,295.47,415.24,427.99,22
10,player,316,0,0,347.58,292.76,418.20,425.27,22
10,player,317,0,0,350.54,290.05,421.16,422.56,22
10,player,318,0,0,353.50,287.33,424.12,419.85,22
10,player,319,0,0,356.46,284.62,427.08,417.13,22
10,player,320,0,0,359.42,281.90,430.04,414.42,22
10,player,321,0,0,362.38,279.19,433.00,411.71,22
10,player,322,0,0,359.19,279.81,429.81,412.33,22
10,player,323,0,0,355.99,280.44,426.61,412.95,22
10,player,324,0,0,352.79,281.06,423.41,413.58,22
10,player,325,0,0,349.59,281.69,420.21,414.20,22
10,player,326,0,0,346.40,282.31,417.02,414.83,22
10,player,327,0,0,343.20,282.94,413.82,415.45,22
10,player,328,0,0,340.00,283.56,410.62,416.08,22
10,player,329,0,0,336.80,284.19,407.42,416.70,22
10,player,330,0,0,333.61,284.81,404.22,417.33,22
10,player,331,0,0,330.41,285.43,401.03,417.95,22
10,player,332,0,0,327.21,286.06,397.83,418.57,22
10,player,333,0,0,324.01,286.68,394.63,419.20,22
10,player,334,0,0,320.82,287.31,391.43,419.82,22
10,player,335,0,0,317.62,287.93,388.24,420.45,22
10,player,336,0,0,314.42,288.56,385.04,421.07,22
10,player,337,0,0,311.22,289.18,381.84,421.70,22
10,player,338,0,0,308.02,289.81,378.64,422.32,22
10,player,339,0,0,304.83,290.43,375.45,422.94,22
10,player,340,0,0,301.63,291.05,372.25,423.57,22
10,player,341,0,0,298.43,291.68,369.05,424.19,22
10,player,342,0,0,295.23,292.30,365.85,424.82,22
10,player,343,0,0,292.04,292.93,362.66,425.44,22
10,player,344,0,0,288.84,293.55,359.46,426.07,22
10,player,345,0,0,285.64,294.18,356.26,426.69,22
10,player,346,0,0,282.44,294.80,353.06,427.32,22
10,player,347,0,0,279.25,295.42,349.86,427.94,22
10,player,348,0,0,276.05,296.05,346.67,428.56,22
10,player,349,0,0,272.85,296.67,343.47,429.19,22
10,player,350,0,0,269.65,297.30,340.27,429.81,22
10,player,351,0,0,266.45,297.92,337.07,430.44,22
10,player,352,0,0,263.26,298.55,333.88,431.06,22
10,player,353,0,0,260.06,299.17,330.68,431.69,22
10,player,354,0,0,256.86,299.80,327.48,432.31,22
10,player,355,0,0,253.66,300.42,324.28,432.94,22
10,player,356,0,0,250.47,301.04,321.09,433.56,22
10,player,357,0,0,247.27,301.67,317.89,434.18,22
10,player,358,0,0,244.07,302.29,314.69,434.81,22
10,player,359,0,0,240.87,302.92,311.49,435.43,22
10,player,360,0,0,237.68,303.54,308.29,436.06,22
10,player,361,0,0,234.48,304.17,305.10,436.68,22
10,player,362,0,0,231.28,304.79,301.90,437.31,22
10,player,363,0,0,228.08,305.42,298.70,437.93,22
10,player,364,0,0,224.89,306.04,295.50,438.56,22
10,player,365,0,0,221.69,306.66,292.31,439.18,22
10,player,366,0,0,218.49,307.29,289.11,439.80,22
10,player,367,0,0,215.29,307.91,285.91,440.43,22
10,player,368,0,0,212.09,308.54,282.71,441.05,22
10,player,369,0,0,208.90,309.16,279.52,441.68,22
10,player,370,0,0,205.70,309.79,276.32,442.30,22
10,player,371,0,0,202.50,310.41,273.12,442.93,22
10,player,372,0,0,199.30,311.04,269.92,443.55,22
10,player,373,0,0,196.11,311.66,266.73,444.17,22
10,player,374,0,0,192.91,312.28,263.53,444.80,22
10,player,375,0,0,189.71,312.91,260.33,445.42,22
10,player,376,0,0,186.51,313.53,257.13,446.05,22
10,player,377,0,0,183.32,314.16,253.93,446.67,22
10,player,378,0,0,180.12,314.78,250.74,447.30,22
10,player,379,0,0,176.92,315.41,247.54,447.92,22
10,player,380,0,0,173.72,316.03,244.34,448.55,22
10,player,381,0,0,170.52,316.65,241.14,449.17,22
10,player,382,0,0,167.33,317.28,237.95,449.79,22
10,player,383,0,0,164.13,317.90,234.75,450.42,22
10,player,384,0,0,160.93,318.53,231.55,451.04,22
10,player,385,0,0,157.73,319.15,228.35,451.67,22
10,player,386,0,0,154.54,319.78,225.16,452.29,22
10,player,387,0,0,151.34,320.40,221.96,452.92,22
10,player,388,0,0,148.14,321.03,218.76,453.54,22
10,player,389,0,0,144.94,321.65,215.56,454.17,22
10,player,390,0,0,141.75,322.27,212.36,454.79,22
10,player,391,0,0,138.55,322.90,209.17,455.41,22
10,player,392,0,0,135.35,323.52,205.97,456.04,22
10,player,393,0,0,132.15,324.15,202.77,456.66,22
10,player,394,0,0,128.96,324.77,199.57,457.29,22
10,player,395,0,0,125.76,325.40,196.38,457.91,22
10,player,396,0,0,122.56,326.02,193.18,458.54,22
10,player,397,0,0,119.36,326.65,189.98,459.16,22
10,player,398,0,0,116.16,327.27,186.78,459.78,22
10,player,399,0,0,112.97,327.89,183.59,460.41,22
10,player,400,0,0,109.77,328.52,180.39,461.03,22
10,player,401,0,0,106.57,329.14,177.19,461.66,22
10,player,402,0,0,103.37,329.77,173.99,462.28,22
10,player,403,0,0,100.18,330.39,170.80,462.91,22
10,player,404,0,0,96.98,331.02,167.60,463.53,22
10,player,405,0,0,93.78,331.64,164.40,464.16,22
10,player,406,0,0,90.58,332.26,161.20,464.78,22
10,player,407,0,0,87.39,332.89,158.00,465.40,22
10,player,408,0,0,84.19,333.51,154.81,466.03,22
10,player,409,0,0,80.99,334.14,151.61,466.65,22
10,player,410,0,0,77.79,334.76,148.41,467.28,22
10,player,411,0,0,74.60,335.39,145.21,467.90,22
10,player,412,0,0,71.40,336.01,142.02,468.53,22
10,player,413,0,0,68.20,336.64,138.82,469.15,22
10,player,414,0,0,65.00,337.26,135.62,469.78,22
10,player,415,0,0,61.80,337.88,132.42,470.40,22
10,player,416,0,0,58.61,338.51,129.23,471.02,22
10,player,417,0,0,55.41,339.13,126.03,471.65,22
10,player,418,0,0,52.21,339.76,122.83,472.27,22
10,player,419,0,0,49.01,340.38,119.63,472.90,22
10,player,420,0,0,45.82,341.01,116.44,473.52,22
10,player,421,0,0,42.62,341.63,113.24,474.15,22
10,player,422,0,0,39.42,342.26,110.04,474.77,22
10,player,423,0,0,36.22,342.88,106.84,475.39,22
10,player,424,0,0,33.03,343.50,103.64,476.02,22
10,player,425,0,0,29.83,344.13,100.45,476.64,22
10,player,426,0,0,26.63,344.75,97.25,477.27,22
10,player,427,0,0,23.43,345.38,94.05,477.89,22
10,player,428,0,0,20.23,346.00,90.85,478.52,22
10,player,429,0,0,17.04,346.63,87.66,479.14,22
10,player,430,0,0,13.84,347.25,84.46,479.77,22
10,player,431,0,0,10.64,347.87,81.26,480.39,22
10,player,432,0,0,7.44,348.50,78.06,481.01,22
10,player,433,0,0,4.25,349.12,74.87,481.64,22
10,player,434,0,0,1.05,349.75,71.67,482.26,22
10,player,435,0,0,1.05,349.75,71.67,482.26,22
10,player,436,0,0,1.05,349.75,71.67,482.26,22
10,player,437,0,0,1.05,349.75,71.67,482.26,22
10,player,438,0,0,1.05,349.75,71.67,482.26,22
10,player,439,0,0,1.05,349.75,71.67,482.26,22
10,player,440,0,0,1.05,349.75,71.67,482.26,22
10,player,441,0,0,1.05,349.75,71.67,482.26,22
10,player,442,0,0,1.05,349.75,71.67,482.26,22
10,player,443,0,0,1.05,349.75,71.67,482.26,22
10,player,444,0,0,1.05,349.75,71.67,482.26,22
10,player,445,0,0,1.05,349.75,71.67,482.26,22
10,player,446,0,0,1.05,349.75,71.67,482.26,22
10,player,447,0,0,1.05,349.75,71.67,482.26,22
10,player,448,0,0,1.05,349.75,71.67,482.26,22
10,player,449,0,0,1.05,349.75,71.67,482.26,22
10,player,450,0,0,1.05,349.75,71.67,482.26,22
10,player,451,0,0,1.05,349.75,71.67,482.26,22
10,player,452,0,0,1.05,349.75,71.67,482.26,22
10,player,453,0,0,1.05,349.75,71.67,482.26,22
10,player,454,0,0,1.05,349.75,71.67,482.26,22
10,player,455,0,0,1.05,349.75,71.67,482.26,22
10,player,456,0,0,1.05,349.75,71.67,482.26,22
10,player,457,0,0,1.05,349.75,71.67,482.26,22
10,player,458,0,0,1.05,349.75,71.67,482.26,22
10,player,459,0,0,1.05,349.75,71.67,482.26,22
10,player,460,0,0,1.05,349.75,71.67,482.26,22
10,player,461,0,0,1.05,349.75,71.67,482.26,22
10,player,462,0,0,1.05,349.75,71.67,482.26,22
10,player,463,0,0,1.05,349.75,71.67,482.26,22
10,player,464,0,0,1.05,349.75,71.67,482.26,22
10,player,465,0,0,1.05,349.75,71.67,482.26,22
10,player,466,0,0,1.05,349.75,71.67,482.26,22
10,player,467,0,0,1.05,349.75,71.67,482.26,22
10,player,468,0,0,1.05,349.75,71.67,482.26,22
10,player,469,0,0,1.05,349.75,71.67,482.26,22
10,player,470,1,0,1.05,349.75,71.67,482.26,22
11,player,7,0,0,507.80,392.50,576.20,539.99,7
11,player,8,0,0,509.12,392.66,577.52,540.15,7
11,player,9,0,0,510.43,392.83,578.83,540.32,7
11,player,10,0,0,511.75,392.99,580.15,540.48,7
11,player,11,0,0,513.06,393.16,581.46,540.65,7
11,player,12,0,0,514.38,393.32,582.78,540.81,7
11,player,13,0,0,515.69,393.49,584.09,540.98,7
11,player,14,0,0,517.01,393.65,585.41,541.14,7
11,player,15,0,0,518.33,393.82,586.73,541.31,7
11,player,16,0,0,519.64,393.98,588.04,541.47,7
11,player,17,0,0,520.96,394.14,589.36,541.63,7
11,player,18,0,0,522.27,394.31,590.67,541.80,7
11,player,19,0,0,523.59,394.47,591.99,541.96,7
11,player,20,0,0,524.90,394.64,593.30,542.13,7
11,player,21,0,0,522.31,394.31,590.71,541.80,7
11,player,22,0,0,519.72,393.99,588.12,541.48,7
11,player,23,0,0,517.13,393.67,585.53,541.16,7
11,player,24,0,0,514.54,393.34,582.94,540.83,7
11,player,25,0,0,511.95,393.02,580.35,540.51,7
11,player,26,0,0,509.35,392.69,577.75,540.18,7
11,player,27,0,0,506.76,392.37,575.16,539.86,7
11,player,28,0,0,504.17,392.05,572.57,539.54,7
11,player,29,0,0,501.58,391.72,569.98,539.21,7
11,player,30,0,0,498.99,391.40,567.39,538.89,7
11,player,31,0,0,496.40,391.07,564.80,538.56,7
11,player,32,0,0,493.80,390.75,562.21,538.24,7
11,player,33,0,0,491.21,390.43,559.61,537.92,7
11,player,34,0,0,488.62,390.10,557.02,537.59,7
11,player,35,0,0,486.03,389.78,554.43,537.27,7
11,player,36,0,0,483.44,389.45,551.84,536.94,7
11,player,37,0,0,480.85,389.13,549.25,536.62,7
11,player,38,0,0,478.26,388.81,546.66,536.30,7
11,player,39,0,0,475.66,388.48,544.06,535.97,7
11,player,40,0,0,473.07,388.16,541.47,535.65,7
11,player,41,0,0,470.48,387.83,538.88,535.32,7
11,player,42,0,0,467.89,387.51,536.29,535.00,7
11,player,43,0,0,465.30,387.19,533.70,534.68,7
11,player,44,0,0,462.71,386.86,531.11,534.35,7
11,player,45,0,0,460.11,386.54,528.51,534.03,7
11,player,46,0,0,457.52,386.21,525.92,533.70,7
11,player,47,0,0,454.93,385.89,523.33,533.38,7
11,player,48,0,0,452.34,385.57,520.74,533.06,7
11,player,49,0,0,449.75,385.24,518.15,532.73,7
11,player,50,0,0,447.16,384.92,515.56,532.41,7
11,player,51,0,0,444.56,384.60,512.96,532.09,7
11,player,52,0,0,441.97,384.27,510.37,531.76,7
11,player,53,0,0,439.38,383.95,507.78,531.44,7
11,player,54,0,0,436.24,383.66,504.65,531.15,7
11,player,55,0,0,433.11,383.38,501.51,530.87,7
11,player,56,0,0,429.97,383.09,498.37,530.58,7
11,player,57,0,0,426.84,382.81,495.24,530.30,7
11,player,58,0,0,423.70,382.52,492.10,530.01,7
11,player,59,0,0,420.57,382.24,488.97,529.73,7
11,player,60,0,0,417.43,381.95,485.83,529.44,7
11,player,61,0,0,414.29,381.67,482.69,529.16,7
11,player,62,0,0,411.16,381.38,479.56,528.87,7
11,player,63,0,0,408.02,381.10,476.42,528.59,7
11,player,64,0,0,404.89,380.81,473.29,528.30,7
11,player,65,0,0,401.75,380.53,470.15,528.02,7
11,player,66,0,0,398.61,380.24,467.01,527.73,7
11,player,67,0,0,395.48,379.96,463.88,527.45,7
11,player,68,0,0,392.34,379.67,460.74,527.16,7
11,player,69,0,0,389.14,379.14,457.54,526.63,7
11,player,70,0,0,385.93,378.60,454.33,526.09,7
11,player,71,0,0,382.72,378.07,451.12,525.56,7
11,player,72,0,0,379.51,377.53,447.91,525.02,7
11,player,73,0,0,378.98,376.91,447.38,524.40,7
11,player,74,0,0,378.44,376.29,446.84,523.78,7
11,player,75,0,0,377.91,375.66,446.31,523.15,7
11,player,76,0,0,377.38,375.04,445.78,522.53,7
11,player,77,0,0,376.84,374.42,445.24,521.91,7
11,player,78,0,0,376.31,373.79,444.71,521.28,7
11,player,79,0,0,375.77,373.17,444.17,520.66,7
11,player,80,0,0,375.24,372.54,443.64,520.03,7
11,player,81,0,0,374.70,371.92,443.10,519.41,7
11,player,82,0,0,374.17,371.30,442.57,518.79,7
11,player,83,0,0,373.63,370.67,442.03,518.16,7
11,player,84,0,0,373.10,370.05,441.50,517.54,7
11,player,85,0,0,372.57,369.43,440.97,516.92,7
11,player,86,0,0,372.03,368.80,440.43,516.29,7
11,player,87,0,0,371.50,368.18,439.90,515.67,7
11,player,88,0,0,370.96,367.56,439.36,515.05,7
11,player,89,0,0,370.43,366.93,438.83,514.42,7
11,player,90,0,0,369.89,366.31,438.29,513.80,7
11,player,91,0,0,369.36,365.68,437.76,513.17,7
11,player,92,0,0,368.82,365.06,437.22,512.55,7
11,player,93,0,0,368.29,364.44,436.69,511.93,7
11,player,94,0,0,367.75,363.81,436.15,511.30,7
11,player,95,0,0,367.22,363.19,435.62,510.68,7
11,player,96,0,0,366.69,362.57,435.09,510.06,7
11,player,97,0,0,368.52,359.51,436.92,507.00,7
11,player,98,0,0,370.35,356.46,438.75,503.95,7
11,player,99,0,0,372.18,353.40,440.58,500.89,7
11,player,100,0,0,374.02,350.35,442.42,497.84,7
11,player,101,0,0,375.85,347.29,444.25,494.78,7
11,player,102,0,0,377.68,344.24,446.08,491.73,7
11,player,103,0,0,379.51,341.19,447.91,488.68,7
11,player,104,0,0,381.89,341.42,450.29,488.91,7
11,player,105,0,0,384.26,341.66,452.67,489.15,7
11,player,106,0,0,386.64,341.90,455.04,489.39,7
11,player,107,0,0,389.02,342.14,457.42,489.63,7
11,player,108,0,0,391.39,342.37,459.79,489.86,7
11,player,109,0,0,393.77,342.61,462.17,490.10,7
11,player,110,0,0,396.14,342.85,464.54,490.34,7
11,player,111,0,0,398.52,343.09,466.92,490.58,7
11,player,112,0,0,400.89,343.32,469.29,490.81,7
11,player,113,0,0,402.87,341.51,471.27,489.00,7
11,player,114,0,0,404.84,339.71,473.24,487.20,7
11,player,115,0,0,406.82,337.90,475.22,485.39,7
11,player,116,0,0,408.79,336.09,477.19,483.58,7
11,player,117,0,0,410.76,334.28,479.16,481.77,7
11,player,118,0,0,412.74,332.47,481.14,479.96,7
11,player,119,0,0,414.71,330.66,483.11,478.15,7
11,player,120,0,0,416.68,328.85,485.08,476.34,7
11,player,121,0,0,418.66,327.04,487.06,474.53,7
11,player,122,0,0,420.63,325.23,489.03,472.72,7
11,player,123,0,0,422.60,323.42,491.00,470.91,7
11,player,124,0,0,424.58,321.61,492.98,469.10,7
11,player,125,0,0,426.55,319.80,494.95,467.29,7
11,player,126,0,0,424.04,319.55,492.44,467.04,7
11,player,127,0,0,421.52,319.30,489.92,466.79,7
11,player,128,0,0,419.01,319.05,487.41,466.54,7
11,player,129,0,0,416.49,318.80,484.89,466.29,7
11,player,130,0,0,413.97,318.55,482.37,466.04,7
11,player,131,0,0,411.46,318.30,479.86,465.79,7
11,player,132,0,0,408.94,318.04,477.34,465.53,7
11,player,133,0,0,406.43,317.79,474.83,465.28,7
11,player,134,0,0,403.91,317.54,472.31,465.03,7
11,player,135,0,0,401.40,317.29,469.80,464.78,7
11,player,136,0,0,398.88,317.04,467.28,464.53,7
11,player,137,0,0,396.37,316.79,464.77,464.28,7
11,player,138,0,0,393.85,316.53,462.25,464.02,7
11,player,139,0,0,391.34,316.28,459.74,463.77,7
11,player,140,0,0,388.82,316.03,457.22,463.52,7
11,player,141,0,0,386.31,315.78,454.71,463.27,7
11,player,142,0,0,383.79,315.53,452.19,463.02,7
11,player,143,0,0,381.27,315.28,449.67,462.77,7
11,player,144,0,0,378.76,315.03,447.16,462.52,7
11,player,145,0,0,376.24,314.77,444.64,462.26,7
11,player,146,0,0,373.73,314.52,442.13,462.01,7
11,player,147,0,0,371.21,314.27,439.61,461.76,7
11,player,148,0,0,368.70,314.02,437.10,461.51,7
11,player,149,0,0,366.18,313.77,434.58,461.26,7
11,player,150,0,0,363.67,313.52,432.07,461.01,7
11,player,151,0,0,361.15,313.27,429.55,460.76,7
11,player,152,0,0,358.64,313.01,427.04,460.50,7
11,player,153,0,0,356.12,312.76,424.52,460.25,7
11,player,154,0,0,353.61,312.51,422.01,460.00,7
11,player,155,0,0,351.09,312.26,419.49,459.75,7
11,player,156,0,0,348.57,312.01,416.97,459.50,7
11,player,157,0,0,346.06,311.76,414.46,459.25,7
11,player,158,0,0,343.54,311.50,411.94,458.99,7
11,player,159,0,0,341.03,311.25,409.43,458.74,7
11,player,160,0,0,336.35,312.99,404.75,460.48,7
11,player,161,0,0,331.67,314.72,400.07,462.21,7
11,player,162,0,0,326.99,316.45,395.39,463.94,7
11,player,163,0,0,322.31,318.19,390.71,465.68,7
11,player,164,0,0,317.62,319.92,386.03,467.41,7
11,player,165,0,0,312.94,321.65,381.34,469.14,7
11,player,166,0,0,308.26,323.39,376.66,470.88,7
11,player,167,0,0,303.58,325.12,371.98,472.61,7
11,player,168,0,0,298.90,326.85,367.30,474.34,7
11,player,169,0,0,294.22,328.59,362.62,476.08,7
11,player,170,0,0,289.54,330.32,357.94,477.81,7
11,player,171,0,0,284.86,332.06,353.26,479.55,7
11,player,172,0,0,280.18,333.79,348.58,481.28,7
11,player,173,0,0,275.50,335.52,343.90,483.01,7
11,player,174,0,0,270.82,337.26,339.22,484.75,7
11,player,175,0,0,266.14,338.99,334.54,486.48,7
11,player,176,0,0,261.46,340.72,329.86,488.21,7
11,player,177,0,0,256.78,342.46,325.18,489.95,7
11,player,178,0,0,252.10,344.19,320.50,491.68,7
11,player,179,0,0,247.42,345.92,315.82,493.41,7
11,player,180,0,0,242.73,347.66,311.13,495.15,7
11,player,181,0,0,238.05,349.39,306.45,496.88,7
11,player,182,0,0,233.37,351.12,301.77,498.61,7
11,player,183,0,0,228.69,352.86,297.09,500.35,7
11,player,184,0,0,224.01,354.59,292.41,502.08,7
11,player,185,0,0,219.33,356.33,287.73,503.82,7
11,player,186,0,0,214.65,358.06,283.05,505.55,7
11,player,187,0,0,209.97,359.79,278.37,507.28,7
11,player,188,0,0,205.29,361.53,273.69,509.02,7
11,player,189,0,0,200.61,363.26,269.01,510.75,7
11,player,190,0,0,195.93,364.99,264.33,512.48,7
11,player,191,0,0,191.25,366.73,259.65,514.22,7
11,player,192,0,0,186.57,368.46,254.97,515.95,7
11,player,193,0,0,181.89,370.19,250.29,517.68,7
11,player,194,0,0,177.21,371.93,245.61,519.42,7
11,player,195,0,0,172.52,373.66,240.92,521.15,7
11,player,196,0,0,167.84,375.39,236.24,522.88,7
11,player,197,0,0,169.63,375.28,238.03,522.77,7
11,player,198,0,0,171.41,375.16,239.81,522.65,7
11,player,199,0,0,173.19,375.04,241.59,522.53,7
11,player,200,0,0,174.97,374.92,243.37,522.41,7
11,player,201,0,0,176.75,374.80,245.15,522.29,7
11,player,202,0,0,178.53,374.68,246.93,522.17,7
11,player,203,0,0,180.32,374.56,248.72,522.05,7
11,player,204,0,0,182.10,374.44,250.50,521.93,7
11,player,205,0,0,183.88,374.33,252.28,521.82,7
11,player,206,0,0,185.66,374.21,254.06,521.70,7
11,player,207,0,0,187.44,374.09,255.84,521.58,7
11,player,208,0,0,189.22,373.97,257.62,521.46,7
11,player,209,0,0,191.01,373.85,259.41,521.34,7
11,player,210,0,0,192.79,373.73,261.19,521.22,7
11,player,211,0,0,194.57,373.61,262.97,521.10,7
11,player,212,0,0,196.35,373.49,264.75,520.98,7
11,player,213,0,0,198.13,373.38,266.53,520.87,7
11,player,214,0,0,199.92,373.26,268.32,520.75,7
11,player,215,0,0,203.66,372.72,272.06,520.21,7
11,player,216,0,0,207.40,372.19,275.80,519.68,7
11,player,217,0,0,211.14,371.65,279.54,519.14,7
11,player,218,0,0,214.88,371.12,283.28,518.61,7
11,player,219,0,0,218.62,370.58,287.02,518.07,7
11,player,220,0,0,222.36,370.05,290.77,517.54,7
11,player,221,0,0,226.11,369.52,294.51,517.01,7
11,player,222,0,0,229.85,368.98,298.25,516.47,7
11,player,223,0,0,233.59,368.45,301.99,515.94,7
11,player,224,0,0,237.33,367.91,305.73,515.40,7
11,player,225,0,0,241.07,367.38,309.47,514.87,7
11,player,226,0,0,244.81,366.84,313.22,514.33,7
11,player,227,0,0,248.56,366.31,316.96,513.80,7
11,player,228,0,0,252.30,365.77,320.70,513.26,7
11,player,229,0,0,256.04,365.24,324.44,512.73,7
11,player,230,0,0,259.78,364.70,328.18,512.19,7
11,player,231,0,0,263.52,364.17,331.92,511.66,7
11,player,232,0,0,267.26,363.64,335.67,511.13,7
11,player,233,0,0,271.01,363.10,339.41,510.59,7
11,player,234,0,0,274.75,362.57,343.15,510.06,7
11,player,235,0,0,278.49,362.03,346.89,509.52,7
11,player,236,0,0,282.23,361.50,350.63,508.99,7
11,player,237,0,0,285.97,360.96,354.37,508.45,7
11,player,238,0,0,289.71,360.43,358.12,507.92,7
11,player,239,0,0,292.07,360.86,360.47,508.35,7
11,player,240,0,0,294.42,361.28,362.82,508.77,7
11,player,241,0,0,296.77,361.71,365.17,509.20,7
11,player,242,0,0,299.12,362.14,367.52,509.63,7
11,player,243,0,0,301.47,362.57,369.87,510.06,7
11,player,244,0,0,303.83,362.99,372.23,510.48,7
11,player,245,0,0,306.18,363.42,374.58,510.91,7
11,player,246,0,0,308.53,363.85,376.93,511.34,7
11,player,247,0,0,310.88,364.28,379.28,511.77,7
11,player,248,0,0,313.23,364.70,381.63,512.19,7
11,player,249,0,0,313.56,364.70,381.96,512.19,7
11,player,250,0,0,313.89,364.70,382.29,512.19,7
11,player,251,0,0,314.22,364.70,382.62,512.19,7
11,player,252,0,0,314.55,364.70,382.95,512.19,7
11,player,253,0,0,314.88,364.70,383.28,512.19,7
11,player,254,0,0,315.21,364.70,383.61,512.19,7
11,player,255,0,0,315.54,364.70,383.94,512.19,7
11,player,256,0,0,315.86,364.70,384.26,512.19,7
11,player,257,0,0,316.19,364.70,384.59,512.19,7
11,player,258,0,0,316.52,364.70,384.92,512.19,7
11,player,259,0,0,316.85,364.70,385.25,512.19,7
11,player,260,0,0,317.18,364.70,385.58,512.19,7
11,player,261,0,0,317.51,364.70,385.91,512.19,7
11,player,262,0,0,318.93,364.70,387.33,512.19,7
11,player,263,0,0,320.36,364.70,388.76,512.19,7
11,player,264,0,0,321.78,364.70,390.19,512.19,7
11,player,265,0,0,323.21,364.70,391.61,512.19,7
11,player,266,0,0,324.64,364.70,393.04,512.19,7
11,player,267,0,0,326.06,364.70,394.46,512.19,7
11,player,268,0,0,327.49,364.70,395.89,512.19,7
11,player,269,0,0,328.91,364.70,397.31,512.19,7
11,player,270,0,0,330.34,364.70,398.74,512.19,7
11,player,271,0,0,331.19,364.70,399.59,512.19,7
11,player,272,0,0,332.05,364.70,400.45,512.19,7
11,player,273,0,0,332.90,364.70,401.30,512.19,7
11,player,274,0,0,333.76,364.70,402.16,512.19,7
11,player,275,0,0,334.61,364.70,403.01,512.19,7
11,player,276,0,0,337.02,363.10,405.42,510.59,7
11,player,277,0,0,339.42,361.50,407.82,508.99,7
11,player,278,0,0,341.83,359.89,410.23,507.38,7
11,player,279,0,0,344.23,358.29,412.63,505.78,7
11,player,280,0,0,346.64,356.69,415.04,504.18,7
11,player,281,0,0,349.04,355.08,417.45,502.57,7
11,player,282,0,0,351.45,353.48,419.85,500.97,7
11,player,283,0,0,353.86,351.88,422.26,499.37,7
11,player,284,0,0,354.03,351.52,422.43,499.01,7
11,player,285,0,0,354.21,351.16,422.61,498.65,7
11,player,286,0,0,354.39,350.81,422.79,498.30,7
11,player,287,0,0,354.57,350.45,422.97,497.94,7
11,player,288,0,0,354.75,350.09,423.15,497.58,7
11,player,289,0,0,354.92,349.74,423.33,497.23,7
11,player,290,0,0,355.10,349.38,423.50,496.87,7
11,player,291,0,0,355.28,349.02,423.68,496.51,7
11,player,292,0,0,355.46,348.67,423.86,496.16,7
11,player,293,0,0,355.64,348.31,424.04,495.80,7
11,player,294,0,0,355.82,347.95,424.22,495.45,7
11,player,295,0,0,355.99,347.60,424.39,495.09,7
11,player,296,0,0,359.61,345.46,428.01,492.95,7
11,player,297,0,0,363.23,343.32,431.63,490.81,7
11,player,298,0,0,366.85,341.18,435.25,488.67,7
11,player,299,0,0,370.47,339.05,438.87,486.54,7
11,player,300,0,0,374.09,336.91,442.49,484.40,7
11,player,301,0,0,377.70,334.77,446.10,482.26,7
11,player,302,0,0,381.32,332.63,449.72,480.12,7
11,player,303,0,0,384.94,330.49,453.34,477.98,7
11,player,304,0,0,388.56,328.36,456.96,475.85,7
11,player,305,0,0,392.18,326.22,460.58,473.71,7
11,player,306,0,0,395.80,324.08,464.20,471.57,7
11,player,307,0,0,399.41,321.94,467.81,469.43,7
11,player,308,0,0,403.03,319.80,471.43,467.29,7
11,player,309,0,0,406.65,317.67,475.05,465.16,7
11,player,310,0,0,410.27,315.53,478.67,463.02,7
11,player,311,0,0,413.89,313.39,482.29,460.88,7
11,player,312,0,0,417.50,311.25,485.91,458.74,7
11,player,313,0,0,421.12,309.11,489.52,456.60,7
11,player,314,0,0,424.74,306.97,493.14,454.46,7
11,player,315,0,0,428.36,304.84,496.76,452.33,7
11,player,316,0,0,431.98,302.70,500.38,450.19,7
11,player,317,0,0,435.60,300.56,504.00,448.05,7
11,player,318,0,0,439.21,298.42,507.61,445.91,7
11,player,319,0,0,442.83,296.28,511.23,443.77,7
11,player,320,0,0,446.45,294.15,514.85,441.64,7
11,player,321,0,0,450.07,292.01,518.47,439.50,7
11,player,322,0,0,447.99,293.03,516.39,440.52,7
11,player,323,0,0,445.91,294.05,514.31,441.54,7
11,player,324,0,0,443.83,295.07,512.23,442.56,7
11,player,325,0,0,441.74,296.09,510.14,443.58,7
11,player,326,0,0,439.66,297.12,508.06,444.61,7
11,player,327,0,0,437.58,298.14,505.98,445.63,7
11,player,328,0,0,435.50,299.16,503.90,446.65,7
11,player,329,0,0,433.42,300.18,501.82,447.67,7
11,player,330,0,0,431.34,301.20,499.74,448.69,7
11,player,331,0,0,429.26,302.23,497.66,449.72,7
11,player,332,0,0,427.17,303.25,495.57,450.74,7
11,player,333,0,0,425.09,304.27,493.49,451.76,7
11,player,334,0,0,423.01,305.29,491.41,452.78,7
11,player,335,0,0,420.93,306.31,489.33,453.80,7
11,player,336,0,0,418.85,307.33,487.25,454.82,7
11,player,337,0,0,416.77,308.36,485.17,455.85,7
11,player,338,0,0,414.69,309.38,483.09,456.87,7
11,player,339,0,0,412.61,310.40,481.01,457.89,7
11,player,340,0,0,410.52,311.42,478.92,458.91,7
11,player,341,0,0,408.44,312.44,476.84,459.93,7
11,player,342,0,0,406.36,313.46,474.76,460.95,7
11,player,343,0,0,404.28,314.49,472.68,461.98,7
11,player,344,0,0,402.20,315.51,470.60,463.00,7
11,player,345,0,0,400.12,316.53,468.52,464.02,7
11,player,346,0,0,398.04,317.55,466.44,465.04,7
11,player,347,0,0,395.95,318.57,464.36,466.06,7
11,player,348,0,0,393.87,319.59,462.27,467.08,7
11,player,349,0,0,391.79,320.62,460.19,468.11,7
11,player,350,0,0,389.71,321.64,458.11,469.13,7
11,player,351,0,0,387.63,322.66,456.03,470.15,7
11,player,352,0,0,385.55,323.68,453.95,471.17,7
11,player,353,0,0,383.47,324.70,451.87,472.19,7
11,player,354,0,0,381.39,325.73,449.79,473.22,7
11,player,355,0,0,379.30,326.75,447.70,474.24,7
11,player,356,0,0,377.22,327.77,445.62,475.26,7
11,player,357,0,0,375.14,328.79,443.54,476.28,7
11,player,358,0,0,373.06,329.81,441.46,477.30,7
11,player,359,0,0,370.98,330.83,439.38,478.32,7
11,player,360,0,0,368.90,331.86,437.30,479.35,7
11,player,361,0,0,366.82,332.88,435.22,480.37,7
11,player,362,0,0,364.74,333.90,433.14,481.39,7
11,player,363,0,0,362.65,334.92,431.05,482.41,7
11,player,364,0,0,360.57,335.94,428.97,483.43,7
11,player,365,0,0,358.49,336.96,426.89,484.45,7
11,player,366,0,0,356.41,337.99,424.81,485.48,7
11,player,367,0,0,354.33,339.01,422.73,486.50,7
11,player,368,0,0,352.25,340.03,420.65,487.52,7
11,player,369,0,0,350.17,341.05,418.57,488.54,7
11,player,370,0,0,348.08,342.07,416.48,489.56,7
11,player,371,0,0,346.00,343.09,414.40,490.59,7
11,player,372,0,0,343.92,344.12,412.32,491.61,7
11,player,373,0,0,341.84,345.14,410.24,492.63,7
11,player,374,0,0,339.76,346.16,408.16,493.65,7
11,player,375,0,0,337.68,347.18,406.08,494.67,7
11,player,376,0,0,335.60,348.20,404.00,495.69,7
11,player,377,0,0,333.52,349.23,401.92,496.72,7
11,player,378,0,0,331.43,350.25,399.83,497.74,7
11,player,379,0,0,329.35,351.27,397.75,498.76,7
11,player,380,0,0,327.27,352.29,395.67,499.78,7
11,player,381,0,0,325.19,353.31,393.59,500.80,7
11,player,382,0,0,323.11,354.33,391.51,501.82,7
11,player,383,0,0,321.03,355.36,389.43,502.85,7
11,player,384,0,0,318.95,356.38,387.35,503.87,7
11,player,385,0,0,316.86,357.40,385.26,504.89,7
11,player,386,0,0,314.78,358.42,383.18,505.91,7
11,player,387,0,0,312.70,359.44,381.10,506.93,7
11,player,388,0,0,310.62,360.46,379.02,507.95,7
11,player,389,0,0,308.54,361.49,376.94,508.98,7
11,player,390,0,0,306.46,362.51,374.86,510.00,7
11,player,391,0,0,304.38,363.53,372.78,511.02,7
11,player,392,0,0,302.30,364.55,370.70,512.04,7
11,player,393,0,0,300.21,365.57,368.61,513.06,7
11,player,394,0,0,298.13,366.60,366.53,514.09,7
11,player,395,0,0,296.05,367.62,364.45,515.11,7
11,player,396,0,0,293.97,368.64,362.37,516.13,7
11,player,397,0,0,291.89,369.66,360.29,517.15,7
11,player,398,0,0,289.81,370.68,358.21,518.17,7
11,player,399,0,0,287.73,371.70,356.13,519.19,7
11,player,400,0,0,285.64,372.73,354.05,520.22,7
11,player,401,0,0,283.56,373.75,351.96,521.24,7
11,player,402,0,0,281.48,374.77,349.88,522.26,7
11,player,403,0,0,279.40,375.79,347.80,523.28,7
11,player,404,0,0,277.32,376.81,345.72,524.30,7
11,player,405,0,0,275.24,377.83,343.64,525.32,7
11,player,406,0,0,273.16,378.86,341.56,526.35,7
11,player,407,0,0,271.08,379.88,339.48,527.37,7
11,player,408,0,0,268.99,380.90,337.39,528.39,7
11,player,409,0,0,266.91,381.92,335.31,529.41,7
11,player,410,0,0,264.83,382.94,333.23,530.43,7
11,player,411,0,0,262.75,383.96,331.15,531.45,7
11,player,412,0,0,260.67,384.99,329.07,532.48,7
11,player,413,0,0,258.59,386.01,326.99,533.50,7
11,player,414,0,0,256.51,387.03,324.91,534.52,7
11,player,415,0,0,254.43,388.05,322.83,535.54,7
11,player,416,0,0,252.34,389.07,320.74,536.56,7
11,player,417,0,0,250.26,390.10,318.66,537.59,7
11,player,418,0,0,248.18,391.12,316.58,538.61,7
11,player,419,0,0,246.10,392.14,314.50,539.63,7
11,player,420,0,0,244.02,393.16,312.42,540.65,7
11,player,421,0,0,241.94,394.18,310.34,541.67,7
11,player,422,0,0,239.86,395.20,308.26,542.69,7
11,player,423,0,0,237.77,396.23,306.17,543.72,7
11,player,424,0,0,235.69,397.25,304.09,544.74,7
11,player,425,0,0,233.61,398.27,302.01,545.76,7
11,player,426,0,0,231.53,399.29,299.93,546.78,7
11,player,427,0,0,229.45,400.31,297.85,547.80,7
11,player,428,0,0,227.37,401.33,295.77,548.82,7
11,player,429,0,0,225.29,402.36,293.69,549.85,7
11,player,430,0,0,223.21,403.38,291.61,550.87,7
11,player,431,0,0,221.12,404.40,289.52,551.89,7
11,player,432,0,0,219.04,405.42,287.44,552.91,7
11,player,433,0,0,216.96,406.44,285.36,553.93,7
11,player,434,0,0,214.88,407.46,283.28,554.95,7
11,player,435,0,0,209.30,410.52,277.70,558.01,7
11,player,436,0,0,203.71,413.57,272.11,561.06,7
11,player,437,0,0,198.13,416.62,266.53,564.11,7
11,player,438,0,0,192.54,419.67,260.94,567.16,7
11,player,439,0,0,186.96,422.72,255.36,570.21,7
11,player,440,0,0,181.37,425.78,249.77,573.27,7
11,player,441,0,0,175.79,428.83,244.19,576.32,7
11,player,442,0,0,170.20,431.88,238.60,579.37,7
11,player,443,0,0,164.62,434.93,233.02,582.42,7
11,player,444,0,0,159.04,437.98,227.44,585.47,7
11,player,445,0,0,153.45,441.04,221.85,588.53,7
11,player,446,0,0,147.87,444.09,216.27,591.58,7
11,player,447,0,0,142.28,447.14,210.68,594.63,7
11,player,448,0,0,136.70,450.19,205.10,597.68,7
11,player,449,0,0,131.11,453.24,199.51,600.73,7
11,player,450,0,0,125.53,456.30,193.93,603.79,7
11,player,451,0,0,119.94,459.35,188.34,606.84,7
11,player,452,0,0,114.36,462.40,182.76,609.89,7
11,player,453,0,0,108.78,465.45,177.18,612.94,7
11,player,454,0,0,103.19,468.50,171.59,615.99,7
11,player,455,0,0,97.61,471.56,166.01,619.05,7
11,player,456,0,0,92.02,474.61,160.42,622.10,7
11,player,457,0,0,86.44,477.66,154.84,625.15,7
11,player,458,0,0,80.85,480.71,149.25,628.20,7
11,player,459,0,0,75.27,483.76,143.67,631.25,7
11,player,460,0,0,69.69,486.82,138.09,634.31,7
11,player,461,0,0,64.10,489.87,132.50,637.36,7
11,player,462,0,0,58.52,492.92,126.92,640.41,7
11,player,463,0,0,52.93,495.97,121.33,643.46,7
11,player,464,0,0,47.35,499.02,115.75,646.51,7
11,player,465,0,0,41.76,502.08,110.16,649.57,7
11,player,466,0,0,36.18,505.13,104.58,652.62,7
11,player,467,0,0,30.59,508.18,98.99,655.67,7
11,player,468,0,0,25.01,511.23,93.41,658.72,7
11,player,469,0,0,19.43,514.28,87.83,661.77,7
11,player,470,0,0,13.84,517.33,82.24,664.82,7
11,player,471,0,0,13.84,517.33,82.24,664.82,7
11,player,472,0,0,13.84,517.33,82.24,664.82,7
11,player,473,0,0,13.84,517.33,82.24,664.82,7
11,player,474,0,0,13.84,517.33,82.24,664.82,7
11,player,475,0,0,13.84,517.33,82.24,664.82,7
11,player,476,0,0,13.84,517.33,82.24,664.82,7
11,player,477,0,0,13.84,517.33,82.24,664.82,7
11,player,478,0,0,13.84,517.33,82.24,664.82,7
11,player,479,0,0,13.84,517.33,82.24,664.82,7
11,player,480,0,0,13.84,517.33,82.24,664.82,7
11,player,481,0,0,13.84,517.33,82.24,664.82,7
11,player,482,0,0,13.84,517.33,82.24,664.82,7
11,player,483,0,0,13.84,517.33,82.24,664.82,7
11,player,484,0,0,13.84,517.33,82.24,664.82,7
11,player,485,0,0,13.84,517.33,82.24,664.82,7
11,player,486,0,0,13.84,517.33,82.24,664.82,7
11,player,487,0,0,13.84,517.33,82.24,664.82,7
11,player,488,0,0,13.84,517.33,82.24,664.82,7
11,player,489,0,0,13.84,517.33,82.24,664.82,7
11,player,490,0,0,13.84,517.33,82.24,664.82,7
11,player,491,0,0,13.84,517.33,82.24,664.82,7
11,player,492,0,0,13.84,517.33,82.24,664.82,7
11,player,493,0,0,13.84,517.33,82.24,664.82,7
11,player,494,0,0,13.84,517.33,82.24,664.82,7
11,player,495,0,0,13.84,517.33,82.24,664.82,7
11,player,496,0,0,13.84,517.33,82.24,664.82,7
11,player,497,0,0,13.84,517.33,82.24,664.82,7
11,player,498,0,0,13.84,517.33,82.24,664.82,7
11,player,499,1,0,13.84,517.33,82.24,664.82,7
12,player,7,0,0,454.35,373.24,524.90,531.44,6
12,player,8,0,0,455.66,373.24,526.21,531.44,6
12,player,9,0,0,456.98,373.24,527.53,531.44,6
12,player,10,0,0,458.29,373.24,528.84,531.44,6
12,player,11,0,0,459.61,373.24,530.16,531.44,6
12,player,12,0,0,460.93,373.24,531.48,531.44,6
12,player,13,0,0,462.24,373.24,532.79,531.44,6
12,player,14,0,0,463.56,373.24,534.11,531.44,6
12,player,15,0,0,464.87,373.24,535.42,531.44,6
12,player,16,0,0,466.19,373.24,536.74,531.44,6
12,player,17,0,0,467.50,373.24,538.05,531.44,6
12,player,18,0,0,468.82,373.24,539.37,531.44,6
12,player,19,0,0,470.14,373.24,540.69,531.44,6
12,player,20,0,0,471.45,373.24,542.00,531.44,6
12,player,21,0,0,467.95,373.56,538.50,531.76,6
12,player,22,0,0,464.45,373.89,535.00,532.09,6
12,player,23,0,0,460.96,374.21,531.51,532.41,6
12,player,24,0,0,457.46,374.54,528.01,532.73,6
12,player,25,0,0,453.96,374.86,524.51,533.06,6
12,player,26,0,0,450.46,375.18,521.01,533.38,6
12,player,27,0,0,446.96,375.51,517.51,533.70,6
12,player,28,0,0,443.46,375.83,514.01,534.03,6
12,player,29,0,0,439.96,376.16,510.51,534.35,6
12,player,30,0,0,436.47,376.48,507.01,534.68,6
12,player,31,0,0,432.97,376.80,503.52,535.00,6
12,player,32,0,0,429.47,377.13,500.02,535.32,6
12,player,33,0,0,425.97,377.45,496.52,535.65,6
12,player,34,0,0,422.47,377.78,493.02,535.97,6
12,player,35,0,0,418.97,378.10,489.52,536.30,6
12,player,36,0,0,415.47,378.42,486.02,536.62,6
12,player,37,0,0,411.97,378.75,482.52,536.94,6
12,player,38,0,0,408.48,379.07,479.02,537.27,6
12,player,39,0,0,404.98,379.40,475.53,537.59,6
12,player,40,0,0,401.48,379.72,472.03,537.92,6
12,player,41,0,0,397.98,380.04,468.53,538.24,6
12,player,42,0,0,394.48,380.37,465.03,538.56,6
12,player,43,0,0,390.98,380.69,461.53,538.89,6
12,player,44,0,0,387.48,381.02,458.03,539.21,6
12,player,45,0,0,383.98,381.34,454.53,539.54,6
12,player,46,0,0,380.49,381.66,451.04,539.86,6
12,player,47,0,0,376.99,381.99,447.54,540.18,6
12,player,48,0,0,373.49,382.31,444.04,540.51,6
12,player,49,0,0,369.99,382.63,440.54,540.83,6
12,player,50,0,0,366.49,382.96,437.04,541.16,6
12,player,51,0,0,362.99,383.28,433.54,541.48,6
12,player,52,0,0,359.49,383.61,430.04,541.80,6
12,player,53,0,0,356.00,383.93,426.54,542.13,6
12,player,54,0,0,357.04,383.78,427.59,541.98,6
12,player,55,0,0,358.08,383.63,428.63,541.83,6
12,player,56,0,0,359.13,383.48,429.68,541.68,6
12,player,57,0,0,360.17,383.33,430.72,541.53,6
12,player,58,0,0,361.22,383.18,431.77,541.38,6
12,player,59,0,0,362.26,383.04,432.81,541.23,6
12,player,60,0,0,363.30,382.89,433.85,541.08,6
12,player,61,0,0,364.35,382.74,434.90,540.93,6
12,player,62,0,0,365.39,382.59,435.94,540.79,6
12,player,63,0,0,366.44,382.44,436.99,540.64,6
12,player,64,0,0,367.48,382.29,438.03,540.49,6
12,player,65,0,0,368.53,382.14,439.07,540.34,6
12,player,66,0,0,369.57,381.99,440.12,540.19,6
12,player,67,0,0,370.61,381.84,441.16,540.04,6
12,player,68,0,0,371.66,381.69,442.21,539.89,6
12,player,69,0,0,372.70,381.54,443.25,539.74,6
12,player,70,0,0,373.75,381.39,444.30,539.59,6
12,player,71,0,0,374.79,381.25,445.34,539.44,6
12,player,72,0,0,375.83,381.10,446.38,539.29,6
12,player,73,0,0,376.88,380.95,447.43,539.14,6
12,player,74,0,0,377.92,380.80,448.47,539.00,6
12,player,75,0,0,378.97,380.65,449.52,538.85,6
12,player,76,0,0,380.01,380.50,450.56,538.70,6
12,player,77,0,0,381.06,380.35,451.61,538.55,6
12,player,78,0,0,382.10,380.20,452.65,538.40,6
12,player,79,0,0,383.14,380.05,453.69,538.25,6
12,player,80,0,0,384.19,379.90,454.74,538.10,6
12,player,81,0,0,385.23,379.75,455.78,537.95,6
12,player,82,0,0,386.28,379.60,456.83,537.80,6
12,player,83,0,0,387.32,379.46,457.87,537.65,6
12,player,84,0,0,388.37,379.31,458.91,537.50,6
12,player,85,0,0,389.41,379.16,459.96,537.35,6
12,player,86,0,0,390.45,379.01,461.00,537.21,6
12,player,87,0,0,391.50,378.86,462.05,537.06,6
12,player,88,0,0,392.54,378.71,463.09,536.91,6
12,player,89,0,0,393.59,378.56,464.14,536.76,6
12,player,90,0,0,394.63,378.41,465.18,536.61,6
12,player,91,0,0,395.67,378.26,466.22,536.46,6
12,player,92,0,0,396.72,378.11,467.27,536.31,6
12,player,93,0,0,397.76,377.96,468.31,536.16,6
12,player,94,0,0,398.81,377.81,469.36,536.01,6
12,player,95,0,0,399.85,377.67,470.40,535.86,6
12,player,96,0,0,400.90,377.52,471.44,535.71,6
12,player,97,0,0,406.70,375.68,477.25,533.88,6
12,player,98,0,0,412.50,373.85,483.05,532.05,6
12,player,99,0,0,418.31,372.02,488.85,530.22,6
12,player,100,0,0,424.11,370.19,494.66,528.38,6
12,player,101,0,0,429.91,368.35,500.46,526.55,6
12,player,102,0,0,435.72,366.52,506.26,524.72,6
12,player,103,0,0,441.52,364.69,512.07,522.89,6
12,player,104,0,0,448.17,362.55,518.72,520.75,6
12,player,105,0,0,454.82,360.41,525.37,518.61,6
12,player,106,0,0,461.47,358.27,532.02,516.47,6
12,player,107,0,0,468.13,356.14,538.68,514.33,6
12,player,108,0,0,474.78,354.00,545.33,512.19,6
12,player,109,0,0,481.43,351.86,551.98,510.06,6
12,player,110,0,0,488.08,349.72,558.63,507.92,6
12,player,111,0,0,494.73,347.58,565.28,505.78,6
12,player,112,0,0,501.39,345.45,571.93,503.64,6
12,player,113,0,0,505.17,341.33,575.72,499.53,6
12,player,114,0,0,508.95,337.22,579.50,495.42,6
12,player,115,0,0,512.73,333.11,583.28,491.31,6
12,player,116,0,0,516.52,329.00,587.07,487.20,6
12,player,117,0,0,520.30,324.89,590.85,483.08,6
12,player,118,0,0,524.08,320.78,594.63,478.97,6
12,player,119,0,0,527.87,316.66,598.41,474.86,6
12,player,120,0,0,531.65,312.55,602.20,470.75,6
12,player,121,0,0,535.43,308.44,605.98,466.64,6
12,player,122,0,0,539.21,304.33,609.76,462.53,6
12,player,123,0,0,543.00,300.22,613.55,458.41,6
12,player,124,0,0,546.78,296.10,617.33,454.30,6
12,player,125,0,0,550.56,291.99,621.11,450.19,6
12,player,126,0,0,554.33,290.30,624.88,448.49,6
12,player,127,0,0,558.11,288.60,628.66,446.79,6
12,player,128,0,0,561.88,286.90,632.43,445.10,6
12,player,129,0,0,565.65,285.20,636.20,443.40,6
12,player,130,0,0,569.43,283.50,639.98,441.70,6
12,player,131,0,0,573.20,281.81,643.75,440.00,6
12,player,132,0,0,576.97,280.11,647.52,438.30,6
12,player,133,0,0,580.75,278.41,651.30,436.61,6
12,player,134,0,0,584.52,276.71,655.07,434.91,6
12,player,135,0,0,588.29,275.01,658.84,433.21,6
12,player,136,0,0,592.07,273.32,662.61,431.51,6
12,player,137,0,0,595.84,271.62,666.39,429.82,6
12,player,138,0,0,599.61,269.92,670.16,428.12,6
12,player,139,0,0,603.38,268.22,673.93,426.42,6
12,player,140,0,0,607.16,266.52,677.71,424.72,6
12,player,141,0,0,610.93,264.83,681.48,423.02,6
12,player,142,0,0,614.70,263.13,685.25,421.33,6
12,player,143,0,0,618.48,261.43,689.03,419.63,6
12,player,144,0,0,622.25,259.73,692.80,417.93,6
12,player,145,0,0,626.02,258.04,696.57,416.23,6
12,player,146,0,0,629.80,256.34,700.35,414.53,6
12,player,147,0,0,633.57,254.64,704.12,412.84,6
12,player,148,0,0,637.34,252.94,707.89,411.14,6
12,player,149,0,0,641.12,251.24,711.66,409.44,6
12,player,150,0,0,644.89,249.55,715.44,407.74,6
12,player,151,0,0,648.66,247.85,719.21,406.04,6
12,player,152,0,0,652.44,246.15,722.98,404.35,6
12,player,153,0,0,656.21,244.45,726.76,402.65,6
12,player,154,0,0,659.98,242.75,730.53,400.95,6
12,player,155,0,0,663.75,241.06,734.30,399.25,6
12,player,156,0,0,667.53,239.36,738.08,397.56,6
12,player,157,0,0,671.30,237.66,741.85,395.86,6
12,player,158,0,0,675.07,235.96,745.62,394.16,6
12,player,159,0,0,678.85,234.26,749.40,392.46,6
12,player,160,0,0,679.94,235.60,750.61,392.87,6
12,player,161,0,0,681.04,236.93,751.82,393.27,6
12,player,162,0,0,682.14,238.26,753.04,393.68,6
12,player,163,0,0,683.23,239.59,754.25,394.08,6
12,player,164,0,0,684.33,240.92,755.47,394.48,6
12,player,165,0,0,685.43,242.25,756.68,394.89,6
12,player,166,0,0,686.52,243.58,757.90,395.29,6
12,player,167,0,0,687.62,244.91,759.11,395.70,6
12,player,168,0,0,688.72,246.24,760.32,396.10,6
12,player,169,0,0,689.81,247.57,761.54,396.51,6
12,player,170,0,0,690.91,248.90,762.75,396.91,6
12,player,171,0,0,692.01,250.23,763.97,397.32,6
12,player,172,0,0,693.10,251.57,765.18,397.72,6
12,player,173,0,0,694.20,252.90,766.40,398.12,6
12,player,174,0,0,695.30,254.23,767.61,398.53,6
12,player,175,0,0,696.39,255.56,768.82,398.93,6
12,player,176,0,0,697.49,256.89,770.04,399.34,6
12,player,177,0,0,698.59,258.22,771.25,399.74,6
12,player,178,0,0,699.68,259.55,772.47,400.15,6
12,player,179,0,0,700.78,260.88,773.68,400.55,6
12,player,180,0,0,701.88,262.21,774.90,400.96,6
12,player,181,0,0,702.97,263.54,776.11,401.36,6
12,player,182,0,0,704.07,264.87,777.32,401.77,6
12,player,183,0,0,705.17,266.20,778.54,402.17,6
12,player,184,0,0,706.26,267.54,779.75,402.57,6
12,player,185,0,0,707.36,268.87,780.97,402.98,6
12,player,186,0,0,708.46,270.20,782.18,403.38,6
12,player,187,0,0,709.55,271.53,783.40,403.79,6
12,player,188,0,0,710.65,272.86,784.61,404.19,6
12,player,189,0,0,711.75,274.19,785.82,404.60,6
12,player,190,0,0,712.84,275.52,787.04,405.00,6
12,player,191,0,0,713.94,276.85,788.25,405.41,6
12,player,192,0,0,715.04,278.18,789.47,405.81,6
12,player,193,0,0,716.13,279.51,790.68,406.22,6
12,player,194,0,0,717.23,280.84,791.90,406.62,6
12,player,195,0,0,718.33,282.17,793.11,407.02,6
12,player,196,0,0,719.42,283.50,794.32,407.43,6
12,player,197,0,0,721.92,283.62,796.82,407.55,6
12,player,198,0,0,724.41,283.74,799.31,407.67,6
12,player,199,0,0,726.91,283.86,801.81,407.79,6
12,player,200,0,0,729.40,283.98,804.30,407.90,6
12,player,201,0,0,731.90,284.10,806.80,408.02,6
12,player,202,0,0,734.39,284.22,809.29,408.14,6
12,player,203,0,0,736.89,284.34,811.79,408.26,6
12,player,204,0,0,739.38,284.46,814.28,408.38,6
12,player,205,0,0,741.87,284.57,816.77,408.50,6
12,player,206,0,0,744.37,284.69,819.27,408.62,6
12,player,207,0,0,746.86,284.81,821.76,408.74,6
12,player,208,0,0,749.36,284.93,824.26,408.85,6
12,player,209,0,0,751.85,285.05,826.75,408.97,6
12,player,210,0,0,754.35,285.17,829.25,409.09,6
12,player,211,0,0,756.84,285.29,831.74,409.21,6
12,player,212,0,0,759.34,285.41,834.24,409.33,6
12,player,213,0,0,761.83,285.52,836.73,409.45,6
12,player,214,0,0,764.32,285.64,839.22,409.57,6
12,player,215,0,0,767.53,287.78,842.43,411.71,6
12,player,216,0,0,770.74,289.92,845.64,413.84,6
12,player,217,0,0,773.95,292.06,848.85,415.98,6
12,player,218,0,0,777.15,294.20,852.05,418.12,6
12,player,219,0,0,780.36,296.33,855.26,420.26,6
12,player,220,0,0,783.57,298.47,858.47,422.40,6
12,player,221,0,0,786.77,300.61,861.67,424.53,6
12,player,222,0,0,789.98,302.75,864.88,426.67,6
12,player,223,0,0,793.19,304.89,868.09,428.81,6
12,player,224,0,0,796.40,307.02,871.30,430.95,6
12,player,225,0,0,799.60,309.16,874.50,433.09,6
12,player,226,0,0,802.81,311.30,877.71,435.22,6
12,player,227,0,0,806.02,313.44,880.92,437.36,6
12,player,228,0,0,809.22,315.58,884.12,439.50,6
12,player,229,0,0,812.43,317.72,887.33,441.64,6
12,player,230,0,0,815.64,319.85,890.54,443.78,6
12,player,231,0,0,818.85,321.99,893.75,445.92,6
12,player,232,0,0,822.05,324.13,896.95,448.05,6
12,player,233,0,0,825.26,326.27,900.16,450.19,6
12,player,234,0,0,828.47,328.41,903.37,452.33,6
12,player,235,0,0,831.67,330.54,906.57,454.47,6
12,player,236,0,0,834.88,332.68,909.78,456.61,6
12,player,237,0,0,838.09,334.82,912.99,458.74,6
12,player,238,0,0,841.29,336.96,916.19,460.88,6
12,player,239,0,0,842.79,337.17,917.69,461.10,6
12,player,240,0,0,844.29,337.39,919.19,461.31,6
12,player,241,0,0,845.78,337.60,920.68,461.52,6
12,player,242,0,0,847.28,337.81,922.18,461.74,6
12,player,243,0,0,848.78,338.03,923.68,461.95,6
12,player,244,0,0,850.27,338.24,925.17,462.16,6
12,player,245,0,0,851.77,338.45,926.67,462.38,6
12,player,246,0,0,853.27,338.67,928.17,462.59,6
12,player,247,0,0,854.77,338.88,929.67,462.81,6
12,player,248,0,0,856.26,339.10,931.16,463.02,6
12,player,249,0,0,859.35,339.33,934.25,463.26,6
12,player,250,0,0,862.44,339.57,937.34,463.49,6
12,player,251,0,0,865.53,339.81,940.43,463.73,6
12,player,252,0,0,868.62,340.05,943.52,463.97,6
12,player,253,0,0,871.70,340.28,946.60,464.21,6
12,player,254,0,0,874.79,340.52,949.69,464.44,6
12,player,255,0,0,877.88,340.76,952.78,464.68,6
12,player,256,0,0,880.97,341.00,955.87,464.92,6
12,player,257,0,0,884.06,341.23,958.96,465.16,6
12,player,258,0,0,886.19,340.88,961.09,464.80,6
12,player,259,0,0,888.33,340.52,963.23,464.44,6
12,player,260,0,0,890.47,340.16,965.37,464.09,6
12,player,261,0,0,892.61,339.81,967.51,463.73,6
12,player,262,0,0,894.75,339.45,969.65,463.38,6
12,player,263,0,0,896.88,339.10,971.78,463.02,6
12,player,264,0,0,898.72,340.62,973.62,464.55,6
12,player,265,0,0,900.55,342.15,975.45,466.07,6
12,player,266,0,0,902.38,343.68,977.28,467.60,6
12,player,267,0,0,904.22,345.20,979.12,469.13,6
12,player,268,0,0,906.05,346.73,980.95,470.66,6
12,player,269,0,0,907.88,348.26,982.78,472.18,6
12,player,270,0,0,909.71,349.79,984.61,473.71,6
12,player,271,0,0,917.84,351.07,992.74,474.99,6
12,player,272,0,0,925.96,352.35,1000.86,476.28,6
12,player,273,0,0,934.09,353.63,1008.99,477.56,6
12,player,274,0,0,942.21,354.92,1017.11,478.84,6
12,player,275,0,0,950.34,356.20,1025.24,480.12,6
12,player,276,0,0,957.02,354.86,1031.92,478.79,6
12,player,277,0,0,963.70,353.53,1038.60,477.45,6
12,player,278,0,0,970.38,352.19,1045.28,476.12,6
12,player,279,0,0,977.06,350.85,1051.96,474.78,6
12,player,280,0,0,983.74,349.52,1058.64,473.44,6
12,player,281,0,0,990.43,348.18,1065.33,472.11,6
12,player,282,0,0,997.11,346.85,1072.01,470.77,6
12,player,283,0,0,1003.79,345.51,1078.69,469.43,6
12,player,284,0,0,1018.76,345.51,1093.66,469.43,6
12,player,285,0,0,1033.72,345.51,1108.62,469.43,6
12,player,286,0,0,1039.28,343.37,1114.18,467.30,6
12,player,287,0,0,1044.84,341.23,1119.74,465.16,6
12,player,288,0,0,1050.40,339.10,1125.30,463.02,6
12,player,289,0,0,1055.96,336.96,1130.86,460.88,6
12,player,290,0,0,1061.52,334.82,1136.42,458.74,6
12,player,291,0,0,1067.08,332.68,1141.98,456.61,6
12,player,292,0,0,1072.64,330.54,1147.54,454.47,6
12,player,293,0,0,1078.19,328.41,1153.09,452.33,6
12,player,294,0,0,1083.75,326.27,1158.65,450.19,6
12,player,295,0,0,1089.31,324.13,1164.21,448.05,6
12,player,296,0,0,1092.68,321.58,1167.58,445.50,6
12,player,297,0,0,1096.06,319.03,1170.96,442.95,6
12,player,298,0,0,1099.43,316.48,1174.33,440.40,6
12,player,299,0,0,1102.80,313.93,1177.70,437.86,6
12,player,300,0,0,1106.17,311.38,1181.07,435.31,6
12,player,301,0,0,1109.54,308.83,1184.44,432.76,6
12,player,302,0,0,1112.91,306.28,1187.81,430.21,6
12,player,303,0,0,1116.29,303.73,1191.19,427.66,6
12,player,304,0,0,1119.66,301.19,1194.56,425.11,6
12,player,305,0,0,1123.03,298.64,1197.93,422.56,6
12,player,306,0,0,1126.40,296.09,1201.30,420.01,6
12,player,307,0,0,1129.77,293.54,1204.67,417.46,6
12,player,308,0,0,1133.14,290.99,1208.04,414.91,6
12,player,309,0,0,1136.52,288.44,1211.42,412.36,6
12,player,310,0,0,1139.89,285.89,1214.79,409.81,6
12,player,311,0,0,1143.26,283.34,1218.16,407.26,6
12,player,312,0,0,1146.63,280.79,1221.53,404.71,6
12,player,313,0,0,1150.00,278.24,1224.90,402.17,6
12,player,314,0,0,1153.37,275.69,1228.27,399.62,6
12,player,315,0,0,1156.74,273.14,1231.64,397.07,6
12,player,316,0,0,1160.12,270.59,1235.02,394.52,6
12,player,317,0,0,1163.49,268.04,1238.39,391.97,6
12,player,318,0,0,1166.86,265.50,1241.76,389.42,6
12,player,319,0,0,1170.23,262.95,1245.13,386.87,6
12,player,320,0,0,1173.60,260.40,1248.50,384.32,6
12,player,321,0,0,1176.97,257.85,1251.87,381.77,6
12,player,322,0,0,1173.64,258.19,1248.54,382.11,6
12,player,323,0,0,1170.31,258.53,1245.21,382.45,6
12,player,324,0,0,1166.98,258.87,1241.88,382.79,6
12,player,325,0,0,1163.65,259.21,1238.55,383.13,6
12,player,326,0,0,1160.32,259.55,1235.22,383.47,6
12,player,327,0,0,1156.99,259.89,1231.89,383.82,6
12,player,328,0,0,1153.66,260.23,1228.56,384.16,6
12,player,329,0,0,1150.33,260.57,1225.23,384.50,6
12,player,330,0,0,1147.00,260.91,1221.90,384.84,6
12,player,331,0,0,1143.67,261.25,1218.57,385.18,6
12,player,332,0,0,1140.34,261.59,1215.24,385.52,6
12,player,333,0,0,1137.01,261.93,1211.91,385.86,6
12,player,334,0,0,1133.68,262.28,1208.58,386.20,6
12,player,335,0,0,1130.35,262.62,1205.25,386.54,6
12,player,336,0,0,1127.02,262.96,1201.92,386.88,6
12,player,337,0,0,1123.69,263.30,1198.59,387.22,6
12,player,338,0,0,1120.36,263.64,1195.26,387.56,6
12,player,339,0,0,1117.03,263.98,1191.93,387.90,6
12,player,340,0,0,1113.70,264.32,1188.60,388.24,6
12,player,341,0,0,1110.37,264.66,1185.27,388.58,6
12,player,342,0,0,1107.04,265.00,1181.94,388.92,6
12,player,343,0,0,1103.71,265.34,1178.61,389.26,6
12,player,344,0,0,1100.38,265.68,1175.28,389.60,6
12,player,345,0,0,1097.05,266.02,1171.95,389.95,6
12,player,346,0,0,1093.72,266.36,1168.62,390.29,6
12,player,347,0,0,1090.39,266.70,1165.29,390.63,6
12,player,348,0,0,1087.06,267.04,1161.96,390.97,6
12,player,349,0,0,1083.73,267.38,1158.63,391.31,6
12,player,350,0,0,1080.40,267.72,1155.30,391.65,6
12,player,351,0,0,1077.07,268.07,1151.97,391.99,6
12,player,352,0,0,1073.74,268.41,1148.64,392.33,6
12,player,353,0,0,1070.41,268.75,1145.31,392.67,6
12,player,354,0,0,1067.08,269.09,1141.98,393.01,6
12,player,355,0,0,1063.75,269.43,1138.65,393.35,6
12,player,356,0,0,1060.42,269.77,1135.32,393.69,6
12,player,357,0,0,1057.09,270.11,1131.99,394.03,6
12,player,358,0,0,1053.76,270.45,1128.66,394.37,6
12,player,359,0,0,1050.43,270.79,1125.33,394.71,6
12,player,360,0,0,1047.10,271.13,1122.00,395.05,6
12,player,361,0,0,1043.77,271.47,1118.67,395.39,6
12,player,362,0,0,1040.44,271.81,1115.34,395.74,6
12,player,363,0,0,1037.11,272.15,1112.01,396.08,6
12,player,364,0,0,1033.78,272.49,1108.68,396.42,6
12,player,365,0,0,1030.45,272.83,1105.35,396.76,6
12,player,366,0,0,1027.12,273.17,1102.02,397.10,6
12,player,367,0,0,1023.79,273.51,1098.69,397.44,6
12,player,368,0,0,1020.46,273.86,1095.36,397.78,6
12,player,369,0,0,1017.13,274.20,1092.03,398.12,6
12,player,370,0,0,1013.80,274.54,1088.70,398.46,6
12,player,371,0,0,1010.47,274.88,1085.37,398.80,6
12,player,372,0,0,1007.14,275.22,1082.04,399.14,6
12,player,373,0,0,1003.81,275.56,1078.71,399.48,6
12,player,374,0,0,1000.48,275.90,1075.38,399.82,6
12,player,375,0,0,997.15,276.24,1072.05,400.16,6
12,player,376,0,0,993.82,276.58,1068.72,400.50,6
12,player,377,0,0,990.49,276.92,1065.39,400.84,6
12,player,378,0,0,987.16,277.26,1062.06,401.18,6
12,player,379,0,0,983.83,277.60,1058.73,401.53,6
12,player,380,0,0,980.50,277.94,1055.40,401.87,6
12,player,381,0,0,977.17,278.28,1052.07,402.21,6
12,player,382,0,0,973.84,278.62,1048.74,402.55,6
12,player,383,0,0,970.51,278.96,1045.41,402.89,6
12,player,384,0,0,967.18,279.30,1042.08,403.23,6
12,player,385,0,0,963.85,279.65,1038.75,403.57,6
12,player,386,0,0,960.52,279.99,1035.42,403.91,6
12,player,387,0,0,957.19,280.33,1032.09,404.25,6
12,player,388,0,0,953.86,280.67,1028.76,404.59,6
12,player,389,0,0,950.53,281.01,1025.43,404.93,6
12,player,390,0,0,947.20,281.35,1022.10,405.27,6
12,player,391,0,0,943.87,281.69,1018.77,405.61,6
12,player,392,0,0,940.54,282.03,1015.44,405.95,6
12,player,393,0,0,937.21,282.37,1012.11,406.29,6
12,player,394,0,0,933.88,282.71,1008.78,406.63,6
12,player,395,0,0,930.55,283.05,1005.45,406.97,6
12,player,396,0,0,927.22,283.39,1002.12,407.32,6
12,player,397,0,0,923.89,283.73,998.79,407.66,6
12,player,398,0,0,920.56,284.07,995.46,408.00,6
12,player,399,0,0,917.23,284.41,992.13,408.34,6
12,player,400,0,0,913.90,284.75,988.80,408.68,6
12,player,401,0,0,910.57,285.09,985.47,409.02,6
12,player,402,0,0,907.24,285.44,982.14,409.36,6
12,player,403,0,0,903.91,285.78,978.81,409.70,6
12,player,404,0,0,900.58,286.12,975.48,410.04,6
12,player,405,0,0,897.25,286.46,972.15,410.38,6
12,player,406,0,0,893.92,286.80,968.82,410.72,6
12,player,407,0,0,890.58,287.14,965.48,411.06,6
12,player,408,0,0,887.25,287.48,962.15,411.40,6
12,player,409,0,0,883.92,287.82,958.82,411.74,6
12,player,410,0,0,880.59,288.16,955.49,412.08,6
12,player,411,0,0,877.26,288.50,952.16,412.42,6
12,player,412,0,0,873.93,288.84,948.83,412.76,6
12,player,413,0,0,870.60,289.18,945.50,413.11,6
12,player,414,0,0,867.27,289.52,942.17,413.45,6
12,player,415,0,0,863.94,289.86,938.84,413.79,6
12,player,416,0,0,860.61,290.20,935.51,414.13,6
12,player,417,0,0,857.28,290.54,932.18,414.47,6
12,player,418,0,0,853.95,290.88,928.85,414.81,6
12,player,419,0,0,850.62,291.23,925.52,415.15,6
12,player,420,0,0,847.29,291.57,922.19,415.49,6
12,player,421,0,0,843.96,291.91,918.86,415.83,6
12,player,422,0,0,840.63,292.25,915.53,416.17,6
12,player,423,0,0,837.30,292.59,912.20,416.51,6
12,player,424,0,0,833.97,292.93,908.87,416.85,6
12,player,425,0,0,830.64,293.27,905.54,417.19,6
12,player,426,0,0,827.31,293.61,902.21,417.53,6
12,player,427,0,0,823.98,293.95,898.88,417.87,6
12,player,428,0,0,820.65,294.29,895.55,418.21,6
12,player,429,0,0,817.32,294.63,892.22,418.55,6
12,player,430,0,0,813.99,294.97,888.89,418.90,6
12,player,431,0,0,810.66,295.31,885.56,419.24,6
12,player,432,0,0,807.33,295.65,882.23,419.58,6
12,player,433,0,0,804.00,295.99,878.90,419.92,6
12,player,434,0,0,800.67,296.33,875.57,420.26,6
12,player,435,0,0,804.57,298.02,879.47,421.95,6
12,player,436,0,0,808.46,299.71,883.36,423.63,6
12,player,437,0,0,812.36,301.40,887.26,425.32,6
12,player,438,0,0,816.26,303.09,891.16,427.01,6
12,player,439,0,0,820.15,304.78,895.05,428.70,6
12,player,440,0,0,824.05,306.46,898.95,430.39,6
12,player,441,0,0,827.94,308.15,902.84,432.08,6
12,player,442,0,0,831.84,309.84,906.74,433.76,6
12,player,443,0,0,835.74,311.53,910.64,435.45,6
12,player,444,0,0,839.63,313.22,914.53,437.14,6
12,player,445,0,0,843.53,314.91,918.43,438.83,6
12,player,446,0,0,847.43,316.59,922.33,440.52,6
12,player,447,0,0,851.32,318.28,926.22,442.21,6
12,player,448,0,0,855.22,319.97,930.12,443.89,6
12,player,449,0,0,859.11,321.66,934.01,445.58,6
12,player,450,0,0,863.01,323.35,937.91,447.27,6
12,player,451,0,0,866.91,325.04,941.81,448.96,6
12,player,452,0,0,870.80,326.72,945.70,450.65,6
12,player,453,0,0,874.70,328.41,949.60,452.34,6
12,player,454,0,0,878.59,330.10,953.49,454.02,6
12,player,455,0,0,882.49,331.79,957.39,455.71,6
12,player,456,0,0,886.39,333.48,961.29,457.40,6
12,player,457,0,0,890.28,335.17,965.18,459.09,6
12,player,458,0,0,894.18,336.85,969.08,460.78,6
12,player,459,0,0,898.07,338.54,972.97,462.47,6
12,player,460,0,0,901.97,340.23,976.87,464.15,6
12,player,461,0,0,905.87,341.92,980.77,465.84,6
12,player,462,0,0,909.76,343.61,984.66,467.53,6
12,player,463,0,0,913.66,345.30,988.56,469.22,6
12,player,464,0,0,917.56,346.98,992.46,470.91,6
12,player,465,0,0,921.45,348.67,996.35,472.60,6
12,player,466,0,0,925.35,350.36,1000.25,474.28,6
12,player,467,0,0,929.24,352.05,1004.14,475.97,6
12,player,468,0,0,933.14,353.74,1008.04,477.66,6
12,player,469,0,0,937.04,355.42,1011.94,479.35,6
12,player,470,0,0,940.93,357.11,1015.83,481.04,6
12,player,471,0,0,942.38,358.32,1017.28,482.25,6
12,player,472,0,0,943.83,359.53,1018.73,483.46,6
12,player,473,0,0,945.28,360.74,1020.18,484.66,6
12,player,474,0,0,946.74,361.95,1021.64,485.87,6
12,player,475,0,0,948.19,363.16,1023.09,487.08,6
12,player,476,0,0,949.64,364.37,1024.54,488.29,6
12,player,477,0,0,951.09,365.58,1025.99,489.50,6
12,player,478,0,0,952.54,366.79,1027.44,490.71,6
12,player,479,0,0,953.99,368.00,1028.89,491.92,6
12,player,480,0,0,955.44,369.20,1030.34,493.13,6
12,player,481,0,0,956.89,370.41,1031.79,494.34,6
12,player,482,0,0,958.34,371.62,1033.24,495.55,6
12,player,483,0,0,959.79,372.83,1034.69,496.76,6
12,player,484,0,0,961.25,374.04,1036.15,497.96,6
12,player,485,0,0,962.70,375.25,1037.60,499.17,6
12,player,486,0,0,964.15,376.46,1039.05,500.38,6
12,player,487,0,0,965.60,377.67,1040.50,501.59,6
12,player,488,0,0,967.05,378.88,1041.95,502.80,6
12,player,489,0,0,968.50,380.09,1043.40,504.01,6
12,player,490,0,0,969.95,381.30,1044.85,505.22,6
12,player,491,0,0,971.40,382.50,1046.30,506.43,6
12,player,492,0,0,972.85,383.71,1047.75,507.64,6
12,player,493,0,0,974.30,384.92,1049.20,508.85,6
12,player,494,0,0,975.75,386.13,1050.65,510.06,6
12,player,495,0,0,977.21,387.34,1052.11,511.27,6
12,player,496,0,0,978.66,388.55,1053.56,512.47,6
12,player,497,0,0,980.11,389.76,1055.01,513.68,6
12,player,498,0,0,981.56,390.97,1056.46,514.89,6
12,player,499,0,0,983.01,392.18,1057.91,516.10,6
12,player,500,0,0,979.91,391.87,1054.81,515.80,6
12,player,501,0,0,976.81,391.57,1051.71,515.49,6
12,player,502,0,0,973.72,391.26,1048.62,515.19,6
12,player,503,0,0,970.62,390.96,1045.52,514.88,6
12,player,504,0,0,967.52,390.65,1042.42,514.57,6
12,player,505,0,0,964.42,390.35,1039.32,514.27,6
12,player,506,0,0,961.32,390.04,1036.22,513.96,6
12,player,507,0,0,958.23,389.73,1033.13,513.66,6
12,player,508,0,0,955.13,389.43,1030.03,513.35,6
12,player,509,0,0,952.03,389.12,1026.93,513.05,6
12,player,510,0,0,948.93,388.82,1023.83,512.74,6
12,player,511,0,0,945.83,388.51,1020.73,512.44,6
12,player,512,0,0,942.74,388.21,1017.64,512.13,6
12,player,513,0,0,939.64,387.90,1014.54,511.83,6
12,player,514,0,0,936.54,387.60,1011.44,511.52,6
12,player,515,0,0,933.44,387.29,1008.34,511.21,6
12,player,516,0,0,930.34,386.99,1005.24,510.91,6
12,player,517,0,0,927.25,386.68,1002.15,510.60,6
12,player,518,0,0,924.15,386.37,999.05,510.30,6
12,player,519,0,0,921.05,386.07,995.95,509.99,6
12,player,520,0,0,917.95,385.76,992.85,509.69,6
12,player,521,0,0,914.85,385.46,989.75,509.38,6
12,player,522,0,0,911.75,385.15,986.65,509.08,6
12,player,523,0,0,908.66,384.85,983.56,508.77,6
12,player,524,0,0,905.56,384.54,980.46,508.47,6
12,player,525,0,0,902.46,384.24,977.36,508.16,6
12,player,526,0,0,899.36,383.93,974.26,507.86,6
12,player,527,0,0,896.26,383.63,971.16,507.55,6
12,player,528,0,0,893.17,383.32,968.07,507.24,6
12,player,529,0,0,890.07,383.01,964.97,506.94,6
12,player,530,0,0,886.97,382.71,961.87,506.63,6
12,player,531,0,0,883.87,382.40,958.77,506.33,6
12,player,532,0,0,880.77,382.10,955.67,506.02,6
12,player,533,0,0,877.68,381.79,952.58,505.72,6
12,player,534,0,0,874.58,381.49,949.48,505.41,6
12,player,535,0,0,871.48,381.18,946.38,505.11,6
12,player,536,0,0,868.38,380.88,943.28,504.80,6
12,player,537,0,0,865.28,380.57,940.18,504.50,6
12,player,538,0,0,862.19,380.27,937.09,504.19,6
12,player,539,0,0,859.09,379.96,933.99,503.88,6
12,player,540,0,0,855.99,379.66,930.89,503.58,6
12,player,541,0,0,852.89,379.35,927.79,503.27,6
12,player,542,0,0,849.79,379.04,924.69,502.97,6
12,player,543,0,0,846.70,378.74,921.60,502.66,6
12,player,544,0,0,843.60,378.43,918.50,502.36,6
12,player,545,0,0,840.50,378.13,915.40,502.05,6
12,player,546,0,0,837.40,377.82,912.30,501.75,6
12,player,547,0,0,834.30,377.52,909.20,501.44,6
12,player,548,0,0,831.21,377.21,906.11,501.14,6
12,player,549,0,0,824.79,377.21,899.69,501.14,6
12,player,550,0,0,820.94,376.36,895.84,500.28,6
12,player,551,0,0,817.09,375.50,891.99,499.43,6
12,player,552,0,0,813.25,374.65,888.15,498.57,6
12,player,553,0,0,809.40,373.79,884.30,497.71,6
12,player,554,0,0,805.55,372.94,880.45,496.86,6
12,player,555,0,0,804.48,374.00,879.38,497.93,6
12,player,556,0,0,803.41,375.07,878.31,499.00,6
12,player,557,0,0,802.34,376.14,877.24,500.07,6
12,player,558,0,0,801.27,377.21,876.17,501.14,6
12,player,559,0,0,797.89,375.25,872.79,499.18,6
12,player,560,0,0,794.50,373.29,869.40,497.22,6
12,player,561,0,0,791.12,371.33,866.02,495.26,6
12,player,562,0,0,787.73,369.37,862.63,493.30,6
12,player,563,0,0,784.35,367.41,859.25,491.34,6
12,player,564,0,0,780.96,365.45,855.86,489.38,6
12,player,565,0,0,777.58,363.49,852.48,487.42,6
12,player,566,0,0,774.19,361.53,849.09,485.46,6
12,player,567,0,0,770.81,359.57,845.71,483.50,6
12,player,568,0,0,767.42,357.61,842.32,481.54,6
12,player,569,0,0,764.03,355.65,838.93,479.58,6
12,player,570,0,0,760.65,353.69,835.55,477.62,6
12,player,571,0,0,760.03,352.22,834.93,476.14,6
12,player,572,0,0,759.41,350.75,834.31,474.67,6
12,player,573,0,0,758.80,349.27,833.70,473.20,6
12,player,574,0,0,758.18,347.80,833.08,471.73,6
12,player,575,0,0,757.56,346.33,832.46,470.25,6
12,player,576,0,0,756.94,344.86,831.84,468.78,6
12,player,577,0,0,756.33,343.38,831.23,467.31,6
12,player,578,0,0,755.71,341.91,830.61,465.83,6
12,player,579,0,0,755.09,340.44,829.99,464.36,6
12,player,580,0,0,754.47,338.96,829.37,462.89,6
12,player,581,0,0,753.86,337.49,828.76,461.42,6
12,player,582,0,0,753.24,336.02,828.14,459.94,6
12,player,583,0,0,752.62,334.55,827.52,458.47,6
12,player,584,0,0,752.00,333.07,826.90,457.00,6
12,player,585,0,0,751.38,331.60,826.28,455.52,6
12,player,586,0,0,750.77,330.13,825.67,454.05,6
12,player,587,0,0,750.15,328.65,825.05,452.58,6
12,player,588,0,0,749.53,327.18,824.43,451.11,6
12,player,589,0,0,748.91,325.71,823.81,449.63,6
12,player,590,0,0,748.30,324.24,823.20,448.16,6
12,player,591,0,0,747.68,322.76,822.58,446.69,6
12,player,592,0,0,747.06,321.29,821.96,445.21,6
12,player,593,0,0,746.44,319.82,821.34,443.74,6
12,player,594,0,0,745.83,318.34,820.73,442.27,6
12,player,595,0,0,745.21,316.87,820.11,440.79,6
12,player,596,0,0,744.59,315.40,819.49,439.32,6
12,player,597,0,0,743.97,313.93,818.87,437.85,6
12,player,598,0,0,743.35,312.45,818.25,436.38,6
12,player,599,0,0,742.74,310.98,817.64,434.90,6
12,player,600,0,0,742.12,309.51,817.02,433.43,6
12,player,601,0,0,741.50,308.03,816.40,431.96,6
12,player,602,0,0,740.88,306.56,815.78,430.48,6
12,player,603,0,0,740.27,305.09,815.17,429.01,6
12,player,604,0,0,739.65,303.61,814.55,427.54,6
12,player,605,0,0,739.03,302.14,813.93,426.07,6
12,player,606,0,0,738.41,300.67,813.31,424.59,6
12,player,607,0,0,737.80,299.20,812.70,423.12,6
12,player,608,0,0,737.18,297.72,812.08,421.65,6
12,player,609,0,0,736.56,296.25,811.46,420.17,6
12,player,610,0,0,735.94,294.78,810.84,418.70,6
12,player,611,0,0,735.33,293.30,810.23,417.23,6
12,player,612,0,0,734.71,291.83,809.61,415.76,6
12,player,613,0,0,734.09,290.36,808.99,414.28,6
12,player,614,0,0,733.47,288.89,808.37,412.81,6
12,player,615,0,0,732.85,287.41,807.75,411.34,6
12,player,616,0,0,742.83,287.41,817.73,411.34,6
12,player,617,0,0,752.81,287.41,827.71,411.34,6
12,player,618,0,0,762.79,287.41,837.69,411.34,6
12,player,619,0,0,773.24,285.04,848.14,408.96,6
12,player,620,0,0,783.69,282.66,858.59,406.59,6
12,player,621,0,0,794.15,280.29,869.05,404.21,6
12,player,622,0,0,804.60,277.91,879.50,401.83,6
12,player,623,0,0,815.05,275.53,889.95,399.46,6
12,player,624,0,0,825.50,273.16,900.40,397.08,6
12,player,625,0,0,835.96,270.78,910.86,394.71,6
12,player,626,0,0,846.41,268.41,921.31,392.33,6
12,player,627,0,0,856.86,266.03,931.76,389.96,6
12,player,628,0,0,862.92,265.53,937.82,389.46,6
12,player,629,0,0,868.98,265.03,943.88,388.96,6
12,player,630,0,0,875.04,264.54,949.94,388.46,6
12,player,631,0,0,881.09,264.04,955.99,387.96,6
12,player,632,0,0,887.15,263.54,962.05,387.46,6
12,player,633,0,0,893.21,263.04,968.11,386.96,6
12,player,634,0,0,899.27,262.54,974.17,386.46,6
12,player,635,0,0,905.33,262.04,980.23,385.96,6
12,player,636,0,0,911.38,261.54,986.28,385.47,6
12,player,637,0,0,917.44,261.04,992.34,384.97,6
12,player,638,0,0,923.50,260.54,998.40,384.47,6
12,player,639,0,0,929.56,260.05,1004.46,383.97,6
12,player,640,0,0,935.62,259.55,1010.52,383.47,6
12,player,641,0,0,941.67,259.05,1016.57,382.97,6
12,player,642,0,0,947.73,258.55,1022.63,382.47,6
12,player,643,0,0,953.79,258.05,1028.69,381.97,6
12,player,644,0,0,959.85,257.55,1034.75,381.47,6
12,player,645,0,0,965.91,257.05,1040.81,380.98,6
12,player,646,0,0,971.96,256.55,1046.86,380.48,6
12,player,647,0,0,978.02,256.05,1052.92,379.98,6
12,player,648,0,0,984.08,255.56,1058.98,379.48,6
12,player,649,0,0,990.14,255.06,1065.04,378.98,6
12,player,650,0,0,996.20,254.56,1071.10,378.48,6
12,player,651,0,0,1002.25,254.06,1077.15,377.98,6
12,player,652,0,0,1008.31,253.56,1083.21,377.48,6
12,player,653,0,0,1014.37,253.06,1089.27,376.98,6
12,player,654,0,0,1020.43,252.56,1095.33,376.49,6
12,player,655,0,0,1026.48,252.06,1101.38,375.99,6
12,player,656,0,0,1032.54,251.56,1107.44,375.49,6
12,player,657,0,0,1038.60,251.07,1113.50,374.99,6
12,player,658,0,0,1046.08,258.55,1120.98,382.47,6
12,player,659,0,0,1053.57,266.03,1128.47,389.96,6
12,player,660,0,0,1056.38,265.24,1131.28,389.17,6
12,player,661,0,0,1059.19,264.46,1134.09,388.38,6
12,player,662,0,0,1062.01,263.67,1136.91,387.59,6
12,player,663,0,0,1064.82,262.88,1139.72,386.81,6
12,player,664,0,0,1067.63,262.09,1142.53,386.02,6
12,player,665,0,0,1070.45,261.31,1145.35,385.23,6
12,player,666,0,0,1073.26,260.52,1148.16,384.44,6
12,player,667,0,0,1076.07,259.73,1150.97,383.65,6
12,player,668,0,0,1078.89,258.94,1153.79,382.87,6
12,player,669,0,0,1081.70,258.15,1156.60,382.08,6
12,player,670,0,0,1084.51,257.37,1159.41,381.29,6
12,player,671,0,0,1087.33,256.58,1162.23,380.50,6
12,player,672,0,0,1090.14,255.79,1165.04,379.72,6
12,player,673,0,0,1092.95,255.00,1167.85,378.93,6
12,player,674,0,0,1095.77,254.22,1170.67,378.14,6
12,player,675,0,0,1098.58,253.43,1173.48,377.35,6
12,player,676,0,0,1101.39,252.64,1176.29,376.56,6
12,player,677,0,0,1104.21,251.85,1179.11,375.78,6
12,player,678,0,0,1107.02,251.07,1181.92,374.99,6
12,player,679,0,0,1102.54,251.36,1177.44,375.29,6
12,player,680,0,0,1098.07,251.66,1172.97,375.59,6
12,player,681,0,0,1093.59,251.96,1168.49,375.88,6
12,player,682,0,0,1089.12,252.26,1164.02,376.18,6
12,player,683,0,0,1084.64,252.56,1159.54,376.48,6
12,player,684,0,0,1080.17,252.86,1155.07,376.78,6
12,player,685,0,0,1075.69,253.15,1150.59,377.08,6
12,player,686,0,0,1071.22,253.45,1146.12,377.38,6
12,player,687,0,0,1066.74,253.75,1141.64,377.67,6
12,player,688,0,0,1062.27,254.05,1137.17,377.97,6
12,player,689,0,0,1057.79,254.35,1132.69,378.27,6
12,player,690,0,0,1053.32,254.65,1128.22,378.57,6
12,player,691,0,0,1048.84,254.94,1123.74,378.87,6
12,player,692,0,0,1044.37,255.24,1119.27,379.17,6
12,player,693,0,0,1039.89,255.54,1114.79,379.46,6
12,player,694,0,0,1035.42,255.84,1110.32,379.76,6
12,player,695,0,0,1030.94,256.14,1105.84,380.06,6
12,player,696,0,0,1026.47,256.44,1101.37,380.36,6
12,player,697,0,0,1021.99,256.73,1096.89,380.66,6
12,player,698,0,0,1017.52,257.03,1092.42,380.96,6
12,player,699,0,0,1013.04,257.33,1087.94,381.25,6
12,player,700,0,0,1008.57,257.63,1083.47,381.55,6
12,player,701,0,0,1004.09,257.93,1078.99,381.85,6
12,player,702,0,0,999.62,258.23,1074.52,382.15,6
12,player,703,0,0,995.14,258.52,1070.04,382.45,6
12,player,704,0,0,990.67,258.82,1065.57,382.75,6
12,player,705,0,0,986.19,259.12,1061.09,383.04,6
12,player,706,0,0,981.72,259.42,1056.62,383.34,6
12,player,707,0,0,977.24,259.72,1052.14,383.64,6
12,player,708,0,0,972.77,260.02,1047.67,383.94,6
12,player,709,0,0,968.29,260.31,1043.19,384.24,6
12,player,710,0,0,963.82,260.61,1038.72,384.54,6
12,player,711,0,0,959.34,260.91,1034.24,384.83,6
12,player,712,0,0,954.87,261.21,1029.77,385.13,6
12,player,713,0,0,950.39,261.51,1025.29,385.43,6
12,player,714,0,0,945.92,261.81,1020.82,385.73,6
12,player,715,0,0,941.44,262.10,1016.34,386.03,6
12,player,716,0,0,936.97,262.40,1011.87,386.33,6
12,player,717,0,0,932.49,262.70,1007.39,386.62,6
12,player,718,0,0,928.02,263.00,1002.92,386.92,6
12,player,719,0,0,923.54,263.30,998.44,387.22,6
12,player,720,0,0,919.07,263.60,993.97,387.52,6
12,player,721,0,0,914.59,263.89,989.49,387.82,6
12,player,722,0,0,910.12,264.19,985.02,388.12,6
12,player,723,0,0,905.64,264.49,980.54,388.41,6
12,player,724,0,0,901.17,264.79,976.07,388.71,6
12,player,725,0,0,896.69,265.09,971.59,389.01,6
12,player,726,0,0,892.22,265.39,967.12,389.31,6
12,player,727,0,0,887.74,265.68,962.64,389.61,6
12,player,728,0,0,883.27,265.98,958.17,389.91,6
12,player,729,0,0,878.79,266.28,953.69,390.20,6
12,player,730,0,0,874.32,266.58,949.22,390.50,6
12,player,731,0,0,869.84,266.88,944.74,390.80,6
12,player,732,0,0,865.37,267.18,940.27,391.10,6
12,player,733,0,0,860.89,267.47,935.79,391.40,6
12,player,734,0,0,856.42,267.77,931.32,391.70,6
12,player,735,0,0,851.94,268.07,926.84,391.99,6
12,player,736,0,0,847.47,268.37,922.37,392.29,6
12,player,737,0,0,842.99,268.67,917.89,392.59,6
12,player,738,0,0,838.52,268.97,913.42,392.89,6
12,player,739,0,0,834.04,269.26,908.94,393.19,6
12,player,740,0,0,829.57,269.56,904.47,393.49,6
12,player,741,0,0,825.09,269.86,899.99,393.78,6
12,player,742,0,0,820.62,270.16,895.52,394.08,6
12,player,743,0,0,816.14,270.46,891.04,394.38,6
12,player,744,0,0,811.67,270.76,886.57,394.68,6
12,player,745,0,0,807.19,271.05,882.09,394.98,6
12,player,746,0,0,802.72,271.35,877.62,395.28,6
12,player,747,0,0,798.24,271.65,873.14,395.57,6
12,player,748,0,0,793.77,271.95,868.67,395.87,6
12,player,749,0,0,789.29,272.25,864.19,396.17,6
12,player,750,0,0,784.81,272.55,859.71,396.47,6
12,player,751,0,0,780.34,272.84,855.24,396.77,6
12,player,752,0,0,775.86,273.14,850.76,397.07,6
12,player,753,0,0,771.39,273.44,846.29,397.36,6
12,player,754,0,0,766.91,273.74,841.81,397.66,6
12,player,755,0,0,762.44,274.04,837.34,397.96,6
12,player,756,0,0,757.96,274.34,832.86,398.26,6
12,player,757,0,0,753.49,274.63,828.39,398.56,6
12,player,758,0,0,749.01,274.93,823.91,398.86,6
12,player,759,0,0,744.54,275.23,819.44,399.15,6
12,player,760,0,0,740.06,275.53,814.96,399.45,6
12,player,761,0,0,735.59,275.83,810.49,399.75,6
12,player,762,0,0,731.11,276.13,806.01,400.05,6
12,player,763,0,0,726.64,276.42,801.54,400.35,6
12,player,764,0,0,722.16,276.72,797.06,400.65,6
12,player,765,0,0,720.51,277.11,795.41,401.04,6
12,player,766,0,0,718.86,277.50,793.76,401.42,6
12,player,767,0,0,717.21,277.89,792.11,401.81,6
12,player,768,0,0,715.56,278.28,790.46,402.20,6
12,player,769,0,0,713.90,278.67,788.80,402.59,6
12,player,770,0,0,712.25,279.05,787.15,402.98,6
12,player,771,0,0,710.60,279.44,785.50,403.37,6
12,player,772,0,0,708.95,279.83,783.85,403.76,6
12,player,773,0,0,707.29,280.22,782.19,404.14,6
12,player,774,0,0,705.64,280.61,780.54,404.53,6
12,player,775,0,0,703.99,281.00,778.89,404.92,6
12,player,776,0,0,702.34,281.39,777.24,405.31,6
12,player,777,0,0,700.69,281.78,775.59,405.70,6
12,player,778,0,0,699.03,282.16,773.93,406.09,6
12,player,779,0,0,697.38,282.55,772.28,406.48,6
12,player,780,0,0,695.73,282.94,770.63,406.87,6
12,player,781,0,0,694.08,283.33,768.98,407.25,6
12,player,782,0,0,692.43,283.72,767.33,407.64,6
12,player,783,0,0,690.77,284.11,765.67,408.03,6
12,player,784,0,0,689.12,284.50,764.02,408.42,6
12,player,785,0,0,687.47,284.89,762.37,408.81,6
12,player,786,0,0,685.82,285.27,760.72,409.20,6
12,player,787,0,0,685.82,295.96,760.72,419.89,6
12,player,788,0,0,682.49,295.96,757.39,419.89,6
12,player,789,0,0,679.16,295.96,754.06,419.89,6
12,player,790,0,0,675.84,295.96,750.74,419.89,6
12,player,791,0,0,672.51,295.96,747.41,419.89,6
12,player,792,0,0,669.19,295.96,744.09,419.89,6
12,player,793,0,0,665.86,295.96,740.76,419.89,6
12,player,794,0,0,662.53,295.96,737.43,419.89,6
12,player,795,0,0,659.21,295.96,734.11,419.89,6
12,player,796,0,0,655.88,295.96,730.78,419.89,6
12,player,797,0,0,649.72,296.28,724.62,420.20,6
12,player,798,0,0,643.56,296.59,718.46,420.52,6
12,player,799,0,0,637.39,296.91,712.29,420.83,6
12,player,800,0,0,631.23,297.22,706.13,421.15,6
12,player,801,0,0,625.07,297.54,699.97,421.46,6
12,player,802,0,0,618.91,297.85,693.81,421.78,6
12,player,803,0,0,612.74,298.17,687.64,422.09,6
12,player,804,0,0,606.58,298.48,681.48,422.40,6
12,player,805,0,0,600.42,298.79,675.32,422.72,6
12,player,806,0,0,594.26,299.11,669.16,423.03,6
12,player,807,0,0,588.09,299.42,662.99,423.35,6
12,player,808,0,0,581.93,299.74,656.83,423.66,6
12,player,809,0,0,575.77,300.05,650.67,423.98,6
12,player,810,0,0,569.61,300.37,644.51,424.29,6
12,player,811,0,0,563.44,300.68,638.34,424.60,6
12,player,812,0,0,557.28,301.00,632.18,424.92,6
12,player,813,0,0,551.12,301.31,626.02,425.23,6
12,player,814,0,0,544.95,301.62,619.85,425.55,6
12,player,815,0,0,538.79,301.94,613.69,425.86,6
12,player,816,0,0,532.63,302.25,607.53,426.18,6
12,player,817,0,0,526.47,302.57,601.37,426.49,6
12,player,818,0,0,520.30,302.88,595.20,426.81,6
12,player,819,0,0,514.14,303.20,589.04,427.12,6
12,player,820,0,0,507.98,303.51,582.88,427.43,6
12,player,821,0,0,501.82,303.82,576.72,427.75,6
12,player,822,0,0,495.65,304.14,570.55,428.06,6
12,player,823,0,0,489.49,304.45,564.39,428.38,6
12,player,824,0,0,483.33,304.77,558.23,428.69,6
12,player,825,0,0,477.16,305.08,552.06,429.01,6
12,player,826,0,0,471.00,305.40,545.90,429.32,6
12,player,827,0,0,464.84,305.71,539.74,429.63,6
12,player,828,0,0,458.68,306.03,533.58,429.95,6
12,player,829,0,0,452.51,306.34,527.41,430.26,6
12,player,830,0,0,446.35,306.65,521.25,430.58,6
12,player,831,0,0,436.37,309.51,511.27,433.43,6
12,player,832,0,0,426.40,312.36,501.30,436.28,6
12,player,833,0,0,416.42,315.21,491.32,439.13,6
12,player,834,0,0,417.19,313.62,492.09,437.55,6
12,player,835,0,0,417.97,312.04,492.87,435.96,6
12,player,836,0,0,418.74,310.45,493.64,434.38,6
12,player,837,0,0,419.51,308.87,494.41,432.79,6
12,player,838,0,0,420.29,307.28,495.19,431.21,6
12,player,839,0,0,421.06,305.70,495.96,429.62,6
12,player,840,0,0,421.84,304.11,496.74,428.03,6
12,player,841,0,0,422.61,302.53,497.51,426.45,6
12,player,842,0,0,423.39,300.94,498.29,424.86,6
12,player,843,0,0,424.16,299.36,499.06,423.28,6
12,player,844,0,0,424.93,297.77,499.83,421.69,6
12,player,845,0,0,425.71,296.19,500.61,420.11,6
12,player,846,0,0,426.48,294.60,501.38,418.52,6
12,player,847,0,0,427.26,293.02,502.16,416.94,6
12,player,848,0,0,428.03,291.43,502.93,415.35,6
12,player,849,0,0,428.80,289.84,503.70,413.77,6
12,player,850,0,0,429.58,288.26,504.48,412.18,6
12,player,851,0,0,430.35,286.67,505.25,410.60,6
12,player,852,0,0,431.13,285.09,506.03,409.01,6
12,player,853,0,0,431.90,283.50,506.80,407.43,6
12,player,854,0,0,432.67,281.92,507.57,405.84,6
12,player,855,0,0,433.45,280.33,508.35,404.26,6
12,player,856,0,0,434.22,278.75,509.12,402.67,6
12,player,857,0,0,435.00,277.16,509.90,401.09,6
12,player,858,0,0,435.77,275.58,510.67,399.50,6
12,player,859,0,0,436.55,273.99,511.45,397.92,6
12,player,860,0,0,437.32,272.41,512.22,396.33,6
12,player,861,0,0,438.09,270.82,512.99,394.75,6
12,player,862,0,0,438.87,269.24,513.77,393.16,6
12,player,863,0,0,439.64,267.65,514.54,391.58,6
12,player,864,0,0,440.42,266.07,515.32,389.99,6
12,player,865,0,0,441.19,264.48,516.09,388.41,6
12,player,866,0,0,441.96,262.90,516.86,386.82,6
12,player,867,0,0,442.74,261.31,517.64,385.24,6
12,player,868,0,0,443.51,259.73,518.41,383.65,6
12,player,869,0,0,444.29,258.14,519.19,382.07,6
12,player,870,0,0,445.06,256.56,519.96,380.48,6
12,player,871,0,0,445.83,254.97,520.73,378.90,6
12,player,872,0,0,446.61,253.39,521.51,377.31,6
12,player,873,0,0,447.38,251.80,522.28,375.73,6
12,player,874,0,0,448.16,250.22,523.06,374.14,6
12,player,875,0,0,448.93,248.63,523.83,372.56,6
12,player,876,0,0,449.71,247.05,524.61,370.97,6
12,player,877,0,0,450.48,245.46,525.38,369.39,6
12,player,878,0,0,451.25,243.88,526.15,367.80,6
12,player,879,0,0,452.03,242.29,526.93,366.21,6
12,player,880,0,0,452.80,240.71,527.70,364.63,6
12,player,881,0,0,453.58,239.12,528.48,363.04,6
12,player,882,0,0,454.35,237.54,529.25,361.46,6
12,player,883,0,0,455.12,235.95,530.02,359.87,6
12,player,884,0,0,455.90,234.37,530.80,358.29,6
12,player,885,0,0,456.67,232.78,531.57,356.70,6
12,player,886,0,0,457.45,231.20,532.35,355.12,6
12,player,887,0,0,458.22,229.61,533.12,353.53,6
12,player,888,0,0,458.99,228.02,533.89,351.95,6
12,player,889,0,0,459.77,226.44,534.67,350.36,6
12,player,890,0,0,460.54,224.85,535.44,348.78,6
12,player,891,1,0,461.32,223.27,536.22,347.19,6
13,player,7,0,0,582.63,324.06,651.00,463.00,11
13,player,8,0,0,583.62,324.06,651.99,463.00,11
13,player,9,0,0,584.61,324.06,652.97,463.00,11
13,player,10,0,0,585.59,324.06,653.96,463.00,11
13,player,11,0,0,586.58,324.06,654.95,463.00,11
13,player,12,0,0,587.57,324.06,655.93,463.00,11
13,player,13,0,0,588.55,324.06,656.92,463.00,11
13,player,14,0,0,589.54,324.06,657.91,463.00,11
13,player,15,0,0,590.53,324.06,658.89,463.00,11
13,player,16,0,0,591.51,324.06,659.88,463.00,11
13,player,17,0,0,592.50,324.06,660.87,463.00,11
13,player,18,0,0,593.49,324.06,661.85,463.00,11
13,player,19,0,0,594.47,324.06,662.84,463.00,11
13,player,20,0,0,595.46,324.06,663.83,463.00,11
13,player,21,0,0,593.52,323.42,661.88,462.35,11
13,player,22,0,0,591.57,322.77,659.94,461.70,11
13,player,23,0,0,589.63,322.12,658.00,461.06,11
13,player,24,0,0,587.69,321.47,656.05,460.41,11
13,player,25,0,0,585.74,320.82,654.11,459.76,11
13,player,26,0,0,583.80,320.18,652.17,459.11,11
13,player,27,0,0,581.85,319.53,650.22,458.46,11
13,player,28,0,0,579.91,318.88,648.28,457.82,11
13,player,29,0,0,577.97,318.23,646.33,457.17,11
13,player,30,0,0,576.02,317.59,644.39,456.52,11
13,player,31,0,0,574.08,316.94,642.45,455.87,11
13,player,32,0,0,572.14,316.29,640.50,455.23,11
13,player,33,0,0,570.19,315.64,638.56,454.58,11
13,player,34,0,0,568.25,314.99,636.62,453.93,11
13,player,35,0,0,566.31,314.35,634.67,453.28,11
13,player,36,0,0,564.36,313.70,632.73,452.63,11
13,player,37,0,0,562.42,313.05,630.78,451.99,11
13,player,38,0,0,560.47,312.40,628.84,451.34,11
13,player,39,0,0,558.53,311.75,626.90,450.69,11
13,player,40,0,0,556.59,311.11,624.95,450.04,11
13,player,41,0,0,554.64,310.46,623.01,449.39,11
13,player,42,0,0,552.70,309.81,621.07,448.75,11
13,player,43,0,0,550.76,309.16,619.12,448.10,11
13,player,44,0,0,548.81,308.51,617.18,447.45,11
13,player,45,0,0,546.87,307.87,615.24,446.80,11
13,player,46,0,0,544.92,307.22,613.29,446.15,11
13,player,47,0,0,542.98,306.57,611.35,445.51,11
13,player,48,0,0,541.04,305.92,609.40,444.86,11
13,player,49,0,0,539.09,305.28,607.46,444.21,11
13,player,50,0,0,537.15,304.63,605.52,443.56,11
13,player,51,0,0,535.21,303.98,603.57,442.91,11
13,player,52,0,0,533.26,303.33,601.63,442.27,11
13,player,53,0,0,531.32,302.68,599.69,441.62,11
13,player,54,0,0,530.18,302.68,598.55,441.62,11
13,player,55,0,0,529.04,302.68,597.40,441.62,11
13,player,56,0,0,527.90,302.68,596.26,441.62,11
13,player,57,0,0,526.76,302.68,595.12,441.62,11
13,player,58,0,0,525.62,302.68,593.98,441.62,11
13,player,59,0,0,524.48,302.68,592.84,441.62,11
13,player,60,0,0,523.34,302.68,591.70,441.62,11
13,player,61,0,0,522.20,302.68,590.56,441.62,11
13,player,62,0,0,521.06,302.68,589.42,441.62,11
13,player,63,0,0,519.92,302.68,588.28,441.62,11
13,player,64,0,0,518.78,302.68,587.14,441.62,11
13,player,65,0,0,517.63,302.68,586.00,441.62,11
13,player,66,0,0,516.49,302.68,584.86,441.62,11
13,player,67,0,0,515.35,302.68,583.72,441.62,11
13,player,68,0,0,514.21,302.68,582.58,441.62,11
13,player,69,0,0,512.08,304.82,580.44,443.76,11
13,player,70,0,0,509.94,306.96,578.30,445.90,11
13,player,71,0,0,507.80,309.10,576.17,448.03,11
13,player,72,0,0,505.66,311.24,574.03,450.17,11
13,player,73,0,0,503.70,310.97,572.07,449.90,11
13,player,74,0,0,501.74,310.70,570.11,449.64,11
13,player,75,0,0,499.78,310.43,568.15,449.37,11
13,player,76,0,0,497.82,310.17,566.19,449.10,11
13,player,77,0,0,495.86,309.90,564.23,448.83,11
13,player,78,0,0,493.90,309.63,562.27,448.57,11
13,player,79,0,0,491.94,309.36,560.31,448.30,11
13,player,80,0,0,489.98,309.10,558.35,448.03,11
13,player,81,0,0,488.02,308.83,556.39,447.77,11
13,player,82,0,0,486.06,308.56,554.43,447.50,11
13,player,83,0,0,484.10,308.30,552.47,447.23,11
13,player,84,0,0,482.14,308.03,550.51,446.96,11
13,player,85,0,0,480.18,307.76,548.55,446.70,11
13,player,86,0,0,478.22,307.49,546.59,446.43,11
13,player,87,0,0,476.26,307.23,544.63,446.16,11
13,player,88,0,0,474.30,306.96,542.67,445.89,11
13,player,89,0,0,472.34,306.69,540.71,445.63,11
13,player,90,0,0,470.38,306.42,538.75,445.36,11
13,player,91,0,0,468.42,306.16,536.79,445.09,11
13,player,92,0,0,466.46,305.89,534.83,444.83,11
13,player,93,0,0,464.50,305.62,532.87,444.56,11
13,player,94,0,0,462.54,305.36,530.91,444.29,11
13,player,95,0,0,460.58,305.09,528.95,444.02,11
13,player,96,0,0,458.62,304.82,526.99,443.76,11
13,player,97,0,0,456.18,303.29,524.55,442.23,11
13,player,98,0,0,453.74,301.77,522.10,440.70,11
13,player,99,0,0,451.29,300.24,519.66,439.18,11
13,player,100,0,0,448.85,298.71,517.22,437.65,11
13,player,101,0,0,446.41,297.19,514.77,436.12,11
13,player,102,0,0,443.96,295.66,512.33,434.59,11
13,player,103,0,0,441.52,294.13,509.89,433.07,11
13,player,104,0,0,437.24,293.66,505.61,432.59,11
13,player,105,0,0,432.97,293.18,501.33,432.12,11
13,player,106,0,0,428.69,292.71,497.06,431.64,11
13,player,107,0,0,424.41,292.23,492.78,431.17,11
13,player,108,0,0,420.14,291.76,488.50,430.69,11
13,player,109,0,0,415.86,291.28,484.23,430.22,11
13,player,110,0,0,411.58,290.80,479.95,429.74,11
13,player,111,0,0,407.31,290.33,475.68,429.27,11
13,player,112,0,0,403.03,289.85,471.40,428.79,11
13,player,113,0,0,397.77,288.70,466.14,427.64,11
13,player,114,0,0,392.51,287.55,460.87,426.49,11
13,player,115,0,0,387.24,286.40,455.61,425.34,11
13,player,116,0,0,381.98,285.25,450.35,424.18,11
13,player,117,0,0,376.72,284.10,445.08,423.03,11
13,player,118,0,0,371.45,282.95,439.82,421.88,11
13,player,119,0,0,366.19,281.80,434.56,420.73,11
13,player,120,0,0,360.93,280.64,429.30,419.58,11
13,player,121,0,0,355.67,279.49,424.03,418.43,11
13,player,122,0,0,350.40,278.34,418.77,417.28,11
13,player,123,0,0,345.14,277.19,413.51,416.13,11
13,player,124,0,0,339.88,276.04,408.24,414.97,11
13,player,125,0,0,334.61,274.89,402.98,413.82,11
13,player,126,0,0,335.18,274.57,403.55,413.51,11
13,player,127,0,0,335.75,274.26,404.11,413.19,11
13,player,128,0,0,336.31,273.94,404.68,412.88,11
13,player,129,0,0,336.88,273.63,405.24,412.57,11
13,player,130,0,0,337.44,273.32,405.81,412.25,11
13,player,131,0,0,338.01,273.00,406.38,411.94,11
13,player,132,0,0,338.58,272.69,406.94,411.62,11
13,player,133,0,0,339.14,272.37,407.51,411.31,11
13,player,134,0,0,339.71,272.06,408.07,410.99,11
13,player,135,0,0,340.27,271.74,408.64,410.68,11
13,player,136,0,0,340.84,271.43,409.21,410.36,11
13,player,137,0,0,341.40,271.11,409.77,410.05,11
13,player,138,0,0,341.97,270.80,410.34,409.74,11
13,player,139,0,0,342.54,270.49,410.90,409.42,11
13,player,140,0,0,343.10,270.17,411.47,409.11,11
13,player,141,0,0,343.67,269.86,412.04,408.79,11
13,player,142,0,0,344.23,269.54,412.60,408.48,11
13,player,143,0,0,344.80,269.23,413.17,408.16,11
13,player,144,0,0,345.37,268.91,413.73,407.85,11
13,player,145,0,0,345.93,268.60,414.30,407.53,11
13,player,146,0,0,346.50,268.28,414.87,407.22,11
13,player,147,0,0,347.06,267.97,415.43,406.91,11
13,player,148,0,0,347.63,267.66,416.00,406.59,11
13,player,149,0,0,348.20,267.34,416.56,406.28,11
13,player,150,0,0,348.76,267.03,417.13,405.96,11
13,player,151,0,0,349.33,266.71,417.70,405.65,11
13,player,152,0,0,349.89,266.40,418.26,405.33,11
13,player,153,0,0,350.46,266.08,418.83,405.02,11
13,player,154,0,0,351.03,265.77,419.39,404.70,11
13,player,155,0,0,351.59,265.45,419.96,404.39,11
13,player,156,0,0,352.16,265.14,420.53,404.08,11
13,player,157,0,0,352.72,264.83,421.09,403.76,11
13,player,158,0,0,353.29,264.51,421.66,403.45,11
13,player,159,0,0,353.86,264.20,422.22,403.13,11
13,player,160,0,0,356.98,265.30,425.34,404.23,11
13,player,161,0,0,360.10,266.39,428.46,405.33,11
13,player,162,0,0,363.22,267.49,431.58,406.43,11
13,player,163,0,0,366.34,268.59,434.71,407.52,11
13,player,164,0,0,369.46,269.69,437.83,408.62,11
13,player,165,0,0,372.58,270.78,440.95,409.72,11
13,player,166,0,0,375.70,271.88,444.07,410.82,11
13,player,167,0,0,378.82,272.98,447.19,411.92,11
13,player,168,0,0,381.94,274.08,450.31,413.01,11
13,player,169,0,0,385.06,275.18,453.43,414.11,11
13,player,170,0,0,388.18,276.27,456.55,415.21,11
13,player,171,0,0,391.30,277.37,459.67,416.31,11
13,player,172,0,0,394.42,278.47,462.79,417.41,11
13,player,173,0,0,397.54,279.57,465.91,418.50,11
13,player,174,0,0,400.66,280.67,469.03,419.60,11
13,player,175,0,0,403.78,281.76,472.15,420.70,11
13,player,176,0,0,406.90,282.86,475.27,421.80,11
13,player,177,0,0,410.02,283.96,478.39,422.90,11
13,player,178,0,0,413.14,285.06,481.51,423.99,11
13,player,179,0,0,416.27,286.16,484.63,425.09,11
13,player,180,0,0,419.39,287.25,487.75,426.19,11
13,player,181,0,0,422.51,288.35,490.87,427.29,11
13,player,182,0,0,425.63,289.45,493.99,428.38,11
13,player,183,0,0,428.75,290.55,497.11,429.48,11
13,player,184,0,0,431.87,291.65,500.23,430.58,11
13,player,185,0,0,434.99,292.74,503.35,431.68,11
13,player,186,0,0,438.11,293.84,506.48,432.78,11
13,player,187,0,0,441.23,294.94,509.60,433.87,11
13,player,188,0,0,444.35,296.04,512.72,434.97,11
13,player,189,0,0,447.47,297.13,515.84,436.07,11
13,player,190,0,0,450.59,298.23,518.96,437.17,11
13,player,191,0,0,453.71,299.33,522.08,438.27,11
13,player,192,0,0,456.83,300.43,525.20,439.36,11
13,player,193,0,0,459.95,301.53,528.32,440.46,11
13,player,194,0,0,463.07,302.62,531.44,441.56,11
13,player,195,0,0,466.19,303.72,534.56,442.66,11
13,player,196,0,0,469.31,304.82,537.68,443.76,11
13,player,197,0,0,472.64,305.30,541.01,444.23,11
13,player,198,0,0,475.96,305.77,544.33,444.71,11
13,player,199,0,0,479.29,306.25,547.66,445.18,11
13,player,200,0,0,482.62,306.72,550.98,445.66,11
13,player,201,0,0,485.94,307.20,554.31,446.13,11
13,player,202,0,0,489.27,307.67,557.63,446.61,11
13,player,203,0,0,492.59,308.15,560.96,447.08,11
13,player,204,0,0,495.92,308.62,564.29,447.56,11
13,player,205,0,0,499.25,309.10,567.61,448.03,11
13,player,206,0,0,502.57,309.57,570.94,448.51,11
13,player,207,0,0,505.90,310.05,574.26,448.98,11
13,player,208,0,0,509.22,310.52,577.59,449.46,11
13,player,209,0,0,512.55,311.00,580.92,449.93,11
13,player,210,0,0,515.87,311.47,584.24,450.41,11
13,player,211,0,0,519.20,311.95,587.57,450.88,11
13,player,212,0,0,522.53,312.42,590.89,451.36,11
13,player,213,0,0,525.85,312.90,594.22,451.83,11
13,player,214,0,0,529.18,313.37,597.54,452.31,11
13,player,215,0,0,530.96,313.73,599.33,452.66,11
13,player,216,0,0,532.74,314.09,601.11,453.02,11
13,player,217,0,0,534.52,314.44,602.89,453.38,11
13,player,218,0,0,536.30,314.80,604.67,453.73,11
13,player,219,0,0,538.09,315.15,606.45,454.09,11
13,player,220,0,0,539.87,315.51,608.24,454.45,11
13,player,221,0,0,541.65,315.87,610.02,454.80,11
13,player,222,0,0,543.43,316.22,611.80,455.16,11
13,player,223,0,0,545.21,316.58,613.58,455.52,11
13,player,224,0,0,547.00,316.94,615.36,455.87,11
13,player,225,0,0,548.78,317.29,617.14,456.23,11
13,player,226,0,0,550.56,317.65,618.93,456.58,11
13,player,227,0,0,552.34,318.01,620.71,456.94,11
13,player,228,0,0,554.12,318.36,622.49,457.30,11
13,player,229,0,0,555.90,318.72,624.27,457.65,11
13,player,230,0,0,557.69,319.07,626.05,458.01,11
13,player,231,0,0,559.47,319.43,627.83,458.37,11
13,player,232,0,0,561.25,319.79,629.62,458.72,11
13,player,233,0,0,563.03,320.14,631.40,459.08,11
13,player,234,0,0,564.81,320.50,633.18,459.44,11
13,player,235,0,0,566.59,320.86,634.96,459.79,11
13,player,236,0,0,568.38,321.21,636.74,460.15,11
13,player,237,0,0,570.16,321.57,638.52,460.50,11
13,player,238,0,0,571.94,321.93,640.31,460.86,11
13,player,239,0,0,574.29,324.49,642.66,463.43,11
13,player,240,0,0,576.64,327.06,645.01,465.99,11
13,player,241,0,0,579.00,329.62,647.36,468.56,11
13,player,242,0,0,581.35,332.19,649.71,471.12,11
13,player,243,0,0,583.70,334.75,652.07,473.69,11
13,player,244,0,0,586.05,337.32,654.42,476.26,11
13,player,245,0,0,588.40,339.89,656.77,478.82,11
13,player,246,0,0,590.76,342.45,659.12,481.39,11
13,player,247,0,0,593.11,345.02,661.47,483.95,11
13,player,248,0,0,595.46,347.58,663.83,486.52,11
13,player,249,0,0,597.36,347.82,665.73,486.76,11
13,player,250,0,0,599.26,348.06,667.63,486.99,11
13,player,251,0,0,601.16,348.30,669.53,487.23,11
13,player,252,0,0,603.06,348.53,671.43,487.47,11
13,player,253,0,0,604.96,348.77,673.33,487.71,11
13,player,254,0,0,606.86,349.01,675.23,487.94,11
13,player,255,0,0,608.76,349.25,677.13,488.18,11
13,player,256,0,0,610.66,349.48,679.03,488.42,11
13,player,257,0,0,612.56,349.72,680.93,488.66,11
13,player,258,0,0,615.24,349.19,683.60,488.12,11
13,player,259,0,0,617.91,348.65,686.28,487.59,11
13,player,260,0,0,620.58,348.12,688.95,487.05,11
13,player,261,0,0,623.25,347.58,691.62,486.52,11
13,player,262,0,0,626.58,347.82,694.95,486.76,11
13,player,263,0,0,629.91,348.06,698.27,486.99,11
13,player,264,0,0,633.23,348.30,701.60,487.23,11
13,player,265,0,0,636.56,348.53,704.93,487.47,11
13,player,266,0,0,639.88,348.77,708.25,487.71,11
13,player,267,0,0,643.21,349.01,711.58,487.94,11
13,player,268,0,0,646.54,349.25,714.90,488.18,11
13,player,269,0,0,649.86,349.48,718.23,488.42,11
13,player,270,0,0,653.19,349.72,721.55,488.66,11
13,player,271,0,0,663.45,350.15,731.82,489.08,11
13,player,272,0,0,673.71,350.58,742.08,489.51,11
13,player,273,0,0,683.98,351.00,752.34,489.94,11
13,player,274,0,0,694.24,351.43,762.61,490.37,11
13,player,275,0,0,704.50,351.86,772.87,490.79,11
13,player,276,0,0,714.39,352.39,782.76,491.33,11
13,player,277,0,0,724.28,352.93,792.65,491.86,11
13,player,278,0,0,734.17,353.46,802.54,492.40,11
13,player,279,0,0,744.06,354.00,812.42,492.93,11
13,player,280,0,0,753.95,354.53,822.31,493.47,11
13,player,281,0,0,763.83,355.07,832.20,494.00,11
13,player,282,0,0,773.72,355.60,842.09,494.54,11
13,player,283,0,0,783.61,356.14,851.98,495.07,11
13,player,284,0,0,797.51,348.65,868.04,487.59,11
13,player,285,0,0,811.41,341.17,884.10,480.11,11
13,player,286,0,0,820.17,341.17,892.86,480.11,11
13,player,287,0,0,828.94,341.17,901.63,480.11,11
13,player,288,0,0,837.71,341.17,910.39,480.11,11
13,player,289,0,0,846.47,341.17,919.16,480.11,11
13,player,290,0,0,855.24,341.17,927.93,480.11,11
13,player,291,0,0,864.00,341.17,936.69,480.11,11
13,player,292,0,0,872.77,341.17,945.46,480.11,11
13,player,293,0,0,881.54,341.17,954.22,480.11,11
13,player,294,0,0,890.30,341.17,962.99,480.11,11
13,player,295,0,0,899.07,341.17,971.76,480.11,11
13,player,296,0,0,906.06,338.70,978.75,477.64,11
13,player,297,0,0,913.05,336.24,985.74,475.17,11
13,player,298,0,0,920.04,333.77,992.73,472.70,11
13,player,299,0,0,927.03,331.30,999.72,470.24,11
13,player,300,0,0,934.02,328.83,1006.71,467.77,11
13,player,301,0,0,941.01,326.37,1013.70,465.30,11
13,player,302,0,0,948.00,323.90,1020.69,462.84,11
13,player,303,0,0,954.99,321.43,1027.68,460.37,11
13,player,304,0,0,961.98,318.97,1034.67,457.90,11
13,player,305,0,0,968.97,316.50,1041.66,455.44,11
13,player,306,0,0,975.96,314.03,1048.65,452.97,11
13,player,307,0,0,982.95,311.57,1055.64,450.50,11
13,player,308,0,0,989.94,309.10,1062.63,448.03,11
13,player,309,0,0,996.93,306.63,1069.62,445.57,11
13,player,310,0,0,1003.92,304.16,1076.61,443.10,11
13,player,311,0,0,1010.91,301.70,1083.60,440.63,11
13,player,312,0,0,1017.90,299.23,1090.59,438.17,11
13,player,313,0,0,1024.89,296.76,1097.58,435.70,11
13,player,314,0,0,1031.88,294.30,1104.57,433.23,11
13,player,315,0,0,1038.87,291.83,1111.55,430.77,11
13,player,316,0,0,1045.86,289.36,1118.54,428.30,11
13,player,317,0,0,1052.85,286.90,1125.53,425.83,11
13,player,318,0,0,1059.84,284.43,1132.52,423.36,11
13,player,319,0,0,1066.83,281.96,1139.51,420.90,11
13,player,320,0,0,1073.82,279.49,1146.50,418.43,11
13,player,321,0,0,1080.81,277.03,1153.49,415.96,11
13,player,322,0,0,1076.42,277.50,1149.10,416.44,11
13,player,323,0,0,1072.03,277.97,1144.71,416.91,11
13,player,324,0,0,1067.64,278.45,1140.33,417.38,11
13,player,325,0,0,1063.25,278.92,1135.94,417.86,11
13,player,326,0,0,1058.86,279.39,1131.55,418.33,11
13,player,327,0,0,1054.47,279.87,1127.16,418.80,11
13,player,328,0,0,1050.08,280.34,1122.77,419.27,11
13,player,329,0,0,1045.69,280.81,1118.38,419.75,11
13,player,330,0,0,1041.30,281.28,1113.99,420.22,11
13,player,331,0,0,1036.91,281.76,1109.60,420.69,11
13,player,332,0,0,1032.52,282.23,1105.21,421.17,11
13,player,333,0,0,1028.13,282.70,1100.82,421.64,11
13,player,334,0,0,1023.74,283.18,1096.43,422.11,11
13,player,335,0,0,1019.35,283.65,1092.04,422.59,11
13,player,336,0,0,1014.96,284.12,1087.65,423.06,11
13,player,337,0,0,1010.57,284.60,1083.26,423.53,11
13,player,338,0,0,1006.18,285.07,1078.87,424.00,11
13,player,339,0,0,1001.79,285.54,1074.48,424.48,11
13,player,340,0,0,997.40,286.01,1070.09,424.95,11
13,player,341,0,0,993.01,286.49,1065.70,425.42,11
13,player,342,0,0,988.62,286.96,1061.31,425.90,11
13,player,343,0,0,984.23,287.43,1056.92,426.37,11
13,player,344,0,0,979.84,287.91,1052.53,426.84,11
13,player,345,0,0,975.45,288.38,1048.14,427.32,11
13,player,346,0,0,971.06,288.85,1043.75,427.79,11
13,player,347,0,0,966.67,289.33,1039.36,428.26,11
13,player,348,0,0,962.28,289.80,1034.97,428.73,11
13,player,349,0,0,957.89,290.27,1030.58,429.21,11
13,player,350,0,0,953.50,290.75,1026.19,429.68,11
13,player,351,0,0,949.11,291.22,1021.80,430.15,11
13,player,352,0,0,944.73,291.69,1017.41,430.63,11
13,player,353,0,0,940.34,292.16,1013.02,431.10,11
13,player,354,0,0,935.95,292.64,1008.63,431.57,11
13,player,355,0,0,931.56,293.11,1004.24,432.05,11
13,player,356,0,0,927.17,293.58,999.86,432.52,11
13,player,357,0,0,922.78,294.06,995.47,432.99,11
13,player,358,0,0,918.39,294.53,991.08,433.46,11
13,player,359,0,0,914.00,295.00,986.69,433.94,11
13,player,360,0,0,909.61,295.48,982.30,434.41,11
13,player,361,0,0,905.22,295.95,977.91,434.88,11
13,player,362,0,0,900.83,296.42,973.52,435.36,11
13,player,363,0,0,896.44,296.89,969.13,435.83,11
13,player,364,0,0,892.05,297.37,964.74,436.30,11
13,player,365,0,0,887.66,297.84,960.35,436.78,11
13,player,366,0,0,883.27,298.31,955.96,437.25,11
13,player,367,0,0,878.88,298.79,951.57,437.72,11
13,player,368,0,0,874.49,299.26,947.18,438.20,11
13,player,369,0,0,870.10,299.73,942.79,438.67,11
13,player,370,0,0,865.71,300.21,938.40,439.14,11
13,player,371,0,0,861.32,300.68,934.01,439.61,11
13,player,372,0,0,856.93,301.15,929.62,440.09,11
13,player,373,0,0,852.54,301.62,925.23,440.56,11
13,player,374,0,0,848.15,302.10,920.84,441.03,11
13,player,375,0,0,843.76,302.57,916.45,441.51,11
13,player,376,0,0,839.37,303.04,912.06,441.98,11
13,player,377,0,0,834.98,303.52,907.67,442.45,11
13,player,378,0,0,830.59,303.99,903.28,442.93,11
13,player,379,0,0,826.20,304.46,898.89,443.40,11
13,player,380,0,0,821.81,304.94,894.50,443.87,11
13,player,381,0,0,817.42,305.41,890.11,444.34,11
13,player,382,0,0,813.03,305.88,885.72,444.82,11
13,player,383,0,0,808.64,306.36,881.33,445.29,11
13,player,384,0,0,804.26,306.83,876.94,445.76,11
13,player,385,0,0,799.87,307.30,872.55,446.24,11
13,player,386,0,0,795.48,307.77,868.16,446.71,11
13,player,387,0,0,791.09,308.25,863.77,447.18,11
13,player,388,0,0,786.70,308.72,859.38,447.66,11
13,player,389,0,0,782.31,309.19,855.00,448.13,11
13,player,390,0,0,777.92,309.67,850.61,448.60,11
13,player,391,0,0,773.53,310.14,846.22,449.07,11
13,player,392,0,0,769.14,310.61,841.83,449.55,11
13,player,393,0,0,764.75,311.09,837.44,450.02,11
13,player,394,0,0,760.36,311.56,833.05,450.49,11
13,player,395,0,0,755.97,312.03,828.66,450.97,11
13,player,396,0,0,751.58,312.50,824.27,451.44,11
13,player,397,0,0,747.19,312.98,819.88,451.91,11
13,player,398,0,0,742.80,313.45,815.49,452.39,11
13,player,399,0,0,738.41,313.92,811.10,452.86,11
13,player,400,0,0,734.02,314.40,806.71,453.33,11
13,player,401,0,0,729.63,314.87,802.32,453.81,11
13,player,402,0,0,725.24,315.34,797.93,454.28,11
13,player,403,0,0,720.85,315.82,793.54,454.75,11
13,player,404,0,0,716.46,316.29,789.15,455.22,11
13,player,405,0,0,712.07,316.76,784.76,455.70,11
13,player,406,0,0,707.68,317.23,780.37,456.17,11
13,player,407,0,0,703.29,317.71,775.98,456.64,11
13,player,408,0,0,698.90,318.18,771.59,457.12,11
13,player,409,0,0,694.51,318.65,767.20,457.59,11
13,player,410,0,0,690.12,319.13,762.81,458.06,11
13,player,411,0,0,685.73,319.60,758.42,458.54,11
13,player,412,0,0,681.34,320.07,754.03,459.01,11
13,player,413,0,0,676.95,320.55,749.64,459.48,11
13,player,414,0,0,672.56,321.02,745.25,459.95,11
13,player,415,0,0,668.17,321.49,740.86,460.43,11
13,player,416,0,0,663.78,321.96,736.47,460.90,11
13,player,417,0,0,659.40,322.44,732.08,461.37,11
13,player,418,0,0,655.01,322.91,727.69,461.85,11
13,player,419,0,0,650.62,323.38,723.30,462.32,11
13,player,420,0,0,646.23,323.86,718.91,462.79,11
13,player,421,0,0,641.84,324.33,714.53,463.27,11
13,player,422,0,0,637.45,324.80,710.14,463.74,11
13,player,423,0,0,633.06,325.28,705.75,464.21,11
13,player,424,0,0,628.67,325.75,701.36,464.68,11
13,player,425,0,0,624.28,326.22,696.97,465.16,11
13,player,426,0,0,619.89,326.70,692.58,465.63,11
13,player,427,0,0,615.50,327.17,688.19,466.10,11
13,player,428,0,0,611.11,327.64,683.80,466.58,11
13,player,429,0,0,606.72,328.11,679.41,467.05,11
13,player,430,0,0,602.33,328.59,675.02,467.52,11
13,player,431,0,0,597.94,329.06,670.63,468.00,11
13,player,432,0,0,593.55,329.53,666.24,468.47,11
13,player,433,0,0,589.16,330.01,661.85,468.94,11
13,player,434,0,0,584.77,330.48,657.46,469.42,11
13,player,435,0,0,582.30,333.01,654.99,471.95,11
13,player,436,0,0,579.84,335.54,652.52,474.48,11
13,player,437,0,0,577.37,338.08,650.06,477.01,11
13,player,438,0,0,574.90,340.61,647.59,479.54,11
13,player,439,0,0,572.43,343.14,645.12,482.08,11
13,player,440,0,0,569.97,345.67,642.65,484.61,11
13,player,441,0,0,567.50,348.21,640.19,487.14,11
13,player,442,0,0,565.03,350.74,637.72,489.67,11
13,player,443,0,0,562.56,353.27,635.25,492.21,11
13,player,444,0,0,560.10,355.80,632.78,494.74,11
13,player,445,0,0,557.63,358.34,630.32,497.27,11
13,player,446,0,0,555.16,360.87,627.85,499.80,11
13,player,447,0,0,552.69,363.40,625.38,502.34,11
13,player,448,0,0,550.23,365.93,622.91,504.87,11
13,player,449,0,0,547.76,368.47,620.45,507.40,11
13,player,450,0,0,545.29,371.00,617.98,509.93,11
13,player,451,0,0,542.82,373.53,615.51,512.47,11
13,player,452,0,0,540.35,376.06,613.04,515.00,11
13,player,453,0,0,537.89,378.60,610.58,517.53,11
13,player,454,0,0,535.42,381.13,608.11,520.06,11
13,player,455,0,0,532.95,383.66,605.64,522.60,11
13,player,456,0,0,530.48,386.19,603.17,525.13,11
13,player,457,0,0,528.02,388.73,600.71,527.66,11
13,player,458,0,0,525.55,391.26,598.24,530.19,11
13,player,459,0,0,523.08,393.79,595.77,532.73,11
13,player,460,0,0,520.61,396.32,593.30,535.26,11
13,player,461,0,0,518.15,398.86,590.84,537.79,11
13,player,462,0,0,515.68,401.39,588.37,540.32,11
13,player,463,0,0,513.21,403.92,585.90,542.86,11
13,player,464,0,0,510.74,406.45,583.43,545.39,11
13,player,465,0,0,508.28,408.99,580.97,547.92,11
13,player,466,0,0,505.81,411.52,578.50,550.45,11
13,player,467,0,0,503.34,414.05,576.03,552.99,11
13,player,468,0,0,500.87,416.58,573.56,555.52,11
13,player,469,0,0,498.41,419.12,571.10,558.05,11
13,player,470,0,0,495.94,421.65,568.63,560.58,11
13,player,471,0,0,497.63,421.89,570.32,560.82,11
13,player,472,0,0,499.33,422.13,572.01,561.07,11
13,player,473,0,0,501.02,422.37,573.71,561.31,11
13,player,474,0,0,502.71,422.61,575.40,561.55,11
13,player,475,0,0,504.40,422.86,577.09,561.79,11
13,player,476,0,0,506.10,423.10,578.78,562.03,11
13,player,477,0,0,507.79,423.34,580.48,562.28,11
13,player,478,0,0,509.48,423.58,582.17,562.52,11
13,player,479,0,0,511.17,423.82,583.86,562.76,11
13,player,480,0,0,512.87,424.07,585.56,563.00,11
13,player,481,0,0,514.56,424.31,587.25,563.24,11
13,player,482,0,0,516.25,424.55,588.94,563.48,11
13,player,483,0,0,517.95,424.79,590.63,563.73,11
13,player,484,0,0,519.64,425.03,592.33,563.97,11
13,player,485,0,0,521.33,425.27,594.02,564.21,11
13,player,486,0,0,523.02,425.52,595.71,564.45,11
13,player,487,0,0,524.72,425.76,597.41,564.69,11
13,player,488,0,0,526.41,426.00,599.10,564.94,11
13,player,489,0,0,528.10,426.24,600.79,565.18,11
13,player,490,0,0,529.80,426.48,602.48,565.42,11
13,player,491,0,0,531.49,426.73,604.18,565.66,11
13,player,492,0,0,533.18,426.97,605.87,565.90,11
13,player,493,0,0,534.87,427.21,607.56,566.14,11
13,player,494,0,0,536.57,427.45,609.26,566.39,11
13,player,495,0,0,538.26,427.69,610.95,566.63,11
13,player,496,0,0,539.95,427.93,612.64,566.87,11
13,player,497,0,0,541.64,428.18,614.33,567.11,11
13,player,498,0,0,543.34,428.42,616.03,567.35,11
13,player,499,0,0,545.03,428.66,617.72,567.60,11
13,player,500,0,0,551.46,428.66,624.15,567.60,11
13,player,501,0,0,557.89,428.66,630.58,567.60,11
13,player,502,0,0,564.32,428.66,637.01,567.60,11
13,player,503,0,0,570.75,428.66,643.43,567.60,11
13,player,504,0,0,571.36,427.76,644.05,566.69,11
13,player,505,0,0,571.98,426.85,644.67,565.79,11
13,player,506,0,0,572.60,425.95,645.29,564.89,11
13,player,507,0,0,573.22,425.05,645.90,563.98,11
13,player,508,0,0,573.83,424.15,646.52,563.08,11
13,player,509,0,0,574.45,423.24,647.14,562.18,11
13,player,510,0,0,575.07,422.34,647.76,561.28,11
13,player,511,0,0,575.69,421.44,648.38,560.37,11
13,player,512,0,0,576.30,420.54,648.99,559.47,11
13,player,513,0,0,576.92,419.63,649.61,558.57,11
13,player,514,0,0,577.54,418.73,650.23,557.67,11
13,player,515,0,0,578.16,417.83,650.85,556.76,11
13,player,516,0,0,578.77,416.92,651.46,555.86,11
13,player,517,0,0,579.39,416.02,652.08,554.96,11
13,player,518,0,0,580.01,415.12,652.70,554.05,11
13,player,519,0,0,580.63,414.22,653.32,553.15,11
13,player,520,0,0,581.25,413.31,653.93,552.25,11
13,player,521,0,0,581.86,412.41,654.55,551.35,11
13,player,522,0,0,582.48,411.51,655.17,550.44,11
13,player,523,0,0,583.10,410.61,655.79,549.54,11
13,player,524,0,0,583.72,409.70,656.40,548.64,11
13,player,525,0,0,584.33,408.80,657.02,547.74,11
13,player,526,0,0,584.95,407.90,657.64,546.83,11
13,player,527,0,0,585.57,406.99,658.26,545.93,11
13,player,528,0,0,586.19,406.09,658.88,545.03,11
13,player,529,0,0,586.80,405.19,659.49,544.12,11
13,player,530,0,0,587.42,404.29,660.11,543.22,11
13,player,531,0,0,588.04,403.38,660.73,542.32,11
13,player,532,0,0,588.66,402.48,661.35,541.42,11
13,player,533,0,0,589.28,401.58,661.96,540.51,11
13,player,534,0,0,589.89,400.68,662.58,539.61,11
13,player,535,0,0,590.51,399.77,663.20,538.71,11
13,player,536,0,0,591.13,398.87,663.82,537.81,11
13,player,537,0,0,591.75,397.97,664.43,536.90,11
13,player,538,0,0,592.36,397.06,665.05,536.00,11
13,player,539,0,0,592.98,396.16,665.67,535.10,11
13,player,540,0,0,593.60,395.26,666.29,534.19,11
13,player,541,0,0,594.22,394.36,666.91,533.29,11
13,player,542,0,0,594.83,393.45,667.52,532.39,11
13,player,543,0,0,595.45,392.55,668.14,531.49,11
13,player,544,0,0,596.07,391.65,668.76,530.58,11
13,player,545,0,0,596.69,390.75,669.38,529.68,11
13,player,546,0,0,597.30,389.84,669.99,528.78,11
13,player,547,0,0,597.92,388.94,670.61,527.88,11
13,player,548,0,0,598.54,388.04,671.23,526.97,11
13,player,549,0,0,598.54,385.54,671.23,524.48,11
13,player,550,0,0,598.54,383.05,671.23,521.98,11
13,player,551,0,0,598.54,380.55,671.23,519.49,11
13,player,552,0,0,598.54,378.06,671.23,516.99,11
13,player,553,0,0,598.54,375.56,671.23,514.50,11
13,player,554,0,0,598.54,373.07,671.23,512.01,11
13,player,555,0,0,596.40,373.60,669.09,512.54,11
13,player,556,0,0,594.26,374.14,666.95,513.07,11
13,player,557,0,0,592.13,374.67,664.81,513.61,11
13,player,558,0,0,589.99,375.21,662.68,514.14,11
13,player,559,0,0,586.96,375.39,659.65,514.32,11
13,player,560,0,0,583.93,375.56,656.62,514.50,11
13,player,561,0,0,580.90,375.74,653.59,514.68,11
13,player,562,0,0,577.87,375.92,650.56,514.86,11
13,player,563,0,0,574.84,376.10,647.53,515.03,11
13,player,564,0,0,571.81,376.28,644.50,515.21,11
13,player,565,0,0,568.79,376.45,641.47,515.39,11
13,player,566,0,0,565.76,376.63,638.44,515.57,11
13,player,567,0,0,562.73,376.81,635.42,515.75,11
13,player,568,0,0,559.70,376.99,632.39,515.92,11
13,player,569,0,0,556.67,377.17,629.36,516.10,11
13,player,570,0,0,553.64,377.35,626.33,516.28,11
13,player,571,0,0,554.69,375.97,627.37,514.90,11
13,player,572,0,0,555.73,374.59,628.42,513.53,11
13,player,573,0,0,556.78,373.21,629.47,512.15,11
13,player,574,0,0,557.82,371.83,630.51,510.77,11
13,player,575,0,0,558.87,370.46,631.56,509.39,11
13,player,576,0,0,559.91,369.08,632.60,508.01,11
13,player,577,0,0,560.96,367.70,633.65,506.64,11
13,player,578,0,0,562.00,366.32,634.69,505.26,11
13,player,579,0,0,563.05,364.94,635.74,503.88,11
13,player,580,0,0,564.09,363.57,636.78,502.50,11
13,player,581,0,0,565.14,362.19,637.83,501.12,11
13,player,582,0,0,566.18,360.81,638.87,499.75,11
13,player,583,0,0,567.23,359.43,639.92,498.37,11
13,player,584,0,0,568.27,358.06,640.96,496.99,11
13,player,585,0,0,569.32,356.68,642.01,495.61,11
13,player,586,0,0,570.36,355.30,643.05,494.24,11
13,player,587,0,0,571.41,353.92,644.10,492.86,11
13,player,588,0,0,572.46,352.54,645.14,491.48,11
13,player,589,0,0,573.50,351.17,646.19,490.10,11
13,player,590,0,0,574.55,349.79,647.23,488.72,11
13,player,591,0,0,575.59,348.41,648.28,487.35,11
13,player,592,0,0,576.64,347.03,649.33,485.97,11
13,player,593,0,0,577.68,345.65,650.37,484.59,11
13,player,594,0,0,578.73,344.28,651.42,483.21,11
13,player,595,0,0,579.77,342.90,652.46,481.83,11
13,player,596,0,0,580.82,341.52,653.51,480.46,11
13,player,597,0,0,581.86,340.14,654.55,479.08,11
13,player,598,0,0,582.91,338.77,655.60,477.70,11
13,player,599,0,0,583.95,337.39,656.64,476.32,11
13,player,600,0,0,585.00,336.01,657.69,474.95,11
13,player,601,0,0,586.04,334.63,658.73,473.57,11
13,player,602,0,0,587.09,333.25,659.78,472.19,11
13,player,603,0,0,588.13,331.88,660.82,470.81,11
13,player,604,0,0,589.18,330.50,661.87,469.43,11
13,player,605,0,0,590.23,329.12,662.91,468.06,11
13,player,606,0,0,591.27,327.74,663.96,466.68,11
13,player,607,0,0,592.32,326.36,665.00,465.30,11
13,player,608,0,0,593.36,324.99,666.05,463.92,11
13,player,609,0,0,594.41,323.61,667.09,462.54,11
13,player,610,0,0,595.45,322.23,668.14,461.17,11
13,player,611,0,0,596.50,320.85,669.19,459.79,11
13,player,612,0,0,597.54,319.48,670.23,458.41,11
13,player,613,0,0,598.59,318.10,671.28,457.03,11
13,player,614,0,0,599.63,316.72,672.32,455.66,11
13,player,615,0,0,600.68,315.34,673.37,454.28,11
13,player,616,0,0,614.22,311.07,686.91,450.00,11
13,player,617,0,0,627.76,306.79,700.45,445.73,11
13,player,618,0,0,641.30,302.51,713.99,441.45,11
13,player,619,0,0,659.59,302.04,732.28,440.97,11
13,player,620,0,0,677.89,301.56,750.58,440.50,11
13,player,621,0,0,696.18,301.09,768.87,440.02,11
13,player,622,0,0,714.47,300.61,787.16,439.55,11
13,player,623,0,0,732.76,300.14,805.45,439.07,11
13,player,624,0,0,751.06,299.66,823.75,438.60,11
13,player,625,0,0,769.35,299.19,842.04,438.12,11
13,player,626,0,0,787.64,298.71,860.33,437.65,11
13,player,627,0,0,805.93,298.24,878.62,437.17,11
13,player,628,0,0,815.34,298.02,888.03,436.96,11
13,player,629,0,0,824.75,297.81,897.44,436.75,11
13,player,630,0,0,834.16,297.60,906.85,436.53,11
13,player,631,0,0,843.56,297.38,916.25,436.32,11
13,player,632,0,0,852.97,297.17,925.66,436.10,11
13,player,633,0,0,862.38,296.95,935.07,435.89,11
13,player,634,0,0,871.79,296.74,944.48,435.68,11
13,player,635,0,0,881.20,296.53,953.88,435.46,11
13,player,636,0,0,890.60,296.31,963.29,435.25,11
13,player,637,0,0,900.01,296.10,972.70,435.03,11
13,player,638,0,0,909.42,295.89,982.11,434.82,11
13,player,639,0,0,918.83,295.67,991.51,434.61,11
13,player,640,0,0,928.23,295.46,1000.92,434.39,11
13,player,641,0,0,937.64,295.24,1010.33,434.18,11
13,player,642,0,0,947.05,295.03,1019.74,433.97,11
13,player,643,0,0,956.46,294.82,1029.14,433.75,11
13,player,644,0,0,965.86,294.60,1038.55,433.54,11
13,player,645,0,0,975.27,294.39,1047.96,433.32,11
13,player,646,0,0,984.68,294.18,1057.37,433.11,11
13,player,647,0,0,994.09,293.96,1066.77,432.90,11
13,player,648,0,0,1003.49,293.75,1076.18,432.68,11
13,player,649,0,0,1012.90,293.53,1085.59,432.47,11
13,player,650,0,0,1022.31,293.32,1095.00,432.26,11
13,player,651,0,0,1031.72,293.11,1104.41,432.04,11
13,player,652,0,0,1041.12,292.89,1113.81,431.83,11
13,player,653,0,0,1050.53,292.68,1123.22,431.61,11
13,player,654,0,0,1059.94,292.46,1132.63,431.40,11
13,player,655,0,0,1069.35,292.25,1142.04,431.19,11
13,player,656,0,0,1078.75,292.04,1151.44,430.97,11
13,player,657,0,0,1088.16,291.82,1160.85,430.76,11
13,player,658,0,0,1097.78,291.82,1170.47,430.76,11
13,player,659,0,0,1107.40,291.82,1180.09,430.76,11
13,player,660,0,0,1112.92,292.05,1185.61,430.98,11
13,player,661,0,0,1118.43,292.27,1191.12,431.21,11
13,player,662,0,0,1123.95,292.50,1196.63,431.43,11
13,player,663,0,0,1129.46,292.72,1202.15,431.66,11
13,player,664,0,0,1134.97,292.95,1207.66,431.88,11
13,player,665,0,0,1140.49,293.17,1213.18,432.11,11
13,player,666,0,0,1146.00,293.40,1218.69,432.33,11
13,player,667,0,0,1151.52,293.62,1224.20,432.56,11
13,player,668,0,0,1157.03,293.85,1229.72,432.78,11
13,player,669,0,0,1162.54,294.07,1235.23,433.01,11
13,player,670,0,0,1168.06,294.30,1240.75,433.23,11
13,player,671,0,0,1173.57,294.52,1246.26,433.46,11
13,player,672,0,0,1179.09,294.75,1251.77,433.68,11
13,player,673,0,0,1184.60,294.97,1257.29,433.91,11
13,player,674,0,0,1190.11,295.20,1262.80,434.13,11
13,player,675,0,0,1195.63,295.42,1268.32,434.36,11
13,player,676,0,0,1201.14,295.65,1273.83,434.58,11
13,player,677,0,0,1206.66,295.87,1279.34,434.81,11
13,player,678,0,0,1212.17,296.10,1284.86,435.03,11
13,player,679,0,0,1207.65,296.37,1280.33,435.31,11
13,player,680,0,0,1203.12,296.65,1275.81,435.58,11
13,player,681,0,0,1198.60,296.92,1271.28,435.85,11
13,player,682,0,0,1194.07,297.19,1266.76,436.13,11
13,player,683,0,0,1189.55,297.47,1262.23,436.40,11
13,player,684,0,0,1185.02,297.74,1257.71,436.68,11
13,player,685,0,0,1180.50,298.01,1253.19,436.95,11
13,player,686,0,0,1175.97,298.29,1248.66,437.22,11
13,player,687,0,0,1171.45,298.56,1244.14,437.50,11
13,player,688,0,0,1166.92,298.83,1239.61,437.77,11
13,player,689,0,0,1162.40,299.11,1235.09,438.04,11
13,player,690,0,0,1157.87,299.38,1230.56,438.32,11
13,player,691,0,0,1153.35,299.65,1226.04,438.59,11
13,player,692,0,0,1148.82,299.93,1221.51,438.86,11
13,player,693,0,0,1144.30,300.20,1216.99,439.14,11
13,player,694,0,0,1139.77,300.47,1212.46,439.41,11
13,player,695,0,0,1135.25,300.75,1207.94,439.68,11
13,player,696,0,0,1130.72,301.02,1203.41,439.96,11
13,player,697,0,0,1126.20,301.29,1198.89,440.23,11
13,player,698,0,0,1121.67,301.57,1194.36,440.50,11
13,player,699,0,0,1117.15,301.84,1189.84,440.78,11
13,player,700,0,0,1112.62,302.12,1185.31,441.05,11
13,player,701,0,0,1108.10,302.39,1180.79,441.32,11
13,player,702,0,0,1103.57,302.66,1176.26,441.60,11
13,player,703,0,0,1099.05,302.94,1171.74,441.87,11
13,player,704,0,0,1094.53,303.21,1167.21,442.14,11
13,player,705,0,0,1090.00,303.48,1162.69,442.42,11
13,player,706,0,0,1085.48,303.76,1158.16,442.69,11
13,player,707,0,0,1080.95,304.03,1153.64,442.97,11
13,player,708,0,0,1076.43,304.30,1149.11,443.24,11
13,player,709,0,0,1071.90,304.58,1144.59,443.51,11
13,player,710,0,0,1067.38,304.85,1140.07,443.79,11
13,player,711,0,0,1062.85,305.12,1135.54,444.06,11
13,player,712,0,0,1058.33,305.40,1131.02,444.33,11
13,player,713,0,0,1053.80,305.67,1126.49,444.61,11
13,player,714,0,0,1049.28,305.94,1121.97,444.88,11
13,player,715,0,0,1044.75,306.22,1117.44,445.15,11
13,player,716,0,0,1040.23,306.49,1112.92,445.43,11
13,player,717,0,0,1035.70,306.76,1108.39,445.70,11
13,player,718,0,0,1031.18,307.04,1103.87,445.97,11
13,player,719,0,0,1026.65,307.31,1099.34,446.25,11
13,player,720,0,0,1022.13,307.58,1094.82,446.52,11
13,player,721,0,0,1017.60,307.86,1090.29,446.79,11
13,player,722,0,0,1013.08,308.13,1085.77,447.07,11
13,player,723,0,0,1008.55,308.41,1081.24,447.34,11
13,player,724,0,0,1004.03,308.68,1076.72,447.61,11
13,player,725,0,0,999.50,308.95,1072.19,447.89,11
13,player,726,0,0,994.98,309.23,1067.67,448.16,11
13,player,727,0,0,990.46,309.50,1063.14,448.43,11
13,player,728,0,0,985.93,309.77,1058.62,448.71,11
13,player,729,0,0,981.41,310.05,1054.09,448.98,11
13,player,730,0,0,976.88,310.32,1049.57,449.26,11
13,player,731,0,0,972.36,310.59,1045.04,449.53,11
13,player,732,0,0,967.83,310.87,1040.52,449.80,11
13,player,733,0,0,963.31,311.14,1036.00,450.08,11
13,player,734,0,0,958.78,311.41,1031.47,450.35,11
13,player,735,0,0,954.26,311.69,1026.95,450.62,11
13,player,736,0,0,949.73,311.96,1022.42,450.90,11
13,player,737,0,0,945.21,312.23,1017.90,451.17,11
13,player,738,0,0,940.68,312.51,1013.37,451.44,11
13,player,739,0,0,936.16,312.78,1008.85,451.72,11
13,player,740,0,0,931.63,313.05,1004.32,451.99,11
13,player,741,0,0,927.11,313.33,999.80,452.26,11
13,player,742,0,0,922.58,313.60,995.27,452.54,11
13,player,743,0,0,918.06,313.88,990.75,452.81,11
13,player,744,0,0,913.53,314.15,986.22,453.08,11
13,player,745,0,0,909.01,314.42,981.70,453.36,11
13,player,746,0,0,904.48,314.70,977.17,453.63,11
13,player,747,0,0,899.96,314.97,972.65,453.90,11
13,player,748,0,0,895.43,315.24,968.12,454.18,11
13,player,749,0,0,890.91,315.52,963.60,454.45,11
13,player,750,0,0,886.39,315.79,959.07,454.72,11
13,player,751,0,0,881.86,316.06,954.55,455.00,11
13,player,752,0,0,877.34,316.34,950.02,455.27,11
13,player,753,0,0,872.81,316.61,945.50,455.55,11
13,player,754,0,0,868.29,316.88,940.97,455.82,11
13,player,755,0,0,863.76,317.16,936.45,456.09,11
13,player,756,0,0,859.24,317.43,931.93,456.37,11
13,player,757,0,0,854.71,317.70,927.40,456.64,11
13,player,758,0,0,850.19,317.98,922.88,456.91,11
13,player,759,0,0,845.66,318.25,918.35,457.19,11
13,player,760,0,0,841.14,318.52,913.83,457.46,11
13,player,761,0,0,836.61,318.80,909.30,457.73,11
13,player,762,0,0,832.09,319.07,904.78,458.01,11
13,player,763,0,0,827.56,319.34,900.25,458.28,11
13,player,764,0,0,823.04,319.62,895.73,458.55,11
13,player,765,0,0,823.33,320.88,896.02,459.82,11
13,player,766,0,0,823.62,322.15,896.31,461.08,11
13,player,767,0,0,823.91,323.41,896.60,462.34,11
13,player,768,0,0,824.20,324.67,896.89,463.61,11
13,player,769,0,0,824.50,325.94,897.18,464.87,11
13,player,770,0,0,824.79,327.20,897.48,466.13,11
13,player,771,0,0,825.08,328.46,897.77,467.40,11
13,player,772,0,0,825.37,329.73,898.06,468.66,11
13,player,773,0,0,825.66,330.99,898.35,469.92,11
13,player,774,0,0,825.95,332.25,898.64,471.19,11
13,player,775,0,0,826.25,333.52,898.93,472.45,11
13,player,776,0,0,826.54,334.78,899.23,473.72,11
13,player,777,0,0,826.83,336.04,899.52,474.98,11
13,player,778,0,0,827.12,337.31,899.81,476.24,11
13,player,779,0,0,827.41,338.57,900.10,477.51,11
13,player,780,0,0,827.70,339.83,900.39,478.77,11
13,player,781,0,0,827.99,341.10,900.68,480.03,11
13,player,782,0,0,828.29,342.36,900.97,481.30,11
13,player,783,0,0,828.58,343.62,901.27,482.56,11
13,player,784,0,0,828.87,344.89,901.56,483.82,11
13,player,785,0,0,829.16,346.15,901.85,485.09,11
13,player,786,0,0,829.45,347.41,902.14,486.35,11
13,player,787,0,0,827.53,347.20,900.22,486.14,11
13,player,788,0,0,825.60,346.99,898.29,485.92,11
13,player,789,0,0,823.68,346.77,896.37,485.71,11
13,player,790,0,0,821.76,346.56,894.44,485.49,11
13,player,791,0,0,819.83,346.34,892.52,485.28,11
13,player,792,0,0,817.91,346.13,890.60,485.07,11
13,player,793,0,0,815.98,345.92,888.67,484.85,11
13,player,794,0,0,814.06,345.70,886.75,484.64,11
13,player,795,0,0,812.13,345.49,884.82,484.42,11
13,player,796,0,0,810.21,345.28,882.90,484.21,11
13,player,797,0,0,807.63,345.02,880.32,483.96,11
13,player,798,0,0,805.05,344.77,877.74,483.71,11
13,player,799,0,0,802.48,344.52,875.16,483.46,11
13,player,800,0,0,799.90,344.27,872.59,483.20,11
13,player,801,0,0,797.32,344.02,870.01,482.95,11
13,player,802,0,0,794.74,343.77,867.43,482.70,11
13,player,803,0,0,792.16,343.51,864.85,482.45,11
13,player,804,0,0,789.58,343.26,862.27,482.20,11
13,player,805,0,0,787.01,343.01,859.69,481.95,11
13,player,806,0,0,784.43,342.76,857.12,481.70,11
13,player,807,0,0,781.85,342.51,854.54,481.44,11
13,player,808,0,0,779.27,342.26,851.96,481.19,11
13,player,809,0,0,776.69,342.01,849.38,480.94,11
13,player,810,0,0,774.11,341.75,846.80,480.69,11
13,player,811,0,0,771.54,341.50,844.22,480.44,11
13,player,812,0,0,768.96,341.25,841.65,480.19,11
13,player,813,0,0,766.38,341.00,839.07,479.93,11
13,player,814,0,0,763.80,340.75,836.49,479.68,11
13,player,815,0,0,761.22,340.50,833.91,479.43,11
13,player,816,0,0,758.64,340.24,831.33,479.18,11
13,player,817,0,0,756.07,339.99,828.75,478.93,11
13,player,818,0,0,753.49,339.74,826.18,478.68,11
13,player,819,0,0,750.91,339.49,823.60,478.43,11
13,player,820,0,0,748.33,339.24,821.02,478.17,11
13,player,821,0,0,745.75,338.99,818.44,477.92,11
13,player,822,0,0,743.17,338.74,815.86,477.67,11
13,player,823,0,0,740.60,338.48,813.29,477.42,11
13,player,824,0,0,738.02,338.23,810.71,477.17,11
13,player,825,0,0,735.44,337.98,808.13,476.92,11
13,player,826,0,0,732.86,337.73,805.55,476.66,11
13,player,827,0,0,730.28,337.48,802.97,476.41,11
13,player,828,0,0,727.71,337.23,800.39,476.16,11
13,player,829,0,0,725.13,336.97,797.82,475.91,11
13,player,830,0,0,722.55,336.72,795.24,475.66,11
13,player,831,0,0,714.71,336.72,787.40,475.66,11
13,player,832,0,0,706.87,336.72,779.56,475.66,11
13,player,833,0,0,699.03,336.72,771.72,475.66,11
13,player,834,0,0,688.27,337.98,760.95,476.91,11
13,player,835,0,0,677.50,339.23,750.19,478.16,11
13,player,836,0,0,666.74,340.48,739.43,479.42,11
13,player,837,0,0,655.97,341.74,728.66,480.67,11
13,player,838,0,0,645.21,342.99,717.90,481.93,11
13,player,839,0,0,634.45,344.24,707.13,483.18,11
13,player,840,0,0,623.68,345.50,696.37,484.43,11
13,player,841,0,0,612.92,346.75,685.61,485.69,11
13,player,842,0,0,602.15,348.00,674.84,486.94,11
13,player,843,0,0,591.39,349.26,664.08,488.19,11
13,player,844,0,0,580.62,350.51,653.31,489.45,11
13,player,845,0,0,569.86,351.76,642.55,490.70,11
13,player,846,0,0,559.10,353.02,631.79,491.95,11
13,player,847,0,0,548.33,354.27,621.02,493.21,11
13,player,848,0,0,537.57,355.52,610.26,494.46,11
13,player,849,0,0,526.80,356.78,599.49,495.71,11
13,player,850,0,0,516.04,358.03,588.73,496.97,11
13,player,851,0,0,505.28,359.28,577.96,498.22,11
13,player,852,0,0,494.51,360.54,567.20,499.47,11
13,player,853,0,0,483.75,361.79,556.44,500.73,11
13,player,854,0,0,472.98,363.04,545.67,501.98,11
13,player,855,0,0,462.22,364.30,534.91,503.23,11
13,player,856,0,0,451.45,365.55,524.14,504.49,11
13,player,857,0,0,440.69,366.80,513.38,505.74,11
13,player,858,0,0,429.93,368.06,502.62,506.99,11
13,player,859,0,0,419.16,369.31,491.85,508.25,11
13,player,860,0,0,408.40,370.56,481.09,509.50,11
13,player,861,0,0,397.63,371.82,470.32,510.75,11
13,player,862,0,0,386.87,373.07,459.56,512.01,11
13,player,863,0,0,376.11,374.32,448.79,513.26,11
13,player,864,0,0,365.34,375.58,438.03,514.51,11
13,player,865,0,0,354.58,376.83,427.27,515.77,11
13,player,866,0,0,343.81,378.08,416.50,517.02,11
13,player,867,0,0,333.05,379.34,405.74,518.27,11
13,player,868,0,0,322.29,380.59,394.97,519.53,11
13,player,869,0,0,311.52,381.84,384.21,520.78,11
13,player,870,0,0,300.76,383.10,373.45,522.03,11
13,player,871,0,0,289.99,384.35,362.68,523.29,11
13,player,872,0,0,279.23,385.60,351.92,524.54,11
13,player,873,0,0,268.46,386.86,341.15,525.79,11
13,player,874,0,0,257.70,388.11,330.39,527.05,11
13,player,875,0,0,246.94,389.36,319.62,528.30,11
13,player,876,0,0,236.17,390.62,308.86,529.55,11
13,player,877,0,0,225.41,391.87,298.10,530.81,11
13,player,878,0,0,214.64,393.12,287.33,532.06,11
13,player,879,0,0,203.88,394.38,276.57,533.31,11
13,player,880,0,0,193.12,395.63,265.80,534.57,11
13,player,881,0,0,182.35,396.88,255.04,535.82,11
13,player,882,0,0,171.59,398.14,244.28,537.07,11
13,player,883,0,0,160.82,399.39,233.51,538.33,11
13,player,884,0,0,150.06,400.64,222.75,539.58,11
13,player,885,0,0,139.29,401.90,211.98,540.83,11
13,player,886,0,0,128.53,403.15,201.22,542.09,11
13,player,887,0,0,117.77,404.40,190.46,543.34,11
13,player,888,0,0,107.00,405.66,179.69,544.59,11
13,player,889,0,0,96.24,406.91,168.93,545.85,11
13,player,890,0,0,85.47,408.16,158.16,547.10,11
13,player,891,0,0,74.71,409.42,147.40,548.35,11
13,player,892,0,0,74.71,409.42,147.40,548.35,11
13,player,893,0,0,74.71,409.42,147.40,548.35,11
13,player,894,0,0,74.71,409.42,147.40,548.35,11
13,player,895,0,0,74.71,409.42,147.40,548.35,11
13,player,896,0,0,74.71,409.42,147.40,548.35,11
13,player,897,0,0,74.71,409.42,147.40,548.35,11
13,player,898,0,0,74.71,409.42,147.40,548.35,11
13,player,899,0,0,74.71,409.42,147.40,548.35,11
14,player,7,0,0,317.51,268.47,388.10,403.20,14
14,player,8,0,0,314.71,268.80,385.30,403.53,14
14,player,9,0,0,311.92,269.13,382.51,403.86,14
14,player,10,0,0,309.12,269.46,379.71,404.19,14
14,player,11,0,0,306.33,269.79,376.92,404.52,14
14,player,12,0,0,303.53,270.12,374.12,404.84,14
14,player,13,0,0,300.73,270.45,371.32,405.17,14
14,player,14,0,0,297.94,270.78,368.53,405.50,14
14,player,15,0,0,295.14,271.11,365.73,405.83,14
14,player,16,0,0,292.35,271.44,362.94,406.16,14
14,player,17,0,0,289.55,271.76,360.14,406.49,14
14,player,18,0,0,286.75,272.09,357.35,406.82,14
14,player,19,0,0,283.96,272.42,354.55,407.15,14
14,player,20,0,0,281.16,272.75,351.75,407.48,14
14,player,21,0,0,279.93,273.14,350.52,407.87,14
14,player,22,0,0,278.70,273.53,349.29,408.25,14
14,player,23,0,0,277.47,273.92,348.06,408.64,14
14,player,24,0,0,276.24,274.31,346.83,409.03,14
14,player,25,0,0,275.01,274.69,345.60,409.42,14
14,player,26,0,0,273.78,275.08,344.37,409.81,14
14,player,27,0,0,272.55,275.47,343.14,410.20,14
14,player,28,0,0,271.31,275.86,341.91,410.59,14
14,player,29,0,0,270.08,276.25,340.67,410.98,14
14,player,30,0,0,268.85,276.64,339.44,411.36,14
14,player,31,0,0,267.62,277.03,338.21,411.75,14
14,player,32,0,0,266.39,277.42,336.98,412.14,14
14,player,33,0,0,265.16,277.80,335.75,412.53,14
14,player,34,0,0,263.93,278.19,334.52,412.92,14
14,player,35,0,0,262.70,278.58,333.29,413.31,14
14,player,36,0,0,261.47,278.97,332.06,413.70,14
14,player,37,0,0,260.24,279.36,330.83,414.09,14
14,player,38,0,0,259.00,279.75,329.59,414.47,14
14,player,39,0,0,257.77,280.14,328.36,414.86,14
14,player,40,0,0,256.54,280.53,327.13,415.25,14
14,player,41,0,0,255.31,280.91,325.90,415.64,14
14,player,42,0,0,254.08,281.30,324.67,416.03,14
14,player,43,0,0,252.85,281.69,323.44,416.42,14
14,player,44,0,0,251.62,282.08,322.21,416.81,14
14,player,45,0,0,250.39,282.47,320.98,417.20,14
14,player,46,0,0,249.16,282.86,319.75,417.58,14
14,player,47,0,0,247.93,283.25,318.52,417.97,14
14,player,48,0,0,246.69,283.64,317.28,418.36,14
14,player,49,0,0,245.46,284.03,316.05,418.75,14
14,player,50,0,0,244.23,284.41,314.82,419.14,14
14,player,51,0,0,243.00,284.80,313.59,419.53,14
14,player,52,0,0,241.77,285.19,312.36,419.92,14
14,player,53,0,0,240.54,285.58,311.13,420.31,14
14,player,54,0,0,242.68,285.72,313.27,420.45,14
14,player,55,0,0,244.82,285.87,315.41,420.59,14
14,player,56,0,0,246.95,286.01,317.54,420.73,14
14,player,57,0,0,249.09,286.15,319.68,420.88,14
14,player,58,0,0,251.23,286.29,321.82,421.02,14
14,player,59,0,0,253.37,286.44,323.96,421.16,14
14,player,60,0,0,255.51,286.58,326.10,421.30,14
14,player,61,0,0,257.64,286.72,328.23,421.45,14
14,player,62,0,0,259.78,286.86,330.37,421.59,14
14,player,63,0,0,261.92,287.01,332.51,421.73,14
14,player,64,0,0,264.06,287.15,334.65,421.87,14
14,player,65,0,0,266.20,287.29,336.79,422.02,14
14,player,66,0,0,268.33,287.43,338.92,422.16,14
14,player,67,0,0,270.47,287.58,341.06,422.30,14
14,player,68,0,0,272.61,287.72,343.20,422.44,14
14,player,69,0,0,271.24,287.64,341.83,422.37,14
14,player,70,0,0,269.86,287.57,340.45,422.29,14
14,player,71,0,0,268.49,287.49,339.08,422.22,14
14,player,72,0,0,267.11,287.41,337.70,422.14,14
14,player,73,0,0,265.74,287.34,336.33,422.06,14
14,player,74,0,0,264.36,287.26,334.95,421.99,14
14,player,75,0,0,262.99,287.18,333.58,421.91,14
14,player,76,0,0,261.61,287.11,332.20,421.83,14
14,player,77,0,0,260.24,287.03,330.83,421.76,14
14,player,78,0,0,258.87,286.96,329.46,421.68,14
14,player,79,0,0,257.49,286.88,328.08,421.60,14
14,player,80,0,0,256.12,286.80,326.71,421.53,14
14,player,81,0,0,254.74,286.73,325.33,421.45,14
14,player,82,0,0,253.37,286.65,323.96,421.38,14
14,player,83,0,0,251.99,286.57,322.58,421.30,14
14,player,84,0,0,250.62,286.50,321.21,421.22,14
14,player,85,0,0,249.24,286.42,319.83,421.15,14
14,player,86,0,0,247.87,286.34,318.46,421.07,14
14,player,87,0,0,246.50,286.27,317.09,420.99,14
14,player,88,0,0,245.12,286.19,315.71,420.92,14
14,player,89,0,0,243.75,286.12,314.34,420.84,14
14,player,90,0,0,242.37,286.04,312.96,420.76,14
14,player,91,0,0,241.00,285.96,311.59,420.69,14
14,player,92,0,0,239.62,285.89,310.21,420.61,14
14,player,93,0,0,238.25,285.81,308.84,420.54,14
14,player,94,0,0,236.87,285.73,307.46,420.46,14
14,player,95,0,0,235.50,285.66,306.09,420.38,14
14,player,96,0,0,234.12,285.58,304.72,420.31,14
14,player,97,0,0,233.32,285.58,303.91,420.31,14
14,player,98,0,0,232.52,285.58,303.11,420.31,14
14,player,99,0,0,231.72,285.58,302.31,420.31,14
14,player,100,0,0,230.92,285.58,301.51,420.31,14
14,player,101,0,0,230.12,285.58,300.71,420.31,14
14,player,102,0,0,229.31,285.58,299.90,420.31,14
14,player,103,0,0,228.51,285.58,299.10,420.31,14
14,player,104,0,0,227.71,285.58,298.30,420.31,14
14,player,105,0,0,226.91,285.58,297.50,420.31,14
14,player,106,0,0,226.11,285.58,296.70,420.31,14
14,player,107,0,0,225.31,285.58,295.90,420.31,14
14,player,108,0,0,224.50,285.58,295.09,420.31,14
14,player,109,0,0,223.70,285.58,294.29,420.31,14
14,player,110,0,0,222.90,285.58,293.49,420.31,14
14,player,111,0,0,222.10,285.58,292.69,420.31,14
14,player,112,0,0,221.30,285.58,291.89,420.31,14
14,player,113,0,0,221.44,285.27,292.03,420.00,14
14,player,114,0,0,221.59,284.97,292.18,419.69,14
14,player,115,0,0,221.74,284.66,292.33,419.38,14
14,player,116,0,0,221.88,284.35,292.47,419.07,14
14,player,117,0,0,222.03,284.04,292.62,418.77,14
14,player,118,0,0,222.18,283.73,292.77,418.46,14
14,player,119,0,0,222.33,283.43,292.92,418.15,14
14,player,120,0,0,222.47,283.12,293.06,417.84,14
14,player,121,0,0,222.62,282.81,293.21,417.54,14
14,player,122,0,0,222.77,282.50,293.36,417.23,14
14,player,123,0,0,222.91,282.19,293.50,416.92,14
14,player,124,0,0,223.06,281.89,293.65,416.61,14
14,player,125,0,0,223.21,281.58,293.80,416.30,14
14,player,126,0,0,225.85,280.82,296.45,415.54,14
14,player,127,0,0,228.50,280.05,299.09,414.78,14
14,player,128,0,0,231.15,279.29,301.74,414.02,14
14,player,129,0,0,233.80,278.53,304.39,413.25,14
14,player,130,0,0,236.45,277.76,307.04,412.49,14
14,player,131,0,0,239.09,277.00,309.68,411.73,14
14,player,132,0,0,241.74,276.24,312.33,410.96,14
14,player,133,0,0,244.39,275.48,314.98,410.20,14
14,player,134,0,0,247.04,274.71,317.63,409.44,14
14,player,135,0,0,249.69,273.95,320.28,408.68,14
14,player,136,0,0,252.33,273.19,322.92,407.91,14
14,player,137,0,0,254.98,272.43,325.57,407.15,14
14,player,138,0,0,257.63,271.66,328.22,406.39,14
14,player,139,0,0,260.28,270.90,330.87,405.63,14
14,player,140,0,0,262.92,270.14,333.52,404.86,14
14,player,141,0,0,265.57,269.38,336.16,404.10,14
14,player,142,0,0,268.22,268.61,338.81,403.34,14
14,player,143,0,0,270.87,267.85,341.46,402.58,14
14,player,144,0,0,273.52,267.09,344.11,401.81,14
14,player,145,0,0,276.16,266.32,346.75,401.05,14
14,player,146,0,0,278.81,265.56,349.40,400.29,14
14,player,147,0,0,281.46,264.80,352.05,399.52,14
14,player,148,0,0,284.11,264.04,354.70,398.76,14
14,player,149,0,0,286.76,263.27,357.35,398.00,14
14,player,150,0,0,289.40,262.51,359.99,397.24,14
14,player,151,0,0,292.05,261.75,362.64,396.47,14
14,player,152,0,0,294.70,260.99,365.29,395.71,14
14,player,153,0,0,297.35,260.22,367.94,394.95,14
14,player,154,0,0,300.00,259.46,370.59,394.19,14
14,player,155,0,0,302.64,258.70,373.23,393.42,14
14,player,156,0,0,305.29,257.94,375.88,392.66,14
14,player,157,0,0,307.94,257.17,378.53,391.90,14
14,player,158,0,0,310.59,256.41,381.18,391.14,14
14,player,159,0,0,313.23,255.65,383.82,390.37,14
14,player,160,0,0,316.35,257.32,386.95,392.05,14
14,player,161,0,0,319.48,259.00,390.07,393.72,14
14,player,162,0,0,322.60,260.67,393.19,395.40,14
14,player,163,0,0,325.72,262.35,396.31,397.08,14
14,player,164,0,0,328.84,264.03,399.43,398.75,14
14,player,165,0,0,331.96,265.70,402.55,400.43,14
14,player,166,0,0,335.08,267.38,405.67,402.10,14
14,player,167,0,0,338.20,269.05,408.79,403.78,14
14,player,168,0,0,341.32,270.73,411.91,405.46,14
14,player,169,0,0,344.44,272.41,415.03,407.13,14
14,player,170,0,0,347.56,274.08,418.15,408.81,14
14,player,171,0,0,350.68,275.76,421.27,410.48,14
14,player,172,0,0,353.80,277.43,424.39,412.16,14
14,player,173,0,0,356.92,279.11,427.51,413.83,14
14,player,174,0,0,360.04,280.78,430.63,415.51,14
14,player,175,0,0,363.16,282.46,433.75,417.19,14
14,player,176,0,0,366.28,284.14,436.87,418.86,14
14,player,177,0,0,369.40,285.81,439.99,420.54,14
14,player,178,0,0,372.52,287.49,443.11,422.21,14
14,player,179,0,0,375.64,289.16,446.23,423.89,14
14,player,180,0,0,378.76,290.84,449.35,425.56,14
14,player,181,0,0,381.88,292.52,452.47,427.24,14
14,player,182,0,0,385.00,294.19,455.60,428.92,14
14,player,183,0,0,388.13,295.87,458.72,430.59,14
14,player,184,0,0,391.25,297.54,461.84,432.27,14
14,player,185,0,0,394.37,299.22,464.96,433.94,14
14,player,186,0,0,397.49,300.89,468.08,435.62,14
14,player,187,0,0,400.61,302.57,471.20,437.30,14
14,player,188,0,0,403.73,304.25,474.32,438.97,14
14,player,189,0,0,406.85,305.92,477.44,440.65,14
14,player,190,0,0,409.97,307.60,480.56,442.32,14
14,player,191,0,0,413.09,309.27,483.68,444.00,14
14,player,192,0,0,416.21,310.95,486.80,445.67,14
14,player,193,0,0,419.33,312.62,489.92,447.35,14
14,player,194,0,0,422.45,314.30,493.04,449.03,14
14,player,195,0,0,425.57,315.98,496.16,450.70,14
14,player,196,0,0,428.69,317.65,499.28,452.38,14
14,player,197,0,0,432.85,318.48,503.44,453.21,14
14,player,198,0,0,437.01,319.32,507.60,454.04,14
14,player,199,0,0,441.16,320.15,511.75,454.87,14
14,player,200,0,0,445.32,320.98,515.91,455.70,14
14,player,201,0,0,449.48,321.81,520.07,456.54,14
14,player,202,0,0,453.64,322.64,524.23,457.37,14
14,player,203,0,0,457.79,323.47,528.38,458.20,14
14,player,204,0,0,461.95,324.30,532.54,459.03,14
14,player,205,0,0,466.11,325.14,536.70,459.86,14
14,player,206,0,0,470.27,325.97,540.86,460.69,14
14,player,207,0,0,474.42,326.80,545.01,461.52,14
14,player,208,0,0,478.58,327.63,549.17,462.36,14
14,player,209,0,0,482.74,328.46,553.33,463.19,14
14,player,210,0,0,486.90,329.29,557.49,464.02,14
14,player,211,0,0,491.05,330.12,561.64,464.85,14
14,player,212,0,0,495.21,330.96,565.80,465.68,14
14,player,213,0,0,499.37,331.79,569.96,466.51,14
14,player,214,0,0,503.53,332.62,574.12,467.34,14
14,player,215,0,0,511.01,335.02,581.60,469.75,14
14,player,216,0,0,518.49,337.43,589.08,472.16,14
14,player,217,0,0,525.98,339.84,596.57,474.56,14
14,player,218,0,0,533.46,342.24,604.05,476.97,14
14,player,219,0,0,540.94,344.65,611.53,479.37,14
14,player,220,0,0,548.43,347.05,619.02,481.78,14
14,player,221,0,0,555.91,349.46,626.50,484.18,14
14,player,222,0,0,563.39,351.86,633.98,486.59,14
14,player,223,0,0,570.88,354.27,641.47,488.99,14
14,player,224,0,0,578.36,356.67,648.95,491.40,14
14,player,225,0,0,585.84,359.08,656.43,493.80,14
14,player,226,0,0,593.33,361.48,663.92,496.21,14
14,player,227,0,0,600.81,363.89,671.40,498.61,14
14,player,228,0,0,608.29,366.29,678.88,501.02,14
14,player,229,0,0,615.78,368.70,686.37,503.42,14
14,player,230,0,0,623.26,371.10,693.85,505.83,14
14,player,231,0,0,630.74,373.51,701.33,508.23,14
14,player,232,0,0,638.23,375.91,708.82,510.64,14
14,player,233,0,0,645.71,378.32,716.30,513.05,14
14,player,234,0,0,653.19,380.73,723.78,515.45,14
14,player,235,0,0,660.68,383.13,731.27,517.86,14
14,player,236,0,0,668.16,385.54,738.75,520.26,14
14,player,237,0,0,675.64,387.94,746.23,522.67,14
14,player,238,0,0,683.12,390.35,753.72,525.07,14
14,player,239,0,0,689.97,392.91,760.56,527.64,14
14,player,240,0,0,696.81,395.48,767.40,530.20,14
14,player,241,0,0,703.65,398.04,774.24,532.77,14
14,player,242,0,0,710.49,400.61,781.08,535.33,14
14,player,243,0,0,717.33,403.18,787.92,537.90,14
14,player,244,0,0,724.18,405.74,794.77,540.47,14
14,player,245,0,0,731.02,408.31,801.61,543.03,14
14,player,246,0,0,737.86,410.87,808.45,545.60,14
14,player,247,0,0,744.70,413.44,815.29,548.16,14
14,player,248,0,0,751.54,416.00,822.13,550.73,14
14,player,249,0,0,760.33,419.33,830.92,554.06,14
14,player,250,0,0,769.12,422.66,839.71,557.38,14
14,player,251,0,0,777.91,425.98,848.50,560.71,14
14,player,252,0,0,786.70,429.31,857.29,564.03,14
14,player,253,0,0,795.49,432.63,866.08,567.36,14
14,player,254,0,0,804.28,435.96,874.87,570.68,14
14,player,255,0,0,813.07,439.28,883.66,574.01,14
14,player,256,0,0,821.86,442.61,892.45,577.34,14
14,player,257,0,0,830.65,445.94,901.24,580.66,14
14,player,258,0,0,840.81,446.47,911.40,581.20,14
14,player,259,0,0,850.96,447.01,921.56,581.73,14
14,player,260,0,0,861.12,447.54,931.71,582.27,14
14,player,261,0,0,871.28,448.07,941.87,582.80,14
14,player,262,0,0,888.38,448.07,958.97,582.80,14
14,player,263,0,0,905.49,448.07,976.08,582.80,14
14,player,264,0,0,915.26,450.21,985.85,584.94,14
14,player,265,0,0,925.03,452.35,995.62,587.08,14
14,player,266,0,0,934.81,454.49,1005.40,589.21,14
14,player,267,0,0,944.58,456.63,1015.17,591.35,14
14,player,268,0,0,954.36,458.76,1024.95,593.49,14
14,player,269,0,0,964.13,460.90,1034.72,595.63,14
14,player,270,0,0,973.91,463.04,1044.50,597.77,14
14,player,271,0,0,993.58,460.05,1064.17,594.77,14
14,player,272,0,0,1013.25,457.05,1083.84,591.78,14
14,player,273,0,0,1032.92,454.06,1103.51,588.79,14
14,player,274,0,0,1052.59,451.07,1123.18,585.79,14
14,player,275,0,0,1072.26,448.07,1142.85,582.80,14
14,player,276,0,0,1088.29,448.88,1158.88,583.60,14
14,player,277,0,0,1104.33,449.68,1174.92,584.40,14
14,player,278,0,0,1120.36,450.48,1190.95,585.20,14
14,player,279,0,0,1136.40,451.28,1206.99,586.01,14
14,player,280,0,0,1152.44,452.08,1223.03,586.81,14
14,player,281,0,0,1168.47,452.88,1239.06,587.61,14
14,player,282,0,0,1184.51,453.69,1255.10,588.41,14
14,player,283,0,0,1200.54,454.49,1271.13,589.21,14
14,player,284,0,0,1220.85,455.56,1291.44,590.28,14
14,player,285,0,0,1241.17,456.63,1311.76,591.35,14
14,player,286,0,0,1252.92,453.42,1323.51,588.14,14
14,player,287,0,0,1264.68,450.21,1335.27,584.94,14
14,player,288,0,0,1276.44,447.00,1347.03,581.73,14
14,player,289,0,0,1288.20,443.80,1358.79,578.52,14
14,player,290,0,0,1299.96,440.59,1370.55,575.32,14
14,player,291,0,0,1311.72,437.38,1382.31,572.11,14
14,player,292,0,0,1323.48,434.18,1394.07,568.90,14
14,player,293,0,0,1335.24,430.97,1405.83,565.69,14
14,player,294,0,0,1347.00,427.76,1417.59,562.49,14
14,player,295,0,0,1358.76,424.55,1429.35,559.28,14
14,player,296,0,0,1364.10,421.51,1434.70,556.24,14
14,player,297,0,0,1369.45,418.47,1440.04,553.19,14
14,player,298,0,0,1374.80,415.43,1445.39,550.15,14
14,player,299,0,0,1380.14,412.38,1450.73,547.11,14
14,player,300,0,0,1385.49,409.34,1456.08,544.07,14
14,player,301,0,0,1390.83,406.30,1461.42,541.02,14
14,player,302,0,0,1396.18,403.26,1466.77,537.98,14
14,player,303,0,0,1401.52,400.21,1472.11,534.94,14
14,player,304,0,0,1406.87,397.17,1477.46,531.90,14
14,player,305,0,0,1412.21,394.13,1482.80,528.85,14
14,player,306,0,0,1417.56,391.09,1488.15,525.81,14
14,player,307,0,0,1422.90,388.04,1493.49,522.77,14
14,player,308,0,0,1428.25,385.00,1498.84,519.73,14
14,player,309,0,0,1433.59,381.96,1504.18,516.68,14
14,player,310,0,0,1438.94,378.92,1509.53,513.64,14
14,player,311,0,0,1444.28,375.87,1514.87,510.60,14
14,player,312,0,0,1449.63,372.83,1520.22,507.56,14
14,player,313,0,0,1454.97,369.79,1525.56,504.51,14
14,player,314,0,0,1460.32,366.74,1530.91,501.47,14
14,player,315,0,0,1465.66,363.70,1536.25,498.43,14
14,player,316,0,0,1471.01,360.66,1541.60,495.38,14
14,player,317,0,0,1476.35,357.62,1546.94,492.34,14
14,player,318,0,0,1481.70,354.57,1552.29,489.30,14
14,player,319,0,0,1487.04,351.53,1557.64,486.26,14
14,player,320,0,0,1492.39,348.49,1562.98,483.21,14
14,player,321,0,0,1497.74,345.45,1568.33,480.17,14
14,player,322,0,0,1490.38,345.37,1560.97,480.10,14
14,player,323,0,0,1483.01,345.29,1553.60,480.02,14
14,player,324,0,0,1475.65,345.22,1546.24,479.94,14
14,player,325,0,0,1468.29,345.14,1538.88,479.87,14
14,player,326,0,0,1460.93,345.07,1531.52,479.79,14
14,player,327,0,0,1453.57,344.99,1524.16,479.72,14
14,player,328,0,0,1446.21,344.92,1516.80,479.64,14
14,player,329,0,0,1438.85,344.84,1509.44,479.57,14
14,player,330,0,0,1431.49,344.77,1502.08,479.49,14
14,player,331,0,0,1424.13,344.69,1494.72,479.41,14
14,player,332,0,0,1416.77,344.61,1487.36,479.34,14
14,player,333,0,0,1409.41,344.54,1480.00,479.26,14
14,player,334,0,0,1402.05,344.46,1472.64,479.19,14
14,player,335,0,0,1394.69,344.39,1465.28,479.11,14
14,player,336,0,0,1387.33,344.31,1457.92,479.04,14
14,player,337,0,0,1379.97,344.24,1450.56,478.96,14
14,player,338,0,0,1372.61,344.16,1443.20,478.89,14
14,player,339,0,0,1365.25,344.08,1435.84,478.81,14
14,player,340,0,0,1357.89,344.01,1428.48,478.73,14
14,player,341,0,0,1350.53,343.93,1421.12,478.66,14
14,player,342,0,0,1343.17,343.86,1413.76,478.58,14
14,player,343,0,0,1335.81,343.78,1406.40,478.51,14
14,player,344,0,0,1328.45,343.71,1399.04,478.43,14
14,player,345,0,0,1321.09,343.63,1391.68,478.36,14
14,player,346,0,0,1313.73,343.55,1384.32,478.28,14
14,player,347,0,0,1306.37,343.48,1376.96,478.20,14
14,player,348,0,0,1299.01,343.40,1369.60,478.13,14
14,player,349,0,0,1291.65,343.33,1362.24,478.05,14
14,player,350,0,0,1284.29,343.25,1354.88,477.98,14
14,player,351,0,0,1276.93,343.18,1347.52,477.90,14
14,player,352,0,0,1269.57,343.10,1340.16,477.83,14
14,player,353,0,0,1262.21,343.02,1332.80,477.75,14
14,player,354,0,0,1254.85,342.95,1325.44,477.67,14
14,player,355,0,0,1247.48,342.87,1318.08,477.60,14
14,player,356,0,0,1240.12,342.80,1310.71,477.52,14
14,player,357,0,0,1232.76,342.72,1303.35,477.45,14
14,player,358,0,0,1225.40,342.65,1295.99,477.37,14
14,player,359,0,0,1218.04,342.57,1288.63,477.30,14
14,player,360,0,0,1210.68,342.49,1281.27,477.22,14
14,player,361,0,0,1203.32,342.42,1273.91,477.14,14
14,player,362,0,0,1195.96,342.34,1266.55,477.07,14
14,player,363,0,0,1188.60,342.27,1259.19,476.99,14
14,player,364,0,0,1181.24,342.19,1251.83,476.92,14
14,player,365,0,0,1173.88,342.12,1244.47,476.84,14
14,player,366,0,0,1166.52,342.04,1237.11,476.77,14
14,player,367,0,0,1159.16,341.97,1229.75,476.69,14
14,player,368,0,0,1151.80,341.89,1222.39,476.61,14
14,player,369,0,0,1144.44,341.81,1215.03,476.54,14
14,player,370,0,0,1137.08,341.74,1207.67,476.46,14
14,player,371,0,0,1129.72,341.66,1200.31,476.39,14
14,player,372,0,0,1122.36,341.59,1192.95,476.31,14
14,player,373,0,0,1115.00,341.51,1185.59,476.24,14
14,player,374,0,0,1107.64,341.44,1178.23,476.16,14
14,player,375,0,0,1100.28,341.36,1170.87,476.08,14
14,player,376,0,0,1092.92,341.28,1163.51,476.01,14
14,player,377,0,0,1085.56,341.21,1156.15,475.93,14
14,player,378,0,0,1078.20,341.13,1148.79,475.86,14
14,player,379,0,0,1070.84,341.06,1141.43,475.78,14
14,player,380,0,0,1063.48,340.98,1134.07,475.71,14
14,player,381,0,0,1056.12,340.91,1126.71,475.63,14
14,player,382,0,0,1048.76,340.83,1119.35,475.56,14
14,player,383,0,0,1041.40,340.75,1111.99,475.48,14
14,player,384,0,0,1034.04,340.68,1104.63,475.40,14
14,player,385,0,0,1026.68,340.60,1097.27,475.33,14
14,player,386,0,0,1019.32,340.53,1089.91,475.25,14
14,player,387,0,0,1011.96,340.45,1082.55,475.18,14
14,player,388,0,0,1004.59,340.38,1075.18,475.10,14
14,player,389,0,0,997.23,340.30,1067.82,475.03,14
14,player,390,0,0,989.87,340.22,1060.46,474.95,14
14,player,391,0,0,982.51,340.15,1053.10,474.87,14
14,player,392,0,0,975.15,340.07,1045.74,474.80,14
14,player,393,0,0,967.79,340.00,1038.38,474.72,14
14,player,394,0,0,960.43,339.92,1031.02,474.65,14
14,player,395,0,0,953.07,339.85,1023.66,474.57,14
14,player,396,0,0,945.71,339.77,1016.30,474.50,14
14,player,397,0,0,938.35,339.69,1008.94,474.42,14
14,player,398,0,0,930.99,339.62,1001.58,474.34,14
14,player,399,0,0,923.63,339.54,994.22,474.27,14
14,player,400,0,0,916.27,339.47,986.86,474.19,14
14,player,401,0,0,908.91,339.39,979.50,474.12,14
14,player,402,0,0,901.55,339.32,972.14,474.04,14
14,player,403,0,0,894.19,339.24,964.78,473.97,14
14,player,404,0,0,886.83,339.16,957.42,473.89,14
14,player,405,0,0,879.47,339.09,950.06,473.81,14
14,player,406,0,0,872.11,339.01,942.70,473.74,14
14,player,407,0,0,864.75,338.94,935.34,473.66,14
14,player,408,0,0,857.39,338.86,927.98,473.59,14
14,player,409,0,0,850.03,338.79,920.62,473.51,14
14,player,410,0,0,842.67,338.71,913.26,473.44,14
14,player,411,0,0,835.31,338.64,905.90,473.36,14
14,player,412,0,0,827.95,338.56,898.54,473.28,14
14,player,413,0,0,820.59,338.48,891.18,473.21,14
14,player,414,0,0,813.23,338.41,883.82,473.13,14
14,player,415,0,0,805.87,338.33,876.46,473.06,14
14,player,416,0,0,798.51,338.26,869.10,472.98,14
14,player,417,0,0,791.15,338.18,861.74,472.91,14
14,player,418,0,0,783.79,338.11,854.38,472.83,14
14,player,419,0,0,776.43,338.03,847.02,472.76,14
14,player,420,0,0,769.06,337.95,839.66,472.68,14
14,player,421,0,0,761.70,337.88,832.29,472.60,14
14,player,422,0,0,754.34,337.80,824.93,472.53,14
14,player,423,0,0,746.98,337.73,817.57,472.45,14
14,player,424,0,0,739.62,337.65,810.21,472.38,14
14,player,425,0,0,732.26,337.58,802.85,472.30,14
14,player,426,0,0,724.90,337.50,795.49,472.23,14
14,player,427,0,0,717.54,337.42,788.13,472.15,14
14,player,428,0,0,710.18,337.35,780.77,472.07,14
14,player,429,0,0,702.82,337.27,773.41,472.00,14
14,player,430,0,0,695.46,337.20,766.05,471.92,14
14,player,431,0,0,688.10,337.12,758.69,471.85,14
14,player,432,0,0,680.74,337.05,751.33,471.77,14
14,player,433,0,0,673.38,336.97,743.97,471.70,14
14,player,434,0,0,666.02,336.89,736.61,471.62,14
14,player,435,0,0,665.31,339.56,735.90,474.28,14
14,player,436,0,0,664.59,342.22,735.18,476.94,14
14,player,437,0,0,663.88,344.88,734.47,479.61,14
14,player,438,0,0,663.16,347.54,733.75,482.27,14
14,player,439,0,0,662.45,350.21,733.04,484.93,14
14,player,440,0,0,661.73,352.87,732.32,487.59,14
14,player,441,0,0,661.02,355.53,731.61,490.26,14
14,player,442,0,0,660.31,358.19,730.90,492.92,14
14,player,443,0,0,659.59,360.86,730.18,495.58,14
14,player,444,0,0,658.88,363.52,729.47,498.24,14
14,player,445,0,0,658.16,366.18,728.75,500.91,14
14,player,446,0,0,657.45,368.84,728.04,503.57,14
14,player,447,0,0,656.73,371.51,727.32,506.23,14
14,player,448,0,0,656.02,374.17,726.61,508.89,14
14,player,449,0,0,655.31,376.83,725.90,511.56,14
14,player,450,0,0,654.59,379.49,725.18,514.22,14
14,player,451,0,0,653.88,382.15,724.47,516.88,14
14,player,452,0,0,653.16,384.82,723.75,519.54,14
14,player,453,0,0,652.45,387.48,723.04,522.20,14
14,player,454,0,0,651.73,390.14,722.32,524.87,14
14,player,455,0,0,651.02,392.80,721.61,527.53,14
14,player,456,0,0,650.31,395.47,720.90,530.19,14
14,player,457,0,0,649.59,398.13,720.18,532.85,14
14,player,458,0,0,648.88,400.79,719.47,535.52,14
14,player,459,0,0,648.16,403.45,718.75,538.18,14
14,player,460,0,0,647.45,406.12,718.04,540.84,14
14,player,461,0,0,646.73,408.78,717.32,543.50,14
14,player,462,0,0,646.02,411.44,716.61,546.17,14
14,player,463,0,0,645.31,414.10,715.90,548.83,14
14,player,464,0,0,644.59,416.77,715.18,551.49,14
14,player,465,0,0,643.88,419.43,714.47,554.15,14
14,player,466,0,0,643.16,422.09,713.75,556.82,14
14,player,467,0,0,642.45,424.75,713.04,559.48,14
14,player,468,0,0,641.73,427.41,712.32,562.14,14
14,player,469,0,0,641.02,430.08,711.61,564.80,14
14,player,470,0,0,640.31,432.74,710.90,567.46,14
14,player,471,0,0,644.01,432.90,714.60,567.63,14
14,player,472,0,0,647.72,433.06,718.31,567.79,14
14,player,473,0,0,651.43,433.22,722.02,567.95,14
14,player,474,0,0,655.14,433.38,725.73,568.11,14
14,player,475,0,0,658.85,433.55,729.44,568.27,14
14,player,476,0,0,662.55,433.71,733.14,568.43,14
14,player,477,0,0,666.26,433.87,736.85,568.59,14
14,player,478,0,0,669.97,434.03,740.56,568.75,14
14,player,479,0,0,673.68,434.19,744.27,568.92,14
14,player,480,0,0,677.39,434.35,747.98,569.08,14
14,player,481,0,0,681.09,434.51,751.68,569.24,14
14,player,482,0,0,684.80,434.67,755.39,569.40,14
14,player,483,0,0,688.51,434.84,759.10,569.56,14
14,player,484,0,0,692.22,435.00,762.81,569.72,14
14,player,485,0,0,695.93,435.16,766.52,569.88,14
14,player,486,0,0,699.63,435.32,770.22,570.04,14
14,player,487,0,0,703.34,435.48,773.93,570.21,14
14,player,488,0,0,707.05,435.64,777.64,570.37,14
14,player,489,0,0,710.76,435.80,781.35,570.53,14
14,player,490,0,0,714.47,435.96,785.06,570.69,14
14,player,491,0,0,718.17,436.13,788.76,570.85,14
14,player,492,0,0,721.88,436.29,792.47,571.01,14
14,player,493,0,0,725.59,436.45,796.18,571.17,14
14,player,494,0,0,729.30,436.61,799.89,571.33,14
14,player,495,0,0,733.01,436.77,803.60,571.50,14
14,player,496,0,0,736.71,436.93,807.30,571.66,14
14,player,497,0,0,740.42,437.09,811.01,571.82,14
14,player,498,0,0,744.13,437.25,814.72,571.98,14
14,player,499,0,0,747.84,437.42,818.43,572.14,14
14,player,500,0,0,753.10,437.42,823.69,572.14,14
14,player,501,0,0,758.36,437.42,828.95,572.14,14
14,player,502,0,0,763.62,437.42,834.21,572.14,14
14,player,503,0,0,768.88,437.42,839.47,572.14,14
14,player,504,0,0,775.43,436.84,846.02,571.57,14
14,player,505,0,0,781.99,436.27,852.58,571.00,14
14,player,506,0,0,788.55,435.70,859.14,570.43,14
14,player,507,0,0,795.10,435.13,865.69,569.86,14
14,player,508,0,0,801.66,434.56,872.25,569.29,14
14,player,509,0,0,808.22,433.99,878.81,568.72,14
14,player,510,0,0,814.77,433.42,885.36,568.15,14
14,player,511,0,0,821.33,432.85,891.92,567.58,14
14,player,512,0,0,827.89,432.28,898.48,567.01,14
14,player,513,0,0,834.44,431.71,905.03,566.44,14
14,player,514,0,0,841.00,431.14,911.59,565.87,14
14,player,515,0,0,847.56,430.57,918.15,565.30,14
14,player,516,0,0,854.11,430.00,924.70,564.73,14
14,player,517,0,0,860.67,429.43,931.26,564.16,14
14,player,518,0,0,867.23,428.86,937.82,563.59,14
14,player,519,0,0,873.78,428.29,944.37,563.02,14
14,player,520,0,0,880.34,427.72,950.93,562.45,14
14,player,521,0,0,886.90,427.15,957.49,561.88,14
14,player,522,0,0,893.46,426.58,964.05,561.31,14
14,player,523,0,0,900.01,426.01,970.60,560.74,14
14,player,524,0,0,906.57,425.44,977.16,560.17,14
14,player,525,0,0,913.13,424.87,983.72,559.60,14
14,player,526,0,0,919.68,424.30,990.27,559.03,14
14,player,527,0,0,926.24,423.73,996.83,558.46,14
14,player,528,0,0,932.80,423.16,1003.39,557.89,14
14,player,529,0,0,939.35,422.59,1009.94,557.32,14
14,player,530,0,0,945.91,422.02,1016.50,556.75,14
14,player,531,0,0,952.47,421.45,1023.06,556.18,14
14,player,532,0,0,959.02,420.88,1029.61,555.61,14
14,player,533,0,0,965.58,420.31,1036.17,555.04,14
14,player,534,0,0,972.14,419.74,1042.73,554.47,14
14,player,535,0,0,978.69,419.17,1049.28,553.90,14
14,player,536,0,0,985.25,418.60,1055.84,553.33,14
14,player,537,0,0,991.81,418.03,1062.40,552.75,14
14,player,538,0,0,998.36,417.46,1068.95,552.18,14
14,player,539,0,0,1004.92,416.89,1075.51,551.61,14
14,player,540,0,0,1011.48,416.32,1082.07,551.04,14
14,player,541,0,0,1018.03,415.75,1088.62,550.47,14
14,player,542,0,0,1024.59,415.18,1095.18,549.90,14
14,player,543,0,0,1031.15,414.61,1101.74,549.33,14
14,player,544,0,0,1037.70,414.04,1108.29,548.76,14
14,player,545,0,0,1044.26,413.47,1114.85,548.19,14
14,player,546,0,0,1050.82,412.90,1121.41,547.62,14
14,player,547,0,0,1057.37,412.33,1127.97,547.05,14
14,player,548,0,0,1063.93,411.76,1134.52,546.48,14
14,player,549,0,0,1070.35,409.62,1140.94,544.35,14
14,player,550,0,0,1075.05,409.19,1145.64,543.92,14
14,player,551,0,0,1079.75,408.76,1150.34,543.49,14
14,player,552,0,0,1084.46,408.34,1155.05,543.06,14
14,player,553,0,0,1089.16,407.91,1159.75,542.63,14
14,player,554,0,0,1093.87,407.48,1164.46,542.21,14
14,player,555,0,0,1097.07,406.95,1167.66,541.67,14
14,player,556,0,0,1100.28,406.41,1170.87,541.14,14
14,player,557,0,0,1103.49,405.88,1174.08,540.60,14
14,player,558,0,0,1106.69,405.34,1177.28,540.07,14
14,player,559,0,0,1103.96,403.84,1174.55,538.57,14
14,player,560,0,0,1101.22,402.34,1171.81,537.07,14
14,player,561,0,0,1098.48,400.84,1169.07,535.57,14
14,player,562,0,0,1095.74,399.34,1166.33,534.07,14
14,player,563,0,0,1093.00,397.84,1163.59,532.57,14
14,player,564,0,0,1090.26,396.34,1160.85,531.07,14
14,player,565,0,0,1087.53,394.84,1158.12,529.57,14
14,player,566,0,0,1084.79,393.34,1155.38,528.06,14
14,player,567,0,0,1082.05,391.84,1152.64,526.56,14
14,player,568,0,0,1079.31,390.34,1149.90,525.06,14
14,player,569,0,0,1076.57,388.84,1147.16,523.56,14
14,player,570,0,0,1073.83,387.34,1144.42,522.06,14
14,player,571,0,0,1071.10,385.84,1141.69,520.56,14
14,player,572,0,0,1068.36,384.34,1138.95,519.06,14
14,player,573,0,0,1065.62,382.84,1136.21,517.56,14
14,player,574,0,0,1062.88,381.34,1133.47,516.06,14
14,player,575,0,0,1060.14,379.84,1130.73,514.56,14
14,player,576,0,0,1057.40,378.34,1127.99,513.06,14
14,player,577,0,0,1054.67,376.83,1125.26,511.56,14
14,player,578,0,0,1051.93,375.33,1122.52,510.06,14
14,player,579,0,0,1049.19,373.83,1119.78,508.56,14
14,player,580,0,0,1046.45,372.33,1117.04,507.06,14
14,player,581,0,0,1043.71,370.83,1114.30,505.56,14
14,player,582,0,0,1040.98,369.33,1111.57,504.06,14
14,player,583,0,0,1038.24,367.83,1108.83,502.56,14
14,player,584,0,0,1035.50,366.33,1106.09,501.06,14
14,player,585,0,0,1032.76,364.83,1103.35,499.56,14
14,player,586,0,0,1030.02,363.33,1100.61,498.06,14
14,player,587,0,0,1027.28,361.83,1097.87,496.56,14
14,player,588,0,0,1024.55,360.33,1095.14,495.06,14
14,player,589,0,0,1021.81,358.83,1092.40,493.56,14
14,player,590,0,0,1019.07,357.33,1089.66,492.06,14
14,player,591,0,0,1016.33,355.83,1086.92,490.55,14
14,player,592,0,0,1013.59,354.33,1084.18,489.05,14
14,player,593,0,0,1010.85,352.83,1081.44,487.55,14
14,player,594,0,0,1008.12,351.33,1078.71,486.05,14
14,player,595,0,0,1005.38,349.83,1075.97,484.55,14
14,player,596,0,0,1002.64,348.33,1073.23,483.05,14
14,player,597,0,0,999.90,346.83,1070.49,481.55,14
14,player,598,0,0,997.16,345.33,1067.75,480.05,14
14,player,599,0,0,994.42,343.83,1065.01,478.55,14
14,player,600,0,0,991.69,342.33,1062.28,477.05,14
14,player,601,0,0,988.95,340.83,1059.54,475.55,14
14,player,602,0,0,986.21,339.32,1056.80,474.05,14
14,player,603,0,0,983.47,337.82,1054.06,472.55,14
14,player,604,0,0,980.73,336.32,1051.32,471.05,14
14,player,605,0,0,977.99,334.82,1048.59,469.55,14
14,player,606,0,0,975.26,333.32,1045.85,468.05,14
14,player,607,0,0,972.52,331.82,1043.11,466.55,14
14,player,608,0,0,969.78,330.32,1040.37,465.05,14
14,player,609,0,0,967.04,328.82,1037.63,463.55,14
14,player,610,0,0,964.30,327.32,1034.89,462.05,14
14,player,611,0,0,961.57,325.82,1032.16,460.55,14
14,player,612,0,0,958.83,324.32,1029.42,459.05,14
14,player,613,0,0,956.09,322.82,1026.68,457.55,14
14,player,614,0,0,953.35,321.32,1023.94,456.05,14
14,player,615,0,0,950.61,319.82,1021.20,454.54,14
14,player,616,0,0,958.45,316.26,1029.04,450.98,14
14,player,617,0,0,966.29,312.69,1036.88,447.42,14
14,player,618,0,0,974.13,309.13,1044.72,443.85,14
14,player,619,0,0,983.40,308.18,1053.99,442.90,14
14,player,620,0,0,992.66,307.23,1063.25,441.95,14
14,player,621,0,0,1001.93,306.28,1072.52,441.00,14
14,player,622,0,0,1011.19,305.33,1081.78,440.05,14
14,player,623,0,0,1020.46,304.38,1091.05,439.10,14
14,player,624,0,0,1029.72,303.43,1100.31,438.15,14
14,player,625,0,0,1038.99,302.48,1109.58,437.20,14
14,player,626,0,0,1048.25,301.53,1118.84,436.25,14
14,player,627,0,0,1057.52,300.58,1128.11,435.30,14
14,player,628,0,0,1064.29,300.86,1134.88,435.59,14
14,player,629,0,0,1071.06,301.15,1141.65,435.87,14
14,player,630,0,0,1077.83,301.43,1148.42,436.16,14
14,player,631,0,0,1084.60,301.72,1155.19,436.44,14
14,player,632,0,0,1091.37,302.00,1161.96,436.73,14
14,player,633,0,0,1098.14,302.29,1168.73,437.01,14
14,player,634,0,0,1104.91,302.57,1175.50,437.30,14
14,player,635,0,0,1111.68,302.86,1182.27,437.58,14
14,player,636,0,0,1118.45,303.14,1189.04,437.87,14
14,player,637,0,0,1125.22,303.43,1195.81,438.15,14
14,player,638,0,0,1131.99,303.71,1202.58,438.44,14
14,player,639,0,0,1138.76,304.00,1209.35,438.72,14
14,player,640,0,0,1145.54,304.28,1216.13,439.01,14
14,player,641,0,0,1152.31,304.57,1222.90,439.29,14
14,player,642,0,0,1159.08,304.85,1229.67,439.58,14
14,player,643,0,0,1165.85,305.14,1236.44,439.86,14
14,player,644,0,0,1172.62,305.42,1243.21,440.15,14
14,player,645,0,0,1179.39,305.71,1249.98,440.43,14
14,player,646,0,0,1186.16,305.99,1256.75,440.72,14
14,player,647,0,0,1192.93,306.28,1263.52,441.00,14
14,player,648,0,0,1199.70,306.56,1270.29,441.29,14
14,player,649,0,0,1206.47,306.85,1277.06,441.57,14
14,player,650,0,0,1213.24,307.13,1283.83,441.86,14
14,player,651,0,0,1220.01,307.42,1290.60,442.14,14
14,player,652,0,0,1226.78,307.70,1297.37,442.43,14
14,player,653,0,0,1233.55,307.99,1304.14,442.71,14
14,player,654,0,0,1240.32,308.27,1310.91,443.00,14
14,player,655,0,0,1247.09,308.56,1317.68,443.28,14
14,player,656,0,0,1253.86,308.84,1324.45,443.57,14
14,player,657,0,0,1260.63,309.13,1331.23,443.85,14
14,player,658,0,0,1269.19,309.13,1339.78,443.85,14
14,player,659,0,0,1277.74,309.13,1348.33,443.85,14
14,player,660,0,0,1281.34,310.25,1351.93,444.98,14
14,player,661,0,0,1284.94,311.38,1355.53,446.10,14
14,player,662,0,0,1288.54,312.50,1359.13,447.23,14
14,player,663,0,0,1292.14,313.63,1362.73,448.36,14
14,player,664,0,0,1295.74,314.76,1366.33,449.48,14
14,player,665,0,0,1299.34,315.88,1369.94,450.61,14
14,player,666,0,0,1302.95,317.01,1373.54,451.73,14
14,player,667,0,0,1306.55,318.13,1377.14,452.86,14
14,player,668,0,0,1310.15,319.26,1380.74,453.98,14
14,player,669,0,0,1313.75,320.38,1384.34,455.11,14
14,player,670,0,0,1317.35,321.51,1387.94,456.23,14
14,player,671,0,0,1320.95,322.63,1391.54,457.36,14
14,player,672,0,0,1324.55,323.76,1395.14,458.48,14
14,player,673,0,0,1328.15,324.88,1398.74,459.61,14
14,player,674,0,0,1331.75,326.01,1402.34,460.73,14
14,player,675,0,0,1335.35,327.13,1405.94,461.86,14
14,player,676,0,0,1338.96,328.26,1409.55,462.98,14
14,player,677,0,0,1342.56,329.38,1413.15,464.11,14
14,player,678,0,0,1346.16,330.51,1416.75,465.24,14
14,player,679,0,0,1340.24,331.06,1410.83,465.78,14
14,player,680,0,0,1334.32,331.60,1404.91,466.33,14
14,player,681,0,0,1328.41,332.15,1399.00,466.88,14
14,player,682,0,0,1322.49,332.70,1393.08,467.42,14
14,player,683,0,0,1316.57,333.24,1387.16,467.97,14
14,player,684,0,0,1310.66,333.79,1381.25,468.52,14
14,player,685,0,0,1304.74,334.34,1375.33,469.06,14
14,player,686,0,0,1298.82,334.89,1369.41,469.61,14
14,player,687,0,0,1292.90,335.43,1363.49,470.16,14
14,player,688,0,0,1286.99,335.98,1357.58,470.70,14
14,player,689,0,0,1281.07,336.53,1351.66,471.25,14
14,player,690,0,0,1275.15,337.07,1345.74,471.80,14
14,player,691,0,0,1269.24,337.62,1339.83,472.35,14
14,player,692,0,0,1263.32,338.17,1333.91,472.89,14
14,player,693,0,0,1257.40,338.71,1327.99,473.44,14
14,player,694,0,0,1251.48,339.26,1322.08,473.99,14
14,player,695,0,0,1245.57,339.81,1316.16,474.53,14
14,player,696,0,0,1239.65,340.35,1310.24,475.08,14
14,player,697,0,0,1233.73,340.90,1304.32,475.63,14
14,player,698,0,0,1227.82,341.45,1298.41,476.17,14
14,player,699,0,0,1221.90,342.00,1292.49,476.72,14
14,player,700,0,0,1215.98,342.54,1286.57,477.27,14
14,player,701,0,0,1210.07,343.09,1280.66,477.82,14
14,player,702,0,0,1204.15,343.64,1274.74,478.36,14
14,player,703,0,0,1198.23,344.18,1268.82,478.91,14
14,player,704,0,0,1192.31,344.73,1262.90,479.46,14
14,player,705,0,0,1186.40,345.28,1256.99,480.00,14
14,player,706,0,0,1180.48,345.82,1251.07,480.55,14
14,player,707,0,0,1174.56,346.37,1245.15,481.10,14
14,player,708,0,0,1168.65,346.92,1239.24,481.64,14
14,player,709,0,0,1162.73,347.47,1233.32,482.19,14
14,player,710,0,0,1156.81,348.01,1227.40,482.74,14
14,player,711,0,0,1150.90,348.56,1221.49,483.28,14
14,player,712,0,0,1144.98,349.11,1215.57,483.83,14
14,player,713,0,0,1139.06,349.65,1209.65,484.38,14
14,player,714,0,0,1133.14,350.20,1203.73,484.93,14
14,player,715,0,0,1127.23,350.75,1197.82,485.47,14
14,player,716,0,0,1121.31,351.29,1191.90,486.02,14
14,player,717,0,0,1115.39,351.84,1185.98,486.57,14
14,player,718,0,0,1109.48,352.39,1180.07,487.11,14
14,player,719,0,0,1103.56,352.93,1174.15,487.66,14
14,player,720,0,0,1097.64,353.48,1168.23,488.21,14
14,player,721,0,0,1091.73,354.03,1162.32,488.75,14
14,player,722,0,0,1085.81,354.58,1156.40,489.30,14
14,player,723,0,0,1079.89,355.12,1150.48,489.85,14
14,player,724,0,0,1073.97,355.67,1144.56,490.40,14
14,player,725,0,0,1068.06,356.22,1138.65,490.94,14
14,player,726,0,0,1062.14,356.76,1132.73,491.49,14
14,player,727,0,0,1056.22,357.31,1126.81,492.04,14
14,player,728,0,0,1050.31,357.86,1120.90,492.58,14
14,player,729,0,0,1044.39,358.40,1114.98,493.13,14
14,player,730,0,0,1038.47,358.95,1109.06,493.68,14
14,player,731,0,0,1032.55,359.50,1103.15,494.22,14
14,player,732,0,0,1026.64,360.05,1097.23,494.77,14
14,player,733,0,0,1020.72,360.59,1091.31,495.32,14
14,player,734,0,0,1014.80,361.14,1085.39,495.86,14
14,player,735,0,0,1008.89,361.69,1079.48,496.41,14
14,player,736,0,0,1002.97,362.23,1073.56,496.96,14
14,player,737,0,0,997.05,362.78,1067.64,497.51,14
14,player,738,0,0,991.14,363.33,1061.73,498.05,14
14,player,739,0,0,985.22,363.87,1055.81,498.60,14
14,player,740,0,0,979.30,364.42,1049.89,499.15,14
14,player,741,0,0,973.38,364.97,1043.97,499.69,14
14,player,742,0,0,967.47,365.51,1038.06,500.24,14
14,player,743,0,0,961.55,366.06,1032.14,500.79,14
14,player,744,0,0,955.63,366.61,1026.22,501.33,14
14,player,745,0,0,949.72,367.16,1020.31,501.88,14
14,player,746,0,0,943.80,367.70,1014.39,502.43,14
14,player,747,0,0,937.88,368.25,1008.47,502.98,14
14,player,748,0,0,931.97,368.80,1002.56,503.52,14
14,player,749,0,0,926.05,369.34,996.64,504.07,14
14,player,750,0,0,920.13,369.89,990.72,504.62,14
14,player,751,0,0,914.21,370.44,984.80,505.16,14
14,player,752,0,0,908.30,370.98,978.89,505.71,14
14,player,753,0,0,902.38,371.53,972.97,506.26,14
14,player,754,0,0,896.46,372.08,967.05,506.80,14
14,player,755,0,0,890.55,372.63,961.14,507.35,14
14,player,756,0,0,884.63,373.17,955.22,507.90,14
14,player,757,0,0,878.71,373.72,949.30,508.44,14
14,player,758,0,0,872.80,374.27,943.39,508.99,14
14,player,759,0,0,866.88,374.81,937.47,509.54,14
14,player,760,0,0,860.96,375.36,931.55,510.09,14
14,player,761,0,0,855.04,375.91,925.63,510.63,14
14,player,762,0,0,849.13,376.45,919.72,511.18,14
14,player,763,0,0,843.21,377.00,913.80,511.73,14
14,player,764,0,0,837.29,377.55,907.88,512.27,14
14,player,765,0,0,830.10,378.52,900.69,513.25,14
14,player,766,0,0,822.91,379.49,893.50,514.22,14
14,player,767,0,0,815.72,380.46,886.31,515.19,14
14,player,768,0,0,808.53,381.44,879.12,516.16,14
14,player,769,0,0,801.33,382.41,871.92,517.13,14
14,player,770,0,0,794.14,383.38,864.73,518.10,14
14,player,771,0,0,786.95,384.35,857.54,519.08,14
14,player,772,0,0,779.76,385.32,850.35,520.05,14
14,player,773,0,0,772.57,386.29,843.16,521.02,14
14,player,774,0,0,765.38,387.27,835.97,521.99,14
14,player,775,0,0,758.18,388.24,828.77,522.96,14
14,player,776,0,0,750.99,389.21,821.58,523.94,14
14,player,777,0,0,743.80,390.18,814.39,524.91,14
14,player,778,0,0,736.61,391.15,807.20,525.88,14
14,player,779,0,0,729.42,392.13,800.01,526.85,14
14,player,780,0,0,722.22,393.10,792.82,527.82,14
14,player,781,0,0,715.03,394.07,785.62,528.79,14
14,player,782,0,0,707.84,395.04,778.43,529.77,14
14,player,783,0,0,700.65,396.01,771.24,530.74,14
14,player,784,0,0,693.46,396.98,764.05,531.71,14
14,player,785,0,0,686.27,397.96,756.86,532.68,14
14,player,786,0,0,679.07,398.93,749.66,533.65,14
14,player,787,0,0,655.56,398.93,726.15,533.65,14
14,player,788,0,0,645.82,399.17,716.41,533.89,14
14,player,789,0,0,636.08,399.40,706.67,534.13,14
14,player,790,0,0,626.33,399.64,696.93,534.37,14
14,player,791,0,0,616.59,399.88,687.18,534.60,14
14,player,792,0,0,606.85,400.12,677.44,534.84,14
14,player,793,0,0,597.11,400.35,667.70,535.08,14
14,player,794,0,0,587.37,400.59,657.96,535.32,14
14,player,795,0,0,577.63,400.83,648.22,535.55,14
14,player,796,0,0,567.89,401.07,638.48,535.79,14
14,player,797,0,0,559.97,400.81,630.56,535.54,14
14,player,798,0,0,552.05,400.56,622.64,535.29,14
14,player,799,0,0,544.12,400.31,614.71,535.04,14
14,player,800,0,0,536.20,400.06,606.79,534.79,14
14,player,801,0,0,528.28,399.81,598.87,534.53,14
14,player,802,0,0,520.35,399.56,590.94,534.28,14
14,player,803,0,0,512.43,399.31,583.02,534.03,14
14,player,804,0,0,504.51,399.05,575.10,533.78,14
14,player,805,0,0,496.58,398.80,567.17,533.53,14
14,player,806,0,0,488.66,398.55,559.25,533.28,14
14,player,807,0,0,480.74,398.30,551.33,533.02,14
14,player,808,0,0,472.81,398.05,543.40,532.77,14
14,player,809,0,0,464.89,397.80,535.48,532.52,14
14,player,810,0,0,456.96,397.54,527.56,532.27,14
14,player,811,0,0,449.04,397.29,519.63,532.02,14
14,player,812,0,0,441.12,397.04,511.71,531.77,14
14,player,813,0,0,433.19,396.79,503.78,531.52,14
14,player,814,0,0,425.27,396.54,495.86,531.26,14
14,player,815,0,0,417.35,396.29,487.94,531.01,14
14,player,816,0,0,409.42,396.04,480.01,530.76,14
14,player,817,0,0,401.50,395.78,472.09,530.51,14
14,player,818,0,0,393.58,395.53,464.17,530.26,14
14,player,819,0,0,385.65,395.28,456.24,530.01,14
14,player,820,0,0,377.73,395.03,448.32,529.75,14
14,player,821,0,0,369.81,394.78,440.40,529.50,14
14,player,822,0,0,361.88,394.53,432.47,529.25,14
14,player,823,0,0,353.96,394.27,424.55,529.00,14
14,player,824,0,0,346.04,394.02,416.63,528.75,14
14,player,825,0,0,338.11,393.77,408.70,528.50,14
14,player,826,0,0,330.19,393.52,400.78,528.25,14
14,player,827,0,0,322.27,393.27,392.86,527.99,14
14,player,828,0,0,314.34,393.02,384.93,527.74,14
14,player,829,0,0,306.42,392.77,377.01,527.49,14
14,player,830,0,0,298.50,392.51,369.09,527.24,14
14,player,831,0,0,292.08,392.51,362.67,527.24,14
14,player,832,0,0,285.67,392.51,356.26,527.24,14
14,player,833,0,0,279.25,392.51,349.84,527.24,14
14,player,834,0,0,279.25,392.51,349.84,527.24,14
14,player,835,0,0,279.25,392.51,349.84,527.24,14
14,player,836,0,0,279.25,392.51,349.84,527.24,14
14,player,837,0,0,279.25,392.51,349.84,527.24,14
14,player,838,0,0,279.25,392.51,349.84,527.24,14
14,player,839,0,0,279.25,392.51,349.84,527.24,14
14,player,840,0,0,279.25,392.51,349.84,527.24,14
14,player,841,0,0,279.25,392.51,349.84,527.24,14
14,player,842,0,0,279.25,392.51,349.84,527.24,14
14,player,843,0,0,279.25,392.51,349.84,527.24,14
14,player,844,0,0,279.25,392.51,349.84,527.24,14
14,player,845,0,0,279.25,392.51,349.84,527.24,14
14,player,846,0,0,279.25,392.51,349.84,527.24,14
14,player,847,0,0,279.25,392.51,349.84,527.24,14
14,player,848,0,0,279.25,392.51,349.84,527.24,14
14,player,849,0,0,279.25,392.51,349.84,527.24,14
14,player,850,0,0,279.25,392.51,349.84,527.24,14
14,player,851,0,0,279.25,392.51,349.84,527.24,14
14,player,852,0,0,279.25,392.51,349.84,527.24,14
14,player,853,0,0,279.25,392.51,349.84,527.24,14
14,player,854,0,0,279.25,392.51,349.84,527.24,14
14,player,855,0,0,279.25,392.51,349.84,527.24,14
14,player,856,0,0,279.25,392.51,349.84,527.24,14
14,player,857,0,0,279.25,392.51,349.84,527.24,14
14,player,858,0,0,279.25,392.51,349.84,527.24,14
14,player,859,0,0,279.25,392.51,349.84,527.24,14
14,player,860,0,0,279.25,392.51,349.84,527.24,14
14,player,861,0,0,279.25,392.51,349.84,527.24,14
14,player,862,0,0,279.25,392.51,349.84,527.24,14
14,player,863,0,0,279.25,392.51,349.84,527.24,14
14,player,864,0,0,279.25,392.51,349.84,527.24,14
14,player,865,0,0,279.25,392.51,349.84,527.24,14
14,player,866,0,0,279.25,392.51,349.84,527.24,14
14,player,867,0,0,279.25,392.51,349.84,527.24,14
14,player,868,0,0,279.25,392.51,349.84,527.24,14
14,player,869,0,0,279.25,392.51,349.84,527.24,14
14,player,870,0,0,279.25,392.51,349.84,527.24,14
14,player,871,0,0,279.25,392.51,349.84,527.24,14
14,player,872,0,0,279.25,392.51,349.84,527.24,14
14,player,873,0,0,279.25,392.51,349.84,527.24,14
14,player,874,0,0,279.25,392.51,349.84,527.24,14
14,player,875,0,0,279.25,392.51,349.84,527.24,14
14,player,876,0,0,279.25,392.51,349.84,527.24,14
14,player,877,0,0,279.25,392.51,349.84,527.24,14
14,player,878,0,0,279.25,392.51,349.84,527.24,14
14,player,879,0,0,279.25,392.51,349.84,527.24,14
14,player,880,0,0,279.25,392.51,349.84,527.24,14
14,player,881,0,0,279.25,392.51,349.84,527.24,14
14,player,882,0,0,279.25,392.51,349.84,527.24,14
14,player,883,0,0,279.25,392.51,349.84,527.24,14
14,player,884,0,0,279.25,392.51,349.84,527.24,14
14,player,885,0,0,279.25,392.51,349.84,527.24,14
14,player,886,0,0,279.25,392.51,349.84,527.24,14
14,player,887,0,0,279.25,392.51,349.84,527.24,14
14,player,888,0,0,279.25,392.51,349.84,527.24,14
14,player,889,0,0,279.25,392.51,349.84,527.24,14
14,player,890,0,0,279.25,392.51,349.84,527.24,14
14,player,891,1,0,279.25,392.51,349.84,527.24,14
15,player,7,0,0,1046.60,219.30,1117.10,339.00,-1
15,player,8,0,0,1043.15,219.63,1113.65,339.33,-1
15,player,9,0,0,1039.69,219.96,1110.19,339.66,-1
15,player,10,0,0,1036.24,220.29,1106.74,339.99,-1
15,player,11,0,0,1032.79,220.62,1103.28,340.32,-1
15,player,12,0,0,1029.33,220.94,1099.83,340.64,-1
15,player,13,0,0,1025.88,221.27,1096.38,340.97,-1
15,player,14,0,0,1022.42,221.60,1092.92,341.30,-1
15,player,15,0,0,1018.97,221.93,1089.47,341.63,-1
15,player,16,0,0,1015.52,222.26,1086.02,341.96,-1
15,player,17,0,0,1012.06,222.59,1082.56,342.29,-1
15,player,18,0,0,1008.61,222.92,1079.11,342.62,-1
15,player,19,0,0,1005.15,223.25,1075.65,342.95,-1
15,player,20,0,0,1001.70,223.58,1072.20,343.28,-1
15,player,21,0,0,994.96,224.35,1065.46,344.05,-1
15,player,22,0,0,988.22,225.13,1058.72,344.83,-1
15,player,23,0,0,981.49,225.91,1051.98,345.61,-1
15,player,24,0,0,974.75,226.69,1045.25,346.39,-1
15,player,25,0,0,968.01,227.46,1038.51,347.16,-1
15,player,26,0,0,961.27,228.24,1031.77,347.94,-1
15,player,27,0,0,954.53,229.02,1025.03,348.72,-1
15,player,28,0,0,947.79,229.80,1018.29,349.50,-1
15,player,29,0,0,941.06,230.57,1011.56,350.27,-1
15,player,30,0,0,934.32,231.35,1004.82,351.05,-1
15,player,31,0,0,927.58,232.13,998.08,351.83,-1
15,player,32,0,0,920.84,232.91,991.34,352.61,-1
15,player,33,0,0,914.10,233.68,984.60,353.38,-1
15,player,34,0,0,907.37,234.46,977.86,354.16,-1
15,player,35,0,0,900.63,235.24,971.13,354.94,-1
15,player,36,0,0,893.89,236.02,964.39,355.72,-1
15,player,37,0,0,887.15,236.79,957.65,356.49,-1
15,player,38,0,0,880.41,237.57,950.91,357.27,-1
15,player,39,0,0,873.67,238.35,944.17,358.05,-1
15,player,40,0,0,866.94,239.13,937.44,358.83,-1
15,player,41,0,0,860.20,239.90,930.70,359.60,-1
15,player,42,0,0,853.46,240.68,923.96,360.38,-1
15,player,43,0,0,846.72,241.46,917.22,361.16,-1
15,player,44,0,0,839.98,242.24,910.48,361.94,-1
15,player,45,0,0,833.24,243.01,903.74,362.71,-1
15,player,46,0,0,826.51,243.79,897.01,363.49,-1
15,player,47,0,0,819.77,244.57,890.27,364.27,-1
15,player,48,0,0,813.03,245.35,883.53,365.05,-1
15,player,49,0,0,806.29,246.12,876.79,365.82,-1
15,player,50,0,0,799.55,246.90,870.05,366.60,-1
15,player,51,0,0,792.82,247.68,863.31,367.38,-1
15,player,52,0,0,786.08,248.45,856.58,368.16,-1
15,player,53,0,0,779.34,249.23,849.84,368.93,-1
15,player,54,0,0,778.48,249.09,848.98,368.79,-1
15,player,55,0,0,777.63,248.95,848.13,368.65,-1
15,player,56,0,0,776.77,248.80,847.27,368.51,-1
15,player,57,0,0,775.92,248.66,846.42,368.36,-1
15,player,58,0,0,775.06,248.52,845.56,368.22,-1
15,player,59,0,0,774.21,248.38,844.71,368.08,-1
15,player,60,0,0,773.35,248.23,843.85,367.94,-1
15,player,61,0,0,772.50,248.09,843.00,367.79,-1
15,player,62,0,0,771.64,247.95,842.14,367.65,-1
15,player,63,0,0,770.79,247.81,841.29,367.51,-1
15,player,64,0,0,769.93,247.66,840.43,367.36,-1
15,player,65,0,0,769.08,247.52,839.58,367.22,-1
15,player,66,0,0,768.22,247.38,838.72,367.08,-1
15,player,67,0,0,767.37,247.24,837.87,366.94,-1
15,player,68,0,0,766.51,247.09,837.01,366.79,-1
15,player,69,0,0,759.56,247.09,830.06,366.79,-1
15,player,70,0,0,752.61,247.09,823.11,366.79,-1
15,player,71,0,0,745.66,247.09,816.16,366.79,-1
15,player,72,0,0,738.72,247.09,809.22,366.79,-1
15,player,73,0,0,732.48,246.11,802.98,365.81,-1
15,player,74,0,0,726.24,245.13,796.74,364.83,-1
15,player,75,0,0,720.01,244.15,790.51,363.85,-1
15,player,76,0,0,713.77,243.17,784.27,362.88,-1
15,player,77,0,0,707.54,242.19,778.03,361.90,-1
15,player,78,0,0,701.30,241.21,771.80,360.92,-1
15,player,79,0,0,695.06,240.23,765.56,359.94,-1
15,player,80,0,0,688.83,239.25,759.33,358.96,-1
15,player,81,0,0,682.59,238.27,753.09,357.98,-1
15,player,82,0,0,676.35,237.29,746.85,357.00,-1
15,player,83,0,0,670.12,236.31,740.62,356.02,-1
15,player,84,0,0,663.88,235.33,734.38,355.04,-1
15,player,85,0,0,657.65,234.35,728.15,354.06,-1
15,player,86,0,0,651.41,233.38,721.91,353.08,-1
15,player,87,0,0,645.17,232.40,715.67,352.10,-1
15,player,88,0,0,638.94,231.42,709.44,351.12,-1
15,player,89,0,0,632.70,230.44,703.20,350.14,-1
15,player,90,0,0,626.47,229.46,696.97,349.16,-1
15,player,91,0,0,620.23,228.48,690.73,348.18,-1
15,player,92,0,0,613.99,227.50,684.49,347.20,-1
15,player,93,0,0,607.76,226.52,678.26,346.22,-1
15,player,94,0,0,601.52,225.54,672.02,345.24,-1
15,player,95,0,0,595.29,224.56,665.79,344.26,-1
15,player,96,0,0,589.05,223.58,659.55,343.28,-1
15,player,97,0,0,584.77,224.49,655.27,344.19,-1
15,player,98,0,0,580.50,225.41,651.00,345.11,-1
15,player,99,0,0,576.22,226.32,646.72,346.02,-1
15,player,100,0,0,571.94,227.24,642.44,346.94,-1
15,player,101,0,0,567.67,228.16,638.17,347.86,-1
15,player,102,0,0,563.39,229.07,633.89,348.77,-1
15,player,103,0,0,559.12,229.99,629.62,349.69,-1
15,player,104,0,0,555.79,228.56,626.29,348.26,-1
15,player,105,0,0,552.46,227.14,622.96,346.84,-1
15,player,106,0,0,549.14,225.71,619.64,345.41,-1
15,player,107,0,0,545.81,224.29,616.31,343.99,-1
15,player,108,0,0,542.49,222.86,612.99,342.56,-1
15,player,109,0,0,539.16,221.44,609.66,341.14,-1
15,player,110,0,0,535.83,220.01,606.33,339.71,-1
15,player,111,0,0,532.51,218.59,603.01,338.29,-1
15,player,112,0,0,529.18,217.16,599.68,336.86,-1
15,player,113,0,0,528.20,215.35,598.70,335.05,-1
15,player,114,0,0,527.21,213.54,597.71,333.24,-1
15,player,115,0,0,526.22,211.73,596.72,331.43,-1
15,player,116,0,0,525.24,209.92,595.73,329.62,-1
15,player,117,0,0,524.25,208.12,594.75,327.82,-1
15,player,118,0,0,523.26,206.31,593.76,326.01,-1
15,player,119,0,0,522.28,204.50,592.77,324.20,-1
15,player,120,0,0,521.29,202.69,591.79,322.39,-1
15,player,121,0,0,520.30,200.88,590.80,320.58,-1
15,player,122,0,0,519.31,199.07,589.81,318.77,-1
15,player,123,0,0,518.33,197.26,588.83,316.96,-1
15,player,124,0,0,517.34,195.45,587.84,315.15,-1
15,player,125,0,0,516.35,193.64,586.85,313.34,-1
15,player,126,0,0,514.78,193.08,585.28,312.78,-1
15,player,127,0,0,513.21,192.51,583.71,312.21,-1
15,player,128,0,0,511.64,191.94,582.14,311.64,-1
15,player,129,0,0,510.07,191.38,580.57,311.08,-1
15,player,130,0,0,508.49,190.81,578.99,310.51,-1
15,player,131,0,0,506.92,190.25,577.42,309.95,-1
15,player,132,0,0,505.35,189.68,575.85,309.38,-1
15,player,133,0,0,503.78,189.12,574.28,308.82,-1
15,player,134,0,0,502.21,188.55,572.70,308.25,-1
15,player,135,0,0,500.63,187.98,571.13,307.68,-1
15,player,136,0,0,499.06,187.42,569.56,307.12,-1
15,player,137,0,0,497.49,186.85,567.99,306.55,-1
15,player,138,0,0,495.92,186.29,566.42,305.99,-1
15,player,139,0,0,494.34,185.72,564.84,305.42,-1
15,player,140,0,0,492.77,185.15,563.27,304.85,-1
15,player,141,0,0,491.20,184.59,561.70,304.29,-1
15,player,142,0,0,489.63,184.02,560.13,303.72,-1
15,player,143,0,0,488.06,183.46,558.56,303.16,-1
15,player,144,0,0,486.48,182.89,556.98,302.59,-1
15,player,145,0,0,484.91,182.32,555.41,302.02,-1
15,player,146,0,0,483.34,181.76,553.84,301.46,-1
15,player,147,0,0,481.77,181.19,552.27,300.89,-1
15,player,148,0,0,480.20,180.63,550.70,300.33,-1
15,player,149,0,0,478.62,180.06,549.12,299.76,-1
15,player,150,0,0,477.05,179.49,547.55,299.19,-1
15,player,151,0,0,475.48,178.93,545.98,298.63,-1
15,player,152,0,0,473.91,178.36,544.41,298.06,-1
15,player,153,0,0,472.34,177.80,542.83,297.50,-1
15,player,154,0,0,470.76,177.23,541.26,296.93,-1
15,player,155,0,0,469.19,176.66,539.69,296.36,-1
15,player,156,0,0,467.62,176.10,538.12,295.80,-1
15,player,157,0,0,466.05,175.53,536.55,295.23,-1
15,player,158,0,0,464.47,174.97,534.97,294.67,-1
15,player,159,0,0,462.90,174.40,533.40,294.10,-1
15,player,160,0,0,459.78,175.21,530.28,294.91,-1
15,player,161,0,0,456.66,176.02,527.16,295.72,-1
15,player,162,0,0,453.54,176.83,524.04,296.53,-1
15,player,163,0,0,450.42,177.64,520.92,297.34,-1
15,player,164,0,0,447.30,178.45,517.80,298.15,-1
15,player,165,0,0,444.18,179.25,514.68,298.95,-1
15,player,166,0,0,441.06,180.06,511.56,299.76,-1
15,player,167,0,0,437.94,180.87,508.44,300.57,-1
15,player,168,0,0,434.82,181.68,505.32,301.38,-1
15,player,169,0,0,431.70,182.49,502.20,302.19,-1
15,player,170,0,0,428.58,183.30,499.08,303.00,-1
15,player,171,0,0,425.46,184.11,495.96,303.81,-1
15,player,172,0,0,422.34,184.92,492.84,304.62,-1
15,player,173,0,0,419.22,185.73,489.72,305.43,-1
15,player,174,0,0,416.10,186.54,486.60,306.24,-1
15,player,175,0,0,412.98,187.34,483.47,307.04,-1
15,player,176,0,0,409.85,188.15,480.35,307.85,-1
15,player,177,0,0,406.73,188.96,477.23,308.66,-1
15,player,178,0,0,403.61,189.77,474.11,309.47,-1
15,player,179,0,0,400.49,190.58,470.99,310.28,-1
15,player,180,0,0,397.37,191.39,467.87,311.09,-1
15,player,181,0,0,394.25,192.20,464.75,311.90,-1
15,player,182,0,0,391.13,193.01,461.63,312.71,-1
15,player,183,0,0,388.01,193.82,458.51,313.52,-1
15,player,184,0,0,384.89,194.63,455.39,314.33,-1
15,player,185,0,0,381.77,195.43,452.27,315.13,-1
15,player,186,0,0,378.65,196.24,449.15,315.94,-1
15,player,187,0,0,375.53,197.05,446.03,316.75,-1
15,player,188,0,0,372.41,197.86,442.91,317.56,-1
15,player,189,0,0,369.29,198.67,439.79,318.37,-1
15,player,190,0,0,366.17,199.48,436.67,319.18,-1
15,player,191,0,0,363.05,200.29,433.55,319.99,-1
15,player,192,0,0,359.93,201.10,430.43,320.80,-1
15,player,193,0,0,356.81,201.91,427.31,321.61,-1
15,player,194,0,0,353.69,202.72,424.19,322.42,-1
15,player,195,0,0,350.57,203.52,421.07,323.22,-1
15,player,196,0,0,347.45,204.33,417.95,324.03,-1
15,player,197,0,0,348.13,205.37,418.62,325.07,-1
15,player,198,0,0,348.80,206.40,419.30,326.10,-1
15,player,199,0,0,349.48,207.44,419.98,327.14,-1
15,player,200,0,0,350.16,208.47,420.66,328.17,-1
15,player,201,0,0,350.84,209.51,421.34,329.21,-1
15,player,202,0,0,351.52,210.54,422.02,330.24,-1
15,player,203,0,0,352.20,211.58,422.70,331.28,-1
15,player,204,0,0,352.88,212.61,423.38,332.31,-1
15,player,205,0,0,353.56,213.65,424.05,333.35,-1
15,player,206,0,0,354.23,214.68,424.73,334.38,-1
15,player,207,0,0,354.91,215.72,425.41,335.42,-1
15,player,208,0,0,355.59,216.75,426.09,336.45,-1
15,player,209,0,0,356.27,217.79,426.77,337.49,-1
15,player,210,0,0,356.95,218.82,427.45,338.52,-1
15,player,211,0,0,357.63,219.86,428.13,339.56,-1
15,player,212,0,0,358.31,220.89,428.81,340.59,-1
15,player,213,0,0,358.99,221.93,429.48,341.63,-1
15,player,214,0,0,359.66,222.96,430.16,342.67,-1
15,player,215,0,0,362.01,223.79,432.51,343.49,-1
15,player,216,0,0,364.35,224.62,434.85,344.32,-1
15,player,217,0,0,366.69,225.45,437.19,345.15,-1
15,player,218,0,0,369.03,226.27,439.53,345.97,-1
15,player,219,0,0,371.37,227.10,441.87,346.80,-1
15,player,220,0,0,373.71,227.93,444.21,347.63,-1
15,player,221,0,0,376.06,228.76,446.56,348.46,-1
15,player,222,0,0,378.40,229.58,448.90,349.28,-1
15,player,223,0,0,380.74,230.41,451.24,350.11,-1
15,player,224,0,0,383.08,231.24,453.58,350.94,-1
15,player,225,0,0,385.42,232.06,455.92,351.77,-1
15,player,226,0,0,387.76,232.89,458.26,352.59,-1
15,player,227,0,0,390.11,233.72,460.61,353.42,-1
15,player,228,0,0,392.45,234.55,462.95,354.25,-1
15,player,229,0,0,394.79,235.37,465.29,355.07,-1
15,player,230,0,0,397.13,236.20,467.63,355.90,-1
15,player,231,0,0,399.47,237.03,469.97,356.73,-1
15,player,232,0,0,401.81,237.86,472.31,357.56,-1
15,player,233,0,0,404.16,238.68,474.66,358.38,-1
15,player,234,0,0,406.50,239.51,477.00,359.21,-1
15,player,235,0,0,408.84,240.34,479.34,360.04,-1
15,player,236,0,0,411.18,241.16,481.68,360.86,-1
15,player,237,0,0,413.52,241.99,484.02,361.69,-1
15,player,238,0,0,415.87,242.82,486.36,362.52,-1
15,player,239,0,0,418.22,243.03,488.72,362.73,-1
15,player,240,0,0,420.57,243.25,491.07,362.95,-1
15,player,241,0,0,422.92,243.46,493.42,363.16,-1
15,player,242,0,0,425.27,243.67,495.77,363.38,-1
15,player,243,0,0,427.62,243.89,498.12,363.59,-1
15,player,244,0,0,429.98,244.10,500.48,363.80,-1
15,player,245,0,0,432.33,244.32,502.83,364.02,-1
15,player,246,0,0,434.68,244.53,505.18,364.23,-1
15,player,247,0,0,437.03,244.74,507.53,364.44,-1
15,player,248,0,0,439.38,244.96,509.88,364.66,-1
15,player,249,0,0,441.28,245.91,511.78,365.61,-1
15,player,250,0,0,443.18,246.86,513.68,366.56,-1
15,player,251,0,0,445.09,247.81,515.58,367.51,-1
15,player,252,0,0,446.99,248.76,517.49,368.46,-1
15,player,253,0,0,448.89,249.71,519.39,369.41,-1
15,player,254,0,0,450.79,250.66,521.29,370.36,-1
15,player,255,0,0,452.69,251.61,523.19,371.31,-1
15,player,256,0,0,454.59,252.56,525.09,372.26,-1
15,player,257,0,0,456.49,253.51,526.99,373.21,-1
15,player,258,0,0,462.37,253.51,532.87,373.21,-1
15,player,259,0,0,468.25,253.51,538.75,373.21,-1
15,player,260,0,0,474.13,253.51,544.63,373.21,-1
15,player,261,0,0,480.01,253.51,550.51,373.21,-1
15,player,262,0,0,478.94,260.99,549.44,380.69,-1
15,player,263,0,0,477.87,268.48,548.37,388.18,-1
15,player,264,0,0,480.31,268.48,550.81,388.18,-1
15,player,265,0,0,482.76,268.48,553.25,388.18,-1
15,player,266,0,0,485.20,268.48,555.70,388.18,-1
15,player,267,0,0,487.64,268.48,558.14,388.18,-1
15,player,268,0,0,490.09,268.48,560.59,388.18,-1
15,player,269,0,0,492.53,268.48,563.03,388.18,-1
15,player,270,0,0,494.97,268.48,565.47,388.18,-1
15,player,271,0,0,498.82,268.48,569.32,388.18,-1
15,player,272,0,0,502.67,268.48,573.17,388.18,-1
15,player,273,0,0,506.52,268.48,577.02,388.18,-1
15,player,274,0,0,510.37,268.48,580.87,388.18,-1
15,player,275,0,0,514.22,268.48,584.72,388.18,-1
15,player,276,0,0,520.36,267.67,590.86,387.38,-1
15,player,277,0,0,526.51,266.87,597.01,386.57,-1
15,player,278,0,0,532.66,266.07,603.16,385.77,-1
15,player,279,0,0,538.80,265.27,609.30,384.97,-1
15,player,280,0,0,544.95,264.47,615.45,384.17,-1
15,player,281,0,0,551.10,263.67,621.60,383.37,-1
15,player,282,0,0,557.25,262.86,627.74,382.56,-1
15,player,283,0,0,563.39,262.06,633.89,381.76,-1
15,player,284,0,0,577.29,257.79,647.79,377.49,-1
15,player,285,0,0,591.19,253.51,661.69,373.21,-1
15,player,286,0,0,598.03,252.44,668.53,372.14,-1
15,player,287,0,0,604.87,251.37,675.37,371.07,-1
15,player,288,0,0,611.71,250.30,682.21,370.00,-1
15,player,289,0,0,618.55,249.23,689.05,368.93,-1
15,player,290,0,0,625.40,248.16,695.90,367.86,-1
15,player,291,0,0,632.24,247.10,702.74,366.80,-1
15,player,292,0,0,639.08,246.03,709.58,365.73,-1
15,player,293,0,0,645.92,244.96,716.42,364.66,-1
15,player,294,0,0,652.76,243.89,723.26,363.59,-1
15,player,295,0,0,659.61,242.82,730.10,362.52,-1
15,player,296,0,0,666.68,240.60,737.18,360.30,-1
15,player,297,0,0,673.75,238.38,744.25,358.08,-1
15,player,298,0,0,680.82,236.16,751.32,355.86,-1
15,player,299,0,0,687.89,233.94,758.39,353.64,-1
15,player,300,0,0,694.97,231.72,765.47,351.42,-1
15,player,301,0,0,702.04,229.50,772.54,349.20,-1
15,player,302,0,0,709.11,227.28,779.61,346.98,-1
15,player,303,0,0,716.18,225.06,786.68,344.76,-1
15,player,304,0,0,723.25,222.84,793.75,342.54,-1
15,player,305,0,0,730.33,220.62,800.83,340.32,-1
15,player,306,0,0,737.40,218.40,807.90,338.10,-1
15,player,307,0,0,744.47,216.18,814.97,335.88,-1
15,player,308,0,0,751.54,213.96,822.04,333.66,-1
15,player,309,0,0,758.62,211.73,829.12,331.43,-1
15,player,310,0,0,765.69,209.51,836.19,329.21,-1
15,player,311,0,0,772.76,207.29,843.26,326.99,-1
15,player,312,0,0,779.83,205.07,850.33,324.77,-1
15,player,313,0,0,786.90,202.85,857.40,322.55,-1
15,player,314,0,0,793.98,200.63,864.48,320.33,-1
15,player,315,0,0,801.05,198.41,871.55,318.11,-1
15,player,316,0,0,808.12,196.19,878.62,315.89,-1
15,player,317,0,0,815.19,193.97,885.69,313.67,-1
15,player,318,0,0,822.26,191.75,892.76,311.45,-1
15,player,319,0,0,829.34,189.53,899.84,309.23,-1
15,player,320,0,0,836.41,187.31,906.91,307.01,-1
15,player,321,0,0,843.48,185.09,913.98,304.79,-1
15,player,322,0,0,840.32,185.53,910.82,305.23,-1
15,player,323,0,0,837.16,185.96,907.66,305.66,-1
15,player,324,0,0,834.00,186.40,904.50,306.10,-1
15,player,325,0,0,830.84,186.83,901.34,306.53,-1
15,player,326,0,0,827.68,187.27,898.18,306.97,-1
15,player,327,0,0,824.52,187.70,895.02,307.40,-1
15,player,328,0,0,821.36,188.14,891.86,307.84,-1
15,player,329,0,0,818.20,188.57,888.70,308.27,-1
15,player,330,0,0,815.04,189.01,885.54,308.71,-1
15,player,331,0,0,811.88,189.44,882.38,309.14,-1
15,player,332,0,0,808.72,189.88,879.22,309.58,-1
15,player,333,0,0,805.56,190.31,876.06,310.01,-1
15,player,334,0,0,802.40,190.75,872.90,310.45,-1
15,player,335,0,0,799.24,191.18,869.74,310.88,-1
15,player,336,0,0,796.08,191.62,866.58,311.32,-1
15,player,337,0,0,792.92,192.05,863.42,311.75,-1
15,player,338,0,0,789.76,192.49,860.26,312.19,-1
15,player,339,0,0,786.60,192.92,857.10,312.62,-1
15,player,340,0,0,783.44,193.36,853.94,313.06,-1
15,player,341,0,0,780.28,193.79,850.78,313.49,-1
15,player,342,0,0,777.13,194.23,847.62,313.93,-1
15,player,343,0,0,773.97,194.66,844.46,314.37,-1
15,player,344,0,0,770.81,195.10,841.30,314.80,-1
15,player,345,0,0,767.65,195.54,838.14,315.24,-1
15,player,346,0,0,764.49,195.97,834.99,315.67,-1
15,player,347,0,0,761.33,196.41,831.83,316.11,-1
15,player,348,0,0,758.17,196.84,828.67,316.54,-1
15,player,349,0,0,755.01,197.28,825.51,316.98,-1
15,player,350,0,0,751.85,197.71,822.35,317.41,-1
15,player,351,0,0,748.69,198.15,819.19,317.85,-1
15,player,352,0,0,745.53,198.58,816.03,318.28,-1
15,player,353,0,0,742.37,199.02,812.87,318.72,-1
15,player,354,0,0,739.21,199.45,809.71,319.15,-1
15,player,355,0,0,736.05,199.89,806.55,319.59,-1
15,player,356,0,0,732.89,200.32,803.39,320.02,-1
15,player,357,0,0,729.73,200.76,800.23,320.46,-1
15,player,358,0,0,726.57,201.19,797.07,320.89,-1
15,player,359,0,0,723.41,201.63,793.91,321.33,-1
15,player,360,0,0,720.25,202.06,790.75,321.76,-1
15,player,361,0,0,717.09,202.50,787.59,322.20,-1
15,player,362,0,0,713.93,202.93,784.43,322.63,-1
15,player,363,0,0,710.77,203.37,781.27,323.07,-1
15,player,364,0,0,707.61,203.80,778.11,323.50,-1
15,player,365,0,0,704.45,204.24,774.95,323.94,-1
15,player,366,0,0,701.29,204.67,771.79,324.37,-1
15,player,367,0,0,698.13,205.11,768.63,324.81,-1
15,player,368,0,0,694.97,205.54,765.47,325.24,-1
15,player,369,0,0,691.81,205.98,762.31,325.68,-1
15,player,370,0,0,688.65,206.41,759.15,326.12,-1
15,player,371,0,0,685.49,206.85,755.99,326.55,-1
15,player,372,0,0,682.33,207.29,752.83,326.99,-1
15,player,373,0,0,679.17,207.72,749.67,327.42,-1
15,player,374,0,0,676.01,208.16,746.51,327.86,-1
15,player,375,0,0,672.85,208.59,743.35,328.29,-1
15,player,376,0,0,669.69,209.03,740.19,328.73,-1
15,player,377,0,0,666.53,209.46,737.03,329.16,-1
15,player,378,0,0,663.37,209.90,733.87,329.60,-1
15,player,379,0,0,660.21,210.33,730.71,330.03,-1
15,player,380,0,0,657.05,210.77,727.55,330.47,-1
15,player,381,0,0,653.89,211.20,724.39,330.90,-1
15,player,382,0,0,650.73,211.64,721.23,331.34,-1
15,player,383,0,0,647.57,212.07,718.07,331.77,-1
15,player,384,0,0,644.41,212.51,714.91,332.21,-1
15,player,385,0,0,641.25,212.94,711.75,332.64,-1
15,player,386,0,0,638.09,213.38,708.59,333.08,-1
15,player,387,0,0,634.93,213.81,705.43,333.51,-1
15,player,388,0,0,631.77,214.25,702.27,333.95,-1
15,player,389,0,0,628.61,214.68,699.11,334.38,-1
15,player,390,0,0,625.45,215.12,695.95,334.82,-1
15,player,391,0,0,622.29,215.55,692.79,335.25,-1
15,player,392,0,0,619.13,215.99,689.63,335.69,-1
15,player,393,0,0,615.97,216.42,686.47,336.12,-1
15,player,394,0,0,612.81,216.86,683.31,336.56,-1
15,player,395,0,0,609.65,217.29,680.15,336.99,-1
15,player,396,0,0,606.49,217.73,676.99,337.43,-1
15,player,397,0,0,603.33,218.16,673.83,337.86,-1
15,player,398,0,0,600.17,218.60,670.67,338.30,-1
15,player,399,0,0,597.01,219.04,667.51,338.74,-1
15,player,400,0,0,593.86,219.47,664.35,339.17,-1
15,player,401,0,0,590.70,219.91,661.19,339.61,-1
15,player,402,0,0,587.54,220.34,658.03,340.04,-1
15,player,403,0,0,584.38,220.78,654.87,340.48,-1
15,player,404,0,0,581.22,221.21,651.72,340.91,-1
15,player,405,0,0,578.06,221.65,648.56,341.35,-1
15,player,406,0,0,574.90,222.08,645.40,341.78,-1
15,player,407,0,0,571.74,222.52,642.24,342.22,-1
15,player,408,0,0,568.58,222.95,639.08,342.65,-1
15,player,409,0,0,565.42,223.39,635.92,343.09,-1
15,player,410,0,0,562.26,223.82,632.76,343.52,-1
15,player,411,0,0,559.10,224.26,629.60,343.96,-1
15,player,412,0,0,555.94,224.69,626.44,344.39,-1
15,player,413,0,0,552.78,225.13,623.28,344.83,-1
15,player,414,0,0,549.62,225.56,620.12,345.26,-1
15,player,415,0,0,546.46,226.00,616.96,345.70,-1
15,player,416,0,0,543.30,226.43,613.80,346.13,-1
15,player,417,0,0,540.14,226.87,610.64,346.57,-1
15,player,418,0,0,536.98,227.30,607.48,347.00,-1
15,player,419,0,0,533.82,227.74,604.32,347.44,-1
15,player,420,0,0,530.66,228.17,601.16,347.87,-1
15,player,421,0,0,527.50,228.61,598.00,348.31,-1
15,player,422,0,0,524.34,229.04,594.84,348.74,-1
15,player,423,0,0,521.18,229.48,591.68,349.18,-1
15,player,424,0,0,518.02,229.91,588.52,349.61,-1
15,player,425,0,0,514.86,230.35,585.36,350.05,-1
15,player,426,0,0,511.70,230.79,582.20,350.49,-1
15,player,427,0,0,508.54,231.22,579.04,350.92,-1
15,player,428,0,0,505.38,231.66,575.88,351.36,-1
15,player,429,0,0,502.22,232.09,572.72,351.79,-1
15,player,430,0,0,499.06,232.53,569.56,352.23,-1
15,player,431,0,0,495.90,232.96,566.40,352.66,-1
15,player,432,0,0,492.74,233.40,563.24,353.10,-1
15,player,433,0,0,489.58,233.83,560.08,353.53,-1
15,player,434,0,0,486.42,234.27,556.92,353.97,-1
15,player,435,0,0,485.64,236.02,556.14,355.72,-1
15,player,436,0,0,484.86,237.77,555.36,357.47,-1
15,player,437,0,0,484.08,239.53,554.58,359.23,-1
15,player,438,0,0,483.30,241.28,553.80,360.98,-1
15,player,439,0,0,482.52,243.03,553.02,362.73,-1
15,player,440,0,0,481.75,244.79,552.24,364.49,-1
15,player,441,0,0,480.97,246.54,551.47,366.24,-1
15,player,442,0,0,480.19,248.29,550.69,367.99,-1
15,player,443,0,0,479.41,250.05,549.91,369.75,-1
15,player,444,0,0,478.63,251.80,549.13,371.50,-1
15,player,445,0,0,477.85,253.55,548.35,373.25,-1
15,player,446,0,0,477.07,255.31,547.57,375.01,-1
15,player,447,0,0,476.29,257.06,546.79,376.76,-1
15,player,448,0,0,475.51,258.81,546.01,378.51,-1
15,player,449,0,0,474.73,260.57,545.23,380.27,-1
15,player,450,0,0,473.95,262.32,544.45,382.02,-1
15,player,451,0,0,473.17,264.07,543.67,383.77,-1
15,player,452,0,0,472.39,265.83,542.89,385.53,-1
15,player,453,0,0,471.62,267.58,542.11,387.28,-1
15,player,454,0,0,470.84,269.33,541.34,389.03,-1
15,player,455,0,0,470.06,271.08,540.56,390.79,-1
15,player,456,0,0,469.28,272.84,539.78,392.54,-1
15,player,457,0,0,468.50,274.59,539.00,394.29,-1
15,player,458,0,0,467.72,276.34,538.22,396.04,-1
15,player,459,0,0,466.94,278.10,537.44,397.80,-1
15,player,460,0,0,466.16,279.85,536.66,399.55,-1
15,player,461,0,0,465.38,281.60,535.88,401.30,-1
15,player,462,0,0,464.60,283.36,535.10,403.06,-1
15,player,463,0,0,463.82,285.11,534.32,404.81,-1
15,player,464,0,0,463.04,286.86,533.54,406.56,-1
15,player,465,0,0,462.26,288.62,532.76,408.32,-1
15,player,466,0,0,461.49,290.37,531.98,410.07,-1
15,player,467,0,0,460.71,292.12,531.21,411.82,-1
15,player,468,0,0,459.93,293.88,530.43,413.58,-1
15,player,469,0,0,459.15,295.63,529.65,415.33,-1
15,player,470,0,0,458.37,297.38,528.87,417.08,-1
15,player,471,0,0,456.11,297.95,526.61,417.65,-1
15,player,472,0,0,453.85,298.51,524.35,418.21,-1
15,player,473,0,0,451.60,299.08,522.10,418.78,-1
15,player,474,0,0,449.34,299.64,519.84,419.34,-1
15,player,475,0,0,447.08,300.21,517.58,419.91,-1
15,player,476,0,0,444.83,300.77,515.33,420.47,-1
15,player,477,0,0,442.57,301.33,513.07,421.03,-1
15,player,478,0,0,440.31,301.90,510.81,421.60,-1
15,player,479,0,0,438.05,302.46,508.55,422.16,-1
15,player,480,0,0,435.80,303.03,506.30,422.73,-1
15,player,481,0,0,433.54,303.59,504.04,423.29,-1
15,player,482,0,0,431.28,304.15,501.78,423.85,-1
15,player,483,0,0,429.03,304.72,499.53,424.42,-1
15,player,484,0,0,426.77,305.28,497.27,424.98,-1
15,player,485,0,0,424.51,305.85,495.01,425.55,-1
15,player,486,0,0,422.26,306.41,492.75,426.11,-1
15,player,487,0,0,420.00,306.98,490.50,426.68,-1
15,player,488,0,0,417.74,307.54,488.24,427.24,-1
15,player,489,0,0,415.48,308.10,485.98,427.80,-1
15,player,490,0,0,413.23,308.67,483.73,428.37,-1
15,player,491,0,0,410.97,309.23,481.47,428.93,-1
15,player,492,0,0,408.71,309.80,479.21,429.50,-1
15,player,493,0,0,406.46,310.36,476.96,430.06,-1
15,player,494,0,0,404.20,310.93,474.70,430.63,-1
15,player,495,0,0,401.94,311.49,472.44,431.19,-1
15,player,496,0,0,399.69,312.05,470.18,431.75,-1
15,player,497,0,0,397.43,312.62,467.93,432.32,-1
15,player,498,0,0,395.17,313.18,465.67,432.88,-1
15,player,499,0,0,392.91,313.75,463.41,433.45,-1
15,player,500,0,0,391.21,313.70,461.71,433.40,-1
15,player,501,0,0,389.51,313.66,460.01,433.36,-1
15,player,502,0,0,387.81,313.62,458.31,433.32,-1
15,player,503,0,0,386.11,313.57,456.61,433.27,-1
15,player,504,0,0,384.41,313.53,454.90,433.23,-1
15,player,505,0,0,382.70,313.49,453.20,433.19,-1
15,player,506,0,0,381.00,313.44,451.50,433.14,-1
15,player,507,0,0,379.30,313.40,449.80,433.10,-1
15,player,508,0,0,377.60,313.35,448.10,433.05,-1
15,player,509,0,0,375.90,313.31,446.40,433.01,-1
15,player,510,0,0,374.20,313.27,444.69,432.97,-1
15,player,511,0,0,372.49,313.22,442.99,432.92,-1
15,player,512,0,0,370.79,313.18,441.29,432.88,-1
15,player,513,0,0,369.09,313.14,439.59,432.84,-1
15,player,514,0,0,367.39,313.09,437.89,432.79,-1
15,player,515,0,0,365.69,313.05,436.19,432.75,-1
15,player,516,0,0,363.98,313.01,434.48,432.71,-1
15,player,517,0,0,362.28,312.96,432.78,432.66,-1
15,player,518,0,0,360.58,312.92,431.08,432.62,-1
15,player,519,0,0,358.88,312.87,429.38,432.57,-1
15,player,520,0,0,357.18,312.83,427.68,432.53,-1
15,player,521,0,0,355.48,312.79,425.98,432.49,-1
15,player,522,0,0,353.77,312.74,424.27,432.44,-1
15,player,523,0,0,352.07,312.70,422.57,432.40,-1
15,player,524,0,0,350.37,312.66,420.87,432.36,-1
15,player,525,0,0,348.67,312.61,419.17,432.31,-1
15,player,526,0,0,346.97,312.57,417.47,432.27,-1
15,player,527,0,0,345.27,312.53,415.77,432.23,-1
15,player,528,0,0,343.56,312.48,414.06,432.18,-1
15,player,529,0,0,341.86,312.44,412.36,432.14,-1
15,player,530,0,0,340.16,312.39,410.66,432.09,-1
15,player,531,0,0,338.46,312.35,408.96,432.05,-1
15,player,532,0,0,336.76,312.31,407.26,432.01,-1
15,player,533,0,0,335.06,312.26,405.55,431.96,-1
15,player,534,0,0,333.35,312.22,403.85,431.92,-1
15,player,535,0,0,331.65,312.18,402.15,431.88,-1
15,player,536,0,0,329.95,312.13,400.45,431.83,-1
15,player,537,0,0,328.25,312.09,398.75,431.79,-1
15,player,538,0,0,326.55,312.05,397.05,431.75,-1
15,player,539,0,0,324.84,312.00,395.34,431.70,-1
15,player,540,0,0,323.14,311.96,393.64,431.66,-1
15,player,541,0,0,321.44,311.91,391.94,431.61,-1
15,player,542,0,0,319.74,311.87,390.24,431.57,-1
15,player,543,0,0,318.04,311.83,388.54,431.53,-1
15,player,544,0,0,316.34,311.78,386.84,431.48,-1
15,player,545,0,0,314.63,311.74,385.13,431.44,-1
15,player,546,0,0,312.93,311.70,383.43,431.40,-1
15,player,547,0,0,311.23,311.65,381.73,431.35,-1
15,player,548,0,0,309.53,311.61,380.03,431.31,-1
15,player,549,0,0,308.10,312.32,378.60,432.02,-1
15,player,550,0,0,306.68,313.03,377.18,432.74,-1
15,player,551,0,0,305.25,313.75,375.75,433.45,-1
15,player,552,0,0,303.83,314.46,374.33,434.16,-1
15,player,553,0,0,302.40,315.17,372.90,434.87,-1
15,player,554,0,0,300.98,315.89,371.48,435.59,-1
15,player,555,0,0,300.04,316.69,370.54,436.39,-1
15,player,556,0,0,299.11,317.49,369.61,437.19,-1
15,player,557,0,0,298.17,318.29,368.67,437.99,-1
15,player,558,0,0,297.23,319.09,367.73,438.79,-1
15,player,559,0,0,296.30,319.89,366.80,439.60,-1
15,player,560,0,0,295.36,320.70,365.86,440.40,-1
15,player,561,0,0,294.43,321.50,364.93,441.20,-1
15,player,562,0,0,293.49,322.30,363.99,442.00,-1
15,player,563,0,0,292.56,323.10,363.06,442.80,-1
15,player,564,0,0,291.62,323.90,362.12,443.60,-1
15,player,565,0,0,290.69,324.71,361.19,444.41,-1
15,player,566,0,0,289.75,325.51,360.25,445.21,-1
15,player,567,0,0,288.82,326.31,359.32,446.01,-1
15,player,568,0,0,287.88,327.11,358.38,446.81,-1
15,player,569,0,0,286.95,327.91,357.44,447.61,-1
15,player,570,0,0,286.01,328.71,356.51,448.42,-1
15,player,571,0,0,291.90,328.19,362.40,447.89,-1
15,player,572,0,0,297.79,327.67,368.29,447.37,-1
15,player,573,0,0,303.68,327.15,374.18,446.85,-1
15,player,574,0,0,309.58,326.62,380.08,446.32,-1
15,player,575,0,0,315.47,326.10,385.97,445.80,-1
15,player,576,0,0,321.36,325.58,391.86,445.28,-1
15,player,577,0,0,327.25,325.06,397.75,444.76,-1
15,player,578,0,0,333.14,324.53,403.64,444.23,-1
15,player,579,0,0,339.03,324.01,409.53,443.71,-1
15,player,580,0,0,344.93,323.49,415.43,443.19,-1
15,player,581,0,0,350.82,322.97,421.32,442.67,-1
15,player,582,0,0,356.71,322.44,427.21,442.14,-1
15,player,583,0,0,362.60,321.92,433.10,441.62,-1
15,player,584,0,0,368.49,321.40,438.99,441.10,-1
15,player,585,0,0,374.38,320.88,444.88,440.58,-1
15,player,586,0,0,380.28,320.35,450.77,440.05,-1
15,player,587,0,0,386.17,319.83,456.67,439.53,-1
15,player,588,0,0,392.06,319.31,462.56,439.01,-1
15,player,589,0,0,397.95,318.78,468.45,438.48,-1
15,player,590,0,0,403.84,318.26,474.34,437.96,-1
15,player,591,0,0,409.73,317.74,480.23,437.44,-1
15,player,592,0,0,415.62,317.22,486.12,436.92,-1
15,player,593,0,0,421.52,316.69,492.02,436.39,-1
15,player,594,0,0,427.41,316.17,497.91,435.87,-1
15,player,595,0,0,433.30,315.65,503.80,435.35,-1
15,player,596,0,0,439.19,315.13,509.69,434.83,-1
15,player,597,0,0,445.08,314.60,515.58,434.30,-1
15,player,598,0,0,450.97,314.08,521.47,433.78,-1
15,player,599,0,0,456.87,313.56,527.37,433.26,-1
15,player,600,0,0,462.76,313.04,533.26,432.74,-1
15,player,601,0,0,468.65,312.51,539.15,432.21,-1
15,player,602,0,0,474.54,311.99,545.04,431.69,-1
15,player,603,0,0,480.43,311.47,550.93,431.17,-1
15,player,604,0,0,486.32,310.94,556.82,430.64,-1
15,player,605,0,0,492.22,310.42,562.72,430.12,-1
15,player,606,0,0,498.11,309.90,568.61,429.60,-1
15,player,607,0,0,504.00,309.38,574.50,429.08,-1
15,player,608,0,0,509.89,308.85,580.39,428.55,-1
15,player,609,0,0,515.78,308.33,586.28,428.03,-1
15,player,610,0,0,521.67,307.81,592.17,427.51,-1
15,player,611,0,0,527.57,307.29,598.06,426.99,-1
15,player,612,0,0,533.46,306.76,603.96,426.46,-1
15,player,613,0,0,539.35,306.24,609.85,425.94,-1
15,player,614,0,0,545.24,305.72,615.74,425.42,-1
15,player,615,0,0,551.13,305.20,621.63,424.90,-1
15,player,616,0,0,568.24,306.62,638.74,426.32,-1
15,player,617,0,0,585.34,308.05,655.84,427.75,-1
15,player,618,0,0,602.45,309.47,672.95,429.17,-1
15,player,619,0,0,620.03,308.52,690.53,428.22,-1
15,player,620,0,0,637.61,307.57,708.11,427.27,-1
15,player,621,0,0,655.19,306.62,725.68,426.32,-1
15,player,622,0,0,672.77,305.67,743.26,425.37,-1
15,player,623,0,0,690.35,304.72,760.84,424.42,-1
15,player,624,0,0,707.92,303.77,778.42,423.47,-1
15,player,625,0,0,725.50,302.82,796.00,422.52,-1
15,player,626,0,0,743.08,301.87,813.58,421.57,-1
15,player,627,0,0,760.66,300.92,831.16,420.62,-1
15,player,628,0,0,773.28,301.21,843.78,420.91,-1
15,player,629,0,0,785.89,301.49,856.39,421.19,-1
15,player,630,0,0,798.51,301.78,869.01,421.48,-1
15,player,631,0,0,811.12,302.06,881.62,421.76,-1
15,player,632,0,0,823.74,302.35,894.24,422.05,-1
15,player,633,0,0,836.35,302.63,906.85,422.33,-1
15,player,634,0,0,848.97,302.92,919.47,422.62,-1
15,player,635,0,0,861.58,303.20,932.08,422.90,-1
15,player,636,0,0,874.20,303.49,944.70,423.19,-1
15,player,637,0,0,886.81,303.77,957.31,423.47,-1
15,player,638,0,0,899.43,304.06,969.93,423.76,-1
15,player,639,0,0,912.04,304.34,982.54,424.04,-1
15,player,640,0,0,924.66,304.63,995.15,424.33,-1
15,player,641,0,0,937.27,304.91,1007.77,424.61,-1
15,player,642,0,0,949.88,305.20,1020.38,424.90,-1
15,player,643,0,0,962.50,305.48,1033.00,425.18,-1
15,player,644,0,0,975.11,305.77,1045.61,425.47,-1
15,player,645,0,0,987.73,306.05,1058.23,425.75,-1
15,player,646,0,0,1000.34,306.34,1070.84,426.04,-1
15,player,647,0,0,1012.96,306.62,1083.46,426.32,-1
15,player,648,0,0,1025.57,306.91,1096.07,426.61,-1
15,player,649,0,0,1038.19,307.19,1108.69,426.89,-1
15,player,650,0,0,1050.80,307.48,1121.30,427.18,-1
15,player,651,0,0,1063.42,307.76,1133.92,427.46,-1
15,player,652,0,0,1076.03,308.05,1146.53,427.75,-1
15,player,653,0,0,1088.65,308.33,1159.15,428.03,-1
15,player,654,0,0,1101.26,308.62,1171.76,428.32,-1
15,player,655,0,0,1113.88,308.90,1184.38,428.60,-1
15,player,656,0,0,1126.49,309.19,1196.99,428.89,-1
15,player,657,0,0,1139.11,309.47,1209.60,429.17,-1
15,player,658,0,0,1150.87,310.54,1221.36,430.24,-1
15,player,659,0,0,1162.62,311.61,1233.12,431.31,-1
15,player,660,0,0,1169.71,311.39,1240.21,431.09,-1
15,player,661,0,0,1176.80,311.16,1247.30,430.86,-1
15,player,662,0,0,1183.89,310.94,1254.39,430.64,-1
15,player,663,0,0,1190.98,310.71,1261.48,430.41,-1
15,player,664,0,0,1198.07,310.48,1268.57,430.19,-1
15,player,665,0,0,1205.16,310.26,1275.66,429.96,-1
15,player,666,0,0,1212.25,310.03,1282.75,429.74,-1
15,player,667,0,0,1219.34,309.81,1289.84,429.51,-1
15,player,668,0,0,1226.43,309.58,1296.93,429.28,-1
15,player,669,0,0,1233.52,309.36,1304.02,429.06,-1
15,player,670,0,0,1240.61,309.13,1311.11,428.83,-1
15,player,671,0,0,1247.70,308.91,1318.20,428.61,-1
15,player,672,0,0,1254.79,308.68,1325.29,428.38,-1
15,player,673,0,0,1261.88,308.46,1332.38,428.16,-1
15,player,674,0,0,1268.97,308.23,1339.47,427.93,-1
15,player,675,0,0,1276.06,308.01,1346.56,427.71,-1
15,player,676,0,0,1283.15,307.78,1353.64,427.48,-1
15,player,677,0,0,1290.23,307.56,1360.73,427.26,-1
15,player,678,0,0,1297.32,307.33,1367.82,427.03,-1
15,player,679,0,0,1294.29,307.51,1364.79,427.21,-1
15,player,680,0,0,1291.26,307.68,1361.76,427.38,-1
15,player,681,0,0,1288.22,307.86,1358.72,427.56,-1
15,player,682,0,0,1285.19,308.03,1355.69,427.73,-1
15,player,683,0,0,1282.16,308.20,1352.66,427.90,-1
15,player,684,0,0,1279.13,308.38,1349.63,428.08,-1
15,player,685,0,0,1276.09,308.55,1346.59,428.25,-1
15,player,686,0,0,1273.06,308.73,1343.56,428.43,-1
15,player,687,0,0,1270.03,308.90,1340.53,428.60,-1
15,player,688,0,0,1266.99,309.07,1337.49,428.77,-1
15,player,689,0,0,1263.96,309.25,1334.46,428.95,-1
15,player,690,0,0,1260.93,309.42,1331.43,429.12,-1
15,player,691,0,0,1257.89,309.60,1328.39,429.30,-1
15,player,692,0,0,1254.86,309.77,1325.36,429.47,-1
15,player,693,0,0,1251.83,309.94,1322.33,429.64,-1
15,player,694,0,0,1248.79,310.12,1319.29,429.82,-1
15,player,695,0,0,1245.76,310.29,1316.26,429.99,-1
15,player,696,0,0,1242.73,310.47,1313.23,430.17,-1
15,player,697,0,0,1239.70,310.64,1310.19,430.34,-1
15,player,698,0,0,1236.66,310.81,1307.16,430.51,-1
15,player,699,0,0,1233.63,310.99,1304.13,430.69,-1
15,player,700,0,0,1230.60,311.16,1301.10,430.86,-1
15,player,701,0,0,1227.56,311.34,1298.06,431.04,-1
15,player,702,0,0,1224.53,311.51,1295.03,431.21,-1
15,player,703,0,0,1221.50,311.68,1292.00,431.38,-1
15,player,704,0,0,1218.46,311.86,1288.96,431.56,-1
15,player,705,0,0,1215.43,312.03,1285.93,431.73,-1
15,player,706,0,0,1212.40,312.21,1282.90,431.91,-1
15,player,707,0,0,1209.36,312.38,1279.86,432.08,-1
15,player,708,0,0,1206.33,312.55,1276.83,432.26,-1
15,player,709,0,0,1203.30,312.73,1273.80,432.43,-1
15,player,710,0,0,1200.27,312.90,1270.76,432.60,-1
15,player,711,0,0,1197.23,313.08,1267.73,432.78,-1
15,player,712,0,0,1194.20,313.25,1264.70,432.95,-1
15,player,713,0,0,1191.17,313.43,1261.67,433.13,-1
15,player,714,0,0,1188.13,313.60,1258.63,433.30,-1
15,player,715,0,0,1185.10,313.77,1255.60,433.47,-1
15,player,716,0,0,1182.07,313.95,1252.57,433.65,-1
15,player,717,0,0,1179.03,314.12,1249.53,433.82,-1
15,player,718,0,0,1176.00,314.30,1246.50,434.00,-1
15,player,719,0,0,1172.97,314.47,1243.47,434.17,-1
15,player,720,0,0,1169.93,314.64,1240.43,434.34,-1
15,player,721,0,0,1166.90,314.82,1237.40,434.52,-1
15,player,722,0,0,1163.87,314.99,1234.37,434.69,-1
15,player,723,0,0,1160.84,315.17,1231.33,434.87,-1
15,player,724,0,0,1157.80,315.34,1228.30,435.04,-1
15,player,725,0,0,1154.77,315.51,1225.27,435.21,-1
15,player,726,0,0,1151.74,315.69,1222.24,435.39,-1
15,player,727,0,0,1148.70,315.86,1219.20,435.56,-1
15,player,728,0,0,1145.67,316.04,1216.17,435.74,-1
15,player,729,0,0,1142.64,316.21,1213.14,435.91,-1
15,player,730,0,0,1139.60,316.38,1210.10,436.08,-1
15,player,731,0,0,1136.57,316.56,1207.07,436.26,-1
15,player,732,0,0,1133.54,316.73,1204.04,436.43,-1
15,player,733,0,0,1130.50,316.91,1201.00,436.61,-1
15,player,734,0,0,1127.47,317.08,1197.97,436.78,-1
15,player,735,0,0,1124.44,317.25,1194.94,436.95,-1
15,player,736,0,0,1121.41,317.43,1191.90,437.13,-1
15,player,737,0,0,1118.37,317.60,1188.87,437.30,-1
15,player,738,0,0,1115.34,317.78,1185.84,437.48,-1
15,player,739,0,0,1112.31,317.95,1182.81,437.65,-1
15,player,740,0,0,1109.27,318.12,1179.77,437.82,-1
15,player,741,0,0,1106.24,318.30,1176.74,438.00,-1
15,player,742,0,0,1103.21,318.47,1173.71,438.17,-1
15,player,743,0,0,1100.17,318.65,1170.67,438.35,-1
15,player,744,0,0,1097.14,318.82,1167.64,438.52,-1
15,player,745,0,0,1094.11,318.99,1164.61,438.69,-1
15,player,746,0,0,1091.07,319.17,1161.57,438.87,-1
15,player,747,0,0,1088.04,319.34,1158.54,439.04,-1
15,player,748,0,0,1085.01,319.52,1155.51,439.22,-1
15,player,749,0,0,1081.97,319.69,1152.47,439.39,-1
15,player,750,0,0,1078.94,319.86,1149.44,439.56,-1
15,player,751,0,0,1075.91,320.04,1146.41,439.74,-1
15,player,752,0,0,1072.88,320.21,1143.38,439.91,-1
15,player,753,0,0,1069.84,320.39,1140.34,440.09,-1
15,player,754,0,0,1066.81,320.56,1137.31,440.26,-1
15,player,755,0,0,1063.78,320.73,1134.28,440.43,-1
15,player,756,0,0,1060.74,320.91,1131.24,440.61,-1
15,player,757,0,0,1057.71,321.08,1128.21,440.78,-1
15,player,758,0,0,1054.68,321.26,1125.18,440.96,-1
15,player,759,0,0,1051.64,321.43,1122.14,441.13,-1
15,player,760,0,0,1048.61,321.60,1119.11,441.30,-1
15,player,761,0,0,1045.58,321.78,1116.08,441.48,-1
15,player,762,0,0,1042.54,321.95,1113.04,441.65,-1
15,player,763,0,0,1039.51,322.13,1110.01,441.83,-1
15,player,764,0,0,1036.48,322.30,1106.98,442.00,-1
15,player,765,0,0,1030.94,323.66,1101.44,443.36,-1
15,player,766,0,0,1025.40,325.02,1095.90,444.72,-1
15,player,767,0,0,1019.86,326.38,1090.36,446.08,-1
15,player,768,0,0,1014.32,327.74,1084.82,447.44,-1
15,player,769,0,0,1008.78,329.10,1079.28,448.80,-1
15,player,770,0,0,1003.24,330.46,1073.74,450.16,-1
15,player,771,0,0,997.70,331.83,1068.20,451.53,-1
15,player,772,0,0,992.16,333.19,1062.66,452.89,-1
15,player,773,0,0,986.62,334.55,1057.12,454.25,-1
15,player,774,0,0,981.08,335.91,1051.58,455.61,-1
15,player,775,0,0,975.54,337.27,1046.04,456.97,-1
15,player,776,0,0,970.00,338.63,1040.50,458.33,-1
15,player,777,0,0,964.46,339.99,1034.96,459.69,-1
15,player,778,0,0,958.92,341.35,1029.42,461.05,-1
15,player,779,0,0,953.38,342.71,1023.88,462.41,-1
15,player,780,0,0,947.84,344.07,1018.34,463.77,-1
15,player,781,0,0,942.31,345.43,1012.80,465.13,-1
15,player,782,0,0,936.77,346.79,1007.27,466.49,-1
15,player,783,0,0,931.23,348.15,1001.73,467.85,-1
15,player,784,0,0,925.69,349.51,996.19,469.21,-1
15,player,785,0,0,920.15,350.87,990.65,470.57,-1
15,player,786,0,0,914.61,352.23,985.11,471.93,-1
15,player,787,0,0,909.26,352.45,979.76,472.15,-1
15,player,788,0,0,903.92,352.66,974.42,472.36,-1
15,player,789,0,0,898.57,352.88,969.07,472.58,-1
15,player,790,0,0,893.23,353.09,963.73,472.79,-1
15,player,791,0,0,887.88,353.30,958.38,473.00,-1
15,player,792,0,0,882.54,353.52,953.04,473.22,-1
15,player,793,0,0,877.19,353.73,947.69,473.43,-1
15,player,794,0,0,871.85,353.94,942.35,473.64,-1
15,player,795,0,0,866.50,354.16,937.00,473.86,-1
15,player,796,0,0,861.16,354.37,931.65,474.07,-1
15,player,797,0,0,857.82,353.18,928.32,472.88,-1
15,player,798,0,0,854.49,351.98,924.99,471.68,-1
15,player,799,0,0,851.16,350.79,921.66,470.49,-1
15,player,800,0,0,847.82,349.59,918.32,469.29,-1
15,player,801,0,0,844.49,348.40,914.99,468.10,-1
15,player,802,0,0,841.16,347.20,911.66,466.90,-1
15,player,803,0,0,837.83,346.01,908.32,465.71,-1
15,player,804,0,0,834.49,344.81,904.99,464.51,-1
15,player,805,0,0,831.16,343.62,901.66,463.32,-1
15,player,806,0,0,827.83,342.42,898.33,462.12,-1
15,player,807,0,0,824.49,341.23,894.99,460.93,-1
15,player,808,0,0,821.16,340.03,891.66,459.73,-1
15,player,809,0,0,817.83,338.84,888.33,458.54,-1
15,player,810,0,0,814.49,337.64,884.99,457.35,-1
15,player,811,0,0,811.16,336.45,881.66,456.15,-1
15,player,812,0,0,807.83,335.26,878.33,454.96,-1
15,player,813,0,0,804.50,334.06,875.00,453.76,-1
15,player,814,0,0,801.16,332.87,871.66,452.57,-1
15,player,815,0,0,797.83,331.67,868.33,451.37,-1
15,player,816,0,0,794.50,330.48,865.00,450.18,-1
15,player,817,0,0,791.16,329.28,861.66,448.98,-1
15,player,818,0,0,787.83,328.09,858.33,447.79,-1
15,player,819,0,0,784.50,326.89,855.00,446.59,-1
15,player,820,0,0,781.17,325.70,851.67,445.40,-1
15,player,821,0,0,777.83,324.50,848.33,444.20,-1
15,player,822,0,0,774.50,323.31,845.00,443.01,-1
15,player,823,0,0,771.17,322.11,841.67,441.81,-1
15,player,824,0,0,767.83,320.92,838.33,440.62,-1
15,player,825,0,0,764.50,319.72,835.00,439.42,-1
15,player,826,0,0,761.17,318.53,831.67,438.23,-1
15,player,827,0,0,757.84,317.33,828.34,437.03,-1
15,player,828,0,0,754.50,316.14,825.00,435.84,-1
15,player,829,0,0,751.17,314.94,821.67,434.64,-1
15,player,830,0,0,747.84,313.75,818.34,433.45,-1
15,player,831,0,0,737.11,313.57,807.61,433.27,-1
15,player,832,0,0,726.39,313.40,796.89,433.10,-1
15,player,833,0,0,715.66,313.22,786.16,432.92,-1
15,player,834,0,0,704.94,313.05,775.43,432.75,-1
15,player,835,0,0,694.21,312.87,764.71,432.57,-1
15,player,836,0,0,683.48,312.70,753.98,432.40,-1
15,player,837,0,0,672.76,312.52,743.26,432.22,-1
15,player,838,0,0,662.03,312.35,732.53,432.05,-1
15,player,839,0,0,651.31,312.17,721.81,431.87,-1
15,player,840,0,0,640.58,312.00,711.08,431.70,-1
15,player,841,0,0,629.86,311.82,700.36,431.52,-1
15,player,842,0,0,619.13,311.65,689.63,431.35,-1
15,player,843,0,0,608.41,311.47,678.91,431.17,-1
15,player,844,0,0,597.68,311.30,668.18,431.00,-1
15,player,845,0,0,586.95,311.12,657.45,430.82,-1
15,player,846,0,0,576.23,310.94,646.73,430.65,-1
15,player,847,0,0,565.50,310.77,636.00,430.47,-1
15,player,848,0,0,554.78,310.59,625.28,430.29,-1
15,player,849,0,0,544.05,310.42,614.55,430.12,-1
15,player,850,0,0,533.33,310.24,603.83,429.94,-1
15,player,851,0,0,522.60,310.07,593.10,429.77,-1
15,player,852,0,0,511.88,309.89,582.38,429.59,-1
15,player,853,0,0,501.15,309.72,571.65,429.42,-1
15,player,854,0,0,490.43,309.54,560.92,429.24,-1
15,player,855,0,0,479.70,309.37,550.20,429.07,-1
15,player,856,0,0,468.97,309.19,539.47,428.89,-1
15,player,857,0,0,458.25,309.02,528.75,428.72,-1
15,player,858,0,0,447.52,308.84,518.02,428.54,-1
15,player,859,0,0,436.80,308.67,507.30,428.37,-1
15,player,860,0,0,426.07,308.49,496.57,428.19,-1
15,player,861,0,0,415.35,308.32,485.85,428.02,-1
15,player,862,0,0,404.62,308.14,475.12,427.84,-1
15,player,863,0,0,393.90,307.97,464.40,427.67,-1
15,player,864,0,0,383.17,307.79,453.67,427.49,-1
15,player,865,0,0,372.45,307.62,442.94,427.32,-1
15,player,866,0,0,361.72,307.44,432.22,427.14,-1
15,player,867,0,0,350.99,307.26,421.49,426.96,-1
15,player,868,0,0,340.27,307.09,410.77,426.79,-1
15,player,869,0,0,329.54,306.91,400.04,426.61,-1
15,player,870,0,0,318.82,306.74,389.32,426.44,-1
15,player,871,0,0,308.09,306.56,378.59,426.26,-1
15,player,872,0,0,297.37,306.39,367.87,426.09,-1
15,player,873,0,0,286.64,306.21,357.14,425.91,-1
15,player,874,0,0,275.92,306.04,346.42,425.74,-1
15,player,875,0,0,265.19,305.86,335.69,425.56,-1
15,player,876,0,0,254.47,305.69,324.96,425.39,-1
15,player,877,0,0,243.74,305.51,314.24,425.21,-1
15,player,878,0,0,233.01,305.34,303.51,425.04,-1
15,player,879,0,0,222.29,305.16,292.79,424.86,-1
15,player,880,0,0,211.56,304.99,282.06,424.69,-1
15,player,881,0,0,200.84,304.81,271.34,424.51,-1
15,player,882,0,0,190.11,304.64,260.61,424.34,-1
15,player,883,0,0,179.39,304.46,249.89,424.16,-1
15,player,884,0,0,168.66,304.29,239.16,423.99,-1
15,player,885,0,0,157.94,304.11,228.44,423.81,-1
15,player,886,0,0,147.21,303.93,217.71,423.64,-1
15,player,887,0,0,136.48,303.76,206.98,423.46,-1
15,player,888,0,0,125.76,303.58,196.26,423.28,-1
15,player,889,0,0,115.03,303.41,185.53,423.11,-1
15,player,890,0,0,104.31,303.23,174.81,422.93,-1
15,player,891,0,0,93.58,303.06,164.08,422.76,-1
15,player,892,0,0,93.58,303.06,164.08,422.76,-1
15,player,893,0,0,93.58,303.06,164.08,422.76,-1
15,player,894,0,0,93.58,303.06,164.08,422.76,-1
15,player,895,0,0,93.58,303.06,164.08,422.76,-1
15,player,896,0,0,93.58,303.06,164.08,422.76,-1
15,player,897,0,0,93.58,303.06,164.08,422.76,-1
15,player,898,0,0,93.58,303.06,164.08,422.76,-1
15,player,899,0,0,93.58,303.06,164.08,422.76,-1
16,player,159,0,0,1782.09,597.74,1863.30,790.16,33
16,player,160,0,0,1776.08,596.35,1857.29,788.78,33
16,player,161,0,0,1770.07,594.97,1851.28,787.39,33
16,player,162,0,0,1764.06,593.58,1845.27,786.00,33
16,player,163,0,0,1758.05,592.19,1839.26,784.61,33
16,player,164,0,0,1752.04,590.81,1833.25,783.23,33
16,player,165,0,0,1746.03,589.42,1827.24,781.84,33
16,player,166,0,0,1740.02,588.03,1821.23,780.45,33
16,player,167,0,0,1734.01,586.65,1815.22,779.07,33
16,player,168,0,0,1728.00,585.26,1809.21,777.68,33
16,player,169,0,0,1721.99,583.87,1803.20,776.29,33
16,player,170,0,0,1715.98,582.48,1797.19,774.91,33
16,player,171,0,0,1709.97,581.10,1791.18,773.52,33
16,player,172,0,0,1703.96,579.71,1785.17,772.13,33
16,player,173,0,0,1697.95,578.32,1779.16,770.75,33
16,player,174,0,0,1691.94,576.94,1773.15,769.36,33
16,player,175,0,0,1685.93,575.55,1767.14,767.97,33
16,player,176,0,0,1679.92,574.16,1761.13,766.59,33
16,player,177,0,0,1673.91,572.78,1755.12,765.20,33
16,player,178,0,0,1667.90,571.39,1749.11,763.81,33
16,player,179,0,0,1661.89,570.00,1743.10,762.43,33
16,player,180,0,0,1655.88,568.62,1737.09,761.04,33
16,player,181,0,0,1649.87,567.23,1731.09,759.65,33
16,player,182,0,0,1643.86,565.84,1725.08,758.26,33
16,player,183,0,0,1637.85,564.46,1719.07,756.88,33
16,player,184,0,0,1631.84,563.07,1713.06,755.49,33
16,player,185,0,0,1625.83,561.68,1707.05,754.10,33
16,player,186,0,0,1619.82,560.30,1701.04,752.72,33
16,player,187,0,0,1613.81,558.91,1695.03,751.33,33
16,player,188,0,0,1607.80,557.52,1689.02,749.94,33
16,player,189,0,0,1601.79,556.13,1683.01,748.56,33
16,player,190,0,0,1595.78,554.75,1677.00,747.17,33
16,player,191,0,0,1589.77,553.36,1670.99,745.78,33
16,player,192,0,0,1583.76,551.97,1664.98,744.40,33
16,player,193,0,0,1577.75,550.59,1658.97,743.01,33
16,player,194,0,0,1571.74,549.20,1652.96,741.62,33
16,player,195,0,0,1565.73,547.81,1646.95,740.24,33
16,player,196,0,0,1559.72,546.43,1640.94,738.85,33
16,player,197,0,0,1555.09,546.19,1636.78,736.59,33
16,player,198,0,0,1550.46,545.96,1632.62,734.33,33
16,player,199,0,0,1545.82,545.72,1628.47,732.07,33
16,player,200,0,0,1541.19,545.49,1624.31,729.82,33
16,player,201,0,0,1536.55,545.25,1620.15,727.56,33
16,player,202,0,0,1531.92,545.02,1615.99,725.30,33
16,player,203,0,0,1527.28,544.78,1611.84,723.04,33
16,player,204,0,0,1522.65,544.55,1607.68,720.78,33
16,player,205,0,0,1518.01,544.31,1603.52,718.52,33
16,player,206,0,0,1513.38,544.08,1599.36,716.27,33
16,player,207,0,0,1508.74,543.84,1595.21,714.01,33
16,player,208,0,0,1504.11,543.61,1591.05,711.75,33
16,player,209,0,0,1499.47,543.37,1586.89,709.49,33
16,player,210,0,0,1494.84,543.14,1582.74,707.23,33
16,player,211,0,0,1490.20,542.90,1578.58,704.97,33
16,player,212,0,0,1485.57,542.67,1574.42,702.72,33
16,player,213,0,0,1480.93,542.44,1570.26,700.46,33
16,player,214,0,0,1476.30,542.20,1566.11,698.20,33
16,player,215,0,0,1477.37,542.51,1567.17,698.51,33
16,player,216,0,0,1478.44,542.83,1568.24,698.83,33
16,player,217,0,0,1479.51,543.14,1569.31,699.14,33
16,player,218,0,0,1480.58,543.46,1570.38,699.46,33
16,player,219,0,0,1481.65,543.77,1571.45,699.77,33
16,player,220,0,0,1482.71,544.09,1572.52,700.09,33
16,player,221,0,0,1483.78,544.40,1573.59,700.40,33
16,player,222,0,0,1484.85,544.72,1574.66,700.72,33
16,player,223,0,0,1485.92,545.03,1575.73,701.03,33
16,player,224,0,0,1486.99,545.34,1576.80,701.34,33
16,player,225,0,0,1488.06,545.66,1577.86,701.66,33
16,player,226,0,0,1489.13,545.97,1578.93,701.97,33
16,player,227,0,0,1490.20,546.29,1580.00,702.29,33
16,player,228,0,0,1491.27,546.60,1581.07,702.60,33
16,player,229,0,0,1492.34,546.92,1582.14,702.92,33
16,player,230,0,0,1493.40,547.23,1583.21,703.23,33
16,player,231,0,0,1494.47,547.54,1584.28,703.54,33
16,player,232,0,0,1495.54,547.86,1585.35,703.86,33
16,player,233,0,0,1496.61,548.17,1586.42,704.17,33
16,player,234,0,0,1497.68,548.49,1587.49,704.49,33
16,player,235,0,0,1498.75,548.80,1588.56,704.80,33
16,player,236,0,0,1499.82,549.12,1589.62,705.12,33
16,player,237,0,0,1500.89,549.43,1590.69,705.43,33
16,player,238,0,0,1501.96,549.75,1591.76,705.75,33
16,player,239,0,0,1503.03,550.06,1592.83,706.06,33
16,player,240,0,0,1504.10,550.37,1593.90,706.37,33
16,player,241,0,0,1505.16,550.69,1594.97,706.69,33
16,player,242,0,0,1506.23,551.00,1596.04,707.00,33
16,player,243,0,0,1507.30,551.32,1597.11,707.32,33
16,player,244,0,0,1508.37,551.63,1598.18,707.63,33
16,player,245,0,0,1509.44,551.95,1599.25,707.95,33
16,player,246,0,0,1510.51,552.26,1600.31,708.26,33
16,player,247,0,0,1511.58,552.58,1601.38,708.58,33
16,player,248,0,0,1512.65,552.89,1602.45,708.89,33
16,player,249,0,0,1515.26,553.84,1605.07,709.84,33
16,player,250,0,0,1517.87,554.79,1607.68,710.79,33
16,player,251,0,0,1520.49,555.74,1610.29,711.74,33
16,player,252,0,0,1523.10,556.69,1612.91,712.69,33
16,player,253,0,0,1525.71,557.64,1615.52,713.64,33
16,player,254,0,0,1528.33,558.59,1618.13,714.59,33
16,player,255,0,0,1530.94,559.54,1620.75,715.54,33
16,player,256,0,0,1533.55,560.49,1623.36,716.49,33
16,player,257,0,0,1536.17,561.44,1625.97,717.44,33
16,player,258,0,0,1542.58,565.18,1632.39,721.18,33
16,player,259,0,0,1548.99,568.92,1638.80,724.92,33
16,player,260,0,0,1555.41,572.67,1645.21,728.67,33
16,player,261,0,0,1561.82,576.41,1651.63,732.41,33
16,player,262,0,0,1571.32,577.83,1661.14,735.97,33
16,player,263,0,0,1580.83,579.26,1670.64,739.54,33
16,player,264,0,0,1590.33,580.68,1680.15,743.11,33
16,player,265,0,0,1599.83,582.11,1689.66,746.67,33
16,player,266,0,0,1609.34,583.53,1699.17,750.24,33
16,player,267,0,0,1618.84,584.96,1708.68,753.80,33
16,player,268,0,0,1628.34,586.39,1718.18,757.37,33
16,player,269,0,0,1637.84,587.81,1727.69,760.93,33
16,player,270,0,0,1647.35,589.24,1737.20,764.50,33
16,player,271,0,0,1660.17,589.24,1750.03,764.50,33
16,player,272,0,0,1673.00,589.24,1762.86,764.50,33
16,player,273,0,0,1685.83,589.24,1775.69,764.50,33
16,player,274,0,0,1698.66,589.24,1788.51,764.50,33
16,player,275,0,0,1711.49,589.24,1801.34,764.50,33
16,player,276,0,0,1724.32,588.43,1814.17,763.70,33
16,player,277,0,0,1737.15,587.63,1827.00,762.90,33
16,player,278,0,0,1749.97,586.83,1839.83,762.09,33
16,player,279,0,0,1762.80,586.03,1852.66,761.29,33
16,player,280,0,0,1775.63,585.23,1865.49,760.49,33
16,player,281,0,0,1788.46,584.43,1878.31,759.69,33
16,player,282,0,0,1801.29,583.62,1891.14,758.89,33
16,player,283,0,0,1814.12,582.82,1903.97,758.09,33
16,player,284,0,0,1826.94,590.31,1911.99,765.57,33
16,player,285,0,0,1839.77,597.79,1920.00,773.05,33
16,player,286,0,0,1839.77,597.79,1920.00,773.05,33
16,player,287,0,0,1839.77,597.79,1920.00,773.05,33
16,player,288,0,0,1839.77,597.79,1920.00,773.05,33
16,player,289,0,0,1839.77,597.79,1920.00,773.05,33
16,player,290,0,0,1839.77,597.79,1920.00,773.05,33
16,player,291,0,0,1839.77,597.79,1920.00,773.05,33
16,player,292,0,0,1839.77,597.79,1920.00,773.05,33
16,player,293,0,0,1839.77,597.79,1920.00,773.05,33
16,player,294,0,0,1839.77,597.79,1920.00,773.05,33
16,player,295,1,0,1839.77,597.79,1920.00,773.05,33
17,player,238,0,0,0.00,634.09,45.97,792.28,23
17,player,239,0,0,0.00,634.90,46.38,793.95,23
17,player,240,0,0,0.00,635.71,46.79,795.62,23
17,player,241,0,0,0.00,636.52,47.21,797.29,23
17,player,242,0,0,0.00,637.33,47.62,798.95,23
17,player,243,0,0,0.00,638.14,48.03,800.62,23
17,player,244,0,0,0.00,638.95,48.45,802.29,23
17,player,245,0,0,0.00,639.76,48.86,803.96,23
17,player,246,0,0,0.00,640.58,49.27,805.62,23
17,player,247,0,0,0.00,641.39,49.69,807.29,23
17,player,248,0,0,0.00,642.20,50.10,808.96,23
17,player,249,0,0,0.00,644.81,52.00,811.57,23
17,player,250,0,0,0.00,647.42,53.89,814.19,23
17,player,251,0,0,0.00,650.04,55.79,816.80,23
17,player,252,0,0,0.00,652.65,57.69,819.41,23
17,player,253,0,0,0.00,655.26,59.58,822.03,23
17,player,254,0,0,0.00,657.88,61.48,824.64,23
17,player,255,0,0,0.00,660.49,63.38,827.25,23
17,player,256,0,0,0.00,663.10,65.27,829.87,23
17,player,257,0,0,0.00,665.72,67.17,832.48,23
17,player,258,0,0,0.53,665.72,71.98,834.08,23
17,player,259,0,0,1.07,665.73,76.79,835.69,23
17,player,260,0,0,1.60,665.73,81.59,837.29,23
17,player,261,0,0,2.14,665.74,86.40,838.89,23
17,player,262,0,0,5.46,667.16,89.73,840.32,23
17,player,263,0,0,8.79,668.59,93.05,841.75,23
17,player,264,0,0,12.12,670.02,96.38,843.17,23
17,player,265,0,0,15.44,671.44,99.70,844.60,23
17,player,266,0,0,18.77,672.87,103.03,846.02,23
17,player,267,0,0,22.09,674.29,106.36,847.45,23
17,player,268,0,0,25.42,675.72,109.68,848.87,23
17,player,269,0,0,28.75,677.14,113.01,850.30,23
17,player,270,0,0,32.07,678.57,116.33,851.72,23
17,player,271,0,0,41.05,678.57,125.31,851.72,23
17,player,272,0,0,50.03,678.57,134.29,851.72,23
17,player,273,0,0,59.01,678.57,143.27,851.72,23
17,player,274,0,0,67.99,678.57,152.25,851.72,23
17,player,275,0,0,76.97,678.57,161.23,851.72,23
17,player,276,0,0,87.39,678.57,171.66,851.72,23
17,player,277,0,0,97.82,678.57,182.08,851.72,23
17,player,278,0,0,108.24,678.57,192.50,851.72,23
17,player,279,0,0,118.66,678.57,202.93,851.72,23
17,player,280,0,0,129.09,678.57,213.35,851.72,23
17,player,281,0,0,139.51,678.57,223.77,851.72,23
17,player,282,0,0,149.93,678.57,234.20,851.72,23
17,player,283,0,0,160.36,678.57,244.62,851.72,23
17,player,284,0,0,174.25,676.43,258.52,849.59,23
17,player,285,0,0,188.15,674.29,272.41,847.45,23
17,player,286,0,0,198.84,673.01,283.10,846.16,23
17,player,287,0,0,209.53,671.73,293.79,844.88,23
17,player,288,0,0,220.22,670.44,304.48,843.60,23
17,player,289,0,0,230.91,669.16,315.18,842.32,23
17,player,290,0,0,241.60,667.88,325.87,841.03,23
17,player,291,0,0,252.29,666.59,336.56,839.75,23
17,player,292,0,0,262.98,665.31,347.25,838.47,23
17,player,293,0,0,273.67,664.03,357.94,837.18,23
17,player,294,0,0,284.37,662.75,368.63,835.90,23
17,player,295,0,0,295.06,661.46,379.32,834.62,23
17,player,296,0,0,302.46,659.00,386.72,832.15,23
17,player,297,0,0,309.86,656.53,394.12,829.68,23
17,player,298,0,0,317.26,654.06,401.52,827.22,23
17,player,299,0,0,324.66,651.59,408.92,824.75,23
17,player,300,0,0,332.06,649.13,416.32,822.28,23
17,player,301,0,0,339.46,646.66,423.72,819.82,23
17,player,302,0,0,346.86,644.19,431.13,817.35,23
17,player,303,0,0,354.26,641.73,438.53,814.88,23
17,player,304,0,0,361.67,639.26,445.93,812.42,23
17,player,305,0,0,369.07,636.79,453.33,809.95,23
17,player,306,0,0,376.47,634.33,460.73,807.48,23
17,player,307,0,0,383.87,631.86,468.13,805.01,23
17,player,308,0,0,391.27,629.39,475.53,802.55,23
17,player,309,0,0,398.67,626.92,482.93,800.08,23
17,player,310,0,0,406.07,624.46,490.33,797.61,23
17,player,311,0,0,413.47,621.99,497.74,795.15,23
17,player,312,0,0,420.87,619.52,505.14,792.68,23
17,player,313,0,0,428.27,617.06,512.54,790.21,23
17,player,314,0,0,435.68,614.59,519.94,787.74,23
17,player,315,0,0,443.08,612.12,527.34,785.28,23
17,player,316,0,0,450.48,609.66,534.74,782.81,23
17,player,317,0,0,457.88,607.19,542.14,780.34,23
17,player,318,0,0,465.28,604.72,549.54,777.88,23
17,player,319,0,0,472.68,602.25,556.94,775.41,23
17,player,320,0,0,480.08,599.79,564.34,772.94,23
17,player,321,0,0,487.48,597.32,571.75,770.48,23
17,player,322,0,0,483.87,597.28,568.13,770.44,23
17,player,323,0,0,480.26,597.24,564.52,770.40,23
17,player,324,0,0,476.64,597.21,560.90,770.36,23
17,player,325,0,0,473.03,597.17,557.29,770.32,23
17,player,326,0,0,469.41,597.13,553.68,770.29,23
17,player,327,0,0,465.80,597.09,550.06,770.25,23
17,player,328,0,0,462.19,597.06,546.45,770.21,23
17,player,329,0,0,458.57,597.02,542.83,770.17,23
17,player,330,0,0,454.96,596.98,539.22,770.14,23
17,player,331,0,0,451.34,596.94,535.61,770.10,23
17,player,332,0,0,447.73,596.90,531.99,770.06,23
17,player,333,0,0,444.12,596.87,528.38,770.02,23
17,player,334,0,0,440.50,596.83,524.76,769.98,23
17,player,335,0,0,436.89,596.79,521.15,769.95,23
17,player,336,0,0,433.27,596.75,517.54,769.91,23
17,player,337,0,0,429.66,596.71,513.92,769.87,23
17,player,338,0,0,426.05,596.68,510.31,769.83,23
17,player,339,0,0,422.43,596.64,506.69,769.79,23
17,player,340,0,0,418.82,596.60,503.08,769.76,23
17,player,341,0,0,415.20,596.56,499.47,769.72,23
17,player,342,0,0,411.59,596.53,495.85,769.68,23
17,player,343,0,0,407.98,596.49,492.24,769.64,23
17,player,344,0,0,404.36,596.45,488.63,769.61,23
17,player,345,0,0,400.75,596.41,485.01,769.57,23
17,player,346,0,0,397.14,596.37,481.40,769.53,23
17,player,347,0,0,393.52,596.34,477.78,769.49,23
17,player,348,0,0,389.91,596.30,474.17,769.45,23
17,player,349,0,0,386.29,596.26,470.56,769.42,23
17,player,350,0,0,382.68,596.22,466.94,769.38,23
17,player,351,0,0,379.07,596.18,463.33,769.34,23
17,player,352,0,0,375.45,596.15,459.71,769.30,23
17,player,353,0,0,371.84,596.11,456.10,769.26,23
17,player,354,0,0,368.22,596.07,452.49,769.23,23
17,player,355,0,0,364.61,596.03,448.87,769.19,23
17,player,356,0,0,361.00,596.00,445.26,769.15,23
17,player,357,0,0,357.38,595.96,441.64,769.11,23
17,player,358,0,0,353.77,595.92,438.03,769.08,23
17,player,359,0,0,350.15,595.88,434.42,769.04,23
17,player,360,0,0,346.54,595.84,430.80,769.00,23
17,player,361,0,0,342.93,595.81,427.19,768.96,23
17,player,362,0,0,339.31,595.77,423.57,768.92,23
17,player,363,0,0,335.70,595.73,419.96,768.89,23
17,player,364,0,0,332.08,595.69,416.35,768.85,23
17,player,365,0,0,328.47,595.66,412.73,768.81,23
17,player,366,0,0,324.86,595.62,409.12,768.77,23
17,player,367,0,0,321.24,595.58,405.50,768.73,23
17,player,368,0,0,317.63,595.54,401.89,768.70,23
17,player,369,0,0,314.01,595.50,398.28,768.66,23
17,player,370,0,0,310.40,595.47,394.66,768.62,23
17,player,371,0,0,306.79,595.43,391.05,768.58,23
17,player,372,0,0,303.17,595.39,387.44,768.55,23
17,player,373,0,0,299.56,595.35,383.82,768.51,23
17,player,374,0,0,295.95,595.31,380.21,768.47,23
17,player,375,0,0,292.33,595.28,376.59,768.43,23
17,player,376,0,0,288.72,595.24,372.98,768.39,23
17,player,377,0,0,285.10,595.20,369.37,768.36,23
17,player,378,0,0,281.49,595.16,365.75,768.32,23
17,player,379,0,0,277.88,595.13,362.14,768.28,23
17,player,380,0,0,274.26,595.09,358.52,768.24,23
17,player,381,0,0,270.65,595.05,354.91,768.21,23
17,player,382,0,0,267.03,595.01,351.30,768.17,23
17,player,383,0,0,263.42,594.97,347.68,768.13,23
17,player,384,0,0,259.81,594.94,344.07,768.09,23
17,player,385,0,0,256.19,594.90,340.45,768.05,23
17,player,386,0,0,252.58,594.86,336.84,768.02,23
17,player,387,0,0,248.96,594.82,333.23,767.98,23
17,player,388,0,0,245.35,594.78,329.61,767.94,23
17,player,389,0,0,241.74,594.75,326.00,767.90,23
17,player,390,0,0,238.12,594.71,322.38,767.86,23
17,player,391,0,0,234.51,594.67,318.77,767.83,23
17,player,392,0,0,230.89,594.63,315.16,767.79,23
17,player,393,0,0,227.28,594.60,311.54,767.75,23
17,player,394,0,0,223.67,594.56,307.93,767.71,23
17,player,395,0,0,220.05,594.52,304.31,767.68,23
17,player,396,0,0,216.44,594.48,300.70,767.64,23
17,player,397,0,0,212.82,594.44,297.09,767.60,23
17,player,398,0,0,209.21,594.41,293.47,767.56,23
17,player,399,0,0,205.60,594.37,289.86,767.52,23
17,player,400,0,0,201.98,594.33,286.25,767.49,23
17,player,401,0,0,198.37,594.29,282.63,767.45,23
17,player,402,0,0,194.76,594.25,279.02,767.41,23
17,player,403,0,0,191.14,594.22,275.40,767.37,23
17,player,404,0,0,187.53,594.18,271.79,767.33,23
17,player,405,0,0,183.91,594.14,268.18,767.30,23
17,player,406,0,0,180.30,594.10,264.56,767.26,23
17,player,407,0,0,176.69,594.07,260.95,767.22,23
17,player,408,0,0,173.07,594.03,257.33,767.18,23
17,player,409,0,0,169.46,593.99,253.72,767.15,23
17,player,410,0,0,165.84,593.95,250.11,767.11,23
17,player,411,0,0,162.23,593.91,246.49,767.07,23
17,player,412,0,0,158.62,593.88,242.88,767.03,23
17,player,413,0,0,155.00,593.84,239.26,766.99,23
17,player,414,0,0,151.39,593.80,235.65,766.96,23
17,player,415,0,0,147.77,593.76,232.04,766.92,23
17,player,416,0,0,144.16,593.73,228.42,766.88,23
17,player,417,0,0,140.55,593.69,224.81,766.84,23
17,player,418,0,0,136.93,593.65,221.19,766.80,23
17,player,419,0,0,133.32,593.61,217.58,766.77,23
17,player,420,0,0,129.70,593.57,213.97,766.73,23
17,player,421,0,0,126.09,593.54,210.35,766.69,23
17,player,422,0,0,122.48,593.50,206.74,766.65,23
17,player,423,0,0,118.86,593.46,203.12,766.62,23
17,player,424,0,0,115.25,593.42,199.51,766.58,23
17,player,425,0,0,111.63,593.38,195.90,766.54,23
17,player,426,0,0,108.02,593.35,192.28,766.50,23
17,player,427,0,0,104.41,593.31,188.67,766.46,23
17,player,428,0,0,100.79,593.27,185.06,766.43,23
17,player,429,0,0,97.18,593.23,181.44,766.39,23
17,player,430,0,0,93.57,593.20,177.83,766.35,23
17,player,431,0,0,89.95,593.16,174.21,766.31,23
17,player,432,0,0,86.34,593.12,170.60,766.28,23
17,player,433,0,0,82.72,593.08,166.99,766.24,23
17,player,434,0,0,79.11,593.04,163.37,766.20,23
17,player,435,0,0,79.11,593.04,163.37,766.20,23
17,player,436,0,0,79.11,593.04,163.37,766.20,23
17,player,437,0,0,79.11,593.04,163.37,766.20,23
17,player,438,0,0,79.11,593.04,163.37,766.20,23
17,player,439,0,0,79.11,593.04,163.37,766.20,23
17,player,440,0,0,79.11,593.04,163.37,766.20,23
17,player,441,0,0,79.11,593.04,163.37,766.20,23
17,player,442,0,0,79.11,593.04,163.37,766.20,23
17,player,443,0,0,79.11,593.04,163.37,766.20,23
17,player,444,0,0,79.11,593.04,163.37,766.20,23
17,player,445,0,0,79.11,593.04,163.37,766.20,23
17,player,446,0,0,79.11,593.04,163.37,766.20,23
17,player,447,0,0,79.11,593.04,163.37,766.20,23
17,player,448,0,0,79.11,593.04,163.37,766.20,23
17,player,449,0,0,79.11,593.04,163.37,766.20,23
17,player,450,0,0,79.11,593.04,163.37,766.20,23
17,player,451,0,0,79.11,593.04,163.37,766.20,23
17,player,452,0,0,79.11,593.04,163.37,766.20,23
17,player,453,0,0,79.11,593.04,163.37,766.20,23
17,player,454,0,0,79.11,593.04,163.37,766.20,23
17,player,455,0,0,79.11,593.04,163.37,766.20,23
17,player,456,0,0,79.11,593.04,163.37,766.20,23
17,player,457,0,0,79.11,593.04,163.37,766.20,23
17,player,458,0,0,79.11,593.04,163.37,766.20,23
17,player,459,0,0,79.11,593.04,163.37,766.20,23
17,player,460,0,0,79.11,593.04,163.37,766.20,23
17,player,461,0,0,79.11,593.04,163.37,766.20,23
17,player,462,0,0,79.11,593.04,163.37,766.20,23
17,player,463,0,0,79.11,593.04,163.37,766.20,23
17,player,464,0,0,79.11,593.04,163.37,766.20,23
17,player,465,0,0,79.11,593.04,163.37,766.20,23
17,player,466,0,0,79.11,593.04,163.37,766.20,23
17,player,467,0,0,79.11,593.04,163.37,766.20,23
17,player,468,0,0,79.11,593.04,163.37,766.20,23
17,player,469,0,0,79.11,593.04,163.37,766.20,23
17,player,470,1,0,79.11,593.04,163.37,766.20,23
18,player,321,0,0,125.08,371.10,195.63,529.30,-1
18,player,322,0,0,125.12,371.48,195.67,529.68,-1
18,player,323,0,0,125.16,371.86,195.71,530.06,-1
18,player,324,0,0,125.20,372.24,195.75,530.43,-1
18,player,325,0,0,125.23,372.62,195.78,530.81,-1
18,player,326,0,0,125.27,372.99,195.82,531.19,-1
18,player,327,0,0,125.31,373.37,195.86,531.57,-1
18,player,328,0,0,125.35,373.75,195.90,531.95,-1
18,player,329,0,0,125.39,374.13,195.93,532.33,-1
18,player,330,0,0,125.42,374.51,195.97,532.71,-1
18,player,331,0,0,125.46,374.89,196.01,533.08,-1
18,player,332,0,0,125.50,375.27,196.05,533.46,-1
18,player,333,0,0,125.54,375.64,196.09,533.84,-1
18,player,334,0,0,125.57,376.02,196.12,534.22,-1
18,player,335,0,0,125.61,376.40,196.16,534.60,-1
18,player,336,0,0,125.65,376.78,196.20,534.98,-1
18,player,337,0,0,125.69,377.16,196.24,535.35,-1
18,player,338,0,0,125.73,377.54,196.28,535.73,-1
18,player,339,0,0,125.76,377.91,196.31,536.11,-1
18,player,340,0,0,125.80,378.29,196.35,536.49,-1
18,player,341,0,0,125.84,378.67,196.39,536.87,-1
18,player,342,0,0,125.88,379.05,196.43,537.25,-1
18,player,343,0,0,125.92,379.43,196.46,537.62,-1
18,player,344,0,0,125.95,379.81,196.50,538.00,-1
18,player,345,0,0,125.99,380.18,196.54,538.38,-1
18,player,346,0,0,126.03,380.56,196.58,538.76,-1
18,player,347,0,0,126.07,380.94,196.62,539.14,-1
18,player,348,0,0,126.10,381.32,196.65,539.52,-1
18,player,349,0,0,126.14,381.70,196.69,539.90,-1
18,player,350,0,0,126.18,382.08,196.73,540.27,-1
18,player,351,0,0,126.22,382.46,196.77,540.65,-1
18,player,352,0,0,126.26,382.83,196.81,541.03,-1
18,player,353,0,0,126.29,383.21,196.84,541.41,-1
18,player,354,0,0,126.33,383.59,196.88,541.79,-1
18,player,355,0,0,126.37,383.97,196.92,542.17,-1
18,player,356,0,0,126.41,384.35,196.96,542.54,-1
18,player,357,0,0,126.45,384.73,196.99,542.92,-1
18,player,358,0,0,126.48,385.10,197.03,543.30,-1
18,player,359,0,0,126.52,385.48,197.07,543.68,-1
18,player,360,0,0,126.56,385.86,197.11,544.06,-1
18,player,361,0,0,126.60,386.24,197.15,544.44,-1
18,player,362,0,0,126.63,386.62,197.18,544.81,-1
18,player,363,0,0,126.67,387.00,197.22,545.19,-1
18,player,364,0,0,126.71,387.37,197.26,545.57,-1
18,player,365,0,0,126.75,387.75,197.30,545.95,-1
18,player,366,0,0,126.79,388.13,197.34,546.33,-1
18,player,367,0,0,126.82,388.51,197.37,546.71,-1
18,player,368,0,0,126.86,388.89,197.41,547.09,-1
18,player,369,0,0,126.90,389.27,197.45,547.46,-1
18,player,370,0,0,126.94,389.65,197.49,547.84,-1
18,player,371,0,0,126.98,390.02,197.52,548.22,-1
18,player,372,0,0,127.01,390.40,197.56,548.60,-1
18,player,373,0,0,127.05,390.78,197.60,548.98,-1
18,player,374,0,0,127.09,391.16,197.64,549.36,-1
18,player,375,0,0,127.13,391.54,197.68,549.73,-1
18,player,376,0,0,127.16,391.92,197.71,550.11,-1
18,player,377,0,0,127.20,392.29,197.75,550.49,-1
18,player,378,0,0,127.24,392.67,197.79,550.87,-1
18,player,379,0,0,127.28,393.05,197.83,551.25,-1
18,player,380,0,0,127.32,393.43,197.86,551.63,-1
18,player,381,0,0,127.35,393.81,197.90,552.00,-1
18,player,382,0,0,127.39,394.19,197.94,552.38,-1
18,player,383,0,0,127.43,394.56,197.98,552.76,-1
18,player,384,0,0,127.47,394.94,198.02,553.14,-1
18,player,385,0,0,127.50,395.32,198.05,553.52,-1
18,player,386,0,0,127.54,395.70,198.09,553.90,-1
18,player,387,0,0,127.58,396.08,198.13,554.28,-1
18,player,388,0,0,127.62,396.46,198.17,554.65,-1
18,player,389,0,0,127.66,396.84,198.21,555.03,-1
18,player,390,0,0,127.69,397.21,198.24,555.41,-1
18,player,391,0,0,127.73,397.59,198.28,555.79,-1
18,player,392,0,0,127.77,397.97,198.32,556.17,-1
18,player,393,0,0,127.81,398.35,198.36,556.55,-1
18,player,394,0,0,127.85,398.73,198.39,556.92,-1
18,player,395,0,0,127.88,399.11,198.43,557.30,-1
18,player,396,0,0,127.92,399.48,198.47,557.68,-1
18,player,397,0,0,127.96,399.86,198.51,558.06,-1
18,player,398,0,0,128.00,400.24,198.55,558.44,-1
18,player,399,0,0,128.03,400.62,198.58,558.82,-1
18,player,400,0,0,128.07,401.00,198.62,559.19,-1
18,player,401,0,0,128.11,401.38,198.66,559.57,-1
18,player,402,0,0,128.15,401.75,198.70,559.95,-1
18,player,403,0,0,128.19,402.13,198.74,560.33,-1
18,player,404,0,0,128.22,402.51,198.77,560.71,-1
18,player,405,0,0,128.26,402.89,198.81,561.09,-1
18,player,406,0,0,128.30,403.27,198.85,561.47,-1
18,player,407,0,0,128.34,403.65,198.89,561.84,-1
18,player,408,0,0,128.38,404.03,198.92,562.22,-1
18,player,409,0,0,128.41,404.40,198.96,562.60,-1
18,player,410,0,0,128.45,404.78,199.00,562.98,-1
18,player,411,0,0,128.49,405.16,199.04,563.36,-1
18,player,412,0,0,128.53,405.54,199.08,563.74,-1
18,player,413,0,0,128.56,405.92,199.11,564.11,-1
18,player,414,0,0,128.60,406.30,199.15,564.49,-1
18,player,415,0,0,128.64,406.67,199.19,564.87,-1
18,player,416,0,0,128.68,407.05,199.23,565.25,-1
18,player,417,0,0,128.72,407.43,199.27,565.63,-1
18,player,418,0,0,128.75,407.81,199.30,566.01,-1
18,player,419,0,0,128.79,408.19,199.34,566.39,-1
18,player,420,0,0,128.83,408.57,199.38,566.76,-1
18,player,421,0,0,128.87,408.94,199.42,567.14,-1
18,player,422,0,0,128.91,409.32,199.45,567.52,-1
18,player,423,0,0,128.94,409.70,199.49,567.90,-1
18,player,424,0,0,128.98,410.08,199.53,568.28,-1
18,player,425,0,0,129.02,410.46,199.57,568.66,-1
18,player,426,0,0,129.06,410.84,199.61,569.03,-1
18,player,427,0,0,129.09,411.22,199.64,569.41,-1
18,player,428,0,0,129.13,411.59,199.68,569.79,-1
18,player,429,0,0,129.17,411.97,199.72,570.17,-1
18,player,430,0,0,129.21,412.35,199.76,570.55,-1
18,player,431,0,0,129.25,412.73,199.80,570.93,-1
18,player,432,0,0,129.28,413.11,199.83,571.30,-1
18,player,433,0,0,129.32,413.49,199.87,571.68,-1
18,player,434,0,0,129.36,413.86,199.91,572.06,-1
18,player,435,0,0,129.36,413.86,199.91,572.06,-1
18,player,436,0,0,129.36,413.86,199.91,572.06,-1
18,player,437,0,0,129.36,413.86,199.91,572.06,-1
18,player,438,0,0,129.36,413.86,199.91,572.06,-1
18,player,439,0,0,129.36,413.86,199.91,572.06,-1
18,player,440,0,0,129.36,413.86,199.91,572.06,-1
18,player,441,0,0,129.36,413.86,199.91,572.06,-1
18,player,442,0,0,129.36,413.86,199.91,572.06,-1
18,player,443,0,0,129.36,413.86,199.91,572.06,-1
18,player,444,0,0,129.36,413.86,199.91,572.06,-1
18,player,445,0,0,129.36,413.86,199.91,572.06,-1
18,player,446,0,0,129.36,413.86,199.91,572.06,-1
18,player,447,0,0,129.36,413.86,199.91,572.06,-1
18,player,448,0,0,129.36,413.86,199.91,572.06,-1
18,player,449,0,0,129.36,413.86,199.91,572.06,-1
18,player,450,0,0,129.36,413.86,199.91,572.06,-1
18,player,451,0,0,129.36,413.86,199.91,572.06,-1
18,player,452,0,0,129.36,413.86,199.91,572.06,-1
18,player,453,0,0,129.36,413.86,199.91,572.06,-1
18,player,454,0,0,129.36,413.86,199.91,572.06,-1
18,player,455,0,0,129.36,413.86,199.91,572.06,-1
18,player,456,0,0,129.36,413.86,199.91,572.06,-1
18,player,457,0,0,129.36,413.86,199.91,572.06,-1
18,player,458,0,0,129.36,413.86,199.91,572.06,-1
18,player,459,0,0,129.36,413.86,199.91,572.06,-1
18,player,460,0,0,129.36,413.86,199.91,572.06,-1
18,player,461,0,0,129.36,413.86,199.91,572.06,-1
18,player,462,0,0,129.36,413.86,199.91,572.06,-1
18,player,463,0,0,129.36,413.86,199.91,572.06,-1
18,player,464,0,0,129.36,413.86,199.91,572.06,-1
18,player,465,0,0,129.36,413.86,199.91,572.06,-1
18,player,466,0,0,129.36,413.86,199.91,572.06,-1
18,player,467,0,0,129.36,413.86,199.91,572.06,-1
18,player,468,0,0,129.36,413.86,199.91,572.06,-1
18,player,469,0,0,129.36,413.86,199.91,572.06,-1
18,player,470,1,0,129.36,413.86,199.91,572.06,-1
19,player,434,0,0,1080.80,448.10,1147.08,582.80,15
19,player,435,0,0,1082.10,450.37,1148.38,585.07,15
19,player,436,0,0,1083.40,452.65,1149.68,587.35,15
19,player,437,0,0,1084.70,454.92,1150.98,589.62,15
19,player,438,0,0,1085.99,457.19,1152.27,591.89,15
19,player,439,0,0,1087.29,459.46,1153.57,594.16,15
19,player,440,0,0,1088.59,461.74,1154.87,596.44,15
19,player,441,0,0,1089.89,464.01,1156.17,598.71,15
19,player,442,0,0,1091.19,466.28,1157.47,600.98,15
19,player,443,0,0,1092.49,468.55,1158.77,603.25,15
19,player,444,0,0,1093.79,470.83,1160.07,605.53,15
19,player,445,0,0,1095.09,473.10,1161.37,607.80,15
19,player,446,0,0,1096.38,475.37,1162.66,610.07,15
19,player,447,0,0,1097.68,477.65,1163.96,612.35,15
19,player,448,0,0,1098.98,479.92,1165.26,614.62,15
19,player,449,0,0,1100.28,482.19,1166.56,616.89,15
19,player,450,0,0,1101.58,484.46,1167.86,619.16,15
19,player,451,0,0,1102.88,486.74,1169.16,621.44,15
19,player,452,0,0,1104.18,489.01,1170.46,623.71,15
19,player,453,0,0,1105.48,491.28,1171.76,625.98,15
19,player,454,0,0,1106.77,493.55,1173.05,628.25,15
19,player,455,0,0,1108.07,495.83,1174.35,630.53,15
19,player,456,0,0,1109.37,498.10,1175.65,632.80,15
19,player,457,0,0,1110.67,500.37,1176.95,635.07,15
19,player,458,0,0,1111.97,502.65,1178.25,637.35,15
19,player,459,0,0,1113.27,504.92,1179.55,639.62,15
19,player,460,0,0,1114.57,507.19,1180.85,641.89,15
19,player,461,0,0,1115.86,509.46,1182.14,644.16,15
19,player,462,0,0,1117.16,511.74,1183.44,646.44,15
19,player,463,0,0,1118.46,514.01,1184.74,648.71,15
19,player,464,0,0,1119.76,516.28,1186.04,650.98,15
19,player,465,0,0,1121.06,518.56,1187.34,653.26,15
19,player,466,0,0,1122.36,520.83,1188.64,655.53,15
19,player,467,0,0,1123.66,523.10,1189.94,657.80,15
19,player,468,0,0,1124.96,525.37,1191.24,660.07,15
19,player,469,0,0,1126.25,527.65,1192.53,662.35,15
19,player,470,0,0,1127.55,529.92,1193.83,664.62,15
19,player,471,0,0,1132.95,530.89,1199.23,665.59,15
19,player,472,0,0,1138.35,531.85,1204.63,666.55,15
19,player,473,0,0,1143.76,532.82,1210.04,667.52,15
19,player,474,0,0,1149.16,533.79,1215.44,668.49,15
19,player,475,0,0,1154.56,534.76,1220.84,669.46,15
19,player,476,0,0,1159.96,535.72,1226.24,670.42,15
19,player,477,0,0,1165.36,536.69,1231.64,671.39,15
19,player,478,0,0,1170.76,537.66,1237.04,672.36,15
19,player,479,0,0,1176.16,538.62,1242.44,673.32,15
19,player,480,0,0,1181.56,539.59,1247.84,674.29,15
19,player,481,0,0,1186.96,540.56,1253.24,675.26,15
19,player,482,0,0,1192.36,541.53,1258.64,676.23,15
19,player,483,0,0,1197.76,542.49,1264.04,677.19,15
19,player,484,0,0,1203.16,543.46,1269.44,678.16,15
19,player,485,0,0,1208.56,544.43,1274.84,679.13,15
19,player,486,0,0,1213.97,545.40,1280.25,680.10,15
19,player,487,0,0,1219.37,546.36,1285.65,681.06,15
19,player,488,0,0,1224.77,547.33,1291.05,682.03,15
19,player,489,0,0,1230.17,548.30,1296.45,683.00,15
19,player,490,0,0,1235.57,549.26,1301.85,683.96,15
19,player,491,0,0,1240.97,550.23,1307.25,684.93,15
19,player,492,0,0,1246.37,551.20,1312.65,685.90,15
19,player,493,0,0,1251.77,552.17,1318.05,686.87,15
19,player,494,0,0,1257.17,553.13,1323.45,687.83,15
19,player,495,0,0,1262.57,554.10,1328.85,688.80,15
19,player,496,0,0,1267.97,555.07,1334.25,689.77,15
19,player,497,0,0,1273.37,556.04,1339.65,690.74,15
19,player,498,0,0,1278.77,557.00,1345.06,691.70,15
19,player,499,0,0,1284.18,557.97,1350.46,692.67,15
19,player,500,0,0,1289.44,556.80,1355.72,691.50,15
19,player,501,0,0,1294.70,555.63,1360.98,690.33,15
19,player,502,0,0,1299.96,554.46,1366.24,689.16,15
19,player,503,0,0,1305.21,553.29,1371.49,687.99,15
19,player,504,0,0,1308.59,552.63,1374.87,687.33,15
19,player,505,0,0,1311.96,551.96,1378.24,686.66,15
19,player,506,0,0,1315.34,551.30,1381.62,686.00,15
19,player,507,0,0,1318.71,550.63,1384.99,685.33,15
19,player,508,0,0,1322.08,549.97,1388.36,684.67,15
19,player,509,0,0,1325.46,549.30,1391.74,684.00,15
19,player,510,0,0,1328.83,548.64,1395.11,683.34,15
19,player,511,0,0,1332.20,547.97,1398.48,682.67,15
19,player,512,0,0,1335.58,547.31,1401.86,682.01,15
19,player,513,0,0,1338.95,546.64,1405.23,681.34,15
19,player,514,0,0,1342.32,545.98,1408.60,680.68,15
19,player,515,0,0,1345.70,545.31,1411.98,680.01,15
19,player,516,0,0,1349.07,544.65,1415.35,679.35,15
19,player,517,0,0,1352.44,543.98,1418.72,678.68,15
19,player,518,0,0,1355.82,543.32,1422.10,678.02,15
19,player,519,0,0,1359.19,542.65,1425.47,677.35,15
19,player,520,0,0,1362.56,541.99,1428.84,676.69,15
19,player,521,0,0,1365.94,541.32,1432.22,676.02,15
19,player,522,0,0,1369.31,540.66,1435.59,675.36,15
19,player,523,0,0,1372.68,539.99,1438.96,674.69,15
19,player,524,0,0,1376.06,539.33,1442.34,674.03,15
19,player,525,0,0,1379.43,538.66,1445.71,673.36,15
19,player,526,0,0,1382.80,538.00,1449.08,672.70,15
19,player,527,0,0,1386.18,537.33,1452.46,672.03,15
19,player,528,0,0,1389.55,536.67,1455.83,671.37,15
19,player,529,0,0,1392.92,536.00,1459.20,670.70,15
19,player,530,0,0,1396.30,535.33,1462.58,670.03,15
19,player,531,0,0,1399.67,534.67,1465.95,669.37,15
19,player,532,0,0,1403.04,534.00,1469.32,668.70,15
19,player,533,0,0,1406.42,533.34,1472.70,668.04,15
19,player,534,0,0,1409.79,532.67,1476.07,667.37,15
19,player,535,0,0,1413.16,532.01,1479.44,666.71,15
19,player,536,0,0,1416.54,531.34,1482.82,666.04,15
19,player,537,0,0,1419.91,530.68,1486.19,665.38,15
19,player,538,0,0,1423.28,530.01,1489.56,664.71,15
19,player,539,0,0,1426.66,529.35,1492.94,664.05,15
19,player,540,0,0,1430.03,528.68,1496.31,663.38,15
19,player,541,0,0,1433.40,528.02,1499.68,662.72,15
19,player,542,0,0,1436.78,527.35,1503.06,662.05,15
19,player,543,0,0,1440.15,526.69,1506.43,661.39,15
19,player,544,0,0,1443.52,526.02,1509.80,660.72,15
19,player,545,0,0,1446.90,525.36,1513.18,660.06,15
19,player,546,0,0,1450.27,524.69,1516.55,659.39,15
19,player,547,0,0,1453.65,524.03,1519.93,658.73,15
19,player,548,0,0,1457.02,523.36,1523.30,658.06,15
19,player,549,0,0,1457.02,523.36,1523.30,666.60,15
19,player,550,0,0,1456.59,519.09,1522.87,662.32,15
19,player,551,0,0,1456.16,514.81,1522.44,658.05,15
19,player,552,0,0,1455.74,510.53,1522.02,653.77,15
19,player,553,0,0,1455.31,506.26,1521.59,649.50,15
19,player,554,0,0,1454.88,501.98,1521.16,645.22,15
19,player,555,0,0,1449.54,501.98,1519.02,645.21,15
19,player,556,0,0,1444.19,501.98,1516.89,645.21,15
19,player,557,0,0,1438.85,501.98,1514.75,645.20,15
19,player,558,0,0,1433.50,501.98,1512.61,645.20,15
19,player,559,0,0,1432.07,501.98,1511.18,645.20,15
19,player,560,0,0,1430.65,501.98,1509.76,645.20,15
19,player,561,0,0,1429.22,501.98,1508.33,645.20,15
19,player,562,0,0,1427.80,501.98,1506.91,645.20,15
19,player,563,0,0,1426.37,501.98,1505.48,645.20,15
19,player,564,0,0,1424.95,501.98,1504.06,645.20,15
19,player,565,0,0,1423.52,501.98,1502.63,645.20,15
19,player,566,0,0,1422.10,501.98,1501.21,645.20,15
19,player,567,0,0,1420.67,501.98,1499.78,645.20,15
19,player,568,0,0,1419.25,501.98,1498.36,645.20,15
19,player,569,0,0,1417.82,501.98,1496.93,645.20,15
19,player,570,0,0,1416.40,501.98,1495.51,645.20,15
19,player,571,0,0,1416.68,500.32,1495.79,643.54,15
19,player,572,0,0,1416.97,498.65,1496.08,641.87,15
19,player,573,0,0,1417.25,496.99,1496.36,640.21,15
19,player,574,0,0,1417.54,495.33,1496.65,638.55,15
19,player,575,0,0,1417.82,493.67,1496.93,636.89,15
19,player,576,0,0,1418.11,492.00,1497.22,635.22,15
19,player,577,0,0,1418.39,490.34,1497.50,633.56,15
19,player,578,0,0,1418.68,488.68,1497.79,631.90,15
19,player,579,0,0,1418.96,487.01,1498.07,630.23,15
19,player,580,0,0,1419.25,485.35,1498.36,628.57,15
19,player,581,0,0,1419.53,483.69,1498.64,626.91,15
19,player,582,0,0,1419.82,482.02,1498.93,625.24,15
19,player,583,0,0,1420.10,480.36,1499.21,623.58,15
19,player,584,0,0,1420.39,478.70,1499.50,621.92,15
19,player,585,0,0,1420.67,477.04,1499.78,620.26,15
19,player,586,0,0,1420.96,475.37,1500.07,618.59,15
19,player,587,0,0,1421.24,473.71,1500.35,616.93,15
19,player,588,0,0,1421.53,472.05,1500.64,615.27,15
19,player,589,0,0,1421.81,470.38,1500.92,613.60,15
19,player,590,0,0,1422.10,468.72,1501.21,611.94,15
19,player,591,0,0,1422.38,467.06,1501.49,610.28,15
19,player,592,0,0,1422.67,465.40,1501.78,608.61,15
19,player,593,0,0,1422.95,463.73,1502.06,606.95,15
19,player,594,0,0,1423.24,462.07,1502.35,605.29,15
19,player,595,0,0,1423.52,460.41,1502.63,603.63,15
19,player,596,0,0,1423.81,458.74,1502.92,601.96,15
19,player,597,0,0,1424.09,457.08,1503.20,600.30,15
19,player,598,0,0,1424.38,455.42,1503.49,598.64,15
19,player,599,0,0,1424.66,453.75,1503.77,596.97,15
19,player,600,0,0,1424.95,452.09,1504.06,595.31,15
19,player,601,0,0,1425.23,450.43,1504.34,593.65,15
19,player,602,0,0,1425.52,448.77,1504.63,591.99,15
19,player,603,0,0,1425.80,447.10,1504.91,590.32,15
19,player,604,0,0,1426.09,445.44,1505.20,588.66,15
19,player,605,0,0,1426.37,443.78,1505.48,587.00,15
19,player,606,0,0,1426.66,442.11,1505.77,585.33,15
19,player,607,0,0,1426.94,440.45,1506.05,583.67,15
19,player,608,0,0,1427.23,438.79,1506.34,582.01,15
19,player,609,0,0,1427.51,437.13,1506.62,580.34,15
19,player,610,0,0,1427.80,435.46,1506.91,578.68,15
19,player,611,0,0,1428.08,433.80,1507.19,577.02,15
19,player,612,0,0,1428.37,432.14,1507.48,575.36,15
19,player,613,0,0,1428.65,430.47,1507.76,573.69,15
19,player,614,0,0,1428.94,428.81,1508.05,572.03,15
19,player,615,0,0,1429.22,427.15,1508.33,570.37,15
19,player,616,0,0,1436.35,427.15,1515.46,570.37,15
19,player,617,0,0,1443.48,427.15,1522.59,570.37,15
19,player,618,0,0,1450.61,427.15,1529.72,570.37,15
19,player,619,0,0,1455.59,424.30,1534.70,567.52,15
19,player,620,0,0,1460.58,421.45,1539.69,564.67,15
19,player,621,0,0,1465.57,418.60,1544.68,561.81,15
19,player,622,0,0,1470.56,415.74,1549.67,558.96,15
19,player,623,0,0,1475.55,412.89,1554.66,556.11,15
19,player,624,0,0,1480.54,410.04,1559.65,553.26,15
19,player,625,0,0,1485.53,407.19,1564.64,550.41,15
19,player,626,0,0,1490.52,404.34,1569.63,547.56,15
19,player,627,0,0,1495.50,401.49,1574.61,544.71,15
19,player,628,0,0,1500.99,401.99,1580.10,545.21,15
19,player,629,0,0,1506.48,402.49,1585.59,545.71,15
19,player,630,0,0,1511.97,402.99,1591.08,546.21,15
19,player,631,0,0,1517.46,403.49,1596.57,546.71,15
19,player,632,0,0,1522.94,403.98,1602.05,547.20,15
19,player,633,0,0,1528.43,404.48,1607.54,547.70,15
19,player,634,0,0,1533.92,404.98,1613.03,548.20,15
19,player,635,0,0,1539.41,405.48,1618.52,548.70,15
19,player,636,0,0,1544.89,405.98,1624.00,549.20,15
19,player,637,0,0,1550.38,406.48,1629.49,549.70,15
19,player,638,0,0,1555.87,406.98,1634.98,550.20,15
19,player,639,0,0,1561.36,407.48,1640.47,550.70,15
19,player,640,0,0,1566.85,407.98,1645.95,551.20,15
19,player,641,0,0,1572.33,408.47,1651.44,551.69,15
19,player,642,0,0,1577.82,408.97,1656.93,552.19,15
19,player,643,0,0,1583.31,409.47,1662.42,552.69,15
19,player,644,0,0,1588.80,409.97,1667.91,553.19,15
19,player,645,0,0,1594.28,410.47,1673.39,553.69,15
19,player,646,0,0,1599.77,410.97,1678.88,554.19,15
19,player,647,0,0,1605.26,411.47,1684.37,554.69,15
19,player,648,0,0,1610.75,411.97,1689.86,555.19,15
19,player,649,0,0,1616.23,412.47,1695.34,555.69,15
19,player,650,0,0,1621.72,412.96,1700.83,556.18,15
19,player,651,0,0,1627.21,413.46,1706.32,556.68,15
19,player,652,0,0,1632.70,413.96,1711.81,557.18,15
19,player,653,0,0,1638.19,414.46,1717.30,557.68,15
19,player,654,0,0,1643.67,414.96,1722.78,558.18,15
19,player,655,0,0,1649.16,415.46,1728.27,558.68,15
19,player,656,0,0,1654.65,415.96,1733.76,559.18,15
19,player,657,0,0,1660.14,416.46,1739.25,559.68,15
19,player,658,0,0,1669.76,417.53,1748.87,560.75,15
19,player,659,0,0,1679.38,418.59,1758.49,561.81,15
19,player,660,0,0,1683.20,419.50,1762.31,562.71,15
19,player,661,0,0,1687.03,420.40,1766.14,563.61,15
19,player,662,0,0,1690.86,421.30,1769.97,564.52,15
19,player,663,0,0,1694.68,422.20,1773.79,565.42,15
19,player,664,0,0,1698.51,423.10,1777.62,566.32,15
19,player,665,0,0,1702.34,424.00,1781.44,567.22,15
19,player,666,0,0,1706.16,424.90,1785.27,568.12,15
19,player,667,0,0,1709.99,425.80,1789.10,569.02,15
19,player,668,0,0,1713.81,426.70,1792.92,569.92,15
19,player,669,0,0,1717.64,427.60,1796.75,570.82,15
19,player,670,0,0,1721.47,428.50,1800.58,571.72,15
19,player,671,0,0,1725.29,429.40,1804.40,572.62,15
19,player,672,0,0,1729.12,430.30,1808.23,573.52,15
19,player,673,0,0,1732.94,431.20,1812.05,574.42,15
19,player,674,0,0,1736.77,432.10,1815.88,575.32,15
19,player,675,0,0,1740.60,433.00,1819.71,576.22,15
19,player,676,0,0,1744.42,433.90,1823.53,577.12,15
19,player,677,0,0,1748.25,434.80,1827.36,578.02,15
19,player,678,0,0,1752.07,435.70,1831.18,578.92,15
19,player,679,0,0,1749.12,436.22,1828.23,579.44,15
19,player,680,0,0,1746.16,436.74,1825.27,579.96,15
19,player,681,0,0,1743.20,437.27,1822.31,580.49,15
19,player,682,0,0,1740.24,437.79,1819.35,581.01,15
19,player,683,0,0,1737.28,438.31,1816.39,581.53,15
19,player,684,0,0,1734.32,438.83,1813.43,582.05,15
19,player,685,0,0,1731.36,439.35,1810.47,582.57,15
19,player,686,0,0,1728.41,439.88,1807.52,583.10,15
19,player,687,0,0,1725.45,440.40,1804.56,583.62,15
19,player,688,0,0,1722.49,440.92,1801.60,584.14,15
19,player,689,0,0,1719.53,441.44,1798.64,584.66,15
19,player,690,0,0,1716.57,441.97,1795.68,585.18,15
19,player,691,0,0,1713.61,442.49,1792.72,585.71,15
19,player,692,0,0,1710.65,443.01,1789.76,586.23,15
19,player,693,0,0,1707.70,443.53,1786.81,586.75,15
19,player,694,0,0,1704.74,444.05,1783.85,587.27,15
19,player,695,0,0,1701.78,444.58,1780.89,587.80,15
19,player,696,0,0,1698.82,445.10,1777.93,588.32,15
19,player,697,0,0,1695.86,445.62,1774.97,588.84,15
19,player,698,0,0,1692.90,446.14,1772.01,589.36,15
19,player,699,0,0,1689.95,446.66,1769.05,589.88,15
19,player,700,0,0,1686.99,447.19,1766.10,590.41,15
19,player,701,0,0,1684.03,447.71,1763.14,590.93,15
19,player,702,0,0,1681.07,448.23,1760.18,591.45,15
19,player,703,0,0,1678.11,448.75,1757.22,591.97,15
19,player,704,0,0,1675.15,449.27,1754.26,592.49,15
19,player,705,0,0,1672.19,449.80,1751.30,593.02,15
19,player,706,0,0,1669.24,450.32,1748.35,593.54,15
19,player,707,0,0,1666.28,450.84,1745.39,594.06,15
19,player,708,0,0,1663.32,451.36,1742.43,594.58,15
19,player,709,0,0,1660.36,451.89,1739.47,595.10,15
19,player,710,0,0,1657.40,452.41,1736.51,595.63,15
19,player,711,0,0,1654.44,452.93,1733.55,596.15,15
19,player,712,0,0,1651.48,453.45,1730.59,596.67,15
19,player,713,0,0,1648.53,453.97,1727.64,597.19,15
19,player,714,0,0,1645.57,454.50,1724.68,597.72,15
19,player,715,0,0,1642.61,455.02,1721.72,598.24,15
19,player,716,0,0,1639.65,455.54,1718.76,598.76,15
19,player,717,0,0,1636.69,456.06,1715.80,599.28,15
19,player,718,0,0,1633.73,456.58,1712.84,599.80,15
19,player,719,0,0,1630.77,457.11,1709.88,600.33,15
19,player,720,0,0,1627.82,457.63,1706.93,600.85,15
19,player,721,0,0,1624.86,458.15,1703.97,601.37,15
19,player,722,0,0,1621.90,458.67,1701.01,601.89,15
19,player,723,0,0,1618.94,459.19,1698.05,602.41,15
19,player,724,0,0,1615.98,459.72,1695.09,602.94,15
19,player,725,0,0,1613.02,460.24,1692.13,603.46,15
19,player,726,0,0,1610.07,460.76,1689.17,603.98,15
19,player,727,0,0,1607.11,461.28,1686.22,604.50,15
19,player,728,0,0,1604.15,461.81,1683.26,605.02,15
19,player,729,0,0,1601.19,462.33,1680.30,605.55,15
19,player,730,0,0,1598.23,462.85,1677.34,606.07,15
19,player,731,0,0,1595.27,463.37,1674.38,606.59,15
19,player,732,0,0,1592.31,463.89,1671.42,607.11,15
19,player,733,0,0,1589.36,464.42,1668.47,607.64,15
19,player,734,0,0,1586.40,464.94,1665.51,608.16,15
19,player,735,0,0,1583.44,465.46,1662.55,608.68,15
19,player,736,0,0,1580.48,465.98,1659.59,609.20,15
19,player,737,0,0,1577.52,466.50,1656.63,609.72,15
19,player,738,0,0,1574.56,467.03,1653.67,610.25,15
19,player,739,0,0,1571.60,467.55,1650.71,610.77,15
19,player,740,0,0,1568.65,468.07,1647.76,611.29,15
19,player,741,0,0,1565.69,468.59,1644.80,611.81,15
19,player,742,0,0,1562.73,469.11,1641.84,612.33,15
19,player,743,0,0,1559.77,469.64,1638.88,612.86,15
19,player,744,0,0,1556.81,470.16,1635.92,613.38,15
19,player,745,0,0,1553.85,470.68,1632.96,613.90,15
19,player,746,0,0,1550.89,471.20,1630.00,614.42,15
19,player,747,0,0,1547.94,471.72,1627.05,614.94,15
19,player,748,0,0,1544.98,472.25,1624.09,615.47,15
19,player,749,0,0,1542.02,472.77,1621.13,615.99,15
19,player,750,0,0,1539.06,473.29,1618.17,616.51,15
19,player,751,0,0,1536.10,473.81,1615.21,617.03,15
19,player,752,0,0,1533.14,474.34,1612.25,617.55,15
19,player,753,0,0,1530.19,474.86,1609.29,618.08,15
19,player,754,0,0,1527.23,475.38,1606.34,618.60,15
19,player,755,0,0,1524.27,475.90,1603.38,619.12,15
19,player,756,0,0,1521.31,476.42,1600.42,619.64,15
19,player,757,0,0,1518.35,476.95,1597.46,620.17,15
19,player,758,0,0,1515.39,477.47,1594.50,620.69,15
19,player,759,0,0,1512.43,477.99,1591.54,621.21,15
19,player,760,0,0,1509.48,478.51,1588.59,621.73,15
19,player,761,0,0,1506.52,479.03,1585.63,622.25,15
19,player,762,0,0,1503.56,479.56,1582.67,622.78,15
19,player,763,0,0,1500.60,480.08,1579.71,623.30,15
19,player,764,0,0,1497.64,480.60,1576.75,623.82,15
19,player,765,0,0,1497.45,482.93,1576.56,626.15,15
19,player,766,0,0,1497.25,485.27,1576.36,628.49,15
19,player,767,0,0,1497.06,487.60,1576.17,630.82,15
19,player,768,0,0,1496.86,489.93,1575.97,633.15,15
19,player,769,0,0,1496.67,492.26,1575.78,635.48,15
19,player,770,0,0,1496.48,494.60,1575.58,637.81,15
19,player,771,0,0,1496.28,496.93,1575.39,640.15,15
19,player,772,0,0,1496.09,499.26,1575.20,642.48,15
19,player,773,0,0,1495.89,501.59,1575.00,644.81,15
19,player,774,0,0,1495.70,503.93,1574.81,647.14,15
19,player,775,0,0,1495.50,506.26,1574.61,649.48,15
19,player,776,0,0,1495.31,508.59,1574.42,651.81,15
19,player,777,0,0,1495.11,510.92,1574.22,654.14,15
19,player,778,0,0,1494.92,513.26,1574.03,656.47,15
19,player,779,0,0,1494.73,515.59,1573.84,658.81,15
19,player,780,0,0,1494.53,517.92,1573.64,661.14,15
19,player,781,0,0,1494.34,520.25,1573.45,663.47,15
19,player,782,0,0,1494.14,522.59,1573.25,665.80,15
19,player,783,0,0,1493.95,524.92,1573.06,668.14,15
19,player,784,0,0,1493.75,527.25,1572.86,670.47,15
19,player,785,0,0,1493.56,529.58,1572.67,672.80,15
19,player,786,0,0,1493.37,531.92,1572.47,675.13,15
19,player,787,0,0,1491.87,531.92,1570.98,675.13,15
19,player,788,0,0,1490.37,531.92,1569.48,675.13,15
19,player,789,0,0,1488.88,531.92,1567.98,675.13,15
19,player,790,0,0,1487.38,531.92,1566.49,675.13,15
19,player,791,0,0,1485.88,531.92,1564.99,675.13,15
19,player,792,0,0,1484.39,531.92,1563.49,675.13,15
19,player,793,0,0,1482.89,531.92,1562.00,675.13,15
19,player,794,0,0,1481.39,531.92,1560.50,675.13,15
19,player,795,0,0,1479.90,531.92,1559.00,675.13,15
19,player,796,0,0,1478.40,531.92,1557.51,675.13,15
19,player,797,0,0,1479.40,531.60,1558.51,674.82,15
19,player,798,0,0,1480.41,531.29,1559.52,674.51,15
19,player,799,0,0,1481.42,530.97,1560.53,674.19,15
19,player,800,0,0,1482.42,530.66,1561.53,673.88,15
19,player,801,0,0,1483.43,530.34,1562.54,673.56,15
19,player,802,0,0,1484.44,530.03,1563.54,673.25,15
19,player,803,0,0,1485.44,529.71,1564.55,672.93,15
19,player,804,0,0,1486.45,529.40,1565.56,672.62,15
19,player,805,0,0,1487.45,529.09,1566.56,672.30,15
19,player,806,0,0,1488.46,528.77,1567.57,671.99,15
19,player,807,0,0,1489.47,528.46,1568.58,671.68,15
19,player,808,0,0,1490.47,528.14,1569.58,671.36,15
19,player,809,0,0,1491.48,527.83,1570.59,671.05,15
19,player,810,0,0,1492.48,527.51,1571.59,670.73,15
19,player,811,0,0,1493.49,527.20,1572.60,670.42,15
19,player,812,0,0,1494.50,526.88,1573.61,670.10,15
19,player,813,0,0,1495.50,526.57,1574.61,669.79,15
19,player,814,0,0,1496.51,526.26,1575.62,669.47,15
19,player,815,0,0,1497.52,525.94,1576.62,669.16,15
19,player,816,0,0,1498.52,525.63,1577.63,668.85,15
19,player,817,0,0,1499.53,525.31,1578.64,668.53,15
19,player,818,0,0,1500.53,525.00,1579.64,668.22,15
19,player,819,0,0,1501.54,524.68,1580.65,667.90,15
19,player,820,0,0,1502.55,524.37,1581.66,667.59,15
19,player,821,0,0,1503.55,524.05,1582.66,667.27,15
19,player,822,0,0,1504.56,523.74,1583.67,666.96,15
19,player,823,0,0,1505.56,523.43,1584.67,666.65,15
19,player,824,0,0,1506.57,523.11,1585.68,666.33,15
19,player,825,0,0,1507.58,522.80,1586.69,666.02,15
19,player,826,0,0,1508.58,522.48,1587.69,665.70,15
19,player,827,0,0,1509.59,522.17,1588.70,665.39,15
19,player,828,0,0,1510.60,521.85,1589.70,665.07,15
19,player,829,0,0,1511.60,521.54,1590.71,664.76,15
19,player,830,0,0,1512.61,521.22,1591.72,664.44,15
19,player,831,0,0,1514.29,520.90,1593.40,664.12,15
19,player,832,0,0,1515.97,520.57,1595.08,663.79,15
19,player,833,0,0,1517.65,520.24,1596.76,663.46,15
19,player,834,0,0,1510.34,518.42,1589.45,661.64,15
19,player,835,0,0,1503.03,516.59,1582.14,659.81,15
19,player,836,0,0,1495.72,514.76,1574.83,657.98,15
19,player,837,0,0,1488.41,512.94,1567.51,656.16,15
19,player,838,0,0,1481.09,511.11,1560.20,654.33,15
19,player,839,0,0,1473.78,509.29,1552.89,652.51,15
19,player,840,0,0,1466.47,507.46,1545.58,650.68,15
19,player,841,0,0,1459.16,505.63,1538.27,648.85,15
19,player,842,0,0,1451.84,503.81,1530.95,647.03,15
19,player,843,0,0,1444.53,501.98,1523.64,645.20,15
19,player,844,0,0,1437.22,500.15,1516.33,643.37,15
19,player,845,0,0,1429.91,498.33,1509.02,641.55,15
19,player,846,0,0,1422.59,496.50,1501.70,639.72,15
19,player,847,0,0,1415.28,494.68,1494.39,637.90,15
19,player,848,0,0,1407.97,492.85,1487.08,636.07,15
19,player,849,0,0,1400.66,491.02,1479.77,634.24,15
19,player,850,0,0,1393.35,489.20,1472.46,632.42,15
19,player,851,0,0,1386.03,487.37,1465.14,630.59,15
19,player,852,0,0,1378.72,485.54,1457.83,628.76,15
19,player,853,0,0,1371.41,483.72,1450.52,626.94,15
19,player,854,0,0,1364.10,481.89,1443.21,625.11,15
19,player,855,0,0,1356.78,480.07,1435.89,623.29,15
19,player,856,0,0,1349.47,478.24,1428.58,621.46,15
19,player,857,0,0,1342.16,476.41,1421.27,619.63,15
19,player,858,0,0,1334.85,474.59,1413.96,617.81,15
19,player,859,0,0,1327.54,472.76,1406.64,615.98,15
19,player,860,0,0,1320.22,470.93,1399.33,614.15,15
19,player,861,0,0,1312.91,469.11,1392.02,612.33,15
19,player,862,0,0,1305.60,467.28,1384.71,610.50,15
19,player,863,0,0,1298.29,465.46,1377.40,608.68,15
19,player,864,0,0,1290.97,463.63,1370.08,606.85,15
19,player,865,0,0,1283.66,461.80,1362.77,605.02,15
19,player,866,0,0,1276.35,459.98,1355.46,603.20,15
19,player,867,0,0,1269.04,458.15,1348.15,601.37,15
19,player,868,0,0,1261.73,456.32,1340.83,599.54,15
19,player,869,0,0,1254.41,454.50,1333.52,597.72,15
19,player,870,0,0,1247.10,452.67,1326.21,595.89,15
19,player,871,0,0,1239.79,450.85,1318.90,594.06,15
19,player,872,0,0,1232.48,449.02,1311.59,592.24,15
19,player,873,0,0,1225.16,447.19,1304.27,590.41,15
19,player,874,0,0,1217.85,445.37,1296.96,588.59,15
19,player,875,0,0,1210.54,443.54,1289.65,586.76,15
19,player,876,0,0,1203.23,441.71,1282.34,584.93,15
19,player,877,0,0,1195.91,439.89,1275.02,583.11,15
19,player,878,0,0,1188.60,438.06,1267.71,581.28,15
19,player,879,0,0,1181.29,436.24,1260.40,579.45,15
19,player,880,0,0,1173.98,434.41,1253.09,577.63,15
19,player,881,0,0,1166.67,432.58,1245.78,575.80,15
19,player,882,0,0,1159.35,430.76,1238.46,573.98,15
19,player,883,0,0,1152.04,428.93,1231.15,572.15,15
19,player,884,0,0,1144.73,427.10,1223.84,570.32,15
19,player,885,0,0,1137.42,425.28,1216.53,568.50,15
19,player,886,0,0,1130.10,423.45,1209.21,566.67,15
19,player,887,0,0,1122.79,421.63,1201.90,564.84,15
19,player,888,0,0,1115.48,419.80,1194.59,563.02,15
19,player,889,0,0,1108.17,417.97,1187.28,561.19,15
19,player,890,0,0,1100.86,416.15,1179.96,559.37,15
19,player,891,0,0,1093.54,414.32,1172.65,557.54,15
19,player,892,0,0,1093.54,414.32,1172.65,557.54,15
19,player,893,0,0,1093.54,414.32,1172.65,557.54,15
19,player,894,0,0,1093.54,414.32,1172.65,557.54,15
19,player,895,0,0,1093.54,414.32,1172.65,557.54,15
19,player,896,0,0,1093.54,414.32,1172.65,557.54,15
19,player,897,0,0,1093.54,414.32,1172.65,557.54,15
19,player,898,0,0,1093.54,414.32,1172.65,557.54,15
19,player,899,0,0,1093.54,414.32,1172.65,557.54,15
20,player,434,0,0,1435.73,542.15,1506.28,700.35,33
20,player,435,0,0,1436.70,544.62,1507.25,702.81,33
20,player,436,0,0,1437.68,547.08,1508.23,705.28,33
20,player,437,0,0,1438.65,549.55,1509.20,707.75,33
20,player,438,0,0,1439.62,552.02,1510.17,710.22,33
20,player,439,0,0,1440.60,554.49,1511.15,712.68,33
20,player,440,0,0,1441.57,556.95,1512.12,715.15,33
20,player,441,0,0,1442.55,559.42,1513.10,717.62,33
20,player,442,0,0,1443.52,561.89,1514.07,720.09,33
20,player,443,0,0,1444.49,564.36,1515.04,722.55,33
20,player,444,0,0,1445.47,566.82,1516.02,725.02,33
20,player,445,0,0,1446.44,569.29,1516.99,727.49,33
20,player,446,0,0,1447.42,571.76,1517.97,729.96,33
20,player,447,0,0,1448.39,574.23,1518.94,732.42,33
20,player,448,0,0,1449.36,576.69,1519.91,734.89,33
20,player,449,0,0,1450.34,579.16,1520.89,737.36,33
20,player,450,0,0,1451.31,581.63,1521.86,739.83,33
20,player,451,0,0,1452.29,584.10,1522.84,742.29,33
20,player,452,0,0,1453.26,586.56,1523.81,744.76,33
20,player,453,0,0,1454.24,589.03,1524.78,747.23,33
20,player,454,0,0,1455.21,591.50,1525.76,749.70,33
20,player,455,0,0,1456.18,593.97,1526.73,752.16,33
20,player,456,0,0,1457.16,596.44,1527.71,754.63,33
20,player,457,0,0,1458.13,598.90,1528.68,757.10,33
20,player,458,0,0,1459.11,601.37,1529.65,759.57,33
20,player,459,0,0,1460.08,603.84,1530.63,762.03,33
20,player,460,0,0,1461.05,606.31,1531.60,764.50,33
20,player,461,0,0,1462.03,608.77,1532.58,766.97,33
20,player,462,0,0,1463.00,611.24,1533.55,769.44,33
20,player,463,0,0,1463.98,613.71,1534.52,771.90,33
20,player,464,0,0,1464.95,616.18,1535.50,774.37,33
20,player,465,0,0,1465.92,618.64,1536.47,776.84,33
20,player,466,0,0,1466.90,621.11,1537.45,779.31,33
20,player,467,0,0,1467.87,623.58,1538.42,781.77,33
20,player,468,0,0,1468.85,626.05,1539.40,784.24,33
20,player,469,0,0,1469.82,628.51,1540.37,786.71,33
20,player,470,0,0,1470.79,630.98,1541.34,789.18,33
20,player,471,0,0,1477.00,631.79,1547.55,789.98,33
20,player,472,0,0,1483.21,632.59,1553.76,790.79,33
20,player,473,0,0,1489.41,633.40,1559.96,791.60,33
20,player,474,0,0,1495.62,634.20,1566.17,792.40,33
20,player,475,0,0,1501.83,635.01,1572.38,793.21,33
20,player,476,0,0,1508.04,635.82,1578.58,794.01,33
20,player,477,0,0,1514.24,636.62,1584.79,794.82,33
20,player,478,0,0,1520.45,637.43,1591.00,795.63,33
20,player,479,0,0,1526.66,638.24,1597.21,796.43,33
20,player,480,0,0,1532.86,639.04,1603.41,797.24,33
20,player,481,0,0,1539.07,639.85,1609.62,798.04,33
20,player,482,0,0,1545.28,640.65,1615.83,798.85,33
20,player,483,0,0,1551.48,641.46,1622.03,799.66,33
20,player,484,0,0,1557.69,642.27,1628.24,800.46,33
20,player,485,0,0,1563.90,643.07,1634.45,801.27,33
20,player,486,0,0,1570.10,643.88,1640.65,802.08,33
20,player,487,0,0,1576.31,644.68,1646.86,802.88,33
20,player,488,0,0,1582.52,645.49,1653.07,803.69,33
20,player,489,0,0,1588.72,646.30,1659.27,804.49,33
20,player,490,0,0,1594.93,647.10,1665.48,805.30,33
20,player,491,0,0,1601.14,647.91,1671.69,806.11,33
20,player,492,0,0,1607.35,648.71,1677.89,806.91,33
20,player,493,0,0,1613.55,649.52,1684.10,807.72,33
20,player,494,0,0,1619.76,650.33,1690.31,808.52,33
20,player,495,0,0,1625.97,651.13,1696.52,809.33,33
20,player,496,0,0,1632.17,651.94,1702.72,810.14,33
20,player,497,0,0,1638.38,652.75,1708.93,810.94,33
20,player,498,0,0,1644.59,653.55,1715.14,811.75,33
20,player,499,0,0,1650.79,654.36,1721.34,812.55,33
20,player,500,0,0,1660.04,653.34,1730.59,811.54,33
20,player,501,0,0,1669.30,652.32,1739.84,810.52,33
20,player,502,0,0,1678.55,651.30,1749.10,809.50,33
20,player,503,0,0,1687.80,650.28,1758.35,808.48,33
20,player,504,0,0,1691.41,649.28,1761.94,807.48,33
20,player,505,0,0,1695.02,648.29,1765.53,806.48,33
20,player,506,0,0,1698.63,647.29,1769.12,805.48,33
20,player,507,0,0,1702.24,646.29,1772.72,804.49,33
20,player,508,0,0,1705.85,645.29,1776.31,803.49,33
20,player,509,0,0,1709.46,644.29,1779.90,802.49,33
20,player,510,0,0,1713.07,643.30,1783.49,801.49,33
20,player,511,0,0,1716.68,642.30,1787.08,800.50,33
20,player,512,0,0,1720.30,641.30,1790.68,799.50,33
20,player,513,0,0,1723.91,640.30,1794.27,798.50,33
20,player,514,0,0,1727.52,639.31,1797.86,797.50,33
20,player,515,0,0,1731.13,638.31,1801.45,796.50,33
20,player,516,0,0,1734.74,637.31,1805.05,795.51,33
20,player,517,0,0,1738.35,636.31,1808.64,794.51,33
20,player,518,0,0,1741.96,635.31,1812.23,793.51,33
20,player,519,0,0,1745.57,634.32,1815.82,792.51,33
20,player,520,0,0,1749.18,633.32,1819.42,791.52,33
20,player,521,0,0,1752.79,632.32,1823.01,790.52,33
20,player,522,0,0,1756.41,631.32,1826.60,789.52,33
20,player,523,0,0,1760.02,630.33,1830.19,788.52,33
20,player,524,0,0,1763.63,629.33,1833.78,787.52,33
20,player,525,0,0,1767.24,628.33,1837.38,786.53,33
20,player,526,0,0,1770.85,627.33,1840.97,785.53,33
20,player,527,0,0,1774.46,626.33,1844.56,784.53,33
20,player,528,0,0,1778.07,625.34,1848.15,783.53,33
20,player,529,0,0,1781.68,624.34,1851.75,782.54,33
20,player,530,0,0,1785.29,623.34,1855.34,781.54,33
20,player,531,0,0,1788.90,622.34,1858.93,780.54,33
20,player,532,0,0,1792.52,621.35,1862.52,779.54,33
20,player,533,0,0,1796.13,620.35,1866.12,778.54,33
20,player,534,0,0,1799.74,619.35,1869.71,777.55,33
20,player,535,0,0,1803.35,618.35,1873.30,776.55,33
20,player,536,0,0,1806.96,617.35,1876.89,775.55,33
20,player,537,0,0,1810.57,616.36,1880.48,774.55,33
20,player,538,0,0,1814.18,615.36,1884.08,773.56,33
20,player,539,0,0,1817.79,614.36,1887.67,772.56,33
20,player,540,0,0,1821.40,613.36,1891.26,771.56,33
20,player,541,0,0,1825.01,612.37,1894.85,770.56,33
20,player,542,0,0,1828.63,611.37,1898.45,769.56,33
20,player,543,0,0,1832.24,610.37,1902.04,768.57,33
20,player,544,0,0,1835.85,609.37,1905.63,767.57,33
20,player,545,0,0,1839.46,608.37,1909.22,766.57,33
20,player,546,0,0,1843.07,607.38,1912.82,765.57,33
20,player,547,0,0,1846.68,606.38,1916.41,764.58,33
20,player,548,0,0,1850.29,605.38,1920.00,763.58,33
20,player,549,0,0,1846.00,599.00,1920.00,763.58,33
20,player,550,0,0,1846.00,596.62,1920.00,761.20,33
20,player,551,0,0,1846.00,594.25,1920.00,758.83,33
20,player,552,0,0,1846.00,591.87,1920.00,756.45,33
20,player,553,0,0,1846.00,589.50,1920.00,754.08,33
20,player,554,0,0,1846.00,587.12,1920.00,751.70,33
20,player,555,0,0,1846.00,584.75,1920.00,749.32,33
20,player,556,0,0,1846.00,582.37,1920.00,746.95,33
20,player,557,0,0,1846.00,579.99,1920.00,744.57,33
20,player,558,0,0,1846.00,577.62,1920.00,742.20,33
20,player,559,0,0,1846.21,577.44,1920.00,742.02,33
20,player,560,0,0,1846.41,577.26,1920.00,741.84,33
20,player,561,0,0,1846.62,577.08,1920.00,741.66,33
20,player,562,0,0,1846.83,576.91,1920.00,741.48,33
20,player,563,0,0,1847.03,576.73,1920.00,741.31,33
20,player,564,0,0,1847.24,576.55,1920.00,741.13,33
20,player,565,0,0,1847.44,576.37,1920.00,740.95,33
20,player,566,0,0,1847.65,576.19,1920.00,740.77,33
20,player,567,0,0,1847.86,576.02,1920.00,740.59,33
20,player,568,0,0,1848.06,575.84,1920.00,740.41,33
20,player,569,0,0,1848.27,575.66,1920.00,740.24,33
20,player,570,0,0,1848.48,575.48,1920.00,740.06,33
20,player,571,0,0,1843.72,577.33,1915.30,741.91,33
20,player,572,0,0,1838.96,579.19,1910.59,743.76,33
20,player,573,0,0,1834.20,581.04,1905.89,745.62,33
20,player,574,0,0,1829.44,582.89,1901.18,747.47,33
20,player,575,0,0,1824.68,584.75,1896.48,749.32,33
20,player,576,0,0,1819.92,586.60,1891.78,751.18,33
20,player,577,0,0,1815.16,588.45,1887.07,753.03,33
20,player,578,0,0,1810.41,590.30,1882.37,754.88,33
20,player,579,0,0,1805.65,592.16,1877.67,756.74,33
20,player,580,0,0,1800.89,594.01,1872.96,758.59,33
20,player,581,0,0,1796.13,595.86,1868.26,760.44,33
20,player,582,0,0,1791.37,597.72,1863.55,762.29,33
20,player,583,0,0,1786.61,599.57,1858.85,764.15,33
20,player,584,0,0,1781.85,601.42,1854.15,766.00,33
20,player,585,0,0,1777.09,603.28,1849.44,767.85,33
20,player,586,0,0,1772.34,605.13,1844.74,769.71,33
20,player,587,0,0,1767.58,606.98,1840.04,771.56,33
20,player,588,0,0,1762.82,608.83,1835.33,773.41,33
20,player,589,0,0,1758.06,610.69,1830.63,775.27,33
20,player,590,0,0,1753.30,612.54,1825.92,777.12,33
20,player,591,0,0,1748.54,614.39,1821.22,778.97,33
20,player,592,0,0,1743.78,616.25,1816.52,780.82,33
20,player,593,0,0,1739.02,618.10,1811.81,782.68,33
20,player,594,0,0,1734.27,619.95,1807.11,784.53,33
20,player,595,0,0,1729.51,621.81,1802.41,786.38,33
20,player,596,0,0,1724.75,623.66,1797.70,788.24,33
20,player,597,0,0,1719.99,625.51,1793.00,790.09,33
20,player,598,0,0,1715.23,627.36,1788.29,791.94,33
20,player,599,0,0,1710.47,629.22,1783.59,793.80,33
20,player,600,0,0,1705.71,631.07,1778.89,795.65,33
20,player,601,0,0,1700.95,632.92,1774.18,797.50,33
20,player,602,0,0,1696.19,634.78,1769.48,799.35,33
20,player,603,0,0,1691.44,636.63,1764.78,801.21,33
20,player,604,0,0,1686.68,638.48,1760.07,803.06,33
20,player,605,0,0,1681.92,640.34,1755.37,804.91,33
20,player,606,0,0,1677.16,642.19,1750.66,806.77,33
20,player,607,0,0,1672.40,644.04,1745.96,808.62,33
20,player,608,0,0,1667.64,645.90,1741.26,810.47,33
20,player,609,0,0,1662.88,647.75,1736.55,812.33,33
20,player,610,0,0,1658.12,649.60,1731.85,814.18,33
20,player,611,0,0,1653.37,651.45,1727.15,816.03,33
20,player,612,0,0,1648.61,653.31,1722.44,817.89,33
20,player,613,0,0,1643.85,655.16,1717.74,819.74,33
20,player,614,0,0,1639.09,657.01,1713.03,821.59,33
20,player,615,1,0,1634.33,658.87,1708.33,823.44,33
21,player,434,0,0,1703.00,309.10,1775.68,435.23,-1
21,player,435,0,0,1703.58,311.31,1776.26,437.44,-1
21,player,436,0,0,1704.17,313.51,1776.85,439.64,-1
21,player,437,0,0,1704.75,315.72,1777.43,441.85,-1
21,player,438,0,0,1705.34,317.93,1778.01,444.06,-1
21,player,439,0,0,1705.92,320.14,1778.60,446.27,-1
21,player,440,0,0,1706.51,322.34,1779.18,448.47,-1
21,player,441,0,0,1707.09,324.55,1779.77,450.68,-1
21,player,442,0,0,1707.68,326.76,1780.35,452.89,-1
21,player,443,0,0,1708.26,328.97,1780.94,455.10,-1
21,player,444,0,0,1708.84,331.18,1781.52,457.31,-1
21,player,445,0,0,1709.43,333.38,1782.10,459.51,-1
21,player,446,0,0,1710.01,335.59,1782.69,461.72,-1
21,player,447,0,0,1710.60,337.80,1783.27,463.93,-1
21,player,448,0,0,1711.18,340.01,1783.86,466.14,-1
21,player,449,0,0,1711.77,342.21,1784.44,468.34,-1
21,player,450,0,0,1712.35,344.42,1785.03,470.55,-1
21,player,451,0,0,1712.94,346.63,1785.61,472.76,-1
21,player,452,0,0,1713.52,348.84,1786.20,474.97,-1
21,player,453,0,0,1714.10,351.05,1786.78,477.18,-1
21,player,454,0,0,1714.69,353.25,1787.36,479.38,-1
21,player,455,0,0,1715.27,355.46,1787.95,481.59,-1
21,player,456,0,0,1715.86,357.67,1788.53,483.80,-1
21,player,457,0,0,1716.44,359.88,1789.12,486.01,-1
21,player,458,0,0,1717.03,362.08,1789.70,488.22,-1
21,player,459,0,0,1717.61,364.29,1790.29,490.42,-1
21,player,460,0,0,1718.19,366.50,1790.87,492.63,-1
21,player,461,0,0,1718.78,368.71,1791.46,494.84,-1
21,player,462,0,0,1719.36,370.92,1792.04,497.05,-1
21,player,463,0,0,1719.95,373.12,1792.62,499.25,-1
21,player,464,0,0,1720.53,375.33,1793.21,501.46,-1
21,player,465,0,0,1721.12,377.54,1793.79,503.67,-1
21,player,466,0,0,1721.70,379.75,1794.38,505.88,-1
21,player,467,0,0,1722.29,381.95,1794.96,508.09,-1
21,player,468,0,0,1722.87,384.16,1795.55,510.29,-1
21,player,469,0,0,1723.45,386.37,1796.13,512.50,-1
21,player,470,0,0,1724.04,388.58,1796.72,514.71,-1
21,player,471,0,0,1724.04,388.58,1796.72,514.71,-1
21,player,472,0,0,1724.04,388.58,1796.72,514.71,-1
21,player,473,0,0,1724.04,388.58,1796.72,514.71,-1
21,player,474,0,0,1724.04,388.58,1796.72,514.71,-1
21,player,475,0,0,1724.04,388.58,1796.72,514.71,-1
21,player,476,0,0,1724.04,388.58,1796.72,514.71,-1
21,player,477,0,0,1724.04,388.58,1796.72,514.71,-1
21,player,478,0,0,1724.04,388.58,1796.72,514.71,-1
21,player,479,0,0,1724.04,388.58,1796.72,514.71,-1
21,player,480,0,0,1724.04,388.58,1796.72,514.71,-1
21,player,481,0,0,1724.04,388.58,1796.72,514.71,-1
21,player,482,0,0,1724.04,388.58,1796.72,514.71,-1
21,player,483,0,0,1724.04,388.58,1796.72,514.71,-1
21,player,484,0,0,1724.04,388.58,1796.72,514.71,-1
21,player,485,0,0,1724.04,388.58,1796.72,514.71,-1
21,player,486,0,0,1724.04,388.58,1796.72,514.71,-1
21,player,487,0,0,1724.04,388.58,1796.72,514.71,-1
21,player,488,0,0,1724.04,388.58,1796.72,514.71,-1
21,player,489,0,0,1724.04,388.58,1796.72,514.71,-1
21,player,490,0,0,1724.04,388.58,1796.72,514.71,-1
21,player,491,0,0,1724.04,388.58,1796.72,514.71,-1
21,player,492,0,0,1724.04,388.58,1796.72,514.71,-1
21,player,493,0,0,1724.04,388.58,1796.72,514.71,-1
21,player,494,0,0,1724.04,388.58,1796.72,514.71,-1
21,player,495,0,0,1724.04,388.58,1796.72,514.71,-1
21,player,496,0,0,1724.04,388.58,1796.72,514.71,-1
21,player,497,0,0,1724.04,388.58,1796.72,514.71,-1
21,player,498,0,0,1724.04,388.58,1796.72,514.71,-1
21,player,499,1,0,1724.04,388.58,1796.72,514.71,-1
22,player,570,0,0,1829.14,392.48,1899.68,550.68,-1
22,player,571,0,0,1829.14,392.48,1899.68,550.68,-1
22,player,572,0,0,1829.14,392.48,1899.68,550.68,-1
22,player,573,0,0,1829.14,392.48,1899.68,550.68,-1
22,player,574,0,0,1829.14,392.48,1899.68,550.68,-1
22,player,575,0,0,1829.14,392.48,1899.68,550.68,-1
22,player,576,0,0,1829.14,392.48,1899.68,550.68,-1
22,player,577,0,0,1829.14,392.48,1899.68,550.68,-1
22,player,578,0,0,1829.14,392.48,1899.68,550.68,-1
22,player,579,0,0,1829.14,392.48,1899.68,550.68,-1
22,player,580,0,0,1829.14,392.48,1899.68,550.68,-1
22,player,581,0,0,1829.14,392.48,1899.68,550.68,-1
22,player,582,0,0,1829.14,392.48,1899.68,550.68,-1
22,player,583,0,0,1829.14,392.48,1899.68,550.68,-1
22,player,584,0,0,1829.14,392.48,1899.68,550.68,-1
22,player,585,0,0,1829.14,392.48,1899.68,550.68,-1
22,player,586,0,0,1829.14,392.48,1899.68,550.68,-1
22,player,587,0,0,1829.14,392.48,1899.68,550.68,-1
22,player,588,0,0,1829.14,392.48,1899.68,550.68,-1
22,player,589,0,0,1829.14,392.48,1899.68,550.68,-1
22,player,590,0,0,1829.14,392.48,1899.68,550.68,-1
22,player,591,0,0,1829.14,392.48,1899.68,550.68,-1
22,player,592,0,0,1829.14,392.48,1899.68,550.68,-1
22,player,593,0,0,1829.14,392.48,1899.68,550.68,-1
22,player,594,0,0,1829.14,392.48,1899.68,550.68,-1
22,player,595,0,0,1829.14,392.48,1899.68,550.68,-1
22,player,596,0,0,1829.14,392.48,1899.68,550.68,-1
22,player,597,0,0,1829.14,392.48,1899.68,550.68,-1
22,player,598,0,0,1829.14,392.48,1899.68,550.68,-1
22,player,599,0,0,1829.14,392.48,1899.68,550.68,-1
22,player,600,0,0,1829.14,392.48,1899.68,550.68,-1
22,player,601,0,0,1829.14,392.48,1899.68,550.68,-1
22,player,602,0,0,1829.14,392.48,1899.68,550.68,-1
22,player,603,0,0,1829.14,392.48,1899.68,550.68,-1
22,player,604,0,0,1829.14,392.48,1899.68,550.68,-1
22,player,605,0,0,1829.14,392.48,1899.68,550.68,-1
22,player,606,0,0,1829.14,392.48,1899.68,550.68,-1
22,player,607,0,0,1829.14,392.48,1899.68,550.68,-1
22,player,608,0,0,1829.14,392.48,1899.68,550.68,-1
22,player,609,0,0,1829.14,392.48,1899.68,550.68,-1
22,player,610,0,0,1829.14,392.48,1899.68,550.68,-1
22,player,611,0,0,1829.14,392.48,1899.68,550.68,-1
22,player,612,0,0,1829.14,392.48,1899.68,550.68,-1
22,player,613,0,0,1829.14,392.48,1899.68,550.68,-1
22,player,614,0,0,1829.14,392.48,1899.68,550.68,-1
22,player,615,1,0,1829.14,392.48,1899.68,550.68,-1
23,player,615,0,0,1848.38,495.11,1920.00,653.31,-1
23,player,616,0,0,1851.23,493.68,1920.00,651.88,-1
23,player,617,0,0,1854.08,492.26,1920.00,650.46,-1
23,player,618,0,0,1856.93,490.83,1920.00,649.03,-1
23,player,619,0,0,1856.93,490.83,1920.00,649.03,-1
23,player,620,0,0,1856.93,490.83,1920.00,649.03,-1
23,player,621,0,0,1856.93,490.83,1920.00,649.03,-1
23,player,622,0,0,1856.93,490.83,1920.00,649.03,-1
23,player,623,0,0,1856.93,490.83,1920.00,649.03,-1
23,player,624,0,0,1856.93,490.83,1920.00,649.03,-1
23,player,625,0,0,1856.93,490.83,1920.00,649.03,-1
23,player,626,0,0,1856.93,490.83,1920.00,649.03,-1
23,player,627,1,0,1856.93,490.83,1920.00,649.03,-1
24,player,615,0,0,1865.48,324.06,1920.00,482.26,-1
24,player,616,0,0,1865.48,324.06,1920.00,482.26,-1
24,player,617,0,0,1865.48,324.06,1920.00,482.26,-1
24,player,618,1,0,1865.48,324.06,1920.00,482.26,-1
25,player,615,0,0,388.10,619.12,469.30,792.30,23
25,player,616,0,0,406.63,611.99,487.83,785.17,23
25,player,617,0,0,425.16,604.87,506.36,778.05,23
25,player,618,0,0,443.69,597.74,524.89,770.92,23
25,player,619,0,0,461.98,595.36,543.18,768.54,23
25,player,620,0,0,480.28,592.99,561.47,766.17,23
25,player,621,0,0,498.57,590.61,579.77,763.79,23
25,player,622,0,0,516.86,588.24,598.06,761.42,23
25,player,623,0,0,535.15,585.86,616.35,759.04,23
25,player,624,0,0,553.45,583.49,634.65,756.67,23
25,player,625,0,0,571.74,581.11,652.94,754.29,23
25,player,626,0,0,590.03,578.73,671.23,751.91,23
25,player,627,0,0,608.32,576.36,689.52,749.54,23
25,player,628,0,0,617.66,575.79,699.36,748.97,23
25,player,629,0,0,627.00,575.22,709.19,748.40,23
25,player,630,0,0,636.33,574.65,719.03,747.83,23
25,player,631,0,0,645.67,574.08,728.86,747.26,23
25,player,632,0,0,655.00,573.51,738.70,746.69,23
25,player,633,0,0,664.34,572.94,748.53,746.12,23
25,player,634,0,0,673.67,572.37,758.37,745.55,23
25,player,635,0,0,683.01,571.80,768.20,744.98,23
25,player,636,0,0,692.35,571.23,778.04,744.41,23
25,player,637,0,0,701.68,570.66,787.87,743.84,23
25,player,638,0,0,711.02,570.09,797.71,743.27,23
25,player,639,0,0,720.35,569.52,807.54,742.70,23
25,player,640,0,0,729.69,568.95,817.38,742.13,23
25,player,641,0,0,739.03,568.38,827.22,741.56,23
25,player,642,0,0,748.36,567.81,837.05,740.99,23
25,player,643,0,0,757.70,567.24,846.89,740.42,23
25,player,644,0,0,767.03,566.67,856.72,739.85,23
25,player,645,0,0,776.37,566.10,866.56,739.28,23
25,player,646,0,0,785.71,565.53,876.39,738.71,23
25,player,647,0,0,795.04,564.96,886.23,738.14,23
25,player,648,0,0,804.38,564.39,896.06,737.57,23
25,player,649,0,0,813.71,563.82,905.90,736.99,23
25,player,650,0,0,823.05,563.24,915.73,736.42,23
25,player,651,0,0,832.38,562.67,925.57,735.85,23
25,player,652,0,0,841.72,562.10,935.40,735.28,23
25,player,653,0,0,851.06,561.53,945.24,734.71,23
25,player,654,0,0,860.39,560.96,955.07,734.14,23
25,player,655,0,0,869.73,560.39,964.91,733.57,23
25,player,656,0,0,879.06,559.82,974.74,733.00,23
25,player,657,0,0,888.40,559.25,984.58,732.43,23
25,player,658,0,0,891.05,558.85,987.23,732.03,23
25,player,659,0,0,893.69,558.44,989.87,731.62,23
25,player,660,0,0,896.34,558.03,992.52,731.21,23
25,player,661,0,0,898.99,557.62,995.17,730.80,23
25,player,662,0,0,901.64,557.22,997.81,730.40,23
25,player,663,0,0,904.28,556.81,1000.46,729.99,23
25,player,664,0,0,906.93,556.40,1003.11,729.58,23
25,player,665,0,0,909.58,556.00,1005.76,729.18,23
25,player,666,0,0,912.22,555.59,1008.40,728.77,23
25,player,667,0,0,914.87,555.18,1011.05,728.36,23
25,player,668,0,0,917.52,554.77,1013.70,727.95,23
25,player,669,0,0,920.17,554.37,1016.34,727.55,23
25,player,670,0,0,922.81,553.96,1018.99,727.14,23
25,player,671,0,0,925.46,553.55,1021.64,726.73,23
25,player,672,0,0,928.11,553.15,1024.28,726.33,23
25,player,673,0,0,930.75,552.74,1026.93,725.92,23
25,player,674,0,0,933.40,552.33,1029.58,725.51,23
25,player,675,0,0,936.05,551.92,1032.23,725.10,23
25,player,676,0,0,938.70,551.52,1034.87,724.70,23
25,player,677,0,0,941.34,551.11,1037.52,724.29,23
25,player,678,0,0,943.99,550.70,1040.17,723.88,23
25,player,679,0,0,940.96,551.20,1037.13,724.38,23
25,player,680,0,0,937.92,551.70,1034.10,724.88,23
25,player,681,0,0,934.89,552.19,1031.07,725.37,23
25,player,682,0,0,931.86,552.69,1028.04,725.87,23
25,player,683,0,0,928.82,553.19,1025.00,726.37,23
25,player,684,0,0,925.79,553.69,1021.97,726.87,23
25,player,685,0,0,922.76,554.18,1018.94,727.36,23
25,player,686,0,0,919.72,554.68,1015.90,727.86,23
25,player,687,0,0,916.69,555.18,1012.87,728.36,23
25,player,688,0,0,913.66,555.67,1009.84,728.85,23
25,player,689,0,0,910.63,556.17,1006.80,729.35,23
25,player,690,0,0,907.59,556.67,1003.77,729.85,23
25,player,691,0,0,904.56,557.17,1000.74,730.35,23
25,player,692,0,0,901.53,557.66,997.70,730.84,23
25,player,693,0,0,898.49,558.16,994.67,731.34,23
25,player,694,0,0,895.46,558.66,991.64,731.84,23
25,player,695,0,0,892.43,559.16,988.60,732.33,23
25,player,696,0,0,889.39,559.65,985.57,732.83,23
25,player,697,0,0,886.36,560.15,982.54,733.33,23
25,player,698,0,0,883.33,560.65,979.51,733.83,23
25,player,699,0,0,880.29,561.14,976.47,734.32,23
25,player,700,0,0,877.26,561.64,973.44,734.82,23
25,player,701,0,0,874.23,562.14,970.41,735.32,23
25,player,702,0,0,871.19,562.64,967.37,735.82,23
25,player,703,0,0,868.16,563.13,964.34,736.31,23
25,player,704,0,0,865.13,563.63,961.31,736.81,23
25,player,705,0,0,862.10,564.13,958.27,737.31,23
25,player,706,0,0,859.06,564.62,955.24,737.80,23
25,player,707,0,0,856.03,565.12,952.21,738.30,23
25,player,708,0,0,853.00,565.62,949.17,738.80,23
25,player,709,0,0,849.96,566.12,946.14,739.30,23
25,player,710,0,0,846.93,566.61,943.11,739.79,23
25,player,711,0,0,843.90,567.11,940.08,740.29,23
25,player,712,0,0,840.86,567.61,937.04,740.79,23
25,player,713,0,0,837.83,568.11,934.01,741.29,23
25,player,714,0,0,834.80,568.60,930.98,741.78,23
25,player,715,0,0,831.76,569.10,927.94,742.28,23
25,player,716,0,0,828.73,569.60,924.91,742.78,23
25,player,717,0,0,825.70,570.09,921.88,743.27,23
25,player,718,0,0,822.67,570.59,918.84,743.77,23
25,player,719,0,0,819.63,571.09,915.81,744.27,23
25,player,720,0,0,816.60,571.59,912.78,744.77,23
25,player,721,0,0,813.57,572.08,909.74,745.26,23
25,player,722,0,0,810.53,572.58,906.71,745.76,23
25,player,723,0,0,807.50,573.08,903.68,746.26,23
25,player,724,0,0,804.47,573.57,900.64,746.75,23
25,player,725,0,0,801.43,574.07,897.61,747.25,23
25,player,726,0,0,798.40,574.57,894.58,747.75,23
25,player,727,0,0,795.37,575.07,891.55,748.25,23
25,player,728,0,0,792.33,575.56,888.51,748.74,23
25,player,729,0,0,789.30,576.06,885.48,749.24,23
25,player,730,0,0,786.27,576.56,882.45,749.74,23
25,player,731,0,0,783.23,577.06,879.41,750.24,23
25,player,732,0,0,780.20,577.55,876.38,750.73,23
25,player,733,0,0,777.17,578.05,873.35,751.23,23
25,player,734,0,0,774.14,578.55,870.31,751.73,23
25,player,735,0,0,771.10,579.04,867.28,752.22,23
25,player,736,0,0,768.07,579.54,864.25,752.72,23
25,player,737,0,0,765.04,580.04,861.21,753.22,23
25,player,738,0,0,762.00,580.54,858.18,753.72,23
25,player,739,0,0,758.97,581.03,855.15,754.21,23
25,player,740,0,0,755.94,581.53,852.12,754.71,23
25,player,741,0,0,752.90,582.03,849.08,755.21,23
25,player,742,0,0,749.87,582.52,846.05,755.70,23
25,player,743,0,0,746.84,583.02,843.02,756.20,23
25,player,744,0,0,743.80,583.52,839.98,756.70,23
25,player,745,0,0,740.77,584.02,836.95,757.20,23
25,player,746,0,0,737.74,584.51,833.92,757.69,23
25,player,747,0,0,734.71,585.01,830.88,758.19,23
25,player,748,0,0,731.67,585.51,827.85,758.69,23
25,player,749,0,0,728.64,586.01,824.82,759.19,23
25,player,750,0,0,725.61,586.50,821.78,759.68,23
25,player,751,0,0,722.57,587.00,818.75,760.18,23
25,player,752,0,0,719.54,587.50,815.72,760.68,23
25,player,753,0,0,716.51,587.99,812.69,761.17,23
25,player,754,0,0,713.47,588.49,809.65,761.67,23
25,player,755,0,0,710.44,588.99,806.62,762.17,23
25,player,756,0,0,707.41,589.49,803.59,762.67,23
25,player,757,0,0,704.37,589.98,800.55,763.16,23
25,player,758,0,0,701.34,590.48,797.52,763.66,23
25,player,759,0,0,698.31,590.98,794.49,764.16,23
25,player,760,0,0,695.27,591.47,791.45,764.65,23
25,player,761,0,0,692.24,591.97,788.42,765.15,23
25,player,762,0,0,689.21,592.47,785.39,765.65,23
25,player,763,0,0,686.18,592.97,782.35,766.15,23
25,player,764,0,0,683.14,593.46,779.32,766.64,23
25,player,765,0,0,678.28,596.19,774.46,769.36,23
25,player,766,0,0,673.42,598.91,769.60,772.09,23
25,player,767,0,0,668.56,601.63,764.74,774.81,23
25,player,768,0,0,663.71,604.35,759.88,777.53,23
25,player,769,0,0,658.85,607.07,755.02,780.25,23
25,player,770,0,0,653.99,609.79,750.17,782.97,23
25,player,771,0,0,649.13,612.51,745.31,785.69,23
25,player,772,0,0,644.27,615.23,740.45,788.41,23
25,player,773,0,0,639.41,617.95,735.59,791.13,23
25,player,774,0,0,634.55,620.68,730.73,793.86,23
25,player,775,0,0,629.69,623.40,725.87,796.58,23
25,player,776,0,0,624.83,626.12,721.01,799.30,23
25,player,777,0,0,619.97,628.84,716.15,802.02,23
25,player,778,0,0,615.11,631.56,711.29,804.74,23
25,player,779,0,0,610.25,634.28,706.43,807.46,23
25,player,780,0,0,605.39,637.00,701.57,810.18,23
25,player,781,0,0,600.53,639.72,696.71,812.90,23
25,player,782,0,0,595.68,642.45,691.85,815.63,23
25,player,783,0,0,590.82,645.17,686.99,818.35,23
25,player,784,0,0,585.96,647.89,682.14,821.07,23
25,player,785,0,0,581.10,650.61,677.28,823.79,23
25,player,786,0,0,576.24,653.33,672.42,826.51,23
25,player,787,0,0,567.69,653.33,663.86,826.51,23
25,player,788,0,0,560.56,653.81,656.74,826.99,23
25,player,789,0,0,553.43,654.28,649.61,827.46,23
25,player,790,0,0,546.30,654.76,642.48,827.94,23
25,player,791,0,0,539.18,655.23,635.36,828.41,23
25,player,792,0,0,532.05,655.71,628.23,828.89,23
25,player,793,0,0,524.92,656.18,621.10,829.36,23
25,player,794,0,0,517.80,656.66,613.98,829.84,23
25,player,795,0,0,510.67,657.13,606.85,830.31,23
25,player,796,0,0,503.54,657.61,599.72,830.79,23
25,player,797,0,0,494.11,658.05,590.29,831.23,23
25,player,798,0,0,484.68,658.49,580.86,831.67,23
25,player,799,0,0,475.24,658.93,571.42,832.11,23
25,player,800,0,0,465.81,659.37,561.99,832.55,23
25,player,801,0,0,456.38,659.81,552.56,832.99,23
25,player,802,0,0,446.95,660.25,543.12,833.43,23
25,player,803,0,0,437.51,660.69,533.69,833.87,23
25,player,804,0,0,428.08,661.13,524.26,834.31,23
25,player,805,0,0,418.65,661.57,514.83,834.75,23
25,player,806,0,0,409.22,662.01,505.39,835.19,23
25,player,807,0,0,399.78,662.45,495.96,835.63,23
25,player,808,0,0,390.35,662.89,486.53,836.07,23
25,player,809,0,0,380.92,663.33,477.10,836.51,23
25,player,810,0,0,371.48,663.77,467.66,836.95,23
25,player,811,0,0,362.05,664.21,458.23,837.39,23
25,player,812,0,0,352.62,664.65,448.80,837.83,23
25,player,813,0,0,343.19,665.09,439.36,838.27,23
25,player,814,0,0,333.75,665.53,429.93,838.71,23
25,player,815,0,0,324.32,665.97,420.50,839.15,23
25,player,816,0,0,314.89,666.41,411.07,839.59,23
25,player,817,0,0,305.46,666.85,401.63,840.03,23
25,player,818,0,0,296.02,667.29,392.20,840.47,23
25,player,819,0,0,286.59,667.73,382.77,840.91,23
25,player,820,0,0,277.16,668.17,373.34,841.35,23
25,player,821,0,0,267.72,668.61,363.90,841.79,23
25,player,822,0,0,258.29,669.05,354.47,842.23,23
25,player,823,0,0,248.86,669.49,345.04,842.67,23
25,player,824,0,0,239.43,669.93,335.60,843.11,23
25,player,825,0,0,229.99,670.37,326.17,843.55,23
25,player,826,0,0,220.56,670.81,316.74,843.99,23
25,player,827,0,0,211.13,671.25,307.31,844.43,23
25,player,828,0,0,201.70,671.69,297.87,844.87,23
25,player,829,0,0,192.26,672.13,288.44,845.31,23
25,player,830,0,0,182.83,672.57,279.01,845.75,23
25,player,831,0,0,178.55,672.57,274.73,845.75,23
25,player,832,0,0,174.28,672.57,270.46,845.75,23
25,player,833,0,0,170.00,672.57,266.18,845.75,23
25,player,834,0,0,175.16,673.75,271.34,846.93,23
25,player,835,0,0,180.32,674.93,276.50,848.11,23
25,player,836,0,0,185.48,676.11,281.66,849.29,23
25,player,837,0,0,190.65,677.29,286.82,850.47,23
25,player,838,0,0,195.81,678.47,291.98,851.65,23
25,player,839,0,0,200.97,679.65,297.15,852.83,23
25,player,840,0,0,206.13,680.83,302.31,854.01,23
25,player,841,0,0,211.29,682.01,307.47,855.19,23
25,player,842,0,0,216.45,683.19,312.63,856.37,23
25,player,843,0,0,221.61,684.37,317.79,857.55,23
25,player,844,0,0,226.77,685.55,322.95,858.73,23
25,player,845,0,0,231.93,686.73,328.11,859.91,23
25,player,846,0,0,237.09,687.91,333.27,861.09,23
25,player,847,0,0,242.25,689.09,338.43,862.27,23
25,player,848,0,0,247.42,690.27,343.59,863.45,23
25,player,849,0,0,252.58,691.45,348.75,864.63,23
25,player,850,0,0,257.74,692.63,353.92,865.81,23
25,player,851,0,0,262.90,693.81,359.08,866.99,23
25,player,852,0,0,268.06,694.99,364.24,868.17,23
25,player,853,0,0,273.22,696.17,369.40,869.35,23
25,player,854,0,0,278.38,697.35,374.56,870.53,23
25,player,855,0,0,283.54,698.52,379.72,871.70,23
25,player,856,0,0,288.70,699.70,384.88,872.88,23
25,player,857,0,0,293.86,700.88,390.04,874.06,23
25,player,858,0,0,299.02,702.06,395.20,875.24,23
25,player,859,0,0,304.18,703.24,400.36,876.42,23
25,player,860,0,0,309.35,704.42,405.52,877.60,23
25,player,861,0,0,314.51,705.60,410.68,878.78,23
25,player,862,0,0,319.67,706.78,415.85,879.96,23
25,player,863,0,0,324.83,707.96,421.01,881.14,23
25,player,864,0,0,329.99,709.14,426.17,882.32,23
25,player,865,0,0,335.15,710.32,431.33,883.50,23
25,player,866,0,0,340.31,711.50,436.49,884.68,23
25,player,867,0,0,345.47,712.68,441.65,885.86,23
25,player,868,0,0,350.63,713.86,446.81,887.04,23
25,player,869,0,0,355.79,715.04,451.97,888.22,23
25,player,870,0,0,360.95,716.22,457.13,889.40,23
25,player,871,0,0,366.12,717.40,462.29,890.58,23
25,player,872,0,0,371.28,718.58,467.45,891.76,23
25,player,873,0,0,376.44,719.76,472.62,892.94,23
25,player,874,0,0,381.60,720.94,477.78,894.12,23
25,player,875,0,0,386.76,722.12,482.94,895.30,23
25,player,876,0,0,391.92,723.30,488.10,896.48,23
25,player,877,0,0,397.08,724.48,493.26,897.66,23
25,player,878,0,0,402.24,725.66,498.42,898.84,23
25,player,879,0,0,407.40,726.84,503.58,900.02,23
25,player,880,0,0,412.56,728.02,508.74,901.20,23
25,player,881,0,0,417.72,729.20,513.90,902.37,23
25,player,882,0,0,422.89,730.37,519.06,903.55,23
25,player,883,0,0,428.05,731.55,524.22,904.73,23
25,player,884,0,0,433.21,732.73,529.39,905.91,23
25,player,885,0,0,438.37,733.91,534.55,907.09,23
25,player,886,0,0,443.53,735.09,539.71,908.27,23
25,player,887,0,0,448.69,736.27,544.87,909.45,23
25,player,888,0,0,453.85,737.45,550.03,910.63,23
25,player,889,0,0,459.01,738.63,555.19,911.81,23
25,player,890,0,0,464.17,739.81,560.35,912.99,23
25,player,891,1,0,469.33,740.99,565.51,914.17,23
26,player,615,0,0,88.74,390.34,176.40,548.54,7
26,player,616,0,0,105.13,386.07,192.79,544.27,7
26,player,617,0,0,121.52,381.79,209.18,539.99,7
26,player,618,0,0,137.91,377.52,225.58,535.71,7
26,player,619,0,0,152.17,373.95,239.83,532.15,7
26,player,620,0,0,166.42,370.39,254.08,528.59,7
26,player,621,0,0,180.67,366.83,268.34,525.02,7
26,player,622,0,0,194.93,363.26,282.59,521.46,7
26,player,623,0,0,209.18,359.70,296.85,517.90,7
26,player,624,0,0,223.44,356.14,311.10,514.33,7
26,player,625,0,0,237.69,352.57,325.35,510.77,7
26,player,626,0,0,251.94,349.01,339.61,507.21,7
26,player,627,0,0,266.20,345.45,353.86,503.64,7
26,player,628,0,0,272.26,344.38,359.92,502.57,7
26,player,629,0,0,278.31,343.31,365.98,501.51,7
26,player,630,0,0,284.37,342.24,372.04,500.44,7
26,player,631,0,0,290.43,341.17,378.09,499.37,7
26,player,632,0,0,296.49,340.10,384.15,498.30,7
26,player,633,0,0,302.54,339.03,390.21,497.23,7
26,player,634,0,0,308.60,337.96,396.27,496.16,7
26,player,635,0,0,314.66,336.89,402.33,495.09,7
26,player,636,0,0,320.72,335.82,408.38,494.02,7
26,player,637,0,0,326.78,334.76,414.44,492.95,7
26,player,638,0,0,332.83,333.69,420.50,491.88,7
26,player,639,0,0,338.89,332.62,426.56,490.81,7
26,player,640,0,0,344.95,331.55,432.61,489.75,7
26,player,641,0,0,351.01,330.48,438.67,488.68,7
26,player,642,0,0,357.07,329.41,444.73,487.61,7
26,player,643,0,0,363.12,328.34,450.79,486.54,7
26,player,644,0,0,369.18,327.27,456.85,485.47,7
26,player,645,0,0,375.24,326.20,462.90,484.40,7
26,player,646,0,0,381.30,325.13,468.96,483.33,7
26,player,647,0,0,387.36,324.07,475.02,482.26,7
26,player,648,0,0,393.41,323.00,481.08,481.19,7
26,player,649,0,0,399.47,321.93,487.14,480.12,7
26,player,650,0,0,405.53,320.86,493.19,479.06,7
26,player,651,0,0,411.59,319.79,499.25,477.99,7
26,player,652,0,0,417.65,318.72,505.31,476.92,7
26,player,653,0,0,423.70,317.65,511.37,475.85,7
26,player,654,0,0,429.76,316.58,517.43,474.78,7
26,player,655,0,0,435.82,315.51,523.48,473.71,7
26,player,656,0,0,441.88,314.44,529.54,472.64,7
26,player,657,0,0,447.93,313.38,535.60,471.57,7
26,player,658,0,0,450.68,313.88,538.35,472.08,7
26,player,659,0,0,453.43,314.39,541.10,472.59,7
26,player,660,0,0,456.18,314.90,543.85,473.10,7
26,player,661,0,0,458.93,315.41,546.60,473.61,7
26,player,662,0,0,461.68,315.92,549.34,474.12,7
26,player,663,0,0,464.43,316.43,552.09,474.63,7
26,player,664,0,0,467.18,316.94,554.84,475.14,7
26,player,665,0,0,469.93,317.45,557.59,475.64,7
26,player,666,0,0,472.68,317.96,560.34,476.15,7
26,player,667,0,0,475.42,318.47,563.09,476.66,7
26,player,668,0,0,478.17,318.97,565.84,477.17,7
26,player,669,0,0,480.92,319.48,568.59,477.68,7
26,player,670,0,0,483.67,319.99,571.34,478.19,7
26,player,671,0,0,486.42,320.50,574.08,478.70,7
26,player,672,0,0,489.17,321.01,576.83,479.21,7
26,player,673,0,0,491.92,321.52,579.58,479.72,7
26,player,674,0,0,494.67,322.03,582.33,480.23,7
26,player,675,0,0,497.42,322.54,585.08,480.74,7
26,player,676,0,0,500.17,323.05,587.83,481.24,7
26,player,677,0,0,502.91,323.56,590.58,481.75,7
26,player,678,0,0,505.66,324.07,593.33,482.26,7
26,player,679,0,0,501.76,324.46,589.28,482.14,7
26,player,680,0,0,497.86,324.86,585.22,482.01,7
26,player,681,0,0,493.95,325.26,581.17,481.89,7
26,player,682,0,0,490.05,325.66,577.12,481.77,7
26,player,683,0,0,486.15,326.06,573.06,481.64,7
26,player,684,0,0,482.24,326.45,569.01,481.52,7
26,player,685,0,0,478.34,326.85,564.96,481.39,7
26,player,686,0,0,474.44,327.25,560.91,481.27,7
26,player,687,0,0,470.54,327.65,556.85,481.15,7
26,player,688,0,0,466.63,328.05,552.80,481.02,7
26,player,689,0,0,462.73,328.44,548.75,480.90,7
26,player,690,0,0,458.83,328.84,544.70,480.77,7
26,player,691,0,0,454.92,329.24,540.64,480.65,7
26,player,692,0,0,451.02,329.64,536.59,480.53,7
26,player,693,0,0,447.12,330.04,532.54,480.40,7
26,player,694,0,0,443.21,330.43,528.49,480.28,7
26,player,695,0,0,439.31,330.83,524.43,480.15,7
26,player,696,0,0,435.41,331.23,520.38,480.03,7
26,player,697,0,0,431.50,331.63,516.33,479.91,7
26,player,698,0,0,427.60,332.03,512.27,479.78,7
26,player,699,0,0,423.70,332.42,508.22,479.66,7
26,player,700,0,0,419.80,332.82,504.17,479.53,7
26,player,701,0,0,415.89,333.22,500.12,479.41,7
26,player,702,0,0,411.99,333.62,496.06,479.29,7
26,player,703,0,0,408.09,334.02,492.01,479.16,7
26,player,704,0,0,404.18,334.42,487.96,479.04,7
26,player,705,0,0,400.28,334.81,483.91,478.91,7
26,player,706,0,0,396.38,335.21,479.85,478.79,7
26,player,707,0,0,392.47,335.61,475.80,478.67,7
26,player,708,0,0,388.57,336.01,471.75,478.54,7
26,player,709,0,0,384.67,336.41,467.70,478.42,7
26,player,710,0,0,380.77,336.80,463.64,478.30,7
26,player,711,0,0,376.86,337.20,459.59,478.17,7
26,player,712,0,0,372.96,337.60,455.54,478.05,7
26,player,713,0,0,369.06,338.00,451.49,477.92,7
26,player,714,0,0,365.15,338.40,447.43,477.80,7
26,player,715,0,0,361.25,338.79,443.38,477.68,7
26,player,716,0,0,357.35,339.19,439.33,477.55,7
26,player,717,0,0,353.44,339.59,435.27,477.43,7
26,player,718,0,0,349.54,339.99,431.22,477.30,7
26,player,719,0,0,345.64,340.39,427.17,477.18,7
26,player,720,0,0,341.73,340.78,423.12,477.06,7
26,player,721,0,0,337.83,341.18,419.06,476.93,7
26,player,722,0,0,333.93,341.58,415.01,476.81,7
26,player,723,0,0,330.03,341.98,410.96,476.68,7
26,player,724,0,0,326.12,342.38,406.91,476.56,7
26,player,725,0,0,322.22,342.77,402.85,476.44,7
26,player,726,0,0,318.32,343.17,398.80,476.31,7
26,player,727,0,0,314.41,343.57,394.75,476.19,7
26,player,728,0,0,310.51,343.97,390.70,476.06,7
26,player,729,0,0,306.61,344.37,386.64,475.94,7
26,player,730,0,0,302.70,344.77,382.59,475.82,7
26,player,731,0,0,298.80,345.16,378.54,475.69,7
26,player,732,0,0,294.90,345.56,374.48,475.57,7
26,player,733,0,0,290.99,345.96,370.43,475.44,7
26,player,734,0,0,287.09,346.36,366.38,475.32,7
26,player,735,0,0,283.19,346.76,362.33,475.20,7
26,player,736,0,0,279.29,347.15,358.27,475.07,7
26,player,737,0,0,275.38,347.55,354.22,474.95,7
26,player,738,0,0,271.48,347.95,350.17,474.82,7
26,player,739,0,0,267.58,348.35,346.12,474.70,7
26,player,740,0,0,263.67,348.75,342.06,474.58,7
26,player,741,0,0,259.77,349.14,338.01,474.45,7
26,player,742,0,0,255.87,349.54,333.96,474.33,7
26,player,743,0,0,251.96,349.94,329.91,474.20,7
26,player,744,0,0,248.06,350.34,325.85,474.08,7
26,player,745,0,0,244.16,350.74,321.80,473.96,7
26,player,746,0,0,240.26,351.13,317.75,473.83,7
26,player,747,0,0,236.35,351.53,313.70,473.71,7
26,player,748,0,0,232.45,351.93,309.64,473.58,7
26,player,749,0,0,228.55,352.33,305.59,473.46,7
26,player,750,0,0,224.64,352.73,301.54,473.34,7
26,player,751,0,0,220.74,353.12,297.48,473.21,7
26,player,752,0,0,216.84,353.52,293.43,473.09,7
26,player,753,0,0,212.93,353.92,289.38,472.96,7
26,player,754,0,0,209.03,354.32,285.33,472.84,7
26,player,755,0,0,205.13,354.72,281.27,472.72,7
26,player,756,0,0,201.22,355.12,277.22,472.59,7
26,player,757,0,0,197.32,355.51,273.17,472.47,7
26,player,758,0,0,193.42,355.91,269.12,472.34,7
26,player,759,0,0,189.52,356.31,265.06,472.22,7
26,player,760,0,0,185.61,356.71,261.01,472.10,7
26,player,761,0,0,181.71,357.11,256.96,471.97,7
26,player,762,0,0,177.81,357.50,252.91,471.85,7
26,player,763,0,0,173.90,357.90,248.85,471.72,7
26,player,764,0,0,170.00,358.30,244.80,471.60,7
26,player,765,0,0,165.24,359.37,240.04,472.67,7
26,player,766,0,0,160.48,360.44,235.28,473.74,7
26,player,767,0,0,155.71,361.51,230.51,474.81,7
26,player,768,0,0,150.95,362.58,225.75,475.88,7
26,player,769,0,0,146.19,363.65,220.99,476.95,7
26,player,770,0,0,141.43,364.71,216.23,478.01,7
26,player,771,0,0,136.67,365.78,211.47,479.08,7
26,player,772,0,0,131.90,366.85,206.70,480.15,7
26,player,773,0,0,127.14,367.92,201.94,481.22,7
26,player,774,0,0,122.38,368.99,197.18,482.29,7
26,player,775,0,0,117.62,370.06,192.42,483.36,7
26,player,776,0,0,112.85,371.13,187.65,484.43,7
26,player,777,0,0,108.09,372.20,182.89,485.50,7
26,player,778,0,0,103.33,373.27,178.13,486.57,7
26,player,779,0,0,98.57,374.34,173.37,487.64,7
26,player,780,0,0,93.81,375.40,168.61,488.71,7
26,player,781,0,0,89.04,376.47,163.84,489.77,7
26,player,782,0,0,84.28,377.54,159.08,490.84,7
26,player,783,0,0,79.52,378.61,154.32,491.91,7
26,player,784,0,0,74.76,379.68,149.56,492.98,7
26,player,785,0,0,70.00,380.75,144.80,494.05,7
26,player,786,0,0,65.23,381.82,140.03,495.12,7
26,player,787,0,0,54.54,377.54,129.34,490.84,7
26,player,788,0,0,48.48,378.97,122.45,492.27,7
26,player,789,0,0,42.42,380.39,115.56,493.69,7
26,player,790,0,0,36.36,381.82,108.68,495.12,7
26,player,791,0,0,30.30,383.24,101.79,496.54,7
26,player,792,0,0,24.24,384.67,94.90,497.97,7
26,player,793,0,0,18.18,386.10,88.01,499.40,7
26,player,794,0,0,12.12,387.52,81.12,500.82,7
26,player,795,0,0,6.06,388.95,74.23,502.25,7
26,player,796,0,0,0.00,390.37,67.34,503.67,7
26,player,797,0,0,0.00,390.37,67.34,503.67,7
26,player,798,0,0,0.00,390.37,67.34,503.67,7
26,player,799,0,0,0.00,390.37,67.34,503.67,7
26,player,800,0,0,0.00,390.37,67.34,503.67,7
26,player,801,0,0,0.00,390.37,67.34,503.67,7
26,player,802,0,0,0.00,390.37,67.34,503.67,7
26,player,803,0,0,0.00,390.37,67.34,503.67,7
26,player,804,0,0,0.00,390.37,67.34,503.67,7
26,player,805,0,0,0.00,390.37,67.34,503.67,7
26,player,806,0,0,0.00,390.37,67.34,503.67,7
26,player,807,0,0,0.00,390.37,67.34,503.67,7
26,player,808,0,0,0.00,390.37,67.34,503.67,7
26,player,809,0,0,0.00,390.37,67.34,503.67,7
26,player,810,0,0,0.00,390.37,67.34,503.67,7
26,player,811,0,0,0.00,390.37,67.34,503.67,7
26,player,812,0,0,0.00,390.37,67.34,503.67,7
26,player,813,0,0,0.00,390.37,67.34,503.67,7
26,player,814,0,0,0.00,390.37,67.34,503.67,7
26,player,815,0,0,0.00,390.37,67.34,503.67,7
26,player,816,0,0,0.00,390.37,67.34,503.67,7
26,player,817,0,0,0.00,390.37,67.34,503.67,7
26,player,818,0,0,0.00,390.37,67.34,503.67,7
26,player,819,0,0,0.00,390.37,67.34,503.67,7
26,player,820,0,0,0.00,390.37,67.34,503.67,7
26,player,821,0,0,0.00,390.37,67.34,503.67,7
26,player,822,0,0,0.00,390.37,67.34,503.67,7
26,player,823,0,0,0.00,390.37,67.34,503.67,7
26,player,824,0,0,0.00,390.37,67.34,503.67,7
26,player,825,0,0,0.00,390.37,67.34,503.67,7
26,player,826,0,0,0.00,390.37,67.34,503.67,7
26,player,827,0,0,0.00,390.37,67.34,503.67,7
26,player,828,0,0,0.00,390.37,67.34,503.67,7
26,player,829,0,0,0.00,390.37,67.34,503.67,7
26,player,830,1,0,0.00,390.37,67.34,503.67,7
27,player,618,0,0,0.00,373.24,58.79,531.44,22
27,player,619,0,0,9.02,369.20,69.96,526.69,22
27,player,620,0,0,18.04,365.16,81.12,521.94,22
27,player,621,0,0,27.07,361.12,92.29,517.19,22
27,player,622,0,0,36.09,357.09,103.46,512.44,22
27,player,623,0,0,45.11,353.05,114.62,507.69,22
27,player,624,0,0,54.13,349.01,125.79,502.95,22
27,player,625,0,0,63.16,344.97,136.95,498.20,22
27,player,626,0,0,72.18,340.93,148.12,493.45,22
27,player,627,0,0,81.20,336.89,159.28,488.70,22
27,player,628,0,0,86.83,336.04,164.91,487.84,22
27,player,629,0,0,92.46,335.18,170.54,486.99,22
27,player,630,0,0,98.09,334.33,176.17,486.13,22
27,player,631,0,0,103.72,333.47,181.80,485.28,22
27,player,632,0,0,109.35,332.62,187.43,484.42,22
27,player,633,0,0,114.98,331.76,193.06,483.57,22
27,player,634,0,0,120.61,330.91,198.70,482.71,22
27,player,635,0,0,126.24,330.05,204.33,481.86,22
27,player,636,0,0,131.87,329.20,209.96,481.00,22
27,player,637,0,0,137.50,328.34,215.59,480.15,22
27,player,638,0,0,143.13,327.48,221.22,479.29,22
27,player,639,0,0,148.76,326.63,226.85,478.44,22
27,player,640,0,0,154.39,325.77,232.48,477.58,22
27,player,641,0,0,160.02,324.92,238.11,476.73,22
27,player,642,0,0,165.65,324.06,243.74,475.87,22
27,player,643,0,0,171.29,323.21,249.37,475.02,22
27,player,644,0,0,176.92,322.35,255.00,474.16,22
27,player,645,0,0,182.55,321.50,260.63,473.31,22
27,player,646,0,0,188.18,320.64,266.26,472.45,22
27,player,647,0,0,193.81,319.79,271.89,471.60,22
27,player,648,0,0,199.44,318.93,277.52,470.74,22
27,player,649,0,0,205.07,318.08,283.15,469.88,22
27,player,650,0,0,210.70,317.22,288.78,469.03,22
27,player,651,0,0,216.33,316.37,294.41,468.17,22
27,player,652,0,0,221.96,315.51,300.04,467.32,22
27,player,653,0,0,227.59,314.66,305.67,466.46,22
27,player,654,0,0,233.22,313.80,311.30,465.61,22
27,player,655,0,0,238.85,312.95,316.93,464.75,22
27,player,656,0,0,244.48,312.09,322.56,463.90,22
27,player,657,0,0,250.11,311.24,328.19,463.04,22
27,player,658,0,0,248.69,311.50,326.77,463.30,22
27,player,659,0,0,247.27,311.75,325.35,463.56,22
27,player,660,0,0,245.85,312.01,323.94,463.82,22
27,player,661,0,0,244.43,312.27,322.52,464.08,22
27,player,662,0,0,243.02,312.53,321.10,464.34,22
27,player,663,0,0,241.60,312.79,319.68,464.60,22
27,player,664,0,0,240.18,313.05,318.26,464.86,22
27,player,665,0,0,238.76,313.31,316.84,465.12,22
27,player,666,0,0,237.34,313.57,315.42,465.38,22
27,player,667,0,0,235.92,313.83,314.00,465.64,22
27,player,668,0,0,234.50,314.09,312.59,465.90,22
27,player,669,0,0,233.08,314.35,311.17,466.16,22
27,player,670,0,0,231.67,314.61,309.75,466.42,22
27,player,671,0,0,230.25,314.87,308.33,466.68,22
27,player,672,0,0,228.83,315.13,306.91,466.94,22
27,player,673,0,0,227.41,315.39,305.49,467.20,22
27,player,674,0,0,225.99,315.65,304.07,467.46,22
27,player,675,0,0,224.57,315.91,302.66,467.72,22
27,player,676,0,0,223.15,316.17,301.24,467.98,22
27,player,677,0,0,221.73,316.43,299.82,468.24,22
27,player,678,0,0,220.32,316.69,298.40,468.50,22
27,player,679,0,0,218.90,316.95,296.98,468.76,22
27,player,680,0,0,217.48,317.21,295.56,469.02,22
27,player,681,0,0,216.06,317.47,294.14,469.28,22
27,player,682,0,0,214.64,317.73,292.72,469.54,22
27,player,683,0,0,213.22,317.99,291.31,469.80,22
27,player,684,0,0,211.80,318.25,289.89,470.06,22
27,player,685,0,0,210.39,318.51,288.47,470.32,22
27,player,686,0,0,208.97,318.77,287.05,470.58,22
27,player,687,0,0,207.55,319.03,285.63,470.84,22
27,player,688,0,0,206.13,319.29,284.21,471.10,22
27,player,689,0,0,204.71,319.55,282.79,471.36,22
27,player,690,0,0,203.29,319.81,281.37,471.62,22
27,player,691,0,0,201.87,320.07,279.96,471.87,22
27,player,692,0,0,200.45,320.33,278.54,472.13,22
27,player,693,0,0,199.04,320.59,277.12,472.39,22
27,player,694,0,0,197.62,320.85,275.70,472.65,22
27,player,695,0,0,196.20,321.11,274.28,472.91,22
27,player,696,0,0,194.78,321.37,272.86,473.17,22
27,player,697,0,0,193.36,321.63,271.44,473.43,22
27,player,698,0,0,191.94,321.89,270.02,473.69,22
27,player,699,0,0,190.52,322.15,268.61,473.95,22
27,player,700,0,0,189.10,322.41,267.19,474.21,22
27,player,701,0,0,187.69,322.67,265.77,474.47,22
27,player,702,0,0,186.27,322.92,264.35,474.73,22
27,player,703,0,0,184.85,323.18,262.93,474.99,22
27,player,704,0,0,183.43,323.44,261.51,475.25,22
27,player,705,0,0,182.01,323.70,260.09,475.51,22
27,player,706,0,0,180.59,323.96,258.67,475.77,22
27,player,707,0,0,179.17,324.22,257.26,476.03,22
27,player,708,0,0,177.75,324.48,255.84,476.29,22
27,player,709,0,0,176.34,324.74,254.42,476.55,22
27,player,710,0,0,174.92,325.00,253.00,476.81,22
27,player,711,0,0,173.50,325.26,251.58,477.07,22
27,player,712,0,0,172.08,325.52,250.16,477.33,22
27,player,713,0,0,170.66,325.78,248.74,477.59,22
27,player,714,0,0,169.24,326.04,247.32,477.85,22
27,player,715,0,0,167.82,326.30,245.91,478.11,22
27,player,716,0,0,166.40,326.56,244.49,478.37,22
27,player,717,0,0,164.99,326.82,243.07,478.63,22
27,player,718,0,0,163.57,327.08,241.65,478.89,22
27,player,719,0,0,162.15,327.34,240.23,479.15,22
27,player,720,0,0,160.73,327.60,238.81,479.41,22
27,player,721,0,0,159.31,327.86,237.39,479.67,22
27,player,722,0,0,157.89,328.12,235.97,479.93,22
27,player,723,0,0,156.47,328.38,234.56,480.19,22
27,player,724,0,0,155.05,328.64,233.14,480.45,22
27,player,725,0,0,153.64,328.90,231.72,480.71,22
27,player,726,0,0,152.22,329.16,230.30,480.97,22
27,player,727,0,0,150.80,329.42,228.88,481.23,22
27,player,728,0,0,149.38,329.68,227.46,481.49,22
27,player,729,0,0,147.96,329.94,226.04,481.75,22
27,player,730,0,0,146.54,330.20,224.63,482.01,22
27,player,731,0,0,145.12,330.46,223.21,482.27,22
27,player,732,0,0,143.70,330.72,221.79,482.53,22
27,player,733,0,0,142.29,330.98,220.37,482.78,22
27,player,734,0,0,140.87,331.24,218.95,483.04,22
27,player,735,0,0,139.45,331.50,217.53,483.30,22
27,player,736,0,0,138.03,331.76,216.11,483.56,22
27,player,737,0,0,136.61,332.02,214.69,483.82,22
27,player,738,0,0,135.19,332.28,213.28,484.08,22
27,player,739,0,0,133.77,332.54,211.86,484.34,22
27,player,740,0,0,132.36,332.80,210.44,484.60,22
27,player,741,0,0,130.94,333.06,209.02,484.86,22
27,player,742,0,0,129.52,333.32,207.60,485.12,22
27,player,743,0,0,128.10,333.58,206.18,485.38,22
27,player,744,0,0,126.68,333.83,204.76,485.64,22
27,player,745,0,0,125.26,334.09,203.34,485.90,22
27,player,746,0,0,123.84,334.35,201.93,486.16,22
27,player,747,0,0,122.42,334.61,200.51,486.42,22
27,player,748,0,0,121.01,334.87,199.09,486.68,22
27,player,749,0,0,119.59,335.13,197.67,486.94,22
27,player,750,0,0,118.17,335.39,196.25,487.20,22
27,player,751,0,0,116.75,335.65,194.83,487.46,22
27,player,752,0,0,115.33,335.91,193.41,487.72,22
27,player,753,0,0,113.91,336.17,191.99,487.98,22
27,player,754,0,0,112.49,336.43,190.58,488.24,22
27,player,755,0,0,111.07,336.69,189.16,488.50,22
27,player,756,0,0,109.66,336.95,187.74,488.76,22
27,player,757,0,0,108.24,337.21,186.32,489.02,22
27,player,758,0,0,106.82,337.47,184.90,489.28,22
27,player,759,0,0,105.40,337.73,183.48,489.54,22
27,player,760,0,0,103.98,337.99,182.06,489.80,22
27,player,761,0,0,102.56,338.25,180.64,490.06,22
27,player,762,0,0,101.14,338.51,179.23,490.32,22
27,player,763,0,0,99.72,338.77,177.81,490.58,22
27,player,764,0,0,98.31,339.03,176.39,490.84,22
27,player,765,0,0,95.49,341.46,173.57,493.27,22
27,player,766,0,0,92.67,343.89,170.75,495.70,22
27,player,767,0,0,89.85,346.32,167.93,498.13,22
27,player,768,0,0,87.03,348.75,165.12,500.56,22
27,player,769,0,0,84.21,351.18,162.30,502.99,22
27,player,770,0,0,81.40,353.61,159.48,505.42,22
27,player,771,0,0,78.58,356.04,156.66,507.84,22
27,player,772,0,0,75.76,358.47,153.84,510.27,22
27,player,773,0,0,72.94,360.90,151.02,512.70,22
27,player,774,0,0,70.12,363.33,148.20,515.13,22
27,player,775,0,0,67.30,365.76,145.39,517.56,22
27,player,776,0,0,64.49,368.19,142.57,519.99,22
27,player,777,0,0,61.67,370.62,139.75,522.42,22
27,player,778,0,0,58.85,373.04,136.93,524.85,22
27,player,779,0,0,56.03,375.47,134.11,527.28,22
27,player,780,0,0,53.21,377.90,131.29,529.71,22
27,player,781,0,0,50.39,380.33,128.48,532.14,22
27,player,782,0,0,47.58,382.76,125.66,534.57,22
27,player,783,0,0,44.76,385.19,122.84,537.00,22
27,player,784,0,0,41.94,387.62,120.02,539.43,22
27,player,785,0,0,39.12,390.05,117.20,541.86,22
27,player,786,0,0,36.30,392.48,114.38,544.29,22
27,player,787,0,0,34.81,392.70,112.89,544.50,22
27,player,788,0,0,33.31,392.91,111.39,544.72,22
27,player,789,0,0,31.81,393.12,109.89,544.93,22
27,player,790,0,0,30.32,393.34,108.40,545.14,22
27,player,791,0,0,28.82,393.55,106.90,545.36,22
27,player,792,0,0,27.32,393.76,105.40,545.57,22
27,player,793,0,0,25.83,393.98,103.91,545.79,22
27,player,794,0,0,24.33,394.19,102.41,546.00,22
27,player,795,0,0,22.83,394.41,100.91,546.21,22
27,player,796,0,0,21.33,394.62,99.42,546.43,22
27,player,797,0,0,21.33,394.62,99.42,546.43,22
27,player,798,0,0,21.33,394.62,99.42,546.43,22
27,player,799,0,0,21.33,394.62,99.42,546.43,22
27,player,800,0,0,21.33,394.62,99.42,546.43,22
27,player,801,0,0,21.33,394.62,99.42,546.43,22
27,player,802,0,0,21.33,394.62,99.42,546.43,22
27,player,803,0,0,21.33,394.62,99.42,546.43,22
27,player,804,0,0,21.33,394.62,99.42,546.43,22
27,player,805,0,0,21.33,394.62,99.42,546.43,22
27,player,806,0,0,21.33,394.62,99.42,546.43,22
27,player,807,0,0,21.33,394.62,99.42,546.43,22
27,player,808,0,0,21.33,394.62,99.42,546.43,22
27,player,809,0,0,21.33,394.62,99.42,546.43,22
27,player,810,0,0,21.33,394.62,99.42,546.43,22
27,player,811,0,0,21.33,394.62,99.42,546.43,22
27,player,812,0,0,21.33,394.62,99.42,546.43,22
27,player,813,0,0,21.33,394.62,99.42,546.43,22
27,player,814,0,0,21.33,394.62,99.42,546.43,22
27,player,815,0,0,21.33,394.62,99.42,546.43,22
27,player,816,0,0,21.33,394.62,99.42,546.43,22
27,player,817,0,0,21.33,394.62,99.42,546.43,22
27,player,818,0,0,21.33,394.62,99.42,546.43,22
27,player,819,0,0,21.33,394.62,99.42,546.43,22
27,player,820,0,0,21.33,394.62,99.42,546.43,22
27,player,821,0,0,21.33,394.62,99.42,546.43,22
27,player,822,0,0,21.33,394.62,99.42,546.43,22
27,player,823,0,0,21.33,394.62,99.42,546.43,22
27,player,824,0,0,21.33,394.62,99.42,546.43,22
27,player,825,0,0,21.33,394.62,99.42,546.43,22
27,player,826,0,0,21.33,394.62,99.42,546.43,22
27,player,827,0,0,21.33,394.62,99.42,546.43,22
27,player,828,0,0,21.33,394.62,99.42,546.43,22
27,player,829,0,0,21.33,394.62,99.42,546.43,22
27,player,830,1,0,21.33,394.62,99.42,546.43,22
28,player,657,0,0,120.81,420.28,191.36,578.48,15
28,player,658,0,0,129.36,422.42,199.91,580.61,15
28,player,659,0,0,137.91,424.55,208.46,582.75,15
28,player,660,0,0,145.00,424.10,215.55,582.30,15
28,player,661,0,0,152.09,423.65,222.64,581.85,15
28,player,662,0,0,159.18,423.20,229.73,581.40,15
28,player,663,0,0,166.27,422.75,236.82,580.95,15
28,player,664,0,0,173.36,422.30,243.91,580.50,15
28,player,665,0,0,180.45,421.85,251.00,580.05,15
28,player,666,0,0,187.54,421.40,258.09,579.60,15
28,player,667,0,0,194.63,420.95,265.18,579.15,15
28,player,668,0,0,201.72,420.50,272.27,578.70,15
28,player,669,0,0,208.81,420.05,279.35,578.25,15
28,player,670,0,0,215.89,419.60,286.44,577.80,15
28,player,671,0,0,222.98,419.15,293.53,577.35,15
28,player,672,0,0,230.07,418.70,300.62,576.90,15
28,player,673,0,0,237.16,418.25,307.71,576.45,15
28,player,674,0,0,244.25,417.80,314.80,576.00,15
28,player,675,0,0,251.34,417.35,321.89,575.55,15
28,player,676,0,0,258.43,416.90,328.98,575.10,15
28,player,677,0,0,265.52,416.45,336.07,574.65,15
28,player,678,0,0,272.61,416.00,343.16,574.20,15
28,player,679,0,0,272.21,416.18,342.76,574.37,15
28,player,680,0,0,271.81,416.35,342.36,574.55,15
28,player,681,0,0,271.42,416.52,341.97,574.72,15
28,player,682,0,0,271.02,416.70,341.57,574.90,15
28,player,683,0,0,270.62,416.87,341.17,575.07,15
28,player,684,0,0,270.22,417.05,340.77,575.24,15
28,player,685,0,0,269.83,417.22,340.38,575.42,15
28,player,686,0,0,269.43,417.39,339.98,575.59,15
28,player,687,0,0,269.03,417.57,339.58,575.77,15
28,player,688,0,0,268.63,417.74,339.18,575.94,15
28,player,689,0,0,268.23,417.92,338.78,576.11,15
28,player,690,0,0,267.84,418.09,338.39,576.29,15
28,player,691,0,0,267.44,418.26,337.99,576.46,15
28,player,692,0,0,267.04,418.44,337.59,576.64,15
28,player,693,0,0,266.64,418.61,337.19,576.81,15
28,player,694,0,0,266.25,418.79,336.80,576.98,15
28,player,695,0,0,265.85,418.96,336.40,577.16,15
28,player,696,0,0,265.45,419.13,336.00,577.33,15
28,player,697,0,0,265.05,419.31,335.60,577.51,15
28,player,698,0,0,264.65,419.48,335.20,577.68,15
28,player,699,0,0,264.26,419.66,334.81,577.85,15
28,player,700,0,0,263.86,419.83,334.41,578.03,15
28,player,701,0,0,263.46,420.00,334.01,578.20,15
28,player,702,0,0,263.06,420.18,333.61,578.38,15
28,player,703,0,0,262.67,420.35,333.22,578.55,15
28,player,704,0,0,262.27,420.53,332.82,578.72,15
28,player,705,0,0,261.87,420.70,332.42,578.90,15
28,player,706,0,0,261.47,420.87,332.02,579.07,15
28,player,707,0,0,261.07,421.05,331.62,579.25,15
28,player,708,0,0,260.68,421.22,331.23,579.42,15
28,player,709,0,0,260.28,421.40,330.83,579.59,15
28,player,710,0,0,259.88,421.57,330.43,579.77,15
28,player,711,0,0,259.48,421.74,330.03,579.94,15
28,player,712,0,0,259.09,421.92,329.64,580.12,15
28,player,713,0,0,258.69,422.09,329.24,580.29,15
28,player,714,0,0,258.29,422.27,328.84,580.46,15
28,player,715,0,0,257.89,422.44,328.44,580.64,15
28,player,716,0,0,257.49,422.61,328.04,580.81,15
28,player,717,0,0,257.10,422.79,327.65,580.99,15
28,player,718,0,0,256.70,422.96,327.25,581.16,15
28,player,719,0,0,256.30,423.14,326.85,581.33,15
28,player,720,0,0,255.90,423.31,326.45,581.51,15
28,player,721,0,0,255.51,423.48,326.06,581.68,15
28,player,722,0,0,255.11,423.66,325.66,581.86,15
28,player,723,0,0,254.71,423.83,325.26,582.03,15
28,player,724,0,0,254.31,424.01,324.86,582.20,15
28,player,725,0,0,253.91,424.18,324.46,582.38,15
28,player,726,0,0,253.52,424.35,324.07,582.55,15
28,player,727,0,0,253.12,424.53,323.67,582.73,15
28,player,728,0,0,252.72,424.70,323.27,582.90,15
28,player,729,0,0,252.32,424.88,322.87,583.07,15
28,player,730,0,0,251.93,425.05,322.48,583.25,15
28,player,731,0,0,251.53,425.23,322.08,583.42,15
28,player,732,0,0,251.13,425.40,321.68,583.60,15
28,player,733,0,0,250.73,425.57,321.28,583.77,15
28,player,734,0,0,250.33,425.75,320.88,583.94,15
28,player,735,0,0,249.94,425.92,320.49,584.12,15
28,player,736,0,0,249.54,426.10,320.09,584.29,15
28,player,737,0,0,249.14,426.27,319.69,584.47,15
28,player,738,0,0,248.74,426.44,319.29,584.64,15
28,player,739,0,0,248.35,426.62,318.90,584.81,15
28,player,740,0,0,247.95,426.79,318.50,584.99,15
28,player,741,0,0,247.55,426.97,318.10,585.16,15
28,player,742,0,0,247.15,427.14,317.70,585.34,15
28,player,743,0,0,246.75,427.31,317.30,585.51,15
28,player,744,0,0,246.36,427.49,316.91,585.68,15
28,player,745,0,0,245.96,427.66,316.51,585.86,15
28,player,746,0,0,245.56,427.84,316.11,586.03,15
28,player,747,0,0,245.16,428.01,315.71,586.21,15
28,player,748,0,0,244.77,428.18,315.32,586.38,15
28,player,749,0,0,244.37,428.36,314.92,586.55,15
28,player,750,0,0,243.97,428.53,314.52,586.73,15
28,player,751,0,0,243.57,428.71,314.12,586.90,15
28,player,752,0,0,243.17,428.88,313.72,587.08,15
28,player,753,0,0,242.78,429.05,313.33,587.25,15
28,player,754,0,0,242.38,429.23,312.93,587.42,15
28,player,755,0,0,241.98,429.40,312.53,587.60,15
28,player,756,0,0,241.58,429.58,312.13,587.77,15
28,player,757,0,0,241.19,429.75,311.74,587.95,15
28,player,758,0,0,240.79,429.92,311.34,588.12,15
28,player,759,0,0,240.39,430.10,310.94,588.29,15
28,player,760,0,0,239.99,430.27,310.54,588.47,15
28,player,761,0,0,239.59,430.45,310.14,588.64,15
28,player,762,0,0,239.20,430.62,309.75,588.82,15
28,player,763,0,0,238.80,430.79,309.35,588.99,15
28,player,764,0,0,238.40,430.97,308.95,589.16,15
28,player,765,0,0,232.96,432.43,303.51,590.62,15
28,player,766,0,0,227.52,433.88,298.07,592.08,15
28,player,767,0,0,222.07,435.34,292.62,593.54,15
28,player,768,0,0,216.63,436.80,287.18,595.00,15
28,player,769,0,0,211.19,438.26,281.74,596.45,15
28,player,770,0,0,205.75,439.71,276.30,597.91,15
28,player,771,0,0,200.30,441.17,270.85,599.37,15
28,player,772,0,0,194.86,442.63,265.41,600.83,15
28,player,773,0,0,189.42,444.09,259.97,602.28,15
28,player,774,0,0,183.98,445.55,254.53,603.74,15
28,player,775,0,0,178.54,447.00,249.08,605.20,15
28,player,776,0,0,173.09,448.46,243.64,606.66,15
28,player,777,0,0,167.65,449.92,238.20,608.12,15
28,player,778,0,0,162.21,451.38,232.76,609.57,15
28,player,779,0,0,156.77,452.83,227.31,611.03,15
28,player,780,0,0,151.32,454.29,221.87,612.49,15
28,player,781,0,0,145.88,455.75,216.43,613.95,15
28,player,782,0,0,140.44,457.21,210.99,615.40,15
28,player,783,0,0,135.00,458.67,205.55,616.86,15
28,player,784,0,0,129.55,460.12,200.10,618.32,15
28,player,785,0,0,124.11,461.58,194.66,619.78,15
28,player,786,0,0,118.67,463.04,189.22,621.24,15
28,player,787,0,0,109.69,464.54,180.24,622.73,15
28,player,788,0,0,100.71,466.03,171.26,624.23,15
28,player,789,0,0,91.73,467.53,162.28,625.73,15
28,player,790,0,0,82.75,469.03,153.30,627.22,15
28,player,791,0,0,73.77,470.52,144.32,628.72,15
28,player,792,0,0,64.79,472.02,135.34,630.22,15
28,player,793,0,0,55.81,473.52,126.36,631.71,15
28,player,794,0,0,46.83,475.01,117.38,633.21,15
28,player,795,0,0,37.85,476.51,108.40,634.71,15
28,player,796,0,0,28.87,478.01,99.42,636.20,15
28,player,797,0,0,28.87,478.01,99.42,636.20,15
28,player,798,0,0,28.87,478.01,99.42,636.20,15
28,player,799,0,0,28.87,478.01,99.42,636.20,15
28,player,800,0,0,28.87,478.01,99.42,636.20,15
28,player,801,0,0,28.87,478.01,99.42,636.20,15
28,player,802,0,0,28.87,478.01,99.42,636.20,15
28,player,803,0,0,28.87,478.01,99.42,636.20,15
28,player,804,0,0,28.87,478.01,99.42,636.20,15
28,player,805,0,0,28.87,478.01,99.42,636.20,15
28,player,806,0,0,28.87,478.01,99.42,636.20,15
28,player,807,0,0,28.87,478.01,99.42,636.20,15
28,player,808,0,0,28.87,478.01,99.42,636.20,15
28,player,809,0,0,28.87,478.01,99.42,636.20,15
28,player,810,0,0,28.87,478.01,99.42,636.20,15
28,player,811,0,0,28.87,478.01,99.42,636.20,15
28,player,812,0,0,28.87,478.01,99.42,636.20,15
28,player,813,0,0,28.87,478.01,99.42,636.20,15
28,player,814,0,0,28.87,478.01,99.42,636.20,15
28,player,815,0,0,28.87,478.01,99.42,636.20,15
28,player,816,0,0,28.87,478.01,99.42,636.20,15
28,player,817,0,0,28.87,478.01,99.42,636.20,15
28,player,818,0,0,28.87,478.01,99.42,636.20,15
28,player,819,0,0,28.87,478.01,99.42,636.20,15
28,player,820,0,0,28.87,478.01,99.42,636.20,15
28,player,821,0,0,28.87,478.01,99.42,636.20,15
28,player,822,0,0,28.87,478.01,99.42,636.20,15
28,player,823,0,0,28.87,478.01,99.42,636.20,15
28,player,824,0,0,28.87,478.01,99.42,636.20,15
28,player,825,0,0,28.87,478.01,99.42,636.20,15
28,player,826,0,0,28.87,478.01,99.42,636.20,15
28,player,827,0,0,28.87,478.01,99.42,636.20,15
28,player,828,0,0,28.87,478.01,99.42,636.20,15
28,player,829,0,0,28.87,478.01,99.42,636.20,15
28,player,830,1,0,28.87,478.01,99.42,636.20,15
29,player,764,0,0,1602.50,527.18,1673.05,685.38,32
29,player,765,0,0,1601.92,528.74,1672.46,686.93,32
29,player,766,0,0,1601.33,530.29,1671.88,688.49,32
29,player,767,0,0,1600.75,531.85,1671.30,690.04,32
29,player,768,0,0,1600.17,533.40,1670.72,691.60,32
29,player,769,0,0,1599.58,534.96,1670.13,693.15,32
29,player,770,0,0,1599.00,536.51,1669.55,694.71,32
29,player,771,0,0,1598.42,538.07,1668.97,696.26,32
29,player,772,0,0,1597.83,539.62,1668.38,697.82,32
29,player,773,0,0,1597.25,541.18,1667.80,699.37,32
29,player,774,0,0,1596.67,542.73,1667.22,700.93,32
29,player,775,0,0,1596.08,544.29,1666.63,702.48,32
29,player,776,0,0,1595.50,545.84,1666.05,704.04,32
29,player,777,0,0,1594.92,547.40,1665.47,705.59,32
29,player,778,0,0,1594.34,548.95,1664.88,707.15,32
29,player,779,0,0,1593.75,550.51,1664.30,708.70,32
29,player,780,0,0,1593.17,552.06,1663.72,710.26,32
29,player,781,0,0,1592.59,553.62,1663.14,711.81,32
29,player,782,0,0,1592.00,555.17,1662.55,713.37,32
29,player,783,0,0,1591.42,556.73,1661.97,714.92,32
29,player,784,0,0,1590.84,558.28,1661.39,716.48,32
29,player,785,0,0,1590.25,559.84,1660.80,718.03,32
29,player,786,0,0,1589.67,561.39,1660.22,719.59,32
29,player,787,0,0,1587.11,561.39,1657.65,719.59,32
29,player,788,0,0,1584.54,561.39,1655.09,719.59,32
29,player,789,0,0,1581.97,561.39,1652.52,719.59,32
29,player,790,0,0,1579.41,561.39,1649.96,719.59,32
29,player,791,0,0,1576.84,561.39,1647.39,719.59,32
29,player,792,0,0,1574.28,561.39,1644.83,719.59,32
29,player,793,0,0,1571.71,561.39,1642.26,719.59,32
29,player,794,0,0,1569.15,561.39,1639.70,719.59,32
29,player,795,0,0,1566.58,561.39,1637.13,719.59,32
29,player,796,0,0,1564.01,561.39,1634.56,719.59,32
29,player,797,0,0,1563.89,561.39,1634.44,719.59,32
29,player,798,0,0,1563.76,561.39,1634.31,719.59,32
29,player,799,0,0,1563.64,561.39,1634.19,719.59,32
29,player,800,0,0,1563.51,561.39,1634.06,719.59,32
29,player,801,0,0,1563.39,561.39,1633.93,719.59,32
29,player,802,0,0,1563.26,561.39,1633.81,719.59,32
29,player,803,0,0,1563.13,561.39,1633.68,719.59,32
29,player,804,0,0,1563.01,561.39,1633.56,719.59,32
29,player,805,0,0,1562.88,561.39,1633.43,719.59,32
29,player,806,0,0,1562.76,561.39,1633.31,719.59,32
29,player,807,0,0,1562.63,561.39,1633.18,719.59,32
29,player,808,0,0,1562.51,561.39,1633.05,719.59,32
29,player,809,0,0,1562.38,561.39,1632.93,719.59,32
29,player,810,0,0,1562.25,561.39,1632.80,719.59,32
29,player,811,0,0,1562.13,561.39,1632.68,719.59,32
29,player,812,0,0,1562.00,561.39,1632.55,719.59,32
29,player,813,0,0,1561.88,561.39,1632.43,719.59,32
29,player,814,0,0,1561.75,561.39,1632.30,719.59,32
29,player,815,0,0,1561.62,561.39,1632.17,719.59,32
29,player,816,0,0,1561.50,561.39,1632.05,719.59,32
29,player,817,0,0,1561.37,561.39,1631.92,719.59,32
29,player,818,0,0,1561.25,561.39,1631.80,719.59,32
29,player,819,0,0,1561.12,561.39,1631.67,719.59,32
29,player,820,0,0,1561.00,561.39,1631.55,719.59,32
29,player,821,0,0,1560.87,561.39,1631.42,719.59,32
29,player,822,0,0,1560.74,561.39,1631.29,719.59,32
29,player,823,0,0,1560.62,561.39,1631.17,719.59,32
29,player,824,0,0,1560.49,561.39,1631.04,719.59,32
29,player,825,0,0,1560.37,561.39,1630.92,719.59,32
29,player,826,0,0,1560.24,561.39,1630.79,719.59,32
29,player,827,0,0,1560.12,561.39,1630.66,719.59,32
29,player,828,0,0,1559.99,561.39,1630.54,719.59,32
29,player,829,0,0,1559.86,561.39,1630.41,719.59,32
29,player,830,0,0,1559.74,561.39,1630.29,719.59,32
29,player,831,0,0,1564.01,561.39,1634.56,719.59,32
29,player,832,0,0,1568.29,561.39,1638.84,719.59,32
29,player,833,0,0,1572.57,561.39,1643.12,719.59,32
29,player,834,0,0,1566.93,559.25,1637.48,717.45,32
29,player,835,0,0,1561.29,557.12,1631.84,715.31,32
29,player,836,0,0,1555.65,554.98,1626.20,713.17,32
29,player,837,0,0,1550.01,552.84,1620.56,711.04,32
29,player,838,0,0,1544.37,550.70,1614.92,708.90,32
29,player,839,0,0,1538.73,548.56,1609.28,706.76,32
29,player,840,0,0,1533.09,546.43,1603.64,704.62,32
29,player,841,0,0,1527.45,544.29,1598.00,702.48,32
29,player,842,0,0,1521.81,542.15,1592.36,700.35,32
29,player,843,0,0,1516.17,540.01,1586.72,698.21,32
29,player,844,0,0,1510.53,537.87,1581.08,696.07,32
29,player,845,0,0,1504.89,535.73,1575.44,693.93,32
29,player,846,0,0,1499.25,533.60,1569.80,691.79,32
29,player,847,0,0,1493.61,531.46,1564.15,689.66,32
29,player,848,0,0,1487.97,529.32,1558.51,687.52,32
29,player,849,0,0,1482.33,527.18,1552.87,685.38,32
29,player,850,0,0,1476.69,525.04,1547.23,683.24,32
29,player,851,0,0,1471.05,522.91,1541.59,681.10,32
29,player,852,0,0,1465.41,520.77,1535.95,678.97,32
29,player,853,0,0,1459.76,518.63,1530.31,676.83,32
29,player,854,0,0,1454.12,516.49,1524.67,674.69,32
29,player,855,0,0,1448.48,514.35,1519.03,672.55,32
29,player,856,0,0,1442.84,512.22,1513.39,670.41,32
29,player,857,0,0,1437.20,510.08,1507.75,668.27,32
29,player,858,0,0,1431.56,507.94,1502.11,666.14,32
29,player,859,0,0,1425.92,505.80,1496.47,664.00,32
29,player,860,0,0,1420.28,503.66,1490.83,661.86,32
29,player,861,0,0,1414.64,501.53,1485.19,659.72,32
29,player,862,0,0,1409.00,499.39,1479.55,657.58,32
29,player,863,0,0,1403.36,497.25,1473.91,655.45,32
29,player,864,0,0,1397.72,495.11,1468.27,653.31,32
29,player,865,0,0,1392.08,492.97,1462.63,651.17,32
29,player,866,0,0,1386.44,490.83,1456.99,649.03,32
29,player,867,0,0,1380.80,488.70,1451.35,646.89,32
29,player,868,0,0,1375.16,486.56,1445.71,644.76,32
29,player,869,0,0,1369.52,484.42,1440.07,642.62,32
29,player,870,0,0,1363.88,482.28,1434.43,640.48,32
29,player,871,0,0,1358.24,480.14,1428.79,638.34,32
29,player,872,0,0,1352.60,478.01,1423.15,636.20,32
29,player,873,0,0,1346.96,475.87,1417.51,634.07,32
29,player,874,0,0,1341.32,473.73,1411.87,631.93,32
29,player,875,0,0,1335.68,471.59,1406.23,629.79,32
29,player,876,0,0,1330.04,469.45,1400.59,627.65,32
29,player,877,0,0,1324.40,467.32,1394.95,625.51,32
29,player,878,0,0,1318.76,465.18,1389.31,623.37,32
29,player,879,0,0,1313.12,463.04,1383.67,621.24,32
29,player,880,0,0,1307.48,460.90,1378.03,619.10,32
29,player,881,0,0,1301.84,458.76,1372.39,616.96,32
29,player,882,0,0,1296.20,456.63,1366.75,614.82,32
29,player,883,0,0,1290.56,454.49,1361.11,612.68,32
29,player,884,0,0,1284.92,452.35,1355.47,610.55,32
29,player,885,0,0,1279.28,450.21,1349.83,608.41,32
29,player,886,0,0,1273.64,448.07,1344.19,606.27,32
29,player,887,0,0,1268.00,445.94,1338.55,604.13,32
29,player,888,0,0,1262.36,443.80,1332.91,601.99,32
29,player,889,0,0,1256.72,441.66,1327.27,599.86,32
29,player,890,0,0,1251.08,439.52,1321.63,597.72,32
29,player,891,0,0,1245.44,437.38,1315.99,595.58,32
29,player,892,0,0,1245.44,437.38,1315.99,595.58,32
29,player,893,0,0,1245.44,437.38,1315.99,595.58,32
29,player,894,0,0,1245.44,437.38,1315.99,595.58,32
29,player,895,0,0,1245.44,437.38,1315.99,595.58,32
29,player,896,0,0,1245.44,437.38,1315.99,595.58,32
29,player,897,0,0,1245.44,437.38,1315.99,595.58,32
29,player,898,0,0,1245.44,437.38,1315.99,595.58,32
29,player,899,0,0,1245.44,437.38,1315.99,595.58,32
30,player,764,0,0,1833.41,561.39,1903.96,719.59,33
30,player,765,0,0,1831.47,562.46,1902.02,720.66,33
30,player,766,0,0,1829.52,563.53,1900.07,721.73,33
30,player,767,0,0,1827.58,564.60,1898.13,722.80,33
30,player,768,0,0,1825.64,565.67,1896.19,723.86,33
30,player,769,0,0,1823.69,566.74,1894.24,724.93,33
30,player,770,0,0,1821.75,567.81,1892.30,726.00,33
30,player,771,0,0,1819.81,568.87,1890.36,727.07,33
30,player,772,0,0,1817.86,569.94,1888.41,728.14,33
30,player,773,0,0,1815.92,571.01,1886.47,729.21,33
30,player,774,0,0,1813.97,572.08,1884.52,730.28,33
30,player,775,0,0,1812.03,573.15,1882.58,731.35,33
30,player,776,0,0,1810.09,574.22,1880.64,732.42,33
30,player,777,0,0,1808.14,575.29,1878.69,733.49,33
30,player,778,0,0,1806.20,576.36,1876.75,734.56,33
30,player,779,0,0,1804.26,577.43,1874.81,735.62,33
30,player,780,0,0,1802.31,578.50,1872.86,736.69,33
30,player,781,0,0,1800.37,579.57,1870.92,737.76,33
30,player,782,0,0,1798.43,580.63,1868.97,738.83,33
30,player,783,0,0,1796.48,581.70,1867.03,739.90,33
30,player,784,0,0,1794.54,582.77,1865.09,740.97,33
30,player,785,0,0,1792.59,583.84,1863.14,742.04,33
30,player,786,0,0,1790.65,584.91,1861.20,743.11,33
30,player,787,0,0,1786.37,582.77,1856.92,740.97,33
30,player,788,0,0,1781.62,583.25,1852.17,741.44,33
30,player,789,0,0,1776.87,583.72,1847.42,741.92,33
30,player,790,0,0,1772.12,584.20,1842.67,742.39,33
30,player,791,0,0,1767.37,584.67,1837.92,742.87,33
30,player,792,0,0,1762.62,585.15,1833.17,743.34,33
30,player,793,0,0,1757.87,585.62,1828.42,743.82,33
30,player,794,0,0,1753.11,586.10,1823.66,744.29,33
30,player,795,0,0,1748.36,586.57,1818.91,744.77,33
30,player,796,0,0,1743.61,587.05,1814.16,745.24,33
30,player,797,0,0,1741.29,586.29,1812.59,744.87,33
30,player,798,0,0,1738.96,585.54,1811.02,744.49,33
30,player,799,0,0,1736.63,584.78,1809.44,744.11,33
30,player,800,0,0,1734.30,584.03,1807.87,743.73,33
30,player,801,0,0,1731.98,583.27,1806.30,743.36,33
30,player,802,0,0,1729.65,582.52,1804.72,742.98,33
30,player,803,0,0,1727.32,581.77,1803.15,742.60,33
30,player,804,0,0,1725.00,581.01,1801.58,742.22,33
30,player,805,0,0,1722.67,580.26,1800.00,741.84,33
30,player,806,0,0,1720.34,579.50,1798.43,741.47,33
30,player,807,0,0,1718.02,578.75,1796.86,741.09,33
30,player,808,0,0,1715.69,577.99,1795.28,740.71,33
30,player,809,0,0,1713.36,577.24,1793.71,740.33,33
30,player,810,0,0,1711.04,576.48,1792.14,739.96,33
30,player,811,0,0,1708.71,575.73,1790.57,739.58,33
30,player,812,0,0,1706.38,574.97,1788.99,739.20,33
30,player,813,0,0,1704.06,574.22,1787.42,738.82,33
30,player,814,0,0,1701.73,573.46,1785.85,738.44,33
30,player,815,0,0,1699.40,572.71,1784.27,738.07,33
30,player,816,0,0,1697.08,571.96,1782.70,737.69,33
30,player,817,0,0,1694.75,571.20,1781.13,737.31,33
30,player,818,0,0,1692.42,570.45,1779.55,736.93,33
30,player,819,0,0,1690.10,569.69,1777.98,736.56,33
30,player,820,0,0,1687.77,568.94,1776.41,736.18,33
30,player,821,0,0,1685.44,568.18,1774.83,735.80,33
30,player,822,0,0,1683.11,567.43,1773.26,735.42,33
30,player,823,0,0,1680.79,566.67,1771.69,735.04,33
30,player,824,0,0,1678.46,565.92,1770.11,734.67,33
30,player,825,0,0,1676.13,565.16,1768.54,734.29,33
30,player,826,0,0,1673.81,564.41,1766.97,733.91,33
30,player,827,0,0,1671.48,563.65,1765.40,733.53,33
30,player,828,0,0,1669.15,562.90,1763.82,733.16,33
30,player,829,0,0,1666.83,562.15,1762.25,732.78,33
30,player,830,0,0,1664.50,561.39,1760.68,732.40,33
30,player,831,0,0,1657.95,560.51,1754.12,731.52,33
30,player,832,0,0,1651.39,559.64,1747.57,730.65,33
30,player,833,0,0,1644.84,558.76,1741.01,729.77,33
30,player,834,0,0,1638.28,557.89,1734.46,728.89,33
30,player,835,0,0,1631.73,557.01,1727.90,728.02,33
30,player,836,0,0,1625.17,556.13,1721.35,727.14,33
30,player,837,0,0,1618.62,555.26,1714.80,726.27,33
30,player,838,0,0,1612.06,554.38,1708.24,725.39,33
30,player,839,0,0,1605.51,553.50,1701.69,724.51,33
30,player,840,0,0,1598.96,552.63,1695.13,723.64,33
30,player,841,0,0,1592.40,551.75,1688.58,722.76,33
30,player,842,0,0,1585.85,550.88,1682.02,721.88,33
30,player,843,0,0,1579.29,550.00,1675.47,721.01,33
30,player,844,0,0,1572.74,549.12,1668.91,720.13,33
30,player,845,0,0,1566.18,548.25,1662.36,719.26,33
30,player,846,0,0,1559.63,547.37,1655.81,718.38,33
30,player,847,0,0,1553.07,546.49,1649.25,717.50,33
30,player,848,0,0,1546.52,545.62,1642.70,716.63,33
30,player,849,0,0,1539.97,544.74,1636.14,715.75,33
30,player,850,0,0,1533.41,543.87,1629.59,714.87,33
30,player,851,0,0,1526.86,542.99,1623.03,714.00,33
30,player,852,0,0,1520.30,542.11,1616.48,713.12,33
30,player,853,0,0,1513.75,541.24,1609.92,712.25,33
30,player,854,0,0,1507.19,540.36,1603.37,711.37,33
30,player,855,0,0,1500.64,539.48,1596.82,710.49,33
30,player,856,0,0,1494.08,538.61,1590.26,709.62,33
30,player,857,0,0,1487.53,537.73,1583.71,708.74,33
30,player,858,0,0,1480.98,536.86,1577.15,707.86,33
30,player,859,0,0,1474.42,535.98,1570.60,706.99,33
30,player,860,0,0,1467.87,535.10,1564.04,706.11,33
30,player,861,0,0,1461.31,534.23,1557.49,705.24,33
30,player,862,0,0,1454.76,533.35,1550.93,704.36,33
30,player,863,0,0,1448.20,532.47,1544.38,703.48,33
30,player,864,0,0,1441.65,531.60,1537.83,702.61,33
30,player,865,0,0,1435.09,530.72,1531.27,701.73,33
30,player,866,0,0,1428.54,529.85,1524.72,700.85,33
30,player,867,0,0,1421.99,528.97,1518.16,699.98,33
30,player,868,0,0,1415.43,528.09,1511.61,699.10,33
30,player,869,0,0,1408.88,527.22,1505.05,698.23,33
30,player,870,0,0,1402.32,526.34,1498.50,697.35,33
30,player,871,0,0,1395.77,525.46,1491.94,696.47,33
30,player,872,0,0,1389.21,524.59,1485.39,695.60,33
30,player,873,0,0,1382.66,523.71,1478.84,694.72,33
30,player,874,0,0,1376.10,522.83,1472.28,693.84,33
30,player,875,0,0,1369.55,521.96,1465.73,692.97,33
30,player,876,0,0,1363.00,521.08,1459.17,692.09,33
30,player,877,0,0,1356.44,520.21,1452.62,691.22,33
30,player,878,0,0,1349.89,519.33,1446.06,690.34,33
30,player,879,0,0,1343.33,518.45,1439.51,689.46,33
30,player,880,0,0,1336.78,517.58,1432.95,688.59,33
30,player,881,0,0,1330.22,516.70,1426.40,687.71,33
30,player,882,0,0,1323.67,515.82,1419.85,686.83,33
30,player,883,0,0,1317.11,514.95,1413.29,685.96,33
30,player,884,0,0,1310.56,514.07,1406.74,685.08,33
30,player,885,0,0,1304.01,513.20,1400.18,684.21,33
30,player,886,0,0,1297.45,512.32,1393.63,683.33,33
30,player,887,0,0,1290.90,511.44,1387.07,682.45,33
30,player,888,0,0,1284.34,510.57,1380.52,681.58,33
30,player,889,0,0,1277.79,509.69,1373.96,680.70,33
30,player,890,0,0,1271.23,508.81,1367.41,679.82,33
30,player,891,0,0,1264.68,507.94,1360.86,678.95,33
30,player,892,0,0,1264.68,507.94,1360.86,678.95,33
30,player,893,0,0,1264.68,507.94,1360.86,678.95,33
30,player,894,0,0,1264.68,507.94,1360.86,678.95,33
30,player,895,0,0,1264.68,507.94,1360.86,678.95,33
30,player,896,0,0,1264.68,507.94,1360.86,678.95,33
30,player,897,0,0,1264.68,507.94,1360.86,678.95,33
30,player,898,0,0,1264.68,507.94,1360.86,678.95,33
30,player,899,0,0,1264.68,507.94,1360.86,678.95,33
31,player,891,0,0,1512.70,591.35,1596.09,745.25,-1
31,player,892,0,0,1512.70,591.35,1596.09,745.25,-1
31,player,893,0,0,1512.70,591.35,1596.09,745.25,-1
31,player,894,0,0,1512.70,591.35,1596.09,745.25,-1
31,player,895,0,0,1512.70,591.35,1596.09,745.25,-1
31,player,896,0,0,1512.70,591.35,1596.09,745.25,-1
31,player,897,0,0,1512.70,591.35,1596.09,745.25,-1
31,player,898,0,0,1512.70,591.35,1596.09,745.25,-1
31,player,899,0,0,1512.70,591.35,1596.09,745.25,-1
32,player,891,0,0,1386.55,390.39,1472.09,527.16,-1
32,player,892,0,0,1386.55,390.39,1472.09,527.16,-1
32,player,893,0,0,1386.55,390.39,1472.09,527.16,-1
32,player,894,0,0,1386.55,390.39,1472.09,527.16,-1
32,player,895,0,0,1386.55,390.39,1472.09,527.16,-1
32,player,896,0,0,1386.55,390.39,1472.09,527.16,-1
32,player,897,0,0,1386.55,390.39,1472.09,527.16,-1
32,player,898,0,0,1386.55,390.39,1472.09,527.16,-1
32,player,899,0,0,1386.55,390.39,1472.09,527.16,-1
